<results>
	<result value='loss'/>
	<start value='2015-05-05.12:51:43'/>
	<end value='2015-05-05.12:51:50'/>
	<frames value='13766'/>
	<gameDuration value='860'/>

	<player>
		<unitScore value='2675'/>
		<killScore value='800'/>
		<buildingScore value='1000'/>
		<razingScore value='0'/>
		<mineralScore value='3706'/>
		<gasScore value='616'/>
		<totalScore value='8797'/>
	</player>

	<enemy>
		<race value='Protoss'/>
		<unitScore value='3500'/>
		<unitScore value='3500'/>
		<killScore value='4900'/>
		<buildingScore value='2375'/>
		<razingScore value='3000'/>
		<mineralScore value='6818'/>
		<gasScore value='1184'/>
		<totalScore value='21777'/>
	</enemy>

	<scoreRatio value='0.403958'/>
	<timeFitness value='0.119444'/>
	<unitsAverage value='21'/>
</results>
