<results>
	<result value='loss'/>
	<start value='2015-05-05.12:59:40'/>
	<end value='2015-05-05.12:59:47'/>
	<frames value='14448'/>
	<gameDuration value='903'/>

	<player>
		<unitScore value='2925'/>
		<killScore value='600'/>
		<buildingScore value='1475'/>
		<razingScore value='0'/>
		<mineralScore value='4474'/>
		<gasScore value='472'/>
		<totalScore value='9946'/>
	</player>

	<enemy>
		<race value='Protoss'/>
		<unitScore value='3550'/>
		<unitScore value='3550'/>
		<killScore value='5850'/>
		<buildingScore value='2375'/>
		<razingScore value='4425'/>
		<mineralScore value='7306'/>
		<gasScore value='1240'/>
		<totalScore value='24746'/>
	</enemy>

	<scoreRatio value='0.401924'/>
	<timeFitness value='0.125417'/>
	<unitsAverage value='23'/>
</results>
