<results>
	<result value='loss'/>
	<start value='2015-05-05.13:01:00'/>
	<end value='2015-05-05.13:01:17'/>
	<frames value='29979'/>
	<gameDuration value='1873'/>

	<player>
		<unitScore value='8525'/>
		<killScore value='5550'/>
		<buildingScore value='1675'/>
		<razingScore value='0'/>
		<mineralScore value='10618'/>
		<gasScore value='2352'/>
		<totalScore value='28720'/>
	</player>

	<enemy>
		<race value='Protoss'/>
		<unitScore value='14850'/>
		<unitScore value='14850'/>
		<killScore value='17050'/>
		<buildingScore value='6875'/>
		<razingScore value='5025'/>
		<mineralScore value='18954'/>
		<gasScore value='7296'/>
		<totalScore value='70050'/>
	</enemy>

	<scoreRatio value='0.409993'/>
	<timeFitness value='0.260139'/>
	<unitsAverage value='32'/>
</results>
