<results>
	<result value='loss'/>
	<start value='2015-05-05.13:01:21'/>
	<end value='2015-05-05.13:01:29'/>
	<frames value='15409'/>
	<gameDuration value='963'/>

	<player>
		<unitScore value='3500'/>
		<killScore value='900'/>
		<buildingScore value='1425'/>
		<razingScore value='0'/>
		<mineralScore value='4690'/>
		<gasScore value='504'/>
		<totalScore value='11019'/>
	</player>

	<enemy>
		<race value='Protoss'/>
		<unitScore value='3650'/>
		<unitScore value='3650'/>
		<killScore value='7000'/>
		<buildingScore value='3275'/>
		<razingScore value='4275'/>
		<mineralScore value='7970'/>
		<gasScore value='1520'/>
		<totalScore value='27690'/>
	</enemy>

	<scoreRatio value='0.397941'/>
	<timeFitness value='0.13375'/>
	<unitsAverage value='23'/>
</results>
