<results>
	<result value='loss'/>
	<start value='2015-05-05.13:07:38'/>
	<end value='2015-05-05.13:08:10'/>
	<frames value='44642'/>
	<gameDuration value='2790'/>

	<player>
		<unitScore value='23200'/>
		<killScore value='35150'/>
		<buildingScore value='2425'/>
		<razingScore value='750'/>
		<mineralScore value='23798'/>
		<gasScore value='2776'/>
		<totalScore value='88099'/>
	</player>

	<enemy>
		<race value='Protoss'/>
		<unitScore value='36100'/>
		<unitScore value='36100'/>
		<killScore value='46500'/>
		<buildingScore value='7375'/>
		<razingScore value='7275'/>
		<mineralScore value='31474'/>
		<gasScore value='11154'/>
		<totalScore value='139878'/>
	</enemy>

	<scoreRatio value='0.629827'/>
	<timeFitness value='0.3875'/>
	<unitsAverage value='57'/>
</results>
