<results>
	<result value='loss'/>
	<start value='2015-07-11.17:55:59'/>
	<end value='2015-07-11.17:56:44'/>
	<frames value='45448'/>
	<gameDuration value='2840'/>

	<player>
		<unitScore value='26700'/>
		<killScore value='13450'/>
		<buildingScore value='3500'/>
		<razingScore value='1350'/>
		<mineralScore value='31542'/>
		<gasScore value='5256'/>
		<totalScore value='81798'/>
	</player>

	<enemy>
		<race value='Protoss'/>
		<unitScore value='29420'/>
		<killScore value='53600'/>
		<buildingScore value='7575'/>
		<razingScore value='10500'/>
		<mineralScore value='30246'/>
		<gasScore value='10690'/>
		<totalScore value='142031'/>
	</enemy>

	<scoreRatio value='0.575917'/>
	<timeFitness value='0.394444'/>
	<unitsAverage value='92'/>
</results>
