<results>
	<result value='draw'/>
	<start value='2015-07-11.17:59:00'/>
	<end value='2015-07-11.18:00:04'/>
	<frames value='57601'/>
	<gameDuration value='3600'/>

	<player>
		<unitScore value='32050'/>
		<killScore value='20750'/>
		<buildingScore value='6775'/>
		<razingScore value='5175'/>
		<mineralScore value='42082'/>
		<gasScore value='4608'/>
		<totalScore value='111440'/>
	</player>

	<enemy>
		<race value='Protoss'/>
		<unitScore value='16250'/>
		<killScore value='50250'/>
		<buildingScore value='6575'/>
		<razingScore value='13725'/>
		<mineralScore value='19566'/>
		<gasScore value='11026'/>
		<totalScore value='117392'/>
	</enemy>

	<scoreRatio value='0.949298'/>
	<timeFitness value='0.5'/>
	<unitsAverage value='100'/>
</results>
