<results>
	<result value='win'/>
	<start value='2015-05-11.04:08:26'/>
	<end value='2015-05-11.04:09:21'/>
	<frames value='37698'/>
	<gameDuration value='2356'/>

	<player>
		<unitScore value='25300'/>
		<killScore value='41430'/>
		<buildingScore value='4325'/>
		<razingScore value='9840'/>
		<mineralScore value='29002'/>
		<gasScore value='2832'/>
		<totalScore value='112729'/>
	</player>

	<enemy>
		<race value='Zerg'/>
		<unitScore value='18900'/>
		<unitScore value='18900'/>
		<killScore value='26750'/>
		<buildingScore value='3280'/>
		<razingScore value='2175'/>
		<mineralScore value='18326'/>
		<gasScore value='5768'/>
		<totalScore value='75199'/>
	</enemy>

	<scoreRatio value='1.49908'/>
	<timeFitness value='0.672778'/>
	<unitsAverage value='115'/>
</results>
