<results>
	<result value='loss'/>
	<start value='2015-04-28.04:34:56'/>
	<end value='2015-04-28.04:36:27'/>
	<frames value='57383'/>
	<gameDuration value='3586'/>

	<player>
		<unitScore value='25375'/>
		<killScore value='46500'/>
		<buildingScore value='3100'/>
		<razingScore value='10500'/>
		<mineralScore value='27238'/>
		<gasScore value='5324'/>
		<totalScore value='118037'/>
	</player>

	<enemy>
		<race value='Protoss'/>
		<unitScore value='32350'/>
		<unitScore value='32350'/>
		<killScore value='50750'/>
		<buildingScore value='8850'/>
		<razingScore value='9300'/>
		<mineralScore value='35806'/>
		<gasScore value='9884'/>
		<totalScore value='146940'/>
	</enemy>

	<scoreRatio value='0.803301'/>
</results>
