<results>
	<result value='loss'/>
	<start value='2015-05-06.09:09:59'/>
	<end value='2015-05-06.09:10:05'/>
	<frames value='14727'/>
	<gameDuration value='920'/>

	<player>
		<unitScore value='2300'/>
		<killScore value='400'/>
		<buildingScore value='1375'/>
		<razingScore value='0'/>
		<mineralScore value='4106'/>
		<gasScore value='720'/>
		<totalScore value='8901'/>
	</player>

	<enemy>
		<race value='Protoss'/>
		<unitScore value='3550'/>
		<unitScore value='3550'/>
		<killScore value='4600'/>
		<buildingScore value='2525'/>
		<razingScore value='4125'/>
		<mineralScore value='7626'/>
		<gasScore value='1384'/>
		<totalScore value='23810'/>
	</enemy>

	<scoreRatio value='0.373835'/>
	<timeFitness value='0.127778'/>
	<unitsAverage value='22'/>
</results>
