<results>
	<result value='win'/>
	<start value='2015-05-06.09:15:21'/>
	<end value='2015-05-06.09:15:58'/>
	<frames value='44859'/>
	<gameDuration value='2803'/>

	<player>
		<unitScore value='23975'/>
		<killScore value='45550'/>
		<buildingScore value='3950'/>
		<razingScore value='24300'/>
		<mineralScore value='27878'/>
		<gasScore value='3072'/>
		<totalScore value='128725'/>
	</player>

	<enemy>
		<race value='Protoss'/>
		<unitScore value='23550'/>
		<unitScore value='23550'/>
		<killScore value='27550'/>
		<buildingScore value='8100'/>
		<razingScore value='450'/>
		<mineralScore value='27210'/>
		<gasScore value='6816'/>
		<totalScore value='93676'/>
	</enemy>

	<scoreRatio value='1.37415'/>
	<timeFitness value='0.610694'/>
	<unitsAverage value='87'/>
</results>
