<results>
	<result value='loss'/>
	<start value='2015-05-06.09:25:42'/>
	<end value='2015-05-06.09:25:49'/>
	<frames value='17641'/>
	<gameDuration value='1102'/>

	<player>
		<unitScore value='4350'/>
		<killScore value='1200'/>
		<buildingScore value='1300'/>
		<razingScore value='0'/>
		<mineralScore value='5818'/>
		<gasScore value='776'/>
		<totalScore value='13444'/>
	</player>

	<enemy>
		<race value='Protoss'/>
		<unitScore value='4425'/>
		<unitScore value='4425'/>
		<killScore value='8700'/>
		<buildingScore value='3475'/>
		<razingScore value='3900'/>
		<mineralScore value='9282'/>
		<gasScore value='2264'/>
		<totalScore value='32046'/>
	</enemy>

	<scoreRatio value='0.419522'/>
	<timeFitness value='0.153056'/>
	<unitsAverage value='26'/>
</results>
