<results>
	<result value='draw'/>
	<start value='2014-07-04.14:11:12'/>
	<end value='2014-07-04.14:12:19'/>
	<frames value='57601'/>
	<gameDuration value='3600'/>

	<player>
		<unitScore value='26600'/>
		<killScore value='61270'/>
		<buildingScore value='3850'/>
		<razingScore value='3225'/>
		<mineralScore value='37014'/>
		<gasScore value='6032'/>
		<totalScore value='137991'/>
	</player>

	<enemy>
		<race value='Zerg'/>
		<unitScore value='32050'/>
		<unitScore value='32050'/>
		<killScore value='32350'/>
		<buildingScore value='4555'/>
		<razingScore value='2025'/>
		<mineralScore value='25806'/>
		<gasScore value='11854'/>
		<totalScore value='108640'/>
	</enemy>

	<scoreRatio value='1.27017'/>
</results>
