<results>
	<result value='loss'/>
	<start value='2015-05-10.15:20:13'/>
	<end value='2015-05-10.15:20:33'/>
	<frames value='31870'/>
	<gameDuration value='1991'/>

	<player>
		<unitScore value='10100'/>
		<killScore value='5300'/>
		<buildingScore value='3200'/>
		<razingScore value='750'/>
		<mineralScore value='13914'/>
		<gasScore value='1664'/>
		<totalScore value='34928'/>
	</player>

	<enemy>
		<race value='Protoss'/>
		<unitScore value='17000'/>
		<unitScore value='17000'/>
		<killScore value='20300'/>
		<buildingScore value='6375'/>
		<razingScore value='9600'/>
		<mineralScore value='20326'/>
		<gasScore value='7520'/>
		<totalScore value='81121'/>
	</enemy>

	<scoreRatio value='0.430567'/>
	<timeFitness value='0.276528'/>
	<unitsAverage value='40'/>
</results>
