<results>
	<result value='loss'/>
	<start value='2015-05-10.15:24:07'/>
	<end value='2015-05-10.15:24:41'/>
	<frames value='41666'/>
	<gameDuration value='2604'/>

	<player>
		<unitScore value='18150'/>
		<killScore value='27100'/>
		<buildingScore value='2425'/>
		<razingScore value='0'/>
		<mineralScore value='23994'/>
		<gasScore value='3176'/>
		<totalScore value='74845'/>
	</player>

	<enemy>
		<race value='Protoss'/>
		<unitScore value='33525'/>
		<unitScore value='33525'/>
		<killScore value='36300'/>
		<buildingScore value='7475'/>
		<razingScore value='7275'/>
		<mineralScore value='29106'/>
		<gasScore value='12358'/>
		<totalScore value='126039'/>
	</enemy>

	<scoreRatio value='0.593824'/>
	<timeFitness value='0.361667'/>
	<unitsAverage value='68'/>
</results>
