<results>
	<result value='win'/>
	<start value='2015-05-12.00:54:06'/>
	<end value='2015-05-12.00:54:36'/>
	<frames value='27933'/>
	<gameDuration value='1745'/>

	<player>
		<unitScore value='16150'/>
		<killScore value='15200'/>
		<buildingScore value='4275'/>
		<razingScore value='12375'/>
		<mineralScore value='23458'/>
		<gasScore value='2840'/>
		<totalScore value='74298'/>
	</player>

	<enemy>
		<race value='Protoss'/>
		<unitScore value='7950'/>
		<unitScore value='7950'/>
		<killScore value='11850'/>
		<buildingScore value='4125'/>
		<razingScore value='300'/>
		<mineralScore value='11474'/>
		<gasScore value='2448'/>
		<totalScore value='38147'/>
	</enemy>

	<scoreRatio value='1.94768'/>
	<timeFitness value='0.757639'/>
	<unitsAverage value='87'/>
</results>
