<results>
	<result value='loss'/>
	<start value='2015-05-12.01:01:44'/>
	<end value='2015-05-12.01:01:52'/>
	<frames value='16308'/>
	<gameDuration value='1019'/>

	<player>
		<unitScore value='3350'/>
		<killScore value='1000'/>
		<buildingScore value='1875'/>
		<razingScore value='0'/>
		<mineralScore value='5282'/>
		<gasScore value='808'/>
		<totalScore value='12315'/>
	</player>

	<enemy>
		<race value='Protoss'/>
		<unitScore value='3600'/>
		<unitScore value='3600'/>
		<killScore value='6700'/>
		<buildingScore value='3875'/>
		<razingScore value='5625'/>
		<mineralScore value='8626'/>
		<gasScore value='1600'/>
		<totalScore value='30026'/>
	</enemy>

	<scoreRatio value='0.410145'/>
	<timeFitness value='0.141528'/>
	<unitsAverage value='23'/>
</results>
