<results>
	<result value='win'/>
	<start value='2015-05-03.05:55:39'/>
	<end value='2015-05-03.05:56:11'/>
	<frames value='38039'/>
	<gameDuration value='2377'/>

	<player>
		<unitScore value='25650'/>
		<killScore value='34950'/>
		<buildingScore value='4600'/>
		<razingScore value='16725'/>
		<mineralScore value='32182'/>
		<gasScore value='3736'/>
		<totalScore value='117843'/>
	</player>

	<enemy>
		<race value='Protoss'/>
		<unitScore value='17675'/>
		<unitScore value='17675'/>
		<killScore value='29450'/>
		<buildingScore value='5575'/>
		<razingScore value='300'/>
		<mineralScore value='20114'/>
		<gasScore value='4784'/>
		<totalScore value='77898'/>
	</enemy>

	<scoreRatio value='1.51279'/>
	<timeFitness value='0.669861'/>
	<unitsAverage value='101'/>
</results>
