<results>
	<result value='win'/>
	<start value='2015-05-12.01:08:16'/>
	<end value='2015-05-12.01:08:45'/>
	<frames value='26786'/>
	<gameDuration value='1674'/>

	<player>
		<unitScore value='17100'/>
		<killScore value='21400'/>
		<buildingScore value='4200'/>
		<razingScore value='12825'/>
		<mineralScore value='22038'/>
		<gasScore value='2808'/>
		<totalScore value='80371'/>
	</player>

	<enemy>
		<race value='Protoss'/>
		<unitScore value='12200'/>
		<unitScore value='12200'/>
		<killScore value='15050'/>
		<buildingScore value='4275'/>
		<razingScore value='150'/>
		<mineralScore value='11642'/>
		<gasScore value='3456'/>
		<totalScore value='46773'/>
	</enemy>

	<scoreRatio value='1.71832'/>
	<timeFitness value='0.7675'/>
	<unitsAverage value='85'/>
</results>
