<results>
	<result value='win'/>
	<start value='2014-07-10.14:15:32'/>
	<end value='2014-07-10.14:16:17'/>
	<frames value='38380'/>
	<gameDuration value='2398'/>

	<player>
		<unitScore value='27400'/>
		<killScore value='33750'/>
		<buildingScore value='4925'/>
		<razingScore value='19425'/>
		<mineralScore value='35034'/>
		<gasScore value='3904'/>
		<totalScore value='124438'/>
	</player>

	<enemy>
		<race value='Protoss'/>
		<unitScore value='16875'/>
		<unitScore value='16875'/>
		<killScore value='31800'/>
		<buildingScore value='6475'/>
		<razingScore value='150'/>
		<mineralScore value='20106'/>
		<gasScore value='5124'/>
		<totalScore value='80530'/>
	</enemy>

	<scoreRatio value='1.54524'/>
</results>
