<results>
	<result value='loss'/>
	<start value='2014-07-10.14:25:44'/>
	<end value='2014-07-10.14:25:59'/>
	<frames value='32087'/>
	<gameDuration value='2005'/>

	<player>
		<unitScore value='8775'/>
		<killScore value='6000'/>
		<buildingScore value='1775'/>
		<razingScore value='0'/>
		<mineralScore value='10454'/>
		<gasScore value='1416'/>
		<totalScore value='28420'/>
	</player>

	<enemy>
		<race value='Protoss'/>
		<unitScore value='18000'/>
		<unitScore value='18000'/>
		<killScore value='17550'/>
		<buildingScore value='6875'/>
		<razingScore value='5325'/>
		<mineralScore value='20890'/>
		<gasScore value='8184'/>
		<totalScore value='76824'/>
	</enemy>

	<scoreRatio value='0.369936'/>
</results>
