<results>
	<result value='win'/>
	<start value='2015-04-13.09:40:30'/>
	<end value='2015-04-13.09:41:32'/>
	<frames value='29545'/>
	<gameDuration value='1846'/>

	<player>
		<unitScore value='19325'/>
		<killScore value='25050'/>
		<buildingScore value='4325'/>
		<razingScore value='16725'/>
		<mineralScore value='31874'/>
		<gasScore value='3144'/>
		<totalScore value='100443'/>
	</player>

	<enemy>
		<race value='Protoss'/>
		<unitScore value='13450'/>
		<unitScore value='13450'/>
		<killScore value='16200'/>
		<buildingScore value='5575'/>
		<razingScore value='150'/>
		<mineralScore value='17238'/>
		<gasScore value='3672'/>
		<totalScore value='56285'/>
	</enemy>

	<scoreRatio value='1.78454'/>
</results>
