<results>
	<result value='loss'/>
	<start value='2015-04-13.09:47:20'/>
	<end value='2015-04-13.09:47:34'/>
	<frames value='16029'/>
	<gameDuration value='1001'/>

	<player>
		<unitScore value='3250'/>
		<killScore value='1200'/>
		<buildingScore value='1475'/>
		<razingScore value='0'/>
		<mineralScore value='5002'/>
		<gasScore value='944'/>
		<totalScore value='11871'/>
	</player>

	<enemy>
		<race value='Protoss'/>
		<unitScore value='3550'/>
		<unitScore value='3550'/>
		<killScore value='6500'/>
		<buildingScore value='3525'/>
		<razingScore value='4425'/>
		<mineralScore value='8482'/>
		<gasScore value='1608'/>
		<totalScore value='28090'/>
	</enemy>

	<scoreRatio value='0.422606'/>
</results>
