<results>
	<result value='loss'/>
	<start value='2015-05-10.15:04:14'/>
	<end value='2015-05-10.15:04:22'/>
	<frames value='15409'/>
	<gameDuration value='963'/>

	<player>
		<unitScore value='2800'/>
		<killScore value='800'/>
		<buildingScore value='1575'/>
		<razingScore value='0'/>
		<mineralScore value='4770'/>
		<gasScore value='784'/>
		<totalScore value='10729'/>
	</player>

	<enemy>
		<race value='Protoss'/>
		<unitScore value='3550'/>
		<unitScore value='3550'/>
		<killScore value='5600'/>
		<buildingScore value='3075'/>
		<razingScore value='4725'/>
		<mineralScore value='8170'/>
		<gasScore value='1496'/>
		<totalScore value='26616'/>
	</enemy>

	<scoreRatio value='0.403103'/>
	<timeFitness value='0.13375'/>
	<unitsAverage value='24'/>
</results>
