<results>
	<result value='win'/>
	<start value='2015-04-28.21:38:15'/>
	<end value='2015-04-28.21:39:05'/>
	<frames value='40271'/>
	<gameDuration value='2516'/>

	<player>
		<unitScore value='29975'/>
		<killScore value='37200'/>
		<buildingScore value='4700'/>
		<razingScore value='19050'/>
		<mineralScore value='37874'/>
		<gasScore value='3072'/>
		<totalScore value='131871'/>
	</player>

	<enemy>
		<race value='Protoss'/>
		<unitScore value='19400'/>
		<unitScore value='19400'/>
		<killScore value='35150'/>
		<buildingScore value='6350'/>
		<razingScore value='150'/>
		<mineralScore value='21626'/>
		<gasScore value='4824'/>
		<totalScore value='87500'/>
	</enemy>

	<scoreRatio value='1.5071'/>
	<timeFitness value='0.650556'/>
	<unitsAverage value='145'/>
</results>
