<results>
	<result value='draw'/>
	<start value='2015-04-28.21:48:16'/>
	<end value='2015-04-28.21:49:21'/>
	<frames value='57601'/>
	<gameDuration value='3600'/>

	<player>
		<unitScore value='31900'/>
		<killScore value='49400'/>
		<buildingScore value='3550'/>
		<razingScore value='8400'/>
		<mineralScore value='33054'/>
		<gasScore value='6648'/>
		<totalScore value='132952'/>
	</player>

	<enemy>
		<race value='Protoss'/>
		<unitScore value='32100'/>
		<unitScore value='32100'/>
		<killScore value='55050'/>
		<buildingScore value='7375'/>
		<razingScore value='300'/>
		<mineralScore value='29902'/>
		<gasScore value='11070'/>
		<totalScore value='135797'/>
	</enemy>

	<scoreRatio value='0.97905'/>
	<timeFitness value='0.5'/>
	<unitsAverage value='129'/>
</results>
