<results>
	<result value='win'/>
	<start value='2015-07-11.22:30:44'/>
	<end value='2015-07-11.22:31:01'/>
	<frames value='17796'/>
	<gameDuration value='1112'/>

	<player>
		<unitScore value='8375'/>
		<killScore value='8100'/>
		<buildingScore value='2225'/>
		<razingScore value='3975'/>
		<mineralScore value='10202'/>
		<gasScore value='1952'/>
		<totalScore value='34829'/>
	</player>

	<enemy>
		<race value='Terran'/>
		<unitScore value='4050'/>
		<killScore value='3650'/>
		<buildingScore value='1325'/>
		<razingScore value='0'/>
		<mineralScore value='5970'/>
		<gasScore value='1320'/>
		<totalScore value='16315'/>
	</enemy>

	<scoreRatio value='2.13478'/>
	<timeFitness value='0.845556'/>
	<unitsAverage value='50'/>
</results>
