<results>
	<result value='loss'/>
	<start value='2015-07-11.22:31:53'/>
	<end value='2015-07-11.22:32:10'/>
	<frames value='20431'/>
	<gameDuration value='1276'/>

	<player>
		<unitScore value='6925'/>
		<killScore value='2850'/>
		<buildingScore value='1175'/>
		<razingScore value='0'/>
		<mineralScore value='10242'/>
		<gasScore value='1592'/>
		<totalScore value='22784'/>
	</player>

	<enemy>
		<race value='Terran'/>
		<unitScore value='7600'/>
		<killScore value='11650'/>
		<buildingScore value='2350'/>
		<razingScore value='3525'/>
		<mineralScore value='9650'/>
		<gasScore value='3280'/>
		<totalScore value='38055'/>
	</enemy>

	<scoreRatio value='0.598712'/>
	<timeFitness value='0.177222'/>
	<unitsAverage value='39'/>
</results>
