<results>
	<result value='win'/>
	<start value='2015-04-17.03:11:38'/>
	<end value='2015-04-17.03:13:14'/>
	<frames value='36148'/>
	<gameDuration value='2259'/>

	<player>
		<unitScore value='25825'/>
		<killScore value='30900'/>
		<buildingScore value='4225'/>
		<razingScore value='19650'/>
		<mineralScore value='37078'/>
		<gasScore value='3736'/>
		<totalScore value='121414'/>
	</player>

	<enemy>
		<race value='Protoss'/>
		<unitScore value='18200'/>
		<unitScore value='18200'/>
		<killScore value='24850'/>
		<buildingScore value='6550'/>
		<razingScore value='0'/>
		<mineralScore value='17354'/>
		<gasScore value='5006'/>
		<totalScore value='71960'/>
	</enemy>

	<scoreRatio value='1.68724'/>
</results>
