<results>
	<result value='loss'/>
	<start value='2015-04-17.03:13:18'/>
	<end value='2015-04-17.03:14:36'/>
	<frames value='48827'/>
	<gameDuration value='3051'/>

	<player>
		<unitScore value='23175'/>
		<killScore value='31050'/>
		<buildingScore value='3025'/>
		<razingScore value='6450'/>
		<mineralScore value='25530'/>
		<gasScore value='3304'/>
		<totalScore value='92534'/>
	</player>

	<enemy>
		<race value='Protoss'/>
		<unitScore value='21000'/>
		<unitScore value='21000'/>
		<killScore value='46350'/>
		<buildingScore value='8075'/>
		<razingScore value='9075'/>
		<mineralScore value='30202'/>
		<gasScore value='10012'/>
		<totalScore value='124714'/>
	</enemy>

	<scoreRatio value='0.74197'/>
</results>
