<results>
	<result value='win'/>
	<start value='2015-04-08.06:35:56'/>
	<end value='2015-04-08.06:36:28'/>
	<frames value='30785'/>
	<gameDuration value='1924'/>

	<player>
		<unitScore value='17625'/>
		<killScore value='15500'/>
		<buildingScore value='4075'/>
		<razingScore value='15225'/>
		<mineralScore value='26410'/>
		<gasScore value='2216'/>
		<totalScore value='81051'/>
	</player>

	<enemy>
		<race value='Protoss'/>
		<unitScore value='7750'/>
		<unitScore value='7750'/>
		<killScore value='10350'/>
		<buildingScore value='5075'/>
		<razingScore value='1350'/>
		<mineralScore value='14226'/>
		<gasScore value='3536'/>
		<totalScore value='42287'/>
	</enemy>

	<scoreRatio value='1.91669'/>
</results>
