<results>
	<result value='win'/>
	<start value='2015-04-10.23:37:14'/>
	<end value='2015-04-10.23:39:05'/>
	<frames value='37202'/>
	<gameDuration value='2325'/>

	<player>
		<unitScore value='19050'/>
		<killScore value='13400'/>
		<buildingScore value='5075'/>
		<razingScore value='13125'/>
		<mineralScore value='34322'/>
		<gasScore value='3920'/>
		<totalScore value='88892'/>
	</player>

	<enemy>
		<race value='Protoss'/>
		<unitScore value='6700'/>
		<unitScore value='6700'/>
		<killScore value='14500'/>
		<buildingScore value='4375'/>
		<razingScore value='0'/>
		<mineralScore value='16282'/>
		<gasScore value='1016'/>
		<totalScore value='42873'/>
	</enemy>

	<scoreRatio value='2.07338'/>
</results>
