<results>
	<result value='loss'/>
	<start value='2015-03-29.22:12:21'/>
	<end value='2015-03-29.22:13:14'/>
	<frames value='46564'/>
	<gameDuration value='2910'/>

	<player>
		<unitScore value='15925'/>
		<killScore value='13100'/>
		<buildingScore value='2550'/>
		<razingScore value='300'/>
		<mineralScore value='16306'/>
		<gasScore value='2560'/>
		<totalScore value='50741'/>
	</player>

	<enemy>
		<race value='Protoss'/>
		<unitScore value='11350'/>
		<unitScore value='11350'/>
		<killScore value='31950'/>
		<buildingScore value='5875'/>
		<razingScore value='7650'/>
		<mineralScore value='33154'/>
		<gasScore value='12434'/>
		<totalScore value='102413'/>
	</enemy>

	<scoreRatio value='0.495455'/>
</results>
