<results>
	<result value='loss'/>
	<start value='2015-03-29.22:20:06'/>
	<end value='2015-03-29.22:20:45'/>
	<frames value='39093'/>
	<gameDuration value='2443'/>

	<player>
		<unitScore value='11650'/>
		<killScore value='15000'/>
		<buildingScore value='1700'/>
		<razingScore value='0'/>
		<mineralScore value='12218'/>
		<gasScore value='3296'/>
		<totalScore value='43864'/>
	</player>

	<enemy>
		<race value='Protoss'/>
		<unitScore value='25450'/>
		<unitScore value='25450'/>
		<killScore value='23550'/>
		<buildingScore value='7225'/>
		<razingScore value='5100'/>
		<mineralScore value='25722'/>
		<gasScore value='10160'/>
		<totalScore value='97207'/>
	</enemy>

	<scoreRatio value='0.451243'/>
</results>
