<results>
	<result value='loss'/>
	<start value='2015-04-15.00:18:11'/>
	<end value='2015-04-15.00:18:18'/>
	<frames value='15874'/>
	<gameDuration value='992'/>

	<player>
		<unitScore value='3475'/>
		<killScore value='200'/>
		<buildingScore value='1475'/>
		<razingScore value='0'/>
		<mineralScore value='5258'/>
		<gasScore value='776'/>
		<totalScore value='11184'/>
	</player>

	<enemy>
		<race value='Protoss'/>
		<unitScore value='3800'/>
		<unitScore value='3800'/>
		<killScore value='6850'/>
		<buildingScore value='3225'/>
		<razingScore value='4425'/>
		<mineralScore value='8106'/>
		<gasScore value='1352'/>
		<totalScore value='27758'/>
	</enemy>

	<scoreRatio value='0.402911'/>
</results>
