<results>
	<result value='win'/>
	<start value='2015-05-04.19:49:41'/>
	<end value='2015-05-04.19:50:20'/>
	<frames value='30661'/>
	<gameDuration value='1916'/>

	<player>
		<unitScore value='24650'/>
		<killScore value='24300'/>
		<buildingScore value='3925'/>
		<razingScore value='5820'/>
		<mineralScore value='33110'/>
		<gasScore value='0'/>
		<totalScore value='91805'/>
	</player>

	<enemy>
		<race value='Zerg'/>
		<unitScore value='11475'/>
		<unitScore value='11475'/>
		<killScore value='33300'/>
		<buildingScore value='1940'/>
		<razingScore value='1200'/>
		<mineralScore value='11046'/>
		<gasScore value='3336'/>
		<totalScore value='62297'/>
	</enemy>

	<scoreRatio value='1.47367'/>
	<timeFitness value='0.733889'/>
	<unitsAverage value='93'/>
</results>
