<results>
	<result value='win'/>
	<start value='2015-05-11.00:54:35'/>
	<end value='2015-05-11.00:56:15'/>
	<frames value='47029'/>
	<gameDuration value='2939'/>

	<player>
		<unitScore value='29525'/>
		<killScore value='47550'/>
		<buildingScore value='4700'/>
		<razingScore value='9600'/>
		<mineralScore value='41506'/>
		<gasScore value='6208'/>
		<totalScore value='139089'/>
	</player>

	<enemy>
		<race value='Zerg'/>
		<unitScore value='22125'/>
		<unitScore value='22125'/>
		<killScore value='36300'/>
		<buildingScore value='2900'/>
		<razingScore value='450'/>
		<mineralScore value='21506'/>
		<gasScore value='5638'/>
		<totalScore value='88919'/>
	</enemy>

	<scoreRatio value='1.56422'/>
	<timeFitness value='0.591806'/>
	<unitsAverage value='167'/>
</results>
