<results>
	<result value='win'/>
	<start value='2015-05-11.01:08:47'/>
	<end value='2015-05-11.01:09:28'/>
	<frames value='29483'/>
	<gameDuration value='1842'/>

	<player>
		<unitScore value='16750'/>
		<killScore value='18990'/>
		<buildingScore value='4175'/>
		<razingScore value='6300'/>
		<mineralScore value='27426'/>
		<gasScore value='2144'/>
		<totalScore value='75785'/>
	</player>

	<enemy>
		<race value='Zerg'/>
		<unitScore value='9025'/>
		<unitScore value='9025'/>
		<killScore value='9300'/>
		<buildingScore value='2100'/>
		<razingScore value='0'/>
		<mineralScore value='9354'/>
		<gasScore value='2936'/>
		<totalScore value='32715'/>
	</enemy>

	<scoreRatio value='2.31652'/>
	<timeFitness value='0.744167'/>
	<unitsAverage value='108'/>
</results>
