<results>
	<result value='win'/>
	<start value='2015-05-04.20:06:50'/>
	<end value='2015-05-04.20:07:41'/>
	<frames value='36427'/>
	<gameDuration value='2276'/>

	<player>
		<unitScore value='29450'/>
		<killScore value='29005'/>
		<buildingScore value='3750'/>
		<razingScore value='6510'/>
		<mineralScore value='35510'/>
		<gasScore value='0'/>
		<totalScore value='104225'/>
	</player>

	<enemy>
		<race value='Zerg'/>
		<unitScore value='14200'/>
		<unitScore value='14200'/>
		<killScore value='41400'/>
		<buildingScore value='2170'/>
		<razingScore value='0'/>
		<mineralScore value='14514'/>
		<gasScore value='5064'/>
		<totalScore value='77348'/>
	</enemy>

	<scoreRatio value='1.34748'/>
	<timeFitness value='0.683889'/>
	<unitsAverage value='102'/>
</results>
