<results>
	<result value='win'/>
	<start value='2015-05-11.01:11:35'/>
	<end value='2015-05-11.01:13:28'/>
	<frames value='53508'/>
	<gameDuration value='3344'/>

	<player>
		<unitScore value='21550'/>
		<killScore value='28970'/>
		<buildingScore value='5650'/>
		<razingScore value='8355'/>
		<mineralScore value='49942'/>
		<gasScore value='6614'/>
		<totalScore value='121081'/>
	</player>

	<enemy>
		<race value='Zerg'/>
		<unitScore value='12950'/>
		<unitScore value='12950'/>
		<killScore value='19500'/>
		<buildingScore value='2785'/>
		<razingScore value='375'/>
		<mineralScore value='12762'/>
		<gasScore value='4984'/>
		<totalScore value='53356'/>
	</enemy>

	<scoreRatio value='2.2693'/>
	<timeFitness value='0.535556'/>
	<unitsAverage value='171'/>
</results>
