<results>
	<result value='win'/>
	<start value='2015-04-07.19:46:18'/>
	<end value='2015-04-07.19:47:00'/>
	<frames value='36861'/>
	<gameDuration value='2303'/>

	<player>
		<unitScore value='21875'/>
		<killScore value='20900'/>
		<buildingScore value='4375'/>
		<razingScore value='18525'/>
		<mineralScore value='29186'/>
		<gasScore value='2416'/>
		<totalScore value='97277'/>
	</player>

	<enemy>
		<race value='Protoss'/>
		<unitScore value='10900'/>
		<unitScore value='10900'/>
		<killScore value='15800'/>
		<buildingScore value='6175'/>
		<razingScore value='1575'/>
		<mineralScore value='15950'/>
		<gasScore value='4544'/>
		<totalScore value='54944'/>
	</enemy>

	<scoreRatio value='1.77048'/>
</results>
