<results>
	<result value='win'/>
	<start value='2015-05-04.09:48:54'/>
	<end value='2015-05-04.09:49:16'/>
	<frames value='27003'/>
	<gameDuration value='1687'/>

	<player>
		<unitScore value='11200'/>
		<killScore value='20550'/>
		<buildingScore value='3700'/>
		<razingScore value='7350'/>
		<mineralScore value='15530'/>
		<gasScore value='1904'/>
		<totalScore value='60234'/>
	</player>

	<enemy>
		<race value='Terran'/>
		<unitScore value='10275'/>
		<unitScore value='10275'/>
		<killScore value='7900'/>
		<buildingScore value='2450'/>
		<razingScore value='3450'/>
		<mineralScore value='10234'/>
		<gasScore value='3856'/>
		<totalScore value='38165'/>
	</enemy>

	<scoreRatio value='1.57825'/>
	<timeFitness value='0.765694'/>
	<unitsAverage value='67'/>
</results>
