<results>
	<result value='win'/>
	<start value='2015-05-04.09:52:41'/>
	<end value='2015-05-04.09:53:07'/>
	<frames value='26507'/>
	<gameDuration value='1656'/>

	<player>
		<unitScore value='13400'/>
		<killScore value='24500'/>
		<buildingScore value='4350'/>
		<razingScore value='8550'/>
		<mineralScore value='23810'/>
		<gasScore value='2816'/>
		<totalScore value='77426'/>
	</player>

	<enemy>
		<race value='Terran'/>
		<unitScore value='12950'/>
		<unitScore value='12950'/>
		<killScore value='6950'/>
		<buildingScore value='2850'/>
		<razingScore value='0'/>
		<mineralScore value='11426'/>
		<gasScore value='4576'/>
		<totalScore value='38752'/>
	</enemy>

	<scoreRatio value='1.99799'/>
	<timeFitness value='0.77'/>
	<unitsAverage value='87'/>
</results>
