<results>
	<result value='win'/>
	<start value='2015-05-04.09:57:20'/>
	<end value='2015-05-04.09:57:51'/>
	<frames value='29390'/>
	<gameDuration value='1836'/>

	<player>
		<unitScore value='16475'/>
		<killScore value='19150'/>
		<buildingScore value='4725'/>
		<razingScore value='9075'/>
		<mineralScore value='22322'/>
		<gasScore value='3440'/>
		<totalScore value='75187'/>
	</player>

	<enemy>
		<race value='Terran'/>
		<unitScore value='9575'/>
		<unitScore value='9575'/>
		<killScore value='10200'/>
		<buildingScore value='3025'/>
		<razingScore value='2025'/>
		<mineralScore value='10650'/>
		<gasScore value='3624'/>
		<totalScore value='39099'/>
	</enemy>

	<scoreRatio value='1.92299'/>
	<timeFitness value='0.745'/>
	<unitsAverage value='90'/>
</results>
