<results>
	<result value='loss'/>
	<start value='2015-05-04.10:00:16'/>
	<end value='2015-05-04.10:00:49'/>
	<frames value='49354'/>
	<gameDuration value='3084'/>

	<player>
		<unitScore value='12000'/>
		<killScore value='12600'/>
		<buildingScore value='2925'/>
		<razingScore value='1575'/>
		<mineralScore value='15306'/>
		<gasScore value='2576'/>
		<totalScore value='46982'/>
	</player>

	<enemy>
		<race value='Terran'/>
		<unitScore value='20575'/>
		<unitScore value='20575'/>
		<killScore value='24000'/>
		<buildingScore value='4825'/>
		<razingScore value='8775'/>
		<mineralScore value='18742'/>
		<gasScore value='10934'/>
		<totalScore value='87851'/>
	</enemy>

	<scoreRatio value='0.534792'/>
	<timeFitness value='0.428333'/>
	<unitsAverage value='44'/>
</results>
