<results>
	<result value='draw'/>
	<start value='2015-05-04.10:06:33'/>
	<end value='2015-05-04.10:07:02'/>
	<frames value='57601'/>
	<gameDuration value='3600'/>

	<player>
		<unitScore value='6675'/>
		<killScore value='8600'/>
		<buildingScore value='2500'/>
		<razingScore value='0'/>
		<mineralScore value='9178'/>
		<gasScore value='1904'/>
		<totalScore value='28857'/>
	</player>

	<enemy>
		<race value='Terran'/>
		<unitScore value='24600'/>
		<unitScore value='24600'/>
		<killScore value='13350'/>
		<buildingScore value='4550'/>
		<razingScore value='7200'/>
		<mineralScore value='19550'/>
		<gasScore value='12430'/>
		<totalScore value='81680'/>
	</enemy>

	<scoreRatio value='0.353293'/>
	<timeFitness value='0.5'/>
	<unitsAverage value='17'/>
</results>
