<results>
	<result value='loss'/>
	<start value='2015-05-02.17:35:47'/>
	<end value='2015-05-02.17:35:56'/>
	<frames value='15440'/>
	<gameDuration value='965'/>

	<player>
		<unitScore value='3000'/>
		<killScore value='1400'/>
		<buildingScore value='1225'/>
		<razingScore value='0'/>
		<mineralScore value='4202'/>
		<gasScore value='232'/>
		<totalScore value='10059'/>
	</player>

	<enemy>
		<race value='Protoss'/>
		<unitScore value='3550'/>
		<unitScore value='3550'/>
		<killScore value='6000'/>
		<buildingScore value='2925'/>
		<razingScore value='3675'/>
		<mineralScore value='7946'/>
		<gasScore value='1400'/>
		<totalScore value='25496'/>
	</enemy>

	<scoreRatio value='0.394532'/>
	<timeFitness value='0.134028'/>
	<unitsAverage value='21'/>
</results>
