<results>
	<result value='loss'/>
	<start value='2015-05-09.20:27:39'/>
	<end value='2015-05-09.20:28:24'/>
	<frames value='43867'/>
	<gameDuration value='2741'/>

	<player>
		<unitScore value='22075'/>
		<killScore value='30200'/>
		<buildingScore value='3675'/>
		<razingScore value='1050'/>
		<mineralScore value='23990'/>
		<gasScore value='4760'/>
		<totalScore value='85750'/>
	</player>

	<enemy>
		<race value='Protoss'/>
		<unitScore value='33500'/>
		<unitScore value='33500'/>
		<killScore value='44250'/>
		<buildingScore value='7175'/>
		<razingScore value='11025'/>
		<mineralScore value='29866'/>
		<gasScore value='10324'/>
		<totalScore value='136140'/>
	</enemy>

	<scoreRatio value='0.629866'/>
	<timeFitness value='0.380694'/>
	<unitsAverage value='78'/>
</results>
