<results>
	<result value='loss'/>
	<start value='2015-05-09.20:33:30'/>
	<end value='2015-05-09.20:33:58'/>
	<frames value='40488'/>
	<gameDuration value='2530'/>

	<player>
		<unitScore value='12550'/>
		<killScore value='9800'/>
		<buildingScore value='2200'/>
		<razingScore value='0'/>
		<mineralScore value='13810'/>
		<gasScore value='3416'/>
		<totalScore value='41776'/>
	</player>

	<enemy>
		<race value='Protoss'/>
		<unitScore value='24850'/>
		<unitScore value='24850'/>
		<killScore value='24950'/>
		<buildingScore value='7475'/>
		<razingScore value='6600'/>
		<mineralScore value='25274'/>
		<gasScore value='10730'/>
		<totalScore value='99879'/>
	</enemy>

	<scoreRatio value='0.418266'/>
	<timeFitness value='0.351389'/>
	<unitsAverage value='37'/>
</results>
