<results>
	<result value='win'/>
	<start value='2015-05-09.20:37:36'/>
	<end value='2015-05-09.20:37:57'/>
	<frames value='23500'/>
	<gameDuration value='1468'/>

	<player>
		<unitScore value='10900'/>
		<killScore value='10700'/>
		<buildingScore value='2900'/>
		<razingScore value='10200'/>
		<mineralScore value='15030'/>
		<gasScore value='1864'/>
		<totalScore value='51594'/>
	</player>

	<enemy>
		<race value='Protoss'/>
		<unitScore value='5350'/>
		<unitScore value='5350'/>
		<killScore value='7400'/>
		<buildingScore value='3400'/>
		<razingScore value='150'/>
		<mineralScore value='9714'/>
		<gasScore value='2280'/>
		<totalScore value='28294'/>
	</enemy>

	<scoreRatio value='1.8235'/>
	<timeFitness value='0.796111'/>
	<unitsAverage value='63'/>
</results>
