<results>
	<result value='loss'/>
	<start value='2015-07-20.13:56:19'/>
	<end value='2015-07-20.13:56:24'/>
	<frames value='7845'/>
	<gameDuration value='490'/>

	<player>
		<unitScore value='1050'/>
		<killScore value='100'/>
		<buildingScore value='575'/>
		<razingScore value='0'/>
		<mineralScore value='1370'/>
		<gasScore value='24'/>
		<totalScore value='3119'/>
	</player>

	<enemy>
		<race value='Zerg'/>
		<unitScore value='1300'/>
		<killScore value='2000'/>
		<buildingScore value='780'/>
		<razingScore value='1725'/>
		<mineralScore value='2154'/>
		<gasScore value='72'/>
		<totalScore value='8031'/>
	</enemy>

	<scoreRatio value='0.38837'/>
	<timeFitness value='0.0680556'/>
	<unitsAverage value='10'/>
</results>
