<results>
	<result value='loss'/>
	<start value='2015-07-20.14:08:17'/>
	<end value='2015-07-20.14:09:00'/>
	<frames value='29514'/>
	<gameDuration value='1844'/>

	<player>
		<unitScore value='17800'/>
		<killScore value='10050'/>
		<buildingScore value='3425'/>
		<razingScore value='0'/>
		<mineralScore value='23034'/>
		<gasScore value='2616'/>
		<totalScore value='56925'/>
	</player>

	<enemy>
		<race value='Zerg'/>
		<unitScore value='15375'/>
		<killScore value='31000'/>
		<buildingScore value='3570'/>
		<razingScore value='10275'/>
		<mineralScore value='18786'/>
		<gasScore value='6264'/>
		<totalScore value='85270'/>
	</enemy>

	<scoreRatio value='0.667585'/>
	<timeFitness value='0.256111'/>
	<unitsAverage value='75'/>
</results>
