<results>
	<result value='win'/>
	<start value='2015-04-30.06:21:58'/>
	<end value='2015-04-30.06:22:28'/>
	<frames value='28336'/>
	<gameDuration value='1771'/>

	<player>
		<unitScore value='16900'/>
		<killScore value='16710'/>
		<buildingScore value='2100'/>
		<razingScore value='6360'/>
		<mineralScore value='19850'/>
		<gasScore value='0'/>
		<totalScore value='61920'/>
	</player>

	<enemy>
		<race value='Zerg'/>
		<unitScore value='8200'/>
		<unitScore value='8200'/>
		<killScore value='23100'/>
		<buildingScore value='2120'/>
		<razingScore value='0'/>
		<mineralScore value='9090'/>
		<gasScore value='2480'/>
		<totalScore value='44990'/>
	</enemy>

	<scoreRatio value='1.37631'/>
</results>
