<results>
	<result value='win'/>
	<start value='2015-04-28.02:41:02'/>
	<end value='2015-04-28.02:41:29'/>
	<frames value='24740'/>
	<gameDuration value='1546'/>

	<player>
		<unitScore value='15850'/>
		<killScore value='15650'/>
		<buildingScore value='4075'/>
		<razingScore value='4350'/>
		<mineralScore value='25494'/>
		<gasScore value='2104'/>
		<totalScore value='67523'/>
	</player>

	<enemy>
		<race value='Terran'/>
		<unitScore value='7825'/>
		<unitScore value='7825'/>
		<killScore value='12450'/>
		<buildingScore value='1450'/>
		<razingScore value='150'/>
		<mineralScore value='11926'/>
		<gasScore value='2216'/>
		<totalScore value='36017'/>
	</enemy>

	<scoreRatio value='1.87475'/>
</results>
