<results>
	<result value='win'/>
	<start value='2015-04-28.02:48:35'/>
	<end value='2015-04-28.02:49:05'/>
	<frames value='26414'/>
	<gameDuration value='1650'/>

	<player>
		<unitScore value='15325'/>
		<killScore value='17550'/>
		<buildingScore value='3600'/>
		<razingScore value='6300'/>
		<mineralScore value='25830'/>
		<gasScore value='1944'/>
		<totalScore value='70549'/>
	</player>

	<enemy>
		<race value='Terran'/>
		<unitScore value='8775'/>
		<unitScore value='8775'/>
		<killScore value='10300'/>
		<buildingScore value='2100'/>
		<razingScore value='375'/>
		<mineralScore value='11402'/>
		<gasScore value='3488'/>
		<totalScore value='36440'/>
	</enemy>

	<scoreRatio value='1.93603'/>
</results>
