<results>
	<result value='win'/>
	<start value='2015-05-04.02:56:33'/>
	<end value='2015-05-04.02:56:50'/>
	<frames value='26042'/>
	<gameDuration value='1627'/>

	<player>
		<unitScore value='13300'/>
		<killScore value='11500'/>
		<buildingScore value='3550'/>
		<razingScore value='10500'/>
		<mineralScore value='18962'/>
		<gasScore value='2192'/>
		<totalScore value='60004'/>
	</player>

	<enemy>
		<race value='Protoss'/>
		<unitScore value='5750'/>
		<unitScore value='5750'/>
		<killScore value='10100'/>
		<buildingScore value='3500'/>
		<razingScore value='150'/>
		<mineralScore value='11706'/>
		<gasScore value='1560'/>
		<totalScore value='32766'/>
	</enemy>

	<scoreRatio value='1.83129'/>
	<timeFitness value='0.774028'/>
	<unitsAverage value='71'/>
</results>
