<results>
	<result value='loss'/>
	<start value='2015-05-10.09:43:35'/>
	<end value='2015-05-10.09:43:41'/>
	<frames value='16060'/>
	<gameDuration value='1003'/>

	<player>
		<unitScore value='3500'/>
		<killScore value='1000'/>
		<buildingScore value='1500'/>
		<razingScore value='0'/>
		<mineralScore value='4978'/>
		<gasScore value='832'/>
		<totalScore value='11810'/>
	</player>

	<enemy>
		<race value='Protoss'/>
		<unitScore value='5025'/>
		<unitScore value='5025'/>
		<killScore value='7000'/>
		<buildingScore value='3075'/>
		<razingScore value='4500'/>
		<mineralScore value='8266'/>
		<gasScore value='2136'/>
		<totalScore value='30002'/>
	</enemy>

	<scoreRatio value='0.39364'/>
	<timeFitness value='0.139306'/>
	<unitsAverage value='25'/>
</results>
