<results>
	<result value='win'/>
	<start value='2015-05-04.02:58:19'/>
	<end value='2015-05-04.02:58:44'/>
	<frames value='32800'/>
	<gameDuration value='2050'/>

	<player>
		<unitScore value='17725'/>
		<killScore value='23100'/>
		<buildingScore value='3100'/>
		<razingScore value='19575'/>
		<mineralScore value='21802'/>
		<gasScore value='3176'/>
		<totalScore value='88478'/>
	</player>

	<enemy>
		<race value='Protoss'/>
		<unitScore value='11775'/>
		<unitScore value='11775'/>
		<killScore value='18900'/>
		<buildingScore value='6525'/>
		<razingScore value='450'/>
		<mineralScore value='18738'/>
		<gasScore value='4896'/>
		<totalScore value='61284'/>
	</enemy>

	<scoreRatio value='1.44374'/>
	<timeFitness value='0.715278'/>
	<unitsAverage value='78'/>
</results>
