<results>
	<result value='loss'/>
	<start value='2015-05-10.09:51:24'/>
	<end value='2015-05-10.09:52:17'/>
	<frames value='55771'/>
	<gameDuration value='3485'/>

	<player>
		<unitScore value='29350'/>
		<killScore value='45950'/>
		<buildingScore value='3250'/>
		<razingScore value='4050'/>
		<mineralScore value='31230'/>
		<gasScore value='5672'/>
		<totalScore value='119502'/>
	</player>

	<enemy>
		<race value='Protoss'/>
		<unitScore value='36975'/>
		<unitScore value='36975'/>
		<killScore value='58700'/>
		<buildingScore value='7325'/>
		<razingScore value='9750'/>
		<mineralScore value='31830'/>
		<gasScore value='11298'/>
		<totalScore value='155878'/>
	</enemy>

	<scoreRatio value='0.766638'/>
	<timeFitness value='0.484028'/>
	<unitsAverage value='95'/>
</results>
