<results>
	<result value='win'/>
	<start value='2015-05-04.03:03:30'/>
	<end value='2015-05-04.03:03:51'/>
	<frames value='27003'/>
	<gameDuration value='1687'/>

	<player>
		<unitScore value='13925'/>
		<killScore value='14900'/>
		<buildingScore value='4650'/>
		<razingScore value='13125'/>
		<mineralScore value='20550'/>
		<gasScore value='2240'/>
		<totalScore value='69390'/>
	</player>

	<enemy>
		<race value='Protoss'/>
		<unitScore value='7800'/>
		<unitScore value='7800'/>
		<killScore value='8750'/>
		<buildingScore value='4375'/>
		<razingScore value='1350'/>
		<mineralScore value='10954'/>
		<gasScore value='1744'/>
		<totalScore value='34973'/>
	</enemy>

	<scoreRatio value='1.9841'/>
	<timeFitness value='0.765694'/>
	<unitsAverage value='79'/>
</results>
