<results>
	<result value='loss'/>
	<start value='2015-05-10.09:53:52'/>
	<end value='2015-05-10.09:53:59'/>
	<frames value='16370'/>
	<gameDuration value='1023'/>

	<player>
		<unitScore value='3150'/>
		<killScore value='600'/>
		<buildingScore value='1575'/>
		<razingScore value='0'/>
		<mineralScore value='4826'/>
		<gasScore value='544'/>
		<totalScore value='10695'/>
	</player>

	<enemy>
		<race value='Protoss'/>
		<unitScore value='3600'/>
		<unitScore value='3600'/>
		<killScore value='6200'/>
		<buildingScore value='3575'/>
		<razingScore value='4725'/>
		<mineralScore value='8402'/>
		<gasScore value='1584'/>
		<totalScore value='28086'/>
	</enemy>

	<scoreRatio value='0.380795'/>
	<timeFitness value='0.142083'/>
	<unitsAverage value='21'/>
</results>
