<results>
	<result value='win'/>
	<start value='2015-05-10.09:54:03'/>
	<end value='2015-05-10.09:54:35'/>
	<frames value='30289'/>
	<gameDuration value='1893'/>

	<player>
		<unitScore value='19850'/>
		<killScore value='16900'/>
		<buildingScore value='4175'/>
		<razingScore value='14850'/>
		<mineralScore value='26526'/>
		<gasScore value='2576'/>
		<totalScore value='84877'/>
	</player>

	<enemy>
		<race value='Protoss'/>
		<unitScore value='8450'/>
		<unitScore value='8450'/>
		<killScore value='16900'/>
		<buildingScore value='4950'/>
		<razingScore value='0'/>
		<mineralScore value='20762'/>
		<gasScore value='1176'/>
		<totalScore value='52238'/>
	</enemy>

	<scoreRatio value='1.62481'/>
	<timeFitness value='0.737083'/>
	<unitsAverage value='107'/>
</results>
