<results>
	<result value='win'/>
	<start value='2015-05-08.22:21:32'/>
	<end value='2015-05-08.22:22:39'/>
	<frames value='45820'/>
	<gameDuration value='2863'/>

	<player>
		<unitScore value='29700'/>
		<killScore value='44400'/>
		<buildingScore value='5200'/>
		<razingScore value='10650'/>
		<mineralScore value='38734'/>
		<gasScore value='6444'/>
		<totalScore value='135128'/>
	</player>

	<enemy>
		<race value='Terran'/>
		<unitScore value='26200'/>
		<unitScore value='26200'/>
		<killScore value='36250'/>
		<buildingScore value='3550'/>
		<razingScore value='4200'/>
		<mineralScore value='17986'/>
		<gasScore value='8996'/>
		<totalScore value='97182'/>
	</enemy>

	<scoreRatio value='1.39046'/>
	<timeFitness value='0.602361'/>
	<unitsAverage value='123'/>
</results>
