<results>
	<result value='loss'/>
	<start value='2015-04-07.17:20:01'/>
	<end value='2015-04-07.17:20:45'/>
	<frames value='53601'/>
	<gameDuration value='3350'/>

	<player>
		<unitScore value='24200'/>
		<killScore value='54150'/>
		<buildingScore value='2550'/>
		<razingScore value='900'/>
		<mineralScore value='24002'/>
		<gasScore value='4998'/>
		<totalScore value='110800'/>
	</player>

	<enemy>
		<race value='Protoss'/>
		<unitScore value='44875'/>
		<unitScore value='44875'/>
		<killScore value='48400'/>
		<buildingScore value='7425'/>
		<razingScore value='7650'/>
		<mineralScore value='36122'/>
		<gasScore value='13714'/>
		<totalScore value='158186'/>
	</enemy>

	<scoreRatio value='0.700441'/>
</results>
