<results>
	<result value='loss'/>
	<start value='2015-04-27.18:43:11'/>
	<end value='2015-04-27.18:43:22'/>
	<frames value='16060'/>
	<gameDuration value='1003'/>

	<player>
		<unitScore value='3775'/>
		<killScore value='500'/>
		<buildingScore value='1425'/>
		<razingScore value='0'/>
		<mineralScore value='5330'/>
		<gasScore value='800'/>
		<totalScore value='11830'/>
	</player>

	<enemy>
		<race value='Terran'/>
		<unitScore value='5250'/>
		<unitScore value='5250'/>
		<killScore value='7550'/>
		<buildingScore value='1800'/>
		<razingScore value='4275'/>
		<mineralScore value='7266'/>
		<gasScore value='2456'/>
		<totalScore value='28597'/>
	</enemy>

	<scoreRatio value='0.41368'/>
</results>
