<results>
	<result value='draw'/>
	<start value='2015-05-09.05:58:19'/>
	<end value='2015-05-09.05:59:00'/>
	<frames value='57601'/>
	<gameDuration value='3600'/>

	<player>
		<unitScore value='23100'/>
		<killScore value='32200'/>
		<buildingScore value='2950'/>
		<razingScore value='525'/>
		<mineralScore value='24002'/>
		<gasScore value='5050'/>
		<totalScore value='87827'/>
	</player>

	<enemy>
		<race value='Terran'/>
		<unitScore value='40775'/>
		<unitScore value='40775'/>
		<killScore value='40750'/>
		<buildingScore value='5050'/>
		<razingScore value='5325'/>
		<mineralScore value='26986'/>
		<gasScore value='17132'/>
		<totalScore value='136018'/>
	</enemy>

	<scoreRatio value='0.645701'/>
	<timeFitness value='0.5'/>
	<unitsAverage value='64'/>
</results>
