<results>
	<result value='win'/>
	<start value='2015-05-09.06:01:02'/>
	<end value='2015-05-09.06:01:28'/>
	<frames value='34226'/>
	<gameDuration value='2139'/>

	<player>
		<unitScore value='18625'/>
		<killScore value='26400'/>
		<buildingScore value='4125'/>
		<razingScore value='13800'/>
		<mineralScore value='22890'/>
		<gasScore value='2888'/>
		<totalScore value='88728'/>
	</player>

	<enemy>
		<race value='Terran'/>
		<unitScore value='14800'/>
		<unitScore value='14800'/>
		<killScore value='18350'/>
		<buildingScore value='4675'/>
		<razingScore value='1800'/>
		<mineralScore value='14994'/>
		<gasScore value='7160'/>
		<totalScore value='61779'/>
	</enemy>

	<scoreRatio value='1.43622'/>
	<timeFitness value='0.702917'/>
	<unitsAverage value='73'/>
</results>
