<results>
	<result value='loss'/>
	<start value='2015-05-03.17:36:29'/>
	<end value='2015-05-03.17:36:39'/>
	<frames value='16401'/>
	<gameDuration value='1025'/>

	<player>
		<unitScore value='4050'/>
		<killScore value='400'/>
		<buildingScore value='1500'/>
		<razingScore value='0'/>
		<mineralScore value='5610'/>
		<gasScore value='704'/>
		<totalScore value='12264'/>
	</player>

	<enemy>
		<race value='Terran'/>
		<unitScore value='5700'/>
		<unitScore value='5700'/>
		<killScore value='7900'/>
		<buildingScore value='1950'/>
		<razingScore value='4500'/>
		<mineralScore value='7634'/>
		<gasScore value='2184'/>
		<totalScore value='29868'/>
	</enemy>

	<scoreRatio value='0.410607'/>
	<timeFitness value='0.142361'/>
	<unitsAverage value='23'/>
</results>
