<results>
	<result value='win'/>
	<start value='2015-05-09.06:09:17'/>
	<end value='2015-05-09.06:09:36'/>
	<frames value='24337'/>
	<gameDuration value='1521'/>

	<player>
		<unitScore value='11450'/>
		<killScore value='20650'/>
		<buildingScore value='3475'/>
		<razingScore value='8025'/>
		<mineralScore value='17530'/>
		<gasScore value='2056'/>
		<totalScore value='63186'/>
	</player>

	<enemy>
		<race value='Terran'/>
		<unitScore value='10325'/>
		<unitScore value='10325'/>
		<killScore value='4300'/>
		<buildingScore value='2675'/>
		<razingScore value='1200'/>
		<mineralScore value='9754'/>
		<gasScore value='3736'/>
		<totalScore value='31990'/>
	</enemy>

	<scoreRatio value='1.97518'/>
	<timeFitness value='0.78875'/>
	<unitsAverage value='77'/>
</results>
