<results>
	<result value='loss'/>
	<start value='2015-05-02.17:34:36'/>
	<end value='2015-05-02.17:34:43'/>
	<frames value='18447'/>
	<gameDuration value='1152'/>

	<player>
		<unitScore value='4050'/>
		<killScore value='1000'/>
		<buildingScore value='2075'/>
		<razingScore value='0'/>
		<mineralScore value='6354'/>
		<gasScore value='1072'/>
		<totalScore value='14551'/>
	</player>

	<enemy>
		<race value='Protoss'/>
		<unitScore value='4725'/>
		<unitScore value='4725'/>
		<killScore value='8100'/>
		<buildingScore value='3525'/>
		<razingScore value='6225'/>
		<mineralScore value='9466'/>
		<gasScore value='2216'/>
		<totalScore value='34257'/>
	</enemy>

	<scoreRatio value='0.42476'/>
	<timeFitness value='0.16'/>
	<unitsAverage value='27'/>
</results>
