<results>
	<result value='win'/>
	<start value='2015-05-09.19:42:41'/>
	<end value='2015-05-09.19:43:16'/>
	<frames value='27375'/>
	<gameDuration value='1710'/>

	<player>
		<unitScore value='17800'/>
		<killScore value='17900'/>
		<buildingScore value='4050'/>
		<razingScore value='12525'/>
		<mineralScore value='28674'/>
		<gasScore value='2432'/>
		<totalScore value='83381'/>
	</player>

	<enemy>
		<race value='Protoss'/>
		<unitScore value='8950'/>
		<unitScore value='8950'/>
		<killScore value='12300'/>
		<buildingScore value='4175'/>
		<razingScore value='0'/>
		<mineralScore value='19326'/>
		<gasScore value='1888'/>
		<totalScore value='46639'/>
	</enemy>

	<scoreRatio value='1.7878'/>
	<timeFitness value='0.7625'/>
	<unitsAverage value='104'/>
</results>
