<results>
	<result value='loss'/>
	<start value='2015-05-09.19:43:20'/>
	<end value='2015-05-09.19:44:03'/>
	<frames value='43092'/>
	<gameDuration value='2693'/>

	<player>
		<unitScore value='21375'/>
		<killScore value='35000'/>
		<buildingScore value='2925'/>
		<razingScore value='0'/>
		<mineralScore value='24130'/>
		<gasScore value='4592'/>
		<totalScore value='88022'/>
	</player>

	<enemy>
		<race value='Protoss'/>
		<unitScore value='34275'/>
		<unitScore value='34275'/>
		<killScore value='42750'/>
		<buildingScore value='7125'/>
		<razingScore value='8775'/>
		<mineralScore value='30258'/>
		<gasScore value='11912'/>
		<totalScore value='135095'/>
	</enemy>

	<scoreRatio value='0.651556'/>
	<timeFitness value='0.374028'/>
	<unitsAverage value='73'/>
</results>
