<results>
	<result value='win'/>
	<start value='2015-05-09.19:50:59'/>
	<end value='2015-05-09.19:51:48'/>
	<frames value='36179'/>
	<gameDuration value='2261'/>

	<player>
		<unitScore value='23025'/>
		<killScore value='32300'/>
		<buildingScore value='4625'/>
		<razingScore value='17100'/>
		<mineralScore value='29462'/>
		<gasScore value='4816'/>
		<totalScore value='111328'/>
	</player>

	<enemy>
		<race value='Protoss'/>
		<unitScore value='18700'/>
		<unitScore value='18700'/>
		<killScore value='21400'/>
		<buildingScore value='5700'/>
		<razingScore value='0'/>
		<mineralScore value='17658'/>
		<gasScore value='6824'/>
		<totalScore value='70282'/>
	</enemy>

	<scoreRatio value='1.58402'/>
	<timeFitness value='0.685972'/>
	<unitsAverage value='111'/>
</results>
