<results>
	<result value='win'/>
	<start value='2015-04-03.20:09:50'/>
	<end value='2015-04-03.20:10:04'/>
	<frames value='21020'/>
	<gameDuration value='1313'/>

	<player>
		<unitScore value='8850'/>
		<killScore value='9400'/>
		<buildingScore value='1525'/>
		<razingScore value='8775'/>
		<mineralScore value='10374'/>
		<gasScore value='1560'/>
		<totalScore value='40484'/>
	</player>

	<enemy>
		<race value='Protoss'/>
		<unitScore value='4700'/>
		<unitScore value='4700'/>
		<killScore value='6800'/>
		<buildingScore value='2925'/>
		<razingScore value='150'/>
		<mineralScore value='8242'/>
		<gasScore value='1544'/>
		<totalScore value='24361'/>
	</enemy>

	<scoreRatio value='1.66184'/>
</results>
