<results>
	<result value='win'/>
	<start value='2015-04-09.07:02:50'/>
	<end value='2015-04-09.07:03:31'/>
	<frames value='39031'/>
	<gameDuration value='2439'/>

	<player>
		<unitScore value='20450'/>
		<killScore value='28300'/>
		<buildingScore value='4800'/>
		<razingScore value='25575'/>
		<mineralScore value='29174'/>
		<gasScore value='4184'/>
		<totalScore value='112483'/>
	</player>

	<enemy>
		<race value='Protoss'/>
		<unitScore value='14150'/>
		<unitScore value='14150'/>
		<killScore value='17750'/>
		<buildingScore value='8525'/>
		<razingScore value='1800'/>
		<mineralScore value='22718'/>
		<gasScore value='5520'/>
		<totalScore value='70463'/>
	</enemy>

	<scoreRatio value='1.59634'/>
</results>
