<results>
	<result value='win'/>
	<start value='2015-05-03.13:40:53'/>
	<end value='2015-05-03.13:41:21'/>
	<frames value='25391'/>
	<gameDuration value='1586'/>

	<player>
		<unitScore value='15850'/>
		<killScore value='21600'/>
		<buildingScore value='4100'/>
		<razingScore value='4800'/>
		<mineralScore value='25050'/>
		<gasScore value='1600'/>
		<totalScore value='73000'/>
	</player>

	<enemy>
		<race value='Zerg'/>
		<unitScore value='10825'/>
		<unitScore value='10825'/>
		<killScore value='8300'/>
		<buildingScore value='1600'/>
		<razingScore value='0'/>
		<mineralScore value='10178'/>
		<gasScore value='3384'/>
		<totalScore value='34287'/>
	</enemy>

	<scoreRatio value='2.12909'/>
	<timeFitness value='0.779722'/>
	<unitsAverage value='100'/>
</results>
