<results>
	<result value='win'/>
	<start value='2015-05-03.22:53:53'/>
	<end value='2015-05-03.22:55:23'/>
	<frames value='38752'/>
	<gameDuration value='2422'/>

	<player>
		<unitScore value='24875'/>
		<killScore value='40700'/>
		<buildingScore value='4475'/>
		<razingScore value='23250'/>
		<mineralScore value='34910'/>
		<gasScore value='3528'/>
		<totalScore value='131738'/>
	</player>

	<enemy>
		<race value='Protoss'/>
		<unitScore value='21500'/>
		<unitScore value='21500'/>
		<killScore value='26000'/>
		<buildingScore value='7750'/>
		<razingScore value='450'/>
		<mineralScore value='23418'/>
		<gasScore value='6576'/>
		<totalScore value='85694'/>
	</enemy>

	<scoreRatio value='1.53731'/>
	<timeFitness value='0.663611'/>
	<unitsAverage value='132'/>
</results>
