<results>
	<result value='loss'/>
	<start value='2015-05-03.23:09:48'/>
	<end value='2015-05-03.23:11:06'/>
	<frames value='53911'/>
	<gameDuration value='3369'/>

	<player>
		<unitScore value='23725'/>
		<killScore value='54400'/>
		<buildingScore value='2575'/>
		<razingScore value='1200'/>
		<mineralScore value='23978'/>
		<gasScore value='5058'/>
		<totalScore value='110936'/>
	</player>

	<enemy>
		<race value='Protoss'/>
		<unitScore value='45400'/>
		<unitScore value='45400'/>
		<killScore value='47450'/>
		<buildingScore value='7475'/>
		<razingScore value='7725'/>
		<mineralScore value='36002'/>
		<gasScore value='14786'/>
		<totalScore value='158838'/>
	</enemy>

	<scoreRatio value='0.698422'/>
	<timeFitness value='0.467917'/>
	<unitsAverage value='71'/>
</results>
