<results>
	<result value='win'/>
	<start value='2015-05-08.19:38:27'/>
	<end value='2015-05-08.19:38:55'/>
	<frames value='29576'/>
	<gameDuration value='1848'/>

	<player>
		<unitScore value='13350'/>
		<killScore value='21250'/>
		<buildingScore value='4700'/>
		<razingScore value='10425'/>
		<mineralScore value='24882'/>
		<gasScore value='3088'/>
		<totalScore value='77695'/>
	</player>

	<enemy>
		<race value='Terran'/>
		<unitScore value='11625'/>
		<unitScore value='11625'/>
		<killScore value='8950'/>
		<buildingScore value='3475'/>
		<razingScore value='3450'/>
		<mineralScore value='11574'/>
		<gasScore value='4824'/>
		<totalScore value='43898'/>
	</enemy>

	<scoreRatio value='1.7699'/>
	<timeFitness value='0.743333'/>
	<unitsAverage value='78'/>
</results>
