<results>
	<result value='loss'/>
	<start value='2015-05-04.18:35:44'/>
	<end value='2015-05-04.18:35:53'/>
	<frames value='16804'/>
	<gameDuration value='1050'/>

	<player>
		<unitScore value='4975'/>
		<killScore value='750'/>
		<buildingScore value='1525'/>
		<razingScore value='0'/>
		<mineralScore value='6226'/>
		<gasScore value='848'/>
		<totalScore value='14324'/>
	</player>

	<enemy>
		<race value='Terran'/>
		<unitScore value='5475'/>
		<unitScore value='5475'/>
		<killScore value='9950'/>
		<buildingScore value='1900'/>
		<razingScore value='4575'/>
		<mineralScore value='7634'/>
		<gasScore value='2624'/>
		<totalScore value='32158'/>
	</enemy>

	<scoreRatio value='0.445426'/>
	<timeFitness value='0.145833'/>
	<unitsAverage value='28'/>
</results>
