<results>
	<result value='draw'/>
	<start value='2015-05-08.19:50:21'/>
	<end value='2015-05-08.19:51:46'/>
	<frames value='57601'/>
	<gameDuration value='3600'/>

	<player>
		<unitScore value='28025'/>
		<killScore value='49500'/>
		<buildingScore value='4400'/>
		<razingScore value='17250'/>
		<mineralScore value='38802'/>
		<gasScore value='8780'/>
		<totalScore value='146757'/>
	</player>

	<enemy>
		<race value='Terran'/>
		<unitScore value='29575'/>
		<unitScore value='29575'/>
		<killScore value='32600'/>
		<buildingScore value='5900'/>
		<razingScore value='1350'/>
		<mineralScore value='24162'/>
		<gasScore value='11710'/>
		<totalScore value='105297'/>
	</enemy>

	<scoreRatio value='1.39374'/>
	<timeFitness value='0.5'/>
	<unitsAverage value='129'/>
</results>
