<results>
	<result value='loss'/>
	<start value='2015-05-04.18:40:18'/>
	<end value='2015-05-04.18:40:28'/>
	<frames value='17548'/>
	<gameDuration value='1096'/>

	<player>
		<unitScore value='3850'/>
		<killScore value='950'/>
		<buildingScore value='1200'/>
		<razingScore value='0'/>
		<mineralScore value='5538'/>
		<gasScore value='632'/>
		<totalScore value='12170'/>
	</player>

	<enemy>
		<race value='Terran'/>
		<unitScore value='6175'/>
		<unitScore value='6175'/>
		<killScore value='7700'/>
		<buildingScore value='2700'/>
		<razingScore value='3600'/>
		<mineralScore value='8106'/>
		<gasScore value='2792'/>
		<totalScore value='31073'/>
	</enemy>

	<scoreRatio value='0.391658'/>
	<timeFitness value='0.152222'/>
	<unitsAverage value='25'/>
</results>
