<results>
	<result value='loss'/>
	<start value='2015-04-07.19:59:15'/>
	<end value='2015-04-07.19:59:22'/>
	<frames value='14231'/>
	<gameDuration value='889'/>

	<player>
		<unitScore value='2800'/>
		<killScore value='200'/>
		<buildingScore value='1600'/>
		<razingScore value='0'/>
		<mineralScore value='4530'/>
		<gasScore value='456'/>
		<totalScore value='9586'/>
	</player>

	<enemy>
		<race value='Protoss'/>
		<unitScore value='3550'/>
		<unitScore value='3550'/>
		<killScore value='5600'/>
		<buildingScore value='2375'/>
		<razingScore value='4800'/>
		<mineralScore value='7210'/>
		<gasScore value='1192'/>
		<totalScore value='24727'/>
	</enemy>

	<scoreRatio value='0.387673'/>
</results>
