<results>
	<result value='loss'/>
	<start value='2015-04-07.19:28:22'/>
	<end value='2015-04-07.19:28:57'/>
	<frames value='46502'/>
	<gameDuration value='2906'/>

	<player>
		<unitScore value='17650'/>
		<killScore value='23100'/>
		<buildingScore value='3400'/>
		<razingScore value='1800'/>
		<mineralScore value='19630'/>
		<gasScore value='4240'/>
		<totalScore value='69820'/>
	</player>

	<enemy>
		<race value='Protoss'/>
		<unitScore value='28550'/>
		<unitScore value='28550'/>
		<killScore value='35400'/>
		<buildingScore value='7525'/>
		<razingScore value='10200'/>
		<mineralScore value='31318'/>
		<gasScore value='9640'/>
		<totalScore value='122633'/>
	</enemy>

	<scoreRatio value='0.569341'/>
</results>
