<results>
	<result value='loss'/>
	<start value='2015-07-19.16:30:15'/>
	<end value='2015-07-19.16:31:08'/>
	<frames value='29297'/>
	<gameDuration value='1831'/>

	<player>
		<unitScore value='16500'/>
		<killScore value='9700'/>
		<buildingScore value='3525'/>
		<razingScore value='0'/>
		<mineralScore value='23634'/>
		<gasScore value='2240'/>
		<totalScore value='55599'/>
	</player>

	<enemy>
		<race value='Zerg'/>
		<unitScore value='16575'/>
		<killScore value='30250'/>
		<buildingScore value='3295'/>
		<razingScore value='10575'/>
		<mineralScore value='16978'/>
		<gasScore value='5720'/>
		<totalScore value='83393'/>
	</enemy>

	<scoreRatio value='0.666711'/>
	<timeFitness value='0.254306'/>
	<unitsAverage value='67'/>
</results>
