<results>
	<result value='loss'/>
	<start value='2015-07-19.16:33:09'/>
	<end value='2015-07-19.16:34:16'/>
	<frames value='30227'/>
	<gameDuration value='1889'/>

	<player>
		<unitScore value='18025'/>
		<killScore value='10200'/>
		<buildingScore value='3075'/>
		<razingScore value='0'/>
		<mineralScore value='21170'/>
		<gasScore value='3128'/>
		<totalScore value='55598'/>
	</player>

	<enemy>
		<race value='Zerg'/>
		<unitScore value='14875'/>
		<killScore value='25200'/>
		<buildingScore value='4170'/>
		<razingScore value='9225'/>
		<mineralScore value='18426'/>
		<gasScore value='6256'/>
		<totalScore value='78152'/>
	</enemy>

	<scoreRatio value='0.711409'/>
	<timeFitness value='0.262361'/>
	<unitsAverage value='83'/>
</results>
