<results>
	<result value='loss'/>
	<start value='2015-07-19.17:02:18'/>
	<end value='2015-07-19.17:03:15'/>
	<frames value='31529'/>
	<gameDuration value='1970'/>

	<player>
		<unitScore value='17950'/>
		<killScore value='12350'/>
		<buildingScore value='3000'/>
		<razingScore value='0'/>
		<mineralScore value='17718'/>
		<gasScore value='2664'/>
		<totalScore value='53682'/>
	</player>

	<enemy>
		<race value='Zerg'/>
		<unitScore value='17775'/>
		<killScore value='30600'/>
		<buildingScore value='3710'/>
		<razingScore value='9225'/>
		<mineralScore value='20526'/>
		<gasScore value='6654'/>
		<totalScore value='88490'/>
	</enemy>

	<scoreRatio value='0.606645'/>
	<timeFitness value='0.273611'/>
	<unitsAverage value='65'/>
</results>
