<results>
	<result value='loss'/>
	<start value='2015-07-18.05:09:51'/>
	<end value='2015-07-18.05:10:10'/>
	<frames value='18509'/>
	<gameDuration value='1156'/>

	<player>
		<unitScore value='5100'/>
		<killScore value='1300'/>
		<buildingScore value='2350'/>
		<razingScore value='0'/>
		<mineralScore value='6698'/>
		<gasScore value='936'/>
		<totalScore value='16384'/>
	</player>

	<enemy>
		<race value='Terran'/>
		<unitScore value='6875'/>
		<killScore value='9900'/>
		<buildingScore value='2850'/>
		<razingScore value='7050'/>
		<mineralScore value='8490'/>
		<gasScore value='2816'/>
		<totalScore value='37981'/>
	</enemy>

	<scoreRatio value='0.431374'/>
	<timeFitness value='0.160556'/>
	<unitsAverage value='29'/>
</results>
