<results>
	<result value='draw'/>
	<start value='2015-07-18.05:15:22'/>
	<end value='2015-07-18.05:17:58'/>
	<frames value='57601'/>
	<gameDuration value='3600'/>

	<player>
		<unitScore value='15725'/>
		<killScore value='5400'/>
		<buildingScore value='6200'/>
		<razingScore value='600'/>
		<mineralScore value='36910'/>
		<gasScore value='1088'/>
		<totalScore value='65923'/>
	</player>

	<enemy>
		<race value='Terran'/>
		<unitScore value='7650'/>
		<killScore value='21700'/>
		<buildingScore value='1600'/>
		<razingScore value='12825'/>
		<mineralScore value='12026'/>
		<gasScore value='5658'/>
		<totalScore value='61459'/>
	</enemy>

	<scoreRatio value='1.07263'/>
	<timeFitness value='0.5'/>
	<unitsAverage value='102'/>
</results>
