<results>
	<result value='win'/>
	<start value='2015-04-29.00:13:46'/>
	<end value='2015-04-29.00:14:20'/>
	<frames value='30444'/>
	<gameDuration value='1902'/>

	<player>
		<unitScore value='12825'/>
		<killScore value='15100'/>
		<buildingScore value='3075'/>
		<razingScore value='16500'/>
		<mineralScore value='17330'/>
		<gasScore value='2088'/>
		<totalScore value='66918'/>
	</player>

	<enemy>
		<race value='Protoss'/>
		<unitScore value='7550'/>
		<unitScore value='7550'/>
		<killScore value='12750'/>
		<buildingScore value='5500'/>
		<razingScore value='750'/>
		<mineralScore value='14350'/>
		<gasScore value='4112'/>
		<totalScore value='45012'/>
	</enemy>

	<scoreRatio value='1.48667'/>
</results>
