<results>
	<result value='win'/>
	<start value='2015-05-04.17:55:25'/>
	<end value='2015-05-04.17:56:16'/>
	<frames value='30103'/>
	<gameDuration value='1881'/>

	<player>
		<unitScore value='19825'/>
		<killScore value='31700'/>
		<buildingScore value='3925'/>
		<razingScore value='19425'/>
		<mineralScore value='30290'/>
		<gasScore value='3144'/>
		<totalScore value='108309'/>
	</player>

	<enemy>
		<race value='Protoss'/>
		<unitScore value='16650'/>
		<unitScore value='16650'/>
		<killScore value='16200'/>
		<buildingScore value='6475'/>
		<razingScore value='0'/>
		<mineralScore value='18566'/>
		<gasScore value='5064'/>
		<totalScore value='62955'/>
	</enemy>

	<scoreRatio value='1.72042'/>
	<timeFitness value='0.73875'/>
	<unitsAverage value='117'/>
</results>
