<results>
	<result value='win'/>
	<start value='2015-05-10.21:37:12'/>
	<end value='2015-05-10.21:37:49'/>
	<frames value='31064'/>
	<gameDuration value='1941'/>

	<player>
		<unitScore value='18950'/>
		<killScore value='18650'/>
		<buildingScore value='4225'/>
		<razingScore value='16875'/>
		<mineralScore value='28514'/>
		<gasScore value='3640'/>
		<totalScore value='90854'/>
	</player>

	<enemy>
		<race value='Protoss'/>
		<unitScore value='10025'/>
		<unitScore value='10025'/>
		<killScore value='15200'/>
		<buildingScore value='5625'/>
		<razingScore value='150'/>
		<mineralScore value='14090'/>
		<gasScore value='2728'/>
		<totalScore value='47818'/>
	</enemy>

	<scoreRatio value='1.9'/>
	<timeFitness value='0.730417'/>
	<unitsAverage value='96'/>
</results>
