<results>
	<result value='draw'/>
	<start value='2014-07-08.05:37:16'/>
	<end value='2014-07-08.05:38:21'/>
	<frames value='57601'/>
	<gameDuration value='3600'/>

	<player>
		<unitScore value='29475'/>
		<killScore value='53400'/>
		<buildingScore value='3350'/>
		<razingScore value='2700'/>
		<mineralScore value='31510'/>
		<gasScore value='5618'/>
		<totalScore value='126053'/>
	</player>

	<enemy>
		<race value='Protoss'/>
		<unitScore value='36825'/>
		<unitScore value='36825'/>
		<killScore value='48900'/>
		<buildingScore value='7050'/>
		<razingScore value='450'/>
		<mineralScore value='30978'/>
		<gasScore value='10708'/>
		<totalScore value='134911'/>
	</enemy>

	<scoreRatio value='0.934342'/>
</results>
