<results>
	<result value='loss'/>
	<start value='2014-07-08.05:45:57'/>
	<end value='2014-07-08.05:46:20'/>
	<frames value='38349'/>
	<gameDuration value='2396'/>

	<player>
		<unitScore value='15825'/>
		<killScore value='12400'/>
		<buildingScore value='2575'/>
		<razingScore value='0'/>
		<mineralScore value='18170'/>
		<gasScore value='3224'/>
		<totalScore value='52194'/>
	</player>

	<enemy>
		<race value='Protoss'/>
		<unitScore value='24500'/>
		<unitScore value='24500'/>
		<killScore value='31400'/>
		<buildingScore value='6775'/>
		<razingScore value='7725'/>
		<mineralScore value='24322'/>
		<gasScore value='9584'/>
		<totalScore value='104306'/>
	</enemy>

	<scoreRatio value='0.500393'/>
</results>
