<results>
	<result value='win'/>
	<start value='2014-07-08.05:48:00'/>
	<end value='2014-07-08.05:48:48'/>
	<frames value='36830'/>
	<gameDuration value='2301'/>

	<player>
		<unitScore value='27175'/>
		<killScore value='40500'/>
		<buildingScore value='5250'/>
		<razingScore value='16950'/>
		<mineralScore value='36734'/>
		<gasScore value='3504'/>
		<totalScore value='130113'/>
	</player>

	<enemy>
		<race value='Protoss'/>
		<unitScore value='20675'/>
		<unitScore value='20675'/>
		<killScore value='31200'/>
		<buildingScore value='5650'/>
		<razingScore value='0'/>
		<mineralScore value='22186'/>
		<gasScore value='5568'/>
		<totalScore value='85279'/>
	</enemy>

	<scoreRatio value='1.52573'/>
</results>
