<results>
	<result value='loss'/>
	<start value='2014-07-08.05:50:08'/>
	<end value='2014-07-08.05:50:19'/>
	<frames value='25825'/>
	<gameDuration value='1614'/>

	<player>
		<unitScore value='2925'/>
		<killScore value='2500'/>
		<buildingScore value='1975'/>
		<razingScore value='0'/>
		<mineralScore value='5146'/>
		<gasScore value='1360'/>
		<totalScore value='13906'/>
	</player>

	<enemy>
		<race value='Protoss'/>
		<unitScore value='11250'/>
		<unitScore value='11250'/>
		<killScore value='5850'/>
		<buildingScore value='5975'/>
		<razingScore value='5925'/>
		<mineralScore value='16610'/>
		<gasScore value='5288'/>
		<totalScore value='50898'/>
	</enemy>

	<scoreRatio value='0.273213'/>
</results>
