<results>
	<result value='draw'/>
	<start value='2014-07-08.05:59:28'/>
	<end value='2014-07-08.06:00:52'/>
	<frames value='57601'/>
	<gameDuration value='3600'/>

	<player>
		<unitScore value='25225'/>
		<killScore value='66150'/>
		<buildingScore value='2775'/>
		<razingScore value='15150'/>
		<mineralScore value='26594'/>
		<gasScore value='5384'/>
		<totalScore value='141278'/>
	</player>

	<enemy>
		<race value='Protoss'/>
		<unitScore value='35775'/>
		<unitScore value='35775'/>
		<killScore value='37200'/>
		<buildingScore value='9125'/>
		<razingScore value='150'/>
		<mineralScore value='31594'/>
		<gasScore value='15210'/>
		<totalScore value='129054'/>
	</enemy>

	<scoreRatio value='1.09472'/>
</results>
