<results>
	<result value='loss'/>
	<start value='2014-07-08.06:05:38'/>
	<end value='2014-07-08.06:06:12'/>
	<frames value='48114'/>
	<gameDuration value='3007'/>

	<player>
		<unitScore value='19350'/>
		<killScore value='21750'/>
		<buildingScore value='2225'/>
		<razingScore value='5700'/>
		<mineralScore value='20590'/>
		<gasScore value='5936'/>
		<totalScore value='75551'/>
	</player>

	<enemy>
		<race value='Protoss'/>
		<unitScore value='26475'/>
		<unitScore value='26475'/>
		<killScore value='38700'/>
		<buildingScore value='8825'/>
		<razingScore value='6675'/>
		<mineralScore value='30610'/>
		<gasScore value='8182'/>
		<totalScore value='119467'/>
	</enemy>

	<scoreRatio value='0.632401'/>
</results>
