<results>
	<result value='loss'/>
	<start value='2015-04-10.17:57:08'/>
	<end value='2015-04-10.17:57:19'/>
	<frames value='20431'/>
	<gameDuration value='1276'/>

	<player>
		<unitScore value='7300'/>
		<killScore value='2400'/>
		<buildingScore value='2125'/>
		<razingScore value='0'/>
		<mineralScore value='9658'/>
		<gasScore value='1048'/>
		<totalScore value='22531'/>
	</player>

	<enemy>
		<race value='Protoss'/>
		<unitScore value='6175'/>
		<unitScore value='6175'/>
		<killScore value='14600'/>
		<buildingScore value='4275'/>
		<razingScore value='6375'/>
		<mineralScore value='10618'/>
		<gasScore value='2928'/>
		<totalScore value='44971'/>
	</enemy>

	<scoreRatio value='0.501012'/>
</results>
