<results>
	<result value='loss'/>
	<start value='2015-04-10.17:57:42'/>
	<end value='2015-04-10.17:58:22'/>
	<frames value='45076'/>
	<gameDuration value='2817'/>

	<player>
		<unitScore value='20925'/>
		<killScore value='30750'/>
		<buildingScore value='2425'/>
		<razingScore value='1050'/>
		<mineralScore value='24018'/>
		<gasScore value='4680'/>
		<totalScore value='83848'/>
	</player>

	<enemy>
		<race value='Protoss'/>
		<unitScore value='35550'/>
		<unitScore value='35550'/>
		<killScore value='41600'/>
		<buildingScore value='7825'/>
		<razingScore value='7275'/>
		<mineralScore value='32346'/>
		<gasScore value='12220'/>
		<totalScore value='136816'/>
	</enemy>

	<scoreRatio value='0.612852'/>
</results>
