<results>
	<result value='win'/>
	<start value='2015-04-10.18:04:04'/>
	<end value='2015-04-10.18:04:23'/>
	<frames value='22849'/>
	<gameDuration value='1428'/>

	<player>
		<unitScore value='12125'/>
		<killScore value='9000'/>
		<buildingScore value='2775'/>
		<razingScore value='9975'/>
		<mineralScore value='19974'/>
		<gasScore value='2096'/>
		<totalScore value='55945'/>
	</player>

	<enemy>
		<race value='Protoss'/>
		<unitScore value='4500'/>
		<unitScore value='4500'/>
		<killScore value='8350'/>
		<buildingScore value='3325'/>
		<razingScore value='0'/>
		<mineralScore value='15082'/>
		<gasScore value='824'/>
		<totalScore value='32081'/>
	</enemy>

	<scoreRatio value='1.74387'/>
</results>
