<results>
	<result value='win'/>
	<start value='2015-04-27.19:37:55'/>
	<end value='2015-04-27.19:38:18'/>
	<frames value='23345'/>
	<gameDuration value='1459'/>

	<player>
		<unitScore value='10500'/>
		<killScore value='17950'/>
		<buildingScore value='3075'/>
		<razingScore value='6150'/>
		<mineralScore value='15658'/>
		<gasScore value='2024'/>
		<totalScore value='55357'/>
	</player>

	<enemy>
		<race value='Terran'/>
		<unitScore value='9675'/>
		<unitScore value='9675'/>
		<killScore value='7950'/>
		<buildingScore value='2050'/>
		<razingScore value='1500'/>
		<mineralScore value='9962'/>
		<gasScore value='3560'/>
		<totalScore value='34697'/>
	</enemy>

	<scoreRatio value='1.59544'/>
</results>
