<results>
	<result value='loss'/>
	<start value='2015-05-06.06:33:05'/>
	<end value='2015-05-06.06:33:15'/>
	<frames value='19005'/>
	<gameDuration value='1187'/>

	<player>
		<unitScore value='3750'/>
		<killScore value='1700'/>
		<buildingScore value='1475'/>
		<razingScore value='0'/>
		<mineralScore value='5402'/>
		<gasScore value='656'/>
		<totalScore value='12983'/>
	</player>

	<enemy>
		<race value='Terran'/>
		<unitScore value='7250'/>
		<unitScore value='7250'/>
		<killScore value='7250'/>
		<buildingScore value='2900'/>
		<razingScore value='4425'/>
		<mineralScore value='8762'/>
		<gasScore value='3160'/>
		<totalScore value='33747'/>
	</enemy>

	<scoreRatio value='0.384716'/>
	<timeFitness value='0.164861'/>
	<unitsAverage value='26'/>
</results>
