<results>
	<result value='win'/>
	<start value='2015-05-06.06:34:06'/>
	<end value='2015-05-06.06:34:19'/>
	<frames value='18943'/>
	<gameDuration value='1183'/>

	<player>
		<unitScore value='6700'/>
		<killScore value='11400'/>
		<buildingScore value='1875'/>
		<razingScore value='4500'/>
		<mineralScore value='9714'/>
		<gasScore value='1920'/>
		<totalScore value='36109'/>
	</player>

	<enemy>
		<race value='Terran'/>
		<unitScore value='5700'/>
		<unitScore value='5700'/>
		<killScore value='2900'/>
		<buildingScore value='1500'/>
		<razingScore value='0'/>
		<mineralScore value='8322'/>
		<gasScore value='2272'/>
		<totalScore value='20694'/>
	</enemy>

	<scoreRatio value='1.7449'/>
	<timeFitness value='0.835694'/>
	<unitsAverage value='50'/>
</results>
