<results>
	<result value='win'/>
	<start value='2015-05-06.06:36:42'/>
	<end value='2015-05-06.06:37:21'/>
	<frames value='34784'/>
	<gameDuration value='2174'/>

	<player>
		<unitScore value='23100'/>
		<killScore value='34550'/>
		<buildingScore value='3925'/>
		<razingScore value='11700'/>
		<mineralScore value='33846'/>
		<gasScore value='3136'/>
		<totalScore value='110257'/>
	</player>

	<enemy>
		<race value='Terran'/>
		<unitScore value='20450'/>
		<unitScore value='20450'/>
		<killScore value='26300'/>
		<buildingScore value='3975'/>
		<razingScore value='0'/>
		<mineralScore value='16670'/>
		<gasScore value='8320'/>
		<totalScore value='75715'/>
	</enemy>

	<scoreRatio value='1.45621'/>
	<timeFitness value='0.698056'/>
	<unitsAverage value='104'/>
</results>
