<results>
	<result value='loss'/>
	<start value='2015-05-06.06:49:02'/>
	<end value='2015-05-06.06:49:32'/>
	<frames value='49354'/>
	<gameDuration value='3084'/>

	<player>
		<unitScore value='16150'/>
		<killScore value='18200'/>
		<buildingScore value='2400'/>
		<razingScore value='1050'/>
		<mineralScore value='18266'/>
		<gasScore value='3328'/>
		<totalScore value='59394'/>
	</player>

	<enemy>
		<race value='Terran'/>
		<unitScore value='22650'/>
		<unitScore value='22650'/>
		<killScore value='32300'/>
		<buildingScore value='4425'/>
		<razingScore value='7200'/>
		<mineralScore value='18566'/>
		<gasScore value='10156'/>
		<totalScore value='95297'/>
	</enemy>

	<scoreRatio value='0.623251'/>
	<timeFitness value='0.428333'/>
	<unitsAverage value='42'/>
</results>
