<results>
	<result value='win'/>
	<start value='2015-05-06.07:00:18'/>
	<end value='2015-05-06.07:00:42'/>
	<frames value='30785'/>
	<gameDuration value='1924'/>

	<player>
		<unitScore value='15300'/>
		<killScore value='24200'/>
		<buildingScore value='3450'/>
		<razingScore value='8325'/>
		<mineralScore value='20658'/>
		<gasScore value='2704'/>
		<totalScore value='74637'/>
	</player>

	<enemy>
		<race value='Terran'/>
		<unitScore value='12100'/>
		<unitScore value='12100'/>
		<killScore value='14800'/>
		<buildingScore value='2775'/>
		<razingScore value='1950'/>
		<mineralScore value='12506'/>
		<gasScore value='3120'/>
		<totalScore value='47251'/>
	</enemy>

	<scoreRatio value='1.57959'/>
	<timeFitness value='0.732778'/>
	<unitsAverage value='71'/>
</results>
