<results>
	<result value='win'/>
	<start value='2015-04-10.17:29:16'/>
	<end value='2015-04-10.17:29:48'/>
	<frames value='32242'/>
	<gameDuration value='2015'/>

	<player>
		<unitScore value='16125'/>
		<killScore value='13450'/>
		<buildingScore value='3650'/>
		<razingScore value='14775'/>
		<mineralScore value='24650'/>
		<gasScore value='2896'/>
		<totalScore value='75546'/>
	</player>

	<enemy>
		<race value='Protoss'/>
		<unitScore value='7075'/>
		<unitScore value='7075'/>
		<killScore value='10250'/>
		<buildingScore value='4925'/>
		<razingScore value='300'/>
		<mineralScore value='11306'/>
		<gasScore value='1800'/>
		<totalScore value='35656'/>
	</enemy>

	<scoreRatio value='2.11875'/>
</results>
