<results>
	<result value='loss'/>
	<start value='2015-04-10.17:44:46'/>
	<end value='2015-04-10.17:44:53'/>
	<frames value='13642'/>
	<gameDuration value='852'/>

	<player>
		<unitScore value='2300'/>
		<killScore value='1400'/>
		<buildingScore value='900'/>
		<razingScore value='0'/>
		<mineralScore value='3186'/>
		<gasScore value='416'/>
		<totalScore value='8202'/>
	</player>

	<enemy>
		<race value='Protoss'/>
		<unitScore value='3550'/>
		<unitScore value='3550'/>
		<killScore value='4600'/>
		<buildingScore value='2375'/>
		<razingScore value='2700'/>
		<mineralScore value='6770'/>
		<gasScore value='1192'/>
		<totalScore value='21187'/>
	</enemy>

	<scoreRatio value='0.387124'/>
</results>
