<results>
	<result value='loss'/>
	<start value='2015-05-04.09:20:10'/>
	<end value='2015-05-04.09:20:29'/>
	<frames value='19532'/>
	<gameDuration value='1220'/>

	<player>
		<unitScore value='5525'/>
		<killScore value='1600'/>
		<buildingScore value='1675'/>
		<razingScore value='0'/>
		<mineralScore value='6938'/>
		<gasScore value='1040'/>
		<totalScore value='16778'/>
	</player>

	<enemy>
		<race value='Protoss'/>
		<unitScore value='3900'/>
		<unitScore value='3900'/>
		<killScore value='10800'/>
		<buildingScore value='5125'/>
		<razingScore value='5025'/>
		<mineralScore value='11074'/>
		<gasScore value='2088'/>
		<totalScore value='38012'/>
	</enemy>

	<scoreRatio value='0.441387'/>
	<timeFitness value='0.169444'/>
	<unitsAverage value='28'/>
</results>
