<results>
	<result value='loss'/>
	<start value='2015-05-04.09:42:20'/>
	<end value='2015-05-04.09:43:40'/>
	<frames value='53322'/>
	<gameDuration value='3332'/>

	<player>
		<unitScore value='29825'/>
		<killScore value='52650'/>
		<buildingScore value='3900'/>
		<razingScore value='1050'/>
		<mineralScore value='31398'/>
		<gasScore value='7558'/>
		<totalScore value='126381'/>
	</player>

	<enemy>
		<race value='Protoss'/>
		<unitScore value='37725'/>
		<unitScore value='37725'/>
		<killScore value='59650'/>
		<buildingScore value='6625'/>
		<razingScore value='11700'/>
		<mineralScore value='30634'/>
		<gasScore value='11722'/>
		<totalScore value='158056'/>
	</enemy>

	<scoreRatio value='0.799596'/>
	<timeFitness value='0.462778'/>
	<unitsAverage value='78'/>
</results>
