<results>
	<result value='win'/>
	<start value='2015-05-04.09:41:33'/>
	<end value='2015-05-04.09:42:16'/>
	<frames value='25174'/>
	<gameDuration value='1573'/>

	<player>
		<unitScore value='14900'/>
		<killScore value='10000'/>
		<buildingScore value='3425'/>
		<razingScore value='9375'/>
		<mineralScore value='26682'/>
		<gasScore value='2688'/>
		<totalScore value='67070'/>
	</player>

	<enemy>
		<race value='Protoss'/>
		<unitScore value='5000'/>
		<unitScore value='5000'/>
		<killScore value='10850'/>
		<buildingScore value='3125'/>
		<razingScore value='0'/>
		<mineralScore value='13762'/>
		<gasScore value='944'/>
		<totalScore value='33681'/>
	</enemy>

	<scoreRatio value='1.99133'/>
	<timeFitness value='0.781528'/>
	<unitsAverage value='96'/>
</results>
