<results>
	<result value='draw'/>
	<start value='2015-05-04.09:49:14'/>
	<end value='2015-05-04.09:52:22'/>
	<frames value='57601'/>
	<gameDuration value='3600'/>

	<player>
		<unitScore value='20350'/>
		<killScore value='16000'/>
		<buildingScore value='4300'/>
		<razingScore value='15900'/>
		<mineralScore value='40106'/>
		<gasScore value='7396'/>
		<totalScore value='104052'/>
	</player>

	<enemy>
		<race value='Protoss'/>
		<unitScore value='8800'/>
		<unitScore value='8800'/>
		<killScore value='14400'/>
		<buildingScore value='6400'/>
		<razingScore value='150'/>
		<mineralScore value='22846'/>
		<gasScore value='8220'/>
		<totalScore value='60816'/>
	</enemy>

	<scoreRatio value='1.71093'/>
	<timeFitness value='0.5'/>
	<unitsAverage value='155'/>
</results>
