<results>
	<result value='loss'/>
	<start value='2015-04-07.14:31:55'/>
	<end value='2015-04-07.14:32:15'/>
	<frames value='34133'/>
	<gameDuration value='2133'/>

	<player>
		<unitScore value='5050'/>
		<killScore value='3550'/>
		<buildingScore value='1850'/>
		<razingScore value='0'/>
		<mineralScore value='7258'/>
		<gasScore value='896'/>
		<totalScore value='18604'/>
	</player>

	<enemy>
		<race value='Protoss'/>
		<unitScore value='18775'/>
		<unitScore value='18775'/>
		<killScore value='10100'/>
		<buildingScore value='6925'/>
		<razingScore value='5550'/>
		<mineralScore value='21666'/>
		<gasScore value='8904'/>
		<totalScore value='71920'/>
	</enemy>

	<scoreRatio value='0.258676'/>
</results>
