<results>
	<result value='loss'/>
	<start value='2015-05-04.04:15:43'/>
	<end value='2015-05-04.04:16:36'/>
	<frames value='42968'/>
	<gameDuration value='2685'/>

	<player>
		<unitScore value='21300'/>
		<killScore value='22950'/>
		<buildingScore value='2025'/>
		<razingScore value='900'/>
		<mineralScore value='23630'/>
		<gasScore value='3192'/>
		<totalScore value='73997'/>
	</player>

	<enemy>
		<race value='Protoss'/>
		<unitScore value='30675'/>
		<unitScore value='30675'/>
		<killScore value='42100'/>
		<buildingScore value='7375'/>
		<razingScore value='6075'/>
		<mineralScore value='29738'/>
		<gasScore value='11074'/>
		<totalScore value='127037'/>
	</enemy>

	<scoreRatio value='0.582484'/>
	<timeFitness value='0.372917'/>
	<unitsAverage value='59'/>
</results>
