<results>
	<result value='loss'/>
	<start value='2015-07-19.18:50:24'/>
	<end value='2015-07-19.18:51:40'/>
	<frames value='34102'/>
	<gameDuration value='2131'/>

	<player>
		<unitScore value='22175'/>
		<killScore value='32450'/>
		<buildingScore value='2875'/>
		<razingScore value='0'/>
		<mineralScore value='28758'/>
		<gasScore value='2960'/>
		<totalScore value='89218'/>
	</player>

	<enemy>
		<race value='Zerg'/>
		<unitScore value='25100'/>
		<killScore value='44350'/>
		<buildingScore value='3895'/>
		<razingScore value='8625'/>
		<mineralScore value='22078'/>
		<gasScore value='6842'/>
		<totalScore value='110890'/>
	</enemy>

	<scoreRatio value='0.804563'/>
	<timeFitness value='0.295972'/>
	<unitsAverage value='89'/>
</results>
