<results>
	<result value='draw'/>
	<start value='2015-07-19.19:01:36'/>
	<end value='2015-07-19.19:05:32'/>
	<frames value='57601'/>
	<gameDuration value='3600'/>

	<player>
		<unitScore value='40950'/>
		<killScore value='58000'/>
		<buildingScore value='3450'/>
		<razingScore value='480'/>
		<mineralScore value='35906'/>
		<gasScore value='5252'/>
		<totalScore value='144038'/>
	</player>

	<enemy>
		<race value='Zerg'/>
		<unitScore value='30450'/>
		<killScore value='60850'/>
		<buildingScore value='3595'/>
		<razingScore value='300'/>
		<mineralScore value='27034'/>
		<gasScore value='12558'/>
		<totalScore value='134787'/>
	</enemy>

	<scoreRatio value='1.06863'/>
	<timeFitness value='0.5'/>
	<unitsAverage value='151'/>
</results>
