<results>
	<result value='loss'/>
	<start value='2015-07-19.19:08:21'/>
	<end value='2015-07-19.19:09:38'/>
	<frames value='38256'/>
	<gameDuration value='2391'/>

	<player>
		<unitScore value='24050'/>
		<killScore value='23400'/>
		<buildingScore value='4025'/>
		<razingScore value='0'/>
		<mineralScore value='30802'/>
		<gasScore value='3840'/>
		<totalScore value='86117'/>
	</player>

	<enemy>
		<race value='Zerg'/>
		<unitScore value='22175'/>
		<killScore value='48100'/>
		<buildingScore value='4935'/>
		<razingScore value='12075'/>
		<mineralScore value='23162'/>
		<gasScore value='7156'/>
		<totalScore value='117603'/>
	</enemy>

	<scoreRatio value='0.732269'/>
	<timeFitness value='0.332083'/>
	<unitsAverage value='81'/>
</results>
