<results>
	<result value='loss'/>
	<start value='2015-07-19.19:30:21'/>
	<end value='2015-07-19.19:31:09'/>
	<frames value='26290'/>
	<gameDuration value='1643'/>

	<player>
		<unitScore value='10325'/>
		<killScore value='7650'/>
		<buildingScore value='3425'/>
		<razingScore value='0'/>
		<mineralScore value='12826'/>
		<gasScore value='1792'/>
		<totalScore value='36018'/>
	</player>

	<enemy>
		<race value='Zerg'/>
		<unitScore value='9925'/>
		<killScore value='16200'/>
		<buildingScore value='3570'/>
		<razingScore value='10275'/>
		<mineralScore value='14090'/>
		<gasScore value='4120'/>
		<totalScore value='58180'/>
	</enemy>

	<scoreRatio value='0.619079'/>
	<timeFitness value='0.228194'/>
	<unitsAverage value='52'/>
</results>
