<results>
	<result value='win'/>
	<start value='2014-07-24.00:01:52'/>
	<end value='2014-07-24.00:02:14'/>
	<frames value='29917'/>
	<gameDuration value='1869'/>

	<player>
		<unitScore value='13800'/>
		<killScore value='23900'/>
		<buildingScore value='3300'/>
		<razingScore value='7050'/>
		<mineralScore value='17794'/>
		<gasScore value='2600'/>
		<totalScore value='68444'/>
	</player>

	<enemy>
		<race value='Terran'/>
		<unitScore value='11950'/>
		<unitScore value='11950'/>
		<killScore value='14500'/>
		<buildingScore value='2350'/>
		<razingScore value='2250'/>
		<mineralScore value='12050'/>
		<gasScore value='4264'/>
		<totalScore value='47364'/>
	</enemy>

	<scoreRatio value='1.44506'/>
</results>
