<results>
	<result value='win'/>
	<start value='2014-07-24.00:03:10'/>
	<end value='2014-07-24.00:03:25'/>
	<frames value='21175'/>
	<gameDuration value='1323'/>

	<player>
		<unitScore value='9300'/>
		<killScore value='15500'/>
		<buildingScore value='3100'/>
		<razingScore value='5700'/>
		<mineralScore value='14890'/>
		<gasScore value='1936'/>
		<totalScore value='50426'/>
	</player>

	<enemy>
		<race value='Terran'/>
		<unitScore value='7750'/>
		<unitScore value='7750'/>
		<killScore value='4700'/>
		<buildingScore value='1900'/>
		<razingScore value='1575'/>
		<mineralScore value='8442'/>
		<gasScore value='2488'/>
		<totalScore value='26855'/>
	</enemy>

	<scoreRatio value='1.87771'/>
</results>
