<results>
	<result value='win'/>
	<start value='2015-05-06.12:30:38'/>
	<end value='2015-05-06.12:31:18'/>
	<frames value='33110'/>
	<gameDuration value='2069'/>

	<player>
		<unitScore value='19450'/>
		<killScore value='27500'/>
		<buildingScore value='3775'/>
		<razingScore value='17775'/>
		<mineralScore value='30618'/>
		<gasScore value='2888'/>
		<totalScore value='102006'/>
	</player>

	<enemy>
		<race value='Protoss'/>
		<unitScore value='14300'/>
		<unitScore value='14300'/>
		<killScore value='14100'/>
		<buildingScore value='5925'/>
		<razingScore value='150'/>
		<mineralScore value='18086'/>
		<gasScore value='5552'/>
		<totalScore value='58113'/>
	</enemy>

	<scoreRatio value='1.7553'/>
	<timeFitness value='0.712639'/>
	<unitsAverage value='107'/>
</results>
