<results>
	<result value='win'/>
	<start value='2015-05-08.21:01:13'/>
	<end value='2015-05-08.21:01:43'/>
	<frames value='27592'/>
	<gameDuration value='1724'/>

	<player>
		<unitScore value='14450'/>
		<killScore value='24750'/>
		<buildingScore value='3450'/>
		<razingScore value='9825'/>
		<mineralScore value='18854'/>
		<gasScore value='2024'/>
		<totalScore value='73353'/>
	</player>

	<enemy>
		<race value='Terran'/>
		<unitScore value='13175'/>
		<unitScore value='13175'/>
		<killScore value='12300'/>
		<buildingScore value='3275'/>
		<razingScore value='1725'/>
		<mineralScore value='12690'/>
		<gasScore value='5720'/>
		<totalScore value='48885'/>
	</enemy>

	<scoreRatio value='1.50052'/>
	<timeFitness value='0.760556'/>
	<unitsAverage value='73'/>
</results>
