<results>
	<result value='win'/>
	<start value='2015-05-08.21:11:20'/>
	<end value='2015-05-08.21:11:48'/>
	<frames value='25763'/>
	<gameDuration value='1610'/>

	<player>
		<unitScore value='14150'/>
		<killScore value='25000'/>
		<buildingScore value='2950'/>
		<razingScore value='7200'/>
		<mineralScore value='17366'/>
		<gasScore value='2104'/>
		<totalScore value='68770'/>
	</player>

	<enemy>
		<race value='Terran'/>
		<unitScore value='12500'/>
		<unitScore value='12500'/>
		<killScore value='13650'/>
		<buildingScore value='2400'/>
		<razingScore value='300'/>
		<mineralScore value='11530'/>
		<gasScore value='4184'/>
		<totalScore value='44564'/>
	</enemy>

	<scoreRatio value='1.54317'/>
	<timeFitness value='0.776389'/>
	<unitsAverage value='70'/>
</results>
