<results>
	<result value='win'/>
	<start value='2015-04-28.16:10:35'/>
	<end value='2015-04-28.16:11:07'/>
	<frames value='38721'/>
	<gameDuration value='2420'/>

	<player>
		<unitScore value='21225'/>
		<killScore value='35960'/>
		<buildingScore value='3850'/>
		<razingScore value='4560'/>
		<mineralScore value='48182'/>
		<gasScore value='4214'/>
		<totalScore value='117991'/>
	</player>

	<enemy>
		<race value='Zerg'/>
		<unitScore value='15100'/>
		<unitScore value='15100'/>
		<killScore value='19150'/>
		<buildingScore value='1520'/>
		<razingScore value='0'/>
		<mineralScore value='12170'/>
		<gasScore value='5032'/>
		<totalScore value='52972'/>
	</enemy>

	<scoreRatio value='2.22742'/>
	<timeFitness value='0.663889'/>
	<unitsAverage value='137'/>
</results>
