<results>
	<result value='win'/>
	<start value='2015-04-28.16:12:25'/>
	<end value='2015-04-28.16:12:57'/>
	<frames value='30847'/>
	<gameDuration value='1927'/>

	<player>
		<unitScore value='25775'/>
		<killScore value='26850'/>
		<buildingScore value='3925'/>
		<razingScore value='5775'/>
		<mineralScore value='28658'/>
		<gasScore value='2312'/>
		<totalScore value='93295'/>
	</player>

	<enemy>
		<race value='Zerg'/>
		<unitScore value='12200'/>
		<unitScore value='12200'/>
		<killScore value='24200'/>
		<buildingScore value='1925'/>
		<razingScore value='0'/>
		<mineralScore value='11646'/>
		<gasScore value='3416'/>
		<totalScore value='53387'/>
	</enemy>

	<scoreRatio value='1.74752'/>
	<timeFitness value='0.732361'/>
	<unitsAverage value='111'/>
</results>
