<results>
	<result value='loss'/>
	<start value='2014-07-15.12:40:14'/>
	<end value='2014-07-15.12:41:04'/>
	<frames value='50532'/>
	<gameDuration value='3158'/>

	<player>
		<unitScore value='30200'/>
		<killScore value='35270'/>
		<buildingScore value='3400'/>
		<razingScore value='3000'/>
		<mineralScore value='31486'/>
		<gasScore value='6070'/>
		<totalScore value='109426'/>
	</player>

	<enemy>
		<race value='Protoss'/>
		<unitScore value='30965'/>
		<unitScore value='30965'/>
		<killScore value='60400'/>
		<buildingScore value='7025'/>
		<razingScore value='10200'/>
		<mineralScore value='29818'/>
		<gasScore value='9618'/>
		<totalScore value='148026'/>
	</enemy>

	<scoreRatio value='0.739235'/>
</results>
