<results>
	<result value='win'/>
	<start value='2014-07-15.12:46:53'/>
	<end value='2014-07-15.12:47:36'/>
	<frames value='46719'/>
	<gameDuration value='2919'/>

	<player>
		<unitScore value='27825'/>
		<killScore value='37200'/>
		<buildingScore value='4700'/>
		<razingScore value='18900'/>
		<mineralScore value='39934'/>
		<gasScore value='6086'/>
		<totalScore value='134645'/>
	</player>

	<enemy>
		<race value='Protoss'/>
		<unitScore value='22450'/>
		<unitScore value='22450'/>
		<killScore value='33100'/>
		<buildingScore value='6300'/>
		<razingScore value='450'/>
		<mineralScore value='17106'/>
		<gasScore value='7166'/>
		<totalScore value='86572'/>
	</enemy>

	<scoreRatio value='1.55529'/>
</results>
