<results>
	<result value='draw'/>
	<start value='2014-07-15.12:52:32'/>
	<end value='2014-07-15.12:53:27'/>
	<frames value='57601'/>
	<gameDuration value='3600'/>

	<player>
		<unitScore value='30375'/>
		<killScore value='57900'/>
		<buildingScore value='4000'/>
		<razingScore value='17100'/>
		<mineralScore value='33162'/>
		<gasScore value='5110'/>
		<totalScore value='147647'/>
	</player>

	<enemy>
		<race value='Protoss'/>
		<unitScore value='31175'/>
		<unitScore value='31175'/>
		<killScore value='42200'/>
		<buildingScore value='5975'/>
		<razingScore value='2700'/>
		<mineralScore value='25346'/>
		<gasScore value='10294'/>
		<totalScore value='117690'/>
	</enemy>

	<scoreRatio value='1.25454'/>
</results>
