<results>
	<result value='loss'/>
	<start value='2014-07-15.12:53:50'/>
	<end value='2014-07-15.12:53:59'/>
	<frames value='26135'/>
	<gameDuration value='1633'/>

	<player>
		<unitScore value='2625'/>
		<killScore value='3600'/>
		<buildingScore value='1700'/>
		<razingScore value='0'/>
		<mineralScore value='4762'/>
		<gasScore value='704'/>
		<totalScore value='13391'/>
	</player>

	<enemy>
		<race value='Protoss'/>
		<unitScore value='11150'/>
		<unitScore value='11150'/>
		<killScore value='5250'/>
		<buildingScore value='6525'/>
		<razingScore value='5100'/>
		<mineralScore value='15966'/>
		<gasScore value='5408'/>
		<totalScore value='49399'/>
	</enemy>

	<scoreRatio value='0.271078'/>
</results>
