<results>
	<result value='loss'/>
	<start value='2014-07-15.12:54:30'/>
	<end value='2014-07-15.12:55:13'/>
	<frames value='46905'/>
	<gameDuration value='2931'/>

	<player>
		<unitScore value='23900'/>
		<killScore value='28450'/>
		<buildingScore value='2575'/>
		<razingScore value='2550'/>
		<mineralScore value='24058'/>
		<gasScore value='4176'/>
		<totalScore value='85709'/>
	</player>

	<enemy>
		<race value='Protoss'/>
		<unitScore value='33975'/>
		<unitScore value='33975'/>
		<killScore value='47800'/>
		<buildingScore value='8025'/>
		<razingScore value='7725'/>
		<mineralScore value='31762'/>
		<gasScore value='11114'/>
		<totalScore value='140401'/>
	</enemy>

	<scoreRatio value='0.610459'/>
</results>
