<results>
	<result value='loss'/>
	<start value='2014-07-15.12:55:56'/>
	<end value='2014-07-15.12:56:44'/>
	<frames value='49478'/>
	<gameDuration value='3092'/>

	<player>
		<unitScore value='30850'/>
		<killScore value='50600'/>
		<buildingScore value='3300'/>
		<razingScore value='300'/>
		<mineralScore value='31606'/>
		<gasScore value='5738'/>
		<totalScore value='122394'/>
	</player>

	<enemy>
		<race value='Protoss'/>
		<unitScore value='37250'/>
		<unitScore value='37250'/>
		<killScore value='61700'/>
		<buildingScore value='6500'/>
		<razingScore value='9900'/>
		<mineralScore value='31186'/>
		<gasScore value='11110'/>
		<totalScore value='157646'/>
	</enemy>

	<scoreRatio value='0.776385'/>
</results>
