<results>
	<result value='win'/>
	<start value='2014-07-15.12:56:48'/>
	<end value='2014-07-15.12:57:25'/>
	<frames value='35714'/>
	<gameDuration value='2232'/>

	<player>
		<unitScore value='30200'/>
		<killScore value='36600'/>
		<buildingScore value='3975'/>
		<razingScore value='18600'/>
		<mineralScore value='36506'/>
		<gasScore value='4448'/>
		<totalScore value='130329'/>
	</player>

	<enemy>
		<race value='Protoss'/>
		<unitScore value='18625'/>
		<unitScore value='18625'/>
		<killScore value='38750'/>
		<buildingScore value='6200'/>
		<razingScore value='0'/>
		<mineralScore value='21034'/>
		<gasScore value='5600'/>
		<totalScore value='90209'/>
	</enemy>

	<scoreRatio value='1.44474'/>
</results>
