<results>
	<result value='win'/>
	<start value='2014-07-15.12:59:39'/>
	<end value='2014-07-15.13:00:02'/>
	<frames value='27840'/>
	<gameDuration value='1740'/>

	<player>
		<unitScore value='20075'/>
		<killScore value='12800'/>
		<buildingScore value='4425'/>
		<razingScore value='13200'/>
		<mineralScore value='26090'/>
		<gasScore value='3208'/>
		<totalScore value='79798'/>
	</player>

	<enemy>
		<race value='Protoss'/>
		<unitScore value='6400'/>
		<unitScore value='6400'/>
		<killScore value='18900'/>
		<buildingScore value='4400'/>
		<razingScore value='0'/>
		<mineralScore value='17006'/>
		<gasScore value='936'/>
		<totalScore value='47642'/>
	</enemy>

	<scoreRatio value='1.67495'/>
</results>
