<results>
	<result value='win'/>
	<start value='2015-04-17.02:54:12'/>
	<end value='2015-04-17.02:55:35'/>
	<frames value='37853'/>
	<gameDuration value='2365'/>

	<player>
		<unitScore value='22825'/>
		<killScore value='31600'/>
		<buildingScore value='4025'/>
		<razingScore value='19200'/>
		<mineralScore value='32778'/>
		<gasScore value='3784'/>
		<totalScore value='114212'/>
	</player>

	<enemy>
		<race value='Protoss'/>
		<unitScore value='17700'/>
		<unitScore value='17700'/>
		<killScore value='21900'/>
		<buildingScore value='6400'/>
		<razingScore value='150'/>
		<mineralScore value='19082'/>
		<gasScore value='6136'/>
		<totalScore value='71368'/>
	</enemy>

	<scoreRatio value='1.60033'/>
</results>
