<results>
	<result value='win'/>
	<start value='2015-05-01.17:07:51'/>
	<end value='2015-05-01.17:08:27'/>
	<frames value='27778'/>
	<gameDuration value='1736'/>

	<player>
		<unitScore value='17375'/>
		<killScore value='24210'/>
		<buildingScore value='4125'/>
		<razingScore value='6135'/>
		<mineralScore value='24518'/>
		<gasScore value='1840'/>
		<totalScore value='78203'/>
	</player>

	<enemy>
		<race value='Zerg'/>
		<unitScore value='11050'/>
		<unitScore value='11050'/>
		<killScore value='14150'/>
		<buildingScore value='2045'/>
		<razingScore value='0'/>
		<mineralScore value='10906'/>
		<gasScore value='3440'/>
		<totalScore value='41591'/>
	</enemy>

	<scoreRatio value='1.88029'/>
	<timeFitness value='0.758889'/>
	<unitsAverage value='96'/>
</results>
