<results>
	<result value='win'/>
	<start value='2015-05-01.17:14:28'/>
	<end value='2015-05-01.17:14:55'/>
	<frames value='24554'/>
	<gameDuration value='1534'/>

	<player>
		<unitScore value='14525'/>
		<killScore value='17780'/>
		<buildingScore value='3925'/>
		<razingScore value='5460'/>
		<mineralScore value='21058'/>
		<gasScore value='1816'/>
		<totalScore value='64564'/>
	</player>

	<enemy>
		<race value='Zerg'/>
		<unitScore value='8100'/>
		<unitScore value='8100'/>
		<killScore value='12800'/>
		<buildingScore value='1820'/>
		<razingScore value='0'/>
		<mineralScore value='8162'/>
		<gasScore value='2640'/>
		<totalScore value='33522'/>
	</enemy>

	<scoreRatio value='1.92602'/>
	<timeFitness value='0.786944'/>
	<unitsAverage value='84'/>
</results>
