<results>
	<result value='win'/>
	<start value='2015-05-01.17:18:46'/>
	<end value='2015-05-01.17:19:09'/>
	<frames value='23283'/>
	<gameDuration value='1455'/>

	<player>
		<unitScore value='13900'/>
		<killScore value='17250'/>
		<buildingScore value='3175'/>
		<razingScore value='4680'/>
		<mineralScore value='18738'/>
		<gasScore value='1576'/>
		<totalScore value='59319'/>
	</player>

	<enemy>
		<race value='Zerg'/>
		<unitScore value='8400'/>
		<unitScore value='8400'/>
		<killScore value='13050'/>
		<buildingScore value='1560'/>
		<razingScore value='0'/>
		<mineralScore value='8418'/>
		<gasScore value='2736'/>
		<totalScore value='34164'/>
	</enemy>

	<scoreRatio value='1.7363'/>
	<timeFitness value='0.797917'/>
	<unitsAverage value='75'/>
</results>
