<results>
	<result value='win'/>
	<start value='2015-04-12.21:26:20'/>
	<end value='2015-04-12.21:26:49'/>
	<frames value='30661'/>
	<gameDuration value='1916'/>

	<player>
		<unitScore value='15850'/>
		<killScore value='20000'/>
		<buildingScore value='4525'/>
		<razingScore value='15525'/>
		<mineralScore value='26610'/>
		<gasScore value='2576'/>
		<totalScore value='85086'/>
	</player>

	<enemy>
		<race value='Protoss'/>
		<unitScore value='10350'/>
		<unitScore value='10350'/>
		<killScore value='10400'/>
		<buildingScore value='5175'/>
		<razingScore value='150'/>
		<mineralScore value='13010'/>
		<gasScore value='3784'/>
		<totalScore value='42869'/>
	</enemy>

	<scoreRatio value='1.98479'/>
</results>
