<results>
	<result value='loss'/>
	<start value='2015-04-27.00:41:17'/>
	<end value='2015-04-27.00:41:33'/>
	<frames value='23872'/>
	<gameDuration value='1492'/>

	<player>
		<unitScore value='7500'/>
		<killScore value='5100'/>
		<buildingScore value='2550'/>
		<razingScore value='0'/>
		<mineralScore value='9986'/>
		<gasScore value='1496'/>
		<totalScore value='26632'/>
	</player>

	<enemy>
		<race value='Terran'/>
		<unitScore value='9950'/>
		<unitScore value='9950'/>
		<killScore value='14800'/>
		<buildingScore value='3950'/>
		<razingScore value='7650'/>
		<mineralScore value='11562'/>
		<gasScore value='5264'/>
		<totalScore value='53176'/>
	</enemy>

	<scoreRatio value='0.500827'/>
</results>
