<results>
	<result value='win'/>
	<start value='2015-04-27.00:41:50'/>
	<end value='2015-04-27.00:42:07'/>
	<frames value='22043'/>
	<gameDuration value='1377'/>

	<player>
		<unitScore value='8925'/>
		<killScore value='14800'/>
		<buildingScore value='3075'/>
		<razingScore value='6900'/>
		<mineralScore value='16010'/>
		<gasScore value='2328'/>
		<totalScore value='52038'/>
	</player>

	<enemy>
		<race value='Terran'/>
		<unitScore value='7400'/>
		<unitScore value='7400'/>
		<killScore value='3600'/>
		<buildingScore value='2300'/>
		<razingScore value='1350'/>
		<mineralScore value='8978'/>
		<gasScore value='2648'/>
		<totalScore value='26276'/>
	</enemy>

	<scoreRatio value='1.98044'/>
</results>
