<results>
	<result value='win'/>
	<start value='2015-04-27.00:48:45'/>
	<end value='2015-04-27.00:49:09'/>
	<frames value='27313'/>
	<gameDuration value='1707'/>

	<player>
		<unitScore value='12725'/>
		<killScore value='25100'/>
		<buildingScore value='3825'/>
		<razingScore value='9375'/>
		<mineralScore value='18442'/>
		<gasScore value='2312'/>
		<totalScore value='71779'/>
	</player>

	<enemy>
		<race value='Terran'/>
		<unitScore value='13750'/>
		<unitScore value='13750'/>
		<killScore value='9450'/>
		<buildingScore value='3225'/>
		<razingScore value='3150'/>
		<mineralScore value='12250'/>
		<gasScore value='5520'/>
		<totalScore value='47345'/>
	</enemy>

	<scoreRatio value='1.51608'/>
</results>
