<results>
	<result value='win'/>
	<start value='2015-04-13.01:47:15'/>
	<end value='2015-04-13.01:48:15'/>
	<frames value='29855'/>
	<gameDuration value='1865'/>

	<player>
		<unitScore value='15650'/>
		<killScore value='16750'/>
		<buildingScore value='3275'/>
		<razingScore value='15375'/>
		<mineralScore value='21490'/>
		<gasScore value='3136'/>
		<totalScore value='75676'/>
	</player>

	<enemy>
		<race value='Protoss'/>
		<unitScore value='9075'/>
		<unitScore value='9075'/>
		<killScore value='9650'/>
		<buildingScore value='5125'/>
		<razingScore value='150'/>
		<mineralScore value='12874'/>
		<gasScore value='3048'/>
		<totalScore value='39922'/>
	</enemy>

	<scoreRatio value='1.8956'/>
</results>
