<results>
	<result value='loss'/>
	<start value='2015-03-29.02:24:45'/>
	<end value='2015-03-29.02:24:52'/>
	<frames value='13053'/>
	<gameDuration value='815'/>

	<player>
		<unitScore value='2600'/>
		<killScore value='200'/>
		<buildingScore value='1150'/>
		<razingScore value='0'/>
		<mineralScore value='3626'/>
		<gasScore value='512'/>
		<totalScore value='8088'/>
	</player>

	<enemy>
		<race value='Protoss'/>
		<unitScore value='3300'/>
		<unitScore value='3300'/>
		<killScore value='5200'/>
		<buildingScore value='2175'/>
		<razingScore value='3450'/>
		<mineralScore value='6554'/>
		<gasScore value='1024'/>
		<totalScore value='21703'/>
	</enemy>

	<scoreRatio value='0.372667'/>
</results>
