<results>
	<result value='draw'/>
	<start value='2015-03-29.02:25:58'/>
	<end value='2015-03-29.02:27:18'/>
	<frames value='57601'/>
	<gameDuration value='3600'/>

	<player>
		<unitScore value='29625'/>
		<killScore value='38400'/>
		<buildingScore value='3175'/>
		<razingScore value='3900'/>
		<mineralScore value='31442'/>
		<gasScore value='6112'/>
		<totalScore value='112654'/>
	</player>

	<enemy>
		<race value='Protoss'/>
		<unitScore value='28175'/>
		<unitScore value='28175'/>
		<killScore value='48200'/>
		<buildingScore value='6425'/>
		<razingScore value='1500'/>
		<mineralScore value='31550'/>
		<gasScore value='10078'/>
		<totalScore value='125928'/>
	</enemy>

	<scoreRatio value='0.894591'/>
</results>
