<results>
	<result value='loss'/>
	<start value='2015-07-11.22:58:18'/>
	<end value='2015-07-11.22:58:33'/>
	<frames value='17703'/>
	<gameDuration value='1106'/>

	<player>
		<unitScore value='4650'/>
		<killScore value='500'/>
		<buildingScore value='1600'/>
		<razingScore value='0'/>
		<mineralScore value='6090'/>
		<gasScore value='880'/>
		<totalScore value='13720'/>
	</player>

	<enemy>
		<race value='Terran'/>
		<unitScore value='6700'/>
		<killScore value='9300'/>
		<buildingScore value='2750'/>
		<razingScore value='4800'/>
		<mineralScore value='8026'/>
		<gasScore value='2864'/>
		<totalScore value='34440'/>
	</enemy>

	<scoreRatio value='0.398374'/>
	<timeFitness value='0.153611'/>
	<unitsAverage value='24'/>
</results>
