<results>
	<result value='loss'/>
	<start value='2015-07-11.23:16:21'/>
	<end value='2015-07-11.23:16:45'/>
	<frames value='23593'/>
	<gameDuration value='1474'/>

	<player>
		<unitScore value='10250'/>
		<killScore value='4500'/>
		<buildingScore value='3150'/>
		<razingScore value='0'/>
		<mineralScore value='11938'/>
		<gasScore value='1856'/>
		<totalScore value='31694'/>
	</player>

	<enemy>
		<race value='Terran'/>
		<unitScore value='8600'/>
		<killScore value='19450'/>
		<buildingScore value='3000'/>
		<razingScore value='9450'/>
		<mineralScore value='10618'/>
		<gasScore value='4016'/>
		<totalScore value='55134'/>
	</enemy>

	<scoreRatio value='0.574854'/>
	<timeFitness value='0.204722'/>
	<unitsAverage value='37'/>
</results>
