<results>
	<result value='win'/>
	<start value='2015-05-09.19:05:14'/>
	<end value='2015-05-09.19:05:38'/>
	<frames value='28305'/>
	<gameDuration value='1769'/>

	<player>
		<unitScore value='13850'/>
		<killScore value='13400'/>
		<buildingScore value='3575'/>
		<razingScore value='15225'/>
		<mineralScore value='19446'/>
		<gasScore value='2912'/>
		<totalScore value='68408'/>
	</player>

	<enemy>
		<race value='Protoss'/>
		<unitScore value='7100'/>
		<unitScore value='7100'/>
		<killScore value='11000'/>
		<buildingScore value='5075'/>
		<razingScore value='0'/>
		<mineralScore value='14650'/>
		<gasScore value='3560'/>
		<totalScore value='41385'/>
	</enemy>

	<scoreRatio value='1.65297'/>
	<timeFitness value='0.754306'/>
	<unitsAverage value='71'/>
</results>
