<results>
	<result value='win'/>
	<start value='2015-05-09.19:08:49'/>
	<end value='2015-05-09.19:09:15'/>
	<frames value='27933'/>
	<gameDuration value='1745'/>

	<player>
		<unitScore value='16575'/>
		<killScore value='13400'/>
		<buildingScore value='3925'/>
		<razingScore value='15075'/>
		<mineralScore value='21454'/>
		<gasScore value='2784'/>
		<totalScore value='73213'/>
	</player>

	<enemy>
		<race value='Protoss'/>
		<unitScore value='6700'/>
		<unitScore value='6700'/>
		<killScore value='13800'/>
		<buildingScore value='5025'/>
		<razingScore value='150'/>
		<mineralScore value='13002'/>
		<gasScore value='2936'/>
		<totalScore value='41613'/>
	</enemy>

	<scoreRatio value='1.75938'/>
	<timeFitness value='0.757639'/>
	<unitsAverage value='78'/>
</results>
