<results>
	<result value='win'/>
	<start value='2015-05-09.19:09:18'/>
	<end value='2015-05-09.19:09:56'/>
	<frames value='35063'/>
	<gameDuration value='2191'/>

	<player>
		<unitScore value='19600'/>
		<killScore value='19100'/>
		<buildingScore value='3825'/>
		<razingScore value='25125'/>
		<mineralScore value='27590'/>
		<gasScore value='2560'/>
		<totalScore value='97800'/>
	</player>

	<enemy>
		<race value='Protoss'/>
		<unitScore value='10200'/>
		<unitScore value='10200'/>
		<killScore value='16450'/>
		<buildingScore value='8375'/>
		<razingScore value='600'/>
		<mineralScore value='17850'/>
		<gasScore value='5128'/>
		<totalScore value='58603'/>
	</enemy>

	<scoreRatio value='1.66886'/>
	<timeFitness value='0.695694'/>
	<unitsAverage value='101'/>
</results>
