<results>
	<result value='loss'/>
	<start value='2015-04-16.17:27:12'/>
	<end value='2015-04-16.17:28:08'/>
	<frames value='39682'/>
	<gameDuration value='2480'/>

	<player>
		<unitScore value='15450'/>
		<killScore value='16850'/>
		<buildingScore value='2400'/>
		<razingScore value='900'/>
		<mineralScore value='18106'/>
		<gasScore value='2896'/>
		<totalScore value='56602'/>
	</player>

	<enemy>
		<race value='Protoss'/>
		<unitScore value='25425'/>
		<unitScore value='25425'/>
		<killScore value='31000'/>
		<buildingScore value='7425'/>
		<razingScore value='7200'/>
		<mineralScore value='27106'/>
		<gasScore value='9358'/>
		<totalScore value='107514'/>
	</enemy>

	<scoreRatio value='0.526462'/>
</results>
