<results>
	<result value='win'/>
	<start value='2015-04-11.04:09:35'/>
	<end value='2015-04-11.04:10:02'/>
	<frames value='20989'/>
	<gameDuration value='1311'/>

	<player>
		<unitScore value='8500'/>
		<killScore value='9200'/>
		<buildingScore value='2850'/>
		<razingScore value='6975'/>
		<mineralScore value='12938'/>
		<gasScore value='1816'/>
		<totalScore value='42279'/>
	</player>

	<enemy>
		<race value='Protoss'/>
		<unitScore value='4650'/>
		<unitScore value='4650'/>
		<killScore value='4400'/>
		<buildingScore value='2325'/>
		<razingScore value='150'/>
		<mineralScore value='7514'/>
		<gasScore value='1376'/>
		<totalScore value='20415'/>
	</enemy>

	<scoreRatio value='2.07098'/>
</results>
