<results>
	<result value='loss'/>
	<start value='2015-05-04.01:34:06'/>
	<end value='2015-05-04.01:34:09'/>
	<frames value='9302'/>
	<gameDuration value='581'/>

	<player>
		<unitScore value='950'/>
		<killScore value='200'/>
		<buildingScore value='575'/>
		<razingScore value='0'/>
		<mineralScore value='1258'/>
		<gasScore value='0'/>
		<totalScore value='2983'/>
	</player>

	<enemy>
		<race value='Zerg'/>
		<unitScore value='1700'/>
		<unitScore value='1700'/>
		<killScore value='1900'/>
		<buildingScore value='1020'/>
		<razingScore value='1725'/>
		<mineralScore value='2922'/>
		<gasScore value='240'/>
		<totalScore value='9507'/>
	</enemy>

	<scoreRatio value='0.313769'/>
	<timeFitness value='0.0806944'/>
	<unitsAverage value='8'/>
</results>
