<results>
	<result value='win'/>
	<start value='2015-05-04.01:30:43'/>
	<end value='2015-05-04.01:31:07'/>
	<frames value='26011'/>
	<gameDuration value='1625'/>

	<player>
		<unitScore value='16725'/>
		<killScore value='25670'/>
		<buildingScore value='4075'/>
		<razingScore value='5040'/>
		<mineralScore value='26790'/>
		<gasScore value='1816'/>
		<totalScore value='80116'/>
	</player>

	<enemy>
		<race value='Zerg'/>
		<unitScore value='12625'/>
		<unitScore value='12625'/>
		<killScore value='14750'/>
		<buildingScore value='1680'/>
		<razingScore value='0'/>
		<mineralScore value='11854'/>
		<gasScore value='3504'/>
		<totalScore value='44413'/>
	</enemy>

	<scoreRatio value='1.80389'/>
	<timeFitness value='0.774306'/>
	<unitsAverage value='100'/>
</results>
