<results>
	<result value='win'/>
	<start value='2015-05-04.02:03:35'/>
	<end value='2015-05-04.02:04:23'/>
	<frames value='39031'/>
	<gameDuration value='2439'/>

	<player>
		<unitScore value='27475'/>
		<killScore value='53540'/>
		<buildingScore value='4125'/>
		<razingScore value='7635'/>
		<mineralScore value='34642'/>
		<gasScore value='5120'/>
		<totalScore value='132537'/>
	</player>

	<enemy>
		<race value='Zerg'/>
		<unitScore value='24025'/>
		<unitScore value='24025'/>
		<killScore value='31150'/>
		<buildingScore value='2545'/>
		<razingScore value='0'/>
		<mineralScore value='19862'/>
		<gasScore value='6912'/>
		<totalScore value='84494'/>
	</enemy>

	<scoreRatio value='1.5686'/>
	<timeFitness value='0.66125'/>
	<unitsAverage value='126'/>
</results>
