<results>
	<result value='loss'/>
	<start value='2015-04-16.20:21:34'/>
	<end value='2015-04-16.20:21:49'/>
	<frames value='18044'/>
	<gameDuration value='1127'/>

	<player>
		<unitScore value='3650'/>
		<killScore value='1200'/>
		<buildingScore value='1850'/>
		<razingScore value='0'/>
		<mineralScore value='6026'/>
		<gasScore value='768'/>
		<totalScore value='13494'/>
	</player>

	<enemy>
		<race value='Protoss'/>
		<unitScore value='4225'/>
		<unitScore value='4225'/>
		<killScore value='7300'/>
		<buildingScore value='3625'/>
		<razingScore value='5550'/>
		<mineralScore value='9178'/>
		<gasScore value='2232'/>
		<totalScore value='32110'/>
	</enemy>

	<scoreRatio value='0.420243'/>
</results>
