<results>
	<result value='loss'/>
	<start value='2015-05-07.14:48:58'/>
	<end value='2015-05-07.14:49:44'/>
	<frames value='47618'/>
	<gameDuration value='2976'/>

	<player>
		<unitScore value='21975'/>
		<killScore value='25650'/>
		<buildingScore value='2550'/>
		<razingScore value='6600'/>
		<mineralScore value='24410'/>
		<gasScore value='5006'/>
		<totalScore value='86191'/>
	</player>

	<enemy>
		<race value='Protoss'/>
		<unitScore value='24525'/>
		<unitScore value='24525'/>
		<killScore value='43450'/>
		<buildingScore value='9225'/>
		<razingScore value='7650'/>
		<mineralScore value='30310'/>
		<gasScore value='8646'/>
		<totalScore value='123806'/>
	</enemy>

	<scoreRatio value='0.696178'/>
	<timeFitness value='0.413333'/>
	<unitsAverage value='82'/>
</results>
