<results>
	<result value='loss'/>
	<start value='2015-05-07.15:05:46'/>
	<end value='2015-05-07.15:05:54'/>
	<frames value='15161'/>
	<gameDuration value='947'/>

	<player>
		<unitScore value='2925'/>
		<killScore value='600'/>
		<buildingScore value='1625'/>
		<razingScore value='0'/>
		<mineralScore value='4642'/>
		<gasScore value='792'/>
		<totalScore value='10584'/>
	</player>

	<enemy>
		<race value='Protoss'/>
		<unitScore value='3550'/>
		<unitScore value='3550'/>
		<killScore value='5850'/>
		<buildingScore value='3025'/>
		<razingScore value='4875'/>
		<mineralScore value='7994'/>
		<gasScore value='1424'/>
		<totalScore value='26718'/>
	</enemy>

	<scoreRatio value='0.396137'/>
	<timeFitness value='0.131528'/>
	<unitsAverage value='22'/>
</results>
