<results>
	<result value='loss'/>
	<start value='2015-05-07.15:11:34'/>
	<end value='2015-05-07.15:12:02'/>
	<frames value='40922'/>
	<gameDuration value='2557'/>

	<player>
		<unitScore value='14300'/>
		<killScore value='13300'/>
		<buildingScore value='2125'/>
		<razingScore value='1050'/>
		<mineralScore value='16130'/>
		<gasScore value='3144'/>
		<totalScore value='50049'/>
	</player>

	<enemy>
		<race value='Protoss'/>
		<unitScore value='26475'/>
		<unitScore value='26475'/>
		<killScore value='28350'/>
		<buildingScore value='7575'/>
		<razingScore value='6375'/>
		<mineralScore value='28138'/>
		<gasScore value='10278'/>
		<totalScore value='107191'/>
	</enemy>

	<scoreRatio value='0.466914'/>
	<timeFitness value='0.355139'/>
	<unitsAverage value='44'/>
</results>
