<results>
	<result value='loss'/>
	<start value='2015-05-07.15:16:06'/>
	<end value='2015-05-07.15:16:13'/>
	<frames value='14634'/>
	<gameDuration value='914'/>

	<player>
		<unitScore value='3000'/>
		<killScore value='400'/>
		<buildingScore value='1550'/>
		<razingScore value='0'/>
		<mineralScore value='4658'/>
		<gasScore value='656'/>
		<totalScore value='10264'/>
	</player>

	<enemy>
		<race value='Protoss'/>
		<unitScore value='3550'/>
		<unitScore value='3550'/>
		<killScore value='5900'/>
		<buildingScore value='2275'/>
		<razingScore value='4650'/>
		<mineralScore value='7482'/>
		<gasScore value='1216'/>
		<totalScore value='25073'/>
	</enemy>

	<scoreRatio value='0.409365'/>
	<timeFitness value='0.126944'/>
	<unitsAverage value='22'/>
</results>
