<results>
	<result value='draw'/>
	<start value='2014-07-24.02:33:05'/>
	<end value='2014-07-24.02:33:52'/>
	<frames value='57601'/>
	<gameDuration value='3600'/>

	<player>
		<unitScore value='25050'/>
		<killScore value='17550'/>
		<buildingScore value='4625'/>
		<razingScore value='1350'/>
		<mineralScore value='32730'/>
		<gasScore value='3736'/>
		<totalScore value='85041'/>
	</player>

	<enemy>
		<race value='Terran'/>
		<unitScore value='21025'/>
		<unitScore value='21025'/>
		<killScore value='43600'/>
		<buildingScore value='5075'/>
		<razingScore value='4725'/>
		<mineralScore value='19542'/>
		<gasScore value='12116'/>
		<totalScore value='106083'/>
	</enemy>

	<scoreRatio value='0.801646'/>
</results>
