<results>
	<result value='draw'/>
	<start value='2015-03-31.10:54:54'/>
	<end value='2015-03-31.10:56:03'/>
	<frames value='57601'/>
	<gameDuration value='3600'/>

	<player>
		<unitScore value='29775'/>
		<killScore value='53130'/>
		<buildingScore value='4900'/>
		<razingScore value='18000'/>
		<mineralScore value='35078'/>
		<gasScore value='6000'/>
		<totalScore value='146883'/>
	</player>

	<enemy>
		<race value='Protoss'/>
		<unitScore value='31635'/>
		<unitScore value='31635'/>
		<killScore value='56900'/>
		<buildingScore value='7000'/>
		<razingScore value='10875'/>
		<mineralScore value='27902'/>
		<gasScore value='10964'/>
		<totalScore value='145276'/>
	</enemy>

	<scoreRatio value='1.01106'/>
</results>
