<results>
	<result value='loss'/>
	<start value='2015-03-31.10:58:43'/>
	<end value='2015-03-31.10:59:26'/>
	<frames value='46688'/>
	<gameDuration value='2918'/>

	<player>
		<unitScore value='23025'/>
		<killScore value='29650'/>
		<buildingScore value='2800'/>
		<razingScore value='1200'/>
		<mineralScore value='23954'/>
		<gasScore value='5082'/>
		<totalScore value='85711'/>
	</player>

	<enemy>
		<race value='Protoss'/>
		<unitScore value='36125'/>
		<unitScore value='36125'/>
		<killScore value='46000'/>
		<buildingScore value='7875'/>
		<razingScore value='8400'/>
		<mineralScore value='32090'/>
		<gasScore value='12802'/>
		<totalScore value='143292'/>
	</enemy>

	<scoreRatio value='0.598156'/>
</results>
