<results>
	<result value='loss'/>
	<start value='2015-03-31.11:03:01'/>
	<end value='2015-03-31.11:03:52'/>
	<frames value='48579'/>
	<gameDuration value='3036'/>

	<player>
		<unitScore value='22650'/>
		<killScore value='45900'/>
		<buildingScore value='2825'/>
		<razingScore value='300'/>
		<mineralScore value='23962'/>
		<gasScore value='4968'/>
		<totalScore value='100605'/>
	</player>

	<enemy>
		<race value='Protoss'/>
		<unitScore value='42525'/>
		<unitScore value='42525'/>
		<killScore value='45300'/>
		<buildingScore value='7525'/>
		<razingScore value='8475'/>
		<mineralScore value='34122'/>
		<gasScore value='14500'/>
		<totalScore value='152447'/>
	</enemy>

	<scoreRatio value='0.659934'/>
</results>
