<results>
	<result value='win'/>
	<start value='2015-04-13.17:39:27'/>
	<end value='2015-04-13.17:39:56'/>
	<frames value='32955'/>
	<gameDuration value='2059'/>

	<player>
		<unitScore value='19150'/>
		<killScore value='25000'/>
		<buildingScore value='4100'/>
		<razingScore value='20325'/>
		<mineralScore value='24690'/>
		<gasScore value='2184'/>
		<totalScore value='95449'/>
	</player>

	<enemy>
		<race value='Protoss'/>
		<unitScore value='12500'/>
		<unitScore value='12500'/>
		<killScore value='19250'/>
		<buildingScore value='6775'/>
		<razingScore value='0'/>
		<mineralScore value='16870'/>
		<gasScore value='5176'/>
		<totalScore value='60571'/>
	</enemy>

	<scoreRatio value='1.57582'/>
</results>
