<results>
	<result value='loss'/>
	<start value='2015-04-13.17:40:27'/>
	<end value='2015-04-13.17:40:49'/>
	<frames value='36272'/>
	<gameDuration value='2267'/>

	<player>
		<unitScore value='15300'/>
		<killScore value='17300'/>
		<buildingScore value='2300'/>
		<razingScore value='2250'/>
		<mineralScore value='18826'/>
		<gasScore value='2064'/>
		<totalScore value='58040'/>
	</player>

	<enemy>
		<race value='Protoss'/>
		<unitScore value='25975'/>
		<unitScore value='25975'/>
		<killScore value='30600'/>
		<buildingScore value='8650'/>
		<razingScore value='6900'/>
		<mineralScore value='28578'/>
		<gasScore value='8976'/>
		<totalScore value='109679'/>
	</enemy>

	<scoreRatio value='0.529181'/>
</results>
