<results>
	<result value='loss'/>
	<start value='2015-04-11.00:14:50'/>
	<end value='2015-04-11.00:15:29'/>
	<frames value='34815'/>
	<gameDuration value='2175'/>

	<player>
		<unitScore value='13900'/>
		<killScore value='10200'/>
		<buildingScore value='2275'/>
		<razingScore value='0'/>
		<mineralScore value='15974'/>
		<gasScore value='2448'/>
		<totalScore value='44797'/>
	</player>

	<enemy>
		<race value='Protoss'/>
		<unitScore value='21800'/>
		<unitScore value='21800'/>
		<killScore value='27800'/>
		<buildingScore value='6925'/>
		<razingScore value='6675'/>
		<mineralScore value='23250'/>
		<gasScore value='9624'/>
		<totalScore value='96074'/>
	</enemy>

	<scoreRatio value='0.466276'/>
</results>
