<results>
	<result value='loss'/>
	<start value='2015-05-10.03:02:43'/>
	<end value='2015-05-10.03:02:58'/>
	<frames value='19625'/>
	<gameDuration value='1226'/>

	<player>
		<unitScore value='3850'/>
		<killScore value='1600'/>
		<buildingScore value='1525'/>
		<razingScore value='0'/>
		<mineralScore value='5266'/>
		<gasScore value='560'/>
		<totalScore value='12801'/>
	</player>

	<enemy>
		<race value='Protoss'/>
		<unitScore value='4400'/>
		<unitScore value='4400'/>
		<killScore value='7800'/>
		<buildingScore value='5275'/>
		<razingScore value='4575'/>
		<mineralScore value='11322'/>
		<gasScore value='1976'/>
		<totalScore value='35348'/>
	</enemy>

	<scoreRatio value='0.362142'/>
	<timeFitness value='0.170278'/>
	<unitsAverage value='23'/>
</results>
