<results>
	<result value='loss'/>
	<start value='2015-07-21.03:22:15'/>
	<end value='2015-07-21.03:23:15'/>
	<frames value='28987'/>
	<gameDuration value='1811'/>

	<player>
		<unitScore value='20275'/>
		<killScore value='12200'/>
		<buildingScore value='2725'/>
		<razingScore value='0'/>
		<mineralScore value='22026'/>
		<gasScore value='3152'/>
		<totalScore value='60378'/>
	</player>

	<enemy>
		<race value='Zerg'/>
		<unitScore value='15875'/>
		<killScore value='36650'/>
		<buildingScore value='3320'/>
		<razingScore value='8175'/>
		<mineralScore value='16598'/>
		<gasScore value='5648'/>
		<totalScore value='86266'/>
	</enemy>

	<scoreRatio value='0.699905'/>
	<timeFitness value='0.251528'/>
	<unitsAverage value='73'/>
</results>
