<results>
	<result value='loss'/>
	<start value='2014-07-24.04:52:33'/>
	<end value='2014-07-24.04:52:40'/>
	<frames value='17672'/>
	<gameDuration value='1104'/>

	<player>
		<unitScore value='4150'/>
		<killScore value='1050'/>
		<buildingScore value='1875'/>
		<razingScore value='0'/>
		<mineralScore value='5746'/>
		<gasScore value='672'/>
		<totalScore value='13493'/>
	</player>

	<enemy>
		<race value='Terran'/>
		<unitScore value='6500'/>
		<unitScore value='6500'/>
		<killScore value='8300'/>
		<buildingScore value='2700'/>
		<razingScore value='5625'/>
		<mineralScore value='8122'/>
		<gasScore value='2680'/>
		<totalScore value='33927'/>
	</enemy>

	<scoreRatio value='0.397707'/>
</results>
