<results>
	<result value='loss'/>
	<start value='2015-05-06.07:14:19'/>
	<end value='2015-05-06.07:14:38'/>
	<frames value='30847'/>
	<gameDuration value='1927'/>

	<player>
		<unitScore value='9850'/>
		<killScore value='6000'/>
		<buildingScore value='2300'/>
		<razingScore value='300'/>
		<mineralScore value='15726'/>
		<gasScore value='2256'/>
		<totalScore value='36432'/>
	</player>

	<enemy>
		<race value='Protoss'/>
		<unitScore value='16650'/>
		<unitScore value='16650'/>
		<killScore value='19800'/>
		<buildingScore value='6875'/>
		<razingScore value='6900'/>
		<mineralScore value='20686'/>
		<gasScore value='7144'/>
		<totalScore value='78055'/>
	</enemy>

	<scoreRatio value='0.466748'/>
	<timeFitness value='0.267639'/>
	<unitsAverage value='52'/>
</results>
