<results>
	<result value='loss'/>
	<start value='2015-05-06.07:14:52'/>
	<end value='2015-05-06.07:15:00'/>
	<frames value='18881'/>
	<gameDuration value='1180'/>

	<player>
		<unitScore value='4250'/>
		<killScore value='1600'/>
		<buildingScore value='1600'/>
		<razingScore value='0'/>
		<mineralScore value='6130'/>
		<gasScore value='0'/>
		<totalScore value='13580'/>
	</player>

	<enemy>
		<race value='Protoss'/>
		<unitScore value='4300'/>
		<unitScore value='4300'/>
		<killScore value='8500'/>
		<buildingScore value='4925'/>
		<razingScore value='4800'/>
		<mineralScore value='10714'/>
		<gasScore value='1960'/>
		<totalScore value='35199'/>
	</enemy>

	<scoreRatio value='0.385806'/>
	<timeFitness value='0.163889'/>
	<unitsAverage value='20'/>
</results>
