<results>
	<result value='loss'/>
	<start value='2015-05-06.07:19:24'/>
	<end value='2015-05-06.07:19:32'/>
	<frames value='17145'/>
	<gameDuration value='1071'/>

	<player>
		<unitScore value='3550'/>
		<killScore value='800'/>
		<buildingScore value='1925'/>
		<razingScore value='0'/>
		<mineralScore value='5738'/>
		<gasScore value='1264'/>
		<totalScore value='13277'/>
	</player>

	<enemy>
		<race value='Protoss'/>
		<unitScore value='3700'/>
		<unitScore value='3700'/>
		<killScore value='7200'/>
		<buildingScore value='4125'/>
		<razingScore value='5775'/>
		<mineralScore value='9106'/>
		<gasScore value='1808'/>
		<totalScore value='31714'/>
	</enemy>

	<scoreRatio value='0.418648'/>
	<timeFitness value='0.14875'/>
	<unitsAverage value='22'/>
</results>
