<results>
	<result value='loss'/>
	<start value='2015-05-06.07:32:26'/>
	<end value='2015-05-06.07:32:34'/>
	<frames value='17517'/>
	<gameDuration value='1094'/>

	<player>
		<unitScore value='2975'/>
		<killScore value='600'/>
		<buildingScore value='1725'/>
		<razingScore value='0'/>
		<mineralScore value='5066'/>
		<gasScore value='600'/>
		<totalScore value='10966'/>
	</player>

	<enemy>
		<race value='Protoss'/>
		<unitScore value='4700'/>
		<unitScore value='4700'/>
		<killScore value='4750'/>
		<buildingScore value='3925'/>
		<razingScore value='4950'/>
		<mineralScore value='8954'/>
		<gasScore value='2224'/>
		<totalScore value='29503'/>
	</enemy>

	<scoreRatio value='0.371691'/>
	<timeFitness value='0.151944'/>
	<unitsAverage value='25'/>
</results>
