<results>
	<result value='loss'/>
	<start value='2015-05-06.07:41:46'/>
	<end value='2015-05-06.07:42:05'/>
	<frames value='34381'/>
	<gameDuration value='2148'/>

	<player>
		<unitScore value='9950'/>
		<killScore value='10750'/>
		<buildingScore value='2550'/>
		<razingScore value='300'/>
		<mineralScore value='15682'/>
		<gasScore value='2456'/>
		<totalScore value='41688'/>
	</player>

	<enemy>
		<race value='Protoss'/>
		<unitScore value='19425'/>
		<unitScore value='19425'/>
		<killScore value='19900'/>
		<buildingScore value='6825'/>
		<razingScore value='7650'/>
		<mineralScore value='21646'/>
		<gasScore value='8560'/>
		<totalScore value='84006'/>
	</enemy>

	<scoreRatio value='0.49625'/>
	<timeFitness value='0.298333'/>
	<unitsAverage value='40'/>
</results>
