<results>
	<result value='win'/>
	<start value='2015-05-03.17:16:26'/>
	<end value='2015-05-03.17:16:57'/>
	<frames value='24926'/>
	<gameDuration value='1557'/>

	<player>
		<unitScore value='13525'/>
		<killScore value='26310'/>
		<buildingScore value='3975'/>
		<razingScore value='4680'/>
		<mineralScore value='20022'/>
		<gasScore value='2456'/>
		<totalScore value='70968'/>
	</player>

	<enemy>
		<race value='Zerg'/>
		<unitScore value='11300'/>
		<unitScore value='11300'/>
		<killScore value='8950'/>
		<buildingScore value='1560'/>
		<razingScore value='0'/>
		<mineralScore value='10010'/>
		<gasScore value='2720'/>
		<totalScore value='34540'/>
	</enemy>

	<scoreRatio value='2.05466'/>
	<timeFitness value='0.78375'/>
	<unitsAverage value='83'/>
</results>
