<results>
	<result value='win'/>
	<start value='2015-05-09.22:59:43'/>
	<end value='2015-05-09.23:00:09'/>
	<frames value='30599'/>
	<gameDuration value='1912'/>

	<player>
		<unitScore value='12900'/>
		<killScore value='10600'/>
		<buildingScore value='3300'/>
		<razingScore value='15900'/>
		<mineralScore value='22362'/>
		<gasScore value='2184'/>
		<totalScore value='67246'/>
	</player>

	<enemy>
		<race value='Protoss'/>
		<unitScore value='5300'/>
		<unitScore value='5300'/>
		<killScore value='9800'/>
		<buildingScore value='5300'/>
		<razingScore value='1575'/>
		<mineralScore value='15330'/>
		<gasScore value='2256'/>
		<totalScore value='39561'/>
	</enemy>

	<scoreRatio value='1.69981'/>
	<timeFitness value='0.734444'/>
	<unitsAverage value='75'/>
</results>
