<results>
	<result value='loss'/>
	<start value='2015-07-21.06:07:21'/>
	<end value='2015-07-21.06:07:34'/>
	<frames value='20803'/>
	<gameDuration value='1300'/>

	<player>
		<unitScore value='3650'/>
		<killScore value='1400'/>
		<buildingScore value='1450'/>
		<razingScore value='0'/>
		<mineralScore value='5122'/>
		<gasScore value='1368'/>
		<totalScore value='12990'/>
	</player>

	<enemy>
		<race value='Zerg'/>
		<unitScore value='6775'/>
		<killScore value='6950'/>
		<buildingScore value='2365'/>
		<razingScore value='4350'/>
		<mineralScore value='8106'/>
		<gasScore value='2528'/>
		<totalScore value='31074'/>
	</enemy>

	<scoreRatio value='0.418034'/>
	<timeFitness value='0.180556'/>
	<unitsAverage value='19'/>
</results>
