<results>
	<result value='win'/>
	<start value='2015-04-27.02:13:53'/>
	<end value='2015-04-27.02:14:40'/>
	<frames value='37016'/>
	<gameDuration value='2313'/>

	<player>
		<unitScore value='22950'/>
		<killScore value='25150'/>
		<buildingScore value='4950'/>
		<razingScore value='8550'/>
		<mineralScore value='40714'/>
		<gasScore value='4344'/>
		<totalScore value='106658'/>
	</player>

	<enemy>
		<race value='Terran'/>
		<unitScore value='12575'/>
		<unitScore value='12575'/>
		<killScore value='23200'/>
		<buildingScore value='2850'/>
		<razingScore value='2100'/>
		<mineralScore value='12050'/>
		<gasScore value='5208'/>
		<totalScore value='57983'/>
	</enemy>

	<scoreRatio value='1.83947'/>
</results>
