<results>
	<result value='draw'/>
	<start value='2015-04-29.12:42:22'/>
	<end value='2015-04-29.12:45:00'/>
	<frames value='57601'/>
	<gameDuration value='3600'/>

	<player>
		<unitScore value='32375'/>
		<killScore value='53750'/>
		<buildingScore value='3975'/>
		<razingScore value='20250'/>
		<mineralScore value='33114'/>
		<gasScore value='5554'/>
		<totalScore value='149018'/>
	</player>

	<enemy>
		<race value='Protoss'/>
		<unitScore value='27825'/>
		<unitScore value='27825'/>
		<killScore value='44650'/>
		<buildingScore value='7200'/>
		<razingScore value='2325'/>
		<mineralScore value='26114'/>
		<gasScore value='8376'/>
		<totalScore value='116490'/>
	</enemy>

	<scoreRatio value='1.27923'/>
	<timeFitness value='0.5'/>
	<unitsAverage value='137'/>
</results>
