<results>
	<result value='loss'/>
	<start value='2014-07-22.23:31:38'/>
	<end value='2014-07-22.23:31:44'/>
	<frames value='14665'/>
	<gameDuration value='916'/>

	<player>
		<unitScore value='3600'/>
		<killScore value='1200'/>
		<buildingScore value='1350'/>
		<razingScore value='0'/>
		<mineralScore value='4938'/>
		<gasScore value='152'/>
		<totalScore value='11240'/>
	</player>

	<enemy>
		<race value='Protoss'/>
		<unitScore value='3550'/>
		<unitScore value='3550'/>
		<killScore value='7200'/>
		<buildingScore value='2225'/>
		<razingScore value='4050'/>
		<mineralScore value='7498'/>
		<gasScore value='1184'/>
		<totalScore value='25707'/>
	</enemy>

	<scoreRatio value='0.437235'/>
</results>
