<results>
	<result value='loss'/>
	<start value='2015-07-21.12:34:59'/>
	<end value='2015-07-21.12:35:36'/>
	<frames value='29576'/>
	<gameDuration value='1848'/>

	<player>
		<unitScore value='14600'/>
		<killScore value='11950'/>
		<buildingScore value='2625'/>
		<razingScore value='0'/>
		<mineralScore value='26090'/>
		<gasScore value='2400'/>
		<totalScore value='57665'/>
	</player>

	<enemy>
		<race value='Zerg'/>
		<unitScore value='15550'/>
		<killScore value='27850'/>
		<buildingScore value='3420'/>
		<razingScore value='7875'/>
		<mineralScore value='17654'/>
		<gasScore value='6048'/>
		<totalScore value='78397'/>
	</enemy>

	<scoreRatio value='0.735551'/>
	<timeFitness value='0.256667'/>
	<unitsAverage value='73'/>
</results>
