<results>
	<result value='win'/>
	<start value='2015-05-08.19:14:06'/>
	<end value='2015-05-08.19:14:29'/>
	<frames value='27902'/>
	<gameDuration value='1743'/>

	<player>
		<unitScore value='12400'/>
		<killScore value='26450'/>
		<buildingScore value='4075'/>
		<razingScore value='8850'/>
		<mineralScore value='22786'/>
		<gasScore value='1872'/>
		<totalScore value='76433'/>
	</player>

	<enemy>
		<race value='Terran'/>
		<unitScore value='14025'/>
		<unitScore value='14025'/>
		<killScore value='6700'/>
		<buildingScore value='3025'/>
		<razingScore value='1950'/>
		<mineralScore value='11322'/>
		<gasScore value='5136'/>
		<totalScore value='42158'/>
	</enemy>

	<scoreRatio value='1.81301'/>
	<timeFitness value='0.757917'/>
	<unitsAverage value='81'/>
</results>
