<results>
	<result value='win'/>
	<start value='2015-05-08.19:15:48'/>
	<end value='2015-05-08.19:16:24'/>
	<frames value='34753'/>
	<gameDuration value='2172'/>

	<player>
		<unitScore value='20350'/>
		<killScore value='33050'/>
		<buildingScore value='5175'/>
		<razingScore value='13425'/>
		<mineralScore value='27778'/>
		<gasScore value='4000'/>
		<totalScore value='103778'/>
	</player>

	<enemy>
		<race value='Terran'/>
		<unitScore value='19525'/>
		<unitScore value='19525'/>
		<killScore value='17400'/>
		<buildingScore value='4475'/>
		<razingScore value='2925'/>
		<mineralScore value='16870'/>
		<gasScore value='8504'/>
		<totalScore value='69699'/>
	</enemy>

	<scoreRatio value='1.48895'/>
	<timeFitness value='0.698333'/>
	<unitsAverage value='106'/>
</results>
