<results>
	<result value='win'/>
	<start value='2015-05-08.19:16:39'/>
	<end value='2015-05-08.19:16:54'/>
	<frames value='23841'/>
	<gameDuration value='1490'/>

	<player>
		<unitScore value='8525'/>
		<killScore value='13100'/>
		<buildingScore value='3125'/>
		<razingScore value='6900'/>
		<mineralScore value='12842'/>
		<gasScore value='2192'/>
		<totalScore value='46684'/>
	</player>

	<enemy>
		<race value='Terran'/>
		<unitScore value='6550'/>
		<unitScore value='6550'/>
		<killScore value='7600'/>
		<buildingScore value='2300'/>
		<razingScore value='3750'/>
		<mineralScore value='7954'/>
		<gasScore value='2216'/>
		<totalScore value='30370'/>
	</enemy>

	<scoreRatio value='1.53717'/>
	<timeFitness value='0.793056'/>
	<unitsAverage value='57'/>
</results>
