<results>
	<result value='loss'/>
	<start value='2015-05-22.02:38:46'/>
	<end value='2015-05-22.02:38:55'/>
	<frames value='15626'/>
	<gameDuration value='976'/>

	<player>
		<unitScore value='3425'/>
		<killScore value='900'/>
		<buildingScore value='1925'/>
		<razingScore value='0'/>
		<mineralScore value='5386'/>
		<gasScore value='672'/>
		<totalScore value='12308'/>
	</player>

	<enemy>
		<race value='Protoss'/>
		<unitScore value='4625'/>
		<killScore value='6750'/>
		<buildingScore value='2425'/>
		<razingScore value='5775'/>
		<mineralScore value='8002'/>
		<gasScore value='2000'/>
		<totalScore value='29577'/>
	</enemy>

	<scoreRatio value='0.416134'/>
	<timeFitness value='0.135556'/>
	<unitsAverage value='28'/>
</results>
