<results>
	<result value='win'/>
	<start value='2015-05-08.19:33:05'/>
	<end value='2015-05-08.19:33:21'/>
	<frames value='22074'/>
	<gameDuration value='1379'/>

	<player>
		<unitScore value='9850'/>
		<killScore value='15730'/>
		<buildingScore value='2800'/>
		<razingScore value='5460'/>
		<mineralScore value='13378'/>
		<gasScore value='1168'/>
		<totalScore value='48386'/>
	</player>

	<enemy>
		<race value='Zerg'/>
		<unitScore value='7525'/>
		<unitScore value='7525'/>
		<killScore value='7000'/>
		<buildingScore value='1820'/>
		<razingScore value='0'/>
		<mineralScore value='7834'/>
		<gasScore value='2424'/>
		<totalScore value='26603'/>
	</enemy>

	<scoreRatio value='1.81882'/>
	<timeFitness value='0.808472'/>
	<unitsAverage value='62'/>
</results>
