<results>
	<result value='win'/>
	<start value='2015-05-08.19:31:07'/>
	<end value='2015-05-08.19:31:34'/>
	<frames value='28615'/>
	<gameDuration value='1788'/>

	<player>
		<unitScore value='14725'/>
		<killScore value='20880'/>
		<buildingScore value='3900'/>
		<razingScore value='8190'/>
		<mineralScore value='21306'/>
		<gasScore value='2616'/>
		<totalScore value='71617'/>
	</player>

	<enemy>
		<race value='Zerg'/>
		<unitScore value='9925'/>
		<unitScore value='9925'/>
		<killScore value='11550'/>
		<buildingScore value='2730'/>
		<razingScore value='150'/>
		<mineralScore value='11234'/>
		<gasScore value='3520'/>
		<totalScore value='39109'/>
	</enemy>

	<scoreRatio value='1.83122'/>
	<timeFitness value='0.751667'/>
	<unitsAverage value='82'/>
</results>
