<results>
	<result value='win'/>
	<start value='2015-05-08.20:04:52'/>
	<end value='2015-05-08.20:05:23'/>
	<frames value='29731'/>
	<gameDuration value='1858'/>

	<player>
		<unitScore value='16075'/>
		<killScore value='24010'/>
		<buildingScore value='4975'/>
		<razingScore value='5460'/>
		<mineralScore value='22398'/>
		<gasScore value='1696'/>
		<totalScore value='74614'/>
	</player>

	<enemy>
		<race value='Zerg'/>
		<unitScore value='10950'/>
		<unitScore value='10950'/>
		<killScore value='10950'/>
		<buildingScore value='1820'/>
		<razingScore value='0'/>
		<mineralScore value='10182'/>
		<gasScore value='3144'/>
		<totalScore value='37046'/>
	</enemy>

	<scoreRatio value='2.01409'/>
	<timeFitness value='0.741944'/>
	<unitsAverage value='95'/>
</results>
