<results>
	<result value='draw'/>
	<start value='2015-05-08.20:14:05'/>
	<end value='2015-05-08.20:15:38'/>
	<frames value='57601'/>
	<gameDuration value='3600'/>

	<player>
		<unitScore value='31100'/>
		<killScore value='73280'/>
		<buildingScore value='2900'/>
		<razingScore value='2865'/>
		<mineralScore value='31670'/>
		<gasScore value='7664'/>
		<totalScore value='149479'/>
	</player>

	<enemy>
		<race value='Zerg'/>
		<unitScore value='37975'/>
		<unitScore value='37975'/>
		<killScore value='38000'/>
		<buildingScore value='4435'/>
		<razingScore value='450'/>
		<mineralScore value='28962'/>
		<gasScore value='11988'/>
		<totalScore value='121810'/>
	</enemy>

	<scoreRatio value='1.22715'/>
	<timeFitness value='0.5'/>
	<unitsAverage value='125'/>
</results>
