<results>
	<result value='win'/>
	<start value='2015-05-03.03:10:10'/>
	<end value='2015-05-03.03:11:14'/>
	<frames value='45200'/>
	<gameDuration value='2825'/>

	<player>
		<unitScore value='25925'/>
		<killScore value='40750'/>
		<buildingScore value='4925'/>
		<razingScore value='12075'/>
		<mineralScore value='38410'/>
		<gasScore value='3448'/>
		<totalScore value='125533'/>
	</player>

	<enemy>
		<race value='Terran'/>
		<unitScore value='24375'/>
		<unitScore value='24375'/>
		<killScore value='28550'/>
		<buildingScore value='4025'/>
		<razingScore value='4800'/>
		<mineralScore value='17666'/>
		<gasScore value='9690'/>
		<totalScore value='89106'/>
	</enemy>

	<scoreRatio value='1.40881'/>
	<timeFitness value='0.607639'/>
	<unitsAverage value='108'/>
</results>
