<results>
	<result value='loss'/>
	<start value='2015-05-03.03:11:17'/>
	<end value='2015-05-03.03:11:45'/>
	<frames value='38845'/>
	<gameDuration value='2427'/>

	<player>
		<unitScore value='8450'/>
		<killScore value='6550'/>
		<buildingScore value='3600'/>
		<razingScore value='0'/>
		<mineralScore value='12402'/>
		<gasScore value='1400'/>
		<totalScore value='32402'/>
	</player>

	<enemy>
		<race value='Terran'/>
		<unitScore value='19475'/>
		<unitScore value='19475'/>
		<killScore value='16900'/>
		<buildingScore value='5575'/>
		<razingScore value='10800'/>
		<mineralScore value='20110'/>
		<gasScore value='11706'/>
		<totalScore value='84566'/>
	</enemy>

	<scoreRatio value='0.383156'/>
	<timeFitness value='0.337083'/>
	<unitsAverage value='29'/>
</results>
