<results>
	<result value='win'/>
	<start value='2015-05-03.03:41:20'/>
	<end value='2015-05-03.03:41:41'/>
	<frames value='23686'/>
	<gameDuration value='1480'/>

	<player>
		<unitScore value='10675'/>
		<killScore value='13900'/>
		<buildingScore value='2800'/>
		<razingScore value='6750'/>
		<mineralScore value='15274'/>
		<gasScore value='1808'/>
		<totalScore value='51207'/>
	</player>

	<enemy>
		<race value='Terran'/>
		<unitScore value='6950'/>
		<unitScore value='6950'/>
		<killScore value='7750'/>
		<buildingScore value='2250'/>
		<razingScore value='300'/>
		<mineralScore value='8210'/>
		<gasScore value='2416'/>
		<totalScore value='27876'/>
	</enemy>

	<scoreRatio value='1.83696'/>
	<timeFitness value='0.794444'/>
	<unitsAverage value='66'/>
</results>
