<results>
	<result value='loss'/>
	<start value='2015-05-09.19:02:44'/>
	<end value='2015-05-09.19:02:54'/>
	<frames value='17114'/>
	<gameDuration value='1069'/>

	<player>
		<unitScore value='5200'/>
		<killScore value='800'/>
		<buildingScore value='1750'/>
		<razingScore value='0'/>
		<mineralScore value='6618'/>
		<gasScore value='1424'/>
		<totalScore value='15792'/>
	</player>

	<enemy>
		<race value='Protoss'/>
		<unitScore value='3875'/>
		<unitScore value='3875'/>
		<killScore value='10400'/>
		<buildingScore value='3425'/>
		<razingScore value='5250'/>
		<mineralScore value='8986'/>
		<gasScore value='2128'/>
		<totalScore value='34064'/>
	</enemy>

	<scoreRatio value='0.463598'/>
	<timeFitness value='0.148472'/>
	<unitsAverage value='32'/>
</results>
