<results>
	<result value='loss'/>
	<start value='2015-04-13.21:47:45'/>
	<end value='2015-04-13.21:48:47'/>
	<frames value='40705'/>
	<gameDuration value='2544'/>

	<player>
		<unitScore value='19150'/>
		<killScore value='11550'/>
		<buildingScore value='3150'/>
		<razingScore value='150'/>
		<mineralScore value='22110'/>
		<gasScore value='4272'/>
		<totalScore value='60382'/>
	</player>

	<enemy>
		<race value='Protoss'/>
		<unitScore value='25600'/>
		<unitScore value='25600'/>
		<killScore value='38300'/>
		<buildingScore value='7225'/>
		<razingScore value='9450'/>
		<mineralScore value='28882'/>
		<gasScore value='9918'/>
		<totalScore value='119375'/>
	</enemy>

	<scoreRatio value='0.505818'/>
</results>
