<results>
	<result value='win'/>
	<start value='2015-04-13.21:55:15'/>
	<end value='2015-04-13.21:56:27'/>
	<frames value='39186'/>
	<gameDuration value='2449'/>

	<player>
		<unitScore value='22250'/>
		<killScore value='33600'/>
		<buildingScore value='4425'/>
		<razingScore value='21225'/>
		<mineralScore value='26794'/>
		<gasScore value='4440'/>
		<totalScore value='112734'/>
	</player>

	<enemy>
		<race value='Protoss'/>
		<unitScore value='17250'/>
		<unitScore value='17250'/>
		<killScore value='25800'/>
		<buildingScore value='7075'/>
		<razingScore value='2175'/>
		<mineralScore value='21738'/>
		<gasScore value='7224'/>
		<totalScore value='81262'/>
	</enemy>

	<scoreRatio value='1.38729'/>
</results>
