<results>
	<result value='win'/>
	<start value='2015-04-13.22:01:48'/>
	<end value='2015-04-13.22:02:46'/>
	<frames value='30072'/>
	<gameDuration value='1879'/>

	<player>
		<unitScore value='19725'/>
		<killScore value='18450'/>
		<buildingScore value='4650'/>
		<razingScore value='12675'/>
		<mineralScore value='30394'/>
		<gasScore value='3432'/>
		<totalScore value='89326'/>
	</player>

	<enemy>
		<race value='Protoss'/>
		<unitScore value='10275'/>
		<unitScore value='10275'/>
		<killScore value='18000'/>
		<buildingScore value='4225'/>
		<razingScore value='675'/>
		<mineralScore value='11642'/>
		<gasScore value='3544'/>
		<totalScore value='48361'/>
	</enemy>

	<scoreRatio value='1.84707'/>
</results>
