<results>
	<result value='loss'/>
	<start value='2015-04-10.14:27:19'/>
	<end value='2015-04-10.14:27:29'/>
	<frames value='17672'/>
	<gameDuration value='1104'/>

	<player>
		<unitScore value='4150'/>
		<killScore value='1400'/>
		<buildingScore value='1625'/>
		<razingScore value='0'/>
		<mineralScore value='5866'/>
		<gasScore value='904'/>
		<totalScore value='13945'/>
	</player>

	<enemy>
		<race value='Protoss'/>
		<unitScore value='3900'/>
		<unitScore value='3900'/>
		<killScore value='8300'/>
		<buildingScore value='4075'/>
		<razingScore value='5100'/>
		<mineralScore value='9514'/>
		<gasScore value='1688'/>
		<totalScore value='32577'/>
	</enemy>

	<scoreRatio value='0.428063'/>
</results>
