<results>
	<result value='win'/>
	<start value='2015-04-28.05:29:50'/>
	<end value='2015-04-28.05:30:38'/>
	<frames value='29979'/>
	<gameDuration value='1873'/>

	<player>
		<unitScore value='20900'/>
		<killScore value='37445'/>
		<buildingScore value='4175'/>
		<razingScore value='6720'/>
		<mineralScore value='27010'/>
		<gasScore value='2832'/>
		<totalScore value='99082'/>
	</player>

	<enemy>
		<race value='Zerg'/>
		<unitScore value='16025'/>
		<unitScore value='16025'/>
		<killScore value='19800'/>
		<buildingScore value='2240'/>
		<razingScore value='0'/>
		<mineralScore value='15178'/>
		<gasScore value='4888'/>
		<totalScore value='58131'/>
	</enemy>

	<scoreRatio value='1.70446'/>
</results>
