<results>
	<result value='win'/>
	<start value='2015-04-28.05:34:03'/>
	<end value='2015-04-28.05:34:43'/>
	<frames value='27685'/>
	<gameDuration value='1730'/>

	<player>
		<unitScore value='16025'/>
		<killScore value='23380'/>
		<buildingScore value='4300'/>
		<razingScore value='5535'/>
		<mineralScore value='25874'/>
		<gasScore value='2200'/>
		<totalScore value='77314'/>
	</player>

	<enemy>
		<race value='Zerg'/>
		<unitScore value='10775'/>
		<unitScore value='10775'/>
		<killScore value='15050'/>
		<buildingScore value='1845'/>
		<razingScore value='0'/>
		<mineralScore value='10426'/>
		<gasScore value='3368'/>
		<totalScore value='41464'/>
	</enemy>

	<scoreRatio value='1.86461'/>
</results>
