<results>
	<result value='loss'/>
	<start value='2015-04-13.07:32:09'/>
	<end value='2015-04-13.07:32:59'/>
	<frames value='51245'/>
	<gameDuration value='3202'/>

	<player>
		<unitScore value='27250'/>
		<killScore value='34250'/>
		<buildingScore value='3950'/>
		<razingScore value='2250'/>
		<mineralScore value='31502'/>
		<gasScore value='5010'/>
		<totalScore value='104212'/>
	</player>

	<enemy>
		<race value='Protoss'/>
		<unitScore value='30250'/>
		<unitScore value='30250'/>
		<killScore value='54600'/>
		<buildingScore value='7425'/>
		<razingScore value='11850'/>
		<mineralScore value='31414'/>
		<gasScore value='9806'/>
		<totalScore value='145345'/>
	</enemy>

	<scoreRatio value='0.716998'/>
</results>
