<results>
	<result value='loss'/>
	<start value='2015-04-16.19:52:42'/>
	<end value='2015-04-16.19:53:05'/>
	<frames value='26817'/>
	<gameDuration value='1676'/>

	<player>
		<unitScore value='3200'/>
		<killScore value='3000'/>
		<buildingScore value='1550'/>
		<razingScore value='0'/>
		<mineralScore value='4562'/>
		<gasScore value='728'/>
		<totalScore value='13040'/>
	</player>

	<enemy>
		<race value='Protoss'/>
		<unitScore value='11850'/>
		<unitScore value='11850'/>
		<killScore value='6400'/>
		<buildingScore value='5975'/>
		<razingScore value='4650'/>
		<mineralScore value='17238'/>
		<gasScore value='5640'/>
		<totalScore value='51753'/>
	</enemy>

	<scoreRatio value='0.251966'/>
</results>
