<results>
	<result value='win'/>
	<start value='2015-04-15.02:43:51'/>
	<end value='2015-04-15.02:44:20'/>
	<frames value='32955'/>
	<gameDuration value='2059'/>

	<player>
		<unitScore value='24300'/>
		<killScore value='27050'/>
		<buildingScore value='4450'/>
		<razingScore value='11775'/>
		<mineralScore value='29826'/>
		<gasScore value='4272'/>
		<totalScore value='101673'/>
	</player>

	<enemy>
		<race value='Protoss'/>
		<unitScore value='14225'/>
		<unitScore value='14225'/>
		<killScore value='27900'/>
		<buildingScore value='3925'/>
		<razingScore value='300'/>
		<mineralScore value='14558'/>
		<gasScore value='4952'/>
		<totalScore value='65860'/>
	</enemy>

	<scoreRatio value='1.54377'/>
</results>
