<results>
	<result value='win'/>
	<start value='2015-04-15.02:46:26'/>
	<end value='2015-04-15.02:46:46'/>
	<frames value='27592'/>
	<gameDuration value='1724'/>

	<player>
		<unitScore value='14325'/>
		<killScore value='17500'/>
		<buildingScore value='3825'/>
		<razingScore value='11775'/>
		<mineralScore value='20698'/>
		<gasScore value='2592'/>
		<totalScore value='70715'/>
	</player>

	<enemy>
		<race value='Protoss'/>
		<unitScore value='9450'/>
		<unitScore value='9450'/>
		<killScore value='11700'/>
		<buildingScore value='3925'/>
		<razingScore value='150'/>
		<mineralScore value='10578'/>
		<gasScore value='2168'/>
		<totalScore value='37971'/>
	</enemy>

	<scoreRatio value='1.86234'/>
</results>
