<results>
	<result value='win'/>
	<start value='2014-07-23.18:21:45'/>
	<end value='2014-07-23.18:22:40'/>
	<frames value='51400'/>
	<gameDuration value='3212'/>

	<player>
		<unitScore value='24050'/>
		<killScore value='40500'/>
		<buildingScore value='2850'/>
		<razingScore value='22875'/>
		<mineralScore value='26042'/>
		<gasScore value='4352'/>
		<totalScore value='120669'/>
	</player>

	<enemy>
		<race value='Protoss'/>
		<unitScore value='23000'/>
		<unitScore value='23000'/>
		<killScore value='29900'/>
		<buildingScore value='7625'/>
		<razingScore value='375'/>
		<mineralScore value='25214'/>
		<gasScore value='10006'/>
		<totalScore value='96120'/>
	</enemy>

	<scoreRatio value='1.2554'/>
</results>
