<results>
	<result value='loss'/>
	<start value='2015-07-20.13:27:05'/>
	<end value='2015-07-20.13:27:08'/>
	<frames value='6791'/>
	<gameDuration value='424'/>

	<player>
		<unitScore value='850'/>
		<killScore value='50'/>
		<buildingScore value='675'/>
		<razingScore value='0'/>
		<mineralScore value='1226'/>
		<gasScore value='24'/>
		<totalScore value='2825'/>
	</player>

	<enemy>
		<race value='Zerg'/>
		<unitScore value='1150'/>
		<killScore value='1600'/>
		<buildingScore value='375'/>
		<razingScore value='2025'/>
		<mineralScore value='1714'/>
		<gasScore value='0'/>
		<totalScore value='6864'/>
	</enemy>

	<scoreRatio value='0.411568'/>
	<timeFitness value='0.0588889'/>
	<unitsAverage value='9'/>
</results>
