<results>
	<result value='loss'/>
	<start value='2015-07-20.13:32:08'/>
	<end value='2015-07-20.13:32:52'/>
	<frames value='28925'/>
	<gameDuration value='1807'/>

	<player>
		<unitScore value='17600'/>
		<killScore value='13100'/>
		<buildingScore value='3700'/>
		<razingScore value='0'/>
		<mineralScore value='25626'/>
		<gasScore value='2512'/>
		<totalScore value='62538'/>
	</player>

	<enemy>
		<race value='Zerg'/>
		<unitScore value='15850'/>
		<killScore value='35450'/>
		<buildingScore value='3135'/>
		<razingScore value='11100'/>
		<mineralScore value='17750'/>
		<gasScore value='4824'/>
		<totalScore value='88109'/>
	</enemy>

	<scoreRatio value='0.70978'/>
	<timeFitness value='0.250972'/>
	<unitsAverage value='75'/>
</results>
