<results>
	<result value='draw'/>
	<start value='2015-07-13.03:34:22'/>
	<end value='2015-07-13.03:36:27'/>
	<frames value='57601'/>
	<gameDuration value='3600'/>

	<player>
		<unitScore value='28400'/>
		<killScore value='19000'/>
		<buildingScore value='2675'/>
		<razingScore value='600'/>
		<mineralScore value='24050'/>
		<gasScore value='5542'/>
		<totalScore value='80267'/>
	</player>

	<enemy>
		<race value='Protoss'/>
		<unitScore value='20450'/>
		<killScore value='38550'/>
		<buildingScore value='5575'/>
		<razingScore value='150'/>
		<mineralScore value='37982'/>
		<gasScore value='16376'/>
		<totalScore value='119083'/>
	</enemy>

	<scoreRatio value='0.674042'/>
	<timeFitness value='0.5'/>
	<unitsAverage value='126'/>
</results>
