<results>
	<result value='win'/>
	<start value='2015-05-04.21:32:14'/>
	<end value='2015-05-04.21:33:35'/>
	<frames value='42007'/>
	<gameDuration value='2625'/>

	<player>
		<unitScore value='18225'/>
		<killScore value='30500'/>
		<buildingScore value='4050'/>
		<razingScore value='11925'/>
		<mineralScore value='40094'/>
		<gasScore value='6016'/>
		<totalScore value='110810'/>
	</player>

	<enemy>
		<race value='Terran'/>
		<unitScore value='16050'/>
		<unitScore value='16050'/>
		<killScore value='11500'/>
		<buildingScore value='3975'/>
		<razingScore value='150'/>
		<mineralScore value='21922'/>
		<gasScore value='5566'/>
		<totalScore value='59163'/>
	</enemy>

	<scoreRatio value='1.87296'/>
	<timeFitness value='0.635417'/>
	<unitsAverage value='132'/>
</results>
