<results>
	<result value='win'/>
	<start value='2015-05-08.06:48:15'/>
	<end value='2015-05-08.06:50:02'/>
	<frames value='54283'/>
	<gameDuration value='3392'/>

	<player>
		<unitScore value='31025'/>
		<killScore value='51700'/>
		<buildingScore value='4775'/>
		<razingScore value='12825'/>
		<mineralScore value='36654'/>
		<gasScore value='6488'/>
		<totalScore value='143467'/>
	</player>

	<enemy>
		<race value='Terran'/>
		<unitScore value='29050'/>
		<unitScore value='29050'/>
		<killScore value='37550'/>
		<buildingScore value='4450'/>
		<razingScore value='1950'/>
		<mineralScore value='19766'/>
		<gasScore value='11330'/>
		<totalScore value='104096'/>
	</enemy>

	<scoreRatio value='1.37822'/>
	<timeFitness value='0.528889'/>
	<unitsAverage value='133'/>
</results>
