<results>
	<result value='loss'/>
	<start value='2015-05-08.06:50:31'/>
	<end value='2015-05-08.06:50:42'/>
	<frames value='20989'/>
	<gameDuration value='1311'/>

	<player>
		<unitScore value='5575'/>
		<killScore value='3800'/>
		<buildingScore value='2150'/>
		<razingScore value='0'/>
		<mineralScore value='8018'/>
		<gasScore value='1136'/>
		<totalScore value='20679'/>
	</player>

	<enemy>
		<race value='Terran'/>
		<unitScore value='7650'/>
		<unitScore value='7650'/>
		<killScore value='11050'/>
		<buildingScore value='2550'/>
		<razingScore value='6450'/>
		<mineralScore value='9690'/>
		<gasScore value='3544'/>
		<totalScore value='40934'/>
	</enemy>

	<scoreRatio value='0.505179'/>
	<timeFitness value='0.182083'/>
	<unitsAverage value='29'/>
</results>
