<results>
	<result value='win'/>
	<start value='2015-05-08.07:00:15'/>
	<end value='2015-05-08.07:00:51'/>
	<frames value='32366'/>
	<gameDuration value='2022'/>

	<player>
		<unitScore value='17525'/>
		<killScore value='29200'/>
		<buildingScore value='4775'/>
		<razingScore value='11475'/>
		<mineralScore value='24682'/>
		<gasScore value='3624'/>
		<totalScore value='91281'/>
	</player>

	<enemy>
		<race value='Terran'/>
		<unitScore value='15400'/>
		<unitScore value='15400'/>
		<killScore value='12950'/>
		<buildingScore value='3825'/>
		<razingScore value='2250'/>
		<mineralScore value='13214'/>
		<gasScore value='6128'/>
		<totalScore value='53767'/>
	</enemy>

	<scoreRatio value='1.69771'/>
	<timeFitness value='0.719167'/>
	<unitsAverage value='87'/>
</results>
