<results>
	<result value='loss'/>
	<start value='2015-04-11.02:31:09'/>
	<end value='2015-04-11.02:31:23'/>
	<frames value='28491'/>
	<gameDuration value='1780'/>

	<player>
		<unitScore value='6175'/>
		<killScore value='3050'/>
		<buildingScore value='1800'/>
		<razingScore value='0'/>
		<mineralScore value='8330'/>
		<gasScore value='656'/>
		<totalScore value='20011'/>
	</player>

	<enemy>
		<race value='Protoss'/>
		<unitScore value='11900'/>
		<unitScore value='11900'/>
		<killScore value='12600'/>
		<buildingScore value='6925'/>
		<razingScore value='5400'/>
		<mineralScore value='16754'/>
		<gasScore value='6392'/>
		<totalScore value='59971'/>
	</enemy>

	<scoreRatio value='0.333678'/>
</results>
