<results>
	<result value='win'/>
	<start value='2015-04-11.02:45:31'/>
	<end value='2015-04-11.02:46:54'/>
	<frames value='52268'/>
	<gameDuration value='3266'/>

	<player>
		<unitScore value='35700'/>
		<killScore value='38900'/>
		<buildingScore value='4025'/>
		<razingScore value='19200'/>
		<mineralScore value='37366'/>
		<gasScore value='6336'/>
		<totalScore value='141527'/>
	</player>

	<enemy>
		<race value='Protoss'/>
		<unitScore value='20000'/>
		<unitScore value='20000'/>
		<killScore value='45200'/>
		<buildingScore value='6400'/>
		<razingScore value='150'/>
		<mineralScore value='25482'/>
		<gasScore value='8760'/>
		<totalScore value='105992'/>
	</enemy>

	<scoreRatio value='1.33526'/>
</results>
