<results>
	<result value='win'/>
	<start value='2015-04-26.14:38:00'/>
	<end value='2015-04-26.14:38:29'/>
	<frames value='28336'/>
	<gameDuration value='1771'/>

	<player>
		<unitScore value='16350'/>
		<killScore value='23200'/>
		<buildingScore value='3925'/>
		<razingScore value='8850'/>
		<mineralScore value='25698'/>
		<gasScore value='3192'/>
		<totalScore value='81215'/>
	</player>

	<enemy>
		<race value='Terran'/>
		<unitScore value='12400'/>
		<unitScore value='12400'/>
		<killScore value='14050'/>
		<buildingScore value='3025'/>
		<razingScore value='150'/>
		<mineralScore value='11554'/>
		<gasScore value='4624'/>
		<totalScore value='45803'/>
	</enemy>

	<scoreRatio value='1.77314'/>
</results>
