<results>
	<result value='loss'/>
	<start value='2015-05-06.00:42:54'/>
	<end value='2015-05-06.00:43:08'/>
	<frames value='23314'/>
	<gameDuration value='1457'/>

	<player>
		<unitScore value='6725'/>
		<killScore value='8950'/>
		<buildingScore value='1825'/>
		<razingScore value='4725'/>
		<mineralScore value='8042'/>
		<gasScore value='1128'/>
		<totalScore value='31395'/>
	</player>

	<enemy>
		<race value='Terran'/>
		<unitScore value='7250'/>
		<unitScore value='7250'/>
		<killScore value='13250'/>
		<buildingScore value='2725'/>
		<razingScore value='5475'/>
		<mineralScore value='9074'/>
		<gasScore value='3456'/>
		<totalScore value='41230'/>
	</enemy>

	<scoreRatio value='0.76146'/>
	<timeFitness value='0.202361'/>
	<unitsAverage value='38'/>
</results>
