<results>
	<result value='win'/>
	<start value='2014-07-03.02:58:22'/>
	<end value='2014-07-03.02:59:12'/>
	<frames value='50532'/>
	<gameDuration value='3158'/>

	<player>
		<unitScore value='28500'/>
		<killScore value='33900'/>
		<buildingScore value='3925'/>
		<razingScore value='26100'/>
		<mineralScore value='32126'/>
		<gasScore value='4912'/>
		<totalScore value='129463'/>
	</player>

	<enemy>
		<race value='Protoss'/>
		<unitScore value='17175'/>
		<unitScore value='17175'/>
		<killScore value='31650'/>
		<buildingScore value='8700'/>
		<razingScore value='300'/>
		<mineralScore value='30070'/>
		<gasScore value='7648'/>
		<totalScore value='95543'/>
	</enemy>

	<scoreRatio value='1.35502'/>
</results>
