<results>
	<result value='win'/>
	<start value='2014-07-03.03:00:46'/>
	<end value='2014-07-03.03:01:29'/>
	<frames value='51307'/>
	<gameDuration value='3206'/>

	<player>
		<unitScore value='25025'/>
		<killScore value='32050'/>
		<buildingScore value='4575'/>
		<razingScore value='30825'/>
		<mineralScore value='28898'/>
		<gasScore value='5504'/>
		<totalScore value='126877'/>
	</player>

	<enemy>
		<race value='Protoss'/>
		<unitScore value='16475'/>
		<unitScore value='16475'/>
		<killScore value='27600'/>
		<buildingScore value='10275'/>
		<razingScore value='1500'/>
		<mineralScore value='29426'/>
		<gasScore value='7584'/>
		<totalScore value='92860'/>
	</enemy>

	<scoreRatio value='1.36633'/>
</results>
