<results>
	<result value='win'/>
	<start value='2015-07-19.12:03:03'/>
	<end value='2015-07-19.12:03:36'/>
	<frames value='26910'/>
	<gameDuration value='1681'/>

	<player>
		<unitScore value='16325'/>
		<killScore value='12900'/>
		<buildingScore value='3025'/>
		<razingScore value='9975'/>
		<mineralScore value='17074'/>
		<gasScore value='2480'/>
		<totalScore value='61779'/>
	</player>

	<enemy>
		<race value='Protoss'/>
		<unitScore value='6450'/>
		<killScore value='13550'/>
		<buildingScore value='3325'/>
		<razingScore value='450'/>
		<mineralScore value='9746'/>
		<gasScore value='1416'/>
		<totalScore value='34937'/>
	</enemy>

	<scoreRatio value='1.7683'/>
	<timeFitness value='0.766528'/>
	<unitsAverage value='71'/>
</results>
