<results>
	<result value='loss'/>
	<start value='2015-05-05.12:27:18'/>
	<end value='2015-05-05.12:27:31'/>
	<frames value='18881'/>
	<gameDuration value='1180'/>

	<player>
		<unitScore value='3400'/>
		<killScore value='3150'/>
		<buildingScore value='1425'/>
		<razingScore value='0'/>
		<mineralScore value='4882'/>
		<gasScore value='1152'/>
		<totalScore value='14009'/>
	</player>

	<enemy>
		<race value='Zerg'/>
		<unitScore value='7575'/>
		<unitScore value='7575'/>
		<killScore value='6800'/>
		<buildingScore value='2060'/>
		<razingScore value='4275'/>
		<mineralScore value='8162'/>
		<gasScore value='2408'/>
		<totalScore value='31280'/>
	</enemy>

	<scoreRatio value='0.447858'/>
	<timeFitness value='0.163889'/>
	<unitsAverage value='23'/>
</results>
