<results>
	<result value='loss'/>
	<start value='2015-05-05.12:34:39'/>
	<end value='2015-05-05.12:35:11'/>
	<frames value='32335'/>
	<gameDuration value='2020'/>

	<player>
		<unitScore value='10675'/>
		<killScore value='15070'/>
		<buildingScore value='1400'/>
		<razingScore value='1335'/>
		<mineralScore value='12138'/>
		<gasScore value='1904'/>
		<totalScore value='42522'/>
	</player>

	<enemy>
		<race value='Zerg'/>
		<unitScore value='18050'/>
		<unitScore value='18050'/>
		<killScore value='21350'/>
		<buildingScore value='4315'/>
		<razingScore value='4200'/>
		<mineralScore value='18702'/>
		<gasScore value='5784'/>
		<totalScore value='72401'/>
	</enemy>

	<scoreRatio value='0.587312'/>
	<timeFitness value='0.280556'/>
	<unitsAverage value='55'/>
</results>
