<results>
	<result value='loss'/>
	<start value='2015-05-05.12:35:13'/>
	<end value='2015-05-05.12:35:29'/>
	<frames value='18075'/>
	<gameDuration value='1129'/>

	<player>
		<unitScore value='5425'/>
		<killScore value='4700'/>
		<buildingScore value='1400'/>
		<razingScore value='0'/>
		<mineralScore value='8714'/>
		<gasScore value='1392'/>
		<totalScore value='21631'/>
	</player>

	<enemy>
		<race value='Zerg'/>
		<unitScore value='7775'/>
		<unitScore value='7775'/>
		<killScore value='10850'/>
		<buildingScore value='1695'/>
		<razingScore value='4200'/>
		<mineralScore value='8106'/>
		<gasScore value='2400'/>
		<totalScore value='35026'/>
	</enemy>

	<scoreRatio value='0.61757'/>
	<timeFitness value='0.156806'/>
	<unitsAverage value='42'/>
</results>
