<results>
	<result value='draw'/>
	<start value='2015-05-05.12:39:34'/>
	<end value='2015-05-05.12:41:10'/>
	<frames value='57601'/>
	<gameDuration value='3600'/>

	<player>
		<unitScore value='35125'/>
		<killScore value='43610'/>
		<buildingScore value='4525'/>
		<razingScore value='9360'/>
		<mineralScore value='41158'/>
		<gasScore value='6268'/>
		<totalScore value='140046'/>
	</player>

	<enemy>
		<race value='Zerg'/>
		<unitScore value='19875'/>
		<unitScore value='19875'/>
		<killScore value='45150'/>
		<buildingScore value='3475'/>
		<razingScore value='600'/>
		<mineralScore value='19758'/>
		<gasScore value='7102'/>
		<totalScore value='95960'/>
	</enemy>

	<scoreRatio value='1.45942'/>
	<timeFitness value='0.5'/>
	<unitsAverage value='121'/>
</results>
