<results>
	<result value='loss'/>
	<start value='2015-05-05.12:56:15'/>
	<end value='2015-05-05.12:56:35'/>
	<frames value='22477'/>
	<gameDuration value='1404'/>

	<player>
		<unitScore value='6000'/>
		<killScore value='2800'/>
		<buildingScore value='2775'/>
		<razingScore value='0'/>
		<mineralScore value='15418'/>
		<gasScore value='1536'/>
		<totalScore value='28529'/>
	</player>

	<enemy>
		<race value='Zerg'/>
		<unitScore value='9700'/>
		<unitScore value='9700'/>
		<killScore value='12000'/>
		<buildingScore value='2995'/>
		<razingScore value='8325'/>
		<mineralScore value='11698'/>
		<gasScore value='3728'/>
		<totalScore value='48446'/>
	</enemy>

	<scoreRatio value='0.588882'/>
	<timeFitness value='0.195'/>
	<unitsAverage value='46'/>
</results>
