<results>
	<result value='loss'/>
	<start value='2015-05-05.13:12:39'/>
	<end value='2015-05-05.13:12:59'/>
	<frames value='27034'/>
	<gameDuration value='1689'/>

	<player>
		<unitScore value='7800'/>
		<killScore value='12400'/>
		<buildingScore value='2475'/>
		<razingScore value='1860'/>
		<mineralScore value='10778'/>
		<gasScore value='1728'/>
		<totalScore value='37041'/>
	</player>

	<enemy>
		<race value='Zerg'/>
		<unitScore value='8800'/>
		<unitScore value='8800'/>
		<killScore value='15600'/>
		<buildingScore value='2315'/>
		<razingScore value='7425'/>
		<mineralScore value='11954'/>
		<gasScore value='2824'/>
		<totalScore value='48918'/>
	</enemy>

	<scoreRatio value='0.757206'/>
	<timeFitness value='0.234583'/>
	<unitsAverage value='34'/>
</results>
