<results>
	<result value='win'/>
	<start value='2015-04-29.16:17:54'/>
	<end value='2015-04-29.16:18:35'/>
	<frames value='28460'/>
	<gameDuration value='1778'/>

	<player>
		<unitScore value='16325'/>
		<killScore value='21950'/>
		<buildingScore value='3800'/>
		<razingScore value='7245'/>
		<mineralScore value='20322'/>
		<gasScore value='2712'/>
		<totalScore value='72354'/>
	</player>

	<enemy>
		<race value='Zerg'/>
		<unitScore value='9825'/>
		<unitScore value='9825'/>
		<killScore value='19050'/>
		<buildingScore value='2415'/>
		<razingScore value='3825'/>
		<mineralScore value='10090'/>
		<gasScore value='2896'/>
		<totalScore value='48101'/>
	</enemy>

	<scoreRatio value='1.50421'/>
	<timeFitness value='0.753056'/>
	<unitsAverage value='74'/>
</results>
