<results>
	<result value='loss'/>
	<start value='2015-04-29.16:24:18'/>
	<end value='2015-04-29.16:24:31'/>
	<frames value='18137'/>
	<gameDuration value='1133'/>

	<player>
		<unitScore value='1000'/>
		<killScore value='300'/>
		<buildingScore value='675'/>
		<razingScore value='0'/>
		<mineralScore value='1354'/>
		<gasScore value='24'/>
		<totalScore value='3353'/>
	</player>

	<enemy>
		<race value='Zerg'/>
		<unitScore value='7075'/>
		<unitScore value='7075'/>
		<killScore value='2000'/>
		<buildingScore value='1220'/>
		<razingScore value='2025'/>
		<mineralScore value='7066'/>
		<gasScore value='1936'/>
		<totalScore value='21322'/>
	</enemy>

	<scoreRatio value='0.157255'/>
	<timeFitness value='0.157361'/>
	<unitsAverage value='7'/>
</results>
