<results>
	<result value='loss'/>
	<start value='2015-03-31.11:18:35'/>
	<end value='2015-03-31.11:18:58'/>
	<frames value='37233'/>
	<gameDuration value='2327'/>

	<player>
		<unitScore value='13775'/>
		<killScore value='12000'/>
		<buildingScore value='1975'/>
		<razingScore value='0'/>
		<mineralScore value='14338'/>
		<gasScore value='2304'/>
		<totalScore value='44392'/>
	</player>

	<enemy>
		<race value='Protoss'/>
		<unitScore value='24525'/>
		<unitScore value='24525'/>
		<killScore value='27300'/>
		<buildingScore value='7025'/>
		<razingScore value='5925'/>
		<mineralScore value='25162'/>
		<gasScore value='10000'/>
		<totalScore value='99937'/>
	</enemy>

	<scoreRatio value='0.4442'/>
</results>
