<results>
	<result value='loss'/>
	<start value='2015-05-09.11:55:15'/>
	<end value='2015-05-09.11:55:55'/>
	<frames value='53446'/>
	<gameDuration value='3340'/>

	<player>
		<unitScore value='21150'/>
		<killScore value='31950'/>
		<buildingScore value='3725'/>
		<razingScore value='1350'/>
		<mineralScore value='23690'/>
		<gasScore value='4032'/>
		<totalScore value='85897'/>
	</player>

	<enemy>
		<race value='Terran'/>
		<unitScore value='39225'/>
		<unitScore value='39225'/>
		<killScore value='42300'/>
		<buildingScore value='5325'/>
		<razingScore value='11175'/>
		<mineralScore value='26102'/>
		<gasScore value='16574'/>
		<totalScore value='140701'/>
	</enemy>

	<scoreRatio value='0.610493'/>
	<timeFitness value='0.463889'/>
	<unitsAverage value='67'/>
</results>
