<results>
	<result value='loss'/>
	<start value='2015-05-09.11:59:00'/>
	<end value='2015-05-09.11:59:10'/>
	<frames value='21330'/>
	<gameDuration value='1333'/>

	<player>
		<unitScore value='4025'/>
		<killScore value='4300'/>
		<buildingScore value='1500'/>
		<razingScore value='0'/>
		<mineralScore value='5194'/>
		<gasScore value='1344'/>
		<totalScore value='16363'/>
	</player>

	<enemy>
		<race value='Terran'/>
		<unitScore value='7975'/>
		<unitScore value='7975'/>
		<killScore value='7950'/>
		<buildingScore value='2800'/>
		<razingScore value='4500'/>
		<mineralScore value='10042'/>
		<gasScore value='3688'/>
		<totalScore value='36955'/>
	</enemy>

	<scoreRatio value='0.442782'/>
	<timeFitness value='0.185139'/>
	<unitsAverage value='22'/>
</results>
