<results>
	<result value='loss'/>
	<start value='2015-07-16.09:19:22'/>
	<end value='2015-07-16.09:19:33'/>
	<frames value='18106'/>
	<gameDuration value='1131'/>

	<player>
		<unitScore value='5725'/>
		<killScore value='700'/>
		<buildingScore value='2000'/>
		<razingScore value='0'/>
		<mineralScore value='7266'/>
		<gasScore value='592'/>
		<totalScore value='16283'/>
	</player>

	<enemy>
		<race value='Terran'/>
		<unitScore value='6000'/>
		<killScore value='11450'/>
		<buildingScore value='2225'/>
		<razingScore value='6000'/>
		<mineralScore value='8410'/>
		<gasScore value='2640'/>
		<totalScore value='36725'/>
	</enemy>

	<scoreRatio value='0.443376'/>
	<timeFitness value='0.157083'/>
	<unitsAverage value='29'/>
</results>
