<results>
	<result value='loss'/>
	<start value='2015-07-16.09:23:46'/>
	<end value='2015-07-16.09:24:05'/>
	<frames value='20648'/>
	<gameDuration value='1290'/>

	<player>
		<unitScore value='4350'/>
		<killScore value='2700'/>
		<buildingScore value='2025'/>
		<razingScore value='0'/>
		<mineralScore value='5642'/>
		<gasScore value='832'/>
		<totalScore value='15549'/>
	</player>

	<enemy>
		<race value='Terran'/>
		<unitScore value='8275'/>
		<killScore value='8700'/>
		<buildingScore value='3125'/>
		<razingScore value='6075'/>
		<mineralScore value='9754'/>
		<gasScore value='3952'/>
		<totalScore value='39881'/>
	</enemy>

	<scoreRatio value='0.389885'/>
	<timeFitness value='0.179167'/>
	<unitsAverage value='26'/>
</results>
