<results>
	<result value='loss'/>
	<start value='2015-07-16.09:26:11'/>
	<end value='2015-07-16.09:26:43'/>
	<frames value='30413'/>
	<gameDuration value='1900'/>

	<player>
		<unitScore value='12025'/>
		<killScore value='6900'/>
		<buildingScore value='2900'/>
		<razingScore value='150'/>
		<mineralScore value='11894'/>
		<gasScore value='2544'/>
		<totalScore value='36413'/>
	</player>

	<enemy>
		<race value='Terran'/>
		<unitScore value='13500'/>
		<killScore value='24050'/>
		<buildingScore value='4600'/>
		<razingScore value='8700'/>
		<mineralScore value='14718'/>
		<gasScore value='6368'/>
		<totalScore value='71936'/>
	</enemy>

	<scoreRatio value='0.506186'/>
	<timeFitness value='0.263889'/>
	<unitsAverage value='39'/>
</results>
