<results>
	<result value='loss'/>
	<start value='2015-07-18.07:01:19'/>
	<end value='2015-07-18.07:02:57'/>
	<frames value='46502'/>
	<gameDuration value='2906'/>

	<player>
		<unitScore value='29200'/>
		<killScore value='30200'/>
		<buildingScore value='3950'/>
		<razingScore value='450'/>
		<mineralScore value='29070'/>
		<gasScore value='3616'/>
		<totalScore value='96486'/>
	</player>

	<enemy>
		<race value='Protoss'/>
		<unitScore value='31530'/>
		<killScore value='58400'/>
		<buildingScore value='8525'/>
		<razingScore value='11850'/>
		<mineralScore value='30342'/>
		<gasScore value='11374'/>
		<totalScore value='152021'/>
	</enemy>

	<scoreRatio value='0.634689'/>
	<timeFitness value='0.403611'/>
	<unitsAverage value='87'/>
</results>
