<results>
	<result value='loss'/>
	<start value='2015-05-10.14:25:55'/>
	<end value='2015-05-10.14:26:04'/>
	<frames value='16742'/>
	<gameDuration value='1046'/>

	<player>
		<unitScore value='3425'/>
		<killScore value='400'/>
		<buildingScore value='2075'/>
		<razingScore value='0'/>
		<mineralScore value='5602'/>
		<gasScore value='536'/>
		<totalScore value='12038'/>
	</player>

	<enemy>
		<race value='Protoss'/>
		<unitScore value='3600'/>
		<unitScore value='3600'/>
		<killScore value='6850'/>
		<buildingScore value='4125'/>
		<razingScore value='6225'/>
		<mineralScore value='8994'/>
		<gasScore value='1624'/>
		<totalScore value='31418'/>
	</enemy>

	<scoreRatio value='0.383156'/>
	<timeFitness value='0.145278'/>
	<unitsAverage value='25'/>
</results>
