<results>
	<result value='draw'/>
	<start value='2015-05-08.17:21:32'/>
	<end value='2015-05-08.17:23:01'/>
	<frames value='57601'/>
	<gameDuration value='3600'/>

	<player>
		<unitScore value='29500'/>
		<killScore value='45100'/>
		<buildingScore value='3500'/>
		<razingScore value='150'/>
		<mineralScore value='31494'/>
		<gasScore value='4768'/>
		<totalScore value='114512'/>
	</player>

	<enemy>
		<race value='Terran'/>
		<unitScore value='33100'/>
		<unitScore value='33100'/>
		<killScore value='55400'/>
		<buildingScore value='4675'/>
		<razingScore value='3000'/>
		<mineralScore value='31494'/>
		<gasScore value='12224'/>
		<totalScore value='139893'/>
	</enemy>

	<scoreRatio value='0.818568'/>
	<timeFitness value='0.5'/>
	<unitsAverage value='82'/>
</results>
