<results>
	<result value='win'/>
	<start value='2015-05-03.18:02:30'/>
	<end value='2015-05-03.18:03:00'/>
	<frames value='30537'/>
	<gameDuration value='1908'/>

	<player>
		<unitScore value='16700'/>
		<killScore value='19200'/>
		<buildingScore value='3650'/>
		<razingScore value='4125'/>
		<mineralScore value='34426'/>
		<gasScore value='2048'/>
		<totalScore value='80149'/>
	</player>

	<enemy>
		<race value='Terran'/>
		<unitScore value='9600'/>
		<unitScore value='9600'/>
		<killScore value='13800'/>
		<buildingScore value='1450'/>
		<razingScore value='0'/>
		<mineralScore value='12050'/>
		<gasScore value='2888'/>
		<totalScore value='39788'/>
	</enemy>

	<scoreRatio value='2.0144'/>
	<timeFitness value='0.735'/>
	<unitsAverage value='98'/>
</results>
