<results>
	<result value='loss'/>
	<start value='2015-05-08.17:36:20'/>
	<end value='2015-05-08.17:36:35'/>
	<frames value='16835'/>
	<gameDuration value='1052'/>

	<player>
		<unitScore value='3550'/>
		<killScore value='650'/>
		<buildingScore value='2000'/>
		<razingScore value='0'/>
		<mineralScore value='5578'/>
		<gasScore value='776'/>
		<totalScore value='12554'/>
	</player>

	<enemy>
		<race value='Terran'/>
		<unitScore value='5425'/>
		<unitScore value='5425'/>
		<killScore value='7100'/>
		<buildingScore value='2175'/>
		<razingScore value='6000'/>
		<mineralScore value='7738'/>
		<gasScore value='2504'/>
		<totalScore value='30942'/>
	</enemy>

	<scoreRatio value='0.405727'/>
	<timeFitness value='0.146111'/>
	<unitsAverage value='27'/>
</results>
