<results>
	<result value='loss'/>
	<start value='2015-05-08.17:38:15'/>
	<end value='2015-05-08.17:39:27'/>
	<frames value='54686'/>
	<gameDuration value='3417'/>

	<player>
		<unitScore value='22675'/>
		<killScore value='33300'/>
		<buildingScore value='4050'/>
		<razingScore value='3750'/>
		<mineralScore value='26666'/>
		<gasScore value='4024'/>
		<totalScore value='94465'/>
	</player>

	<enemy>
		<race value='Terran'/>
		<unitScore value='32175'/>
		<unitScore value='32175'/>
		<killScore value='45350'/>
		<buildingScore value='6100'/>
		<razingScore value='12300'/>
		<mineralScore value='25694'/>
		<gasScore value='15074'/>
		<totalScore value='136693'/>
	</enemy>

	<scoreRatio value='0.691074'/>
	<timeFitness value='0.474583'/>
	<unitsAverage value='57'/>
</results>
