<results>
	<result value='loss'/>
	<start value='2015-05-08.17:44:31'/>
	<end value='2015-05-08.17:44:48'/>
	<frames value='18788'/>
	<gameDuration value='1174'/>

	<player>
		<unitScore value='3050'/>
		<killScore value='2050'/>
		<buildingScore value='1900'/>
		<razingScore value='0'/>
		<mineralScore value='4882'/>
		<gasScore value='488'/>
		<totalScore value='12370'/>
	</player>

	<enemy>
		<race value='Terran'/>
		<unitScore value='7450'/>
		<unitScore value='7450'/>
		<killScore value='6100'/>
		<buildingScore value='2850'/>
		<razingScore value='5700'/>
		<mineralScore value='8674'/>
		<gasScore value='3160'/>
		<totalScore value='33934'/>
	</enemy>

	<scoreRatio value='0.364531'/>
	<timeFitness value='0.163056'/>
	<unitsAverage value='23'/>
</results>
