<results>
	<result value='loss'/>
	<start value='2015-04-11.21:34:05'/>
	<end value='2015-04-11.21:34:21'/>
	<frames value='17300'/>
	<gameDuration value='1081'/>

	<player>
		<unitScore value='5200'/>
		<killScore value='1800'/>
		<buildingScore value='1550'/>
		<razingScore value='0'/>
		<mineralScore value='6978'/>
		<gasScore value='632'/>
		<totalScore value='16160'/>
	</player>

	<enemy>
		<race value='Protoss'/>
		<unitScore value='4875'/>
		<unitScore value='4875'/>
		<killScore value='10400'/>
		<buildingScore value='3275'/>
		<razingScore value='4650'/>
		<mineralScore value='9010'/>
		<gasScore value='2272'/>
		<totalScore value='34482'/>
	</enemy>

	<scoreRatio value='0.46865'/>
</results>
