<results>
	<result value='loss'/>
	<start value='2015-04-29.08:27:27'/>
	<end value='2015-04-29.08:27:41'/>
	<frames value='30816'/>
	<gameDuration value='1926'/>

	<player>
		<unitScore value='9625'/>
		<killScore value='6800'/>
		<buildingScore value='1850'/>
		<razingScore value='150'/>
		<mineralScore value='11486'/>
		<gasScore value='2152'/>
		<totalScore value='32063'/>
	</player>

	<enemy>
		<race value='Protoss'/>
		<unitScore value='16100'/>
		<unitScore value='16100'/>
		<killScore value='19350'/>
		<buildingScore value='6925'/>
		<razingScore value='5550'/>
		<mineralScore value='19510'/>
		<gasScore value='7488'/>
		<totalScore value='74923'/>
	</enemy>

	<scoreRatio value='0.427946'/>
	<timeFitness value='0.2675'/>
	<unitsAverage value='33'/>
</results>
