<results>
	<result value='draw'/>
	<start value='2015-05-08.22:12:28'/>
	<end value='2015-05-08.22:13:16'/>
	<frames value='57601'/>
	<gameDuration value='3600'/>

	<player>
		<unitScore value='21625'/>
		<killScore value='23450'/>
		<buildingScore value='3525'/>
		<razingScore value='825'/>
		<mineralScore value='24330'/>
		<gasScore value='4560'/>
		<totalScore value='78315'/>
	</player>

	<enemy>
		<race value='Terran'/>
		<unitScore value='24500'/>
		<unitScore value='24500'/>
		<killScore value='37900'/>
		<buildingScore value='4225'/>
		<razingScore value='5400'/>
		<mineralScore value='19550'/>
		<gasScore value='12416'/>
		<totalScore value='103991'/>
	</enemy>

	<scoreRatio value='0.753094'/>
	<timeFitness value='0.5'/>
	<unitsAverage value='64'/>
</results>
