<results>
	<result value='loss'/>
	<start value='2015-05-08.22:14:18'/>
	<end value='2015-05-08.22:14:28'/>
	<frames value='18168'/>
	<gameDuration value='1135'/>

	<player>
		<unitScore value='4000'/>
		<killScore value='1000'/>
		<buildingScore value='1850'/>
		<razingScore value='0'/>
		<mineralScore value='5690'/>
		<gasScore value='744'/>
		<totalScore value='13284'/>
	</player>

	<enemy>
		<race value='Terran'/>
		<unitScore value='6975'/>
		<unitScore value='6975'/>
		<killScore value='7250'/>
		<buildingScore value='2850'/>
		<razingScore value='5550'/>
		<mineralScore value='8298'/>
		<gasScore value='2944'/>
		<totalScore value='33867'/>
	</enemy>

	<scoreRatio value='0.39224'/>
	<timeFitness value='0.157639'/>
	<unitsAverage value='27'/>
</results>
