<results>
	<result value='win'/>
	<start value='2015-05-08.22:23:15'/>
	<end value='2015-05-08.22:23:42'/>
	<frames value='28305'/>
	<gameDuration value='1769'/>

	<player>
		<unitScore value='15675'/>
		<killScore value='24150'/>
		<buildingScore value='4125'/>
		<razingScore value='9450'/>
		<mineralScore value='23282'/>
		<gasScore value='2160'/>
		<totalScore value='78842'/>
	</player>

	<enemy>
		<race value='Terran'/>
		<unitScore value='12075'/>
		<unitScore value='12075'/>
		<killScore value='10600'/>
		<buildingScore value='3150'/>
		<razingScore value='300'/>
		<mineralScore value='11286'/>
		<gasScore value='4896'/>
		<totalScore value='42307'/>
	</enemy>

	<scoreRatio value='1.86357'/>
	<timeFitness value='0.754306'/>
	<unitsAverage value='82'/>
</results>
