<results>
	<result value='win'/>
	<start value='2015-05-04.08:08:40'/>
	<end value='2015-05-04.08:09:04'/>
	<frames value='29235'/>
	<gameDuration value='1827'/>

	<player>
		<unitScore value='12650'/>
		<killScore value='24950'/>
		<buildingScore value='3750'/>
		<razingScore value='9900'/>
		<mineralScore value='18370'/>
		<gasScore value='2784'/>
		<totalScore value='72404'/>
	</player>

	<enemy>
		<race value='Terran'/>
		<unitScore value='14475'/>
		<unitScore value='14475'/>
		<killScore value='9850'/>
		<buildingScore value='3300'/>
		<razingScore value='3225'/>
		<mineralScore value='13042'/>
		<gasScore value='5840'/>
		<totalScore value='49732'/>
	</enemy>

	<scoreRatio value='1.45588'/>
	<timeFitness value='0.74625'/>
	<unitsAverage value='66'/>
</results>
