<results>
	<result value='win'/>
	<start value='2015-05-09.07:41:16'/>
	<end value='2015-05-09.07:41:43'/>
	<frames value='27127'/>
	<gameDuration value='1695'/>

	<player>
		<unitScore value='13275'/>
		<killScore value='23700'/>
		<buildingScore value='4300'/>
		<razingScore value='9075'/>
		<mineralScore value='21666'/>
		<gasScore value='3224'/>
		<totalScore value='75240'/>
	</player>

	<enemy>
		<race value='Terran'/>
		<unitScore value='12650'/>
		<unitScore value='12650'/>
		<killScore value='6100'/>
		<buildingScore value='3025'/>
		<razingScore value='300'/>
		<mineralScore value='11570'/>
		<gasScore value='4304'/>
		<totalScore value='37949'/>
	</enemy>

	<scoreRatio value='1.98266'/>
	<timeFitness value='0.764583'/>
	<unitsAverage value='92'/>
</results>
