<results>
	<result value='win'/>
	<start value='2015-05-04.08:13:01'/>
	<end value='2015-05-04.08:13:36'/>
	<frames value='30940'/>
	<gameDuration value='1933'/>

	<player>
		<unitScore value='17575'/>
		<killScore value='26650'/>
		<buildingScore value='3725'/>
		<razingScore value='8850'/>
		<mineralScore value='26898'/>
		<gasScore value='2816'/>
		<totalScore value='86514'/>
	</player>

	<enemy>
		<race value='Terran'/>
		<unitScore value='13325'/>
		<unitScore value='13325'/>
		<killScore value='12750'/>
		<buildingScore value='2950'/>
		<razingScore value='1950'/>
		<mineralScore value='13094'/>
		<gasScore value='4456'/>
		<totalScore value='48525'/>
	</enemy>

	<scoreRatio value='1.78287'/>
	<timeFitness value='0.731528'/>
	<unitsAverage value='106'/>
</results>
