<results>
	<result value='loss'/>
	<start value='2015-07-19.23:37:38'/>
	<end value='2015-07-19.23:37:42'/>
	<frames value='9488'/>
	<gameDuration value='593'/>

	<player>
		<unitScore value='1275'/>
		<killScore value='100'/>
		<buildingScore value='900'/>
		<razingScore value='0'/>
		<mineralScore value='1906'/>
		<gasScore value='264'/>
		<totalScore value='4445'/>
	</player>

	<enemy>
		<race value='Zerg'/>
		<unitScore value='1700'/>
		<killScore value='2550'/>
		<buildingScore value='1020'/>
		<razingScore value='2700'/>
		<mineralScore value='2906'/>
		<gasScore value='272'/>
		<totalScore value='11148'/>
	</enemy>

	<scoreRatio value='0.398726'/>
	<timeFitness value='0.0823611'/>
	<unitsAverage value='11'/>
</results>
