<results>
	<result value='win'/>
	<start value='2015-05-05.12:27:24'/>
	<end value='2015-05-05.12:28:47'/>
	<frames value='47463'/>
	<gameDuration value='2966'/>

	<player>
		<unitScore value='25875'/>
		<killScore value='55565'/>
		<buildingScore value='3950'/>
		<razingScore value='10035'/>
		<mineralScore value='39494'/>
		<gasScore value='5952'/>
		<totalScore value='140871'/>
	</player>

	<enemy>
		<race value='Zerg'/>
		<unitScore value='24525'/>
		<unitScore value='24525'/>
		<killScore value='25450'/>
		<buildingScore value='3345'/>
		<razingScore value='525'/>
		<mineralScore value='22962'/>
		<gasScore value='5746'/>
		<totalScore value='82553'/>
	</enemy>

	<scoreRatio value='1.70643'/>
	<timeFitness value='0.588056'/>
	<unitsAverage value='148'/>
</results>
