<results>
	<result value='draw'/>
	<start value='2015-04-17.00:17:18'/>
	<end value='2015-04-17.00:18:58'/>
	<frames value='57601'/>
	<gameDuration value='3600'/>

	<player>
		<unitScore value='28600'/>
		<killScore value='45800'/>
		<buildingScore value='3225'/>
		<razingScore value='7125'/>
		<mineralScore value='31238'/>
		<gasScore value='4040'/>
		<totalScore value='120028'/>
	</player>

	<enemy>
		<race value='Protoss'/>
		<unitScore value='27800'/>
		<unitScore value='27800'/>
		<killScore value='54350'/>
		<buildingScore value='7000'/>
		<razingScore value='2475'/>
		<mineralScore value='28402'/>
		<gasScore value='8940'/>
		<totalScore value='128967'/>
	</enemy>

	<scoreRatio value='0.930688'/>
</results>
