<results>
	<result value='win'/>
	<start value='2015-04-17.00:22:51'/>
	<end value='2015-04-17.00:23:48'/>
	<frames value='31250'/>
	<gameDuration value='1953'/>

	<player>
		<unitScore value='16300'/>
		<killScore value='18750'/>
		<buildingScore value='3925'/>
		<razingScore value='15375'/>
		<mineralScore value='25890'/>
		<gasScore value='2512'/>
		<totalScore value='82752'/>
	</player>

	<enemy>
		<race value='Protoss'/>
		<unitScore value='10300'/>
		<unitScore value='10300'/>
		<killScore value='12000'/>
		<buildingScore value='5125'/>
		<razingScore value='300'/>
		<mineralScore value='13402'/>
		<gasScore value='4528'/>
		<totalScore value='45655'/>
	</enemy>

	<scoreRatio value='1.81255'/>
</results>
