<results>
	<result value='win'/>
	<start value='2015-04-30.07:46:51'/>
	<end value='2015-04-30.07:47:20'/>
	<frames value='31746'/>
	<gameDuration value='1984'/>

	<player>
		<unitScore value='13150'/>
		<killScore value='27600'/>
		<buildingScore value='3375'/>
		<razingScore value='13200'/>
		<mineralScore value='16746'/>
		<gasScore value='3008'/>
		<totalScore value='77079'/>
	</player>

	<enemy>
		<race value='Terran'/>
		<unitScore value='15400'/>
		<unitScore value='15400'/>
		<killScore value='11350'/>
		<buildingScore value='4400'/>
		<razingScore value='3600'/>
		<mineralScore value='14538'/>
		<gasScore value='6992'/>
		<totalScore value='56280'/>
	</enemy>

	<scoreRatio value='1.36956'/>
	<timeFitness value='0.724444'/>
	<unitsAverage value='67'/>
</results>
