<results>
	<result value='loss'/>
	<start value='2015-04-08.21:35:17'/>
	<end value='2015-04-08.21:35:57'/>
	<frames value='46347'/>
	<gameDuration value='2896'/>

	<player>
		<unitScore value='22175'/>
		<killScore value='32100'/>
		<buildingScore value='3075'/>
		<razingScore value='3300'/>
		<mineralScore value='24954'/>
		<gasScore value='4392'/>
		<totalScore value='89996'/>
	</player>

	<enemy>
		<race value='Protoss'/>
		<unitScore value='33950'/>
		<unitScore value='33950'/>
		<killScore value='44350'/>
		<buildingScore value='8575'/>
		<razingScore value='9225'/>
		<mineralScore value='31886'/>
		<gasScore value='11236'/>
		<totalScore value='139222'/>
	</enemy>

	<scoreRatio value='0.646421'/>
</results>
