<results>
	<result value='win'/>
	<start value='2015-05-03.15:53:17'/>
	<end value='2015-05-03.15:54:17'/>
	<frames value='49044'/>
	<gameDuration value='3065'/>

	<player>
		<unitScore value='31175'/>
		<killScore value='43150'/>
		<buildingScore value='3225'/>
		<razingScore value='18750'/>
		<mineralScore value='32126'/>
		<gasScore value='4960'/>
		<totalScore value='133386'/>
	</player>

	<enemy>
		<race value='Protoss'/>
		<unitScore value='23545'/>
		<unitScore value='23545'/>
		<killScore value='45700'/>
		<buildingScore value='6250'/>
		<razingScore value='525'/>
		<mineralScore value='24206'/>
		<gasScore value='9432'/>
		<totalScore value='109658'/>
	</enemy>

	<scoreRatio value='1.21638'/>
	<timeFitness value='0.574306'/>
	<unitsAverage value='118'/>
</results>
