<results>
	<result value='loss'/>
	<start value='2015-05-09.21:42:25'/>
	<end value='2015-05-09.21:43:24'/>
	<frames value='48858'/>
	<gameDuration value='3053'/>

	<player>
		<unitScore value='22200'/>
		<killScore value='35800'/>
		<buildingScore value='2725'/>
		<razingScore value='2100'/>
		<mineralScore value='24026'/>
		<gasScore value='3712'/>
		<totalScore value='90563'/>
	</player>

	<enemy>
		<race value='Protoss'/>
		<unitScore value='38675'/>
		<unitScore value='38675'/>
		<killScore value='44400'/>
		<buildingScore value='7825'/>
		<razingScore value='8175'/>
		<mineralScore value='33950'/>
		<gasScore value='12860'/>
		<totalScore value='145885'/>
	</enemy>

	<scoreRatio value='0.620784'/>
	<timeFitness value='0.424028'/>
	<unitsAverage value='87'/>
</results>
