<results>
	<result value='loss'/>
	<start value='2015-05-09.21:43:41'/>
	<end value='2015-05-09.21:44:34'/>
	<frames value='49416'/>
	<gameDuration value='3088'/>

	<player>
		<unitScore value='22250'/>
		<killScore value='40950'/>
		<buildingScore value='2400'/>
		<razingScore value='0'/>
		<mineralScore value='24002'/>
		<gasScore value='2952'/>
		<totalScore value='92554'/>
	</player>

	<enemy>
		<race value='Protoss'/>
		<unitScore value='40865'/>
		<unitScore value='40865'/>
		<killScore value='44250'/>
		<buildingScore value='7475'/>
		<razingScore value='7200'/>
		<mineralScore value='33282'/>
		<gasScore value='14510'/>
		<totalScore value='147582'/>
	</enemy>

	<scoreRatio value='0.627136'/>
	<timeFitness value='0.428889'/>
	<unitsAverage value='78'/>
</results>
