<results>
	<result value='draw'/>
	<start value='2015-05-03.20:24:20'/>
	<end value='2015-05-03.20:26:30'/>
	<frames value='57601'/>
	<gameDuration value='3600'/>

	<player>
		<unitScore value='29025'/>
		<killScore value='35950'/>
		<buildingScore value='5275'/>
		<razingScore value='6600'/>
		<mineralScore value='34438'/>
		<gasScore value='8854'/>
		<totalScore value='120142'/>
	</player>

	<enemy>
		<race value='Terran'/>
		<unitScore value='27800'/>
		<unitScore value='27800'/>
		<killScore value='32950'/>
		<buildingScore value='4125'/>
		<razingScore value='5175'/>
		<mineralScore value='19550'/>
		<gasScore value='11702'/>
		<totalScore value='101302'/>
	</enemy>

	<scoreRatio value='1.18598'/>
	<timeFitness value='0.5'/>
	<unitsAverage value='136'/>
</results>
