<results>
	<result value='loss'/>
	<start value='2015-05-07.14:19:29'/>
	<end value='2015-05-07.14:19:58'/>
	<frames value='37791'/>
	<gameDuration value='2361'/>

	<player>
		<unitScore value='14475'/>
		<killScore value='9050'/>
		<buildingScore value='3700'/>
		<razingScore value='150'/>
		<mineralScore value='21666'/>
		<gasScore value='2368'/>
		<totalScore value='51409'/>
	</player>

	<enemy>
		<race value='Protoss'/>
		<unitScore value='24250'/>
		<unitScore value='24250'/>
		<killScore value='28800'/>
		<buildingScore value='7225'/>
		<razingScore value='11100'/>
		<mineralScore value='26178'/>
		<gasScore value='9538'/>
		<totalScore value='107091'/>
	</enemy>

	<scoreRatio value='0.48005'/>
	<timeFitness value='0.327917'/>
	<unitsAverage value='59'/>
</results>
