<results>
	<result value='loss'/>
	<start value='2014-07-06.02:10:35'/>
	<end value='2014-07-06.02:10:45'/>
	<frames value='18943'/>
	<gameDuration value='1183'/>

	<player>
		<unitScore value='5350'/>
		<killScore value='600'/>
		<buildingScore value='1825'/>
		<razingScore value='0'/>
		<mineralScore value='7202'/>
		<gasScore value='784'/>
		<totalScore value='15761'/>
	</player>

	<enemy>
		<race value='Protoss'/>
		<unitScore value='5275'/>
		<unitScore value='5275'/>
		<killScore value='10400'/>
		<buildingScore value='4175'/>
		<razingScore value='5475'/>
		<mineralScore value='9810'/>
		<gasScore value='2584'/>
		<totalScore value='37719'/>
	</enemy>

	<scoreRatio value='0.417853'/>
</results>
