<results>
	<result value='loss'/>
	<start value='2014-07-06.02:12:54'/>
	<end value='2014-07-06.02:13:02'/>
	<frames value='17207'/>
	<gameDuration value='1075'/>

	<player>
		<unitScore value='3100'/>
		<killScore value='1800'/>
		<buildingScore value='1200'/>
		<razingScore value='0'/>
		<mineralScore value='4362'/>
		<gasScore value='624'/>
		<totalScore value='11086'/>
	</player>

	<enemy>
		<race value='Protoss'/>
		<unitScore value='3950'/>
		<unitScore value='3950'/>
		<killScore value='6200'/>
		<buildingScore value='4125'/>
		<razingScore value='3600'/>
		<mineralScore value='9346'/>
		<gasScore value='1792'/>
		<totalScore value='29013'/>
	</enemy>

	<scoreRatio value='0.382105'/>
</results>
