<results>
	<result value='win'/>
	<start value='2015-05-07.04:27:10'/>
	<end value='2015-05-07.04:27:35'/>
	<frames value='37109'/>
	<gameDuration value='2319'/>

	<player>
		<unitScore value='27350'/>
		<killScore value='30335'/>
		<buildingScore value='3300'/>
		<razingScore value='5310'/>
		<mineralScore value='37390'/>
		<gasScore value='0'/>
		<totalScore value='103685'/>
	</player>

	<enemy>
		<race value='Zerg'/>
		<unitScore value='13925'/>
		<unitScore value='13925'/>
		<killScore value='41800'/>
		<buildingScore value='1770'/>
		<razingScore value='0'/>
		<mineralScore value='12418'/>
		<gasScore value='5056'/>
		<totalScore value='74969'/>
	</enemy>

	<scoreRatio value='1.38304'/>
	<timeFitness value='0.677917'/>
	<unitsAverage value='76'/>
</results>
