<results>
	<result value='win'/>
	<start value='2015-05-07.04:41:10'/>
	<end value='2015-05-07.04:41:37'/>
	<frames value='38566'/>
	<gameDuration value='2410'/>

	<player>
		<unitScore value='28750'/>
		<killScore value='30340'/>
		<buildingScore value='3300'/>
		<razingScore value='6060'/>
		<mineralScore value='37066'/>
		<gasScore value='0'/>
		<totalScore value='105516'/>
	</player>

	<enemy>
		<race value='Zerg'/>
		<unitScore value='13550'/>
		<unitScore value='13550'/>
		<killScore value='44600'/>
		<buildingScore value='2020'/>
		<razingScore value='0'/>
		<mineralScore value='11986'/>
		<gasScore value='3440'/>
		<totalScore value='75596'/>
	</enemy>

	<scoreRatio value='1.39579'/>
	<timeFitness value='0.665278'/>
	<unitsAverage value='78'/>
</results>
