<results>
	<result value='win'/>
	<start value='2015-05-07.04:39:40'/>
	<end value='2015-05-07.04:39:58'/>
	<frames value='27375'/>
	<gameDuration value='1710'/>

	<player>
		<unitScore value='18800'/>
		<killScore value='30950'/>
		<buildingScore value='3300'/>
		<razingScore value='3660'/>
		<mineralScore value='28378'/>
		<gasScore value='0'/>
		<totalScore value='85088'/>
	</player>

	<enemy>
		<race value='Zerg'/>
		<unitScore value='12650'/>
		<unitScore value='12650'/>
		<killScore value='23800'/>
		<buildingScore value='1220'/>
		<razingScore value='0'/>
		<mineralScore value='10794'/>
		<gasScore value='3256'/>
		<totalScore value='51720'/>
	</enemy>

	<scoreRatio value='1.64517'/>
	<timeFitness value='0.7625'/>
	<unitsAverage value='70'/>
</results>
