<results>
	<result value='win'/>
	<start value='2015-05-07.04:48:49'/>
	<end value='2015-05-07.04:49:09'/>
	<frames value='30940'/>
	<gameDuration value='1933'/>

	<player>
		<unitScore value='22850'/>
		<killScore value='25980'/>
		<buildingScore value='3200'/>
		<razingScore value='4680'/>
		<mineralScore value='32042'/>
		<gasScore value='0'/>
		<totalScore value='88752'/>
	</player>

	<enemy>
		<race value='Zerg'/>
		<unitScore value='12250'/>
		<unitScore value='12250'/>
		<killScore value='34400'/>
		<buildingScore value='1560'/>
		<razingScore value='0'/>
		<mineralScore value='10938'/>
		<gasScore value='3344'/>
		<totalScore value='62492'/>
	</enemy>

	<scoreRatio value='1.42021'/>
	<timeFitness value='0.731528'/>
	<unitsAverage value='73'/>
</results>
