<results>
	<result value='loss'/>
	<start value='2015-05-22.00:27:02'/>
	<end value='2015-05-22.00:27:12'/>
	<frames value='17083'/>
	<gameDuration value='1067'/>

	<player>
		<unitScore value='4675'/>
		<killScore value='1000'/>
		<buildingScore value='2200'/>
		<razingScore value='0'/>
		<mineralScore value='7306'/>
		<gasScore value='784'/>
		<totalScore value='15965'/>
	</player>

	<enemy>
		<race value='Protoss'/>
		<unitScore value='4925'/>
		<killScore value='9350'/>
		<buildingScore value='3375'/>
		<razingScore value='6600'/>
		<mineralScore value='8826'/>
		<gasScore value='2344'/>
		<totalScore value='35420'/>
	</enemy>

	<scoreRatio value='0.450734'/>
	<timeFitness value='0.148194'/>
	<unitsAverage value='34'/>
</results>
