<results>
	<result value='loss'/>
	<start value='2015-05-22.00:33:06'/>
	<end value='2015-05-22.00:33:15'/>
	<frames value='16153'/>
	<gameDuration value='1009'/>

	<player>
		<unitScore value='4300'/>
		<killScore value='200'/>
		<buildingScore value='1650'/>
		<razingScore value='0'/>
		<mineralScore value='6266'/>
		<gasScore value='1096'/>
		<totalScore value='13512'/>
	</player>

	<enemy>
		<race value='Protoss'/>
		<unitScore value='3875'/>
		<killScore value='6400'/>
		<buildingScore value='3325'/>
		<razingScore value='4950'/>
		<mineralScore value='8386'/>
		<gasScore value='2072'/>
		<totalScore value='29008'/>
	</enemy>

	<scoreRatio value='0.465803'/>
	<timeFitness value='0.140139'/>
	<unitsAverage value='32'/>
</results>
