<results>
	<result value='win'/>
	<start value='2015-05-08.17:46:39'/>
	<end value='2015-05-08.17:47:06'/>
	<frames value='31467'/>
	<gameDuration value='1966'/>

	<player>
		<unitScore value='16075'/>
		<killScore value='27150'/>
		<buildingScore value='4075'/>
		<razingScore value='10350'/>
		<mineralScore value='21362'/>
		<gasScore value='2936'/>
		<totalScore value='81948'/>
	</player>

	<enemy>
		<race value='Terran'/>
		<unitScore value='14775'/>
		<unitScore value='14775'/>
		<killScore value='13650'/>
		<buildingScore value='3450'/>
		<razingScore value='2325'/>
		<mineralScore value='13598'/>
		<gasScore value='6168'/>
		<totalScore value='53966'/>
	</enemy>

	<scoreRatio value='1.51851'/>
	<timeFitness value='0.726944'/>
	<unitsAverage value='76'/>
</results>
