<results>
	<result value='win'/>
	<start value='2015-05-04.21:03:13'/>
	<end value='2015-05-04.21:03:28'/>
	<frames value='17393'/>
	<gameDuration value='1087'/>

	<player>
		<unitScore value='6300'/>
		<killScore value='7400'/>
		<buildingScore value='1925'/>
		<razingScore value='3300'/>
		<mineralScore value='9738'/>
		<gasScore value='1480'/>
		<totalScore value='30143'/>
	</player>

	<enemy>
		<race value='Terran'/>
		<unitScore value='3700'/>
		<unitScore value='3700'/>
		<killScore value='1800'/>
		<buildingScore value='1100'/>
		<razingScore value='150'/>
		<mineralScore value='6418'/>
		<gasScore value='1344'/>
		<totalScore value='14512'/>
	</enemy>

	<scoreRatio value='2.07711'/>
	<timeFitness value='0.849028'/>
	<unitsAverage value='50'/>
</results>
