<results>
	<result value='win'/>
	<start value='2015-05-04.21:05:06'/>
	<end value='2015-05-04.21:05:39'/>
	<frames value='28739'/>
	<gameDuration value='1796'/>

	<player>
		<unitScore value='11675'/>
		<killScore value='29050'/>
		<buildingScore value='3425'/>
		<razingScore value='10575'/>
		<mineralScore value='21614'/>
		<gasScore value='2400'/>
		<totalScore value='78739'/>
	</player>

	<enemy>
		<race value='Terran'/>
		<unitScore value='15325'/>
		<unitScore value='15325'/>
		<killScore value='5300'/>
		<buildingScore value='3525'/>
		<razingScore value='300'/>
		<mineralScore value='13162'/>
		<gasScore value='6392'/>
		<totalScore value='44004'/>
	</enemy>

	<scoreRatio value='1.78936'/>
	<timeFitness value='0.750556'/>
	<unitsAverage value='77'/>
</results>
