<results>
	<result value='win'/>
	<start value='2015-05-04.21:06:25'/>
	<end value='2015-05-04.21:06:44'/>
	<frames value='21826'/>
	<gameDuration value='1364'/>

	<player>
		<unitScore value='8050'/>
		<killScore value='12800'/>
		<buildingScore value='2300'/>
		<razingScore value='4650'/>
		<mineralScore value='11474'/>
		<gasScore value='1880'/>
		<totalScore value='41154'/>
	</player>

	<enemy>
		<race value='Terran'/>
		<unitScore value='6400'/>
		<unitScore value='6400'/>
		<killScore value='7000'/>
		<buildingScore value='1550'/>
		<razingScore value='1650'/>
		<mineralScore value='7658'/>
		<gasScore value='2272'/>
		<totalScore value='26530'/>
	</enemy>

	<scoreRatio value='1.55123'/>
	<timeFitness value='0.810556'/>
	<unitsAverage value='47'/>
</results>
