<results>
	<result value='loss'/>
	<start value='2015-05-08.17:59:00'/>
	<end value='2015-05-08.17:59:11'/>
	<frames value='20741'/>
	<gameDuration value='1296'/>

	<player>
		<unitScore value='4075'/>
		<killScore value='4250'/>
		<buildingScore value='1925'/>
		<razingScore value='0'/>
		<mineralScore value='6074'/>
		<gasScore value='800'/>
		<totalScore value='17124'/>
	</player>

	<enemy>
		<race value='Terran'/>
		<unitScore value='8250'/>
		<unitScore value='8250'/>
		<killScore value='8150'/>
		<buildingScore value='3125'/>
		<razingScore value='5775'/>
		<mineralScore value='10026'/>
		<gasScore value='3976'/>
		<totalScore value='39302'/>
	</enemy>

	<scoreRatio value='0.435703'/>
	<timeFitness value='0.18'/>
	<unitsAverage value='29'/>
</results>
