<results>
	<result value='draw'/>
	<start value='2015-04-29.14:59:48'/>
	<end value='2015-04-29.15:00:52'/>
	<frames value='57601'/>
	<gameDuration value='3600'/>

	<player>
		<unitScore value='22650'/>
		<killScore value='64820'/>
		<buildingScore value='2800'/>
		<razingScore value='8655'/>
		<mineralScore value='24714'/>
		<gasScore value='5024'/>
		<totalScore value='128663'/>
	</player>

	<enemy>
		<race value='Zerg'/>
		<unitScore value='28925'/>
		<unitScore value='28925'/>
		<killScore value='37800'/>
		<buildingScore value='5615'/>
		<razingScore value='2100'/>
		<mineralScore value='28718'/>
		<gasScore value='8740'/>
		<totalScore value='111898'/>
	</enemy>

	<scoreRatio value='1.14982'/>
</results>
