<results>
	<result value='loss'/>
	<start value='2015-04-29.15:01:33'/>
	<end value='2015-04-29.15:01:37'/>
	<frames value='7287'/>
	<gameDuration value='455'/>

	<player>
		<unitScore value='950'/>
		<killScore value='50'/>
		<buildingScore value='650'/>
		<razingScore value='0'/>
		<mineralScore value='1402'/>
		<gasScore value='24'/>
		<totalScore value='3076'/>
	</player>

	<enemy>
		<race value='Zerg'/>
		<unitScore value='1250'/>
		<unitScore value='1250'/>
		<killScore value='1800'/>
		<buildingScore value='440'/>
		<razingScore value='1950'/>
		<mineralScore value='2002'/>
		<gasScore value='16'/>
		<totalScore value='7458'/>
	</enemy>

	<scoreRatio value='0.412443'/>
</results>
