<results>
	<result value='win'/>
	<start value='2015-04-28.02:57:54'/>
	<end value='2015-04-28.02:58:53'/>
	<frames value='31250'/>
	<gameDuration value='1953'/>

	<player>
		<unitScore value='19100'/>
		<killScore value='24820'/>
		<buildingScore value='4475'/>
		<razingScore value='6570'/>
		<mineralScore value='26282'/>
		<gasScore value='2400'/>
		<totalScore value='83647'/>
	</player>

	<enemy>
		<race value='Zerg'/>
		<unitScore value='11925'/>
		<unitScore value='11925'/>
		<killScore value='12650'/>
		<buildingScore value='2190'/>
		<razingScore value='0'/>
		<mineralScore value='12554'/>
		<gasScore value='3936'/>
		<totalScore value='43255'/>
	</enemy>

	<scoreRatio value='1.93381'/>
</results>
