<results>
	<result value='win'/>
	<start value='2015-04-28.03:12:05'/>
	<end value='2015-04-28.03:12:46'/>
	<frames value='30258'/>
	<gameDuration value='1891'/>

	<player>
		<unitScore value='17875'/>
		<killScore value='25405'/>
		<buildingScore value='3675'/>
		<razingScore value='7950'/>
		<mineralScore value='21970'/>
		<gasScore value='2832'/>
		<totalScore value='79707'/>
	</player>

	<enemy>
		<race value='Zerg'/>
		<unitScore value='11900'/>
		<unitScore value='11900'/>
		<killScore value='16900'/>
		<buildingScore value='2650'/>
		<razingScore value='150'/>
		<mineralScore value='12458'/>
		<gasScore value='2776'/>
		<totalScore value='46834'/>
	</enemy>

	<scoreRatio value='1.7019'/>
</results>
