<results>
	<result value='win'/>
	<start value='2015-04-29.23:29:34'/>
	<end value='2015-04-29.23:29:57'/>
	<frames value='25949'/>
	<gameDuration value='1621'/>

	<player>
		<unitScore value='14525'/>
		<killScore value='14740'/>
		<buildingScore value='3675'/>
		<razingScore value='5460'/>
		<mineralScore value='21286'/>
		<gasScore value='1848'/>
		<totalScore value='61534'/>
	</player>

	<enemy>
		<race value='Zerg'/>
		<unitScore value='7650'/>
		<unitScore value='7650'/>
		<killScore value='12100'/>
		<buildingScore value='1820'/>
		<razingScore value='0'/>
		<mineralScore value='7794'/>
		<gasScore value='2288'/>
		<totalScore value='31652'/>
	</enemy>

	<scoreRatio value='1.94408'/>
	<timeFitness value='0.774861'/>
	<unitsAverage value='79'/>
</results>
