<results>
	<result value='win'/>
	<start value='2015-04-29.23:39:10'/>
	<end value='2015-04-29.23:39:32'/>
	<frames value='26011'/>
	<gameDuration value='1625'/>

	<player>
		<unitScore value='14200'/>
		<killScore value='19840'/>
		<buildingScore value='3525'/>
		<razingScore value='4635'/>
		<mineralScore value='19294'/>
		<gasScore value='1704'/>
		<totalScore value='63198'/>
	</player>

	<enemy>
		<race value='Zerg'/>
		<unitScore value='9125'/>
		<unitScore value='9125'/>
		<killScore value='12500'/>
		<buildingScore value='1545'/>
		<razingScore value='0'/>
		<mineralScore value='9346'/>
		<gasScore value='2680'/>
		<totalScore value='35196'/>
	</enemy>

	<scoreRatio value='1.7956'/>
	<timeFitness value='0.774306'/>
	<unitsAverage value='69'/>
</results>
