<results>
	<result value='win'/>
	<start value='2015-04-09.11:23:26'/>
	<end value='2015-04-09.11:23:54'/>
	<frames value='26755'/>
	<gameDuration value='1672'/>

	<player>
		<unitScore value='15325'/>
		<killScore value='12100'/>
		<buildingScore value='4625'/>
		<razingScore value='11775'/>
		<mineralScore value='22134'/>
		<gasScore value='2192'/>
		<totalScore value='68151'/>
	</player>

	<enemy>
		<race value='Protoss'/>
		<unitScore value='6050'/>
		<unitScore value='6050'/>
		<killScore value='8950'/>
		<buildingScore value='3925'/>
		<razingScore value='0'/>
		<mineralScore value='11538'/>
		<gasScore value='2632'/>
		<totalScore value='33095'/>
	</enemy>

	<scoreRatio value='2.05925'/>
</results>
