<results>
	<result value='win'/>
	<start value='2015-05-10.10:25:27'/>
	<end value='2015-05-10.10:25:51'/>
	<frames value='23593'/>
	<gameDuration value='1474'/>

	<player>
		<unitScore value='13925'/>
		<killScore value='10000'/>
		<buildingScore value='3550'/>
		<razingScore value='11400'/>
		<mineralScore value='20274'/>
		<gasScore value='2512'/>
		<totalScore value='61661'/>
	</player>

	<enemy>
		<race value='Protoss'/>
		<unitScore value='5000'/>
		<unitScore value='5000'/>
		<killScore value='10650'/>
		<buildingScore value='3800'/>
		<razingScore value='0'/>
		<mineralScore value='14794'/>
		<gasScore value='936'/>
		<totalScore value='35180'/>
	</enemy>

	<scoreRatio value='1.75273'/>
	<timeFitness value='0.795278'/>
	<unitsAverage value='82'/>
</results>
