<results>
	<result value='win'/>
	<start value='2015-05-10.10:30:26'/>
	<end value='2015-05-10.10:30:54'/>
	<frames value='25515'/>
	<gameDuration value='1594'/>

	<player>
		<unitScore value='16400'/>
		<killScore value='12700'/>
		<buildingScore value='4200'/>
		<razingScore value='11925'/>
		<mineralScore value='23582'/>
		<gasScore value='2088'/>
		<totalScore value='70895'/>
	</player>

	<enemy>
		<race value='Protoss'/>
		<unitScore value='6350'/>
		<unitScore value='6350'/>
		<killScore value='13250'/>
		<buildingScore value='3975'/>
		<razingScore value='0'/>
		<mineralScore value='14614'/>
		<gasScore value='968'/>
		<totalScore value='39157'/>
	</enemy>

	<scoreRatio value='1.81053'/>
	<timeFitness value='0.778611'/>
	<unitsAverage value='88'/>
</results>
