<results>
	<result value='loss'/>
	<start value='2015-05-10.10:32:36'/>
	<end value='2015-05-10.10:32:45'/>
	<frames value='16587'/>
	<gameDuration value='1036'/>

	<player>
		<unitScore value='3350'/>
		<killScore value='600'/>
		<buildingScore value='1525'/>
		<razingScore value='0'/>
		<mineralScore value='5178'/>
		<gasScore value='536'/>
		<totalScore value='11189'/>
	</player>

	<enemy>
		<race value='Protoss'/>
		<unitScore value='4575'/>
		<unitScore value='4575'/>
		<killScore value='6200'/>
		<buildingScore value='3375'/>
		<razingScore value='4575'/>
		<mineralScore value='8466'/>
		<gasScore value='2208'/>
		<totalScore value='29399'/>
	</enemy>

	<scoreRatio value='0.380591'/>
	<timeFitness value='0.143889'/>
	<unitsAverage value='28'/>
</results>
