<results>
	<result value='loss'/>
	<start value='2015-05-10.10:36:51'/>
	<end value='2015-05-10.10:37:00'/>
	<frames value='15533'/>
	<gameDuration value='970'/>

	<player>
		<unitScore value='3450'/>
		<killScore value='400'/>
		<buildingScore value='1500'/>
		<razingScore value='0'/>
		<mineralScore value='5402'/>
		<gasScore value='888'/>
		<totalScore value='11640'/>
	</player>

	<enemy>
		<race value='Protoss'/>
		<unitScore value='3550'/>
		<unitScore value='3550'/>
		<killScore value='6900'/>
		<buildingScore value='2975'/>
		<razingScore value='4500'/>
		<mineralScore value='7994'/>
		<gasScore value='1600'/>
		<totalScore value='27519'/>
	</enemy>

	<scoreRatio value='0.42298'/>
	<timeFitness value='0.134722'/>
	<unitsAverage value='27'/>
</results>
