<results>
	<result value='loss'/>
	<start value='2015-05-10.10:40:46'/>
	<end value='2015-05-10.10:41:07'/>
	<frames value='30010'/>
	<gameDuration value='1875'/>

	<player>
		<unitScore value='10375'/>
		<killScore value='6400'/>
		<buildingScore value='1850'/>
		<razingScore value='2100'/>
		<mineralScore value='12522'/>
		<gasScore value='2408'/>
		<totalScore value='35655'/>
	</player>

	<enemy>
		<race value='Protoss'/>
		<unitScore value='11075'/>
		<unitScore value='11075'/>
		<killScore value='20850'/>
		<buildingScore value='6800'/>
		<razingScore value='5550'/>
		<mineralScore value='19054'/>
		<gasScore value='4336'/>
		<totalScore value='67665'/>
	</enemy>

	<scoreRatio value='0.526934'/>
	<timeFitness value='0.260417'/>
	<unitsAverage value='37'/>
</results>
