<results>
	<result value='loss'/>
	<start value='2015-05-10.10:44:57'/>
	<end value='2015-05-10.10:45:06'/>
	<frames value='17672'/>
	<gameDuration value='1104'/>

	<player>
		<unitScore value='3275'/>
		<killScore value='1600'/>
		<buildingScore value='1475'/>
		<razingScore value='0'/>
		<mineralScore value='4938'/>
		<gasScore value='712'/>
		<totalScore value='12000'/>
	</player>

	<enemy>
		<race value='Protoss'/>
		<unitScore value='3750'/>
		<unitScore value='3750'/>
		<killScore value='6550'/>
		<buildingScore value='3875'/>
		<razingScore value='4425'/>
		<mineralScore value='9602'/>
		<gasScore value='1592'/>
		<totalScore value='29794'/>
	</enemy>

	<scoreRatio value='0.402766'/>
	<timeFitness value='0.153333'/>
	<unitsAverage value='22'/>
</results>
