<results>
	<result value='loss'/>
	<start value='2015-07-15.09:26:12'/>
	<end value='2015-07-15.09:26:34'/>
	<frames value='25453'/>
	<gameDuration value='1590'/>

	<player>
		<unitScore value='12075'/>
		<killScore value='5100'/>
		<buildingScore value='2850'/>
		<razingScore value='0'/>
		<mineralScore value='11590'/>
		<gasScore value='2248'/>
		<totalScore value='33863'/>
	</player>

	<enemy>
		<race value='Terran'/>
		<unitScore value='10725'/>
		<killScore value='24150'/>
		<buildingScore value='3625'/>
		<razingScore value='8550'/>
		<mineralScore value='12354'/>
		<gasScore value='5440'/>
		<totalScore value='64844'/>
	</enemy>

	<scoreRatio value='0.522223'/>
	<timeFitness value='0.220833'/>
	<unitsAverage value='39'/>
</results>
