<results>
	<result value='loss'/>
	<start value='2015-07-15.09:26:43'/>
	<end value='2015-07-15.09:26:58'/>
	<frames value='20493'/>
	<gameDuration value='1280'/>

	<player>
		<unitScore value='4075'/>
		<killScore value='4850'/>
		<buildingScore value='1975'/>
		<razingScore value='150'/>
		<mineralScore value='5554'/>
		<gasScore value='832'/>
		<totalScore value='17436'/>
	</player>

	<enemy>
		<race value='Terran'/>
		<unitScore value='8075'/>
		<killScore value='8150'/>
		<buildingScore value='2850'/>
		<razingScore value='5925'/>
		<mineralScore value='9106'/>
		<gasScore value='3408'/>
		<totalScore value='37514'/>
	</enemy>

	<scoreRatio value='0.464786'/>
	<timeFitness value='0.177778'/>
	<unitsAverage value='23'/>
</results>
