<results>
	<result value='loss'/>
	<start value='2015-07-15.09:29:26'/>
	<end value='2015-07-15.09:29:41'/>
	<frames value='22353'/>
	<gameDuration value='1397'/>

	<player>
		<unitScore value='8725'/>
		<killScore value='3000'/>
		<buildingScore value='2525'/>
		<razingScore value='0'/>
		<mineralScore value='9474'/>
		<gasScore value='1496'/>
		<totalScore value='25220'/>
	</player>

	<enemy>
		<race value='Terran'/>
		<unitScore value='9050'/>
		<killScore value='15750'/>
		<buildingScore value='3300'/>
		<razingScore value='7575'/>
		<mineralScore value='10994'/>
		<gasScore value='4296'/>
		<totalScore value='50965'/>
	</enemy>

	<scoreRatio value='0.494849'/>
	<timeFitness value='0.194028'/>
	<unitsAverage value='35'/>
</results>
