<results>
	<result value='loss'/>
	<start value='2015-07-15.09:34:13'/>
	<end value='2015-07-15.09:34:29'/>
	<frames value='18385'/>
	<gameDuration value='1149'/>

	<player>
		<unitScore value='4775'/>
		<killScore value='3950'/>
		<buildingScore value='1600'/>
		<razingScore value='0'/>
		<mineralScore value='6354'/>
		<gasScore value='1024'/>
		<totalScore value='17703'/>
	</player>

	<enemy>
		<race value='Terran'/>
		<unitScore value='6700'/>
		<killScore value='8700'/>
		<buildingScore value='2800'/>
		<razingScore value='4800'/>
		<mineralScore value='8474'/>
		<gasScore value='2808'/>
		<totalScore value='34282'/>
	</enemy>

	<scoreRatio value='0.516393'/>
	<timeFitness value='0.159583'/>
	<unitsAverage value='26'/>
</results>
