<results>
	<result value='loss'/>
	<start value='2015-07-15.09:43:32'/>
	<end value='2015-07-15.09:43:47'/>
	<frames value='21516'/>
	<gameDuration value='1344'/>

	<player>
		<unitScore value='8725'/>
		<killScore value='2800'/>
		<buildingScore value='2200'/>
		<razingScore value='0'/>
		<mineralScore value='10434'/>
		<gasScore value='1880'/>
		<totalScore value='26039'/>
	</player>

	<enemy>
		<race value='Terran'/>
		<unitScore value='8275'/>
		<killScore value='17450'/>
		<buildingScore value='3325'/>
		<razingScore value='6600'/>
		<mineralScore value='10442'/>
		<gasScore value='4232'/>
		<totalScore value='50324'/>
	</enemy>

	<scoreRatio value='0.517427'/>
	<timeFitness value='0.186667'/>
	<unitsAverage value='36'/>
</results>
