<results>
	<result value='loss'/>
	<start value='2015-05-01.16:19:12'/>
	<end value='2015-05-01.16:19:41'/>
	<frames value='32614'/>
	<gameDuration value='2038'/>

	<player>
		<unitScore value='10375'/>
		<killScore value='10900'/>
		<buildingScore value='1700'/>
		<razingScore value='300'/>
		<mineralScore value='12258'/>
		<gasScore value='2176'/>
		<totalScore value='37709'/>
	</player>

	<enemy>
		<race value='Protoss'/>
		<unitScore value='17100'/>
		<unitScore value='17100'/>
		<killScore value='20750'/>
		<buildingScore value='6975'/>
		<razingScore value='5100'/>
		<mineralScore value='22810'/>
		<gasScore value='6320'/>
		<totalScore value='79055'/>
	</enemy>

	<scoreRatio value='0.476997'/>
</results>
