<results>
	<result value='win'/>
	<start value='2015-03-29.08:39:25'/>
	<end value='2015-03-29.08:40:20'/>
	<frames value='36334'/>
	<gameDuration value='2270'/>

	<player>
		<unitScore value='21975'/>
		<killScore value='16400'/>
		<buildingScore value='4325'/>
		<razingScore value='18525'/>
		<mineralScore value='27190'/>
		<gasScore value='3104'/>
		<totalScore value='91519'/>
	</player>

	<enemy>
		<race value='Protoss'/>
		<unitScore value='8200'/>
		<unitScore value='8200'/>
		<killScore value='19350'/>
		<buildingScore value='6175'/>
		<razingScore value='525'/>
		<mineralScore value='22402'/>
		<gasScore value='4552'/>
		<totalScore value='61204'/>
	</enemy>

	<scoreRatio value='1.49531'/>
</results>
