<results>
	<result value='draw'/>
	<start value='2015-04-11.01:08:02'/>
	<end value='2015-04-11.01:09:07'/>
	<frames value='57601'/>
	<gameDuration value='3600'/>

	<player>
		<unitScore value='25900'/>
		<killScore value='44000'/>
		<buildingScore value='2425'/>
		<razingScore value='16050'/>
		<mineralScore value='25202'/>
		<gasScore value='4016'/>
		<totalScore value='117593'/>
	</player>

	<enemy>
		<race value='Protoss'/>
		<unitScore value='25225'/>
		<unitScore value='25225'/>
		<killScore value='42400'/>
		<buildingScore value='7875'/>
		<razingScore value='300'/>
		<mineralScore value='28442'/>
		<gasScore value='10060'/>
		<totalScore value='114302'/>
	</enemy>

	<scoreRatio value='1.02879'/>
</results>
