<results>
	<result value='draw'/>
	<start value='2015-05-06.14:01:35'/>
	<end value='2015-05-06.14:03:12'/>
	<frames value='57601'/>
	<gameDuration value='3600'/>

	<player>
		<unitScore value='41975'/>
		<killScore value='37100'/>
		<buildingScore value='4075'/>
		<razingScore value='2250'/>
		<mineralScore value='43390'/>
		<gasScore value='6254'/>
		<totalScore value='135044'/>
	</player>

	<enemy>
		<race value='Terran'/>
		<unitScore value='28925'/>
		<unitScore value='28925'/>
		<killScore value='62550'/>
		<buildingScore value='4600'/>
		<razingScore value='1425'/>
		<mineralScore value='19550'/>
		<gasScore value='12222'/>
		<totalScore value='129272'/>
	</enemy>

	<scoreRatio value='1.04465'/>
	<timeFitness value='0.5'/>
	<unitsAverage value='156'/>
</results>
