<results>
	<result value='win'/>
	<start value='2015-05-06.14:26:36'/>
	<end value='2015-05-06.14:28:07'/>
	<frames value='51617'/>
	<gameDuration value='3226'/>

	<player>
		<unitScore value='21075'/>
		<killScore value='25300'/>
		<buildingScore value='4425'/>
		<razingScore value='9450'/>
		<mineralScore value='51026'/>
		<gasScore value='7908'/>
		<totalScore value='119184'/>
	</player>

	<enemy>
		<race value='Terran'/>
		<unitScore value='13350'/>
		<unitScore value='13350'/>
		<killScore value='17950'/>
		<buildingScore value='2750'/>
		<razingScore value='450'/>
		<mineralScore value='12050'/>
		<gasScore value='6090'/>
		<totalScore value='52640'/>
	</enemy>

	<scoreRatio value='2.26413'/>
	<timeFitness value='0.551944'/>
	<unitsAverage value='165'/>
</results>
