<results>
	<result value='loss'/>
	<start value='2014-07-06.02:05:40'/>
	<end value='2014-07-06.02:05:58'/>
	<frames value='28987'/>
	<gameDuration value='1811'/>

	<player>
		<unitScore value='7500'/>
		<killScore value='4100'/>
		<buildingScore value='1700'/>
		<razingScore value='0'/>
		<mineralScore value='9194'/>
		<gasScore value='1576'/>
		<totalScore value='24070'/>
	</player>

	<enemy>
		<race value='Protoss'/>
		<unitScore value='13400'/>
		<unitScore value='13400'/>
		<killScore value='15000'/>
		<buildingScore value='6925'/>
		<razingScore value='5100'/>
		<mineralScore value='18142'/>
		<gasScore value='6656'/>
		<totalScore value='65223'/>
	</enemy>

	<scoreRatio value='0.369042'/>
</results>
