<results>
	<result value='loss'/>
	<start value='2015-07-19.05:00:12'/>
	<end value='2015-07-19.05:00:41'/>
	<frames value='21826'/>
	<gameDuration value='1364'/>

	<player>
		<unitScore value='9350'/>
		<killScore value='2900'/>
		<buildingScore value='2750'/>
		<razingScore value='0'/>
		<mineralScore value='13882'/>
		<gasScore value='1488'/>
		<totalScore value='30370'/>
	</player>

	<enemy>
		<race value='Zerg'/>
		<unitScore value='9350'/>
		<killScore value='15600'/>
		<buildingScore value='2905'/>
		<razingScore value='8250'/>
		<mineralScore value='11282'/>
		<gasScore value='3184'/>
		<totalScore value='50571'/>
	</enemy>

	<scoreRatio value='0.600542'/>
	<timeFitness value='0.189444'/>
	<unitsAverage value='51'/>
</results>
