<results>
	<result value='loss'/>
	<start value='2015-04-12.08:39:08'/>
	<end value='2015-04-12.08:40:34'/>
	<frames value='46471'/>
	<gameDuration value='2904'/>

	<player>
		<unitScore value='22050'/>
		<killScore value='37300'/>
		<buildingScore value='2900'/>
		<razingScore value='4950'/>
		<mineralScore value='24034'/>
		<gasScore value='5116'/>
		<totalScore value='96350'/>
	</player>

	<enemy>
		<race value='Protoss'/>
		<unitScore value='35300'/>
		<unitScore value='35300'/>
		<killScore value='44100'/>
		<buildingScore value='9050'/>
		<razingScore value='8700'/>
		<mineralScore value='35138'/>
		<gasScore value='11196'/>
		<totalScore value='143484'/>
	</enemy>

	<scoreRatio value='0.671503'/>
</results>
