<results>
	<result value='win'/>
	<start value='2015-04-12.08:51:39'/>
	<end value='2015-04-12.08:54:03'/>
	<frames value='46967'/>
	<gameDuration value='2935'/>

	<player>
		<unitScore value='32825'/>
		<killScore value='47850'/>
		<buildingScore value='4900'/>
		<razingScore value='19500'/>
		<mineralScore value='39342'/>
		<gasScore value='6756'/>
		<totalScore value='151173'/>
	</player>

	<enemy>
		<race value='Protoss'/>
		<unitScore value='25725'/>
		<unitScore value='25725'/>
		<killScore value='39200'/>
		<buildingScore value='6500'/>
		<razingScore value='300'/>
		<mineralScore value='22162'/>
		<gasScore value='7932'/>
		<totalScore value='101819'/>
	</enemy>

	<scoreRatio value='1.48472'/>
</results>
