<results>
	<result value='win'/>
	<start value='2015-04-09.12:35:59'/>
	<end value='2015-04-09.12:36:48'/>
	<frames value='45448'/>
	<gameDuration value='2840'/>

	<player>
		<unitScore value='26000'/>
		<killScore value='52850'/>
		<buildingScore value='3975'/>
		<razingScore value='18825'/>
		<mineralScore value='30158'/>
		<gasScore value='5792'/>
		<totalScore value='137600'/>
	</player>

	<enemy>
		<race value='Protoss'/>
		<unitScore value='27675'/>
		<unitScore value='27675'/>
		<killScore value='31250'/>
		<buildingScore value='6275'/>
		<razingScore value='1350'/>
		<mineralScore value='25750'/>
		<gasScore value='9882'/>
		<totalScore value='102182'/>
	</enemy>

	<scoreRatio value='1.34662'/>
</results>
