<results>
	<result value='loss'/>
	<start value='2015-04-09.12:37:27'/>
	<end value='2015-04-09.12:37:41'/>
	<frames value='28894'/>
	<gameDuration value='1805'/>

	<player>
		<unitScore value='3025'/>
		<killScore value='2500'/>
		<buildingScore value='1425'/>
		<razingScore value='150'/>
		<mineralScore value='4530'/>
		<gasScore value='616'/>
		<totalScore value='12246'/>
	</player>

	<enemy>
		<race value='Protoss'/>
		<unitScore value='13000'/>
		<unitScore value='13000'/>
		<killScore value='6050'/>
		<buildingScore value='6925'/>
		<razingScore value='4275'/>
		<mineralScore value='17998'/>
		<gasScore value='6968'/>
		<totalScore value='55216'/>
	</enemy>

	<scoreRatio value='0.221784'/>
</results>
