<results>
	<result value='draw'/>
	<start value='2015-05-04.01:09:10'/>
	<end value='2015-05-04.01:10:57'/>
	<frames value='57601'/>
	<gameDuration value='3600'/>

	<player>
		<unitScore value='28775'/>
		<killScore value='42150'/>
		<buildingScore value='4050'/>
		<razingScore value='1050'/>
		<mineralScore value='31470'/>
		<gasScore value='5304'/>
		<totalScore value='112799'/>
	</player>

	<enemy>
		<race value='Terran'/>
		<unitScore value='26350'/>
		<unitScore value='26350'/>
		<killScore value='46150'/>
		<buildingScore value='4400'/>
		<razingScore value='3450'/>
		<mineralScore value='19550'/>
		<gasScore value='12370'/>
		<totalScore value='112270'/>
	</enemy>

	<scoreRatio value='1.00471'/>
	<timeFitness value='0.5'/>
	<unitsAverage value='99'/>
</results>
