<results>
	<result value='win'/>
	<start value='2015-05-04.01:12:25'/>
	<end value='2015-05-04.01:13:12'/>
	<frames value='29855'/>
	<gameDuration value='1865'/>

	<player>
		<unitScore value='14075'/>
		<killScore value='24250'/>
		<buildingScore value='3800'/>
		<razingScore value='9975'/>
		<mineralScore value='16818'/>
		<gasScore value='2792'/>
		<totalScore value='71710'/>
	</player>

	<enemy>
		<race value='Terran'/>
		<unitScore value='14425'/>
		<unitScore value='14425'/>
		<killScore value='9200'/>
		<buildingScore value='3325'/>
		<razingScore value='3000'/>
		<mineralScore value='13626'/>
		<gasScore value='6408'/>
		<totalScore value='49984'/>
	</enemy>

	<scoreRatio value='1.43466'/>
	<timeFitness value='0.740972'/>
	<unitsAverage value='71'/>
</results>
