<results>
	<result value='win'/>
	<start value='2014-07-01.06:25:28'/>
	<end value='2014-07-01.06:26:00'/>
	<frames value='29824'/>
	<gameDuration value='1864'/>

	<player>
		<unitScore value='19375'/>
		<killScore value='21850'/>
		<buildingScore value='4700'/>
		<razingScore value='13425'/>
		<mineralScore value='32014'/>
		<gasScore value='2968'/>
		<totalScore value='94332'/>
	</player>

	<enemy>
		<race value='Protoss'/>
		<unitScore value='10925'/>
		<unitScore value='10925'/>
		<killScore value='15900'/>
		<buildingScore value='4475'/>
		<razingScore value='150'/>
		<mineralScore value='19370'/>
		<gasScore value='2808'/>
		<totalScore value='53628'/>
	</enemy>

	<scoreRatio value='1.75901'/>
</results>
