<results>
	<result value='loss'/>
	<start value='2015-07-18.02:07:44'/>
	<end value='2015-07-18.02:08:01'/>
	<frames value='18447'/>
	<gameDuration value='1152'/>

	<player>
		<unitScore value='4675'/>
		<killScore value='300'/>
		<buildingScore value='1925'/>
		<razingScore value='0'/>
		<mineralScore value='6002'/>
		<gasScore value='936'/>
		<totalScore value='13838'/>
	</player>

	<enemy>
		<race value='Terran'/>
		<unitScore value='6850'/>
		<killScore value='9350'/>
		<buildingScore value='2950'/>
		<razingScore value='5775'/>
		<mineralScore value='8514'/>
		<gasScore value='2888'/>
		<totalScore value='36327'/>
	</enemy>

	<scoreRatio value='0.380929'/>
	<timeFitness value='0.16'/>
	<unitsAverage value='26'/>
</results>
