<results>
	<result value='win'/>
	<start value='2015-05-11.18:58:04'/>
	<end value='2015-05-11.18:58:32'/>
	<frames value='26414'/>
	<gameDuration value='1650'/>

	<player>
		<unitScore value='19625'/>
		<killScore value='24770'/>
		<buildingScore value='3775'/>
		<razingScore value='5820'/>
		<mineralScore value='25302'/>
		<gasScore value='984'/>
		<totalScore value='80276'/>
	</player>

	<enemy>
		<race value='Zerg'/>
		<unitScore value='11875'/>
		<unitScore value='11875'/>
		<killScore value='19000'/>
		<buildingScore value='1940'/>
		<razingScore value='0'/>
		<mineralScore value='9866'/>
		<gasScore value='3264'/>
		<totalScore value='45945'/>
	</enemy>

	<scoreRatio value='1.74722'/>
	<timeFitness value='0.770833'/>
	<unitsAverage value='93'/>
</results>
