<results>
	<result value='win'/>
	<start value='2015-05-11.19:05:25'/>
	<end value='2015-05-11.19:06:02'/>
	<frames value='33389'/>
	<gameDuration value='2086'/>

	<player>
		<unitScore value='19100'/>
		<killScore value='26370'/>
		<buildingScore value='3325'/>
		<razingScore value='6840'/>
		<mineralScore value='21946'/>
		<gasScore value='3024'/>
		<totalScore value='80605'/>
	</player>

	<enemy>
		<race value='Zerg'/>
		<unitScore value='11525'/>
		<unitScore value='11525'/>
		<killScore value='18350'/>
		<buildingScore value='2280'/>
		<razingScore value='0'/>
		<mineralScore value='11530'/>
		<gasScore value='3408'/>
		<totalScore value='47093'/>
	</enemy>

	<scoreRatio value='1.71161'/>
	<timeFitness value='0.710278'/>
	<unitsAverage value='87'/>
</results>
