<results>
	<result value='loss'/>
	<start value='2015-05-11.19:09:08'/>
	<end value='2015-05-11.19:09:18'/>
	<frames value='20586'/>
	<gameDuration value='1286'/>

	<player>
		<unitScore value='2825'/>
		<killScore value='1200'/>
		<buildingScore value='1025'/>
		<razingScore value='0'/>
		<mineralScore value='4146'/>
		<gasScore value='896'/>
		<totalScore value='10092'/>
	</player>

	<enemy>
		<race value='Zerg'/>
		<unitScore value='7050'/>
		<unitScore value='7050'/>
		<killScore value='5750'/>
		<buildingScore value='2075'/>
		<razingScore value='3075'/>
		<mineralScore value='8258'/>
		<gasScore value='2504'/>
		<totalScore value='28712'/>
	</enemy>

	<scoreRatio value='0.351491'/>
	<timeFitness value='0.178611'/>
	<unitsAverage value='15'/>
</results>
