<results>
	<result value='win'/>
	<start value='2015-05-11.19:12:10'/>
	<end value='2015-05-11.19:12:43'/>
	<frames value='29917'/>
	<gameDuration value='1869'/>

	<player>
		<unitScore value='17500'/>
		<killScore value='22210'/>
		<buildingScore value='4450'/>
		<razingScore value='7155'/>
		<mineralScore value='24914'/>
		<gasScore value='2544'/>
		<totalScore value='78773'/>
	</player>

	<enemy>
		<race value='Zerg'/>
		<unitScore value='10125'/>
		<unitScore value='10125'/>
		<killScore value='13500'/>
		<buildingScore value='2385'/>
		<razingScore value='0'/>
		<mineralScore value='11050'/>
		<gasScore value='3296'/>
		<totalScore value='40356'/>
	</enemy>

	<scoreRatio value='1.95195'/>
	<timeFitness value='0.740417'/>
	<unitsAverage value='92'/>
</results>
