<results>
	<result value='win'/>
	<start value='2015-05-11.19:18:13'/>
	<end value='2015-05-11.19:18:39'/>
	<frames value='25980'/>
	<gameDuration value='1623'/>

	<player>
		<unitScore value='14850'/>
		<killScore value='20815'/>
		<buildingScore value='4600'/>
		<razingScore value='6090'/>
		<mineralScore value='22186'/>
		<gasScore value='1776'/>
		<totalScore value='70317'/>
	</player>

	<enemy>
		<race value='Zerg'/>
		<unitScore value='10100'/>
		<unitScore value='10100'/>
		<killScore value='11550'/>
		<buildingScore value='2030'/>
		<razingScore value='0'/>
		<mineralScore value='10394'/>
		<gasScore value='3480'/>
		<totalScore value='37554'/>
	</enemy>

	<scoreRatio value='1.87242'/>
	<timeFitness value='0.774583'/>
	<unitsAverage value='83'/>
</results>
