<results>
	<result value='loss'/>
	<start value='2015-05-10.13:30:12'/>
	<end value='2015-05-10.13:30:28'/>
	<frames value='25453'/>
	<gameDuration value='1590'/>

	<player>
		<unitScore value='3525'/>
		<killScore value='2400'/>
		<buildingScore value='1525'/>
		<razingScore value='0'/>
		<mineralScore value='5026'/>
		<gasScore value='744'/>
		<totalScore value='13220'/>
	</player>

	<enemy>
		<race value='Protoss'/>
		<unitScore value='10100'/>
		<unitScore value='10100'/>
		<killScore value='7050'/>
		<buildingScore value='5975'/>
		<razingScore value='4575'/>
		<mineralScore value='16494'/>
		<gasScore value='4656'/>
		<totalScore value='48850'/>
	</enemy>

	<scoreRatio value='0.270624'/>
	<timeFitness value='0.220833'/>
	<unitsAverage value='23'/>
</results>
