<results>
	<result value='draw'/>
	<start value='2015-05-10.13:33:46'/>
	<end value='2015-05-10.13:35:09'/>
	<frames value='57601'/>
	<gameDuration value='3600'/>

	<player>
		<unitScore value='29950'/>
		<killScore value='42400'/>
		<buildingScore value='3375'/>
		<razingScore value='11625'/>
		<mineralScore value='32302'/>
		<gasScore value='7216'/>
		<totalScore value='126868'/>
	</player>

	<enemy>
		<race value='Protoss'/>
		<unitScore value='25875'/>
		<unitScore value='25875'/>
		<killScore value='52600'/>
		<buildingScore value='7025'/>
		<razingScore value='150'/>
		<mineralScore value='27014'/>
		<gasScore value='8716'/>
		<totalScore value='121380'/>
	</enemy>

	<scoreRatio value='1.04521'/>
	<timeFitness value='0.5'/>
	<unitsAverage value='109'/>
</results>
