<results>
	<result value='win'/>
	<start value='2015-04-11.19:39:58'/>
	<end value='2015-04-11.19:40:33'/>
	<frames value='24554'/>
	<gameDuration value='1534'/>

	<player>
		<unitScore value='11225'/>
		<killScore value='10300'/>
		<buildingScore value='2850'/>
		<razingScore value='8925'/>
		<mineralScore value='18142'/>
		<gasScore value='2264'/>
		<totalScore value='53706'/>
	</player>

	<enemy>
		<race value='Protoss'/>
		<unitScore value='5150'/>
		<unitScore value='5150'/>
		<killScore value='5400'/>
		<buildingScore value='2975'/>
		<razingScore value='0'/>
		<mineralScore value='8498'/>
		<gasScore value='1648'/>
		<totalScore value='23671'/>
	</enemy>

	<scoreRatio value='2.26885'/>
</results>
