<results>
	<result value='win'/>
	<start value='2015-05-11.23:29:53'/>
	<end value='2015-05-11.23:30:42'/>
	<frames value='33730'/>
	<gameDuration value='2108'/>

	<player>
		<unitScore value='24725'/>
		<killScore value='41210'/>
		<buildingScore value='3400'/>
		<razingScore value='9570'/>
		<mineralScore value='31262'/>
		<gasScore value='3416'/>
		<totalScore value='113583'/>
	</player>

	<enemy>
		<race value='Zerg'/>
		<unitScore value='18550'/>
		<unitScore value='18550'/>
		<killScore value='23300'/>
		<buildingScore value='3190'/>
		<razingScore value='0'/>
		<mineralScore value='17938'/>
		<gasScore value='5632'/>
		<totalScore value='68610'/>
	</enemy>

	<scoreRatio value='1.65549'/>
	<timeFitness value='0.707222'/>
	<unitsAverage value='130'/>
</results>
