<results>
	<result value='draw'/>
	<start value='2015-05-11.23:30:46'/>
	<end value='2015-05-11.23:32:42'/>
	<frames value='57601'/>
	<gameDuration value='3600'/>

	<player>
		<unitScore value='23700'/>
		<killScore value='33865'/>
		<buildingScore value='5450'/>
		<razingScore value='8985'/>
		<mineralScore value='43482'/>
		<gasScore value='8184'/>
		<totalScore value='123666'/>
	</player>

	<enemy>
		<race value='Zerg'/>
		<unitScore value='16000'/>
		<unitScore value='16000'/>
		<killScore value='22000'/>
		<buildingScore value='3060'/>
		<razingScore value='1950'/>
		<mineralScore value='16398'/>
		<gasScore value='5888'/>
		<totalScore value='65296'/>
	</enemy>

	<scoreRatio value='1.89393'/>
	<timeFitness value='0.5'/>
	<unitsAverage value='167'/>
</results>
