<results>
	<result value='win'/>
	<start value='2015-05-11.23:54:02'/>
	<end value='2015-05-11.23:54:43'/>
	<frames value='33327'/>
	<gameDuration value='2082'/>

	<player>
		<unitScore value='22250'/>
		<killScore value='34350'/>
		<buildingScore value='4450'/>
		<razingScore value='6375'/>
		<mineralScore value='29202'/>
		<gasScore value='3608'/>
		<totalScore value='100235'/>
	</player>

	<enemy>
		<race value='Zerg'/>
		<unitScore value='15800'/>
		<unitScore value='15800'/>
		<killScore value='19100'/>
		<buildingScore value='2125'/>
		<razingScore value='0'/>
		<mineralScore value='15002'/>
		<gasScore value='5240'/>
		<totalScore value='57267'/>
	</enemy>

	<scoreRatio value='1.75031'/>
	<timeFitness value='0.710833'/>
	<unitsAverage value='118'/>
</results>
