<results>
	<result value='win'/>
	<start value='2015-05-12.00:02:25'/>
	<end value='2015-05-12.00:03:08'/>
	<frames value='32273'/>
	<gameDuration value='2017'/>

	<player>
		<unitScore value='22400'/>
		<killScore value='29870'/>
		<buildingScore value='4450'/>
		<razingScore value='5040'/>
		<mineralScore value='34902'/>
		<gasScore value='2080'/>
		<totalScore value='98742'/>
	</player>

	<enemy>
		<race value='Zerg'/>
		<unitScore value='13775'/>
		<unitScore value='13775'/>
		<killScore value='19750'/>
		<buildingScore value='1680'/>
		<razingScore value='0'/>
		<mineralScore value='12558'/>
		<gasScore value='3832'/>
		<totalScore value='51595'/>
	</enemy>

	<scoreRatio value='1.91379'/>
	<timeFitness value='0.719861'/>
	<unitsAverage value='127'/>
</results>
