<results>
	<result value='loss'/>
	<start value='2015-03-29.20:39:18'/>
	<end value='2015-03-29.20:40:25'/>
	<frames value='43309'/>
	<gameDuration value='2706'/>

	<player>
		<unitScore value='21100'/>
		<killScore value='18100'/>
		<buildingScore value='2225'/>
		<razingScore value='2100'/>
		<mineralScore value='23986'/>
		<gasScore value='4998'/>
		<totalScore value='72509'/>
	</player>

	<enemy>
		<race value='Protoss'/>
		<unitScore value='31215'/>
		<unitScore value='31215'/>
		<killScore value='41950'/>
		<buildingScore value='8775'/>
		<razingScore value='6675'/>
		<mineralScore value='30970'/>
		<gasScore value='11946'/>
		<totalScore value='131531'/>
	</enemy>

	<scoreRatio value='0.551269'/>
</results>
