<results>
	<result value='win'/>
	<start value='2015-03-29.20:49:15'/>
	<end value='2015-03-29.20:50:16'/>
	<frames value='32304'/>
	<gameDuration value='2019'/>

	<player>
		<unitScore value='21325'/>
		<killScore value='22750'/>
		<buildingScore value='4175'/>
		<razingScore value='18675'/>
		<mineralScore value='29734'/>
		<gasScore value='2112'/>
		<totalScore value='98771'/>
	</player>

	<enemy>
		<race value='Protoss'/>
		<unitScore value='11725'/>
		<unitScore value='11725'/>
		<killScore value='15450'/>
		<buildingScore value='6225'/>
		<razingScore value='0'/>
		<mineralScore value='15494'/>
		<gasScore value='3456'/>
		<totalScore value='52350'/>
	</enemy>

	<scoreRatio value='1.88674'/>
</results>
