<results>
	<result value='loss'/>
	<start value='2015-03-29.20:58:48'/>
	<end value='2015-03-29.20:59:08'/>
	<frames value='27375'/>
	<gameDuration value='1710'/>

	<player>
		<unitScore value='5525'/>
		<killScore value='3800'/>
		<buildingScore value='2025'/>
		<razingScore value='0'/>
		<mineralScore value='9154'/>
		<gasScore value='1608'/>
		<totalScore value='22112'/>
	</player>

	<enemy>
		<race value='Protoss'/>
		<unitScore value='11900'/>
		<unitScore value='11900'/>
		<killScore value='11050'/>
		<buildingScore value='5975'/>
		<razingScore value='6075'/>
		<mineralScore value='18410'/>
		<gasScore value='5416'/>
		<totalScore value='58826'/>
	</enemy>

	<scoreRatio value='0.375888'/>
</results>
