<results>
	<result value='loss'/>
	<start value='2015-03-29.21:00:11'/>
	<end value='2015-03-29.21:00:23'/>
	<frames value='16029'/>
	<gameDuration value='1001'/>

	<player>
		<unitScore value='3100'/>
		<killScore value='600'/>
		<buildingScore value='1575'/>
		<razingScore value='0'/>
		<mineralScore value='5090'/>
		<gasScore value='1360'/>
		<totalScore value='11725'/>
	</player>

	<enemy>
		<race value='Protoss'/>
		<unitScore value='4225'/>
		<unitScore value='4225'/>
		<killScore value='6200'/>
		<buildingScore value='3275'/>
		<razingScore value='4725'/>
		<mineralScore value='8146'/>
		<gasScore value='2064'/>
		<totalScore value='28635'/>
	</enemy>

	<scoreRatio value='0.409464'/>
</results>
