<results>
	<result value='win'/>
	<start value='2014-07-12.20:15:27'/>
	<end value='2014-07-12.20:15:52'/>
	<frames value='33854'/>
	<gameDuration value='2115'/>

	<player>
		<unitScore value='14825'/>
		<killScore value='26250'/>
		<buildingScore value='4175'/>
		<razingScore value='10350'/>
		<mineralScore value='21330'/>
		<gasScore value='3304'/>
		<totalScore value='80234'/>
	</player>

	<enemy>
		<race value='Terran'/>
		<unitScore value='13475'/>
		<unitScore value='13475'/>
		<killScore value='12050'/>
		<buildingScore value='3450'/>
		<razingScore value='1950'/>
		<mineralScore value='13298'/>
		<gasScore value='6184'/>
		<totalScore value='50407'/>
	</enemy>

	<scoreRatio value='1.59172'/>
</results>
