<results>
	<result value='loss'/>
	<start value='2015-04-03.17:10:08'/>
	<end value='2015-04-03.17:10:17'/>
	<frames value='17796'/>
	<gameDuration value='1112'/>

	<player>
		<unitScore value='3375'/>
		<killScore value='1400'/>
		<buildingScore value='1450'/>
		<razingScore value='0'/>
		<mineralScore value='4714'/>
		<gasScore value='872'/>
		<totalScore value='11811'/>
	</player>

	<enemy>
		<race value='Protoss'/>
		<unitScore value='3700'/>
		<unitScore value='3700'/>
		<killScore value='6750'/>
		<buildingScore value='4075'/>
		<razingScore value='4350'/>
		<mineralScore value='9850'/>
		<gasScore value='1744'/>
		<totalScore value='30469'/>
	</enemy>

	<scoreRatio value='0.38764'/>
</results>
