<results>
	<result value='draw'/>
	<start value='2015-04-09.18:11:18'/>
	<end value='2015-04-09.18:12:21'/>
	<frames value='57601'/>
	<gameDuration value='3600'/>

	<player>
		<unitScore value='35450'/>
		<killScore value='52750'/>
		<buildingScore value='3475'/>
		<razingScore value='14550'/>
		<mineralScore value='37246'/>
		<gasScore value='5288'/>
		<totalScore value='148759'/>
	</player>

	<enemy>
		<race value='Protoss'/>
		<unitScore value='28375'/>
		<unitScore value='28375'/>
		<killScore value='65200'/>
		<buildingScore value='6750'/>
		<razingScore value='0'/>
		<mineralScore value='25710'/>
		<gasScore value='9572'/>
		<totalScore value='135607'/>
	</enemy>

	<scoreRatio value='1.09699'/>
</results>
