<results>
	<result value='win'/>
	<start value='2015-04-09.18:12:23'/>
	<end value='2015-04-09.18:13:14'/>
	<frames value='38628'/>
	<gameDuration value='2414'/>

	<player>
		<unitScore value='30950'/>
		<killScore value='35950'/>
		<buildingScore value='4475'/>
		<razingScore value='18150'/>
		<mineralScore value='38974'/>
		<gasScore value='4680'/>
		<totalScore value='133179'/>
	</player>

	<enemy>
		<race value='Protoss'/>
		<unitScore value='18525'/>
		<unitScore value='18525'/>
		<killScore value='39200'/>
		<buildingScore value='6050'/>
		<razingScore value='300'/>
		<mineralScore value='20690'/>
		<gasScore value='5174'/>
		<totalScore value='89939'/>
	</enemy>

	<scoreRatio value='1.48077'/>
</results>
