<results>
	<result value='loss'/>
	<start value='2015-03-30.08:33:27'/>
	<end value='2015-03-30.08:34:04'/>
	<frames value='37419'/>
	<gameDuration value='2338'/>

	<player>
		<unitScore value='16000'/>
		<killScore value='12650'/>
		<buildingScore value='2625'/>
		<razingScore value='600'/>
		<mineralScore value='19034'/>
		<gasScore value='1216'/>
		<totalScore value='52125'/>
	</player>

	<enemy>
		<race value='Protoss'/>
		<unitScore value='22475'/>
		<unitScore value='22475'/>
		<killScore value='32250'/>
		<buildingScore value='7925'/>
		<razingScore value='7875'/>
		<mineralScore value='24642'/>
		<gasScore value='9200'/>
		<totalScore value='104367'/>
	</enemy>

	<scoreRatio value='0.499439'/>
</results>
