<results>
	<result value='win'/>
	<start value='2015-04-29.13:36:01'/>
	<end value='2015-04-29.13:36:39'/>
	<frames value='26197'/>
	<gameDuration value='1637'/>

	<player>
		<unitScore value='14800'/>
		<killScore value='24550'/>
		<buildingScore value='4700'/>
		<razingScore value='4950'/>
		<mineralScore value='24726'/>
		<gasScore value='2944'/>
		<totalScore value='76670'/>
	</player>

	<enemy>
		<race value='Zerg'/>
		<unitScore value='10775'/>
		<unitScore value='10775'/>
		<killScore value='13350'/>
		<buildingScore value='1650'/>
		<razingScore value='0'/>
		<mineralScore value='10050'/>
		<gasScore value='2896'/>
		<totalScore value='38721'/>
	</enemy>

	<scoreRatio value='1.98006'/>
</results>
