<results>
	<result value='loss'/>
	<start value='2015-04-14.22:09:37'/>
	<end value='2015-04-14.22:10:32'/>
	<frames value='42410'/>
	<gameDuration value='2650'/>

	<player>
		<unitScore value='17275'/>
		<killScore value='21800'/>
		<buildingScore value='2700'/>
		<razingScore value='0'/>
		<mineralScore value='20586'/>
		<gasScore value='1688'/>
		<totalScore value='64049'/>
	</player>

	<enemy>
		<race value='Protoss'/>
		<unitScore value='30400'/>
		<unitScore value='30400'/>
		<killScore value='34300'/>
		<buildingScore value='7275'/>
		<razingScore value='8100'/>
		<mineralScore value='28626'/>
		<gasScore value='11320'/>
		<totalScore value='120021'/>
	</enemy>

	<scoreRatio value='0.533648'/>
</results>
