<results>
	<result value='loss'/>
	<start value='2015-04-14.22:11:27'/>
	<end value='2015-04-14.22:11:41'/>
	<frames value='15564'/>
	<gameDuration value='972'/>

	<player>
		<unitScore value='2975'/>
		<killScore value='600'/>
		<buildingScore value='1250'/>
		<razingScore value='0'/>
		<mineralScore value='4418'/>
		<gasScore value='872'/>
		<totalScore value='10115'/>
	</player>

	<enemy>
		<race value='Protoss'/>
		<unitScore value='3550'/>
		<unitScore value='3550'/>
		<killScore value='5950'/>
		<buildingScore value='3025'/>
		<razingScore value='3750'/>
		<mineralScore value='8066'/>
		<gasScore value='1664'/>
		<totalScore value='26005'/>
	</enemy>

	<scoreRatio value='0.388964'/>
</results>
