<results>
	<result value='loss'/>
	<start value='2015-04-14.22:26:46'/>
	<end value='2015-04-14.22:27:05'/>
	<frames value='20648'/>
	<gameDuration value='1290'/>

	<player>
		<unitScore value='5400'/>
		<killScore value='4500'/>
		<buildingScore value='1675'/>
		<razingScore value='0'/>
		<mineralScore value='7034'/>
		<gasScore value='1336'/>
		<totalScore value='19945'/>
	</player>

	<enemy>
		<race value='Protoss'/>
		<unitScore value='5875'/>
		<unitScore value='5875'/>
		<killScore value='10800'/>
		<buildingScore value='4625'/>
		<razingScore value='5025'/>
		<mineralScore value='11394'/>
		<gasScore value='2976'/>
		<totalScore value='40695'/>
	</enemy>

	<scoreRatio value='0.490109'/>
</results>
