<results>
	<result value='draw'/>
	<start value='2015-04-14.22:29:29'/>
	<end value='2015-04-14.22:31:34'/>
	<frames value='57601'/>
	<gameDuration value='3600'/>

	<player>
		<unitScore value='30925'/>
		<killScore value='45850'/>
		<buildingScore value='2925'/>
		<razingScore value='5475'/>
		<mineralScore value='31470'/>
		<gasScore value='6064'/>
		<totalScore value='122709'/>
	</player>

	<enemy>
		<race value='Protoss'/>
		<unitScore value='31775'/>
		<unitScore value='31775'/>
		<killScore value='62100'/>
		<buildingScore value='7750'/>
		<razingScore value='7875'/>
		<mineralScore value='31518'/>
		<gasScore value='10826'/>
		<totalScore value='151844'/>
	</enemy>

	<scoreRatio value='0.808125'/>
</results>
