<results>
	<result value='win'/>
	<start value='2014-07-11.19:52:33'/>
	<end value='2014-07-11.19:53:10'/>
	<frames value='32521'/>
	<gameDuration value='2032'/>

	<player>
		<unitScore value='19825'/>
		<killScore value='31650'/>
		<buildingScore value='4450'/>
		<razingScore value='10650'/>
		<mineralScore value='25330'/>
		<gasScore value='2560'/>
		<totalScore value='94465'/>
	</player>

	<enemy>
		<race value='Terran'/>
		<unitScore value='16625'/>
		<unitScore value='16625'/>
		<killScore value='13900'/>
		<buildingScore value='3550'/>
		<razingScore value='1350'/>
		<mineralScore value='14054'/>
		<gasScore value='6356'/>
		<totalScore value='55835'/>
	</enemy>

	<scoreRatio value='1.69186'/>
</results>
