<results>
	<result value='loss'/>
	<start value='2015-05-02.11:46:24'/>
	<end value='2015-05-02.11:46:35'/>
	<frames value='13704'/>
	<gameDuration value='856'/>

	<player>
		<unitScore value='2650'/>
		<killScore value='1200'/>
		<buildingScore value='1075'/>
		<razingScore value='0'/>
		<mineralScore value='3834'/>
		<gasScore value='784'/>
		<totalScore value='9543'/>
	</player>

	<enemy>
		<race value='Protoss'/>
		<unitScore value='3550'/>
		<unitScore value='3550'/>
		<killScore value='5200'/>
		<buildingScore value='2375'/>
		<razingScore value='3225'/>
		<mineralScore value='6962'/>
		<gasScore value='1192'/>
		<totalScore value='22504'/>
	</enemy>

	<scoreRatio value='0.424058'/>
	<timeFitness value='0.118889'/>
	<unitsAverage value='21'/>
</results>
