<results>
	<result value='loss'/>
	<start value='2015-05-02.11:48:53'/>
	<end value='2015-05-02.11:49:05'/>
	<frames value='14510'/>
	<gameDuration value='906'/>

	<player>
		<unitScore value='2900'/>
		<killScore value='1200'/>
		<buildingScore value='1250'/>
		<razingScore value='0'/>
		<mineralScore value='4650'/>
		<gasScore value='640'/>
		<totalScore value='10640'/>
	</player>

	<enemy>
		<race value='Protoss'/>
		<unitScore value='3550'/>
		<unitScore value='3550'/>
		<killScore value='5800'/>
		<buildingScore value='2375'/>
		<razingScore value='3750'/>
		<mineralScore value='7266'/>
		<gasScore value='1176'/>
		<totalScore value='23917'/>
	</enemy>

	<scoreRatio value='0.444872'/>
	<timeFitness value='0.125833'/>
	<unitsAverage value='26'/>
</results>
