<results>
	<result value='loss'/>
	<start value='2015-05-02.11:52:47'/>
	<end value='2015-05-02.11:53:49'/>
	<frames value='38907'/>
	<gameDuration value='2431'/>

	<player>
		<unitScore value='12975'/>
		<killScore value='18350'/>
		<buildingScore value='1500'/>
		<razingScore value='0'/>
		<mineralScore value='12346'/>
		<gasScore value='3480'/>
		<totalScore value='48651'/>
	</player>

	<enemy>
		<race value='Protoss'/>
		<unitScore value='28775'/>
		<unitScore value='28775'/>
		<killScore value='25950'/>
		<buildingScore value='8500'/>
		<razingScore value='4500'/>
		<mineralScore value='29682'/>
		<gasScore value='11548'/>
		<totalScore value='108955'/>
	</enemy>

	<scoreRatio value='0.446524'/>
	<timeFitness value='0.337639'/>
	<unitsAverage value='66'/>
</results>
