<results>
	<result value='win'/>
	<start value='2014-07-23.19:30:03'/>
	<end value='2014-07-23.19:30:49'/>
	<frames value='36582'/>
	<gameDuration value='2286'/>

	<player>
		<unitScore value='27225'/>
		<killScore value='33900'/>
		<buildingScore value='4450'/>
		<razingScore value='18450'/>
		<mineralScore value='33394'/>
		<gasScore value='3144'/>
		<totalScore value='120563'/>
	</player>

	<enemy>
		<race value='Protoss'/>
		<unitScore value='19400'/>
		<unitScore value='19400'/>
		<killScore value='29700'/>
		<buildingScore value='6150'/>
		<razingScore value='0'/>
		<mineralScore value='18614'/>
		<gasScore value='7296'/>
		<totalScore value='81160'/>
	</enemy>

	<scoreRatio value='1.4855'/>
</results>
