<results>
	<result value='win'/>
	<start value='2015-05-02.13:32:50'/>
	<end value='2015-05-02.13:33:15'/>
	<frames value='24616'/>
	<gameDuration value='1538'/>

	<player>
		<unitScore value='13850'/>
		<killScore value='19230'/>
		<buildingScore value='3225'/>
		<razingScore value='5535'/>
		<mineralScore value='18482'/>
		<gasScore value='1656'/>
		<totalScore value='61978'/>
	</player>

	<enemy>
		<race value='Zerg'/>
		<unitScore value='9900'/>
		<unitScore value='9900'/>
		<killScore value='11300'/>
		<buildingScore value='1845'/>
		<razingScore value='0'/>
		<mineralScore value='9146'/>
		<gasScore value='2352'/>
		<totalScore value='34543'/>
	</enemy>

	<scoreRatio value='1.79423'/>
	<timeFitness value='0.786389'/>
	<unitsAverage value='76'/>
</results>
