<results>
	<result value='win'/>
	<start value='2015-05-02.21:17:48'/>
	<end value='2015-05-02.21:18:19'/>
	<frames value='26569'/>
	<gameDuration value='1660'/>

	<player>
		<unitScore value='15950'/>
		<killScore value='22710'/>
		<buildingScore value='4350'/>
		<razingScore value='5460'/>
		<mineralScore value='26406'/>
		<gasScore value='2760'/>
		<totalScore value='77636'/>
	</player>

	<enemy>
		<race value='Zerg'/>
		<unitScore value='10375'/>
		<unitScore value='10375'/>
		<killScore value='12350'/>
		<buildingScore value='1820'/>
		<razingScore value='0'/>
		<mineralScore value='9826'/>
		<gasScore value='3024'/>
		<totalScore value='37395'/>
	</enemy>

	<scoreRatio value='2.07611'/>
	<timeFitness value='0.769444'/>
	<unitsAverage value='93'/>
</results>
