<results>
	<result value='win'/>
	<start value='2015-05-02.21:21:30'/>
	<end value='2015-05-02.21:22:05'/>
	<frames value='28088'/>
	<gameDuration value='1755'/>

	<player>
		<unitScore value='17650'/>
		<killScore value='16705'/>
		<buildingScore value='3925'/>
		<razingScore value='6120'/>
		<mineralScore value='26674'/>
		<gasScore value='2104'/>
		<totalScore value='73178'/>
	</player>

	<enemy>
		<race value='Zerg'/>
		<unitScore value='8100'/>
		<unitScore value='8100'/>
		<killScore value='15150'/>
		<buildingScore value='2040'/>
		<razingScore value='0'/>
		<mineralScore value='9018'/>
		<gasScore value='2592'/>
		<totalScore value='36900'/>
	</enemy>

	<scoreRatio value='1.98314'/>
	<timeFitness value='0.75625'/>
	<unitsAverage value='99'/>
</results>
