<results>
	<result value='win'/>
	<start value='2015-05-02.21:22:09'/>
	<end value='2015-05-02.21:22:38'/>
	<frames value='25236'/>
	<gameDuration value='1577'/>

	<player>
		<unitScore value='16300'/>
		<killScore value='25030'/>
		<buildingScore value='3775'/>
		<razingScore value='5115'/>
		<mineralScore value='24522'/>
		<gasScore value='2288'/>
		<totalScore value='77030'/>
	</player>

	<enemy>
		<race value='Zerg'/>
		<unitScore value='11150'/>
		<unitScore value='11150'/>
		<killScore value='13550'/>
		<buildingScore value='1705'/>
		<razingScore value='0'/>
		<mineralScore value='9890'/>
		<gasScore value='3176'/>
		<totalScore value='39471'/>
	</enemy>

	<scoreRatio value='1.95156'/>
	<timeFitness value='0.780972'/>
	<unitsAverage value='90'/>
</results>
