<results>
	<result value='win'/>
	<start value='2015-05-02.13:43:27'/>
	<end value='2015-05-02.13:43:49'/>
	<frames value='22601'/>
	<gameDuration value='1412'/>

	<player>
		<unitScore value='13625'/>
		<killScore value='18770'/>
		<buildingScore value='3775'/>
		<razingScore value='4560'/>
		<mineralScore value='19550'/>
		<gasScore value='1872'/>
		<totalScore value='62152'/>
	</player>

	<enemy>
		<race value='Zerg'/>
		<unitScore value='8600'/>
		<unitScore value='8600'/>
		<killScore value='11050'/>
		<buildingScore value='1520'/>
		<razingScore value='0'/>
		<mineralScore value='7986'/>
		<gasScore value='2232'/>
		<totalScore value='31388'/>
	</enemy>

	<scoreRatio value='1.98012'/>
	<timeFitness value='0.803889'/>
	<unitsAverage value='78'/>
</results>
