<results>
	<result value='draw'/>
	<start value='2015-04-08.17:44:34'/>
	<end value='2015-04-08.17:46:18'/>
	<frames value='57601'/>
	<gameDuration value='3600'/>

	<player>
		<unitScore value='24000'/>
		<killScore value='30600'/>
		<buildingScore value='3725'/>
		<razingScore value='6225'/>
		<mineralScore value='43166'/>
		<gasScore value='5072'/>
		<totalScore value='112788'/>
	</player>

	<enemy>
		<race value='Protoss'/>
		<unitScore value='19075'/>
		<unitScore value='19075'/>
		<killScore value='18400'/>
		<buildingScore value='5025'/>
		<razingScore value='150'/>
		<mineralScore value='16314'/>
		<gasScore value='7466'/>
		<totalScore value='66430'/>
	</enemy>

	<scoreRatio value='1.69785'/>
</results>
