<results>
	<result value='draw'/>
	<start value='2015-04-27.14:31:29'/>
	<end value='2015-04-27.14:32:17'/>
	<frames value='57601'/>
	<gameDuration value='3600'/>

	<player>
		<unitScore value='25825'/>
		<killScore value='28050'/>
		<buildingScore value='3250'/>
		<razingScore value='0'/>
		<mineralScore value='25026'/>
		<gasScore value='5510'/>
		<totalScore value='87661'/>
	</player>

	<enemy>
		<race value='Terran'/>
		<unitScore value='24825'/>
		<unitScore value='24825'/>
		<killScore value='46300'/>
		<buildingScore value='4075'/>
		<razingScore value='3675'/>
		<mineralScore value='19526'/>
		<gasScore value='12358'/>
		<totalScore value='110759'/>
	</enemy>

	<scoreRatio value='0.791457'/>
</results>
