<results>
	<result value='win'/>
	<start value='2015-04-27.14:33:50'/>
	<end value='2015-04-27.14:34:02'/>
	<frames value='21981'/>
	<gameDuration value='1373'/>

	<player>
		<unitScore value='8625'/>
		<killScore value='16300'/>
		<buildingScore value='3050'/>
		<razingScore value='7200'/>
		<mineralScore value='13194'/>
		<gasScore value='1632'/>
		<totalScore value='50001'/>
	</player>

	<enemy>
		<race value='Terran'/>
		<unitScore value='8150'/>
		<unitScore value='8150'/>
		<killScore value='5700'/>
		<buildingScore value='2475'/>
		<razingScore value='1575'/>
		<mineralScore value='8362'/>
		<gasScore value='2752'/>
		<totalScore value='29014'/>
	</enemy>

	<scoreRatio value='1.72334'/>
</results>
