<results>
	<result value='loss'/>
	<start value='2015-05-10.22:17:12'/>
	<end value='2015-05-10.22:17:22'/>
	<frames value='17951'/>
	<gameDuration value='1121'/>

	<player>
		<unitScore value='2975'/>
		<killScore value='1100'/>
		<buildingScore value='1925'/>
		<razingScore value='0'/>
		<mineralScore value='5082'/>
		<gasScore value='568'/>
		<totalScore value='11650'/>
	</player>

	<enemy>
		<race value='Protoss'/>
		<unitScore value='3650'/>
		<unitScore value='3650'/>
		<killScore value='6200'/>
		<buildingScore value='4075'/>
		<razingScore value='5775'/>
		<mineralScore value='9610'/>
		<gasScore value='1776'/>
		<totalScore value='31086'/>
	</enemy>

	<scoreRatio value='0.374767'/>
	<timeFitness value='0.155694'/>
	<unitsAverage value='22'/>
</results>
