<results>
	<result value='win'/>
	<start value='2015-04-08.18:58:46'/>
	<end value='2015-04-08.18:59:10'/>
	<frames value='26817'/>
	<gameDuration value='1676'/>

	<player>
		<unitScore value='14650'/>
		<killScore value='12700'/>
		<buildingScore value='3825'/>
		<razingScore value='11175'/>
		<mineralScore value='21250'/>
		<gasScore value='2024'/>
		<totalScore value='65624'/>
	</player>

	<enemy>
		<race value='Protoss'/>
		<unitScore value='6350'/>
		<unitScore value='6350'/>
		<killScore value='9450'/>
		<buildingScore value='3725'/>
		<razingScore value='300'/>
		<mineralScore value='10458'/>
		<gasScore value='2328'/>
		<totalScore value='32611'/>
	</enemy>

	<scoreRatio value='2.01233'/>
</results>
