<results>
	<result value='win'/>
	<start value='2015-05-04.11:04:32'/>
	<end value='2015-05-04.11:04:54'/>
	<frames value='28801'/>
	<gameDuration value='1800'/>

	<player>
		<unitScore value='11675'/>
		<killScore value='29200'/>
		<buildingScore value='3175'/>
		<razingScore value='9525'/>
		<mineralScore value='15510'/>
		<gasScore value='2536'/>
		<totalScore value='71621'/>
	</player>

	<enemy>
		<race value='Terran'/>
		<unitScore value='15400'/>
		<unitScore value='15400'/>
		<killScore value='9600'/>
		<buildingScore value='3175'/>
		<razingScore value='1350'/>
		<mineralScore value='12586'/>
		<gasScore value='5976'/>
		<totalScore value='48087'/>
	</enemy>

	<scoreRatio value='1.4894'/>
	<timeFitness value='0.75'/>
	<unitsAverage value='60'/>
</results>
