<results>
	<result value='win'/>
	<start value='2015-05-10.00:17:40'/>
	<end value='2015-05-10.00:18:23'/>
	<frames value='33513'/>
	<gameDuration value='2094'/>

	<player>
		<unitScore value='13275'/>
		<killScore value='24500'/>
		<buildingScore value='3875'/>
		<razingScore value='9000'/>
		<mineralScore value='18926'/>
		<gasScore value='3200'/>
		<totalScore value='72776'/>
	</player>

	<enemy>
		<race value='Terran'/>
		<unitScore value='14050'/>
		<unitScore value='14050'/>
		<killScore value='11950'/>
		<buildingScore value='3000'/>
		<razingScore value='1950'/>
		<mineralScore value='12050'/>
		<gasScore value='5082'/>
		<totalScore value='48082'/>
	</enemy>

	<scoreRatio value='1.51358'/>
	<timeFitness value='0.709167'/>
	<unitsAverage value='60'/>
</results>
