<results>
	<result value='loss'/>
	<start value='2015-05-10.00:19:48'/>
	<end value='2015-05-10.00:20:04'/>
	<frames value='17362'/>
	<gameDuration value='1085'/>

	<player>
		<unitScore value='3600'/>
		<killScore value='1300'/>
		<buildingScore value='1625'/>
		<razingScore value='0'/>
		<mineralScore value='5354'/>
		<gasScore value='736'/>
		<totalScore value='12615'/>
	</player>

	<enemy>
		<race value='Terran'/>
		<unitScore value='6125'/>
		<unitScore value='6125'/>
		<killScore value='7200'/>
		<buildingScore value='2650'/>
		<razingScore value='4875'/>
		<mineralScore value='8002'/>
		<gasScore value='2728'/>
		<totalScore value='31580'/>
	</enemy>

	<scoreRatio value='0.399462'/>
	<timeFitness value='0.150694'/>
	<unitsAverage value='25'/>
</results>
