<results>
	<result value='win'/>
	<start value='2015-05-04.11:08:10'/>
	<end value='2015-05-04.11:08:56'/>
	<frames value='38256'/>
	<gameDuration value='2391'/>

	<player>
		<unitScore value='21350'/>
		<killScore value='32150'/>
		<buildingScore value='5175'/>
		<razingScore value='13875'/>
		<mineralScore value='29750'/>
		<gasScore value='3728'/>
		<totalScore value='106028'/>
	</player>

	<enemy>
		<race value='Terran'/>
		<unitScore value='16875'/>
		<unitScore value='16875'/>
		<killScore value='17150'/>
		<buildingScore value='4625'/>
		<razingScore value='3225'/>
		<mineralScore value='15670'/>
		<gasScore value='7682'/>
		<totalScore value='65227'/>
	</enemy>

	<scoreRatio value='1.62552'/>
	<timeFitness value='0.667917'/>
	<unitsAverage value='104'/>
</results>
