<results>
	<result value='win'/>
	<start value='2015-05-10.00:24:49'/>
	<end value='2015-05-10.00:25:43'/>
	<frames value='32428'/>
	<gameDuration value='2026'/>

	<player>
		<unitScore value='15925'/>
		<killScore value='27550'/>
		<buildingScore value='4475'/>
		<razingScore value='10500'/>
		<mineralScore value='23810'/>
		<gasScore value='1984'/>
		<totalScore value='84244'/>
	</player>

	<enemy>
		<race value='Terran'/>
		<unitScore value='15775'/>
		<unitScore value='15775'/>
		<killScore value='12950'/>
		<buildingScore value='3500'/>
		<razingScore value='3150'/>
		<mineralScore value='14410'/>
		<gasScore value='7248'/>
		<totalScore value='57033'/>
	</enemy>

	<scoreRatio value='1.47711'/>
	<timeFitness value='0.718611'/>
	<unitsAverage value='79'/>
</results>
