<results>
	<result value='loss'/>
	<start value='2015-05-10.00:30:44'/>
	<end value='2015-05-10.00:31:05'/>
	<frames value='20307'/>
	<gameDuration value='1269'/>

	<player>
		<unitScore value='5575'/>
		<killScore value='4050'/>
		<buildingScore value='2000'/>
		<razingScore value='0'/>
		<mineralScore value='7602'/>
		<gasScore value='1416'/>
		<totalScore value='20643'/>
	</player>

	<enemy>
		<race value='Terran'/>
		<unitScore value='8050'/>
		<unitScore value='8050'/>
		<killScore value='11150'/>
		<buildingScore value='2925'/>
		<razingScore value='6000'/>
		<mineralScore value='9786'/>
		<gasScore value='3752'/>
		<totalScore value='41663'/>
	</enemy>

	<scoreRatio value='0.495476'/>
	<timeFitness value='0.17625'/>
	<unitsAverage value='30'/>
</results>
