<results>
	<result value='win'/>
	<start value='2015-05-09.18:44:16'/>
	<end value='2015-05-09.18:44:29'/>
	<frames value='17424'/>
	<gameDuration value='1089'/>

	<player>
		<unitScore value='6975'/>
		<killScore value='10050'/>
		<buildingScore value='2525'/>
		<razingScore value='4200'/>
		<mineralScore value='11274'/>
		<gasScore value='1424'/>
		<totalScore value='36448'/>
	</player>

	<enemy>
		<race value='Terran'/>
		<unitScore value='5025'/>
		<unitScore value='5025'/>
		<killScore value='2100'/>
		<buildingScore value='1400'/>
		<razingScore value='150'/>
		<mineralScore value='7666'/>
		<gasScore value='2064'/>
		<totalScore value='18405'/>
	</enemy>

	<scoreRatio value='1.98033'/>
	<timeFitness value='0.84875'/>
	<unitsAverage value='54'/>
</results>
