<results>
	<result value='win'/>
	<start value='2015-05-09.18:46:13'/>
	<end value='2015-05-09.18:46:25'/>
	<frames value='16587'/>
	<gameDuration value='1036'/>

	<player>
		<unitScore value='6250'/>
		<killScore value='9900'/>
		<buildingScore value='2025'/>
		<razingScore value='4350'/>
		<mineralScore value='9418'/>
		<gasScore value='1032'/>
		<totalScore value='32975'/>
	</player>

	<enemy>
		<race value='Terran'/>
		<unitScore value='4950'/>
		<unitScore value='4950'/>
		<killScore value='2900'/>
		<buildingScore value='1450'/>
		<razingScore value='150'/>
		<mineralScore value='7506'/>
		<gasScore value='1928'/>
		<totalScore value='18884'/>
	</enemy>

	<scoreRatio value='1.74619'/>
	<timeFitness value='0.856111'/>
	<unitsAverage value='48'/>
</results>
