<results>
	<result value='loss'/>
	<start value='2015-04-14.05:44:08'/>
	<end value='2015-04-14.05:44:23'/>
	<frames value='17269'/>
	<gameDuration value='1079'/>

	<player>
		<unitScore value='2675'/>
		<killScore value='1500'/>
		<buildingScore value='1625'/>
		<razingScore value='0'/>
		<mineralScore value='4634'/>
		<gasScore value='672'/>
		<totalScore value='11106'/>
	</player>

	<enemy>
		<race value='Protoss'/>
		<unitScore value='3700'/>
		<unitScore value='3700'/>
		<killScore value='5450'/>
		<buildingScore value='4075'/>
		<razingScore value='4875'/>
		<mineralScore value='9618'/>
		<gasScore value='1656'/>
		<totalScore value='29374'/>
	</enemy>

	<scoreRatio value='0.378089'/>
</results>
