<results>
	<result value='win'/>
	<start value='2015-04-14.05:56:15'/>
	<end value='2015-04-14.05:57:25'/>
	<frames value='33637'/>
	<gameDuration value='2102'/>

	<player>
		<unitScore value='21150'/>
		<killScore value='24150'/>
		<buildingScore value='4600'/>
		<razingScore value='15825'/>
		<mineralScore value='28674'/>
		<gasScore value='3672'/>
		<totalScore value='98071'/>
	</player>

	<enemy>
		<race value='Protoss'/>
		<unitScore value='13125'/>
		<unitScore value='13125'/>
		<killScore value='17200'/>
		<buildingScore value='5275'/>
		<razingScore value='300'/>
		<mineralScore value='14302'/>
		<gasScore value='3608'/>
		<totalScore value='53810'/>
	</enemy>

	<scoreRatio value='1.82254'/>
</results>
