<results>
	<result value='win'/>
	<start value='2015-05-04.02:15:04'/>
	<end value='2015-05-04.02:17:14'/>
	<frames value='56143'/>
	<gameDuration value='3508'/>

	<player>
		<unitScore value='23875'/>
		<killScore value='26400'/>
		<buildingScore value='5450'/>
		<razingScore value='10275'/>
		<mineralScore value='47346'/>
		<gasScore value='6584'/>
		<totalScore value='119930'/>
	</player>

	<enemy>
		<race value='Terran'/>
		<unitScore value='13200'/>
		<unitScore value='13200'/>
		<killScore value='19800'/>
		<buildingScore value='3425'/>
		<razingScore value='1800'/>
		<mineralScore value='12050'/>
		<gasScore value='6160'/>
		<totalScore value='56435'/>
	</enemy>

	<scoreRatio value='2.1251'/>
	<timeFitness value='0.512778'/>
	<unitsAverage value='129'/>
</results>
