<results>
	<result value='loss'/>
	<start value='2015-05-04.02:32:00'/>
	<end value='2015-05-04.02:32:15'/>
	<frames value='17207'/>
	<gameDuration value='1075'/>

	<player>
		<unitScore value='4100'/>
		<killScore value='1150'/>
		<buildingScore value='1700'/>
		<razingScore value='0'/>
		<mineralScore value='5810'/>
		<gasScore value='632'/>
		<totalScore value='13392'/>
	</player>

	<enemy>
		<race value='Terran'/>
		<unitScore value='6075'/>
		<unitScore value='6075'/>
		<killScore value='8200'/>
		<buildingScore value='2575'/>
		<razingScore value='5100'/>
		<mineralScore value='7906'/>
		<gasScore value='2784'/>
		<totalScore value='32640'/>
	</enemy>

	<scoreRatio value='0.410294'/>
	<timeFitness value='0.149306'/>
	<unitsAverage value='27'/>
</results>
