<results>
	<result value='win'/>
	<start value='2015-05-04.02:33:40'/>
	<end value='2015-05-04.02:34:54'/>
	<frames value='35311'/>
	<gameDuration value='2206'/>

	<player>
		<unitScore value='21650'/>
		<killScore value='31100'/>
		<buildingScore value='4600'/>
		<razingScore value='10050'/>
		<mineralScore value='28550'/>
		<gasScore value='2400'/>
		<totalScore value='98350'/>
	</player>

	<enemy>
		<race value='Terran'/>
		<unitScore value='15550'/>
		<unitScore value='15550'/>
		<killScore value='20250'/>
		<buildingScore value='3350'/>
		<razingScore value='3600'/>
		<mineralScore value='14858'/>
		<gasScore value='6866'/>
		<totalScore value='64474'/>
	</enemy>

	<scoreRatio value='1.52542'/>
	<timeFitness value='0.693611'/>
	<unitsAverage value='113'/>
</results>
