<results>
	<result value='loss'/>
	<start value='2015-05-04.02:50:35'/>
	<end value='2015-05-04.02:50:54'/>
	<frames value='19966'/>
	<gameDuration value='1247'/>

	<player>
		<unitScore value='3650'/>
		<killScore value='2050'/>
		<buildingScore value='1525'/>
		<razingScore value='0'/>
		<mineralScore value='5138'/>
		<gasScore value='864'/>
		<totalScore value='13227'/>
	</player>

	<enemy>
		<race value='Terran'/>
		<unitScore value='7900'/>
		<unitScore value='7900'/>
		<killScore value='5300'/>
		<buildingScore value='2850'/>
		<razingScore value='4575'/>
		<mineralScore value='9338'/>
		<gasScore value='3616'/>
		<totalScore value='33579'/>
	</enemy>

	<scoreRatio value='0.393907'/>
	<timeFitness value='0.173194'/>
	<unitsAverage value='27'/>
</results>
