<results>
	<result value='loss'/>
	<start value='2014-07-11.22:13:30'/>
	<end value='2014-07-11.22:14:07'/>
	<frames value='47556'/>
	<gameDuration value='2972'/>

	<player>
		<unitScore value='19625'/>
		<killScore value='19300'/>
		<buildingScore value='3200'/>
		<razingScore value='0'/>
		<mineralScore value='23922'/>
		<gasScore value='3704'/>
		<totalScore value='69751'/>
	</player>

	<enemy>
		<race value='Terran'/>
		<unitScore value='33200'/>
		<unitScore value='33200'/>
		<killScore value='39250'/>
		<buildingScore value='6175'/>
		<razingScore value='9600'/>
		<mineralScore value='24990'/>
		<gasScore value='15130'/>
		<totalScore value='128345'/>
	</enemy>

	<scoreRatio value='0.543465'/>
</results>
