<results>
	<result value='win'/>
	<start value='2015-04-16.19:42:36'/>
	<end value='2015-04-16.19:44:34'/>
	<frames value='52485'/>
	<gameDuration value='3280'/>

	<player>
		<unitScore value='30925'/>
		<killScore value='38550'/>
		<buildingScore value='3250'/>
		<razingScore value='20025'/>
		<mineralScore value='34554'/>
		<gasScore value='5776'/>
		<totalScore value='133080'/>
	</player>

	<enemy>
		<race value='Protoss'/>
		<unitScore value='22400'/>
		<unitScore value='22400'/>
		<killScore value='43900'/>
		<buildingScore value='6675'/>
		<razingScore value='750'/>
		<mineralScore value='18114'/>
		<gasScore value='7650'/>
		<totalScore value='99489'/>
	</enemy>

	<scoreRatio value='1.33764'/>
</results>
