<results>
	<result value='win'/>
	<start value='2015-05-09.00:12:18'/>
	<end value='2015-05-09.00:12:52'/>
	<frames value='26569'/>
	<gameDuration value='1660'/>

	<player>
		<unitScore value='18300'/>
		<killScore value='22250'/>
		<buildingScore value='4400'/>
		<razingScore value='7800'/>
		<mineralScore value='29282'/>
		<gasScore value='2280'/>
		<totalScore value='84312'/>
	</player>

	<enemy>
		<race value='Terran'/>
		<unitScore value='11125'/>
		<unitScore value='11125'/>
		<killScore value='11350'/>
		<buildingScore value='2750'/>
		<razingScore value='0'/>
		<mineralScore value='10530'/>
		<gasScore value='4024'/>
		<totalScore value='39779'/>
	</enemy>

	<scoreRatio value='2.11951'/>
	<timeFitness value='0.769444'/>
	<unitsAverage value='111'/>
</results>
