<results>
	<result value='draw'/>
	<start value='2015-05-06.04:51:02'/>
	<end value='2015-05-06.04:52:37'/>
	<frames value='57601'/>
	<gameDuration value='3600'/>

	<player>
		<unitScore value='27475'/>
		<killScore value='30750'/>
		<buildingScore value='4425'/>
		<razingScore value='225'/>
		<mineralScore value='32726'/>
		<gasScore value='8934'/>
		<totalScore value='104535'/>
	</player>

	<enemy>
		<race value='Terran'/>
		<unitScore value='30850'/>
		<unitScore value='30850'/>
		<killScore value='41600'/>
		<buildingScore value='3450'/>
		<razingScore value='5625'/>
		<mineralScore value='19542'/>
		<gasScore value='12358'/>
		<totalScore value='113425'/>
	</enemy>

	<scoreRatio value='0.921622'/>
	<timeFitness value='0.5'/>
	<unitsAverage value='106'/>
</results>
