<results>
	<result value='loss'/>
	<start value='2015-05-06.04:52:40'/>
	<end value='2015-05-06.04:52:57'/>
	<frames value='19439'/>
	<gameDuration value='1214'/>

	<player>
		<unitScore value='5300'/>
		<killScore value='2900'/>
		<buildingScore value='2025'/>
		<razingScore value='0'/>
		<mineralScore value='7178'/>
		<gasScore value='1472'/>
		<totalScore value='18875'/>
	</player>

	<enemy>
		<race value='Terran'/>
		<unitScore value='7625'/>
		<unitScore value='7625'/>
		<killScore value='10600'/>
		<buildingScore value='2850'/>
		<razingScore value='6075'/>
		<mineralScore value='9114'/>
		<gasScore value='3264'/>
		<totalScore value='39528'/>
	</enemy>

	<scoreRatio value='0.47751'/>
	<timeFitness value='0.168611'/>
	<unitsAverage value='27'/>
</results>
