<results>
	<result value='draw'/>
	<start value='2015-05-06.04:57:33'/>
	<end value='2015-05-06.04:59:43'/>
	<frames value='57601'/>
	<gameDuration value='3600'/>

	<player>
		<unitScore value='28625'/>
		<killScore value='45350'/>
		<buildingScore value='4700'/>
		<razingScore value='12675'/>
		<mineralScore value='43402'/>
		<gasScore value='8122'/>
		<totalScore value='142874'/>
	</player>

	<enemy>
		<race value='Terran'/>
		<unitScore value='27650'/>
		<unitScore value='27650'/>
		<killScore value='30650'/>
		<buildingScore value='4300'/>
		<razingScore value='2475'/>
		<mineralScore value='19550'/>
		<gasScore value='11250'/>
		<totalScore value='95875'/>
	</enemy>

	<scoreRatio value='1.49021'/>
	<timeFitness value='0.5'/>
	<unitsAverage value='140'/>
</results>
