<results>
	<result value='win'/>
	<start value='2015-05-06.05:15:17'/>
	<end value='2015-05-06.05:15:56'/>
	<frames value='29576'/>
	<gameDuration value='1848'/>

	<player>
		<unitScore value='14250'/>
		<killScore value='26550'/>
		<buildingScore value='3600'/>
		<razingScore value='8925'/>
		<mineralScore value='28106'/>
		<gasScore value='3496'/>
		<totalScore value='84927'/>
	</player>

	<enemy>
		<race value='Terran'/>
		<unitScore value='14875'/>
		<unitScore value='14875'/>
		<killScore value='10600'/>
		<buildingScore value='2975'/>
		<razingScore value='1575'/>
		<mineralScore value='13394'/>
		<gasScore value='6104'/>
		<totalScore value='49523'/>
	</enemy>

	<scoreRatio value='1.7149'/>
	<timeFitness value='0.743333'/>
	<unitsAverage value='82'/>
</results>
