<results>
	<result value='loss'/>
	<start value='2015-05-06.05:43:54'/>
	<end value='2015-05-06.05:44:10'/>
	<frames value='19222'/>
	<gameDuration value='1201'/>

	<player>
		<unitScore value='4975'/>
		<killScore value='2600'/>
		<buildingScore value='2450'/>
		<razingScore value='0'/>
		<mineralScore value='7458'/>
		<gasScore value='1152'/>
		<totalScore value='18635'/>
	</player>

	<enemy>
		<race value='Terran'/>
		<unitScore value='7550'/>
		<unitScore value='7550'/>
		<killScore value='9950'/>
		<buildingScore value='2900'/>
		<razingScore value='7350'/>
		<mineralScore value='8818'/>
		<gasScore value='3336'/>
		<totalScore value='39904'/>
	</enemy>

	<scoreRatio value='0.466996'/>
	<timeFitness value='0.166806'/>
	<unitsAverage value='31'/>
</results>
