<results>
	<result value='loss'/>
	<start value='2014-06-30.23:48:55'/>
	<end value='2014-06-30.23:49:14'/>
	<frames value='34753'/>
	<gameDuration value='2172'/>

	<player>
		<unitScore value='10150'/>
		<killScore value='8100'/>
		<buildingScore value='2350'/>
		<razingScore value='0'/>
		<mineralScore value='11834'/>
		<gasScore value='2264'/>
		<totalScore value='34698'/>
	</player>

	<enemy>
		<race value='Protoss'/>
		<unitScore value='19450'/>
		<unitScore value='19450'/>
		<killScore value='20300'/>
		<buildingScore value='6925'/>
		<razingScore value='7050'/>
		<mineralScore value='22794'/>
		<gasScore value='8584'/>
		<totalScore value='85103'/>
	</enemy>

	<scoreRatio value='0.407718'/>
</results>
