<results>
	<result value='loss'/>
	<start value='2014-06-30.23:49:42'/>
	<end value='2014-06-30.23:50:22'/>
	<frames value='46130'/>
	<gameDuration value='2883'/>

	<player>
		<unitScore value='23925'/>
		<killScore value='21250'/>
		<buildingScore value='3075'/>
		<razingScore value='1650'/>
		<mineralScore value='26226'/>
		<gasScore value='4000'/>
		<totalScore value='80126'/>
	</player>

	<enemy>
		<race value='Protoss'/>
		<unitScore value='27925'/>
		<unitScore value='27925'/>
		<killScore value='47950'/>
		<buildingScore value='7525'/>
		<razingScore value='9375'/>
		<mineralScore value='29146'/>
		<gasScore value='10062'/>
		<totalScore value='131983'/>
	</enemy>

	<scoreRatio value='0.607093'/>
</results>
