<results>
	<result value='loss'/>
	<start value='2014-06-30.23:54:28'/>
	<end value='2014-06-30.23:54:34'/>
	<frames value='14510'/>
	<gameDuration value='906'/>

	<player>
		<unitScore value='2500'/>
		<killScore value='800'/>
		<buildingScore value='1550'/>
		<razingScore value='0'/>
		<mineralScore value='3786'/>
		<gasScore value='784'/>
		<totalScore value='9420'/>
	</player>

	<enemy>
		<race value='Protoss'/>
		<unitScore value='3550'/>
		<unitScore value='3550'/>
		<killScore value='5000'/>
		<buildingScore value='2425'/>
		<razingScore value='4650'/>
		<mineralScore value='7522'/>
		<gasScore value='1312'/>
		<totalScore value='24459'/>
	</enemy>

	<scoreRatio value='0.385134'/>
</results>
