<results>
	<result value='win'/>
	<start value='2015-05-04.10:41:17'/>
	<end value='2015-05-04.10:41:58'/>
	<frames value='35187'/>
	<gameDuration value='2199'/>

	<player>
		<unitScore value='21925'/>
		<killScore value='29600'/>
		<buildingScore value='4900'/>
		<razingScore value='12675'/>
		<mineralScore value='33638'/>
		<gasScore value='4176'/>
		<totalScore value='106914'/>
	</player>

	<enemy>
		<race value='Terran'/>
		<unitScore value='15200'/>
		<unitScore value='15200'/>
		<killScore value='20250'/>
		<buildingScore value='4225'/>
		<razingScore value='2025'/>
		<mineralScore value='13614'/>
		<gasScore value='5676'/>
		<totalScore value='60990'/>
	</enemy>

	<scoreRatio value='1.75298'/>
	<timeFitness value='0.694583'/>
	<unitsAverage value='107'/>
</results>
