<results>
	<result value='win'/>
	<start value='2015-05-09.23:41:22'/>
	<end value='2015-05-09.23:43:04'/>
	<frames value='43774'/>
	<gameDuration value='2735'/>

	<player>
		<unitScore value='22450'/>
		<killScore value='30000'/>
		<buildingScore value='4575'/>
		<razingScore value='12525'/>
		<mineralScore value='37434'/>
		<gasScore value='4552'/>
		<totalScore value='111536'/>
	</player>

	<enemy>
		<race value='Terran'/>
		<unitScore value='15300'/>
		<unitScore value='15300'/>
		<killScore value='21450'/>
		<buildingScore value='4175'/>
		<razingScore value='2700'/>
		<mineralScore value='15706'/>
		<gasScore value='5502'/>
		<totalScore value='64833'/>
	</enemy>

	<scoreRatio value='1.72036'/>
	<timeFitness value='0.620139'/>
	<unitsAverage value='113'/>
</results>
