<results>
	<result value='win'/>
	<start value='2015-05-04.10:42:55'/>
	<end value='2015-05-04.10:43:17'/>
	<frames value='24213'/>
	<gameDuration value='1513'/>

	<player>
		<unitScore value='11025'/>
		<killScore value='18300'/>
		<buildingScore value='3625'/>
		<razingScore value='6375'/>
		<mineralScore value='17386'/>
		<gasScore value='2400'/>
		<totalScore value='59111'/>
	</player>

	<enemy>
		<race value='Terran'/>
		<unitScore value='9150'/>
		<unitScore value='9150'/>
		<killScore value='7050'/>
		<buildingScore value='2125'/>
		<razingScore value='1725'/>
		<mineralScore value='10862'/>
		<gasScore value='3376'/>
		<totalScore value='34288'/>
	</enemy>

	<scoreRatio value='1.72396'/>
	<timeFitness value='0.789861'/>
	<unitsAverage value='75'/>
</results>
