<results>
	<result value='win'/>
	<start value='2015-05-03.14:01:51'/>
	<end value='2015-05-03.14:02:09'/>
	<frames value='22260'/>
	<gameDuration value='1391'/>

	<player>
		<unitScore value='11000'/>
		<killScore value='18170'/>
		<buildingScore value='2725'/>
		<razingScore value='5205'/>
		<mineralScore value='14458'/>
		<gasScore value='1976'/>
		<totalScore value='53534'/>
	</player>

	<enemy>
		<race value='Zerg'/>
		<unitScore value='8350'/>
		<unitScore value='8350'/>
		<killScore value='9200'/>
		<buildingScore value='1735'/>
		<razingScore value='0'/>
		<mineralScore value='8506'/>
		<gasScore value='2424'/>
		<totalScore value='30215'/>
	</enemy>

	<scoreRatio value='1.77177'/>
	<timeFitness value='0.806806'/>
	<unitsAverage value='61'/>
</results>
