<results>
	<result value='loss'/>
	<start value='2015-03-29.23:59:50'/>
	<end value='2015-03-30.00:01:05'/>
	<frames value='49819'/>
	<gameDuration value='3113'/>

	<player>
		<unitScore value='23225'/>
		<killScore value='30400'/>
		<buildingScore value='2175'/>
		<razingScore value='1350'/>
		<mineralScore value='23986'/>
		<gasScore value='5264'/>
		<totalScore value='86400'/>
	</player>

	<enemy>
		<race value='Protoss'/>
		<unitScore value='35725'/>
		<unitScore value='35725'/>
		<killScore value='46450'/>
		<buildingScore value='8375'/>
		<razingScore value='6525'/>
		<mineralScore value='34222'/>
		<gasScore value='12394'/>
		<totalScore value='143691'/>
	</enemy>

	<scoreRatio value='0.60129'/>
</results>
