<results>
	<result value='win'/>
	<start value='2015-05-08.22:15:25'/>
	<end value='2015-05-08.22:15:45'/>
	<frames value='22508'/>
	<gameDuration value='1406'/>

	<player>
		<unitScore value='8725'/>
		<killScore value='16100'/>
		<buildingScore value='3675'/>
		<razingScore value='6450'/>
		<mineralScore value='16822'/>
		<gasScore value='2128'/>
		<totalScore value='53900'/>
	</player>

	<enemy>
		<race value='Terran'/>
		<unitScore value='8050'/>
		<unitScore value='8050'/>
		<killScore value='3000'/>
		<buildingScore value='2150'/>
		<razingScore value='450'/>
		<mineralScore value='8306'/>
		<gasScore value='2520'/>
		<totalScore value='24476'/>
	</enemy>

	<scoreRatio value='2.20216'/>
	<timeFitness value='0.804722'/>
	<unitsAverage value='65'/>
</results>
