<results>
	<result value='loss'/>
	<start value='2015-04-29.08:41:51'/>
	<end value='2015-04-29.08:41:58'/>
	<frames value='18416'/>
	<gameDuration value='1151'/>

	<player>
		<unitScore value='3650'/>
		<killScore value='1600'/>
		<buildingScore value='1875'/>
		<razingScore value='0'/>
		<mineralScore value='5762'/>
		<gasScore value='808'/>
		<totalScore value='13695'/>
	</player>

	<enemy>
		<race value='Protoss'/>
		<unitScore value='3700'/>
		<unitScore value='3700'/>
		<killScore value='7300'/>
		<buildingScore value='4275'/>
		<razingScore value='5625'/>
		<mineralScore value='9842'/>
		<gasScore value='1936'/>
		<totalScore value='32678'/>
	</enemy>

	<scoreRatio value='0.419089'/>
	<timeFitness value='0.159861'/>
	<unitsAverage value='24'/>
</results>
