<results>
	<result value='loss'/>
	<start value='2015-04-29.08:42:32'/>
	<end value='2015-04-29.08:42:40'/>
	<frames value='18850'/>
	<gameDuration value='1178'/>

	<player>
		<unitScore value='3500'/>
		<killScore value='2000'/>
		<buildingScore value='1700'/>
		<razingScore value='0'/>
		<mineralScore value='5322'/>
		<gasScore value='816'/>
		<totalScore value='13338'/>
	</player>

	<enemy>
		<race value='Protoss'/>
		<unitScore value='4850'/>
		<unitScore value='4850'/>
		<killScore value='7000'/>
		<buildingScore value='4675'/>
		<razingScore value='5100'/>
		<mineralScore value='10818'/>
		<gasScore value='2312'/>
		<totalScore value='34755'/>
	</enemy>

	<scoreRatio value='0.383772'/>
	<timeFitness value='0.163611'/>
	<unitsAverage value='24'/>
</results>
