<results>
	<result value='win'/>
	<start value='2015-04-29.08:47:51'/>
	<end value='2015-04-29.08:48:34'/>
	<frames value='51276'/>
	<gameDuration value='3204'/>

	<player>
		<unitScore value='31075'/>
		<killScore value='42600'/>
		<buildingScore value='3450'/>
		<razingScore value='22425'/>
		<mineralScore value='33818'/>
		<gasScore value='4128'/>
		<totalScore value='137496'/>
	</player>

	<enemy>
		<race value='Protoss'/>
		<unitScore value='24100'/>
		<unitScore value='24100'/>
		<killScore value='44500'/>
		<buildingScore value='7475'/>
		<razingScore value='1650'/>
		<mineralScore value='23162'/>
		<gasScore value='8102'/>
		<totalScore value='108989'/>
	</enemy>

	<scoreRatio value='1.26156'/>
	<timeFitness value='0.555'/>
	<unitsAverage value='110'/>
</results>
