<results>
	<result value='draw'/>
	<start value='2015-04-29.08:53:09'/>
	<end value='2015-04-29.08:54:00'/>
	<frames value='57601'/>
	<gameDuration value='3600'/>

	<player>
		<unitScore value='30750'/>
		<killScore value='52250'/>
		<buildingScore value='3775'/>
		<razingScore value='7650'/>
		<mineralScore value='32650'/>
		<gasScore value='8608'/>
		<totalScore value='135683'/>
	</player>

	<enemy>
		<race value='Protoss'/>
		<unitScore value='31875'/>
		<unitScore value='31875'/>
		<killScore value='56850'/>
		<buildingScore value='6375'/>
		<razingScore value='2100'/>
		<mineralScore value='27266'/>
		<gasScore value='10224'/>
		<totalScore value='134690'/>
	</enemy>

	<scoreRatio value='1.00737'/>
	<timeFitness value='0.5'/>
	<unitsAverage value='100'/>
</results>
