<results>
	<result value='loss'/>
	<start value='2015-05-10.00:56:21'/>
	<end value='2015-05-10.00:56:32'/>
	<frames value='18633'/>
	<gameDuration value='1164'/>

	<player>
		<unitScore value='5400'/>
		<killScore value='800'/>
		<buildingScore value='2225'/>
		<razingScore value='0'/>
		<mineralScore value='8378'/>
		<gasScore value='1096'/>
		<totalScore value='17899'/>
	</player>

	<enemy>
		<race value='Protoss'/>
		<unitScore value='4925'/>
		<unitScore value='4925'/>
		<killScore value='10800'/>
		<buildingScore value='4175'/>
		<razingScore value='6675'/>
		<mineralScore value='9594'/>
		<gasScore value='2544'/>
		<totalScore value='38713'/>
	</enemy>

	<scoreRatio value='0.462351'/>
	<timeFitness value='0.161667'/>
	<unitsAverage value='34'/>
</results>
