<results>
	<result value='win'/>
	<start value='2015-05-10.00:56:49'/>
	<end value='2015-05-10.00:57:32'/>
	<frames value='40612'/>
	<gameDuration value='2538'/>

	<player>
		<unitScore value='22425'/>
		<killScore value='31850'/>
		<buildingScore value='2575'/>
		<razingScore value='22575'/>
		<mineralScore value='23930'/>
		<gasScore value='3944'/>
		<totalScore value='107299'/>
	</player>

	<enemy>
		<race value='Protoss'/>
		<unitScore value='16725'/>
		<unitScore value='16725'/>
		<killScore value='26900'/>
		<buildingScore value='7525'/>
		<razingScore value='150'/>
		<mineralScore value='21002'/>
		<gasScore value='6400'/>
		<totalScore value='78702'/>
	</enemy>

	<scoreRatio value='1.36336'/>
	<timeFitness value='0.6475'/>
	<unitsAverage value='93'/>
</results>
