<results>
	<result value='loss'/>
	<start value='2015-05-10.01:05:48'/>
	<end value='2015-05-10.01:05:54'/>
	<frames value='13239'/>
	<gameDuration value='827'/>

	<player>
		<unitScore value='1575'/>
		<killScore value='600'/>
		<buildingScore value='1450'/>
		<razingScore value='0'/>
		<mineralScore value='3074'/>
		<gasScore value='312'/>
		<totalScore value='7011'/>
	</player>

	<enemy>
		<race value='Protoss'/>
		<unitScore value='3500'/>
		<unitScore value='3500'/>
		<killScore value='3150'/>
		<buildingScore value='2175'/>
		<razingScore value='4350'/>
		<mineralScore value='6442'/>
		<gasScore value='1152'/>
		<totalScore value='20769'/>
	</enemy>

	<scoreRatio value='0.33757'/>
	<timeFitness value='0.114861'/>
	<unitsAverage value='18'/>
</results>
