<results>
	<result value='loss'/>
	<start value='2015-07-08.21:09:45'/>
	<end value='2015-07-08.21:11:10'/>
	<frames value='49013'/>
	<gameDuration value='3063'/>

	<player>
		<unitScore value='20625'/>
		<killScore value='8200'/>
		<buildingScore value='4075'/>
		<razingScore value='0'/>
		<mineralScore value='20938'/>
		<gasScore value='3016'/>
		<totalScore value='56854'/>
	</player>

	<enemy>
		<race value='Terran'/>
		<unitScore value='19425'/>
		<killScore value='36850'/>
		<buildingScore value='4500'/>
		<razingScore value='12225'/>
		<mineralScore value='18922'/>
		<gasScore value='10266'/>
		<totalScore value='102188'/>
	</enemy>

	<scoreRatio value='0.556367'/>
	<timeFitness value='0.425417'/>
	<unitsAverage value='61'/>
</results>
