<results>
	<result value='loss'/>
	<start value='2015-07-08.21:11:20'/>
	<end value='2015-07-08.21:11:45'/>
	<frames value='20369'/>
	<gameDuration value='1273'/>

	<player>
		<unitScore value='8050'/>
		<killScore value='2900'/>
		<buildingScore value='1850'/>
		<razingScore value='0'/>
		<mineralScore value='8618'/>
		<gasScore value='984'/>
		<totalScore value='22402'/>
	</player>

	<enemy>
		<race value='Terran'/>
		<unitScore value='8150'/>
		<killScore value='16000'/>
		<buildingScore value='2925'/>
		<razingScore value='5550'/>
		<mineralScore value='9730'/>
		<gasScore value='3856'/>
		<totalScore value='46211'/>
	</enemy>

	<scoreRatio value='0.484776'/>
	<timeFitness value='0.176806'/>
	<unitsAverage value='36'/>
</results>
