<results>
	<result value='loss'/>
	<start value='2015-07-08.21:18:56'/>
	<end value='2015-07-08.21:21:46'/>
	<frames value='47587'/>
	<gameDuration value='2974'/>

	<player>
		<unitScore value='28850'/>
		<killScore value='14900'/>
		<buildingScore value='3150'/>
		<razingScore value='0'/>
		<mineralScore value='24034'/>
		<gasScore value='5380'/>
		<totalScore value='76314'/>
	</player>

	<enemy>
		<race value='Terran'/>
		<unitScore value='32875'/>
		<killScore value='43750'/>
		<buildingScore value='5075'/>
		<razingScore value='9450'/>
		<mineralScore value='24726'/>
		<gasScore value='13914'/>
		<totalScore value='129790'/>
	</enemy>

	<scoreRatio value='0.587981'/>
	<timeFitness value='0.413056'/>
	<unitsAverage value='125'/>
</results>
