<results>
	<result value='loss'/>
	<start value='2015-07-17.07:39:11'/>
	<end value='2015-07-17.07:39:28'/>
	<frames value='23066'/>
	<gameDuration value='1441'/>

	<player>
		<unitScore value='9475'/>
		<killScore value='2600'/>
		<buildingScore value='2850'/>
		<razingScore value='0'/>
		<mineralScore value='11122'/>
		<gasScore value='1376'/>
		<totalScore value='27423'/>
	</player>

	<enemy>
		<race value='Terran'/>
		<unitScore value='7850'/>
		<killScore value='16900'/>
		<buildingScore value='2900'/>
		<razingScore value='8550'/>
		<mineralScore value='10718'/>
		<gasScore value='3992'/>
		<totalScore value='50910'/>
	</enemy>

	<scoreRatio value='0.538656'/>
	<timeFitness value='0.200139'/>
	<unitsAverage value='41'/>
</results>
