<results>
	<result value='loss'/>
	<start value='2015-04-12.08:42:26'/>
	<end value='2015-04-12.08:43:57'/>
	<frames value='48920'/>
	<gameDuration value='3057'/>

	<player>
		<unitScore value='21400'/>
		<killScore value='37950'/>
		<buildingScore value='2725'/>
		<razingScore value='600'/>
		<mineralScore value='24002'/>
		<gasScore value='5216'/>
		<totalScore value='91893'/>
	</player>

	<enemy>
		<race value='Protoss'/>
		<unitScore value='41530'/>
		<unitScore value='41530'/>
		<killScore value='42550'/>
		<buildingScore value='8175'/>
		<razingScore value='8175'/>
		<mineralScore value='33994'/>
		<gasScore value='14358'/>
		<totalScore value='148782'/>
	</enemy>

	<scoreRatio value='0.617635'/>
</results>
