<results>
	<result value='draw'/>
	<start value='2015-07-17.09:24:33'/>
	<end value='2015-07-17.09:26:26'/>
	<frames value='57601'/>
	<gameDuration value='3600'/>

	<player>
		<unitScore value='36775'/>
		<killScore value='23250'/>
		<buildingScore value='4075'/>
		<razingScore value='150'/>
		<mineralScore value='35710'/>
		<gasScore value='4088'/>
		<totalScore value='104048'/>
	</player>

	<enemy>
		<race value='Terran'/>
		<unitScore value='26600'/>
		<killScore value='56050'/>
		<buildingScore value='4250'/>
		<razingScore value='2550'/>
		<mineralScore value='19550'/>
		<gasScore value='12244'/>
		<totalScore value='121244'/>
	</enemy>

	<scoreRatio value='0.85817'/>
	<timeFitness value='0.5'/>
	<unitsAverage value='110'/>
</results>
