<results>
	<result value='win'/>
	<start value='2015-04-25.04:21:21'/>
	<end value='2015-04-25.04:22:15'/>
	<frames value='39620'/>
	<gameDuration value='2476'/>

	<player>
		<unitScore value='30575'/>
		<killScore value='35900'/>
		<buildingScore value='4875'/>
		<razingScore value='13275'/>
		<mineralScore value='34726'/>
		<gasScore value='4200'/>
		<totalScore value='123551'/>
	</player>

	<enemy>
		<race value='Terran'/>
		<unitScore value='23075'/>
		<unitScore value='23075'/>
		<killScore value='36450'/>
		<buildingScore value='4425'/>
		<razingScore value='450'/>
		<mineralScore value='17514'/>
		<gasScore value='8908'/>
		<totalScore value='90822'/>
	</enemy>

	<scoreRatio value='1.36036'/>
</results>
