<results>
	<result value='loss'/>
	<start value='2015-04-25.04:23:01'/>
	<end value='2015-04-25.04:23:15'/>
	<frames value='23345'/>
	<gameDuration value='1459'/>

	<player>
		<unitScore value='8900'/>
		<killScore value='5250'/>
		<buildingScore value='1900'/>
		<razingScore value='0'/>
		<mineralScore value='10410'/>
		<gasScore value='1368'/>
		<totalScore value='27828'/>
	</player>

	<enemy>
		<race value='Terran'/>
		<unitScore value='10075'/>
		<unitScore value='10075'/>
		<killScore value='17800'/>
		<buildingScore value='3600'/>
		<razingScore value='5700'/>
		<mineralScore value='11306'/>
		<gasScore value='4792'/>
		<totalScore value='53273'/>
	</enemy>

	<scoreRatio value='0.522366'/>
</results>
