<results>
	<result value='draw'/>
	<start value='2015-04-25.04:23:19'/>
	<end value='2015-04-25.04:24:24'/>
	<frames value='57601'/>
	<gameDuration value='3600'/>

	<player>
		<unitScore value='28525'/>
		<killScore value='23600'/>
		<buildingScore value='4125'/>
		<razingScore value='0'/>
		<mineralScore value='32358'/>
		<gasScore value='8012'/>
		<totalScore value='96620'/>
	</player>

	<enemy>
		<race value='Terran'/>
		<unitScore value='28650'/>
		<unitScore value='28650'/>
		<killScore value='49250'/>
		<buildingScore value='4225'/>
		<razingScore value='2925'/>
		<mineralScore value='19550'/>
		<gasScore value='12214'/>
		<totalScore value='116814'/>
	</enemy>

	<scoreRatio value='0.827127'/>
</results>
