<results>
	<result value='loss'/>
	<start value='2015-04-25.04:26:54'/>
	<end value='2015-04-25.04:27:03'/>
	<frames value='18664'/>
	<gameDuration value='1166'/>

	<player>
		<unitScore value='3425'/>
		<killScore value='3100'/>
		<buildingScore value='1550'/>
		<razingScore value='0'/>
		<mineralScore value='4730'/>
		<gasScore value='496'/>
		<totalScore value='13301'/>
	</player>

	<enemy>
		<race value='Terran'/>
		<unitScore value='6450'/>
		<unitScore value='6450'/>
		<killScore value='6850'/>
		<buildingScore value='2800'/>
		<razingScore value='4650'/>
		<mineralScore value='8570'/>
		<gasScore value='3000'/>
		<totalScore value='32320'/>
	</enemy>

	<scoreRatio value='0.411541'/>
</results>
