<results>
	<result value='draw'/>
	<start value='2015-04-25.04:29:38'/>
	<end value='2015-04-25.04:30:53'/>
	<frames value='57601'/>
	<gameDuration value='3600'/>

	<player>
		<unitScore value='21500'/>
		<killScore value='39500'/>
		<buildingScore value='4350'/>
		<razingScore value='9975'/>
		<mineralScore value='25518'/>
		<gasScore value='7078'/>
		<totalScore value='107921'/>
	</player>

	<enemy>
		<race value='Terran'/>
		<unitScore value='23900'/>
		<unitScore value='23900'/>
		<killScore value='20450'/>
		<buildingScore value='4225'/>
		<razingScore value='3225'/>
		<mineralScore value='19362'/>
		<gasScore value='10904'/>
		<totalScore value='82066'/>
	</enemy>

	<scoreRatio value='1.31505'/>
</results>
