<results>
	<result value='loss'/>
	<start value='2015-04-25.04:33:21'/>
	<end value='2015-04-25.04:33:29'/>
	<frames value='15719'/>
	<gameDuration value='982'/>

	<player>
		<unitScore value='3100'/>
		<killScore value='100'/>
		<buildingScore value='1600'/>
		<razingScore value='0'/>
		<mineralScore value='4946'/>
		<gasScore value='632'/>
		<totalScore value='10378'/>
	</player>

	<enemy>
		<race value='Terran'/>
		<unitScore value='5075'/>
		<unitScore value='5075'/>
		<killScore value='6200'/>
		<buildingScore value='1800'/>
		<razingScore value='4800'/>
		<mineralScore value='7130'/>
		<gasScore value='2368'/>
		<totalScore value='27373'/>
	</enemy>

	<scoreRatio value='0.379133'/>
</results>
