<results>
	<result value='win'/>
	<start value='2015-05-05.10:57:02'/>
	<end value='2015-05-05.10:57:23'/>
	<frames value='26290'/>
	<gameDuration value='1643'/>

	<player>
		<unitScore value='12725'/>
		<killScore value='22450'/>
		<buildingScore value='4350'/>
		<razingScore value='8850'/>
		<mineralScore value='21158'/>
		<gasScore value='2272'/>
		<totalScore value='71805'/>
	</player>

	<enemy>
		<race value='Terran'/>
		<unitScore value='11225'/>
		<unitScore value='11225'/>
		<killScore value='7850'/>
		<buildingScore value='2950'/>
		<razingScore value='1575'/>
		<mineralScore value='10210'/>
		<gasScore value='4040'/>
		<totalScore value='37850'/>
	</enemy>

	<scoreRatio value='1.89709'/>
	<timeFitness value='0.771806'/>
	<unitsAverage value='76'/>
</results>
