<results>
	<result value='win'/>
	<start value='2015-05-09.12:12:53'/>
	<end value='2015-05-09.12:13:23'/>
	<frames value='31560'/>
	<gameDuration value='1972'/>

	<player>
		<unitScore value='17675'/>
		<killScore value='27850'/>
		<buildingScore value='4550'/>
		<razingScore value='6975'/>
		<mineralScore value='24938'/>
		<gasScore value='2704'/>
		<totalScore value='84692'/>
	</player>

	<enemy>
		<race value='Terran'/>
		<unitScore value='13925'/>
		<unitScore value='13925'/>
		<killScore value='12050'/>
		<buildingScore value='2400'/>
		<razingScore value='1575'/>
		<mineralScore value='12050'/>
		<gasScore value='5064'/>
		<totalScore value='47064'/>
	</enemy>

	<scoreRatio value='1.79951'/>
	<timeFitness value='0.726111'/>
	<unitsAverage value='88'/>
</results>
