<results>
	<result value='win'/>
	<start value='2015-05-09.12:18:36'/>
	<end value='2015-05-09.12:19:11'/>
	<frames value='41852'/>
	<gameDuration value='2615'/>

	<player>
		<unitScore value='20050'/>
		<killScore value='35450'/>
		<buildingScore value='5000'/>
		<razingScore value='13275'/>
		<mineralScore value='31318'/>
		<gasScore value='4512'/>
		<totalScore value='109605'/>
	</player>

	<enemy>
		<race value='Terran'/>
		<unitScore value='22100'/>
		<unitScore value='22100'/>
		<killScore value='19300'/>
		<buildingScore value='4425'/>
		<razingScore value='3900'/>
		<mineralScore value='17646'/>
		<gasScore value='9968'/>
		<totalScore value='77339'/>
	</enemy>

	<scoreRatio value='1.4172'/>
	<timeFitness value='0.636806'/>
	<unitsAverage value='86'/>
</results>
