<results>
	<result value='win'/>
	<start value='2015-04-29.15:43:22'/>
	<end value='2015-04-29.15:43:43'/>
	<frames value='19904'/>
	<gameDuration value='1244'/>

	<player>
		<unitScore value='9725'/>
		<killScore value='16010'/>
		<buildingScore value='2600'/>
		<razingScore value='4560'/>
		<mineralScore value='12866'/>
		<gasScore value='1984'/>
		<totalScore value='47745'/>
	</player>

	<enemy>
		<race value='Zerg'/>
		<unitScore value='7750'/>
		<unitScore value='7750'/>
		<killScore value='6000'/>
		<buildingScore value='1520'/>
		<razingScore value='0'/>
		<mineralScore value='7986'/>
		<gasScore value='2216'/>
		<totalScore value='25472'/>
	</enemy>

	<scoreRatio value='1.87441'/>
</results>
