<results>
	<result value='win'/>
	<start value='2015-04-07.16:12:50'/>
	<end value='2015-04-07.16:14:09'/>
	<frames value='47432'/>
	<gameDuration value='2964'/>

	<player>
		<unitScore value='30300'/>
		<killScore value='46300'/>
		<buildingScore value='3975'/>
		<razingScore value='20250'/>
		<mineralScore value='33686'/>
		<gasScore value='5490'/>
		<totalScore value='140001'/>
	</player>

	<enemy>
		<race value='Protoss'/>
		<unitScore value='24150'/>
		<unitScore value='24150'/>
		<killScore value='40100'/>
		<buildingScore value='6750'/>
		<razingScore value='0'/>
		<mineralScore value='23690'/>
		<gasScore value='7158'/>
		<totalScore value='101848'/>
	</enemy>

	<scoreRatio value='1.37461'/>
</results>
