<results>
	<result value='draw'/>
	<start value='2015-04-26.03:20:15'/>
	<end value='2015-04-26.03:21:58'/>
	<frames value='57601'/>
	<gameDuration value='3600'/>

	<player>
		<unitScore value='20575'/>
		<killScore value='32000'/>
		<buildingScore value='4525'/>
		<razingScore value='8925'/>
		<mineralScore value='43410'/>
		<gasScore value='7116'/>
		<totalScore value='116551'/>
	</player>

	<enemy>
		<race value='Terran'/>
		<unitScore value='19225'/>
		<unitScore value='19225'/>
		<killScore value='17400'/>
		<buildingScore value='3550'/>
		<razingScore value='1650'/>
		<mineralScore value='14614'/>
		<gasScore value='7210'/>
		<totalScore value='63649'/>
	</enemy>

	<scoreRatio value='1.83115'/>
</results>
