<results>
	<result value='win'/>
	<start value='2015-04-26.03:22:15'/>
	<end value='2015-04-26.03:22:51'/>
	<frames value='36582'/>
	<gameDuration value='2286'/>

	<player>
		<unitScore value='25175'/>
		<killScore value='37950'/>
		<buildingScore value='3425'/>
		<razingScore value='12075'/>
		<mineralScore value='28598'/>
		<gasScore value='3136'/>
		<totalScore value='110359'/>
	</player>

	<enemy>
		<race value='Terran'/>
		<unitScore value='19775'/>
		<unitScore value='19775'/>
		<killScore value='30600'/>
		<buildingScore value='4100'/>
		<razingScore value='150'/>
		<mineralScore value='15338'/>
		<gasScore value='7540'/>
		<totalScore value='77503'/>
	</enemy>

	<scoreRatio value='1.42393'/>
</results>
