<results>
	<result value='loss'/>
	<start value='2015-05-11.00:41:25'/>
	<end value='2015-05-11.00:41:59'/>
	<frames value='36055'/>
	<gameDuration value='2253'/>

	<player>
		<unitScore value='11425'/>
		<killScore value='17600'/>
		<buildingScore value='2825'/>
		<razingScore value='0'/>
		<mineralScore value='14678'/>
		<gasScore value='2512'/>
		<totalScore value='49040'/>
	</player>

	<enemy>
		<race value='Zerg'/>
		<unitScore value='26525'/>
		<unitScore value='26525'/>
		<killScore value='22850'/>
		<buildingScore value='5115'/>
		<razingScore value='8475'/>
		<mineralScore value='23174'/>
		<gasScore value='9708'/>
		<totalScore value='95847'/>
	</enemy>

	<scoreRatio value='0.511649'/>
	<timeFitness value='0.312917'/>
	<unitsAverage value='44'/>
</results>
