<results>
	<result value='loss'/>
	<start value='2015-05-02.18:32:26'/>
	<end value='2015-05-02.18:32:34'/>
	<frames value='17486'/>
	<gameDuration value='1092'/>

	<player>
		<unitScore value='2075'/>
		<killScore value='1800'/>
		<buildingScore value='975'/>
		<razingScore value='0'/>
		<mineralScore value='2962'/>
		<gasScore value='424'/>
		<totalScore value='8236'/>
	</player>

	<enemy>
		<race value='Terran'/>
		<unitScore value='6400'/>
		<unitScore value='6400'/>
		<killScore value='4150'/>
		<buildingScore value='2650'/>
		<razingScore value='2925'/>
		<mineralScore value='8002'/>
		<gasScore value='2800'/>
		<totalScore value='26927'/>
	</enemy>

	<scoreRatio value='0.305864'/>
	<timeFitness value='0.151667'/>
	<unitsAverage value='17'/>
</results>
