<results>
	<result value='draw'/>
	<start value='2015-05-10.02:11:31'/>
	<end value='2015-05-10.02:13:07'/>
	<frames value='57601'/>
	<gameDuration value='3600'/>

	<player>
		<unitScore value='25500'/>
		<killScore value='66725'/>
		<buildingScore value='3350'/>
		<razingScore value='4125'/>
		<mineralScore value='24946'/>
		<gasScore value='5182'/>
		<totalScore value='129828'/>
	</player>

	<enemy>
		<race value='Zerg'/>
		<unitScore value='35875'/>
		<unitScore value='35875'/>
		<killScore value='35900'/>
		<buildingScore value='4715'/>
		<razingScore value='2775'/>
		<mineralScore value='33134'/>
		<gasScore value='11994'/>
		<totalScore value='124393'/>
	</enemy>

	<scoreRatio value='1.04369'/>
	<timeFitness value='0.5'/>
	<unitsAverage value='115'/>
</results>
