<results>
	<result value='loss'/>
	<start value='2014-07-22.19:53:15'/>
	<end value='2014-07-22.19:53:44'/>
	<frames value='49726'/>
	<gameDuration value='3107'/>

	<player>
		<unitScore value='10250'/>
		<killScore value='24300'/>
		<buildingScore value='2125'/>
		<razingScore value='225'/>
		<mineralScore value='12710'/>
		<gasScore value='3520'/>
		<totalScore value='53130'/>
	</player>

	<enemy>
		<race value='Terran'/>
		<unitScore value='37350'/>
		<unitScore value='37350'/>
		<killScore value='20500'/>
		<buildingScore value='5550'/>
		<razingScore value='6525'/>
		<mineralScore value='26426'/>
		<gasScore value='16026'/>
		<totalScore value='112377'/>
	</enemy>

	<scoreRatio value='0.472784'/>
</results>
