<results>
	<result value='win'/>
	<start value='2014-07-23.12:49:18'/>
	<end value='2014-07-23.12:49:55'/>
	<frames value='32366'/>
	<gameDuration value='2022'/>

	<player>
		<unitScore value='24200'/>
		<killScore value='30600'/>
		<buildingScore value='3625'/>
		<razingScore value='8715'/>
		<mineralScore value='29162'/>
		<gasScore value='2544'/>
		<totalScore value='98846'/>
	</player>

	<enemy>
		<race value='Zerg'/>
		<unitScore value='14775'/>
		<unitScore value='14775'/>
		<killScore value='24850'/>
		<buildingScore value='2905'/>
		<razingScore value='150'/>
		<mineralScore value='14526'/>
		<gasScore value='4664'/>
		<totalScore value='61870'/>
	</enemy>

	<scoreRatio value='1.59764'/>
</results>
