<results>
	<result value='win'/>
	<start value='2014-07-23.12:59:11'/>
	<end value='2014-07-23.12:59:44'/>
	<frames value='30971'/>
	<gameDuration value='1935'/>

	<player>
		<unitScore value='20500'/>
		<killScore value='30040'/>
		<buildingScore value='3700'/>
		<razingScore value='6495'/>
		<mineralScore value='26762'/>
		<gasScore value='3104'/>
		<totalScore value='90601'/>
	</player>

	<enemy>
		<race value='Zerg'/>
		<unitScore value='13000'/>
		<unitScore value='13000'/>
		<killScore value='16500'/>
		<buildingScore value='2165'/>
		<razingScore value='375'/>
		<mineralScore value='11486'/>
		<gasScore value='3792'/>
		<totalScore value='47318'/>
	</enemy>

	<scoreRatio value='1.91473'/>
</results>
