<results>
	<result value='win'/>
	<start value='2015-05-11.13:59:51'/>
	<end value='2015-05-11.14:00:24'/>
	<frames value='21640'/>
	<gameDuration value='1352'/>

	<player>
		<unitScore value='12200'/>
		<killScore value='18070'/>
		<buildingScore value='3050'/>
		<razingScore value='4635'/>
		<mineralScore value='17402'/>
		<gasScore value='1664'/>
		<totalScore value='57021'/>
	</player>

	<enemy>
		<race value='Zerg'/>
		<unitScore value='8575'/>
		<unitScore value='8575'/>
		<killScore value='10300'/>
		<buildingScore value='1545'/>
		<razingScore value='0'/>
		<mineralScore value='8434'/>
		<gasScore value='2608'/>
		<totalScore value='31462'/>
	</enemy>

	<scoreRatio value='1.81238'/>
	<timeFitness value='0.812222'/>
	<unitsAverage value='75'/>
</results>
