<results>
	<result value='win'/>
	<start value='2015-05-11.14:12:28'/>
	<end value='2015-05-11.14:13:09'/>
	<frames value='24554'/>
	<gameDuration value='1534'/>

	<player>
		<unitScore value='15625'/>
		<killScore value='16440'/>
		<buildingScore value='4025'/>
		<razingScore value='5655'/>
		<mineralScore value='26138'/>
		<gasScore value='1912'/>
		<totalScore value='69795'/>
	</player>

	<enemy>
		<race value='Zerg'/>
		<unitScore value='8025'/>
		<unitScore value='8025'/>
		<killScore value='12500'/>
		<buildingScore value='1885'/>
		<razingScore value='0'/>
		<mineralScore value='8706'/>
		<gasScore value='2608'/>
		<totalScore value='33724'/>
	</enemy>

	<scoreRatio value='2.06959'/>
	<timeFitness value='0.786944'/>
	<unitsAverage value='89'/>
</results>
