<results>
	<result value='win'/>
	<start value='2015-07-09.14:50:55'/>
	<end value='2015-07-09.14:52:20'/>
	<frames value='42100'/>
	<gameDuration value='2631'/>

	<player>
		<unitScore value='32675'/>
		<killScore value='24650'/>
		<buildingScore value='6250'/>
		<razingScore value='9600'/>
		<mineralScore value='43630'/>
		<gasScore value='4184'/>
		<totalScore value='120989'/>
	</player>

	<enemy>
		<race value='Terran'/>
		<unitScore value='12325'/>
		<killScore value='44100'/>
		<buildingScore value='3200'/>
		<razingScore value='8100'/>
		<mineralScore value='12050'/>
		<gasScore value='5540'/>
		<totalScore value='85315'/>
	</enemy>

	<scoreRatio value='1.41814'/>
	<timeFitness value='0.634583'/>
	<unitsAverage value='93'/>
</results>
