<results>
	<result value='loss'/>
	<start value='2015-07-09.15:02:33'/>
	<end value='2015-07-09.15:02:57'/>
	<frames value='22043'/>
	<gameDuration value='1377'/>

	<player>
		<unitScore value='9600'/>
		<killScore value='3400'/>
		<buildingScore value='2475'/>
		<razingScore value='0'/>
		<mineralScore value='10146'/>
		<gasScore value='1272'/>
		<totalScore value='26893'/>
	</player>

	<enemy>
		<race value='Terran'/>
		<unitScore value='8025'/>
		<killScore value='19100'/>
		<buildingScore value='2550'/>
		<razingScore value='7425'/>
		<mineralScore value='10530'/>
		<gasScore value='3728'/>
		<totalScore value='51358'/>
	</enemy>

	<scoreRatio value='0.523638'/>
	<timeFitness value='0.19125'/>
	<unitsAverage value='37'/>
</results>
