<results>
	<result value='win'/>
	<start value='2015-04-11.06:58:34'/>
	<end value='2015-04-11.06:59:14'/>
	<frames value='25391'/>
	<gameDuration value='1586'/>

	<player>
		<unitScore value='12125'/>
		<killScore value='8700'/>
		<buildingScore value='3975'/>
		<razingScore value='14175'/>
		<mineralScore value='18282'/>
		<gasScore value='2408'/>
		<totalScore value='59665'/>
	</player>

	<enemy>
		<race value='Protoss'/>
		<unitScore value='4350'/>
		<unitScore value='4350'/>
		<killScore value='6500'/>
		<buildingScore value='4725'/>
		<razingScore value='1350'/>
		<mineralScore value='11370'/>
		<gasScore value='2840'/>
		<totalScore value='31135'/>
	</enemy>

	<scoreRatio value='1.91633'/>
</results>
