<results>
	<result value='win'/>
	<start value='2015-04-17.04:54:39'/>
	<end value='2015-04-17.04:55:55'/>
	<frames value='31436'/>
	<gameDuration value='1964'/>

	<player>
		<unitScore value='20025'/>
		<killScore value='14800'/>
		<buildingScore value='4600'/>
		<razingScore value='15000'/>
		<mineralScore value='31618'/>
		<gasScore value='3480'/>
		<totalScore value='89523'/>
	</player>

	<enemy>
		<race value='Protoss'/>
		<unitScore value='7400'/>
		<unitScore value='7400'/>
		<killScore value='16600'/>
		<buildingScore value='5000'/>
		<razingScore value='0'/>
		<mineralScore value='18250'/>
		<gasScore value='936'/>
		<totalScore value='48186'/>
	</enemy>

	<scoreRatio value='1.85786'/>
</results>
