<results>
	<result value='loss'/>
	<start value='2015-04-17.05:03:47'/>
	<end value='2015-04-17.05:04:00'/>
	<frames value='14324'/>
	<gameDuration value='895'/>

	<player>
		<unitScore value='2600'/>
		<killScore value='1000'/>
		<buildingScore value='1525'/>
		<razingScore value='0'/>
		<mineralScore value='4298'/>
		<gasScore value='632'/>
		<totalScore value='10055'/>
	</player>

	<enemy>
		<race value='Protoss'/>
		<unitScore value='3550'/>
		<unitScore value='3550'/>
		<killScore value='5200'/>
		<buildingScore value='2425'/>
		<razingScore value='4575'/>
		<mineralScore value='7362'/>
		<gasScore value='1240'/>
		<totalScore value='24352'/>
	</enemy>

	<scoreRatio value='0.412902'/>
</results>
