<results>
	<result value='win'/>
	<start value='2015-05-11.10:00:22'/>
	<end value='2015-05-11.10:00:56'/>
	<frames value='24461'/>
	<gameDuration value='1528'/>

	<player>
		<unitScore value='14100'/>
		<killScore value='17660'/>
		<buildingScore value='3500'/>
		<razingScore value='5925'/>
		<mineralScore value='21462'/>
		<gasScore value='1936'/>
		<totalScore value='64583'/>
	</player>

	<enemy>
		<race value='Zerg'/>
		<unitScore value='9225'/>
		<unitScore value='9225'/>
		<killScore value='12300'/>
		<buildingScore value='1975'/>
		<razingScore value='0'/>
		<mineralScore value='9074'/>
		<gasScore value='2288'/>
		<totalScore value='34862'/>
	</enemy>

	<scoreRatio value='1.85253'/>
	<timeFitness value='0.787778'/>
	<unitsAverage value='76'/>
</results>
