<results>
	<result value='loss'/>
	<start value='2015-05-11.10:08:12'/>
	<end value='2015-05-11.10:08:16'/>
	<frames value='6481'/>
	<gameDuration value='405'/>

	<player>
		<unitScore value='900'/>
		<killScore value='0'/>
		<buildingScore value='675'/>
		<razingScore value='0'/>
		<mineralScore value='1290'/>
		<gasScore value='88'/>
		<totalScore value='2953'/>
	</player>

	<enemy>
		<race value='Zerg'/>
		<unitScore value='1050'/>
		<unitScore value='1050'/>
		<killScore value='1700'/>
		<buildingScore value='375'/>
		<razingScore value='2025'/>
		<mineralScore value='1362'/>
		<gasScore value='0'/>
		<totalScore value='6512'/>
	</enemy>

	<scoreRatio value='0.453471'/>
	<timeFitness value='0.05625'/>
	<unitsAverage value='12'/>
</results>
