<results>
	<result value='loss'/>
	<start value='2015-07-19.23:06:10'/>
	<end value='2015-07-19.23:06:50'/>
	<frames value='32242'/>
	<gameDuration value='2015'/>

	<player>
		<unitScore value='17125'/>
		<killScore value='13800'/>
		<buildingScore value='3450'/>
		<razingScore value='0'/>
		<mineralScore value='29186'/>
		<gasScore value='2400'/>
		<totalScore value='65961'/>
	</player>

	<enemy>
		<race value='Zerg'/>
		<unitScore value='17375'/>
		<killScore value='33000'/>
		<buildingScore value='3785'/>
		<razingScore value='10350'/>
		<mineralScore value='17418'/>
		<gasScore value='6664'/>
		<totalScore value='88592'/>
	</enemy>

	<scoreRatio value='0.744548'/>
	<timeFitness value='0.279861'/>
	<unitsAverage value='68'/>
</results>
