<results>
	<result value='loss'/>
	<start value='2015-07-19.23:13:52'/>
	<end value='2015-07-19.23:14:25'/>
	<frames value='25453'/>
	<gameDuration value='1590'/>

	<player>
		<unitScore value='13000'/>
		<killScore value='5450'/>
		<buildingScore value='3125'/>
		<razingScore value='0'/>
		<mineralScore value='23522'/>
		<gasScore value='1768'/>
		<totalScore value='46865'/>
	</player>

	<enemy>
		<race value='Zerg'/>
		<unitScore value='12500'/>
		<killScore value='23900'/>
		<buildingScore value='2965'/>
		<razingScore value='9375'/>
		<mineralScore value='14282'/>
		<gasScore value='3976'/>
		<totalScore value='66998'/>
	</enemy>

	<scoreRatio value='0.699498'/>
	<timeFitness value='0.220833'/>
	<unitsAverage value='66'/>
</results>
