<results>
	<result value='draw'/>
	<start value='2015-07-20.15:47:12'/>
	<end value='2015-07-20.15:48:42'/>
	<frames value='57601'/>
	<gameDuration value='3600'/>

	<player>
		<unitScore value='29625'/>
		<killScore value='24350'/>
		<buildingScore value='3575'/>
		<razingScore value='195'/>
		<mineralScore value='26894'/>
		<gasScore value='5488'/>
		<totalScore value='90127'/>
	</player>

	<enemy>
		<race value='Zerg'/>
		<unitScore value='35225'/>
		<killScore value='48600'/>
		<buildingScore value='4855'/>
		<razingScore value='4950'/>
		<mineralScore value='36006'/>
		<gasScore value='11816'/>
		<totalScore value='141452'/>
	</enemy>

	<scoreRatio value='0.637156'/>
	<timeFitness value='0.5'/>
	<unitsAverage value='95'/>
</results>
