<results>
	<result value='draw'/>
	<start value='2015-07-20.16:10:07'/>
	<end value='2015-07-20.16:11:47'/>
	<frames value='57601'/>
	<gameDuration value='3600'/>

	<player>
		<unitScore value='33675'/>
		<killScore value='53075'/>
		<buildingScore value='3800'/>
		<razingScore value='435'/>
		<mineralScore value='31386'/>
		<gasScore value='6312'/>
		<totalScore value='128683'/>
	</player>

	<enemy>
		<race value='Zerg'/>
		<unitScore value='31925'/>
		<killScore value='58350'/>
		<buildingScore value='4215'/>
		<razingScore value='3750'/>
		<mineralScore value='31550'/>
		<gasScore value='11424'/>
		<totalScore value='141214'/>
	</enemy>

	<scoreRatio value='0.911262'/>
	<timeFitness value='0.5'/>
	<unitsAverage value='107'/>
</results>
