<results>
	<result value='win'/>
	<start value='2015-04-27.00:58:46'/>
	<end value='2015-04-27.00:59:05'/>
	<frames value='23159'/>
	<gameDuration value='1447'/>

	<player>
		<unitScore value='9375'/>
		<killScore value='15150'/>
		<buildingScore value='3100'/>
		<razingScore value='8700'/>
		<mineralScore value='16010'/>
		<gasScore value='2080'/>
		<totalScore value='54415'/>
	</player>

	<enemy>
		<race value='Terran'/>
		<unitScore value='7875'/>
		<unitScore value='7875'/>
		<killScore value='6550'/>
		<buildingScore value='2900'/>
		<razingScore value='1725'/>
		<mineralScore value='8986'/>
		<gasScore value='2840'/>
		<totalScore value='30876'/>
	</enemy>

	<scoreRatio value='1.76237'/>
</results>
