<results>
	<result value='win'/>
	<start value='2015-04-27.01:03:05'/>
	<end value='2015-04-27.01:03:32'/>
	<frames value='30413'/>
	<gameDuration value='1900'/>

	<player>
		<unitScore value='14500'/>
		<killScore value='28050'/>
		<buildingScore value='3775'/>
		<razingScore value='10200'/>
		<mineralScore value='19890'/>
		<gasScore value='2832'/>
		<totalScore value='79247'/>
	</player>

	<enemy>
		<race value='Terran'/>
		<unitScore value='14825'/>
		<unitScore value='14825'/>
		<killScore value='14200'/>
		<buildingScore value='3500'/>
		<razingScore value='3150'/>
		<mineralScore value='12826'/>
		<gasScore value='5890'/>
		<totalScore value='54391'/>
	</enemy>

	<scoreRatio value='1.45699'/>
</results>
