<results>
	<result value='loss'/>
	<start value='2015-07-17.21:59:13'/>
	<end value='2015-07-17.21:59:22'/>
	<frames value='13766'/>
	<gameDuration value='860'/>

	<player>
		<unitScore value='2975'/>
		<killScore value='300'/>
		<buildingScore value='1625'/>
		<razingScore value='0'/>
		<mineralScore value='4186'/>
		<gasScore value='720'/>
		<totalScore value='9806'/>
	</player>

	<enemy>
		<race value='Protoss'/>
		<unitScore value='3550'/>
		<killScore value='5350'/>
		<buildingScore value='2725'/>
		<razingScore value='4875'/>
		<mineralScore value='6874'/>
		<gasScore value='1360'/>
		<totalScore value='24734'/>
	</enemy>

	<scoreRatio value='0.396458'/>
	<timeFitness value='0.119444'/>
	<unitsAverage value='23'/>
</results>
