<results>
	<result value='loss'/>
	<start value='2015-04-08.12:29:19'/>
	<end value='2015-04-08.12:29:37'/>
	<frames value='32738'/>
	<gameDuration value='2046'/>

	<player>
		<unitScore value='7225'/>
		<killScore value='4750'/>
		<buildingScore value='1950'/>
		<razingScore value='0'/>
		<mineralScore value='9586'/>
		<gasScore value='2328'/>
		<totalScore value='25839'/>
	</player>

	<enemy>
		<race value='Protoss'/>
		<unitScore value='16075'/>
		<unitScore value='16075'/>
		<killScore value='14550'/>
		<buildingScore value='6925'/>
		<razingScore value='5850'/>
		<mineralScore value='20586'/>
		<gasScore value='7608'/>
		<totalScore value='71594'/>
	</enemy>

	<scoreRatio value='0.36091'/>
</results>
