<results>
	<result value='win'/>
	<start value='2015-05-10.21:46:40'/>
	<end value='2015-05-10.21:47:07'/>
	<frames value='26073'/>
	<gameDuration value='1629'/>

	<player>
		<unitScore value='15625'/>
		<killScore value='23980'/>
		<buildingScore value='4075'/>
		<razingScore value='5940'/>
		<mineralScore value='24458'/>
		<gasScore value='2384'/>
		<totalScore value='76462'/>
	</player>

	<enemy>
		<race value='Zerg'/>
		<unitScore value='11025'/>
		<unitScore value='11025'/>
		<killScore value='12400'/>
		<buildingScore value='1980'/>
		<razingScore value='0'/>
		<mineralScore value='11018'/>
		<gasScore value='3600'/>
		<totalScore value='40023'/>
	</enemy>

	<scoreRatio value='1.91045'/>
	<timeFitness value='0.77375'/>
	<unitsAverage value='93'/>
</results>
