<results>
	<result value='win'/>
	<start value='2015-05-10.21:47:53'/>
	<end value='2015-05-10.21:48:40'/>
	<frames value='39155'/>
	<gameDuration value='2447'/>

	<player>
		<unitScore value='25375'/>
		<killScore value='46030'/>
		<buildingScore value='4675'/>
		<razingScore value='6495'/>
		<mineralScore value='34650'/>
		<gasScore value='4536'/>
		<totalScore value='121761'/>
	</player>

	<enemy>
		<race value='Zerg'/>
		<unitScore value='19875'/>
		<unitScore value='19875'/>
		<killScore value='29050'/>
		<buildingScore value='2165'/>
		<razingScore value='0'/>
		<mineralScore value='16330'/>
		<gasScore value='4704'/>
		<totalScore value='72124'/>
	</enemy>

	<scoreRatio value='1.68822'/>
	<timeFitness value='0.660139'/>
	<unitsAverage value='115'/>
</results>
