<results>
	<result value='win'/>
	<start value='2015-05-10.21:51:35'/>
	<end value='2015-05-10.21:51:59'/>
	<frames value='24709'/>
	<gameDuration value='1544'/>

	<player>
		<unitScore value='15700'/>
		<killScore value='21315'/>
		<buildingScore value='3650'/>
		<razingScore value='5895'/>
		<mineralScore value='22294'/>
		<gasScore value='1784'/>
		<totalScore value='70638'/>
	</player>

	<enemy>
		<race value='Zerg'/>
		<unitScore value='10125'/>
		<unitScore value='10125'/>
		<killScore value='12550'/>
		<buildingScore value='1965'/>
		<razingScore value='0'/>
		<mineralScore value='10162'/>
		<gasScore value='3080'/>
		<totalScore value='37882'/>
	</enemy>

	<scoreRatio value='1.86469'/>
	<timeFitness value='0.785556'/>
	<unitsAverage value='86'/>
</results>
