<results>
	<result value='win'/>
	<start value='2015-05-10.21:52:24'/>
	<end value='2015-05-10.21:52:48'/>
	<frames value='24771'/>
	<gameDuration value='1548'/>

	<player>
		<unitScore value='16350'/>
		<killScore value='22585'/>
		<buildingScore value='3975'/>
		<razingScore value='4560'/>
		<mineralScore value='22730'/>
		<gasScore value='1928'/>
		<totalScore value='72128'/>
	</player>

	<enemy>
		<race value='Zerg'/>
		<unitScore value='9875'/>
		<unitScore value='9875'/>
		<killScore value='15300'/>
		<buildingScore value='1520'/>
		<razingScore value='0'/>
		<mineralScore value='9194'/>
		<gasScore value='2624'/>
		<totalScore value='38513'/>
	</enemy>

	<scoreRatio value='1.87282'/>
	<timeFitness value='0.785'/>
	<unitsAverage value='84'/>
</results>
