<results>
	<result value='win'/>
	<start value='2015-05-10.21:53:14'/>
	<end value='2015-05-10.21:53:34'/>
	<frames value='22694'/>
	<gameDuration value='1418'/>

	<player>
		<unitScore value='13325'/>
		<killScore value='16740'/>
		<buildingScore value='3625'/>
		<razingScore value='4635'/>
		<mineralScore value='19158'/>
		<gasScore value='1648'/>
		<totalScore value='59131'/>
	</player>

	<enemy>
		<race value='Zerg'/>
		<unitScore value='8250'/>
		<unitScore value='8250'/>
		<killScore value='10450'/>
		<buildingScore value='1545'/>
		<razingScore value='0'/>
		<mineralScore value='8634'/>
		<gasScore value='2512'/>
		<totalScore value='31391'/>
	</enemy>

	<scoreRatio value='1.88369'/>
	<timeFitness value='0.803056'/>
	<unitsAverage value='79'/>
</results>
