<results>
	<result value='win'/>
	<start value='2015-05-05.19:46:07'/>
	<end value='2015-05-05.19:46:52'/>
	<frames value='50253'/>
	<gameDuration value='3140'/>

	<player>
		<unitScore value='25600'/>
		<killScore value='57200'/>
		<buildingScore value='3275'/>
		<razingScore value='23025'/>
		<mineralScore value='27906'/>
		<gasScore value='5200'/>
		<totalScore value='142206'/>
	</player>

	<enemy>
		<race value='Protoss'/>
		<unitScore value='29700'/>
		<unitScore value='29700'/>
		<killScore value='38250'/>
		<buildingScore value='7675'/>
		<razingScore value='1950'/>
		<mineralScore value='29126'/>
		<gasScore value='9476'/>
		<totalScore value='116177'/>
	</enemy>

	<scoreRatio value='1.22405'/>
	<timeFitness value='0.563889'/>
	<unitsAverage value='82'/>
</results>
