<results>
	<result value='win'/>
	<start value='2015-05-05.19:45:18'/>
	<end value='2015-05-05.19:45:49'/>
	<frames value='33234'/>
	<gameDuration value='2077'/>

	<player>
		<unitScore value='18225'/>
		<killScore value='18900'/>
		<buildingScore value='4425'/>
		<razingScore value='19125'/>
		<mineralScore value='27250'/>
		<gasScore value='3464'/>
		<totalScore value='91389'/>
	</player>

	<enemy>
		<race value='Protoss'/>
		<unitScore value='10150'/>
		<unitScore value='10150'/>
		<killScore value='17200'/>
		<buildingScore value='6375'/>
		<razingScore value='1200'/>
		<mineralScore value='15242'/>
		<gasScore value='2672'/>
		<totalScore value='52839'/>
	</enemy>

	<scoreRatio value='1.72957'/>
	<timeFitness value='0.711528'/>
	<unitsAverage value='87'/>
</results>
