<results>
	<result value='win'/>
	<start value='2015-05-05.19:58:08'/>
	<end value='2015-05-05.19:58:58'/>
	<frames value='40767'/>
	<gameDuration value='2547'/>

	<player>
		<unitScore value='19425'/>
		<killScore value='24200'/>
		<buildingScore value='4025'/>
		<razingScore value='17625'/>
		<mineralScore value='35978'/>
		<gasScore value='3776'/>
		<totalScore value='105029'/>
	</player>

	<enemy>
		<race value='Protoss'/>
		<unitScore value='13600'/>
		<unitScore value='13600'/>
		<killScore value='17750'/>
		<buildingScore value='5875'/>
		<razingScore value='1350'/>
		<mineralScore value='14626'/>
		<gasScore value='5976'/>
		<totalScore value='59177'/>
	</enemy>

	<scoreRatio value='1.77483'/>
	<timeFitness value='0.64625'/>
	<unitsAverage value='112'/>
</results>
