<results>
	<result value='loss'/>
	<start value='2014-07-06.04:58:07'/>
	<end value='2014-07-06.04:58:18'/>
	<frames value='22074'/>
	<gameDuration value='1379'/>

	<player>
		<unitScore value='4600'/>
		<killScore value='5000'/>
		<buildingScore value='1175'/>
		<razingScore value='0'/>
		<mineralScore value='5554'/>
		<gasScore value='1544'/>
		<totalScore value='17873'/>
	</player>

	<enemy>
		<race value='Protoss'/>
		<unitScore value='6825'/>
		<unitScore value='6825'/>
		<killScore value='9300'/>
		<buildingScore value='5175'/>
		<razingScore value='3525'/>
		<mineralScore value='12426'/>
		<gasScore value='3120'/>
		<totalScore value='40371'/>
	</enemy>

	<scoreRatio value='0.442719'/>
</results>
