<results>
	<result value='loss'/>
	<start value='2014-07-22.19:52:27'/>
	<end value='2014-07-22.19:52:51'/>
	<frames value='30320'/>
	<gameDuration value='1895'/>

	<player>
		<unitScore value='13750'/>
		<killScore value='14950'/>
		<buildingScore value='2850'/>
		<razingScore value='0'/>
		<mineralScore value='24458'/>
		<gasScore value='0'/>
		<totalScore value='56008'/>
	</player>

	<enemy>
		<race value='Zerg'/>
		<unitScore value='20125'/>
		<unitScore value='20125'/>
		<killScore value='27500'/>
		<buildingScore value='3345'/>
		<razingScore value='8550'/>
		<mineralScore value='18054'/>
		<gasScore value='6424'/>
		<totalScore value='83998'/>
	</enemy>

	<scoreRatio value='0.666778'/>
</results>
