<results>
	<result value='win'/>
	<start value='2015-04-10.19:36:23'/>
	<end value='2015-04-10.19:37:00'/>
	<frames value='31653'/>
	<gameDuration value='1978'/>

	<player>
		<unitScore value='18350'/>
		<killScore value='16550'/>
		<buildingScore value='4175'/>
		<razingScore value='16050'/>
		<mineralScore value='32218'/>
		<gasScore value='2160'/>
		<totalScore value='89503'/>
	</player>

	<enemy>
		<race value='Protoss'/>
		<unitScore value='8675'/>
		<unitScore value='8675'/>
		<killScore value='14600'/>
		<buildingScore value='5350'/>
		<razingScore value='300'/>
		<mineralScore value='15422'/>
		<gasScore value='4512'/>
		<totalScore value='48859'/>
	</enemy>

	<scoreRatio value='1.83186'/>
</results>
