<results>
	<result value='loss'/>
	<start value='2014-07-12.19:56:42'/>
	<end value='2014-07-12.19:56:51'/>
	<frames value='19222'/>
	<gameDuration value='1201'/>

	<player>
		<unitScore value='4725'/>
		<killScore value='1900'/>
		<buildingScore value='2050'/>
		<razingScore value='0'/>
		<mineralScore value='6802'/>
		<gasScore value='688'/>
		<totalScore value='16165'/>
	</player>

	<enemy>
		<race value='Terran'/>
		<unitScore value='7300'/>
		<unitScore value='7300'/>
		<killScore value='9450'/>
		<buildingScore value='2900'/>
		<razingScore value='5925'/>
		<mineralScore value='8906'/>
		<gasScore value='3240'/>
		<totalScore value='37721'/>
	</enemy>

	<scoreRatio value='0.428541'/>
</results>
