<results>
	<result value='loss'/>
	<start value='2014-07-12.20:06:58'/>
	<end value='2014-07-12.20:07:24'/>
	<frames value='44921'/>
	<gameDuration value='2807'/>

	<player>
		<unitScore value='15225'/>
		<killScore value='14100'/>
		<buildingScore value='3575'/>
		<razingScore value='0'/>
		<mineralScore value='19282'/>
		<gasScore value='3704'/>
		<totalScore value='55886'/>
	</player>

	<enemy>
		<race value='Terran'/>
		<unitScore value='28875'/>
		<unitScore value='28875'/>
		<killScore value='30450'/>
		<buildingScore value='4975'/>
		<razingScore value='10725'/>
		<mineralScore value='22486'/>
		<gasScore value='13848'/>
		<totalScore value='111359'/>
	</enemy>

	<scoreRatio value='0.501854'/>
</results>
