<results>
	<result value='loss'/>
	<start value='2014-07-23.17:16:27'/>
	<end value='2014-07-23.17:16:34'/>
	<frames value='14231'/>
	<gameDuration value='889'/>

	<player>
		<unitScore value='2925'/>
		<killScore value='600'/>
		<buildingScore value='1550'/>
		<razingScore value='0'/>
		<mineralScore value='4618'/>
		<gasScore value='776'/>
		<totalScore value='10469'/>
	</player>

	<enemy>
		<race value='Protoss'/>
		<unitScore value='3550'/>
		<unitScore value='3550'/>
		<killScore value='5550'/>
		<buildingScore value='2375'/>
		<razingScore value='4650'/>
		<mineralScore value='7386'/>
		<gasScore value='1192'/>
		<totalScore value='24703'/>
	</enemy>

	<scoreRatio value='0.423795'/>
</results>
