<results>
	<result value='loss'/>
	<start value='2015-04-07.23:40:17'/>
	<end value='2015-04-07.23:40:23'/>
	<frames value='15130'/>
	<gameDuration value='945'/>

	<player>
		<unitScore value='2150'/>
		<killScore value='400'/>
		<buildingScore value='1075'/>
		<razingScore value='0'/>
		<mineralScore value='3114'/>
		<gasScore value='480'/>
		<totalScore value='7219'/>
	</player>

	<enemy>
		<race value='Protoss'/>
		<unitScore value='4275'/>
		<unitScore value='4275'/>
		<killScore value='4150'/>
		<buildingScore value='2775'/>
		<razingScore value='3225'/>
		<mineralScore value='7418'/>
		<gasScore value='1984'/>
		<totalScore value='23827'/>
	</enemy>

	<scoreRatio value='0.302976'/>
</results>
