<results>
	<result value='loss'/>
	<start value='2015-07-10.11:50:05'/>
	<end value='2015-07-10.11:50:32'/>
	<frames value='22260'/>
	<gameDuration value='1391'/>

	<player>
		<unitScore value='11750'/>
		<killScore value='3000'/>
		<buildingScore value='2225'/>
		<razingScore value='0'/>
		<mineralScore value='11550'/>
		<gasScore value='2128'/>
		<totalScore value='30653'/>
	</player>

	<enemy>
		<race value='Terran'/>
		<unitScore value='7525'/>
		<killScore value='21550'/>
		<buildingScore value='2775'/>
		<razingScore value='6675'/>
		<mineralScore value='9346'/>
		<gasScore value='3232'/>
		<totalScore value='51103'/>
	</enemy>

	<scoreRatio value='0.599828'/>
	<timeFitness value='0.193194'/>
	<unitsAverage value='46'/>
</results>
