<results>
	<result value='loss'/>
	<start value='2015-04-11.19:55:41'/>
	<end value='2015-04-11.19:56:11'/>
	<frames value='30072'/>
	<gameDuration value='1879'/>

	<player>
		<unitScore value='10675'/>
		<killScore value='7450'/>
		<buildingScore value='1400'/>
		<razingScore value='300'/>
		<mineralScore value='11130'/>
		<gasScore value='2128'/>
		<totalScore value='33083'/>
	</player>

	<enemy>
		<race value='Protoss'/>
		<unitScore value='14750'/>
		<unitScore value='14750'/>
		<killScore value='21350'/>
		<buildingScore value='7025'/>
		<razingScore value='4200'/>
		<mineralScore value='19710'/>
		<gasScore value='7136'/>
		<totalScore value='74171'/>
	</enemy>

	<scoreRatio value='0.446037'/>
</results>
