<results>
	<result value='win'/>
	<start value='2015-05-06.22:48:54'/>
	<end value='2015-05-06.22:49:11'/>
	<frames value='24399'/>
	<gameDuration value='1524'/>

	<player>
		<unitScore value='7775'/>
		<killScore value='22150'/>
		<buildingScore value='1900'/>
		<razingScore value='6675'/>
		<mineralScore value='11322'/>
		<gasScore value='656'/>
		<totalScore value='50478'/>
	</player>

	<enemy>
		<race value='Terran'/>
		<unitScore value='11375'/>
		<unitScore value='11375'/>
		<killScore value='6500'/>
		<buildingScore value='2300'/>
		<razingScore value='300'/>
		<mineralScore value='9842'/>
		<gasScore value='3400'/>
		<totalScore value='33717'/>
	</enemy>

	<scoreRatio value='1.49711'/>
	<timeFitness value='0.788333'/>
	<unitsAverage value='47'/>
</results>
