<results>
	<result value='loss'/>
	<start value='2015-05-06.22:49:42'/>
	<end value='2015-05-06.22:49:56'/>
	<frames value='21423'/>
	<gameDuration value='1338'/>

	<player>
		<unitScore value='6400'/>
		<killScore value='1500'/>
		<buildingScore value='3025'/>
		<razingScore value='0'/>
		<mineralScore value='9402'/>
		<gasScore value='1816'/>
		<totalScore value='22143'/>
	</player>

	<enemy>
		<race value='Terran'/>
		<unitScore value='8075'/>
		<unitScore value='8075'/>
		<killScore value='12800'/>
		<buildingScore value='3275'/>
		<razingScore value='9075'/>
		<mineralScore value='10194'/>
		<gasScore value='3984'/>
		<totalScore value='47403'/>
	</enemy>

	<scoreRatio value='0.467122'/>
	<timeFitness value='0.185833'/>
	<unitsAverage value='33'/>
</results>
