<results>
	<result value='win'/>
	<start value='2015-05-06.22:56:26'/>
	<end value='2015-05-06.22:56:41'/>
	<frames value='20710'/>
	<gameDuration value='1294'/>

	<player>
		<unitScore value='6350'/>
		<killScore value='15650'/>
		<buildingScore value='2775'/>
		<razingScore value='5250'/>
		<mineralScore value='9706'/>
		<gasScore value='1376'/>
		<totalScore value='41107'/>
	</player>

	<enemy>
		<race value='Terran'/>
		<unitScore value='7825'/>
		<unitScore value='7825'/>
		<killScore value='5000'/>
		<buildingScore value='1750'/>
		<razingScore value='2775'/>
		<mineralScore value='8506'/>
		<gasScore value='2304'/>
		<totalScore value='28160'/>
	</enemy>

	<scoreRatio value='1.45977'/>
	<timeFitness value='0.820278'/>
	<unitsAverage value='47'/>
</results>
