<results>
	<result value='loss'/>
	<start value='2015-05-06.23:04:56'/>
	<end value='2015-05-06.23:05:06'/>
	<frames value='16928'/>
	<gameDuration value='1058'/>

	<player>
		<unitScore value='4700'/>
		<killScore value='500'/>
		<buildingScore value='1700'/>
		<razingScore value='0'/>
		<mineralScore value='6626'/>
		<gasScore value='528'/>
		<totalScore value='14054'/>
	</player>

	<enemy>
		<race value='Terran'/>
		<unitScore value='6350'/>
		<unitScore value='6350'/>
		<killScore value='9400'/>
		<buildingScore value='2625'/>
		<razingScore value='5100'/>
		<mineralScore value='7746'/>
		<gasScore value='2672'/>
		<totalScore value='33893'/>
	</enemy>

	<scoreRatio value='0.414658'/>
	<timeFitness value='0.146944'/>
	<unitsAverage value='27'/>
</results>
