<results>
	<result value='loss'/>
	<start value='2015-05-06.23:12:05'/>
	<end value='2015-05-06.23:12:21'/>
	<frames value='21764'/>
	<gameDuration value='1360'/>

	<player>
		<unitScore value='6825'/>
		<killScore value='2600'/>
		<buildingScore value='2025'/>
		<razingScore value='0'/>
		<mineralScore value='9458'/>
		<gasScore value='1144'/>
		<totalScore value='22052'/>
	</player>

	<enemy>
		<race value='Terran'/>
		<unitScore value='8025'/>
		<unitScore value='8025'/>
		<killScore value='9000'/>
		<buildingScore value='3300'/>
		<razingScore value='6075'/>
		<mineralScore value='10578'/>
		<gasScore value='3936'/>
		<totalScore value='40914'/>
	</enemy>

	<scoreRatio value='0.538984'/>
	<timeFitness value='0.188889'/>
	<unitsAverage value='45'/>
</results>
