<results>
	<result value='win'/>
	<start value='2015-05-04.09:24:21'/>
	<end value='2015-05-04.09:24:51'/>
	<frames value='28088'/>
	<gameDuration value='1755'/>

	<player>
		<unitScore value='21900'/>
		<killScore value='25830'/>
		<buildingScore value='3975'/>
		<razingScore value='5400'/>
		<mineralScore value='29186'/>
		<gasScore value='2384'/>
		<totalScore value='88675'/>
	</player>

	<enemy>
		<race value='Zerg'/>
		<unitScore value='12050'/>
		<unitScore value='12050'/>
		<killScore value='24100'/>
		<buildingScore value='1800'/>
		<razingScore value='0'/>
		<mineralScore value='11298'/>
		<gasScore value='3312'/>
		<totalScore value='52560'/>
	</enemy>

	<scoreRatio value='1.68712'/>
	<timeFitness value='0.75625'/>
	<unitsAverage value='95'/>
</results>
