<results>
	<result value='win'/>
	<start value='2015-05-10.20:47:20'/>
	<end value='2015-05-10.20:47:56'/>
	<frames value='33606'/>
	<gameDuration value='2100'/>

	<player>
		<unitScore value='23125'/>
		<killScore value='45800'/>
		<buildingScore value='3950'/>
		<razingScore value='6975'/>
		<mineralScore value='31390'/>
		<gasScore value='2488'/>
		<totalScore value='113728'/>
	</player>

	<enemy>
		<race value='Zerg'/>
		<unitScore value='18975'/>
		<unitScore value='18975'/>
		<killScore value='26550'/>
		<buildingScore value='2325'/>
		<razingScore value='0'/>
		<mineralScore value='16366'/>
		<gasScore value='4936'/>
		<totalScore value='69152'/>
	</enemy>

	<scoreRatio value='1.64461'/>
	<timeFitness value='0.708333'/>
	<unitsAverage value='97'/>
</results>
