<results>
	<result value='loss'/>
	<start value='2015-05-10.20:48:33'/>
	<end value='2015-05-10.20:48:48'/>
	<frames value='22787'/>
	<gameDuration value='1424'/>

	<player>
		<unitScore value='5175'/>
		<killScore value='3650'/>
		<buildingScore value='2600'/>
		<razingScore value='0'/>
		<mineralScore value='12978'/>
		<gasScore value='1400'/>
		<totalScore value='25803'/>
	</player>

	<enemy>
		<race value='Zerg'/>
		<unitScore value='10075'/>
		<unitScore value='10075'/>
		<killScore value='10100'/>
		<buildingScore value='3060'/>
		<razingScore value='7800'/>
		<mineralScore value='12402'/>
		<gasScore value='4056'/>
		<totalScore value='47493'/>
	</enemy>

	<scoreRatio value='0.543301'/>
	<timeFitness value='0.197778'/>
	<unitsAverage value='40'/>
</results>
