<results>
	<result value='loss'/>
	<start value='2015-07-19.12:40:06'/>
	<end value='2015-07-19.12:40:12'/>
	<frames value='7566'/>
	<gameDuration value='472'/>

	<player>
		<unitScore value='1100'/>
		<killScore value='100'/>
		<buildingScore value='625'/>
		<razingScore value='0'/>
		<mineralScore value='1394'/>
		<gasScore value='32'/>
		<totalScore value='3251'/>
	</player>

	<enemy>
		<race value='Zerg'/>
		<unitScore value='1250'/>
		<killScore value='2100'/>
		<buildingScore value='480'/>
		<razingScore value='1875'/>
		<mineralScore value='2010'/>
		<gasScore value='32'/>
		<totalScore value='7747'/>
	</enemy>

	<scoreRatio value='0.419646'/>
	<timeFitness value='0.0655556'/>
	<unitsAverage value='9'/>
</results>
