<results>
	<result value='loss'/>
	<start value='2015-07-19.23:24:36'/>
	<end value='2015-07-19.23:27:23'/>
	<frames value='47556'/>
	<gameDuration value='2972'/>

	<player>
		<unitScore value='33825'/>
		<killScore value='43020'/>
		<buildingScore value='4875'/>
		<razingScore value='900'/>
		<mineralScore value='31542'/>
		<gasScore value='6264'/>
		<totalScore value='120426'/>
	</player>

	<enemy>
		<race value='Zerg'/>
		<unitScore value='28875'/>
		<killScore value='60500'/>
		<buildingScore value='4450'/>
		<razingScore value='14625'/>
		<mineralScore value='26010'/>
		<gasScore value='8688'/>
		<totalScore value='143148'/>
	</enemy>

	<scoreRatio value='0.841269'/>
	<timeFitness value='0.412778'/>
	<unitsAverage value='126'/>
</results>
