<results>
	<result value='draw'/>
	<start value='2015-03-29.22:56:27'/>
	<end value='2015-03-29.22:58:52'/>
	<frames value='57601'/>
	<gameDuration value='3600'/>

	<player>
		<unitScore value='33425'/>
		<killScore value='40300'/>
		<buildingScore value='4375'/>
		<razingScore value='10200'/>
		<mineralScore value='37102'/>
		<gasScore value='8876'/>
		<totalScore value='134278'/>
	</player>

	<enemy>
		<race value='Protoss'/>
		<unitScore value='23350'/>
		<unitScore value='23350'/>
		<killScore value='39250'/>
		<buildingScore value='7625'/>
		<razingScore value='150'/>
		<mineralScore value='25830'/>
		<gasScore value='7686'/>
		<totalScore value='103891'/>
	</enemy>

	<scoreRatio value='1.29249'/>
</results>
