<results>
	<result value='win'/>
	<start value='2015-05-10.18:30:44'/>
	<end value='2015-05-10.18:31:05'/>
	<frames value='25081'/>
	<gameDuration value='1567'/>

	<player>
		<unitScore value='15775'/>
		<killScore value='25410'/>
		<buildingScore value='3775'/>
		<razingScore value='4560'/>
		<mineralScore value='23594'/>
		<gasScore value='2472'/>
		<totalScore value='75586'/>
	</player>

	<enemy>
		<race value='Zerg'/>
		<unitScore value='10725'/>
		<unitScore value='10725'/>
		<killScore value='12300'/>
		<buildingScore value='1520'/>
		<razingScore value='0'/>
		<mineralScore value='9802'/>
		<gasScore value='2624'/>
		<totalScore value='36971'/>
	</enemy>

	<scoreRatio value='2.04447'/>
	<timeFitness value='0.782361'/>
	<unitsAverage value='91'/>
</results>
