<results>
	<result value='win'/>
	<start value='2015-05-10.18:38:59'/>
	<end value='2015-05-10.18:39:20'/>
	<frames value='23686'/>
	<gameDuration value='1480'/>

	<player>
		<unitScore value='15825'/>
		<killScore value='16130'/>
		<buildingScore value='4375'/>
		<razingScore value='5580'/>
		<mineralScore value='21706'/>
		<gasScore value='1608'/>
		<totalScore value='65224'/>
	</player>

	<enemy>
		<race value='Zerg'/>
		<unitScore value='8200'/>
		<unitScore value='8200'/>
		<killScore value='11600'/>
		<buildingScore value='1860'/>
		<razingScore value='0'/>
		<mineralScore value='8882'/>
		<gasScore value='2944'/>
		<totalScore value='33486'/>
	</enemy>

	<scoreRatio value='1.9478'/>
	<timeFitness value='0.794444'/>
	<unitsAverage value='91'/>
</results>
