<results>
	<result value='win'/>
	<start value='2015-05-10.18:39:23'/>
	<end value='2015-05-10.18:39:41'/>
	<frames value='22136'/>
	<gameDuration value='1383'/>

	<player>
		<unitScore value='11900'/>
		<killScore value='18110'/>
		<buildingScore value='3525'/>
		<razingScore value='4635'/>
		<mineralScore value='19918'/>
		<gasScore value='1472'/>
		<totalScore value='59560'/>
	</player>

	<enemy>
		<race value='Zerg'/>
		<unitScore value='8600'/>
		<unitScore value='8600'/>
		<killScore value='6150'/>
		<buildingScore value='1545'/>
		<razingScore value='0'/>
		<mineralScore value='8338'/>
		<gasScore value='2624'/>
		<totalScore value='27257'/>
	</enemy>

	<scoreRatio value='2.18513'/>
	<timeFitness value='0.807917'/>
	<unitsAverage value='82'/>
</results>
