<results>
	<result value='win'/>
	<start value='2015-05-10.18:43:46'/>
	<end value='2015-05-10.18:44:12'/>
	<frames value='25484'/>
	<gameDuration value='1592'/>

	<player>
		<unitScore value='17900'/>
		<killScore value='25260'/>
		<buildingScore value='4550'/>
		<razingScore value='5115'/>
		<mineralScore value='26914'/>
		<gasScore value='2128'/>
		<totalScore value='81867'/>
	</player>

	<enemy>
		<race value='Zerg'/>
		<unitScore value='11525'/>
		<unitScore value='11525'/>
		<killScore value='13550'/>
		<buildingScore value='1705'/>
		<razingScore value='0'/>
		<mineralScore value='10402'/>
		<gasScore value='3128'/>
		<totalScore value='40310'/>
	</enemy>

	<scoreRatio value='2.03094'/>
	<timeFitness value='0.778889'/>
	<unitsAverage value='104'/>
</results>
