<results>
	<result value='win'/>
	<start value='2015-05-10.18:50:06'/>
	<end value='2015-05-10.18:50:40'/>
	<frames value='29235'/>
	<gameDuration value='1827'/>

	<player>
		<unitScore value='17650'/>
		<killScore value='24430'/>
		<buildingScore value='3925'/>
		<razingScore value='7080'/>
		<mineralScore value='28274'/>
		<gasScore value='2024'/>
		<totalScore value='83383'/>
	</player>

	<enemy>
		<race value='Zerg'/>
		<unitScore value='11400'/>
		<unitScore value='11400'/>
		<killScore value='11250'/>
		<buildingScore value='2360'/>
		<razingScore value='0'/>
		<mineralScore value='12642'/>
		<gasScore value='3704'/>
		<totalScore value='41356'/>
	</enemy>

	<scoreRatio value='2.01622'/>
	<timeFitness value='0.74625'/>
	<unitsAverage value='114'/>
</results>
