<results>
	<result value='win'/>
	<start value='2015-05-10.18:51:18'/>
	<end value='2015-05-10.18:51:44'/>
	<frames value='26259'/>
	<gameDuration value='1641'/>

	<player>
		<unitScore value='19625'/>
		<killScore value='23970'/>
		<buildingScore value='4475'/>
		<razingScore value='4680'/>
		<mineralScore value='26946'/>
		<gasScore value='2528'/>
		<totalScore value='82224'/>
	</player>

	<enemy>
		<race value='Zerg'/>
		<unitScore value='10675'/>
		<unitScore value='10675'/>
		<killScore value='16400'/>
		<buildingScore value='1560'/>
		<razingScore value='0'/>
		<mineralScore value='10066'/>
		<gasScore value='2848'/>
		<totalScore value='41549'/>
	</enemy>

	<scoreRatio value='1.97896'/>
	<timeFitness value='0.772083'/>
	<unitsAverage value='102'/>
</results>
