<results>
	<result value='win'/>
	<start value='2015-05-04.03:22:17'/>
	<end value='2015-05-04.03:22:37'/>
	<frames value='26941'/>
	<gameDuration value='1683'/>

	<player>
		<unitScore value='14175'/>
		<killScore value='16150'/>
		<buildingScore value='3300'/>
		<razingScore value='12975'/>
		<mineralScore value='21674'/>
		<gasScore value='1944'/>
		<totalScore value='70218'/>
	</player>

	<enemy>
		<race value='Protoss'/>
		<unitScore value='8425'/>
		<unitScore value='8425'/>
		<killScore value='10700'/>
		<buildingScore value='4325'/>
		<razingScore value='300'/>
		<mineralScore value='11450'/>
		<gasScore value='2392'/>
		<totalScore value='37592'/>
	</enemy>

	<scoreRatio value='1.8679'/>
	<timeFitness value='0.76625'/>
	<unitsAverage value='80'/>
</results>
