<results>
	<result value='draw'/>
	<start value='2015-05-10.08:35:02'/>
	<end value='2015-05-10.08:36:10'/>
	<frames value='57601'/>
	<gameDuration value='3600'/>

	<player>
		<unitScore value='33550'/>
		<killScore value='66600'/>
		<buildingScore value='2975'/>
		<razingScore value='18975'/>
		<mineralScore value='33250'/>
		<gasScore value='4760'/>
		<totalScore value='160110'/>
	</player>

	<enemy>
		<race value='Protoss'/>
		<unitScore value='35925'/>
		<unitScore value='35925'/>
		<killScore value='50950'/>
		<buildingScore value='7950'/>
		<razingScore value='450'/>
		<mineralScore value='29750'/>
		<gasScore value='11292'/>
		<totalScore value='136317'/>
	</enemy>

	<scoreRatio value='1.17454'/>
	<timeFitness value='0.5'/>
	<unitsAverage value='117'/>
</results>
