<results>
	<result value='draw'/>
	<start value='2015-04-29.18:14:25'/>
	<end value='2015-04-29.18:15:37'/>
	<frames value='57601'/>
	<gameDuration value='3600'/>

	<player>
		<unitScore value='28050'/>
		<killScore value='27450'/>
		<buildingScore value='3750'/>
		<razingScore value='0'/>
		<mineralScore value='31390'/>
		<gasScore value='6360'/>
		<totalScore value='97000'/>
	</player>

	<enemy>
		<race value='Terran'/>
		<unitScore value='29750'/>
		<unitScore value='29750'/>
		<killScore value='56100'/>
		<buildingScore value='4675'/>
		<razingScore value='8625'/>
		<mineralScore value='31222'/>
		<gasScore value='12470'/>
		<totalScore value='142842'/>
	</enemy>

	<scoreRatio value='0.679072'/>
	<timeFitness value='0.5'/>
	<unitsAverage value='93'/>
</results>
