<results>
	<result value='win'/>
	<start value='2015-04-29.18:19:33'/>
	<end value='2015-04-29.18:20:00'/>
	<frames value='28398'/>
	<gameDuration value='1774'/>

	<player>
		<unitScore value='13725'/>
		<killScore value='23700'/>
		<buildingScore value='3025'/>
		<razingScore value='10275'/>
		<mineralScore value='16306'/>
		<gasScore value='2736'/>
		<totalScore value='69767'/>
	</player>

	<enemy>
		<race value='Terran'/>
		<unitScore value='12650'/>
		<unitScore value='12650'/>
		<killScore value='10800'/>
		<buildingScore value='3425'/>
		<razingScore value='750'/>
		<mineralScore value='12098'/>
		<gasScore value='5064'/>
		<totalScore value='44787'/>
	</enemy>

	<scoreRatio value='1.55775'/>
	<timeFitness value='0.753611'/>
	<unitsAverage value='63'/>
</results>
