<results>
	<result value='win'/>
	<start value='2015-04-29.18:21:11'/>
	<end value='2015-04-29.18:22:25'/>
	<frames value='40364'/>
	<gameDuration value='2522'/>

	<player>
		<unitScore value='19400'/>
		<killScore value='25950'/>
		<buildingScore value='4675'/>
		<razingScore value='9375'/>
		<mineralScore value='41150'/>
		<gasScore value='3968'/>
		<totalScore value='104518'/>
	</player>

	<enemy>
		<race value='Terran'/>
		<unitScore value='13375'/>
		<unitScore value='13375'/>
		<killScore value='12950'/>
		<buildingScore value='3125'/>
		<razingScore value='1350'/>
		<mineralScore value='12050'/>
		<gasScore value='5372'/>
		<totalScore value='48222'/>
	</enemy>

	<scoreRatio value='2.16743'/>
	<timeFitness value='0.649722'/>
	<unitsAverage value='133'/>
</results>
