<results>
	<result value='draw'/>
	<start value='2015-04-29.18:27:24'/>
	<end value='2015-04-29.18:29:27'/>
	<frames value='57601'/>
	<gameDuration value='3600'/>

	<player>
		<unitScore value='26025'/>
		<killScore value='19150'/>
		<buildingScore value='5775'/>
		<razingScore value='1650'/>
		<mineralScore value='42954'/>
		<gasScore value='8224'/>
		<totalScore value='103778'/>
	</player>

	<enemy>
		<race value='Terran'/>
		<unitScore value='12100'/>
		<unitScore value='12100'/>
		<killScore value='25450'/>
		<buildingScore value='2900'/>
		<razingScore value='4350'/>
		<mineralScore value='12050'/>
		<gasScore value='6552'/>
		<totalScore value='63402'/>
	</enemy>

	<scoreRatio value='1.63683'/>
	<timeFitness value='0.5'/>
	<unitsAverage value='151'/>
</results>
