<results>
	<result value='win'/>
	<start value='2015-05-02.00:17:22'/>
	<end value='2015-05-02.00:18:13'/>
	<frames value='32521'/>
	<gameDuration value='2032'/>

	<player>
		<unitScore value='20625'/>
		<killScore value='24450'/>
		<buildingScore value='4400'/>
		<razingScore value='13050'/>
		<mineralScore value='31162'/>
		<gasScore value='3680'/>
		<totalScore value='97367'/>
	</player>

	<enemy>
		<race value='Protoss'/>
		<unitScore value='13275'/>
		<unitScore value='13275'/>
		<killScore value='18250'/>
		<buildingScore value='4350'/>
		<razingScore value='375'/>
		<mineralScore value='14246'/>
		<gasScore value='6000'/>
		<totalScore value='56496'/>
	</enemy>

	<scoreRatio value='1.72343'/>
</results>
