<results>
	<result value='draw'/>
	<start value='2015-05-02.00:26:10'/>
	<end value='2015-05-02.00:26:57'/>
	<frames value='57601'/>
	<gameDuration value='3600'/>

	<player>
		<unitScore value='15225'/>
		<killScore value='26300'/>
		<buildingScore value='1400'/>
		<razingScore value='11025'/>
		<mineralScore value='15594'/>
		<gasScore value='4568'/>
		<totalScore value='74112'/>
	</player>

	<enemy>
		<race value='Protoss'/>
		<unitScore value='16250'/>
		<unitScore value='16250'/>
		<killScore value='30000'/>
		<buildingScore value='10575'/>
		<razingScore value='1800'/>
		<mineralScore value='37538'/>
		<gasScore value='8952'/>
		<totalScore value='105115'/>
	</enemy>

	<scoreRatio value='0.705056'/>
</results>
