<results>
	<result value='win'/>
	<start value='2015-05-11.03:17:49'/>
	<end value='2015-05-11.03:18:33'/>
	<frames value='27623'/>
	<gameDuration value='1726'/>

	<player>
		<unitScore value='19550'/>
		<killScore value='26020'/>
		<buildingScore value='4425'/>
		<razingScore value='5520'/>
		<mineralScore value='28618'/>
		<gasScore value='2320'/>
		<totalScore value='86453'/>
	</player>

	<enemy>
		<race value='Zerg'/>
		<unitScore value='12375'/>
		<unitScore value='12375'/>
		<killScore value='15450'/>
		<buildingScore value='1840'/>
		<razingScore value='0'/>
		<mineralScore value='11290'/>
		<gasScore value='3488'/>
		<totalScore value='44443'/>
	</enemy>

	<scoreRatio value='1.94526'/>
	<timeFitness value='0.760278'/>
	<unitsAverage value='103'/>
</results>
