<results>
	<result value='win'/>
	<start value='2015-05-11.03:34:21'/>
	<end value='2015-05-11.03:36:18'/>
	<frames value='51462'/>
	<gameDuration value='3216'/>

	<player>
		<unitScore value='27400'/>
		<killScore value='35360'/>
		<buildingScore value='5375'/>
		<razingScore value='10650'/>
		<mineralScore value='36742'/>
		<gasScore value='6498'/>
		<totalScore value='122025'/>
	</player>

	<enemy>
		<race value='Zerg'/>
		<unitScore value='17775'/>
		<unitScore value='17775'/>
		<killScore value='29850'/>
		<buildingScore value='3550'/>
		<razingScore value='2625'/>
		<mineralScore value='20118'/>
		<gasScore value='7280'/>
		<totalScore value='81198'/>
	</enemy>

	<scoreRatio value='1.50281'/>
	<timeFitness value='0.553333'/>
	<unitsAverage value='138'/>
</results>
