<results>
	<result value='win'/>
	<start value='2015-05-05.21:53:32'/>
	<end value='2015-05-05.21:54:15'/>
	<frames value='43433'/>
	<gameDuration value='2714'/>

	<player>
		<unitScore value='22150'/>
		<killScore value='26400'/>
		<buildingScore value='4325'/>
		<razingScore value='10275'/>
		<mineralScore value='26254'/>
		<gasScore value='4136'/>
		<totalScore value='93540'/>
	</player>

	<enemy>
		<race value='Terran'/>
		<unitScore value='13200'/>
		<unitScore value='13200'/>
		<killScore value='25900'/>
		<buildingScore value='3425'/>
		<razingScore value='2925'/>
		<mineralScore value='12050'/>
		<gasScore value='5514'/>
		<totalScore value='63014'/>
	</enemy>

	<scoreRatio value='1.48443'/>
	<timeFitness value='0.623056'/>
	<unitsAverage value='83'/>
</results>
