<results>
	<result value='draw'/>
	<start value='2015-05-05.22:04:39'/>
	<end value='2015-05-05.22:05:59'/>
	<frames value='57601'/>
	<gameDuration value='3600'/>

	<player>
		<unitScore value='28875'/>
		<killScore value='42200'/>
		<buildingScore value='4625'/>
		<razingScore value='6225'/>
		<mineralScore value='33358'/>
		<gasScore value='5788'/>
		<totalScore value='121071'/>
	</player>

	<enemy>
		<race value='Terran'/>
		<unitScore value='28275'/>
		<unitScore value='28275'/>
		<killScore value='39400'/>
		<buildingScore value='4775'/>
		<razingScore value='3450'/>
		<mineralScore value='22642'/>
		<gasScore value='11554'/>
		<totalScore value='110096'/>
	</enemy>

	<scoreRatio value='1.09969'/>
	<timeFitness value='0.5'/>
	<unitsAverage value='121'/>
</results>
