<results>
	<result value='loss'/>
	<start value='2015-05-05.22:10:21'/>
	<end value='2015-05-05.22:10:30'/>
	<frames value='16556'/>
	<gameDuration value='1034'/>

	<player>
		<unitScore value='3775'/>
		<killScore value='500'/>
		<buildingScore value='1525'/>
		<razingScore value='0'/>
		<mineralScore value='5138'/>
		<gasScore value='888'/>
		<totalScore value='11826'/>
	</player>

	<enemy>
		<race value='Terran'/>
		<unitScore value='5300'/>
		<unitScore value='5300'/>
		<killScore value='7550'/>
		<buildingScore value='1900'/>
		<razingScore value='4575'/>
		<mineralScore value='7586'/>
		<gasScore value='2336'/>
		<totalScore value='29247'/>
	</enemy>

	<scoreRatio value='0.404349'/>
	<timeFitness value='0.143611'/>
	<unitsAverage value='23'/>
</results>
