<results>
	<result value='win'/>
	<start value='2015-05-05.22:16:17'/>
	<end value='2015-05-05.22:16:36'/>
	<frames value='29049'/>
	<gameDuration value='1815'/>

	<player>
		<unitScore value='9050'/>
		<killScore value='21500'/>
		<buildingScore value='2725'/>
		<razingScore value='9225'/>
		<mineralScore value='13234'/>
		<gasScore value='1128'/>
		<totalScore value='56862'/>
	</player>

	<enemy>
		<race value='Terran'/>
		<unitScore value='11850'/>
		<unitScore value='11850'/>
		<killScore value='9150'/>
		<buildingScore value='3075'/>
		<razingScore value='3225'/>
		<mineralScore value='11794'/>
		<gasScore value='5656'/>
		<totalScore value='44750'/>
	</enemy>

	<scoreRatio value='1.27066'/>
	<timeFitness value='0.747917'/>
	<unitsAverage value='47'/>
</results>
