<results>
	<result value='loss'/>
	<start value='2015-05-05.22:21:16'/>
	<end value='2015-05-05.22:21:26'/>
	<frames value='18602'/>
	<gameDuration value='1162'/>

	<player>
		<unitScore value='5025'/>
		<killScore value='3000'/>
		<buildingScore value='1525'/>
		<razingScore value='0'/>
		<mineralScore value='6834'/>
		<gasScore value='904'/>
		<totalScore value='17288'/>
	</player>

	<enemy>
		<race value='Terran'/>
		<unitScore value='7225'/>
		<unitScore value='7225'/>
		<killScore value='10050'/>
		<buildingScore value='2800'/>
		<razingScore value='4575'/>
		<mineralScore value='8586'/>
		<gasScore value='2944'/>
		<totalScore value='36180'/>
	</enemy>

	<scoreRatio value='0.477833'/>
	<timeFitness value='0.161389'/>
	<unitsAverage value='31'/>
</results>
