<results>
	<result value='win'/>
	<start value='2015-04-08.07:15:24'/>
	<end value='2015-04-08.07:15:59'/>
	<frames value='38349'/>
	<gameDuration value='2396'/>

	<player>
		<unitScore value='23525'/>
		<killScore value='29700'/>
		<buildingScore value='2850'/>
		<razingScore value='20625'/>
		<mineralScore value='26774'/>
		<gasScore value='3056'/>
		<totalScore value='106530'/>
	</player>

	<enemy>
		<race value='Protoss'/>
		<unitScore value='15550'/>
		<unitScore value='15550'/>
		<killScore value='31400'/>
		<buildingScore value='6875'/>
		<razingScore value='300'/>
		<mineralScore value='17798'/>
		<gasScore value='4184'/>
		<totalScore value='76107'/>
	</enemy>

	<scoreRatio value='1.39974'/>
</results>
