<results>
	<result value='win'/>
	<start value='2015-05-03.04:23:30'/>
	<end value='2015-05-03.04:24:06'/>
	<frames value='32211'/>
	<gameDuration value='2013'/>

	<player>
		<unitScore value='24475'/>
		<killScore value='34400'/>
		<buildingScore value='3625'/>
		<razingScore value='6495'/>
		<mineralScore value='27790'/>
		<gasScore value='3432'/>
		<totalScore value='100217'/>
	</player>

	<enemy>
		<race value='Zerg'/>
		<unitScore value='16150'/>
		<unitScore value='16150'/>
		<killScore value='31350'/>
		<buildingScore value='2165'/>
		<razingScore value='0'/>
		<mineralScore value='13714'/>
		<gasScore value='4504'/>
		<totalScore value='67883'/>
	</enemy>

	<scoreRatio value='1.47632'/>
	<timeFitness value='0.720417'/>
	<unitsAverage value='93'/>
</results>
