<results>
	<result value='win'/>
	<start value='2015-05-03.04:29:42'/>
	<end value='2015-05-03.04:30:06'/>
	<frames value='24182'/>
	<gameDuration value='1511'/>

	<player>
		<unitScore value='13475'/>
		<killScore value='22380'/>
		<buildingScore value='3450'/>
		<razingScore value='4560'/>
		<mineralScore value='19598'/>
		<gasScore value='2152'/>
		<totalScore value='65615'/>
	</player>

	<enemy>
		<race value='Zerg'/>
		<unitScore value='9775'/>
		<unitScore value='9775'/>
		<killScore value='12200'/>
		<buildingScore value='1520'/>
		<razingScore value='0'/>
		<mineralScore value='9266'/>
		<gasScore value='2584'/>
		<totalScore value='35345'/>
	</enemy>

	<scoreRatio value='1.85642'/>
	<timeFitness value='0.790139'/>
	<unitsAverage value='73'/>
</results>
