<results>
	<result value='win'/>
	<start value='2015-05-03.04:30:53'/>
	<end value='2015-05-03.04:31:19'/>
	<frames value='26476'/>
	<gameDuration value='1654'/>

	<player>
		<unitScore value='14975'/>
		<killScore value='18220'/>
		<buildingScore value='3150'/>
		<razingScore value='5565'/>
		<mineralScore value='20886'/>
		<gasScore value='2440'/>
		<totalScore value='65236'/>
	</player>

	<enemy>
		<race value='Zerg'/>
		<unitScore value='8600'/>
		<unitScore value='8600'/>
		<killScore value='14600'/>
		<buildingScore value='1855'/>
		<razingScore value='600'/>
		<mineralScore value='8922'/>
		<gasScore value='2912'/>
		<totalScore value='37489'/>
	</enemy>

	<scoreRatio value='1.74014'/>
	<timeFitness value='0.770278'/>
	<unitsAverage value='73'/>
</results>
