<results>
	<result value='win'/>
	<start value='2015-05-03.04:31:55'/>
	<end value='2015-05-03.04:32:23'/>
	<frames value='27561'/>
	<gameDuration value='1722'/>

	<player>
		<unitScore value='15550'/>
		<killScore value='22550'/>
		<buildingScore value='3175'/>
		<razingScore value='6675'/>
		<mineralScore value='20190'/>
		<gasScore value='1968'/>
		<totalScore value='70108'/>
	</player>

	<enemy>
		<race value='Zerg'/>
		<unitScore value='10375'/>
		<unitScore value='10375'/>
		<killScore value='14500'/>
		<buildingScore value='2225'/>
		<razingScore value='0'/>
		<mineralScore value='10282'/>
		<gasScore value='3272'/>
		<totalScore value='40654'/>
	</enemy>

	<scoreRatio value='1.7245'/>
	<timeFitness value='0.760833'/>
	<unitsAverage value='76'/>
</results>
