<results>
	<result value='win'/>
	<start value='2015-05-03.04:36:43'/>
	<end value='2015-05-03.04:37:07'/>
	<frames value='23624'/>
	<gameDuration value='1476'/>

	<player>
		<unitScore value='13450'/>
		<killScore value='18655'/>
		<buildingScore value='3700'/>
		<razingScore value='5580'/>
		<mineralScore value='18642'/>
		<gasScore value='1544'/>
		<totalScore value='61571'/>
	</player>

	<enemy>
		<race value='Zerg'/>
		<unitScore value='8700'/>
		<unitScore value='8700'/>
		<killScore value='9750'/>
		<buildingScore value='1860'/>
		<razingScore value='0'/>
		<mineralScore value='9210'/>
		<gasScore value='2840'/>
		<totalScore value='32360'/>
	</enemy>

	<scoreRatio value='1.90269'/>
	<timeFitness value='0.795'/>
	<unitsAverage value='76'/>
</results>
