<results>
	<result value='draw'/>
	<start value='2015-04-16.15:27:16'/>
	<end value='2015-04-16.15:28:24'/>
	<frames value='57601'/>
	<gameDuration value='3600'/>

	<player>
		<unitScore value='17875'/>
		<killScore value='31050'/>
		<buildingScore value='2325'/>
		<razingScore value='8400'/>
		<mineralScore value='20230'/>
		<gasScore value='4872'/>
		<totalScore value='84752'/>
	</player>

	<enemy>
		<race value='Protoss'/>
		<unitScore value='25475'/>
		<unitScore value='25475'/>
		<killScore value='35750'/>
		<buildingScore value='10675'/>
		<razingScore value='5625'/>
		<mineralScore value='33074'/>
		<gasScore value='11990'/>
		<totalScore value='122589'/>
	</enemy>

	<scoreRatio value='0.691351'/>
</results>
