<results>
	<result value='loss'/>
	<start value='2015-07-16.13:58:57'/>
	<end value='2015-07-16.13:59:17'/>
	<frames value='25081'/>
	<gameDuration value='1567'/>

	<player>
		<unitScore value='9925'/>
		<killScore value='2600'/>
		<buildingScore value='3625'/>
		<razingScore value='0'/>
		<mineralScore value='12554'/>
		<gasScore value='1976'/>
		<totalScore value='30680'/>
	</player>

	<enemy>
		<race value='Terran'/>
		<unitScore value='7850'/>
		<killScore value='18650'/>
		<buildingScore value='2975'/>
		<razingScore value='10875'/>
		<mineralScore value='11702'/>
		<gasScore value='4072'/>
		<totalScore value='56124'/>
	</enemy>

	<scoreRatio value='0.546647'/>
	<timeFitness value='0.217639'/>
	<unitsAverage value='41'/>
</results>
