<results>
	<result value='loss'/>
	<start value='2015-05-10.02:02:26'/>
	<end value='2015-05-10.02:02:52'/>
	<frames value='31157'/>
	<gameDuration value='1947'/>

	<player>
		<unitScore value='9075'/>
		<killScore value='5450'/>
		<buildingScore value='1700'/>
		<razingScore value='0'/>
		<mineralScore value='12602'/>
		<gasScore value='624'/>
		<totalScore value='29451'/>
	</player>

	<enemy>
		<race value='Protoss'/>
		<unitScore value='14775'/>
		<unitScore value='14775'/>
		<killScore value='17850'/>
		<buildingScore value='6975'/>
		<razingScore value='5100'/>
		<mineralScore value='18854'/>
		<gasScore value='7224'/>
		<totalScore value='70778'/>
	</enemy>

	<scoreRatio value='0.416104'/>
	<timeFitness value='0.270417'/>
	<unitsAverage value='40'/>
</results>
