<results>
	<result value='win'/>
	<start value='2015-05-10.02:15:32'/>
	<end value='2015-05-10.02:16:48'/>
	<frames value='41945'/>
	<gameDuration value='2621'/>

	<player>
		<unitScore value='23525'/>
		<killScore value='31100'/>
		<buildingScore value='5125'/>
		<razingScore value='24600'/>
		<mineralScore value='32174'/>
		<gasScore value='3240'/>
		<totalScore value='119764'/>
	</player>

	<enemy>
		<race value='Protoss'/>
		<unitScore value='15975'/>
		<unitScore value='15975'/>
		<killScore value='23900'/>
		<buildingScore value='8200'/>
		<razingScore value='2100'/>
		<mineralScore value='22014'/>
		<gasScore value='8176'/>
		<totalScore value='80365'/>
	</enemy>

	<scoreRatio value='1.49025'/>
	<timeFitness value='0.635972'/>
	<unitsAverage value='112'/>
</results>
