<results>
	<result value='win'/>
	<start value='2014-07-07.03:08:35'/>
	<end value='2014-07-07.03:08:53'/>
	<frames value='24585'/>
	<gameDuration value='1536'/>

	<player>
		<unitScore value='11375'/>
		<killScore value='20450'/>
		<buildingScore value='3625'/>
		<razingScore value='7050'/>
		<mineralScore value='15506'/>
		<gasScore value='1904'/>
		<totalScore value='59910'/>
	</player>

	<enemy>
		<race value='Terran'/>
		<unitScore value='11325'/>
		<unitScore value='11325'/>
		<killScore value='9350'/>
		<buildingScore value='2350'/>
		<razingScore value='3300'/>
		<mineralScore value='11074'/>
		<gasScore value='3960'/>
		<totalScore value='41359'/>
	</enemy>

	<scoreRatio value='1.44854'/>
</results>
