<results>
	<result value='loss'/>
	<start value='2014-07-22.19:46:39'/>
	<end value='2014-07-22.19:46:46'/>
	<frames value='14417'/>
	<gameDuration value='901'/>

	<player>
		<unitScore value='1225'/>
		<killScore value='300'/>
		<buildingScore value='1125'/>
		<razingScore value='0'/>
		<mineralScore value='2514'/>
		<gasScore value='928'/>
		<totalScore value='6092'/>
	</player>

	<enemy>
		<race value='Terran'/>
		<unitScore value='4350'/>
		<unitScore value='4350'/>
		<killScore value='2450'/>
		<buildingScore value='1450'/>
		<razingScore value='3375'/>
		<mineralScore value='6562'/>
		<gasScore value='2008'/>
		<totalScore value='20195'/>
	</enemy>

	<scoreRatio value='0.301659'/>
</results>
