<results>
	<result value='win'/>
	<start value='2015-05-02.08:58:59'/>
	<end value='2015-05-02.08:59:32'/>
	<frames value='26507'/>
	<gameDuration value='1656'/>

	<player>
		<unitScore value='17750'/>
		<killScore value='28520'/>
		<buildingScore value='4875'/>
		<razingScore value='5040'/>
		<mineralScore value='26638'/>
		<gasScore value='2224'/>
		<totalScore value='85047'/>
	</player>

	<enemy>
		<race value='Zerg'/>
		<unitScore value='12475'/>
		<unitScore value='12475'/>
		<killScore value='13550'/>
		<buildingScore value='1680'/>
		<razingScore value='0'/>
		<mineralScore value='11394'/>
		<gasScore value='3608'/>
		<totalScore value='42707'/>
	</enemy>

	<scoreRatio value='1.99141'/>
	<timeFitness value='0.77'/>
	<unitsAverage value='98'/>
</results>
