<results>
	<result value='win'/>
	<start value='2015-05-01.13:12:28'/>
	<end value='2015-05-01.13:13:04'/>
	<frames value='29607'/>
	<gameDuration value='1850'/>

	<player>
		<unitScore value='20025'/>
		<killScore value='20295'/>
		<buildingScore value='3850'/>
		<razingScore value='6555'/>
		<mineralScore value='24490'/>
		<gasScore value='2272'/>
		<totalScore value='77487'/>
	</player>

	<enemy>
		<race value='Zerg'/>
		<unitScore value='10100'/>
		<unitScore value='10100'/>
		<killScore value='20000'/>
		<buildingScore value='2185'/>
		<razingScore value='0'/>
		<mineralScore value='9730'/>
		<gasScore value='2960'/>
		<totalScore value='44975'/>
	</enemy>

	<scoreRatio value='1.72289'/>
	<timeFitness value='0.743056'/>
	<unitsAverage value='97'/>
</results>
