<results>
	<result value='win'/>
	<start value='2015-05-02.09:19:05'/>
	<end value='2015-05-02.09:20:08'/>
	<frames value='41015'/>
	<gameDuration value='2563'/>

	<player>
		<unitScore value='30950'/>
		<killScore value='61655'/>
		<buildingScore value='3900'/>
		<razingScore value='7290'/>
		<mineralScore value='33270'/>
		<gasScore value='1728'/>
		<totalScore value='138793'/>
	</player>

	<enemy>
		<race value='Zerg'/>
		<unitScore value='26200'/>
		<unitScore value='26200'/>
		<killScore value='38600'/>
		<buildingScore value='2430'/>
		<razingScore value='0'/>
		<mineralScore value='21698'/>
		<gasScore value='7176'/>
		<totalScore value='96104'/>
	</enemy>

	<scoreRatio value='1.4442'/>
	<timeFitness value='0.644028'/>
	<unitsAverage value='128'/>
</results>
