<results>
	<result value='loss'/>
	<start value='2015-04-16.20:54:27'/>
	<end value='2015-04-16.20:54:40'/>
	<frames value='14944'/>
	<gameDuration value='934'/>

	<player>
		<unitScore value='3750'/>
		<killScore value='200'/>
		<buildingScore value='1300'/>
		<razingScore value='0'/>
		<mineralScore value='5442'/>
		<gasScore value='0'/>
		<totalScore value='10692'/>
	</player>

	<enemy>
		<race value='Protoss'/>
		<unitScore value='3550'/>
		<unitScore value='3550'/>
		<killScore value='7500'/>
		<buildingScore value='2575'/>
		<razingScore value='3900'/>
		<mineralScore value='7618'/>
		<gasScore value='1336'/>
		<totalScore value='26479'/>
	</enemy>

	<scoreRatio value='0.403792'/>
</results>
