<results>
	<result value='win'/>
	<start value='2015-05-03.02:24:09'/>
	<end value='2015-05-03.02:24:35'/>
	<frames value='24182'/>
	<gameDuration value='1511'/>

	<player>
		<unitScore value='14250'/>
		<killScore value='18680'/>
		<buildingScore value='3600'/>
		<razingScore value='6480'/>
		<mineralScore value='21850'/>
		<gasScore value='1776'/>
		<totalScore value='66636'/>
	</player>

	<enemy>
		<race value='Zerg'/>
		<unitScore value='8975'/>
		<unitScore value='8975'/>
		<killScore value='11050'/>
		<buildingScore value='2160'/>
		<razingScore value='0'/>
		<mineralScore value='9898'/>
		<gasScore value='3032'/>
		<totalScore value='35115'/>
	</enemy>

	<scoreRatio value='1.89765'/>
	<timeFitness value='0.790139'/>
	<unitsAverage value='83'/>
</results>
