<results>
	<result value='win'/>
	<start value='2015-05-03.02:27:48'/>
	<end value='2015-05-03.02:28:10'/>
	<frames value='23066'/>
	<gameDuration value='1441'/>

	<player>
		<unitScore value='13450'/>
		<killScore value='17390'/>
		<buildingScore value='3500'/>
		<razingScore value='5580'/>
		<mineralScore value='18118'/>
		<gasScore value='1416'/>
		<totalScore value='59454'/>
	</player>

	<enemy>
		<race value='Zerg'/>
		<unitScore value='8925'/>
		<unitScore value='8925'/>
		<killScore value='11450'/>
		<buildingScore value='1860'/>
		<razingScore value='0'/>
		<mineralScore value='8978'/>
		<gasScore value='2904'/>
		<totalScore value='34117'/>
	</enemy>

	<scoreRatio value='1.74265'/>
	<timeFitness value='0.799861'/>
	<unitsAverage value='73'/>
</results>
