<results>
	<result value='win'/>
	<start value='2015-05-03.02:28:15'/>
	<end value='2015-05-03.02:28:21'/>
	<frames value='11658'/>
	<gameDuration value='728'/>

	<player>
		<unitScore value='2500'/>
		<killScore value='1820'/>
		<buildingScore value='1525'/>
		<razingScore value='2220'/>
		<mineralScore value='4402'/>
		<gasScore value='976'/>
		<totalScore value='13443'/>
	</player>

	<enemy>
		<race value='Zerg'/>
		<unitScore value='1200'/>
		<unitScore value='1200'/>
		<killScore value='600'/>
		<buildingScore value='740'/>
		<razingScore value='150'/>
		<mineralScore value='2082'/>
		<gasScore value='48'/>
		<totalScore value='4820'/>
	</enemy>

	<scoreRatio value='2.789'/>
	<timeFitness value='0.898889'/>
	<unitsAverage value='26'/>
</results>
