<results>
	<result value='draw'/>
	<start value='2015-07-20.01:14:33'/>
	<end value='2015-07-20.01:17:32'/>
	<frames value='57601'/>
	<gameDuration value='3600'/>

	<player>
		<unitScore value='25875'/>
		<killScore value='24950'/>
		<buildingScore value='3250'/>
		<razingScore value='705'/>
		<mineralScore value='25746'/>
		<gasScore value='2880'/>
		<totalScore value='83406'/>
	</player>

	<enemy>
		<race value='Zerg'/>
		<unitScore value='34700'/>
		<killScore value='39650'/>
		<buildingScore value='5025'/>
		<razingScore value='3375'/>
		<mineralScore value='36634'/>
		<gasScore value='11796'/>
		<totalScore value='131180'/>
	</enemy>

	<scoreRatio value='0.635813'/>
	<timeFitness value='0.5'/>
	<unitsAverage value='105'/>
</results>
