<results>
	<result value='loss'/>
	<start value='2015-07-20.01:19:16'/>
	<end value='2015-07-20.01:19:54'/>
	<frames value='25174'/>
	<gameDuration value='1573'/>

	<player>
		<unitScore value='13625'/>
		<killScore value='4450'/>
		<buildingScore value='3575'/>
		<razingScore value='120'/>
		<mineralScore value='15390'/>
		<gasScore value='1960'/>
		<totalScore value='39120'/>
	</player>

	<enemy>
		<race value='Zerg'/>
		<unitScore value='9500'/>
		<killScore value='24700'/>
		<buildingScore value='3100'/>
		<razingScore value='10725'/>
		<mineralScore value='14570'/>
		<gasScore value='4048'/>
		<totalScore value='66643'/>
	</enemy>

	<scoreRatio value='0.587008'/>
	<timeFitness value='0.218472'/>
	<unitsAverage value='56'/>
</results>
