<results>
	<result value='win'/>
	<start value='2014-07-06.21:07:08'/>
	<end value='2014-07-06.21:07:28'/>
	<frames value='26228'/>
	<gameDuration value='1639'/>

	<player>
		<unitScore value='15175'/>
		<killScore value='21640'/>
		<buildingScore value='4450'/>
		<razingScore value='5040'/>
		<mineralScore value='26578'/>
		<gasScore value='2752'/>
		<totalScore value='75635'/>
	</player>

	<enemy>
		<race value='Zerg'/>
		<unitScore value='9650'/>
		<unitScore value='9650'/>
		<killScore value='11450'/>
		<buildingScore value='1680'/>
		<razingScore value='0'/>
		<mineralScore value='9890'/>
		<gasScore value='3176'/>
		<totalScore value='35846'/>
	</enemy>

	<scoreRatio value='2.11'/>
</results>
