<results>
	<result value='loss'/>
	<start value='2014-07-23.01:06:03'/>
	<end value='2014-07-23.01:06:07'/>
	<frames value='9395'/>
	<gameDuration value='587'/>

	<player>
		<unitScore value='950'/>
		<killScore value='200'/>
		<buildingScore value='625'/>
		<razingScore value='0'/>
		<mineralScore value='1202'/>
		<gasScore value='40'/>
		<totalScore value='3017'/>
	</player>

	<enemy>
		<race value='Zerg'/>
		<unitScore value='1650'/>
		<unitScore value='1650'/>
		<killScore value='1900'/>
		<buildingScore value='1020'/>
		<razingScore value='1875'/>
		<mineralScore value='2834'/>
		<gasScore value='248'/>
		<totalScore value='9527'/>
	</enemy>

	<scoreRatio value='0.316679'/>
</results>
