<results>
	<result value='loss'/>
	<start value='2015-05-07.02:06:41'/>
	<end value='2015-05-07.02:07:45'/>
	<frames value='47401'/>
	<gameDuration value='2962'/>

	<player>
		<unitScore value='23400'/>
		<killScore value='32650'/>
		<buildingScore value='2450'/>
		<razingScore value='300'/>
		<mineralScore value='23970'/>
		<gasScore value='4656'/>
		<totalScore value='87426'/>
	</player>

	<enemy>
		<race value='Protoss'/>
		<unitScore value='36475'/>
		<unitScore value='36475'/>
		<killScore value='46800'/>
		<buildingScore value='8075'/>
		<razingScore value='7350'/>
		<mineralScore value='33106'/>
		<gasScore value='12980'/>
		<totalScore value='144786'/>
	</enemy>

	<scoreRatio value='0.603829'/>
	<timeFitness value='0.411389'/>
	<unitsAverage value='69'/>
</results>
