<results>
	<result value='win'/>
	<start value='2015-05-07.02:08:55'/>
	<end value='2015-05-07.02:09:50'/>
	<frames value='30878'/>
	<gameDuration value='1929'/>

	<player>
		<unitScore value='17975'/>
		<killScore value='23200'/>
		<buildingScore value='3625'/>
		<razingScore value='20700'/>
		<mineralScore value='27074'/>
		<gasScore value='2344'/>
		<totalScore value='94918'/>
	</player>

	<enemy>
		<race value='Protoss'/>
		<unitScore value='12050'/>
		<unitScore value='12050'/>
		<killScore value='15500'/>
		<buildingScore value='6900'/>
		<razingScore value='300'/>
		<mineralScore value='17002'/>
		<gasScore value='4320'/>
		<totalScore value='56072'/>
	</enemy>

	<scoreRatio value='1.69279'/>
	<timeFitness value='0.732083'/>
	<unitsAverage value='98'/>
</results>
