<results>
	<result value='win'/>
	<start value='2015-04-10.18:50:58'/>
	<end value='2015-04-10.18:51:38'/>
	<frames value='24306'/>
	<gameDuration value='1519'/>

	<player>
		<unitScore value='15150'/>
		<killScore value='12000'/>
		<buildingScore value='4300'/>
		<razingScore value='11025'/>
		<mineralScore value='22262'/>
		<gasScore value='2392'/>
		<totalScore value='67129'/>
	</player>

	<enemy>
		<race value='Protoss'/>
		<unitScore value='6000'/>
		<unitScore value='6000'/>
		<killScore value='11050'/>
		<buildingScore value='3675'/>
		<razingScore value='0'/>
		<mineralScore value='12930'/>
		<gasScore value='1032'/>
		<totalScore value='34687'/>
	</enemy>

	<scoreRatio value='1.93528'/>
</results>
