<results>
	<result value='win'/>
	<start value='2015-05-04.00:14:04'/>
	<end value='2015-05-04.00:14:50'/>
	<frames value='25732'/>
	<gameDuration value='1608'/>

	<player>
		<unitScore value='16325'/>
		<killScore value='14900'/>
		<buildingScore value='3875'/>
		<razingScore value='11700'/>
		<mineralScore value='25226'/>
		<gasScore value='2616'/>
		<totalScore value='74642'/>
	</player>

	<enemy>
		<race value='Protoss'/>
		<unitScore value='7500'/>
		<unitScore value='7500'/>
		<killScore value='11000'/>
		<buildingScore value='3900'/>
		<razingScore value='0'/>
		<mineralScore value='16314'/>
		<gasScore value='1032'/>
		<totalScore value='39746'/>
	</enemy>

	<scoreRatio value='1.87798'/>
	<timeFitness value='0.776667'/>
	<unitsAverage value='100'/>
</results>
