<results>
	<result value='win'/>
	<start value='2015-05-04.00:28:19'/>
	<end value='2015-05-04.00:29:04'/>
	<frames value='25918'/>
	<gameDuration value='1619'/>

	<player>
		<unitScore value='16525'/>
		<killScore value='14300'/>
		<buildingScore value='3575'/>
		<razingScore value='12450'/>
		<mineralScore value='25814'/>
		<gasScore value='1704'/>
		<totalScore value='74368'/>
	</player>

	<enemy>
		<race value='Protoss'/>
		<unitScore value='7350'/>
		<unitScore value='7350'/>
		<killScore value='11850'/>
		<buildingScore value='4150'/>
		<razingScore value='0'/>
		<mineralScore value='17594'/>
		<gasScore value='2576'/>
		<totalScore value='43520'/>
	</enemy>

	<scoreRatio value='1.70882'/>
	<timeFitness value='0.775139'/>
	<unitsAverage value='95'/>
</results>
