<results>
	<result value='loss'/>
	<start value='2015-03-28.18:19:48'/>
	<end value='2015-03-28.18:19:57'/>
	<frames value='13425'/>
	<gameDuration value='839'/>

	<player>
		<unitScore value='3000'/>
		<killScore value='200'/>
		<buildingScore value='1050'/>
		<razingScore value='0'/>
		<mineralScore value='3434'/>
		<gasScore value='448'/>
		<totalScore value='8132'/>
	</player>

	<enemy>
		<race value='Protoss'/>
		<unitScore value='3550'/>
		<unitScore value='3550'/>
		<killScore value='5250'/>
		<buildingScore value='2175'/>
		<razingScore value='3150'/>
		<mineralScore value='6682'/>
		<gasScore value='1080'/>
		<totalScore value='21887'/>
	</enemy>

	<scoreRatio value='0.371545'/>
</results>
