<results>
	<result value='loss'/>
	<start value='2015-03-28.18:21:13'/>
	<end value='2015-03-28.18:21:29'/>
	<frames value='20679'/>
	<gameDuration value='1292'/>

	<player>
		<unitScore value='5550'/>
		<killScore value='2800'/>
		<buildingScore value='1300'/>
		<razingScore value='0'/>
		<mineralScore value='5810'/>
		<gasScore value='816'/>
		<totalScore value='16276'/>
	</player>

	<enemy>
		<race value='Protoss'/>
		<unitScore value='5525'/>
		<unitScore value='5525'/>
		<killScore value='11100'/>
		<buildingScore value='4275'/>
		<razingScore value='3900'/>
		<mineralScore value='10706'/>
		<gasScore value='2872'/>
		<totalScore value='38378'/>
	</enemy>

	<scoreRatio value='0.424097'/>
</results>
