<results>
	<result value='loss'/>
	<start value='2015-04-28.20:05:24'/>
	<end value='2015-04-28.20:05:42'/>
	<frames value='35807'/>
	<gameDuration value='2237'/>

	<player>
		<unitScore value='10450'/>
		<killScore value='10500'/>
		<buildingScore value='1400'/>
		<razingScore value='0'/>
		<mineralScore value='10866'/>
		<gasScore value='1848'/>
		<totalScore value='35064'/>
	</player>

	<enemy>
		<race value='Protoss'/>
		<unitScore value='22375'/>
		<unitScore value='22375'/>
		<killScore value='20650'/>
		<buildingScore value='6975'/>
		<razingScore value='4200'/>
		<mineralScore value='24154'/>
		<gasScore value='9440'/>
		<totalScore value='87794'/>
	</enemy>

	<scoreRatio value='0.399389'/>
	<timeFitness value='0.310694'/>
	<unitsAverage value='39'/>
</results>
