<results>
	<result value='loss'/>
	<start value='2015-05-05.03:21:51'/>
	<end value='2015-05-05.03:21:56'/>
	<frames value='13642'/>
	<gameDuration value='852'/>

	<player>
		<unitScore value='2150'/>
		<killScore value='800'/>
		<buildingScore value='1450'/>
		<razingScore value='0'/>
		<mineralScore value='3570'/>
		<gasScore value='744'/>
		<totalScore value='8714'/>
	</player>

	<enemy>
		<race value='Protoss'/>
		<unitScore value='3500'/>
		<unitScore value='3500'/>
		<killScore value='4200'/>
		<buildingScore value='2375'/>
		<razingScore value='4350'/>
		<mineralScore value='7002'/>
		<gasScore value='1184'/>
		<totalScore value='22611'/>
	</enemy>

	<scoreRatio value='0.385388'/>
	<timeFitness value='0.118333'/>
	<unitsAverage value='18'/>
</results>
