<results>
	<result value='win'/>
	<start value='2015-05-05.03:24:41'/>
	<end value='2015-05-05.03:25:13'/>
	<frames value='31715'/>
	<gameDuration value='1982'/>

	<player>
		<unitScore value='24475'/>
		<killScore value='33050'/>
		<buildingScore value='4275'/>
		<razingScore value='18450'/>
		<mineralScore value='30434'/>
		<gasScore value='3584'/>
		<totalScore value='114268'/>
	</player>

	<enemy>
		<race value='Protoss'/>
		<unitScore value='17100'/>
		<unitScore value='17100'/>
		<killScore value='25050'/>
		<buildingScore value='6150'/>
		<razingScore value='0'/>
		<mineralScore value='18102'/>
		<gasScore value='4416'/>
		<totalScore value='70818'/>
	</enemy>

	<scoreRatio value='1.61354'/>
	<timeFitness value='0.724722'/>
	<unitsAverage value='119'/>
</results>
