<results>
	<result value='loss'/>
	<start value='2015-05-05.03:31:43'/>
	<end value='2015-05-05.03:31:49'/>
	<frames value='15440'/>
	<gameDuration value='965'/>

	<player>
		<unitScore value='3475'/>
		<killScore value='1000'/>
		<buildingScore value='1500'/>
		<razingScore value='0'/>
		<mineralScore value='5074'/>
		<gasScore value='672'/>
		<totalScore value='11721'/>
	</player>

	<enemy>
		<race value='Protoss'/>
		<unitScore value='3550'/>
		<unitScore value='3550'/>
		<killScore value='6950'/>
		<buildingScore value='2925'/>
		<razingScore value='4500'/>
		<mineralScore value='7890'/>
		<gasScore value='1416'/>
		<totalScore value='27231'/>
	</enemy>

	<scoreRatio value='0.430429'/>
	<timeFitness value='0.134028'/>
	<unitsAverage value='22'/>
</results>
