<results>
	<result value='win'/>
	<start value='2015-05-05.03:44:56'/>
	<end value='2015-05-05.03:45:09'/>
	<frames value='25515'/>
	<gameDuration value='1594'/>

	<player>
		<unitScore value='9150'/>
		<killScore value='10000'/>
		<buildingScore value='1475'/>
		<razingScore value='10875'/>
		<mineralScore value='10898'/>
		<gasScore value='2176'/>
		<totalScore value='44574'/>
	</player>

	<enemy>
		<race value='Protoss'/>
		<unitScore value='5000'/>
		<unitScore value='5000'/>
		<killScore value='8750'/>
		<buildingScore value='3625'/>
		<razingScore value='150'/>
		<mineralScore value='11826'/>
		<gasScore value='2344'/>
		<totalScore value='31695'/>
	</enemy>

	<scoreRatio value='1.40634'/>
	<timeFitness value='0.778611'/>
	<unitsAverage value='49'/>
</results>
