<results>
	<result value='loss'/>
	<start value='2015-05-05.03:49:43'/>
	<end value='2015-05-05.03:49:50'/>
	<frames value='16773'/>
	<gameDuration value='1048'/>

	<player>
		<unitScore value='3775'/>
		<killScore value='1000'/>
		<buildingScore value='1750'/>
		<razingScore value='0'/>
		<mineralScore value='5586'/>
		<gasScore value='432'/>
		<totalScore value='12543'/>
	</player>

	<enemy>
		<race value='Protoss'/>
		<unitScore value='3600'/>
		<unitScore value='3600'/>
		<killScore value='7550'/>
		<buildingScore value='4125'/>
		<razingScore value='5250'/>
		<mineralScore value='9042'/>
		<gasScore value='1640'/>
		<totalScore value='31207'/>
	</enemy>

	<scoreRatio value='0.401929'/>
	<timeFitness value='0.145556'/>
	<unitsAverage value='22'/>
</results>
