<results>
	<result value='win'/>
	<start value='2015-04-27.01:25:56'/>
	<end value='2015-04-27.01:26:40'/>
	<frames value='44425'/>
	<gameDuration value='2776'/>

	<player>
		<unitScore value='21250'/>
		<killScore value='38550'/>
		<buildingScore value='4950'/>
		<razingScore value='12825'/>
		<mineralScore value='30606'/>
		<gasScore value='3216'/>
		<totalScore value='111397'/>
	</player>

	<enemy>
		<race value='Terran'/>
		<unitScore value='22475'/>
		<unitScore value='22475'/>
		<killScore value='17400'/>
		<buildingScore value='4275'/>
		<razingScore value='2175'/>
		<mineralScore value='17634'/>
		<gasScore value='9516'/>
		<totalScore value='73475'/>
	</enemy>

	<scoreRatio value='1.51612'/>
</results>
