<results>
	<result value='loss'/>
	<start value='2015-07-19.07:41:18'/>
	<end value='2015-07-19.07:41:45'/>
	<frames value='20927'/>
	<gameDuration value='1307'/>

	<player>
		<unitScore value='7775'/>
		<killScore value='3300'/>
		<buildingScore value='2350'/>
		<razingScore value='0'/>
		<mineralScore value='12202'/>
		<gasScore value='1552'/>
		<totalScore value='27179'/>
	</player>

	<enemy>
		<race value='Zerg'/>
		<unitScore value='8550'/>
		<killScore value='12900'/>
		<buildingScore value='2100'/>
		<razingScore value='7050'/>
		<mineralScore value='9410'/>
		<gasScore value='3232'/>
		<totalScore value='43242'/>
	</enemy>

	<scoreRatio value='0.628532'/>
	<timeFitness value='0.181528'/>
	<unitsAverage value='44'/>
</results>
