<results>
	<result value='loss'/>
	<start value='2015-07-19.07:46:46'/>
	<end value='2015-07-19.07:47:18'/>
	<frames value='22973'/>
	<gameDuration value='1435'/>

	<player>
		<unitScore value='10150'/>
		<killScore value='1650'/>
		<buildingScore value='3100'/>
		<razingScore value='0'/>
		<mineralScore value='16818'/>
		<gasScore value='1376'/>
		<totalScore value='33094'/>
	</player>

	<enemy>
		<race value='Zerg'/>
		<unitScore value='8900'/>
		<killScore value='20200'/>
		<buildingScore value='2770'/>
		<razingScore value='9300'/>
		<mineralScore value='10970'/>
		<gasScore value='3944'/>
		<totalScore value='56084'/>
	</enemy>

	<scoreRatio value='0.590079'/>
	<timeFitness value='0.199306'/>
	<unitsAverage value='50'/>
</results>
