<results>
	<result value='loss'/>
	<start value='2015-07-19.07:47:27'/>
	<end value='2015-07-19.07:47:48'/>
	<frames value='19811'/>
	<gameDuration value='1238'/>

	<player>
		<unitScore value='7025'/>
		<killScore value='2650'/>
		<buildingScore value='2225'/>
		<razingScore value='0'/>
		<mineralScore value='7858'/>
		<gasScore value='1456'/>
		<totalScore value='21214'/>
	</player>

	<enemy>
		<race value='Zerg'/>
		<unitScore value='7875'/>
		<killScore value='11950'/>
		<buildingScore value='1760'/>
		<razingScore value='6675'/>
		<mineralScore value='8826'/>
		<gasScore value='2928'/>
		<totalScore value='40014'/>
	</enemy>

	<scoreRatio value='0.530164'/>
	<timeFitness value='0.171944'/>
	<unitsAverage value='33'/>
</results>
