<results>
	<result value='loss'/>
	<start value='2015-07-11.21:12:23'/>
	<end value='2015-07-11.21:12:41'/>
	<frames value='20896'/>
	<gameDuration value='1306'/>

	<player>
		<unitScore value='8525'/>
		<killScore value='2450'/>
		<buildingScore value='2150'/>
		<razingScore value='0'/>
		<mineralScore value='9034'/>
		<gasScore value='1184'/>
		<totalScore value='23343'/>
	</player>

	<enemy>
		<race value='Terran'/>
		<unitScore value='7475'/>
		<killScore value='17050'/>
		<buildingScore value='2350'/>
		<razingScore value='6450'/>
		<mineralScore value='9690'/>
		<gasScore value='3440'/>
		<totalScore value='46455'/>
	</enemy>

	<scoreRatio value='0.502486'/>
	<timeFitness value='0.181389'/>
	<unitsAverage value='34'/>
</results>
