<results>
	<result value='draw'/>
	<start value='2015-07-11.21:16:11'/>
	<end value='2015-07-11.21:18:36'/>
	<frames value='57601'/>
	<gameDuration value='3600'/>

	<player>
		<unitScore value='50375'/>
		<killScore value='36100'/>
		<buildingScore value='4400'/>
		<razingScore value='525'/>
		<mineralScore value='40098'/>
		<gasScore value='10270'/>
		<totalScore value='141768'/>
	</player>

	<enemy>
		<race value='Terran'/>
		<unitScore value='21500'/>
		<killScore value='87700'/>
		<buildingScore value='3125'/>
		<razingScore value='1800'/>
		<mineralScore value='20518'/>
		<gasScore value='5798'/>
		<totalScore value='140441'/>
	</enemy>

	<scoreRatio value='1.00945'/>
	<timeFitness value='0.5'/>
	<unitsAverage value='139'/>
</results>
