<results>
	<result value='draw'/>
	<start value='2015-07-11.21:21:28'/>
	<end value='2015-07-11.21:23:41'/>
	<frames value='57601'/>
	<gameDuration value='3600'/>

	<player>
		<unitScore value='32325'/>
		<killScore value='12350'/>
		<buildingScore value='4925'/>
		<razingScore value='0'/>
		<mineralScore value='31302'/>
		<gasScore value='6270'/>
		<totalScore value='87172'/>
	</player>

	<enemy>
		<race value='Terran'/>
		<unitScore value='29250'/>
		<killScore value='51100'/>
		<buildingScore value='4925'/>
		<razingScore value='4500'/>
		<mineralScore value='31418'/>
		<gasScore value='12316'/>
		<totalScore value='133509'/>
	</enemy>

	<scoreRatio value='0.65293'/>
	<timeFitness value='0.5'/>
	<unitsAverage value='107'/>
</results>
