<results>
	<result value='loss'/>
	<start value='2015-07-11.21:27:22'/>
	<end value='2015-07-11.21:27:35'/>
	<frames value='17517'/>
	<gameDuration value='1094'/>

	<player>
		<unitScore value='4900'/>
		<killScore value='2200'/>
		<buildingScore value='1525'/>
		<razingScore value='0'/>
		<mineralScore value='5362'/>
		<gasScore value='968'/>
		<totalScore value='14955'/>
	</player>

	<enemy>
		<race value='Terran'/>
		<unitScore value='5850'/>
		<killScore value='9800'/>
		<buildingScore value='1900'/>
		<razingScore value='4575'/>
		<mineralScore value='8202'/>
		<gasScore value='2456'/>
		<totalScore value='32783'/>
	</enemy>

	<scoreRatio value='0.456182'/>
	<timeFitness value='0.151944'/>
	<unitsAverage value='24'/>
</results>
