<results>
	<result value='win'/>
	<start value='2015-05-04.10:06:27'/>
	<end value='2015-05-04.10:06:47'/>
	<frames value='24151'/>
	<gameDuration value='1509'/>

	<player>
		<unitScore value='10175'/>
		<killScore value='16950'/>
		<buildingScore value='3875'/>
		<razingScore value='7350'/>
		<mineralScore value='17514'/>
		<gasScore value='1952'/>
		<totalScore value='57816'/>
	</player>

	<enemy>
		<race value='Terran'/>
		<unitScore value='9325'/>
		<unitScore value='9325'/>
		<killScore value='5450'/>
		<buildingScore value='2525'/>
		<razingScore value='1650'/>
		<mineralScore value='8778'/>
		<gasScore value='3032'/>
		<totalScore value='30760'/>
	</enemy>

	<scoreRatio value='1.87958'/>
	<timeFitness value='0.790417'/>
	<unitsAverage value='66'/>
</results>
