<results>
	<result value='draw'/>
	<start value='2015-05-04.10:08:56'/>
	<end value='2015-05-04.10:09:49'/>
	<frames value='57601'/>
	<gameDuration value='3600'/>

	<player>
		<unitScore value='27175'/>
		<killScore value='45050'/>
		<buildingScore value='4000'/>
		<razingScore value='3225'/>
		<mineralScore value='31590'/>
		<gasScore value='8550'/>
		<totalScore value='119590'/>
	</player>

	<enemy>
		<race value='Terran'/>
		<unitScore value='32850'/>
		<unitScore value='32850'/>
		<killScore value='51200'/>
		<buildingScore value='5175'/>
		<razingScore value='4500'/>
		<mineralScore value='24694'/>
		<gasScore value='12294'/>
		<totalScore value='130713'/>
	</enemy>

	<scoreRatio value='0.914905'/>
	<timeFitness value='0.5'/>
	<unitsAverage value='81'/>
</results>
