<results>
	<result value='win'/>
	<start value='2015-05-04.10:21:03'/>
	<end value='2015-05-04.10:21:31'/>
	<frames value='28646'/>
	<gameDuration value='1790'/>

	<player>
		<unitScore value='16275'/>
		<killScore value='25350'/>
		<buildingScore value='4425'/>
		<razingScore value='6975'/>
		<mineralScore value='24450'/>
		<gasScore value='2888'/>
		<totalScore value='80363'/>
	</player>

	<enemy>
		<race value='Terran'/>
		<unitScore value='12675'/>
		<unitScore value='12675'/>
		<killScore value='13300'/>
		<buildingScore value='2325'/>
		<razingScore value='1575'/>
		<mineralScore value='13002'/>
		<gasScore value='4328'/>
		<totalScore value='47205'/>
	</enemy>

	<scoreRatio value='1.70243'/>
	<timeFitness value='0.751389'/>
	<unitsAverage value='81'/>
</results>
