<results>
	<result value='win'/>
	<start value='2015-05-04.10:32:09'/>
	<end value='2015-05-04.10:32:55'/>
	<frames value='40023'/>
	<gameDuration value='2501'/>

	<player>
		<unitScore value='24950'/>
		<killScore value='28800'/>
		<buildingScore value='4125'/>
		<razingScore value='12225'/>
		<mineralScore value='28898'/>
		<gasScore value='4352'/>
		<totalScore value='103350'/>
	</player>

	<enemy>
		<race value='Terran'/>
		<unitScore value='15200'/>
		<unitScore value='15200'/>
		<killScore value='31300'/>
		<buildingScore value='4075'/>
		<razingScore value='1875'/>
		<mineralScore value='15058'/>
		<gasScore value='6962'/>
		<totalScore value='74470'/>
	</enemy>

	<scoreRatio value='1.38781'/>
	<timeFitness value='0.652639'/>
	<unitsAverage value='95'/>
</results>
