<results>
	<result value='loss'/>
	<start value='2015-05-04.10:32:58'/>
	<end value='2015-05-04.10:33:08'/>
	<frames value='18106'/>
	<gameDuration value='1131'/>

	<player>
		<unitScore value='3900'/>
		<killScore value='2000'/>
		<buildingScore value='1950'/>
		<razingScore value='0'/>
		<mineralScore value='5906'/>
		<gasScore value='840'/>
		<totalScore value='14596'/>
	</player>

	<enemy>
		<race value='Terran'/>
		<unitScore value='6225'/>
		<unitScore value='6225'/>
		<killScore value='7800'/>
		<buildingScore value='2800'/>
		<razingScore value='5850'/>
		<mineralScore value='8202'/>
		<gasScore value='2968'/>
		<totalScore value='33845'/>
	</enemy>

	<scoreRatio value='0.43126'/>
	<timeFitness value='0.157083'/>
	<unitsAverage value='25'/>
</results>
