<results>
	<result value='draw'/>
	<start value='2015-03-29.08:00:10'/>
	<end value='2015-03-29.08:01:36'/>
	<frames value='57601'/>
	<gameDuration value='3600'/>

	<player>
		<unitScore value='29525'/>
		<killScore value='65550'/>
		<buildingScore value='3625'/>
		<razingScore value='2700'/>
		<mineralScore value='31486'/>
		<gasScore value='9368'/>
		<totalScore value='142254'/>
	</player>

	<enemy>
		<race value='Protoss'/>
		<unitScore value='37675'/>
		<unitScore value='37675'/>
		<killScore value='56300'/>
		<buildingScore value='6675'/>
		<razingScore value='2250'/>
		<mineralScore value='31518'/>
		<gasScore value='11300'/>
		<totalScore value='145718'/>
	</enemy>

	<scoreRatio value='0.976228'/>
</results>
