<results>
	<result value='loss'/>
	<start value='2014-07-07.03:45:34'/>
	<end value='2014-07-07.03:45:52'/>
	<frames value='41542'/>
	<gameDuration value='2596'/>

	<player>
		<unitScore value='6475'/>
		<killScore value='7900'/>
		<buildingScore value='2100'/>
		<razingScore value='0'/>
		<mineralScore value='8802'/>
		<gasScore value='1152'/>
		<totalScore value='26429'/>
	</player>

	<enemy>
		<race value='Terran'/>
		<unitScore value='21650'/>
		<unitScore value='21650'/>
		<killScore value='12950'/>
		<buildingScore value='5575'/>
		<razingScore value='6300'/>
		<mineralScore value='21938'/>
		<gasScore value='12540'/>
		<totalScore value='80953'/>
	</enemy>

	<scoreRatio value='0.326473'/>
</results>
