<results>
	<result value='draw'/>
	<start value='2014-07-07.03:48:23'/>
	<end value='2014-07-07.03:49:08'/>
	<frames value='57601'/>
	<gameDuration value='3600'/>

	<player>
		<unitScore value='21025'/>
		<killScore value='30400'/>
		<buildingScore value='3450'/>
		<razingScore value='600'/>
		<mineralScore value='24810'/>
		<gasScore value='5112'/>
		<totalScore value='85397'/>
	</player>

	<enemy>
		<race value='Terran'/>
		<unitScore value='26650'/>
		<unitScore value='26650'/>
		<killScore value='36150'/>
		<buildingScore value='4350'/>
		<razingScore value='5025'/>
		<mineralScore value='19550'/>
		<gasScore value='12260'/>
		<totalScore value='103985'/>
	</enemy>

	<scoreRatio value='0.821243'/>
</results>
