<results>
	<result value='win'/>
	<start value='2015-04-16.23:25:46'/>
	<end value='2015-04-16.23:27:30'/>
	<frames value='47308'/>
	<gameDuration value='2956'/>

	<player>
		<unitScore value='31775'/>
		<killScore value='35900'/>
		<buildingScore value='4275'/>
		<razingScore value='20100'/>
		<mineralScore value='35470'/>
		<gasScore value='4432'/>
		<totalScore value='131952'/>
	</player>

	<enemy>
		<race value='Protoss'/>
		<unitScore value='18825'/>
		<unitScore value='18825'/>
		<killScore value='41850'/>
		<buildingScore value='6700'/>
		<razingScore value='750'/>
		<mineralScore value='20930'/>
		<gasScore value='7730'/>
		<totalScore value='96785'/>
	</enemy>

	<scoreRatio value='1.36335'/>
</results>
