<results>
	<result value='loss'/>
	<start value='2015-04-13.05:18:41'/>
	<end value='2015-04-13.05:18:48'/>
	<frames value='16556'/>
	<gameDuration value='1034'/>

	<player>
		<unitScore value='2275'/>
		<killScore value='500'/>
		<buildingScore value='1450'/>
		<razingScore value='0'/>
		<mineralScore value='4082'/>
		<gasScore value='776'/>
		<totalScore value='9083'/>
	</player>

	<enemy>
		<race value='Protoss'/>
		<unitScore value='3600'/>
		<unitScore value='3600'/>
		<killScore value='4450'/>
		<buildingScore value='3925'/>
		<razingScore value='4350'/>
		<mineralScore value='8602'/>
		<gasScore value='1768'/>
		<totalScore value='26695'/>
	</enemy>

	<scoreRatio value='0.340251'/>
</results>
