<results>
	<result value='loss'/>
	<start value='2015-07-18.04:52:28'/>
	<end value='2015-07-18.04:52:47'/>
	<frames value='27530'/>
	<gameDuration value='1720'/>

	<player>
		<unitScore value='8950'/>
		<killScore value='4200'/>
		<buildingScore value='2025'/>
		<razingScore value='0'/>
		<mineralScore value='10754'/>
		<gasScore value='1816'/>
		<totalScore value='27745'/>
	</player>

	<enemy>
		<race value='Protoss'/>
		<unitScore value='13500'/>
		<killScore value='17900'/>
		<buildingScore value='5975'/>
		<razingScore value='6075'/>
		<mineralScore value='17314'/>
		<gasScore value='6296'/>
		<totalScore value='67060'/>
	</enemy>

	<scoreRatio value='0.413734'/>
	<timeFitness value='0.238889'/>
	<unitsAverage value='32'/>
</results>
