<results>
	<result value='loss'/>
	<start value='2015-07-18.05:10:42'/>
	<end value='2015-07-18.05:11:23'/>
	<frames value='40426'/>
	<gameDuration value='2526'/>

	<player>
		<unitScore value='14850'/>
		<killScore value='11550'/>
		<buildingScore value='2675'/>
		<razingScore value='0'/>
		<mineralScore value='17482'/>
		<gasScore value='3424'/>
		<totalScore value='49981'/>
	</player>

	<enemy>
		<race value='Protoss'/>
		<unitScore value='25975'/>
		<killScore value='29400'/>
		<buildingScore value='8125'/>
		<razingScore value='8025'/>
		<mineralScore value='28722'/>
		<gasScore value='10262'/>
		<totalScore value='110509'/>
	</enemy>

	<scoreRatio value='0.45228'/>
	<timeFitness value='0.350833'/>
	<unitsAverage value='60'/>
</results>
