<results>
	<result value='loss'/>
	<start value='2015-04-26.15:14:47'/>
	<end value='2015-04-26.15:14:59'/>
	<frames value='20741'/>
	<gameDuration value='1296'/>

	<player>
		<unitScore value='7150'/>
		<killScore value='4200'/>
		<buildingScore value='2000'/>
		<razingScore value='0'/>
		<mineralScore value='8610'/>
		<gasScore value='992'/>
		<totalScore value='22952'/>
	</player>

	<enemy>
		<race value='Terran'/>
		<unitScore value='8450'/>
		<unitScore value='8450'/>
		<killScore value='14300'/>
		<buildingScore value='3000'/>
		<razingScore value='6000'/>
		<mineralScore value='9738'/>
		<gasScore value='3872'/>
		<totalScore value='45360'/>
	</enemy>

	<scoreRatio value='0.505996'/>
</results>
