<results>
	<result value='loss'/>
	<start value='2015-04-26.15:18:45'/>
	<end value='2015-04-26.15:19:01'/>
	<frames value='28274'/>
	<gameDuration value='1767'/>

	<player>
		<unitScore value='6925'/>
		<killScore value='5300'/>
		<buildingScore value='3200'/>
		<razingScore value='0'/>
		<mineralScore value='10090'/>
		<gasScore value='1560'/>
		<totalScore value='27075'/>
	</player>

	<enemy>
		<race value='Terran'/>
		<unitScore value='13150'/>
		<unitScore value='13150'/>
		<killScore value='13850'/>
		<buildingScore value='4600'/>
		<razingScore value='9600'/>
		<mineralScore value='14178'/>
		<gasScore value='7000'/>
		<totalScore value='62378'/>
	</enemy>

	<scoreRatio value='0.434047'/>
</results>
