<results>
	<result value='win'/>
	<start value='2015-05-10.05:23:03'/>
	<end value='2015-05-10.05:24:15'/>
	<frames value='34102'/>
	<gameDuration value='2131'/>

	<player>
		<unitScore value='20325'/>
		<killScore value='18250'/>
		<buildingScore value='3725'/>
		<razingScore value='16725'/>
		<mineralScore value='31946'/>
		<gasScore value='3328'/>
		<totalScore value='94299'/>
	</player>

	<enemy>
		<race value='Protoss'/>
		<unitScore value='9125'/>
		<unitScore value='9125'/>
		<killScore value='18550'/>
		<buildingScore value='5575'/>
		<razingScore value='150'/>
		<mineralScore value='14378'/>
		<gasScore value='4640'/>
		<totalScore value='52418'/>
	</enemy>

	<scoreRatio value='1.79898'/>
	<timeFitness value='0.704028'/>
	<unitsAverage value='114'/>
</results>
