<results>
	<result value='loss'/>
	<start value='2015-05-10.05:32:55'/>
	<end value='2015-05-10.05:33:50'/>
	<frames value='43061'/>
	<gameDuration value='2691'/>

	<player>
		<unitScore value='17000'/>
		<killScore value='19850'/>
		<buildingScore value='2875'/>
		<razingScore value='2100'/>
		<mineralScore value='19942'/>
		<gasScore value='3248'/>
		<totalScore value='65015'/>
	</player>

	<enemy>
		<race value='Protoss'/>
		<unitScore value='29975'/>
		<unitScore value='29975'/>
		<killScore value='34000'/>
		<buildingScore value='8175'/>
		<razingScore value='8625'/>
		<mineralScore value='29370'/>
		<gasScore value='10892'/>
		<totalScore value='121037'/>
	</enemy>

	<scoreRatio value='0.53715'/>
	<timeFitness value='0.37375'/>
	<unitsAverage value='58'/>
</results>
