<results>
	<result value='loss'/>
	<start value='2015-05-10.05:38:06'/>
	<end value='2015-05-10.05:38:26'/>
	<frames value='22446'/>
	<gameDuration value='1402'/>

	<player>
		<unitScore value='5500'/>
		<killScore value='2500'/>
		<buildingScore value='1775'/>
		<razingScore value='0'/>
		<mineralScore value='7226'/>
		<gasScore value='1112'/>
		<totalScore value='18113'/>
	</player>

	<enemy>
		<race value='Protoss'/>
		<unitScore value='6325'/>
		<unitScore value='6325'/>
		<killScore value='11000'/>
		<buildingScore value='5650'/>
		<razingScore value='5325'/>
		<mineralScore value='12218'/>
		<gasScore value='3536'/>
		<totalScore value='44054'/>
	</enemy>

	<scoreRatio value='0.411154'/>
	<timeFitness value='0.194722'/>
	<unitsAverage value='31'/>
</results>
