<results>
	<result value='win'/>
	<start value='2015-05-10.05:39:10'/>
	<end value='2015-05-10.05:40:03'/>
	<frames value='28522'/>
	<gameDuration value='1782'/>

	<player>
		<unitScore value='16875'/>
		<killScore value='12500'/>
		<buildingScore value='3875'/>
		<razingScore value='12675'/>
		<mineralScore value='25474'/>
		<gasScore value='3176'/>
		<totalScore value='74575'/>
	</player>

	<enemy>
		<race value='Protoss'/>
		<unitScore value='6250'/>
		<unitScore value='6250'/>
		<killScore value='12950'/>
		<buildingScore value='4225'/>
		<razingScore value='0'/>
		<mineralScore value='17050'/>
		<gasScore value='992'/>
		<totalScore value='41467'/>
	</enemy>

	<scoreRatio value='1.79842'/>
	<timeFitness value='0.7525'/>
	<unitsAverage value='100'/>
</results>
