<results>
	<result value='draw'/>
	<start value='2015-05-06.01:11:12'/>
	<end value='2015-05-06.01:12:17'/>
	<frames value='57601'/>
	<gameDuration value='3600'/>

	<player>
		<unitScore value='29925'/>
		<killScore value='45850'/>
		<buildingScore value='3325'/>
		<razingScore value='2925'/>
		<mineralScore value='31478'/>
		<gasScore value='8462'/>
		<totalScore value='121965'/>
	</player>

	<enemy>
		<race value='Protoss'/>
		<unitScore value='35925'/>
		<unitScore value='35925'/>
		<killScore value='47200'/>
		<buildingScore value='7125'/>
		<razingScore value='450'/>
		<mineralScore value='31590'/>
		<gasScore value='11118'/>
		<totalScore value='133408'/>
	</enemy>

	<scoreRatio value='0.914226'/>
	<timeFitness value='0.5'/>
	<unitsAverage value='125'/>
</results>
