<results>
	<result value='loss'/>
	<start value='2015-05-06.01:26:00'/>
	<end value='2015-05-06.01:26:07'/>
	<frames value='15533'/>
	<gameDuration value='970'/>

	<player>
		<unitScore value='3500'/>
		<killScore value='400'/>
		<buildingScore value='1475'/>
		<razingScore value='0'/>
		<mineralScore value='5146'/>
		<gasScore value='928'/>
		<totalScore value='11449'/>
	</player>

	<enemy>
		<race value='Protoss'/>
		<unitScore value='3550'/>
		<unitScore value='3550'/>
		<killScore value='6700'/>
		<buildingScore value='3025'/>
		<razingScore value='4425'/>
		<mineralScore value='8050'/>
		<gasScore value='1624'/>
		<totalScore value='27374'/>
	</enemy>

	<scoreRatio value='0.418244'/>
	<timeFitness value='0.134722'/>
	<unitsAverage value='24'/>
</results>
