<results>
	<result value='loss'/>
	<start value='2015-05-06.01:26:39'/>
	<end value='2015-05-06.01:27:10'/>
	<frames value='46099'/>
	<gameDuration value='2881'/>

	<player>
		<unitScore value='18475'/>
		<killScore value='25800'/>
		<buildingScore value='2650'/>
		<razingScore value='0'/>
		<mineralScore value='23634'/>
		<gasScore value='680'/>
		<totalScore value='71239'/>
	</player>

	<enemy>
		<race value='Protoss'/>
		<unitScore value='32825'/>
		<unitScore value='32825'/>
		<killScore value='36950'/>
		<buildingScore value='8175'/>
		<razingScore value='7950'/>
		<mineralScore value='32078'/>
		<gasScore value='12884'/>
		<totalScore value='130862'/>
	</enemy>

	<scoreRatio value='0.544383'/>
	<timeFitness value='0.400139'/>
	<unitsAverage value='63'/>
</results>
