<results>
	<result value='draw'/>
	<start value='2014-07-23.03:38:44'/>
	<end value='2014-07-23.03:39:39'/>
	<frames value='57601'/>
	<gameDuration value='3600'/>

	<player>
		<unitScore value='30275'/>
		<killScore value='59635'/>
		<buildingScore value='3025'/>
		<razingScore value='5010'/>
		<mineralScore value='31598'/>
		<gasScore value='7320'/>
		<totalScore value='136863'/>
	</player>

	<enemy>
		<race value='Zerg'/>
		<unitScore value='33500'/>
		<unitScore value='33500'/>
		<killScore value='55750'/>
		<buildingScore value='4980'/>
		<razingScore value='750'/>
		<mineralScore value='29770'/>
		<gasScore value='9248'/>
		<totalScore value='133998'/>
	</enemy>

	<scoreRatio value='1.02138'/>
</results>
