<results>
	<result value='loss'/>
	<start value='2015-04-14.07:17:40'/>
	<end value='2015-04-14.07:17:54'/>
	<frames value='16680'/>
	<gameDuration value='1042'/>

	<player>
		<unitScore value='2900'/>
		<killScore value='800'/>
		<buildingScore value='1550'/>
		<razingScore value='0'/>
		<mineralScore value='4666'/>
		<gasScore value='608'/>
		<totalScore value='10524'/>
	</player>

	<enemy>
		<race value='Protoss'/>
		<unitScore value='3700'/>
		<unitScore value='3700'/>
		<killScore value='4950'/>
		<buildingScore value='3675'/>
		<razingScore value='4650'/>
		<mineralScore value='8930'/>
		<gasScore value='1512'/>
		<totalScore value='27417'/>
	</enemy>

	<scoreRatio value='0.383849'/>
</results>
