<results>
	<result value='win'/>
	<start value='2015-04-14.07:17:59'/>
	<end value='2015-04-14.07:18:45'/>
	<frames value='26104'/>
	<gameDuration value='1631'/>

	<player>
		<unitScore value='17525'/>
		<killScore value='9400'/>
		<buildingScore value='3775'/>
		<razingScore value='12600'/>
		<mineralScore value='22266'/>
		<gasScore value='1800'/>
		<totalScore value='67366'/>
	</player>

	<enemy>
		<race value='Protoss'/>
		<unitScore value='4700'/>
		<unitScore value='4700'/>
		<killScore value='14650'/>
		<buildingScore value='4200'/>
		<razingScore value='0'/>
		<mineralScore value='15114'/>
		<gasScore value='936'/>
		<totalScore value='39600'/>
	</enemy>

	<scoreRatio value='1.70116'/>
</results>
