<results>
	<result value='loss'/>
	<start value='2015-05-04.21:57:34'/>
	<end value='2015-05-04.21:57:48'/>
	<frames value='20090'/>
	<gameDuration value='1255'/>

	<player>
		<unitScore value='4425'/>
		<killScore value='1700'/>
		<buildingScore value='2100'/>
		<razingScore value='0'/>
		<mineralScore value='6690'/>
		<gasScore value='992'/>
		<totalScore value='15907'/>
	</player>

	<enemy>
		<race value='Terran'/>
		<unitScore value='7900'/>
		<unitScore value='7900'/>
		<killScore value='8850'/>
		<buildingScore value='2900'/>
		<razingScore value='6450'/>
		<mineralScore value='9546'/>
		<gasScore value='3704'/>
		<totalScore value='39350'/>
	</enemy>

	<scoreRatio value='0.404244'/>
	<timeFitness value='0.174306'/>
	<unitsAverage value='29'/>
</results>
