<results>
	<result value='draw'/>
	<start value='2015-05-08.07:06:29'/>
	<end value='2015-05-08.07:07:09'/>
	<frames value='57601'/>
	<gameDuration value='3600'/>

	<player>
		<unitScore value='21800'/>
		<killScore value='34900'/>
		<buildingScore value='3425'/>
		<razingScore value='900'/>
		<mineralScore value='24662'/>
		<gasScore value='5038'/>
		<totalScore value='90725'/>
	</player>

	<enemy>
		<race value='Terran'/>
		<unitScore value='34850'/>
		<unitScore value='34850'/>
		<killScore value='40100'/>
		<buildingScore value='5450'/>
		<razingScore value='5475'/>
		<mineralScore value='26958'/>
		<gasScore value='15926'/>
		<totalScore value='128759'/>
	</enemy>

	<scoreRatio value='0.704611'/>
	<timeFitness value='0.5'/>
	<unitsAverage value='57'/>
</results>
