<results>
	<result value='win'/>
	<start value='2015-05-04.22:10:57'/>
	<end value='2015-05-04.22:11:43'/>
	<frames value='41976'/>
	<gameDuration value='2623'/>

	<player>
		<unitScore value='18925'/>
		<killScore value='30550'/>
		<buildingScore value='5000'/>
		<razingScore value='9900'/>
		<mineralScore value='25798'/>
		<gasScore value='4016'/>
		<totalScore value='94189'/>
	</player>

	<enemy>
		<race value='Terran'/>
		<unitScore value='18675'/>
		<unitScore value='18675'/>
		<killScore value='18900'/>
		<buildingScore value='3300'/>
		<razingScore value='4350'/>
		<mineralScore value='14586'/>
		<gasScore value='6972'/>
		<totalScore value='66783'/>
	</enemy>

	<scoreRatio value='1.41037'/>
	<timeFitness value='0.635694'/>
	<unitsAverage value='74'/>
</results>
