<results>
	<result value='loss'/>
	<start value='2015-03-31.12:01:50'/>
	<end value='2015-03-31.12:01:59'/>
	<frames value='15874'/>
	<gameDuration value='992'/>

	<player>
		<unitScore value='4175'/>
		<killScore value='1400'/>
		<buildingScore value='1325'/>
		<razingScore value='0'/>
		<mineralScore value='5474'/>
		<gasScore value='984'/>
		<totalScore value='13358'/>
	</player>

	<enemy>
		<race value='Protoss'/>
		<unitScore value='4525'/>
		<unitScore value='4525'/>
		<killScore value='8350'/>
		<buildingScore value='2925'/>
		<razingScore value='3975'/>
		<mineralScore value='8138'/>
		<gasScore value='1824'/>
		<totalScore value='29737'/>
	</enemy>

	<scoreRatio value='0.449205'/>
</results>
