<results>
	<result value='loss'/>
	<start value='2015-03-31.12:03:31'/>
	<end value='2015-03-31.12:03:38'/>
	<frames value='13673'/>
	<gameDuration value='854'/>

	<player>
		<unitScore value='3150'/>
		<killScore value='1000'/>
		<buildingScore value='1100'/>
		<razingScore value='0'/>
		<mineralScore value='3986'/>
		<gasScore value='624'/>
		<totalScore value='9860'/>
	</player>

	<enemy>
		<race value='Protoss'/>
		<unitScore value='3550'/>
		<unitScore value='3550'/>
		<killScore value='4950'/>
		<buildingScore value='2375'/>
		<razingScore value='3300'/>
		<mineralScore value='7082'/>
		<gasScore value='1176'/>
		<totalScore value='22433'/>
	</enemy>

	<scoreRatio value='0.439531'/>
</results>
