<results>
	<result value='loss'/>
	<start value='2015-07-17.06:53:32'/>
	<end value='2015-07-17.06:53:54'/>
	<frames value='22198'/>
	<gameDuration value='1387'/>

	<player>
		<unitScore value='7875'/>
		<killScore value='3000'/>
		<buildingScore value='2400'/>
		<razingScore value='0'/>
		<mineralScore value='10042'/>
		<gasScore value='1320'/>
		<totalScore value='24637'/>
	</player>

	<enemy>
		<race value='Terran'/>
		<unitScore value='9425'/>
		<killScore value='14850'/>
		<buildingScore value='3300'/>
		<razingScore value='7200'/>
		<mineralScore value='10642'/>
		<gasScore value='4472'/>
		<totalScore value='49889'/>
	</enemy>

	<scoreRatio value='0.493836'/>
	<timeFitness value='0.192639'/>
	<unitsAverage value='34'/>
</results>
