<results>
	<result value='loss'/>
	<start value='2015-07-17.07:19:12'/>
	<end value='2015-07-17.07:19:29'/>
	<frames value='23779'/>
	<gameDuration value='1486'/>

	<player>
		<unitScore value='9375'/>
		<killScore value='4800'/>
		<buildingScore value='2250'/>
		<razingScore value='0'/>
		<mineralScore value='9378'/>
		<gasScore value='1840'/>
		<totalScore value='27643'/>
	</player>

	<enemy>
		<race value='Terran'/>
		<unitScore value='9550'/>
		<killScore value='18600'/>
		<buildingScore value='3575'/>
		<razingScore value='6750'/>
		<mineralScore value='11682'/>
		<gasScore value='4960'/>
		<totalScore value='55117'/>
	</enemy>

	<scoreRatio value='0.501533'/>
	<timeFitness value='0.206389'/>
	<unitsAverage value='33'/>
</results>
