<results>
	<result value='win'/>
	<start value='2015-04-28.04:11:33'/>
	<end value='2015-04-28.04:12:21'/>
	<frames value='41604'/>
	<gameDuration value='2600'/>

	<player>
		<unitScore value='20000'/>
		<killScore value='25800'/>
		<buildingScore value='5350'/>
		<razingScore value='9975'/>
		<mineralScore value='42182'/>
		<gasScore value='3848'/>
		<totalScore value='107155'/>
	</player>

	<enemy>
		<race value='Terran'/>
		<unitScore value='12900'/>
		<unitScore value='12900'/>
		<killScore value='17450'/>
		<buildingScore value='3325'/>
		<razingScore value='3525'/>
		<mineralScore value='12050'/>
		<gasScore value='5516'/>
		<totalScore value='54766'/>
	</enemy>

	<scoreRatio value='1.9566'/>
</results>
