<results>
	<result value='win'/>
	<start value='2015-04-28.04:21:28'/>
	<end value='2015-04-28.04:21:49'/>
	<frames value='28801'/>
	<gameDuration value='1800'/>

	<player>
		<unitScore value='10525'/>
		<killScore value='17200'/>
		<buildingScore value='3625'/>
		<razingScore value='9375'/>
		<mineralScore value='15538'/>
		<gasScore value='2936'/>
		<totalScore value='59199'/>
	</player>

	<enemy>
		<race value='Terran'/>
		<unitScore value='8600'/>
		<unitScore value='8600'/>
		<killScore value='11600'/>
		<buildingScore value='3125'/>
		<razingScore value='5250'/>
		<mineralScore value='10002'/>
		<gasScore value='3600'/>
		<totalScore value='42177'/>
	</enemy>

	<scoreRatio value='1.40358'/>
</results>
