<results>
	<result value='win'/>
	<start value='2015-04-28.04:32:54'/>
	<end value='2015-04-28.04:33:15'/>
	<frames value='25019'/>
	<gameDuration value='1563'/>

	<player>
		<unitScore value='11325'/>
		<killScore value='20850'/>
		<buildingScore value='3800'/>
		<razingScore value='8850'/>
		<mineralScore value='19490'/>
		<gasScore value='2376'/>
		<totalScore value='66691'/>
	</player>

	<enemy>
		<race value='Terran'/>
		<unitScore value='10425'/>
		<unitScore value='10425'/>
		<killScore value='7250'/>
		<buildingScore value='2950'/>
		<razingScore value='1725'/>
		<mineralScore value='10714'/>
		<gasScore value='4536'/>
		<totalScore value='37600'/>
	</enemy>

	<scoreRatio value='1.7737'/>
</results>
