<results>
	<result value='draw'/>
	<start value='2015-05-04.18:33:07'/>
	<end value='2015-05-04.18:35:00'/>
	<frames value='57601'/>
	<gameDuration value='3600'/>

	<player>
		<unitScore value='32225'/>
		<killScore value='27750'/>
		<buildingScore value='5050'/>
		<razingScore value='0'/>
		<mineralScore value='32334'/>
		<gasScore value='6346'/>
		<totalScore value='103705'/>
	</player>

	<enemy>
		<race value='Terran'/>
		<unitScore value='27600'/>
		<unitScore value='27600'/>
		<killScore value='40750'/>
		<buildingScore value='4800'/>
		<razingScore value='6000'/>
		<mineralScore value='19550'/>
		<gasScore value='12236'/>
		<totalScore value='110936'/>
	</enemy>

	<scoreRatio value='0.934818'/>
	<timeFitness value='0.5'/>
	<unitsAverage value='124'/>
</results>
