<results>
	<result value='win'/>
	<start value='2015-05-04.18:42:14'/>
	<end value='2015-05-04.18:42:45'/>
	<frames value='26662'/>
	<gameDuration value='1666'/>

	<player>
		<unitScore value='14875'/>
		<killScore value='22900'/>
		<buildingScore value='3525'/>
		<razingScore value='6750'/>
		<mineralScore value='25546'/>
		<gasScore value='2136'/>
		<totalScore value='75732'/>
	</player>

	<enemy>
		<race value='Terran'/>
		<unitScore value='12150'/>
		<unitScore value='12150'/>
		<killScore value='10700'/>
		<buildingScore value='2250'/>
		<razingScore value='150'/>
		<mineralScore value='10826'/>
		<gasScore value='3744'/>
		<totalScore value='39820'/>
	</enemy>

	<scoreRatio value='1.90186'/>
	<timeFitness value='0.768611'/>
	<unitsAverage value='89'/>
</results>
