<results>
	<result value='loss'/>
	<start value='2015-05-04.18:54:05'/>
	<end value='2015-05-04.18:54:18'/>
	<frames value='19532'/>
	<gameDuration value='1220'/>

	<player>
		<unitScore value='5125'/>
		<killScore value='1900'/>
		<buildingScore value='1725'/>
		<razingScore value='0'/>
		<mineralScore value='7058'/>
		<gasScore value='616'/>
		<totalScore value='16424'/>
	</player>

	<enemy>
		<race value='Terran'/>
		<unitScore value='7550'/>
		<unitScore value='7550'/>
		<killScore value='10250'/>
		<buildingScore value='2850'/>
		<razingScore value='5175'/>
		<mineralScore value='9162'/>
		<gasScore value='3272'/>
		<totalScore value='38259'/>
	</enemy>

	<scoreRatio value='0.429285'/>
	<timeFitness value='0.169444'/>
	<unitsAverage value='26'/>
</results>
