<results>
	<result value='win'/>
	<start value='2015-05-04.18:54:22'/>
	<end value='2015-05-04.18:54:33'/>
	<frames value='17114'/>
	<gameDuration value='1069'/>

	<player>
		<unitScore value='4575'/>
		<killScore value='8700'/>
		<buildingScore value='2100'/>
		<razingScore value='3975'/>
		<mineralScore value='7802'/>
		<gasScore value='1272'/>
		<totalScore value='28424'/>
	</player>

	<enemy>
		<race value='Terran'/>
		<unitScore value='4350'/>
		<unitScore value='4350'/>
		<killScore value='3150'/>
		<buildingScore value='1400'/>
		<razingScore value='2025'/>
		<mineralScore value='5242'/>
		<gasScore value='1544'/>
		<totalScore value='17711'/>
	</enemy>

	<scoreRatio value='1.60488'/>
	<timeFitness value='0.851528'/>
	<unitsAverage value='35'/>
</results>
