<results>
	<result value='win'/>
	<start value='2015-03-31.14:37:54'/>
	<end value='2015-03-31.14:38:53'/>
	<frames value='40891'/>
	<gameDuration value='2555'/>

	<player>
		<unitScore value='25850'/>
		<killScore value='29200'/>
		<buildingScore value='3825'/>
		<razingScore value='17550'/>
		<mineralScore value='35618'/>
		<gasScore value='5336'/>
		<totalScore value='117379'/>
	</player>

	<enemy>
		<race value='Protoss'/>
		<unitScore value='15250'/>
		<unitScore value='15250'/>
		<killScore value='26100'/>
		<buildingScore value='5850'/>
		<razingScore value='150'/>
		<mineralScore value='22706'/>
		<gasScore value='7976'/>
		<totalScore value='78032'/>
	</enemy>

	<scoreRatio value='1.50424'/>
</results>
