<results>
	<result value='win'/>
	<start value='2015-03-31.14:50:42'/>
	<end value='2015-03-31.14:51:44'/>
	<frames value='41263'/>
	<gameDuration value='2578'/>

	<player>
		<unitScore value='32275'/>
		<killScore value='39350'/>
		<buildingScore value='4275'/>
		<razingScore value='14775'/>
		<mineralScore value='42390'/>
		<gasScore value='4166'/>
		<totalScore value='137231'/>
	</player>

	<enemy>
		<race value='Protoss'/>
		<unitScore value='22800'/>
		<unitScore value='22800'/>
		<killScore value='39850'/>
		<buildingScore value='4925'/>
		<razingScore value='0'/>
		<mineralScore value='19010'/>
		<gasScore value='8880'/>
		<totalScore value='95465'/>
	</enemy>

	<scoreRatio value='1.4375'/>
</results>
