<results>
	<result value='win'/>
	<start value='2015-03-31.14:58:55'/>
	<end value='2015-03-31.14:59:40'/>
	<frames value='32831'/>
	<gameDuration value='2051'/>

	<player>
		<unitScore value='16600'/>
		<killScore value='19200'/>
		<buildingScore value='3725'/>
		<razingScore value='14025'/>
		<mineralScore value='35390'/>
		<gasScore value='2584'/>
		<totalScore value='91524'/>
	</player>

	<enemy>
		<race value='Protoss'/>
		<unitScore value='10650'/>
		<unitScore value='10650'/>
		<killScore value='9750'/>
		<buildingScore value='4675'/>
		<razingScore value='150'/>
		<mineralScore value='10762'/>
		<gasScore value='3080'/>
		<totalScore value='39067'/>
	</enemy>

	<scoreRatio value='2.34274'/>
</results>
