<results>
	<result value='loss'/>
	<start value='2015-05-03.01:50:52'/>
	<end value='2015-05-03.01:51:16'/>
	<frames value='44456'/>
	<gameDuration value='2778'/>

	<player>
		<unitScore value='6850'/>
		<killScore value='4350'/>
		<buildingScore value='1625'/>
		<razingScore value='0'/>
		<mineralScore value='9138'/>
		<gasScore value='728'/>
		<totalScore value='22691'/>
	</player>

	<enemy>
		<race value='Terran'/>
		<unitScore value='20425'/>
		<unitScore value='20425'/>
		<killScore value='13700'/>
		<buildingScore value='5375'/>
		<razingScore value='4875'/>
		<mineralScore value='27322'/>
		<gasScore value='11010'/>
		<totalScore value='82707'/>
	</enemy>

	<scoreRatio value='0.274354'/>
	<timeFitness value='0.385833'/>
	<unitsAverage value='23'/>
</results>
