<results>
	<result value='win'/>
	<start value='2015-05-03.01:51:35'/>
	<end value='2015-05-03.01:51:59'/>
	<frames value='26383'/>
	<gameDuration value='1648'/>

	<player>
		<unitScore value='15000'/>
		<killScore value='18250'/>
		<buildingScore value='3950'/>
		<razingScore value='7050'/>
		<mineralScore value='21386'/>
		<gasScore value='2512'/>
		<totalScore value='68148'/>
	</player>

	<enemy>
		<race value='Terran'/>
		<unitScore value='10125'/>
		<unitScore value='10125'/>
		<killScore value='12050'/>
		<buildingScore value='2350'/>
		<razingScore value='525'/>
		<mineralScore value='11630'/>
		<gasScore value='4000'/>
		<totalScore value='40680'/>
	</enemy>

	<scoreRatio value='1.67522'/>
	<timeFitness value='0.771111'/>
	<unitsAverage value='81'/>
</results>
