<results>
	<result value='loss'/>
	<start value='2014-07-11.21:33:34'/>
	<end value='2014-07-11.21:34:01'/>
	<frames value='42472'/>
	<gameDuration value='2654'/>

	<player>
		<unitScore value='13500'/>
		<killScore value='8100'/>
		<buildingScore value='2075'/>
		<razingScore value='0'/>
		<mineralScore value='17914'/>
		<gasScore value='768'/>
		<totalScore value='42357'/>
	</player>

	<enemy>
		<race value='Terran'/>
		<unitScore value='27175'/>
		<unitScore value='27175'/>
		<killScore value='27000'/>
		<buildingScore value='5625'/>
		<razingScore value='6225'/>
		<mineralScore value='22426'/>
		<gasScore value='13714'/>
		<totalScore value='102165'/>
	</enemy>

	<scoreRatio value='0.414594'/>
</results>
