<results>
	<result value='win'/>
	<start value='2014-07-11.21:37:18'/>
	<end value='2014-07-11.21:37:42'/>
	<frames value='31126'/>
	<gameDuration value='1945'/>

	<player>
		<unitScore value='14350'/>
		<killScore value='24650'/>
		<buildingScore value='3950'/>
		<razingScore value='8850'/>
		<mineralScore value='19498'/>
		<gasScore value='3120'/>
		<totalScore value='74418'/>
	</player>

	<enemy>
		<race value='Terran'/>
		<unitScore value='12625'/>
		<unitScore value='12625'/>
		<killScore value='10650'/>
		<buildingScore value='2950'/>
		<razingScore value='1950'/>
		<mineralScore value='12222'/>
		<gasScore value='5544'/>
		<totalScore value='45941'/>
	</enemy>

	<scoreRatio value='1.61986'/>
</results>
