<results>
	<result value='win'/>
	<start value='2015-04-14.00:49:17'/>
	<end value='2015-04-14.00:50:13'/>
	<frames value='29793'/>
	<gameDuration value='1862'/>

	<player>
		<unitScore value='17075'/>
		<killScore value='14550'/>
		<buildingScore value='2575'/>
		<razingScore value='15300'/>
		<mineralScore value='23386'/>
		<gasScore value='3320'/>
		<totalScore value='76206'/>
	</player>

	<enemy>
		<race value='Protoss'/>
		<unitScore value='7275'/>
		<unitScore value='7275'/>
		<killScore value='14150'/>
		<buildingScore value='5100'/>
		<razingScore value='150'/>
		<mineralScore value='15794'/>
		<gasScore value='2776'/>
		<totalScore value='45245'/>
	</enemy>

	<scoreRatio value='1.6843'/>
</results>
