<results>
	<result value='win'/>
	<start value='2015-04-14.00:56:49'/>
	<end value='2015-04-14.00:58:10'/>
	<frames value='40333'/>
	<gameDuration value='2520'/>

	<player>
		<unitScore value='27000'/>
		<killScore value='28450'/>
		<buildingScore value='4450'/>
		<razingScore value='21675'/>
		<mineralScore value='34470'/>
		<gasScore value='4064'/>
		<totalScore value='120109'/>
	</player>

	<enemy>
		<race value='Protoss'/>
		<unitScore value='16050'/>
		<unitScore value='16050'/>
		<killScore value='35050'/>
		<buildingScore value='7225'/>
		<razingScore value='3225'/>
		<mineralScore value='19054'/>
		<gasScore value='6208'/>
		<totalScore value='86812'/>
	</enemy>

	<scoreRatio value='1.38355'/>
</results>
