<results>
	<result value='win'/>
	<start value='2015-04-14.01:11:31'/>
	<end value='2015-04-14.01:13:00'/>
	<frames value='36024'/>
	<gameDuration value='2251'/>

	<player>
		<unitScore value='24150'/>
		<killScore value='24000'/>
		<buildingScore value='4875'/>
		<razingScore value='13275'/>
		<mineralScore value='31886'/>
		<gasScore value='4344'/>
		<totalScore value='102530'/>
	</player>

	<enemy>
		<race value='Protoss'/>
		<unitScore value='13800'/>
		<unitScore value='13800'/>
		<killScore value='24300'/>
		<buildingScore value='4425'/>
		<razingScore value='675'/>
		<mineralScore value='12954'/>
		<gasScore value='3488'/>
		<totalScore value='59642'/>
	</enemy>

	<scoreRatio value='1.71909'/>
</results>
