<results>
	<result value='win'/>
	<start value='2015-05-10.18:14:10'/>
	<end value='2015-05-10.18:14:36'/>
	<frames value='25267'/>
	<gameDuration value='1579'/>

	<player>
		<unitScore value='15450'/>
		<killScore value='24940'/>
		<buildingScore value='3950'/>
		<razingScore value='5940'/>
		<mineralScore value='25622'/>
		<gasScore value='2008'/>
		<totalScore value='77910'/>
	</player>

	<enemy>
		<race value='Zerg'/>
		<unitScore value='10900'/>
		<unitScore value='10900'/>
		<killScore value='11200'/>
		<buildingScore value='1980'/>
		<razingScore value='0'/>
		<mineralScore value='11090'/>
		<gasScore value='3600'/>
		<totalScore value='38770'/>
	</enemy>

	<scoreRatio value='2.00954'/>
	<timeFitness value='0.780694'/>
	<unitsAverage value='93'/>
</results>
