<results>
	<result value='win'/>
	<start value='2015-05-10.18:17:53'/>
	<end value='2015-05-10.18:18:20'/>
	<frames value='25732'/>
	<gameDuration value='1608'/>

	<player>
		<unitScore value='16350'/>
		<killScore value='23985'/>
		<buildingScore value='3975'/>
		<razingScore value='4560'/>
		<mineralScore value='29818'/>
		<gasScore value='2232'/>
		<totalScore value='80920'/>
	</player>

	<enemy>
		<race value='Zerg'/>
		<unitScore value='11050'/>
		<unitScore value='11050'/>
		<killScore value='13600'/>
		<buildingScore value='1520'/>
		<razingScore value='0'/>
		<mineralScore value='9666'/>
		<gasScore value='2912'/>
		<totalScore value='38748'/>
	</enemy>

	<scoreRatio value='2.08837'/>
	<timeFitness value='0.776667'/>
	<unitsAverage value='98'/>
</results>
