<results>
	<result value='win'/>
	<start value='2015-05-06.11:28:51'/>
	<end value='2015-05-06.11:29:30'/>
	<frames value='36303'/>
	<gameDuration value='2268'/>

	<player>
		<unitScore value='21850'/>
		<killScore value='40150'/>
		<buildingScore value='4925'/>
		<razingScore value='13200'/>
		<mineralScore value='29458'/>
		<gasScore value='4024'/>
		<totalScore value='113607'/>
	</player>

	<enemy>
		<race value='Terran'/>
		<unitScore value='21675'/>
		<unitScore value='21675'/>
		<killScore value='19050'/>
		<buildingScore value='4400'/>
		<razingScore value='3750'/>
		<mineralScore value='16638'/>
		<gasScore value='8326'/>
		<totalScore value='73839'/>
	</enemy>

	<scoreRatio value='1.53858'/>
	<timeFitness value='0.685'/>
	<unitsAverage value='97'/>
</results>
