<results>
	<result value='win'/>
	<start value='2015-05-06.11:58:55'/>
	<end value='2015-05-06.11:59:57'/>
	<frames value='40674'/>
	<gameDuration value='2542'/>

	<player>
		<unitScore value='26050'/>
		<killScore value='37500'/>
		<buildingScore value='4500'/>
		<razingScore value='10725'/>
		<mineralScore value='41746'/>
		<gasScore value='3608'/>
		<totalScore value='124129'/>
	</player>

	<enemy>
		<race value='Terran'/>
		<unitScore value='20650'/>
		<unitScore value='20650'/>
		<killScore value='27900'/>
		<buildingScore value='3575'/>
		<razingScore value='675'/>
		<mineralScore value='15410'/>
		<gasScore value='7698'/>
		<totalScore value='75908'/>
	</enemy>

	<scoreRatio value='1.63526'/>
	<timeFitness value='0.646944'/>
	<unitsAverage value='137'/>
</results>
