<results>
	<result value='win'/>
	<start value='2014-07-24.04:41:17'/>
	<end value='2014-07-24.04:41:35'/>
	<frames value='25546'/>
	<gameDuration value='1596'/>

	<player>
		<unitScore value='12850'/>
		<killScore value='20200'/>
		<buildingScore value='3550'/>
		<razingScore value='8175'/>
		<mineralScore value='19434'/>
		<gasScore value='2512'/>
		<totalScore value='66721'/>
	</player>

	<enemy>
		<race value='Terran'/>
		<unitScore value='10100'/>
		<unitScore value='10100'/>
		<killScore value='7000'/>
		<buildingScore value='2725'/>
		<razingScore value='0'/>
		<mineralScore value='11194'/>
		<gasScore value='3152'/>
		<totalScore value='34171'/>
	</enemy>

	<scoreRatio value='1.95256'/>
</results>
