<results>
	<result value='loss'/>
	<start value='2015-04-08.10:39:06'/>
	<end value='2015-04-08.10:39:15'/>
	<frames value='17672'/>
	<gameDuration value='1104'/>

	<player>
		<unitScore value='3225'/>
		<killScore value='1200'/>
		<buildingScore value='1275'/>
		<razingScore value='0'/>
		<mineralScore value='4826'/>
		<gasScore value='880'/>
		<totalScore value='11406'/>
	</player>

	<enemy>
		<race value='Protoss'/>
		<unitScore value='3750'/>
		<unitScore value='3750'/>
		<killScore value='6450'/>
		<buildingScore value='3875'/>
		<razingScore value='3825'/>
		<mineralScore value='9458'/>
		<gasScore value='1424'/>
		<totalScore value='28782'/>
	</enemy>

	<scoreRatio value='0.396289'/>
</results>
