<results>
	<result value='loss'/>
	<start value='2015-04-08.10:39:41'/>
	<end value='2015-04-08.10:39:50'/>
	<frames value='18881'/>
	<gameDuration value='1180'/>

	<player>
		<unitScore value='3625'/>
		<killScore value='1700'/>
		<buildingScore value='1875'/>
		<razingScore value='0'/>
		<mineralScore value='5882'/>
		<gasScore value='776'/>
		<totalScore value='13858'/>
	</player>

	<enemy>
		<race value='Protoss'/>
		<unitScore value='5000'/>
		<unitScore value='5000'/>
		<killScore value='7250'/>
		<buildingScore value='4425'/>
		<razingScore value='5625'/>
		<mineralScore value='10554'/>
		<gasScore value='2176'/>
		<totalScore value='35030'/>
	</enemy>

	<scoreRatio value='0.395604'/>
</results>
