<results>
	<result value='win'/>
	<start value='2015-03-29.06:41:32'/>
	<end value='2015-03-29.06:42:51'/>
	<frames value='47060'/>
	<gameDuration value='2941'/>

	<player>
		<unitScore value='26150'/>
		<killScore value='37000'/>
		<buildingScore value='4250'/>
		<razingScore value='32700'/>
		<mineralScore value='29682'/>
		<gasScore value='5570'/>
		<totalScore value='135352'/>
	</player>

	<enemy>
		<race value='Protoss'/>
		<unitScore value='18950'/>
		<unitScore value='18950'/>
		<killScore value='28750'/>
		<buildingScore value='10900'/>
		<razingScore value='1875'/>
		<mineralScore value='25570'/>
		<gasScore value='6856'/>
		<totalScore value='92901'/>
	</enemy>

	<scoreRatio value='1.45695'/>
</results>
