<results>
	<result value='draw'/>
	<start value='2015-04-27.13:10:47'/>
	<end value='2015-04-27.13:11:18'/>
	<frames value='57601'/>
	<gameDuration value='3600'/>

	<player>
		<unitScore value='6850'/>
		<killScore value='9600'/>
		<buildingScore value='1925'/>
		<razingScore value='150'/>
		<mineralScore value='10382'/>
		<gasScore value='1416'/>
		<totalScore value='30323'/>
	</player>

	<enemy>
		<race value='Terran'/>
		<unitScore value='14850'/>
		<unitScore value='14850'/>
		<killScore value='13700'/>
		<buildingScore value='3875'/>
		<razingScore value='5400'/>
		<mineralScore value='19510'/>
		<gasScore value='12094'/>
		<totalScore value='69429'/>
	</enemy>

	<scoreRatio value='0.436748'/>
</results>
