<results>
	<result value='win'/>
	<start value='2015-04-27.13:12:56'/>
	<end value='2015-04-27.13:13:26'/>
	<frames value='34536'/>
	<gameDuration value='2158'/>

	<player>
		<unitScore value='14550'/>
		<killScore value='25050'/>
		<buildingScore value='4050'/>
		<razingScore value='7725'/>
		<mineralScore value='18930'/>
		<gasScore value='4664'/>
		<totalScore value='74969'/>
	</player>

	<enemy>
		<race value='Terran'/>
		<unitScore value='12525'/>
		<unitScore value='12525'/>
		<killScore value='16350'/>
		<buildingScore value='2575'/>
		<razingScore value='6075'/>
		<mineralScore value='12050'/>
		<gasScore value='5162'/>
		<totalScore value='54737'/>
	</enemy>

	<scoreRatio value='1.36962'/>
</results>
