<results>
	<result value='win'/>
	<start value='2015-04-27.13:15:36'/>
	<end value='2015-04-27.13:16:07'/>
	<frames value='28367'/>
	<gameDuration value='1772'/>

	<player>
		<unitScore value='15400'/>
		<killScore value='24500'/>
		<buildingScore value='4550'/>
		<razingScore value='7050'/>
		<mineralScore value='25442'/>
		<gasScore value='3000'/>
		<totalScore value='79942'/>
	</player>

	<enemy>
		<race value='Terran'/>
		<unitScore value='12250'/>
		<unitScore value='12250'/>
		<killScore value='9350'/>
		<buildingScore value='2350'/>
		<razingScore value='1425'/>
		<mineralScore value='11966'/>
		<gasScore value='4240'/>
		<totalScore value='41581'/>
	</enemy>

	<scoreRatio value='1.92256'/>
</results>
