<results>
	<result value='win'/>
	<start value='2015-05-08.22:08:03'/>
	<end value='2015-05-08.22:08:29'/>
	<frames value='28553'/>
	<gameDuration value='1784'/>

	<player>
		<unitScore value='14725'/>
		<killScore value='27500'/>
		<buildingScore value='3975'/>
		<razingScore value='8775'/>
		<mineralScore value='21454'/>
		<gasScore value='2240'/>
		<totalScore value='78669'/>
	</player>

	<enemy>
		<race value='Terran'/>
		<unitScore value='13750'/>
		<unitScore value='13750'/>
		<killScore value='10700'/>
		<buildingScore value='2925'/>
		<razingScore value='150'/>
		<mineralScore value='12862'/>
		<gasScore value='5760'/>
		<totalScore value='46147'/>
	</enemy>

	<scoreRatio value='1.70475'/>
	<timeFitness value='0.752222'/>
	<unitsAverage value='81'/>
</results>
