<results>
	<result value='win'/>
	<start value='2015-05-04.20:44:32'/>
	<end value='2015-05-04.20:44:58'/>
	<frames value='34939'/>
	<gameDuration value='2183'/>

	<player>
		<unitScore value='13275'/>
		<killScore value='26850'/>
		<buildingScore value='3125'/>
		<razingScore value='12750'/>
		<mineralScore value='16798'/>
		<gasScore value='2652'/>
		<totalScore value='75450'/>
	</player>

	<enemy>
		<race value='Terran'/>
		<unitScore value='14325'/>
		<unitScore value='14325'/>
		<killScore value='15250'/>
		<buildingScore value='4250'/>
		<razingScore value='3225'/>
		<mineralScore value='14574'/>
		<gasScore value='7120'/>
		<totalScore value='58744'/>
	</enemy>

	<scoreRatio value='1.28439'/>
	<timeFitness value='0.696806'/>
	<unitsAverage value='63'/>
</results>
