<results>
	<result value='win'/>
	<start value='2015-05-08.22:11:31'/>
	<end value='2015-05-08.22:11:54'/>
	<frames value='25019'/>
	<gameDuration value='1563'/>

	<player>
		<unitScore value='11075'/>
		<killScore value='18900'/>
		<buildingScore value='3425'/>
		<razingScore value='8850'/>
		<mineralScore value='16890'/>
		<gasScore value='2600'/>
		<totalScore value='61740'/>
	</player>

	<enemy>
		<race value='Terran'/>
		<unitScore value='9550'/>
		<unitScore value='9550'/>
		<killScore value='8100'/>
		<buildingScore value='2950'/>
		<razingScore value='2250'/>
		<mineralScore value='11578'/>
		<gasScore value='4592'/>
		<totalScore value='39020'/>
	</enemy>

	<scoreRatio value='1.58227'/>
	<timeFitness value='0.782917'/>
	<unitsAverage value='71'/>
</results>
