<results>
	<result value='win'/>
	<start value='2015-05-08.22:14:30'/>
	<end value='2015-05-08.22:15:02'/>
	<frames value='28987'/>
	<gameDuration value='1811'/>

	<player>
		<unitScore value='14900'/>
		<killScore value='29450'/>
		<buildingScore value='4225'/>
		<razingScore value='10125'/>
		<mineralScore value='24978'/>
		<gasScore value='3048'/>
		<totalScore value='86726'/>
	</player>

	<enemy>
		<race value='Terran'/>
		<unitScore value='15125'/>
		<unitScore value='15125'/>
		<killScore value='9900'/>
		<buildingScore value='3375'/>
		<razingScore value='675'/>
		<mineralScore value='12362'/>
		<gasScore value='5424'/>
		<totalScore value='46861'/>
	</enemy>

	<scoreRatio value='1.85071'/>
	<timeFitness value='0.748472'/>
	<unitsAverage value='90'/>
</results>
