<results>
	<result value='win'/>
	<start value='2015-05-04.20:49:51'/>
	<end value='2015-05-04.20:50:15'/>
	<frames value='24523'/>
	<gameDuration value='1532'/>

	<player>
		<unitScore value='10950'/>
		<killScore value='20700'/>
		<buildingScore value='3950'/>
		<razingScore value='7725'/>
		<mineralScore value='18434'/>
		<gasScore value='1816'/>
		<totalScore value='63575'/>
	</player>

	<enemy>
		<race value='Terran'/>
		<unitScore value='10750'/>
		<unitScore value='10750'/>
		<killScore value='3450'/>
		<buildingScore value='2575'/>
		<razingScore value='1575'/>
		<mineralScore value='9650'/>
		<gasScore value='3464'/>
		<totalScore value='31464'/>
	</enemy>

	<scoreRatio value='2.02056'/>
	<timeFitness value='0.787222'/>
	<unitsAverage value='81'/>
</results>
