<results>
	<result value='draw'/>
	<start value='2015-05-03.18:37:48'/>
	<end value='2015-05-03.18:39:17'/>
	<frames value='57601'/>
	<gameDuration value='3600'/>

	<player>
		<unitScore value='38400'/>
		<killScore value='59080'/>
		<buildingScore value='3250'/>
		<razingScore value='1215'/>
		<mineralScore value='42998'/>
		<gasScore value='0'/>
		<totalScore value='144943'/>
	</player>

	<enemy>
		<race value='Zerg'/>
		<unitScore value='26850'/>
		<unitScore value='26850'/>
		<killScore value='62000'/>
		<buildingScore value='2110'/>
		<razingScore value='0'/>
		<mineralScore value='20038'/>
		<gasScore value='10200'/>
		<totalScore value='121198'/>
	</enemy>

	<scoreRatio value='1.19592'/>
	<timeFitness value='0.5'/>
	<unitsAverage value='120'/>
</results>
