<results>
	<result value='win'/>
	<start value='2015-05-03.18:39:20'/>
	<end value='2015-05-03.18:39:54'/>
	<frames value='31157'/>
	<gameDuration value='1947'/>

	<player>
		<unitScore value='21550'/>
		<killScore value='27075'/>
		<buildingScore value='2750'/>
		<razingScore value='4560'/>
		<mineralScore value='26890'/>
		<gasScore value='0'/>
		<totalScore value='82825'/>
	</player>

	<enemy>
		<race value='Zerg'/>
		<unitScore value='12100'/>
		<unitScore value='12100'/>
		<killScore value='28100'/>
		<buildingScore value='1520'/>
		<razingScore value='0'/>
		<mineralScore value='10126'/>
		<gasScore value='2992'/>
		<totalScore value='54838'/>
	</enemy>

	<scoreRatio value='1.51036'/>
	<timeFitness value='0.729583'/>
	<unitsAverage value='81'/>
</results>
