<results>
	<result value='loss'/>
	<start value='2015-04-15.01:52:19'/>
	<end value='2015-04-15.01:52:39'/>
	<frames value='37419'/>
	<gameDuration value='2338'/>

	<player>
		<unitScore value='10675'/>
		<killScore value='10300'/>
		<buildingScore value='1975'/>
		<razingScore value='300'/>
		<mineralScore value='12634'/>
		<gasScore value='3424'/>
		<totalScore value='39308'/>
	</player>

	<enemy>
		<race value='Protoss'/>
		<unitScore value='23600'/>
		<unitScore value='23600'/>
		<killScore value='21350'/>
		<buildingScore value='7225'/>
		<razingScore value='5925'/>
		<mineralScore value='25034'/>
		<gasScore value='10048'/>
		<totalScore value='93182'/>
	</enemy>

	<scoreRatio value='0.421841'/>
</results>
