<results>
	<result value='win'/>
	<start value='2015-04-15.01:59:08'/>
	<end value='2015-04-15.01:59:36'/>
	<frames value='35621'/>
	<gameDuration value='2226'/>

	<player>
		<unitScore value='19200'/>
		<killScore value='32250'/>
		<buildingScore value='2975'/>
		<razingScore value='18450'/>
		<mineralScore value='22914'/>
		<gasScore value='3000'/>
		<totalScore value='98789'/>
	</player>

	<enemy>
		<race value='Protoss'/>
		<unitScore value='17750'/>
		<unitScore value='17750'/>
		<killScore value='23450'/>
		<buildingScore value='6150'/>
		<razingScore value='1500'/>
		<mineralScore value='17890'/>
		<gasScore value='5800'/>
		<totalScore value='72540'/>
	</enemy>

	<scoreRatio value='1.36186'/>
</results>
