<results>
	<result value='loss'/>
	<start value='2015-04-15.02:04:28'/>
	<end value='2015-04-15.02:04:35'/>
	<frames value='16959'/>
	<gameDuration value='1059'/>

	<player>
		<unitScore value='4200'/>
		<killScore value='1000'/>
		<buildingScore value='1725'/>
		<razingScore value='0'/>
		<mineralScore value='6354'/>
		<gasScore value='1152'/>
		<totalScore value='14431'/>
	</player>

	<enemy>
		<race value='Protoss'/>
		<unitScore value='4575'/>
		<unitScore value='4575'/>
		<killScore value='8400'/>
		<buildingScore value='3175'/>
		<razingScore value='5025'/>
		<mineralScore value='8770'/>
		<gasScore value='2056'/>
		<totalScore value='32001'/>
	</enemy>

	<scoreRatio value='0.450955'/>
</results>
