<results>
	<result value='win'/>
	<start value='2015-04-30.11:40:00'/>
	<end value='2015-04-30.11:41:37'/>
	<frames value='42627'/>
	<gameDuration value='2664'/>

	<player>
		<unitScore value='31175'/>
		<killScore value='43200'/>
		<buildingScore value='4150'/>
		<razingScore value='6735'/>
		<mineralScore value='34594'/>
		<gasScore value='2568'/>
		<totalScore value='122422'/>
	</player>

	<enemy>
		<race value='Zerg'/>
		<unitScore value='18725'/>
		<unitScore value='18725'/>
		<killScore value='37800'/>
		<buildingScore value='2245'/>
		<razingScore value='1425'/>
		<mineralScore value='15930'/>
		<gasScore value='5624'/>
		<totalScore value='81749'/>
	</enemy>

	<scoreRatio value='1.49754'/>
	<timeFitness value='0.63'/>
	<unitsAverage value='121'/>
</results>
