<results>
	<result value='draw'/>
	<start value='2015-04-08.16:11:19'/>
	<end value='2015-04-08.16:12:14'/>
	<frames value='57601'/>
	<gameDuration value='3600'/>

	<player>
		<unitScore value='26875'/>
		<killScore value='53200'/>
		<buildingScore value='3275'/>
		<razingScore value='4650'/>
		<mineralScore value='28814'/>
		<gasScore value='4416'/>
		<totalScore value='121230'/>
	</player>

	<enemy>
		<race value='Protoss'/>
		<unitScore value='38575'/>
		<unitScore value='38575'/>
		<killScore value='53750'/>
		<buildingScore value='7675'/>
		<razingScore value='7200'/>
		<mineralScore value='34050'/>
		<gasScore value='13158'/>
		<totalScore value='154408'/>
	</enemy>

	<scoreRatio value='0.785128'/>
</results>
