<results>
	<result value='win'/>
	<start value='2015-05-05.21:17:44'/>
	<end value='2015-05-05.21:18:25'/>
	<frames value='29576'/>
	<gameDuration value='1848'/>

	<player>
		<unitScore value='20650'/>
		<killScore value='25090'/>
		<buildingScore value='4175'/>
		<razingScore value='6375'/>
		<mineralScore value='27226'/>
		<gasScore value='2184'/>
		<totalScore value='85700'/>
	</player>

	<enemy>
		<race value='Zerg'/>
		<unitScore value='12400'/>
		<unitScore value='12400'/>
		<killScore value='20050'/>
		<buildingScore value='2125'/>
		<razingScore value='0'/>
		<mineralScore value='11858'/>
		<gasScore value='3784'/>
		<totalScore value='50217'/>
	</enemy>

	<scoreRatio value='1.70659'/>
	<timeFitness value='0.743333'/>
	<unitsAverage value='100'/>
</results>
