<results>
	<result value='win'/>
	<start value='2015-05-05.21:29:00'/>
	<end value='2015-05-05.21:29:23'/>
	<frames value='22663'/>
	<gameDuration value='1416'/>

	<player>
		<unitScore value='12150'/>
		<killScore value='15860'/>
		<buildingScore value='3325'/>
		<razingScore value='5460'/>
		<mineralScore value='18746'/>
		<gasScore value='1192'/>
		<totalScore value='56733'/>
	</player>

	<enemy>
		<race value='Zerg'/>
		<unitScore value='8350'/>
		<unitScore value='8350'/>
		<killScore value='7100'/>
		<buildingScore value='1820'/>
		<razingScore value='0'/>
		<mineralScore value='8274'/>
		<gasScore value='2560'/>
		<totalScore value='28104'/>
	</enemy>

	<scoreRatio value='2.01868'/>
	<timeFitness value='0.803333'/>
	<unitsAverage value='77'/>
</results>
