<results>
	<result value='win'/>
	<start value='2015-05-05.22:02:26'/>
	<end value='2015-05-05.22:03:00'/>
	<frames value='25515'/>
	<gameDuration value='1594'/>

	<player>
		<unitScore value='17125'/>
		<killScore value='24600'/>
		<buildingScore value='4075'/>
		<razingScore value='4800'/>
		<mineralScore value='26954'/>
		<gasScore value='2280'/>
		<totalScore value='79834'/>
	</player>

	<enemy>
		<race value='Zerg'/>
		<unitScore value='11400'/>
		<unitScore value='11400'/>
		<killScore value='12500'/>
		<buildingScore value='1600'/>
		<razingScore value='0'/>
		<mineralScore value='10362'/>
		<gasScore value='3056'/>
		<totalScore value='38918'/>
	</enemy>

	<scoreRatio value='2.05134'/>
	<timeFitness value='0.778611'/>
	<unitsAverage value='99'/>
</results>
