<results>
	<result value='win'/>
	<start value='2015-05-01.19:27:31'/>
	<end value='2015-05-01.19:27:52'/>
	<frames value='23004'/>
	<gameDuration value='1437'/>

	<player>
		<unitScore value='11800'/>
		<killScore value='22085'/>
		<buildingScore value='2725'/>
		<razingScore value='4560'/>
		<mineralScore value='14346'/>
		<gasScore value='2016'/>
		<totalScore value='57532'/>
	</player>

	<enemy>
		<race value='Zerg'/>
		<unitScore value='10025'/>
		<unitScore value='10025'/>
		<killScore value='9200'/>
		<buildingScore value='1520'/>
		<razingScore value='0'/>
		<mineralScore value='8930'/>
		<gasScore value='2512'/>
		<totalScore value='32187'/>
	</enemy>

	<scoreRatio value='1.78743'/>
	<timeFitness value='0.800417'/>
	<unitsAverage value='62'/>
</results>
