<results>
	<result value='win'/>
	<start value='2015-05-01.19:29:18'/>
	<end value='2015-05-01.19:30:02'/>
	<frames value='35776'/>
	<gameDuration value='2236'/>

	<player>
		<unitScore value='23025'/>
		<killScore value='35420'/>
		<buildingScore value='3375'/>
		<razingScore value='9930'/>
		<mineralScore value='27930'/>
		<gasScore value='3640'/>
		<totalScore value='103320'/>
	</player>

	<enemy>
		<race value='Zerg'/>
		<unitScore value='16750'/>
		<unitScore value='16750'/>
		<killScore value='24500'/>
		<buildingScore value='3310'/>
		<razingScore value='375'/>
		<mineralScore value='17874'/>
		<gasScore value='5176'/>
		<totalScore value='67985'/>
	</enemy>

	<scoreRatio value='1.51975'/>
	<timeFitness value='0.689444'/>
	<unitsAverage value='91'/>
</results>
