<results>
	<result value='win'/>
	<start value='2015-05-01.19:37:49'/>
	<end value='2015-05-01.19:38:35'/>
	<frames value='30165'/>
	<gameDuration value='1885'/>

	<player>
		<unitScore value='24950'/>
		<killScore value='30930'/>
		<buildingScore value='3625'/>
		<razingScore value='7185'/>
		<mineralScore value='27434'/>
		<gasScore value='2120'/>
		<totalScore value='96244'/>
	</player>

	<enemy>
		<race value='Zerg'/>
		<unitScore value='14275'/>
		<unitScore value='14275'/>
		<killScore value='24300'/>
		<buildingScore value='2395'/>
		<razingScore value='0'/>
		<mineralScore value='14154'/>
		<gasScore value='4896'/>
		<totalScore value='60020'/>
	</enemy>

	<scoreRatio value='1.60353'/>
	<timeFitness value='0.738194'/>
	<unitsAverage value='113'/>
</results>
