<results>
	<result value='win'/>
	<start value='2015-04-29.19:40:26'/>
	<end value='2015-04-29.19:40:55'/>
	<frames value='26011'/>
	<gameDuration value='1625'/>

	<player>
		<unitScore value='13800'/>
		<killScore value='22750'/>
		<buildingScore value='3650'/>
		<razingScore value='8550'/>
		<mineralScore value='20530'/>
		<gasScore value='2336'/>
		<totalScore value='71616'/>
	</player>

	<enemy>
		<race value='Terran'/>
		<unitScore value='11375'/>
		<unitScore value='11375'/>
		<killScore value='6950'/>
		<buildingScore value='2850'/>
		<razingScore value='150'/>
		<mineralScore value='10018'/>
		<gasScore value='3744'/>
		<totalScore value='35087'/>
	</enemy>

	<scoreRatio value='2.0411'/>
	<timeFitness value='0.774306'/>
	<unitsAverage value='80'/>
</results>
