<results>
	<result value='loss'/>
	<start value='2015-04-29.19:42:16'/>
	<end value='2015-04-29.19:43:05'/>
	<frames value='48083'/>
	<gameDuration value='3005'/>

	<player>
		<unitScore value='20625'/>
		<killScore value='29050'/>
		<buildingScore value='3475'/>
		<razingScore value='150'/>
		<mineralScore value='23882'/>
		<gasScore value='4432'/>
		<totalScore value='81614'/>
	</player>

	<enemy>
		<race value='Terran'/>
		<unitScore value='36650'/>
		<unitScore value='36650'/>
		<killScore value='41250'/>
		<buildingScore value='4850'/>
		<razingScore value='10425'/>
		<mineralScore value='25314'/>
		<gasScore value='14938'/>
		<totalScore value='133427'/>
	</enemy>

	<scoreRatio value='0.611675'/>
	<timeFitness value='0.417361'/>
	<unitsAverage value='70'/>
</results>
