<results>
	<result value='loss'/>
	<start value='2015-04-29.19:43:09'/>
	<end value='2015-04-29.19:43:20'/>
	<frames value='17300'/>
	<gameDuration value='1081'/>

	<player>
		<unitScore value='4075'/>
		<killScore value='900'/>
		<buildingScore value='1600'/>
		<razingScore value='0'/>
		<mineralScore value='5946'/>
		<gasScore value='1152'/>
		<totalScore value='13673'/>
	</player>

	<enemy>
		<race value='Terran'/>
		<unitScore value='6300'/>
		<unitScore value='6300'/>
		<killScore value='8050'/>
		<buildingScore value='2700'/>
		<razingScore value='4800'/>
		<mineralScore value='8074'/>
		<gasScore value='2464'/>
		<totalScore value='32388'/>
	</enemy>

	<scoreRatio value='0.422163'/>
	<timeFitness value='0.150139'/>
	<unitsAverage value='26'/>
</results>
