<results>
	<result value='loss'/>
	<start value='2015-04-29.19:50:51'/>
	<end value='2015-04-29.19:51:19'/>
	<frames value='44642'/>
	<gameDuration value='2790'/>

	<player>
		<unitScore value='5125'/>
		<killScore value='9150'/>
		<buildingScore value='1725'/>
		<razingScore value='0'/>
		<mineralScore value='6834'/>
		<gasScore value='1120'/>
		<totalScore value='23954'/>
	</player>

	<enemy>
		<race value='Terran'/>
		<unitScore value='27350'/>
		<unitScore value='27350'/>
		<killScore value='10250'/>
		<buildingScore value='5625'/>
		<razingScore value='5175'/>
		<mineralScore value='23274'/>
		<gasScore value='14032'/>
		<totalScore value='85706'/>
	</enemy>

	<scoreRatio value='0.27949'/>
	<timeFitness value='0.3875'/>
	<unitsAverage value='18'/>
</results>
