<results>
	<result value='loss'/>
	<start value='2015-07-19.21:27:03'/>
	<end value='2015-07-19.21:27:07'/>
	<frames value='6915'/>
	<gameDuration value='432'/>

	<player>
		<unitScore value='1100'/>
		<killScore value='0'/>
		<buildingScore value='625'/>
		<razingScore value='0'/>
		<mineralScore value='1362'/>
		<gasScore value='72'/>
		<totalScore value='3159'/>
	</player>

	<enemy>
		<race value='Zerg'/>
		<unitScore value='1150'/>
		<killScore value='2100'/>
		<buildingScore value='375'/>
		<razingScore value='1875'/>
		<mineralScore value='1786'/>
		<gasScore value='0'/>
		<totalScore value='7286'/>
	</enemy>

	<scoreRatio value='0.433571'/>
	<timeFitness value='0.06'/>
	<unitsAverage value='10'/>
</results>
