<results>
	<result value='loss'/>
	<start value='2015-07-19.21:44:50'/>
	<end value='2015-07-19.21:46:03'/>
	<frames value='53446'/>
	<gameDuration value='3340'/>

	<player>
		<unitScore value='34925'/>
		<killScore value='17350'/>
		<buildingScore value='3125'/>
		<razingScore value='195'/>
		<mineralScore value='31398'/>
		<gasScore value='7368'/>
		<totalScore value='94361'/>
	</player>

	<enemy>
		<race value='Zerg'/>
		<unitScore value='31400'/>
		<killScore value='68750'/>
		<buildingScore value='4500'/>
		<razingScore value='9375'/>
		<mineralScore value='31206'/>
		<gasScore value='11300'/>
		<totalScore value='156531'/>
	</enemy>

	<scoreRatio value='0.602826'/>
	<timeFitness value='0.463889'/>
	<unitsAverage value='79'/>
</results>
