<results>
	<result value='loss'/>
	<start value='2014-07-06.05:06:42'/>
	<end value='2014-07-06.05:07:22'/>
	<frames value='47835'/>
	<gameDuration value='2989'/>

	<player>
		<unitScore value='24675'/>
		<killScore value='40900'/>
		<buildingScore value='2325'/>
		<razingScore value='300'/>
		<mineralScore value='23994'/>
		<gasScore value='4972'/>
		<totalScore value='97166'/>
	</player>

	<enemy>
		<race value='Protoss'/>
		<unitScore value='40300'/>
		<unitScore value='40300'/>
		<killScore value='49350'/>
		<buildingScore value='7575'/>
		<razingScore value='6975'/>
		<mineralScore value='34162'/>
		<gasScore value='12974'/>
		<totalScore value='151336'/>
	</enemy>

	<scoreRatio value='0.642055'/>
</results>
