<results>
	<result value='loss'/>
	<start value='2014-07-06.05:15:41'/>
	<end value='2014-07-06.05:16:03'/>
	<frames value='36923'/>
	<gameDuration value='2307'/>

	<player>
		<unitScore value='10975'/>
		<killScore value='11900'/>
		<buildingScore value='1850'/>
		<razingScore value='0'/>
		<mineralScore value='12230'/>
		<gasScore value='2680'/>
		<totalScore value='39635'/>
	</player>

	<enemy>
		<race value='Protoss'/>
		<unitScore value='25125'/>
		<unitScore value='25125'/>
		<killScore value='21700'/>
		<buildingScore value='7125'/>
		<razingScore value='5550'/>
		<mineralScore value='25178'/>
		<gasScore value='10230'/>
		<totalScore value='94908'/>
	</enemy>

	<scoreRatio value='0.417615'/>
</results>
