<results>
	<result value='win'/>
	<start value='2015-07-12.14:44:09'/>
	<end value='2015-07-12.14:45:27'/>
	<frames value='45014'/>
	<gameDuration value='2813'/>

	<player>
		<unitScore value='43325'/>
		<killScore value='26900'/>
		<buildingScore value='5000'/>
		<razingScore value='9225'/>
		<mineralScore value='41658'/>
		<gasScore value='6192'/>
		<totalScore value='132300'/>
	</player>

	<enemy>
		<race value='Terran'/>
		<unitScore value='13450'/>
		<killScore value='60600'/>
		<buildingScore value='3075'/>
		<razingScore value='1875'/>
		<mineralScore value='12050'/>
		<gasScore value='5564'/>
		<totalScore value='96614'/>
	</enemy>

	<scoreRatio value='1.36937'/>
	<timeFitness value='0.609306'/>
	<unitsAverage value='156'/>
</results>
