<results>
	<result value='loss'/>
	<start value='2015-07-12.14:56:35'/>
	<end value='2015-07-12.14:57:10'/>
	<frames value='50129'/>
	<gameDuration value='3133'/>

	<player>
		<unitScore value='23925'/>
		<killScore value='14900'/>
		<buildingScore value='3300'/>
		<razingScore value='0'/>
		<mineralScore value='21070'/>
		<gasScore value='5248'/>
		<totalScore value='68443'/>
	</player>

	<enemy>
		<race value='Terran'/>
		<unitScore value='25575'/>
		<killScore value='46150'/>
		<buildingScore value='5325'/>
		<razingScore value='9900'/>
		<mineralScore value='31150'/>
		<gasScore value='11472'/>
		<totalScore value='129572'/>
	</enemy>

	<scoreRatio value='0.528224'/>
	<timeFitness value='0.435139'/>
	<unitsAverage value='60'/>
</results>
