<results>
	<result value='loss'/>
	<start value='2014-07-23.20:56:35'/>
	<end value='2014-07-23.20:56:57'/>
	<frames value='37450'/>
	<gameDuration value='2340'/>

	<player>
		<unitScore value='17350'/>
		<killScore value='13400'/>
		<buildingScore value='2100'/>
		<razingScore value='450'/>
		<mineralScore value='20434'/>
		<gasScore value='0'/>
		<totalScore value='53734'/>
	</player>

	<enemy>
		<race value='Protoss'/>
		<unitScore value='23700'/>
		<unitScore value='23700'/>
		<killScore value='34700'/>
		<buildingScore value='7225'/>
		<razingScore value='6300'/>
		<mineralScore value='25338'/>
		<gasScore value='9240'/>
		<totalScore value='106503'/>
	</enemy>

	<scoreRatio value='0.50453'/>
</results>
