<results>
	<result value='win'/>
	<start value='2014-07-23.20:57:00'/>
	<end value='2014-07-23.20:57:26'/>
	<frames value='27158'/>
	<gameDuration value='1697'/>

	<player>
		<unitScore value='15750'/>
		<killScore value='17700'/>
		<buildingScore value='4450'/>
		<razingScore value='12675'/>
		<mineralScore value='22306'/>
		<gasScore value='2840'/>
		<totalScore value='75721'/>
	</player>

	<enemy>
		<race value='Protoss'/>
		<unitScore value='8850'/>
		<unitScore value='8850'/>
		<killScore value='9800'/>
		<buildingScore value='4225'/>
		<razingScore value='300'/>
		<mineralScore value='13266'/>
		<gasScore value='2896'/>
		<totalScore value='39337'/>
	</enemy>

	<scoreRatio value='1.92493'/>
</results>
