<results>
	<result value='win'/>
	<start value='2014-07-06.02:03:39'/>
	<end value='2014-07-06.02:04:04'/>
	<frames value='25670'/>
	<gameDuration value='1604'/>

	<player>
		<unitScore value='16525'/>
		<killScore value='11500'/>
		<buildingScore value='3275'/>
		<razingScore value='12525'/>
		<mineralScore value='23058'/>
		<gasScore value='2664'/>
		<totalScore value='69547'/>
	</player>

	<enemy>
		<race value='Protoss'/>
		<unitScore value='5750'/>
		<unitScore value='5750'/>
		<killScore value='10200'/>
		<buildingScore value='4175'/>
		<razingScore value='0'/>
		<mineralScore value='14562'/>
		<gasScore value='2136'/>
		<totalScore value='36823'/>
	</enemy>

	<scoreRatio value='1.88868'/>
</results>
