<results>
	<result value='win'/>
	<start value='2014-07-06.02:19:22'/>
	<end value='2014-07-06.02:19:53'/>
	<frames value='31281'/>
	<gameDuration value='1955'/>

	<player>
		<unitScore value='19025'/>
		<killScore value='23600'/>
		<buildingScore value='3300'/>
		<razingScore value='21675'/>
		<mineralScore value='23114'/>
		<gasScore value='2680'/>
		<totalScore value='93394'/>
	</player>

	<enemy>
		<race value='Protoss'/>
		<unitScore value='12000'/>
		<unitScore value='12000'/>
		<killScore value='15200'/>
		<buildingScore value='7225'/>
		<razingScore value='150'/>
		<mineralScore value='19354'/>
		<gasScore value='3816'/>
		<totalScore value='57745'/>
	</enemy>

	<scoreRatio value='1.61735'/>
</results>
