<results>
	<result value='win'/>
	<start value='2015-04-30.13:00:46'/>
	<end value='2015-04-30.13:01:07'/>
	<frames value='23097'/>
	<gameDuration value='1443'/>

	<player>
		<unitScore value='14100'/>
		<killScore value='19980'/>
		<buildingScore value='3625'/>
		<razingScore value='5520'/>
		<mineralScore value='21414'/>
		<gasScore value='2112'/>
		<totalScore value='66751'/>
	</player>

	<enemy>
		<race value='Zerg'/>
		<unitScore value='9450'/>
		<unitScore value='9450'/>
		<killScore value='10250'/>
		<buildingScore value='1840'/>
		<razingScore value='0'/>
		<mineralScore value='9794'/>
		<gasScore value='2648'/>
		<totalScore value='33982'/>
	</enemy>

	<scoreRatio value='1.9643'/>
	<timeFitness value='0.799583'/>
	<unitsAverage value='84'/>
</results>
