<results>
	<result value='win'/>
	<start value='2015-04-30.06:46:50'/>
	<end value='2015-04-30.06:47:22'/>
	<frames value='24585'/>
	<gameDuration value='1536'/>

	<player>
		<unitScore value='15075'/>
		<killScore value='23100'/>
		<buildingScore value='3375'/>
		<razingScore value='4920'/>
		<mineralScore value='22734'/>
		<gasScore value='2208'/>
		<totalScore value='71412'/>
	</player>

	<enemy>
		<race value='Zerg'/>
		<unitScore value='10475'/>
		<unitScore value='10475'/>
		<killScore value='13000'/>
		<buildingScore value='1640'/>
		<razingScore value='0'/>
		<mineralScore value='9938'/>
		<gasScore value='3192'/>
		<totalScore value='38245'/>
	</enemy>

	<scoreRatio value='1.86722'/>
</results>
