<results>
	<result value='win'/>
	<start value='2015-04-30.07:03:49'/>
	<end value='2015-04-30.07:04:20'/>
	<frames value='24740'/>
	<gameDuration value='1546'/>

	<player>
		<unitScore value='14575'/>
		<killScore value='19610'/>
		<buildingScore value='3725'/>
		<razingScore value='5655'/>
		<mineralScore value='18894'/>
		<gasScore value='1880'/>
		<totalScore value='64339'/>
	</player>

	<enemy>
		<race value='Zerg'/>
		<unitScore value='9425'/>
		<unitScore value='9425'/>
		<killScore value='12500'/>
		<buildingScore value='1885'/>
		<razingScore value='0'/>
		<mineralScore value='9186'/>
		<gasScore value='2848'/>
		<totalScore value='35844'/>
	</enemy>

	<scoreRatio value='1.79497'/>
</results>
