<results>
	<result value='loss'/>
	<start value='2015-05-05.06:14:08'/>
	<end value='2015-05-05.06:14:17'/>
	<frames value='18633'/>
	<gameDuration value='1164'/>

	<player>
		<unitScore value='4725'/>
		<killScore value='800'/>
		<buildingScore value='1600'/>
		<razingScore value='0'/>
		<mineralScore value='6658'/>
		<gasScore value='704'/>
		<totalScore value='14487'/>
	</player>

	<enemy>
		<race value='Terran'/>
		<unitScore value='6975'/>
		<unitScore value='6975'/>
		<killScore value='9450'/>
		<buildingScore value='2900'/>
		<razingScore value='4800'/>
		<mineralScore value='8538'/>
		<gasScore value='3016'/>
		<totalScore value='35679'/>
	</enemy>

	<scoreRatio value='0.406037'/>
	<timeFitness value='0.161667'/>
	<unitsAverage value='29'/>
</results>
