<results>
	<result value='win'/>
	<start value='2015-05-05.06:20:46'/>
	<end value='2015-05-05.06:21:12'/>
	<frames value='36024'/>
	<gameDuration value='2251'/>

	<player>
		<unitScore value='18150'/>
		<killScore value='30950'/>
		<buildingScore value='2350'/>
		<razingScore value='11625'/>
		<mineralScore value='20666'/>
		<gasScore value='2232'/>
		<totalScore value='85973'/>
	</player>

	<enemy>
		<race value='Terran'/>
		<unitScore value='16575'/>
		<unitScore value='16575'/>
		<killScore value='23400'/>
		<buildingScore value='3875'/>
		<razingScore value='525'/>
		<mineralScore value='14410'/>
		<gasScore value='6576'/>
		<totalScore value='65361'/>
	</enemy>

	<scoreRatio value='1.31536'/>
	<timeFitness value='0.687361'/>
	<unitsAverage value='71'/>
</results>
