<results>
	<result value='win'/>
	<start value='2015-04-28.02:59:14'/>
	<end value='2015-04-28.02:59:36'/>
	<frames value='25980'/>
	<gameDuration value='1623'/>

	<player>
		<unitScore value='11375'/>
		<killScore value='23850'/>
		<buildingScore value='4175'/>
		<razingScore value='8775'/>
		<mineralScore value='20062'/>
		<gasScore value='3208'/>
		<totalScore value='71445'/>
	</player>

	<enemy>
		<race value='Terran'/>
		<unitScore value='12725'/>
		<unitScore value='12725'/>
		<killScore value='7550'/>
		<buildingScore value='2925'/>
		<razingScore value='3150'/>
		<mineralScore value='11026'/>
		<gasScore value='4576'/>
		<totalScore value='41952'/>
	</enemy>

	<scoreRatio value='1.70302'/>
</results>
