<results>
	<result value='win'/>
	<start value='2015-04-28.03:21:33'/>
	<end value='2015-04-28.03:21:51'/>
	<frames value='22849'/>
	<gameDuration value='1428'/>

	<player>
		<unitScore value='10875'/>
		<killScore value='20400'/>
		<buildingScore value='2825'/>
		<razingScore value='6600'/>
		<mineralScore value='16394'/>
		<gasScore value='1816'/>
		<totalScore value='58910'/>
	</player>

	<enemy>
		<race value='Terran'/>
		<unitScore value='10200'/>
		<unitScore value='10200'/>
		<killScore value='7650'/>
		<buildingScore value='2350'/>
		<razingScore value='300'/>
		<mineralScore value='9402'/>
		<gasScore value='3312'/>
		<totalScore value='33214'/>
	</enemy>

	<scoreRatio value='1.77365'/>
</results>
