<results>
	<result value='win'/>
	<start value='2015-04-28.03:36:36'/>
	<end value='2015-04-28.03:37:05'/>
	<frames value='27964'/>
	<gameDuration value='1747'/>

	<player>
		<unitScore value='14200'/>
		<killScore value='19700'/>
		<buildingScore value='4650'/>
		<razingScore value='8400'/>
		<mineralScore value='25890'/>
		<gasScore value='3080'/>
		<totalScore value='75920'/>
	</player>

	<enemy>
		<race value='Terran'/>
		<unitScore value='10150'/>
		<unitScore value='10150'/>
		<killScore value='6850'/>
		<buildingScore value='2800'/>
		<razingScore value='1350'/>
		<mineralScore value='9674'/>
		<gasScore value='3776'/>
		<totalScore value='34600'/>
	</enemy>

	<scoreRatio value='2.19422'/>
</results>
