<results>
	<result value='loss'/>
	<start value='2015-04-28.03:34:46'/>
	<end value='2015-04-28.03:34:57'/>
	<frames value='18540'/>
	<gameDuration value='1158'/>

	<player>
		<unitScore value='4700'/>
		<killScore value='2650'/>
		<buildingScore value='2050'/>
		<razingScore value='0'/>
		<mineralScore value='6978'/>
		<gasScore value='928'/>
		<totalScore value='17306'/>
	</player>

	<enemy>
		<race value='Terran'/>
		<unitScore value='6625'/>
		<unitScore value='6625'/>
		<killScore value='9400'/>
		<buildingScore value='2850'/>
		<razingScore value='5925'/>
		<mineralScore value='8578'/>
		<gasScore value='2864'/>
		<totalScore value='36242'/>
	</enemy>

	<scoreRatio value='0.477512'/>
</results>
