<results>
	<result value='win'/>
	<start value='2015-04-28.03:53:56'/>
	<end value='2015-04-28.03:54:14'/>
	<frames value='22384'/>
	<gameDuration value='1399'/>

	<player>
		<unitScore value='10075'/>
		<killScore value='17500'/>
		<buildingScore value='3100'/>
		<razingScore value='7725'/>
		<mineralScore value='14930'/>
		<gasScore value='2376'/>
		<totalScore value='55706'/>
	</player>

	<enemy>
		<race value='Terran'/>
		<unitScore value='8750'/>
		<unitScore value='8750'/>
		<killScore value='5900'/>
		<buildingScore value='2575'/>
		<razingScore value='1200'/>
		<mineralScore value='9418'/>
		<gasScore value='2912'/>
		<totalScore value='30755'/>
	</enemy>

	<scoreRatio value='1.81128'/>
</results>
