<results>
	<result value='win'/>
	<start value='2015-04-28.03:59:55'/>
	<end value='2015-04-28.04:00:18'/>
	<frames value='25546'/>
	<gameDuration value='1596'/>

	<player>
		<unitScore value='12500'/>
		<killScore value='18600'/>
		<buildingScore value='3125'/>
		<razingScore value='8700'/>
		<mineralScore value='18754'/>
		<gasScore value='2632'/>
		<totalScore value='64311'/>
	</player>

	<enemy>
		<race value='Terran'/>
		<unitScore value='9300'/>
		<unitScore value='9300'/>
		<killScore value='9500'/>
		<buildingScore value='2900'/>
		<razingScore value='525'/>
		<mineralScore value='10074'/>
		<gasScore value='4000'/>
		<totalScore value='36299'/>
	</enemy>

	<scoreRatio value='1.7717'/>
</results>
