<results>
	<result value='win'/>
	<start value='2015-04-28.04:03:28'/>
	<end value='2015-04-28.04:03:44'/>
	<frames value='21082'/>
	<gameDuration value='1317'/>

	<player>
		<unitScore value='9000'/>
		<killScore value='15300'/>
		<buildingScore value='3300'/>
		<razingScore value='5550'/>
		<mineralScore value='14870'/>
		<gasScore value='2136'/>
		<totalScore value='50156'/>
	</player>

	<enemy>
		<race value='Terran'/>
		<unitScore value='7650'/>
		<unitScore value='7650'/>
		<killScore value='3900'/>
		<buildingScore value='1850'/>
		<razingScore value='1350'/>
		<mineralScore value='9226'/>
		<gasScore value='2760'/>
		<totalScore value='26736'/>
	</enemy>

	<scoreRatio value='1.87597'/>
</results>
