<results>
	<result value='win'/>
	<start value='2015-04-28.04:05:43'/>
	<end value='2015-04-28.04:06:11'/>
	<frames value='31994'/>
	<gameDuration value='1999'/>

	<player>
		<unitScore value='16700'/>
		<killScore value='27500'/>
		<buildingScore value='3500'/>
		<razingScore value='9750'/>
		<mineralScore value='21746'/>
		<gasScore value='2696'/>
		<totalScore value='81892'/>
	</player>

	<enemy>
		<race value='Terran'/>
		<unitScore value='13750'/>
		<unitScore value='13750'/>
		<killScore value='17250'/>
		<buildingScore value='3250'/>
		<razingScore value='1500'/>
		<mineralScore value='12226'/>
		<gasScore value='5438'/>
		<totalScore value='53414'/>
	</enemy>

	<scoreRatio value='1.53316'/>
</results>
