<results>
	<result value='win'/>
	<start value='2015-04-27.14:31:13'/>
	<end value='2015-04-27.14:31:41'/>
	<frames value='37574'/>
	<gameDuration value='2348'/>

	<player>
		<unitScore value='15075'/>
		<killScore value='25600'/>
		<buildingScore value='4125'/>
		<razingScore value='9900'/>
		<mineralScore value='20034'/>
		<gasScore value='3832'/>
		<totalScore value='78566'/>
	</player>

	<enemy>
		<race value='Terran'/>
		<unitScore value='12800'/>
		<unitScore value='12800'/>
		<killScore value='17200'/>
		<buildingScore value='3300'/>
		<razingScore value='4725'/>
		<mineralScore value='12050'/>
		<gasScore value='5340'/>
		<totalScore value='55415'/>
	</enemy>

	<scoreRatio value='1.41777'/>
</results>
