<results>
	<result value='loss'/>
	<start value='2015-04-27.14:32:15'/>
	<end value='2015-04-27.14:32:25'/>
	<frames value='19811'/>
	<gameDuration value='1238'/>

	<player>
		<unitScore value='3325'/>
		<killScore value='2700'/>
		<buildingScore value='1900'/>
		<razingScore value='0'/>
		<mineralScore value='5442'/>
		<gasScore value='784'/>
		<totalScore value='14151'/>
	</player>

	<enemy>
		<race value='Terran'/>
		<unitScore value='7750'/>
		<unitScore value='7750'/>
		<killScore value='6650'/>
		<buildingScore value='2850'/>
		<razingScore value='5700'/>
		<mineralScore value='9226'/>
		<gasScore value='3656'/>
		<totalScore value='35832'/>
	</enemy>

	<scoreRatio value='0.394926'/>
</results>
