<results>
	<result value='loss'/>
	<start value='2015-04-25.03:29:04'/>
	<end value='2015-04-25.03:29:15'/>
	<frames value='19222'/>
	<gameDuration value='1201'/>

	<player>
		<unitScore value='4950'/>
		<killScore value='1600'/>
		<buildingScore value='2025'/>
		<razingScore value='0'/>
		<mineralScore value='7034'/>
		<gasScore value='912'/>
		<totalScore value='16521'/>
	</player>

	<enemy>
		<race value='Terran'/>
		<unitScore value='7500'/>
		<unitScore value='7500'/>
		<killScore value='9900'/>
		<buildingScore value='2900'/>
		<razingScore value='6075'/>
		<mineralScore value='8770'/>
		<gasScore value='3336'/>
		<totalScore value='38481'/>
	</enemy>

	<scoreRatio value='0.429329'/>
</results>
