<results>
	<result value='loss'/>
	<start value='2015-04-28.10:03:21'/>
	<end value='2015-04-28.10:04:10'/>
	<frames value='48517'/>
	<gameDuration value='3032'/>

	<player>
		<unitScore value='16550'/>
		<killScore value='17350'/>
		<buildingScore value='3725'/>
		<razingScore value='375'/>
		<mineralScore value='20890'/>
		<gasScore value='4456'/>
		<totalScore value='63346'/>
	</player>

	<enemy>
		<race value='Terran'/>
		<unitScore value='23900'/>
		<unitScore value='23900'/>
		<killScore value='33100'/>
		<buildingScore value='4850'/>
		<razingScore value='11175'/>
		<mineralScore value='29294'/>
		<gasScore value='11172'/>
		<totalScore value='113491'/>
	</enemy>

	<scoreRatio value='0.558159'/>
</results>
