<results>
	<result value='win'/>
	<start value='2015-04-28.10:15:23'/>
	<end value='2015-04-28.10:15:58'/>
	<frames value='26073'/>
	<gameDuration value='1629'/>

	<player>
		<unitScore value='15000'/>
		<killScore value='26150'/>
		<buildingScore value='3700'/>
		<razingScore value='8250'/>
		<mineralScore value='22386'/>
		<gasScore value='1984'/>
		<totalScore value='77470'/>
	</player>

	<enemy>
		<race value='Terran'/>
		<unitScore value='13075'/>
		<unitScore value='13075'/>
		<killScore value='9900'/>
		<buildingScore value='2750'/>
		<razingScore value='300'/>
		<mineralScore value='10758'/>
		<gasScore value='4096'/>
		<totalScore value='40879'/>
	</enemy>

	<scoreRatio value='1.89511'/>
</results>
