<results>
	<result value='win'/>
	<start value='2015-04-07.17:01:05'/>
	<end value='2015-04-07.17:01:38'/>
	<frames value='34598'/>
	<gameDuration value='2162'/>

	<player>
		<unitScore value='20125'/>
		<killScore value='23700'/>
		<buildingScore value='2950'/>
		<razingScore value='22425'/>
		<mineralScore value='23510'/>
		<gasScore value='2368'/>
		<totalScore value='95078'/>
	</player>

	<enemy>
		<race value='Protoss'/>
		<unitScore value='12650'/>
		<unitScore value='12650'/>
		<killScore value='21100'/>
		<buildingScore value='7475'/>
		<razingScore value='375'/>
		<mineralScore value='18134'/>
		<gasScore value='4184'/>
		<totalScore value='63918'/>
	</enemy>

	<scoreRatio value='1.4875'/>
</results>
