<results>
	<result value='win'/>
	<start value='2015-04-07.17:01:42'/>
	<end value='2015-04-07.17:02:07'/>
	<frames value='26631'/>
	<gameDuration value='1664'/>

	<player>
		<unitScore value='16475'/>
		<killScore value='12500'/>
		<buildingScore value='3600'/>
		<razingScore value='18825'/>
		<mineralScore value='21522'/>
		<gasScore value='2560'/>
		<totalScore value='75482'/>
	</player>

	<enemy>
		<race value='Protoss'/>
		<unitScore value='6450'/>
		<unitScore value='6450'/>
		<killScore value='13500'/>
		<buildingScore value='6275'/>
		<razingScore value='0'/>
		<mineralScore value='15186'/>
		<gasScore value='3256'/>
		<totalScore value='44667'/>
	</enemy>

	<scoreRatio value='1.68988'/>
</results>
