<results>
	<result value='win'/>
	<start value='2015-05-07.13:23:48'/>
	<end value='2015-05-07.13:24:13'/>
	<frames value='18199'/>
	<gameDuration value='1137'/>

	<player>
		<unitScore value='8575'/>
		<killScore value='10800'/>
		<buildingScore value='3225'/>
		<razingScore value='4125'/>
		<mineralScore value='14618'/>
		<gasScore value='1304'/>
		<totalScore value='42647'/>
	</player>

	<enemy>
		<race value='Terran'/>
		<unitScore value='5400'/>
		<unitScore value='5400'/>
		<killScore value='2400'/>
		<buildingScore value='1450'/>
		<razingScore value='150'/>
		<mineralScore value='7914'/>
		<gasScore value='1976'/>
		<totalScore value='19290'/>
	</enemy>

	<scoreRatio value='2.21083'/>
	<timeFitness value='0.842083'/>
	<unitsAverage value='63'/>
</results>
