<results>
	<result value='win'/>
	<start value='2015-05-07.13:37:01'/>
	<end value='2015-05-07.13:37:39'/>
	<frames value='22818'/>
	<gameDuration value='1426'/>

	<player>
		<unitScore value='12675'/>
		<killScore value='16400'/>
		<buildingScore value='3375'/>
		<razingScore value='5100'/>
		<mineralScore value='19658'/>
		<gasScore value='1760'/>
		<totalScore value='58968'/>
	</player>

	<enemy>
		<race value='Terran'/>
		<unitScore value='8200'/>
		<unitScore value='8200'/>
		<killScore value='8200'/>
		<buildingScore value='1700'/>
		<razingScore value='375'/>
		<mineralScore value='9498'/>
		<gasScore value='3008'/>
		<totalScore value='30981'/>
	</enemy>

	<scoreRatio value='1.90336'/>
	<timeFitness value='0.801944'/>
	<unitsAverage value='78'/>
</results>
