<results>
	<result value='win'/>
	<start value='2015-05-07.14:00:38'/>
	<end value='2015-05-07.14:02:47'/>
	<frames value='49168'/>
	<gameDuration value='3073'/>

	<player>
		<unitScore value='26075'/>
		<killScore value='38400'/>
		<buildingScore value='5500'/>
		<razingScore value='12000'/>
		<mineralScore value='37154'/>
		<gasScore value='3264'/>
		<totalScore value='122393'/>
	</player>

	<enemy>
		<race value='Terran'/>
		<unitScore value='23050'/>
		<unitScore value='23050'/>
		<killScore value='28350'/>
		<buildingScore value='4075'/>
		<razingScore value='3525'/>
		<mineralScore value='17970'/>
		<gasScore value='9392'/>
		<totalScore value='86362'/>
	</enemy>

	<scoreRatio value='1.41721'/>
	<timeFitness value='0.573194'/>
	<unitsAverage value='125'/>
</results>
