<results>
	<result value='draw'/>
	<start value='2015-05-07.14:08:58'/>
	<end value='2015-05-07.14:10:57'/>
	<frames value='57601'/>
	<gameDuration value='3600'/>

	<player>
		<unitScore value='30850'/>
		<killScore value='41350'/>
		<buildingScore value='4350'/>
		<razingScore value='4125'/>
		<mineralScore value='33426'/>
		<gasScore value='6710'/>
		<totalScore value='120811'/>
	</player>

	<enemy>
		<race value='Terran'/>
		<unitScore value='26550'/>
		<unitScore value='26550'/>
		<killScore value='55050'/>
		<buildingScore value='4075'/>
		<razingScore value='4500'/>
		<mineralScore value='19442'/>
		<gasScore value='11342'/>
		<totalScore value='120959'/>
	</enemy>

	<scoreRatio value='0.998776'/>
	<timeFitness value='0.5'/>
	<unitsAverage value='100'/>
</results>
