<results>
	<result value='win'/>
	<start value='2015-04-10.18:27:56'/>
	<end value='2015-04-10.18:28:31'/>
	<frames value='24058'/>
	<gameDuration value='1503'/>

	<player>
		<unitScore value='11525'/>
		<killScore value='13100'/>
		<buildingScore value='3625'/>
		<razingScore value='8850'/>
		<mineralScore value='20746'/>
		<gasScore value='2416'/>
		<totalScore value='60262'/>
	</player>

	<enemy>
		<race value='Protoss'/>
		<unitScore value='6600'/>
		<unitScore value='6600'/>
		<killScore value='7750'/>
		<buildingScore value='2950'/>
		<razingScore value='150'/>
		<mineralScore value='9970'/>
		<gasScore value='2256'/>
		<totalScore value='29676'/>
	</enemy>

	<scoreRatio value='2.03066'/>
</results>
