<results>
	<result value='win'/>
	<start value='2015-04-28.19:33:37'/>
	<end value='2015-04-28.19:34:07'/>
	<frames value='27716'/>
	<gameDuration value='1732'/>

	<player>
		<unitScore value='17525'/>
		<killScore value='25245'/>
		<buildingScore value='4175'/>
		<razingScore value='5535'/>
		<mineralScore value='26258'/>
		<gasScore value='2256'/>
		<totalScore value='80994'/>
	</player>

	<enemy>
		<race value='Zerg'/>
		<unitScore value='11250'/>
		<unitScore value='11250'/>
		<killScore value='12500'/>
		<buildingScore value='1845'/>
		<razingScore value='0'/>
		<mineralScore value='10546'/>
		<gasScore value='3448'/>
		<totalScore value='39589'/>
	</enemy>

	<scoreRatio value='2.04587'/>
</results>
