<results>
	<result value='win'/>
	<start value='2015-04-28.19:42:23'/>
	<end value='2015-04-28.19:42:53'/>
	<frames value='30599'/>
	<gameDuration value='1912'/>

	<player>
		<unitScore value='21200'/>
		<killScore value='30330'/>
		<buildingScore value='4150'/>
		<razingScore value='6840'/>
		<mineralScore value='26738'/>
		<gasScore value='3288'/>
		<totalScore value='92546'/>
	</player>

	<enemy>
		<race value='Zerg'/>
		<unitScore value='13600'/>
		<unitScore value='13600'/>
		<killScore value='21200'/>
		<buildingScore value='2280'/>
		<razingScore value='0'/>
		<mineralScore value='12758'/>
		<gasScore value='3696'/>
		<totalScore value='53534'/>
	</enemy>

	<scoreRatio value='1.72873'/>
</results>
