<results>
	<result value='loss'/>
	<start value='2015-04-07.15:27:47'/>
	<end value='2015-04-07.15:27:54'/>
	<frames value='15347'/>
	<gameDuration value='959'/>

	<player>
		<unitScore value='3175'/>
		<killScore value='600'/>
		<buildingScore value='1650'/>
		<razingScore value='0'/>
		<mineralScore value='5186'/>
		<gasScore value='616'/>
		<totalScore value='11227'/>
	</player>

	<enemy>
		<race value='Protoss'/>
		<unitScore value='3550'/>
		<unitScore value='3550'/>
		<killScore value='6250'/>
		<buildingScore value='2925'/>
		<razingScore value='4950'/>
		<mineralScore value='7882'/>
		<gasScore value='1424'/>
		<totalScore value='26981'/>
	</enemy>

	<scoreRatio value='0.416108'/>
</results>
