<results>
	<result value='draw'/>
	<start value='2015-04-12.17:51:25'/>
	<end value='2015-04-12.17:52:29'/>
	<frames value='57601'/>
	<gameDuration value='3600'/>

	<player>
		<unitScore value='32600'/>
		<killScore value='57650'/>
		<buildingScore value='3025'/>
		<razingScore value='0'/>
		<mineralScore value='31510'/>
		<gasScore value='10164'/>
		<totalScore value='134949'/>
	</player>

	<enemy>
		<race value='Protoss'/>
		<unitScore value='35800'/>
		<unitScore value='35800'/>
		<killScore value='53800'/>
		<buildingScore value='6400'/>
		<razingScore value='300'/>
		<mineralScore value='31550'/>
		<gasScore value='11572'/>
		<totalScore value='139422'/>
	</enemy>

	<scoreRatio value='0.967918'/>
</results>
