<results>
	<result value='win'/>
	<start value='2014-07-11.23:22:02'/>
	<end value='2014-07-11.23:22:51'/>
	<frames value='35559'/>
	<gameDuration value='2222'/>

	<player>
		<unitScore value='22675'/>
		<killScore value='30525'/>
		<buildingScore value='4650'/>
		<razingScore value='8295'/>
		<mineralScore value='35834'/>
		<gasScore value='2696'/>
		<totalScore value='104675'/>
	</player>

	<enemy>
		<race value='Zerg'/>
		<unitScore value='14825'/>
		<unitScore value='14825'/>
		<killScore value='21300'/>
		<buildingScore value='2765'/>
		<razingScore value='225'/>
		<mineralScore value='15154'/>
		<gasScore value='4880'/>
		<totalScore value='59149'/>
	</enemy>

	<scoreRatio value='1.76968'/>
</results>
