<results>
	<result value='win'/>
	<start value='2014-07-11.23:24:56'/>
	<end value='2014-07-11.23:25:20'/>
	<frames value='26042'/>
	<gameDuration value='1627'/>

	<player>
		<unitScore value='14200'/>
		<killScore value='15540'/>
		<buildingScore value='4475'/>
		<razingScore value='6300'/>
		<mineralScore value='23914'/>
		<gasScore value='2384'/>
		<totalScore value='66813'/>
	</player>

	<enemy>
		<race value='Zerg'/>
		<unitScore value='7525'/>
		<unitScore value='7525'/>
		<killScore value='5400'/>
		<buildingScore value='2100'/>
		<razingScore value='0'/>
		<mineralScore value='8330'/>
		<gasScore value='2456'/>
		<totalScore value='25811'/>
	</enemy>

	<scoreRatio value='2.58855'/>
</results>
