<results>
	<result value='loss'/>
	<start value='2014-07-11.23:34:53'/>
	<end value='2014-07-11.23:34:56'/>
	<frames value='7194'/>
	<gameDuration value='449'/>

	<player>
		<unitScore value='950'/>
		<killScore value='50'/>
		<buildingScore value='675'/>
		<razingScore value='0'/>
		<mineralScore value='1322'/>
		<gasScore value='80'/>
		<totalScore value='3077'/>
	</player>

	<enemy>
		<race value='Zerg'/>
		<unitScore value='1200'/>
		<unitScore value='1200'/>
		<killScore value='1800'/>
		<buildingScore value='440'/>
		<razingScore value='2025'/>
		<mineralScore value='1722'/>
		<gasScore value='0'/>
		<totalScore value='7187'/>
	</enemy>

	<scoreRatio value='0.428134'/>
</results>
