<results>
	<result value='loss'/>
	<start value='2015-05-10.01:36:29'/>
	<end value='2015-05-10.01:37:16'/>
	<frames value='40984'/>
	<gameDuration value='2561'/>

	<player>
		<unitScore value='15050'/>
		<killScore value='21000'/>
		<buildingScore value='2550'/>
		<razingScore value='900'/>
		<mineralScore value='18154'/>
		<gasScore value='5032'/>
		<totalScore value='62686'/>
	</player>

	<enemy>
		<race value='Protoss'/>
		<unitScore value='27500'/>
		<unitScore value='27500'/>
		<killScore value='30100'/>
		<buildingScore value='7375'/>
		<razingScore value='7650'/>
		<mineralScore value='28610'/>
		<gasScore value='9804'/>
		<totalScore value='111039'/>
	</enemy>

	<scoreRatio value='0.56454'/>
	<timeFitness value='0.355694'/>
	<unitsAverage value='61'/>
</results>
