<results>
	<result value='loss'/>
	<start value='2015-04-08.08:06:14'/>
	<end value='2015-04-08.08:07:10'/>
	<frames value='48517'/>
	<gameDuration value='3032'/>

	<player>
		<unitScore value='24875'/>
		<killScore value='29200'/>
		<buildingScore value='3300'/>
		<razingScore value='2400'/>
		<mineralScore value='27146'/>
		<gasScore value='3648'/>
		<totalScore value='90569'/>
	</player>

	<enemy>
		<race value='Protoss'/>
		<unitScore value='29850'/>
		<unitScore value='29850'/>
		<killScore value='49850'/>
		<buildingScore value='7775'/>
		<razingScore value='9900'/>
		<mineralScore value='28082'/>
		<gasScore value='10392'/>
		<totalScore value='135849'/>
	</enemy>

	<scoreRatio value='0.666689'/>
</results>
