<results>
	<result value='win'/>
	<start value='2015-05-10.02:11:47'/>
	<end value='2015-05-10.02:12:19'/>
	<frames value='40891'/>
	<gameDuration value='2555'/>

	<player>
		<unitScore value='14250'/>
		<killScore value='34900'/>
		<buildingScore value='4175'/>
		<razingScore value='12900'/>
		<mineralScore value='23882'/>
		<gasScore value='1320'/>
		<totalScore value='91427'/>
	</player>

	<enemy>
		<race value='Terran'/>
		<unitScore value='23050'/>
		<unitScore value='23050'/>
		<killScore value='16650'/>
		<buildingScore value='4300'/>
		<razingScore value='7125'/>
		<mineralScore value='18358'/>
		<gasScore value='9580'/>
		<totalScore value='79063'/>
	</enemy>

	<scoreRatio value='1.15638'/>
	<timeFitness value='0.645139'/>
	<unitsAverage value='72'/>
</results>
