<results>
	<result value='loss'/>
	<start value='2015-05-10.02:16:50'/>
	<end value='2015-05-10.02:17:01'/>
	<frames value='20648'/>
	<gameDuration value='1290'/>

	<player>
		<unitScore value='5200'/>
		<killScore value='1950'/>
		<buildingScore value='1750'/>
		<razingScore value='0'/>
		<mineralScore value='7258'/>
		<gasScore value='1192'/>
		<totalScore value='17350'/>
	</player>

	<enemy>
		<race value='Terran'/>
		<unitScore value='7725'/>
		<unitScore value='7725'/>
		<killScore value='10400'/>
		<buildingScore value='3125'/>
		<razingScore value='5025'/>
		<mineralScore value='9650'/>
		<gasScore value='3904'/>
		<totalScore value='39829'/>
	</enemy>

	<scoreRatio value='0.435612'/>
	<timeFitness value='0.179167'/>
	<unitsAverage value='31'/>
</results>
