<results>
	<result value='loss'/>
	<start value='2015-05-10.02:17:04'/>
	<end value='2015-05-10.02:17:13'/>
	<frames value='17858'/>
	<gameDuration value='1116'/>

	<player>
		<unitScore value='3350'/>
		<killScore value='700'/>
		<buildingScore value='1725'/>
		<razingScore value='0'/>
		<mineralScore value='5498'/>
		<gasScore value='816'/>
		<totalScore value='12089'/>
	</player>

	<enemy>
		<race value='Terran'/>
		<unitScore value='6000'/>
		<unitScore value='6000'/>
		<killScore value='6700'/>
		<buildingScore value='2700'/>
		<razingScore value='5175'/>
		<mineralScore value='8090'/>
		<gasScore value='2880'/>
		<totalScore value='31545'/>
	</enemy>

	<scoreRatio value='0.38323'/>
	<timeFitness value='0.155'/>
	<unitsAverage value='25'/>
</results>
