<results>
	<result value='loss'/>
	<start value='2015-07-18.05:37:18'/>
	<end value='2015-07-18.05:38:16'/>
	<frames value='46316'/>
	<gameDuration value='2894'/>

	<player>
		<unitScore value='16175'/>
		<killScore value='8400'/>
		<buildingScore value='4250'/>
		<razingScore value='150'/>
		<mineralScore value='20474'/>
		<gasScore value='1904'/>
		<totalScore value='51353'/>
	</player>

	<enemy>
		<race value='Terran'/>
		<unitScore value='21775'/>
		<killScore value='31050'/>
		<buildingScore value='5975'/>
		<razingScore value='12750'/>
		<mineralScore value='23250'/>
		<gasScore value='12716'/>
		<totalScore value='107516'/>
	</enemy>

	<scoreRatio value='0.477631'/>
	<timeFitness value='0.401944'/>
	<unitsAverage value='43'/>
</results>
