<results>
	<result value='draw'/>
	<start value='2015-04-28.21:44:33'/>
	<end value='2015-04-28.21:46:16'/>
	<frames value='57601'/>
	<gameDuration value='3600'/>

	<player>
		<unitScore value='34000'/>
		<killScore value='53100'/>
		<buildingScore value='3550'/>
		<razingScore value='18300'/>
		<mineralScore value='34546'/>
		<gasScore value='5440'/>
		<totalScore value='148936'/>
	</player>

	<enemy>
		<race value='Protoss'/>
		<unitScore value='28750'/>
		<unitScore value='28750'/>
		<killScore value='42100'/>
		<buildingScore value='6550'/>
		<razingScore value='450'/>
		<mineralScore value='25322'/>
		<gasScore value='8844'/>
		<totalScore value='112016'/>
	</enemy>

	<scoreRatio value='1.3296'/>
	<timeFitness value='0.5'/>
	<unitsAverage value='162'/>
</results>
