<results>
	<result value='win'/>
	<start value='2015-04-28.21:50:36'/>
	<end value='2015-04-28.21:51:02'/>
	<frames value='29762'/>
	<gameDuration value='1860'/>

	<player>
		<unitScore value='18000'/>
		<killScore value='13800'/>
		<buildingScore value='3975'/>
		<razingScore value='9375'/>
		<mineralScore value='24698'/>
		<gasScore value='2216'/>
		<totalScore value='72064'/>
	</player>

	<enemy>
		<race value='Protoss'/>
		<unitScore value='6900'/>
		<unitScore value='6900'/>
		<killScore value='8400'/>
		<buildingScore value='3125'/>
		<razingScore value='150'/>
		<mineralScore value='11010'/>
		<gasScore value='1680'/>
		<totalScore value='31265'/>
	</enemy>

	<scoreRatio value='2.30494'/>
	<timeFitness value='0.741667'/>
	<unitsAverage value='95'/>
</results>
