<results>
	<result value='win'/>
	<start value='2015-05-11.06:11:15'/>
	<end value='2015-05-11.06:12:44'/>
	<frames value='40674'/>
	<gameDuration value='2542'/>

	<player>
		<unitScore value='30450'/>
		<killScore value='51805'/>
		<buildingScore value='4450'/>
		<razingScore value='6855'/>
		<mineralScore value='35718'/>
		<gasScore value='3720'/>
		<totalScore value='132998'/>
	</player>

	<enemy>
		<race value='Zerg'/>
		<unitScore value='23525'/>
		<unitScore value='23525'/>
		<killScore value='38250'/>
		<buildingScore value='2285'/>
		<razingScore value='0'/>
		<mineralScore value='19266'/>
		<gasScore value='7156'/>
		<totalScore value='90482'/>
	</enemy>

	<scoreRatio value='1.46988'/>
	<timeFitness value='0.646944'/>
	<unitsAverage value='144'/>
</results>
