<results>
	<result value='win'/>
	<start value='2015-05-11.06:33:43'/>
	<end value='2015-05-11.06:34:34'/>
	<frames value='29638'/>
	<gameDuration value='1852'/>

	<player>
		<unitScore value='18900'/>
		<killScore value='29355'/>
		<buildingScore value='4100'/>
		<razingScore value='6960'/>
		<mineralScore value='27850'/>
		<gasScore value='2400'/>
		<totalScore value='89565'/>
	</player>

	<enemy>
		<race value='Zerg'/>
		<unitScore value='13225'/>
		<unitScore value='13225'/>
		<killScore value='15150'/>
		<buildingScore value='2320'/>
		<razingScore value='375'/>
		<mineralScore value='13502'/>
		<gasScore value='4320'/>
		<totalScore value='48892'/>
	</enemy>

	<scoreRatio value='1.83189'/>
	<timeFitness value='0.742778'/>
	<unitsAverage value='111'/>
</results>
