<results>
	<result value='win'/>
	<start value='2015-04-07.16:40:13'/>
	<end value='2015-04-07.16:41:08'/>
	<frames value='54097'/>
	<gameDuration value='3381'/>

	<player>
		<unitScore value='25550'/>
		<killScore value='34450'/>
		<buildingScore value='3075'/>
		<razingScore value='24825'/>
		<mineralScore value='36278'/>
		<gasScore value='5184'/>
		<totalScore value='129362'/>
	</player>

	<enemy>
		<race value='Protoss'/>
		<unitScore value='18000'/>
		<unitScore value='18000'/>
		<killScore value='39250'/>
		<buildingScore value='8275'/>
		<razingScore value='0'/>
		<mineralScore value='23530'/>
		<gasScore value='5872'/>
		<totalScore value='94927'/>
	</enemy>

	<scoreRatio value='1.36275'/>
</results>
