<results>
	<result value='draw'/>
	<start value='2015-04-07.16:41:35'/>
	<end value='2015-04-07.16:43:18'/>
	<frames value='57601'/>
	<gameDuration value='3600'/>

	<player>
		<unitScore value='28625'/>
		<killScore value='47050'/>
		<buildingScore value='3725'/>
		<razingScore value='11925'/>
		<mineralScore value='29166'/>
		<gasScore value='7732'/>
		<totalScore value='128223'/>
	</player>

	<enemy>
		<race value='Protoss'/>
		<unitScore value='33225'/>
		<unitScore value='33225'/>
		<killScore value='39000'/>
		<buildingScore value='8275'/>
		<razingScore value='300'/>
		<mineralScore value='26686'/>
		<gasScore value='10762'/>
		<totalScore value='118248'/>
	</enemy>

	<scoreRatio value='1.08436'/>
</results>
