<results>
	<result value='draw'/>
	<start value='2015-04-07.16:17:55'/>
	<end value='2015-04-07.16:18:43'/>
	<frames value='57601'/>
	<gameDuration value='3600'/>

	<player>
		<unitScore value='22950'/>
		<killScore value='42350'/>
		<buildingScore value='2175'/>
		<razingScore value='20250'/>
		<mineralScore value='27494'/>
		<gasScore value='664'/>
		<totalScore value='115883'/>
	</player>

	<enemy>
		<race value='Protoss'/>
		<unitScore value='26625'/>
		<unitScore value='26625'/>
		<killScore value='39800'/>
		<buildingScore value='11900'/>
		<razingScore value='450'/>
		<mineralScore value='33610'/>
		<gasScore value='9948'/>
		<totalScore value='122333'/>
	</enemy>

	<scoreRatio value='0.947275'/>
</results>
