<results>
	<result value='loss'/>
	<start value='2014-07-24.02:22:47'/>
	<end value='2014-07-24.02:22:53'/>
	<frames value='15998'/>
	<gameDuration value='999'/>

	<player>
		<unitScore value='3025'/>
		<killScore value='500'/>
		<buildingScore value='1075'/>
		<razingScore value='0'/>
		<mineralScore value='5154'/>
		<gasScore value='536'/>
		<totalScore value='10290'/>
	</player>

	<enemy>
		<race value='Terran'/>
		<unitScore value='5200'/>
		<unitScore value='5200'/>
		<killScore value='6050'/>
		<buildingScore value='1800'/>
		<razingScore value='3225'/>
		<mineralScore value='7210'/>
		<gasScore value='2464'/>
		<totalScore value='25949'/>
	</enemy>

	<scoreRatio value='0.396547'/>
</results>
