<results>
	<result value='draw'/>
	<start value='2014-07-06.03:54:00'/>
	<end value='2014-07-06.03:54:57'/>
	<frames value='57601'/>
	<gameDuration value='3600'/>

	<player>
		<unitScore value='24725'/>
		<killScore value='40900'/>
		<buildingScore value='2525'/>
		<razingScore value='24225'/>
		<mineralScore value='26990'/>
		<gasScore value='5414'/>
		<totalScore value='124779'/>
	</player>

	<enemy>
		<race value='Protoss'/>
		<unitScore value='21025'/>
		<unitScore value='21025'/>
		<killScore value='38600'/>
		<buildingScore value='8325'/>
		<razingScore value='150'/>
		<mineralScore value='25870'/>
		<gasScore value='8368'/>
		<totalScore value='102338'/>
	</enemy>

	<scoreRatio value='1.21928'/>
</results>
