<results>
	<result value='win'/>
	<start value='2015-05-05.19:29:32'/>
	<end value='2015-05-05.19:29:57'/>
	<frames value='27065'/>
	<gameDuration value='1691'/>

	<player>
		<unitScore value='13875'/>
		<killScore value='25250'/>
		<buildingScore value='3525'/>
		<razingScore value='9525'/>
		<mineralScore value='19670'/>
		<gasScore value='2280'/>
		<totalScore value='74125'/>
	</player>

	<enemy>
		<race value='Terran'/>
		<unitScore value='12625'/>
		<unitScore value='12625'/>
		<killScore value='9450'/>
		<buildingScore value='3175'/>
		<razingScore value='2100'/>
		<mineralScore value='11782'/>
		<gasScore value='4800'/>
		<totalScore value='43932'/>
	</enemy>

	<scoreRatio value='1.68727'/>
	<timeFitness value='0.765139'/>
	<unitsAverage value='81'/>
</results>
