<results>
	<result value='win'/>
	<start value='2015-05-05.19:30:35'/>
	<end value='2015-05-05.19:31:18'/>
	<frames value='40209'/>
	<gameDuration value='2513'/>

	<player>
		<unitScore value='24150'/>
		<killScore value='33050'/>
		<buildingScore value='4450'/>
		<razingScore value='11325'/>
		<mineralScore value='28206'/>
		<gasScore value='2568'/>
		<totalScore value='103749'/>
	</player>

	<enemy>
		<race value='Terran'/>
		<unitScore value='18525'/>
		<unitScore value='18525'/>
		<killScore value='28300'/>
		<buildingScore value='3850'/>
		<razingScore value='3075'/>
		<mineralScore value='14354'/>
		<gasScore value='7070'/>
		<totalScore value='75174'/>
	</enemy>

	<scoreRatio value='1.38012'/>
	<timeFitness value='0.650972'/>
	<unitsAverage value='97'/>
</results>
