<results>
	<result value='loss'/>
	<start value='2015-05-05.19:33:04'/>
	<end value='2015-05-05.19:33:12'/>
	<frames value='16556'/>
	<gameDuration value='1034'/>

	<player>
		<unitScore value='3900'/>
		<killScore value='600'/>
		<buildingScore value='1450'/>
		<razingScore value='0'/>
		<mineralScore value='5034'/>
		<gasScore value='784'/>
		<totalScore value='11768'/>
	</player>

	<enemy>
		<race value='Terran'/>
		<unitScore value='5350'/>
		<unitScore value='5350'/>
		<killScore value='7800'/>
		<buildingScore value='1900'/>
		<razingScore value='4350'/>
		<mineralScore value='7666'/>
		<gasScore value='2320'/>
		<totalScore value='29386'/>
	</enemy>

	<scoreRatio value='0.400463'/>
	<timeFitness value='0.143611'/>
	<unitsAverage value='22'/>
</results>
