<results>
	<result value='loss'/>
	<start value='2015-05-05.19:46:42'/>
	<end value='2015-05-05.19:46:53'/>
	<frames value='18447'/>
	<gameDuration value='1152'/>

	<player>
		<unitScore value='4650'/>
		<killScore value='1300'/>
		<buildingScore value='2125'/>
		<razingScore value='0'/>
		<mineralScore value='6786'/>
		<gasScore value='976'/>
		<totalScore value='15837'/>
	</player>

	<enemy>
		<race value='Terran'/>
		<unitScore value='7150'/>
		<unitScore value='7150'/>
		<killScore value='8300'/>
		<buildingScore value='2900'/>
		<razingScore value='6375'/>
		<mineralScore value='8474'/>
		<gasScore value='2992'/>
		<totalScore value='36191'/>
	</enemy>

	<scoreRatio value='0.437595'/>
	<timeFitness value='0.16'/>
	<unitsAverage value='30'/>
</results>
