<results>
	<result value='win'/>
	<start value='2015-05-05.19:50:47'/>
	<end value='2015-05-05.19:51:11'/>
	<frames value='37667'/>
	<gameDuration value='2354'/>

	<player>
		<unitScore value='10325'/>
		<killScore value='15700'/>
		<buildingScore value='3100'/>
		<razingScore value='8550'/>
		<mineralScore value='14126'/>
		<gasScore value='2280'/>
		<totalScore value='54081'/>
	</player>

	<enemy>
		<race value='Terran'/>
		<unitScore value='8750'/>
		<unitScore value='8750'/>
		<killScore value='12200'/>
		<buildingScore value='2850'/>
		<razingScore value='4125'/>
		<mineralScore value='10506'/>
		<gasScore value='3800'/>
		<totalScore value='42231'/>
	</enemy>

	<scoreRatio value='1.2806'/>
	<timeFitness value='0.673056'/>
	<unitsAverage value='46'/>
</results>
