<results>
	<result value='win'/>
	<start value='2015-05-09.22:16:11'/>
	<end value='2015-05-09.22:16:26'/>
	<frames value='21206'/>
	<gameDuration value='1325'/>

	<player>
		<unitScore value='11100'/>
		<killScore value='9700'/>
		<buildingScore value='3650'/>
		<razingScore value='8625'/>
		<mineralScore value='17782'/>
		<gasScore value='2168'/>
		<totalScore value='53025'/>
	</player>

	<enemy>
		<race value='Protoss'/>
		<unitScore value='4850'/>
		<unitScore value='4850'/>
		<killScore value='5550'/>
		<buildingScore value='2875'/>
		<razingScore value='0'/>
		<mineralScore value='14634'/>
		<gasScore value='944'/>
		<totalScore value='28853'/>
	</enemy>

	<scoreRatio value='1.83776'/>
	<timeFitness value='0.815972'/>
	<unitsAverage value='75'/>
</results>
