<results>
	<result value='win'/>
	<start value='2015-05-09.22:22:25'/>
	<end value='2015-05-09.22:23:19'/>
	<frames value='44053'/>
	<gameDuration value='2753'/>

	<player>
		<unitScore value='29525'/>
		<killScore value='61700'/>
		<buildingScore value='3350'/>
		<razingScore value='19050'/>
		<mineralScore value='31754'/>
		<gasScore value='5496'/>
		<totalScore value='150875'/>
	</player>

	<enemy>
		<race value='Protoss'/>
		<unitScore value='34175'/>
		<unitScore value='34175'/>
		<killScore value='49050'/>
		<buildingScore value='6350'/>
		<razingScore value='0'/>
		<mineralScore value='27190'/>
		<gasScore value='9140'/>
		<totalScore value='125905'/>
	</enemy>

	<scoreRatio value='1.19832'/>
	<timeFitness value='0.617639'/>
	<unitsAverage value='129'/>
</results>
