<results>
	<result value='win'/>
	<start value='2015-04-30.20:51:37'/>
	<end value='2015-04-30.20:52:08'/>
	<frames value='23469'/>
	<gameDuration value='1466'/>

	<player>
		<unitScore value='15575'/>
		<killScore value='17720'/>
		<buildingScore value='3975'/>
		<razingScore value='5040'/>
		<mineralScore value='23334'/>
		<gasScore value='1464'/>
		<totalScore value='67108'/>
	</player>

	<enemy>
		<race value='Zerg'/>
		<unitScore value='8400'/>
		<unitScore value='8400'/>
		<killScore value='10800'/>
		<buildingScore value='1680'/>
		<razingScore value='0'/>
		<mineralScore value='8546'/>
		<gasScore value='2528'/>
		<totalScore value='31954'/>
	</enemy>

	<scoreRatio value='2.10014'/>
	<timeFitness value='0.796389'/>
	<unitsAverage value='89'/>
</results>
