<results>
	<result value='win'/>
	<start value='2015-04-30.20:55:01'/>
	<end value='2015-04-30.20:55:37'/>
	<frames value='32459'/>
	<gameDuration value='2028'/>

	<player>
		<unitScore value='16525'/>
		<killScore value='27350'/>
		<buildingScore value='3425'/>
		<razingScore value='6915'/>
		<mineralScore value='25126'/>
		<gasScore value='1928'/>
		<totalScore value='81269'/>
	</player>

	<enemy>
		<race value='Zerg'/>
		<unitScore value='12150'/>
		<unitScore value='12150'/>
		<killScore value='17500'/>
		<buildingScore value='2305'/>
		<razingScore value='300'/>
		<mineralScore value='12070'/>
		<gasScore value='3968'/>
		<totalScore value='48293'/>
	</enemy>

	<scoreRatio value='1.68283'/>
	<timeFitness value='0.718333'/>
	<unitsAverage value='78'/>
</results>
