<results>
	<result value='win'/>
	<start value='2015-04-30.20:59:49'/>
	<end value='2015-04-30.21:00:22'/>
	<frames value='24647'/>
	<gameDuration value='1540'/>

	<player>
		<unitScore value='17250'/>
		<killScore value='19855'/>
		<buildingScore value='3975'/>
		<razingScore value='4755'/>
		<mineralScore value='25458'/>
		<gasScore value='1528'/>
		<totalScore value='72821'/>
	</player>

	<enemy>
		<race value='Zerg'/>
		<unitScore value='9475'/>
		<unitScore value='9475'/>
		<killScore value='15550'/>
		<buildingScore value='1585'/>
		<razingScore value='0'/>
		<mineralScore value='9170'/>
		<gasScore value='2976'/>
		<totalScore value='38756'/>
	</enemy>

	<scoreRatio value='1.87896'/>
	<timeFitness value='0.786111'/>
	<unitsAverage value='93'/>
</results>
