<results>
	<result value='win'/>
	<start value='2015-04-03.21:50:39'/>
	<end value='2015-04-03.21:51:17'/>
	<frames value='35528'/>
	<gameDuration value='2220'/>

	<player>
		<unitScore value='20400'/>
		<killScore value='20400'/>
		<buildingScore value='3600'/>
		<razingScore value='20250'/>
		<mineralScore value='25358'/>
		<gasScore value='3696'/>
		<totalScore value='93704'/>
	</player>

	<enemy>
		<race value='Protoss'/>
		<unitScore value='10650'/>
		<unitScore value='10650'/>
		<killScore value='17800'/>
		<buildingScore value='6750'/>
		<razingScore value='300'/>
		<mineralScore value='19258'/>
		<gasScore value='5376'/>
		<totalScore value='60134'/>
	</enemy>

	<scoreRatio value='1.55825'/>
</results>
