<results>
	<result value='win'/>
	<start value='2015-04-03.21:53:32'/>
	<end value='2015-04-03.21:54:05'/>
	<frames value='32924'/>
	<gameDuration value='2057'/>

	<player>
		<unitScore value='19850'/>
		<killScore value='24650'/>
		<buildingScore value='3725'/>
		<razingScore value='17700'/>
		<mineralScore value='27662'/>
		<gasScore value='2352'/>
		<totalScore value='95939'/>
	</player>

	<enemy>
		<race value='Protoss'/>
		<unitScore value='13375'/>
		<unitScore value='13375'/>
		<killScore value='16350'/>
		<buildingScore value='5900'/>
		<razingScore value='150'/>
		<mineralScore value='15174'/>
		<gasScore value='3640'/>
		<totalScore value='54589'/>
	</enemy>

	<scoreRatio value='1.75748'/>
</results>
