<results>
	<result value='win'/>
	<start value='2015-05-10.04:18:05'/>
	<end value='2015-05-10.04:19:46'/>
	<frames value='56918'/>
	<gameDuration value='3557'/>

	<player>
		<unitScore value='32925'/>
		<killScore value='47250'/>
		<buildingScore value='4025'/>
		<razingScore value='27675'/>
		<mineralScore value='35774'/>
		<gasScore value='4856'/>
		<totalScore value='152505'/>
	</player>

	<enemy>
		<race value='Protoss'/>
		<unitScore value='25975'/>
		<unitScore value='25975'/>
		<killScore value='44750'/>
		<buildingScore value='9225'/>
		<razingScore value='1500'/>
		<mineralScore value='27198'/>
		<gasScore value='11476'/>
		<totalScore value='120124'/>
	</enemy>

	<scoreRatio value='1.26956'/>
	<timeFitness value='0.505972'/>
	<unitsAverage value='112'/>
</results>
