<results>
	<result value='win'/>
	<start value='2014-07-23.01:09:11'/>
	<end value='2014-07-23.01:09:46'/>
	<frames value='31932'/>
	<gameDuration value='1995'/>

	<player>
		<unitScore value='20725'/>
		<killScore value='31750'/>
		<buildingScore value='4225'/>
		<razingScore value='6375'/>
		<mineralScore value='27210'/>
		<gasScore value='2496'/>
		<totalScore value='92781'/>
	</player>

	<enemy>
		<race value='Zerg'/>
		<unitScore value='13825'/>
		<unitScore value='13825'/>
		<killScore value='16800'/>
		<buildingScore value='2125'/>
		<razingScore value='0'/>
		<mineralScore value='13462'/>
		<gasScore value='4320'/>
		<totalScore value='50532'/>
	</enemy>

	<scoreRatio value='1.83608'/>
</results>
