<results>
	<result value='loss'/>
	<start value='2015-07-17.07:09:16'/>
	<end value='2015-07-17.07:10:02'/>
	<frames value='40984'/>
	<gameDuration value='2561'/>

	<player>
		<unitScore value='12300'/>
		<killScore value='6500'/>
		<buildingScore value='3100'/>
		<razingScore value='0'/>
		<mineralScore value='14546'/>
		<gasScore value='1320'/>
		<totalScore value='37766'/>
	</player>

	<enemy>
		<race value='Terran'/>
		<unitScore value='23075'/>
		<killScore value='20850'/>
		<buildingScore value='5575'/>
		<razingScore value='9300'/>
		<mineralScore value='21922'/>
		<gasScore value='12794'/>
		<totalScore value='93516'/>
	</enemy>

	<scoreRatio value='0.403845'/>
	<timeFitness value='0.355694'/>
	<unitsAverage value='47'/>
</results>
