<results>
	<result value='win'/>
	<start value='2015-04-08.12:35:39'/>
	<end value='2015-04-08.12:36:12'/>
	<frames value='32707'/>
	<gameDuration value='2044'/>

	<player>
		<unitScore value='20650'/>
		<killScore value='18700'/>
		<buildingScore value='4750'/>
		<razingScore value='13575'/>
		<mineralScore value='27086'/>
		<gasScore value='3568'/>
		<totalScore value='88329'/>
	</player>

	<enemy>
		<race value='Protoss'/>
		<unitScore value='9400'/>
		<unitScore value='9400'/>
		<killScore value='19150'/>
		<buildingScore value='4525'/>
		<razingScore value='150'/>
		<mineralScore value='13034'/>
		<gasScore value='2088'/>
		<totalScore value='48347'/>
	</enemy>

	<scoreRatio value='1.82698'/>
</results>
