<results>
	<result value='loss'/>
	<start value='2015-04-27.11:28:11'/>
	<end value='2015-04-27.11:28:27'/>
	<frames value='37915'/>
	<gameDuration value='2369'/>

	<player>
		<unitScore value='13550'/>
		<killScore value='9650'/>
		<buildingScore value='2850'/>
		<razingScore value='0'/>
		<mineralScore value='16258'/>
		<gasScore value='2888'/>
		<totalScore value='45196'/>
	</player>

	<enemy>
		<race value='Terran'/>
		<unitScore value='20800'/>
		<unitScore value='20800'/>
		<killScore value='27100'/>
		<buildingScore value='5175'/>
		<razingScore value='8550'/>
		<mineralScore value='20042'/>
		<gasScore value='11560'/>
		<totalScore value='93227'/>
	</enemy>

	<scoreRatio value='0.484795'/>
</results>
