<results>
	<result value='loss'/>
	<start value='2015-03-29.21:13:02'/>
	<end value='2015-03-29.21:13:13'/>
	<frames value='16060'/>
	<gameDuration value='1003'/>

	<player>
		<unitScore value='3250'/>
		<killScore value='1200'/>
		<buildingScore value='1825'/>
		<razingScore value='0'/>
		<mineralScore value='5074'/>
		<gasScore value='472'/>
		<totalScore value='11821'/>
	</player>

	<enemy>
		<race value='Protoss'/>
		<unitScore value='3550'/>
		<unitScore value='3550'/>
		<killScore value='6500'/>
		<buildingScore value='3525'/>
		<razingScore value='5475'/>
		<mineralScore value='8202'/>
		<gasScore value='1624'/>
		<totalScore value='28876'/>
	</enemy>

	<scoreRatio value='0.409371'/>
</results>
