<results>
	<result value='win'/>
	<start value='2015-05-11.20:37:10'/>
	<end value='2015-05-11.20:37:40'/>
	<frames value='29328'/>
	<gameDuration value='1833'/>

	<player>
		<unitScore value='19650'/>
		<killScore value='23850'/>
		<buildingScore value='4425'/>
		<razingScore value='6555'/>
		<mineralScore value='25650'/>
		<gasScore value='2112'/>
		<totalScore value='82242'/>
	</player>

	<enemy>
		<race value='Zerg'/>
		<unitScore value='11375'/>
		<unitScore value='11375'/>
		<killScore value='16250'/>
		<buildingScore value='2185'/>
		<razingScore value='0'/>
		<mineralScore value='12090'/>
		<gasScore value='3800'/>
		<totalScore value='45700'/>
	</enemy>

	<scoreRatio value='1.79961'/>
	<timeFitness value='0.745417'/>
	<unitsAverage value='98'/>
</results>
