<results>
	<result value='win'/>
	<start value='2015-05-11.20:49:51'/>
	<end value='2015-05-11.20:50:26'/>
	<frames value='30289'/>
	<gameDuration value='1893'/>

	<player>
		<unitScore value='22050'/>
		<killScore value='36460'/>
		<buildingScore value='4225'/>
		<razingScore value='6495'/>
		<mineralScore value='26490'/>
		<gasScore value='2248'/>
		<totalScore value='97968'/>
	</player>

	<enemy>
		<race value='Zerg'/>
		<unitScore value='17400'/>
		<unitScore value='17400'/>
		<killScore value='18950'/>
		<buildingScore value='2165'/>
		<razingScore value='0'/>
		<mineralScore value='15338'/>
		<gasScore value='5256'/>
		<totalScore value='59109'/>
	</enemy>

	<scoreRatio value='1.65741'/>
	<timeFitness value='0.737083'/>
	<unitsAverage value='108'/>
</results>
