<results>
	<result value='win'/>
	<start value='2015-05-11.20:52:05'/>
	<end value='2015-05-11.20:52:32'/>
	<frames value='28615'/>
	<gameDuration value='1788'/>

	<player>
		<unitScore value='17750'/>
		<killScore value='22515'/>
		<buildingScore value='4275'/>
		<razingScore value='5460'/>
		<mineralScore value='23098'/>
		<gasScore value='2224'/>
		<totalScore value='75322'/>
	</player>

	<enemy>
		<race value='Zerg'/>
		<unitScore value='10875'/>
		<unitScore value='10875'/>
		<killScore value='12400'/>
		<buildingScore value='1820'/>
		<razingScore value='0'/>
		<mineralScore value='10090'/>
		<gasScore value='2928'/>
		<totalScore value='38113'/>
	</enemy>

	<scoreRatio value='1.97628'/>
	<timeFitness value='0.751667'/>
	<unitsAverage value='87'/>
</results>
