<results>
	<result value='win'/>
	<start value='2015-05-11.20:57:00'/>
	<end value='2015-05-11.20:57:26'/>
	<frames value='25174'/>
	<gameDuration value='1573'/>

	<player>
		<unitScore value='16325'/>
		<killScore value='24640'/>
		<buildingScore value='4350'/>
		<razingScore value='4680'/>
		<mineralScore value='23502'/>
		<gasScore value='1992'/>
		<totalScore value='75489'/>
	</player>

	<enemy>
		<race value='Zerg'/>
		<unitScore value='10900'/>
		<unitScore value='10900'/>
		<killScore value='10350'/>
		<buildingScore value='1560'/>
		<razingScore value='0'/>
		<mineralScore value='9770'/>
		<gasScore value='2720'/>
		<totalScore value='35300'/>
	</enemy>

	<scoreRatio value='2.1385'/>
	<timeFitness value='0.781528'/>
	<unitsAverage value='98'/>
</results>
