<results>
	<result value='win'/>
	<start value='2015-05-11.21:09:32'/>
	<end value='2015-05-11.21:10:44'/>
	<frames value='47401'/>
	<gameDuration value='2962'/>

	<player>
		<unitScore value='35975'/>
		<killScore value='53435'/>
		<buildingScore value='3950'/>
		<razingScore value='10815'/>
		<mineralScore value='36982'/>
		<gasScore value='5732'/>
		<totalScore value='146889'/>
	</player>

	<enemy>
		<race value='Zerg'/>
		<unitScore value='25525'/>
		<unitScore value='25525'/>
		<killScore value='45050'/>
		<buildingScore value='3605'/>
		<razingScore value='150'/>
		<mineralScore value='23346'/>
		<gasScore value='9154'/>
		<totalScore value='106830'/>
	</enemy>

	<scoreRatio value='1.37498'/>
	<timeFitness value='0.588611'/>
	<unitsAverage value='148'/>
</results>
