<results>
	<result value='win'/>
	<start value='2015-05-01.19:28:16'/>
	<end value='2015-05-01.19:29:05'/>
	<frames value='38628'/>
	<gameDuration value='2414'/>

	<player>
		<unitScore value='23400'/>
		<killScore value='25100'/>
		<buildingScore value='4250'/>
		<razingScore value='25200'/>
		<mineralScore value='28638'/>
		<gasScore value='3632'/>
		<totalScore value='110220'/>
	</player>

	<enemy>
		<race value='Protoss'/>
		<unitScore value='12775'/>
		<unitScore value='12775'/>
		<killScore value='25500'/>
		<buildingScore value='8400'/>
		<razingScore value='600'/>
		<mineralScore value='18922'/>
		<gasScore value='5432'/>
		<totalScore value='71629'/>
	</enemy>

	<scoreRatio value='1.53876'/>
	<timeFitness value='0.664722'/>
	<unitsAverage value='97'/>
</results>
