<results>
	<result value='loss'/>
	<start value='2015-05-01.19:32:59'/>
	<end value='2015-05-01.19:33:23'/>
	<frames value='36334'/>
	<gameDuration value='2270'/>

	<player>
		<unitScore value='10300'/>
		<killScore value='8000'/>
		<buildingScore value='2175'/>
		<razingScore value='0'/>
		<mineralScore value='12346'/>
		<gasScore value='2576'/>
		<totalScore value='35397'/>
	</player>

	<enemy>
		<race value='Protoss'/>
		<unitScore value='21675'/>
		<unitScore value='21675'/>
		<killScore value='20350'/>
		<buildingScore value='7075'/>
		<razingScore value='6525'/>
		<mineralScore value='24106'/>
		<gasScore value='9432'/>
		<totalScore value='89163'/>
	</enemy>

	<scoreRatio value='0.396992'/>
	<timeFitness value='0.315278'/>
	<unitsAverage value='31'/>
</results>
