<results>
	<result value='loss'/>
	<start value='2015-05-01.19:57:23'/>
	<end value='2015-05-01.19:57:53'/>
	<frames value='35962'/>
	<gameDuration value='2247'/>

	<player>
		<unitScore value='13500'/>
		<killScore value='9950'/>
		<buildingScore value='3075'/>
		<razingScore value='300'/>
		<mineralScore value='18314'/>
		<gasScore value='2056'/>
		<totalScore value='47195'/>
	</player>

	<enemy>
		<race value='Protoss'/>
		<unitScore value='19575'/>
		<unitScore value='19575'/>
		<killScore value='27000'/>
		<buildingScore value='6975'/>
		<razingScore value='9225'/>
		<mineralScore value='22126'/>
		<gasScore value='8328'/>
		<totalScore value='93229'/>
	</enemy>

	<scoreRatio value='0.506227'/>
	<timeFitness value='0.312083'/>
	<unitsAverage value='53'/>
</results>
