<results>
	<result value='loss'/>
	<start value='2015-07-18.22:47:07'/>
	<end value='2015-07-18.22:47:16'/>
	<frames value='15099'/>
	<gameDuration value='943'/>

	<player>
		<unitScore value='2650'/>
		<killScore value='300'/>
		<buildingScore value='1775'/>
		<razingScore value='0'/>
		<mineralScore value='4002'/>
		<gasScore value='568'/>
		<totalScore value='9295'/>
	</player>

	<enemy>
		<race value='Protoss'/>
		<unitScore value='3550'/>
		<killScore value='4600'/>
		<buildingScore value='2775'/>
		<razingScore value='5325'/>
		<mineralScore value='7530'/>
		<gasScore value='1392'/>
		<totalScore value='25172'/>
	</enemy>

	<scoreRatio value='0.36926'/>
	<timeFitness value='0.130972'/>
	<unitsAverage value='21'/>
</results>
