<results>
	<result value='loss'/>
	<start value='2015-04-13.21:13:17'/>
	<end value='2015-04-13.21:13:30'/>
	<frames value='14045'/>
	<gameDuration value='877'/>

	<player>
		<unitScore value='2850'/>
		<killScore value='1000'/>
		<buildingScore value='1525'/>
		<razingScore value='0'/>
		<mineralScore value='4522'/>
		<gasScore value='720'/>
		<totalScore value='10617'/>
	</player>

	<enemy>
		<race value='Protoss'/>
		<unitScore value='3550'/>
		<unitScore value='3550'/>
		<killScore value='5600'/>
		<buildingScore value='2075'/>
		<razingScore value='4575'/>
		<mineralScore value='6938'/>
		<gasScore value='1176'/>
		<totalScore value='23914'/>
	</enemy>

	<scoreRatio value='0.443966'/>
</results>
