<results>
	<result value='win'/>
	<start value='2015-04-26.13:20:09'/>
	<end value='2015-04-26.13:20:30'/>
	<frames value='25639'/>
	<gameDuration value='1602'/>

	<player>
		<unitScore value='9600'/>
		<killScore value='20650'/>
		<buildingScore value='3200'/>
		<razingScore value='6600'/>
		<mineralScore value='13790'/>
		<gasScore value='1736'/>
		<totalScore value='55576'/>
	</player>

	<enemy>
		<race value='Terran'/>
		<unitScore value='11025'/>
		<unitScore value='11025'/>
		<killScore value='6600'/>
		<buildingScore value='2300'/>
		<razingScore value='1725'/>
		<mineralScore value='10634'/>
		<gasScore value='3808'/>
		<totalScore value='36092'/>
	</enemy>

	<scoreRatio value='1.53984'/>
</results>
