<results>
	<result value='win'/>
	<start value='2015-05-10.10:28:49'/>
	<end value='2015-05-10.10:29:21'/>
	<frames value='32552'/>
	<gameDuration value='2034'/>

	<player>
		<unitScore value='17125'/>
		<killScore value='22000'/>
		<buildingScore value='4275'/>
		<razingScore value='16425'/>
		<mineralScore value='30362'/>
		<gasScore value='3248'/>
		<totalScore value='93435'/>
	</player>

	<enemy>
		<race value='Protoss'/>
		<unitScore value='11350'/>
		<unitScore value='11350'/>
		<killScore value='13550'/>
		<buildingScore value='5475'/>
		<razingScore value='1350'/>
		<mineralScore value='15958'/>
		<gasScore value='3936'/>
		<totalScore value='51619'/>
	</enemy>

	<scoreRatio value='1.81009'/>
	<timeFitness value='0.7175'/>
	<unitsAverage value='103'/>
</results>
