<results>
	<result value='loss'/>
	<start value='2015-05-10.10:30:53'/>
	<end value='2015-05-10.10:31:35'/>
	<frames value='48362'/>
	<gameDuration value='3022'/>

	<player>
		<unitScore value='28050'/>
		<killScore value='31400'/>
		<buildingScore value='3125'/>
		<razingScore value='3900'/>
		<mineralScore value='30482'/>
		<gasScore value='4656'/>
		<totalScore value='101613'/>
	</player>

	<enemy>
		<race value='Protoss'/>
		<unitScore value='32675'/>
		<unitScore value='32675'/>
		<killScore value='56200'/>
		<buildingScore value='8125'/>
		<razingScore value='9375'/>
		<mineralScore value='31638'/>
		<gasScore value='9576'/>
		<totalScore value='147589'/>
	</enemy>

	<scoreRatio value='0.688486'/>
	<timeFitness value='0.419722'/>
	<unitsAverage value='84'/>
</results>
