<results>
	<result value='loss'/>
	<start value='2015-05-04.03:44:07'/>
	<end value='2015-05-04.03:44:17'/>
	<frames value='19656'/>
	<gameDuration value='1228'/>

	<player>
		<unitScore value='5325'/>
		<killScore value='900'/>
		<buildingScore value='2025'/>
		<razingScore value='0'/>
		<mineralScore value='7874'/>
		<gasScore value='1096'/>
		<totalScore value='17220'/>
	</player>

	<enemy>
		<race value='Protoss'/>
		<unitScore value='5800'/>
		<unitScore value='5800'/>
		<killScore value='10750'/>
		<buildingScore value='4625'/>
		<razingScore value='6075'/>
		<mineralScore value='11202'/>
		<gasScore value='2504'/>
		<totalScore value='40956'/>
	</enemy>

	<scoreRatio value='0.420451'/>
	<timeFitness value='0.170556'/>
	<unitsAverage value='28'/>
</results>
