<results>
	<result value='win'/>
	<start value='2015-05-04.03:50:31'/>
	<end value='2015-05-04.03:50:53'/>
	<frames value='28398'/>
	<gameDuration value='1774'/>

	<player>
		<unitScore value='14200'/>
		<killScore value='10200'/>
		<buildingScore value='3725'/>
		<razingScore value='12975'/>
		<mineralScore value='20334'/>
		<gasScore value='2152'/>
		<totalScore value='63586'/>
	</player>

	<enemy>
		<race value='Protoss'/>
		<unitScore value='5100'/>
		<unitScore value='5100'/>
		<killScore value='11050'/>
		<buildingScore value='4325'/>
		<razingScore value='300'/>
		<mineralScore value='12290'/>
		<gasScore value='2328'/>
		<totalScore value='35393'/>
	</enemy>

	<scoreRatio value='1.79657'/>
	<timeFitness value='0.753611'/>
	<unitsAverage value='75'/>
</results>
