<results>
	<result value='win'/>
	<start value='2015-04-29.23:09:34'/>
	<end value='2015-04-29.23:10:07'/>
	<frames value='29948'/>
	<gameDuration value='1871'/>

	<player>
		<unitScore value='16275'/>
		<killScore value='12000'/>
		<buildingScore value='2825'/>
		<razingScore value='19425'/>
		<mineralScore value='19618'/>
		<gasScore value='2256'/>
		<totalScore value='72399'/>
	</player>

	<enemy>
		<race value='Protoss'/>
		<unitScore value='6050'/>
		<unitScore value='6050'/>
		<killScore value='18800'/>
		<buildingScore value='6475'/>
		<razingScore value='1500'/>
		<mineralScore value='14458'/>
		<gasScore value='3880'/>
		<totalScore value='51163'/>
	</enemy>

	<scoreRatio value='1.41507'/>
</results>
