<results>
	<result value='loss'/>
	<start value='2015-04-29.23:10:10'/>
	<end value='2015-04-29.23:11:20'/>
	<frames value='48176'/>
	<gameDuration value='3011'/>

	<player>
		<unitScore value='22475'/>
		<killScore value='32900'/>
		<buildingScore value='2600'/>
		<razingScore value='3600'/>
		<mineralScore value='24098'/>
		<gasScore value='4432'/>
		<totalScore value='90105'/>
	</player>

	<enemy>
		<race value='Protoss'/>
		<unitScore value='33250'/>
		<unitScore value='33250'/>
		<killScore value='44950'/>
		<buildingScore value='8175'/>
		<razingScore value='7800'/>
		<mineralScore value='31958'/>
		<gasScore value='10322'/>
		<totalScore value='136455'/>
	</enemy>

	<scoreRatio value='0.660328'/>
</results>
