<results>
	<result value='loss'/>
	<start value='2015-04-29.23:17:27'/>
	<end value='2015-04-29.23:17:36'/>
	<frames value='14944'/>
	<gameDuration value='934'/>

	<player>
		<unitScore value='2750'/>
		<killScore value='200'/>
		<buildingScore value='1475'/>
		<razingScore value='0'/>
		<mineralScore value='4490'/>
		<gasScore value='488'/>
		<totalScore value='9403'/>
	</player>

	<enemy>
		<race value='Protoss'/>
		<unitScore value='3550'/>
		<unitScore value='3550'/>
		<killScore value='5500'/>
		<buildingScore value='2675'/>
		<razingScore value='4425'/>
		<mineralScore value='7642'/>
		<gasScore value='1304'/>
		<totalScore value='25096'/>
	</enemy>

	<scoreRatio value='0.374681'/>
</results>
