<results>
	<result value='loss'/>
	<start value='2015-07-20.02:51:18'/>
	<end value='2015-07-20.02:51:52'/>
	<frames value='29080'/>
	<gameDuration value='1817'/>

	<player>
		<unitScore value='10650'/>
		<killScore value='7800'/>
		<buildingScore value='4425'/>
		<razingScore value='0'/>
		<mineralScore value='20218'/>
		<gasScore value='3072'/>
		<totalScore value='46165'/>
	</player>

	<enemy>
		<race value='Zerg'/>
		<unitScore value='15025'/>
		<killScore value='18350'/>
		<buildingScore value='3420'/>
		<razingScore value='13275'/>
		<mineralScore value='17494'/>
		<gasScore value='5760'/>
		<totalScore value='73324'/>
	</enemy>

	<scoreRatio value='0.629603'/>
	<timeFitness value='0.252361'/>
	<unitsAverage value='70'/>
</results>
