<results>
	<result value='draw'/>
	<start value='2015-07-20.03:03:02'/>
	<end value='2015-07-20.03:05:19'/>
	<frames value='57601'/>
	<gameDuration value='3600'/>

	<player>
		<unitScore value='32825'/>
		<killScore value='57950'/>
		<buildingScore value='3750'/>
		<razingScore value='510'/>
		<mineralScore value='31558'/>
		<gasScore value='6336'/>
		<totalScore value='132929'/>
	</player>

	<enemy>
		<race value='Zerg'/>
		<unitScore value='35300'/>
		<killScore value='56600'/>
		<buildingScore value='4240'/>
		<razingScore value='900'/>
		<mineralScore value='30626'/>
		<gasScore value='11962'/>
		<totalScore value='139628'/>
	</enemy>

	<scoreRatio value='0.952022'/>
	<timeFitness value='0.5'/>
	<unitsAverage value='141'/>
</results>
