<results>
	<result value='loss'/>
	<start value='2015-07-20.03:05:21'/>
	<end value='2015-07-20.03:05:36'/>
	<frames value='19842'/>
	<gameDuration value='1240'/>

	<player>
		<unitScore value='5925'/>
		<killScore value='2650'/>
		<buildingScore value='2175'/>
		<razingScore value='0'/>
		<mineralScore value='7090'/>
		<gasScore value='1752'/>
		<totalScore value='19592'/>
	</player>

	<enemy>
		<race value='Zerg'/>
		<unitScore value='7600'/>
		<killScore value='10300'/>
		<buildingScore value='2630'/>
		<razingScore value='6525'/>
		<mineralScore value='9762'/>
		<gasScore value='2944'/>
		<totalScore value='39761'/>
	</enemy>

	<scoreRatio value='0.492744'/>
	<timeFitness value='0.172222'/>
	<unitsAverage value='34'/>
</results>
