<results>
	<result value='loss'/>
	<start value='2015-04-28.16:59:01'/>
	<end value='2015-04-28.16:59:11'/>
	<frames value='17393'/>
	<gameDuration value='1087'/>

	<player>
		<unitScore value='3050'/>
		<killScore value='2000'/>
		<buildingScore value='1550'/>
		<razingScore value='0'/>
		<mineralScore value='4810'/>
		<gasScore value='688'/>
		<totalScore value='12098'/>
	</player>

	<enemy>
		<race value='Protoss'/>
		<unitScore value='3700'/>
		<unitScore value='3700'/>
		<killScore value='6100'/>
		<buildingScore value='4125'/>
		<razingScore value='4650'/>
		<mineralScore value='9170'/>
		<gasScore value='1976'/>
		<totalScore value='29721'/>
	</enemy>

	<scoreRatio value='0.407052'/>
</results>
