<results>
	<result value='loss'/>
	<start value='2015-05-07.15:06:48'/>
	<end value='2015-05-07.15:07:00'/>
	<frames value='21423'/>
	<gameDuration value='1338'/>

	<player>
		<unitScore value='4200'/>
		<killScore value='3700'/>
		<buildingScore value='1275'/>
		<razingScore value='0'/>
		<mineralScore value='5618'/>
		<gasScore value='928'/>
		<totalScore value='15721'/>
	</player>

	<enemy>
		<race value='Protoss'/>
		<unitScore value='6425'/>
		<unitScore value='6425'/>
		<killScore value='8400'/>
		<buildingScore value='5275'/>
		<razingScore value='3825'/>
		<mineralScore value='12890'/>
		<gasScore value='2880'/>
		<totalScore value='39695'/>
	</enemy>

	<scoreRatio value='0.396045'/>
	<timeFitness value='0.185833'/>
	<unitsAverage value='27'/>
</results>
