<results>
	<result value='win'/>
	<start value='2015-05-07.15:11:03'/>
	<end value='2015-05-07.15:11:43'/>
	<frames value='31343'/>
	<gameDuration value='1958'/>

	<player>
		<unitScore value='19725'/>
		<killScore value='25400'/>
		<buildingScore value='4600'/>
		<razingScore value='16125'/>
		<mineralScore value='32066'/>
		<gasScore value='3032'/>
		<totalScore value='100948'/>
	</player>

	<enemy>
		<race value='Protoss'/>
		<unitScore value='14450'/>
		<unitScore value='14450'/>
		<killScore value='16400'/>
		<buildingScore value='5375'/>
		<razingScore value='0'/>
		<mineralScore value='14362'/>
		<gasScore value='4504'/>
		<totalScore value='55091'/>
	</enemy>

	<scoreRatio value='1.83239'/>
	<timeFitness value='0.728056'/>
	<unitsAverage value='117'/>
</results>
