<results>
	<result value='loss'/>
	<start value='2015-05-07.15:19:01'/>
	<end value='2015-05-07.15:19:44'/>
	<frames value='47122'/>
	<gameDuration value='2945'/>

	<player>
		<unitScore value='20100'/>
		<killScore value='37350'/>
		<buildingScore value='2725'/>
		<razingScore value='300'/>
		<mineralScore value='24026'/>
		<gasScore value='4972'/>
		<totalScore value='89473'/>
	</player>

	<enemy>
		<race value='Protoss'/>
		<unitScore value='40175'/>
		<unitScore value='40175'/>
		<killScore value='40200'/>
		<buildingScore value='8025'/>
		<razingScore value='8175'/>
		<mineralScore value='33202'/>
		<gasScore value='14010'/>
		<totalScore value='143787'/>
	</enemy>

	<scoreRatio value='0.622261'/>
	<timeFitness value='0.409028'/>
	<unitsAverage value='76'/>
</results>
