<results>
	<result value='win'/>
	<start value='2015-04-08.20:09:12'/>
	<end value='2015-04-08.20:09:59'/>
	<frames value='36396'/>
	<gameDuration value='2274'/>

	<player>
		<unitScore value='27075'/>
		<killScore value='31750'/>
		<buildingScore value='4025'/>
		<razingScore value='18825'/>
		<mineralScore value='39062'/>
		<gasScore value='4080'/>
		<totalScore value='124817'/>
	</player>

	<enemy>
		<race value='Protoss'/>
		<unitScore value='18200'/>
		<unitScore value='18200'/>
		<killScore value='30000'/>
		<buildingScore value='6275'/>
		<razingScore value='300'/>
		<mineralScore value='18450'/>
		<gasScore value='6656'/>
		<totalScore value='79881'/>
	</enemy>

	<scoreRatio value='1.56254'/>
</results>
