<results>
	<result value='loss'/>
	<start value='2015-04-08.20:10:03'/>
	<end value='2015-04-08.20:10:18'/>
	<frames value='28739'/>
	<gameDuration value='1796'/>

	<player>
		<unitScore value='5000'/>
		<killScore value='3050'/>
		<buildingScore value='2125'/>
		<razingScore value='0'/>
		<mineralScore value='7554'/>
		<gasScore value='912'/>
		<totalScore value='18641'/>
	</player>

	<enemy>
		<race value='Protoss'/>
		<unitScore value='12575'/>
		<unitScore value='12575'/>
		<killScore value='9750'/>
		<buildingScore value='6975'/>
		<razingScore value='6375'/>
		<mineralScore value='17118'/>
		<gasScore value='6680'/>
		<totalScore value='59473'/>
	</enemy>

	<scoreRatio value='0.313436'/>
</results>
