<results>
	<result value='loss'/>
	<start value='2014-07-07.23:30:26'/>
	<end value='2014-07-07.23:30:38'/>
	<frames value='22632'/>
	<gameDuration value='1414'/>

	<player>
		<unitScore value='6800'/>
		<killScore value='900'/>
		<buildingScore value='2275'/>
		<razingScore value='0'/>
		<mineralScore value='9986'/>
		<gasScore value='1072'/>
		<totalScore value='21033'/>
	</player>

	<enemy>
		<race value='Protoss'/>
		<unitScore value='6875'/>
		<unitScore value='6875'/>
		<killScore value='13500'/>
		<buildingScore value='5275'/>
		<razingScore value='6825'/>
		<mineralScore value='13610'/>
		<gasScore value='3128'/>
		<totalScore value='49213'/>
	</enemy>

	<scoreRatio value='0.427387'/>
</results>
