<results>
	<result value='loss'/>
	<start value='2014-07-07.23:35:37'/>
	<end value='2014-07-07.23:36:20'/>
	<frames value='50408'/>
	<gameDuration value='3150'/>

	<player>
		<unitScore value='23525'/>
		<killScore value='30700'/>
		<buildingScore value='3200'/>
		<razingScore value='0'/>
		<mineralScore value='31374'/>
		<gasScore value='7592'/>
		<totalScore value='96391'/>
	</player>

	<enemy>
		<race value='Protoss'/>
		<unitScore value='32625'/>
		<unitScore value='32625'/>
		<killScore value='47050'/>
		<buildingScore value='6725'/>
		<razingScore value='9600'/>
		<mineralScore value='31042'/>
		<gasScore value='11322'/>
		<totalScore value='138364'/>
	</enemy>

	<scoreRatio value='0.696648'/>
</results>
