<results>
	<result value='loss'/>
	<start value='2015-07-18.02:24:19'/>
	<end value='2015-07-18.02:24:44'/>
	<frames value='24740'/>
	<gameDuration value='1546'/>

	<player>
		<unitScore value='11400'/>
		<killScore value='3300'/>
		<buildingScore value='1800'/>
		<razingScore value='0'/>
		<mineralScore value='11102'/>
		<gasScore value='2024'/>
		<totalScore value='29626'/>
	</player>

	<enemy>
		<race value='Terran'/>
		<unitScore value='9175'/>
		<killScore value='20850'/>
		<buildingScore value='3175'/>
		<razingScore value='5400'/>
		<mineralScore value='12230'/>
		<gasScore value='4040'/>
		<totalScore value='54870'/>
	</enemy>

	<scoreRatio value='0.539931'/>
	<timeFitness value='0.214722'/>
	<unitsAverage value='45'/>
</results>
