<results>
	<result value='loss'/>
	<start value='2015-07-18.02:38:33'/>
	<end value='2015-07-18.02:38:58'/>
	<frames value='23314'/>
	<gameDuration value='1457'/>

	<player>
		<unitScore value='9925'/>
		<killScore value='3800'/>
		<buildingScore value='2625'/>
		<razingScore value='0'/>
		<mineralScore value='10858'/>
		<gasScore value='2344'/>
		<totalScore value='29552'/>
	</player>

	<enemy>
		<race value='Terran'/>
		<unitScore value='8000'/>
		<killScore value='17750'/>
		<buildingScore value='2700'/>
		<razingScore value='7875'/>
		<mineralScore value='11230'/>
		<gasScore value='3728'/>
		<totalScore value='51283'/>
	</enemy>

	<scoreRatio value='0.576253'/>
	<timeFitness value='0.202361'/>
	<unitsAverage value='40'/>
</results>
