<results>
	<result value='win'/>
	<start value='2015-04-10.19:38:48'/>
	<end value='2015-04-10.19:39:59'/>
	<frames value='31808'/>
	<gameDuration value='1988'/>

	<player>
		<unitScore value='20625'/>
		<killScore value='23200'/>
		<buildingScore value='3350'/>
		<razingScore value='14850'/>
		<mineralScore value='30022'/>
		<gasScore value='3504'/>
		<totalScore value='95551'/>
	</player>

	<enemy>
		<race value='Protoss'/>
		<unitScore value='11700'/>
		<unitScore value='11700'/>
		<killScore value='17700'/>
		<buildingScore value='4950'/>
		<razingScore value='0'/>
		<mineralScore value='24238'/>
		<gasScore value='3320'/>
		<totalScore value='61908'/>
	</enemy>

	<scoreRatio value='1.54344'/>
</results>
