<results>
	<result value='loss'/>
	<start value='2015-04-10.19:41:15'/>
	<end value='2015-04-10.19:42:24'/>
	<frames value='45107'/>
	<gameDuration value='2819'/>

	<player>
		<unitScore value='22000'/>
		<killScore value='34450'/>
		<buildingScore value='2975'/>
		<razingScore value='0'/>
		<mineralScore value='23986'/>
		<gasScore value='4056'/>
		<totalScore value='87467'/>
	</player>

	<enemy>
		<race value='Protoss'/>
		<unitScore value='37125'/>
		<unitScore value='37125'/>
		<killScore value='44000'/>
		<buildingScore value='7475'/>
		<razingScore value='8925'/>
		<mineralScore value='31850'/>
		<gasScore value='12274'/>
		<totalScore value='141649'/>
	</enemy>

	<scoreRatio value='0.617491'/>
</results>
