<results>
	<result value='loss'/>
	<start value='2015-07-13.02:38:49'/>
	<end value='2015-07-13.02:39:14'/>
	<frames value='32831'/>
	<gameDuration value='2051'/>

	<player>
		<unitScore value='14400'/>
		<killScore value='4700'/>
		<buildingScore value='2900'/>
		<razingScore value='150'/>
		<mineralScore value='17454'/>
		<gasScore value='2440'/>
		<totalScore value='42044'/>
	</player>

	<enemy>
		<race value='Protoss'/>
		<unitScore value='17700'/>
		<killScore value='28800'/>
		<buildingScore value='6975'/>
		<razingScore value='8700'/>
		<mineralScore value='21082'/>
		<gasScore value='8488'/>
		<totalScore value='91745'/>
	</enemy>

	<scoreRatio value='0.45827'/>
	<timeFitness value='0.284861'/>
	<unitsAverage value='44'/>
</results>
