<results>
	<result value='loss'/>
	<start value='2015-07-13.02:48:04'/>
	<end value='2015-07-13.02:48:29'/>
	<frames value='34598'/>
	<gameDuration value='2162'/>

	<player>
		<unitScore value='14975'/>
		<killScore value='8650'/>
		<buildingScore value='2425'/>
		<razingScore value='0'/>
		<mineralScore value='15182'/>
		<gasScore value='2248'/>
		<totalScore value='43480'/>
	</player>

	<enemy>
		<race value='Protoss'/>
		<unitScore value='20675'/>
		<killScore value='29950'/>
		<buildingScore value='6925'/>
		<razingScore value='7275'/>
		<mineralScore value='22570'/>
		<gasScore value='9032'/>
		<totalScore value='96427'/>
	</enemy>

	<scoreRatio value='0.450911'/>
	<timeFitness value='0.300278'/>
	<unitsAverage value='37'/>
</results>
