<results>
	<result value='win'/>
	<start value='2015-05-06.03:27:25'/>
	<end value='2015-05-06.03:27:46'/>
	<frames value='26352'/>
	<gameDuration value='1647'/>

	<player>
		<unitScore value='16650'/>
		<killScore value='15000'/>
		<buildingScore value='3925'/>
		<razingScore value='10275'/>
		<mineralScore value='22834'/>
		<gasScore value='2784'/>
		<totalScore value='71468'/>
	</player>

	<enemy>
		<race value='Protoss'/>
		<unitScore value='7500'/>
		<unitScore value='7500'/>
		<killScore value='13150'/>
		<buildingScore value='3425'/>
		<razingScore value='0'/>
		<mineralScore value='17150'/>
		<gasScore value='1016'/>
		<totalScore value='42241'/>
	</enemy>

	<scoreRatio value='1.69191'/>
	<timeFitness value='0.77125'/>
	<unitsAverage value='91'/>
</results>
