<results>
	<result value='win'/>
	<start value='2015-05-06.03:33:44'/>
	<end value='2015-05-06.03:34:06'/>
	<frames value='29700'/>
	<gameDuration value='1856'/>

	<player>
		<unitScore value='15225'/>
		<killScore value='15850'/>
		<buildingScore value='2375'/>
		<razingScore value='20400'/>
		<mineralScore value='19818'/>
		<gasScore value='3080'/>
		<totalScore value='76748'/>
	</player>

	<enemy>
		<race value='Protoss'/>
		<unitScore value='8125'/>
		<unitScore value='8125'/>
		<killScore value='14450'/>
		<buildingScore value='6800'/>
		<razingScore value='0'/>
		<mineralScore value='16318'/>
		<gasScore value='3616'/>
		<totalScore value='49309'/>
	</enemy>

	<scoreRatio value='1.55647'/>
	<timeFitness value='0.742222'/>
	<unitsAverage value='75'/>
</results>
