<results>
	<result value='loss'/>
	<start value='2015-05-06.03:38:54'/>
	<end value='2015-05-06.03:39:02'/>
	<frames value='19067'/>
	<gameDuration value='1191'/>

	<player>
		<unitScore value='4550'/>
		<killScore value='1800'/>
		<buildingScore value='1550'/>
		<razingScore value='0'/>
		<mineralScore value='6482'/>
		<gasScore value='520'/>
		<totalScore value='14902'/>
	</player>

	<enemy>
		<race value='Protoss'/>
		<unitScore value='3900'/>
		<unitScore value='3900'/>
		<killScore value='9100'/>
		<buildingScore value='4825'/>
		<razingScore value='4650'/>
		<mineralScore value='11002'/>
		<gasScore value='1992'/>
		<totalScore value='35469'/>
	</enemy>

	<scoreRatio value='0.420142'/>
	<timeFitness value='0.165417'/>
	<unitsAverage value='21'/>
</results>
