<results>
	<result value='loss'/>
	<start value='2015-05-06.03:42:07'/>
	<end value='2015-05-06.03:42:25'/>
	<frames value='38504'/>
	<gameDuration value='2406'/>

	<player>
		<unitScore value='8600'/>
		<killScore value='11100'/>
		<buildingScore value='1300'/>
		<razingScore value='300'/>
		<mineralScore value='11986'/>
		<gasScore value='816'/>
		<totalScore value='34102'/>
	</player>

	<enemy>
		<race value='Protoss'/>
		<unitScore value='23300'/>
		<unitScore value='23300'/>
		<killScore value='17300'/>
		<buildingScore value='7225'/>
		<razingScore value='3900'/>
		<mineralScore value='25186'/>
		<gasScore value='9822'/>
		<totalScore value='86733'/>
	</enemy>

	<scoreRatio value='0.393184'/>
	<timeFitness value='0.334167'/>
	<unitsAverage value='32'/>
</results>
