<results>
	<result value='draw'/>
	<start value='2015-05-06.03:52:42'/>
	<end value='2015-05-06.03:53:27'/>
	<frames value='57601'/>
	<gameDuration value='3600'/>

	<player>
		<unitScore value='24550'/>
		<killScore value='54800'/>
		<buildingScore value='2425'/>
		<razingScore value='24450'/>
		<mineralScore value='26522'/>
		<gasScore value='5076'/>
		<totalScore value='137823'/>
	</player>

	<enemy>
		<race value='Protoss'/>
		<unitScore value='27625'/>
		<unitScore value='27625'/>
		<killScore value='36850'/>
		<buildingScore value='8550'/>
		<razingScore value='750'/>
		<mineralScore value='28654'/>
		<gasScore value='8392'/>
		<totalScore value='110821'/>
	</enemy>

	<scoreRatio value='1.24365'/>
	<timeFitness value='0.5'/>
	<unitsAverage value='91'/>
</results>
