<results>
	<result value='win'/>
	<start value='2015-05-06.03:56:52'/>
	<end value='2015-05-06.03:57:15'/>
	<frames value='27716'/>
	<gameDuration value='1732'/>

	<player>
		<unitScore value='15150'/>
		<killScore value='15100'/>
		<buildingScore value='3725'/>
		<razingScore value='14925'/>
		<mineralScore value='22666'/>
		<gasScore value='2168'/>
		<totalScore value='73734'/>
	</player>

	<enemy>
		<race value='Protoss'/>
		<unitScore value='8250'/>
		<unitScore value='8250'/>
		<killScore value='10000'/>
		<buildingScore value='4975'/>
		<razingScore value='300'/>
		<mineralScore value='12410'/>
		<gasScore value='2592'/>
		<totalScore value='38527'/>
	</enemy>

	<scoreRatio value='1.91383'/>
	<timeFitness value='0.759444'/>
	<unitsAverage value='90'/>
</results>
