<results>
	<result value='win'/>
	<start value='2015-04-29.16:18:18'/>
	<end value='2015-04-29.16:18:31'/>
	<frames value='17982'/>
	<gameDuration value='1123'/>

	<player>
		<unitScore value='7075'/>
		<killScore value='10800'/>
		<buildingScore value='2450'/>
		<razingScore value='4800'/>
		<mineralScore value='11506'/>
		<gasScore value='1376'/>
		<totalScore value='38007'/>
	</player>

	<enemy>
		<race value='Terran'/>
		<unitScore value='5400'/>
		<unitScore value='5400'/>
		<killScore value='3700'/>
		<buildingScore value='1600'/>
		<razingScore value='300'/>
		<mineralScore value='7826'/>
		<gasScore value='2016'/>
		<totalScore value='20842'/>
	</enemy>

	<scoreRatio value='1.82358'/>
	<timeFitness value='0.844028'/>
	<unitsAverage value='50'/>
</results>
