<results>
	<result value='win'/>
	<start value='2015-04-29.16:19:51'/>
	<end value='2015-04-29.16:20:24'/>
	<frames value='28243'/>
	<gameDuration value='1765'/>

	<player>
		<unitScore value='14575'/>
		<killScore value='23650'/>
		<buildingScore value='4675'/>
		<razingScore value='9450'/>
		<mineralScore value='21890'/>
		<gasScore value='2680'/>
		<totalScore value='76920'/>
	</player>

	<enemy>
		<race value='Terran'/>
		<unitScore value='12125'/>
		<unitScore value='12125'/>
		<killScore value='8500'/>
		<buildingScore value='3150'/>
		<razingScore value='1500'/>
		<mineralScore value='10834'/>
		<gasScore value='4816'/>
		<totalScore value='40925'/>
	</enemy>

	<scoreRatio value='1.87954'/>
	<timeFitness value='0.754861'/>
	<unitsAverage value='85'/>
</results>
