<results>
	<result value='win'/>
	<start value='2015-04-29.16:27:02'/>
	<end value='2015-04-29.16:27:25'/>
	<frames value='27623'/>
	<gameDuration value='1726'/>

	<player>
		<unitScore value='11425'/>
		<killScore value='24650'/>
		<buildingScore value='3275'/>
		<razingScore value='9225'/>
		<mineralScore value='16250'/>
		<gasScore value='2264'/>
		<totalScore value='67089'/>
	</player>

	<enemy>
		<race value='Terran'/>
		<unitScore value='14225'/>
		<unitScore value='14225'/>
		<killScore value='9800'/>
		<buildingScore value='3150'/>
		<razingScore value='1500'/>
		<mineralScore value='12634'/>
		<gasScore value='5656'/>
		<totalScore value='46965'/>
	</enemy>

	<scoreRatio value='1.42849'/>
	<timeFitness value='0.760278'/>
	<unitsAverage value='57'/>
</results>
