<results>
	<result value='loss'/>
	<start value='2015-05-09.20:36:33'/>
	<end value='2015-05-09.20:36:42'/>
	<frames value='17269'/>
	<gameDuration value='1079'/>

	<player>
		<unitScore value='3725'/>
		<killScore value='500'/>
		<buildingScore value='1100'/>
		<razingScore value='0'/>
		<mineralScore value='5162'/>
		<gasScore value='824'/>
		<totalScore value='11311'/>
	</player>

	<enemy>
		<race value='Terran'/>
		<unitScore value='6350'/>
		<unitScore value='6350'/>
		<killScore value='7450'/>
		<buildingScore value='2625'/>
		<razingScore value='3300'/>
		<mineralScore value='7874'/>
		<gasScore value='2496'/>
		<totalScore value='30095'/>
	</enemy>

	<scoreRatio value='0.375843'/>
	<timeFitness value='0.149861'/>
	<unitsAverage value='23'/>
</results>
