<results>
	<result value='win'/>
	<start value='2015-04-28.20:51:38'/>
	<end value='2015-04-28.20:52:21'/>
	<frames value='40364'/>
	<gameDuration value='2522'/>

	<player>
		<unitScore value='25825'/>
		<killScore value='39500'/>
		<buildingScore value='3925'/>
		<razingScore value='14775'/>
		<mineralScore value='29846'/>
		<gasScore value='4440'/>
		<totalScore value='118311'/>
	</player>

	<enemy>
		<race value='Protoss'/>
		<unitScore value='19750'/>
		<unitScore value='19750'/>
		<killScore value='25950'/>
		<buildingScore value='4925'/>
		<razingScore value='0'/>
		<mineralScore value='23050'/>
		<gasScore value='6208'/>
		<totalScore value='79883'/>
	</enemy>

	<scoreRatio value='1.48105'/>
	<timeFitness value='0.649722'/>
	<unitsAverage value='123'/>
</results>
