<results>
	<result value='loss'/>
	<start value='2015-07-20.01:39:05'/>
	<end value='2015-07-20.01:40:01'/>
	<frames value='27902'/>
	<gameDuration value='1743'/>

	<player>
		<unitScore value='12300'/>
		<killScore value='6700'/>
		<buildingScore value='3100'/>
		<razingScore value='0'/>
		<mineralScore value='20678'/>
		<gasScore value='1624'/>
		<totalScore value='44402'/>
	</player>

	<enemy>
		<race value='Zerg'/>
		<unitScore value='16325'/>
		<killScore value='21900'/>
		<buildingScore value='3280'/>
		<razingScore value='9300'/>
		<mineralScore value='16006'/>
		<gasScore value='5624'/>
		<totalScore value='72435'/>
	</enemy>

	<scoreRatio value='0.612991'/>
	<timeFitness value='0.242083'/>
	<unitsAverage value='59'/>
</results>
