<results>
	<result value='win'/>
	<start value='2015-04-27.23:17:51'/>
	<end value='2015-04-27.23:18:33'/>
	<frames value='35807'/>
	<gameDuration value='2237'/>

	<player>
		<unitScore value='22525'/>
		<killScore value='37100'/>
		<buildingScore value='4125'/>
		<razingScore value='12075'/>
		<mineralScore value='34254'/>
		<gasScore value='2440'/>
		<totalScore value='112519'/>
	</player>

	<enemy>
		<race value='Terran'/>
		<unitScore value='22900'/>
		<unitScore value='22900'/>
		<killScore value='22650'/>
		<buildingScore value='4100'/>
		<razingScore value='1500'/>
		<mineralScore value='17138'/>
		<gasScore value='8776'/>
		<totalScore value='77064'/>
	</enemy>

	<scoreRatio value='1.46007'/>
</results>
