<results>
	<result value='win'/>
	<start value='2015-04-27.23:29:09'/>
	<end value='2015-04-27.23:29:30'/>
	<frames value='29700'/>
	<gameDuration value='1856'/>

	<player>
		<unitScore value='13600'/>
		<killScore value='25300'/>
		<buildingScore value='3775'/>
		<razingScore value='10425'/>
		<mineralScore value='19186'/>
		<gasScore value='2720'/>
		<totalScore value='75006'/>
	</player>

	<enemy>
		<race value='Terran'/>
		<unitScore value='13850'/>
		<unitScore value='13850'/>
		<killScore value='9450'/>
		<buildingScore value='3475'/>
		<razingScore value='1350'/>
		<mineralScore value='12646'/>
		<gasScore value='5864'/>
		<totalScore value='46635'/>
	</enemy>

	<scoreRatio value='1.60836'/>
</results>
