<results>
	<result value='win'/>
	<start value='2015-05-10.17:17:59'/>
	<end value='2015-05-10.17:18:18'/>
	<frames value='24771'/>
	<gameDuration value='1548'/>

	<player>
		<unitScore value='16300'/>
		<killScore value='22150'/>
		<buildingScore value='3600'/>
		<razingScore value='5460'/>
		<mineralScore value='21746'/>
		<gasScore value='2608'/>
		<totalScore value='71864'/>
	</player>

	<enemy>
		<race value='Zerg'/>
		<unitScore value='10200'/>
		<unitScore value='10200'/>
		<killScore value='13500'/>
		<buildingScore value='1820'/>
		<razingScore value='0'/>
		<mineralScore value='9234'/>
		<gasScore value='2864'/>
		<totalScore value='37618'/>
	</enemy>

	<scoreRatio value='1.91036'/>
	<timeFitness value='0.785'/>
	<unitsAverage value='87'/>
</results>
