<results>
	<result value='win'/>
	<start value='2015-05-10.17:26:13'/>
	<end value='2015-05-10.17:26:58'/>
	<frames value='35032'/>
	<gameDuration value='2189'/>

	<player>
		<unitScore value='20225'/>
		<killScore value='25770'/>
		<buildingScore value='4600'/>
		<razingScore value='5535'/>
		<mineralScore value='40110'/>
		<gasScore value='3528'/>
		<totalScore value='99768'/>
	</player>

	<enemy>
		<race value='Zerg'/>
		<unitScore value='11350'/>
		<unitScore value='11350'/>
		<killScore value='17000'/>
		<buildingScore value='1845'/>
		<razingScore value='0'/>
		<mineralScore value='10754'/>
		<gasScore value='3568'/>
		<totalScore value='44517'/>
	</enemy>

	<scoreRatio value='2.24112'/>
	<timeFitness value='0.695972'/>
	<unitsAverage value='133'/>
</results>
