<results>
	<result value='win'/>
	<start value='2015-05-10.17:32:17'/>
	<end value='2015-05-10.17:32:42'/>
	<frames value='26383'/>
	<gameDuration value='1648'/>

	<player>
		<unitScore value='17775'/>
		<killScore value='26490'/>
		<buildingScore value='3250'/>
		<razingScore value='5850'/>
		<mineralScore value='24722'/>
		<gasScore value='2536'/>
		<totalScore value='80623'/>
	</player>

	<enemy>
		<race value='Zerg'/>
		<unitScore value='11800'/>
		<unitScore value='11800'/>
		<killScore value='15150'/>
		<buildingScore value='1950'/>
		<razingScore value='0'/>
		<mineralScore value='11546'/>
		<gasScore value='3808'/>
		<totalScore value='44254'/>
	</enemy>

	<scoreRatio value='1.82182'/>
	<timeFitness value='0.771111'/>
	<unitsAverage value='98'/>
</results>
