<results>
	<result value='win'/>
	<start value='2015-05-10.17:38:47'/>
	<end value='2015-05-10.17:39:17'/>
	<frames value='27437'/>
	<gameDuration value='1714'/>

	<player>
		<unitScore value='19600'/>
		<killScore value='29195'/>
		<buildingScore value='4475'/>
		<razingScore value='4560'/>
		<mineralScore value='29474'/>
		<gasScore value='2784'/>
		<totalScore value='90088'/>
	</player>

	<enemy>
		<race value='Zerg'/>
		<unitScore value='12600'/>
		<unitScore value='12600'/>
		<killScore value='16000'/>
		<buildingScore value='1520'/>
		<razingScore value='0'/>
		<mineralScore value='11210'/>
		<gasScore value='3240'/>
		<totalScore value='44570'/>
	</enemy>

	<scoreRatio value='2.02127'/>
	<timeFitness value='0.761944'/>
	<unitsAverage value='109'/>
</results>
