<results>
	<result value='win'/>
	<start value='2015-05-10.23:05:16'/>
	<end value='2015-05-10.23:06:04'/>
	<frames value='27437'/>
	<gameDuration value='1714'/>

	<player>
		<unitScore value='16175'/>
		<killScore value='23780'/>
		<buildingScore value='4175'/>
		<razingScore value='8625'/>
		<mineralScore value='25330'/>
		<gasScore value='3128'/>
		<totalScore value='81213'/>
	</player>

	<enemy>
		<race value='Zerg'/>
		<unitScore value='10875'/>
		<unitScore value='10875'/>
		<killScore value='8350'/>
		<buildingScore value='2875'/>
		<razingScore value='0'/>
		<mineralScore value='12770'/>
		<gasScore value='3672'/>
		<totalScore value='38542'/>
	</enemy>

	<scoreRatio value='2.10713'/>
	<timeFitness value='0.761944'/>
	<unitsAverage value='101'/>
</results>
