<results>
	<result value='loss'/>
	<start value='2015-05-05.19:22:14'/>
	<end value='2015-05-05.19:22:58'/>
	<frames value='46533'/>
	<gameDuration value='2908'/>

	<player>
		<unitScore value='19350'/>
		<killScore value='28200'/>
		<buildingScore value='2275'/>
		<razingScore value='1425'/>
		<mineralScore value='24026'/>
		<gasScore value='1344'/>
		<totalScore value='76620'/>
	</player>

	<enemy>
		<race value='Protoss'/>
		<unitScore value='34975'/>
		<unitScore value='34975'/>
		<killScore value='38700'/>
		<buildingScore value='8050'/>
		<razingScore value='6825'/>
		<mineralScore value='32374'/>
		<gasScore value='12132'/>
		<totalScore value='133056'/>
	</enemy>

	<scoreRatio value='0.575848'/>
	<timeFitness value='0.403889'/>
	<unitsAverage value='82'/>
</results>
