<results>
	<result value='loss'/>
	<start value='2015-05-10.10:39:10'/>
	<end value='2015-05-10.10:40:03'/>
	<frames value='43588'/>
	<gameDuration value='2724'/>

	<player>
		<unitScore value='15100'/>
		<killScore value='17650'/>
		<buildingScore value='2150'/>
		<razingScore value='3000'/>
		<mineralScore value='16850'/>
		<gasScore value='3368'/>
		<totalScore value='58118'/>
	</player>

	<enemy>
		<race value='Protoss'/>
		<unitScore value='27125'/>
		<unitScore value='27125'/>
		<killScore value='29500'/>
		<buildingScore value='8775'/>
		<razingScore value='6450'/>
		<mineralScore value='29910'/>
		<gasScore value='10424'/>
		<totalScore value='112184'/>
	</enemy>

	<scoreRatio value='0.51806'/>
	<timeFitness value='0.378333'/>
	<unitsAverage value='56'/>
</results>
