<results>
	<result value='loss'/>
	<start value='2015-05-10.10:58:14'/>
	<end value='2015-05-10.10:58:30'/>
	<frames value='17269'/>
	<gameDuration value='1079'/>

	<player>
		<unitScore value='4325'/>
		<killScore value='1400'/>
		<buildingScore value='1550'/>
		<razingScore value='0'/>
		<mineralScore value='5794'/>
		<gasScore value='1032'/>
		<totalScore value='14101'/>
	</player>

	<enemy>
		<race value='Protoss'/>
		<unitScore value='4675'/>
		<unitScore value='4675'/>
		<killScore value='8550'/>
		<buildingScore value='3525'/>
		<razingScore value='4650'/>
		<mineralScore value='8986'/>
		<gasScore value='2336'/>
		<totalScore value='32722'/>
	</enemy>

	<scoreRatio value='0.430933'/>
	<timeFitness value='0.149861'/>
	<unitsAverage value='27'/>
</results>
