<results>
	<result value='loss'/>
	<start value='2015-04-28.06:28:40'/>
	<end value='2015-04-28.06:29:48'/>
	<frames value='47122'/>
	<gameDuration value='2945'/>

	<player>
		<unitScore value='22525'/>
		<killScore value='36700'/>
		<buildingScore value='2775'/>
		<razingScore value='600'/>
		<mineralScore value='23986'/>
		<gasScore value='4808'/>
		<totalScore value='91394'/>
	</player>

	<enemy>
		<race value='Protoss'/>
		<unitScore value='37950'/>
		<unitScore value='37950'/>
		<killScore value='45150'/>
		<buildingScore value='7675'/>
		<razingScore value='8325'/>
		<mineralScore value='33338'/>
		<gasScore value='13384'/>
		<totalScore value='145822'/>
	</enemy>

	<scoreRatio value='0.62675'/>
</results>
