<results>
	<result value='win'/>
	<start value='2015-04-28.06:29:51'/>
	<end value='2015-04-28.06:30:20'/>
	<frames value='24275'/>
	<gameDuration value='1517'/>

	<player>
		<unitScore value='10925'/>
		<killScore value='10100'/>
		<buildingScore value='3300'/>
		<razingScore value='10950'/>
		<mineralScore value='16010'/>
		<gasScore value='1560'/>
		<totalScore value='52845'/>
	</player>

	<enemy>
		<race value='Protoss'/>
		<unitScore value='5050'/>
		<unitScore value='5050'/>
		<killScore value='6550'/>
		<buildingScore value='3650'/>
		<razingScore value='1350'/>
		<mineralScore value='9722'/>
		<gasScore value='2400'/>
		<totalScore value='28722'/>
	</enemy>

	<scoreRatio value='1.83988'/>
</results>
