<results>
	<result value='loss'/>
	<start value='2015-04-28.06:41:13'/>
	<end value='2015-04-28.06:42:23'/>
	<frames value='44208'/>
	<gameDuration value='2763'/>

	<player>
		<unitScore value='22775'/>
		<killScore value='30150'/>
		<buildingScore value='2425'/>
		<razingScore value='1500'/>
		<mineralScore value='24034'/>
		<gasScore value='3768'/>
		<totalScore value='84652'/>
	</player>

	<enemy>
		<race value='Protoss'/>
		<unitScore value='32675'/>
		<unitScore value='32675'/>
		<killScore value='45550'/>
		<buildingScore value='8075'/>
		<razingScore value='7275'/>
		<mineralScore value='30938'/>
		<gasScore value='11112'/>
		<totalScore value='135625'/>
	</enemy>

	<scoreRatio value='0.624162'/>
</results>
