<results>
	<result value='win'/>
	<start value='2015-05-09.14:16:16'/>
	<end value='2015-05-09.14:16:35'/>
	<frames value='20772'/>
	<gameDuration value='1298'/>

	<player>
		<unitScore value='9825'/>
		<killScore value='14000'/>
		<buildingScore value='3000'/>
		<razingScore value='4125'/>
		<mineralScore value='15242'/>
		<gasScore value='1488'/>
		<totalScore value='47680'/>
	</player>

	<enemy>
		<race value='Terran'/>
		<unitScore value='7000'/>
		<unitScore value='7000'/>
		<killScore value='4850'/>
		<buildingScore value='1450'/>
		<razingScore value='300'/>
		<mineralScore value='9474'/>
		<gasScore value='2480'/>
		<totalScore value='25554'/>
	</enemy>

	<scoreRatio value='1.86585'/>
	<timeFitness value='0.819722'/>
	<unitsAverage value='65'/>
</results>
