<results>
	<result value='win'/>
	<start value='2015-05-09.14:17:17'/>
	<end value='2015-05-09.14:17:31'/>
	<frames value='17858'/>
	<gameDuration value='1116'/>

	<player>
		<unitScore value='6775'/>
		<killScore value='10400'/>
		<buildingScore value='2275'/>
		<razingScore value='4125'/>
		<mineralScore value='9994'/>
		<gasScore value='1392'/>
		<totalScore value='34961'/>
	</player>

	<enemy>
		<race value='Terran'/>
		<unitScore value='5200'/>
		<unitScore value='5200'/>
		<killScore value='3050'/>
		<buildingScore value='1450'/>
		<razingScore value='1350'/>
		<mineralScore value='7618'/>
		<gasScore value='2032'/>
		<totalScore value='20700'/>
	</enemy>

	<scoreRatio value='1.68894'/>
	<timeFitness value='0.845'/>
	<unitsAverage value='47'/>
</results>
