<results>
	<result value='win'/>
	<start value='2015-05-09.14:17:51'/>
	<end value='2015-05-09.14:18:51'/>
	<frames value='40054'/>
	<gameDuration value='2503'/>

	<player>
		<unitScore value='23525'/>
		<killScore value='37850'/>
		<buildingScore value='4175'/>
		<razingScore value='12975'/>
		<mineralScore value='32750'/>
		<gasScore value='4472'/>
		<totalScore value='115747'/>
	</player>

	<enemy>
		<race value='Terran'/>
		<unitScore value='21525'/>
		<unitScore value='21525'/>
		<killScore value='21350'/>
		<buildingScore value='4325'/>
		<razingScore value='1500'/>
		<mineralScore value='18186'/>
		<gasScore value='9594'/>
		<totalScore value='76480'/>
	</enemy>

	<scoreRatio value='1.51343'/>
	<timeFitness value='0.652361'/>
	<unitsAverage value='112'/>
</results>
