<results>
	<result value='loss'/>
	<start value='2015-04-17.02:29:53'/>
	<end value='2015-04-17.02:30:41'/>
	<frames value='41883'/>
	<gameDuration value='2617'/>

	<player>
		<unitScore value='11700'/>
		<killScore value='15550'/>
		<buildingScore value='1375'/>
		<razingScore value='8025'/>
		<mineralScore value='12302'/>
		<gasScore value='2760'/>
		<totalScore value='51712'/>
	</player>

	<enemy>
		<race value='Protoss'/>
		<unitScore value='20175'/>
		<unitScore value='20175'/>
		<killScore value='23400'/>
		<buildingScore value='9500'/>
		<razingScore value='4125'/>
		<mineralScore value='26846'/>
		<gasScore value='7352'/>
		<totalScore value='91398'/>
	</enemy>

	<scoreRatio value='0.565789'/>
</results>
