<results>
	<result value='win'/>
	<start value='2015-07-21.02:19:01'/>
	<end value='2015-07-21.02:20:43'/>
	<frames value='49819'/>
	<gameDuration value='3113'/>

	<player>
		<unitScore value='43600'/>
		<killScore value='33790'/>
		<buildingScore value='5225'/>
		<razingScore value='5460'/>
		<mineralScore value='48966'/>
		<gasScore value='8162'/>
		<totalScore value='145203'/>
	</player>

	<enemy>
		<race value='Zerg'/>
		<unitScore value='15125'/>
		<killScore value='56750'/>
		<buildingScore value='1820'/>
		<razingScore value='150'/>
		<mineralScore value='12546'/>
		<gasScore value='5552'/>
		<totalScore value='91943'/>
	</enemy>

	<scoreRatio value='1.57927'/>
	<timeFitness value='0.567639'/>
	<unitsAverage value='157'/>
</results>
