<results>
	<result value='draw'/>
	<start value='2015-07-21.02:21:55'/>
	<end value='2015-07-21.02:23:21'/>
	<frames value='57601'/>
	<gameDuration value='3600'/>

	<player>
		<unitScore value='35200'/>
		<killScore value='40500'/>
		<buildingScore value='3700'/>
		<razingScore value='510'/>
		<mineralScore value='31430'/>
		<gasScore value='7120'/>
		<totalScore value='118460'/>
	</player>

	<enemy>
		<race value='Zerg'/>
		<unitScore value='35825'/>
		<killScore value='61300'/>
		<buildingScore value='4175'/>
		<razingScore value='1275'/>
		<mineralScore value='30570'/>
		<gasScore value='11990'/>
		<totalScore value='145135'/>
	</enemy>

	<scoreRatio value='0.816206'/>
	<timeFitness value='0.5'/>
	<unitsAverage value='106'/>
</results>
