<results>
	<result value='loss'/>
	<start value='2015-07-21.02:38:25'/>
	<end value='2015-07-21.02:38:28'/>
	<frames value='7318'/>
	<gameDuration value='457'/>

	<player>
		<unitScore value='850'/>
		<killScore value='100'/>
		<buildingScore value='625'/>
		<razingScore value='0'/>
		<mineralScore value='1274'/>
		<gasScore value='0'/>
		<totalScore value='2849'/>
	</player>

	<enemy>
		<race value='Zerg'/>
		<unitScore value='1250'/>
		<killScore value='1600'/>
		<buildingScore value='440'/>
		<razingScore value='1875'/>
		<mineralScore value='2010'/>
		<gasScore value='8'/>
		<totalScore value='7183'/>
	</enemy>

	<scoreRatio value='0.396631'/>
	<timeFitness value='0.0634722'/>
	<unitsAverage value='9'/>
</results>
