<results>
	<result value='draw'/>
	<start value='2015-07-21.02:41:26'/>
	<end value='2015-07-21.02:43:14'/>
	<frames value='57601'/>
	<gameDuration value='3600'/>

	<player>
		<unitScore value='38975'/>
		<killScore value='31300'/>
		<buildingScore value='4150'/>
		<razingScore value='0'/>
		<mineralScore value='31494'/>
		<gasScore value='8418'/>
		<totalScore value='114337'/>
	</player>

	<enemy>
		<race value='Zerg'/>
		<unitScore value='36175'/>
		<killScore value='55050'/>
		<buildingScore value='4135'/>
		<razingScore value='4725'/>
		<mineralScore value='31222'/>
		<gasScore value='11320'/>
		<totalScore value='142627'/>
	</enemy>

	<scoreRatio value='0.80165'/>
	<timeFitness value='0.5'/>
	<unitsAverage value='126'/>
</results>
