<results>
	<result value='loss'/>
	<start value='2015-04-27.13:54:32'/>
	<end value='2015-04-27.13:54:44'/>
	<frames value='19501'/>
	<gameDuration value='1218'/>

	<player>
		<unitScore value='4575'/>
		<killScore value='1800'/>
		<buildingScore value='2025'/>
		<razingScore value='0'/>
		<mineralScore value='6898'/>
		<gasScore value='976'/>
		<totalScore value='16274'/>
	</player>

	<enemy>
		<race value='Terran'/>
		<unitScore value='7475'/>
		<unitScore value='7475'/>
		<killScore value='9150'/>
		<buildingScore value='2850'/>
		<razingScore value='6075'/>
		<mineralScore value='9338'/>
		<gasScore value='3184'/>
		<totalScore value='38072'/>
	</enemy>

	<scoreRatio value='0.427453'/>
</results>
