<results>
	<result value='loss'/>
	<start value='2015-07-14.03:44:41'/>
	<end value='2015-07-14.03:44:51'/>
	<frames value='17889'/>
	<gameDuration value='1118'/>

	<player>
		<unitScore value='4250'/>
		<killScore value='600'/>
		<buildingScore value='1925'/>
		<razingScore value='0'/>
		<mineralScore value='5546'/>
		<gasScore value='888'/>
		<totalScore value='13209'/>
	</player>

	<enemy>
		<race value='Protoss'/>
		<unitScore value='3700'/>
		<killScore value='8500'/>
		<buildingScore value='4175'/>
		<razingScore value='5775'/>
		<mineralScore value='9642'/>
		<gasScore value='1744'/>
		<totalScore value='33536'/>
	</enemy>

	<scoreRatio value='0.393875'/>
	<timeFitness value='0.155278'/>
	<unitsAverage value='22'/>
</results>
