<results>
	<result value='loss'/>
	<start value='2015-07-14.03:46:07'/>
	<end value='2015-07-14.03:47:07'/>
	<frames value='34939'/>
	<gameDuration value='2183'/>

	<player>
		<unitScore value='23025'/>
		<killScore value='9600'/>
		<buildingScore value='3125'/>
		<razingScore value='0'/>
		<mineralScore value='24522'/>
		<gasScore value='3624'/>
		<totalScore value='63896'/>
	</player>

	<enemy>
		<race value='Protoss'/>
		<unitScore value='20875'/>
		<killScore value='44250'/>
		<buildingScore value='6875'/>
		<razingScore value='9375'/>
		<mineralScore value='23750'/>
		<gasScore value='8768'/>
		<totalScore value='113893'/>
	</enemy>

	<scoreRatio value='0.561018'/>
	<timeFitness value='0.303194'/>
	<unitsAverage value='73'/>
</results>
