<results>
	<result value='loss'/>
	<start value='2015-05-09.12:51:15'/>
	<end value='2015-05-09.12:51:32'/>
	<frames value='18540'/>
	<gameDuration value='1158'/>

	<player>
		<unitScore value='5150'/>
		<killScore value='100'/>
		<buildingScore value='2275'/>
		<razingScore value='0'/>
		<mineralScore value='8082'/>
		<gasScore value='0'/>
		<totalScore value='15607'/>
	</player>

	<enemy>
		<race value='Protoss'/>
		<unitScore value='4300'/>
		<unitScore value='4300'/>
		<killScore value='10300'/>
		<buildingScore value='4325'/>
		<razingScore value='6825'/>
		<mineralScore value='10082'/>
		<gasScore value='2160'/>
		<totalScore value='37992'/>
	</enemy>

	<scoreRatio value='0.410797'/>
	<timeFitness value='0.160833'/>
	<unitsAverage value='26'/>
</results>
