<results>
	<result value='loss'/>
	<start value='2015-05-09.12:56:56'/>
	<end value='2015-05-09.12:58:02'/>
	<frames value='33234'/>
	<gameDuration value='2077'/>

	<player>
		<unitScore value='13025'/>
		<killScore value='1500'/>
		<buildingScore value='4950'/>
		<razingScore value='0'/>
		<mineralScore value='19110'/>
		<gasScore value='2200'/>
		<totalScore value='40785'/>
	</player>

	<enemy>
		<race value='Protoss'/>
		<unitScore value='16650'/>
		<unitScore value='16650'/>
		<killScore value='16400'/>
		<buildingScore value='7450'/>
		<razingScore value='14850'/>
		<mineralScore value='25478'/>
		<gasScore value='8184'/>
		<totalScore value='89012'/>
	</enemy>

	<scoreRatio value='0.458197'/>
	<timeFitness value='0.288472'/>
	<unitsAverage value='83'/>
</results>
