<results>
	<result value='win'/>
	<start value='2015-03-28.13:39:59'/>
	<end value='2015-03-28.13:41:05'/>
	<frames value='34784'/>
	<gameDuration value='2174'/>

	<player>
		<unitScore value='21900'/>
		<killScore value='27500'/>
		<buildingScore value='3675'/>
		<razingScore value='17025'/>
		<mineralScore value='35602'/>
		<gasScore value='3360'/>
		<totalScore value='109062'/>
	</player>

	<enemy>
		<race value='Protoss'/>
		<unitScore value='14325'/>
		<unitScore value='14325'/>
		<killScore value='21600'/>
		<buildingScore value='5675'/>
		<razingScore value='150'/>
		<mineralScore value='18918'/>
		<gasScore value='3568'/>
		<totalScore value='64236'/>
	</enemy>

	<scoreRatio value='1.69783'/>
</results>
