<results>
	<result value='loss'/>
	<start value='2015-04-16.14:36:28'/>
	<end value='2015-04-16.14:36:42'/>
	<frames value='15967'/>
	<gameDuration value='997'/>

	<player>
		<unitScore value='3075'/>
		<killScore value='1600'/>
		<buildingScore value='1475'/>
		<razingScore value='0'/>
		<mineralScore value='4714'/>
		<gasScore value='920'/>
		<totalScore value='11784'/>
	</player>

	<enemy>
		<race value='Protoss'/>
		<unitScore value='4050'/>
		<unitScore value='4050'/>
		<killScore value='5550'/>
		<buildingScore value='3125'/>
		<razingScore value='4425'/>
		<mineralScore value='7906'/>
		<gasScore value='1856'/>
		<totalScore value='26912'/>
	</enemy>

	<scoreRatio value='0.437872'/>
</results>
