<results>
	<result value='loss'/>
	<start value='2014-07-22.20:46:24'/>
	<end value='2014-07-22.20:46:32'/>
	<frames value='17455'/>
	<gameDuration value='1090'/>

	<player>
		<unitScore value='3525'/>
		<killScore value='700'/>
		<buildingScore value='1475'/>
		<razingScore value='0'/>
		<mineralScore value='5186'/>
		<gasScore value='720'/>
		<totalScore value='11606'/>
	</player>

	<enemy>
		<race value='Terran'/>
		<unitScore value='6100'/>
		<unitScore value='6100'/>
		<killScore value='6550'/>
		<buildingScore value='2700'/>
		<razingScore value='4425'/>
		<mineralScore value='8098'/>
		<gasScore value='2448'/>
		<totalScore value='30321'/>
	</enemy>

	<scoreRatio value='0.382771'/>
</results>
