<results>
	<result value='win'/>
	<start value='2015-05-12.03:18:22'/>
	<end value='2015-05-12.03:19:04'/>
	<frames value='30847'/>
	<gameDuration value='1927'/>

	<player>
		<unitScore value='22400'/>
		<killScore value='32630'/>
		<buildingScore value='4125'/>
		<razingScore value='6420'/>
		<mineralScore value='32866'/>
		<gasScore value='2408'/>
		<totalScore value='100849'/>
	</player>

	<enemy>
		<race value='Zerg'/>
		<unitScore value='15225'/>
		<unitScore value='15225'/>
		<killScore value='23650'/>
		<buildingScore value='2140'/>
		<razingScore value='0'/>
		<mineralScore value='14066'/>
		<gasScore value='4296'/>
		<totalScore value='59377'/>
	</enemy>

	<scoreRatio value='1.69845'/>
	<timeFitness value='0.732361'/>
	<unitsAverage value='108'/>
</results>
