<results>
	<result value='win'/>
	<start value='2015-05-12.03:23:42'/>
	<end value='2015-05-12.03:24:12'/>
	<frames value='24647'/>
	<gameDuration value='1540'/>

	<player>
		<unitScore value='15825'/>
		<killScore value='27420'/>
		<buildingScore value='4075'/>
		<razingScore value='4560'/>
		<mineralScore value='28074'/>
		<gasScore value='2880'/>
		<totalScore value='82834'/>
	</player>

	<enemy>
		<race value='Zerg'/>
		<unitScore value='11875'/>
		<unitScore value='11875'/>
		<killScore value='11450'/>
		<buildingScore value='1520'/>
		<razingScore value='0'/>
		<mineralScore value='10154'/>
		<gasScore value='2936'/>
		<totalScore value='37935'/>
	</enemy>

	<scoreRatio value='2.18358'/>
	<timeFitness value='0.786111'/>
	<unitsAverage value='98'/>
</results>
