<results>
	<result value='win'/>
	<start value='2015-05-12.03:36:52'/>
	<end value='2015-05-12.03:37:29'/>
	<frames value='26755'/>
	<gameDuration value='1672'/>

	<player>
		<unitScore value='18900'/>
		<killScore value='26890'/>
		<buildingScore value='3975'/>
		<razingScore value='5520'/>
		<mineralScore value='29554'/>
		<gasScore value='2128'/>
		<totalScore value='86967'/>
	</player>

	<enemy>
		<race value='Zerg'/>
		<unitScore value='12700'/>
		<unitScore value='12700'/>
		<killScore value='16700'/>
		<buildingScore value='1840'/>
		<razingScore value='0'/>
		<mineralScore value='11650'/>
		<gasScore value='3608'/>
		<totalScore value='46498'/>
	</enemy>

	<scoreRatio value='1.87034'/>
	<timeFitness value='0.767778'/>
	<unitsAverage value='105'/>
</results>
