<results>
	<result value='win'/>
	<start value='2015-05-06.07:09:41'/>
	<end value='2015-05-06.07:10:03'/>
	<frames value='28243'/>
	<gameDuration value='1765'/>

	<player>
		<unitScore value='13225'/>
		<killScore value='24950'/>
		<buildingScore value='3725'/>
		<razingScore value='8775'/>
		<mineralScore value='20722'/>
		<gasScore value='2784'/>
		<totalScore value='74181'/>
	</player>

	<enemy>
		<race value='Terran'/>
		<unitScore value='13175'/>
		<unitScore value='13175'/>
		<killScore value='9600'/>
		<buildingScore value='2925'/>
		<razingScore value='150'/>
		<mineralScore value='11554'/>
		<gasScore value='5072'/>
		<totalScore value='42476'/>
	</enemy>

	<scoreRatio value='1.74642'/>
	<timeFitness value='0.754861'/>
	<unitsAverage value='68'/>
</results>
