<results>
	<result value='win'/>
	<start value='2015-05-06.07:16:52'/>
	<end value='2015-05-06.07:17:26'/>
	<frames value='33947'/>
	<gameDuration value='2121'/>

	<player>
		<unitScore value='19200'/>
		<killScore value='35500'/>
		<buildingScore value='4200'/>
		<razingScore value='11700'/>
		<mineralScore value='27738'/>
		<gasScore value='3296'/>
		<totalScore value='101634'/>
	</player>

	<enemy>
		<race value='Terran'/>
		<unitScore value='18550'/>
		<unitScore value='18550'/>
		<killScore value='17800'/>
		<buildingScore value='3900'/>
		<razingScore value='0'/>
		<mineralScore value='14698'/>
		<gasScore value='6698'/>
		<totalScore value='61646'/>
	</enemy>

	<scoreRatio value='1.64867'/>
	<timeFitness value='0.705417'/>
	<unitsAverage value='94'/>
</results>
