<results>
	<result value='win'/>
	<start value='2015-05-06.07:18:44'/>
	<end value='2015-05-06.07:19:06'/>
	<frames value='24027'/>
	<gameDuration value='1501'/>

	<player>
		<unitScore value='11775'/>
		<killScore value='19550'/>
		<buildingScore value='3375'/>
		<razingScore value='8025'/>
		<mineralScore value='19726'/>
		<gasScore value='1496'/>
		<totalScore value='63947'/>
	</player>

	<enemy>
		<race value='Terran'/>
		<unitScore value='9775'/>
		<unitScore value='9775'/>
		<killScore value='5950'/>
		<buildingScore value='2850'/>
		<razingScore value='0'/>
		<mineralScore value='10602'/>
		<gasScore value='4336'/>
		<totalScore value='33513'/>
	</enemy>

	<scoreRatio value='1.90813'/>
	<timeFitness value='0.791528'/>
	<unitsAverage value='81'/>
</results>
