<results>
	<result value='win'/>
	<start value='2015-05-06.07:18:15'/>
	<end value='2015-05-06.07:18:41'/>
	<frames value='34040'/>
	<gameDuration value='2127'/>

	<player>
		<unitScore value='16100'/>
		<killScore value='26150'/>
		<buildingScore value='2850'/>
		<razingScore value='10125'/>
		<mineralScore value='19562'/>
		<gasScore value='2704'/>
		<totalScore value='77491'/>
	</player>

	<enemy>
		<race value='Terran'/>
		<unitScore value='13375'/>
		<unitScore value='13375'/>
		<killScore value='17750'/>
		<buildingScore value='3375'/>
		<razingScore value='525'/>
		<mineralScore value='12050'/>
		<gasScore value='5114'/>
		<totalScore value='52189'/>
	</enemy>

	<scoreRatio value='1.48481'/>
	<timeFitness value='0.704583'/>
	<unitsAverage value='63'/>
</results>
