<results>
	<result value='loss'/>
	<start value='2015-05-06.07:25:17'/>
	<end value='2015-05-06.07:25:28'/>
	<frames value='20400'/>
	<gameDuration value='1275'/>

	<player>
		<unitScore value='4875'/>
		<killScore value='4550'/>
		<buildingScore value='1475'/>
		<razingScore value='0'/>
		<mineralScore value='6226'/>
		<gasScore value='928'/>
		<totalScore value='18054'/>
	</player>

	<enemy>
		<race value='Terran'/>
		<unitScore value='7900'/>
		<unitScore value='7900'/>
		<killScore value='9750'/>
		<buildingScore value='2800'/>
		<razingScore value='4425'/>
		<mineralScore value='9610'/>
		<gasScore value='3672'/>
		<totalScore value='38157'/>
	</enemy>

	<scoreRatio value='0.47315'/>
	<timeFitness value='0.177083'/>
	<unitsAverage value='28'/>
</results>
