<results>
	<result value='loss'/>
	<start value='2015-05-06.07:26:37'/>
	<end value='2015-05-06.07:26:45'/>
	<frames value='16928'/>
	<gameDuration value='1058'/>

	<player>
		<unitScore value='3350'/>
		<killScore value='700'/>
		<buildingScore value='1400'/>
		<razingScore value='0'/>
		<mineralScore value='4810'/>
		<gasScore value='568'/>
		<totalScore value='10828'/>
	</player>

	<enemy>
		<race value='Terran'/>
		<unitScore value='6000'/>
		<unitScore value='6000'/>
		<killScore value='6700'/>
		<buildingScore value='2625'/>
		<razingScore value='4200'/>
		<mineralScore value='7778'/>
		<gasScore value='2584'/>
		<totalScore value='29887'/>
	</enemy>

	<scoreRatio value='0.362298'/>
	<timeFitness value='0.146944'/>
	<unitsAverage value='22'/>
</results>
