<results>
	<result value='win'/>
	<start value='2015-04-28.23:39:04'/>
	<end value='2015-04-28.23:40:25'/>
	<frames value='40860'/>
	<gameDuration value='2553'/>

	<player>
		<unitScore value='25300'/>
		<killScore value='40750'/>
		<buildingScore value='4400'/>
		<razingScore value='18375'/>
		<mineralScore value='39342'/>
		<gasScore value='5136'/>
		<totalScore value='133303'/>
	</player>

	<enemy>
		<race value='Protoss'/>
		<unitScore value='23250'/>
		<unitScore value='23250'/>
		<killScore value='28150'/>
		<buildingScore value='6125'/>
		<razingScore value='450'/>
		<mineralScore value='17914'/>
		<gasScore value='7840'/>
		<totalScore value='83729'/>
	</enemy>

	<scoreRatio value='1.59208'/>
</results>
