<results>
	<result value='loss'/>
	<start value='2015-04-28.23:54:22'/>
	<end value='2015-04-28.23:55:18'/>
	<frames value='48951'/>
	<gameDuration value='3059'/>

	<player>
		<unitScore value='16550'/>
		<killScore value='18000'/>
		<buildingScore value='2375'/>
		<razingScore value='600'/>
		<mineralScore value='19470'/>
		<gasScore value='4528'/>
		<totalScore value='61523'/>
	</player>

	<enemy>
		<race value='Protoss'/>
		<unitScore value='12600'/>
		<unitScore value='12600'/>
		<killScore value='31600'/>
		<buildingScore value='5675'/>
		<razingScore value='7125'/>
		<mineralScore value='37642'/>
		<gasScore value='10170'/>
		<totalScore value='104812'/>
	</enemy>

	<scoreRatio value='0.586984'/>
</results>
