<results>
	<result value='loss'/>
	<start value='2015-05-04.03:09:59'/>
	<end value='2015-05-04.03:10:38'/>
	<frames value='33420'/>
	<gameDuration value='2088'/>

	<player>
		<unitScore value='11850'/>
		<killScore value='6950'/>
		<buildingScore value='2625'/>
		<razingScore value='0'/>
		<mineralScore value='15762'/>
		<gasScore value='1568'/>
		<totalScore value='38755'/>
	</player>

	<enemy>
		<race value='Protoss'/>
		<unitScore value='18475'/>
		<unitScore value='18475'/>
		<killScore value='23700'/>
		<buildingScore value='6925'/>
		<razingScore value='7875'/>
		<mineralScore value='21570'/>
		<gasScore value='8400'/>
		<totalScore value='86945'/>
	</enemy>

	<scoreRatio value='0.445742'/>
	<timeFitness value='0.29'/>
	<unitsAverage value='51'/>
</results>
