<results>
	<result value='win'/>
	<start value='2015-05-04.03:13:03'/>
	<end value='2015-05-04.03:14:43'/>
	<frames value='49416'/>
	<gameDuration value='3088'/>

	<player>
		<unitScore value='34000'/>
		<killScore value='51650'/>
		<buildingScore value='3825'/>
		<razingScore value='22500'/>
		<mineralScore value='35482'/>
		<gasScore value='5736'/>
		<totalScore value='153193'/>
	</player>

	<enemy>
		<race value='Protoss'/>
		<unitScore value='27275'/>
		<unitScore value='27275'/>
		<killScore value='45850'/>
		<buildingScore value='7500'/>
		<razingScore value='600'/>
		<mineralScore value='27130'/>
		<gasScore value='8068'/>
		<totalScore value='116423'/>
	</enemy>

	<scoreRatio value='1.31583'/>
	<timeFitness value='0.571111'/>
	<unitsAverage value='113'/>
</results>
