<results>
	<result value='win'/>
	<start value='2015-05-10.18:21:34'/>
	<end value='2015-05-10.18:22:29'/>
	<frames value='34505'/>
	<gameDuration value='2156'/>

	<player>
		<unitScore value='22075'/>
		<killScore value='33600'/>
		<buildingScore value='4550'/>
		<razingScore value='11400'/>
		<mineralScore value='25718'/>
		<gasScore value='2944'/>
		<totalScore value='100287'/>
	</player>

	<enemy>
		<race value='Terran'/>
		<unitScore value='17900'/>
		<unitScore value='17900'/>
		<killScore value='16800'/>
		<buildingScore value='3800'/>
		<razingScore value='975'/>
		<mineralScore value='14742'/>
		<gasScore value='6892'/>
		<totalScore value='61109'/>
	</enemy>

	<scoreRatio value='1.64112'/>
	<timeFitness value='0.700556'/>
	<unitsAverage value='99'/>
</results>
