<results>
	<result value='draw'/>
	<start value='2015-05-10.18:24:07'/>
	<end value='2015-05-10.18:26:27'/>
	<frames value='57601'/>
	<gameDuration value='3600'/>

	<player>
		<unitScore value='16050'/>
		<killScore value='23200'/>
		<buildingScore value='6475'/>
		<razingScore value='8475'/>
		<mineralScore value='50966'/>
		<gasScore value='7628'/>
		<totalScore value='112794'/>
	</player>

	<enemy>
		<race value='Terran'/>
		<unitScore value='12800'/>
		<unitScore value='12800'/>
		<killScore value='9100'/>
		<buildingScore value='3025'/>
		<razingScore value='1875'/>
		<mineralScore value='12074'/>
		<gasScore value='5056'/>
		<totalScore value='43930'/>
	</enemy>

	<scoreRatio value='2.56758'/>
	<timeFitness value='0.5'/>
	<unitsAverage value='170'/>
</results>
