<results>
	<result value='loss'/>
	<start value='2015-05-10.18:35:36'/>
	<end value='2015-05-10.18:35:49'/>
	<frames value='18230'/>
	<gameDuration value='1139'/>

	<player>
		<unitScore value='4575'/>
		<killScore value='1500'/>
		<buildingScore value='2125'/>
		<razingScore value='0'/>
		<mineralScore value='6434'/>
		<gasScore value='880'/>
		<totalScore value='15514'/>
	</player>

	<enemy>
		<race value='Terran'/>
		<unitScore value='6525'/>
		<unitScore value='6525'/>
		<killScore value='9150'/>
		<buildingScore value='2700'/>
		<razingScore value='6375'/>
		<mineralScore value='8306'/>
		<gasScore value='2856'/>
		<totalScore value='35912'/>
	</enemy>

	<scoreRatio value='0.432'/>
	<timeFitness value='0.158194'/>
	<unitsAverage value='31'/>
</results>
