<results>
	<result value='loss'/>
	<start value='2015-05-10.18:44:01'/>
	<end value='2015-05-10.18:44:11'/>
	<frames value='16556'/>
	<gameDuration value='1034'/>

	<player>
		<unitScore value='2700'/>
		<killScore value='250'/>
		<buildingScore value='1750'/>
		<razingScore value='0'/>
		<mineralScore value='4490'/>
		<gasScore value='0'/>
		<totalScore value='9190'/>
	</player>

	<enemy>
		<race value='Terran'/>
		<unitScore value='5600'/>
		<unitScore value='5600'/>
		<killScore value='5300'/>
		<buildingScore value='1950'/>
		<razingScore value='5250'/>
		<mineralScore value='7538'/>
		<gasScore value='2552'/>
		<totalScore value='28190'/>
	</enemy>

	<scoreRatio value='0.326002'/>
	<timeFitness value='0.143611'/>
	<unitsAverage value='16'/>
</results>
