<results>
	<result value='loss'/>
	<start value='2015-05-10.18:43:21'/>
	<end value='2015-05-10.18:43:31'/>
	<frames value='15812'/>
	<gameDuration value='988'/>

	<player>
		<unitScore value='2200'/>
		<killScore value='300'/>
		<buildingScore value='1350'/>
		<razingScore value='0'/>
		<mineralScore value='3562'/>
		<gasScore value='0'/>
		<totalScore value='7412'/>
	</player>

	<enemy>
		<race value='Terran'/>
		<unitScore value='5100'/>
		<unitScore value='5100'/>
		<killScore value='4400'/>
		<buildingScore value='1800'/>
		<razingScore value='4050'/>
		<mineralScore value='7250'/>
		<gasScore value='2192'/>
		<totalScore value='24792'/>
	</enemy>

	<scoreRatio value='0.298967'/>
	<timeFitness value='0.137222'/>
	<unitsAverage value='16'/>
</results>
