<results>
	<result value='loss'/>
	<start value='2015-05-10.12:07:36'/>
	<end value='2015-05-10.12:07:51'/>
	<frames value='18416'/>
	<gameDuration value='1151'/>

	<player>
		<unitScore value='4050'/>
		<killScore value='1900'/>
		<buildingScore value='1675'/>
		<razingScore value='0'/>
		<mineralScore value='6338'/>
		<gasScore value='1048'/>
		<totalScore value='15011'/>
	</player>

	<enemy>
		<race value='Protoss'/>
		<unitScore value='4150'/>
		<unitScore value='4150'/>
		<killScore value='8100'/>
		<buildingScore value='4225'/>
		<razingScore value='5025'/>
		<mineralScore value='10442'/>
		<gasScore value='1800'/>
		<totalScore value='33742'/>
	</enemy>

	<scoreRatio value='0.444876'/>
	<timeFitness value='0.159861'/>
	<unitsAverage value='32'/>
</results>
