<results>
	<result value='win'/>
	<start value='2015-05-10.12:10:59'/>
	<end value='2015-05-10.12:12:44'/>
	<frames value='56298'/>
	<gameDuration value='3518'/>

	<player>
		<unitScore value='31425'/>
		<killScore value='54950'/>
		<buildingScore value='4275'/>
		<razingScore value='21375'/>
		<mineralScore value='33878'/>
		<gasScore value='4356'/>
		<totalScore value='150259'/>
	</player>

	<enemy>
		<race value='Protoss'/>
		<unitScore value='28150'/>
		<unitScore value='28150'/>
		<killScore value='40050'/>
		<buildingScore value='7125'/>
		<razingScore value='1800'/>
		<mineralScore value='28690'/>
		<gasScore value='12534'/>
		<totalScore value='118349'/>
	</enemy>

	<scoreRatio value='1.26963'/>
	<timeFitness value='0.511389'/>
	<unitsAverage value='112'/>
</results>
