<results>
	<result value='loss'/>
	<start value='2015-05-10.12:29:16'/>
	<end value='2015-05-10.12:29:56'/>
	<frames value='39310'/>
	<gameDuration value='2456'/>

	<player>
		<unitScore value='17700'/>
		<killScore value='15800'/>
		<buildingScore value='3075'/>
		<razingScore value='1800'/>
		<mineralScore value='19774'/>
		<gasScore value='5576'/>
		<totalScore value='63725'/>
	</player>

	<enemy>
		<race value='Protoss'/>
		<unitScore value='25975'/>
		<unitScore value='25975'/>
		<killScore value='35500'/>
		<buildingScore value='7775'/>
		<razingScore value='9225'/>
		<mineralScore value='28394'/>
		<gasScore value='9670'/>
		<totalScore value='116539'/>
	</enemy>

	<scoreRatio value='0.546813'/>
	<timeFitness value='0.341111'/>
	<unitsAverage value='57'/>
</results>
