<results>
	<result value='loss'/>
	<start value='2015-04-08.08:21:18'/>
	<end value='2015-04-08.08:21:50'/>
	<frames value='43464'/>
	<gameDuration value='2716'/>

	<player>
		<unitScore value='19125'/>
		<killScore value='25150'/>
		<buildingScore value='2225'/>
		<razingScore value='0'/>
		<mineralScore value='22010'/>
		<gasScore value='4416'/>
		<totalScore value='72926'/>
	</player>

	<enemy>
		<race value='Protoss'/>
		<unitScore value='35420'/>
		<unitScore value='35420'/>
		<killScore value='38000'/>
		<buildingScore value='7975'/>
		<razingScore value='6675'/>
		<mineralScore value='30378'/>
		<gasScore value='13580'/>
		<totalScore value='132028'/>
	</enemy>

	<scoreRatio value='0.552353'/>
</results>
