<results>
	<result value='win'/>
	<start value='2014-07-04.03:36:19'/>
	<end value='2014-07-04.03:36:35'/>
	<frames value='21299'/>
	<gameDuration value='1331'/>

	<player>
		<unitScore value='9550'/>
		<killScore value='14800'/>
		<buildingScore value='2650'/>
		<razingScore value='9675'/>
		<mineralScore value='13082'/>
		<gasScore value='2376'/>
		<totalScore value='52133'/>
	</player>

	<enemy>
		<race value='Protoss'/>
		<unitScore value='8500'/>
		<unitScore value='8500'/>
		<killScore value='3800'/>
		<buildingScore value='3225'/>
		<razingScore value='0'/>
		<mineralScore value='9290'/>
		<gasScore value='2408'/>
		<totalScore value='27223'/>
	</enemy>

	<scoreRatio value='1.91504'/>
</results>
