<results>
	<result value='win'/>
	<start value='2014-07-04.03:38:47'/>
	<end value='2014-07-04.03:39:21'/>
	<frames value='29886'/>
	<gameDuration value='1867'/>

	<player>
		<unitScore value='20825'/>
		<killScore value='21500'/>
		<buildingScore value='3925'/>
		<razingScore value='17175'/>
		<mineralScore value='27770'/>
		<gasScore value='2488'/>
		<totalScore value='93683'/>
	</player>

	<enemy>
		<race value='Protoss'/>
		<unitScore value='11200'/>
		<unitScore value='11200'/>
		<killScore value='17550'/>
		<buildingScore value='5725'/>
		<razingScore value='0'/>
		<mineralScore value='19118'/>
		<gasScore value='3344'/>
		<totalScore value='56937'/>
	</enemy>

	<scoreRatio value='1.64538'/>
</results>
