<results>
	<result value='loss'/>
	<start value='2015-04-07.20:24:13'/>
	<end value='2015-04-07.20:25:09'/>
	<frames value='50780'/>
	<gameDuration value='3173'/>

	<player>
		<unitScore value='25475'/>
		<killScore value='46450'/>
		<buildingScore value='2925'/>
		<razingScore value='0'/>
		<mineralScore value='24002'/>
		<gasScore value='4958'/>
		<totalScore value='103810'/>
	</player>

	<enemy>
		<race value='Protoss'/>
		<unitScore value='44825'/>
		<unitScore value='44825'/>
		<killScore value='50700'/>
		<buildingScore value='7925'/>
		<razingScore value='8775'/>
		<mineralScore value='35390'/>
		<gasScore value='15110'/>
		<totalScore value='162725'/>
	</enemy>

	<scoreRatio value='0.637947'/>
</results>
