<results>
	<result value='win'/>
	<start value='2015-04-13.13:22:26'/>
	<end value='2015-04-13.13:22:52'/>
	<frames value='29266'/>
	<gameDuration value='1829'/>

	<player>
		<unitScore value='13900'/>
		<killScore value='12800'/>
		<buildingScore value='4200'/>
		<razingScore value='15300'/>
		<mineralScore value='24346'/>
		<gasScore value='2584'/>
		<totalScore value='73130'/>
	</player>

	<enemy>
		<race value='Protoss'/>
		<unitScore value='6400'/>
		<unitScore value='6400'/>
		<killScore value='7100'/>
		<buildingScore value='5100'/>
		<razingScore value='0'/>
		<mineralScore value='12450'/>
		<gasScore value='4168'/>
		<totalScore value='35218'/>
	</enemy>

	<scoreRatio value='2.07649'/>
</results>
