<results>
	<result value='loss'/>
	<start value='2015-04-13.13:26:33'/>
	<end value='2015-04-13.13:27:12'/>
	<frames value='47742'/>
	<gameDuration value='2983'/>

	<player>
		<unitScore value='22775'/>
		<killScore value='31050'/>
		<buildingScore value='2400'/>
		<razingScore value='2100'/>
		<mineralScore value='24034'/>
		<gasScore value='5272'/>
		<totalScore value='87631'/>
	</player>

	<enemy>
		<race value='Protoss'/>
		<unitScore value='34475'/>
		<unitScore value='34475'/>
		<killScore value='45450'/>
		<buildingScore value='7825'/>
		<razingScore value='7200'/>
		<mineralScore value='35042'/>
		<gasScore value='10704'/>
		<totalScore value='140696'/>
	</enemy>

	<scoreRatio value='0.622839'/>
</results>
