<results>
	<result value='win'/>
	<start value='2015-04-16.21:49:20'/>
	<end value='2015-04-16.21:50:55'/>
	<frames value='37574'/>
	<gameDuration value='2348'/>

	<player>
		<unitScore value='22675'/>
		<killScore value='34800'/>
		<buildingScore value='4425'/>
		<razingScore value='14700'/>
		<mineralScore value='39274'/>
		<gasScore value='3480'/>
		<totalScore value='119354'/>
	</player>

	<enemy>
		<race value='Protoss'/>
		<unitScore value='18450'/>
		<unitScore value='18450'/>
		<killScore value='20850'/>
		<buildingScore value='4900'/>
		<razingScore value='0'/>
		<mineralScore value='17654'/>
		<gasScore value='5768'/>
		<totalScore value='67622'/>
	</enemy>

	<scoreRatio value='1.76502'/>
</results>
