<results>
	<result value='win'/>
	<start value='2015-04-16.21:54:29'/>
	<end value='2015-04-16.21:55:59'/>
	<frames value='41108'/>
	<gameDuration value='2569'/>

	<player>
		<unitScore value='27200'/>
		<killScore value='38850'/>
		<buildingScore value='3925'/>
		<razingScore value='19725'/>
		<mineralScore value='30146'/>
		<gasScore value='3640'/>
		<totalScore value='123486'/>
	</player>

	<enemy>
		<race value='Protoss'/>
		<unitScore value='20425'/>
		<unitScore value='20425'/>
		<killScore value='29500'/>
		<buildingScore value='6575'/>
		<razingScore value='225'/>
		<mineralScore value='21722'/>
		<gasScore value='8032'/>
		<totalScore value='86479'/>
	</enemy>

	<scoreRatio value='1.42793'/>
</results>
