<results>
	<result value='win'/>
	<start value='2014-07-11.16:01:13'/>
	<end value='2014-07-11.16:01:28'/>
	<frames value='23872'/>
	<gameDuration value='1492'/>

	<player>
		<unitScore value='7525'/>
		<killScore value='14650'/>
		<buildingScore value='2075'/>
		<razingScore value='6900'/>
		<mineralScore value='10226'/>
		<gasScore value='1744'/>
		<totalScore value='43120'/>
	</player>

	<enemy>
		<race value='Terran'/>
		<unitScore value='8025'/>
		<unitScore value='8025'/>
		<killScore value='4900'/>
		<buildingScore value='2300'/>
		<razingScore value='300'/>
		<mineralScore value='8482'/>
		<gasScore value='2624'/>
		<totalScore value='26631'/>
	</enemy>

	<scoreRatio value='1.61917'/>
</results>
