<results>
	<result value='loss'/>
	<start value='2014-07-11.16:02:46'/>
	<end value='2014-07-11.16:02:55'/>
	<frames value='17641'/>
	<gameDuration value='1102'/>

	<player>
		<unitScore value='3375'/>
		<killScore value='1500'/>
		<buildingScore value='2075'/>
		<razingScore value='150'/>
		<mineralScore value='5730'/>
		<gasScore value='1168'/>
		<totalScore value='13998'/>
	</player>

	<enemy>
		<race value='Terran'/>
		<unitScore value='6025'/>
		<unitScore value='6025'/>
		<killScore value='6750'/>
		<buildingScore value='1850'/>
		<razingScore value='6225'/>
		<mineralScore value='8210'/>
		<gasScore value='2560'/>
		<totalScore value='31620'/>
	</enemy>

	<scoreRatio value='0.442694'/>
</results>
