<results>
	<result value='loss'/>
	<start value='2014-07-11.16:06:49'/>
	<end value='2014-07-11.16:06:56'/>
	<frames value='15440'/>
	<gameDuration value='965'/>

	<player>
		<unitScore value='1350'/>
		<killScore value='400'/>
		<buildingScore value='1400'/>
		<razingScore value='0'/>
		<mineralScore value='2690'/>
		<gasScore value='472'/>
		<totalScore value='6312'/>
	</player>

	<enemy>
		<race value='Terran'/>
		<unitScore value='5000'/>
		<unitScore value='5000'/>
		<killScore value='2700'/>
		<buildingScore value='1500'/>
		<razingScore value='4200'/>
		<mineralScore value='6986'/>
		<gasScore value='2272'/>
		<totalScore value='22658'/>
	</enemy>

	<scoreRatio value='0.278577'/>
</results>
