<results>
	<result value='win'/>
	<start value='2015-04-27.03:53:39'/>
	<end value='2015-04-27.03:53:55'/>
	<frames value='19749'/>
	<gameDuration value='1234'/>

	<player>
		<unitScore value='7625'/>
		<killScore value='11550'/>
		<buildingScore value='3125'/>
		<razingScore value='4125'/>
		<mineralScore value='12890'/>
		<gasScore value='1592'/>
		<totalScore value='40907'/>
	</player>

	<enemy>
		<race value='Terran'/>
		<unitScore value='5775'/>
		<unitScore value='5775'/>
		<killScore value='2900'/>
		<buildingScore value='1450'/>
		<razingScore value='1350'/>
		<mineralScore value='8106'/>
		<gasScore value='1912'/>
		<totalScore value='21493'/>
	</enemy>

	<scoreRatio value='1.90327'/>
</results>
