<results>
	<result value='loss'/>
	<start value='2015-04-14.21:41:21'/>
	<end value='2015-04-14.21:42:07'/>
	<frames value='39899'/>
	<gameDuration value='2493'/>

	<player>
		<unitScore value='13075'/>
		<killScore value='12050'/>
		<buildingScore value='2575'/>
		<razingScore value='0'/>
		<mineralScore value='14722'/>
		<gasScore value='3504'/>
		<totalScore value='45926'/>
	</player>

	<enemy>
		<race value='Protoss'/>
		<unitScore value='25675'/>
		<unitScore value='25675'/>
		<killScore value='26400'/>
		<buildingScore value='7925'/>
		<razingScore value='7725'/>
		<mineralScore value='26106'/>
		<gasScore value='10396'/>
		<totalScore value='104227'/>
	</enemy>

	<scoreRatio value='0.440634'/>
</results>
