<results>
	<result value='loss'/>
	<start value='2015-04-14.21:48:01'/>
	<end value='2015-04-14.21:48:12'/>
	<frames value='14169'/>
	<gameDuration value='885'/>

	<player>
		<unitScore value='2400'/>
		<killScore value='1000'/>
		<buildingScore value='1525'/>
		<razingScore value='0'/>
		<mineralScore value='4090'/>
		<gasScore value='480'/>
		<totalScore value='9495'/>
	</player>

	<enemy>
		<race value='Protoss'/>
		<unitScore value='3550'/>
		<unitScore value='3550'/>
		<killScore value='4800'/>
		<buildingScore value='2375'/>
		<razingScore value='4575'/>
		<mineralScore value='7210'/>
		<gasScore value='1184'/>
		<totalScore value='23694'/>
	</enemy>

	<scoreRatio value='0.400734'/>
</results>
