<results>
	<result value='win'/>
	<start value='2015-04-14.21:53:42'/>
	<end value='2015-04-14.21:54:56'/>
	<frames value='34381'/>
	<gameDuration value='2148'/>

	<player>
		<unitScore value='23275'/>
		<killScore value='29000'/>
		<buildingScore value='4400'/>
		<razingScore value='17475'/>
		<mineralScore value='27958'/>
		<gasScore value='3376'/>
		<totalScore value='105484'/>
	</player>

	<enemy>
		<race value='Protoss'/>
		<unitScore value='14950'/>
		<unitScore value='14950'/>
		<killScore value='21150'/>
		<buildingScore value='5825'/>
		<razingScore value='1275'/>
		<mineralScore value='19202'/>
		<gasScore value='5600'/>
		<totalScore value='68002'/>
	</enemy>

	<scoreRatio value='1.55119'/>
</results>
