<results>
	<result value='loss'/>
	<start value='2015-05-11.04:33:04'/>
	<end value='2015-05-11.04:33:49'/>
	<frames value='46626'/>
	<gameDuration value='2914'/>

	<player>
		<unitScore value='14350'/>
		<killScore value='34435'/>
		<buildingScore value='3150'/>
		<razingScore value='1605'/>
		<mineralScore value='16594'/>
		<gasScore value='2056'/>
		<totalScore value='72190'/>
	</player>

	<enemy>
		<race value='Zerg'/>
		<unitScore value='27025'/>
		<unitScore value='27025'/>
		<killScore value='28700'/>
		<buildingScore value='5115'/>
		<razingScore value='9450'/>
		<mineralScore value='25634'/>
		<gasScore value='9750'/>
		<totalScore value='105674'/>
	</enemy>

	<scoreRatio value='0.683139'/>
	<timeFitness value='0.404722'/>
	<unitsAverage value='45'/>
</results>
