<results>
	<result value='loss'/>
	<start value='2015-05-10.07:13:57'/>
	<end value='2015-05-10.07:14:05'/>
	<frames value='15254'/>
	<gameDuration value='953'/>

	<player>
		<unitScore value='3500'/>
		<killScore value='1000'/>
		<buildingScore value='1975'/>
		<razingScore value='0'/>
		<mineralScore value='5778'/>
		<gasScore value='904'/>
		<totalScore value='13157'/>
	</player>

	<enemy>
		<race value='Protoss'/>
		<unitScore value='3550'/>
		<unitScore value='3550'/>
		<killScore value='7000'/>
		<buildingScore value='3075'/>
		<razingScore value='5925'/>
		<mineralScore value='8058'/>
		<gasScore value='1496'/>
		<totalScore value='29104'/>
	</enemy>

	<scoreRatio value='0.452068'/>
	<timeFitness value='0.132361'/>
	<unitsAverage value='27'/>
</results>
