<results>
	<result value='loss'/>
	<start value='2015-05-06.13:19:53'/>
	<end value='2015-05-06.13:20:24'/>
	<frames value='49168'/>
	<gameDuration value='3073'/>

	<player>
		<unitScore value='17725'/>
		<killScore value='24550'/>
		<buildingScore value='2100'/>
		<razingScore value='6150'/>
		<mineralScore value='20030'/>
		<gasScore value='1312'/>
		<totalScore value='71867'/>
	</player>

	<enemy>
		<race value='Protoss'/>
		<unitScore value='22075'/>
		<unitScore value='22075'/>
		<killScore value='35450'/>
		<buildingScore value='9675'/>
		<razingScore value='6300'/>
		<mineralScore value='31314'/>
		<gasScore value='8560'/>
		<totalScore value='113374'/>
	</enemy>

	<scoreRatio value='0.633893'/>
	<timeFitness value='0.426806'/>
	<unitsAverage value='59'/>
</results>
