<results>
	<result value='loss'/>
	<start value='2015-05-06.13:32:48'/>
	<end value='2015-05-06.13:33:32'/>
	<frames value='50718'/>
	<gameDuration value='3169'/>

	<player>
		<unitScore value='29500'/>
		<killScore value='32150'/>
		<buildingScore value='3275'/>
		<razingScore value='3900'/>
		<mineralScore value='31518'/>
		<gasScore value='6904'/>
		<totalScore value='107247'/>
	</player>

	<enemy>
		<race value='Protoss'/>
		<unitScore value='33950'/>
		<unitScore value='33950'/>
		<killScore value='59100'/>
		<buildingScore value='7275'/>
		<razingScore value='9825'/>
		<mineralScore value='31434'/>
		<gasScore value='10208'/>
		<totalScore value='151792'/>
	</enemy>

	<scoreRatio value='0.706539'/>
	<timeFitness value='0.440139'/>
	<unitsAverage value='91'/>
</results>
