<results>
	<result value='loss'/>
	<start value='2015-05-06.13:40:51'/>
	<end value='2015-05-06.13:41:21'/>
	<frames value='45727'/>
	<gameDuration value='2857'/>

	<player>
		<unitScore value='11275'/>
		<killScore value='15200'/>
		<buildingScore value='2200'/>
		<razingScore value='5775'/>
		<mineralScore value='20322'/>
		<gasScore value='1144'/>
		<totalScore value='55916'/>
	</player>

	<enemy>
		<race value='Protoss'/>
		<unitScore value='21950'/>
		<unitScore value='21950'/>
		<killScore value='22650'/>
		<buildingScore value='10100'/>
		<razingScore value='6600'/>
		<mineralScore value='27686'/>
		<gasScore value='9696'/>
		<totalScore value='98682'/>
	</enemy>

	<scoreRatio value='0.566628'/>
	<timeFitness value='0.396806'/>
	<unitsAverage value='62'/>
</results>
