<results>
	<result value='loss'/>
	<start value='2015-07-18.02:50:37'/>
	<end value='2015-07-18.02:50:53'/>
	<frames value='19191'/>
	<gameDuration value='1199'/>

	<player>
		<unitScore value='5100'/>
		<killScore value='2650'/>
		<buildingScore value='2000'/>
		<razingScore value='0'/>
		<mineralScore value='6594'/>
		<gasScore value='736'/>
		<totalScore value='17080'/>
	</player>

	<enemy>
		<race value='Terran'/>
		<unitScore value='7550'/>
		<killScore value='10200'/>
		<buildingScore value='2850'/>
		<razingScore value='6000'/>
		<mineralScore value='8994'/>
		<gasScore value='3240'/>
		<totalScore value='38834'/>
	</enemy>

	<scoreRatio value='0.439821'/>
	<timeFitness value='0.166528'/>
	<unitsAverage value='28'/>
</results>
