<results>
	<result value='loss'/>
	<start value='2015-04-10.19:00:04'/>
	<end value='2015-04-10.19:00:55'/>
	<frames value='36799'/>
	<gameDuration value='2299'/>

	<player>
		<unitScore value='19975'/>
		<killScore value='15700'/>
		<buildingScore value='2750'/>
		<razingScore value='1650'/>
		<mineralScore value='21322'/>
		<gasScore value='2520'/>
		<totalScore value='63917'/>
	</player>

	<enemy>
		<race value='Protoss'/>
		<unitScore value='20900'/>
		<unitScore value='20900'/>
		<killScore value='39950'/>
		<buildingScore value='7975'/>
		<razingScore value='8250'/>
		<mineralScore value='25094'/>
		<gasScore value='8072'/>
		<totalScore value='110241'/>
	</enemy>

	<scoreRatio value='0.579793'/>
</results>
