<results>
	<result value='win'/>
	<start value='2015-05-04.01:47:49'/>
	<end value='2015-05-04.01:48:04'/>
	<frames value='20803'/>
	<gameDuration value='1300'/>

	<player>
		<unitScore value='7675'/>
		<killScore value='13950'/>
		<buildingScore value='2775'/>
		<razingScore value='5400'/>
		<mineralScore value='13074'/>
		<gasScore value='1288'/>
		<totalScore value='44162'/>
	</player>

	<enemy>
		<race value='Terran'/>
		<unitScore value='6975'/>
		<unitScore value='6975'/>
		<killScore value='3000'/>
		<buildingScore value='1800'/>
		<razingScore value='150'/>
		<mineralScore value='8234'/>
		<gasScore value='2664'/>
		<totalScore value='22823'/>
	</enemy>

	<scoreRatio value='1.93498'/>
	<timeFitness value='0.819444'/>
	<unitsAverage value='61'/>
</results>
