<results>
	<result value='win'/>
	<start value='2015-05-04.02:04:45'/>
	<end value='2015-05-04.02:05:28'/>
	<frames value='40457'/>
	<gameDuration value='2528'/>

	<player>
		<unitScore value='22900'/>
		<killScore value='26000'/>
		<buildingScore value='5450'/>
		<razingScore value='7350'/>
		<mineralScore value='36602'/>
		<gasScore value='4486'/>
		<totalScore value='102788'/>
	</player>

	<enemy>
		<race value='Terran'/>
		<unitScore value='13000'/>
		<unitScore value='13000'/>
		<killScore value='23400'/>
		<buildingScore value='2450'/>
		<razingScore value='3825'/>
		<mineralScore value='12050'/>
		<gasScore value='5272'/>
		<totalScore value='59997'/>
	</enemy>

	<scoreRatio value='1.71322'/>
	<timeFitness value='0.648889'/>
	<unitsAverage value='100'/>
</results>
