<results>
	<result value='win'/>
	<start value='2015-04-07.21:14:41'/>
	<end value='2015-04-07.21:15:42'/>
	<frames value='46037'/>
	<gameDuration value='2877'/>

	<player>
		<unitScore value='35200'/>
		<killScore value='46100'/>
		<buildingScore value='3675'/>
		<razingScore value='20550'/>
		<mineralScore value='37786'/>
		<gasScore value='5376'/>
		<totalScore value='148687'/>
	</player>

	<enemy>
		<race value='Protoss'/>
		<unitScore value='23050'/>
		<unitScore value='23050'/>
		<killScore value='51400'/>
		<buildingScore value='6850'/>
		<razingScore value='150'/>
		<mineralScore value='25258'/>
		<gasScore value='6052'/>
		<totalScore value='112760'/>
	</enemy>

	<scoreRatio value='1.31861'/>
</results>
