<results>
	<result value='win'/>
	<start value='2015-04-28.05:47:52'/>
	<end value='2015-04-28.05:48:29'/>
	<frames value='27282'/>
	<gameDuration value='1705'/>

	<player>
		<unitScore value='15750'/>
		<killScore value='24970'/>
		<buildingScore value='4050'/>
		<razingScore value='7485'/>
		<mineralScore value='22714'/>
		<gasScore value='3176'/>
		<totalScore value='78145'/>
	</player>

	<enemy>
		<race value='Zerg'/>
		<unitScore value='11475'/>
		<unitScore value='11475'/>
		<killScore value='12950'/>
		<buildingScore value='2495'/>
		<razingScore value='0'/>
		<mineralScore value='11386'/>
		<gasScore value='4040'/>
		<totalScore value='42346'/>
	</enemy>

	<scoreRatio value='1.84539'/>
</results>
