<results>
	<result value='win'/>
	<start value='2014-07-24.16:05:24'/>
	<end value='2014-07-24.16:05:38'/>
	<frames value='21857'/>
	<gameDuration value='1366'/>

	<player>
		<unitScore value='9900'/>
		<killScore value='8800'/>
		<buildingScore value='2625'/>
		<razingScore value='9225'/>
		<mineralScore value='14942'/>
		<gasScore value='2256'/>
		<totalScore value='47748'/>
	</player>

	<enemy>
		<race value='Protoss'/>
		<unitScore value='4450'/>
		<unitScore value='4450'/>
		<killScore value='6500'/>
		<buildingScore value='3075'/>
		<razingScore value='0'/>
		<mineralScore value='14490'/>
		<gasScore value='944'/>
		<totalScore value='29459'/>
	</enemy>

	<scoreRatio value='1.62083'/>
</results>
