<results>
	<result value='win'/>
	<start value='2014-07-24.16:08:24'/>
	<end value='2014-07-24.16:08:48'/>
	<frames value='30041'/>
	<gameDuration value='1877'/>

	<player>
		<unitScore value='19150'/>
		<killScore value='16150'/>
		<buildingScore value='3700'/>
		<razingScore value='13875'/>
		<mineralScore value='23418'/>
		<gasScore value='3112'/>
		<totalScore value='79405'/>
	</player>

	<enemy>
		<race value='Protoss'/>
		<unitScore value='8075'/>
		<unitScore value='8075'/>
		<killScore value='20500'/>
		<buildingScore value='4625'/>
		<razingScore value='0'/>
		<mineralScore value='12346'/>
		<gasScore value='3896'/>
		<totalScore value='49442'/>
	</enemy>

	<scoreRatio value='1.60602'/>
</results>
