<results>
	<result value='loss'/>
	<start value='2015-04-10.20:20:46'/>
	<end value='2015-04-10.20:21:08'/>
	<frames value='35125'/>
	<gameDuration value='2195'/>

	<player>
		<unitScore value='10675'/>
		<killScore value='4900'/>
		<buildingScore value='2200'/>
		<razingScore value='300'/>
		<mineralScore value='13946'/>
		<gasScore value='560'/>
		<totalScore value='32581'/>
	</player>

	<enemy>
		<race value='Protoss'/>
		<unitScore value='20875'/>
		<unitScore value='20875'/>
		<killScore value='21100'/>
		<buildingScore value='7125'/>
		<razingScore value='6600'/>
		<mineralScore value='22934'/>
		<gasScore value='9360'/>
		<totalScore value='87994'/>
	</enemy>

	<scoreRatio value='0.370264'/>
</results>
