<results>
	<result value='loss'/>
	<start value='2015-04-10.20:21:11'/>
	<end value='2015-04-10.20:21:21'/>
	<frames value='18292'/>
	<gameDuration value='1143'/>

	<player>
		<unitScore value='5075'/>
		<killScore value='1200'/>
		<buildingScore value='1875'/>
		<razingScore value='0'/>
		<mineralScore value='7490'/>
		<gasScore value='1424'/>
		<totalScore value='17064'/>
	</player>

	<enemy>
		<race value='Protoss'/>
		<unitScore value='4575'/>
		<unitScore value='4575'/>
		<killScore value='9300'/>
		<buildingScore value='3875'/>
		<razingScore value='5625'/>
		<mineralScore value='9586'/>
		<gasScore value='2576'/>
		<totalScore value='35537'/>
	</enemy>

	<scoreRatio value='0.480176'/>
</results>
