<results>
	<result value='loss'/>
	<start value='2015-04-29.08:33:28'/>
	<end value='2015-04-29.08:33:50'/>
	<frames value='39124'/>
	<gameDuration value='2445'/>

	<player>
		<unitScore value='16725'/>
		<killScore value='10900'/>
		<buildingScore value='2875'/>
		<razingScore value='0'/>
		<mineralScore value='19122'/>
		<gasScore value='4008'/>
		<totalScore value='53630'/>
	</player>

	<enemy>
		<race value='Protoss'/>
		<unitScore value='25250'/>
		<unitScore value='25250'/>
		<killScore value='33550'/>
		<buildingScore value='7225'/>
		<razingScore value='8625'/>
		<mineralScore value='26730'/>
		<gasScore value='10476'/>
		<totalScore value='111856'/>
	</enemy>

	<scoreRatio value='0.479456'/>
	<timeFitness value='0.339583'/>
	<unitsAverage value='48'/>
</results>
