<results>
	<result value='win'/>
	<start value='2015-04-29.08:36:42'/>
	<end value='2015-04-29.08:37:24'/>
	<frames value='38349'/>
	<gameDuration value='2396'/>

	<player>
		<unitScore value='23800'/>
		<killScore value='8900'/>
		<buildingScore value='4600'/>
		<razingScore value='11475'/>
		<mineralScore value='30122'/>
		<gasScore value='3736'/>
		<totalScore value='82633'/>
	</player>

	<enemy>
		<race value='Protoss'/>
		<unitScore value='4450'/>
		<unitScore value='4450'/>
		<killScore value='23400'/>
		<buildingScore value='3825'/>
		<razingScore value='375'/>
		<mineralScore value='9138'/>
		<gasScore value='1856'/>
		<totalScore value='43044'/>
	</enemy>

	<scoreRatio value='1.91973'/>
	<timeFitness value='0.667222'/>
	<unitsAverage value='121'/>
</results>
