<results>
	<result value='win'/>
	<start value='2015-04-29.08:39:34'/>
	<end value='2015-04-29.08:40:00'/>
	<frames value='31901'/>
	<gameDuration value='1993'/>

	<player>
		<unitScore value='18400'/>
		<killScore value='19450'/>
		<buildingScore value='3275'/>
		<razingScore value='17325'/>
		<mineralScore value='23346'/>
		<gasScore value='2928'/>
		<totalScore value='84724'/>
	</player>

	<enemy>
		<race value='Protoss'/>
		<unitScore value='10425'/>
		<unitScore value='10425'/>
		<killScore value='20150'/>
		<buildingScore value='5775'/>
		<razingScore value='150'/>
		<mineralScore value='14674'/>
		<gasScore value='3856'/>
		<totalScore value='55030'/>
	</enemy>

	<scoreRatio value='1.5396'/>
	<timeFitness value='0.723194'/>
	<unitsAverage value='87'/>
</results>
