<results>
	<result value='loss'/>
	<start value='2015-04-29.08:40:46'/>
	<end value='2015-04-29.08:40:53'/>
	<frames value='17579'/>
	<gameDuration value='1098'/>

	<player>
		<unitScore value='4900'/>
		<killScore value='2000'/>
		<buildingScore value='1700'/>
		<razingScore value='0'/>
		<mineralScore value='7058'/>
		<gasScore value='1408'/>
		<totalScore value='17066'/>
	</player>

	<enemy>
		<race value='Protoss'/>
		<unitScore value='3875'/>
		<unitScore value='3875'/>
		<killScore value='9800'/>
		<buildingScore value='3725'/>
		<razingScore value='5100'/>
		<mineralScore value='9146'/>
		<gasScore value='2184'/>
		<totalScore value='33830'/>
	</enemy>

	<scoreRatio value='0.504463'/>
	<timeFitness value='0.1525'/>
	<unitsAverage value='33'/>
</results>
