<results>
	<result value='win'/>
	<start value='2015-04-28.22:11:03'/>
	<end value='2015-04-28.22:11:40'/>
	<frames value='25391'/>
	<gameDuration value='1586'/>

	<player>
		<unitScore value='16525'/>
		<killScore value='25950'/>
		<buildingScore value='3875'/>
		<razingScore value='6135'/>
		<mineralScore value='22698'/>
		<gasScore value='1640'/>
		<totalScore value='76823'/>
	</player>

	<enemy>
		<race value='Zerg'/>
		<unitScore value='11125'/>
		<unitScore value='11125'/>
		<killScore value='13150'/>
		<buildingScore value='2045'/>
		<razingScore value='0'/>
		<mineralScore value='11330'/>
		<gasScore value='3928'/>
		<totalScore value='41578'/>
	</enemy>

	<scoreRatio value='1.84768'/>
</results>
