<results>
	<result value='win'/>
	<start value='2015-04-28.22:17:05'/>
	<end value='2015-04-28.22:17:40'/>
	<frames value='24213'/>
	<gameDuration value='1513'/>

	<player>
		<unitScore value='15275'/>
		<killScore value='23370'/>
		<buildingScore value='3225'/>
		<razingScore value='6015'/>
		<mineralScore value='22162'/>
		<gasScore value='1600'/>
		<totalScore value='71647'/>
	</player>

	<enemy>
		<race value='Zerg'/>
		<unitScore value='10625'/>
		<unitScore value='10625'/>
		<killScore value='12150'/>
		<buildingScore value='2005'/>
		<razingScore value='0'/>
		<mineralScore value='11146'/>
		<gasScore value='4072'/>
		<totalScore value='39998'/>
	</enemy>

	<scoreRatio value='1.79126'/>
</results>
