<results>
	<result value='win'/>
	<start value='2015-04-28.22:19:11'/>
	<end value='2015-04-28.22:19:35'/>
	<frames value='21144'/>
	<gameDuration value='1321'/>

	<player>
		<unitScore value='12000'/>
		<killScore value='16920'/>
		<buildingScore value='2875'/>
		<razingScore value='5700'/>
		<mineralScore value='16290'/>
		<gasScore value='1280'/>
		<totalScore value='55065'/>
	</player>

	<enemy>
		<race value='Zerg'/>
		<unitScore value='8275'/>
		<unitScore value='8275'/>
		<killScore value='9450'/>
		<buildingScore value='1900'/>
		<razingScore value='0'/>
		<mineralScore value='8498'/>
		<gasScore value='2336'/>
		<totalScore value='30459'/>
	</enemy>

	<scoreRatio value='1.80784'/>
</results>
