<results>
	<result value='win'/>
	<start value='2015-05-09.22:45:19'/>
	<end value='2015-05-09.22:45:46'/>
	<frames value='25267'/>
	<gameDuration value='1579'/>

	<player>
		<unitScore value='15725'/>
		<killScore value='11900'/>
		<buildingScore value='3525'/>
		<razingScore value='10275'/>
		<mineralScore value='24818'/>
		<gasScore value='1704'/>
		<totalScore value='67947'/>
	</player>

	<enemy>
		<race value='Protoss'/>
		<unitScore value='6000'/>
		<unitScore value='6000'/>
		<killScore value='11650'/>
		<buildingScore value='3425'/>
		<razingScore value='0'/>
		<mineralScore value='14066'/>
		<gasScore value='928'/>
		<totalScore value='36069'/>
	</enemy>

	<scoreRatio value='1.88381'/>
	<timeFitness value='0.780694'/>
	<unitsAverage value='93'/>
</results>
