<results>
	<result value='win'/>
	<start value='2015-05-01.23:52:35'/>
	<end value='2015-05-01.23:52:55'/>
	<frames value='21640'/>
	<gameDuration value='1352'/>

	<player>
		<unitScore value='10975'/>
		<killScore value='20580'/>
		<buildingScore value='3275'/>
		<razingScore value='4560'/>
		<mineralScore value='16118'/>
		<gasScore value='2160'/>
		<totalScore value='57668'/>
	</player>

	<enemy>
		<race value='Zerg'/>
		<unitScore value='9200'/>
		<unitScore value='9200'/>
		<killScore value='7600'/>
		<buildingScore value='1520'/>
		<razingScore value='0'/>
		<mineralScore value='8730'/>
		<gasScore value='2528'/>
		<totalScore value='29578'/>
	</enemy>

	<scoreRatio value='1.94969'/>
	<timeFitness value='0.812222'/>
	<unitsAverage value='71'/>
</results>
