<results>
	<result value='win'/>
	<start value='2015-05-05.12:30:58'/>
	<end value='2015-05-05.12:31:41'/>
	<frames value='45448'/>
	<gameDuration value='2840'/>

	<player>
		<unitScore value='21050'/>
		<killScore value='36850'/>
		<buildingScore value='3575'/>
		<razingScore value='14175'/>
		<mineralScore value='28346'/>
		<gasScore value='888'/>
		<totalScore value='104884'/>
	</player>

	<enemy>
		<race value='Terran'/>
		<unitScore value='21825'/>
		<unitScore value='21825'/>
		<killScore value='24250'/>
		<buildingScore value='4725'/>
		<razingScore value='2475'/>
		<mineralScore value='18674'/>
		<gasScore value='9708'/>
		<totalScore value='81657'/>
	</enemy>

	<scoreRatio value='1.28445'/>
	<timeFitness value='0.605556'/>
	<unitsAverage value='90'/>
</results>
