<results>
	<result value='loss'/>
	<start value='2015-05-09.03:57:58'/>
	<end value='2015-05-09.03:58:05'/>
	<frames value='16184'/>
	<gameDuration value='1011'/>

	<player>
		<unitScore value='3500'/>
		<killScore value='600'/>
		<buildingScore value='1550'/>
		<razingScore value='0'/>
		<mineralScore value='4562'/>
		<gasScore value='552'/>
		<totalScore value='10764'/>
	</player>

	<enemy>
		<race value='Terran'/>
		<unitScore value='5150'/>
		<unitScore value='5150'/>
		<killScore value='7000'/>
		<buildingScore value='1900'/>
		<razingScore value='4650'/>
		<mineralScore value='7482'/>
		<gasScore value='2464'/>
		<totalScore value='28646'/>
	</enemy>

	<scoreRatio value='0.375759'/>
	<timeFitness value='0.140417'/>
	<unitsAverage value='24'/>
</results>
