<results>
	<result value='loss'/>
	<start value='2015-05-09.03:58:57'/>
	<end value='2015-05-09.03:59:03'/>
	<frames value='15812'/>
	<gameDuration value='988'/>

	<player>
		<unitScore value='1825'/>
		<killScore value='600'/>
		<buildingScore value='1250'/>
		<razingScore value='0'/>
		<mineralScore value='2914'/>
		<gasScore value='720'/>
		<totalScore value='7309'/>
	</player>

	<enemy>
		<race value='Terran'/>
		<unitScore value='5825'/>
		<unitScore value='5825'/>
		<killScore value='3650'/>
		<buildingScore value='1850'/>
		<razingScore value='3750'/>
		<mineralScore value='7306'/>
		<gasScore value='2088'/>
		<totalScore value='24469'/>
	</enemy>

	<scoreRatio value='0.298704'/>
	<timeFitness value='0.137222'/>
	<unitsAverage value='14'/>
</results>
