<results>
	<result value='draw'/>
	<start value='2015-05-09.04:03:03'/>
	<end value='2015-05-09.04:03:46'/>
	<frames value='57601'/>
	<gameDuration value='3600'/>

	<player>
		<unitScore value='21475'/>
		<killScore value='38750'/>
		<buildingScore value='5975'/>
		<razingScore value='14775'/>
		<mineralScore value='27318'/>
		<gasScore value='3074'/>
		<totalScore value='111367'/>
	</player>

	<enemy>
		<race value='Terran'/>
		<unitScore value='24725'/>
		<unitScore value='24725'/>
		<killScore value='21500'/>
		<buildingScore value='5175'/>
		<razingScore value='6675'/>
		<mineralScore value='19550'/>
		<gasScore value='10668'/>
		<totalScore value='88293'/>
	</enemy>

	<scoreRatio value='1.26133'/>
	<timeFitness value='0.5'/>
	<unitsAverage value='69'/>
</results>
