<results>
	<result value='loss'/>
	<start value='2015-05-09.04:07:10'/>
	<end value='2015-05-09.04:07:19'/>
	<frames value='17889'/>
	<gameDuration value='1118'/>

	<player>
		<unitScore value='3950'/>
		<killScore value='950'/>
		<buildingScore value='2300'/>
		<razingScore value='0'/>
		<mineralScore value='6914'/>
		<gasScore value='0'/>
		<totalScore value='14114'/>
	</player>

	<enemy>
		<race value='Terran'/>
		<unitScore value='6600'/>
		<unitScore value='6600'/>
		<killScore value='7900'/>
		<buildingScore value='2700'/>
		<razingScore value='6900'/>
		<mineralScore value='8218'/>
		<gasScore value='2784'/>
		<totalScore value='35102'/>
	</enemy>

	<scoreRatio value='0.402085'/>
	<timeFitness value='0.155278'/>
	<unitsAverage value='25'/>
</results>
