<results>
	<result value='win'/>
	<start value='2015-05-10.03:53:20'/>
	<end value='2015-05-10.03:54:08'/>
	<frames value='32862'/>
	<gameDuration value='2053'/>

	<player>
		<unitScore value='21600'/>
		<killScore value='30200'/>
		<buildingScore value='3700'/>
		<razingScore value='17325'/>
		<mineralScore value='27502'/>
		<gasScore value='3472'/>
		<totalScore value='103799'/>
	</player>

	<enemy>
		<race value='Protoss'/>
		<unitScore value='15525'/>
		<unitScore value='15525'/>
		<killScore value='23000'/>
		<buildingScore value='5775'/>
		<razingScore value='150'/>
		<mineralScore value='17438'/>
		<gasScore value='5296'/>
		<totalScore value='67184'/>
	</enemy>

	<scoreRatio value='1.545'/>
	<timeFitness value='0.714861'/>
	<unitsAverage value='92'/>
</results>
