<results>
	<result value='win'/>
	<start value='2015-04-29.23:45:38'/>
	<end value='2015-04-29.23:45:58'/>
	<frames value='21981'/>
	<gameDuration value='1373'/>

	<player>
		<unitScore value='11875'/>
		<killScore value='18475'/>
		<buildingScore value='2900'/>
		<razingScore value='5655'/>
		<mineralScore value='16890'/>
		<gasScore value='1328'/>
		<totalScore value='57123'/>
	</player>

	<enemy>
		<race value='Zerg'/>
		<unitScore value='8725'/>
		<unitScore value='8725'/>
		<killScore value='7650'/>
		<buildingScore value='1885'/>
		<razingScore value='0'/>
		<mineralScore value='8586'/>
		<gasScore value='2384'/>
		<totalScore value='29230'/>
	</enemy>

	<scoreRatio value='1.95426'/>
	<timeFitness value='0.809306'/>
	<unitsAverage value='71'/>
</results>
