<results>
	<result value='win'/>
	<start value='2015-04-29.23:54:53'/>
	<end value='2015-04-29.23:55:12'/>
	<frames value='19811'/>
	<gameDuration value='1238'/>

	<player>
		<unitScore value='10550'/>
		<killScore value='19270'/>
		<buildingScore value='2800'/>
		<razingScore value='4560'/>
		<mineralScore value='14514'/>
		<gasScore value='1160'/>
		<totalScore value='52854'/>
	</player>

	<enemy>
		<race value='Zerg'/>
		<unitScore value='8425'/>
		<unitScore value='8425'/>
		<killScore value='7200'/>
		<buildingScore value='1520'/>
		<razingScore value='0'/>
		<mineralScore value='7226'/>
		<gasScore value='2128'/>
		<totalScore value='26499'/>
	</enemy>

	<scoreRatio value='1.99457'/>
	<timeFitness value='0.828056'/>
	<unitsAverage value='63'/>
</results>
