<results>
	<result value='loss'/>
	<start value='2015-04-26.03:47:29'/>
	<end value='2015-04-26.03:48:13'/>
	<frames value='52175'/>
	<gameDuration value='3260'/>

	<player>
		<unitScore value='22875'/>
		<killScore value='32150'/>
		<buildingScore value='3050'/>
		<razingScore value='900'/>
		<mineralScore value='24154'/>
		<gasScore value='4496'/>
		<totalScore value='87625'/>
	</player>

	<enemy>
		<race value='Terran'/>
		<unitScore value='39225'/>
		<unitScore value='39225'/>
		<killScore value='45750'/>
		<buildingScore value='5275'/>
		<razingScore value='9150'/>
		<mineralScore value='26514'/>
		<gasScore value='16762'/>
		<totalScore value='142676'/>
	</enemy>

	<scoreRatio value='0.614154'/>
</results>
