<results>
	<result value='loss'/>
	<start value='2015-07-21.05:31:23'/>
	<end value='2015-07-21.05:32:05'/>
	<frames value='27406'/>
	<gameDuration value='1712'/>

	<player>
		<unitScore value='11900'/>
		<killScore value='5650'/>
		<buildingScore value='3350'/>
		<razingScore value='195'/>
		<mineralScore value='14050'/>
		<gasScore value='2504'/>
		<totalScore value='37649'/>
	</player>

	<enemy>
		<race value='Zerg'/>
		<unitScore value='14100'/>
		<killScore value='23800'/>
		<buildingScore value='3385'/>
		<razingScore value='10050'/>
		<mineralScore value='15406'/>
		<gasScore value='5200'/>
		<totalScore value='71941'/>
	</enemy>

	<scoreRatio value='0.523332'/>
	<timeFitness value='0.237778'/>
	<unitsAverage value='48'/>
</results>
