<results>
	<result value='loss'/>
	<start value='2015-07-21.05:32:14'/>
	<end value='2015-07-21.05:33:12'/>
	<frames value='29638'/>
	<gameDuration value='1852'/>

	<player>
		<unitScore value='18125'/>
		<killScore value='10750'/>
		<buildingScore value='2900'/>
		<razingScore value='0'/>
		<mineralScore value='22362'/>
		<gasScore value='2448'/>
		<totalScore value='56585'/>
	</player>

	<enemy>
		<race value='Zerg'/>
		<unitScore value='18050'/>
		<killScore value='33450'/>
		<buildingScore value='3410'/>
		<razingScore value='8700'/>
		<mineralScore value='18322'/>
		<gasScore value='6032'/>
		<totalScore value='87964'/>
	</enemy>

	<scoreRatio value='0.643275'/>
	<timeFitness value='0.257222'/>
	<unitsAverage value='72'/>
</results>
