<results>
	<result value='loss'/>
	<start value='2015-07-19.05:54:12'/>
	<end value='2015-07-19.05:55:53'/>
	<frames value='56050'/>
	<gameDuration value='3503'/>

	<player>
		<unitScore value='31900'/>
		<killScore value='21150'/>
		<buildingScore value='3600'/>
		<razingScore value='3900'/>
		<mineralScore value='26754'/>
		<gasScore value='5062'/>
		<totalScore value='92366'/>
	</player>

	<enemy>
		<race value='Protoss'/>
		<unitScore value='30625'/>
		<killScore value='54850'/>
		<buildingScore value='8425'/>
		<razingScore value='10800'/>
		<mineralScore value='34622'/>
		<gasScore value='12570'/>
		<totalScore value='151892'/>
	</enemy>

	<scoreRatio value='0.608103'/>
	<timeFitness value='0.486528'/>
	<unitsAverage value='106'/>
</results>
