<results>
	<result value='win'/>
	<start value='2015-05-09.03:08:36'/>
	<end value='2015-05-09.03:09:33'/>
	<frames value='40147'/>
	<gameDuration value='2509'/>

	<player>
		<unitScore value='19050'/>
		<killScore value='26600'/>
		<buildingScore value='3200'/>
		<razingScore value='12600'/>
		<mineralScore value='22130'/>
		<gasScore value='3224'/>
		<totalScore value='86804'/>
	</player>

	<enemy>
		<race value='Terran'/>
		<unitScore value='14675'/>
		<unitScore value='14675'/>
		<killScore value='24050'/>
		<buildingScore value='4200'/>
		<razingScore value='2700'/>
		<mineralScore value='14170'/>
		<gasScore value='6580'/>
		<totalScore value='66375'/>
	</enemy>

	<scoreRatio value='1.30778'/>
	<timeFitness value='0.651528'/>
	<unitsAverage value='70'/>
</results>
