<results>
	<result value='loss'/>
	<start value='2014-07-11.23:27:08'/>
	<end value='2014-07-11.23:27:11'/>
	<frames value='8744'/>
	<gameDuration value='546'/>

	<player>
		<unitScore value='950'/>
		<killScore value='150'/>
		<buildingScore value='775'/>
		<razingScore value='0'/>
		<mineralScore value='1522'/>
		<gasScore value='0'/>
		<totalScore value='3397'/>
	</player>

	<enemy>
		<race value='Zerg'/>
		<unitScore value='1550'/>
		<unitScore value='1550'/>
		<killScore value='1800'/>
		<buildingScore value='940'/>
		<razingScore value='2325'/>
		<mineralScore value='2522'/>
		<gasScore value='176'/>
		<totalScore value='9313'/>
	</enemy>

	<scoreRatio value='0.364759'/>
</results>
