<results>
	<result value='win'/>
	<start value='2015-05-09.16:42:22'/>
	<end value='2015-05-09.16:42:31'/>
	<frames value='15037'/>
	<gameDuration value='939'/>

	<player>
		<unitScore value='4725'/>
		<killScore value='6650'/>
		<buildingScore value='2025'/>
		<razingScore value='3600'/>
		<mineralScore value='7346'/>
		<gasScore value='1120'/>
		<totalScore value='25466'/>
	</player>

	<enemy>
		<race value='Terran'/>
		<unitScore value='3325'/>
		<unitScore value='3325'/>
		<killScore value='2900'/>
		<buildingScore value='1275'/>
		<razingScore value='1350'/>
		<mineralScore value='5874'/>
		<gasScore value='1552'/>
		<totalScore value='16276'/>
	</enemy>

	<scoreRatio value='1.56464'/>
	<timeFitness value='0.869583'/>
	<unitsAverage value='41'/>
</results>
