<results>
	<result value='loss'/>
	<start value='2015-07-14.02:19:04'/>
	<end value='2015-07-14.02:19:16'/>
	<frames value='15905'/>
	<gameDuration value='994'/>

	<player>
		<unitScore value='3950'/>
		<killScore value='1000'/>
		<buildingScore value='1750'/>
		<razingScore value='0'/>
		<mineralScore value='5210'/>
		<gasScore value='712'/>
		<totalScore value='12622'/>
	</player>

	<enemy>
		<race value='Protoss'/>
		<unitScore value='3550'/>
		<killScore value='7800'/>
		<buildingScore value='3875'/>
		<razingScore value='5250'/>
		<mineralScore value='8466'/>
		<gasScore value='1592'/>
		<totalScore value='30533'/>
	</enemy>

	<scoreRatio value='0.413389'/>
	<timeFitness value='0.138056'/>
	<unitsAverage value='22'/>
</results>
