<results>
	<result value='loss'/>
	<start value='2015-05-01.17:59:26'/>
	<end value='2015-05-01.17:59:39'/>
	<frames value='15347'/>
	<gameDuration value='959'/>

	<player>
		<unitScore value='3275'/>
		<killScore value='400'/>
		<buildingScore value='1475'/>
		<razingScore value='0'/>
		<mineralScore value='4810'/>
		<gasScore value='792'/>
		<totalScore value='10752'/>
	</player>

	<enemy>
		<race value='Protoss'/>
		<unitScore value='3550'/>
		<unitScore value='3550'/>
		<killScore value='6550'/>
		<buildingScore value='3075'/>
		<razingScore value='4425'/>
		<mineralScore value='8002'/>
		<gasScore value='1408'/>
		<totalScore value='27010'/>
	</enemy>

	<scoreRatio value='0.398075'/>
	<timeFitness value='0.133194'/>
	<unitsAverage value='22'/>
</results>
