<results>
	<result value='loss'/>
	<start value='2015-05-01.17:59:43'/>
	<end value='2015-05-01.18:00:42'/>
	<frames value='42596'/>
	<gameDuration value='2662'/>

	<player>
		<unitScore value='21275'/>
		<killScore value='25100'/>
		<buildingScore value='3225'/>
		<razingScore value='300'/>
		<mineralScore value='27242'/>
		<gasScore value='2768'/>
		<totalScore value='79910'/>
	</player>

	<enemy>
		<race value='Protoss'/>
		<unitScore value='29925'/>
		<unitScore value='29925'/>
		<killScore value='42650'/>
		<buildingScore value='6900'/>
		<razingScore value='9675'/>
		<mineralScore value='28914'/>
		<gasScore value='10342'/>
		<totalScore value='128406'/>
	</enemy>

	<scoreRatio value='0.622323'/>
	<timeFitness value='0.369722'/>
	<unitsAverage value='67'/>
</results>
