<results>
	<result value='win'/>
	<start value='2015-05-01.18:14:43'/>
	<end value='2015-05-01.18:16:27'/>
	<frames value='47804'/>
	<gameDuration value='2987'/>

	<player>
		<unitScore value='30650'/>
		<killScore value='57200'/>
		<buildingScore value='3550'/>
		<razingScore value='19650'/>
		<mineralScore value='33654'/>
		<gasScore value='6582'/>
		<totalScore value='151286'/>
	</player>

	<enemy>
		<race value='Protoss'/>
		<unitScore value='31100'/>
		<unitScore value='31100'/>
		<killScore value='48500'/>
		<buildingScore value='6550'/>
		<razingScore value='150'/>
		<mineralScore value='26434'/>
		<gasScore value='9148'/>
		<totalScore value='121882'/>
	</enemy>

	<scoreRatio value='1.24125'/>
	<timeFitness value='0.585139'/>
	<unitsAverage value='128'/>
</results>
