<results>
	<result value='win'/>
	<start value='2015-04-26.13:28:39'/>
	<end value='2015-04-26.13:29:06'/>
	<frames value='27933'/>
	<gameDuration value='1745'/>

	<player>
		<unitScore value='14575'/>
		<killScore value='23750'/>
		<buildingScore value='4550'/>
		<razingScore value='7425'/>
		<mineralScore value='23554'/>
		<gasScore value='3504'/>
		<totalScore value='77358'/>
	</player>

	<enemy>
		<race value='Terran'/>
		<unitScore value='11875'/>
		<unitScore value='11875'/>
		<killScore value='10850'/>
		<buildingScore value='2550'/>
		<razingScore value='1350'/>
		<mineralScore value='11942'/>
		<gasScore value='4384'/>
		<totalScore value='42951'/>
	</enemy>

	<scoreRatio value='1.80108'/>
</results>
