<results>
	<result value='draw'/>
	<start value='2015-04-26.13:32:00'/>
	<end value='2015-04-26.13:32:54'/>
	<frames value='57601'/>
	<gameDuration value='3600'/>

	<player>
		<unitScore value='30250'/>
		<killScore value='26850'/>
		<buildingScore value='3400'/>
		<razingScore value='0'/>
		<mineralScore value='31958'/>
		<gasScore value='5198'/>
		<totalScore value='97656'/>
	</player>

	<enemy>
		<race value='Terran'/>
		<unitScore value='28325'/>
		<unitScore value='28325'/>
		<killScore value='55650'/>
		<buildingScore value='4175'/>
		<razingScore value='1800'/>
		<mineralScore value='19550'/>
		<gasScore value='12324'/>
		<totalScore value='121824'/>
	</enemy>

	<scoreRatio value='0.801615'/>
</results>
