<results>
	<result value='win'/>
	<start value='2015-04-26.13:34:21'/>
	<end value='2015-04-26.13:34:37'/>
	<frames value='21826'/>
	<gameDuration value='1364'/>

	<player>
		<unitScore value='9275'/>
		<killScore value='16950'/>
		<buildingScore value='3250'/>
		<razingScore value='7575'/>
		<mineralScore value='14458'/>
		<gasScore value='1752'/>
		<totalScore value='53260'/>
	</player>

	<enemy>
		<race value='Terran'/>
		<unitScore value='8525'/>
		<unitScore value='8525'/>
		<killScore value='5200'/>
		<buildingScore value='2525'/>
		<razingScore value='1350'/>
		<mineralScore value='8794'/>
		<gasScore value='2976'/>
		<totalScore value='29370'/>
	</enemy>

	<scoreRatio value='1.81342'/>
</results>
