<results>
	<result value='win'/>
	<start value='2015-05-06.00:19:29'/>
	<end value='2015-05-06.00:20:08'/>
	<frames value='28274'/>
	<gameDuration value='1767'/>

	<player>
		<unitScore value='19550'/>
		<killScore value='28290'/>
		<buildingScore value='4200'/>
		<razingScore value='5040'/>
		<mineralScore value='27066'/>
		<gasScore value='1792'/>
		<totalScore value='85938'/>
	</player>

	<enemy>
		<race value='Zerg'/>
		<unitScore value='13425'/>
		<unitScore value='13425'/>
		<killScore value='17950'/>
		<buildingScore value='1680'/>
		<razingScore value='0'/>
		<mineralScore value='12114'/>
		<gasScore value='3912'/>
		<totalScore value='49081'/>
	</enemy>

	<scoreRatio value='1.75094'/>
	<timeFitness value='0.754583'/>
	<unitsAverage value='100'/>
</results>
