<results>
	<result value='win'/>
	<start value='2015-05-06.00:24:06'/>
	<end value='2015-05-06.00:24:46'/>
	<frames value='29328'/>
	<gameDuration value='1833'/>

	<player>
		<unitScore value='21150'/>
		<killScore value='34830'/>
		<buildingScore value='4075'/>
		<razingScore value='5280'/>
		<mineralScore value='30338'/>
		<gasScore value='1952'/>
		<totalScore value='97625'/>
	</player>

	<enemy>
		<race value='Zerg'/>
		<unitScore value='15175'/>
		<unitScore value='15175'/>
		<killScore value='20550'/>
		<buildingScore value='1760'/>
		<razingScore value='0'/>
		<mineralScore value='13114'/>
		<gasScore value='4120'/>
		<totalScore value='54719'/>
	</enemy>

	<scoreRatio value='1.78412'/>
	<timeFitness value='0.745417'/>
	<unitsAverage value='104'/>
</results>
