<results>
	<result value='win'/>
	<start value='2015-05-06.00:32:38'/>
	<end value='2015-05-06.00:33:10'/>
	<frames value='25794'/>
	<gameDuration value='1612'/>

	<player>
		<unitScore value='15725'/>
		<killScore value='21915'/>
		<buildingScore value='4000'/>
		<razingScore value='4995'/>
		<mineralScore value='26358'/>
		<gasScore value='2376'/>
		<totalScore value='75369'/>
	</player>

	<enemy>
		<race value='Zerg'/>
		<unitScore value='9925'/>
		<unitScore value='9925'/>
		<killScore value='10650'/>
		<buildingScore value='1665'/>
		<razingScore value='0'/>
		<mineralScore value='9226'/>
		<gasScore value='2592'/>
		<totalScore value='34058'/>
	</enemy>

	<scoreRatio value='2.21296'/>
	<timeFitness value='0.776111'/>
	<unitsAverage value='97'/>
</results>
