<results>
	<result value='win'/>
	<start value='2015-05-11.01:24:47'/>
	<end value='2015-05-11.01:25:13'/>
	<frames value='26042'/>
	<gameDuration value='1627'/>

	<player>
		<unitScore value='14600'/>
		<killScore value='22575'/>
		<buildingScore value='3725'/>
		<razingScore value='6360'/>
		<mineralScore value='24710'/>
		<gasScore value='1968'/>
		<totalScore value='73938'/>
	</player>

	<enemy>
		<race value='Zerg'/>
		<unitScore value='10150'/>
		<unitScore value='10150'/>
		<killScore value='9850'/>
		<buildingScore value='2120'/>
		<razingScore value='0'/>
		<mineralScore value='9818'/>
		<gasScore value='3440'/>
		<totalScore value='35378'/>
	</enemy>

	<scoreRatio value='2.08994'/>
	<timeFitness value='0.774028'/>
	<unitsAverage value='94'/>
</results>
