<results>
	<result value='win'/>
	<start value='2015-05-11.01:27:25'/>
	<end value='2015-05-11.01:28:09'/>
	<frames value='30940'/>
	<gameDuration value='1933'/>

	<player>
		<unitScore value='23375'/>
		<killScore value='43520'/>
		<buildingScore value='4550'/>
		<razingScore value='5400'/>
		<mineralScore value='35050'/>
		<gasScore value='3664'/>
		<totalScore value='115559'/>
	</player>

	<enemy>
		<race value='Zerg'/>
		<unitScore value='18200'/>
		<unitScore value='18200'/>
		<killScore value='23550'/>
		<buildingScore value='1800'/>
		<razingScore value='0'/>
		<mineralScore value='14714'/>
		<gasScore value='4368'/>
		<totalScore value='62632'/>
	</enemy>

	<scoreRatio value='1.84505'/>
	<timeFitness value='0.731528'/>
	<unitsAverage value='118'/>
</results>
