<results>
	<result value='win'/>
	<start value='2015-05-11.01:29:05'/>
	<end value='2015-05-11.01:29:35'/>
	<frames value='27468'/>
	<gameDuration value='1716'/>

	<player>
		<unitScore value='16000'/>
		<killScore value='24700'/>
		<buildingScore value='3700'/>
		<razingScore value='7485'/>
		<mineralScore value='25386'/>
		<gasScore value='3064'/>
		<totalScore value='80335'/>
	</player>

	<enemy>
		<race value='Zerg'/>
		<unitScore value='11425'/>
		<unitScore value='11425'/>
		<killScore value='11750'/>
		<buildingScore value='2495'/>
		<razingScore value='0'/>
		<mineralScore value='11666'/>
		<gasScore value='3416'/>
		<totalScore value='40752'/>
	</enemy>

	<scoreRatio value='1.97131'/>
	<timeFitness value='0.761667'/>
	<unitsAverage value='96'/>
</results>
