<results>
	<result value='win'/>
	<start value='2015-05-11.01:34:17'/>
	<end value='2015-05-11.01:34:41'/>
	<frames value='23066'/>
	<gameDuration value='1441'/>

	<player>
		<unitScore value='12225'/>
		<killScore value='18000'/>
		<buildingScore value='4150'/>
		<razingScore value='4560'/>
		<mineralScore value='20414'/>
		<gasScore value='1728'/>
		<totalScore value='61077'/>
	</player>

	<enemy>
		<race value='Zerg'/>
		<unitScore value='8175'/>
		<unitScore value='8175'/>
		<killScore value='6800'/>
		<buildingScore value='1520'/>
		<razingScore value='0'/>
		<mineralScore value='8290'/>
		<gasScore value='2480'/>
		<totalScore value='27265'/>
	</enemy>

	<scoreRatio value='2.24012'/>
	<timeFitness value='0.799861'/>
	<unitsAverage value='80'/>
</results>
