<results>
	<result value='win'/>
	<start value='2014-07-23.19:28:22'/>
	<end value='2014-07-23.19:28:38'/>
	<frames value='25732'/>
	<gameDuration value='1608'/>

	<player>
		<unitScore value='11750'/>
		<killScore value='12500'/>
		<buildingScore value='1575'/>
		<razingScore value='10650'/>
		<mineralScore value='12234'/>
		<gasScore value='1840'/>
		<totalScore value='50549'/>
	</player>

	<enemy>
		<race value='Protoss'/>
		<unitScore value='6675'/>
		<unitScore value='6675'/>
		<killScore value='12250'/>
		<buildingScore value='3550'/>
		<razingScore value='0'/>
		<mineralScore value='11746'/>
		<gasScore value='1952'/>
		<totalScore value='36173'/>
	</enemy>

	<scoreRatio value='1.39742'/>
</results>
