<results>
	<result value='win'/>
	<start value='2015-05-11.01:12:37'/>
	<end value='2015-05-11.01:13:11'/>
	<frames value='25050'/>
	<gameDuration value='1565'/>

	<player>
		<unitScore value='16550'/>
		<killScore value='27255'/>
		<buildingScore value='3625'/>
		<razingScore value='4635'/>
		<mineralScore value='22122'/>
		<gasScore value='2112'/>
		<totalScore value='76299'/>
	</player>

	<enemy>
		<race value='Zerg'/>
		<unitScore value='11800'/>
		<unitScore value='11800'/>
		<killScore value='12750'/>
		<buildingScore value='1545'/>
		<razingScore value='0'/>
		<mineralScore value='10698'/>
		<gasScore value='3408'/>
		<totalScore value='40201'/>
	</enemy>

	<scoreRatio value='1.89794'/>
	<timeFitness value='0.782639'/>
	<unitsAverage value='85'/>
</results>
