<results>
	<result value='draw'/>
	<start value='2015-05-11.01:16:19'/>
	<end value='2015-05-11.01:19:41'/>
	<frames value='57601'/>
	<gameDuration value='3600'/>

	<player>
		<unitScore value='22550'/>
		<killScore value='35820'/>
		<buildingScore value='4700'/>
		<razingScore value='10080'/>
		<mineralScore value='42894'/>
		<gasScore value='5824'/>
		<totalScore value='121868'/>
	</player>

	<enemy>
		<race value='Zerg'/>
		<unitScore value='17400'/>
		<unitScore value='17400'/>
		<killScore value='18800'/>
		<buildingScore value='3400'/>
		<razingScore value='0'/>
		<mineralScore value='20042'/>
		<gasScore value='5352'/>
		<totalScore value='64994'/>
	</enemy>

	<scoreRatio value='1.87507'/>
	<timeFitness value='0.5'/>
	<unitsAverage value='177'/>
</results>
