<results>
	<result value='win'/>
	<start value='2015-04-30.12:07:54'/>
	<end value='2015-04-30.12:08:23'/>
	<frames value='28925'/>
	<gameDuration value='1807'/>

	<player>
		<unitScore value='18900'/>
		<killScore value='27780'/>
		<buildingScore value='3350'/>
		<razingScore value='6495'/>
		<mineralScore value='22434'/>
		<gasScore value='2656'/>
		<totalScore value='81615'/>
	</player>

	<enemy>
		<race value='Zerg'/>
		<unitScore value='11950'/>
		<unitScore value='11950'/>
		<killScore value='20850'/>
		<buildingScore value='2165'/>
		<razingScore value='0'/>
		<mineralScore value='12054'/>
		<gasScore value='3848'/>
		<totalScore value='50867'/>
	</enemy>

	<scoreRatio value='1.60448'/>
	<timeFitness value='0.749028'/>
	<unitsAverage value='83'/>
</results>
