<results>
	<result value='loss'/>
	<start value='2015-07-21.19:26:02'/>
	<end value='2015-07-21.19:26:31'/>
	<frames value='26073'/>
	<gameDuration value='1629'/>

	<player>
		<unitScore value='11125'/>
		<killScore value='6910'/>
		<buildingScore value='2925'/>
		<razingScore value='900'/>
		<mineralScore value='16522'/>
		<gasScore value='1472'/>
		<totalScore value='39854'/>
	</player>

	<enemy>
		<race value='Zerg'/>
		<unitScore value='9875'/>
		<killScore value='22150'/>
		<buildingScore value='2875'/>
		<razingScore value='8775'/>
		<mineralScore value='12618'/>
		<gasScore value='4032'/>
		<totalScore value='60325'/>
	</enemy>

	<scoreRatio value='0.660655'/>
	<timeFitness value='0.22625'/>
	<unitsAverage value='44'/>
</results>
