<results>
	<result value='win'/>
	<start value='2015-05-03.18:59:59'/>
	<end value='2015-05-03.19:00:41'/>
	<frames value='30165'/>
	<gameDuration value='1885'/>

	<player>
		<unitScore value='27050'/>
		<killScore value='29220'/>
		<buildingScore value='4150'/>
		<razingScore value='4755'/>
		<mineralScore value='35686'/>
		<gasScore value='0'/>
		<totalScore value='100861'/>
	</player>

	<enemy>
		<race value='Zerg'/>
		<unitScore value='14075'/>
		<unitScore value='14075'/>
		<killScore value='34100'/>
		<buildingScore value='1585'/>
		<razingScore value='0'/>
		<mineralScore value='12010'/>
		<gasScore value='3768'/>
		<totalScore value='65538'/>
	</enemy>

	<scoreRatio value='1.53897'/>
	<timeFitness value='0.738194'/>
	<unitsAverage value='112'/>
</results>
