<results>
	<result value='draw'/>
	<start value='2015-05-03.19:07:26'/>
	<end value='2015-05-03.19:08:50'/>
	<frames value='57601'/>
	<gameDuration value='3600'/>

	<player>
		<unitScore value='39100'/>
		<killScore value='55330'/>
		<buildingScore value='3300'/>
		<razingScore value='2910'/>
		<mineralScore value='43534'/>
		<gasScore value='0'/>
		<totalScore value='144174'/>
	</player>

	<enemy>
		<race value='Zerg'/>
		<unitScore value='25875'/>
		<unitScore value='25875'/>
		<killScore value='67700'/>
		<buildingScore value='2190'/>
		<razingScore value='0'/>
		<mineralScore value='19550'/>
		<gasScore value='9816'/>
		<totalScore value='125131'/>
	</enemy>

	<scoreRatio value='1.15218'/>
	<timeFitness value='0.5'/>
	<unitsAverage value='122'/>
</results>
