<results>
	<result value='win'/>
	<start value='2015-05-21.21:50:46'/>
	<end value='2015-05-21.21:51:16'/>
	<frames value='27344'/>
	<gameDuration value='1709'/>

	<player>
		<unitScore value='20225'/>
		<killScore value='37440'/>
		<buildingScore value='4450'/>
		<razingScore value='5040'/>
		<mineralScore value='28970'/>
		<gasScore value='2528'/>
		<totalScore value='98653'/>
	</player>

	<enemy>
		<race value='Zerg'/>
		<unitScore value='15275'/>
		<killScore value='15700'/>
		<buildingScore value='1680'/>
		<razingScore value='0'/>
		<mineralScore value='12930'/>
		<gasScore value='3680'/>
		<totalScore value='49265'/>
	</enemy>

	<scoreRatio value='2.0025'/>
	<timeFitness value='0.762639'/>
	<unitsAverage value='107'/>
</results>
