<results>
	<result value='draw'/>
	<start value='2015-05-21.21:51:50'/>
	<end value='2015-05-21.21:53:03'/>
	<frames value='57601'/>
	<gameDuration value='3600'/>

	<player>
		<unitScore value='33675'/>
		<killScore value='63845'/>
		<buildingScore value='3550'/>
		<razingScore value='4050'/>
		<mineralScore value='34862'/>
		<gasScore value='5938'/>
		<totalScore value='145920'/>
	</player>

	<enemy>
		<race value='Zerg'/>
		<unitScore value='36575'/>
		<killScore value='57200'/>
		<buildingScore value='4585'/>
		<razingScore value='1425'/>
		<mineralScore value='27786'/>
		<gasScore value='11452'/>
		<totalScore value='139023'/>
	</enemy>

	<scoreRatio value='1.04961'/>
	<timeFitness value='0.5'/>
	<unitsAverage value='133'/>
</results>
