<results>
	<result value='win'/>
	<start value='2015-07-14.00:47:39'/>
	<end value='2015-07-14.00:49:26'/>
	<frames value='55585'/>
	<gameDuration value='3474'/>

	<player>
		<unitScore value='45700'/>
		<killScore value='27400'/>
		<buildingScore value='4275'/>
		<razingScore value='13275'/>
		<mineralScore value='49134'/>
		<gasScore value='9716'/>
		<totalScore value='149500'/>
	</player>

	<enemy>
		<race value='Protoss'/>
		<unitScore value='15950'/>
		<killScore value='61750'/>
		<buildingScore value='4425'/>
		<razingScore value='0'/>
		<mineralScore value='13746'/>
		<gasScore value='5304'/>
		<totalScore value='101175'/>
	</enemy>

	<scoreRatio value='1.47764'/>
	<timeFitness value='0.5175'/>
	<unitsAverage value='159'/>
</results>
