<results>
	<result value='draw'/>
	<start value='2015-07-14.00:56:11'/>
	<end value='2015-07-14.00:57:54'/>
	<frames value='57601'/>
	<gameDuration value='3600'/>

	<player>
		<unitScore value='38725'/>
		<killScore value='30800'/>
		<buildingScore value='8375'/>
		<razingScore value='1950'/>
		<mineralScore value='38474'/>
		<gasScore value='9944'/>
		<totalScore value='128268'/>
	</player>

	<enemy>
		<race value='Protoss'/>
		<unitScore value='28025'/>
		<killScore value='71100'/>
		<buildingScore value='6075'/>
		<razingScore value='17025'/>
		<mineralScore value='24570'/>
		<gasScore value='8606'/>
		<totalScore value='155401'/>
	</enemy>

	<scoreRatio value='0.8254'/>
	<timeFitness value='0.5'/>
	<unitsAverage value='119'/>
</results>
