<results>
	<result value='loss'/>
	<start value='2015-07-14.00:57:56'/>
	<end value='2015-07-14.00:58:15'/>
	<frames value='30661'/>
	<gameDuration value='1916'/>

	<player>
		<unitScore value='11100'/>
		<killScore value='2800'/>
		<buildingScore value='3150'/>
		<razingScore value='0'/>
		<mineralScore value='18662'/>
		<gasScore value='1696'/>
		<totalScore value='37408'/>
	</player>

	<enemy>
		<race value='Protoss'/>
		<unitScore value='14075'/>
		<killScore value='22200'/>
		<buildingScore value='6125'/>
		<razingScore value='9600'/>
		<mineralScore value='20006'/>
		<gasScore value='7160'/>
		<totalScore value='79166'/>
	</enemy>

	<scoreRatio value='0.472526'/>
	<timeFitness value='0.266111'/>
	<unitsAverage value='40'/>
</results>
