<results>
	<result value='loss'/>
	<start value='2015-05-05.22:53:22'/>
	<end value='2015-05-05.22:53:41'/>
	<frames value='30599'/>
	<gameDuration value='1912'/>

	<player>
		<unitScore value='7700'/>
		<killScore value='4050'/>
		<buildingScore value='1900'/>
		<razingScore value='0'/>
		<mineralScore value='12890'/>
		<gasScore value='792'/>
		<totalScore value='27332'/>
	</player>

	<enemy>
		<race value='Protoss'/>
		<unitScore value='15825'/>
		<unitScore value='15825'/>
		<killScore value='14900'/>
		<buildingScore value='6925'/>
		<razingScore value='5550'/>
		<mineralScore value='19062'/>
		<gasScore value='7336'/>
		<totalScore value='69598'/>
	</enemy>

	<scoreRatio value='0.392712'/>
	<timeFitness value='0.265556'/>
	<unitsAverage value='37'/>
</results>
