<results>
	<result value='win'/>
	<start value='2015-05-05.22:53:45'/>
	<end value='2015-05-05.22:54:35'/>
	<frames value='33296'/>
	<gameDuration value='2081'/>

	<player>
		<unitScore value='23800'/>
		<killScore value='32050'/>
		<buildingScore value='3625'/>
		<razingScore value='18900'/>
		<mineralScore value='34370'/>
		<gasScore value='2368'/>
		<totalScore value='115113'/>
	</player>

	<enemy>
		<race value='Protoss'/>
		<unitScore value='16825'/>
		<unitScore value='16825'/>
		<killScore value='25550'/>
		<buildingScore value='6300'/>
		<razingScore value='0'/>
		<mineralScore value='20790'/>
		<gasScore value='6208'/>
		<totalScore value='75673'/>
	</enemy>

	<scoreRatio value='1.52119'/>
	<timeFitness value='0.710972'/>
	<unitsAverage value='118'/>
</results>
