<results>
	<result value='loss'/>
	<start value='2015-05-05.23:00:17'/>
	<end value='2015-05-05.23:00:52'/>
	<frames value='44735'/>
	<gameDuration value='2795'/>

	<player>
		<unitScore value='21700'/>
		<killScore value='35800'/>
		<buildingScore value='2525'/>
		<razingScore value='300'/>
		<mineralScore value='23478'/>
		<gasScore value='3608'/>
		<totalScore value='87411'/>
	</player>

	<enemy>
		<race value='Protoss'/>
		<unitScore value='35450'/>
		<unitScore value='35450'/>
		<killScore value='43500'/>
		<buildingScore value='7175'/>
		<razingScore value='7575'/>
		<mineralScore value='31630'/>
		<gasScore value='11964'/>
		<totalScore value='137294'/>
	</enemy>

	<scoreRatio value='0.63667'/>
	<timeFitness value='0.388194'/>
	<unitsAverage value='53'/>
</results>
