<results>
	<result value='loss'/>
	<start value='2015-05-05.23:24:54'/>
	<end value='2015-05-05.23:25:06'/>
	<frames value='14572'/>
	<gameDuration value='910'/>

	<player>
		<unitScore value='3050'/>
		<killScore value='1000'/>
		<buildingScore value='1400'/>
		<razingScore value='0'/>
		<mineralScore value='4490'/>
		<gasScore value='760'/>
		<totalScore value='10700'/>
	</player>

	<enemy>
		<race value='Protoss'/>
		<unitScore value='3550'/>
		<unitScore value='3550'/>
		<killScore value='6100'/>
		<buildingScore value='2425'/>
		<razingScore value='4200'/>
		<mineralScore value='7546'/>
		<gasScore value='1384'/>
		<totalScore value='25205'/>
	</enemy>

	<scoreRatio value='0.424519'/>
	<timeFitness value='0.126389'/>
	<unitsAverage value='21'/>
</results>
