<results>
	<result value='win'/>
	<start value='2014-07-11.18:49:34'/>
	<end value='2014-07-11.18:50:07'/>
	<frames value='33141'/>
	<gameDuration value='2071'/>

	<player>
		<unitScore value='20775'/>
		<killScore value='38650'/>
		<buildingScore value='4525'/>
		<razingScore value='10125'/>
		<mineralScore value='28058'/>
		<gasScore value='2624'/>
		<totalScore value='104757'/>
	</player>

	<enemy>
		<race value='Terran'/>
		<unitScore value='20125'/>
		<unitScore value='20125'/>
		<killScore value='20300'/>
		<buildingScore value='3475'/>
		<razingScore value='1350'/>
		<mineralScore value='14882'/>
		<gasScore value='6796'/>
		<totalScore value='66928'/>
	</enemy>

	<scoreRatio value='1.56522'/>
</results>
