<results>
	<result value='win'/>
	<start value='2014-07-11.19:02:31'/>
	<end value='2014-07-11.19:03:02'/>
	<frames value='30630'/>
	<gameDuration value='1914'/>

	<player>
		<unitScore value='19150'/>
		<killScore value='27950'/>
		<buildingScore value='3725'/>
		<razingScore value='7200'/>
		<mineralScore value='28514'/>
		<gasScore value='2888'/>
		<totalScore value='89427'/>
	</player>

	<enemy>
		<race value='Terran'/>
		<unitScore value='13975'/>
		<unitScore value='13975'/>
		<killScore value='16100'/>
		<buildingScore value='2400'/>
		<razingScore value='450'/>
		<mineralScore value='12050'/>
		<gasScore value='4816'/>
		<totalScore value='49791'/>
	</enemy>

	<scoreRatio value='1.79605'/>
</results>
