<results>
	<result value='loss'/>
	<start value='2015-07-18.03:20:56'/>
	<end value='2015-07-18.03:22:33'/>
	<frames value='53105'/>
	<gameDuration value='3319'/>

	<player>
		<unitScore value='37425'/>
		<killScore value='23750'/>
		<buildingScore value='3200'/>
		<razingScore value='150'/>
		<mineralScore value='31766'/>
		<gasScore value='8038'/>
		<totalScore value='104329'/>
	</player>

	<enemy>
		<race value='Terran'/>
		<unitScore value='24375'/>
		<killScore value='74850'/>
		<buildingScore value='5375'/>
		<razingScore value='9600'/>
		<mineralScore value='26750'/>
		<gasScore value='11570'/>
		<totalScore value='152520'/>
	</enemy>

	<scoreRatio value='0.684035'/>
	<timeFitness value='0.460972'/>
	<unitsAverage value='75'/>
</results>
