<results>
	<result value='win'/>
	<start value='2015-05-06.09:34:22'/>
	<end value='2015-05-06.09:34:40'/>
	<frames value='22942'/>
	<gameDuration value='1433'/>

	<player>
		<unitScore value='10450'/>
		<killScore value='16100'/>
		<buildingScore value='3725'/>
		<razingScore value='6375'/>
		<mineralScore value='16398'/>
		<gasScore value='1416'/>
		<totalScore value='54464'/>
	</player>

	<enemy>
		<race value='Terran'/>
		<unitScore value='8100'/>
		<unitScore value='8100'/>
		<killScore value='5050'/>
		<buildingScore value='2200'/>
		<razingScore value='1350'/>
		<mineralScore value='9082'/>
		<gasScore value='3080'/>
		<totalScore value='28862'/>
	</enemy>

	<scoreRatio value='1.88705'/>
	<timeFitness value='0.800972'/>
	<unitsAverage value='66'/>
</results>
