<results>
	<result value='win'/>
	<start value='2015-05-06.09:41:12'/>
	<end value='2015-05-06.09:41:24'/>
	<frames value='19563'/>
	<gameDuration value='1222'/>

	<player>
		<unitScore value='7625'/>
		<killScore value='12700'/>
		<buildingScore value='2225'/>
		<razingScore value='4350'/>
		<mineralScore value='11514'/>
		<gasScore value='2200'/>
		<totalScore value='40614'/>
	</player>

	<enemy>
		<race value='Terran'/>
		<unitScore value='6350'/>
		<unitScore value='6350'/>
		<killScore value='4850'/>
		<buildingScore value='1450'/>
		<razingScore value='300'/>
		<mineralScore value='8938'/>
		<gasScore value='2152'/>
		<totalScore value='24040'/>
	</enemy>

	<scoreRatio value='1.68943'/>
	<timeFitness value='0.830278'/>
	<unitsAverage value='52'/>
</results>
