<results>
	<result value='loss'/>
	<start value='2015-05-06.09:41:28'/>
	<end value='2015-05-06.09:41:38'/>
	<frames value='18168'/>
	<gameDuration value='1135'/>

	<player>
		<unitScore value='3700'/>
		<killScore value='1900'/>
		<buildingScore value='1700'/>
		<razingScore value='0'/>
		<mineralScore value='5754'/>
		<gasScore value='1144'/>
		<totalScore value='14198'/>
	</player>

	<enemy>
		<race value='Terran'/>
		<unitScore value='6550'/>
		<unitScore value='6550'/>
		<killScore value='6900'/>
		<buildingScore value='2900'/>
		<razingScore value='5100'/>
		<mineralScore value='8330'/>
		<gasScore value='2576'/>
		<totalScore value='32356'/>
	</enemy>

	<scoreRatio value='0.438806'/>
	<timeFitness value='0.157639'/>
	<unitsAverage value='31'/>
</results>
