<results>
	<result value='win'/>
	<start value='2015-05-05.18:19:55'/>
	<end value='2015-05-05.18:20:24'/>
	<frames value='25670'/>
	<gameDuration value='1604'/>

	<player>
		<unitScore value='15225'/>
		<killScore value='22650'/>
		<buildingScore value='3175'/>
		<razingScore value='7650'/>
		<mineralScore value='19746'/>
		<gasScore value='1920'/>
		<totalScore value='70366'/>
	</player>

	<enemy>
		<race value='Zerg'/>
		<unitScore value='10875'/>
		<unitScore value='10875'/>
		<killScore value='13100'/>
		<buildingScore value='2550'/>
		<razingScore value='0'/>
		<mineralScore value='12034'/>
		<gasScore value='3880'/>
		<totalScore value='42439'/>
	</enemy>

	<scoreRatio value='1.65805'/>
	<timeFitness value='0.777222'/>
	<unitsAverage value='83'/>
</results>
