<results>
	<result value='loss'/>
	<start value='2015-05-05.18:20:28'/>
	<end value='2015-05-05.18:20:57'/>
	<frames value='33513'/>
	<gameDuration value='2094'/>

	<player>
		<unitScore value='13875'/>
		<killScore value='16370'/>
		<buildingScore value='3250'/>
		<razingScore value='975'/>
		<mineralScore value='16618'/>
		<gasScore value='3480'/>
		<totalScore value='54568'/>
	</player>

	<enemy>
		<race value='Zerg'/>
		<unitScore value='19125'/>
		<unitScore value='19125'/>
		<killScore value='27750'/>
		<buildingScore value='3810'/>
		<razingScore value='9750'/>
		<mineralScore value='20354'/>
		<gasScore value='6752'/>
		<totalScore value='87541'/>
	</enemy>

	<scoreRatio value='0.623342'/>
	<timeFitness value='0.290833'/>
	<unitsAverage value='56'/>
</results>
