<results>
	<result value='win'/>
	<start value='2015-05-05.18:19:11'/>
	<end value='2015-05-05.18:19:52'/>
	<frames value='29700'/>
	<gameDuration value='1856'/>

	<player>
		<unitScore value='18950'/>
		<killScore value='25500'/>
		<buildingScore value='4225'/>
		<razingScore value='7920'/>
		<mineralScore value='25914'/>
		<gasScore value='3048'/>
		<totalScore value='85557'/>
	</player>

	<enemy>
		<race value='Zerg'/>
		<unitScore value='12200'/>
		<unitScore value='12200'/>
		<killScore value='14200'/>
		<buildingScore value='2640'/>
		<razingScore value='0'/>
		<mineralScore value='12330'/>
		<gasScore value='4144'/>
		<totalScore value='45514'/>
	</enemy>

	<scoreRatio value='1.8798'/>
	<timeFitness value='0.742222'/>
	<unitsAverage value='107'/>
</results>
