<results>
	<result value='win'/>
	<start value='2015-05-05.18:44:44'/>
	<end value='2015-05-05.18:45:35'/>
	<frames value='34815'/>
	<gameDuration value='2175'/>

	<player>
		<unitScore value='25950'/>
		<killScore value='43730'/>
		<buildingScore value='4275'/>
		<razingScore value='6495'/>
		<mineralScore value='33442'/>
		<gasScore value='2840'/>
		<totalScore value='116732'/>
	</player>

	<enemy>
		<race value='Zerg'/>
		<unitScore value='20650'/>
		<unitScore value='20650'/>
		<killScore value='28250'/>
		<buildingScore value='2165'/>
		<razingScore value='0'/>
		<mineralScore value='16626'/>
		<gasScore value='5968'/>
		<totalScore value='73659'/>
	</enemy>

	<scoreRatio value='1.58476'/>
	<timeFitness value='0.697917'/>
	<unitsAverage value='113'/>
</results>
