<results>
	<result value='draw'/>
	<start value='2015-05-05.19:03:06'/>
	<end value='2015-05-05.19:04:25'/>
	<frames value='57601'/>
	<gameDuration value='3600'/>

	<player>
		<unitScore value='22075'/>
		<killScore value='41695'/>
		<buildingScore value='3275'/>
		<razingScore value='10020'/>
		<mineralScore value='24274'/>
		<gasScore value='5330'/>
		<totalScore value='106669'/>
	</player>

	<enemy>
		<race value='Zerg'/>
		<unitScore value='21050'/>
		<unitScore value='21050'/>
		<killScore value='31850'/>
		<buildingScore value='4575'/>
		<razingScore value='2550'/>
		<mineralScore value='21114'/>
		<gasScore value='7008'/>
		<totalScore value='88147'/>
	</enemy>

	<scoreRatio value='1.21013'/>
	<timeFitness value='0.5'/>
	<unitsAverage value='98'/>
</results>
