<results>
	<result value='win'/>
	<start value='2015-05-05.19:04:56'/>
	<end value='2015-05-05.19:05:27'/>
	<frames value='25670'/>
	<gameDuration value='1604'/>

	<player>
		<unitScore value='15025'/>
		<killScore value='21070'/>
		<buildingScore value='4125'/>
		<razingScore value='5535'/>
		<mineralScore value='24186'/>
		<gasScore value='2112'/>
		<totalScore value='72053'/>
	</player>

	<enemy>
		<race value='Zerg'/>
		<unitScore value='9475'/>
		<unitScore value='9475'/>
		<killScore value='9300'/>
		<buildingScore value='1845'/>
		<razingScore value='0'/>
		<mineralScore value='9026'/>
		<gasScore value='2928'/>
		<totalScore value='32574'/>
	</enemy>

	<scoreRatio value='2.21198'/>
	<timeFitness value='0.777222'/>
	<unitsAverage value='93'/>
</results>
