<results>
	<result value='loss'/>
	<start value='2015-07-19.09:02:09'/>
	<end value='2015-07-19.09:02:52'/>
	<frames value='26135'/>
	<gameDuration value='1633'/>

	<player>
		<unitScore value='13575'/>
		<killScore value='7000'/>
		<buildingScore value='3000'/>
		<razingScore value='0'/>
		<mineralScore value='22922'/>
		<gasScore value='1832'/>
		<totalScore value='48329'/>
	</player>

	<enemy>
		<race value='Zerg'/>
		<unitScore value='13000'/>
		<killScore value='27150'/>
		<buildingScore value='3200'/>
		<razingScore value='9000'/>
		<mineralScore value='15298'/>
		<gasScore value='4208'/>
		<totalScore value='71856'/>
	</enemy>

	<scoreRatio value='0.672581'/>
	<timeFitness value='0.226806'/>
	<unitsAverage value='60'/>
</results>
