<results>
	<result value='loss'/>
	<start value='2015-07-19.09:16:41'/>
	<end value='2015-07-19.09:17:25'/>
	<frames value='28243'/>
	<gameDuration value='1765'/>

	<player>
		<unitScore value='14575'/>
		<killScore value='8290'/>
		<buildingScore value='3650'/>
		<razingScore value='0'/>
		<mineralScore value='19394'/>
		<gasScore value='1992'/>
		<totalScore value='47901'/>
	</player>

	<enemy>
		<race value='Zerg'/>
		<unitScore value='14175'/>
		<killScore value='28400'/>
		<buildingScore value='3420'/>
		<razingScore value='10950'/>
		<mineralScore value='16270'/>
		<gasScore value='4608'/>
		<totalScore value='77823'/>
	</enemy>

	<scoreRatio value='0.615512'/>
	<timeFitness value='0.245139'/>
	<unitsAverage value='54'/>
</results>
