<results>
	<result value='draw'/>
	<start value='2015-04-26.14:39:42'/>
	<end value='2015-04-26.14:41:46'/>
	<frames value='57601'/>
	<gameDuration value='3600'/>

	<player>
		<unitScore value='30000'/>
		<killScore value='33800'/>
		<buildingScore value='4125'/>
		<razingScore value='1275'/>
		<mineralScore value='39026'/>
		<gasScore value='12534'/>
		<totalScore value='120760'/>
	</player>

	<enemy>
		<race value='Terran'/>
		<unitScore value='21425'/>
		<unitScore value='21425'/>
		<killScore value='34300'/>
		<buildingScore value='4125'/>
		<razingScore value='2100'/>
		<mineralScore value='24050'/>
		<gasScore value='6488'/>
		<totalScore value='92488'/>
	</enemy>

	<scoreRatio value='1.30568'/>
</results>
