<results>
	<result value='loss'/>
	<start value='2015-07-14.00:01:01'/>
	<end value='2015-07-14.00:01:44'/>
	<frames value='35218'/>
	<gameDuration value='2201'/>

	<player>
		<unitScore value='18975'/>
		<killScore value='10250'/>
		<buildingScore value='3250'/>
		<razingScore value='0'/>
		<mineralScore value='19474'/>
		<gasScore value='2720'/>
		<totalScore value='54669'/>
	</player>

	<enemy>
		<race value='Protoss'/>
		<unitScore value='22975'/>
		<killScore value='32800'/>
		<buildingScore value='7550'/>
		<razingScore value='9750'/>
		<mineralScore value='26878'/>
		<gasScore value='9304'/>
		<totalScore value='109257'/>
	</enemy>

	<scoreRatio value='0.500371'/>
	<timeFitness value='0.305694'/>
	<unitsAverage value='70'/>
</results>
