<results>
	<result value='loss'/>
	<start value='2015-04-08.07:39:20'/>
	<end value='2015-04-08.07:39:29'/>
	<frames value='16277'/>
	<gameDuration value='1017'/>

	<player>
		<unitScore value='3100'/>
		<killScore value='1200'/>
		<buildingScore value='1475'/>
		<razingScore value='0'/>
		<mineralScore value='4746'/>
		<gasScore value='656'/>
		<totalScore value='11177'/>
	</player>

	<enemy>
		<race value='Protoss'/>
		<unitScore value='3850'/>
		<unitScore value='3850'/>
		<killScore value='5450'/>
		<buildingScore value='3475'/>
		<razingScore value='4425'/>
		<mineralScore value='8402'/>
		<gasScore value='1616'/>
		<totalScore value='27218'/>
	</enemy>

	<scoreRatio value='0.410647'/>
</results>
