<results>
	<result value='win'/>
	<start value='2015-04-13.23:26:35'/>
	<end value='2015-04-13.23:28:01'/>
	<frames value='38690'/>
	<gameDuration value='2418'/>

	<player>
		<unitScore value='28300'/>
		<killScore value='38800'/>
		<buildingScore value='4025'/>
		<razingScore value='19950'/>
		<mineralScore value='32442'/>
		<gasScore value='3576'/>
		<totalScore value='127093'/>
	</player>

	<enemy>
		<race value='Protoss'/>
		<unitScore value='20900'/>
		<unitScore value='20900'/>
		<killScore value='33500'/>
		<buildingScore value='6650'/>
		<razingScore value='150'/>
		<mineralScore value='19554'/>
		<gasScore value='7920'/>
		<totalScore value='88674'/>
	</enemy>

	<scoreRatio value='1.43326'/>
</results>
