<results>
	<result value='win'/>
	<start value='2015-04-13.23:29:49'/>
	<end value='2015-04-13.23:30:56'/>
	<frames value='31374'/>
	<gameDuration value='1960'/>

	<player>
		<unitScore value='20875'/>
		<killScore value='26050'/>
		<buildingScore value='5100'/>
		<razingScore value='15075'/>
		<mineralScore value='29902'/>
		<gasScore value='3896'/>
		<totalScore value='100898'/>
	</player>

	<enemy>
		<race value='Protoss'/>
		<unitScore value='14525'/>
		<unitScore value='14525'/>
		<killScore value='18150'/>
		<buildingScore value='5025'/>
		<razingScore value='150'/>
		<mineralScore value='13814'/>
		<gasScore value='3920'/>
		<totalScore value='55584'/>
	</enemy>

	<scoreRatio value='1.81523'/>
</results>
