<results>
	<result value='win'/>
	<start value='2015-04-07.18:25:00'/>
	<end value='2015-04-07.18:25:32'/>
	<frames value='31839'/>
	<gameDuration value='1989'/>

	<player>
		<unitScore value='20900'/>
		<killScore value='25250'/>
		<buildingScore value='4400'/>
		<razingScore value='15525'/>
		<mineralScore value='26662'/>
		<gasScore value='3416'/>
		<totalScore value='96153'/>
	</player>

	<enemy>
		<race value='Protoss'/>
		<unitScore value='13575'/>
		<unitScore value='13575'/>
		<killScore value='21250'/>
		<buildingScore value='5175'/>
		<razingScore value='375'/>
		<mineralScore value='16430'/>
		<gasScore value='5192'/>
		<totalScore value='61997'/>
	</enemy>

	<scoreRatio value='1.55093'/>
</results>
