<results>
	<result value='loss'/>
	<start value='2015-04-26.23:00:13'/>
	<end value='2015-04-26.23:00:23'/>
	<frames value='17920'/>
	<gameDuration value='1120'/>

	<player>
		<unitScore value='4075'/>
		<killScore value='900'/>
		<buildingScore value='1625'/>
		<razingScore value='0'/>
		<mineralScore value='5066'/>
		<gasScore value='632'/>
		<totalScore value='12298'/>
	</player>

	<enemy>
		<race value='Terran'/>
		<unitScore value='6425'/>
		<unitScore value='6425'/>
		<killScore value='8150'/>
		<buildingScore value='2700'/>
		<razingScore value='4875'/>
		<mineralScore value='8146'/>
		<gasScore value='2896'/>
		<totalScore value='33192'/>
	</enemy>

	<scoreRatio value='0.370511'/>
</results>
