<results>
	<result value='win'/>
	<start value='2015-04-28.22:55:33'/>
	<end value='2015-04-28.22:56:05'/>
	<frames value='25329'/>
	<gameDuration value='1583'/>

	<player>
		<unitScore value='14800'/>
		<killScore value='21870'/>
		<buildingScore value='3800'/>
		<razingScore value='5895'/>
		<mineralScore value='22474'/>
		<gasScore value='1784'/>
		<totalScore value='70623'/>
	</player>

	<enemy>
		<race value='Zerg'/>
		<unitScore value='9925'/>
		<unitScore value='9925'/>
		<killScore value='11950'/>
		<buildingScore value='1965'/>
		<razingScore value='0'/>
		<mineralScore value='10214'/>
		<gasScore value='3472'/>
		<totalScore value='37526'/>
	</enemy>

	<scoreRatio value='1.88198'/>
</results>
