<results>
	<result value='win'/>
	<start value='2015-04-28.23:00:25'/>
	<end value='2015-04-28.23:01:02'/>
	<frames value='28708'/>
	<gameDuration value='1794'/>

	<player>
		<unitScore value='11400'/>
		<killScore value='20470'/>
		<buildingScore value='4050'/>
		<razingScore value='5535'/>
		<mineralScore value='27098'/>
		<gasScore value='3080'/>
		<totalScore value='71633'/>
	</player>

	<enemy>
		<race value='Zerg'/>
		<unitScore value='9500'/>
		<unitScore value='9500'/>
		<killScore value='9200'/>
		<buildingScore value='1845'/>
		<razingScore value='0'/>
		<mineralScore value='9694'/>
		<gasScore value='2744'/>
		<totalScore value='32983'/>
	</enemy>

	<scoreRatio value='2.17182'/>
</results>
