<results>
	<result value='draw'/>
	<start value='2015-04-08.14:23:27'/>
	<end value='2015-04-08.14:24:18'/>
	<frames value='57601'/>
	<gameDuration value='3600'/>

	<player>
		<unitScore value='21525'/>
		<killScore value='50550'/>
		<buildingScore value='3375'/>
		<razingScore value='26250'/>
		<mineralScore value='24186'/>
		<gasScore value='5346'/>
		<totalScore value='131232'/>
	</player>

	<enemy>
		<race value='Protoss'/>
		<unitScore value='27650'/>
		<unitScore value='27650'/>
		<killScore value='33200'/>
		<buildingScore value='9200'/>
		<razingScore value='3000'/>
		<mineralScore value='28418'/>
		<gasScore value='11466'/>
		<totalScore value='112934'/>
	</enemy>

	<scoreRatio value='1.16202'/>
</results>
