<results>
	<result value='loss'/>
	<start value='2015-04-08.14:27:44'/>
	<end value='2015-04-08.14:27:51'/>
	<frames value='15409'/>
	<gameDuration value='963'/>

	<player>
		<unitScore value='2625'/>
		<killScore value='1000'/>
		<buildingScore value='1700'/>
		<razingScore value='0'/>
		<mineralScore value='4250'/>
		<gasScore value='608'/>
		<totalScore value='10183'/>
	</player>

	<enemy>
		<race value='Protoss'/>
		<unitScore value='3550'/>
		<unitScore value='3550'/>
		<killScore value='5250'/>
		<buildingScore value='2975'/>
		<razingScore value='5100'/>
		<mineralScore value='7882'/>
		<gasScore value='1432'/>
		<totalScore value='26189'/>
	</enemy>

	<scoreRatio value='0.388827'/>
</results>
