<results>
	<result value='loss'/>
	<start value='2015-04-30.07:18:16'/>
	<end value='2015-04-30.07:18:28'/>
	<frames value='14572'/>
	<gameDuration value='910'/>

	<player>
		<unitScore value='3200'/>
		<killScore value='1200'/>
		<buildingScore value='1500'/>
		<razingScore value='0'/>
		<mineralScore value='4938'/>
		<gasScore value='592'/>
		<totalScore value='11430'/>
	</player>

	<enemy>
		<race value='Protoss'/>
		<unitScore value='3550'/>
		<unitScore value='3550'/>
		<killScore value='6400'/>
		<buildingScore value='2425'/>
		<razingScore value='4500'/>
		<mineralScore value='7418'/>
		<gasScore value='1216'/>
		<totalScore value='25509'/>
	</enemy>

	<scoreRatio value='0.448077'/>
	<timeFitness value='0.126389'/>
	<unitsAverage value='25'/>
</results>
