<results>
	<result value='loss'/>
	<start value='2015-04-30.07:24:26'/>
	<end value='2015-04-30.07:24:41'/>
	<frames value='16742'/>
	<gameDuration value='1046'/>

	<player>
		<unitScore value='3675'/>
		<killScore value='1200'/>
		<buildingScore value='1600'/>
		<razingScore value='0'/>
		<mineralScore value='5314'/>
		<gasScore value='672'/>
		<totalScore value='12461'/>
	</player>

	<enemy>
		<race value='Protoss'/>
		<unitScore value='3650'/>
		<unitScore value='3650'/>
		<killScore value='7350'/>
		<buildingScore value='4025'/>
		<razingScore value='4800'/>
		<mineralScore value='8650'/>
		<gasScore value='1664'/>
		<totalScore value='30139'/>
	</enemy>

	<scoreRatio value='0.413451'/>
	<timeFitness value='0.145278'/>
	<unitsAverage value='25'/>
</results>
