<results>
	<result value='win'/>
	<start value='2015-05-09.19:12:36'/>
	<end value='2015-05-09.19:13:10'/>
	<frames value='32707'/>
	<gameDuration value='2044'/>

	<player>
		<unitScore value='23750'/>
		<killScore value='32200'/>
		<buildingScore value='4075'/>
		<razingScore value='8175'/>
		<mineralScore value='31322'/>
		<gasScore value='2488'/>
		<totalScore value='102010'/>
	</player>

	<enemy>
		<race value='Terran'/>
		<unitScore value='16100'/>
		<unitScore value='16100'/>
		<killScore value='27300'/>
		<buildingScore value='2875'/>
		<razingScore value='150'/>
		<mineralScore value='13054'/>
		<gasScore value='5816'/>
		<totalScore value='65295'/>
	</enemy>

	<scoreRatio value='1.56229'/>
	<timeFitness value='0.716111'/>
	<unitsAverage value='93'/>
</results>
