<results>
	<result value='win'/>
	<start value='2015-05-09.19:13:43'/>
	<end value='2015-05-09.19:13:59'/>
	<frames value='22198'/>
	<gameDuration value='1387'/>

	<player>
		<unitScore value='9725'/>
		<killScore value='17800'/>
		<buildingScore value='2575'/>
		<razingScore value='6375'/>
		<mineralScore value='14566'/>
		<gasScore value='1840'/>
		<totalScore value='52881'/>
	</player>

	<enemy>
		<race value='Terran'/>
		<unitScore value='9200'/>
		<unitScore value='9200'/>
		<killScore value='6950'/>
		<buildingScore value='2125'/>
		<razingScore value='0'/>
		<mineralScore value='9674'/>
		<gasScore value='3000'/>
		<totalScore value='30949'/>
	</enemy>

	<scoreRatio value='1.70865'/>
	<timeFitness value='0.807361'/>
	<unitsAverage value='60'/>
</results>
