<results>
	<result value='loss'/>
	<start value='2015-05-10.02:08:47'/>
	<end value='2015-05-10.02:08:56'/>
	<frames value='16959'/>
	<gameDuration value='1059'/>

	<player>
		<unitScore value='3525'/>
		<killScore value='800'/>
		<buildingScore value='1850'/>
		<razingScore value='0'/>
		<mineralScore value='5474'/>
		<gasScore value='552'/>
		<totalScore value='12201'/>
	</player>

	<enemy>
		<race value='Protoss'/>
		<unitScore value='3750'/>
		<unitScore value='3750'/>
		<killScore value='7050'/>
		<buildingScore value='3725'/>
		<razingScore value='5550'/>
		<mineralScore value='8954'/>
		<gasScore value='1784'/>
		<totalScore value='30813'/>
	</enemy>

	<scoreRatio value='0.395969'/>
	<timeFitness value='0.147083'/>
	<unitsAverage value='23'/>
</results>
