<results>
	<result value='draw'/>
	<start value='2015-05-10.02:13:27'/>
	<end value='2015-05-10.02:14:55'/>
	<frames value='57601'/>
	<gameDuration value='3600'/>

	<player>
		<unitScore value='31575'/>
		<killScore value='65150'/>
		<buildingScore value='3675'/>
		<razingScore value='17400'/>
		<mineralScore value='33454'/>
		<gasScore value='9044'/>
		<totalScore value='160298'/>
	</player>

	<enemy>
		<race value='Protoss'/>
		<unitScore value='38425'/>
		<unitScore value='38425'/>
		<killScore value='49000'/>
		<buildingScore value='7350'/>
		<razingScore value='150'/>
		<mineralScore value='29534'/>
		<gasScore value='10860'/>
		<totalScore value='135319'/>
	</enemy>

	<scoreRatio value='1.18459'/>
	<timeFitness value='0.5'/>
	<unitsAverage value='140'/>
</results>
