<results>
	<result value='loss'/>
	<start value='2015-05-11.06:55:04'/>
	<end value='2015-05-11.06:55:12'/>
	<frames value='15812'/>
	<gameDuration value='988'/>

	<player>
		<unitScore value='3950'/>
		<killScore value='800'/>
		<buildingScore value='1525'/>
		<razingScore value='0'/>
		<mineralScore value='5458'/>
		<gasScore value='680'/>
		<totalScore value='12413'/>
	</player>

	<enemy>
		<race value='Protoss'/>
		<unitScore value='3550'/>
		<unitScore value='3550'/>
		<killScore value='7900'/>
		<buildingScore value='3775'/>
		<razingScore value='4575'/>
		<mineralScore value='8322'/>
		<gasScore value='1576'/>
		<totalScore value='29698'/>
	</enemy>

	<scoreRatio value='0.417974'/>
	<timeFitness value='0.137222'/>
	<unitsAverage value='23'/>
</results>
