<results>
	<result value='win'/>
	<start value='2015-05-11.06:55:27'/>
	<end value='2015-05-11.06:55:55'/>
	<frames value='32986'/>
	<gameDuration value='2061'/>

	<player>
		<unitScore value='18700'/>
		<killScore value='23150'/>
		<buildingScore value='3700'/>
		<razingScore value='17175'/>
		<mineralScore value='24034'/>
		<gasScore value='2200'/>
		<totalScore value='88959'/>
	</player>

	<enemy>
		<race value='Protoss'/>
		<unitScore value='12975'/>
		<unitScore value='12975'/>
		<killScore value='19500'/>
		<buildingScore value='5725'/>
		<razingScore value='1500'/>
		<mineralScore value='13306'/>
		<gasScore value='4480'/>
		<totalScore value='57486'/>
	</enemy>

	<scoreRatio value='1.54749'/>
	<timeFitness value='0.71375'/>
	<unitsAverage value='86'/>
</results>
