<results>
	<result value='loss'/>
	<start value='2015-05-03.04:18:15'/>
	<end value='2015-05-03.04:18:24'/>
	<frames value='19625'/>
	<gameDuration value='1226'/>

	<player>
		<unitScore value='5600'/>
		<killScore value='1200'/>
		<buildingScore value='1975'/>
		<razingScore value='0'/>
		<mineralScore value='7778'/>
		<gasScore value='0'/>
		<totalScore value='16553'/>
	</player>

	<enemy>
		<race value='Protoss'/>
		<unitScore value='4400'/>
		<unitScore value='4400'/>
		<killScore value='11200'/>
		<buildingScore value='5175'/>
		<razingScore value='5925'/>
		<mineralScore value='11570'/>
		<gasScore value='2096'/>
		<totalScore value='40366'/>
	</enemy>

	<scoreRatio value='0.410073'/>
	<timeFitness value='0.170278'/>
	<unitsAverage value='29'/>
</results>
