<results>
	<result value='loss'/>
	<start value='2015-05-03.04:20:34'/>
	<end value='2015-05-03.04:20:43'/>
	<frames value='19997'/>
	<gameDuration value='1249'/>

	<player>
		<unitScore value='5650'/>
		<killScore value='1000'/>
		<buildingScore value='1800'/>
		<razingScore value='0'/>
		<mineralScore value='7682'/>
		<gasScore value='0'/>
		<totalScore value='16132'/>
	</player>

	<enemy>
		<race value='Protoss'/>
		<unitScore value='4625'/>
		<unitScore value='4625'/>
		<killScore value='11300'/>
		<buildingScore value='4475'/>
		<razingScore value='5400'/>
		<mineralScore value='10858'/>
		<gasScore value='2416'/>
		<totalScore value='39074'/>
	</enemy>

	<scoreRatio value='0.412858'/>
	<timeFitness value='0.173472'/>
	<unitsAverage value='30'/>
</results>
