<results>
	<result value='loss'/>
	<start value='2015-03-31.11:19:32'/>
	<end value='2015-03-31.11:19:43'/>
	<frames value='18943'/>
	<gameDuration value='1183'/>

	<player>
		<unitScore value='4625'/>
		<killScore value='2000'/>
		<buildingScore value='2000'/>
		<razingScore value='0'/>
		<mineralScore value='6674'/>
		<gasScore value='624'/>
		<totalScore value='15923'/>
	</player>

	<enemy>
		<race value='Protoss'/>
		<unitScore value='4275'/>
		<unitScore value='4275'/>
		<killScore value='8850'/>
		<buildingScore value='4325'/>
		<razingScore value='6000'/>
		<mineralScore value='9938'/>
		<gasScore value='2424'/>
		<totalScore value='35812'/>
	</enemy>

	<scoreRatio value='0.444627'/>
</results>
