<results>
	<result value='win'/>
	<start value='2015-03-31.11:20:25'/>
	<end value='2015-03-31.11:20:52'/>
	<frames value='30630'/>
	<gameDuration value='1914'/>

	<player>
		<unitScore value='14750'/>
		<killScore value='15000'/>
		<buildingScore value='3075'/>
		<razingScore value='14700'/>
		<mineralScore value='17114'/>
		<gasScore value='3024'/>
		<totalScore value='67663'/>
	</player>

	<enemy>
		<race value='Protoss'/>
		<unitScore value='7500'/>
		<unitScore value='7500'/>
		<killScore value='9300'/>
		<buildingScore value='4900'/>
		<razingScore value='150'/>
		<mineralScore value='16202'/>
		<gasScore value='3104'/>
		<totalScore value='41156'/>
	</enemy>

	<scoreRatio value='1.64406'/>
</results>
