<results>
	<result value='loss'/>
	<start value='2015-03-31.11:26:48'/>
	<end value='2015-03-31.11:26:58'/>
	<frames value='17610'/>
	<gameDuration value='1100'/>

	<player>
		<unitScore value='5450'/>
		<killScore value='2400'/>
		<buildingScore value='1850'/>
		<razingScore value='0'/>
		<mineralScore value='6594'/>
		<gasScore value='1216'/>
		<totalScore value='17510'/>
	</player>

	<enemy>
		<race value='Protoss'/>
		<unitScore value='3875'/>
		<unitScore value='3875'/>
		<killScore value='10900'/>
		<buildingScore value='3625'/>
		<razingScore value='5550'/>
		<mineralScore value='9106'/>
		<gasScore value='2072'/>
		<totalScore value='35128'/>
	</enemy>

	<scoreRatio value='0.498463'/>
</results>
