<results>
	<result value='loss'/>
	<start value='2015-04-16.21:37:17'/>
	<end value='2015-04-16.21:37:38'/>
	<frames value='22198'/>
	<gameDuration value='1387'/>

	<player>
		<unitScore value='6700'/>
		<killScore value='600'/>
		<buildingScore value='2150'/>
		<razingScore value='0'/>
		<mineralScore value='9954'/>
		<gasScore value='1224'/>
		<totalScore value='20628'/>
	</player>

	<enemy>
		<race value='Protoss'/>
		<unitScore value='5050'/>
		<unitScore value='5050'/>
		<killScore value='12950'/>
		<buildingScore value='6025'/>
		<razingScore value='6450'/>
		<mineralScore value='13610'/>
		<gasScore value='2560'/>
		<totalScore value='46645'/>
	</enemy>

	<scoreRatio value='0.442234'/>
</results>
