<results>
	<result value='loss'/>
	<start value='2015-04-16.21:37:42'/>
	<end value='2015-04-16.21:37:56'/>
	<frames value='13983'/>
	<gameDuration value='873'/>

	<player>
		<unitScore value='2950'/>
		<killScore value='0'/>
		<buildingScore value='1525'/>
		<razingScore value='0'/>
		<mineralScore value='4906'/>
		<gasScore value='0'/>
		<totalScore value='9381'/>
	</player>

	<enemy>
		<race value='Protoss'/>
		<unitScore value='3550'/>
		<unitScore value='3550'/>
		<killScore value='4800'/>
		<buildingScore value='2525'/>
		<razingScore value='4575'/>
		<mineralScore value='7130'/>
		<gasScore value='1384'/>
		<totalScore value='23964'/>
	</enemy>

	<scoreRatio value='0.391462'/>
</results>
