<results>
	<result value='win'/>
	<start value='2015-07-07.20:04:05'/>
	<end value='2015-07-07.20:04:26'/>
	<frames value='16835'/>
	<gameDuration value='1052'/>

	<player>
		<unitScore value='7700'/>
		<killScore value='5000'/>
		<buildingScore value='2325'/>
		<razingScore value='3600'/>
		<mineralScore value='9698'/>
		<gasScore value='1216'/>
		<totalScore value='29539'/>
	</player>

	<enemy>
		<race value='Terran'/>
		<unitScore value='2500'/>
		<killScore value='3000'/>
		<buildingScore value='1200'/>
		<razingScore value='1350'/>
		<mineralScore value='6682'/>
		<gasScore value='1488'/>
		<totalScore value='16220'/>
	</enemy>

	<scoreRatio value='1.82115'/>
	<timeFitness value='0.853889'/>
	<unitsAverage value='48'/>
</results>
