<results>
	<result value='win'/>
	<start value='2015-05-09.00:53:56'/>
	<end value='2015-05-09.00:54:21'/>
	<frames value='26941'/>
	<gameDuration value='1683'/>

	<player>
		<unitScore value='15525'/>
		<killScore value='22100'/>
		<buildingScore value='4050'/>
		<razingScore value='9375'/>
		<mineralScore value='22498'/>
		<gasScore value='2328'/>
		<totalScore value='75876'/>
	</player>

	<enemy>
		<race value='Terran'/>
		<unitScore value='11050'/>
		<unitScore value='11050'/>
		<killScore value='12300'/>
		<buildingScore value='3225'/>
		<razingScore value='375'/>
		<mineralScore value='10570'/>
		<gasScore value='4064'/>
		<totalScore value='41584'/>
	</enemy>

	<scoreRatio value='1.82464'/>
	<timeFitness value='0.76625'/>
	<unitsAverage value='81'/>
</results>
