<results>
	<result value='loss'/>
	<start value='2015-05-09.00:54:45'/>
	<end value='2015-05-09.00:54:54'/>
	<frames value='17486'/>
	<gameDuration value='1092'/>

	<player>
		<unitScore value='3500'/>
		<killScore value='4550'/>
		<buildingScore value='1350'/>
		<razingScore value='300'/>
		<mineralScore value='4602'/>
		<gasScore value='952'/>
		<totalScore value='15254'/>
	</player>

	<enemy>
		<race value='Terran'/>
		<unitScore value='6000'/>
		<unitScore value='6000'/>
		<killScore value='5800'/>
		<buildingScore value='2525'/>
		<razingScore value='4050'/>
		<mineralScore value='8050'/>
		<gasScore value='2776'/>
		<totalScore value='29201'/>
	</enemy>

	<scoreRatio value='0.522379'/>
	<timeFitness value='0.151667'/>
	<unitsAverage value='22'/>
</results>
