<results>
	<result value='loss'/>
	<start value='2015-05-06.12:29:29'/>
	<end value='2015-05-06.12:30:21'/>
	<frames value='53384'/>
	<gameDuration value='3336'/>

	<player>
		<unitScore value='29950'/>
		<killScore value='43070'/>
		<buildingScore value='3125'/>
		<razingScore value='3600'/>
		<mineralScore value='31622'/>
		<gasScore value='5336'/>
		<totalScore value='116703'/>
	</player>

	<enemy>
		<race value='Protoss'/>
		<unitScore value='33875'/>
		<unitScore value='33875'/>
		<killScore value='59900'/>
		<buildingScore value='7225'/>
		<razingScore value='9375'/>
		<mineralScore value='31298'/>
		<gasScore value='10186'/>
		<totalScore value='151859'/>
	</enemy>

	<scoreRatio value='0.768496'/>
	<timeFitness value='0.463333'/>
	<unitsAverage value='104'/>
</results>
