<results>
	<result value='loss'/>
	<start value='2015-05-06.12:43:40'/>
	<end value='2015-05-06.12:43:47'/>
	<frames value='16091'/>
	<gameDuration value='1005'/>

	<player>
		<unitScore value='3125'/>
		<killScore value='1200'/>
		<buildingScore value='1475'/>
		<razingScore value='0'/>
		<mineralScore value='4778'/>
		<gasScore value='616'/>
		<totalScore value='11194'/>
	</player>

	<enemy>
		<race value='Protoss'/>
		<unitScore value='3550'/>
		<unitScore value='3550'/>
		<killScore value='6250'/>
		<buildingScore value='3475'/>
		<razingScore value='4425'/>
		<mineralScore value='8298'/>
		<gasScore value='1528'/>
		<totalScore value='27526'/>
	</enemy>

	<scoreRatio value='0.40667'/>
	<timeFitness value='0.139583'/>
	<unitsAverage value='23'/>
</results>
