<results>
	<result value='win'/>
	<start value='2015-05-06.12:44:58'/>
	<end value='2015-05-06.12:45:50'/>
	<frames value='55709'/>
	<gameDuration value='3481'/>

	<player>
		<unitScore value='29625'/>
		<killScore value='47100'/>
		<buildingScore value='3675'/>
		<razingScore value='23325'/>
		<mineralScore value='32930'/>
		<gasScore value='6144'/>
		<totalScore value='142799'/>
	</player>

	<enemy>
		<race value='Protoss'/>
		<unitScore value='25625'/>
		<unitScore value='25625'/>
		<killScore value='49200'/>
		<buildingScore value='7775'/>
		<razingScore value='4875'/>
		<mineralScore value='28206'/>
		<gasScore value='9214'/>
		<totalScore value='124895'/>
	</enemy>

	<scoreRatio value='1.14335'/>
	<timeFitness value='0.516528'/>
	<unitsAverage value='105'/>
</results>
