<results>
	<result value='win'/>
	<start value='2015-05-06.13:00:23'/>
	<end value='2015-05-06.13:01:11'/>
	<frames value='37264'/>
	<gameDuration value='2329'/>

	<player>
		<unitScore value='25100'/>
		<killScore value='41650'/>
		<buildingScore value='4275'/>
		<razingScore value='19350'/>
		<mineralScore value='33422'/>
		<gasScore value='3376'/>
		<totalScore value='127173'/>
	</player>

	<enemy>
		<race value='Protoss'/>
		<unitScore value='22175'/>
		<unitScore value='22175'/>
		<killScore value='25100'/>
		<buildingScore value='6450'/>
		<razingScore value='150'/>
		<mineralScore value='23058'/>
		<gasScore value='6366'/>
		<totalScore value='83299'/>
	</enemy>

	<scoreRatio value='1.52671'/>
	<timeFitness value='0.676528'/>
	<unitsAverage value='126'/>
</results>
