<results>
	<result value='win'/>
	<start value='2015-04-09.01:04:27'/>
	<end value='2015-04-09.01:05:06'/>
	<frames value='34815'/>
	<gameDuration value='2175'/>

	<player>
		<unitScore value='20250'/>
		<killScore value='25500'/>
		<buildingScore value='5075'/>
		<razingScore value='16950'/>
		<mineralScore value='30522'/>
		<gasScore value='4080'/>
		<totalScore value='102377'/>
	</player>

	<enemy>
		<race value='Protoss'/>
		<unitScore value='12750'/>
		<unitScore value='12750'/>
		<killScore value='16150'/>
		<buildingScore value='5650'/>
		<razingScore value='300'/>
		<mineralScore value='16330'/>
		<gasScore value='3416'/>
		<totalScore value='54596'/>
	</enemy>

	<scoreRatio value='1.87517'/>
</results>
