<results>
	<result value='loss'/>
	<start value='2015-04-09.01:13:43'/>
	<end value='2015-04-09.01:14:22'/>
	<frames value='48827'/>
	<gameDuration value='3051'/>

	<player>
		<unitScore value='19600'/>
		<killScore value='40900'/>
		<buildingScore value='2650'/>
		<razingScore value='3000'/>
		<mineralScore value='21630'/>
		<gasScore value='4704'/>
		<totalScore value='92484'/>
	</player>

	<enemy>
		<race value='Protoss'/>
		<unitScore value='30925'/>
		<unitScore value='30925'/>
		<killScore value='39300'/>
		<buildingScore value='7725'/>
		<razingScore value='7950'/>
		<mineralScore value='30498'/>
		<gasScore value='9614'/>
		<totalScore value='126012'/>
	</enemy>

	<scoreRatio value='0.73393'/>
</results>
