<results>
	<result value='win'/>
	<start value='2015-05-09.09:08:57'/>
	<end value='2015-05-09.09:09:07'/>
	<frames value='18664'/>
	<gameDuration value='1166'/>

	<player>
		<unitScore value='6375'/>
		<killScore value='10900'/>
		<buildingScore value='2400'/>
		<razingScore value='4125'/>
		<mineralScore value='10122'/>
		<gasScore value='1600'/>
		<totalScore value='35522'/>
	</player>

	<enemy>
		<race value='Terran'/>
		<unitScore value='5450'/>
		<unitScore value='5450'/>
		<killScore value='3950'/>
		<buildingScore value='1450'/>
		<razingScore value='1350'/>
		<mineralScore value='7226'/>
		<gasScore value='2104'/>
		<totalScore value='21530'/>
	</enemy>

	<scoreRatio value='1.64988'/>
	<timeFitness value='0.838056'/>
	<unitsAverage value='48'/>
</results>
