<results>
	<result value='loss'/>
	<start value='2015-05-09.09:09:40'/>
	<end value='2015-05-09.09:09:47'/>
	<frames value='15409'/>
	<gameDuration value='963'/>

	<player>
		<unitScore value='3275'/>
		<killScore value='500'/>
		<buildingScore value='1475'/>
		<razingScore value='0'/>
		<mineralScore value='4698'/>
		<gasScore value='728'/>
		<totalScore value='10676'/>
	</player>

	<enemy>
		<race value='Terran'/>
		<unitScore value='5050'/>
		<unitScore value='5050'/>
		<killScore value='6550'/>
		<buildingScore value='1450'/>
		<razingScore value='4425'/>
		<mineralScore value='7162'/>
		<gasScore value='2136'/>
		<totalScore value='26773'/>
	</enemy>

	<scoreRatio value='0.39876'/>
	<timeFitness value='0.13375'/>
	<unitsAverage value='22'/>
</results>
