<results>
	<result value='win'/>
	<start value='2015-04-30.10:09:17'/>
	<end value='2015-04-30.10:09:52'/>
	<frames value='31343'/>
	<gameDuration value='1958'/>

	<player>
		<unitScore value='17000'/>
		<killScore value='20080'/>
		<buildingScore value='4600'/>
		<razingScore value='6930'/>
		<mineralScore value='27754'/>
		<gasScore value='3904'/>
		<totalScore value='80268'/>
	</player>

	<enemy>
		<race value='Zerg'/>
		<unitScore value='9700'/>
		<unitScore value='9700'/>
		<killScore value='11800'/>
		<buildingScore value='2310'/>
		<razingScore value='300'/>
		<mineralScore value='9306'/>
		<gasScore value='2808'/>
		<totalScore value='36224'/>
	</enemy>

	<scoreRatio value='2.21588'/>
	<timeFitness value='0.728056'/>
	<unitsAverage value='98'/>
</results>
