<results>
	<result value='win'/>
	<start value='2015-04-30.10:11:54'/>
	<end value='2015-04-30.10:12:18'/>
	<frames value='28708'/>
	<gameDuration value='1794'/>

	<player>
		<unitScore value='16275'/>
		<killScore value='23430'/>
		<buildingScore value='2700'/>
		<razingScore value='6015'/>
		<mineralScore value='18578'/>
		<gasScore value='1584'/>
		<totalScore value='68582'/>
	</player>

	<enemy>
		<race value='Zerg'/>
		<unitScore value='11075'/>
		<unitScore value='11075'/>
		<killScore value='17250'/>
		<buildingScore value='2005'/>
		<razingScore value='0'/>
		<mineralScore value='10286'/>
		<gasScore value='3296'/>
		<totalScore value='43912'/>
	</enemy>

	<scoreRatio value='1.56181'/>
	<timeFitness value='0.750833'/>
	<unitsAverage value='70'/>
</results>
