<results>
	<result value='loss'/>
	<start value='2015-07-10.09:47:23'/>
	<end value='2015-07-10.09:47:56'/>
	<frames value='21981'/>
	<gameDuration value='1373'/>

	<player>
		<unitScore value='9050'/>
		<killScore value='3300'/>
		<buildingScore value='2550'/>
		<razingScore value='0'/>
		<mineralScore value='10450'/>
		<gasScore value='1448'/>
		<totalScore value='26798'/>
	</player>

	<enemy>
		<race value='Terran'/>
		<unitScore value='8750'/>
		<killScore value='17950'/>
		<buildingScore value='3300'/>
		<razingScore value='7650'/>
		<mineralScore value='10826'/>
		<gasScore value='4016'/>
		<totalScore value='52492'/>
	</enemy>

	<scoreRatio value='0.510516'/>
	<timeFitness value='0.190694'/>
	<unitsAverage value='34'/>
</results>
