<results>
	<result value='win'/>
	<start value='2015-05-08.19:00:29'/>
	<end value='2015-05-08.19:00:53'/>
	<frames value='30816'/>
	<gameDuration value='1926'/>

	<player>
		<unitScore value='14050'/>
		<killScore value='24950'/>
		<buildingScore value='3075'/>
		<razingScore value='9825'/>
		<mineralScore value='19266'/>
		<gasScore value='1960'/>
		<totalScore value='73126'/>
	</player>

	<enemy>
		<race value='Terran'/>
		<unitScore value='15525'/>
		<unitScore value='15525'/>
		<killScore value='12150'/>
		<buildingScore value='3275'/>
		<razingScore value='2175'/>
		<mineralScore value='13062'/>
		<gasScore value='6080'/>
		<totalScore value='52267'/>
	</enemy>

	<scoreRatio value='1.39909'/>
	<timeFitness value='0.7325'/>
	<unitsAverage value='74'/>
</results>
