<results>
	<result value='loss'/>
	<start value='2015-07-20.08:49:03'/>
	<end value='2015-07-20.08:49:07'/>
	<frames value='7690'/>
	<gameDuration value='480'/>

	<player>
		<unitScore value='1200'/>
		<killScore value='50'/>
		<buildingScore value='625'/>
		<razingScore value='0'/>
		<mineralScore value='1482'/>
		<gasScore value='56'/>
		<totalScore value='3413'/>
	</player>

	<enemy>
		<race value='Zerg'/>
		<unitScore value='1300'/>
		<killScore value='2300'/>
		<buildingScore value='780'/>
		<razingScore value='1875'/>
		<mineralScore value='2170'/>
		<gasScore value='56'/>
		<totalScore value='8481'/>
	</enemy>

	<scoreRatio value='0.402429'/>
	<timeFitness value='0.0666667'/>
	<unitsAverage value='10'/>
</results>
