<results>
	<result value='draw'/>
	<start value='2015-07-20.08:50:54'/>
	<end value='2015-07-20.08:53:31'/>
	<frames value='57601'/>
	<gameDuration value='3600'/>

	<player>
		<unitScore value='32425'/>
		<killScore value='59200'/>
		<buildingScore value='4300'/>
		<razingScore value='240'/>
		<mineralScore value='31378'/>
		<gasScore value='4008'/>
		<totalScore value='131551'/>
	</player>

	<enemy>
		<race value='Zerg'/>
		<unitScore value='38575'/>
		<killScore value='60450'/>
		<buildingScore value='4895'/>
		<razingScore value='10050'/>
		<mineralScore value='31174'/>
		<gasScore value='13096'/>
		<totalScore value='158240'/>
	</enemy>

	<scoreRatio value='0.831338'/>
	<timeFitness value='0.5'/>
	<unitsAverage value='133'/>
</results>
