<results>
	<result value='loss'/>
	<start value='2015-07-20.08:56:50'/>
	<end value='2015-07-20.08:56:54'/>
	<frames value='8279'/>
	<gameDuration value='517'/>

	<player>
		<unitScore value='1150'/>
		<killScore value='0'/>
		<buildingScore value='775'/>
		<razingScore value='0'/>
		<mineralScore value='1762'/>
		<gasScore value='0'/>
		<totalScore value='3687'/>
	</player>

	<enemy>
		<race value='Zerg'/>
		<unitScore value='1500'/>
		<killScore value='2300'/>
		<buildingScore value='780'/>
		<razingScore value='2325'/>
		<mineralScore value='2418'/>
		<gasScore value='88'/>
		<totalScore value='9411'/>
	</enemy>

	<scoreRatio value='0.391776'/>
	<timeFitness value='0.0718056'/>
	<unitsAverage value='11'/>
</results>
