<results>
	<result value='loss'/>
	<start value='2015-07-20.08:58:53'/>
	<end value='2015-07-20.08:59:25'/>
	<frames value='26166'/>
	<gameDuration value='1635'/>

	<player>
		<unitScore value='8225'/>
		<killScore value='3650'/>
		<buildingScore value='2450'/>
		<razingScore value='0'/>
		<mineralScore value='11178'/>
		<gasScore value='1688'/>
		<totalScore value='27191'/>
	</player>

	<enemy>
		<race value='Zerg'/>
		<unitScore value='14025'/>
		<killScore value='16450'/>
		<buildingScore value='3020'/>
		<razingScore value='8550'/>
		<mineralScore value='14298'/>
		<gasScore value='5104'/>
		<totalScore value='61447'/>
	</enemy>

	<scoreRatio value='0.442511'/>
	<timeFitness value='0.227083'/>
	<unitsAverage value='32'/>
</results>
