<results>
	<result value='win'/>
	<start value='2015-05-09.02:15:58'/>
	<end value='2015-05-09.02:17:15'/>
	<frames value='36675'/>
	<gameDuration value='2292'/>

	<player>
		<unitScore value='21575'/>
		<killScore value='26650'/>
		<buildingScore value='5525'/>
		<razingScore value='8100'/>
		<mineralScore value='34150'/>
		<gasScore value='3856'/>
		<totalScore value='99856'/>
	</player>

	<enemy>
		<race value='Terran'/>
		<unitScore value='13325'/>
		<unitScore value='13325'/>
		<killScore value='19850'/>
		<buildingScore value='2700'/>
		<razingScore value='3600'/>
		<mineralScore value='12050'/>
		<gasScore value='5338'/>
		<totalScore value='56863'/>
	</enemy>

	<scoreRatio value='1.75608'/>
	<timeFitness value='0.681667'/>
	<unitsAverage value='103'/>
</results>
