<results>
	<result value='win'/>
	<start value='2015-05-09.02:25:48'/>
	<end value='2015-05-09.02:27:27'/>
	<frames value='39279'/>
	<gameDuration value='2454'/>

	<player>
		<unitScore value='29775'/>
		<killScore value='41450'/>
		<buildingScore value='3975'/>
		<razingScore value='12225'/>
		<mineralScore value='36370'/>
		<gasScore value='4728'/>
		<totalScore value='128523'/>
	</player>

	<enemy>
		<race value='Terran'/>
		<unitScore value='24075'/>
		<unitScore value='24075'/>
		<killScore value='36450'/>
		<buildingScore value='4150'/>
		<razingScore value='0'/>
		<mineralScore value='19074'/>
		<gasScore value='9606'/>
		<totalScore value='93355'/>
	</enemy>

	<scoreRatio value='1.37671'/>
	<timeFitness value='0.659167'/>
	<unitsAverage value='125'/>
</results>
