<results>
	<result value='loss'/>
	<start value='2015-07-20.16:01:07'/>
	<end value='2015-07-20.16:01:31'/>
	<frames value='25050'/>
	<gameDuration value='1565'/>

	<player>
		<unitScore value='8350'/>
		<killScore value='4650'/>
		<buildingScore value='3600'/>
		<razingScore value='0'/>
		<mineralScore value='14946'/>
		<gasScore value='1272'/>
		<totalScore value='32818'/>
	</player>

	<enemy>
		<race value='Zerg'/>
		<unitScore value='8125'/>
		<killScore value='16700'/>
		<buildingScore value='2525'/>
		<razingScore value='10800'/>
		<mineralScore value='9794'/>
		<gasScore value='3304'/>
		<totalScore value='51248'/>
	</enemy>

	<scoreRatio value='0.640376'/>
	<timeFitness value='0.217361'/>
	<unitsAverage value='44'/>
</results>
