<results>
	<result value='win'/>
	<start value='2015-04-27.06:17:39'/>
	<end value='2015-04-27.06:17:58'/>
	<frames value='20989'/>
	<gameDuration value='1311'/>

	<player>
		<unitScore value='9350'/>
		<killScore value='12900'/>
		<buildingScore value='3250'/>
		<razingScore value='5250'/>
		<mineralScore value='15282'/>
		<gasScore value='2136'/>
		<totalScore value='48168'/>
	</player>

	<enemy>
		<race value='Terran'/>
		<unitScore value='6450'/>
		<unitScore value='6450'/>
		<killScore value='4300'/>
		<buildingScore value='1750'/>
		<razingScore value='1725'/>
		<mineralScore value='8162'/>
		<gasScore value='2400'/>
		<totalScore value='24787'/>
	</enemy>

	<scoreRatio value='1.94328'/>
</results>
