<results>
	<result value='loss'/>
	<start value='2015-04-14.13:28:02'/>
	<end value='2015-04-14.13:28:09'/>
	<frames value='16339'/>
	<gameDuration value='1021'/>

	<player>
		<unitScore value='3350'/>
		<killScore value='1200'/>
		<buildingScore value='1550'/>
		<razingScore value='0'/>
		<mineralScore value='4866'/>
		<gasScore value='536'/>
		<totalScore value='11502'/>
	</player>

	<enemy>
		<race value='Protoss'/>
		<unitScore value='3600'/>
		<unitScore value='3600'/>
		<killScore value='6700'/>
		<buildingScore value='3875'/>
		<razingScore value='4650'/>
		<mineralScore value='8506'/>
		<gasScore value='1592'/>
		<totalScore value='28923'/>
	</enemy>

	<scoreRatio value='0.397677'/>
</results>
