<results>
	<result value='loss'/>
	<start value='2015-04-14.13:34:24'/>
	<end value='2015-04-14.13:34:38'/>
	<frames value='27592'/>
	<gameDuration value='1724'/>

	<player>
		<unitScore value='6625'/>
		<killScore value='3100'/>
		<buildingScore value='2100'/>
		<razingScore value='600'/>
		<mineralScore value='8826'/>
		<gasScore value='1192'/>
		<totalScore value='22443'/>
	</player>

	<enemy>
		<race value='Protoss'/>
		<unitScore value='10550'/>
		<unitScore value='10550'/>
		<killScore value='13250'/>
		<buildingScore value='6175'/>
		<razingScore value='6300'/>
		<mineralScore value='18382'/>
		<gasScore value='5448'/>
		<totalScore value='60105'/>
	</enemy>

	<scoreRatio value='0.373397'/>
</results>
