<results>
	<result value='loss'/>
	<start value='2015-04-14.13:38:08'/>
	<end value='2015-04-14.13:38:50'/>
	<frames value='52485'/>
	<gameDuration value='3280'/>

	<player>
		<unitScore value='26850'/>
		<killScore value='42150'/>
		<buildingScore value='3500'/>
		<razingScore value='300'/>
		<mineralScore value='30070'/>
		<gasScore value='3456'/>
		<totalScore value='106326'/>
	</player>

	<enemy>
		<race value='Protoss'/>
		<unitScore value='34925'/>
		<unitScore value='34925'/>
		<killScore value='53800'/>
		<buildingScore value='7325'/>
		<razingScore value='10500'/>
		<mineralScore value='31506'/>
		<gasScore value='11802'/>
		<totalScore value='149858'/>
	</enemy>

	<scoreRatio value='0.709512'/>
</results>
