<results>
	<result value='loss'/>
	<start value='2015-04-14.13:39:21'/>
	<end value='2015-04-14.13:39:56'/>
	<frames value='50439'/>
	<gameDuration value='3152'/>

	<player>
		<unitScore value='23125'/>
		<killScore value='51400'/>
		<buildingScore value='2650'/>
		<razingScore value='1500'/>
		<mineralScore value='23994'/>
		<gasScore value='3992'/>
		<totalScore value='106661'/>
	</player>

	<enemy>
		<race value='Protoss'/>
		<unitScore value='44350'/>
		<unitScore value='44350'/>
		<killScore value='46250'/>
		<buildingScore value='7625'/>
		<razingScore value='7950'/>
		<mineralScore value='35954'/>
		<gasScore value='12974'/>
		<totalScore value='155103'/>
	</enemy>

	<scoreRatio value='0.687679'/>
</results>
