<results>
	<result value='loss'/>
	<start value='2015-05-01.04:15:45'/>
	<end value='2015-05-01.04:15:57'/>
	<frames value='17238'/>
	<gameDuration value='1077'/>

	<player>
		<unitScore value='4625'/>
		<killScore value='2200'/>
		<buildingScore value='1575'/>
		<razingScore value='0'/>
		<mineralScore value='6242'/>
		<gasScore value='1360'/>
		<totalScore value='16002'/>
	</player>

	<enemy>
		<race value='Protoss'/>
		<unitScore value='4475'/>
		<unitScore value='4475'/>
		<killScore value='9250'/>
		<buildingScore value='3325'/>
		<razingScore value='4725'/>
		<mineralScore value='9050'/>
		<gasScore value='2032'/>
		<totalScore value='32857'/>
	</enemy>

	<scoreRatio value='0.48702'/>
</results>
