<results>
	<result value='win'/>
	<start value='2015-05-06.09:07:48'/>
	<end value='2015-05-06.09:08:29'/>
	<frames value='33141'/>
	<gameDuration value='2071'/>

	<player>
		<unitScore value='22150'/>
		<killScore value='35870'/>
		<buildingScore value='4600'/>
		<razingScore value='6315'/>
		<mineralScore value='30558'/>
		<gasScore value='2720'/>
		<totalScore value='102213'/>
	</player>

	<enemy>
		<race value='Zerg'/>
		<unitScore value='15450'/>
		<unitScore value='15450'/>
		<killScore value='20250'/>
		<buildingScore value='2105'/>
		<razingScore value='0'/>
		<mineralScore value='13714'/>
		<gasScore value='4088'/>
		<totalScore value='55607'/>
	</enemy>

	<scoreRatio value='1.83813'/>
	<timeFitness value='0.712361'/>
	<unitsAverage value='102'/>
</results>
