<results>
	<result value='win'/>
	<start value='2015-05-06.09:20:13'/>
	<end value='2015-05-06.09:20:18'/>
	<frames value='11720'/>
	<gameDuration value='732'/>

	<player>
		<unitScore value='2500'/>
		<killScore value='1820'/>
		<buildingScore value='875'/>
		<razingScore value='2100'/>
		<mineralScore value='4074'/>
		<gasScore value='0'/>
		<totalScore value='11369'/>
	</player>

	<enemy>
		<race value='Zerg'/>
		<unitScore value='1150'/>
		<unitScore value='1150'/>
		<killScore value='1600'/>
		<buildingScore value='700'/>
		<razingScore value='150'/>
		<mineralScore value='2690'/>
		<gasScore value='208'/>
		<totalScore value='6498'/>
	</enemy>

	<scoreRatio value='1.74962'/>
	<timeFitness value='0.898333'/>
	<unitsAverage value='20'/>
</results>
