<results>
	<result value='win'/>
	<start value='2015-05-06.09:46:41'/>
	<end value='2015-05-06.09:47:09'/>
	<frames value='27964'/>
	<gameDuration value='1747'/>

	<player>
		<unitScore value='17025'/>
		<killScore value='24315'/>
		<buildingScore value='3700'/>
		<razingScore value='6840'/>
		<mineralScore value='22506'/>
		<gasScore value='2120'/>
		<totalScore value='76506'/>
	</player>

	<enemy>
		<race value='Zerg'/>
		<unitScore value='11975'/>
		<unitScore value='11975'/>
		<killScore value='16200'/>
		<buildingScore value='2280'/>
		<razingScore value='0'/>
		<mineralScore value='11754'/>
		<gasScore value='3808'/>
		<totalScore value='46017'/>
	</enemy>

	<scoreRatio value='1.66256'/>
	<timeFitness value='0.757361'/>
	<unitsAverage value='84'/>
</results>
