<results>
	<result value='win'/>
	<start value='2015-05-04.07:36:46'/>
	<end value='2015-05-04.07:37:22'/>
	<frames value='34939'/>
	<gameDuration value='2183'/>

	<player>
		<unitScore value='30500'/>
		<killScore value='30165'/>
		<buildingScore value='3600'/>
		<razingScore value='6675'/>
		<mineralScore value='36586'/>
		<gasScore value='0'/>
		<totalScore value='107526'/>
	</player>

	<enemy>
		<race value='Zerg'/>
		<unitScore value='13850'/>
		<unitScore value='13850'/>
		<killScore value='45000'/>
		<buildingScore value='2225'/>
		<razingScore value='0'/>
		<mineralScore value='12502'/>
		<gasScore value='4112'/>
		<totalScore value='77689'/>
	</enemy>

	<scoreRatio value='1.38406'/>
	<timeFitness value='0.696806'/>
	<unitsAverage value='110'/>
</results>
