<results>
	<result value='win'/>
	<start value='2015-05-04.07:43:12'/>
	<end value='2015-05-04.07:43:37'/>
	<frames value='28553'/>
	<gameDuration value='1784'/>

	<player>
		<unitScore value='20400'/>
		<killScore value='28345'/>
		<buildingScore value='2900'/>
		<razingScore value='5040'/>
		<mineralScore value='24758'/>
		<gasScore value='0'/>
		<totalScore value='81443'/>
	</player>

	<enemy>
		<race value='Zerg'/>
		<unitScore value='12550'/>
		<unitScore value='12550'/>
		<killScore value='28000'/>
		<buildingScore value='1680'/>
		<razingScore value='0'/>
		<mineralScore value='11342'/>
		<gasScore value='3368'/>
		<totalScore value='56940'/>
	</enemy>

	<scoreRatio value='1.43033'/>
	<timeFitness value='0.752222'/>
	<unitsAverage value='87'/>
</results>
