<results>
	<result value='win'/>
	<start value='2015-05-04.07:47:04'/>
	<end value='2015-05-04.07:47:41'/>
	<frames value='33947'/>
	<gameDuration value='2121'/>

	<player>
		<unitScore value='26750'/>
		<killScore value='33165'/>
		<buildingScore value='3700'/>
		<razingScore value='5655'/>
		<mineralScore value='32894'/>
		<gasScore value='0'/>
		<totalScore value='102164'/>
	</player>

	<enemy>
		<race value='Zerg'/>
		<unitScore value='15000'/>
		<unitScore value='15000'/>
		<killScore value='35900'/>
		<buildingScore value='1885'/>
		<razingScore value='0'/>
		<mineralScore value='13166'/>
		<gasScore value='4944'/>
		<totalScore value='70895'/>
	</enemy>

	<scoreRatio value='1.44106'/>
	<timeFitness value='0.705417'/>
	<unitsAverage value='106'/>
</results>
