<results>
	<result value='loss'/>
	<start value='2015-04-24.22:14:45'/>
	<end value='2015-04-24.22:14:51'/>
	<frames value='13797'/>
	<gameDuration value='862'/>

	<player>
		<unitScore value='2575'/>
		<killScore value='300'/>
		<buildingScore value='975'/>
		<razingScore value='0'/>
		<mineralScore value='4890'/>
		<gasScore value='568'/>
		<totalScore value='9308'/>
	</player>

	<enemy>
		<race value='Terran'/>
		<unitScore value='4000'/>
		<unitScore value='4000'/>
		<killScore value='5150'/>
		<buildingScore value='1450'/>
		<razingScore value='2925'/>
		<mineralScore value='6186'/>
		<gasScore value='2024'/>
		<totalScore value='21735'/>
	</enemy>

	<scoreRatio value='0.428249'/>
</results>
