<results>
	<result value='loss'/>
	<start value='2015-04-24.22:17:26'/>
	<end value='2015-04-24.22:17:36'/>
	<frames value='21051'/>
	<gameDuration value='1315'/>

	<player>
		<unitScore value='4825'/>
		<killScore value='3150'/>
		<buildingScore value='2000'/>
		<razingScore value='0'/>
		<mineralScore value='6826'/>
		<gasScore value='1296'/>
		<totalScore value='18097'/>
	</player>

	<enemy>
		<race value='Terran'/>
		<unitScore value='7450'/>
		<unitScore value='7450'/>
		<killScore value='9650'/>
		<buildingScore value='3075'/>
		<razingScore value='6000'/>
		<mineralScore value='10146'/>
		<gasScore value='3640'/>
		<totalScore value='39961'/>
	</enemy>

	<scoreRatio value='0.452867'/>
</results>
