<results>
	<result value='loss'/>
	<start value='2015-04-24.22:17:53'/>
	<end value='2015-04-24.22:18:00'/>
	<frames value='17455'/>
	<gameDuration value='1090'/>

	<player>
		<unitScore value='2550'/>
		<killScore value='1000'/>
		<buildingScore value='1750'/>
		<razingScore value='0'/>
		<mineralScore value='4210'/>
		<gasScore value='600'/>
		<totalScore value='10110'/>
	</player>

	<enemy>
		<race value='Terran'/>
		<unitScore value='6050'/>
		<unitScore value='6050'/>
		<killScore value='5100'/>
		<buildingScore value='2650'/>
		<razingScore value='5250'/>
		<mineralScore value='8050'/>
		<gasScore value='2752'/>
		<totalScore value='29852'/>
	</enemy>

	<scoreRatio value='0.338671'/>
</results>
