<results>
	<result value='loss'/>
	<start value='2015-04-24.22:19:43'/>
	<end value='2015-04-24.22:19:53'/>
	<frames value='20493'/>
	<gameDuration value='1280'/>

	<player>
		<unitScore value='4225'/>
		<killScore value='2850'/>
		<buildingScore value='2125'/>
		<razingScore value='0'/>
		<mineralScore value='6538'/>
		<gasScore value='1016'/>
		<totalScore value='16754'/>
	</player>

	<enemy>
		<race value='Terran'/>
		<unitScore value='7875'/>
		<unitScore value='7875'/>
		<killScore value='8450'/>
		<buildingScore value='3175'/>
		<razingScore value='6375'/>
		<mineralScore value='9730'/>
		<gasScore value='3864'/>
		<totalScore value='39469'/>
	</enemy>

	<scoreRatio value='0.424485'/>
</results>
