<results>
	<result value='win'/>
	<start value='2015-04-24.22:26:07'/>
	<end value='2015-04-24.22:26:25'/>
	<frames value='27654'/>
	<gameDuration value='1728'/>

	<player>
		<unitScore value='10375'/>
		<killScore value='24250'/>
		<buildingScore value='3325'/>
		<razingScore value='8925'/>
		<mineralScore value='15298'/>
		<gasScore value='2352'/>
		<totalScore value='64525'/>
	</player>

	<enemy>
		<race value='Terran'/>
		<unitScore value='12125'/>
		<unitScore value='12125'/>
		<killScore value='9250'/>
		<buildingScore value='3125'/>
		<razingScore value='1725'/>
		<mineralScore value='11302'/>
		<gasScore value='4960'/>
		<totalScore value='42487'/>
	</enemy>

	<scoreRatio value='1.5187'/>
</results>
