<results>
	<result value='draw'/>
	<start value='2015-07-21.00:14:07'/>
	<end value='2015-07-21.00:15:27'/>
	<frames value='57601'/>
	<gameDuration value='3600'/>

	<player>
		<unitScore value='37475'/>
		<killScore value='43425'/>
		<buildingScore value='6050'/>
		<razingScore value='480'/>
		<mineralScore value='37558'/>
		<gasScore value='6696'/>
		<totalScore value='131684'/>
	</player>

	<enemy>
		<race value='Zerg'/>
		<unitScore value='28200'/>
		<killScore value='71400'/>
		<buildingScore value='4975'/>
		<razingScore value='13200'/>
		<mineralScore value='25430'/>
		<gasScore value='12428'/>
		<totalScore value='155633'/>
	</enemy>

	<scoreRatio value='0.846119'/>
	<timeFitness value='0.5'/>
	<unitsAverage value='97'/>
</results>
