<results>
	<result value='draw'/>
	<start value='2015-07-21.00:18:59'/>
	<end value='2015-07-21.00:20:17'/>
	<frames value='57601'/>
	<gameDuration value='3600'/>

	<player>
		<unitScore value='45025'/>
		<killScore value='61800'/>
		<buildingScore value='3075'/>
		<razingScore value='195'/>
		<mineralScore value='31614'/>
		<gasScore value='9074'/>
		<totalScore value='150783'/>
	</player>

	<enemy>
		<race value='Zerg'/>
		<unitScore value='38575'/>
		<killScore value='82550'/>
		<buildingScore value='4200'/>
		<razingScore value='225'/>
		<mineralScore value='29854'/>
		<gasScore value='11842'/>
		<totalScore value='167246'/>
	</enemy>

	<scoreRatio value='0.901564'/>
	<timeFitness value='0.5'/>
	<unitsAverage value='102'/>
</results>
