<results>
	<result value='loss'/>
	<start value='2015-07-21.00:22:27'/>
	<end value='2015-07-21.00:23:01'/>
	<frames value='32707'/>
	<gameDuration value='2044'/>

	<player>
		<unitScore value='17950'/>
		<killScore value='17475'/>
		<buildingScore value='2950'/>
		<razingScore value='0'/>
		<mineralScore value='23898'/>
		<gasScore value='2912'/>
		<totalScore value='65185'/>
	</player>

	<enemy>
		<race value='Zerg'/>
		<unitScore value='18375'/>
		<killScore value='32250'/>
		<buildingScore value='4895'/>
		<razingScore value='8850'/>
		<mineralScore value='20210'/>
		<gasScore value='7416'/>
		<totalScore value='91996'/>
	</enemy>

	<scoreRatio value='0.708563'/>
	<timeFitness value='0.283889'/>
	<unitsAverage value='72'/>
</results>
