<results>
	<result value='loss'/>
	<start value='2015-07-21.00:27:04'/>
	<end value='2015-07-21.00:27:21'/>
	<frames value='23438'/>
	<gameDuration value='1464'/>

	<player>
		<unitScore value='9925'/>
		<killScore value='3300'/>
		<buildingScore value='3275'/>
		<razingScore value='195'/>
		<mineralScore value='11994'/>
		<gasScore value='1528'/>
		<totalScore value='30217'/>
	</player>

	<enemy>
		<race value='Zerg'/>
		<unitScore value='7975'/>
		<killScore value='18900'/>
		<buildingScore value='3045'/>
		<razingScore value='9825'/>
		<mineralScore value='11882'/>
		<gasScore value='3552'/>
		<totalScore value='55179'/>
	</enemy>

	<scoreRatio value='0.547618'/>
	<timeFitness value='0.203333'/>
	<unitsAverage value='40'/>
</results>
