<results>
	<result value='loss'/>
	<start value='2014-07-10.13:47:56'/>
	<end value='2014-07-10.13:48:05'/>
	<frames value='19005'/>
	<gameDuration value='1187'/>

	<player>
		<unitScore value='4100'/>
		<killScore value='1200'/>
		<buildingScore value='1900'/>
		<razingScore value='0'/>
		<mineralScore value='6650'/>
		<gasScore value='952'/>
		<totalScore value='14802'/>
	</player>

	<enemy>
		<race value='Protoss'/>
		<unitScore value='4575'/>
		<unitScore value='4575'/>
		<killScore value='8200'/>
		<buildingScore value='4275'/>
		<razingScore value='5700'/>
		<mineralScore value='9882'/>
		<gasScore value='2576'/>
		<totalScore value='35208'/>
	</enemy>

	<scoreRatio value='0.420416'/>
</results>
