<results>
	<result value='loss'/>
	<start value='2015-07-13.07:56:42'/>
	<end value='2015-07-13.07:56:57'/>
	<frames value='29824'/>
	<gameDuration value='1864'/>

	<player>
		<unitScore value='13575'/>
		<killScore value='5200'/>
		<buildingScore value='2175'/>
		<razingScore value='0'/>
		<mineralScore value='12290'/>
		<gasScore value='2608'/>
		<totalScore value='35848'/>
	</player>

	<enemy>
		<race value='Protoss'/>
		<unitScore value='15000'/>
		<killScore value='26300'/>
		<buildingScore value='6875'/>
		<razingScore value='6525'/>
		<mineralScore value='18986'/>
		<gasScore value='7376'/>
		<totalScore value='81062'/>
	</enemy>

	<scoreRatio value='0.442229'/>
	<timeFitness value='0.258889'/>
	<unitsAverage value='39'/>
</results>
