<results>
	<result value='loss'/>
	<start value='2015-07-13.08:02:27'/>
	<end value='2015-07-13.08:02:57'/>
	<frames value='36954'/>
	<gameDuration value='2309'/>

	<player>
		<unitScore value='22875'/>
		<killScore value='5100'/>
		<buildingScore value='4625'/>
		<razingScore value='0'/>
		<mineralScore value='26574'/>
		<gasScore value='2736'/>
		<totalScore value='61910'/>
	</player>

	<enemy>
		<race value='Protoss'/>
		<unitScore value='19350'/>
		<killScore value='42300'/>
		<buildingScore value='6825'/>
		<razingScore value='13875'/>
		<mineralScore value='22286'/>
		<gasScore value='8216'/>
		<totalScore value='112852'/>
	</enemy>

	<scoreRatio value='0.548595'/>
	<timeFitness value='0.320694'/>
	<unitsAverage value='73'/>
</results>
