<results>
	<result value='draw'/>
	<start value='2015-04-28.16:23:01'/>
	<end value='2015-04-28.16:24:19'/>
	<frames value='57601'/>
	<gameDuration value='3600'/>

	<player>
		<unitScore value='31950'/>
		<killScore value='70510'/>
		<buildingScore value='3400'/>
		<razingScore value='1620'/>
		<mineralScore value='32102'/>
		<gasScore value='5608'/>
		<totalScore value='145190'/>
	</player>

	<enemy>
		<race value='Zerg'/>
		<unitScore value='36375'/>
		<unitScore value='36375'/>
		<killScore value='46650'/>
		<buildingScore value='3885'/>
		<razingScore value='1575'/>
		<mineralScore value='29462'/>
		<gasScore value='9456'/>
		<totalScore value='127403'/>
	</enemy>

	<scoreRatio value='1.13961'/>
	<timeFitness value='0.5'/>
	<unitsAverage value='143'/>
</results>
