<results>
	<result value='loss'/>
	<start value='2015-04-28.16:29:43'/>
	<end value='2015-04-28.16:29:46'/>
	<frames value='6636'/>
	<gameDuration value='414'/>

	<player>
		<unitScore value='1000'/>
		<killScore value='50'/>
		<buildingScore value='625'/>
		<razingScore value='0'/>
		<mineralScore value='1290'/>
		<gasScore value='32'/>
		<totalScore value='2997'/>
	</player>

	<enemy>
		<race value='Zerg'/>
		<unitScore value='1150'/>
		<unitScore value='1150'/>
		<killScore value='1900'/>
		<buildingScore value='375'/>
		<razingScore value='1875'/>
		<mineralScore value='1730'/>
		<gasScore value='0'/>
		<totalScore value='7030'/>
	</enemy>

	<scoreRatio value='0.426316'/>
	<timeFitness value='0.0575'/>
	<unitsAverage value='10'/>
</results>
