<results>
	<result value='win'/>
	<start value='2015-04-28.16:41:24'/>
	<end value='2015-04-28.16:42:11'/>
	<frames value='38039'/>
	<gameDuration value='2377'/>

	<player>
		<unitScore value='26850'/>
		<killScore value='35280'/>
		<buildingScore value='4275'/>
		<razingScore value='7050'/>
		<mineralScore value='33454'/>
		<gasScore value='2840'/>
		<totalScore value='109749'/>
	</player>

	<enemy>
		<race value='Zerg'/>
		<unitScore value='16825'/>
		<unitScore value='16825'/>
		<killScore value='28600'/>
		<buildingScore value='2350'/>
		<razingScore value='0'/>
		<mineralScore value='14782'/>
		<gasScore value='4104'/>
		<totalScore value='66661'/>
	</enemy>

	<scoreRatio value='1.64637'/>
	<timeFitness value='0.669861'/>
	<unitsAverage value='136'/>
</results>
