<results>
	<result value='draw'/>
	<start value='2015-04-28.19:23:46'/>
	<end value='2015-04-28.19:25:11'/>
	<frames value='57601'/>
	<gameDuration value='3600'/>

	<player>
		<unitScore value='30200'/>
		<killScore value='27050'/>
		<buildingScore value='6350'/>
		<razingScore value='6495'/>
		<mineralScore value='50114'/>
		<gasScore value='6816'/>
		<totalScore value='127025'/>
	</player>

	<enemy>
		<race value='Zerg'/>
		<unitScore value='12400'/>
		<unitScore value='12400'/>
		<killScore value='34750'/>
		<buildingScore value='2325'/>
		<razingScore value='0'/>
		<mineralScore value='12262'/>
		<gasScore value='3832'/>
		<totalScore value='65569'/>
	</enemy>

	<scoreRatio value='1.93727'/>
	<timeFitness value='0.5'/>
	<unitsAverage value='186'/>
</results>
