<results>
	<result value='loss'/>
	<start value='2015-07-13.03:38:15'/>
	<end value='2015-07-13.03:38:47'/>
	<frames value='40085'/>
	<gameDuration value='2505'/>

	<player>
		<unitScore value='19900'/>
		<killScore value='12850'/>
		<buildingScore value='3150'/>
		<razingScore value='300'/>
		<mineralScore value='17402'/>
		<gasScore value='3896'/>
		<totalScore value='57498'/>
	</player>

	<enemy>
		<race value='Protoss'/>
		<unitScore value='23125'/>
		<killScore value='39800'/>
		<buildingScore value='7575'/>
		<razingScore value='9450'/>
		<mineralScore value='25658'/>
		<gasScore value='9196'/>
		<totalScore value='114804'/>
	</enemy>

	<scoreRatio value='0.500836'/>
	<timeFitness value='0.347917'/>
	<unitsAverage value='48'/>
</results>
