<results>
	<result value='draw'/>
	<start value='2015-05-10.07:23:34'/>
	<end value='2015-05-10.07:25:19'/>
	<frames value='57601'/>
	<gameDuration value='3600'/>

	<player>
		<unitScore value='18350'/>
		<killScore value='17800'/>
		<buildingScore value='4200'/>
		<razingScore value='6825'/>
		<mineralScore value='25958'/>
		<gasScore value='6970'/>
		<totalScore value='80103'/>
	</player>

	<enemy>
		<race value='Terran'/>
		<unitScore value='11650'/>
		<unitScore value='11650'/>
		<killScore value='12500'/>
		<buildingScore value='3175'/>
		<razingScore value='4275'/>
		<mineralScore value='16070'/>
		<gasScore value='7928'/>
		<totalScore value='55598'/>
	</enemy>

	<scoreRatio value='1.44075'/>
	<timeFitness value='0.5'/>
	<unitsAverage value='137'/>
</results>
