<results>
	<result value='win'/>
	<start value='2015-05-10.07:26:34'/>
	<end value='2015-05-10.07:26:56'/>
	<frames value='26848'/>
	<gameDuration value='1678'/>

	<player>
		<unitScore value='13975'/>
		<killScore value='19900'/>
		<buildingScore value='3825'/>
		<razingScore value='7500'/>
		<mineralScore value='21522'/>
		<gasScore value='2872'/>
		<totalScore value='69594'/>
	</player>

	<enemy>
		<race value='Terran'/>
		<unitScore value='10100'/>
		<unitScore value='10100'/>
		<killScore value='8450'/>
		<buildingScore value='2500'/>
		<razingScore value='150'/>
		<mineralScore value='11294'/>
		<gasScore value='3096'/>
		<totalScore value='35590'/>
	</enemy>

	<scoreRatio value='1.95544'/>
	<timeFitness value='0.766944'/>
	<unitsAverage value='85'/>
</results>
