<results>
	<result value='loss'/>
	<start value='2015-05-10.07:27:13'/>
	<end value='2015-05-10.07:27:48'/>
	<frames value='46967'/>
	<gameDuration value='2935'/>

	<player>
		<unitScore value='15100'/>
		<killScore value='20600'/>
		<buildingScore value='2525'/>
		<razingScore value='825'/>
		<mineralScore value='18170'/>
		<gasScore value='3800'/>
		<totalScore value='61020'/>
	</player>

	<enemy>
		<race value='Terran'/>
		<unitScore value='24375'/>
		<unitScore value='24375'/>
		<killScore value='30200'/>
		<buildingScore value='4900'/>
		<razingScore value='7575'/>
		<mineralScore value='28050'/>
		<gasScore value='11174'/>
		<totalScore value='106274'/>
	</enemy>

	<scoreRatio value='0.574176'/>
	<timeFitness value='0.407639'/>
	<unitsAverage value='51'/>
</results>
