<results>
	<result value='win'/>
	<start value='2015-05-09.06:02:43'/>
	<end value='2015-05-09.06:03:36'/>
	<frames value='27251'/>
	<gameDuration value='1703'/>

	<player>
		<unitScore value='16375'/>
		<killScore value='19300'/>
		<buildingScore value='4650'/>
		<razingScore value='7875'/>
		<mineralScore value='26842'/>
		<gasScore value='2312'/>
		<totalScore value='77354'/>
	</player>

	<enemy>
		<race value='Zerg'/>
		<unitScore value='9525'/>
		<unitScore value='9525'/>
		<killScore value='8950'/>
		<buildingScore value='2625'/>
		<razingScore value='1800'/>
		<mineralScore value='10594'/>
		<gasScore value='3824'/>
		<totalScore value='37318'/>
	</enemy>

	<scoreRatio value='2.07283'/>
	<timeFitness value='0.763472'/>
	<unitsAverage value='98'/>
</results>
