<results>
	<result value='win'/>
	<start value='2015-05-10.08:00:36'/>
	<end value='2015-05-10.08:01:26'/>
	<frames value='49664'/>
	<gameDuration value='3104'/>

	<player>
		<unitScore value='33500'/>
		<killScore value='53500'/>
		<buildingScore value='4050'/>
		<razingScore value='19950'/>
		<mineralScore value='35374'/>
		<gasScore value='4320'/>
		<totalScore value='150694'/>
	</player>

	<enemy>
		<race value='Protoss'/>
		<unitScore value='28500'/>
		<unitScore value='28500'/>
		<killScore value='48700'/>
		<buildingScore value='6650'/>
		<razingScore value='1725'/>
		<mineralScore value='23594'/>
		<gasScore value='8024'/>
		<totalScore value='117193'/>
	</enemy>

	<scoreRatio value='1.28586'/>
	<timeFitness value='0.568889'/>
	<unitsAverage value='104'/>
</results>
