<results>
	<result value='win'/>
	<start value='2015-05-10.08:03:13'/>
	<end value='2015-05-10.08:03:39'/>
	<frames value='30320'/>
	<gameDuration value='1895'/>

	<player>
		<unitScore value='16250'/>
		<killScore value='18350'/>
		<buildingScore value='3850'/>
		<razingScore value='17625'/>
		<mineralScore value='23254'/>
		<gasScore value='3152'/>
		<totalScore value='82481'/>
	</player>

	<enemy>
		<race value='Protoss'/>
		<unitScore value='9925'/>
		<unitScore value='9925'/>
		<killScore value='14200'/>
		<buildingScore value='5875'/>
		<razingScore value='1350'/>
		<mineralScore value='14594'/>
		<gasScore value='4160'/>
		<totalScore value='50104'/>
	</enemy>

	<scoreRatio value='1.6462'/>
	<timeFitness value='0.736806'/>
	<unitsAverage value='88'/>
</results>
