<results>
	<result value='loss'/>
	<start value='2015-05-03.03:57:41'/>
	<end value='2015-05-03.03:57:47'/>
	<frames value='15347'/>
	<gameDuration value='959'/>

	<player>
		<unitScore value='2950'/>
		<killScore value='1200'/>
		<buildingScore value='1500'/>
		<razingScore value='0'/>
		<mineralScore value='4322'/>
		<gasScore value='648'/>
		<totalScore value='10620'/>
	</player>

	<enemy>
		<race value='Protoss'/>
		<unitScore value='3550'/>
		<unitScore value='3550'/>
		<killScore value='5900'/>
		<buildingScore value='2575'/>
		<razingScore value='4500'/>
		<mineralScore value='7826'/>
		<gasScore value='1376'/>
		<totalScore value='25727'/>
	</enemy>

	<scoreRatio value='0.412796'/>
	<timeFitness value='0.133194'/>
	<unitsAverage value='21'/>
</results>
