<results>
	<result value='win'/>
	<start value='2015-05-10.08:12:39'/>
	<end value='2015-05-10.08:13:20'/>
	<frames value='44487'/>
	<gameDuration value='2780'/>

	<player>
		<unitScore value='19025'/>
		<killScore value='16300'/>
		<buildingScore value='4475'/>
		<razingScore value='24375'/>
		<mineralScore value='34354'/>
		<gasScore value='5000'/>
		<totalScore value='103529'/>
	</player>

	<enemy>
		<race value='Protoss'/>
		<unitScore value='8150'/>
		<unitScore value='8150'/>
		<killScore value='19750'/>
		<buildingScore value='8125'/>
		<razingScore value='1350'/>
		<mineralScore value='19330'/>
		<gasScore value='5144'/>
		<totalScore value='61849'/>
	</enemy>

	<scoreRatio value='1.6739'/>
	<timeFitness value='0.613889'/>
	<unitsAverage value='98'/>
</results>
