<results>
	<result value='loss'/>
	<start value='2015-07-18.03:24:01'/>
	<end value='2015-07-18.03:25:21'/>
	<frames value='50315'/>
	<gameDuration value='3144'/>

	<player>
		<unitScore value='31425'/>
		<killScore value='30000'/>
		<buildingScore value='3250'/>
		<razingScore value='0'/>
		<mineralScore value='30434'/>
		<gasScore value='4264'/>
		<totalScore value='99373'/>
	</player>

	<enemy>
		<race value='Protoss'/>
		<unitScore value='37100'/>
		<killScore value='62650'/>
		<buildingScore value='7425'/>
		<razingScore value='9750'/>
		<mineralScore value='31206'/>
		<gasScore value='13354'/>
		<totalScore value='161485'/>
	</enemy>

	<scoreRatio value='0.61537'/>
	<timeFitness value='0.436667'/>
	<unitsAverage value='71'/>
</results>
