<results>
	<result value='loss'/>
	<start value='2015-04-27.15:02:35'/>
	<end value='2015-04-27.15:02:45'/>
	<frames value='19625'/>
	<gameDuration value='1226'/>

	<player>
		<unitScore value='5750'/>
		<killScore value='2500'/>
		<buildingScore value='2250'/>
		<razingScore value='0'/>
		<mineralScore value='8290'/>
		<gasScore value='1096'/>
		<totalScore value='19886'/>
	</player>

	<enemy>
		<race value='Terran'/>
		<unitScore value='8100'/>
		<unitScore value='8100'/>
		<killScore value='11500'/>
		<buildingScore value='2950'/>
		<razingScore value='6750'/>
		<mineralScore value='9098'/>
		<gasScore value='3552'/>
		<totalScore value='41950'/>
	</enemy>

	<scoreRatio value='0.474041'/>
</results>
