<results>
	<result value='loss'/>
	<start value='2015-07-14.02:26:21'/>
	<end value='2015-07-14.02:26:51'/>
	<frames value='36396'/>
	<gameDuration value='2274'/>

	<player>
		<unitScore value='19450'/>
		<killScore value='7200'/>
		<buildingScore value='3650'/>
		<razingScore value='0'/>
		<mineralScore value='24930'/>
		<gasScore value='2888'/>
		<totalScore value='58118'/>
	</player>

	<enemy>
		<race value='Protoss'/>
		<unitScore value='23200'/>
		<killScore value='38900'/>
		<buildingScore value='7075'/>
		<razingScore value='10950'/>
		<mineralScore value='27490'/>
		<gasScore value='8852'/>
		<totalScore value='116467'/>
	</enemy>

	<scoreRatio value='0.499008'/>
	<timeFitness value='0.315833'/>
	<unitsAverage value='60'/>
</results>
