<results>
	<result value='loss'/>
	<start value='2015-07-14.02:31:09'/>
	<end value='2015-07-14.02:31:59'/>
	<frames value='51958'/>
	<gameDuration value='3247'/>

	<player>
		<unitScore value='26750'/>
		<killScore value='30200'/>
		<buildingScore value='2850'/>
		<razingScore value='450'/>
		<mineralScore value='24354'/>
		<gasScore value='5318'/>
		<totalScore value='89922'/>
	</player>

	<enemy>
		<race value='Protoss'/>
		<unitScore value='35235'/>
		<killScore value='52550'/>
		<buildingScore value='7625'/>
		<razingScore value='8550'/>
		<mineralScore value='33090'/>
		<gasScore value='11460'/>
		<totalScore value='148510'/>
	</enemy>

	<scoreRatio value='0.605495'/>
	<timeFitness value='0.450972'/>
	<unitsAverage value='79'/>
</results>
