<results>
	<result value='loss'/>
	<start value='2015-07-14.02:42:29'/>
	<end value='2015-07-14.02:42:41'/>
	<frames value='20338'/>
	<gameDuration value='1271'/>

	<player>
		<unitScore value='7975'/>
		<killScore value='2600'/>
		<buildingScore value='2075'/>
		<razingScore value='0'/>
		<mineralScore value='8466'/>
		<gasScore value='1264'/>
		<totalScore value='22380'/>
	</player>

	<enemy>
		<race value='Protoss'/>
		<unitScore value='6675'/>
		<killScore value='15950'/>
		<buildingScore value='3775'/>
		<razingScore value='6225'/>
		<mineralScore value='10474'/>
		<gasScore value='2560'/>
		<totalScore value='45659'/>
	</enemy>

	<scoreRatio value='0.490155'/>
	<timeFitness value='0.176528'/>
	<unitsAverage value='33'/>
</results>
