<results>
	<result value='win'/>
	<start value='2014-07-12.21:11:15'/>
	<end value='2014-07-12.21:11:43'/>
	<frames value='32521'/>
	<gameDuration value='2032'/>

	<player>
		<unitScore value='16675'/>
		<killScore value='32500'/>
		<buildingScore value='3550'/>
		<razingScore value='11325'/>
		<mineralScore value='23946'/>
		<gasScore value='2512'/>
		<totalScore value='90508'/>
	</player>

	<enemy>
		<race value='Terran'/>
		<unitScore value='17050'/>
		<unitScore value='17050'/>
		<killScore value='12550'/>
		<buildingScore value='3775'/>
		<razingScore value='1875'/>
		<mineralScore value='15074'/>
		<gasScore value='7160'/>
		<totalScore value='57484'/>
	</enemy>

	<scoreRatio value='1.57449'/>
</results>
