<results>
	<result value='win'/>
	<start value='2014-07-12.21:19:24'/>
	<end value='2014-07-12.21:19:44'/>
	<frames value='27685'/>
	<gameDuration value='1730'/>

	<player>
		<unitScore value='11850'/>
		<killScore value='17700'/>
		<buildingScore value='3900'/>
		<razingScore value='7350'/>
		<mineralScore value='19226'/>
		<gasScore value='2144'/>
		<totalScore value='62170'/>
	</player>

	<enemy>
		<race value='Terran'/>
		<unitScore value='9000'/>
		<unitScore value='9000'/>
		<killScore value='7450'/>
		<buildingScore value='2450'/>
		<razingScore value='1725'/>
		<mineralScore value='11098'/>
		<gasScore value='3728'/>
		<totalScore value='35451'/>
	</enemy>

	<scoreRatio value='1.75369'/>
</results>
