<results>
	<result value='loss'/>
	<start value='2015-05-05.06:37:42'/>
	<end value='2015-05-05.06:38:25'/>
	<frames value='48300'/>
	<gameDuration value='3018'/>

	<player>
		<unitScore value='24075'/>
		<killScore value='31150'/>
		<buildingScore value='2200'/>
		<razingScore value='4800'/>
		<mineralScore value='23994'/>
		<gasScore value='4986'/>
		<totalScore value='91205'/>
	</player>

	<enemy>
		<race value='Protoss'/>
		<unitScore value='31825'/>
		<unitScore value='31825'/>
		<killScore value='48150'/>
		<buildingScore value='9325'/>
		<razingScore value='6600'/>
		<mineralScore value='32318'/>
		<gasScore value='11522'/>
		<totalScore value='139740'/>
	</enemy>

	<scoreRatio value='0.652676'/>
	<timeFitness value='0.419167'/>
	<unitsAverage value='64'/>
</results>
