<results>
	<result value='win'/>
	<start value='2015-05-05.06:51:21'/>
	<end value='2015-05-05.06:52:42'/>
	<frames value='47029'/>
	<gameDuration value='2939'/>

	<player>
		<unitScore value='28050'/>
		<killScore value='30350'/>
		<buildingScore value='3625'/>
		<razingScore value='16875'/>
		<mineralScore value='35838'/>
		<gasScore value='5968'/>
		<totalScore value='120706'/>
	</player>

	<enemy>
		<race value='Protoss'/>
		<unitScore value='16225'/>
		<unitScore value='16225'/>
		<killScore value='36400'/>
		<buildingScore value='5625'/>
		<razingScore value='300'/>
		<mineralScore value='16650'/>
		<gasScore value='4896'/>
		<totalScore value='80096'/>
	</enemy>

	<scoreRatio value='1.50702'/>
	<timeFitness value='0.591806'/>
	<unitsAverage value='95'/>
</results>
