<results>
	<result value='loss'/>
	<start value='2015-07-17.08:51:04'/>
	<end value='2015-07-17.08:51:23'/>
	<frames value='19780'/>
	<gameDuration value='1236'/>

	<player>
		<unitScore value='6625'/>
		<killScore value='5900'/>
		<buildingScore value='1775'/>
		<razingScore value='0'/>
		<mineralScore value='8642'/>
		<gasScore value='1264'/>
		<totalScore value='24206'/>
	</player>

	<enemy>
		<race value='Terran'/>
		<unitScore value='6650'/>
		<killScore value='12050'/>
		<buildingScore value='2300'/>
		<razingScore value='5325'/>
		<mineralScore value='9114'/>
		<gasScore value='2744'/>
		<totalScore value='38183'/>
	</enemy>

	<scoreRatio value='0.633947'/>
	<timeFitness value='0.171667'/>
	<unitsAverage value='33'/>
</results>
