<results>
	<result value='loss'/>
	<start value='2015-07-17.08:59:48'/>
	<end value='2015-07-17.09:00:05'/>
	<frames value='23407'/>
	<gameDuration value='1462'/>

	<player>
		<unitScore value='8925'/>
		<killScore value='4850'/>
		<buildingScore value='2550'/>
		<razingScore value='0'/>
		<mineralScore value='12058'/>
		<gasScore value='864'/>
		<totalScore value='29247'/>
	</player>

	<enemy>
		<race value='Terran'/>
		<unitScore value='8475'/>
		<killScore value='17300'/>
		<buildingScore value='3525'/>
		<razingScore value='7650'/>
		<mineralScore value='12794'/>
		<gasScore value='4016'/>
		<totalScore value='53760'/>
	</enemy>

	<scoreRatio value='0.544029'/>
	<timeFitness value='0.203056'/>
	<unitsAverage value='35'/>
</results>
