<results>
	<result value='draw'/>
	<start value='2015-07-17.09:00:14'/>
	<end value='2015-07-17.09:02:55'/>
	<frames value='57601'/>
	<gameDuration value='3600'/>

	<player>
		<unitScore value='34225'/>
		<killScore value='22350'/>
		<buildingScore value='3900'/>
		<razingScore value='0'/>
		<mineralScore value='31298'/>
		<gasScore value='4744'/>
		<totalScore value='96517'/>
	</player>

	<enemy>
		<race value='Terran'/>
		<unitScore value='31325'/>
		<killScore value='47700'/>
		<buildingScore value='4975'/>
		<razingScore value='4425'/>
		<mineralScore value='31450'/>
		<gasScore value='12350'/>
		<totalScore value='132225'/>
	</enemy>

	<scoreRatio value='0.729945'/>
	<timeFitness value='0.5'/>
	<unitsAverage value='133'/>
</results>
