<results>
	<result value='loss'/>
	<start value='2015-07-17.09:03:22'/>
	<end value='2015-07-17.09:03:52'/>
	<frames value='34412'/>
	<gameDuration value='2150'/>

	<player>
		<unitScore value='11625'/>
		<killScore value='6800'/>
		<buildingScore value='2525'/>
		<razingScore value='300'/>
		<mineralScore value='12142'/>
		<gasScore value='1672'/>
		<totalScore value='35064'/>
	</player>

	<enemy>
		<race value='Terran'/>
		<unitScore value='8850'/>
		<killScore value='23250'/>
		<buildingScore value='3975'/>
		<razingScore value='7575'/>
		<mineralScore value='13946'/>
		<gasScore value='6250'/>
		<totalScore value='63846'/>
	</enemy>

	<scoreRatio value='0.549196'/>
	<timeFitness value='0.298611'/>
	<unitsAverage value='34'/>
</results>
