<results>
	<result value='loss'/>
	<start value='2015-07-17.09:09:13'/>
	<end value='2015-07-17.09:09:35'/>
	<frames value='20741'/>
	<gameDuration value='1296'/>

	<player>
		<unitScore value='7650'/>
		<killScore value='3200'/>
		<buildingScore value='2275'/>
		<razingScore value='0'/>
		<mineralScore value='8898'/>
		<gasScore value='1312'/>
		<totalScore value='23335'/>
	</player>

	<enemy>
		<race value='Terran'/>
		<unitScore value='6400'/>
		<killScore value='15200'/>
		<buildingScore value='2825'/>
		<razingScore value='6825'/>
		<mineralScore value='8082'/>
		<gasScore value='2912'/>
		<totalScore value='42244'/>
	</enemy>

	<scoreRatio value='0.552386'/>
	<timeFitness value='0.18'/>
	<unitsAverage value='33'/>
</results>
