<results>
	<result value='draw'/>
	<start value='2015-07-17.09:16:56'/>
	<end value='2015-07-17.09:18:51'/>
	<frames value='57601'/>
	<gameDuration value='3600'/>

	<player>
		<unitScore value='39125'/>
		<killScore value='12550'/>
		<buildingScore value='3275'/>
		<razingScore value='1050'/>
		<mineralScore value='39026'/>
		<gasScore value='6600'/>
		<totalScore value='101626'/>
	</player>

	<enemy>
		<race value='Terran'/>
		<unitScore value='13500'/>
		<killScore value='64850'/>
		<buildingScore value='4375'/>
		<razingScore value='1725'/>
		<mineralScore value='23970'/>
		<gasScore value='6622'/>
		<totalScore value='115042'/>
	</enemy>

	<scoreRatio value='0.883382'/>
	<timeFitness value='0.5'/>
	<unitsAverage value='119'/>
</results>
