<results>
	<result value='loss'/>
	<start value='2015-07-12.14:53:47'/>
	<end value='2015-07-12.14:53:58'/>
	<frames value='19966'/>
	<gameDuration value='1247'/>

	<player>
		<unitScore value='4500'/>
		<killScore value='3100'/>
		<buildingScore value='1925'/>
		<razingScore value='0'/>
		<mineralScore value='5906'/>
		<gasScore value='1112'/>
		<totalScore value='16543'/>
	</player>

	<enemy>
		<race value='Terran'/>
		<unitScore value='6825'/>
		<killScore value='8600'/>
		<buildingScore value='2800'/>
		<razingScore value='5775'/>
		<mineralScore value='9322'/>
		<gasScore value='3296'/>
		<totalScore value='36618'/>
	</enemy>

	<scoreRatio value='0.451772'/>
	<timeFitness value='0.173194'/>
	<unitsAverage value='26'/>
</results>
