<results>
	<result value='draw'/>
	<start value='2014-07-10.15:35:18'/>
	<end value='2014-07-10.15:36:18'/>
	<frames value='57601'/>
	<gameDuration value='3600'/>

	<player>
		<unitScore value='34800'/>
		<killScore value='49150'/>
		<buildingScore value='3150'/>
		<razingScore value='24600'/>
		<mineralScore value='35898'/>
		<gasScore value='5028'/>
		<totalScore value='152626'/>
	</player>

	<enemy>
		<race value='Protoss'/>
		<unitScore value='26025'/>
		<unitScore value='26025'/>
		<killScore value='54650'/>
		<buildingScore value='9950'/>
		<razingScore value='150'/>
		<mineralScore value='27074'/>
		<gasScore value='12990'/>
		<totalScore value='130839'/>
	</enemy>

	<scoreRatio value='1.16652'/>
</results>
