<results>
	<result value='win'/>
	<start value='2015-05-02.18:12:22'/>
	<end value='2015-05-02.18:12:38'/>
	<frames value='19780'/>
	<gameDuration value='1236'/>

	<player>
		<unitScore value='10400'/>
		<killScore value='15860'/>
		<buildingScore value='3175'/>
		<razingScore value='4680'/>
		<mineralScore value='13618'/>
		<gasScore value='1056'/>
		<totalScore value='48789'/>
	</player>

	<enemy>
		<race value='Zerg'/>
		<unitScore value='8075'/>
		<unitScore value='8075'/>
		<killScore value='5400'/>
		<buildingScore value='1560'/>
		<razingScore value='0'/>
		<mineralScore value='8194'/>
		<gasScore value='2488'/>
		<totalScore value='25717'/>
	</enemy>

	<scoreRatio value='1.89715'/>
	<timeFitness value='0.828333'/>
	<unitsAverage value='63'/>
</results>
