<results>
	<result value='win'/>
	<start value='2015-05-02.18:12:43'/>
	<end value='2015-05-02.18:13:09'/>
	<frames value='29421'/>
	<gameDuration value='1838'/>

	<player>
		<unitScore value='21650'/>
		<killScore value='30050'/>
		<buildingScore value='3100'/>
		<razingScore value='3735'/>
		<mineralScore value='26190'/>
		<gasScore value='0'/>
		<totalScore value='84725'/>
	</player>

	<enemy>
		<race value='Zerg'/>
		<unitScore value='13050'/>
		<unitScore value='13050'/>
		<killScore value='29800'/>
		<buildingScore value='1245'/>
		<razingScore value='0'/>
		<mineralScore value='10738'/>
		<gasScore value='3080'/>
		<totalScore value='57913'/>
	</enemy>

	<scoreRatio value='1.46297'/>
	<timeFitness value='0.744722'/>
	<unitsAverage value='83'/>
</results>
