<results>
	<result value='loss'/>
	<start value='2015-04-30.12:30:36'/>
	<end value='2015-04-30.12:30:53'/>
	<frames value='19439'/>
	<gameDuration value='1214'/>

	<player>
		<unitScore value='5100'/>
		<killScore value='3250'/>
		<buildingScore value='1725'/>
		<razingScore value='0'/>
		<mineralScore value='7002'/>
		<gasScore value='1296'/>
		<totalScore value='18373'/>
	</player>

	<enemy>
		<race value='Protoss'/>
		<unitScore value='6775'/>
		<unitScore value='6775'/>
		<killScore value='10200'/>
		<buildingScore value='4475'/>
		<razingScore value='5175'/>
		<mineralScore value='10146'/>
		<gasScore value='3096'/>
		<totalScore value='39867'/>
	</enemy>

	<scoreRatio value='0.460857'/>
	<timeFitness value='0.168611'/>
	<unitsAverage value='30'/>
</results>
