<results>
	<result value='draw'/>
	<start value='2015-04-30.12:33:46'/>
	<end value='2015-04-30.12:35:46'/>
	<frames value='57601'/>
	<gameDuration value='3600'/>

	<player>
		<unitScore value='27250'/>
		<killScore value='39850'/>
		<buildingScore value='4150'/>
		<razingScore value='21825'/>
		<mineralScore value='32446'/>
		<gasScore value='5112'/>
		<totalScore value='130633'/>
	</player>

	<enemy>
		<race value='Protoss'/>
		<unitScore value='21050'/>
		<unitScore value='21050'/>
		<killScore value='40050'/>
		<buildingScore value='7475'/>
		<razingScore value='4875'/>
		<mineralScore value='24514'/>
		<gasScore value='7384'/>
		<totalScore value='105348'/>
	</enemy>

	<scoreRatio value='1.24001'/>
	<timeFitness value='0.5'/>
	<unitsAverage value='113'/>
</results>
