<results>
	<result value='win'/>
	<start value='2015-04-30.12:39:03'/>
	<end value='2015-04-30.12:40:21'/>
	<frames value='45448'/>
	<gameDuration value='2840'/>

	<player>
		<unitScore value='25450'/>
		<killScore value='43400'/>
		<buildingScore value='2675'/>
		<razingScore value='21825'/>
		<mineralScore value='26850'/>
		<gasScore value='4840'/>
		<totalScore value='125040'/>
	</player>

	<enemy>
		<race value='Protoss'/>
		<unitScore value='22450'/>
		<unitScore value='22450'/>
		<killScore value='34250'/>
		<buildingScore value='7275'/>
		<razingScore value='0'/>
		<mineralScore value='26506'/>
		<gasScore value='10080'/>
		<totalScore value='100561'/>
	</enemy>

	<scoreRatio value='1.24342'/>
	<timeFitness value='0.605556'/>
	<unitsAverage value='91'/>
</results>
