<results>
	<result value='loss'/>
	<start value='2015-04-12.04:50:54'/>
	<end value='2015-04-12.04:51:08'/>
	<frames value='15378'/>
	<gameDuration value='961'/>

	<player>
		<unitScore value='2675'/>
		<killScore value='1200'/>
		<buildingScore value='1500'/>
		<razingScore value='0'/>
		<mineralScore value='4322'/>
		<gasScore value='832'/>
		<totalScore value='10529'/>
	</player>

	<enemy>
		<race value='Protoss'/>
		<unitScore value='3550'/>
		<unitScore value='3550'/>
		<killScore value='5450'/>
		<buildingScore value='3025'/>
		<razingScore value='4500'/>
		<mineralScore value='8010'/>
		<gasScore value='1608'/>
		<totalScore value='26143'/>
	</enemy>

	<scoreRatio value='0.402746'/>
</results>
