<results>
	<result value='win'/>
	<start value='2014-07-22.21:16:17'/>
	<end value='2014-07-22.21:16:36'/>
	<frames value='24864'/>
	<gameDuration value='1554'/>

	<player>
		<unitScore value='12575'/>
		<killScore value='18950'/>
		<buildingScore value='3250'/>
		<razingScore value='8400'/>
		<mineralScore value='19062'/>
		<gasScore value='2296'/>
		<totalScore value='64533'/>
	</player>

	<enemy>
		<race value='Terran'/>
		<unitScore value='10275'/>
		<unitScore value='10275'/>
		<killScore value='9750'/>
		<buildingScore value='2800'/>
		<razingScore value='150'/>
		<mineralScore value='9786'/>
		<gasScore value='3672'/>
		<totalScore value='36433'/>
	</enemy>

	<scoreRatio value='1.77128'/>
</results>
