<results>
	<result value='draw'/>
	<start value='2015-04-26.05:41:30'/>
	<end value='2015-04-26.05:42:20'/>
	<frames value='57601'/>
	<gameDuration value='3600'/>

	<player>
		<unitScore value='20825'/>
		<killScore value='28250'/>
		<buildingScore value='3425'/>
		<razingScore value='900'/>
		<mineralScore value='24274'/>
		<gasScore value='5266'/>
		<totalScore value='82940'/>
	</player>

	<enemy>
		<race value='Terran'/>
		<unitScore value='23650'/>
		<unitScore value='23650'/>
		<killScore value='41350'/>
		<buildingScore value='4375'/>
		<razingScore value='6825'/>
		<mineralScore value='19270'/>
		<gasScore value='11748'/>
		<totalScore value='107218'/>
	</enemy>

	<scoreRatio value='0.773564'/>
</results>
