<results>
	<result value='win'/>
	<start value='2015-04-26.05:45:46'/>
	<end value='2015-04-26.05:46:27'/>
	<frames value='36954'/>
	<gameDuration value='2309'/>

	<player>
		<unitScore value='25025'/>
		<killScore value='37700'/>
		<buildingScore value='4325'/>
		<razingScore value='11850'/>
		<mineralScore value='31286'/>
		<gasScore value='3824'/>
		<totalScore value='114010'/>
	</player>

	<enemy>
		<race value='Terran'/>
		<unitScore value='21250'/>
		<unitScore value='21250'/>
		<killScore value='24750'/>
		<buildingScore value='3950'/>
		<razingScore value='0'/>
		<mineralScore value='15722'/>
		<gasScore value='7708'/>
		<totalScore value='73380'/>
	</enemy>

	<scoreRatio value='1.55369'/>
</results>
