<results>
	<result value='win'/>
	<start value='2015-04-26.05:46:57'/>
	<end value='2015-04-26.05:47:35'/>
	<frames value='31684'/>
	<gameDuration value='1980'/>

	<player>
		<unitScore value='21425'/>
		<killScore value='27000'/>
		<buildingScore value='4975'/>
		<razingScore value='8100'/>
		<mineralScore value='34914'/>
		<gasScore value='3680'/>
		<totalScore value='100094'/>
	</player>

	<enemy>
		<race value='Terran'/>
		<unitScore value='13500'/>
		<unitScore value='13500'/>
		<killScore value='18650'/>
		<buildingScore value='2700'/>
		<razingScore value='0'/>
		<mineralScore value='12050'/>
		<gasScore value='4736'/>
		<totalScore value='51636'/>
	</enemy>

	<scoreRatio value='1.93845'/>
</results>
