<results>
	<result value='win'/>
	<start value='2014-07-24.00:57:37'/>
	<end value='2014-07-24.00:58:17'/>
	<frames value='36644'/>
	<gameDuration value='2290'/>

	<player>
		<unitScore value='28250'/>
		<killScore value='42020'/>
		<buildingScore value='3675'/>
		<razingScore value='7350'/>
		<mineralScore value='36482'/>
		<gasScore value='2848'/>
		<totalScore value='120625'/>
	</player>

	<enemy>
		<race value='Zerg'/>
		<unitScore value='20650'/>
		<unitScore value='20650'/>
		<killScore value='34050'/>
		<buildingScore value='2450'/>
		<razingScore value='150'/>
		<mineralScore value='17226'/>
		<gasScore value='5816'/>
		<totalScore value='80342'/>
	</enemy>

	<scoreRatio value='1.50139'/>
</results>
