<results>
	<result value='win'/>
	<start value='2015-04-28.03:45:36'/>
	<end value='2015-04-28.03:46:23'/>
	<frames value='39589'/>
	<gameDuration value='2474'/>

	<player>
		<unitScore value='14475'/>
		<killScore value='31450'/>
		<buildingScore value='4050'/>
		<razingScore value='11775'/>
		<mineralScore value='21282'/>
		<gasScore value='2256'/>
		<totalScore value='85288'/>
	</player>

	<enemy>
		<race value='Terran'/>
		<unitScore value='17500'/>
		<unitScore value='17500'/>
		<killScore value='9200'/>
		<buildingScore value='3925'/>
		<razingScore value='1725'/>
		<mineralScore value='14302'/>
		<gasScore value='7176'/>
		<totalScore value='53828'/>
	</enemy>

	<scoreRatio value='1.58445'/>
</results>
