<results>
	<result value='loss'/>
	<start value='2015-04-30.07:37:51'/>
	<end value='2015-04-30.07:38:03'/>
	<frames value='19718'/>
	<gameDuration value='1232'/>

	<player>
		<unitScore value='5775'/>
		<killScore value='2150'/>
		<buildingScore value='1775'/>
		<razingScore value='0'/>
		<mineralScore value='8666'/>
		<gasScore value='832'/>
		<totalScore value='19198'/>
	</player>

	<enemy>
		<race value='Terran'/>
		<unitScore value='7200'/>
		<unitScore value='7200'/>
		<killScore value='11550'/>
		<buildingScore value='2850'/>
		<razingScore value='5325'/>
		<mineralScore value='9130'/>
		<gasScore value='3224'/>
		<totalScore value='39279'/>
	</enemy>

	<scoreRatio value='0.48876'/>
	<timeFitness value='0.171111'/>
	<unitsAverage value='31'/>
</results>
