<results>
	<result value='win'/>
	<start value='2015-04-30.07:44:41'/>
	<end value='2015-04-30.07:45:09'/>
	<frames value='33544'/>
	<gameDuration value='2096'/>

	<player>
		<unitScore value='16050'/>
		<killScore value='29950'/>
		<buildingScore value='3750'/>
		<razingScore value='9075'/>
		<mineralScore value='20626'/>
		<gasScore value='2616'/>
		<totalScore value='82067'/>
	</player>

	<enemy>
		<race value='Terran'/>
		<unitScore value='14975'/>
		<unitScore value='14975'/>
		<killScore value='16900'/>
		<buildingScore value='3100'/>
		<razingScore value='1800'/>
		<mineralScore value='12522'/>
		<gasScore value='5428'/>
		<totalScore value='54725'/>
	</enemy>

	<scoreRatio value='1.49963'/>
	<timeFitness value='0.708889'/>
	<unitsAverage value='60'/>
</results>
