<results>
	<result value='win'/>
	<start value='2015-05-11.09:58:54'/>
	<end value='2015-05-11.09:59:32'/>
	<frames value='26414'/>
	<gameDuration value='1650'/>

	<player>
		<unitScore value='16800'/>
		<killScore value='18290'/>
		<buildingScore value='4675'/>
		<razingScore value='6150'/>
		<mineralScore value='26158'/>
		<gasScore value='2000'/>
		<totalScore value='74073'/>
	</player>

	<enemy>
		<race value='Zerg'/>
		<unitScore value='8725'/>
		<unitScore value='8725'/>
		<killScore value='13000'/>
		<buildingScore value='2050'/>
		<razingScore value='2100'/>
		<mineralScore value='9434'/>
		<gasScore value='3288'/>
		<totalScore value='38597'/>
	</enemy>

	<scoreRatio value='1.91914'/>
	<timeFitness value='0.770833'/>
	<unitsAverage value='92'/>
</results>
