<results>
	<result value='loss'/>
	<start value='2015-05-11.10:03:18'/>
	<end value='2015-05-11.10:03:54'/>
	<frames value='29948'/>
	<gameDuration value='1871'/>

	<player>
		<unitScore value='13600'/>
		<killScore value='15750'/>
		<buildingScore value='3100'/>
		<razingScore value='555'/>
		<mineralScore value='17738'/>
		<gasScore value='2520'/>
		<totalScore value='53263'/>
	</player>

	<enemy>
		<race value='Zerg'/>
		<unitScore value='17775'/>
		<unitScore value='17775'/>
		<killScore value='27200'/>
		<buildingScore value='4145'/>
		<razingScore value='9300'/>
		<mineralScore value='18714'/>
		<gasScore value='6464'/>
		<totalScore value='83598'/>
	</enemy>

	<scoreRatio value='0.637132'/>
	<timeFitness value='0.259861'/>
	<unitsAverage value='56'/>
</results>
