<results>
	<result value='win'/>
	<start value='2015-05-11.10:10:36'/>
	<end value='2015-05-11.10:11:59'/>
	<frames value='49385'/>
	<gameDuration value='3086'/>

	<player>
		<unitScore value='31825'/>
		<killScore value='53750'/>
		<buildingScore value='6525'/>
		<razingScore value='10125'/>
		<mineralScore value='35542'/>
		<gasScore value='5584'/>
		<totalScore value='143351'/>
	</player>

	<enemy>
		<race value='Zerg'/>
		<unitScore value='24500'/>
		<unitScore value='24500'/>
		<killScore value='37050'/>
		<buildingScore value='3375'/>
		<razingScore value='5625'/>
		<mineralScore value='22134'/>
		<gasScore value='6944'/>
		<totalScore value='99628'/>
	</enemy>

	<scoreRatio value='1.43886'/>
	<timeFitness value='0.571389'/>
	<unitsAverage value='105'/>
</results>
