<results>
	<result value='win'/>
	<start value='2015-05-08.11:24:53'/>
	<end value='2015-05-08.11:26:00'/>
	<frames value='35032'/>
	<gameDuration value='2189'/>

	<player>
		<unitScore value='21425'/>
		<killScore value='32300'/>
		<buildingScore value='3975'/>
		<razingScore value='12300'/>
		<mineralScore value='27738'/>
		<gasScore value='4128'/>
		<totalScore value='101866'/>
	</player>

	<enemy>
		<race value='Terran'/>
		<unitScore value='17550'/>
		<unitScore value='17550'/>
		<killScore value='20650'/>
		<buildingScore value='4100'/>
		<razingScore value='525'/>
		<mineralScore value='14586'/>
		<gasScore value='6832'/>
		<totalScore value='64243'/>
	</enemy>

	<scoreRatio value='1.58564'/>
	<timeFitness value='0.695972'/>
	<unitsAverage value='102'/>
</results>
