<results>
	<result value='loss'/>
	<start value='2015-05-08.11:43:14'/>
	<end value='2015-05-08.11:43:53'/>
	<frames value='44704'/>
	<gameDuration value='2794'/>

	<player>
		<unitScore value='5125'/>
		<killScore value='6950'/>
		<buildingScore value='1900'/>
		<razingScore value='1200'/>
		<mineralScore value='6570'/>
		<gasScore value='1176'/>
		<totalScore value='22921'/>
	</player>

	<enemy>
		<race value='Terran'/>
		<unitScore value='16700'/>
		<unitScore value='16700'/>
		<killScore value='10250'/>
		<buildingScore value='4750'/>
		<razingScore value='5700'/>
		<mineralScore value='18698'/>
		<gasScore value='9704'/>
		<totalScore value='65802'/>
	</enemy>

	<scoreRatio value='0.348333'/>
	<timeFitness value='0.388056'/>
	<unitsAverage value='20'/>
</results>
