<results>
	<result value='loss'/>
	<start value='2015-05-08.12:05:00'/>
	<end value='2015-05-08.12:05:17'/>
	<frames value='18757'/>
	<gameDuration value='1172'/>

	<player>
		<unitScore value='4500'/>
		<killScore value='3450'/>
		<buildingScore value='1650'/>
		<razingScore value='0'/>
		<mineralScore value='6266'/>
		<gasScore value='1008'/>
		<totalScore value='16874'/>
	</player>

	<enemy>
		<race value='Terran'/>
		<unitScore value='7550'/>
		<unitScore value='7550'/>
		<killScore value='9000'/>
		<buildingScore value='2850'/>
		<razingScore value='4950'/>
		<mineralScore value='8618'/>
		<gasScore value='3264'/>
		<totalScore value='36232'/>
	</enemy>

	<scoreRatio value='0.465721'/>
	<timeFitness value='0.162778'/>
	<unitsAverage value='27'/>
</results>
