<results>
	<result value='win'/>
	<start value='2015-05-08.12:09:44'/>
	<end value='2015-05-08.12:10:42'/>
	<frames value='30630'/>
	<gameDuration value='1914'/>

	<player>
		<unitScore value='18925'/>
		<killScore value='35000'/>
		<buildingScore value='3875'/>
		<razingScore value='9525'/>
		<mineralScore value='26506'/>
		<gasScore value='2480'/>
		<totalScore value='96311'/>
	</player>

	<enemy>
		<race value='Terran'/>
		<unitScore value='18300'/>
		<unitScore value='18300'/>
		<killScore value='16600'/>
		<buildingScore value='3275'/>
		<razingScore value='0'/>
		<mineralScore value='13998'/>
		<gasScore value='6968'/>
		<totalScore value='59141'/>
	</enemy>

	<scoreRatio value='1.6285'/>
	<timeFitness value='0.734167'/>
	<unitsAverage value='99'/>
</results>
