<results>
	<result value='win'/>
	<start value='2015-05-09.07:29:31'/>
	<end value='2015-05-09.07:29:58'/>
	<frames value='27096'/>
	<gameDuration value='1693'/>

	<player>
		<unitScore value='16825'/>
		<killScore value='20945'/>
		<buildingScore value='3825'/>
		<razingScore value='7005'/>
		<mineralScore value='23414'/>
		<gasScore value='1984'/>
		<totalScore value='73998'/>
	</player>

	<enemy>
		<race value='Zerg'/>
		<unitScore value='10025'/>
		<unitScore value='10025'/>
		<killScore value='12750'/>
		<buildingScore value='2335'/>
		<razingScore value='0'/>
		<mineralScore value='10362'/>
		<gasScore value='3560'/>
		<totalScore value='39032'/>
	</enemy>

	<scoreRatio value='1.89583'/>
	<timeFitness value='0.764861'/>
	<unitsAverage value='92'/>
</results>
