<results>
	<result value='win'/>
	<start value='2015-04-27.12:13:15'/>
	<end value='2015-04-27.12:14:02'/>
	<frames value='29421'/>
	<gameDuration value='1838'/>

	<player>
		<unitScore value='13400'/>
		<killScore value='23650'/>
		<buildingScore value='4275'/>
		<razingScore value='8325'/>
		<mineralScore value='31258'/>
		<gasScore value='2568'/>
		<totalScore value='83476'/>
	</player>

	<enemy>
		<race value='Terran'/>
		<unitScore value='11825'/>
		<unitScore value='11825'/>
		<killScore value='3500'/>
		<buildingScore value='2850'/>
		<razingScore value='1575'/>
		<mineralScore value='10970'/>
		<gasScore value='4104'/>
		<totalScore value='34824'/>
	</enemy>

	<scoreRatio value='2.39708'/>
</results>
