<results>
	<result value='loss'/>
	<start value='2015-04-16.23:38:58'/>
	<end value='2015-04-16.23:39:14'/>
	<frames value='19005'/>
	<gameDuration value='1187'/>

	<player>
		<unitScore value='3300'/>
		<killScore value='1800'/>
		<buildingScore value='1975'/>
		<razingScore value='0'/>
		<mineralScore value='5314'/>
		<gasScore value='784'/>
		<totalScore value='13173'/>
	</player>

	<enemy>
		<race value='Protoss'/>
		<unitScore value='3900'/>
		<unitScore value='3900'/>
		<killScore value='6500'/>
		<buildingScore value='5075'/>
		<razingScore value='5925'/>
		<mineralScore value='10882'/>
		<gasScore value='2024'/>
		<totalScore value='34306'/>
	</enemy>

	<scoreRatio value='0.383985'/>
</results>
