<results>
	<result value='win'/>
	<start value='2015-05-03.04:50:17'/>
	<end value='2015-05-03.04:50:27'/>
	<frames value='19253'/>
	<gameDuration value='1203'/>

	<player>
		<unitScore value='8825'/>
		<killScore value='6100'/>
		<buildingScore value='2575'/>
		<razingScore value='10275'/>
		<mineralScore value='13466'/>
		<gasScore value='1608'/>
		<totalScore value='42849'/>
	</player>

	<enemy>
		<race value='Protoss'/>
		<unitScore value='3050'/>
		<unitScore value='3050'/>
		<killScore value='5800'/>
		<buildingScore value='3425'/>
		<razingScore value='0'/>
		<mineralScore value='9986'/>
		<gasScore value='840'/>
		<totalScore value='23101'/>
	</enemy>

	<scoreRatio value='1.85485'/>
	<timeFitness value='0.832917'/>
	<unitsAverage value='61'/>
</results>
