<results>
	<result value='loss'/>
	<start value='2015-05-03.05:01:11'/>
	<end value='2015-05-03.05:01:18'/>
	<frames value='16432'/>
	<gameDuration value='1027'/>

	<player>
		<unitScore value='3600'/>
		<killScore value='1200'/>
		<buildingScore value='1925'/>
		<razingScore value='0'/>
		<mineralScore value='5762'/>
		<gasScore value='928'/>
		<totalScore value='13415'/>
	</player>

	<enemy>
		<race value='Protoss'/>
		<unitScore value='3600'/>
		<unitScore value='3600'/>
		<killScore value='7100'/>
		<buildingScore value='3925'/>
		<razingScore value='5775'/>
		<mineralScore value='8666'/>
		<gasScore value='1768'/>
		<totalScore value='30834'/>
	</enemy>

	<scoreRatio value='0.435072'/>
	<timeFitness value='0.142639'/>
	<unitsAverage value='25'/>
</results>
