<results>
	<result value='win'/>
	<start value='2015-05-02.15:15:19'/>
	<end value='2015-05-02.15:15:48'/>
	<frames value='25081'/>
	<gameDuration value='1567'/>

	<player>
		<unitScore value='16075'/>
		<killScore value='22180'/>
		<buildingScore value='4600'/>
		<razingScore value='4920'/>
		<mineralScore value='22130'/>
		<gasScore value='1448'/>
		<totalScore value='71353'/>
	</player>

	<enemy>
		<race value='Zerg'/>
		<unitScore value='9925'/>
		<unitScore value='9925'/>
		<killScore value='12400'/>
		<buildingScore value='1640'/>
		<razingScore value='0'/>
		<mineralScore value='9786'/>
		<gasScore value='3000'/>
		<totalScore value='36751'/>
	</enemy>

	<scoreRatio value='1.94153'/>
	<timeFitness value='0.782361'/>
	<unitsAverage value='89'/>
</results>
