<results>
	<result value='win'/>
	<start value='2015-05-02.15:16:55'/>
	<end value='2015-05-02.15:17:23'/>
	<frames value='27096'/>
	<gameDuration value='1693'/>

	<player>
		<unitScore value='15325'/>
		<killScore value='20750'/>
		<buildingScore value='4025'/>
		<razingScore value='5610'/>
		<mineralScore value='21698'/>
		<gasScore value='1920'/>
		<totalScore value='69328'/>
	</player>

	<enemy>
		<race value='Zerg'/>
		<unitScore value='9550'/>
		<unitScore value='9550'/>
		<killScore value='15050'/>
		<buildingScore value='1870'/>
		<razingScore value='0'/>
		<mineralScore value='9530'/>
		<gasScore value='2768'/>
		<totalScore value='38768'/>
	</enemy>

	<scoreRatio value='1.78828'/>
	<timeFitness value='0.764861'/>
	<unitsAverage value='76'/>
</results>
