<results>
	<result value='win'/>
	<start value='2015-05-02.23:13:35'/>
	<end value='2015-05-02.23:14:02'/>
	<frames value='24492'/>
	<gameDuration value='1530'/>

	<player>
		<unitScore value='14425'/>
		<killScore value='22695'/>
		<buildingScore value='3825'/>
		<razingScore value='5775'/>
		<mineralScore value='21422'/>
		<gasScore value='1584'/>
		<totalScore value='69726'/>
	</player>

	<enemy>
		<race value='Zerg'/>
		<unitScore value='10125'/>
		<unitScore value='10125'/>
		<killScore value='10950'/>
		<buildingScore value='1925'/>
		<razingScore value='0'/>
		<mineralScore value='10110'/>
		<gasScore value='3384'/>
		<totalScore value='36494'/>
	</enemy>

	<scoreRatio value='1.91062'/>
	<timeFitness value='0.7875'/>
	<unitsAverage value='85'/>
</results>
