<results>
	<result value='win'/>
	<start value='2015-05-02.23:14:53'/>
	<end value='2015-05-02.23:15:27'/>
	<frames value='26941'/>
	<gameDuration value='1683'/>

	<player>
		<unitScore value='17200'/>
		<killScore value='24080'/>
		<buildingScore value='4750'/>
		<razingScore value='5895'/>
		<mineralScore value='24354'/>
		<gasScore value='1928'/>
		<totalScore value='78207'/>
	</player>

	<enemy>
		<race value='Zerg'/>
		<unitScore value='11375'/>
		<unitScore value='11375'/>
		<killScore value='13750'/>
		<buildingScore value='1965'/>
		<razingScore value='0'/>
		<mineralScore value='11002'/>
		<gasScore value='3568'/>
		<totalScore value='41660'/>
	</enemy>

	<scoreRatio value='1.87727'/>
	<timeFitness value='0.76625'/>
	<unitsAverage value='98'/>
</results>
