<results>
	<result value='win'/>
	<start value='2015-05-02.15:21:15'/>
	<end value='2015-05-02.15:21:49'/>
	<frames value='27964'/>
	<gameDuration value='1747'/>

	<player>
		<unitScore value='13600'/>
		<killScore value='28460'/>
		<buildingScore value='3650'/>
		<razingScore value='4800'/>
		<mineralScore value='32698'/>
		<gasScore value='3112'/>
		<totalScore value='86320'/>
	</player>

	<enemy>
		<race value='Zerg'/>
		<unitScore value='12025'/>
		<unitScore value='12025'/>
		<killScore value='8400'/>
		<buildingScore value='1600'/>
		<razingScore value='0'/>
		<mineralScore value='10806'/>
		<gasScore value='3056'/>
		<totalScore value='35887'/>
	</enemy>

	<scoreRatio value='2.40533'/>
	<timeFitness value='0.757361'/>
	<unitsAverage value='99'/>
</results>
