<results>
	<result value='win'/>
	<start value='2015-05-02.15:21:51'/>
	<end value='2015-05-02.15:22:08'/>
	<frames value='18819'/>
	<gameDuration value='1176'/>

	<player>
		<unitScore value='8900'/>
		<killScore value='15960'/>
		<buildingScore value='2775'/>
		<razingScore value='4560'/>
		<mineralScore value='13162'/>
		<gasScore value='1016'/>
		<totalScore value='46373'/>
	</player>

	<enemy>
		<race value='Zerg'/>
		<unitScore value='7375'/>
		<unitScore value='7375'/>
		<killScore value='4350'/>
		<buildingScore value='1520'/>
		<razingScore value='0'/>
		<mineralScore value='7266'/>
		<gasScore value='2040'/>
		<totalScore value='22551'/>
	</enemy>

	<scoreRatio value='2.05636'/>
	<timeFitness value='0.836667'/>
	<unitsAverage value='63'/>
</results>
