<results>
	<result value='win'/>
	<start value='2015-05-02.23:19:32'/>
	<end value='2015-05-02.23:20:02'/>
	<frames value='26476'/>
	<gameDuration value='1654'/>

	<player>
		<unitScore value='17025'/>
		<killScore value='22795'/>
		<buildingScore value='3800'/>
		<razingScore value='4860'/>
		<mineralScore value='24990'/>
		<gasScore value='1568'/>
		<totalScore value='75038'/>
	</player>

	<enemy>
		<race value='Zerg'/>
		<unitScore value='10225'/>
		<unitScore value='10225'/>
		<killScore value='14850'/>
		<buildingScore value='1620'/>
		<razingScore value='0'/>
		<mineralScore value='9442'/>
		<gasScore value='2832'/>
		<totalScore value='38969'/>
	</enemy>

	<scoreRatio value='1.92558'/>
	<timeFitness value='0.770278'/>
	<unitsAverage value='90'/>
</results>
