<results>
	<result value='win'/>
	<start value='2015-05-02.23:20:05'/>
	<end value='2015-05-02.23:20:33'/>
	<frames value='25794'/>
	<gameDuration value='1612'/>

	<player>
		<unitScore value='17625'/>
		<killScore value='26055'/>
		<buildingScore value='3575'/>
		<razingScore value='6255'/>
		<mineralScore value='23054'/>
		<gasScore value='1800'/>
		<totalScore value='78364'/>
	</player>

	<enemy>
		<race value='Zerg'/>
		<unitScore value='11850'/>
		<unitScore value='11850'/>
		<killScore value='17850'/>
		<buildingScore value='2085'/>
		<razingScore value='0'/>
		<mineralScore value='12458'/>
		<gasScore value='3824'/>
		<totalScore value='48067'/>
	</enemy>

	<scoreRatio value='1.63031'/>
	<timeFitness value='0.776111'/>
	<unitsAverage value='87'/>
</results>
