<results>
	<result value='win'/>
	<start value='2015-05-02.23:20:37'/>
	<end value='2015-05-02.23:20:58'/>
	<frames value='22291'/>
	<gameDuration value='1393'/>

	<player>
		<unitScore value='13775'/>
		<killScore value='18080'/>
		<buildingScore value='2850'/>
		<razingScore value='4680'/>
		<mineralScore value='17566'/>
		<gasScore value='2032'/>
		<totalScore value='58983'/>
	</player>

	<enemy>
		<race value='Zerg'/>
		<unitScore value='9050'/>
		<unitScore value='9050'/>
		<killScore value='14300'/>
		<buildingScore value='1560'/>
		<razingScore value='0'/>
		<mineralScore value='8738'/>
		<gasScore value='2456'/>
		<totalScore value='36104'/>
	</enemy>

	<scoreRatio value='1.6337'/>
	<timeFitness value='0.806528'/>
	<unitsAverage value='70'/>
</results>
