<results>
	<result value='win'/>
	<start value='2015-05-02.15:25:26'/>
	<end value='2015-05-02.15:25:47'/>
	<frames value='22012'/>
	<gameDuration value='1375'/>

	<player>
		<unitScore value='11675'/>
		<killScore value='17370'/>
		<buildingScore value='3025'/>
		<razingScore value='5460'/>
		<mineralScore value='17722'/>
		<gasScore value='1152'/>
		<totalScore value='56404'/>
	</player>

	<enemy>
		<race value='Zerg'/>
		<unitScore value='8350'/>
		<unitScore value='8350'/>
		<killScore value='9050'/>
		<buildingScore value='1820'/>
		<razingScore value='0'/>
		<mineralScore value='8530'/>
		<gasScore value='2312'/>
		<totalScore value='30062'/>
	</enemy>

	<scoreRatio value='1.87626'/>
	<timeFitness value='0.809028'/>
	<unitsAverage value='70'/>
</results>
