<results>
	<result value='loss'/>
	<start value='2015-04-28.20:20:56'/>
	<end value='2015-04-28.20:21:33'/>
	<frames value='47835'/>
	<gameDuration value='2989'/>

	<player>
		<unitScore value='22525'/>
		<killScore value='32750'/>
		<buildingScore value='2875'/>
		<razingScore value='4500'/>
		<mineralScore value='24130'/>
		<gasScore value='3536'/>
		<totalScore value='90316'/>
	</player>

	<enemy>
		<race value='Protoss'/>
		<unitScore value='32250'/>
		<unitScore value='32250'/>
		<killScore value='45050'/>
		<buildingScore value='8725'/>
		<razingScore value='8625'/>
		<mineralScore value='31946'/>
		<gasScore value='9980'/>
		<totalScore value='136576'/>
	</enemy>

	<scoreRatio value='0.661287'/>
	<timeFitness value='0.415139'/>
	<unitsAverage value='89'/>
</results>
