<results>
	<result value='loss'/>
	<start value='2015-04-28.20:25:23'/>
	<end value='2015-04-28.20:25:31'/>
	<frames value='18943'/>
	<gameDuration value='1183'/>

	<player>
		<unitScore value='4825'/>
		<killScore value='1800'/>
		<buildingScore value='2025'/>
		<razingScore value='0'/>
		<mineralScore value='6618'/>
		<gasScore value='816'/>
		<totalScore value='16084'/>
	</player>

	<enemy>
		<race value='Protoss'/>
		<unitScore value='4375'/>
		<unitScore value='4375'/>
		<killScore value='9650'/>
		<buildingScore value='4275'/>
		<razingScore value='6075'/>
		<mineralScore value='9842'/>
		<gasScore value='2416'/>
		<totalScore value='36633'/>
	</enemy>

	<scoreRatio value='0.439058'/>
	<timeFitness value='0.164306'/>
	<unitsAverage value='30'/>
</results>
