<results>
	<result value='win'/>
	<start value='2015-04-28.20:28:21'/>
	<end value='2015-04-28.20:29:27'/>
	<frames value='57073'/>
	<gameDuration value='3567'/>

	<player>
		<unitScore value='36750'/>
		<killScore value='56750'/>
		<buildingScore value='3875'/>
		<razingScore value='23025'/>
		<mineralScore value='37526'/>
		<gasScore value='6480'/>
		<totalScore value='164406'/>
	</player>

	<enemy>
		<race value='Protoss'/>
		<unitScore value='31875'/>
		<unitScore value='31875'/>
		<killScore value='49100'/>
		<buildingScore value='7675'/>
		<razingScore value='150'/>
		<mineralScore value='25390'/>
		<gasScore value='11100'/>
		<totalScore value='125290'/>
	</enemy>

	<scoreRatio value='1.3122'/>
	<timeFitness value='0.504583'/>
	<unitsAverage value='143'/>
</results>
