<results>
	<result value='win'/>
	<start value='2015-05-04.10:52:12'/>
	<end value='2015-05-04.10:52:48'/>
	<frames value='33916'/>
	<gameDuration value='2119'/>

	<player>
		<unitScore value='16475'/>
		<killScore value='29050'/>
		<buildingScore value='5500'/>
		<razingScore value='8400'/>
		<mineralScore value='31722'/>
		<gasScore value='2824'/>
		<totalScore value='93971'/>
	</player>

	<enemy>
		<race value='Terran'/>
		<unitScore value='14525'/>
		<unitScore value='14525'/>
		<killScore value='15200'/>
		<buildingScore value='2800'/>
		<razingScore value='2850'/>
		<mineralScore value='12474'/>
		<gasScore value='5004'/>
		<totalScore value='52853'/>
	</enemy>

	<scoreRatio value='1.77797'/>
	<timeFitness value='0.705694'/>
	<unitsAverage value='91'/>
</results>
