<results>
	<result value='loss'/>
	<start value='2015-05-04.10:55:05'/>
	<end value='2015-05-04.10:55:13'/>
	<frames value='16897'/>
	<gameDuration value='1056'/>

	<player>
		<unitScore value='3750'/>
		<killScore value='800'/>
		<buildingScore value='1400'/>
		<razingScore value='0'/>
		<mineralScore value='5170'/>
		<gasScore value='688'/>
		<totalScore value='11808'/>
	</player>

	<enemy>
		<race value='Terran'/>
		<unitScore value='5825'/>
		<unitScore value='5825'/>
		<killScore value='7500'/>
		<buildingScore value='2175'/>
		<razingScore value='4200'/>
		<mineralScore value='7730'/>
		<gasScore value='2616'/>
		<totalScore value='30046'/>
	</enemy>

	<scoreRatio value='0.392997'/>
	<timeFitness value='0.146667'/>
	<unitsAverage value='23'/>
</results>
