<results>
	<result value='loss'/>
	<start value='2015-05-09.18:52:20'/>
	<end value='2015-05-09.18:52:49'/>
	<frames value='34970'/>
	<gameDuration value='2185'/>

	<player>
		<unitScore value='11100'/>
		<killScore value='6300'/>
		<buildingScore value='2950'/>
		<razingScore value='0'/>
		<mineralScore value='13930'/>
		<gasScore value='2208'/>
		<totalScore value='36488'/>
	</player>

	<enemy>
		<race value='Protoss'/>
		<unitScore value='20350'/>
		<unitScore value='20350'/>
		<killScore value='22300'/>
		<buildingScore value='7625'/>
		<razingScore value='8850'/>
		<mineralScore value='23558'/>
		<gasScore value='8666'/>
		<totalScore value='91349'/>
	</enemy>

	<scoreRatio value='0.399435'/>
	<timeFitness value='0.303472'/>
	<unitsAverage value='36'/>
</results>
