<results>
	<result value='loss'/>
	<start value='2015-05-04.06:00:24'/>
	<end value='2015-05-04.06:00:42'/>
	<frames value='20245'/>
	<gameDuration value='1265'/>

	<player>
		<unitScore value='4150'/>
		<killScore value='2300'/>
		<buildingScore value='2175'/>
		<razingScore value='0'/>
		<mineralScore value='6722'/>
		<gasScore value='760'/>
		<totalScore value='16107'/>
	</player>

	<enemy>
		<race value='Terran'/>
		<unitScore value='8150'/>
		<unitScore value='8150'/>
		<killScore value='8300'/>
		<buildingScore value='3050'/>
		<razingScore value='6525'/>
		<mineralScore value='9554'/>
		<gasScore value='3824'/>
		<totalScore value='39403'/>
	</enemy>

	<scoreRatio value='0.408776'/>
	<timeFitness value='0.175694'/>
	<unitsAverage value='28'/>
</results>
