<results>
	<result value='win'/>
	<start value='2015-05-04.06:02:15'/>
	<end value='2015-05-04.06:02:35'/>
	<frames value='17765'/>
	<gameDuration value='1110'/>

	<player>
		<unitScore value='6400'/>
		<killScore value='10800'/>
		<buildingScore value='2175'/>
		<razingScore value='4350'/>
		<mineralScore value='10618'/>
		<gasScore value='1624'/>
		<totalScore value='35967'/>
	</player>

	<enemy>
		<race value='Terran'/>
		<unitScore value='5400'/>
		<unitScore value='5400'/>
		<killScore value='2400'/>
		<buildingScore value='1450'/>
		<razingScore value='150'/>
		<mineralScore value='8162'/>
		<gasScore value='1920'/>
		<totalScore value='19482'/>
	</enemy>

	<scoreRatio value='1.84617'/>
	<timeFitness value='0.845833'/>
	<unitsAverage value='50'/>
</results>
