<results>
	<result value='win'/>
	<start value='2015-05-04.06:03:10'/>
	<end value='2015-05-04.06:03:44'/>
	<frames value='25267'/>
	<gameDuration value='1579'/>

	<player>
		<unitScore value='12800'/>
		<killScore value='17650'/>
		<buildingScore value='3925'/>
		<razingScore value='8550'/>
		<mineralScore value='17854'/>
		<gasScore value='1672'/>
		<totalScore value='62451'/>
	</player>

	<enemy>
		<race value='Terran'/>
		<unitScore value='8825'/>
		<unitScore value='8825'/>
		<killScore value='8250'/>
		<buildingScore value='2850'/>
		<razingScore value='1575'/>
		<mineralScore value='8874'/>
		<gasScore value='3440'/>
		<totalScore value='33814'/>
	</enemy>

	<scoreRatio value='1.8469'/>
	<timeFitness value='0.780694'/>
	<unitsAverage value='74'/>
</results>
