<results>
	<result value='win'/>
	<start value='2015-05-04.06:10:01'/>
	<end value='2015-05-04.06:10:28'/>
	<frames value='21547'/>
	<gameDuration value='1346'/>

	<player>
		<unitScore value='8800'/>
		<killScore value='14050'/>
		<buildingScore value='3175'/>
		<razingScore value='6600'/>
		<mineralScore value='13310'/>
		<gasScore value='1248'/>
		<totalScore value='47183'/>
	</player>

	<enemy>
		<race value='Terran'/>
		<unitScore value='7025'/>
		<unitScore value='7025'/>
		<killScore value='4300'/>
		<buildingScore value='2200'/>
		<razingScore value='375'/>
		<mineralScore value='8154'/>
		<gasScore value='2608'/>
		<totalScore value='24662'/>
	</enemy>

	<scoreRatio value='1.91319'/>
	<timeFitness value='0.813056'/>
	<unitsAverage value='60'/>
</results>
