<results>
	<result value='loss'/>
	<start value='2015-07-17.13:12:54'/>
	<end value='2015-07-17.13:13:20'/>
	<frames value='23779'/>
	<gameDuration value='1486'/>

	<player>
		<unitScore value='8575'/>
		<killScore value='2600'/>
		<buildingScore value='3300'/>
		<razingScore value='0'/>
		<mineralScore value='10954'/>
		<gasScore value='1200'/>
		<totalScore value='26629'/>
	</player>

	<enemy>
		<race value='Terran'/>
		<unitScore value='7700'/>
		<killScore value='14400'/>
		<buildingScore value='2900'/>
		<razingScore value='9900'/>
		<mineralScore value='11374'/>
		<gasScore value='3832'/>
		<totalScore value='50106'/>
	</enemy>

	<scoreRatio value='0.531453'/>
	<timeFitness value='0.206389'/>
	<unitsAverage value='43'/>
</results>
