<results>
	<result value='loss'/>
	<start value='2015-04-30.06:09:25'/>
	<end value='2015-04-30.06:09:29'/>
	<frames value='7163'/>
	<gameDuration value='447'/>

	<player>
		<unitScore value='850'/>
		<killScore value='100'/>
		<buildingScore value='675'/>
		<razingScore value='0'/>
		<mineralScore value='1226'/>
		<gasScore value='32'/>
		<totalScore value='2883'/>
	</player>

	<enemy>
		<race value='Zerg'/>
		<unitScore value='1200'/>
		<unitScore value='1200'/>
		<killScore value='1600'/>
		<buildingScore value='440'/>
		<razingScore value='2025'/>
		<mineralScore value='1906'/>
		<gasScore value='0'/>
		<totalScore value='7171'/>
	</enemy>

	<scoreRatio value='0.402036'/>
</results>
