<results>
	<result value='win'/>
	<start value='2015-05-11.04:24:01'/>
	<end value='2015-05-11.04:24:36'/>
	<frames value='27623'/>
	<gameDuration value='1726'/>

	<player>
		<unitScore value='16300'/>
		<killScore value='21970'/>
		<buildingScore value='4325'/>
		<razingScore value='5040'/>
		<mineralScore value='28838'/>
		<gasScore value='2096'/>
		<totalScore value='78569'/>
	</player>

	<enemy>
		<race value='Zerg'/>
		<unitScore value='10350'/>
		<unitScore value='10350'/>
		<killScore value='10550'/>
		<buildingScore value='1680'/>
		<razingScore value='0'/>
		<mineralScore value='10290'/>
		<gasScore value='3304'/>
		<totalScore value='36174'/>
	</enemy>

	<scoreRatio value='2.17197'/>
	<timeFitness value='0.760278'/>
	<unitsAverage value='106'/>
</results>
