<results>
	<result value='win'/>
	<start value='2015-05-11.04:33:29'/>
	<end value='2015-05-11.04:33:56'/>
	<frames value='24523'/>
	<gameDuration value='1532'/>

	<player>
		<unitScore value='13225'/>
		<killScore value='18580'/>
		<buildingScore value='4025'/>
		<razingScore value='5160'/>
		<mineralScore value='22390'/>
		<gasScore value='2120'/>
		<totalScore value='65500'/>
	</player>

	<enemy>
		<race value='Zerg'/>
		<unitScore value='9050'/>
		<unitScore value='9050'/>
		<killScore value='9700'/>
		<buildingScore value='1720'/>
		<razingScore value='0'/>
		<mineralScore value='9738'/>
		<gasScore value='2928'/>
		<totalScore value='33136'/>
	</enemy>

	<scoreRatio value='1.9767'/>
	<timeFitness value='0.787222'/>
	<unitsAverage value='90'/>
</results>
