<results>
	<result value='loss'/>
	<start value='2014-07-01.13:36:37'/>
	<end value='2014-07-01.13:36:43'/>
	<frames value='15099'/>
	<gameDuration value='943'/>

	<player>
		<unitScore value='2650'/>
		<killScore value='1600'/>
		<buildingScore value='1500'/>
		<razingScore value='0'/>
		<mineralScore value='4170'/>
		<gasScore value='728'/>
		<totalScore value='10648'/>
	</player>

	<enemy>
		<race value='Protoss'/>
		<unitScore value='3550'/>
		<unitScore value='3550'/>
		<killScore value='5300'/>
		<buildingScore value='2625'/>
		<razingScore value='4500'/>
		<mineralScore value='7890'/>
		<gasScore value='1200'/>
		<totalScore value='25065'/>
	</enemy>

	<scoreRatio value='0.424815'/>
</results>
