<results>
	<result value='win'/>
	<start value='2014-07-01.13:39:16'/>
	<end value='2014-07-01.13:39:38'/>
	<frames value='28274'/>
	<gameDuration value='1767'/>

	<player>
		<unitScore value='15050'/>
		<killScore value='15700'/>
		<buildingScore value='3800'/>
		<razingScore value='15075'/>
		<mineralScore value='20834'/>
		<gasScore value='2992'/>
		<totalScore value='73451'/>
	</player>

	<enemy>
		<race value='Protoss'/>
		<unitScore value='7850'/>
		<unitScore value='7850'/>
		<killScore value='12950'/>
		<buildingScore value='5025'/>
		<razingScore value='150'/>
		<mineralScore value='13626'/>
		<gasScore value='2720'/>
		<totalScore value='42321'/>
	</enemy>

	<scoreRatio value='1.73557'/>
</results>
