<results>
	<result value='loss'/>
	<start value='2015-07-20.23:11:43'/>
	<end value='2015-07-20.23:12:46'/>
	<frames value='22911'/>
	<gameDuration value='1431'/>

	<player>
		<unitScore value='12650'/>
		<killScore value='4150'/>
		<buildingScore value='2775'/>
		<razingScore value='0'/>
		<mineralScore value='19254'/>
		<gasScore value='2384'/>
		<totalScore value='41213'/>
	</player>

	<enemy>
		<race value='Zerg'/>
		<unitScore value='8550'/>
		<killScore value='24700'/>
		<buildingScore value='2840'/>
		<razingScore value='8325'/>
		<mineralScore value='11330'/>
		<gasScore value='3504'/>
		<totalScore value='59249'/>
	</enemy>

	<scoreRatio value='0.69559'/>
	<timeFitness value='0.19875'/>
	<unitsAverage value='55'/>
</results>
