<results>
	<result value='loss'/>
	<start value='2015-07-11.19:06:28'/>
	<end value='2015-07-11.19:06:45'/>
	<frames value='20989'/>
	<gameDuration value='1311'/>

	<player>
		<unitScore value='9025'/>
		<killScore value='3150'/>
		<buildingScore value='1850'/>
		<razingScore value='0'/>
		<mineralScore value='9130'/>
		<gasScore value='1384'/>
		<totalScore value='24539'/>
	</player>

	<enemy>
		<race value='Terran'/>
		<unitScore value='8300'/>
		<killScore value='18050'/>
		<buildingScore value='2925'/>
		<razingScore value='5550'/>
		<mineralScore value='9986'/>
		<gasScore value='3872'/>
		<totalScore value='48683'/>
	</enemy>

	<scoreRatio value='0.504057'/>
	<timeFitness value='0.182083'/>
	<unitsAverage value='35'/>
</results>
