<results>
	<result value='win'/>
	<start value='2015-04-29.15:02:09'/>
	<end value='2015-04-29.15:02:32'/>
	<frames value='25143'/>
	<gameDuration value='1571'/>

	<player>
		<unitScore value='14375'/>
		<killScore value='23880'/>
		<buildingScore value='3575'/>
		<razingScore value='4875'/>
		<mineralScore value='20706'/>
		<gasScore value='1608'/>
		<totalScore value='69019'/>
	</player>

	<enemy>
		<race value='Zerg'/>
		<unitScore value='11025'/>
		<unitScore value='11025'/>
		<killScore value='11650'/>
		<buildingScore value='1625'/>
		<razingScore value='0'/>
		<mineralScore value='9890'/>
		<gasScore value='3176'/>
		<totalScore value='37366'/>
	</enemy>

	<scoreRatio value='1.84711'/>
</results>
