<results>
	<result value='win'/>
	<start value='2015-04-29.15:09:55'/>
	<end value='2015-04-29.15:10:14'/>
	<frames value='22353'/>
	<gameDuration value='1397'/>

	<player>
		<unitScore value='12450'/>
		<killScore value='17060'/>
		<buildingScore value='3225'/>
		<razingScore value='4755'/>
		<mineralScore value='18434'/>
		<gasScore value='1304'/>
		<totalScore value='57228'/>
	</player>

	<enemy>
		<race value='Zerg'/>
		<unitScore value='8225'/>
		<unitScore value='8225'/>
		<killScore value='8950'/>
		<buildingScore value='1585'/>
		<razingScore value='0'/>
		<mineralScore value='8818'/>
		<gasScore value='2672'/>
		<totalScore value='30250'/>
	</enemy>

	<scoreRatio value='1.89183'/>
</results>
