<results>
	<result value='win'/>
	<start value='2015-05-06.15:14:41'/>
	<end value='2015-05-06.15:15:26'/>
	<frames value='30754'/>
	<gameDuration value='1922'/>

	<player>
		<unitScore value='25950'/>
		<killScore value='28855'/>
		<buildingScore value='3825'/>
		<razingScore value='5535'/>
		<mineralScore value='29978'/>
		<gasScore value='800'/>
		<totalScore value='94943'/>
	</player>

	<enemy>
		<race value='Zerg'/>
		<unitScore value='13275'/>
		<unitScore value='13275'/>
		<killScore value='34650'/>
		<buildingScore value='1845'/>
		<razingScore value='0'/>
		<mineralScore value='11538'/>
		<gasScore value='4024'/>
		<totalScore value='65332'/>
	</enemy>

	<scoreRatio value='1.45324'/>
	<timeFitness value='0.733056'/>
	<unitsAverage value='96'/>
</results>
