<results>
	<result value='win'/>
	<start value='2015-05-07.00:28:35'/>
	<end value='2015-05-07.00:29:12'/>
	<frames value='27468'/>
	<gameDuration value='1716'/>

	<player>
		<unitScore value='20525'/>
		<killScore value='20180'/>
		<buildingScore value='4750'/>
		<razingScore value='5775'/>
		<mineralScore value='27578'/>
		<gasScore value='1616'/>
		<totalScore value='80424'/>
	</player>

	<enemy>
		<race value='Zerg'/>
		<unitScore value='10125'/>
		<unitScore value='10125'/>
		<killScore value='18400'/>
		<buildingScore value='1925'/>
		<razingScore value='0'/>
		<mineralScore value='9386'/>
		<gasScore value='2920'/>
		<totalScore value='42756'/>
	</enemy>

	<scoreRatio value='1.881'/>
	<timeFitness value='0.761667'/>
	<unitsAverage value='103'/>
</results>
