<results>
	<result value='win'/>
	<start value='2015-05-07.00:30:35'/>
	<end value='2015-05-07.00:31:23'/>
	<frames value='30010'/>
	<gameDuration value='1875'/>

	<player>
		<unitScore value='22125'/>
		<killScore value='26390'/>
		<buildingScore value='4300'/>
		<razingScore value='6150'/>
		<mineralScore value='30806'/>
		<gasScore value='2400'/>
		<totalScore value='92171'/>
	</player>

	<enemy>
		<race value='Zerg'/>
		<unitScore value='11975'/>
		<unitScore value='11975'/>
		<killScore value='22200'/>
		<buildingScore value='2050'/>
		<razingScore value='0'/>
		<mineralScore value='11210'/>
		<gasScore value='3344'/>
		<totalScore value='50779'/>
	</enemy>

	<scoreRatio value='1.81514'/>
	<timeFitness value='0.739583'/>
	<unitsAverage value='105'/>
</results>
