<results>
	<result value='win'/>
	<start value='2015-05-07.00:38:02'/>
	<end value='2015-05-07.00:38:32'/>
	<frames value='22942'/>
	<gameDuration value='1433'/>

	<player>
		<unitScore value='13475'/>
		<killScore value='18760'/>
		<buildingScore value='3825'/>
		<razingScore value='5700'/>
		<mineralScore value='18450'/>
		<gasScore value='1496'/>
		<totalScore value='61706'/>
	</player>

	<enemy>
		<race value='Zerg'/>
		<unitScore value='9250'/>
		<unitScore value='9250'/>
		<killScore value='9350'/>
		<buildingScore value='1900'/>
		<razingScore value='0'/>
		<mineralScore value='9202'/>
		<gasScore value='2952'/>
		<totalScore value='32654'/>
	</enemy>

	<scoreRatio value='1.88969'/>
	<timeFitness value='0.800972'/>
	<unitsAverage value='78'/>
</results>
