<results>
	<result value='win'/>
	<start value='2015-05-07.00:38:36'/>
	<end value='2015-05-07.00:39:01'/>
	<frames value='22818'/>
	<gameDuration value='1426'/>

	<player>
		<unitScore value='11450'/>
		<killScore value='18150'/>
		<buildingScore value='2850'/>
		<razingScore value='3660'/>
		<mineralScore value='15142'/>
		<gasScore value='1880'/>
		<totalScore value='53132'/>
	</player>

	<enemy>
		<race value='Zerg'/>
		<unitScore value='8375'/>
		<unitScore value='8375'/>
		<killScore value='8300'/>
		<buildingScore value='1220'/>
		<razingScore value='0'/>
		<mineralScore value='7826'/>
		<gasScore value='1944'/>
		<totalScore value='27665'/>
	</enemy>

	<scoreRatio value='1.92055'/>
	<timeFitness value='0.801944'/>
	<unitsAverage value='62'/>
</results>
