<results>
	<result value='win'/>
	<start value='2015-05-07.00:41:32'/>
	<end value='2015-05-07.00:41:59'/>
	<frames value='23159'/>
	<gameDuration value='1447'/>

	<player>
		<unitScore value='15450'/>
		<killScore value='24080'/>
		<buildingScore value='2425'/>
		<razingScore value='4560'/>
		<mineralScore value='17302'/>
		<gasScore value='2024'/>
		<totalScore value='65841'/>
	</player>

	<enemy>
		<race value='Zerg'/>
		<unitScore value='10800'/>
		<unitScore value='10800'/>
		<killScore value='15750'/>
		<buildingScore value='1520'/>
		<razingScore value='0'/>
		<mineralScore value='9402'/>
		<gasScore value='2624'/>
		<totalScore value='40096'/>
	</enemy>

	<scoreRatio value='1.64208'/>
	<timeFitness value='0.799028'/>
	<unitsAverage value='73'/>
</results>
