<results>
	<result value='win'/>
	<start value='2015-04-09.04:10:34'/>
	<end value='2015-04-09.04:11:12'/>
	<frames value='33575'/>
	<gameDuration value='2098'/>

	<player>
		<unitScore value='23275'/>
		<killScore value='22200'/>
		<buildingScore value='3725'/>
		<razingScore value='21675'/>
		<mineralScore value='28610'/>
		<gasScore value='3936'/>
		<totalScore value='103421'/>
	</player>

	<enemy>
		<race value='Protoss'/>
		<unitScore value='11550'/>
		<unitScore value='11550'/>
		<killScore value='22150'/>
		<buildingScore value='7225'/>
		<razingScore value='450'/>
		<mineralScore value='16930'/>
		<gasScore value='5208'/>
		<totalScore value='63513'/>
	</enemy>

	<scoreRatio value='1.62834'/>
</results>
