<results>
	<result value='win'/>
	<start value='2015-04-09.04:11:15'/>
	<end value='2015-04-09.04:12:08'/>
	<frames value='38628'/>
	<gameDuration value='2414'/>

	<player>
		<unitScore value='34125'/>
		<killScore value='35050'/>
		<buildingScore value='4625'/>
		<razingScore value='20175'/>
		<mineralScore value='37202'/>
		<gasScore value='4320'/>
		<totalScore value='135497'/>
	</player>

	<enemy>
		<race value='Protoss'/>
		<unitScore value='17875'/>
		<unitScore value='17875'/>
		<killScore value='44900'/>
		<buildingScore value='6725'/>
		<razingScore value='150'/>
		<mineralScore value='20970'/>
		<gasScore value='5936'/>
		<totalScore value='96556'/>
	</enemy>

	<scoreRatio value='1.4033'/>
</results>
