<results>
	<result value='loss'/>
	<start value='2015-03-31.13:29:29'/>
	<end value='2015-03-31.13:29:38'/>
	<frames value='16711'/>
	<gameDuration value='1044'/>

	<player>
		<unitScore value='3600'/>
		<killScore value='2200'/>
		<buildingScore value='1925'/>
		<razingScore value='0'/>
		<mineralScore value='5442'/>
		<gasScore value='1056'/>
		<totalScore value='14223'/>
	</player>

	<enemy>
		<race value='Protoss'/>
		<unitScore value='3600'/>
		<unitScore value='3600'/>
		<killScore value='7200'/>
		<buildingScore value='3725'/>
		<razingScore value='5775'/>
		<mineralScore value='8450'/>
		<gasScore value='1872'/>
		<totalScore value='30622'/>
	</enemy>

	<scoreRatio value='0.46447'/>
</results>
