<results>
	<result value='loss'/>
	<start value='2015-07-19.08:07:52'/>
	<end value='2015-07-19.08:08:20'/>
	<frames value='25608'/>
	<gameDuration value='1600'/>

	<player>
		<unitScore value='13650'/>
		<killScore value='7500'/>
		<buildingScore value='2925'/>
		<razingScore value='0'/>
		<mineralScore value='25082'/>
		<gasScore value='2328'/>
		<totalScore value='51485'/>
	</player>

	<enemy>
		<race value='Zerg'/>
		<unitScore value='12225'/>
		<killScore value='27200'/>
		<buildingScore value='3005'/>
		<razingScore value='8775'/>
		<mineralScore value='13966'/>
		<gasScore value='3888'/>
		<totalScore value='69059'/>
	</enemy>

	<scoreRatio value='0.745522'/>
	<timeFitness value='0.222222'/>
	<unitsAverage value='64'/>
</results>
