<results>
	<result value='loss'/>
	<start value='2015-07-19.08:11:14'/>
	<end value='2015-07-19.08:11:33'/>
	<frames value='24647'/>
	<gameDuration value='1540'/>

	<player>
		<unitScore value='5300'/>
		<killScore value='2850'/>
		<buildingScore value='2300'/>
		<razingScore value='0'/>
		<mineralScore value='14862'/>
		<gasScore value='24'/>
		<totalScore value='25336'/>
	</player>

	<enemy>
		<race value='Zerg'/>
		<unitScore value='8800'/>
		<killScore value='10600'/>
		<buildingScore value='2615'/>
		<razingScore value='6900'/>
		<mineralScore value='10138'/>
		<gasScore value='3488'/>
		<totalScore value='42541'/>
	</enemy>

	<scoreRatio value='0.595567'/>
	<timeFitness value='0.213889'/>
	<unitsAverage value='37'/>
</results>
