<results>
	<result value='win'/>
	<start value='2015-04-08.03:35:40'/>
	<end value='2015-04-08.03:36:01'/>
	<frames value='23562'/>
	<gameDuration value='1472'/>

	<player>
		<unitScore value='12300'/>
		<killScore value='12200'/>
		<buildingScore value='2625'/>
		<razingScore value='10425'/>
		<mineralScore value='18606'/>
		<gasScore value='2176'/>
		<totalScore value='58332'/>
	</player>

	<enemy>
		<race value='Protoss'/>
		<unitScore value='6100'/>
		<unitScore value='6100'/>
		<killScore value='6300'/>
		<buildingScore value='3475'/>
		<razingScore value='450'/>
		<mineralScore value='10530'/>
		<gasScore value='2624'/>
		<totalScore value='29479'/>
	</enemy>

	<scoreRatio value='1.97876'/>
</results>
