<results>
	<result value='loss'/>
	<start value='2015-05-08.16:34:58'/>
	<end value='2015-05-08.16:35:24'/>
	<frames value='57445'/>
	<gameDuration value='3590'/>

	<player>
		<unitScore value='4625'/>
		<killScore value='12500'/>
		<buildingScore value='2075'/>
		<razingScore value='7200'/>
		<mineralScore value='6778'/>
		<gasScore value='1072'/>
		<totalScore value='34250'/>
	</player>

	<enemy>
		<race value='Terran'/>
		<unitScore value='7200'/>
		<unitScore value='7200'/>
		<killScore value='8900'/>
		<buildingScore value='4225'/>
		<razingScore value='6225'/>
		<mineralScore value='17538'/>
		<gasScore value='9392'/>
		<totalScore value='53480'/>
	</enemy>

	<scoreRatio value='0.640426'/>
	<timeFitness value='0.498611'/>
	<unitsAverage value='14'/>
</results>
