<results>
	<result value='win'/>
	<start value='2015-05-08.16:37:31'/>
	<end value='2015-05-08.16:37:50'/>
	<frames value='27685'/>
	<gameDuration value='1730'/>

	<player>
		<unitScore value='12175'/>
		<killScore value='17800'/>
		<buildingScore value='3300'/>
		<razingScore value='7200'/>
		<mineralScore value='17442'/>
		<gasScore value='2504'/>
		<totalScore value='60421'/>
	</player>

	<enemy>
		<race value='Terran'/>
		<unitScore value='9900'/>
		<unitScore value='9900'/>
		<killScore value='13750'/>
		<buildingScore value='2400'/>
		<razingScore value='2475'/>
		<mineralScore value='10002'/>
		<gasScore value='3216'/>
		<totalScore value='41743'/>
	</enemy>

	<scoreRatio value='1.44745'/>
	<timeFitness value='0.759722'/>
	<unitsAverage value='57'/>
</results>
