<results>
	<result value='win'/>
	<start value='2015-05-03.18:47:40'/>
	<end value='2015-05-03.18:47:53'/>
	<frames value='22570'/>
	<gameDuration value='1410'/>

	<player>
		<unitScore value='8600'/>
		<killScore value='15200'/>
		<buildingScore value='3700'/>
		<razingScore value='5250'/>
		<mineralScore value='14030'/>
		<gasScore value='1888'/>
		<totalScore value='48668'/>
	</player>

	<enemy>
		<race value='Terran'/>
		<unitScore value='7600'/>
		<unitScore value='7600'/>
		<killScore value='6500'/>
		<buildingScore value='1750'/>
		<razingScore value='3075'/>
		<mineralScore value='8778'/>
		<gasScore value='2792'/>
		<totalScore value='30495'/>
	</enemy>

	<scoreRatio value='1.59593'/>
	<timeFitness value='0.804167'/>
	<unitsAverage value='50'/>
</results>
