<results>
	<result value='win'/>
	<start value='2015-05-08.18:48:52'/>
	<end value='2015-05-08.18:49:29'/>
	<frames value='25267'/>
	<gameDuration value='1579'/>

	<player>
		<unitScore value='11625'/>
		<killScore value='23250'/>
		<buildingScore value='4000'/>
		<razingScore value='8775'/>
		<mineralScore value='17618'/>
		<gasScore value='1640'/>
		<totalScore value='66908'/>
	</player>

	<enemy>
		<race value='Terran'/>
		<unitScore value='11625'/>
		<unitScore value='11625'/>
		<killScore value='7100'/>
		<buildingScore value='3000'/>
		<razingScore value='1350'/>
		<mineralScore value='10490'/>
		<gasScore value='4248'/>
		<totalScore value='37813'/>
	</enemy>

	<scoreRatio value='1.76944'/>
	<timeFitness value='0.780694'/>
	<unitsAverage value='71'/>
</results>
