<results>
	<result value='loss'/>
	<start value='2014-07-23.02:08:44'/>
	<end value='2014-07-23.02:09:28'/>
	<frames value='50222'/>
	<gameDuration value='3138'/>

	<player>
		<unitScore value='17025'/>
		<killScore value='33900'/>
		<buildingScore value='2725'/>
		<razingScore value='1950'/>
		<mineralScore value='19838'/>
		<gasScore value='4632'/>
		<totalScore value='80070'/>
	</player>

	<enemy>
		<race value='Protoss'/>
		<unitScore value='32100'/>
		<unitScore value='32100'/>
		<killScore value='34050'/>
		<buildingScore value='7875'/>
		<razingScore value='8175'/>
		<mineralScore value='34978'/>
		<gasScore value='10906'/>
		<totalScore value='128084'/>
	</enemy>

	<scoreRatio value='0.625137'/>
</results>
