<results>
	<result value='loss'/>
	<start value='2015-05-04.05:45:34'/>
	<end value='2015-05-04.05:45:47'/>
	<frames value='28026'/>
	<gameDuration value='1751'/>

	<player>
		<unitScore value='5650'/>
		<killScore value='2700'/>
		<buildingScore value='1475'/>
		<razingScore value='0'/>
		<mineralScore value='8882'/>
		<gasScore value='808'/>
		<totalScore value='19515'/>
	</player>

	<enemy>
		<race value='Protoss'/>
		<unitScore value='12125'/>
		<unitScore value='12125'/>
		<killScore value='11400'/>
		<buildingScore value='6875'/>
		<razingScore value='4425'/>
		<mineralScore value='17394'/>
		<gasScore value='6728'/>
		<totalScore value='58947'/>
	</enemy>

	<scoreRatio value='0.33106'/>
	<timeFitness value='0.243194'/>
	<unitsAverage value='25'/>
</results>
