<results>
	<result value='win'/>
	<start value='2015-05-10.16:17:48'/>
	<end value='2015-05-10.16:18:08'/>
	<frames value='24647'/>
	<gameDuration value='1540'/>

	<player>
		<unitScore value='10925'/>
		<killScore value='7700'/>
		<buildingScore value='2650'/>
		<razingScore value='11625'/>
		<mineralScore value='18262'/>
		<gasScore value='2776'/>
		<totalScore value='53938'/>
	</player>

	<enemy>
		<race value='Protoss'/>
		<unitScore value='3850'/>
		<unitScore value='3850'/>
		<killScore value='5900'/>
		<buildingScore value='3875'/>
		<razingScore value='0'/>
		<mineralScore value='9986'/>
		<gasScore value='1280'/>
		<totalScore value='24891'/>
	</enemy>

	<scoreRatio value='2.16697'/>
	<timeFitness value='0.786111'/>
	<unitsAverage value='74'/>
</results>
