<results>
	<result value='loss'/>
	<start value='2015-05-04.05:47:21'/>
	<end value='2015-05-04.05:47:28'/>
	<frames value='15750'/>
	<gameDuration value='984'/>

	<player>
		<unitScore value='3075'/>
		<killScore value='800'/>
		<buildingScore value='1700'/>
		<razingScore value='0'/>
		<mineralScore value='5410'/>
		<gasScore value='872'/>
		<totalScore value='11857'/>
	</player>

	<enemy>
		<race value='Protoss'/>
		<unitScore value='3550'/>
		<unitScore value='3550'/>
		<killScore value='6150'/>
		<buildingScore value='3075'/>
		<razingScore value='5100'/>
		<mineralScore value='8018'/>
		<gasScore value='1440'/>
		<totalScore value='27333'/>
	</enemy>

	<scoreRatio value='0.433798'/>
	<timeFitness value='0.136667'/>
	<unitsAverage value='25'/>
</results>
