<results>
	<result value='win'/>
	<start value='2015-05-07.00:57:40'/>
	<end value='2015-05-07.00:57:59'/>
	<frames value='26631'/>
	<gameDuration value='1664'/>

	<player>
		<unitScore value='12150'/>
		<killScore value='23220'/>
		<buildingScore value='2625'/>
		<razingScore value='6420'/>
		<mineralScore value='14542'/>
		<gasScore value='2424'/>
		<totalScore value='61381'/>
	</player>

	<enemy>
		<race value='Zerg'/>
		<unitScore value='10900'/>
		<unitScore value='10900'/>
		<killScore value='9450'/>
		<buildingScore value='2140'/>
		<razingScore value='150'/>
		<mineralScore value='10482'/>
		<gasScore value='3160'/>
		<totalScore value='36282'/>
	</enemy>

	<scoreRatio value='1.69178'/>
	<timeFitness value='0.768889'/>
	<unitsAverage value='61'/>
</results>
