<results>
	<result value='draw'/>
	<start value='2015-05-07.01:01:30'/>
	<end value='2015-05-07.01:02:58'/>
	<frames value='57601'/>
	<gameDuration value='3600'/>

	<player>
		<unitScore value='31625'/>
		<killScore value='47190'/>
		<buildingScore value='5225'/>
		<razingScore value='6330'/>
		<mineralScore value='38938'/>
		<gasScore value='10008'/>
		<totalScore value='139316'/>
	</player>

	<enemy>
		<race value='Zerg'/>
		<unitScore value='25475'/>
		<unitScore value='25475'/>
		<killScore value='36150'/>
		<buildingScore value='3970'/>
		<razingScore value='3450'/>
		<mineralScore value='24050'/>
		<gasScore value='6500'/>
		<totalScore value='99595'/>
	</enemy>

	<scoreRatio value='1.39883'/>
	<timeFitness value='0.5'/>
	<unitsAverage value='158'/>
</results>
