<results>
	<result value='loss'/>
	<start value='2015-05-07.01:11:49'/>
	<end value='2015-05-07.01:11:57'/>
	<frames value='17579'/>
	<gameDuration value='1098'/>

	<player>
		<unitScore value='3375'/>
		<killScore value='500'/>
		<buildingScore value='1525'/>
		<razingScore value='0'/>
		<mineralScore value='4490'/>
		<gasScore value='800'/>
		<totalScore value='10690'/>
	</player>

	<enemy>
		<race value='Zerg'/>
		<unitScore value='6875'/>
		<unitScore value='6875'/>
		<killScore value='6750'/>
		<buildingScore value='2035'/>
		<razingScore value='4575'/>
		<mineralScore value='8010'/>
		<gasScore value='2320'/>
		<totalScore value='30565'/>
	</enemy>

	<scoreRatio value='0.349746'/>
	<timeFitness value='0.1525'/>
	<unitsAverage value='24'/>
</results>
