<results>
	<result value='loss'/>
	<start value='2015-05-07.01:12:26'/>
	<end value='2015-05-07.01:12:49'/>
	<frames value='42596'/>
	<gameDuration value='2662'/>

	<player>
		<unitScore value='11175'/>
		<killScore value='19550'/>
		<buildingScore value='1300'/>
		<razingScore value='2175'/>
		<mineralScore value='12602'/>
		<gasScore value='2032'/>
		<totalScore value='48834'/>
	</player>

	<enemy>
		<race value='Zerg'/>
		<unitScore value='20575'/>
		<unitScore value='20575'/>
		<killScore value='22350'/>
		<buildingScore value='4595'/>
		<razingScore value='3900'/>
		<mineralScore value='22178'/>
		<gasScore value='7652'/>
		<totalScore value='81250'/>
	</enemy>

	<scoreRatio value='0.601034'/>
	<timeFitness value='0.369722'/>
	<unitsAverage value='42'/>
</results>
