<results>
	<result value='win'/>
	<start value='2015-04-27.01:29:48'/>
	<end value='2015-04-27.01:30:13'/>
	<frames value='35869'/>
	<gameDuration value='2241'/>

	<player>
		<unitScore value='15275'/>
		<killScore value='26950'/>
		<buildingScore value='2975'/>
		<razingScore value='12375'/>
		<mineralScore value='17738'/>
		<gasScore value='2528'/>
		<totalScore value='77841'/>
	</player>

	<enemy>
		<race value='Terran'/>
		<unitScore value='14275'/>
		<unitScore value='14275'/>
		<killScore value='20800'/>
		<buildingScore value='4300'/>
		<razingScore value='3300'/>
		<mineralScore value='14290'/>
		<gasScore value='5758'/>
		<totalScore value='62723'/>
	</enemy>

	<scoreRatio value='1.24103'/>
</results>
