<results>
	<result value='loss'/>
	<start value='2015-05-09.21:59:14'/>
	<end value='2015-05-09.21:59:42'/>
	<frames value='35063'/>
	<gameDuration value='2191'/>

	<player>
		<unitScore value='17275'/>
		<killScore value='13850'/>
		<buildingScore value='3475'/>
		<razingScore value='0'/>
		<mineralScore value='22242'/>
		<gasScore value='3832'/>
		<totalScore value='60674'/>
	</player>

	<enemy>
		<race value='Protoss'/>
		<unitScore value='23750'/>
		<unitScore value='23750'/>
		<killScore value='34550'/>
		<buildingScore value='7500'/>
		<razingScore value='10425'/>
		<mineralScore value='27334'/>
		<gasScore value='9014'/>
		<totalScore value='112573'/>
	</enemy>

	<scoreRatio value='0.538975'/>
	<timeFitness value='0.304306'/>
	<unitsAverage value='70'/>
</results>
