<results>
	<result value='win'/>
	<start value='2015-04-11.00:26:58'/>
	<end value='2015-04-11.00:28:39'/>
	<frames value='44890'/>
	<gameDuration value='2805'/>

	<player>
		<unitScore value='35275'/>
		<killScore value='45200'/>
		<buildingScore value='3975'/>
		<razingScore value='18000'/>
		<mineralScore value='38218'/>
		<gasScore value='5224'/>
		<totalScore value='145892'/>
	</player>

	<enemy>
		<race value='Protoss'/>
		<unitScore value='23375'/>
		<unitScore value='23375'/>
		<killScore value='59900'/>
		<buildingScore value='6000'/>
		<razingScore value='0'/>
		<mineralScore value='23486'/>
		<gasScore value='5662'/>
		<totalScore value='118423'/>
	</enemy>

	<scoreRatio value='1.23196'/>
</results>
