<results>
	<result value='loss'/>
	<start value='2015-04-09.03:27:49'/>
	<end value='2015-04-09.03:28:32'/>
	<frames value='43185'/>
	<gameDuration value='2699'/>

	<player>
		<unitScore value='17400'/>
		<killScore value='20300'/>
		<buildingScore value='2800'/>
		<razingScore value='750'/>
		<mineralScore value='19622'/>
		<gasScore value='4608'/>
		<totalScore value='65480'/>
	</player>

	<enemy>
		<race value='Protoss'/>
		<unitScore value='27150'/>
		<unitScore value='27150'/>
		<killScore value='34800'/>
		<buildingScore value='7725'/>
		<razingScore value='7200'/>
		<mineralScore value='29330'/>
		<gasScore value='10014'/>
		<totalScore value='116219'/>
	</enemy>

	<scoreRatio value='0.563419'/>
</results>
