<results>
	<result value='win'/>
	<start value='2015-05-09.06:57:28'/>
	<end value='2015-05-09.06:57:57'/>
	<frames value='30723'/>
	<gameDuration value='1920'/>

	<player>
		<unitScore value='15775'/>
		<killScore value='24400'/>
		<buildingScore value='3975'/>
		<razingScore value='9750'/>
		<mineralScore value='22898'/>
		<gasScore value='2680'/>
		<totalScore value='79478'/>
	</player>

	<enemy>
		<race value='Terran'/>
		<unitScore value='12200'/>
		<unitScore value='12200'/>
		<killScore value='9450'/>
		<buildingScore value='3250'/>
		<razingScore value='300'/>
		<mineralScore value='12074'/>
		<gasScore value='5736'/>
		<totalScore value='43010'/>
	</enemy>

	<scoreRatio value='1.8479'/>
	<timeFitness value='0.733333'/>
	<unitsAverage value='84'/>
</results>
