<results>
	<result value='win'/>
	<start value='2015-05-09.06:59:41'/>
	<end value='2015-05-09.07:00:25'/>
	<frames value='39062'/>
	<gameDuration value='2441'/>

	<player>
		<unitScore value='23375'/>
		<killScore value='35850'/>
		<buildingScore value='5625'/>
		<razingScore value='15000'/>
		<mineralScore value='32206'/>
		<gasScore value='4736'/>
		<totalScore value='116792'/>
	</player>

	<enemy>
		<race value='Terran'/>
		<unitScore value='20925'/>
		<unitScore value='20925'/>
		<killScore value='22100'/>
		<buildingScore value='5000'/>
		<razingScore value='3750'/>
		<mineralScore value='17070'/>
		<gasScore value='9044'/>
		<totalScore value='77889'/>
	</enemy>

	<scoreRatio value='1.49947'/>
	<timeFitness value='0.660972'/>
	<unitsAverage value='99'/>
</results>
