<results>
	<result value='win'/>
	<start value='2015-05-05.11:36:24'/>
	<end value='2015-05-05.11:37:28'/>
	<frames value='41821'/>
	<gameDuration value='2613'/>

	<player>
		<unitScore value='24025'/>
		<killScore value='32450'/>
		<buildingScore value='4525'/>
		<razingScore value='10950'/>
		<mineralScore value='33258'/>
		<gasScore value='3504'/>
		<totalScore value='108712'/>
	</player>

	<enemy>
		<race value='Terran'/>
		<unitScore value='17025'/>
		<unitScore value='17025'/>
		<killScore value='22700'/>
		<buildingScore value='3650'/>
		<razingScore value='1200'/>
		<mineralScore value='13802'/>
		<gasScore value='6296'/>
		<totalScore value='64673'/>
	</enemy>

	<scoreRatio value='1.68095'/>
	<timeFitness value='0.637083'/>
	<unitsAverage value='101'/>
</results>
