<results>
	<result value='win'/>
	<start value='2015-05-05.11:42:43'/>
	<end value='2015-05-05.11:43:17'/>
	<frames value='26352'/>
	<gameDuration value='1647'/>

	<player>
		<unitScore value='13275'/>
		<killScore value='22100'/>
		<buildingScore value='4925'/>
		<razingScore value='8550'/>
		<mineralScore value='21370'/>
		<gasScore value='2408'/>
		<totalScore value='72628'/>
	</player>

	<enemy>
		<race value='Terran'/>
		<unitScore value='11050'/>
		<unitScore value='11050'/>
		<killScore value='5000'/>
		<buildingScore value='2850'/>
		<razingScore value='1350'/>
		<mineralScore value='10266'/>
		<gasScore value='3896'/>
		<totalScore value='34412'/>
	</enemy>

	<scoreRatio value='2.11054'/>
	<timeFitness value='0.77125'/>
	<unitsAverage value='88'/>
</results>
