<results>
	<result value='win'/>
	<start value='2015-05-09.07:10:45'/>
	<end value='2015-05-09.07:11:12'/>
	<frames value='27716'/>
	<gameDuration value='1732'/>

	<player>
		<unitScore value='12050'/>
		<killScore value='17900'/>
		<buildingScore value='4725'/>
		<razingScore value='7575'/>
		<mineralScore value='24090'/>
		<gasScore value='3016'/>
		<totalScore value='69356'/>
	</player>

	<enemy>
		<race value='Terran'/>
		<unitScore value='8950'/>
		<unitScore value='8950'/>
		<killScore value='2400'/>
		<buildingScore value='2525'/>
		<razingScore value='1650'/>
		<mineralScore value='8650'/>
		<gasScore value='2792'/>
		<totalScore value='26967'/>
	</enemy>

	<scoreRatio value='2.57188'/>
	<timeFitness value='0.759444'/>
	<unitsAverage value='90'/>
</results>
