<results>
	<result value='loss'/>
	<start value='2015-04-29.08:15:31'/>
	<end value='2015-04-29.08:16:06'/>
	<frames value='48827'/>
	<gameDuration value='3051'/>

	<player>
		<unitScore value='22750'/>
		<killScore value='24750'/>
		<buildingScore value='2525'/>
		<razingScore value='4200'/>
		<mineralScore value='24082'/>
		<gasScore value='5022'/>
		<totalScore value='83329'/>
	</player>

	<enemy>
		<race value='Protoss'/>
		<unitScore value='23475'/>
		<unitScore value='23475'/>
		<killScore value='45600'/>
		<buildingScore value='8125'/>
		<razingScore value='7575'/>
		<mineralScore value='34722'/>
		<gasScore value='8776'/>
		<totalScore value='128273'/>
	</enemy>

	<scoreRatio value='0.649622'/>
	<timeFitness value='0.42375'/>
	<unitsAverage value='75'/>
</results>
