<results>
	<result value='loss'/>
	<start value='2015-04-29.08:16:10'/>
	<end value='2015-04-29.08:16:40'/>
	<frames value='47494'/>
	<gameDuration value='2968'/>

	<player>
		<unitScore value='21775'/>
		<killScore value='35650'/>
		<buildingScore value='2450'/>
		<razingScore value='1800'/>
		<mineralScore value='22206'/>
		<gasScore value='5040'/>
		<totalScore value='88921'/>
	</player>

	<enemy>
		<race value='Protoss'/>
		<unitScore value='38075'/>
		<unitScore value='38075'/>
		<killScore value='43650'/>
		<buildingScore value='8125'/>
		<razingScore value='7350'/>
		<mineralScore value='33990'/>
		<gasScore value='12752'/>
		<totalScore value='143942'/>
	</enemy>

	<scoreRatio value='0.617756'/>
	<timeFitness value='0.412222'/>
	<unitsAverage value='68'/>
</results>
