<results>
	<result value='win'/>
	<start value='2015-04-29.08:19:12'/>
	<end value='2015-04-29.08:19:32'/>
	<frames value='26662'/>
	<gameDuration value='1666'/>

	<player>
		<unitScore value='13825'/>
		<killScore value='18300'/>
		<buildingScore value='3625'/>
		<razingScore value='11325'/>
		<mineralScore value='19422'/>
		<gasScore value='2792'/>
		<totalScore value='69289'/>
	</player>

	<enemy>
		<race value='Protoss'/>
		<unitScore value='10200'/>
		<unitScore value='10200'/>
		<killScore value='11150'/>
		<buildingScore value='3775'/>
		<razingScore value='150'/>
		<mineralScore value='10746'/>
		<gasScore value='3384'/>
		<totalScore value='39405'/>
	</enemy>

	<scoreRatio value='1.75838'/>
	<timeFitness value='0.768611'/>
	<unitsAverage value='78'/>
</results>
