<results>
	<result value='draw'/>
	<start value='2015-05-07.18:53:16'/>
	<end value='2015-05-07.18:55:06'/>
	<frames value='57601'/>
	<gameDuration value='3600'/>

	<player>
		<unitScore value='30025'/>
		<killScore value='59305'/>
		<buildingScore value='3450'/>
		<razingScore value='5670'/>
		<mineralScore value='30886'/>
		<gasScore value='5456'/>
		<totalScore value='134792'/>
	</player>

	<enemy>
		<race value='Zerg'/>
		<unitScore value='29725'/>
		<unitScore value='29725'/>
		<killScore value='45950'/>
		<buildingScore value='4430'/>
		<razingScore value='750'/>
		<mineralScore value='25914'/>
		<gasScore value='8510'/>
		<totalScore value='115279'/>
	</enemy>

	<scoreRatio value='1.16927'/>
	<timeFitness value='0.5'/>
	<unitsAverage value='121'/>
</results>
