<results>
	<result value='loss'/>
	<start value='2015-05-07.19:18:24'/>
	<end value='2015-05-07.19:18:59'/>
	<frames value='39217'/>
	<gameDuration value='2451'/>

	<player>
		<unitScore value='12000'/>
		<killScore value='36950'/>
		<buildingScore value='1300'/>
		<razingScore value='360'/>
		<mineralScore value='12506'/>
		<gasScore value='3832'/>
		<totalScore value='66948'/>
	</player>

	<enemy>
		<race value='Zerg'/>
		<unitScore value='23150'/>
		<unitScore value='23150'/>
		<killScore value='24000'/>
		<buildingScore value='3350'/>
		<razingScore value='3900'/>
		<mineralScore value='20482'/>
		<gasScore value='6450'/>
		<totalScore value='81332'/>
	</enemy>

	<scoreRatio value='0.823145'/>
	<timeFitness value='0.340417'/>
	<unitsAverage value='50'/>
</results>
