<results>
	<result value='win'/>
	<start value='2015-05-07.19:47:43'/>
	<end value='2015-05-07.19:48:40'/>
	<frames value='36365'/>
	<gameDuration value='2272'/>

	<player>
		<unitScore value='20625'/>
		<killScore value='34430'/>
		<buildingScore value='4125'/>
		<razingScore value='9795'/>
		<mineralScore value='24170'/>
		<gasScore value='1648'/>
		<totalScore value='94793'/>
	</player>

	<enemy>
		<race value='Zerg'/>
		<unitScore value='15850'/>
		<unitScore value='15850'/>
		<killScore value='20600'/>
		<buildingScore value='3265'/>
		<razingScore value='3375'/>
		<mineralScore value='15794'/>
		<gasScore value='5006'/>
		<totalScore value='63890'/>
	</enemy>

	<scoreRatio value='1.48369'/>
	<timeFitness value='0.684444'/>
	<unitsAverage value='99'/>
</results>
