<results>
	<result value='win'/>
	<start value='2015-05-07.20:05:30'/>
	<end value='2015-05-07.20:06:06'/>
	<frames value='31064'/>
	<gameDuration value='1941'/>

	<player>
		<unitScore value='22550'/>
		<killScore value='32310'/>
		<buildingScore value='2700'/>
		<razingScore value='4560'/>
		<mineralScore value='27310'/>
		<gasScore value='0'/>
		<totalScore value='89430'/>
	</player>

	<enemy>
		<race value='Zerg'/>
		<unitScore value='13925'/>
		<unitScore value='13925'/>
		<killScore value='33300'/>
		<buildingScore value='1520'/>
		<razingScore value='0'/>
		<mineralScore value='11582'/>
		<gasScore value='3648'/>
		<totalScore value='63975'/>
	</enemy>

	<scoreRatio value='1.39789'/>
	<timeFitness value='0.730417'/>
	<unitsAverage value='80'/>
</results>
