<results>
	<result value='loss'/>
	<start value='2015-07-15.10:11:30'/>
	<end value='2015-07-15.10:12:12'/>
	<frames value='33358'/>
	<gameDuration value='2084'/>

	<player>
		<unitScore value='9550'/>
		<killScore value='10350'/>
		<buildingScore value='2875'/>
		<razingScore value='300'/>
		<mineralScore value='17362'/>
		<gasScore value='976'/>
		<totalScore value='41413'/>
	</player>

	<enemy>
		<race value='Terran'/>
		<unitScore value='11525'/>
		<killScore value='16550'/>
		<buildingScore value='3075'/>
		<razingScore value='8625'/>
		<mineralScore value='12374'/>
		<gasScore value='5128'/>
		<totalScore value='57277'/>
	</enemy>

	<scoreRatio value='0.72303'/>
	<timeFitness value='0.289444'/>
	<unitsAverage value='52'/>
</results>
