<results>
	<result value='loss'/>
	<start value='2015-07-15.10:18:21'/>
	<end value='2015-07-15.10:18:43'/>
	<frames value='29700'/>
	<gameDuration value='1856'/>

	<player>
		<unitScore value='10625'/>
		<killScore value='7200'/>
		<buildingScore value='2925'/>
		<razingScore value='0'/>
		<mineralScore value='11586'/>
		<gasScore value='1608'/>
		<totalScore value='33944'/>
	</player>

	<enemy>
		<race value='Terran'/>
		<unitScore value='14125'/>
		<killScore value='21250'/>
		<buildingScore value='4650'/>
		<razingScore value='8775'/>
		<mineralScore value='14822'/>
		<gasScore value='7770'/>
		<totalScore value='71392'/>
	</enemy>

	<scoreRatio value='0.475459'/>
	<timeFitness value='0.257778'/>
	<unitsAverage value='36'/>
</results>
