<results>
	<result value='loss'/>
	<start value='2015-07-15.10:30:01'/>
	<end value='2015-07-15.10:30:12'/>
	<frames value='19098'/>
	<gameDuration value='1193'/>

	<player>
		<unitScore value='5100'/>
		<killScore value='2600'/>
		<buildingScore value='1925'/>
		<razingScore value='0'/>
		<mineralScore value='7106'/>
		<gasScore value='656'/>
		<totalScore value='17387'/>
	</player>

	<enemy>
		<race value='Terran'/>
		<unitScore value='6950'/>
		<killScore value='10000'/>
		<buildingScore value='2350'/>
		<razingScore value='5775'/>
		<mineralScore value='8834'/>
		<gasScore value='3144'/>
		<totalScore value='37053'/>
	</enemy>

	<scoreRatio value='0.469247'/>
	<timeFitness value='0.165694'/>
	<unitsAverage value='24'/>
</results>
