<results>
	<result value='win'/>
	<start value='2015-05-08.02:29:02'/>
	<end value='2015-05-08.02:29:21'/>
	<frames value='28584'/>
	<gameDuration value='1786'/>

	<player>
		<unitScore value='13800'/>
		<killScore value='20550'/>
		<buildingScore value='2925'/>
		<razingScore value='8775'/>
		<mineralScore value='17266'/>
		<gasScore value='3144'/>
		<totalScore value='66460'/>
	</player>

	<enemy>
		<race value='Terran'/>
		<unitScore value='10675'/>
		<unitScore value='10675'/>
		<killScore value='13500'/>
		<buildingScore value='2925'/>
		<razingScore value='1950'/>
		<mineralScore value='11898'/>
		<gasScore value='4000'/>
		<totalScore value='44948'/>
	</enemy>

	<scoreRatio value='1.4786'/>
	<timeFitness value='0.751944'/>
	<unitsAverage value='72'/>
</results>
