<results>
	<result value='loss'/>
	<start value='2015-05-08.02:31:43'/>
	<end value='2015-05-08.02:31:54'/>
	<frames value='25856'/>
	<gameDuration value='1616'/>

	<player>
		<unitScore value='5775'/>
		<killScore value='7950'/>
		<buildingScore value='1975'/>
		<razingScore value='300'/>
		<mineralScore value='8018'/>
		<gasScore value='1264'/>
		<totalScore value='25282'/>
	</player>

	<enemy>
		<race value='Terran'/>
		<unitScore value='7975'/>
		<unitScore value='7975'/>
		<killScore value='11550'/>
		<buildingScore value='3250'/>
		<razingScore value='5925'/>
		<mineralScore value='11870'/>
		<gasScore value='4112'/>
		<totalScore value='44682'/>
	</enemy>

	<scoreRatio value='0.565821'/>
	<timeFitness value='0.224444'/>
	<unitsAverage value='29'/>
</results>
