<results>
	<result value='loss'/>
	<start value='2015-05-03.17:50:32'/>
	<end value='2015-05-03.17:50:46'/>
	<frames value='19501'/>
	<gameDuration value='1218'/>

	<player>
		<unitScore value='3900'/>
		<killScore value='800'/>
		<buildingScore value='2700'/>
		<razingScore value='0'/>
		<mineralScore value='7682'/>
		<gasScore value='1328'/>
		<totalScore value='16410'/>
	</player>

	<enemy>
		<race value='Terran'/>
		<unitScore value='6525'/>
		<unitScore value='6525'/>
		<killScore value='7550'/>
		<buildingScore value='2900'/>
		<razingScore value='8100'/>
		<mineralScore value='9202'/>
		<gasScore value='3080'/>
		<totalScore value='37357'/>
	</enemy>

	<scoreRatio value='0.439275'/>
	<timeFitness value='0.169167'/>
	<unitsAverage value='27'/>
</results>
