<results>
	<result value='loss'/>
	<start value='2015-05-03.17:52:34'/>
	<end value='2015-05-03.17:52:58'/>
	<frames value='30041'/>
	<gameDuration value='1877'/>

	<player>
		<unitScore value='9500'/>
		<killScore value='10750'/>
		<buildingScore value='3800'/>
		<razingScore value='0'/>
		<mineralScore value='13934'/>
		<gasScore value='1648'/>
		<totalScore value='39632'/>
	</player>

	<enemy>
		<race value='Terran'/>
		<unitScore value='13025'/>
		<unitScore value='13025'/>
		<killScore value='19000'/>
		<buildingScore value='4675'/>
		<razingScore value='11400'/>
		<mineralScore value='15114'/>
		<gasScore value='7930'/>
		<totalScore value='71144'/>
	</enemy>

	<scoreRatio value='0.557067'/>
	<timeFitness value='0.260694'/>
	<unitsAverage value='35'/>
</results>
