<results>
	<result value='win'/>
	<start value='2015-05-08.02:34:14'/>
	<end value='2015-05-08.02:34:49'/>
	<frames value='38039'/>
	<gameDuration value='2377'/>

	<player>
		<unitScore value='21400'/>
		<killScore value='31500'/>
		<buildingScore value='4600'/>
		<razingScore value='13725'/>
		<mineralScore value='31550'/>
		<gasScore value='3208'/>
		<totalScore value='105983'/>
	</player>

	<enemy>
		<race value='Terran'/>
		<unitScore value='16850'/>
		<unitScore value='16850'/>
		<killScore value='19200'/>
		<buildingScore value='4575'/>
		<razingScore value='1350'/>
		<mineralScore value='17426'/>
		<gasScore value='6456'/>
		<totalScore value='65857'/>
	</enemy>

	<scoreRatio value='1.60929'/>
	<timeFitness value='0.669861'/>
	<unitsAverage value='97'/>
</results>
