<results>
	<result value='draw'/>
	<start value='2015-05-08.02:36:04'/>
	<end value='2015-05-08.02:36:58'/>
	<frames value='57601'/>
	<gameDuration value='3600'/>

	<player>
		<unitScore value='29725'/>
		<killScore value='28650'/>
		<buildingScore value='3650'/>
		<razingScore value='0'/>
		<mineralScore value='32102'/>
		<gasScore value='5128'/>
		<totalScore value='99255'/>
	</player>

	<enemy>
		<race value='Terran'/>
		<unitScore value='27725'/>
		<unitScore value='27725'/>
		<killScore value='49750'/>
		<buildingScore value='4100'/>
		<razingScore value='2400'/>
		<mineralScore value='19550'/>
		<gasScore value='12426'/>
		<totalScore value='115951'/>
	</enemy>

	<scoreRatio value='0.856008'/>
	<timeFitness value='0.5'/>
	<unitsAverage value='110'/>
</results>
