<results>
	<result value='win'/>
	<start value='2015-05-08.02:37:25'/>
	<end value='2015-05-08.02:38:10'/>
	<frames value='54686'/>
	<gameDuration value='3417'/>

	<player>
		<unitScore value='28100'/>
		<killScore value='44600'/>
		<buildingScore value='3600'/>
		<razingScore value='14100'/>
		<mineralScore value='30510'/>
		<gasScore value='5040'/>
		<totalScore value='125950'/>
	</player>

	<enemy>
		<race value='Terran'/>
		<unitScore value='26600'/>
		<unitScore value='26600'/>
		<killScore value='36550'/>
		<buildingScore value='4700'/>
		<razingScore value='2025'/>
		<mineralScore value='19550'/>
		<gasScore value='11030'/>
		<totalScore value='100455'/>
	</enemy>

	<scoreRatio value='1.2538'/>
	<timeFitness value='0.525417'/>
	<unitsAverage value='92'/>
</results>
