<results>
	<result value='loss'/>
	<start value='2015-07-19.23:25:01'/>
	<end value='2015-07-19.23:26:11'/>
	<frames value='31746'/>
	<gameDuration value='1984'/>

	<player>
		<unitScore value='19375'/>
		<killScore value='14750'/>
		<buildingScore value='3950'/>
		<razingScore value='315'/>
		<mineralScore value='23170'/>
		<gasScore value='3232'/>
		<totalScore value='64792'/>
	</player>

	<enemy>
		<race value='Zerg'/>
		<unitScore value='17850'/>
		<killScore value='35800'/>
		<buildingScore value='3890'/>
		<razingScore value='11850'/>
		<mineralScore value='19622'/>
		<gasScore value='6288'/>
		<totalScore value='95300'/>
	</enemy>

	<scoreRatio value='0.679874'/>
	<timeFitness value='0.275556'/>
	<unitsAverage value='84'/>
</results>
