<results>
	<result value='loss'/>
	<start value='2015-07-19.23:52:14'/>
	<end value='2015-07-19.23:53:02'/>
	<frames value='30072'/>
	<gameDuration value='1879'/>

	<player>
		<unitScore value='15425'/>
		<killScore value='11050'/>
		<buildingScore value='2825'/>
		<razingScore value='0'/>
		<mineralScore value='16242'/>
		<gasScore value='2216'/>
		<totalScore value='47758'/>
	</player>

	<enemy>
		<race value='Zerg'/>
		<unitScore value='16150'/>
		<killScore value='30850'/>
		<buildingScore value='4000'/>
		<razingScore value='8475'/>
		<mineralScore value='17666'/>
		<gasScore value='6264'/>
		<totalScore value='83405'/>
	</enemy>

	<scoreRatio value='0.572604'/>
	<timeFitness value='0.260972'/>
	<unitsAverage value='56'/>
</results>
