<results>
	<result value='loss'/>
	<start value='2015-05-10.16:47:04'/>
	<end value='2015-05-10.16:47:18'/>
	<frames value='18602'/>
	<gameDuration value='1162'/>

	<player>
		<unitScore value='3875'/>
		<killScore value='1400'/>
		<buildingScore value='1500'/>
		<razingScore value='0'/>
		<mineralScore value='5514'/>
		<gasScore value='456'/>
		<totalScore value='12745'/>
	</player>

	<enemy>
		<race value='Protoss'/>
		<unitScore value='3750'/>
		<unitScore value='3750'/>
		<killScore value='7750'/>
		<buildingScore value='4325'/>
		<razingScore value='4500'/>
		<mineralScore value='10066'/>
		<gasScore value='2072'/>
		<totalScore value='32463'/>
	</enemy>

	<scoreRatio value='0.392601'/>
	<timeFitness value='0.161389'/>
	<unitsAverage value='22'/>
</results>
