<results>
	<result value='loss'/>
	<start value='2015-07-14.05:10:58'/>
	<end value='2015-07-14.05:11:26'/>
	<frames value='36520'/>
	<gameDuration value='2282'/>

	<player>
		<unitScore value='18000'/>
		<killScore value='10350'/>
		<buildingScore value='3175'/>
		<razingScore value='300'/>
		<mineralScore value='19010'/>
		<gasScore value='2904'/>
		<totalScore value='53739'/>
	</player>

	<enemy>
		<race value='Protoss'/>
		<unitScore value='22525'/>
		<killScore value='36000'/>
		<buildingScore value='7075'/>
		<razingScore value='9525'/>
		<mineralScore value='24250'/>
		<gasScore value='9432'/>
		<totalScore value='108807'/>
	</enemy>

	<scoreRatio value='0.493893'/>
	<timeFitness value='0.316944'/>
	<unitsAverage value='62'/>
</results>
