<results>
	<result value='loss'/>
	<start value='2015-07-11.17:38:35'/>
	<end value='2015-07-11.17:39:13'/>
	<frames value='43433'/>
	<gameDuration value='2714'/>

	<player>
		<unitScore value='24250'/>
		<killScore value='24900'/>
		<buildingScore value='3450'/>
		<razingScore value='900'/>
		<mineralScore value='28618'/>
		<gasScore value='3792'/>
		<totalScore value='85910'/>
	</player>

	<enemy>
		<race value='Protoss'/>
		<unitScore value='27625'/>
		<killScore value='45250'/>
		<buildingScore value='6925'/>
		<razingScore value='10350'/>
		<mineralScore value='25222'/>
		<gasScore value='10534'/>
		<totalScore value='125906'/>
	</enemy>

	<scoreRatio value='0.682334'/>
	<timeFitness value='0.376944'/>
	<unitsAverage value='81'/>
</results>
