<results>
	<result value='loss'/>
	<start value='2015-07-11.17:40:29'/>
	<end value='2015-07-11.17:41:18'/>
	<frames value='46223'/>
	<gameDuration value='2888'/>

	<player>
		<unitScore value='31250'/>
		<killScore value='26000'/>
		<buildingScore value='2975'/>
		<razingScore value='1950'/>
		<mineralScore value='28198'/>
		<gasScore value='5368'/>
		<totalScore value='95741'/>
	</player>

	<enemy>
		<race value='Protoss'/>
		<unitScore value='33190'/>
		<killScore value='59150'/>
		<buildingScore value='7775'/>
		<razingScore value='8925'/>
		<mineralScore value='29722'/>
		<gasScore value='10364'/>
		<totalScore value='149126'/>
	</enemy>

	<scoreRatio value='0.642014'/>
	<timeFitness value='0.401111'/>
	<unitsAverage value='89'/>
</results>
