<results>
	<result value='draw'/>
	<start value='2015-07-11.17:43:51'/>
	<end value='2015-07-11.17:45:14'/>
	<frames value='57601'/>
	<gameDuration value='3600'/>

	<player>
		<unitScore value='45800'/>
		<killScore value='46450'/>
		<buildingScore value='3675'/>
		<razingScore value='7800'/>
		<mineralScore value='43302'/>
		<gasScore value='9324'/>
		<totalScore value='156351'/>
	</player>

	<enemy>
		<race value='Protoss'/>
		<unitScore value='30425'/>
		<killScore value='61300'/>
		<buildingScore value='5975'/>
		<razingScore value='0'/>
		<mineralScore value='19726'/>
		<gasScore value='10614'/>
		<totalScore value='128040'/>
	</enemy>

	<scoreRatio value='1.22111'/>
	<timeFitness value='0.5'/>
	<unitsAverage value='138'/>
</results>
