<results>
	<result value='loss'/>
	<start value='2015-07-11.17:51:15'/>
	<end value='2015-07-11.17:51:24'/>
	<frames value='17517'/>
	<gameDuration value='1094'/>

	<player>
		<unitScore value='4600'/>
		<killScore value='500'/>
		<buildingScore value='1975'/>
		<razingScore value='0'/>
		<mineralScore value='6554'/>
		<gasScore value='952'/>
		<totalScore value='14581'/>
	</player>

	<enemy>
		<race value='Protoss'/>
		<unitScore value='5075'/>
		<killScore value='7700'/>
		<buildingScore value='3475'/>
		<razingScore value='5925'/>
		<mineralScore value='9002'/>
		<gasScore value='2536'/>
		<totalScore value='33713'/>
	</enemy>

	<scoreRatio value='0.432504'/>
	<timeFitness value='0.151944'/>
	<unitsAverage value='32'/>
</results>
