<results>
	<result value='loss'/>
	<start value='2015-07-11.21:31:06'/>
	<end value='2015-07-11.21:31:44'/>
	<frames value='39248'/>
	<gameDuration value='2453'/>

	<player>
		<unitScore value='23650'/>
		<killScore value='13800'/>
		<buildingScore value='3625'/>
		<razingScore value='750'/>
		<mineralScore value='23498'/>
		<gasScore value='3128'/>
		<totalScore value='68451'/>
	</player>

	<enemy>
		<race value='Protoss'/>
		<unitScore value='24575'/>
		<killScore value='42900'/>
		<buildingScore value='7225'/>
		<razingScore value='10875'/>
		<mineralScore value='26866'/>
		<gasScore value='8864'/>
		<totalScore value='121305'/>
	</enemy>

	<scoreRatio value='0.564288'/>
	<timeFitness value='0.340694'/>
	<unitsAverage value='71'/>
</results>
