<results>
	<result value='loss'/>
	<start value='2015-07-11.21:44:00'/>
	<end value='2015-07-11.21:44:25'/>
	<frames value='31932'/>
	<gameDuration value='1995'/>

	<player>
		<unitScore value='15275'/>
		<killScore value='7500'/>
		<buildingScore value='2475'/>
		<razingScore value='0'/>
		<mineralScore value='22826'/>
		<gasScore value='2280'/>
		<totalScore value='50356'/>
	</player>

	<enemy>
		<race value='Protoss'/>
		<unitScore value='19300'/>
		<killScore value='29150'/>
		<buildingScore value='7100'/>
		<razingScore value='7425'/>
		<mineralScore value='24418'/>
		<gasScore value='7624'/>
		<totalScore value='95017'/>
	</enemy>

	<scoreRatio value='0.529968'/>
	<timeFitness value='0.277083'/>
	<unitsAverage value='62'/>
</results>
