<results>
	<result value='win'/>
	<start value='2015-04-26.03:13:20'/>
	<end value='2015-04-26.03:13:50'/>
	<frames value='36582'/>
	<gameDuration value='2286'/>

	<player>
		<unitScore value='13575'/>
		<killScore value='26800'/>
		<buildingScore value='5000'/>
		<razingScore value='8550'/>
		<mineralScore value='20282'/>
		<gasScore value='3824'/>
		<totalScore value='78031'/>
	</player>

	<enemy>
		<race value='Terran'/>
		<unitScore value='13400'/>
		<unitScore value='13400'/>
		<killScore value='10550'/>
		<buildingScore value='2850'/>
		<razingScore value='1875'/>
		<mineralScore value='12042'/>
		<gasScore value='4776'/>
		<totalScore value='45493'/>
	</enemy>

	<scoreRatio value='1.71523'/>
</results>
