<results>
	<result value='win'/>
	<start value='2015-04-10.04:51:51'/>
	<end value='2015-04-10.04:52:26'/>
	<frames value='36520'/>
	<gameDuration value='2282'/>

	<player>
		<unitScore value='17525'/>
		<killScore value='28650'/>
		<buildingScore value='3475'/>
		<razingScore value='21975'/>
		<mineralScore value='20646'/>
		<gasScore value='2632'/>
		<totalScore value='94903'/>
	</player>

	<enemy>
		<race value='Protoss'/>
		<unitScore value='14775'/>
		<unitScore value='14775'/>
		<killScore value='15650'/>
		<buildingScore value='7325'/>
		<razingScore value='1350'/>
		<mineralScore value='18546'/>
		<gasScore value='5720'/>
		<totalScore value='63366'/>
	</enemy>

	<scoreRatio value='1.4977'/>
</results>
