<results>
	<result value='loss'/>
	<start value='2015-04-29.05:59:28'/>
	<end value='2015-04-29.05:59:34'/>
	<frames value='15347'/>
	<gameDuration value='959'/>

	<player>
		<unitScore value='1500'/>
		<killScore value='0'/>
		<buildingScore value='1625'/>
		<razingScore value='0'/>
		<mineralScore value='4514'/>
		<gasScore value='0'/>
		<totalScore value='7639'/>
	</player>

	<enemy>
		<race value='Protoss'/>
		<unitScore value='3550'/>
		<unitScore value='3550'/>
		<killScore value='3000'/>
		<buildingScore value='3025'/>
		<razingScore value='4875'/>
		<mineralScore value='7914'/>
		<gasScore value='1424'/>
		<totalScore value='23788'/>
	</enemy>

	<scoreRatio value='0.321128'/>
	<timeFitness value='0.133194'/>
	<unitsAverage value='17'/>
</results>
