<results>
	<result value='loss'/>
	<start value='2015-04-29.06:05:00'/>
	<end value='2015-04-29.06:05:06'/>
	<frames value='15223'/>
	<gameDuration value='951'/>

	<player>
		<unitScore value='2625'/>
		<killScore value='1200'/>
		<buildingScore value='1500'/>
		<razingScore value='0'/>
		<mineralScore value='4082'/>
		<gasScore value='656'/>
		<totalScore value='10063'/>
	</player>

	<enemy>
		<race value='Protoss'/>
		<unitScore value='3650'/>
		<unitScore value='3650'/>
		<killScore value='5350'/>
		<buildingScore value='2875'/>
		<razingScore value='4500'/>
		<mineralScore value='7962'/>
		<gasScore value='1488'/>
		<totalScore value='25825'/>
	</enemy>

	<scoreRatio value='0.389661'/>
	<timeFitness value='0.132083'/>
	<unitsAverage value='20'/>
</results>
