<results>
	<result value='loss'/>
	<start value='2014-07-23.01:10:26'/>
	<end value='2014-07-23.01:11:16'/>
	<frames value='56360'/>
	<gameDuration value='3522'/>

	<player>
		<unitScore value='28650'/>
		<killScore value='47450'/>
		<buildingScore value='3500'/>
		<razingScore value='750'/>
		<mineralScore value='31518'/>
		<gasScore value='4432'/>
		<totalScore value='116300'/>
	</player>

	<enemy>
		<race value='Protoss'/>
		<unitScore value='35650'/>
		<unitScore value='35650'/>
		<killScore value='57400'/>
		<buildingScore value='7175'/>
		<razingScore value='10500'/>
		<mineralScore value='31190'/>
		<gasScore value='12296'/>
		<totalScore value='154211'/>
	</enemy>

	<scoreRatio value='0.754161'/>
</results>
