<results>
	<result value='loss'/>
	<start value='2015-04-15.02:49:44'/>
	<end value='2015-04-15.02:50:53'/>
	<frames value='46347'/>
	<gameDuration value='2896'/>

	<player>
		<unitScore value='23775'/>
		<killScore value='25450'/>
		<buildingScore value='2400'/>
		<razingScore value='2550'/>
		<mineralScore value='24066'/>
		<gasScore value='3760'/>
		<totalScore value='82001'/>
	</player>

	<enemy>
		<race value='Protoss'/>
		<unitScore value='34400'/>
		<unitScore value='34400'/>
		<killScore value='47750'/>
		<buildingScore value='8275'/>
		<razingScore value='7200'/>
		<mineralScore value='32610'/>
		<gasScore value='12300'/>
		<totalScore value='142535'/>
	</enemy>

	<scoreRatio value='0.575304'/>
</results>
