<results>
	<result value='win'/>
	<start value='2015-04-28.21:18:35'/>
	<end value='2015-04-28.21:18:56'/>
	<frames value='28615'/>
	<gameDuration value='1788'/>

	<player>
		<unitScore value='19700'/>
		<killScore value='26160'/>
		<buildingScore value='3400'/>
		<razingScore value='6750'/>
		<mineralScore value='23066'/>
		<gasScore value='2240'/>
		<totalScore value='81316'/>
	</player>

	<enemy>
		<race value='Zerg'/>
		<unitScore value='11925'/>
		<unitScore value='11925'/>
		<killScore value='18200'/>
		<buildingScore value='2250'/>
		<razingScore value='0'/>
		<mineralScore value='12366'/>
		<gasScore value='3640'/>
		<totalScore value='48381'/>
	</enemy>

	<scoreRatio value='1.68074'/>
	<timeFitness value='0.751667'/>
	<unitsAverage value='87'/>
</results>
