<results>
	<result value='win'/>
	<start value='2015-04-28.21:19:40'/>
	<end value='2015-04-28.21:20:12'/>
	<frames value='37481'/>
	<gameDuration value='2342'/>

	<player>
		<unitScore value='23950'/>
		<killScore value='39205'/>
		<buildingScore value='2675'/>
		<razingScore value='7470'/>
		<mineralScore value='24498'/>
		<gasScore value='3536'/>
		<totalScore value='101334'/>
	</player>

	<enemy>
		<race value='Zerg'/>
		<unitScore value='18450'/>
		<unitScore value='18450'/>
		<killScore value='32600'/>
		<buildingScore value='2490'/>
		<razingScore value='0'/>
		<mineralScore value='16222'/>
		<gasScore value='5464'/>
		<totalScore value='75226'/>
	</enemy>

	<scoreRatio value='1.34706'/>
	<timeFitness value='0.674722'/>
	<unitsAverage value='105'/>
</results>
