<results>
	<result value='win'/>
	<start value='2015-07-10.09:18:59'/>
	<end value='2015-07-10.09:19:18'/>
	<frames value='16587'/>
	<gameDuration value='1036'/>

	<player>
		<unitScore value='6625'/>
		<killScore value='7650'/>
		<buildingScore value='2725'/>
		<razingScore value='3825'/>
		<mineralScore value='12202'/>
		<gasScore value='1048'/>
		<totalScore value='34075'/>
	</player>

	<enemy>
		<race value='Terran'/>
		<unitScore value='3825'/>
		<killScore value='1100'/>
		<buildingScore value='1275'/>
		<razingScore value='0'/>
		<mineralScore value='6098'/>
		<gasScore value='1360'/>
		<totalScore value='13658'/>
	</enemy>

	<scoreRatio value='2.49487'/>
	<timeFitness value='0.856111'/>
	<unitsAverage value='49'/>
</results>
