<results>
	<result value='win'/>
	<start value='2014-07-07.03:17:27'/>
	<end value='2014-07-07.03:18:09'/>
	<frames value='32366'/>
	<gameDuration value='2022'/>

	<player>
		<unitScore value='24650'/>
		<killScore value='40640'/>
		<buildingScore value='4450'/>
		<razingScore value='6855'/>
		<mineralScore value='31546'/>
		<gasScore value='3840'/>
		<totalScore value='111981'/>
	</player>

	<enemy>
		<race value='Zerg'/>
		<unitScore value='18725'/>
		<unitScore value='18725'/>
		<killScore value='24350'/>
		<buildingScore value='2285'/>
		<razingScore value='0'/>
		<mineralScore value='15918'/>
		<gasScore value='4496'/>
		<totalScore value='65774'/>
	</enemy>

	<scoreRatio value='1.70251'/>
</results>
