<results>
	<result value='loss'/>
	<start value='2015-05-09.09:11:06'/>
	<end value='2015-05-09.09:11:14'/>
	<frames value='16649'/>
	<gameDuration value='1040'/>

	<player>
		<unitScore value='4225'/>
		<killScore value='200'/>
		<buildingScore value='1525'/>
		<razingScore value='0'/>
		<mineralScore value='5466'/>
		<gasScore value='1080'/>
		<totalScore value='12496'/>
	</player>

	<enemy>
		<race value='Terran'/>
		<unitScore value='5350'/>
		<unitScore value='5350'/>
		<killScore value='8450'/>
		<buildingScore value='2225'/>
		<razingScore value='4575'/>
		<mineralScore value='7602'/>
		<gasScore value='2368'/>
		<totalScore value='30570'/>
	</enemy>

	<scoreRatio value='0.408767'/>
	<timeFitness value='0.144444'/>
	<unitsAverage value='25'/>
</results>
