<results>
	<result value='draw'/>
	<start value='2015-05-09.09:11:58'/>
	<end value='2015-05-09.09:12:32'/>
	<frames value='57601'/>
	<gameDuration value='3600'/>

	<player>
		<unitScore value='21675'/>
		<killScore value='25550'/>
		<buildingScore value='2875'/>
		<razingScore value='2025'/>
		<mineralScore value='23498'/>
		<gasScore value='3672'/>
		<totalScore value='79295'/>
	</player>

	<enemy>
		<race value='Terran'/>
		<unitScore value='23325'/>
		<unitScore value='23325'/>
		<killScore value='39450'/>
		<buildingScore value='4975'/>
		<razingScore value='4425'/>
		<mineralScore value='19550'/>
		<gasScore value='12424'/>
		<totalScore value='104149'/>
	</enemy>

	<scoreRatio value='0.761361'/>
	<timeFitness value='0.5'/>
	<unitsAverage value='59'/>
</results>
