<results>
	<result value='loss'/>
	<start value='2015-07-21.02:36:50'/>
	<end value='2015-07-21.02:36:54'/>
	<frames value='8000'/>
	<gameDuration value='500'/>

	<player>
		<unitScore value='1050'/>
		<killScore value='50'/>
		<buildingScore value='650'/>
		<razingScore value='0'/>
		<mineralScore value='1466'/>
		<gasScore value='256'/>
		<totalScore value='3472'/>
	</player>

	<enemy>
		<race value='Zerg'/>
		<unitScore value='1350'/>
		<killScore value='2000'/>
		<buildingScore value='780'/>
		<razingScore value='1950'/>
		<mineralScore value='2274'/>
		<gasScore value='56'/>
		<totalScore value='8410'/>
	</enemy>

	<scoreRatio value='0.412842'/>
	<timeFitness value='0.0694444'/>
	<unitsAverage value='10'/>
</results>
