<results>
	<result value='loss'/>
	<start value='2015-07-21.02:42:17'/>
	<end value='2015-07-21.02:42:51'/>
	<frames value='30320'/>
	<gameDuration value='1895'/>

	<player>
		<unitScore value='15525'/>
		<killScore value='15525'/>
		<buildingScore value='3650'/>
		<razingScore value='195'/>
		<mineralScore value='24958'/>
		<gasScore value='2176'/>
		<totalScore value='62029'/>
	</player>

	<enemy>
		<race value='Zerg'/>
		<unitScore value='16550'/>
		<killScore value='29700'/>
		<buildingScore value='3345'/>
		<razingScore value='10950'/>
		<mineralScore value='18410'/>
		<gasScore value='5804'/>
		<totalScore value='84759'/>
	</enemy>

	<scoreRatio value='0.731828'/>
	<timeFitness value='0.263194'/>
	<unitsAverage value='62'/>
</results>
