<results>
	<result value='win'/>
	<start value='2015-05-11.08:41:29'/>
	<end value='2015-05-11.08:42:32'/>
	<frames value='36489'/>
	<gameDuration value='2280'/>

	<player>
		<unitScore value='20275'/>
		<killScore value='27420'/>
		<buildingScore value='4625'/>
		<razingScore value='5775'/>
		<mineralScore value='25466'/>
		<gasScore value='3600'/>
		<totalScore value='87161'/>
	</player>

	<enemy>
		<race value='Zerg'/>
		<unitScore value='12450'/>
		<unitScore value='12450'/>
		<killScore value='18300'/>
		<buildingScore value='1925'/>
		<razingScore value='0'/>
		<mineralScore value='11818'/>
		<gasScore value='3936'/>
		<totalScore value='48429'/>
	</enemy>

	<scoreRatio value='1.79977'/>
	<timeFitness value='0.683333'/>
	<unitsAverage value='100'/>
</results>
