<results>
	<result value='loss'/>
	<start value='2015-05-11.08:48:12'/>
	<end value='2015-05-11.08:48:20'/>
	<frames value='12681'/>
	<gameDuration value='792'/>

	<player>
		<unitScore value='1000'/>
		<killScore value='250'/>
		<buildingScore value='725'/>
		<razingScore value='0'/>
		<mineralScore value='1442'/>
		<gasScore value='0'/>
		<totalScore value='3417'/>
	</player>

	<enemy>
		<race value='Zerg'/>
		<unitScore value='3925'/>
		<unitScore value='3925'/>
		<killScore value='2000'/>
		<buildingScore value='1220'/>
		<razingScore value='2175'/>
		<mineralScore value='4650'/>
		<gasScore value='856'/>
		<totalScore value='14826'/>
	</enemy>

	<scoreRatio value='0.230473'/>
	<timeFitness value='0.11'/>
	<unitsAverage value='6'/>
</results>
