<results>
	<result value='win'/>
	<start value='2015-05-11.08:57:04'/>
	<end value='2015-05-11.08:57:50'/>
	<frames value='28398'/>
	<gameDuration value='1774'/>

	<player>
		<unitScore value='18925'/>
		<killScore value='27080'/>
		<buildingScore value='4025'/>
		<razingScore value='5940'/>
		<mineralScore value='27114'/>
		<gasScore value='1976'/>
		<totalScore value='85060'/>
	</player>

	<enemy>
		<race value='Zerg'/>
		<unitScore value='12450'/>
		<unitScore value='12450'/>
		<killScore value='18450'/>
		<buildingScore value='1980'/>
		<razingScore value='0'/>
		<mineralScore value='11362'/>
		<gasScore value='3536'/>
		<totalScore value='47778'/>
	</enemy>

	<scoreRatio value='1.78032'/>
	<timeFitness value='0.753611'/>
	<unitsAverage value='96'/>
</results>
