<results>
	<result value='win'/>
	<start value='2015-05-11.08:58:46'/>
	<end value='2015-05-11.09:00:35'/>
	<frames value='55275'/>
	<gameDuration value='3454'/>

	<player>
		<unitScore value='27925'/>
		<killScore value='62690'/>
		<buildingScore value='3750'/>
		<razingScore value='12855'/>
		<mineralScore value='37430'/>
		<gasScore value='8192'/>
		<totalScore value='152842'/>
	</player>

	<enemy>
		<race value='Zerg'/>
		<unitScore value='29550'/>
		<unitScore value='29550'/>
		<killScore value='37950'/>
		<buildingScore value='4285'/>
		<razingScore value='1725'/>
		<mineralScore value='25470'/>
		<gasScore value='11078'/>
		<totalScore value='110058'/>
	</enemy>

	<scoreRatio value='1.38874'/>
	<timeFitness value='0.520278'/>
	<unitsAverage value='120'/>
</results>
