<results>
	<result value='win'/>
	<start value='2015-04-29.22:09:46'/>
	<end value='2015-04-29.22:10:14'/>
	<frames value='24492'/>
	<gameDuration value='1530'/>

	<player>
		<unitScore value='12950'/>
		<killScore value='22870'/>
		<buildingScore value='3550'/>
		<razingScore value='4560'/>
		<mineralScore value='18162'/>
		<gasScore value='2344'/>
		<totalScore value='64436'/>
	</player>

	<enemy>
		<race value='Zerg'/>
		<unitScore value='10175'/>
		<unitScore value='10175'/>
		<killScore value='11200'/>
		<buildingScore value='1520'/>
		<razingScore value='0'/>
		<mineralScore value='9546'/>
		<gasScore value='2624'/>
		<totalScore value='35065'/>
	</enemy>

	<scoreRatio value='1.83762'/>
	<timeFitness value='0.7875'/>
	<unitsAverage value='75'/>
</results>
