<results>
	<result value='win'/>
	<start value='2015-04-29.22:12:26'/>
	<end value='2015-04-29.22:13:31'/>
	<frames value='34381'/>
	<gameDuration value='2148'/>

	<player>
		<unitScore value='25200'/>
		<killScore value='46635'/>
		<buildingScore value='3675'/>
		<razingScore value='5790'/>
		<mineralScore value='39226'/>
		<gasScore value='3328'/>
		<totalScore value='123854'/>
	</player>

	<enemy>
		<race value='Zerg'/>
		<unitScore value='20150'/>
		<unitScore value='20150'/>
		<killScore value='26650'/>
		<buildingScore value='1930'/>
		<razingScore value='0'/>
		<mineralScore value='16634'/>
		<gasScore value='6016'/>
		<totalScore value='71380'/>
	</enemy>

	<scoreRatio value='1.73514'/>
	<timeFitness value='0.701667'/>
	<unitsAverage value='133'/>
</results>
