<results>
	<result value='win'/>
	<start value='2015-04-29.22:17:13'/>
	<end value='2015-04-29.22:17:38'/>
	<frames value='21826'/>
	<gameDuration value='1364'/>

	<player>
		<unitScore value='12050'/>
		<killScore value='18530'/>
		<buildingScore value='3725'/>
		<razingScore value='5580'/>
		<mineralScore value='17994'/>
		<gasScore value='1408'/>
		<totalScore value='59287'/>
	</player>

	<enemy>
		<race value='Zerg'/>
		<unitScore value='8675'/>
		<unitScore value='8675'/>
		<killScore value='7300'/>
		<buildingScore value='1860'/>
		<razingScore value='0'/>
		<mineralScore value='8778'/>
		<gasScore value='2688'/>
		<totalScore value='29301'/>
	</enemy>

	<scoreRatio value='2.02338'/>
	<timeFitness value='0.810556'/>
	<unitsAverage value='74'/>
</results>
