<results>
	<result value='win'/>
	<start value='2015-04-14.05:59:09'/>
	<end value='2015-04-14.05:59:39'/>
	<frames value='30320'/>
	<gameDuration value='1895'/>

	<player>
		<unitScore value='21175'/>
		<killScore value='19000'/>
		<buildingScore value='4675'/>
		<razingScore value='13575'/>
		<mineralScore value='29034'/>
		<gasScore value='2904'/>
		<totalScore value='90363'/>
	</player>

	<enemy>
		<race value='Protoss'/>
		<unitScore value='9600'/>
		<unitScore value='9600'/>
		<killScore value='19800'/>
		<buildingScore value='4525'/>
		<razingScore value='0'/>
		<mineralScore value='20806'/>
		<gasScore value='1032'/>
		<totalScore value='55763'/>
	</enemy>

	<scoreRatio value='1.62048'/>
</results>
