<results>
	<result value='loss'/>
	<start value='2014-07-10.12:17:34'/>
	<end value='2014-07-10.12:18:09'/>
	<frames value='46533'/>
	<gameDuration value='2908'/>

	<player>
		<unitScore value='22475'/>
		<killScore value='25350'/>
		<buildingScore value='2475'/>
		<razingScore value='600'/>
		<mineralScore value='24082'/>
		<gasScore value='4960'/>
		<totalScore value='79942'/>
	</player>

	<enemy>
		<race value='Protoss'/>
		<unitScore value='34575'/>
		<unitScore value='34575'/>
		<killScore value='44950'/>
		<buildingScore value='8175'/>
		<razingScore value='7425'/>
		<mineralScore value='31934'/>
		<gasScore value='11888'/>
		<totalScore value='138947'/>
	</enemy>

	<scoreRatio value='0.575342'/>
</results>
