<results>
	<result value='loss'/>
	<start value='2014-07-04.16:55:53'/>
	<end value='2014-07-04.16:56:02'/>
	<frames value='19594'/>
	<gameDuration value='1224'/>

	<player>
		<unitScore value='4975'/>
		<killScore value='2800'/>
		<buildingScore value='2050'/>
		<razingScore value='0'/>
		<mineralScore value='6938'/>
		<gasScore value='1408'/>
		<totalScore value='18171'/>
	</player>

	<enemy>
		<race value='Terran'/>
		<unitScore value='7500'/>
		<unitScore value='7500'/>
		<killScore value='9950'/>
		<buildingScore value='2850'/>
		<razingScore value='6150'/>
		<mineralScore value='9242'/>
		<gasScore value='3336'/>
		<totalScore value='39028'/>
	</enemy>

	<scoreRatio value='0.465589'/>
</results>
