<results>
	<result value='win'/>
	<start value='2014-07-04.16:56:53'/>
	<end value='2014-07-04.16:57:15'/>
	<frames value='27189'/>
	<gameDuration value='1699'/>

	<player>
		<unitScore value='18400'/>
		<killScore value='22350'/>
		<buildingScore value='4125'/>
		<razingScore value='6525'/>
		<mineralScore value='25358'/>
		<gasScore value='1784'/>
		<totalScore value='78542'/>
	</player>

	<enemy>
		<race value='Terran'/>
		<unitScore value='11175'/>
		<unitScore value='11175'/>
		<killScore value='13400'/>
		<buildingScore value='2175'/>
		<razingScore value='150'/>
		<mineralScore value='12050'/>
		<gasScore value='4192'/>
		<totalScore value='43142'/>
	</enemy>

	<scoreRatio value='1.82055'/>
</results>
