<results>
	<result value='win'/>
	<start value='2015-05-22.06:40:44'/>
	<end value='2015-05-22.06:41:22'/>
	<frames value='37481'/>
	<gameDuration value='2342'/>

	<player>
		<unitScore value='21925'/>
		<killScore value='23850'/>
		<buildingScore value='3150'/>
		<razingScore value='20925'/>
		<mineralScore value='25178'/>
		<gasScore value='4440'/>
		<totalScore value='99468'/>
	</player>

	<enemy>
		<race value='Protoss'/>
		<unitScore value='12825'/>
		<killScore value='25300'/>
		<buildingScore value='6975'/>
		<razingScore value='300'/>
		<mineralScore value='18578'/>
		<gasScore value='4888'/>
		<totalScore value='68866'/>
	</enemy>

	<scoreRatio value='1.44437'/>
	<timeFitness value='0.674722'/>
	<unitsAverage value='80'/>
</results>
