<results>
	<result value='win'/>
	<start value='2014-07-23.21:36:24'/>
	<end value='2014-07-23.21:36:45'/>
	<frames value='30537'/>
	<gameDuration value='1908'/>

	<player>
		<unitScore value='12500'/>
		<killScore value='20950'/>
		<buildingScore value='3675'/>
		<razingScore value='8475'/>
		<mineralScore value='17650'/>
		<gasScore value='2928'/>
		<totalScore value='66178'/>
	</player>

	<enemy>
		<race value='Terran'/>
		<unitScore value='12275'/>
		<unitScore value='12275'/>
		<killScore value='12550'/>
		<buildingScore value='2825'/>
		<razingScore value='3300'/>
		<mineralScore value='11642'/>
		<gasScore value='5000'/>
		<totalScore value='47592'/>
	</enemy>

	<scoreRatio value='1.39053'/>
</results>
