<results>
	<result value='draw'/>
	<start value='2014-07-24.02:36:17'/>
	<end value='2014-07-24.02:37:09'/>
	<frames value='57601'/>
	<gameDuration value='3600'/>

	<player>
		<unitScore value='24550'/>
		<killScore value='28750'/>
		<buildingScore value='5450'/>
		<razingScore value='450'/>
		<mineralScore value='37454'/>
		<gasScore value='5336'/>
		<totalScore value='101990'/>
	</player>

	<enemy>
		<race value='Terran'/>
		<unitScore value='27625'/>
		<unitScore value='27625'/>
		<killScore value='38950'/>
		<buildingScore value='4150'/>
		<razingScore value='5325'/>
		<mineralScore value='19542'/>
		<gasScore value='12178'/>
		<totalScore value='107770'/>
	</enemy>

	<scoreRatio value='0.946367'/>
</results>
