<results>
	<result value='win'/>
	<start value='2015-05-08.02:45:35'/>
	<end value='2015-05-08.02:45:47'/>
	<frames value='21051'/>
	<gameDuration value='1315'/>

	<player>
		<unitScore value='9850'/>
		<killScore value='14200'/>
		<buildingScore value='2625'/>
		<razingScore value='4275'/>
		<mineralScore value='14474'/>
		<gasScore value='1376'/>
		<totalScore value='46800'/>
	</player>

	<enemy>
		<race value='Terran'/>
		<unitScore value='7100'/>
		<unitScore value='7100'/>
		<killScore value='8150'/>
		<buildingScore value='1500'/>
		<razingScore value='150'/>
		<mineralScore value='9610'/>
		<gasScore value='2528'/>
		<totalScore value='29038'/>
	</enemy>

	<scoreRatio value='1.61168'/>
	<timeFitness value='0.817361'/>
	<unitsAverage value='56'/>
</results>
