<results>
	<result value='loss'/>
	<start value='2015-05-08.02:47:32'/>
	<end value='2015-05-08.02:47:39'/>
	<frames value='17052'/>
	<gameDuration value='1065'/>

	<player>
		<unitScore value='3200'/>
		<killScore value='700'/>
		<buildingScore value='1975'/>
		<razingScore value='0'/>
		<mineralScore value='5258'/>
		<gasScore value='1024'/>
		<totalScore value='12157'/>
	</player>

	<enemy>
		<race value='Terran'/>
		<unitScore value='6000'/>
		<unitScore value='6000'/>
		<killScore value='6400'/>
		<buildingScore value='2625'/>
		<razingScore value='5925'/>
		<mineralScore value='7922'/>
		<gasScore value='2376'/>
		<totalScore value='31248'/>
	</enemy>

	<scoreRatio value='0.389049'/>
	<timeFitness value='0.147917'/>
	<unitsAverage value='23'/>
</results>
