<results>
	<result value='win'/>
	<start value='2015-05-08.02:53:18'/>
	<end value='2015-05-08.02:53:32'/>
	<frames value='23531'/>
	<gameDuration value='1470'/>

	<player>
		<unitScore value='9375'/>
		<killScore value='13900'/>
		<buildingScore value='3650'/>
		<razingScore value='6600'/>
		<mineralScore value='16350'/>
		<gasScore value='1632'/>
		<totalScore value='51507'/>
	</player>

	<enemy>
		<race value='Terran'/>
		<unitScore value='7000'/>
		<unitScore value='7000'/>
		<killScore value='3700'/>
		<buildingScore value='2200'/>
		<razingScore value='150'/>
		<mineralScore value='8002'/>
		<gasScore value='2368'/>
		<totalScore value='23420'/>
	</enemy>

	<scoreRatio value='2.19927'/>
	<timeFitness value='0.795833'/>
	<unitsAverage value='65'/>
</results>
