<results>
	<result value='loss'/>
	<start value='2015-07-20.15:20:23'/>
	<end value='2015-07-20.15:21:42'/>
	<frames value='50346'/>
	<gameDuration value='3146'/>

	<player>
		<unitScore value='25250'/>
		<killScore value='30225'/>
		<buildingScore value='3425'/>
		<razingScore value='0'/>
		<mineralScore value='25362'/>
		<gasScore value='3040'/>
		<totalScore value='87302'/>
	</player>

	<enemy>
		<race value='Zerg'/>
		<unitScore value='41875'/>
		<killScore value='44300'/>
		<buildingScore value='5470'/>
		<razingScore value='10275'/>
		<mineralScore value='35134'/>
		<gasScore value='12814'/>
		<totalScore value='149868'/>
	</enemy>

	<scoreRatio value='0.582526'/>
	<timeFitness value='0.436944'/>
	<unitsAverage value='84'/>
</results>
