<results>
	<result value='draw'/>
	<start value='2015-07-20.15:21:52'/>
	<end value='2015-07-20.15:24:08'/>
	<frames value='57601'/>
	<gameDuration value='3600'/>

	<player>
		<unitScore value='34175'/>
		<killScore value='16495'/>
		<buildingScore value='4475'/>
		<razingScore value='900'/>
		<mineralScore value='34146'/>
		<gasScore value='5960'/>
		<totalScore value='96151'/>
	</player>

	<enemy>
		<race value='Zerg'/>
		<unitScore value='28600'/>
		<killScore value='47350'/>
		<buildingScore value='4435'/>
		<razingScore value='4350'/>
		<mineralScore value='28694'/>
		<gasScore value='11984'/>
		<totalScore value='125413'/>
	</enemy>

	<scoreRatio value='0.766675'/>
	<timeFitness value='0.5'/>
	<unitsAverage value='131'/>
</results>
