<results>
	<result value='draw'/>
	<start value='2015-07-20.15:24:55'/>
	<end value='2015-07-20.15:26:45'/>
	<frames value='57601'/>
	<gameDuration value='3600'/>

	<player>
		<unitScore value='24025'/>
		<killScore value='16025'/>
		<buildingScore value='3425'/>
		<razingScore value='0'/>
		<mineralScore value='22390'/>
		<gasScore value='4784'/>
		<totalScore value='70649'/>
	</player>

	<enemy>
		<race value='Zerg'/>
		<unitScore value='33100'/>
		<killScore value='35650'/>
		<buildingScore value='4790'/>
		<razingScore value='3750'/>
		<mineralScore value='40506'/>
		<gasScore value='11970'/>
		<totalScore value='129766'/>
	</enemy>

	<scoreRatio value='0.544434'/>
	<timeFitness value='0.5'/>
	<unitsAverage value='100'/>
</results>
