<results>
	<result value='draw'/>
	<start value='2015-07-20.15:30:13'/>
	<end value='2015-07-20.15:31:35'/>
	<frames value='57601'/>
	<gameDuration value='3600'/>

	<player>
		<unitScore value='27125'/>
		<killScore value='20075'/>
		<buildingScore value='3400'/>
		<razingScore value='705'/>
		<mineralScore value='31334'/>
		<gasScore value='1688'/>
		<totalScore value='84327'/>
	</player>

	<enemy>
		<race value='Zerg'/>
		<unitScore value='27825'/>
		<killScore value='46600'/>
		<buildingScore value='4305'/>
		<razingScore value='4275'/>
		<mineralScore value='31410'/>
		<gasScore value='11838'/>
		<totalScore value='126253'/>
	</enemy>

	<scoreRatio value='0.667921'/>
	<timeFitness value='0.5'/>
	<unitsAverage value='89'/>
</results>
