<results>
	<result value='loss'/>
	<start value='2015-07-20.15:39:42'/>
	<end value='2015-07-20.15:40:10'/>
	<frames value='28460'/>
	<gameDuration value='1778'/>

	<player>
		<unitScore value='13850'/>
		<killScore value='10025'/>
		<buildingScore value='3500'/>
		<razingScore value='0'/>
		<mineralScore value='21982'/>
		<gasScore value='1960'/>
		<totalScore value='51317'/>
	</player>

	<enemy>
		<race value='Zerg'/>
		<unitScore value='15875'/>
		<killScore value='26800'/>
		<buildingScore value='3320'/>
		<razingScore value='10500'/>
		<mineralScore value='16646'/>
		<gasScore value='5784'/>
		<totalScore value='78925'/>
	</enemy>

	<scoreRatio value='0.6502'/>
	<timeFitness value='0.246944'/>
	<unitsAverage value='59'/>
</results>
