<results>
	<result value='loss'/>
	<start value='2015-04-12.00:11:40'/>
	<end value='2015-04-12.00:11:52'/>
	<frames value='15223'/>
	<gameDuration value='951'/>

	<player>
		<unitScore value='2700'/>
		<killScore value='1000'/>
		<buildingScore value='1525'/>
		<razingScore value='0'/>
		<mineralScore value='4378'/>
		<gasScore value='656'/>
		<totalScore value='10259'/>
	</player>

	<enemy>
		<race value='Protoss'/>
		<unitScore value='3550'/>
		<unitScore value='3550'/>
		<killScore value='5400'/>
		<buildingScore value='3075'/>
		<razingScore value='4575'/>
		<mineralScore value='8058'/>
		<gasScore value='1432'/>
		<totalScore value='26090'/>
	</enemy>

	<scoreRatio value='0.393216'/>
</results>
