<results>
	<result value='loss'/>
	<start value='2015-04-12.00:19:02'/>
	<end value='2015-04-12.00:19:59'/>
	<frames value='45014'/>
	<gameDuration value='2813'/>

	<player>
		<unitScore value='19600'/>
		<killScore value='29100'/>
		<buildingScore value='2300'/>
		<razingScore value='300'/>
		<mineralScore value='19734'/>
		<gasScore value='3528'/>
		<totalScore value='74562'/>
	</player>

	<enemy>
		<race value='Protoss'/>
		<unitScore value='34075'/>
		<unitScore value='34075'/>
		<killScore value='39200'/>
		<buildingScore value='7525'/>
		<razingScore value='6900'/>
		<mineralScore value='33246'/>
		<gasScore value='10488'/>
		<totalScore value='131434'/>
	</enemy>

	<scoreRatio value='0.567296'/>
</results>
