<results>
	<result value='win'/>
	<start value='2015-04-29.12:07:13'/>
	<end value='2015-04-29.12:08:16'/>
	<frames value='35559'/>
	<gameDuration value='2222'/>

	<player>
		<unitScore value='25675'/>
		<killScore value='42305'/>
		<buildingScore value='4850'/>
		<razingScore value='7425'/>
		<mineralScore value='33282'/>
		<gasScore value='1856'/>
		<totalScore value='115393'/>
	</player>

	<enemy>
		<race value='Zerg'/>
		<unitScore value='17950'/>
		<unitScore value='17950'/>
		<killScore value='27200'/>
		<buildingScore value='2475'/>
		<razingScore value='0'/>
		<mineralScore value='16814'/>
		<gasScore value='5152'/>
		<totalScore value='69591'/>
	</enemy>

	<scoreRatio value='1.65816'/>
</results>
