<results>
	<result value='loss'/>
	<start value='2015-05-01.16:22:12'/>
	<end value='2015-05-01.16:22:32'/>
	<frames value='32118'/>
	<gameDuration value='2007'/>

	<player>
		<unitScore value='10075'/>
		<killScore value='10300'/>
		<buildingScore value='1625'/>
		<razingScore value='0'/>
		<mineralScore value='11122'/>
		<gasScore value='1720'/>
		<totalScore value='34842'/>
	</player>

	<enemy>
		<race value='Protoss'/>
		<unitScore value='17500'/>
		<unitScore value='17500'/>
		<killScore value='20150'/>
		<buildingScore value='6875'/>
		<razingScore value='5100'/>
		<mineralScore value='20450'/>
		<gasScore value='8056'/>
		<totalScore value='78131'/>
	</enemy>

	<scoreRatio value='0.445943'/>
	<timeFitness value='0.27875'/>
	<unitsAverage value='29'/>
</results>
