<results>
	<result value='draw'/>
	<start value='2015-05-03.18:16:44'/>
	<end value='2015-05-03.18:19:07'/>
	<frames value='57601'/>
	<gameDuration value='3600'/>

	<player>
		<unitScore value='34075'/>
		<killScore value='46560'/>
		<buildingScore value='5075'/>
		<razingScore value='5865'/>
		<mineralScore value='42910'/>
		<gasScore value='5948'/>
		<totalScore value='140433'/>
	</player>

	<enemy>
		<race value='Zerg'/>
		<unitScore value='22825'/>
		<unitScore value='22825'/>
		<killScore value='43350'/>
		<buildingScore value='2360'/>
		<razingScore value='0'/>
		<mineralScore value='20142'/>
		<gasScore value='8400'/>
		<totalScore value='97077'/>
	</enemy>

	<scoreRatio value='1.44661'/>
	<timeFitness value='0.5'/>
	<unitsAverage value='164'/>
</results>
