<results>
	<result value='win'/>
	<start value='2015-05-10.18:11:23'/>
	<end value='2015-05-10.18:11:44'/>
	<frames value='25577'/>
	<gameDuration value='1598'/>

	<player>
		<unitScore value='14375'/>
		<killScore value='19015'/>
		<buildingScore value='3200'/>
		<razingScore value='6795'/>
		<mineralScore value='18686'/>
		<gasScore value='2248'/>
		<totalScore value='64319'/>
	</player>

	<enemy>
		<race value='Zerg'/>
		<unitScore value='9325'/>
		<unitScore value='9325'/>
		<killScore value='12500'/>
		<buildingScore value='2265'/>
		<razingScore value='0'/>
		<mineralScore value='9810'/>
		<gasScore value='2792'/>
		<totalScore value='36692'/>
	</enemy>

	<scoreRatio value='1.75294'/>
	<timeFitness value='0.778056'/>
	<unitsAverage value='79'/>
</results>
