<results>
	<result value='win'/>
	<start value='2015-05-10.18:11:48'/>
	<end value='2015-05-10.18:12:07'/>
	<frames value='23748'/>
	<gameDuration value='1484'/>

	<player>
		<unitScore value='11700'/>
		<killScore value='20090'/>
		<buildingScore value='2325'/>
		<razingScore value='5655'/>
		<mineralScore value='17438'/>
		<gasScore value='1992'/>
		<totalScore value='59200'/>
	</player>

	<enemy>
		<race value='Zerg'/>
		<unitScore value='9150'/>
		<unitScore value='9150'/>
		<killScore value='7050'/>
		<buildingScore value='1885'/>
		<razingScore value='0'/>
		<mineralScore value='9154'/>
		<gasScore value='2568'/>
		<totalScore value='29807'/>
	</enemy>

	<scoreRatio value='1.98611'/>
	<timeFitness value='0.793889'/>
	<unitsAverage value='73'/>
</results>
