<results>
	<result value='win'/>
	<start value='2015-05-10.18:12:35'/>
	<end value='2015-05-10.18:12:58'/>
	<frames value='25670'/>
	<gameDuration value='1604'/>

	<player>
		<unitScore value='16625'/>
		<killScore value='23280'/>
		<buildingScore value='3775'/>
		<razingScore value='5700'/>
		<mineralScore value='22874'/>
		<gasScore value='1528'/>
		<totalScore value='73782'/>
	</player>

	<enemy>
		<race value='Zerg'/>
		<unitScore value='10675'/>
		<unitScore value='10675'/>
		<killScore value='13700'/>
		<buildingScore value='1900'/>
		<razingScore value='0'/>
		<mineralScore value='10450'/>
		<gasScore value='3456'/>
		<totalScore value='40181'/>
	</enemy>

	<scoreRatio value='1.83624'/>
	<timeFitness value='0.777222'/>
	<unitsAverage value='89'/>
</results>
