<results>
	<result value='win'/>
	<start value='2015-05-03.18:28:49'/>
	<end value='2015-05-03.18:29:44'/>
	<frames value='36644'/>
	<gameDuration value='2290'/>

	<player>
		<unitScore value='28150'/>
		<killScore value='39920'/>
		<buildingScore value='3725'/>
		<razingScore value='7740'/>
		<mineralScore value='33886'/>
		<gasScore value='3040'/>
		<totalScore value='116461'/>
	</player>

	<enemy>
		<race value='Zerg'/>
		<unitScore value='17900'/>
		<unitScore value='17900'/>
		<killScore value='39500'/>
		<buildingScore value='2580'/>
		<razingScore value='0'/>
		<mineralScore value='15690'/>
		<gasScore value='5024'/>
		<totalScore value='80694'/>
	</enemy>

	<scoreRatio value='1.44324'/>
	<timeFitness value='0.681944'/>
	<unitsAverage value='118'/>
</results>
