<results>
	<result value='draw'/>
	<start value='2015-04-16.14:21:42'/>
	<end value='2015-04-16.14:24:32'/>
	<frames value='57601'/>
	<gameDuration value='3600'/>

	<player>
		<unitScore value='36650'/>
		<killScore value='73550'/>
		<buildingScore value='3525'/>
		<razingScore value='9900'/>
		<mineralScore value='35862'/>
		<gasScore value='5100'/>
		<totalScore value='164587'/>
	</player>

	<enemy>
		<race value='Protoss'/>
		<unitScore value='42725'/>
		<unitScore value='42725'/>
		<killScore value='50050'/>
		<buildingScore value='6475'/>
		<razingScore value='1650'/>
		<mineralScore value='27050'/>
		<gasScore value='14704'/>
		<totalScore value='142654'/>
	</enemy>

	<scoreRatio value='1.15375'/>
</results>
