<results>
	<result value='loss'/>
	<start value='2014-07-11.19:11:37'/>
	<end value='2014-07-11.19:12:13'/>
	<frames value='50749'/>
	<gameDuration value='3171'/>

	<player>
		<unitScore value='17475'/>
		<killScore value='18550'/>
		<buildingScore value='3950'/>
		<razingScore value='1125'/>
		<mineralScore value='21862'/>
		<gasScore value='3552'/>
		<totalScore value='66514'/>
	</player>

	<enemy>
		<race value='Terran'/>
		<unitScore value='23100'/>
		<unitScore value='23100'/>
		<killScore value='34950'/>
		<buildingScore value='5650'/>
		<razingScore value='11850'/>
		<mineralScore value='28838'/>
		<gasScore value='11230'/>
		<totalScore value='115618'/>
	</enemy>

	<scoreRatio value='0.575291'/>
</results>
