<results>
	<result value='win'/>
	<start value='2014-07-11.19:16:03'/>
	<end value='2014-07-11.19:16:19'/>
	<frames value='22508'/>
	<gameDuration value='1406'/>

	<player>
		<unitScore value='9450'/>
		<killScore value='13350'/>
		<buildingScore value='3200'/>
		<razingScore value='6450'/>
		<mineralScore value='14338'/>
		<gasScore value='1696'/>
		<totalScore value='48484'/>
	</player>

	<enemy>
		<race value='Terran'/>
		<unitScore value='6675'/>
		<unitScore value='6675'/>
		<killScore value='4650'/>
		<buildingScore value='2150'/>
		<razingScore value='1575'/>
		<mineralScore value='8242'/>
		<gasScore value='2672'/>
		<totalScore value='25964'/>
	</enemy>

	<scoreRatio value='1.86735'/>
</results>
