<results>
	<result value='win'/>
	<start value='2014-07-03.03:12:45'/>
	<end value='2014-07-03.03:13:07'/>
	<frames value='29917'/>
	<gameDuration value='1869'/>

	<player>
		<unitScore value='14750'/>
		<killScore value='15200'/>
		<buildingScore value='4100'/>
		<razingScore value='13875'/>
		<mineralScore value='23810'/>
		<gasScore value='2592'/>
		<totalScore value='74327'/>
	</player>

	<enemy>
		<race value='Protoss'/>
		<unitScore value='7600'/>
		<unitScore value='7600'/>
		<killScore value='10200'/>
		<buildingScore value='4625'/>
		<razingScore value='450'/>
		<mineralScore value='12370'/>
		<gasScore value='1272'/>
		<totalScore value='36517'/>
	</enemy>

	<scoreRatio value='2.03541'/>
</results>
