<results>
	<result value='loss'/>
	<start value='2015-04-08.07:10:08'/>
	<end value='2015-04-08.07:10:17'/>
	<frames value='18292'/>
	<gameDuration value='1143'/>

	<player>
		<unitScore value='4375'/>
		<killScore value='3400'/>
		<buildingScore value='1625'/>
		<razingScore value='0'/>
		<mineralScore value='5594'/>
		<gasScore value='296'/>
		<totalScore value='15290'/>
	</player>

	<enemy>
		<race value='Protoss'/>
		<unitScore value='4675'/>
		<unitScore value='4675'/>
		<killScore value='8000'/>
		<buildingScore value='3825'/>
		<razingScore value='4875'/>
		<mineralScore value='9506'/>
		<gasScore value='2496'/>
		<totalScore value='33377'/>
	</enemy>

	<scoreRatio value='0.4581'/>
</results>
