<results>
	<result value='win'/>
	<start value='2015-04-27.13:28:52'/>
	<end value='2015-04-27.13:29:16'/>
	<frames value='28212'/>
	<gameDuration value='1763'/>

	<player>
		<unitScore value='13050'/>
		<killScore value='17000'/>
		<buildingScore value='3025'/>
		<razingScore value='8025'/>
		<mineralScore value='15386'/>
		<gasScore value='3032'/>
		<totalScore value='59518'/>
	</player>

	<enemy>
		<race value='Terran'/>
		<unitScore value='9600'/>
		<unitScore value='9600'/>
		<killScore value='13000'/>
		<buildingScore value='2675'/>
		<razingScore value='3000'/>
		<mineralScore value='9554'/>
		<gasScore value='2832'/>
		<totalScore value='40661'/>
	</enemy>

	<scoreRatio value='1.46376'/>
</results>
