<results>
	<result value='win'/>
	<start value='2015-04-27.13:34:36'/>
	<end value='2015-04-27.13:35:08'/>
	<frames value='35094'/>
	<gameDuration value='2193'/>

	<player>
		<unitScore value='16375'/>
		<killScore value='26700'/>
		<buildingScore value='3750'/>
		<razingScore value='9600'/>
		<mineralScore value='20778'/>
		<gasScore value='3616'/>
		<totalScore value='80819'/>
	</player>

	<enemy>
		<race value='Terran'/>
		<unitScore value='13750'/>
		<unitScore value='13750'/>
		<killScore value='18250'/>
		<buildingScore value='3200'/>
		<razingScore value='3525'/>
		<mineralScore value='12446'/>
		<gasScore value='5474'/>
		<totalScore value='56645'/>
	</enemy>

	<scoreRatio value='1.42676'/>
</results>
