<results>
	<result value='win'/>
	<start value='2015-04-27.13:36:34'/>
	<end value='2015-04-27.13:36:56'/>
	<frames value='23159'/>
	<gameDuration value='1447'/>

	<player>
		<unitScore value='10725'/>
		<killScore value='17750'/>
		<buildingScore value='3575'/>
		<razingScore value='7050'/>
		<mineralScore value='16438'/>
		<gasScore value='2048'/>
		<totalScore value='57586'/>
	</player>

	<enemy>
		<race value='Terran'/>
		<unitScore value='9175'/>
		<unitScore value='9175'/>
		<killScore value='6900'/>
		<buildingScore value='2350'/>
		<razingScore value='2025'/>
		<mineralScore value='9050'/>
		<gasScore value='2824'/>
		<totalScore value='32324'/>
	</enemy>

	<scoreRatio value='1.78152'/>
</results>
