<results>
	<result value='win'/>
	<start value='2015-05-21.23:21:03'/>
	<end value='2015-05-21.23:21:52'/>
	<frames value='46037'/>
	<gameDuration value='2877'/>

	<player>
		<unitScore value='32925'/>
		<killScore value='63050'/>
		<buildingScore value='3975'/>
		<razingScore value='11280'/>
		<mineralScore value='34690'/>
		<gasScore value='3168'/>
		<totalScore value='149088'/>
	</player>

	<enemy>
		<race value='Zerg'/>
		<unitScore value='29500'/>
		<killScore value='42950'/>
		<buildingScore value='3760'/>
		<razingScore value='450'/>
		<mineralScore value='23498'/>
		<gasScore value='9140'/>
		<totalScore value='109298'/>
	</enemy>

	<scoreRatio value='1.36405'/>
	<timeFitness value='0.600417'/>
	<unitsAverage value='112'/>
</results>
