<results>
	<result value='win'/>
	<start value='2014-07-24.01:55:08'/>
	<end value='2014-07-24.01:55:30'/>
	<frames value='29080'/>
	<gameDuration value='1817'/>

	<player>
		<unitScore value='16175'/>
		<killScore value='29955'/>
		<buildingScore value='3375'/>
		<razingScore value='6210'/>
		<mineralScore value='23450'/>
		<gasScore value='3168'/>
		<totalScore value='82333'/>
	</player>

	<enemy>
		<race value='Zerg'/>
		<unitScore value='14225'/>
		<unitScore value='14225'/>
		<killScore value='16900'/>
		<buildingScore value='2070'/>
		<razingScore value='0'/>
		<mineralScore value='12770'/>
		<gasScore value='4304'/>
		<totalScore value='50269'/>
	</enemy>

	<scoreRatio value='1.63785'/>
</results>
