<results>
	<result value='loss'/>
	<start value='2015-05-02.19:41:25'/>
	<end value='2015-05-02.19:41:52'/>
	<frames value='44549'/>
	<gameDuration value='2784'/>

	<player>
		<unitScore value='5925'/>
		<killScore value='5850'/>
		<buildingScore value='2400'/>
		<razingScore value='0'/>
		<mineralScore value='8042'/>
		<gasScore value='1024'/>
		<totalScore value='23241'/>
	</player>

	<enemy>
		<race value='Terran'/>
		<unitScore value='10625'/>
		<unitScore value='10625'/>
		<killScore value='11550'/>
		<buildingScore value='3875'/>
		<razingScore value='7200'/>
		<mineralScore value='19534'/>
		<gasScore value='10934'/>
		<totalScore value='63718'/>
	</enemy>

	<scoreRatio value='0.364748'/>
	<timeFitness value='0.386667'/>
	<unitsAverage value='17'/>
</results>
