<results>
	<result value='draw'/>
	<start value='2015-05-07.14:24:19'/>
	<end value='2015-05-07.14:25:15'/>
	<frames value='57601'/>
	<gameDuration value='3600'/>

	<player>
		<unitScore value='30475'/>
		<killScore value='42500'/>
		<buildingScore value='3325'/>
		<razingScore value='0'/>
		<mineralScore value='31678'/>
		<gasScore value='5552'/>
		<totalScore value='113530'/>
	</player>

	<enemy>
		<race value='Terran'/>
		<unitScore value='32775'/>
		<unitScore value='32775'/>
		<killScore value='54650'/>
		<buildingScore value='4675'/>
		<razingScore value='3750'/>
		<mineralScore value='31254'/>
		<gasScore value='12272'/>
		<totalScore value='139376'/>
	</enemy>

	<scoreRatio value='0.814559'/>
	<timeFitness value='0.5'/>
	<unitsAverage value='97'/>
</results>
