<results>
	<result value='win'/>
	<start value='2014-07-06.05:20:35'/>
	<end value='2014-07-06.05:20:54'/>
	<frames value='25081'/>
	<gameDuration value='1567'/>

	<player>
		<unitScore value='11900'/>
		<killScore value='10300'/>
		<buildingScore value='2425'/>
		<razingScore value='10125'/>
		<mineralScore value='15338'/>
		<gasScore value='2480'/>
		<totalScore value='52568'/>
	</player>

	<enemy>
		<race value='Protoss'/>
		<unitScore value='5150'/>
		<unitScore value='5150'/>
		<killScore value='9000'/>
		<buildingScore value='3375'/>
		<razingScore value='0'/>
		<mineralScore value='9514'/>
		<gasScore value='2264'/>
		<totalScore value='29303'/>
	</enemy>

	<scoreRatio value='1.79395'/>
</results>
