<results>
	<result value='win'/>
	<start value='2014-07-06.05:26:20'/>
	<end value='2014-07-06.05:26:41'/>
	<frames value='24554'/>
	<gameDuration value='1534'/>

	<player>
		<unitScore value='12175'/>
		<killScore value='9800'/>
		<buildingScore value='2900'/>
		<razingScore value='11550'/>
		<mineralScore value='18306'/>
		<gasScore value='2192'/>
		<totalScore value='56923'/>
	</player>

	<enemy>
		<race value='Protoss'/>
		<unitScore value='4900'/>
		<unitScore value='4900'/>
		<killScore value='6350'/>
		<buildingScore value='3850'/>
		<razingScore value='0'/>
		<mineralScore value='11018'/>
		<gasScore value='1368'/>
		<totalScore value='27486'/>
	</enemy>

	<scoreRatio value='2.07098'/>
</results>
