<results>
	<result value='win'/>
	<start value='2014-07-07.05:01:43'/>
	<end value='2014-07-07.05:02:32'/>
	<frames value='37822'/>
	<gameDuration value='2363'/>

	<player>
		<unitScore value='26675'/>
		<killScore value='38850'/>
		<buildingScore value='5225'/>
		<razingScore value='19650'/>
		<mineralScore value='37082'/>
		<gasScore value='3512'/>
		<totalScore value='130994'/>
	</player>

	<enemy>
		<race value='Protoss'/>
		<unitScore value='19625'/>
		<unitScore value='19625'/>
		<killScore value='28550'/>
		<buildingScore value='6550'/>
		<razingScore value='0'/>
		<mineralScore value='20902'/>
		<gasScore value='5488'/>
		<totalScore value='81115'/>
	</enemy>

	<scoreRatio value='1.61492'/>
</results>
