<results>
	<result value='loss'/>
	<start value='2014-07-07.05:03:11'/>
	<end value='2014-07-07.05:03:17'/>
	<frames value='15006'/>
	<gameDuration value='937'/>

	<player>
		<unitScore value='3325'/>
		<killScore value='1000'/>
		<buildingScore value='1425'/>
		<razingScore value='0'/>
		<mineralScore value='4874'/>
		<gasScore value='744'/>
		<totalScore value='11368'/>
	</player>

	<enemy>
		<race value='Protoss'/>
		<unitScore value='3550'/>
		<unitScore value='3550'/>
		<killScore value='6550'/>
		<buildingScore value='2675'/>
		<razingScore value='4275'/>
		<mineralScore value='7866'/>
		<gasScore value='1384'/>
		<totalScore value='26300'/>
	</enemy>

	<scoreRatio value='0.432243'/>
</results>
