<results>
	<result value='win'/>
	<start value='2014-07-07.05:08:33'/>
	<end value='2014-07-07.05:09:31'/>
	<frames value='41418'/>
	<gameDuration value='2588'/>

	<player>
		<unitScore value='38000'/>
		<killScore value='32650'/>
		<buildingScore value='4700'/>
		<razingScore value='16125'/>
		<mineralScore value='43602'/>
		<gasScore value='4528'/>
		<totalScore value='139605'/>
	</player>

	<enemy>
		<race value='Protoss'/>
		<unitScore value='16775'/>
		<unitScore value='16775'/>
		<killScore value='52000'/>
		<buildingScore value='5375'/>
		<razingScore value='0'/>
		<mineralScore value='19410'/>
		<gasScore value='4994'/>
		<totalScore value='98554'/>
	</enemy>

	<scoreRatio value='1.41653'/>
</results>
