<results>
	<result value='loss'/>
	<start value='2015-07-20.16:58:47'/>
	<end value='2015-07-20.16:59:18'/>
	<frames value='28305'/>
	<gameDuration value='1769'/>

	<player>
		<unitScore value='16750'/>
		<killScore value='11850'/>
		<buildingScore value='2725'/>
		<razingScore value='0'/>
		<mineralScore value='23762'/>
		<gasScore value='2376'/>
		<totalScore value='57463'/>
	</player>

	<enemy>
		<race value='Zerg'/>
		<unitScore value='16950'/>
		<killScore value='32550'/>
		<buildingScore value='3345'/>
		<razingScore value='8175'/>
		<mineralScore value='17242'/>
		<gasScore value='5432'/>
		<totalScore value='83694'/>
	</enemy>

	<scoreRatio value='0.686584'/>
	<timeFitness value='0.245694'/>
	<unitsAverage value='66'/>
</results>
