<results>
	<result value='loss'/>
	<start value='2015-04-09.21:54:27'/>
	<end value='2015-04-09.21:54:56'/>
	<frames value='34164'/>
	<gameDuration value='2135'/>

	<player>
		<unitScore value='10450'/>
		<killScore value='6000'/>
		<buildingScore value='3225'/>
		<razingScore value='0'/>
		<mineralScore value='15138'/>
		<gasScore value='2704'/>
		<totalScore value='37517'/>
	</player>

	<enemy>
		<race value='Protoss'/>
		<unitScore value='20125'/>
		<unitScore value='20125'/>
		<killScore value='20650'/>
		<buildingScore value='7075'/>
		<razingScore value='9675'/>
		<mineralScore value='22578'/>
		<gasScore value='9376'/>
		<totalScore value='89479'/>
	</enemy>

	<scoreRatio value='0.419283'/>
</results>
