<results>
	<result value='loss'/>
	<start value='2015-04-09.21:56:13'/>
	<end value='2015-04-09.21:56:37'/>
	<frames value='38380'/>
	<gameDuration value='2398'/>

	<player>
		<unitScore value='12275'/>
		<killScore value='19950'/>
		<buildingScore value='2775'/>
		<razingScore value='600'/>
		<mineralScore value='18042'/>
		<gasScore value='2992'/>
		<totalScore value='56634'/>
	</player>

	<enemy>
		<race value='Protoss'/>
		<unitScore value='27175'/>
		<unitScore value='27175'/>
		<killScore value='24300'/>
		<buildingScore value='7175'/>
		<razingScore value='8325'/>
		<mineralScore value='28042'/>
		<gasScore value='9270'/>
		<totalScore value='104287'/>
	</enemy>

	<scoreRatio value='0.543059'/>
</results>
