<results>
	<result value='win'/>
	<start value='2015-04-09.22:00:20'/>
	<end value='2015-04-09.22:01:11'/>
	<frames value='34164'/>
	<gameDuration value='2135'/>

	<player>
		<unitScore value='21300'/>
		<killScore value='39500'/>
		<buildingScore value='5075'/>
		<razingScore value='18750'/>
		<mineralScore value='30102'/>
		<gasScore value='1880'/>
		<totalScore value='116607'/>
	</player>

	<enemy>
		<race value='Protoss'/>
		<unitScore value='19750'/>
		<unitScore value='19750'/>
		<killScore value='18300'/>
		<buildingScore value='6250'/>
		<razingScore value='0'/>
		<mineralScore value='22806'/>
		<gasScore value='4656'/>
		<totalScore value='71762'/>
	</enemy>

	<scoreRatio value='1.62491'/>
</results>
