<results>
	<result value='loss'/>
	<start value='2014-07-03.01:39:53'/>
	<end value='2014-07-03.01:40:02'/>
	<frames value='20338'/>
	<gameDuration value='1271'/>

	<player>
		<unitScore value='2950'/>
		<killScore value='3600'/>
		<buildingScore value='1525'/>
		<razingScore value='0'/>
		<mineralScore value='4586'/>
		<gasScore value='752'/>
		<totalScore value='13413'/>
	</player>

	<enemy>
		<race value='Protoss'/>
		<unitScore value='6225'/>
		<unitScore value='6225'/>
		<killScore value='5900'/>
		<buildingScore value='5225'/>
		<razingScore value='4575'/>
		<mineralScore value='11938'/>
		<gasScore value='2464'/>
		<totalScore value='36327'/>
	</enemy>

	<scoreRatio value='0.369229'/>
</results>
