<results>
	<result value='win'/>
	<start value='2015-05-05.12:20:29'/>
	<end value='2015-05-05.12:20:58'/>
	<frames value='26228'/>
	<gameDuration value='1639'/>

	<player>
		<unitScore value='17250'/>
		<killScore value='23805'/>
		<buildingScore value='3400'/>
		<razingScore value='4560'/>
		<mineralScore value='26802'/>
		<gasScore value='0'/>
		<totalScore value='75817'/>
	</player>

	<enemy>
		<race value='Zerg'/>
		<unitScore value='11125'/>
		<unitScore value='11125'/>
		<killScore value='18500'/>
		<buildingScore value='1520'/>
		<razingScore value='0'/>
		<mineralScore value='9634'/>
		<gasScore value='2824'/>
		<totalScore value='43603'/>
	</enemy>

	<scoreRatio value='1.7388'/>
	<timeFitness value='0.772361'/>
	<unitsAverage value='91'/>
</results>
