<results>
	<result value='win'/>
	<start value='2015-05-11.14:37:33'/>
	<end value='2015-05-11.14:37:55'/>
	<frames value='25422'/>
	<gameDuration value='1588'/>

	<player>
		<unitScore value='15275'/>
		<killScore value='18160'/>
		<buildingScore value='3750'/>
		<razingScore value='5535'/>
		<mineralScore value='20326'/>
		<gasScore value='1824'/>
		<totalScore value='64870'/>
	</player>

	<enemy>
		<race value='Zerg'/>
		<unitScore value='9125'/>
		<unitScore value='9125'/>
		<killScore value='11850'/>
		<buildingScore value='1845'/>
		<razingScore value='0'/>
		<mineralScore value='9290'/>
		<gasScore value='2984'/>
		<totalScore value='35094'/>
	</enemy>

	<scoreRatio value='1.84846'/>
	<timeFitness value='0.779444'/>
	<unitsAverage value='85'/>
</results>
