<results>
	<result value='loss'/>
	<start value='2015-05-05.12:35:33'/>
	<end value='2015-05-05.12:35:53'/>
	<frames value='26073'/>
	<gameDuration value='1629'/>

	<player>
		<unitScore value='10900'/>
		<killScore value='6050'/>
		<buildingScore value='3075'/>
		<razingScore value='0'/>
		<mineralScore value='15082'/>
		<gasScore value='0'/>
		<totalScore value='35107'/>
	</player>

	<enemy>
		<race value='Zerg'/>
		<unitScore value='9825'/>
		<unitScore value='9825'/>
		<killScore value='21800'/>
		<buildingScore value='3215'/>
		<razingScore value='9225'/>
		<mineralScore value='13030'/>
		<gasScore value='4368'/>
		<totalScore value='61463'/>
	</enemy>

	<scoreRatio value='0.571189'/>
	<timeFitness value='0.22625'/>
	<unitsAverage value='41'/>
</results>
