<results>
	<result value='win'/>
	<start value='2015-05-11.14:46:23'/>
	<end value='2015-05-11.14:46:47'/>
	<frames value='32366'/>
	<gameDuration value='2022'/>

	<player>
		<unitScore value='16375'/>
		<killScore value='23160'/>
		<buildingScore value='3300'/>
		<razingScore value='7770'/>
		<mineralScore value='20258'/>
		<gasScore value='2824'/>
		<totalScore value='73687'/>
	</player>

	<enemy>
		<race value='Zerg'/>
		<unitScore value='11650'/>
		<unitScore value='11650'/>
		<killScore value='16950'/>
		<buildingScore value='2590'/>
		<razingScore value='300'/>
		<mineralScore value='12810'/>
		<gasScore value='3872'/>
		<totalScore value='48172'/>
	</enemy>

	<scoreRatio value='1.52966'/>
	<timeFitness value='0.719167'/>
	<unitsAverage value='67'/>
</results>
