<results>
	<result value='loss'/>
	<start value='2015-05-11.14:49:25'/>
	<end value='2015-05-11.14:49:32'/>
	<frames value='18013'/>
	<gameDuration value='1125'/>

	<player>
		<unitScore value='1050'/>
		<killScore value='300'/>
		<buildingScore value='625'/>
		<razingScore value='0'/>
		<mineralScore value='1370'/>
		<gasScore value='80'/>
		<totalScore value='3425'/>
	</player>

	<enemy>
		<race value='Zerg'/>
		<unitScore value='7275'/>
		<unitScore value='7275'/>
		<killScore value='2100'/>
		<buildingScore value='1220'/>
		<razingScore value='1875'/>
		<mineralScore value='7066'/>
		<gasScore value='1904'/>
		<totalScore value='21440'/>
	</enemy>

	<scoreRatio value='0.159748'/>
	<timeFitness value='0.15625'/>
	<unitsAverage value='7'/>
</results>
