<results>
	<result value='win'/>
	<start value='2015-04-14.01:06:00'/>
	<end value='2015-04-14.01:08:06'/>
	<frames value='44518'/>
	<gameDuration value='2782'/>

	<player>
		<unitScore value='30725'/>
		<killScore value='41800'/>
		<buildingScore value='4800'/>
		<razingScore value='20250'/>
		<mineralScore value='36258'/>
		<gasScore value='4466'/>
		<totalScore value='138299'/>
	</player>

	<enemy>
		<race value='Protoss'/>
		<unitScore value='22400'/>
		<unitScore value='22400'/>
		<killScore value='33350'/>
		<buildingScore value='6750'/>
		<razingScore value='0'/>
		<mineralScore value='22642'/>
		<gasScore value='8396'/>
		<totalScore value='93538'/>
	</enemy>

	<scoreRatio value='1.47853'/>
</results>
