<results>
	<result value='win'/>
	<start value='2015-05-03.12:47:48'/>
	<end value='2015-05-03.12:48:11'/>
	<frames value='25174'/>
	<gameDuration value='1573'/>

	<player>
		<unitScore value='13450'/>
		<killScore value='17620'/>
		<buildingScore value='2975'/>
		<razingScore value='6600'/>
		<mineralScore value='17030'/>
		<gasScore value='1880'/>
		<totalScore value='59555'/>
	</player>

	<enemy>
		<race value='Zerg'/>
		<unitScore value='8175'/>
		<unitScore value='8175'/>
		<killScore value='12300'/>
		<buildingScore value='2200'/>
		<razingScore value='0'/>
		<mineralScore value='9218'/>
		<gasScore value='2616'/>
		<totalScore value='34509'/>
	</enemy>

	<scoreRatio value='1.72578'/>
	<timeFitness value='0.781528'/>
	<unitsAverage value='69'/>
</results>
