<results>
	<result value='win'/>
	<start value='2015-05-03.12:49:41'/>
	<end value='2015-05-03.12:50:06'/>
	<frames value='26755'/>
	<gameDuration value='1672'/>

	<player>
		<unitScore value='14675'/>
		<killScore value='26725'/>
		<buildingScore value='2175'/>
		<razingScore value='6615'/>
		<mineralScore value='16714'/>
		<gasScore value='2592'/>
		<totalScore value='69496'/>
	</player>

	<enemy>
		<race value='Zerg'/>
		<unitScore value='12525'/>
		<unitScore value='12525'/>
		<killScore value='16600'/>
		<buildingScore value='2205'/>
		<razingScore value='0'/>
		<mineralScore value='12570'/>
		<gasScore value='3960'/>
		<totalScore value='47860'/>
	</enemy>

	<scoreRatio value='1.45207'/>
	<timeFitness value='0.767778'/>
	<unitsAverage value='65'/>
</results>
