<results>
	<result value='win'/>
	<start value='2015-05-05.22:52:04'/>
	<end value='2015-05-05.22:52:44'/>
	<frames value='39124'/>
	<gameDuration value='2445'/>

	<player>
		<unitScore value='22150'/>
		<killScore value='28100'/>
		<buildingScore value='3425'/>
		<razingScore value='28125'/>
		<mineralScore value='26130'/>
		<gasScore value='3488'/>
		<totalScore value='111418'/>
	</player>

	<enemy>
		<race value='Protoss'/>
		<unitScore value='15550'/>
		<unitScore value='15550'/>
		<killScore value='26100'/>
		<buildingScore value='9375'/>
		<razingScore value='675'/>
		<mineralScore value='20786'/>
		<gasScore value='7096'/>
		<totalScore value='79582'/>
	</enemy>

	<scoreRatio value='1.40004'/>
	<timeFitness value='0.660417'/>
	<unitsAverage value='94'/>
</results>
