<results>
	<result value='draw'/>
	<start value='2015-07-15.07:20:24'/>
	<end value='2015-07-15.07:22:44'/>
	<frames value='57601'/>
	<gameDuration value='3600'/>

	<player>
		<unitScore value='33775'/>
		<killScore value='26600'/>
		<buildingScore value='3850'/>
		<razingScore value='150'/>
		<mineralScore value='32374'/>
		<gasScore value='4008'/>
		<totalScore value='100757'/>
	</player>

	<enemy>
		<race value='Terran'/>
		<unitScore value='28000'/>
		<killScore value='51300'/>
		<buildingScore value='4200'/>
		<razingScore value='2325'/>
		<mineralScore value='19550'/>
		<gasScore value='12300'/>
		<totalScore value='117675'/>
	</enemy>

	<scoreRatio value='0.856231'/>
	<timeFitness value='0.5'/>
	<unitsAverage value='121'/>
</results>
