<results>
	<result value='win'/>
	<start value='2015-04-29.15:56:13'/>
	<end value='2015-04-29.15:56:31'/>
	<frames value='21702'/>
	<gameDuration value='1356'/>

	<player>
		<unitScore value='8450'/>
		<killScore value='9700'/>
		<buildingScore value='2225'/>
		<razingScore value='8925'/>
		<mineralScore value='12238'/>
		<gasScore value='1648'/>
		<totalScore value='43186'/>
	</player>

	<enemy>
		<race value='Protoss'/>
		<unitScore value='4850'/>
		<unitScore value='4850'/>
		<killScore value='5600'/>
		<buildingScore value='2975'/>
		<razingScore value='300'/>
		<mineralScore value='9626'/>
		<gasScore value='1504'/>
		<totalScore value='24855'/>
	</enemy>

	<scoreRatio value='1.73752'/>
</results>
