<results>
	<result value='win'/>
	<start value='2015-05-08.05:34:26'/>
	<end value='2015-05-08.05:34:40'/>
	<frames value='18757'/>
	<gameDuration value='1172'/>

	<player>
		<unitScore value='8950'/>
		<killScore value='10650'/>
		<buildingScore value='2700'/>
		<razingScore value='4125'/>
		<mineralScore value='13866'/>
		<gasScore value='1232'/>
		<totalScore value='41523'/>
	</player>

	<enemy>
		<race value='Terran'/>
		<unitScore value='5325'/>
		<unitScore value='5325'/>
		<killScore value='3350'/>
		<buildingScore value='1450'/>
		<razingScore value='0'/>
		<mineralScore value='7490'/>
		<gasScore value='1912'/>
		<totalScore value='19527'/>
	</enemy>

	<scoreRatio value='2.12644'/>
	<timeFitness value='0.837222'/>
	<unitsAverage value='66'/>
</results>
