<results>
	<result value='win'/>
	<start value='2015-05-04.19:31:02'/>
	<end value='2015-05-04.19:31:52'/>
	<frames value='32025'/>
	<gameDuration value='2001'/>

	<player>
		<unitScore value='19125'/>
		<killScore value='29300'/>
		<buildingScore value='4375'/>
		<razingScore value='10875'/>
		<mineralScore value='34642'/>
		<gasScore value='2496'/>
		<totalScore value='100813'/>
	</player>

	<enemy>
		<race value='Terran'/>
		<unitScore value='14650'/>
		<unitScore value='14650'/>
		<killScore value='14700'/>
		<buildingScore value='3625'/>
		<razingScore value='1875'/>
		<mineralScore value='14854'/>
		<gasScore value='5110'/>
		<totalScore value='54814'/>
	</enemy>

	<scoreRatio value='1.83918'/>
	<timeFitness value='0.722083'/>
	<unitsAverage value='104'/>
</results>
