<results>
	<result value='loss'/>
	<start value='2015-05-03.05:00:58'/>
	<end value='2015-05-03.05:01:06'/>
	<frames value='19098'/>
	<gameDuration value='1193'/>

	<player>
		<unitScore value='5400'/>
		<killScore value='200'/>
		<buildingScore value='2025'/>
		<razingScore value='0'/>
		<mineralScore value='7866'/>
		<gasScore value='0'/>
		<totalScore value='15491'/>
	</player>

	<enemy>
		<race value='Protoss'/>
		<unitScore value='4600'/>
		<unitScore value='4600'/>
		<killScore value='10800'/>
		<buildingScore value='5225'/>
		<razingScore value='6075'/>
		<mineralScore value='10970'/>
		<gasScore value='2176'/>
		<totalScore value='39846'/>
	</enemy>

	<scoreRatio value='0.388772'/>
	<timeFitness value='0.165694'/>
	<unitsAverage value='29'/>
</results>
