<results>
	<result value='draw'/>
	<start value='2015-05-11.23:08:59'/>
	<end value='2015-05-11.23:09:52'/>
	<frames value='57601'/>
	<gameDuration value='3600'/>

	<player>
		<unitScore value='25625'/>
		<killScore value='45650'/>
		<buildingScore value='2225'/>
		<razingScore value='15675'/>
		<mineralScore value='25506'/>
		<gasScore value='4632'/>
		<totalScore value='119313'/>
	</player>

	<enemy>
		<race value='Protoss'/>
		<unitScore value='28675'/>
		<unitScore value='28675'/>
		<killScore value='42000'/>
		<buildingScore value='10400'/>
		<razingScore value='300'/>
		<mineralScore value='33634'/>
		<gasScore value='9260'/>
		<totalScore value='124269'/>
	</enemy>

	<scoreRatio value='0.960119'/>
	<timeFitness value='0.5'/>
	<unitsAverage value='79'/>
</results>
