<results>
	<result value='loss'/>
	<start value='2015-05-03.05:03:21'/>
	<end value='2015-05-03.05:03:30'/>
	<frames value='18633'/>
	<gameDuration value='1164'/>

	<player>
		<unitScore value='6300'/>
		<killScore value='600'/>
		<buildingScore value='1700'/>
		<razingScore value='0'/>
		<mineralScore value='8562'/>
		<gasScore value='0'/>
		<totalScore value='17162'/>
	</player>

	<enemy>
		<race value='Protoss'/>
		<unitScore value='4550'/>
		<unitScore value='4550'/>
		<killScore value='12600'/>
		<buildingScore value='4225'/>
		<razingScore value='5100'/>
		<mineralScore value='9650'/>
		<gasScore value='2336'/>
		<totalScore value='38461'/>
	</enemy>

	<scoreRatio value='0.446218'/>
	<timeFitness value='0.161667'/>
	<unitsAverage value='37'/>
</results>
