<results>
	<result value='loss'/>
	<start value='2015-05-11.23:26:17'/>
	<end value='2015-05-11.23:26:44'/>
	<frames value='39496'/>
	<gameDuration value='2468'/>

	<player>
		<unitScore value='15625'/>
		<killScore value='17700'/>
		<buildingScore value='2175'/>
		<razingScore value='1050'/>
		<mineralScore value='16538'/>
		<gasScore value='2688'/>
		<totalScore value='55776'/>
	</player>

	<enemy>
		<race value='Protoss'/>
		<unitScore value='27475'/>
		<unitScore value='27475'/>
		<killScore value='31500'/>
		<buildingScore value='7975'/>
		<razingScore value='6525'/>
		<mineralScore value='28838'/>
		<gasScore value='9370'/>
		<totalScore value='111683'/>
	</enemy>

	<scoreRatio value='0.499414'/>
	<timeFitness value='0.342778'/>
	<unitsAverage value='48'/>
</results>
