<results>
	<result value='win'/>
	<start value='2015-05-05.10:18:39'/>
	<end value='2015-05-05.10:18:54'/>
	<frames value='25670'/>
	<gameDuration value='1604'/>

	<player>
		<unitScore value='8075'/>
		<killScore value='12750'/>
		<buildingScore value='2525'/>
		<razingScore value='5475'/>
		<mineralScore value='10810'/>
		<gasScore value='1760'/>
		<totalScore value='41395'/>
	</player>

	<enemy>
		<race value='Terran'/>
		<unitScore value='6375'/>
		<unitScore value='6375'/>
		<killScore value='11900'/>
		<buildingScore value='1900'/>
		<razingScore value='3600'/>
		<mineralScore value='7514'/>
		<gasScore value='2528'/>
		<totalScore value='33817'/>
	</enemy>

	<scoreRatio value='1.22409'/>
	<timeFitness value='0.777222'/>
	<unitsAverage value='37'/>
</results>
