<results>
	<result value='win'/>
	<start value='2015-05-09.19:36:44'/>
	<end value='2015-05-09.19:37:15'/>
	<frames value='32087'/>
	<gameDuration value='2005'/>

	<player>
		<unitScore value='15800'/>
		<killScore value='20100'/>
		<buildingScore value='3425'/>
		<razingScore value='17700'/>
		<mineralScore value='22946'/>
		<gasScore value='3640'/>
		<totalScore value='83611'/>
	</player>

	<enemy>
		<race value='Protoss'/>
		<unitScore value='10050'/>
		<unitScore value='10050'/>
		<killScore value='13250'/>
		<buildingScore value='5900'/>
		<razingScore value='300'/>
		<mineralScore value='16922'/>
		<gasScore value='3968'/>
		<totalScore value='50390'/>
	</enemy>

	<scoreRatio value='1.65928'/>
	<timeFitness value='0.721528'/>
	<unitsAverage value='83'/>
</results>
