<results>
	<result value='loss'/>
	<start value='2015-05-03.16:58:51'/>
	<end value='2015-05-03.16:58:58'/>
	<frames value='16990'/>
	<gameDuration value='1061'/>

	<player>
		<unitScore value='3525'/>
		<killScore value='1800'/>
		<buildingScore value='1475'/>
		<razingScore value='0'/>
		<mineralScore value='5066'/>
		<gasScore value='880'/>
		<totalScore value='12746'/>
	</player>

	<enemy>
		<race value='Protoss'/>
		<unitScore value='4050'/>
		<unitScore value='4050'/>
		<killScore value='7050'/>
		<buildingScore value='4125'/>
		<razingScore value='4425'/>
		<mineralScore value='9106'/>
		<gasScore value='2032'/>
		<totalScore value='30788'/>
	</enemy>

	<scoreRatio value='0.413992'/>
	<timeFitness value='0.147361'/>
	<unitsAverage value='23'/>
</results>
