<results>
	<result value='win'/>
	<start value='2015-05-09.19:40:40'/>
	<end value='2015-05-09.19:41:44'/>
	<frames value='55926'/>
	<gameDuration value='3495'/>

	<player>
		<unitScore value='31625'/>
		<killScore value='63950'/>
		<buildingScore value='3375'/>
		<razingScore value='19875'/>
		<mineralScore value='33614'/>
		<gasScore value='7248'/>
		<totalScore value='159687'/>
	</player>

	<enemy>
		<race value='Protoss'/>
		<unitScore value='36125'/>
		<unitScore value='36125'/>
		<killScore value='52750'/>
		<buildingScore value='6625'/>
		<razingScore value='1500'/>
		<mineralScore value='26414'/>
		<gasScore value='11070'/>
		<totalScore value='134484'/>
	</enemy>

	<scoreRatio value='1.18741'/>
	<timeFitness value='0.514583'/>
	<unitsAverage value='110'/>
</results>
