<results>
	<result value='draw'/>
	<start value='2015-05-03.17:01:32'/>
	<end value='2015-05-03.17:02:50'/>
	<frames value='57601'/>
	<gameDuration value='3600'/>

	<player>
		<unitScore value='37875'/>
		<killScore value='46250'/>
		<buildingScore value='3800'/>
		<razingScore value='17400'/>
		<mineralScore value='38134'/>
		<gasScore value='10926'/>
		<totalScore value='154385'/>
	</player>

	<enemy>
		<race value='Protoss'/>
		<unitScore value='24050'/>
		<unitScore value='24050'/>
		<killScore value='56000'/>
		<buildingScore value='6650'/>
		<razingScore value='525'/>
		<mineralScore value='24798'/>
		<gasScore value='6042'/>
		<totalScore value='118065'/>
	</enemy>

	<scoreRatio value='1.30763'/>
	<timeFitness value='0.5'/>
	<unitsAverage value='137'/>
</results>
