<results>
	<result value='loss'/>
	<start value='2015-05-09.19:48:46'/>
	<end value='2015-05-09.19:49:28'/>
	<frames value='49571'/>
	<gameDuration value='3098'/>

	<player>
		<unitScore value='22675'/>
		<killScore value='30100'/>
		<buildingScore value='3025'/>
		<razingScore value='1350'/>
		<mineralScore value='23978'/>
		<gasScore value='4240'/>
		<totalScore value='85368'/>
	</player>

	<enemy>
		<race value='Protoss'/>
		<unitScore value='37745'/>
		<unitScore value='37745'/>
		<killScore value='45350'/>
		<buildingScore value='8425'/>
		<razingScore value='9075'/>
		<mineralScore value='33930'/>
		<gasScore value='12954'/>
		<totalScore value='147479'/>
	</enemy>

	<scoreRatio value='0.578849'/>
	<timeFitness value='0.430278'/>
	<unitsAverage value='66'/>
</results>
