<results>
	<result value='win'/>
	<start value='2015-05-03.17:07:04'/>
	<end value='2015-05-03.17:07:33'/>
	<frames value='36303'/>
	<gameDuration value='2268'/>

	<player>
		<unitScore value='20875'/>
		<killScore value='24050'/>
		<buildingScore value='3950'/>
		<razingScore value='22050'/>
		<mineralScore value='27714'/>
		<gasScore value='3160'/>
		<totalScore value='101799'/>
	</player>

	<enemy>
		<race value='Protoss'/>
		<unitScore value='12775'/>
		<unitScore value='12775'/>
		<killScore value='21650'/>
		<buildingScore value='7350'/>
		<razingScore value='1500'/>
		<mineralScore value='20282'/>
		<gasScore value='5976'/>
		<totalScore value='69533'/>
	</enemy>

	<scoreRatio value='1.46404'/>
	<timeFitness value='0.685'/>
	<unitsAverage value='85'/>
</results>
