<results>
	<result value='loss'/>
	<start value='2015-04-08.09:42:44'/>
	<end value='2015-04-08.09:43:24'/>
	<frames value='52981'/>
	<gameDuration value='3311'/>

	<player>
		<unitScore value='21850'/>
		<killScore value='26850'/>
		<buildingScore value='2725'/>
		<razingScore value='14100'/>
		<mineralScore value='24242'/>
		<gasScore value='5002'/>
		<totalScore value='94769'/>
	</player>

	<enemy>
		<race value='Protoss'/>
		<unitScore value='17400'/>
		<unitScore value='17400'/>
		<killScore value='41350'/>
		<buildingScore value='10075'/>
		<razingScore value='8175'/>
		<mineralScore value='27486'/>
		<gasScore value='7592'/>
		<totalScore value='112078'/>
	</enemy>

	<scoreRatio value='0.845563'/>
</results>
