<results>
	<result value='draw'/>
	<start value='2015-05-10.08:42:06'/>
	<end value='2015-05-10.08:43:55'/>
	<frames value='57601'/>
	<gameDuration value='3600'/>

	<player>
		<unitScore value='30075'/>
		<killScore value='38550'/>
		<buildingScore value='3450'/>
		<razingScore value='14775'/>
		<mineralScore value='32894'/>
		<gasScore value='7718'/>
		<totalScore value='127462'/>
	</player>

	<enemy>
		<race value='Protoss'/>
		<unitScore value='22225'/>
		<unitScore value='22225'/>
		<killScore value='54050'/>
		<buildingScore value='8400'/>
		<razingScore value='300'/>
		<mineralScore value='25374'/>
		<gasScore value='9064'/>
		<totalScore value='119413'/>
	</enemy>

	<scoreRatio value='1.0674'/>
	<timeFitness value='0.5'/>
	<unitsAverage value='114'/>
</results>
