<results>
	<result value='win'/>
	<start value='2014-07-12.19:00:12'/>
	<end value='2014-07-12.19:00:25'/>
	<frames value='24926'/>
	<gameDuration value='1557'/>

	<player>
		<unitScore value='7425'/>
		<killScore value='14000'/>
		<buildingScore value='2450'/>
		<razingScore value='4125'/>
		<mineralScore value='10802'/>
		<gasScore value='1936'/>
		<totalScore value='40738'/>
	</player>

	<enemy>
		<race value='Terran'/>
		<unitScore value='7000'/>
		<unitScore value='7000'/>
		<killScore value='4200'/>
		<buildingScore value='1450'/>
		<razingScore value='0'/>
		<mineralScore value='6922'/>
		<gasScore value='2200'/>
		<totalScore value='21772'/>
	</enemy>

	<scoreRatio value='1.87112'/>
</results>
