<results>
	<result value='win'/>
	<start value='2014-07-12.19:03:32'/>
	<end value='2014-07-12.19:04:22'/>
	<frames value='49292'/>
	<gameDuration value='3080'/>

	<player>
		<unitScore value='29150'/>
		<killScore value='46300'/>
		<buildingScore value='3900'/>
		<razingScore value='13950'/>
		<mineralScore value='31946'/>
		<gasScore value='3272'/>
		<totalScore value='128518'/>
	</player>

	<enemy>
		<race value='Terran'/>
		<unitScore value='28850'/>
		<unitScore value='28850'/>
		<killScore value='37350'/>
		<buildingScore value='4650'/>
		<razingScore value='1350'/>
		<mineralScore value='22870'/>
		<gasScore value='10380'/>
		<totalScore value='105450'/>
	</enemy>

	<scoreRatio value='1.21876'/>
</results>
