<results>
	<result value='loss'/>
	<start value='2014-07-12.19:07:33'/>
	<end value='2014-07-12.19:08:00'/>
	<frames value='48052'/>
	<gameDuration value='3003'/>

	<player>
		<unitScore value='14000'/>
		<killScore value='19300'/>
		<buildingScore value='3450'/>
		<razingScore value='0'/>
		<mineralScore value='18850'/>
		<gasScore value='3088'/>
		<totalScore value='58688'/>
	</player>

	<enemy>
		<race value='Terran'/>
		<unitScore value='34050'/>
		<unitScore value='34050'/>
		<killScore value='28000'/>
		<buildingScore value='5475'/>
		<razingScore value='10350'/>
		<mineralScore value='24962'/>
		<gasScore value='15286'/>
		<totalScore value='118123'/>
	</enemy>

	<scoreRatio value='0.496838'/>
</results>
