<results>
	<result value='win'/>
	<start value='2014-07-12.19:14:19'/>
	<end value='2014-07-12.19:14:51'/>
	<frames value='34908'/>
	<gameDuration value='2181'/>

	<player>
		<unitScore value='21100'/>
		<killScore value='33450'/>
		<buildingScore value='4325'/>
		<razingScore value='12675'/>
		<mineralScore value='27746'/>
		<gasScore value='2520'/>
		<totalScore value='101816'/>
	</player>

	<enemy>
		<race value='Terran'/>
		<unitScore value='18625'/>
		<unitScore value='18625'/>
		<killScore value='19850'/>
		<buildingScore value='4475'/>
		<razingScore value='1875'/>
		<mineralScore value='17274'/>
		<gasScore value='7120'/>
		<totalScore value='69219'/>
	</enemy>

	<scoreRatio value='1.47093'/>
</results>
