<results>
	<result value='loss'/>
	<start value='2015-05-09.19:06:18'/>
	<end value='2015-05-09.19:07:01'/>
	<frames value='47866'/>
	<gameDuration value='2991'/>

	<player>
		<unitScore value='24400'/>
		<killScore value='27850'/>
		<buildingScore value='3775'/>
		<razingScore value='450'/>
		<mineralScore value='29406'/>
		<gasScore value='3584'/>
		<totalScore value='89465'/>
	</player>

	<enemy>
		<race value='Protoss'/>
		<unitScore value='30575'/>
		<unitScore value='30575'/>
		<killScore value='48900'/>
		<buildingScore value='7575'/>
		<razingScore value='11325'/>
		<mineralScore value='30986'/>
		<gasScore value='11014'/>
		<totalScore value='140375'/>
	</enemy>

	<scoreRatio value='0.637329'/>
	<timeFitness value='0.415417'/>
	<unitsAverage value='81'/>
</results>
