<results>
	<result value='win'/>
	<start value='2014-07-11.19:51:27'/>
	<end value='2014-07-11.19:51:43'/>
	<frames value='21609'/>
	<gameDuration value='1350'/>

	<player>
		<unitScore value='10200'/>
		<killScore value='19040'/>
		<buildingScore value='3350'/>
		<razingScore value='4560'/>
		<mineralScore value='17754'/>
		<gasScore value='2232'/>
		<totalScore value='57136'/>
	</player>

	<enemy>
		<race value='Zerg'/>
		<unitScore value='8700'/>
		<unitScore value='8700'/>
		<killScore value='5700'/>
		<buildingScore value='1520'/>
		<razingScore value='1800'/>
		<mineralScore value='8370'/>
		<gasScore value='2312'/>
		<totalScore value='28402'/>
	</enemy>

	<scoreRatio value='2.01169'/>
</results>
