<results>
	<result value='loss'/>
	<start value='2015-04-11.08:55:19'/>
	<end value='2015-04-11.08:55:48'/>
	<frames value='30909'/>
	<gameDuration value='1931'/>

	<player>
		<unitScore value='6325'/>
		<killScore value='6500'/>
		<buildingScore value='1975'/>
		<razingScore value='0'/>
		<mineralScore value='9458'/>
		<gasScore value='824'/>
		<totalScore value='25082'/>
	</player>

	<enemy>
		<race value='Protoss'/>
		<unitScore value='16950'/>
		<unitScore value='16950'/>
		<killScore value='12650'/>
		<buildingScore value='6875'/>
		<razingScore value='5925'/>
		<mineralScore value='19846'/>
		<gasScore value='7696'/>
		<totalScore value='69942'/>
	</enemy>

	<scoreRatio value='0.358611'/>
</results>
