<results>
	<result value='loss'/>
	<start value='2015-04-11.08:57:59'/>
	<end value='2015-04-11.08:58:13'/>
	<frames value='15409'/>
	<gameDuration value='963'/>

	<player>
		<unitScore value='2950'/>
		<killScore value='1200'/>
		<buildingScore value='1500'/>
		<razingScore value='0'/>
		<mineralScore value='4306'/>
		<gasScore value='672'/>
		<totalScore value='10628'/>
	</player>

	<enemy>
		<race value='Protoss'/>
		<unitScore value='3550'/>
		<unitScore value='3550'/>
		<killScore value='5900'/>
		<buildingScore value='3025'/>
		<razingScore value='4500'/>
		<mineralScore value='7970'/>
		<gasScore value='1456'/>
		<totalScore value='26401'/>
	</enemy>

	<scoreRatio value='0.402561'/>
</results>
