<results>
	<result value='win'/>
	<start value='2015-04-28.05:08:51'/>
	<end value='2015-04-28.05:09:29'/>
	<frames value='26941'/>
	<gameDuration value='1683'/>

	<player>
		<unitScore value='17275'/>
		<killScore value='19980'/>
		<buildingScore value='3375'/>
		<razingScore value='5655'/>
		<mineralScore value='21334'/>
		<gasScore value='1728'/>
		<totalScore value='69347'/>
	</player>

	<enemy>
		<race value='Zerg'/>
		<unitScore value='9550'/>
		<unitScore value='9550'/>
		<killScore value='17900'/>
		<buildingScore value='1885'/>
		<razingScore value='0'/>
		<mineralScore value='9154'/>
		<gasScore value='3224'/>
		<totalScore value='41713'/>
	</enemy>

	<scoreRatio value='1.66248'/>
</results>
