<results>
	<result value='loss'/>
	<start value='2015-04-28.05:10:41'/>
	<end value='2015-04-28.05:11:03'/>
	<frames value='29080'/>
	<gameDuration value='1817'/>

	<player>
		<unitScore value='5075'/>
		<killScore value='7800'/>
		<buildingScore value='2200'/>
		<razingScore value='0'/>
		<mineralScore value='7322'/>
		<gasScore value='1240'/>
		<totalScore value='23637'/>
	</player>

	<enemy>
		<race value='Zerg'/>
		<unitScore value='14575'/>
		<unitScore value='14575'/>
		<killScore value='10150'/>
		<buildingScore value='3345'/>
		<razingScore value='6600'/>
		<mineralScore value='15446'/>
		<gasScore value='5488'/>
		<totalScore value='55604'/>
	</enemy>

	<scoreRatio value='0.425095'/>
</results>
