<results>
	<result value='win'/>
	<start value='2015-04-17.05:31:39'/>
	<end value='2015-04-17.05:32:40'/>
	<frames value='32831'/>
	<gameDuration value='2051'/>

	<player>
		<unitScore value='22050'/>
		<killScore value='23950'/>
		<buildingScore value='4450'/>
		<razingScore value='15600'/>
		<mineralScore value='29562'/>
		<gasScore value='2360'/>
		<totalScore value='97972'/>
	</player>

	<enemy>
		<race value='Protoss'/>
		<unitScore value='13375'/>
		<unitScore value='13375'/>
		<killScore value='21100'/>
		<buildingScore value='5200'/>
		<razingScore value='150'/>
		<mineralScore value='14326'/>
		<gasScore value='4440'/>
		<totalScore value='58591'/>
	</enemy>

	<scoreRatio value='1.67213'/>
</results>
