<results>
	<result value='win'/>
	<start value='2015-05-05.22:43:00'/>
	<end value='2015-05-05.22:43:24'/>
	<frames value='27561'/>
	<gameDuration value='1722'/>

	<player>
		<unitScore value='13050'/>
		<killScore value='14800'/>
		<buildingScore value='3725'/>
		<razingScore value='5700'/>
		<mineralScore value='17786'/>
		<gasScore value='2272'/>
		<totalScore value='57333'/>
	</player>

	<enemy>
		<race value='Terran'/>
		<unitScore value='7400'/>
		<unitScore value='7400'/>
		<killScore value='10100'/>
		<buildingScore value='1900'/>
		<razingScore value='1500'/>
		<mineralScore value='12050'/>
		<gasScore value='3240'/>
		<totalScore value='36190'/>
	</enemy>

	<scoreRatio value='1.58422'/>
	<timeFitness value='0.760833'/>
	<unitsAverage value='62'/>
</results>
