<results>
	<result value='draw'/>
	<start value='2015-04-13.07:52:56'/>
	<end value='2015-04-13.07:56:22'/>
	<frames value='57601'/>
	<gameDuration value='3600'/>

	<player>
		<unitScore value='29000'/>
		<killScore value='45800'/>
		<buildingScore value='5525'/>
		<razingScore value='19650'/>
		<mineralScore value='35994'/>
		<gasScore value='6596'/>
		<totalScore value='142565'/>
	</player>

	<enemy>
		<race value='Protoss'/>
		<unitScore value='24700'/>
		<unitScore value='24700'/>
		<killScore value='33200'/>
		<buildingScore value='8425'/>
		<razingScore value='2850'/>
		<mineralScore value='27050'/>
		<gasScore value='13290'/>
		<totalScore value='109515'/>
	</enemy>

	<scoreRatio value='1.30179'/>
</results>
