<results>
	<result value='win'/>
	<start value='2015-04-13.07:58:04'/>
	<end value='2015-04-13.07:58:43'/>
	<frames value='23841'/>
	<gameDuration value='1490'/>

	<player>
		<unitScore value='12150'/>
		<killScore value='10700'/>
		<buildingScore value='3775'/>
		<razingScore value='9825'/>
		<mineralScore value='19374'/>
		<gasScore value='2152'/>
		<totalScore value='57976'/>
	</player>

	<enemy>
		<race value='Protoss'/>
		<unitScore value='5350'/>
		<unitScore value='5350'/>
		<killScore value='3750'/>
		<buildingScore value='3275'/>
		<razingScore value='0'/>
		<mineralScore value='9818'/>
		<gasScore value='1392'/>
		<totalScore value='23585'/>
	</enemy>

	<scoreRatio value='2.45817'/>
</results>
