<results>
	<result value='loss'/>
	<start value='2015-05-05.12:09:56'/>
	<end value='2015-05-05.12:10:32'/>
	<frames value='34939'/>
	<gameDuration value='2183'/>

	<player>
		<unitScore value='14925'/>
		<killScore value='16600'/>
		<buildingScore value='3625'/>
		<razingScore value='0'/>
		<mineralScore value='21514'/>
		<gasScore value='3072'/>
		<totalScore value='59736'/>
	</player>

	<enemy>
		<race value='Zerg'/>
		<unitScore value='20775'/>
		<unitScore value='20775'/>
		<killScore value='29950'/>
		<buildingScore value='4660'/>
		<razingScore value='10875'/>
		<mineralScore value='21702'/>
		<gasScore value='8694'/>
		<totalScore value='96656'/>
	</enemy>

	<scoreRatio value='0.618027'/>
	<timeFitness value='0.303194'/>
	<unitsAverage value='60'/>
</results>
