<results>
	<result value='loss'/>
	<start value='2015-05-05.12:23:35'/>
	<end value='2015-05-05.12:23:59'/>
	<frames value='29979'/>
	<gameDuration value='1873'/>

	<player>
		<unitScore value='9800'/>
		<killScore value='15550'/>
		<buildingScore value='1900'/>
		<razingScore value='0'/>
		<mineralScore value='12466'/>
		<gasScore value='1264'/>
		<totalScore value='40980'/>
	</player>

	<enemy>
		<race value='Zerg'/>
		<unitScore value='19000'/>
		<unitScore value='19000'/>
		<killScore value='19600'/>
		<buildingScore value='3345'/>
		<razingScore value='5700'/>
		<mineralScore value='18438'/>
		<gasScore value='6560'/>
		<totalScore value='72643'/>
	</enemy>

	<scoreRatio value='0.564129'/>
	<timeFitness value='0.260139'/>
	<unitsAverage value='43'/>
</results>
