<results>
	<result value='win'/>
	<start value='2015-04-30.03:56:23'/>
	<end value='2015-04-30.03:56:48'/>
	<frames value='22105'/>
	<gameDuration value='1381'/>

	<player>
		<unitScore value='11250'/>
		<killScore value='15940'/>
		<buildingScore value='2900'/>
		<razingScore value='5460'/>
		<mineralScore value='16330'/>
		<gasScore value='1472'/>
		<totalScore value='53352'/>
	</player>

	<enemy>
		<race value='Zerg'/>
		<unitScore value='8125'/>
		<unitScore value='8125'/>
		<killScore value='6050'/>
		<buildingScore value='1820'/>
		<razingScore value='0'/>
		<mineralScore value='8514'/>
		<gasScore value='2672'/>
		<totalScore value='27181'/>
	</enemy>

	<scoreRatio value='1.96284'/>
	<timeFitness value='0.808194'/>
	<unitsAverage value='72'/>
</results>
