<results>
	<result value='win'/>
	<start value='2015-04-30.04:01:09'/>
	<end value='2015-04-30.04:02:03'/>
	<frames value='31250'/>
	<gameDuration value='1953'/>

	<player>
		<unitScore value='26650'/>
		<killScore value='32520'/>
		<buildingScore value='4550'/>
		<razingScore value='5040'/>
		<mineralScore value='32402'/>
		<gasScore value='2184'/>
		<totalScore value='103346'/>
	</player>

	<enemy>
		<race value='Zerg'/>
		<unitScore value='15375'/>
		<unitScore value='15375'/>
		<killScore value='28500'/>
		<buildingScore value='1680'/>
		<razingScore value='0'/>
		<mineralScore value='13014'/>
		<gasScore value='4368'/>
		<totalScore value='62937'/>
	</enemy>

	<scoreRatio value='1.64205'/>
	<timeFitness value='0.72875'/>
	<unitsAverage value='118'/>
</results>
