<results>
	<result value='win'/>
	<start value='2015-04-11.22:57:24'/>
	<end value='2015-04-11.22:59:15'/>
	<frames value='48300'/>
	<gameDuration value='3018'/>

	<player>
		<unitScore value='34425'/>
		<killScore value='47100'/>
		<buildingScore value='3450'/>
		<razingScore value='17475'/>
		<mineralScore value='35854'/>
		<gasScore value='5440'/>
		<totalScore value='143744'/>
	</player>

	<enemy>
		<race value='Protoss'/>
		<unitScore value='26200'/>
		<unitScore value='26200'/>
		<killScore value='48300'/>
		<buildingScore value='5825'/>
		<razingScore value='0'/>
		<mineralScore value='21290'/>
		<gasScore value='8064'/>
		<totalScore value='109679'/>
	</enemy>

	<scoreRatio value='1.31059'/>
</results>
