<results>
	<result value='win'/>
	<start value='2014-07-10.14:33:22'/>
	<end value='2014-07-10.14:33:38'/>
	<frames value='23190'/>
	<gameDuration value='1449'/>

	<player>
		<unitScore value='12775'/>
		<killScore value='11100'/>
		<buildingScore value='2775'/>
		<razingScore value='10650'/>
		<mineralScore value='16318'/>
		<gasScore value='2648'/>
		<totalScore value='56266'/>
	</player>

	<enemy>
		<race value='Protoss'/>
		<unitScore value='5550'/>
		<unitScore value='5550'/>
		<killScore value='11000'/>
		<buildingScore value='3550'/>
		<razingScore value='0'/>
		<mineralScore value='13858'/>
		<gasScore value='968'/>
		<totalScore value='34926'/>
	</enemy>

	<scoreRatio value='1.61101'/>
</results>
