<results>
	<result value='loss'/>
	<start value='2014-07-10.14:36:38'/>
	<end value='2014-07-10.14:36:45'/>
	<frames value='16494'/>
	<gameDuration value='1030'/>

	<player>
		<unitScore value='3250'/>
		<killScore value='1000'/>
		<buildingScore value='1200'/>
		<razingScore value='0'/>
		<mineralScore value='4714'/>
		<gasScore value='936'/>
		<totalScore value='11100'/>
	</player>

	<enemy>
		<race value='Protoss'/>
		<unitScore value='3950'/>
		<unitScore value='3950'/>
		<killScore value='6500'/>
		<buildingScore value='4025'/>
		<razingScore value='3600'/>
		<mineralScore value='8714'/>
		<gasScore value='1864'/>
		<totalScore value='28653'/>
	</enemy>

	<scoreRatio value='0.387394'/>
</results>
