<results>
	<result value='win'/>
	<start value='2014-07-10.14:48:34'/>
	<end value='2014-07-10.14:48:54'/>
	<frames value='28770'/>
	<gameDuration value='1798'/>

	<player>
		<unitScore value='15075'/>
		<killScore value='17700'/>
		<buildingScore value='2875'/>
		<razingScore value='10125'/>
		<mineralScore value='18578'/>
		<gasScore value='2888'/>
		<totalScore value='67241'/>
	</player>

	<enemy>
		<race value='Protoss'/>
		<unitScore value='8850'/>
		<unitScore value='8850'/>
		<killScore value='13950'/>
		<buildingScore value='3375'/>
		<razingScore value='0'/>
		<mineralScore value='11970'/>
		<gasScore value='2456'/>
		<totalScore value='40601'/>
	</enemy>

	<scoreRatio value='1.65614'/>
</results>
