<results>
	<result value='win'/>
	<start value='2014-07-10.14:48:59'/>
	<end value='2014-07-10.14:49:14'/>
	<frames value='24151'/>
	<gameDuration value='1509'/>

	<player>
		<unitScore value='10300'/>
		<killScore value='9500'/>
		<buildingScore value='2675'/>
		<razingScore value='9825'/>
		<mineralScore value='16226'/>
		<gasScore value='2608'/>
		<totalScore value='51134'/>
	</player>

	<enemy>
		<race value='Protoss'/>
		<unitScore value='4750'/>
		<unitScore value='4750'/>
		<killScore value='8550'/>
		<buildingScore value='3275'/>
		<razingScore value='0'/>
		<mineralScore value='8546'/>
		<gasScore value='1704'/>
		<totalScore value='26825'/>
	</enemy>

	<scoreRatio value='1.90621'/>
</results>
