<results>
	<result value='loss'/>
	<start value='2015-07-18.05:07:08'/>
	<end value='2015-07-18.05:07:25'/>
	<frames value='18788'/>
	<gameDuration value='1174'/>

	<player>
		<unitScore value='5125'/>
		<killScore value='1450'/>
		<buildingScore value='1475'/>
		<razingScore value='0'/>
		<mineralScore value='5970'/>
		<gasScore value='856'/>
		<totalScore value='14876'/>
	</player>

	<enemy>
		<race value='Terran'/>
		<unitScore value='6825'/>
		<killScore value='10250'/>
		<buildingScore value='2800'/>
		<razingScore value='4425'/>
		<mineralScore value='8658'/>
		<gasScore value='2648'/>
		<totalScore value='35606'/>
	</enemy>

	<scoreRatio value='0.417795'/>
	<timeFitness value='0.163056'/>
	<unitsAverage value='24'/>
</results>
