<results>
	<result value='loss'/>
	<start value='2015-07-18.05:15:30'/>
	<end value='2015-07-18.05:16:28'/>
	<frames value='27809'/>
	<gameDuration value='1738'/>

	<player>
		<unitScore value='11400'/>
		<killScore value='2150'/>
		<buildingScore value='3725'/>
		<razingScore value='0'/>
		<mineralScore value='16530'/>
		<gasScore value='1464'/>
		<totalScore value='35269'/>
	</player>

	<enemy>
		<race value='Terran'/>
		<unitScore value='7750'/>
		<killScore value='22500'/>
		<buildingScore value='3725'/>
		<razingScore value='11175'/>
		<mineralScore value='12058'/>
		<gasScore value='4936'/>
		<totalScore value='62144'/>
	</enemy>

	<scoreRatio value='0.567537'/>
	<timeFitness value='0.241389'/>
	<unitsAverage value='45'/>
</results>
