<results>
	<result value='loss'/>
	<start value='2015-07-18.05:16:37'/>
	<end value='2015-07-18.05:17:02'/>
	<frames value='23903'/>
	<gameDuration value='1493'/>

	<player>
		<unitScore value='10625'/>
		<killScore value='3200'/>
		<buildingScore value='2575'/>
		<razingScore value='0'/>
		<mineralScore value='11790'/>
		<gasScore value='1960'/>
		<totalScore value='30150'/>
	</player>

	<enemy>
		<race value='Terran'/>
		<unitScore value='9650'/>
		<killScore value='19600'/>
		<buildingScore value='3625'/>
		<razingScore value='7725'/>
		<mineralScore value='11690'/>
		<gasScore value='4680'/>
		<totalScore value='56970'/>
	</enemy>

	<scoreRatio value='0.529226'/>
	<timeFitness value='0.207361'/>
	<unitsAverage value='43'/>
</results>
