<results>
	<result value='loss'/>
	<start value='2015-05-04.21:49:05'/>
	<end value='2015-05-04.21:49:41'/>
	<frames value='46347'/>
	<gameDuration value='2896'/>

	<player>
		<unitScore value='13625'/>
		<killScore value='13000'/>
		<buildingScore value='2450'/>
		<razingScore value='375'/>
		<mineralScore value='15874'/>
		<gasScore value='3504'/>
		<totalScore value='48828'/>
	</player>

	<enemy>
		<race value='Terran'/>
		<unitScore value='24975'/>
		<unitScore value='24975'/>
		<killScore value='27250'/>
		<buildingScore value='4950'/>
		<razingScore value='7500'/>
		<mineralScore value='21298'/>
		<gasScore value='12674'/>
		<totalScore value='98647'/>
	</enemy>

	<scoreRatio value='0.494977'/>
	<timeFitness value='0.402222'/>
	<unitsAverage value='46'/>
</results>
