<results>
	<result value='loss'/>
	<start value='2015-05-04.21:59:21'/>
	<end value='2015-05-04.21:59:32'/>
	<frames value='21981'/>
	<gameDuration value='1373'/>

	<player>
		<unitScore value='7100'/>
		<killScore value='5450'/>
		<buildingScore value='1200'/>
		<razingScore value='0'/>
		<mineralScore value='7850'/>
		<gasScore value='776'/>
		<totalScore value='22376'/>
	</player>

	<enemy>
		<race value='Terran'/>
		<unitScore value='8475'/>
		<unitScore value='8475'/>
		<killScore value='14200'/>
		<buildingScore value='3225'/>
		<razingScore value='3600'/>
		<mineralScore value='10594'/>
		<gasScore value='4312'/>
		<totalScore value='44406'/>
	</enemy>

	<scoreRatio value='0.503896'/>
	<timeFitness value='0.190694'/>
	<unitsAverage value='30'/>
</results>
