<results>
	<result value='loss'/>
	<start value='2015-04-10.19:23:21'/>
	<end value='2015-04-10.19:23:36'/>
	<frames value='18013'/>
	<gameDuration value='1125'/>

	<player>
		<unitScore value='2850'/>
		<killScore value='2000'/>
		<buildingScore value='1475'/>
		<razingScore value='0'/>
		<mineralScore value='4466'/>
		<gasScore value='344'/>
		<totalScore value='11135'/>
	</player>

	<enemy>
		<race value='Protoss'/>
		<unitScore value='4450'/>
		<unitScore value='4450'/>
		<killScore value='5700'/>
		<buildingScore value='4325'/>
		<razingScore value='4425'/>
		<mineralScore value='10090'/>
		<gasScore value='1880'/>
		<totalScore value='30870'/>
	</enemy>

	<scoreRatio value='0.360706'/>
</results>
