<results>
	<result value='win'/>
	<start value='2014-07-23.23:50:30'/>
	<end value='2014-07-23.23:50:54'/>
	<frames value='26631'/>
	<gameDuration value='1664'/>

	<player>
		<unitScore value='18700'/>
		<killScore value='27370'/>
		<buildingScore value='4175'/>
		<razingScore value='4560'/>
		<mineralScore value='29178'/>
		<gasScore value='2792'/>
		<totalScore value='86775'/>
	</player>

	<enemy>
		<race value='Zerg'/>
		<unitScore value='12225'/>
		<unitScore value='12225'/>
		<killScore value='15000'/>
		<buildingScore value='1520'/>
		<razingScore value='0'/>
		<mineralScore value='10546'/>
		<gasScore value='3384'/>
		<totalScore value='42675'/>
	</enemy>

	<scoreRatio value='2.03339'/>
</results>
