<results>
	<result value='win'/>
	<start value='2014-07-23.23:50:57'/>
	<end value='2014-07-23.23:51:17'/>
	<frames value='24616'/>
	<gameDuration value='1538'/>

	<player>
		<unitScore value='14450'/>
		<killScore value='23115'/>
		<buildingScore value='3700'/>
		<razingScore value='5115'/>
		<mineralScore value='25786'/>
		<gasScore value='2192'/>
		<totalScore value='74358'/>
	</player>

	<enemy>
		<race value='Zerg'/>
		<unitScore value='10300'/>
		<unitScore value='10300'/>
		<killScore value='8050'/>
		<buildingScore value='1705'/>
		<razingScore value='150'/>
		<mineralScore value='10298'/>
		<gasScore value='3424'/>
		<totalScore value='33927'/>
	</enemy>

	<scoreRatio value='2.19171'/>
</results>
