<results>
	<result value='win'/>
	<start value='2015-05-10.05:22:14'/>
	<end value='2015-05-10.05:23:09'/>
	<frames value='39992'/>
	<gameDuration value='2499'/>

	<player>
		<unitScore value='20975'/>
		<killScore value='24300'/>
		<buildingScore value='3700'/>
		<razingScore value='19425'/>
		<mineralScore value='29342'/>
		<gasScore value='4360'/>
		<totalScore value='102102'/>
	</player>

	<enemy>
		<race value='Protoss'/>
		<unitScore value='12500'/>
		<unitScore value='12500'/>
		<killScore value='17900'/>
		<buildingScore value='6475'/>
		<razingScore value='150'/>
		<mineralScore value='22298'/>
		<gasScore value='7064'/>
		<totalScore value='66387'/>
	</enemy>

	<scoreRatio value='1.53798'/>
	<timeFitness value='0.652917'/>
	<unitsAverage value='109'/>
</results>
