<results>
	<result value='loss'/>
	<start value='2015-05-10.05:25:18'/>
	<end value='2015-05-10.05:25:27'/>
	<frames value='17083'/>
	<gameDuration value='1067'/>

	<player>
		<unitScore value='3550'/>
		<killScore value='1200'/>
		<buildingScore value='1500'/>
		<razingScore value='0'/>
		<mineralScore value='5218'/>
		<gasScore value='720'/>
		<totalScore value='12188'/>
	</player>

	<enemy>
		<race value='Protoss'/>
		<unitScore value='3600'/>
		<unitScore value='3600'/>
		<killScore value='7350'/>
		<buildingScore value='4125'/>
		<razingScore value='4500'/>
		<mineralScore value='9282'/>
		<gasScore value='1624'/>
		<totalScore value='30481'/>
	</enemy>

	<scoreRatio value='0.399856'/>
	<timeFitness value='0.148194'/>
	<unitsAverage value='21'/>
</results>
