<results>
	<result value='loss'/>
	<start value='2015-04-14.19:19:44'/>
	<end value='2015-04-14.19:19:53'/>
	<frames value='12650'/>
	<gameDuration value='790'/>

	<player>
		<unitScore value='1750'/>
		<killScore value='200'/>
		<buildingScore value='1250'/>
		<razingScore value='0'/>
		<mineralScore value='2882'/>
		<gasScore value='264'/>
		<totalScore value='6346'/>
	</player>

	<enemy>
		<race value='Protoss'/>
		<unitScore value='3550'/>
		<unitScore value='3550'/>
		<killScore value='3500'/>
		<buildingScore value='2075'/>
		<razingScore value='3525'/>
		<mineralScore value='6298'/>
		<gasScore value='1064'/>
		<totalScore value='20012'/>
	</enemy>

	<scoreRatio value='0.31711'/>
</results>
