<results>
	<result value='loss'/>
	<start value='2015-04-14.19:21:45'/>
	<end value='2015-04-14.19:21:57'/>
	<frames value='14107'/>
	<gameDuration value='881'/>

	<player>
		<unitScore value='2350'/>
		<killScore value='300'/>
		<buildingScore value='1675'/>
		<razingScore value='0'/>
		<mineralScore value='3578'/>
		<gasScore value='496'/>
		<totalScore value='8399'/>
	</player>

	<enemy>
		<race value='Protoss'/>
		<unitScore value='3550'/>
		<unitScore value='3550'/>
		<killScore value='4600'/>
		<buildingScore value='2725'/>
		<razingScore value='5025'/>
		<mineralScore value='6882'/>
		<gasScore value='1352'/>
		<totalScore value='24134'/>
	</enemy>

	<scoreRatio value='0.348015'/>
</results>
