<results>
	<result value='loss'/>
	<start value='2015-04-14.19:36:32'/>
	<end value='2015-04-14.19:36:47'/>
	<frames value='17641'/>
	<gameDuration value='1102'/>

	<player>
		<unitScore value='4200'/>
		<killScore value='400'/>
		<buildingScore value='1725'/>
		<razingScore value='0'/>
		<mineralScore value='6250'/>
		<gasScore value='736'/>
		<totalScore value='13311'/>
	</player>

	<enemy>
		<race value='Protoss'/>
		<unitScore value='3750'/>
		<unitScore value='3750'/>
		<killScore value='8300'/>
		<buildingScore value='4275'/>
		<razingScore value='5175'/>
		<mineralScore value='9866'/>
		<gasScore value='1744'/>
		<totalScore value='33110'/>
	</enemy>

	<scoreRatio value='0.402024'/>
</results>
