<results>
	<result value='win'/>
	<start value='2015-05-07.18:11:07'/>
	<end value='2015-05-07.18:11:46'/>
	<frames value='34505'/>
	<gameDuration value='2156'/>

	<player>
		<unitScore value='12650'/>
		<killScore value='15200'/>
		<buildingScore value='2325'/>
		<razingScore value='11775'/>
		<mineralScore value='14654'/>
		<gasScore value='1952'/>
		<totalScore value='58556'/>
	</player>

	<enemy>
		<race value='Protoss'/>
		<unitScore value='7600'/>
		<unitScore value='7600'/>
		<killScore value='10550'/>
		<buildingScore value='3925'/>
		<razingScore value='0'/>
		<mineralScore value='13810'/>
		<gasScore value='3168'/>
		<totalScore value='39053'/>
	</enemy>

	<scoreRatio value='1.4994'/>
	<timeFitness value='0.700556'/>
	<unitsAverage value='65'/>
</results>
