<results>
	<result value='loss'/>
	<start value='2015-05-07.18:19:32'/>
	<end value='2015-05-07.18:19:49'/>
	<frames value='27251'/>
	<gameDuration value='1703'/>

	<player>
		<unitScore value='2775'/>
		<killScore value='2400'/>
		<buildingScore value='1400'/>
		<razingScore value='0'/>
		<mineralScore value='4282'/>
		<gasScore value='704'/>
		<totalScore value='11561'/>
	</player>

	<enemy>
		<race value='Protoss'/>
		<unitScore value='11225'/>
		<unitScore value='11225'/>
		<killScore value='5550'/>
		<buildingScore value='6875'/>
		<razingScore value='4200'/>
		<mineralScore value='16510'/>
		<gasScore value='6064'/>
		<totalScore value='50424'/>
	</enemy>

	<scoreRatio value='0.229276'/>
	<timeFitness value='0.236528'/>
	<unitsAverage value='14'/>
</results>
