<results>
	<result value='loss'/>
	<start value='2015-05-07.18:41:57'/>
	<end value='2015-05-07.18:42:06'/>
	<frames value='14479'/>
	<gameDuration value='904'/>

	<player>
		<unitScore value='3950'/>
		<killScore value='1000'/>
		<buildingScore value='950'/>
		<razingScore value='0'/>
		<mineralScore value='4882'/>
		<gasScore value='0'/>
		<totalScore value='10782'/>
	</player>

	<enemy>
		<race value='Protoss'/>
		<unitScore value='3550'/>
		<unitScore value='3550'/>
		<killScore value='7900'/>
		<buildingScore value='2425'/>
		<razingScore value='2850'/>
		<mineralScore value='7498'/>
		<gasScore value='1296'/>
		<totalScore value='25519'/>
	</enemy>

	<scoreRatio value='0.422509'/>
	<timeFitness value='0.125556'/>
	<unitsAverage value='23'/>
</results>
