<results>
	<result value='loss'/>
	<start value='2014-07-24.00:41:03'/>
	<end value='2014-07-24.00:41:11'/>
	<frames value='16587'/>
	<gameDuration value='1036'/>

	<player>
		<unitScore value='3350'/>
		<killScore value='600'/>
		<buildingScore value='1150'/>
		<razingScore value='0'/>
		<mineralScore value='4282'/>
		<gasScore value='976'/>
		<totalScore value='10358'/>
	</player>

	<enemy>
		<race value='Terran'/>
		<unitScore value='6050'/>
		<unitScore value='6050'/>
		<killScore value='6700'/>
		<buildingScore value='2350'/>
		<razingScore value='3450'/>
		<mineralScore value='7586'/>
		<gasScore value='2384'/>
		<totalScore value='28520'/>
	</enemy>

	<scoreRatio value='0.363184'/>
</results>
