<results>
	<result value='loss'/>
	<start value='2014-07-24.00:43:24'/>
	<end value='2014-07-24.00:43:31'/>
	<frames value='14882'/>
	<gameDuration value='930'/>

	<player>
		<unitScore value='3750'/>
		<killScore value='500'/>
		<buildingScore value='1000'/>
		<razingScore value='0'/>
		<mineralScore value='4914'/>
		<gasScore value='568'/>
		<totalScore value='10732'/>
	</player>

	<enemy>
		<race value='Terran'/>
		<unitScore value='4500'/>
		<unitScore value='4500'/>
		<killScore value='7500'/>
		<buildingScore value='1450'/>
		<razingScore value='3000'/>
		<mineralScore value='6674'/>
		<gasScore value='2272'/>
		<totalScore value='25396'/>
	</enemy>

	<scoreRatio value='0.422586'/>
</results>
