<results>
	<result value='win'/>
	<start value='2014-07-21.21:13:14'/>
	<end value='2014-07-21.21:13:36'/>
	<frames value='26848'/>
	<gameDuration value='1678'/>

	<player>
		<unitScore value='14175'/>
		<killScore value='27100'/>
		<buildingScore value='4275'/>
		<razingScore value='3900'/>
		<mineralScore value='23206'/>
		<gasScore value='2720'/>
		<totalScore value='75376'/>
	</player>

	<enemy>
		<race value='Zerg'/>
		<unitScore value='11850'/>
		<unitScore value='11850'/>
		<killScore value='11000'/>
		<buildingScore value='1300'/>
		<razingScore value='0'/>
		<mineralScore value='9862'/>
		<gasScore value='2896'/>
		<totalScore value='36908'/>
	</enemy>

	<scoreRatio value='2.04227'/>
</results>
