<results>
	<result value='win'/>
	<start value='2015-04-08.00:05:53'/>
	<end value='2015-04-08.00:06:47'/>
	<frames value='45138'/>
	<gameDuration value='2821'/>

	<player>
		<unitScore value='29475'/>
		<killScore value='27400'/>
		<buildingScore value='3975'/>
		<razingScore value='22050'/>
		<mineralScore value='32314'/>
		<gasScore value='6808'/>
		<totalScore value='122022'/>
	</player>

	<enemy>
		<race value='Protoss'/>
		<unitScore value='14275'/>
		<unitScore value='14275'/>
		<killScore value='44000'/>
		<buildingScore value='7350'/>
		<razingScore value='0'/>
		<mineralScore value='29774'/>
		<gasScore value='5096'/>
		<totalScore value='100495'/>
	</enemy>

	<scoreRatio value='1.21421'/>
</results>
