<results>
	<result value='loss'/>
	<start value='2015-04-08.00:06:49'/>
	<end value='2015-04-08.00:07:13'/>
	<frames value='34877'/>
	<gameDuration value='2179'/>

	<player>
		<unitScore value='15000'/>
		<killScore value='13000'/>
		<buildingScore value='3000'/>
		<razingScore value='600'/>
		<mineralScore value='18266'/>
		<gasScore value='2232'/>
		<totalScore value='52098'/>
	</player>

	<enemy>
		<race value='Protoss'/>
		<unitScore value='19150'/>
		<unitScore value='19150'/>
		<killScore value='30000'/>
		<buildingScore value='6875'/>
		<razingScore value='8775'/>
		<mineralScore value='23578'/>
		<gasScore value='7224'/>
		<totalScore value='95602'/>
	</enemy>

	<scoreRatio value='0.544947'/>
</results>
