<results>
	<result value='loss'/>
	<start value='2015-07-11.23:07:01'/>
	<end value='2015-07-11.23:07:39'/>
	<frames value='26445'/>
	<gameDuration value='1652'/>

	<player>
		<unitScore value='13900'/>
		<killScore value='1650'/>
		<buildingScore value='3575'/>
		<razingScore value='0'/>
		<mineralScore value='17190'/>
		<gasScore value='2256'/>
		<totalScore value='38571'/>
	</player>

	<enemy>
		<race value='Terran'/>
		<unitScore value='9825'/>
		<killScore value='27800'/>
		<buildingScore value='4475'/>
		<razingScore value='10725'/>
		<mineralScore value='13174'/>
		<gasScore value='6008'/>
		<totalScore value='72007'/>
	</enemy>

	<scoreRatio value='0.535656'/>
	<timeFitness value='0.229444'/>
	<unitsAverage value='48'/>
</results>
