<results>
	<result value='loss'/>
	<start value='2015-07-19.06:56:14'/>
	<end value='2015-07-19.06:56:57'/>
	<frames value='25608'/>
	<gameDuration value='1600'/>

	<player>
		<unitScore value='14975'/>
		<killScore value='6250'/>
		<buildingScore value='3050'/>
		<razingScore value='195'/>
		<mineralScore value='22378'/>
		<gasScore value='1976'/>
		<totalScore value='48824'/>
	</player>

	<enemy>
		<race value='Zerg'/>
		<unitScore value='12325'/>
		<killScore value='29250'/>
		<buildingScore value='3060'/>
		<razingScore value='9150'/>
		<mineralScore value='14594'/>
		<gasScore value='3960'/>
		<totalScore value='72339'/>
	</enemy>

	<scoreRatio value='0.674933'/>
	<timeFitness value='0.222222'/>
	<unitsAverage value='60'/>
</results>
