<results>
	<result value='draw'/>
	<start value='2015-07-19.07:03:41'/>
	<end value='2015-07-19.07:07:01'/>
	<frames value='57601'/>
	<gameDuration value='3600'/>

	<player>
		<unitScore value='43350'/>
		<killScore value='36610'/>
		<buildingScore value='4200'/>
		<razingScore value='7215'/>
		<mineralScore value='43470'/>
		<gasScore value='10576'/>
		<totalScore value='145421'/>
	</player>

	<enemy>
		<race value='Zerg'/>
		<unitScore value='18900'/>
		<killScore value='58400'/>
		<buildingScore value='3125'/>
		<razingScore value='600'/>
		<mineralScore value='19510'/>
		<gasScore value='10418'/>
		<totalScore value='110953'/>
	</enemy>

	<scoreRatio value='1.31065'/>
	<timeFitness value='0.5'/>
	<unitsAverage value='146'/>
</results>
