<results>
	<result value='loss'/>
	<start value='2015-07-19.07:14:26'/>
	<end value='2015-07-19.07:15:00'/>
	<frames value='25019'/>
	<gameDuration value='1563'/>

	<player>
		<unitScore value='9650'/>
		<killScore value='4550'/>
		<buildingScore value='3450'/>
		<razingScore value='0'/>
		<mineralScore value='14042'/>
		<gasScore value='1824'/>
		<totalScore value='33516'/>
	</player>

	<enemy>
		<race value='Zerg'/>
		<unitScore value='12350'/>
		<killScore value='17250'/>
		<buildingScore value='3125'/>
		<razingScore value='10350'/>
		<mineralScore value='14514'/>
		<gasScore value='4560'/>
		<totalScore value='62149'/>
	</enemy>

	<scoreRatio value='0.539285'/>
	<timeFitness value='0.217083'/>
	<unitsAverage value='46'/>
</results>
