<results>
	<result value='win'/>
	<start value='2015-04-29.23:18:58'/>
	<end value='2015-04-29.23:19:31'/>
	<frames value='25546'/>
	<gameDuration value='1596'/>

	<player>
		<unitScore value='14725'/>
		<killScore value='19340'/>
		<buildingScore value='4025'/>
		<razingScore value='5895'/>
		<mineralScore value='23494'/>
		<gasScore value='1552'/>
		<totalScore value='69031'/>
	</player>

	<enemy>
		<race value='Zerg'/>
		<unitScore value='9250'/>
		<unitScore value='9250'/>
		<killScore value='11200'/>
		<buildingScore value='1965'/>
		<razingScore value='0'/>
		<mineralScore value='9506'/>
		<gasScore value='2896'/>
		<totalScore value='34817'/>
	</enemy>

	<scoreRatio value='1.98268'/>
	<timeFitness value='0.778333'/>
	<unitsAverage value='89'/>
</results>
