<results>
	<result value='loss'/>
	<start value='2015-07-19.03:19:10'/>
	<end value='2015-07-19.03:19:24'/>
	<frames value='20989'/>
	<gameDuration value='1311'/>

	<player>
		<unitScore value='8500'/>
		<killScore value='2600'/>
		<buildingScore value='1900'/>
		<razingScore value='0'/>
		<mineralScore value='9210'/>
		<gasScore value='1280'/>
		<totalScore value='23490'/>
	</player>

	<enemy>
		<race value='Protoss'/>
		<unitScore value='5825'/>
		<killScore value='17000'/>
		<buildingScore value='4375'/>
		<razingScore value='5700'/>
		<mineralScore value='11282'/>
		<gasScore value='2576'/>
		<totalScore value='46758'/>
	</enemy>

	<scoreRatio value='0.502374'/>
	<timeFitness value='0.182083'/>
	<unitsAverage value='33'/>
</results>
