<results>
	<result value='loss'/>
	<start value='2015-07-19.03:24:28'/>
	<end value='2015-07-19.03:25:15'/>
	<frames value='41635'/>
	<gameDuration value='2602'/>

	<player>
		<unitScore value='22125'/>
		<killScore value='12700'/>
		<buildingScore value='3800'/>
		<razingScore value='2250'/>
		<mineralScore value='26562'/>
		<gasScore value='3256'/>
		<totalScore value='70693'/>
	</player>

	<enemy>
		<race value='Protoss'/>
		<unitScore value='22150'/>
		<killScore value='44250'/>
		<buildingScore value='7925'/>
		<razingScore value='11400'/>
		<mineralScore value='26714'/>
		<gasScore value='8828'/>
		<totalScore value='121267'/>
	</enemy>

	<scoreRatio value='0.582953'/>
	<timeFitness value='0.361389'/>
	<unitsAverage value='75'/>
</results>
