<results>
	<result value='loss'/>
	<start value='2015-07-19.03:30:22'/>
	<end value='2015-07-19.03:30:42'/>
	<frames value='30072'/>
	<gameDuration value='1879'/>

	<player>
		<unitScore value='7650'/>
		<killScore value='3000'/>
		<buildingScore value='1850'/>
		<razingScore value='0'/>
		<mineralScore value='10282'/>
		<gasScore value='864'/>
		<totalScore value='23646'/>
	</player>

	<enemy>
		<race value='Protoss'/>
		<unitScore value='13550'/>
		<killScore value='15400'/>
		<buildingScore value='6925'/>
		<razingScore value='5550'/>
		<mineralScore value='17902'/>
		<gasScore value='7160'/>
		<totalScore value='66487'/>
	</enemy>

	<scoreRatio value='0.355648'/>
	<timeFitness value='0.260972'/>
	<unitsAverage value='35'/>
</results>
