<results>
	<result value='draw'/>
	<start value='2015-07-19.03:36:34'/>
	<end value='2015-07-19.03:38:27'/>
	<frames value='57601'/>
	<gameDuration value='3600'/>

	<player>
		<unitScore value='38525'/>
		<killScore value='40300'/>
		<buildingScore value='3400'/>
		<razingScore value='1350'/>
		<mineralScore value='31654'/>
		<gasScore value='6520'/>
		<totalScore value='121749'/>
	</player>

	<enemy>
		<race value='Protoss'/>
		<unitScore value='27650'/>
		<killScore value='66300'/>
		<buildingScore value='4825'/>
		<razingScore value='3675'/>
		<mineralScore value='31382'/>
		<gasScore value='11208'/>
		<totalScore value='145040'/>
	</enemy>

	<scoreRatio value='0.839417'/>
	<timeFitness value='0.5'/>
	<unitsAverage value='124'/>
</results>
