<results>
	<result value='draw'/>
	<start value='2015-04-27.21:42:19'/>
	<end value='2015-04-27.21:43:09'/>
	<frames value='57601'/>
	<gameDuration value='3600'/>

	<player>
		<unitScore value='29875'/>
		<killScore value='35350'/>
		<buildingScore value='4425'/>
		<razingScore value='5700'/>
		<mineralScore value='34254'/>
		<gasScore value='5810'/>
		<totalScore value='115414'/>
	</player>

	<enemy>
		<race value='Terran'/>
		<unitScore value='26275'/>
		<unitScore value='26275'/>
		<killScore value='46700'/>
		<buildingScore value='4925'/>
		<razingScore value='5400'/>
		<mineralScore value='20030'/>
		<gasScore value='12158'/>
		<totalScore value='115488'/>
	</enemy>

	<scoreRatio value='0.999359'/>
</results>
