<results>
	<result value='loss'/>
	<start value='2015-05-03.03:57:36'/>
	<end value='2015-05-03.03:58:09'/>
	<frames value='46099'/>
	<gameDuration value='2881'/>

	<player>
		<unitScore value='23100'/>
		<killScore value='26300'/>
		<buildingScore value='2150'/>
		<razingScore value='6000'/>
		<mineralScore value='26042'/>
		<gasScore value='0'/>
		<totalScore value='83592'/>
	</player>

	<enemy>
		<race value='Protoss'/>
		<unitScore value='23175'/>
		<unitScore value='23175'/>
		<killScore value='46200'/>
		<buildingScore value='9100'/>
		<razingScore value='6450'/>
		<mineralScore value='36090'/>
		<gasScore value='6216'/>
		<totalScore value='127231'/>
	</enemy>

	<scoreRatio value='0.65701'/>
	<timeFitness value='0.400139'/>
	<unitsAverage value='85'/>
</results>
