<results>
	<result value='win'/>
	<start value='2015-04-28.20:27:54'/>
	<end value='2015-04-28.20:28:12'/>
	<frames value='25422'/>
	<gameDuration value='1588'/>

	<player>
		<unitScore value='15875'/>
		<killScore value='24930'/>
		<buildingScore value='3725'/>
		<razingScore value='4635'/>
		<mineralScore value='20378'/>
		<gasScore value='1968'/>
		<totalScore value='71511'/>
	</player>

	<enemy>
		<race value='Zerg'/>
		<unitScore value='10975'/>
		<unitScore value='10975'/>
		<killScore value='11850'/>
		<buildingScore value='1545'/>
		<razingScore value='0'/>
		<mineralScore value='9994'/>
		<gasScore value='3240'/>
		<totalScore value='37604'/>
	</enemy>

	<scoreRatio value='1.90169'/>
	<timeFitness value='0.779444'/>
	<unitsAverage value='79'/>
</results>
