<results>
	<result value='win'/>
	<start value='2015-04-28.20:30:01'/>
	<end value='2015-04-28.20:30:35'/>
	<frames value='32862'/>
	<gameDuration value='2053'/>

	<player>
		<unitScore value='19650'/>
		<killScore value='19125'/>
		<buildingScore value='5600'/>
		<razingScore value='6480'/>
		<mineralScore value='30650'/>
		<gasScore value='2112'/>
		<totalScore value='83617'/>
	</player>

	<enemy>
		<race value='Zerg'/>
		<unitScore value='9150'/>
		<unitScore value='9150'/>
		<killScore value='12750'/>
		<buildingScore value='2160'/>
		<razingScore value='0'/>
		<mineralScore value='10114'/>
		<gasScore value='3080'/>
		<totalScore value='37254'/>
	</enemy>

	<scoreRatio value='2.24451'/>
	<timeFitness value='0.714861'/>
	<unitsAverage value='118'/>
</results>
