<results>
	<result value='win'/>
	<start value='2015-04-16.21:23:30'/>
	<end value='2015-04-16.21:24:48'/>
	<frames value='40953'/>
	<gameDuration value='2559'/>

	<player>
		<unitScore value='31400'/>
		<killScore value='33400'/>
		<buildingScore value='3550'/>
		<razingScore value='17325'/>
		<mineralScore value='32886'/>
		<gasScore value='3752'/>
		<totalScore value='122313'/>
	</player>

	<enemy>
		<race value='Protoss'/>
		<unitScore value='19200'/>
		<unitScore value='19200'/>
		<killScore value='44100'/>
		<buildingScore value='5775'/>
		<razingScore value='150'/>
		<mineralScore value='18994'/>
		<gasScore value='6608'/>
		<totalScore value='94827'/>
	</enemy>

	<scoreRatio value='1.28985'/>
</results>
