<results>
	<result value='loss'/>
	<start value='2014-07-22.19:39:42'/>
	<end value='2014-07-22.19:39:50'/>
	<frames value='15223'/>
	<gameDuration value='951'/>

	<player>
		<unitScore value='2350'/>
		<killScore value='400'/>
		<buildingScore value='975'/>
		<razingScore value='0'/>
		<mineralScore value='3146'/>
		<gasScore value='496'/>
		<totalScore value='7367'/>
	</player>

	<enemy>
		<race value='Terran'/>
		<unitScore value='4975'/>
		<unitScore value='4975'/>
		<killScore value='4700'/>
		<buildingScore value='1500'/>
		<razingScore value='2925'/>
		<mineralScore value='6906'/>
		<gasScore value='2224'/>
		<totalScore value='23230'/>
	</enemy>

	<scoreRatio value='0.317133'/>
</results>
