<results>
	<result value='loss'/>
	<start value='2015-07-11.20:52:01'/>
	<end value='2015-07-11.20:52:24'/>
	<frames value='33110'/>
	<gameDuration value='2069'/>

	<player>
		<unitScore value='16100'/>
		<killScore value='5500'/>
		<buildingScore value='2675'/>
		<razingScore value='0'/>
		<mineralScore value='24986'/>
		<gasScore value='2280'/>
		<totalScore value='51541'/>
	</player>

	<enemy>
		<race value='Protoss'/>
		<unitScore value='18000'/>
		<killScore value='31550'/>
		<buildingScore value='6325'/>
		<razingScore value='9225'/>
		<mineralScore value='24402'/>
		<gasScore value='7328'/>
		<totalScore value='96830'/>
	</enemy>

	<scoreRatio value='0.532283'/>
	<timeFitness value='0.287361'/>
	<unitsAverage value='64'/>
</results>
