<results>
	<result value='loss'/>
	<start value='2015-07-11.21:06:25'/>
	<end value='2015-07-11.21:06:59'/>
	<frames value='45293'/>
	<gameDuration value='2830'/>

	<player>
		<unitScore value='20425'/>
		<killScore value='14000'/>
		<buildingScore value='4350'/>
		<razingScore value='0'/>
		<mineralScore value='27218'/>
		<gasScore value='2968'/>
		<totalScore value='68961'/>
	</player>

	<enemy>
		<race value='Protoss'/>
		<unitScore value='19600'/>
		<killScore value='40950'/>
		<buildingScore value='7725'/>
		<razingScore value='13050'/>
		<mineralScore value='22782'/>
		<gasScore value='9978'/>
		<totalScore value='114085'/>
	</enemy>

	<scoreRatio value='0.60447'/>
	<timeFitness value='0.393056'/>
	<unitsAverage value='58'/>
</results>
