<results>
	<result value='draw'/>
	<start value='2015-05-09.21:46:56'/>
	<end value='2015-05-09.21:48:48'/>
	<frames value='57601'/>
	<gameDuration value='3600'/>

	<player>
		<unitScore value='33700'/>
		<killScore value='59400'/>
		<buildingScore value='2925'/>
		<razingScore value='900'/>
		<mineralScore value='31542'/>
		<gasScore value='7660'/>
		<totalScore value='136127'/>
	</player>

	<enemy>
		<race value='Protoss'/>
		<unitScore value='39500'/>
		<unitScore value='39500'/>
		<killScore value='59250'/>
		<buildingScore value='6425'/>
		<razingScore value='600'/>
		<mineralScore value='31422'/>
		<gasScore value='11992'/>
		<totalScore value='149189'/>
	</enemy>

	<scoreRatio value='0.912447'/>
	<timeFitness value='0.5'/>
	<unitsAverage value='110'/>
</results>
