<results>
	<result value='loss'/>
	<start value='2015-05-09.21:51:29'/>
	<end value='2015-05-09.21:51:43'/>
	<frames value='16773'/>
	<gameDuration value='1048'/>

	<player>
		<unitScore value='4500'/>
		<killScore value='300'/>
		<buildingScore value='1625'/>
		<razingScore value='0'/>
		<mineralScore value='6042'/>
		<gasScore value='656'/>
		<totalScore value='13123'/>
	</player>

	<enemy>
		<race value='Protoss'/>
		<unitScore value='3850'/>
		<unitScore value='3850'/>
		<killScore value='8550'/>
		<buildingScore value='3125'/>
		<razingScore value='4875'/>
		<mineralScore value='8258'/>
		<gasScore value='1880'/>
		<totalScore value='30538'/>
	</enemy>

	<scoreRatio value='0.429727'/>
	<timeFitness value='0.145556'/>
	<unitsAverage value='24'/>
</results>
