<results>
	<result value='loss'/>
	<start value='2015-05-09.21:52:26'/>
	<end value='2015-05-09.21:53:43'/>
	<frames value='52609'/>
	<gameDuration value='3288'/>

	<player>
		<unitScore value='23750'/>
		<killScore value='37900'/>
		<buildingScore value='2250'/>
		<razingScore value='3150'/>
		<mineralScore value='24026'/>
		<gasScore value='5348'/>
		<totalScore value='96424'/>
	</player>

	<enemy>
		<race value='Protoss'/>
		<unitScore value='38700'/>
		<unitScore value='38700'/>
		<killScore value='47600'/>
		<buildingScore value='8525'/>
		<razingScore value='6750'/>
		<mineralScore value='37118'/>
		<gasScore value='13150'/>
		<totalScore value='151843'/>
	</enemy>

	<scoreRatio value='0.635024'/>
	<timeFitness value='0.456667'/>
	<unitsAverage value='80'/>
</results>
