<results>
	<result value='win'/>
	<start value='2015-04-29.06:07:24'/>
	<end value='2015-04-29.06:07:48'/>
	<frames value='22818'/>
	<gameDuration value='1426'/>

	<player>
		<unitScore value='10025'/>
		<killScore value='9000'/>
		<buildingScore value='2625'/>
		<razingScore value='10425'/>
		<mineralScore value='12962'/>
		<gasScore value='1912'/>
		<totalScore value='46949'/>
	</player>

	<enemy>
		<race value='Protoss'/>
		<unitScore value='4500'/>
		<unitScore value='4500'/>
		<killScore value='6200'/>
		<buildingScore value='3475'/>
		<razingScore value='1350'/>
		<mineralScore value='9906'/>
		<gasScore value='2560'/>
		<totalScore value='27991'/>
	</enemy>

	<scoreRatio value='1.67729'/>
</results>
