<results>
	<result value='win'/>
	<start value='2015-04-29.06:09:39'/>
	<end value='2015-04-29.06:10:20'/>
	<frames value='27592'/>
	<gameDuration value='1724'/>

	<player>
		<unitScore value='17875'/>
		<killScore value='8700'/>
		<buildingScore value='4300'/>
		<razingScore value='11550'/>
		<mineralScore value='22874'/>
		<gasScore value='3032'/>
		<totalScore value='68331'/>
	</player>

	<enemy>
		<race value='Protoss'/>
		<unitScore value='4350'/>
		<unitScore value='4350'/>
		<killScore value='13950'/>
		<buildingScore value='3850'/>
		<razingScore value='0'/>
		<mineralScore value='17506'/>
		<gasScore value='936'/>
		<totalScore value='40592'/>
	</enemy>

	<scoreRatio value='1.68336'/>
</results>
