<results>
	<result value='win'/>
	<start value='2015-04-29.06:18:59'/>
	<end value='2015-04-29.06:19:42'/>
	<frames value='30878'/>
	<gameDuration value='1929'/>

	<player>
		<unitScore value='17125'/>
		<killScore value='19850'/>
		<buildingScore value='3975'/>
		<razingScore value='19350'/>
		<mineralScore value='23794'/>
		<gasScore value='2864'/>
		<totalScore value='86958'/>
	</player>

	<enemy>
		<race value='Protoss'/>
		<unitScore value='10375'/>
		<unitScore value='10375'/>
		<killScore value='13200'/>
		<buildingScore value='6450'/>
		<razingScore value='1500'/>
		<mineralScore value='16614'/>
		<gasScore value='5056'/>
		<totalScore value='53195'/>
	</enemy>

	<scoreRatio value='1.6347'/>
</results>
