<results>
	<result value='win'/>
	<start value='2015-05-04.18:33:58'/>
	<end value='2015-05-04.18:34:51'/>
	<frames value='33389'/>
	<gameDuration value='2086'/>

	<player>
		<unitScore value='20650'/>
		<killScore value='33570'/>
		<buildingScore value='4600'/>
		<razingScore value='5280'/>
		<mineralScore value='35766'/>
		<gasScore value='2536'/>
		<totalScore value='102402'/>
	</player>

	<enemy>
		<race value='Zerg'/>
		<unitScore value='14850'/>
		<unitScore value='14850'/>
		<killScore value='15700'/>
		<buildingScore value='1760'/>
		<razingScore value='0'/>
		<mineralScore value='13130'/>
		<gasScore value='3920'/>
		<totalScore value='49360'/>
	</enemy>

	<scoreRatio value='2.07459'/>
	<timeFitness value='0.710278'/>
	<unitsAverage value='117'/>
</results>
