<results>
	<result value='loss'/>
	<start value='2015-05-11.21:02:49'/>
	<end value='2015-05-11.21:02:52'/>
	<frames value='8434'/>
	<gameDuration value='527'/>

	<player>
		<unitScore value='850'/>
		<killScore value='150'/>
		<buildingScore value='700'/>
		<razingScore value='0'/>
		<mineralScore value='1298'/>
		<gasScore value='32'/>
		<totalScore value='3030'/>
	</player>

	<enemy>
		<race value='Zerg'/>
		<unitScore value='1400'/>
		<unitScore value='1400'/>
		<killScore value='1700'/>
		<buildingScore value='860'/>
		<razingScore value='2100'/>
		<mineralScore value='2370'/>
		<gasScore value='144'/>
		<totalScore value='8574'/>
	</enemy>

	<scoreRatio value='0.353394'/>
	<timeFitness value='0.0731944'/>
	<unitsAverage value='8'/>
</results>
