<results>
	<result value='win'/>
	<start value='2015-05-09.07:35:23'/>
	<end value='2015-05-09.07:35:38'/>
	<frames value='17920'/>
	<gameDuration value='1120'/>

	<player>
		<unitScore value='6400'/>
		<killScore value='10750'/>
		<buildingScore value='1900'/>
		<razingScore value='4125'/>
		<mineralScore value='9474'/>
		<gasScore value='1096'/>
		<totalScore value='33745'/>
	</player>

	<enemy>
		<race value='Terran'/>
		<unitScore value='5375'/>
		<unitScore value='5375'/>
		<killScore value='2600'/>
		<buildingScore value='1450'/>
		<razingScore value='0'/>
		<mineralScore value='7482'/>
		<gasScore value='2056'/>
		<totalScore value='18963'/>
	</enemy>

	<scoreRatio value='1.77952'/>
	<timeFitness value='0.844444'/>
	<unitsAverage value='48'/>
</results>
