<results>
	<result value='draw'/>
	<start value='2015-05-09.07:42:10'/>
	<end value='2015-05-09.07:43:07'/>
	<frames value='57601'/>
	<gameDuration value='3600'/>

	<player>
		<unitScore value='29375'/>
		<killScore value='33600'/>
		<buildingScore value='4050'/>
		<razingScore value='1350'/>
		<mineralScore value='31454'/>
		<gasScore value='7872'/>
		<totalScore value='107701'/>
	</player>

	<enemy>
		<race value='Terran'/>
		<unitScore value='31050'/>
		<unitScore value='31050'/>
		<killScore value='48150'/>
		<buildingScore value='5125'/>
		<razingScore value='2850'/>
		<mineralScore value='31242'/>
		<gasScore value='12450'/>
		<totalScore value='130867'/>
	</enemy>

	<scoreRatio value='0.822981'/>
	<timeFitness value='0.5'/>
	<unitsAverage value='117'/>
</results>
