<results>
	<result value='loss'/>
	<start value='2015-07-19.00:18:43'/>
	<end value='2015-07-19.00:20:01'/>
	<frames value='46347'/>
	<gameDuration value='2896'/>

	<player>
		<unitScore value='26725'/>
		<killScore value='23100'/>
		<buildingScore value='4550'/>
		<razingScore value='0'/>
		<mineralScore value='27946'/>
		<gasScore value='4416'/>
		<totalScore value='86737'/>
	</player>

	<enemy>
		<race value='Protoss'/>
		<unitScore value='30210'/>
		<killScore value='53450'/>
		<buildingScore value='8450'/>
		<razingScore value='13650'/>
		<mineralScore value='30338'/>
		<gasScore value='10366'/>
		<totalScore value='146464'/>
	</enemy>

	<scoreRatio value='0.592207'/>
	<timeFitness value='0.402222'/>
	<unitsAverage value='86'/>
</results>
