<results>
	<result value='loss'/>
	<start value='2015-07-19.00:24:21'/>
	<end value='2015-07-19.00:25:10'/>
	<frames value='34195'/>
	<gameDuration value='2137'/>

	<player>
		<unitScore value='18000'/>
		<killScore value='7100'/>
		<buildingScore value='2800'/>
		<razingScore value='300'/>
		<mineralScore value='25002'/>
		<gasScore value='3224'/>
		<totalScore value='56426'/>
	</player>

	<enemy>
		<race value='Protoss'/>
		<unitScore value='21950'/>
		<killScore value='34400'/>
		<buildingScore value='8175'/>
		<razingScore value='8400'/>
		<mineralScore value='25658'/>
		<gasScore value='8736'/>
		<totalScore value='107319'/>
	</enemy>

	<scoreRatio value='0.525778'/>
	<timeFitness value='0.296806'/>
	<unitsAverage value='66'/>
</results>
