<results>
	<result value='loss'/>
	<start value='2015-07-19.00:41:15'/>
	<end value='2015-07-19.00:42:40'/>
	<frames value='47804'/>
	<gameDuration value='2987'/>

	<player>
		<unitScore value='23900'/>
		<killScore value='17800'/>
		<buildingScore value='4000'/>
		<razingScore value='1950'/>
		<mineralScore value='29838'/>
		<gasScore value='2856'/>
		<totalScore value='80344'/>
	</player>

	<enemy>
		<race value='Protoss'/>
		<unitScore value='29200'/>
		<killScore value='47800'/>
		<buildingScore value='8925'/>
		<razingScore value='12000'/>
		<mineralScore value='29538'/>
		<gasScore value='11396'/>
		<totalScore value='138859'/>
	</enemy>

	<scoreRatio value='0.578601'/>
	<timeFitness value='0.414861'/>
	<unitsAverage value='91'/>
</results>
