<results>
	<result value='loss'/>
	<start value='2015-05-07.07:32:11'/>
	<end value='2015-05-07.07:32:23'/>
	<frames value='27158'/>
	<gameDuration value='1697'/>

	<player>
		<unitScore value='4850'/>
		<killScore value='0'/>
		<buildingScore value='2300'/>
		<razingScore value='0'/>
		<mineralScore value='18854'/>
		<gasScore value='0'/>
		<totalScore value='26004'/>
	</player>

	<enemy>
		<race value='Protoss'/>
		<unitScore value='11900'/>
		<unitScore value='11900'/>
		<killScore value='9700'/>
		<buildingScore value='6350'/>
		<razingScore value='6900'/>
		<mineralScore value='21122'/>
		<gasScore value='5848'/>
		<totalScore value='61820'/>
	</enemy>

	<scoreRatio value='0.420641'/>
	<timeFitness value='0.235694'/>
	<unitsAverage value='35'/>
</results>
