<results>
	<result value='loss'/>
	<start value='2015-05-07.07:36:54'/>
	<end value='2015-05-07.07:36:59'/>
	<frames value='16091'/>
	<gameDuration value='1005'/>

	<player>
		<unitScore value='3650'/>
		<killScore value='500'/>
		<buildingScore value='1175'/>
		<razingScore value='0'/>
		<mineralScore value='4834'/>
		<gasScore value='504'/>
		<totalScore value='10663'/>
	</player>

	<enemy>
		<race value='Protoss'/>
		<unitScore value='4175'/>
		<unitScore value='4175'/>
		<killScore value='6800'/>
		<buildingScore value='3275'/>
		<razingScore value='3825'/>
		<mineralScore value='8138'/>
		<gasScore value='2104'/>
		<totalScore value='28317'/>
	</enemy>

	<scoreRatio value='0.376558'/>
	<timeFitness value='0.139583'/>
	<unitsAverage value='20'/>
</results>
