<results>
	<result value='win'/>
	<start value='2015-05-07.07:52:40'/>
	<end value='2015-05-07.07:52:56'/>
	<frames value='27840'/>
	<gameDuration value='1740'/>

	<player>
		<unitScore value='11625'/>
		<killScore value='11500'/>
		<buildingScore value='2775'/>
		<razingScore value='17175'/>
		<mineralScore value='15642'/>
		<gasScore value='2472'/>
		<totalScore value='61189'/>
	</player>

	<enemy>
		<race value='Protoss'/>
		<unitScore value='5750'/>
		<unitScore value='5750'/>
		<killScore value='9800'/>
		<buildingScore value='5725'/>
		<razingScore value='1350'/>
		<mineralScore value='12490'/>
		<gasScore value='2608'/>
		<totalScore value='37723'/>
	</enemy>

	<scoreRatio value='1.62206'/>
	<timeFitness value='0.758333'/>
	<unitsAverage value='59'/>
</results>
