<results>
	<result value='loss'/>
	<start value='2015-05-07.07:52:58'/>
	<end value='2015-05-07.07:53:35'/>
	<frames value='47029'/>
	<gameDuration value='2939'/>

	<player>
		<unitScore value='22325'/>
		<killScore value='45350'/>
		<buildingScore value='2525'/>
		<razingScore value='6450'/>
		<mineralScore value='24058'/>
		<gasScore value='2856'/>
		<totalScore value='103564'/>
	</player>

	<enemy>
		<race value='Protoss'/>
		<unitScore value='34125'/>
		<unitScore value='34125'/>
		<killScore value='44650'/>
		<buildingScore value='9625'/>
		<razingScore value='7575'/>
		<mineralScore value='34762'/>
		<gasScore value='10258'/>
		<totalScore value='140995'/>
	</enemy>

	<scoreRatio value='0.734523'/>
	<timeFitness value='0.408194'/>
	<unitsAverage value='87'/>
</results>
