<results>
	<result value='loss'/>
	<start value='2015-04-16.21:59:02'/>
	<end value='2015-04-16.21:59:35'/>
	<frames value='28677'/>
	<gameDuration value='1792'/>

	<player>
		<unitScore value='7550'/>
		<killScore value='4200'/>
		<buildingScore value='2075'/>
		<razingScore value='0'/>
		<mineralScore value='9802'/>
		<gasScore value='904'/>
		<totalScore value='24531'/>
	</player>

	<enemy>
		<race value='Protoss'/>
		<unitScore value='13650'/>
		<unitScore value='13650'/>
		<killScore value='15100'/>
		<buildingScore value='6925'/>
		<razingScore value='6225'/>
		<mineralScore value='17950'/>
		<gasScore value='6600'/>
		<totalScore value='66450'/>
	</enemy>

	<scoreRatio value='0.369165'/>
</results>
