<results>
	<result value='win'/>
	<start value='2014-07-22.22:11:56'/>
	<end value='2014-07-22.22:12:35'/>
	<frames value='33079'/>
	<gameDuration value='2067'/>

	<player>
		<unitScore value='21675'/>
		<killScore value='25800'/>
		<buildingScore value='4275'/>
		<razingScore value='15975'/>
		<mineralScore value='31258'/>
		<gasScore value='3464'/>
		<totalScore value='102447'/>
	</player>

	<enemy>
		<race value='Protoss'/>
		<unitScore value='13600'/>
		<unitScore value='13600'/>
		<killScore value='19300'/>
		<buildingScore value='5325'/>
		<razingScore value='0'/>
		<mineralScore value='15282'/>
		<gasScore value='4648'/>
		<totalScore value='58155'/>
	</enemy>

	<scoreRatio value='1.76162'/>
</results>
