<results>
	<result value='loss'/>
	<start value='2015-04-10.04:19:52'/>
	<end value='2015-04-10.04:19:59'/>
	<frames value='14882'/>
	<gameDuration value='930'/>

	<player>
		<unitScore value='2450'/>
		<killScore value='1200'/>
		<buildingScore value='1425'/>
		<razingScore value='0'/>
		<mineralScore value='4010'/>
		<gasScore value='608'/>
		<totalScore value='9693'/>
	</player>

	<enemy>
		<race value='Protoss'/>
		<unitScore value='3550'/>
		<unitScore value='3550'/>
		<killScore value='4900'/>
		<buildingScore value='2925'/>
		<razingScore value='4275'/>
		<mineralScore value='7858'/>
		<gasScore value='1376'/>
		<totalScore value='24884'/>
	</enemy>

	<scoreRatio value='0.389527'/>
</results>
