<results>
	<result value='win'/>
	<start value='2015-04-10.04:20:02'/>
	<end value='2015-04-10.04:20:37'/>
	<frames value='33172'/>
	<gameDuration value='2073'/>

	<player>
		<unitScore value='18350'/>
		<killScore value='20000'/>
		<buildingScore value='4825'/>
		<razingScore value='17100'/>
		<mineralScore value='29378'/>
		<gasScore value='2832'/>
		<totalScore value='92485'/>
	</player>

	<enemy>
		<race value='Protoss'/>
		<unitScore value='10000'/>
		<unitScore value='10000'/>
		<killScore value='14800'/>
		<buildingScore value='5700'/>
		<razingScore value='450'/>
		<mineralScore value='14002'/>
		<gasScore value='2920'/>
		<totalScore value='47872'/>
	</enemy>

	<scoreRatio value='1.93192'/>
</results>
