<results>
	<result value='win'/>
	<start value='2015-04-10.04:26:46'/>
	<end value='2015-04-10.04:27:06'/>
	<frames value='26135'/>
	<gameDuration value='1633'/>

	<player>
		<unitScore value='10850'/>
		<killScore value='13700'/>
		<buildingScore value='3525'/>
		<razingScore value='9225'/>
		<mineralScore value='16722'/>
		<gasScore value='1688'/>
		<totalScore value='55710'/>
	</player>

	<enemy>
		<race value='Protoss'/>
		<unitScore value='6850'/>
		<unitScore value='6850'/>
		<killScore value='7550'/>
		<buildingScore value='3075'/>
		<razingScore value='150'/>
		<mineralScore value='10114'/>
		<gasScore value='1760'/>
		<totalScore value='29499'/>
	</enemy>

	<scoreRatio value='1.88854'/>
</results>
