<results>
	<result value='loss'/>
	<start value='2015-04-11.09:08:21'/>
	<end value='2015-04-11.09:09:03'/>
	<frames value='36179'/>
	<gameDuration value='2261'/>

	<player>
		<unitScore value='13025'/>
		<killScore value='8400'/>
		<buildingScore value='2000'/>
		<razingScore value='0'/>
		<mineralScore value='13082'/>
		<gasScore value='2320'/>
		<totalScore value='38827'/>
	</player>

	<enemy>
		<race value='Protoss'/>
		<unitScore value='22450'/>
		<unitScore value='22450'/>
		<killScore value='25800'/>
		<buildingScore value='6225'/>
		<razingScore value='6000'/>
		<mineralScore value='24670'/>
		<gasScore value='9166'/>
		<totalScore value='94311'/>
	</enemy>

	<scoreRatio value='0.411691'/>
</results>
