<results>
	<result value='loss'/>
	<start value='2015-07-18.02:51:25'/>
	<end value='2015-07-18.02:52:07'/>
	<frames value='33389'/>
	<gameDuration value='2086'/>

	<player>
		<unitScore value='14025'/>
		<killScore value='7350'/>
		<buildingScore value='4850'/>
		<razingScore value='750'/>
		<mineralScore value='17374'/>
		<gasScore value='2232'/>
		<totalScore value='46581'/>
	</player>

	<enemy>
		<race value='Terran'/>
		<unitScore value='8375'/>
		<killScore value='26300'/>
		<buildingScore value='3375'/>
		<razingScore value='14550'/>
		<mineralScore value='19534'/>
		<gasScore value='5192'/>
		<totalScore value='77326'/>
	</enemy>

	<scoreRatio value='0.602398'/>
	<timeFitness value='0.289722'/>
	<unitsAverage value='45'/>
</results>
