<results>
	<result value='loss'/>
	<start value='2015-07-18.02:57:17'/>
	<end value='2015-07-18.02:57:33'/>
	<frames value='16246'/>
	<gameDuration value='1015'/>

	<player>
		<unitScore value='3550'/>
		<killScore value='3550'/>
		<buildingScore value='1475'/>
		<razingScore value='300'/>
		<mineralScore value='4874'/>
		<gasScore value='880'/>
		<totalScore value='14629'/>
	</player>

	<enemy>
		<race value='Terran'/>
		<unitScore value='4500'/>
		<killScore value='6800'/>
		<buildingScore value='1500'/>
		<razingScore value='4425'/>
		<mineralScore value='6762'/>
		<gasScore value='1904'/>
		<totalScore value='25891'/>
	</enemy>

	<scoreRatio value='0.565023'/>
	<timeFitness value='0.140972'/>
	<unitsAverage value='23'/>
</results>
