<results>
	<result value='win'/>
	<start value='2015-04-11.01:35:02'/>
	<end value='2015-04-11.01:35:38'/>
	<frames value='32335'/>
	<gameDuration value='2020'/>

	<player>
		<unitScore value='23900'/>
		<killScore value='24650'/>
		<buildingScore value='3900'/>
		<razingScore value='18300'/>
		<mineralScore value='26422'/>
		<gasScore value='4128'/>
		<totalScore value='101300'/>
	</player>

	<enemy>
		<race value='Protoss'/>
		<unitScore value='13375'/>
		<unitScore value='13375'/>
		<killScore value='22400'/>
		<buildingScore value='6100'/>
		<razingScore value='600'/>
		<mineralScore value='15534'/>
		<gasScore value='5096'/>
		<totalScore value='63105'/>
	</enemy>

	<scoreRatio value='1.60526'/>
</results>
