<results>
	<result value='win'/>
	<start value='2015-04-11.01:38:56'/>
	<end value='2015-04-11.01:39:52'/>
	<frames value='38442'/>
	<gameDuration value='2402'/>

	<player>
		<unitScore value='32325'/>
		<killScore value='40700'/>
		<buildingScore value='4225'/>
		<razingScore value='19500'/>
		<mineralScore value='34614'/>
		<gasScore value='4040'/>
		<totalScore value='135404'/>
	</player>

	<enemy>
		<race value='Protoss'/>
		<unitScore value='21025'/>
		<unitScore value='21025'/>
		<killScore value='38900'/>
		<buildingScore value='6500'/>
		<razingScore value='0'/>
		<mineralScore value='23314'/>
		<gasScore value='6864'/>
		<totalScore value='96603'/>
	</enemy>

	<scoreRatio value='1.40165'/>
</results>
