<results>
	<result value='win'/>
	<start value='2015-04-27.11:49:59'/>
	<end value='2015-04-27.11:50:11'/>
	<frames value='18695'/>
	<gameDuration value='1168'/>

	<player>
		<unitScore value='5525'/>
		<killScore value='11050'/>
		<buildingScore value='2125'/>
		<razingScore value='4350'/>
		<mineralScore value='8946'/>
		<gasScore value='1272'/>
		<totalScore value='33268'/>
	</player>

	<enemy>
		<race value='Terran'/>
		<unitScore value='5525'/>
		<unitScore value='5525'/>
		<killScore value='4000'/>
		<buildingScore value='1450'/>
		<razingScore value='450'/>
		<mineralScore value='8610'/>
		<gasScore value='2312'/>
		<totalScore value='22347'/>
	</enemy>

	<scoreRatio value='1.4887'/>
</results>
