<results>
	<result value='loss'/>
	<start value='2015-04-27.11:51:32'/>
	<end value='2015-04-27.11:51:40'/>
	<frames value='17827'/>
	<gameDuration value='1114'/>

	<player>
		<unitScore value='2300'/>
		<killScore value='2150'/>
		<buildingScore value='975'/>
		<razingScore value='0'/>
		<mineralScore value='3042'/>
		<gasScore value='456'/>
		<totalScore value='8923'/>
	</player>

	<enemy>
		<race value='Terran'/>
		<unitScore value='6750'/>
		<unitScore value='6750'/>
		<killScore value='4600'/>
		<buildingScore value='2700'/>
		<razingScore value='2925'/>
		<mineralScore value='8050'/>
		<gasScore value='2824'/>
		<totalScore value='27849'/>
	</enemy>

	<scoreRatio value='0.320406'/>
</results>
