<results>
	<result value='loss'/>
	<start value='2015-04-27.11:52:23'/>
	<end value='2015-04-27.11:52:30'/>
	<frames value='15099'/>
	<gameDuration value='943'/>

	<player>
		<unitScore value='2925'/>
		<killScore value='500'/>
		<buildingScore value='900'/>
		<razingScore value='0'/>
		<mineralScore value='3450'/>
		<gasScore value='512'/>
		<totalScore value='8287'/>
	</player>

	<enemy>
		<race value='Terran'/>
		<unitScore value='4925'/>
		<unitScore value='4925'/>
		<killScore value='5850'/>
		<buildingScore value='1450'/>
		<razingScore value='2700'/>
		<mineralScore value='6938'/>
		<gasScore value='2152'/>
		<totalScore value='24015'/>
	</enemy>

	<scoreRatio value='0.345076'/>
</results>
