<results>
	<result value='draw'/>
	<start value='2015-04-27.11:53:01'/>
	<end value='2015-04-27.11:53:50'/>
	<frames value='57601'/>
	<gameDuration value='3600'/>

	<player>
		<unitScore value='21625'/>
		<killScore value='26650'/>
		<buildingScore value='3000'/>
		<razingScore value='1500'/>
		<mineralScore value='23930'/>
		<gasScore value='4464'/>
		<totalScore value='81169'/>
	</player>

	<enemy>
		<race value='Terran'/>
		<unitScore value='27425'/>
		<unitScore value='27425'/>
		<killScore value='38550'/>
		<buildingScore value='4575'/>
		<razingScore value='5025'/>
		<mineralScore value='19766'/>
		<gasScore value='12520'/>
		<totalScore value='107861'/>
	</enemy>

	<scoreRatio value='0.752533'/>
</results>
