<results>
	<result value='loss'/>
	<start value='2015-04-27.11:57:06'/>
	<end value='2015-04-27.11:57:50'/>
	<frames value='49292'/>
	<gameDuration value='3080'/>

	<player>
		<unitScore value='21650'/>
		<killScore value='24750'/>
		<buildingScore value='2600'/>
		<razingScore value='450'/>
		<mineralScore value='22342'/>
		<gasScore value='4488'/>
		<totalScore value='76280'/>
	</player>

	<enemy>
		<race value='Terran'/>
		<unitScore value='35525'/>
		<unitScore value='35525'/>
		<killScore value='43300'/>
		<buildingScore value='5150'/>
		<razingScore value='7950'/>
		<mineralScore value='24606'/>
		<gasScore value='14328'/>
		<totalScore value='130859'/>
	</enemy>

	<scoreRatio value='0.582918'/>
</results>
