<results>
	<result value='loss'/>
	<start value='2015-04-27.12:31:23'/>
	<end value='2015-04-27.12:31:33'/>
	<frames value='18354'/>
	<gameDuration value='1147'/>

	<player>
		<unitScore value='4600'/>
		<killScore value='600'/>
		<buildingScore value='1600'/>
		<razingScore value='0'/>
		<mineralScore value='6290'/>
		<gasScore value='792'/>
		<totalScore value='13882'/>
	</player>

	<enemy>
		<race value='Terran'/>
		<unitScore value='6450'/>
		<unitScore value='6450'/>
		<killScore value='9200'/>
		<buildingScore value='2900'/>
		<razingScore value='4800'/>
		<mineralScore value='8434'/>
		<gasScore value='2784'/>
		<totalScore value='34568'/>
	</enemy>

	<scoreRatio value='0.401585'/>
</results>
