<results>
	<result value='win'/>
	<start value='2015-04-27.12:35:23'/>
	<end value='2015-04-27.12:35:38'/>
	<frames value='21423'/>
	<gameDuration value='1338'/>

	<player>
		<unitScore value='9000'/>
		<killScore value='13650'/>
		<buildingScore value='2600'/>
		<razingScore value='5400'/>
		<mineralScore value='13290'/>
		<gasScore value='1616'/>
		<totalScore value='45556'/>
	</player>

	<enemy>
		<race value='Terran'/>
		<unitScore value='6825'/>
		<unitScore value='6825'/>
		<killScore value='6450'/>
		<buildingScore value='1800'/>
		<razingScore value='600'/>
		<mineralScore value='7810'/>
		<gasScore value='2504'/>
		<totalScore value='25989'/>
	</enemy>

	<scoreRatio value='1.7529'/>
</results>
