<results>
	<result value='loss'/>
	<start value='2015-04-27.12:40:18'/>
	<end value='2015-04-27.12:40:33'/>
	<frames value='23283'/>
	<gameDuration value='1455'/>

	<player>
		<unitScore value='5250'/>
		<killScore value='4950'/>
		<buildingScore value='1950'/>
		<razingScore value='0'/>
		<mineralScore value='7378'/>
		<gasScore value='1160'/>
		<totalScore value='20688'/>
	</player>

	<enemy>
		<race value='Terran'/>
		<unitScore value='10275'/>
		<unitScore value='10275'/>
		<killScore value='10500'/>
		<buildingScore value='3675'/>
		<razingScore value='5850'/>
		<mineralScore value='11386'/>
		<gasScore value='5088'/>
		<totalScore value='46774'/>
	</enemy>

	<scoreRatio value='0.442297'/>
</results>
