<results>
	<result value='loss'/>
	<start value='2015-05-11.14:26:16'/>
	<end value='2015-05-11.14:26:19'/>
	<frames value='6946'/>
	<gameDuration value='434'/>

	<player>
		<unitScore value='950'/>
		<killScore value='50'/>
		<buildingScore value='650'/>
		<razingScore value='0'/>
		<mineralScore value='1490'/>
		<gasScore value='80'/>
		<totalScore value='3220'/>
	</player>

	<enemy>
		<race value='Zerg'/>
		<unitScore value='1150'/>
		<unitScore value='1150'/>
		<killScore value='1800'/>
		<buildingScore value='415'/>
		<razingScore value='1950'/>
		<mineralScore value='1826'/>
		<gasScore value='0'/>
		<totalScore value='7141'/>
	</enemy>

	<scoreRatio value='0.450917'/>
	<timeFitness value='0.0602778'/>
	<unitsAverage value='11'/>
</results>
