<results>
	<result value='win'/>
	<start value='2015-05-05.12:08:33'/>
	<end value='2015-05-05.12:09:12'/>
	<frames value='29328'/>
	<gameDuration value='1833'/>

	<player>
		<unitScore value='14900'/>
		<killScore value='23450'/>
		<buildingScore value='4625'/>
		<razingScore value='6690'/>
		<mineralScore value='24298'/>
		<gasScore value='3200'/>
		<totalScore value='77163'/>
	</player>

	<enemy>
		<race value='Zerg'/>
		<unitScore value='10850'/>
		<unitScore value='10850'/>
		<killScore value='8700'/>
		<buildingScore value='2230'/>
		<razingScore value='0'/>
		<mineralScore value='11226'/>
		<gasScore value='3296'/>
		<totalScore value='36302'/>
	</enemy>

	<scoreRatio value='2.12559'/>
	<timeFitness value='0.745417'/>
	<unitsAverage value='95'/>
</results>
