<results>
	<result value='win'/>
	<start value='2015-05-11.14:30:46'/>
	<end value='2015-05-11.14:31:26'/>
	<frames value='37822'/>
	<gameDuration value='2363'/>

	<player>
		<unitScore value='21000'/>
		<killScore value='45410'/>
		<buildingScore value='4875'/>
		<razingScore value='7635'/>
		<mineralScore value='37550'/>
		<gasScore value='4520'/>
		<totalScore value='120990'/>
	</player>

	<enemy>
		<race value='Zerg'/>
		<unitScore value='18800'/>
		<unitScore value='18800'/>
		<killScore value='22500'/>
		<buildingScore value='2545'/>
		<razingScore value='0'/>
		<mineralScore value='16282'/>
		<gasScore value='5038'/>
		<totalScore value='65165'/>
	</enemy>

	<scoreRatio value='1.85667'/>
	<timeFitness value='0.671806'/>
	<unitsAverage value='110'/>
</results>
