<results>
	<result value='win'/>
	<start value='2015-05-06.10:49:56'/>
	<end value='2015-05-06.10:50:23'/>
	<frames value='25949'/>
	<gameDuration value='1621'/>

	<player>
		<unitScore value='16950'/>
		<killScore value='26620'/>
		<buildingScore value='3550'/>
		<razingScore value='6210'/>
		<mineralScore value='24334'/>
		<gasScore value='1760'/>
		<totalScore value='79424'/>
	</player>

	<enemy>
		<race value='Zerg'/>
		<unitScore value='12150'/>
		<unitScore value='12150'/>
		<killScore value='13050'/>
		<buildingScore value='2070'/>
		<razingScore value='0'/>
		<mineralScore value='10906'/>
		<gasScore value='3128'/>
		<totalScore value='41304'/>
	</enemy>

	<scoreRatio value='1.92291'/>
	<timeFitness value='0.774861'/>
	<unitsAverage value='95'/>
</results>
