<results>
	<result value='win'/>
	<start value='2015-05-06.10:59:06'/>
	<end value='2015-05-06.10:59:49'/>
	<frames value='31715'/>
	<gameDuration value='1982'/>

	<player>
		<unitScore value='20450'/>
		<killScore value='23165'/>
		<buildingScore value='4600'/>
		<razingScore value='5970'/>
		<mineralScore value='34134'/>
		<gasScore value='1392'/>
		<totalScore value='89711'/>
	</player>

	<enemy>
		<race value='Zerg'/>
		<unitScore value='10400'/>
		<unitScore value='10400'/>
		<killScore value='17150'/>
		<buildingScore value='1990'/>
		<razingScore value='0'/>
		<mineralScore value='10362'/>
		<gasScore value='3104'/>
		<totalScore value='43006'/>
	</enemy>

	<scoreRatio value='2.08601'/>
	<timeFitness value='0.724722'/>
	<unitsAverage value='120'/>
</results>
