<results>
	<result value='win'/>
	<start value='2015-05-06.11:13:37'/>
	<end value='2015-05-06.11:14:00'/>
	<frames value='22880'/>
	<gameDuration value='1430'/>

	<player>
		<unitScore value='14225'/>
		<killScore value='15570'/>
		<buildingScore value='2875'/>
		<razingScore value='5535'/>
		<mineralScore value='22450'/>
		<gasScore value='1352'/>
		<totalScore value='62007'/>
	</player>

	<enemy>
		<race value='Zerg'/>
		<unitScore value='7575'/>
		<unitScore value='7575'/>
		<killScore value='9950'/>
		<buildingScore value='1845'/>
		<razingScore value='0'/>
		<mineralScore value='7578'/>
		<gasScore value='2040'/>
		<totalScore value='28988'/>
	</enemy>

	<scoreRatio value='2.13906'/>
	<timeFitness value='0.801389'/>
	<unitsAverage value='87'/>
</results>
