<results>
	<result value='win'/>
	<start value='2015-05-06.11:25:14'/>
	<end value='2015-05-06.11:25:46'/>
	<frames value='28739'/>
	<gameDuration value='1796'/>

	<player>
		<unitScore value='20075'/>
		<killScore value='29680'/>
		<buildingScore value='3475'/>
		<razingScore value='4635'/>
		<mineralScore value='24390'/>
		<gasScore value='1496'/>
		<totalScore value='83751'/>
	</player>

	<enemy>
		<race value='Zerg'/>
		<unitScore value='13075'/>
		<unitScore value='13075'/>
		<killScore value='18350'/>
		<buildingScore value='1545'/>
		<razingScore value='0'/>
		<mineralScore value='11246'/>
		<gasScore value='3400'/>
		<totalScore value='47616'/>
	</enemy>

	<scoreRatio value='1.75888'/>
	<timeFitness value='0.750556'/>
	<unitsAverage value='98'/>
</results>
