<results>
	<result value='win'/>
	<start value='2015-05-06.11:29:26'/>
	<end value='2015-05-06.11:30:09'/>
	<frames value='31157'/>
	<gameDuration value='1947'/>

	<player>
		<unitScore value='21725'/>
		<killScore value='23710'/>
		<buildingScore value='4175'/>
		<razingScore value='6015'/>
		<mineralScore value='34598'/>
		<gasScore value='2224'/>
		<totalScore value='92447'/>
	</player>

	<enemy>
		<race value='Zerg'/>
		<unitScore value='11425'/>
		<unitScore value='11425'/>
		<killScore value='20300'/>
		<buildingScore value='2005'/>
		<razingScore value='0'/>
		<mineralScore value='11234'/>
		<gasScore value='3584'/>
		<totalScore value='48548'/>
	</enemy>

	<scoreRatio value='1.90424'/>
	<timeFitness value='0.729583'/>
	<unitsAverage value='118'/>
</results>
