<results>
	<result value='win'/>
	<start value='2015-05-06.11:27:02'/>
	<end value='2015-05-06.11:28:21'/>
	<frames value='39651'/>
	<gameDuration value='2478'/>

	<player>
		<unitScore value='26775'/>
		<killScore value='56320'/>
		<buildingScore value='4350'/>
		<razingScore value='9495'/>
		<mineralScore value='37962'/>
		<gasScore value='5120'/>
		<totalScore value='140022'/>
	</player>

	<enemy>
		<race value='Zerg'/>
		<unitScore value='23275'/>
		<unitScore value='23275'/>
		<killScore value='29100'/>
		<buildingScore value='3165'/>
		<razingScore value='3375'/>
		<mineralScore value='20586'/>
		<gasScore value='5490'/>
		<totalScore value='84991'/>
	</enemy>

	<scoreRatio value='1.64749'/>
	<timeFitness value='0.655833'/>
	<unitsAverage value='142'/>
</results>
