<results>
	<result value='win'/>
	<start value='2015-05-09.10:16:37'/>
	<end value='2015-05-09.10:17:26'/>
	<frames value='42348'/>
	<gameDuration value='2646'/>

	<player>
		<unitScore value='23900'/>
		<killScore value='35900'/>
		<buildingScore value='4800'/>
		<razingScore value='13500'/>
		<mineralScore value='33962'/>
		<gasScore value='4864'/>
		<totalScore value='116926'/>
	</player>

	<enemy>
		<race value='Terran'/>
		<unitScore value='21850'/>
		<unitScore value='21850'/>
		<killScore value='24350'/>
		<buildingScore value='4500'/>
		<razingScore value='3300'/>
		<mineralScore value='16602'/>
		<gasScore value='8526'/>
		<totalScore value='79128'/>
	</enemy>

	<scoreRatio value='1.47768'/>
	<timeFitness value='0.6325'/>
	<unitsAverage value='120'/>
</results>
