<results>
	<result value='loss'/>
	<start value='2015-05-04.08:08:55'/>
	<end value='2015-05-04.08:09:05'/>
	<frames value='18230'/>
	<gameDuration value='1139'/>

	<player>
		<unitScore value='4375'/>
		<killScore value='1100'/>
		<buildingScore value='2100'/>
		<razingScore value='0'/>
		<mineralScore value='6538'/>
		<gasScore value='1008'/>
		<totalScore value='15121'/>
	</player>

	<enemy>
		<race value='Terran'/>
		<unitScore value='6325'/>
		<unitScore value='6325'/>
		<killScore value='7550'/>
		<buildingScore value='2750'/>
		<razingScore value='6300'/>
		<mineralScore value='8378'/>
		<gasScore value='2680'/>
		<totalScore value='33983'/>
	</enemy>

	<scoreRatio value='0.444958'/>
	<timeFitness value='0.158194'/>
	<unitsAverage value='30'/>
</results>
