<results>
	<result value='loss'/>
	<start value='2015-07-20.16:24:07'/>
	<end value='2015-07-20.16:24:34'/>
	<frames value='25112'/>
	<gameDuration value='1569'/>

	<player>
		<unitScore value='9925'/>
		<killScore value='2750'/>
		<buildingScore value='3575'/>
		<razingScore value='0'/>
		<mineralScore value='18018'/>
		<gasScore value='1688'/>
		<totalScore value='35956'/>
	</player>

	<enemy>
		<race value='Zerg'/>
		<unitScore value='13150'/>
		<killScore value='19850'/>
		<buildingScore value='3150'/>
		<razingScore value='10725'/>
		<mineralScore value='14178'/>
		<gasScore value='4328'/>
		<totalScore value='65381'/>
	</enemy>

	<scoreRatio value='0.549946'/>
	<timeFitness value='0.217917'/>
	<unitsAverage value='46'/>
</results>
