<results>
	<result value='loss'/>
	<start value='2015-07-21.11:43:30'/>
	<end value='2015-07-21.11:43:34'/>
	<frames value='7535'/>
	<gameDuration value='470'/>

	<player>
		<unitScore value='1100'/>
		<killScore value='0'/>
		<buildingScore value='625'/>
		<razingScore value='0'/>
		<mineralScore value='1714'/>
		<gasScore value='144'/>
		<totalScore value='3583'/>
	</player>

	<enemy>
		<race value='Zerg'/>
		<unitScore value='1300'/>
		<killScore value='2200'/>
		<buildingScore value='440'/>
		<razingScore value='1875'/>
		<mineralScore value='2122'/>
		<gasScore value='0'/>
		<totalScore value='7937'/>
	</enemy>

	<scoreRatio value='0.45143'/>
	<timeFitness value='0.0652778'/>
	<unitsAverage value='11'/>
</results>
