<results>
	<result value='loss'/>
	<start value='2015-07-21.11:43:44'/>
	<end value='2015-07-21.11:44:03'/>
	<frames value='20896'/>
	<gameDuration value='1306'/>

	<player>
		<unitScore value='8000'/>
		<killScore value='3800'/>
		<buildingScore value='2175'/>
		<razingScore value='0'/>
		<mineralScore value='8394'/>
		<gasScore value='1944'/>
		<totalScore value='24313'/>
	</player>

	<enemy>
		<race value='Zerg'/>
		<unitScore value='8325'/>
		<killScore value='12650'/>
		<buildingScore value='1695'/>
		<razingScore value='6525'/>
		<mineralScore value='8538'/>
		<gasScore value='2424'/>
		<totalScore value='40157'/>
	</enemy>

	<scoreRatio value='0.605449'/>
	<timeFitness value='0.181389'/>
	<unitsAverage value='35'/>
</results>
