<results>
	<result value='loss'/>
	<start value='2015-04-10.20:40:17'/>
	<end value='2015-04-10.20:41:30'/>
	<frames value='50191'/>
	<gameDuration value='3136'/>

	<player>
		<unitScore value='22450'/>
		<killScore value='41900'/>
		<buildingScore value='3075'/>
		<razingScore value='5100'/>
		<mineralScore value='24530'/>
		<gasScore value='4988'/>
		<totalScore value='102043'/>
	</player>

	<enemy>
		<race value='Protoss'/>
		<unitScore value='36975'/>
		<unitScore value='36975'/>
		<killScore value='44900'/>
		<buildingScore value='8725'/>
		<razingScore value='9225'/>
		<mineralScore value='33254'/>
		<gasScore value='11748'/>
		<totalScore value='144827'/>
	</enemy>

	<scoreRatio value='0.704585'/>
</results>
