<results>
	<result value='win'/>
	<start value='2015-04-10.20:44:15'/>
	<end value='2015-04-10.20:45:27'/>
	<frames value='43557'/>
	<gameDuration value='2722'/>

	<player>
		<unitScore value='22325'/>
		<killScore value='38500'/>
		<buildingScore value='2900'/>
		<razingScore value='21075'/>
		<mineralScore value='24458'/>
		<gasScore value='2928'/>
		<totalScore value='112186'/>
	</player>

	<enemy>
		<race value='Protoss'/>
		<unitScore value='22500'/>
		<unitScore value='22500'/>
		<killScore value='32650'/>
		<buildingScore value='7025'/>
		<razingScore value='1875'/>
		<mineralScore value='19394'/>
		<gasScore value='6764'/>
		<totalScore value='90208'/>
	</enemy>

	<scoreRatio value='1.24364'/>
</results>
