<results>
	<result value='draw'/>
	<start value='2015-04-14.21:42:56'/>
	<end value='2015-04-14.21:46:18'/>
	<frames value='57601'/>
	<gameDuration value='3600'/>

	<player>
		<unitScore value='23750'/>
		<killScore value='32850'/>
		<buildingScore value='4700'/>
		<razingScore value='22650'/>
		<mineralScore value='28602'/>
		<gasScore value='4704'/>
		<totalScore value='117256'/>
	</player>

	<enemy>
		<race value='Protoss'/>
		<unitScore value='17325'/>
		<unitScore value='17325'/>
		<killScore value='23600'/>
		<buildingScore value='7700'/>
		<razingScore value='0'/>
		<mineralScore value='22610'/>
		<gasScore value='7600'/>
		<totalScore value='78835'/>
	</enemy>

	<scoreRatio value='1.48736'/>
</results>
