<results>
	<result value='loss'/>
	<start value='2015-05-10.05:09:16'/>
	<end value='2015-05-10.05:10:12'/>
	<frames value='43588'/>
	<gameDuration value='2724'/>

	<player>
		<unitScore value='18600'/>
		<killScore value='25600'/>
		<buildingScore value='3075'/>
		<razingScore value='0'/>
		<mineralScore value='20478'/>
		<gasScore value='5520'/>
		<totalScore value='73273'/>
	</player>

	<enemy>
		<race value='Protoss'/>
		<unitScore value='30350'/>
		<unitScore value='30350'/>
		<killScore value='37300'/>
		<buildingScore value='7125'/>
		<razingScore value='9225'/>
		<mineralScore value='32270'/>
		<gasScore value='10704'/>
		<totalScore value='126974'/>
	</enemy>

	<scoreRatio value='0.577071'/>
	<timeFitness value='0.378333'/>
	<unitsAverage value='69'/>
</results>
