<results>
	<result value='win'/>
	<start value='2014-07-11.22:23:09'/>
	<end value='2014-07-11.22:23:30'/>
	<frames value='25019'/>
	<gameDuration value='1563'/>

	<player>
		<unitScore value='12750'/>
		<killScore value='20155'/>
		<buildingScore value='3050'/>
		<razingScore value='7050'/>
		<mineralScore value='16262'/>
		<gasScore value='2288'/>
		<totalScore value='61555'/>
	</player>

	<enemy>
		<race value='Zerg'/>
		<unitScore value='9525'/>
		<unitScore value='9525'/>
		<killScore value='8700'/>
		<buildingScore value='2350'/>
		<razingScore value='0'/>
		<mineralScore value='9770'/>
		<gasScore value='2896'/>
		<totalScore value='33241'/>
	</enemy>

	<scoreRatio value='1.85178'/>
</results>
