<results>
	<result value='win'/>
	<start value='2015-04-12.13:51:57'/>
	<end value='2015-04-12.13:53:10'/>
	<frames value='31312'/>
	<gameDuration value='1957'/>

	<player>
		<unitScore value='19900'/>
		<killScore value='24450'/>
		<buildingScore value='4550'/>
		<razingScore value='17175'/>
		<mineralScore value='29602'/>
		<gasScore value='3064'/>
		<totalScore value='98741'/>
	</player>

	<enemy>
		<race value='Protoss'/>
		<unitScore value='12225'/>
		<unitScore value='12225'/>
		<killScore value='15200'/>
		<buildingScore value='5725'/>
		<razingScore value='0'/>
		<mineralScore value='18138'/>
		<gasScore value='5032'/>
		<totalScore value='56320'/>
	</enemy>

	<scoreRatio value='1.75321'/>
</results>
