<results>
	<result value='loss'/>
	<start value='2015-05-09.22:48:37'/>
	<end value='2015-05-09.22:49:18'/>
	<frames value='51400'/>
	<gameDuration value='3212'/>

	<player>
		<unitScore value='23850'/>
		<killScore value='33950'/>
		<buildingScore value='2225'/>
		<razingScore value='1500'/>
		<mineralScore value='24026'/>
		<gasScore value='3880'/>
		<totalScore value='89431'/>
	</player>

	<enemy>
		<race value='Protoss'/>
		<unitScore value='41140'/>
		<unitScore value='41140'/>
		<killScore value='47700'/>
		<buildingScore value='8525'/>
		<razingScore value='6675'/>
		<mineralScore value='36198'/>
		<gasScore value='14952'/>
		<totalScore value='155190'/>
	</enemy>

	<scoreRatio value='0.576268'/>
	<timeFitness value='0.446111'/>
	<unitsAverage value='80'/>
</results>
