<results>
	<result value='loss'/>
	<start value='2015-07-17.07:40:20'/>
	<end value='2015-07-17.07:40:42'/>
	<frames value='25143'/>
	<gameDuration value='1571'/>

	<player>
		<unitScore value='12950'/>
		<killScore value='3250'/>
		<buildingScore value='2575'/>
		<razingScore value='0'/>
		<mineralScore value='12622'/>
		<gasScore value='1968'/>
		<totalScore value='33365'/>
	</player>

	<enemy>
		<race value='Terran'/>
		<unitScore value='8225'/>
		<killScore value='20550'/>
		<buildingScore value='2950'/>
		<razingScore value='7725'/>
		<mineralScore value='11762'/>
		<gasScore value='3976'/>
		<totalScore value='55188'/>
	</enemy>

	<scoreRatio value='0.60457'/>
	<timeFitness value='0.218194'/>
	<unitsAverage value='53'/>
</results>
