<results>
	<result value='loss'/>
	<start value='2015-04-16.21:49:27'/>
	<end value='2015-04-16.21:49:39'/>
	<frames value='14696'/>
	<gameDuration value='918'/>

	<player>
		<unitScore value='3600'/>
		<killScore value='800'/>
		<buildingScore value='1425'/>
		<razingScore value='0'/>
		<mineralScore value='5114'/>
		<gasScore value='464'/>
		<totalScore value='11403'/>
	</player>

	<enemy>
		<race value='Protoss'/>
		<unitScore value='3550'/>
		<unitScore value='3550'/>
		<killScore value='7200'/>
		<buildingScore value='2475'/>
		<razingScore value='4275'/>
		<mineralScore value='7562'/>
		<gasScore value='1232'/>
		<totalScore value='26294'/>
	</enemy>

	<scoreRatio value='0.433673'/>
</results>
