<results>
	<result value='win'/>
	<start value='2015-05-02.14:02:07'/>
	<end value='2015-05-02.14:02:36'/>
	<frames value='26259'/>
	<gameDuration value='1641'/>

	<player>
		<unitScore value='14675'/>
		<killScore value='22470'/>
		<buildingScore value='3425'/>
		<razingScore value='7845'/>
		<mineralScore value='23614'/>
		<gasScore value='2568'/>
		<totalScore value='74597'/>
	</player>

	<enemy>
		<race value='Zerg'/>
		<unitScore value='11000'/>
		<unitScore value='11000'/>
		<killScore value='11300'/>
		<buildingScore value='2615'/>
		<razingScore value='0'/>
		<mineralScore value='12202'/>
		<gasScore value='3872'/>
		<totalScore value='40989'/>
	</enemy>

	<scoreRatio value='1.81993'/>
	<timeFitness value='0.772083'/>
	<unitsAverage value='90'/>
</results>
