<results>
	<result value='win'/>
	<start value='2015-05-02.21:56:24'/>
	<end value='2015-05-02.21:57:12'/>
	<frames value='34226'/>
	<gameDuration value='2139'/>

	<player>
		<unitScore value='23875'/>
		<killScore value='34220'/>
		<buildingScore value='5400'/>
		<razingScore value='9060'/>
		<mineralScore value='31274'/>
		<gasScore value='2384'/>
		<totalScore value='106213'/>
	</player>

	<enemy>
		<race value='Zerg'/>
		<unitScore value='15625'/>
		<unitScore value='15625'/>
		<killScore value='24750'/>
		<buildingScore value='3020'/>
		<razingScore value='2025'/>
		<mineralScore value='15798'/>
		<gasScore value='5136'/>
		<totalScore value='66354'/>
	</enemy>

	<scoreRatio value='1.6007'/>
	<timeFitness value='0.702917'/>
	<unitsAverage value='111'/>
</results>
