<results>
	<result value='win'/>
	<start value='2015-05-02.22:02:17'/>
	<end value='2015-05-02.22:03:01'/>
	<frames value='34815'/>
	<gameDuration value='2175'/>

	<player>
		<unitScore value='18775'/>
		<killScore value='37195'/>
		<buildingScore value='4875'/>
		<razingScore value='6855'/>
		<mineralScore value='29182'/>
		<gasScore value='2360'/>
		<totalScore value='99242'/>
	</player>

	<enemy>
		<race value='Zerg'/>
		<unitScore value='16175'/>
		<unitScore value='16175'/>
		<killScore value='15050'/>
		<buildingScore value='2285'/>
		<razingScore value='300'/>
		<mineralScore value='15758'/>
		<gasScore value='4824'/>
		<totalScore value='54392'/>
	</enemy>

	<scoreRatio value='1.82457'/>
	<timeFitness value='0.697917'/>
	<unitsAverage value='97'/>
</results>
