<results>
	<result value='loss'/>
	<start value='2015-05-03.04:30:40'/>
	<end value='2015-05-03.04:30:46'/>
	<frames value='15781'/>
	<gameDuration value='986'/>

	<player>
		<unitScore value='4450'/>
		<killScore value='1000'/>
		<buildingScore value='1375'/>
		<razingScore value='0'/>
		<mineralScore value='6242'/>
		<gasScore value='0'/>
		<totalScore value='13067'/>
	</player>

	<enemy>
		<race value='Protoss'/>
		<unitScore value='3550'/>
		<unitScore value='3550'/>
		<killScore value='8900'/>
		<buildingScore value='3225'/>
		<razingScore value='4125'/>
		<mineralScore value='8258'/>
		<gasScore value='1280'/>
		<totalScore value='29338'/>
	</enemy>

	<scoreRatio value='0.445395'/>
	<timeFitness value='0.136944'/>
	<unitsAverage value='26'/>
</results>
