<results>
	<result value='win'/>
	<start value='2015-05-11.14:14:12'/>
	<end value='2015-05-11.14:14:52'/>
	<frames value='38907'/>
	<gameDuration value='2431'/>

	<player>
		<unitScore value='24575'/>
		<killScore value='26550'/>
		<buildingScore value='3325'/>
		<razingScore value='21675'/>
		<mineralScore value='26698'/>
		<gasScore value='2792'/>
		<totalScore value='105615'/>
	</player>

	<enemy>
		<race value='Protoss'/>
		<unitScore value='13475'/>
		<unitScore value='13475'/>
		<killScore value='26750'/>
		<buildingScore value='7225'/>
		<razingScore value='0'/>
		<mineralScore value='22426'/>
		<gasScore value='6296'/>
		<totalScore value='76172'/>
	</enemy>

	<scoreRatio value='1.38653'/>
	<timeFitness value='0.662361'/>
	<unitsAverage value='109'/>
</results>
