<results>
	<result value='loss'/>
	<start value='2015-05-11.22:02:07'/>
	<end value='2015-05-11.22:02:14'/>
	<frames value='15874'/>
	<gameDuration value='992'/>

	<player>
		<unitScore value='3000'/>
		<killScore value='800'/>
		<buildingScore value='1475'/>
		<razingScore value='0'/>
		<mineralScore value='4322'/>
		<gasScore value='520'/>
		<totalScore value='10117'/>
	</player>

	<enemy>
		<race value='Protoss'/>
		<unitScore value='3550'/>
		<unitScore value='3550'/>
		<killScore value='5750'/>
		<buildingScore value='3875'/>
		<razingScore value='4425'/>
		<mineralScore value='8506'/>
		<gasScore value='1592'/>
		<totalScore value='27698'/>
	</enemy>

	<scoreRatio value='0.365261'/>
	<timeFitness value='0.137778'/>
	<unitsAverage value='20'/>
</results>
