<results>
	<result value='loss'/>
	<start value='2015-07-18.09:26:26'/>
	<end value='2015-07-18.09:26:53'/>
	<frames value='30320'/>
	<gameDuration value='1895'/>

	<player>
		<unitScore value='10425'/>
		<killScore value='3300'/>
		<buildingScore value='3350'/>
		<razingScore value='0'/>
		<mineralScore value='16906'/>
		<gasScore value='1840'/>
		<totalScore value='35821'/>
	</player>

	<enemy>
		<race value='Protoss'/>
		<unitScore value='15525'/>
		<killScore value='20850'/>
		<buildingScore value='6350'/>
		<razingScore value='10050'/>
		<mineralScore value='23094'/>
		<gasScore value='6960'/>
		<totalScore value='82829'/>
	</enemy>

	<scoreRatio value='0.432469'/>
	<timeFitness value='0.263194'/>
	<unitsAverage value='43'/>
</results>
