<results>
	<result value='loss'/>
	<start value='2015-04-30.07:52:33'/>
	<end value='2015-04-30.07:52:43'/>
	<frames value='15657'/>
	<gameDuration value='978'/>

	<player>
		<unitScore value='3725'/>
		<killScore value='500'/>
		<buildingScore value='1075'/>
		<razingScore value='0'/>
		<mineralScore value='5074'/>
		<gasScore value='592'/>
		<totalScore value='10966'/>
	</player>

	<enemy>
		<race value='Terran'/>
		<unitScore value='5150'/>
		<unitScore value='5150'/>
		<killScore value='7450'/>
		<buildingScore value='1800'/>
		<razingScore value='3225'/>
		<mineralScore value='7146'/>
		<gasScore value='2472'/>
		<totalScore value='27243'/>
	</enemy>

	<scoreRatio value='0.402525'/>
	<timeFitness value='0.135833'/>
	<unitsAverage value='25'/>
</results>
