<results>
	<result value='win'/>
	<start value='2015-04-30.07:59:42'/>
	<end value='2015-04-30.08:00:03'/>
	<frames value='26042'/>
	<gameDuration value='1627'/>

	<player>
		<unitScore value='10275'/>
		<killScore value='21100'/>
		<buildingScore value='2750'/>
		<razingScore value='6900'/>
		<mineralScore value='13866'/>
		<gasScore value='3088'/>
		<totalScore value='57979'/>
	</player>

	<enemy>
		<race value='Terran'/>
		<unitScore value='11350'/>
		<unitScore value='11350'/>
		<killScore value='10450'/>
		<buildingScore value='2300'/>
		<razingScore value='2025'/>
		<mineralScore value='11346'/>
		<gasScore value='3920'/>
		<totalScore value='41391'/>
	</enemy>

	<scoreRatio value='1.40076'/>
	<timeFitness value='0.774028'/>
	<unitsAverage value='56'/>
</results>
