<results>
	<result value='win'/>
	<start value='2015-04-30.08:00:27'/>
	<end value='2015-04-30.08:01:37'/>
	<frames value='43123'/>
	<gameDuration value='2695'/>

	<player>
		<unitScore value='23825'/>
		<killScore value='38950'/>
		<buildingScore value='4250'/>
		<razingScore value='12825'/>
		<mineralScore value='35750'/>
		<gasScore value='5076'/>
		<totalScore value='120676'/>
	</player>

	<enemy>
		<race value='Terran'/>
		<unitScore value='22675'/>
		<unitScore value='22675'/>
		<killScore value='24650'/>
		<buildingScore value='4275'/>
		<razingScore value='1800'/>
		<mineralScore value='16514'/>
		<gasScore value='8732'/>
		<totalScore value='78646'/>
	</enemy>

	<scoreRatio value='1.53442'/>
	<timeFitness value='0.625694'/>
	<unitsAverage value='126'/>
</results>
