<results>
	<result value='win'/>
	<start value='2015-04-30.08:01:40'/>
	<end value='2015-04-30.08:02:18'/>
	<frames value='30444'/>
	<gameDuration value='1902'/>

	<player>
		<unitScore value='14425'/>
		<killScore value='29750'/>
		<buildingScore value='4375'/>
		<razingScore value='9825'/>
		<mineralScore value='25506'/>
		<gasScore value='3472'/>
		<totalScore value='87353'/>
	</player>

	<enemy>
		<race value='Terran'/>
		<unitScore value='16475'/>
		<unitScore value='16475'/>
		<killScore value='8700'/>
		<buildingScore value='3275'/>
		<razingScore value='1500'/>
		<mineralScore value='14094'/>
		<gasScore value='6424'/>
		<totalScore value='50468'/>
	</enemy>

	<scoreRatio value='1.73086'/>
	<timeFitness value='0.735833'/>
	<unitsAverage value='94'/>
</results>
