<results>
	<result value='win'/>
	<start value='2015-04-30.08:06:35'/>
	<end value='2015-04-30.08:07:12'/>
	<frames value='36427'/>
	<gameDuration value='2276'/>

	<player>
		<unitScore value='12900'/>
		<killScore value='26800'/>
		<buildingScore value='3200'/>
		<razingScore value='12825'/>
		<mineralScore value='17162'/>
		<gasScore value='3992'/>
		<totalScore value='76879'/>
	</player>

	<enemy>
		<race value='Terran'/>
		<unitScore value='15800'/>
		<unitScore value='15800'/>
		<killScore value='11000'/>
		<buildingScore value='4275'/>
		<razingScore value='2400'/>
		<mineralScore value='15394'/>
		<gasScore value='7104'/>
		<totalScore value='55973'/>
	</enemy>

	<scoreRatio value='1.3735'/>
	<timeFitness value='0.683889'/>
	<unitsAverage value='70'/>
</results>
