<results>
	<result value='win'/>
	<start value='2014-07-22.23:02:31'/>
	<end value='2014-07-22.23:03:05'/>
	<frames value='34164'/>
	<gameDuration value='2135'/>

	<player>
		<unitScore value='20125'/>
		<killScore value='27600'/>
		<buildingScore value='3850'/>
		<razingScore value='16800'/>
		<mineralScore value='24986'/>
		<gasScore value='3080'/>
		<totalScore value='96441'/>
	</player>

	<enemy>
		<race value='Protoss'/>
		<unitScore value='14850'/>
		<unitScore value='14850'/>
		<killScore value='20600'/>
		<buildingScore value='5600'/>
		<razingScore value='450'/>
		<mineralScore value='16110'/>
		<gasScore value='3912'/>
		<totalScore value='61522'/>
	</enemy>

	<scoreRatio value='1.56759'/>
</results>
