<results>
	<result value='win'/>
	<start value='2015-04-29.16:14:22'/>
	<end value='2015-04-29.16:15:01'/>
	<frames value='26755'/>
	<gameDuration value='1672'/>

	<player>
		<unitScore value='18100'/>
		<killScore value='22990'/>
		<buildingScore value='4275'/>
		<razingScore value='5775'/>
		<mineralScore value='24530'/>
		<gasScore value='1624'/>
		<totalScore value='77294'/>
	</player>

	<enemy>
		<race value='Zerg'/>
		<unitScore value='11200'/>
		<unitScore value='11200'/>
		<killScore value='15150'/>
		<buildingScore value='1925'/>
		<razingScore value='0'/>
		<mineralScore value='10866'/>
		<gasScore value='3928'/>
		<totalScore value='43069'/>
	</enemy>

	<scoreRatio value='1.79466'/>
</results>
