<results>
	<result value='loss'/>
	<start value='2015-04-15.07:50:28'/>
	<end value='2015-04-15.07:50:46'/>
	<frames value='19315'/>
	<gameDuration value='1207'/>

	<player>
		<unitScore value='4500'/>
		<killScore value='1600'/>
		<buildingScore value='1875'/>
		<razingScore value='0'/>
		<mineralScore value='6298'/>
		<gasScore value='944'/>
		<totalScore value='15217'/>
	</player>

	<enemy>
		<race value='Protoss'/>
		<unitScore value='5325'/>
		<unitScore value='5325'/>
		<killScore value='9000'/>
		<buildingScore value='4525'/>
		<razingScore value='5625'/>
		<mineralScore value='11154'/>
		<gasScore value='2576'/>
		<totalScore value='38205'/>
	</enemy>

	<scoreRatio value='0.398299'/>
</results>
