<results>
	<result value='win'/>
	<start value='2015-04-29.12:36:50'/>
	<end value='2015-04-29.12:37:31'/>
	<frames value='26166'/>
	<gameDuration value='1635'/>

	<player>
		<unitScore value='15575'/>
		<killScore value='24280'/>
		<buildingScore value='4350'/>
		<razingScore value='6015'/>
		<mineralScore value='23934'/>
		<gasScore value='1872'/>
		<totalScore value='76026'/>
	</player>

	<enemy>
		<race value='Zerg'/>
		<unitScore value='11100'/>
		<unitScore value='11100'/>
		<killScore value='12550'/>
		<buildingScore value='2005'/>
		<razingScore value='0'/>
		<mineralScore value='11410'/>
		<gasScore value='3792'/>
		<totalScore value='40857'/>
	</enemy>

	<scoreRatio value='1.86078'/>
</results>
