<results>
	<result value='win'/>
	<start value='2015-05-01.21:05:26'/>
	<end value='2015-05-01.21:05:43'/>
	<frames value='25608'/>
	<gameDuration value='1600'/>

	<player>
		<unitScore value='16750'/>
		<killScore value='23510'/>
		<buildingScore value='3650'/>
		<razingScore value='4140'/>
		<mineralScore value='21446'/>
		<gasScore value='2608'/>
		<totalScore value='72104'/>
	</player>

	<enemy>
		<race value='Zerg'/>
		<unitScore value='10150'/>
		<unitScore value='10150'/>
		<killScore value='18900'/>
		<buildingScore value='1380'/>
		<razingScore value='0'/>
		<mineralScore value='8914'/>
		<gasScore value='2504'/>
		<totalScore value='41848'/>
	</enemy>

	<scoreRatio value='1.723'/>
	<timeFitness value='0.777778'/>
	<unitsAverage value='80'/>
</results>
