<results>
	<result value='draw'/>
	<start value='2015-04-28.02:15:44'/>
	<end value='2015-04-28.02:17:10'/>
	<frames value='57601'/>
	<gameDuration value='3600'/>

	<player>
		<unitScore value='30850'/>
		<killScore value='42400'/>
		<buildingScore value='4800'/>
		<razingScore value='14850'/>
		<mineralScore value='35654'/>
		<gasScore value='5736'/>
		<totalScore value='134290'/>
	</player>

	<enemy>
		<race value='Terran'/>
		<unitScore value='25625'/>
		<unitScore value='25625'/>
		<killScore value='33300'/>
		<buildingScore value='5525'/>
		<razingScore value='3225'/>
		<mineralScore value='20726'/>
		<gasScore value='12434'/>
		<totalScore value='100835'/>
	</enemy>

	<scoreRatio value='1.33178'/>
</results>
