<results>
	<result value='win'/>
	<start value='2015-05-10.23:08:50'/>
	<end value='2015-05-10.23:09:28'/>
	<frames value='30289'/>
	<gameDuration value='1893'/>

	<player>
		<unitScore value='16900'/>
		<killScore value='22395'/>
		<buildingScore value='5100'/>
		<razingScore value='6480'/>
		<mineralScore value='26970'/>
		<gasScore value='2376'/>
		<totalScore value='80221'/>
	</player>

	<enemy>
		<race value='Zerg'/>
		<unitScore value='10425'/>
		<unitScore value='10425'/>
		<killScore value='12050'/>
		<buildingScore value='2160'/>
		<razingScore value='0'/>
		<mineralScore value='11042'/>
		<gasScore value='3808'/>
		<totalScore value='39485'/>
	</enemy>

	<scoreRatio value='2.03168'/>
	<timeFitness value='0.737083'/>
	<unitsAverage value='100'/>
</results>
