<results>
	<result value='win'/>
	<start value='2015-05-04.18:07:14'/>
	<end value='2015-05-04.18:07:52'/>
	<frames value='26445'/>
	<gameDuration value='1652'/>

	<player>
		<unitScore value='16350'/>
		<killScore value='26380'/>
		<buildingScore value='4450'/>
		<razingScore value='5040'/>
		<mineralScore value='25698'/>
		<gasScore value='2296'/>
		<totalScore value='80214'/>
	</player>

	<enemy>
		<race value='Zerg'/>
		<unitScore value='11750'/>
		<unitScore value='11750'/>
		<killScore value='11100'/>
		<buildingScore value='1680'/>
		<razingScore value='0'/>
		<mineralScore value='11010'/>
		<gasScore value='3560'/>
		<totalScore value='39100'/>
	</enemy>

	<scoreRatio value='2.05151'/>
	<timeFitness value='0.770556'/>
	<unitsAverage value='99'/>
</results>
