<results>
	<result value='win'/>
	<start value='2015-05-10.23:27:05'/>
	<end value='2015-05-10.23:27:39'/>
	<frames value='26538'/>
	<gameDuration value='1658'/>

	<player>
		<unitScore value='15500'/>
		<killScore value='22490'/>
		<buildingScore value='4125'/>
		<razingScore value='5535'/>
		<mineralScore value='27786'/>
		<gasScore value='2328'/>
		<totalScore value='77764'/>
	</player>

	<enemy>
		<race value='Zerg'/>
		<unitScore value='10175'/>
		<unitScore value='10175'/>
		<killScore value='8000'/>
		<buildingScore value='1845'/>
		<razingScore value='0'/>
		<mineralScore value='9330'/>
		<gasScore value='2728'/>
		<totalScore value='32078'/>
	</enemy>

	<scoreRatio value='2.42422'/>
	<timeFitness value='0.769722'/>
	<unitsAverage value='99'/>
</results>
