<results>
	<result value='win'/>
	<start value='2015-05-04.18:28:46'/>
	<end value='2015-05-04.18:29:15'/>
	<frames value='23624'/>
	<gameDuration value='1476'/>

	<player>
		<unitScore value='13425'/>
		<killScore value='19240'/>
		<buildingScore value='3375'/>
		<razingScore value='6855'/>
		<mineralScore value='20170'/>
		<gasScore value='2232'/>
		<totalScore value='65297'/>
	</player>

	<enemy>
		<race value='Zerg'/>
		<unitScore value='8850'/>
		<unitScore value='8850'/>
		<killScore value='8800'/>
		<buildingScore value='2285'/>
		<razingScore value='150'/>
		<mineralScore value='9090'/>
		<gasScore value='2600'/>
		<totalScore value='31775'/>
	</enemy>

	<scoreRatio value='2.05498'/>
	<timeFitness value='0.795'/>
	<unitsAverage value='80'/>
</results>
