<results>
	<result value='win'/>
	<start value='2015-07-18.08:00:38'/>
	<end value='2015-07-18.08:01:05'/>
	<frames value='19873'/>
	<gameDuration value='1242'/>

	<player>
		<unitScore value='9975'/>
		<killScore value='9800'/>
		<buildingScore value='2925'/>
		<razingScore value='3975'/>
		<mineralScore value='11802'/>
		<gasScore value='1936'/>
		<totalScore value='40413'/>
	</player>

	<enemy>
		<race value='Terran'/>
		<unitScore value='4900'/>
		<killScore value='4800'/>
		<buildingScore value='1325'/>
		<razingScore value='1350'/>
		<mineralScore value='7770'/>
		<gasScore value='1624'/>
		<totalScore value='21769'/>
	</enemy>

	<scoreRatio value='1.85645'/>
	<timeFitness value='0.8275'/>
	<unitsAverage value='52'/>
</results>
