<results>
	<result value='loss'/>
	<start value='2015-05-02.17:25:48'/>
	<end value='2015-05-02.17:26:09'/>
	<frames value='34536'/>
	<gameDuration value='2158'/>

	<player>
		<unitScore value='15500'/>
		<killScore value='7950'/>
		<buildingScore value='2175'/>
		<razingScore value='600'/>
		<mineralScore value='19346'/>
		<gasScore value='1304'/>
		<totalScore value='46875'/>
	</player>

	<enemy>
		<race value='Protoss'/>
		<unitScore value='19075'/>
		<unitScore value='19075'/>
		<killScore value='31000'/>
		<buildingScore value='7175'/>
		<razingScore value='6525'/>
		<mineralScore value='22394'/>
		<gasScore value='8480'/>
		<totalScore value='94649'/>
	</enemy>

	<scoreRatio value='0.495251'/>
	<timeFitness value='0.299722'/>
	<unitsAverage value='57'/>
</results>
