<results>
	<result value='win'/>
	<start value='2015-05-02.17:28:57'/>
	<end value='2015-05-02.17:29:13'/>
	<frames value='22353'/>
	<gameDuration value='1397'/>

	<player>
		<unitScore value='12525'/>
		<killScore value='11400'/>
		<buildingScore value='3675'/>
		<razingScore value='10500'/>
		<mineralScore value='20702'/>
		<gasScore value='2200'/>
		<totalScore value='61002'/>
	</player>

	<enemy>
		<race value='Protoss'/>
		<unitScore value='5700'/>
		<unitScore value='5700'/>
		<killScore value='6800'/>
		<buildingScore value='3500'/>
		<razingScore value='0'/>
		<mineralScore value='15778'/>
		<gasScore value='928'/>
		<totalScore value='32706'/>
	</enemy>

	<scoreRatio value='1.86516'/>
	<timeFitness value='0.805972'/>
	<unitsAverage value='84'/>
</results>
