<results>
	<result value='win'/>
	<start value='2015-05-04.19:25:40'/>
	<end value='2015-05-04.19:26:29'/>
	<frames value='29359'/>
	<gameDuration value='1834'/>

	<player>
		<unitScore value='22325'/>
		<killScore value='25060'/>
		<buildingScore value='4125'/>
		<razingScore value='7530'/>
		<mineralScore value='28186'/>
		<gasScore value='2368'/>
		<totalScore value='89594'/>
	</player>

	<enemy>
		<race value='Zerg'/>
		<unitScore value='11875'/>
		<unitScore value='11875'/>
		<killScore value='18250'/>
		<buildingScore value='2510'/>
		<razingScore value='150'/>
		<mineralScore value='12594'/>
		<gasScore value='4728'/>
		<totalScore value='50107'/>
	</enemy>

	<scoreRatio value='1.78805'/>
	<timeFitness value='0.745278'/>
	<unitsAverage value='115'/>
</results>
