<results>
	<result value='win'/>
	<start value='2015-05-11.21:36:04'/>
	<end value='2015-05-11.21:36:31'/>
	<frames value='24833'/>
	<gameDuration value='1552'/>

	<player>
		<unitScore value='15475'/>
		<killScore value='18750'/>
		<buildingScore value='3425'/>
		<razingScore value='6285'/>
		<mineralScore value='25558'/>
		<gasScore value='1984'/>
		<totalScore value='71477'/>
	</player>

	<enemy>
		<race value='Zerg'/>
		<unitScore value='8875'/>
		<unitScore value='8875'/>
		<killScore value='11900'/>
		<buildingScore value='2095'/>
		<razingScore value='0'/>
		<mineralScore value='10306'/>
		<gasScore value='3800'/>
		<totalScore value='36976'/>
	</enemy>

	<scoreRatio value='1.93306'/>
	<timeFitness value='0.784444'/>
	<unitsAverage value='94'/>
</results>
