<results>
	<result value='win'/>
	<start value='2015-05-11.21:40:26'/>
	<end value='2015-05-11.21:41:10'/>
	<frames value='30754'/>
	<gameDuration value='1922'/>

	<player>
		<unitScore value='25200'/>
		<killScore value='37950'/>
		<buildingScore value='4175'/>
		<razingScore value='5430'/>
		<mineralScore value='32682'/>
		<gasScore value='2464'/>
		<totalScore value='107901'/>
	</player>

	<enemy>
		<race value='Zerg'/>
		<unitScore value='16500'/>
		<unitScore value='16500'/>
		<killScore value='27600'/>
		<buildingScore value='1810'/>
		<razingScore value='0'/>
		<mineralScore value='13926'/>
		<gasScore value='4992'/>
		<totalScore value='64828'/>
	</enemy>

	<scoreRatio value='1.66442'/>
	<timeFitness value='0.733056'/>
	<unitsAverage value='115'/>
</results>
