<results>
	<result value='win'/>
	<start value='2015-05-04.19:38:03'/>
	<end value='2015-05-04.19:38:41'/>
	<frames value='27995'/>
	<gameDuration value='1749'/>

	<player>
		<unitScore value='17175'/>
		<killScore value='28555'/>
		<buildingScore value='4525'/>
		<razingScore value='8310'/>
		<mineralScore value='25338'/>
		<gasScore value='2856'/>
		<totalScore value='86759'/>
	</player>

	<enemy>
		<race value='Zerg'/>
		<unitScore value='12450'/>
		<unitScore value='12450'/>
		<killScore value='10550'/>
		<buildingScore value='2770'/>
		<razingScore value='1950'/>
		<mineralScore value='13374'/>
		<gasScore value='3848'/>
		<totalScore value='44942'/>
	</enemy>

	<scoreRatio value='1.93047'/>
	<timeFitness value='0.757083'/>
	<unitsAverage value='99'/>
</results>
