<results>
	<result value='loss'/>
	<start value='2015-07-20.05:49:41'/>
	<end value='2015-07-20.05:50:01'/>
	<frames value='20803'/>
	<gameDuration value='1300'/>

	<player>
		<unitScore value='7750'/>
		<killScore value='2300'/>
		<buildingScore value='2750'/>
		<razingScore value='0'/>
		<mineralScore value='9826'/>
		<gasScore value='1416'/>
		<totalScore value='24042'/>
	</player>

	<enemy>
		<race value='Zerg'/>
		<unitScore value='8150'/>
		<killScore value='13650'/>
		<buildingScore value='2630'/>
		<razingScore value='8250'/>
		<mineralScore value='10282'/>
		<gasScore value='3096'/>
		<totalScore value='46058'/>
	</enemy>

	<scoreRatio value='0.521994'/>
	<timeFitness value='0.180556'/>
	<unitsAverage value='43'/>
</results>
