<results>
	<result value='loss'/>
	<start value='2015-07-20.05:53:04'/>
	<end value='2015-07-20.05:53:23'/>
	<frames value='20896'/>
	<gameDuration value='1306'/>

	<player>
		<unitScore value='6400'/>
		<killScore value='1250'/>
		<buildingScore value='2700'/>
		<razingScore value='0'/>
		<mineralScore value='17338'/>
		<gasScore value='808'/>
		<totalScore value='28496'/>
	</player>

	<enemy>
		<race value='Zerg'/>
		<unitScore value='7825'/>
		<killScore value='12800'/>
		<buildingScore value='2680'/>
		<razingScore value='8100'/>
		<mineralScore value='9754'/>
		<gasScore value='3552'/>
		<totalScore value='44711'/>
	</enemy>

	<scoreRatio value='0.637338'/>
	<timeFitness value='0.181389'/>
	<unitsAverage value='44'/>
</results>
