<results>
	<result value='loss'/>
	<start value='2015-04-11.23:00:28'/>
	<end value='2015-04-11.23:00:43'/>
	<frames value='16091'/>
	<gameDuration value='1005'/>

	<player>
		<unitScore value='3375'/>
		<killScore value='800'/>
		<buildingScore value='1600'/>
		<razingScore value='0'/>
		<mineralScore value='5426'/>
		<gasScore value='840'/>
		<totalScore value='12041'/>
	</player>

	<enemy>
		<race value='Protoss'/>
		<unitScore value='3600'/>
		<unitScore value='3600'/>
		<killScore value='6750'/>
		<buildingScore value='3525'/>
		<razingScore value='4950'/>
		<mineralScore value='8370'/>
		<gasScore value='1744'/>
		<totalScore value='28939'/>
	</enemy>

	<scoreRatio value='0.416082'/>
</results>
