<results>
	<result value='win'/>
	<start value='2015-04-11.23:01:28'/>
	<end value='2015-04-11.23:02:29'/>
	<frames value='29173'/>
	<gameDuration value='1823'/>

	<player>
		<unitScore value='22200'/>
		<killScore value='16900'/>
		<buildingScore value='4825'/>
		<razingScore value='14850'/>
		<mineralScore value='29826'/>
		<gasScore value='2408'/>
		<totalScore value='91009'/>
	</player>

	<enemy>
		<race value='Protoss'/>
		<unitScore value='8450'/>
		<unitScore value='8450'/>
		<killScore value='21800'/>
		<buildingScore value='4950'/>
		<razingScore value='0'/>
		<mineralScore value='18090'/>
		<gasScore value='1016'/>
		<totalScore value='54306'/>
	</enemy>

	<scoreRatio value='1.67586'/>
</results>
