<results>
	<result value='loss'/>
	<start value='2015-07-14.21:19:53'/>
	<end value='2015-07-14.21:20:20'/>
	<frames value='34784'/>
	<gameDuration value='2174'/>

	<player>
		<unitScore value='19550'/>
		<killScore value='8400'/>
		<buildingScore value='2775'/>
		<razingScore value='900'/>
		<mineralScore value='23218'/>
		<gasScore value='2376'/>
		<totalScore value='57219'/>
	</player>

	<enemy>
		<race value='Protoss'/>
		<unitScore value='21350'/>
		<killScore value='33500'/>
		<buildingScore value='7775'/>
		<razingScore value='8325'/>
		<mineralScore value='23738'/>
		<gasScore value='8270'/>
		<totalScore value='102958'/>
	</enemy>

	<scoreRatio value='0.555751'/>
	<timeFitness value='0.301944'/>
	<unitsAverage value='73'/>
</results>
