<results>
	<result value='win'/>
	<start value='2015-05-03.20:55:45'/>
	<end value='2015-05-03.20:56:29'/>
	<frames value='35621'/>
	<gameDuration value='2226'/>

	<player>
		<unitScore value='16600'/>
		<killScore value='32550'/>
		<buildingScore value='4150'/>
		<razingScore value='11100'/>
		<mineralScore value='28594'/>
		<gasScore value='3664'/>
		<totalScore value='96658'/>
	</player>

	<enemy>
		<race value='Terran'/>
		<unitScore value='16575'/>
		<unitScore value='16575'/>
		<killScore value='17400'/>
		<buildingScore value='3700'/>
		<razingScore value='2175'/>
		<mineralScore value='17090'/>
		<gasScore value='5332'/>
		<totalScore value='62272'/>
	</enemy>

	<scoreRatio value='1.55219'/>
	<timeFitness value='0.690833'/>
	<unitsAverage value='83'/>
</results>
