<results>
	<result value='win'/>
	<start value='2015-05-03.20:56:32'/>
	<end value='2015-05-03.20:57:04'/>
	<frames value='26507'/>
	<gameDuration value='1656'/>

	<player>
		<unitScore value='12850'/>
		<killScore value='19750'/>
		<buildingScore value='4100'/>
		<razingScore value='8625'/>
		<mineralScore value='24354'/>
		<gasScore value='2704'/>
		<totalScore value='72383'/>
	</player>

	<enemy>
		<race value='Terran'/>
		<unitScore value='11275'/>
		<unitScore value='11275'/>
		<killScore value='6400'/>
		<buildingScore value='2875'/>
		<razingScore value='1575'/>
		<mineralScore value='12534'/>
		<gasScore value='4208'/>
		<totalScore value='38867'/>
	</enemy>

	<scoreRatio value='1.86233'/>
	<timeFitness value='0.77'/>
	<unitsAverage value='81'/>
</results>
