<results>
	<result value='loss'/>
	<start value='2015-05-03.21:06:49'/>
	<end value='2015-05-03.21:07:03'/>
	<frames value='18757'/>
	<gameDuration value='1172'/>

	<player>
		<unitScore value='3950'/>
		<killScore value='6300'/>
		<buildingScore value='2050'/>
		<razingScore value='975'/>
		<mineralScore value='6266'/>
		<gasScore value='1176'/>
		<totalScore value='20717'/>
	</player>

	<enemy>
		<race value='Terran'/>
		<unitScore value='5500'/>
		<unitScore value='5500'/>
		<killScore value='6500'/>
		<buildingScore value='1850'/>
		<razingScore value='6150'/>
		<mineralScore value='8338'/>
		<gasScore value='2712'/>
		<totalScore value='31050'/>
	</enemy>

	<scoreRatio value='0.667214'/>
	<timeFitness value='0.162778'/>
	<unitsAverage value='29'/>
</results>
