<results>
	<result value='loss'/>
	<start value='2015-05-09.08:15:59'/>
	<end value='2015-05-09.08:16:12'/>
	<frames value='25422'/>
	<gameDuration value='1588'/>

	<player>
		<unitScore value='6200'/>
		<killScore value='10600'/>
		<buildingScore value='2275'/>
		<razingScore value='1950'/>
		<mineralScore value='8882'/>
		<gasScore value='1744'/>
		<totalScore value='31651'/>
	</player>

	<enemy>
		<race value='Terran'/>
		<unitScore value='8400'/>
		<unitScore value='8400'/>
		<killScore value='10950'/>
		<buildingScore value='3050'/>
		<razingScore value='6825'/>
		<mineralScore value='11170'/>
		<gasScore value='4832'/>
		<totalScore value='45227'/>
	</enemy>

	<scoreRatio value='0.699825'/>
	<timeFitness value='0.220556'/>
	<unitsAverage value='34'/>
</results>
