<results>
	<result value='draw'/>
	<start value='2015-05-09.08:19:52'/>
	<end value='2015-05-09.08:20:20'/>
	<frames value='57601'/>
	<gameDuration value='3600'/>

	<player>
		<unitScore value='11825'/>
		<killScore value='18050'/>
		<buildingScore value='2750'/>
		<razingScore value='1500'/>
		<mineralScore value='13682'/>
		<gasScore value='3680'/>
		<totalScore value='51487'/>
	</player>

	<enemy>
		<race value='Terran'/>
		<unitScore value='12375'/>
		<unitScore value='12375'/>
		<killScore value='23650'/>
		<buildingScore value='2850'/>
		<razingScore value='7500'/>
		<mineralScore value='13666'/>
		<gasScore value='7550'/>
		<totalScore value='67591'/>
	</enemy>

	<scoreRatio value='0.761743'/>
	<timeFitness value='0.5'/>
	<unitsAverage value='38'/>
</results>
