<results>
	<result value='win'/>
	<start value='2015-05-09.08:21:19'/>
	<end value='2015-05-09.08:21:47'/>
	<frames value='29018'/>
	<gameDuration value='1813'/>

	<player>
		<unitScore value='17500'/>
		<killScore value='27550'/>
		<buildingScore value='4025'/>
		<razingScore value='8625'/>
		<mineralScore value='25810'/>
		<gasScore value='2088'/>
		<totalScore value='85598'/>
	</player>

	<enemy>
		<race value='Terran'/>
		<unitScore value='14175'/>
		<unitScore value='14175'/>
		<killScore value='12400'/>
		<buildingScore value='2875'/>
		<razingScore value='225'/>
		<mineralScore value='13318'/>
		<gasScore value='5088'/>
		<totalScore value='48081'/>
	</enemy>

	<scoreRatio value='1.78029'/>
	<timeFitness value='0.748194'/>
	<unitsAverage value='100'/>
</results>
