<results>
	<result value='loss'/>
	<start value='2015-05-01.15:49:33'/>
	<end value='2015-05-01.15:49:48'/>
	<frames value='16866'/>
	<gameDuration value='1054'/>

	<player>
		<unitScore value='3225'/>
		<killScore value='1000'/>
		<buildingScore value='1625'/>
		<razingScore value='0'/>
		<mineralScore value='5218'/>
		<gasScore value='904'/>
		<totalScore value='11972'/>
	</player>

	<enemy>
		<race value='Protoss'/>
		<unitScore value='3750'/>
		<unitScore value='3750'/>
		<killScore value='6450'/>
		<buildingScore value='4025'/>
		<razingScore value='4875'/>
		<mineralScore value='9130'/>
		<gasScore value='1840'/>
		<totalScore value='30070'/>
	</enemy>

	<scoreRatio value='0.398138'/>
	<timeFitness value='0.146389'/>
	<unitsAverage value='25'/>
</results>
