<results>
	<result value='win'/>
	<start value='2015-04-14.11:29:16'/>
	<end value='2015-04-14.11:29:48'/>
	<frames value='34629'/>
	<gameDuration value='2164'/>

	<player>
		<unitScore value='19300'/>
		<killScore value='25000'/>
		<buildingScore value='2650'/>
		<razingScore value='16350'/>
		<mineralScore value='23270'/>
		<gasScore value='0'/>
		<totalScore value='86570'/>
	</player>

	<enemy>
		<race value='Protoss'/>
		<unitScore value='12500'/>
		<unitScore value='12500'/>
		<killScore value='26100'/>
		<buildingScore value='5450'/>
		<razingScore value='1200'/>
		<mineralScore value='16650'/>
		<gasScore value='5048'/>
		<totalScore value='66948'/>
	</enemy>

	<scoreRatio value='1.29309'/>
</results>
