<results>
	<result value='draw'/>
	<start value='2015-05-22.03:02:46'/>
	<end value='2015-05-22.03:03:41'/>
	<frames value='57601'/>
	<gameDuration value='3600'/>

	<player>
		<unitScore value='23475'/>
		<killScore value='27500'/>
		<buildingScore value='2175'/>
		<razingScore value='13800'/>
		<mineralScore value='24850'/>
		<gasScore value='5296'/>
		<totalScore value='97096'/>
	</player>

	<enemy>
		<race value='Protoss'/>
		<unitScore value='16400'/>
		<killScore value='42250'/>
		<buildingScore value='9650'/>
		<razingScore value='0'/>
		<mineralScore value='32042'/>
		<gasScore value='10836'/>
		<totalScore value='111178'/>
	</enemy>

	<scoreRatio value='0.873338'/>
	<timeFitness value='0.5'/>
	<unitsAverage value='81'/>
</results>
