<results>
	<result value='win'/>
	<start value='2015-05-08.19:51:28'/>
	<end value='2015-05-08.19:52:04'/>
	<frames value='32428'/>
	<gameDuration value='2026'/>

	<player>
		<unitScore value='16825'/>
		<killScore value='25850'/>
		<buildingScore value='4550'/>
		<razingScore value='8250'/>
		<mineralScore value='23746'/>
		<gasScore value='3240'/>
		<totalScore value='82461'/>
	</player>

	<enemy>
		<race value='Terran'/>
		<unitScore value='12925'/>
		<unitScore value='12925'/>
		<killScore value='16050'/>
		<buildingScore value='2850'/>
		<razingScore value='3300'/>
		<mineralScore value='11474'/>
		<gasScore value='4784'/>
		<totalScore value='51383'/>
	</enemy>

	<scoreRatio value='1.60483'/>
	<timeFitness value='0.718611'/>
	<unitsAverage value='80'/>
</results>
