<results>
	<result value='loss'/>
	<start value='2015-05-03.15:44:20'/>
	<end value='2015-05-03.15:44:37'/>
	<frames value='27158'/>
	<gameDuration value='1697'/>

	<player>
		<unitScore value='8950'/>
		<killScore value='5250'/>
		<buildingScore value='2750'/>
		<razingScore value='0'/>
		<mineralScore value='11378'/>
		<gasScore value='1160'/>
		<totalScore value='29488'/>
	</player>

	<enemy>
		<race value='Terran'/>
		<unitScore value='12925'/>
		<unitScore value='12925'/>
		<killScore value='17900'/>
		<buildingScore value='4600'/>
		<razingScore value='8250'/>
		<mineralScore value='13618'/>
		<gasScore value='6776'/>
		<totalScore value='64069'/>
	</enemy>

	<scoreRatio value='0.460254'/>
	<timeFitness value='0.235694'/>
	<unitsAverage value='35'/>
</results>
