<results>
	<result value='draw'/>
	<start value='2015-05-08.20:10:41'/>
	<end value='2015-05-08.20:12:02'/>
	<frames value='57601'/>
	<gameDuration value='3600'/>

	<player>
		<unitScore value='32275'/>
		<killScore value='46250'/>
		<buildingScore value='4125'/>
		<razingScore value='3000'/>
		<mineralScore value='34518'/>
		<gasScore value='8368'/>
		<totalScore value='128536'/>
	</player>

	<enemy>
		<race value='Terran'/>
		<unitScore value='28250'/>
		<unitScore value='28250'/>
		<killScore value='54650'/>
		<buildingScore value='4125'/>
		<razingScore value='3150'/>
		<mineralScore value='19550'/>
		<gasScore value='11846'/>
		<totalScore value='121571'/>
	</enemy>

	<scoreRatio value='1.05729'/>
	<timeFitness value='0.5'/>
	<unitsAverage value='117'/>
</results>
