<results>
	<result value='draw'/>
	<start value='2015-05-08.20:13:44'/>
	<end value='2015-05-08.20:14:47'/>
	<frames value='57601'/>
	<gameDuration value='3600'/>

	<player>
		<unitScore value='19050'/>
		<killScore value='20700'/>
		<buildingScore value='3900'/>
		<razingScore value='2175'/>
		<mineralScore value='31258'/>
		<gasScore value='4978'/>
		<totalScore value='82061'/>
	</player>

	<enemy>
		<race value='Terran'/>
		<unitScore value='27500'/>
		<unitScore value='27500'/>
		<killScore value='28800'/>
		<buildingScore value='4475'/>
		<razingScore value='4650'/>
		<mineralScore value='19550'/>
		<gasScore value='12298'/>
		<totalScore value='97273'/>
	</enemy>

	<scoreRatio value='0.843615'/>
	<timeFitness value='0.5'/>
	<unitsAverage value='86'/>
</results>
