<results>
	<result value='loss'/>
	<start value='2015-05-10.05:05:27'/>
	<end value='2015-05-10.05:05:38'/>
	<frames value='14882'/>
	<gameDuration value='930'/>

	<player>
		<unitScore value='3425'/>
		<killScore value='1200'/>
		<buildingScore value='1475'/>
		<razingScore value='0'/>
		<mineralScore value='4506'/>
		<gasScore value='400'/>
		<totalScore value='11006'/>
	</player>

	<enemy>
		<race value='Protoss'/>
		<unitScore value='3550'/>
		<unitScore value='3550'/>
		<killScore value='6850'/>
		<buildingScore value='2575'/>
		<razingScore value='4425'/>
		<mineralScore value='7626'/>
		<gasScore value='1328'/>
		<totalScore value='26354'/>
	</enemy>

	<scoreRatio value='0.417622'/>
	<timeFitness value='0.129167'/>
	<unitsAverage value='23'/>
</results>
