<results>
	<result value='win'/>
	<start value='2015-05-10.05:07:16'/>
	<end value='2015-05-10.05:08:27'/>
	<frames value='40116'/>
	<gameDuration value='2507'/>

	<player>
		<unitScore value='28650'/>
		<killScore value='34900'/>
		<buildingScore value='3400'/>
		<razingScore value='18375'/>
		<mineralScore value='28818'/>
		<gasScore value='3760'/>
		<totalScore value='117903'/>
	</player>

	<enemy>
		<race value='Protoss'/>
		<unitScore value='18200'/>
		<unitScore value='18200'/>
		<killScore value='31750'/>
		<buildingScore value='6125'/>
		<razingScore value='300'/>
		<mineralScore value='20106'/>
		<gasScore value='6144'/>
		<totalScore value='82625'/>
	</enemy>

	<scoreRatio value='1.42697'/>
	<timeFitness value='0.651806'/>
	<unitsAverage value='102'/>
</results>
