<results>
	<result value='loss'/>
	<start value='2015-05-10.05:11:43'/>
	<end value='2015-05-10.05:13:23'/>
	<frames value='53167'/>
	<gameDuration value='3322'/>

	<player>
		<unitScore value='25000'/>
		<killScore value='58700'/>
		<buildingScore value='2475'/>
		<razingScore value='1500'/>
		<mineralScore value='24010'/>
		<gasScore value='4592'/>
		<totalScore value='116277'/>
	</player>

	<enemy>
		<race value='Protoss'/>
		<unitScore value='45675'/>
		<unitScore value='45675'/>
		<killScore value='50200'/>
		<buildingScore value='7625'/>
		<razingScore value='7425'/>
		<mineralScore value='37442'/>
		<gasScore value='13856'/>
		<totalScore value='162223'/>
	</enemy>

	<scoreRatio value='0.716773'/>
	<timeFitness value='0.461389'/>
	<unitsAverage value='99'/>
</results>
