<results>
	<result value='loss'/>
	<start value='2015-07-19.22:56:05'/>
	<end value='2015-07-19.22:56:09'/>
	<frames value='7690'/>
	<gameDuration value='480'/>

	<player>
		<unitScore value='1250'/>
		<killScore value='0'/>
		<buildingScore value='650'/>
		<razingScore value='0'/>
		<mineralScore value='1786'/>
		<gasScore value='0'/>
		<totalScore value='3686'/>
	</player>

	<enemy>
		<race value='Zerg'/>
		<unitScore value='1300'/>
		<killScore value='2000'/>
		<buildingScore value='740'/>
		<razingScore value='1950'/>
		<mineralScore value='2178'/>
		<gasScore value='16'/>
		<totalScore value='8184'/>
	</enemy>

	<scoreRatio value='0.450391'/>
	<timeFitness value='0.0666667'/>
	<unitsAverage value='12'/>
</results>
