<results>
	<result value='draw'/>
	<start value='2015-03-27.16:48:51'/>
	<end value='2015-03-27.16:50:31'/>
	<frames value='57601'/>
	<gameDuration value='3600'/>

	<player>
		<unitScore value='34275'/>
		<killScore value='58850'/>
		<buildingScore value='4275'/>
		<razingScore value='17925'/>
		<mineralScore value='35486'/>
		<gasScore value='9148'/>
		<totalScore value='159959'/>
	</player>

	<enemy>
		<race value='Protoss'/>
		<unitScore value='32200'/>
		<unitScore value='32200'/>
		<killScore value='42550'/>
		<buildingScore value='7325'/>
		<razingScore value='1500'/>
		<mineralScore value='27510'/>
		<gasScore value='10820'/>
		<totalScore value='121905'/>
	</enemy>

	<scoreRatio value='1.31216'/>
</results>
