<results>
	<result value='win'/>
	<start value='2015-05-08.10:25:48'/>
	<end value='2015-05-08.10:26:53'/>
	<frames value='32180'/>
	<gameDuration value='2011'/>

	<player>
		<unitScore value='17325'/>
		<killScore value='27700'/>
		<buildingScore value='4725'/>
		<razingScore value='8400'/>
		<mineralScore value='32066'/>
		<gasScore value='2688'/>
		<totalScore value='92904'/>
	</player>

	<enemy>
		<race value='Terran'/>
		<unitScore value='13850'/>
		<unitScore value='13850'/>
		<killScore value='11800'/>
		<buildingScore value='2800'/>
		<razingScore value='1650'/>
		<mineralScore value='12050'/>
		<gasScore value='5112'/>
		<totalScore value='47262'/>
	</enemy>

	<scoreRatio value='1.96572'/>
	<timeFitness value='0.720694'/>
	<unitsAverage value='108'/>
</results>
