<results>
	<result value='win'/>
	<start value='2015-05-08.10:32:41'/>
	<end value='2015-05-08.10:33:53'/>
	<frames value='44611'/>
	<gameDuration value='2788'/>

	<player>
		<unitScore value='11750'/>
		<killScore value='28900'/>
		<buildingScore value='2775'/>
		<razingScore value='11025'/>
		<mineralScore value='19934'/>
		<gasScore value='920'/>
		<totalScore value='75304'/>
	</player>

	<enemy>
		<race value='Terran'/>
		<unitScore value='16150'/>
		<unitScore value='16150'/>
		<killScore value='8500'/>
		<buildingScore value='3675'/>
		<razingScore value='1050'/>
		<mineralScore value='16254'/>
		<gasScore value='8040'/>
		<totalScore value='53669'/>
	</enemy>

	<scoreRatio value='1.40312'/>
	<timeFitness value='0.612778'/>
	<unitsAverage value='77'/>
</results>
