<results>
	<result value='win'/>
	<start value='2015-05-08.10:48:47'/>
	<end value='2015-05-08.10:49:20'/>
	<frames value='23283'/>
	<gameDuration value='1455'/>

	<player>
		<unitScore value='10850'/>
		<killScore value='20450'/>
		<buildingScore value='3125'/>
		<razingScore value='8400'/>
		<mineralScore value='15526'/>
		<gasScore value='2000'/>
		<totalScore value='60351'/>
	</player>

	<enemy>
		<race value='Terran'/>
		<unitScore value='10225'/>
		<unitScore value='10225'/>
		<killScore value='6200'/>
		<buildingScore value='2800'/>
		<razingScore value='300'/>
		<mineralScore value='9706'/>
		<gasScore value='3288'/>
		<totalScore value='32519'/>
	</enemy>

	<scoreRatio value='1.85587'/>
	<timeFitness value='0.797917'/>
	<unitsAverage value='72'/>
</results>
