<results>
	<result value='win'/>
	<start value='2015-05-08.10:57:12'/>
	<end value='2015-05-08.10:57:59'/>
	<frames value='29452'/>
	<gameDuration value='1840'/>

	<player>
		<unitScore value='15150'/>
		<killScore value='25700'/>
		<buildingScore value='4200'/>
		<razingScore value='8400'/>
		<mineralScore value='20746'/>
		<gasScore value='3280'/>
		<totalScore value='77476'/>
	</player>

	<enemy>
		<race value='Terran'/>
		<unitScore value='12850'/>
		<unitScore value='12850'/>
		<killScore value='10950'/>
		<buildingScore value='2800'/>
		<razingScore value='1725'/>
		<mineralScore value='11118'/>
		<gasScore value='4608'/>
		<totalScore value='44051'/>
	</enemy>

	<scoreRatio value='1.75878'/>
	<timeFitness value='0.744444'/>
	<unitsAverage value='86'/>
</results>
