<results>
	<result value='win'/>
	<start value='2015-05-08.11:08:59'/>
	<end value='2015-05-08.11:10:13'/>
	<frames value='34195'/>
	<gameDuration value='2137'/>

	<player>
		<unitScore value='18625'/>
		<killScore value='26100'/>
		<buildingScore value='5000'/>
		<razingScore value='10800'/>
		<mineralScore value='34346'/>
		<gasScore value='3280'/>
		<totalScore value='98151'/>
	</player>

	<enemy>
		<race value='Terran'/>
		<unitScore value='13050'/>
		<unitScore value='13050'/>
		<killScore value='14550'/>
		<buildingScore value='3600'/>
		<razingScore value='1350'/>
		<mineralScore value='12114'/>
		<gasScore value='5042'/>
		<totalScore value='49706'/>
	</enemy>

	<scoreRatio value='1.97463'/>
	<timeFitness value='0.703194'/>
	<unitsAverage value='119'/>
</results>
