<results>
	<result value='win'/>
	<start value='2015-04-07.17:22:19'/>
	<end value='2015-04-07.17:23:14'/>
	<frames value='40271'/>
	<gameDuration value='2516'/>

	<player>
		<unitScore value='22550'/>
		<killScore value='45800'/>
		<buildingScore value='3775'/>
		<razingScore value='16125'/>
		<mineralScore value='38022'/>
		<gasScore value='4020'/>
		<totalScore value='130292'/>
	</player>

	<enemy>
		<race value='Protoss'/>
		<unitScore value='26275'/>
		<unitScore value='26275'/>
		<killScore value='22500'/>
		<buildingScore value='5375'/>
		<razingScore value='300'/>
		<mineralScore value='19598'/>
		<gasScore value='8686'/>
		<totalScore value='82734'/>
	</enemy>

	<scoreRatio value='1.57483'/>
</results>
