<results>
	<result value='win'/>
	<start value='2015-05-05.15:09:23'/>
	<end value='2015-05-05.15:10:00'/>
	<frames value='28987'/>
	<gameDuration value='1811'/>

	<player>
		<unitScore value='23050'/>
		<killScore value='30450'/>
		<buildingScore value='4300'/>
		<razingScore value='3900'/>
		<mineralScore value='30170'/>
		<gasScore value='0'/>
		<totalScore value='91870'/>
	</player>

	<enemy>
		<race value='Zerg'/>
		<unitScore value='13300'/>
		<unitScore value='13300'/>
		<killScore value='30200'/>
		<buildingScore value='1300'/>
		<razingScore value='0'/>
		<mineralScore value='11214'/>
		<gasScore value='3216'/>
		<totalScore value='59230'/>
	</enemy>

	<scoreRatio value='1.55107'/>
	<timeFitness value='0.748472'/>
	<unitsAverage value='100'/>
</results>
