<results>
	<result value='win'/>
	<start value='2015-05-11.16:17:10'/>
	<end value='2015-05-11.16:17:35'/>
	<frames value='26662'/>
	<gameDuration value='1666'/>

	<player>
		<unitScore value='15925'/>
		<killScore value='23430'/>
		<buildingScore value='4000'/>
		<razingScore value='5580'/>
		<mineralScore value='22982'/>
		<gasScore value='1632'/>
		<totalScore value='73549'/>
	</player>

	<enemy>
		<race value='Zerg'/>
		<unitScore value='10950'/>
		<unitScore value='10950'/>
		<killScore value='11050'/>
		<buildingScore value='1860'/>
		<razingScore value='0'/>
		<mineralScore value='10414'/>
		<gasScore value='3624'/>
		<totalScore value='37898'/>
	</enemy>

	<scoreRatio value='1.94071'/>
	<timeFitness value='0.768611'/>
	<unitsAverage value='90'/>
</results>
