<results>
	<result value='win'/>
	<start value='2015-05-07.00:26:54'/>
	<end value='2015-05-07.00:27:37'/>
	<frames value='31591'/>
	<gameDuration value='1974'/>

	<player>
		<unitScore value='22250'/>
		<killScore value='44075'/>
		<buildingScore value='4225'/>
		<razingScore value='6015'/>
		<mineralScore value='34438'/>
		<gasScore value='2768'/>
		<totalScore value='113771'/>
	</player>

	<enemy>
		<race value='Zerg'/>
		<unitScore value='18700'/>
		<unitScore value='18700'/>
		<killScore value='21750'/>
		<buildingScore value='2005'/>
		<razingScore value='0'/>
		<mineralScore value='15642'/>
		<gasScore value='4640'/>
		<totalScore value='62737'/>
	</enemy>

	<scoreRatio value='1.81346'/>
	<timeFitness value='0.725833'/>
	<unitsAverage value='117'/>
</results>
