<results>
	<result value='loss'/>
	<start value='2015-05-07.00:35:44'/>
	<end value='2015-05-07.00:36:00'/>
	<frames value='26476'/>
	<gameDuration value='1654'/>

	<player>
		<unitScore value='5175'/>
		<killScore value='11250'/>
		<buildingScore value='2075'/>
		<razingScore value='0'/>
		<mineralScore value='7346'/>
		<gasScore value='1400'/>
		<totalScore value='27246'/>
	</player>

	<enemy>
		<race value='Zerg'/>
		<unitScore value='13625'/>
		<unitScore value='13625'/>
		<killScore value='10350'/>
		<buildingScore value='2165'/>
		<razingScore value='6225'/>
		<mineralScore value='12622'/>
		<gasScore value='3880'/>
		<totalScore value='48867'/>
	</enemy>

	<scoreRatio value='0.557554'/>
	<timeFitness value='0.229722'/>
	<unitsAverage value='25'/>
</results>
