<results>
	<result value='win'/>
	<start value='2015-05-07.00:38:27'/>
	<end value='2015-05-07.00:39:03'/>
	<frames value='30134'/>
	<gameDuration value='1883'/>

	<player>
		<unitScore value='21075'/>
		<killScore value='30665'/>
		<buildingScore value='3650'/>
		<razingScore value='9090'/>
		<mineralScore value='28114'/>
		<gasScore value='3520'/>
		<totalScore value='96114'/>
	</player>

	<enemy>
		<race value='Zerg'/>
		<unitScore value='13850'/>
		<unitScore value='13850'/>
		<killScore value='20400'/>
		<buildingScore value='3030'/>
		<razingScore value='375'/>
		<mineralScore value='14762'/>
		<gasScore value='4456'/>
		<totalScore value='56873'/>
	</enemy>

	<scoreRatio value='1.68998'/>
	<timeFitness value='0.738472'/>
	<unitsAverage value='101'/>
</results>
