<results>
	<result value='win'/>
	<start value='2015-05-07.00:45:19'/>
	<end value='2015-05-07.00:46:18'/>
	<frames value='35900'/>
	<gameDuration value='2243'/>

	<player>
		<unitScore value='23050'/>
		<killScore value='34210'/>
		<buildingScore value='4275'/>
		<razingScore value='3900'/>
		<mineralScore value='45294'/>
		<gasScore value='4176'/>
		<totalScore value='114905'/>
	</player>

	<enemy>
		<race value='Zerg'/>
		<unitScore value='15375'/>
		<unitScore value='15375'/>
		<killScore value='22800'/>
		<buildingScore value='1300'/>
		<razingScore value='150'/>
		<mineralScore value='12050'/>
		<gasScore value='4368'/>
		<totalScore value='56043'/>
	</enemy>

	<scoreRatio value='2.0503'/>
	<timeFitness value='0.688472'/>
	<unitsAverage value='140'/>
</results>
