<results>
	<result value='win'/>
	<start value='2015-05-07.00:50:11'/>
	<end value='2015-05-07.00:50:46'/>
	<frames value='30351'/>
	<gameDuration value='1896'/>

	<player>
		<unitScore value='18175'/>
		<killScore value='25300'/>
		<buildingScore value='4325'/>
		<razingScore value='9330'/>
		<mineralScore value='26618'/>
		<gasScore value='2744'/>
		<totalScore value='86492'/>
	</player>

	<enemy>
		<race value='Zerg'/>
		<unitScore value='12200'/>
		<unitScore value='12200'/>
		<killScore value='15300'/>
		<buildingScore value='3110'/>
		<razingScore value='2250'/>
		<mineralScore value='13486'/>
		<gasScore value='4232'/>
		<totalScore value='50578'/>
	</enemy>

	<scoreRatio value='1.71007'/>
	<timeFitness value='0.736667'/>
	<unitsAverage value='97'/>
</results>
