<results>
	<result value='win'/>
	<start value='2015-05-02.11:11:44'/>
	<end value='2015-05-02.11:12:02'/>
	<frames value='22012'/>
	<gameDuration value='1375'/>

	<player>
		<unitScore value='8750'/>
		<killScore value='10400'/>
		<buildingScore value='2000'/>
		<razingScore value='8175'/>
		<mineralScore value='10330'/>
		<gasScore value='2304'/>
		<totalScore value='41959'/>
	</player>

	<enemy>
		<race value='Protoss'/>
		<unitScore value='5200'/>
		<unitScore value='5200'/>
		<killScore value='4800'/>
		<buildingScore value='2725'/>
		<razingScore value='150'/>
		<mineralScore value='9466'/>
		<gasScore value='1176'/>
		<totalScore value='23517'/>
	</enemy>

	<scoreRatio value='1.7842'/>
	<timeFitness value='0.809028'/>
	<unitsAverage value='55'/>
</results>
