<results>
	<result value='loss'/>
	<start value='2015-05-02.11:17:18'/>
	<end value='2015-05-02.11:17:29'/>
	<frames value='16742'/>
	<gameDuration value='1046'/>

	<player>
		<unitScore value='4100'/>
		<killScore value='300'/>
		<buildingScore value='1650'/>
		<razingScore value='0'/>
		<mineralScore value='5706'/>
		<gasScore value='984'/>
		<totalScore value='12740'/>
	</player>

	<enemy>
		<race value='Protoss'/>
		<unitScore value='4175'/>
		<unitScore value='4175'/>
		<killScore value='8200'/>
		<buildingScore value='3475'/>
		<razingScore value='4950'/>
		<mineralScore value='8290'/>
		<gasScore value='2176'/>
		<totalScore value='31266'/>
	</enemy>

	<scoreRatio value='0.407471'/>
	<timeFitness value='0.145278'/>
	<unitsAverage value='29'/>
</results>
