<results>
	<result value='win'/>
	<start value='2015-04-14.02:55:05'/>
	<end value='2015-04-14.02:56:05'/>
	<frames value='34350'/>
	<gameDuration value='2146'/>

	<player>
		<unitScore value='19625'/>
		<killScore value='15600'/>
		<buildingScore value='4775'/>
		<razingScore value='13125'/>
		<mineralScore value='27130'/>
		<gasScore value='3752'/>
		<totalScore value='84007'/>
	</player>

	<enemy>
		<race value='Protoss'/>
		<unitScore value='7800'/>
		<unitScore value='7800'/>
		<killScore value='14350'/>
		<buildingScore value='4375'/>
		<razingScore value='300'/>
		<mineralScore value='15250'/>
		<gasScore value='2784'/>
		<totalScore value='44859'/>
	</enemy>

	<scoreRatio value='1.87269'/>
</results>
