<results>
	<result value='win'/>
	<start value='2015-04-14.03:15:26'/>
	<end value='2015-04-14.03:16:30'/>
	<frames value='31219'/>
	<gameDuration value='1951'/>

	<player>
		<unitScore value='18275'/>
		<killScore value='17650'/>
		<buildingScore value='3725'/>
		<razingScore value='15300'/>
		<mineralScore value='28494'/>
		<gasScore value='3416'/>
		<totalScore value='86860'/>
	</player>

	<enemy>
		<race value='Protoss'/>
		<unitScore value='9050'/>
		<unitScore value='9050'/>
		<killScore value='12150'/>
		<buildingScore value='5100'/>
		<razingScore value='150'/>
		<mineralScore value='12738'/>
		<gasScore value='3536'/>
		<totalScore value='42724'/>
	</enemy>

	<scoreRatio value='2.03305'/>
</results>
