<results>
	<result value='draw'/>
	<start value='2015-05-05.18:50:09'/>
	<end value='2015-05-05.18:51:09'/>
	<frames value='57601'/>
	<gameDuration value='3600'/>

	<player>
		<unitScore value='32025'/>
		<killScore value='31800'/>
		<buildingScore value='3450'/>
		<razingScore value='13200'/>
		<mineralScore value='34190'/>
		<gasScore value='6112'/>
		<totalScore value='120777'/>
	</player>

	<enemy>
		<race value='Protoss'/>
		<unitScore value='18175'/>
		<unitScore value='18175'/>
		<killScore value='57950'/>
		<buildingScore value='7650'/>
		<razingScore value='2025'/>
		<mineralScore value='21670'/>
		<gasScore value='9426'/>
		<totalScore value='116896'/>
	</enemy>

	<scoreRatio value='1.0332'/>
	<timeFitness value='0.5'/>
	<unitsAverage value='94'/>
</results>
