<results>
	<result value='win'/>
	<start value='2015-05-05.19:15:30'/>
	<end value='2015-05-05.19:15:57'/>
	<frames value='26135'/>
	<gameDuration value='1633'/>

	<player>
		<unitScore value='14650'/>
		<killScore value='13100'/>
		<buildingScore value='4025'/>
		<razingScore value='13500'/>
		<mineralScore value='27378'/>
		<gasScore value='3128'/>
		<totalScore value='75781'/>
	</player>

	<enemy>
		<race value='Protoss'/>
		<unitScore value='6550'/>
		<unitScore value='6550'/>
		<killScore value='9050'/>
		<buildingScore value='4500'/>
		<razingScore value='0'/>
		<mineralScore value='18182'/>
		<gasScore value='944'/>
		<totalScore value='39226'/>
	</enemy>

	<scoreRatio value='1.93191'/>
	<timeFitness value='0.773194'/>
	<unitsAverage value='102'/>
</results>
