<results>
	<result value='loss'/>
	<start value='2015-05-05.19:26:11'/>
	<end value='2015-05-05.19:26:20'/>
	<frames value='13642'/>
	<gameDuration value='852'/>

	<player>
		<unitScore value='2200'/>
		<killScore value='800'/>
		<buildingScore value='1500'/>
		<razingScore value='0'/>
		<mineralScore value='3890'/>
		<gasScore value='424'/>
		<totalScore value='8814'/>
	</player>

	<enemy>
		<race value='Protoss'/>
		<unitScore value='3550'/>
		<unitScore value='3550'/>
		<killScore value='4400'/>
		<buildingScore value='2175'/>
		<razingScore value='4500'/>
		<mineralScore value='6738'/>
		<gasScore value='1080'/>
		<totalScore value='22443'/>
	</enemy>

	<scoreRatio value='0.392728'/>
	<timeFitness value='0.118333'/>
	<unitsAverage value='20'/>
</results>
