<results>
	<result value='loss'/>
	<start value='2015-05-05.19:31:43'/>
	<end value='2015-05-05.19:32:25'/>
	<frames value='48300'/>
	<gameDuration value='3018'/>

	<player>
		<unitScore value='20425'/>
		<killScore value='26300'/>
		<buildingScore value='2600'/>
		<razingScore value='5100'/>
		<mineralScore value='24010'/>
		<gasScore value='1728'/>
		<totalScore value='80163'/>
	</player>

	<enemy>
		<race value='Protoss'/>
		<unitScore value='27850'/>
		<unitScore value='27850'/>
		<killScore value='40850'/>
		<buildingScore value='8725'/>
		<razingScore value='7800'/>
		<mineralScore value='32954'/>
		<gasScore value='9674'/>
		<totalScore value='127853'/>
	</enemy>

	<scoreRatio value='0.626993'/>
	<timeFitness value='0.419167'/>
	<unitsAverage value='69'/>
</results>
