<results>
	<result value='loss'/>
	<start value='2015-04-10.19:54:36'/>
	<end value='2015-04-10.19:54:48'/>
	<frames value='13859'/>
	<gameDuration value='866'/>

	<player>
		<unitScore value='3275'/>
		<killScore value='1200'/>
		<buildingScore value='1475'/>
		<razingScore value='0'/>
		<mineralScore value='4842'/>
		<gasScore value='568'/>
		<totalScore value='11360'/>
	</player>

	<enemy>
		<race value='Protoss'/>
		<unitScore value='3550'/>
		<unitScore value='3550'/>
		<killScore value='6550'/>
		<buildingScore value='2375'/>
		<razingScore value='4425'/>
		<mineralScore value='7066'/>
		<gasScore value='1200'/>
		<totalScore value='25166'/>
	</enemy>

	<scoreRatio value='0.451403'/>
</results>
