<results>
	<result value='win'/>
	<start value='2015-04-10.20:01:49'/>
	<end value='2015-04-10.20:02:52'/>
	<frames value='31405'/>
	<gameDuration value='1962'/>

	<player>
		<unitScore value='20950'/>
		<killScore value='23150'/>
		<buildingScore value='4700'/>
		<razingScore value='15600'/>
		<mineralScore value='26450'/>
		<gasScore value='2024'/>
		<totalScore value='92874'/>
	</player>

	<enemy>
		<race value='Protoss'/>
		<unitScore value='12625'/>
		<unitScore value='12625'/>
		<killScore value='16950'/>
		<buildingScore value='5200'/>
		<razingScore value='375'/>
		<mineralScore value='13162'/>
		<gasScore value='4008'/>
		<totalScore value='52320'/>
	</enemy>

	<scoreRatio value='1.77511'/>
</results>
