<results>
	<result value='win'/>
	<start value='2015-04-10.20:04:01'/>
	<end value='2015-04-10.20:05:05'/>
	<frames value='36024'/>
	<gameDuration value='2251'/>

	<player>
		<unitScore value='20375'/>
		<killScore value='31500'/>
		<buildingScore value='2575'/>
		<razingScore value='18225'/>
		<mineralScore value='22418'/>
		<gasScore value='2584'/>
		<totalScore value='97677'/>
	</player>

	<enemy>
		<race value='Protoss'/>
		<unitScore value='15950'/>
		<unitScore value='15950'/>
		<killScore value='21000'/>
		<buildingScore value='6075'/>
		<razingScore value='300'/>
		<mineralScore value='19178'/>
		<gasScore value='3768'/>
		<totalScore value='66271'/>
	</enemy>

	<scoreRatio value='1.4739'/>
</results>
