<results>
	<result value='loss'/>
	<start value='2015-03-28.15:27:10'/>
	<end value='2015-03-28.15:27:20'/>
	<frames value='15192'/>
	<gameDuration value='949'/>

	<player>
		<unitScore value='3525'/>
		<killScore value='800'/>
		<buildingScore value='1500'/>
		<razingScore value='0'/>
		<mineralScore value='5122'/>
		<gasScore value='616'/>
		<totalScore value='11563'/>
	</player>

	<enemy>
		<race value='Protoss'/>
		<unitScore value='3550'/>
		<unitScore value='3550'/>
		<killScore value='7050'/>
		<buildingScore value='3075'/>
		<razingScore value='4500'/>
		<mineralScore value='8106'/>
		<gasScore value='1464'/>
		<totalScore value='27745'/>
	</enemy>

	<scoreRatio value='0.41676'/>
</results>
