<results>
	<result value='loss'/>
	<start value='2015-05-04.04:50:10'/>
	<end value='2015-05-04.04:50:18'/>
	<frames value='18478'/>
	<gameDuration value='1154'/>

	<player>
		<unitScore value='4550'/>
		<killScore value='1600'/>
		<buildingScore value='1750'/>
		<razingScore value='0'/>
		<mineralScore value='6738'/>
		<gasScore value='952'/>
		<totalScore value='15590'/>
	</player>

	<enemy>
		<race value='Protoss'/>
		<unitScore value='5025'/>
		<unitScore value='5025'/>
		<killScore value='9100'/>
		<buildingScore value='4225'/>
		<razingScore value='5250'/>
		<mineralScore value='9650'/>
		<gasScore value='2416'/>
		<totalScore value='35666'/>
	</enemy>

	<scoreRatio value='0.437111'/>
	<timeFitness value='0.160278'/>
	<unitsAverage value='29'/>
</results>
