<results>
	<result value='loss'/>
	<start value='2015-05-10.15:04:21'/>
	<end value='2015-05-10.15:04:29'/>
	<frames value='14944'/>
	<gameDuration value='934'/>

	<player>
		<unitScore value='2950'/>
		<killScore value='800'/>
		<buildingScore value='1500'/>
		<razingScore value='0'/>
		<mineralScore value='4418'/>
		<gasScore value='800'/>
		<totalScore value='10468'/>
	</player>

	<enemy>
		<race value='Protoss'/>
		<unitScore value='3550'/>
		<unitScore value='3550'/>
		<killScore value='5900'/>
		<buildingScore value='2675'/>
		<razingScore value='4500'/>
		<mineralScore value='7738'/>
		<gasScore value='1184'/>
		<totalScore value='25547'/>
	</enemy>

	<scoreRatio value='0.409755'/>
	<timeFitness value='0.129722'/>
	<unitsAverage value='22'/>
</results>
