<results>
	<result value='win'/>
	<start value='2015-05-04.23:40:02'/>
	<end value='2015-05-04.23:40:24'/>
	<frames value='27406'/>
	<gameDuration value='1712'/>

	<player>
		<unitScore value='13250'/>
		<killScore value='23600'/>
		<buildingScore value='3975'/>
		<razingScore value='6900'/>
		<mineralScore value='22514'/>
		<gasScore value='2424'/>
		<totalScore value='72663'/>
	</player>

	<enemy>
		<race value='Terran'/>
		<unitScore value='12600'/>
		<unitScore value='12600'/>
		<killScore value='7150'/>
		<buildingScore value='2300'/>
		<razingScore value='1875'/>
		<mineralScore value='11570'/>
		<gasScore value='4232'/>
		<totalScore value='39727'/>
	</enemy>

	<scoreRatio value='1.82906'/>
	<timeFitness value='0.762222'/>
	<unitsAverage value='84'/>
</results>
