<results>
	<result value='draw'/>
	<start value='2015-05-04.23:58:35'/>
	<end value='2015-05-05.00:00:04'/>
	<frames value='57601'/>
	<gameDuration value='3600'/>

	<player>
		<unitScore value='26275'/>
		<killScore value='42450'/>
		<buildingScore value='4875'/>
		<razingScore value='11550'/>
		<mineralScore value='45154'/>
		<gasScore value='8002'/>
		<totalScore value='138306'/>
	</player>

	<enemy>
		<race value='Terran'/>
		<unitScore value='23925'/>
		<unitScore value='23925'/>
		<killScore value='29100'/>
		<buildingScore value='4350'/>
		<razingScore value='2775'/>
		<mineralScore value='17850'/>
		<gasScore value='10190'/>
		<totalScore value='88190'/>
	</enemy>

	<scoreRatio value='1.56827'/>
	<timeFitness value='0.5'/>
	<unitsAverage value='144'/>
</results>
