<results>
	<result value='draw'/>
	<start value='2015-05-05.00:05:16'/>
	<end value='2015-05-05.00:06:07'/>
	<frames value='57601'/>
	<gameDuration value='3600'/>

	<player>
		<unitScore value='24875'/>
		<killScore value='31350'/>
		<buildingScore value='4275'/>
		<razingScore value='1650'/>
		<mineralScore value='31606'/>
		<gasScore value='6248'/>
		<totalScore value='100004'/>
	</player>

	<enemy>
		<race value='Terran'/>
		<unitScore value='30750'/>
		<unitScore value='30750'/>
		<killScore value='49200'/>
		<buildingScore value='5325'/>
		<razingScore value='9825'/>
		<mineralScore value='28642'/>
		<gasScore value='12344'/>
		<totalScore value='136086'/>
	</enemy>

	<scoreRatio value='0.734859'/>
	<timeFitness value='0.5'/>
	<unitsAverage value='77'/>
</results>
