<results>
	<result value='win'/>
	<start value='2015-05-05.00:20:17'/>
	<end value='2015-05-05.00:20:58'/>
	<frames value='39713'/>
	<gameDuration value='2482'/>

	<player>
		<unitScore value='19250'/>
		<killScore value='30750'/>
		<buildingScore value='4375'/>
		<razingScore value='11925'/>
		<mineralScore value='35342'/>
		<gasScore value='5008'/>
		<totalScore value='106650'/>
	</player>

	<enemy>
		<race value='Terran'/>
		<unitScore value='16475'/>
		<unitScore value='16475'/>
		<killScore value='16800'/>
		<buildingScore value='3975'/>
		<razingScore value='3150'/>
		<mineralScore value='15162'/>
		<gasScore value='7002'/>
		<totalScore value='62564'/>
	</enemy>

	<scoreRatio value='1.70465'/>
	<timeFitness value='0.655278'/>
	<unitsAverage value='96'/>
</results>
