<results>
	<result value='loss'/>
	<start value='2015-07-21.15:18:32'/>
	<end value='2015-07-21.15:18:57'/>
	<frames value='28832'/>
	<gameDuration value='1802'/>

	<player>
		<unitScore value='10250'/>
		<killScore value='5450'/>
		<buildingScore value='4450'/>
		<razingScore value='0'/>
		<mineralScore value='13134'/>
		<gasScore value='2592'/>
		<totalScore value='35876'/>
	</player>

	<enemy>
		<race value='Zerg'/>
		<unitScore value='15425'/>
		<killScore value='20500'/>
		<buildingScore value='3420'/>
		<razingScore value='13350'/>
		<mineralScore value='17554'/>
		<gasScore value='6136'/>
		<totalScore value='76385'/>
	</enemy>

	<scoreRatio value='0.469673'/>
	<timeFitness value='0.250278'/>
	<unitsAverage value='51'/>
</results>
