<results>
	<result value='loss'/>
	<start value='2015-07-21.15:30:32'/>
	<end value='2015-07-21.15:32:00'/>
	<frames value='48207'/>
	<gameDuration value='3012'/>

	<player>
		<unitScore value='26750'/>
		<killScore value='21925'/>
		<buildingScore value='3275'/>
		<razingScore value='0'/>
		<mineralScore value='24018'/>
		<gasScore value='5208'/>
		<totalScore value='81176'/>
	</player>

	<enemy>
		<race value='Zerg'/>
		<unitScore value='42825'/>
		<killScore value='53250'/>
		<buildingScore value='4815'/>
		<razingScore value='9825'/>
		<mineralScore value='31642'/>
		<gasScore value='14620'/>
		<totalScore value='156977'/>
	</enemy>

	<scoreRatio value='0.51712'/>
	<timeFitness value='0.418333'/>
	<unitsAverage value='104'/>
</results>
