<results>
	<result value='loss'/>
	<start value='2015-07-21.15:32:49'/>
	<end value='2015-07-21.15:33:13'/>
	<frames value='30289'/>
	<gameDuration value='1893'/>

	<player>
		<unitScore value='11775'/>
		<killScore value='13750'/>
		<buildingScore value='2600'/>
		<razingScore value='0'/>
		<mineralScore value='12298'/>
		<gasScore value='1592'/>
		<totalScore value='42015'/>
	</player>

	<enemy>
		<race value='Zerg'/>
		<unitScore value='18350'/>
		<killScore value='23550'/>
		<buildingScore value='3520'/>
		<razingScore value='7800'/>
		<mineralScore value='17046'/>
		<gasScore value='5960'/>
		<totalScore value='76226'/>
	</enemy>

	<scoreRatio value='0.55119'/>
	<timeFitness value='0.262917'/>
	<unitsAverage value='41'/>
</results>
