<results>
	<result value='loss'/>
	<start value='2015-07-14.16:52:27'/>
	<end value='2015-07-14.16:53:13'/>
	<frames value='48362'/>
	<gameDuration value='3022'/>

	<player>
		<unitScore value='23950'/>
		<killScore value='28900'/>
		<buildingScore value='2250'/>
		<razingScore value='1500'/>
		<mineralScore value='24066'/>
		<gasScore value='5312'/>
		<totalScore value='85978'/>
	</player>

	<enemy>
		<race value='Protoss'/>
		<unitScore value='25550'/>
		<killScore value='47750'/>
		<buildingScore value='6325'/>
		<razingScore value='6750'/>
		<mineralScore value='33634'/>
		<gasScore value='8756'/>
		<totalScore value='128765'/>
	</enemy>

	<scoreRatio value='0.667713'/>
	<timeFitness value='0.419722'/>
	<unitsAverage value='62'/>
</results>
