<results>
	<result value='loss'/>
	<start value='2015-07-14.16:57:52'/>
	<end value='2015-07-14.16:58:35'/>
	<frames value='35652'/>
	<gameDuration value='2228'/>

	<player>
		<unitScore value='12575'/>
		<killScore value='9100'/>
		<buildingScore value='2875'/>
		<razingScore value='150'/>
		<mineralScore value='25778'/>
		<gasScore value='2168'/>
		<totalScore value='52646'/>
	</player>

	<enemy>
		<race value='Protoss'/>
		<unitScore value='19550'/>
		<killScore value='25150'/>
		<buildingScore value='7125'/>
		<razingScore value='8625'/>
		<mineralScore value='24198'/>
		<gasScore value='8608'/>
		<totalScore value='93256'/>
	</enemy>

	<scoreRatio value='0.564532'/>
	<timeFitness value='0.309444'/>
	<unitsAverage value='58'/>
</results>
