<results>
	<result value='draw'/>
	<start value='2015-05-02.01:11:01'/>
	<end value='2015-05-02.01:12:22'/>
	<frames value='57601'/>
	<gameDuration value='3600'/>

	<player>
		<unitScore value='27225'/>
		<killScore value='38750'/>
		<buildingScore value='2725'/>
		<razingScore value='25350'/>
		<mineralScore value='29122'/>
		<gasScore value='5722'/>
		<totalScore value='128894'/>
	</player>

	<enemy>
		<race value='Protoss'/>
		<unitScore value='21775'/>
		<unitScore value='21775'/>
		<killScore value='43650'/>
		<buildingScore value='9800'/>
		<razingScore value='600'/>
		<mineralScore value='28242'/>
		<gasScore value='12756'/>
		<totalScore value='116823'/>
	</enemy>

	<scoreRatio value='1.10333'/>
</results>
