<results>
	<result value='win'/>
	<start value='2015-05-02.01:19:15'/>
	<end value='2015-05-02.01:19:59'/>
	<frames value='30816'/>
	<gameDuration value='1926'/>

	<player>
		<unitScore value='13675'/>
		<killScore value='11200'/>
		<buildingScore value='4225'/>
		<razingScore value='11625'/>
		<mineralScore value='30282'/>
		<gasScore value='3864'/>
		<totalScore value='74871'/>
	</player>

	<enemy>
		<race value='Protoss'/>
		<unitScore value='5600'/>
		<unitScore value='5600'/>
		<killScore value='4500'/>
		<buildingScore value='3875'/>
		<razingScore value='450'/>
		<mineralScore value='10834'/>
		<gasScore value='2024'/>
		<totalScore value='27283'/>
	</enemy>

	<scoreRatio value='2.74424'/>
</results>
