<results>
	<result value='loss'/>
	<start value='2014-07-23.01:57:02'/>
	<end value='2014-07-23.01:57:05'/>
	<frames value='7628'/>
	<gameDuration value='476'/>

	<player>
		<unitScore value='1000'/>
		<killScore value='100'/>
		<buildingScore value='625'/>
		<razingScore value='0'/>
		<mineralScore value='1442'/>
		<gasScore value='200'/>
		<totalScore value='3367'/>
	</player>

	<enemy>
		<race value='Zerg'/>
		<unitScore value='1250'/>
		<unitScore value='1250'/>
		<killScore value='1900'/>
		<buildingScore value='780'/>
		<razingScore value='1875'/>
		<mineralScore value='2066'/>
		<gasScore value='64'/>
		<totalScore value='7935'/>
	</enemy>

	<scoreRatio value='0.424323'/>
</results>
