<results>
	<result value='loss'/>
	<start value='2015-04-13.00:51:02'/>
	<end value='2015-04-13.00:51:39'/>
	<frames value='35838'/>
	<gameDuration value='2239'/>

	<player>
		<unitScore value='9425'/>
		<killScore value='9250'/>
		<buildingScore value='2100'/>
		<razingScore value='1350'/>
		<mineralScore value='12114'/>
		<gasScore value='2968'/>
		<totalScore value='37207'/>
	</player>

	<enemy>
		<race value='Protoss'/>
		<unitScore value='22275'/>
		<unitScore value='22275'/>
		<killScore value='18850'/>
		<buildingScore value='7725'/>
		<razingScore value='6300'/>
		<mineralScore value='24458'/>
		<gasScore value='9080'/>
		<totalScore value='88688'/>
	</enemy>

	<scoreRatio value='0.419527'/>
</results>
