<results>
	<result value='win'/>
	<start value='2015-04-13.01:11:04'/>
	<end value='2015-04-13.01:12:27'/>
	<frames value='34722'/>
	<gameDuration value='2170'/>

	<player>
		<unitScore value='22650'/>
		<killScore value='30500'/>
		<buildingScore value='3925'/>
		<razingScore value='19575'/>
		<mineralScore value='28914'/>
		<gasScore value='3912'/>
		<totalScore value='109476'/>
	</player>

	<enemy>
		<race value='Protoss'/>
		<unitScore value='16400'/>
		<unitScore value='16400'/>
		<killScore value='20050'/>
		<buildingScore value='6525'/>
		<razingScore value='300'/>
		<mineralScore value='18778'/>
		<gasScore value='5304'/>
		<totalScore value='67357'/>
	</enemy>

	<scoreRatio value='1.62531'/>
</results>
