<results>
	<result value='win'/>
	<start value='2015-05-04.07:54:11'/>
	<end value='2015-05-04.07:54:41'/>
	<frames value='33234'/>
	<gameDuration value='2077'/>

	<player>
		<unitScore value='19275'/>
		<killScore value='17300'/>
		<buildingScore value='3600'/>
		<razingScore value='19425'/>
		<mineralScore value='28650'/>
		<gasScore value='4480'/>
		<totalScore value='92730'/>
	</player>

	<enemy>
		<race value='Protoss'/>
		<unitScore value='9075'/>
		<unitScore value='9075'/>
		<killScore value='18050'/>
		<buildingScore value='6475'/>
		<razingScore value='300'/>
		<mineralScore value='17262'/>
		<gasScore value='3256'/>
		<totalScore value='54418'/>
	</enemy>

	<scoreRatio value='1.70403'/>
	<timeFitness value='0.711528'/>
	<unitsAverage value='98'/>
</results>
