<results>
	<result value='loss'/>
	<start value='2015-04-16.18:58:22'/>
	<end value='2015-04-16.18:58:36'/>
	<frames value='15874'/>
	<gameDuration value='992'/>

	<player>
		<unitScore value='2875'/>
		<killScore value='1000'/>
		<buildingScore value='1575'/>
		<razingScore value='0'/>
		<mineralScore value='4346'/>
		<gasScore value='688'/>
		<totalScore value='10484'/>
	</player>

	<enemy>
		<race value='Protoss'/>
		<unitScore value='3550'/>
		<unitScore value='3550'/>
		<killScore value='5750'/>
		<buildingScore value='3525'/>
		<razingScore value='4725'/>
		<mineralScore value='8346'/>
		<gasScore value='1776'/>
		<totalScore value='27672'/>
	</enemy>

	<scoreRatio value='0.378867'/>
</results>
