<results>
	<result value='loss'/>
	<start value='2014-07-23.23:14:14'/>
	<end value='2014-07-23.23:14:40'/>
	<frames value='47618'/>
	<gameDuration value='2976'/>

	<player>
		<unitScore value='14625'/>
		<killScore value='13450'/>
		<buildingScore value='3475'/>
		<razingScore value='1500'/>
		<mineralScore value='19210'/>
		<gasScore value='2344'/>
		<totalScore value='54604'/>
	</player>

	<enemy>
		<race value='Terran'/>
		<unitScore value='21050'/>
		<unitScore value='21050'/>
		<killScore value='29250'/>
		<buildingScore value='4800'/>
		<razingScore value='10800'/>
		<mineralScore value='19550'/>
		<gasScore value='11284'/>
		<totalScore value='96734'/>
	</enemy>

	<scoreRatio value='0.564476'/>
</results>
