<results>
	<result value='win'/>
	<start value='2015-04-09.16:55:13'/>
	<end value='2015-04-09.16:55:42'/>
	<frames value='32800'/>
	<gameDuration value='2050'/>

	<player>
		<unitScore value='18200'/>
		<killScore value='15500'/>
		<buildingScore value='3625'/>
		<razingScore value='18975'/>
		<mineralScore value='24242'/>
		<gasScore value='3248'/>
		<totalScore value='83790'/>
	</player>

	<enemy>
		<race value='Protoss'/>
		<unitScore value='7750'/>
		<unitScore value='7750'/>
		<killScore value='16700'/>
		<buildingScore value='6325'/>
		<razingScore value='300'/>
		<mineralScore value='18730'/>
		<gasScore value='3648'/>
		<totalScore value='53453'/>
	</enemy>

	<scoreRatio value='1.56755'/>
</results>
