<results>
	<result value='draw'/>
	<start value='2015-04-09.17:00:56'/>
	<end value='2015-04-09.17:02:38'/>
	<frames value='57601'/>
	<gameDuration value='3600'/>

	<player>
		<unitScore value='28100'/>
		<killScore value='25750'/>
		<buildingScore value='4800'/>
		<razingScore value='18600'/>
		<mineralScore value='40406'/>
		<gasScore value='7560'/>
		<totalScore value='125216'/>
	</player>

	<enemy>
		<race value='Protoss'/>
		<unitScore value='13450'/>
		<unitScore value='13450'/>
		<killScore value='31050'/>
		<buildingScore value='7275'/>
		<razingScore value='1425'/>
		<mineralScore value='17318'/>
		<gasScore value='5216'/>
		<totalScore value='75734'/>
	</enemy>

	<scoreRatio value='1.65337'/>
</results>
