<results>
	<result value='loss'/>
	<start value='2015-04-09.17:03:31'/>
	<end value='2015-04-09.17:03:41'/>
	<frames value='17455'/>
	<gameDuration value='1090'/>

	<player>
		<unitScore value='3975'/>
		<killScore value='2300'/>
		<buildingScore value='2200'/>
		<razingScore value='0'/>
		<mineralScore value='6618'/>
		<gasScore value='960'/>
		<totalScore value='16053'/>
	</player>

	<enemy>
		<race value='Protoss'/>
		<unitScore value='4975'/>
		<unitScore value='4975'/>
		<killScore value='7950'/>
		<buildingScore value='3325'/>
		<razingScore value='6600'/>
		<mineralScore value='8874'/>
		<gasScore value='2248'/>
		<totalScore value='33972'/>
	</enemy>

	<scoreRatio value='0.472536'/>
</results>
