<results>
	<result value='draw'/>
	<start value='2015-04-08.06:38:34'/>
	<end value='2015-04-08.06:39:57'/>
	<frames value='57601'/>
	<gameDuration value='3600'/>

	<player>
		<unitScore value='32600'/>
		<killScore value='46650'/>
		<buildingScore value='3225'/>
		<razingScore value='12600'/>
		<mineralScore value='34706'/>
		<gasScore value='5576'/>
		<totalScore value='135357'/>
	</player>

	<enemy>
		<race value='Protoss'/>
		<unitScore value='29425'/>
		<unitScore value='29425'/>
		<killScore value='44800'/>
		<buildingScore value='7025'/>
		<razingScore value='225'/>
		<mineralScore value='26910'/>
		<gasScore value='9726'/>
		<totalScore value='118111'/>
	</enemy>

	<scoreRatio value='1.14602'/>
</results>
