<results>
	<result value='loss'/>
	<start value='2014-07-03.04:06:11'/>
	<end value='2014-07-03.04:06:58'/>
	<frames value='53136'/>
	<gameDuration value='3321'/>

	<player>
		<unitScore value='27700'/>
		<killScore value='44750'/>
		<buildingScore value='2075'/>
		<razingScore value='150'/>
		<mineralScore value='24002'/>
		<gasScore value='5334'/>
		<totalScore value='104011'/>
	</player>

	<enemy>
		<race value='Protoss'/>
		<unitScore value='44345'/>
		<unitScore value='44345'/>
		<killScore value='55500'/>
		<buildingScore value='7975'/>
		<razingScore value='6225'/>
		<mineralScore value='36574'/>
		<gasScore value='14884'/>
		<totalScore value='165503'/>
	</enemy>

	<scoreRatio value='0.628454'/>
</results>
