<results>
	<result value='loss'/>
	<start value='2015-05-06.00:36:14'/>
	<end value='2015-05-06.00:36:42'/>
	<frames value='36644'/>
	<gameDuration value='2290'/>

	<player>
		<unitScore value='11350'/>
		<killScore value='13700'/>
		<buildingScore value='1825'/>
		<razingScore value='3600'/>
		<mineralScore value='12058'/>
		<gasScore value='3072'/>
		<totalScore value='45605'/>
	</player>

	<enemy>
		<race value='Protoss'/>
		<unitScore value='19575'/>
		<unitScore value='19575'/>
		<killScore value='22700'/>
		<buildingScore value='8125'/>
		<razingScore value='5475'/>
		<mineralScore value='24270'/>
		<gasScore value='7720'/>
		<totalScore value='87865'/>
	</enemy>

	<scoreRatio value='0.519035'/>
	<timeFitness value='0.318056'/>
	<unitsAverage value='46'/>
</results>
