<results>
	<result value='draw'/>
	<start value='2015-05-06.00:39:32'/>
	<end value='2015-05-06.00:41:40'/>
	<frames value='57601'/>
	<gameDuration value='3600'/>

	<player>
		<unitScore value='28925'/>
		<killScore value='35750'/>
		<buildingScore value='5800'/>
		<razingScore value='20325'/>
		<mineralScore value='43062'/>
		<gasScore value='9404'/>
		<totalScore value='143266'/>
	</player>

	<enemy>
		<race value='Protoss'/>
		<unitScore value='18200'/>
		<unitScore value='18200'/>
		<killScore value='34250'/>
		<buildingScore value='6825'/>
		<razingScore value='300'/>
		<mineralScore value='19878'/>
		<gasScore value='7176'/>
		<totalScore value='86629'/>
	</enemy>

	<scoreRatio value='1.65379'/>
	<timeFitness value='0.5'/>
	<unitsAverage value='168'/>
</results>
