<results>
	<result value='win'/>
	<start value='2015-05-06.00:45:17'/>
	<end value='2015-05-06.00:46:20'/>
	<frames value='37512'/>
	<gameDuration value='2344'/>

	<player>
		<unitScore value='28225'/>
		<killScore value='38400'/>
		<buildingScore value='4025'/>
		<razingScore value='18375'/>
		<mineralScore value='32654'/>
		<gasScore value='3536'/>
		<totalScore value='125215'/>
	</player>

	<enemy>
		<race value='Protoss'/>
		<unitScore value='19425'/>
		<unitScore value='19425'/>
		<killScore value='31350'/>
		<buildingScore value='6125'/>
		<razingScore value='0'/>
		<mineralScore value='21458'/>
		<gasScore value='4616'/>
		<totalScore value='82974'/>
	</enemy>

	<scoreRatio value='1.50909'/>
	<timeFitness value='0.674444'/>
	<unitsAverage value='124'/>
</results>
