<results>
	<result value='win'/>
	<start value='2015-05-06.00:58:18'/>
	<end value='2015-05-06.00:58:53'/>
	<frames value='29173'/>
	<gameDuration value='1823'/>

	<player>
		<unitScore value='18500'/>
		<killScore value='22450'/>
		<buildingScore value='3775'/>
		<razingScore value='12375'/>
		<mineralScore value='22742'/>
		<gasScore value='1856'/>
		<totalScore value='81698'/>
	</player>

	<enemy>
		<race value='Protoss'/>
		<unitScore value='13025'/>
		<unitScore value='13025'/>
		<killScore value='16550'/>
		<buildingScore value='4125'/>
		<razingScore value='0'/>
		<mineralScore value='12334'/>
		<gasScore value='4256'/>
		<totalScore value='50290'/>
	</enemy>

	<scoreRatio value='1.62454'/>
	<timeFitness value='0.746806'/>
	<unitsAverage value='87'/>
</results>
