<results>
	<result value='loss'/>
	<start value='2015-05-06.00:57:27'/>
	<end value='2015-05-06.00:57:40'/>
	<frames value='18571'/>
	<gameDuration value='1160'/>

	<player>
		<unitScore value='6350'/>
		<killScore value='1400'/>
		<buildingScore value='1750'/>
		<razingScore value='0'/>
		<mineralScore value='7970'/>
		<gasScore value='1232'/>
		<totalScore value='18702'/>
	</player>

	<enemy>
		<race value='Protoss'/>
		<unitScore value='5025'/>
		<unitScore value='5025'/>
		<killScore value='12700'/>
		<buildingScore value='4225'/>
		<razingScore value='5250'/>
		<mineralScore value='9866'/>
		<gasScore value='2728'/>
		<totalScore value='39794'/>
	</enemy>

	<scoreRatio value='0.46997'/>
	<timeFitness value='0.161111'/>
	<unitsAverage value='33'/>
</results>
