<results>
	<result value='win'/>
	<start value='2015-05-06.01:11:38'/>
	<end value='2015-05-06.01:11:58'/>
	<frames value='20865'/>
	<gameDuration value='1304'/>

	<player>
		<unitScore value='9125'/>
		<killScore value='9800'/>
		<buildingScore value='2850'/>
		<razingScore value='7050'/>
		<mineralScore value='13946'/>
		<gasScore value='1912'/>
		<totalScore value='44683'/>
	</player>

	<enemy>
		<race value='Protoss'/>
		<unitScore value='4900'/>
		<unitScore value='4900'/>
		<killScore value='5000'/>
		<buildingScore value='2350'/>
		<razingScore value='150'/>
		<mineralScore value='8898'/>
		<gasScore value='1032'/>
		<totalScore value='22330'/>
	</enemy>

	<scoreRatio value='2.00103'/>
	<timeFitness value='0.818889'/>
	<unitsAverage value='60'/>
</results>
