<results>
	<result value='loss'/>
	<start value='2015-05-06.01:11:09'/>
	<end value='2015-05-06.01:11:34'/>
	<frames value='32490'/>
	<gameDuration value='2030'/>

	<player>
		<unitScore value='8975'/>
		<killScore value='8550'/>
		<buildingScore value='1825'/>
		<razingScore value='0'/>
		<mineralScore value='11978'/>
		<gasScore value='728'/>
		<totalScore value='32056'/>
	</player>

	<enemy>
		<race value='Protoss'/>
		<unitScore value='17325'/>
		<unitScore value='17325'/>
		<killScore value='18050'/>
		<buildingScore value='6975'/>
		<razingScore value='5475'/>
		<mineralScore value='20306'/>
		<gasScore value='7552'/>
		<totalScore value='75683'/>
	</enemy>

	<scoreRatio value='0.423556'/>
	<timeFitness value='0.281944'/>
	<unitsAverage value='36'/>
</results>
