<results>
	<result value='win'/>
	<start value='2015-05-06.01:14:14'/>
	<end value='2015-05-06.01:14:34'/>
	<frames value='20183'/>
	<gameDuration value='1261'/>

	<player>
		<unitScore value='9950'/>
		<killScore value='8900'/>
		<buildingScore value='2800'/>
		<razingScore value='8775'/>
		<mineralScore value='13946'/>
		<gasScore value='1224'/>
		<totalScore value='45595'/>
	</player>

	<enemy>
		<race value='Protoss'/>
		<unitScore value='4450'/>
		<unitScore value='4450'/>
		<killScore value='5400'/>
		<buildingScore value='2925'/>
		<razingScore value='0'/>
		<mineralScore value='11986'/>
		<gasScore value='944'/>
		<totalScore value='25705'/>
	</enemy>

	<scoreRatio value='1.77378'/>
	<timeFitness value='0.824861'/>
	<unitsAverage value='65'/>
</results>
