<results>
	<result value='loss'/>
	<start value='2015-04-14.13:03:24'/>
	<end value='2015-04-14.13:03:58'/>
	<frames value='50129'/>
	<gameDuration value='3133'/>

	<player>
		<unitScore value='23950'/>
		<killScore value='55500'/>
		<buildingScore value='2650'/>
		<razingScore value='600'/>
		<mineralScore value='24258'/>
		<gasScore value='3832'/>
		<totalScore value='110790'/>
	</player>

	<enemy>
		<race value='Protoss'/>
		<unitScore value='42275'/>
		<unitScore value='42275'/>
		<killScore value='47900'/>
		<buildingScore value='7175'/>
		<razingScore value='7950'/>
		<mineralScore value='34514'/>
		<gasScore value='12850'/>
		<totalScore value='152664'/>
	</enemy>

	<scoreRatio value='0.725711'/>
</results>
