<results>
	<result value='loss'/>
	<start value='2015-05-02.18:48:47'/>
	<end value='2015-05-02.18:48:53'/>
	<frames value='15750'/>
	<gameDuration value='984'/>

	<player>
		<unitScore value='3100'/>
		<killScore value='800'/>
		<buildingScore value='1600'/>
		<razingScore value='0'/>
		<mineralScore value='4754'/>
		<gasScore value='616'/>
		<totalScore value='10870'/>
	</player>

	<enemy>
		<race value='Protoss'/>
		<unitScore value='3550'/>
		<unitScore value='3550'/>
		<killScore value='6200'/>
		<buildingScore value='3475'/>
		<razingScore value='4800'/>
		<mineralScore value='8114'/>
		<gasScore value='1488'/>
		<totalScore value='27627'/>
	</enemy>

	<scoreRatio value='0.393456'/>
	<timeFitness value='0.136667'/>
	<unitsAverage value='24'/>
</results>
