<results>
	<result value='loss'/>
	<start value='2015-05-07.09:14:35'/>
	<end value='2015-05-07.09:14:56'/>
	<frames value='32087'/>
	<gameDuration value='2005'/>

	<player>
		<unitScore value='9950'/>
		<killScore value='11300'/>
		<buildingScore value='1275'/>
		<razingScore value='1350'/>
		<mineralScore value='12042'/>
		<gasScore value='3536'/>
		<totalScore value='39453'/>
	</player>

	<enemy>
		<race value='Protoss'/>
		<unitScore value='15700'/>
		<unitScore value='15700'/>
		<killScore value='19900'/>
		<buildingScore value='7375'/>
		<razingScore value='3825'/>
		<mineralScore value='21302'/>
		<gasScore value='6552'/>
		<totalScore value='74654'/>
	</enemy>

	<scoreRatio value='0.528478'/>
	<timeFitness value='0.278472'/>
	<unitsAverage value='42'/>
</results>
