<results>
	<result value='loss'/>
	<start value='2015-05-07.09:26:13'/>
	<end value='2015-05-07.09:26:23'/>
	<frames value='19036'/>
	<gameDuration value='1189'/>

	<player>
		<unitScore value='3450'/>
		<killScore value='1800'/>
		<buildingScore value='1550'/>
		<razingScore value='0'/>
		<mineralScore value='5026'/>
		<gasScore value='680'/>
		<totalScore value='12506'/>
	</player>

	<enemy>
		<race value='Protoss'/>
		<unitScore value='4850'/>
		<unitScore value='4850'/>
		<killScore value='6900'/>
		<buildingScore value='4575'/>
		<razingScore value='4650'/>
		<mineralScore value='10962'/>
		<gasScore value='2216'/>
		<totalScore value='34153'/>
	</enemy>

	<scoreRatio value='0.366176'/>
	<timeFitness value='0.165139'/>
	<unitsAverage value='22'/>
</results>
