<results>
	<result value='loss'/>
	<start value='2015-05-07.09:26:28'/>
	<end value='2015-05-07.09:27:18'/>
	<frames value='57321'/>
	<gameDuration value='3582'/>

	<player>
		<unitScore value='25200'/>
		<killScore value='56150'/>
		<buildingScore value='2725'/>
		<razingScore value='3600'/>
		<mineralScore value='26314'/>
		<gasScore value='3960'/>
		<totalScore value='117949'/>
	</player>

	<enemy>
		<race value='Protoss'/>
		<unitScore value='39875'/>
		<unitScore value='39875'/>
		<killScore value='50500'/>
		<buildingScore value='7325'/>
		<razingScore value='8175'/>
		<mineralScore value='33110'/>
		<gasScore value='11652'/>
		<totalScore value='150637'/>
	</enemy>

	<scoreRatio value='0.783002'/>
	<timeFitness value='0.4975'/>
	<unitsAverage value='68'/>
</results>
