<results>
	<result value='win'/>
	<start value='2015-04-10.06:01:51'/>
	<end value='2015-04-10.06:02:44'/>
	<frames value='43309'/>
	<gameDuration value='2706'/>

	<player>
		<unitScore value='26875'/>
		<killScore value='44500'/>
		<buildingScore value='4625'/>
		<razingScore value='23025'/>
		<mineralScore value='31254'/>
		<gasScore value='5760'/>
		<totalScore value='136039'/>
	</player>

	<enemy>
		<race value='Protoss'/>
		<unitScore value='23575'/>
		<unitScore value='23575'/>
		<killScore value='27750'/>
		<buildingScore value='7675'/>
		<razingScore value='300'/>
		<mineralScore value='23498'/>
		<gasScore value='8612'/>
		<totalScore value='91410'/>
	</enemy>

	<scoreRatio value='1.48823'/>
</results>
