<results>
	<result value='loss'/>
	<start value='2015-07-13.21:11:09'/>
	<end value='2015-07-13.21:11:20'/>
	<frames value='17517'/>
	<gameDuration value='1094'/>

	<player>
		<unitScore value='5375'/>
		<killScore value='800'/>
		<buildingScore value='1775'/>
		<razingScore value='0'/>
		<mineralScore value='6266'/>
		<gasScore value='1224'/>
		<totalScore value='15440'/>
	</player>

	<enemy>
		<race value='Protoss'/>
		<unitScore value='3975'/>
		<killScore value='10600'/>
		<buildingScore value='3675'/>
		<razingScore value='5325'/>
		<mineralScore value='9058'/>
		<gasScore value='2120'/>
		<totalScore value='34753'/>
	</enemy>

	<scoreRatio value='0.444278'/>
	<timeFitness value='0.151944'/>
	<unitsAverage value='30'/>
</results>
