<results>
	<result value='win'/>
	<start value='2014-07-24.00:55:34'/>
	<end value='2014-07-24.00:56:07'/>
	<frames value='34226'/>
	<gameDuration value='2139'/>

	<player>
		<unitScore value='24175'/>
		<killScore value='32650'/>
		<buildingScore value='5300'/>
		<razingScore value='9075'/>
		<mineralScore value='30926'/>
		<gasScore value='3096'/>
		<totalScore value='105222'/>
	</player>

	<enemy>
		<race value='Terran'/>
		<unitScore value='16325'/>
		<unitScore value='16325'/>
		<killScore value='23400'/>
		<buildingScore value='3025'/>
		<razingScore value='3225'/>
		<mineralScore value='14434'/>
		<gasScore value='5056'/>
		<totalScore value='65465'/>
	</enemy>

	<scoreRatio value='1.6073'/>
</results>
