<results>
	<result value='loss'/>
	<start value='2014-07-22.17:49:21'/>
	<end value='2014-07-22.17:49:33'/>
	<frames value='20927'/>
	<gameDuration value='1307'/>

	<player>
		<unitScore value='5350'/>
		<killScore value='3000'/>
		<buildingScore value='1675'/>
		<razingScore value='0'/>
		<mineralScore value='6906'/>
		<gasScore value='1120'/>
		<totalScore value='18051'/>
	</player>

	<enemy>
		<race value='Terran'/>
		<unitScore value='7975'/>
		<unitScore value='7975'/>
		<killScore value='10700'/>
		<buildingScore value='2925'/>
		<razingScore value='5025'/>
		<mineralScore value='9914'/>
		<gasScore value='3944'/>
		<totalScore value='40483'/>
	</enemy>

	<scoreRatio value='0.445891'/>
</results>
