<results>
	<result value='loss'/>
	<start value='2014-07-24.01:02:05'/>
	<end value='2014-07-24.01:02:12'/>
	<frames value='16835'/>
	<gameDuration value='1052'/>

	<player>
		<unitScore value='3325'/>
		<killScore value='750'/>
		<buildingScore value='1525'/>
		<razingScore value='0'/>
		<mineralScore value='5122'/>
		<gasScore value='1032'/>
		<totalScore value='11754'/>
	</player>

	<enemy>
		<race value='Terran'/>
		<unitScore value='6100'/>
		<unitScore value='6100'/>
		<killScore value='5000'/>
		<buildingScore value='2350'/>
		<razingScore value='4575'/>
		<mineralScore value='7794'/>
		<gasScore value='2424'/>
		<totalScore value='28243'/>
	</enemy>

	<scoreRatio value='0.416174'/>
</results>
