<results>
	<result value='win'/>
	<start value='2015-05-09.18:16:00'/>
	<end value='2015-05-09.18:16:57'/>
	<frames value='37884'/>
	<gameDuration value='2367'/>

	<player>
		<unitScore value='28675'/>
		<killScore value='49030'/>
		<buildingScore value='3775'/>
		<razingScore value='19725'/>
		<mineralScore value='31798'/>
		<gasScore value='3632'/>
		<totalScore value='136635'/>
	</player>

	<enemy>
		<race value='Protoss'/>
		<unitScore value='25500'/>
		<unitScore value='25500'/>
		<killScore value='37700'/>
		<buildingScore value='6575'/>
		<razingScore value='375'/>
		<mineralScore value='24946'/>
		<gasScore value='7644'/>
		<totalScore value='102740'/>
	</enemy>

	<scoreRatio value='1.32991'/>
	<timeFitness value='0.67125'/>
	<unitsAverage value='123'/>
</results>
