<results>
	<result value='loss'/>
	<start value='2015-05-09.18:20:31'/>
	<end value='2015-05-09.18:21:09'/>
	<frames value='45045'/>
	<gameDuration value='2815'/>

	<player>
		<unitScore value='19050'/>
		<killScore value='31450'/>
		<buildingScore value='2000'/>
		<razingScore value='1350'/>
		<mineralScore value='19526'/>
		<gasScore value='4552'/>
		<totalScore value='77928'/>
	</player>

	<enemy>
		<race value='Protoss'/>
		<unitScore value='34675'/>
		<unitScore value='34675'/>
		<killScore value='37850'/>
		<buildingScore value='7825'/>
		<razingScore value='6000'/>
		<mineralScore value='32686'/>
		<gasScore value='10646'/>
		<totalScore value='129682'/>
	</enemy>

	<scoreRatio value='0.600916'/>
	<timeFitness value='0.390972'/>
	<unitsAverage value='58'/>
</results>
