<results>
	<result value='draw'/>
	<start value='2015-05-09.18:21:12'/>
	<end value='2015-05-09.18:22:55'/>
	<frames value='57601'/>
	<gameDuration value='3600'/>

	<player>
		<unitScore value='35025'/>
		<killScore value='59600'/>
		<buildingScore value='3975'/>
		<razingScore value='7425'/>
		<mineralScore value='37278'/>
		<gasScore value='10518'/>
		<totalScore value='153821'/>
	</player>

	<enemy>
		<race value='Protoss'/>
		<unitScore value='37025'/>
		<unitScore value='37025'/>
		<killScore value='54000'/>
		<buildingScore value='6600'/>
		<razingScore value='2475'/>
		<mineralScore value='25766'/>
		<gasScore value='12134'/>
		<totalScore value='138000'/>
	</enemy>

	<scoreRatio value='1.11464'/>
	<timeFitness value='0.5'/>
	<unitsAverage value='150'/>
</results>
