<results>
	<result value='draw'/>
	<start value='2015-07-18.03:38:28'/>
	<end value='2015-07-18.03:41:25'/>
	<frames value='57601'/>
	<gameDuration value='3600'/>

	<player>
		<unitScore value='35275'/>
		<killScore value='13750'/>
		<buildingScore value='6000'/>
		<razingScore value='0'/>
		<mineralScore value='38922'/>
		<gasScore value='10778'/>
		<totalScore value='104725'/>
	</player>

	<enemy>
		<race value='Terran'/>
		<unitScore value='16000'/>
		<killScore value='54050'/>
		<buildingScore value='3300'/>
		<razingScore value='2625'/>
		<mineralScore value='24050'/>
		<gasScore value='6280'/>
		<totalScore value='106305'/>
	</enemy>

	<scoreRatio value='0.985137'/>
	<timeFitness value='0.5'/>
	<unitsAverage value='121'/>
</results>
