<results>
	<result value='win'/>
	<start value='2014-07-01.05:38:49'/>
	<end value='2014-07-01.05:39:25'/>
	<frames value='38287'/>
	<gameDuration value='2392'/>

	<player>
		<unitScore value='21650'/>
		<killScore value='21650'/>
		<buildingScore value='4000'/>
		<razingScore value='20550'/>
		<mineralScore value='27646'/>
		<gasScore value='4216'/>
		<totalScore value='99712'/>
	</player>

	<enemy>
		<race value='Protoss'/>
		<unitScore value='11475'/>
		<unitScore value='11475'/>
		<killScore value='20400'/>
		<buildingScore value='6850'/>
		<razingScore value='300'/>
		<mineralScore value='19686'/>
		<gasScore value='5920'/>
		<totalScore value='64631'/>
	</enemy>

	<scoreRatio value='1.54279'/>
</results>
