<results>
	<result value='loss'/>
	<start value='2015-05-01.23:18:09'/>
	<end value='2015-05-01.23:19:08'/>
	<frames value='50222'/>
	<gameDuration value='3138'/>

	<player>
		<unitScore value='28150'/>
		<killScore value='31500'/>
		<buildingScore value='3575'/>
		<razingScore value='4275'/>
		<mineralScore value='31534'/>
		<gasScore value='5984'/>
		<totalScore value='105018'/>
	</player>

	<enemy>
		<race value='Protoss'/>
		<unitScore value='28350'/>
		<unitScore value='28350'/>
		<killScore value='56300'/>
		<buildingScore value='7675'/>
		<razingScore value='10725'/>
		<mineralScore value='30662'/>
		<gasScore value='8350'/>
		<totalScore value='142062'/>
	</enemy>

	<scoreRatio value='0.739241'/>
	<timeFitness value='0.435833'/>
	<unitsAverage value='90'/>
</results>
