<results>
	<result value='win'/>
	<start value='2015-05-03.15:02:36'/>
	<end value='2015-05-03.15:03:01'/>
	<frames value='25949'/>
	<gameDuration value='1621'/>

	<player>
		<unitScore value='16100'/>
		<killScore value='19260'/>
		<buildingScore value='3775'/>
		<razingScore value='5820'/>
		<mineralScore value='22690'/>
		<gasScore value='1824'/>
		<totalScore value='69469'/>
	</player>

	<enemy>
		<race value='Zerg'/>
		<unitScore value='9125'/>
		<unitScore value='9125'/>
		<killScore value='11950'/>
		<buildingScore value='1940'/>
		<razingScore value='0'/>
		<mineralScore value='9586'/>
		<gasScore value='3056'/>
		<totalScore value='35657'/>
	</enemy>

	<scoreRatio value='1.94826'/>
	<timeFitness value='0.774861'/>
	<unitsAverage value='88'/>
</results>
