<results>
	<result value='win'/>
	<start value='2015-05-10.17:05:03'/>
	<end value='2015-05-10.17:05:27'/>
	<frames value='24647'/>
	<gameDuration value='1540'/>

	<player>
		<unitScore value='13800'/>
		<killScore value='26000'/>
		<buildingScore value='3475'/>
		<razingScore value='5310'/>
		<mineralScore value='25702'/>
		<gasScore value='2432'/>
		<totalScore value='76719'/>
	</player>

	<enemy>
		<race value='Zerg'/>
		<unitScore value='11200'/>
		<unitScore value='11200'/>
		<killScore value='9700'/>
		<buildingScore value='1770'/>
		<razingScore value='0'/>
		<mineralScore value='10946'/>
		<gasScore value='3384'/>
		<totalScore value='37000'/>
	</enemy>

	<scoreRatio value='2.07349'/>
	<timeFitness value='0.786111'/>
	<unitsAverage value='88'/>
</results>
