<results>
	<result value='win'/>
	<start value='2014-07-15.20:24:19'/>
	<end value='2014-07-15.20:24:52'/>
	<frames value='36551'/>
	<gameDuration value='2284'/>

	<player>
		<unitScore value='26850'/>
		<killScore value='30800'/>
		<buildingScore value='4550'/>
		<razingScore value='17175'/>
		<mineralScore value='30630'/>
		<gasScore value='4048'/>
		<totalScore value='114053'/>
	</player>

	<enemy>
		<race value='Protoss'/>
		<unitScore value='15750'/>
		<unitScore value='15750'/>
		<killScore value='29750'/>
		<buildingScore value='5725'/>
		<razingScore value='1350'/>
		<mineralScore value='20370'/>
		<gasScore value='7128'/>
		<totalScore value='80073'/>
	</enemy>

	<scoreRatio value='1.42436'/>
</results>
