<results>
	<result value='win'/>
	<start value='2014-07-15.20:44:24'/>
	<end value='2014-07-15.20:44:41'/>
	<frames value='24802'/>
	<gameDuration value='1550'/>

	<player>
		<unitScore value='11300'/>
		<killScore value='11900'/>
		<buildingScore value='3675'/>
		<razingScore value='8475'/>
		<mineralScore value='22394'/>
		<gasScore value='2592'/>
		<totalScore value='60336'/>
	</player>

	<enemy>
		<race value='Protoss'/>
		<unitScore value='5950'/>
		<unitScore value='5950'/>
		<killScore value='5300'/>
		<buildingScore value='2825'/>
		<razingScore value='150'/>
		<mineralScore value='9562'/>
		<gasScore value='1024'/>
		<totalScore value='24811'/>
	</enemy>

	<scoreRatio value='2.43182'/>
</results>
