<results>
	<result value='loss'/>
	<start value='2014-07-15.20:56:03'/>
	<end value='2014-07-15.20:56:09'/>
	<frames value='18106'/>
	<gameDuration value='1131'/>

	<player>
		<unitScore value='3500'/>
		<killScore value='1800'/>
		<buildingScore value='1650'/>
		<razingScore value='0'/>
		<mineralScore value='5378'/>
		<gasScore value='728'/>
		<totalScore value='13056'/>
	</player>

	<enemy>
		<race value='Protoss'/>
		<unitScore value='3800'/>
		<unitScore value='3800'/>
		<killScore value='7000'/>
		<buildingScore value='4225'/>
		<razingScore value='4950'/>
		<mineralScore value='9970'/>
		<gasScore value='1784'/>
		<totalScore value='31729'/>
	</enemy>

	<scoreRatio value='0.411485'/>
</results>
