<results>
	<result value='loss'/>
	<start value='2014-07-15.20:59:22'/>
	<end value='2014-07-15.20:59:28'/>
	<frames value='15440'/>
	<gameDuration value='965'/>

	<player>
		<unitScore value='3450'/>
		<killScore value='1000'/>
		<buildingScore value='1525'/>
		<razingScore value='0'/>
		<mineralScore value='5146'/>
		<gasScore value='664'/>
		<totalScore value='11785'/>
	</player>

	<enemy>
		<race value='Protoss'/>
		<unitScore value='3550'/>
		<unitScore value='3550'/>
		<killScore value='6900'/>
		<buildingScore value='2825'/>
		<razingScore value='4575'/>
		<mineralScore value='8082'/>
		<gasScore value='1168'/>
		<totalScore value='27100'/>
	</enemy>

	<scoreRatio value='0.434871'/>
</results>
