<results>
	<result value='draw'/>
	<start value='2015-04-08.02:28:45'/>
	<end value='2015-04-08.02:29:40'/>
	<frames value='57601'/>
	<gameDuration value='3600'/>

	<player>
		<unitScore value='28050'/>
		<killScore value='45700'/>
		<buildingScore value='4075'/>
		<razingScore value='9075'/>
		<mineralScore value='31450'/>
		<gasScore value='4840'/>
		<totalScore value='123190'/>
	</player>

	<enemy>
		<race value='Protoss'/>
		<unitScore value='27050'/>
		<unitScore value='27050'/>
		<killScore value='52850'/>
		<buildingScore value='6575'/>
		<razingScore value='11850'/>
		<mineralScore value='25878'/>
		<gasScore value='10398'/>
		<totalScore value='134601'/>
	</enemy>

	<scoreRatio value='0.915224'/>
</results>
