<results>
	<result value='win'/>
	<start value='2015-04-14.06:34:15'/>
	<end value='2015-04-14.06:34:48'/>
	<frames value='35900'/>
	<gameDuration value='2243'/>

	<player>
		<unitScore value='25200'/>
		<killScore value='23900'/>
		<buildingScore value='4200'/>
		<razingScore value='22500'/>
		<mineralScore value='29782'/>
		<gasScore value='3328'/>
		<totalScore value='108910'/>
	</player>

	<enemy>
		<race value='Protoss'/>
		<unitScore value='12750'/>
		<unitScore value='12750'/>
		<killScore value='27700'/>
		<buildingScore value='7500'/>
		<razingScore value='150'/>
		<mineralScore value='18034'/>
		<gasScore value='5896'/>
		<totalScore value='72030'/>
	</enemy>

	<scoreRatio value='1.51201'/>
</results>
