<results>
	<result value='loss'/>
	<start value='2015-05-09.21:58:21'/>
	<end value='2015-05-09.21:58:30'/>
	<frames value='13828'/>
	<gameDuration value='864'/>

	<player>
		<unitScore value='2025'/>
		<killScore value='200'/>
		<buildingScore value='1350'/>
		<razingScore value='0'/>
		<mineralScore value='3178'/>
		<gasScore value='368'/>
		<totalScore value='7121'/>
	</player>

	<enemy>
		<race value='Protoss'/>
		<unitScore value='3500'/>
		<unitScore value='3500'/>
		<killScore value='3950'/>
		<buildingScore value='2375'/>
		<razingScore value='4050'/>
		<mineralScore value='6738'/>
		<gasScore value='1176'/>
		<totalScore value='21789'/>
	</enemy>

	<scoreRatio value='0.326816'/>
	<timeFitness value='0.12'/>
	<unitsAverage value='17'/>
</results>
