<results>
	<result value='loss'/>
	<start value='2015-04-28.04:43:17'/>
	<end value='2015-04-28.04:43:29'/>
	<frames value='18416'/>
	<gameDuration value='1151'/>

	<player>
		<unitScore value='2900'/>
		<killScore value='1600'/>
		<buildingScore value='1325'/>
		<razingScore value='0'/>
		<mineralScore value='4642'/>
		<gasScore value='816'/>
		<totalScore value='11283'/>
	</player>

	<enemy>
		<race value='Protoss'/>
		<unitScore value='3850'/>
		<unitScore value='3850'/>
		<killScore value='5800'/>
		<buildingScore value='4675'/>
		<razingScore value='3975'/>
		<mineralScore value='10338'/>
		<gasScore value='1848'/>
		<totalScore value='30486'/>
	</enemy>

	<scoreRatio value='0.370104'/>
</results>
