<results>
	<result value='loss'/>
	<start value='2015-04-28.05:11:23'/>
	<end value='2015-04-28.05:12:40'/>
	<frames value='53198'/>
	<gameDuration value='3324'/>

	<player>
		<unitScore value='22125'/>
		<killScore value='35100'/>
		<buildingScore value='2675'/>
		<razingScore value='17850'/>
		<mineralScore value='24098'/>
		<gasScore value='4520'/>
		<totalScore value='106368'/>
	</player>

	<enemy>
		<race value='Protoss'/>
		<unitScore value='21950'/>
		<unitScore value='21950'/>
		<killScore value='40400'/>
		<buildingScore value='8825'/>
		<razingScore value='8025'/>
		<mineralScore value='26070'/>
		<gasScore value='8960'/>
		<totalScore value='114230'/>
	</enemy>

	<scoreRatio value='0.931174'/>
</results>
