<results>
	<result value='loss'/>
	<start value='2014-07-06.04:00:45'/>
	<end value='2014-07-06.04:01:12'/>
	<frames value='38504'/>
	<gameDuration value='2406'/>

	<player>
		<unitScore value='14525'/>
		<killScore value='10850'/>
		<buildingScore value='2625'/>
		<razingScore value='300'/>
		<mineralScore value='15130'/>
		<gasScore value='1952'/>
		<totalScore value='45382'/>
	</player>

	<enemy>
		<race value='Protoss'/>
		<unitScore value='23075'/>
		<unitScore value='23075'/>
		<killScore value='29050'/>
		<buildingScore value='7775'/>
		<razingScore value='7875'/>
		<mineralScore value='25386'/>
		<gasScore value='9696'/>
		<totalScore value='102857'/>
	</enemy>

	<scoreRatio value='0.441215'/>
</results>
