<results>
	<result value='loss'/>
	<start value='2015-04-08.06:23:20'/>
	<end value='2015-04-08.06:23:49'/>
	<frames value='40457'/>
	<gameDuration value='2528'/>

	<player>
		<unitScore value='18325'/>
		<killScore value='15850'/>
		<buildingScore value='3400'/>
		<razingScore value='0'/>
		<mineralScore value='19974'/>
		<gasScore value='2784'/>
		<totalScore value='60333'/>
	</player>

	<enemy>
		<race value='Protoss'/>
		<unitScore value='26225'/>
		<unitScore value='26225'/>
		<killScore value='36650'/>
		<buildingScore value='6775'/>
		<razingScore value='10200'/>
		<mineralScore value='27490'/>
		<gasScore value='9594'/>
		<totalScore value='116934'/>
	</enemy>

	<scoreRatio value='0.515958'/>
</results>
