<results>
	<result value='win'/>
	<start value='2015-04-25.04:14:06'/>
	<end value='2015-04-25.04:14:47'/>
	<frames value='36241'/>
	<gameDuration value='2265'/>

	<player>
		<unitScore value='23075'/>
		<killScore value='26250'/>
		<buildingScore value='4700'/>
		<razingScore value='11700'/>
		<mineralScore value='35750'/>
		<gasScore value='4608'/>
		<totalScore value='106083'/>
	</player>

	<enemy>
		<race value='Terran'/>
		<unitScore value='13525'/>
		<unitScore value='13525'/>
		<killScore value='23200'/>
		<buildingScore value='3900'/>
		<razingScore value='1725'/>
		<mineralScore value='12234'/>
		<gasScore value='5344'/>
		<totalScore value='59928'/>
	</enemy>

	<scoreRatio value='1.77017'/>
</results>
