<results>
	<result value='loss'/>
	<start value='2015-04-25.04:17:45'/>
	<end value='2015-04-25.04:17:55'/>
	<frames value='17889'/>
	<gameDuration value='1118'/>

	<player>
		<unitScore value='3550'/>
		<killScore value='800'/>
		<buildingScore value='2075'/>
		<razingScore value='0'/>
		<mineralScore value='5730'/>
		<gasScore value='816'/>
		<totalScore value='12971'/>
	</player>

	<enemy>
		<race value='Terran'/>
		<unitScore value='6750'/>
		<unitScore value='6750'/>
		<killScore value='7100'/>
		<buildingScore value='2750'/>
		<razingScore value='6225'/>
		<mineralScore value='8210'/>
		<gasScore value='2712'/>
		<totalScore value='33747'/>
	</enemy>

	<scoreRatio value='0.38436'/>
</results>
