<results>
	<result value='draw'/>
	<start value='2015-04-12.21:37:15'/>
	<end value='2015-04-12.21:38:03'/>
	<frames value='57601'/>
	<gameDuration value='3600'/>

	<player>
		<unitScore value='24375'/>
		<killScore value='38450'/>
		<buildingScore value='3175'/>
		<razingScore value='20175'/>
		<mineralScore value='27906'/>
		<gasScore value='3832'/>
		<totalScore value='117913'/>
	</player>

	<enemy>
		<race value='Protoss'/>
		<unitScore value='20750'/>
		<unitScore value='20750'/>
		<killScore value='43050'/>
		<buildingScore value='7775'/>
		<razingScore value='1800'/>
		<mineralScore value='22898'/>
		<gasScore value='7296'/>
		<totalScore value='103569'/>
	</enemy>

	<scoreRatio value='1.1385'/>
</results>
