<results>
	<result value='draw'/>
	<start value='2015-04-28.21:57:40'/>
	<end value='2015-04-28.21:58:38'/>
	<frames value='57601'/>
	<gameDuration value='3600'/>

	<player>
		<unitScore value='31100'/>
		<killScore value='48700'/>
		<buildingScore value='3350'/>
		<razingScore value='16125'/>
		<mineralScore value='31918'/>
		<gasScore value='6736'/>
		<totalScore value='137929'/>
	</player>

	<enemy>
		<race value='Protoss'/>
		<unitScore value='27300'/>
		<unitScore value='27300'/>
		<killScore value='49000'/>
		<buildingScore value='7100'/>
		<razingScore value='0'/>
		<mineralScore value='30734'/>
		<gasScore value='10240'/>
		<totalScore value='124374'/>
	</enemy>

	<scoreRatio value='1.10899'/>
	<timeFitness value='0.5'/>
	<unitsAverage value='123'/>
</results>
