<results>
	<result value='loss'/>
	<start value='2015-05-09.23:20:17'/>
	<end value='2015-05-09.23:20:28'/>
	<frames value='21051'/>
	<gameDuration value='1315'/>

	<player>
		<unitScore value='5000'/>
		<killScore value='3400'/>
		<buildingScore value='2325'/>
		<razingScore value='0'/>
		<mineralScore value='7746'/>
		<gasScore value='1080'/>
		<totalScore value='19551'/>
	</player>

	<enemy>
		<race value='Protoss'/>
		<unitScore value='5575'/>
		<unitScore value='5575'/>
		<killScore value='10000'/>
		<buildingScore value='4625'/>
		<razingScore value='6975'/>
		<mineralScore value='11034'/>
		<gasScore value='2864'/>
		<totalScore value='41073'/>
	</enemy>

	<scoreRatio value='0.476006'/>
	<timeFitness value='0.182639'/>
	<unitsAverage value='31'/>
</results>
