<results>
	<result value='win'/>
	<start value='2015-05-04.12:14:49'/>
	<end value='2015-05-04.12:15:03'/>
	<frames value='19284'/>
	<gameDuration value='1205'/>

	<player>
		<unitScore value='7675'/>
		<killScore value='13450'/>
		<buildingScore value='2950'/>
		<razingScore value='5250'/>
		<mineralScore value='11458'/>
		<gasScore value='1824'/>
		<totalScore value='42607'/>
	</player>

	<enemy>
		<race value='Terran'/>
		<unitScore value='6725'/>
		<unitScore value='6725'/>
		<killScore value='5700'/>
		<buildingScore value='1750'/>
		<razingScore value='1650'/>
		<mineralScore value='7514'/>
		<gasScore value='2304'/>
		<totalScore value='25643'/>
	</enemy>

	<scoreRatio value='1.66155'/>
	<timeFitness value='0.832639'/>
	<unitsAverage value='51'/>
</results>
