<results>
	<result value='win'/>
	<start value='2015-05-04.12:34:41'/>
	<end value='2015-05-04.12:35:18'/>
	<frames value='28057'/>
	<gameDuration value='1753'/>

	<player>
		<unitScore value='15650'/>
		<killScore value='26150'/>
		<buildingScore value='4375'/>
		<razingScore value='9750'/>
		<mineralScore value='27946'/>
		<gasScore value='2536'/>
		<totalScore value='86407'/>
	</player>

	<enemy>
		<race value='Terran'/>
		<unitScore value='13775'/>
		<unitScore value='13775'/>
		<killScore value='9050'/>
		<buildingScore value='3250'/>
		<razingScore value='675'/>
		<mineralScore value='12034'/>
		<gasScore value='5464'/>
		<totalScore value='44248'/>
	</enemy>

	<scoreRatio value='1.95279'/>
	<timeFitness value='0.756528'/>
	<unitsAverage value='103'/>
</results>
