<results>
	<result value='loss'/>
	<start value='2015-05-07.07:00:46'/>
	<end value='2015-05-07.07:00:52'/>
	<frames value='13580'/>
	<gameDuration value='848'/>

	<player>
		<unitScore value='1475'/>
		<killScore value='200'/>
		<buildingScore value='1000'/>
		<razingScore value='0'/>
		<mineralScore value='2570'/>
		<gasScore value='656'/>
		<totalScore value='5901'/>
	</player>

	<enemy>
		<race value='Protoss'/>
		<unitScore value='3550'/>
		<unitScore value='3550'/>
		<killScore value='2950'/>
		<buildingScore value='2375'/>
		<razingScore value='3000'/>
		<mineralScore value='6890'/>
		<gasScore value='1192'/>
		<totalScore value='19957'/>
	</enemy>

	<scoreRatio value='0.295686'/>
	<timeFitness value='0.117778'/>
	<unitsAverage value='15'/>
</results>
