<results>
	<result value='win'/>
	<start value='2015-05-07.07:02:35'/>
	<end value='2015-05-07.07:03:32'/>
	<frames value='41914'/>
	<gameDuration value='2619'/>

	<player>
		<unitScore value='29250'/>
		<killScore value='43450'/>
		<buildingScore value='4050'/>
		<razingScore value='19575'/>
		<mineralScore value='32622'/>
		<gasScore value='3432'/>
		<totalScore value='132379'/>
	</player>

	<enemy>
		<race value='Protoss'/>
		<unitScore value='22300'/>
		<unitScore value='22300'/>
		<killScore value='34150'/>
		<buildingScore value='6525'/>
		<razingScore value='150'/>
		<mineralScore value='22106'/>
		<gasScore value='8088'/>
		<totalScore value='93319'/>
	</enemy>

	<scoreRatio value='1.41856'/>
	<timeFitness value='0.63625'/>
	<unitsAverage value='115'/>
</results>
