<results>
	<result value='win'/>
	<start value='2015-05-07.07:08:02'/>
	<end value='2015-05-07.07:08:45'/>
	<frames value='31374'/>
	<gameDuration value='1960'/>

	<player>
		<unitScore value='20675'/>
		<killScore value='16400'/>
		<buildingScore value='3600'/>
		<razingScore value='14925'/>
		<mineralScore value='31170'/>
		<gasScore value='3504'/>
		<totalScore value='90274'/>
	</player>

	<enemy>
		<race value='Protoss'/>
		<unitScore value='8200'/>
		<unitScore value='8200'/>
		<killScore value='16100'/>
		<buildingScore value='4975'/>
		<razingScore value='0'/>
		<mineralScore value='20726'/>
		<gasScore value='936'/>
		<totalScore value='50937'/>
	</enemy>

	<scoreRatio value='1.77227'/>
	<timeFitness value='0.727778'/>
	<unitsAverage value='121'/>
</results>
