<results>
	<result value='loss'/>
	<start value='2015-05-07.07:09:03'/>
	<end value='2015-05-07.07:09:11'/>
	<frames value='15719'/>
	<gameDuration value='982'/>

	<player>
		<unitScore value='3525'/>
		<killScore value='800'/>
		<buildingScore value='1600'/>
		<razingScore value='0'/>
		<mineralScore value='4858'/>
		<gasScore value='688'/>
		<totalScore value='11471'/>
	</player>

	<enemy>
		<race value='Protoss'/>
		<unitScore value='3600'/>
		<unitScore value='3600'/>
		<killScore value='6600'/>
		<buildingScore value='3125'/>
		<razingScore value='4800'/>
		<mineralScore value='7962'/>
		<gasScore value='1624'/>
		<totalScore value='27711'/>
	</enemy>

	<scoreRatio value='0.413951'/>
	<timeFitness value='0.136389'/>
	<unitsAverage value='24'/>
</results>
