<results>
	<result value='loss'/>
	<start value='2015-05-09.11:50:48'/>
	<end value='2015-05-09.11:50:58'/>
	<frames value='15874'/>
	<gameDuration value='992'/>

	<player>
		<unitScore value='3100'/>
		<killScore value='750'/>
		<buildingScore value='1350'/>
		<razingScore value='0'/>
		<mineralScore value='4034'/>
		<gasScore value='440'/>
		<totalScore value='9674'/>
	</player>

	<enemy>
		<race value='Terran'/>
		<unitScore value='5250'/>
		<unitScore value='5250'/>
		<killScore value='6200'/>
		<buildingScore value='1800'/>
		<razingScore value='4050'/>
		<mineralScore value='7202'/>
		<gasScore value='2440'/>
		<totalScore value='26942'/>
	</enemy>

	<scoreRatio value='0.359068'/>
	<timeFitness value='0.137778'/>
	<unitsAverage value='20'/>
</results>
