<results>
	<result value='win'/>
	<start value='2015-05-09.11:54:28'/>
	<end value='2015-05-09.11:55:23'/>
	<frames value='41883'/>
	<gameDuration value='2617'/>

	<player>
		<unitScore value='23025'/>
		<killScore value='36150'/>
		<buildingScore value='5200'/>
		<razingScore value='13875'/>
		<mineralScore value='31934'/>
		<gasScore value='2856'/>
		<totalScore value='113040'/>
	</player>

	<enemy>
		<race value='Terran'/>
		<unitScore value='21075'/>
		<unitScore value='21075'/>
		<killScore value='20500'/>
		<buildingScore value='4775'/>
		<razingScore value='3300'/>
		<mineralScore value='18062'/>
		<gasScore value='9368'/>
		<totalScore value='77080'/>
	</enemy>

	<scoreRatio value='1.46653'/>
	<timeFitness value='0.636528'/>
	<unitsAverage value='93'/>
</results>
