<results>
	<result value='win'/>
	<start value='2015-05-09.11:55:25'/>
	<end value='2015-05-09.11:56:16'/>
	<frames value='32986'/>
	<gameDuration value='2061'/>

	<player>
		<unitScore value='19050'/>
		<killScore value='25150'/>
		<buildingScore value='4475'/>
		<razingScore value='7350'/>
		<mineralScore value='29614'/>
		<gasScore value='2888'/>
		<totalScore value='88527'/>
	</player>

	<enemy>
		<race value='Terran'/>
		<unitScore value='12575'/>
		<unitScore value='12575'/>
		<killScore value='12400'/>
		<buildingScore value='2450'/>
		<razingScore value='2025'/>
		<mineralScore value='12050'/>
		<gasScore value='3816'/>
		<totalScore value='45316'/>
	</enemy>

	<scoreRatio value='1.95355'/>
	<timeFitness value='0.71375'/>
	<unitsAverage value='112'/>
</results>
