<results>
	<result value='loss'/>
	<start value='2015-05-11.17:30:03'/>
	<end value='2015-05-11.17:30:12'/>
	<frames value='18478'/>
	<gameDuration value='1154'/>

	<player>
		<unitScore value='2600'/>
		<killScore value='1800'/>
		<buildingScore value='1575'/>
		<razingScore value='0'/>
		<mineralScore value='4298'/>
		<gasScore value='504'/>
		<totalScore value='10777'/>
	</player>

	<enemy>
		<race value='Protoss'/>
		<unitScore value='3850'/>
		<unitScore value='3850'/>
		<killScore value='5300'/>
		<buildingScore value='4425'/>
		<razingScore value='4725'/>
		<mineralScore value='10154'/>
		<gasScore value='1656'/>
		<totalScore value='30110'/>
	</enemy>

	<scoreRatio value='0.357921'/>
	<timeFitness value='0.160278'/>
	<unitsAverage value='18'/>
</results>
