<results>
	<result value='win'/>
	<start value='2015-05-02.16:02:54'/>
	<end value='2015-05-02.16:03:19'/>
	<frames value='31777'/>
	<gameDuration value='1986'/>

	<player>
		<unitScore value='17200'/>
		<killScore value='16400'/>
		<buildingScore value='3825'/>
		<razingScore value='15075'/>
		<mineralScore value='21898'/>
		<gasScore value='2816'/>
		<totalScore value='77214'/>
	</player>

	<enemy>
		<race value='Protoss'/>
		<unitScore value='8200'/>
		<unitScore value='8200'/>
		<killScore value='17000'/>
		<buildingScore value='5025'/>
		<razingScore value='300'/>
		<mineralScore value='14834'/>
		<gasScore value='1648'/>
		<totalScore value='47007'/>
	</enemy>

	<scoreRatio value='1.64261'/>
	<timeFitness value='0.724167'/>
	<unitsAverage value='82'/>
</results>
