<results>
	<result value='draw'/>
	<start value='2015-05-11.17:38:45'/>
	<end value='2015-05-11.17:40:37'/>
	<frames value='57601'/>
	<gameDuration value='3600'/>

	<player>
		<unitScore value='34150'/>
		<killScore value='41950'/>
		<buildingScore value='4550'/>
		<razingScore value='7125'/>
		<mineralScore value='37714'/>
		<gasScore value='8444'/>
		<totalScore value='133933'/>
	</player>

	<enemy>
		<race value='Protoss'/>
		<unitScore value='24575'/>
		<unitScore value='24575'/>
		<killScore value='50400'/>
		<buildingScore value='6350'/>
		<razingScore value='150'/>
		<mineralScore value='25346'/>
		<gasScore value='6420'/>
		<totalScore value='113241'/>
	</enemy>

	<scoreRatio value='1.18273'/>
	<timeFitness value='0.5'/>
	<unitsAverage value='165'/>
</results>
