<results>
	<result value='loss'/>
	<start value='2015-07-11.15:30:17'/>
	<end value='2015-07-11.15:30:29'/>
	<frames value='19904'/>
	<gameDuration value='1244'/>

	<player>
		<unitScore value='5350'/>
		<killScore value='1600'/>
		<buildingScore value='1675'/>
		<razingScore value='0'/>
		<mineralScore value='6130'/>
		<gasScore value='896'/>
		<totalScore value='15651'/>
	</player>

	<enemy>
		<race value='Terran'/>
		<unitScore value='7550'/>
		<killScore value='10700'/>
		<buildingScore value='2900'/>
		<razingScore value='5025'/>
		<mineralScore value='9226'/>
		<gasScore value='3520'/>
		<totalScore value='38921'/>
	</enemy>

	<scoreRatio value='0.402122'/>
	<timeFitness value='0.172778'/>
	<unitsAverage value='27'/>
</results>
