<results>
	<result value='win'/>
	<start value='2014-07-23.02:17:55'/>
	<end value='2014-07-23.02:19:03'/>
	<frames value='51307'/>
	<gameDuration value='3206'/>

	<player>
		<unitScore value='33325'/>
		<killScore value='51100'/>
		<buildingScore value='3175'/>
		<razingScore value='23100'/>
		<mineralScore value='32350'/>
		<gasScore value='6572'/>
		<totalScore value='149622'/>
	</player>

	<enemy>
		<race value='Protoss'/>
		<unitScore value='26775'/>
		<unitScore value='26775'/>
		<killScore value='47150'/>
		<buildingScore value='7700'/>
		<razingScore value='1800'/>
		<mineralScore value='27818'/>
		<gasScore value='8266'/>
		<totalScore value='119509'/>
	</enemy>

	<scoreRatio value='1.25197'/>
</results>
