<results>
	<result value='loss'/>
	<start value='2015-05-09.08:09:52'/>
	<end value='2015-05-09.08:10:02'/>
	<frames value='18912'/>
	<gameDuration value='1182'/>

	<player>
		<unitScore value='5400'/>
		<killScore value='2250'/>
		<buildingScore value='1775'/>
		<razingScore value='0'/>
		<mineralScore value='7458'/>
		<gasScore value='1080'/>
		<totalScore value='17963'/>
	</player>

	<enemy>
		<race value='Terran'/>
		<unitScore value='6800'/>
		<unitScore value='6800'/>
		<killScore value='10800'/>
		<buildingScore value='2900'/>
		<razingScore value='5325'/>
		<mineralScore value='8722'/>
		<gasScore value='3056'/>
		<totalScore value='37603'/>
	</enemy>

	<scoreRatio value='0.477701'/>
	<timeFitness value='0.164167'/>
	<unitsAverage value='35'/>
</results>
