<results>
	<result value='loss'/>
	<start value='2015-04-28.20:15:58'/>
	<end value='2015-04-28.20:16:30'/>
	<frames value='49478'/>
	<gameDuration value='3092'/>

	<player>
		<unitScore value='23350'/>
		<killScore value='36200'/>
		<buildingScore value='2275'/>
		<razingScore value='4500'/>
		<mineralScore value='24010'/>
		<gasScore value='3384'/>
		<totalScore value='93719'/>
	</player>

	<enemy>
		<race value='Protoss'/>
		<unitScore value='35650'/>
		<unitScore value='35650'/>
		<killScore value='45700'/>
		<buildingScore value='8925'/>
		<razingScore value='6825'/>
		<mineralScore value='33470'/>
		<gasScore value='10902'/>
		<totalScore value='141472'/>
	</enemy>

	<scoreRatio value='0.662456'/>
	<timeFitness value='0.429444'/>
	<unitsAverage value='71'/>
</results>
