<results>
	<result value='loss'/>
	<start value='2015-04-29.08:38:47'/>
	<end value='2015-04-29.08:39:03'/>
	<frames value='36024'/>
	<gameDuration value='2251'/>

	<player>
		<unitScore value='9700'/>
		<killScore value='8900'/>
		<buildingScore value='2200'/>
		<razingScore value='0'/>
		<mineralScore value='11586'/>
		<gasScore value='2864'/>
		<totalScore value='35250'/>
	</player>

	<enemy>
		<race value='Protoss'/>
		<unitScore value='21575'/>
		<unitScore value='21575'/>
		<killScore value='19150'/>
		<buildingScore value='6925'/>
		<razingScore value='6600'/>
		<mineralScore value='23410'/>
		<gasScore value='9152'/>
		<totalScore value='86812'/>
	</enemy>

	<scoreRatio value='0.40605'/>
	<timeFitness value='0.312639'/>
	<unitsAverage value='32'/>
</results>
