<results>
	<result value='loss'/>
	<start value='2015-04-29.08:48:52'/>
	<end value='2015-04-29.08:49:20'/>
	<frames value='41542'/>
	<gameDuration value='2596'/>

	<player>
		<unitScore value='19750'/>
		<killScore value='27600'/>
		<buildingScore value='3225'/>
		<razingScore value='750'/>
		<mineralScore value='23046'/>
		<gasScore value='4176'/>
		<totalScore value='78547'/>
	</player>

	<enemy>
		<race value='Protoss'/>
		<unitScore value='32175'/>
		<unitScore value='32175'/>
		<killScore value='39500'/>
		<buildingScore value='7025'/>
		<razingScore value='9675'/>
		<mineralScore value='28446'/>
		<gasScore value='10150'/>
		<totalScore value='126971'/>
	</enemy>

	<scoreRatio value='0.618622'/>
	<timeFitness value='0.360556'/>
	<unitsAverage value='71'/>
</results>
