<results>
	<result value='win'/>
	<start value='2015-04-29.19:28:18'/>
	<end value='2015-04-29.19:29:00'/>
	<frames value='31033'/>
	<gameDuration value='1939'/>

	<player>
		<unitScore value='20250'/>
		<killScore value='28450'/>
		<buildingScore value='4375'/>
		<razingScore value='10650'/>
		<mineralScore value='28394'/>
		<gasScore value='2424'/>
		<totalScore value='94543'/>
	</player>

	<enemy>
		<race value='Terran'/>
		<unitScore value='14225'/>
		<unitScore value='14225'/>
		<killScore value='16950'/>
		<buildingScore value='3700'/>
		<razingScore value='600'/>
		<mineralScore value='12042'/>
		<gasScore value='5422'/>
		<totalScore value='52939'/>
	</enemy>

	<scoreRatio value='1.78589'/>
	<timeFitness value='0.730694'/>
	<unitsAverage value='98'/>
</results>
