<results>
	<result value='win'/>
	<start value='2015-04-29.19:37:37'/>
	<end value='2015-04-29.19:38:22'/>
	<frames value='33327'/>
	<gameDuration value='2082'/>

	<player>
		<unitScore value='21175'/>
		<killScore value='28300'/>
		<buildingScore value='5250'/>
		<razingScore value='9450'/>
		<mineralScore value='29578'/>
		<gasScore value='2248'/>
		<totalScore value='96001'/>
	</player>

	<enemy>
		<race value='Terran'/>
		<unitScore value='14150'/>
		<unitScore value='14150'/>
		<killScore value='16350'/>
		<buildingScore value='3325'/>
		<razingScore value='3300'/>
		<mineralScore value='12618'/>
		<gasScore value='5032'/>
		<totalScore value='54775'/>
	</enemy>

	<scoreRatio value='1.75264'/>
	<timeFitness value='0.710833'/>
	<unitsAverage value='99'/>
</results>
