<results>
	<result value='win'/>
	<start value='2015-05-05.16:02:09'/>
	<end value='2015-05-05.16:02:35'/>
	<frames value='25546'/>
	<gameDuration value='1596'/>

	<player>
		<unitScore value='14600'/>
		<killScore value='18400'/>
		<buildingScore value='3150'/>
		<razingScore value='8700'/>
		<mineralScore value='18226'/>
		<gasScore value='1360'/>
		<totalScore value='64436'/>
	</player>

	<enemy>
		<race value='Terran'/>
		<unitScore value='9200'/>
		<unitScore value='9200'/>
		<killScore value='11750'/>
		<buildingScore value='2900'/>
		<razingScore value='225'/>
		<mineralScore value='10834'/>
		<gasScore value='3480'/>
		<totalScore value='38389'/>
	</enemy>

	<scoreRatio value='1.6785'/>
	<timeFitness value='0.778333'/>
	<unitsAverage value='72'/>
</results>
