<results>
	<result value='loss'/>
	<start value='2015-05-05.16:24:55'/>
	<end value='2015-05-05.16:25:06'/>
	<frames value='17982'/>
	<gameDuration value='1123'/>

	<player>
		<unitScore value='4150'/>
		<killScore value='1300'/>
		<buildingScore value='1300'/>
		<razingScore value='0'/>
		<mineralScore value='6050'/>
		<gasScore value='784'/>
		<totalScore value='13584'/>
	</player>

	<enemy>
		<race value='Terran'/>
		<unitScore value='6700'/>
		<unitScore value='6700'/>
		<killScore value='8300'/>
		<buildingScore value='2700'/>
		<razingScore value='3900'/>
		<mineralScore value='8274'/>
		<gasScore value='2656'/>
		<totalScore value='32530'/>
	</enemy>

	<scoreRatio value='0.417584'/>
	<timeFitness value='0.155972'/>
	<unitsAverage value='27'/>
</results>
