<results>
	<result value='loss'/>
	<start value='2015-05-05.16:27:02'/>
	<end value='2015-05-05.16:27:14'/>
	<frames value='19718'/>
	<gameDuration value='1232'/>

	<player>
		<unitScore value='6950'/>
		<killScore value='3250'/>
		<buildingScore value='1050'/>
		<razingScore value='0'/>
		<mineralScore value='8018'/>
		<gasScore value='0'/>
		<totalScore value='19268'/>
	</player>

	<enemy>
		<race value='Terran'/>
		<unitScore value='5700'/>
		<unitScore value='5700'/>
		<killScore value='13900'/>
		<buildingScore value='2575'/>
		<razingScore value='3150'/>
		<mineralScore value='7610'/>
		<gasScore value='2272'/>
		<totalScore value='35207'/>
	</enemy>

	<scoreRatio value='0.547278'/>
	<timeFitness value='0.171111'/>
	<unitsAverage value='32'/>
</results>
