<results>
	<result value='win'/>
	<start value='2015-05-05.16:26:19'/>
	<end value='2015-05-05.16:26:37'/>
	<frames value='24213'/>
	<gameDuration value='1513'/>

	<player>
		<unitScore value='10850'/>
		<killScore value='15450'/>
		<buildingScore value='1550'/>
		<razingScore value='5400'/>
		<mineralScore value='12870'/>
		<gasScore value='0'/>
		<totalScore value='46120'/>
	</player>

	<enemy>
		<race value='Terran'/>
		<unitScore value='7725'/>
		<unitScore value='7725'/>
		<killScore value='16300'/>
		<buildingScore value='1800'/>
		<razingScore value='675'/>
		<mineralScore value='9282'/>
		<gasScore value='2616'/>
		<totalScore value='38398'/>
	</enemy>

	<scoreRatio value='1.2011'/>
	<timeFitness value='0.789861'/>
	<unitsAverage value='51'/>
</results>
