<results>
	<result value='win'/>
	<start value='2015-05-05.16:30:58'/>
	<end value='2015-05-05.16:31:09'/>
	<frames value='17176'/>
	<gameDuration value='1073'/>

	<player>
		<unitScore value='4900'/>
		<killScore value='7100'/>
		<buildingScore value='2050'/>
		<razingScore value='3750'/>
		<mineralScore value='7106'/>
		<gasScore value='944'/>
		<totalScore value='25850'/>
	</player>

	<enemy>
		<race value='Terran'/>
		<unitScore value='3550'/>
		<unitScore value='3550'/>
		<killScore value='3700'/>
		<buildingScore value='1250'/>
		<razingScore value='825'/>
		<mineralScore value='6402'/>
		<gasScore value='1440'/>
		<totalScore value='17167'/>
	</enemy>

	<scoreRatio value='1.5058'/>
	<timeFitness value='0.850972'/>
	<unitsAverage value='38'/>
</results>
