<results>
	<result value='loss'/>
	<start value='2015-04-15.00:42:05'/>
	<end value='2015-04-15.00:42:20'/>
	<frames value='15316'/>
	<gameDuration value='957'/>

	<player>
		<unitScore value='3500'/>
		<killScore value='600'/>
		<buildingScore value='1800'/>
		<razingScore value='0'/>
		<mineralScore value='5202'/>
		<gasScore value='616'/>
		<totalScore value='11718'/>
	</player>

	<enemy>
		<race value='Protoss'/>
		<unitScore value='3550'/>
		<unitScore value='3550'/>
		<killScore value='6250'/>
		<buildingScore value='2725'/>
		<razingScore value='5400'/>
		<mineralScore value='7850'/>
		<gasScore value='1384'/>
		<totalScore value='27159'/>
	</enemy>

	<scoreRatio value='0.431459'/>
</results>
