<results>
	<result value='loss'/>
	<start value='2015-05-09.20:39:29'/>
	<end value='2015-05-09.20:39:37'/>
	<frames value='16525'/>
	<gameDuration value='1032'/>

	<player>
		<unitScore value='3275'/>
		<killScore value='800'/>
		<buildingScore value='1925'/>
		<razingScore value='0'/>
		<mineralScore value='5218'/>
		<gasScore value='704'/>
		<totalScore value='11922'/>
	</player>

	<enemy>
		<race value='Protoss'/>
		<unitScore value='3650'/>
		<unitScore value='3650'/>
		<killScore value='6550'/>
		<buildingScore value='3875'/>
		<razingScore value='5775'/>
		<mineralScore value='8650'/>
		<gasScore value='1616'/>
		<totalScore value='30116'/>
	</enemy>

	<scoreRatio value='0.395869'/>
	<timeFitness value='0.143333'/>
	<unitsAverage value='23'/>
</results>
