<results>
	<result value='win'/>
	<start value='2015-05-03.15:17:52'/>
	<end value='2015-05-03.15:18:14'/>
	<frames value='29328'/>
	<gameDuration value='1833'/>

	<player>
		<unitScore value='16800'/>
		<killScore value='16400'/>
		<buildingScore value='3775'/>
		<razingScore value='14250'/>
		<mineralScore value='22110'/>
		<gasScore value='3288'/>
		<totalScore value='76623'/>
	</player>

	<enemy>
		<race value='Protoss'/>
		<unitScore value='8200'/>
		<unitScore value='8200'/>
		<killScore value='15150'/>
		<buildingScore value='4750'/>
		<razingScore value='150'/>
		<mineralScore value='14330'/>
		<gasScore value='3248'/>
		<totalScore value='45828'/>
	</enemy>

	<scoreRatio value='1.67197'/>
	<timeFitness value='0.745417'/>
	<unitsAverage value='85'/>
</results>
