<results>
	<result value='loss'/>
	<start value='2015-07-18.01:37:07'/>
	<end value='2015-07-18.01:37:18'/>
	<frames value='17207'/>
	<gameDuration value='1075'/>

	<player>
		<unitScore value='4500'/>
		<killScore value='500'/>
		<buildingScore value='1625'/>
		<razingScore value='0'/>
		<mineralScore value='5754'/>
		<gasScore value='968'/>
		<totalScore value='13347'/>
	</player>

	<enemy>
		<race value='Terran'/>
		<unitScore value='6050'/>
		<killScore value='9000'/>
		<buildingScore value='2625'/>
		<razingScore value='4875'/>
		<mineralScore value='7962'/>
		<gasScore value='2408'/>
		<totalScore value='32920'/>
	</enemy>

	<scoreRatio value='0.405437'/>
	<timeFitness value='0.149306'/>
	<unitsAverage value='27'/>
</results>
