<results>
	<result value='loss'/>
	<start value='2015-07-18.01:40:04'/>
	<end value='2015-07-18.01:40:22'/>
	<frames value='22446'/>
	<gameDuration value='1402'/>

	<player>
		<unitScore value='9450'/>
		<killScore value='8700'/>
		<buildingScore value='2600'/>
		<razingScore value='1575'/>
		<mineralScore value='10902'/>
		<gasScore value='1488'/>
		<totalScore value='34715'/>
	</player>

	<enemy>
		<race value='Terran'/>
		<unitScore value='7900'/>
		<killScore value='15050'/>
		<buildingScore value='1800'/>
		<razingScore value='7800'/>
		<mineralScore value='9234'/>
		<gasScore value='2864'/>
		<totalScore value='44648'/>
	</enemy>

	<scoreRatio value='0.777526'/>
	<timeFitness value='0.194722'/>
	<unitsAverage value='48'/>
</results>
