<results>
	<result value='loss'/>
	<start value='2015-07-18.01:42:03'/>
	<end value='2015-07-18.01:42:17'/>
	<frames value='20338'/>
	<gameDuration value='1271'/>

	<player>
		<unitScore value='5625'/>
		<killScore value='3650'/>
		<buildingScore value='1775'/>
		<razingScore value='0'/>
		<mineralScore value='7866'/>
		<gasScore value='872'/>
		<totalScore value='19788'/>
	</player>

	<enemy>
		<race value='Terran'/>
		<unitScore value='7800'/>
		<killScore value='10750'/>
		<buildingScore value='2925'/>
		<razingScore value='5325'/>
		<mineralScore value='9594'/>
		<gasScore value='3576'/>
		<totalScore value='39970'/>
	</enemy>

	<scoreRatio value='0.495071'/>
	<timeFitness value='0.176528'/>
	<unitsAverage value='32'/>
</results>
