<results>
	<result value='win'/>
	<start value='2015-04-15.05:59:43'/>
	<end value='2015-04-15.06:00:46'/>
	<frames value='34753'/>
	<gameDuration value='2172'/>

	<player>
		<unitScore value='21475'/>
		<killScore value='29000'/>
		<buildingScore value='3975'/>
		<razingScore value='21225'/>
		<mineralScore value='26114'/>
		<gasScore value='3736'/>
		<totalScore value='105525'/>
	</player>

	<enemy>
		<race value='Protoss'/>
		<unitScore value='15175'/>
		<unitScore value='15175'/>
		<killScore value='22550'/>
		<buildingScore value='7075'/>
		<razingScore value='450'/>
		<mineralScore value='18938'/>
		<gasScore value='5640'/>
		<totalScore value='69828'/>
	</enemy>

	<scoreRatio value='1.51121'/>
</results>
