<results>
	<result value='win'/>
	<start value='2015-04-15.06:18:28'/>
	<end value='2015-04-15.06:19:49'/>
	<frames value='37853'/>
	<gameDuration value='2365'/>

	<player>
		<unitScore value='24825'/>
		<killScore value='29200'/>
		<buildingScore value='4125'/>
		<razingScore value='21750'/>
		<mineralScore value='30282'/>
		<gasScore value='4048'/>
		<totalScore value='114230'/>
	</player>

	<enemy>
		<race value='Protoss'/>
		<unitScore value='14950'/>
		<unitScore value='14950'/>
		<killScore value='26050'/>
		<buildingScore value='7250'/>
		<razingScore value='0'/>
		<mineralScore value='19602'/>
		<gasScore value='4296'/>
		<totalScore value='72148'/>
	</enemy>

	<scoreRatio value='1.58327'/>
</results>
