<results>
	<result value='win'/>
	<start value='2015-04-15.06:19:52'/>
	<end value='2015-04-15.06:20:44'/>
	<frames value='30475'/>
	<gameDuration value='1904'/>

	<player>
		<unitScore value='17625'/>
		<killScore value='12500'/>
		<buildingScore value='3875'/>
		<razingScore value='17250'/>
		<mineralScore value='22834'/>
		<gasScore value='3352'/>
		<totalScore value='77436'/>
	</player>

	<enemy>
		<race value='Protoss'/>
		<unitScore value='6250'/>
		<unitScore value='6250'/>
		<killScore value='13450'/>
		<buildingScore value='5750'/>
		<razingScore value='300'/>
		<mineralScore value='14866'/>
		<gasScore value='2744'/>
		<totalScore value='43360'/>
	</enemy>

	<scoreRatio value='1.78589'/>
</results>
