<results>
	<result value='loss'/>
	<start value='2015-04-15.06:20:47'/>
	<end value='2015-04-15.06:21:37'/>
	<frames value='42286'/>
	<gameDuration value='2642'/>

	<player>
		<unitScore value='17275'/>
		<killScore value='24500'/>
		<buildingScore value='3025'/>
		<razingScore value='300'/>
		<mineralScore value='18610'/>
		<gasScore value='3056'/>
		<totalScore value='66766'/>
	</player>

	<enemy>
		<race value='Protoss'/>
		<unitScore value='30700'/>
		<unitScore value='30700'/>
		<killScore value='34300'/>
		<buildingScore value='7175'/>
		<razingScore value='9075'/>
		<mineralScore value='28686'/>
		<gasScore value='11172'/>
		<totalScore value='121108'/>
	</enemy>

	<scoreRatio value='0.551293'/>
</results>
