<results>
	<result value='win'/>
	<start value='2015-04-26.14:38:15'/>
	<end value='2015-04-26.14:38:43'/>
	<frames value='30413'/>
	<gameDuration value='1900'/>

	<player>
		<unitScore value='15100'/>
		<killScore value='24000'/>
		<buildingScore value='4175'/>
		<razingScore value='9150'/>
		<mineralScore value='21690'/>
		<gasScore value='3168'/>
		<totalScore value='77283'/>
	</player>

	<enemy>
		<race value='Terran'/>
		<unitScore value='13550'/>
		<unitScore value='13550'/>
		<killScore value='13650'/>
		<buildingScore value='3125'/>
		<razingScore value='3525'/>
		<mineralScore value='13806'/>
		<gasScore value='5640'/>
		<totalScore value='53296'/>
	</enemy>

	<scoreRatio value='1.45007'/>
</results>
