<results>
	<result value='win'/>
	<start value='2015-05-09.08:28:35'/>
	<end value='2015-05-09.08:28:53'/>
	<frames value='25453'/>
	<gameDuration value='1590'/>

	<player>
		<unitScore value='13175'/>
		<killScore value='19900'/>
		<buildingScore value='3650'/>
		<razingScore value='7575'/>
		<mineralScore value='19962'/>
		<gasScore value='3072'/>
		<totalScore value='67334'/>
	</player>

	<enemy>
		<race value='Terran'/>
		<unitScore value='11050'/>
		<unitScore value='11050'/>
		<killScore value='8750'/>
		<buildingScore value='2525'/>
		<razingScore value='750'/>
		<mineralScore value='10606'/>
		<gasScore value='3360'/>
		<totalScore value='37041'/>
	</enemy>

	<scoreRatio value='1.81782'/>
	<timeFitness value='0.779167'/>
	<unitsAverage value='75'/>
</results>
