<results>
	<result value='loss'/>
	<start value='2015-05-09.08:30:17'/>
	<end value='2015-05-09.08:30:30'/>
	<frames value='27840'/>
	<gameDuration value='1740'/>

	<player>
		<unitScore value='7250'/>
		<killScore value='10100'/>
		<buildingScore value='2875'/>
		<razingScore value='3975'/>
		<mineralScore value='10550'/>
		<gasScore value='1736'/>
		<totalScore value='36486'/>
	</player>

	<enemy>
		<race value='Terran'/>
		<unitScore value='8050'/>
		<unitScore value='8050'/>
		<killScore value='14500'/>
		<buildingScore value='2450'/>
		<razingScore value='8625'/>
		<mineralScore value='10538'/>
		<gasScore value='3416'/>
		<totalScore value='47579'/>
	</enemy>

	<scoreRatio value='0.766851'/>
	<timeFitness value='0.241667'/>
	<unitsAverage value='35'/>
</results>
