<results>
	<result value='draw'/>
	<start value='2015-07-18.21:40:10'/>
	<end value='2015-07-18.21:41:50'/>
	<frames value='57601'/>
	<gameDuration value='3600'/>

	<player>
		<unitScore value='47525'/>
		<killScore value='28300'/>
		<buildingScore value='4925'/>
		<razingScore value='3900'/>
		<mineralScore value='43450'/>
		<gasScore value='8140'/>
		<totalScore value='136240'/>
	</player>

	<enemy>
		<race value='Protoss'/>
		<unitScore value='20450'/>
		<killScore value='72550'/>
		<buildingScore value='6075'/>
		<razingScore value='3750'/>
		<mineralScore value='19502'/>
		<gasScore value='11474'/>
		<totalScore value='133801'/>
	</enemy>

	<scoreRatio value='1.01823'/>
	<timeFitness value='0.5'/>
	<unitsAverage value='120'/>
</results>
