<results>
	<result value='loss'/>
	<start value='2015-04-25.02:09:52'/>
	<end value='2015-04-25.02:10:02'/>
	<frames value='19160'/>
	<gameDuration value='1197'/>

	<player>
		<unitScore value='3800'/>
		<killScore value='2400'/>
		<buildingScore value='1525'/>
		<razingScore value='0'/>
		<mineralScore value='5234'/>
		<gasScore value='424'/>
		<totalScore value='13383'/>
	</player>

	<enemy>
		<race value='Terran'/>
		<unitScore value='7400'/>
		<unitScore value='7400'/>
		<killScore value='7600'/>
		<buildingScore value='2850'/>
		<razingScore value='4575'/>
		<mineralScore value='8954'/>
		<gasScore value='3264'/>
		<totalScore value='34643'/>
	</enemy>

	<scoreRatio value='0.386312'/>
</results>
