<results>
	<result value='loss'/>
	<start value='2015-04-25.02:12:38'/>
	<end value='2015-04-25.02:12:49'/>
	<frames value='21578'/>
	<gameDuration value='1348'/>

	<player>
		<unitScore value='6025'/>
		<killScore value='5800'/>
		<buildingScore value='1550'/>
		<razingScore value='0'/>
		<mineralScore value='7594'/>
		<gasScore value='1032'/>
		<totalScore value='22001'/>
	</player>

	<enemy>
		<race value='Terran'/>
		<unitScore value='8775'/>
		<unitScore value='8775'/>
		<killScore value='12050'/>
		<buildingScore value='3300'/>
		<razingScore value='4650'/>
		<mineralScore value='10426'/>
		<gasScore value='4168'/>
		<totalScore value='43369'/>
	</enemy>

	<scoreRatio value='0.507298'/>
</results>
