<results>
	<result value='win'/>
	<start value='2015-04-25.02:15:18'/>
	<end value='2015-04-25.02:15:56'/>
	<frames value='40054'/>
	<gameDuration value='2503'/>

	<player>
		<unitScore value='24250'/>
		<killScore value='33900'/>
		<buildingScore value='3725'/>
		<razingScore value='9525'/>
		<mineralScore value='29842'/>
		<gasScore value='3744'/>
		<totalScore value='104986'/>
	</player>

	<enemy>
		<race value='Terran'/>
		<unitScore value='17350'/>
		<unitScore value='17350'/>
		<killScore value='30750'/>
		<buildingScore value='3175'/>
		<razingScore value='150'/>
		<mineralScore value='13794'/>
		<gasScore value='6472'/>
		<totalScore value='71691'/>
	</enemy>

	<scoreRatio value='1.46442'/>
</results>
