<results>
	<result value='draw'/>
	<start value='2015-04-29.18:47:18'/>
	<end value='2015-04-29.18:49:32'/>
	<frames value='57601'/>
	<gameDuration value='3600'/>

	<player>
		<unitScore value='27675'/>
		<killScore value='34850'/>
		<buildingScore value='4025'/>
		<razingScore value='15375'/>
		<mineralScore value='40270'/>
		<gasScore value='7880'/>
		<totalScore value='130075'/>
	</player>

	<enemy>
		<race value='Protoss'/>
		<unitScore value='18275'/>
		<unitScore value='18275'/>
		<killScore value='30850'/>
		<buildingScore value='5475'/>
		<razingScore value='375'/>
		<mineralScore value='22450'/>
		<gasScore value='8400'/>
		<totalScore value='85825'/>
	</enemy>

	<scoreRatio value='1.51558'/>
</results>
