<results>
	<result value='win'/>
	<start value='2015-04-29.18:49:47'/>
	<end value='2015-04-29.18:50:16'/>
	<frames value='25918'/>
	<gameDuration value='1619'/>

	<player>
		<unitScore value='13150'/>
		<killScore value='12700'/>
		<buildingScore value='3775'/>
		<razingScore value='13875'/>
		<mineralScore value='21570'/>
		<gasScore value='2440'/>
		<totalScore value='67510'/>
	</player>

	<enemy>
		<race value='Protoss'/>
		<unitScore value='6350'/>
		<unitScore value='6350'/>
		<killScore value='8250'/>
		<buildingScore value='4625'/>
		<razingScore value='150'/>
		<mineralScore value='12242'/>
		<gasScore value='2560'/>
		<totalScore value='34177'/>
	</enemy>

	<scoreRatio value='1.97531'/>
</results>
