<results>
	<result value='win'/>
	<start value='2015-04-12.14:58:22'/>
	<end value='2015-04-12.14:58:41'/>
	<frames value='27654'/>
	<gameDuration value='1728'/>

	<player>
		<unitScore value='14275'/>
		<killScore value='16750'/>
		<buildingScore value='4275'/>
		<razingScore value='16350'/>
		<mineralScore value='21106'/>
		<gasScore value='1888'/>
		<totalScore value='74644'/>
	</player>

	<enemy>
		<race value='Protoss'/>
		<unitScore value='8375'/>
		<unitScore value='8375'/>
		<killScore value='11500'/>
		<buildingScore value='5450'/>
		<razingScore value='150'/>
		<mineralScore value='12830'/>
		<gasScore value='2832'/>
		<totalScore value='41137'/>
	</enemy>

	<scoreRatio value='1.81452'/>
</results>
