<results>
	<result value='loss'/>
	<start value='2015-05-10.18:25:36'/>
	<end value='2015-05-10.18:25:50'/>
	<frames value='24461'/>
	<gameDuration value='1528'/>

	<player>
		<unitScore value='4625'/>
		<killScore value='2600'/>
		<buildingScore value='1825'/>
		<razingScore value='0'/>
		<mineralScore value='7002'/>
		<gasScore value='968'/>
		<totalScore value='17020'/>
	</player>

	<enemy>
		<race value='Protoss'/>
		<unitScore value='10075'/>
		<unitScore value='10075'/>
		<killScore value='8600'/>
		<buildingScore value='5075'/>
		<razingScore value='5475'/>
		<mineralScore value='15482'/>
		<gasScore value='4056'/>
		<totalScore value='48763'/>
	</enemy>

	<scoreRatio value='0.349035'/>
	<timeFitness value='0.212222'/>
	<unitsAverage value='28'/>
</results>
