<results>
	<result value='loss'/>
	<start value='2015-05-04.07:49:12'/>
	<end value='2015-05-04.07:49:19'/>
	<frames value='17796'/>
	<gameDuration value='1112'/>

	<player>
		<unitScore value='3350'/>
		<killScore value='1200'/>
		<buildingScore value='1975'/>
		<razingScore value='0'/>
		<mineralScore value='5610'/>
		<gasScore value='832'/>
		<totalScore value='12967'/>
	</player>

	<enemy>
		<race value='Protoss'/>
		<unitScore value='3850'/>
		<unitScore value='3850'/>
		<killScore value='6800'/>
		<buildingScore value='4225'/>
		<razingScore value='5925'/>
		<mineralScore value='9562'/>
		<gasScore value='2016'/>
		<totalScore value='32378'/>
	</enemy>

	<scoreRatio value='0.400488'/>
	<timeFitness value='0.154444'/>
	<unitsAverage value='23'/>
</results>
