<results>
	<result value='draw'/>
	<start value='2015-05-10.18:39:06'/>
	<end value='2015-05-10.18:40:34'/>
	<frames value='57601'/>
	<gameDuration value='3600'/>

	<player>
		<unitScore value='36275'/>
		<killScore value='32750'/>
		<buildingScore value='5275'/>
		<razingScore value='8250'/>
		<mineralScore value='39318'/>
		<gasScore value='5008'/>
		<totalScore value='126876'/>
	</player>

	<enemy>
		<race value='Protoss'/>
		<unitScore value='19250'/>
		<unitScore value='19250'/>
		<killScore value='49550'/>
		<buildingScore value='6725'/>
		<razingScore value='4950'/>
		<mineralScore value='20986'/>
		<gasScore value='8388'/>
		<totalScore value='109849'/>
	</enemy>

	<scoreRatio value='1.155'/>
	<timeFitness value='0.5'/>
	<unitsAverage value='132'/>
</results>
