<results>
	<result value='loss'/>
	<start value='2015-05-09.06:49:53'/>
	<end value='2015-05-09.06:50:05'/>
	<frames value='20865'/>
	<gameDuration value='1304'/>

	<player>
		<unitScore value='5575'/>
		<killScore value='4400'/>
		<buildingScore value='2100'/>
		<razingScore value='0'/>
		<mineralScore value='7298'/>
		<gasScore value='1192'/>
		<totalScore value='20565'/>
	</player>

	<enemy>
		<race value='Terran'/>
		<unitScore value='8200'/>
		<unitScore value='8200'/>
		<killScore value='11150'/>
		<buildingScore value='3125'/>
		<razingScore value='6300'/>
		<mineralScore value='9850'/>
		<gasScore value='4048'/>
		<totalScore value='42673'/>
	</enemy>

	<scoreRatio value='0.481921'/>
	<timeFitness value='0.181111'/>
	<unitsAverage value='33'/>
</results>
