<results>
	<result value='win'/>
	<start value='2015-05-09.06:53:37'/>
	<end value='2015-05-09.06:53:59'/>
	<frames value='28925'/>
	<gameDuration value='1807'/>

	<player>
		<unitScore value='11900'/>
		<killScore value='21350'/>
		<buildingScore value='3250'/>
		<razingScore value='9150'/>
		<mineralScore value='15674'/>
		<gasScore value='3248'/>
		<totalScore value='64572'/>
	</player>

	<enemy>
		<race value='Terran'/>
		<unitScore value='10675'/>
		<unitScore value='10675'/>
		<killScore value='12150'/>
		<buildingScore value='3050'/>
		<razingScore value='3375'/>
		<mineralScore value='10282'/>
		<gasScore value='3736'/>
		<totalScore value='43268'/>
	</enemy>

	<scoreRatio value='1.49237'/>
	<timeFitness value='0.749028'/>
	<unitsAverage value='63'/>
</results>
