<results>
	<result value='win'/>
	<start value='2015-05-04.07:20:53'/>
	<end value='2015-05-04.07:21:27'/>
	<frames value='37109'/>
	<gameDuration value='2319'/>

	<player>
		<unitScore value='18050'/>
		<killScore value='24000'/>
		<buildingScore value='3900'/>
		<razingScore value='11175'/>
		<mineralScore value='24914'/>
		<gasScore value='3008'/>
		<totalScore value='85047'/>
	</player>

	<enemy>
		<race value='Terran'/>
		<unitScore value='12000'/>
		<unitScore value='12000'/>
		<killScore value='14500'/>
		<buildingScore value='3725'/>
		<razingScore value='2925'/>
		<mineralScore value='12042'/>
		<gasScore value='5060'/>
		<totalScore value='50252'/>
	</enemy>

	<scoreRatio value='1.69241'/>
	<timeFitness value='0.677917'/>
	<unitsAverage value='80'/>
</results>
