<results>
	<result value='loss'/>
	<start value='2015-05-01.11:09:37'/>
	<end value='2015-05-01.11:10:06'/>
	<frames value='39868'/>
	<gameDuration value='2491'/>

	<player>
		<unitScore value='10475'/>
		<killScore value='14050'/>
		<buildingScore value='2300'/>
		<razingScore value='3600'/>
		<mineralScore value='12186'/>
		<gasScore value='2864'/>
		<totalScore value='45475'/>
	</player>

	<enemy>
		<race value='Protoss'/>
		<unitScore value='22025'/>
		<unitScore value='22025'/>
		<killScore value='20950'/>
		<buildingScore value='8725'/>
		<razingScore value='6900'/>
		<mineralScore value='26426'/>
		<gasScore value='8480'/>
		<totalScore value='93506'/>
	</enemy>

	<scoreRatio value='0.486332'/>
</results>
