<results>
	<result value='loss'/>
	<start value='2015-05-01.11:13:24'/>
	<end value='2015-05-01.11:13:33'/>
	<frames value='15688'/>
	<gameDuration value='980'/>

	<player>
		<unitScore value='3150'/>
		<killScore value='1300'/>
		<buildingScore value='1475'/>
		<razingScore value='0'/>
		<mineralScore value='4762'/>
		<gasScore value='800'/>
		<totalScore value='11487'/>
	</player>

	<enemy>
		<race value='Protoss'/>
		<unitScore value='3950'/>
		<unitScore value='3950'/>
		<killScore value='6300'/>
		<buildingScore value='2975'/>
		<razingScore value='4425'/>
		<mineralScore value='8130'/>
		<gasScore value='1488'/>
		<totalScore value='27268'/>
	</enemy>

	<scoreRatio value='0.421263'/>
</results>
