<results>
	<result value='loss'/>
	<start value='2015-05-01.11:14:06'/>
	<end value='2015-05-01.11:14:15'/>
	<frames value='16401'/>
	<gameDuration value='1025'/>

	<player>
		<unitScore value='2625'/>
		<killScore value='1200'/>
		<buildingScore value='1525'/>
		<razingScore value='0'/>
		<mineralScore value='4378'/>
		<gasScore value='864'/>
		<totalScore value='10592'/>
	</player>

	<enemy>
		<race value='Protoss'/>
		<unitScore value='3600'/>
		<unitScore value='3600'/>
		<killScore value='5000'/>
		<buildingScore value='3975'/>
		<razingScore value='4575'/>
		<mineralScore value='8714'/>
		<gasScore value='1720'/>
		<totalScore value='27584'/>
	</enemy>

	<scoreRatio value='0.383991'/>
</results>
