<results>
	<result value='win'/>
	<start value='2015-05-03.13:41:44'/>
	<end value='2015-05-03.13:42:12'/>
	<frames value='37016'/>
	<gameDuration value='2313'/>

	<player>
		<unitScore value='16050'/>
		<killScore value='14600'/>
		<buildingScore value='2800'/>
		<razingScore value='17475'/>
		<mineralScore value='18026'/>
		<gasScore value='3480'/>
		<totalScore value='72431'/>
	</player>

	<enemy>
		<race value='Protoss'/>
		<unitScore value='7500'/>
		<unitScore value='7500'/>
		<killScore value='15100'/>
		<buildingScore value='5825'/>
		<razingScore value='150'/>
		<mineralScore value='17718'/>
		<gasScore value='4368'/>
		<totalScore value='50661'/>
	</enemy>

	<scoreRatio value='1.42972'/>
	<timeFitness value='0.67875'/>
	<unitsAverage value='69'/>
</results>
