<results>
	<result value='loss'/>
	<start value='2015-05-03.13:49:35'/>
	<end value='2015-05-03.13:49:54'/>
	<frames value='36055'/>
	<gameDuration value='2253'/>

	<player>
		<unitScore value='10525'/>
		<killScore value='9500'/>
		<buildingScore value='1800'/>
		<razingScore value='0'/>
		<mineralScore value='12002'/>
		<gasScore value='3336'/>
		<totalScore value='37163'/>
	</player>

	<enemy>
		<race value='Protoss'/>
		<unitScore value='20450'/>
		<unitScore value='20450'/>
		<killScore value='21050'/>
		<buildingScore value='6925'/>
		<razingScore value='5400'/>
		<mineralScore value='24170'/>
		<gasScore value='8816'/>
		<totalScore value='86811'/>
	</enemy>

	<scoreRatio value='0.428091'/>
	<timeFitness value='0.312917'/>
	<unitsAverage value='42'/>
</results>
