<results>
	<result value='loss'/>
	<start value='2015-05-09.19:14:48'/>
	<end value='2015-05-09.19:15:35'/>
	<frames value='46595'/>
	<gameDuration value='2912'/>

	<player>
		<unitScore value='22550'/>
		<killScore value='26400'/>
		<buildingScore value='2325'/>
		<razingScore value='1125'/>
		<mineralScore value='24026'/>
		<gasScore value='5030'/>
		<totalScore value='81456'/>
	</player>

	<enemy>
		<race value='Protoss'/>
		<unitScore value='35025'/>
		<unitScore value='35025'/>
		<killScore value='45100'/>
		<buildingScore value='7800'/>
		<razingScore value='6975'/>
		<mineralScore value='31894'/>
		<gasScore value='12780'/>
		<totalScore value='139574'/>
	</enemy>

	<scoreRatio value='0.583604'/>
	<timeFitness value='0.404444'/>
	<unitsAverage value='90'/>
</results>
