<results>
	<result value='win'/>
	<start value='2015-05-03.13:51:25'/>
	<end value='2015-05-03.13:52:03'/>
	<frames value='39961'/>
	<gameDuration value='2497'/>

	<player>
		<unitScore value='24325'/>
		<killScore value='25200'/>
		<buildingScore value='3900'/>
		<razingScore value='24000'/>
		<mineralScore value='31530'/>
		<gasScore value='5480'/>
		<totalScore value='114435'/>
	</player>

	<enemy>
		<race value='Protoss'/>
		<unitScore value='12825'/>
		<unitScore value='12825'/>
		<killScore value='28350'/>
		<buildingScore value='8000'/>
		<razingScore value='150'/>
		<mineralScore value='23058'/>
		<gasScore value='6024'/>
		<totalScore value='78407'/>
	</enemy>

	<scoreRatio value='1.4595'/>
	<timeFitness value='0.653194'/>
	<unitsAverage value='103'/>
</results>
