<results>
	<result value='win'/>
	<start value='2015-05-03.13:52:06'/>
	<end value='2015-05-03.13:52:33'/>
	<frames value='30258'/>
	<gameDuration value='1891'/>

	<player>
		<unitScore value='18225'/>
		<killScore value='12050'/>
		<buildingScore value='3600'/>
		<razingScore value='17925'/>
		<mineralScore value='26210'/>
		<gasScore value='2408'/>
		<totalScore value='80418'/>
	</player>

	<enemy>
		<race value='Protoss'/>
		<unitScore value='6025'/>
		<unitScore value='6025'/>
		<killScore value='15200'/>
		<buildingScore value='5975'/>
		<razingScore value='0'/>
		<mineralScore value='15770'/>
		<gasScore value='3968'/>
		<totalScore value='46938'/>
	</enemy>

	<scoreRatio value='1.71328'/>
	<timeFitness value='0.737361'/>
	<unitsAverage value='96'/>
</results>
