<results>
	<result value='win'/>
	<start value='2015-05-11.04:58:03'/>
	<end value='2015-05-11.04:58:31'/>
	<frames value='22911'/>
	<gameDuration value='1431'/>

	<player>
		<unitScore value='15325'/>
		<killScore value='22180'/>
		<buildingScore value='3625'/>
		<razingScore value='3900'/>
		<mineralScore value='20742'/>
		<gasScore value='1920'/>
		<totalScore value='67692'/>
	</player>

	<enemy>
		<race value='Zerg'/>
		<unitScore value='9850'/>
		<unitScore value='9850'/>
		<killScore value='14250'/>
		<buildingScore value='1300'/>
		<razingScore value='0'/>
		<mineralScore value='9082'/>
		<gasScore value='2600'/>
		<totalScore value='37082'/>
	</enemy>

	<scoreRatio value='1.82547'/>
	<timeFitness value='0.80125'/>
	<unitsAverage value='81'/>
</results>
