<results>
	<result value='win'/>
	<start value='2015-05-11.05:00:06'/>
	<end value='2015-05-11.05:01:11'/>
	<frames value='32490'/>
	<gameDuration value='2030'/>

	<player>
		<unitScore value='19525'/>
		<killScore value='40690'/>
		<buildingScore value='4575'/>
		<razingScore value='7050'/>
		<mineralScore value='27238'/>
		<gasScore value='3168'/>
		<totalScore value='102246'/>
	</player>

	<enemy>
		<race value='Zerg'/>
		<unitScore value='17625'/>
		<unitScore value='17625'/>
		<killScore value='15400'/>
		<buildingScore value='2350'/>
		<razingScore value='1800'/>
		<mineralScore value='15822'/>
		<gasScore value='5040'/>
		<totalScore value='58037'/>
	</enemy>

	<scoreRatio value='1.76174'/>
	<timeFitness value='0.718056'/>
	<unitsAverage value='115'/>
</results>
