<results>
	<result value='win'/>
	<start value='2015-05-11.05:13:33'/>
	<end value='2015-05-11.05:14:32'/>
	<frames value='32118'/>
	<gameDuration value='2007'/>

	<player>
		<unitScore value='20450'/>
		<killScore value='31660'/>
		<buildingScore value='4025'/>
		<razingScore value='8520'/>
		<mineralScore value='27970'/>
		<gasScore value='2272'/>
		<totalScore value='94897'/>
	</player>

	<enemy>
		<race value='Zerg'/>
		<unitScore value='15200'/>
		<unitScore value='15200'/>
		<killScore value='17450'/>
		<buildingScore value='2840'/>
		<razingScore value='0'/>
		<mineralScore value='15454'/>
		<gasScore value='5096'/>
		<totalScore value='56040'/>
	</enemy>

	<scoreRatio value='1.69338'/>
	<timeFitness value='0.72125'/>
	<unitsAverage value='112'/>
</results>
