<results>
	<result value='draw'/>
	<start value='2014-07-03.01:25:10'/>
	<end value='2014-07-03.01:25:49'/>
	<frames value='57601'/>
	<gameDuration value='3600'/>

	<player>
		<unitScore value='22225'/>
		<killScore value='41650'/>
		<buildingScore value='2825'/>
		<razingScore value='16050'/>
		<mineralScore value='24218'/>
		<gasScore value='4256'/>
		<totalScore value='111224'/>
	</player>

	<enemy>
		<race value='Protoss'/>
		<unitScore value='24900'/>
		<unitScore value='24900'/>
		<killScore value='40950'/>
		<buildingScore value='8625'/>
		<razingScore value='5550'/>
		<mineralScore value='28650'/>
		<gasScore value='11828'/>
		<totalScore value='120503'/>
	</enemy>

	<scoreRatio value='0.922998'/>
</results>
