<results>
	<result value='win'/>
	<start value='2015-04-27.14:58:47'/>
	<end value='2015-04-27.14:59:08'/>
	<frames value='25608'/>
	<gameDuration value='1600'/>

	<player>
		<unitScore value='13200'/>
		<killScore value='20500'/>
		<buildingScore value='3375'/>
		<razingScore value='8625'/>
		<mineralScore value='20266'/>
		<gasScore value='2008'/>
		<totalScore value='67974'/>
	</player>

	<enemy>
		<race value='Terran'/>
		<unitScore value='10750'/>
		<unitScore value='10750'/>
		<killScore value='9100'/>
		<buildingScore value='2950'/>
		<razingScore value='150'/>
		<mineralScore value='11682'/>
		<gasScore value='3640'/>
		<totalScore value='38272'/>
	</enemy>

	<scoreRatio value='1.77608'/>
</results>
