<results>
	<result value='loss'/>
	<start value='2015-04-27.15:03:52'/>
	<end value='2015-04-27.15:04:02'/>
	<frames value='19253'/>
	<gameDuration value='1203'/>

	<player>
		<unitScore value='3225'/>
		<killScore value='2250'/>
		<buildingScore value='1975'/>
		<razingScore value='0'/>
		<mineralScore value='5394'/>
		<gasScore value='632'/>
		<totalScore value='13476'/>
	</player>

	<enemy>
		<race value='Terran'/>
		<unitScore value='7450'/>
		<unitScore value='7450'/>
		<killScore value='6200'/>
		<buildingScore value='2850'/>
		<razingScore value='5925'/>
		<mineralScore value='8970'/>
		<gasScore value='3344'/>
		<totalScore value='34739'/>
	</enemy>

	<scoreRatio value='0.387921'/>
</results>
