<results>
	<result value='win'/>
	<start value='2015-04-29.20:19:31'/>
	<end value='2015-04-29.20:20:07'/>
	<frames value='25887'/>
	<gameDuration value='1617'/>

	<player>
		<unitScore value='17200'/>
		<killScore value='10700'/>
		<buildingScore value='4275'/>
		<razingScore value='9675'/>
		<mineralScore value='24002'/>
		<gasScore value='2360'/>
		<totalScore value='68212'/>
	</player>

	<enemy>
		<race value='Protoss'/>
		<unitScore value='5350'/>
		<unitScore value='5350'/>
		<killScore value='13550'/>
		<buildingScore value='3225'/>
		<razingScore value='0'/>
		<mineralScore value='13926'/>
		<gasScore value='1024'/>
		<totalScore value='37075'/>
	</enemy>

	<scoreRatio value='1.83984'/>
</results>
