<results>
	<result value='loss'/>
	<start value='2015-04-29.20:27:03'/>
	<end value='2015-04-29.20:28:34'/>
	<frames value='47494'/>
	<gameDuration value='2968'/>

	<player>
		<unitScore value='29075'/>
		<killScore value='42850'/>
		<buildingScore value='3550'/>
		<razingScore value='4500'/>
		<mineralScore value='31510'/>
		<gasScore value='3664'/>
		<totalScore value='115149'/>
	</player>

	<enemy>
		<race value='Protoss'/>
		<unitScore value='34125'/>
		<unitScore value='34125'/>
		<killScore value='57400'/>
		<buildingScore value='7750'/>
		<razingScore value='10650'/>
		<mineralScore value='30622'/>
		<gasScore value='10588'/>
		<totalScore value='151135'/>
	</enemy>

	<scoreRatio value='0.761895'/>
</results>
