<results>
	<result value='loss'/>
	<start value='2015-04-29.20:36:28'/>
	<end value='2015-04-29.20:36:46'/>
	<frames value='27375'/>
	<gameDuration value='1710'/>

	<player>
		<unitScore value='3700'/>
		<killScore value='2400'/>
		<buildingScore value='1950'/>
		<razingScore value='0'/>
		<mineralScore value='5650'/>
		<gasScore value='576'/>
		<totalScore value='14276'/>
	</player>

	<enemy>
		<race value='Protoss'/>
		<unitScore value='12250'/>
		<unitScore value='12250'/>
		<killScore value='7400'/>
		<buildingScore value='6925'/>
		<razingScore value='5850'/>
		<mineralScore value='16778'/>
		<gasScore value='6232'/>
		<totalScore value='55435'/>
	</enemy>

	<scoreRatio value='0.257527'/>
</results>
