<results>
	<result value='draw'/>
	<start value='2015-04-29.20:42:30'/>
	<end value='2015-04-29.20:43:32'/>
	<frames value='57601'/>
	<gameDuration value='3600'/>

	<player>
		<unitScore value='22100'/>
		<killScore value='25400'/>
		<buildingScore value='2775'/>
		<razingScore value='14475'/>
		<mineralScore value='24374'/>
		<gasScore value='7542'/>
		<totalScore value='96666'/>
	</player>

	<enemy>
		<race value='Protoss'/>
		<unitScore value='14100'/>
		<unitScore value='14100'/>
		<killScore value='37000'/>
		<buildingScore value='7425'/>
		<razingScore value='1800'/>
		<mineralScore value='19498'/>
		<gasScore value='4416'/>
		<totalScore value='84239'/>
	</enemy>

	<scoreRatio value='1.14752'/>
</results>
