<results>
	<result value='loss'/>
	<start value='2015-05-03.03:18:16'/>
	<end value='2015-05-03.03:18:23'/>
	<frames value='18881'/>
	<gameDuration value='1180'/>

	<player>
		<unitScore value='3750'/>
		<killScore value='2000'/>
		<buildingScore value='1600'/>
		<razingScore value='0'/>
		<mineralScore value='5770'/>
		<gasScore value='416'/>
		<totalScore value='13536'/>
	</player>

	<enemy>
		<race value='Protoss'/>
		<unitScore value='4650'/>
		<unitScore value='4650'/>
		<killScore value='7500'/>
		<buildingScore value='4225'/>
		<razingScore value='4800'/>
		<mineralScore value='9706'/>
		<gasScore value='2112'/>
		<totalScore value='32993'/>
	</enemy>

	<scoreRatio value='0.410269'/>
	<timeFitness value='0.163889'/>
	<unitsAverage value='25'/>
</results>
