<results>
	<result value='draw'/>
	<start value='2015-05-10.06:50:59'/>
	<end value='2015-05-10.06:51:48'/>
	<frames value='57601'/>
	<gameDuration value='3600'/>

	<player>
		<unitScore value='31525'/>
		<killScore value='66050'/>
		<buildingScore value='3300'/>
		<razingScore value='9075'/>
		<mineralScore value='31470'/>
		<gasScore value='6176'/>
		<totalScore value='147596'/>
	</player>

	<enemy>
		<race value='Protoss'/>
		<unitScore value='38475'/>
		<unitScore value='38475'/>
		<killScore value='49300'/>
		<buildingScore value='6525'/>
		<razingScore value='1575'/>
		<mineralScore value='31550'/>
		<gasScore value='11306'/>
		<totalScore value='138731'/>
	</enemy>

	<scoreRatio value='1.0639'/>
	<timeFitness value='0.5'/>
	<unitsAverage value='88'/>
</results>
