<results>
	<result value='draw'/>
	<start value='2015-05-10.06:54:35'/>
	<end value='2015-05-10.06:55:41'/>
	<frames value='57601'/>
	<gameDuration value='3600'/>

	<player>
		<unitScore value='34950'/>
		<killScore value='33300'/>
		<buildingScore value='4400'/>
		<razingScore value='10800'/>
		<mineralScore value='43334'/>
		<gasScore value='7072'/>
		<totalScore value='133856'/>
	</player>

	<enemy>
		<race value='Protoss'/>
		<unitScore value='19700'/>
		<unitScore value='19700'/>
		<killScore value='49700'/>
		<buildingScore value='5075'/>
		<razingScore value='3675'/>
		<mineralScore value='19550'/>
		<gasScore value='10748'/>
		<totalScore value='108448'/>
	</enemy>

	<scoreRatio value='1.23429'/>
	<timeFitness value='0.5'/>
	<unitsAverage value='123'/>
</results>
