<results>
	<result value='loss'/>
	<start value='2015-05-03.03:23:16'/>
	<end value='2015-05-03.03:23:57'/>
	<frames value='33513'/>
	<gameDuration value='2094'/>

	<player>
		<unitScore value='14525'/>
		<killScore value='5800'/>
		<buildingScore value='4475'/>
		<razingScore value='0'/>
		<mineralScore value='19406'/>
		<gasScore value='2072'/>
		<totalScore value='46278'/>
	</player>

	<enemy>
		<race value='Protoss'/>
		<unitScore value='15450'/>
		<unitScore value='15450'/>
		<killScore value='17350'/>
		<buildingScore value='6975'/>
		<razingScore value='13425'/>
		<mineralScore value='26602'/>
		<gasScore value='7632'/>
		<totalScore value='87434'/>
	</enemy>

	<scoreRatio value='0.529291'/>
	<timeFitness value='0.290833'/>
	<unitsAverage value='93'/>
</results>
