<results>
	<result value='loss'/>
	<start value='2015-05-10.07:01:38'/>
	<end value='2015-05-10.07:01:45'/>
	<frames value='15595'/>
	<gameDuration value='974'/>

	<player>
		<unitScore value='2750'/>
		<killScore value='400'/>
		<buildingScore value='1850'/>
		<razingScore value='0'/>
		<mineralScore value='4730'/>
		<gasScore value='752'/>
		<totalScore value='10482'/>
	</player>

	<enemy>
		<race value='Protoss'/>
		<unitScore value='3550'/>
		<unitScore value='3550'/>
		<killScore value='5400'/>
		<buildingScore value='3525'/>
		<razingScore value='5550'/>
		<mineralScore value='8266'/>
		<gasScore value='1488'/>
		<totalScore value='27779'/>
	</enemy>

	<scoreRatio value='0.377335'/>
	<timeFitness value='0.135278'/>
	<unitsAverage value='23'/>
</results>
