<results>
	<result value='win'/>
	<start value='2015-04-12.08:22:09'/>
	<end value='2015-04-12.08:23:41'/>
	<frames value='50997'/>
	<gameDuration value='3187'/>

	<player>
		<unitScore value='30200'/>
		<killScore value='41400'/>
		<buildingScore value='3450'/>
		<razingScore value='26925'/>
		<mineralScore value='33958'/>
		<gasScore value='5040'/>
		<totalScore value='140973'/>
	</player>

	<enemy>
		<race value='Protoss'/>
		<unitScore value='21150'/>
		<unitScore value='21150'/>
		<killScore value='44250'/>
		<buildingScore value='8975'/>
		<razingScore value='2775'/>
		<mineralScore value='28234'/>
		<gasScore value='7912'/>
		<totalScore value='113296'/>
	</enemy>

	<scoreRatio value='1.24429'/>
</results>
