<results>
	<result value='win'/>
	<start value='2015-05-03.04:38:15'/>
	<end value='2015-05-03.04:38:33'/>
	<frames value='25329'/>
	<gameDuration value='1583'/>

	<player>
		<unitScore value='16375'/>
		<killScore value='13200'/>
		<buildingScore value='3375'/>
		<razingScore value='11400'/>
		<mineralScore value='21914'/>
		<gasScore value='1120'/>
		<totalScore value='67384'/>
	</player>

	<enemy>
		<race value='Protoss'/>
		<unitScore value='6600'/>
		<unitScore value='6600'/>
		<killScore value='14350'/>
		<buildingScore value='3800'/>
		<razingScore value='0'/>
		<mineralScore value='17966'/>
		<gasScore value='936'/>
		<totalScore value='43652'/>
	</enemy>

	<scoreRatio value='1.54366'/>
	<timeFitness value='0.780139'/>
	<unitsAverage value='80'/>
</results>
