<results>
	<result value='loss'/>
	<start value='2015-05-10.09:15:15'/>
	<end value='2015-05-10.09:15:23'/>
	<frames value='17424'/>
	<gameDuration value='1089'/>

	<player>
		<unitScore value='3850'/>
		<killScore value='1200'/>
		<buildingScore value='1950'/>
		<razingScore value='300'/>
		<mineralScore value='6002'/>
		<gasScore value='1072'/>
		<totalScore value='14374'/>
	</player>

	<enemy>
		<race value='Protoss'/>
		<unitScore value='4225'/>
		<unitScore value='4225'/>
		<killScore value='7950'/>
		<buildingScore value='3625'/>
		<razingScore value='5850'/>
		<mineralScore value='9082'/>
		<gasScore value='2168'/>
		<totalScore value='32900'/>
	</enemy>

	<scoreRatio value='0.4369'/>
	<timeFitness value='0.15125'/>
	<unitsAverage value='28'/>
</results>
