<results>
	<result value='loss'/>
	<start value='2015-07-07.16:48:31'/>
	<end value='2015-07-07.16:48:51'/>
	<frames value='17858'/>
	<gameDuration value='1116'/>

	<player>
		<unitScore value='4450'/>
		<killScore value='800'/>
		<buildingScore value='1450'/>
		<razingScore value='0'/>
		<mineralScore value='5850'/>
		<gasScore value='688'/>
		<totalScore value='13238'/>
	</player>

	<enemy>
		<race value='Terran'/>
		<unitScore value='6250'/>
		<killScore value='8900'/>
		<buildingScore value='2700'/>
		<razingScore value='4350'/>
		<mineralScore value='8202'/>
		<gasScore value='2856'/>
		<totalScore value='33258'/>
	</enemy>

	<scoreRatio value='0.39804'/>
	<timeFitness value='0.155'/>
	<unitsAverage value='24'/>
</results>
