<results>
	<result value='loss'/>
	<start value='2015-04-12.09:26:46'/>
	<end value='2015-04-12.09:27:54'/>
	<frames value='48238'/>
	<gameDuration value='3014'/>

	<player>
		<unitScore value='24350'/>
		<killScore value='48800'/>
		<buildingScore value='2225'/>
		<razingScore value='300'/>
		<mineralScore value='23946'/>
		<gasScore value='4296'/>
		<totalScore value='103917'/>
	</player>

	<enemy>
		<race value='Protoss'/>
		<unitScore value='42725'/>
		<unitScore value='42725'/>
		<killScore value='48550'/>
		<buildingScore value='7275'/>
		<razingScore value='6675'/>
		<mineralScore value='34002'/>
		<gasScore value='13796'/>
		<totalScore value='153023'/>
	</enemy>

	<scoreRatio value='0.679094'/>
</results>
