<results>
	<result value='loss'/>
	<start value='2015-04-12.09:34:08'/>
	<end value='2015-04-12.09:34:26'/>
	<frames value='18509'/>
	<gameDuration value='1156'/>

	<player>
		<unitScore value='5525'/>
		<killScore value='2250'/>
		<buildingScore value='1650'/>
		<razingScore value='0'/>
		<mineralScore value='7162'/>
		<gasScore value='840'/>
		<totalScore value='17427'/>
	</player>

	<enemy>
		<race value='Protoss'/>
		<unitScore value='4875'/>
		<unitScore value='4875'/>
		<killScore value='11050'/>
		<buildingScore value='3825'/>
		<razingScore value='4950'/>
		<mineralScore value='9506'/>
		<gasScore value='2352'/>
		<totalScore value='36558'/>
	</enemy>

	<scoreRatio value='0.476695'/>
</results>
