<results>
	<result value='win'/>
	<start value='2015-03-31.14:46:06'/>
	<end value='2015-03-31.14:46:37'/>
	<frames value='29173'/>
	<gameDuration value='1823'/>

	<player>
		<unitScore value='17325'/>
		<killScore value='13700'/>
		<buildingScore value='4100'/>
		<razingScore value='16725'/>
		<mineralScore value='25778'/>
		<gasScore value='3296'/>
		<totalScore value='80924'/>
	</player>

	<enemy>
		<race value='Protoss'/>
		<unitScore value='6850'/>
		<unitScore value='6850'/>
		<killScore value='11050'/>
		<buildingScore value='5575'/>
		<razingScore value='150'/>
		<mineralScore value='15242'/>
		<gasScore value='2840'/>
		<totalScore value='41707'/>
	</enemy>

	<scoreRatio value='1.9403'/>
</results>
