<results>
	<result value='loss'/>
	<start value='2015-04-08.07:26:00'/>
	<end value='2015-04-08.07:26:08'/>
	<frames value='16525'/>
	<gameDuration value='1032'/>

	<player>
		<unitScore value='3550'/>
		<killScore value='800'/>
		<buildingScore value='1825'/>
		<razingScore value='0'/>
		<mineralScore value='5538'/>
		<gasScore value='1104'/>
		<totalScore value='12817'/>
	</player>

	<enemy>
		<race value='Protoss'/>
		<unitScore value='3600'/>
		<unitScore value='3600'/>
		<killScore value='7100'/>
		<buildingScore value='4075'/>
		<razingScore value='5475'/>
		<mineralScore value='8866'/>
		<gasScore value='1632'/>
		<totalScore value='30748'/>
	</enemy>

	<scoreRatio value='0.41684'/>
</results>
