<results>
	<result value='loss'/>
	<start value='2015-07-20.01:43:24'/>
	<end value='2015-07-20.01:43:43'/>
	<frames value='19501'/>
	<gameDuration value='1218'/>

	<player>
		<unitScore value='3425'/>
		<killScore value='1850'/>
		<buildingScore value='1025'/>
		<razingScore value='0'/>
		<mineralScore value='7474'/>
		<gasScore value='80'/>
		<totalScore value='13854'/>
	</player>

	<enemy>
		<race value='Zerg'/>
		<unitScore value='7725'/>
		<killScore value='6850'/>
		<buildingScore value='1520'/>
		<razingScore value='3075'/>
		<mineralScore value='7754'/>
		<gasScore value='2112'/>
		<totalScore value='29036'/>
	</enemy>

	<scoreRatio value='0.477132'/>
	<timeFitness value='0.169167'/>
	<unitsAverage value='23'/>
</results>
