<results>
	<result value='loss'/>
	<start value='2015-07-14.02:15:08'/>
	<end value='2015-07-14.02:15:17'/>
	<frames value='15223'/>
	<gameDuration value='951'/>

	<player>
		<unitScore value='3625'/>
		<killScore value='200'/>
		<buildingScore value='1475'/>
		<razingScore value='0'/>
		<mineralScore value='4986'/>
		<gasScore value='976'/>
		<totalScore value='11262'/>
	</player>

	<enemy>
		<race value='Protoss'/>
		<unitScore value='3550'/>
		<killScore value='7250'/>
		<buildingScore value='2675'/>
		<razingScore value='4425'/>
		<mineralScore value='7810'/>
		<gasScore value='1320'/>
		<totalScore value='27030'/>
	</enemy>

	<scoreRatio value='0.416648'/>
	<timeFitness value='0.132083'/>
	<unitsAverage value='25'/>
</results>
