<results>
	<result value='win'/>
	<start value='2015-05-04.11:15:02'/>
	<end value='2015-05-04.11:15:27'/>
	<frames value='26290'/>
	<gameDuration value='1643'/>

	<player>
		<unitScore value='16450'/>
		<killScore value='20350'/>
		<buildingScore value='4025'/>
		<razingScore value='4350'/>
		<mineralScore value='24426'/>
		<gasScore value='2432'/>
		<totalScore value='72033'/>
	</player>

	<enemy>
		<race value='Terran'/>
		<unitScore value='10175'/>
		<unitScore value='10175'/>
		<killScore value='14750'/>
		<buildingScore value='1450'/>
		<razingScore value='150'/>
		<mineralScore value='11914'/>
		<gasScore value='3144'/>
		<totalScore value='41583'/>
	</enemy>

	<scoreRatio value='1.73227'/>
	<timeFitness value='0.771806'/>
	<unitsAverage value='84'/>
</results>
