<results>
	<result value='win'/>
	<start value='2015-05-04.11:20:13'/>
	<end value='2015-05-04.11:20:26'/>
	<frames value='18540'/>
	<gameDuration value='1158'/>

	<player>
		<unitScore value='7600'/>
		<killScore value='11700'/>
		<buildingScore value='2500'/>
		<razingScore value='3975'/>
		<mineralScore value='11954'/>
		<gasScore value='1200'/>
		<totalScore value='38929'/>
	</player>

	<enemy>
		<race value='Terran'/>
		<unitScore value='5850'/>
		<unitScore value='5850'/>
		<killScore value='4000'/>
		<buildingScore value='1400'/>
		<razingScore value='150'/>
		<mineralScore value='7946'/>
		<gasScore value='2128'/>
		<totalScore value='21474'/>
	</enemy>

	<scoreRatio value='1.81284'/>
	<timeFitness value='0.839167'/>
	<unitsAverage value='53'/>
</results>
