<results>
	<result value='win'/>
	<start value='2015-05-04.11:19:06'/>
	<end value='2015-05-04.11:19:28'/>
	<frames value='22911'/>
	<gameDuration value='1431'/>

	<player>
		<unitScore value='13675'/>
		<killScore value='15150'/>
		<buildingScore value='4025'/>
		<razingScore value='4125'/>
		<mineralScore value='21934'/>
		<gasScore value='1504'/>
		<totalScore value='60413'/>
	</player>

	<enemy>
		<race value='Terran'/>
		<unitScore value='7575'/>
		<unitScore value='7575'/>
		<killScore value='9050'/>
		<buildingScore value='1450'/>
		<razingScore value='150'/>
		<mineralScore value='11278'/>
		<gasScore value='2568'/>
		<totalScore value='32071'/>
	</enemy>

	<scoreRatio value='1.88373'/>
	<timeFitness value='0.80125'/>
	<unitsAverage value='82'/>
</results>
