<results>
	<result value='win'/>
	<start value='2015-05-04.11:21:52'/>
	<end value='2015-05-04.11:22:20'/>
	<frames value='24709'/>
	<gameDuration value='1544'/>

	<player>
		<unitScore value='16175'/>
		<killScore value='23200'/>
		<buildingScore value='4150'/>
		<razingScore value='6600'/>
		<mineralScore value='24938'/>
		<gasScore value='2248'/>
		<totalScore value='77311'/>
	</player>

	<enemy>
		<race value='Terran'/>
		<unitScore value='11600'/>
		<unitScore value='11600'/>
		<killScore value='11450'/>
		<buildingScore value='2350'/>
		<razingScore value='225'/>
		<mineralScore value='10694'/>
		<gasScore value='3904'/>
		<totalScore value='40223'/>
	</enemy>

	<scoreRatio value='1.92206'/>
	<timeFitness value='0.785556'/>
	<unitsAverage value='96'/>
</results>
