<results>
	<result value='win'/>
	<start value='2015-05-04.11:29:08'/>
	<end value='2015-05-04.11:29:26'/>
	<frames value='24337'/>
	<gameDuration value='1521'/>

	<player>
		<unitScore value='9825'/>
		<killScore value='20500'/>
		<buildingScore value='3275'/>
		<razingScore value='7200'/>
		<mineralScore value='15258'/>
		<gasScore value='1952'/>
		<totalScore value='58010'/>
	</player>

	<enemy>
		<race value='Terran'/>
		<unitScore value='10250'/>
		<unitScore value='10250'/>
		<killScore value='7150'/>
		<buildingScore value='2400'/>
		<razingScore value='1875'/>
		<mineralScore value='10610'/>
		<gasScore value='3520'/>
		<totalScore value='35805'/>
	</enemy>

	<scoreRatio value='1.62016'/>
	<timeFitness value='0.78875'/>
	<unitsAverage value='56'/>
</results>
