<results>
	<result value='win'/>
	<start value='2015-05-04.11:38:50'/>
	<end value='2015-05-04.11:39:12'/>
	<frames value='25360'/>
	<gameDuration value='1585'/>

	<player>
		<unitScore value='14175'/>
		<killScore value='22550'/>
		<buildingScore value='3175'/>
		<razingScore value='7050'/>
		<mineralScore value='18394'/>
		<gasScore value='2648'/>
		<totalScore value='67992'/>
	</player>

	<enemy>
		<race value='Terran'/>
		<unitScore value='11275'/>
		<unitScore value='11275'/>
		<killScore value='13000'/>
		<buildingScore value='2350'/>
		<razingScore value='600'/>
		<mineralScore value='11278'/>
		<gasScore value='3912'/>
		<totalScore value='42415'/>
	</enemy>

	<scoreRatio value='1.60302'/>
	<timeFitness value='0.779861'/>
	<unitsAverage value='72'/>
</results>
