<results>
	<result value='win'/>
	<start value='2014-07-23.22:19:35'/>
	<end value='2014-07-23.22:20:00'/>
	<frames value='32273'/>
	<gameDuration value='2017'/>

	<player>
		<unitScore value='18600'/>
		<killScore value='31050'/>
		<buildingScore value='4850'/>
		<razingScore value='13125'/>
		<mineralScore value='24226'/>
		<gasScore value='3256'/>
		<totalScore value='95107'/>
	</player>

	<enemy>
		<race value='Terran'/>
		<unitScore value='16625'/>
		<unitScore value='16625'/>
		<killScore value='15100'/>
		<buildingScore value='4375'/>
		<razingScore value='2475'/>
		<mineralScore value='14274'/>
		<gasScore value='6432'/>
		<totalScore value='59281'/>
	</enemy>

	<scoreRatio value='1.60434'/>
</results>
