<results>
	<result value='loss'/>
	<start value='2015-07-07.20:11:00'/>
	<end value='2015-07-07.20:11:57'/>
	<frames value='28026'/>
	<gameDuration value='1751'/>

	<player>
		<unitScore value='11950'/>
		<killScore value='3950'/>
		<buildingScore value='3550'/>
		<razingScore value='0'/>
		<mineralScore value='14710'/>
		<gasScore value='1792'/>
		<totalScore value='35952'/>
	</player>

	<enemy>
		<race value='Terran'/>
		<unitScore value='11750'/>
		<killScore value='22400'/>
		<buildingScore value='4600'/>
		<razingScore value='10650'/>
		<mineralScore value='14014'/>
		<gasScore value='6400'/>
		<totalScore value='69814'/>
	</enemy>

	<scoreRatio value='0.514968'/>
	<timeFitness value='0.243194'/>
	<unitsAverage value='46'/>
</results>
