<results>
	<result value='loss'/>
	<start value='2015-04-12.15:35:11'/>
	<end value='2015-04-12.15:36:14'/>
	<frames value='47184'/>
	<gameDuration value='2949'/>

	<player>
		<unitScore value='21700'/>
		<killScore value='38300'/>
		<buildingScore value='2075'/>
		<razingScore value='450'/>
		<mineralScore value='21450'/>
		<gasScore value='3768'/>
		<totalScore value='87743'/>
	</player>

	<enemy>
		<race value='Protoss'/>
		<unitScore value='37475'/>
		<unitScore value='37475'/>
		<killScore value='43500'/>
		<buildingScore value='7275'/>
		<razingScore value='6225'/>
		<mineralScore value='33042'/>
		<gasScore value='12416'/>
		<totalScore value='139933'/>
	</enemy>

	<scoreRatio value='0.627036'/>
</results>
