<results>
	<result value='win'/>
	<start value='2015-07-14.08:09:26'/>
	<end value='2015-07-14.08:11:12'/>
	<frames value='48238'/>
	<gameDuration value='3014'/>

	<player>
		<unitScore value='37450'/>
		<killScore value='22900'/>
		<buildingScore value='4375'/>
		<razingScore value='13425'/>
		<mineralScore value='37354'/>
		<gasScore value='6952'/>
		<totalScore value='122456'/>
	</player>

	<enemy>
		<race value='Protoss'/>
		<unitScore value='11450'/>
		<killScore value='45900'/>
		<buildingScore value='4475'/>
		<razingScore value='150'/>
		<mineralScore value='25026'/>
		<gasScore value='7184'/>
		<totalScore value='94185'/>
	</enemy>

	<scoreRatio value='1.30016'/>
	<timeFitness value='0.581389'/>
	<unitsAverage value='134'/>
</results>
