<results>
	<result value='loss'/>
	<start value='2015-07-14.08:18:05'/>
	<end value='2015-07-14.08:19:53'/>
	<frames value='48331'/>
	<gameDuration value='3020'/>

	<player>
		<unitScore value='27500'/>
		<killScore value='19200'/>
		<buildingScore value='5225'/>
		<razingScore value='750'/>
		<mineralScore value='39026'/>
		<gasScore value='5856'/>
		<totalScore value='97557'/>
	</player>

	<enemy>
		<race value='Protoss'/>
		<unitScore value='17925'/>
		<killScore value='47050'/>
		<buildingScore value='7325'/>
		<razingScore value='15675'/>
		<mineralScore value='24034'/>
		<gasScore value='6446'/>
		<totalScore value='118455'/>
	</enemy>

	<scoreRatio value='0.823579'/>
	<timeFitness value='0.419444'/>
	<unitsAverage value='117'/>
</results>
