<results>
	<result value='win'/>
	<start value='2015-05-11.07:55:12'/>
	<end value='2015-05-11.07:56:03'/>
	<frames value='28336'/>
	<gameDuration value='1771'/>

	<player>
		<unitScore value='16950'/>
		<killScore value='19300'/>
		<buildingScore value='4225'/>
		<razingScore value='6195'/>
		<mineralScore value='30986'/>
		<gasScore value='3272'/>
		<totalScore value='80928'/>
	</player>

	<enemy>
		<race value='Zerg'/>
		<unitScore value='8850'/>
		<unitScore value='8850'/>
		<killScore value='8800'/>
		<buildingScore value='2065'/>
		<razingScore value='0'/>
		<mineralScore value='9674'/>
		<gasScore value='2944'/>
		<totalScore value='32333'/>
	</enemy>

	<scoreRatio value='2.50295'/>
	<timeFitness value='0.754028'/>
	<unitsAverage value='114'/>
</results>
