<results>
	<result value='loss'/>
	<start value='2015-04-10.02:17:49'/>
	<end value='2015-04-10.02:17:56'/>
	<frames value='15564'/>
	<gameDuration value='972'/>

	<player>
		<unitScore value='2850'/>
		<killScore value='1000'/>
		<buildingScore value='1875'/>
		<razingScore value='0'/>
		<mineralScore value='4706'/>
		<gasScore value='872'/>
		<totalScore value='11303'/>
	</player>

	<enemy>
		<race value='Protoss'/>
		<unitScore value='3550'/>
		<unitScore value='3550'/>
		<killScore value='5700'/>
		<buildingScore value='3775'/>
		<razingScore value='5625'/>
		<mineralScore value='8314'/>
		<gasScore value='1512'/>
		<totalScore value='28476'/>
	</enemy>

	<scoreRatio value='0.396931'/>
</results>
