<results>
	<result value='draw'/>
	<start value='2015-04-13.06:55:49'/>
	<end value='2015-04-13.06:58:26'/>
	<frames value='57601'/>
	<gameDuration value='3600'/>

	<player>
		<unitScore value='28125'/>
		<killScore value='45850'/>
		<buildingScore value='4425'/>
		<razingScore value='7050'/>
		<mineralScore value='31542'/>
		<gasScore value='5288'/>
		<totalScore value='122280'/>
	</player>

	<enemy>
		<race value='Protoss'/>
		<unitScore value='32075'/>
		<unitScore value='32075'/>
		<killScore value='45250'/>
		<buildingScore value='7475'/>
		<razingScore value='7725'/>
		<mineralScore value='31202'/>
		<gasScore value='9580'/>
		<totalScore value='133307'/>
	</enemy>

	<scoreRatio value='0.917281'/>
</results>
