<results>
	<result value='win'/>
	<start value='2015-04-07.22:18:14'/>
	<end value='2015-04-07.22:18:53'/>
	<frames value='37140'/>
	<gameDuration value='2321'/>

	<player>
		<unitScore value='19425'/>
		<killScore value='23900'/>
		<buildingScore value='4625'/>
		<razingScore value='14775'/>
		<mineralScore value='30658'/>
		<gasScore value='2688'/>
		<totalScore value='96071'/>
	</player>

	<enemy>
		<race value='Protoss'/>
		<unitScore value='11950'/>
		<unitScore value='11950'/>
		<killScore value='15850'/>
		<buildingScore value='4925'/>
		<razingScore value='1200'/>
		<mineralScore value='14810'/>
		<gasScore value='3608'/>
		<totalScore value='52343'/>
	</enemy>

	<scoreRatio value='1.83541'/>
</results>
