<results>
	<result value='loss'/>
	<start value='2015-05-03.22:49:35'/>
	<end value='2015-05-03.22:50:02'/>
	<frames value='40271'/>
	<gameDuration value='2516'/>

	<player>
		<unitScore value='8025'/>
		<killScore value='8750'/>
		<buildingScore value='2550'/>
		<razingScore value='0'/>
		<mineralScore value='11226'/>
		<gasScore value='2968'/>
		<totalScore value='33519'/>
	</player>

	<enemy>
		<race value='Terran'/>
		<unitScore value='23425'/>
		<unitScore value='23425'/>
		<killScore value='16050'/>
		<buildingScore value='5525'/>
		<razingScore value='7650'/>
		<mineralScore value='21590'/>
		<gasScore value='12434'/>
		<totalScore value='86674'/>
	</enemy>

	<scoreRatio value='0.386725'/>
	<timeFitness value='0.349444'/>
	<unitsAverage value='26'/>
</results>
