<results>
	<result value='win'/>
	<start value='2015-05-03.22:53:36'/>
	<end value='2015-05-03.22:54:36'/>
	<frames value='38969'/>
	<gameDuration value='2435'/>

	<player>
		<unitScore value='22200'/>
		<killScore value='31750'/>
		<buildingScore value='4925'/>
		<razingScore value='12900'/>
		<mineralScore value='32602'/>
		<gasScore value='5400'/>
		<totalScore value='109777'/>
	</player>

	<enemy>
		<race value='Terran'/>
		<unitScore value='16675'/>
		<unitScore value='16675'/>
		<killScore value='16550'/>
		<buildingScore value='4300'/>
		<razingScore value='4800'/>
		<mineralScore value='15482'/>
		<gasScore value='7484'/>
		<totalScore value='65291'/>
	</enemy>

	<scoreRatio value='1.68135'/>
	<timeFitness value='0.661806'/>
	<unitsAverage value='99'/>
</results>
