<results>
	<result value='loss'/>
	<start value='2015-04-30.03:58:29'/>
	<end value='2015-04-30.03:59:19'/>
	<frames value='44549'/>
	<gameDuration value='2784'/>

	<player>
		<unitScore value='20075'/>
		<killScore value='25800'/>
		<buildingScore value='2425'/>
		<razingScore value='1500'/>
		<mineralScore value='23806'/>
		<gasScore value='4088'/>
		<totalScore value='77694'/>
	</player>

	<enemy>
		<race value='Protoss'/>
		<unitScore value='33820'/>
		<unitScore value='33820'/>
		<killScore value='40000'/>
		<buildingScore value='8025'/>
		<razingScore value='7425'/>
		<mineralScore value='31746'/>
		<gasScore value='12056'/>
		<totalScore value='133072'/>
	</enemy>

	<scoreRatio value='0.583849'/>
</results>
