<results>
	<result value='win'/>
	<start value='2015-04-30.04:15:11'/>
	<end value='2015-04-30.04:16:49'/>
	<frames value='44766'/>
	<gameDuration value='2797'/>

	<player>
		<unitScore value='20600'/>
		<killScore value='31600'/>
		<buildingScore value='5250'/>
		<razingScore value='16950'/>
		<mineralScore value='43278'/>
		<gasScore value='5240'/>
		<totalScore value='122918'/>
	</player>

	<enemy>
		<race value='Protoss'/>
		<unitScore value='16500'/>
		<unitScore value='16500'/>
		<killScore value='17000'/>
		<buildingScore value='5650'/>
		<razingScore value='150'/>
		<mineralScore value='16870'/>
		<gasScore value='3872'/>
		<totalScore value='60042'/>
	</enemy>

	<scoreRatio value='2.0472'/>
</results>
