<results>
	<result value='loss'/>
	<start value='2015-04-30.04:16:52'/>
	<end value='2015-04-30.04:17:21'/>
	<frames value='34474'/>
	<gameDuration value='2154'/>

	<player>
		<unitScore value='11225'/>
		<killScore value='13400'/>
		<buildingScore value='1725'/>
		<razingScore value='750'/>
		<mineralScore value='12422'/>
		<gasScore value='2176'/>
		<totalScore value='41698'/>
	</player>

	<enemy>
		<race value='Protoss'/>
		<unitScore value='19725'/>
		<unitScore value='19725'/>
		<killScore value='22450'/>
		<buildingScore value='7175'/>
		<razingScore value='5175'/>
		<mineralScore value='23230'/>
		<gasScore value='7336'/>
		<totalScore value='85091'/>
	</enemy>

	<scoreRatio value='0.49004'/>
</results>
