<results>
	<result value='loss'/>
	<start value='2015-04-30.04:20:53'/>
	<end value='2015-04-30.04:21:28'/>
	<frames value='36241'/>
	<gameDuration value='2265'/>

	<player>
		<unitScore value='14975'/>
		<killScore value='10300'/>
		<buildingScore value='2675'/>
		<razingScore value='1950'/>
		<mineralScore value='17266'/>
		<gasScore value='2328'/>
		<totalScore value='49494'/>
	</player>

	<enemy>
		<race value='Protoss'/>
		<unitScore value='19975'/>
		<unitScore value='19975'/>
		<killScore value='29950'/>
		<buildingScore value='7375'/>
		<razingScore value='8025'/>
		<mineralScore value='23434'/>
		<gasScore value='8600'/>
		<totalScore value='97359'/>
	</enemy>

	<scoreRatio value='0.508366'/>
</results>
