<results>
	<result value='loss'/>
	<start value='2014-07-24.03:22:48'/>
	<end value='2014-07-24.03:23:00'/>
	<frames value='25143'/>
	<gameDuration value='1571'/>

	<player>
		<unitScore value='6450'/>
		<killScore value='5700'/>
		<buildingScore value='2475'/>
		<razingScore value='0'/>
		<mineralScore value='8954'/>
		<gasScore value='1040'/>
		<totalScore value='24619'/>
	</player>

	<enemy>
		<race value='Terran'/>
		<unitScore value='11400'/>
		<unitScore value='11400'/>
		<killScore value='12900'/>
		<buildingScore value='4425'/>
		<razingScore value='7425'/>
		<mineralScore value='12570'/>
		<gasScore value='5872'/>
		<totalScore value='54592'/>
	</enemy>

	<scoreRatio value='0.450963'/>
</results>
