<results>
	<result value='win'/>
	<start value='2015-05-03.23:13:02'/>
	<end value='2015-05-03.23:13:36'/>
	<frames value='26879'/>
	<gameDuration value='1679'/>

	<player>
		<unitScore value='20275'/>
		<killScore value='18420'/>
		<buildingScore value='3225'/>
		<razingScore value='5655'/>
		<mineralScore value='23806'/>
		<gasScore value='984'/>
		<totalScore value='72365'/>
	</player>

	<enemy>
		<race value='Zerg'/>
		<unitScore value='8500'/>
		<unitScore value='8500'/>
		<killScore value='19900'/>
		<buildingScore value='1885'/>
		<razingScore value='0'/>
		<mineralScore value='8770'/>
		<gasScore value='2648'/>
		<totalScore value='41703'/>
	</enemy>

	<scoreRatio value='1.73525'/>
	<timeFitness value='0.766806'/>
	<unitsAverage value='94'/>
</results>
