<results>
	<result value='win'/>
	<start value='2015-05-10.21:46:10'/>
	<end value='2015-05-10.21:46:35'/>
	<frames value='26073'/>
	<gameDuration value='1629'/>

	<player>
		<unitScore value='16575'/>
		<killScore value='18860'/>
		<buildingScore value='5025'/>
		<razingScore value='6585'/>
		<mineralScore value='23802'/>
		<gasScore value='2280'/>
		<totalScore value='73127'/>
	</player>

	<enemy>
		<race value='Zerg'/>
		<unitScore value='8900'/>
		<unitScore value='8900'/>
		<killScore value='10350'/>
		<buildingScore value='2195'/>
		<razingScore value='1800'/>
		<mineralScore value='9658'/>
		<gasScore value='3072'/>
		<totalScore value='35975'/>
	</enemy>

	<scoreRatio value='2.03272'/>
	<timeFitness value='0.77375'/>
	<unitsAverage value='93'/>
</results>
