<results>
	<result value='win'/>
	<start value='2015-05-08.03:41:50'/>
	<end value='2015-05-08.03:42:27'/>
	<frames value='26228'/>
	<gameDuration value='1639'/>

	<player>
		<unitScore value='13600'/>
		<killScore value='28320'/>
		<buildingScore value='3775'/>
		<razingScore value='4875'/>
		<mineralScore value='18246'/>
		<gasScore value='2360'/>
		<totalScore value='71176'/>
	</player>

	<enemy>
		<race value='Zerg'/>
		<unitScore value='12200'/>
		<unitScore value='12200'/>
		<killScore value='10650'/>
		<buildingScore value='1625'/>
		<razingScore value='0'/>
		<mineralScore value='10674'/>
		<gasScore value='3456'/>
		<totalScore value='38605'/>
	</enemy>

	<scoreRatio value='1.8437'/>
	<timeFitness value='0.772361'/>
	<unitsAverage value='73'/>
</results>
