<results>
	<result value='win'/>
	<start value='2015-05-08.04:13:12'/>
	<end value='2015-05-08.04:14:00'/>
	<frames value='27902'/>
	<gameDuration value='1743'/>

	<player>
		<unitScore value='17975'/>
		<killScore value='34120'/>
		<buildingScore value='4275'/>
		<razingScore value='5940'/>
		<mineralScore value='26530'/>
		<gasScore value='2456'/>
		<totalScore value='91296'/>
	</player>

	<enemy>
		<race value='Zerg'/>
		<unitScore value='14400'/>
		<unitScore value='14400'/>
		<killScore value='11950'/>
		<buildingScore value='1980'/>
		<razingScore value='0'/>
		<mineralScore value='13158'/>
		<gasScore value='3728'/>
		<totalScore value='45216'/>
	</enemy>

	<scoreRatio value='2.01911'/>
	<timeFitness value='0.757917'/>
	<unitsAverage value='105'/>
</results>
