<results>
	<result value='win'/>
	<start value='2015-05-08.04:16:45'/>
	<end value='2015-05-08.04:17:42'/>
	<frames value='29142'/>
	<gameDuration value='1821'/>

	<player>
		<unitScore value='20650'/>
		<killScore value='33030'/>
		<buildingScore value='5000'/>
		<razingScore value='6060'/>
		<mineralScore value='27554'/>
		<gasScore value='2080'/>
		<totalScore value='94374'/>
	</player>

	<enemy>
		<race value='Zerg'/>
		<unitScore value='14775'/>
		<unitScore value='14775'/>
		<killScore value='17200'/>
		<buildingScore value='2020'/>
		<razingScore value='0'/>
		<mineralScore value='13098'/>
		<gasScore value='4008'/>
		<totalScore value='51101'/>
	</enemy>

	<scoreRatio value='1.84681'/>
	<timeFitness value='0.747083'/>
	<unitsAverage value='112'/>
</results>
