<results>
	<result value='win'/>
	<start value='2015-05-08.04:19:00'/>
	<end value='2015-05-08.04:20:39'/>
	<frames value='39279'/>
	<gameDuration value='2454'/>

	<player>
		<unitScore value='31725'/>
		<killScore value='42960'/>
		<buildingScore value='4350'/>
		<razingScore value='10515'/>
		<mineralScore value='35006'/>
		<gasScore value='4424'/>
		<totalScore value='128980'/>
	</player>

	<enemy>
		<race value='Zerg'/>
		<unitScore value='21025'/>
		<unitScore value='21025'/>
		<killScore value='39050'/>
		<buildingScore value='3505'/>
		<razingScore value='0'/>
		<mineralScore value='19834'/>
		<gasScore value='6784'/>
		<totalScore value='90198'/>
	</enemy>

	<scoreRatio value='1.42997'/>
	<timeFitness value='0.659167'/>
	<unitsAverage value='143'/>
</results>
