<results>
	<result value='loss'/>
	<start value='2015-07-14.05:49:02'/>
	<end value='2015-07-14.05:49:38'/>
	<frames value='41263'/>
	<gameDuration value='2578'/>

	<player>
		<unitScore value='24100'/>
		<killScore value='14700'/>
		<buildingScore value='2650'/>
		<razingScore value='300'/>
		<mineralScore value='21302'/>
		<gasScore value='3792'/>
		<totalScore value='66844'/>
	</player>

	<enemy>
		<race value='Protoss'/>
		<unitScore value='27830'/>
		<killScore value='47500'/>
		<buildingScore value='8425'/>
		<razingScore value='7950'/>
		<mineralScore value='28750'/>
		<gasScore value='11436'/>
		<totalScore value='131891'/>
	</enemy>

	<scoreRatio value='0.506812'/>
	<timeFitness value='0.358056'/>
	<unitsAverage value='67'/>
</results>
