<results>
	<result value='loss'/>
	<start value='2015-04-10.16:42:17'/>
	<end value='2015-04-10.16:42:56'/>
	<frames value='45572'/>
	<gameDuration value='2848'/>

	<player>
		<unitScore value='20750'/>
		<killScore value='25500'/>
		<buildingScore value='3075'/>
		<razingScore value='1800'/>
		<mineralScore value='24010'/>
		<gasScore value='4384'/>
		<totalScore value='79519'/>
	</player>

	<enemy>
		<race value='Protoss'/>
		<unitScore value='32050'/>
		<unitScore value='32050'/>
		<killScore value='41600'/>
		<buildingScore value='8075'/>
		<razingScore value='9225'/>
		<mineralScore value='31830'/>
		<gasScore value='11530'/>
		<totalScore value='134310'/>
	</enemy>

	<scoreRatio value='0.592056'/>
</results>
