<results>
	<result value='win'/>
	<start value='2015-05-03.01:46:57'/>
	<end value='2015-05-03.01:47:25'/>
	<frames value='26941'/>
	<gameDuration value='1683'/>

	<player>
		<unitScore value='12525'/>
		<killScore value='24550'/>
		<buildingScore value='3900'/>
		<razingScore value='9675'/>
		<mineralScore value='22090'/>
		<gasScore value='2744'/>
		<totalScore value='75484'/>
	</player>

	<enemy>
		<race value='Terran'/>
		<unitScore value='13075'/>
		<unitScore value='13075'/>
		<killScore value='7800'/>
		<buildingScore value='3225'/>
		<razingScore value='1575'/>
		<mineralScore value='12010'/>
		<gasScore value='5240'/>
		<totalScore value='42925'/>
	</enemy>

	<scoreRatio value='1.75851'/>
	<timeFitness value='0.76625'/>
	<unitsAverage value='76'/>
</results>
