<results>
	<result value='loss'/>
	<start value='2015-05-03.02:02:40'/>
	<end value='2015-05-03.02:02:52'/>
	<frames value='19625'/>
	<gameDuration value='1226'/>

	<player>
		<unitScore value='4675'/>
		<killScore value='2150'/>
		<buildingScore value='2150'/>
		<razingScore value='0'/>
		<mineralScore value='7538'/>
		<gasScore value='1416'/>
		<totalScore value='17929'/>
	</player>

	<enemy>
		<race value='Terran'/>
		<unitScore value='7250'/>
		<unitScore value='7250'/>
		<killScore value='9350'/>
		<buildingScore value='2900'/>
		<razingScore value='6450'/>
		<mineralScore value='9130'/>
		<gasScore value='3184'/>
		<totalScore value='38264'/>
	</enemy>

	<scoreRatio value='0.468561'/>
	<timeFitness value='0.170278'/>
	<unitsAverage value='29'/>
</results>
