<results>
	<result value='loss'/>
	<start value='2015-05-03.02:01:53'/>
	<end value='2015-05-03.02:02:16'/>
	<frames value='36024'/>
	<gameDuration value='2251'/>

	<player>
		<unitScore value='8525'/>
		<killScore value='8850'/>
		<buildingScore value='2675'/>
		<razingScore value='0'/>
		<mineralScore value='11938'/>
		<gasScore value='1408'/>
		<totalScore value='33396'/>
	</player>

	<enemy>
		<race value='Terran'/>
		<unitScore value='12550'/>
		<unitScore value='12550'/>
		<killScore value='17050'/>
		<buildingScore value='4575'/>
		<razingScore value='8025'/>
		<mineralScore value='22162'/>
		<gasScore value='7430'/>
		<totalScore value='71792'/>
	</enemy>

	<scoreRatio value='0.465177'/>
	<timeFitness value='0.312639'/>
	<unitsAverage value='28'/>
</results>
