<results>
	<result value='win'/>
	<start value='2015-04-16.21:51:19'/>
	<end value='2015-04-16.21:51:53'/>
	<frames value='24926'/>
	<gameDuration value='1557'/>

	<player>
		<unitScore value='11875'/>
		<killScore value='11300'/>
		<buildingScore value='2800'/>
		<razingScore value='10425'/>
		<mineralScore value='15130'/>
		<gasScore value='1560'/>
		<totalScore value='53090'/>
	</player>

	<enemy>
		<race value='Protoss'/>
		<unitScore value='5650'/>
		<unitScore value='5650'/>
		<killScore value='8100'/>
		<buildingScore value='3475'/>
		<razingScore value='0'/>
		<mineralScore value='10314'/>
		<gasScore value='2488'/>
		<totalScore value='30027'/>
	</enemy>

	<scoreRatio value='1.76808'/>
</results>
