<results>
	<result value='draw'/>
	<start value='2015-04-27.13:55:48'/>
	<end value='2015-04-27.13:57:29'/>
	<frames value='57601'/>
	<gameDuration value='3600'/>

	<player>
		<unitScore value='24350'/>
		<killScore value='27450'/>
		<buildingScore value='5275'/>
		<razingScore value='5925'/>
		<mineralScore value='46894'/>
		<gasScore value='6400'/>
		<totalScore value='116294'/>
	</player>

	<enemy>
		<race value='Terran'/>
		<unitScore value='14875'/>
		<unitScore value='14875'/>
		<killScore value='24950'/>
		<buildingScore value='4000'/>
		<razingScore value='3150'/>
		<mineralScore value='14058'/>
		<gasScore value='7626'/>
		<totalScore value='68659'/>
	</enemy>

	<scoreRatio value='1.69379'/>
</results>
