<results>
	<result value='win'/>
	<start value='2015-04-27.13:57:45'/>
	<end value='2015-04-27.13:58:02'/>
	<frames value='24616'/>
	<gameDuration value='1538'/>

	<player>
		<unitScore value='9600'/>
		<killScore value='18100'/>
		<buildingScore value='2200'/>
		<razingScore value='8025'/>
		<mineralScore value='15018'/>
		<gasScore value='1824'/>
		<totalScore value='54767'/>
	</player>

	<enemy>
		<race value='Terran'/>
		<unitScore value='9050'/>
		<unitScore value='9050'/>
		<killScore value='7700'/>
		<buildingScore value='2675'/>
		<razingScore value='825'/>
		<mineralScore value='9370'/>
		<gasScore value='2704'/>
		<totalScore value='32324'/>
	</enemy>

	<scoreRatio value='1.69431'/>
</results>
