<results>
	<result value='win'/>
	<start value='2015-04-27.14:00:15'/>
	<end value='2015-04-27.14:00:36'/>
	<frames value='29514'/>
	<gameDuration value='1844'/>

	<player>
		<unitScore value='12125'/>
		<killScore value='21200'/>
		<buildingScore value='3925'/>
		<razingScore value='7800'/>
		<mineralScore value='17410'/>
		<gasScore value='3120'/>
		<totalScore value='65580'/>
	</player>

	<enemy>
		<race value='Terran'/>
		<unitScore value='11400'/>
		<unitScore value='11400'/>
		<killScore value='10850'/>
		<buildingScore value='2600'/>
		<razingScore value='3900'/>
		<mineralScore value='12030'/>
		<gasScore value='4240'/>
		<totalScore value='45020'/>
	</enemy>

	<scoreRatio value='1.45669'/>
</results>
