<results>
	<result value='win'/>
	<start value='2015-05-11.05:53:25'/>
	<end value='2015-05-11.05:54:51'/>
	<frames value='45448'/>
	<gameDuration value='2840'/>

	<player>
		<unitScore value='20375'/>
		<killScore value='24580'/>
		<buildingScore value='5125'/>
		<razingScore value='7560'/>
		<mineralScore value='44314'/>
		<gasScore value='6640'/>
		<totalScore value='108594'/>
	</player>

	<enemy>
		<race value='Zerg'/>
		<unitScore value='10975'/>
		<unitScore value='10975'/>
		<killScore value='14450'/>
		<buildingScore value='2520'/>
		<razingScore value='1575'/>
		<mineralScore value='11482'/>
		<gasScore value='3640'/>
		<totalScore value='44642'/>
	</enemy>

	<scoreRatio value='2.43255'/>
	<timeFitness value='0.605556'/>
	<unitsAverage value='148'/>
</results>
