<results>
	<result value='draw'/>
	<start value='2015-05-11.05:54:56'/>
	<end value='2015-05-11.05:56:36'/>
	<frames value='57601'/>
	<gameDuration value='3600'/>

	<player>
		<unitScore value='33325'/>
		<killScore value='63410'/>
		<buildingScore value='4600'/>
		<razingScore value='12210'/>
		<mineralScore value='35698'/>
		<gasScore value='5760'/>
		<totalScore value='155003'/>
	</player>

	<enemy>
		<race value='Zerg'/>
		<unitScore value='28750'/>
		<unitScore value='28750'/>
		<killScore value='39300'/>
		<buildingScore value='4135'/>
		<razingScore value='2250'/>
		<mineralScore value='23394'/>
		<gasScore value='9418'/>
		<totalScore value='107247'/>
	</enemy>

	<scoreRatio value='1.44529'/>
	<timeFitness value='0.5'/>
	<unitsAverage value='139'/>
</results>
