<results>
	<result value='win'/>
	<start value='2015-05-11.06:09:28'/>
	<end value='2015-05-11.06:10:01'/>
	<frames value='25391'/>
	<gameDuration value='1586'/>

	<player>
		<unitScore value='15450'/>
		<killScore value='19235'/>
		<buildingScore value='4175'/>
		<razingScore value='6825'/>
		<mineralScore value='27578'/>
		<gasScore value='2560'/>
		<totalScore value='75823'/>
	</player>

	<enemy>
		<race value='Zerg'/>
		<unitScore value='8625'/>
		<unitScore value='8625'/>
		<killScore value='5500'/>
		<buildingScore value='2275'/>
		<razingScore value='0'/>
		<mineralScore value='9266'/>
		<gasScore value='2992'/>
		<totalScore value='28658'/>
	</enemy>

	<scoreRatio value='2.64579'/>
	<timeFitness value='0.779722'/>
	<unitsAverage value='103'/>
</results>
