<results>
	<result value='win'/>
	<start value='2014-07-22.20:33:58'/>
	<end value='2014-07-22.20:34:22'/>
	<frames value='28150'/>
	<gameDuration value='1759'/>

	<player>
		<unitScore value='19025'/>
		<killScore value='28480'/>
		<buildingScore value='4050'/>
		<razingScore value='4635'/>
		<mineralScore value='23130'/>
		<gasScore value='2488'/>
		<totalScore value='81808'/>
	</player>

	<enemy>
		<race value='Zerg'/>
		<unitScore value='12500'/>
		<unitScore value='12500'/>
		<killScore value='17000'/>
		<buildingScore value='1545'/>
		<razingScore value='0'/>
		<mineralScore value='11362'/>
		<gasScore value='3512'/>
		<totalScore value='45919'/>
	</enemy>

	<scoreRatio value='1.78157'/>
</results>
