<results>
	<result value='win'/>
	<start value='2015-04-27.23:24:15'/>
	<end value='2015-04-27.23:24:32'/>
	<frames value='25515'/>
	<gameDuration value='1594'/>

	<player>
		<unitScore value='12450'/>
		<killScore value='15550'/>
		<buildingScore value='4350'/>
		<razingScore value='5700'/>
		<mineralScore value='18906'/>
		<gasScore value='2240'/>
		<totalScore value='59196'/>
	</player>

	<enemy>
		<race value='Terran'/>
		<unitScore value='7775'/>
		<unitScore value='7775'/>
		<killScore value='11550'/>
		<buildingScore value='1900'/>
		<razingScore value='2025'/>
		<mineralScore value='8450'/>
		<gasScore value='2320'/>
		<totalScore value='34020'/>
	</enemy>

	<scoreRatio value='1.74004'/>
</results>
