<results>
	<result value='loss'/>
	<start value='2015-04-27.15:13:31'/>
	<end value='2015-04-27.15:13:38'/>
	<frames value='19036'/>
	<gameDuration value='1189'/>

	<player>
		<unitScore value='4025'/>
		<killScore value='2950'/>
		<buildingScore value='1350'/>
		<razingScore value='0'/>
		<mineralScore value='5890'/>
		<gasScore value='896'/>
		<totalScore value='15111'/>
	</player>

	<enemy>
		<race value='Terran'/>
		<unitScore value='7550'/>
		<unitScore value='7550'/>
		<killScore value='8050'/>
		<buildingScore value='2850'/>
		<razingScore value='4050'/>
		<mineralScore value='8810'/>
		<gasScore value='3288'/>
		<totalScore value='34598'/>
	</enemy>

	<scoreRatio value='0.436759'/>
</results>
