<results>
	<result value='win'/>
	<start value='2015-04-27.15:15:36'/>
	<end value='2015-04-27.15:15:58'/>
	<frames value='37884'/>
	<gameDuration value='2367'/>

	<player>
		<unitScore value='17475'/>
		<killScore value='25100'/>
		<buildingScore value='2625'/>
		<razingScore value='7650'/>
		<mineralScore value='19914'/>
		<gasScore value='4464'/>
		<totalScore value='77228'/>
	</player>

	<enemy>
		<race value='Terran'/>
		<unitScore value='12550'/>
		<unitScore value='12550'/>
		<killScore value='25800'/>
		<buildingScore value='2550'/>
		<razingScore value='1875'/>
		<mineralScore value='12050'/>
		<gasScore value='5256'/>
		<totalScore value='60081'/>
	</enemy>

	<scoreRatio value='1.2854'/>
</results>
