<results>
	<result value='win'/>
	<start value='2015-05-04.04:44:29'/>
	<end value='2015-05-04.04:44:57'/>
	<frames value='31498'/>
	<gameDuration value='1968'/>

	<player>
		<unitScore value='25250'/>
		<killScore value='22510'/>
		<buildingScore value='3950'/>
		<razingScore value='4635'/>
		<mineralScore value='31834'/>
		<gasScore value='0'/>
		<totalScore value='88179'/>
	</player>

	<enemy>
		<race value='Zerg'/>
		<unitScore value='11750'/>
		<unitScore value='11750'/>
		<killScore value='40800'/>
		<buildingScore value='1545'/>
		<razingScore value='0'/>
		<mineralScore value='10074'/>
		<gasScore value='3232'/>
		<totalScore value='67401'/>
	</enemy>

	<scoreRatio value='1.30827'/>
	<timeFitness value='0.726667'/>
	<unitsAverage value='90'/>
</results>
