<results>
	<result value='draw'/>
	<start value='2015-05-10.15:44:09'/>
	<end value='2015-05-10.15:45:27'/>
	<frames value='57601'/>
	<gameDuration value='3600'/>

	<player>
		<unitScore value='31025'/>
		<killScore value='60400'/>
		<buildingScore value='3475'/>
		<razingScore value='3375'/>
		<mineralScore value='30710'/>
		<gasScore value='5008'/>
		<totalScore value='133993'/>
	</player>

	<enemy>
		<race value='Zerg'/>
		<unitScore value='32700'/>
		<unitScore value='32700'/>
		<killScore value='50450'/>
		<buildingScore value='3985'/>
		<razingScore value='1800'/>
		<mineralScore value='29470'/>
		<gasScore value='10622'/>
		<totalScore value='129027'/>
	</enemy>

	<scoreRatio value='1.03849'/>
	<timeFitness value='0.5'/>
	<unitsAverage value='110'/>
</results>
