<results>
	<result value='win'/>
	<start value='2015-05-04.04:53:21'/>
	<end value='2015-05-04.04:53:49'/>
	<frames value='32273'/>
	<gameDuration value='2017'/>

	<player>
		<unitScore value='22300'/>
		<killScore value='28690'/>
		<buildingScore value='3050'/>
		<razingScore value='7890'/>
		<mineralScore value='26966'/>
		<gasScore value='0'/>
		<totalScore value='88896'/>
	</player>

	<enemy>
		<race value='Zerg'/>
		<unitScore value='13400'/>
		<unitScore value='13400'/>
		<killScore value='32200'/>
		<buildingScore value='2630'/>
		<razingScore value='0'/>
		<mineralScore value='13002'/>
		<gasScore value='4608'/>
		<totalScore value='65840'/>
	</enemy>

	<scoreRatio value='1.35018'/>
	<timeFitness value='0.719861'/>
	<unitsAverage value='86'/>
</results>
