<results>
	<result value='draw'/>
	<start value='2015-05-10.15:59:36'/>
	<end value='2015-05-10.16:00:59'/>
	<frames value='57601'/>
	<gameDuration value='3600'/>

	<player>
		<unitScore value='28700'/>
		<killScore value='71300'/>
		<buildingScore value='3775'/>
		<razingScore value='2160'/>
		<mineralScore value='31838'/>
		<gasScore value='5912'/>
		<totalScore value='143685'/>
	</player>

	<enemy>
		<race value='Zerg'/>
		<unitScore value='36825'/>
		<unitScore value='36825'/>
		<killScore value='48650'/>
		<buildingScore value='4230'/>
		<razingScore value='2850'/>
		<mineralScore value='30938'/>
		<gasScore value='11442'/>
		<totalScore value='134935'/>
	</enemy>

	<scoreRatio value='1.06485'/>
	<timeFitness value='0.5'/>
	<unitsAverage value='108'/>
</results>
