<results>
	<result value='win'/>
	<start value='2015-05-09.00:32:28'/>
	<end value='2015-05-09.00:33:00'/>
	<frames value='26848'/>
	<gameDuration value='1678'/>

	<player>
		<unitScore value='15025'/>
		<killScore value='28690'/>
		<buildingScore value='3275'/>
		<razingScore value='6255'/>
		<mineralScore value='19262'/>
		<gasScore value='1968'/>
		<totalScore value='74475'/>
	</player>

	<enemy>
		<race value='Zerg'/>
		<unitScore value='12500'/>
		<unitScore value='12500'/>
		<killScore value='14600'/>
		<buildingScore value='2085'/>
		<razingScore value='0'/>
		<mineralScore value='12106'/>
		<gasScore value='3688'/>
		<totalScore value='44979'/>
	</enemy>

	<scoreRatio value='1.65577'/>
	<timeFitness value='0.766944'/>
	<unitsAverage value='73'/>
</results>
