<results>
	<result value='win'/>
	<start value='2014-07-12.20:18:26'/>
	<end value='2014-07-12.20:18:46'/>
	<frames value='32707'/>
	<gameDuration value='2044'/>

	<player>
		<unitScore value='11700'/>
		<killScore value='19300'/>
		<buildingScore value='4475'/>
		<razingScore value='7650'/>
		<mineralScore value='18398'/>
		<gasScore value='2952'/>
		<totalScore value='64475'/>
	</player>

	<enemy>
		<race value='Terran'/>
		<unitScore value='9650'/>
		<unitScore value='9650'/>
		<killScore value='8150'/>
		<buildingScore value='2550'/>
		<razingScore value='4800'/>
		<mineralScore value='10690'/>
		<gasScore value='4072'/>
		<totalScore value='39912'/>
	</enemy>

	<scoreRatio value='1.61543'/>
</results>
