<results>
	<result value='win'/>
	<start value='2014-07-12.20:25:47'/>
	<end value='2014-07-12.20:26:29'/>
	<frames value='44208'/>
	<gameDuration value='2763'/>

	<player>
		<unitScore value='21575'/>
		<killScore value='31350'/>
		<buildingScore value='5125'/>
		<razingScore value='10500'/>
		<mineralScore value='37078'/>
		<gasScore value='7888'/>
		<totalScore value='113516'/>
	</player>

	<enemy>
		<race value='Terran'/>
		<unitScore value='17575'/>
		<unitScore value='17575'/>
		<killScore value='22450'/>
		<buildingScore value='3500'/>
		<razingScore value='3825'/>
		<mineralScore value='23186'/>
		<gasScore value='5696'/>
		<totalScore value='76232'/>
	</enemy>

	<scoreRatio value='1.48909'/>
</results>
