<results>
	<result value='loss'/>
	<start value='2015-05-06.00:30:31'/>
	<end value='2015-05-06.00:30:40'/>
	<frames value='15967'/>
	<gameDuration value='997'/>

	<player>
		<unitScore value='3400'/>
		<killScore value='3900'/>
		<buildingScore value='1475'/>
		<razingScore value='450'/>
		<mineralScore value='4906'/>
		<gasScore value='720'/>
		<totalScore value='14851'/>
	</player>

	<enemy>
		<race value='Protoss'/>
		<unitScore value='3750'/>
		<unitScore value='3750'/>
		<killScore value='6300'/>
		<buildingScore value='3275'/>
		<razingScore value='4425'/>
		<mineralScore value='7986'/>
		<gasScore value='1672'/>
		<totalScore value='27408'/>
	</enemy>

	<scoreRatio value='0.541849'/>
	<timeFitness value='0.138472'/>
	<unitsAverage value='25'/>
</results>
