<results>
	<result value='loss'/>
	<start value='2015-05-06.00:36:59'/>
	<end value='2015-05-06.00:37:45'/>
	<frames value='47029'/>
	<gameDuration value='2939'/>

	<player>
		<unitScore value='23150'/>
		<killScore value='35050'/>
		<buildingScore value='2575'/>
		<razingScore value='900'/>
		<mineralScore value='24026'/>
		<gasScore value='4160'/>
		<totalScore value='89861'/>
	</player>

	<enemy>
		<race value='Protoss'/>
		<unitScore value='38400'/>
		<unitScore value='38400'/>
		<killScore value='46300'/>
		<buildingScore value='7775'/>
		<razingScore value='7725'/>
		<mineralScore value='34182'/>
		<gasScore value='12812'/>
		<totalScore value='147194'/>
	</enemy>

	<scoreRatio value='0.610494'/>
	<timeFitness value='0.408194'/>
	<unitsAverage value='82'/>
</results>
