<results>
	<result value='loss'/>
	<start value='2015-05-06.01:16:05'/>
	<end value='2015-05-06.01:16:57'/>
	<frames value='47401'/>
	<gameDuration value='2962'/>

	<player>
		<unitScore value='22725'/>
		<killScore value='39500'/>
		<buildingScore value='2325'/>
		<razingScore value='0'/>
		<mineralScore value='24034'/>
		<gasScore value='3880'/>
		<totalScore value='92464'/>
	</player>

	<enemy>
		<race value='Protoss'/>
		<unitScore value='39550'/>
		<unitScore value='39550'/>
		<killScore value='44950'/>
		<buildingScore value='7175'/>
		<razingScore value='6975'/>
		<mineralScore value='34058'/>
		<gasScore value='12310'/>
		<totalScore value='145018'/>
	</enemy>

	<scoreRatio value='0.637604'/>
	<timeFitness value='0.411389'/>
	<unitsAverage value='85'/>
</results>
