<results>
	<result value='loss'/>
	<start value='2015-05-06.01:18:37'/>
	<end value='2015-05-06.01:18:46'/>
	<frames value='16649'/>
	<gameDuration value='1040'/>

	<player>
		<unitScore value='5100'/>
		<killScore value='1800'/>
		<buildingScore value='1475'/>
		<razingScore value='0'/>
		<mineralScore value='6746'/>
		<gasScore value='96'/>
		<totalScore value='15217'/>
	</player>

	<enemy>
		<race value='Protoss'/>
		<unitScore value='3600'/>
		<unitScore value='3600'/>
		<killScore value='10200'/>
		<buildingScore value='3125'/>
		<razingScore value='4425'/>
		<mineralScore value='8362'/>
		<gasScore value='1736'/>
		<totalScore value='31448'/>
	</enemy>

	<scoreRatio value='0.483878'/>
	<timeFitness value='0.144444'/>
	<unitsAverage value='28'/>
</results>
