<results>
	<result value='win'/>
	<start value='2015-04-11.00:06:57'/>
	<end value='2015-04-11.00:07:22'/>
	<frames value='20896'/>
	<gameDuration value='1306'/>

	<player>
		<unitScore value='8575'/>
		<killScore value='9100'/>
		<buildingScore value='2125'/>
		<razingScore value='8925'/>
		<mineralScore value='12882'/>
		<gasScore value='1712'/>
		<totalScore value='43319'/>
	</player>

	<enemy>
		<race value='Protoss'/>
		<unitScore value='4550'/>
		<unitScore value='4550'/>
		<killScore value='4800'/>
		<buildingScore value='2975'/>
		<razingScore value='0'/>
		<mineralScore value='8474'/>
		<gasScore value='1872'/>
		<totalScore value='22671'/>
	</enemy>

	<scoreRatio value='1.91077'/>
</results>
