<results>
	<result value='loss'/>
	<start value='2015-07-12.01:22:05'/>
	<end value='2015-07-12.01:24:11'/>
	<frames value='54810'/>
	<gameDuration value='3425'/>

	<player>
		<unitScore value='28125'/>
		<killScore value='17100'/>
		<buildingScore value='3850'/>
		<razingScore value='0'/>
		<mineralScore value='25370'/>
		<gasScore value='4982'/>
		<totalScore value='79427'/>
	</player>

	<enemy>
		<race value='Terran'/>
		<unitScore value='36400'/>
		<killScore value='54200'/>
		<buildingScore value='5025'/>
		<razingScore value='11550'/>
		<mineralScore value='25614'/>
		<gasScore value='15692'/>
		<totalScore value='148481'/>
	</enemy>

	<scoreRatio value='0.53493'/>
	<timeFitness value='0.475694'/>
	<unitsAverage value='104'/>
</results>
