<results>
	<result value='win'/>
	<start value='2015-07-12.01:34:55'/>
	<end value='2015-07-12.01:35:22'/>
	<frames value='25577'/>
	<gameDuration value='1598'/>

	<player>
		<unitScore value='12350'/>
		<killScore value='14100'/>
		<buildingScore value='2425'/>
		<razingScore value='5250'/>
		<mineralScore value='12158'/>
		<gasScore value='2232'/>
		<totalScore value='48515'/>
	</player>

	<enemy>
		<race value='Terran'/>
		<unitScore value='7050'/>
		<killScore value='13650'/>
		<buildingScore value='1750'/>
		<razingScore value='2550'/>
		<mineralScore value='7642'/>
		<gasScore value='2248'/>
		<totalScore value='34890'/>
	</enemy>

	<scoreRatio value='1.39051'/>
	<timeFitness value='0.778056'/>
	<unitsAverage value='51'/>
</results>
