<results>
	<result value='draw'/>
	<start value='2015-07-18.08:14:38'/>
	<end value='2015-07-18.08:17:06'/>
	<frames value='57601'/>
	<gameDuration value='3600'/>

	<player>
		<unitScore value='47075'/>
		<killScore value='18200'/>
		<buildingScore value='4000'/>
		<razingScore value='150'/>
		<mineralScore value='37926'/>
		<gasScore value='9292'/>
		<totalScore value='116643'/>
	</player>

	<enemy>
		<race value='Terran'/>
		<unitScore value='19650'/>
		<killScore value='80500'/>
		<buildingScore value='3925'/>
		<razingScore value='4125'/>
		<mineralScore value='16294'/>
		<gasScore value='11874'/>
		<totalScore value='136368'/>
	</enemy>

	<scoreRatio value='0.855355'/>
	<timeFitness value='0.5'/>
	<unitsAverage value='98'/>
</results>
