<results>
	<result value='loss'/>
	<start value='2015-05-03.18:31:24'/>
	<end value='2015-05-03.18:31:49'/>
	<frames value='30940'/>
	<gameDuration value='1933'/>

	<player>
		<unitScore value='13775'/>
		<killScore value='15350'/>
		<buildingScore value='4025'/>
		<razingScore value='0'/>
		<mineralScore value='19906'/>
		<gasScore value='1464'/>
		<totalScore value='54520'/>
	</player>

	<enemy>
		<race value='Zerg'/>
		<unitScore value='20050'/>
		<unitScore value='20050'/>
		<killScore value='27550'/>
		<buildingScore value='3710'/>
		<razingScore value='12075'/>
		<mineralScore value='19630'/>
		<gasScore value='6784'/>
		<totalScore value='89799'/>
	</enemy>

	<scoreRatio value='0.607134'/>
	<timeFitness value='0.268472'/>
	<unitsAverage value='63'/>
</results>
