<results>
	<result value='draw'/>
	<start value='2015-05-03.19:00:21'/>
	<end value='2015-05-03.19:01:23'/>
	<frames value='57601'/>
	<gameDuration value='3600'/>

	<player>
		<unitScore value='30050'/>
		<killScore value='58835'/>
		<buildingScore value='4900'/>
		<razingScore value='8535'/>
		<mineralScore value='35206'/>
		<gasScore value='4960'/>
		<totalScore value='142486'/>
	</player>

	<enemy>
		<race value='Zerg'/>
		<unitScore value='27625'/>
		<unitScore value='27625'/>
		<killScore value='37400'/>
		<buildingScore value='3525'/>
		<razingScore value='5175'/>
		<mineralScore value='21446'/>
		<gasScore value='10886'/>
		<totalScore value='106057'/>
	</enemy>

	<scoreRatio value='1.34349'/>
	<timeFitness value='0.5'/>
	<unitsAverage value='97'/>
</results>
