<results>
	<result value='loss'/>
	<start value='2015-05-09.22:27:33'/>
	<end value='2015-05-09.22:27:42'/>
	<frames value='15688'/>
	<gameDuration value='980'/>

	<player>
		<unitScore value='3650'/>
		<killScore value='800'/>
		<buildingScore value='1500'/>
		<razingScore value='0'/>
		<mineralScore value='5258'/>
		<gasScore value='1072'/>
		<totalScore value='12280'/>
	</player>

	<enemy>
		<race value='Protoss'/>
		<unitScore value='4475'/>
		<unitScore value='4475'/>
		<killScore value='7300'/>
		<buildingScore value='3175'/>
		<razingScore value='4500'/>
		<mineralScore value='8026'/>
		<gasScore value='2080'/>
		<totalScore value='29556'/>
	</enemy>

	<scoreRatio value='0.415482'/>
	<timeFitness value='0.136111'/>
	<unitsAverage value='26'/>
</results>
