<results>
	<result value='loss'/>
	<start value='2015-05-03.17:53:32'/>
	<end value='2015-05-03.17:53:49'/>
	<frames value='27065'/>
	<gameDuration value='1691'/>

	<player>
		<unitScore value='3400'/>
		<killScore value='2400'/>
		<buildingScore value='1625'/>
		<razingScore value='0'/>
		<mineralScore value='5282'/>
		<gasScore value='912'/>
		<totalScore value='13619'/>
	</player>

	<enemy>
		<race value='Protoss'/>
		<unitScore value='11600'/>
		<unitScore value='11600'/>
		<killScore value='6800'/>
		<buildingScore value='6925'/>
		<razingScore value='4875'/>
		<mineralScore value='16558'/>
		<gasScore value='5896'/>
		<totalScore value='52654'/>
	</enemy>

	<scoreRatio value='0.258651'/>
	<timeFitness value='0.234861'/>
	<unitsAverage value='21'/>
</results>
