<results>
	<result value='loss'/>
	<start value='2015-05-09.22:34:05'/>
	<end value='2015-05-09.22:34:13'/>
	<frames value='14634'/>
	<gameDuration value='914'/>

	<player>
		<unitScore value='2650'/>
		<killScore value='1200'/>
		<buildingScore value='1375'/>
		<razingScore value='0'/>
		<mineralScore value='3906'/>
		<gasScore value='568'/>
		<totalScore value='9699'/>
	</player>

	<enemy>
		<race value='Protoss'/>
		<unitScore value='3550'/>
		<unitScore value='3550'/>
		<killScore value='5400'/>
		<buildingScore value='2475'/>
		<razingScore value='4125'/>
		<mineralScore value='7682'/>
		<gasScore value='1304'/>
		<totalScore value='24536'/>
	</enemy>

	<scoreRatio value='0.395297'/>
	<timeFitness value='0.126944'/>
	<unitsAverage value='19'/>
</results>
