<results>
	<result value='win'/>
	<start value='2015-05-03.17:57:22'/>
	<end value='2015-05-03.17:58:08'/>
	<frames value='36396'/>
	<gameDuration value='2274'/>

	<player>
		<unitScore value='21650'/>
		<killScore value='25000'/>
		<buildingScore value='4050'/>
		<razingScore value='18675'/>
		<mineralScore value='26138'/>
		<gasScore value='3536'/>
		<totalScore value='99049'/>
	</player>

	<enemy>
		<race value='Protoss'/>
		<unitScore value='13400'/>
		<unitScore value='13400'/>
		<killScore value='22800'/>
		<buildingScore value='6225'/>
		<razingScore value='1350'/>
		<mineralScore value='18538'/>
		<gasScore value='5336'/>
		<totalScore value='67649'/>
	</enemy>

	<scoreRatio value='1.46416'/>
	<timeFitness value='0.684167'/>
	<unitsAverage value='88'/>
</results>
