<results>
	<result value='loss'/>
	<start value='2015-05-04.04:50:10'/>
	<end value='2015-05-04.04:50:47'/>
	<frames value='43681'/>
	<gameDuration value='2730'/>

	<player>
		<unitScore value='17650'/>
		<killScore value='21800'/>
		<buildingScore value='2625'/>
		<razingScore value='1050'/>
		<mineralScore value='19518'/>
		<gasScore value='3544'/>
		<totalScore value='66187'/>
	</player>

	<enemy>
		<race value='Protoss'/>
		<unitScore value='29600'/>
		<unitScore value='29600'/>
		<killScore value='35300'/>
		<buildingScore value='7475'/>
		<razingScore value='7875'/>
		<mineralScore value='30078'/>
		<gasScore value='9950'/>
		<totalScore value='120278'/>
	</enemy>

	<scoreRatio value='0.550283'/>
	<timeFitness value='0.379167'/>
	<unitsAverage value='52'/>
</results>
