<results>
	<result value='win'/>
	<start value='2015-05-05.18:15:27'/>
	<end value='2015-05-05.18:16:03'/>
	<frames value='35342'/>
	<gameDuration value='2208'/>

	<player>
		<unitScore value='15525'/>
		<killScore value='26500'/>
		<buildingScore value='4325'/>
		<razingScore value='12075'/>
		<mineralScore value='33798'/>
		<gasScore value='3216'/>
		<totalScore value='95439'/>
	</player>

	<enemy>
		<race value='Terran'/>
		<unitScore value='14650'/>
		<unitScore value='14650'/>
		<killScore value='13750'/>
		<buildingScore value='4025'/>
		<razingScore value='2400'/>
		<mineralScore value='13678'/>
		<gasScore value='6076'/>
		<totalScore value='54579'/>
	</enemy>

	<scoreRatio value='1.74864'/>
	<timeFitness value='0.693333'/>
	<unitsAverage value='87'/>
</results>
