<results>
	<result value='win'/>
	<start value='2015-05-05.18:21:22'/>
	<end value='2015-05-05.18:21:44'/>
	<frames value='24523'/>
	<gameDuration value='1532'/>

	<player>
		<unitScore value='15750'/>
		<killScore value='19600'/>
		<buildingScore value='4100'/>
		<razingScore value='4875'/>
		<mineralScore value='21094'/>
		<gasScore value='1592'/>
		<totalScore value='67011'/>
	</player>

	<enemy>
		<race value='Terran'/>
		<unitScore value='9800'/>
		<unitScore value='9800'/>
		<killScore value='12200'/>
		<buildingScore value='1700'/>
		<razingScore value='375'/>
		<mineralScore value='10470'/>
		<gasScore value='3456'/>
		<totalScore value='38001'/>
	</enemy>

	<scoreRatio value='1.7634'/>
	<timeFitness value='0.787222'/>
	<unitsAverage value='78'/>
</results>
