<results>
	<result value='win'/>
	<start value='2015-05-05.18:24:35'/>
	<end value='2015-05-05.18:24:57'/>
	<frames value='28181'/>
	<gameDuration value='1761'/>

	<player>
		<unitScore value='13575'/>
		<killScore value='20000'/>
		<buildingScore value='3850'/>
		<razingScore value='9900'/>
		<mineralScore value='19270'/>
		<gasScore value='1464'/>
		<totalScore value='68059'/>
	</player>

	<enemy>
		<race value='Terran'/>
		<unitScore value='12400'/>
		<unitScore value='12400'/>
		<killScore value='10850'/>
		<buildingScore value='3300'/>
		<razingScore value='1200'/>
		<mineralScore value='11986'/>
		<gasScore value='5296'/>
		<totalScore value='45032'/>
	</enemy>

	<scoreRatio value='1.51135'/>
	<timeFitness value='0.755417'/>
	<unitsAverage value='64'/>
</results>
