<results>
	<result value='win'/>
	<start value='2015-05-05.18:35:33'/>
	<end value='2015-05-05.18:35:44'/>
	<frames value='17300'/>
	<gameDuration value='1081'/>

	<player>
		<unitScore value='5675'/>
		<killScore value='8550'/>
		<buildingScore value='2250'/>
		<razingScore value='3975'/>
		<mineralScore value='8610'/>
		<gasScore value='1208'/>
		<totalScore value='30268'/>
	</player>

	<enemy>
		<race value='Terran'/>
		<unitScore value='4275'/>
		<unitScore value='4275'/>
		<killScore value='2400'/>
		<buildingScore value='1400'/>
		<razingScore value='1200'/>
		<mineralScore value='7274'/>
		<gasScore value='1872'/>
		<totalScore value='18421'/>
	</enemy>

	<scoreRatio value='1.64312'/>
	<timeFitness value='0.849861'/>
	<unitsAverage value='42'/>
</results>
