<results>
	<result value='loss'/>
	<start value='2015-03-28.19:19:38'/>
	<end value='2015-03-28.19:20:37'/>
	<frames value='45386'/>
	<gameDuration value='2836'/>

	<player>
		<unitScore value='23525'/>
		<killScore value='27950'/>
		<buildingScore value='2650'/>
		<razingScore value='2100'/>
		<mineralScore value='24018'/>
		<gasScore value='3160'/>
		<totalScore value='83403'/>
	</player>

	<enemy>
		<race value='Protoss'/>
		<unitScore value='35200'/>
		<unitScore value='35200'/>
		<killScore value='47150'/>
		<buildingScore value='8325'/>
		<razingScore value='7950'/>
		<mineralScore value='32298'/>
		<gasScore value='12234'/>
		<totalScore value='143157'/>
	</enemy>

	<scoreRatio value='0.582598'/>
</results>
