<results>
	<result value='win'/>
	<start value='2015-04-12.11:19:07'/>
	<end value='2015-04-12.11:21:18'/>
	<frames value='52826'/>
	<gameDuration value='3301'/>

	<player>
		<unitScore value='31650'/>
		<killScore value='51250'/>
		<buildingScore value='3975'/>
		<razingScore value='23550'/>
		<mineralScore value='32918'/>
		<gasScore value='3968'/>
		<totalScore value='147311'/>
	</player>

	<enemy>
		<race value='Protoss'/>
		<unitScore value='26975'/>
		<unitScore value='26975'/>
		<killScore value='36450'/>
		<buildingScore value='7850'/>
		<razingScore value='150'/>
		<mineralScore value='29062'/>
		<gasScore value='12144'/>
		<totalScore value='112631'/>
	</enemy>

	<scoreRatio value='1.30791'/>
</results>
