<results>
	<result value='loss'/>
	<start value='2015-04-12.11:26:11'/>
	<end value='2015-04-12.11:28:02'/>
	<frames value='53415'/>
	<gameDuration value='3338'/>

	<player>
		<unitScore value='23950'/>
		<killScore value='39900'/>
		<buildingScore value='2700'/>
		<razingScore value='3000'/>
		<mineralScore value='24002'/>
		<gasScore value='5412'/>
		<totalScore value='98964'/>
	</player>

	<enemy>
		<race value='Protoss'/>
		<unitScore value='39665'/>
		<unitScore value='39665'/>
		<killScore value='47650'/>
		<buildingScore value='8475'/>
		<razingScore value='8100'/>
		<mineralScore value='35350'/>
		<gasScore value='14236'/>
		<totalScore value='153476'/>
	</enemy>

	<scoreRatio value='0.644817'/>
</results>
