<results>
	<result value='win'/>
	<start value='2014-07-11.22:14:34'/>
	<end value='2014-07-11.22:14:56'/>
	<frames value='28460'/>
	<gameDuration value='1778'/>

	<player>
		<unitScore value='14250'/>
		<killScore value='19970'/>
		<buildingScore value='3375'/>
		<razingScore value='8850'/>
		<mineralScore value='22802'/>
		<gasScore value='1960'/>
		<totalScore value='71207'/>
	</player>

	<enemy>
		<race value='Zerg'/>
		<unitScore value='10150'/>
		<unitScore value='10150'/>
		<killScore value='13650'/>
		<buildingScore value='2950'/>
		<razingScore value='1950'/>
		<mineralScore value='11530'/>
		<gasScore value='3112'/>
		<totalScore value='43342'/>
	</enemy>

	<scoreRatio value='1.64291'/>
</results>
