<results>
	<result value='win'/>
	<start value='2014-07-11.22:15:23'/>
	<end value='2014-07-11.22:15:47'/>
	<frames value='25701'/>
	<gameDuration value='1606'/>

	<player>
		<unitScore value='16425'/>
		<killScore value='36410'/>
		<buildingScore value='3475'/>
		<razingScore value='5040'/>
		<mineralScore value='27090'/>
		<gasScore value='2584'/>
		<totalScore value='91024'/>
	</player>

	<enemy>
		<race value='Zerg'/>
		<unitScore value='14800'/>
		<unitScore value='14800'/>
		<killScore value='13800'/>
		<buildingScore value='1680'/>
		<razingScore value='0'/>
		<mineralScore value='12610'/>
		<gasScore value='3544'/>
		<totalScore value='46434'/>
	</enemy>

	<scoreRatio value='1.96029'/>
</results>
