<results>
	<result value='win'/>
	<start value='2014-07-11.22:18:37'/>
	<end value='2014-07-11.22:19:00'/>
	<frames value='27437'/>
	<gameDuration value='1714'/>

	<player>
		<unitScore value='18250'/>
		<killScore value='29510'/>
		<buildingScore value='4050'/>
		<razingScore value='5040'/>
		<mineralScore value='26138'/>
		<gasScore value='2720'/>
		<totalScore value='85708'/>
	</player>

	<enemy>
		<race value='Zerg'/>
		<unitScore value='12600'/>
		<unitScore value='12600'/>
		<killScore value='17700'/>
		<buildingScore value='1680'/>
		<razingScore value='375'/>
		<mineralScore value='11394'/>
		<gasScore value='3352'/>
		<totalScore value='47101'/>
	</enemy>

	<scoreRatio value='1.81966'/>
</results>
