<results>
	<result value='win'/>
	<start value='2014-07-11.22:21:02'/>
	<end value='2014-07-11.22:21:27'/>
	<frames value='25577'/>
	<gameDuration value='1598'/>

	<player>
		<unitScore value='15875'/>
		<killScore value='22955'/>
		<buildingScore value='4450'/>
		<razingScore value='7020'/>
		<mineralScore value='25734'/>
		<gasScore value='1928'/>
		<totalScore value='77962'/>
	</player>

	<enemy>
		<race value='Zerg'/>
		<unitScore value='11475'/>
		<unitScore value='11475'/>
		<killScore value='10700'/>
		<buildingScore value='2340'/>
		<razingScore value='1350'/>
		<mineralScore value='11698'/>
		<gasScore value='3528'/>
		<totalScore value='41091'/>
	</enemy>

	<scoreRatio value='1.8973'/>
</results>
