<results>
	<result value='win'/>
	<start value='2015-05-10.07:03:13'/>
	<end value='2015-05-10.07:03:28'/>
	<frames value='23035'/>
	<gameDuration value='1439'/>

	<player>
		<unitScore value='8900'/>
		<killScore value='15200'/>
		<buildingScore value='2225'/>
		<razingScore value='5250'/>
		<mineralScore value='11342'/>
		<gasScore value='2048'/>
		<totalScore value='44965'/>
	</player>

	<enemy>
		<race value='Terran'/>
		<unitScore value='7600'/>
		<unitScore value='7600'/>
		<killScore value='10300'/>
		<buildingScore value='1750'/>
		<razingScore value='1650'/>
		<mineralScore value='7666'/>
		<gasScore value='2160'/>
		<totalScore value='31126'/>
	</enemy>

	<scoreRatio value='1.44461'/>
	<timeFitness value='0.800139'/>
	<unitsAverage value='49'/>
</results>
