<results>
	<result value='loss'/>
	<start value='2015-04-11.03:13:53'/>
	<end value='2015-04-11.03:14:37'/>
	<frames value='35745'/>
	<gameDuration value='2234'/>

	<player>
		<unitScore value='15475'/>
		<killScore value='14000'/>
		<buildingScore value='2300'/>
		<razingScore value='1800'/>
		<mineralScore value='17434'/>
		<gasScore value='2752'/>
		<totalScore value='53761'/>
	</player>

	<enemy>
		<race value='Protoss'/>
		<unitScore value='20250'/>
		<unitScore value='20250'/>
		<killScore value='31050'/>
		<buildingScore value='7025'/>
		<razingScore value='6900'/>
		<mineralScore value='24958'/>
		<gasScore value='7054'/>
		<totalScore value='97237'/>
	</enemy>

	<scoreRatio value='0.552886'/>
</results>
