<results>
	<result value='win'/>
	<start value='2015-04-29.07:32:56'/>
	<end value='2015-04-29.07:33:30'/>
	<frames value='31808'/>
	<gameDuration value='1988'/>

	<player>
		<unitScore value='24375'/>
		<killScore value='33200'/>
		<buildingScore value='4525'/>
		<razingScore value='14775'/>
		<mineralScore value='33698'/>
		<gasScore value='3432'/>
		<totalScore value='114005'/>
	</player>

	<enemy>
		<race value='Protoss'/>
		<unitScore value='17250'/>
		<unitScore value='17250'/>
		<killScore value='25450'/>
		<buildingScore value='4925'/>
		<razingScore value='0'/>
		<mineralScore value='21674'/>
		<gasScore value='4400'/>
		<totalScore value='73699'/>
	</enemy>

	<scoreRatio value='1.5469'/>
	<timeFitness value='0.723889'/>
	<unitsAverage value='118'/>
</results>
