<results>
	<result value='loss'/>
	<start value='2015-07-18.03:15:22'/>
	<end value='2015-07-18.03:16:27'/>
	<frames value='34939'/>
	<gameDuration value='2183'/>

	<player>
		<unitScore value='18300'/>
		<killScore value='10400'/>
		<buildingScore value='2900'/>
		<razingScore value='300'/>
		<mineralScore value='19914'/>
		<gasScore value='3256'/>
		<totalScore value='55070'/>
	</player>

	<enemy>
		<race value='Protoss'/>
		<unitScore value='20200'/>
		<killScore value='31250'/>
		<buildingScore value='6975'/>
		<razingScore value='8700'/>
		<mineralScore value='23006'/>
		<gasScore value='7846'/>
		<totalScore value='97977'/>
	</enemy>

	<scoreRatio value='0.562071'/>
	<timeFitness value='0.303194'/>
	<unitsAverage value='64'/>
</results>
