<results>
	<result value='loss'/>
	<start value='2015-07-18.03:17:05'/>
	<end value='2015-07-18.03:17:21'/>
	<frames value='22756'/>
	<gameDuration value='1422'/>

	<player>
		<unitScore value='8200'/>
		<killScore value='2100'/>
		<buildingScore value='2250'/>
		<razingScore value='0'/>
		<mineralScore value='9586'/>
		<gasScore value='1248'/>
		<totalScore value='23384'/>
	</player>

	<enemy>
		<race value='Protoss'/>
		<unitScore value='7425'/>
		<killScore value='16600'/>
		<buildingScore value='4850'/>
		<razingScore value='6750'/>
		<mineralScore value='12762'/>
		<gasScore value='3512'/>
		<totalScore value='51899'/>
	</enemy>

	<scoreRatio value='0.450567'/>
	<timeFitness value='0.1975'/>
	<unitsAverage value='31'/>
</results>
