<results>
	<result value='loss'/>
	<start value='2015-07-18.03:17:29'/>
	<end value='2015-07-18.03:19:27'/>
	<frames value='38225'/>
	<gameDuration value='2389'/>

	<player>
		<unitScore value='24825'/>
		<killScore value='5600'/>
		<buildingScore value='4175'/>
		<razingScore value='600'/>
		<mineralScore value='35018'/>
		<gasScore value='2768'/>
		<totalScore value='72986'/>
	</player>

	<enemy>
		<race value='Protoss'/>
		<unitScore value='14050'/>
		<killScore value='43450'/>
		<buildingScore value='7125'/>
		<razingScore value='12525'/>
		<mineralScore value='25322'/>
		<gasScore value='5772'/>
		<totalScore value='108244'/>
	</enemy>

	<scoreRatio value='0.674273'/>
	<timeFitness value='0.331806'/>
	<unitsAverage value='105'/>
</results>
