<results>
	<result value='draw'/>
	<start value='2015-04-12.12:29:55'/>
	<end value='2015-04-12.12:32:01'/>
	<frames value='57601'/>
	<gameDuration value='3600'/>

	<player>
		<unitScore value='29675'/>
		<killScore value='59350'/>
		<buildingScore value='3025'/>
		<razingScore value='5400'/>
		<mineralScore value='31614'/>
		<gasScore value='7076'/>
		<totalScore value='136140'/>
	</player>

	<enemy>
		<race value='Protoss'/>
		<unitScore value='37825'/>
		<unitScore value='37825'/>
		<killScore value='52100'/>
		<buildingScore value='8050'/>
		<razingScore value='0'/>
		<mineralScore value='31422'/>
		<gasScore value='11994'/>
		<totalScore value='141391'/>
	</enemy>

	<scoreRatio value='0.962862'/>
</results>
