<results>
	<result value='win'/>
	<start value='2015-04-30.17:03:31'/>
	<end value='2015-04-30.17:04:13'/>
	<frames value='27809'/>
	<gameDuration value='1738'/>

	<player>
		<unitScore value='13250'/>
		<killScore value='15300'/>
		<buildingScore value='3550'/>
		<razingScore value='9525'/>
		<mineralScore value='19646'/>
		<gasScore value='2936'/>
		<totalScore value='64207'/>
	</player>

	<enemy>
		<race value='Protoss'/>
		<unitScore value='7700'/>
		<unitScore value='7700'/>
		<killScore value='7850'/>
		<buildingScore value='3175'/>
		<razingScore value='0'/>
		<mineralScore value='10770'/>
		<gasScore value='3392'/>
		<totalScore value='32887'/>
	</enemy>

	<scoreRatio value='1.95235'/>
	<timeFitness value='0.758611'/>
	<unitsAverage value='81'/>
</results>
