<results>
	<result value='loss'/>
	<start value='2015-05-05.16:51:21'/>
	<end value='2015-05-05.16:51:33'/>
	<frames value='19842'/>
	<gameDuration value='1240'/>

	<player>
		<unitScore value='4375'/>
		<killScore value='2400'/>
		<buildingScore value='1775'/>
		<razingScore value='0'/>
		<mineralScore value='6674'/>
		<gasScore value='944'/>
		<totalScore value='16168'/>
	</player>

	<enemy>
		<race value='Terran'/>
		<unitScore value='8025'/>
		<unitScore value='8025'/>
		<killScore value='8750'/>
		<buildingScore value='2850'/>
		<razingScore value='5325'/>
		<mineralScore value='9154'/>
		<gasScore value='3592'/>
		<totalScore value='37696'/>
	</enemy>

	<scoreRatio value='0.428905'/>
	<timeFitness value='0.172222'/>
	<unitsAverage value='30'/>
</results>
