<results>
	<result value='win'/>
	<start value='2015-05-05.16:55:36'/>
	<end value='2015-05-05.16:56:21'/>
	<frames value='46843'/>
	<gameDuration value='2927'/>

	<player>
		<unitScore value='14200'/>
		<killScore value='17300'/>
		<buildingScore value='4600'/>
		<razingScore value='9675'/>
		<mineralScore value='43126'/>
		<gasScore value='4152'/>
		<totalScore value='93053'/>
	</player>

	<enemy>
		<race value='Terran'/>
		<unitScore value='8650'/>
		<unitScore value='8650'/>
		<killScore value='10800'/>
		<buildingScore value='3225'/>
		<razingScore value='1725'/>
		<mineralScore value='15406'/>
		<gasScore value='3496'/>
		<totalScore value='43302'/>
	</enemy>

	<scoreRatio value='2.14893'/>
	<timeFitness value='0.593472'/>
	<unitsAverage value='91'/>
</results>
