<results>
	<result value='win'/>
	<start value='2015-05-05.17:00:28'/>
	<end value='2015-05-05.17:00:50'/>
	<frames value='27158'/>
	<gameDuration value='1697'/>

	<player>
		<unitScore value='11750'/>
		<killScore value='19800'/>
		<buildingScore value='3325'/>
		<razingScore value='8400'/>
		<mineralScore value='16094'/>
		<gasScore value='2328'/>
		<totalScore value='61697'/>
	</player>

	<enemy>
		<race value='Terran'/>
		<unitScore value='10500'/>
		<unitScore value='10500'/>
		<killScore value='11350'/>
		<buildingScore value='3050'/>
		<razingScore value='2325'/>
		<mineralScore value='11482'/>
		<gasScore value='4080'/>
		<totalScore value='42787'/>
	</enemy>

	<scoreRatio value='1.44196'/>
	<timeFitness value='0.764306'/>
	<unitsAverage value='60'/>
</results>
