<results>
	<result value='win'/>
	<start value='2015-07-18.17:09:27'/>
	<end value='2015-07-18.17:10:15'/>
	<frames value='32986'/>
	<gameDuration value='2061'/>

	<player>
		<unitScore value='23675'/>
		<killScore value='22200'/>
		<buildingScore value='3900'/>
		<razingScore value='11175'/>
		<mineralScore value='33550'/>
		<gasScore value='4152'/>
		<totalScore value='98652'/>
	</player>

	<enemy>
		<race value='Protoss'/>
		<unitScore value='12850'/>
		<killScore value='24100'/>
		<buildingScore value='3725'/>
		<razingScore value='150'/>
		<mineralScore value='10766'/>
		<gasScore value='3352'/>
		<totalScore value='54943'/>
	</enemy>

	<scoreRatio value='1.79553'/>
	<timeFitness value='0.71375'/>
	<unitsAverage value='107'/>
</results>
