<results>
	<result value='draw'/>
	<start value='2015-05-09.13:23:28'/>
	<end value='2015-05-09.13:24:31'/>
	<frames value='57601'/>
	<gameDuration value='3600'/>

	<player>
		<unitScore value='22625'/>
		<killScore value='35300'/>
		<buildingScore value='2875'/>
		<razingScore value='4200'/>
		<mineralScore value='24854'/>
		<gasScore value='6176'/>
		<totalScore value='96030'/>
	</player>

	<enemy>
		<race value='Terran'/>
		<unitScore value='25700'/>
		<unitScore value='25700'/>
		<killScore value='36400'/>
		<buildingScore value='4925'/>
		<razingScore value='2100'/>
		<mineralScore value='19550'/>
		<gasScore value='12024'/>
		<totalScore value='100699'/>
	</enemy>

	<scoreRatio value='0.953634'/>
	<timeFitness value='0.5'/>
	<unitsAverage value='86'/>
</results>
