<results>
	<result value='loss'/>
	<start value='2015-07-13.01:49:40'/>
	<end value='2015-07-13.01:50:12'/>
	<frames value='37140'/>
	<gameDuration value='2321'/>

	<player>
		<unitScore value='17175'/>
		<killScore value='13750'/>
		<buildingScore value='2350'/>
		<razingScore value='1950'/>
		<mineralScore value='22958'/>
		<gasScore value='3416'/>
		<totalScore value='61599'/>
	</player>

	<enemy>
		<race value='Protoss'/>
		<unitScore value='19075'/>
		<killScore value='34350'/>
		<buildingScore value='7675'/>
		<razingScore value='7050'/>
		<mineralScore value='26026'/>
		<gasScore value='7968'/>
		<totalScore value='102144'/>
	</enemy>

	<scoreRatio value='0.60306'/>
	<timeFitness value='0.322361'/>
	<unitsAverage value='50'/>
</results>
