<results>
	<result value='loss'/>
	<start value='2015-07-13.00:57:59'/>
	<end value='2015-07-13.00:58:27'/>
	<frames value='32614'/>
	<gameDuration value='2038'/>

	<player>
		<unitScore value='16450'/>
		<killScore value='8700'/>
		<buildingScore value='2725'/>
		<razingScore value='300'/>
		<mineralScore value='19098'/>
		<gasScore value='2904'/>
		<totalScore value='50177'/>
	</player>

	<enemy>
		<race value='Protoss'/>
		<unitScore value='17300'/>
		<killScore value='32900'/>
		<buildingScore value='7025'/>
		<razingScore value='8175'/>
		<mineralScore value='20798'/>
		<gasScore value='7672'/>
		<totalScore value='93870'/>
	</enemy>

	<scoreRatio value='0.534537'/>
	<timeFitness value='0.283056'/>
	<unitsAverage value='48'/>
</results>
