<results>
	<result value='loss'/>
	<start value='2015-07-13.01:07:16'/>
	<end value='2015-07-13.01:07:49'/>
	<frames value='34660'/>
	<gameDuration value='2166'/>

	<player>
		<unitScore value='17150'/>
		<killScore value='10000'/>
		<buildingScore value='2550'/>
		<razingScore value='600'/>
		<mineralScore value='24602'/>
		<gasScore value='2640'/>
		<totalScore value='57542'/>
	</player>

	<enemy>
		<race value='Protoss'/>
		<unitScore value='20550'/>
		<killScore value='34000'/>
		<buildingScore value='7150'/>
		<razingScore value='7650'/>
		<mineralScore value='26050'/>
		<gasScore value='7464'/>
		<totalScore value='102864'/>
	</enemy>

	<scoreRatio value='0.559399'/>
	<timeFitness value='0.300833'/>
	<unitsAverage value='59'/>
</results>
