<results>
	<result value='loss'/>
	<start value='2015-07-13.01:14:24'/>
	<end value='2015-07-13.01:15:15'/>
	<frames value='47866'/>
	<gameDuration value='2991'/>

	<player>
		<unitScore value='30200'/>
		<killScore value='17500'/>
		<buildingScore value='3425'/>
		<razingScore value='1650'/>
		<mineralScore value='30646'/>
		<gasScore value='5560'/>
		<totalScore value='88981'/>
	</player>

	<enemy>
		<race value='Protoss'/>
		<unitScore value='27250'/>
		<killScore value='60400'/>
		<buildingScore value='7975'/>
		<razingScore value='10275'/>
		<mineralScore value='29914'/>
		<gasScore value='9350'/>
		<totalScore value='145164'/>
	</enemy>

	<scoreRatio value='0.612969'/>
	<timeFitness value='0.415417'/>
	<unitsAverage value='71'/>
</results>
