<results>
	<result value='loss'/>
	<start value='2015-07-13.01:17:48'/>
	<end value='2015-07-13.01:18:23'/>
	<frames value='34071'/>
	<gameDuration value='2129'/>

	<player>
		<unitScore value='19350'/>
		<killScore value='11200'/>
		<buildingScore value='2500'/>
		<razingScore value='600'/>
		<mineralScore value='25426'/>
		<gasScore value='4000'/>
		<totalScore value='63076'/>
	</player>

	<enemy>
		<race value='Protoss'/>
		<unitScore value='20600'/>
		<killScore value='38700'/>
		<buildingScore value='7175'/>
		<razingScore value='7500'/>
		<mineralScore value='23562'/>
		<gasScore value='8030'/>
		<totalScore value='105567'/>
	</enemy>

	<scoreRatio value='0.597497'/>
	<timeFitness value='0.295694'/>
	<unitsAverage value='62'/>
</results>
