<results>
	<result value='loss'/>
	<start value='2015-04-27.23:11:29'/>
	<end value='2015-04-27.23:11:39'/>
	<frames value='16370'/>
	<gameDuration value='1023'/>

	<player>
		<unitScore value='2975'/>
		<killScore value='500'/>
		<buildingScore value='1800'/>
		<razingScore value='0'/>
		<mineralScore value='4474'/>
		<gasScore value='528'/>
		<totalScore value='10277'/>
	</player>

	<enemy>
		<race value='Terran'/>
		<unitScore value='5350'/>
		<unitScore value='5350'/>
		<killScore value='5200'/>
		<buildingScore value='1900'/>
		<razingScore value='5400'/>
		<mineralScore value='7434'/>
		<gasScore value='2472'/>
		<totalScore value='27756'/>
	</enemy>

	<scoreRatio value='0.370262'/>
</results>
