<results>
	<result value='win'/>
	<start value='2015-05-08.22:49:36'/>
	<end value='2015-05-08.22:49:52'/>
	<frames value='19780'/>
	<gameDuration value='1236'/>

	<player>
		<unitScore value='8850'/>
		<killScore value='13300'/>
		<buildingScore value='2675'/>
		<razingScore value='4650'/>
		<mineralScore value='13002'/>
		<gasScore value='1640'/>
		<totalScore value='44117'/>
	</player>

	<enemy>
		<race value='Terran'/>
		<unitScore value='6650'/>
		<unitScore value='6650'/>
		<killScore value='4000'/>
		<buildingScore value='1550'/>
		<razingScore value='0'/>
		<mineralScore value='7586'/>
		<gasScore value='2312'/>
		<totalScore value='22098'/>
	</enemy>

	<scoreRatio value='1.99643'/>
	<timeFitness value='0.828333'/>
	<unitsAverage value='59'/>
</results>
