<results>
	<result value='loss'/>
	<start value='2015-05-08.22:58:36'/>
	<end value='2015-05-08.22:58:48'/>
	<frames value='20989'/>
	<gameDuration value='1311'/>

	<player>
		<unitScore value='4075'/>
		<killScore value='2500'/>
		<buildingScore value='2000'/>
		<razingScore value='0'/>
		<mineralScore value='5938'/>
		<gasScore value='960'/>
		<totalScore value='15473'/>
	</player>

	<enemy>
		<race value='Terran'/>
		<unitScore value='8275'/>
		<unitScore value='8275'/>
		<killScore value='8150'/>
		<buildingScore value='3175'/>
		<razingScore value='6000'/>
		<mineralScore value='10010'/>
		<gasScore value='4032'/>
		<totalScore value='39642'/>
	</enemy>

	<scoreRatio value='0.390318'/>
	<timeFitness value='0.182083'/>
	<unitsAverage value='30'/>
</results>
