<results>
	<result value='loss'/>
	<start value='2015-07-21.15:42:49'/>
	<end value='2015-07-21.15:43:22'/>
	<frames value='29762'/>
	<gameDuration value='1860'/>

	<player>
		<unitScore value='15375'/>
		<killScore value='14550'/>
		<buildingScore value='2400'/>
		<razingScore value='240'/>
		<mineralScore value='18594'/>
		<gasScore value='2448'/>
		<totalScore value='53607'/>
	</player>

	<enemy>
		<race value='Zerg'/>
		<unitScore value='18075'/>
		<killScore value='30750'/>
		<buildingScore value='3830'/>
		<razingScore value='7200'/>
		<mineralScore value='18266'/>
		<gasScore value='5832'/>
		<totalScore value='83953'/>
	</enemy>

	<scoreRatio value='0.638536'/>
	<timeFitness value='0.258333'/>
	<unitsAverage value='53'/>
</results>
