<results>
	<result value='loss'/>
	<start value='2015-07-21.15:46:41'/>
	<end value='2015-07-21.15:47:10'/>
	<frames value='28057'/>
	<gameDuration value='1753'/>

	<player>
		<unitScore value='10325'/>
		<killScore value='8050'/>
		<buildingScore value='4150'/>
		<razingScore value='0'/>
		<mineralScore value='15778'/>
		<gasScore value='1936'/>
		<totalScore value='40239'/>
	</player>

	<enemy>
		<race value='Zerg'/>
		<unitScore value='15275'/>
		<killScore value='18200'/>
		<buildingScore value='3685'/>
		<razingScore value='12450'/>
		<mineralScore value='16682'/>
		<gasScore value='5136'/>
		<totalScore value='71428'/>
	</enemy>

	<scoreRatio value='0.56335'/>
	<timeFitness value='0.243472'/>
	<unitsAverage value='46'/>
</results>
