<results>
	<result value='loss'/>
	<start value='2015-07-21.15:47:19'/>
	<end value='2015-07-21.15:48:05'/>
	<frames value='31808'/>
	<gameDuration value='1988'/>

	<player>
		<unitScore value='16850'/>
		<killScore value='19550'/>
		<buildingScore value='3350'/>
		<razingScore value='0'/>
		<mineralScore value='20694'/>
		<gasScore value='2160'/>
		<totalScore value='62604'/>
	</player>

	<enemy>
		<race value='Zerg'/>
		<unitScore value='16400'/>
		<killScore value='33700'/>
		<buildingScore value='4250'/>
		<razingScore value='10050'/>
		<mineralScore value='19710'/>
		<gasScore value='6782'/>
		<totalScore value='90892'/>
	</enemy>

	<scoreRatio value='0.688774'/>
	<timeFitness value='0.276111'/>
	<unitsAverage value='68'/>
</results>
