<results>
	<result value='loss'/>
	<start value='2015-07-21.15:51:21'/>
	<end value='2015-07-21.15:51:51'/>
	<frames value='26476'/>
	<gameDuration value='1654'/>

	<player>
		<unitScore value='13500'/>
		<killScore value='4570'/>
		<buildingScore value='3475'/>
		<razingScore value='0'/>
		<mineralScore value='17662'/>
		<gasScore value='2208'/>
		<totalScore value='41415'/>
	</player>

	<enemy>
		<race value='Zerg'/>
		<unitScore value='11650'/>
		<killScore value='27000'/>
		<buildingScore value='2925'/>
		<razingScore value='10425'/>
		<mineralScore value='14710'/>
		<gasScore value='4080'/>
		<totalScore value='70790'/>
	</enemy>

	<scoreRatio value='0.58504'/>
	<timeFitness value='0.229722'/>
	<unitsAverage value='51'/>
</results>
