<results>
	<result value='win'/>
	<start value='2015-05-01.16:32:53'/>
	<end value='2015-05-01.16:33:19'/>
	<frames value='27313'/>
	<gameDuration value='1707'/>

	<player>
		<unitScore value='17775'/>
		<killScore value='23090'/>
		<buildingScore value='4425'/>
		<razingScore value='5460'/>
		<mineralScore value='24170'/>
		<gasScore value='2384'/>
		<totalScore value='77304'/>
	</player>

	<enemy>
		<race value='Zerg'/>
		<unitScore value='10350'/>
		<unitScore value='10350'/>
		<killScore value='10650'/>
		<buildingScore value='1820'/>
		<razingScore value='0'/>
		<mineralScore value='9882'/>
		<gasScore value='3312'/>
		<totalScore value='36014'/>
	</enemy>

	<scoreRatio value='2.1465'/>
	<timeFitness value='0.762917'/>
	<unitsAverage value='103'/>
</results>
