<results>
	<result value='win'/>
	<start value='2015-05-01.16:33:22'/>
	<end value='2015-05-01.16:34:22'/>
	<frames value='51927'/>
	<gameDuration value='3245'/>

	<player>
		<unitScore value='34775'/>
		<killScore value='61165'/>
		<buildingScore value='4425'/>
		<razingScore value='13545'/>
		<mineralScore value='35202'/>
		<gasScore value='5448'/>
		<totalScore value='154560'/>
	</player>

	<enemy>
		<race value='Zerg'/>
		<unitScore value='30925'/>
		<unitScore value='30925'/>
		<killScore value='40350'/>
		<buildingScore value='4515'/>
		<razingScore value='2100'/>
		<mineralScore value='25170'/>
		<gasScore value='11036'/>
		<totalScore value='114096'/>
	</enemy>

	<scoreRatio value='1.35465'/>
	<timeFitness value='0.549306'/>
	<unitsAverage value='119'/>
</results>
