<results>
	<result value='loss'/>
	<start value='2015-05-01.16:34:57'/>
	<end value='2015-05-01.16:35:07'/>
	<frames value='21795'/>
	<gameDuration value='1362'/>

	<player>
		<unitScore value='4425'/>
		<killScore value='6900'/>
		<buildingScore value='1800'/>
		<razingScore value='0'/>
		<mineralScore value='5986'/>
		<gasScore value='1024'/>
		<totalScore value='20135'/>
	</player>

	<enemy>
		<race value='Zerg'/>
		<unitScore value='8725'/>
		<unitScore value='8725'/>
		<killScore value='8850'/>
		<buildingScore value='2800'/>
		<razingScore value='5400'/>
		<mineralScore value='11002'/>
		<gasScore value='3664'/>
		<totalScore value='40441'/>
	</enemy>

	<scoreRatio value='0.497886'/>
	<timeFitness value='0.189167'/>
	<unitsAverage value='29'/>
</results>
