<results>
	<result value='loss'/>
	<start value='2015-04-30.04:44:37'/>
	<end value='2015-04-30.04:45:35'/>
	<frames value='42379'/>
	<gameDuration value='2648'/>

	<player>
		<unitScore value='21275'/>
		<killScore value='30850'/>
		<buildingScore value='3650'/>
		<razingScore value='1200'/>
		<mineralScore value='25546'/>
		<gasScore value='3592'/>
		<totalScore value='86113'/>
	</player>

	<enemy>
		<race value='Protoss'/>
		<unitScore value='29475'/>
		<unitScore value='29475'/>
		<killScore value='42650'/>
		<buildingScore value='8100'/>
		<razingScore value='10950'/>
		<mineralScore value='30106'/>
		<gasScore value='9964'/>
		<totalScore value='131245'/>
	</enemy>

	<scoreRatio value='0.656124'/>
</results>
