<results>
	<result value='win'/>
	<start value='2015-04-30.04:50:51'/>
	<end value='2015-04-30.04:51:29'/>
	<frames value='28553'/>
	<gameDuration value='1784'/>

	<player>
		<unitScore value='16800'/>
		<killScore value='13050'/>
		<buildingScore value='3525'/>
		<razingScore value='15000'/>
		<mineralScore value='20362'/>
		<gasScore value='2616'/>
		<totalScore value='71353'/>
	</player>

	<enemy>
		<race value='Protoss'/>
		<unitScore value='6525'/>
		<unitScore value='6525'/>
		<killScore value='13150'/>
		<buildingScore value='5000'/>
		<razingScore value='375'/>
		<mineralScore value='14010'/>
		<gasScore value='3016'/>
		<totalScore value='42076'/>
	</enemy>

	<scoreRatio value='1.69581'/>
</results>
