<results>
	<result value='loss'/>
	<start value='2015-05-09.01:02:38'/>
	<end value='2015-05-09.01:03:12'/>
	<frames value='49044'/>
	<gameDuration value='3065'/>

	<player>
		<unitScore value='15000'/>
		<killScore value='20600'/>
		<buildingScore value='2875'/>
		<razingScore value='3450'/>
		<mineralScore value='18050'/>
		<gasScore value='3104'/>
		<totalScore value='63079'/>
	</player>

	<enemy>
		<race value='Terran'/>
		<unitScore value='29050'/>
		<unitScore value='29050'/>
		<killScore value='30000'/>
		<buildingScore value='6450'/>
		<razingScore value='8625'/>
		<mineralScore value='24762'/>
		<gasScore value='14074'/>
		<totalScore value='112961'/>
	</enemy>

	<scoreRatio value='0.558414'/>
	<timeFitness value='0.425694'/>
	<unitsAverage value='46'/>
</results>
