<results>
	<result value='loss'/>
	<start value='2015-04-08.14:18:00'/>
	<end value='2015-04-08.14:18:07'/>
	<frames value='15254'/>
	<gameDuration value='953'/>

	<player>
		<unitScore value='2575'/>
		<killScore value='1400'/>
		<buildingScore value='1400'/>
		<razingScore value='0'/>
		<mineralScore value='4034'/>
		<gasScore value='456'/>
		<totalScore value='9865'/>
	</player>

	<enemy>
		<race value='Protoss'/>
		<unitScore value='3550'/>
		<unitScore value='3550'/>
		<killScore value='5150'/>
		<buildingScore value='2825'/>
		<razingScore value='4200'/>
		<mineralScore value='8026'/>
		<gasScore value='1184'/>
		<totalScore value='24935'/>
	</enemy>

	<scoreRatio value='0.395629'/>
</results>
