<results>
	<result value='win'/>
	<start value='2015-05-11.01:50:54'/>
	<end value='2015-05-11.01:51:35'/>
	<frames value='30692'/>
	<gameDuration value='1918'/>

	<player>
		<unitScore value='20400'/>
		<killScore value='26510'/>
		<buildingScore value='4950'/>
		<razingScore value='8865'/>
		<mineralScore value='25890'/>
		<gasScore value='3560'/>
		<totalScore value='90175'/>
	</player>

	<enemy>
		<race value='Zerg'/>
		<unitScore value='12875'/>
		<unitScore value='12875'/>
		<killScore value='14600'/>
		<buildingScore value='2955'/>
		<razingScore value='4050'/>
		<mineralScore value='13854'/>
		<gasScore value='4408'/>
		<totalScore value='52742'/>
	</enemy>

	<scoreRatio value='1.70974'/>
	<timeFitness value='0.733611'/>
	<unitsAverage value='103'/>
</results>
