<results>
	<result value='win'/>
	<start value='2015-05-11.02:05:29'/>
	<end value='2015-05-11.02:06:00'/>
	<frames value='29452'/>
	<gameDuration value='1840'/>

	<player>
		<unitScore value='17225'/>
		<killScore value='24360'/>
		<buildingScore value='4300'/>
		<razingScore value='7020'/>
		<mineralScore value='24326'/>
		<gasScore value='1984'/>
		<totalScore value='79215'/>
	</player>

	<enemy>
		<race value='Zerg'/>
		<unitScore value='11600'/>
		<unitScore value='11600'/>
		<killScore value='18800'/>
		<buildingScore value='2340'/>
		<razingScore value='3225'/>
		<mineralScore value='11818'/>
		<gasScore value='3560'/>
		<totalScore value='51343'/>
	</enemy>

	<scoreRatio value='1.54286'/>
	<timeFitness value='0.744444'/>
	<unitsAverage value='83'/>
</results>
