<results>
	<result value='win'/>
	<start value='2014-07-24.17:41:44'/>
	<end value='2014-07-24.17:42:08'/>
	<frames value='29266'/>
	<gameDuration value='1829'/>

	<player>
		<unitScore value='17750'/>
		<killScore value='17900'/>
		<buildingScore value='3300'/>
		<razingScore value='19575'/>
		<mineralScore value='21138'/>
		<gasScore value='3032'/>
		<totalScore value='82695'/>
	</player>

	<enemy>
		<race value='Protoss'/>
		<unitScore value='9000'/>
		<unitScore value='9000'/>
		<killScore value='16300'/>
		<buildingScore value='6525'/>
		<razingScore value='150'/>
		<mineralScore value='16378'/>
		<gasScore value='4856'/>
		<totalScore value='53209'/>
	</enemy>

	<scoreRatio value='1.55415'/>
</results>
