<results>
	<result value='loss'/>
	<start value='2014-07-24.17:42:13'/>
	<end value='2014-07-24.17:42:41'/>
	<frames value='43495'/>
	<gameDuration value='2718'/>

	<player>
		<unitScore value='18275'/>
		<killScore value='26450'/>
		<buildingScore value='2800'/>
		<razingScore value='300'/>
		<mineralScore value='20126'/>
		<gasScore value='5112'/>
		<totalScore value='73063'/>
	</player>

	<enemy>
		<race value='Protoss'/>
		<unitScore value='32525'/>
		<unitScore value='32525'/>
		<killScore value='36650'/>
		<buildingScore value='7175'/>
		<razingScore value='8400'/>
		<mineralScore value='29946'/>
		<gasScore value='10420'/>
		<totalScore value='125116'/>
	</enemy>

	<scoreRatio value='0.583962'/>
</results>
