<results>
	<result value='loss'/>
	<start value='2014-07-24.17:43:20'/>
	<end value='2014-07-24.17:43:30'/>
	<frames value='20896'/>
	<gameDuration value='1306'/>

	<player>
		<unitScore value='5475'/>
		<killScore value='3200'/>
		<buildingScore value='1350'/>
		<razingScore value='0'/>
		<mineralScore value='6834'/>
		<gasScore value='1224'/>
		<totalScore value='18083'/>
	</player>

	<enemy>
		<race value='Protoss'/>
		<unitScore value='8275'/>
		<unitScore value='8275'/>
		<killScore value='10950'/>
		<buildingScore value='3475'/>
		<razingScore value='4050'/>
		<mineralScore value='11098'/>
		<gasScore value='2520'/>
		<totalScore value='40368'/>
	</enemy>

	<scoreRatio value='0.447954'/>
</results>
