<results>
	<result value='draw'/>
	<start value='2014-07-24.17:45:41'/>
	<end value='2014-07-24.17:46:31'/>
	<frames value='57601'/>
	<gameDuration value='3600'/>

	<player>
		<unitScore value='25150'/>
		<killScore value='58750'/>
		<buildingScore value='3125'/>
		<razingScore value='6975'/>
		<mineralScore value='27162'/>
		<gasScore value='4440'/>
		<totalScore value='125602'/>
	</player>

	<enemy>
		<race value='Protoss'/>
		<unitScore value='34425'/>
		<unitScore value='34425'/>
		<killScore value='47550'/>
		<buildingScore value='8275'/>
		<razingScore value='5175'/>
		<mineralScore value='31594'/>
		<gasScore value='13376'/>
		<totalScore value='140395'/>
	</enemy>

	<scoreRatio value='0.894633'/>
</results>
