<results>
	<result value='draw'/>
	<start value='2015-07-11.21:57:26'/>
	<end value='2015-07-11.21:59:00'/>
	<frames value='57601'/>
	<gameDuration value='3600'/>

	<player>
		<unitScore value='48325'/>
		<killScore value='15900'/>
		<buildingScore value='4900'/>
		<razingScore value='1050'/>
		<mineralScore value='39134'/>
		<gasScore value='9308'/>
		<totalScore value='118617'/>
	</player>

	<enemy>
		<race value='Terran'/>
		<unitScore value='13875'/>
		<killScore value='77450'/>
		<buildingScore value='3150'/>
		<razingScore value='2775'/>
		<mineralScore value='12050'/>
		<gasScore value='6476'/>
		<totalScore value='115776'/>
	</enemy>

	<scoreRatio value='1.02454'/>
	<timeFitness value='0.5'/>
	<unitsAverage value='143'/>
</results>
