<results>
	<result value='win'/>
	<start value='2015-05-02.15:27:31'/>
	<end value='2015-05-02.15:27:54'/>
	<frames value='23500'/>
	<gameDuration value='1468'/>

	<player>
		<unitScore value='13400'/>
		<killScore value='20440'/>
		<buildingScore value='3175'/>
		<razingScore value='4635'/>
		<mineralScore value='19686'/>
		<gasScore value='1760'/>
		<totalScore value='63096'/>
	</player>

	<enemy>
		<race value='Zerg'/>
		<unitScore value='9175'/>
		<unitScore value='9175'/>
		<killScore value='10350'/>
		<buildingScore value='1545'/>
		<razingScore value='0'/>
		<mineralScore value='8866'/>
		<gasScore value='2552'/>
		<totalScore value='32488'/>
	</enemy>

	<scoreRatio value='1.94213'/>
	<timeFitness value='0.796111'/>
	<unitsAverage value='77'/>
</results>
