<results>
	<result value='win'/>
	<start value='2015-05-02.23:27:18'/>
	<end value='2015-05-02.23:28:21'/>
	<frames value='36303'/>
	<gameDuration value='2268'/>

	<player>
		<unitScore value='19975'/>
		<killScore value='32060'/>
		<buildingScore value='4750'/>
		<razingScore value='7395'/>
		<mineralScore value='35822'/>
		<gasScore value='2896'/>
		<totalScore value='102898'/>
	</player>

	<enemy>
		<race value='Zerg'/>
		<unitScore value='14975'/>
		<unitScore value='14975'/>
		<killScore value='17400'/>
		<buildingScore value='2465'/>
		<razingScore value='0'/>
		<mineralScore value='13958'/>
		<gasScore value='4288'/>
		<totalScore value='53086'/>
	</enemy>

	<scoreRatio value='1.93833'/>
	<timeFitness value='0.685'/>
	<unitsAverage value='130'/>
</results>
