<results>
	<result value='win'/>
	<start value='2015-04-29.12:27:36'/>
	<end value='2015-04-29.12:28:33'/>
	<frames value='33234'/>
	<gameDuration value='2077'/>

	<player>
		<unitScore value='18525'/>
		<killScore value='32430'/>
		<buildingScore value='2775'/>
		<razingScore value='6645'/>
		<mineralScore value='21142'/>
		<gasScore value='3784'/>
		<totalScore value='85301'/>
	</player>

	<enemy>
		<race value='Zerg'/>
		<unitScore value='13900'/>
		<unitScore value='13900'/>
		<killScore value='18750'/>
		<buildingScore value='2215'/>
		<razingScore value='0'/>
		<mineralScore value='12966'/>
		<gasScore value='4176'/>
		<totalScore value='52007'/>
	</enemy>

	<scoreRatio value='1.64018'/>
	<timeFitness value='0.711528'/>
	<unitsAverage value='101'/>
</results>
