<results>
	<result value='win'/>
	<start value='2015-04-29.12:38:32'/>
	<end value='2015-04-29.12:39:05'/>
	<frames value='23190'/>
	<gameDuration value='1449'/>

	<player>
		<unitScore value='11675'/>
		<killScore value='17230'/>
		<buildingScore value='3400'/>
		<razingScore value='4635'/>
		<mineralScore value='17310'/>
		<gasScore value='1648'/>
		<totalScore value='55898'/>
	</player>

	<enemy>
		<race value='Zerg'/>
		<unitScore value='8300'/>
		<unitScore value='8300'/>
		<killScore value='6600'/>
		<buildingScore value='1545'/>
		<razingScore value='0'/>
		<mineralScore value='7994'/>
		<gasScore value='2272'/>
		<totalScore value='26711'/>
	</enemy>

	<scoreRatio value='2.0927'/>
	<timeFitness value='0.79875'/>
	<unitsAverage value='76'/>
</results>
