<results>
	<result value='win'/>
	<start value='2015-05-07.19:45:03'/>
	<end value='2015-05-07.19:45:31'/>
	<frames value='24492'/>
	<gameDuration value='1530'/>

	<player>
		<unitScore value='13300'/>
		<killScore value='19905'/>
		<buildingScore value='4000'/>
		<razingScore value='6930'/>
		<mineralScore value='20042'/>
		<gasScore value='2496'/>
		<totalScore value='66673'/>
	</player>

	<enemy>
		<race value='Zerg'/>
		<unitScore value='9475'/>
		<unitScore value='9475'/>
		<killScore value='9750'/>
		<buildingScore value='2310'/>
		<razingScore value='1800'/>
		<mineralScore value='9810'/>
		<gasScore value='3072'/>
		<totalScore value='36217'/>
	</enemy>

	<scoreRatio value='1.84093'/>
	<timeFitness value='0.7875'/>
	<unitsAverage value='83'/>
</results>
