<results>
	<result value='loss'/>
	<start value='2015-07-14.13:31:50'/>
	<end value='2015-07-14.13:32:37'/>
	<frames value='39031'/>
	<gameDuration value='2439'/>

	<player>
		<unitScore value='18850'/>
		<killScore value='12350'/>
		<buildingScore value='3950'/>
		<razingScore value='0'/>
		<mineralScore value='24122'/>
		<gasScore value='2888'/>
		<totalScore value='62160'/>
	</player>

	<enemy>
		<race value='Protoss'/>
		<unitScore value='23175'/>
		<killScore value='36850'/>
		<buildingScore value='7075'/>
		<razingScore value='11850'/>
		<mineralScore value='24594'/>
		<gasScore value='9456'/>
		<totalScore value='113000'/>
	</enemy>

	<scoreRatio value='0.550089'/>
	<timeFitness value='0.33875'/>
	<unitsAverage value='69'/>
</results>
