<results>
	<result value='loss'/>
	<start value='2015-07-08.15:07:32'/>
	<end value='2015-07-08.15:08:00'/>
	<frames value='22880'/>
	<gameDuration value='1430'/>

	<player>
		<unitScore value='6125'/>
		<killScore value='4750'/>
		<buildingScore value='2300'/>
		<razingScore value='0'/>
		<mineralScore value='8458'/>
		<gasScore value='1200'/>
		<totalScore value='22833'/>
	</player>

	<enemy>
		<race value='Terran'/>
		<unitScore value='9575'/>
		<killScore value='10000'/>
		<buildingScore value='3400'/>
		<razingScore value='6900'/>
		<mineralScore value='10970'/>
		<gasScore value='4552'/>
		<totalScore value='45397'/>
	</enemy>

	<scoreRatio value='0.502963'/>
	<timeFitness value='0.198611'/>
	<unitsAverage value='35'/>
</results>
