<results>
	<result value='loss'/>
	<start value='2015-07-08.15:22:09'/>
	<end value='2015-07-08.15:22:28'/>
	<frames value='18013'/>
	<gameDuration value='1125'/>

	<player>
		<unitScore value='5400'/>
		<killScore value='1500'/>
		<buildingScore value='1500'/>
		<razingScore value='0'/>
		<mineralScore value='5986'/>
		<gasScore value='792'/>
		<totalScore value='15178'/>
	</player>

	<enemy>
		<race value='Terran'/>
		<unitScore value='6400'/>
		<killScore value='9300'/>
		<buildingScore value='2800'/>
		<razingScore value='4500'/>
		<mineralScore value='8178'/>
		<gasScore value='2608'/>
		<totalScore value='33786'/>
	</enemy>

	<scoreRatio value='0.449239'/>
	<timeFitness value='0.15625'/>
	<unitsAverage value='28'/>
</results>
