<results>
	<result value='loss'/>
	<start value='2015-07-08.15:28:32'/>
	<end value='2015-07-08.15:28:49'/>
	<frames value='18106'/>
	<gameDuration value='1131'/>

	<player>
		<unitScore value='3125'/>
		<killScore value='900'/>
		<buildingScore value='1625'/>
		<razingScore value='0'/>
		<mineralScore value='4578'/>
		<gasScore value='1216'/>
		<totalScore value='11444'/>
	</player>

	<enemy>
		<race value='Terran'/>
		<unitScore value='6450'/>
		<killScore value='5500'/>
		<buildingScore value='2700'/>
		<razingScore value='4875'/>
		<mineralScore value='8330'/>
		<gasScore value='2680'/>
		<totalScore value='30535'/>
	</enemy>

	<scoreRatio value='0.374783'/>
	<timeFitness value='0.157083'/>
	<unitsAverage value='23'/>
</results>
