<results>
	<result value='win'/>
	<start value='2015-04-27.05:24:34'/>
	<end value='2015-04-27.05:25:27'/>
	<frames value='36117'/>
	<gameDuration value='2257'/>

	<player>
		<unitScore value='21575'/>
		<killScore value='29050'/>
		<buildingScore value='4375'/>
		<razingScore value='11700'/>
		<mineralScore value='34978'/>
		<gasScore value='3392'/>
		<totalScore value='105070'/>
	</player>

	<enemy>
		<race value='Terran'/>
		<unitScore value='14525'/>
		<unitScore value='14525'/>
		<killScore value='20300'/>
		<buildingScore value='3900'/>
		<razingScore value='600'/>
		<mineralScore value='12954'/>
		<gasScore value='5788'/>
		<totalScore value='58067'/>
	</enemy>

	<scoreRatio value='1.80946'/>
</results>
