<results>
	<result value='win'/>
	<start value='2015-04-27.05:25:48'/>
	<end value='2015-04-27.05:26:15'/>
	<frames value='30258'/>
	<gameDuration value='1891'/>

	<player>
		<unitScore value='11775'/>
		<killScore value='23800'/>
		<buildingScore value='3150'/>
		<razingScore value='9825'/>
		<mineralScore value='15794'/>
		<gasScore value='3408'/>
		<totalScore value='67752'/>
	</player>

	<enemy>
		<race value='Terran'/>
		<unitScore value='13100'/>
		<unitScore value='13100'/>
		<killScore value='12350'/>
		<buildingScore value='3275'/>
		<razingScore value='3375'/>
		<mineralScore value='13394'/>
		<gasScore value='5352'/>
		<totalScore value='50846'/>
	</enemy>

	<scoreRatio value='1.33249'/>
</results>
