<results>
	<result value='loss'/>
	<start value='2015-04-27.05:34:44'/>
	<end value='2015-04-27.05:35:12'/>
	<frames value='49354'/>
	<gameDuration value='3084'/>

	<player>
		<unitScore value='5775'/>
		<killScore value='13650'/>
		<buildingScore value='2050'/>
		<razingScore value='6375'/>
		<mineralScore value='7946'/>
		<gasScore value='1520'/>
		<totalScore value='37316'/>
	</player>

	<enemy>
		<race value='Terran'/>
		<unitScore value='11425'/>
		<unitScore value='11425'/>
		<killScore value='11550'/>
		<buildingScore value='3700'/>
		<razingScore value='6150'/>
		<mineralScore value='16318'/>
		<gasScore value='8432'/>
		<totalScore value='57575'/>
	</enemy>

	<scoreRatio value='0.648129'/>
</results>
