<results>
	<result value='win'/>
	<start value='2015-05-07.00:53:52'/>
	<end value='2015-05-07.00:54:51'/>
	<frames value='32025'/>
	<gameDuration value='2001'/>

	<player>
		<unitScore value='24125'/>
		<killScore value='33680'/>
		<buildingScore value='4375'/>
		<razingScore value='6015'/>
		<mineralScore value='32686'/>
		<gasScore value='1752'/>
		<totalScore value='102633'/>
	</player>

	<enemy>
		<race value='Zerg'/>
		<unitScore value='14225'/>
		<unitScore value='14225'/>
		<killScore value='25300'/>
		<buildingScore value='2005'/>
		<razingScore value='0'/>
		<mineralScore value='13398'/>
		<gasScore value='4640'/>
		<totalScore value='59568'/>
	</enemy>

	<scoreRatio value='1.72296'/>
	<timeFitness value='0.722083'/>
	<unitsAverage value='121'/>
</results>
