<results>
	<result value='loss'/>
	<start value='2015-05-07.01:00:34'/>
	<end value='2015-05-07.01:01:07'/>
	<frames value='31529'/>
	<gameDuration value='1970'/>

	<player>
		<unitScore value='14350'/>
		<killScore value='17250'/>
		<buildingScore value='2925'/>
		<razingScore value='0'/>
		<mineralScore value='17746'/>
		<gasScore value='2064'/>
		<totalScore value='54335'/>
	</player>

	<enemy>
		<race value='Zerg'/>
		<unitScore value='19025'/>
		<unitScore value='19025'/>
		<killScore value='28700'/>
		<buildingScore value='3660'/>
		<razingScore value='8775'/>
		<mineralScore value='20074'/>
		<gasScore value='7236'/>
		<totalScore value='87470'/>
	</enemy>

	<scoreRatio value='0.621184'/>
	<timeFitness value='0.273611'/>
	<unitsAverage value='56'/>
</results>
