<results>
	<result value='win'/>
	<start value='2015-05-07.01:10:53'/>
	<end value='2015-05-07.01:11:50'/>
	<frames value='31095'/>
	<gameDuration value='1943'/>

	<player>
		<unitScore value='23300'/>
		<killScore value='35935'/>
		<buildingScore value='4225'/>
		<razingScore value='6975'/>
		<mineralScore value='30578'/>
		<gasScore value='1864'/>
		<totalScore value='102877'/>
	</player>

	<enemy>
		<race value='Zerg'/>
		<unitScore value='16050'/>
		<unitScore value='16050'/>
		<killScore value='23300'/>
		<buildingScore value='2325'/>
		<razingScore value='0'/>
		<mineralScore value='14986'/>
		<gasScore value='5016'/>
		<totalScore value='61677'/>
	</enemy>

	<scoreRatio value='1.668'/>
	<timeFitness value='0.730139'/>
	<unitsAverage value='117'/>
</results>
