<results>
	<result value='win'/>
	<start value='2015-05-09.06:44:27'/>
	<end value='2015-05-09.06:44:41'/>
	<frames value='21206'/>
	<gameDuration value='1325'/>

	<player>
		<unitScore value='8450'/>
		<killScore value='12700'/>
		<buildingScore value='2775'/>
		<razingScore value='4650'/>
		<mineralScore value='13486'/>
		<gasScore value='1664'/>
		<totalScore value='43725'/>
	</player>

	<enemy>
		<race value='Terran'/>
		<unitScore value='6400'/>
		<unitScore value='6400'/>
		<killScore value='6650'/>
		<buildingScore value='1550'/>
		<razingScore value='2100'/>
		<mineralScore value='8282'/>
		<gasScore value='2184'/>
		<totalScore value='27166'/>
	</enemy>

	<scoreRatio value='1.60955'/>
	<timeFitness value='0.815972'/>
	<unitsAverage value='51'/>
</results>
