<results>
	<result value='loss'/>
	<start value='2015-05-04.04:44:03'/>
	<end value='2015-05-04.04:44:17'/>
	<frames value='15812'/>
	<gameDuration value='988'/>

	<player>
		<unitScore value='3275'/>
		<killScore value='1400'/>
		<buildingScore value='1875'/>
		<razingScore value='0'/>
		<mineralScore value='5218'/>
		<gasScore value='608'/>
		<totalScore value='12376'/>
	</player>

	<enemy>
		<race value='Protoss'/>
		<unitScore value='3550'/>
		<unitScore value='3550'/>
		<killScore value='6550'/>
		<buildingScore value='3225'/>
		<razingScore value='5625'/>
		<mineralScore value='8090'/>
		<gasScore value='1216'/>
		<totalScore value='28256'/>
	</enemy>

	<scoreRatio value='0.437995'/>
	<timeFitness value='0.137222'/>
	<unitsAverage value='26'/>
</results>
