<results>
	<result value='win'/>
	<start value='2015-05-06.08:23:06'/>
	<end value='2015-05-06.08:24:05'/>
	<frames value='41573'/>
	<gameDuration value='2598'/>

	<player>
		<unitScore value='27950'/>
		<killScore value='38350'/>
		<buildingScore value='3825'/>
		<razingScore value='11250'/>
		<mineralScore value='33702'/>
		<gasScore value='3520'/>
		<totalScore value='118597'/>
	</player>

	<enemy>
		<race value='Terran'/>
		<unitScore value='20850'/>
		<unitScore value='20850'/>
		<killScore value='32000'/>
		<buildingScore value='4000'/>
		<razingScore value='150'/>
		<mineralScore value='15954'/>
		<gasScore value='8134'/>
		<totalScore value='81088'/>
	</enemy>

	<scoreRatio value='1.46257'/>
	<timeFitness value='0.639167'/>
	<unitsAverage value='125'/>
</results>
