<results>
	<result value='win'/>
	<start value='2015-05-06.08:35:12'/>
	<end value='2015-05-06.08:35:28'/>
	<frames value='20958'/>
	<gameDuration value='1309'/>

	<player>
		<unitScore value='9475'/>
		<killScore value='11850'/>
		<buildingScore value='3525'/>
		<razingScore value='4650'/>
		<mineralScore value='15194'/>
		<gasScore value='2232'/>
		<totalScore value='46926'/>
	</player>

	<enemy>
		<race value='Terran'/>
		<unitScore value='5925'/>
		<unitScore value='5925'/>
		<killScore value='4400'/>
		<buildingScore value='1550'/>
		<razingScore value='1350'/>
		<mineralScore value='9130'/>
		<gasScore value='2120'/>
		<totalScore value='24475'/>
	</enemy>

	<scoreRatio value='1.9173'/>
	<timeFitness value='0.818194'/>
	<unitsAverage value='68'/>
</results>
