<results>
	<result value='win'/>
	<start value='2015-05-06.08:43:09'/>
	<end value='2015-05-06.08:43:23'/>
	<frames value='19439'/>
	<gameDuration value='1214'/>

	<player>
		<unitScore value='8975'/>
		<killScore value='13650'/>
		<buildingScore value='2775'/>
		<razingScore value='5550'/>
		<mineralScore value='14098'/>
		<gasScore value='1736'/>
		<totalScore value='46784'/>
	</player>

	<enemy>
		<race value='Terran'/>
		<unitScore value='6825'/>
		<unitScore value='6825'/>
		<killScore value='3700'/>
		<buildingScore value='1850'/>
		<razingScore value='300'/>
		<mineralScore value='8226'/>
		<gasScore value='2472'/>
		<totalScore value='23373'/>
	</enemy>

	<scoreRatio value='2.00163'/>
	<timeFitness value='0.831389'/>
	<unitsAverage value='63'/>
</results>
