<results>
	<result value='win'/>
	<start value='2015-05-06.08:50:55'/>
	<end value='2015-05-06.08:51:17'/>
	<frames value='26693'/>
	<gameDuration value='1668'/>

	<player>
		<unitScore value='12975'/>
		<killScore value='21200'/>
		<buildingScore value='3550'/>
		<razingScore value='8700'/>
		<mineralScore value='19442'/>
		<gasScore value='2120'/>
		<totalScore value='67987'/>
	</player>

	<enemy>
		<race value='Terran'/>
		<unitScore value='11500'/>
		<unitScore value='11500'/>
		<killScore value='10000'/>
		<buildingScore value='2900'/>
		<razingScore value='675'/>
		<mineralScore value='10930'/>
		<gasScore value='4168'/>
		<totalScore value='40173'/>
	</enemy>

	<scoreRatio value='1.69236'/>
	<timeFitness value='0.768333'/>
	<unitsAverage value='71'/>
</results>
