<results>
	<result value='win'/>
	<start value='2015-05-22.06:58:19'/>
	<end value='2015-05-22.06:58:52'/>
	<frames value='32490'/>
	<gameDuration value='2030'/>

	<player>
		<unitScore value='18500'/>
		<killScore value='24600'/>
		<buildingScore value='4425'/>
		<razingScore value='16800'/>
		<mineralScore value='22682'/>
		<gasScore value='2896'/>
		<totalScore value='89903'/>
	</player>

	<enemy>
		<race value='Protoss'/>
		<unitScore value='13425'/>
		<killScore value='19100'/>
		<buildingScore value='5600'/>
		<razingScore value='1350'/>
		<mineralScore value='15766'/>
		<gasScore value='4440'/>
		<totalScore value='59681'/>
	</enemy>

	<scoreRatio value='1.50639'/>
	<timeFitness value='0.718056'/>
	<unitsAverage value='82'/>
</results>
