<results>
	<result value='win'/>
	<start value='2015-05-22.06:59:43'/>
	<end value='2015-05-22.07:00:16'/>
	<frames value='28646'/>
	<gameDuration value='1790'/>

	<player>
		<unitScore value='19300'/>
		<killScore value='23650'/>
		<buildingScore value='3775'/>
		<razingScore value='13200'/>
		<mineralScore value='25554'/>
		<gasScore value='2888'/>
		<totalScore value='88367'/>
	</player>

	<enemy>
		<race value='Protoss'/>
		<unitScore value='12175'/>
		<killScore value='17350'/>
		<buildingScore value='4400'/>
		<razingScore value='0'/>
		<mineralScore value='18594'/>
		<gasScore value='2240'/>
		<totalScore value='54759'/>
	</enemy>

	<scoreRatio value='1.61374'/>
	<timeFitness value='0.751389'/>
	<unitsAverage value='97'/>
</results>
