<results>
	<result value='win'/>
	<start value='2015-05-11.22:25:55'/>
	<end value='2015-05-11.22:26:18'/>
	<frames value='25143'/>
	<gameDuration value='1571'/>

	<player>
		<unitScore value='17200'/>
		<killScore value='19700'/>
		<buildingScore value='3700'/>
		<razingScore value='5655'/>
		<mineralScore value='22026'/>
		<gasScore value='1456'/>
		<totalScore value='69737'/>
	</player>

	<enemy>
		<race value='Zerg'/>
		<unitScore value='10450'/>
		<unitScore value='10450'/>
		<killScore value='14150'/>
		<buildingScore value='1885'/>
		<razingScore value='0'/>
		<mineralScore value='9794'/>
		<gasScore value='2616'/>
		<totalScore value='38895'/>
	</enemy>

	<scoreRatio value='1.79296'/>
	<timeFitness value='0.781806'/>
	<unitsAverage value='88'/>
</results>
