<results>
	<result value='win'/>
	<start value='2015-05-11.22:29:46'/>
	<end value='2015-05-11.22:30:26'/>
	<frames value='33730'/>
	<gameDuration value='2108'/>

	<player>
		<unitScore value='25275'/>
		<killScore value='40145'/>
		<buildingScore value='3875'/>
		<razingScore value='6885'/>
		<mineralScore value='30466'/>
		<gasScore value='3944'/>
		<totalScore value='110590'/>
	</player>

	<enemy>
		<race value='Zerg'/>
		<unitScore value='18825'/>
		<unitScore value='18825'/>
		<killScore value='25050'/>
		<buildingScore value='2295'/>
		<razingScore value='0'/>
		<mineralScore value='16666'/>
		<gasScore value='6256'/>
		<totalScore value='69092'/>
	</enemy>

	<scoreRatio value='1.60062'/>
	<timeFitness value='0.707222'/>
	<unitsAverage value='113'/>
</results>
