<results>
	<result value='win'/>
	<start value='2015-05-11.22:30:29'/>
	<end value='2015-05-11.22:30:55'/>
	<frames value='26445'/>
	<gameDuration value='1652'/>

	<player>
		<unitScore value='15475'/>
		<killScore value='22220'/>
		<buildingScore value='3775'/>
		<razingScore value='7710'/>
		<mineralScore value='20638'/>
		<gasScore value='2400'/>
		<totalScore value='72218'/>
	</player>

	<enemy>
		<race value='Zerg'/>
		<unitScore value='9925'/>
		<unitScore value='9925'/>
		<killScore value='8850'/>
		<buildingScore value='2570'/>
		<razingScore value='0'/>
		<mineralScore value='10178'/>
		<gasScore value='2976'/>
		<totalScore value='34499'/>
	</enemy>

	<scoreRatio value='2.09334'/>
	<timeFitness value='0.770556'/>
	<unitsAverage value='88'/>
</results>
