<results>
	<result value='win'/>
	<start value='2015-05-01.22:47:35'/>
	<end value='2015-05-01.22:48:30'/>
	<frames value='38504'/>
	<gameDuration value='2406'/>

	<player>
		<unitScore value='28425'/>
		<killScore value='41500'/>
		<buildingScore value='3625'/>
		<razingScore value='17475'/>
		<mineralScore value='36998'/>
		<gasScore value='4496'/>
		<totalScore value='132519'/>
	</player>

	<enemy>
		<race value='Protoss'/>
		<unitScore value='21075'/>
		<unitScore value='21075'/>
		<killScore value='37150'/>
		<buildingScore value='5825'/>
		<razingScore value='0'/>
		<mineralScore value='22702'/>
		<gasScore value='5072'/>
		<totalScore value='91824'/>
	</enemy>

	<scoreRatio value='1.44318'/>
	<timeFitness value='0.665833'/>
	<unitsAverage value='118'/>
</results>
