<results>
	<result value='loss'/>
	<start value='2015-04-08.11:35:47'/>
	<end value='2015-04-08.11:35:58'/>
	<frames value='21206'/>
	<gameDuration value='1325'/>

	<player>
		<unitScore value='6700'/>
		<killScore value='3800'/>
		<buildingScore value='1975'/>
		<razingScore value='0'/>
		<mineralScore value='9002'/>
		<gasScore value='0'/>
		<totalScore value='21477'/>
	</player>

	<enemy>
		<race value='Protoss'/>
		<unitScore value='6225'/>
		<unitScore value='6225'/>
		<killScore value='13400'/>
		<buildingScore value='4225'/>
		<razingScore value='5925'/>
		<mineralScore value='10994'/>
		<gasScore value='2728'/>
		<totalScore value='43497'/>
	</enemy>

	<scoreRatio value='0.493758'/>
</results>
