<results>
	<result value='loss'/>
	<start value='2015-04-29.17:13:13'/>
	<end value='2015-04-29.17:13:28'/>
	<frames value='17951'/>
	<gameDuration value='1121'/>

	<player>
		<unitScore value='5925'/>
		<killScore value='1200'/>
		<buildingScore value='1750'/>
		<razingScore value='0'/>
		<mineralScore value='7034'/>
		<gasScore value='1064'/>
		<totalScore value='16973'/>
	</player>

	<enemy>
		<race value='Protoss'/>
		<unitScore value='4300'/>
		<unitScore value='4300'/>
		<killScore value='11850'/>
		<buildingScore value='3625'/>
		<razingScore value='5025'/>
		<mineralScore value='9170'/>
		<gasScore value='2200'/>
		<totalScore value='36170'/>
	</enemy>

	<scoreRatio value='0.469256'/>
</results>
