<results>
	<result value='draw'/>
	<start value='2015-04-07.16:44:51'/>
	<end value='2015-04-07.16:46:14'/>
	<frames value='57601'/>
	<gameDuration value='3600'/>

	<player>
		<unitScore value='30125'/>
		<killScore value='59650'/>
		<buildingScore value='4750'/>
		<razingScore value='16950'/>
		<mineralScore value='35070'/>
		<gasScore value='7308'/>
		<totalScore value='153853'/>
	</player>

	<enemy>
		<race value='Protoss'/>
		<unitScore value='31875'/>
		<unitScore value='31875'/>
		<killScore value='51150'/>
		<buildingScore value='6475'/>
		<razingScore value='8025'/>
		<mineralScore value='27926'/>
		<gasScore value='10418'/>
		<totalScore value='135869'/>
	</enemy>

	<scoreRatio value='1.13236'/>
</results>
