<results>
	<result value='draw'/>
	<start value='2015-05-04.07:10:04'/>
	<end value='2015-05-04.07:12:37'/>
	<frames value='57601'/>
	<gameDuration value='3600'/>

	<player>
		<unitScore value='32675'/>
		<killScore value='61550'/>
		<buildingScore value='4525'/>
		<razingScore value='3855'/>
		<mineralScore value='39154'/>
		<gasScore value='5588'/>
		<totalScore value='147347'/>
	</player>

	<enemy>
		<race value='Zerg'/>
		<unitScore value='29625'/>
		<unitScore value='29625'/>
		<killScore value='35750'/>
		<buildingScore value='2505'/>
		<razingScore value='0'/>
		<mineralScore value='23806'/>
		<gasScore value='9088'/>
		<totalScore value='100774'/>
	</enemy>

	<scoreRatio value='1.46215'/>
	<timeFitness value='0.5'/>
	<unitsAverage value='164'/>
</results>
