<results>
	<result value='win'/>
	<start value='2015-05-10.19:23:15'/>
	<end value='2015-05-10.19:23:39'/>
	<frames value='24058'/>
	<gameDuration value='1503'/>

	<player>
		<unitScore value='12575'/>
		<killScore value='21660'/>
		<buildingScore value='4050'/>
		<razingScore value='5655'/>
		<mineralScore value='23354'/>
		<gasScore value='2048'/>
		<totalScore value='69342'/>
	</player>

	<enemy>
		<race value='Zerg'/>
		<unitScore value='10050'/>
		<unitScore value='10050'/>
		<killScore value='8100'/>
		<buildingScore value='1885'/>
		<razingScore value='150'/>
		<mineralScore value='10170'/>
		<gasScore value='3056'/>
		<totalScore value='33411'/>
	</enemy>

	<scoreRatio value='2.07542'/>
	<timeFitness value='0.79125'/>
	<unitsAverage value='83'/>
</results>
