<results>
	<result value='draw'/>
	<start value='2015-05-04.07:40:28'/>
	<end value='2015-05-04.07:42:48'/>
	<frames value='57601'/>
	<gameDuration value='3600'/>

	<player>
		<unitScore value='21050'/>
		<killScore value='34900'/>
		<buildingScore value='3775'/>
		<razingScore value='2205'/>
		<mineralScore value='39058'/>
		<gasScore value='10608'/>
		<totalScore value='111596'/>
	</player>

	<enemy>
		<race value='Zerg'/>
		<unitScore value='17675'/>
		<unitScore value='17675'/>
		<killScore value='13400'/>
		<buildingScore value='2810'/>
		<razingScore value='150'/>
		<mineralScore value='17058'/>
		<gasScore value='6226'/>
		<totalScore value='57319'/>
	</enemy>

	<scoreRatio value='1.94693'/>
	<timeFitness value='0.5'/>
	<unitsAverage value='179'/>
</results>
