<results>
	<result value='win'/>
	<start value='2015-04-29.00:56:34'/>
	<end value='2015-04-29.00:57:14'/>
	<frames value='28801'/>
	<gameDuration value='1800'/>

	<player>
		<unitScore value='14400'/>
		<killScore value='15250'/>
		<buildingScore value='4450'/>
		<razingScore value='13125'/>
		<mineralScore value='25426'/>
		<gasScore value='2368'/>
		<totalScore value='75019'/>
	</player>

	<enemy>
		<race value='Protoss'/>
		<unitScore value='7975'/>
		<unitScore value='7975'/>
		<killScore value='9200'/>
		<buildingScore value='4375'/>
		<razingScore value='150'/>
		<mineralScore value='10486'/>
		<gasScore value='2392'/>
		<totalScore value='34578'/>
	</enemy>

	<scoreRatio value='2.16956'/>
</results>
