<results>
	<result value='win'/>
	<start value='2015-04-07.21:28:41'/>
	<end value='2015-04-07.21:29:17'/>
	<frames value='34226'/>
	<gameDuration value='2139'/>

	<player>
		<unitScore value='21000'/>
		<killScore value='23600'/>
		<buildingScore value='4425'/>
		<razingScore value='20400'/>
		<mineralScore value='26234'/>
		<gasScore value='3016'/>
		<totalScore value='98675'/>
	</player>

	<enemy>
		<race value='Protoss'/>
		<unitScore value='12150'/>
		<unitScore value='12150'/>
		<killScore value='18400'/>
		<buildingScore value='6800'/>
		<razingScore value='600'/>
		<mineralScore value='16654'/>
		<gasScore value='3448'/>
		<totalScore value='58052'/>
	</enemy>

	<scoreRatio value='1.69977'/>
</results>
