<results>
	<result value='loss'/>
	<start value='2015-07-11.23:11:00'/>
	<end value='2015-07-11.23:11:23'/>
	<frames value='24337'/>
	<gameDuration value='1521'/>

	<player>
		<unitScore value='9675'/>
		<killScore value='4100'/>
		<buildingScore value='1900'/>
		<razingScore value='0'/>
		<mineralScore value='10354'/>
		<gasScore value='1496'/>
		<totalScore value='27525'/>
	</player>

	<enemy>
		<race value='Terran'/>
		<unitScore value='8400'/>
		<killScore value='18050'/>
		<buildingScore value='2850'/>
		<razingScore value='5700'/>
		<mineralScore value='11422'/>
		<gasScore value='4216'/>
		<totalScore value='50638'/>
	</enemy>

	<scoreRatio value='0.543564'/>
	<timeFitness value='0.21125'/>
	<unitsAverage value='42'/>
</results>
