<results>
	<result value='loss'/>
	<start value='2015-04-09.02:31:18'/>
	<end value='2015-04-09.02:31:29'/>
	<frames value='20958'/>
	<gameDuration value='1309'/>

	<player>
		<unitScore value='5250'/>
		<killScore value='2100'/>
		<buildingScore value='1650'/>
		<razingScore value='0'/>
		<mineralScore value='7010'/>
		<gasScore value='680'/>
		<totalScore value='16690'/>
	</player>

	<enemy>
		<race value='Protoss'/>
		<unitScore value='5475'/>
		<unitScore value='5475'/>
		<killScore value='10250'/>
		<buildingScore value='5275'/>
		<razingScore value='4950'/>
		<mineralScore value='12002'/>
		<gasScore value='2464'/>
		<totalScore value='40416'/>
	</enemy>

	<scoreRatio value='0.412955'/>
</results>
