<results>
	<result value='loss'/>
	<start value='2015-05-11.02:17:58'/>
	<end value='2015-05-11.02:18:01'/>
	<frames value='7163'/>
	<gameDuration value='447'/>

	<player>
		<unitScore value='1100'/>
		<killScore value='250'/>
		<buildingScore value='625'/>
		<razingScore value='0'/>
		<mineralScore value='1402'/>
		<gasScore value='48'/>
		<totalScore value='3425'/>
	</player>

	<enemy>
		<race value='Zerg'/>
		<unitScore value='1200'/>
		<unitScore value='1200'/>
		<killScore value='2100'/>
		<buildingScore value='375'/>
		<razingScore value='1875'/>
		<mineralScore value='1578'/>
		<gasScore value='0'/>
		<totalScore value='7128'/>
	</enemy>

	<scoreRatio value='0.480499'/>
	<timeFitness value='0.0620833'/>
	<unitsAverage value='11'/>
</results>
