<results>
	<result value='win'/>
	<start value='2015-05-10.17:45:21'/>
	<end value='2015-05-10.17:45:45'/>
	<frames value='28801'/>
	<gameDuration value='1800'/>

	<player>
		<unitScore value='14925'/>
		<killScore value='13700'/>
		<buildingScore value='3575'/>
		<razingScore value='15750'/>
		<mineralScore value='22530'/>
		<gasScore value='2216'/>
		<totalScore value='72696'/>
	</player>

	<enemy>
		<race value='Protoss'/>
		<unitScore value='7200'/>
		<unitScore value='7200'/>
		<killScore value='9700'/>
		<buildingScore value='5250'/>
		<razingScore value='0'/>
		<mineralScore value='11866'/>
		<gasScore value='3320'/>
		<totalScore value='37336'/>
	</enemy>

	<scoreRatio value='1.94708'/>
	<timeFitness value='0.75'/>
	<unitsAverage value='87'/>
</results>
