<results>
	<result value='draw'/>
	<start value='2015-05-04.06:55:04'/>
	<end value='2015-05-04.06:55:51'/>
	<frames value='57601'/>
	<gameDuration value='3600'/>

	<player>
		<unitScore value='30250'/>
		<killScore value='51100'/>
		<buildingScore value='3325'/>
		<razingScore value='13050'/>
		<mineralScore value='32454'/>
		<gasScore value='5336'/>
		<totalScore value='135515'/>
	</player>

	<enemy>
		<race value='Protoss'/>
		<unitScore value='29900'/>
		<unitScore value='29900'/>
		<killScore value='51000'/>
		<buildingScore value='6825'/>
		<razingScore value='3450'/>
		<mineralScore value='27902'/>
		<gasScore value='9356'/>
		<totalScore value='128433'/>
	</enemy>

	<scoreRatio value='1.05514'/>
	<timeFitness value='0.5'/>
	<unitsAverage value='90'/>
</results>
