<results>
	<result value='loss'/>
	<start value='2015-05-04.07:07:15'/>
	<end value='2015-05-04.07:07:23'/>
	<frames value='17300'/>
	<gameDuration value='1081'/>

	<player>
		<unitScore value='5250'/>
		<killScore value='1850'/>
		<buildingScore value='1450'/>
		<razingScore value='0'/>
		<mineralScore value='6738'/>
		<gasScore value='1448'/>
		<totalScore value='16736'/>
	</player>

	<enemy>
		<race value='Protoss'/>
		<unitScore value='4425'/>
		<unitScore value='4425'/>
		<killScore value='10500'/>
		<buildingScore value='3175'/>
		<razingScore value='4350'/>
		<mineralScore value='8922'/>
		<gasScore value='1920'/>
		<totalScore value='33292'/>
	</enemy>

	<scoreRatio value='0.502703'/>
	<timeFitness value='0.150139'/>
	<unitsAverage value='32'/>
</results>
