<results>
	<result value='loss'/>
	<start value='2014-07-22.20:04:58'/>
	<end value='2014-07-22.20:05:06'/>
	<frames value='16618'/>
	<gameDuration value='1038'/>

	<player>
		<unitScore value='1875'/>
		<killScore value='600'/>
		<buildingScore value='1375'/>
		<razingScore value='0'/>
		<mineralScore value='3162'/>
		<gasScore value='648'/>
		<totalScore value='7660'/>
	</player>

	<enemy>
		<race value='Terran'/>
		<unitScore value='5350'/>
		<unitScore value='5350'/>
		<killScore value='3650'/>
		<buildingScore value='1900'/>
		<razingScore value='4125'/>
		<mineralScore value='7530'/>
		<gasScore value='2640'/>
		<totalScore value='25195'/>
	</enemy>

	<scoreRatio value='0.304029'/>
</results>
