<results>
	<result value='win'/>
	<start value='2014-07-24.04:26:32'/>
	<end value='2014-07-24.04:26:47'/>
	<frames value='24089'/>
	<gameDuration value='1505'/>

	<player>
		<unitScore value='10000'/>
		<killScore value='11050'/>
		<buildingScore value='3975'/>
		<razingScore value='5250'/>
		<mineralScore value='16326'/>
		<gasScore value='2440'/>
		<totalScore value='49041'/>
	</player>

	<enemy>
		<race value='Terran'/>
		<unitScore value='5525'/>
		<unitScore value='5525'/>
		<killScore value='7300'/>
		<buildingScore value='1750'/>
		<razingScore value='3825'/>
		<mineralScore value='7682'/>
		<gasScore value='2224'/>
		<totalScore value='28306'/>
	</enemy>

	<scoreRatio value='1.73253'/>
</results>
