<results>
	<result value='loss'/>
	<start value='2015-07-20.02:11:18'/>
	<end value='2015-07-20.02:12:19'/>
	<frames value='27468'/>
	<gameDuration value='1716'/>

	<player>
		<unitScore value='15625'/>
		<killScore value='9450'/>
		<buildingScore value='4175'/>
		<razingScore value='0'/>
		<mineralScore value='22250'/>
		<gasScore value='2232'/>
		<totalScore value='53732'/>
	</player>

	<enemy>
		<race value='Zerg'/>
		<unitScore value='13575'/>
		<killScore value='30550'/>
		<buildingScore value='3165'/>
		<razingScore value='12525'/>
		<mineralScore value='16226'/>
		<gasScore value='4296'/>
		<totalScore value='80337'/>
	</enemy>

	<scoreRatio value='0.668833'/>
	<timeFitness value='0.238333'/>
	<unitsAverage value='60'/>
</results>
