<results>
	<result value='loss'/>
	<start value='2015-07-20.02:24:41'/>
	<end value='2015-07-20.02:25:36'/>
	<frames value='25701'/>
	<gameDuration value='1606'/>

	<player>
		<unitScore value='12000'/>
		<killScore value='6850'/>
		<buildingScore value='3125'/>
		<razingScore value='0'/>
		<mineralScore value='23978'/>
		<gasScore value='1256'/>
		<totalScore value='47209'/>
	</player>

	<enemy>
		<race value='Zerg'/>
		<unitScore value='12850'/>
		<killScore value='21800'/>
		<buildingScore value='3045'/>
		<razingScore value='9375'/>
		<mineralScore value='14010'/>
		<gasScore value='4056'/>
		<totalScore value='65136'/>
	</enemy>

	<scoreRatio value='0.724776'/>
	<timeFitness value='0.223056'/>
	<unitsAverage value='67'/>
</results>
