<results>
	<result value='win'/>
	<start value='2015-04-10.22:32:14'/>
	<end value='2015-04-10.22:33:29'/>
	<frames value='34815'/>
	<gameDuration value='2175'/>

	<player>
		<unitScore value='23275'/>
		<killScore value='24200'/>
		<buildingScore value='4250'/>
		<razingScore value='19950'/>
		<mineralScore value='31870'/>
		<gasScore value='3728'/>
		<totalScore value='107273'/>
	</player>

	<enemy>
		<race value='Protoss'/>
		<unitScore value='13750'/>
		<unitScore value='13750'/>
		<killScore value='23700'/>
		<buildingScore value='6650'/>
		<razingScore value='300'/>
		<mineralScore value='20206'/>
		<gasScore value='6792'/>
		<totalScore value='71398'/>
	</enemy>

	<scoreRatio value='1.50247'/>
</results>
