<results>
	<result value='win'/>
	<start value='2015-04-10.22:36:38'/>
	<end value='2015-04-10.22:37:50'/>
	<frames value='33172'/>
	<gameDuration value='2073'/>

	<player>
		<unitScore value='23300'/>
		<killScore value='31300'/>
		<buildingScore value='4450'/>
		<razingScore value='17925'/>
		<mineralScore value='31142'/>
		<gasScore value='2928'/>
		<totalScore value='111045'/>
	</player>

	<enemy>
		<race value='Protoss'/>
		<unitScore value='15875'/>
		<unitScore value='15875'/>
		<killScore value='23450'/>
		<buildingScore value='5975'/>
		<razingScore value='0'/>
		<mineralScore value='17722'/>
		<gasScore value='4928'/>
		<totalScore value='67950'/>
	</enemy>

	<scoreRatio value='1.63422'/>
</results>
