<results>
	<result value='loss'/>
	<start value='2015-07-18.03:00:00'/>
	<end value='2015-07-18.03:01:24'/>
	<frames value='38628'/>
	<gameDuration value='2414'/>

	<player>
		<unitScore value='20375'/>
		<killScore value='7750'/>
		<buildingScore value='5325'/>
		<razingScore value='0'/>
		<mineralScore value='22626'/>
		<gasScore value='3696'/>
		<totalScore value='59772'/>
	</player>

	<enemy>
		<race value='Terran'/>
		<unitScore value='13175'/>
		<killScore value='36550'/>
		<buildingScore value='4600'/>
		<razingScore value='15975'/>
		<mineralScore value='21146'/>
		<gasScore value='6240'/>
		<totalScore value='97686'/>
	</enemy>

	<scoreRatio value='0.611879'/>
	<timeFitness value='0.335278'/>
	<unitsAverage value='64'/>
</results>
