<results>
	<result value='loss'/>
	<start value='2015-07-18.03:08:34'/>
	<end value='2015-07-18.03:09:09'/>
	<frames value='26290'/>
	<gameDuration value='1643'/>

	<player>
		<unitScore value='10875'/>
		<killScore value='4100'/>
		<buildingScore value='3150'/>
		<razingScore value='0'/>
		<mineralScore value='12934'/>
		<gasScore value='1712'/>
		<totalScore value='32771'/>
	</player>

	<enemy>
		<race value='Terran'/>
		<unitScore value='8625'/>
		<killScore value='20100'/>
		<buildingScore value='3250'/>
		<razingScore value='9450'/>
		<mineralScore value='11878'/>
		<gasScore value='4264'/>
		<totalScore value='57567'/>
	</enemy>

	<scoreRatio value='0.569267'/>
	<timeFitness value='0.228194'/>
	<unitsAverage value='42'/>
</results>
