<results>
	<result value='loss'/>
	<start value='2015-07-18.03:09:18'/>
	<end value='2015-07-18.03:09:37'/>
	<frames value='20028'/>
	<gameDuration value='1251'/>

	<player>
		<unitScore value='5550'/>
		<killScore value='2650'/>
		<buildingScore value='2450'/>
		<razingScore value='0'/>
		<mineralScore value='7530'/>
		<gasScore value='1120'/>
		<totalScore value='19300'/>
	</player>

	<enemy>
		<race value='Terran'/>
		<unitScore value='8000'/>
		<killScore value='10750'/>
		<buildingScore value='2850'/>
		<razingScore value='7350'/>
		<mineralScore value='9338'/>
		<gasScore value='3696'/>
		<totalScore value='41984'/>
	</enemy>

	<scoreRatio value='0.459699'/>
	<timeFitness value='0.17375'/>
	<unitsAverage value='31'/>
</results>
