<results>
	<result value='draw'/>
	<start value='2015-07-18.09:09:25'/>
	<end value='2015-07-18.09:12:03'/>
	<frames value='57601'/>
	<gameDuration value='3600'/>

	<player>
		<unitScore value='54750'/>
		<killScore value='19950'/>
		<buildingScore value='4550'/>
		<razingScore value='150'/>
		<mineralScore value='38914'/>
		<gasScore value='12508'/>
		<totalScore value='130822'/>
	</player>

	<enemy>
		<race value='Terran'/>
		<unitScore value='19025'/>
		<killScore value='83500'/>
		<buildingScore value='3150'/>
		<razingScore value='3150'/>
		<mineralScore value='24050'/>
		<gasScore value='6576'/>
		<totalScore value='139451'/>
	</enemy>

	<scoreRatio value='0.938122'/>
	<timeFitness value='0.5'/>
	<unitsAverage value='122'/>
</results>
