<results>
	<result value='loss'/>
	<start value='2014-07-22.22:18:43'/>
	<end value='2014-07-22.22:18:50'/>
	<frames value='16866'/>
	<gameDuration value='1054'/>

	<player>
		<unitScore value='3500'/>
		<killScore value='1000'/>
		<buildingScore value='1500'/>
		<razingScore value='0'/>
		<mineralScore value='5298'/>
		<gasScore value='592'/>
		<totalScore value='11890'/>
	</player>

	<enemy>
		<race value='Protoss'/>
		<unitScore value='3700'/>
		<unitScore value='3700'/>
		<killScore value='7000'/>
		<buildingScore value='4025'/>
		<razingScore value='4500'/>
		<mineralScore value='8970'/>
		<gasScore value='1664'/>
		<totalScore value='29859'/>
	</enemy>

	<scoreRatio value='0.398205'/>
</results>
