<results>
	<result value='win'/>
	<start value='2014-07-23.00:34:19'/>
	<end value='2014-07-23.00:35:01'/>
	<frames value='32521'/>
	<gameDuration value='2032'/>

	<player>
		<unitScore value='20450'/>
		<killScore value='30220'/>
		<buildingScore value='4775'/>
		<razingScore value='8040'/>
		<mineralScore value='29858'/>
		<gasScore value='2736'/>
		<totalScore value='96079'/>
	</player>

	<enemy>
		<race value='Zerg'/>
		<unitScore value='14350'/>
		<unitScore value='14350'/>
		<killScore value='19700'/>
		<buildingScore value='2680'/>
		<razingScore value='2175'/>
		<mineralScore value='14462'/>
		<gasScore value='4680'/>
		<totalScore value='58047'/>
	</enemy>

	<scoreRatio value='1.65519'/>
</results>
