<results>
	<result value='win'/>
	<start value='2015-04-28.21:24:13'/>
	<end value='2015-04-28.21:24:42'/>
	<frames value='22291'/>
	<gameDuration value='1393'/>

	<player>
		<unitScore value='12450'/>
		<killScore value='22075'/>
		<buildingScore value='3550'/>
		<razingScore value='3660'/>
		<mineralScore value='18942'/>
		<gasScore value='2232'/>
		<totalScore value='62909'/>
	</player>

	<enemy>
		<race value='Zerg'/>
		<unitScore value='9825'/>
		<unitScore value='9825'/>
		<killScore value='8600'/>
		<buildingScore value='1220'/>
		<razingScore value='0'/>
		<mineralScore value='8850'/>
		<gasScore value='2560'/>
		<totalScore value='31055'/>
	</enemy>

	<scoreRatio value='2.02573'/>
</results>
