<results>
	<result value='win'/>
	<start value='2014-07-05.15:59:19'/>
	<end value='2014-07-05.16:00:12'/>
	<frames value='41325'/>
	<gameDuration value='2582'/>

	<player>
		<unitScore value='18675'/>
		<killScore value='24890'/>
		<buildingScore value='5450'/>
		<razingScore value='8115'/>
		<mineralScore value='40686'/>
		<gasScore value='5256'/>
		<totalScore value='103072'/>
	</player>

	<enemy>
		<race value='Zerg'/>
		<unitScore value='11650'/>
		<unitScore value='11650'/>
		<killScore value='13750'/>
		<buildingScore value='2705'/>
		<razingScore value='375'/>
		<mineralScore value='12290'/>
		<gasScore value='3896'/>
		<totalScore value='44666'/>
	</enemy>

	<scoreRatio value='2.30762'/>
</results>
