<results>
	<result value='loss'/>
	<start value='2015-05-10.05:59:59'/>
	<end value='2015-05-10.06:00:18'/>
	<frames value='29979'/>
	<gameDuration value='1873'/>

	<player>
		<unitScore value='8700'/>
		<killScore value='12050'/>
		<buildingScore value='2275'/>
		<razingScore value='0'/>
		<mineralScore value='10754'/>
		<gasScore value='1960'/>
		<totalScore value='35739'/>
	</player>

	<enemy>
		<race value='Zerg'/>
		<unitScore value='16775'/>
		<unitScore value='16775'/>
		<killScore value='17650'/>
		<buildingScore value='3410'/>
		<razingScore value='6825'/>
		<mineralScore value='19398'/>
		<gasScore value='6136'/>
		<totalScore value='70194'/>
	</enemy>

	<scoreRatio value='0.509146'/>
	<timeFitness value='0.260139'/>
	<unitsAverage value='39'/>
</results>
