<results>
	<result value='win'/>
	<start value='2015-05-10.20:30:54'/>
	<end value='2015-05-10.20:31:24'/>
	<frames value='30816'/>
	<gameDuration value='1926'/>

	<player>
		<unitScore value='19100'/>
		<killScore value='20590'/>
		<buildingScore value='4000'/>
		<razingScore value='8325'/>
		<mineralScore value='25426'/>
		<gasScore value='2400'/>
		<totalScore value='79841'/>
	</player>

	<enemy>
		<race value='Zerg'/>
		<unitScore value='10200'/>
		<unitScore value='10200'/>
		<killScore value='16100'/>
		<buildingScore value='2775'/>
		<razingScore value='150'/>
		<mineralScore value='12442'/>
		<gasScore value='3720'/>
		<totalScore value='45387'/>
	</enemy>

	<scoreRatio value='1.75912'/>
	<timeFitness value='0.7325'/>
	<unitsAverage value='93'/>
</results>
