<results>
	<result value='loss'/>
	<start value='2015-05-03.20:07:23'/>
	<end value='2015-05-03.20:07:37'/>
	<frames value='20369'/>
	<gameDuration value='1273'/>

	<player>
		<unitScore value='4250'/>
		<killScore value='2900'/>
		<buildingScore value='1650'/>
		<razingScore value='0'/>
		<mineralScore value='6234'/>
		<gasScore value='624'/>
		<totalScore value='15658'/>
	</player>

	<enemy>
		<race value='Terran'/>
		<unitScore value='8275'/>
		<unitScore value='8275'/>
		<killScore value='8500'/>
		<buildingScore value='2850'/>
		<razingScore value='4950'/>
		<mineralScore value='9634'/>
		<gasScore value='3824'/>
		<totalScore value='38033'/>
	</enemy>

	<scoreRatio value='0.411695'/>
	<timeFitness value='0.176806'/>
	<unitsAverage value='28'/>
</results>
