<results>
	<result value='win'/>
	<start value='2015-05-09.07:45:13'/>
	<end value='2015-05-09.07:45:45'/>
	<frames value='34846'/>
	<gameDuration value='2177'/>

	<player>
		<unitScore value='23725'/>
		<killScore value='27800'/>
		<buildingScore value='4800'/>
		<razingScore value='7575'/>
		<mineralScore value='32302'/>
		<gasScore value='2608'/>
		<totalScore value='98810'/>
	</player>

	<enemy>
		<race value='Terran'/>
		<unitScore value='13900'/>
		<unitScore value='13900'/>
		<killScore value='22650'/>
		<buildingScore value='2600'/>
		<razingScore value='525'/>
		<mineralScore value='12050'/>
		<gasScore value='5258'/>
		<totalScore value='56983'/>
	</enemy>

	<scoreRatio value='1.73403'/>
	<timeFitness value='0.697639'/>
	<unitsAverage value='114'/>
</results>
