<results>
	<result value='loss'/>
	<start value='2015-05-03.20:07:41'/>
	<end value='2015-05-03.20:07:56'/>
	<frames value='19346'/>
	<gameDuration value='1209'/>

	<player>
		<unitScore value='4375'/>
		<killScore value='1950'/>
		<buildingScore value='2525'/>
		<razingScore value='0'/>
		<mineralScore value='6730'/>
		<gasScore value='984'/>
		<totalScore value='16564'/>
	</player>

	<enemy>
		<race value='Terran'/>
		<unitScore value='7450'/>
		<unitScore value='7450'/>
		<killScore value='8750'/>
		<buildingScore value='2850'/>
		<razingScore value='7575'/>
		<mineralScore value='8946'/>
		<gasScore value='3344'/>
		<totalScore value='38915'/>
	</enemy>

	<scoreRatio value='0.425646'/>
	<timeFitness value='0.167917'/>
	<unitsAverage value='28'/>
</results>
