<results>
	<result value='loss'/>
	<start value='2015-05-03.20:11:07'/>
	<end value='2015-05-03.20:11:24'/>
	<frames value='22229'/>
	<gameDuration value='1389'/>

	<player>
		<unitScore value='5775'/>
		<killScore value='4150'/>
		<buildingScore value='2150'/>
		<razingScore value='0'/>
		<mineralScore value='10634'/>
		<gasScore value='648'/>
		<totalScore value='23357'/>
	</player>

	<enemy>
		<race value='Terran'/>
		<unitScore value='8900'/>
		<unitScore value='8900'/>
		<killScore value='11550'/>
		<buildingScore value='3300'/>
		<razingScore value='6450'/>
		<mineralScore value='11026'/>
		<gasScore value='4312'/>
		<totalScore value='45538'/>
	</enemy>

	<scoreRatio value='0.512912'/>
	<timeFitness value='0.192917'/>
	<unitsAverage value='36'/>
</results>
