<results>
	<result value='loss'/>
	<start value='2015-05-03.20:11:52'/>
	<end value='2015-05-03.20:12:08'/>
	<frames value='19966'/>
	<gameDuration value='1247'/>

	<player>
		<unitScore value='6800'/>
		<killScore value='2150'/>
		<buildingScore value='2625'/>
		<razingScore value='0'/>
		<mineralScore value='8994'/>
		<gasScore value='1328'/>
		<totalScore value='21897'/>
	</player>

	<enemy>
		<race value='Terran'/>
		<unitScore value='7550'/>
		<unitScore value='7550'/>
		<killScore value='13600'/>
		<buildingScore value='2950'/>
		<razingScore value='7875'/>
		<mineralScore value='9442'/>
		<gasScore value='3592'/>
		<totalScore value='45009'/>
	</enemy>

	<scoreRatio value='0.486503'/>
	<timeFitness value='0.173194'/>
	<unitsAverage value='35'/>
</results>
