<results>
	<result value='win'/>
	<start value='2015-05-09.07:51:44'/>
	<end value='2015-05-09.07:51:54'/>
	<frames value='18230'/>
	<gameDuration value='1139'/>

	<player>
		<unitScore value='6300'/>
		<killScore value='11300'/>
		<buildingScore value='2250'/>
		<razingScore value='5550'/>
		<mineralScore value='9138'/>
		<gasScore value='1584'/>
		<totalScore value='36122'/>
	</player>

	<enemy>
		<race value='Terran'/>
		<unitScore value='5650'/>
		<unitScore value='5650'/>
		<killScore value='4000'/>
		<buildingScore value='1850'/>
		<razingScore value='1800'/>
		<mineralScore value='7290'/>
		<gasScore value='2160'/>
		<totalScore value='22750'/>
	</enemy>

	<scoreRatio value='1.58778'/>
	<timeFitness value='0.841806'/>
	<unitsAverage value='44'/>
</results>
