<results>
	<result value='win'/>
	<start value='2015-05-03.20:20:35'/>
	<end value='2015-05-03.20:21:14'/>
	<frames value='38411'/>
	<gameDuration value='2400'/>

	<player>
		<unitScore value='16375'/>
		<killScore value='28450'/>
		<buildingScore value='4125'/>
		<razingScore value='9900'/>
		<mineralScore value='20482'/>
		<gasScore value='3032'/>
		<totalScore value='82364'/>
	</player>

	<enemy>
		<race value='Terran'/>
		<unitScore value='16000'/>
		<unitScore value='16000'/>
		<killScore value='17600'/>
		<buildingScore value='3300'/>
		<razingScore value='5325'/>
		<mineralScore value='13466'/>
		<gasScore value='6192'/>
		<totalScore value='61883'/>
	</enemy>

	<scoreRatio value='1.33096'/>
	<timeFitness value='0.666667'/>
	<unitsAverage value='59'/>
</results>
