<results>
	<result value='loss'/>
	<start value='2015-05-09.07:54:02'/>
	<end value='2015-05-09.07:54:22'/>
	<frames value='35032'/>
	<gameDuration value='2189'/>

	<player>
		<unitScore value='8825'/>
		<killScore value='9450'/>
		<buildingScore value='2900'/>
		<razingScore value='0'/>
		<mineralScore value='11698'/>
		<gasScore value='1824'/>
		<totalScore value='34697'/>
	</player>

	<enemy>
		<race value='Terran'/>
		<unitScore value='20050'/>
		<unitScore value='20050'/>
		<killScore value='17650'/>
		<buildingScore value='4775'/>
		<razingScore value='8700'/>
		<mineralScore value='20730'/>
		<gasScore value='8880'/>
		<totalScore value='80785'/>
	</enemy>

	<scoreRatio value='0.429498'/>
	<timeFitness value='0.304028'/>
	<unitsAverage value='38'/>
</results>
