<results>
	<result value='draw'/>
	<start value='2015-07-12.13:40:36'/>
	<end value='2015-07-12.13:41:21'/>
	<frames value='57601'/>
	<gameDuration value='3600'/>

	<player>
		<unitScore value='43950'/>
		<killScore value='25050'/>
		<buildingScore value='3975'/>
		<razingScore value='0'/>
		<mineralScore value='34742'/>
		<gasScore value='7538'/>
		<totalScore value='115255'/>
	</player>

	<enemy>
		<race value='Terran'/>
		<unitScore value='25650'/>
		<killScore value='84800'/>
		<buildingScore value='4075'/>
		<razingScore value='6450'/>
		<mineralScore value='19550'/>
		<gasScore value='12304'/>
		<totalScore value='152829'/>
	</enemy>

	<scoreRatio value='0.754144'/>
	<timeFitness value='0.5'/>
	<unitsAverage value='85'/>
</results>
