<results>
	<result value='win'/>
	<start value='2015-07-12.13:43:36'/>
	<end value='2015-07-12.13:44:29'/>
	<frames value='46254'/>
	<gameDuration value='2890'/>

	<player>
		<unitScore value='42400'/>
		<killScore value='23700'/>
		<buildingScore value='5025'/>
		<razingScore value='8250'/>
		<mineralScore value='39166'/>
		<gasScore value='8476'/>
		<totalScore value='127017'/>
	</player>

	<enemy>
		<race value='Terran'/>
		<unitScore value='13350'/>
		<killScore value='56900'/>
		<buildingScore value='2750'/>
		<razingScore value='3900'/>
		<mineralScore value='12050'/>
		<gasScore value='5698'/>
		<totalScore value='94648'/>
	</enemy>

	<scoreRatio value='1.34199'/>
	<timeFitness value='0.598611'/>
	<unitsAverage value='109'/>
</results>
