<results>
	<result value='loss'/>
	<start value='2015-07-12.13:55:04'/>
	<end value='2015-07-12.13:55:22'/>
	<frames value='26414'/>
	<gameDuration value='1650'/>

	<player>
		<unitScore value='12475'/>
		<killScore value='5700'/>
		<buildingScore value='3250'/>
		<razingScore value='150'/>
		<mineralScore value='13822'/>
		<gasScore value='2416'/>
		<totalScore value='37813'/>
	</player>

	<enemy>
		<race value='Terran'/>
		<unitScore value='7825'/>
		<killScore value='24500'/>
		<buildingScore value='1950'/>
		<razingScore value='9750'/>
		<mineralScore value='10682'/>
		<gasScore value='3584'/>
		<totalScore value='58291'/>
	</enemy>

	<scoreRatio value='0.648694'/>
	<timeFitness value='0.229167'/>
	<unitsAverage value='47'/>
</results>
