<results>
	<result value='win'/>
	<start value='2015-05-02.19:14:12'/>
	<end value='2015-05-02.19:14:40'/>
	<frames value='28770'/>
	<gameDuration value='1798'/>

	<player>
		<unitScore value='20500'/>
		<killScore value='21860'/>
		<buildingScore value='2725'/>
		<razingScore value='5460'/>
		<mineralScore value='24726'/>
		<gasScore value='0'/>
		<totalScore value='75271'/>
	</player>

	<enemy>
		<race value='Zerg'/>
		<unitScore value='9725'/>
		<unitScore value='9725'/>
		<killScore value='26900'/>
		<buildingScore value='1820'/>
		<razingScore value='0'/>
		<mineralScore value='8978'/>
		<gasScore value='2520'/>
		<totalScore value='49943'/>
	</enemy>

	<scoreRatio value='1.50714'/>
	<timeFitness value='0.750278'/>
	<unitsAverage value='87'/>
</results>
