<results>
	<result value='loss'/>
	<start value='2015-05-02.19:16:45'/>
	<end value='2015-05-02.19:17:33'/>
	<frames value='49726'/>
	<gameDuration value='3107'/>

	<player>
		<unitScore value='27500'/>
		<killScore value='46950'/>
		<buildingScore value='3200'/>
		<razingScore value='2340'/>
		<mineralScore value='31894'/>
		<gasScore value='0'/>
		<totalScore value='111884'/>
	</player>

	<enemy>
		<race value='Zerg'/>
		<unitScore value='28675'/>
		<unitScore value='28675'/>
		<killScore value='55000'/>
		<buildingScore value='3710'/>
		<razingScore value='9600'/>
		<mineralScore value='25182'/>
		<gasScore value='7732'/>
		<totalScore value='129899'/>
	</enemy>

	<scoreRatio value='0.861315'/>
	<timeFitness value='0.431528'/>
	<unitsAverage value='78'/>
</results>
