<results>
	<result value='win'/>
	<start value='2015-05-02.19:17:36'/>
	<end value='2015-05-02.19:18:11'/>
	<frames value='28677'/>
	<gameDuration value='1792'/>

	<player>
		<unitScore value='21500'/>
		<killScore value='24370'/>
		<buildingScore value='3750'/>
		<razingScore value='4635'/>
		<mineralScore value='31022'/>
		<gasScore value='0'/>
		<totalScore value='85277'/>
	</player>

	<enemy>
		<race value='Zerg'/>
		<unitScore value='11250'/>
		<unitScore value='11250'/>
		<killScore value='24600'/>
		<buildingScore value='1545'/>
		<razingScore value='0'/>
		<mineralScore value='9682'/>
		<gasScore value='2768'/>
		<totalScore value='49845'/>
	</enemy>

	<scoreRatio value='1.71084'/>
	<timeFitness value='0.751111'/>
	<unitsAverage value='101'/>
</results>
