<results>
	<result value='win'/>
	<start value='2015-05-02.19:24:11'/>
	<end value='2015-05-02.19:24:49'/>
	<frames value='34102'/>
	<gameDuration value='2131'/>

	<player>
		<unitScore value='24700'/>
		<killScore value='35540'/>
		<buildingScore value='3650'/>
		<razingScore value='3660'/>
		<mineralScore value='31478'/>
		<gasScore value='0'/>
		<totalScore value='99028'/>
	</player>

	<enemy>
		<race value='Zerg'/>
		<unitScore value='14625'/>
		<unitScore value='14625'/>
		<killScore value='32600'/>
		<buildingScore value='1220'/>
		<razingScore value='0'/>
		<mineralScore value='11762'/>
		<gasScore value='3400'/>
		<totalScore value='63607'/>
	</enemy>

	<scoreRatio value='1.55687'/>
	<timeFitness value='0.704028'/>
	<unitsAverage value='92'/>
</results>
