<results>
	<result value='win'/>
	<start value='2015-05-02.19:25:26'/>
	<end value='2015-05-02.19:25:55'/>
	<frames value='30010'/>
	<gameDuration value='1875'/>

	<player>
		<unitScore value='19950'/>
		<killScore value='32960'/>
		<buildingScore value='2125'/>
		<razingScore value='4560'/>
		<mineralScore value='23230'/>
		<gasScore value='0'/>
		<totalScore value='82825'/>
	</player>

	<enemy>
		<race value='Zerg'/>
		<unitScore value='13775'/>
		<unitScore value='13775'/>
		<killScore value='28300'/>
		<buildingScore value='1520'/>
		<razingScore value='0'/>
		<mineralScore value='10730'/>
		<gasScore value='3112'/>
		<totalScore value='57437'/>
	</enemy>

	<scoreRatio value='1.44201'/>
	<timeFitness value='0.739583'/>
	<unitsAverage value='83'/>
</results>
