<results>
	<result value='win'/>
	<start value='2015-05-09.16:52:31'/>
	<end value='2015-05-09.16:53:49'/>
	<frames value='56360'/>
	<gameDuration value='3522'/>

	<player>
		<unitScore value='37800'/>
		<killScore value='69010'/>
		<buildingScore value='3875'/>
		<razingScore value='7770'/>
		<mineralScore value='37802'/>
		<gasScore value='4440'/>
		<totalScore value='160697'/>
	</player>

	<enemy>
		<race value='Zerg'/>
		<unitScore value='30525'/>
		<unitScore value='30525'/>
		<killScore value='51050'/>
		<buildingScore value='2590'/>
		<razingScore value='375'/>
		<mineralScore value='23878'/>
		<gasScore value='9068'/>
		<totalScore value='117486'/>
	</enemy>

	<scoreRatio value='1.3678'/>
	<timeFitness value='0.510833'/>
	<unitsAverage value='138'/>
</results>
