<results>
	<result value='win'/>
	<start value='2015-05-02.19:29:03'/>
	<end value='2015-05-02.19:29:23'/>
	<frames value='21485'/>
	<gameDuration value='1342'/>

	<player>
		<unitScore value='11000'/>
		<killScore value='14560'/>
		<buildingScore value='2925'/>
		<razingScore value='6855'/>
		<mineralScore value='14562'/>
		<gasScore value='2160'/>
		<totalScore value='52062'/>
	</player>

	<enemy>
		<race value='Zerg'/>
		<unitScore value='7375'/>
		<unitScore value='7375'/>
		<killScore value='6100'/>
		<buildingScore value='2285'/>
		<razingScore value='0'/>
		<mineralScore value='8442'/>
		<gasScore value='2592'/>
		<totalScore value='26794'/>
	</enemy>

	<scoreRatio value='1.94305'/>
	<timeFitness value='0.813611'/>
	<unitsAverage value='68'/>
</results>
