<results>
	<result value='win'/>
	<start value='2015-04-11.08:22:05'/>
	<end value='2015-04-11.08:22:58'/>
	<frames value='27685'/>
	<gameDuration value='1730'/>

	<player>
		<unitScore value='17100'/>
		<killScore value='24450'/>
		<buildingScore value='3750'/>
		<razingScore value='16875'/>
		<mineralScore value='26922'/>
		<gasScore value='3032'/>
		<totalScore value='92129'/>
	</player>

	<enemy>
		<race value='Protoss'/>
		<unitScore value='12975'/>
		<unitScore value='12975'/>
		<killScore value='13700'/>
		<buildingScore value='5625'/>
		<razingScore value='0'/>
		<mineralScore value='16538'/>
		<gasScore value='3136'/>
		<totalScore value='51974'/>
	</enemy>

	<scoreRatio value='1.7726'/>
</results>
