<results>
	<result value='win'/>
	<start value='2015-05-02.15:18:16'/>
	<end value='2015-05-02.15:19:18'/>
	<frames value='38349'/>
	<gameDuration value='2396'/>

	<player>
		<unitScore value='23325'/>
		<killScore value='34550'/>
		<buildingScore value='4275'/>
		<razingScore value='19575'/>
		<mineralScore value='28550'/>
		<gasScore value='4208'/>
		<totalScore value='114483'/>
	</player>

	<enemy>
		<race value='Protoss'/>
		<unitScore value='18050'/>
		<unitScore value='18050'/>
		<killScore value='24300'/>
		<buildingScore value='6525'/>
		<razingScore value='150'/>
		<mineralScore value='21562'/>
		<gasScore value='5848'/>
		<totalScore value='76435'/>
	</enemy>

	<scoreRatio value='1.49778'/>
	<timeFitness value='0.667222'/>
	<unitsAverage value='104'/>
</results>
