<results>
	<result value='win'/>
	<start value='2015-05-02.15:54:39'/>
	<end value='2015-05-02.15:56:07'/>
	<frames value='40488'/>
	<gameDuration value='2530'/>

	<player>
		<unitScore value='27775'/>
		<killScore value='55470'/>
		<buildingScore value='4250'/>
		<razingScore value='19350'/>
		<mineralScore value='34906'/>
		<gasScore value='5472'/>
		<totalScore value='147223'/>
	</player>

	<enemy>
		<race value='Protoss'/>
		<unitScore value='29430'/>
		<unitScore value='29430'/>
		<killScore value='31200'/>
		<buildingScore value='6450'/>
		<razingScore value='0'/>
		<mineralScore value='25042'/>
		<gasScore value='8608'/>
		<totalScore value='100730'/>
	</enemy>

	<scoreRatio value='1.46156'/>
	<timeFitness value='0.648611'/>
	<unitsAverage value='146'/>
</results>
