<results>
	<result value='win'/>
	<start value='2015-05-02.16:04:27'/>
	<end value='2015-05-02.16:05:45'/>
	<frames value='40364'/>
	<gameDuration value='2522'/>

	<player>
		<unitScore value='27050'/>
		<killScore value='31700'/>
		<buildingScore value='4325'/>
		<razingScore value='17325'/>
		<mineralScore value='28226'/>
		<gasScore value='2768'/>
		<totalScore value='111394'/>
	</player>

	<enemy>
		<race value='Protoss'/>
		<unitScore value='16200'/>
		<unitScore value='16200'/>
		<killScore value='23050'/>
		<buildingScore value='5775'/>
		<razingScore value='0'/>
		<mineralScore value='22134'/>
		<gasScore value='7328'/>
		<totalScore value='74487'/>
	</enemy>

	<scoreRatio value='1.49548'/>
	<timeFitness value='0.649722'/>
	<unitsAverage value='136'/>
</results>
