<results>
	<result value='loss'/>
	<start value='2015-07-18.22:47:40'/>
	<end value='2015-07-18.22:49:28'/>
	<frames value='47773'/>
	<gameDuration value='2985'/>

	<player>
		<unitScore value='33550'/>
		<killScore value='35900'/>
		<buildingScore value='3675'/>
		<razingScore value='0'/>
		<mineralScore value='31518'/>
		<gasScore value='7492'/>
		<totalScore value='112135'/>
	</player>

	<enemy>
		<race value='Protoss'/>
		<unitScore value='31730'/>
		<killScore value='62050'/>
		<buildingScore value='6850'/>
		<razingScore value='11025'/>
		<mineralScore value='30618'/>
		<gasScore value='10722'/>
		<totalScore value='152995'/>
	</enemy>

	<scoreRatio value='0.732932'/>
	<timeFitness value='0.414583'/>
	<unitsAverage value='120'/>
</results>
