<results>
	<result value='win'/>
	<start value='2015-05-02.23:32:57'/>
	<end value='2015-05-02.23:33:12'/>
	<frames value='21299'/>
	<gameDuration value='1331'/>

	<player>
		<unitScore value='8275'/>
		<killScore value='17300'/>
		<buildingScore value='3175'/>
		<razingScore value='6900'/>
		<mineralScore value='13006'/>
		<gasScore value='2152'/>
		<totalScore value='50808'/>
	</player>

	<enemy>
		<race value='Terran'/>
		<unitScore value='8650'/>
		<unitScore value='8650'/>
		<killScore value='4300'/>
		<buildingScore value='2300'/>
		<razingScore value='1575'/>
		<mineralScore value='9202'/>
		<gasScore value='2856'/>
		<totalScore value='28883'/>
	</enemy>

	<scoreRatio value='1.7591'/>
	<timeFitness value='0.815139'/>
	<unitsAverage value='56'/>
</results>
