<results>
	<result value='win'/>
	<start value='2015-05-02.23:35:11'/>
	<end value='2015-05-02.23:35:34'/>
	<frames value='27747'/>
	<gameDuration value='1734'/>

	<player>
		<unitScore value='11350'/>
		<killScore value='24250'/>
		<buildingScore value='4050'/>
		<razingScore value='9225'/>
		<mineralScore value='17670'/>
		<gasScore value='2256'/>
		<totalScore value='68801'/>
	</player>

	<enemy>
		<race value='Terran'/>
		<unitScore value='12925'/>
		<unitScore value='12925'/>
		<killScore value='6200'/>
		<buildingScore value='3075'/>
		<razingScore value='1650'/>
		<mineralScore value='11882'/>
		<gasScore value='5720'/>
		<totalScore value='41452'/>
	</enemy>

	<scoreRatio value='1.65978'/>
	<timeFitness value='0.759167'/>
	<unitsAverage value='71'/>
</results>
