<results>
	<result value='loss'/>
	<start value='2015-04-28.03:40:05'/>
	<end value='2015-04-28.03:41:18'/>
	<frames value='53167'/>
	<gameDuration value='3322'/>

	<player>
		<unitScore value='27150'/>
		<killScore value='37250'/>
		<buildingScore value='3525'/>
		<razingScore value='9150'/>
		<mineralScore value='29082'/>
		<gasScore value='4888'/>
		<totalScore value='111045'/>
	</player>

	<enemy>
		<race value='Protoss'/>
		<unitScore value='24475'/>
		<unitScore value='24475'/>
		<killScore value='54300'/>
		<buildingScore value='8925'/>
		<razingScore value='10575'/>
		<mineralScore value='26962'/>
		<gasScore value='10286'/>
		<totalScore value='135523'/>
	</enemy>

	<scoreRatio value='0.819381'/>
</results>
