<results>
	<result value='win'/>
	<start value='2014-07-11.22:38:39'/>
	<end value='2014-07-11.22:39:02'/>
	<frames value='25608'/>
	<gameDuration value='1600'/>

	<player>
		<unitScore value='15650'/>
		<killScore value='16960'/>
		<buildingScore value='3800'/>
		<razingScore value='7125'/>
		<mineralScore value='19746'/>
		<gasScore value='2648'/>
		<totalScore value='65929'/>
	</player>

	<enemy>
		<race value='Zerg'/>
		<unitScore value='8200'/>
		<unitScore value='8200'/>
		<killScore value='9800'/>
		<buildingScore value='2375'/>
		<razingScore value='150'/>
		<mineralScore value='8826'/>
		<gasScore value='2600'/>
		<totalScore value='31951'/>
	</enemy>

	<scoreRatio value='2.06344'/>
</results>
