<results>
	<result value='loss'/>
	<start value='2014-07-04.12:34:26'/>
	<end value='2014-07-04.12:34:58'/>
	<frames value='42534'/>
	<gameDuration value='2658'/>

	<player>
		<unitScore value='25325'/>
		<killScore value='29800'/>
		<buildingScore value='3250'/>
		<razingScore value='600'/>
		<mineralScore value='26758'/>
		<gasScore value='3824'/>
		<totalScore value='89557'/>
	</player>

	<enemy>
		<race value='Protoss'/>
		<unitScore value='30525'/>
		<unitScore value='30525'/>
		<killScore value='50650'/>
		<buildingScore value='7175'/>
		<razingScore value='9750'/>
		<mineralScore value='31074'/>
		<gasScore value='10398'/>
		<totalScore value='139572'/>
	</enemy>

	<scoreRatio value='0.641654'/>
</results>
