<results>
	<result value='loss'/>
	<start value='2015-07-18.02:52:44'/>
	<end value='2015-07-18.02:53:16'/>
	<frames value='31250'/>
	<gameDuration value='1953'/>

	<player>
		<unitScore value='16525'/>
		<killScore value='5150'/>
		<buildingScore value='2775'/>
		<razingScore value='0'/>
		<mineralScore value='14610'/>
		<gasScore value='3016'/>
		<totalScore value='42076'/>
	</player>

	<enemy>
		<race value='Protoss'/>
		<unitScore value='13875'/>
		<killScore value='31750'/>
		<buildingScore value='6975'/>
		<razingScore value='8325'/>
		<mineralScore value='18738'/>
		<gasScore value='6840'/>
		<totalScore value='86503'/>
	</enemy>

	<scoreRatio value='0.486411'/>
	<timeFitness value='0.27125'/>
	<unitsAverage value='42'/>
</results>
