<results>
	<result value='draw'/>
	<start value='2015-07-18.02:54:37'/>
	<end value='2015-07-18.02:56:32'/>
	<frames value='57601'/>
	<gameDuration value='3600'/>

	<player>
		<unitScore value='41925'/>
		<killScore value='25450'/>
		<buildingScore value='3900'/>
		<razingScore value='300'/>
		<mineralScore value='31534'/>
		<gasScore value='8802'/>
		<totalScore value='111911'/>
	</player>

	<enemy>
		<race value='Protoss'/>
		<unitScore value='32025'/>
		<killScore value='83850'/>
		<buildingScore value='6675'/>
		<razingScore value='11550'/>
		<mineralScore value='31542'/>
		<gasScore value='11410'/>
		<totalScore value='177052'/>
	</enemy>

	<scoreRatio value='0.63208'/>
	<timeFitness value='0.5'/>
	<unitsAverage value='106'/>
</results>
