<results>
	<result value='loss'/>
	<start value='2015-07-18.02:58:14'/>
	<end value='2015-07-18.02:58:52'/>
	<frames value='32211'/>
	<gameDuration value='2013'/>

	<player>
		<unitScore value='15800'/>
		<killScore value='3700'/>
		<buildingScore value='2200'/>
		<razingScore value='0'/>
		<mineralScore value='20230'/>
		<gasScore value='2464'/>
		<totalScore value='44394'/>
	</player>

	<enemy>
		<race value='Protoss'/>
		<unitScore value='16900'/>
		<killScore value='30850'/>
		<buildingScore value='6875'/>
		<razingScore value='6600'/>
		<mineralScore value='20174'/>
		<gasScore value='8176'/>
		<totalScore value='89575'/>
	</enemy>

	<scoreRatio value='0.495607'/>
	<timeFitness value='0.279583'/>
	<unitsAverage value='50'/>
</results>
