<results>
	<result value='loss'/>
	<start value='2015-07-18.03:16:23'/>
	<end value='2015-07-18.03:17:43'/>
	<frames value='41077'/>
	<gameDuration value='2567'/>

	<player>
		<unitScore value='27050'/>
		<killScore value='19550'/>
		<buildingScore value='2800'/>
		<razingScore value='300'/>
		<mineralScore value='26254'/>
		<gasScore value='5014'/>
		<totalScore value='80968'/>
	</player>

	<enemy>
		<race value='Protoss'/>
		<unitScore value='27950'/>
		<killScore value='54100'/>
		<buildingScore value='7575'/>
		<razingScore value='8400'/>
		<mineralScore value='28550'/>
		<gasScore value='9890'/>
		<totalScore value='136465'/>
	</enemy>

	<scoreRatio value='0.593324'/>
	<timeFitness value='0.356528'/>
	<unitsAverage value='73'/>
</results>
