<results>
	<result value='win'/>
	<start value='2015-05-10.17:43:39'/>
	<end value='2015-05-10.17:44:14'/>
	<frames value='33606'/>
	<gameDuration value='2100'/>

	<player>
		<unitScore value='22600'/>
		<killScore value='35940'/>
		<buildingScore value='3925'/>
		<razingScore value='5355'/>
		<mineralScore value='34598'/>
		<gasScore value='3232'/>
		<totalScore value='105650'/>
	</player>

	<enemy>
		<race value='Zerg'/>
		<unitScore value='15850'/>
		<unitScore value='15850'/>
		<killScore value='21900'/>
		<buildingScore value='1785'/>
		<razingScore value='225'/>
		<mineralScore value='14210'/>
		<gasScore value='4640'/>
		<totalScore value='58610'/>
	</enemy>

	<scoreRatio value='1.80259'/>
	<timeFitness value='0.708333'/>
	<unitsAverage value='110'/>
</results>
