<results>
	<result value='win'/>
	<start value='2015-05-10.17:47:42'/>
	<end value='2015-05-10.17:48:06'/>
	<frames value='25608'/>
	<gameDuration value='1600'/>

	<player>
		<unitScore value='17200'/>
		<killScore value='26890'/>
		<buildingScore value='4450'/>
		<razingScore value='4560'/>
		<mineralScore value='25114'/>
		<gasScore value='2312'/>
		<totalScore value='80526'/>
	</player>

	<enemy>
		<race value='Zerg'/>
		<unitScore value='11700'/>
		<unitScore value='11700'/>
		<killScore value='13300'/>
		<buildingScore value='1520'/>
		<razingScore value='0'/>
		<mineralScore value='10266'/>
		<gasScore value='3144'/>
		<totalScore value='39930'/>
	</enemy>

	<scoreRatio value='2.01668'/>
	<timeFitness value='0.777778'/>
	<unitsAverage value='99'/>
</results>
