<results>
	<result value='win'/>
	<start value='2015-05-10.17:56:34'/>
	<end value='2015-05-10.17:56:55'/>
	<frames value='24120'/>
	<gameDuration value='1507'/>

	<player>
		<unitScore value='15475'/>
		<killScore value='20800'/>
		<buildingScore value='4250'/>
		<razingScore value='4680'/>
		<mineralScore value='23194'/>
		<gasScore value='1656'/>
		<totalScore value='70055'/>
	</player>

	<enemy>
		<race value='Zerg'/>
		<unitScore value='9450'/>
		<unitScore value='9450'/>
		<killScore value='9950'/>
		<buildingScore value='1560'/>
		<razingScore value='0'/>
		<mineralScore value='9074'/>
		<gasScore value='3048'/>
		<totalScore value='33082'/>
	</enemy>

	<scoreRatio value='2.11762'/>
	<timeFitness value='0.790694'/>
	<unitsAverage value='95'/>
</results>
