<results>
	<result value='win'/>
	<start value='2015-05-10.18:02:48'/>
	<end value='2015-05-10.18:03:13'/>
	<frames value='27716'/>
	<gameDuration value='1732'/>

	<player>
		<unitScore value='18075'/>
		<killScore value='23430'/>
		<buildingScore value='4875'/>
		<razingScore value='8160'/>
		<mineralScore value='25542'/>
		<gasScore value='2032'/>
		<totalScore value='82114'/>
	</player>

	<enemy>
		<race value='Zerg'/>
		<unitScore value='11125'/>
		<unitScore value='11125'/>
		<killScore value='14100'/>
		<buildingScore value='2720'/>
		<razingScore value='450'/>
		<mineralScore value='12530'/>
		<gasScore value='3848'/>
		<totalScore value='44773'/>
	</enemy>

	<scoreRatio value='1.83401'/>
	<timeFitness value='0.759444'/>
	<unitsAverage value='95'/>
</results>
