<results>
	<result value='loss'/>
	<start value='2015-05-04.05:57:16'/>
	<end value='2015-05-04.05:57:30'/>
	<frames value='25112'/>
	<gameDuration value='1569'/>

	<player>
		<unitScore value='6150'/>
		<killScore value='3500'/>
		<buildingScore value='2150'/>
		<razingScore value='0'/>
		<mineralScore value='8442'/>
		<gasScore value='1472'/>
		<totalScore value='21714'/>
	</player>

	<enemy>
		<race value='Protoss'/>
		<unitScore value='7025'/>
		<unitScore value='7025'/>
		<killScore value='12300'/>
		<buildingScore value='6075'/>
		<razingScore value='6450'/>
		<mineralScore value='13854'/>
		<gasScore value='4168'/>
		<totalScore value='49872'/>
	</enemy>

	<scoreRatio value='0.435395'/>
	<timeFitness value='0.217917'/>
	<unitsAverage value='30'/>
</results>
