<results>
	<result value='loss'/>
	<start value='2015-05-04.06:06:25'/>
	<end value='2015-05-04.06:06:34'/>
	<frames value='17610'/>
	<gameDuration value='1100'/>

	<player>
		<unitScore value='5750'/>
		<killScore value='1000'/>
		<buildingScore value='1375'/>
		<razingScore value='0'/>
		<mineralScore value='7426'/>
		<gasScore value='0'/>
		<totalScore value='15551'/>
	</player>

	<enemy>
		<race value='Protoss'/>
		<unitScore value='3700'/>
		<unitScore value='3700'/>
		<killScore value='11500'/>
		<buildingScore value='4075'/>
		<razingScore value='4125'/>
		<mineralScore value='9522'/>
		<gasScore value='1672'/>
		<totalScore value='34594'/>
	</enemy>

	<scoreRatio value='0.449529'/>
	<timeFitness value='0.152778'/>
	<unitsAverage value='27'/>
</results>
