<results>
	<result value='win'/>
	<start value='2015-04-27.01:08:53'/>
	<end value='2015-04-27.01:09:11'/>
	<frames value='24895'/>
	<gameDuration value='1555'/>

	<player>
		<unitScore value='9975'/>
		<killScore value='17600'/>
		<buildingScore value='3275'/>
		<razingScore value='5850'/>
		<mineralScore value='15590'/>
		<gasScore value='1928'/>
		<totalScore value='54218'/>
	</player>

	<enemy>
		<race value='Terran'/>
		<unitScore value='8800'/>
		<unitScore value='8800'/>
		<killScore value='8850'/>
		<buildingScore value='1950'/>
		<razingScore value='675'/>
		<mineralScore value='9058'/>
		<gasScore value='2792'/>
		<totalScore value='32125'/>
	</enemy>

	<scoreRatio value='1.68772'/>
</results>
