<results>
	<result value='win'/>
	<start value='2015-04-27.01:13:21'/>
	<end value='2015-04-27.01:13:32'/>
	<frames value='17920'/>
	<gameDuration value='1120'/>

	<player>
		<unitScore value='5500'/>
		<killScore value='9600'/>
		<buildingScore value='2225'/>
		<razingScore value='4350'/>
		<mineralScore value='8738'/>
		<gasScore value='1688'/>
		<totalScore value='32101'/>
	</player>

	<enemy>
		<race value='Terran'/>
		<unitScore value='4800'/>
		<unitScore value='4800'/>
		<killScore value='3300'/>
		<buildingScore value='1450'/>
		<razingScore value='1200'/>
		<mineralScore value='5930'/>
		<gasScore value='1704'/>
		<totalScore value='18384'/>
	</enemy>

	<scoreRatio value='1.74614'/>
</results>
