<results>
	<result value='loss'/>
	<start value='2015-05-10.01:57:59'/>
	<end value='2015-05-10.01:58:54'/>
	<frames value='45138'/>
	<gameDuration value='2821'/>

	<player>
		<unitScore value='23725'/>
		<killScore value='20350'/>
		<buildingScore value='2475'/>
		<razingScore value='9750'/>
		<mineralScore value='24042'/>
		<gasScore value='3368'/>
		<totalScore value='83710'/>
	</player>

	<enemy>
		<race value='Protoss'/>
		<unitScore value='24225'/>
		<unitScore value='24225'/>
		<killScore value='47450'/>
		<buildingScore value='10450'/>
		<razingScore value='7425'/>
		<mineralScore value='30994'/>
		<gasScore value='8208'/>
		<totalScore value='128752'/>
	</enemy>

	<scoreRatio value='0.650165'/>
	<timeFitness value='0.391806'/>
	<unitsAverage value='77'/>
</results>
