<results>
	<result value='loss'/>
	<start value='2015-04-12.10:54:39'/>
	<end value='2015-04-12.10:54:52'/>
	<frames value='16370'/>
	<gameDuration value='1023'/>

	<player>
		<unitScore value='3425'/>
		<killScore value='1400'/>
		<buildingScore value='1125'/>
		<razingScore value='0'/>
		<mineralScore value='4722'/>
		<gasScore value='784'/>
		<totalScore value='11456'/>
	</player>

	<enemy>
		<race value='Protoss'/>
		<unitScore value='3925'/>
		<unitScore value='3925'/>
		<killScore value='6750'/>
		<buildingScore value='3625'/>
		<razingScore value='3375'/>
		<mineralScore value='8594'/>
		<gasScore value='1728'/>
		<totalScore value='27997'/>
	</enemy>

	<scoreRatio value='0.409187'/>
</results>
