<results>
	<result value='draw'/>
	<start value='2015-04-30.01:45:36'/>
	<end value='2015-04-30.01:47:26'/>
	<frames value='57601'/>
	<gameDuration value='3600'/>

	<player>
		<unitScore value='30150'/>
		<killScore value='41200'/>
		<buildingScore value='3525'/>
		<razingScore value='9825'/>
		<mineralScore value='32122'/>
		<gasScore value='6280'/>
		<totalScore value='123102'/>
	</player>

	<enemy>
		<race value='Protoss'/>
		<unitScore value='25000'/>
		<unitScore value='25000'/>
		<killScore value='39200'/>
		<buildingScore value='6625'/>
		<razingScore value='825'/>
		<mineralScore value='25594'/>
		<gasScore value='9256'/>
		<totalScore value='106500'/>
	</enemy>

	<scoreRatio value='1.15589'/>
</results>
