<results>
	<result value='win'/>
	<start value='2015-05-10.01:08:38'/>
	<end value='2015-05-10.01:09:39'/>
	<frames value='34567'/>
	<gameDuration value='2160'/>

	<player>
		<unitScore value='22475'/>
		<killScore value='34850'/>
		<buildingScore value='4400'/>
		<razingScore value='12825'/>
		<mineralScore value='28186'/>
		<gasScore value='2608'/>
		<totalScore value='105344'/>
	</player>

	<enemy>
		<race value='Terran'/>
		<unitScore value='19025'/>
		<unitScore value='19025'/>
		<killScore value='24150'/>
		<buildingScore value='4375'/>
		<razingScore value='1350'/>
		<mineralScore value='15746'/>
		<gasScore value='7348'/>
		<totalScore value='71994'/>
	</enemy>

	<scoreRatio value='1.46323'/>
	<timeFitness value='0.7'/>
	<unitsAverage value='89'/>
</results>
