<results>
	<result value='loss'/>
	<start value='2015-05-04.11:48:57'/>
	<end value='2015-05-04.11:49:37'/>
	<frames value='55740'/>
	<gameDuration value='3483'/>

	<player>
		<unitScore value='20725'/>
		<killScore value='31200'/>
		<buildingScore value='3100'/>
		<razingScore value='3000'/>
		<mineralScore value='24002'/>
		<gasScore value='4408'/>
		<totalScore value='86435'/>
	</player>

	<enemy>
		<race value='Terran'/>
		<unitScore value='29800'/>
		<unitScore value='29800'/>
		<killScore value='41450'/>
		<buildingScore value='5350'/>
		<razingScore value='9525'/>
		<mineralScore value='22678'/>
		<gasScore value='13544'/>
		<totalScore value='122347'/>
	</enemy>

	<scoreRatio value='0.706474'/>
	<timeFitness value='0.48375'/>
	<unitsAverage value='56'/>
</results>
