<results>
	<result value='win'/>
	<start value='2015-05-10.01:25:09'/>
	<end value='2015-05-10.01:25:34'/>
	<frames value='19997'/>
	<gameDuration value='1249'/>

	<player>
		<unitScore value='8200'/>
		<killScore value='13200'/>
		<buildingScore value='3050'/>
		<razingScore value='5250'/>
		<mineralScore value='12278'/>
		<gasScore value='1952'/>
		<totalScore value='43930'/>
	</player>

	<enemy>
		<race value='Terran'/>
		<unitScore value='6600'/>
		<unitScore value='6600'/>
		<killScore value='7150'/>
		<buildingScore value='1750'/>
		<razingScore value='3750'/>
		<mineralScore value='8506'/>
		<gasScore value='2296'/>
		<totalScore value='30052'/>
	</enemy>

	<scoreRatio value='1.4618'/>
	<timeFitness value='0.826528'/>
	<unitsAverage value='55'/>
</results>
