<results>
	<result value='win'/>
	<start value='2015-04-13.04:55:26'/>
	<end value='2015-04-13.04:56:22'/>
	<frames value='29235'/>
	<gameDuration value='1827'/>

	<player>
		<unitScore value='18250'/>
		<killScore value='12500'/>
		<buildingScore value='3825'/>
		<razingScore value='12975'/>
		<mineralScore value='22138'/>
		<gasScore value='2920'/>
		<totalScore value='72608'/>
	</player>

	<enemy>
		<race value='Protoss'/>
		<unitScore value='6250'/>
		<unitScore value='6250'/>
		<killScore value='12350'/>
		<buildingScore value='4325'/>
		<razingScore value='150'/>
		<mineralScore value='11562'/>
		<gasScore value='2144'/>
		<totalScore value='36781'/>
	</enemy>

	<scoreRatio value='1.97406'/>
</results>
