<results>
	<result value='win'/>
	<start value='2015-05-09.20:51:37'/>
	<end value='2015-05-09.20:53:37'/>
	<frames value='53353'/>
	<gameDuration value='3334'/>

	<player>
		<unitScore value='31575'/>
		<killScore value='61250'/>
		<buildingScore value='3150'/>
		<razingScore value='20025'/>
		<mineralScore value='33510'/>
		<gasScore value='7520'/>
		<totalScore value='157030'/>
	</player>

	<enemy>
		<race value='Protoss'/>
		<unitScore value='32550'/>
		<unitScore value='32550'/>
		<killScore value='51050'/>
		<buildingScore value='6675'/>
		<razingScore value='675'/>
		<mineralScore value='27894'/>
		<gasScore value='10400'/>
		<totalScore value='129244'/>
	</enemy>

	<scoreRatio value='1.21499'/>
	<timeFitness value='0.536944'/>
	<unitsAverage value='117'/>
</results>
