<results>
	<result value='win'/>
	<start value='2015-05-05.04:19:13'/>
	<end value='2015-05-05.04:19:32'/>
	<frames value='23407'/>
	<gameDuration value='1462'/>

	<player>
		<unitScore value='11575'/>
		<killScore value='18650'/>
		<buildingScore value='3875'/>
		<razingScore value='7050'/>
		<mineralScore value='21214'/>
		<gasScore value='1856'/>
		<totalScore value='64220'/>
	</player>

	<enemy>
		<race value='Terran'/>
		<unitScore value='10825'/>
		<unitScore value='10825'/>
		<killScore value='6500'/>
		<buildingScore value='2350'/>
		<razingScore value='150'/>
		<mineralScore value='9802'/>
		<gasScore value='3424'/>
		<totalScore value='33051'/>
	</enemy>

	<scoreRatio value='1.94306'/>
	<timeFitness value='0.796944'/>
	<unitsAverage value='74'/>
</results>
