<results>
	<result value='win'/>
	<start value='2015-05-05.04:21:43'/>
	<end value='2015-05-05.04:21:58'/>
	<frames value='22508'/>
	<gameDuration value='1406'/>

	<player>
		<unitScore value='9175'/>
		<killScore value='16200'/>
		<buildingScore value='3125'/>
		<razingScore value='6600'/>
		<mineralScore value='14414'/>
		<gasScore value='2328'/>
		<totalScore value='51842'/>
	</player>

	<enemy>
		<race value='Terran'/>
		<unitScore value='8100'/>
		<unitScore value='8100'/>
		<killScore value='4450'/>
		<buildingScore value='2200'/>
		<razingScore value='1350'/>
		<mineralScore value='8658'/>
		<gasScore value='2640'/>
		<totalScore value='27398'/>
	</enemy>

	<scoreRatio value='1.89218'/>
	<timeFitness value='0.804722'/>
	<unitsAverage value='59'/>
</results>
