<results>
	<result value='win'/>
	<start value='2015-05-05.04:24:33'/>
	<end value='2015-05-05.04:24:49'/>
	<frames value='24554'/>
	<gameDuration value='1534'/>

	<player>
		<unitScore value='10375'/>
		<killScore value='17250'/>
		<buildingScore value='2975'/>
		<razingScore value='5850'/>
		<mineralScore value='14594'/>
		<gasScore value='2400'/>
		<totalScore value='53444'/>
	</player>

	<enemy>
		<race value='Terran'/>
		<unitScore value='8625'/>
		<unitScore value='8625'/>
		<killScore value='11150'/>
		<buildingScore value='1950'/>
		<razingScore value='1875'/>
		<mineralScore value='9186'/>
		<gasScore value='2728'/>
		<totalScore value='35514'/>
	</enemy>

	<scoreRatio value='1.50487'/>
	<timeFitness value='0.786944'/>
	<unitsAverage value='51'/>
</results>
