<results>
	<result value='win'/>
	<start value='2015-05-05.04:37:35'/>
	<end value='2015-05-05.04:37:54'/>
	<frames value='28398'/>
	<gameDuration value='1774'/>

	<player>
		<unitScore value='11325'/>
		<killScore value='15400'/>
		<buildingScore value='3600'/>
		<razingScore value='7950'/>
		<mineralScore value='15570'/>
		<gasScore value='2704'/>
		<totalScore value='56549'/>
	</player>

	<enemy>
		<race value='Terran'/>
		<unitScore value='8000'/>
		<unitScore value='8000'/>
		<killScore value='10750'/>
		<buildingScore value='2650'/>
		<razingScore value='3075'/>
		<mineralScore value='12050'/>
		<gasScore value='3160'/>
		<totalScore value='39685'/>
	</enemy>

	<scoreRatio value='1.42495'/>
	<timeFitness value='0.753611'/>
	<unitsAverage value='56'/>
</results>
