<results>
	<result value='win'/>
	<start value='2015-04-29.16:26:59'/>
	<end value='2015-04-29.16:27:38'/>
	<frames value='26197'/>
	<gameDuration value='1637'/>

	<player>
		<unitScore value='17450'/>
		<killScore value='26710'/>
		<buildingScore value='3925'/>
		<razingScore value='6090'/>
		<mineralScore value='23294'/>
		<gasScore value='1864'/>
		<totalScore value='79333'/>
	</player>

	<enemy>
		<race value='Zerg'/>
		<unitScore value='12700'/>
		<unitScore value='12700'/>
		<killScore value='15100'/>
		<buildingScore value='2030'/>
		<razingScore value='0'/>
		<mineralScore value='11994'/>
		<gasScore value='3704'/>
		<totalScore value='45528'/>
	</enemy>

	<scoreRatio value='1.74251'/>
</results>
