<results>
	<result value='loss'/>
	<start value='2015-05-09.01:11:25'/>
	<end value='2015-05-09.01:11:54'/>
	<frames value='47060'/>
	<gameDuration value='2941'/>

	<player>
		<unitScore value='10425'/>
		<killScore value='16500'/>
		<buildingScore value='2125'/>
		<razingScore value='2175'/>
		<mineralScore value='11954'/>
		<gasScore value='3000'/>
		<totalScore value='46179'/>
	</player>

	<enemy>
		<race value='Terran'/>
		<unitScore value='21400'/>
		<unitScore value='21400'/>
		<killScore value='20850'/>
		<buildingScore value='5075'/>
		<razingScore value='6375'/>
		<mineralScore value='21786'/>
		<gasScore value='10940'/>
		<totalScore value='86426'/>
	</enemy>

	<scoreRatio value='0.534318'/>
	<timeFitness value='0.408472'/>
	<unitsAverage value='33'/>
</results>
