<results>
	<result value='win'/>
	<start value='2014-07-04.03:06:02'/>
	<end value='2014-07-04.03:06:25'/>
	<frames value='31963'/>
	<gameDuration value='1997'/>

	<player>
		<unitScore value='13550'/>
		<killScore value='31600'/>
		<buildingScore value='3875'/>
		<razingScore value='11400'/>
		<mineralScore value='21146'/>
		<gasScore value='2640'/>
		<totalScore value='84211'/>
	</player>

	<enemy>
		<race value='Terran'/>
		<unitScore value='17800'/>
		<unitScore value='17800'/>
		<killScore value='11700'/>
		<buildingScore value='3800'/>
		<razingScore value='750'/>
		<mineralScore value='14190'/>
		<gasScore value='6954'/>
		<totalScore value='55194'/>
	</enemy>

	<scoreRatio value='1.52573'/>
</results>
