<results>
	<result value='win'/>
	<start value='2014-07-04.03:09:52'/>
	<end value='2014-07-04.03:10:10'/>
	<frames value='23810'/>
	<gameDuration value='1488'/>

	<player>
		<unitScore value='10950'/>
		<killScore value='18600'/>
		<buildingScore value='3300'/>
		<razingScore value='6900'/>
		<mineralScore value='16722'/>
		<gasScore value='2432'/>
		<totalScore value='58904'/>
	</player>

	<enemy>
		<race value='Terran'/>
		<unitScore value='9600'/>
		<unitScore value='9600'/>
		<killScore value='8600'/>
		<buildingScore value='2300'/>
		<razingScore value='150'/>
		<mineralScore value='10510'/>
		<gasScore value='3408'/>
		<totalScore value='34568'/>
	</enemy>

	<scoreRatio value='1.704'/>
</results>
