<results>
	<result value='win'/>
	<start value='2014-07-04.03:13:01'/>
	<end value='2014-07-04.03:13:28'/>
	<frames value='28181'/>
	<gameDuration value='1761'/>

	<player>
		<unitScore value='17700'/>
		<killScore value='25850'/>
		<buildingScore value='3900'/>
		<razingScore value='8475'/>
		<mineralScore value='32490'/>
		<gasScore value='2872'/>
		<totalScore value='91287'/>
	</player>

	<enemy>
		<race value='Terran'/>
		<unitScore value='13225'/>
		<unitScore value='13225'/>
		<killScore value='15250'/>
		<buildingScore value='2825'/>
		<razingScore value='450'/>
		<mineralScore value='11950'/>
		<gasScore value='4264'/>
		<totalScore value='47964'/>
	</enemy>

	<scoreRatio value='1.90324'/>
</results>
