<results>
	<result value='loss'/>
	<start value='2014-07-04.03:15:58'/>
	<end value='2014-07-04.03:16:09'/>
	<frames value='21113'/>
	<gameDuration value='1319'/>

	<player>
		<unitScore value='6275'/>
		<killScore value='4500'/>
		<buildingScore value='1400'/>
		<razingScore value='0'/>
		<mineralScore value='7458'/>
		<gasScore value='1312'/>
		<totalScore value='20945'/>
	</player>

	<enemy>
		<race value='Terran'/>
		<unitScore value='7700'/>
		<unitScore value='7700'/>
		<killScore value='12550'/>
		<buildingScore value='3075'/>
		<razingScore value='4200'/>
		<mineralScore value='10186'/>
		<gasScore value='3824'/>
		<totalScore value='41535'/>
	</enemy>

	<scoreRatio value='0.504274'/>
</results>
