<results>
	<result value='win'/>
	<start value='2015-05-10.05:47:34'/>
	<end value='2015-05-10.05:47:51'/>
	<frames value='23314'/>
	<gameDuration value='1457'/>

	<player>
		<unitScore value='10075'/>
		<killScore value='17050'/>
		<buildingScore value='1925'/>
		<razingScore value='7200'/>
		<mineralScore value='12766'/>
		<gasScore value='1752'/>
		<totalScore value='50768'/>
	</player>

	<enemy>
		<race value='Terran'/>
		<unitScore value='9225'/>
		<unitScore value='9225'/>
		<killScore value='10550'/>
		<buildingScore value='2400'/>
		<razingScore value='225'/>
		<mineralScore value='9474'/>
		<gasScore value='2952'/>
		<totalScore value='34826'/>
	</enemy>

	<scoreRatio value='1.45776'/>
	<timeFitness value='0.797639'/>
	<unitsAverage value='52'/>
</results>
