<results>
	<result value='loss'/>
	<start value='2015-07-13.02:34:45'/>
	<end value='2015-07-13.02:35:14'/>
	<frames value='37295'/>
	<gameDuration value='2330'/>

	<player>
		<unitScore value='18350'/>
		<killScore value='10800'/>
		<buildingScore value='2625'/>
		<razingScore value='300'/>
		<mineralScore value='14954'/>
		<gasScore value='3744'/>
		<totalScore value='50773'/>
	</player>

	<enemy>
		<race value='Protoss'/>
		<unitScore value='25125'/>
		<killScore value='36450'/>
		<buildingScore value='7275'/>
		<razingScore value='7875'/>
		<mineralScore value='25658'/>
		<gasScore value='10136'/>
		<totalScore value='112519'/>
	</enemy>

	<scoreRatio value='0.451239'/>
	<timeFitness value='0.323611'/>
	<unitsAverage value='38'/>
</results>
