<results>
	<result value='loss'/>
	<start value='2015-07-13.02:39:26'/>
	<end value='2015-07-13.02:39:58'/>
	<frames value='32087'/>
	<gameDuration value='2005'/>

	<player>
		<unitScore value='17075'/>
		<killScore value='9550'/>
		<buildingScore value='2775'/>
		<razingScore value='0'/>
		<mineralScore value='24962'/>
		<gasScore value='3144'/>
		<totalScore value='57506'/>
	</player>

	<enemy>
		<race value='Protoss'/>
		<unitScore value='19375'/>
		<killScore value='34150'/>
		<buildingScore value='7100'/>
		<razingScore value='8325'/>
		<mineralScore value='25258'/>
		<gasScore value='7720'/>
		<totalScore value='101928'/>
	</enemy>

	<scoreRatio value='0.564183'/>
	<timeFitness value='0.278472'/>
	<unitsAverage value='56'/>
</results>
