<results>
	<result value='win'/>
	<start value='2015-04-15.05:42:07'/>
	<end value='2015-04-15.05:43:02'/>
	<frames value='27778'/>
	<gameDuration value='1736'/>

	<player>
		<unitScore value='18025'/>
		<killScore value='11800'/>
		<buildingScore value='3875'/>
		<razingScore value='13725'/>
		<mineralScore value='27626'/>
		<gasScore value='2952'/>
		<totalScore value='78003'/>
	</player>

	<enemy>
		<race value='Protoss'/>
		<unitScore value='5900'/>
		<unitScore value='5900'/>
		<killScore value='14200'/>
		<buildingScore value='4575'/>
		<razingScore value='0'/>
		<mineralScore value='18026'/>
		<gasScore value='984'/>
		<totalScore value='43685'/>
	</enemy>

	<scoreRatio value='1.78558'/>
</results>
