<results>
	<result value='win'/>
	<start value='2015-04-15.05:54:15'/>
	<end value='2015-04-15.05:56:21'/>
	<frames value='50315'/>
	<gameDuration value='3144'/>

	<player>
		<unitScore value='30475'/>
		<killScore value='35500'/>
		<buildingScore value='4250'/>
		<razingScore value='18225'/>
		<mineralScore value='37354'/>
		<gasScore value='3048'/>
		<totalScore value='128852'/>
	</player>

	<enemy>
		<race value='Protoss'/>
		<unitScore value='18550'/>
		<unitScore value='18550'/>
		<killScore value='36250'/>
		<buildingScore value='6075'/>
		<razingScore value='525'/>
		<mineralScore value='22654'/>
		<gasScore value='6720'/>
		<totalScore value='90774'/>
	</enemy>

	<scoreRatio value='1.41948'/>
</results>
