<results>
	<result value='win'/>
	<start value='2014-07-23.18:02:43'/>
	<end value='2014-07-23.18:03:09'/>
	<frames value='28739'/>
	<gameDuration value='1796'/>

	<player>
		<unitScore value='16775'/>
		<killScore value='18200'/>
		<buildingScore value='3750'/>
		<razingScore value='16500'/>
		<mineralScore value='28850'/>
		<gasScore value='2792'/>
		<totalScore value='86867'/>
	</player>

	<enemy>
		<race value='Protoss'/>
		<unitScore value='10450'/>
		<unitScore value='10450'/>
		<killScore value='12200'/>
		<buildingScore value='5500'/>
		<razingScore value='150'/>
		<mineralScore value='13842'/>
		<gasScore value='4480'/>
		<totalScore value='46622'/>
	</enemy>

	<scoreRatio value='1.86322'/>
</results>
