<results>
	<result value='loss'/>
	<start value='2015-04-11.18:21:07'/>
	<end value='2015-04-11.18:22:32'/>
	<frames value='54159'/>
	<gameDuration value='3384'/>

	<player>
		<unitScore value='28425'/>
		<killScore value='37400'/>
		<buildingScore value='4000'/>
		<razingScore value='4050'/>
		<mineralScore value='31182'/>
		<gasScore value='5312'/>
		<totalScore value='110369'/>
	</player>

	<enemy>
		<race value='Protoss'/>
		<unitScore value='32550'/>
		<unitScore value='32550'/>
		<killScore value='56850'/>
		<buildingScore value='7925'/>
		<razingScore value='12000'/>
		<mineralScore value='30810'/>
		<gasScore value='10688'/>
		<totalScore value='150823'/>
	</enemy>

	<scoreRatio value='0.731778'/>
</results>
