<results>
	<result value='loss'/>
	<start value='2015-04-11.18:22:36'/>
	<end value='2015-04-11.18:22:52'/>
	<frames value='17548'/>
	<gameDuration value='1096'/>

	<player>
		<unitScore value='3775'/>
		<killScore value='1400'/>
		<buildingScore value='1925'/>
		<razingScore value='0'/>
		<mineralScore value='5866'/>
		<gasScore value='584'/>
		<totalScore value='13550'/>
	</player>

	<enemy>
		<race value='Protoss'/>
		<unitScore value='3950'/>
		<unitScore value='3950'/>
		<killScore value='7550'/>
		<buildingScore value='4075'/>
		<razingScore value='5775'/>
		<mineralScore value='9266'/>
		<gasScore value='1776'/>
		<totalScore value='32392'/>
	</enemy>

	<scoreRatio value='0.418313'/>
</results>
