<results>
	<result value='loss'/>
	<start value='2015-04-11.18:24:03'/>
	<end value='2015-04-11.18:24:19'/>
	<frames value='16463'/>
	<gameDuration value='1028'/>

	<player>
		<unitScore value='4125'/>
		<killScore value='800'/>
		<buildingScore value='1675'/>
		<razingScore value='0'/>
		<mineralScore value='5810'/>
		<gasScore value='664'/>
		<totalScore value='13074'/>
	</player>

	<enemy>
		<race value='Protoss'/>
		<unitScore value='3600'/>
		<unitScore value='3600'/>
		<killScore value='8350'/>
		<buildingScore value='3875'/>
		<razingScore value='5025'/>
		<mineralScore value='8498'/>
		<gasScore value='1592'/>
		<totalScore value='30940'/>
	</enemy>

	<scoreRatio value='0.42256'/>
</results>
