<results>
	<result value='loss'/>
	<start value='2014-07-06.04:15:47'/>
	<end value='2014-07-06.04:16:16'/>
	<frames value='40457'/>
	<gameDuration value='2528'/>

	<player>
		<unitScore value='17850'/>
		<killScore value='20450'/>
		<buildingScore value='2700'/>
		<razingScore value='600'/>
		<mineralScore value='19542'/>
		<gasScore value='3176'/>
		<totalScore value='64318'/>
	</player>

	<enemy>
		<race value='Protoss'/>
		<unitScore value='28100'/>
		<unitScore value='28100'/>
		<killScore value='35700'/>
		<buildingScore value='7225'/>
		<razingScore value='8100'/>
		<mineralScore value='29790'/>
		<gasScore value='9856'/>
		<totalScore value='118771'/>
	</enemy>

	<scoreRatio value='0.541529'/>
</results>
