<results>
	<result value='loss'/>
	<start value='2014-07-06.04:21:34'/>
	<end value='2014-07-06.04:22:15'/>
	<frames value='47680'/>
	<gameDuration value='2980'/>

	<player>
		<unitScore value='23950'/>
		<killScore value='35800'/>
		<buildingScore value='2750'/>
		<razingScore value='2250'/>
		<mineralScore value='24050'/>
		<gasScore value='3584'/>
		<totalScore value='92384'/>
	</player>

	<enemy>
		<race value='Protoss'/>
		<unitScore value='38000'/>
		<unitScore value='38000'/>
		<killScore value='47900'/>
		<buildingScore value='8175'/>
		<razingScore value='8250'/>
		<mineralScore value='33974'/>
		<gasScore value='11588'/>
		<totalScore value='147887'/>
	</enemy>

	<scoreRatio value='0.624693'/>
</results>
