<results>
	<result value='win'/>
	<start value='2015-05-01.21:46:19'/>
	<end value='2015-05-01.21:46:48'/>
	<frames value='25639'/>
	<gameDuration value='1602'/>

	<player>
		<unitScore value='14750'/>
		<killScore value='22300'/>
		<buildingScore value='3675'/>
		<razingScore value='5535'/>
		<mineralScore value='25266'/>
		<gasScore value='2816'/>
		<totalScore value='74342'/>
	</player>

	<enemy>
		<race value='Zerg'/>
		<unitScore value='10575'/>
		<unitScore value='10575'/>
		<killScore value='12500'/>
		<buildingScore value='1845'/>
		<razingScore value='0'/>
		<mineralScore value='10234'/>
		<gasScore value='2912'/>
		<totalScore value='38066'/>
	</enemy>

	<scoreRatio value='1.95298'/>
	<timeFitness value='0.7775'/>
	<unitsAverage value='91'/>
</results>
