<results>
	<result value='win'/>
	<start value='2015-05-01.21:48:28'/>
	<end value='2015-05-01.21:49:28'/>
	<frames value='37388'/>
	<gameDuration value='2336'/>

	<player>
		<unitScore value='29825'/>
		<killScore value='43010'/>
		<buildingScore value='4725'/>
		<razingScore value='5550'/>
		<mineralScore value='35674'/>
		<gasScore value='3400'/>
		<totalScore value='122184'/>
	</player>

	<enemy>
		<race value='Zerg'/>
		<unitScore value='20025'/>
		<unitScore value='20025'/>
		<killScore value='36950'/>
		<buildingScore value='1850'/>
		<razingScore value='150'/>
		<mineralScore value='16082'/>
		<gasScore value='6616'/>
		<totalScore value='81673'/>
	</enemy>

	<scoreRatio value='1.49601'/>
	<timeFitness value='0.675556'/>
	<unitsAverage value='124'/>
</results>
