<results>
	<result value='win'/>
	<start value='2015-05-01.21:56:08'/>
	<end value='2015-05-01.21:56:39'/>
	<frames value='24988'/>
	<gameDuration value='1561'/>

	<player>
		<unitScore value='15325'/>
		<killScore value='20560'/>
		<buildingScore value='4425'/>
		<razingScore value='4800'/>
		<mineralScore value='24126'/>
		<gasScore value='1744'/>
		<totalScore value='70980'/>
	</player>

	<enemy>
		<race value='Zerg'/>
		<unitScore value='9550'/>
		<unitScore value='9550'/>
		<killScore value='11450'/>
		<buildingScore value='1600'/>
		<razingScore value='0'/>
		<mineralScore value='9402'/>
		<gasScore value='3064'/>
		<totalScore value='35066'/>
	</enemy>

	<scoreRatio value='2.02418'/>
	<timeFitness value='0.783194'/>
	<unitsAverage value='92'/>
</results>
