<results>
	<result value='loss'/>
	<start value='2015-07-13.22:03:39'/>
	<end value='2015-07-13.22:04:34'/>
	<frames value='39496'/>
	<gameDuration value='2468'/>

	<player>
		<unitScore value='18250'/>
		<killScore value='10700'/>
		<buildingScore value='2850'/>
		<razingScore value='1800'/>
		<mineralScore value='22882'/>
		<gasScore value='3600'/>
		<totalScore value='60082'/>
	</player>

	<enemy>
		<race value='Protoss'/>
		<unitScore value='18650'/>
		<killScore value='35000'/>
		<buildingScore value='8125'/>
		<razingScore value='8550'/>
		<mineralScore value='27826'/>
		<gasScore value='8024'/>
		<totalScore value='106175'/>
	</enemy>

	<scoreRatio value='0.565877'/>
	<timeFitness value='0.342778'/>
	<unitsAverage value='71'/>
</results>
