<results>
	<result value='draw'/>
	<start value='2015-07-13.22:04:42'/>
	<end value='2015-07-13.22:07:03'/>
	<frames value='57601'/>
	<gameDuration value='3600'/>

	<player>
		<unitScore value='47025'/>
		<killScore value='29700'/>
		<buildingScore value='3125'/>
		<razingScore value='900'/>
		<mineralScore value='31542'/>
		<gasScore value='10588'/>
		<totalScore value='122880'/>
	</player>

	<enemy>
		<race value='Protoss'/>
		<unitScore value='22650'/>
		<killScore value='81350'/>
		<buildingScore value='5375'/>
		<razingScore value='150'/>
		<mineralScore value='31550'/>
		<gasScore value='11010'/>
		<totalScore value='152085'/>
	</enemy>

	<scoreRatio value='0.807969'/>
	<timeFitness value='0.5'/>
	<unitsAverage value='95'/>
</results>
