<results>
	<result value='loss'/>
	<start value='2015-07-13.22:22:00'/>
	<end value='2015-07-13.22:22:44'/>
	<frames value='31250'/>
	<gameDuration value='1953'/>

	<player>
		<unitScore value='14900'/>
		<killScore value='7650'/>
		<buildingScore value='3325'/>
		<razingScore value='600'/>
		<mineralScore value='21970'/>
		<gasScore value='3088'/>
		<totalScore value='51533'/>
	</player>

	<enemy>
		<race value='Protoss'/>
		<unitScore value='19075'/>
		<killScore value='28450'/>
		<buildingScore value='7350'/>
		<razingScore value='9975'/>
		<mineralScore value='24250'/>
		<gasScore value='7920'/>
		<totalScore value='97020'/>
	</enemy>

	<scoreRatio value='0.531159'/>
	<timeFitness value='0.27125'/>
	<unitsAverage value='61'/>
</results>
