<results>
	<result value='loss'/>
	<start value='2015-07-20.04:04:09'/>
	<end value='2015-07-20.04:04:40'/>
	<frames value='30661'/>
	<gameDuration value='1916'/>

	<player>
		<unitScore value='14475'/>
		<killScore value='10475'/>
		<buildingScore value='3875'/>
		<razingScore value='0'/>
		<mineralScore value='16658'/>
		<gasScore value='2624'/>
		<totalScore value='48107'/>
	</player>

	<enemy>
		<race value='Zerg'/>
		<unitScore value='20050'/>
		<killScore value='28950'/>
		<buildingScore value='3410'/>
		<razingScore value='11625'/>
		<mineralScore value='19294'/>
		<gasScore value='6632'/>
		<totalScore value='89961'/>
	</enemy>

	<scoreRatio value='0.534754'/>
	<timeFitness value='0.266111'/>
	<unitsAverage value='50'/>
</results>
