<results>
	<result value='loss'/>
	<start value='2015-03-29.01:13:18'/>
	<end value='2015-03-29.01:13:33'/>
	<frames value='25174'/>
	<gameDuration value='1573'/>

	<player>
		<unitScore value='3150'/>
		<killScore value='2200'/>
		<buildingScore value='1500'/>
		<razingScore value='0'/>
		<mineralScore value='4594'/>
		<gasScore value='536'/>
		<totalScore value='11980'/>
	</player>

	<enemy>
		<race value='Protoss'/>
		<unitScore value='9350'/>
		<unitScore value='9350'/>
		<killScore value='6300'/>
		<buildingScore value='6875'/>
		<razingScore value='4500'/>
		<mineralScore value='15650'/>
		<gasScore value='4648'/>
		<totalScore value='47323'/>
	</enemy>

	<scoreRatio value='0.253154'/>
</results>
