<results>
	<result value='draw'/>
	<start value='2015-03-29.01:13:37'/>
	<end value='2015-03-29.01:15:00'/>
	<frames value='57601'/>
	<gameDuration value='3600'/>

	<player>
		<unitScore value='25050'/>
		<killScore value='41500'/>
		<buildingScore value='2700'/>
		<razingScore value='0'/>
		<mineralScore value='31502'/>
		<gasScore value='10320'/>
		<totalScore value='111072'/>
	</player>

	<enemy>
		<race value='Protoss'/>
		<unitScore value='35725'/>
		<unitScore value='35725'/>
		<killScore value='43250'/>
		<buildingScore value='6175'/>
		<razingScore value='750'/>
		<mineralScore value='31514'/>
		<gasScore value='12204'/>
		<totalScore value='129618'/>
	</enemy>

	<scoreRatio value='0.856918'/>
</results>
