<results>
	<result value='win'/>
	<start value='2015-05-10.07:54:24'/>
	<end value='2015-05-10.07:54:49'/>
	<frames value='25391'/>
	<gameDuration value='1586'/>

	<player>
		<unitScore value='14925'/>
		<killScore value='22330'/>
		<buildingScore value='3375'/>
		<razingScore value='5070'/>
		<mineralScore value='24098'/>
		<gasScore value='1664'/>
		<totalScore value='71462'/>
	</player>

	<enemy>
		<race value='Zerg'/>
		<unitScore value='11050'/>
		<unitScore value='11050'/>
		<killScore value='11200'/>
		<buildingScore value='1690'/>
		<razingScore value='0'/>
		<mineralScore value='10146'/>
		<gasScore value='3256'/>
		<totalScore value='37342'/>
	</enemy>

	<scoreRatio value='1.91372'/>
	<timeFitness value='0.779722'/>
	<unitsAverage value='85'/>
</results>
