<results>
	<result value='win'/>
	<start value='2015-05-10.07:55:47'/>
	<end value='2015-05-10.07:56:05'/>
	<frames value='22229'/>
	<gameDuration value='1389'/>

	<player>
		<unitScore value='11800'/>
		<killScore value='14240'/>
		<buildingScore value='2800'/>
		<razingScore value='5655'/>
		<mineralScore value='14554'/>
		<gasScore value='1272'/>
		<totalScore value='50321'/>
	</player>

	<enemy>
		<race value='Zerg'/>
		<unitScore value='7350'/>
		<unitScore value='7350'/>
		<killScore value='9550'/>
		<buildingScore value='1885'/>
		<razingScore value='0'/>
		<mineralScore value='7938'/>
		<gasScore value='2008'/>
		<totalScore value='28731'/>
	</enemy>

	<scoreRatio value='1.75145'/>
	<timeFitness value='0.807083'/>
	<unitsAverage value='64'/>
</results>
