<results>
	<result value='win'/>
	<start value='2015-05-10.07:57:48'/>
	<end value='2015-05-10.07:58:14'/>
	<frames value='28243'/>
	<gameDuration value='1765'/>

	<player>
		<unitScore value='16575'/>
		<killScore value='28505'/>
		<buildingScore value='4650'/>
		<razingScore value='6180'/>
		<mineralScore value='22998'/>
		<gasScore value='1760'/>
		<totalScore value='80668'/>
	</player>

	<enemy>
		<race value='Zerg'/>
		<unitScore value='12825'/>
		<unitScore value='12825'/>
		<killScore value='17550'/>
		<buildingScore value='2060'/>
		<razingScore value='0'/>
		<mineralScore value='12090'/>
		<gasScore value='3840'/>
		<totalScore value='48365'/>
	</enemy>

	<scoreRatio value='1.6679'/>
	<timeFitness value='0.754861'/>
	<unitsAverage value='79'/>
</results>
