<results>
	<result value='loss'/>
	<start value='2015-07-21.22:48:45'/>
	<end value='2015-07-21.22:49:04'/>
	<frames value='27561'/>
	<gameDuration value='1722'/>

	<player>
		<unitScore value='10800'/>
		<killScore value='6750'/>
		<buildingScore value='2525'/>
		<razingScore value='0'/>
		<mineralScore value='11626'/>
		<gasScore value='1792'/>
		<totalScore value='33493'/>
	</player>

	<enemy>
		<race value='Zerg'/>
		<unitScore value='12475'/>
		<killScore value='21600'/>
		<buildingScore value='3255'/>
		<razingScore value='7575'/>
		<mineralScore value='14662'/>
		<gasScore value='4528'/>
		<totalScore value='64095'/>
	</enemy>

	<scoreRatio value='0.522552'/>
	<timeFitness value='0.239167'/>
	<unitsAverage value='31'/>
</results>
