<results>
	<result value='loss'/>
	<start value='2015-07-21.22:49:13'/>
	<end value='2015-07-21.22:49:36'/>
	<frames value='26476'/>
	<gameDuration value='1654'/>

	<player>
		<unitScore value='12300'/>
		<killScore value='7250'/>
		<buildingScore value='3100'/>
		<razingScore value='0'/>
		<mineralScore value='18918'/>
		<gasScore value='1704'/>
		<totalScore value='43272'/>
	</player>

	<enemy>
		<race value='Zerg'/>
		<unitScore value='12600'/>
		<killScore value='24500'/>
		<buildingScore value='3345'/>
		<razingScore value='9300'/>
		<mineralScore value='15546'/>
		<gasScore value='4728'/>
		<totalScore value='70019'/>
	</enemy>

	<scoreRatio value='0.618004'/>
	<timeFitness value='0.229722'/>
	<unitsAverage value='50'/>
</results>
