<results>
	<result value='loss'/>
	<start value='2015-07-21.22:52:49'/>
	<end value='2015-07-21.22:53:09'/>
	<frames value='23717'/>
	<gameDuration value='1482'/>

	<player>
		<unitScore value='10125'/>
		<killScore value='5000'/>
		<buildingScore value='2975'/>
		<razingScore value='0'/>
		<mineralScore value='14650'/>
		<gasScore value='1488'/>
		<totalScore value='34238'/>
	</player>

	<enemy>
		<race value='Zerg'/>
		<unitScore value='10275'/>
		<killScore value='20250'/>
		<buildingScore value='2875'/>
		<razingScore value='8925'/>
		<mineralScore value='12458'/>
		<gasScore value='3400'/>
		<totalScore value='58183'/>
	</enemy>

	<scoreRatio value='0.588454'/>
	<timeFitness value='0.205833'/>
	<unitsAverage value='45'/>
</results>
