<results>
	<result value='draw'/>
	<start value='2015-07-21.00:49:24'/>
	<end value='2015-07-21.00:52:08'/>
	<frames value='57601'/>
	<gameDuration value='3600'/>

	<player>
		<unitScore value='43325'/>
		<killScore value='44530'/>
		<buildingScore value='5725'/>
		<razingScore value='1095'/>
		<mineralScore value='38962'/>
		<gasScore value='6438'/>
		<totalScore value='140075'/>
	</player>

	<enemy>
		<race value='Zerg'/>
		<unitScore value='26075'/>
		<killScore value='70650'/>
		<buildingScore value='3095'/>
		<razingScore value='8850'/>
		<mineralScore value='24042'/>
		<gasScore value='6068'/>
		<totalScore value='138780'/>
	</enemy>

	<scoreRatio value='1.00933'/>
	<timeFitness value='0.5'/>
	<unitsAverage value='147'/>
</results>
