<results>
	<result value='loss'/>
	<start value='2015-07-21.00:54:59'/>
	<end value='2015-07-21.00:55:41'/>
	<frames value='36551'/>
	<gameDuration value='2284'/>

	<player>
		<unitScore value='16750'/>
		<killScore value='21525'/>
		<buildingScore value='3775'/>
		<razingScore value='0'/>
		<mineralScore value='31362'/>
		<gasScore value='2168'/>
		<totalScore value='75580'/>
	</player>

	<enemy>
		<race value='Zerg'/>
		<unitScore value='19175'/>
		<killScore value='33500'/>
		<buildingScore value='4130'/>
		<razingScore value='11325'/>
		<mineralScore value='19266'/>
		<gasScore value='6952'/>
		<totalScore value='94348'/>
	</enemy>

	<scoreRatio value='0.801077'/>
	<timeFitness value='0.317222'/>
	<unitsAverage value='64'/>
</results>
