<results>
	<result value='win'/>
	<start value='2015-05-11.05:55:21'/>
	<end value='2015-05-11.05:56:06'/>
	<frames value='27840'/>
	<gameDuration value='1740'/>

	<player>
		<unitScore value='20125'/>
		<killScore value='26240'/>
		<buildingScore value='4925'/>
		<razingScore value='6135'/>
		<mineralScore value='27130'/>
		<gasScore value='2568'/>
		<totalScore value='87123'/>
	</player>

	<enemy>
		<race value='Zerg'/>
		<unitScore value='11925'/>
		<unitScore value='11925'/>
		<killScore value='17400'/>
		<buildingScore value='2045'/>
		<razingScore value='0'/>
		<mineralScore value='11570'/>
		<gasScore value='3872'/>
		<totalScore value='46812'/>
	</enemy>

	<scoreRatio value='1.86113'/>
	<timeFitness value='0.758333'/>
	<unitsAverage value='106'/>
</results>
