<results>
	<result value='win'/>
	<start value='2015-05-01.13:00:34'/>
	<end value='2015-05-01.13:01:43'/>
	<frames value='35590'/>
	<gameDuration value='2224'/>

	<player>
		<unitScore value='19700'/>
		<killScore value='23700'/>
		<buildingScore value='5075'/>
		<razingScore value='20925'/>
		<mineralScore value='31570'/>
		<gasScore value='3760'/>
		<totalScore value='104730'/>
	</player>

	<enemy>
		<race value='Protoss'/>
		<unitScore value='12300'/>
		<unitScore value='12300'/>
		<killScore value='14900'/>
		<buildingScore value='6975'/>
		<razingScore value='1800'/>
		<mineralScore value='18318'/>
		<gasScore value='4960'/>
		<totalScore value='59253'/>
	</enemy>

	<scoreRatio value='1.76751'/>
	<timeFitness value='0.691111'/>
	<unitsAverage value='112'/>
</results>
