<results>
	<result value='draw'/>
	<start value='2015-05-01.13:28:08'/>
	<end value='2015-05-01.13:30:01'/>
	<frames value='57601'/>
	<gameDuration value='3600'/>

	<player>
		<unitScore value='26400'/>
		<killScore value='57800'/>
		<buildingScore value='5725'/>
		<razingScore value='17250'/>
		<mineralScore value='33046'/>
		<gasScore value='7280'/>
		<totalScore value='147501'/>
	</player>

	<enemy>
		<race value='Protoss'/>
		<unitScore value='30150'/>
		<unitScore value='30150'/>
		<killScore value='46200'/>
		<buildingScore value='6925'/>
		<razingScore value='8925'/>
		<mineralScore value='29962'/>
		<gasScore value='9590'/>
		<totalScore value='131752'/>
	</enemy>

	<scoreRatio value='1.11954'/>
	<timeFitness value='0.5'/>
	<unitsAverage value='113'/>
</results>
