<results>
	<result value='win'/>
	<start value='2015-05-21.21:17:29'/>
	<end value='2015-05-21.21:17:57'/>
	<frames value='28615'/>
	<gameDuration value='1788'/>

	<player>
		<unitScore value='14950'/>
		<killScore value='26510'/>
		<buildingScore value='3575'/>
		<razingScore value='6930'/>
		<mineralScore value='27346'/>
		<gasScore value='2376'/>
		<totalScore value='81687'/>
	</player>

	<enemy>
		<race value='Zerg'/>
		<unitScore value='12175'/>
		<killScore value='7800'/>
		<buildingScore value='2310'/>
		<razingScore value='0'/>
		<mineralScore value='11394'/>
		<gasScore value='3528'/>
		<totalScore value='37207'/>
	</enemy>

	<scoreRatio value='2.19547'/>
	<timeFitness value='0.751667'/>
	<unitsAverage value='105'/>
</results>
