<results>
	<result value='win'/>
	<start value='2015-05-21.21:18:39'/>
	<end value='2015-05-21.21:19:29'/>
	<frames value='40178'/>
	<gameDuration value='2511'/>

	<player>
		<unitScore value='27825'/>
		<killScore value='42140'/>
		<buildingScore value='4775'/>
		<razingScore value='10275'/>
		<mineralScore value='35054'/>
		<gasScore value='4680'/>
		<totalScore value='124749'/>
	</player>

	<enemy>
		<race value='Zerg'/>
		<unitScore value='20175'/>
		<killScore value='30000'/>
		<buildingScore value='3425'/>
		<razingScore value='1725'/>
		<mineralScore value='19066'/>
		<gasScore value='7080'/>
		<totalScore value='81471'/>
	</enemy>

	<scoreRatio value='1.53121'/>
	<timeFitness value='0.65125'/>
	<unitsAverage value='127'/>
</results>
