<results>
	<result value='loss'/>
	<start value='2015-05-21.21:22:18'/>
	<end value='2015-05-21.21:22:22'/>
	<frames value='9736'/>
	<gameDuration value='608'/>

	<player>
		<unitScore value='900'/>
		<killScore value='200'/>
		<buildingScore value='650'/>
		<razingScore value='0'/>
		<mineralScore value='1234'/>
		<gasScore value='32'/>
		<totalScore value='3016'/>
	</player>

	<enemy>
		<race value='Zerg'/>
		<unitScore value='1800'/>
		<killScore value='1800'/>
		<buildingScore value='1120'/>
		<razingScore value='1950'/>
		<mineralScore value='3114'/>
		<gasScore value='264'/>
		<totalScore value='10048'/>
	</enemy>

	<scoreRatio value='0.300159'/>
	<timeFitness value='0.0844444'/>
	<unitsAverage value='8'/>
</results>
