<results>
	<result value='win'/>
	<start value='2015-05-21.21:24:36'/>
	<end value='2015-05-21.21:25:03'/>
	<frames value='26786'/>
	<gameDuration value='1674'/>

	<player>
		<unitScore value='17250'/>
		<killScore value='30075'/>
		<buildingScore value='4075'/>
		<razingScore value='6180'/>
		<mineralScore value='27970'/>
		<gasScore value='1952'/>
		<totalScore value='87502'/>
	</player>

	<enemy>
		<race value='Zerg'/>
		<unitScore value='13425'/>
		<killScore value='11600'/>
		<buildingScore value='2060'/>
		<razingScore value='1350'/>
		<mineralScore value='12234'/>
		<gasScore value='3928'/>
		<totalScore value='44597'/>
	</enemy>

	<scoreRatio value='1.96206'/>
	<timeFitness value='0.7675'/>
	<unitsAverage value='104'/>
</results>
