<results>
	<result value='win'/>
	<start value='2015-05-03.22:07:29'/>
	<end value='2015-05-03.22:08:41'/>
	<frames value='32707'/>
	<gameDuration value='2044'/>

	<player>
		<unitScore value='23675'/>
		<killScore value='27440'/>
		<buildingScore value='4000'/>
		<razingScore value='6060'/>
		<mineralScore value='30002'/>
		<gasScore value='2848'/>
		<totalScore value='94025'/>
	</player>

	<enemy>
		<race value='Zerg'/>
		<unitScore value='12775'/>
		<unitScore value='12775'/>
		<killScore value='22200'/>
		<buildingScore value='2020'/>
		<razingScore value='0'/>
		<mineralScore value='12514'/>
		<gasScore value='3880'/>
		<totalScore value='53389'/>
	</enemy>

	<scoreRatio value='1.76113'/>
	<timeFitness value='0.716111'/>
	<unitsAverage value='117'/>
</results>
