<results>
	<result value='win'/>
	<start value='2015-05-21.21:30:02'/>
	<end value='2015-05-21.21:30:43'/>
	<frames value='37512'/>
	<gameDuration value='2344'/>

	<player>
		<unitScore value='22200'/>
		<killScore value='45475'/>
		<buildingScore value='5025'/>
		<razingScore value='10785'/>
		<mineralScore value='29910'/>
		<gasScore value='3864'/>
		<totalScore value='117259'/>
	</player>

	<enemy>
		<race value='Zerg'/>
		<unitScore value='19775'/>
		<killScore value='19500'/>
		<buildingScore value='3595'/>
		<razingScore value='2250'/>
		<mineralScore value='20814'/>
		<gasScore value='6632'/>
		<totalScore value='72566'/>
	</enemy>

	<scoreRatio value='1.61589'/>
	<timeFitness value='0.674444'/>
	<unitsAverage value='108'/>
</results>
