<results>
	<result value='loss'/>
	<start value='2015-05-08.20:03:47'/>
	<end value='2015-05-08.20:04:30'/>
	<frames value='56701'/>
	<gameDuration value='3543'/>

	<player>
		<unitScore value='26250'/>
		<killScore value='29400'/>
		<buildingScore value='4025'/>
		<razingScore value='2250'/>
		<mineralScore value='30722'/>
		<gasScore value='4958'/>
		<totalScore value='97605'/>
	</player>

	<enemy>
		<race value='Terran'/>
		<unitScore value='39200'/>
		<unitScore value='39200'/>
		<killScore value='52500'/>
		<buildingScore value='5750'/>
		<razingScore value='12075'/>
		<mineralScore value='26002'/>
		<gasScore value='17088'/>
		<totalScore value='152615'/>
	</enemy>

	<scoreRatio value='0.639551'/>
	<timeFitness value='0.492083'/>
	<unitsAverage value='71'/>
</results>
