<results>
	<result value='draw'/>
	<start value='2015-04-11.00:04:16'/>
	<end value='2015-04-11.00:05:44'/>
	<frames value='57601'/>
	<gameDuration value='3600'/>

	<player>
		<unitScore value='32125'/>
		<killScore value='54250'/>
		<buildingScore value='3050'/>
		<razingScore value='750'/>
		<mineralScore value='31486'/>
		<gasScore value='5934'/>
		<totalScore value='127595'/>
	</player>

	<enemy>
		<race value='Protoss'/>
		<unitScore value='38750'/>
		<unitScore value='38750'/>
		<killScore value='60800'/>
		<buildingScore value='6275'/>
		<razingScore value='3300'/>
		<mineralScore value='31394'/>
		<gasScore value='11970'/>
		<totalScore value='152489'/>
	</enemy>

	<scoreRatio value='0.836749'/>
</results>
