<results>
	<result value='draw'/>
	<start value='2014-07-12.16:24:46'/>
	<end value='2014-07-12.16:25:43'/>
	<frames value='57601'/>
	<gameDuration value='3600'/>

	<player>
		<unitScore value='22400'/>
		<killScore value='19450'/>
		<buildingScore value='3875'/>
		<razingScore value='225'/>
		<mineralScore value='31646'/>
		<gasScore value='7174'/>
		<totalScore value='84770'/>
	</player>

	<enemy>
		<race value='Terran'/>
		<unitScore value='26625'/>
		<unitScore value='26625'/>
		<killScore value='33250'/>
		<buildingScore value='4250'/>
		<razingScore value='4875'/>
		<mineralScore value='19550'/>
		<gasScore value='12382'/>
		<totalScore value='100932'/>
	</enemy>

	<scoreRatio value='0.839872'/>
</results>
