<results>
	<result value='loss'/>
	<start value='2015-07-18.04:45:47'/>
	<end value='2015-07-18.04:46:11'/>
	<frames value='24027'/>
	<gameDuration value='1501'/>

	<player>
		<unitScore value='7350'/>
		<killScore value='6250'/>
		<buildingScore value='2875'/>
		<razingScore value='0'/>
		<mineralScore value='10146'/>
		<gasScore value='808'/>
		<totalScore value='27429'/>
	</player>

	<enemy>
		<race value='Terran'/>
		<unitScore value='7725'/>
		<killScore value='14700'/>
		<buildingScore value='2925'/>
		<razingScore value='8625'/>
		<mineralScore value='11390'/>
		<gasScore value='4208'/>
		<totalScore value='49573'/>
	</enemy>

	<scoreRatio value='0.553305'/>
	<timeFitness value='0.208472'/>
	<unitsAverage value='28'/>
</results>
