<results>
	<result value='win'/>
	<start value='2015-07-18.04:51:37'/>
	<end value='2015-07-18.04:53:30'/>
	<frames value='44022'/>
	<gameDuration value='2751'/>

	<player>
		<unitScore value='34875'/>
		<killScore value='23900'/>
		<buildingScore value='4475'/>
		<razingScore value='9675'/>
		<mineralScore value='46842'/>
		<gasScore value='6088'/>
		<totalScore value='125855'/>
	</player>

	<enemy>
		<race value='Terran'/>
		<unitScore value='13175'/>
		<killScore value='45400'/>
		<buildingScore value='3225'/>
		<razingScore value='2025'/>
		<mineralScore value='12050'/>
		<gasScore value='5672'/>
		<totalScore value='81547'/>
	</enemy>

	<scoreRatio value='1.54334'/>
	<timeFitness value='0.617917'/>
	<unitsAverage value='113'/>
</results>
