<results>
	<result value='loss'/>
	<start value='2015-07-18.04:54:58'/>
	<end value='2015-07-18.04:56:33'/>
	<frames value='54655'/>
	<gameDuration value='3415'/>

	<player>
		<unitScore value='38450'/>
		<killScore value='20500'/>
		<buildingScore value='4650'/>
		<razingScore value='0'/>
		<mineralScore value='34566'/>
		<gasScore value='7240'/>
		<totalScore value='105406'/>
	</player>

	<enemy>
		<race value='Terran'/>
		<unitScore value='26200'/>
		<killScore value='76900'/>
		<buildingScore value='4175'/>
		<razingScore value='15150'/>
		<mineralScore value='19550'/>
		<gasScore value='12062'/>
		<totalScore value='154037'/>
	</enemy>

	<scoreRatio value='0.68429'/>
	<timeFitness value='0.474306'/>
	<unitsAverage value='68'/>
</results>
