<results>
	<result value='loss'/>
	<start value='2015-07-18.04:10:13'/>
	<end value='2015-07-18.04:10:22'/>
	<frames value='15626'/>
	<gameDuration value='976'/>

	<player>
		<unitScore value='4150'/>
		<killScore value='1200'/>
		<buildingScore value='1800'/>
		<razingScore value='0'/>
		<mineralScore value='5258'/>
		<gasScore value='896'/>
		<totalScore value='13304'/>
	</player>

	<enemy>
		<race value='Protoss'/>
		<unitScore value='3550'/>
		<killScore value='8300'/>
		<buildingScore value='3775'/>
		<razingScore value='5400'/>
		<mineralScore value='8266'/>
		<gasScore value='1552'/>
		<totalScore value='30843'/>
	</enemy>

	<scoreRatio value='0.431346'/>
	<timeFitness value='0.135556'/>
	<unitsAverage value='24'/>
</results>
