<results>
	<result value='loss'/>
	<start value='2015-07-18.04:15:56'/>
	<end value='2015-07-18.04:16:33'/>
	<frames value='33699'/>
	<gameDuration value='2106'/>

	<player>
		<unitScore value='17450'/>
		<killScore value='6000'/>
		<buildingScore value='3475'/>
		<razingScore value='0'/>
		<mineralScore value='24170'/>
		<gasScore value='2392'/>
		<totalScore value='53487'/>
	</player>

	<enemy>
		<race value='Protoss'/>
		<unitScore value='18900'/>
		<killScore value='34900'/>
		<buildingScore value='7350'/>
		<razingScore value='10425'/>
		<mineralScore value='24974'/>
		<gasScore value='8424'/>
		<totalScore value='104973'/>
	</enemy>

	<scoreRatio value='0.509531'/>
	<timeFitness value='0.2925'/>
	<unitsAverage value='59'/>
</results>
