<results>
	<result value='loss'/>
	<start value='2015-05-08.23:31:34'/>
	<end value='2015-05-08.23:31:44'/>
	<frames value='18974'/>
	<gameDuration value='1185'/>

	<player>
		<unitScore value='3125'/>
		<killScore value='2150'/>
		<buildingScore value='1550'/>
		<razingScore value='0'/>
		<mineralScore value='4818'/>
		<gasScore value='568'/>
		<totalScore value='12211'/>
	</player>

	<enemy>
		<race value='Terran'/>
		<unitScore value='7625'/>
		<unitScore value='7625'/>
		<killScore value='6250'/>
		<buildingScore value='2850'/>
		<razingScore value='4650'/>
		<mineralScore value='8730'/>
		<gasScore value='3280'/>
		<totalScore value='33385'/>
	</enemy>

	<scoreRatio value='0.365763'/>
	<timeFitness value='0.164583'/>
	<unitsAverage value='24'/>
</results>
