<results>
	<result value='loss'/>
	<start value='2015-05-08.23:32:43'/>
	<end value='2015-05-08.23:32:54'/>
	<frames value='19997'/>
	<gameDuration value='1249'/>

	<player>
		<unitScore value='4200'/>
		<killScore value='3350'/>
		<buildingScore value='1600'/>
		<razingScore value='0'/>
		<mineralScore value='5538'/>
		<gasScore value='544'/>
		<totalScore value='15232'/>
	</player>

	<enemy>
		<race value='Terran'/>
		<unitScore value='7825'/>
		<unitScore value='7825'/>
		<killScore value='8400'/>
		<buildingScore value='2850'/>
		<razingScore value='4800'/>
		<mineralScore value='9338'/>
		<gasScore value='3584'/>
		<totalScore value='36797'/>
	</enemy>

	<scoreRatio value='0.413947'/>
	<timeFitness value='0.173472'/>
	<unitsAverage value='29'/>
</results>
