<results>
	<result value='loss'/>
	<start value='2015-07-13.23:58:14'/>
	<end value='2015-07-13.23:59:09'/>
	<frames value='43402'/>
	<gameDuration value='2712'/>

	<player>
		<unitScore value='24900'/>
		<killScore value='10500'/>
		<buildingScore value='2750'/>
		<razingScore value='0'/>
		<mineralScore value='24050'/>
		<gasScore value='5270'/>
		<totalScore value='67470'/>
	</player>

	<enemy>
		<race value='Protoss'/>
		<unitScore value='31275'/>
		<killScore value='50400'/>
		<buildingScore value='8125'/>
		<razingScore value='8250'/>
		<mineralScore value='30610'/>
		<gasScore value='12662'/>
		<totalScore value='141322'/>
	</enemy>

	<scoreRatio value='0.47742'/>
	<timeFitness value='0.376667'/>
	<unitsAverage value='94'/>
</results>
