<results>
	<result value='win'/>
	<start value='2015-04-07.21:09:54'/>
	<end value='2015-04-07.21:10:32'/>
	<frames value='30909'/>
	<gameDuration value='1931'/>

	<player>
		<unitScore value='20625'/>
		<killScore value='25000'/>
		<buildingScore value='4675'/>
		<razingScore value='18600'/>
		<mineralScore value='31118'/>
		<gasScore value='2880'/>
		<totalScore value='102898'/>
	</player>

	<enemy>
		<race value='Protoss'/>
		<unitScore value='12500'/>
		<unitScore value='12500'/>
		<killScore value='18450'/>
		<buildingScore value='6200'/>
		<razingScore value='0'/>
		<mineralScore value='16754'/>
		<gasScore value='3288'/>
		<totalScore value='57192'/>
	</enemy>

	<scoreRatio value='1.79917'/>
</results>
