<results>
	<result value='loss'/>
	<start value='2015-04-07.21:13:40'/>
	<end value='2015-04-07.21:13:57'/>
	<frames value='28305'/>
	<gameDuration value='1769'/>

	<player>
		<unitScore value='6350'/>
		<killScore value='3250'/>
		<buildingScore value='2175'/>
		<razingScore value='0'/>
		<mineralScore value='12418'/>
		<gasScore value='1072'/>
		<totalScore value='25265'/>
	</player>

	<enemy>
		<race value='Protoss'/>
		<unitScore value='13000'/>
		<unitScore value='13000'/>
		<killScore value='12600'/>
		<buildingScore value='6025'/>
		<razingScore value='6525'/>
		<mineralScore value='18038'/>
		<gasScore value='6472'/>
		<totalScore value='62660'/>
	</enemy>

	<scoreRatio value='0.403208'/>
</results>
