<results>
	<result value='win'/>
	<start value='2015-05-10.11:45:18'/>
	<end value='2015-05-10.11:45:38'/>
	<frames value='22322'/>
	<gameDuration value='1395'/>

	<player>
		<unitScore value='12150'/>
		<killScore value='20760'/>
		<buildingScore value='2800'/>
		<razingScore value='4680'/>
		<mineralScore value='15774'/>
		<gasScore value='1960'/>
		<totalScore value='58124'/>
	</player>

	<enemy>
		<race value='Zerg'/>
		<unitScore value='9425'/>
		<unitScore value='9425'/>
		<killScore value='10950'/>
		<buildingScore value='1560'/>
		<razingScore value='0'/>
		<mineralScore value='9162'/>
		<gasScore value='2712'/>
		<totalScore value='33809'/>
	</enemy>

	<scoreRatio value='1.71919'/>
	<timeFitness value='0.80625'/>
	<unitsAverage value='62'/>
</results>
