<results>
	<result value='win'/>
	<start value='2015-05-10.11:46:12'/>
	<end value='2015-05-10.11:46:39'/>
	<frames value='22849'/>
	<gameDuration value='1428'/>

	<player>
		<unitScore value='12025'/>
		<killScore value='19475'/>
		<buildingScore value='3250'/>
		<razingScore value='4560'/>
		<mineralScore value='15834'/>
		<gasScore value='1088'/>
		<totalScore value='56232'/>
	</player>

	<enemy>
		<race value='Zerg'/>
		<unitScore value='8925'/>
		<unitScore value='8925'/>
		<killScore value='9250'/>
		<buildingScore value='1520'/>
		<razingScore value='0'/>
		<mineralScore value='8666'/>
		<gasScore value='2784'/>
		<totalScore value='31145'/>
	</enemy>

	<scoreRatio value='1.80549'/>
	<timeFitness value='0.801667'/>
	<unitsAverage value='67'/>
</results>
