<results>
	<result value='loss'/>
	<start value='2015-05-10.11:48:30'/>
	<end value='2015-05-10.11:48:33'/>
	<frames value='6574'/>
	<gameDuration value='410'/>

	<player>
		<unitScore value='1000'/>
		<killScore value='0'/>
		<buildingScore value='625'/>
		<razingScore value='0'/>
		<mineralScore value='1290'/>
		<gasScore value='56'/>
		<totalScore value='2971'/>
	</player>

	<enemy>
		<race value='Zerg'/>
		<unitScore value='1100'/>
		<unitScore value='1100'/>
		<killScore value='1900'/>
		<buildingScore value='375'/>
		<razingScore value='1875'/>
		<mineralScore value='1698'/>
		<gasScore value='0'/>
		<totalScore value='6948'/>
	</enemy>

	<scoreRatio value='0.427605'/>
	<timeFitness value='0.0569444'/>
	<unitsAverage value='10'/>
</results>
