<results>
	<result value='win'/>
	<start value='2015-04-27.23:50:11'/>
	<end value='2015-04-27.23:50:24'/>
	<frames value='21671'/>
	<gameDuration value='1354'/>

	<player>
		<unitScore value='8650'/>
		<killScore value='14100'/>
		<buildingScore value='3250'/>
		<razingScore value='6300'/>
		<mineralScore value='16274'/>
		<gasScore value='1864'/>
		<totalScore value='50438'/>
	</player>

	<enemy>
		<race value='Terran'/>
		<unitScore value='7100'/>
		<unitScore value='7100'/>
		<killScore value='4400'/>
		<buildingScore value='2100'/>
		<razingScore value='300'/>
		<mineralScore value='8602'/>
		<gasScore value='2664'/>
		<totalScore value='25166'/>
	</enemy>

	<scoreRatio value='2.00421'/>
</results>
