<results>
	<result value='draw'/>
	<start value='2014-07-23.20:52:05'/>
	<end value='2014-07-23.20:53:14'/>
	<frames value='57601'/>
	<gameDuration value='3600'/>

	<player>
		<unitScore value='25425'/>
		<killScore value='44500'/>
		<buildingScore value='3075'/>
		<razingScore value='13275'/>
		<mineralScore value='26114'/>
		<gasScore value='4000'/>
		<totalScore value='116389'/>
	</player>

	<enemy>
		<race value='Terran'/>
		<unitScore value='28475'/>
		<unitScore value='28475'/>
		<killScore value='27200'/>
		<buildingScore value='5125'/>
		<razingScore value='1500'/>
		<mineralScore value='21238'/>
		<gasScore value='12558'/>
		<totalScore value='96096'/>
	</enemy>

	<scoreRatio value='1.21117'/>
</results>
