<results>
	<result value='loss'/>
	<start value='2015-05-04.15:10:21'/>
	<end value='2015-05-04.15:10:48'/>
	<frames value='39403'/>
	<gameDuration value='2462'/>

	<player>
		<unitScore value='9500'/>
		<killScore value='8150'/>
		<buildingScore value='1925'/>
		<razingScore value='0'/>
		<mineralScore value='11586'/>
		<gasScore value='1848'/>
		<totalScore value='33009'/>
	</player>

	<enemy>
		<race value='Terran'/>
		<unitScore value='21000'/>
		<unitScore value='21000'/>
		<killScore value='19000'/>
		<buildingScore value='5525'/>
		<razingScore value='5775'/>
		<mineralScore value='21130'/>
		<gasScore value='12250'/>
		<totalScore value='84680'/>
	</enemy>

	<scoreRatio value='0.389809'/>
	<timeFitness value='0.341944'/>
	<unitsAverage value='28'/>
</results>
