<results>
	<result value='win'/>
	<start value='2015-05-04.15:24:43'/>
	<end value='2015-05-04.15:25:07'/>
	<frames value='30196'/>
	<gameDuration value='1887'/>

	<player>
		<unitScore value='11850'/>
		<killScore value='21150'/>
		<buildingScore value='3100'/>
		<razingScore value='11250'/>
		<mineralScore value='15362'/>
		<gasScore value='2960'/>
		<totalScore value='65672'/>
	</player>

	<enemy>
		<race value='Terran'/>
		<unitScore value='11175'/>
		<unitScore value='11175'/>
		<killScore value='11800'/>
		<buildingScore value='3750'/>
		<razingScore value='3225'/>
		<mineralScore value='12138'/>
		<gasScore value='4736'/>
		<totalScore value='46824'/>
	</enemy>

	<scoreRatio value='1.40253'/>
	<timeFitness value='0.737917'/>
	<unitsAverage value='54'/>
</results>
