<results>
	<result value='win'/>
	<start value='2015-05-04.15:30:19'/>
	<end value='2015-05-04.15:30:38'/>
	<frames value='21609'/>
	<gameDuration value='1350'/>

	<player>
		<unitScore value='8225'/>
		<killScore value='13300'/>
		<buildingScore value='3550'/>
		<razingScore value='6450'/>
		<mineralScore value='14902'/>
		<gasScore value='2160'/>
		<totalScore value='48587'/>
	</player>

	<enemy>
		<race value='Terran'/>
		<unitScore value='6650'/>
		<unitScore value='6650'/>
		<killScore value='3600'/>
		<buildingScore value='2150'/>
		<razingScore value='1500'/>
		<mineralScore value='8162'/>
		<gasScore value='2232'/>
		<totalScore value='24294'/>
	</enemy>

	<scoreRatio value='1.99996'/>
	<timeFitness value='0.8125'/>
	<unitsAverage value='60'/>
</results>
