<results>
	<result value='win'/>
	<start value='2015-05-04.18:03:06'/>
	<end value='2015-05-04.18:03:20'/>
	<frames value='18199'/>
	<gameDuration value='1137'/>

	<player>
		<unitScore value='7250'/>
		<killScore value='11200'/>
		<buildingScore value='2000'/>
		<razingScore value='4350'/>
		<mineralScore value='10890'/>
		<gasScore value='1608'/>
		<totalScore value='37298'/>
	</player>

	<enemy>
		<race value='Terran'/>
		<unitScore value='5600'/>
		<unitScore value='5600'/>
		<killScore value='6000'/>
		<buildingScore value='1450'/>
		<razingScore value='525'/>
		<mineralScore value='8234'/>
		<gasScore value='2296'/>
		<totalScore value='24105'/>
	</enemy>

	<scoreRatio value='1.54731'/>
	<timeFitness value='0.842083'/>
	<unitsAverage value='46'/>
</results>
