<results>
	<result value='loss'/>
	<start value='2015-05-04.18:04:36'/>
	<end value='2015-05-04.18:04:47'/>
	<frames value='17021'/>
	<gameDuration value='1063'/>

	<player>
		<unitScore value='4400'/>
		<killScore value='600'/>
		<buildingScore value='1450'/>
		<razingScore value='0'/>
		<mineralScore value='5874'/>
		<gasScore value='904'/>
		<totalScore value='13228'/>
	</player>

	<enemy>
		<race value='Terran'/>
		<unitScore value='6075'/>
		<unitScore value='6075'/>
		<killScore value='8800'/>
		<buildingScore value='2625'/>
		<razingScore value='4350'/>
		<mineralScore value='7810'/>
		<gasScore value='2560'/>
		<totalScore value='32220'/>
	</enemy>

	<scoreRatio value='0.410552'/>
	<timeFitness value='0.147639'/>
	<unitsAverage value='26'/>
</results>
