<results>
	<result value='win'/>
	<start value='2015-05-04.18:06:04'/>
	<end value='2015-05-04.18:06:52'/>
	<frames value='34412'/>
	<gameDuration value='2150'/>

	<player>
		<unitScore value='20200'/>
		<killScore value='25200'/>
		<buildingScore value='4600'/>
		<razingScore value='10425'/>
		<mineralScore value='32334'/>
		<gasScore value='4288'/>
		<totalScore value='97047'/>
	</player>

	<enemy>
		<race value='Terran'/>
		<unitScore value='13350'/>
		<unitScore value='13350'/>
		<killScore value='18600'/>
		<buildingScore value='3475'/>
		<razingScore value='1350'/>
		<mineralScore value='13950'/>
		<gasScore value='5912'/>
		<totalScore value='56637'/>
	</enemy>

	<scoreRatio value='1.71349'/>
	<timeFitness value='0.701389'/>
	<unitsAverage value='102'/>
</results>
