<results>
	<result value='loss'/>
	<start value='2015-04-09.01:02:58'/>
	<end value='2015-04-09.01:03:04'/>
	<frames value='12433'/>
	<gameDuration value='777'/>

	<player>
		<unitScore value='1625'/>
		<killScore value='400'/>
		<buildingScore value='850'/>
		<razingScore value='0'/>
		<mineralScore value='3466'/>
		<gasScore value='400'/>
		<totalScore value='6741'/>
	</player>

	<enemy>
		<race value='Protoss'/>
		<unitScore value='3250'/>
		<unitScore value='3250'/>
		<killScore value='3250'/>
		<buildingScore value='1575'/>
		<razingScore value='2550'/>
		<mineralScore value='6010'/>
		<gasScore value='1072'/>
		<totalScore value='17707'/>
	</enemy>

	<scoreRatio value='0.380697'/>
</results>
