<results>
	<result value='win'/>
	<start value='2015-05-04.22:03:09'/>
	<end value='2015-05-04.22:03:42'/>
	<frames value='32118'/>
	<gameDuration value='2007'/>

	<player>
		<unitScore value='19150'/>
		<killScore value='24850'/>
		<buildingScore value='3825'/>
		<razingScore value='18675'/>
		<mineralScore value='25150'/>
		<gasScore value='3392'/>
		<totalScore value='95042'/>
	</player>

	<enemy>
		<race value='Protoss'/>
		<unitScore value='13275'/>
		<unitScore value='13275'/>
		<killScore value='17300'/>
		<buildingScore value='6225'/>
		<razingScore value='450'/>
		<mineralScore value='18278'/>
		<gasScore value='5160'/>
		<totalScore value='60688'/>
	</enemy>

	<scoreRatio value='1.56608'/>
	<timeFitness value='0.72125'/>
	<unitsAverage value='95'/>
</results>
