<results>
	<result value='win'/>
	<start value='2015-05-04.22:08:50'/>
	<end value='2015-05-04.22:09:20'/>
	<frames value='29111'/>
	<gameDuration value='1819'/>

	<player>
		<unitScore value='17400'/>
		<killScore value='19000'/>
		<buildingScore value='4550'/>
		<razingScore value='15525'/>
		<mineralScore value='27042'/>
		<gasScore value='2736'/>
		<totalScore value='86253'/>
	</player>

	<enemy>
		<race value='Protoss'/>
		<unitScore value='9850'/>
		<unitScore value='9850'/>
		<killScore value='12700'/>
		<buildingScore value='5175'/>
		<razingScore value='0'/>
		<mineralScore value='12338'/>
		<gasScore value='2616'/>
		<totalScore value='42679'/>
	</enemy>

	<scoreRatio value='2.02097'/>
	<timeFitness value='0.747361'/>
	<unitsAverage value='100'/>
</results>
