<results>
	<result value='loss'/>
	<start value='2015-05-04.22:29:26'/>
	<end value='2015-05-04.22:29:34'/>
	<frames value='15905'/>
	<gameDuration value='994'/>

	<player>
		<unitScore value='3750'/>
		<killScore value='800'/>
		<buildingScore value='1675'/>
		<razingScore value='0'/>
		<mineralScore value='5618'/>
		<gasScore value='504'/>
		<totalScore value='12347'/>
	</player>

	<enemy>
		<race value='Protoss'/>
		<unitScore value='4050'/>
		<unitScore value='4050'/>
		<killScore value='7500'/>
		<buildingScore value='3125'/>
		<razingScore value='5025'/>
		<mineralScore value='8314'/>
		<gasScore value='1600'/>
		<totalScore value='29614'/>
	</enemy>

	<scoreRatio value='0.416931'/>
	<timeFitness value='0.138056'/>
	<unitsAverage value='24'/>
</results>
