<results>
	<result value='win'/>
	<start value='2015-05-04.22:34:18'/>
	<end value='2015-05-04.22:34:53'/>
	<frames value='29390'/>
	<gameDuration value='1836'/>

	<player>
		<unitScore value='19725'/>
		<killScore value='20750'/>
		<buildingScore value='4275'/>
		<razingScore value='13575'/>
		<mineralScore value='31094'/>
		<gasScore value='3032'/>
		<totalScore value='92451'/>
	</player>

	<enemy>
		<race value='Protoss'/>
		<unitScore value='10950'/>
		<unitScore value='10950'/>
		<killScore value='17500'/>
		<buildingScore value='4525'/>
		<razingScore value='0'/>
		<mineralScore value='12942'/>
		<gasScore value='3728'/>
		<totalScore value='49645'/>
	</enemy>

	<scoreRatio value='1.86224'/>
	<timeFitness value='0.745'/>
	<unitsAverage value='111'/>
</results>
