<results>
	<result value='win'/>
	<start value='2015-05-04.22:37:03'/>
	<end value='2015-05-04.22:37:31'/>
	<frames value='30413'/>
	<gameDuration value='1900'/>

	<player>
		<unitScore value='17025'/>
		<killScore value='18100'/>
		<buildingScore value='3825'/>
		<razingScore value='18375'/>
		<mineralScore value='25610'/>
		<gasScore value='2288'/>
		<totalScore value='85223'/>
	</player>

	<enemy>
		<race value='Protoss'/>
		<unitScore value='9500'/>
		<unitScore value='9500'/>
		<killScore value='14600'/>
		<buildingScore value='6125'/>
		<razingScore value='0'/>
		<mineralScore value='15758'/>
		<gasScore value='4120'/>
		<totalScore value='50103'/>
	</enemy>

	<scoreRatio value='1.70096'/>
	<timeFitness value='0.736111'/>
	<unitsAverage value='85'/>
</results>
