<results>
	<result value='loss'/>
	<start value='2015-04-08.00:22:15'/>
	<end value='2015-04-08.00:22:48'/>
	<frames value='45696'/>
	<gameDuration value='2856'/>

	<player>
		<unitScore value='16450'/>
		<killScore value='23500'/>
		<buildingScore value='2825'/>
		<razingScore value='3000'/>
		<mineralScore value='19646'/>
		<gasScore value='4624'/>
		<totalScore value='70045'/>
	</player>

	<enemy>
		<race value='Protoss'/>
		<unitScore value='27575'/>
		<unitScore value='27575'/>
		<killScore value='32650'/>
		<buildingScore value='7925'/>
		<razingScore value='8475'/>
		<mineralScore value='28986'/>
		<gasScore value='9110'/>
		<totalScore value='114721'/>
	</enemy>

	<scoreRatio value='0.610568'/>
</results>
