<results>
	<result value='loss'/>
	<start value='2015-07-18.11:21:35'/>
	<end value='2015-07-18.11:22:46'/>
	<frames value='37450'/>
	<gameDuration value='2340'/>

	<player>
		<unitScore value='19225'/>
		<killScore value='9800'/>
		<buildingScore value='3150'/>
		<razingScore value='150'/>
		<mineralScore value='21250'/>
		<gasScore value='3344'/>
		<totalScore value='56919'/>
	</player>

	<enemy>
		<race value='Protoss'/>
		<unitScore value='19625'/>
		<killScore value='36950'/>
		<buildingScore value='7025'/>
		<razingScore value='9450'/>
		<mineralScore value='23754'/>
		<gasScore value='8744'/>
		<totalScore value='105548'/>
	</enemy>

	<scoreRatio value='0.539271'/>
	<timeFitness value='0.325'/>
	<unitsAverage value='51'/>
</results>
