<results>
	<result value='draw'/>
	<start value='2015-07-18.11:24:02'/>
	<end value='2015-07-18.11:27:22'/>
	<frames value='57601'/>
	<gameDuration value='3600'/>

	<player>
		<unitScore value='50125'/>
		<killScore value='42150'/>
		<buildingScore value='4350'/>
		<razingScore value='3150'/>
		<mineralScore value='37970'/>
		<gasScore value='12438'/>
		<totalScore value='150183'/>
	</player>

	<enemy>
		<race value='Protoss'/>
		<unitScore value='28250'/>
		<killScore value='82850'/>
		<buildingScore value='5375'/>
		<razingScore value='3300'/>
		<mineralScore value='25050'/>
		<gasScore value='6538'/>
		<totalScore value='151363'/>
	</enemy>

	<scoreRatio value='0.992204'/>
	<timeFitness value='0.5'/>
	<unitsAverage value='162'/>
</results>
