<results>
	<result value='loss'/>
	<start value='2015-05-22.04:11:54'/>
	<end value='2015-05-22.04:12:06'/>
	<frames value='24399'/>
	<gameDuration value='1524'/>

	<player>
		<unitScore value='2425'/>
		<killScore value='2400'/>
		<buildingScore value='1575'/>
		<razingScore value='0'/>
		<mineralScore value='4210'/>
		<gasScore value='784'/>
		<totalScore value='11394'/>
	</player>

	<enemy>
		<race value='Protoss'/>
		<unitScore value='10800'/>
		<killScore value='4850'/>
		<buildingScore value='5625'/>
		<razingScore value='4725'/>
		<mineralScore value='16270'/>
		<gasScore value='4792'/>
		<totalScore value='47062'/>
	</enemy>

	<scoreRatio value='0.242106'/>
	<timeFitness value='0.211667'/>
	<unitsAverage value='16'/>
</results>
