<results>
	<result value='win'/>
	<start value='2014-07-11.20:21:21'/>
	<end value='2014-07-11.20:22:01'/>
	<frames value='31467'/>
	<gameDuration value='1966'/>

	<player>
		<unitScore value='19450'/>
		<killScore value='27000'/>
		<buildingScore value='4925'/>
		<razingScore value='4680'/>
		<mineralScore value='32594'/>
		<gasScore value='3144'/>
		<totalScore value='91793'/>
	</player>

	<enemy>
		<race value='Zerg'/>
		<unitScore value='12075'/>
		<unitScore value='12075'/>
		<killScore value='13050'/>
		<buildingScore value='1560'/>
		<razingScore value='0'/>
		<mineralScore value='10922'/>
		<gasScore value='3496'/>
		<totalScore value='41103'/>
	</enemy>

	<scoreRatio value='2.23324'/>
</results>
