<results>
	<result value='loss'/>
	<start value='2015-07-19.20:25:20'/>
	<end value='2015-07-19.20:26:27'/>
	<frames value='34009'/>
	<gameDuration value='2125'/>

	<player>
		<unitScore value='22125'/>
		<killScore value='25925'/>
		<buildingScore value='2775'/>
		<razingScore value='195'/>
		<mineralScore value='25130'/>
		<gasScore value='3032'/>
		<totalScore value='79182'/>
	</player>

	<enemy>
		<race value='Zerg'/>
		<unitScore value='21450'/>
		<killScore value='44250'/>
		<buildingScore value='4420'/>
		<razingScore value='8325'/>
		<mineralScore value='21314'/>
		<gasScore value='7976'/>
		<totalScore value='107735'/>
	</enemy>

	<scoreRatio value='0.73497'/>
	<timeFitness value='0.295139'/>
	<unitsAverage value='74'/>
</results>
