<results>
	<result value='draw'/>
	<start value='2015-07-19.21:05:33'/>
	<end value='2015-07-19.21:09:41'/>
	<frames value='57601'/>
	<gameDuration value='3600'/>

	<player>
		<unitScore value='38575'/>
		<killScore value='45955'/>
		<buildingScore value='5675'/>
		<razingScore value='1215'/>
		<mineralScore value='39058'/>
		<gasScore value='8884'/>
		<totalScore value='139362'/>
	</player>

	<enemy>
		<race value='Zerg'/>
		<unitScore value='24850'/>
		<killScore value='57350'/>
		<buildingScore value='3215'/>
		<razingScore value='8625'/>
		<mineralScore value='21870'/>
		<gasScore value='5886'/>
		<totalScore value='121796'/>
	</enemy>

	<scoreRatio value='1.14422'/>
	<timeFitness value='0.5'/>
	<unitsAverage value='152'/>
</results>
