<results>
	<result value='win'/>
	<start value='2014-07-24.22:26:22'/>
	<end value='2014-07-24.22:27:04'/>
	<frames value='36861'/>
	<gameDuration value='2303'/>

	<player>
		<unitScore value='26600'/>
		<killScore value='41080'/>
		<buildingScore value='4475'/>
		<razingScore value='9810'/>
		<mineralScore value='34722'/>
		<gasScore value='2952'/>
		<totalScore value='119639'/>
	</player>

	<enemy>
		<race value='Zerg'/>
		<unitScore value='18975'/>
		<unitScore value='18975'/>
		<killScore value='28400'/>
		<buildingScore value='3270'/>
		<razingScore value='525'/>
		<mineralScore value='18434'/>
		<gasScore value='5536'/>
		<totalScore value='75140'/>
	</enemy>

	<scoreRatio value='1.59221'/>
</results>
