<results>
	<result value='win'/>
	<start value='2014-07-24.22:36:38'/>
	<end value='2014-07-24.22:37:08'/>
	<frames value='30909'/>
	<gameDuration value='1931'/>

	<player>
		<unitScore value='19575'/>
		<killScore value='31100'/>
		<buildingScore value='4275'/>
		<razingScore value='7515'/>
		<mineralScore value='27226'/>
		<gasScore value='3232'/>
		<totalScore value='92923'/>
	</player>

	<enemy>
		<race value='Zerg'/>
		<unitScore value='14225'/>
		<unitScore value='14225'/>
		<killScore value='15150'/>
		<buildingScore value='2505'/>
		<razingScore value='1950'/>
		<mineralScore value='14170'/>
		<gasScore value='4656'/>
		<totalScore value='52656'/>
	</enemy>

	<scoreRatio value='1.76472'/>
</results>
