<results>
	<result value='loss'/>
	<start value='2014-07-08.07:28:09'/>
	<end value='2014-07-08.07:28:16'/>
	<frames value='16804'/>
	<gameDuration value='1050'/>

	<player>
		<unitScore value='3000'/>
		<killScore value='1200'/>
		<buildingScore value='1575'/>
		<razingScore value='0'/>
		<mineralScore value='4938'/>
		<gasScore value='848'/>
		<totalScore value='11561'/>
	</player>

	<enemy>
		<race value='Protoss'/>
		<unitScore value='3600'/>
		<unitScore value='3600'/>
		<killScore value='6100'/>
		<buildingScore value='3975'/>
		<razingScore value='4725'/>
		<mineralScore value='9082'/>
		<gasScore value='1744'/>
		<totalScore value='29226'/>
	</enemy>

	<scoreRatio value='0.395572'/>
</results>
