<results>
	<result value='loss'/>
	<start value='2014-07-08.07:30:46'/>
	<end value='2014-07-08.07:30:53'/>
	<frames value='16649'/>
	<gameDuration value='1040'/>

	<player>
		<unitScore value='2875'/>
		<killScore value='1800'/>
		<buildingScore value='1600'/>
		<razingScore value='0'/>
		<mineralScore value='4674'/>
		<gasScore value='752'/>
		<totalScore value='11701'/>
	</player>

	<enemy>
		<race value='Protoss'/>
		<unitScore value='3600'/>
		<unitScore value='3600'/>
		<killScore value='5750'/>
		<buildingScore value='3925'/>
		<razingScore value='4800'/>
		<mineralScore value='8906'/>
		<gasScore value='1632'/>
		<totalScore value='28613'/>
	</enemy>

	<scoreRatio value='0.40894'/>
</results>
