<results>
	<result value='loss'/>
	<start value='2015-04-26.02:39:05'/>
	<end value='2015-04-26.02:39:15'/>
	<frames value='19935'/>
	<gameDuration value='1245'/>

	<player>
		<unitScore value='4500'/>
		<killScore value='3650'/>
		<buildingScore value='1925'/>
		<razingScore value='0'/>
		<mineralScore value='6562'/>
		<gasScore value='1616'/>
		<totalScore value='18253'/>
	</player>

	<enemy>
		<race value='Terran'/>
		<unitScore value='7075'/>
		<unitScore value='7075'/>
		<killScore value='9000'/>
		<buildingScore value='2850'/>
		<razingScore value='5775'/>
		<mineralScore value='9426'/>
		<gasScore value='3376'/>
		<totalScore value='37502'/>
	</enemy>

	<scoreRatio value='0.486721'/>
</results>
