<results>
	<result value='win'/>
	<start value='2015-04-26.02:41:33'/>
	<end value='2015-04-26.02:42:07'/>
	<frames value='31374'/>
	<gameDuration value='1960'/>

	<player>
		<unitScore value='21250'/>
		<killScore value='27400'/>
		<buildingScore value='4600'/>
		<razingScore value='8700'/>
		<mineralScore value='31946'/>
		<gasScore value='2672'/>
		<totalScore value='96568'/>
	</player>

	<enemy>
		<race value='Terran'/>
		<unitScore value='13700'/>
		<unitScore value='13700'/>
		<killScore value='19950'/>
		<buildingScore value='2975'/>
		<razingScore value='1350'/>
		<mineralScore value='12050'/>
		<gasScore value='5058'/>
		<totalScore value='55083'/>
	</enemy>

	<scoreRatio value='1.75314'/>
</results>
