<results>
	<result value='win'/>
	<start value='2015-04-26.02:43:37'/>
	<end value='2015-04-26.02:44:29'/>
	<frames value='48703'/>
	<gameDuration value='3043'/>

	<player>
		<unitScore value='20200'/>
		<killScore value='25400'/>
		<buildingScore value='5000'/>
		<razingScore value='9975'/>
		<mineralScore value='43490'/>
		<gasScore value='6824'/>
		<totalScore value='110889'/>
	</player>

	<enemy>
		<race value='Terran'/>
		<unitScore value='13000'/>
		<unitScore value='13000'/>
		<killScore value='26750'/>
		<buildingScore value='3325'/>
		<razingScore value='2925'/>
		<mineralScore value='12050'/>
		<gasScore value='5666'/>
		<totalScore value='63716'/>
	</enemy>

	<scoreRatio value='1.74036'/>
</results>
