<results>
	<result value='win'/>
	<start value='2015-04-26.02:44:55'/>
	<end value='2015-04-26.02:45:07'/>
	<frames value='20338'/>
	<gameDuration value='1271'/>

	<player>
		<unitScore value='6525'/>
		<killScore value='13300'/>
		<buildingScore value='2300'/>
		<razingScore value='5250'/>
		<mineralScore value='9978'/>
		<gasScore value='1424'/>
		<totalScore value='38777'/>
	</player>

	<enemy>
		<race value='Terran'/>
		<unitScore value='6650'/>
		<unitScore value='6650'/>
		<killScore value='5200'/>
		<buildingScore value='1750'/>
		<razingScore value='1575'/>
		<mineralScore value='8138'/>
		<gasScore value='2408'/>
		<totalScore value='25721'/>
	</enemy>

	<scoreRatio value='1.5076'/>
</results>
