<results>
	<result value='win'/>
	<start value='2015-04-26.02:48:05'/>
	<end value='2015-04-26.02:48:19'/>
	<frames value='21392'/>
	<gameDuration value='1337'/>

	<player>
		<unitScore value='9000'/>
		<killScore value='12550'/>
		<buildingScore value='2750'/>
		<razingScore value='5250'/>
		<mineralScore value='12510'/>
		<gasScore value='2064'/>
		<totalScore value='44124'/>
	</player>

	<enemy>
		<race value='Terran'/>
		<unitScore value='6275'/>
		<unitScore value='6275'/>
		<killScore value='8350'/>
		<buildingScore value='1750'/>
		<razingScore value='1875'/>
		<mineralScore value='7578'/>
		<gasScore value='2264'/>
		<totalScore value='28092'/>
	</enemy>

	<scoreRatio value='1.5707'/>
</results>
