<results>
	<result value='win'/>
	<start value='2015-04-26.02:53:00'/>
	<end value='2015-04-26.02:53:20'/>
	<frames value='23717'/>
	<gameDuration value='1482'/>

	<player>
		<unitScore value='10275'/>
		<killScore value='17200'/>
		<buildingScore value='3475'/>
		<razingScore value='7950'/>
		<mineralScore value='18322'/>
		<gasScore value='2248'/>
		<totalScore value='59470'/>
	</player>

	<enemy>
		<race value='Terran'/>
		<unitScore value='8600'/>
		<unitScore value='8600'/>
		<killScore value='4350'/>
		<buildingScore value='2650'/>
		<razingScore value='450'/>
		<mineralScore value='8778'/>
		<gasScore value='2688'/>
		<totalScore value='27516'/>
	</enemy>

	<scoreRatio value='2.16129'/>
</results>
