<results>
	<result value='loss'/>
	<start value='2015-04-26.02:52:44'/>
	<end value='2015-04-26.02:52:56'/>
	<frames value='21795'/>
	<gameDuration value='1362'/>

	<player>
		<unitScore value='6675'/>
		<killScore value='5350'/>
		<buildingScore value='1900'/>
		<razingScore value='0'/>
		<mineralScore value='8762'/>
		<gasScore value='1072'/>
		<totalScore value='23759'/>
	</player>

	<enemy>
		<race value='Terran'/>
		<unitScore value='9325'/>
		<unitScore value='9325'/>
		<killScore value='13350'/>
		<buildingScore value='3225'/>
		<razingScore value='5700'/>
		<mineralScore value='10450'/>
		<gasScore value='4488'/>
		<totalScore value='46538'/>
	</enemy>

	<scoreRatio value='0.510529'/>
</results>
