<results>
	<result value='loss'/>
	<start value='2015-04-26.02:55:39'/>
	<end value='2015-04-26.02:55:50'/>
	<frames value='20493'/>
	<gameDuration value='1280'/>

	<player>
		<unitScore value='5075'/>
		<killScore value='3500'/>
		<buildingScore value='1950'/>
		<razingScore value='0'/>
		<mineralScore value='7106'/>
		<gasScore value='1016'/>
		<totalScore value='18647'/>
	</player>

	<enemy>
		<race value='Terran'/>
		<unitScore value='7925'/>
		<unitScore value='7925'/>
		<killScore value='10150'/>
		<buildingScore value='3125'/>
		<razingScore value='5850'/>
		<mineralScore value='9762'/>
		<gasScore value='3776'/>
		<totalScore value='40588'/>
	</enemy>

	<scoreRatio value='0.459422'/>
</results>
