<results>
	<result value='win'/>
	<start value='2014-07-22.19:24:52'/>
	<end value='2014-07-22.19:25:34'/>
	<frames value='31994'/>
	<gameDuration value='1999'/>

	<player>
		<unitScore value='21850'/>
		<killScore value='31760'/>
		<buildingScore value='4825'/>
		<razingScore value='6255'/>
		<mineralScore value='32062'/>
		<gasScore value='2936'/>
		<totalScore value='99688'/>
	</player>

	<enemy>
		<race value='Zerg'/>
		<unitScore value='14075'/>
		<unitScore value='14075'/>
		<killScore value='19650'/>
		<buildingScore value='2085'/>
		<razingScore value='0'/>
		<mineralScore value='13222'/>
		<gasScore value='4120'/>
		<totalScore value='53152'/>
	</enemy>

	<scoreRatio value='1.87553'/>
</results>
