<results>
	<result value='loss'/>
	<start value='2015-04-14.11:38:28'/>
	<end value='2015-04-14.11:38:54'/>
	<frames value='38566'/>
	<gameDuration value='2410'/>

	<player>
		<unitScore value='12125'/>
		<killScore value='13050'/>
		<buildingScore value='2400'/>
		<razingScore value='2550'/>
		<mineralScore value='19026'/>
		<gasScore value='872'/>
		<totalScore value='50023'/>
	</player>

	<enemy>
		<race value='Protoss'/>
		<unitScore value='21875'/>
		<unitScore value='21875'/>
		<killScore value='24350'/>
		<buildingScore value='7825'/>
		<razingScore value='7200'/>
		<mineralScore value='25446'/>
		<gasScore value='8914'/>
		<totalScore value='95610'/>
	</enemy>

	<scoreRatio value='0.523198'/>
</results>
