<results>
	<result value='loss'/>
	<start value='2015-07-18.04:41:51'/>
	<end value='2015-07-18.04:43:34'/>
	<frames value='47091'/>
	<gameDuration value='2943'/>

	<player>
		<unitScore value='28525'/>
		<killScore value='28850'/>
		<buildingScore value='2800'/>
		<razingScore value='1050'/>
		<mineralScore value='24034'/>
		<gasScore value='5142'/>
		<totalScore value='90401'/>
	</player>

	<enemy>
		<race value='Protoss'/>
		<unitScore value='35735'/>
		<killScore value='52200'/>
		<buildingScore value='8100'/>
		<razingScore value='8400'/>
		<mineralScore value='33458'/>
		<gasScore value='11896'/>
		<totalScore value='149789'/>
	</enemy>

	<scoreRatio value='0.603522'/>
	<timeFitness value='0.40875'/>
	<unitsAverage value='94'/>
</results>
