<results>
	<result value='loss'/>
	<start value='2015-07-18.04:55:00'/>
	<end value='2015-07-18.04:55:13'/>
	<frames value='15688'/>
	<gameDuration value='980'/>

	<player>
		<unitScore value='3900'/>
		<killScore value='400'/>
		<buildingScore value='1875'/>
		<razingScore value='0'/>
		<mineralScore value='5154'/>
		<gasScore value='680'/>
		<totalScore value='12009'/>
	</player>

	<enemy>
		<race value='Protoss'/>
		<unitScore value='3550'/>
		<killScore value='7800'/>
		<buildingScore value='3025'/>
		<razingScore value='5625'/>
		<mineralScore value='8050'/>
		<gasScore value='1416'/>
		<totalScore value='29466'/>
	</enemy>

	<scoreRatio value='0.407554'/>
	<timeFitness value='0.136111'/>
	<unitsAverage value='23'/>
</results>
