<results>
	<result value='win'/>
	<start value='2015-04-25.07:01:43'/>
	<end value='2015-04-25.07:01:55'/>
	<frames value='18540'/>
	<gameDuration value='1158'/>

	<player>
		<unitScore value='6675'/>
		<killScore value='10250'/>
		<buildingScore value='1925'/>
		<razingScore value='4125'/>
		<mineralScore value='10434'/>
		<gasScore value='1400'/>
		<totalScore value='34809'/>
	</player>

	<enemy>
		<race value='Terran'/>
		<unitScore value='5125'/>
		<unitScore value='5125'/>
		<killScore value='3550'/>
		<buildingScore value='1450'/>
		<razingScore value='0'/>
		<mineralScore value='8402'/>
		<gasScore value='2152'/>
		<totalScore value='20679'/>
	</enemy>

	<scoreRatio value='1.6833'/>
</results>
