<results>
	<result value='loss'/>
	<start value='2015-04-25.07:12:55'/>
	<end value='2015-04-25.07:13:09'/>
	<frames value='23345'/>
	<gameDuration value='1459'/>

	<player>
		<unitScore value='7750'/>
		<killScore value='3650'/>
		<buildingScore value='2650'/>
		<razingScore value='0'/>
		<mineralScore value='10506'/>
		<gasScore value='1464'/>
		<totalScore value='26020'/>
	</player>

	<enemy>
		<race value='Terran'/>
		<unitScore value='9925'/>
		<unitScore value='9925'/>
		<killScore value='15500'/>
		<buildingScore value='3675'/>
		<razingScore value='7950'/>
		<mineralScore value='11466'/>
		<gasScore value='4904'/>
		<totalScore value='53420'/>
	</enemy>

	<scoreRatio value='0.487083'/>
</results>
