<results>
	<result value='win'/>
	<start value='2015-04-13.05:33:19'/>
	<end value='2015-04-13.05:34:28'/>
	<frames value='33730'/>
	<gameDuration value='2108'/>

	<player>
		<unitScore value='22175'/>
		<killScore value='30950'/>
		<buildingScore value='3650'/>
		<razingScore value='17475'/>
		<mineralScore value='26126'/>
		<gasScore value='3336'/>
		<totalScore value='103712'/>
	</player>

	<enemy>
		<race value='Protoss'/>
		<unitScore value='17575'/>
		<unitScore value='17575'/>
		<killScore value='23750'/>
		<buildingScore value='5825'/>
		<razingScore value='300'/>
		<mineralScore value='16414'/>
		<gasScore value='6928'/>
		<totalScore value='70792'/>
	</enemy>

	<scoreRatio value='1.46502'/>
</results>
