<results>
	<result value='win'/>
	<start value='2015-04-30.10:41:24'/>
	<end value='2015-04-30.10:42:36'/>
	<frames value='55399'/>
	<gameDuration value='3462'/>

	<player>
		<unitScore value='33475'/>
		<killScore value='58805'/>
		<buildingScore value='3150'/>
		<razingScore value='7215'/>
		<mineralScore value='35074'/>
		<gasScore value='3424'/>
		<totalScore value='141143'/>
	</player>

	<enemy>
		<race value='Zerg'/>
		<unitScore value='27075'/>
		<unitScore value='27075'/>
		<killScore value='50800'/>
		<buildingScore value='2405'/>
		<razingScore value='0'/>
		<mineralScore value='21186'/>
		<gasScore value='7528'/>
		<totalScore value='108994'/>
	</enemy>

	<scoreRatio value='1.29496'/>
	<timeFitness value='0.519167'/>
	<unitsAverage value='132'/>
</results>
