<results>
	<result value='loss'/>
	<start value='2015-04-10.16:24:34'/>
	<end value='2015-04-10.16:24:46'/>
	<frames value='15099'/>
	<gameDuration value='943'/>

	<player>
		<unitScore value='2350'/>
		<killScore value='400'/>
		<buildingScore value='1350'/>
		<razingScore value='0'/>
		<mineralScore value='3770'/>
		<gasScore value='520'/>
		<totalScore value='8390'/>
	</player>

	<enemy>
		<race value='Protoss'/>
		<unitScore value='5025'/>
		<unitScore value='5025'/>
		<killScore value='4600'/>
		<buildingScore value='2975'/>
		<razingScore value='4050'/>
		<mineralScore value='7594'/>
		<gasScore value='2200'/>
		<totalScore value='26444'/>
	</enemy>

	<scoreRatio value='0.317274'/>
</results>
