<results>
	<result value='win'/>
	<start value='2015-05-04.20:25:13'/>
	<end value='2015-05-04.20:25:25'/>
	<frames value='21392'/>
	<gameDuration value='1337'/>

	<player>
		<unitScore value='7075'/>
		<killScore value='10800'/>
		<buildingScore value='2425'/>
		<razingScore value='4800'/>
		<mineralScore value='9466'/>
		<gasScore value='2256'/>
		<totalScore value='36822'/>
	</player>

	<enemy>
		<race value='Terran'/>
		<unitScore value='5400'/>
		<unitScore value='5400'/>
		<killScore value='10700'/>
		<buildingScore value='1600'/>
		<razingScore value='3150'/>
		<mineralScore value='8146'/>
		<gasScore value='2584'/>
		<totalScore value='31580'/>
	</enemy>

	<scoreRatio value='1.16599'/>
	<timeFitness value='0.814306'/>
	<unitsAverage value='40'/>
</results>
