<results>
	<result value='win'/>
	<start value='2015-05-08.21:49:51'/>
	<end value='2015-05-08.21:50:17'/>
	<frames value='27809'/>
	<gameDuration value='1738'/>

	<player>
		<unitScore value='12550'/>
		<killScore value='23150'/>
		<buildingScore value='2625'/>
		<razingScore value='8100'/>
		<mineralScore value='18454'/>
		<gasScore value='2704'/>
		<totalScore value='67583'/>
	</player>

	<enemy>
		<race value='Terran'/>
		<unitScore value='11575'/>
		<unitScore value='11575'/>
		<killScore value='9650'/>
		<buildingScore value='2700'/>
		<razingScore value='150'/>
		<mineralScore value='11198'/>
		<gasScore value='3712'/>
		<totalScore value='38985'/>
	</enemy>

	<scoreRatio value='1.73356'/>
	<timeFitness value='0.758611'/>
	<unitsAverage value='73'/>
</results>
