<results>
	<result value='win'/>
	<start value='2015-05-04.20:28:19'/>
	<end value='2015-05-04.20:28:40'/>
	<frames value='23779'/>
	<gameDuration value='1486'/>

	<player>
		<unitScore value='12950'/>
		<killScore value='17300'/>
		<buildingScore value='3375'/>
		<razingScore value='7725'/>
		<mineralScore value='18638'/>
		<gasScore value='2240'/>
		<totalScore value='62228'/>
	</player>

	<enemy>
		<race value='Terran'/>
		<unitScore value='8700'/>
		<unitScore value='8700'/>
		<killScore value='8000'/>
		<buildingScore value='2575'/>
		<razingScore value='600'/>
		<mineralScore value='9114'/>
		<gasScore value='2608'/>
		<totalScore value='31597'/>
	</enemy>

	<scoreRatio value='1.96943'/>
	<timeFitness value='0.793611'/>
	<unitsAverage value='74'/>
</results>
