<results>
	<result value='loss'/>
	<start value='2015-04-12.23:48:19'/>
	<end value='2015-04-12.23:49:04'/>
	<frames value='35187'/>
	<gameDuration value='2199'/>

	<player>
		<unitScore value='15800'/>
		<killScore value='20650'/>
		<buildingScore value='2275'/>
		<razingScore value='150'/>
		<mineralScore value='16310'/>
		<gasScore value='1808'/>
		<totalScore value='56993'/>
	</player>

	<enemy>
		<race value='Protoss'/>
		<unitScore value='26475'/>
		<unitScore value='26475'/>
		<killScore value='31600'/>
		<buildingScore value='7600'/>
		<razingScore value='7050'/>
		<mineralScore value='27046'/>
		<gasScore value='8458'/>
		<totalScore value='108229'/>
	</enemy>

	<scoreRatio value='0.526596'/>
</results>
