<results>
	<result value='loss'/>
	<start value='2015-04-13.00:00:55'/>
	<end value='2015-04-13.00:01:09'/>
	<frames value='15006'/>
	<gameDuration value='937'/>

	<player>
		<unitScore value='3200'/>
		<killScore value='1200'/>
		<buildingScore value='1950'/>
		<razingScore value='0'/>
		<mineralScore value='5338'/>
		<gasScore value='688'/>
		<totalScore value='12376'/>
	</player>

	<enemy>
		<race value='Protoss'/>
		<unitScore value='3550'/>
		<unitScore value='3550'/>
		<killScore value='6400'/>
		<buildingScore value='2875'/>
		<razingScore value='5850'/>
		<mineralScore value='7674'/>
		<gasScore value='1344'/>
		<totalScore value='27693'/>
	</enemy>

	<scoreRatio value='0.4469'/>
</results>
