<results>
	<result value='loss'/>
	<start value='2015-07-18.05:17:03'/>
	<end value='2015-07-18.05:17:56'/>
	<frames value='43836'/>
	<gameDuration value='2739'/>

	<player>
		<unitScore value='18475'/>
		<killScore value='11200'/>
		<buildingScore value='3750'/>
		<razingScore value='0'/>
		<mineralScore value='26514'/>
		<gasScore value='3368'/>
		<totalScore value='63307'/>
	</player>

	<enemy>
		<race value='Protoss'/>
		<unitScore value='26545'/>
		<killScore value='37350'/>
		<buildingScore value='7625'/>
		<razingScore value='11250'/>
		<mineralScore value='29766'/>
		<gasScore value='10850'/>
		<totalScore value='123386'/>
	</enemy>

	<scoreRatio value='0.513081'/>
	<timeFitness value='0.380417'/>
	<unitsAverage value='78'/>
</results>
