<results>
	<result value='loss'/>
	<start value='2015-07-18.05:18:48'/>
	<end value='2015-07-18.05:19:01'/>
	<frames value='19966'/>
	<gameDuration value='1247'/>

	<player>
		<unitScore value='4850'/>
		<killScore value='2000'/>
		<buildingScore value='1575'/>
		<razingScore value='0'/>
		<mineralScore value='7314'/>
		<gasScore value='672'/>
		<totalScore value='16411'/>
	</player>

	<enemy>
		<race value='Protoss'/>
		<unitScore value='4400'/>
		<killScore value='9700'/>
		<buildingScore value='4425'/>
		<razingScore value='4875'/>
		<mineralScore value='10674'/>
		<gasScore value='2400'/>
		<totalScore value='36474'/>
	</enemy>

	<scoreRatio value='0.449937'/>
	<timeFitness value='0.173194'/>
	<unitsAverage value='28'/>
</results>
