<results>
	<result value='loss'/>
	<start value='2015-07-18.05:29:59'/>
	<end value='2015-07-18.05:30:38'/>
	<frames value='42441'/>
	<gameDuration value='2652'/>

	<player>
		<unitScore value='15650'/>
		<killScore value='12350'/>
		<buildingScore value='2975'/>
		<razingScore value='0'/>
		<mineralScore value='15058'/>
		<gasScore value='3864'/>
		<totalScore value='49897'/>
	</player>

	<enemy>
		<race value='Protoss'/>
		<unitScore value='28610'/>
		<killScore value='31500'/>
		<buildingScore value='8725'/>
		<razingScore value='8925'/>
		<mineralScore value='29722'/>
		<gasScore value='11448'/>
		<totalScore value='118930'/>
	</enemy>

	<scoreRatio value='0.419549'/>
	<timeFitness value='0.368333'/>
	<unitsAverage value='54'/>
</results>
