<results>
	<result value='win'/>
	<start value='2015-05-11.02:03:00'/>
	<end value='2015-05-11.02:03:38'/>
	<frames value='26166'/>
	<gameDuration value='1635'/>

	<player>
		<unitScore value='18725'/>
		<killScore value='26450'/>
		<buildingScore value='4375'/>
		<razingScore value='4755'/>
		<mineralScore value='23030'/>
		<gasScore value='2248'/>
		<totalScore value='79583'/>
	</player>

	<enemy>
		<race value='Zerg'/>
		<unitScore value='11500'/>
		<unitScore value='11500'/>
		<killScore value='14450'/>
		<buildingScore value='1585'/>
		<razingScore value='0'/>
		<mineralScore value='10738'/>
		<gasScore value='3440'/>
		<totalScore value='41713'/>
	</enemy>

	<scoreRatio value='1.90787'/>
	<timeFitness value='0.772917'/>
	<unitsAverage value='89'/>
</results>
