<results>
	<result value='win'/>
	<start value='2015-05-11.02:04:54'/>
	<end value='2015-05-11.02:05:20'/>
	<frames value='21392'/>
	<gameDuration value='1337'/>

	<player>
		<unitScore value='12275'/>
		<killScore value='19410'/>
		<buildingScore value='2825'/>
		<razingScore value='4560'/>
		<mineralScore value='15690'/>
		<gasScore value='1656'/>
		<totalScore value='56416'/>
	</player>

	<enemy>
		<race value='Zerg'/>
		<unitScore value='9125'/>
		<unitScore value='9125'/>
		<killScore value='8500'/>
		<buildingScore value='1520'/>
		<razingScore value='0'/>
		<mineralScore value='8538'/>
		<gasScore value='2528'/>
		<totalScore value='30211'/>
	</enemy>

	<scoreRatio value='1.8674'/>
	<timeFitness value='0.814306'/>
	<unitsAverage value='70'/>
</results>
