<results>
	<result value='loss'/>
	<start value='2015-05-11.20:20:01'/>
	<end value='2015-05-11.20:20:33'/>
	<frames value='44890'/>
	<gameDuration value='2805'/>

	<player>
		<unitScore value='18100'/>
		<killScore value='29900'/>
		<buildingScore value='2625'/>
		<razingScore value='0'/>
		<mineralScore value='19866'/>
		<gasScore value='1472'/>
		<totalScore value='71963'/>
	</player>

	<enemy>
		<race value='Protoss'/>
		<unitScore value='30850'/>
		<unitScore value='30850'/>
		<killScore value='36400'/>
		<buildingScore value='7175'/>
		<razingScore value='7875'/>
		<mineralScore value='31090'/>
		<gasScore value='10598'/>
		<totalScore value='123988'/>
	</enemy>

	<scoreRatio value='0.580403'/>
	<timeFitness value='0.389583'/>
	<unitsAverage value='52'/>
</results>
