<results>
	<result value='loss'/>
	<start value='2015-05-02.17:48:37'/>
	<end value='2015-05-02.17:48:44'/>
	<frames value='17424'/>
	<gameDuration value='1089'/>

	<player>
		<unitScore value='4825'/>
		<killScore value='1800'/>
		<buildingScore value='2075'/>
		<razingScore value='0'/>
		<mineralScore value='7050'/>
		<gasScore value='896'/>
		<totalScore value='16646'/>
	</player>

	<enemy>
		<race value='Protoss'/>
		<unitScore value='3800'/>
		<unitScore value='3800'/>
		<killScore value='9650'/>
		<buildingScore value='4125'/>
		<razingScore value='6225'/>
		<mineralScore value='9290'/>
		<gasScore value='1744'/>
		<totalScore value='34834'/>
	</enemy>

	<scoreRatio value='0.477866'/>
	<timeFitness value='0.15125'/>
	<unitsAverage value='31'/>
</results>
