<results>
	<result value='win'/>
	<start value='2015-05-11.20:25:44'/>
	<end value='2015-05-11.20:26:22'/>
	<frames value='34629'/>
	<gameDuration value='2164'/>

	<player>
		<unitScore value='19450'/>
		<killScore value='22300'/>
		<buildingScore value='4075'/>
		<razingScore value='20175'/>
		<mineralScore value='27790'/>
		<gasScore value='3776'/>
		<totalScore value='97566'/>
	</player>

	<enemy>
		<race value='Protoss'/>
		<unitScore value='11500'/>
		<unitScore value='11500'/>
		<killScore value='16250'/>
		<buildingScore value='6725'/>
		<razingScore value='300'/>
		<mineralScore value='16518'/>
		<gasScore value='3616'/>
		<totalScore value='54909'/>
	</enemy>

	<scoreRatio value='1.77687'/>
	<timeFitness value='0.699444'/>
	<unitsAverage value='93'/>
</results>
