<results>
	<result value='win'/>
	<start value='2015-05-11.20:27:48'/>
	<end value='2015-05-11.20:28:40'/>
	<frames value='36086'/>
	<gameDuration value='2255'/>

	<player>
		<unitScore value='24900'/>
		<killScore value='34750'/>
		<buildingScore value='4000'/>
		<razingScore value='16725'/>
		<mineralScore value='32450'/>
		<gasScore value='3312'/>
		<totalScore value='116137'/>
	</player>

	<enemy>
		<race value='Protoss'/>
		<unitScore value='18075'/>
		<unitScore value='18075'/>
		<killScore value='24600'/>
		<buildingScore value='5575'/>
		<razingScore value='150'/>
		<mineralScore value='18562'/>
		<gasScore value='7680'/>
		<totalScore value='74642'/>
	</enemy>

	<scoreRatio value='1.55592'/>
	<timeFitness value='0.686806'/>
	<unitsAverage value='123'/>
</results>
