<results>
	<result value='loss'/>
	<start value='2015-05-02.17:51:12'/>
	<end value='2015-05-02.17:51:21'/>
	<frames value='18943'/>
	<gameDuration value='1183'/>

	<player>
		<unitScore value='5550'/>
		<killScore value='1500'/>
		<buildingScore value='1900'/>
		<razingScore value='0'/>
		<mineralScore value='7602'/>
		<gasScore value='1216'/>
		<totalScore value='17768'/>
	</player>

	<enemy>
		<race value='Protoss'/>
		<unitScore value='5125'/>
		<unitScore value='5125'/>
		<killScore value='11200'/>
		<buildingScore value='3750'/>
		<razingScore value='5700'/>
		<mineralScore value='9474'/>
		<gasScore value='2592'/>
		<totalScore value='37841'/>
	</enemy>

	<scoreRatio value='0.469544'/>
	<timeFitness value='0.164306'/>
	<unitsAverage value='33'/>
</results>
