<results>
	<result value='win'/>
	<start value='2015-05-11.20:38:58'/>
	<end value='2015-05-11.20:39:23'/>
	<frames value='27561'/>
	<gameDuration value='1722'/>

	<player>
		<unitScore value='12450'/>
		<killScore value='13450'/>
		<buildingScore value='3400'/>
		<razingScore value='10575'/>
		<mineralScore value='16894'/>
		<gasScore value='2200'/>
		<totalScore value='58969'/>
	</player>

	<enemy>
		<race value='Protoss'/>
		<unitScore value='6775'/>
		<unitScore value='6775'/>
		<killScore value='8700'/>
		<buildingScore value='3525'/>
		<razingScore value='1650'/>
		<mineralScore value='9770'/>
		<gasScore value='2216'/>
		<totalScore value='32636'/>
	</enemy>

	<scoreRatio value='1.80687'/>
	<timeFitness value='0.760833'/>
	<unitsAverage value='70'/>
</results>
