<results>
	<result value='loss'/>
	<start value='2015-05-11.20:41:55'/>
	<end value='2015-05-11.20:42:06'/>
	<frames value='19656'/>
	<gameDuration value='1228'/>

	<player>
		<unitScore value='5950'/>
		<killScore value='1650'/>
		<buildingScore value='1650'/>
		<razingScore value='0'/>
		<mineralScore value='7250'/>
		<gasScore value='1024'/>
		<totalScore value='17524'/>
	</player>

	<enemy>
		<race value='Protoss'/>
		<unitScore value='4675'/>
		<unitScore value='4675'/>
		<killScore value='11900'/>
		<buildingScore value='4475'/>
		<razingScore value='4950'/>
		<mineralScore value='10306'/>
		<gasScore value='2520'/>
		<totalScore value='38826'/>
	</enemy>

	<scoreRatio value='0.451347'/>
	<timeFitness value='0.170556'/>
	<unitsAverage value='32'/>
</results>
