<results>
	<result value='loss'/>
	<start value='2015-07-09.05:07:48'/>
	<end value='2015-07-09.05:08:08'/>
	<frames value='18509'/>
	<gameDuration value='1156'/>

	<player>
		<unitScore value='5475'/>
		<killScore value='600'/>
		<buildingScore value='2000'/>
		<razingScore value='0'/>
		<mineralScore value='6498'/>
		<gasScore value='1088'/>
		<totalScore value='15661'/>
	</player>

	<enemy>
		<race value='Terran'/>
		<unitScore value='6650'/>
		<killScore value='10950'/>
		<buildingScore value='2900'/>
		<razingScore value='6000'/>
		<mineralScore value='8394'/>
		<gasScore value='2952'/>
		<totalScore value='37846'/>
	</enemy>

	<scoreRatio value='0.413809'/>
	<timeFitness value='0.160556'/>
	<unitsAverage value='28'/>
</results>
