<results>
	<result value='loss'/>
	<start value='2015-07-08.22:30:28'/>
	<end value='2015-07-08.22:30:44'/>
	<frames value='17641'/>
	<gameDuration value='1102'/>

	<player>
		<unitScore value='3500'/>
		<killScore value='500'/>
		<buildingScore value='1900'/>
		<razingScore value='0'/>
		<mineralScore value='5114'/>
		<gasScore value='632'/>
		<totalScore value='11646'/>
	</player>

	<enemy>
		<race value='Terran'/>
		<unitScore value='6250'/>
		<killScore value='6550'/>
		<buildingScore value='2700'/>
		<razingScore value='5700'/>
		<mineralScore value='8082'/>
		<gasScore value='2792'/>
		<totalScore value='32074'/>
	</enemy>

	<scoreRatio value='0.363098'/>
	<timeFitness value='0.153056'/>
	<unitsAverage value='24'/>
</results>
