<results>
	<result value='loss'/>
	<start value='2015-07-09.05:30:03'/>
	<end value='2015-07-09.05:31:05'/>
	<frames value='46843'/>
	<gameDuration value='2927'/>

	<player>
		<unitScore value='26225'/>
		<killScore value='9600'/>
		<buildingScore value='4750'/>
		<razingScore value='0'/>
		<mineralScore value='26966'/>
		<gasScore value='4376'/>
		<totalScore value='71917'/>
	</player>

	<enemy>
		<race value='Terran'/>
		<unitScore value='21900'/>
		<killScore value='52450'/>
		<buildingScore value='5225'/>
		<razingScore value='14250'/>
		<mineralScore value='29198'/>
		<gasScore value='11192'/>
		<totalScore value='134215'/>
	</enemy>

	<scoreRatio value='0.535834'/>
	<timeFitness value='0.406528'/>
	<unitsAverage value='50'/>
</results>
