<results>
	<result value='loss'/>
	<start value='2015-04-13.05:15:24'/>
	<end value='2015-04-13.05:15:37'/>
	<frames value='15130'/>
	<gameDuration value='945'/>

	<player>
		<unitScore value='4100'/>
		<killScore value='200'/>
		<buildingScore value='1525'/>
		<razingScore value='0'/>
		<mineralScore value='5850'/>
		<gasScore value='1056'/>
		<totalScore value='12731'/>
	</player>

	<enemy>
		<race value='Protoss'/>
		<unitScore value='3925'/>
		<unitScore value='3925'/>
		<killScore value='8200'/>
		<buildingScore value='2825'/>
		<razingScore value='4575'/>
		<mineralScore value='7642'/>
		<gasScore value='1904'/>
		<totalScore value='29071'/>
	</enemy>

	<scoreRatio value='0.437928'/>
</results>
