<results>
	<result value='loss'/>
	<start value='2015-04-13.05:15:41'/>
	<end value='2015-04-13.05:16:23'/>
	<frames value='35435'/>
	<gameDuration value='2214'/>

	<player>
		<unitScore value='13675'/>
		<killScore value='8850'/>
		<buildingScore value='2625'/>
		<razingScore value='0'/>
		<mineralScore value='16290'/>
		<gasScore value='1696'/>
		<totalScore value='43136'/>
	</player>

	<enemy>
		<race value='Protoss'/>
		<unitScore value='20775'/>
		<unitScore value='20775'/>
		<killScore value='27100'/>
		<buildingScore value='6925'/>
		<razingScore value='7875'/>
		<mineralScore value='23474'/>
		<gasScore value='9400'/>
		<totalScore value='95549'/>
	</enemy>

	<scoreRatio value='0.451454'/>
</results>
