<results>
	<result value='loss'/>
	<start value='2015-04-13.05:19:11'/>
	<end value='2015-04-13.05:20:20'/>
	<frames value='47556'/>
	<gameDuration value='2972'/>

	<player>
		<unitScore value='17325'/>
		<killScore value='29050'/>
		<buildingScore value='2450'/>
		<razingScore value='0'/>
		<mineralScore value='19718'/>
		<gasScore value='4592'/>
		<totalScore value='73135'/>
	</player>

	<enemy>
		<race value='Protoss'/>
		<unitScore value='32725'/>
		<unitScore value='32725'/>
		<killScore value='34650'/>
		<buildingScore value='7525'/>
		<razingScore value='7350'/>
		<mineralScore value='32866'/>
		<gasScore value='10918'/>
		<totalScore value='126034'/>
	</enemy>

	<scoreRatio value='0.58028'/>
</results>
