<results>
	<result value='draw'/>
	<start value='2015-04-13.05:24:41'/>
	<end value='2015-04-13.05:27:16'/>
	<frames value='57601'/>
	<gameDuration value='3600'/>

	<player>
		<unitScore value='29975'/>
		<killScore value='62030'/>
		<buildingScore value='5175'/>
		<razingScore value='15075'/>
		<mineralScore value='34398'/>
		<gasScore value='8498'/>
		<totalScore value='155151'/>
	</player>

	<enemy>
		<race value='Protoss'/>
		<unitScore value='33590'/>
		<unitScore value='33590'/>
		<killScore value='53600'/>
		<buildingScore value='6300'/>
		<razingScore value='5100'/>
		<mineralScore value='28502'/>
		<gasScore value='10658'/>
		<totalScore value='137750'/>
	</enemy>

	<scoreRatio value='1.12632'/>
</results>
