<results>
	<result value='loss'/>
	<start value='2015-05-09.17:41:53'/>
	<end value='2015-05-09.17:41:59'/>
	<frames value='14820'/>
	<gameDuration value='926'/>

	<player>
		<unitScore value='2625'/>
		<killScore value='1000'/>
		<buildingScore value='1525'/>
		<razingScore value='0'/>
		<mineralScore value='3986'/>
		<gasScore value='792'/>
		<totalScore value='9928'/>
	</player>

	<enemy>
		<race value='Protoss'/>
		<unitScore value='3550'/>
		<unitScore value='3550'/>
		<killScore value='5250'/>
		<buildingScore value='2675'/>
		<razingScore value='4575'/>
		<mineralScore value='7682'/>
		<gasScore value='1184'/>
		<totalScore value='24916'/>
	</enemy>

	<scoreRatio value='0.398459'/>
	<timeFitness value='0.128611'/>
	<unitsAverage value='20'/>
</results>
