<results>
	<result value='loss'/>
	<start value='2015-05-09.17:45:03'/>
	<end value='2015-05-09.17:45:10'/>
	<frames value='16246'/>
	<gameDuration value='1015'/>

	<player>
		<unitScore value='2750'/>
		<killScore value='1400'/>
		<buildingScore value='1425'/>
		<razingScore value='0'/>
		<mineralScore value='4282'/>
		<gasScore value='832'/>
		<totalScore value='10689'/>
	</player>

	<enemy>
		<race value='Protoss'/>
		<unitScore value='3600'/>
		<unitScore value='3600'/>
		<killScore value='5500'/>
		<buildingScore value='4075'/>
		<razingScore value='4275'/>
		<mineralScore value='8762'/>
		<gasScore value='1584'/>
		<totalScore value='27796'/>
	</enemy>

	<scoreRatio value='0.384552'/>
	<timeFitness value='0.140972'/>
	<unitsAverage value='20'/>
</results>
