<results>
	<result value='loss'/>
	<start value='2015-05-02.16:28:39'/>
	<end value='2015-05-02.16:28:45'/>
	<frames value='14882'/>
	<gameDuration value='930'/>

	<player>
		<unitScore value='3850'/>
		<killScore value='600'/>
		<buildingScore value='1025'/>
		<razingScore value='0'/>
		<mineralScore value='5194'/>
		<gasScore value='0'/>
		<totalScore value='10669'/>
	</player>

	<enemy>
		<race value='Protoss'/>
		<unitScore value='4300'/>
		<unitScore value='4300'/>
		<killScore value='7700'/>
		<buildingScore value='2625'/>
		<razingScore value='3075'/>
		<mineralScore value='7562'/>
		<gasScore value='1488'/>
		<totalScore value='26750'/>
	</enemy>

	<scoreRatio value='0.398841'/>
	<timeFitness value='0.129167'/>
	<unitsAverage value='23'/>
</results>
