<results>
	<result value='win'/>
	<start value='2015-05-05.04:53:00'/>
	<end value='2015-05-05.04:53:11'/>
	<frames value='20059'/>
	<gameDuration value='1253'/>

	<player>
		<unitScore value='6950'/>
		<killScore value='11800'/>
		<buildingScore value='2850'/>
		<razingScore value='4350'/>
		<mineralScore value='11154'/>
		<gasScore value='1360'/>
		<totalScore value='38464'/>
	</player>

	<enemy>
		<race value='Terran'/>
		<unitScore value='5900'/>
		<unitScore value='5900'/>
		<killScore value='4200'/>
		<buildingScore value='1450'/>
		<razingScore value='1500'/>
		<mineralScore value='7234'/>
		<gasScore value='2016'/>
		<totalScore value='22300'/>
	</enemy>

	<scoreRatio value='1.72484'/>
	<timeFitness value='0.825972'/>
	<unitsAverage value='45'/>
</results>
