<results>
	<result value='loss'/>
	<start value='2015-04-08.18:30:34'/>
	<end value='2015-04-08.18:31:05'/>
	<frames value='45231'/>
	<gameDuration value='2826'/>

	<player>
		<unitScore value='18275'/>
		<killScore value='23850'/>
		<buildingScore value='2725'/>
		<razingScore value='1200'/>
		<mineralScore value='20394'/>
		<gasScore value='3088'/>
		<totalScore value='69532'/>
	</player>

	<enemy>
		<race value='Protoss'/>
		<unitScore value='30925'/>
		<unitScore value='30925'/>
		<killScore value='36550'/>
		<buildingScore value='7975'/>
		<razingScore value='8175'/>
		<mineralScore value='29942'/>
		<gasScore value='11082'/>
		<totalScore value='124649'/>
	</enemy>

	<scoreRatio value='0.557822'/>
</results>
