<results>
	<result value='win'/>
	<start value='2015-04-08.18:36:12'/>
	<end value='2015-04-08.18:36:42'/>
	<frames value='31808'/>
	<gameDuration value='1988'/>

	<player>
		<unitScore value='16725'/>
		<killScore value='12900'/>
		<buildingScore value='3825'/>
		<razingScore value='13575'/>
		<mineralScore value='23370'/>
		<gasScore value='3352'/>
		<totalScore value='73747'/>
	</player>

	<enemy>
		<race value='Protoss'/>
		<unitScore value='6450'/>
		<unitScore value='6450'/>
		<killScore value='13000'/>
		<buildingScore value='4525'/>
		<razingScore value='150'/>
		<mineralScore value='13858'/>
		<gasScore value='3752'/>
		<totalScore value='41735'/>
	</enemy>

	<scoreRatio value='1.76703'/>
</results>
