<results>
	<result value='win'/>
	<start value='2015-04-26.14:02:25'/>
	<end value='2015-04-26.14:03:20'/>
	<frames value='49726'/>
	<gameDuration value='3107'/>

	<player>
		<unitScore value='21775'/>
		<killScore value='28050'/>
		<buildingScore value='4750'/>
		<razingScore value='8550'/>
		<mineralScore value='34458'/>
		<gasScore value='3536'/>
		<totalScore value='101119'/>
	</player>

	<enemy>
		<race value='Terran'/>
		<unitScore value='14025'/>
		<unitScore value='14025'/>
		<killScore value='23800'/>
		<buildingScore value='2850'/>
		<razingScore value='3225'/>
		<mineralScore value='12074'/>
		<gasScore value='5810'/>
		<totalScore value='61784'/>
	</enemy>

	<scoreRatio value='1.63665'/>
</results>
