<results>
	<result value='win'/>
	<start value='2015-04-28.17:43:11'/>
	<end value='2015-04-28.17:43:45'/>
	<frames value='45572'/>
	<gameDuration value='2848'/>

	<player>
		<unitScore value='17325'/>
		<killScore value='25865'/>
		<buildingScore value='5000'/>
		<razingScore value='14970'/>
		<mineralScore value='24238'/>
		<gasScore value='4416'/>
		<totalScore value='91814'/>
	</player>

	<enemy>
		<race value='Zerg'/>
		<unitScore value='13575'/>
		<unitScore value='13575'/>
		<killScore value='18000'/>
		<buildingScore value='4990'/>
		<razingScore value='3375'/>
		<mineralScore value='22894'/>
		<gasScore value='4088'/>
		<totalScore value='66922'/>
	</enemy>

	<scoreRatio value='1.37196'/>
</results>
