<results>
	<result value='win'/>
	<start value='2015-04-28.17:45:54'/>
	<end value='2015-04-28.17:46:22'/>
	<frames value='25949'/>
	<gameDuration value='1621'/>

	<player>
		<unitScore value='17650'/>
		<killScore value='16880'/>
		<buildingScore value='4575'/>
		<razingScore value='5775'/>
		<mineralScore value='25554'/>
		<gasScore value='2224'/>
		<totalScore value='72658'/>
	</player>

	<enemy>
		<race value='Zerg'/>
		<unitScore value='8275'/>
		<unitScore value='8275'/>
		<killScore value='13350'/>
		<buildingScore value='1925'/>
		<razingScore value='0'/>
		<mineralScore value='9450'/>
		<gasScore value='3056'/>
		<totalScore value='36056'/>
	</enemy>

	<scoreRatio value='2.01514'/>
</results>
