<results>
	<result value='win'/>
	<start value='2015-04-28.17:51:13'/>
	<end value='2015-04-28.17:51:32'/>
	<frames value='22911'/>
	<gameDuration value='1431'/>

	<player>
		<unitScore value='11575'/>
		<killScore value='16380'/>
		<buildingScore value='3700'/>
		<razingScore value='4950'/>
		<mineralScore value='18482'/>
		<gasScore value='1840'/>
		<totalScore value='56927'/>
	</player>

	<enemy>
		<race value='Zerg'/>
		<unitScore value='8200'/>
		<unitScore value='8200'/>
		<killScore value='7950'/>
		<buildingScore value='1650'/>
		<razingScore value='0'/>
		<mineralScore value='8026'/>
		<gasScore value='1880'/>
		<totalScore value='27706'/>
	</enemy>

	<scoreRatio value='2.05468'/>
</results>
