<results>
	<result value='win'/>
	<start value='2015-05-05.22:40:01'/>
	<end value='2015-05-05.22:40:25'/>
	<frames value='21423'/>
	<gameDuration value='1338'/>

	<player>
		<unitScore value='11650'/>
		<killScore value='21425'/>
		<buildingScore value='3275'/>
		<razingScore value='4920'/>
		<mineralScore value='19490'/>
		<gasScore value='1256'/>
		<totalScore value='62016'/>
	</player>

	<enemy>
		<race value='Zerg'/>
		<unitScore value='9875'/>
		<unitScore value='9875'/>
		<killScore value='6650'/>
		<buildingScore value='1640'/>
		<razingScore value='0'/>
		<mineralScore value='9194'/>
		<gasScore value='3000'/>
		<totalScore value='30359'/>
	</enemy>

	<scoreRatio value='2.04276'/>
	<timeFitness value='0.814167'/>
	<unitsAverage value='78'/>
</results>
