<results>
	<result value='win'/>
	<start value='2015-05-05.22:48:42'/>
	<end value='2015-05-05.22:49:25'/>
	<frames value='30475'/>
	<gameDuration value='1904'/>

	<player>
		<unitScore value='20850'/>
		<killScore value='24110'/>
		<buildingScore value='4225'/>
		<razingScore value='7020'/>
		<mineralScore value='29562'/>
		<gasScore value='3072'/>
		<totalScore value='88839'/>
	</player>

	<enemy>
		<race value='Zerg'/>
		<unitScore value='10725'/>
		<unitScore value='10725'/>
		<killScore value='18050'/>
		<buildingScore value='2340'/>
		<razingScore value='150'/>
		<mineralScore value='11462'/>
		<gasScore value='3352'/>
		<totalScore value='46079'/>
	</enemy>

	<scoreRatio value='1.92797'/>
	<timeFitness value='0.735556'/>
	<unitsAverage value='106'/>
</results>
