<results>
	<result value='win'/>
	<start value='2014-07-01.04:35:56'/>
	<end value='2014-07-01.04:36:23'/>
	<frames value='34164'/>
	<gameDuration value='2135'/>

	<player>
		<unitScore value='18950'/>
		<killScore value='23450'/>
		<buildingScore value='4900'/>
		<razingScore value='18375'/>
		<mineralScore value='25378'/>
		<gasScore value='3752'/>
		<totalScore value='94805'/>
	</player>

	<enemy>
		<race value='Protoss'/>
		<unitScore value='11950'/>
		<unitScore value='11950'/>
		<killScore value='18400'/>
		<buildingScore value='6125'/>
		<razingScore value='1500'/>
		<mineralScore value='15150'/>
		<gasScore value='4168'/>
		<totalScore value='57293'/>
	</enemy>

	<scoreRatio value='1.65474'/>
</results>
