<results>
	<result value='win'/>
	<start value='2014-07-01.04:41:35'/>
	<end value='2014-07-01.04:42:07'/>
	<frames value='32676'/>
	<gameDuration value='2042'/>

	<player>
		<unitScore value='21675'/>
		<killScore value='33450'/>
		<buildingScore value='3975'/>
		<razingScore value='18375'/>
		<mineralScore value='30446'/>
		<gasScore value='2960'/>
		<totalScore value='110881'/>
	</player>

	<enemy>
		<race value='Protoss'/>
		<unitScore value='17725'/>
		<unitScore value='17725'/>
		<killScore value='21800'/>
		<buildingScore value='6125'/>
		<razingScore value='300'/>
		<mineralScore value='21682'/>
		<gasScore value='4632'/>
		<totalScore value='72264'/>
	</enemy>

	<scoreRatio value='1.53439'/>
</results>
