<results>
	<result value='loss'/>
	<start value='2015-04-13.13:47:38'/>
	<end value='2015-04-13.13:47:45'/>
	<frames value='17579'/>
	<gameDuration value='1098'/>

	<player>
		<unitScore value='3325'/>
		<killScore value='1600'/>
		<buildingScore value='1625'/>
		<razingScore value='0'/>
		<mineralScore value='5394'/>
		<gasScore value='912'/>
		<totalScore value='12856'/>
	</player>

	<enemy>
		<race value='Protoss'/>
		<unitScore value='3550'/>
		<unitScore value='3550'/>
		<killScore value='6650'/>
		<buildingScore value='4125'/>
		<razingScore value='4875'/>
		<mineralScore value='9450'/>
		<gasScore value='1616'/>
		<totalScore value='30266'/>
	</enemy>

	<scoreRatio value='0.424767'/>
</results>
