<results>
	<result value='loss'/>
	<start value='2015-04-11.18:52:03'/>
	<end value='2015-04-11.18:52:17'/>
	<frames value='15936'/>
	<gameDuration value='996'/>

	<player>
		<unitScore value='3950'/>
		<killScore value='1400'/>
		<buildingScore value='1475'/>
		<razingScore value='0'/>
		<mineralScore value='5450'/>
		<gasScore value='640'/>
		<totalScore value='12915'/>
	</player>

	<enemy>
		<race value='Protoss'/>
		<unitScore value='3550'/>
		<unitScore value='3550'/>
		<killScore value='7900'/>
		<buildingScore value='3675'/>
		<razingScore value='4425'/>
		<mineralScore value='8138'/>
		<gasScore value='1592'/>
		<totalScore value='29280'/>
	</enemy>

	<scoreRatio value='0.441086'/>
</results>
