<results>
	<result value='win'/>
	<start value='2015-04-11.18:57:15'/>
	<end value='2015-04-11.18:58:05'/>
	<frames value='26941'/>
	<gameDuration value='1683'/>

	<player>
		<unitScore value='16650'/>
		<killScore value='20750'/>
		<buildingScore value='3425'/>
		<razingScore value='13275'/>
		<mineralScore value='23362'/>
		<gasScore value='1520'/>
		<totalScore value='78982'/>
	</player>

	<enemy>
		<race value='Protoss'/>
		<unitScore value='10375'/>
		<unitScore value='10375'/>
		<killScore value='12550'/>
		<buildingScore value='4425'/>
		<razingScore value='0'/>
		<mineralScore value='18410'/>
		<gasScore value='2312'/>
		<totalScore value='48072'/>
	</enemy>

	<scoreRatio value='1.64299'/>
</results>
