<results>
	<result value='loss'/>
	<start value='2015-05-11.14:29:42'/>
	<end value='2015-05-11.14:29:54'/>
	<frames value='26972'/>
	<gameDuration value='1685'/>

	<player>
		<unitScore value='6875'/>
		<killScore value='4400'/>
		<buildingScore value='2000'/>
		<razingScore value='0'/>
		<mineralScore value='8090'/>
		<gasScore value='1416'/>
		<totalScore value='22781'/>
	</player>

	<enemy>
		<race value='Protoss'/>
		<unitScore value='12150'/>
		<unitScore value='12150'/>
		<killScore value='13750'/>
		<buildingScore value='6025'/>
		<razingScore value='6000'/>
		<mineralScore value='17734'/>
		<gasScore value='5304'/>
		<totalScore value='60963'/>
	</enemy>

	<scoreRatio value='0.373686'/>
	<timeFitness value='0.234028'/>
	<unitsAverage value='27'/>
</results>
