<results>
	<result value='win'/>
	<start value='2015-05-07.06:42:23'/>
	<end value='2015-05-07.06:42:58'/>
	<frames value='27344'/>
	<gameDuration value='1709'/>

	<player>
		<unitScore value='14250'/>
		<killScore value='18200'/>
		<buildingScore value='4125'/>
		<razingScore value='7725'/>
		<mineralScore value='24674'/>
		<gasScore value='2064'/>
		<totalScore value='71038'/>
	</player>

	<enemy>
		<race value='Terran'/>
		<unitScore value='9100'/>
		<unitScore value='9100'/>
		<killScore value='5050'/>
		<buildingScore value='2575'/>
		<razingScore value='0'/>
		<mineralScore value='8962'/>
		<gasScore value='3064'/>
		<totalScore value='28751'/>
	</enemy>

	<scoreRatio value='2.4708'/>
	<timeFitness value='0.762639'/>
	<unitsAverage value='99'/>
</results>
