<results>
	<result value='loss'/>
	<start value='2015-03-31.10:28:35'/>
	<end value='2015-03-31.10:28:42'/>
	<frames value='15223'/>
	<gameDuration value='951'/>

	<player>
		<unitScore value='2600'/>
		<killScore value='1000'/>
		<buildingScore value='1500'/>
		<razingScore value='0'/>
		<mineralScore value='3986'/>
		<gasScore value='568'/>
		<totalScore value='9654'/>
	</player>

	<enemy>
		<race value='Protoss'/>
		<unitScore value='3550'/>
		<unitScore value='3550'/>
		<killScore value='5200'/>
		<buildingScore value='2975'/>
		<razingScore value='4500'/>
		<mineralScore value='7946'/>
		<gasScore value='1376'/>
		<totalScore value='25547'/>
	</enemy>

	<scoreRatio value='0.377892'/>
</results>
