<results>
	<result value='loss'/>
	<start value='2015-03-31.10:38:10'/>
	<end value='2015-03-31.10:38:35'/>
	<frames value='38473'/>
	<gameDuration value='2404'/>

	<player>
		<unitScore value='13800'/>
		<killScore value='13200'/>
		<buildingScore value='2950'/>
		<razingScore value='600'/>
		<mineralScore value='16062'/>
		<gasScore value='3544'/>
		<totalScore value='50156'/>
	</player>

	<enemy>
		<race value='Protoss'/>
		<unitScore value='22300'/>
		<unitScore value='22300'/>
		<killScore value='27600'/>
		<buildingScore value='7925'/>
		<razingScore value='8850'/>
		<mineralScore value='25286'/>
		<gasScore value='9328'/>
		<totalScore value='101289'/>
	</enemy>

	<scoreRatio value='0.495177'/>
</results>
