<results>
	<result value='loss'/>
	<start value='2014-07-09.14:25:49'/>
	<end value='2014-07-09.14:26:26'/>
	<frames value='48176'/>
	<gameDuration value='3011'/>

	<player>
		<unitScore value='17350'/>
		<killScore value='23750'/>
		<buildingScore value='3075'/>
		<razingScore value='4050'/>
		<mineralScore value='20014'/>
		<gasScore value='3648'/>
		<totalScore value='71887'/>
	</player>

	<enemy>
		<race value='Protoss'/>
		<unitScore value='30125'/>
		<unitScore value='30125'/>
		<killScore value='34700'/>
		<buildingScore value='8275'/>
		<razingScore value='9225'/>
		<mineralScore value='29382'/>
		<gasScore value='9576'/>
		<totalScore value='121283'/>
	</enemy>

	<scoreRatio value='0.592721'/>
</results>
