<results>
	<result value='win'/>
	<start value='2015-04-03.21:04:28'/>
	<end value='2015-04-03.21:05:13'/>
	<frames value='40240'/>
	<gameDuration value='2515'/>

	<player>
		<unitScore value='25650'/>
		<killScore value='34350'/>
		<buildingScore value='4675'/>
		<razingScore value='17025'/>
		<mineralScore value='35302'/>
		<gasScore value='4232'/>
		<totalScore value='121234'/>
	</player>

	<enemy>
		<race value='Protoss'/>
		<unitScore value='17400'/>
		<unitScore value='17400'/>
		<killScore value='27100'/>
		<buildingScore value='5675'/>
		<razingScore value='0'/>
		<mineralScore value='19522'/>
		<gasScore value='4920'/>
		<totalScore value='74617'/>
	</enemy>

	<scoreRatio value='1.62475'/>
</results>
