<results>
	<result value='win'/>
	<start value='2015-04-10.20:26:21'/>
	<end value='2015-04-10.20:27:09'/>
	<frames value='27220'/>
	<gameDuration value='1701'/>

	<player>
		<unitScore value='16675'/>
		<killScore value='12300'/>
		<buildingScore value='4125'/>
		<razingScore value='14475'/>
		<mineralScore value='24666'/>
		<gasScore value='2936'/>
		<totalScore value='75177'/>
	</player>

	<enemy>
		<race value='Protoss'/>
		<unitScore value='6150'/>
		<unitScore value='6150'/>
		<killScore value='13000'/>
		<buildingScore value='4825'/>
		<razingScore value='0'/>
		<mineralScore value='17282'/>
		<gasScore value='944'/>
		<totalScore value='42201'/>
	</enemy>

	<scoreRatio value='1.7814'/>
</results>
