<results>
	<result value='loss'/>
	<start value='2015-04-13.11:15:20'/>
	<end value='2015-04-13.11:15:34'/>
	<frames value='16711'/>
	<gameDuration value='1044'/>

	<player>
		<unitScore value='3000'/>
		<killScore value='1400'/>
		<buildingScore value='2025'/>
		<razingScore value='0'/>
		<mineralScore value='4946'/>
		<gasScore value='1016'/>
		<totalScore value='12387'/>
	</player>

	<enemy>
		<race value='Protoss'/>
		<unitScore value='3850'/>
		<unitScore value='3850'/>
		<killScore value='6000'/>
		<buildingScore value='3875'/>
		<razingScore value='5850'/>
		<mineralScore value='8970'/>
		<gasScore value='1632'/>
		<totalScore value='30177'/>
	</enemy>

	<scoreRatio value='0.410478'/>
</results>
