<results>
	<result value='loss'/>
	<start value='2015-07-20.00:10:55'/>
	<end value='2015-07-20.00:11:52'/>
	<frames value='31436'/>
	<gameDuration value='1964'/>

	<player>
		<unitScore value='17575'/>
		<killScore value='15700'/>
		<buildingScore value='4425'/>
		<razingScore value='0'/>
		<mineralScore value='22090'/>
		<gasScore value='2128'/>
		<totalScore value='61918'/>
	</player>

	<enemy>
		<race value='Zerg'/>
		<unitScore value='16075'/>
		<killScore value='35150'/>
		<buildingScore value='3570'/>
		<razingScore value='13275'/>
		<mineralScore value='18906'/>
		<gasScore value='6078'/>
		<totalScore value='93054'/>
	</enemy>

	<scoreRatio value='0.665399'/>
	<timeFitness value='0.272778'/>
	<unitsAverage value='66'/>
</results>
