<results>
	<result value='draw'/>
	<start value='2015-07-20.00:38:01'/>
	<end value='2015-07-20.00:40:33'/>
	<frames value='57601'/>
	<gameDuration value='3600'/>

	<player>
		<unitScore value='35325'/>
		<killScore value='23175'/>
		<buildingScore value='4200'/>
		<razingScore value='435'/>
		<mineralScore value='31342'/>
		<gasScore value='7680'/>
		<totalScore value='102157'/>
	</player>

	<enemy>
		<race value='Zerg'/>
		<unitScore value='35350'/>
		<killScore value='60700'/>
		<buildingScore value='4215'/>
		<razingScore value='3375'/>
		<mineralScore value='31550'/>
		<gasScore value='11858'/>
		<totalScore value='147048'/>
	</enemy>

	<scoreRatio value='0.694719'/>
	<timeFitness value='0.5'/>
	<unitsAverage value='104'/>
</results>
