<results>
	<result value='loss'/>
	<start value='2015-07-20.00:47:35'/>
	<end value='2015-07-20.00:48:49'/>
	<frames value='42968'/>
	<gameDuration value='2685'/>

	<player>
		<unitScore value='23850'/>
		<killScore value='22300'/>
		<buildingScore value='4900'/>
		<razingScore value='585'/>
		<mineralScore value='24114'/>
		<gasScore value='4584'/>
		<totalScore value='80333'/>
	</player>

	<enemy>
		<race value='Zerg'/>
		<unitScore value='19725'/>
		<killScore value='47700'/>
		<buildingScore value='4630'/>
		<razingScore value='14700'/>
		<mineralScore value='24942'/>
		<gasScore value='6790'/>
		<totalScore value='118487'/>
	</enemy>

	<scoreRatio value='0.67799'/>
	<timeFitness value='0.372917'/>
	<unitsAverage value='65'/>
</results>
