<results>
	<result value='loss'/>
	<start value='2015-05-04.02:03:03'/>
	<end value='2015-05-04.02:03:08'/>
	<frames value='14448'/>
	<gameDuration value='903'/>

	<player>
		<unitScore value='2075'/>
		<killScore value='1000'/>
		<buildingScore value='1575'/>
		<razingScore value='0'/>
		<mineralScore value='3850'/>
		<gasScore value='416'/>
		<totalScore value='8916'/>
	</player>

	<enemy>
		<race value='Protoss'/>
		<unitScore value='3550'/>
		<unitScore value='3550'/>
		<killScore value='4150'/>
		<buildingScore value='2475'/>
		<razingScore value='4725'/>
		<mineralScore value='7674'/>
		<gasScore value='1264'/>
		<totalScore value='23838'/>
	</enemy>

	<scoreRatio value='0.374025'/>
	<timeFitness value='0.125417'/>
	<unitsAverage value='20'/>
</results>
