<results>
	<result value='loss'/>
	<start value='2015-07-19.02:57:22'/>
	<end value='2015-07-19.02:57:43'/>
	<frames value='24492'/>
	<gameDuration value='1530'/>

	<player>
		<unitScore value='12400'/>
		<killScore value='5000'/>
		<buildingScore value='2350'/>
		<razingScore value='0'/>
		<mineralScore value='18842'/>
		<gasScore value='2128'/>
		<totalScore value='40720'/>
	</player>

	<enemy>
		<race value='Zerg'/>
		<unitScore value='11150'/>
		<killScore value='24550'/>
		<buildingScore value='2995'/>
		<razingScore value='7050'/>
		<mineralScore value='12666'/>
		<gasScore value='4136'/>
		<totalScore value='62547'/>
	</enemy>

	<scoreRatio value='0.65103'/>
	<timeFitness value='0.2125'/>
	<unitsAverage value='51'/>
</results>
