<results>
	<result value='loss'/>
	<start value='2015-07-19.03:03:51'/>
	<end value='2015-07-19.03:04:08'/>
	<frames value='20803'/>
	<gameDuration value='1300'/>

	<player>
		<unitScore value='7000'/>
		<killScore value='4300'/>
		<buildingScore value='2050'/>
		<razingScore value='0'/>
		<mineralScore value='8266'/>
		<gasScore value='1200'/>
		<totalScore value='22816'/>
	</player>

	<enemy>
		<race value='Zerg'/>
		<unitScore value='7800'/>
		<killScore value='12000'/>
		<buildingScore value='2470'/>
		<razingScore value='6150'/>
		<mineralScore value='9610'/>
		<gasScore value='3104'/>
		<totalScore value='41134'/>
	</enemy>

	<scoreRatio value='0.554675'/>
	<timeFitness value='0.180556'/>
	<unitsAverage value='34'/>
</results>
