<results>
	<result value='win'/>
	<start value='2015-05-07.02:53:04'/>
	<end value='2015-05-07.02:53:19'/>
	<frames value='23283'/>
	<gameDuration value='1455'/>

	<player>
		<unitScore value='9075'/>
		<killScore value='15050'/>
		<buildingScore value='2975'/>
		<razingScore value='5700'/>
		<mineralScore value='13106'/>
		<gasScore value='2528'/>
		<totalScore value='48434'/>
	</player>

	<enemy>
		<race value='Terran'/>
		<unitScore value='7525'/>
		<unitScore value='7525'/>
		<killScore value='8000'/>
		<buildingScore value='1900'/>
		<razingScore value='3525'/>
		<mineralScore value='8970'/>
		<gasScore value='3056'/>
		<totalScore value='32976'/>
	</enemy>

	<scoreRatio value='1.46877'/>
	<timeFitness value='0.797917'/>
	<unitsAverage value='54'/>
</results>
