<results>
	<result value='win'/>
	<start value='2015-05-07.02:58:30'/>
	<end value='2015-05-07.02:59:12'/>
	<frames value='35838'/>
	<gameDuration value='2239'/>

	<player>
		<unitScore value='22125'/>
		<killScore value='24850'/>
		<buildingScore value='4875'/>
		<razingScore value='11100'/>
		<mineralScore value='36434'/>
		<gasScore value='2672'/>
		<totalScore value='102056'/>
	</player>

	<enemy>
		<race value='Terran'/>
		<unitScore value='13425'/>
		<unitScore value='13425'/>
		<killScore value='21850'/>
		<buildingScore value='3700'/>
		<razingScore value='2250'/>
		<mineralScore value='12098'/>
		<gasScore value='5284'/>
		<totalScore value='58607'/>
	</enemy>

	<scoreRatio value='1.74136'/>
	<timeFitness value='0.689028'/>
	<unitsAverage value='107'/>
</results>
