<results>
	<result value='win'/>
	<start value='2015-05-07.03:05:35'/>
	<end value='2015-05-07.03:05:54'/>
	<frames value='26197'/>
	<gameDuration value='1637'/>

	<player>
		<unitScore value='10250'/>
		<killScore value='13750'/>
		<buildingScore value='3700'/>
		<razingScore value='6675'/>
		<mineralScore value='15158'/>
		<gasScore value='2312'/>
		<totalScore value='51845'/>
	</player>

	<enemy>
		<race value='Terran'/>
		<unitScore value='6875'/>
		<unitScore value='6875'/>
		<killScore value='10550'/>
		<buildingScore value='2300'/>
		<razingScore value='3975'/>
		<mineralScore value='9210'/>
		<gasScore value='2672'/>
		<totalScore value='35582'/>
	</enemy>

	<scoreRatio value='1.45706'/>
	<timeFitness value='0.772639'/>
	<unitsAverage value='59'/>
</results>
