<results>
	<result value='win'/>
	<start value='2015-05-05.19:28:23'/>
	<end value='2015-05-05.19:28:51'/>
	<frames value='26259'/>
	<gameDuration value='1641'/>

	<player>
		<unitScore value='12700'/>
		<killScore value='16500'/>
		<buildingScore value='3100'/>
		<razingScore value='10875'/>
		<mineralScore value='18242'/>
		<gasScore value='3096'/>
		<totalScore value='64513'/>
	</player>

	<enemy>
		<race value='Protoss'/>
		<unitScore value='8950'/>
		<unitScore value='8950'/>
		<killScore value='8500'/>
		<buildingScore value='3625'/>
		<razingScore value='300'/>
		<mineralScore value='9994'/>
		<gasScore value='2680'/>
		<totalScore value='34049'/>
	</enemy>

	<scoreRatio value='1.89471'/>
	<timeFitness value='0.772083'/>
	<unitsAverage value='74'/>
</results>
