<results>
	<result value='win'/>
	<start value='2015-05-05.19:45:08'/>
	<end value='2015-05-05.19:45:32'/>
	<frames value='25856'/>
	<gameDuration value='1616'/>

	<player>
		<unitScore value='14850'/>
		<killScore value='11650'/>
		<buildingScore value='3975'/>
		<razingScore value='12975'/>
		<mineralScore value='21050'/>
		<gasScore value='2248'/>
		<totalScore value='66748'/>
	</player>

	<enemy>
		<race value='Protoss'/>
		<unitScore value='5825'/>
		<unitScore value='5825'/>
		<killScore value='11650'/>
		<buildingScore value='4325'/>
		<razingScore value='900'/>
		<mineralScore value='10986'/>
		<gasScore value='1968'/>
		<totalScore value='35654'/>
	</enemy>

	<scoreRatio value='1.8721'/>
	<timeFitness value='0.775556'/>
	<unitsAverage value='82'/>
</results>
