<results>
	<result value='win'/>
	<start value='2015-05-05.19:46:36'/>
	<end value='2015-05-05.19:47:14'/>
	<frames value='32862'/>
	<gameDuration value='2053'/>

	<player>
		<unitScore value='19700'/>
		<killScore value='27200'/>
		<buildingScore value='4675'/>
		<razingScore value='16425'/>
		<mineralScore value='29722'/>
		<gasScore value='3696'/>
		<totalScore value='101418'/>
	</player>

	<enemy>
		<race value='Protoss'/>
		<unitScore value='14300'/>
		<unitScore value='14300'/>
		<killScore value='14900'/>
		<buildingScore value='5475'/>
		<razingScore value='300'/>
		<mineralScore value='15206'/>
		<gasScore value='3640'/>
		<totalScore value='53821'/>
	</enemy>

	<scoreRatio value='1.88436'/>
	<timeFitness value='0.714861'/>
	<unitsAverage value='107'/>
</results>
