<results>
	<result value='loss'/>
	<start value='2015-05-05.19:50:24'/>
	<end value='2015-05-05.19:50:38'/>
	<frames value='27437'/>
	<gameDuration value='1714'/>

	<player>
		<unitScore value='3425'/>
		<killScore value='2400'/>
		<buildingScore value='1475'/>
		<razingScore value='0'/>
		<mineralScore value='4746'/>
		<gasScore value='560'/>
		<totalScore value='12606'/>
	</player>

	<enemy>
		<race value='Protoss'/>
		<unitScore value='12625'/>
		<unitScore value='12625'/>
		<killScore value='6850'/>
		<buildingScore value='6875'/>
		<razingScore value='4425'/>
		<mineralScore value='17286'/>
		<gasScore value='6752'/>
		<totalScore value='54813'/>
	</enemy>

	<scoreRatio value='0.229982'/>
	<timeFitness value='0.238056'/>
	<unitsAverage value='19'/>
</results>
