<results>
	<result value='win'/>
	<start value='2015-04-26.10:44:58'/>
	<end value='2015-04-26.10:45:25'/>
	<frames value='31808'/>
	<gameDuration value='1988'/>

	<player>
		<unitScore value='12650'/>
		<killScore value='26400'/>
		<buildingScore value='3600'/>
		<razingScore value='10800'/>
		<mineralScore value='17050'/>
		<gasScore value='3160'/>
		<totalScore value='73660'/>
	</player>

	<enemy>
		<race value='Terran'/>
		<unitScore value='17000'/>
		<unitScore value='17000'/>
		<killScore value='10750'/>
		<buildingScore value='3600'/>
		<razingScore value='3075'/>
		<mineralScore value='15222'/>
		<gasScore value='7448'/>
		<totalScore value='57095'/>
	</enemy>

	<scoreRatio value='1.29013'/>
</results>
