<results>
	<result value='loss'/>
	<start value='2015-04-26.10:45:41'/>
	<end value='2015-04-26.10:45:46'/>
	<frames value='11999'/>
	<gameDuration value='749'/>

	<player>
		<unitScore value='750'/>
		<killScore value='0'/>
		<buildingScore value='725'/>
		<razingScore value='0'/>
		<mineralScore value='4066'/>
		<gasScore value='0'/>
		<totalScore value='5541'/>
	</player>

	<enemy>
		<race value='Terran'/>
		<unitScore value='3300'/>
		<unitScore value='3300'/>
		<killScore value='1500'/>
		<buildingScore value='1450'/>
		<razingScore value='2175'/>
		<mineralScore value='5178'/>
		<gasScore value='1560'/>
		<totalScore value='15163'/>
	</enemy>

	<scoreRatio value='0.365429'/>
</results>
