<results>
	<result value='loss'/>
	<start value='2015-04-26.10:49:25'/>
	<end value='2015-04-26.10:49:44'/>
	<frames value='25887'/>
	<gameDuration value='1617'/>

	<player>
		<unitScore value='8475'/>
		<killScore value='4600'/>
		<buildingScore value='3250'/>
		<razingScore value='0'/>
		<mineralScore value='11450'/>
		<gasScore value='1992'/>
		<totalScore value='29767'/>
	</player>

	<enemy>
		<race value='Terran'/>
		<unitScore value='10775'/>
		<unitScore value='10775'/>
		<killScore value='16950'/>
		<buildingScore value='4425'/>
		<razingScore value='9750'/>
		<mineralScore value='12694'/>
		<gasScore value='5776'/>
		<totalScore value='60370'/>
	</enemy>

	<scoreRatio value='0.493076'/>
</results>
