<results>
	<result value='win'/>
	<start value='2015-07-18.06:00:20'/>
	<end value='2015-07-18.06:00:51'/>
	<frames value='26693'/>
	<gameDuration value='1668'/>

	<player>
		<unitScore value='19175'/>
		<killScore value='15900'/>
		<buildingScore value='4050'/>
		<razingScore value='7050'/>
		<mineralScore value='23246'/>
		<gasScore value='2008'/>
		<totalScore value='71429'/>
	</player>

	<enemy>
		<race value='Terran'/>
		<unitScore value='9825'/>
		<killScore value='28050'/>
		<buildingScore value='2350'/>
		<razingScore value='6750'/>
		<mineralScore value='11354'/>
		<gasScore value='3872'/>
		<totalScore value='62201'/>
	</enemy>

	<scoreRatio value='1.14836'/>
	<timeFitness value='0.768333'/>
	<unitsAverage value='81'/>
</results>
