<results>
	<result value='loss'/>
	<start value='2015-03-30.05:35:24'/>
	<end value='2015-03-30.05:35:34'/>
	<frames value='14820'/>
	<gameDuration value='926'/>

	<player>
		<unitScore value='3600'/>
		<killScore value='600'/>
		<buildingScore value='1475'/>
		<razingScore value='0'/>
		<mineralScore value='4874'/>
		<gasScore value='552'/>
		<totalScore value='11101'/>
	</player>

	<enemy>
		<race value='Protoss'/>
		<unitScore value='3550'/>
		<unitScore value='3550'/>
		<killScore value='7200'/>
		<buildingScore value='2875'/>
		<razingScore value='4425'/>
		<mineralScore value='7770'/>
		<gasScore value='1392'/>
		<totalScore value='27212'/>
	</enemy>

	<scoreRatio value='0.407945'/>
</results>
