<results>
	<result value='loss'/>
	<start value='2015-04-11.20:16:09'/>
	<end value='2015-04-11.20:16:34'/>
	<frames value='27623'/>
	<gameDuration value='1726'/>

	<player>
		<unitScore value='3550'/>
		<killScore value='2400'/>
		<buildingScore value='1975'/>
		<razingScore value='0'/>
		<mineralScore value='5634'/>
		<gasScore value='856'/>
		<totalScore value='14415'/>
	</player>

	<enemy>
		<race value='Protoss'/>
		<unitScore value='12950'/>
		<unitScore value='12950'/>
		<killScore value='7100'/>
		<buildingScore value='6875'/>
		<razingScore value='5925'/>
		<mineralScore value='17038'/>
		<gasScore value='6416'/>
		<totalScore value='56304'/>
	</enemy>

	<scoreRatio value='0.256021'/>
</results>
