<results>
	<result value='win'/>
	<start value='2015-04-11.20:16:38'/>
	<end value='2015-04-11.20:17:43'/>
	<frames value='32769'/>
	<gameDuration value='2048'/>

	<player>
		<unitScore value='22500'/>
		<killScore value='24700'/>
		<buildingScore value='4850'/>
		<razingScore value='14625'/>
		<mineralScore value='30786'/>
		<gasScore value='4208'/>
		<totalScore value='101669'/>
	</player>

	<enemy>
		<race value='Protoss'/>
		<unitScore value='14200'/>
		<unitScore value='14200'/>
		<killScore value='22750'/>
		<buildingScore value='4875'/>
		<razingScore value='300'/>
		<mineralScore value='13342'/>
		<gasScore value='4608'/>
		<totalScore value='60075'/>
	</enemy>

	<scoreRatio value='1.69237'/>
</results>
