<results>
	<result value='loss'/>
	<start value='2015-07-19.20:25:33'/>
	<end value='2015-07-19.20:26:06'/>
	<frames value='37264'/>
	<gameDuration value='2329'/>

	<player>
		<unitScore value='17950'/>
		<killScore value='13400'/>
		<buildingScore value='2775'/>
		<razingScore value='630'/>
		<mineralScore value='22658'/>
		<gasScore value='2232'/>
		<totalScore value='59645'/>
	</player>

	<enemy>
		<race value='Zerg'/>
		<unitScore value='19300'/>
		<killScore value='34950'/>
		<buildingScore value='4105'/>
		<razingScore value='8325'/>
		<mineralScore value='25166'/>
		<gasScore value='6222'/>
		<totalScore value='98068'/>
	</enemy>

	<scoreRatio value='0.6082'/>
	<timeFitness value='0.323472'/>
	<unitsAverage value='55'/>
</results>
