<results>
	<result value='loss'/>
	<start value='2015-07-19.20:53:16'/>
	<end value='2015-07-19.20:53:40'/>
	<frames value='25143'/>
	<gameDuration value='1571'/>

	<player>
		<unitScore value='14475'/>
		<killScore value='7150'/>
		<buildingScore value='2725'/>
		<razingScore value='0'/>
		<mineralScore value='17734'/>
		<gasScore value='2336'/>
		<totalScore value='44420'/>
	</player>

	<enemy>
		<race value='Zerg'/>
		<unitScore value='12575'/>
		<killScore value='28500'/>
		<buildingScore value='3125'/>
		<razingScore value='8175'/>
		<mineralScore value='13866'/>
		<gasScore value='4392'/>
		<totalScore value='70633'/>
	</enemy>

	<scoreRatio value='0.628884'/>
	<timeFitness value='0.218194'/>
	<unitsAverage value='57'/>
</results>
