<results>
	<result value='win'/>
	<start value='2015-04-29.14:22:01'/>
	<end value='2015-04-29.14:22:28'/>
	<frames value='23314'/>
	<gameDuration value='1457'/>

	<player>
		<unitScore value='12625'/>
		<killScore value='23010'/>
		<buildingScore value='3075'/>
		<razingScore value='4560'/>
		<mineralScore value='16926'/>
		<gasScore value='2280'/>
		<totalScore value='62476'/>
	</player>

	<enemy>
		<race value='Zerg'/>
		<unitScore value='10200'/>
		<unitScore value='10200'/>
		<killScore value='10850'/>
		<buildingScore value='1520'/>
		<razingScore value='0'/>
		<mineralScore value='9042'/>
		<gasScore value='2624'/>
		<totalScore value='34236'/>
	</enemy>

	<scoreRatio value='1.82486'/>
</results>
