<results>
	<result value='win'/>
	<start value='2015-05-11.03:51:03'/>
	<end value='2015-05-11.03:51:44'/>
	<frames value='30072'/>
	<gameDuration value='1879'/>

	<player>
		<unitScore value='18525'/>
		<killScore value='23010'/>
		<buildingScore value='4125'/>
		<razingScore value='7995'/>
		<mineralScore value='29606'/>
		<gasScore value='2136'/>
		<totalScore value='85397'/>
	</player>

	<enemy>
		<race value='Zerg'/>
		<unitScore value='11150'/>
		<unitScore value='11150'/>
		<killScore value='15050'/>
		<buildingScore value='2665'/>
		<razingScore value='1800'/>
		<mineralScore value='11850'/>
		<gasScore value='3624'/>
		<totalScore value='46139'/>
	</enemy>

	<scoreRatio value='1.85086'/>
	<timeFitness value='0.739028'/>
	<unitsAverage value='108'/>
</results>
