<results>
	<result value='loss'/>
	<start value='2015-05-04.23:23:11'/>
	<end value='2015-05-04.23:23:49'/>
	<frames value='34071'/>
	<gameDuration value='2129'/>

	<player>
		<unitScore value='25300'/>
		<killScore value='23850'/>
		<buildingScore value='2750'/>
		<razingScore value='0'/>
		<mineralScore value='30482'/>
		<gasScore value='0'/>
		<totalScore value='82382'/>
	</player>

	<enemy>
		<race value='Zerg'/>
		<unitScore value='19675'/>
		<unitScore value='19675'/>
		<killScore value='50600'/>
		<buildingScore value='2665'/>
		<razingScore value='8250'/>
		<mineralScore value='16726'/>
		<gasScore value='6680'/>
		<totalScore value='104596'/>
	</enemy>

	<scoreRatio value='0.787621'/>
	<timeFitness value='0.295694'/>
	<unitsAverage value='72'/>
</results>
