<results>
	<result value='win'/>
	<start value='2015-04-09.12:52:19'/>
	<end value='2015-04-09.12:53:01'/>
	<frames value='34071'/>
	<gameDuration value='2129'/>

	<player>
		<unitScore value='21450'/>
		<killScore value='27550'/>
		<buildingScore value='3625'/>
		<razingScore value='16050'/>
		<mineralScore value='31270'/>
		<gasScore value='3752'/>
		<totalScore value='103697'/>
	</player>

	<enemy>
		<race value='Protoss'/>
		<unitScore value='14475'/>
		<unitScore value='14475'/>
		<killScore value='19950'/>
		<buildingScore value='5350'/>
		<razingScore value='0'/>
		<mineralScore value='22066'/>
		<gasScore value='4296'/>
		<totalScore value='66137'/>
	</enemy>

	<scoreRatio value='1.56791'/>
</results>
