<results>
	<result value='win'/>
	<start value='2015-04-03.19:32:24'/>
	<end value='2015-04-03.19:32:54'/>
	<frames value='29173'/>
	<gameDuration value='1823'/>

	<player>
		<unitScore value='16225'/>
		<killScore value='16350'/>
		<buildingScore value='3975'/>
		<razingScore value='14325'/>
		<mineralScore value='25290'/>
		<gasScore value='2640'/>
		<totalScore value='78805'/>
	</player>

	<enemy>
		<race value='Protoss'/>
		<unitScore value='8525'/>
		<unitScore value='8525'/>
		<killScore value='10750'/>
		<buildingScore value='4775'/>
		<razingScore value='0'/>
		<mineralScore value='12986'/>
		<gasScore value='4440'/>
		<totalScore value='41476'/>
	</enemy>

	<scoreRatio value='1.90001'/>
</results>
