<results>
	<result value='loss'/>
	<start value='2015-07-19.04:50:25'/>
	<end value='2015-07-19.04:50:56'/>
	<frames value='33885'/>
	<gameDuration value='2117'/>

	<player>
		<unitScore value='14800'/>
		<killScore value='7250'/>
		<buildingScore value='3850'/>
		<razingScore value='0'/>
		<mineralScore value='17378'/>
		<gasScore value='2584'/>
		<totalScore value='45862'/>
	</player>

	<enemy>
		<race value='Protoss'/>
		<unitScore value='17325'/>
		<killScore value='29600'/>
		<buildingScore value='6075'/>
		<razingScore value='11550'/>
		<mineralScore value='20490'/>
		<gasScore value='7240'/>
		<totalScore value='92280'/>
	</enemy>

	<scoreRatio value='0.496987'/>
	<timeFitness value='0.294028'/>
	<unitsAverage value='52'/>
</results>
