<results>
	<result value='win'/>
	<start value='2015-04-30.12:25:19'/>
	<end value='2015-04-30.12:25:37'/>
	<frames value='22787'/>
	<gameDuration value='1424'/>

	<player>
		<unitScore value='12825'/>
		<killScore value='15970'/>
		<buildingScore value='2825'/>
		<razingScore value='4755'/>
		<mineralScore value='16038'/>
		<gasScore value='1200'/>
		<totalScore value='53613'/>
	</player>

	<enemy>
		<race value='Zerg'/>
		<unitScore value='7675'/>
		<unitScore value='7675'/>
		<killScore value='11050'/>
		<buildingScore value='1585'/>
		<razingScore value='0'/>
		<mineralScore value='8186'/>
		<gasScore value='2272'/>
		<totalScore value='30768'/>
	</enemy>

	<scoreRatio value='1.74249'/>
	<timeFitness value='0.802222'/>
	<unitsAverage value='70'/>
</results>
