<results>
	<result value='win'/>
	<start value='2014-07-07.19:22:55'/>
	<end value='2014-07-07.19:23:22'/>
	<frames value='25918'/>
	<gameDuration value='1619'/>

	<player>
		<unitScore value='19525'/>
		<killScore value='17440'/>
		<buildingScore value='4500'/>
		<razingScore value='5460'/>
		<mineralScore value='26662'/>
		<gasScore value='1904'/>
		<totalScore value='75491'/>
	</player>

	<enemy>
		<race value='Zerg'/>
		<unitScore value='8925'/>
		<unitScore value='8925'/>
		<killScore value='15650'/>
		<buildingScore value='1820'/>
		<razingScore value='0'/>
		<mineralScore value='9266'/>
		<gasScore value='3152'/>
		<totalScore value='38813'/>
	</enemy>

	<scoreRatio value='1.94499'/>
</results>
