<results>
	<result value='win'/>
	<start value='2014-07-07.19:38:34'/>
	<end value='2014-07-07.19:39:34'/>
	<frames value='44425'/>
	<gameDuration value='2776'/>

	<player>
		<unitScore value='31025'/>
		<killScore value='61450'/>
		<buildingScore value='4025'/>
		<razingScore value='6495'/>
		<mineralScore value='34222'/>
		<gasScore value='4488'/>
		<totalScore value='141705'/>
	</player>

	<enemy>
		<race value='Zerg'/>
		<unitScore value='28075'/>
		<unitScore value='28075'/>
		<killScore value='39000'/>
		<buildingScore value='2165'/>
		<razingScore value='0'/>
		<mineralScore value='22098'/>
		<gasScore value='8102'/>
		<totalScore value='99440'/>
	</enemy>

	<scoreRatio value='1.42503'/>
</results>
