<results>
	<result value='loss'/>
	<start value='2015-07-12.19:45:35'/>
	<end value='2015-07-12.19:45:45'/>
	<frames value='18044'/>
	<gameDuration value='1127'/>

	<player>
		<unitScore value='4550'/>
		<killScore value='500'/>
		<buildingScore value='2000'/>
		<razingScore value='0'/>
		<mineralScore value='6242'/>
		<gasScore value='608'/>
		<totalScore value='13900'/>
	</player>

	<enemy>
		<race value='Terran'/>
		<unitScore value='6175'/>
		<killScore value='8950'/>
		<buildingScore value='2300'/>
		<razingScore value='6000'/>
		<mineralScore value='8434'/>
		<gasScore value='2856'/>
		<totalScore value='34715'/>
	</enemy>

	<scoreRatio value='0.400403'/>
	<timeFitness value='0.156528'/>
	<unitsAverage value='25'/>
</results>
