<results>
	<result value='loss'/>
	<start value='2015-07-12.20:03:57'/>
	<end value='2015-07-12.20:05:03'/>
	<frames value='53601'/>
	<gameDuration value='3350'/>

	<player>
		<unitScore value='19550'/>
		<killScore value='13100'/>
		<buildingScore value='4025'/>
		<razingScore value='0'/>
		<mineralScore value='28734'/>
		<gasScore value='2408'/>
		<totalScore value='67817'/>
	</player>

	<enemy>
		<race value='Terran'/>
		<unitScore value='24850'/>
		<killScore value='38500'/>
		<buildingScore value='4400'/>
		<razingScore value='12075'/>
		<mineralScore value='19542'/>
		<gasScore value='11776'/>
		<totalScore value='111143'/>
	</enemy>

	<scoreRatio value='0.610178'/>
	<timeFitness value='0.465278'/>
	<unitsAverage value='56'/>
</results>
