<results>
	<result value='win'/>
	<start value='2015-04-11.21:14:50'/>
	<end value='2015-04-11.21:15:43'/>
	<frames value='32924'/>
	<gameDuration value='2057'/>

	<player>
		<unitScore value='15500'/>
		<killScore value='19200'/>
		<buildingScore value='3225'/>
		<razingScore value='19125'/>
		<mineralScore value='21650'/>
		<gasScore value='3144'/>
		<totalScore value='81844'/>
	</player>

	<enemy>
		<race value='Protoss'/>
		<unitScore value='9600'/>
		<unitScore value='9600'/>
		<killScore value='11600'/>
		<buildingScore value='6375'/>
		<razingScore value='2025'/>
		<mineralScore value='15962'/>
		<gasScore value='3192'/>
		<totalScore value='48754'/>
	</enemy>

	<scoreRatio value='1.67871'/>
</results>
