<results>
	<result value='loss'/>
	<start value='2015-04-28.22:16:46'/>
	<end value='2015-04-28.22:16:55'/>
	<frames value='14417'/>
	<gameDuration value='901'/>

	<player>
		<unitScore value='2425'/>
		<killScore value='400'/>
		<buildingScore value='1625'/>
		<razingScore value='0'/>
		<mineralScore value='4162'/>
		<gasScore value='768'/>
		<totalScore value='9380'/>
	</player>

	<enemy>
		<race value='Protoss'/>
		<unitScore value='3550'/>
		<unitScore value='3550'/>
		<killScore value='4850'/>
		<buildingScore value='2475'/>
		<razingScore value='4875'/>
		<mineralScore value='7538'/>
		<gasScore value='1288'/>
		<totalScore value='24576'/>
	</enemy>

	<scoreRatio value='0.381673'/>
</results>
