<results>
	<result value='loss'/>
	<start value='2015-04-28.22:19:10'/>
	<end value='2015-04-28.22:19:17'/>
	<frames value='12619'/>
	<gameDuration value='788'/>

	<player>
		<unitScore value='1750'/>
		<killScore value='0'/>
		<buildingScore value='1200'/>
		<razingScore value='0'/>
		<mineralScore value='2874'/>
		<gasScore value='0'/>
		<totalScore value='5824'/>
	</player>

	<enemy>
		<race value='Protoss'/>
		<unitScore value='3250'/>
		<unitScore value='3250'/>
		<killScore value='3500'/>
		<buildingScore value='1975'/>
		<razingScore value='3600'/>
		<mineralScore value='6162'/>
		<gasScore value='1088'/>
		<totalScore value='19575'/>
	</enemy>

	<scoreRatio value='0.297522'/>
</results>
