<results>
	<result value='win'/>
	<start value='2015-05-03.01:21:54'/>
	<end value='2015-05-03.01:22:27'/>
	<frames value='29483'/>
	<gameDuration value='1842'/>

	<player>
		<unitScore value='15725'/>
		<killScore value='21330'/>
		<buildingScore value='4350'/>
		<razingScore value='5610'/>
		<mineralScore value='20786'/>
		<gasScore value='2720'/>
		<totalScore value='70521'/>
	</player>

	<enemy>
		<race value='Zerg'/>
		<unitScore value='9875'/>
		<unitScore value='9875'/>
		<killScore value='13100'/>
		<buildingScore value='1870'/>
		<razingScore value='0'/>
		<mineralScore value='9066'/>
		<gasScore value='2576'/>
		<totalScore value='36487'/>
	</enemy>

	<scoreRatio value='1.93277'/>
	<timeFitness value='0.744167'/>
	<unitsAverage value='85'/>
</results>
