<results>
	<result value='draw'/>
	<start value='2015-07-14.23:33:00'/>
	<end value='2015-07-14.23:34:24'/>
	<frames value='57601'/>
	<gameDuration value='3600'/>

	<player>
		<unitScore value='35400'/>
		<killScore value='31200'/>
		<buildingScore value='3200'/>
		<razingScore value='3300'/>
		<mineralScore value='29054'/>
		<gasScore value='5592'/>
		<totalScore value='107746'/>
	</player>

	<enemy>
		<race value='Protoss'/>
		<unitScore value='35090'/>
		<killScore value='52700'/>
		<buildingScore value='8375'/>
		<razingScore value='2625'/>
		<mineralScore value='33598'/>
		<gasScore value='13892'/>
		<totalScore value='146280'/>
	</enemy>

	<scoreRatio value='0.736574'/>
	<timeFitness value='0.5'/>
	<unitsAverage value='121'/>
</results>
