<results>
	<result value='loss'/>
	<start value='2015-07-14.23:38:08'/>
	<end value='2015-07-14.23:38:18'/>
	<frames value='19036'/>
	<gameDuration value='1189'/>

	<player>
		<unitScore value='7850'/>
		<killScore value='200'/>
		<buildingScore value='2375'/>
		<razingScore value='0'/>
		<mineralScore value='8898'/>
		<gasScore value='1520'/>
		<totalScore value='20843'/>
	</player>

	<enemy>
		<race value='Protoss'/>
		<unitScore value='6225'/>
		<killScore value='15600'/>
		<buildingScore value='4275'/>
		<razingScore value='7125'/>
		<mineralScore value='10034'/>
		<gasScore value='2952'/>
		<totalScore value='46211'/>
	</enemy>

	<scoreRatio value='0.45104'/>
	<timeFitness value='0.165139'/>
	<unitsAverage value='37'/>
</results>
