<results>
	<result value='draw'/>
	<start value='2015-07-14.23:46:20'/>
	<end value='2015-07-14.23:47:32'/>
	<frames value='57601'/>
	<gameDuration value='3600'/>

	<player>
		<unitScore value='34200'/>
		<killScore value='22650'/>
		<buildingScore value='4650'/>
		<razingScore value='1350'/>
		<mineralScore value='33414'/>
		<gasScore value='4216'/>
		<totalScore value='100480'/>
	</player>

	<enemy>
		<race value='Protoss'/>
		<unitScore value='20175'/>
		<killScore value='60950'/>
		<buildingScore value='5525'/>
		<razingScore value='10200'/>
		<mineralScore value='19550'/>
		<gasScore value='11506'/>
		<totalScore value='127906'/>
	</enemy>

	<scoreRatio value='0.785577'/>
	<timeFitness value='0.5'/>
	<unitsAverage value='105'/>
</results>
