<results>
	<result value='loss'/>
	<start value='2015-07-14.06:02:54'/>
	<end value='2015-07-14.06:03:36'/>
	<frames value='46750'/>
	<gameDuration value='2921'/>

	<player>
		<unitScore value='35950'/>
		<killScore value='26750'/>
		<buildingScore value='3300'/>
		<razingScore value='2250'/>
		<mineralScore value='28470'/>
		<gasScore value='6336'/>
		<totalScore value='103056'/>
	</player>

	<enemy>
		<race value='Protoss'/>
		<unitScore value='29775'/>
		<killScore value='71900'/>
		<buildingScore value='7725'/>
		<razingScore value='9900'/>
		<mineralScore value='27526'/>
		<gasScore value='9622'/>
		<totalScore value='156448'/>
	</enemy>

	<scoreRatio value='0.658724'/>
	<timeFitness value='0.405694'/>
	<unitsAverage value='80'/>
</results>
