<results>
	<result value='draw'/>
	<start value='2015-07-14.06:09:25'/>
	<end value='2015-07-14.06:11:13'/>
	<frames value='57601'/>
	<gameDuration value='3600'/>

	<player>
		<unitScore value='40525'/>
		<killScore value='19800'/>
		<buildingScore value='3575'/>
		<razingScore value='2700'/>
		<mineralScore value='31566'/>
		<gasScore value='7128'/>
		<totalScore value='105294'/>
	</player>

	<enemy>
		<race value='Protoss'/>
		<unitScore value='20800'/>
		<killScore value='64350'/>
		<buildingScore value='5125'/>
		<razingScore value='3750'/>
		<mineralScore value='31414'/>
		<gasScore value='11420'/>
		<totalScore value='136859'/>
	</enemy>

	<scoreRatio value='0.769361'/>
	<timeFitness value='0.5'/>
	<unitsAverage value='133'/>
</results>
