<results>
	<result value='win'/>
	<start value='2014-07-24.00:01:36'/>
	<end value='2014-07-24.00:02:07'/>
	<frames value='27499'/>
	<gameDuration value='1718'/>

	<player>
		<unitScore value='18375'/>
		<killScore value='29970'/>
		<buildingScore value='3625'/>
		<razingScore value='5940'/>
		<mineralScore value='30382'/>
		<gasScore value='2848'/>
		<totalScore value='91140'/>
	</player>

	<enemy>
		<race value='Zerg'/>
		<unitScore value='12375'/>
		<unitScore value='12375'/>
		<killScore value='14050'/>
		<buildingScore value='1980'/>
		<razingScore value='0'/>
		<mineralScore value='11574'/>
		<gasScore value='3256'/>
		<totalScore value='43235'/>
	</enemy>

	<scoreRatio value='2.10801'/>
</results>
