<results>
	<result value='win'/>
	<start value='2014-07-24.00:02:29'/>
	<end value='2014-07-24.00:02:51'/>
	<frames value='24771'/>
	<gameDuration value='1548'/>

	<player>
		<unitScore value='15125'/>
		<killScore value='23360'/>
		<buildingScore value='4025'/>
		<razingScore value='5115'/>
		<mineralScore value='22970'/>
		<gasScore value='1648'/>
		<totalScore value='72243'/>
	</player>

	<enemy>
		<race value='Zerg'/>
		<unitScore value='10800'/>
		<unitScore value='10800'/>
		<killScore value='10600'/>
		<buildingScore value='1705'/>
		<razingScore value='0'/>
		<mineralScore value='10274'/>
		<gasScore value='3080'/>
		<totalScore value='36459'/>
	</enemy>

	<scoreRatio value='1.98149'/>
</results>
