<results>
	<result value='loss'/>
	<start value='2015-04-28.18:55:34'/>
	<end value='2015-04-28.18:55:45'/>
	<frames value='23872'/>
	<gameDuration value='1492'/>

	<player>
		<unitScore value='6750'/>
		<killScore value='2450'/>
		<buildingScore value='1975'/>
		<razingScore value='0'/>
		<mineralScore value='8794'/>
		<gasScore value='1424'/>
		<totalScore value='21393'/>
	</player>

	<enemy>
		<race value='Protoss'/>
		<unitScore value='7625'/>
		<unitScore value='7625'/>
		<killScore value='13500'/>
		<buildingScore value='5425'/>
		<razingScore value='5925'/>
		<mineralScore value='13266'/>
		<gasScore value='3904'/>
		<totalScore value='49645'/>
	</enemy>

	<scoreRatio value='0.43092'/>
	<timeFitness value='0.207222'/>
	<unitsAverage value='31'/>
</results>
