<results>
	<result value='loss'/>
	<start value='2015-07-12.20:58:21'/>
	<end value='2015-07-12.20:58:35'/>
	<frames value='17300'/>
	<gameDuration value='1081'/>

	<player>
		<unitScore value='4700'/>
		<killScore value='1000'/>
		<buildingScore value='2100'/>
		<razingScore value='0'/>
		<mineralScore value='6530'/>
		<gasScore value='768'/>
		<totalScore value='15098'/>
	</player>

	<enemy>
		<race value='Terran'/>
		<unitScore value='6350'/>
		<killScore value='9300'/>
		<buildingScore value='2625'/>
		<razingScore value='6300'/>
		<mineralScore value='7938'/>
		<gasScore value='2712'/>
		<totalScore value='35225'/>
	</enemy>

	<scoreRatio value='0.428616'/>
	<timeFitness value='0.150139'/>
	<unitsAverage value='27'/>
</results>
