<results>
	<result value='loss'/>
	<start value='2014-07-22.23:53:15'/>
	<end value='2014-07-22.23:53:23'/>
	<frames value='16091'/>
	<gameDuration value='1005'/>

	<player>
		<unitScore value='3625'/>
		<killScore value='400'/>
		<buildingScore value='1625'/>
		<razingScore value='0'/>
		<mineralScore value='5474'/>
		<gasScore value='728'/>
		<totalScore value='11852'/>
	</player>

	<enemy>
		<race value='Protoss'/>
		<unitScore value='3600'/>
		<unitScore value='3600'/>
		<killScore value='7250'/>
		<buildingScore value='3625'/>
		<razingScore value='4875'/>
		<mineralScore value='8506'/>
		<gasScore value='1624'/>
		<totalScore value='29480'/>
	</enemy>

	<scoreRatio value='0.402035'/>
</results>
