<results>
	<result value='win'/>
	<start value='2014-07-22.23:05:33'/>
	<end value='2014-07-22.23:06:20'/>
	<frames value='33110'/>
	<gameDuration value='2069'/>

	<player>
		<unitScore value='21850'/>
		<killScore value='20360'/>
		<buildingScore value='4175'/>
		<razingScore value='9945'/>
		<mineralScore value='28726'/>
		<gasScore value='2768'/>
		<totalScore value='87824'/>
	</player>

	<enemy>
		<race value='Zerg'/>
		<unitScore value='10300'/>
		<unitScore value='10300'/>
		<killScore value='16000'/>
		<buildingScore value='3315'/>
		<razingScore value='150'/>
		<mineralScore value='11886'/>
		<gasScore value='3704'/>
		<totalScore value='45355'/>
	</enemy>

	<scoreRatio value='1.93637'/>
</results>
