<results>
	<result value='win'/>
	<start value='2014-07-06.05:20:13'/>
	<end value='2014-07-06.05:20:42'/>
	<frames value='30785'/>
	<gameDuration value='1924'/>

	<player>
		<unitScore value='19525'/>
		<killScore value='15600'/>
		<buildingScore value='4400'/>
		<razingScore value='20025'/>
		<mineralScore value='24594'/>
		<gasScore value='2760'/>
		<totalScore value='86904'/>
	</player>

	<enemy>
		<race value='Protoss'/>
		<unitScore value='7800'/>
		<unitScore value='7800'/>
		<killScore value='16050'/>
		<buildingScore value='6675'/>
		<razingScore value='150'/>
		<mineralScore value='14354'/>
		<gasScore value='3856'/>
		<totalScore value='48885'/>
	</enemy>

	<scoreRatio value='1.77772'/>
</results>
