<results>
	<result value='loss'/>
	<start value='2014-07-06.05:20:56'/>
	<end value='2014-07-06.05:21:04'/>
	<frames value='16339'/>
	<gameDuration value='1021'/>

	<player>
		<unitScore value='3825'/>
		<killScore value='200'/>
		<buildingScore value='1525'/>
		<razingScore value='0'/>
		<mineralScore value='5634'/>
		<gasScore value='496'/>
		<totalScore value='11680'/>
	</player>

	<enemy>
		<race value='Protoss'/>
		<unitScore value='3600'/>
		<unitScore value='3600'/>
		<killScore value='7400'/>
		<buildingScore value='3975'/>
		<razingScore value='4575'/>
		<mineralScore value='8546'/>
		<gasScore value='1632'/>
		<totalScore value='29728'/>
	</enemy>

	<scoreRatio value='0.392896'/>
</results>
