<results>
	<result value='win'/>
	<start value='2015-05-04.20:51:15'/>
	<end value='2015-05-04.20:51:54'/>
	<frames value='40736'/>
	<gameDuration value='2546'/>

	<player>
		<unitScore value='21175'/>
		<killScore value='35900'/>
		<buildingScore value='4950'/>
		<razingScore value='13125'/>
		<mineralScore value='33706'/>
		<gasScore value='3726'/>
		<totalScore value='112582'/>
	</player>

	<enemy>
		<race value='Terran'/>
		<unitScore value='18400'/>
		<unitScore value='18400'/>
		<killScore value='19750'/>
		<buildingScore value='4475'/>
		<razingScore value='2025'/>
		<mineralScore value='16266'/>
		<gasScore value='8118'/>
		<totalScore value='69034'/>
	</enemy>

	<scoreRatio value='1.63082'/>
	<timeFitness value='0.646389'/>
	<unitsAverage value='118'/>
</results>
