<results>
	<result value='win'/>
	<start value='2015-05-04.21:02:28'/>
	<end value='2015-05-04.21:02:51'/>
	<frames value='33265'/>
	<gameDuration value='2079'/>

	<player>
		<unitScore value='17225'/>
		<killScore value='31500'/>
		<buildingScore value='3900'/>
		<razingScore value='11250'/>
		<mineralScore value='23434'/>
		<gasScore value='3488'/>
		<totalScore value='90797'/>
	</player>

	<enemy>
		<race value='Terran'/>
		<unitScore value='19725'/>
		<unitScore value='19725'/>
		<killScore value='15100'/>
		<buildingScore value='3750'/>
		<razingScore value='375'/>
		<mineralScore value='15654'/>
		<gasScore value='7588'/>
		<totalScore value='62192'/>
	</enemy>

	<scoreRatio value='1.45995'/>
	<timeFitness value='0.71125'/>
	<unitsAverage value='81'/>
</results>
