<results>
	<result value='win'/>
	<start value='2015-05-10.12:08:38'/>
	<end value='2015-05-10.12:10:11'/>
	<frames value='53198'/>
	<gameDuration value='3324'/>

	<player>
		<unitScore value='26500'/>
		<killScore value='41810'/>
		<buildingScore value='5025'/>
		<razingScore value='10380'/>
		<mineralScore value='30922'/>
		<gasScore value='6176'/>
		<totalScore value='120813'/>
	</player>

	<enemy>
		<race value='Zerg'/>
		<unitScore value='19875'/>
		<unitScore value='19875'/>
		<killScore value='31150'/>
		<buildingScore value='3460'/>
		<razingScore value='2700'/>
		<mineralScore value='19274'/>
		<gasScore value='6746'/>
		<totalScore value='83205'/>
	</enemy>

	<scoreRatio value='1.45199'/>
	<timeFitness value='0.538333'/>
	<unitsAverage value='110'/>
</results>
