<results>
	<result value='draw'/>
	<start value='2015-05-03.10:40:09'/>
	<end value='2015-05-03.10:41:31'/>
	<frames value='57601'/>
	<gameDuration value='3600'/>

	<player>
		<unitScore value='27900'/>
		<killScore value='49190'/>
		<buildingScore value='5025'/>
		<razingScore value='10665'/>
		<mineralScore value='38046'/>
		<gasScore value='5408'/>
		<totalScore value='136234'/>
	</player>

	<enemy>
		<race value='Zerg'/>
		<unitScore value='24100'/>
		<unitScore value='24100'/>
		<killScore value='29850'/>
		<buildingScore value='4015'/>
		<razingScore value='3225'/>
		<mineralScore value='22378'/>
		<gasScore value='8106'/>
		<totalScore value='91674'/>
	</enemy>

	<scoreRatio value='1.48607'/>
	<timeFitness value='0.5'/>
	<unitsAverage value='121'/>
</results>
