<results>
	<result value='win'/>
	<start value='2015-05-03.10:44:50'/>
	<end value='2015-05-03.10:45:06'/>
	<frames value='21702'/>
	<gameDuration value='1356'/>

	<player>
		<unitScore value='12400'/>
		<killScore value='18710'/>
		<buildingScore value='2950'/>
		<razingScore value='6105'/>
		<mineralScore value='16082'/>
		<gasScore value='2056'/>
		<totalScore value='58303'/>
	</player>

	<enemy>
		<race value='Zerg'/>
		<unitScore value='8650'/>
		<unitScore value='8650'/>
		<killScore value='11200'/>
		<buildingScore value='2035'/>
		<razingScore value='150'/>
		<mineralScore value='9162'/>
		<gasScore value='2384'/>
		<totalScore value='33581'/>
	</enemy>

	<scoreRatio value='1.73619'/>
	<timeFitness value='0.811667'/>
	<unitsAverage value='67'/>
</results>
