<results>
	<result value='win'/>
	<start value='2015-05-10.12:23:27'/>
	<end value='2015-05-10.12:23:59'/>
	<frames value='23779'/>
	<gameDuration value='1486'/>

	<player>
		<unitScore value='14225'/>
		<killScore value='21335'/>
		<buildingScore value='3100'/>
		<razingScore value='6060'/>
		<mineralScore value='19774'/>
		<gasScore value='2056'/>
		<totalScore value='66550'/>
	</player>

	<enemy>
		<race value='Zerg'/>
		<unitScore value='9575'/>
		<unitScore value='9575'/>
		<killScore value='11050'/>
		<buildingScore value='2020'/>
		<razingScore value='0'/>
		<mineralScore value='9794'/>
		<gasScore value='2664'/>
		<totalScore value='35103'/>
	</enemy>

	<scoreRatio value='1.89585'/>
	<timeFitness value='0.793611'/>
	<unitsAverage value='81'/>
</results>
