<results>
	<result value='win'/>
	<start value='2015-04-30.19:10:59'/>
	<end value='2015-04-30.19:11:27'/>
	<frames value='26011'/>
	<gameDuration value='1625'/>

	<player>
		<unitScore value='11075'/>
		<killScore value='10500'/>
		<buildingScore value='3400'/>
		<razingScore value='9675'/>
		<mineralScore value='16522'/>
		<gasScore value='1928'/>
		<totalScore value='53100'/>
	</player>

	<enemy>
		<race value='Protoss'/>
		<unitScore value='5300'/>
		<unitScore value='5300'/>
		<killScore value='6900'/>
		<buildingScore value='3225'/>
		<razingScore value='1200'/>
		<mineralScore value='8754'/>
		<gasScore value='1728'/>
		<totalScore value='27107'/>
	</enemy>

	<scoreRatio value='1.9589'/>
</results>
