<results>
	<result value='loss'/>
	<start value='2015-04-30.19:13:41'/>
	<end value='2015-04-30.19:13:51'/>
	<frames value='15316'/>
	<gameDuration value='957'/>

	<player>
		<unitScore value='3150'/>
		<killScore value='400'/>
		<buildingScore value='1575'/>
		<razingScore value='0'/>
		<mineralScore value='5066'/>
		<gasScore value='672'/>
		<totalScore value='10863'/>
	</player>

	<enemy>
		<race value='Protoss'/>
		<unitScore value='3800'/>
		<unitScore value='3800'/>
		<killScore value='6200'/>
		<buildingScore value='2825'/>
		<razingScore value='4725'/>
		<mineralScore value='8266'/>
		<gasScore value='1336'/>
		<totalScore value='27152'/>
	</enemy>

	<scoreRatio value='0.400081'/>
</results>
