<results>
	<result value='win'/>
	<start value='2015-04-30.19:19:18'/>
	<end value='2015-04-30.19:19:51'/>
	<frames value='27716'/>
	<gameDuration value='1732'/>

	<player>
		<unitScore value='13750'/>
		<killScore value='14800'/>
		<buildingScore value='2725'/>
		<razingScore value='21075'/>
		<mineralScore value='19074'/>
		<gasScore value='2632'/>
		<totalScore value='74056'/>
	</player>

	<enemy>
		<race value='Protoss'/>
		<unitScore value='7400'/>
		<unitScore value='7400'/>
		<killScore value='12850'/>
		<buildingScore value='7025'/>
		<razingScore value='1200'/>
		<mineralScore value='16634'/>
		<gasScore value='4072'/>
		<totalScore value='49181'/>
	</enemy>

	<scoreRatio value='1.50578'/>
</results>
