<results>
	<result value='win'/>
	<start value='2015-05-03.16:01:56'/>
	<end value='2015-05-03.16:02:39'/>
	<frames value='31250'/>
	<gameDuration value='1953'/>

	<player>
		<unitScore value='17650'/>
		<killScore value='20135'/>
		<buildingScore value='4550'/>
		<razingScore value='4635'/>
		<mineralScore value='33830'/>
		<gasScore value='3032'/>
		<totalScore value='83832'/>
	</player>

	<enemy>
		<race value='Zerg'/>
		<unitScore value='9400'/>
		<unitScore value='9400'/>
		<killScore value='10650'/>
		<buildingScore value='1545'/>
		<razingScore value='0'/>
		<mineralScore value='9282'/>
		<gasScore value='2688'/>
		<totalScore value='33565'/>
	</enemy>

	<scoreRatio value='2.4976'/>
	<timeFitness value='0.72875'/>
	<unitsAverage value='119'/>
</results>
