<results>
	<result value='win'/>
	<start value='2015-05-17.01:16:38'/>
	<end value='2015-05-17.01:17:30'/>
	<frames value='37605'/>
	<gameDuration value='2350'/>

	<player>
		<unitScore value='20400'/>
		<killScore value='38510'/>
		<buildingScore value='4125'/>
		<razingScore value='9570'/>
		<mineralScore value='25714'/>
		<gasScore value='2704'/>
		<totalScore value='101023'/>
	</player>

	<enemy>
		<race value='Zerg'/>
		<unitScore value='17825'/>
		<unitScore value='17825'/>
		<killScore value='22300'/>
		<buildingScore value='3190'/>
		<razingScore value='2250'/>
		<mineralScore value='16698'/>
		<gasScore value='4536'/>
		<totalScore value='66799'/>
	</enemy>

	<scoreRatio value='1.51234'/>
	<timeFitness value='0.673611'/>
	<unitsAverage value='80'/>
</results>
