<results>
	<result value='win'/>
	<start value='2015-05-17.01:24:03'/>
	<end value='2015-05-17.01:24:38'/>
	<frames value='24027'/>
	<gameDuration value='1501'/>

	<player>
		<unitScore value='15350'/>
		<killScore value='25440'/>
		<buildingScore value='4250'/>
		<razingScore value='3660'/>
		<mineralScore value='22390'/>
		<gasScore value='2320'/>
		<totalScore value='73410'/>
	</player>

	<enemy>
		<race value='Zerg'/>
		<unitScore value='11000'/>
		<unitScore value='11000'/>
		<killScore value='9800'/>
		<buildingScore value='1220'/>
		<razingScore value='0'/>
		<mineralScore value='9722'/>
		<gasScore value='2960'/>
		<totalScore value='34702'/>
	</enemy>

	<scoreRatio value='2.11544'/>
	<timeFitness value='0.791528'/>
	<unitsAverage value='88'/>
</results>
