<results>
	<result value='loss'/>
	<start value='2015-04-09.04:58:12'/>
	<end value='2015-04-09.04:58:32'/>
	<frames value='33978'/>
	<gameDuration value='2123'/>

	<player>
		<unitScore value='9825'/>
		<killScore value='8000'/>
		<buildingScore value='2250'/>
		<razingScore value='0'/>
		<mineralScore value='12022'/>
		<gasScore value='2480'/>
		<totalScore value='34577'/>
	</player>

	<enemy>
		<race value='Protoss'/>
		<unitScore value='19750'/>
		<unitScore value='19750'/>
		<killScore value='19750'/>
		<buildingScore value='6925'/>
		<razingScore value='6750'/>
		<mineralScore value='22050'/>
		<gasScore value='8712'/>
		<totalScore value='83937'/>
	</enemy>

	<scoreRatio value='0.41194'/>
</results>
