<results>
	<result value='loss'/>
	<start value='2015-07-19.04:48:49'/>
	<end value='2015-07-19.04:49:12'/>
	<frames value='19780'/>
	<gameDuration value='1236'/>

	<player>
		<unitScore value='6550'/>
		<killScore value='1450'/>
		<buildingScore value='1575'/>
		<razingScore value='0'/>
		<mineralScore value='7114'/>
		<gasScore value='816'/>
		<totalScore value='17505'/>
	</player>

	<enemy>
		<race value='Zerg'/>
		<unitScore value='7850'/>
		<killScore value='7550'/>
		<buildingScore value='2115'/>
		<razingScore value='4725'/>
		<mineralScore value='8834'/>
		<gasScore value='2864'/>
		<totalScore value='33938'/>
	</enemy>

	<scoreRatio value='0.515794'/>
	<timeFitness value='0.171667'/>
	<unitsAverage value='38'/>
</results>
