<results>
	<result value='loss'/>
	<start value='2015-04-10.19:52:41'/>
	<end value='2015-04-10.19:53:22'/>
	<frames value='45851'/>
	<gameDuration value='2865'/>

	<player>
		<unitScore value='20700'/>
		<killScore value='33300'/>
		<buildingScore value='2825'/>
		<razingScore value='2025'/>
		<mineralScore value='22902'/>
		<gasScore value='4616'/>
		<totalScore value='86368'/>
	</player>

	<enemy>
		<race value='Protoss'/>
		<unitScore value='30300'/>
		<unitScore value='30300'/>
		<killScore value='41400'/>
		<buildingScore value='8100'/>
		<razingScore value='8475'/>
		<mineralScore value='32502'/>
		<gasScore value='9642'/>
		<totalScore value='130419'/>
	</enemy>

	<scoreRatio value='0.662235'/>
</results>
