<results>
	<result value='loss'/>
	<start value='2015-04-10.19:54:09'/>
	<end value='2015-04-10.19:54:46'/>
	<frames value='44611'/>
	<gameDuration value='2788'/>

	<player>
		<unitScore value='16275'/>
		<killScore value='29200'/>
		<buildingScore value='2625'/>
		<razingScore value='0'/>
		<mineralScore value='18374'/>
		<gasScore value='4056'/>
		<totalScore value='70530'/>
	</player>

	<enemy>
		<race value='Protoss'/>
		<unitScore value='31250'/>
		<unitScore value='31250'/>
		<killScore value='32550'/>
		<buildingScore value='7525'/>
		<razingScore value='7875'/>
		<mineralScore value='32974'/>
		<gasScore value='10548'/>
		<totalScore value='122722'/>
	</enemy>

	<scoreRatio value='0.574714'/>
</results>
