<results>
	<result value='draw'/>
	<start value='2014-07-04.03:20:19'/>
	<end value='2014-07-04.03:21:22'/>
	<frames value='57601'/>
	<gameDuration value='3600'/>

	<player>
		<unitScore value='30225'/>
		<killScore value='58800'/>
		<buildingScore value='3350'/>
		<razingScore value='0'/>
		<mineralScore value='31446'/>
		<gasScore value='9266'/>
		<totalScore value='133087'/>
	</player>

	<enemy>
		<race value='Protoss'/>
		<unitScore value='41275'/>
		<unitScore value='41275'/>
		<killScore value='50800'/>
		<buildingScore value='5975'/>
		<razingScore value='1800'/>
		<mineralScore value='31550'/>
		<gasScore value='11774'/>
		<totalScore value='143174'/>
	</enemy>

	<scoreRatio value='0.929547'/>
</results>
