<results>
	<result value='loss'/>
	<start value='2014-07-04.03:21:24'/>
	<end value='2014-07-04.03:22:04'/>
	<frames value='44270'/>
	<gameDuration value='2766'/>

	<player>
		<unitScore value='25000'/>
		<killScore value='30150'/>
		<buildingScore value='3475'/>
		<razingScore value='0'/>
		<mineralScore value='27078'/>
		<gasScore value='3104'/>
		<totalScore value='88807'/>
	</player>

	<enemy>
		<race value='Protoss'/>
		<unitScore value='30175'/>
		<unitScore value='30175'/>
		<killScore value='49850'/>
		<buildingScore value='6975'/>
		<razingScore value='10425'/>
		<mineralScore value='28510'/>
		<gasScore value='10710'/>
		<totalScore value='136645'/>
	</enemy>

	<scoreRatio value='0.64991'/>
</results>
