<results>
	<result value='win'/>
	<start value='2015-04-27.04:01:05'/>
	<end value='2015-04-27.04:01:23'/>
	<frames value='20803'/>
	<gameDuration value='1300'/>

	<player>
		<unitScore value='9975'/>
		<killScore value='15800'/>
		<buildingScore value='3575'/>
		<razingScore value='6525'/>
		<mineralScore value='17810'/>
		<gasScore value='1776'/>
		<totalScore value='55461'/>
	</player>

	<enemy>
		<race value='Terran'/>
		<unitScore value='7900'/>
		<unitScore value='7900'/>
		<killScore value='4550'/>
		<buildingScore value='2175'/>
		<razingScore value='0'/>
		<mineralScore value='8354'/>
		<gasScore value='2552'/>
		<totalScore value='25531'/>
	</enemy>

	<scoreRatio value='2.1723'/>
</results>
