<results>
	<result value='win'/>
	<start value='2015-04-27.04:03:10'/>
	<end value='2015-04-27.04:03:27'/>
	<frames value='21795'/>
	<gameDuration value='1362'/>

	<player>
		<unitScore value='8850'/>
		<killScore value='15250'/>
		<buildingScore value='3075'/>
		<razingScore value='5250'/>
		<mineralScore value='13950'/>
		<gasScore value='1960'/>
		<totalScore value='48335'/>
	</player>

	<enemy>
		<race value='Terran'/>
		<unitScore value='7625'/>
		<unitScore value='7625'/>
		<killScore value='6150'/>
		<buildingScore value='1750'/>
		<razingScore value='1575'/>
		<mineralScore value='9162'/>
		<gasScore value='3184'/>
		<totalScore value='29446'/>
	</enemy>

	<scoreRatio value='1.64148'/>
</results>
