<results>
	<result value='loss'/>
	<start value='2015-04-29.15:16:53'/>
	<end value='2015-04-29.15:16:56'/>
	<frames value='9054'/>
	<gameDuration value='565'/>

	<player>
		<unitScore value='1100'/>
		<killScore value='100'/>
		<buildingScore value='700'/>
		<razingScore value='0'/>
		<mineralScore value='1786'/>
		<gasScore value='136'/>
		<totalScore value='3822'/>
	</player>

	<enemy>
		<race value='Zerg'/>
		<unitScore value='1600'/>
		<unitScore value='1600'/>
		<killScore value='2100'/>
		<buildingScore value='980'/>
		<razingScore value='2100'/>
		<mineralScore value='2730'/>
		<gasScore value='208'/>
		<totalScore value='9718'/>
	</enemy>

	<scoreRatio value='0.393291'/>
</results>
