<results>
	<result value='win'/>
	<start value='2015-04-29.15:30:02'/>
	<end value='2015-04-29.15:30:23'/>
	<frames value='23748'/>
	<gameDuration value='1484'/>

	<player>
		<unitScore value='13775'/>
		<killScore value='19910'/>
		<buildingScore value='4225'/>
		<razingScore value='5580'/>
		<mineralScore value='18826'/>
		<gasScore value='1344'/>
		<totalScore value='63660'/>
	</player>

	<enemy>
		<race value='Zerg'/>
		<unitScore value='9400'/>
		<unitScore value='9400'/>
		<killScore value='9550'/>
		<buildingScore value='1860'/>
		<razingScore value='0'/>
		<mineralScore value='9274'/>
		<gasScore value='3104'/>
		<totalScore value='33188'/>
	</enemy>

	<scoreRatio value='1.91816'/>
</results>
