<results>
	<result value='loss'/>
	<start value='2015-04-27.19:51:21'/>
	<end value='2015-04-27.19:51:26'/>
	<frames value='14417'/>
	<gameDuration value='901'/>

	<player>
		<unitScore value='2200'/>
		<killScore value='300'/>
		<buildingScore value='925'/>
		<razingScore value='0'/>
		<mineralScore value='3122'/>
		<gasScore value='464'/>
		<totalScore value='7011'/>
	</player>

	<enemy>
		<race value='Terran'/>
		<unitScore value='4350'/>
		<unitScore value='4350'/>
		<killScore value='4400'/>
		<buildingScore value='1450'/>
		<razingScore value='2775'/>
		<mineralScore value='6586'/>
		<gasScore value='2000'/>
		<totalScore value='21561'/>
	</enemy>

	<scoreRatio value='0.32517'/>
</results>
