<results>
	<result value='win'/>
	<start value='2015-04-27.19:54:32'/>
	<end value='2015-04-27.19:54:48'/>
	<frames value='24492'/>
	<gameDuration value='1530'/>

	<player>
		<unitScore value='18050'/>
		<killScore value='21700'/>
		<buildingScore value='3575'/>
		<razingScore value='7200'/>
		<mineralScore value='23506'/>
		<gasScore value='1992'/>
		<totalScore value='76023'/>
	</player>

	<enemy>
		<race value='Terran'/>
		<unitScore value='10850'/>
		<unitScore value='10850'/>
		<killScore value='16100'/>
		<buildingScore value='2400'/>
		<razingScore value='0'/>
		<mineralScore value='10662'/>
		<gasScore value='3528'/>
		<totalScore value='43540'/>
	</enemy>

	<scoreRatio value='1.74605'/>
</results>
