<results>
	<result value='loss'/>
	<start value='2015-04-27.20:00:50'/>
	<end value='2015-04-27.20:00:58'/>
	<frames value='18602'/>
	<gameDuration value='1162'/>

	<player>
		<unitScore value='5000'/>
		<killScore value='1100'/>
		<buildingScore value='1850'/>
		<razingScore value='0'/>
		<mineralScore value='6922'/>
		<gasScore value='80'/>
		<totalScore value='14952'/>
	</player>

	<enemy>
		<race value='Terran'/>
		<unitScore value='6750'/>
		<unitScore value='6750'/>
		<killScore value='10000'/>
		<buildingScore value='2800'/>
		<razingScore value='5550'/>
		<mineralScore value='8634'/>
		<gasScore value='2768'/>
		<totalScore value='36502'/>
	</enemy>

	<scoreRatio value='0.409621'/>
</results>
