<results>
	<result value='win'/>
	<start value='2015-04-27.20:01:00'/>
	<end value='2015-04-27.20:01:43'/>
	<frames value='38783'/>
	<gameDuration value='2423'/>

	<player>
		<unitScore value='19850'/>
		<killScore value='34300'/>
		<buildingScore value='5375'/>
		<razingScore value='12825'/>
		<mineralScore value='35478'/>
		<gasScore value='3968'/>
		<totalScore value='111796'/>
	</player>

	<enemy>
		<race value='Terran'/>
		<unitScore value='17950'/>
		<unitScore value='17950'/>
		<killScore value='15200'/>
		<buildingScore value='4275'/>
		<razingScore value='2025'/>
		<mineralScore value='14786'/>
		<gasScore value='7028'/>
		<totalScore value='61264'/>
	</enemy>

	<scoreRatio value='1.82482'/>
</results>
