<results>
	<result value='draw'/>
	<start value='2015-04-09.14:33:30'/>
	<end value='2015-04-09.14:34:34'/>
	<frames value='57601'/>
	<gameDuration value='3600'/>

	<player>
		<unitScore value='29575'/>
		<killScore value='64750'/>
		<buildingScore value='2925'/>
		<razingScore value='9600'/>
		<mineralScore value='31730'/>
		<gasScore value='8154'/>
		<totalScore value='146734'/>
	</player>

	<enemy>
		<race value='Protoss'/>
		<unitScore value='39800'/>
		<unitScore value='39800'/>
		<killScore value='52450'/>
		<buildingScore value='8175'/>
		<razingScore value='0'/>
		<mineralScore value='31310'/>
		<gasScore value='11724'/>
		<totalScore value='143459'/>
	</enemy>

	<scoreRatio value='1.02283'/>
</results>
