<results>
	<result value='win'/>
	<start value='2015-03-31.11:47:00'/>
	<end value='2015-03-31.11:47:34'/>
	<frames value='31033'/>
	<gameDuration value='1939'/>

	<player>
		<unitScore value='20025'/>
		<killScore value='17000'/>
		<buildingScore value='3700'/>
		<razingScore value='19425'/>
		<mineralScore value='24454'/>
		<gasScore value='2336'/>
		<totalScore value='86940'/>
	</player>

	<enemy>
		<race value='Protoss'/>
		<unitScore value='8550'/>
		<unitScore value='8550'/>
		<killScore value='17700'/>
		<buildingScore value='6475'/>
		<razingScore value='150'/>
		<mineralScore value='15554'/>
		<gasScore value='4456'/>
		<totalScore value='52885'/>
	</enemy>

	<scoreRatio value='1.64394'/>
</results>
