<results>
	<result value='win'/>
	<start value='2015-05-08.20:36:46'/>
	<end value='2015-05-08.20:37:27'/>
	<frames value='30010'/>
	<gameDuration value='1875'/>

	<player>
		<unitScore value='16325'/>
		<killScore value='27545'/>
		<buildingScore value='3300'/>
		<razingScore value='8670'/>
		<mineralScore value='21522'/>
		<gasScore value='3360'/>
		<totalScore value='80722'/>
	</player>

	<enemy>
		<race value='Zerg'/>
		<unitScore value='13025'/>
		<unitScore value='13025'/>
		<killScore value='18150'/>
		<buildingScore value='2890'/>
		<razingScore value='1875'/>
		<mineralScore value='14546'/>
		<gasScore value='4432'/>
		<totalScore value='54918'/>
	</enemy>

	<scoreRatio value='1.46986'/>
	<timeFitness value='0.739583'/>
	<unitsAverage value='74'/>
</results>
