<results>
	<result value='win'/>
	<start value='2015-05-08.20:52:50'/>
	<end value='2015-05-08.20:53:23'/>
	<frames value='26724'/>
	<gameDuration value='1670'/>

	<player>
		<unitScore value='15675'/>
		<killScore value='23750'/>
		<buildingScore value='3900'/>
		<razingScore value='7695'/>
		<mineralScore value='24042'/>
		<gasScore value='3064'/>
		<totalScore value='78126'/>
	</player>

	<enemy>
		<race value='Zerg'/>
		<unitScore value='10525'/>
		<unitScore value='10525'/>
		<killScore value='12900'/>
		<buildingScore value='2565'/>
		<razingScore value='0'/>
		<mineralScore value='11186'/>
		<gasScore value='3544'/>
		<totalScore value='40720'/>
	</enemy>

	<scoreRatio value='1.91861'/>
	<timeFitness value='0.768056'/>
	<unitsAverage value='83'/>
</results>
