<results>
	<result value='win'/>
	<start value='2015-05-08.21:11:58'/>
	<end value='2015-05-08.21:12:37'/>
	<frames value='32490'/>
	<gameDuration value='2030'/>

	<player>
		<unitScore value='15625'/>
		<killScore value='22360'/>
		<buildingScore value='4275'/>
		<razingScore value='7635'/>
		<mineralScore value='20962'/>
		<gasScore value='3872'/>
		<totalScore value='74729'/>
	</player>

	<enemy>
		<race value='Zerg'/>
		<unitScore value='10600'/>
		<unitScore value='10600'/>
		<killScore value='16900'/>
		<buildingScore value='2545'/>
		<razingScore value='4350'/>
		<mineralScore value='11138'/>
		<gasScore value='3552'/>
		<totalScore value='49085'/>
	</enemy>

	<scoreRatio value='1.52244'/>
	<timeFitness value='0.718056'/>
	<unitsAverage value='71'/>
</results>
