<results>
	<result value='win'/>
	<start value='2015-05-08.21:18:20'/>
	<end value='2015-05-08.21:18:57'/>
	<frames value='36272'/>
	<gameDuration value='2267'/>

	<player>
		<unitScore value='20075'/>
		<killScore value='33010'/>
		<buildingScore value='3200'/>
		<razingScore value='5895'/>
		<mineralScore value='23666'/>
		<gasScore value='4192'/>
		<totalScore value='90038'/>
	</player>

	<enemy>
		<race value='Zerg'/>
		<unitScore value='14475'/>
		<unitScore value='14475'/>
		<killScore value='21650'/>
		<buildingScore value='1965'/>
		<razingScore value='0'/>
		<mineralScore value='12594'/>
		<gasScore value='4672'/>
		<totalScore value='55356'/>
	</enemy>

	<scoreRatio value='1.62653'/>
	<timeFitness value='0.685139'/>
	<unitsAverage value='89'/>
</results>
