<results>
	<result value='draw'/>
	<start value='2015-05-08.21:21:08'/>
	<end value='2015-05-08.21:22:29'/>
	<frames value='57601'/>
	<gameDuration value='3600'/>

	<player>
		<unitScore value='33400'/>
		<killScore value='55380'/>
		<buildingScore value='4800'/>
		<razingScore value='12585'/>
		<mineralScore value='37698'/>
		<gasScore value='5320'/>
		<totalScore value='149183'/>
	</player>

	<enemy>
		<race value='Zerg'/>
		<unitScore value='26475'/>
		<unitScore value='26475'/>
		<killScore value='43350'/>
		<buildingScore value='4275'/>
		<razingScore value='3825'/>
		<mineralScore value='24070'/>
		<gasScore value='8600'/>
		<totalScore value='110595'/>
	</enemy>

	<scoreRatio value='1.34891'/>
	<timeFitness value='0.5'/>
	<unitsAverage value='112'/>
</results>
