<results>
	<result value='win'/>
	<start value='2015-07-18.07:38:20'/>
	<end value='2015-07-18.07:38:59'/>
	<frames value='20834'/>
	<gameDuration value='1302'/>

	<player>
		<unitScore value='10800'/>
		<killScore value='11100'/>
		<buildingScore value='3700'/>
		<razingScore value='3975'/>
		<mineralScore value='14070'/>
		<gasScore value='2208'/>
		<totalScore value='45853'/>
	</player>

	<enemy>
		<race value='Terran'/>
		<unitScore value='5550'/>
		<killScore value='5700'/>
		<buildingScore value='1325'/>
		<razingScore value='0'/>
		<mineralScore value='8866'/>
		<gasScore value='1384'/>
		<totalScore value='22825'/>
	</enemy>

	<scoreRatio value='2.00889'/>
	<timeFitness value='0.819167'/>
	<unitsAverage value='58'/>
</results>
