<results>
	<result value='loss'/>
	<start value='2015-04-16.23:58:31'/>
	<end value='2015-04-16.23:59:28'/>
	<frames value='43278'/>
	<gameDuration value='2704'/>

	<player>
		<unitScore value='16675'/>
		<killScore value='22650'/>
		<buildingScore value='2625'/>
		<razingScore value='750'/>
		<mineralScore value='18598'/>
		<gasScore value='3064'/>
		<totalScore value='64362'/>
	</player>

	<enemy>
		<race value='Protoss'/>
		<unitScore value='28350'/>
		<unitScore value='28350'/>
		<killScore value='33100'/>
		<buildingScore value='7175'/>
		<razingScore value='7875'/>
		<mineralScore value='31206'/>
		<gasScore value='9282'/>
		<totalScore value='116988'/>
	</enemy>

	<scoreRatio value='0.550159'/>
</results>
