<results>
	<result value='win'/>
	<start value='2015-05-11.17:48:13'/>
	<end value='2015-05-11.17:49:06'/>
	<frames value='35559'/>
	<gameDuration value='2222'/>

	<player>
		<unitScore value='25175'/>
		<killScore value='49710'/>
		<buildingScore value='4275'/>
		<razingScore value='6060'/>
		<mineralScore value='35562'/>
		<gasScore value='4344'/>
		<totalScore value='125126'/>
	</player>

	<enemy>
		<race value='Zerg'/>
		<unitScore value='21250'/>
		<unitScore value='21250'/>
		<killScore value='27350'/>
		<buildingScore value='2020'/>
		<razingScore value='0'/>
		<mineralScore value='16906'/>
		<gasScore value='5002'/>
		<totalScore value='72528'/>
	</enemy>

	<scoreRatio value='1.72521'/>
	<timeFitness value='0.691389'/>
	<unitsAverage value='122'/>
</results>
