<results>
	<result value='win'/>
	<start value='2015-05-04.15:33:12'/>
	<end value='2015-05-04.15:33:43'/>
	<frames value='26290'/>
	<gameDuration value='1643'/>

	<player>
		<unitScore value='13925'/>
		<killScore value='15360'/>
		<buildingScore value='4200'/>
		<razingScore value='7050'/>
		<mineralScore value='26490'/>
		<gasScore value='2936'/>
		<totalScore value='69961'/>
	</player>

	<enemy>
		<race value='Zerg'/>
		<unitScore value='7700'/>
		<unitScore value='7700'/>
		<killScore value='8500'/>
		<buildingScore value='2350'/>
		<razingScore value='150'/>
		<mineralScore value='8898'/>
		<gasScore value='2720'/>
		<totalScore value='30318'/>
	</enemy>

	<scoreRatio value='2.30757'/>
	<timeFitness value='0.771806'/>
	<unitsAverage value='90'/>
</results>
