<results>
	<result value='loss'/>
	<start value='2015-04-10.04:04:53'/>
	<end value='2015-04-10.04:05:00'/>
	<frames value='14510'/>
	<gameDuration value='906'/>

	<player>
		<unitScore value='3325'/>
		<killScore value='1500'/>
		<buildingScore value='1475'/>
		<razingScore value='0'/>
		<mineralScore value='4730'/>
		<gasScore value='688'/>
		<totalScore value='11718'/>
	</player>

	<enemy>
		<race value='Protoss'/>
		<unitScore value='3550'/>
		<unitScore value='3550'/>
		<killScore value='6400'/>
		<buildingScore value='2375'/>
		<razingScore value='4425'/>
		<mineralScore value='7378'/>
		<gasScore value='1208'/>
		<totalScore value='25336'/>
	</enemy>

	<scoreRatio value='0.462504'/>
</results>
