<results>
	<result value='win'/>
	<start value='2015-04-10.04:08:37'/>
	<end value='2015-04-10.04:09:15'/>
	<frames value='35311'/>
	<gameDuration value='2206'/>

	<player>
		<unitScore value='22225'/>
		<killScore value='34450'/>
		<buildingScore value='4225'/>
		<razingScore value='18600'/>
		<mineralScore value='28402'/>
		<gasScore value='3024'/>
		<totalScore value='110926'/>
	</player>

	<enemy>
		<race value='Protoss'/>
		<unitScore value='18275'/>
		<unitScore value='18275'/>
		<killScore value='21300'/>
		<buildingScore value='6200'/>
		<razingScore value='1200'/>
		<mineralScore value='18122'/>
		<gasScore value='4232'/>
		<totalScore value='69329'/>
	</enemy>

	<scoreRatio value='1.59999'/>
</results>
