<results>
	<result value='draw'/>
	<start value='2014-07-11.20:41:56'/>
	<end value='2014-07-11.20:42:45'/>
	<frames value='57601'/>
	<gameDuration value='3600'/>

	<player>
		<unitScore value='23150'/>
		<killScore value='24100'/>
		<buildingScore value='2725'/>
		<razingScore value='525'/>
		<mineralScore value='25846'/>
		<gasScore value='5052'/>
		<totalScore value='81398'/>
	</player>

	<enemy>
		<race value='Terran'/>
		<unitScore value='24650'/>
		<unitScore value='24650'/>
		<killScore value='38500'/>
		<buildingScore value='4100'/>
		<razingScore value='2100'/>
		<mineralScore value='19550'/>
		<gasScore value='11638'/>
		<totalScore value='100538'/>
	</enemy>

	<scoreRatio value='0.809624'/>
</results>
