<results>
	<result value='win'/>
	<start value='2014-07-11.20:51:52'/>
	<end value='2014-07-11.20:52:29'/>
	<frames value='31963'/>
	<gameDuration value='1997'/>

	<player>
		<unitScore value='19850'/>
		<killScore value='27550'/>
		<buildingScore value='4775'/>
		<razingScore value='8700'/>
		<mineralScore value='32250'/>
		<gasScore value='3584'/>
		<totalScore value='96709'/>
	</player>

	<enemy>
		<race value='Terran'/>
		<unitScore value='13775'/>
		<unitScore value='13775'/>
		<killScore value='14450'/>
		<buildingScore value='2900'/>
		<razingScore value='450'/>
		<mineralScore value='12050'/>
		<gasScore value='4832'/>
		<totalScore value='48457'/>
	</enemy>

	<scoreRatio value='1.99577'/>
</results>
