<results>
	<result value='win'/>
	<start value='2015-03-29.04:34:24'/>
	<end value='2015-03-29.04:35:00'/>
	<frames value='29297'/>
	<gameDuration value='1831'/>

	<player>
		<unitScore value='13500'/>
		<killScore value='9700'/>
		<buildingScore value='3175'/>
		<razingScore value='13125'/>
		<mineralScore value='21330'/>
		<gasScore value='2840'/>
		<totalScore value='63670'/>
	</player>

	<enemy>
		<race value='Protoss'/>
		<unitScore value='4850'/>
		<unitScore value='4850'/>
		<killScore value='10450'/>
		<buildingScore value='4375'/>
		<razingScore value='1575'/>
		<mineralScore value='15626'/>
		<gasScore value='1304'/>
		<totalScore value='38180'/>
	</enemy>

	<scoreRatio value='1.66763'/>
</results>
