<results>
	<result value='draw'/>
	<start value='2015-05-05.10:02:07'/>
	<end value='2015-05-05.10:03:35'/>
	<frames value='57601'/>
	<gameDuration value='3600'/>

	<player>
		<unitScore value='30025'/>
		<killScore value='38500'/>
		<buildingScore value='4500'/>
		<razingScore value='3075'/>
		<mineralScore value='31486'/>
		<gasScore value='6560'/>
		<totalScore value='114146'/>
	</player>

	<enemy>
		<race value='Terran'/>
		<unitScore value='32850'/>
		<unitScore value='32850'/>
		<killScore value='39500'/>
		<buildingScore value='5350'/>
		<razingScore value='4350'/>
		<mineralScore value='27806'/>
		<gasScore value='11066'/>
		<totalScore value='120922'/>
	</enemy>

	<scoreRatio value='0.943964'/>
	<timeFitness value='0.5'/>
	<unitsAverage value='125'/>
</results>
