<results>
	<result value='win'/>
	<start value='2015-05-09.11:21:22'/>
	<end value='2015-05-09.11:21:56'/>
	<frames value='34536'/>
	<gameDuration value='2158'/>

	<player>
		<unitScore value='18350'/>
		<killScore value='33900'/>
		<buildingScore value='3275'/>
		<razingScore value='9450'/>
		<mineralScore value='37690'/>
		<gasScore value='3064'/>
		<totalScore value='105729'/>
	</player>

	<enemy>
		<race value='Terran'/>
		<unitScore value='17750'/>
		<unitScore value='17750'/>
		<killScore value='14200'/>
		<buildingScore value='3150'/>
		<razingScore value='150'/>
		<mineralScore value='19350'/>
		<gasScore value='5140'/>
		<totalScore value='59740'/>
	</enemy>

	<scoreRatio value='1.76982'/>
	<timeFitness value='0.700278'/>
	<unitsAverage value='111'/>
</results>
