<results>
	<result value='win'/>
	<start value='2015-05-09.11:25:30'/>
	<end value='2015-05-09.11:26:22'/>
	<frames value='57414'/>
	<gameDuration value='3588'/>

	<player>
		<unitScore value='29075'/>
		<killScore value='45450'/>
		<buildingScore value='4850'/>
		<razingScore value='16425'/>
		<mineralScore value='32518'/>
		<gasScore value='5138'/>
		<totalScore value='133456'/>
	</player>

	<enemy>
		<race value='Terran'/>
		<unitScore value='28450'/>
		<unitScore value='28450'/>
		<killScore value='37600'/>
		<buildingScore value='5550'/>
		<razingScore value='5325'/>
		<mineralScore value='23858'/>
		<gasScore value='11206'/>
		<totalScore value='111989'/>
	</enemy>

	<scoreRatio value='1.19169'/>
	<timeFitness value='0.501667'/>
	<unitsAverage value='91'/>
</results>
