<results>
	<result value='win'/>
	<start value='2015-04-28.03:49:01'/>
	<end value='2015-04-28.03:49:24'/>
	<frames value='24585'/>
	<gameDuration value='1536'/>

	<player>
		<unitScore value='11700'/>
		<killScore value='18600'/>
		<buildingScore value='3850'/>
		<razingScore value='4275'/>
		<mineralScore value='21198'/>
		<gasScore value='2048'/>
		<totalScore value='61671'/>
	</player>

	<enemy>
		<race value='Terran'/>
		<unitScore value='9300'/>
		<unitScore value='9300'/>
		<killScore value='6850'/>
		<buildingScore value='1500'/>
		<razingScore value='150'/>
		<mineralScore value='11098'/>
		<gasScore value='2856'/>
		<totalScore value='31754'/>
	</enemy>

	<scoreRatio value='1.94215'/>
</results>
