<results>
	<result value='win'/>
	<start value='2015-05-10.01:48:53'/>
	<end value='2015-05-10.01:49:52'/>
	<frames value='29359'/>
	<gameDuration value='1834'/>

	<player>
		<unitScore value='20150'/>
		<killScore value='25350'/>
		<buildingScore value='4350'/>
		<razingScore value='9525'/>
		<mineralScore value='30314'/>
		<gasScore value='3264'/>
		<totalScore value='92953'/>
	</player>

	<enemy>
		<race value='Terran'/>
		<unitScore value='13475'/>
		<unitScore value='13475'/>
		<killScore value='18850'/>
		<buildingScore value='3175'/>
		<razingScore value='675'/>
		<mineralScore value='12358'/>
		<gasScore value='4608'/>
		<totalScore value='53141'/>
	</enemy>

	<scoreRatio value='1.74918'/>
	<timeFitness value='0.745278'/>
	<unitsAverage value='100'/>
</results>
