<results>
	<result value='loss'/>
	<start value='2015-05-10.03:51:12'/>
	<end value='2015-05-10.03:51:23'/>
	<frames value='15812'/>
	<gameDuration value='988'/>

	<player>
		<unitScore value='2800'/>
		<killScore value='1200'/>
		<buildingScore value='1425'/>
		<razingScore value='0'/>
		<mineralScore value='4266'/>
		<gasScore value='608'/>
		<totalScore value='10299'/>
	</player>

	<enemy>
		<race value='Protoss'/>
		<unitScore value='3600'/>
		<unitScore value='3600'/>
		<killScore value='5600'/>
		<buildingScore value='3225'/>
		<razingScore value='4275'/>
		<mineralScore value='8226'/>
		<gasScore value='1272'/>
		<totalScore value='26198'/>
	</enemy>

	<scoreRatio value='0.393122'/>
	<timeFitness value='0.137222'/>
	<unitsAverage value='21'/>
</results>
