<results>
	<result value='loss'/>
	<start value='2015-05-10.04:01:20'/>
	<end value='2015-05-10.04:02:26'/>
	<frames value='51431'/>
	<gameDuration value='3214'/>

	<player>
		<unitScore value='21950'/>
		<killScore value='47500'/>
		<buildingScore value='2225'/>
		<razingScore value='1875'/>
		<mineralScore value='24058'/>
		<gasScore value='3776'/>
		<totalScore value='101384'/>
	</player>

	<enemy>
		<race value='Protoss'/>
		<unitScore value='41250'/>
		<unitScore value='41250'/>
		<killScore value='43650'/>
		<buildingScore value='7750'/>
		<razingScore value='6675'/>
		<mineralScore value='35646'/>
		<gasScore value='13252'/>
		<totalScore value='148223'/>
	</enemy>

	<scoreRatio value='0.683996'/>
	<timeFitness value='0.446389'/>
	<unitsAverage value='75'/>
</results>
