<results>
	<result value='win'/>
	<start value='2015-05-10.04:06:45'/>
	<end value='2015-05-10.04:07:35'/>
	<frames value='30537'/>
	<gameDuration value='1908'/>

	<player>
		<unitScore value='19375'/>
		<killScore value='14500'/>
		<buildingScore value='3850'/>
		<razingScore value='18675'/>
		<mineralScore value='24338'/>
		<gasScore value='2592'/>
		<totalScore value='83330'/>
	</player>

	<enemy>
		<race value='Protoss'/>
		<unitScore value='7250'/>
		<unitScore value='7250'/>
		<killScore value='16650'/>
		<buildingScore value='6225'/>
		<razingScore value='0'/>
		<mineralScore value='16758'/>
		<gasScore value='2560'/>
		<totalScore value='49443'/>
	</enemy>

	<scoreRatio value='1.68538'/>
	<timeFitness value='0.735'/>
	<unitsAverage value='101'/>
</results>
