<results>
	<result value='win'/>
	<start value='2015-04-30.18:35:14'/>
	<end value='2015-04-30.18:35:39'/>
	<frames value='22911'/>
	<gameDuration value='1431'/>

	<player>
		<unitScore value='11950'/>
		<killScore value='19450'/>
		<buildingScore value='2950'/>
		<razingScore value='5580'/>
		<mineralScore value='19074'/>
		<gasScore value='2456'/>
		<totalScore value='61460'/>
	</player>

	<enemy>
		<race value='Zerg'/>
		<unitScore value='8800'/>
		<unitScore value='8800'/>
		<killScore value='8550'/>
		<buildingScore value='1860'/>
		<razingScore value='0'/>
		<mineralScore value='8866'/>
		<gasScore value='2520'/>
		<totalScore value='30596'/>
	</enemy>

	<scoreRatio value='2.00876'/>
	<timeFitness value='0.80125'/>
	<unitsAverage value='74'/>
</results>
