<results>
	<result value='win'/>
	<start value='2015-04-26.05:09:58'/>
	<end value='2015-04-26.05:10:47'/>
	<frames value='40550'/>
	<gameDuration value='2534'/>

	<player>
		<unitScore value='20225'/>
		<killScore value='32350'/>
		<buildingScore value='5825'/>
		<razingScore value='12075'/>
		<mineralScore value='33182'/>
		<gasScore value='4440'/>
		<totalScore value='108097'/>
	</player>

	<enemy>
		<race value='Terran'/>
		<unitScore value='18925'/>
		<unitScore value='18925'/>
		<killScore value='15800'/>
		<buildingScore value='4025'/>
		<razingScore value='2550'/>
		<mineralScore value='16158'/>
		<gasScore value='7898'/>
		<totalScore value='65356'/>
	</enemy>

	<scoreRatio value='1.65397'/>
</results>
