<results>
	<result value='win'/>
	<start value='2015-04-26.05:16:26'/>
	<end value='2015-04-26.05:16:49'/>
	<frames value='24461'/>
	<gameDuration value='1528'/>

	<player>
		<unitScore value='12150'/>
		<killScore value='20200'/>
		<buildingScore value='4000'/>
		<razingScore value='8550'/>
		<mineralScore value='19034'/>
		<gasScore value='2160'/>
		<totalScore value='66094'/>
	</player>

	<enemy>
		<race value='Terran'/>
		<unitScore value='10100'/>
		<unitScore value='10100'/>
		<killScore value='5700'/>
		<buildingScore value='2850'/>
		<razingScore value='600'/>
		<mineralScore value='9882'/>
		<gasScore value='3608'/>
		<totalScore value='32740'/>
	</enemy>

	<scoreRatio value='2.01875'/>
</results>
