<results>
	<result value='win'/>
	<start value='2015-05-05.01:11:31'/>
	<end value='2015-05-05.01:11:53'/>
	<frames value='27468'/>
	<gameDuration value='1716'/>

	<player>
		<unitScore value='11225'/>
		<killScore value='23750'/>
		<buildingScore value='4025'/>
		<razingScore value='8850'/>
		<mineralScore value='21502'/>
		<gasScore value='1856'/>
		<totalScore value='71208'/>
	</player>

	<enemy>
		<race value='Terran'/>
		<unitScore value='12175'/>
		<unitScore value='12175'/>
		<killScore value='5600'/>
		<buildingScore value='3025'/>
		<razingScore value='1725'/>
		<mineralScore value='11658'/>
		<gasScore value='4992'/>
		<totalScore value='39175'/>
	</enemy>

	<scoreRatio value='1.81769'/>
	<timeFitness value='0.761667'/>
	<unitsAverage value='71'/>
</results>
