<results>
	<result value='draw'/>
	<start value='2015-05-05.01:19:55'/>
	<end value='2015-05-05.01:20:40'/>
	<frames value='57601'/>
	<gameDuration value='3600'/>

	<player>
		<unitScore value='21675'/>
		<killScore value='40900'/>
		<buildingScore value='4100'/>
		<razingScore value='2025'/>
		<mineralScore value='24718'/>
		<gasScore value='6672'/>
		<totalScore value='100090'/>
	</player>

	<enemy>
		<race value='Terran'/>
		<unitScore value='30475'/>
		<unitScore value='30475'/>
		<killScore value='39150'/>
		<buildingScore value='4650'/>
		<razingScore value='6600'/>
		<mineralScore value='22486'/>
		<gasScore value='12090'/>
		<totalScore value='115451'/>
	</enemy>

	<scoreRatio value='0.866948'/>
	<timeFitness value='0.5'/>
	<unitsAverage value='68'/>
</results>
