<results>
	<result value='win'/>
	<start value='2015-05-05.01:24:08'/>
	<end value='2015-05-05.01:24:44'/>
	<frames value='29824'/>
	<gameDuration value='1864'/>

	<player>
		<unitScore value='15725'/>
		<killScore value='28250'/>
		<buildingScore value='3450'/>
		<razingScore value='9300'/>
		<mineralScore value='35258'/>
		<gasScore value='2224'/>
		<totalScore value='94207'/>
	</player>

	<enemy>
		<race value='Terran'/>
		<unitScore value='14575'/>
		<unitScore value='14575'/>
		<killScore value='7850'/>
		<buildingScore value='3100'/>
		<razingScore value='150'/>
		<mineralScore value='13910'/>
		<gasScore value='5576'/>
		<totalScore value='45161'/>
	</enemy>

	<scoreRatio value='2.08603'/>
	<timeFitness value='0.741111'/>
	<unitsAverage value='113'/>
</results>
