<results>
	<result value='win'/>
	<start value='2015-05-05.01:29:12'/>
	<end value='2015-05-05.01:29:35'/>
	<frames value='35280'/>
	<gameDuration value='2205'/>

	<player>
		<unitScore value='14775'/>
		<killScore value='24100'/>
		<buildingScore value='4450'/>
		<razingScore value='9675'/>
		<mineralScore value='37014'/>
		<gasScore value='3512'/>
		<totalScore value='93526'/>
	</player>

	<enemy>
		<race value='Terran'/>
		<unitScore value='13550'/>
		<unitScore value='13550'/>
		<killScore value='6650'/>
		<buildingScore value='3225'/>
		<razingScore value='1800'/>
		<mineralScore value='14930'/>
		<gasScore value='6536'/>
		<totalScore value='46691'/>
	</enemy>

	<scoreRatio value='2.00308'/>
	<timeFitness value='0.69375'/>
	<unitsAverage value='115'/>
</results>
