<results>
	<result value='loss'/>
	<start value='2015-05-05.01:35:14'/>
	<end value='2015-05-05.01:35:25'/>
	<frames value='17021'/>
	<gameDuration value='1063'/>

	<player>
		<unitScore value='3800'/>
		<killScore value='800'/>
		<buildingScore value='1900'/>
		<razingScore value='0'/>
		<mineralScore value='5954'/>
		<gasScore value='728'/>
		<totalScore value='13182'/>
	</player>

	<enemy>
		<race value='Terran'/>
		<unitScore value='6400'/>
		<unitScore value='6400'/>
		<killScore value='7600'/>
		<buildingScore value='2625'/>
		<razingScore value='5700'/>
		<mineralScore value='7770'/>
		<gasScore value='2536'/>
		<totalScore value='32631'/>
	</enemy>

	<scoreRatio value='0.403972'/>
	<timeFitness value='0.147639'/>
	<unitsAverage value='26'/>
</results>
