<results>
	<result value='win'/>
	<start value='2015-05-07.01:54:55'/>
	<end value='2015-05-07.01:55:14'/>
	<frames value='25019'/>
	<gameDuration value='1563'/>

	<player>
		<unitScore value='10825'/>
		<killScore value='20500'/>
		<buildingScore value='3725'/>
		<razingScore value='9300'/>
		<mineralScore value='17322'/>
		<gasScore value='1960'/>
		<totalScore value='63632'/>
	</player>

	<enemy>
		<race value='Terran'/>
		<unitScore value='11050'/>
		<unitScore value='11050'/>
		<killScore value='5950'/>
		<buildingScore value='3100'/>
		<razingScore value='1350'/>
		<mineralScore value='10882'/>
		<gasScore value='4768'/>
		<totalScore value='37100'/>
	</enemy>

	<scoreRatio value='1.71515'/>
	<timeFitness value='0.782917'/>
	<unitsAverage value='69'/>
</results>
