<results>
	<result value='win'/>
	<start value='2015-05-07.01:56:35'/>
	<end value='2015-05-07.01:57:03'/>
	<frames value='27871'/>
	<gameDuration value='1741'/>

	<player>
		<unitScore value='15700'/>
		<killScore value='26000'/>
		<buildingScore value='4350'/>
		<razingScore value='8400'/>
		<mineralScore value='22050'/>
		<gasScore value='2304'/>
		<totalScore value='78804'/>
	</player>

	<enemy>
		<race value='Terran'/>
		<unitScore value='13000'/>
		<unitScore value='13000'/>
		<killScore value='13950'/>
		<buildingScore value='2800'/>
		<razingScore value='1725'/>
		<mineralScore value='11998'/>
		<gasScore value='4640'/>
		<totalScore value='48113'/>
	</enemy>

	<scoreRatio value='1.63789'/>
	<timeFitness value='0.758194'/>
	<unitsAverage value='87'/>
</results>
