<results>
	<result value='win'/>
	<start value='2015-05-07.01:58:58'/>
	<end value='2015-05-07.01:59:18'/>
	<frames value='25515'/>
	<gameDuration value='1594'/>

	<player>
		<unitScore value='9850'/>
		<killScore value='19100'/>
		<buildingScore value='2525'/>
		<razingScore value='8025'/>
		<mineralScore value='17258'/>
		<gasScore value='2432'/>
		<totalScore value='59190'/>
	</player>

	<enemy>
		<race value='Terran'/>
		<unitScore value='9550'/>
		<unitScore value='9550'/>
		<killScore value='6300'/>
		<buildingScore value='2675'/>
		<razingScore value='1350'/>
		<mineralScore value='10962'/>
		<gasScore value='3680'/>
		<totalScore value='34517'/>
	</enemy>

	<scoreRatio value='1.71481'/>
	<timeFitness value='0.778611'/>
	<unitsAverage value='65'/>
</results>
