<results>
	<result value='draw'/>
	<start value='2015-05-07.02:06:59'/>
	<end value='2015-05-07.02:07:41'/>
	<frames value='57601'/>
	<gameDuration value='3600'/>

	<player>
		<unitScore value='20100'/>
		<killScore value='37450'/>
		<buildingScore value='3525'/>
		<razingScore value='13725'/>
		<mineralScore value='23150'/>
		<gasScore value='6498'/>
		<totalScore value='104448'/>
	</player>

	<enemy>
		<race value='Terran'/>
		<unitScore value='25025'/>
		<unitScore value='25025'/>
		<killScore value='36750'/>
		<buildingScore value='4800'/>
		<razingScore value='5100'/>
		<mineralScore value='19550'/>
		<gasScore value='10864'/>
		<totalScore value='102089'/>
	</enemy>

	<scoreRatio value='1.02311'/>
	<timeFitness value='0.5'/>
	<unitsAverage value='61'/>
</results>
