<results>
	<result value='win'/>
	<start value='2015-04-26.15:32:58'/>
	<end value='2015-04-26.15:33:16'/>
	<frames value='24399'/>
	<gameDuration value='1524'/>

	<player>
		<unitScore value='11175'/>
		<killScore value='13950'/>
		<buildingScore value='3250'/>
		<razingScore value='5700'/>
		<mineralScore value='15462'/>
		<gasScore value='2432'/>
		<totalScore value='51969'/>
	</player>

	<enemy>
		<race value='Terran'/>
		<unitScore value='7025'/>
		<unitScore value='7025'/>
		<killScore value='7850'/>
		<buildingScore value='1900'/>
		<razingScore value='1350'/>
		<mineralScore value='8794'/>
		<gasScore value='2184'/>
		<totalScore value='29103'/>
	</enemy>

	<scoreRatio value='1.78569'/>
</results>
