<results>
	<result value='loss'/>
	<start value='2015-04-13.06:55:16'/>
	<end value='2015-04-13.06:56:52'/>
	<frames value='49416'/>
	<gameDuration value='3088'/>

	<player>
		<unitScore value='22675'/>
		<killScore value='43950'/>
		<buildingScore value='2425'/>
		<razingScore value='150'/>
		<mineralScore value='24042'/>
		<gasScore value='5098'/>
		<totalScore value='98340'/>
	</player>

	<enemy>
		<race value='Protoss'/>
		<unitScore value='41575'/>
		<unitScore value='41575'/>
		<killScore value='45600'/>
		<buildingScore value='7525'/>
		<razingScore value='7275'/>
		<mineralScore value='34870'/>
		<gasScore value='13730'/>
		<totalScore value='150575'/>
	</enemy>

	<scoreRatio value='0.653096'/>
</results>
