<results>
	<result value='loss'/>
	<start value='2015-04-13.07:14:22'/>
	<end value='2015-04-13.07:14:36'/>
	<frames value='16122'/>
	<gameDuration value='1007'/>

	<player>
		<unitScore value='2775'/>
		<killScore value='1200'/>
		<buildingScore value='1875'/>
		<razingScore value='0'/>
		<mineralScore value='4762'/>
		<gasScore value='760'/>
		<totalScore value='11372'/>
	</player>

	<enemy>
		<race value='Protoss'/>
		<unitScore value='3600'/>
		<unitScore value='3600'/>
		<killScore value='5550'/>
		<buildingScore value='3525'/>
		<razingScore value='5625'/>
		<mineralScore value='8458'/>
		<gasScore value='1776'/>
		<totalScore value='28534'/>
	</enemy>

	<scoreRatio value='0.398542'/>
</results>
