<results>
	<result value='win'/>
	<start value='2015-04-29.01:30:15'/>
	<end value='2015-04-29.01:31:48'/>
	<frames value='49230'/>
	<gameDuration value='3076'/>

	<player>
		<unitScore value='29300'/>
		<killScore value='61650'/>
		<buildingScore value='3350'/>
		<razingScore value='21225'/>
		<mineralScore value='31646'/>
		<gasScore value='6298'/>
		<totalScore value='153469'/>
	</player>

	<enemy>
		<race value='Protoss'/>
		<unitScore value='34150'/>
		<unitScore value='34150'/>
		<killScore value='48600'/>
		<buildingScore value='7075'/>
		<razingScore value='0'/>
		<mineralScore value='28838'/>
		<gasScore value='10120'/>
		<totalScore value='128783'/>
	</enemy>

	<scoreRatio value='1.19169'/>
</results>
