<results>
	<result value='loss'/>
	<start value='2015-04-29.01:31:52'/>
	<end value='2015-04-29.01:32:02'/>
	<frames value='15998'/>
	<gameDuration value='999'/>

	<player>
		<unitScore value='3025'/>
		<killScore value='1000'/>
		<buildingScore value='1700'/>
		<razingScore value='0'/>
		<mineralScore value='4954'/>
		<gasScore value='696'/>
		<totalScore value='11375'/>
	</player>

	<enemy>
		<race value='Protoss'/>
		<unitScore value='3550'/>
		<unitScore value='3550'/>
		<killScore value='6050'/>
		<buildingScore value='3725'/>
		<razingScore value='5100'/>
		<mineralScore value='8690'/>
		<gasScore value='1632'/>
		<totalScore value='28747'/>
	</enemy>

	<scoreRatio value='0.395693'/>
</results>
