<results>
	<result value='loss'/>
	<start value='2015-04-29.01:37:54'/>
	<end value='2015-04-29.01:38:06'/>
	<frames value='17176'/>
	<gameDuration value='1073'/>

	<player>
		<unitScore value='3725'/>
		<killScore value='1400'/>
		<buildingScore value='1525'/>
		<razingScore value='0'/>
		<mineralScore value='5498'/>
		<gasScore value='736'/>
		<totalScore value='12884'/>
	</player>

	<enemy>
		<race value='Protoss'/>
		<unitScore value='3600'/>
		<unitScore value='3600'/>
		<killScore value='7450'/>
		<buildingScore value='4025'/>
		<razingScore value='4575'/>
		<mineralScore value='8962'/>
		<gasScore value='1624'/>
		<totalScore value='30236'/>
	</enemy>

	<scoreRatio value='0.426115'/>
</results>
