<results>
	<result value='loss'/>
	<start value='2015-04-29.01:43:14'/>
	<end value='2015-04-29.01:44:11'/>
	<frames value='44952'/>
	<gameDuration value='2809'/>

	<player>
		<unitScore value='21950'/>
		<killScore value='24000'/>
		<buildingScore value='2325'/>
		<razingScore value='900'/>
		<mineralScore value='24002'/>
		<gasScore value='4856'/>
		<totalScore value='78033'/>
	</player>

	<enemy>
		<race value='Protoss'/>
		<unitScore value='32350'/>
		<unitScore value='32350'/>
		<killScore value='44100'/>
		<buildingScore value='8225'/>
		<razingScore value='6975'/>
		<mineralScore value='30818'/>
		<gasScore value='12416'/>
		<totalScore value='134884'/>
	</enemy>

	<scoreRatio value='0.578519'/>
</results>
