<results>
	<result value='win'/>
	<start value='2015-05-03.02:32:23'/>
	<end value='2015-05-03.02:33:29'/>
	<frames value='52888'/>
	<gameDuration value='3305'/>

	<player>
		<unitScore value='30350'/>
		<killScore value='41900'/>
		<buildingScore value='4225'/>
		<razingScore value='12525'/>
		<mineralScore value='43058'/>
		<gasScore value='5816'/>
		<totalScore value='137874'/>
	</player>

	<enemy>
		<race value='Terran'/>
		<unitScore value='27100'/>
		<unitScore value='27100'/>
		<killScore value='46950'/>
		<buildingScore value='4175'/>
		<razingScore value='1875'/>
		<mineralScore value='19550'/>
		<gasScore value='11504'/>
		<totalScore value='111154'/>
	</enemy>

	<scoreRatio value='1.24039'/>
	<timeFitness value='0.540972'/>
	<unitsAverage value='103'/>
</results>
