<results>
	<result value='win'/>
	<start value='2015-05-03.02:37:31'/>
	<end value='2015-05-03.02:38:46'/>
	<frames value='53260'/>
	<gameDuration value='3328'/>

	<player>
		<unitScore value='22750'/>
		<killScore value='31800'/>
		<buildingScore value='4200'/>
		<razingScore value='15600'/>
		<mineralScore value='27206'/>
		<gasScore value='5652'/>
		<totalScore value='107208'/>
	</player>

	<enemy>
		<race value='Terran'/>
		<unitScore value='21600'/>
		<unitScore value='21600'/>
		<killScore value='21800'/>
		<buildingScore value='5200'/>
		<razingScore value='3000'/>
		<mineralScore value='19906'/>
		<gasScore value='10884'/>
		<totalScore value='82390'/>
	</enemy>

	<scoreRatio value='1.30123'/>
	<timeFitness value='0.537778'/>
	<unitsAverage value='91'/>
</results>
