<results>
	<result value='win'/>
	<start value='2015-05-03.02:36:56'/>
	<end value='2015-05-03.02:37:28'/>
	<frames value='25856'/>
	<gameDuration value='1616'/>

	<player>
		<unitScore value='15275'/>
		<killScore value='25100'/>
		<buildingScore value='4125'/>
		<razingScore value='6600'/>
		<mineralScore value='28410'/>
		<gasScore value='2432'/>
		<totalScore value='81942'/>
	</player>

	<enemy>
		<race value='Terran'/>
		<unitScore value='12850'/>
		<unitScore value='12850'/>
		<killScore value='10350'/>
		<buildingScore value='2350'/>
		<razingScore value='150'/>
		<mineralScore value='11478'/>
		<gasScore value='4008'/>
		<totalScore value='41186'/>
	</enemy>

	<scoreRatio value='1.98956'/>
	<timeFitness value='0.775556'/>
	<unitsAverage value='97'/>
</results>
