<results>
	<result value='win'/>
	<start value='2015-04-28.19:10:42'/>
	<end value='2015-04-28.19:12:10'/>
	<frames value='36396'/>
	<gameDuration value='2274'/>

	<player>
		<unitScore value='19075'/>
		<killScore value='23460'/>
		<buildingScore value='4600'/>
		<razingScore value='4950'/>
		<mineralScore value='37574'/>
		<gasScore value='3576'/>
		<totalScore value='93235'/>
	</player>

	<enemy>
		<race value='Zerg'/>
		<unitScore value='10800'/>
		<unitScore value='10800'/>
		<killScore value='14700'/>
		<buildingScore value='1650'/>
		<razingScore value='0'/>
		<mineralScore value='9682'/>
		<gasScore value='2928'/>
		<totalScore value='39760'/>
	</enemy>

	<scoreRatio value='2.34494'/>
</results>
