<results>
	<result value='loss'/>
	<start value='2015-04-16.22:26:08'/>
	<end value='2015-04-16.22:26:20'/>
	<frames value='14572'/>
	<gameDuration value='910'/>

	<player>
		<unitScore value='2100'/>
		<killScore value='800'/>
		<buildingScore value='1200'/>
		<razingScore value='0'/>
		<mineralScore value='3794'/>
		<gasScore value='584'/>
		<totalScore value='8478'/>
	</player>

	<enemy>
		<race value='Protoss'/>
		<unitScore value='3550'/>
		<unitScore value='3550'/>
		<killScore value='4200'/>
		<buildingScore value='2375'/>
		<razingScore value='3600'/>
		<mineralScore value='7410'/>
		<gasScore value='1216'/>
		<totalScore value='22351'/>
	</enemy>

	<scoreRatio value='0.379312'/>
</results>
