<results>
	<result value='loss'/>
	<start value='2015-05-09.13:32:13'/>
	<end value='2015-05-09.13:32:27'/>
	<frames value='21268'/>
	<gameDuration value='1329'/>

	<player>
		<unitScore value='5425'/>
		<killScore value='3600'/>
		<buildingScore value='2175'/>
		<razingScore value='0'/>
		<mineralScore value='7650'/>
		<gasScore value='1104'/>
		<totalScore value='19954'/>
	</player>

	<enemy>
		<race value='Terran'/>
		<unitScore value='8625'/>
		<unitScore value='8625'/>
		<killScore value='10850'/>
		<buildingScore value='3325'/>
		<razingScore value='6525'/>
		<mineralScore value='10226'/>
		<gasScore value='4280'/>
		<totalScore value='43831'/>
	</enemy>

	<scoreRatio value='0.455249'/>
	<timeFitness value='0.184583'/>
	<unitsAverage value='33'/>
</results>
