<results>
	<result value='win'/>
	<start value='2015-05-09.13:32:30'/>
	<end value='2015-05-09.13:32:51'/>
	<frames value='23965'/>
	<gameDuration value='1497'/>

	<player>
		<unitScore value='10375'/>
		<killScore value='17850'/>
		<buildingScore value='3750'/>
		<razingScore value='7200'/>
		<mineralScore value='16270'/>
		<gasScore value='2456'/>
		<totalScore value='57901'/>
	</player>

	<enemy>
		<race value='Terran'/>
		<unitScore value='9325'/>
		<unitScore value='9325'/>
		<killScore value='6350'/>
		<buildingScore value='2400'/>
		<razingScore value='2100'/>
		<mineralScore value='10058'/>
		<gasScore value='3128'/>
		<totalScore value='33361'/>
	</enemy>

	<scoreRatio value='1.73559'/>
	<timeFitness value='0.792083'/>
	<unitsAverage value='63'/>
</results>
