<results>
	<result value='win'/>
	<start value='2015-05-09.13:33:09'/>
	<end value='2015-05-09.13:33:33'/>
	<frames value='28057'/>
	<gameDuration value='1753'/>

	<player>
		<unitScore value='10400'/>
		<killScore value='25550'/>
		<buildingScore value='2800'/>
		<razingScore value='9750'/>
		<mineralScore value='13306'/>
		<gasScore value='2480'/>
		<totalScore value='64286'/>
	</player>

	<enemy>
		<race value='Terran'/>
		<unitScore value='12775'/>
		<unitScore value='12775'/>
		<killScore value='10650'/>
		<buildingScore value='3425'/>
		<razingScore value='3075'/>
		<mineralScore value='11074'/>
		<gasScore value='4888'/>
		<totalScore value='45887'/>
	</enemy>

	<scoreRatio value='1.40096'/>
	<timeFitness value='0.756528'/>
	<unitsAverage value='56'/>
</results>
