<results>
	<result value='loss'/>
	<start value='2015-05-09.13:36:42'/>
	<end value='2015-05-09.13:36:56'/>
	<frames value='22477'/>
	<gameDuration value='1404'/>

	<player>
		<unitScore value='6900'/>
		<killScore value='3500'/>
		<buildingScore value='2750'/>
		<razingScore value='0'/>
		<mineralScore value='10746'/>
		<gasScore value='416'/>
		<totalScore value='24312'/>
	</player>

	<enemy>
		<race value='Terran'/>
		<unitScore value='7775'/>
		<unitScore value='7775'/>
		<killScore value='13800'/>
		<buildingScore value='3125'/>
		<razingScore value='8250'/>
		<mineralScore value='12162'/>
		<gasScore value='3632'/>
		<totalScore value='48744'/>
	</enemy>

	<scoreRatio value='0.498769'/>
	<timeFitness value='0.195'/>
	<unitsAverage value='32'/>
</results>
