<results>
	<result value='win'/>
	<start value='2015-04-30.09:25:22'/>
	<end value='2015-04-30.09:25:56'/>
	<frames value='25391'/>
	<gameDuration value='1586'/>

	<player>
		<unitScore value='16100'/>
		<killScore value='27280'/>
		<buildingScore value='3975'/>
		<razingScore value='4995'/>
		<mineralScore value='24634'/>
		<gasScore value='2480'/>
		<totalScore value='79464'/>
	</player>

	<enemy>
		<race value='Zerg'/>
		<unitScore value='11975'/>
		<unitScore value='11975'/>
		<killScore value='13450'/>
		<buildingScore value='1665'/>
		<razingScore value='0'/>
		<mineralScore value='11082'/>
		<gasScore value='3096'/>
		<totalScore value='41268'/>
	</enemy>

	<scoreRatio value='1.92556'/>
</results>
