<results>
	<result value='loss'/>
	<start value='2015-05-04.01:40:33'/>
	<end value='2015-05-04.01:41:00'/>
	<frames value='29855'/>
	<gameDuration value='1865'/>

	<player>
		<unitScore value='7875'/>
		<killScore value='4800'/>
		<buildingScore value='2300'/>
		<razingScore value='0'/>
		<mineralScore value='10634'/>
		<gasScore value='1064'/>
		<totalScore value='26673'/>
	</player>

	<enemy>
		<race value='Protoss'/>
		<unitScore value='16400'/>
		<unitScore value='16400'/>
		<killScore value='15750'/>
		<buildingScore value='6775'/>
		<razingScore value='6900'/>
		<mineralScore value='19798'/>
		<gasScore value='7088'/>
		<totalScore value='72711'/>
	</enemy>

	<scoreRatio value='0.366836'/>
	<timeFitness value='0.259028'/>
	<unitsAverage value='31'/>
</results>
