<results>
	<result value='loss'/>
	<start value='2015-05-04.01:43:56'/>
	<end value='2015-05-04.01:45:49'/>
	<frames value='55988'/>
	<gameDuration value='3499'/>

	<player>
		<unitScore value='31875'/>
		<killScore value='40800'/>
		<buildingScore value='2825'/>
		<razingScore value='3150'/>
		<mineralScore value='30974'/>
		<gasScore value='7226'/>
		<totalScore value='116850'/>
	</player>

	<enemy>
		<race value='Protoss'/>
		<unitScore value='36375'/>
		<unitScore value='36375'/>
		<killScore value='63850'/>
		<buildingScore value='7475'/>
		<razingScore value='8475'/>
		<mineralScore value='32070'/>
		<gasScore value='11294'/>
		<totalScore value='159539'/>
	</enemy>

	<scoreRatio value='0.732423'/>
	<timeFitness value='0.485972'/>
	<unitsAverage value='105'/>
</results>
