<results>
	<result value='win'/>
	<start value='2015-05-04.01:51:51'/>
	<end value='2015-05-04.01:53:01'/>
	<frames value='37512'/>
	<gameDuration value='2344'/>

	<player>
		<unitScore value='25475'/>
		<killScore value='28050'/>
		<buildingScore value='3875'/>
		<razingScore value='19050'/>
		<mineralScore value='32638'/>
		<gasScore value='3464'/>
		<totalScore value='112552'/>
	</player>

	<enemy>
		<race value='Protoss'/>
		<unitScore value='15250'/>
		<unitScore value='15250'/>
		<killScore value='28850'/>
		<buildingScore value='6350'/>
		<razingScore value='750'/>
		<mineralScore value='20202'/>
		<gasScore value='5384'/>
		<totalScore value='76786'/>
	</enemy>

	<scoreRatio value='1.46579'/>
	<timeFitness value='0.674444'/>
	<unitsAverage value='103'/>
</results>
