<results>
	<result value='loss'/>
	<start value='2015-04-09.01:10:11'/>
	<end value='2015-04-09.01:10:18'/>
	<frames value='14510'/>
	<gameDuration value='906'/>

	<player>
		<unitScore value='2675'/>
		<killScore value='400'/>
		<buildingScore value='1600'/>
		<razingScore value='0'/>
		<mineralScore value='4138'/>
		<gasScore value='752'/>
		<totalScore value='9565'/>
	</player>

	<enemy>
		<race value='Protoss'/>
		<unitScore value='3550'/>
		<unitScore value='3550'/>
		<killScore value='4750'/>
		<buildingScore value='2425'/>
		<razingScore value='4800'/>
		<mineralScore value='7578'/>
		<gasScore value='1304'/>
		<totalScore value='24407'/>
	</enemy>

	<scoreRatio value='0.391896'/>
</results>
