<results>
	<result value='loss'/>
	<start value='2015-07-21.06:30:31'/>
	<end value='2015-07-21.06:30:56'/>
	<frames value='25701'/>
	<gameDuration value='1606'/>

	<player>
		<unitScore value='9475'/>
		<killScore value='5500'/>
		<buildingScore value='2975'/>
		<razingScore value='0'/>
		<mineralScore value='16282'/>
		<gasScore value='1200'/>
		<totalScore value='35432'/>
	</player>

	<enemy>
		<race value='Zerg'/>
		<unitScore value='12300'/>
		<killScore value='18950'/>
		<buildingScore value='3255'/>
		<razingScore value='8925'/>
		<mineralScore value='14786'/>
		<gasScore value='4744'/>
		<totalScore value='62960'/>
	</enemy>

	<scoreRatio value='0.56277'/>
	<timeFitness value='0.223056'/>
	<unitsAverage value='44'/>
</results>
