<results>
	<result value='loss'/>
	<start value='2015-07-21.06:32:46'/>
	<end value='2015-07-21.06:33:22'/>
	<frames value='29545'/>
	<gameDuration value='1846'/>

	<player>
		<unitScore value='16675'/>
		<killScore value='12700'/>
		<buildingScore value='2975'/>
		<razingScore value='0'/>
		<mineralScore value='18386'/>
		<gasScore value='2624'/>
		<totalScore value='53360'/>
	</player>

	<enemy>
		<race value='Zerg'/>
		<unitScore value='18875'/>
		<killScore value='33350'/>
		<buildingScore value='3320'/>
		<razingScore value='8925'/>
		<mineralScore value='17122'/>
		<gasScore value='6256'/>
		<totalScore value='87848'/>
	</enemy>

	<scoreRatio value='0.607413'/>
	<timeFitness value='0.256389'/>
	<unitsAverage value='59'/>
</results>
