<results>
	<result value='loss'/>
	<start value='2015-07-21.06:50:19'/>
	<end value='2015-07-21.06:50:48'/>
	<frames value='27189'/>
	<gameDuration value='1699'/>

	<player>
		<unitScore value='12025'/>
		<killScore value='7750'/>
		<buildingScore value='2225'/>
		<razingScore value='0'/>
		<mineralScore value='11522'/>
		<gasScore value='2024'/>
		<totalScore value='35546'/>
	</player>

	<enemy>
		<race value='Zerg'/>
		<unitScore value='13500'/>
		<killScore value='18450'/>
		<buildingScore value='3165'/>
		<razingScore value='6675'/>
		<mineralScore value='13730'/>
		<gasScore value='4080'/>
		<totalScore value='59600'/>
	</enemy>

	<scoreRatio value='0.596409'/>
	<timeFitness value='0.235972'/>
	<unitsAverage value='50'/>
</results>
