<results>
	<result value='loss'/>
	<start value='2015-07-14.04:59:44'/>
	<end value='2015-07-14.05:00:16'/>
	<frames value='37109'/>
	<gameDuration value='2319'/>

	<player>
		<unitScore value='11050'/>
		<killScore value='6600'/>
		<buildingScore value='2325'/>
		<razingScore value='300'/>
		<mineralScore value='17562'/>
		<gasScore value='1376'/>
		<totalScore value='39213'/>
	</player>

	<enemy>
		<race value='Protoss'/>
		<unitScore value='16350'/>
		<killScore value='22100'/>
		<buildingScore value='7075'/>
		<razingScore value='6975'/>
		<mineralScore value='21302'/>
		<gasScore value='7394'/>
		<totalScore value='81196'/>
	</enemy>

	<scoreRatio value='0.482943'/>
	<timeFitness value='0.322083'/>
	<unitsAverage value='39'/>
</results>
