<results>
	<result value='loss'/>
	<start value='2015-07-14.05:03:22'/>
	<end value='2015-07-14.05:04:24'/>
	<frames value='44363'/>
	<gameDuration value='2772'/>

	<player>
		<unitScore value='23400'/>
		<killScore value='15200'/>
		<buildingScore value='2850'/>
		<razingScore value='0'/>
		<mineralScore value='31622'/>
		<gasScore value='4480'/>
		<totalScore value='77552'/>
	</player>

	<enemy>
		<race value='Protoss'/>
		<unitScore value='28930'/>
		<killScore value='46800'/>
		<buildingScore value='7475'/>
		<razingScore value='8550'/>
		<mineralScore value='28550'/>
		<gasScore value='10386'/>
		<totalScore value='130691'/>
	</enemy>

	<scoreRatio value='0.5934'/>
	<timeFitness value='0.385'/>
	<unitsAverage value='75'/>
</results>
