<results>
	<result value='win'/>
	<start value='2015-05-08.03:11:20'/>
	<end value='2015-05-08.03:11:50'/>
	<frames value='32025'/>
	<gameDuration value='2001'/>

	<player>
		<unitScore value='16350'/>
		<killScore value='20600'/>
		<buildingScore value='3475'/>
		<razingScore value='10065'/>
		<mineralScore value='20306'/>
		<gasScore value='2488'/>
		<totalScore value='73284'/>
	</player>

	<enemy>
		<race value='Zerg'/>
		<unitScore value='10450'/>
		<unitScore value='10450'/>
		<killScore value='15500'/>
		<buildingScore value='3355'/>
		<razingScore value='2250'/>
		<mineralScore value='11942'/>
		<gasScore value='3512'/>
		<totalScore value='47009'/>
	</enemy>

	<scoreRatio value='1.55894'/>
	<timeFitness value='0.722083'/>
	<unitsAverage value='73'/>
</results>
