<results>
	<result value='win'/>
	<start value='2015-05-08.03:21:25'/>
	<end value='2015-05-08.03:21:47'/>
	<frames value='24616'/>
	<gameDuration value='1538'/>

	<player>
		<unitScore value='12450'/>
		<killScore value='18720'/>
		<buildingScore value='3750'/>
		<razingScore value='4560'/>
		<mineralScore value='19570'/>
		<gasScore value='1912'/>
		<totalScore value='60962'/>
	</player>

	<enemy>
		<race value='Zerg'/>
		<unitScore value='8400'/>
		<unitScore value='8400'/>
		<killScore value='8450'/>
		<buildingScore value='1520'/>
		<razingScore value='0'/>
		<mineralScore value='8098'/>
		<gasScore value='2336'/>
		<totalScore value='28804'/>
	</enemy>

	<scoreRatio value='2.11644'/>
	<timeFitness value='0.786389'/>
	<unitsAverage value='74'/>
</results>
