<results>
	<result value='win'/>
	<start value='2015-05-08.03:40:05'/>
	<end value='2015-05-08.03:40:52'/>
	<frames value='35559'/>
	<gameDuration value='2222'/>

	<player>
		<unitScore value='21500'/>
		<killScore value='19460'/>
		<buildingScore value='4125'/>
		<razingScore value='7050'/>
		<mineralScore value='23954'/>
		<gasScore value='3432'/>
		<totalScore value='79521'/>
	</player>

	<enemy>
		<race value='Zerg'/>
		<unitScore value='9700'/>
		<unitScore value='9700'/>
		<killScore value='14550'/>
		<buildingScore value='2350'/>
		<razingScore value='525'/>
		<mineralScore value='10050'/>
		<gasScore value='3192'/>
		<totalScore value='40367'/>
	</enemy>

	<scoreRatio value='1.96995'/>
	<timeFitness value='0.691389'/>
	<unitsAverage value='101'/>
</results>
