<results>
	<result value='loss'/>
	<start value='2015-07-13.22:45:54'/>
	<end value='2015-07-13.22:46:37'/>
	<frames value='36148'/>
	<gameDuration value='2259'/>

	<player>
		<unitScore value='17175'/>
		<killScore value='14100'/>
		<buildingScore value='2775'/>
		<razingScore value='2400'/>
		<mineralScore value='15594'/>
		<gasScore value='3064'/>
		<totalScore value='55108'/>
	</player>

	<enemy>
		<race value='Protoss'/>
		<unitScore value='21025'/>
		<killScore value='32650'/>
		<buildingScore value='7375'/>
		<razingScore value='8325'/>
		<mineralScore value='24122'/>
		<gasScore value='8032'/>
		<totalScore value='101529'/>
	</enemy>

	<scoreRatio value='0.542781'/>
	<timeFitness value='0.31375'/>
	<unitsAverage value='59'/>
</results>
