<results>
	<result value='loss'/>
	<start value='2015-04-30.01:52:55'/>
	<end value='2015-04-30.01:53:00'/>
	<frames value='9736'/>
	<gameDuration value='608'/>

	<player>
		<unitScore value='1000'/>
		<killScore value='200'/>
		<buildingScore value='600'/>
		<razingScore value='0'/>
		<mineralScore value='1242'/>
		<gasScore value='0'/>
		<totalScore value='3042'/>
	</player>

	<enemy>
		<race value='Zerg'/>
		<unitScore value='1800'/>
		<unitScore value='1800'/>
		<killScore value='2000'/>
		<buildingScore value='1120'/>
		<razingScore value='1800'/>
		<mineralScore value='3026'/>
		<gasScore value='288'/>
		<totalScore value='10034'/>
	</enemy>

	<scoreRatio value='0.303169'/>
</results>
