<results>
	<result value='draw'/>
	<start value='2015-04-27.15:03:36'/>
	<end value='2015-04-27.15:04:04'/>
	<frames value='57601'/>
	<gameDuration value='3600'/>

	<player>
		<unitScore value='7825'/>
		<killScore value='8150'/>
		<buildingScore value='2175'/>
		<razingScore value='0'/>
		<mineralScore value='9706'/>
		<gasScore value='1336'/>
		<totalScore value='29192'/>
	</player>

	<enemy>
		<race value='Terran'/>
		<unitScore value='25825'/>
		<unitScore value='25825'/>
		<killScore value='15650'/>
		<buildingScore value='6125'/>
		<razingScore value='6150'/>
		<mineralScore value='26162'/>
		<gasScore value='17414'/>
		<totalScore value='97326'/>
	</enemy>

	<scoreRatio value='0.29994'/>
</results>
