<results>
	<result value='draw'/>
	<start value='2015-04-28.19:11:02'/>
	<end value='2015-04-28.19:11:55'/>
	<frames value='57601'/>
	<gameDuration value='3600'/>

	<player>
		<unitScore value='31875'/>
		<killScore value='46650'/>
		<buildingScore value='3525'/>
		<razingScore value='5850'/>
		<mineralScore value='32326'/>
		<gasScore value='5416'/>
		<totalScore value='125642'/>
	</player>

	<enemy>
		<race value='Protoss'/>
		<unitScore value='27450'/>
		<unitScore value='27450'/>
		<killScore value='55950'/>
		<buildingScore value='7075'/>
		<razingScore value='3675'/>
		<mineralScore value='28062'/>
		<gasScore value='11180'/>
		<totalScore value='133392'/>
	</enemy>

	<scoreRatio value='0.941901'/>
	<timeFitness value='0.5'/>
	<unitsAverage value='101'/>
</results>
