<results>
	<result value='loss'/>
	<start value='2015-04-28.19:16:28'/>
	<end value='2015-04-28.19:16:35'/>
	<frames value='18974'/>
	<gameDuration value='1185'/>

	<player>
		<unitScore value='5100'/>
		<killScore value='2400'/>
		<buildingScore value='1675'/>
		<razingScore value='0'/>
		<mineralScore value='6754'/>
		<gasScore value='1128'/>
		<totalScore value='17057'/>
	</player>

	<enemy>
		<race value='Protoss'/>
		<unitScore value='5275'/>
		<unitScore value='5275'/>
		<killScore value='8350'/>
		<buildingScore value='4275'/>
		<razingScore value='5025'/>
		<mineralScore value='9882'/>
		<gasScore value='2928'/>
		<totalScore value='35735'/>
	</enemy>

	<scoreRatio value='0.477319'/>
	<timeFitness value='0.164583'/>
	<unitsAverage value='32'/>
</results>
