<results>
	<result value='loss'/>
	<start value='2015-04-14.14:07:49'/>
	<end value='2015-04-14.14:08:04'/>
	<frames value='31126'/>
	<gameDuration value='1945'/>

	<player>
		<unitScore value='6925'/>
		<killScore value='3800'/>
		<buildingScore value='3100'/>
		<razingScore value='0'/>
		<mineralScore value='10498'/>
		<gasScore value='1760'/>
		<totalScore value='26083'/>
	</player>

	<enemy>
		<race value='Protoss'/>
		<unitScore value='16250'/>
		<unitScore value='16250'/>
		<killScore value='13750'/>
		<buildingScore value='6125'/>
		<razingScore value='9300'/>
		<mineralScore value='19126'/>
		<gasScore value='7544'/>
		<totalScore value='72095'/>
	</enemy>

	<scoreRatio value='0.361787'/>
</results>
