<results>
	<result value='loss'/>
	<start value='2015-05-10.14:35:20'/>
	<end value='2015-05-10.14:36:07'/>
	<frames value='43619'/>
	<gameDuration value='2726'/>

	<player>
		<unitScore value='25850'/>
		<killScore value='34050'/>
		<buildingScore value='3225'/>
		<razingScore value='0'/>
		<mineralScore value='28554'/>
		<gasScore value='4072'/>
		<totalScore value='95751'/>
	</player>

	<enemy>
		<race value='Protoss'/>
		<unitScore value='32845'/>
		<unitScore value='32845'/>
		<killScore value='51700'/>
		<buildingScore value='8150'/>
		<razingScore value='9675'/>
		<mineralScore value='31338'/>
		<gasScore value='10636'/>
		<totalScore value='144344'/>
	</enemy>

	<scoreRatio value='0.663353'/>
	<timeFitness value='0.378611'/>
	<unitsAverage value='93'/>
</results>
