<results>
	<result value='draw'/>
	<start value='2015-05-10.14:42:06'/>
	<end value='2015-05-10.14:43:09'/>
	<frames value='57601'/>
	<gameDuration value='3600'/>

	<player>
		<unitScore value='29525'/>
		<killScore value='53500'/>
		<buildingScore value='3425'/>
		<razingScore value='1200'/>
		<mineralScore value='31462'/>
		<gasScore value='7834'/>
		<totalScore value='126946'/>
	</player>

	<enemy>
		<race value='Protoss'/>
		<unitScore value='35850'/>
		<unitScore value='35850'/>
		<killScore value='48900'/>
		<buildingScore value='7100'/>
		<razingScore value='2100'/>
		<mineralScore value='31550'/>
		<gasScore value='11820'/>
		<totalScore value='137320'/>
	</enemy>

	<scoreRatio value='0.924454'/>
	<timeFitness value='0.5'/>
	<unitsAverage value='105'/>
</results>
