<results>
	<result value='loss'/>
	<start value='2014-07-04.03:02:50'/>
	<end value='2014-07-04.03:02:59'/>
	<frames value='18354'/>
	<gameDuration value='1147'/>

	<player>
		<unitScore value='3625'/>
		<killScore value='1750'/>
		<buildingScore value='2050'/>
		<razingScore value='0'/>
		<mineralScore value='5938'/>
		<gasScore value='864'/>
		<totalScore value='14227'/>
	</player>

	<enemy>
		<race value='Terran'/>
		<unitScore value='6000'/>
		<unitScore value='6000'/>
		<killScore value='7250'/>
		<buildingScore value='2675'/>
		<razingScore value='5925'/>
		<mineralScore value='8378'/>
		<gasScore value='2960'/>
		<totalScore value='33188'/>
	</enemy>

	<scoreRatio value='0.428679'/>
</results>
