<results>
	<result value='loss'/>
	<start value='2015-04-27.09:21:51'/>
	<end value='2015-04-27.09:22:04'/>
	<frames value='20989'/>
	<gameDuration value='1311'/>

	<player>
		<unitScore value='6700'/>
		<killScore value='5500'/>
		<buildingScore value='1975'/>
		<razingScore value='0'/>
		<mineralScore value='7914'/>
		<gasScore value='896'/>
		<totalScore value='22985'/>
	</player>

	<enemy>
		<race value='Terran'/>
		<unitScore value='8150'/>
		<unitScore value='8150'/>
		<killScore value='13400'/>
		<buildingScore value='3225'/>
		<razingScore value='5925'/>
		<mineralScore value='10098'/>
		<gasScore value='4080'/>
		<totalScore value='44878'/>
	</enemy>

	<scoreRatio value='0.512166'/>
</results>
