<results>
	<result value='loss'/>
	<start value='2015-07-19.02:17:31'/>
	<end value='2015-07-19.02:18:09'/>
	<frames value='26817'/>
	<gameDuration value='1676'/>

	<player>
		<unitScore value='8200'/>
		<killScore value='7460'/>
		<buildingScore value='1575'/>
		<razingScore value='0'/>
		<mineralScore value='12170'/>
		<gasScore value='1808'/>
		<totalScore value='31213'/>
	</player>

	<enemy>
		<race value='Zerg'/>
		<unitScore value='11625'/>
		<killScore value='16400'/>
		<buildingScore value='3410'/>
		<razingScore value='4725'/>
		<mineralScore value='14930'/>
		<gasScore value='4328'/>
		<totalScore value='55418'/>
	</enemy>

	<scoreRatio value='0.563229'/>
	<timeFitness value='0.232778'/>
	<unitsAverage value='41'/>
</results>
