<results>
	<result value='draw'/>
	<start value='2015-07-19.02:19:47'/>
	<end value='2015-07-19.02:23:05'/>
	<frames value='57601'/>
	<gameDuration value='3600'/>

	<player>
		<unitScore value='28225'/>
		<killScore value='8350'/>
		<buildingScore value='3525'/>
		<razingScore value='0'/>
		<mineralScore value='22454'/>
		<gasScore value='7822'/>
		<totalScore value='70376'/>
	</player>

	<enemy>
		<race value='Zerg'/>
		<unitScore value='26325'/>
		<killScore value='15900'/>
		<buildingScore value='4790'/>
		<razingScore value='2700'/>
		<mineralScore value='39870'/>
		<gasScore value='12112'/>
		<totalScore value='101697'/>
	</enemy>

	<scoreRatio value='0.692016'/>
	<timeFitness value='0.5'/>
	<unitsAverage value='147'/>
</results>
