<results>
	<result value='loss'/>
	<start value='2015-07-19.02:23:07'/>
	<end value='2015-07-19.02:24:02'/>
	<frames value='31808'/>
	<gameDuration value='1988'/>

	<player>
		<unitScore value='17575'/>
		<killScore value='19100'/>
		<buildingScore value='3175'/>
		<razingScore value='0'/>
		<mineralScore value='23650'/>
		<gasScore value='3048'/>
		<totalScore value='66548'/>
	</player>

	<enemy>
		<race value='Zerg'/>
		<unitScore value='18925'/>
		<killScore value='31900'/>
		<buildingScore value='3580'/>
		<razingScore value='9525'/>
		<mineralScore value='17726'/>
		<gasScore value='6016'/>
		<totalScore value='87672'/>
	</enemy>

	<scoreRatio value='0.759057'/>
	<timeFitness value='0.276111'/>
	<unitsAverage value='58'/>
</results>
