<results>
	<result value='draw'/>
	<start value='2015-05-09.15:13:12'/>
	<end value='2015-05-09.15:14:20'/>
	<frames value='57601'/>
	<gameDuration value='3600'/>

	<player>
		<unitScore value='29625'/>
		<killScore value='59550'/>
		<buildingScore value='4125'/>
		<razingScore value='7725'/>
		<mineralScore value='31966'/>
		<gasScore value='8176'/>
		<totalScore value='141167'/>
	</player>

	<enemy>
		<race value='Protoss'/>
		<unitScore value='34650'/>
		<unitScore value='34650'/>
		<killScore value='51400'/>
		<buildingScore value='6575'/>
		<razingScore value='4050'/>
		<mineralScore value='29726'/>
		<gasScore value='10970'/>
		<totalScore value='137371'/>
	</enemy>

	<scoreRatio value='1.02763'/>
	<timeFitness value='0.5'/>
	<unitsAverage value='98'/>
</results>
