<results>
	<result value='loss'/>
	<start value='2015-05-10.14:21:57'/>
	<end value='2015-05-10.14:22:33'/>
	<frames value='39062'/>
	<gameDuration value='2441'/>

	<player>
		<unitScore value='16725'/>
		<killScore value='15300'/>
		<buildingScore value='2100'/>
		<razingScore value='600'/>
		<mineralScore value='20042'/>
		<gasScore value='3232'/>
		<totalScore value='57999'/>
	</player>

	<enemy>
		<race value='Protoss'/>
		<unitScore value='25375'/>
		<unitScore value='25375'/>
		<killScore value='33200'/>
		<buildingScore value='8025'/>
		<razingScore value='6300'/>
		<mineralScore value='27002'/>
		<gasScore value='10256'/>
		<totalScore value='110158'/>
	</enemy>

	<scoreRatio value='0.526507'/>
	<timeFitness value='0.339028'/>
	<unitsAverage value='51'/>
</results>
