<results>
	<result value='win'/>
	<start value='2015-05-10.14:26:56'/>
	<end value='2015-05-10.14:28:12'/>
	<frames value='34195'/>
	<gameDuration value='2137'/>

	<player>
		<unitScore value='23650'/>
		<killScore value='25450'/>
		<buildingScore value='4275'/>
		<razingScore value='21000'/>
		<mineralScore value='35522'/>
		<gasScore value='3104'/>
		<totalScore value='113001'/>
	</player>

	<enemy>
		<race value='Protoss'/>
		<unitScore value='13175'/>
		<unitScore value='13175'/>
		<killScore value='24300'/>
		<buildingScore value='7000'/>
		<razingScore value='150'/>
		<mineralScore value='18338'/>
		<gasScore value='3880'/>
		<totalScore value='66843'/>
	</enemy>

	<scoreRatio value='1.69054'/>
	<timeFitness value='0.703194'/>
	<unitsAverage value='127'/>
</results>
