<results>
	<result value='loss'/>
	<start value='2015-05-01.16:40:30'/>
	<end value='2015-05-01.16:40:33'/>
	<frames value='6977'/>
	<gameDuration value='436'/>

	<player>
		<unitScore value='600'/>
		<killScore value='0'/>
		<buildingScore value='750'/>
		<razingScore value='0'/>
		<mineralScore value='1066'/>
		<gasScore value='0'/>
		<totalScore value='2416'/>
	</player>

	<enemy>
		<race value='Zerg'/>
		<unitScore value='1150'/>
		<unitScore value='1150'/>
		<killScore value='1200'/>
		<buildingScore value='375'/>
		<razingScore value='2250'/>
		<mineralScore value='1866'/>
		<gasScore value='0'/>
		<totalScore value='6841'/>
	</enemy>

	<scoreRatio value='0.353165'/>
	<timeFitness value='0.0605556'/>
	<unitsAverage value='8'/>
</results>
