<results>
	<result value='loss'/>
	<start value='2015-07-14.04:03:55'/>
	<end value='2015-07-14.04:04:34'/>
	<frames value='43464'/>
	<gameDuration value='2716'/>

	<player>
		<unitScore value='26375'/>
		<killScore value='19400'/>
		<buildingScore value='2225'/>
		<razingScore value='150'/>
		<mineralScore value='23986'/>
		<gasScore value='4336'/>
		<totalScore value='76472'/>
	</player>

	<enemy>
		<race value='Protoss'/>
		<unitScore value='31370'/>
		<killScore value='52750'/>
		<buildingScore value='8025'/>
		<razingScore value='6675'/>
		<mineralScore value='29930'/>
		<gasScore value='11918'/>
		<totalScore value='140668'/>
	</enemy>

	<scoreRatio value='0.543635'/>
	<timeFitness value='0.377222'/>
	<unitsAverage value='70'/>
</results>
