<results>
	<result value='draw'/>
	<start value='2015-07-14.04:04:43'/>
	<end value='2015-07-14.04:06:50'/>
	<frames value='57601'/>
	<gameDuration value='3600'/>

	<player>
		<unitScore value='47275'/>
		<killScore value='32300'/>
		<buildingScore value='4000'/>
		<razingScore value='5850'/>
		<mineralScore value='42266'/>
		<gasScore value='5556'/>
		<totalScore value='137247'/>
	</player>

	<enemy>
		<race value='Protoss'/>
		<unitScore value='21700'/>
		<killScore value='72950'/>
		<buildingScore value='5775'/>
		<razingScore value='3225'/>
		<mineralScore value='17162'/>
		<gasScore value='6980'/>
		<totalScore value='127792'/>
	</enemy>

	<scoreRatio value='1.07399'/>
	<timeFitness value='0.5'/>
	<unitsAverage value='145'/>
</results>
