<results>
	<result value='draw'/>
	<start value='2015-07-14.04:08:55'/>
	<end value='2015-07-14.04:10:49'/>
	<frames value='57601'/>
	<gameDuration value='3600'/>

	<player>
		<unitScore value='32000'/>
		<killScore value='31000'/>
		<buildingScore value='4850'/>
		<razingScore value='9375'/>
		<mineralScore value='42782'/>
		<gasScore value='11614'/>
		<totalScore value='131621'/>
	</player>

	<enemy>
		<race value='Protoss'/>
		<unitScore value='16700'/>
		<killScore value='39750'/>
		<buildingScore value='5050'/>
		<razingScore value='1425'/>
		<mineralScore value='20262'/>
		<gasScore value='8622'/>
		<totalScore value='91809'/>
	</enemy>

	<scoreRatio value='1.43364'/>
	<timeFitness value='0.5'/>
	<unitsAverage value='160'/>
</results>
