<results>
	<result value='loss'/>
	<start value='2015-07-14.04:28:43'/>
	<end value='2015-07-14.04:29:41'/>
	<frames value='43929'/>
	<gameDuration value='2745'/>

	<player>
		<unitScore value='24275'/>
		<killScore value='18400'/>
		<buildingScore value='4650'/>
		<razingScore value='150'/>
		<mineralScore value='31106'/>
		<gasScore value='3800'/>
		<totalScore value='82381'/>
	</player>

	<enemy>
		<race value='Protoss'/>
		<unitScore value='27600'/>
		<killScore value='41550'/>
		<buildingScore value='7125'/>
		<razingScore value='13950'/>
		<mineralScore value='28566'/>
		<gasScore value='10404'/>
		<totalScore value='129195'/>
	</enemy>

	<scoreRatio value='0.637649'/>
	<timeFitness value='0.38125'/>
	<unitsAverage value='95'/>
</results>
