<results>
	<result value='loss'/>
	<start value='2015-04-16.14:28:42'/>
	<end value='2015-04-16.14:28:59'/>
	<frames value='18044'/>
	<gameDuration value='1127'/>

	<player>
		<unitScore value='4350'/>
		<killScore value='2000'/>
		<buildingScore value='2325'/>
		<razingScore value='0'/>
		<mineralScore value='6498'/>
		<gasScore value='1120'/>
		<totalScore value='16293'/>
	</player>

	<enemy>
		<race value='Protoss'/>
		<unitScore value='4525'/>
		<unitScore value='4525'/>
		<killScore value='9050'/>
		<buildingScore value='4325'/>
		<razingScore value='6975'/>
		<mineralScore value='10066'/>
		<gasScore value='2400'/>
		<totalScore value='37341'/>
	</enemy>

	<scoreRatio value='0.43633'/>
</results>
