<results>
	<result value='win'/>
	<start value='2014-07-22.18:04:24'/>
	<end value='2014-07-22.18:06:08'/>
	<frames value='54655'/>
	<gameDuration value='3415'/>

	<player>
		<unitScore value='31525'/>
		<killScore value='66380'/>
		<buildingScore value='3350'/>
		<razingScore value='13665'/>
		<mineralScore value='32790'/>
		<gasScore value='6794'/>
		<totalScore value='154504'/>
	</player>

	<enemy>
		<race value='Zerg'/>
		<unitScore value='31250'/>
		<unitScore value='31250'/>
		<killScore value='41900'/>
		<buildingScore value='4555'/>
		<razingScore value='0'/>
		<mineralScore value='26078'/>
		<gasScore value='10922'/>
		<totalScore value='114705'/>
	</enemy>

	<scoreRatio value='1.34697'/>
</results>
