<results>
	<result value='draw'/>
	<start value='2014-07-22.18:08:40'/>
	<end value='2014-07-22.18:09:49'/>
	<frames value='57601'/>
	<gameDuration value='3600'/>

	<player>
		<unitScore value='20975'/>
		<killScore value='42510'/>
		<buildingScore value='3150'/>
		<razingScore value='2595'/>
		<mineralScore value='22502'/>
		<gasScore value='6464'/>
		<totalScore value='98196'/>
	</player>

	<enemy>
		<race value='Zerg'/>
		<unitScore value='35525'/>
		<unitScore value='35525'/>
		<killScore value='31350'/>
		<buildingScore value='4930'/>
		<razingScore value='2700'/>
		<mineralScore value='36030'/>
		<gasScore value='10736'/>
		<totalScore value='121271'/>
	</enemy>

	<scoreRatio value='0.809724'/>
</results>
