<results>
	<result value='win'/>
	<start value='2015-05-09.07:20:33'/>
	<end value='2015-05-09.07:20:51'/>
	<frames value='23686'/>
	<gameDuration value='1480'/>

	<player>
		<unitScore value='13950'/>
		<killScore value='16200'/>
		<buildingScore value='3975'/>
		<razingScore value='5400'/>
		<mineralScore value='23010'/>
		<gasScore value='2688'/>
		<totalScore value='65223'/>
	</player>

	<enemy>
		<race value='Terran'/>
		<unitScore value='8100'/>
		<unitScore value='8100'/>
		<killScore value='9450'/>
		<buildingScore value='1800'/>
		<razingScore value='0'/>
		<mineralScore value='9114'/>
		<gasScore value='2632'/>
		<totalScore value='31096'/>
	</enemy>

	<scoreRatio value='2.09747'/>
	<timeFitness value='0.794444'/>
	<unitsAverage value='85'/>
</results>
