<results>
	<result value='win'/>
	<start value='2015-05-09.07:24:02'/>
	<end value='2015-05-09.07:24:18'/>
	<frames value='22818'/>
	<gameDuration value='1426'/>

	<player>
		<unitScore value='11850'/>
		<killScore value='14600'/>
		<buildingScore value='3450'/>
		<razingScore value='6750'/>
		<mineralScore value='21390'/>
		<gasScore value='1880'/>
		<totalScore value='59920'/>
	</player>

	<enemy>
		<race value='Terran'/>
		<unitScore value='7400'/>
		<unitScore value='7400'/>
		<killScore value='7350'/>
		<buildingScore value='2250'/>
		<razingScore value='525'/>
		<mineralScore value='9098'/>
		<gasScore value='2696'/>
		<totalScore value='29319'/>
	</enemy>

	<scoreRatio value='2.04373'/>
	<timeFitness value='0.801944'/>
	<unitsAverage value='75'/>
</results>
