<results>
	<result value='loss'/>
	<start value='2015-05-09.07:24:37'/>
	<end value='2015-05-09.07:24:44'/>
	<frames value='17486'/>
	<gameDuration value='1092'/>

	<player>
		<unitScore value='4025'/>
		<killScore value='500'/>
		<buildingScore value='1975'/>
		<razingScore value='0'/>
		<mineralScore value='6274'/>
		<gasScore value='1008'/>
		<totalScore value='13782'/>
	</player>

	<enemy>
		<race value='Terran'/>
		<unitScore value='6125'/>
		<unitScore value='6125'/>
		<killScore value='8050'/>
		<buildingScore value='2700'/>
		<razingScore value='5925'/>
		<mineralScore value='8010'/>
		<gasScore value='2616'/>
		<totalScore value='33426'/>
	</enemy>

	<scoreRatio value='0.412314'/>
	<timeFitness value='0.151667'/>
	<unitsAverage value='28'/>
</results>
