<results>
	<result value='win'/>
	<start value='2015-05-06.00:12:22'/>
	<end value='2015-05-06.00:12:43'/>
	<frames value='21361'/>
	<gameDuration value='1335'/>

	<player>
		<unitScore value='10625'/>
		<killScore value='20450'/>
		<buildingScore value='2300'/>
		<razingScore value='4425'/>
		<mineralScore value='14090'/>
		<gasScore value='2088'/>
		<totalScore value='53978'/>
	</player>

	<enemy>
		<race value='Zerg'/>
		<unitScore value='8875'/>
		<unitScore value='8875'/>
		<killScore value='7750'/>
		<buildingScore value='1475'/>
		<razingScore value='0'/>
		<mineralScore value='8386'/>
		<gasScore value='2296'/>
		<totalScore value='28782'/>
	</enemy>

	<scoreRatio value='1.87541'/>
	<timeFitness value='0.814583'/>
	<unitsAverage value='67'/>
</results>
