<results>
	<result value='win'/>
	<start value='2015-05-06.00:22:52'/>
	<end value='2015-05-06.00:24:00'/>
	<frames value='52268'/>
	<gameDuration value='3266'/>

	<player>
		<unitScore value='28375'/>
		<killScore value='58000'/>
		<buildingScore value='2950'/>
		<razingScore value='10470'/>
		<mineralScore value='29966'/>
		<gasScore value='3568'/>
		<totalScore value='133329'/>
	</player>

	<enemy>
		<race value='Zerg'/>
		<unitScore value='25950'/>
		<unitScore value='25950'/>
		<killScore value='42700'/>
		<buildingScore value='3490'/>
		<razingScore value='0'/>
		<mineralScore value='22858'/>
		<gasScore value='6440'/>
		<totalScore value='101438'/>
	</enemy>

	<scoreRatio value='1.31439'/>
	<timeFitness value='0.546389'/>
	<unitsAverage value='101'/>
</results>
