<results>
	<result value='draw'/>
	<start value='2015-05-06.00:50:08'/>
	<end value='2015-05-06.00:51:10'/>
	<frames value='57601'/>
	<gameDuration value='3600'/>

	<player>
		<unitScore value='22650'/>
		<killScore value='49730'/>
		<buildingScore value='3150'/>
		<razingScore value='2865'/>
		<mineralScore value='25402'/>
		<gasScore value='5042'/>
		<totalScore value='108839'/>
	</player>

	<enemy>
		<race value='Zerg'/>
		<unitScore value='32075'/>
		<unitScore value='32075'/>
		<killScore value='36550'/>
		<buildingScore value='4920'/>
		<razingScore value='3000'/>
		<mineralScore value='30382'/>
		<gasScore value='11126'/>
		<totalScore value='118053'/>
	</enemy>

	<scoreRatio value='0.92195'/>
	<timeFitness value='0.5'/>
	<unitsAverage value='76'/>
</results>
