<results>
	<result value='loss'/>
	<start value='2015-07-19.07:28:18'/>
	<end value='2015-07-19.07:28:54'/>
	<frames value='25670'/>
	<gameDuration value='1604'/>

	<player>
		<unitScore value='10200'/>
		<killScore value='5600'/>
		<buildingScore value='2800'/>
		<razingScore value='0'/>
		<mineralScore value='11330'/>
		<gasScore value='1768'/>
		<totalScore value='31698'/>
	</player>

	<enemy>
		<race value='Zerg'/>
		<unitScore value='13250'/>
		<killScore value='20250'/>
		<buildingScore value='3190'/>
		<razingScore value='8400'/>
		<mineralScore value='14898'/>
		<gasScore value='4816'/>
		<totalScore value='64804'/>
	</enemy>

	<scoreRatio value='0.489136'/>
	<timeFitness value='0.222778'/>
	<unitsAverage value='48'/>
</results>
