<results>
	<result value='loss'/>
	<start value='2015-07-19.07:32:15'/>
	<end value='2015-07-19.07:32:38'/>
	<frames value='21671'/>
	<gameDuration value='1354'/>

	<player>
		<unitScore value='8025'/>
		<killScore value='4800'/>
		<buildingScore value='2350'/>
		<razingScore value='0'/>
		<mineralScore value='8650'/>
		<gasScore value='1912'/>
		<totalScore value='25737'/>
	</player>

	<enemy>
		<race value='Zerg'/>
		<unitScore value='8925'/>
		<killScore value='14750'/>
		<buildingScore value='2760'/>
		<razingScore value='7050'/>
		<mineralScore value='10986'/>
		<gasScore value='3280'/>
		<totalScore value='47751'/>
	</enemy>

	<scoreRatio value='0.538983'/>
	<timeFitness value='0.188056'/>
	<unitsAverage value='36'/>
</results>
