<results>
	<result value='loss'/>
	<start value='2015-07-19.07:47:12'/>
	<end value='2015-07-19.07:47:31'/>
	<frames value='18912'/>
	<gameDuration value='1182'/>

	<player>
		<unitScore value='3400'/>
		<killScore value='1150'/>
		<buildingScore value='1575'/>
		<razingScore value='0'/>
		<mineralScore value='4458'/>
		<gasScore value='864'/>
		<totalScore value='11447'/>
	</player>

	<enemy>
		<race value='Zerg'/>
		<unitScore value='6850'/>
		<killScore value='6650'/>
		<buildingScore value='1775'/>
		<razingScore value='4725'/>
		<mineralScore value='8210'/>
		<gasScore value='2632'/>
		<totalScore value='30842'/>
	</enemy>

	<scoreRatio value='0.37115'/>
	<timeFitness value='0.164167'/>
	<unitsAverage value='21'/>
</results>
