<results>
	<result value='loss'/>
	<start value='2015-07-19.07:54:54'/>
	<end value='2015-07-19.07:56:08'/>
	<frames value='28460'/>
	<gameDuration value='1778'/>

	<player>
		<unitScore value='11875'/>
		<killScore value='7600'/>
		<buildingScore value='3900'/>
		<razingScore value='0'/>
		<mineralScore value='17818'/>
		<gasScore value='1592'/>
		<totalScore value='42785'/>
	</player>

	<enemy>
		<race value='Zerg'/>
		<unitScore value='15950'/>
		<killScore value='23200'/>
		<buildingScore value='3345'/>
		<razingScore value='11700'/>
		<mineralScore value='17374'/>
		<gasScore value='5440'/>
		<totalScore value='77009'/>
	</enemy>

	<scoreRatio value='0.555584'/>
	<timeFitness value='0.246944'/>
	<unitsAverage value='59'/>
</results>
