<results>
	<result value='win'/>
	<start value='2015-05-01.19:23:51'/>
	<end value='2015-05-01.19:24:08'/>
	<frames value='24337'/>
	<gameDuration value='1521'/>

	<player>
		<unitScore value='14550'/>
		<killScore value='23920'/>
		<buildingScore value='3450'/>
		<razingScore value='4560'/>
		<mineralScore value='19334'/>
		<gasScore value='2016'/>
		<totalScore value='67830'/>
	</player>

	<enemy>
		<race value='Zerg'/>
		<unitScore value='10400'/>
		<unitScore value='10400'/>
		<killScore value='14250'/>
		<buildingScore value='1520'/>
		<razingScore value='0'/>
		<mineralScore value='9418'/>
		<gasScore value='2808'/>
		<totalScore value='38396'/>
	</enemy>

	<scoreRatio value='1.76659'/>
	<timeFitness value='0.78875'/>
	<unitsAverage value='76'/>
</results>
