<results>
	<result value='win'/>
	<start value='2014-07-01.05:59:11'/>
	<end value='2014-07-01.05:59:33'/>
	<frames value='27003'/>
	<gameDuration value='1687'/>

	<player>
		<unitScore value='15350'/>
		<killScore value='12300'/>
		<buildingScore value='3500'/>
		<razingScore value='13725'/>
		<mineralScore value='24978'/>
		<gasScore value='2680'/>
		<totalScore value='72533'/>
	</player>

	<enemy>
		<race value='Protoss'/>
		<unitScore value='6350'/>
		<unitScore value='6350'/>
		<killScore value='9150'/>
		<buildingScore value='4575'/>
		<razingScore value='150'/>
		<mineralScore value='14322'/>
		<gasScore value='2880'/>
		<totalScore value='37427'/>
	</enemy>

	<scoreRatio value='1.93799'/>
</results>
