<results>
	<result value='loss'/>
	<start value='2015-07-18.05:00:20'/>
	<end value='2015-07-18.05:00:47'/>
	<frames value='33172'/>
	<gameDuration value='2073'/>

	<player>
		<unitScore value='16250'/>
		<killScore value='7700'/>
		<buildingScore value='2625'/>
		<razingScore value='300'/>
		<mineralScore value='14566'/>
		<gasScore value='3152'/>
		<totalScore value='44593'/>
	</player>

	<enemy>
		<race value='Protoss'/>
		<unitScore value='16850'/>
		<killScore value='30100'/>
		<buildingScore value='6975'/>
		<razingScore value='7875'/>
		<mineralScore value='23682'/>
		<gasScore value='7384'/>
		<totalScore value='92866'/>
	</enemy>

	<scoreRatio value='0.480186'/>
	<timeFitness value='0.287917'/>
	<unitsAverage value='51'/>
</results>
