<results>
	<result value='win'/>
	<start value='2015-07-18.05:08:36'/>
	<end value='2015-07-18.05:09:09'/>
	<frames value='26166'/>
	<gameDuration value='1635'/>

	<player>
		<unitScore value='16800'/>
		<killScore value='16800'/>
		<buildingScore value='4025'/>
		<razingScore value='8775'/>
		<mineralScore value='24794'/>
		<gasScore value='2928'/>
		<totalScore value='74122'/>
	</player>

	<enemy>
		<race value='Protoss'/>
		<unitScore value='8400'/>
		<killScore value='13650'/>
		<buildingScore value='2925'/>
		<razingScore value='0'/>
		<mineralScore value='10106'/>
		<gasScore value='2848'/>
		<totalScore value='37929'/>
	</enemy>

	<scoreRatio value='1.95423'/>
	<timeFitness value='0.772917'/>
	<unitsAverage value='87'/>
</results>
