<results>
	<result value='draw'/>
	<start value='2015-07-18.05:23:52'/>
	<end value='2015-07-18.05:25:17'/>
	<frames value='57601'/>
	<gameDuration value='3600'/>

	<player>
		<unitScore value='28875'/>
		<killScore value='57300'/>
		<buildingScore value='2300'/>
		<razingScore value='5400'/>
		<mineralScore value='24194'/>
		<gasScore value='4376'/>
		<totalScore value='122445'/>
	</player>

	<enemy>
		<race value='Protoss'/>
		<unitScore value='39175'/>
		<killScore value='56100'/>
		<buildingScore value='9725'/>
		<razingScore value='3000'/>
		<mineralScore value='37746'/>
		<gasScore value='11090'/>
		<totalScore value='156836'/>
	</enemy>

	<scoreRatio value='0.78072'/>
	<timeFitness value='0.5'/>
	<unitsAverage value='91'/>
</results>
