<results>
	<result value='loss'/>
	<start value='2015-07-18.19:31:55'/>
	<end value='2015-07-18.19:32:09'/>
	<frames value='18695'/>
	<gameDuration value='1168'/>

	<player>
		<unitScore value='5325'/>
		<killScore value='2500'/>
		<buildingScore value='1800'/>
		<razingScore value='0'/>
		<mineralScore value='6298'/>
		<gasScore value='784'/>
		<totalScore value='16707'/>
	</player>

	<enemy>
		<race value='Protoss'/>
		<unitScore value='4300'/>
		<killScore value='10000'/>
		<buildingScore value='4025'/>
		<razingScore value='5400'/>
		<mineralScore value='9546'/>
		<gasScore value='2280'/>
		<totalScore value='35551'/>
	</enemy>

	<scoreRatio value='0.469945'/>
	<timeFitness value='0.162222'/>
	<unitsAverage value='26'/>
</results>
