<results>
	<result value='win'/>
	<start value='2015-05-08.19:49:14'/>
	<end value='2015-05-08.19:49:48'/>
	<frames value='31343'/>
	<gameDuration value='1958'/>

	<player>
		<unitScore value='18675'/>
		<killScore value='35750'/>
		<buildingScore value='3925'/>
		<razingScore value='9525'/>
		<mineralScore value='27370'/>
		<gasScore value='3024'/>
		<totalScore value='98269'/>
	</player>

	<enemy>
		<race value='Terran'/>
		<unitScore value='17875'/>
		<unitScore value='17875'/>
		<killScore value='15150'/>
		<buildingScore value='3175'/>
		<razingScore value='150'/>
		<mineralScore value='15378'/>
		<gasScore value='7312'/>
		<totalScore value='59040'/>
	</enemy>

	<scoreRatio value='1.66445'/>
	<timeFitness value='0.728056'/>
	<unitsAverage value='108'/>
</results>
