<results>
	<result value='win'/>
	<start value='2014-07-24.00:47:03'/>
	<end value='2014-07-24.00:47:21'/>
	<frames value='22539'/>
	<gameDuration value='1408'/>

	<player>
		<unitScore value='12100'/>
		<killScore value='18540'/>
		<buildingScore value='3975'/>
		<razingScore value='5040'/>
		<mineralScore value='22178'/>
		<gasScore value='1848'/>
		<totalScore value='63681'/>
	</player>

	<enemy>
		<race value='Zerg'/>
		<unitScore value='8575'/>
		<unitScore value='8575'/>
		<killScore value='5300'/>
		<buildingScore value='1680'/>
		<razingScore value='0'/>
		<mineralScore value='8810'/>
		<gasScore value='2672'/>
		<totalScore value='27037'/>
	</enemy>

	<scoreRatio value='2.35533'/>
</results>
