<results>
	<result value='draw'/>
	<start value='2015-05-11.02:42:08'/>
	<end value='2015-05-11.02:43:55'/>
	<frames value='57601'/>
	<gameDuration value='3600'/>

	<player>
		<unitScore value='23775'/>
		<killScore value='68560'/>
		<buildingScore value='4200'/>
		<razingScore value='4905'/>
		<mineralScore value='35918'/>
		<gasScore value='3000'/>
		<totalScore value='140358'/>
	</player>

	<enemy>
		<race value='Zerg'/>
		<unitScore value='32200'/>
		<unitScore value='32200'/>
		<killScore value='40000'/>
		<buildingScore value='4180'/>
		<razingScore value='4725'/>
		<mineralScore value='27050'/>
		<gasScore value='12478'/>
		<totalScore value='120633'/>
	</enemy>

	<scoreRatio value='1.16351'/>
	<timeFitness value='0.5'/>
	<unitsAverage value='88'/>
</results>
