<results>
	<result value='win'/>
	<start value='2015-05-11.02:48:22'/>
	<end value='2015-05-11.02:50:00'/>
	<frames value='39310'/>
	<gameDuration value='2456'/>

	<player>
		<unitScore value='26050'/>
		<killScore value='49710'/>
		<buildingScore value='4300'/>
		<razingScore value='7830'/>
		<mineralScore value='33690'/>
		<gasScore value='2488'/>
		<totalScore value='124068'/>
	</player>

	<enemy>
		<race value='Zerg'/>
		<unitScore value='21950'/>
		<unitScore value='21950'/>
		<killScore value='28800'/>
		<buildingScore value='2610'/>
		<razingScore value='1500'/>
		<mineralScore value='18594'/>
		<gasScore value='6688'/>
		<totalScore value='80142'/>
	</enemy>

	<scoreRatio value='1.5481'/>
	<timeFitness value='0.658889'/>
	<unitsAverage value='131'/>
</results>
