<results>
	<result value='win'/>
	<start value='2015-05-11.03:05:26'/>
	<end value='2015-05-11.03:08:33'/>
	<frames value='54097'/>
	<gameDuration value='3381'/>

	<player>
		<unitScore value='25600'/>
		<killScore value='45525'/>
		<buildingScore value='5300'/>
		<razingScore value='10605'/>
		<mineralScore value='40662'/>
		<gasScore value='6798'/>
		<totalScore value='134490'/>
	</player>

	<enemy>
		<race value='Zerg'/>
		<unitScore value='20825'/>
		<unitScore value='20825'/>
		<killScore value='26550'/>
		<buildingScore value='3535'/>
		<razingScore value='150'/>
		<mineralScore value='20606'/>
		<gasScore value='5896'/>
		<totalScore value='77562'/>
	</enemy>

	<scoreRatio value='1.73397'/>
	<timeFitness value='0.530417'/>
	<unitsAverage value='169'/>
</results>
