<results>
	<result value='win'/>
	<start value='2015-04-25.05:12:54'/>
	<end value='2015-04-25.05:13:05'/>
	<frames value='17641'/>
	<gameDuration value='1102'/>

	<player>
		<unitScore value='6050'/>
		<killScore value='10650'/>
		<buildingScore value='1750'/>
		<razingScore value='4350'/>
		<mineralScore value='8458'/>
		<gasScore value='1264'/>
		<totalScore value='32522'/>
	</player>

	<enemy>
		<race value='Terran'/>
		<unitScore value='5325'/>
		<unitScore value='5325'/>
		<killScore value='4400'/>
		<buildingScore value='1450'/>
		<razingScore value='150'/>
		<mineralScore value='7490'/>
		<gasScore value='2248'/>
		<totalScore value='21063'/>
	</enemy>

	<scoreRatio value='1.54403'/>
</results>
