<results>
	<result value='loss'/>
	<start value='2015-04-25.05:19:12'/>
	<end value='2015-04-25.05:19:34'/>
	<frames value='37047'/>
	<gameDuration value='2315'/>

	<player>
		<unitScore value='7200'/>
		<killScore value='8200'/>
		<buildingScore value='2025'/>
		<razingScore value='0'/>
		<mineralScore value='12226'/>
		<gasScore value='936'/>
		<totalScore value='30587'/>
	</player>

	<enemy>
		<race value='Terran'/>
		<unitScore value='23400'/>
		<unitScore value='23400'/>
		<killScore value='14400'/>
		<buildingScore value='4900'/>
		<razingScore value='6075'/>
		<mineralScore value='19078'/>
		<gasScore value='11128'/>
		<totalScore value='78981'/>
	</enemy>

	<scoreRatio value='0.38727'/>
</results>
