<results>
	<result value='loss'/>
	<start value='2015-07-11.18:21:57'/>
	<end value='2015-07-11.18:22:06'/>
	<frames value='18137'/>
	<gameDuration value='1133'/>

	<player>
		<unitScore value='4675'/>
		<killScore value='1000'/>
		<buildingScore value='1925'/>
		<razingScore value='0'/>
		<mineralScore value='6146'/>
		<gasScore value='728'/>
		<totalScore value='14474'/>
	</player>

	<enemy>
		<race value='Protoss'/>
		<unitScore value='3700'/>
		<killScore value='9350'/>
		<buildingScore value='4125'/>
		<razingScore value='5775'/>
		<mineralScore value='9738'/>
		<gasScore value='1736'/>
		<totalScore value='34424'/>
	</enemy>

	<scoreRatio value='0.420462'/>
	<timeFitness value='0.157361'/>
	<unitsAverage value='25'/>
</results>
