<results>
	<result value='loss'/>
	<start value='2015-07-11.18:28:52'/>
	<end value='2015-07-11.18:29:02'/>
	<frames value='19377'/>
	<gameDuration value='1211'/>

	<player>
		<unitScore value='6075'/>
		<killScore value='600'/>
		<buildingScore value='1825'/>
		<razingScore value='0'/>
		<mineralScore value='7794'/>
		<gasScore value='1080'/>
		<totalScore value='17374'/>
	</player>

	<enemy>
		<race value='Protoss'/>
		<unitScore value='5425'/>
		<killScore value='12050'/>
		<buildingScore value='4375'/>
		<razingScore value='5475'/>
		<mineralScore value='10234'/>
		<gasScore value='2408'/>
		<totalScore value='39967'/>
	</enemy>

	<scoreRatio value='0.434709'/>
	<timeFitness value='0.168194'/>
	<unitsAverage value='32'/>
</results>
