<results>
	<result value='loss'/>
	<start value='2015-05-09.05:49:29'/>
	<end value='2015-05-09.05:49:36'/>
	<frames value='19687'/>
	<gameDuration value='1230'/>

	<player>
		<unitScore value='5325'/>
		<killScore value='3300'/>
		<buildingScore value='2125'/>
		<razingScore value='0'/>
		<mineralScore value='7234'/>
		<gasScore value='800'/>
		<totalScore value='18784'/>
	</player>

	<enemy>
		<race value='Terran'/>
		<unitScore value='8050'/>
		<unitScore value='8050'/>
		<killScore value='10650'/>
		<buildingScore value='2850'/>
		<razingScore value='6375'/>
		<mineralScore value='9226'/>
		<gasScore value='3504'/>
		<totalScore value='40655'/>
	</enemy>

	<scoreRatio value='0.462034'/>
	<timeFitness value='0.170833'/>
	<unitsAverage value='32'/>
</results>
