<results>
	<result value='win'/>
	<start value='2015-05-09.05:53:06'/>
	<end value='2015-05-09.05:54:17'/>
	<frames value='55430'/>
	<gameDuration value='3464'/>

	<player>
		<unitScore value='28775'/>
		<killScore value='44600'/>
		<buildingScore value='4400'/>
		<razingScore value='15225'/>
		<mineralScore value='31290'/>
		<gasScore value='4224'/>
		<totalScore value='128514'/>
	</player>

	<enemy>
		<race value='Terran'/>
		<unitScore value='25500'/>
		<unitScore value='25500'/>
		<killScore value='34250'/>
		<buildingScore value='5075'/>
		<razingScore value='3300'/>
		<mineralScore value='20546'/>
		<gasScore value='10278'/>
		<totalScore value='98949'/>
	</enemy>

	<scoreRatio value='1.29879'/>
	<timeFitness value='0.518889'/>
	<unitsAverage value='122'/>
</results>
