<results>
	<result value='loss'/>
	<start value='2015-07-21.14:56:52'/>
	<end value='2015-07-21.14:57:23'/>
	<frames value='20803'/>
	<gameDuration value='1300'/>

	<player>
		<unitScore value='6150'/>
		<killScore value='1550'/>
		<buildingScore value='2150'/>
		<razingScore value='0'/>
		<mineralScore value='11442'/>
		<gasScore value='0'/>
		<totalScore value='21292'/>
	</player>

	<enemy>
		<race value='Zerg'/>
		<unitScore value='8400'/>
		<killScore value='10000'/>
		<buildingScore value='2615'/>
		<razingScore value='6450'/>
		<mineralScore value='10530'/>
		<gasScore value='3072'/>
		<totalScore value='41067'/>
	</enemy>

	<scoreRatio value='0.51847'/>
	<timeFitness value='0.180556'/>
	<unitsAverage value='35'/>
</results>
