<results>
	<result value='loss'/>
	<start value='2015-07-21.15:12:05'/>
	<end value='2015-07-21.15:13:05'/>
	<frames value='40829'/>
	<gameDuration value='2551'/>

	<player>
		<unitScore value='24725'/>
		<killScore value='24775'/>
		<buildingScore value='3950'/>
		<razingScore value='0'/>
		<mineralScore value='24154'/>
		<gasScore value='4048'/>
		<totalScore value='81652'/>
	</player>

	<enemy>
		<race value='Zerg'/>
		<unitScore value='29375'/>
		<killScore value='41650'/>
		<buildingScore value='5065'/>
		<razingScore value='11850'/>
		<mineralScore value='26074'/>
		<gasScore value='10268'/>
		<totalScore value='124282'/>
	</enemy>

	<scoreRatio value='0.65699'/>
	<timeFitness value='0.354306'/>
	<unitsAverage value='87'/>
</results>
