<results>
	<result value='loss'/>
	<start value='2015-04-16.16:46:54'/>
	<end value='2015-04-16.16:47:07'/>
	<frames value='14882'/>
	<gameDuration value='930'/>

	<player>
		<unitScore value='2925'/>
		<killScore value='1000'/>
		<buildingScore value='1550'/>
		<razingScore value='0'/>
		<mineralScore value='4634'/>
		<gasScore value='736'/>
		<totalScore value='10845'/>
	</player>

	<enemy>
		<race value='Protoss'/>
		<unitScore value='3550'/>
		<unitScore value='3550'/>
		<killScore value='5850'/>
		<buildingScore value='2375'/>
		<razingScore value='4650'/>
		<mineralScore value='7602'/>
		<gasScore value='1192'/>
		<totalScore value='25219'/>
	</enemy>

	<scoreRatio value='0.430033'/>
</results>
