<results>
	<result value='loss'/>
	<start value='2014-07-04.14:18:51'/>
	<end value='2014-07-04.14:19:02'/>
	<frames value='20555'/>
	<gameDuration value='1284'/>

	<player>
		<unitScore value='5250'/>
		<killScore value='6050'/>
		<buildingScore value='1300'/>
		<razingScore value='0'/>
		<mineralScore value='5762'/>
		<gasScore value='1280'/>
		<totalScore value='19642'/>
	</player>

	<enemy>
		<race value='Zerg'/>
		<unitScore value='7950'/>
		<unitScore value='7950'/>
		<killScore value='8750'/>
		<buildingScore value='2630'/>
		<razingScore value='3900'/>
		<mineralScore value='9826'/>
		<gasScore value='2896'/>
		<totalScore value='35952'/>
	</enemy>

	<scoreRatio value='0.54634'/>
</results>
