<results>
	<result value='win'/>
	<start value='2015-05-01.02:22:24'/>
	<end value='2015-05-01.02:23:35'/>
	<frames value='43309'/>
	<gameDuration value='2706'/>

	<player>
		<unitScore value='25475'/>
		<killScore value='47100'/>
		<buildingScore value='3550'/>
		<razingScore value='24075'/>
		<mineralScore value='28798'/>
		<gasScore value='4480'/>
		<totalScore value='133478'/>
	</player>

	<enemy>
		<race value='Protoss'/>
		<unitScore value='24900'/>
		<unitScore value='24900'/>
		<killScore value='28950'/>
		<buildingScore value='8025'/>
		<razingScore value='600'/>
		<mineralScore value='24346'/>
		<gasScore value='7882'/>
		<totalScore value='94703'/>
	</enemy>

	<scoreRatio value='1.40944'/>
</results>
