<results>
	<result value='loss'/>
	<start value='2015-05-04.04:57:19'/>
	<end value='2015-05-04.04:57:27'/>
	<frames value='16866'/>
	<gameDuration value='1054'/>

	<player>
		<unitScore value='3950'/>
		<killScore value='1000'/>
		<buildingScore value='1825'/>
		<razingScore value='0'/>
		<mineralScore value='5826'/>
		<gasScore value='0'/>
		<totalScore value='12601'/>
	</player>

	<enemy>
		<race value='Protoss'/>
		<unitScore value='3700'/>
		<unitScore value='3700'/>
		<killScore value='7700'/>
		<buildingScore value='4025'/>
		<razingScore value='5475'/>
		<mineralScore value='8850'/>
		<gasScore value='1792'/>
		<totalScore value='31542'/>
	</enemy>

	<scoreRatio value='0.399499'/>
	<timeFitness value='0.146389'/>
	<unitsAverage value='23'/>
</results>
