<results>
	<result value='win'/>
	<start value='2015-05-04.05:05:17'/>
	<end value='2015-05-04.05:06:19'/>
	<frames value='41790'/>
	<gameDuration value='2611'/>

	<player>
		<unitScore value='19175'/>
		<killScore value='19700'/>
		<buildingScore value='4900'/>
		<razingScore value='19050'/>
		<mineralScore value='41130'/>
		<gasScore value='6096'/>
		<totalScore value='110051'/>
	</player>

	<enemy>
		<race value='Protoss'/>
		<unitScore value='10500'/>
		<unitScore value='10500'/>
		<killScore value='12350'/>
		<buildingScore value='6350'/>
		<razingScore value='300'/>
		<mineralScore value='16342'/>
		<gasScore value='3104'/>
		<totalScore value='48946'/>
	</enemy>

	<scoreRatio value='2.24842'/>
	<timeFitness value='0.637361'/>
	<unitsAverage value='132'/>
</results>
