<results>
	<result value='win'/>
	<start value='2015-04-13.00:56:43'/>
	<end value='2015-04-13.00:57:04'/>
	<frames value='28584'/>
	<gameDuration value='1786'/>

	<player>
		<unitScore value='16175'/>
		<killScore value='16000'/>
		<buildingScore value='3100'/>
		<razingScore value='12225'/>
		<mineralScore value='19722'/>
		<gasScore value='2944'/>
		<totalScore value='70166'/>
	</player>

	<enemy>
		<race value='Protoss'/>
		<unitScore value='8700'/>
		<unitScore value='8700'/>
		<killScore value='15900'/>
		<buildingScore value='4075'/>
		<razingScore value='0'/>
		<mineralScore value='10954'/>
		<gasScore value='2480'/>
		<totalScore value='42109'/>
	</enemy>

	<scoreRatio value='1.66629'/>
</results>
