<results>
	<result value='loss'/>
	<start value='2015-04-13.00:57:42'/>
	<end value='2015-04-13.00:58:15'/>
	<frames value='50532'/>
	<gameDuration value='3158'/>

	<player>
		<unitScore value='22125'/>
		<killScore value='54150'/>
		<buildingScore value='3150'/>
		<razingScore value='1800'/>
		<mineralScore value='23962'/>
		<gasScore value='4272'/>
		<totalScore value='109459'/>
	</player>

	<enemy>
		<race value='Protoss'/>
		<unitScore value='42725'/>
		<unitScore value='42725'/>
		<killScore value='44250'/>
		<buildingScore value='7475'/>
		<razingScore value='9450'/>
		<mineralScore value='35762'/>
		<gasScore value='12538'/>
		<totalScore value='152200'/>
	</enemy>

	<scoreRatio value='0.719179'/>
</results>
