<results>
	<result value='win'/>
	<start value='2014-07-10.17:22:13'/>
	<end value='2014-07-10.17:22:42'/>
	<frames value='30351'/>
	<gameDuration value='1896'/>

	<player>
		<unitScore value='17800'/>
		<killScore value='18200'/>
		<buildingScore value='3925'/>
		<razingScore value='12450'/>
		<mineralScore value='31682'/>
		<gasScore value='3096'/>
		<totalScore value='87153'/>
	</player>

	<enemy>
		<race value='Protoss'/>
		<unitScore value='9850'/>
		<unitScore value='9850'/>
		<killScore value='14200'/>
		<buildingScore value='4150'/>
		<razingScore value='0'/>
		<mineralScore value='16074'/>
		<gasScore value='1944'/>
		<totalScore value='46218'/>
	</enemy>

	<scoreRatio value='1.88569'/>
</results>
