<results>
	<result value='loss'/>
	<start value='2014-07-10.17:24:54'/>
	<end value='2014-07-10.17:25:01'/>
	<frames value='15502'/>
	<gameDuration value='968'/>

	<player>
		<unitScore value='3225'/>
		<killScore value='1600'/>
		<buildingScore value='1075'/>
		<razingScore value='0'/>
		<mineralScore value='4242'/>
		<gasScore value='768'/>
		<totalScore value='10910'/>
	</player>

	<enemy>
		<race value='Protoss'/>
		<unitScore value='3550'/>
		<unitScore value='3550'/>
		<killScore value='6450'/>
		<buildingScore value='3525'/>
		<razingScore value='3225'/>
		<mineralScore value='8250'/>
		<gasScore value='1512'/>
		<totalScore value='26512'/>
	</enemy>

	<scoreRatio value='0.411512'/>
</results>
