<results>
	<result value='loss'/>
	<start value='2015-07-12.17:57:23'/>
	<end value='2015-07-12.17:57:38'/>
	<frames value='16060'/>
	<gameDuration value='1003'/>

	<player>
		<unitScore value='3975'/>
		<killScore value='700'/>
		<buildingScore value='1700'/>
		<razingScore value='0'/>
		<mineralScore value='5130'/>
		<gasScore value='832'/>
		<totalScore value='12337'/>
	</player>

	<enemy>
		<race value='Terran'/>
		<unitScore value='5775'/>
		<killScore value='7850'/>
		<buildingScore value='1850'/>
		<razingScore value='5100'/>
		<mineralScore value='7378'/>
		<gasScore value='2320'/>
		<totalScore value='30273'/>
	</enemy>

	<scoreRatio value='0.407525'/>
	<timeFitness value='0.139306'/>
	<unitsAverage value='22'/>
</results>
