<results>
	<result value='draw'/>
	<start value='2015-07-12.18:02:07'/>
	<end value='2015-07-12.18:05:30'/>
	<frames value='57601'/>
	<gameDuration value='3600'/>

	<player>
		<unitScore value='37175'/>
		<killScore value='25400'/>
		<buildingScore value='5425'/>
		<razingScore value='150'/>
		<mineralScore value='43478'/>
		<gasScore value='6216'/>
		<totalScore value='117844'/>
	</player>

	<enemy>
		<race value='Terran'/>
		<unitScore value='19075'/>
		<killScore value='57250'/>
		<buildingScore value='3050'/>
		<razingScore value='2550'/>
		<mineralScore value='19442'/>
		<gasScore value='6450'/>
		<totalScore value='107817'/>
	</enemy>

	<scoreRatio value='1.093'/>
	<timeFitness value='0.5'/>
	<unitsAverage value='134'/>
</results>
