<results>
	<result value='loss'/>
	<start value='2015-07-12.18:09:50'/>
	<end value='2015-07-12.18:10:30'/>
	<frames value='26631'/>
	<gameDuration value='1664'/>

	<player>
		<unitScore value='13275'/>
		<killScore value='4450'/>
		<buildingScore value='3425'/>
		<razingScore value='0'/>
		<mineralScore value='15278'/>
		<gasScore value='1824'/>
		<totalScore value='38252'/>
	</player>

	<enemy>
		<race value='Terran'/>
		<unitScore value='11850'/>
		<killScore value='23500'/>
		<buildingScore value='4525'/>
		<razingScore value='10275'/>
		<mineralScore value='13250'/>
		<gasScore value='6056'/>
		<totalScore value='69456'/>
	</enemy>

	<scoreRatio value='0.550737'/>
	<timeFitness value='0.231111'/>
	<unitsAverage value='54'/>
</results>
