<results>
	<result value='loss'/>
	<start value='2015-07-12.18:14:33'/>
	<end value='2015-07-12.18:14:42'/>
	<frames value='16432'/>
	<gameDuration value='1027'/>

	<player>
		<unitScore value='4450'/>
		<killScore value='500'/>
		<buildingScore value='1825'/>
		<razingScore value='0'/>
		<mineralScore value='5970'/>
		<gasScore value='952'/>
		<totalScore value='13697'/>
	</player>

	<enemy>
		<race value='Terran'/>
		<unitScore value='5650'/>
		<killScore value='8900'/>
		<buildingScore value='2225'/>
		<razingScore value='5475'/>
		<mineralScore value='7570'/>
		<gasScore value='2320'/>
		<totalScore value='32140'/>
	</enemy>

	<scoreRatio value='0.426167'/>
	<timeFitness value='0.142639'/>
	<unitsAverage value='25'/>
</results>
