<results>
	<result value='loss'/>
	<start value='2015-07-12.18:18:26'/>
	<end value='2015-07-12.18:21:02'/>
	<frames value='50191'/>
	<gameDuration value='3136'/>

	<player>
		<unitScore value='33500'/>
		<killScore value='13750'/>
		<buildingScore value='4600'/>
		<razingScore value='0'/>
		<mineralScore value='31542'/>
		<gasScore value='5612'/>
		<totalScore value='89004'/>
	</player>

	<enemy>
		<race value='Terran'/>
		<unitScore value='24700'/>
		<killScore value='66250'/>
		<buildingScore value='4275'/>
		<razingScore value='13800'/>
		<mineralScore value='19550'/>
		<gasScore value='11462'/>
		<totalScore value='140037'/>
	</enemy>

	<scoreRatio value='0.635575'/>
	<timeFitness value='0.435556'/>
	<unitsAverage value='102'/>
</results>
