<results>
	<result value='win'/>
	<start value='2015-05-09.19:18:22'/>
	<end value='2015-05-09.19:19:15'/>
	<frames value='41449'/>
	<gameDuration value='2590'/>

	<player>
		<unitScore value='25525'/>
		<killScore value='35950'/>
		<buildingScore value='3650'/>
		<razingScore value='21975'/>
		<mineralScore value='28546'/>
		<gasScore value='4360'/>
		<totalScore value='120006'/>
	</player>

	<enemy>
		<race value='Protoss'/>
		<unitScore value='18775'/>
		<unitScore value='18775'/>
		<killScore value='30600'/>
		<buildingScore value='7325'/>
		<razingScore value='1350'/>
		<mineralScore value='22342'/>
		<gasScore value='7240'/>
		<totalScore value='87632'/>
	</enemy>

	<scoreRatio value='1.36943'/>
	<timeFitness value='0.640278'/>
	<unitsAverage value='102'/>
</results>
