<results>
	<result value='win'/>
	<start value='2015-05-09.19:22:50'/>
	<end value='2015-05-09.19:23:20'/>
	<frames value='26383'/>
	<gameDuration value='1648'/>

	<player>
		<unitScore value='16375'/>
		<killScore value='23150'/>
		<buildingScore value='4500'/>
		<razingScore value='11475'/>
		<mineralScore value='25550'/>
		<gasScore value='2536'/>
		<totalScore value='83586'/>
	</player>

	<enemy>
		<race value='Protoss'/>
		<unitScore value='13325'/>
		<unitScore value='13325'/>
		<killScore value='11650'/>
		<buildingScore value='3825'/>
		<razingScore value='150'/>
		<mineralScore value='11906'/>
		<gasScore value='3544'/>
		<totalScore value='44400'/>
	</enemy>

	<scoreRatio value='1.88257'/>
	<timeFitness value='0.771111'/>
	<unitsAverage value='90'/>
</results>
