<results>
	<result value='loss'/>
	<start value='2015-05-09.19:29:56'/>
	<end value='2015-05-09.19:30:13'/>
	<frames value='29328'/>
	<gameDuration value='1833'/>

	<player>
		<unitScore value='5875'/>
		<killScore value='5100'/>
		<buildingScore value='2575'/>
		<razingScore value='0'/>
		<mineralScore value='9058'/>
		<gasScore value='896'/>
		<totalScore value='23504'/>
	</player>

	<enemy>
		<race value='Protoss'/>
		<unitScore value='14775'/>
		<unitScore value='14775'/>
		<killScore value='11750'/>
		<buildingScore value='6875'/>
		<razingScore value='7725'/>
		<mineralScore value='18214'/>
		<gasScore value='7064'/>
		<totalScore value='66403'/>
	</enemy>

	<scoreRatio value='0.35396'/>
	<timeFitness value='0.254583'/>
	<unitsAverage value='22'/>
</results>
