<results>
	<result value='loss'/>
	<start value='2015-05-09.23:08:02'/>
	<end value='2015-05-09.23:08:26'/>
	<frames value='39496'/>
	<gameDuration value='2468'/>

	<player>
		<unitScore value='9775'/>
		<killScore value='12800'/>
		<buildingScore value='2100'/>
		<razingScore value='0'/>
		<mineralScore value='12146'/>
		<gasScore value='3032'/>
		<totalScore value='39853'/>
	</player>

	<enemy>
		<race value='Protoss'/>
		<unitScore value='24350'/>
		<unitScore value='24350'/>
		<killScore value='19550'/>
		<buildingScore value='7725'/>
		<razingScore value='6300'/>
		<mineralScore value='25898'/>
		<gasScore value='9596'/>
		<totalScore value='93419'/>
	</enemy>

	<scoreRatio value='0.426605'/>
	<timeFitness value='0.342778'/>
	<unitsAverage value='46'/>
</results>
