<results>
	<result value='draw'/>
	<start value='2015-05-09.23:13:22'/>
	<end value='2015-05-09.23:14:28'/>
	<frames value='57601'/>
	<gameDuration value='3600'/>

	<player>
		<unitScore value='31875'/>
		<killScore value='60700'/>
		<buildingScore value='3250'/>
		<razingScore value='18225'/>
		<mineralScore value='32710'/>
		<gasScore value='6496'/>
		<totalScore value='153256'/>
	</player>

	<enemy>
		<race value='Protoss'/>
		<unitScore value='32200'/>
		<unitScore value='32200'/>
		<killScore value='47650'/>
		<buildingScore value='6900'/>
		<razingScore value='1125'/>
		<mineralScore value='29842'/>
		<gasScore value='10160'/>
		<totalScore value='127877'/>
	</enemy>

	<scoreRatio value='1.19846'/>
	<timeFitness value='0.5'/>
	<unitsAverage value='126'/>
</results>
