<results>
	<result value='win'/>
	<start value='2015-05-09.23:15:01'/>
	<end value='2015-05-09.23:15:29'/>
	<frames value='27344'/>
	<gameDuration value='1709'/>

	<player>
		<unitScore value='17025'/>
		<killScore value='18950'/>
		<buildingScore value='4150'/>
		<razingScore value='12975'/>
		<mineralScore value='30594'/>
		<gasScore value='2400'/>
		<totalScore value='86094'/>
	</player>

	<enemy>
		<race value='Protoss'/>
		<unitScore value='9475'/>
		<unitScore value='9475'/>
		<killScore value='12250'/>
		<buildingScore value='4325'/>
		<razingScore value='0'/>
		<mineralScore value='16442'/>
		<gasScore value='1600'/>
		<totalScore value='44092'/>
	</enemy>

	<scoreRatio value='1.9526'/>
	<timeFitness value='0.762639'/>
	<unitsAverage value='109'/>
</results>
