<results>
	<result value='loss'/>
	<start value='2015-04-27.14:34:00'/>
	<end value='2015-04-27.14:34:23'/>
	<frames value='45696'/>
	<gameDuration value='2856'/>

	<player>
		<unitScore value='11650'/>
		<killScore value='11500'/>
		<buildingScore value='3325'/>
		<razingScore value='0'/>
		<mineralScore value='15026'/>
		<gasScore value='2192'/>
		<totalScore value='43693'/>
	</player>

	<enemy>
		<race value='Terran'/>
		<unitScore value='31100'/>
		<unitScore value='31100'/>
		<killScore value='23300'/>
		<buildingScore value='6175'/>
		<razingScore value='10200'/>
		<mineralScore value='24314'/>
		<gasScore value='14846'/>
		<totalScore value='109935'/>
	</enemy>

	<scoreRatio value='0.397444'/>
</results>
