<results>
	<result value='loss'/>
	<start value='2015-04-27.14:40:36'/>
	<end value='2015-04-27.14:40:46'/>
	<frames value='21020'/>
	<gameDuration value='1313'/>

	<player>
		<unitScore value='5275'/>
		<killScore value='6300'/>
		<buildingScore value='2150'/>
		<razingScore value='450'/>
		<mineralScore value='7986'/>
		<gasScore value='1080'/>
		<totalScore value='23241'/>
	</player>

	<enemy>
		<race value='Terran'/>
		<unitScore value='6550'/>
		<unitScore value='6550'/>
		<killScore value='9950'/>
		<buildingScore value='2250'/>
		<razingScore value='6450'/>
		<mineralScore value='9506'/>
		<gasScore value='3536'/>
		<totalScore value='38242'/>
	</enemy>

	<scoreRatio value='0.607735'/>
</results>
