<results>
	<result value='loss'/>
	<start value='2015-04-10.21:35:47'/>
	<end value='2015-04-10.21:36:02'/>
	<frames value='16990'/>
	<gameDuration value='1061'/>

	<player>
		<unitScore value='3150'/>
		<killScore value='800'/>
		<buildingScore value='1550'/>
		<razingScore value='0'/>
		<mineralScore value='4810'/>
		<gasScore value='704'/>
		<totalScore value='11014'/>
	</player>

	<enemy>
		<race value='Protoss'/>
		<unitScore value='3750'/>
		<unitScore value='3750'/>
		<killScore value='6300'/>
		<buildingScore value='4025'/>
		<razingScore value='4650'/>
		<mineralScore value='9202'/>
		<gasScore value='1824'/>
		<totalScore value='29751'/>
	</enemy>

	<scoreRatio value='0.370206'/>
</results>
