<results>
	<result value='loss'/>
	<start value='2015-04-12.14:39:42'/>
	<end value='2015-04-12.14:40:20'/>
	<frames value='49323'/>
	<gameDuration value='3082'/>

	<player>
		<unitScore value='24100'/>
		<killScore value='24350'/>
		<buildingScore value='2975'/>
		<razingScore value='600'/>
		<mineralScore value='30842'/>
		<gasScore value='1024'/>
		<totalScore value='83891'/>
	</player>

	<enemy>
		<race value='Protoss'/>
		<unitScore value='31775'/>
		<unitScore value='31775'/>
		<killScore value='48200'/>
		<buildingScore value='7075'/>
		<razingScore value='8925'/>
		<mineralScore value='30602'/>
		<gasScore value='10738'/>
		<totalScore value='137315'/>
	</enemy>

	<scoreRatio value='0.610938'/>
</results>
