<results>
	<result value='loss'/>
	<start value='2015-04-29.15:02:16'/>
	<end value='2015-04-29.15:05:03'/>
	<frames value='57538'/>
	<gameDuration value='3596'/>

	<player>
		<unitScore value='30500'/>
		<killScore value='41600'/>
		<buildingScore value='3725'/>
		<razingScore value='3825'/>
		<mineralScore value='32110'/>
		<gasScore value='5080'/>
		<totalScore value='116840'/>
	</player>

	<enemy>
		<race value='Protoss'/>
		<unitScore value='27875'/>
		<unitScore value='27875'/>
		<killScore value='61200'/>
		<buildingScore value='8375'/>
		<razingScore value='11175'/>
		<mineralScore value='30918'/>
		<gasScore value='12316'/>
		<totalScore value='151859'/>
	</enemy>

	<scoreRatio value='0.769398'/>
	<timeFitness value='0.499444'/>
	<unitsAverage value='108'/>
</results>
