<results>
	<result value='win'/>
	<start value='2015-04-29.15:13:27'/>
	<end value='2015-04-29.15:15:34'/>
	<frames value='51710'/>
	<gameDuration value='3231'/>

	<player>
		<unitScore value='32400'/>
		<killScore value='59310'/>
		<buildingScore value='3900'/>
		<razingScore value='18750'/>
		<mineralScore value='35510'/>
		<gasScore value='6140'/>
		<totalScore value='156010'/>
	</player>

	<enemy>
		<race value='Protoss'/>
		<unitScore value='30555'/>
		<unitScore value='30555'/>
		<killScore value='45550'/>
		<buildingScore value='6250'/>
		<razingScore value='450'/>
		<mineralScore value='26154'/>
		<gasScore value='8542'/>
		<totalScore value='117501'/>
	</enemy>

	<scoreRatio value='1.32773'/>
	<timeFitness value='0.55125'/>
	<unitsAverage value='142'/>
</results>
