<results>
	<result value='loss'/>
	<start value='2015-07-20.17:55:55'/>
	<end value='2015-07-20.17:55:59'/>
	<frames value='6667'/>
	<gameDuration value='416'/>

	<player>
		<unitScore value='950'/>
		<killScore value='0'/>
		<buildingScore value='625'/>
		<razingScore value='0'/>
		<mineralScore value='1354'/>
		<gasScore value='64'/>
		<totalScore value='2993'/>
	</player>

	<enemy>
		<race value='Zerg'/>
		<unitScore value='1150'/>
		<killScore value='1800'/>
		<buildingScore value='375'/>
		<razingScore value='1875'/>
		<mineralScore value='1722'/>
		<gasScore value='0'/>
		<totalScore value='6922'/>
	</enemy>

	<scoreRatio value='0.432389'/>
	<timeFitness value='0.0577778'/>
	<unitsAverage value='10'/>
</results>
