<results>
	<result value='loss'/>
	<start value='2015-07-20.18:09:41'/>
	<end value='2015-07-20.18:10:25'/>
	<frames value='32955'/>
	<gameDuration value='2059'/>

	<player>
		<unitScore value='15400'/>
		<killScore value='19350'/>
		<buildingScore value='3925'/>
		<razingScore value='0'/>
		<mineralScore value='32290'/>
		<gasScore value='2176'/>
		<totalScore value='73141'/>
	</player>

	<enemy>
		<race value='Zerg'/>
		<unitScore value='17050'/>
		<killScore value='30250'/>
		<buildingScore value='3395'/>
		<razingScore value='11775'/>
		<mineralScore value='17390'/>
		<gasScore value='6352'/>
		<totalScore value='86212'/>
	</enemy>

	<scoreRatio value='0.848385'/>
	<timeFitness value='0.285972'/>
	<unitsAverage value='69'/>
</results>
