<results>
	<result value='win'/>
	<start value='2015-05-11.01:25:36'/>
	<end value='2015-05-11.01:26:21'/>
	<frames value='29545'/>
	<gameDuration value='1846'/>

	<player>
		<unitScore value='20075'/>
		<killScore value='32910'/>
		<buildingScore value='3825'/>
		<razingScore value='6735'/>
		<mineralScore value='28710'/>
		<gasScore value='3112'/>
		<totalScore value='95367'/>
	</player>

	<enemy>
		<race value='Zerg'/>
		<unitScore value='14475'/>
		<unitScore value='14475'/>
		<killScore value='18000'/>
		<buildingScore value='2245'/>
		<razingScore value='0'/>
		<mineralScore value='13930'/>
		<gasScore value='4456'/>
		<totalScore value='53106'/>
	</enemy>

	<scoreRatio value='1.79579'/>
	<timeFitness value='0.743611'/>
	<unitsAverage value='101'/>
</results>
