<results>
	<result value='win'/>
	<start value='2014-07-12.18:45:09'/>
	<end value='2014-07-12.18:45:32'/>
	<frames value='29452'/>
	<gameDuration value='1840'/>

	<player>
		<unitScore value='13650'/>
		<killScore value='25350'/>
		<buildingScore value='3725'/>
		<razingScore value='10350'/>
		<mineralScore value='25474'/>
		<gasScore value='3056'/>
		<totalScore value='81605'/>
	</player>

	<enemy>
		<race value='Terran'/>
		<unitScore value='12675'/>
		<unitScore value='12675'/>
		<killScore value='7250'/>
		<buildingScore value='3450'/>
		<razingScore value='1950'/>
		<mineralScore value='11990'/>
		<gasScore value='4984'/>
		<totalScore value='42299'/>
	</enemy>

	<scoreRatio value='1.92924'/>
</results>
