<results>
	<result value='win'/>
	<start value='2015-05-02.17:40:55'/>
	<end value='2015-05-02.17:41:24'/>
	<frames value='29824'/>
	<gameDuration value='1864'/>

	<player>
		<unitScore value='22150'/>
		<killScore value='29650'/>
		<buildingScore value='3825'/>
		<razingScore value='17475'/>
		<mineralScore value='26082'/>
		<gasScore value='2512'/>
		<totalScore value='101694'/>
	</player>

	<enemy>
		<race value='Protoss'/>
		<unitScore value='15050'/>
		<unitScore value='15050'/>
		<killScore value='23950'/>
		<buildingScore value='5825'/>
		<razingScore value='0'/>
		<mineralScore value='20590'/>
		<gasScore value='3576'/>
		<totalScore value='68991'/>
	</enemy>

	<scoreRatio value='1.47402'/>
	<timeFitness value='0.741111'/>
	<unitsAverage value='102'/>
</results>
