<results>
	<result value='loss'/>
	<start value='2015-05-11.20:17:11'/>
	<end value='2015-05-11.20:17:24'/>
	<frames value='26600'/>
	<gameDuration value='1662'/>

	<player>
		<unitScore value='3375'/>
		<killScore value='2400'/>
		<buildingScore value='1525'/>
		<razingScore value='0'/>
		<mineralScore value='4826'/>
		<gasScore value='664'/>
		<totalScore value='12790'/>
	</player>

	<enemy>
		<race value='Protoss'/>
		<unitScore value='10900'/>
		<unitScore value='10900'/>
		<killScore value='6750'/>
		<buildingScore value='6875'/>
		<razingScore value='4575'/>
		<mineralScore value='16242'/>
		<gasScore value='5680'/>
		<totalScore value='51022'/>
	</enemy>

	<scoreRatio value='0.250676'/>
	<timeFitness value='0.230833'/>
	<unitsAverage value='19'/>
</results>
