<results>
	<result value='loss'/>
	<start value='2015-04-29.02:26:55'/>
	<end value='2015-04-29.02:27:50'/>
	<frames value='48455'/>
	<gameDuration value='3028'/>

	<player>
		<unitScore value='22700'/>
		<killScore value='26700'/>
		<buildingScore value='2075'/>
		<razingScore value='1650'/>
		<mineralScore value='24026'/>
		<gasScore value='4616'/>
		<totalScore value='81767'/>
	</player>

	<enemy>
		<race value='Protoss'/>
		<unitScore value='34850'/>
		<unitScore value='34850'/>
		<killScore value='45400'/>
		<buildingScore value='8475'/>
		<razingScore value='6225'/>
		<mineralScore value='34310'/>
		<gasScore value='12528'/>
		<totalScore value='141788'/>
	</enemy>

	<scoreRatio value='0.576685'/>
</results>
