<results>
	<result value='win'/>
	<start value='2015-04-30.07:35:39'/>
	<end value='2015-04-30.07:36:13'/>
	<frames value='28243'/>
	<gameDuration value='1765'/>

	<player>
		<unitScore value='20200'/>
		<killScore value='23280'/>
		<buildingScore value='3150'/>
		<razingScore value='5535'/>
		<mineralScore value='24762'/>
		<gasScore value='0'/>
		<totalScore value='76927'/>
	</player>

	<enemy>
		<race value='Zerg'/>
		<unitScore value='10850'/>
		<unitScore value='10850'/>
		<killScore value='28700'/>
		<buildingScore value='1845'/>
		<razingScore value='0'/>
		<mineralScore value='10122'/>
		<gasScore value='3168'/>
		<totalScore value='54685'/>
	</enemy>

	<scoreRatio value='1.40673'/>
</results>
