<results>
	<result value='loss'/>
	<start value='2015-07-11.20:34:25'/>
	<end value='2015-07-11.20:34:59'/>
	<frames value='41263'/>
	<gameDuration value='2578'/>

	<player>
		<unitScore value='24475'/>
		<killScore value='11000'/>
		<buildingScore value='2375'/>
		<razingScore value='150'/>
		<mineralScore value='31166'/>
		<gasScore value='3000'/>
		<totalScore value='72166'/>
	</player>

	<enemy>
		<race value='Protoss'/>
		<unitScore value='24685'/>
		<killScore value='46900'/>
		<buildingScore value='7175'/>
		<razingScore value='7125'/>
		<mineralScore value='28310'/>
		<gasScore value='9248'/>
		<totalScore value='123443'/>
	</enemy>

	<scoreRatio value='0.58461'/>
	<timeFitness value='0.358056'/>
	<unitsAverage value='78'/>
</results>
