<results>
	<result value='win'/>
	<start value='2015-04-11.02:02:26'/>
	<end value='2015-04-11.02:04:34'/>
	<frames value='51152'/>
	<gameDuration value='3197'/>

	<player>
		<unitScore value='28250'/>
		<killScore value='37350'/>
		<buildingScore value='4925'/>
		<razingScore value='26400'/>
		<mineralScore value='35038'/>
		<gasScore value='4798'/>
		<totalScore value='136761'/>
	</player>

	<enemy>
		<race value='Protoss'/>
		<unitScore value='19025'/>
		<unitScore value='19025'/>
		<killScore value='31200'/>
		<buildingScore value='8800'/>
		<razingScore value='1950'/>
		<mineralScore value='24746'/>
		<gasScore value='9144'/>
		<totalScore value='94865'/>
	</enemy>

	<scoreRatio value='1.44164'/>
</results>
