<results>
	<result value='loss'/>
	<start value='2015-04-11.02:11:06'/>
	<end value='2015-04-11.02:11:22'/>
	<frames value='17424'/>
	<gameDuration value='1089'/>

	<player>
		<unitScore value='2875'/>
		<killScore value='1000'/>
		<buildingScore value='1725'/>
		<razingScore value='0'/>
		<mineralScore value='4610'/>
		<gasScore value='416'/>
		<totalScore value='10626'/>
	</player>

	<enemy>
		<race value='Protoss'/>
		<unitScore value='3600'/>
		<unitScore value='3600'/>
		<killScore value='3900'/>
		<buildingScore value='4075'/>
		<razingScore value='5175'/>
		<mineralScore value='9290'/>
		<gasScore value='1592'/>
		<totalScore value='27632'/>
	</enemy>

	<scoreRatio value='0.384554'/>
</results>
