<results>
	<result value='loss'/>
	<start value='2015-04-26.15:49:11'/>
	<end value='2015-04-26.15:49:24'/>
	<frames value='20679'/>
	<gameDuration value='1292'/>

	<player>
		<unitScore value='6125'/>
		<killScore value='2950'/>
		<buildingScore value='1800'/>
		<razingScore value='0'/>
		<mineralScore value='7738'/>
		<gasScore value='1112'/>
		<totalScore value='19725'/>
	</player>

	<enemy>
		<race value='Terran'/>
		<unitScore value='7950'/>
		<unitScore value='7950'/>
		<killScore value='12250'/>
		<buildingScore value='2975'/>
		<razingScore value='5400'/>
		<mineralScore value='9994'/>
		<gasScore value='3552'/>
		<totalScore value='42121'/>
	</enemy>

	<scoreRatio value='0.468294'/>
</results>
