<results>
	<result value='loss'/>
	<start value='2015-04-26.15:50:59'/>
	<end value='2015-04-26.15:51:18'/>
	<frames value='26321'/>
	<gameDuration value='1645'/>

	<player>
		<unitScore value='7775'/>
		<killScore value='6000'/>
		<buildingScore value='2100'/>
		<razingScore value='0'/>
		<mineralScore value='9610'/>
		<gasScore value='1224'/>
		<totalScore value='26709'/>
	</player>

	<enemy>
		<race value='Terran'/>
		<unitScore value='12350'/>
		<unitScore value='12350'/>
		<killScore value='15550'/>
		<buildingScore value='4475'/>
		<razingScore value='6300'/>
		<mineralScore value='13118'/>
		<gasScore value='6104'/>
		<totalScore value='57897'/>
	</enemy>

	<scoreRatio value='0.461319'/>
</results>
