<results>
	<result value='loss'/>
	<start value='2015-04-26.15:51:22'/>
	<end value='2015-04-26.15:51:32'/>
	<frames value='17610'/>
	<gameDuration value='1100'/>

	<player>
		<unitScore value='3900'/>
		<killScore value='800'/>
		<buildingScore value='1600'/>
		<razingScore value='0'/>
		<mineralScore value='5394'/>
		<gasScore value='384'/>
		<totalScore value='12078'/>
	</player>

	<enemy>
		<race value='Terran'/>
		<unitScore value='6750'/>
		<unitScore value='6750'/>
		<killScore value='7800'/>
		<buildingScore value='2750'/>
		<razingScore value='4800'/>
		<mineralScore value='8010'/>
		<gasScore value='2656'/>
		<totalScore value='32766'/>
	</enemy>

	<scoreRatio value='0.368614'/>
</results>
