<results>
	<result value='loss'/>
	<start value='2015-04-26.16:06:37'/>
	<end value='2015-04-26.16:07:26'/>
	<frames value='51586'/>
	<gameDuration value='3224'/>

	<player>
		<unitScore value='17800'/>
		<killScore value='25800'/>
		<buildingScore value='4725'/>
		<razingScore value='1950'/>
		<mineralScore value='21978'/>
		<gasScore value='4376'/>
		<totalScore value='76629'/>
	</player>

	<enemy>
		<race value='Terran'/>
		<unitScore value='36300'/>
		<unitScore value='36300'/>
		<killScore value='35600'/>
		<buildingScore value='5550'/>
		<razingScore value='14175'/>
		<mineralScore value='25670'/>
		<gasScore value='16114'/>
		<totalScore value='133409'/>
	</enemy>

	<scoreRatio value='0.574392'/>
</results>
