<results>
	<result value='loss'/>
	<start value='2015-05-02.17:04:27'/>
	<end value='2015-05-02.17:05:13'/>
	<frames value='40395'/>
	<gameDuration value='2524'/>

	<player>
		<unitScore value='16075'/>
		<killScore value='18450'/>
		<buildingScore value='2175'/>
		<razingScore value='450'/>
		<mineralScore value='19346'/>
		<gasScore value='2776'/>
		<totalScore value='59272'/>
	</player>

	<enemy>
		<race value='Protoss'/>
		<unitScore value='26225'/>
		<unitScore value='26225'/>
		<killScore value='32150'/>
		<buildingScore value='7975'/>
		<razingScore value='6525'/>
		<mineralScore value='28342'/>
		<gasScore value='10206'/>
		<totalScore value='111423'/>
	</enemy>

	<scoreRatio value='0.531955'/>
	<timeFitness value='0.350556'/>
	<unitsAverage value='49'/>
</results>
