<results>
	<result value='win'/>
	<start value='2015-05-02.17:08:10'/>
	<end value='2015-05-02.17:09:23'/>
	<frames value='41170'/>
	<gameDuration value='2573'/>

	<player>
		<unitScore value='25325'/>
		<killScore value='32400'/>
		<buildingScore value='4725'/>
		<razingScore value='21525'/>
		<mineralScore value='33614'/>
		<gasScore value='5094'/>
		<totalScore value='122683'/>
	</player>

	<enemy>
		<race value='Protoss'/>
		<unitScore value='16900'/>
		<unitScore value='16900'/>
		<killScore value='30050'/>
		<buildingScore value='7175'/>
		<razingScore value='2100'/>
		<mineralScore value='21762'/>
		<gasScore value='6648'/>
		<totalScore value='84635'/>
	</enemy>

	<scoreRatio value='1.44955'/>
	<timeFitness value='0.642639'/>
	<unitsAverage value='94'/>
</results>
