<results>
	<result value='draw'/>
	<start value='2015-05-03.16:42:48'/>
	<end value='2015-05-03.16:44:14'/>
	<frames value='57601'/>
	<gameDuration value='3600'/>

	<player>
		<unitScore value='27150'/>
		<killScore value='40600'/>
		<buildingScore value='4625'/>
		<razingScore value='2250'/>
		<mineralScore value='38694'/>
		<gasScore value='8512'/>
		<totalScore value='121831'/>
	</player>

	<enemy>
		<race value='Terran'/>
		<unitScore value='28625'/>
		<unitScore value='28625'/>
		<killScore value='30100'/>
		<buildingScore value='3675'/>
		<razingScore value='3750'/>
		<mineralScore value='19422'/>
		<gasScore value='12326'/>
		<totalScore value='97898'/>
	</enemy>

	<scoreRatio value='1.24447'/>
	<timeFitness value='0.5'/>
	<unitsAverage value='122'/>
</results>
