<results>
	<result value='win'/>
	<start value='2015-05-03.16:52:10'/>
	<end value='2015-05-03.16:53:28'/>
	<frames value='50284'/>
	<gameDuration value='3142'/>

	<player>
		<unitScore value='29900'/>
		<killScore value='38450'/>
		<buildingScore value='5200'/>
		<razingScore value='14100'/>
		<mineralScore value='41298'/>
		<gasScore value='4400'/>
		<totalScore value='133348'/>
	</player>

	<enemy>
		<race value='Terran'/>
		<unitScore value='26225'/>
		<unitScore value='26225'/>
		<killScore value='32400'/>
		<buildingScore value='4775'/>
		<razingScore value='3750'/>
		<mineralScore value='19526'/>
		<gasScore value='10784'/>
		<totalScore value='97460'/>
	</enemy>

	<scoreRatio value='1.36823'/>
	<timeFitness value='0.563611'/>
	<unitsAverage value='133'/>
</results>
