<results>
	<result value='loss'/>
	<start value='2015-05-08.21:15:56'/>
	<end value='2015-05-08.21:16:07'/>
	<frames value='19036'/>
	<gameDuration value='1189'/>

	<player>
		<unitScore value='4450'/>
		<killScore value='2250'/>
		<buildingScore value='1575'/>
		<razingScore value='0'/>
		<mineralScore value='6090'/>
		<gasScore value='1112'/>
		<totalScore value='15477'/>
	</player>

	<enemy>
		<race value='Terran'/>
		<unitScore value='7275'/>
		<unitScore value='7275'/>
		<killScore value='8900'/>
		<buildingScore value='2850'/>
		<razingScore value='4725'/>
		<mineralScore value='8882'/>
		<gasScore value='3216'/>
		<totalScore value='35848'/>
	</enemy>

	<scoreRatio value='0.43174'/>
	<timeFitness value='0.165139'/>
	<unitsAverage value='25'/>
</results>
