<results>
	<result value='loss'/>
	<start value='2015-05-04.07:01:03'/>
	<end value='2015-05-04.07:01:15'/>
	<frames value='27685'/>
	<gameDuration value='1730'/>

	<player>
		<unitScore value='5750'/>
		<killScore value='3200'/>
		<buildingScore value='2100'/>
		<razingScore value='0'/>
		<mineralScore value='8570'/>
		<gasScore value='1528'/>
		<totalScore value='21148'/>
	</player>

	<enemy>
		<race value='Protoss'/>
		<unitScore value='11950'/>
		<unitScore value='11950'/>
		<killScore value='11500'/>
		<buildingScore value='6575'/>
		<razingScore value='6300'/>
		<mineralScore value='16874'/>
		<gasScore value='5728'/>
		<totalScore value='58927'/>
	</enemy>

	<scoreRatio value='0.358885'/>
	<timeFitness value='0.240278'/>
	<unitsAverage value='31'/>
</results>
