<results>
	<result value='loss'/>
	<start value='2015-05-04.07:07:03'/>
	<end value='2015-05-04.07:07:11'/>
	<frames value='19129'/>
	<gameDuration value='1195'/>

	<player>
		<unitScore value='4450'/>
		<killScore value='2150'/>
		<buildingScore value='1775'/>
		<razingScore value='0'/>
		<mineralScore value='6770'/>
		<gasScore value='1216'/>
		<totalScore value='16361'/>
	</player>

	<enemy>
		<race value='Protoss'/>
		<unitScore value='5725'/>
		<unitScore value='5725'/>
		<killScore value='8650'/>
		<buildingScore value='3725'/>
		<razingScore value='5325'/>
		<mineralScore value='9818'/>
		<gasScore value='2696'/>
		<totalScore value='35939'/>
	</enemy>

	<scoreRatio value='0.455244'/>
	<timeFitness value='0.165972'/>
	<unitsAverage value='30'/>
</results>
