<results>
	<result value='draw'/>
	<start value='2015-05-04.07:08:35'/>
	<end value='2015-05-04.07:09:16'/>
	<frames value='57601'/>
	<gameDuration value='3600'/>

	<player>
		<unitScore value='25375'/>
		<killScore value='33850'/>
		<buildingScore value='2725'/>
		<razingScore value='28125'/>
		<mineralScore value='26086'/>
		<gasScore value='5184'/>
		<totalScore value='121345'/>
	</player>

	<enemy>
		<race value='Protoss'/>
		<unitScore value='17375'/>
		<unitScore value='17375'/>
		<killScore value='42750'/>
		<buildingScore value='9675'/>
		<razingScore value='1500'/>
		<mineralScore value='26566'/>
		<gasScore value='6592'/>
		<totalScore value='104458'/>
	</enemy>

	<scoreRatio value='1.16166'/>
	<timeFitness value='0.5'/>
	<unitsAverage value='78'/>
</results>
