<results>
	<result value='win'/>
	<start value='2015-05-11.01:04:58'/>
	<end value='2015-05-11.01:05:39'/>
	<frames value='25825'/>
	<gameDuration value='1614'/>

	<player>
		<unitScore value='15750'/>
		<killScore value='12900'/>
		<buildingScore value='3525'/>
		<razingScore value='10200'/>
		<mineralScore value='26170'/>
		<gasScore value='2792'/>
		<totalScore value='71337'/>
	</player>

	<enemy>
		<race value='Protoss'/>
		<unitScore value='6450'/>
		<unitScore value='6450'/>
		<killScore value='9400'/>
		<buildingScore value='3400'/>
		<razingScore value='0'/>
		<mineralScore value='15366'/>
		<gasScore value='968'/>
		<totalScore value='35584'/>
	</enemy>

	<scoreRatio value='2.00475'/>
	<timeFitness value='0.775833'/>
	<unitsAverage value='97'/>
</results>
