<results>
	<result value='win'/>
	<start value='2015-05-04.07:12:55'/>
	<end value='2015-05-04.07:13:27'/>
	<frames value='29762'/>
	<gameDuration value='1860'/>

	<player>
		<unitScore value='21525'/>
		<killScore value='20600'/>
		<buildingScore value='3825'/>
		<razingScore value='13125'/>
		<mineralScore value='29218'/>
		<gasScore value='2272'/>
		<totalScore value='90565'/>
	</player>

	<enemy>
		<race value='Protoss'/>
		<unitScore value='10300'/>
		<unitScore value='10300'/>
		<killScore value='21200'/>
		<buildingScore value='4375'/>
		<razingScore value='0'/>
		<mineralScore value='21266'/>
		<gasScore value='1080'/>
		<totalScore value='58221'/>
	</enemy>

	<scoreRatio value='1.55554'/>
	<timeFitness value='0.741667'/>
	<unitsAverage value='109'/>
</results>
