<results>
	<result value='draw'/>
	<start value='2015-05-08.18:33:06'/>
	<end value='2015-05-08.18:35:00'/>
	<frames value='57601'/>
	<gameDuration value='3600'/>

	<player>
		<unitScore value='36800'/>
		<killScore value='52650'/>
		<buildingScore value='4600'/>
		<razingScore value='8250'/>
		<mineralScore value='39678'/>
		<gasScore value='3928'/>
		<totalScore value='145906'/>
	</player>

	<enemy>
		<race value='Terran'/>
		<unitScore value='28475'/>
		<unitScore value='28475'/>
		<killScore value='54950'/>
		<buildingScore value='5000'/>
		<razingScore value='3675'/>
		<mineralScore value='19778'/>
		<gasScore value='12460'/>
		<totalScore value='124338'/>
	</enemy>

	<scoreRatio value='1.17346'/>
	<timeFitness value='0.5'/>
	<unitsAverage value='108'/>
</results>
