<results>
	<result value='win'/>
	<start value='2015-05-03.03:44:24'/>
	<end value='2015-05-03.03:45:12'/>
	<frames value='50966'/>
	<gameDuration value='3185'/>

	<player>
		<unitScore value='20400'/>
		<killScore value='25550'/>
		<buildingScore value='4400'/>
		<razingScore value='14550'/>
		<mineralScore value='27082'/>
		<gasScore value='2616'/>
		<totalScore value='94598'/>
	</player>

	<enemy>
		<race value='Terran'/>
		<unitScore value='18450'/>
		<unitScore value='18450'/>
		<killScore value='24100'/>
		<buildingScore value='4850'/>
		<razingScore value='5550'/>
		<mineralScore value='26818'/>
		<gasScore value='8554'/>
		<totalScore value='88322'/>
	</enemy>

	<scoreRatio value='1.07106'/>
	<timeFitness value='0.557639'/>
	<unitsAverage value='61'/>
</results>
