<results>
	<result value='loss'/>
	<start value='2015-05-03.04:13:49'/>
	<end value='2015-05-03.04:14:07'/>
	<frames value='27065'/>
	<gameDuration value='1691'/>

	<player>
		<unitScore value='6500'/>
		<killScore value='6800'/>
		<buildingScore value='2425'/>
		<razingScore value='0'/>
		<mineralScore value='8722'/>
		<gasScore value='1536'/>
		<totalScore value='25983'/>
	</player>

	<enemy>
		<race value='Terran'/>
		<unitScore value='11700'/>
		<unitScore value='11700'/>
		<killScore value='13000'/>
		<buildingScore value='4350'/>
		<razingScore value='7275'/>
		<mineralScore value='13462'/>
		<gasScore value='6384'/>
		<totalScore value='56171'/>
	</enemy>

	<scoreRatio value='0.46257'/>
	<timeFitness value='0.234861'/>
	<unitsAverage value='28'/>
</results>
