<results>
	<result value='win'/>
	<start value='2015-04-28.22:10:31'/>
	<end value='2015-04-28.22:11:57'/>
	<frames value='42255'/>
	<gameDuration value='2640'/>

	<player>
		<unitScore value='28600'/>
		<killScore value='59600'/>
		<buildingScore value='3900'/>
		<razingScore value='20175'/>
		<mineralScore value='31442'/>
		<gasScore value='6048'/>
		<totalScore value='149765'/>
	</player>

	<enemy>
		<race value='Protoss'/>
		<unitScore value='31710'/>
		<unitScore value='31710'/>
		<killScore value='37850'/>
		<buildingScore value='6725'/>
		<razingScore value='1500'/>
		<mineralScore value='25882'/>
		<gasScore value='9322'/>
		<totalScore value='112989'/>
	</enemy>

	<scoreRatio value='1.32548'/>
</results>
