<results>
	<result value='win'/>
	<start value='2015-05-11.09:03:51'/>
	<end value='2015-05-11.09:05:00'/>
	<frames value='34381'/>
	<gameDuration value='2148'/>

	<player>
		<unitScore value='25750'/>
		<killScore value='35270'/>
		<buildingScore value='4200'/>
		<razingScore value='6900'/>
		<mineralScore value='40246'/>
		<gasScore value='2744'/>
		<totalScore value='115110'/>
	</player>

	<enemy>
		<race value='Zerg'/>
		<unitScore value='16750'/>
		<unitScore value='16750'/>
		<killScore value='26400'/>
		<buildingScore value='2300'/>
		<razingScore value='0'/>
		<mineralScore value='14926'/>
		<gasScore value='5496'/>
		<totalScore value='65872'/>
	</enemy>

	<scoreRatio value='1.74748'/>
	<timeFitness value='0.701667'/>
	<unitsAverage value='126'/>
</results>
