<results>
	<result value='draw'/>
	<start value='2015-05-11.09:10:08'/>
	<end value='2015-05-11.09:11:58'/>
	<frames value='57601'/>
	<gameDuration value='3600'/>

	<player>
		<unitScore value='29325'/>
		<killScore value='50600'/>
		<buildingScore value='4175'/>
		<razingScore value='6360'/>
		<mineralScore value='35234'/>
		<gasScore value='2272'/>
		<totalScore value='127966'/>
	</player>

	<enemy>
		<race value='Zerg'/>
		<unitScore value='24700'/>
		<unitScore value='24700'/>
		<killScore value='36900'/>
		<buildingScore value='4920'/>
		<razingScore value='3900'/>
		<mineralScore value='23666'/>
		<gasScore value='8762'/>
		<totalScore value='102848'/>
	</enemy>

	<scoreRatio value='1.24422'/>
	<timeFitness value='0.5'/>
	<unitsAverage value='119'/>
</results>
