<results>
	<result value='win'/>
	<start value='2015-05-11.09:17:18'/>
	<end value='2015-05-11.09:18:10'/>
	<frames value='36861'/>
	<gameDuration value='2303'/>

	<player>
		<unitScore value='18825'/>
		<killScore value='30590'/>
		<buildingScore value='3500'/>
		<razingScore value='12075'/>
		<mineralScore value='23274'/>
		<gasScore value='1544'/>
		<totalScore value='89808'/>
	</player>

	<enemy>
		<race value='Zerg'/>
		<unitScore value='15100'/>
		<unitScore value='15100'/>
		<killScore value='21800'/>
		<buildingScore value='4025'/>
		<razingScore value='2700'/>
		<mineralScore value='16090'/>
		<gasScore value='5026'/>
		<totalScore value='64741'/>
	</enemy>

	<scoreRatio value='1.38719'/>
	<timeFitness value='0.680139'/>
	<unitsAverage value='82'/>
</results>
