<results>
	<result value='loss'/>
	<start value='2015-05-11.09:19:04'/>
	<end value='2015-05-11.09:19:25'/>
	<frames value='25825'/>
	<gameDuration value='1614'/>

	<player>
		<unitScore value='6350'/>
		<killScore value='8450'/>
		<buildingScore value='1675'/>
		<razingScore value='0'/>
		<mineralScore value='7322'/>
		<gasScore value='1208'/>
		<totalScore value='25005'/>
	</player>

	<enemy>
		<race value='Zerg'/>
		<unitScore value='12175'/>
		<unitScore value='12175'/>
		<killScore value='12700'/>
		<buildingScore value='2340'/>
		<razingScore value='5025'/>
		<mineralScore value='12442'/>
		<gasScore value='4032'/>
		<totalScore value='48714'/>
	</enemy>

	<scoreRatio value='0.513302'/>
	<timeFitness value='0.224167'/>
	<unitsAverage value='26'/>
</results>
