<results>
	<result value='loss'/>
	<start value='2015-05-09.20:02:22'/>
	<end value='2015-05-09.20:02:33'/>
	<frames value='20183'/>
	<gameDuration value='1261'/>

	<player>
		<unitScore value='4800'/>
		<killScore value='2850'/>
		<buildingScore value='2150'/>
		<razingScore value='0'/>
		<mineralScore value='7458'/>
		<gasScore value='1464'/>
		<totalScore value='18722'/>
	</player>

	<enemy>
		<race value='Terran'/>
		<unitScore value='7450'/>
		<unitScore value='7450'/>
		<killScore value='9600'/>
		<buildingScore value='2975'/>
		<razingScore value='6450'/>
		<mineralScore value='9722'/>
		<gasScore value='3560'/>
		<totalScore value='39757'/>
	</enemy>

	<scoreRatio value='0.470911'/>
	<timeFitness value='0.175139'/>
	<unitsAverage value='27'/>
</results>
