<results>
	<result value='win'/>
	<start value='2015-05-09.20:08:55'/>
	<end value='2015-05-09.20:09:22'/>
	<frames value='27065'/>
	<gameDuration value='1691'/>

	<player>
		<unitScore value='13475'/>
		<killScore value='21900'/>
		<buildingScore value='4250'/>
		<razingScore value='8625'/>
		<mineralScore value='19202'/>
		<gasScore value='3264'/>
		<totalScore value='70716'/>
	</player>

	<enemy>
		<race value='Terran'/>
		<unitScore value='10950'/>
		<unitScore value='10950'/>
		<killScore value='8700'/>
		<buildingScore value='2950'/>
		<razingScore value='525'/>
		<mineralScore value='10298'/>
		<gasScore value='3960'/>
		<totalScore value='37383'/>
	</enemy>

	<scoreRatio value='1.89166'/>
	<timeFitness value='0.765139'/>
	<unitsAverage value='78'/>
</results>
