<results>
	<result value='loss'/>
	<start value='2015-04-28.20:53:04'/>
	<end value='2015-04-28.20:53:11'/>
	<frames value='17393'/>
	<gameDuration value='1087'/>

	<player>
		<unitScore value='3450'/>
		<killScore value='1200'/>
		<buildingScore value='1625'/>
		<razingScore value='0'/>
		<mineralScore value='4986'/>
		<gasScore value='872'/>
		<totalScore value='12133'/>
	</player>

	<enemy>
		<race value='Protoss'/>
		<unitScore value='4800'/>
		<unitScore value='4800'/>
		<killScore value='5650'/>
		<buildingScore value='4225'/>
		<razingScore value='4875'/>
		<mineralScore value='9602'/>
		<gasScore value='1912'/>
		<totalScore value='31064'/>
	</enemy>

	<scoreRatio value='0.390581'/>
	<timeFitness value='0.150972'/>
	<unitsAverage value='23'/>
</results>
