<results>
	<result value='loss'/>
	<start value='2015-05-10.06:06:46'/>
	<end value='2015-05-10.06:06:56'/>
	<frames value='19625'/>
	<gameDuration value='1226'/>

	<player>
		<unitScore value='4350'/>
		<killScore value='2300'/>
		<buildingScore value='1700'/>
		<razingScore value='0'/>
		<mineralScore value='5794'/>
		<gasScore value='960'/>
		<totalScore value='15104'/>
	</player>

	<enemy>
		<race value='Terran'/>
		<unitScore value='8025'/>
		<unitScore value='8025'/>
		<killScore value='8700'/>
		<buildingScore value='2850'/>
		<razingScore value='5100'/>
		<mineralScore value='9106'/>
		<gasScore value='3552'/>
		<totalScore value='37333'/>
	</enemy>

	<scoreRatio value='0.404575'/>
	<timeFitness value='0.170278'/>
	<unitsAverage value='26'/>
</results>
