<results>
	<result value='win'/>
	<start value='2015-05-10.06:08:01'/>
	<end value='2015-05-10.06:08:25'/>
	<frames value='30754'/>
	<gameDuration value='1922'/>

	<player>
		<unitScore value='14275'/>
		<killScore value='24600'/>
		<buildingScore value='3925'/>
		<razingScore value='9450'/>
		<mineralScore value='18346'/>
		<gasScore value='2992'/>
		<totalScore value='73588'/>
	</player>

	<enemy>
		<race value='Terran'/>
		<unitScore value='13500'/>
		<unitScore value='13500'/>
		<killScore value='10800'/>
		<buildingScore value='3150'/>
		<razingScore value='1350'/>
		<mineralScore value='13082'/>
		<gasScore value='5656'/>
		<totalScore value='47538'/>
	</enemy>

	<scoreRatio value='1.54798'/>
	<timeFitness value='0.733056'/>
	<unitsAverage value='70'/>
</results>
