<results>
	<result value='win'/>
	<start value='2015-05-10.06:11:07'/>
	<end value='2015-05-10.06:11:30'/>
	<frames value='27251'/>
	<gameDuration value='1703'/>

	<player>
		<unitScore value='13250'/>
		<killScore value='21900'/>
		<buildingScore value='4275'/>
		<razingScore value='9150'/>
		<mineralScore value='20090'/>
		<gasScore value='2952'/>
		<totalScore value='71617'/>
	</player>

	<enemy>
		<race value='Terran'/>
		<unitScore value='12050'/>
		<unitScore value='12050'/>
		<killScore value='9650'/>
		<buildingScore value='3050'/>
		<razingScore value='375'/>
		<mineralScore value='11634'/>
		<gasScore value='5016'/>
		<totalScore value='41775'/>
	</enemy>

	<scoreRatio value='1.71435'/>
	<timeFitness value='0.763472'/>
	<unitsAverage value='78'/>
</results>
