<results>
	<result value='loss'/>
	<start value='2015-04-29.11:06:45'/>
	<end value='2015-04-29.11:07:17'/>
	<frames value='52299'/>
	<gameDuration value='3268'/>

	<player>
		<unitScore value='22600'/>
		<killScore value='25450'/>
		<buildingScore value='2575'/>
		<razingScore value='7350'/>
		<mineralScore value='24042'/>
		<gasScore value='4944'/>
		<totalScore value='86961'/>
	</player>

	<enemy>
		<race value='Protoss'/>
		<unitScore value='32325'/>
		<unitScore value='32325'/>
		<killScore value='45300'/>
		<buildingScore value='10025'/>
		<razingScore value='7725'/>
		<mineralScore value='34118'/>
		<gasScore value='10554'/>
		<totalScore value='140047'/>
	</enemy>

	<scoreRatio value='0.620942'/>
	<timeFitness value='0.453889'/>
	<unitsAverage value='72'/>
</results>
