<results>
	<result value='win'/>
	<start value='2015-04-29.11:10:09'/>
	<end value='2015-04-29.11:10:30'/>
	<frames value='27561'/>
	<gameDuration value='1722'/>

	<player>
		<unitScore value='17475'/>
		<killScore value='14900'/>
		<buildingScore value='3925'/>
		<razingScore value='13575'/>
		<mineralScore value='23974'/>
		<gasScore value='2088'/>
		<totalScore value='75937'/>
	</player>

	<enemy>
		<race value='Protoss'/>
		<unitScore value='7450'/>
		<unitScore value='7450'/>
		<killScore value='14150'/>
		<buildingScore value='4525'/>
		<razingScore value='0'/>
		<mineralScore value='18982'/>
		<gasScore value='984'/>
		<totalScore value='46091'/>
	</enemy>

	<scoreRatio value='1.64755'/>
	<timeFitness value='0.760833'/>
	<unitsAverage value='96'/>
</results>
