<results>
	<result value='win'/>
	<start value='2015-05-10.18:48:27'/>
	<end value='2015-05-10.18:48:50'/>
	<frames value='23500'/>
	<gameDuration value='1468'/>

	<player>
		<unitScore value='13475'/>
		<killScore value='22820'/>
		<buildingScore value='3975'/>
		<razingScore value='4635'/>
		<mineralScore value='21910'/>
		<gasScore value='2456'/>
		<totalScore value='69271'/>
	</player>

	<enemy>
		<race value='Zerg'/>
		<unitScore value='10100'/>
		<unitScore value='10100'/>
		<killScore value='8200'/>
		<buildingScore value='1545'/>
		<razingScore value='0'/>
		<mineralScore value='9386'/>
		<gasScore value='2560'/>
		<totalScore value='31791'/>
	</enemy>

	<scoreRatio value='2.17895'/>
	<timeFitness value='0.796111'/>
	<unitsAverage value='83'/>
</results>
