<results>
	<result value='win'/>
	<start value='2015-05-04.06:19:55'/>
	<end value='2015-05-04.06:20:35'/>
	<frames value='29793'/>
	<gameDuration value='1862'/>

	<player>
		<unitScore value='18000'/>
		<killScore value='19430'/>
		<buildingScore value='4225'/>
		<razingScore value='7710'/>
		<mineralScore value='25010'/>
		<gasScore value='2992'/>
		<totalScore value='77367'/>
	</player>

	<enemy>
		<race value='Zerg'/>
		<unitScore value='8875'/>
		<unitScore value='8875'/>
		<killScore value='7450'/>
		<buildingScore value='2570'/>
		<razingScore value='0'/>
		<mineralScore value='10466'/>
		<gasScore value='3128'/>
		<totalScore value='32489'/>
	</enemy>

	<scoreRatio value='2.38133'/>
	<timeFitness value='0.741389'/>
	<unitsAverage value='107'/>
</results>
