<results>
	<result value='loss'/>
	<start value='2015-05-04.06:26:00'/>
	<end value='2015-05-04.06:26:02'/>
	<frames value='6481'/>
	<gameDuration value='405'/>

	<player>
		<unitScore value='800'/>
		<killScore value='0'/>
		<buildingScore value='600'/>
		<razingScore value='0'/>
		<mineralScore value='1162'/>
		<gasScore value='0'/>
		<totalScore value='2562'/>
	</player>

	<enemy>
		<race value='Zerg'/>
		<unitScore value='1100'/>
		<unitScore value='1100'/>
		<killScore value='1600'/>
		<buildingScore value='375'/>
		<razingScore value='1800'/>
		<mineralScore value='1634'/>
		<gasScore value='0'/>
		<totalScore value='6509'/>
	</enemy>

	<scoreRatio value='0.393609'/>
	<timeFitness value='0.05625'/>
	<unitsAverage value='9'/>
</results>
