<results>
	<result value='win'/>
	<start value='2015-05-10.18:58:33'/>
	<end value='2015-05-10.18:58:59'/>
	<frames value='23717'/>
	<gameDuration value='1482'/>

	<player>
		<unitScore value='14025'/>
		<killScore value='22090'/>
		<buildingScore value='3725'/>
		<razingScore value='4680'/>
		<mineralScore value='23422'/>
		<gasScore value='2040'/>
		<totalScore value='69982'/>
	</player>

	<enemy>
		<race value='Zerg'/>
		<unitScore value='10050'/>
		<unitScore value='10050'/>
		<killScore value='9600'/>
		<buildingScore value='1560'/>
		<razingScore value='0'/>
		<mineralScore value='9882'/>
		<gasScore value='3312'/>
		<totalScore value='34404'/>
	</enemy>

	<scoreRatio value='2.03412'/>
	<timeFitness value='0.794167'/>
	<unitsAverage value='91'/>
</results>
