<results>
	<result value='win'/>
	<start value='2015-05-04.06:41:20'/>
	<end value='2015-05-04.06:42:13'/>
	<frames value='43371'/>
	<gameDuration value='2710'/>

	<player>
		<unitScore value='23850'/>
		<killScore value='35015'/>
		<buildingScore value='4275'/>
		<razingScore value='10155'/>
		<mineralScore value='26654'/>
		<gasScore value='3432'/>
		<totalScore value='103381'/>
	</player>

	<enemy>
		<race value='Zerg'/>
		<unitScore value='15475'/>
		<unitScore value='15475'/>
		<killScore value='22700'/>
		<buildingScore value='3385'/>
		<razingScore value='2250'/>
		<mineralScore value='16882'/>
		<gasScore value='5272'/>
		<totalScore value='65964'/>
	</enemy>

	<scoreRatio value='1.56723'/>
	<timeFitness value='0.623611'/>
	<unitsAverage value='93'/>
</results>
