<results>
	<result value='loss'/>
	<start value='2015-05-04.09:01:33'/>
	<end value='2015-05-04.09:01:43'/>
	<frames value='18881'/>
	<gameDuration value='1180'/>

	<player>
		<unitScore value='4575'/>
		<killScore value='1300'/>
		<buildingScore value='2125'/>
		<razingScore value='0'/>
		<mineralScore value='6858'/>
		<gasScore value='704'/>
		<totalScore value='15562'/>
	</player>

	<enemy>
		<race value='Terran'/>
		<unitScore value='6750'/>
		<unitScore value='6750'/>
		<killScore value='9150'/>
		<buildingScore value='2850'/>
		<razingScore value='6375'/>
		<mineralScore value='8842'/>
		<gasScore value='3048'/>
		<totalScore value='37015'/>
	</enemy>

	<scoreRatio value='0.420424'/>
	<timeFitness value='0.163889'/>
	<unitsAverage value='29'/>
</results>
