<results>
	<result value='win'/>
	<start value='2015-05-04.09:07:08'/>
	<end value='2015-05-04.09:07:35'/>
	<frames value='27716'/>
	<gameDuration value='1732'/>

	<player>
		<unitScore value='14000'/>
		<killScore value='20900'/>
		<buildingScore value='4475'/>
		<razingScore value='9225'/>
		<mineralScore value='22418'/>
		<gasScore value='2888'/>
		<totalScore value='73906'/>
	</player>

	<enemy>
		<race value='Terran'/>
		<unitScore value='11650'/>
		<unitScore value='11650'/>
		<killScore value='6900'/>
		<buildingScore value='3075'/>
		<razingScore value='1350'/>
		<mineralScore value='11170'/>
		<gasScore value='4264'/>
		<totalScore value='38409'/>
	</enemy>

	<scoreRatio value='1.92418'/>
	<timeFitness value='0.759444'/>
	<unitsAverage value='86'/>
</results>
