<results>
	<result value='loss'/>
	<start value='2015-05-04.09:09:41'/>
	<end value='2015-05-04.09:09:54'/>
	<frames value='21950'/>
	<gameDuration value='1371'/>

	<player>
		<unitScore value='6600'/>
		<killScore value='3000'/>
		<buildingScore value='2050'/>
		<razingScore value='0'/>
		<mineralScore value='8434'/>
		<gasScore value='1208'/>
		<totalScore value='21292'/>
	</player>

	<enemy>
		<race value='Terran'/>
		<unitScore value='9325'/>
		<unitScore value='9325'/>
		<killScore value='13200'/>
		<buildingScore value='3400'/>
		<razingScore value='6150'/>
		<mineralScore value='10634'/>
		<gasScore value='4352'/>
		<totalScore value='47061'/>
	</enemy>

	<scoreRatio value='0.452434'/>
	<timeFitness value='0.190417'/>
	<unitsAverage value='33'/>
</results>
