<results>
	<result value='loss'/>
	<start value='2015-05-09.21:26:59'/>
	<end value='2015-05-09.21:27:23'/>
	<frames value='23035'/>
	<gameDuration value='1439'/>

	<player>
		<unitScore value='5750'/>
		<killScore value='3500'/>
		<buildingScore value='2575'/>
		<razingScore value='0'/>
		<mineralScore value='9114'/>
		<gasScore value='1640'/>
		<totalScore value='22579'/>
	</player>

	<enemy>
		<race value='Terran'/>
		<unitScore value='8925'/>
		<unitScore value='8925'/>
		<killScore value='11500'/>
		<buildingScore value='3550'/>
		<razingScore value='7725'/>
		<mineralScore value='11418'/>
		<gasScore value='4608'/>
		<totalScore value='47726'/>
	</enemy>

	<scoreRatio value='0.473096'/>
	<timeFitness value='0.199861'/>
	<unitsAverage value='32'/>
</results>
