<results>
	<result value='win'/>
	<start value='2015-05-11.00:54:50'/>
	<end value='2015-05-11.00:56:13'/>
	<frames value='52826'/>
	<gameDuration value='3301'/>

	<player>
		<unitScore value='33125'/>
		<killScore value='62705'/>
		<buildingScore value='4450'/>
		<razingScore value='13980'/>
		<mineralScore value='33650'/>
		<gasScore value='6048'/>
		<totalScore value='153958'/>
	</player>

	<enemy>
		<race value='Zerg'/>
		<unitScore value='29525'/>
		<unitScore value='29525'/>
		<killScore value='42750'/>
		<buildingScore value='4660'/>
		<razingScore value='4275'/>
		<mineralScore value='25506'/>
		<gasScore value='10916'/>
		<totalScore value='117632'/>
	</enemy>

	<scoreRatio value='1.30881'/>
	<timeFitness value='0.541528'/>
	<unitsAverage value='122'/>
</results>
