<results>
	<result value='win'/>
	<start value='2015-05-11.00:57:53'/>
	<end value='2015-05-11.00:58:53'/>
	<frames value='34908'/>
	<gameDuration value='2181'/>

	<player>
		<unitScore value='22600'/>
		<killScore value='34930'/>
		<buildingScore value='5250'/>
		<razingScore value='9765'/>
		<mineralScore value='30062'/>
		<gasScore value='2464'/>
		<totalScore value='105071'/>
	</player>

	<enemy>
		<race value='Zerg'/>
		<unitScore value='17225'/>
		<unitScore value='17225'/>
		<killScore value='20400'/>
		<buildingScore value='3255'/>
		<razingScore value='525'/>
		<mineralScore value='17934'/>
		<gasScore value='6400'/>
		<totalScore value='65739'/>
	</enemy>

	<scoreRatio value='1.59831'/>
	<timeFitness value='0.697083'/>
	<unitsAverage value='131'/>
</results>
