<results>
	<result value='loss'/>
	<start value='2015-04-16.20:16:49'/>
	<end value='2015-04-16.20:17:06'/>
	<frames value='19780'/>
	<gameDuration value='1236'/>

	<player>
		<unitScore value='3150'/>
		<killScore value='1800'/>
		<buildingScore value='1850'/>
		<razingScore value='0'/>
		<mineralScore value='5074'/>
		<gasScore value='880'/>
		<totalScore value='12754'/>
	</player>

	<enemy>
		<race value='Protoss'/>
		<unitScore value='5075'/>
		<unitScore value='5075'/>
		<killScore value='5550'/>
		<buildingScore value='5275'/>
		<razingScore value='5550'/>
		<mineralScore value='11658'/>
		<gasScore value='2344'/>
		<totalScore value='35452'/>
	</enemy>

	<scoreRatio value='0.359754'/>
</results>
