<results>
	<result value='loss'/>
	<start value='2015-05-08.04:43:50'/>
	<end value='2015-05-08.04:44:02'/>
	<frames value='24027'/>
	<gameDuration value='1501'/>

	<player>
		<unitScore value='6200'/>
		<killScore value='4750'/>
		<buildingScore value='2050'/>
		<razingScore value='0'/>
		<mineralScore value='8658'/>
		<gasScore value='1512'/>
		<totalScore value='23170'/>
	</player>

	<enemy>
		<race value='Terran'/>
		<unitScore value='7825'/>
		<unitScore value='7825'/>
		<killScore value='12000'/>
		<buildingScore value='2850'/>
		<razingScore value='6150'/>
		<mineralScore value='11254'/>
		<gasScore value='4160'/>
		<totalScore value='44239'/>
	</enemy>

	<scoreRatio value='0.523746'/>
	<timeFitness value='0.208472'/>
	<unitsAverage value='35'/>
</results>
