<results>
	<result value='win'/>
	<start value='2015-05-03.22:19:08'/>
	<end value='2015-05-03.22:19:33'/>
	<frames value='23252'/>
	<gameDuration value='1453'/>

	<player>
		<unitScore value='10875'/>
		<killScore value='14000'/>
		<buildingScore value='2175'/>
		<razingScore value='6825'/>
		<mineralScore value='16422'/>
		<gasScore value='2544'/>
		<totalScore value='52841'/>
	</player>

	<enemy>
		<race value='Terran'/>
		<unitScore value='7000'/>
		<unitScore value='7000'/>
		<killScore value='7300'/>
		<buildingScore value='2275'/>
		<razingScore value='0'/>
		<mineralScore value='8826'/>
		<gasScore value='2712'/>
		<totalScore value='28113'/>
	</enemy>

	<scoreRatio value='1.87959'/>
	<timeFitness value='0.798194'/>
	<unitsAverage value='68'/>
</results>
