<results>
	<result value='loss'/>
	<start value='2015-05-03.16:59:30'/>
	<end value='2015-05-03.16:59:46'/>
	<frames value='20369'/>
	<gameDuration value='1273'/>

	<player>
		<unitScore value='3950'/>
		<killScore value='3550'/>
		<buildingScore value='1600'/>
		<razingScore value='0'/>
		<mineralScore value='4962'/>
		<gasScore value='984'/>
		<totalScore value='15046'/>
	</player>

	<enemy>
		<race value='Zerg'/>
		<unitScore value='7775'/>
		<unitScore value='7775'/>
		<killScore value='7900'/>
		<buildingScore value='2615'/>
		<razingScore value='4800'/>
		<mineralScore value='9770'/>
		<gasScore value='3168'/>
		<totalScore value='36028'/>
	</enemy>

	<scoreRatio value='0.41762'/>
	<timeFitness value='0.176806'/>
	<unitsAverage value='27'/>
</results>
