<results>
	<result value='win'/>
	<start value='2015-04-16.14:16:29'/>
	<end value='2015-04-16.14:17:16'/>
	<frames value='30196'/>
	<gameDuration value='1887'/>

	<player>
		<unitScore value='18375'/>
		<killScore value='14750'/>
		<buildingScore value='2475'/>
		<razingScore value='16725'/>
		<mineralScore value='22714'/>
		<gasScore value='3056'/>
		<totalScore value='78095'/>
	</player>

	<enemy>
		<race value='Protoss'/>
		<unitScore value='7825'/>
		<unitScore value='7825'/>
		<killScore value='23250'/>
		<buildingScore value='5575'/>
		<razingScore value='450'/>
		<mineralScore value='16266'/>
		<gasScore value='2120'/>
		<totalScore value='55486'/>
	</enemy>

	<scoreRatio value='1.40747'/>
</results>
