<results>
	<result value='loss'/>
	<start value='2015-04-11.01:09:32'/>
	<end value='2015-04-11.01:11:13'/>
	<frames value='51958'/>
	<gameDuration value='3247'/>

	<player>
		<unitScore value='28675'/>
		<killScore value='45050'/>
		<buildingScore value='3675'/>
		<razingScore value='600'/>
		<mineralScore value='31470'/>
		<gasScore value='4832'/>
		<totalScore value='114302'/>
	</player>

	<enemy>
		<race value='Protoss'/>
		<unitScore value='36100'/>
		<unitScore value='36100'/>
		<killScore value='57450'/>
		<buildingScore value='6500'/>
		<razingScore value='11025'/>
		<mineralScore value='31226'/>
		<gasScore value='10574'/>
		<totalScore value='152875'/>
	</enemy>

	<scoreRatio value='0.747683'/>
</results>
