<results>
	<result value='loss'/>
	<start value='2015-04-11.01:16:59'/>
	<end value='2015-04-11.01:17:50'/>
	<frames value='41759'/>
	<gameDuration value='2609'/>

	<player>
		<unitScore value='18700'/>
		<killScore value='27100'/>
		<buildingScore value='2975'/>
		<razingScore value='0'/>
		<mineralScore value='19546'/>
		<gasScore value='2736'/>
		<totalScore value='71057'/>
	</player>

	<enemy>
		<race value='Protoss'/>
		<unitScore value='31800'/>
		<unitScore value='31800'/>
		<killScore value='37500'/>
		<buildingScore value='6925'/>
		<razingScore value='8925'/>
		<mineralScore value='29098'/>
		<gasScore value='10278'/>
		<totalScore value='124526'/>
	</enemy>

	<scoreRatio value='0.57062'/>
</results>
