<results>
	<result value='win'/>
	<start value='2015-04-30.18:16:24'/>
	<end value='2015-04-30.18:16:47'/>
	<frames value='23407'/>
	<gameDuration value='1462'/>

	<player>
		<unitScore value='10550'/>
		<killScore value='19840'/>
		<buildingScore value='2950'/>
		<razingScore value='6105'/>
		<mineralScore value='15170'/>
		<gasScore value='2280'/>
		<totalScore value='56895'/>
	</player>

	<enemy>
		<race value='Zerg'/>
		<unitScore value='9300'/>
		<unitScore value='9300'/>
		<killScore value='8400'/>
		<buildingScore value='2035'/>
		<razingScore value='0'/>
		<mineralScore value='8962'/>
		<gasScore value='2600'/>
		<totalScore value='31297'/>
	</enemy>

	<scoreRatio value='1.81791'/>
	<timeFitness value='0.796944'/>
	<unitsAverage value='62'/>
</results>
