<results>
	<result value='loss'/>
	<start value='2014-07-24.15:27:28'/>
	<end value='2014-07-24.15:27:34'/>
	<frames value='14107'/>
	<gameDuration value='881'/>

	<player>
		<unitScore value='2500'/>
		<killScore value='1000'/>
		<buildingScore value='1525'/>
		<razingScore value='0'/>
		<mineralScore value='4514'/>
		<gasScore value='872'/>
		<totalScore value='10411'/>
	</player>

	<enemy>
		<race value='Protoss'/>
		<unitScore value='2750'/>
		<unitScore value='2750'/>
		<killScore value='5000'/>
		<buildingScore value='1275'/>
		<razingScore value='4575'/>
		<mineralScore value='7194'/>
		<gasScore value='1192'/>
		<totalScore value='21986'/>
	</enemy>

	<scoreRatio value='0.473529'/>
</results>
