<results>
	<result value='draw'/>
	<start value='2015-05-06.12:42:14'/>
	<end value='2015-05-06.12:43:21'/>
	<frames value='57601'/>
	<gameDuration value='3600'/>

	<player>
		<unitScore value='30125'/>
		<killScore value='45700'/>
		<buildingScore value='3425'/>
		<razingScore value='225'/>
		<mineralScore value='31422'/>
		<gasScore value='7032'/>
		<totalScore value='117929'/>
	</player>

	<enemy>
		<race value='Terran'/>
		<unitScore value='37675'/>
		<unitScore value='37675'/>
		<killScore value='55550'/>
		<buildingScore value='4900'/>
		<razingScore value='3975'/>
		<mineralScore value='31550'/>
		<gasScore value='12430'/>
		<totalScore value='146080'/>
	</enemy>

	<scoreRatio value='0.807291'/>
	<timeFitness value='0.5'/>
	<unitsAverage value='107'/>
</results>
