<results>
	<result value='loss'/>
	<start value='2015-05-06.12:49:18'/>
	<end value='2015-05-06.12:49:28'/>
	<frames value='19532'/>
	<gameDuration value='1220'/>

	<player>
		<unitScore value='5275'/>
		<killScore value='2600'/>
		<buildingScore value='2050'/>
		<razingScore value='0'/>
		<mineralScore value='7226'/>
		<gasScore value='1176'/>
		<totalScore value='18327'/>
	</player>

	<enemy>
		<race value='Terran'/>
		<unitScore value='6800'/>
		<unitScore value='6800'/>
		<killScore value='10550'/>
		<buildingScore value='2850'/>
		<razingScore value='6150'/>
		<mineralScore value='9234'/>
		<gasScore value='3224'/>
		<totalScore value='38808'/>
	</enemy>

	<scoreRatio value='0.472248'/>
	<timeFitness value='0.169444'/>
	<unitsAverage value='28'/>
</results>
