<results>
	<result value='loss'/>
	<start value='2014-07-06.02:36:58'/>
	<end value='2014-07-06.02:37:26'/>
	<frames value='40023'/>
	<gameDuration value='2501'/>

	<player>
		<unitScore value='17925'/>
		<killScore value='19800'/>
		<buildingScore value='2975'/>
		<razingScore value='750'/>
		<mineralScore value='19410'/>
		<gasScore value='3248'/>
		<totalScore value='64108'/>
	</player>

	<enemy>
		<race value='Protoss'/>
		<unitScore value='26675'/>
		<unitScore value='26675'/>
		<killScore value='35600'/>
		<buildingScore value='7325'/>
		<razingScore value='8925'/>
		<mineralScore value='27862'/>
		<gasScore value='10200'/>
		<totalScore value='116587'/>
	</enemy>

	<scoreRatio value='0.549873'/>
</results>
