<results>
	<result value='loss'/>
	<start value='2014-07-06.02:39:22'/>
	<end value='2014-07-06.02:39:29'/>
	<frames value='14572'/>
	<gameDuration value='910'/>

	<player>
		<unitScore value='3125'/>
		<killScore value='400'/>
		<buildingScore value='1425'/>
		<razingScore value='0'/>
		<mineralScore value='4490'/>
		<gasScore value='728'/>
		<totalScore value='10168'/>
	</player>

	<enemy>
		<race value='Protoss'/>
		<unitScore value='3550'/>
		<unitScore value='3550'/>
		<killScore value='6250'/>
		<buildingScore value='2425'/>
		<razingScore value='4275'/>
		<mineralScore value='7514'/>
		<gasScore value='1256'/>
		<totalScore value='25270'/>
	</enemy>

	<scoreRatio value='0.402374'/>
</results>
