<results>
	<result value='win'/>
	<start value='2015-05-09.22:01:35'/>
	<end value='2015-05-09.22:02:56'/>
	<frames value='47432'/>
	<gameDuration value='2964'/>

	<player>
		<unitScore value='28425'/>
		<killScore value='47550'/>
		<buildingScore value='3625'/>
		<razingScore value='28650'/>
		<mineralScore value='32702'/>
		<gasScore value='4648'/>
		<totalScore value='145600'/>
	</player>

	<enemy>
		<race value='Protoss'/>
		<unitScore value='24800'/>
		<unitScore value='24800'/>
		<killScore value='32800'/>
		<buildingScore value='9550'/>
		<razingScore value='0'/>
		<mineralScore value='25562'/>
		<gasScore value='9716'/>
		<totalScore value='102428'/>
	</enemy>

	<scoreRatio value='1.42149'/>
	<timeFitness value='0.588333'/>
	<unitsAverage value='135'/>
</results>
