<results>
	<result value='loss'/>
	<start value='2015-05-09.22:09:16'/>
	<end value='2015-05-09.22:09:32'/>
	<frames value='29762'/>
	<gameDuration value='1860'/>

	<player>
		<unitScore value='3425'/>
		<killScore value='2600'/>
		<buildingScore value='1200'/>
		<razingScore value='0'/>
		<mineralScore value='4986'/>
		<gasScore value='744'/>
		<totalScore value='12955'/>
	</player>

	<enemy>
		<race value='Protoss'/>
		<unitScore value='14025'/>
		<unitScore value='14025'/>
		<killScore value='6850'/>
		<buildingScore value='6875'/>
		<razingScore value='3600'/>
		<mineralScore value='18422'/>
		<gasScore value='7664'/>
		<totalScore value='57436'/>
	</enemy>

	<scoreRatio value='0.225555'/>
	<timeFitness value='0.258333'/>
	<unitsAverage value='18'/>
</results>
