<results>
	<result value='loss'/>
	<start value='2015-07-18.03:23:40'/>
	<end value='2015-07-18.03:24:15'/>
	<frames value='37853'/>
	<gameDuration value='2365'/>

	<player>
		<unitScore value='16075'/>
		<killScore value='11950'/>
		<buildingScore value='3450'/>
		<razingScore value='0'/>
		<mineralScore value='18690'/>
		<gasScore value='2440'/>
		<totalScore value='52605'/>
	</player>

	<enemy>
		<race value='Protoss'/>
		<unitScore value='22975'/>
		<killScore value='32150'/>
		<buildingScore value='7075'/>
		<razingScore value='10350'/>
		<mineralScore value='24018'/>
		<gasScore value='10078'/>
		<totalScore value='106646'/>
	</enemy>

	<scoreRatio value='0.493267'/>
	<timeFitness value='0.328472'/>
	<unitsAverage value='55'/>
</results>
