<results>
	<result value='win'/>
	<start value='2015-05-09.03:23:41'/>
	<end value='2015-05-09.03:24:19'/>
	<frames value='28491'/>
	<gameDuration value='1780'/>

	<player>
		<unitScore value='20750'/>
		<killScore value='29780'/>
		<buildingScore value='4275'/>
		<razingScore value='4635'/>
		<mineralScore value='30978'/>
		<gasScore value='3304'/>
		<totalScore value='93722'/>
	</player>

	<enemy>
		<race value='Zerg'/>
		<unitScore value='12375'/>
		<unitScore value='12375'/>
		<killScore value='17550'/>
		<buildingScore value='1545'/>
		<razingScore value='150'/>
		<mineralScore value='11546'/>
		<gasScore value='3552'/>
		<totalScore value='46718'/>
	</enemy>

	<scoreRatio value='2.00612'/>
	<timeFitness value='0.752778'/>
	<unitsAverage value='107'/>
</results>
