<results>
	<result value='win'/>
	<start value='2015-05-09.03:50:25'/>
	<end value='2015-05-09.03:51:12'/>
	<frames value='35125'/>
	<gameDuration value='2195'/>

	<player>
		<unitScore value='17600'/>
		<killScore value='27790'/>
		<buildingScore value='3850'/>
		<razingScore value='9060'/>
		<mineralScore value='35462'/>
		<gasScore value='4448'/>
		<totalScore value='98210'/>
	</player>

	<enemy>
		<race value='Zerg'/>
		<unitScore value='12925'/>
		<unitScore value='12925'/>
		<killScore value='14200'/>
		<buildingScore value='3020'/>
		<razingScore value='0'/>
		<mineralScore value='13882'/>
		<gasScore value='4920'/>
		<totalScore value='48947'/>
	</enemy>

	<scoreRatio value='2.00646'/>
	<timeFitness value='0.695139'/>
	<unitsAverage value='115'/>
</results>
