<results>
	<result value='draw'/>
	<start value='2015-04-17.05:37:07'/>
	<end value='2015-04-17.05:39:39'/>
	<frames value='57601'/>
	<gameDuration value='3600'/>

	<player>
		<unitScore value='23625'/>
		<killScore value='25150'/>
		<buildingScore value='2875'/>
		<razingScore value='22725'/>
		<mineralScore value='25606'/>
		<gasScore value='5394'/>
		<totalScore value='105375'/>
	</player>

	<enemy>
		<race value='Protoss'/>
		<unitScore value='13050'/>
		<unitScore value='13050'/>
		<killScore value='25900'/>
		<buildingScore value='8075'/>
		<razingScore value='450'/>
		<mineralScore value='23026'/>
		<gasScore value='9946'/>
		<totalScore value='80447'/>
	</enemy>

	<scoreRatio value='1.30987'/>
</results>
