<results>
	<result value='loss'/>
	<start value='2015-07-18.03:19:43'/>
	<end value='2015-07-18.03:20:17'/>
	<frames value='25298'/>
	<gameDuration value='1581'/>

	<player>
		<unitScore value='12575'/>
		<killScore value='3200'/>
		<buildingScore value='2950'/>
		<razingScore value='0'/>
		<mineralScore value='12162'/>
		<gasScore value='2312'/>
		<totalScore value='33199'/>
	</player>

	<enemy>
		<race value='Terran'/>
		<unitScore value='11000'/>
		<killScore value='25150'/>
		<buildingScore value='4050'/>
		<razingScore value='8850'/>
		<mineralScore value='12698'/>
		<gasScore value='5472'/>
		<totalScore value='67220'/>
	</enemy>

	<scoreRatio value='0.493886'/>
	<timeFitness value='0.219583'/>
	<unitsAverage value='41'/>
</results>
