<results>
	<result value='loss'/>
	<start value='2015-07-18.03:35:23'/>
	<end value='2015-07-18.03:35:40'/>
	<frames value='16928'/>
	<gameDuration value='1058'/>

	<player>
		<unitScore value='5325'/>
		<killScore value='300'/>
		<buildingScore value='2150'/>
		<razingScore value='0'/>
		<mineralScore value='6386'/>
		<gasScore value='960'/>
		<totalScore value='15121'/>
	</player>

	<enemy>
		<race value='Terran'/>
		<unitScore value='6050'/>
		<killScore value='10650'/>
		<buildingScore value='2625'/>
		<razingScore value='6450'/>
		<mineralScore value='7842'/>
		<gasScore value='2336'/>
		<totalScore value='35953'/>
	</enemy>

	<scoreRatio value='0.420577'/>
	<timeFitness value='0.146944'/>
	<unitsAverage value='26'/>
</results>
