<results>
	<result value='draw'/>
	<start value='2015-04-30.17:20:44'/>
	<end value='2015-04-30.17:22:22'/>
	<frames value='57601'/>
	<gameDuration value='3600'/>

	<player>
		<unitScore value='29600'/>
		<killScore value='59250'/>
		<buildingScore value='3475'/>
		<razingScore value='16575'/>
		<mineralScore value='31902'/>
		<gasScore value='8358'/>
		<totalScore value='149160'/>
	</player>

	<enemy>
		<race value='Protoss'/>
		<unitScore value='31825'/>
		<unitScore value='31825'/>
		<killScore value='52500'/>
		<buildingScore value='6800'/>
		<razingScore value='675'/>
		<mineralScore value='31062'/>
		<gasScore value='10418'/>
		<totalScore value='133280'/>
	</enemy>

	<scoreRatio value='1.11915'/>
</results>
