<results>
	<result value='win'/>
	<start value='2015-04-30.17:33:26'/>
	<end value='2015-04-30.17:34:08'/>
	<frames value='30537'/>
	<gameDuration value='1908'/>

	<player>
		<unitScore value='18125'/>
		<killScore value='21200'/>
		<buildingScore value='4425'/>
		<razingScore value='15900'/>
		<mineralScore value='24418'/>
		<gasScore value='2360'/>
		<totalScore value='86428'/>
	</player>

	<enemy>
		<race value='Protoss'/>
		<unitScore value='10600'/>
		<unitScore value='10600'/>
		<killScore value='16550'/>
		<buildingScore value='5300'/>
		<razingScore value='375'/>
		<mineralScore value='15194'/>
		<gasScore value='3720'/>
		<totalScore value='51739'/>
	</enemy>

	<scoreRatio value='1.67046'/>
</results>
