<results>
	<result value='win'/>
	<start value='2015-05-08.21:58:25'/>
	<end value='2015-05-08.21:59:25'/>
	<frames value='43309'/>
	<gameDuration value='2706'/>

	<player>
		<unitScore value='24625'/>
		<killScore value='33450'/>
		<buildingScore value='4425'/>
		<razingScore value='11700'/>
		<mineralScore value='38682'/>
		<gasScore value='3920'/>
		<totalScore value='116802'/>
	</player>

	<enemy>
		<race value='Terran'/>
		<unitScore value='16725'/>
		<unitScore value='16725'/>
		<killScore value='24600'/>
		<buildingScore value='3900'/>
		<razingScore value='1725'/>
		<mineralScore value='21514'/>
		<gasScore value='5446'/>
		<totalScore value='73910'/>
	</enemy>

	<scoreRatio value='1.58033'/>
	<timeFitness value='0.624167'/>
	<unitsAverage value='116'/>
</results>
