<results>
	<result value='win'/>
	<start value='2015-05-10.16:08:40'/>
	<end value='2015-05-10.16:09:22'/>
	<frames value='27809'/>
	<gameDuration value='1738'/>

	<player>
		<unitScore value='17550'/>
		<killScore value='13400'/>
		<buildingScore value='4525'/>
		<razingScore value='10125'/>
		<mineralScore value='30442'/>
		<gasScore value='3000'/>
		<totalScore value='79042'/>
	</player>

	<enemy>
		<race value='Protoss'/>
		<unitScore value='6700'/>
		<unitScore value='6700'/>
		<killScore value='12250'/>
		<buildingScore value='3375'/>
		<razingScore value='0'/>
		<mineralScore value='18730'/>
		<gasScore value='936'/>
		<totalScore value='41991'/>
	</enemy>

	<scoreRatio value='1.88236'/>
	<timeFitness value='0.758611'/>
	<unitsAverage value='112'/>
</results>
