<results>
	<result value='win'/>
	<start value='2015-05-10.16:38:24'/>
	<end value='2015-05-10.16:39:43'/>
	<frames value='41108'/>
	<gameDuration value='2569'/>

	<player>
		<unitScore value='31650'/>
		<killScore value='41500'/>
		<buildingScore value='4075'/>
		<razingScore value='17925'/>
		<mineralScore value='32534'/>
		<gasScore value='5714'/>
		<totalScore value='133398'/>
	</player>

	<enemy>
		<race value='Protoss'/>
		<unitScore value='21450'/>
		<unitScore value='21450'/>
		<killScore value='36350'/>
		<buildingScore value='5975'/>
		<razingScore value='300'/>
		<mineralScore value='21558'/>
		<gasScore value='6792'/>
		<totalScore value='92425'/>
	</enemy>

	<scoreRatio value='1.44331'/>
	<timeFitness value='0.643194'/>
	<unitsAverage value='131'/>
</results>
