<results>
	<result value='win'/>
	<start value='2015-05-10.16:45:41'/>
	<end value='2015-05-10.16:46:59'/>
	<frames value='40240'/>
	<gameDuration value='2515'/>

	<player>
		<unitScore value='29200'/>
		<killScore value='22750'/>
		<buildingScore value='4650'/>
		<razingScore value='15975'/>
		<mineralScore value='41878'/>
		<gasScore value='4600'/>
		<totalScore value='119053'/>
	</player>

	<enemy>
		<race value='Protoss'/>
		<unitScore value='11600'/>
		<unitScore value='11600'/>
		<killScore value='31200'/>
		<buildingScore value='5325'/>
		<razingScore value='0'/>
		<mineralScore value='14666'/>
		<gasScore value='3560'/>
		<totalScore value='66351'/>
	</enemy>

	<scoreRatio value='1.79429'/>
	<timeFitness value='0.650694'/>
	<unitsAverage value='137'/>
</results>
