<results>
	<result value='loss'/>
	<start value='2015-07-20.19:11:33'/>
	<end value='2015-07-20.19:12:51'/>
	<frames value='50222'/>
	<gameDuration value='3138'/>

	<player>
		<unitScore value='24425'/>
		<killScore value='19225'/>
		<buildingScore value='3450'/>
		<razingScore value='0'/>
		<mineralScore value='22182'/>
		<gasScore value='5352'/>
		<totalScore value='74634'/>
	</player>

	<enemy>
		<race value='Zerg'/>
		<unitScore value='34425'/>
		<killScore value='48850'/>
		<buildingScore value='4435'/>
		<razingScore value='10350'/>
		<mineralScore value='29406'/>
		<gasScore value='11162'/>
		<totalScore value='138628'/>
	</enemy>

	<scoreRatio value='0.538376'/>
	<timeFitness value='0.435833'/>
	<unitsAverage value='89'/>
</results>
