<results>
	<result value='win'/>
	<start value='2015-05-07.15:36:24'/>
	<end value='2015-05-07.15:36:56'/>
	<frames value='32025'/>
	<gameDuration value='2001'/>

	<player>
		<unitScore value='18300'/>
		<killScore value='24600'/>
		<buildingScore value='3000'/>
		<razingScore value='16575'/>
		<mineralScore value='21614'/>
		<gasScore value='2936'/>
		<totalScore value='87025'/>
	</player>

	<enemy>
		<race value='Protoss'/>
		<unitScore value='12300'/>
		<unitScore value='12300'/>
		<killScore value='19700'/>
		<buildingScore value='5525'/>
		<razingScore value='0'/>
		<mineralScore value='15410'/>
		<gasScore value='4032'/>
		<totalScore value='56967'/>
	</enemy>

	<scoreRatio value='1.52764'/>
	<timeFitness value='0.722083'/>
	<unitsAverage value='89'/>
</results>
