<results>
	<result value='draw'/>
	<start value='2015-05-07.15:43:03'/>
	<end value='2015-05-07.15:43:55'/>
	<frames value='57601'/>
	<gameDuration value='3600'/>

	<player>
		<unitScore value='23300'/>
		<killScore value='40750'/>
		<buildingScore value='2475'/>
		<razingScore value='7800'/>
		<mineralScore value='25618'/>
		<gasScore value='4312'/>
		<totalScore value='104255'/>
	</player>

	<enemy>
		<race value='Protoss'/>
		<unitScore value='24850'/>
		<unitScore value='24850'/>
		<killScore value='37450'/>
		<buildingScore value='9175'/>
		<razingScore value='375'/>
		<mineralScore value='28786'/>
		<gasScore value='13824'/>
		<totalScore value='114460'/>
	</enemy>

	<scoreRatio value='0.910842'/>
	<timeFitness value='0.5'/>
	<unitsAverage value='93'/>
</results>
