<results>
	<result value='loss'/>
	<start value='2015-05-04.22:20:30'/>
	<end value='2015-05-04.22:20:47'/>
	<frames value='18571'/>
	<gameDuration value='1160'/>

	<player>
		<unitScore value='5425'/>
		<killScore value='1800'/>
		<buildingScore value='1925'/>
		<razingScore value='0'/>
		<mineralScore value='7874'/>
		<gasScore value='792'/>
		<totalScore value='17816'/>
	</player>

	<enemy>
		<race value='Protoss'/>
		<unitScore value='5125'/>
		<unitScore value='5125'/>
		<killScore value='10850'/>
		<buildingScore value='4125'/>
		<razingScore value='5775'/>
		<mineralScore value='9530'/>
		<gasScore value='2496'/>
		<totalScore value='37901'/>
	</enemy>

	<scoreRatio value='0.470067'/>
	<timeFitness value='0.161111'/>
	<unitsAverage value='32'/>
</results>
