<results>
	<result value='win'/>
	<start value='2015-04-30.13:10:14'/>
	<end value='2015-04-30.13:10:32'/>
	<frames value='23345'/>
	<gameDuration value='1459'/>

	<player>
		<unitScore value='13000'/>
		<killScore value='18630'/>
		<buildingScore value='3500'/>
		<razingScore value='5820'/>
		<mineralScore value='19434'/>
		<gasScore value='1752'/>
		<totalScore value='62136'/>
	</player>

	<enemy>
		<race value='Zerg'/>
		<unitScore value='8850'/>
		<unitScore value='8850'/>
		<killScore value='10050'/>
		<buildingScore value='1940'/>
		<razingScore value='0'/>
		<mineralScore value='9338'/>
		<gasScore value='2928'/>
		<totalScore value='33106'/>
	</enemy>

	<scoreRatio value='1.87688'/>
	<timeFitness value='0.797361'/>
	<unitsAverage value='76'/>
</results>
