<results>
	<result value='win'/>
	<start value='2015-04-30.13:13:22'/>
	<end value='2015-04-30.13:13:43'/>
	<frames value='25918'/>
	<gameDuration value='1619'/>

	<player>
		<unitScore value='12975'/>
		<killScore value='19235'/>
		<buildingScore value='3675'/>
		<razingScore value='5460'/>
		<mineralScore value='20034'/>
		<gasScore value='1216'/>
		<totalScore value='62595'/>
	</player>

	<enemy>
		<race value='Zerg'/>
		<unitScore value='8700'/>
		<unitScore value='8700'/>
		<killScore value='8850'/>
		<buildingScore value='1820'/>
		<razingScore value='150'/>
		<mineralScore value='8530'/>
		<gasScore value='2528'/>
		<totalScore value='30578'/>
	</enemy>

	<scoreRatio value='2.04706'/>
	<timeFitness value='0.775139'/>
	<unitsAverage value='69'/>
</results>
