<results>
	<result value='win'/>
	<start value='2015-04-16.19:24:14'/>
	<end value='2015-04-16.19:25:16'/>
	<frames value='35373'/>
	<gameDuration value='2210'/>

	<player>
		<unitScore value='21600'/>
		<killScore value='31350'/>
		<buildingScore value='4175'/>
		<razingScore value='17475'/>
		<mineralScore value='26174'/>
		<gasScore value='3488'/>
		<totalScore value='104262'/>
	</player>

	<enemy>
		<race value='Protoss'/>
		<unitScore value='16600'/>
		<unitScore value='16600'/>
		<killScore value='22750'/>
		<buildingScore value='5825'/>
		<razingScore value='375'/>
		<mineralScore value='17226'/>
		<gasScore value='4240'/>
		<totalScore value='67016'/>
	</enemy>

	<scoreRatio value='1.55578'/>
</results>
