<results>
	<result value='win'/>
	<start value='2015-05-10.21:26:41'/>
	<end value='2015-05-10.21:27:10'/>
	<frames value='27220'/>
	<gameDuration value='1701'/>

	<player>
		<unitScore value='16325'/>
		<killScore value='23755'/>
		<buildingScore value='4450'/>
		<razingScore value='4635'/>
		<mineralScore value='25978'/>
		<gasScore value='1992'/>
		<totalScore value='77135'/>
	</player>

	<enemy>
		<race value='Zerg'/>
		<unitScore value='10925'/>
		<unitScore value='10925'/>
		<killScore value='12350'/>
		<buildingScore value='1545'/>
		<razingScore value='0'/>
		<mineralScore value='10082'/>
		<gasScore value='3176'/>
		<totalScore value='38078'/>
	</enemy>

	<scoreRatio value='2.02571'/>
	<timeFitness value='0.76375'/>
	<unitsAverage value='90'/>
</results>
