<results>
	<result value='loss'/>
	<start value='2014-07-01.10:49:56'/>
	<end value='2014-07-01.10:50:15'/>
	<frames value='36365'/>
	<gameDuration value='2272'/>

	<player>
		<unitScore value='11100'/>
		<killScore value='13800'/>
		<buildingScore value='1725'/>
		<razingScore value='0'/>
		<mineralScore value='12214'/>
		<gasScore value='2720'/>
		<totalScore value='41559'/>
	</player>

	<enemy>
		<race value='Protoss'/>
		<unitScore value='24250'/>
		<unitScore value='24250'/>
		<killScore value='22300'/>
		<buildingScore value='7025'/>
		<razingScore value='5175'/>
		<mineralScore value='24338'/>
		<gasScore value='9104'/>
		<totalScore value='92192'/>
	</enemy>

	<scoreRatio value='0.450787'/>
</results>
