<results>
	<result value='loss'/>
	<start value='2015-05-21.20:08:10'/>
	<end value='2015-05-21.20:08:22'/>
	<frames value='20555'/>
	<gameDuration value='1284'/>

	<player>
		<unitScore value='7500'/>
		<killScore value='4970'/>
		<buildingScore value='2250'/>
		<razingScore value='3060'/>
		<mineralScore value='9546'/>
		<gasScore value='1400'/>
		<totalScore value='28726'/>
	</player>

	<enemy>
		<race value='Zerg'/>
		<unitScore value='7675'/>
		<killScore value='13650'/>
		<buildingScore value='2200'/>
		<razingScore value='6750'/>
		<mineralScore value='9306'/>
		<gasScore value='2224'/>
		<totalScore value='41805'/>
	</enemy>

	<scoreRatio value='0.687143'/>
	<timeFitness value='0.178333'/>
	<unitsAverage value='44'/>
</results>
