<results>
	<result value='win'/>
	<start value='2015-05-03.17:03:28'/>
	<end value='2015-05-03.17:04:24'/>
	<frames value='43185'/>
	<gameDuration value='2699'/>

	<player>
		<unitScore value='30250'/>
		<killScore value='39920'/>
		<buildingScore value='3650'/>
		<razingScore value='6495'/>
		<mineralScore value='43030'/>
		<gasScore value='160'/>
		<totalScore value='123505'/>
	</player>

	<enemy>
		<race value='Zerg'/>
		<unitScore value='18150'/>
		<unitScore value='18150'/>
		<killScore value='45100'/>
		<buildingScore value='2165'/>
		<razingScore value='0'/>
		<mineralScore value='15066'/>
		<gasScore value='6196'/>
		<totalScore value='86677'/>
	</enemy>

	<scoreRatio value='1.42489'/>
	<timeFitness value='0.625139'/>
	<unitsAverage value='113'/>
</results>
