<results>
	<result value='win'/>
	<start value='2015-05-03.17:04:29'/>
	<end value='2015-05-03.17:04:58'/>
	<frames value='25949'/>
	<gameDuration value='1621'/>

	<player>
		<unitScore value='17400'/>
		<killScore value='23630'/>
		<buildingScore value='3675'/>
		<razingScore value='5700'/>
		<mineralScore value='24806'/>
		<gasScore value='0'/>
		<totalScore value='75211'/>
	</player>

	<enemy>
		<race value='Zerg'/>
		<unitScore value='10925'/>
		<unitScore value='10925'/>
		<killScore value='19200'/>
		<buildingScore value='1900'/>
		<razingScore value='0'/>
		<mineralScore value='10082'/>
		<gasScore value='3080'/>
		<totalScore value='45187'/>
	</enemy>

	<scoreRatio value='1.66444'/>
	<timeFitness value='0.774861'/>
	<unitsAverage value='91'/>
</results>
