<results>
	<result value='win'/>
	<start value='2015-04-29.15:18:56'/>
	<end value='2015-04-29.15:19:51'/>
	<frames value='35125'/>
	<gameDuration value='2195'/>

	<player>
		<unitScore value='19450'/>
		<killScore value='14500'/>
		<buildingScore value='3650'/>
		<razingScore value='18075'/>
		<mineralScore value='25462'/>
		<gasScore value='2400'/>
		<totalScore value='83537'/>
	</player>

	<enemy>
		<race value='Protoss'/>
		<unitScore value='7600'/>
		<unitScore value='7600'/>
		<killScore value='23000'/>
		<buildingScore value='6025'/>
		<razingScore value='0'/>
		<mineralScore value='13710'/>
		<gasScore value='2320'/>
		<totalScore value='52655'/>
	</enemy>

	<scoreRatio value='1.5865'/>
	<timeFitness value='0.695139'/>
	<unitsAverage value='87'/>
</results>
