<results>
	<result value='loss'/>
	<start value='2015-04-10.12:26:07'/>
	<end value='2015-04-10.12:26:15'/>
	<frames value='15688'/>
	<gameDuration value='980'/>

	<player>
		<unitScore value='3150'/>
		<killScore value='600'/>
		<buildingScore value='1525'/>
		<razingScore value='0'/>
		<mineralScore value='4778'/>
		<gasScore value='592'/>
		<totalScore value='10645'/>
	</player>

	<enemy>
		<race value='Protoss'/>
		<unitScore value='3550'/>
		<unitScore value='3550'/>
		<killScore value='6300'/>
		<buildingScore value='3425'/>
		<razingScore value='4575'/>
		<mineralScore value='8066'/>
		<gasScore value='1520'/>
		<totalScore value='27436'/>
	</enemy>

	<scoreRatio value='0.387994'/>
</results>
