<results>
	<result value='loss'/>
	<start value='2015-04-10.12:33:14'/>
	<end value='2015-04-10.12:33:21'/>
	<frames value='14758'/>
	<gameDuration value='922'/>

	<player>
		<unitScore value='2800'/>
		<killScore value='900'/>
		<buildingScore value='1500'/>
		<razingScore value='0'/>
		<mineralScore value='4418'/>
		<gasScore value='784'/>
		<totalScore value='10402'/>
	</player>

	<enemy>
		<race value='Protoss'/>
		<unitScore value='3600'/>
		<unitScore value='3600'/>
		<killScore value='5600'/>
		<buildingScore value='2625'/>
		<razingScore value='4500'/>
		<mineralScore value='7786'/>
		<gasScore value='1328'/>
		<totalScore value='25439'/>
	</enemy>

	<scoreRatio value='0.4089'/>
</results>
