<results>
	<result value='loss'/>
	<start value='2015-04-10.12:35:42'/>
	<end value='2015-04-10.12:36:13'/>
	<frames value='47556'/>
	<gameDuration value='2972'/>

	<player>
		<unitScore value='10750'/>
		<killScore value='20950'/>
		<buildingScore value='2375'/>
		<razingScore value='6525'/>
		<mineralScore value='17510'/>
		<gasScore value='632'/>
		<totalScore value='58742'/>
	</player>

	<enemy>
		<race value='Protoss'/>
		<unitScore value='14525'/>
		<unitScore value='14525'/>
		<killScore value='21500'/>
		<buildingScore value='6675'/>
		<razingScore value='7125'/>
		<mineralScore value='35722'/>
		<gasScore value='5416'/>
		<totalScore value='90963'/>
	</enemy>

	<scoreRatio value='0.645779'/>
</results>
