<results>
	<result value='loss'/>
	<start value='2015-05-07.00:31:38'/>
	<end value='2015-05-07.00:31:45'/>
	<frames value='14882'/>
	<gameDuration value='930'/>

	<player>
		<unitScore value='2000'/>
		<killScore value='400'/>
		<buildingScore value='1275'/>
		<razingScore value='0'/>
		<mineralScore value='3562'/>
		<gasScore value='568'/>
		<totalScore value='7805'/>
	</player>

	<enemy>
		<race value='Protoss'/>
		<unitScore value='3550'/>
		<unitScore value='3550'/>
		<killScore value='4000'/>
		<buildingScore value='2475'/>
		<razingScore value='3825'/>
		<mineralScore value='7690'/>
		<gasScore value='1192'/>
		<totalScore value='22732'/>
	</enemy>

	<scoreRatio value='0.343349'/>
	<timeFitness value='0.129167'/>
	<unitsAverage value='19'/>
</results>
