<results>
	<result value='loss'/>
	<start value='2015-05-07.00:40:44'/>
	<end value='2015-05-07.00:40:51'/>
	<frames value='15037'/>
	<gameDuration value='939'/>

	<player>
		<unitScore value='1925'/>
		<killScore value='200'/>
		<buildingScore value='1225'/>
		<razingScore value='0'/>
		<mineralScore value='3362'/>
		<gasScore value='496'/>
		<totalScore value='7208'/>
	</player>

	<enemy>
		<race value='Protoss'/>
		<unitScore value='4275'/>
		<unitScore value='4275'/>
		<killScore value='3850'/>
		<buildingScore value='2375'/>
		<razingScore value='3675'/>
		<mineralScore value='7330'/>
		<gasScore value='2032'/>
		<totalScore value='23537'/>
	</enemy>

	<scoreRatio value='0.306241'/>
	<timeFitness value='0.130417'/>
	<unitsAverage value='17'/>
</results>
