<results>
	<result value='loss'/>
	<start value='2015-05-07.00:43:38'/>
	<end value='2015-05-07.00:43:47'/>
	<frames value='17424'/>
	<gameDuration value='1089'/>

	<player>
		<unitScore value='3400'/>
		<killScore value='1800'/>
		<buildingScore value='1475'/>
		<razingScore value='0'/>
		<mineralScore value='4890'/>
		<gasScore value='800'/>
		<totalScore value='12365'/>
	</player>

	<enemy>
		<race value='Protoss'/>
		<unitScore value='4600'/>
		<unitScore value='4600'/>
		<killScore value='6500'/>
		<buildingScore value='3825'/>
		<razingScore value='4425'/>
		<mineralScore value='8914'/>
		<gasScore value='2072'/>
		<totalScore value='30336'/>
	</enemy>

	<scoreRatio value='0.407602'/>
	<timeFitness value='0.15125'/>
	<unitsAverage value='23'/>
</results>
