<results>
	<result value='loss'/>
	<start value='2015-05-07.00:46:54'/>
	<end value='2015-05-07.00:47:13'/>
	<frames value='31622'/>
	<gameDuration value='1976'/>

	<player>
		<unitScore value='12500'/>
		<killScore value='7500'/>
		<buildingScore value='2400'/>
		<razingScore value='150'/>
		<mineralScore value='16826'/>
		<gasScore value='1632'/>
		<totalScore value='41008'/>
	</player>

	<enemy>
		<race value='Protoss'/>
		<unitScore value='19450'/>
		<unitScore value='19450'/>
		<killScore value='25000'/>
		<buildingScore value='6975'/>
		<razingScore value='7200'/>
		<mineralScore value='20686'/>
		<gasScore value='8512'/>
		<totalScore value='87823'/>
	</enemy>

	<scoreRatio value='0.466939'/>
	<timeFitness value='0.274444'/>
	<unitsAverage value='42'/>
</results>
