<results>
	<result value='loss'/>
	<start value='2015-05-07.00:51:35'/>
	<end value='2015-05-07.00:52:31'/>
	<frames value='45014'/>
	<gameDuration value='2813'/>

	<player>
		<unitScore value='19975'/>
		<killScore value='25700'/>
		<buildingScore value='3400'/>
		<razingScore value='300'/>
		<mineralScore value='33690'/>
		<gasScore value='4560'/>
		<totalScore value='87625'/>
	</player>

	<enemy>
		<race value='Protoss'/>
		<unitScore value='26450'/>
		<unitScore value='26450'/>
		<killScore value='39950'/>
		<buildingScore value='7275'/>
		<razingScore value='10200'/>
		<mineralScore value='26362'/>
		<gasScore value='9002'/>
		<totalScore value='119239'/>
	</enemy>

	<scoreRatio value='0.734869'/>
	<timeFitness value='0.390694'/>
	<unitsAverage value='105'/>
</results>
