<results>
	<result value='loss'/>
	<start value='2015-05-07.00:55:06'/>
	<end value='2015-05-07.00:55:13'/>
	<frames value='14386'/>
	<gameDuration value='899'/>

	<player>
		<unitScore value='2450'/>
		<killScore value='200'/>
		<buildingScore value='1950'/>
		<razingScore value='0'/>
		<mineralScore value='5002'/>
		<gasScore value='624'/>
		<totalScore value='10226'/>
	</player>

	<enemy>
		<race value='Protoss'/>
		<unitScore value='3550'/>
		<unitScore value='3550'/>
		<killScore value='5100'/>
		<buildingScore value='2225'/>
		<razingScore value='5850'/>
		<mineralScore value='7250'/>
		<gasScore value='1152'/>
		<totalScore value='25127'/>
	</enemy>

	<scoreRatio value='0.406973'/>
	<timeFitness value='0.124861'/>
	<unitsAverage value='23'/>
</results>
