<results>
	<result value='win'/>
	<start value='2015-05-06.01:20:33'/>
	<end value='2015-05-06.01:21:23'/>
	<frames value='30692'/>
	<gameDuration value='1918'/>

	<player>
		<unitScore value='19900'/>
		<killScore value='19900'/>
		<buildingScore value='3850'/>
		<razingScore value='14175'/>
		<mineralScore value='30642'/>
		<gasScore value='2336'/>
		<totalScore value='90803'/>
	</player>

	<enemy>
		<race value='Protoss'/>
		<unitScore value='9950'/>
		<unitScore value='9950'/>
		<killScore value='16000'/>
		<buildingScore value='4725'/>
		<razingScore value='0'/>
		<mineralScore value='19766'/>
		<gasScore value='1408'/>
		<totalScore value='51849'/>
	</enemy>

	<scoreRatio value='1.7513'/>
	<timeFitness value='0.733611'/>
	<unitsAverage value='116'/>
</results>
