<results>
	<result value='loss'/>
	<start value='2015-05-06.01:41:44'/>
	<end value='2015-05-06.01:41:53'/>
	<frames value='14200'/>
	<gameDuration value='887'/>

	<player>
		<unitScore value='2750'/>
		<killScore value='800'/>
		<buildingScore value='1425'/>
		<razingScore value='0'/>
		<mineralScore value='3970'/>
		<gasScore value='592'/>
		<totalScore value='9537'/>
	</player>

	<enemy>
		<race value='Protoss'/>
		<unitScore value='3550'/>
		<unitScore value='3550'/>
		<killScore value='5500'/>
		<buildingScore value='2375'/>
		<razingScore value='4275'/>
		<mineralScore value='7338'/>
		<gasScore value='1208'/>
		<totalScore value='24246'/>
	</enemy>

	<scoreRatio value='0.393343'/>
	<timeFitness value='0.123194'/>
	<unitsAverage value='20'/>
</results>
