<results>
	<result value='loss'/>
	<start value='2015-05-06.01:44:20'/>
	<end value='2015-05-06.01:45:18'/>
	<frames value='50098'/>
	<gameDuration value='3131'/>

	<player>
		<unitScore value='22250'/>
		<killScore value='38500'/>
		<buildingScore value='2350'/>
		<razingScore value='11550'/>
		<mineralScore value='24122'/>
		<gasScore value='2688'/>
		<totalScore value='101460'/>
	</player>

	<enemy>
		<race value='Protoss'/>
		<unitScore value='23550'/>
		<unitScore value='23550'/>
		<killScore value='41550'/>
		<buildingScore value='8875'/>
		<razingScore value='7050'/>
		<mineralScore value='27706'/>
		<gasScore value='8696'/>
		<totalScore value='117427'/>
	</enemy>

	<scoreRatio value='0.864026'/>
	<timeFitness value='0.434861'/>
	<unitsAverage value='74'/>
</results>
