<results>
	<result value='draw'/>
	<start value='2015-05-06.02:07:03'/>
	<end value='2015-05-06.02:08:09'/>
	<frames value='57601'/>
	<gameDuration value='3600'/>

	<player>
		<unitScore value='24275'/>
		<killScore value='57200'/>
		<buildingScore value='4875'/>
		<razingScore value='16425'/>
		<mineralScore value='32430'/>
		<gasScore value='4698'/>
		<totalScore value='139903'/>
	</player>

	<enemy>
		<race value='Protoss'/>
		<unitScore value='32825'/>
		<unitScore value='32825'/>
		<killScore value='41450'/>
		<buildingScore value='6875'/>
		<razingScore value='10275'/>
		<mineralScore value='29190'/>
		<gasScore value='10882'/>
		<totalScore value='131497'/>
	</enemy>

	<scoreRatio value='1.06393'/>
	<timeFitness value='0.5'/>
	<unitsAverage value='74'/>
</results>
