<results>
	<result value='loss'/>
	<start value='2015-05-06.02:06:13'/>
	<end value='2015-05-06.02:06:59'/>
	<frames value='47587'/>
	<gameDuration value='2974'/>

	<player>
		<unitScore value='15225'/>
		<killScore value='23100'/>
		<buildingScore value='2350'/>
		<razingScore value='2400'/>
		<mineralScore value='19526'/>
		<gasScore value='5968'/>
		<totalScore value='68569'/>
	</player>

	<enemy>
		<race value='Protoss'/>
		<unitScore value='28700'/>
		<unitScore value='28700'/>
		<killScore value='30450'/>
		<buildingScore value='7775'/>
		<razingScore value='7050'/>
		<mineralScore value='36618'/>
		<gasScore value='9460'/>
		<totalScore value='120053'/>
	</enemy>

	<scoreRatio value='0.571156'/>
	<timeFitness value='0.413056'/>
	<unitsAverage value='60'/>
</results>
