<results>
	<result value='loss'/>
	<start value='2015-07-10.02:27:31'/>
	<end value='2015-07-10.02:27:47'/>
	<frames value='15688'/>
	<gameDuration value='980'/>

	<player>
		<unitScore value='3475'/>
		<killScore value='200'/>
		<buildingScore value='1825'/>
		<razingScore value='0'/>
		<mineralScore value='5442'/>
		<gasScore value='496'/>
		<totalScore value='11438'/>
	</player>

	<enemy>
		<race value='Terran'/>
		<unitScore value='4900'/>
		<killScore value='5350'/>
		<buildingScore value='1450'/>
		<razingScore value='5475'/>
		<mineralScore value='7298'/>
		<gasScore value='2200'/>
		<totalScore value='26673'/>
	</enemy>

	<scoreRatio value='0.428823'/>
	<timeFitness value='0.136111'/>
	<unitsAverage value='29'/>
</results>
