<results>
	<result value='loss'/>
	<start value='2015-07-10.02:30:45'/>
	<end value='2015-07-10.02:31:33'/>
	<frames value='44673'/>
	<gameDuration value='2792'/>

	<player>
		<unitScore value='8575'/>
		<killScore value='6000'/>
		<buildingScore value='2950'/>
		<razingScore value='0'/>
		<mineralScore value='10478'/>
		<gasScore value='1904'/>
		<totalScore value='29907'/>
	</player>

	<enemy>
		<race value='Terran'/>
		<unitScore value='16150'/>
		<killScore value='17150'/>
		<buildingScore value='4450'/>
		<razingScore value='8850'/>
		<mineralScore value='17794'/>
		<gasScore value='9208'/>
		<totalScore value='73602'/>
	</enemy>

	<scoreRatio value='0.406334'/>
	<timeFitness value='0.387778'/>
	<unitsAverage value='34'/>
</results>
