<results>
	<result value='loss'/>
	<start value='2015-07-10.02:35:17'/>
	<end value='2015-07-10.02:35:43'/>
	<frames value='22973'/>
	<gameDuration value='1435'/>

	<player>
		<unitScore value='10325'/>
		<killScore value='3300'/>
		<buildingScore value='1900'/>
		<razingScore value='0'/>
		<mineralScore value='9522'/>
		<gasScore value='2040'/>
		<totalScore value='27087'/>
	</player>

	<enemy>
		<race value='Terran'/>
		<unitScore value='9500'/>
		<killScore value='17650'/>
		<buildingScore value='3450'/>
		<razingScore value='5700'/>
		<mineralScore value='11410'/>
		<gasScore value='4208'/>
		<totalScore value='51918'/>
	</enemy>

	<scoreRatio value='0.521727'/>
	<timeFitness value='0.199306'/>
	<unitsAverage value='46'/>
</results>
