<results>
	<result value='win'/>
	<start value='2014-07-23.19:47:03'/>
	<end value='2014-07-23.19:47:34'/>
	<frames value='31529'/>
	<gameDuration value='1970'/>

	<player>
		<unitScore value='20975'/>
		<killScore value='25350'/>
		<buildingScore value='4375'/>
		<razingScore value='18225'/>
		<mineralScore value='27542'/>
		<gasScore value='2352'/>
		<totalScore value='98819'/>
	</player>

	<enemy>
		<race value='Protoss'/>
		<unitScore value='13125'/>
		<unitScore value='13125'/>
		<killScore value='17550'/>
		<buildingScore value='6075'/>
		<razingScore value='0'/>
		<mineralScore value='17466'/>
		<gasScore value='6136'/>
		<totalScore value='60352'/>
	</enemy>

	<scoreRatio value='1.63738'/>
</results>
