<results>
	<result value='win'/>
	<start value='2014-07-11.20:42:36'/>
	<end value='2014-07-11.20:43:03'/>
	<frames value='25825'/>
	<gameDuration value='1614'/>

	<player>
		<unitScore value='16700'/>
		<killScore value='20975'/>
		<buildingScore value='4025'/>
		<razingScore value='5160'/>
		<mineralScore value='26042'/>
		<gasScore value='1880'/>
		<totalScore value='74782'/>
	</player>

	<enemy>
		<race value='Zerg'/>
		<unitScore value='10250'/>
		<unitScore value='10250'/>
		<killScore value='12400'/>
		<buildingScore value='1720'/>
		<razingScore value='0'/>
		<mineralScore value='10194'/>
		<gasScore value='3352'/>
		<totalScore value='37916'/>
	</enemy>

	<scoreRatio value='1.97231'/>
</results>
