<results>
	<result value='win'/>
	<start value='2014-07-11.20:45:09'/>
	<end value='2014-07-11.20:45:32'/>
	<frames value='25577'/>
	<gameDuration value='1598'/>

	<player>
		<unitScore value='16225'/>
		<killScore value='21640'/>
		<buildingScore value='3950'/>
		<razingScore value='7620'/>
		<mineralScore value='23802'/>
		<gasScore value='2360'/>
		<totalScore value='75597'/>
	</player>

	<enemy>
		<race value='Zerg'/>
		<unitScore value='10025'/>
		<unitScore value='10025'/>
		<killScore value='11500'/>
		<buildingScore value='2540'/>
		<razingScore value='150'/>
		<mineralScore value='11826'/>
		<gasScore value='3296'/>
		<totalScore value='39337'/>
	</enemy>

	<scoreRatio value='1.92178'/>
</results>
