<results>
	<result value='loss'/>
	<start value='2015-05-08.18:16:28'/>
	<end value='2015-05-08.18:16:37'/>
	<frames value='16494'/>
	<gameDuration value='1030'/>

	<player>
		<unitScore value='4275'/>
		<killScore value='600'/>
		<buildingScore value='1525'/>
		<razingScore value='0'/>
		<mineralScore value='5802'/>
		<gasScore value='1256'/>
		<totalScore value='13458'/>
	</player>

	<enemy>
		<race value='Terran'/>
		<unitScore value='5750'/>
		<unitScore value='5750'/>
		<killScore value='8550'/>
		<buildingScore value='1950'/>
		<razingScore value='4575'/>
		<mineralScore value='7602'/>
		<gasScore value='2440'/>
		<totalScore value='30867'/>
	</enemy>

	<scoreRatio value='0.436'/>
	<timeFitness value='0.143056'/>
	<unitsAverage value='26'/>
</results>
