<results>
	<result value='loss'/>
	<start value='2015-05-02.21:55:39'/>
	<end value='2015-05-02.21:55:51'/>
	<frames value='16680'/>
	<gameDuration value='1042'/>

	<player>
		<unitScore value='3575'/>
		<killScore value='500'/>
		<buildingScore value='2125'/>
		<razingScore value='0'/>
		<mineralScore value='6050'/>
		<gasScore value='944'/>
		<totalScore value='13194'/>
	</player>

	<enemy>
		<race value='Terran'/>
		<unitScore value='5650'/>
		<unitScore value='5650'/>
		<killScore value='6650'/>
		<buildingScore value='1950'/>
		<razingScore value='6375'/>
		<mineralScore value='7698'/>
		<gasScore value='2416'/>
		<totalScore value='30739'/>
	</enemy>

	<scoreRatio value='0.429227'/>
	<timeFitness value='0.144722'/>
	<unitsAverage value='31'/>
</results>
