<results>
	<result value='loss'/>
	<start value='2015-05-08.18:20:01'/>
	<end value='2015-05-08.18:20:16'/>
	<frames value='20338'/>
	<gameDuration value='1271'/>

	<player>
		<unitScore value='5125'/>
		<killScore value='3550'/>
		<buildingScore value='2200'/>
		<razingScore value='0'/>
		<mineralScore value='7258'/>
		<gasScore value='1192'/>
		<totalScore value='19325'/>
	</player>

	<enemy>
		<race value='Terran'/>
		<unitScore value='7925'/>
		<unitScore value='7925'/>
		<killScore value='10250'/>
		<buildingScore value='2875'/>
		<razingScore value='6600'/>
		<mineralScore value='9642'/>
		<gasScore value='3736'/>
		<totalScore value='41028'/>
	</enemy>

	<scoreRatio value='0.47102'/>
	<timeFitness value='0.176528'/>
	<unitsAverage value='30'/>
</results>
