<results>
	<result value='win'/>
	<start value='2015-05-04.18:02:28'/>
	<end value='2015-05-04.18:02:47'/>
	<frames value='24089'/>
	<gameDuration value='1505'/>

	<player>
		<unitScore value='11650'/>
		<killScore value='19000'/>
		<buildingScore value='3075'/>
		<razingScore value='6825'/>
		<mineralScore value='15290'/>
		<gasScore value='1912'/>
		<totalScore value='57752'/>
	</player>

	<enemy>
		<race value='Terran'/>
		<unitScore value='9500'/>
		<unitScore value='9500'/>
		<killScore value='7850'/>
		<buildingScore value='2275'/>
		<razingScore value='1350'/>
		<mineralScore value='10058'/>
		<gasScore value='3352'/>
		<totalScore value='34385'/>
	</enemy>

	<scoreRatio value='1.67957'/>
	<timeFitness value='0.790972'/>
	<unitsAverage value='67'/>
</results>
