<results>
	<result value='win'/>
	<start value='2015-04-26.04:21:51'/>
	<end value='2015-04-26.04:22:29'/>
	<frames value='32211'/>
	<gameDuration value='2013'/>

	<player>
		<unitScore value='15950'/>
		<killScore value='26400'/>
		<buildingScore value='3925'/>
		<razingScore value='11775'/>
		<mineralScore value='31294'/>
		<gasScore value='3024'/>
		<totalScore value='92368'/>
	</player>

	<enemy>
		<race value='Terran'/>
		<unitScore value='16625'/>
		<unitScore value='16625'/>
		<killScore value='8000'/>
		<buildingScore value='3925'/>
		<razingScore value='0'/>
		<mineralScore value='14614'/>
		<gasScore value='7368'/>
		<totalScore value='50532'/>
	</enemy>

	<scoreRatio value='1.82791'/>
</results>
