<results>
	<result value='loss'/>
	<start value='2015-04-26.04:22:32'/>
	<end value='2015-04-26.04:23:08'/>
	<frames value='53291'/>
	<gameDuration value='3330'/>

	<player>
		<unitScore value='13350'/>
		<killScore value='27300'/>
		<buildingScore value='3300'/>
		<razingScore value='2700'/>
		<mineralScore value='16458'/>
		<gasScore value='3216'/>
		<totalScore value='66324'/>
	</player>

	<enemy>
		<race value='Terran'/>
		<unitScore value='25600'/>
		<unitScore value='25600'/>
		<killScore value='24100'/>
		<buildingScore value='4775'/>
		<razingScore value='9900'/>
		<mineralScore value='19574'/>
		<gasScore value='11760'/>
		<totalScore value='95709'/>
	</enemy>

	<scoreRatio value='0.692976'/>
</results>
