<results>
	<result value='draw'/>
	<start value='2014-07-04.05:42:17'/>
	<end value='2014-07-04.05:43:28'/>
	<frames value='57601'/>
	<gameDuration value='3600'/>

	<player>
		<unitScore value='26450'/>
		<killScore value='36400'/>
		<buildingScore value='3625'/>
		<razingScore value='20025'/>
		<mineralScore value='28922'/>
		<gasScore value='5536'/>
		<totalScore value='120958'/>
	</player>

	<enemy>
		<race value='Protoss'/>
		<unitScore value='19550'/>
		<unitScore value='19550'/>
		<killScore value='38400'/>
		<buildingScore value='6925'/>
		<razingScore value='1575'/>
		<mineralScore value='23626'/>
		<gasScore value='6360'/>
		<totalScore value='96436'/>
	</enemy>

	<scoreRatio value='1.25428'/>
</results>
