<results>
	<result value='win'/>
	<start value='2014-07-04.05:50:20'/>
	<end value='2014-07-04.05:51:09'/>
	<frames value='40302'/>
	<gameDuration value='2518'/>

	<player>
		<unitScore value='29025'/>
		<killScore value='34900'/>
		<buildingScore value='3300'/>
		<razingScore value='15750'/>
		<mineralScore value='31398'/>
		<gasScore value='4792'/>
		<totalScore value='119165'/>
	</player>

	<enemy>
		<race value='Protoss'/>
		<unitScore value='18050'/>
		<unitScore value='18050'/>
		<killScore value='36050'/>
		<buildingScore value='5250'/>
		<razingScore value='0'/>
		<mineralScore value='25058'/>
		<gasScore value='6872'/>
		<totalScore value='91280'/>
	</enemy>

	<scoreRatio value='1.30549'/>
</results>
