<results>
	<result value='loss'/>
	<start value='2015-04-15.02:53:30'/>
	<end value='2015-04-15.02:53:37'/>
	<frames value='14572'/>
	<gameDuration value='910'/>

	<player>
		<unitScore value='2850'/>
		<killScore value='800'/>
		<buildingScore value='1575'/>
		<razingScore value='0'/>
		<mineralScore value='4474'/>
		<gasScore value='944'/>
		<totalScore value='10643'/>
	</player>

	<enemy>
		<race value='Protoss'/>
		<unitScore value='4050'/>
		<unitScore value='4050'/>
		<killScore value='5450'/>
		<buildingScore value='2825'/>
		<razingScore value='4725'/>
		<mineralScore value='7290'/>
		<gasScore value='1440'/>
		<totalScore value='25780'/>
	</enemy>

	<scoreRatio value='0.412839'/>
</results>
