<results>
	<result value='loss'/>
	<start value='2014-07-12.16:04:30'/>
	<end value='2014-07-12.16:04:36'/>
	<frames value='16649'/>
	<gameDuration value='1040'/>

	<player>
		<unitScore value='2500'/>
		<killScore value='850'/>
		<buildingScore value='1500'/>
		<razingScore value='0'/>
		<mineralScore value='4202'/>
		<gasScore value='808'/>
		<totalScore value='9860'/>
	</player>

	<enemy>
		<race value='Terran'/>
		<unitScore value='5600'/>
		<unitScore value='5600'/>
		<killScore value='4500'/>
		<buildingScore value='1900'/>
		<razingScore value='4500'/>
		<mineralScore value='7754'/>
		<gasScore value='2320'/>
		<totalScore value='26574'/>
	</enemy>

	<scoreRatio value='0.371039'/>
</results>
