<results>
	<result value='loss'/>
	<start value='2014-07-12.16:12:05'/>
	<end value='2014-07-12.16:12:12'/>
	<frames value='15750'/>
	<gameDuration value='984'/>

	<player>
		<unitScore value='1275'/>
		<killScore value='500'/>
		<buildingScore value='1400'/>
		<razingScore value='0'/>
		<mineralScore value='2522'/>
		<gasScore value='704'/>
		<totalScore value='6401'/>
	</player>

	<enemy>
		<race value='Terran'/>
		<unitScore value='4800'/>
		<unitScore value='4800'/>
		<killScore value='2550'/>
		<buildingScore value='1600'/>
		<razingScore value='4200'/>
		<mineralScore value='7210'/>
		<gasScore value='2232'/>
		<totalScore value='22592'/>
	</enemy>

	<scoreRatio value='0.28333'/>
</results>
