<results>
	<result value='win'/>
	<start value='2015-05-17.02:57:01'/>
	<end value='2015-05-17.02:58:03'/>
	<frames value='30599'/>
	<gameDuration value='1912'/>

	<player>
		<unitScore value='22000'/>
		<killScore value='33855'/>
		<buildingScore value='3950'/>
		<razingScore value='6735'/>
		<mineralScore value='30178'/>
		<gasScore value='2904'/>
		<totalScore value='99622'/>
	</player>

	<enemy>
		<race value='Zerg'/>
		<unitScore value='15075'/>
		<unitScore value='15075'/>
		<killScore value='19800'/>
		<buildingScore value='2245'/>
		<razingScore value='0'/>
		<mineralScore value='14978'/>
		<gasScore value='4896'/>
		<totalScore value='56994'/>
	</enemy>

	<scoreRatio value='1.74794'/>
	<timeFitness value='0.734444'/>
	<unitsAverage value='122'/>
</results>
