<results>
	<result value='win'/>
	<start value='2015-05-03.17:16:57'/>
	<end value='2015-05-03.17:17:52'/>
	<frames value='36768'/>
	<gameDuration value='2298'/>

	<player>
		<unitScore value='27525'/>
		<killScore value='47995'/>
		<buildingScore value='3925'/>
		<razingScore value='6495'/>
		<mineralScore value='33506'/>
		<gasScore value='2448'/>
		<totalScore value='121894'/>
	</player>

	<enemy>
		<race value='Zerg'/>
		<unitScore value='22725'/>
		<unitScore value='22725'/>
		<killScore value='29900'/>
		<buildingScore value='2165'/>
		<razingScore value='0'/>
		<mineralScore value='18622'/>
		<gasScore value='6784'/>
		<totalScore value='80196'/>
	</enemy>

	<scoreRatio value='1.51995'/>
	<timeFitness value='0.680833'/>
	<unitsAverage value='134'/>
</results>
