<results>
	<result value='win'/>
	<start value='2015-05-17.03:19:15'/>
	<end value='2015-05-17.03:21:56'/>
	<frames value='52268'/>
	<gameDuration value='3266'/>

	<player>
		<unitScore value='23350'/>
		<killScore value='44005'/>
		<buildingScore value='4750'/>
		<razingScore value='7185'/>
		<mineralScore value='41410'/>
		<gasScore value='6810'/>
		<totalScore value='127510'/>
	</player>

	<enemy>
		<race value='Zerg'/>
		<unitScore value='18750'/>
		<unitScore value='18750'/>
		<killScore value='23000'/>
		<buildingScore value='2395'/>
		<razingScore value='0'/>
		<mineralScore value='17834'/>
		<gasScore value='5232'/>
		<totalScore value='67211'/>
	</enemy>

	<scoreRatio value='1.89716'/>
	<timeFitness value='0.546389'/>
	<unitsAverage value='169'/>
</results>
