<results>
	<result value='win'/>
	<start value='2015-05-11.08:14:36'/>
	<end value='2015-05-11.08:15:23'/>
	<frames value='28863'/>
	<gameDuration value='1803'/>

	<player>
		<unitScore value='17550'/>
		<killScore value='19990'/>
		<buildingScore value='4100'/>
		<razingScore value='6075'/>
		<mineralScore value='25298'/>
		<gasScore value='2256'/>
		<totalScore value='75269'/>
	</player>

	<enemy>
		<race value='Zerg'/>
		<unitScore value='9400'/>
		<unitScore value='9400'/>
		<killScore value='10850'/>
		<buildingScore value='2025'/>
		<razingScore value='1350'/>
		<mineralScore value='9986'/>
		<gasScore value='3344'/>
		<totalScore value='36955'/>
	</enemy>

	<scoreRatio value='2.03677'/>
	<timeFitness value='0.749583'/>
	<unitsAverage value='99'/>
</results>
