<results>
	<result value='win'/>
	<start value='2015-05-11.08:19:26'/>
	<end value='2015-05-11.08:21:28'/>
	<frames value='47339'/>
	<gameDuration value='2958'/>

	<player>
		<unitScore value='31175'/>
		<killScore value='51770'/>
		<buildingScore value='4750'/>
		<razingScore value='10185'/>
		<mineralScore value='39774'/>
		<gasScore value='5416'/>
		<totalScore value='143070'/>
	</player>

	<enemy>
		<race value='Zerg'/>
		<unitScore value='23750'/>
		<unitScore value='23750'/>
		<killScore value='34100'/>
		<buildingScore value='3395'/>
		<razingScore value='975'/>
		<mineralScore value='23150'/>
		<gasScore value='5868'/>
		<totalScore value='91238'/>
	</enemy>

	<scoreRatio value='1.5681'/>
	<timeFitness value='0.589167'/>
	<unitsAverage value='150'/>
</results>
