<results>
	<result value='win'/>
	<start value='2015-05-11.08:22:18'/>
	<end value='2015-05-11.08:23:01'/>
	<frames value='27530'/>
	<gameDuration value='1720'/>

	<player>
		<unitScore value='16100'/>
		<killScore value='21390'/>
		<buildingScore value='4025'/>
		<razingScore value='7560'/>
		<mineralScore value='24802'/>
		<gasScore value='2200'/>
		<totalScore value='76077'/>
	</player>

	<enemy>
		<race value='Zerg'/>
		<unitScore value='10500'/>
		<unitScore value='10500'/>
		<killScore value='10250'/>
		<buildingScore value='2520'/>
		<razingScore value='150'/>
		<mineralScore value='11394'/>
		<gasScore value='3568'/>
		<totalScore value='38382'/>
	</enemy>

	<scoreRatio value='1.9821'/>
	<timeFitness value='0.761111'/>
	<unitsAverage value='95'/>
</results>
