<results>
	<result value='loss'/>
	<start value='2014-07-23.00:34:31'/>
	<end value='2014-07-23.00:35:23'/>
	<frames value='45107'/>
	<gameDuration value='2819'/>

	<player>
		<unitScore value='22850'/>
		<killScore value='29150'/>
		<buildingScore value='2800'/>
		<razingScore value='5475'/>
		<mineralScore value='24034'/>
		<gasScore value='4152'/>
		<totalScore value='88461'/>
	</player>

	<enemy>
		<race value='Protoss'/>
		<unitScore value='22925'/>
		<unitScore value='22925'/>
		<killScore value='45800'/>
		<buildingScore value='8475'/>
		<razingScore value='8400'/>
		<mineralScore value='34702'/>
		<gasScore value='7530'/>
		<totalScore value='127832'/>
	</enemy>

	<scoreRatio value='0.69201'/>
</results>
