<results>
	<result value='loss'/>
	<start value='2015-07-11.18:42:28'/>
	<end value='2015-07-11.18:43:01'/>
	<frames value='25236'/>
	<gameDuration value='1577'/>

	<player>
		<unitScore value='12650'/>
		<killScore value='3600'/>
		<buildingScore value='2775'/>
		<razingScore value='0'/>
		<mineralScore value='13054'/>
		<gasScore value='1936'/>
		<totalScore value='34015'/>
	</player>

	<enemy>
		<race value='Terran'/>
		<unitScore value='10425'/>
		<killScore value='22500'/>
		<buildingScore value='3950'/>
		<razingScore value='8325'/>
		<mineralScore value='12538'/>
		<gasScore value='5392'/>
		<totalScore value='63130'/>
	</enemy>

	<scoreRatio value='0.538809'/>
	<timeFitness value='0.219028'/>
	<unitsAverage value='47'/>
</results>
