<results>
	<result value='win'/>
	<start value='2014-07-22.22:43:26'/>
	<end value='2014-07-22.22:44:27'/>
	<frames value='39775'/>
	<gameDuration value='2485'/>

	<player>
		<unitScore value='31500'/>
		<killScore value='49290'/>
		<buildingScore value='4975'/>
		<razingScore value='7710'/>
		<mineralScore value='34290'/>
		<gasScore value='3952'/>
		<totalScore value='131717'/>
	</player>

	<enemy>
		<race value='Zerg'/>
		<unitScore value='23300'/>
		<unitScore value='23300'/>
		<killScore value='35500'/>
		<buildingScore value='2570'/>
		<razingScore value='0'/>
		<mineralScore value='19730'/>
		<gasScore value='7432'/>
		<totalScore value='88532'/>
	</enemy>

	<scoreRatio value='1.48779'/>
</results>
