<results>
	<result value='win'/>
	<start value='2014-07-22.22:44:31'/>
	<end value='2014-07-22.22:45:07'/>
	<frames value='28305'/>
	<gameDuration value='1769'/>

	<player>
		<unitScore value='16875'/>
		<killScore value='18835'/>
		<buildingScore value='4875'/>
		<razingScore value='6375'/>
		<mineralScore value='25370'/>
		<gasScore value='3040'/>
		<totalScore value='75370'/>
	</player>

	<enemy>
		<race value='Zerg'/>
		<unitScore value='8875'/>
		<unitScore value='8875'/>
		<killScore value='7150'/>
		<buildingScore value='2125'/>
		<razingScore value='300'/>
		<mineralScore value='9354'/>
		<gasScore value='2864'/>
		<totalScore value='30668'/>
	</enemy>

	<scoreRatio value='2.45761'/>
</results>
