<results>
	<result value='win'/>
	<start value='2015-04-07.14:41:46'/>
	<end value='2015-04-07.14:42:23'/>
	<frames value='34071'/>
	<gameDuration value='2129'/>

	<player>
		<unitScore value='18650'/>
		<killScore value='18500'/>
		<buildingScore value='4200'/>
		<razingScore value='17775'/>
		<mineralScore value='30234'/>
		<gasScore value='2488'/>
		<totalScore value='91847'/>
	</player>

	<enemy>
		<race value='Protoss'/>
		<unitScore value='9450'/>
		<unitScore value='9450'/>
		<killScore value='14500'/>
		<buildingScore value='5925'/>
		<razingScore value='150'/>
		<mineralScore value='16114'/>
		<gasScore value='4736'/>
		<totalScore value='50875'/>
	</enemy>

	<scoreRatio value='1.80535'/>
</results>
