<results>
	<result value='loss'/>
	<start value='2015-04-10.12:07:52'/>
	<end value='2015-04-10.12:07:59'/>
	<frames value='14169'/>
	<gameDuration value='885'/>

	<player>
		<unitScore value='3075'/>
		<killScore value='200'/>
		<buildingScore value='1625'/>
		<razingScore value='0'/>
		<mineralScore value='4770'/>
		<gasScore value='848'/>
		<totalScore value='10518'/>
	</player>

	<enemy>
		<race value='Protoss'/>
		<unitScore value='3650'/>
		<unitScore value='3650'/>
		<killScore value='6150'/>
		<buildingScore value='2375'/>
		<razingScore value='4875'/>
		<mineralScore value='7338'/>
		<gasScore value='1200'/>
		<totalScore value='25588'/>
	</enemy>

	<scoreRatio value='0.411052'/>
</results>
