<results>
	<result value='win'/>
	<start value='2015-05-02.23:57:43'/>
	<end value='2015-05-02.23:59:11'/>
	<frames value='48238'/>
	<gameDuration value='3014'/>

	<player>
		<unitScore value='25225'/>
		<killScore value='40700'/>
		<buildingScore value='3500'/>
		<razingScore value='25125'/>
		<mineralScore value='28058'/>
		<gasScore value='6088'/>
		<totalScore value='128696'/>
	</player>

	<enemy>
		<race value='Protoss'/>
		<unitScore value='21050'/>
		<unitScore value='21050'/>
		<killScore value='33300'/>
		<buildingScore value='8375'/>
		<razingScore value='1725'/>
		<mineralScore value='28222'/>
		<gasScore value='5056'/>
		<totalScore value='97728'/>
	</enemy>

	<scoreRatio value='1.31688'/>
	<timeFitness value='0.581389'/>
	<unitsAverage value='104'/>
</results>
