<results>
	<result value='win'/>
	<start value='2015-05-03.00:15:51'/>
	<end value='2015-05-03.00:17:27'/>
	<frames value='51834'/>
	<gameDuration value='3239'/>

	<player>
		<unitScore value='31250'/>
		<killScore value='40450'/>
		<buildingScore value='3950'/>
		<razingScore value='28725'/>
		<mineralScore value='34406'/>
		<gasScore value='5240'/>
		<totalScore value='144021'/>
	</player>

	<enemy>
		<race value='Protoss'/>
		<unitScore value='21425'/>
		<unitScore value='21425'/>
		<killScore value='44350'/>
		<buildingScore value='9575'/>
		<razingScore value='1500'/>
		<mineralScore value='27250'/>
		<gasScore value='10352'/>
		<totalScore value='114452'/>
	</enemy>

	<scoreRatio value='1.25835'/>
	<timeFitness value='0.550139'/>
	<unitsAverage value='102'/>
</results>
