<results>
	<result value='win'/>
	<start value='2015-05-05.22:35:40'/>
	<end value='2015-05-05.22:36:08'/>
	<frames value='32149'/>
	<gameDuration value='2009'/>

	<player>
		<unitScore value='13150'/>
		<killScore value='31850'/>
		<buildingScore value='4225'/>
		<razingScore value='10050'/>
		<mineralScore value='19562'/>
		<gasScore value='2640'/>
		<totalScore value='81477'/>
	</player>

	<enemy>
		<race value='Terran'/>
		<unitScore value='18950'/>
		<unitScore value='18950'/>
		<killScore value='8100'/>
		<buildingScore value='3350'/>
		<razingScore value='2550'/>
		<mineralScore value='15358'/>
		<gasScore value='7672'/>
		<totalScore value='55980'/>
	</enemy>

	<scoreRatio value='1.45547'/>
	<timeFitness value='0.720972'/>
	<unitsAverage value='66'/>
</results>
