<results>
	<result value='win'/>
	<start value='2015-05-05.22:40:24'/>
	<end value='2015-05-05.22:40:49'/>
	<frames value='29638'/>
	<gameDuration value='1852'/>

	<player>
		<unitScore value='14225'/>
		<killScore value='22150'/>
		<buildingScore value='3225'/>
		<razingScore value='10050'/>
		<mineralScore value='23098'/>
		<gasScore value='2568'/>
		<totalScore value='75316'/>
	</player>

	<enemy>
		<race value='Terran'/>
		<unitScore value='12975'/>
		<unitScore value='12975'/>
		<killScore value='10700'/>
		<buildingScore value='3425'/>
		<razingScore value='1200'/>
		<mineralScore value='13850'/>
		<gasScore value='6136'/>
		<totalScore value='48286'/>
	</enemy>

	<scoreRatio value='1.55979'/>
	<timeFitness value='0.742778'/>
	<unitsAverage value='77'/>
</results>
