<results>
	<result value='win'/>
	<start value='2015-05-05.22:49:29'/>
	<end value='2015-05-05.22:50:06'/>
	<frames value='37047'/>
	<gameDuration value='2315'/>

	<player>
		<unitScore value='19275'/>
		<killScore value='34100'/>
		<buildingScore value='3825'/>
		<razingScore value='12675'/>
		<mineralScore value='25106'/>
		<gasScore value='2312'/>
		<totalScore value='97293'/>
	</player>

	<enemy>
		<race value='Terran'/>
		<unitScore value='17850'/>
		<unitScore value='17850'/>
		<killScore value='18200'/>
		<buildingScore value='4300'/>
		<razingScore value='2550'/>
		<mineralScore value='15386'/>
		<gasScore value='6384'/>
		<totalScore value='64670'/>
	</enemy>

	<scoreRatio value='1.50445'/>
	<timeFitness value='0.678472'/>
	<unitsAverage value='86'/>
</results>
