<results>
	<result value='loss'/>
	<start value='2015-07-18.08:18:51'/>
	<end value='2015-07-18.08:19:12'/>
	<frames value='22322'/>
	<gameDuration value='1395'/>

	<player>
		<unitScore value='5925'/>
		<killScore value='3250'/>
		<buildingScore value='1200'/>
		<razingScore value='0'/>
		<mineralScore value='9138'/>
		<gasScore value='1328'/>
		<totalScore value='20841'/>
	</player>

	<enemy>
		<race value='Terran'/>
		<unitScore value='8950'/>
		<killScore value='11850'/>
		<buildingScore value='2900'/>
		<razingScore value='3600'/>
		<mineralScore value='10026'/>
		<gasScore value='4056'/>
		<totalScore value='41382'/>
	</enemy>

	<scoreRatio value='0.503625'/>
	<timeFitness value='0.19375'/>
	<unitsAverage value='26'/>
</results>
