<results>
	<result value='win'/>
	<start value='2015-04-14.21:26:00'/>
	<end value='2015-04-14.21:26:59'/>
	<frames value='33234'/>
	<gameDuration value='2077'/>

	<player>
		<unitScore value='19175'/>
		<killScore value='18850'/>
		<buildingScore value='3750'/>
		<razingScore value='14325'/>
		<mineralScore value='23714'/>
		<gasScore value='3120'/>
		<totalScore value='82934'/>
	</player>

	<enemy>
		<race value='Protoss'/>
		<unitScore value='10100'/>
		<unitScore value='10100'/>
		<killScore value='20800'/>
		<buildingScore value='4775'/>
		<razingScore value='525'/>
		<mineralScore value='12098'/>
		<gasScore value='3440'/>
		<totalScore value='51738'/>
	</enemy>

	<scoreRatio value='1.60296'/>
</results>
