<results>
	<result value='win'/>
	<start value='2014-07-22.19:44:32'/>
	<end value='2014-07-22.19:45:42'/>
	<frames value='46440'/>
	<gameDuration value='2902'/>

	<player>
		<unitScore value='31675'/>
		<killScore value='51945'/>
		<buildingScore value='4025'/>
		<razingScore value='11250'/>
		<mineralScore value='31630'/>
		<gasScore value='5672'/>
		<totalScore value='136197'/>
	</player>

	<enemy>
		<race value='Zerg'/>
		<unitScore value='26125'/>
		<unitScore value='26125'/>
		<killScore value='38600'/>
		<buildingScore value='3750'/>
		<razingScore value='2175'/>
		<mineralScore value='22978'/>
		<gasScore value='7632'/>
		<totalScore value='101260'/>
	</enemy>

	<scoreRatio value='1.34502'/>
</results>
