<results>
	<result value='loss'/>
	<start value='2015-07-18.07:54:14'/>
	<end value='2015-07-18.07:55:20'/>
	<frames value='48858'/>
	<gameDuration value='3053'/>

	<player>
		<unitScore value='20900'/>
		<killScore value='11800'/>
		<buildingScore value='2900'/>
		<razingScore value='0'/>
		<mineralScore value='24010'/>
		<gasScore value='5080'/>
		<totalScore value='64690'/>
	</player>

	<enemy>
		<race value='Protoss'/>
		<unitScore value='35675'/>
		<killScore value='41350'/>
		<buildingScore value='8175'/>
		<razingScore value='8700'/>
		<mineralScore value='33758'/>
		<gasScore value='14516'/>
		<totalScore value='142174'/>
	</enemy>

	<scoreRatio value='0.455006'/>
	<timeFitness value='0.424028'/>
	<unitsAverage value='85'/>
</results>
