<results>
	<result value='loss'/>
	<start value='2015-04-12.21:30:44'/>
	<end value='2015-04-12.21:30:51'/>
	<frames value='15936'/>
	<gameDuration value='996'/>

	<player>
		<unitScore value='3225'/>
		<killScore value='600'/>
		<buildingScore value='1125'/>
		<razingScore value='0'/>
		<mineralScore value='4794'/>
		<gasScore value='808'/>
		<totalScore value='10552'/>
	</player>

	<enemy>
		<race value='Protoss'/>
		<unitScore value='3550'/>
		<unitScore value='3550'/>
		<killScore value='5050'/>
		<buildingScore value='2975'/>
		<razingScore value='3375'/>
		<mineralScore value='8154'/>
		<gasScore value='1640'/>
		<totalScore value='24744'/>
	</enemy>

	<scoreRatio value='0.426447'/>
</results>
