<results>
	<result value='win'/>
	<start value='2015-03-30.00:12:05'/>
	<end value='2015-03-30.00:13:11'/>
	<frames value='37481'/>
	<gameDuration value='2342'/>

	<player>
		<unitScore value='21000'/>
		<killScore value='30700'/>
		<buildingScore value='4175'/>
		<razingScore value='19200'/>
		<mineralScore value='30018'/>
		<gasScore value='3416'/>
		<totalScore value='108509'/>
	</player>

	<enemy>
		<race value='Protoss'/>
		<unitScore value='15550'/>
		<unitScore value='15550'/>
		<killScore value='14800'/>
		<buildingScore value='6400'/>
		<razingScore value='300'/>
		<mineralScore value='19970'/>
		<gasScore value='6368'/>
		<totalScore value='63388'/>
	</enemy>

	<scoreRatio value='1.71182'/>
</results>
