<results>
	<result value='loss'/>
	<start value='2015-07-14.04:46:17'/>
	<end value='2015-07-14.04:48:00'/>
	<frames value='52516'/>
	<gameDuration value='3282'/>

	<player>
		<unitScore value='33175'/>
		<killScore value='25000'/>
		<buildingScore value='3525'/>
		<razingScore value='0'/>
		<mineralScore value='27626'/>
		<gasScore value='5236'/>
		<totalScore value='94562'/>
	</player>

	<enemy>
		<race value='Protoss'/>
		<unitScore value='36100'/>
		<killScore value='57950'/>
		<buildingScore value='7675'/>
		<razingScore value='10575'/>
		<mineralScore value='32470'/>
		<gasScore value='13490'/>
		<totalScore value='158260'/>
	</enemy>

	<scoreRatio value='0.59751'/>
	<timeFitness value='0.455833'/>
	<unitsAverage value='98'/>
</results>
