<results>
	<result value='loss'/>
	<start value='2015-05-02.18:05:04'/>
	<end value='2015-05-02.18:05:11'/>
	<frames value='16246'/>
	<gameDuration value='1015'/>

	<player>
		<unitScore value='3200'/>
		<killScore value='6200'/>
		<buildingScore value='1600'/>
		<razingScore value='450'/>
		<mineralScore value='4626'/>
		<gasScore value='808'/>
		<totalScore value='16884'/>
	</player>

	<enemy>
		<race value='Protoss'/>
		<unitScore value='5250'/>
		<unitScore value='5250'/>
		<killScore value='6150'/>
		<buildingScore value='2275'/>
		<razingScore value='4800'/>
		<mineralScore value='7818'/>
		<gasScore value='1616'/>
		<totalScore value='27909'/>
	</enemy>

	<scoreRatio value='0.604966'/>
	<timeFitness value='0.140972'/>
	<unitsAverage value='26'/>
</results>
