<results>
	<result value='win'/>
	<start value='2015-05-11.20:53:41'/>
	<end value='2015-05-11.20:54:17'/>
	<frames value='35559'/>
	<gameDuration value='2222'/>

	<player>
		<unitScore value='19800'/>
		<killScore value='29800'/>
		<buildingScore value='3025'/>
		<razingScore value='14100'/>
		<mineralScore value='44342'/>
		<gasScore value='0'/>
		<totalScore value='111067'/>
	</player>

	<enemy>
		<race value='Protoss'/>
		<unitScore value='16250'/>
		<unitScore value='16250'/>
		<killScore value='25100'/>
		<buildingScore value='4700'/>
		<razingScore value='0'/>
		<mineralScore value='13954'/>
		<gasScore value='4320'/>
		<totalScore value='64324'/>
	</enemy>

	<scoreRatio value='1.72668'/>
	<timeFitness value='0.691389'/>
	<unitsAverage value='95'/>
</results>
