<results>
	<result value='win'/>
	<start value='2015-05-02.18:09:12'/>
	<end value='2015-05-02.18:09:34'/>
	<frames value='29173'/>
	<gameDuration value='1823'/>

	<player>
		<unitScore value='13625'/>
		<killScore value='10300'/>
		<buildingScore value='4225'/>
		<razingScore value='13125'/>
		<mineralScore value='19282'/>
		<gasScore value='2528'/>
		<totalScore value='63085'/>
	</player>

	<enemy>
		<race value='Protoss'/>
		<unitScore value='5150'/>
		<unitScore value='5150'/>
		<killScore value='9650'/>
		<buildingScore value='4375'/>
		<razingScore value='1350'/>
		<mineralScore value='11522'/>
		<gasScore value='1576'/>
		<totalScore value='33623'/>
	</enemy>

	<scoreRatio value='1.87625'/>
	<timeFitness value='0.746806'/>
	<unitsAverage value='78'/>
</results>
