<results>
	<result value='win'/>
	<start value='2015-04-29.19:18:00'/>
	<end value='2015-04-29.19:19:07'/>
	<frames value='39837'/>
	<gameDuration value='2489'/>

	<player>
		<unitScore value='26675'/>
		<killScore value='31350'/>
		<buildingScore value='3875'/>
		<razingScore value='21675'/>
		<mineralScore value='30570'/>
		<gasScore value='3520'/>
		<totalScore value='117665'/>
	</player>

	<enemy>
		<race value='Protoss'/>
		<unitScore value='16600'/>
		<unitScore value='16600'/>
		<killScore value='27150'/>
		<buildingScore value='7225'/>
		<razingScore value='0'/>
		<mineralScore value='19322'/>
		<gasScore value='4912'/>
		<totalScore value='75209'/>
	</enemy>

	<scoreRatio value='1.56451'/>
</results>
