<results>
	<result value='loss'/>
	<start value='2014-07-10.15:11:45'/>
	<end value='2014-07-10.15:11:53'/>
	<frames value='17703'/>
	<gameDuration value='1106'/>

	<player>
		<unitScore value='3700'/>
		<killScore value='800'/>
		<buildingScore value='1725'/>
		<razingScore value='0'/>
		<mineralScore value='5786'/>
		<gasScore value='904'/>
		<totalScore value='12915'/>
	</player>

	<enemy>
		<race value='Protoss'/>
		<unitScore value='4850'/>
		<unitScore value='4850'/>
		<killScore value='7400'/>
		<buildingScore value='4225'/>
		<razingScore value='5175'/>
		<mineralScore value='9450'/>
		<gasScore value='2144'/>
		<totalScore value='33244'/>
	</enemy>

	<scoreRatio value='0.388491'/>
</results>
