<results>
	<result value='win'/>
	<start value='2014-07-23.01:38:54'/>
	<end value='2014-07-23.01:39:56'/>
	<frames value='45200'/>
	<gameDuration value='2825'/>

	<player>
		<unitScore value='27825'/>
		<killScore value='36050'/>
		<buildingScore value='4650'/>
		<razingScore value='19425'/>
		<mineralScore value='32390'/>
		<gasScore value='5208'/>
		<totalScore value='125548'/>
	</player>

	<enemy>
		<race value='Protoss'/>
		<unitScore value='18650'/>
		<unitScore value='18650'/>
		<killScore value='32050'/>
		<buildingScore value='6475'/>
		<razingScore value='525'/>
		<mineralScore value='19266'/>
		<gasScore value='5504'/>
		<totalScore value='82470'/>
	</enemy>

	<scoreRatio value='1.52235'/>
</results>
