<results>
	<result value='loss'/>
	<start value='2015-05-10.13:46:26'/>
	<end value='2015-05-10.13:46:53'/>
	<frames value='33420'/>
	<gameDuration value='2088'/>

	<player>
		<unitScore value='11925'/>
		<killScore value='9150'/>
		<buildingScore value='2600'/>
		<razingScore value='0'/>
		<mineralScore value='13410'/>
		<gasScore value='2240'/>
		<totalScore value='39325'/>
	</player>

	<enemy>
		<race value='Protoss'/>
		<unitScore value='19625'/>
		<unitScore value='19625'/>
		<killScore value='23950'/>
		<buildingScore value='6975'/>
		<razingScore value='7800'/>
		<mineralScore value='20722'/>
		<gasScore value='8696'/>
		<totalScore value='87768'/>
	</enemy>

	<scoreRatio value='0.448056'/>
	<timeFitness value='0.29'/>
	<unitsAverage value='47'/>
</results>
