<results>
	<result value='win'/>
	<start value='2015-05-10.14:12:05'/>
	<end value='2015-05-10.14:13:05'/>
	<frames value='34691'/>
	<gameDuration value='2168'/>

	<player>
		<unitScore value='21475'/>
		<killScore value='24050'/>
		<buildingScore value='4075'/>
		<razingScore value='21225'/>
		<mineralScore value='31722'/>
		<gasScore value='3672'/>
		<totalScore value='106219'/>
	</player>

	<enemy>
		<race value='Protoss'/>
		<unitScore value='13300'/>
		<unitScore value='13300'/>
		<killScore value='16650'/>
		<buildingScore value='7075'/>
		<razingScore value='450'/>
		<mineralScore value='16466'/>
		<gasScore value='4184'/>
		<totalScore value='58125'/>
	</enemy>

	<scoreRatio value='1.82742'/>
	<timeFitness value='0.698889'/>
	<unitsAverage value='114'/>
</results>
