<results>
	<result value='loss'/>
	<start value='2015-05-10.14:10:34'/>
	<end value='2015-05-10.14:12:01'/>
	<frames value='53570'/>
	<gameDuration value='3348'/>

	<player>
		<unitScore value='27475'/>
		<killScore value='41550'/>
		<buildingScore value='3250'/>
		<razingScore value='4500'/>
		<mineralScore value='28150'/>
		<gasScore value='6654'/>
		<totalScore value='111579'/>
	</player>

	<enemy>
		<race value='Protoss'/>
		<unitScore value='38075'/>
		<unitScore value='38075'/>
		<killScore value='54950'/>
		<buildingScore value='7625'/>
		<razingScore value='9750'/>
		<mineralScore value='33578'/>
		<gasScore value='11564'/>
		<totalScore value='155542'/>
	</enemy>

	<scoreRatio value='0.717356'/>
	<timeFitness value='0.465'/>
	<unitsAverage value='104'/>
</results>
