<results>
	<result value='win'/>
	<start value='2015-05-09.12:57:01'/>
	<end value='2015-05-09.12:57:23'/>
	<frames value='24306'/>
	<gameDuration value='1519'/>

	<player>
		<unitScore value='13125'/>
		<killScore value='20770'/>
		<buildingScore value='3700'/>
		<razingScore value='5535'/>
		<mineralScore value='18690'/>
		<gasScore value='1568'/>
		<totalScore value='63388'/>
	</player>

	<enemy>
		<race value='Zerg'/>
		<unitScore value='10200'/>
		<unitScore value='10200'/>
		<killScore value='12150'/>
		<buildingScore value='1845'/>
		<razingScore value='0'/>
		<mineralScore value='8970'/>
		<gasScore value='2816'/>
		<totalScore value='35981'/>
	</enemy>

	<scoreRatio value='1.76171'/>
	<timeFitness value='0.789028'/>
	<unitsAverage value='72'/>
</results>
