<results>
	<result value='win'/>
	<start value='2015-05-09.13:08:16'/>
	<end value='2015-05-09.13:08:38'/>
	<frames value='23066'/>
	<gameDuration value='1441'/>

	<player>
		<unitScore value='12850'/>
		<killScore value='16415'/>
		<buildingScore value='3475'/>
		<razingScore value='5580'/>
		<mineralScore value='16922'/>
		<gasScore value='1520'/>
		<totalScore value='56762'/>
	</player>

	<enemy>
		<race value='Zerg'/>
		<unitScore value='8150'/>
		<unitScore value='8150'/>
		<killScore value='11150'/>
		<buildingScore value='1860'/>
		<razingScore value='0'/>
		<mineralScore value='8314'/>
		<gasScore value='2600'/>
		<totalScore value='32074'/>
	</enemy>

	<scoreRatio value='1.76972'/>
	<timeFitness value='0.799861'/>
	<unitsAverage value='71'/>
</results>
