<results>
	<result value='win'/>
	<start value='2015-05-09.13:10:05'/>
	<end value='2015-05-09.13:10:27'/>
	<frames value='24244'/>
	<gameDuration value='1515'/>

	<player>
		<unitScore value='14325'/>
		<killScore value='18530'/>
		<buildingScore value='3125'/>
		<razingScore value='5895'/>
		<mineralScore value='18138'/>
		<gasScore value='1608'/>
		<totalScore value='61621'/>
	</player>

	<enemy>
		<race value='Zerg'/>
		<unitScore value='9075'/>
		<unitScore value='9075'/>
		<killScore value='13450'/>
		<buildingScore value='1965'/>
		<razingScore value='0'/>
		<mineralScore value='9042'/>
		<gasScore value='2584'/>
		<totalScore value='36116'/>
	</enemy>

	<scoreRatio value='1.7062'/>
	<timeFitness value='0.789583'/>
	<unitsAverage value='72'/>
</results>
