<results>
	<result value='win'/>
	<start value='2015-05-03.13:32:44'/>
	<end value='2015-05-03.13:33:27'/>
	<frames value='27251'/>
	<gameDuration value='1703'/>

	<player>
		<unitScore value='17325'/>
		<killScore value='24165'/>
		<buildingScore value='4825'/>
		<razingScore value='5895'/>
		<mineralScore value='27138'/>
		<gasScore value='1984'/>
		<totalScore value='81332'/>
	</player>

	<enemy>
		<race value='Zerg'/>
		<unitScore value='11200'/>
		<unitScore value='11200'/>
		<killScore value='12000'/>
		<buildingScore value='1965'/>
		<razingScore value='0'/>
		<mineralScore value='11250'/>
		<gasScore value='3680'/>
		<totalScore value='40095'/>
	</enemy>

	<scoreRatio value='2.02848'/>
	<timeFitness value='0.763472'/>
	<unitsAverage value='112'/>
</results>
