<results>
	<result value='draw'/>
	<start value='2015-05-03.13:40:39'/>
	<end value='2015-05-03.13:42:03'/>
	<frames value='57601'/>
	<gameDuration value='3600'/>

	<player>
		<unitScore value='26425'/>
		<killScore value='61260'/>
		<buildingScore value='3775'/>
		<razingScore value='11310'/>
		<mineralScore value='36610'/>
		<gasScore value='5094'/>
		<totalScore value='144474'/>
	</player>

	<enemy>
		<race value='Zerg'/>
		<unitScore value='30775'/>
		<unitScore value='30775'/>
		<killScore value='36700'/>
		<buildingScore value='5415'/>
		<razingScore value='3825'/>
		<mineralScore value='26306'/>
		<gasScore value='15290'/>
		<totalScore value='118311'/>
	</enemy>

	<scoreRatio value='1.22114'/>
	<timeFitness value='0.5'/>
	<unitsAverage value='114'/>
</results>
