<results>
	<result value='win'/>
	<start value='2015-05-10.14:45:17'/>
	<end value='2015-05-10.14:46:11'/>
	<frames value='40984'/>
	<gameDuration value='2561'/>

	<player>
		<unitScore value='22050'/>
		<killScore value='36800'/>
		<buildingScore value='4050'/>
		<razingScore value='8625'/>
		<mineralScore value='33918'/>
		<gasScore value='4568'/>
		<totalScore value='110011'/>
	</player>

	<enemy>
		<race value='Zerg'/>
		<unitScore value='16775'/>
		<unitScore value='16775'/>
		<killScore value='18300'/>
		<buildingScore value='2875'/>
		<razingScore value='1875'/>
		<mineralScore value='16242'/>
		<gasScore value='4736'/>
		<totalScore value='60803'/>
	</enemy>

	<scoreRatio value='1.8093'/>
	<timeFitness value='0.644306'/>
	<unitsAverage value='109'/>
</results>
