<results>
	<result value='loss'/>
	<start value='2015-05-09.08:12:25'/>
	<end value='2015-05-09.08:12:33'/>
	<frames value='16494'/>
	<gameDuration value='1030'/>

	<player>
		<unitScore value='3975'/>
		<killScore value='500'/>
		<buildingScore value='1550'/>
		<razingScore value='0'/>
		<mineralScore value='5898'/>
		<gasScore value='464'/>
		<totalScore value='12387'/>
	</player>

	<enemy>
		<race value='Terran'/>
		<unitScore value='5700'/>
		<unitScore value='5700'/>
		<killScore value='7950'/>
		<buildingScore value='2225'/>
		<razingScore value='4650'/>
		<mineralScore value='7698'/>
		<gasScore value='2256'/>
		<totalScore value='30479'/>
	</enemy>

	<scoreRatio value='0.406411'/>
	<timeFitness value='0.143056'/>
	<unitsAverage value='24'/>
</results>
