<results>
	<result value='win'/>
	<start value='2015-05-08.20:44:08'/>
	<end value='2015-05-08.20:44:23'/>
	<frames value='16556'/>
	<gameDuration value='1034'/>

	<player>
		<unitScore value='7625'/>
		<killScore value='6950'/>
		<buildingScore value='2450'/>
		<razingScore value='3825'/>
		<mineralScore value='11114'/>
		<gasScore value='1096'/>
		<totalScore value='33060'/>
	</player>

	<enemy>
		<race value='Terran'/>
		<unitScore value='3475'/>
		<unitScore value='3475'/>
		<killScore value='1850'/>
		<buildingScore value='1275'/>
		<razingScore value='0'/>
		<mineralScore value='6106'/>
		<gasScore value='1584'/>
		<totalScore value='14290'/>
	</enemy>

	<scoreRatio value='2.31351'/>
	<timeFitness value='0.856389'/>
	<unitsAverage value='56'/>
</results>
