<results>
	<result value='win'/>
	<start value='2015-05-08.20:44:47'/>
	<end value='2015-05-08.20:46:03'/>
	<frames value='48734'/>
	<gameDuration value='3045'/>

	<player>
		<unitScore value='23800'/>
		<killScore value='25050'/>
		<buildingScore value='4850'/>
		<razingScore value='10275'/>
		<mineralScore value='42046'/>
		<gasScore value='6092'/>
		<totalScore value='112113'/>
	</player>

	<enemy>
		<race value='Terran'/>
		<unitScore value='12825'/>
		<unitScore value='12825'/>
		<killScore value='22350'/>
		<buildingScore value='3425'/>
		<razingScore value='1500'/>
		<mineralScore value='12050'/>
		<gasScore value='5872'/>
		<totalScore value='58022'/>
	</enemy>

	<scoreRatio value='1.93225'/>
	<timeFitness value='0.577083'/>
	<unitsAverage value='113'/>
</results>
