<results>
	<result value='loss'/>
	<start value='2015-05-08.20:50:34'/>
	<end value='2015-05-08.20:50:47'/>
	<frames value='20121'/>
	<gameDuration value='1257'/>

	<player>
		<unitScore value='4375'/>
		<killScore value='2850'/>
		<buildingScore value='2050'/>
		<razingScore value='0'/>
		<mineralScore value='6458'/>
		<gasScore value='1080'/>
		<totalScore value='16813'/>
	</player>

	<enemy>
		<race value='Terran'/>
		<unitScore value='7775'/>
		<unitScore value='7775'/>
		<killScore value='8750'/>
		<buildingScore value='2850'/>
		<razingScore value='6150'/>
		<mineralScore value='9442'/>
		<gasScore value='3656'/>
		<totalScore value='38623'/>
	</enemy>

	<scoreRatio value='0.435311'/>
	<timeFitness value='0.174583'/>
	<unitsAverage value='29'/>
</results>
