<results>
	<result value='win'/>
	<start value='2015-05-10.18:25:25'/>
	<end value='2015-05-10.18:26:18'/>
	<frames value='34319'/>
	<gameDuration value='2144'/>

	<player>
		<unitScore value='26175'/>
		<killScore value='36040'/>
		<buildingScore value='4225'/>
		<razingScore value='6735'/>
		<mineralScore value='33898'/>
		<gasScore value='2456'/>
		<totalScore value='109529'/>
	</player>

	<enemy>
		<race value='Zerg'/>
		<unitScore value='16575'/>
		<unitScore value='16575'/>
		<killScore value='30550'/>
		<buildingScore value='2245'/>
		<razingScore value='0'/>
		<mineralScore value='14790'/>
		<gasScore value='4840'/>
		<totalScore value='69000'/>
	</enemy>

	<scoreRatio value='1.58738'/>
	<timeFitness value='0.702222'/>
	<unitsAverage value='126'/>
</results>
