<results>
	<result value='loss'/>
	<start value='2015-05-04.06:39:42'/>
	<end value='2015-05-04.06:39:45'/>
	<frames value='8372'/>
	<gameDuration value='523'/>

	<player>
		<unitScore value='1250'/>
		<killScore value='0'/>
		<buildingScore value='725'/>
		<razingScore value='0'/>
		<mineralScore value='1778'/>
		<gasScore value='0'/>
		<totalScore value='3753'/>
	</player>

	<enemy>
		<race value='Zerg'/>
		<unitScore value='1500'/>
		<unitScore value='1500'/>
		<killScore value='2500'/>
		<buildingScore value='780'/>
		<razingScore value='2175'/>
		<mineralScore value='2362'/>
		<gasScore value='112'/>
		<totalScore value='9429'/>
	</enemy>

	<scoreRatio value='0.398027'/>
	<timeFitness value='0.0726389'/>
	<unitsAverage value='11'/>
</results>
