<results>
	<result value='win'/>
	<start value='2015-05-10.18:29:50'/>
	<end value='2015-05-10.18:30:48'/>
	<frames value='36458'/>
	<gameDuration value='2278'/>

	<player>
		<unitScore value='24600'/>
		<killScore value='47885'/>
		<buildingScore value='4525'/>
		<razingScore value='7200'/>
		<mineralScore value='31850'/>
		<gasScore value='2512'/>
		<totalScore value='118572'/>
	</player>

	<enemy>
		<race value='Zerg'/>
		<unitScore value='22900'/>
		<unitScore value='22900'/>
		<killScore value='25950'/>
		<buildingScore value='2400'/>
		<razingScore value='0'/>
		<mineralScore value='18582'/>
		<gasScore value='6960'/>
		<totalScore value='76792'/>
	</enemy>

	<scoreRatio value='1.54407'/>
	<timeFitness value='0.683611'/>
	<unitsAverage value='132'/>
</results>
