<results>
	<result value='loss'/>
	<start value='2015-04-07.17:07:43'/>
	<end value='2015-04-07.17:08:29'/>
	<frames value='49447'/>
	<gameDuration value='3090'/>

	<player>
		<unitScore value='21850'/>
		<killScore value='41700'/>
		<buildingScore value='2750'/>
		<razingScore value='2550'/>
		<mineralScore value='24018'/>
		<gasScore value='5236'/>
		<totalScore value='98104'/>
	</player>

	<enemy>
		<race value='Protoss'/>
		<unitScore value='38980'/>
		<unitScore value='38980'/>
		<killScore value='43700'/>
		<buildingScore value='8575'/>
		<razingScore value='8250'/>
		<mineralScore value='35142'/>
		<gasScore value='13992'/>
		<totalScore value='148639'/>
	</enemy>

	<scoreRatio value='0.660015'/>
</results>
