<results>
	<result value='win'/>
	<start value='2015-04-08.01:43:33'/>
	<end value='2015-04-08.01:44:06'/>
	<frames value='29545'/>
	<gameDuration value='1846'/>

	<player>
		<unitScore value='18625'/>
		<killScore value='12400'/>
		<buildingScore value='3525'/>
		<razingScore value='12450'/>
		<mineralScore value='24594'/>
		<gasScore value='2672'/>
		<totalScore value='74266'/>
	</player>

	<enemy>
		<race value='Protoss'/>
		<unitScore value='6200'/>
		<unitScore value='6200'/>
		<killScore value='13550'/>
		<buildingScore value='4150'/>
		<razingScore value='0'/>
		<mineralScore value='19226'/>
		<gasScore value='984'/>
		<totalScore value='44110'/>
	</enemy>

	<scoreRatio value='1.68365'/>
</results>
