<results>
	<result value='loss'/>
	<start value='2015-04-08.01:48:57'/>
	<end value='2015-04-08.01:49:40'/>
	<frames value='48610'/>
	<gameDuration value='3038'/>

	<player>
		<unitScore value='23500'/>
		<killScore value='42250'/>
		<buildingScore value='2625'/>
		<razingScore value='900'/>
		<mineralScore value='23970'/>
		<gasScore value='3520'/>
		<totalScore value='96765'/>
	</player>

	<enemy>
		<race value='Protoss'/>
		<unitScore value='40275'/>
		<unitScore value='40275'/>
		<killScore value='47000'/>
		<buildingScore value='7375'/>
		<razingScore value='7875'/>
		<mineralScore value='34742'/>
		<gasScore value='13180'/>
		<totalScore value='150447'/>
	</enemy>

	<scoreRatio value='0.643183'/>
</results>
