<results>
	<result value='win'/>
	<start value='2014-07-23.02:18:36'/>
	<end value='2014-07-23.02:19:04'/>
	<frames value='28429'/>
	<gameDuration value='1776'/>

	<player>
		<unitScore value='15925'/>
		<killScore value='23910'/>
		<buildingScore value='4500'/>
		<razingScore value='6135'/>
		<mineralScore value='23570'/>
		<gasScore value='2424'/>
		<totalScore value='76464'/>
	</player>

	<enemy>
		<race value='Zerg'/>
		<unitScore value='11250'/>
		<unitScore value='11250'/>
		<killScore value='11400'/>
		<buildingScore value='2045'/>
		<razingScore value='1350'/>
		<mineralScore value='11078'/>
		<gasScore value='3808'/>
		<totalScore value='40931'/>
	</enemy>

	<scoreRatio value='1.86812'/>
</results>
