<results>
	<result value='win'/>
	<start value='2015-05-22.06:46:33'/>
	<end value='2015-05-22.06:47:01'/>
	<frames value='29731'/>
	<gameDuration value='1858'/>

	<player>
		<unitScore value='14600'/>
		<killScore value='11100'/>
		<buildingScore value='3950'/>
		<razingScore value='14475'/>
		<mineralScore value='21706'/>
		<gasScore value='3432'/>
		<totalScore value='69263'/>
	</player>

	<enemy>
		<race value='Protoss'/>
		<unitScore value='5750'/>
		<killScore value='10350'/>
		<buildingScore value='4825'/>
		<razingScore value='1575'/>
		<mineralScore value='11626'/>
		<gasScore value='2880'/>
		<totalScore value='37006'/>
	</enemy>

	<scoreRatio value='1.87167'/>
	<timeFitness value='0.741944'/>
	<unitsAverage value='78'/>
</results>
