<results>
	<result value='win'/>
	<start value='2015-05-11.04:15:42'/>
	<end value='2015-05-11.04:16:33'/>
	<frames value='37388'/>
	<gameDuration value='2336'/>

	<player>
		<unitScore value='26550'/>
		<killScore value='56005'/>
		<buildingScore value='3700'/>
		<razingScore value='7470'/>
		<mineralScore value='29558'/>
		<gasScore value='3256'/>
		<totalScore value='126539'/>
	</player>

	<enemy>
		<race value='Zerg'/>
		<unitScore value='24175'/>
		<unitScore value='24175'/>
		<killScore value='33100'/>
		<buildingScore value='2490'/>
		<razingScore value='0'/>
		<mineralScore value='19210'/>
		<gasScore value='6168'/>
		<totalScore value='85143'/>
	</enemy>

	<scoreRatio value='1.48619'/>
	<timeFitness value='0.675556'/>
	<unitsAverage value='111'/>
</results>
