<results>
	<result value='loss'/>
	<start value='2015-05-09.08:55:42'/>
	<end value='2015-05-09.08:55:51'/>
	<frames value='18199'/>
	<gameDuration value='1137'/>

	<player>
		<unitScore value='4550'/>
		<killScore value='600'/>
		<buildingScore value='2025'/>
		<razingScore value='0'/>
		<mineralScore value='6762'/>
		<gasScore value='1048'/>
		<totalScore value='14985'/>
	</player>

	<enemy>
		<race value='Terran'/>
		<unitScore value='6800'/>
		<unitScore value='6800'/>
		<killScore value='9100'/>
		<buildingScore value='2750'/>
		<razingScore value='6075'/>
		<mineralScore value='8250'/>
		<gasScore value='2992'/>
		<totalScore value='35967'/>
	</enemy>

	<scoreRatio value='0.416632'/>
	<timeFitness value='0.157917'/>
	<unitsAverage value='30'/>
</results>
