<results>
	<result value='loss'/>
	<start value='2015-07-19.21:41:17'/>
	<end value='2015-07-19.21:41:53'/>
	<frames value='32521'/>
	<gameDuration value='2032'/>

	<player>
		<unitScore value='16700'/>
		<killScore value='15450'/>
		<buildingScore value='3150'/>
		<razingScore value='0'/>
		<mineralScore value='31098'/>
		<gasScore value='2632'/>
		<totalScore value='69030'/>
	</player>

	<enemy>
		<race value='Zerg'/>
		<unitScore value='16625'/>
		<killScore value='33400'/>
		<buildingScore value='3765'/>
		<razingScore value='9600'/>
		<mineralScore value='17378'/>
		<gasScore value='6128'/>
		<totalScore value='86896'/>
	</enemy>

	<scoreRatio value='0.794398'/>
	<timeFitness value='0.282222'/>
	<unitsAverage value='68'/>
</results>
