<results>
	<result value='loss'/>
	<start value='2015-07-19.21:54:19'/>
	<end value='2015-07-19.21:54:49'/>
	<frames value='29111'/>
	<gameDuration value='1819'/>

	<player>
		<unitScore value='15400'/>
		<killScore value='12450'/>
		<buildingScore value='3475'/>
		<razingScore value='0'/>
		<mineralScore value='23942'/>
		<gasScore value='2640'/>
		<totalScore value='57907'/>
	</player>

	<enemy>
		<race value='Zerg'/>
		<unitScore value='17800'/>
		<killScore value='30100'/>
		<buildingScore value='3345'/>
		<razingScore value='10425'/>
		<mineralScore value='17414'/>
		<gasScore value='6080'/>
		<totalScore value='85164'/>
	</enemy>

	<scoreRatio value='0.679947'/>
	<timeFitness value='0.252639'/>
	<unitsAverage value='63'/>
</results>
