<results>
	<result value='draw'/>
	<start value='2015-04-09.20:37:50'/>
	<end value='2015-04-09.20:38:52'/>
	<frames value='57601'/>
	<gameDuration value='3600'/>

	<player>
		<unitScore value='24925'/>
		<killScore value='42650'/>
		<buildingScore value='3350'/>
		<razingScore value='15600'/>
		<mineralScore value='26746'/>
		<gasScore value='4840'/>
		<totalScore value='118111'/>
	</player>

	<enemy>
		<race value='Protoss'/>
		<unitScore value='25625'/>
		<unitScore value='25625'/>
		<killScore value='41700'/>
		<buildingScore value='12375'/>
		<razingScore value='5700'/>
		<mineralScore value='32670'/>
		<gasScore value='10010'/>
		<totalScore value='128080'/>
	</enemy>

	<scoreRatio value='0.922166'/>
</results>
