<results>
	<result value='loss'/>
	<start value='2015-04-09.20:39:57'/>
	<end value='2015-04-09.20:40:04'/>
	<frames value='13859'/>
	<gameDuration value='866'/>

	<player>
		<unitScore value='2150'/>
		<killScore value='900'/>
		<buildingScore value='1425'/>
		<razingScore value='0'/>
		<mineralScore value='3730'/>
		<gasScore value='632'/>
		<totalScore value='8837'/>
	</player>

	<enemy>
		<race value='Protoss'/>
		<unitScore value='3050'/>
		<unitScore value='3050'/>
		<killScore value='4300'/>
		<buildingScore value='2175'/>
		<razingScore value='4275'/>
		<mineralScore value='6578'/>
		<gasScore value='976'/>
		<totalScore value='21354'/>
	</enemy>

	<scoreRatio value='0.413833'/>
</results>
