<results>
	<result value='win'/>
	<start value='2015-05-06.02:22:09'/>
	<end value='2015-05-06.02:22:56'/>
	<frames value='29452'/>
	<gameDuration value='1840'/>

	<player>
		<unitScore value='18625'/>
		<killScore value='34790'/>
		<buildingScore value='4450'/>
		<razingScore value='6735'/>
		<mineralScore value='27602'/>
		<gasScore value='2240'/>
		<totalScore value='94442'/>
	</player>

	<enemy>
		<race value='Zerg'/>
		<unitScore value='15200'/>
		<unitScore value='15200'/>
		<killScore value='14150'/>
		<buildingScore value='2245'/>
		<razingScore value='0'/>
		<mineralScore value='14046'/>
		<gasScore value='4600'/>
		<totalScore value='50241'/>
	</enemy>

	<scoreRatio value='1.87978'/>
	<timeFitness value='0.744444'/>
	<unitsAverage value='111'/>
</results>
