<results>
	<result value='win'/>
	<start value='2015-05-06.02:30:47'/>
	<end value='2015-05-06.02:31:27'/>
	<frames value='26569'/>
	<gameDuration value='1660'/>

	<player>
		<unitScore value='17175'/>
		<killScore value='27055'/>
		<buildingScore value='4175'/>
		<razingScore value='4560'/>
		<mineralScore value='25018'/>
		<gasScore value='2904'/>
		<totalScore value='80887'/>
	</player>

	<enemy>
		<race value='Zerg'/>
		<unitScore value='11825'/>
		<unitScore value='11825'/>
		<killScore value='11950'/>
		<buildingScore value='1520'/>
		<razingScore value='0'/>
		<mineralScore value='9986'/>
		<gasScore value='3008'/>
		<totalScore value='38289'/>
	</enemy>

	<scoreRatio value='2.11254'/>
	<timeFitness value='0.769444'/>
	<unitsAverage value='102'/>
</results>
