<results>
	<result value='win'/>
	<start value='2015-05-06.02:45:38'/>
	<end value='2015-05-06.02:46:19'/>
	<frames value='27561'/>
	<gameDuration value='1722'/>

	<player>
		<unitScore value='19050'/>
		<killScore value='32805'/>
		<buildingScore value='4100'/>
		<razingScore value='5940'/>
		<mineralScore value='26666'/>
		<gasScore value='2368'/>
		<totalScore value='90929'/>
	</player>

	<enemy>
		<race value='Zerg'/>
		<unitScore value='15275'/>
		<unitScore value='15275'/>
		<killScore value='16750'/>
		<buildingScore value='1980'/>
		<razingScore value='0'/>
		<mineralScore value='13322'/>
		<gasScore value='4120'/>
		<totalScore value='51447'/>
	</enemy>

	<scoreRatio value='1.76743'/>
	<timeFitness value='0.760833'/>
	<unitsAverage value='103'/>
</results>
