<results>
	<result value='win'/>
	<start value='2015-05-06.02:47:17'/>
	<end value='2015-05-06.02:47:56'/>
	<frames value='27530'/>
	<gameDuration value='1720'/>

	<player>
		<unitScore value='18000'/>
		<killScore value='30310'/>
		<buildingScore value='4000'/>
		<razingScore value='6495'/>
		<mineralScore value='24706'/>
		<gasScore value='2376'/>
		<totalScore value='85887'/>
	</player>

	<enemy>
		<race value='Zerg'/>
		<unitScore value='14000'/>
		<unitScore value='14000'/>
		<killScore value='16450'/>
		<buildingScore value='2165'/>
		<razingScore value='0'/>
		<mineralScore value='13114'/>
		<gasScore value='4528'/>
		<totalScore value='50257'/>
	</enemy>

	<scoreRatio value='1.70896'/>
	<timeFitness value='0.761111'/>
	<unitsAverage value='98'/>
</results>
