<results>
	<result value='loss'/>
	<start value='2015-07-18.10:24:51'/>
	<end value='2015-07-18.10:25:01'/>
	<frames value='16339'/>
	<gameDuration value='1021'/>

	<player>
		<unitScore value='4175'/>
		<killScore value='800'/>
		<buildingScore value='1550'/>
		<razingScore value='0'/>
		<mineralScore value='5234'/>
		<gasScore value='896'/>
		<totalScore value='12655'/>
	</player>

	<enemy>
		<race value='Protoss'/>
		<unitScore value='3600'/>
		<killScore value='8250'/>
		<buildingScore value='3475'/>
		<razingScore value='4650'/>
		<mineralScore value='8458'/>
		<gasScore value='1560'/>
		<totalScore value='29993'/>
	</enemy>

	<scoreRatio value='0.421932'/>
	<timeFitness value='0.141806'/>
	<unitsAverage value='25'/>
</results>
