<results>
	<result value='loss'/>
	<start value='2015-07-18.10:31:19'/>
	<end value='2015-07-18.10:32:21'/>
	<frames value='41945'/>
	<gameDuration value='2621'/>

	<player>
		<unitScore value='24775'/>
		<killScore value='11950'/>
		<buildingScore value='3800'/>
		<razingScore value='150'/>
		<mineralScore value='30646'/>
		<gasScore value='3456'/>
		<totalScore value='74777'/>
	</player>

	<enemy>
		<race value='Protoss'/>
		<unitScore value='24425'/>
		<killScore value='49300'/>
		<buildingScore value='7625'/>
		<razingScore value='11400'/>
		<mineralScore value='28418'/>
		<gasScore value='9580'/>
		<totalScore value='130748'/>
	</enemy>

	<scoreRatio value='0.571917'/>
	<timeFitness value='0.364028'/>
	<unitsAverage value='83'/>
</results>
