<results>
	<result value='loss'/>
	<start value='2015-04-14.04:08:38'/>
	<end value='2015-04-14.04:08:52'/>
	<frames value='15285'/>
	<gameDuration value='955'/>

	<player>
		<unitScore value='3200'/>
		<killScore value='200'/>
		<buildingScore value='1625'/>
		<razingScore value='0'/>
		<mineralScore value='5234'/>
		<gasScore value='664'/>
		<totalScore value='10923'/>
	</player>

	<enemy>
		<race value='Protoss'/>
		<unitScore value='3550'/>
		<unitScore value='3550'/>
		<killScore value='6000'/>
		<buildingScore value='2675'/>
		<razingScore value='4875'/>
		<mineralScore value='7818'/>
		<gasScore value='1328'/>
		<totalScore value='26246'/>
	</enemy>

	<scoreRatio value='0.416178'/>
</results>
