<results>
	<result value='loss'/>
	<start value='2015-04-14.04:08:55'/>
	<end value='2015-04-14.04:09:13'/>
	<frames value='19222'/>
	<gameDuration value='1201'/>

	<player>
		<unitScore value='4175'/>
		<killScore value='800'/>
		<buildingScore value='2225'/>
		<razingScore value='0'/>
		<mineralScore value='6810'/>
		<gasScore value='976'/>
		<totalScore value='14986'/>
	</player>

	<enemy>
		<race value='Protoss'/>
		<unitScore value='5375'/>
		<unitScore value='5375'/>
		<killScore value='8350'/>
		<buildingScore value='4475'/>
		<razingScore value='6675'/>
		<mineralScore value='10002'/>
		<gasScore value='2776'/>
		<totalScore value='37653'/>
	</enemy>

	<scoreRatio value='0.398003'/>
</results>
