<results>
	<result value='loss'/>
	<start value='2015-04-14.04:20:06'/>
	<end value='2015-04-14.04:20:20'/>
	<frames value='15905'/>
	<gameDuration value='994'/>

	<player>
		<unitScore value='2925'/>
		<killScore value='600'/>
		<buildingScore value='1650'/>
		<razingScore value='0'/>
		<mineralScore value='4906'/>
		<gasScore value='544'/>
		<totalScore value='10625'/>
	</player>

	<enemy>
		<race value='Protoss'/>
		<unitScore value='3550'/>
		<unitScore value='3550'/>
		<killScore value='5850'/>
		<buildingScore value='3525'/>
		<razingScore value='4950'/>
		<mineralScore value='8298'/>
		<gasScore value='1640'/>
		<totalScore value='27813'/>
	</enemy>

	<scoreRatio value='0.382016'/>
</results>
