<results>
	<result value='win'/>
	<start value='2015-05-03.17:31:45'/>
	<end value='2015-05-03.17:32:07'/>
	<frames value='25949'/>
	<gameDuration value='1621'/>

	<player>
		<unitScore value='14300'/>
		<killScore value='21825'/>
		<buildingScore value='3000'/>
		<razingScore value='6435'/>
		<mineralScore value='19290'/>
		<gasScore value='2816'/>
		<totalScore value='67666'/>
	</player>

	<enemy>
		<race value='Zerg'/>
		<unitScore value='9900'/>
		<unitScore value='9900'/>
		<killScore value='10300'/>
		<buildingScore value='2145'/>
		<razingScore value='0'/>
		<mineralScore value='9994'/>
		<gasScore value='3360'/>
		<totalScore value='35699'/>
	</enemy>

	<scoreRatio value='1.89546'/>
	<timeFitness value='0.774861'/>
	<unitsAverage value='77'/>
</results>
