<results>
	<result value='win'/>
	<start value='2015-05-04.15:41:21'/>
	<end value='2015-05-04.15:41:39'/>
	<frames value='23035'/>
	<gameDuration value='1439'/>

	<player>
		<unitScore value='8400'/>
		<killScore value='14250'/>
		<buildingScore value='2775'/>
		<razingScore value='7200'/>
		<mineralScore value='11458'/>
		<gasScore value='2192'/>
		<totalScore value='46275'/>
	</player>

	<enemy>
		<race value='Terran'/>
		<unitScore value='7725'/>
		<unitScore value='7725'/>
		<killScore value='9200'/>
		<buildingScore value='2400'/>
		<razingScore value='3225'/>
		<mineralScore value='8762'/>
		<gasScore value='2728'/>
		<totalScore value='34040'/>
	</enemy>

	<scoreRatio value='1.35943'/>
	<timeFitness value='0.800139'/>
	<unitsAverage value='47'/>
</results>
