<results>
	<result value='win'/>
	<start value='2015-05-04.15:48:12'/>
	<end value='2015-05-04.15:48:37'/>
	<frames value='25112'/>
	<gameDuration value='1569'/>

	<player>
		<unitScore value='11775'/>
		<killScore value='20500'/>
		<buildingScore value='4275'/>
		<razingScore value='7650'/>
		<mineralScore value='20078'/>
		<gasScore value='1968'/>
		<totalScore value='66246'/>
	</player>

	<enemy>
		<race value='Terran'/>
		<unitScore value='10550'/>
		<unitScore value='10550'/>
		<killScore value='7900'/>
		<buildingScore value='2650'/>
		<razingScore value='1350'/>
		<mineralScore value='10874'/>
		<gasScore value='3800'/>
		<totalScore value='37124'/>
	</enemy>

	<scoreRatio value='1.78445'/>
	<timeFitness value='0.782083'/>
	<unitsAverage value='72'/>
</results>
