<results>
	<result value='loss'/>
	<start value='2015-05-04.16:02:48'/>
	<end value='2015-05-04.16:03:13'/>
	<frames value='34815'/>
	<gameDuration value='2175'/>

	<player>
		<unitScore value='7725'/>
		<killScore value='5950'/>
		<buildingScore value='3000'/>
		<razingScore value='0'/>
		<mineralScore value='11346'/>
		<gasScore value='2192'/>
		<totalScore value='30213'/>
	</player>

	<enemy>
		<race value='Terran'/>
		<unitScore value='16750'/>
		<unitScore value='16750'/>
		<killScore value='15450'/>
		<buildingScore value='5325'/>
		<razingScore value='9150'/>
		<mineralScore value='18502'/>
		<gasScore value='10242'/>
		<totalScore value='75419'/>
	</enemy>

	<scoreRatio value='0.400602'/>
	<timeFitness value='0.302083'/>
	<unitsAverage value='28'/>
</results>
