<results>
	<result value='draw'/>
	<start value='2015-05-04.16:14:07'/>
	<end value='2015-05-04.16:15:22'/>
	<frames value='57601'/>
	<gameDuration value='3600'/>

	<player>
		<unitScore value='28850'/>
		<killScore value='40450'/>
		<buildingScore value='4225'/>
		<razingScore value='3675'/>
		<mineralScore value='32278'/>
		<gasScore value='5484'/>
		<totalScore value='114962'/>
	</player>

	<enemy>
		<race value='Terran'/>
		<unitScore value='25800'/>
		<unitScore value='25800'/>
		<killScore value='44900'/>
		<buildingScore value='4175'/>
		<razingScore value='5775'/>
		<mineralScore value='19550'/>
		<gasScore value='11760'/>
		<totalScore value='111960'/>
	</enemy>

	<scoreRatio value='1.02681'/>
	<timeFitness value='0.5'/>
	<unitsAverage value='100'/>
</results>
