<results>
	<result value='draw'/>
	<start value='2015-05-04.22:01:35'/>
	<end value='2015-05-04.22:02:34'/>
	<frames value='57601'/>
	<gameDuration value='3600'/>

	<player>
		<unitScore value='33500'/>
		<killScore value='48600'/>
		<buildingScore value='4250'/>
		<razingScore value='10950'/>
		<mineralScore value='36326'/>
		<gasScore value='7218'/>
		<totalScore value='140844'/>
	</player>

	<enemy>
		<race value='Terran'/>
		<unitScore value='29700'/>
		<unitScore value='29700'/>
		<killScore value='51500'/>
		<buildingScore value='4050'/>
		<razingScore value='3975'/>
		<mineralScore value='19550'/>
		<gasScore value='11730'/>
		<totalScore value='120505'/>
	</enemy>

	<scoreRatio value='1.16878'/>
	<timeFitness value='0.5'/>
	<unitsAverage value='96'/>
</results>
