<results>
	<result value='win'/>
	<start value='2015-05-04.22:08:52'/>
	<end value='2015-05-04.22:09:47'/>
	<frames value='42286'/>
	<gameDuration value='2642'/>

	<player>
		<unitScore value='22550'/>
		<killScore value='41300'/>
		<buildingScore value='4550'/>
		<razingScore value='12675'/>
		<mineralScore value='41142'/>
		<gasScore value='5080'/>
		<totalScore value='127297'/>
	</player>

	<enemy>
		<race value='Terran'/>
		<unitScore value='23850'/>
		<unitScore value='23850'/>
		<killScore value='21950'/>
		<buildingScore value='4225'/>
		<razingScore value='1575'/>
		<mineralScore value='18846'/>
		<gasScore value='9884'/>
		<totalScore value='80330'/>
	</enemy>

	<scoreRatio value='1.58468'/>
	<timeFitness value='0.633056'/>
	<unitsAverage value='119'/>
</results>
