<results>
	<result value='win'/>
	<start value='2015-05-04.22:10:45'/>
	<end value='2015-05-04.22:11:12'/>
	<frames value='26941'/>
	<gameDuration value='1683'/>

	<player>
		<unitScore value='12825'/>
		<killScore value='22100'/>
		<buildingScore value='3775'/>
		<razingScore value='9675'/>
		<mineralScore value='25122'/>
		<gasScore value='2360'/>
		<totalScore value='75857'/>
	</player>

	<enemy>
		<race value='Terran'/>
		<unitScore value='11850'/>
		<unitScore value='11850'/>
		<killScore value='5300'/>
		<buildingScore value='3225'/>
		<razingScore value='150'/>
		<mineralScore value='11930'/>
		<gasScore value='5080'/>
		<totalScore value='37535'/>
	</enemy>

	<scoreRatio value='2.02097'/>
	<timeFitness value='0.76625'/>
	<unitsAverage value='95'/>
</results>
