<results>
	<result value='win'/>
	<start value='2015-05-04.22:42:42'/>
	<end value='2015-05-04.22:43:33'/>
	<frames value='48145'/>
	<gameDuration value='3009'/>

	<player>
		<unitScore value='23700'/>
		<killScore value='41050'/>
		<buildingScore value='5925'/>
		<razingScore value='14400'/>
		<mineralScore value='39522'/>
		<gasScore value='1288'/>
		<totalScore value='125885'/>
	</player>

	<enemy>
		<race value='Terran'/>
		<unitScore value='25500'/>
		<unitScore value='25500'/>
		<killScore value='27700'/>
		<buildingScore value='4800'/>
		<razingScore value='6975'/>
		<mineralScore value='19522'/>
		<gasScore value='10806'/>
		<totalScore value='95303'/>
	</enemy>

	<scoreRatio value='1.32089'/>
	<timeFitness value='0.582083'/>
	<unitsAverage value='90'/>
</results>
