<results>
	<result value='loss'/>
	<start value='2015-05-09.12:25:41'/>
	<end value='2015-05-09.12:25:53'/>
	<frames value='21485'/>
	<gameDuration value='1342'/>

	<player>
		<unitScore value='5000'/>
		<killScore value='1300'/>
		<buildingScore value='2300'/>
		<razingScore value='0'/>
		<mineralScore value='7082'/>
		<gasScore value='952'/>
		<totalScore value='16634'/>
	</player>

	<enemy>
		<race value='Terran'/>
		<unitScore value='8425'/>
		<unitScore value='8425'/>
		<killScore value='10000'/>
		<buildingScore value='3175'/>
		<razingScore value='6900'/>
		<mineralScore value='10298'/>
		<gasScore value='4176'/>
		<totalScore value='42974'/>
	</enemy>

	<scoreRatio value='0.387071'/>
	<timeFitness value='0.186389'/>
	<unitsAverage value='32'/>
</results>
