<results>
	<result value='win'/>
	<start value='2015-05-09.12:34:17'/>
	<end value='2015-05-09.12:35:30'/>
	<frames value='53043'/>
	<gameDuration value='3315'/>

	<player>
		<unitScore value='24275'/>
		<killScore value='31200'/>
		<buildingScore value='4975'/>
		<razingScore value='11850'/>
		<mineralScore value='40566'/>
		<gasScore value='5848'/>
		<totalScore value='118714'/>
	</player>

	<enemy>
		<race value='Terran'/>
		<unitScore value='19125'/>
		<unitScore value='19125'/>
		<killScore value='19850'/>
		<buildingScore value='4025'/>
		<razingScore value='3900'/>
		<mineralScore value='15650'/>
		<gasScore value='7596'/>
		<totalScore value='70146'/>
	</enemy>

	<scoreRatio value='1.69238'/>
	<timeFitness value='0.539583'/>
	<unitsAverage value='132'/>
</results>
