<results>
	<result value='loss'/>
	<start value='2015-05-09.12:36:53'/>
	<end value='2015-05-09.12:37:03'/>
	<frames value='18323'/>
	<gameDuration value='1145'/>

	<player>
		<unitScore value='4175'/>
		<killScore value='1250'/>
		<buildingScore value='2100'/>
		<razingScore value='0'/>
		<mineralScore value='6442'/>
		<gasScore value='776'/>
		<totalScore value='14743'/>
	</player>

	<enemy>
		<race value='Terran'/>
		<unitScore value='6000'/>
		<unitScore value='6000'/>
		<killScore value='8350'/>
		<buildingScore value='2625'/>
		<razingScore value='6300'/>
		<mineralScore value='8394'/>
		<gasScore value='2856'/>
		<totalScore value='34525'/>
	</enemy>

	<scoreRatio value='0.427024'/>
	<timeFitness value='0.159028'/>
	<unitsAverage value='30'/>
</results>
