<results>
	<result value='win'/>
	<start value='2015-05-04.18:51:37'/>
	<end value='2015-05-04.18:51:54'/>
	<frames value='25608'/>
	<gameDuration value='1600'/>

	<player>
		<unitScore value='10550'/>
		<killScore value='22650'/>
		<buildingScore value='4000'/>
		<razingScore value='8400'/>
		<mineralScore value='17190'/>
		<gasScore value='2336'/>
		<totalScore value='65126'/>
	</player>

	<enemy>
		<race value='Terran'/>
		<unitScore value='12425'/>
		<unitScore value='12425'/>
		<killScore value='7800'/>
		<buildingScore value='2875'/>
		<razingScore value='1650'/>
		<mineralScore value='11370'/>
		<gasScore value='5136'/>
		<totalScore value='41256'/>
	</enemy>

	<scoreRatio value='1.57858'/>
	<timeFitness value='0.777778'/>
	<unitsAverage value='64'/>
</results>
