<results>
	<result value='win'/>
	<start value='2015-07-18.04:37:58'/>
	<end value='2015-07-18.04:38:15'/>
	<frames value='17703'/>
	<gameDuration value='1106'/>

	<player>
		<unitScore value='6025'/>
		<killScore value='6550'/>
		<buildingScore value='2150'/>
		<razingScore value='3825'/>
		<mineralScore value='8938'/>
		<gasScore value='1592'/>
		<totalScore value='29080'/>
	</player>

	<enemy>
		<race value='Terran'/>
		<unitScore value='3275'/>
		<killScore value='5000'/>
		<buildingScore value='1275'/>
		<razingScore value='1200'/>
		<mineralScore value='4402'/>
		<gasScore value='1312'/>
		<totalScore value='16464'/>
	</enemy>

	<scoreRatio value='1.76628'/>
	<timeFitness value='0.846389'/>
	<unitsAverage value='37'/>
</results>
