<results>
	<result value='win'/>
	<start value='2015-04-12.19:32:30'/>
	<end value='2015-04-12.19:32:57'/>
	<frames value='26786'/>
	<gameDuration value='1674'/>

	<player>
		<unitScore value='16600'/>
		<killScore value='13300'/>
		<buildingScore value='3150'/>
		<razingScore value='13200'/>
		<mineralScore value='25018'/>
		<gasScore value='3472'/>
		<totalScore value='74740'/>
	</player>

	<enemy>
		<race value='Protoss'/>
		<unitScore value='6650'/>
		<unitScore value='6650'/>
		<killScore value='14600'/>
		<buildingScore value='4400'/>
		<razingScore value='0'/>
		<mineralScore value='18122'/>
		<gasScore value='936'/>
		<totalScore value='44708'/>
	</enemy>

	<scoreRatio value='1.67174'/>
</results>
