<results>
	<result value='win'/>
	<start value='2015-04-12.19:33:31'/>
	<end value='2015-04-12.19:33:49'/>
	<frames value='25515'/>
	<gameDuration value='1594'/>

	<player>
		<unitScore value='13000'/>
		<killScore value='10400'/>
		<buildingScore value='3525'/>
		<razingScore value='14925'/>
		<mineralScore value='19154'/>
		<gasScore value='2840'/>
		<totalScore value='63844'/>
	</player>

	<enemy>
		<race value='Protoss'/>
		<unitScore value='5450'/>
		<unitScore value='5450'/>
		<killScore value='9550'/>
		<buildingScore value='4975'/>
		<razingScore value='150'/>
		<mineralScore value='12906'/>
		<gasScore value='3152'/>
		<totalScore value='36183'/>
	</enemy>

	<scoreRatio value='1.76447'/>
</results>
