<results>
	<result value='loss'/>
	<start value='2015-05-06.13:48:06'/>
	<end value='2015-05-06.13:48:22'/>
	<frames value='17362'/>
	<gameDuration value='1085'/>

	<player>
		<unitScore value='4675'/>
		<killScore value='1500'/>
		<buildingScore value='1875'/>
		<razingScore value='0'/>
		<mineralScore value='6938'/>
		<gasScore value='944'/>
		<totalScore value='15932'/>
	</player>

	<enemy>
		<race value='Protoss'/>
		<unitScore value='4925'/>
		<unitScore value='4925'/>
		<killScore value='9350'/>
		<buildingScore value='3075'/>
		<razingScore value='5625'/>
		<mineralScore value='8698'/>
		<gasScore value='2192'/>
		<totalScore value='33865'/>
	</enemy>

	<scoreRatio value='0.470456'/>
	<timeFitness value='0.150694'/>
	<unitsAverage value='32'/>
</results>
