<results>
	<result value='loss'/>
	<start value='2015-05-06.13:51:51'/>
	<end value='2015-05-06.13:52:43'/>
	<frames value='39217'/>
	<gameDuration value='2451'/>

	<player>
		<unitScore value='12125'/>
		<killScore value='11500'/>
		<buildingScore value='2250'/>
		<razingScore value='0'/>
		<mineralScore value='13574'/>
		<gasScore value='3064'/>
		<totalScore value='42513'/>
	</player>

	<enemy>
		<race value='Protoss'/>
		<unitScore value='25350'/>
		<unitScore value='25350'/>
		<killScore value='24350'/>
		<buildingScore value='7725'/>
		<razingScore value='6750'/>
		<mineralScore value='27162'/>
		<gasScore value='10378'/>
		<totalScore value='101715'/>
	</enemy>

	<scoreRatio value='0.417962'/>
	<timeFitness value='0.340417'/>
	<unitsAverage value='51'/>
</results>
