<results>
	<result value='loss'/>
	<start value='2015-05-06.13:54:31'/>
	<end value='2015-05-06.13:54:46'/>
	<frames value='17858'/>
	<gameDuration value='1116'/>

	<player>
		<unitScore value='3450'/>
		<killScore value='1600'/>
		<buildingScore value='1925'/>
		<razingScore value='0'/>
		<mineralScore value='5514'/>
		<gasScore value='328'/>
		<totalScore value='12817'/>
	</player>

	<enemy>
		<race value='Protoss'/>
		<unitScore value='4050'/>
		<unitScore value='4050'/>
		<killScore value='6900'/>
		<buildingScore value='4175'/>
		<razingScore value='5775'/>
		<mineralScore value='9394'/>
		<gasScore value='1744'/>
		<totalScore value='32038'/>
	</enemy>

	<scoreRatio value='0.400056'/>
	<timeFitness value='0.155'/>
	<unitsAverage value='24'/>
</results>
