<results>
	<result value='loss'/>
	<start value='2015-05-06.13:53:25'/>
	<end value='2015-05-06.13:53:38'/>
	<frames value='15564'/>
	<gameDuration value='972'/>

	<player>
		<unitScore value='3300'/>
		<killScore value='400'/>
		<buildingScore value='1850'/>
		<razingScore value='0'/>
		<mineralScore value='5242'/>
		<gasScore value='0'/>
		<totalScore value='10792'/>
	</player>

	<enemy>
		<race value='Protoss'/>
		<unitScore value='3550'/>
		<unitScore value='3550'/>
		<killScore value='6600'/>
		<buildingScore value='3125'/>
		<razingScore value='5550'/>
		<mineralScore value='8282'/>
		<gasScore value='1480'/>
		<totalScore value='28587'/>
	</enemy>

	<scoreRatio value='0.377514'/>
	<timeFitness value='0.135'/>
	<unitsAverage value='23'/>
</results>
