<results>
	<result value='loss'/>
	<start value='2015-05-06.13:55:55'/>
	<end value='2015-05-06.13:56:08'/>
	<frames value='16060'/>
	<gameDuration value='1003'/>

	<player>
		<unitScore value='2850'/>
		<killScore value='800'/>
		<buildingScore value='1375'/>
		<razingScore value='0'/>
		<mineralScore value='4354'/>
		<gasScore value='584'/>
		<totalScore value='9963'/>
	</player>

	<enemy>
		<race value='Protoss'/>
		<unitScore value='3600'/>
		<unitScore value='3600'/>
		<killScore value='5700'/>
		<buildingScore value='3575'/>
		<razingScore value='4125'/>
		<mineralScore value='8354'/>
		<gasScore value='1560'/>
		<totalScore value='26914'/>
	</enemy>

	<scoreRatio value='0.370179'/>
	<timeFitness value='0.139306'/>
	<unitsAverage value='20'/>
</results>
