<results>
	<result value='loss'/>
	<start value='2015-05-06.13:58:59'/>
	<end value='2015-05-06.13:59:41'/>
	<frames value='34009'/>
	<gameDuration value='2125'/>

	<player>
		<unitScore value='10750'/>
		<killScore value='9750'/>
		<buildingScore value='3400'/>
		<razingScore value='0'/>
		<mineralScore value='15386'/>
		<gasScore value='2072'/>
		<totalScore value='41358'/>
	</player>

	<enemy>
		<race value='Protoss'/>
		<unitScore value='21400'/>
		<unitScore value='21400'/>
		<killScore value='21500'/>
		<buildingScore value='7150'/>
		<razingScore value='10200'/>
		<mineralScore value='25610'/>
		<gasScore value='8432'/>
		<totalScore value='94292'/>
	</enemy>

	<scoreRatio value='0.438616'/>
	<timeFitness value='0.295139'/>
	<unitsAverage value='50'/>
</results>
