<results>
	<result value='loss'/>
	<start value='2015-05-06.14:02:49'/>
	<end value='2015-05-06.14:03:43'/>
	<frames value='41108'/>
	<gameDuration value='2569'/>

	<player>
		<unitScore value='14875'/>
		<killScore value='17500'/>
		<buildingScore value='3825'/>
		<razingScore value='300'/>
		<mineralScore value='23006'/>
		<gasScore value='4208'/>
		<totalScore value='63714'/>
	</player>

	<enemy>
		<race value='Protoss'/>
		<unitScore value='27050'/>
		<unitScore value='27050'/>
		<killScore value='29750'/>
		<buildingScore value='7025'/>
		<razingScore value='11475'/>
		<mineralScore value='27698'/>
		<gasScore value='10804'/>
		<totalScore value='113802'/>
	</enemy>

	<scoreRatio value='0.559867'/>
	<timeFitness value='0.356806'/>
	<unitsAverage value='57'/>
</results>
