<results>
	<result value='loss'/>
	<start value='2015-05-06.14:26:05'/>
	<end value='2015-05-06.14:26:50'/>
	<frames value='33017'/>
	<gameDuration value='2063'/>

	<player>
		<unitScore value='9025'/>
		<killScore value='5100'/>
		<buildingScore value='2375'/>
		<razingScore value='150'/>
		<mineralScore value='19222'/>
		<gasScore value='2936'/>
		<totalScore value='38808'/>
	</player>

	<enemy>
		<race value='Protoss'/>
		<unitScore value='18250'/>
		<unitScore value='18250'/>
		<killScore value='18050'/>
		<buildingScore value='6975'/>
		<razingScore value='7125'/>
		<mineralScore value='21198'/>
		<gasScore value='8696'/>
		<totalScore value='80294'/>
	</enemy>

	<scoreRatio value='0.483324'/>
	<timeFitness value='0.286528'/>
	<unitsAverage value='57'/>
</results>
