<results>
	<result value='win'/>
	<start value='2015-05-11.18:31:39'/>
	<end value='2015-05-11.18:32:04'/>
	<frames value='27096'/>
	<gameDuration value='1693'/>

	<player>
		<unitScore value='13500'/>
		<killScore value='19650'/>
		<buildingScore value='3725'/>
		<razingScore value='7830'/>
		<mineralScore value='17958'/>
		<gasScore value='2800'/>
		<totalScore value='65463'/>
	</player>

	<enemy>
		<race value='Zerg'/>
		<unitScore value='9125'/>
		<unitScore value='9125'/>
		<killScore value='9300'/>
		<buildingScore value='2610'/>
		<razingScore value='1350'/>
		<mineralScore value='10042'/>
		<gasScore value='3232'/>
		<totalScore value='35659'/>
	</enemy>

	<scoreRatio value='1.83581'/>
	<timeFitness value='0.764861'/>
	<unitsAverage value='71'/>
</results>
