<results>
	<result value='win'/>
	<start value='2015-05-11.18:32:38'/>
	<end value='2015-05-11.18:33:01'/>
	<frames value='24461'/>
	<gameDuration value='1528'/>

	<player>
		<unitScore value='13250'/>
		<killScore value='23140'/>
		<buildingScore value='3175'/>
		<razingScore value='5940'/>
		<mineralScore value='18482'/>
		<gasScore value='1520'/>
		<totalScore value='65507'/>
	</player>

	<enemy>
		<race value='Zerg'/>
		<unitScore value='10075'/>
		<unitScore value='10075'/>
		<killScore value='11400'/>
		<buildingScore value='1980'/>
		<razingScore value='0'/>
		<mineralScore value='10202'/>
		<gasScore value='2888'/>
		<totalScore value='36545'/>
	</enemy>

	<scoreRatio value='1.7925'/>
	<timeFitness value='0.787778'/>
	<unitsAverage value='73'/>
</results>
