<results>
	<result value='win'/>
	<start value='2015-05-11.18:41:33'/>
	<end value='2015-05-11.18:41:52'/>
	<frames value='24957'/>
	<gameDuration value='1559'/>

	<player>
		<unitScore value='12175'/>
		<killScore value='19720'/>
		<buildingScore value='2325'/>
		<razingScore value='4560'/>
		<mineralScore value='16622'/>
		<gasScore value='2336'/>
		<totalScore value='57738'/>
	</player>

	<enemy>
		<race value='Zerg'/>
		<unitScore value='8950'/>
		<unitScore value='8950'/>
		<killScore value='10800'/>
		<buildingScore value='1520'/>
		<razingScore value='0'/>
		<mineralScore value='8338'/>
		<gasScore value='2136'/>
		<totalScore value='31744'/>
	</enemy>

	<scoreRatio value='1.81886'/>
	<timeFitness value='0.783472'/>
	<unitsAverage value='61'/>
</results>
