<results>
	<result value='win'/>
	<start value='2015-05-11.18:49:01'/>
	<end value='2015-05-11.18:49:34'/>
	<frames value='36117'/>
	<gameDuration value='2257'/>

	<player>
		<unitScore value='22550'/>
		<killScore value='27680'/>
		<buildingScore value='3275'/>
		<razingScore value='6600'/>
		<mineralScore value='26930'/>
		<gasScore value='2736'/>
		<totalScore value='89771'/>
	</player>

	<enemy>
		<race value='Zerg'/>
		<unitScore value='13000'/>
		<unitScore value='13000'/>
		<killScore value='30100'/>
		<buildingScore value='2200'/>
		<razingScore value='0'/>
		<mineralScore value='12538'/>
		<gasScore value='3752'/>
		<totalScore value='61590'/>
	</enemy>

	<scoreRatio value='1.45756'/>
	<timeFitness value='0.686528'/>
	<unitsAverage value='80'/>
</results>
