<results>
	<result value='win'/>
	<start value='2015-05-04.02:56:56'/>
	<end value='2015-05-04.02:57:23'/>
	<frames value='27716'/>
	<gameDuration value='1732'/>

	<player>
		<unitScore value='13875'/>
		<killScore value='22150'/>
		<buildingScore value='3925'/>
		<razingScore value='8550'/>
		<mineralScore value='23426'/>
		<gasScore value='2344'/>
		<totalScore value='74270'/>
	</player>

	<enemy>
		<race value='Terran'/>
		<unitScore value='11075'/>
		<unitScore value='11075'/>
		<killScore value='7450'/>
		<buildingScore value='2850'/>
		<razingScore value='1200'/>
		<mineralScore value='13670'/>
		<gasScore value='5152'/>
		<totalScore value='41397'/>
	</enemy>

	<scoreRatio value='1.79409'/>
	<timeFitness value='0.759444'/>
	<unitsAverage value='92'/>
</results>
