<results>
	<result value='win'/>
	<start value='2015-05-04.03:07:39'/>
	<end value='2015-05-04.03:07:53'/>
	<frames value='19749'/>
	<gameDuration value='1234'/>

	<player>
		<unitScore value='7700'/>
		<killScore value='13100'/>
		<buildingScore value='2200'/>
		<razingScore value='4950'/>
		<mineralScore value='12162'/>
		<gasScore value='1920'/>
		<totalScore value='42032'/>
	</player>

	<enemy>
		<race value='Terran'/>
		<unitScore value='6550'/>
		<unitScore value='6550'/>
		<killScore value='5000'/>
		<buildingScore value='1650'/>
		<razingScore value='150'/>
		<mineralScore value='8746'/>
		<gasScore value='2688'/>
		<totalScore value='24784'/>
	</enemy>

	<scoreRatio value='1.69593'/>
	<timeFitness value='0.828611'/>
	<unitsAverage value='54'/>
</results>
