<results>
	<result value='win'/>
	<start value='2015-05-04.03:22:05'/>
	<end value='2015-05-04.03:23:22'/>
	<frames value='48920'/>
	<gameDuration value='3057'/>

	<player>
		<unitScore value='27200'/>
		<killScore value='46850'/>
		<buildingScore value='4775'/>
		<razingScore value='14475'/>
		<mineralScore value='38326'/>
		<gasScore value='5666'/>
		<totalScore value='137292'/>
	</player>

	<enemy>
		<race value='Terran'/>
		<unitScore value='25825'/>
		<unitScore value='25825'/>
		<killScore value='30800'/>
		<buildingScore value='4825'/>
		<razingScore value='1350'/>
		<mineralScore value='19550'/>
		<gasScore value='10562'/>
		<totalScore value='92912'/>
	</enemy>

	<scoreRatio value='1.47766'/>
	<timeFitness value='0.575417'/>
	<unitsAverage value='134'/>
</results>
