<results>
	<result value='loss'/>
	<start value='2015-05-04.03:30:48'/>
	<end value='2015-05-04.03:31:14'/>
	<frames value='45231'/>
	<gameDuration value='2826'/>

	<player>
		<unitScore value='8975'/>
		<killScore value='12100'/>
		<buildingScore value='2450'/>
		<razingScore value='150'/>
		<mineralScore value='10642'/>
		<gasScore value='1856'/>
		<totalScore value='36173'/>
	</player>

	<enemy>
		<race value='Terran'/>
		<unitScore value='21350'/>
		<unitScore value='21350'/>
		<killScore value='17950'/>
		<buildingScore value='5325'/>
		<razingScore value='7350'/>
		<mineralScore value='27010'/>
		<gasScore value='10838'/>
		<totalScore value='89823'/>
	</enemy>

	<scoreRatio value='0.402714'/>
	<timeFitness value='0.3925'/>
	<unitsAverage value='25'/>
</results>
