<results>
	<result value='win'/>
	<start value='2015-05-02.20:53:50'/>
	<end value='2015-05-02.20:54:12'/>
	<frames value='26414'/>
	<gameDuration value='1650'/>

	<player>
		<unitScore value='16300'/>
		<killScore value='26405'/>
		<buildingScore value='2000'/>
		<razingScore value='3660'/>
		<mineralScore value='20034'/>
		<gasScore value='0'/>
		<totalScore value='68399'/>
	</player>

	<enemy>
		<race value='Zerg'/>
		<unitScore value='11450'/>
		<unitScore value='11450'/>
		<killScore value='21500'/>
		<buildingScore value='1220'/>
		<razingScore value='0'/>
		<mineralScore value='10250'/>
		<gasScore value='3032'/>
		<totalScore value='47452'/>
	</enemy>

	<scoreRatio value='1.44144'/>
	<timeFitness value='0.770833'/>
	<unitsAverage value='70'/>
</results>
