<results>
	<result value='draw'/>
	<start value='2015-05-02.20:55:38'/>
	<end value='2015-05-02.20:57:32'/>
	<frames value='57601'/>
	<gameDuration value='3600'/>

	<player>
		<unitScore value='29500'/>
		<killScore value='28300'/>
		<buildingScore value='4025'/>
		<razingScore value='6495'/>
		<mineralScore value='35394'/>
		<gasScore value='0'/>
		<totalScore value='103714'/>
	</player>

	<enemy>
		<race value='Zerg'/>
		<unitScore value='13950'/>
		<unitScore value='13950'/>
		<killScore value='39500'/>
		<buildingScore value='2790'/>
		<razingScore value='0'/>
		<mineralScore value='14662'/>
		<gasScore value='4480'/>
		<totalScore value='75382'/>
	</enemy>

	<scoreRatio value='1.37585'/>
	<timeFitness value='0.5'/>
	<unitsAverage value='135'/>
</results>
