<results>
	<result value='win'/>
	<start value='2015-05-09.17:52:39'/>
	<end value='2015-05-09.17:52:57'/>
	<frames value='23314'/>
	<gameDuration value='1457'/>

	<player>
		<unitScore value='11500'/>
		<killScore value='18240'/>
		<buildingScore value='3100'/>
		<razingScore value='6105'/>
		<mineralScore value='17598'/>
		<gasScore value='2064'/>
		<totalScore value='58607'/>
	</player>

	<enemy>
		<race value='Zerg'/>
		<unitScore value='8850'/>
		<unitScore value='8850'/>
		<killScore value='6000'/>
		<buildingScore value='2035'/>
		<razingScore value='150'/>
		<mineralScore value='8850'/>
		<gasScore value='2432'/>
		<totalScore value='28317'/>
	</enemy>

	<scoreRatio value='2.06968'/>
	<timeFitness value='0.797639'/>
	<unitsAverage value='77'/>
</results>
