<results>
	<result value='win'/>
	<start value='2015-05-02.21:08:31'/>
	<end value='2015-05-02.21:09:11'/>
	<frames value='31777'/>
	<gameDuration value='1986'/>

	<player>
		<unitScore value='25450'/>
		<killScore value='19440'/>
		<buildingScore value='3700'/>
		<razingScore value='5895'/>
		<mineralScore value='33982'/>
		<gasScore value='0'/>
		<totalScore value='88467'/>
	</player>

	<enemy>
		<race value='Zerg'/>
		<unitScore value='9575'/>
		<unitScore value='9575'/>
		<killScore value='32500'/>
		<buildingScore value='1965'/>
		<razingScore value='0'/>
		<mineralScore value='10354'/>
		<gasScore value='3048'/>
		<totalScore value='57442'/>
	</enemy>

	<scoreRatio value='1.54011'/>
	<timeFitness value='0.724167'/>
	<unitsAverage value='108'/>
</results>
