<results>
	<result value='loss'/>
	<start value='2015-04-30.18:36:46'/>
	<end value='2015-04-30.18:36:59'/>
	<frames value='18664'/>
	<gameDuration value='1166'/>

	<player>
		<unitScore value='5200'/>
		<killScore value='1400'/>
		<buildingScore value='1875'/>
		<razingScore value='0'/>
		<mineralScore value='7482'/>
		<gasScore value='0'/>
		<totalScore value='15957'/>
	</player>

	<enemy>
		<race value='Protoss'/>
		<unitScore value='4825'/>
		<unitScore value='4825'/>
		<killScore value='10400'/>
		<buildingScore value='4125'/>
		<razingScore value='5625'/>
		<mineralScore value='9786'/>
		<gasScore value='2472'/>
		<totalScore value='37233'/>
	</enemy>

	<scoreRatio value='0.428571'/>
</results>
