<results>
	<result value='loss'/>
	<start value='2015-05-03.17:18:22'/>
	<end value='2015-05-03.17:18:33'/>
	<frames value='18013'/>
	<gameDuration value='1125'/>

	<player>
		<unitScore value='5175'/>
		<killScore value='1500'/>
		<buildingScore value='2225'/>
		<razingScore value='0'/>
		<mineralScore value='7154'/>
		<gasScore value='784'/>
		<totalScore value='16838'/>
	</player>

	<enemy>
		<race value='Terran'/>
		<unitScore value='6750'/>
		<unitScore value='6750'/>
		<killScore value='10350'/>
		<buildingScore value='2800'/>
		<razingScore value='6675'/>
		<mineralScore value='8226'/>
		<gasScore value='2928'/>
		<totalScore value='37729'/>
	</enemy>

	<scoreRatio value='0.446288'/>
	<timeFitness value='0.15625'/>
	<unitsAverage value='31'/>
</results>
