<results>
	<result value='loss'/>
	<start value='2015-05-03.17:18:53'/>
	<end value='2015-05-03.17:19:08'/>
	<frames value='23004'/>
	<gameDuration value='1437'/>

	<player>
		<unitScore value='6300'/>
		<killScore value='4400'/>
		<buildingScore value='2200'/>
		<razingScore value='0'/>
		<mineralScore value='8754'/>
		<gasScore value='1264'/>
		<totalScore value='22918'/>
	</player>

	<enemy>
		<race value='Terran'/>
		<unitScore value='9375'/>
		<unitScore value='9375'/>
		<killScore value='12600'/>
		<buildingScore value='3550'/>
		<razingScore value='6600'/>
		<mineralScore value='11398'/>
		<gasScore value='4528'/>
		<totalScore value='48051'/>
	</enemy>

	<scoreRatio value='0.476952'/>
	<timeFitness value='0.199583'/>
	<unitsAverage value='33'/>
</results>
