<results>
	<result value='loss'/>
	<start value='2015-05-08.18:35:23'/>
	<end value='2015-05-08.18:35:34'/>
	<frames value='20524'/>
	<gameDuration value='1282'/>

	<player>
		<unitScore value='4025'/>
		<killScore value='2950'/>
		<buildingScore value='2000'/>
		<razingScore value='0'/>
		<mineralScore value='6130'/>
		<gasScore value='992'/>
		<totalScore value='16097'/>
	</player>

	<enemy>
		<race value='Terran'/>
		<unitScore value='6975'/>
		<unitScore value='6975'/>
		<killScore value='8050'/>
		<buildingScore value='2925'/>
		<razingScore value='6000'/>
		<mineralScore value='9810'/>
		<gasScore value='3448'/>
		<totalScore value='37208'/>
	</enemy>

	<scoreRatio value='0.432622'/>
	<timeFitness value='0.178056'/>
	<unitsAverage value='30'/>
</results>
