<results>
	<result value='win'/>
	<start value='2015-05-01.00:41:05'/>
	<end value='2015-05-01.00:41:28'/>
	<frames value='21671'/>
	<gameDuration value='1354'/>

	<player>
		<unitScore value='10600'/>
		<killScore value='19710'/>
		<buildingScore value='2375'/>
		<razingScore value='4680'/>
		<mineralScore value='13234'/>
		<gasScore value='1744'/>
		<totalScore value='52343'/>
	</player>

	<enemy>
		<race value='Zerg'/>
		<unitScore value='8475'/>
		<unitScore value='8475'/>
		<killScore value='9100'/>
		<buildingScore value='1560'/>
		<razingScore value='0'/>
		<mineralScore value='8714'/>
		<gasScore value='2432'/>
		<totalScore value='30281'/>
	</enemy>

	<scoreRatio value='1.72858'/>
</results>
