<results>
	<result value='loss'/>
	<start value='2015-05-01.00:49:17'/>
	<end value='2015-05-01.00:49:22'/>
	<frames value='7876'/>
	<gameDuration value='492'/>

	<player>
		<unitScore value='950'/>
		<killScore value='50'/>
		<buildingScore value='725'/>
		<razingScore value='0'/>
		<mineralScore value='1570'/>
		<gasScore value='80'/>
		<totalScore value='3375'/>
	</player>

	<enemy>
		<race value='Zerg'/>
		<unitScore value='1300'/>
		<unitScore value='1300'/>
		<killScore value='1900'/>
		<buildingScore value='780'/>
		<razingScore value='2175'/>
		<mineralScore value='2218'/>
		<gasScore value='72'/>
		<totalScore value='8445'/>
	</enemy>

	<scoreRatio value='0.399645'/>
</results>
