<results>
	<result value='loss'/>
	<start value='2015-05-01.21:13:45'/>
	<end value='2015-05-01.21:13:57'/>
	<frames value='18881'/>
	<gameDuration value='1180'/>

	<player>
		<unitScore value='3850'/>
		<killScore value='1300'/>
		<buildingScore value='2000'/>
		<razingScore value='0'/>
		<mineralScore value='5722'/>
		<gasScore value='752'/>
		<totalScore value='13624'/>
	</player>

	<enemy>
		<race value='Protoss'/>
		<unitScore value='3900'/>
		<unitScore value='3900'/>
		<killScore value='7700'/>
		<buildingScore value='4725'/>
		<razingScore value='6000'/>
		<mineralScore value='10386'/>
		<gasScore value='2016'/>
		<totalScore value='34727'/>
	</enemy>

	<scoreRatio value='0.392317'/>
	<timeFitness value='0.163889'/>
	<unitsAverage value='24'/>
</results>
