<results>
	<result value='loss'/>
	<start value='2015-05-01.21:20:53'/>
	<end value='2015-05-01.21:21:31'/>
	<frames value='41232'/>
	<gameDuration value='2577'/>

	<player>
		<unitScore value='12825'/>
		<killScore value='15950'/>
		<buildingScore value='2350'/>
		<razingScore value='1950'/>
		<mineralScore value='13338'/>
		<gasScore value='3088'/>
		<totalScore value='49501'/>
	</player>

	<enemy>
		<race value='Protoss'/>
		<unitScore value='25775'/>
		<unitScore value='25775'/>
		<killScore value='25650'/>
		<buildingScore value='7825'/>
		<razingScore value='7050'/>
		<mineralScore value='27646'/>
		<gasScore value='9836'/>
		<totalScore value='103782'/>
	</enemy>

	<scoreRatio value='0.476971'/>
	<timeFitness value='0.357917'/>
	<unitsAverage value='44'/>
</results>
