<results>
	<result value='draw'/>
	<start value='2015-05-03.21:19:10'/>
	<end value='2015-05-03.21:21:05'/>
	<frames value='57601'/>
	<gameDuration value='3600'/>

	<player>
		<unitScore value='34850'/>
		<killScore value='34800'/>
		<buildingScore value='4525'/>
		<razingScore value='150'/>
		<mineralScore value='34830'/>
		<gasScore value='9146'/>
		<totalScore value='118301'/>
	</player>

	<enemy>
		<race value='Terran'/>
		<unitScore value='26100'/>
		<unitScore value='26100'/>
		<killScore value='43550'/>
		<buildingScore value='4025'/>
		<razingScore value='5475'/>
		<mineralScore value='19550'/>
		<gasScore value='12218'/>
		<totalScore value='110918'/>
	</enemy>

	<scoreRatio value='1.06656'/>
	<timeFitness value='0.5'/>
	<unitsAverage value='126'/>
</results>
