<results>
	<result value='draw'/>
	<start value='2015-05-03.21:30:03'/>
	<end value='2015-05-03.21:31:40'/>
	<frames value='57601'/>
	<gameDuration value='3600'/>

	<player>
		<unitScore value='32400'/>
		<killScore value='32950'/>
		<buildingScore value='4650'/>
		<razingScore value='14100'/>
		<mineralScore value='38666'/>
		<gasScore value='5308'/>
		<totalScore value='128074'/>
	</player>

	<enemy>
		<race value='Terran'/>
		<unitScore value='21975'/>
		<unitScore value='21975'/>
		<killScore value='40150'/>
		<buildingScore value='4750'/>
		<razingScore value='3825'/>
		<mineralScore value='18426'/>
		<gasScore value='10390'/>
		<totalScore value='99516'/>
	</enemy>

	<scoreRatio value='1.28697'/>
	<timeFitness value='0.5'/>
	<unitsAverage value='115'/>
</results>
