<results>
	<result value='loss'/>
	<start value='2015-05-09.08:29:26'/>
	<end value='2015-05-09.08:29:43'/>
	<frames value='36148'/>
	<gameDuration value='2259'/>

	<player>
		<unitScore value='8075'/>
		<killScore value='3000'/>
		<buildingScore value='1750'/>
		<razingScore value='0'/>
		<mineralScore value='11942'/>
		<gasScore value='664'/>
		<totalScore value='25431'/>
	</player>

	<enemy>
		<race value='Terran'/>
		<unitScore value='17750'/>
		<unitScore value='17750'/>
		<killScore value='16150'/>
		<buildingScore value='5350'/>
		<razingScore value='5250'/>
		<mineralScore value='19002'/>
		<gasScore value='10982'/>
		<totalScore value='74484'/>
	</enemy>

	<scoreRatio value='0.341429'/>
	<timeFitness value='0.31375'/>
	<unitsAverage value='29'/>
</results>
