<results>
	<result value='loss'/>
	<start value='2015-05-03.21:33:37'/>
	<end value='2015-05-03.21:33:52'/>
	<frames value='19408'/>
	<gameDuration value='1213'/>

	<player>
		<unitScore value='5525'/>
		<killScore value='2550'/>
		<buildingScore value='2000'/>
		<razingScore value='0'/>
		<mineralScore value='7498'/>
		<gasScore value='824'/>
		<totalScore value='18397'/>
	</player>

	<enemy>
		<race value='Terran'/>
		<unitScore value='7850'/>
		<unitScore value='7850'/>
		<killScore value='11050'/>
		<buildingScore value='2850'/>
		<razingScore value='6000'/>
		<mineralScore value='9082'/>
		<gasScore value='3440'/>
		<totalScore value='40272'/>
	</enemy>

	<scoreRatio value='0.456819'/>
	<timeFitness value='0.168472'/>
	<unitsAverage value='29'/>
</results>
