<results>
	<result value='draw'/>
	<start value='2015-05-03.21:34:44'/>
	<end value='2015-05-03.21:36:51'/>
	<frames value='57601'/>
	<gameDuration value='3600'/>

	<player>
		<unitScore value='26900'/>
		<killScore value='22500'/>
		<buildingScore value='5250'/>
		<razingScore value='4125'/>
		<mineralScore value='38806'/>
		<gasScore value='9964'/>
		<totalScore value='107545'/>
	</player>

	<enemy>
		<race value='Terran'/>
		<unitScore value='11950'/>
		<unitScore value='11950'/>
		<killScore value='21800'/>
		<buildingScore value='2825'/>
		<razingScore value='5475'/>
		<mineralScore value='12050'/>
		<gasScore value='6120'/>
		<totalScore value='60220'/>
	</enemy>

	<scoreRatio value='1.78587'/>
	<timeFitness value='0.5'/>
	<unitsAverage value='130'/>
</results>
