<results>
	<result value='loss'/>
	<start value='2015-05-09.08:33:43'/>
	<end value='2015-05-09.08:33:54'/>
	<frames value='22353'/>
	<gameDuration value='1397'/>

	<player>
		<unitScore value='5300'/>
		<killScore value='5500'/>
		<buildingScore value='2000'/>
		<razingScore value='0'/>
		<mineralScore value='7258'/>
		<gasScore value='1272'/>
		<totalScore value='21330'/>
	</player>

	<enemy>
		<race value='Terran'/>
		<unitScore value='9100'/>
		<unitScore value='9100'/>
		<killScore value='10600'/>
		<buildingScore value='3175'/>
		<razingScore value='6000'/>
		<mineralScore value='10682'/>
		<gasScore value='4192'/>
		<totalScore value='43749'/>
	</enemy>

	<scoreRatio value='0.487554'/>
	<timeFitness value='0.194028'/>
	<unitsAverage value='30'/>
</results>
