<results>
	<result value='win'/>
	<start value='2015-05-03.21:46:52'/>
	<end value='2015-05-03.21:47:22'/>
	<frames value='24988'/>
	<gameDuration value='1561'/>

	<player>
		<unitScore value='11075'/>
		<killScore value='21650'/>
		<buildingScore value='3200'/>
		<razingScore value='8175'/>
		<mineralScore value='24266'/>
		<gasScore value='1712'/>
		<totalScore value='70078'/>
	</player>

	<enemy>
		<race value='Terran'/>
		<unitScore value='11925'/>
		<unitScore value='11925'/>
		<killScore value='4800'/>
		<buildingScore value='2875'/>
		<razingScore value='1950'/>
		<mineralScore value='12866'/>
		<gasScore value='3912'/>
		<totalScore value='38328'/>
	</enemy>

	<scoreRatio value='1.82838'/>
	<timeFitness value='0.783194'/>
	<unitsAverage value='83'/>
</results>
