<results>
	<result value='win'/>
	<start value='2015-05-09.08:32:34'/>
	<end value='2015-05-09.08:33:01'/>
	<frames value='23748'/>
	<gameDuration value='1484'/>

	<player>
		<unitScore value='12950'/>
		<killScore value='18100'/>
		<buildingScore value='3875'/>
		<razingScore value='8400'/>
		<mineralScore value='18602'/>
		<gasScore value='1312'/>
		<totalScore value='63239'/>
	</player>

	<enemy>
		<race value='Terran'/>
		<unitScore value='9350'/>
		<unitScore value='9350'/>
		<killScore value='9350'/>
		<buildingScore value='2800'/>
		<razingScore value='1425'/>
		<mineralScore value='9842'/>
		<gasScore value='3888'/>
		<totalScore value='36655'/>
	</enemy>

	<scoreRatio value='1.72525'/>
	<timeFitness value='0.793889'/>
	<unitsAverage value='75'/>
</results>
