<results>
	<result value='loss'/>
	<start value='2015-05-10.14:40:58'/>
	<end value='2015-05-10.14:41:07'/>
	<frames value='17269'/>
	<gameDuration value='1079'/>

	<player>
		<unitScore value='3625'/>
		<killScore value='4200'/>
		<buildingScore value='1900'/>
		<razingScore value='0'/>
		<mineralScore value='5690'/>
		<gasScore value='760'/>
		<totalScore value='16175'/>
	</player>

	<enemy>
		<race value='Protoss'/>
		<unitScore value='3600'/>
		<unitScore value='3600'/>
		<killScore value='7350'/>
		<buildingScore value='3975'/>
		<razingScore value='5700'/>
		<mineralScore value='8770'/>
		<gasScore value='1936'/>
		<totalScore value='31331'/>
	</enemy>

	<scoreRatio value='0.516262'/>
	<timeFitness value='0.149861'/>
	<unitsAverage value='27'/>
</results>
