<results>
	<result value='win'/>
	<start value='2015-05-10.14:48:12'/>
	<end value='2015-05-10.14:48:53'/>
	<frames value='33048'/>
	<gameDuration value='2065'/>

	<player>
		<unitScore value='16500'/>
		<killScore value='14900'/>
		<buildingScore value='4700'/>
		<razingScore value='15000'/>
		<mineralScore value='31190'/>
		<gasScore value='3264'/>
		<totalScore value='85554'/>
	</player>

	<enemy>
		<race value='Protoss'/>
		<unitScore value='7450'/>
		<unitScore value='7450'/>
		<killScore value='10300'/>
		<buildingScore value='5000'/>
		<razingScore value='1350'/>
		<mineralScore value='16486'/>
		<gasScore value='5032'/>
		<totalScore value='45618'/>
	</enemy>

	<scoreRatio value='1.87544'/>
	<timeFitness value='0.713194'/>
	<unitsAverage value='116'/>
</results>
