<results>
	<result value='win'/>
	<start value='2015-04-27.23:44:16'/>
	<end value='2015-04-27.23:44:33'/>
	<frames value='24802'/>
	<gameDuration value='1550'/>

	<player>
		<unitScore value='11100'/>
		<killScore value='20700'/>
		<buildingScore value='3750'/>
		<razingScore value='8550'/>
		<mineralScore value='18566'/>
		<gasScore value='1744'/>
		<totalScore value='64410'/>
	</player>

	<enemy>
		<race value='Terran'/>
		<unitScore value='11050'/>
		<unitScore value='11050'/>
		<killScore value='4950'/>
		<buildingScore value='2850'/>
		<razingScore value='1350'/>
		<mineralScore value='10322'/>
		<gasScore value='4232'/>
		<totalScore value='34754'/>
	</enemy>

	<scoreRatio value='1.85331'/>
</results>
