<results>
	<result value='loss'/>
	<start value='2015-04-27.23:46:12'/>
	<end value='2015-04-27.23:46:21'/>
	<frames value='19749'/>
	<gameDuration value='1234'/>

	<player>
		<unitScore value='4100'/>
		<killScore value='1500'/>
		<buildingScore value='2000'/>
		<razingScore value='0'/>
		<mineralScore value='6266'/>
		<gasScore value='792'/>
		<totalScore value='14658'/>
	</player>

	<enemy>
		<race value='Terran'/>
		<unitScore value='7725'/>
		<unitScore value='7725'/>
		<killScore value='8200'/>
		<buildingScore value='2850'/>
		<razingScore value='6000'/>
		<mineralScore value='9170'/>
		<gasScore value='3472'/>
		<totalScore value='37417'/>
	</enemy>

	<scoreRatio value='0.391747'/>
</results>
