<results>
	<result value='loss'/>
	<start value='2015-04-16.23:01:15'/>
	<end value='2015-04-16.23:01:27'/>
	<frames value='13983'/>
	<gameDuration value='873'/>

	<player>
		<unitScore value='3100'/>
		<killScore value='800'/>
		<buildingScore value='1075'/>
		<razingScore value='0'/>
		<mineralScore value='4210'/>
		<gasScore value='680'/>
		<totalScore value='9865'/>
	</player>

	<enemy>
		<race value='Protoss'/>
		<unitScore value='3550'/>
		<unitScore value='3550'/>
		<killScore value='6200'/>
		<buildingScore value='2375'/>
		<razingScore value='3225'/>
		<mineralScore value='7194'/>
		<gasScore value='1216'/>
		<totalScore value='23760'/>
	</enemy>

	<scoreRatio value='0.415194'/>
</results>
