<results>
	<result value='loss'/>
	<start value='2015-04-09.20:12:43'/>
	<end value='2015-04-09.20:12:52'/>
	<frames value='20152'/>
	<gameDuration value='1259'/>

	<player>
		<unitScore value='3425'/>
		<killScore value='1600'/>
		<buildingScore value='1975'/>
		<razingScore value='0'/>
		<mineralScore value='5842'/>
		<gasScore value='864'/>
		<totalScore value='13706'/>
	</player>

	<enemy>
		<race value='Protoss'/>
		<unitScore value='5400'/>
		<unitScore value='5400'/>
		<killScore value='6600'/>
		<buildingScore value='5275'/>
		<razingScore value='5925'/>
		<mineralScore value='11762'/>
		<gasScore value='2800'/>
		<totalScore value='37762'/>
	</enemy>

	<scoreRatio value='0.362957'/>
</results>
