<results>
	<result value='win'/>
	<start value='2015-04-12.01:43:55'/>
	<end value='2015-04-12.01:44:36'/>
	<frames value='26879'/>
	<gameDuration value='1679'/>

	<player>
		<unitScore value='14200'/>
		<killScore value='20200'/>
		<buildingScore value='3525'/>
		<razingScore value='13875'/>
		<mineralScore value='19250'/>
		<gasScore value='2112'/>
		<totalScore value='73162'/>
	</player>

	<enemy>
		<race value='Protoss'/>
		<unitScore value='10450'/>
		<unitScore value='10450'/>
		<killScore value='11950'/>
		<buildingScore value='4625'/>
		<razingScore value='150'/>
		<mineralScore value='13002'/>
		<gasScore value='2328'/>
		<totalScore value='42505'/>
	</enemy>

	<scoreRatio value='1.72126'/>
</results>
