<results>
	<result value='loss'/>
	<start value='2015-04-12.02:03:29'/>
	<end value='2015-04-12.02:03:42'/>
	<frames value='15843'/>
	<gameDuration value='990'/>

	<player>
		<unitScore value='2750'/>
		<killScore value='0'/>
		<buildingScore value='1575'/>
		<razingScore value='0'/>
		<mineralScore value='5618'/>
		<gasScore value='0'/>
		<totalScore value='9943'/>
	</player>

	<enemy>
		<race value='Protoss'/>
		<unitScore value='3550'/>
		<unitScore value='3550'/>
		<killScore value='5500'/>
		<buildingScore value='3775'/>
		<razingScore value='4725'/>
		<mineralScore value='8378'/>
		<gasScore value='1608'/>
		<totalScore value='27536'/>
	</enemy>

	<scoreRatio value='0.361091'/>
</results>
