<results>
	<result value='win'/>
	<start value='2015-04-29.17:13:43'/>
	<end value='2015-04-29.17:14:31'/>
	<frames value='33265'/>
	<gameDuration value='2079'/>

	<player>
		<unitScore value='18300'/>
		<killScore value='16650'/>
		<buildingScore value='3450'/>
		<razingScore value='16875'/>
		<mineralScore value='23322'/>
		<gasScore value='3824'/>
		<totalScore value='82421'/>
	</player>

	<enemy>
		<race value='Protoss'/>
		<unitScore value='8775'/>
		<unitScore value='8775'/>
		<killScore value='18900'/>
		<buildingScore value='5625'/>
		<razingScore value='1350'/>
		<mineralScore value='14606'/>
		<gasScore value='3648'/>
		<totalScore value='52904'/>
	</enemy>

	<scoreRatio value='1.55794'/>
	<timeFitness value='0.71125'/>
	<unitsAverage value='77'/>
</results>
