<results>
	<result value='win'/>
	<start value='2015-05-10.20:48:11'/>
	<end value='2015-05-10.20:49:05'/>
	<frames value='26259'/>
	<gameDuration value='1641'/>

	<player>
		<unitScore value='18675'/>
		<killScore value='23995'/>
		<buildingScore value='4175'/>
		<razingScore value='4995'/>
		<mineralScore value='29826'/>
		<gasScore value='2728'/>
		<totalScore value='84394'/>
	</player>

	<enemy>
		<race value='Zerg'/>
		<unitScore value='11000'/>
		<unitScore value='11000'/>
		<killScore value='15400'/>
		<buildingScore value='1665'/>
		<razingScore value='0'/>
		<mineralScore value='10382'/>
		<gasScore value='2984'/>
		<totalScore value='41431'/>
	</enemy>

	<scoreRatio value='2.03698'/>
	<timeFitness value='0.772083'/>
	<unitsAverage value='105'/>
</results>
