<results>
	<result value='win'/>
	<start value='2015-05-03.20:12:47'/>
	<end value='2015-05-03.20:13:41'/>
	<frames value='36396'/>
	<gameDuration value='2274'/>

	<player>
		<unitScore value='31050'/>
		<killScore value='36660'/>
		<buildingScore value='4075'/>
		<razingScore value='4140'/>
		<mineralScore value='41142'/>
		<gasScore value='0'/>
		<totalScore value='117067'/>
	</player>

	<enemy>
		<race value='Zerg'/>
		<unitScore value='15875'/>
		<unitScore value='15875'/>
		<killScore value='42100'/>
		<buildingScore value='1380'/>
		<razingScore value='0'/>
		<mineralScore value='12050'/>
		<gasScore value='4368'/>
		<totalScore value='75773'/>
	</enemy>

	<scoreRatio value='1.54497'/>
	<timeFitness value='0.684167'/>
	<unitsAverage value='114'/>
</results>
