<results>
	<result value='win'/>
	<start value='2015-05-03.00:07:33'/>
	<end value='2015-05-03.00:08:03'/>
	<frames value='22198'/>
	<gameDuration value='1387'/>

	<player>
		<unitScore value='12025'/>
		<killScore value='20270'/>
		<buildingScore value='3475'/>
		<razingScore value='4560'/>
		<mineralScore value='16962'/>
		<gasScore value='2160'/>
		<totalScore value='59452'/>
	</player>

	<enemy>
		<race value='Zerg'/>
		<unitScore value='9125'/>
		<unitScore value='9125'/>
		<killScore value='8050'/>
		<buildingScore value='1520'/>
		<razingScore value='0'/>
		<mineralScore value='8426'/>
		<gasScore value='2384'/>
		<totalScore value='29505'/>
	</enemy>

	<scoreRatio value='2.01498'/>
	<timeFitness value='0.807361'/>
	<unitsAverage value='71'/>
</results>
