<results>
	<result value='win'/>
	<start value='2015-05-03.00:11:22'/>
	<end value='2015-05-03.00:12:11'/>
	<frames value='28181'/>
	<gameDuration value='1761'/>

	<player>
		<unitScore value='15850'/>
		<killScore value='28495'/>
		<buildingScore value='3875'/>
		<razingScore value='6975'/>
		<mineralScore value='26290'/>
		<gasScore value='2328'/>
		<totalScore value='83813'/>
	</player>

	<enemy>
		<race value='Zerg'/>
		<unitScore value='12525'/>
		<unitScore value='12525'/>
		<killScore value='10850'/>
		<buildingScore value='2325'/>
		<razingScore value='0'/>
		<mineralScore value='12518'/>
		<gasScore value='3712'/>
		<totalScore value='41930'/>
	</enemy>

	<scoreRatio value='1.99888'/>
	<timeFitness value='0.755417'/>
	<unitsAverage value='94'/>
</results>
