<results>
	<result value='win'/>
	<start value='2015-05-03.00:13:02'/>
	<end value='2015-05-03.00:13:54'/>
	<frames value='28987'/>
	<gameDuration value='1811'/>

	<player>
		<unitScore value='18325'/>
		<killScore value='22085'/>
		<buildingScore value='4300'/>
		<razingScore value='7035'/>
		<mineralScore value='25466'/>
		<gasScore value='2136'/>
		<totalScore value='79347'/>
	</player>

	<enemy>
		<race value='Zerg'/>
		<unitScore value='10725'/>
		<unitScore value='10725'/>
		<killScore value='14600'/>
		<buildingScore value='2345'/>
		<razingScore value='0'/>
		<mineralScore value='11226'/>
		<gasScore value='2840'/>
		<totalScore value='41736'/>
	</enemy>

	<scoreRatio value='1.90116'/>
	<timeFitness value='0.748472'/>
	<unitsAverage value='95'/>
</results>
