<results>
	<result value='win'/>
	<start value='2015-05-03.00:14:36'/>
	<end value='2015-05-03.00:15:25'/>
	<frames value='26321'/>
	<gameDuration value='1645'/>

	<player>
		<unitScore value='20375'/>
		<killScore value='26660'/>
		<buildingScore value='3825'/>
		<razingScore value='5280'/>
		<mineralScore value='27182'/>
		<gasScore value='2080'/>
		<totalScore value='85402'/>
	</player>

	<enemy>
		<race value='Zerg'/>
		<unitScore value='12775'/>
		<unitScore value='12775'/>
		<killScore value='18400'/>
		<buildingScore value='1760'/>
		<razingScore value='0'/>
		<mineralScore value='11650'/>
		<gasScore value='3392'/>
		<totalScore value='47977'/>
	</enemy>

	<scoreRatio value='1.78006'/>
	<timeFitness value='0.771528'/>
	<unitsAverage value='103'/>
</results>
