<results>
	<result value='win'/>
	<start value='2015-05-03.00:18:20'/>
	<end value='2015-05-03.00:18:48'/>
	<frames value='21547'/>
	<gameDuration value='1346'/>

	<player>
		<unitScore value='11250'/>
		<killScore value='19620'/>
		<buildingScore value='2850'/>
		<razingScore value='4560'/>
		<mineralScore value='16386'/>
		<gasScore value='2120'/>
		<totalScore value='56786'/>
	</player>

	<enemy>
		<race value='Zerg'/>
		<unitScore value='9150'/>
		<unitScore value='9150'/>
		<killScore value='8750'/>
		<buildingScore value='1520'/>
		<razingScore value='0'/>
		<mineralScore value='8450'/>
		<gasScore value='2392'/>
		<totalScore value='30262'/>
	</enemy>

	<scoreRatio value='1.87648'/>
	<timeFitness value='0.813056'/>
	<unitsAverage value='66'/>
</results>
