<results>
	<result value='loss'/>
	<start value='2014-07-09.21:56:24'/>
	<end value='2014-07-09.21:56:45'/>
	<frames value='37884'/>
	<gameDuration value='2367'/>

	<player>
		<unitScore value='17375'/>
		<killScore value='13700'/>
		<buildingScore value='2125'/>
		<razingScore value='0'/>
		<mineralScore value='19330'/>
		<gasScore value='2320'/>
		<totalScore value='54850'/>
	</player>

	<enemy>
		<race value='Protoss'/>
		<unitScore value='23625'/>
		<unitScore value='23625'/>
		<killScore value='34750'/>
		<buildingScore value='7625'/>
		<razingScore value='6375'/>
		<mineralScore value='25530'/>
		<gasScore value='9710'/>
		<totalScore value='107615'/>
	</enemy>

	<scoreRatio value='0.509687'/>
</results>
