<results>
	<result value='win'/>
	<start value='2014-07-09.22:02:40'/>
	<end value='2014-07-09.22:03:06'/>
	<frames value='30599'/>
	<gameDuration value='1912'/>

	<player>
		<unitScore value='18900'/>
		<killScore value='28800'/>
		<buildingScore value='4600'/>
		<razingScore value='13275'/>
		<mineralScore value='30714'/>
		<gasScore value='3344'/>
		<totalScore value='99633'/>
	</player>

	<enemy>
		<race value='Protoss'/>
		<unitScore value='15800'/>
		<unitScore value='15800'/>
		<killScore value='15700'/>
		<buildingScore value='4425'/>
		<razingScore value='150'/>
		<mineralScore value='14510'/>
		<gasScore value='4168'/>
		<totalScore value='54753'/>
	</enemy>

	<scoreRatio value='1.81968'/>
</results>
