<results>
	<result value='loss'/>
	<start value='2014-07-09.22:04:20'/>
	<end value='2014-07-09.22:04:27'/>
	<frames value='17145'/>
	<gameDuration value='1071'/>

	<player>
		<unitScore value='4700'/>
		<killScore value='800'/>
		<buildingScore value='1675'/>
		<razingScore value='0'/>
		<mineralScore value='7058'/>
		<gasScore value='976'/>
		<totalScore value='15209'/>
	</player>

	<enemy>
		<race value='Protoss'/>
		<unitScore value='4325'/>
		<unitScore value='4325'/>
		<killScore value='9400'/>
		<buildingScore value='3425'/>
		<razingScore value='5025'/>
		<mineralScore value='8978'/>
		<gasScore value='2072'/>
		<totalScore value='33225'/>
	</enemy>

	<scoreRatio value='0.457758'/>
</results>
