<results>
	<result value='loss'/>
	<start value='2014-07-09.22:09:48'/>
	<end value='2014-07-09.22:10:03'/>
	<frames value='31560'/>
	<gameDuration value='1972'/>

	<player>
		<unitScore value='10200'/>
		<killScore value='6000'/>
		<buildingScore value='2850'/>
		<razingScore value='0'/>
		<mineralScore value='13922'/>
		<gasScore value='2336'/>
		<totalScore value='35308'/>
	</player>

	<enemy>
		<race value='Protoss'/>
		<unitScore value='16050'/>
		<unitScore value='16050'/>
		<killScore value='20150'/>
		<buildingScore value='6025'/>
		<razingScore value='8550'/>
		<mineralScore value='19650'/>
		<gasScore value='7368'/>
		<totalScore value='77793'/>
	</enemy>

	<scoreRatio value='0.453871'/>
</results>
