<results>
	<result value='draw'/>
	<start value='2014-07-09.22:13:12'/>
	<end value='2014-07-09.22:14:21'/>
	<frames value='57601'/>
	<gameDuration value='3600'/>

	<player>
		<unitScore value='25950'/>
		<killScore value='27900'/>
		<buildingScore value='5500'/>
		<razingScore value='17175'/>
		<mineralScore value='42806'/>
		<gasScore value='7122'/>
		<totalScore value='126453'/>
	</player>

	<enemy>
		<race value='Protoss'/>
		<unitScore value='15350'/>
		<unitScore value='15350'/>
		<killScore value='26950'/>
		<buildingScore value='7000'/>
		<razingScore value='2550'/>
		<mineralScore value='20198'/>
		<gasScore value='9422'/>
		<totalScore value='81470'/>
	</enemy>

	<scoreRatio value='1.55214'/>
</results>
