<results>
	<result value='win'/>
	<start value='2015-07-12.16:50:35'/>
	<end value='2015-07-12.16:50:44'/>
	<frames value='16587'/>
	<gameDuration value='1036'/>

	<player>
		<unitScore value='5900'/>
		<killScore value='9000'/>
		<buildingScore value='2225'/>
		<razingScore value='3825'/>
		<mineralScore value='9042'/>
		<gasScore value='1344'/>
		<totalScore value='31336'/>
	</player>

	<enemy>
		<race value='Terran'/>
		<unitScore value='4500'/>
		<killScore value='2800'/>
		<buildingScore value='1275'/>
		<razingScore value='1500'/>
		<mineralScore value='6434'/>
		<gasScore value='1488'/>
		<totalScore value='17997'/>
	</enemy>

	<scoreRatio value='1.74118'/>
	<timeFitness value='0.856111'/>
	<unitsAverage value='45'/>
</results>
