<results>
	<result value='loss'/>
	<start value='2015-07-12.16:52:43'/>
	<end value='2015-07-12.16:52:53'/>
	<frames value='19408'/>
	<gameDuration value='1213'/>

	<player>
		<unitScore value='6875'/>
		<killScore value='2850'/>
		<buildingScore value='2125'/>
		<razingScore value='0'/>
		<mineralScore value='7626'/>
		<gasScore value='1072'/>
		<totalScore value='20548'/>
	</player>

	<enemy>
		<race value='Terran'/>
		<unitScore value='7125'/>
		<killScore value='13750'/>
		<buildingScore value='2850'/>
		<razingScore value='6375'/>
		<mineralScore value='9042'/>
		<gasScore value='3152'/>
		<totalScore value='42294'/>
	</enemy>

	<scoreRatio value='0.485837'/>
	<timeFitness value='0.168472'/>
	<unitsAverage value='31'/>
</results>
