<results>
	<result value='loss'/>
	<start value='2014-07-12.19:45:29'/>
	<end value='2014-07-12.19:45:32'/>
	<frames value='7659'/>
	<gameDuration value='478'/>

	<player>
		<unitScore value='950'/>
		<killScore value='100'/>
		<buildingScore value='675'/>
		<razingScore value='0'/>
		<mineralScore value='1474'/>
		<gasScore value='72'/>
		<totalScore value='3271'/>
	</player>

	<enemy>
		<race value='Zerg'/>
		<unitScore value='1250'/>
		<unitScore value='1250'/>
		<killScore value='1800'/>
		<buildingScore value='780'/>
		<razingScore value='2250'/>
		<mineralScore value='2106'/>
		<gasScore value='40'/>
		<totalScore value='8226'/>
	</enemy>

	<scoreRatio value='0.397642'/>
</results>
