<results>
	<result value='win'/>
	<start value='2014-07-12.19:48:32'/>
	<end value='2014-07-12.19:48:57'/>
	<frames value='28150'/>
	<gameDuration value='1759'/>

	<player>
		<unitScore value='17625'/>
		<killScore value='25080'/>
		<buildingScore value='3150'/>
		<razingScore value='5535'/>
		<mineralScore value='21354'/>
		<gasScore value='2648'/>
		<totalScore value='75392'/>
	</player>

	<enemy>
		<race value='Zerg'/>
		<unitScore value='11125'/>
		<unitScore value='11125'/>
		<killScore value='14400'/>
		<buildingScore value='1845'/>
		<razingScore value='0'/>
		<mineralScore value='9986'/>
		<gasScore value='2696'/>
		<totalScore value='40052'/>
	</enemy>

	<scoreRatio value='1.88235'/>
</results>
