<results>
	<result value='win'/>
	<start value='2015-04-26.03:36:25'/>
	<end value='2015-04-26.03:36:45'/>
	<frames value='25391'/>
	<gameDuration value='1586'/>

	<player>
		<unitScore value='13350'/>
		<killScore value='24650'/>
		<buildingScore value='3550'/>
		<razingScore value='9000'/>
		<mineralScore value='17710'/>
		<gasScore value='2056'/>
		<totalScore value='70316'/>
	</player>

	<enemy>
		<race value='Terran'/>
		<unitScore value='12325'/>
		<unitScore value='12325'/>
		<killScore value='10100'/>
		<buildingScore value='3000'/>
		<razingScore value='375'/>
		<mineralScore value='10826'/>
		<gasScore value='4528'/>
		<totalScore value='41154'/>
	</enemy>

	<scoreRatio value='1.70861'/>
</results>
