<results>
	<result value='win'/>
	<start value='2015-04-09.14:37:04'/>
	<end value='2015-04-09.14:37:39'/>
	<frames value='31901'/>
	<gameDuration value='1993'/>

	<player>
		<unitScore value='17925'/>
		<killScore value='22850'/>
		<buildingScore value='4250'/>
		<razingScore value='16575'/>
		<mineralScore value='29978'/>
		<gasScore value='2736'/>
		<totalScore value='94314'/>
	</player>

	<enemy>
		<race value='Protoss'/>
		<unitScore value='12350'/>
		<unitScore value='12350'/>
		<killScore value='12700'/>
		<buildingScore value='5525'/>
		<razingScore value='300'/>
		<mineralScore value='14878'/>
		<gasScore value='4416'/>
		<totalScore value='50169'/>
	</enemy>

	<scoreRatio value='1.87993'/>
</results>
