<results>
	<result value='loss'/>
	<start value='2015-04-16.18:12:24'/>
	<end value='2015-04-16.18:13:44'/>
	<frames value='46285'/>
	<gameDuration value='2892'/>

	<player>
		<unitScore value='22350'/>
		<killScore value='32650'/>
		<buildingScore value='2175'/>
		<razingScore value='300'/>
		<mineralScore value='24026'/>
		<gasScore value='4974'/>
		<totalScore value='86475'/>
	</player>

	<enemy>
		<race value='Protoss'/>
		<unitScore value='38105'/>
		<unitScore value='38105'/>
		<killScore value='44700'/>
		<buildingScore value='8025'/>
		<razingScore value='6525'/>
		<mineralScore value='32318'/>
		<gasScore value='13320'/>
		<totalScore value='142993'/>
	</enemy>

	<scoreRatio value='0.60475'/>
</results>
