<results>
	<result value='loss'/>
	<start value='2015-05-08.11:47:54'/>
	<end value='2015-05-08.11:48:13'/>
	<frames value='18509'/>
	<gameDuration value='1156'/>

	<player>
		<unitScore value='5650'/>
		<killScore value='550'/>
		<buildingScore value='2075'/>
		<razingScore value='0'/>
		<mineralScore value='8066'/>
		<gasScore value='552'/>
		<totalScore value='16893'/>
	</player>

	<enemy>
		<race value='Terran'/>
		<unitScore value='6825'/>
		<unitScore value='6825'/>
		<killScore value='11300'/>
		<buildingScore value='2800'/>
		<razingScore value='6225'/>
		<mineralScore value='8394'/>
		<gasScore value='2976'/>
		<totalScore value='38520'/>
	</enemy>

	<scoreRatio value='0.438551'/>
	<timeFitness value='0.160556'/>
	<unitsAverage value='33'/>
</results>
