<results>
	<result value='loss'/>
	<start value='2015-05-08.11:54:11'/>
	<end value='2015-05-08.11:54:31'/>
	<frames value='20245'/>
	<gameDuration value='1265'/>

	<player>
		<unitScore value='5300'/>
		<killScore value='3950'/>
		<buildingScore value='2400'/>
		<razingScore value='0'/>
		<mineralScore value='7490'/>
		<gasScore value='840'/>
		<totalScore value='19980'/>
	</player>

	<enemy>
		<race value='Terran'/>
		<unitScore value='7725'/>
		<unitScore value='7725'/>
		<killScore value='10600'/>
		<buildingScore value='2925'/>
		<razingScore value='7200'/>
		<mineralScore value='9218'/>
		<gasScore value='3704'/>
		<totalScore value='41372'/>
	</enemy>

	<scoreRatio value='0.482935'/>
	<timeFitness value='0.175694'/>
	<unitsAverage value='29'/>
</results>
