<results>
	<result value='loss'/>
	<start value='2015-05-08.12:03:04'/>
	<end value='2015-05-08.12:03:19'/>
	<frames value='17362'/>
	<gameDuration value='1085'/>

	<player>
		<unitScore value='3050'/>
		<killScore value='800'/>
		<buildingScore value='1375'/>
		<razingScore value='0'/>
		<mineralScore value='4370'/>
		<gasScore value='968'/>
		<totalScore value='10563'/>
	</player>

	<enemy>
		<race value='Terran'/>
		<unitScore value='6400'/>
		<unitScore value='6400'/>
		<killScore value='6100'/>
		<buildingScore value='2700'/>
		<razingScore value='4125'/>
		<mineralScore value='7922'/>
		<gasScore value='2584'/>
		<totalScore value='29831'/>
	</enemy>

	<scoreRatio value='0.354095'/>
	<timeFitness value='0.150694'/>
	<unitsAverage value='18'/>
</results>
