<results>
	<result value='win'/>
	<start value='2015-07-07.17:34:54'/>
	<end value='2015-07-07.17:35:37'/>
	<frames value='25360'/>
	<gameDuration value='1585'/>

	<player>
		<unitScore value='16975'/>
		<killScore value='16700'/>
		<buildingScore value='4225'/>
		<razingScore value='5250'/>
		<mineralScore value='20230'/>
		<gasScore value='2664'/>
		<totalScore value='66044'/>
	</player>

	<enemy>
		<race value='Terran'/>
		<unitScore value='8350'/>
		<killScore value='13800'/>
		<buildingScore value='1750'/>
		<razingScore value='0'/>
		<mineralScore value='10882'/>
		<gasScore value='2888'/>
		<totalScore value='37670'/>
	</enemy>

	<scoreRatio value='1.75323'/>
	<timeFitness value='0.779861'/>
	<unitsAverage value='76'/>
</results>
