<results>
	<result value='draw'/>
	<start value='2015-04-17.01:22:23'/>
	<end value='2015-04-17.01:25:00'/>
	<frames value='57601'/>
	<gameDuration value='3600'/>

	<player>
		<unitScore value='29850'/>
		<killScore value='47550'/>
		<buildingScore value='4150'/>
		<razingScore value='17025'/>
		<mineralScore value='34846'/>
		<gasScore value='4864'/>
		<totalScore value='138285'/>
	</player>

	<enemy>
		<race value='Protoss'/>
		<unitScore value='28375'/>
		<unitScore value='28375'/>
		<killScore value='33250'/>
		<buildingScore value='7350'/>
		<razingScore value='225'/>
		<mineralScore value='27558'/>
		<gasScore value='10602'/>
		<totalScore value='107360'/>
	</enemy>

	<scoreRatio value='1.28805'/>
</results>
