<results>
	<result value='loss'/>
	<start value='2014-07-01.12:27:46'/>
	<end value='2014-07-01.12:27:55'/>
	<frames value='18571'/>
	<gameDuration value='1160'/>

	<player>
		<unitScore value='4125'/>
		<killScore value='1600'/>
		<buildingScore value='1725'/>
		<razingScore value='0'/>
		<mineralScore value='6378'/>
		<gasScore value='936'/>
		<totalScore value='14764'/>
	</player>

	<enemy>
		<race value='Protoss'/>
		<unitScore value='4275'/>
		<unitScore value='4275'/>
		<killScore value='8250'/>
		<buildingScore value='4225'/>
		<razingScore value='5175'/>
		<mineralScore value='9506'/>
		<gasScore value='2512'/>
		<totalScore value='33943'/>
	</enemy>

	<scoreRatio value='0.434965'/>
</results>
