<results>
	<result value='win'/>
	<start value='2015-05-16.20:15:45'/>
	<end value='2015-05-16.20:16:41'/>
	<frames value='39124'/>
	<gameDuration value='2445'/>

	<player>
		<unitScore value='20475'/>
		<killScore value='27080'/>
		<buildingScore value='5475'/>
		<razingScore value='8040'/>
		<mineralScore value='31274'/>
		<gasScore value='4048'/>
		<totalScore value='96392'/>
	</player>

	<enemy>
		<race value='Zerg'/>
		<unitScore value='12700'/>
		<unitScore value='12700'/>
		<killScore value='16600'/>
		<buildingScore value='2680'/>
		<razingScore value='2025'/>
		<mineralScore value='13438'/>
		<gasScore value='4480'/>
		<totalScore value='51923'/>
	</enemy>

	<scoreRatio value='1.85644'/>
	<timeFitness value='0.660417'/>
	<unitsAverage value='119'/>
</results>
