<results>
	<result value='loss'/>
	<start value='2015-07-19.14:05:41'/>
	<end value='2015-07-19.14:06:40'/>
	<frames value='32955'/>
	<gameDuration value='2059'/>

	<player>
		<unitScore value='18150'/>
		<killScore value='23250'/>
		<buildingScore value='3550'/>
		<razingScore value='0'/>
		<mineralScore value='31434'/>
		<gasScore value='2192'/>
		<totalScore value='78576'/>
	</player>

	<enemy>
		<race value='Zerg'/>
		<unitScore value='14900'/>
		<killScore value='36200'/>
		<buildingScore value='2110'/>
		<razingScore value='10650'/>
		<mineralScore value='16638'/>
		<gasScore value='7384'/>
		<totalScore value='87882'/>
	</enemy>

	<scoreRatio value='0.894108'/>
	<timeFitness value='0.285972'/>
	<unitsAverage value='72'/>
</results>
