<results>
	<result value='loss'/>
	<start value='2015-07-19.14:06:48'/>
	<end value='2015-07-19.14:07:37'/>
	<frames value='27158'/>
	<gameDuration value='1697'/>

	<player>
		<unitScore value='13800'/>
		<killScore value='8075'/>
		<buildingScore value='3275'/>
		<razingScore value='0'/>
		<mineralScore value='24914'/>
		<gasScore value='2112'/>
		<totalScore value='52176'/>
	</player>

	<enemy>
		<race value='Zerg'/>
		<unitScore value='15275'/>
		<killScore value='26400'/>
		<buildingScore value='3255'/>
		<razingScore value='9825'/>
		<mineralScore value='16274'/>
		<gasScore value='4720'/>
		<totalScore value='75749'/>
	</enemy>

	<scoreRatio value='0.688801'/>
	<timeFitness value='0.235694'/>
	<unitsAverage value='71'/>
</results>
