<results>
	<result value='draw'/>
	<start value='2015-07-19.14:12:48'/>
	<end value='2015-07-19.14:16:16'/>
	<frames value='57601'/>
	<gameDuration value='3600'/>

	<player>
		<unitScore value='40850'/>
		<killScore value='29875'/>
		<buildingScore value='3850'/>
		<razingScore value='0'/>
		<mineralScore value='33494'/>
		<gasScore value='10354'/>
		<totalScore value='118423'/>
	</player>

	<enemy>
		<race value='Zerg'/>
		<unitScore value='29525'/>
		<killScore value='65150'/>
		<buildingScore value='4135'/>
		<razingScore value='3075'/>
		<mineralScore value='29446'/>
		<gasScore value='11828'/>
		<totalScore value='143159'/>
	</enemy>

	<scoreRatio value='0.827213'/>
	<timeFitness value='0.5'/>
	<unitsAverage value='131'/>
</results>
