<results>
	<result value='draw'/>
	<start value='2015-07-19.14:25:24'/>
	<end value='2015-07-19.14:27:17'/>
	<frames value='57601'/>
	<gameDuration value='3600'/>

	<player>
		<unitScore value='40575'/>
		<killScore value='22750'/>
		<buildingScore value='3325'/>
		<razingScore value='1500'/>
		<mineralScore value='31382'/>
		<gasScore value='8378'/>
		<totalScore value='107910'/>
	</player>

	<enemy>
		<race value='Zerg'/>
		<unitScore value='30850'/>
		<killScore value='69800'/>
		<buildingScore value='4635'/>
		<razingScore value='2175'/>
		<mineralScore value='31462'/>
		<gasScore value='11202'/>
		<totalScore value='150124'/>
	</enemy>

	<scoreRatio value='0.718806'/>
	<timeFitness value='0.5'/>
	<unitsAverage value='87'/>
</results>
