<results>
	<result value='loss'/>
	<start value='2015-07-19.14:30:24'/>
	<end value='2015-07-19.14:30:31'/>
	<frames value='8992'/>
	<gameDuration value='562'/>

	<player>
		<unitScore value='950'/>
		<killScore value='200'/>
		<buildingScore value='625'/>
		<razingScore value='0'/>
		<mineralScore value='1274'/>
		<gasScore value='8'/>
		<totalScore value='3057'/>
	</player>

	<enemy>
		<race value='Zerg'/>
		<unitScore value='1600'/>
		<killScore value='1800'/>
		<buildingScore value='980'/>
		<razingScore value='1875'/>
		<mineralScore value='2642'/>
		<gasScore value='192'/>
		<totalScore value='9089'/>
	</enemy>

	<scoreRatio value='0.336341'/>
	<timeFitness value='0.0780556'/>
	<unitsAverage value='8'/>
</results>
