<results>
	<result value='loss'/>
	<start value='2015-07-19.14:40:21'/>
	<end value='2015-07-19.14:41:02'/>
	<frames value='24647'/>
	<gameDuration value='1540'/>

	<player>
		<unitScore value='13450'/>
		<killScore value='5300'/>
		<buildingScore value='3025'/>
		<razingScore value='0'/>
		<mineralScore value='22654'/>
		<gasScore value='1608'/>
		<totalScore value='46037'/>
	</player>

	<enemy>
		<race value='Zerg'/>
		<unitScore value='11550'/>
		<killScore value='25550'/>
		<buildingScore value='3005'/>
		<razingScore value='9075'/>
		<mineralScore value='13050'/>
		<gasScore value='3856'/>
		<totalScore value='66086'/>
	</enemy>

	<scoreRatio value='0.696623'/>
	<timeFitness value='0.213889'/>
	<unitsAverage value='63'/>
</results>
