<results>
	<result value='loss'/>
	<start value='2015-04-14.17:16:54'/>
	<end value='2015-04-14.17:17:06'/>
	<frames value='14882'/>
	<gameDuration value='930'/>

	<player>
		<unitScore value='2450'/>
		<killScore value='200'/>
		<buildingScore value='1525'/>
		<razingScore value='0'/>
		<mineralScore value='4058'/>
		<gasScore value='528'/>
		<totalScore value='8761'/>
	</player>

	<enemy>
		<race value='Protoss'/>
		<unitScore value='3550'/>
		<unitScore value='3550'/>
		<killScore value='4900'/>
		<buildingScore value='2425'/>
		<razingScore value='4575'/>
		<mineralScore value='7498'/>
		<gasScore value='1272'/>
		<totalScore value='24220'/>
	</enemy>

	<scoreRatio value='0.361726'/>
</results>
