<results>
	<result value='loss'/>
	<start value='2015-04-11.18:06:08'/>
	<end value='2015-04-11.18:06:23'/>
	<frames value='18323'/>
	<gameDuration value='1145'/>

	<player>
		<unitScore value='2800'/>
		<killScore value='1800'/>
		<buildingScore value='1600'/>
		<razingScore value='0'/>
		<mineralScore value='4522'/>
		<gasScore value='624'/>
		<totalScore value='11346'/>
	</player>

	<enemy>
		<race value='Protoss'/>
		<unitScore value='3800'/>
		<unitScore value='3800'/>
		<killScore value='5600'/>
		<buildingScore value='4475'/>
		<razingScore value='4800'/>
		<mineralScore value='10274'/>
		<gasScore value='1840'/>
		<totalScore value='30789'/>
	</enemy>

	<scoreRatio value='0.368508'/>
</results>
