<results>
	<result value='draw'/>
	<start value='2015-04-11.18:07:53'/>
	<end value='2015-04-11.18:10:18'/>
	<frames value='57601'/>
	<gameDuration value='3600'/>

	<player>
		<unitScore value='32775'/>
		<killScore value='59650'/>
		<buildingScore value='3600'/>
		<razingScore value='21825'/>
		<mineralScore value='34534'/>
		<gasScore value='7200'/>
		<totalScore value='159584'/>
	</player>

	<enemy>
		<race value='Protoss'/>
		<unitScore value='34500'/>
		<unitScore value='34500'/>
		<killScore value='48950'/>
		<buildingScore value='7400'/>
		<razingScore value='150'/>
		<mineralScore value='28454'/>
		<gasScore value='10442'/>
		<totalScore value='129896'/>
	</enemy>

	<scoreRatio value='1.22855'/>
</results>
