<results>
	<result value='loss'/>
	<start value='2015-05-07.06:05:58'/>
	<end value='2015-05-07.06:06:06'/>
	<frames value='15657'/>
	<gameDuration value='978'/>

	<player>
		<unitScore value='3825'/>
		<killScore value='3300'/>
		<buildingScore value='1550'/>
		<razingScore value='525'/>
		<mineralScore value='5410'/>
		<gasScore value='632'/>
		<totalScore value='15242'/>
	</player>

	<enemy>
		<race value='Protoss'/>
		<unitScore value='4150'/>
		<unitScore value='4150'/>
		<killScore value='7400'/>
		<buildingScore value='2575'/>
		<razingScore value='4650'/>
		<mineralScore value='8058'/>
		<gasScore value='1296'/>
		<totalScore value='28129'/>
	</enemy>

	<scoreRatio value='0.541861'/>
	<timeFitness value='0.135833'/>
	<unitsAverage value='28'/>
</results>
