<results>
	<result value='win'/>
	<start value='2015-04-27.02:00:33'/>
	<end value='2015-04-27.02:00:51'/>
	<frames value='24399'/>
	<gameDuration value='1524'/>

	<player>
		<unitScore value='11275'/>
		<killScore value='14000'/>
		<buildingScore value='3150'/>
		<razingScore value='7050'/>
		<mineralScore value='15186'/>
		<gasScore value='2624'/>
		<totalScore value='53285'/>
	</player>

	<enemy>
		<race value='Terran'/>
		<unitScore value='7300'/>
		<unitScore value='7300'/>
		<killScore value='10900'/>
		<buildingScore value='2350'/>
		<razingScore value='3675'/>
		<mineralScore value='8522'/>
		<gasScore value='2488'/>
		<totalScore value='35235'/>
	</enemy>

	<scoreRatio value='1.51227'/>
</results>
