<results>
	<result value='win'/>
	<start value='2015-04-27.02:02:27'/>
	<end value='2015-04-27.02:03:09'/>
	<frames value='44642'/>
	<gameDuration value='2790'/>

	<player>
		<unitScore value='17725'/>
		<killScore value='31350'/>
		<buildingScore value='5425'/>
		<razingScore value='11925'/>
		<mineralScore value='27382'/>
		<gasScore value='4616'/>
		<totalScore value='98423'/>
	</player>

	<enemy>
		<race value='Terran'/>
		<unitScore value='16475'/>
		<unitScore value='16475'/>
		<killScore value='15650'/>
		<buildingScore value='3975'/>
		<razingScore value='4200'/>
		<mineralScore value='15370'/>
		<gasScore value='7610'/>
		<totalScore value='63280'/>
	</enemy>

	<scoreRatio value='1.55536'/>
</results>
