<results>
	<result value='win'/>
	<start value='2015-04-27.02:09:54'/>
	<end value='2015-04-27.02:10:23'/>
	<frames value='30599'/>
	<gameDuration value='1912'/>

	<player>
		<unitScore value='19825'/>
		<killScore value='26000'/>
		<buildingScore value='3950'/>
		<razingScore value='10125'/>
		<mineralScore value='25810'/>
		<gasScore value='2520'/>
		<totalScore value='88230'/>
	</player>

	<enemy>
		<race value='Terran'/>
		<unitScore value='13400'/>
		<unitScore value='13400'/>
		<killScore value='21400'/>
		<buildingScore value='3375'/>
		<razingScore value='825'/>
		<mineralScore value='12042'/>
		<gasScore value='5402'/>
		<totalScore value='56444'/>
	</enemy>

	<scoreRatio value='1.56314'/>
</results>
