<results>
	<result value='loss'/>
	<start value='2015-05-22.02:24:45'/>
	<end value='2015-05-22.02:24:52'/>
	<frames value='14944'/>
	<gameDuration value='934'/>

	<player>
		<unitScore value='2475'/>
		<killScore value='400'/>
		<buildingScore value='1475'/>
		<razingScore value='0'/>
		<mineralScore value='4010'/>
		<gasScore value='960'/>
		<totalScore value='9320'/>
	</player>

	<enemy>
		<race value='Protoss'/>
		<unitScore value='3550'/>
		<killScore value='4850'/>
		<buildingScore value='2575'/>
		<razingScore value='4425'/>
		<mineralScore value='7770'/>
		<gasScore value='1344'/>
		<totalScore value='24514'/>
	</enemy>

	<scoreRatio value='0.380191'/>
	<timeFitness value='0.129722'/>
	<unitsAverage value='20'/>
</results>
