<results>
	<result value='draw'/>
	<start value='2015-07-18.03:32:28'/>
	<end value='2015-07-18.03:34:23'/>
	<frames value='57601'/>
	<gameDuration value='3600'/>

	<player>
		<unitScore value='28775'/>
		<killScore value='14150'/>
		<buildingScore value='3775'/>
		<razingScore value='0'/>
		<mineralScore value='24554'/>
		<gasScore value='5176'/>
		<totalScore value='76430'/>
	</player>

	<enemy>
		<race value='Terran'/>
		<unitScore value='24000'/>
		<killScore value='47850'/>
		<buildingScore value='4275'/>
		<razingScore value='3450'/>
		<mineralScore value='19550'/>
		<gasScore value='11626'/>
		<totalScore value='110751'/>
	</enemy>

	<scoreRatio value='0.690107'/>
	<timeFitness value='0.5'/>
	<unitsAverage value='73'/>
</results>
