<results>
	<result value='win'/>
	<start value='2014-07-04.02:13:17'/>
	<end value='2014-07-04.02:14:10'/>
	<frames value='46192'/>
	<gameDuration value='2887'/>

	<player>
		<unitScore value='31125'/>
		<killScore value='31150'/>
		<buildingScore value='4150'/>
		<razingScore value='18150'/>
		<mineralScore value='33658'/>
		<gasScore value='4384'/>
		<totalScore value='122617'/>
	</player>

	<enemy>
		<race value='Protoss'/>
		<unitScore value='15925'/>
		<unitScore value='15925'/>
		<killScore value='42600'/>
		<buildingScore value='6050'/>
		<razingScore value='1500'/>
		<mineralScore value='23810'/>
		<gasScore value='8544'/>
		<totalScore value='98429'/>
	</enemy>

	<scoreRatio value='1.24574'/>
</results>
