<results>
	<result value='loss'/>
	<start value='2014-07-04.02:17:25'/>
	<end value='2014-07-04.02:17:35'/>
	<frames value='17827'/>
	<gameDuration value='1114'/>

	<player>
		<unitScore value='4125'/>
		<killScore value='800'/>
		<buildingScore value='1825'/>
		<razingScore value='0'/>
		<mineralScore value='6706'/>
		<gasScore value='624'/>
		<totalScore value='14080'/>
	</player>

	<enemy>
		<race value='Protoss'/>
		<unitScore value='3950'/>
		<unitScore value='3950'/>
		<killScore value='7750'/>
		<buildingScore value='4125'/>
		<razingScore value='5475'/>
		<mineralScore value='9194'/>
		<gasScore value='2080'/>
		<totalScore value='32574'/>
	</enemy>

	<scoreRatio value='0.432247'/>
</results>
