<results>
	<result value='loss'/>
	<start value='2015-07-21.05:54:34'/>
	<end value='2015-07-21.05:54:59'/>
	<frames value='23996'/>
	<gameDuration value='1499'/>

	<player>
		<unitScore value='9400'/>
		<killScore value='5200'/>
		<buildingScore value='3350'/>
		<razingScore value='0'/>
		<mineralScore value='15250'/>
		<gasScore value='1096'/>
		<totalScore value='34296'/>
	</player>

	<enemy>
		<race value='Zerg'/>
		<unitScore value='9075'/>
		<killScore value='18200'/>
		<buildingScore value='2995'/>
		<razingScore value='10050'/>
		<mineralScore value='11842'/>
		<gasScore value='4016'/>
		<totalScore value='56178'/>
	</enemy>

	<scoreRatio value='0.610488'/>
	<timeFitness value='0.208194'/>
	<unitsAverage value='46'/>
</results>
