<results>
	<result value='loss'/>
	<start value='2015-07-21.06:00:32'/>
	<end value='2015-07-21.06:01:13'/>
	<frames value='31467'/>
	<gameDuration value='1966'/>

	<player>
		<unitScore value='15450'/>
		<killScore value='16675'/>
		<buildingScore value='3125'/>
		<razingScore value='240'/>
		<mineralScore value='23710'/>
		<gasScore value='2216'/>
		<totalScore value='61416'/>
	</player>

	<enemy>
		<race value='Zerg'/>
		<unitScore value='21700'/>
		<killScore value='29850'/>
		<buildingScore value='3790'/>
		<razingScore value='9375'/>
		<mineralScore value='19746'/>
		<gasScore value='6576'/>
		<totalScore value='91037'/>
	</enemy>

	<scoreRatio value='0.674627'/>
	<timeFitness value='0.273056'/>
	<unitsAverage value='69'/>
</results>
