<results>
	<result value='loss'/>
	<start value='2015-04-11.17:13:30'/>
	<end value='2015-04-11.17:15:01'/>
	<frames value='50253'/>
	<gameDuration value='3140'/>

	<player>
		<unitScore value='22150'/>
		<killScore value='47100'/>
		<buildingScore value='2625'/>
		<razingScore value='1500'/>
		<mineralScore value='23986'/>
		<gasScore value='5220'/>
		<totalScore value='102581'/>
	</player>

	<enemy>
		<race value='Protoss'/>
		<unitScore value='43690'/>
		<unitScore value='43690'/>
		<killScore value='44050'/>
		<buildingScore value='7975'/>
		<razingScore value='7875'/>
		<mineralScore value='36038'/>
		<gasScore value='14328'/>
		<totalScore value='153956'/>
	</enemy>

	<scoreRatio value='0.666301'/>
</results>
