<results>
	<result value='loss'/>
	<start value='2015-05-11.21:32:07'/>
	<end value='2015-05-11.21:32:56'/>
	<frames value='49571'/>
	<gameDuration value='3098'/>

	<player>
		<unitScore value='23475'/>
		<killScore value='39900'/>
		<buildingScore value='2250'/>
		<razingScore value='1500'/>
		<mineralScore value='23994'/>
		<gasScore value='5126'/>
		<totalScore value='96245'/>
	</player>

	<enemy>
		<race value='Protoss'/>
		<unitScore value='40400'/>
		<unitScore value='40400'/>
		<killScore value='46950'/>
		<buildingScore value='7975'/>
		<razingScore value='6750'/>
		<mineralScore value='35010'/>
		<gasScore value='13796'/>
		<totalScore value='150881'/>
	</enemy>

	<scoreRatio value='0.637887'/>
	<timeFitness value='0.430278'/>
	<unitsAverage value='79'/>
</results>
