<results>
	<result value='loss'/>
	<start value='2015-05-11.21:35:42'/>
	<end value='2015-05-11.21:35:51'/>
	<frames value='17610'/>
	<gameDuration value='1100'/>

	<player>
		<unitScore value='3925'/>
		<killScore value='1600'/>
		<buildingScore value='1525'/>
		<razingScore value='0'/>
		<mineralScore value='5450'/>
		<gasScore value='664'/>
		<totalScore value='13164'/>
	</player>

	<enemy>
		<race value='Protoss'/>
		<unitScore value='4600'/>
		<unitScore value='4600'/>
		<killScore value='7850'/>
		<buildingScore value='4025'/>
		<razingScore value='4575'/>
		<mineralScore value='9114'/>
		<gasScore value='2072'/>
		<totalScore value='32236'/>
	</enemy>

	<scoreRatio value='0.408363'/>
	<timeFitness value='0.152778'/>
	<unitsAverage value='22'/>
</results>
