<results>
	<result value='loss'/>
	<start value='2015-05-11.21:35:55'/>
	<end value='2015-05-11.21:36:52'/>
	<frames value='50501'/>
	<gameDuration value='3156'/>

	<player>
		<unitScore value='22875'/>
		<killScore value='39800'/>
		<buildingScore value='2475'/>
		<razingScore value='3300'/>
		<mineralScore value='24010'/>
		<gasScore value='3552'/>
		<totalScore value='96012'/>
	</player>

	<enemy>
		<race value='Protoss'/>
		<unitScore value='31875'/>
		<unitScore value='31875'/>
		<killScore value='43000'/>
		<buildingScore value='8325'/>
		<razingScore value='7425'/>
		<mineralScore value='34970'/>
		<gasScore value='10450'/>
		<totalScore value='136045'/>
	</enemy>

	<scoreRatio value='0.705737'/>
	<timeFitness value='0.438333'/>
	<unitsAverage value='76'/>
</results>
