<results>
	<result value='loss'/>
	<start value='2015-05-02.18:36:16'/>
	<end value='2015-05-02.18:36:23'/>
	<frames value='16711'/>
	<gameDuration value='1044'/>

	<player>
		<unitScore value='4550'/>
		<killScore value='1200'/>
		<buildingScore value='1600'/>
		<razingScore value='0'/>
		<mineralScore value='6570'/>
		<gasScore value='784'/>
		<totalScore value='14704'/>
	</player>

	<enemy>
		<race value='Protoss'/>
		<unitScore value='3975'/>
		<unitScore value='3975'/>
		<killScore value='9100'/>
		<buildingScore value='3325'/>
		<razingScore value='4800'/>
		<mineralScore value='8482'/>
		<gasScore value='1896'/>
		<totalScore value='31578'/>
	</enemy>

	<scoreRatio value='0.465641'/>
	<timeFitness value='0.145'/>
	<unitsAverage value='31'/>
</results>
