<results>
	<result value='win'/>
	<start value='2015-04-08.18:42:47'/>
	<end value='2015-04-08.18:43:10'/>
	<frames value='26724'/>
	<gameDuration value='1670'/>

	<player>
		<unitScore value='15425'/>
		<killScore value='19900'/>
		<buildingScore value='3550'/>
		<razingScore value='15675'/>
		<mineralScore value='19466'/>
		<gasScore value='2608'/>
		<totalScore value='76624'/>
	</player>

	<enemy>
		<race value='Protoss'/>
		<unitScore value='10300'/>
		<unitScore value='10300'/>
		<killScore value='11900'/>
		<buildingScore value='5225'/>
		<razingScore value='0'/>
		<mineralScore value='12770'/>
		<gasScore value='3080'/>
		<totalScore value='43275'/>
	</enemy>

	<scoreRatio value='1.77063'/>
</results>
