<results>
	<result value='win'/>
	<start value='2015-05-11.13:59:45'/>
	<end value='2015-05-11.14:00:24'/>
	<frames value='33482'/>
	<gameDuration value='2092'/>

	<player>
		<unitScore value='19800'/>
		<killScore value='52205'/>
		<buildingScore value='3900'/>
		<razingScore value='6735'/>
		<mineralScore value='22802'/>
		<gasScore value='3456'/>
		<totalScore value='108898'/>
	</player>

	<enemy>
		<race value='Zerg'/>
		<unitScore value='21575'/>
		<unitScore value='21575'/>
		<killScore value='20000'/>
		<buildingScore value='2245'/>
		<razingScore value='0'/>
		<mineralScore value='18014'/>
		<gasScore value='6216'/>
		<totalScore value='68050'/>
	</enemy>

	<scoreRatio value='1.60026'/>
	<timeFitness value='0.709444'/>
	<unitsAverage value='83'/>
</results>
