<results>
	<result value='loss'/>
	<start value='2015-05-11.14:45:48'/>
	<end value='2015-05-11.14:46:46'/>
	<frames value='44580'/>
	<gameDuration value='2786'/>

	<player>
		<unitScore value='17500'/>
		<killScore value='31575'/>
		<buildingScore value='3325'/>
		<razingScore value='0'/>
		<mineralScore value='31702'/>
		<gasScore value='4632'/>
		<totalScore value='88734'/>
	</player>

	<enemy>
		<race value='Zerg'/>
		<unitScore value='32425'/>
		<unitScore value='32425'/>
		<killScore value='35000'/>
		<buildingScore value='4435'/>
		<razingScore value='9975'/>
		<mineralScore value='27638'/>
		<gasScore value='10784'/>
		<totalScore value='120257'/>
	</enemy>

	<scoreRatio value='0.73787'/>
	<timeFitness value='0.386944'/>
	<unitsAverage value='96'/>
</results>
