<results>
	<result value='win'/>
	<start value='2015-04-29.16:04:40'/>
	<end value='2015-04-29.16:05:06'/>
	<frames value='25205'/>
	<gameDuration value='1575'/>

	<player>
		<unitScore value='15300'/>
		<killScore value='23310'/>
		<buildingScore value='3775'/>
		<razingScore value='4875'/>
		<mineralScore value='21786'/>
		<gasScore value='1400'/>
		<totalScore value='70446'/>
	</player>

	<enemy>
		<race value='Zerg'/>
		<unitScore value='10600'/>
		<unitScore value='10600'/>
		<killScore value='13100'/>
		<buildingScore value='1625'/>
		<razingScore value='150'/>
		<mineralScore value='10286'/>
		<gasScore value='3304'/>
		<totalScore value='39065'/>
	</enemy>

	<scoreRatio value='1.8033'/>
</results>
