<results>
	<result value='loss'/>
	<start value='2015-04-30.21:08:25'/>
	<end value='2015-04-30.21:09:00'/>
	<frames value='37574'/>
	<gameDuration value='2348'/>

	<player>
		<unitScore value='8475'/>
		<killScore value='11100'/>
		<buildingScore value='2700'/>
		<razingScore value='0'/>
		<mineralScore value='18954'/>
		<gasScore value='3424'/>
		<totalScore value='44653'/>
	</player>

	<enemy>
		<race value='Protoss'/>
		<unitScore value='25475'/>
		<unitScore value='25475'/>
		<killScore value='16950'/>
		<buildingScore value='7475'/>
		<razingScore value='8100'/>
		<mineralScore value='25762'/>
		<gasScore value='10522'/>
		<totalScore value='94284'/>
	</enemy>

	<scoreRatio value='0.473601'/>
</results>
