<results>
	<result value='loss'/>
	<start value='2015-03-31.14:26:00'/>
	<end value='2015-03-31.14:26:07'/>
	<frames value='14231'/>
	<gameDuration value='889'/>

	<player>
		<unitScore value='2650'/>
		<killScore value='600'/>
		<buildingScore value='1575'/>
		<razingScore value='0'/>
		<mineralScore value='4434'/>
		<gasScore value='488'/>
		<totalScore value='9747'/>
	</player>

	<enemy>
		<race value='Protoss'/>
		<unitScore value='3550'/>
		<unitScore value='3550'/>
		<killScore value='5100'/>
		<buildingScore value='2175'/>
		<razingScore value='4725'/>
		<mineralScore value='7122'/>
		<gasScore value='1112'/>
		<totalScore value='23784'/>
	</enemy>

	<scoreRatio value='0.409813'/>
</results>
