<results>
	<result value='loss'/>
	<start value='2015-07-21.09:12:51'/>
	<end value='2015-07-21.09:13:35'/>
	<frames value='25701'/>
	<gameDuration value='1606'/>

	<player>
		<unitScore value='14825'/>
		<killScore value='6725'/>
		<buildingScore value='3175'/>
		<razingScore value='0'/>
		<mineralScore value='23558'/>
		<gasScore value='2080'/>
		<totalScore value='50363'/>
	</player>

	<enemy>
		<race value='Zerg'/>
		<unitScore value='12800'/>
		<killScore value='29200'/>
		<buildingScore value='3070'/>
		<razingScore value='9525'/>
		<mineralScore value='14658'/>
		<gasScore value='4304'/>
		<totalScore value='73557'/>
	</enemy>

	<scoreRatio value='0.68468'/>
	<timeFitness value='0.223056'/>
	<unitsAverage value='63'/>
</results>
