<results>
	<result value='draw'/>
	<start value='2015-07-21.09:18:47'/>
	<end value='2015-07-21.09:22:41'/>
	<frames value='57601'/>
	<gameDuration value='3600'/>

	<player>
		<unitScore value='35850'/>
		<killScore value='27585'/>
		<buildingScore value='4325'/>
		<razingScore value='1455'/>
		<mineralScore value='50642'/>
		<gasScore value='9782'/>
		<totalScore value='129639'/>
	</player>

	<enemy>
		<race value='Zerg'/>
		<unitScore value='13775'/>
		<killScore value='49200'/>
		<buildingScore value='1705'/>
		<razingScore value='0'/>
		<mineralScore value='12450'/>
		<gasScore value='6776'/>
		<totalScore value='83906'/>
	</enemy>

	<scoreRatio value='1.54505'/>
	<timeFitness value='0.5'/>
	<unitsAverage value='176'/>
</results>
