<results>
	<result value='loss'/>
	<start value='2015-07-21.09:26:10'/>
	<end value='2015-07-21.09:27:11'/>
	<frames value='31622'/>
	<gameDuration value='1976'/>

	<player>
		<unitScore value='18975'/>
		<killScore value='21750'/>
		<buildingScore value='3575'/>
		<razingScore value='0'/>
		<mineralScore value='22658'/>
		<gasScore value='2304'/>
		<totalScore value='69262'/>
	</player>

	<enemy>
		<race value='Zerg'/>
		<unitScore value='17575'/>
		<killScore value='37950'/>
		<buildingScore value='3660'/>
		<razingScore value='10725'/>
		<mineralScore value='19270'/>
		<gasScore value='6624'/>
		<totalScore value='95804'/>
	</enemy>

	<scoreRatio value='0.722955'/>
	<timeFitness value='0.274444'/>
	<unitsAverage value='71'/>
</results>
