<results>
	<result value='loss'/>
	<start value='2015-03-29.04:36:17'/>
	<end value='2015-03-29.04:36:43'/>
	<frames value='33947'/>
	<gameDuration value='2121'/>

	<player>
		<unitScore value='9350'/>
		<killScore value='11100'/>
		<buildingScore value='1550'/>
		<razingScore value='0'/>
		<mineralScore value='12186'/>
		<gasScore value='2584'/>
		<totalScore value='36770'/>
	</player>

	<enemy>
		<race value='Protoss'/>
		<unitScore value='17950'/>
		<unitScore value='17950'/>
		<killScore value='18700'/>
		<buildingScore value='6925'/>
		<razingScore value='4650'/>
		<mineralScore value='21394'/>
		<gasScore value='7848'/>
		<totalScore value='77467'/>
	</enemy>

	<scoreRatio value='0.474654'/>
</results>
