<results>
	<result value='draw'/>
	<start value='2015-04-08.23:29:17'/>
	<end value='2015-04-08.23:30:21'/>
	<frames value='57601'/>
	<gameDuration value='3600'/>

	<player>
		<unitScore value='28750'/>
		<killScore value='36000'/>
		<buildingScore value='3100'/>
		<razingScore value='9150'/>
		<mineralScore value='28318'/>
		<gasScore value='7082'/>
		<totalScore value='112400'/>
	</player>

	<enemy>
		<race value='Protoss'/>
		<unitScore value='31825'/>
		<unitScore value='31825'/>
		<killScore value='50400'/>
		<buildingScore value='8825'/>
		<razingScore value='5250'/>
		<mineralScore value='33106'/>
		<gasScore value='9404'/>
		<totalScore value='138810'/>
	</enemy>

	<scoreRatio value='0.80974'/>
</results>
