<results>
	<result value='win'/>
	<start value='2015-04-27.13:35:04'/>
	<end value='2015-04-27.13:35:45'/>
	<frames value='30599'/>
	<gameDuration value='1912'/>

	<player>
		<unitScore value='20500'/>
		<killScore value='27450'/>
		<buildingScore value='3875'/>
		<razingScore value='7350'/>
		<mineralScore value='33562'/>
		<gasScore value='3408'/>
		<totalScore value='96145'/>
	</player>

	<enemy>
		<race value='Terran'/>
		<unitScore value='13725'/>
		<unitScore value='13725'/>
		<killScore value='18000'/>
		<buildingScore value='2450'/>
		<razingScore value='0'/>
		<mineralScore value='12050'/>
		<gasScore value='4904'/>
		<totalScore value='51129'/>
	</enemy>

	<scoreRatio value='1.88044'/>
</results>
