<results>
	<result value='draw'/>
	<start value='2015-04-27.13:38:57'/>
	<end value='2015-04-27.13:40:10'/>
	<frames value='57601'/>
	<gameDuration value='3600'/>

	<player>
		<unitScore value='28300'/>
		<killScore value='37150'/>
		<buildingScore value='4125'/>
		<razingScore value='2625'/>
		<mineralScore value='41618'/>
		<gasScore value='6384'/>
		<totalScore value='120202'/>
	</player>

	<enemy>
		<race value='Terran'/>
		<unitScore value='23850'/>
		<unitScore value='23850'/>
		<killScore value='47250'/>
		<buildingScore value='4375'/>
		<razingScore value='2100'/>
		<mineralScore value='18950'/>
		<gasScore value='11080'/>
		<totalScore value='107605'/>
	</enemy>

	<scoreRatio value='1.11707'/>
</results>
