<results>
	<result value='win'/>
	<start value='2015-04-27.13:43:05'/>
	<end value='2015-04-27.13:43:18'/>
	<frames value='19284'/>
	<gameDuration value='1205'/>

	<player>
		<unitScore value='7225'/>
		<killScore value='11900'/>
		<buildingScore value='2375'/>
		<razingScore value='4350'/>
		<mineralScore value='10994'/>
		<gasScore value='1840'/>
		<totalScore value='38684'/>
	</player>

	<enemy>
		<race value='Terran'/>
		<unitScore value='5950'/>
		<unitScore value='5950'/>
		<killScore value='5950'/>
		<buildingScore value='1450'/>
		<razingScore value='1800'/>
		<mineralScore value='8706'/>
		<gasScore value='2528'/>
		<totalScore value='26384'/>
	</enemy>

	<scoreRatio value='1.46619'/>
</results>
