<results>
	<result value='loss'/>
	<start value='2015-05-07.15:19:57'/>
	<end value='2015-05-07.15:20:41'/>
	<frames value='46471'/>
	<gameDuration value='2904'/>

	<player>
		<unitScore value='23400'/>
		<killScore value='25300'/>
		<buildingScore value='2275'/>
		<razingScore value='4050'/>
		<mineralScore value='23994'/>
		<gasScore value='5290'/>
		<totalScore value='84309'/>
	</player>

	<enemy>
		<race value='Protoss'/>
		<unitScore value='30950'/>
		<unitScore value='30950'/>
		<killScore value='46800'/>
		<buildingScore value='8575'/>
		<razingScore value='6825'/>
		<mineralScore value='33394'/>
		<gasScore value='10410'/>
		<totalScore value='136954'/>
	</enemy>

	<scoreRatio value='0.615601'/>
	<timeFitness value='0.403333'/>
	<unitsAverage value='80'/>
</results>
