<results>
	<result value='loss'/>
	<start value='2015-05-07.15:20:44'/>
	<end value='2015-05-07.15:20:58'/>
	<frames value='27654'/>
	<gameDuration value='1728'/>

	<player>
		<unitScore value='2650'/>
		<killScore value='2400'/>
		<buildingScore value='1550'/>
		<razingScore value='0'/>
		<mineralScore value='4402'/>
		<gasScore value='528'/>
		<totalScore value='11530'/>
	</player>

	<enemy>
		<race value='Protoss'/>
		<unitScore value='12600'/>
		<unitScore value='12600'/>
		<killScore value='5300'/>
		<buildingScore value='6875'/>
		<razingScore value='4650'/>
		<mineralScore value='17006'/>
		<gasScore value='6320'/>
		<totalScore value='52751'/>
	</enemy>

	<scoreRatio value='0.218574'/>
	<timeFitness value='0.24'/>
	<unitsAverage value='17'/>
</results>
