<results>
	<result value='loss'/>
	<start value='2015-05-07.15:49:10'/>
	<end value='2015-05-07.15:49:20'/>
	<frames value='17393'/>
	<gameDuration value='1087'/>

	<player>
		<unitScore value='4575'/>
		<killScore value='2900'/>
		<buildingScore value='1650'/>
		<razingScore value='1050'/>
		<mineralScore value='6754'/>
		<gasScore value='800'/>
		<totalScore value='17729'/>
	</player>

	<enemy>
		<race value='Protoss'/>
		<unitScore value='4425'/>
		<unitScore value='4425'/>
		<killScore value='9150'/>
		<buildingScore value='3275'/>
		<razingScore value='4950'/>
		<mineralScore value='8842'/>
		<gasScore value='1992'/>
		<totalScore value='32634'/>
	</enemy>

	<scoreRatio value='0.543268'/>
	<timeFitness value='0.150972'/>
	<unitsAverage value='31'/>
</results>
