<results>
	<result value='loss'/>
	<start value='2015-07-14.05:53:53'/>
	<end value='2015-07-14.05:55:16'/>
	<frames value='46006'/>
	<gameDuration value='2875'/>

	<player>
		<unitScore value='25925'/>
		<killScore value='20050'/>
		<buildingScore value='3600'/>
		<razingScore value='1950'/>
		<mineralScore value='24178'/>
		<gasScore value='4216'/>
		<totalScore value='79919'/>
	</player>

	<enemy>
		<race value='Protoss'/>
		<unitScore value='30575'/>
		<killScore value='46250'/>
		<buildingScore value='8125'/>
		<razingScore value='10800'/>
		<mineralScore value='30378'/>
		<gasScore value='11786'/>
		<totalScore value='137914'/>
	</enemy>

	<scoreRatio value='0.579484'/>
	<timeFitness value='0.399306'/>
	<unitsAverage value='95'/>
</results>
