<results>
	<result value='draw'/>
	<start value='2015-07-14.05:58:14'/>
	<end value='2015-07-14.05:59:57'/>
	<frames value='57601'/>
	<gameDuration value='3600'/>

	<player>
		<unitScore value='46450'/>
		<killScore value='45700'/>
		<buildingScore value='4050'/>
		<razingScore value='8700'/>
		<mineralScore value='36030'/>
		<gasScore value='9324'/>
		<totalScore value='150254'/>
	</player>

	<enemy>
		<race value='Protoss'/>
		<unitScore value='27025'/>
		<killScore value='77250'/>
		<buildingScore value='6575'/>
		<razingScore value='2025'/>
		<mineralScore value='21542'/>
		<gasScore value='10342'/>
		<totalScore value='144759'/>
	</enemy>

	<scoreRatio value='1.03796'/>
	<timeFitness value='0.5'/>
	<unitsAverage value='112'/>
</results>
