<results>
	<result value='loss'/>
	<start value='2015-07-13.21:23:05'/>
	<end value='2015-07-13.21:23:39'/>
	<frames value='32118'/>
	<gameDuration value='2007'/>

	<player>
		<unitScore value='14700'/>
		<killScore value='5200'/>
		<buildingScore value='2950'/>
		<razingScore value='0'/>
		<mineralScore value='23666'/>
		<gasScore value='2104'/>
		<totalScore value='48620'/>
	</player>

	<enemy>
		<race value='Protoss'/>
		<unitScore value='13575'/>
		<killScore value='27500'/>
		<buildingScore value='6875'/>
		<razingScore value='8850'/>
		<mineralScore value='22114'/>
		<gasScore value='6800'/>
		<totalScore value='85714'/>
	</enemy>

	<scoreRatio value='0.567235'/>
	<timeFitness value='0.27875'/>
	<unitsAverage value='68'/>
</results>
