<results>
	<result value='loss'/>
	<start value='2015-04-07.21:46:31'/>
	<end value='2015-04-07.21:46:39'/>
	<frames value='16153'/>
	<gameDuration value='1009'/>

	<player>
		<unitScore value='2650'/>
		<killScore value='400'/>
		<buildingScore value='1750'/>
		<razingScore value='0'/>
		<mineralScore value='4930'/>
		<gasScore value='624'/>
		<totalScore value='10354'/>
	</player>

	<enemy>
		<race value='Protoss'/>
		<unitScore value='3600'/>
		<unitScore value='3600'/>
		<killScore value='5300'/>
		<buildingScore value='3475'/>
		<razingScore value='5250'/>
		<mineralScore value='8330'/>
		<gasScore value='1528'/>
		<totalScore value='27483'/>
	</enemy>

	<scoreRatio value='0.376742'/>
</results>
