<results>
	<result value='win'/>
	<start value='2014-07-04.05:09:28'/>
	<end value='2014-07-04.05:09:46'/>
	<frames value='22353'/>
	<gameDuration value='1397'/>

	<player>
		<unitScore value='10950'/>
		<killScore value='13900'/>
		<buildingScore value='3450'/>
		<razingScore value='4350'/>
		<mineralScore value='19526'/>
		<gasScore value='2456'/>
		<totalScore value='54632'/>
	</player>

	<enemy>
		<race value='Terran'/>
		<unitScore value='6950'/>
		<unitScore value='6950'/>
		<killScore value='6800'/>
		<buildingScore value='1450'/>
		<razingScore value='0'/>
		<mineralScore value='10082'/>
		<gasScore value='2696'/>
		<totalScore value='27978'/>
	</enemy>

	<scoreRatio value='1.95268'/>
</results>
