<results>
	<result value='win'/>
	<start value='2015-05-10.18:23:57'/>
	<end value='2015-05-10.18:24:24'/>
	<frames value='30754'/>
	<gameDuration value='1922'/>

	<player>
		<unitScore value='19550'/>
		<killScore value='30110'/>
		<buildingScore value='3075'/>
		<razingScore value='5580'/>
		<mineralScore value='22674'/>
		<gasScore value='2904'/>
		<totalScore value='83893'/>
	</player>

	<enemy>
		<race value='Zerg'/>
		<unitScore value='14125'/>
		<unitScore value='14125'/>
		<killScore value='24050'/>
		<buildingScore value='1860'/>
		<razingScore value='0'/>
		<mineralScore value='11430'/>
		<gasScore value='3376'/>
		<totalScore value='54841'/>
	</enemy>

	<scoreRatio value='1.52975'/>
	<timeFitness value='0.733056'/>
	<unitsAverage value='81'/>
</results>
