<results>
	<result value='win'/>
	<start value='2015-05-11.09:02:02'/>
	<end value='2015-05-11.09:02:44'/>
	<frames value='26662'/>
	<gameDuration value='1666'/>

	<player>
		<unitScore value='16825'/>
		<killScore value='18235'/>
		<buildingScore value='4775'/>
		<razingScore value='6600'/>
		<mineralScore value='23470'/>
		<gasScore value='1648'/>
		<totalScore value='71553'/>
	</player>

	<enemy>
		<race value='Zerg'/>
		<unitScore value='8650'/>
		<unitScore value='8650'/>
		<killScore value='11800'/>
		<buildingScore value='2200'/>
		<razingScore value='0'/>
		<mineralScore value='9654'/>
		<gasScore value='3080'/>
		<totalScore value='35384'/>
	</enemy>

	<scoreRatio value='2.02219'/>
	<timeFitness value='0.768611'/>
	<unitsAverage value='100'/>
</results>
