<results>
	<result value='win'/>
	<start value='2015-05-11.09:03:18'/>
	<end value='2015-05-11.09:03:40'/>
	<frames value='19966'/>
	<gameDuration value='1247'/>

	<player>
		<unitScore value='9675'/>
		<killScore value='14490'/>
		<buildingScore value='2325'/>
		<razingScore value='3735'/>
		<mineralScore value='13338'/>
		<gasScore value='1200'/>
		<totalScore value='44763'/>
	</player>

	<enemy>
		<race value='Zerg'/>
		<unitScore value='7175'/>
		<unitScore value='7175'/>
		<killScore value='7300'/>
		<buildingScore value='1245'/>
		<razingScore value='0'/>
		<mineralScore value='7978'/>
		<gasScore value='2408'/>
		<totalScore value='26106'/>
	</enemy>

	<scoreRatio value='1.71466'/>
	<timeFitness value='0.826806'/>
	<unitsAverage value='63'/>
</results>
