<results>
	<result value='win'/>
	<start value='2015-05-11.09:12:11'/>
	<end value='2015-05-11.09:13:13'/>
	<frames value='39403'/>
	<gameDuration value='2462'/>

	<player>
		<unitScore value='28350'/>
		<killScore value='37590'/>
		<buildingScore value='4275'/>
		<razingScore value='7035'/>
		<mineralScore value='32390'/>
		<gasScore value='3064'/>
		<totalScore value='112704'/>
	</player>

	<enemy>
		<race value='Zerg'/>
		<unitScore value='17950'/>
		<unitScore value='17950'/>
		<killScore value='35150'/>
		<buildingScore value='2345'/>
		<razingScore value='900'/>
		<mineralScore value='15058'/>
		<gasScore value='5944'/>
		<totalScore value='77347'/>
	</enemy>

	<scoreRatio value='1.45712'/>
	<timeFitness value='0.658056'/>
	<unitsAverage value='107'/>
</results>
