<results>
	<result value='win'/>
	<start value='2015-05-09.08:26:42'/>
	<end value='2015-05-09.08:27:09'/>
	<frames value='30630'/>
	<gameDuration value='1914'/>

	<player>
		<unitScore value='18400'/>
		<killScore value='27500'/>
		<buildingScore value='4275'/>
		<razingScore value='10875'/>
		<mineralScore value='26126'/>
		<gasScore value='2864'/>
		<totalScore value='90040'/>
	</player>

	<enemy>
		<race value='Terran'/>
		<unitScore value='14550'/>
		<unitScore value='14550'/>
		<killScore value='12150'/>
		<buildingScore value='3700'/>
		<razingScore value='300'/>
		<mineralScore value='13254'/>
		<gasScore value='5728'/>
		<totalScore value='49682'/>
	</enemy>

	<scoreRatio value='1.81233'/>
	<timeFitness value='0.734167'/>
	<unitsAverage value='99'/>
</results>
