<results>
	<result value='win'/>
	<start value='2015-05-02.13:02:31'/>
	<end value='2015-05-02.13:02:58'/>
	<frames value='25081'/>
	<gameDuration value='1567'/>

	<player>
		<unitScore value='15375'/>
		<killScore value='18990'/>
		<buildingScore value='3575'/>
		<razingScore value='7170'/>
		<mineralScore value='21594'/>
		<gasScore value='2376'/>
		<totalScore value='69080'/>
	</player>

	<enemy>
		<race value='Zerg'/>
		<unitScore value='8900'/>
		<unitScore value='8900'/>
		<killScore value='13500'/>
		<buildingScore value='2390'/>
		<razingScore value='150'/>
		<mineralScore value='9802'/>
		<gasScore value='3120'/>
		<totalScore value='37862'/>
	</enemy>

	<scoreRatio value='1.82452'/>
	<timeFitness value='0.782361'/>
	<unitsAverage value='84'/>
</results>
