<results>
	<result value='win'/>
	<start value='2015-05-02.20:50:23'/>
	<end value='2015-05-02.20:50:44'/>
	<frames value='21888'/>
	<gameDuration value='1368'/>

	<player>
		<unitScore value='12975'/>
		<killScore value='18720'/>
		<buildingScore value='2975'/>
		<razingScore value='4560'/>
		<mineralScore value='17390'/>
		<gasScore value='2264'/>
		<totalScore value='58884'/>
	</player>

	<enemy>
		<race value='Zerg'/>
		<unitScore value='8925'/>
		<unitScore value='8925'/>
		<killScore value='11000'/>
		<buildingScore value='1520'/>
		<razingScore value='0'/>
		<mineralScore value='8578'/>
		<gasScore value='2544'/>
		<totalScore value='32567'/>
	</enemy>

	<scoreRatio value='1.80809'/>
	<timeFitness value='0.81'/>
	<unitsAverage value='73'/>
</results>
