<results>
	<result value='win'/>
	<start value='2015-05-02.13:07:18'/>
	<end value='2015-05-02.13:07:51'/>
	<frames value='26538'/>
	<gameDuration value='1658'/>

	<player>
		<unitScore value='18425'/>
		<killScore value='26710'/>
		<buildingScore value='4375'/>
		<razingScore value='7530'/>
		<mineralScore value='24578'/>
		<gasScore value='2688'/>
		<totalScore value='84306'/>
	</player>

	<enemy>
		<race value='Zerg'/>
		<unitScore value='12100'/>
		<unitScore value='12100'/>
		<killScore value='13350'/>
		<buildingScore value='2510'/>
		<razingScore value='1800'/>
		<mineralScore value='12570'/>
		<gasScore value='3568'/>
		<totalScore value='45898'/>
	</enemy>

	<scoreRatio value='1.83681'/>
	<timeFitness value='0.769722'/>
	<unitsAverage value='96'/>
</results>
