<results>
	<result value='loss'/>
	<start value='2015-05-02.13:12:38'/>
	<end value='2015-05-02.13:12:52'/>
	<frames value='22198'/>
	<gameDuration value='1387'/>

	<player>
		<unitScore value='5275'/>
		<killScore value='5550'/>
		<buildingScore value='1650'/>
		<razingScore value='0'/>
		<mineralScore value='6866'/>
		<gasScore value='1096'/>
		<totalScore value='20437'/>
	</player>

	<enemy>
		<race value='Zerg'/>
		<unitScore value='8750'/>
		<unitScore value='8750'/>
		<killScore value='10550'/>
		<buildingScore value='2060'/>
		<razingScore value='4950'/>
		<mineralScore value='9474'/>
		<gasScore value='2784'/>
		<totalScore value='38568'/>
	</enemy>

	<scoreRatio value='0.529895'/>
	<timeFitness value='0.192639'/>
	<unitsAverage value='24'/>
</results>
