<results>
	<result value='loss'/>
	<start value='2015-04-27.01:00:08'/>
	<end value='2015-04-27.01:00:18'/>
	<frames value='18788'/>
	<gameDuration value='1174'/>

	<player>
		<unitScore value='3725'/>
		<killScore value='1650'/>
		<buildingScore value='2000'/>
		<razingScore value='0'/>
		<mineralScore value='5706'/>
		<gasScore value='720'/>
		<totalScore value='13801'/>
	</player>

	<enemy>
		<race value='Terran'/>
		<unitScore value='7250'/>
		<unitScore value='7250'/>
		<killScore value='7450'/>
		<buildingScore value='2850'/>
		<razingScore value='6000'/>
		<mineralScore value='8650'/>
		<gasScore value='3152'/>
		<totalScore value='35352'/>
	</enemy>

	<scoreRatio value='0.390388'/>
</results>
