<results>
	<result value='loss'/>
	<start value='2015-04-30.09:24:59'/>
	<end value='2015-04-30.09:25:27'/>
	<frames value='30320'/>
	<gameDuration value='1895'/>

	<player>
		<unitScore value='9600'/>
		<killScore value='12850'/>
		<buildingScore value='3025'/>
		<razingScore value='0'/>
		<mineralScore value='12926'/>
		<gasScore value='1960'/>
		<totalScore value='40361'/>
	</player>

	<enemy>
		<race value='Zerg'/>
		<unitScore value='16550'/>
		<unitScore value='16550'/>
		<killScore value='19200'/>
		<buildingScore value='3890'/>
		<razingScore value='9075'/>
		<mineralScore value='20474'/>
		<gasScore value='6736'/>
		<totalScore value='75925'/>
	</enemy>

	<scoreRatio value='0.53159'/>
</results>
