<results>
	<result value='win'/>
	<start value='2015-04-30.09:29:54'/>
	<end value='2015-04-30.09:30:43'/>
	<frames value='33172'/>
	<gameDuration value='2073'/>

	<player>
		<unitScore value='23050'/>
		<killScore value='26065'/>
		<buildingScore value='3100'/>
		<razingScore value='6435'/>
		<mineralScore value='35606'/>
		<gasScore value='0'/>
		<totalScore value='94256'/>
	</player>

	<enemy>
		<race value='Zerg'/>
		<unitScore value='12225'/>
		<unitScore value='12225'/>
		<killScore value='27700'/>
		<buildingScore value='2145'/>
		<razingScore value='0'/>
		<mineralScore value='11330'/>
		<gasScore value='3720'/>
		<totalScore value='57120'/>
	</enemy>

	<scoreRatio value='1.65014'/>
</results>
