<results>
	<result value='win'/>
	<start value='2015-04-30.09:33:22'/>
	<end value='2015-04-30.09:33:56'/>
	<frames value='26662'/>
	<gameDuration value='1666'/>

	<player>
		<unitScore value='19600'/>
		<killScore value='22530'/>
		<buildingScore value='3450'/>
		<razingScore value='4800'/>
		<mineralScore value='29874'/>
		<gasScore value='0'/>
		<totalScore value='80254'/>
	</player>

	<enemy>
		<race value='Zerg'/>
		<unitScore value='10275'/>
		<unitScore value='10275'/>
		<killScore value='24900'/>
		<buildingScore value='1600'/>
		<razingScore value='0'/>
		<mineralScore value='9814'/>
		<gasScore value='2824'/>
		<totalScore value='49413'/>
	</enemy>

	<scoreRatio value='1.62415'/>
</results>
