<results>
	<result value='loss'/>
	<start value='2015-04-30.09:43:19'/>
	<end value='2015-04-30.09:43:44'/>
	<frames value='31157'/>
	<gameDuration value='1947'/>

	<player>
		<unitScore value='10700'/>
		<killScore value='18670'/>
		<buildingScore value='1050'/>
		<razingScore value='1260'/>
		<mineralScore value='12050'/>
		<gasScore value='0'/>
		<totalScore value='43730'/>
	</player>

	<enemy>
		<race value='Zerg'/>
		<unitScore value='16400'/>
		<unitScore value='16400'/>
		<killScore value='21400'/>
		<buildingScore value='3665'/>
		<razingScore value='3150'/>
		<mineralScore value='16666'/>
		<gasScore value='5040'/>
		<totalScore value='66321'/>
	</enemy>

	<scoreRatio value='0.659369'/>
</results>
