<results>
	<result value='draw'/>
	<start value='2015-05-10.19:07:28'/>
	<end value='2015-05-10.19:09:21'/>
	<frames value='57601'/>
	<gameDuration value='3600'/>

	<player>
		<unitScore value='21975'/>
		<killScore value='29600'/>
		<buildingScore value='4300'/>
		<razingScore value='16425'/>
		<mineralScore value='42714'/>
		<gasScore value='7488'/>
		<totalScore value='122502'/>
	</player>

	<enemy>
		<race value='Protoss'/>
		<unitScore value='15675'/>
		<unitScore value='15675'/>
		<killScore value='17050'/>
		<buildingScore value='5725'/>
		<razingScore value='300'/>
		<mineralScore value='16602'/>
		<gasScore value='4944'/>
		<totalScore value='60296'/>
	</enemy>

	<scoreRatio value='2.03168'/>
	<timeFitness value='0.5'/>
	<unitsAverage value='156'/>
</results>
