<results>
	<result value='loss'/>
	<start value='2015-05-10.08:02:46'/>
	<end value='2015-05-10.08:03:07'/>
	<frames value='32738'/>
	<gameDuration value='2046'/>

	<player>
		<unitScore value='9975'/>
		<killScore value='10900'/>
		<buildingScore value='1825'/>
		<razingScore value='900'/>
		<mineralScore value='12002'/>
		<gasScore value='3168'/>
		<totalScore value='38770'/>
	</player>

	<enemy>
		<race value='Protoss'/>
		<unitScore value='17550'/>
		<unitScore value='17550'/>
		<killScore value='19950'/>
		<buildingScore value='7225'/>
		<razingScore value='5250'/>
		<mineralScore value='21642'/>
		<gasScore value='7512'/>
		<totalScore value='79129'/>
	</enemy>

	<scoreRatio value='0.489959'/>
	<timeFitness value='0.284167'/>
	<unitsAverage value='39'/>
</results>
