<results>
	<result value='loss'/>
	<start value='2015-05-10.08:15:57'/>
	<end value='2015-05-10.08:16:05'/>
	<frames value='15130'/>
	<gameDuration value='945'/>

	<player>
		<unitScore value='3150'/>
		<killScore value='400'/>
		<buildingScore value='1600'/>
		<razingScore value='0'/>
		<mineralScore value='4914'/>
		<gasScore value='576'/>
		<totalScore value='10640'/>
	</player>

	<enemy>
		<race value='Protoss'/>
		<unitScore value='3550'/>
		<unitScore value='3550'/>
		<killScore value='6300'/>
		<buildingScore value='3125'/>
		<razingScore value='4800'/>
		<mineralScore value='7938'/>
		<gasScore value='1432'/>
		<totalScore value='27145'/>
	</enemy>

	<scoreRatio value='0.391969'/>
	<timeFitness value='0.13125'/>
	<unitsAverage value='21'/>
</results>
