<results>
	<result value='draw'/>
	<start value='2015-05-10.08:27:00'/>
	<end value='2015-05-10.08:28:28'/>
	<frames value='57601'/>
	<gameDuration value='3600'/>

	<player>
		<unitScore value='37550'/>
		<killScore value='36650'/>
		<buildingScore value='4075'/>
		<razingScore value='4725'/>
		<mineralScore value='39402'/>
		<gasScore value='11906'/>
		<totalScore value='134308'/>
	</player>

	<enemy>
		<race value='Protoss'/>
		<unitScore value='21425'/>
		<unitScore value='21425'/>
		<killScore value='63100'/>
		<buildingScore value='6325'/>
		<razingScore value='150'/>
		<mineralScore value='23666'/>
		<gasScore value='6248'/>
		<totalScore value='120914'/>
	</enemy>

	<scoreRatio value='1.11077'/>
	<timeFitness value='0.5'/>
	<unitsAverage value='140'/>
</results>
