<results>
	<result value='loss'/>
	<start value='2015-05-10.08:32:18'/>
	<end value='2015-05-10.08:32:29'/>
	<frames value='20059'/>
	<gameDuration value='1253'/>

	<player>
		<unitScore value='2800'/>
		<killScore value='2000'/>
		<buildingScore value='1650'/>
		<razingScore value='0'/>
		<mineralScore value='4914'/>
		<gasScore value='816'/>
		<totalScore value='12180'/>
	</player>

	<enemy>
		<race value='Protoss'/>
		<unitScore value='5275'/>
		<unitScore value='5275'/>
		<killScore value='5250'/>
		<buildingScore value='5275'/>
		<razingScore value='4950'/>
		<mineralScore value='11770'/>
		<gasScore value='2304'/>
		<totalScore value='34824'/>
	</enemy>

	<scoreRatio value='0.349759'/>
	<timeFitness value='0.174028'/>
	<unitsAverage value='22'/>
</results>
