<results>
	<result value='loss'/>
	<start value='2015-05-09.22:40:43'/>
	<end value='2015-05-09.22:41:51'/>
	<frames value='55864'/>
	<gameDuration value='3491'/>

	<player>
		<unitScore value='29800'/>
		<killScore value='53650'/>
		<buildingScore value='3325'/>
		<razingScore value='1050'/>
		<mineralScore value='31478'/>
		<gasScore value='6796'/>
		<totalScore value='126099'/>
	</player>

	<enemy>
		<race value='Protoss'/>
		<unitScore value='38025'/>
		<unitScore value='38025'/>
		<killScore value='59200'/>
		<buildingScore value='6475'/>
		<razingScore value='9975'/>
		<mineralScore value='31550'/>
		<gasScore value='11406'/>
		<totalScore value='156631'/>
	</enemy>

	<scoreRatio value='0.805071'/>
	<timeFitness value='0.484861'/>
	<unitsAverage value='100'/>
</results>
