<results>
	<result value='win'/>
	<start value='2015-05-09.22:42:24'/>
	<end value='2015-05-09.22:43:07'/>
	<frames value='33823'/>
	<gameDuration value='2113'/>

	<player>
		<unitScore value='19500'/>
		<killScore value='24900'/>
		<buildingScore value='4050'/>
		<razingScore value='19950'/>
		<mineralScore value='29210'/>
		<gasScore value='2952'/>
		<totalScore value='100562'/>
	</player>

	<enemy>
		<race value='Protoss'/>
		<unitScore value='13725'/>
		<unitScore value='13725'/>
		<killScore value='15550'/>
		<buildingScore value='6650'/>
		<razingScore value='375'/>
		<mineralScore value='18058'/>
		<gasScore value='5016'/>
		<totalScore value='59374'/>
	</enemy>

	<scoreRatio value='1.6937'/>
	<timeFitness value='0.706528'/>
	<unitsAverage value='103'/>
</results>
