<results>
	<result value='loss'/>
	<start value='2015-05-09.22:53:32'/>
	<end value='2015-05-09.22:53:58'/>
	<frames value='36830'/>
	<gameDuration value='2301'/>

	<player>
		<unitScore value='12450'/>
		<killScore value='13400'/>
		<buildingScore value='2550'/>
		<razingScore value='300'/>
		<mineralScore value='14302'/>
		<gasScore value='2784'/>
		<totalScore value='45786'/>
	</player>

	<enemy>
		<race value='Protoss'/>
		<unitScore value='24350'/>
		<unitScore value='24350'/>
		<killScore value='24900'/>
		<buildingScore value='7775'/>
		<razingScore value='7650'/>
		<mineralScore value='25702'/>
		<gasScore value='9304'/>
		<totalScore value='99681'/>
	</enemy>

	<scoreRatio value='0.459325'/>
	<timeFitness value='0.319583'/>
	<unitsAverage value='41'/>
</results>
