<results>
	<result value='win'/>
	<start value='2015-05-09.22:54:01'/>
	<end value='2015-05-09.22:54:38'/>
	<frames value='30072'/>
	<gameDuration value='1879'/>

	<player>
		<unitScore value='17800'/>
		<killScore value='19600'/>
		<buildingScore value='3700'/>
		<razingScore value='17925'/>
		<mineralScore value='21938'/>
		<gasScore value='2864'/>
		<totalScore value='83827'/>
	</player>

	<enemy>
		<race value='Protoss'/>
		<unitScore value='10850'/>
		<unitScore value='10850'/>
		<killScore value='13500'/>
		<buildingScore value='5975'/>
		<razingScore value='0'/>
		<mineralScore value='13878'/>
		<gasScore value='3080'/>
		<totalScore value='47283'/>
	</enemy>

	<scoreRatio value='1.77288'/>
	<timeFitness value='0.739028'/>
	<unitsAverage value='95'/>
</results>
