<results>
	<result value='win'/>
	<start value='2015-05-03.18:21:20'/>
	<end value='2015-05-03.18:22:43'/>
	<frames value='40705'/>
	<gameDuration value='2544'/>

	<player>
		<unitScore value='24175'/>
		<killScore value='29450'/>
		<buildingScore value='4700'/>
		<razingScore value='17175'/>
		<mineralScore value='34914'/>
		<gasScore value='4360'/>
		<totalScore value='114774'/>
	</player>

	<enemy>
		<race value='Protoss'/>
		<unitScore value='14775'/>
		<unitScore value='14775'/>
		<killScore value='24450'/>
		<buildingScore value='5725'/>
		<razingScore value='0'/>
		<mineralScore value='23166'/>
		<gasScore value='4280'/>
		<totalScore value='72396'/>
	</enemy>

	<scoreRatio value='1.58536'/>
	<timeFitness value='0.646667'/>
	<unitsAverage value='139'/>
</results>
