<results>
	<result value='win'/>
	<start value='2014-07-12.21:32:13'/>
	<end value='2014-07-12.21:32:36'/>
	<frames value='27220'/>
	<gameDuration value='1701'/>

	<player>
		<unitScore value='17125'/>
		<killScore value='20900'/>
		<buildingScore value='3325'/>
		<razingScore value='5610'/>
		<mineralScore value='21546'/>
		<gasScore value='2224'/>
		<totalScore value='70730'/>
	</player>

	<enemy>
		<race value='Zerg'/>
		<unitScore value='9900'/>
		<unitScore value='9900'/>
		<killScore value='15600'/>
		<buildingScore value='1870'/>
		<razingScore value='0'/>
		<mineralScore value='9634'/>
		<gasScore value='2832'/>
		<totalScore value='39836'/>
	</enemy>

	<scoreRatio value='1.77553'/>
</results>
