<results>
	<result value='loss'/>
	<start value='2015-04-29.22:53:11'/>
	<end value='2015-04-29.22:53:19'/>
	<frames value='12712'/>
	<gameDuration value='794'/>

	<player>
		<unitScore value='2575'/>
		<killScore value='400'/>
		<buildingScore value='875'/>
		<razingScore value='0'/>
		<mineralScore value='4362'/>
		<gasScore value='472'/>
		<totalScore value='8684'/>
	</player>

	<enemy>
		<race value='Protoss'/>
		<unitScore value='3550'/>
		<unitScore value='3550'/>
		<killScore value='5050'/>
		<buildingScore value='2075'/>
		<razingScore value='2625'/>
		<mineralScore value='6306'/>
		<gasScore value='1056'/>
		<totalScore value='20662'/>
	</enemy>

	<scoreRatio value='0.420288'/>
</results>
