<results>
	<result value='loss'/>
	<start value='2015-04-29.23:05:58'/>
	<end value='2015-04-29.23:06:19'/>
	<frames value='29235'/>
	<gameDuration value='1827'/>

	<player>
		<unitScore value='6650'/>
		<killScore value='5500'/>
		<buildingScore value='2500'/>
		<razingScore value='0'/>
		<mineralScore value='10474'/>
		<gasScore value='584'/>
		<totalScore value='25708'/>
	</player>

	<enemy>
		<race value='Protoss'/>
		<unitScore value='14175'/>
		<unitScore value='14175'/>
		<killScore value='13400'/>
		<buildingScore value='6875'/>
		<razingScore value='7500'/>
		<mineralScore value='18590'/>
		<gasScore value='6776'/>
		<totalScore value='67316'/>
	</enemy>

	<scoreRatio value='0.3819'/>
</results>
