<results>
	<result value='loss'/>
	<start value='2014-07-05.11:39:44'/>
	<end value='2014-07-05.11:39:55'/>
	<frames value='22539'/>
	<gameDuration value='1408'/>

	<player>
		<unitScore value='7600'/>
		<killScore value='2950'/>
		<buildingScore value='2500'/>
		<razingScore value='0'/>
		<mineralScore value='9642'/>
		<gasScore value='1336'/>
		<totalScore value='24028'/>
	</player>

	<enemy>
		<race value='Terran'/>
		<unitScore value='9300'/>
		<unitScore value='9300'/>
		<killScore value='15200'/>
		<buildingScore value='3400'/>
		<razingScore value='7500'/>
		<mineralScore value='11106'/>
		<gasScore value='4640'/>
		<totalScore value='51146'/>
	</enemy>

	<scoreRatio value='0.469792'/>
</results>
