<results>
	<result value='win'/>
	<start value='2015-05-03.02:38:08'/>
	<end value='2015-05-03.02:38:42'/>
	<frames value='23531'/>
	<gameDuration value='1470'/>

	<player>
		<unitScore value='13275'/>
		<killScore value='16375'/>
		<buildingScore value='3475'/>
		<razingScore value='6375'/>
		<mineralScore value='19282'/>
		<gasScore value='1960'/>
		<totalScore value='60742'/>
	</player>

	<enemy>
		<race value='Zerg'/>
		<unitScore value='9175'/>
		<unitScore value='9175'/>
		<killScore value='10900'/>
		<buildingScore value='2125'/>
		<razingScore value='0'/>
		<mineralScore value='9306'/>
		<gasScore value='2784'/>
		<totalScore value='34290'/>
	</enemy>

	<scoreRatio value='1.77142'/>
	<timeFitness value='0.795833'/>
	<unitsAverage value='75'/>
</results>
