<results>
	<result value='win'/>
	<start value='2015-05-03.02:39:22'/>
	<end value='2015-05-03.02:39:59'/>
	<frames value='23748'/>
	<gameDuration value='1484'/>

	<player>
		<unitScore value='14150'/>
		<killScore value='25365'/>
		<buildingScore value='4125'/>
		<razingScore value='4560'/>
		<mineralScore value='20106'/>
		<gasScore value='2336'/>
		<totalScore value='70642'/>
	</player>

	<enemy>
		<race value='Zerg'/>
		<unitScore value='10600'/>
		<unitScore value='10600'/>
		<killScore value='9100'/>
		<buildingScore value='1520'/>
		<razingScore value='0'/>
		<mineralScore value='9746'/>
		<gasScore value='2792'/>
		<totalScore value='33758'/>
	</enemy>

	<scoreRatio value='2.0926'/>
	<timeFitness value='0.793889'/>
	<unitsAverage value='78'/>
</results>
