<results>
	<result value='win'/>
	<start value='2015-03-31.13:27:08'/>
	<end value='2015-03-31.13:27:46'/>
	<frames value='32769'/>
	<gameDuration value='2048'/>

	<player>
		<unitScore value='21775'/>
		<killScore value='22900'/>
		<buildingScore value='3500'/>
		<razingScore value='19725'/>
		<mineralScore value='24858'/>
		<gasScore value='3088'/>
		<totalScore value='95846'/>
	</player>

	<enemy>
		<race value='Protoss'/>
		<unitScore value='11675'/>
		<unitScore value='11675'/>
		<killScore value='19850'/>
		<buildingScore value='6575'/>
		<razingScore value='0'/>
		<mineralScore value='17982'/>
		<gasScore value='5528'/>
		<totalScore value='61610'/>
	</enemy>

	<scoreRatio value='1.55569'/>
</results>
