<results>
	<result value='loss'/>
	<start value='2015-03-31.13:30:55'/>
	<end value='2015-03-31.13:31:03'/>
	<frames value='15192'/>
	<gameDuration value='949'/>

	<player>
		<unitScore value='2900'/>
		<killScore value='1200'/>
		<buildingScore value='1350'/>
		<razingScore value='0'/>
		<mineralScore value='4298'/>
		<gasScore value='432'/>
		<totalScore value='10180'/>
	</player>

	<enemy>
		<race value='Protoss'/>
		<unitScore value='3550'/>
		<unitScore value='3550'/>
		<killScore value='5800'/>
		<buildingScore value='2725'/>
		<razingScore value='4050'/>
		<mineralScore value='7866'/>
		<gasScore value='1320'/>
		<totalScore value='25311'/>
	</enemy>

	<scoreRatio value='0.402197'/>
</results>
