<results>
	<result value='loss'/>
	<start value='2015-03-31.13:39:22'/>
	<end value='2015-03-31.13:39:31'/>
	<frames value='16339'/>
	<gameDuration value='1021'/>

	<player>
		<unitScore value='3775'/>
		<killScore value='1000'/>
		<buildingScore value='1550'/>
		<razingScore value='0'/>
		<mineralScore value='5186'/>
		<gasScore value='728'/>
		<totalScore value='12239'/>
	</player>

	<enemy>
		<race value='Protoss'/>
		<unitScore value='3925'/>
		<unitScore value='3925'/>
		<killScore value='7550'/>
		<buildingScore value='3225'/>
		<razingScore value='4650'/>
		<mineralScore value='8218'/>
		<gasScore value='2024'/>
		<totalScore value='29592'/>
	</enemy>

	<scoreRatio value='0.413592'/>
</results>
