<results>
	<result value='win'/>
	<start value='2014-07-23.00:18:20'/>
	<end value='2014-07-23.00:19:14'/>
	<frames value='47215'/>
	<gameDuration value='2950'/>

	<player>
		<unitScore value='33225'/>
		<killScore value='48250'/>
		<buildingScore value='3825'/>
		<razingScore value='20250'/>
		<mineralScore value='35942'/>
		<gasScore value='5016'/>
		<totalScore value='146508'/>
	</player>

	<enemy>
		<race value='Protoss'/>
		<unitScore value='25625'/>
		<unitScore value='25625'/>
		<killScore value='52450'/>
		<buildingScore value='6750'/>
		<razingScore value='150'/>
		<mineralScore value='26214'/>
		<gasScore value='7424'/>
		<totalScore value='118613'/>
	</enemy>

	<scoreRatio value='1.23518'/>
</results>
