<results>
	<result value='loss'/>
	<start value='2015-03-29.13:00:20'/>
	<end value='2015-03-29.13:00:28'/>
	<frames value='13518'/>
	<gameDuration value='844'/>

	<player>
		<unitScore value='2275'/>
		<killScore value='400'/>
		<buildingScore value='1450'/>
		<razingScore value='0'/>
		<mineralScore value='3858'/>
		<gasScore value='656'/>
		<totalScore value='8639'/>
	</player>

	<enemy>
		<race value='Protoss'/>
		<unitScore value='3550'/>
		<unitScore value='3550'/>
		<killScore value='4550'/>
		<buildingScore value='2375'/>
		<razingScore value='4350'/>
		<mineralScore value='6842'/>
		<gasScore value='1184'/>
		<totalScore value='22851'/>
	</enemy>

	<scoreRatio value='0.378058'/>
</results>
