<results>
	<result value='win'/>
	<start value='2015-04-10.23:19:31'/>
	<end value='2015-04-10.23:20:43'/>
	<frames value='37574'/>
	<gameDuration value='2348'/>

	<player>
		<unitScore value='20775'/>
		<killScore value='29450'/>
		<buildingScore value='4600'/>
		<razingScore value='19425'/>
		<mineralScore value='25866'/>
		<gasScore value='4200'/>
		<totalScore value='104316'/>
	</player>

	<enemy>
		<race value='Protoss'/>
		<unitScore value='14975'/>
		<unitScore value='14975'/>
		<killScore value='19200'/>
		<buildingScore value='6475'/>
		<razingScore value='2175'/>
		<mineralScore value='19090'/>
		<gasScore value='5008'/>
		<totalScore value='66923'/>
	</enemy>

	<scoreRatio value='1.55875'/>
</results>
