<results>
	<result value='win'/>
	<start value='2015-05-09.17:07:42'/>
	<end value='2015-05-09.17:08:01'/>
	<frames value='23934'/>
	<gameDuration value='1495'/>

	<player>
		<unitScore value='11375'/>
		<killScore value='20850'/>
		<buildingScore value='2875'/>
		<razingScore value='6825'/>
		<mineralScore value='15866'/>
		<gasScore value='1608'/>
		<totalScore value='59399'/>
	</player>

	<enemy>
		<race value='Terran'/>
		<unitScore value='10425'/>
		<unitScore value='10425'/>
		<killScore value='11200'/>
		<buildingScore value='2350'/>
		<razingScore value='0'/>
		<mineralScore value='10330'/>
		<gasScore value='3592'/>
		<totalScore value='37897'/>
	</enemy>

	<scoreRatio value='1.56738'/>
	<timeFitness value='0.792361'/>
	<unitsAverage value='58'/>
</results>
