<results>
	<result value='loss'/>
	<start value='2015-05-09.17:08:04'/>
	<end value='2015-05-09.17:08:15'/>
	<frames value='19594'/>
	<gameDuration value='1224'/>

	<player>
		<unitScore value='4025'/>
		<killScore value='3100'/>
		<buildingScore value='1600'/>
		<razingScore value='0'/>
		<mineralScore value='5866'/>
		<gasScore value='616'/>
		<totalScore value='15207'/>
	</player>

	<enemy>
		<race value='Terran'/>
		<unitScore value='7700'/>
		<unitScore value='7700'/>
		<killScore value='8050'/>
		<buildingScore value='2800'/>
		<razingScore value='4800'/>
		<mineralScore value='9186'/>
		<gasScore value='3352'/>
		<totalScore value='35888'/>
	</enemy>

	<scoreRatio value='0.423735'/>
	<timeFitness value='0.17'/>
	<unitsAverage value='25'/>
</results>
