<results>
	<result value='win'/>
	<start value='2015-05-09.17:11:50'/>
	<end value='2015-05-09.17:12:32'/>
	<frames value='32366'/>
	<gameDuration value='2022'/>

	<player>
		<unitScore value='22850'/>
		<killScore value='27400'/>
		<buildingScore value='4175'/>
		<razingScore value='8250'/>
		<mineralScore value='36526'/>
		<gasScore value='3528'/>
		<totalScore value='102729'/>
	</player>

	<enemy>
		<race value='Terran'/>
		<unitScore value='14000'/>
		<unitScore value='14000'/>
		<killScore value='22700'/>
		<buildingScore value='2750'/>
		<razingScore value='0'/>
		<mineralScore value='12050'/>
		<gasScore value='5108'/>
		<totalScore value='56608'/>
	</enemy>

	<scoreRatio value='1.81474'/>
	<timeFitness value='0.719167'/>
	<unitsAverage value='114'/>
</results>
