<results>
	<result value='loss'/>
	<start value='2015-04-27.00:15:19'/>
	<end value='2015-04-27.00:15:30'/>
	<frames value='19966'/>
	<gameDuration value='1247'/>

	<player>
		<unitScore value='5100'/>
		<killScore value='3700'/>
		<buildingScore value='1675'/>
		<razingScore value='0'/>
		<mineralScore value='6626'/>
		<gasScore value='1056'/>
		<totalScore value='18157'/>
	</player>

	<enemy>
		<race value='Terran'/>
		<unitScore value='6850'/>
		<unitScore value='6850'/>
		<killScore value='10200'/>
		<buildingScore value='2800'/>
		<razingScore value='5025'/>
		<mineralScore value='9522'/>
		<gasScore value='3272'/>
		<totalScore value='37669'/>
	</enemy>

	<scoreRatio value='0.482014'/>
</results>
