<results>
	<result value='win'/>
	<start value='2015-04-27.00:17:32'/>
	<end value='2015-04-27.00:18:00'/>
	<frames value='35652'/>
	<gameDuration value='2228'/>

	<player>
		<unitScore value='14500'/>
		<killScore value='29250'/>
		<buildingScore value='3175'/>
		<razingScore value='11775'/>
		<mineralScore value='18154'/>
		<gasScore value='2960'/>
		<totalScore value='79814'/>
	</player>

	<enemy>
		<race value='Terran'/>
		<unitScore value='16225'/>
		<unitScore value='16225'/>
		<killScore value='17350'/>
		<buildingScore value='3925'/>
		<razingScore value='3300'/>
		<mineralScore value='13890'/>
		<gasScore value='6288'/>
		<totalScore value='60978'/>
	</enemy>

	<scoreRatio value='1.3089'/>
</results>
