<results>
	<result value='loss'/>
	<start value='2015-04-27.00:21:40'/>
	<end value='2015-04-27.00:21:51'/>
	<frames value='19935'/>
	<gameDuration value='1245'/>

	<player>
		<unitScore value='4125'/>
		<killScore value='3600'/>
		<buildingScore value='2100'/>
		<razingScore value='0'/>
		<mineralScore value='6418'/>
		<gasScore value='1408'/>
		<totalScore value='17651'/>
	</player>

	<enemy>
		<race value='Terran'/>
		<unitScore value='7075'/>
		<unitScore value='7075'/>
		<killScore value='8250'/>
		<buildingScore value='2350'/>
		<razingScore value='6300'/>
		<mineralScore value='9410'/>
		<gasScore value='3032'/>
		<totalScore value='36417'/>
	</enemy>

	<scoreRatio value='0.484691'/>
</results>
