<results>
	<result value='win'/>
	<start value='2015-05-05.01:16:44'/>
	<end value='2015-05-05.01:17:14'/>
	<frames value='29979'/>
	<gameDuration value='1873'/>

	<player>
		<unitScore value='18400'/>
		<killScore value='22770'/>
		<buildingScore value='2975'/>
		<razingScore value='4680'/>
		<mineralScore value='23738'/>
		<gasScore value='0'/>
		<totalScore value='72563'/>
	</player>

	<enemy>
		<race value='Zerg'/>
		<unitScore value='10600'/>
		<unitScore value='10600'/>
		<killScore value='22600'/>
		<buildingScore value='1560'/>
		<razingScore value='0'/>
		<mineralScore value='9502'/>
		<gasScore value='2592'/>
		<totalScore value='46854'/>
	</enemy>

	<scoreRatio value='1.5487'/>
	<timeFitness value='0.739861'/>
	<unitsAverage value='70'/>
</results>
