<results>
	<result value='win'/>
	<start value='2015-05-05.01:18:29'/>
	<end value='2015-05-05.01:18:51'/>
	<frames value='25329'/>
	<gameDuration value='1583'/>

	<player>
		<unitScore value='15550'/>
		<killScore value='25810'/>
		<buildingScore value='1900'/>
		<razingScore value='3660'/>
		<mineralScore value='18466'/>
		<gasScore value='0'/>
		<totalScore value='65386'/>
	</player>

	<enemy>
		<race value='Zerg'/>
		<unitScore value='11650'/>
		<unitScore value='11650'/>
		<killScore value='21100'/>
		<buildingScore value='1220'/>
		<razingScore value='0'/>
		<mineralScore value='10034'/>
		<gasScore value='3008'/>
		<totalScore value='47012'/>
	</enemy>

	<scoreRatio value='1.39084'/>
	<timeFitness value='0.780139'/>
	<unitsAverage value='63'/>
</results>
