<results>
	<result value='loss'/>
	<start value='2015-07-18.06:16:32'/>
	<end value='2015-07-18.06:16:59'/>
	<frames value='23779'/>
	<gameDuration value='1486'/>

	<player>
		<unitScore value='11500'/>
		<killScore value='3950'/>
		<buildingScore value='2175'/>
		<razingScore value='0'/>
		<mineralScore value='10026'/>
		<gasScore value='2376'/>
		<totalScore value='30027'/>
	</player>

	<enemy>
		<race value='Terran'/>
		<unitScore value='9875'/>
		<killScore value='21500'/>
		<buildingScore value='3500'/>
		<razingScore value='6525'/>
		<mineralScore value='11634'/>
		<gasScore value='4312'/>
		<totalScore value='57346'/>
	</enemy>

	<scoreRatio value='0.523611'/>
	<timeFitness value='0.206389'/>
	<unitsAverage value='40'/>
</results>
