<results>
	<result value='win'/>
	<start value='2015-04-08.10:24:01'/>
	<end value='2015-04-08.10:25:09'/>
	<frames value='52919'/>
	<gameDuration value='3307'/>

	<player>
		<unitScore value='38325'/>
		<killScore value='44200'/>
		<buildingScore value='3925'/>
		<razingScore value='16125'/>
		<mineralScore value='42586'/>
		<gasScore value='4936'/>
		<totalScore value='150097'/>
	</player>

	<enemy>
		<race value='Protoss'/>
		<unitScore value='27100'/>
		<unitScore value='27100'/>
		<killScore value='61050'/>
		<buildingScore value='5375'/>
		<razingScore value='3975'/>
		<mineralScore value='19550'/>
		<gasScore value='10672'/>
		<totalScore value='127722'/>
	</enemy>

	<scoreRatio value='1.17519'/>
</results>
