<results>
	<result value='loss'/>
	<start value='2015-04-08.10:26:27'/>
	<end value='2015-04-08.10:27:07'/>
	<frames value='46998'/>
	<gameDuration value='2937'/>

	<player>
		<unitScore value='22825'/>
		<killScore value='33450'/>
		<buildingScore value='2125'/>
		<razingScore value='600'/>
		<mineralScore value='23970'/>
		<gasScore value='4168'/>
		<totalScore value='87138'/>
	</player>

	<enemy>
		<race value='Protoss'/>
		<unitScore value='37095'/>
		<unitScore value='37095'/>
		<killScore value='45750'/>
		<buildingScore value='7675'/>
		<razingScore value='6375'/>
		<mineralScore value='32314'/>
		<gasScore value='13192'/>
		<totalScore value='142401'/>
	</enemy>

	<scoreRatio value='0.61192'/>
</results>
