<results>
	<result value='win'/>
	<start value='2015-05-10.19:12:10'/>
	<end value='2015-05-10.19:12:31'/>
	<frames value='22911'/>
	<gameDuration value='1431'/>

	<player>
		<unitScore value='12425'/>
		<killScore value='16740'/>
		<buildingScore value='3175'/>
		<razingScore value='6420'/>
		<mineralScore value='16662'/>
		<gasScore value='2168'/>
		<totalScore value='57590'/>
	</player>

	<enemy>
		<race value='Zerg'/>
		<unitScore value='8300'/>
		<unitScore value='8300'/>
		<killScore value='8900'/>
		<buildingScore value='2140'/>
		<razingScore value='150'/>
		<mineralScore value='8858'/>
		<gasScore value='2496'/>
		<totalScore value='30844'/>
	</enemy>

	<scoreRatio value='1.86714'/>
	<timeFitness value='0.80125'/>
	<unitsAverage value='74'/>
</results>
