<results>
	<result value='loss'/>
	<start value='2015-05-10.19:13:43'/>
	<end value='2015-05-10.19:14:06'/>
	<frames value='38752'/>
	<gameDuration value='2422'/>

	<player>
		<unitScore value='11300'/>
		<killScore value='29550'/>
		<buildingScore value='1375'/>
		<razingScore value='435'/>
		<mineralScore value='12090'/>
		<gasScore value='3256'/>
		<totalScore value='58006'/>
	</player>

	<enemy>
		<race value='Zerg'/>
		<unitScore value='26225'/>
		<unitScore value='26225'/>
		<killScore value='22600'/>
		<buildingScore value='5420'/>
		<razingScore value='4125'/>
		<mineralScore value='25206'/>
		<gasScore value='9518'/>
		<totalScore value='93094'/>
	</enemy>

	<scoreRatio value='0.623091'/>
	<timeFitness value='0.336389'/>
	<unitsAverage value='36'/>
</results>
