<results>
	<result value='draw'/>
	<start value='2015-05-10.19:25:20'/>
	<end value='2015-05-10.19:25:58'/>
	<frames value='57601'/>
	<gameDuration value='3600'/>

	<player>
		<unitScore value='12600'/>
		<killScore value='41300'/>
		<buildingScore value='1200'/>
		<razingScore value='3435'/>
		<mineralScore value='12338'/>
		<gasScore value='3944'/>
		<totalScore value='74817'/>
	</player>

	<enemy>
		<race value='Zerg'/>
		<unitScore value='20825'/>
		<unitScore value='20825'/>
		<killScore value='23200'/>
		<buildingScore value='3110'/>
		<razingScore value='2775'/>
		<mineralScore value='27954'/>
		<gasScore value='7624'/>
		<totalScore value='85488'/>
	</enemy>

	<scoreRatio value='0.875175'/>
	<timeFitness value='0.5'/>
	<unitsAverage value='45'/>
</results>
