<results>
	<result value='win'/>
	<start value='2015-04-30.00:58:19'/>
	<end value='2015-04-30.00:58:53'/>
	<frames value='25329'/>
	<gameDuration value='1583'/>

	<player>
		<unitScore value='16700'/>
		<killScore value='23575'/>
		<buildingScore value='3950'/>
		<razingScore value='5595'/>
		<mineralScore value='21698'/>
		<gasScore value='1752'/>
		<totalScore value='73270'/>
	</player>

	<enemy>
		<race value='Zerg'/>
		<unitScore value='11225'/>
		<unitScore value='11225'/>
		<killScore value='15050'/>
		<buildingScore value='1865'/>
		<razingScore value='0'/>
		<mineralScore value='11018'/>
		<gasScore value='3760'/>
		<totalScore value='42918'/>
	</enemy>

	<scoreRatio value='1.70721'/>
	<timeFitness value='0.780139'/>
	<unitsAverage value='87'/>
</results>
