<results>
	<result value='draw'/>
	<start value='2015-07-10.11:54:25'/>
	<end value='2015-07-10.11:56:18'/>
	<frames value='57601'/>
	<gameDuration value='3600'/>

	<player>
		<unitScore value='35625'/>
		<killScore value='26000'/>
		<buildingScore value='3800'/>
		<razingScore value='0'/>
		<mineralScore value='34262'/>
		<gasScore value='4664'/>
		<totalScore value='104351'/>
	</player>

	<enemy>
		<race value='Terran'/>
		<unitScore value='27475'/>
		<killScore value='64450'/>
		<buildingScore value='4275'/>
		<razingScore value='3900'/>
		<mineralScore value='19550'/>
		<gasScore value='12286'/>
		<totalScore value='131936'/>
	</enemy>

	<scoreRatio value='0.790921'/>
	<timeFitness value='0.5'/>
	<unitsAverage value='86'/>
</results>
