<results>
	<result value='win'/>
	<start value='2014-07-24.02:11:27'/>
	<end value='2014-07-24.02:12:07'/>
	<frames value='53818'/>
	<gameDuration value='3363'/>

	<player>
		<unitScore value='21675'/>
		<killScore value='40450'/>
		<buildingScore value='3575'/>
		<razingScore value='15375'/>
		<mineralScore value='25378'/>
		<gasScore value='4872'/>
		<totalScore value='111325'/>
	</player>

	<enemy>
		<race value='Terran'/>
		<unitScore value='23425'/>
		<unitScore value='23425'/>
		<killScore value='32700'/>
		<buildingScore value='5200'/>
		<razingScore value='3900'/>
		<mineralScore value='19466'/>
		<gasScore value='11398'/>
		<totalScore value='96089'/>
	</enemy>

	<scoreRatio value='1.15856'/>
</results>
