<results>
	<result value='loss'/>
	<start value='2015-04-11.06:24:53'/>
	<end value='2015-04-11.06:25:21'/>
	<frames value='29018'/>
	<gameDuration value='1813'/>

	<player>
		<unitScore value='5975'/>
		<killScore value='2800'/>
		<buildingScore value='2025'/>
		<razingScore value='0'/>
		<mineralScore value='8306'/>
		<gasScore value='1192'/>
		<totalScore value='20298'/>
	</player>

	<enemy>
		<race value='Protoss'/>
		<unitScore value='12450'/>
		<unitScore value='12450'/>
		<killScore value='11950'/>
		<buildingScore value='6925'/>
		<razingScore value='6075'/>
		<mineralScore value='17222'/>
		<gasScore value='6456'/>
		<totalScore value='61078'/>
	</enemy>

	<scoreRatio value='0.332329'/>
</results>
