<results>
	<result value='win'/>
	<start value='2015-04-11.06:30:54'/>
	<end value='2015-04-11.06:32:36'/>
	<frames value='55058'/>
	<gameDuration value='3441'/>

	<player>
		<unitScore value='30000'/>
		<killScore value='51650'/>
		<buildingScore value='3050'/>
		<razingScore value='20100'/>
		<mineralScore value='32358'/>
		<gasScore value='3792'/>
		<totalScore value='140950'/>
	</player>

	<enemy>
		<race value='Protoss'/>
		<unitScore value='27740'/>
		<unitScore value='27740'/>
		<killScore value='47900'/>
		<buildingScore value='6700'/>
		<razingScore value='150'/>
		<mineralScore value='26934'/>
		<gasScore value='10340'/>
		<totalScore value='119764'/>
	</enemy>

	<scoreRatio value='1.1769'/>
</results>
