<results>
	<result value='win'/>
	<start value='2015-05-11.09:00:40'/>
	<end value='2015-05-11.09:01:27'/>
	<frames value='29731'/>
	<gameDuration value='1858'/>

	<player>
		<unitScore value='16500'/>
		<killScore value='24710'/>
		<buildingScore value='3900'/>
		<razingScore value='5820'/>
		<mineralScore value='22370'/>
		<gasScore value='2272'/>
		<totalScore value='75572'/>
	</player>

	<enemy>
		<race value='Zerg'/>
		<unitScore value='10975'/>
		<unitScore value='10975'/>
		<killScore value='15100'/>
		<buildingScore value='1940'/>
		<razingScore value='0'/>
		<mineralScore value='10498'/>
		<gasScore value='3264'/>
		<totalScore value='41777'/>
	</enemy>

	<scoreRatio value='1.80894'/>
	<timeFitness value='0.741944'/>
	<unitsAverage value='79'/>
</results>
