<results>
	<result value='win'/>
	<start value='2015-04-30.06:15:33'/>
	<end value='2015-04-30.06:16:02'/>
	<frames value='24523'/>
	<gameDuration value='1532'/>

	<player>
		<unitScore value='15000'/>
		<killScore value='21900'/>
		<buildingScore value='3825'/>
		<razingScore value='8400'/>
		<mineralScore value='22130'/>
		<gasScore value='2272'/>
		<totalScore value='73527'/>
	</player>

	<enemy>
		<race value='Terran'/>
		<unitScore value='11350'/>
		<unitScore value='11350'/>
		<killScore value='9250'/>
		<buildingScore value='2800'/>
		<razingScore value='450'/>
		<mineralScore value='10394'/>
		<gasScore value='3984'/>
		<totalScore value='38228'/>
	</enemy>

	<scoreRatio value='1.92338'/>
	<timeFitness value='0.787222'/>
	<unitsAverage value='89'/>
</results>
