<results>
	<result value='win'/>
	<start value='2015-04-30.06:16:06'/>
	<end value='2015-04-30.06:16:52'/>
	<frames value='45355'/>
	<gameDuration value='2834'/>

	<player>
		<unitScore value='23300'/>
		<killScore value='28600'/>
		<buildingScore value='3675'/>
		<razingScore value='10650'/>
		<mineralScore value='26514'/>
		<gasScore value='3944'/>
		<totalScore value='96683'/>
	</player>

	<enemy>
		<race value='Terran'/>
		<unitScore value='15400'/>
		<unitScore value='15400'/>
		<killScore value='33150'/>
		<buildingScore value='3550'/>
		<razingScore value='3525'/>
		<mineralScore value='13522'/>
		<gasScore value='6398'/>
		<totalScore value='75545'/>
	</enemy>

	<scoreRatio value='1.27981'/>
	<timeFitness value='0.606389'/>
	<unitsAverage value='81'/>
</results>
