<results>
	<result value='loss'/>
	<start value='2015-07-20.13:58:23'/>
	<end value='2015-07-20.13:58:55'/>
	<frames value='29142'/>
	<gameDuration value='1821'/>

	<player>
		<unitScore value='19500'/>
		<killScore value='14925'/>
		<buildingScore value='3050'/>
		<razingScore value='195'/>
		<mineralScore value='23094'/>
		<gasScore value='3080'/>
		<totalScore value='63844'/>
	</player>

	<enemy>
		<race value='Zerg'/>
		<unitScore value='16675'/>
		<killScore value='35500'/>
		<buildingScore value='3345'/>
		<razingScore value='9150'/>
		<mineralScore value='17786'/>
		<gasScore value='5976'/>
		<totalScore value='88432'/>
	</enemy>

	<scoreRatio value='0.721956'/>
	<timeFitness value='0.252917'/>
	<unitsAverage value='73'/>
</results>
