<results>
	<result value='draw'/>
	<start value='2015-07-20.14:05:30'/>
	<end value='2015-07-20.14:07:04'/>
	<frames value='57601'/>
	<gameDuration value='3600'/>

	<player>
		<unitScore value='33850'/>
		<killScore value='32000'/>
		<buildingScore value='3725'/>
		<razingScore value='195'/>
		<mineralScore value='31422'/>
		<gasScore value='6370'/>
		<totalScore value='107562'/>
	</player>

	<enemy>
		<race value='Zerg'/>
		<unitScore value='34650'/>
		<killScore value='56800'/>
		<buildingScore value='4200'/>
		<razingScore value='1875'/>
		<mineralScore value='30198'/>
		<gasScore value='11716'/>
		<totalScore value='139439'/>
	</enemy>

	<scoreRatio value='0.771391'/>
	<timeFitness value='0.5'/>
	<unitsAverage value='98'/>
</results>
