<results>
	<result value='loss'/>
	<start value='2015-07-19.05:30:25'/>
	<end value='2015-07-19.05:31:05'/>
	<frames value='27127'/>
	<gameDuration value='1695'/>

	<player>
		<unitScore value='12175'/>
		<killScore value='4125'/>
		<buildingScore value='3775'/>
		<razingScore value='0'/>
		<mineralScore value='18870'/>
		<gasScore value='1952'/>
		<totalScore value='40897'/>
	</player>

	<enemy>
		<race value='Zerg'/>
		<unitScore value='14175'/>
		<killScore value='23950'/>
		<buildingScore value='3215'/>
		<razingScore value='11325'/>
		<mineralScore value='16486'/>
		<gasScore value='5408'/>
		<totalScore value='74559'/>
	</enemy>

	<scoreRatio value='0.548519'/>
	<timeFitness value='0.235417'/>
	<unitsAverage value='63'/>
</results>
