<results>
	<result value='loss'/>
	<start value='2015-07-19.05:41:49'/>
	<end value='2015-07-19.05:42:22'/>
	<frames value='25267'/>
	<gameDuration value='1579'/>

	<player>
		<unitScore value='10300'/>
		<killScore value='4350'/>
		<buildingScore value='3700'/>
		<razingScore value='0'/>
		<mineralScore value='13602'/>
		<gasScore value='1896'/>
		<totalScore value='33848'/>
	</player>

	<enemy>
		<race value='Zerg'/>
		<unitScore value='12225'/>
		<killScore value='17050'/>
		<buildingScore value='3230'/>
		<razingScore value='11100'/>
		<mineralScore value='14706'/>
		<gasScore value='4680'/>
		<totalScore value='62991'/>
	</enemy>

	<scoreRatio value='0.537347'/>
	<timeFitness value='0.219306'/>
	<unitsAverage value='53'/>
</results>
