<results>
	<result value='loss'/>
	<start value='2015-05-04.00:57:14'/>
	<end value='2015-05-04.00:57:18'/>
	<frames value='7597'/>
	<gameDuration value='474'/>

	<player>
		<unitScore value='800'/>
		<killScore value='50'/>
		<buildingScore value='725'/>
		<razingScore value='0'/>
		<mineralScore value='1274'/>
		<gasScore value='72'/>
		<totalScore value='2921'/>
	</player>

	<enemy>
		<race value='Zerg'/>
		<unitScore value='1250'/>
		<unitScore value='1250'/>
		<killScore value='1600'/>
		<buildingScore value='780'/>
		<razingScore value='2175'/>
		<mineralScore value='2042'/>
		<gasScore value='32'/>
		<totalScore value='7879'/>
	</enemy>

	<scoreRatio value='0.370732'/>
	<timeFitness value='0.0658333'/>
	<unitsAverage value='9'/>
</results>
