<results>
	<result value='win'/>
	<start value='2015-05-04.00:57:21'/>
	<end value='2015-05-04.00:57:50'/>
	<frames value='24616'/>
	<gameDuration value='1538'/>

	<player>
		<unitScore value='15400'/>
		<killScore value='21400'/>
		<buildingScore value='3850'/>
		<razingScore value='6780'/>
		<mineralScore value='21134'/>
		<gasScore value='1480'/>
		<totalScore value='70044'/>
	</player>

	<enemy>
		<race value='Zerg'/>
		<unitScore value='10500'/>
		<unitScore value='10500'/>
		<killScore value='12100'/>
		<buildingScore value='2260'/>
		<razingScore value='0'/>
		<mineralScore value='11050'/>
		<gasScore value='3896'/>
		<totalScore value='39806'/>
	</enemy>

	<scoreRatio value='1.75963'/>
	<timeFitness value='0.786389'/>
	<unitsAverage value='92'/>
</results>
