<results>
	<result value='win'/>
	<start value='2015-05-04.01:06:13'/>
	<end value='2015-05-04.01:06:55'/>
	<frames value='30816'/>
	<gameDuration value='1926'/>

	<player>
		<unitScore value='22275'/>
		<killScore value='29520'/>
		<buildingScore value='5325'/>
		<razingScore value='7530'/>
		<mineralScore value='30210'/>
		<gasScore value='3240'/>
		<totalScore value='98100'/>
	</player>

	<enemy>
		<race value='Zerg'/>
		<unitScore value='13275'/>
		<unitScore value='13275'/>
		<killScore value='23400'/>
		<buildingScore value='2510'/>
		<razingScore value='3600'/>
		<mineralScore value='13758'/>
		<gasScore value='3984'/>
		<totalScore value='60527'/>
	</enemy>

	<scoreRatio value='1.62076'/>
	<timeFitness value='0.7325'/>
	<unitsAverage value='105'/>
</results>
