<results>
	<result value='win'/>
	<start value='2015-05-04.01:29:38'/>
	<end value='2015-05-04.01:30:21'/>
	<frames value='29669'/>
	<gameDuration value='1854'/>

	<player>
		<unitScore value='17750'/>
		<killScore value='26070'/>
		<buildingScore value='4100'/>
		<razingScore value='6870'/>
		<mineralScore value='25098'/>
		<gasScore value='2904'/>
		<totalScore value='82792'/>
	</player>

	<enemy>
		<race value='Zerg'/>
		<unitScore value='11850'/>
		<unitScore value='11850'/>
		<killScore value='11900'/>
		<buildingScore value='2290'/>
		<razingScore value='0'/>
		<mineralScore value='11922'/>
		<gasScore value='3624'/>
		<totalScore value='41586'/>
	</enemy>

	<scoreRatio value='1.99086'/>
	<timeFitness value='0.7425'/>
	<unitsAverage value='110'/>
</results>
