<results>
	<result value='win'/>
	<start value='2015-05-04.01:34:30'/>
	<end value='2015-05-04.01:34:57'/>
	<frames value='24399'/>
	<gameDuration value='1524'/>

	<player>
		<unitScore value='13650'/>
		<killScore value='20120'/>
		<buildingScore value='3800'/>
		<razingScore value='6810'/>
		<mineralScore value='18362'/>
		<gasScore value='2160'/>
		<totalScore value='64902'/>
	</player>

	<enemy>
		<race value='Zerg'/>
		<unitScore value='9300'/>
		<unitScore value='9300'/>
		<killScore value='9150'/>
		<buildingScore value='2270'/>
		<razingScore value='225'/>
		<mineralScore value='9450'/>
		<gasScore value='2728'/>
		<totalScore value='33123'/>
	</enemy>

	<scoreRatio value='1.95942'/>
	<timeFitness value='0.788333'/>
	<unitsAverage value='84'/>
</results>
