<results>
	<result value='loss'/>
	<start value='2015-07-11.23:18:53'/>
	<end value='2015-07-11.23:19:10'/>
	<frames value='22632'/>
	<gameDuration value='1414'/>

	<player>
		<unitScore value='9250'/>
		<killScore value='4400'/>
		<buildingScore value='2400'/>
		<razingScore value='1800'/>
		<mineralScore value='11722'/>
		<gasScore value='1528'/>
		<totalScore value='31100'/>
	</player>

	<enemy>
		<race value='Terran'/>
		<unitScore value='6475'/>
		<killScore value='17100'/>
		<buildingScore value='2775'/>
		<razingScore value='7200'/>
		<mineralScore value='9938'/>
		<gasScore value='3904'/>
		<totalScore value='47392'/>
	</enemy>

	<scoreRatio value='0.656229'/>
	<timeFitness value='0.196389'/>
	<unitsAverage value='41'/>
</results>
