<results>
	<result value='loss'/>
	<start value='2015-04-13.10:02:11'/>
	<end value='2015-04-13.10:02:28'/>
	<frames value='16804'/>
	<gameDuration value='1050'/>

	<player>
		<unitScore value='5475'/>
		<killScore value='800'/>
		<buildingScore value='1750'/>
		<razingScore value='0'/>
		<mineralScore value='7306'/>
		<gasScore value='936'/>
		<totalScore value='16267'/>
	</player>

	<enemy>
		<race value='Protoss'/>
		<unitScore value='3975'/>
		<unitScore value='3975'/>
		<killScore value='10950'/>
		<buildingScore value='3325'/>
		<razingScore value='5250'/>
		<mineralScore value='8298'/>
		<gasScore value='1888'/>
		<totalScore value='33686'/>
	</enemy>

	<scoreRatio value='0.482901'/>
</results>
