<results>
	<result value='win'/>
	<start value='2015-05-11.09:22:19'/>
	<end value='2015-05-11.09:22:56'/>
	<frames value='27220'/>
	<gameDuration value='1701'/>

	<player>
		<unitScore value='19950'/>
		<killScore value='29670'/>
		<buildingScore value='4175'/>
		<razingScore value='5940'/>
		<mineralScore value='25386'/>
		<gasScore value='2096'/>
		<totalScore value='87217'/>
	</player>

	<enemy>
		<race value='Zerg'/>
		<unitScore value='13275'/>
		<unitScore value='13275'/>
		<killScore value='16400'/>
		<buildingScore value='1980'/>
		<razingScore value='0'/>
		<mineralScore value='12234'/>
		<gasScore value='3880'/>
		<totalScore value='47769'/>
	</enemy>

	<scoreRatio value='1.82581'/>
	<timeFitness value='0.76375'/>
	<unitsAverage value='103'/>
</results>
