<results>
	<result value='win'/>
	<start value='2015-05-11.09:26:10'/>
	<end value='2015-05-11.09:26:34'/>
	<frames value='23004'/>
	<gameDuration value='1437'/>

	<player>
		<unitScore value='13525'/>
		<killScore value='22520'/>
		<buildingScore value='3850'/>
		<razingScore value='5460'/>
		<mineralScore value='18410'/>
		<gasScore value='2072'/>
		<totalScore value='65837'/>
	</player>

	<enemy>
		<race value='Zerg'/>
		<unitScore value='9950'/>
		<unitScore value='9950'/>
		<killScore value='7500'/>
		<buildingScore value='1820'/>
		<razingScore value='0'/>
		<mineralScore value='9610'/>
		<gasScore value='3144'/>
		<totalScore value='32024'/>
	</enemy>

	<scoreRatio value='2.05586'/>
	<timeFitness value='0.800417'/>
	<unitsAverage value='78'/>
</results>
