<results>
	<result value='win'/>
	<start value='2015-04-08.10:41:27'/>
	<end value='2015-04-08.10:42:12'/>
	<frames value='35869'/>
	<gameDuration value='2241'/>

	<player>
		<unitScore value='27850'/>
		<killScore value='29850'/>
		<buildingScore value='3800'/>
		<razingScore value='19950'/>
		<mineralScore value='31030'/>
		<gasScore value='3488'/>
		<totalScore value='115968'/>
	</player>

	<enemy>
		<race value='Protoss'/>
		<unitScore value='15725'/>
		<unitScore value='15725'/>
		<killScore value='33400'/>
		<buildingScore value='6650'/>
		<razingScore value='300'/>
		<mineralScore value='18514'/>
		<gasScore value='5520'/>
		<totalScore value='80109'/>
	</enemy>

	<scoreRatio value='1.44763'/>
</results>
