<results>
	<result value='win'/>
	<start value='2015-04-08.10:45:42'/>
	<end value='2015-04-08.10:46:34'/>
	<frames value='40643'/>
	<gameDuration value='2540'/>

	<player>
		<unitScore value='30800'/>
		<killScore value='35850'/>
		<buildingScore value='3775'/>
		<razingScore value='22950'/>
		<mineralScore value='33974'/>
		<gasScore value='3800'/>
		<totalScore value='131149'/>
	</player>

	<enemy>
		<race value='Protoss'/>
		<unitScore value='18625'/>
		<unitScore value='18625'/>
		<killScore value='38350'/>
		<buildingScore value='7650'/>
		<razingScore value='150'/>
		<mineralScore value='22250'/>
		<gasScore value='8904'/>
		<totalScore value='95929'/>
	</enemy>

	<scoreRatio value='1.36715'/>
</results>
