<results>
	<result value='draw'/>
	<start value='2014-07-23.01:02:00'/>
	<end value='2014-07-23.01:03:07'/>
	<frames value='57601'/>
	<gameDuration value='3600'/>

	<player>
		<unitScore value='27900'/>
		<killScore value='50750'/>
		<buildingScore value='3750'/>
		<razingScore value='8625'/>
		<mineralScore value='31766'/>
		<gasScore value='5218'/>
		<totalScore value='128009'/>
	</player>

	<enemy>
		<race value='Protoss'/>
		<unitScore value='33400'/>
		<unitScore value='33400'/>
		<killScore value='53800'/>
		<buildingScore value='8800'/>
		<razingScore value='7425'/>
		<mineralScore value='30734'/>
		<gasScore value='10870'/>
		<totalScore value='145029'/>
	</enemy>

	<scoreRatio value='0.882644'/>
</results>
