<results>
	<result value='loss'/>
	<start value='2015-07-13.05:51:41'/>
	<end value='2015-07-13.05:52:19'/>
	<frames value='40550'/>
	<gameDuration value='2534'/>

	<player>
		<unitScore value='28350'/>
		<killScore value='15400'/>
		<buildingScore value='3350'/>
		<razingScore value='300'/>
		<mineralScore value='23882'/>
		<gasScore value='5080'/>
		<totalScore value='76362'/>
	</player>

	<enemy>
		<race value='Protoss'/>
		<unitScore value='26215'/>
		<killScore value='54450'/>
		<buildingScore value='7525'/>
		<razingScore value='10050'/>
		<mineralScore value='29002'/>
		<gasScore value='10046'/>
		<totalScore value='137288'/>
	</enemy>

	<scoreRatio value='0.556218'/>
	<timeFitness value='0.351944'/>
	<unitsAverage value='64'/>
</results>
