<results>
	<result value='loss'/>
	<start value='2015-07-13.05:53:57'/>
	<end value='2015-07-13.05:54:43'/>
	<frames value='38783'/>
	<gameDuration value='2423'/>

	<player>
		<unitScore value='21875'/>
		<killScore value='13000'/>
		<buildingScore value='4350'/>
		<razingScore value='300'/>
		<mineralScore value='24886'/>
		<gasScore value='2240'/>
		<totalScore value='66651'/>
	</player>

	<enemy>
		<race value='Protoss'/>
		<unitScore value='23425'/>
		<killScore value='43850'/>
		<buildingScore value='8450'/>
		<razingScore value='13050'/>
		<mineralScore value='29658'/>
		<gasScore value='8988'/>
		<totalScore value='127421'/>
	</enemy>

	<scoreRatio value='0.523077'/>
	<timeFitness value='0.336528'/>
	<unitsAverage value='74'/>
</results>
