<results>
	<result value='win'/>
	<start value='2015-04-15.01:15:22'/>
	<end value='2015-04-15.01:16:14'/>
	<frames value='36706'/>
	<gameDuration value='2294'/>

	<player>
		<unitScore value='18000'/>
		<killScore value='31450'/>
		<buildingScore value='2525'/>
		<razingScore value='18600'/>
		<mineralScore value='20578'/>
		<gasScore value='3520'/>
		<totalScore value='94673'/>
	</player>

	<enemy>
		<race value='Protoss'/>
		<unitScore value='16075'/>
		<unitScore value='16075'/>
		<killScore value='23250'/>
		<buildingScore value='6200'/>
		<razingScore value='0'/>
		<mineralScore value='20782'/>
		<gasScore value='3432'/>
		<totalScore value='69739'/>
	</enemy>

	<scoreRatio value='1.35753'/>
</results>
