<results>
	<result value='draw'/>
	<start value='2015-07-13.09:55:53'/>
	<end value='2015-07-13.09:58:26'/>
	<frames value='57601'/>
	<gameDuration value='3600'/>

	<player>
		<unitScore value='38075'/>
		<killScore value='27900'/>
		<buildingScore value='4425'/>
		<razingScore value='1725'/>
		<mineralScore value='37510'/>
		<gasScore value='5732'/>
		<totalScore value='115367'/>
	</player>

	<enemy>
		<race value='Protoss'/>
		<unitScore value='23300'/>
		<killScore value='63100'/>
		<buildingScore value='4200'/>
		<razingScore value='3525'/>
		<mineralScore value='19526'/>
		<gasScore value='10708'/>
		<totalScore value='124359'/>
	</enemy>

	<scoreRatio value='0.927693'/>
	<timeFitness value='0.5'/>
	<unitsAverage value='105'/>
</results>
