<results>
	<result value='loss'/>
	<start value='2015-05-06.07:27:08'/>
	<end value='2015-05-06.07:27:18'/>
	<frames value='19501'/>
	<gameDuration value='1218'/>

	<player>
		<unitScore value='5800'/>
		<killScore value='1400'/>
		<buildingScore value='2225'/>
		<razingScore value='0'/>
		<mineralScore value='8018'/>
		<gasScore value='1232'/>
		<totalScore value='18675'/>
	</player>

	<enemy>
		<race value='Protoss'/>
		<unitScore value='5400'/>
		<unitScore value='5400'/>
		<killScore value='11600'/>
		<buildingScore value='4375'/>
		<razingScore value='6675'/>
		<mineralScore value='10546'/>
		<gasScore value='2632'/>
		<totalScore value='41228'/>
	</enemy>

	<scoreRatio value='0.452969'/>
	<timeFitness value='0.169167'/>
	<unitsAverage value='35'/>
</results>
