<results>
	<result value='loss'/>
	<start value='2015-05-06.07:28:50'/>
	<end value='2015-05-06.07:28:55'/>
	<frames value='12030'/>
	<gameDuration value='751'/>

	<player>
		<unitScore value='1600'/>
		<killScore value='400'/>
		<buildingScore value='1200'/>
		<razingScore value='0'/>
		<mineralScore value='2770'/>
		<gasScore value='0'/>
		<totalScore value='5970'/>
	</player>

	<enemy>
		<race value='Protoss'/>
		<unitScore value='3250'/>
		<unitScore value='3250'/>
		<killScore value='3200'/>
		<buildingScore value='1575'/>
		<razingScore value='3600'/>
		<mineralScore value='6034'/>
		<gasScore value='1056'/>
		<totalScore value='18715'/>
	</enemy>

	<scoreRatio value='0.318995'/>
	<timeFitness value='0.104306'/>
	<unitsAverage value='14'/>
</results>
