<results>
	<result value='loss'/>
	<start value='2015-05-03.15:52:41'/>
	<end value='2015-05-03.15:52:52'/>
	<frames value='26042'/>
	<gameDuration value='1627'/>

	<player>
		<unitScore value='6000'/>
		<killScore value='2600'/>
		<buildingScore value='1625'/>
		<razingScore value='0'/>
		<mineralScore value='7554'/>
		<gasScore value='1000'/>
		<totalScore value='18779'/>
	</player>

	<enemy>
		<race value='Protoss'/>
		<unitScore value='9125'/>
		<unitScore value='9125'/>
		<killScore value='12000'/>
		<buildingScore value='6225'/>
		<razingScore value='4875'/>
		<mineralScore value='15138'/>
		<gasScore value='4848'/>
		<totalScore value='52211'/>
	</enemy>

	<scoreRatio value='0.359675'/>
	<timeFitness value='0.225972'/>
	<unitsAverage value='26'/>
</results>
