<results>
	<result value='win'/>
	<start value='2015-05-08.04:41:17'/>
	<end value='2015-05-08.04:41:42'/>
	<frames value='24926'/>
	<gameDuration value='1557'/>

	<player>
		<unitScore value='16525'/>
		<killScore value='24700'/>
		<buildingScore value='3425'/>
		<razingScore value='5190'/>
		<mineralScore value='24334'/>
		<gasScore value='2328'/>
		<totalScore value='76502'/>
	</player>

	<enemy>
		<race value='Zerg'/>
		<unitScore value='12075'/>
		<unitScore value='12075'/>
		<killScore value='13000'/>
		<buildingScore value='1730'/>
		<razingScore value='0'/>
		<mineralScore value='10730'/>
		<gasScore value='2888'/>
		<totalScore value='40423'/>
	</enemy>

	<scoreRatio value='1.89254'/>
	<timeFitness value='0.78375'/>
	<unitsAverage value='89'/>
</results>
