<results>
	<result value='win'/>
	<start value='2015-05-08.04:48:26'/>
	<end value='2015-05-08.04:49:51'/>
	<frames value='43464'/>
	<gameDuration value='2716'/>

	<player>
		<unitScore value='20900'/>
		<killScore value='29390'/>
		<buildingScore value='5175'/>
		<razingScore value='6090'/>
		<mineralScore value='43858'/>
		<gasScore value='5448'/>
		<totalScore value='110861'/>
	</player>

	<enemy>
		<race value='Zerg'/>
		<unitScore value='12775'/>
		<unitScore value='12775'/>
		<killScore value='17400'/>
		<buildingScore value='2030'/>
		<razingScore value='0'/>
		<mineralScore value='12102'/>
		<gasScore value='3992'/>
		<totalScore value='48299'/>
	</enemy>

	<scoreRatio value='2.29531'/>
	<timeFitness value='0.622778'/>
	<unitsAverage value='155'/>
</results>
