<results>
	<result value='draw'/>
	<start value='2015-05-08.04:53:23'/>
	<end value='2015-05-08.04:54:26'/>
	<frames value='57601'/>
	<gameDuration value='3600'/>

	<player>
		<unitScore value='28775'/>
		<killScore value='59395'/>
		<buildingScore value='3600'/>
		<razingScore value='13380'/>
		<mineralScore value='29766'/>
		<gasScore value='5640'/>
		<totalScore value='140556'/>
	</player>

	<enemy>
		<race value='Zerg'/>
		<unitScore value='28200'/>
		<unitScore value='28200'/>
		<killScore value='40950'/>
		<buildingScore value='6000'/>
		<razingScore value='2325'/>
		<mineralScore value='28254'/>
		<gasScore value='10238'/>
		<totalScore value='115967'/>
	</enemy>

	<scoreRatio value='1.21203'/>
	<timeFitness value='0.5'/>
	<unitsAverage value='83'/>
</results>
