<results>
	<result value='win'/>
	<start value='2015-04-13.01:28:46'/>
	<end value='2015-04-13.01:29:08'/>
	<frames value='30320'/>
	<gameDuration value='1895'/>

	<player>
		<unitScore value='14075'/>
		<killScore value='19250'/>
		<buildingScore value='3725'/>
		<razingScore value='19350'/>
		<mineralScore value='19610'/>
		<gasScore value='2736'/>
		<totalScore value='78746'/>
	</player>

	<enemy>
		<race value='Protoss'/>
		<unitScore value='9875'/>
		<unitScore value='9875'/>
		<killScore value='12000'/>
		<buildingScore value='6450'/>
		<razingScore value='0'/>
		<mineralScore value='14258'/>
		<gasScore value='4616'/>
		<totalScore value='47199'/>
	</enemy>

	<scoreRatio value='1.66838'/>
</results>
