<results>
	<result value='loss'/>
	<start value='2015-04-07.16:36:06'/>
	<end value='2015-04-07.16:36:47'/>
	<frames value='44580'/>
	<gameDuration value='2786'/>

	<player>
		<unitScore value='18425'/>
		<killScore value='23400'/>
		<buildingScore value='2525'/>
		<razingScore value='3150'/>
		<mineralScore value='19646'/>
		<gasScore value='4144'/>
		<totalScore value='71290'/>
	</player>

	<enemy>
		<race value='Protoss'/>
		<unitScore value='29125'/>
		<unitScore value='29125'/>
		<killScore value='36850'/>
		<buildingScore value='7975'/>
		<razingScore value='7575'/>
		<mineralScore value='30430'/>
		<gasScore value='9764'/>
		<totalScore value='121719'/>
	</enemy>

	<scoreRatio value='0.585693'/>
</results>
