<results>
	<result value='loss'/>
	<start value='2015-04-07.16:37:26'/>
	<end value='2015-04-07.16:37:35'/>
	<frames value='16773'/>
	<gameDuration value='1048'/>

	<player>
		<unitScore value='3675'/>
		<killScore value='1000'/>
		<buildingScore value='1550'/>
		<razingScore value='0'/>
		<mineralScore value='5474'/>
		<gasScore value='624'/>
		<totalScore value='12323'/>
	</player>

	<enemy>
		<race value='Protoss'/>
		<unitScore value='3550'/>
		<unitScore value='3550'/>
		<killScore value='7350'/>
		<buildingScore value='4025'/>
		<razingScore value='4650'/>
		<mineralScore value='8842'/>
		<gasScore value='1632'/>
		<totalScore value='30049'/>
	</enemy>

	<scoreRatio value='0.410097'/>
</results>
