<results>
	<result value='loss'/>
	<start value='2015-04-07.16:38:32'/>
	<end value='2015-04-07.16:38:40'/>
	<frames value='15750'/>
	<gameDuration value='984'/>

	<player>
		<unitScore value='2775'/>
		<killScore value='1000'/>
		<buildingScore value='1575'/>
		<razingScore value='0'/>
		<mineralScore value='4394'/>
		<gasScore value='544'/>
		<totalScore value='10288'/>
	</player>

	<enemy>
		<race value='Protoss'/>
		<unitScore value='3550'/>
		<unitScore value='3550'/>
		<killScore value='5050'/>
		<buildingScore value='3475'/>
		<razingScore value='4725'/>
		<mineralScore value='8210'/>
		<gasScore value='1448'/>
		<totalScore value='26458'/>
	</enemy>

	<scoreRatio value='0.388843'/>
</results>
