<results>
	<result value='win'/>
	<start value='2015-04-27.14:50:34'/>
	<end value='2015-04-27.14:51:10'/>
	<frames value='45541'/>
	<gameDuration value='2846'/>

	<player>
		<unitScore value='23800'/>
		<killScore value='27700'/>
		<buildingScore value='4225'/>
		<razingScore value='7950'/>
		<mineralScore value='26558'/>
		<gasScore value='4456'/>
		<totalScore value='94689'/>
	</player>

	<enemy>
		<race value='Terran'/>
		<unitScore value='13850'/>
		<unitScore value='13850'/>
		<killScore value='31800'/>
		<buildingScore value='2650'/>
		<razingScore value='4800'/>
		<mineralScore value='12050'/>
		<gasScore value='5674'/>
		<totalScore value='70824'/>
	</enemy>

	<scoreRatio value='1.33696'/>
</results>
