<results>
	<result value='loss'/>
	<start value='2015-07-21.09:25:35'/>
	<end value='2015-07-21.09:26:00'/>
	<frames value='24678'/>
	<gameDuration value='1542'/>

	<player>
		<unitScore value='9975'/>
		<killScore value='5000'/>
		<buildingScore value='2850'/>
		<razingScore value='0'/>
		<mineralScore value='18226'/>
		<gasScore value='1400'/>
		<totalScore value='37451'/>
	</player>

	<enemy>
		<race value='Zerg'/>
		<unitScore value='10575'/>
		<killScore value='17200'/>
		<buildingScore value='3085'/>
		<razingScore value='8550'/>
		<mineralScore value='13154'/>
		<gasScore value='4264'/>
		<totalScore value='56828'/>
	</enemy>

	<scoreRatio value='0.659024'/>
	<timeFitness value='0.214167'/>
	<unitsAverage value='59'/>
</results>
