<results>
	<result value='loss'/>
	<start value='2015-05-10.00:30:19'/>
	<end value='2015-05-10.00:30:45'/>
	<frames value='35280'/>
	<gameDuration value='2205'/>

	<player>
		<unitScore value='11875'/>
		<killScore value='12500'/>
		<buildingScore value='2550'/>
		<razingScore value='2550'/>
		<mineralScore value='13626'/>
		<gasScore value='3712'/>
		<totalScore value='46813'/>
	</player>

	<enemy>
		<race value='Protoss'/>
		<unitScore value='12600'/>
		<unitScore value='12600'/>
		<killScore value='23000'/>
		<buildingScore value='7825'/>
		<razingScore value='7650'/>
		<mineralScore value='24066'/>
		<gasScore value='5016'/>
		<totalScore value='80157'/>
	</enemy>

	<scoreRatio value='0.584016'/>
	<timeFitness value='0.30625'/>
	<unitsAverage value='56'/>
</results>
