<results>
	<result value='loss'/>
	<start value='2015-05-04.15:13:11'/>
	<end value='2015-05-04.15:13:23'/>
	<frames value='21485'/>
	<gameDuration value='1342'/>

	<player>
		<unitScore value='6275'/>
		<killScore value='4450'/>
		<buildingScore value='1925'/>
		<razingScore value='0'/>
		<mineralScore value='8042'/>
		<gasScore value='1552'/>
		<totalScore value='22244'/>
	</player>

	<enemy>
		<race value='Terran'/>
		<unitScore value='7150'/>
		<unitScore value='7150'/>
		<killScore value='12550'/>
		<buildingScore value='2350'/>
		<razingScore value='5775'/>
		<mineralScore value='10210'/>
		<gasScore value='3400'/>
		<totalScore value='41435'/>
	</enemy>

	<scoreRatio value='0.536841'/>
	<timeFitness value='0.186389'/>
	<unitsAverage value='28'/>
</results>
