<results>
	<result value='loss'/>
	<start value='2015-05-08.15:42:08'/>
	<end value='2015-05-08.15:42:16'/>
	<frames value='16587'/>
	<gameDuration value='1036'/>

	<player>
		<unitScore value='4525'/>
		<killScore value='1350'/>
		<buildingScore value='1800'/>
		<razingScore value='0'/>
		<mineralScore value='6034'/>
		<gasScore value='864'/>
		<totalScore value='14573'/>
	</player>

	<enemy>
		<race value='Terran'/>
		<unitScore value='5225'/>
		<unitScore value='5225'/>
		<killScore value='9050'/>
		<buildingScore value='1600'/>
		<razingScore value='5400'/>
		<mineralScore value='7738'/>
		<gasScore value='2312'/>
		<totalScore value='31325'/>
	</enemy>

	<scoreRatio value='0.465219'/>
	<timeFitness value='0.143889'/>
	<unitsAverage value='26'/>
</results>
