<results>
	<result value='loss'/>
	<start value='2015-05-04.15:13:40'/>
	<end value='2015-05-04.15:13:50'/>
	<frames value='17672'/>
	<gameDuration value='1104'/>

	<player>
		<unitScore value='3400'/>
		<killScore value='250'/>
		<buildingScore value='2525'/>
		<razingScore value='0'/>
		<mineralScore value='6890'/>
		<gasScore value='0'/>
		<totalScore value='13065'/>
	</player>

	<enemy>
		<race value='Terran'/>
		<unitScore value='6600'/>
		<unitScore value='6600'/>
		<killScore value='6800'/>
		<buildingScore value='2750'/>
		<razingScore value='7575'/>
		<mineralScore value='7930'/>
		<gasScore value='2848'/>
		<totalScore value='34503'/>
	</enemy>

	<scoreRatio value='0.378663'/>
	<timeFitness value='0.153333'/>
	<unitsAverage value='24'/>
</results>
