<results>
	<result value='loss'/>
	<start value='2015-05-04.15:19:15'/>
	<end value='2015-05-04.15:19:36'/>
	<frames value='39062'/>
	<gameDuration value='2441'/>

	<player>
		<unitScore value='7975'/>
		<killScore value='6550'/>
		<buildingScore value='1375'/>
		<razingScore value='0'/>
		<mineralScore value='11994'/>
		<gasScore value='824'/>
		<totalScore value='28718'/>
	</player>

	<enemy>
		<race value='Terran'/>
		<unitScore value='20475'/>
		<unitScore value='20475'/>
		<killScore value='15950'/>
		<buildingScore value='5475'/>
		<razingScore value='4125'/>
		<mineralScore value='20874'/>
		<gasScore value='12346'/>
		<totalScore value='79245'/>
	</enemy>

	<scoreRatio value='0.362395'/>
	<timeFitness value='0.339028'/>
	<unitsAverage value='29'/>
</results>
