<results>
	<result value='loss'/>
	<start value='2015-05-04.02:45:53'/>
	<end value='2015-05-04.02:45:59'/>
	<frames value='15781'/>
	<gameDuration value='986'/>

	<player>
		<unitScore value='2750'/>
		<killScore value='0'/>
		<buildingScore value='1675'/>
		<razingScore value='0'/>
		<mineralScore value='4690'/>
		<gasScore value='448'/>
		<totalScore value='9563'/>
	</player>

	<enemy>
		<race value='Protoss'/>
		<unitScore value='4625'/>
		<unitScore value='4625'/>
		<killScore value='5500'/>
		<buildingScore value='2975'/>
		<razingScore value='5025'/>
		<mineralScore value='7730'/>
		<gasScore value='2144'/>
		<totalScore value='27999'/>
	</enemy>

	<scoreRatio value='0.341548'/>
	<timeFitness value='0.136944'/>
	<unitsAverage value='20'/>
</results>
