<results>
	<result value='loss'/>
	<start value='2015-05-10.16:32:10'/>
	<end value='2015-05-10.16:33:14'/>
	<frames value='41759'/>
	<gameDuration value='2609'/>

	<player>
		<unitScore value='21625'/>
		<killScore value='22150'/>
		<buildingScore value='4075'/>
		<razingScore value='1200'/>
		<mineralScore value='22670'/>
		<gasScore value='3880'/>
		<totalScore value='75600'/>
	</player>

	<enemy>
		<race value='Protoss'/>
		<unitScore value='29600'/>
		<unitScore value='29600'/>
		<killScore value='43350'/>
		<buildingScore value='7575'/>
		<razingScore value='12225'/>
		<mineralScore value='28258'/>
		<gasScore value='11280'/>
		<totalScore value='132288'/>
	</enemy>

	<scoreRatio value='0.57148'/>
	<timeFitness value='0.362361'/>
	<unitsAverage value='77'/>
</results>
