<results>
	<result value='win'/>
	<start value='2015-05-16.23:57:19'/>
	<end value='2015-05-16.23:58:13'/>
	<frames value='29793'/>
	<gameDuration value='1862'/>

	<player>
		<unitScore value='19850'/>
		<killScore value='31785'/>
		<buildingScore value='3725'/>
		<razingScore value='6570'/>
		<mineralScore value='30154'/>
		<gasScore value='2736'/>
		<totalScore value='94820'/>
	</player>

	<enemy>
		<race value='Zerg'/>
		<unitScore value='14250'/>
		<unitScore value='14250'/>
		<killScore value='16150'/>
		<buildingScore value='2190'/>
		<razingScore value='0'/>
		<mineralScore value='14090'/>
		<gasScore value='4392'/>
		<totalScore value='51072'/>
	</enemy>

	<scoreRatio value='1.85659'/>
	<timeFitness value='0.741389'/>
	<unitsAverage value='115'/>
</results>
