<results>
	<result value='win'/>
	<start value='2015-05-16.23:59:19'/>
	<end value='2015-05-17.00:00:09'/>
	<frames value='27003'/>
	<gameDuration value='1687'/>

	<player>
		<unitScore value='19325'/>
		<killScore value='26295'/>
		<buildingScore value='4175'/>
		<razingScore value='4635'/>
		<mineralScore value='33094'/>
		<gasScore value='2008'/>
		<totalScore value='89532'/>
	</player>

	<enemy>
		<race value='Zerg'/>
		<unitScore value='12050'/>
		<unitScore value='12050'/>
		<killScore value='15900'/>
		<buildingScore value='1545'/>
		<razingScore value='0'/>
		<mineralScore value='11194'/>
		<gasScore value='3080'/>
		<totalScore value='43769'/>
	</enemy>

	<scoreRatio value='2.04556'/>
	<timeFitness value='0.765694'/>
	<unitsAverage value='116'/>
</results>
