<results>
	<result value='win'/>
	<start value='2015-05-17.00:06:38'/>
	<end value='2015-05-17.00:08:18'/>
	<frames value='40674'/>
	<gameDuration value='2542'/>

	<player>
		<unitScore value='21600'/>
		<killScore value='30490'/>
		<buildingScore value='4375'/>
		<razingScore value='6690'/>
		<mineralScore value='44770'/>
		<gasScore value='4296'/>
		<totalScore value='112221'/>
	</player>

	<enemy>
		<race value='Zerg'/>
		<unitScore value='13975'/>
		<unitScore value='13975'/>
		<killScore value='20300'/>
		<buildingScore value='2230'/>
		<razingScore value='150'/>
		<mineralScore value='14542'/>
		<gasScore value='4160'/>
		<totalScore value='55357'/>
	</enemy>

	<scoreRatio value='2.02722'/>
	<timeFitness value='0.646944'/>
	<unitsAverage value='153'/>
</results>
