<results>
	<result value='win'/>
	<start value='2015-05-17.00:08:22'/>
	<end value='2015-05-17.00:09:07'/>
	<frames value='26259'/>
	<gameDuration value='1641'/>

	<player>
		<unitScore value='17500'/>
		<killScore value='26355'/>
		<buildingScore value='4450'/>
		<razingScore value='4875'/>
		<mineralScore value='25754'/>
		<gasScore value='2368'/>
		<totalScore value='81302'/>
	</player>

	<enemy>
		<race value='Zerg'/>
		<unitScore value='11850'/>
		<unitScore value='11850'/>
		<killScore value='11950'/>
		<buildingScore value='1625'/>
		<razingScore value='0'/>
		<mineralScore value='10914'/>
		<gasScore value='3328'/>
		<totalScore value='39667'/>
	</enemy>

	<scoreRatio value='2.04961'/>
	<timeFitness value='0.772083'/>
	<unitsAverage value='104'/>
</results>
