<results>
	<result value='loss'/>
	<start value='2015-07-09.00:57:18'/>
	<end value='2015-07-09.00:57:54'/>
	<frames value='18447'/>
	<gameDuration value='1152'/>

	<player>
		<unitScore value='3000'/>
		<killScore value='0'/>
		<buildingScore value='2600'/>
		<razingScore value='0'/>
		<mineralScore value='8082'/>
		<gasScore value='0'/>
		<totalScore value='13682'/>
	</player>

	<enemy>
		<race value='Terran'/>
		<unitScore value='7050'/>
		<killScore value='6000'/>
		<buildingScore value='2950'/>
		<razingScore value='7800'/>
		<mineralScore value='8418'/>
		<gasScore value='2936'/>
		<totalScore value='35154'/>
	</enemy>

	<scoreRatio value='0.389202'/>
	<timeFitness value='0.16'/>
	<unitsAverage value='23'/>
</results>
