<results>
	<result value='loss'/>
	<start value='2015-07-08.18:27:06'/>
	<end value='2015-07-08.18:27:17'/>
	<frames value='14572'/>
	<gameDuration value='910'/>

	<player>
		<unitScore value='1975'/>
		<killScore value='400'/>
		<buildingScore value='1225'/>
		<razingScore value='0'/>
		<mineralScore value='2578'/>
		<gasScore value='664'/>
		<totalScore value='6842'/>
	</player>

	<enemy>
		<race value='Terran'/>
		<unitScore value='4275'/>
		<killScore value='3850'/>
		<buildingScore value='1450'/>
		<razingScore value='3675'/>
		<mineralScore value='6538'/>
		<gasScore value='2144'/>
		<totalScore value='21932'/>
	</enemy>

	<scoreRatio value='0.311964'/>
	<timeFitness value='0.126389'/>
	<unitsAverage value='14'/>
</results>
