<results>
	<result value='win'/>
	<start value='2015-05-07.16:29:04'/>
	<end value='2015-05-07.16:29:25'/>
	<frames value='23066'/>
	<gameDuration value='1441'/>

	<player>
		<unitScore value='14575'/>
		<killScore value='19345'/>
		<buildingScore value='4175'/>
		<razingScore value='5460'/>
		<mineralScore value='19290'/>
		<gasScore value='1568'/>
		<totalScore value='64413'/>
	</player>

	<enemy>
		<race value='Zerg'/>
		<unitScore value='8850'/>
		<unitScore value='8850'/>
		<killScore value='10950'/>
		<buildingScore value='1820'/>
		<razingScore value='0'/>
		<mineralScore value='8786'/>
		<gasScore value='2784'/>
		<totalScore value='33190'/>
	</enemy>

	<scoreRatio value='1.94074'/>
	<timeFitness value='0.799861'/>
	<unitsAverage value='77'/>
</results>
