<results>
	<result value='win'/>
	<start value='2015-05-07.16:30:48'/>
	<end value='2015-05-07.16:31:08'/>
	<frames value='24182'/>
	<gameDuration value='1511'/>

	<player>
		<unitScore value='11575'/>
		<killScore value='16980'/>
		<buildingScore value='3500'/>
		<razingScore value='5460'/>
		<mineralScore value='17018'/>
		<gasScore value='1816'/>
		<totalScore value='56349'/>
	</player>

	<enemy>
		<race value='Zerg'/>
		<unitScore value='7850'/>
		<unitScore value='7850'/>
		<killScore value='7300'/>
		<buildingScore value='1820'/>
		<razingScore value='0'/>
		<mineralScore value='7986'/>
		<gasScore value='2544'/>
		<totalScore value='27500'/>
	</enemy>

	<scoreRatio value='2.04905'/>
	<timeFitness value='0.790139'/>
	<unitsAverage value='72'/>
</results>
