<results>
	<result value='win'/>
	<start value='2015-05-07.16:36:05'/>
	<end value='2015-05-07.16:36:31'/>
	<frames value='27561'/>
	<gameDuration value='1722'/>

	<player>
		<unitScore value='16525'/>
		<killScore value='30310'/>
		<buildingScore value='3650'/>
		<razingScore value='6495'/>
		<mineralScore value='21934'/>
		<gasScore value='2664'/>
		<totalScore value='81578'/>
	</player>

	<enemy>
		<race value='Zerg'/>
		<unitScore value='13050'/>
		<unitScore value='13050'/>
		<killScore value='14750'/>
		<buildingScore value='2165'/>
		<razingScore value='0'/>
		<mineralScore value='12746'/>
		<gasScore value='4240'/>
		<totalScore value='46951'/>
	</enemy>

	<scoreRatio value='1.73751'/>
	<timeFitness value='0.760833'/>
	<unitsAverage value='86'/>
</results>
