<results>
	<result value='win'/>
	<start value='2015-05-07.16:58:52'/>
	<end value='2015-05-07.16:59:14'/>
	<frames value='23097'/>
	<gameDuration value='1443'/>

	<player>
		<unitScore value='12725'/>
		<killScore value='20170'/>
		<buildingScore value='4075'/>
		<razingScore value='5460'/>
		<mineralScore value='22394'/>
		<gasScore value='1912'/>
		<totalScore value='66736'/>
	</player>

	<enemy>
		<race value='Zerg'/>
		<unitScore value='9625'/>
		<unitScore value='9625'/>
		<killScore value='7450'/>
		<buildingScore value='1820'/>
		<razingScore value='0'/>
		<mineralScore value='9026'/>
		<gasScore value='3032'/>
		<totalScore value='30953'/>
	</enemy>

	<scoreRatio value='2.15604'/>
	<timeFitness value='0.799583'/>
	<unitsAverage value='85'/>
</results>
