<results>
	<result value='win'/>
	<start value='2015-05-09.22:01:31'/>
	<end value='2015-05-09.22:02:18'/>
	<frames value='33389'/>
	<gameDuration value='2086'/>

	<player>
		<unitScore value='17525'/>
		<killScore value='21500'/>
		<buildingScore value='2825'/>
		<razingScore value='15975'/>
		<mineralScore value='20566'/>
		<gasScore value='3104'/>
		<totalScore value='81495'/>
	</player>

	<enemy>
		<race value='Protoss'/>
		<unitScore value='11450'/>
		<unitScore value='11450'/>
		<killScore value='17000'/>
		<buildingScore value='5325'/>
		<razingScore value='150'/>
		<mineralScore value='13106'/>
		<gasScore value='3384'/>
		<totalScore value='50415'/>
	</enemy>

	<scoreRatio value='1.61648'/>
	<timeFitness value='0.710278'/>
	<unitsAverage value='89'/>
</results>
