<results>
	<result value='win'/>
	<start value='2015-05-12.00:12:54'/>
	<end value='2015-05-12.00:14:52'/>
	<frames value='51338'/>
	<gameDuration value='3208'/>

	<player>
		<unitScore value='21575'/>
		<killScore value='33475'/>
		<buildingScore value='5025'/>
		<razingScore value='5040'/>
		<mineralScore value='50630'/>
		<gasScore value='9320'/>
		<totalScore value='125065'/>
	</player>

	<enemy>
		<race value='Zerg'/>
		<unitScore value='14275'/>
		<unitScore value='14275'/>
		<killScore value='19400'/>
		<buildingScore value='1680'/>
		<razingScore value='0'/>
		<mineralScore value='12186'/>
		<gasScore value='3512'/>
		<totalScore value='51053'/>
	</enemy>

	<scoreRatio value='2.44971'/>
	<timeFitness value='0.554444'/>
	<unitsAverage value='170'/>
</results>
