<results>
	<result value='win'/>
	<start value='2015-05-12.00:19:20'/>
	<end value='2015-05-12.00:19:49'/>
	<frames value='24585'/>
	<gameDuration value='1536'/>

	<player>
		<unitScore value='15575'/>
		<killScore value='22370'/>
		<buildingScore value='4025'/>
		<razingScore value='4560'/>
		<mineralScore value='25426'/>
		<gasScore value='2496'/>
		<totalScore value='74452'/>
	</player>

	<enemy>
		<race value='Zerg'/>
		<unitScore value='9775'/>
		<unitScore value='9775'/>
		<killScore value='11850'/>
		<buildingScore value='1520'/>
		<razingScore value='0'/>
		<mineralScore value='9034'/>
		<gasScore value='2488'/>
		<totalScore value='34667'/>
	</enemy>

	<scoreRatio value='2.14763'/>
	<timeFitness value='0.786667'/>
	<unitsAverage value='93'/>
</results>
