<results>
	<result value='loss'/>
	<start value='2015-05-01.14:38:25'/>
	<end value='2015-05-01.14:38:40'/>
	<frames value='16556'/>
	<gameDuration value='1034'/>

	<player>
		<unitScore value='3400'/>
		<killScore value='600'/>
		<buildingScore value='2025'/>
		<razingScore value='0'/>
		<mineralScore value='5498'/>
		<gasScore value='888'/>
		<totalScore value='12411'/>
	</player>

	<enemy>
		<race value='Protoss'/>
		<unitScore value='3650'/>
		<unitScore value='3650'/>
		<killScore value='6800'/>
		<buildingScore value='4025'/>
		<razingScore value='5850'/>
		<mineralScore value='8866'/>
		<gasScore value='1632'/>
		<totalScore value='30823'/>
	</enemy>

	<scoreRatio value='0.402654'/>
	<timeFitness value='0.143611'/>
	<unitsAverage value='24'/>
</results>
