<results>
	<result value='loss'/>
	<start value='2015-05-01.14:46:22'/>
	<end value='2015-05-01.14:48:03'/>
	<frames value='54004'/>
	<gameDuration value='3375'/>

	<player>
		<unitScore value='30375'/>
		<killScore value='47650'/>
		<buildingScore value='3025'/>
		<razingScore value='1200'/>
		<mineralScore value='31566'/>
		<gasScore value='6008'/>
		<totalScore value='119824'/>
	</player>

	<enemy>
		<race value='Protoss'/>
		<unitScore value='36250'/>
		<unitScore value='36250'/>
		<killScore value='60750'/>
		<buildingScore value='6750'/>
		<razingScore value='9075'/>
		<mineralScore value='31486'/>
		<gasScore value='10912'/>
		<totalScore value='155223'/>
	</enemy>

	<scoreRatio value='0.771947'/>
	<timeFitness value='0.46875'/>
	<unitsAverage value='104'/>
</results>
