<results>
	<result value='loss'/>
	<start value='2015-05-01.14:48:08'/>
	<end value='2015-05-01.14:48:42'/>
	<frames value='33079'/>
	<gameDuration value='2067'/>

	<player>
		<unitScore value='10225'/>
		<killScore value='9250'/>
		<buildingScore value='2600'/>
		<razingScore value='0'/>
		<mineralScore value='12986'/>
		<gasScore value='3344'/>
		<totalScore value='38405'/>
	</player>

	<enemy>
		<race value='Protoss'/>
		<unitScore value='16925'/>
		<unitScore value='16925'/>
		<killScore value='19850'/>
		<buildingScore value='6975'/>
		<razingScore value='7800'/>
		<mineralScore value='20150'/>
		<gasScore value='7576'/>
		<totalScore value='79276'/>
	</enemy>

	<scoreRatio value='0.484447'/>
	<timeFitness value='0.287083'/>
	<unitsAverage value='40'/>
</results>
