<results>
	<result value='win'/>
	<start value='2015-05-01.14:52:24'/>
	<end value='2015-05-01.14:53:21'/>
	<frames value='30754'/>
	<gameDuration value='1922'/>

	<player>
		<unitScore value='18200'/>
		<killScore value='21150'/>
		<buildingScore value='3750'/>
		<razingScore value='15675'/>
		<mineralScore value='24770'/>
		<gasScore value='3336'/>
		<totalScore value='86881'/>
	</player>

	<enemy>
		<race value='Protoss'/>
		<unitScore value='11275'/>
		<unitScore value='11275'/>
		<killScore value='15350'/>
		<buildingScore value='5225'/>
		<razingScore value='300'/>
		<mineralScore value='13694'/>
		<gasScore value='3680'/>
		<totalScore value='49524'/>
	</enemy>

	<scoreRatio value='1.75432'/>
	<timeFitness value='0.733056'/>
	<unitsAverage value='101'/>
</results>
