<results>
	<result value='win'/>
	<start value='2015-05-01.15:02:48'/>
	<end value='2015-05-01.15:04:33'/>
	<frames value='43309'/>
	<gameDuration value='2706'/>

	<player>
		<unitScore value='21425'/>
		<killScore value='31650'/>
		<buildingScore value='4325'/>
		<razingScore value='17625'/>
		<mineralScore value='40486'/>
		<gasScore value='4696'/>
		<totalScore value='120207'/>
	</player>

	<enemy>
		<race value='Protoss'/>
		<unitScore value='18150'/>
		<unitScore value='18150'/>
		<killScore value='18950'/>
		<buildingScore value='5875'/>
		<razingScore value='150'/>
		<mineralScore value='16354'/>
		<gasScore value='5680'/>
		<totalScore value='65159'/>
	</enemy>

	<scoreRatio value='1.84483'/>
	<timeFitness value='0.624167'/>
	<unitsAverage value='137'/>
</results>
