<results>
	<result value='win'/>
	<start value='2015-05-10.18:42:59'/>
	<end value='2015-05-10.18:43:40'/>
	<frames value='34288'/>
	<gameDuration value='2143'/>

	<player>
		<unitScore value='18900'/>
		<killScore value='23250'/>
		<buildingScore value='3975'/>
		<razingScore value='22725'/>
		<mineralScore value='26966'/>
		<gasScore value='2904'/>
		<totalScore value='98720'/>
	</player>

	<enemy>
		<race value='Protoss'/>
		<unitScore value='11625'/>
		<unitScore value='11625'/>
		<killScore value='16100'/>
		<buildingScore value='7575'/>
		<razingScore value='1350'/>
		<mineralScore value='19398'/>
		<gasScore value='5792'/>
		<totalScore value='61840'/>
	</enemy>

	<scoreRatio value='1.59638'/>
	<timeFitness value='0.702361'/>
	<unitsAverage value='89'/>
</results>
