<results>
	<result value='win'/>
	<start value='2015-04-08.09:57:28'/>
	<end value='2015-04-08.09:58:07'/>
	<frames value='35125'/>
	<gameDuration value='2195'/>

	<player>
		<unitScore value='25075'/>
		<killScore value='34600'/>
		<buildingScore value='3775'/>
		<razingScore value='17100'/>
		<mineralScore value='30974'/>
		<gasScore value='4960'/>
		<totalScore value='116484'/>
	</player>

	<enemy>
		<race value='Protoss'/>
		<unitScore value='20400'/>
		<unitScore value='20400'/>
		<killScore value='27200'/>
		<buildingScore value='5700'/>
		<razingScore value='150'/>
		<mineralScore value='17850'/>
		<gasScore value='7880'/>
		<totalScore value='79180'/>
	</enemy>

	<scoreRatio value='1.47113'/>
</results>
