<results>
	<result value='loss'/>
	<start value='2015-04-07.23:08:49'/>
	<end value='2015-04-07.23:08:57'/>
	<frames value='15874'/>
	<gameDuration value='992'/>

	<player>
		<unitScore value='2900'/>
		<killScore value='1000'/>
		<buildingScore value='1600'/>
		<razingScore value='0'/>
		<mineralScore value='4786'/>
		<gasScore value='840'/>
		<totalScore value='11126'/>
	</player>

	<enemy>
		<race value='Protoss'/>
		<unitScore value='3550'/>
		<unitScore value='3550'/>
		<killScore value='5550'/>
		<buildingScore value='3825'/>
		<razingScore value='4800'/>
		<mineralScore value='8402'/>
		<gasScore value='1600'/>
		<totalScore value='27727'/>
	</enemy>

	<scoreRatio value='0.40127'/>
</results>
