<results>
	<result value='loss'/>
	<start value='2015-04-07.22:56:53'/>
	<end value='2015-04-07.22:57:25'/>
	<frames value='42410'/>
	<gameDuration value='2650'/>

	<player>
		<unitScore value='20950'/>
		<killScore value='21900'/>
		<buildingScore value='3475'/>
		<razingScore value='3300'/>
		<mineralScore value='24614'/>
		<gasScore value='4256'/>
		<totalScore value='78495'/>
	</player>

	<enemy>
		<race value='Protoss'/>
		<unitScore value='25525'/>
		<unitScore value='25525'/>
		<killScore value='41900'/>
		<buildingScore value='8225'/>
		<razingScore value='10425'/>
		<mineralScore value='28466'/>
		<gasScore value='7856'/>
		<totalScore value='122397'/>
	</enemy>

	<scoreRatio value='0.641315'/>
</results>
