<results>
	<result value='loss'/>
	<start value='2015-04-07.22:57:38'/>
	<end value='2015-04-07.22:57:51'/>
	<frames value='28212'/>
	<gameDuration value='1763'/>

	<player>
		<unitScore value='2725'/>
		<killScore value='2400'/>
		<buildingScore value='1525'/>
		<razingScore value='0'/>
		<mineralScore value='4274'/>
		<gasScore value='456'/>
		<totalScore value='11380'/>
	</player>

	<enemy>
		<race value='Protoss'/>
		<unitScore value='12950'/>
		<unitScore value='12950'/>
		<killScore value='5450'/>
		<buildingScore value='6875'/>
		<razingScore value='4575'/>
		<mineralScore value='17362'/>
		<gasScore value='6792'/>
		<totalScore value='54004'/>
	</enemy>

	<scoreRatio value='0.210725'/>
</results>
