<results>
	<result value='win'/>
	<start value='2014-07-22.21:10:14'/>
	<end value='2014-07-22.21:10:41'/>
	<frames value='36675'/>
	<gameDuration value='2292'/>

	<player>
		<unitScore value='16800'/>
		<killScore value='26200'/>
		<buildingScore value='4450'/>
		<razingScore value='10500'/>
		<mineralScore value='23738'/>
		<gasScore value='3912'/>
		<totalScore value='85600'/>
	</player>

	<enemy>
		<race value='Terran'/>
		<unitScore value='13100'/>
		<unitScore value='13100'/>
		<killScore value='17750'/>
		<buildingScore value='3500'/>
		<razingScore value='3450'/>
		<mineralScore value='13106'/>
		<gasScore value='5966'/>
		<totalScore value='56872'/>
	</enemy>

	<scoreRatio value='1.50513'/>
</results>
