<results>
	<result value='win'/>
	<start value='2014-07-05.15:23:10'/>
	<end value='2014-07-05.15:23:34'/>
	<frames value='28336'/>
	<gameDuration value='1771'/>

	<player>
		<unitScore value='16500'/>
		<killScore value='21070'/>
		<buildingScore value='4125'/>
		<razingScore value='8145'/>
		<mineralScore value='25674'/>
		<gasScore value='2184'/>
		<totalScore value='77698'/>
	</player>

	<enemy>
		<race value='Zerg'/>
		<unitScore value='9825'/>
		<unitScore value='9825'/>
		<killScore value='10850'/>
		<buildingScore value='2715'/>
		<razingScore value='0'/>
		<mineralScore value='10746'/>
		<gasScore value='3128'/>
		<totalScore value='37264'/>
	</enemy>

	<scoreRatio value='2.08507'/>
</results>
