<results>
	<result value='loss'/>
	<start value='2014-07-10.17:16:11'/>
	<end value='2014-07-10.17:16:45'/>
	<frames value='46533'/>
	<gameDuration value='2908'/>

	<player>
		<unitScore value='19725'/>
		<killScore value='31400'/>
		<buildingScore value='2425'/>
		<razingScore value='3300'/>
		<mineralScore value='21134'/>
		<gasScore value='3192'/>
		<totalScore value='81176'/>
	</player>

	<enemy>
		<race value='Protoss'/>
		<unitScore value='25050'/>
		<unitScore value='25050'/>
		<killScore value='39550'/>
		<buildingScore value='8125'/>
		<razingScore value='6975'/>
		<mineralScore value='28318'/>
		<gasScore value='8032'/>
		<totalScore value='116050'/>
	</enemy>

	<scoreRatio value='0.699492'/>
</results>
