<results>
	<result value='loss'/>
	<start value='2015-07-14.04:58:45'/>
	<end value='2015-07-14.04:58:54'/>
	<frames value='17486'/>
	<gameDuration value='1092'/>

	<player>
		<unitScore value='4425'/>
		<killScore value='2100'/>
		<buildingScore value='1700'/>
		<razingScore value='0'/>
		<mineralScore value='5378'/>
		<gasScore value='840'/>
		<totalScore value='14443'/>
	</player>

	<enemy>
		<race value='Protoss'/>
		<unitScore value='3600'/>
		<killScore value='7900'/>
		<buildingScore value='3975'/>
		<razingScore value='5100'/>
		<mineralScore value='9338'/>
		<gasScore value='1840'/>
		<totalScore value='31753'/>
	</enemy>

	<scoreRatio value='0.454855'/>
	<timeFitness value='0.151667'/>
	<unitsAverage value='24'/>
</results>
