<results>
	<result value='loss'/>
	<start value='2015-05-03.16:00:40'/>
	<end value='2015-05-03.16:00:48'/>
	<frames value='16556'/>
	<gameDuration value='1034'/>

	<player>
		<unitScore value='5150'/>
		<killScore value='600'/>
		<buildingScore value='1625'/>
		<razingScore value='0'/>
		<mineralScore value='7226'/>
		<gasScore value='1032'/>
		<totalScore value='15633'/>
	</player>

	<enemy>
		<race value='Protoss'/>
		<unitScore value='3875'/>
		<unitScore value='3875'/>
		<killScore value='10300'/>
		<buildingScore value='3325'/>
		<razingScore value='4875'/>
		<mineralScore value='8514'/>
		<gasScore value='1912'/>
		<totalScore value='32801'/>
	</enemy>

	<scoreRatio value='0.476601'/>
	<timeFitness value='0.143611'/>
	<unitsAverage value='30'/>
</results>
