<results>
	<result value='loss'/>
	<start value='2015-05-09.18:30:26'/>
	<end value='2015-05-09.18:31:15'/>
	<frames value='48176'/>
	<gameDuration value='3011'/>

	<player>
		<unitScore value='22125'/>
		<killScore value='27650'/>
		<buildingScore value='2625'/>
		<razingScore value='7725'/>
		<mineralScore value='24046'/>
		<gasScore value='5218'/>
		<totalScore value='89389'/>
	</player>

	<enemy>
		<race value='Protoss'/>
		<unitScore value='28325'/>
		<unitScore value='28325'/>
		<killScore value='44250'/>
		<buildingScore value='10725'/>
		<razingScore value='7875'/>
		<mineralScore value='33610'/>
		<gasScore value='9622'/>
		<totalScore value='134407'/>
	</enemy>

	<scoreRatio value='0.665062'/>
	<timeFitness value='0.418194'/>
	<unitsAverage value='79'/>
</results>
