<results>
	<result value='win'/>
	<start value='2015-04-29.17:38:53'/>
	<end value='2015-04-29.17:39:09'/>
	<frames value='19656'/>
	<gameDuration value='1228'/>

	<player>
		<unitScore value='7600'/>
		<killScore value='12150'/>
		<buildingScore value='2950'/>
		<razingScore value='4350'/>
		<mineralScore value='13038'/>
		<gasScore value='1768'/>
		<totalScore value='41856'/>
	</player>

	<enemy>
		<race value='Terran'/>
		<unitScore value='6075'/>
		<unitScore value='6075'/>
		<killScore value='3000'/>
		<buildingScore value='1450'/>
		<razingScore value='1350'/>
		<mineralScore value='8098'/>
		<gasScore value='2176'/>
		<totalScore value='22149'/>
	</enemy>

	<scoreRatio value='1.88975'/>
	<timeFitness value='0.829444'/>
	<unitsAverage value='59'/>
</results>
