<results>
	<result value='loss'/>
	<start value='2014-07-06.03:04:23'/>
	<end value='2014-07-06.03:04:50'/>
	<frames value='38845'/>
	<gameDuration value='2427'/>

	<player>
		<unitScore value='15200'/>
		<killScore value='10450'/>
		<buildingScore value='2750'/>
		<razingScore value='300'/>
		<mineralScore value='17394'/>
		<gasScore value='2192'/>
		<totalScore value='48286'/>
	</player>

	<enemy>
		<race value='Protoss'/>
		<unitScore value='23575'/>
		<unitScore value='23575'/>
		<killScore value='30400'/>
		<buildingScore value='7225'/>
		<razingScore value='8025'/>
		<mineralScore value='27514'/>
		<gasScore value='8824'/>
		<totalScore value='105563'/>
	</enemy>

	<scoreRatio value='0.457414'/>
</results>
