<results>
	<result value='loss'/>
	<start value='2014-07-06.03:17:49'/>
	<end value='2014-07-06.03:17:59'/>
	<frames value='18912'/>
	<gameDuration value='1182'/>

	<player>
		<unitScore value='5075'/>
		<killScore value='2200'/>
		<buildingScore value='1625'/>
		<razingScore value='0'/>
		<mineralScore value='6586'/>
		<gasScore value='768'/>
		<totalScore value='16254'/>
	</player>

	<enemy>
		<race value='Protoss'/>
		<unitScore value='5125'/>
		<unitScore value='5125'/>
		<killScore value='9050'/>
		<buildingScore value='4275'/>
		<razingScore value='4875'/>
		<mineralScore value='9738'/>
		<gasScore value='2592'/>
		<totalScore value='35655'/>
	</enemy>

	<scoreRatio value='0.455869'/>
</results>
