<results>
	<result value='win'/>
	<start value='2015-04-14.06:22:00'/>
	<end value='2015-04-14.06:22:47'/>
	<frames value='27747'/>
	<gameDuration value='1734'/>

	<player>
		<unitScore value='14450'/>
		<killScore value='7700'/>
		<buildingScore value='4225'/>
		<razingScore value='14175'/>
		<mineralScore value='22874'/>
		<gasScore value='3080'/>
		<totalScore value='66504'/>
	</player>

	<enemy>
		<race value='Protoss'/>
		<unitScore value='3850'/>
		<unitScore value='3850'/>
		<killScore value='7200'/>
		<buildingScore value='4725'/>
		<razingScore value='0'/>
		<mineralScore value='10930'/>
		<gasScore value='1736'/>
		<totalScore value='28441'/>
	</enemy>

	<scoreRatio value='2.33831'/>
</results>
