<results>
	<result value='win'/>
	<start value='2015-04-14.06:29:05'/>
	<end value='2015-04-14.06:30:10'/>
	<frames value='30475'/>
	<gameDuration value='1904'/>

	<player>
		<unitScore value='21275'/>
		<killScore value='15300'/>
		<buildingScore value='3850'/>
		<razingScore value='11625'/>
		<mineralScore value='29810'/>
		<gasScore value='2216'/>
		<totalScore value='84076'/>
	</player>

	<enemy>
		<race value='Protoss'/>
		<unitScore value='7650'/>
		<unitScore value='7650'/>
		<killScore value='18150'/>
		<buildingScore value='3875'/>
		<razingScore value='0'/>
		<mineralScore value='19202'/>
		<gasScore value='1160'/>
		<totalScore value='50037'/>
	</enemy>

	<scoreRatio value='1.68028'/>
</results>
