<results>
	<result value='loss'/>
	<start value='2015-07-19.15:11:31'/>
	<end value='2015-07-19.15:11:59'/>
	<frames value='23903'/>
	<gameDuration value='1493'/>

	<player>
		<unitScore value='8700'/>
		<killScore value='1650'/>
		<buildingScore value='3325'/>
		<razingScore value='0'/>
		<mineralScore value='12914'/>
		<gasScore value='1248'/>
		<totalScore value='27837'/>
	</player>

	<enemy>
		<race value='Zerg'/>
		<unitScore value='10125'/>
		<killScore value='14300'/>
		<buildingScore value='3020'/>
		<razingScore value='9975'/>
		<mineralScore value='12730'/>
		<gasScore value='4288'/>
		<totalScore value='54438'/>
	</enemy>

	<scoreRatio value='0.511352'/>
	<timeFitness value='0.207361'/>
	<unitsAverage value='52'/>
</results>
