<results>
	<result value='loss'/>
	<start value='2015-07-19.15:21:38'/>
	<end value='2015-07-19.15:22:14'/>
	<frames value='42255'/>
	<gameDuration value='2640'/>

	<player>
		<unitScore value='12600'/>
		<killScore value='13310'/>
		<buildingScore value='3825'/>
		<razingScore value='1020'/>
		<mineralScore value='15174'/>
		<gasScore value='1976'/>
		<totalScore value='47905'/>
	</player>

	<enemy>
		<race value='Zerg'/>
		<unitScore value='20925'/>
		<killScore value='25200'/>
		<buildingScore value='4995'/>
		<razingScore value='12675'/>
		<mineralScore value='22438'/>
		<gasScore value='7894'/>
		<totalScore value='94127'/>
	</enemy>

	<scoreRatio value='0.50894'/>
	<timeFitness value='0.366667'/>
	<unitsAverage value='42'/>
</results>
