<results>
	<result value='loss'/>
	<start value='2015-04-12.15:24:29'/>
	<end value='2015-04-12.15:24:44'/>
	<frames value='17362'/>
	<gameDuration value='1085'/>

	<player>
		<unitScore value='4425'/>
		<killScore value='1600'/>
		<buildingScore value='1475'/>
		<razingScore value='0'/>
		<mineralScore value='6082'/>
		<gasScore value='1000'/>
		<totalScore value='14582'/>
	</player>

	<enemy>
		<race value='Protoss'/>
		<unitScore value='4925'/>
		<unitScore value='4925'/>
		<killScore value='8850'/>
		<buildingScore value='3325'/>
		<razingScore value='4425'/>
		<mineralScore value='9034'/>
		<gasScore value='2232'/>
		<totalScore value='32791'/>
	</enemy>

	<scoreRatio value='0.444695'/>
</results>
