<results>
	<result value='loss'/>
	<start value='2015-07-18.05:42:50'/>
	<end value='2015-07-18.05:43:03'/>
	<frames value='18788'/>
	<gameDuration value='1174'/>

	<player>
		<unitScore value='4925'/>
		<killScore value='900'/>
		<buildingScore value='2200'/>
		<razingScore value='0'/>
		<mineralScore value='6554'/>
		<gasScore value='1200'/>
		<totalScore value='15779'/>
	</player>

	<enemy>
		<race value='Terran'/>
		<unitScore value='6825'/>
		<killScore value='9750'/>
		<buildingScore value='2900'/>
		<razingScore value='6600'/>
		<mineralScore value='8834'/>
		<gasScore value='2904'/>
		<totalScore value='37813'/>
	</enemy>

	<scoreRatio value='0.41729'/>
	<timeFitness value='0.163056'/>
	<unitsAverage value='28'/>
</results>
