<results>
	<result value='loss'/>
	<start value='2015-07-18.05:44:58'/>
	<end value='2015-07-18.05:45:09'/>
	<frames value='17796'/>
	<gameDuration value='1112'/>

	<player>
		<unitScore value='4425'/>
		<killScore value='1200'/>
		<buildingScore value='1450'/>
		<razingScore value='0'/>
		<mineralScore value='5538'/>
		<gasScore value='800'/>
		<totalScore value='13413'/>
	</player>

	<enemy>
		<race value='Terran'/>
		<unitScore value='6000'/>
		<killScore value='8850'/>
		<buildingScore value='2625'/>
		<razingScore value='4350'/>
		<mineralScore value='8242'/>
		<gasScore value='2736'/>
		<totalScore value='32803'/>
	</enemy>

	<scoreRatio value='0.408896'/>
	<timeFitness value='0.154444'/>
	<unitsAverage value='24'/>
</results>
