<results>
	<result value='win'/>
	<start value='2015-04-08.08:39:06'/>
	<end value='2015-04-08.08:39:47'/>
	<frames value='31374'/>
	<gameDuration value='1960'/>

	<player>
		<unitScore value='22850'/>
		<killScore value='26600'/>
		<buildingScore value='4675'/>
		<razingScore value='17550'/>
		<mineralScore value='31946'/>
		<gasScore value='2528'/>
		<totalScore value='106149'/>
	</player>

	<enemy>
		<race value='Protoss'/>
		<unitScore value='13300'/>
		<unitScore value='13300'/>
		<killScore value='21350'/>
		<buildingScore value='5850'/>
		<razingScore value='0'/>
		<mineralScore value='19214'/>
		<gasScore value='2864'/>
		<totalScore value='62578'/>
	</enemy>

	<scoreRatio value='1.69627'/>
</results>
