<results>
	<result value='draw'/>
	<start value='2015-04-29.08:18:25'/>
	<end value='2015-04-29.08:19:48'/>
	<frames value='57601'/>
	<gameDuration value='3600'/>

	<player>
		<unitScore value='25150'/>
		<killScore value='47340'/>
		<buildingScore value='4900'/>
		<razingScore value='5220'/>
		<mineralScore value='36486'/>
		<gasScore value='1408'/>
		<totalScore value='120504'/>
	</player>

	<enemy>
		<race value='Zerg'/>
		<unitScore value='28675'/>
		<unitScore value='28675'/>
		<killScore value='40650'/>
		<buildingScore value='5220'/>
		<razingScore value='6750'/>
		<mineralScore value='25742'/>
		<gasScore value='11164'/>
		<totalScore value='118201'/>
	</enemy>

	<scoreRatio value='1.01948'/>
	<timeFitness value='0.5'/>
	<unitsAverage value='69'/>
</results>
