<results>
	<result value='win'/>
	<start value='2015-04-26.23:41:32'/>
	<end value='2015-04-26.23:42:11'/>
	<frames value='35683'/>
	<gameDuration value='2230'/>

	<player>
		<unitScore value='22400'/>
		<killScore value='29400'/>
		<buildingScore value='4225'/>
		<razingScore value='7200'/>
		<mineralScore value='27754'/>
		<gasScore value='3712'/>
		<totalScore value='94691'/>
	</player>

	<enemy>
		<race value='Terran'/>
		<unitScore value='14700'/>
		<unitScore value='14700'/>
		<killScore value='25600'/>
		<buildingScore value='2400'/>
		<razingScore value='1950'/>
		<mineralScore value='12050'/>
		<gasScore value='5254'/>
		<totalScore value='61954'/>
	</enemy>

	<scoreRatio value='1.52841'/>
</results>
