<results>
	<result value='win'/>
	<start value='2015-04-08.17:55:23'/>
	<end value='2015-04-08.17:55:54'/>
	<frames value='31095'/>
	<gameDuration value='1943'/>

	<player>
		<unitScore value='19775'/>
		<killScore value='17850'/>
		<buildingScore value='3925'/>
		<razingScore value='20325'/>
		<mineralScore value='26242'/>
		<gasScore value='3528'/>
		<totalScore value='91645'/>
	</player>

	<enemy>
		<race value='Protoss'/>
		<unitScore value='9150'/>
		<unitScore value='9150'/>
		<killScore value='16700'/>
		<buildingScore value='6775'/>
		<razingScore value='300'/>
		<mineralScore value='15582'/>
		<gasScore value='3248'/>
		<totalScore value='51755'/>
	</enemy>

	<scoreRatio value='1.77075'/>
</results>
