<results>
	<result value='draw'/>
	<start value='2015-05-09.19:08:51'/>
	<end value='2015-05-09.19:10:06'/>
	<frames value='57601'/>
	<gameDuration value='3600'/>

	<player>
		<unitScore value='29575'/>
		<killScore value='42050'/>
		<buildingScore value='3075'/>
		<razingScore value='1500'/>
		<mineralScore value='31558'/>
		<gasScore value='6836'/>
		<totalScore value='114594'/>
	</player>

	<enemy>
		<race value='Terran'/>
		<unitScore value='34125'/>
		<unitScore value='34125'/>
		<killScore value='52200'/>
		<buildingScore value='5300'/>
		<razingScore value='600'/>
		<mineralScore value='28994'/>
		<gasScore value='11752'/>
		<totalScore value='132971'/>
	</enemy>

	<scoreRatio value='0.861797'/>
	<timeFitness value='0.5'/>
	<unitsAverage value='106'/>
</results>
