<results>
	<result value='win'/>
	<start value='2015-04-27.18:04:43'/>
	<end value='2015-04-27.18:04:58'/>
	<frames value='17765'/>
	<gameDuration value='1110'/>

	<player>
		<unitScore value='6325'/>
		<killScore value='11200'/>
		<buildingScore value='2175'/>
		<razingScore value='4350'/>
		<mineralScore value='10186'/>
		<gasScore value='1672'/>
		<totalScore value='35908'/>
	</player>

	<enemy>
		<race value='Terran'/>
		<unitScore value='5600'/>
		<unitScore value='5600'/>
		<killScore value='3050'/>
		<buildingScore value='1450'/>
		<razingScore value='150'/>
		<mineralScore value='7642'/>
		<gasScore value='1936'/>
		<totalScore value='19828'/>
	</enemy>

	<scoreRatio value='1.81097'/>
</results>
