<results>
	<result value='win'/>
	<start value='2015-04-27.18:06:44'/>
	<end value='2015-04-27.18:07:04'/>
	<frames value='21392'/>
	<gameDuration value='1337'/>

	<player>
		<unitScore value='7125'/>
		<killScore value='13200'/>
		<buildingScore value='2450'/>
		<razingScore value='6900'/>
		<mineralScore value='11234'/>
		<gasScore value='1768'/>
		<totalScore value='42677'/>
	</player>

	<enemy>
		<race value='Terran'/>
		<unitScore value='6600'/>
		<unitScore value='6600'/>
		<killScore value='7250'/>
		<buildingScore value='2300'/>
		<razingScore value='3825'/>
		<mineralScore value='7842'/>
		<gasScore value='2448'/>
		<totalScore value='30265'/>
	</enemy>

	<scoreRatio value='1.41011'/>
</results>
