<results>
	<result value='draw'/>
	<start value='2015-07-14.15:59:57'/>
	<end value='2015-07-14.16:01:53'/>
	<frames value='57601'/>
	<gameDuration value='3600'/>

	<player>
		<unitScore value='31375'/>
		<killScore value='25700'/>
		<buildingScore value='4500'/>
		<razingScore value='3900'/>
		<mineralScore value='31830'/>
		<gasScore value='3280'/>
		<totalScore value='100585'/>
	</player>

	<enemy>
		<race value='Protoss'/>
		<unitScore value='34100'/>
		<killScore value='55600'/>
		<buildingScore value='7975'/>
		<razingScore value='12300'/>
		<mineralScore value='31110'/>
		<gasScore value='12266'/>
		<totalScore value='153351'/>
	</enemy>

	<scoreRatio value='0.655914'/>
	<timeFitness value='0.5'/>
	<unitsAverage value='98'/>
</results>
