<results>
	<result value='loss'/>
	<start value='2014-07-08.04:31:09'/>
	<end value='2014-07-08.04:31:57'/>
	<frames value='47928'/>
	<gameDuration value='2995'/>

	<player>
		<unitScore value='22125'/>
		<killScore value='35800'/>
		<buildingScore value='2600'/>
		<razingScore value='900'/>
		<mineralScore value='24098'/>
		<gasScore value='4956'/>
		<totalScore value='90479'/>
	</player>

	<enemy>
		<race value='Protoss'/>
		<unitScore value='37400'/>
		<unitScore value='37400'/>
		<killScore value='44000'/>
		<buildingScore value='7825'/>
		<razingScore value='7800'/>
		<mineralScore value='33622'/>
		<gasScore value='12030'/>
		<totalScore value='142677'/>
	</enemy>

	<scoreRatio value='0.634153'/>
</results>
