<results>
	<result value='draw'/>
	<start value='2014-07-08.04:33:21'/>
	<end value='2014-07-08.04:35:07'/>
	<frames value='57601'/>
	<gameDuration value='3600'/>

	<player>
		<unitScore value='26525'/>
		<killScore value='36550'/>
		<buildingScore value='4625'/>
		<razingScore value='21375'/>
		<mineralScore value='40942'/>
		<gasScore value='7546'/>
		<totalScore value='137563'/>
	</player>

	<enemy>
		<race value='Protoss'/>
		<unitScore value='19200'/>
		<unitScore value='19200'/>
		<killScore value='28850'/>
		<buildingScore value='7375'/>
		<razingScore value='150'/>
		<mineralScore value='22034'/>
		<gasScore value='10368'/>
		<totalScore value='87977'/>
	</enemy>

	<scoreRatio value='1.56362'/>
</results>
