<results>
	<result value='loss'/>
	<start value='2014-07-08.04:46:25'/>
	<end value='2014-07-08.04:46:32'/>
	<frames value='15440'/>
	<gameDuration value='965'/>

	<player>
		<unitScore value='2725'/>
		<killScore value='1400'/>
		<buildingScore value='1150'/>
		<razingScore value='0'/>
		<mineralScore value='4466'/>
		<gasScore value='616'/>
		<totalScore value='10357'/>
	</player>

	<enemy>
		<race value='Protoss'/>
		<unitScore value='3550'/>
		<unitScore value='3550'/>
		<killScore value='5450'/>
		<buildingScore value='2625'/>
		<razingScore value='3450'/>
		<mineralScore value='7610'/>
		<gasScore value='1632'/>
		<totalScore value='24317'/>
	</enemy>

	<scoreRatio value='0.425916'/>
</results>
