<results>
	<result value='win'/>
	<start value='2014-07-08.04:58:20'/>
	<end value='2014-07-08.04:59:23'/>
	<frames value='46874'/>
	<gameDuration value='2929'/>

	<player>
		<unitScore value='32925'/>
		<killScore value='39100'/>
		<buildingScore value='3450'/>
		<razingScore value='16350'/>
		<mineralScore value='35690'/>
		<gasScore value='4448'/>
		<totalScore value='131963'/>
	</player>

	<enemy>
		<race value='Protoss'/>
		<unitScore value='23600'/>
		<unitScore value='23600'/>
		<killScore value='41600'/>
		<buildingScore value='5450'/>
		<razingScore value='150'/>
		<mineralScore value='18922'/>
		<gasScore value='6744'/>
		<totalScore value='96466'/>
	</enemy>

	<scoreRatio value='1.36797'/>
</results>
