<results>
	<result value='loss'/>
	<start value='2014-07-08.05:00:18'/>
	<end value='2014-07-08.05:00:26'/>
	<frames value='16866'/>
	<gameDuration value='1054'/>

	<player>
		<unitScore value='3000'/>
		<killScore value='1800'/>
		<buildingScore value='1500'/>
		<razingScore value='0'/>
		<mineralScore value='4818'/>
		<gasScore value='672'/>
		<totalScore value='11790'/>
	</player>

	<enemy>
		<race value='Protoss'/>
		<unitScore value='3550'/>
		<unitScore value='3550'/>
		<killScore value='6000'/>
		<buildingScore value='4125'/>
		<razingScore value='4500'/>
		<mineralScore value='9002'/>
		<gasScore value='1632'/>
		<totalScore value='28809'/>
	</enemy>

	<scoreRatio value='0.409247'/>
</results>
