<results>
	<result value='draw'/>
	<start value='2015-07-21.00:30:47'/>
	<end value='2015-07-21.00:32:26'/>
	<frames value='57601'/>
	<gameDuration value='3600'/>

	<player>
		<unitScore value='26525'/>
		<killScore value='18750'/>
		<buildingScore value='3925'/>
		<razingScore value='195'/>
		<mineralScore value='31246'/>
		<gasScore value='3456'/>
		<totalScore value='84097'/>
	</player>

	<enemy>
		<race value='Zerg'/>
		<unitScore value='29025'/>
		<killScore value='45200'/>
		<buildingScore value='4200'/>
		<razingScore value='7875'/>
		<mineralScore value='31386'/>
		<gasScore value='11740'/>
		<totalScore value='129426'/>
	</enemy>

	<scoreRatio value='0.649769'/>
	<timeFitness value='0.5'/>
	<unitsAverage value='110'/>
</results>
