<results>
	<result value='loss'/>
	<start value='2015-07-21.00:37:30'/>
	<end value='2015-07-21.00:38:02'/>
	<frames value='31746'/>
	<gameDuration value='1984'/>

	<player>
		<unitScore value='16800'/>
		<killScore value='14900'/>
		<buildingScore value='3425'/>
		<razingScore value='0'/>
		<mineralScore value='24802'/>
		<gasScore value='2960'/>
		<totalScore value='62887'/>
	</player>

	<enemy>
		<race value='Zerg'/>
		<unitScore value='18475'/>
		<killScore value='33050'/>
		<buildingScore value='3910'/>
		<razingScore value='10275'/>
		<mineralScore value='19518'/>
		<gasScore value='6660'/>
		<totalScore value='91888'/>
	</enemy>

	<scoreRatio value='0.684388'/>
	<timeFitness value='0.275556'/>
	<unitsAverage value='67'/>
</results>
