<results>
	<result value='loss'/>
	<start value='2015-07-19.15:03:32'/>
	<end value='2015-07-19.15:04:04'/>
	<frames value='35869'/>
	<gameDuration value='2241'/>

	<player>
		<unitScore value='6625'/>
		<killScore value='8900'/>
		<buildingScore value='2450'/>
		<razingScore value='0'/>
		<mineralScore value='8050'/>
		<gasScore value='1792'/>
		<totalScore value='27817'/>
	</player>

	<enemy>
		<race value='Zerg'/>
		<unitScore value='19150'/>
		<killScore value='13250'/>
		<buildingScore value='4190'/>
		<razingScore value='7350'/>
		<mineralScore value='24914'/>
		<gasScore value='8136'/>
		<totalScore value='76990'/>
	</enemy>

	<scoreRatio value='0.361307'/>
	<timeFitness value='0.31125'/>
	<unitsAverage value='38'/>
</results>
