<results>
	<result value='win'/>
	<start value='2015-04-30.20:11:50'/>
	<end value='2015-04-30.20:12:24'/>
	<frames value='26445'/>
	<gameDuration value='1652'/>

	<player>
		<unitScore value='18775'/>
		<killScore value='22420'/>
		<buildingScore value='3800'/>
		<razingScore value='6150'/>
		<mineralScore value='22594'/>
		<gasScore value='3048'/>
		<totalScore value='76787'/>
	</player>

	<enemy>
		<race value='Zerg'/>
		<unitScore value='10050'/>
		<unitScore value='10050'/>
		<killScore value='19050'/>
		<buildingScore value='2050'/>
		<razingScore value='375'/>
		<mineralScore value='9778'/>
		<gasScore value='3088'/>
		<totalScore value='44391'/>
	</enemy>

	<scoreRatio value='1.72979'/>
	<timeFitness value='0.770556'/>
	<unitsAverage value='87'/>
</results>
