<results>
	<result value='win'/>
	<start value='2015-04-30.20:12:27'/>
	<end value='2015-04-30.20:13:18'/>
	<frames value='31963'/>
	<gameDuration value='1997'/>

	<player>
		<unitScore value='23775'/>
		<killScore value='27170'/>
		<buildingScore value='4250'/>
		<razingScore value='5700'/>
		<mineralScore value='33310'/>
		<gasScore value='1880'/>
		<totalScore value='96085'/>
	</player>

	<enemy>
		<race value='Zerg'/>
		<unitScore value='13500'/>
		<unitScore value='13500'/>
		<killScore value='24900'/>
		<buildingScore value='1900'/>
		<razingScore value='0'/>
		<mineralScore value='11802'/>
		<gasScore value='4472'/>
		<totalScore value='56574'/>
	</enemy>

	<scoreRatio value='1.6984'/>
	<timeFitness value='0.722639'/>
	<unitsAverage value='110'/>
</results>
