<results>
	<result value='win'/>
	<start value='2015-04-30.20:20:53'/>
	<end value='2015-04-30.20:21:19'/>
	<frames value='22322'/>
	<gameDuration value='1395'/>

	<player>
		<unitScore value='13400'/>
		<killScore value='24260'/>
		<buildingScore value='3325'/>
		<razingScore value='4680'/>
		<mineralScore value='20018'/>
		<gasScore value='2088'/>
		<totalScore value='67771'/>
	</player>

	<enemy>
		<race value='Zerg'/>
		<unitScore value='10950'/>
		<unitScore value='10950'/>
		<killScore value='10750'/>
		<buildingScore value='1560'/>
		<razingScore value='0'/>
		<mineralScore value='9778'/>
		<gasScore value='2808'/>
		<totalScore value='35846'/>
	</enemy>

	<scoreRatio value='1.89062'/>
	<timeFitness value='0.80625'/>
	<unitsAverage value='77'/>
</results>
