<results>
	<result value='draw'/>
	<start value='2015-04-14.15:08:22'/>
	<end value='2015-04-14.15:09:03'/>
	<frames value='57601'/>
	<gameDuration value='3600'/>

	<player>
		<unitScore value='26100'/>
		<killScore value='58550'/>
		<buildingScore value='3425'/>
		<razingScore value='6600'/>
		<mineralScore value='29078'/>
		<gasScore value='4552'/>
		<totalScore value='128305'/>
	</player>

	<enemy>
		<race value='Protoss'/>
		<unitScore value='34575'/>
		<unitScore value='34575'/>
		<killScore value='45050'/>
		<buildingScore value='7575'/>
		<razingScore value='2550'/>
		<mineralScore value='32306'/>
		<gasScore value='11392'/>
		<totalScore value='133448'/>
	</enemy>

	<scoreRatio value='0.961461'/>
</results>
