<results>
	<result value='loss'/>
	<start value='2015-04-14.15:09:06'/>
	<end value='2015-04-14.15:09:12'/>
	<frames value='15285'/>
	<gameDuration value='955'/>

	<player>
		<unitScore value='3025'/>
		<killScore value='600'/>
		<buildingScore value='1925'/>
		<razingScore value='0'/>
		<mineralScore value='5082'/>
		<gasScore value='688'/>
		<totalScore value='11320'/>
	</player>

	<enemy>
		<race value='Protoss'/>
		<unitScore value='3550'/>
		<unitScore value='3550'/>
		<killScore value='6050'/>
		<buildingScore value='2925'/>
		<razingScore value='5775'/>
		<mineralScore value='7906'/>
		<gasScore value='1432'/>
		<totalScore value='27638'/>
	</enemy>

	<scoreRatio value='0.409581'/>
</results>
