<results>
	<result value='loss'/>
	<start value='2015-04-28.17:02:35'/>
	<end value='2015-04-28.17:02:44'/>
	<frames value='14138'/>
	<gameDuration value='883'/>

	<player>
		<unitScore value='2250'/>
		<killScore value='500'/>
		<buildingScore value='1750'/>
		<razingScore value='0'/>
		<mineralScore value='4058'/>
		<gasScore value='736'/>
		<totalScore value='9294'/>
	</player>

	<enemy>
		<race value='Protoss'/>
		<unitScore value='3500'/>
		<unitScore value='3500'/>
		<killScore value='4400'/>
		<buildingScore value='2525'/>
		<razingScore value='5250'/>
		<mineralScore value='7074'/>
		<gasScore value='1392'/>
		<totalScore value='24141'/>
	</enemy>

	<scoreRatio value='0.384988'/>
</results>
