<results>
	<result value='loss'/>
	<start value='2015-04-28.17:04:03'/>
	<end value='2015-04-28.17:05:28'/>
	<frames value='49757'/>
	<gameDuration value='3109'/>

	<player>
		<unitScore value='24900'/>
		<killScore value='31650'/>
		<buildingScore value='2725'/>
		<razingScore value='1800'/>
		<mineralScore value='24042'/>
		<gasScore value='4744'/>
		<totalScore value='89861'/>
	</player>

	<enemy>
		<race value='Protoss'/>
		<unitScore value='36755'/>
		<unitScore value='36755'/>
		<killScore value='49800'/>
		<buildingScore value='8075'/>
		<razingScore value='8175'/>
		<mineralScore value='34194'/>
		<gasScore value='13210'/>
		<totalScore value='150209'/>
	</enemy>

	<scoreRatio value='0.59824'/>
</results>
