<results>
	<result value='loss'/>
	<start value='2015-04-13.06:10:34'/>
	<end value='2015-04-13.06:12:33'/>
	<frames value='54872'/>
	<gameDuration value='3429'/>

	<player>
		<unitScore value='23575'/>
		<killScore value='42750'/>
		<buildingScore value='2950'/>
		<razingScore value='4050'/>
		<mineralScore value='24818'/>
		<gasScore value='5196'/>
		<totalScore value='103339'/>
	</player>

	<enemy>
		<race value='Protoss'/>
		<unitScore value='38625'/>
		<unitScore value='38625'/>
		<killScore value='47150'/>
		<buildingScore value='8325'/>
		<razingScore value='8850'/>
		<mineralScore value='34874'/>
		<gasScore value='12470'/>
		<totalScore value='150294'/>
	</enemy>

	<scoreRatio value='0.687579'/>
</results>
