<results>
	<result value='loss'/>
	<start value='2015-04-13.06:21:21'/>
	<end value='2015-04-13.06:22:48'/>
	<frames value='53942'/>
	<gameDuration value='3371'/>

	<player>
		<unitScore value='22800'/>
		<killScore value='59900'/>
		<buildingScore value='2625'/>
		<razingScore value='1650'/>
		<mineralScore value='23978'/>
		<gasScore value='5142'/>
		<totalScore value='116095'/>
	</player>

	<enemy>
		<race value='Protoss'/>
		<unitScore value='45000'/>
		<unitScore value='45000'/>
		<killScore value='45600'/>
		<buildingScore value='7525'/>
		<razingScore value='7875'/>
		<mineralScore value='36418'/>
		<gasScore value='14350'/>
		<totalScore value='156768'/>
	</enemy>

	<scoreRatio value='0.740553'/>
</results>
