<results>
	<result value='win'/>
	<start value='2015-05-08.21:18:52'/>
	<end value='2015-05-08.21:19:13'/>
	<frames value='22105'/>
	<gameDuration value='1381'/>

	<player>
		<unitScore value='9300'/>
		<killScore value='12600'/>
		<buildingScore value='3150'/>
		<razingScore value='6600'/>
		<mineralScore value='14214'/>
		<gasScore value='1592'/>
		<totalScore value='47456'/>
	</player>

	<enemy>
		<race value='Terran'/>
		<unitScore value='6400'/>
		<unitScore value='6400'/>
		<killScore value='5400'/>
		<buildingScore value='2200'/>
		<razingScore value='1725'/>
		<mineralScore value='8250'/>
		<gasScore value='2520'/>
		<totalScore value='26495'/>
	</enemy>

	<scoreRatio value='1.79113'/>
	<timeFitness value='0.808194'/>
	<unitsAverage value='59'/>
</results>
