<results>
	<result value='loss'/>
	<start value='2015-05-08.21:27:05'/>
	<end value='2015-05-08.21:27:21'/>
	<frames value='23655'/>
	<gameDuration value='1478'/>

	<player>
		<unitScore value='7100'/>
		<killScore value='7800'/>
		<buildingScore value='2425'/>
		<razingScore value='1800'/>
		<mineralScore value='9506'/>
		<gasScore value='1328'/>
		<totalScore value='29959'/>
	</player>

	<enemy>
		<race value='Terran'/>
		<unitScore value='6700'/>
		<unitScore value='6700'/>
		<killScore value='13400'/>
		<buildingScore value='2325'/>
		<razingScore value='7275'/>
		<mineralScore value='10066'/>
		<gasScore value='3088'/>
		<totalScore value='42854'/>
	</enemy>

	<scoreRatio value='0.699095'/>
	<timeFitness value='0.205278'/>
	<unitsAverage value='33'/>
</results>
