<results>
	<result value='win'/>
	<start value='2015-04-28.20:54:58'/>
	<end value='2015-04-28.20:55:24'/>
	<frames value='29607'/>
	<gameDuration value='1850'/>

	<player>
		<unitScore value='16125'/>
		<killScore value='22550'/>
		<buildingScore value='2450'/>
		<razingScore value='8595'/>
		<mineralScore value='19466'/>
		<gasScore value='2856'/>
		<totalScore value='72042'/>
	</player>

	<enemy>
		<race value='Zerg'/>
		<unitScore value='10550'/>
		<unitScore value='10550'/>
		<killScore value='18850'/>
		<buildingScore value='2865'/>
		<razingScore value='150'/>
		<mineralScore value='12114'/>
		<gasScore value='3560'/>
		<totalScore value='48089'/>
	</enemy>

	<scoreRatio value='1.4981'/>
</results>
