<results>
	<result value='win'/>
	<start value='2015-04-28.20:56:55'/>
	<end value='2015-04-28.20:57:21'/>
	<frames value='27344'/>
	<gameDuration value='1709'/>

	<player>
		<unitScore value='14300'/>
		<killScore value='20550'/>
		<buildingScore value='4025'/>
		<razingScore value='5820'/>
		<mineralScore value='22130'/>
		<gasScore value='2192'/>
		<totalScore value='69017'/>
	</player>

	<enemy>
		<race value='Zerg'/>
		<unitScore value='9425'/>
		<unitScore value='9425'/>
		<killScore value='9450'/>
		<buildingScore value='1940'/>
		<razingScore value='0'/>
		<mineralScore value='9818'/>
		<gasScore value='3008'/>
		<totalScore value='33641'/>
	</enemy>

	<scoreRatio value='2.05157'/>
</results>
