<results>
	<result value='win'/>
	<start value='2015-04-28.20:57:48'/>
	<end value='2015-04-28.20:58:17'/>
	<frames value='28522'/>
	<gameDuration value='1782'/>

	<player>
		<unitScore value='19100'/>
		<killScore value='23330'/>
		<buildingScore value='4875'/>
		<razingScore value='5895'/>
		<mineralScore value='26562'/>
		<gasScore value='2904'/>
		<totalScore value='82666'/>
	</player>

	<enemy>
		<race value='Zerg'/>
		<unitScore value='10675'/>
		<unitScore value='10675'/>
		<killScore value='15700'/>
		<buildingScore value='1965'/>
		<razingScore value='0'/>
		<mineralScore value='10730'/>
		<gasScore value='3216'/>
		<totalScore value='42286'/>
	</enemy>

	<scoreRatio value='1.95493'/>
</results>
