<results>
	<result value='win'/>
	<start value='2015-04-25.16:48:55'/>
	<end value='2015-04-25.16:49:30'/>
	<frames value='31529'/>
	<gameDuration value='1970'/>

	<player>
		<unitScore value='18250'/>
		<killScore value='27150'/>
		<buildingScore value='4600'/>
		<razingScore value='7425'/>
		<mineralScore value='33330'/>
		<gasScore value='3512'/>
		<totalScore value='94267'/>
	</player>

	<enemy>
		<race value='Terran'/>
		<unitScore value='14575'/>
		<unitScore value='14575'/>
		<killScore value='13800'/>
		<buildingScore value='2550'/>
		<razingScore value='150'/>
		<mineralScore value='12050'/>
		<gasScore value='4880'/>
		<totalScore value='48005'/>
	</enemy>

	<scoreRatio value='1.96369'/>
</results>
