<results>
	<result value='win'/>
	<start value='2015-04-25.16:54:17'/>
	<end value='2015-04-25.16:54:41'/>
	<frames value='30661'/>
	<gameDuration value='1916'/>

	<player>
		<unitScore value='14350'/>
		<killScore value='32600'/>
		<buildingScore value='2475'/>
		<razingScore value='10725'/>
		<mineralScore value='17746'/>
		<gasScore value='2672'/>
		<totalScore value='80568'/>
	</player>

	<enemy>
		<race value='Terran'/>
		<unitScore value='16700'/>
		<unitScore value='16700'/>
		<killScore value='15450'/>
		<buildingScore value='3825'/>
		<razingScore value='300'/>
		<mineralScore value='13818'/>
		<gasScore value='6304'/>
		<totalScore value='56397'/>
	</enemy>

	<scoreRatio value='1.42859'/>
</results>
