<results>
	<result value='loss'/>
	<start value='2015-04-25.17:11:32'/>
	<end value='2015-04-25.17:11:42'/>
	<frames value='18571'/>
	<gameDuration value='1160'/>

	<player>
		<unitScore value='3825'/>
		<killScore value='1750'/>
		<buildingScore value='1900'/>
		<razingScore value='0'/>
		<mineralScore value='5874'/>
		<gasScore value='640'/>
		<totalScore value='13989'/>
	</player>

	<enemy>
		<race value='Terran'/>
		<unitScore value='7100'/>
		<unitScore value='7100'/>
		<killScore value='7650'/>
		<buildingScore value='2850'/>
		<razingScore value='5700'/>
		<mineralScore value='8618'/>
		<gasScore value='2936'/>
		<totalScore value='34854'/>
	</enemy>

	<scoreRatio value='0.40136'/>
</results>
