<results>
	<result value='loss'/>
	<start value='2015-04-25.17:19:55'/>
	<end value='2015-04-25.17:20:01'/>
	<frames value='14138'/>
	<gameDuration value='883'/>

	<player>
		<unitScore value='1900'/>
		<killScore value='250'/>
		<buildingScore value='1275'/>
		<razingScore value='0'/>
		<mineralScore value='3394'/>
		<gasScore value='0'/>
		<totalScore value='6819'/>
	</player>

	<enemy>
		<race value='Terran'/>
		<unitScore value='4350'/>
		<unitScore value='4350'/>
		<killScore value='3800'/>
		<buildingScore value='1500'/>
		<razingScore value='3825'/>
		<mineralScore value='6338'/>
		<gasScore value='2064'/>
		<totalScore value='21877'/>
	</enemy>

	<scoreRatio value='0.311697'/>
</results>
