<results>
	<result value='loss'/>
	<start value='2015-05-04.02:55:57'/>
	<end value='2015-05-04.02:56:11'/>
	<frames value='16370'/>
	<gameDuration value='1023'/>

	<player>
		<unitScore value='3525'/>
		<killScore value='400'/>
		<buildingScore value='2000'/>
		<razingScore value='0'/>
		<mineralScore value='5722'/>
		<gasScore value='560'/>
		<totalScore value='12207'/>
	</player>

	<enemy>
		<race value='Terran'/>
		<unitScore value='5350'/>
		<unitScore value='5350'/>
		<killScore value='7050'/>
		<buildingScore value='1900'/>
		<razingScore value='6000'/>
		<mineralScore value='7514'/>
		<gasScore value='2440'/>
		<totalScore value='30254'/>
	</enemy>

	<scoreRatio value='0.403484'/>
	<timeFitness value='0.142083'/>
	<unitsAverage value='26'/>
</results>
