<results>
	<result value='win'/>
	<start value='2015-05-04.02:58:20'/>
	<end value='2015-05-04.02:58:48'/>
	<frames value='21361'/>
	<gameDuration value='1335'/>

	<player>
		<unitScore value='9650'/>
		<killScore value='13900'/>
		<buildingScore value='3175'/>
		<razingScore value='7875'/>
		<mineralScore value='14446'/>
		<gasScore value='2064'/>
		<totalScore value='51110'/>
	</player>

	<enemy>
		<race value='Terran'/>
		<unitScore value='7350'/>
		<unitScore value='7350'/>
		<killScore value='3800'/>
		<buildingScore value='2625'/>
		<razingScore value='375'/>
		<mineralScore value='8170'/>
		<gasScore value='2544'/>
		<totalScore value='24864'/>
	</enemy>

	<scoreRatio value='2.05558'/>
	<timeFitness value='0.814583'/>
	<unitsAverage value='69'/>
</results>
