<results>
	<result value='draw'/>
	<start value='2015-05-04.03:04:52'/>
	<end value='2015-05-04.03:06:40'/>
	<frames value='57601'/>
	<gameDuration value='3600'/>

	<player>
		<unitScore value='22550'/>
		<killScore value='25900'/>
		<buildingScore value='3275'/>
		<razingScore value='3750'/>
		<mineralScore value='25874'/>
		<gasScore value='3984'/>
		<totalScore value='85333'/>
	</player>

	<enemy>
		<race value='Terran'/>
		<unitScore value='20125'/>
		<unitScore value='20125'/>
		<killScore value='24000'/>
		<buildingScore value='5125'/>
		<razingScore value='1875'/>
		<mineralScore value='17618'/>
		<gasScore value='10146'/>
		<totalScore value='78889'/>
	</enemy>

	<scoreRatio value='1.08168'/>
	<timeFitness value='0.5'/>
	<unitsAverage value='94'/>
</results>
