<results>
	<result value='loss'/>
	<start value='2015-05-04.03:13:11'/>
	<end value='2015-05-04.03:13:27'/>
	<frames value='17796'/>
	<gameDuration value='1112'/>

	<player>
		<unitScore value='4050'/>
		<killScore value='1650'/>
		<buildingScore value='1525'/>
		<razingScore value='0'/>
		<mineralScore value='5634'/>
		<gasScore value='624'/>
		<totalScore value='13483'/>
	</player>

	<enemy>
		<race value='Terran'/>
		<unitScore value='6225'/>
		<unitScore value='6225'/>
		<killScore value='8100'/>
		<buildingScore value='2575'/>
		<razingScore value='4575'/>
		<mineralScore value='8114'/>
		<gasScore value='2800'/>
		<totalScore value='32389'/>
	</enemy>

	<scoreRatio value='0.416283'/>
	<timeFitness value='0.154444'/>
	<unitsAverage value='25'/>
</results>
