<results>
	<result value='win'/>
	<start value='2015-04-30.14:01:36'/>
	<end value='2015-04-30.14:02:03'/>
	<frames value='24740'/>
	<gameDuration value='1546'/>

	<player>
		<unitScore value='11350'/>
		<killScore value='21860'/>
		<buildingScore value='2675'/>
		<razingScore value='7290'/>
		<mineralScore value='17114'/>
		<gasScore value='1632'/>
		<totalScore value='61921'/>
	</player>

	<enemy>
		<race value='Zerg'/>
		<unitScore value='10175'/>
		<unitScore value='10175'/>
		<killScore value='6400'/>
		<buildingScore value='2430'/>
		<razingScore value='0'/>
		<mineralScore value='10362'/>
		<gasScore value='3280'/>
		<totalScore value='32647'/>
	</enemy>

	<scoreRatio value='1.89668'/>
	<timeFitness value='0.785278'/>
	<unitsAverage value='72'/>
</results>
