<results>
	<result value='win'/>
	<start value='2015-04-30.14:14:19'/>
	<end value='2015-04-30.14:15:07'/>
	<frames value='32769'/>
	<gameDuration value='2048'/>

	<player>
		<unitScore value='20050'/>
		<killScore value='36430'/>
		<buildingScore value='3950'/>
		<razingScore value='6840'/>
		<mineralScore value='26202'/>
		<gasScore value='2320'/>
		<totalScore value='95792'/>
	</player>

	<enemy>
		<race value='Zerg'/>
		<unitScore value='16150'/>
		<unitScore value='16150'/>
		<killScore value='18150'/>
		<buildingScore value='2280'/>
		<razingScore value='0'/>
		<mineralScore value='15846'/>
		<gasScore value='5128'/>
		<totalScore value='57554'/>
	</enemy>

	<scoreRatio value='1.66438'/>
	<timeFitness value='0.715556'/>
	<unitsAverage value='92'/>
</results>
