<results>
	<result value='draw'/>
	<start value='2015-07-16.08:35:44'/>
	<end value='2015-07-16.08:37:29'/>
	<frames value='57601'/>
	<gameDuration value='3600'/>

	<player>
		<unitScore value='28300'/>
		<killScore value='15200'/>
		<buildingScore value='4050'/>
		<razingScore value='0'/>
		<mineralScore value='23838'/>
		<gasScore value='7052'/>
		<totalScore value='78440'/>
	</player>

	<enemy>
		<race value='Terran'/>
		<unitScore value='25225'/>
		<killScore value='45800'/>
		<buildingScore value='4175'/>
		<razingScore value='6225'/>
		<mineralScore value='19502'/>
		<gasScore value='11620'/>
		<totalScore value='112547'/>
	</enemy>

	<scoreRatio value='0.696953'/>
	<timeFitness value='0.5'/>
	<unitsAverage value='81'/>
</results>
