<results>
	<result value='loss'/>
	<start value='2015-07-16.08:59:26'/>
	<end value='2015-07-16.08:59:38'/>
	<frames value='18912'/>
	<gameDuration value='1182'/>

	<player>
		<unitScore value='5850'/>
		<killScore value='1100'/>
		<buildingScore value='2000'/>
		<razingScore value='0'/>
		<mineralScore value='7586'/>
		<gasScore value='728'/>
		<totalScore value='17264'/>
	</player>

	<enemy>
		<race value='Terran'/>
		<unitScore value='6775'/>
		<killScore value='11700'/>
		<buildingScore value='2900'/>
		<razingScore value='6000'/>
		<mineralScore value='8794'/>
		<gasScore value='2952'/>
		<totalScore value='39121'/>
	</enemy>

	<scoreRatio value='0.441298'/>
	<timeFitness value='0.164167'/>
	<unitsAverage value='29'/>
</results>
