<results>
	<result value='win'/>
	<start value='2015-04-30.10:51:28'/>
	<end value='2015-04-30.10:52:05'/>
	<frames value='26879'/>
	<gameDuration value='1679'/>

	<player>
		<unitScore value='14525'/>
		<killScore value='21530'/>
		<buildingScore value='3775'/>
		<razingScore value='7755'/>
		<mineralScore value='20114'/>
		<gasScore value='2672'/>
		<totalScore value='70371'/>
	</player>

	<enemy>
		<race value='Zerg'/>
		<unitScore value='10225'/>
		<unitScore value='10225'/>
		<killScore value='11050'/>
		<buildingScore value='2585'/>
		<razingScore value='1500'/>
		<mineralScore value='11354'/>
		<gasScore value='3248'/>
		<totalScore value='39962'/>
	</enemy>

	<scoreRatio value='1.76095'/>
</results>
