<results>
	<result value='draw'/>
	<start value='2014-07-10.13:29:58'/>
	<end value='2014-07-10.13:31:00'/>
	<frames value='57601'/>
	<gameDuration value='3600'/>

	<player>
		<unitScore value='29525'/>
		<killScore value='58300'/>
		<buildingScore value='3325'/>
		<razingScore value='6075'/>
		<mineralScore value='31874'/>
		<gasScore value='5868'/>
		<totalScore value='134967'/>
	</player>

	<enemy>
		<race value='Protoss'/>
		<unitScore value='39275'/>
		<unitScore value='39275'/>
		<killScore value='56900'/>
		<buildingScore value='7100'/>
		<razingScore value='3300'/>
		<mineralScore value='31082'/>
		<gasScore value='11490'/>
		<totalScore value='149147'/>
	</enemy>

	<scoreRatio value='0.904926'/>
</results>
