<results>
	<result value='loss'/>
	<start value='2014-07-10.13:36:37'/>
	<end value='2014-07-10.13:36:52'/>
	<frames value='29049'/>
	<gameDuration value='1815'/>

	<player>
		<unitScore value='8625'/>
		<killScore value='2600'/>
		<buildingScore value='2625'/>
		<razingScore value='0'/>
		<mineralScore value='11406'/>
		<gasScore value='1336'/>
		<totalScore value='26592'/>
	</player>

	<enemy>
		<race value='Protoss'/>
		<unitScore value='13700'/>
		<unitScore value='13700'/>
		<killScore value='17250'/>
		<buildingScore value='6975'/>
		<razingScore value='7875'/>
		<mineralScore value='17674'/>
		<gasScore value='6976'/>
		<totalScore value='70450'/>
	</enemy>

	<scoreRatio value='0.377459'/>
</results>
