<results>
	<result value='loss'/>
	<start value='2015-04-07.23:36:23'/>
	<end value='2015-04-07.23:36:30'/>
	<frames value='15378'/>
	<gameDuration value='961'/>

	<player>
		<unitScore value='2375'/>
		<killScore value='400'/>
		<buildingScore value='1650'/>
		<razingScore value='0'/>
		<mineralScore value='4434'/>
		<gasScore value='784'/>
		<totalScore value='9643'/>
	</player>

	<enemy>
		<race value='Protoss'/>
		<unitScore value='3550'/>
		<unitScore value='3550'/>
		<killScore value='4750'/>
		<buildingScore value='2825'/>
		<razingScore value='4950'/>
		<mineralScore value='8042'/>
		<gasScore value='1176'/>
		<totalScore value='25293'/>
	</enemy>

	<scoreRatio value='0.381252'/>
</results>
