<results>
	<result value='win'/>
	<start value='2015-04-12.16:13:35'/>
	<end value='2015-04-12.16:14:08'/>
	<frames value='31126'/>
	<gameDuration value='1945'/>

	<player>
		<unitScore value='19600'/>
		<killScore value='23350'/>
		<buildingScore value='3675'/>
		<razingScore value='17175'/>
		<mineralScore value='29022'/>
		<gasScore value='3064'/>
		<totalScore value='95886'/>
	</player>

	<enemy>
		<race value='Protoss'/>
		<unitScore value='12525'/>
		<unitScore value='12525'/>
		<killScore value='12200'/>
		<buildingScore value='5725'/>
		<razingScore value='0'/>
		<mineralScore value='15822'/>
		<gasScore value='4528'/>
		<totalScore value='50800'/>
	</enemy>

	<scoreRatio value='1.88752'/>
</results>
