<results>
	<result value='loss'/>
	<start value='2015-04-12.16:15:05'/>
	<end value='2015-04-12.16:15:26'/>
	<frames value='36520'/>
	<gameDuration value='2282'/>

	<player>
		<unitScore value='16175'/>
		<killScore value='11150'/>
		<buildingScore value='2450'/>
		<razingScore value='1050'/>
		<mineralScore value='16090'/>
		<gasScore value='3064'/>
		<totalScore value='49979'/>
	</player>

	<enemy>
		<race value='Protoss'/>
		<unitScore value='18550'/>
		<unitScore value='18550'/>
		<killScore value='32350'/>
		<buildingScore value='7425'/>
		<razingScore value='7200'/>
		<mineralScore value='24250'/>
		<gasScore value='8408'/>
		<totalScore value='98183'/>
	</enemy>

	<scoreRatio value='0.509039'/>
</results>
