<results>
	<result value='loss'/>
	<start value='2015-05-06.11:06:34'/>
	<end value='2015-05-06.11:06:41'/>
	<frames value='13425'/>
	<gameDuration value='839'/>

	<player>
		<unitScore value='2700'/>
		<killScore value='400'/>
		<buildingScore value='1525'/>
		<razingScore value='0'/>
		<mineralScore value='4474'/>
		<gasScore value='592'/>
		<totalScore value='9691'/>
	</player>

	<enemy>
		<race value='Protoss'/>
		<unitScore value='3500'/>
		<unitScore value='3500'/>
		<killScore value='5300'/>
		<buildingScore value='2375'/>
		<razingScore value='4575'/>
		<mineralScore value='6802'/>
		<gasScore value='1184'/>
		<totalScore value='23736'/>
	</enemy>

	<scoreRatio value='0.408283'/>
	<timeFitness value='0.116528'/>
	<unitsAverage value='22'/>
</results>
