<results>
	<result value='win'/>
	<start value='2015-05-09.07:46:06'/>
	<end value='2015-05-09.07:46:26'/>
	<frames value='27654'/>
	<gameDuration value='1728'/>

	<player>
		<unitScore value='11950'/>
		<killScore value='23350'/>
		<buildingScore value='3575'/>
		<razingScore value='7200'/>
		<mineralScore value='16682'/>
		<gasScore value='3024'/>
		<totalScore value='65781'/>
	</player>

	<enemy>
		<race value='Terran'/>
		<unitScore value='11675'/>
		<unitScore value='11675'/>
		<killScore value='10300'/>
		<buildingScore value='2400'/>
		<razingScore value='3000'/>
		<mineralScore value='10650'/>
		<gasScore value='3696'/>
		<totalScore value='41721'/>
	</enemy>

	<scoreRatio value='1.57669'/>
	<timeFitness value='0.76'/>
	<unitsAverage value='60'/>
</results>
