<results>
	<result value='draw'/>
	<start value='2015-05-09.07:47:28'/>
	<end value='2015-05-09.07:48:17'/>
	<frames value='57601'/>
	<gameDuration value='3600'/>

	<player>
		<unitScore value='22075'/>
		<killScore value='23750'/>
		<buildingScore value='3250'/>
		<razingScore value='600'/>
		<mineralScore value='24902'/>
		<gasScore value='6404'/>
		<totalScore value='80981'/>
	</player>

	<enemy>
		<race value='Terran'/>
		<unitScore value='26450'/>
		<unitScore value='26450'/>
		<killScore value='38100'/>
		<buildingScore value='4925'/>
		<razingScore value='5400'/>
		<mineralScore value='31526'/>
		<gasScore value='12308'/>
		<totalScore value='118709'/>
	</enemy>

	<scoreRatio value='0.682181'/>
	<timeFitness value='0.5'/>
	<unitsAverage value='77'/>
</results>
