<results>
	<result value='win'/>
	<start value='2015-05-09.07:52:12'/>
	<end value='2015-05-09.07:52:53'/>
	<frames value='34319'/>
	<gameDuration value='2144'/>

	<player>
		<unitScore value='22425'/>
		<killScore value='29550'/>
		<buildingScore value='4675'/>
		<razingScore value='11625'/>
		<mineralScore value='31674'/>
		<gasScore value='3232'/>
		<totalScore value='103181'/>
	</player>

	<enemy>
		<race value='Terran'/>
		<unitScore value='14950'/>
		<unitScore value='14950'/>
		<killScore value='20800'/>
		<buildingScore value='3950'/>
		<razingScore value='1500'/>
		<mineralScore value='13014'/>
		<gasScore value='5964'/>
		<totalScore value='60178'/>
	</enemy>

	<scoreRatio value='1.7146'/>
	<timeFitness value='0.702222'/>
	<unitsAverage value='109'/>
</results>
