<results>
	<result value='win'/>
	<start value='2015-04-11.19:49:44'/>
	<end value='2015-04-11.19:50:29'/>
	<frames value='27251'/>
	<gameDuration value='1703'/>

	<player>
		<unitScore value='14800'/>
		<killScore value='10900'/>
		<buildingScore value='4075'/>
		<razingScore value='16275'/>
		<mineralScore value='23818'/>
		<gasScore value='2480'/>
		<totalScore value='72348'/>
	</player>

	<enemy>
		<race value='Protoss'/>
		<unitScore value='5450'/>
		<unitScore value='5450'/>
		<killScore value='7900'/>
		<buildingScore value='5425'/>
		<razingScore value='0'/>
		<mineralScore value='12434'/>
		<gasScore value='2856'/>
		<totalScore value='34065'/>
	</enemy>

	<scoreRatio value='2.12382'/>
</results>
