<results>
	<result value='win'/>
	<start value='2015-04-27.01:08:43'/>
	<end value='2015-04-27.01:09:11'/>
	<frames value='26910'/>
	<gameDuration value='1681'/>

	<player>
		<unitScore value='14500'/>
		<killScore value='21550'/>
		<buildingScore value='4800'/>
		<razingScore value='8700'/>
		<mineralScore value='22482'/>
		<gasScore value='2592'/>
		<totalScore value='74624'/>
	</player>

	<enemy>
		<race value='Terran'/>
		<unitScore value='10775'/>
		<unitScore value='10775'/>
		<killScore value='7250'/>
		<buildingScore value='2900'/>
		<razingScore value='450'/>
		<mineralScore value='10594'/>
		<gasScore value='3856'/>
		<totalScore value='35825'/>
	</enemy>

	<scoreRatio value='2.08301'/>
</results>
