<results>
	<result value='loss'/>
	<start value='2015-07-20.10:40:59'/>
	<end value='2015-07-20.10:41:33'/>
	<frames value='27282'/>
	<gameDuration value='1705'/>

	<player>
		<unitScore value='16325'/>
		<killScore value='8100'/>
		<buildingScore value='4475'/>
		<razingScore value='195'/>
		<mineralScore value='18206'/>
		<gasScore value='2312'/>
		<totalScore value='49613'/>
	</player>

	<enemy>
		<race value='Zerg'/>
		<unitScore value='12200'/>
		<killScore value='30350'/>
		<buildingScore value='3150'/>
		<razingScore value='13425'/>
		<mineralScore value='14018'/>
		<gasScore value='4064'/>
		<totalScore value='77207'/>
	</enemy>

	<scoreRatio value='0.642597'/>
	<timeFitness value='0.236806'/>
	<unitsAverage value='54'/>
</results>
