<results>
	<result value='loss'/>
	<start value='2015-05-03.10:58:43'/>
	<end value='2015-05-03.10:59:03'/>
	<frames value='31746'/>
	<gameDuration value='1984'/>

	<player>
		<unitScore value='10550'/>
		<killScore value='3300'/>
		<buildingScore value='2850'/>
		<razingScore value='0'/>
		<mineralScore value='15546'/>
		<gasScore value='424'/>
		<totalScore value='32670'/>
	</player>

	<enemy>
		<race value='Protoss'/>
		<unitScore value='13400'/>
		<unitScore value='13400'/>
		<killScore value='21100'/>
		<buildingScore value='6625'/>
		<razingScore value='8550'/>
		<mineralScore value='18470'/>
		<gasScore value='6896'/>
		<totalScore value='75041'/>
	</enemy>

	<scoreRatio value='0.435362'/>
	<timeFitness value='0.275556'/>
	<unitsAverage value='38'/>
</results>
