<results>
	<result value='loss'/>
	<start value='2015-05-03.11:00:17'/>
	<end value='2015-05-03.11:00:25'/>
	<frames value='16339'/>
	<gameDuration value='1021'/>

	<player>
		<unitScore value='2275'/>
		<killScore value='600'/>
		<buildingScore value='1775'/>
		<razingScore value='0'/>
		<mineralScore value='3866'/>
		<gasScore value='576'/>
		<totalScore value='9092'/>
	</player>

	<enemy>
		<race value='Protoss'/>
		<unitScore value='3600'/>
		<unitScore value='3600'/>
		<killScore value='4550'/>
		<buildingScore value='3575'/>
		<razingScore value='5325'/>
		<mineralScore value='8538'/>
		<gasScore value='1368'/>
		<totalScore value='26956'/>
	</enemy>

	<scoreRatio value='0.33729'/>
	<timeFitness value='0.141806'/>
	<unitsAverage value='18'/>
</results>
