<results>
	<result value='loss'/>
	<start value='2015-05-03.11:10:15'/>
	<end value='2015-05-03.11:11:00'/>
	<frames value='45231'/>
	<gameDuration value='2826'/>

	<player>
		<unitScore value='20475'/>
		<killScore value='24050'/>
		<buildingScore value='3175'/>
		<razingScore value='150'/>
		<mineralScore value='21282'/>
		<gasScore value='4648'/>
		<totalScore value='73780'/>
	</player>

	<enemy>
		<race value='Protoss'/>
		<unitScore value='34685'/>
		<unitScore value='34685'/>
		<killScore value='40950'/>
		<buildingScore value='8025'/>
		<razingScore value='9525'/>
		<mineralScore value='31090'/>
		<gasScore value='13140'/>
		<totalScore value='137415'/>
	</enemy>

	<scoreRatio value='0.536914'/>
	<timeFitness value='0.3925'/>
	<unitsAverage value='77'/>
</results>
