<results>
	<result value='loss'/>
	<start value='2015-07-13.01:31:07'/>
	<end value='2015-07-13.01:32:17'/>
	<frames value='41945'/>
	<gameDuration value='2621'/>

	<player>
		<unitScore value='25775'/>
		<killScore value='11700'/>
		<buildingScore value='2650'/>
		<razingScore value='150'/>
		<mineralScore value='24026'/>
		<gasScore value='3728'/>
		<totalScore value='68029'/>
	</player>

	<enemy>
		<race value='Protoss'/>
		<unitScore value='28540'/>
		<killScore value='39150'/>
		<buildingScore value='8075'/>
		<razingScore value='7950'/>
		<mineralScore value='28726'/>
		<gasScore value='11994'/>
		<totalScore value='124435'/>
	</enemy>

	<scoreRatio value='0.546703'/>
	<timeFitness value='0.364028'/>
	<unitsAverage value='102'/>
</results>
