<results>
	<result value='win'/>
	<start value='2015-04-27.13:24:11'/>
	<end value='2015-04-27.13:25:01'/>
	<frames value='36458'/>
	<gameDuration value='2278'/>

	<player>
		<unitScore value='16675'/>
		<killScore value='30050'/>
		<buildingScore value='5475'/>
		<razingScore value='12975'/>
		<mineralScore value='32506'/>
		<gasScore value='3384'/>
		<totalScore value='101065'/>
	</player>

	<enemy>
		<race value='Terran'/>
		<unitScore value='15825'/>
		<unitScore value='15825'/>
		<killScore value='9900'/>
		<buildingScore value='4325'/>
		<razingScore value='1950'/>
		<mineralScore value='14914'/>
		<gasScore value='5960'/>
		<totalScore value='52874'/>
	</enemy>

	<scoreRatio value='1.91143'/>
</results>
