<results>
	<result value='loss'/>
	<start value='2015-07-14.05:38:02'/>
	<end value='2015-07-14.05:38:16'/>
	<frames value='28615'/>
	<gameDuration value='1788'/>

	<player>
		<unitScore value='4475'/>
		<killScore value='2500'/>
		<buildingScore value='1750'/>
		<razingScore value='0'/>
		<mineralScore value='5522'/>
		<gasScore value='968'/>
		<totalScore value='15215'/>
	</player>

	<enemy>
		<race value='Protoss'/>
		<unitScore value='12600'/>
		<killScore value='8950'/>
		<buildingScore value='6925'/>
		<razingScore value='5250'/>
		<mineralScore value='17302'/>
		<gasScore value='6464'/>
		<totalScore value='57491'/>
	</enemy>

	<scoreRatio value='0.26465'/>
	<timeFitness value='0.248333'/>
	<unitsAverage value='20'/>
</results>
