<results>
	<result value='win'/>
	<start value='2015-05-07.02:18:14'/>
	<end value='2015-05-07.02:18:50'/>
	<frames value='28925'/>
	<gameDuration value='1807'/>

	<player>
		<unitScore value='16625'/>
		<killScore value='24200'/>
		<buildingScore value='4225'/>
		<razingScore value='7725'/>
		<mineralScore value='32362'/>
		<gasScore value='3384'/>
		<totalScore value='88521'/>
	</player>

	<enemy>
		<race value='Zerg'/>
		<unitScore value='11500'/>
		<unitScore value='11500'/>
		<killScore value='10250'/>
		<buildingScore value='2575'/>
		<razingScore value='150'/>
		<mineralScore value='11874'/>
		<gasScore value='3696'/>
		<totalScore value='40045'/>
	</enemy>

	<scoreRatio value='2.21054'/>
	<timeFitness value='0.749028'/>
	<unitsAverage value='111'/>
</results>
