<results>
	<result value='win'/>
	<start value='2015-05-07.02:23:32'/>
	<end value='2015-05-07.02:24:34'/>
	<frames value='40085'/>
	<gameDuration value='2505'/>

	<player>
		<unitScore value='27325'/>
		<killScore value='51920'/>
		<buildingScore value='3725'/>
		<razingScore value='9375'/>
		<mineralScore value='34334'/>
		<gasScore value='5060'/>
		<totalScore value='131739'/>
	</player>

	<enemy>
		<race value='Zerg'/>
		<unitScore value='22875'/>
		<unitScore value='22875'/>
		<killScore value='31150'/>
		<buildingScore value='3125'/>
		<razingScore value='0'/>
		<mineralScore value='21002'/>
		<gasScore value='6484'/>
		<totalScore value='84636'/>
	</enemy>

	<scoreRatio value='1.55654'/>
	<timeFitness value='0.652083'/>
	<unitsAverage value='133'/>
</results>
