<results>
	<result value='win'/>
	<start value='2015-04-28.23:32:40'/>
	<end value='2015-04-28.23:33:09'/>
	<frames value='25236'/>
	<gameDuration value='1577'/>

	<player>
		<unitScore value='16175'/>
		<killScore value='26220'/>
		<buildingScore value='3425'/>
		<razingScore value='5040'/>
		<mineralScore value='19594'/>
		<gasScore value='1912'/>
		<totalScore value='72366'/>
	</player>

	<enemy>
		<race value='Zerg'/>
		<unitScore value='11800'/>
		<unitScore value='11800'/>
		<killScore value='15050'/>
		<buildingScore value='1680'/>
		<razingScore value='0'/>
		<mineralScore value='10842'/>
		<gasScore value='2664'/>
		<totalScore value='42036'/>
	</enemy>

	<scoreRatio value='1.72152'/>
</results>
