<results>
	<result value='loss'/>
	<start value='2015-04-16.14:46:03'/>
	<end value='2015-04-16.14:47:38'/>
	<frames value='48610'/>
	<gameDuration value='3038'/>

	<player>
		<unitScore value='24425'/>
		<killScore value='38550'/>
		<buildingScore value='2675'/>
		<razingScore value='150'/>
		<mineralScore value='24002'/>
		<gasScore value='5374'/>
		<totalScore value='95176'/>
	</player>

	<enemy>
		<race value='Protoss'/>
		<unitScore value='40305'/>
		<unitScore value='40305'/>
		<killScore value='48700'/>
		<buildingScore value='7575'/>
		<razingScore value='8025'/>
		<mineralScore value='34250'/>
		<gasScore value='14484'/>
		<totalScore value='153339'/>
	</enemy>

	<scoreRatio value='0.62069'/>
</results>
