<results>
	<result value='win'/>
	<start value='2014-07-22.18:23:23'/>
	<end value='2014-07-22.18:23:43'/>
	<frames value='23686'/>
	<gameDuration value='1480'/>

	<player>
		<unitScore value='12900'/>
		<killScore value='19840'/>
		<buildingScore value='3150'/>
		<razingScore value='5895'/>
		<mineralScore value='16914'/>
		<gasScore value='1544'/>
		<totalScore value='60243'/>
	</player>

	<enemy>
		<race value='Zerg'/>
		<unitScore value='9750'/>
		<unitScore value='9750'/>
		<killScore value='11300'/>
		<buildingScore value='1965'/>
		<razingScore value='0'/>
		<mineralScore value='9330'/>
		<gasScore value='3128'/>
		<totalScore value='35473'/>
	</enemy>

	<scoreRatio value='1.69828'/>
</results>
