<results>
	<result value='win'/>
	<start value='2014-07-11.20:32:02'/>
	<end value='2014-07-11.20:32:47'/>
	<frames value='34288'/>
	<gameDuration value='2143'/>

	<player>
		<unitScore value='21875'/>
		<killScore value='24250'/>
		<buildingScore value='4875'/>
		<razingScore value='7365'/>
		<mineralScore value='34766'/>
		<gasScore value='2288'/>
		<totalScore value='95419'/>
	</player>

	<enemy>
		<race value='Zerg'/>
		<unitScore value='11375'/>
		<unitScore value='11375'/>
		<killScore value='18050'/>
		<buildingScore value='2455'/>
		<razingScore value='150'/>
		<mineralScore value='11718'/>
		<gasScore value='3472'/>
		<totalScore value='47220'/>
	</enemy>

	<scoreRatio value='2.02073'/>
</results>
