<results>
	<result value='win'/>
	<start value='2014-07-11.20:34:58'/>
	<end value='2014-07-11.20:35:18'/>
	<frames value='26786'/>
	<gameDuration value='1674'/>

	<player>
		<unitScore value='14700'/>
		<killScore value='20480'/>
		<buildingScore value='3525'/>
		<razingScore value='6930'/>
		<mineralScore value='19234'/>
		<gasScore value='1840'/>
		<totalScore value='66709'/>
	</player>

	<enemy>
		<race value='Zerg'/>
		<unitScore value='9550'/>
		<unitScore value='9550'/>
		<killScore value='13500'/>
		<buildingScore value='2310'/>
		<razingScore value='2175'/>
		<mineralScore value='10002'/>
		<gasScore value='3272'/>
		<totalScore value='40809'/>
	</enemy>

	<scoreRatio value='1.63466'/>
</results>
