<results>
	<result value='win'/>
	<start value='2014-07-23.01:58:05'/>
	<end value='2014-07-23.01:59:06'/>
	<frames value='39434'/>
	<gameDuration value='2464'/>

	<player>
		<unitScore value='26075'/>
		<killScore value='45750'/>
		<buildingScore value='5475'/>
		<razingScore value='15450'/>
		<mineralScore value='36398'/>
		<gasScore value='4232'/>
		<totalScore value='133380'/>
	</player>

	<enemy>
		<race value='Protoss'/>
		<unitScore value='23100'/>
		<unitScore value='23100'/>
		<killScore value='25250'/>
		<buildingScore value='5150'/>
		<razingScore value='0'/>
		<mineralScore value='23426'/>
		<gasScore value='5200'/>
		<totalScore value='82126'/>
	</enemy>

	<scoreRatio value='1.62409'/>
</results>
