<results>
	<result value='win'/>
	<start value='2015-04-11.18:27:37'/>
	<end value='2015-04-11.18:28:25'/>
	<frames value='28057'/>
	<gameDuration value='1753'/>

	<player>
		<unitScore value='17175'/>
		<killScore value='21900'/>
		<buildingScore value='3875'/>
		<razingScore value='15825'/>
		<mineralScore value='22978'/>
		<gasScore value='2608'/>
		<totalScore value='84361'/>
	</player>

	<enemy>
		<race value='Protoss'/>
		<unitScore value='11950'/>
		<unitScore value='11950'/>
		<killScore value='14200'/>
		<buildingScore value='5275'/>
		<razingScore value='0'/>
		<mineralScore value='15302'/>
		<gasScore value='3648'/>
		<totalScore value='50375'/>
	</enemy>

	<scoreRatio value='1.67466'/>
</results>
