<results>
	<result value='loss'/>
	<start value='2015-07-14.05:51:31'/>
	<end value='2015-07-14.05:52:25'/>
	<frames value='45169'/>
	<gameDuration value='2823'/>

	<player>
		<unitScore value='22775'/>
		<killScore value='11300'/>
		<buildingScore value='3800'/>
		<razingScore value='3150'/>
		<mineralScore value='31022'/>
		<gasScore value='3952'/>
		<totalScore value='75999'/>
	</player>

	<enemy>
		<race value='Protoss'/>
		<unitScore value='23100'/>
		<killScore value='45550'/>
		<buildingScore value='8275'/>
		<razingScore value='11400'/>
		<mineralScore value='28742'/>
		<gasScore value='9670'/>
		<totalScore value='126737'/>
	</enemy>

	<scoreRatio value='0.599659'/>
	<timeFitness value='0.392083'/>
	<unitsAverage value='73'/>
</results>
