<results>
	<result value='win'/>
	<start value='2015-07-14.05:56:44'/>
	<end value='2015-07-14.05:58:06'/>
	<frames value='44301'/>
	<gameDuration value='2768'/>

	<player>
		<unitScore value='37075'/>
		<killScore value='32700'/>
		<buildingScore value='3625'/>
		<razingScore value='11250'/>
		<mineralScore value='38994'/>
		<gasScore value='7616'/>
		<totalScore value='131260'/>
	</player>

	<enemy>
		<race value='Protoss'/>
		<unitScore value='16350'/>
		<killScore value='45300'/>
		<buildingScore value='3750'/>
		<razingScore value='0'/>
		<mineralScore value='24002'/>
		<gasScore value='3288'/>
		<totalScore value='92690'/>
	</enemy>

	<scoreRatio value='1.41612'/>
	<timeFitness value='0.615556'/>
	<unitsAverage value='126'/>
</results>
