<results>
	<result value='loss'/>
	<start value='2015-07-14.06:00:35'/>
	<end value='2015-07-14.06:00:52'/>
	<frames value='22291'/>
	<gameDuration value='1393'/>

	<player>
		<unitScore value='9075'/>
		<killScore value='4100'/>
		<buildingScore value='2275'/>
		<razingScore value='0'/>
		<mineralScore value='9650'/>
		<gasScore value='1424'/>
		<totalScore value='26524'/>
	</player>

	<enemy>
		<race value='Protoss'/>
		<unitScore value='7150'/>
		<killScore value='18150'/>
		<buildingScore value='4375'/>
		<razingScore value='6825'/>
		<mineralScore value='11782'/>
		<gasScore value='2992'/>
		<totalScore value='51274'/>
	</enemy>

	<scoreRatio value='0.517299'/>
	<timeFitness value='0.193472'/>
	<unitsAverage value='36'/>
</results>
