<results>
	<result value='win'/>
	<start value='2015-04-29.07:54:56'/>
	<end value='2015-04-29.07:56:04'/>
	<frames value='41201'/>
	<gameDuration value='2575'/>

	<player>
		<unitScore value='21725'/>
		<killScore value='50170'/>
		<buildingScore value='3700'/>
		<razingScore value='5280'/>
		<mineralScore value='43002'/>
		<gasScore value='3176'/>
		<totalScore value='127053'/>
	</player>

	<enemy>
		<race value='Zerg'/>
		<unitScore value='21700'/>
		<unitScore value='21700'/>
		<killScore value='24950'/>
		<buildingScore value='1760'/>
		<razingScore value='0'/>
		<mineralScore value='16666'/>
		<gasScore value='5402'/>
		<totalScore value='70478'/>
	</enemy>

	<scoreRatio value='1.80273'/>
</results>
