<results>
	<result value='loss'/>
	<start value='2015-04-17.04:48:56'/>
	<end value='2015-04-17.04:49:12'/>
	<frames value='17424'/>
	<gameDuration value='1089'/>

	<player>
		<unitScore value='3750'/>
		<killScore value='1600'/>
		<buildingScore value='1925'/>
		<razingScore value='0'/>
		<mineralScore value='5650'/>
		<gasScore value='728'/>
		<totalScore value='13653'/>
	</player>

	<enemy>
		<race value='Protoss'/>
		<unitScore value='3650'/>
		<unitScore value='3650'/>
		<killScore value='7000'/>
		<buildingScore value='4125'/>
		<razingScore value='5775'/>
		<mineralScore value='9298'/>
		<gasScore value='1584'/>
		<totalScore value='31432'/>
	</enemy>

	<scoreRatio value='0.434366'/>
</results>
