<results>
	<result value='loss'/>
	<start value='2014-07-22.23:55:25'/>
	<end value='2014-07-22.23:55:43'/>
	<frames value='33048'/>
	<gameDuration value='2065'/>

	<player>
		<unitScore value='9000'/>
		<killScore value='6450'/>
		<buildingScore value='2625'/>
		<razingScore value='1650'/>
		<mineralScore value='12162'/>
		<gasScore value='2872'/>
		<totalScore value='34759'/>
	</player>

	<enemy>
		<race value='Protoss'/>
		<unitScore value='14225'/>
		<unitScore value='14225'/>
		<killScore value='18000'/>
		<buildingScore value='6975'/>
		<razingScore value='7875'/>
		<mineralScore value='21338'/>
		<gasScore value='6464'/>
		<totalScore value='74877'/>
	</enemy>

	<scoreRatio value='0.464215'/>
</results>
