<results>
	<result value='loss'/>
	<start value='2014-07-22.23:57:41'/>
	<end value='2014-07-22.23:58:28'/>
	<frames value='45851'/>
	<gameDuration value='2865'/>

	<player>
		<unitScore value='23225'/>
		<killScore value='29650'/>
		<buildingScore value='2925'/>
		<razingScore value='3150'/>
		<mineralScore value='24026'/>
		<gasScore value='3640'/>
		<totalScore value='86616'/>
	</player>

	<enemy>
		<race value='Protoss'/>
		<unitScore value='36610'/>
		<unitScore value='36610'/>
		<killScore value='46450'/>
		<buildingScore value='8525'/>
		<razingScore value='8775'/>
		<mineralScore value='32558'/>
		<gasScore value='12040'/>
		<totalScore value='144958'/>
	</enemy>

	<scoreRatio value='0.597525'/>
</results>
