<results>
	<result value='win'/>
	<start value='2015-05-10.23:27:32'/>
	<end value='2015-05-10.23:28:11'/>
	<frames value='26259'/>
	<gameDuration value='1641'/>

	<player>
		<unitScore value='17825'/>
		<killScore value='23845'/>
		<buildingScore value='3900'/>
		<razingScore value='7605'/>
		<mineralScore value='26462'/>
		<gasScore value='1944'/>
		<totalScore value='81581'/>
	</player>

	<enemy>
		<race value='Zerg'/>
		<unitScore value='11200'/>
		<unitScore value='11200'/>
		<killScore value='14300'/>
		<buildingScore value='2535'/>
		<razingScore value='1050'/>
		<mineralScore value='12210'/>
		<gasScore value='3584'/>
		<totalScore value='44879'/>
	</enemy>

	<scoreRatio value='1.8178'/>
	<timeFitness value='0.772083'/>
	<unitsAverage value='95'/>
</results>
