<results>
	<result value='loss'/>
	<start value='2015-05-10.21:11:44'/>
	<end value='2015-05-10.21:12:05'/>
	<frames value='24709'/>
	<gameDuration value='1544'/>

	<player>
		<unitScore value='3750'/>
		<killScore value='2400'/>
		<buildingScore value='2150'/>
		<razingScore value='0'/>
		<mineralScore value='6418'/>
		<gasScore value='984'/>
		<totalScore value='15702'/>
	</player>

	<enemy>
		<race value='Protoss'/>
		<unitScore value='9125'/>
		<unitScore value='9125'/>
		<killScore value='7500'/>
		<buildingScore value='6525'/>
		<razingScore value='6450'/>
		<mineralScore value='15426'/>
		<gasScore value='4640'/>
		<totalScore value='49666'/>
	</enemy>

	<scoreRatio value='0.316152'/>
	<timeFitness value='0.214444'/>
	<unitsAverage value='25'/>
</results>
