<results>
	<result value='win'/>
	<start value='2015-05-04.05:18:40'/>
	<end value='2015-05-04.05:19:19'/>
	<frames value='45014'/>
	<gameDuration value='2813'/>

	<player>
		<unitScore value='26000'/>
		<killScore value='36200'/>
		<buildingScore value='3800'/>
		<razingScore value='27900'/>
		<mineralScore value='29266'/>
		<gasScore value='3488'/>
		<totalScore value='126654'/>
	</player>

	<enemy>
		<race value='Protoss'/>
		<unitScore value='19200'/>
		<unitScore value='19200'/>
		<killScore value='35400'/>
		<buildingScore value='9300'/>
		<razingScore value='1950'/>
		<mineralScore value='26350'/>
		<gasScore value='7792'/>
		<totalScore value='99992'/>
	</enemy>

	<scoreRatio value='1.26664'/>
	<timeFitness value='0.609306'/>
	<unitsAverage value='89'/>
</results>
