<results>
	<result value='loss'/>
	<start value='2015-05-04.05:21:55'/>
	<end value='2015-05-04.05:22:01'/>
	<frames value='14758'/>
	<gameDuration value='922'/>

	<player>
		<unitScore value='3350'/>
		<killScore value='400'/>
		<buildingScore value='1100'/>
		<razingScore value='0'/>
		<mineralScore value='4338'/>
		<gasScore value='968'/>
		<totalScore value='10156'/>
	</player>

	<enemy>
		<race value='Protoss'/>
		<unitScore value='4525'/>
		<unitScore value='4525'/>
		<killScore value='6100'/>
		<buildingScore value='2325'/>
		<razingScore value='3300'/>
		<mineralScore value='7418'/>
		<gasScore value='1976'/>
		<totalScore value='25644'/>
	</enemy>

	<scoreRatio value='0.396038'/>
	<timeFitness value='0.128056'/>
	<unitsAverage value='25'/>
</results>
