<results>
	<result value='loss'/>
	<start value='2015-05-10.21:26:09'/>
	<end value='2015-05-10.21:26:39'/>
	<frames value='31715'/>
	<gameDuration value='1982'/>

	<player>
		<unitScore value='9750'/>
		<killScore value='8900'/>
		<buildingScore value='3250'/>
		<razingScore value='0'/>
		<mineralScore value='13362'/>
		<gasScore value='1872'/>
		<totalScore value='37134'/>
	</player>

	<enemy>
		<race value='Protoss'/>
		<unitScore value='15875'/>
		<unitScore value='15875'/>
		<killScore value='17850'/>
		<buildingScore value='6025'/>
		<razingScore value='9750'/>
		<mineralScore value='20318'/>
		<gasScore value='6456'/>
		<totalScore value='76274'/>
	</enemy>

	<scoreRatio value='0.48685'/>
	<timeFitness value='0.275278'/>
	<unitsAverage value='40'/>
</results>
