<results>
	<result value='draw'/>
	<start value='2015-05-04.05:22:03'/>
	<end value='2015-05-04.05:22:48'/>
	<frames value='57601'/>
	<gameDuration value='3600'/>

	<player>
		<unitScore value='30450'/>
		<killScore value='48200'/>
		<buildingScore value='2900'/>
		<razingScore value='14175'/>
		<mineralScore value='31238'/>
		<gasScore value='5194'/>
		<totalScore value='132157'/>
	</player>

	<enemy>
		<race value='Protoss'/>
		<unitScore value='28500'/>
		<unitScore value='28500'/>
		<killScore value='54150'/>
		<buildingScore value='6975'/>
		<razingScore value='0'/>
		<mineralScore value='27734'/>
		<gasScore value='10690'/>
		<totalScore value='128049'/>
	</enemy>

	<scoreRatio value='1.03208'/>
	<timeFitness value='0.5'/>
	<unitsAverage value='90'/>
</results>
