<results>
	<result value='win'/>
	<start value='2015-05-04.05:23:11'/>
	<end value='2015-05-04.05:23:36'/>
	<frames value='31405'/>
	<gameDuration value='1962'/>

	<player>
		<unitScore value='15900'/>
		<killScore value='16450'/>
		<buildingScore value='3825'/>
		<razingScore value='19800'/>
		<mineralScore value='20786'/>
		<gasScore value='3488'/>
		<totalScore value='80249'/>
	</player>

	<enemy>
		<race value='Protoss'/>
		<unitScore value='8225'/>
		<unitScore value='8225'/>
		<killScore value='13700'/>
		<buildingScore value='6600'/>
		<razingScore value='450'/>
		<mineralScore value='15794'/>
		<gasScore value='3040'/>
		<totalScore value='47809'/>
	</enemy>

	<scoreRatio value='1.67853'/>
	<timeFitness value='0.7275'/>
	<unitsAverage value='77'/>
</results>
