<results>
	<result value='win'/>
	<start value='2014-07-23.19:32:01'/>
	<end value='2014-07-23.19:32:32'/>
	<frames value='32583'/>
	<gameDuration value='2036'/>

	<player>
		<unitScore value='20050'/>
		<killScore value='18000'/>
		<buildingScore value='3800'/>
		<razingScore value='16725'/>
		<mineralScore value='24002'/>
		<gasScore value='3608'/>
		<totalScore value='86185'/>
	</player>

	<enemy>
		<race value='Protoss'/>
		<unitScore value='9050'/>
		<unitScore value='9050'/>
		<killScore value='18100'/>
		<buildingScore value='5575'/>
		<razingScore value='150'/>
		<mineralScore value='15362'/>
		<gasScore value='3056'/>
		<totalScore value='51293'/>
	</enemy>

	<scoreRatio value='1.68025'/>
</results>
