<results>
	<result value='loss'/>
	<start value='2015-05-09.19:56:59'/>
	<end value='2015-05-09.19:57:08'/>
	<frames value='27406'/>
	<gameDuration value='1712'/>

	<player>
		<unitScore value='3850'/>
		<killScore value='2500'/>
		<buildingScore value='1525'/>
		<razingScore value='0'/>
		<mineralScore value='5410'/>
		<gasScore value='776'/>
		<totalScore value='14061'/>
	</player>

	<enemy>
		<race value='Protoss'/>
		<unitScore value='11625'/>
		<unitScore value='11625'/>
		<killScore value='7700'/>
		<buildingScore value='6875'/>
		<razingScore value='4575'/>
		<mineralScore value='16506'/>
		<gasScore value='6224'/>
		<totalScore value='53505'/>
	</enemy>

	<scoreRatio value='0.262798'/>
	<timeFitness value='0.237778'/>
	<unitsAverage value='17'/>
</results>
