<results>
	<result value='win'/>
	<start value='2015-05-09.19:57:28'/>
	<end value='2015-05-09.19:58:20'/>
	<frames value='33823'/>
	<gameDuration value='2113'/>

	<player>
		<unitScore value='22425'/>
		<killScore value='26750'/>
		<buildingScore value='3975'/>
		<razingScore value='18900'/>
		<mineralScore value='34350'/>
		<gasScore value='3888'/>
		<totalScore value='110288'/>
	</player>

	<enemy>
		<race value='Protoss'/>
		<unitScore value='15225'/>
		<unitScore value='15225'/>
		<killScore value='19850'/>
		<buildingScore value='6300'/>
		<razingScore value='0'/>
		<mineralScore value='16914'/>
		<gasScore value='5960'/>
		<totalScore value='64249'/>
	</enemy>

	<scoreRatio value='1.71657'/>
	<timeFitness value='0.706528'/>
	<unitsAverage value='120'/>
</results>
