<results>
	<result value='loss'/>
	<start value='2015-05-09.20:02:35'/>
	<end value='2015-05-09.20:03:13'/>
	<frames value='40922'/>
	<gameDuration value='2557'/>

	<player>
		<unitScore value='19425'/>
		<killScore value='21200'/>
		<buildingScore value='2400'/>
		<razingScore value='300'/>
		<mineralScore value='20282'/>
		<gasScore value='3200'/>
		<totalScore value='66807'/>
	</player>

	<enemy>
		<race value='Protoss'/>
		<unitScore value='29350'/>
		<unitScore value='29350'/>
		<killScore value='38950'/>
		<buildingScore value='7775'/>
		<razingScore value='7200'/>
		<mineralScore value='28642'/>
		<gasScore value='11200'/>
		<totalScore value='123117'/>
	</enemy>

	<scoreRatio value='0.54263'/>
	<timeFitness value='0.355139'/>
	<unitsAverage value='71'/>
</results>
