<results>
	<result value='loss'/>
	<start value='2015-05-09.20:09:37'/>
	<end value='2015-05-09.20:10:05'/>
	<frames value='37791'/>
	<gameDuration value='2361'/>

	<player>
		<unitScore value='12300'/>
		<killScore value='11000'/>
		<buildingScore value='3000'/>
		<razingScore value='0'/>
		<mineralScore value='16906'/>
		<gasScore value='3544'/>
		<totalScore value='46750'/>
	</player>

	<enemy>
		<race value='Protoss'/>
		<unitScore value='25100'/>
		<unitScore value='25100'/>
		<killScore value='24600'/>
		<buildingScore value='7025'/>
		<razingScore value='9000'/>
		<mineralScore value='26454'/>
		<gasScore value='9698'/>
		<totalScore value='101877'/>
	</enemy>

	<scoreRatio value='0.458887'/>
	<timeFitness value='0.327917'/>
	<unitsAverage value='47'/>
</results>
