<results>
	<result value='win'/>
	<start value='2015-07-14.15:08:06'/>
	<end value='2015-07-14.15:08:53'/>
	<frames value='32738'/>
	<gameDuration value='2046'/>

	<player>
		<unitScore value='17350'/>
		<killScore value='15800'/>
		<buildingScore value='4775'/>
		<razingScore value='11175'/>
		<mineralScore value='27178'/>
		<gasScore value='3416'/>
		<totalScore value='79694'/>
	</player>

	<enemy>
		<race value='Protoss'/>
		<unitScore value='7900'/>
		<killScore value='17800'/>
		<buildingScore value='3725'/>
		<razingScore value='1575'/>
		<mineralScore value='11226'/>
		<gasScore value='3832'/>
		<totalScore value='46058'/>
	</enemy>

	<scoreRatio value='1.7303'/>
	<timeFitness value='0.715833'/>
	<unitsAverage value='76'/>
</results>
