<results>
	<result value='loss'/>
	<start value='2015-07-14.15:09:40'/>
	<end value='2015-07-14.15:10:25'/>
	<frames value='39279'/>
	<gameDuration value='2454'/>

	<player>
		<unitScore value='17525'/>
		<killScore value='13700'/>
		<buildingScore value='2825'/>
		<razingScore value='600'/>
		<mineralScore value='20018'/>
		<gasScore value='3608'/>
		<totalScore value='58276'/>
	</player>

	<enemy>
		<race value='Protoss'/>
		<unitScore value='24575'/>
		<killScore value='35000'/>
		<buildingScore value='7875'/>
		<razingScore value='8475'/>
		<mineralScore value='27610'/>
		<gasScore value='9570'/>
		<totalScore value='113105'/>
	</enemy>

	<scoreRatio value='0.515238'/>
	<timeFitness value='0.340833'/>
	<unitsAverage value='53'/>
</results>
