<results>
	<result value='loss'/>
	<start value='2015-07-14.15:19:05'/>
	<end value='2015-07-14.15:19:40'/>
	<frames value='37512'/>
	<gameDuration value='2344'/>

	<player>
		<unitScore value='16300'/>
		<killScore value='6100'/>
		<buildingScore value='2575'/>
		<razingScore value='300'/>
		<mineralScore value='17274'/>
		<gasScore value='2864'/>
		<totalScore value='45413'/>
	</player>

	<enemy>
		<race value='Protoss'/>
		<unitScore value='22650'/>
		<killScore value='32600'/>
		<buildingScore value='7175'/>
		<razingScore value='7575'/>
		<mineralScore value='25450'/>
		<gasScore value='10040'/>
		<totalScore value='105490'/>
	</enemy>

	<scoreRatio value='0.430496'/>
	<timeFitness value='0.325556'/>
	<unitsAverage value='45'/>
</results>
