<results>
	<result value='loss'/>
	<start value='2014-07-06.03:35:07'/>
	<end value='2014-07-06.03:35:15'/>
	<frames value='16835'/>
	<gameDuration value='1052'/>

	<player>
		<unitScore value='2975'/>
		<killScore value='1600'/>
		<buildingScore value='1475'/>
		<razingScore value='0'/>
		<mineralScore value='4554'/>
		<gasScore value='672'/>
		<totalScore value='11276'/>
	</player>

	<enemy>
		<race value='Protoss'/>
		<unitScore value='3925'/>
		<unitScore value='3925'/>
		<killScore value='5950'/>
		<buildingScore value='4025'/>
		<razingScore value='4425'/>
		<mineralScore value='9026'/>
		<gasScore value='1736'/>
		<totalScore value='29087'/>
	</enemy>

	<scoreRatio value='0.387665'/>
</results>
