<results>
	<result value='loss'/>
	<start value='2014-07-06.03:37:16'/>
	<end value='2014-07-06.03:37:36'/>
	<frames value='34629'/>
	<gameDuration value='2164'/>

	<player>
		<unitScore value='11600'/>
		<killScore value='7400'/>
		<buildingScore value='2550'/>
		<razingScore value='0'/>
		<mineralScore value='14106'/>
		<gasScore value='2208'/>
		<totalScore value='37864'/>
	</player>

	<enemy>
		<race value='Protoss'/>
		<unitScore value='19975'/>
		<unitScore value='19975'/>
		<killScore value='23200'/>
		<buildingScore value='6925'/>
		<razingScore value='7650'/>
		<mineralScore value='22722'/>
		<gasScore value='9136'/>
		<totalScore value='89608'/>
	</enemy>

	<scoreRatio value='0.422552'/>
</results>
