<results>
	<result value='win'/>
	<start value='2015-07-10.07:22:50'/>
	<end value='2015-07-10.07:23:33'/>
	<frames value='21144'/>
	<gameDuration value='1321'/>

	<player>
		<unitScore value='10075'/>
		<killScore value='8600'/>
		<buildingScore value='3450'/>
		<razingScore value='3600'/>
		<mineralScore value='13738'/>
		<gasScore value='1664'/>
		<totalScore value='41127'/>
	</player>

	<enemy>
		<race value='Terran'/>
		<unitScore value='4300'/>
		<killScore value='8100'/>
		<buildingScore value='1200'/>
		<razingScore value='1350'/>
		<mineralScore value='7610'/>
		<gasScore value='1400'/>
		<totalScore value='23960'/>
	</enemy>

	<scoreRatio value='1.71649'/>
	<timeFitness value='0.816528'/>
	<unitsAverage value='52'/>
</results>
