<results>
	<result value='loss'/>
	<start value='2015-07-10.07:40:02'/>
	<end value='2015-07-10.07:40:28'/>
	<frames value='23934'/>
	<gameDuration value='1495'/>

	<player>
		<unitScore value='9675'/>
		<killScore value='6000'/>
		<buildingScore value='2825'/>
		<razingScore value='0'/>
		<mineralScore value='9626'/>
		<gasScore value='2224'/>
		<totalScore value='30350'/>
	</player>

	<enemy>
		<race value='Terran'/>
		<unitScore value='8050'/>
		<killScore value='16450'/>
		<buildingScore value='2550'/>
		<razingScore value='8475'/>
		<mineralScore value='11266'/>
		<gasScore value='3744'/>
		<totalScore value='50535'/>
	</enemy>

	<scoreRatio value='0.600574'/>
	<timeFitness value='0.207639'/>
	<unitsAverage value='41'/>
</results>
