<results>
	<result value='loss'/>
	<start value='2015-04-29.14:04:09'/>
	<end value='2015-04-29.14:04:50'/>
	<frames value='38287'/>
	<gameDuration value='2392'/>

	<player>
		<unitScore value='11075'/>
		<killScore value='13250'/>
		<buildingScore value='2650'/>
		<razingScore value='0'/>
		<mineralScore value='15746'/>
		<gasScore value='1440'/>
		<totalScore value='44161'/>
	</player>

	<enemy>
		<race value='Protoss'/>
		<unitScore value='21975'/>
		<unitScore value='21975'/>
		<killScore value='22250'/>
		<buildingScore value='7325'/>
		<razingScore value='7950'/>
		<mineralScore value='24966'/>
		<gasScore value='9032'/>
		<totalScore value='93498'/>
	</enemy>

	<scoreRatio value='0.47232'/>
	<timeFitness value='0.332222'/>
	<unitsAverage value='43'/>
</results>
