<results>
	<result value='loss'/>
	<start value='2015-04-28.09:08:28'/>
	<end value='2015-04-28.09:08:40'/>
	<frames value='17083'/>
	<gameDuration value='1067'/>

	<player>
		<unitScore value='4225'/>
		<killScore value='400'/>
		<buildingScore value='1800'/>
		<razingScore value='0'/>
		<mineralScore value='6146'/>
		<gasScore value='1216'/>
		<totalScore value='13787'/>
	</player>

	<enemy>
		<race value='Terran'/>
		<unitScore value='6050'/>
		<unitScore value='6050'/>
		<killScore value='8450'/>
		<buildingScore value='2625'/>
		<razingScore value='5400'/>
		<mineralScore value='7850'/>
		<gasScore value='2536'/>
		<totalScore value='32911'/>
	</enemy>

	<scoreRatio value='0.418918'/>
</results>
