<results>
	<result value='loss'/>
	<start value='2015-05-05.11:44:06'/>
	<end value='2015-05-05.11:44:14'/>
	<frames value='16556'/>
	<gameDuration value='1034'/>

	<player>
		<unitScore value='3525'/>
		<killScore value='700'/>
		<buildingScore value='1450'/>
		<razingScore value='0'/>
		<mineralScore value='5146'/>
		<gasScore value='552'/>
		<totalScore value='11373'/>
	</player>

	<enemy>
		<race value='Terran'/>
		<unitScore value='5300'/>
		<unitScore value='5300'/>
		<killScore value='7050'/>
		<buildingScore value='1900'/>
		<razingScore value='4350'/>
		<mineralScore value='7554'/>
		<gasScore value='2520'/>
		<totalScore value='28674'/>
	</enemy>

	<scoreRatio value='0.396631'/>
	<timeFitness value='0.143611'/>
	<unitsAverage value='24'/>
</results>
