<results>
	<result value='win'/>
	<start value='2015-05-07.09:12:45'/>
	<end value='2015-05-07.09:13:43'/>
	<frames value='48300'/>
	<gameDuration value='3018'/>

	<player>
		<unitScore value='28450'/>
		<killScore value='42900'/>
		<buildingScore value='4950'/>
		<razingScore value='13950'/>
		<mineralScore value='33278'/>
		<gasScore value='5608'/>
		<totalScore value='129136'/>
	</player>

	<enemy>
		<race value='Terran'/>
		<unitScore value='23225'/>
		<unitScore value='23225'/>
		<killScore value='33650'/>
		<buildingScore value='4725'/>
		<razingScore value='3375'/>
		<mineralScore value='22578'/>
		<gasScore value='8228'/>
		<totalScore value='95781'/>
	</enemy>

	<scoreRatio value='1.34824'/>
	<timeFitness value='0.580833'/>
	<unitsAverage value='106'/>
</results>
