<results>
	<result value='loss'/>
	<start value='2015-05-07.09:25:31'/>
	<end value='2015-05-07.09:25:41'/>
	<frames value='19749'/>
	<gameDuration value='1234'/>

	<player>
		<unitScore value='3500'/>
		<killScore value='3050'/>
		<buildingScore value='2075'/>
		<razingScore value='0'/>
		<mineralScore value='5826'/>
		<gasScore value='1176'/>
		<totalScore value='15627'/>
	</player>

	<enemy>
		<race value='Terran'/>
		<unitScore value='7425'/>
		<unitScore value='7425'/>
		<killScore value='7000'/>
		<buildingScore value='2850'/>
		<razingScore value='6225'/>
		<mineralScore value='9362'/>
		<gasScore value='3464'/>
		<totalScore value='36326'/>
	</enemy>

	<scoreRatio value='0.430188'/>
	<timeFitness value='0.171389'/>
	<unitsAverage value='31'/>
</results>
