<results>
	<result value='win'/>
	<start value='2015-03-29.02:45:58'/>
	<end value='2015-03-29.02:47:08'/>
	<frames value='38752'/>
	<gameDuration value='2422'/>

	<player>
		<unitScore value='22575'/>
		<killScore value='27500'/>
		<buildingScore value='5100'/>
		<razingScore value='19725'/>
		<mineralScore value='32474'/>
		<gasScore value='3352'/>
		<totalScore value='110726'/>
	</player>

	<enemy>
		<race value='Protoss'/>
		<unitScore value='14550'/>
		<unitScore value='14550'/>
		<killScore value='21350'/>
		<buildingScore value='6575'/>
		<razingScore value='1350'/>
		<mineralScore value='18386'/>
		<gasScore value='6096'/>
		<totalScore value='68307'/>
	</enemy>

	<scoreRatio value='1.62101'/>
</results>
