<results>
	<result value='loss'/>
	<start value='2015-04-29.20:54:03'/>
	<end value='2015-04-29.20:54:14'/>
	<frames value='16525'/>
	<gameDuration value='1032'/>

	<player>
		<unitScore value='3275'/>
		<killScore value='800'/>
		<buildingScore value='1300'/>
		<razingScore value='0'/>
		<mineralScore value='5018'/>
		<gasScore value='736'/>
		<totalScore value='11129'/>
	</player>

	<enemy>
		<race value='Terran'/>
		<unitScore value='5650'/>
		<unitScore value='5650'/>
		<killScore value='6550'/>
		<buildingScore value='2225'/>
		<razingScore value='3900'/>
		<mineralScore value='7746'/>
		<gasScore value='2216'/>
		<totalScore value='28287'/>
	</enemy>

	<scoreRatio value='0.393432'/>
	<timeFitness value='0.143333'/>
	<unitsAverage value='28'/>
</results>
