<results>
	<result value='loss'/>
	<start value='2015-04-14.03:35:34'/>
	<end value='2015-04-14.03:35:56'/>
	<frames value='25174'/>
	<gameDuration value='1573'/>

	<player>
		<unitScore value='3600'/>
		<killScore value='2600'/>
		<buildingScore value='1250'/>
		<razingScore value='0'/>
		<mineralScore value='5314'/>
		<gasScore value='840'/>
		<totalScore value='13604'/>
	</player>

	<enemy>
		<race value='Protoss'/>
		<unitScore value='10275'/>
		<unitScore value='10275'/>
		<killScore value='7200'/>
		<buildingScore value='5625'/>
		<razingScore value='3750'/>
		<mineralScore value='15978'/>
		<gasScore value='5016'/>
		<totalScore value='47844'/>
	</enemy>

	<scoreRatio value='0.284341'/>
</results>
