<results>
	<result value='win'/>
	<start value='2015-07-18.04:29:27'/>
	<end value='2015-07-18.04:30:41'/>
	<frames value='30537'/>
	<gameDuration value='1908'/>

	<player>
		<unitScore value='18125'/>
		<killScore value='21600'/>
		<buildingScore value='5300'/>
		<razingScore value='8925'/>
		<mineralScore value='28714'/>
		<gasScore value='3480'/>
		<totalScore value='86144'/>
	</player>

	<enemy>
		<race value='Protoss'/>
		<unitScore value='10800'/>
		<killScore value='15950'/>
		<buildingScore value='2975'/>
		<razingScore value='300'/>
		<mineralScore value='12602'/>
		<gasScore value='4976'/>
		<totalScore value='47603'/>
	</enemy>

	<scoreRatio value='1.80963'/>
	<timeFitness value='0.735'/>
	<unitsAverage value='91'/>
</results>
