<results>
	<result value='loss'/>
	<start value='2014-07-24.04:48:30'/>
	<end value='2014-07-24.04:48:35'/>
	<frames value='14107'/>
	<gameDuration value='881'/>

	<player>
		<unitScore value='2050'/>
		<killScore value='500'/>
		<buildingScore value='1225'/>
		<razingScore value='0'/>
		<mineralScore value='3250'/>
		<gasScore value='560'/>
		<totalScore value='7585'/>
	</player>

	<enemy>
		<race value='Terran'/>
		<unitScore value='4400'/>
		<unitScore value='4400'/>
		<killScore value='4100'/>
		<buildingScore value='1450'/>
		<razingScore value='3675'/>
		<mineralScore value='6426'/>
		<gasScore value='1872'/>
		<totalScore value='21923'/>
	</enemy>

	<scoreRatio value='0.345984'/>
</results>
