<results>
	<result value='win'/>
	<start value='2015-05-10.08:42:04'/>
	<end value='2015-05-10.08:42:34'/>
	<frames value='26507'/>
	<gameDuration value='1656'/>

	<player>
		<unitScore value='17075'/>
		<killScore value='28800'/>
		<buildingScore value='3825'/>
		<razingScore value='6495'/>
		<mineralScore value='24378'/>
		<gasScore value='2312'/>
		<totalScore value='82885'/>
	</player>

	<enemy>
		<race value='Zerg'/>
		<unitScore value='13275'/>
		<unitScore value='13275'/>
		<killScore value='13150'/>
		<buildingScore value='2165'/>
		<razingScore value='0'/>
		<mineralScore value='12402'/>
		<gasScore value='4040'/>
		<totalScore value='45032'/>
	</enemy>

	<scoreRatio value='1.84058'/>
	<timeFitness value='0.77'/>
	<unitsAverage value='96'/>
</results>
