<results>
	<result value='win'/>
	<start value='2015-05-10.08:42:37'/>
	<end value='2015-05-10.08:43:07'/>
	<frames value='26569'/>
	<gameDuration value='1660'/>

	<player>
		<unitScore value='15475'/>
		<killScore value='21045'/>
		<buildingScore value='4425'/>
		<razingScore value='4680'/>
		<mineralScore value='25554'/>
		<gasScore value='2640'/>
		<totalScore value='73819'/>
	</player>

	<enemy>
		<race value='Zerg'/>
		<unitScore value='9200'/>
		<unitScore value='9200'/>
		<killScore value='10750'/>
		<buildingScore value='1560'/>
		<razingScore value='0'/>
		<mineralScore value='8986'/>
		<gasScore value='2536'/>
		<totalScore value='33032'/>
	</enemy>

	<scoreRatio value='2.23477'/>
	<timeFitness value='0.769444'/>
	<unitsAverage value='95'/>
</results>
