<results>
	<result value='loss'/>
	<start value='2015-04-07.14:20:47'/>
	<end value='2015-04-07.14:21:11'/>
	<frames value='32645'/>
	<gameDuration value='2040'/>

	<player>
		<unitScore value='11150'/>
		<killScore value='5200'/>
		<buildingScore value='3025'/>
		<razingScore value='0'/>
		<mineralScore value='17498'/>
		<gasScore value='2816'/>
		<totalScore value='39689'/>
	</player>

	<enemy>
		<race value='Protoss'/>
		<unitScore value='18300'/>
		<unitScore value='18300'/>
		<killScore value='22400'/>
		<buildingScore value='6125'/>
		<razingScore value='9225'/>
		<mineralScore value='20966'/>
		<gasScore value='8190'/>
		<totalScore value='85206'/>
	</enemy>

	<scoreRatio value='0.465801'/>
</results>
