<results>
	<result value='win'/>
	<start value='2015-04-25.03:52:32'/>
	<end value='2015-04-25.03:52:58'/>
	<frames value='36303'/>
	<gameDuration value='2268'/>

	<player>
		<unitScore value='14700'/>
		<killScore value='34900'/>
		<buildingScore value='3775'/>
		<razingScore value='10425'/>
		<mineralScore value='18954'/>
		<gasScore value='2776'/>
		<totalScore value='85530'/>
	</player>

	<enemy>
		<race value='Terran'/>
		<unitScore value='19350'/>
		<unitScore value='19350'/>
		<killScore value='16750'/>
		<buildingScore value='3625'/>
		<razingScore value='3525'/>
		<mineralScore value='16990'/>
		<gasScore value='8584'/>
		<totalScore value='68824'/>
	</enemy>

	<scoreRatio value='1.24274'/>
</results>
