<results>
	<result value='win'/>
	<start value='2015-04-07.23:31:03'/>
	<end value='2015-04-07.23:31:27'/>
	<frames value='27623'/>
	<gameDuration value='1726'/>

	<player>
		<unitScore value='15675'/>
		<killScore value='20400'/>
		<buildingScore value='3975'/>
		<razingScore value='15675'/>
		<mineralScore value='21114'/>
		<gasScore value='2976'/>
		<totalScore value='79815'/>
	</player>

	<enemy>
		<race value='Protoss'/>
		<unitScore value='11600'/>
		<unitScore value='11600'/>
		<killScore value='14300'/>
		<buildingScore value='5225'/>
		<razingScore value='150'/>
		<mineralScore value='13146'/>
		<gasScore value='3600'/>
		<totalScore value='48021'/>
	</enemy>

	<scoreRatio value='1.66209'/>
</results>
