<results>
	<result value='loss'/>
	<start value='2015-04-07.21:20:29'/>
	<end value='2015-04-07.21:20:41'/>
	<frames value='23655'/>
	<gameDuration value='1478'/>

	<player>
		<unitScore value='3875'/>
		<killScore value='2000'/>
		<buildingScore value='1825'/>
		<razingScore value='0'/>
		<mineralScore value='6170'/>
		<gasScore value='928'/>
		<totalScore value='14798'/>
	</player>

	<enemy>
		<race value='Protoss'/>
		<unitScore value='8275'/>
		<unitScore value='8275'/>
		<killScore value='7650'/>
		<buildingScore value='6525'/>
		<razingScore value='5475'/>
		<mineralScore value='14906'/>
		<gasScore value='4112'/>
		<totalScore value='46943'/>
	</enemy>

	<scoreRatio value='0.315233'/>
</results>
