<results>
	<result value='draw'/>
	<start value='2015-07-18.07:06:33'/>
	<end value='2015-07-18.07:10:17'/>
	<frames value='57601'/>
	<gameDuration value='3600'/>

	<player>
		<unitScore value='35400'/>
		<killScore value='22050'/>
		<buildingScore value='5300'/>
		<razingScore value='300'/>
		<mineralScore value='31606'/>
		<gasScore value='6860'/>
		<totalScore value='101516'/>
	</player>

	<enemy>
		<race value='Terran'/>
		<unitScore value='20500'/>
		<killScore value='55550'/>
		<buildingScore value='4650'/>
		<razingScore value='3300'/>
		<mineralScore value='26658'/>
		<gasScore value='7182'/>
		<totalScore value='117840'/>
	</enemy>

	<scoreRatio value='0.861473'/>
	<timeFitness value='0.5'/>
	<unitsAverage value='112'/>
</results>
