<results>
	<result value='loss'/>
	<start value='2014-07-23.21:56:13'/>
	<end value='2014-07-23.21:56:21'/>
	<frames value='17951'/>
	<gameDuration value='1121'/>

	<player>
		<unitScore value='3025'/>
		<killScore value='1200'/>
		<buildingScore value='1700'/>
		<razingScore value='0'/>
		<mineralScore value='5226'/>
		<gasScore value='696'/>
		<totalScore value='11847'/>
	</player>

	<enemy>
		<race value='Protoss'/>
		<unitScore value='3850'/>
		<unitScore value='3850'/>
		<killScore value='5950'/>
		<buildingScore value='4325'/>
		<razingScore value='5100'/>
		<mineralScore value='9810'/>
		<gasScore value='2080'/>
		<totalScore value='31115'/>
	</enemy>

	<scoreRatio value='0.380749'/>
</results>
