<results>
	<result value='draw'/>
	<start value='2015-07-21.01:04:59'/>
	<end value='2015-07-21.01:07:18'/>
	<frames value='57601'/>
	<gameDuration value='3600'/>

	<player>
		<unitScore value='40500'/>
		<killScore value='29250'/>
		<buildingScore value='4650'/>
		<razingScore value='1650'/>
		<mineralScore value='50962'/>
		<gasScore value='12796'/>
		<totalScore value='139808'/>
	</player>

	<enemy>
		<race value='Zerg'/>
		<unitScore value='14350'/>
		<killScore value='57100'/>
		<buildingScore value='1585'/>
		<razingScore value='0'/>
		<mineralScore value='12138'/>
		<gasScore value='5874'/>
		<totalScore value='91047'/>
	</enemy>

	<scoreRatio value='1.53556'/>
	<timeFitness value='0.5'/>
	<unitsAverage value='177'/>
</results>
