<results>
	<result value='draw'/>
	<start value='2015-07-21.01:11:07'/>
	<end value='2015-07-21.01:12:41'/>
	<frames value='57601'/>
	<gameDuration value='3600'/>

	<player>
		<unitScore value='28325'/>
		<killScore value='16960'/>
		<buildingScore value='3375'/>
		<razingScore value='1800'/>
		<mineralScore value='28606'/>
		<gasScore value='4144'/>
		<totalScore value='83210'/>
	</player>

	<enemy>
		<race value='Zerg'/>
		<unitScore value='9750'/>
		<killScore value='38050'/>
		<buildingScore value='2545'/>
		<razingScore value='2850'/>
		<mineralScore value='10054'/>
		<gasScore value='2976'/>
		<totalScore value='66225'/>
	</enemy>

	<scoreRatio value='1.25647'/>
	<timeFitness value='0.5'/>
	<unitsAverage value='114'/>
</results>
