<results>
	<result value='loss'/>
	<start value='2014-07-24.00:42:51'/>
	<end value='2014-07-24.00:42:59'/>
	<frames value='18230'/>
	<gameDuration value='1139'/>

	<player>
		<unitScore value='3175'/>
		<killScore value='2500'/>
		<buildingScore value='1025'/>
		<razingScore value='0'/>
		<mineralScore value='3994'/>
		<gasScore value='1440'/>
		<totalScore value='12134'/>
	</player>

	<enemy>
		<race value='Terran'/>
		<unitScore value='7300'/>
		<unitScore value='7300'/>
		<killScore value='6350'/>
		<buildingScore value='2800'/>
		<razingScore value='3075'/>
		<mineralScore value='8394'/>
		<gasScore value='2696'/>
		<totalScore value='30615'/>
	</enemy>

	<scoreRatio value='0.396342'/>
</results>
