<results>
	<result value='win'/>
	<start value='2015-05-09.17:38:13'/>
	<end value='2015-05-09.17:38:35'/>
	<frames value='31498'/>
	<gameDuration value='1968'/>

	<player>
		<unitScore value='10525'/>
		<killScore value='19300'/>
		<buildingScore value='2200'/>
		<razingScore value='6600'/>
		<mineralScore value='13490'/>
		<gasScore value='2288'/>
		<totalScore value='54403'/>
	</player>

	<enemy>
		<race value='Terran'/>
		<unitScore value='9650'/>
		<unitScore value='9650'/>
		<killScore value='11450'/>
		<buildingScore value='2200'/>
		<razingScore value='975'/>
		<mineralScore value='12638'/>
		<gasScore value='3936'/>
		<totalScore value='40849'/>
	</enemy>

	<scoreRatio value='1.33181'/>
	<timeFitness value='0.726667'/>
	<unitsAverage value='52'/>
</results>
