<results>
	<result value='loss'/>
	<start value='2015-07-20.11:36:04'/>
	<end value='2015-07-20.11:36:36'/>
	<frames value='30010'/>
	<gameDuration value='1875'/>

	<player>
		<unitScore value='14975'/>
		<killScore value='9000'/>
		<buildingScore value='2950'/>
		<razingScore value='0'/>
		<mineralScore value='17578'/>
		<gasScore value='1912'/>
		<totalScore value='46415'/>
	</player>

	<enemy>
		<race value='Zerg'/>
		<unitScore value='16325'/>
		<killScore value='29950'/>
		<buildingScore value='3410'/>
		<razingScore value='9000'/>
		<mineralScore value='18518'/>
		<gasScore value='6352'/>
		<totalScore value='83555'/>
	</enemy>

	<scoreRatio value='0.555502'/>
	<timeFitness value='0.260417'/>
	<unitsAverage value='47'/>
</results>
