<results>
	<result value='draw'/>
	<start value='2015-07-20.11:37:22'/>
	<end value='2015-07-20.11:38:58'/>
	<frames value='57601'/>
	<gameDuration value='3600'/>

	<player>
		<unitScore value='34350'/>
		<killScore value='32475'/>
		<buildingScore value='3375'/>
		<razingScore value='1380'/>
		<mineralScore value='27070'/>
		<gasScore value='8682'/>
		<totalScore value='107332'/>
	</player>

	<enemy>
		<race value='Zerg'/>
		<unitScore value='33600'/>
		<killScore value='58250'/>
		<buildingScore value='5250'/>
		<razingScore value='3600'/>
		<mineralScore value='35910'/>
		<gasScore value='10666'/>
		<totalScore value='147276'/>
	</enemy>

	<scoreRatio value='0.728781'/>
	<timeFitness value='0.5'/>
	<unitsAverage value='89'/>
</results>
