<results>
	<result value='loss'/>
	<start value='2015-04-27.18:17:23'/>
	<end value='2015-04-27.18:17:34'/>
	<frames value='19563'/>
	<gameDuration value='1222'/>

	<player>
		<unitScore value='4125'/>
		<killScore value='3800'/>
		<buildingScore value='2075'/>
		<razingScore value='0'/>
		<mineralScore value='6322'/>
		<gasScore value='1288'/>
		<totalScore value='17610'/>
	</player>

	<enemy>
		<race value='Terran'/>
		<unitScore value='7200'/>
		<unitScore value='7200'/>
		<killScore value='7900'/>
		<buildingScore value='2850'/>
		<razingScore value='6225'/>
		<mineralScore value='9122'/>
		<gasScore value='3368'/>
		<totalScore value='36665'/>
	</enemy>

	<scoreRatio value='0.480295'/>
</results>
