<results>
	<result value='loss'/>
	<start value='2015-04-27.18:17:09'/>
	<end value='2015-04-27.18:17:20'/>
	<frames value='18788'/>
	<gameDuration value='1174'/>

	<player>
		<unitScore value='5050'/>
		<killScore value='1750'/>
		<buildingScore value='2075'/>
		<razingScore value='0'/>
		<mineralScore value='7634'/>
		<gasScore value='1304'/>
		<totalScore value='17813'/>
	</player>

	<enemy>
		<race value='Terran'/>
		<unitScore value='6775'/>
		<unitScore value='6775'/>
		<killScore value='10100'/>
		<buildingScore value='2900'/>
		<razingScore value='6225'/>
		<mineralScore value='8754'/>
		<gasScore value='2912'/>
		<totalScore value='37666'/>
	</enemy>

	<scoreRatio value='0.47292'/>
</results>
