<results>
	<result value='win'/>
	<start value='2015-04-27.18:25:30'/>
	<end value='2015-04-27.18:25:43'/>
	<frames value='19687'/>
	<gameDuration value='1230'/>

	<player>
		<unitScore value='7475'/>
		<killScore value='8450'/>
		<buildingScore value='2925'/>
		<razingScore value='3750'/>
		<mineralScore value='11738'/>
		<gasScore value='1280'/>
		<totalScore value='35618'/>
	</player>

	<enemy>
		<race value='Terran'/>
		<unitScore value='4225'/>
		<unitScore value='4225'/>
		<killScore value='4350'/>
		<buildingScore value='1325'/>
		<razingScore value='1350'/>
		<mineralScore value='7010'/>
		<gasScore value='1376'/>
		<totalScore value='19636'/>
	</enemy>

	<scoreRatio value='1.81391'/>
</results>
