<results>
	<result value='win'/>
	<start value='2015-04-28.14:50:00'/>
	<end value='2015-04-28.14:51:09'/>
	<frames value='33451'/>
	<gameDuration value='2090'/>

	<player>
		<unitScore value='19100'/>
		<killScore value='25860'/>
		<buildingScore value='4225'/>
		<razingScore value='7560'/>
		<mineralScore value='32922'/>
		<gasScore value='3392'/>
		<totalScore value='93059'/>
	</player>

	<enemy>
		<race value='Zerg'/>
		<unitScore value='11725'/>
		<unitScore value='11725'/>
		<killScore value='13250'/>
		<buildingScore value='2520'/>
		<razingScore value='0'/>
		<mineralScore value='12734'/>
		<gasScore value='4360'/>
		<totalScore value='44589'/>
	</enemy>

	<scoreRatio value='2.08704'/>
</results>
