<results>
	<result value='win'/>
	<start value='2015-05-04.07:05:10'/>
	<end value='2015-05-04.07:06:27'/>
	<frames value='37946'/>
	<gameDuration value='2371'/>

	<player>
		<unitScore value='28050'/>
		<killScore value='27250'/>
		<buildingScore value='4425'/>
		<razingScore value='17625'/>
		<mineralScore value='35890'/>
		<gasScore value='4792'/>
		<totalScore value='118032'/>
	</player>

	<enemy>
		<race value='Protoss'/>
		<unitScore value='15175'/>
		<unitScore value='15175'/>
		<killScore value='32800'/>
		<buildingScore value='5875'/>
		<razingScore value='600'/>
		<mineralScore value='17210'/>
		<gasScore value='5430'/>
		<totalScore value='77090'/>
	</enemy>

	<scoreRatio value='1.53109'/>
	<timeFitness value='0.670694'/>
	<unitsAverage value='116'/>
</results>
