<results>
	<result value='win'/>
	<start value='2015-05-04.07:02:34'/>
	<end value='2015-05-04.07:03:36'/>
	<frames value='38256'/>
	<gameDuration value='2391'/>

	<player>
		<unitScore value='24775'/>
		<killScore value='24000'/>
		<buildingScore value='3600'/>
		<razingScore value='21300'/>
		<mineralScore value='28246'/>
		<gasScore value='4032'/>
		<totalScore value='105953'/>
	</player>

	<enemy>
		<race value='Protoss'/>
		<unitScore value='12500'/>
		<unitScore value='12500'/>
		<killScore value='30600'/>
		<buildingScore value='7100'/>
		<razingScore value='1800'/>
		<mineralScore value='18994'/>
		<gasScore value='6288'/>
		<totalScore value='77282'/>
	</enemy>

	<scoreRatio value='1.37099'/>
	<timeFitness value='0.667917'/>
	<unitsAverage value='92'/>
</results>
