<results>
	<result value='loss'/>
	<start value='2015-05-04.08:23:36'/>
	<end value='2015-05-04.08:23:51'/>
	<frames value='16711'/>
	<gameDuration value='1044'/>

	<player>
		<unitScore value='3125'/>
		<killScore value='1200'/>
		<buildingScore value='1475'/>
		<razingScore value='0'/>
		<mineralScore value='4642'/>
		<gasScore value='664'/>
		<totalScore value='11106'/>
	</player>

	<enemy>
		<race value='Protoss'/>
		<unitScore value='3650'/>
		<unitScore value='3650'/>
		<killScore value='6250'/>
		<buildingScore value='3625'/>
		<razingScore value='4425'/>
		<mineralScore value='8586'/>
		<gasScore value='1640'/>
		<totalScore value='28176'/>
	</enemy>

	<scoreRatio value='0.394165'/>
	<timeFitness value='0.145'/>
	<unitsAverage value='22'/>
</results>
