<results>
	<result value='loss'/>
	<start value='2015-04-12.23:00:19'/>
	<end value='2015-04-12.23:00:26'/>
	<frames value='15626'/>
	<gameDuration value='976'/>

	<player>
		<unitScore value='2950'/>
		<killScore value='1000'/>
		<buildingScore value='1600'/>
		<razingScore value='0'/>
		<mineralScore value='4882'/>
		<gasScore value='1136'/>
		<totalScore value='11568'/>
	</player>

	<enemy>
		<race value='Protoss'/>
		<unitScore value='3550'/>
		<unitScore value='3550'/>
		<killScore value='5900'/>
		<buildingScore value='3525'/>
		<razingScore value='4800'/>
		<mineralScore value='8226'/>
		<gasScore value='1520'/>
		<totalScore value='27521'/>
	</enemy>

	<scoreRatio value='0.420334'/>
</results>
