<results>
	<result value='draw'/>
	<start value='2015-04-13.05:03:57'/>
	<end value='2015-04-13.05:05:33'/>
	<frames value='57601'/>
	<gameDuration value='3600'/>

	<player>
		<unitScore value='21100'/>
		<killScore value='24950'/>
		<buildingScore value='5675'/>
		<razingScore value='14325'/>
		<mineralScore value='49274'/>
		<gasScore value='10178'/>
		<totalScore value='125502'/>
	</player>

	<enemy>
		<race value='Protoss'/>
		<unitScore value='13600'/>
		<unitScore value='13600'/>
		<killScore value='19350'/>
		<buildingScore value='5025'/>
		<razingScore value='1800'/>
		<mineralScore value='13770'/>
		<gasScore value='4200'/>
		<totalScore value='57745'/>
	</enemy>

	<scoreRatio value='2.17338'/>
</results>
