<results>
	<result value='win'/>
	<start value='2014-07-23.18:41:33'/>
	<end value='2014-07-23.18:42:05'/>
	<frames value='33451'/>
	<gameDuration value='2090'/>

	<player>
		<unitScore value='19025'/>
		<killScore value='20000'/>
		<buildingScore value='3450'/>
		<razingScore value='23475'/>
		<mineralScore value='23010'/>
		<gasScore value='3520'/>
		<totalScore value='92480'/>
	</player>

	<enemy>
		<race value='Protoss'/>
		<unitScore value='10800'/>
		<unitScore value='10800'/>
		<killScore value='17750'/>
		<buildingScore value='7825'/>
		<razingScore value='150'/>
		<mineralScore value='17878'/>
		<gasScore value='4368'/>
		<totalScore value='58771'/>
	</enemy>

	<scoreRatio value='1.57357'/>
</results>
