<results>
	<result value='win'/>
	<start value='2015-05-01.22:55:23'/>
	<end value='2015-05-01.22:56:20'/>
	<frames value='35156'/>
	<gameDuration value='2197'/>

	<player>
		<unitScore value='25975'/>
		<killScore value='31650'/>
		<buildingScore value='4300'/>
		<razingScore value='13425'/>
		<mineralScore value='35814'/>
		<gasScore value='4968'/>
		<totalScore value='116132'/>
	</player>

	<enemy>
		<race value='Protoss'/>
		<unitScore value='18625'/>
		<unitScore value='18625'/>
		<killScore value='28200'/>
		<buildingScore value='4475'/>
		<razingScore value='0'/>
		<mineralScore value='14338'/>
		<gasScore value='5320'/>
		<totalScore value='70958'/>
	</enemy>

	<scoreRatio value='1.63663'/>
	<timeFitness value='0.694861'/>
	<unitsAverage value='125'/>
</results>
