<results>
	<result value='win'/>
	<start value='2015-05-01.22:59:13'/>
	<end value='2015-05-01.22:59:57'/>
	<frames value='32118'/>
	<gameDuration value='2007'/>

	<player>
		<unitScore value='21150'/>
		<killScore value='20100'/>
		<buildingScore value='4425'/>
		<razingScore value='18600'/>
		<mineralScore value='31978'/>
		<gasScore value='2576'/>
		<totalScore value='98829'/>
	</player>

	<enemy>
		<race value='Protoss'/>
		<unitScore value='10050'/>
		<unitScore value='10050'/>
		<killScore value='17950'/>
		<buildingScore value='6200'/>
		<razingScore value='450'/>
		<mineralScore value='15594'/>
		<gasScore value='4096'/>
		<totalScore value='54340'/>
	</enemy>

	<scoreRatio value='1.81872'/>
	<timeFitness value='0.72125'/>
	<unitsAverage value='105'/>
</results>
