<results>
	<result value='loss'/>
	<start value='2015-07-14.00:23:39'/>
	<end value='2015-07-14.00:23:45'/>
	<frames value='14634'/>
	<gameDuration value='914'/>

	<player>
		<unitScore value='2525'/>
		<killScore value='1500'/>
		<buildingScore value='1275'/>
		<razingScore value='0'/>
		<mineralScore value='3410'/>
		<gasScore value='928'/>
		<totalScore value='9638'/>
	</player>

	<enemy>
		<race value='Protoss'/>
		<unitScore value='3600'/>
		<killScore value='4450'/>
		<buildingScore value='2275'/>
		<razingScore value='3825'/>
		<mineralScore value='7570'/>
		<gasScore value='1256'/>
		<totalScore value='22976'/>
	</enemy>

	<scoreRatio value='0.419481'/>
	<timeFitness value='0.126944'/>
	<unitsAverage value='19'/>
</results>
