<results>
	<result value='loss'/>
	<start value='2015-04-11.21:59:23'/>
	<end value='2015-04-11.21:59:42'/>
	<frames value='19439'/>
	<gameDuration value='1214'/>

	<player>
		<unitScore value='4775'/>
		<killScore value='2800'/>
		<buildingScore value='2200'/>
		<razingScore value='0'/>
		<mineralScore value='6986'/>
		<gasScore value='1120'/>
		<totalScore value='17881'/>
	</player>

	<enemy>
		<race value='Protoss'/>
		<unitScore value='5625'/>
		<unitScore value='5625'/>
		<killScore value='9550'/>
		<buildingScore value='4475'/>
		<razingScore value='6600'/>
		<mineralScore value='10178'/>
		<gasScore value='3024'/>
		<totalScore value='39452'/>
	</enemy>

	<scoreRatio value='0.453234'/>
</results>
