<results>
	<result value='win'/>
	<start value='2015-04-11.22:05:40'/>
	<end value='2015-04-11.22:06:38'/>
	<frames value='31343'/>
	<gameDuration value='1958'/>

	<player>
		<unitScore value='18975'/>
		<killScore value='17700'/>
		<buildingScore value='3575'/>
		<razingScore value='14550'/>
		<mineralScore value='28566'/>
		<gasScore value='3296'/>
		<totalScore value='86662'/>
	</player>

	<enemy>
		<race value='Protoss'/>
		<unitScore value='8850'/>
		<unitScore value='8850'/>
		<killScore value='18500'/>
		<buildingScore value='4850'/>
		<razingScore value='0'/>
		<mineralScore value='21546'/>
		<gasScore value='936'/>
		<totalScore value='54682'/>
	</enemy>

	<scoreRatio value='1.58484'/>
</results>
