<results>
	<result value='loss'/>
	<start value='2015-04-07.22:08:25'/>
	<end value='2015-04-07.22:09:07'/>
	<frames value='51958'/>
	<gameDuration value='3247'/>

	<player>
		<unitScore value='22425'/>
		<killScore value='33250'/>
		<buildingScore value='3150'/>
		<razingScore value='3600'/>
		<mineralScore value='23994'/>
		<gasScore value='5140'/>
		<totalScore value='91559'/>
	</player>

	<enemy>
		<race value='Protoss'/>
		<unitScore value='28775'/>
		<unitScore value='28775'/>
		<killScore value='44850'/>
		<buildingScore value='7825'/>
		<razingScore value='9450'/>
		<mineralScore value='36406'/>
		<gasScore value='9872'/>
		<totalScore value='137178'/>
	</enemy>

	<scoreRatio value='0.667447'/>
</results>
