<results>
	<result value='loss'/>
	<start value='2015-04-30.20:13:09'/>
	<end value='2015-04-30.20:13:23'/>
	<frames value='17548'/>
	<gameDuration value='1096'/>

	<player>
		<unitScore value='5550'/>
		<killScore value='1900'/>
		<buildingScore value='1475'/>
		<razingScore value='0'/>
		<mineralScore value='6338'/>
		<gasScore value='1240'/>
		<totalScore value='16503'/>
	</player>

	<enemy>
		<race value='Protoss'/>
		<unitScore value='5475'/>
		<unitScore value='5475'/>
		<killScore value='11100'/>
		<buildingScore value='3275'/>
		<razingScore value='4425'/>
		<mineralScore value='8746'/>
		<gasScore value='2624'/>
		<totalScore value='35645'/>
	</enemy>

	<scoreRatio value='0.462982'/>
</results>
