<results>
	<result value='win'/>
	<start value='2015-04-30.20:17:38'/>
	<end value='2015-04-30.20:18:22'/>
	<frames value='30599'/>
	<gameDuration value='1912'/>

	<player>
		<unitScore value='17500'/>
		<killScore value='15200'/>
		<buildingScore value='4450'/>
		<razingScore value='16200'/>
		<mineralScore value='25746'/>
		<gasScore value='3072'/>
		<totalScore value='82168'/>
	</player>

	<enemy>
		<race value='Protoss'/>
		<unitScore value='7600'/>
		<unitScore value='7600'/>
		<killScore value='13500'/>
		<buildingScore value='5400'/>
		<razingScore value='0'/>
		<mineralScore value='13634'/>
		<gasScore value='3064'/>
		<totalScore value='43198'/>
	</enemy>

	<scoreRatio value='1.90213'/>
</results>
