<results>
	<result value='loss'/>
	<start value='2015-04-10.16:03:36'/>
	<end value='2015-04-10.16:03:51'/>
	<frames value='16990'/>
	<gameDuration value='1061'/>

	<player>
		<unitScore value='3525'/>
		<killScore value='2900'/>
		<buildingScore value='1625'/>
		<razingScore value='0'/>
		<mineralScore value='4898'/>
		<gasScore value='552'/>
		<totalScore value='13500'/>
	</player>

	<enemy>
		<race value='Protoss'/>
		<unitScore value='3600'/>
		<unitScore value='3600'/>
		<killScore value='7050'/>
		<buildingScore value='4075'/>
		<razingScore value='4875'/>
		<mineralScore value='8922'/>
		<gasScore value='1728'/>
		<totalScore value='30250'/>
	</enemy>

	<scoreRatio value='0.446281'/>
</results>
