<results>
	<result value='win'/>
	<start value='2015-05-08.21:42:05'/>
	<end value='2015-05-08.21:42:33'/>
	<frames value='29886'/>
	<gameDuration value='1867'/>

	<player>
		<unitScore value='17925'/>
		<killScore value='23700'/>
		<buildingScore value='4075'/>
		<razingScore value='8550'/>
		<mineralScore value='23338'/>
		<gasScore value='2840'/>
		<totalScore value='80428'/>
	</player>

	<enemy>
		<race value='Terran'/>
		<unitScore value='12250'/>
		<unitScore value='12250'/>
		<killScore value='14000'/>
		<buildingScore value='2850'/>
		<razingScore value='150'/>
		<mineralScore value='11186'/>
		<gasScore value='4672'/>
		<totalScore value='45108'/>
	</enemy>

	<scoreRatio value='1.78301'/>
	<timeFitness value='0.740694'/>
	<unitsAverage value='82'/>
</results>
