<results>
	<result value='win'/>
	<start value='2015-05-08.21:57:34'/>
	<end value='2015-05-08.21:58:12'/>
	<frames value='37016'/>
	<gameDuration value='2313'/>

	<player>
		<unitScore value='19675'/>
		<killScore value='32650'/>
		<buildingScore value='3900'/>
		<razingScore value='12825'/>
		<mineralScore value='29598'/>
		<gasScore value='3800'/>
		<totalScore value='102448'/>
	</player>

	<enemy>
		<race value='Terran'/>
		<unitScore value='19900'/>
		<unitScore value='19900'/>
		<killScore value='16600'/>
		<buildingScore value='4275'/>
		<razingScore value='2025'/>
		<mineralScore value='16854'/>
		<gasScore value='8224'/>
		<totalScore value='67878'/>
	</enemy>

	<scoreRatio value='1.5093'/>
	<timeFitness value='0.67875'/>
	<unitsAverage value='94'/>
</results>
