<results>
	<result value='win'/>
	<start value='2015-03-30.02:06:20'/>
	<end value='2015-03-30.02:07:16'/>
	<frames value='33823'/>
	<gameDuration value='2113'/>

	<player>
		<unitScore value='20025'/>
		<killScore value='25100'/>
		<buildingScore value='4150'/>
		<razingScore value='18525'/>
		<mineralScore value='27930'/>
		<gasScore value='2328'/>
		<totalScore value='98058'/>
	</player>

	<enemy>
		<race value='Protoss'/>
		<unitScore value='13125'/>
		<unitScore value='13125'/>
		<killScore value='13150'/>
		<buildingScore value='6175'/>
		<razingScore value='1575'/>
		<mineralScore value='17298'/>
		<gasScore value='5064'/>
		<totalScore value='56387'/>
	</enemy>

	<scoreRatio value='1.73902'/>
</results>
