<results>
	<result value='win'/>
	<start value='2014-07-23.23:07:10'/>
	<end value='2014-07-23.23:07:35'/>
	<frames value='25236'/>
	<gameDuration value='1577'/>

	<player>
		<unitScore value='16275'/>
		<killScore value='21820'/>
		<buildingScore value='3575'/>
		<razingScore value='4680'/>
		<mineralScore value='25730'/>
		<gasScore value='2072'/>
		<totalScore value='74152'/>
	</player>

	<enemy>
		<race value='Zerg'/>
		<unitScore value='10225'/>
		<unitScore value='10225'/>
		<killScore value='11200'/>
		<buildingScore value='1560'/>
		<razingScore value='0'/>
		<mineralScore value='9274'/>
		<gasScore value='3008'/>
		<totalScore value='35267'/>
	</enemy>

	<scoreRatio value='2.10259'/>
</results>
