<results>
	<result value='win'/>
	<start value='2014-07-23.23:08:56'/>
	<end value='2014-07-23.23:09:26'/>
	<frames value='31591'/>
	<gameDuration value='1974'/>

	<player>
		<unitScore value='20775'/>
		<killScore value='26405'/>
		<buildingScore value='4275'/>
		<razingScore value='7995'/>
		<mineralScore value='26682'/>
		<gasScore value='2256'/>
		<totalScore value='88388'/>
	</player>

	<enemy>
		<race value='Zerg'/>
		<unitScore value='12350'/>
		<unitScore value='12350'/>
		<killScore value='19700'/>
		<buildingScore value='2665'/>
		<razingScore value='2100'/>
		<mineralScore value='12886'/>
		<gasScore value='3904'/>
		<totalScore value='53605'/>
	</enemy>

	<scoreRatio value='1.64888'/>
</results>
