<results>
	<result value='win'/>
	<start value='2015-05-10.08:19:32'/>
	<end value='2015-05-10.08:20:10'/>
	<frames value='30692'/>
	<gameDuration value='1918'/>

	<player>
		<unitScore value='20475'/>
		<killScore value='19000'/>
		<buildingScore value='4025'/>
		<razingScore value='14175'/>
		<mineralScore value='30478'/>
		<gasScore value='2552'/>
		<totalScore value='90705'/>
	</player>

	<enemy>
		<race value='Protoss'/>
		<unitScore value='9500'/>
		<unitScore value='9500'/>
		<killScore value='20450'/>
		<buildingScore value='4725'/>
		<razingScore value='0'/>
		<mineralScore value='19370'/>
		<gasScore value='1176'/>
		<totalScore value='55221'/>
	</enemy>

	<scoreRatio value='1.64258'/>
	<timeFitness value='0.733611'/>
	<unitsAverage value='104'/>
</results>
