<results>
	<result value='loss'/>
	<start value='2015-05-10.08:25:44'/>
	<end value='2015-05-10.08:25:51'/>
	<frames value='14169'/>
	<gameDuration value='885'/>

	<player>
		<unitScore value='2875'/>
		<killScore value='600'/>
		<buildingScore value='1400'/>
		<razingScore value='0'/>
		<mineralScore value='4410'/>
		<gasScore value='600'/>
		<totalScore value='9885'/>
	</player>

	<enemy>
		<race value='Protoss'/>
		<unitScore value='3500'/>
		<unitScore value='3500'/>
		<killScore value='5750'/>
		<buildingScore value='2275'/>
		<razingScore value='4200'/>
		<mineralScore value='6954'/>
		<gasScore value='1216'/>
		<totalScore value='23895'/>
	</enemy>

	<scoreRatio value='0.413685'/>
	<timeFitness value='0.122917'/>
	<unitsAverage value='22'/>
</results>
