<results>
	<result value='loss'/>
	<start value='2015-07-13.09:41:07'/>
	<end value='2015-07-13.09:42:07'/>
	<frames value='52020'/>
	<gameDuration value='3251'/>

	<player>
		<unitScore value='30850'/>
		<killScore value='19250'/>
		<buildingScore value='5100'/>
		<razingScore value='600'/>
		<mineralScore value='36886'/>
		<gasScore value='4640'/>
		<totalScore value='97326'/>
	</player>

	<enemy>
		<race value='Protoss'/>
		<unitScore value='27550'/>
		<killScore value='61800'/>
		<buildingScore value='7425'/>
		<razingScore value='15300'/>
		<mineralScore value='26106'/>
		<gasScore value='10538'/>
		<totalScore value='148719'/>
	</enemy>

	<scoreRatio value='0.654429'/>
	<timeFitness value='0.451528'/>
	<unitsAverage value='105'/>
</results>
