<results>
	<result value='draw'/>
	<start value='2015-07-13.09:45:41'/>
	<end value='2015-07-13.09:47:12'/>
	<frames value='57601'/>
	<gameDuration value='3600'/>

	<player>
		<unitScore value='40450'/>
		<killScore value='54650'/>
		<buildingScore value='3400'/>
		<razingScore value='2250'/>
		<mineralScore value='31534'/>
		<gasScore value='10546'/>
		<totalScore value='142830'/>
	</player>

	<enemy>
		<race value='Protoss'/>
		<unitScore value='35825'/>
		<killScore value='71250'/>
		<buildingScore value='6600'/>
		<razingScore value='7875'/>
		<mineralScore value='31550'/>
		<gasScore value='10976'/>
		<totalScore value='164076'/>
	</enemy>

	<scoreRatio value='0.870511'/>
	<timeFitness value='0.5'/>
	<unitsAverage value='141'/>
</results>
