<results>
	<result value='draw'/>
	<start value='2015-07-13.09:53:02'/>
	<end value='2015-07-13.09:54:54'/>
	<frames value='57601'/>
	<gameDuration value='3600'/>

	<player>
		<unitScore value='39600'/>
		<killScore value='26050'/>
		<buildingScore value='4325'/>
		<razingScore value='3300'/>
		<mineralScore value='31606'/>
		<gasScore value='10872'/>
		<totalScore value='115753'/>
	</player>

	<enemy>
		<race value='Protoss'/>
		<unitScore value='32475'/>
		<killScore value='63000'/>
		<buildingScore value='7375'/>
		<razingScore value='5700'/>
		<mineralScore value='30466'/>
		<gasScore value='11666'/>
		<totalScore value='150682'/>
	</enemy>

	<scoreRatio value='0.768194'/>
	<timeFitness value='0.5'/>
	<unitsAverage value='160'/>
</results>
