<results>
	<result value='win'/>
	<start value='2015-05-21.21:52:07'/>
	<end value='2015-05-21.21:52:34'/>
	<frames value='27437'/>
	<gameDuration value='1714'/>

	<player>
		<unitScore value='18600'/>
		<killScore value='21410'/>
		<buildingScore value='4050'/>
		<razingScore value='7125'/>
		<mineralScore value='25330'/>
		<gasScore value='3064'/>
		<totalScore value='79579'/>
	</player>

	<enemy>
		<race value='Zerg'/>
		<unitScore value='9550'/>
		<killScore value='14400'/>
		<buildingScore value='2375'/>
		<razingScore value='150'/>
		<mineralScore value='10314'/>
		<gasScore value='3168'/>
		<totalScore value='39957'/>
	</enemy>

	<scoreRatio value='1.99162'/>
	<timeFitness value='0.761944'/>
	<unitsAverage value='97'/>
</results>
