<results>
	<result value='win'/>
	<start value='2015-05-03.22:53:58'/>
	<end value='2015-05-03.22:54:50'/>
	<frames value='26817'/>
	<gameDuration value='1676'/>

	<player>
		<unitScore value='19250'/>
		<killScore value='29415'/>
		<buildingScore value='4400'/>
		<razingScore value='5040'/>
		<mineralScore value='25962'/>
		<gasScore value='2288'/>
		<totalScore value='86355'/>
	</player>

	<enemy>
		<race value='Zerg'/>
		<unitScore value='12375'/>
		<unitScore value='12375'/>
		<killScore value='15400'/>
		<buildingScore value='1680'/>
		<razingScore value='0'/>
		<mineralScore value='11602'/>
		<gasScore value='3480'/>
		<totalScore value='44537'/>
	</enemy>

	<scoreRatio value='1.93895'/>
	<timeFitness value='0.767222'/>
	<unitsAverage value='103'/>
</results>
