<results>
	<result value='win'/>
	<start value='2015-05-21.22:04:52'/>
	<end value='2015-05-21.22:05:12'/>
	<frames value='23562'/>
	<gameDuration value='1472'/>

	<player>
		<unitScore value='14275'/>
		<killScore value='19885'/>
		<buildingScore value='3550'/>
		<razingScore value='7050'/>
		<mineralScore value='20414'/>
		<gasScore value='2128'/>
		<totalScore value='67302'/>
	</player>

	<enemy>
		<race value='Zerg'/>
		<unitScore value='8825'/>
		<killScore value='9900'/>
		<buildingScore value='2350'/>
		<razingScore value='525'/>
		<mineralScore value='10002'/>
		<gasScore value='2856'/>
		<totalScore value='34458'/>
	</enemy>

	<scoreRatio value='1.95316'/>
	<timeFitness value='0.795556'/>
	<unitsAverage value='82'/>
</results>
