<results>
	<result value='loss'/>
	<start value='2015-07-14.04:02:11'/>
	<end value='2015-07-14.04:02:22'/>
	<frames value='18540'/>
	<gameDuration value='1158'/>

	<player>
		<unitScore value='4675'/>
		<killScore value='600'/>
		<buildingScore value='2850'/>
		<razingScore value='0'/>
		<mineralScore value='7210'/>
		<gasScore value='1040'/>
		<totalScore value='16375'/>
	</player>

	<enemy>
		<race value='Protoss'/>
		<unitScore value='4400'/>
		<killScore value='8600'/>
		<buildingScore value='4225'/>
		<razingScore value='8550'/>
		<mineralScore value='9602'/>
		<gasScore value='2296'/>
		<totalScore value='37673'/>
	</enemy>

	<scoreRatio value='0.434661'/>
	<timeFitness value='0.160833'/>
	<unitsAverage value='29'/>
</results>
