<results>
	<result value='loss'/>
	<start value='2015-07-14.04:10:37'/>
	<end value='2015-07-14.04:10:48'/>
	<frames value='16432'/>
	<gameDuration value='1027'/>

	<player>
		<unitScore value='3375'/>
		<killScore value='0'/>
		<buildingScore value='2425'/>
		<razingScore value='0'/>
		<mineralScore value='6042'/>
		<gasScore value='712'/>
		<totalScore value='12554'/>
	</player>

	<enemy>
		<race value='Protoss'/>
		<unitScore value='3600'/>
		<killScore value='6450'/>
		<buildingScore value='3925'/>
		<razingScore value='7275'/>
		<mineralScore value='8666'/>
		<gasScore value='1824'/>
		<totalScore value='31740'/>
	</enemy>

	<scoreRatio value='0.395526'/>
	<timeFitness value='0.142639'/>
	<unitsAverage value='22'/>
</results>
