<results>
	<result value='win'/>
	<start value='2014-07-23.00:23:49'/>
	<end value='2014-07-23.00:24:16'/>
	<frames value='28491'/>
	<gameDuration value='1780'/>

	<player>
		<unitScore value='17125'/>
		<killScore value='28325'/>
		<buildingScore value='4325'/>
		<razingScore value='8625'/>
		<mineralScore value='25722'/>
		<gasScore value='2656'/>
		<totalScore value='86778'/>
	</player>

	<enemy>
		<race value='Zerg'/>
		<unitScore value='12900'/>
		<unitScore value='12900'/>
		<killScore value='11800'/>
		<buildingScore value='2875'/>
		<razingScore value='450'/>
		<mineralScore value='13606'/>
		<gasScore value='4096'/>
		<totalScore value='45727'/>
	</enemy>

	<scoreRatio value='1.89774'/>
</results>
