<results>
	<result value='loss'/>
	<start value='2015-07-14.01:25:01'/>
	<end value='2015-07-14.01:25:09'/>
	<frames value='14541'/>
	<gameDuration value='908'/>

	<player>
		<unitScore value='3350'/>
		<killScore value='700'/>
		<buildingScore value='1850'/>
		<razingScore value='0'/>
		<mineralScore value='4626'/>
		<gasScore value='848'/>
		<totalScore value='11374'/>
	</player>

	<enemy>
		<race value='Protoss'/>
		<unitScore value='3550'/>
		<killScore value='6700'/>
		<buildingScore value='2725'/>
		<razingScore value='5550'/>
		<mineralScore value='7234'/>
		<gasScore value='1504'/>
		<totalScore value='27263'/>
	</enemy>

	<scoreRatio value='0.417195'/>
	<timeFitness value='0.126111'/>
	<unitsAverage value='22'/>
</results>
