<results>
	<result value='loss'/>
	<start value='2015-07-14.01:27:32'/>
	<end value='2015-07-14.01:27:43'/>
	<frames value='17114'/>
	<gameDuration value='1069'/>

	<player>
		<unitScore value='3875'/>
		<killScore value='2200'/>
		<buildingScore value='1975'/>
		<razingScore value='150'/>
		<mineralScore value='5418'/>
		<gasScore value='800'/>
		<totalScore value='14418'/>
	</player>

	<enemy>
		<race value='Protoss'/>
		<unitScore value='4700'/>
		<killScore value='7650'/>
		<buildingScore value='3425'/>
		<razingScore value='5925'/>
		<mineralScore value='8810'/>
		<gasScore value='1616'/>
		<totalScore value='32126'/>
	</enemy>

	<scoreRatio value='0.448795'/>
	<timeFitness value='0.148472'/>
	<unitsAverage value='23'/>
</results>
