<results>
	<result value='win'/>
	<start value='2015-04-30.23:25:53'/>
	<end value='2015-04-30.23:26:26'/>
	<frames value='24678'/>
	<gameDuration value='1542'/>

	<player>
		<unitScore value='15425'/>
		<killScore value='24200'/>
		<buildingScore value='3275'/>
		<razingScore value='5040'/>
		<mineralScore value='22686'/>
		<gasScore value='2448'/>
		<totalScore value='73074'/>
	</player>

	<enemy>
		<race value='Zerg'/>
		<unitScore value='10875'/>
		<unitScore value='10875'/>
		<killScore value='14650'/>
		<buildingScore value='1680'/>
		<razingScore value='0'/>
		<mineralScore value='10890'/>
		<gasScore value='3080'/>
		<totalScore value='41175'/>
	</enemy>

	<scoreRatio value='1.77472'/>
</results>
