<results>
	<result value='loss'/>
	<start value='2015-05-03.03:38:41'/>
	<end value='2015-05-03.03:38:50'/>
	<frames value='20059'/>
	<gameDuration value='1253'/>

	<player>
		<unitScore value='5325'/>
		<killScore value='300'/>
		<buildingScore value='2950'/>
		<razingScore value='0'/>
		<mineralScore value='10042'/>
		<gasScore value='728'/>
		<totalScore value='19345'/>
	</player>

	<enemy>
		<race value='Protoss'/>
		<unitScore value='6125'/>
		<unitScore value='6125'/>
		<killScore value='10650'/>
		<buildingScore value='4275'/>
		<razingScore value='8850'/>
		<mineralScore value='10370'/>
		<gasScore value='3064'/>
		<totalScore value='43334'/>
	</enemy>

	<scoreRatio value='0.446416'/>
	<timeFitness value='0.174028'/>
	<unitsAverage value='33'/>
</results>
