<results>
	<result value='draw'/>
	<start value='2015-07-12.16:32:00'/>
	<end value='2015-07-12.16:33:27'/>
	<frames value='57601'/>
	<gameDuration value='3600'/>

	<player>
		<unitScore value='37475'/>
		<killScore value='32900'/>
		<buildingScore value='3725'/>
		<razingScore value='0'/>
		<mineralScore value='35278'/>
		<gasScore value='4608'/>
		<totalScore value='113986'/>
	</player>

	<enemy>
		<race value='Terran'/>
		<unitScore value='28900'/>
		<killScore value='61250'/>
		<buildingScore value='4000'/>
		<razingScore value='1875'/>
		<mineralScore value='19550'/>
		<gasScore value='12354'/>
		<totalScore value='127929'/>
	</enemy>

	<scoreRatio value='0.89101'/>
	<timeFitness value='0.5'/>
	<unitsAverage value='129'/>
</results>
