<results>
	<result value='loss'/>
	<start value='2015-04-26.15:02:26'/>
	<end value='2015-04-26.15:03:07'/>
	<frames value='51927'/>
	<gameDuration value='3245'/>

	<player>
		<unitScore value='23850'/>
		<killScore value='41050'/>
		<buildingScore value='2900'/>
		<razingScore value='1500'/>
		<mineralScore value='24318'/>
		<gasScore value='3336'/>
		<totalScore value='96954'/>
	</player>

	<enemy>
		<race value='Terran'/>
		<unitScore value='35625'/>
		<unitScore value='35625'/>
		<killScore value='47700'/>
		<buildingScore value='5175'/>
		<razingScore value='8700'/>
		<mineralScore value='26142'/>
		<gasScore value='15886'/>
		<totalScore value='139228'/>
	</enemy>

	<scoreRatio value='0.696369'/>
</results>
