<results>
	<result value='draw'/>
	<start value='2015-04-26.15:04:21'/>
	<end value='2015-04-26.15:05:20'/>
	<frames value='57601'/>
	<gameDuration value='3600'/>

	<player>
		<unitScore value='30625'/>
		<killScore value='43750'/>
		<buildingScore value='3900'/>
		<razingScore value='2400'/>
		<mineralScore value='37798'/>
		<gasScore value='5216'/>
		<totalScore value='123689'/>
	</player>

	<enemy>
		<race value='Terran'/>
		<unitScore value='26725'/>
		<unitScore value='26725'/>
		<killScore value='43550'/>
		<buildingScore value='4025'/>
		<razingScore value='2250'/>
		<mineralScore value='19550'/>
		<gasScore value='11408'/>
		<totalScore value='107508'/>
	</enemy>

	<scoreRatio value='1.15051'/>
</results>
