<results>
	<result value='loss'/>
	<start value='2015-05-06.06:40:47'/>
	<end value='2015-05-06.06:41:06'/>
	<frames value='22353'/>
	<gameDuration value='1397'/>

	<player>
		<unitScore value='6775'/>
		<killScore value='2650'/>
		<buildingScore value='2025'/>
		<razingScore value='0'/>
		<mineralScore value='8458'/>
		<gasScore value='1432'/>
		<totalScore value='21340'/>
	</player>

	<enemy>
		<race value='Terran'/>
		<unitScore value='8950'/>
		<unitScore value='8950'/>
		<killScore value='13550'/>
		<buildingScore value='3600'/>
		<razingScore value='6075'/>
		<mineralScore value='10730'/>
		<gasScore value='4536'/>
		<totalScore value='47441'/>
	</enemy>

	<scoreRatio value='0.449822'/>
	<timeFitness value='0.194028'/>
	<unitsAverage value='34'/>
</results>
