<results>
	<result value='loss'/>
	<start value='2015-04-17.01:02:49'/>
	<end value='2015-04-17.01:03:02'/>
	<frames value='15347'/>
	<gameDuration value='959'/>

	<player>
		<unitScore value='3000'/>
		<killScore value='800'/>
		<buildingScore value='1975'/>
		<razingScore value='0'/>
		<mineralScore value='5106'/>
		<gasScore value='936'/>
		<totalScore value='11817'/>
	</player>

	<enemy>
		<race value='Protoss'/>
		<unitScore value='3550'/>
		<unitScore value='3550'/>
		<killScore value='6000'/>
		<buildingScore value='3175'/>
		<razingScore value='5925'/>
		<mineralScore value='7890'/>
		<gasScore value='1728'/>
		<totalScore value='28268'/>
	</enemy>

	<scoreRatio value='0.418035'/>
</results>
