<results>
	<result value='win'/>
	<start value='2015-03-31.16:28:15'/>
	<end value='2015-03-31.16:28:48'/>
	<frames value='27375'/>
	<gameDuration value='1710'/>

	<player>
		<unitScore value='16725'/>
		<killScore value='12200'/>
		<buildingScore value='3675'/>
		<razingScore value='10950'/>
		<mineralScore value='28002'/>
		<gasScore value='3184'/>
		<totalScore value='74736'/>
	</player>

	<enemy>
		<race value='Protoss'/>
		<unitScore value='6100'/>
		<unitScore value='6100'/>
		<killScore value='12300'/>
		<buildingScore value='3650'/>
		<razingScore value='0'/>
		<mineralScore value='20082'/>
		<gasScore value='944'/>
		<totalScore value='43076'/>
	</enemy>

	<scoreRatio value='1.73498'/>
</results>
