<results>
	<result value='win'/>
	<start value='2015-04-11.19:21:46'/>
	<end value='2015-04-11.19:23:53'/>
	<frames value='45262'/>
	<gameDuration value='2828'/>

	<player>
		<unitScore value='35250'/>
		<killScore value='47100'/>
		<buildingScore value='3975'/>
		<razingScore value='17850'/>
		<mineralScore value='37082'/>
		<gasScore value='3920'/>
		<totalScore value='145177'/>
	</player>

	<enemy>
		<race value='Protoss'/>
		<unitScore value='24125'/>
		<unitScore value='24125'/>
		<killScore value='46650'/>
		<buildingScore value='5950'/>
		<razingScore value='0'/>
		<mineralScore value='22866'/>
		<gasScore value='7072'/>
		<totalScore value='106663'/>
	</enemy>

	<scoreRatio value='1.36108'/>
</results>
