<results>
	<result value='loss'/>
	<start value='2015-05-06.23:39:18'/>
	<end value='2015-05-06.23:39:25'/>
	<frames value='15099'/>
	<gameDuration value='943'/>

	<player>
		<unitScore value='1750'/>
		<killScore value='0'/>
		<buildingScore value='1575'/>
		<razingScore value='0'/>
		<mineralScore value='4034'/>
		<gasScore value='432'/>
		<totalScore value='7791'/>
	</player>

	<enemy>
		<race value='Protoss'/>
		<unitScore value='3550'/>
		<unitScore value='3550'/>
		<killScore value='3500'/>
		<buildingScore value='2475'/>
		<razingScore value='4725'/>
		<mineralScore value='7602'/>
		<gasScore value='1296'/>
		<totalScore value='23148'/>
	</enemy>

	<scoreRatio value='0.336573'/>
	<timeFitness value='0.130972'/>
	<unitsAverage value='17'/>
</results>
