<results>
	<result value='loss'/>
	<start value='2015-05-06.23:43:55'/>
	<end value='2015-05-06.23:44:51'/>
	<frames value='52547'/>
	<gameDuration value='3284'/>

	<player>
		<unitScore value='22800'/>
		<killScore value='34700'/>
		<buildingScore value='2250'/>
		<razingScore value='6900'/>
		<mineralScore value='24026'/>
		<gasScore value='5200'/>
		<totalScore value='95876'/>
	</player>

	<enemy>
		<race value='Protoss'/>
		<unitScore value='32700'/>
		<unitScore value='32700'/>
		<killScore value='45600'/>
		<buildingScore value='9275'/>
		<razingScore value='6750'/>
		<mineralScore value='37194'/>
		<gasScore value='9946'/>
		<totalScore value='141465'/>
	</enemy>

	<scoreRatio value='0.677737'/>
	<timeFitness value='0.456111'/>
	<unitsAverage value='94'/>
</results>
