<results>
	<result value='loss'/>
	<start value='2015-05-06.23:49:05'/>
	<end value='2015-05-06.23:49:10'/>
	<frames value='12278'/>
	<gameDuration value='767'/>

	<player>
		<unitScore value='1800'/>
		<killScore value='200'/>
		<buildingScore value='800'/>
		<razingScore value='0'/>
		<mineralScore value='4690'/>
		<gasScore value='312'/>
		<totalScore value='7802'/>
	</player>

	<enemy>
		<race value='Protoss'/>
		<unitScore value='3500'/>
		<unitScore value='3500'/>
		<killScore value='3600'/>
		<buildingScore value='1575'/>
		<razingScore value='2400'/>
		<mineralScore value='6074'/>
		<gasScore value='1008'/>
		<totalScore value='18157'/>
	</enemy>

	<scoreRatio value='0.429697'/>
	<timeFitness value='0.106528'/>
	<unitsAverage value='21'/>
</results>
