<results>
	<result value='draw'/>
	<start value='2015-05-06.23:57:03'/>
	<end value='2015-05-06.23:58:24'/>
	<frames value='57601'/>
	<gameDuration value='3600'/>

	<player>
		<unitScore value='32500'/>
		<killScore value='36150'/>
		<buildingScore value='3225'/>
		<razingScore value='600'/>
		<mineralScore value='31542'/>
		<gasScore value='7832'/>
		<totalScore value='111849'/>
	</player>

	<enemy>
		<race value='Protoss'/>
		<unitScore value='35325'/>
		<unitScore value='35325'/>
		<killScore value='59850'/>
		<buildingScore value='6225'/>
		<razingScore value='900'/>
		<mineralScore value='31550'/>
		<gasScore value='11462'/>
		<totalScore value='145312'/>
	</enemy>

	<scoreRatio value='0.769716'/>
	<timeFitness value='0.5'/>
	<unitsAverage value='120'/>
</results>
