<results>
	<result value='draw'/>
	<start value='2015-07-18.04:24:21'/>
	<end value='2015-07-18.04:25:30'/>
	<frames value='57601'/>
	<gameDuration value='3600'/>

	<player>
		<unitScore value='31950'/>
		<killScore value='17500'/>
		<buildingScore value='5150'/>
		<razingScore value='525'/>
		<mineralScore value='34670'/>
		<gasScore value='5070'/>
		<totalScore value='94865'/>
	</player>

	<enemy>
		<race value='Terran'/>
		<unitScore value='22025'/>
		<killScore value='59150'/>
		<buildingScore value='4150'/>
		<razingScore value='10125'/>
		<mineralScore value='19542'/>
		<gasScore value='11648'/>
		<totalScore value='126640'/>
	</enemy>

	<scoreRatio value='0.749092'/>
	<timeFitness value='0.5'/>
	<unitsAverage value='71'/>
</results>
