<results>
	<result value='win'/>
	<start value='2015-07-18.04:29:33'/>
	<end value='2015-07-18.04:29:49'/>
	<frames value='16897'/>
	<gameDuration value='1056'/>

	<player>
		<unitScore value='6800'/>
		<killScore value='7750'/>
		<buildingScore value='2100'/>
		<razingScore value='3600'/>
		<mineralScore value='8986'/>
		<gasScore value='1168'/>
		<totalScore value='30404'/>
	</player>

	<enemy>
		<race value='Terran'/>
		<unitScore value='3875'/>
		<killScore value='3750'/>
		<buildingScore value='1200'/>
		<razingScore value='1350'/>
		<mineralScore value='5034'/>
		<gasScore value='1312'/>
		<totalScore value='16521'/>
	</enemy>

	<scoreRatio value='1.84032'/>
	<timeFitness value='0.853333'/>
	<unitsAverage value='43'/>
</results>
