<results>
	<result value='loss'/>
	<start value='2015-07-18.04:34:43'/>
	<end value='2015-07-18.04:34:57'/>
	<frames value='18013'/>
	<gameDuration value='1125'/>

	<player>
		<unitScore value='5475'/>
		<killScore value='1600'/>
		<buildingScore value='2050'/>
		<razingScore value='0'/>
		<mineralScore value='6610'/>
		<gasScore value='920'/>
		<totalScore value='16655'/>
	</player>

	<enemy>
		<race value='Terran'/>
		<unitScore value='6575'/>
		<killScore value='10950'/>
		<buildingScore value='2700'/>
		<razingScore value='6150'/>
		<mineralScore value='8274'/>
		<gasScore value='2800'/>
		<totalScore value='37449'/>
	</enemy>

	<scoreRatio value='0.444738'/>
	<timeFitness value='0.15625'/>
	<unitsAverage value='27'/>
</results>
