<results>
	<result value='loss'/>
	<start value='2015-07-18.04:37:03'/>
	<end value='2015-07-18.04:37:15'/>
	<frames value='17114'/>
	<gameDuration value='1069'/>

	<player>
		<unitScore value='4800'/>
		<killScore value='600'/>
		<buildingScore value='1875'/>
		<razingScore value='0'/>
		<mineralScore value='5858'/>
		<gasScore value='816'/>
		<totalScore value='13949'/>
	</player>

	<enemy>
		<race value='Terran'/>
		<unitScore value='5450'/>
		<killScore value='9600'/>
		<buildingScore value='1900'/>
		<razingScore value='5625'/>
		<mineralScore value='7946'/>
		<gasScore value='2280'/>
		<totalScore value='32801'/>
	</enemy>

	<scoreRatio value='0.425261'/>
	<timeFitness value='0.148472'/>
	<unitsAverage value='23'/>
</results>
