<results>
	<result value='loss'/>
	<start value='2015-07-18.04:40:46'/>
	<end value='2015-07-18.04:41:13'/>
	<frames value='25856'/>
	<gameDuration value='1616'/>

	<player>
		<unitScore value='11900'/>
		<killScore value='3500'/>
		<buildingScore value='3100'/>
		<razingScore value='0'/>
		<mineralScore value='16662'/>
		<gasScore value='1776'/>
		<totalScore value='36938'/>
	</player>

	<enemy>
		<race value='Terran'/>
		<unitScore value='10175'/>
		<killScore value='23250'/>
		<buildingScore value='3975'/>
		<razingScore value='9300'/>
		<mineralScore value='12882'/>
		<gasScore value='5560'/>
		<totalScore value='65142'/>
	</enemy>

	<scoreRatio value='0.567038'/>
	<timeFitness value='0.224444'/>
	<unitsAverage value='46'/>
</results>
