<results>
	<result value='loss'/>
	<start value='2015-04-27.01:12:35'/>
	<end value='2015-04-27.01:12:46'/>
	<frames value='19656'/>
	<gameDuration value='1228'/>

	<player>
		<unitScore value='4175'/>
		<killScore value='2200'/>
		<buildingScore value='2050'/>
		<razingScore value='0'/>
		<mineralScore value='6146'/>
		<gasScore value='1104'/>
		<totalScore value='15675'/>
	</player>

	<enemy>
		<race value='Terran'/>
		<unitScore value='7500'/>
		<unitScore value='7500'/>
		<killScore value='8350'/>
		<buildingScore value='2900'/>
		<razingScore value='6150'/>
		<mineralScore value='9234'/>
		<gasScore value='3432'/>
		<totalScore value='37566'/>
	</enemy>

	<scoreRatio value='0.417266'/>
</results>
