<results>
	<result value='win'/>
	<start value='2015-04-27.01:16:50'/>
	<end value='2015-04-27.01:17:10'/>
	<frames value='28522'/>
	<gameDuration value='1782'/>

	<player>
		<unitScore value='11000'/>
		<killScore value='22950'/>
		<buildingScore value='3200'/>
		<razingScore value='10350'/>
		<mineralScore value='14290'/>
		<gasScore value='2848'/>
		<totalScore value='64638'/>
	</player>

	<enemy>
		<race value='Terran'/>
		<unitScore value='14275'/>
		<unitScore value='14275'/>
		<killScore value='10650'/>
		<buildingScore value='3450'/>
		<razingScore value='1950'/>
		<mineralScore value='12902'/>
		<gasScore value='5648'/>
		<totalScore value='48875'/>
	</enemy>

	<scoreRatio value='1.32252'/>
</results>
