<results>
	<result value='loss'/>
	<start value='2015-07-19.08:35:26'/>
	<end value='2015-07-19.08:36:39'/>
	<frames value='31653'/>
	<gameDuration value='1978'/>

	<player>
		<unitScore value='19025'/>
		<killScore value='13900'/>
		<buildingScore value='4125'/>
		<razingScore value='0'/>
		<mineralScore value='24458'/>
		<gasScore value='3552'/>
		<totalScore value='65060'/>
	</player>

	<enemy>
		<race value='Zerg'/>
		<unitScore value='19375'/>
		<killScore value='35350'/>
		<buildingScore value='3485'/>
		<razingScore value='12375'/>
		<mineralScore value='19602'/>
		<gasScore value='6758'/>
		<totalScore value='96945'/>
	</enemy>

	<scoreRatio value='0.671102'/>
	<timeFitness value='0.274722'/>
	<unitsAverage value='72'/>
</results>
