<results>
	<result value='loss'/>
	<start value='2015-07-19.08:43:39'/>
	<end value='2015-07-19.08:44:12'/>
	<frames value='25949'/>
	<gameDuration value='1621'/>

	<player>
		<unitScore value='11825'/>
		<killScore value='7250'/>
		<buildingScore value='2800'/>
		<razingScore value='0'/>
		<mineralScore value='26126'/>
		<gasScore value='1888'/>
		<totalScore value='49889'/>
	</player>

	<enemy>
		<race value='Zerg'/>
		<unitScore value='13425'/>
		<killScore value='23650'/>
		<buildingScore value='2965'/>
		<razingScore value='8400'/>
		<mineralScore value='14622'/>
		<gasScore value='4144'/>
		<totalScore value='67206'/>
	</enemy>

	<scoreRatio value='0.74233'/>
	<timeFitness value='0.225139'/>
	<unitsAverage value='62'/>
</results>
