<results>
	<result value='loss'/>
	<start value='2015-05-09.22:20:20'/>
	<end value='2015-05-09.22:20:30'/>
	<frames value='14231'/>
	<gameDuration value='889'/>

	<player>
		<unitScore value='2725'/>
		<killScore value='0'/>
		<buildingScore value='1450'/>
		<razingScore value='0'/>
		<mineralScore value='4114'/>
		<gasScore value='632'/>
		<totalScore value='8921'/>
	</player>

	<enemy>
		<race value='Protoss'/>
		<unitScore value='3550'/>
		<unitScore value='3550'/>
		<killScore value='5450'/>
		<buildingScore value='2375'/>
		<razingScore value='4350'/>
		<mineralScore value='7194'/>
		<gasScore value='1200'/>
		<totalScore value='24119'/>
	</enemy>

	<scoreRatio value='0.369874'/>
	<timeFitness value='0.123472'/>
	<unitsAverage value='21'/>
</results>
