<results>
	<result value='loss'/>
	<start value='2015-05-09.22:24:08'/>
	<end value='2015-05-09.22:24:20'/>
	<frames value='16866'/>
	<gameDuration value='1054'/>

	<player>
		<unitScore value='2825'/>
		<killScore value='1400'/>
		<buildingScore value='1775'/>
		<razingScore value='0'/>
		<mineralScore value='4890'/>
		<gasScore value='1112'/>
		<totalScore value='12002'/>
	</player>

	<enemy>
		<race value='Protoss'/>
		<unitScore value='4975'/>
		<unitScore value='4975'/>
		<killScore value='5650'/>
		<buildingScore value='3375'/>
		<razingScore value='5325'/>
		<mineralScore value='8562'/>
		<gasScore value='2488'/>
		<totalScore value='30375'/>
	</enemy>

	<scoreRatio value='0.395128'/>
	<timeFitness value='0.146389'/>
	<unitsAverage value='25'/>
</results>
