<results>
	<result value='win'/>
	<start value='2015-05-05.21:07:28'/>
	<end value='2015-05-05.21:07:50'/>
	<frames value='22260'/>
	<gameDuration value='1391'/>

	<player>
		<unitScore value='12650'/>
		<killScore value='22495'/>
		<buildingScore value='3225'/>
		<razingScore value='4560'/>
		<mineralScore value='18086'/>
		<gasScore value='1568'/>
		<totalScore value='62584'/>
	</player>

	<enemy>
		<race value='Zerg'/>
		<unitScore value='9700'/>
		<unitScore value='9700'/>
		<killScore value='8550'/>
		<buildingScore value='1520'/>
		<razingScore value='0'/>
		<mineralScore value='9002'/>
		<gasScore value='2496'/>
		<totalScore value='31268'/>
	</enemy>

	<scoreRatio value='2.00154'/>
	<timeFitness value='0.806806'/>
	<unitsAverage value='76'/>
</results>
