<results>
	<result value='win'/>
	<start value='2015-05-05.21:06:10'/>
	<end value='2015-05-05.21:06:55'/>
	<frames value='31157'/>
	<gameDuration value='1947'/>

	<player>
		<unitScore value='21725'/>
		<killScore value='24390'/>
		<buildingScore value='4150'/>
		<razingScore value='5460'/>
		<mineralScore value='26654'/>
		<gasScore value='2624'/>
		<totalScore value='85003'/>
	</player>

	<enemy>
		<race value='Zerg'/>
		<unitScore value='10525'/>
		<unitScore value='10525'/>
		<killScore value='19100'/>
		<buildingScore value='1820'/>
		<razingScore value='0'/>
		<mineralScore value='9554'/>
		<gasScore value='2752'/>
		<totalScore value='43751'/>
	</enemy>

	<scoreRatio value='1.94288'/>
	<timeFitness value='0.729583'/>
	<unitsAverage value='109'/>
</results>
