<results>
	<result value='win'/>
	<start value='2015-05-05.21:09:33'/>
	<end value='2015-05-05.21:09:55'/>
	<frames value='24585'/>
	<gameDuration value='1536'/>

	<player>
		<unitScore value='11100'/>
		<killScore value='21380'/>
		<buildingScore value='2400'/>
		<razingScore value='5955'/>
		<mineralScore value='14222'/>
		<gasScore value='2392'/>
		<totalScore value='57449'/>
	</player>

	<enemy>
		<race value='Zerg'/>
		<unitScore value='9400'/>
		<unitScore value='9400'/>
		<killScore value='9800'/>
		<buildingScore value='1985'/>
		<razingScore value='375'/>
		<mineralScore value='9522'/>
		<gasScore value='2752'/>
		<totalScore value='33834'/>
	</enemy>

	<scoreRatio value='1.69797'/>
	<timeFitness value='0.786667'/>
	<unitsAverage value='63'/>
</results>
