<results>
	<result value='loss'/>
	<start value='2015-07-12.12:18:59'/>
	<end value='2015-07-12.12:19:09'/>
	<frames value='19284'/>
	<gameDuration value='1205'/>

	<player>
		<unitScore value='6525'/>
		<killScore value='1950'/>
		<buildingScore value='2250'/>
		<razingScore value='0'/>
		<mineralScore value='8754'/>
		<gasScore value='760'/>
		<totalScore value='20239'/>
	</player>

	<enemy>
		<race value='Terran'/>
		<unitScore value='7675'/>
		<killScore value='13050'/>
		<buildingScore value='2850'/>
		<razingScore value='6750'/>
		<mineralScore value='8978'/>
		<gasScore value='3440'/>
		<totalScore value='42743'/>
	</enemy>

	<scoreRatio value='0.473504'/>
	<timeFitness value='0.167361'/>
	<unitsAverage value='29'/>
</results>
