<results>
	<result value='loss'/>
	<start value='2015-07-12.12:19:37'/>
	<end value='2015-07-12.12:19:48'/>
	<frames value='22446'/>
	<gameDuration value='1402'/>

	<player>
		<unitScore value='9500'/>
		<killScore value='2950'/>
		<buildingScore value='2450'/>
		<razingScore value='0'/>
		<mineralScore value='9938'/>
		<gasScore value='1384'/>
		<totalScore value='26222'/>
	</player>

	<enemy>
		<race value='Terran'/>
		<unitScore value='9375'/>
		<killScore value='19000'/>
		<buildingScore value='3400'/>
		<razingScore value='7350'/>
		<mineralScore value='10922'/>
		<gasScore value='4488'/>
		<totalScore value='54535'/>
	</enemy>

	<scoreRatio value='0.480829'/>
	<timeFitness value='0.194722'/>
	<unitsAverage value='34'/>
</results>
