<results>
	<result value='loss'/>
	<start value='2015-04-10.15:44:51'/>
	<end value='2015-04-10.15:45:01'/>
	<frames value='17951'/>
	<gameDuration value='1121'/>

	<player>
		<unitScore value='4900'/>
		<killScore value='3500'/>
		<buildingScore value='2075'/>
		<razingScore value='0'/>
		<mineralScore value='7138'/>
		<gasScore value='856'/>
		<totalScore value='18469'/>
	</player>

	<enemy>
		<race value='Protoss'/>
		<unitScore value='4925'/>
		<unitScore value='4925'/>
		<killScore value='9300'/>
		<buildingScore value='3325'/>
		<razingScore value='6225'/>
		<mineralScore value='9026'/>
		<gasScore value='2416'/>
		<totalScore value='35217'/>
	</enemy>

	<scoreRatio value='0.524434'/>
</results>
