<results>
	<result value='loss'/>
	<start value='2015-05-03.11:08:37'/>
	<end value='2015-05-03.11:09:28'/>
	<frames value='53508'/>
	<gameDuration value='3344'/>

	<player>
		<unitScore value='20825'/>
		<killScore value='63380'/>
		<buildingScore value='3750'/>
		<razingScore value='4800'/>
		<mineralScore value='24346'/>
		<gasScore value='5114'/>
		<totalScore value='122215'/>
	</player>

	<enemy>
		<race value='Zerg'/>
		<unitScore value='36225'/>
		<unitScore value='36225'/>
		<killScore value='41650'/>
		<buildingScore value='5435'/>
		<razingScore value='11250'/>
		<mineralScore value='31278'/>
		<gasScore value='10774'/>
		<totalScore value='136612'/>
	</enemy>

	<scoreRatio value='0.894614'/>
	<timeFitness value='0.464444'/>
	<unitsAverage value='68'/>
</results>
