<results>
	<result value='win'/>
	<start value='2015-05-03.11:13:58'/>
	<end value='2015-05-03.11:14:25'/>
	<frames value='28801'/>
	<gameDuration value='1800'/>

	<player>
		<unitScore value='17350'/>
		<killScore value='25650'/>
		<buildingScore value='2675'/>
		<razingScore value='7395'/>
		<mineralScore value='19558'/>
		<gasScore value='1912'/>
		<totalScore value='74540'/>
	</player>

	<enemy>
		<race value='Zerg'/>
		<unitScore value='12150'/>
		<unitScore value='12150'/>
		<killScore value='21000'/>
		<buildingScore value='2465'/>
		<razingScore value='0'/>
		<mineralScore value='13146'/>
		<gasScore value='3904'/>
		<totalScore value='52665'/>
	</enemy>

	<scoreRatio value='1.41536'/>
	<timeFitness value='0.75'/>
	<unitsAverage value='69'/>
</results>
