<results>
	<result value='loss'/>
	<start value='2015-04-29.15:32:33'/>
	<end value='2015-04-29.15:32:49'/>
	<frames value='19005'/>
	<gameDuration value='1187'/>

	<player>
		<unitScore value='5800'/>
		<killScore value='2300'/>
		<buildingScore value='1650'/>
		<razingScore value='0'/>
		<mineralScore value='7538'/>
		<gasScore value='1280'/>
		<totalScore value='18568'/>
	</player>

	<enemy>
		<race value='Protoss'/>
		<unitScore value='6225'/>
		<unitScore value='6225'/>
		<killScore value='11600'/>
		<buildingScore value='3575'/>
		<razingScore value='5175'/>
		<mineralScore value='9826'/>
		<gasScore value='2680'/>
		<totalScore value='39081'/>
	</enemy>

	<scoreRatio value='0.475116'/>
	<timeFitness value='0.164861'/>
	<unitsAverage value='31'/>
</results>
