<results>
	<result value='win'/>
	<start value='2015-04-29.15:33:41'/>
	<end value='2015-04-29.15:36:09'/>
	<frames value='46750'/>
	<gameDuration value='2921'/>

	<player>
		<unitScore value='26375'/>
		<killScore value='37100'/>
		<buildingScore value='4200'/>
		<razingScore value='13275'/>
		<mineralScore value='39314'/>
		<gasScore value='5676'/>
		<totalScore value='125940'/>
	</player>

	<enemy>
		<race value='Protoss'/>
		<unitScore value='18775'/>
		<unitScore value='18775'/>
		<killScore value='27800'/>
		<buildingScore value='4425'/>
		<razingScore value='0'/>
		<mineralScore value='22546'/>
		<gasScore value='3776'/>
		<totalScore value='77322'/>
	</enemy>

	<scoreRatio value='1.62877'/>
	<timeFitness value='0.594306'/>
	<unitsAverage value='154'/>
</results>
