<results>
	<result value='draw'/>
	<start value='2015-04-29.15:49:07'/>
	<end value='2015-04-29.15:51:32'/>
	<frames value='57601'/>
	<gameDuration value='3600'/>

	<player>
		<unitScore value='34275'/>
		<killScore value='58100'/>
		<buildingScore value='4000'/>
		<razingScore value='4050'/>
		<mineralScore value='35706'/>
		<gasScore value='3920'/>
		<totalScore value='140051'/>
	</player>

	<enemy>
		<race value='Protoss'/>
		<unitScore value='35975'/>
		<unitScore value='35975'/>
		<killScore value='57750'/>
		<buildingScore value='7275'/>
		<razingScore value='1950'/>
		<mineralScore value='27122'/>
		<gasScore value='15968'/>
		<totalScore value='146040'/>
	</enemy>

	<scoreRatio value='0.958991'/>
	<timeFitness value='0.5'/>
	<unitsAverage value='128'/>
</results>
