<results>
	<result value='draw'/>
	<start value='2015-04-29.15:58:54'/>
	<end value='2015-04-29.16:00:23'/>
	<frames value='57601'/>
	<gameDuration value='3600'/>

	<player>
		<unitScore value='27950'/>
		<killScore value='35800'/>
		<buildingScore value='3150'/>
		<razingScore value='8775'/>
		<mineralScore value='31170'/>
		<gasScore value='5940'/>
		<totalScore value='112785'/>
	</player>

	<enemy>
		<race value='Protoss'/>
		<unitScore value='21300'/>
		<unitScore value='21300'/>
		<killScore value='54550'/>
		<buildingScore value='7025'/>
		<razingScore value='6000'/>
		<mineralScore value='24262'/>
		<gasScore value='10062'/>
		<totalScore value='123199'/>
	</enemy>

	<scoreRatio value='0.91547'/>
	<timeFitness value='0.5'/>
	<unitsAverage value='84'/>
</results>
