<results>
	<result value='win'/>
	<start value='2014-07-01.14:17:57'/>
	<end value='2014-07-01.14:18:41'/>
	<frames value='45200'/>
	<gameDuration value='2825'/>

	<player>
		<unitScore value='31775'/>
		<killScore value='49500'/>
		<buildingScore value='3350'/>
		<razingScore value='23400'/>
		<mineralScore value='34534'/>
		<gasScore value='3984'/>
		<totalScore value='146543'/>
	</player>

	<enemy>
		<race value='Protoss'/>
		<unitScore value='27125'/>
		<unitScore value='27125'/>
		<killScore value='45700'/>
		<buildingScore value='7800'/>
		<razingScore value='225'/>
		<mineralScore value='24498'/>
		<gasScore value='10760'/>
		<totalScore value='116108'/>
	</enemy>

	<scoreRatio value='1.26213'/>
</results>
