<results>
	<result value='draw'/>
	<start value='2015-05-01.11:25:44'/>
	<end value='2015-05-01.11:26:46'/>
	<frames value='57601'/>
	<gameDuration value='3600'/>

	<player>
		<unitScore value='24575'/>
		<killScore value='38400'/>
		<buildingScore value='2650'/>
		<razingScore value='15075'/>
		<mineralScore value='25878'/>
		<gasScore value='4976'/>
		<totalScore value='111554'/>
	</player>

	<enemy>
		<race value='Protoss'/>
		<unitScore value='20350'/>
		<unitScore value='20350'/>
		<killScore value='41300'/>
		<buildingScore value='9325'/>
		<razingScore value='1425'/>
		<mineralScore value='28806'/>
		<gasScore value='9848'/>
		<totalScore value='111054'/>
	</enemy>

	<scoreRatio value='1.0045'/>
</results>
