<results>
	<result value='win'/>
	<start value='2015-05-01.11:32:56'/>
	<end value='2015-05-01.11:33:45'/>
	<frames value='42472'/>
	<gameDuration value='2654'/>

	<player>
		<unitScore value='21900'/>
		<killScore value='30250'/>
		<buildingScore value='2375'/>
		<razingScore value='21300'/>
		<mineralScore value='23994'/>
		<gasScore value='4408'/>
		<totalScore value='104227'/>
	</player>

	<enemy>
		<race value='Protoss'/>
		<unitScore value='15125'/>
		<unitScore value='15125'/>
		<killScore value='29350'/>
		<buildingScore value='7100'/>
		<razingScore value='450'/>
		<mineralScore value='19562'/>
		<gasScore value='4688'/>
		<totalScore value='76275'/>
	</enemy>

	<scoreRatio value='1.36646'/>
</results>
