<results>
	<result value='loss'/>
	<start value='2015-05-01.11:35:08'/>
	<end value='2015-05-01.11:35:19'/>
	<frames value='16866'/>
	<gameDuration value='1054'/>

	<player>
		<unitScore value='3725'/>
		<killScore value='1400'/>
		<buildingScore value='1525'/>
		<razingScore value='0'/>
		<mineralScore value='5250'/>
		<gasScore value='680'/>
		<totalScore value='12580'/>
	</player>

	<enemy>
		<race value='Protoss'/>
		<unitScore value='3550'/>
		<unitScore value='3550'/>
		<killScore value='7450'/>
		<buildingScore value='4025'/>
		<razingScore value='4575'/>
		<mineralScore value='8794'/>
		<gasScore value='1632'/>
		<totalScore value='30026'/>
	</enemy>

	<scoreRatio value='0.41897'/>
</results>
