<results>
	<result value='win'/>
	<start value='2015-05-09.00:10:17'/>
	<end value='2015-05-09.00:10:29'/>
	<frames value='17331'/>
	<gameDuration value='1083'/>

	<player>
		<unitScore value='6825'/>
		<killScore value='10250'/>
		<buildingScore value='2525'/>
		<razingScore value='4200'/>
		<mineralScore value='9826'/>
		<gasScore value='1616'/>
		<totalScore value='35242'/>
	</player>

	<enemy>
		<race value='Terran'/>
		<unitScore value='5125'/>
		<unitScore value='5125'/>
		<killScore value='2400'/>
		<buildingScore value='1400'/>
		<razingScore value='150'/>
		<mineralScore value='7330'/>
		<gasScore value='1808'/>
		<totalScore value='18213'/>
	</enemy>

	<scoreRatio value='1.93499'/>
	<timeFitness value='0.849583'/>
	<unitsAverage value='50'/>
</results>
