<results>
	<result value='loss'/>
	<start value='2015-04-07.21:36:10'/>
	<end value='2015-04-07.21:36:56'/>
	<frames value='52547'/>
	<gameDuration value='3284'/>

	<player>
		<unitScore value='29775'/>
		<killScore value='43350'/>
		<buildingScore value='3350'/>
		<razingScore value='0'/>
		<mineralScore value='31422'/>
		<gasScore value='6508'/>
		<totalScore value='114405'/>
	</player>

	<enemy>
		<race value='Protoss'/>
		<unitScore value='36425'/>
		<unitScore value='36425'/>
		<killScore value='59550'/>
		<buildingScore value='6175'/>
		<razingScore value='10050'/>
		<mineralScore value='30650'/>
		<gasScore value='11758'/>
		<totalScore value='154608'/>
	</enemy>

	<scoreRatio value='0.739968'/>
</results>
