<results>
	<result value='loss'/>
	<start value='2015-05-22.06:04:05'/>
	<end value='2015-05-22.06:04:16'/>
	<frames value='18385'/>
	<gameDuration value='1149'/>

	<player>
		<unitScore value='4025'/>
		<killScore value='2000'/>
		<buildingScore value='1475'/>
		<razingScore value='0'/>
		<mineralScore value='5762'/>
		<gasScore value='1048'/>
		<totalScore value='14310'/>
	</player>

	<enemy>
		<race value='Protoss'/>
		<unitScore value='6625'/>
		<killScore value='7050'/>
		<buildingScore value='3375'/>
		<razingScore value='4425'/>
		<mineralScore value='9562'/>
		<gasScore value='2304'/>
		<totalScore value='33341'/>
	</enemy>

	<scoreRatio value='0.429201'/>
	<timeFitness value='0.159583'/>
	<unitsAverage value='28'/>
</results>
