<results>
	<result value='loss'/>
	<start value='2015-05-22.06:04:26'/>
	<end value='2015-05-22.06:05:00'/>
	<frames value='45789'/>
	<gameDuration value='2861'/>

	<player>
		<unitScore value='15350'/>
		<killScore value='17700'/>
		<buildingScore value='2125'/>
		<razingScore value='1800'/>
		<mineralScore value='16706'/>
		<gasScore value='4432'/>
		<totalScore value='58113'/>
	</player>

	<enemy>
		<race value='Protoss'/>
		<unitScore value='19800'/>
		<killScore value='30700'/>
		<buildingScore value='7375'/>
		<razingScore value='6375'/>
		<mineralScore value='32534'/>
		<gasScore value='7352'/>
		<totalScore value='104136'/>
	</enemy>

	<scoreRatio value='0.558049'/>
	<timeFitness value='0.397361'/>
	<unitsAverage value='48'/>
</results>
