<results>
	<result value='loss'/>
	<start value='2015-05-10.21:56:21'/>
	<end value='2015-05-10.21:56:41'/>
	<frames value='25515'/>
	<gameDuration value='1594'/>

	<player>
		<unitScore value='3050'/>
		<killScore value='2400'/>
		<buildingScore value='1000'/>
		<razingScore value='0'/>
		<mineralScore value='3946'/>
		<gasScore value='904'/>
		<totalScore value='11300'/>
	</player>

	<enemy>
		<race value='Protoss'/>
		<unitScore value='9150'/>
		<unitScore value='9150'/>
		<killScore value='6100'/>
		<buildingScore value='6875'/>
		<razingScore value='3000'/>
		<mineralScore value='15774'/>
		<gasScore value='4912'/>
		<totalScore value='45811'/>
	</enemy>

	<scoreRatio value='0.246666'/>
	<timeFitness value='0.221389'/>
	<unitsAverage value='21'/>
</results>
