<results>
	<result value='loss'/>
	<start value='2015-05-10.22:10:11'/>
	<end value='2015-05-10.22:10:23'/>
	<frames value='14696'/>
	<gameDuration value='918'/>

	<player>
		<unitScore value='2625'/>
		<killScore value='400'/>
		<buildingScore value='1550'/>
		<razingScore value='0'/>
		<mineralScore value='4170'/>
		<gasScore value='648'/>
		<totalScore value='9393'/>
	</player>

	<enemy>
		<race value='Protoss'/>
		<unitScore value='3550'/>
		<unitScore value='3550'/>
		<killScore value='5250'/>
		<buildingScore value='2675'/>
		<razingScore value='4650'/>
		<mineralScore value='7714'/>
		<gasScore value='1336'/>
		<totalScore value='25175'/>
	</enemy>

	<scoreRatio value='0.373108'/>
	<timeFitness value='0.1275'/>
	<unitsAverage value='19'/>
</results>
