<results>
	<result value='loss'/>
	<start value='2015-05-10.22:12:23'/>
	<end value='2015-05-10.22:12:39'/>
	<frames value='18478'/>
	<gameDuration value='1154'/>

	<player>
		<unitScore value='5600'/>
		<killScore value='800'/>
		<buildingScore value='1850'/>
		<razingScore value='0'/>
		<mineralScore value='7690'/>
		<gasScore value='1192'/>
		<totalScore value='17132'/>
	</player>

	<enemy>
		<race value='Protoss'/>
		<unitScore value='4325'/>
		<unitScore value='4325'/>
		<killScore value='11200'/>
		<buildingScore value='3875'/>
		<razingScore value='5550'/>
		<mineralScore value='9474'/>
		<gasScore value='2408'/>
		<totalScore value='36832'/>
	</enemy>

	<scoreRatio value='0.465139'/>
	<timeFitness value='0.160278'/>
	<unitsAverage value='32'/>
</results>
