<results>
	<result value='win'/>
	<start value='2015-05-10.22:17:29'/>
	<end value='2015-05-10.22:17:58'/>
	<frames value='23407'/>
	<gameDuration value='1462'/>

	<player>
		<unitScore value='10800'/>
		<killScore value='9200'/>
		<buildingScore value='2675'/>
		<razingScore value='9300'/>
		<mineralScore value='15098'/>
		<gasScore value='1912'/>
		<totalScore value='48985'/>
	</player>

	<enemy>
		<race value='Protoss'/>
		<unitScore value='4600'/>
		<unitScore value='4600'/>
		<killScore value='6500'/>
		<buildingScore value='3100'/>
		<razingScore value='0'/>
		<mineralScore value='10282'/>
		<gasScore value='2472'/>
		<totalScore value='26954'/>
	</enemy>

	<scoreRatio value='1.81736'/>
	<timeFitness value='0.796944'/>
	<unitsAverage value='64'/>
</results>
