<results>
	<result value='win'/>
	<start value='2015-05-08.13:30:29'/>
	<end value='2015-05-08.13:30:47'/>
	<frames value='24957'/>
	<gameDuration value='1559'/>

	<player>
		<unitScore value='10100'/>
		<killScore value='15150'/>
		<buildingScore value='2875'/>
		<razingScore value='7350'/>
		<mineralScore value='12310'/>
		<gasScore value='1880'/>
		<totalScore value='49665'/>
	</player>

	<enemy>
		<race value='Terran'/>
		<unitScore value='8675'/>
		<unitScore value='8675'/>
		<killScore value='9700'/>
		<buildingScore value='2450'/>
		<razingScore value='3600'/>
		<mineralScore value='11278'/>
		<gasScore value='3888'/>
		<totalScore value='39591'/>
	</enemy>

	<scoreRatio value='1.25445'/>
	<timeFitness value='0.783472'/>
	<unitsAverage value='53'/>
</results>
