<results>
	<result value='draw'/>
	<start value='2015-05-08.13:35:55'/>
	<end value='2015-05-08.13:36:43'/>
	<frames value='57601'/>
	<gameDuration value='3600'/>

	<player>
		<unitScore value='21925'/>
		<killScore value='35000'/>
		<buildingScore value='2825'/>
		<razingScore value='5325'/>
		<mineralScore value='23214'/>
		<gasScore value='5500'/>
		<totalScore value='93789'/>
	</player>

	<enemy>
		<race value='Terran'/>
		<unitScore value='26000'/>
		<unitScore value='26000'/>
		<killScore value='37200'/>
		<buildingScore value='4775'/>
		<razingScore value='3600'/>
		<mineralScore value='19518'/>
		<gasScore value='11640'/>
		<totalScore value='102733'/>
	</enemy>

	<scoreRatio value='0.912939'/>
	<timeFitness value='0.5'/>
	<unitsAverage value='67'/>
</results>
