<results>
	<result value='loss'/>
	<start value='2014-07-22.20:59:58'/>
	<end value='2014-07-22.21:00:09'/>
	<frames value='21888'/>
	<gameDuration value='1368'/>

	<player>
		<unitScore value='6450'/>
		<killScore value='4600'/>
		<buildingScore value='2050'/>
		<razingScore value='0'/>
		<mineralScore value='8346'/>
		<gasScore value='1224'/>
		<totalScore value='22670'/>
	</player>

	<enemy>
		<race value='Terran'/>
		<unitScore value='8025'/>
		<unitScore value='8025'/>
		<killScore value='12900'/>
		<buildingScore value='2650'/>
		<razingScore value='6150'/>
		<mineralScore value='10386'/>
		<gasScore value='3624'/>
		<totalScore value='43735'/>
	</enemy>

	<scoreRatio value='0.518349'/>
</results>
