<results>
	<result value='win'/>
	<start value='2015-04-27.03:54:19'/>
	<end value='2015-04-27.03:54:36'/>
	<frames value='23996'/>
	<gameDuration value='1499'/>

	<player>
		<unitScore value='9775'/>
		<killScore value='17050'/>
		<buildingScore value='2925'/>
		<razingScore value='4350'/>
		<mineralScore value='14910'/>
		<gasScore value='2248'/>
		<totalScore value='51258'/>
	</player>

	<enemy>
		<race value='Terran'/>
		<unitScore value='8525'/>
		<unitScore value='8525'/>
		<killScore value='8950'/>
		<buildingScore value='1450'/>
		<razingScore value='600'/>
		<mineralScore value='11126'/>
		<gasScore value='2912'/>
		<totalScore value='33563'/>
	</enemy>

	<scoreRatio value='1.52722'/>
</results>
