<results>
	<result value='loss'/>
	<start value='2015-04-12.09:45:25'/>
	<end value='2015-04-12.09:46:13'/>
	<frames value='35621'/>
	<gameDuration value='2226'/>

	<player>
		<unitScore value='16100'/>
		<killScore value='19550'/>
		<buildingScore value='3200'/>
		<razingScore value='300'/>
		<mineralScore value='22402'/>
		<gasScore value='3264'/>
		<totalScore value='64816'/>
	</player>

	<enemy>
		<race value='Protoss'/>
		<unitScore value='25775'/>
		<unitScore value='25775'/>
		<killScore value='32200'/>
		<buildingScore value='7400'/>
		<razingScore value='9600'/>
		<mineralScore value='28110'/>
		<gasScore value='9046'/>
		<totalScore value='112131'/>
	</enemy>

	<scoreRatio value='0.578038'/>
</results>
