<results>
	<result value='win'/>
	<start value='2015-04-12.09:54:12'/>
	<end value='2015-04-12.09:55:31'/>
	<frames value='36520'/>
	<gameDuration value='2282'/>

	<player>
		<unitScore value='22000'/>
		<killScore value='32550'/>
		<buildingScore value='4525'/>
		<razingScore value='17700'/>
		<mineralScore value='28642'/>
		<gasScore value='2624'/>
		<totalScore value='108041'/>
	</player>

	<enemy>
		<race value='Protoss'/>
		<unitScore value='16625'/>
		<unitScore value='16625'/>
		<killScore value='18900'/>
		<buildingScore value='5900'/>
		<razingScore value='1650'/>
		<mineralScore value='19114'/>
		<gasScore value='4352'/>
		<totalScore value='66541'/>
	</enemy>

	<scoreRatio value='1.62368'/>
</results>
