<results>
	<result value='win'/>
	<start value='2015-04-12.10:01:13'/>
	<end value='2015-04-12.10:02:53'/>
	<frames value='38969'/>
	<gameDuration value='2435'/>

	<player>
		<unitScore value='25425'/>
		<killScore value='34250'/>
		<buildingScore value='4000'/>
		<razingScore value='20475'/>
		<mineralScore value='29450'/>
		<gasScore value='3288'/>
		<totalScore value='116888'/>
	</player>

	<enemy>
		<race value='Protoss'/>
		<unitScore value='18375'/>
		<unitScore value='18375'/>
		<killScore value='25600'/>
		<buildingScore value='6825'/>
		<razingScore value='375'/>
		<mineralScore value='21866'/>
		<gasScore value='8592'/>
		<totalScore value='81633'/>
	</enemy>

	<scoreRatio value='1.43187'/>
</results>
