<results>
	<result value='loss'/>
	<start value='2015-05-08.23:04:13'/>
	<end value='2015-05-08.23:04:28'/>
	<frames value='23252'/>
	<gameDuration value='1453'/>

	<player>
		<unitScore value='7425'/>
		<killScore value='6450'/>
		<buildingScore value='2500'/>
		<razingScore value='0'/>
		<mineralScore value='9626'/>
		<gasScore value='1360'/>
		<totalScore value='27361'/>
	</player>

	<enemy>
		<race value='Terran'/>
		<unitScore value='9775'/>
		<unitScore value='9775'/>
		<killScore value='14850'/>
		<buildingScore value='3575'/>
		<razingScore value='7500'/>
		<mineralScore value='11498'/>
		<gasScore value='5000'/>
		<totalScore value='52198'/>
	</enemy>

	<scoreRatio value='0.524177'/>
	<timeFitness value='0.201806'/>
	<unitsAverage value='34'/>
</results>
