<results>
	<result value='loss'/>
	<start value='2015-05-08.23:21:07'/>
	<end value='2015-05-08.23:21:43'/>
	<frames value='50253'/>
	<gameDuration value='3140'/>

	<player>
		<unitScore value='13350'/>
		<killScore value='15950'/>
		<buildingScore value='2875'/>
		<razingScore value='2100'/>
		<mineralScore value='15346'/>
		<gasScore value='3448'/>
		<totalScore value='53069'/>
	</player>

	<enemy>
		<race value='Terran'/>
		<unitScore value='30800'/>
		<unitScore value='30800'/>
		<killScore value='26700'/>
		<buildingScore value='7025'/>
		<razingScore value='8625'/>
		<mineralScore value='26046'/>
		<gasScore value='15734'/>
		<totalScore value='114930'/>
	</enemy>

	<scoreRatio value='0.461751'/>
	<timeFitness value='0.436111'/>
	<unitsAverage value='47'/>
</results>
