<results>
	<result value='loss'/>
	<start value='2015-04-29.14:57:33'/>
	<end value='2015-04-29.14:57:51'/>
	<frames value='28181'/>
	<gameDuration value='1761'/>

	<player>
		<unitScore value='7750'/>
		<killScore value='4100'/>
		<buildingScore value='1850'/>
		<razingScore value='0'/>
		<mineralScore value='9906'/>
		<gasScore value='1120'/>
		<totalScore value='24726'/>
	</player>

	<enemy>
		<race value='Protoss'/>
		<unitScore value='14000'/>
		<unitScore value='14000'/>
		<killScore value='15500'/>
		<buildingScore value='6675'/>
		<razingScore value='5550'/>
		<mineralScore value='18374'/>
		<gasScore value='6280'/>
		<totalScore value='66379'/>
	</enemy>

	<scoreRatio value='0.372497'/>
</results>
