<results>
	<result value='win'/>
	<start value='2015-05-06.16:30:06'/>
	<end value='2015-05-06.16:30:49'/>
	<frames value='31312'/>
	<gameDuration value='1957'/>

	<player>
		<unitScore value='14000'/>
		<killScore value='20930'/>
		<buildingScore value='4025'/>
		<razingScore value='9840'/>
		<mineralScore value='20162'/>
		<gasScore value='3328'/>
		<totalScore value='72285'/>
	</player>

	<enemy>
		<race value='Zerg'/>
		<unitScore value='9900'/>
		<unitScore value='9900'/>
		<killScore value='11400'/>
		<buildingScore value='3280'/>
		<razingScore value='1950'/>
		<mineralScore value='11766'/>
		<gasScore value='3424'/>
		<totalScore value='41720'/>
	</enemy>

	<scoreRatio value='1.73262'/>
	<timeFitness value='0.728194'/>
	<unitsAverage value='67'/>
</results>
