<results>
	<result value='win'/>
	<start value='2014-07-23.01:49:19'/>
	<end value='2014-07-23.01:50:00'/>
	<frames value='36179'/>
	<gameDuration value='2261'/>

	<player>
		<unitScore value='24025'/>
		<killScore value='42130'/>
		<buildingScore value='5475'/>
		<razingScore value='9330'/>
		<mineralScore value='33274'/>
		<gasScore value='4648'/>
		<totalScore value='118882'/>
	</player>

	<enemy>
		<race value='Zerg'/>
		<unitScore value='19300'/>
		<unitScore value='19300'/>
		<killScore value='24300'/>
		<buildingScore value='3110'/>
		<razingScore value='4050'/>
		<mineralScore value='18354'/>
		<gasScore value='5174'/>
		<totalScore value='74288'/>
	</enemy>

	<scoreRatio value='1.60029'/>
</results>
