<results>
	<result value='win'/>
	<start value='2015-05-08.19:18:32'/>
	<end value='2015-05-08.19:19:12'/>
	<frames value='29483'/>
	<gameDuration value='1842'/>

	<player>
		<unitScore value='16675'/>
		<killScore value='29160'/>
		<buildingScore value='3575'/>
		<razingScore value='8910'/>
		<mineralScore value='22442'/>
		<gasScore value='2976'/>
		<totalScore value='83738'/>
	</player>

	<enemy>
		<race value='Zerg'/>
		<unitScore value='13575'/>
		<unitScore value='13575'/>
		<killScore value='14600'/>
		<buildingScore value='2970'/>
		<razingScore value='2100'/>
		<mineralScore value='14298'/>
		<gasScore value='4488'/>
		<totalScore value='52031'/>
	</enemy>

	<scoreRatio value='1.60939'/>
	<timeFitness value='0.744167'/>
	<unitsAverage value='87'/>
</results>
