<results>
	<result value='win'/>
	<start value='2015-05-08.19:40:39'/>
	<end value='2015-05-08.19:41:40'/>
	<frames value='31188'/>
	<gameDuration value='1949'/>

	<player>
		<unitScore value='18800'/>
		<killScore value='32640'/>
		<buildingScore value='4175'/>
		<razingScore value='4710'/>
		<mineralScore value='38786'/>
		<gasScore value='2880'/>
		<totalScore value='101991'/>
	</player>

	<enemy>
		<race value='Zerg'/>
		<unitScore value='14275'/>
		<unitScore value='14275'/>
		<killScore value='13400'/>
		<buildingScore value='1570'/>
		<razingScore value='0'/>
		<mineralScore value='12162'/>
		<gasScore value='3776'/>
		<totalScore value='45183'/>
	</enemy>

	<scoreRatio value='2.25729'/>
	<timeFitness value='0.729306'/>
	<unitsAverage value='130'/>
</results>
