<results>
	<result value='loss'/>
	<start value='2015-05-08.19:44:19'/>
	<end value='2015-05-08.19:44:39'/>
	<frames value='26848'/>
	<gameDuration value='1678'/>

	<player>
		<unitScore value='6825'/>
		<killScore value='8300'/>
		<buildingScore value='2175'/>
		<razingScore value='0'/>
		<mineralScore value='9058'/>
		<gasScore value='1216'/>
		<totalScore value='27574'/>
	</player>

	<enemy>
		<race value='Zerg'/>
		<unitScore value='12475'/>
		<unitScore value='12475'/>
		<killScore value='13650'/>
		<buildingScore value='2575'/>
		<razingScore value='6525'/>
		<mineralScore value='13090'/>
		<gasScore value='4376'/>
		<totalScore value='52691'/>
	</enemy>

	<scoreRatio value='0.523315'/>
	<timeFitness value='0.233056'/>
	<unitsAverage value='29'/>
</results>
