<results>
	<result value='win'/>
	<start value='2015-05-08.20:04:55'/>
	<end value='2015-05-08.20:05:50'/>
	<frames value='31126'/>
	<gameDuration value='1945'/>

	<player>
		<unitScore value='22975'/>
		<killScore value='36820'/>
		<buildingScore value='4175'/>
		<razingScore value='5940'/>
		<mineralScore value='32138'/>
		<gasScore value='2168'/>
		<totalScore value='104216'/>
	</player>

	<enemy>
		<race value='Zerg'/>
		<unitScore value='16300'/>
		<unitScore value='16300'/>
		<killScore value='21400'/>
		<buildingScore value='1980'/>
		<razingScore value='0'/>
		<mineralScore value='14030'/>
		<gasScore value='4280'/>
		<totalScore value='57990'/>
	</enemy>

	<scoreRatio value='1.79714'/>
	<timeFitness value='0.729861'/>
	<unitsAverage value='115'/>
</results>
