<results>
	<result value='loss'/>
	<start value='2015-07-18.01:03:44'/>
	<end value='2015-07-18.01:04:00'/>
	<frames value='21702'/>
	<gameDuration value='1356'/>

	<player>
		<unitScore value='8075'/>
		<killScore value='2950'/>
		<buildingScore value='2750'/>
		<razingScore value='0'/>
		<mineralScore value='9418'/>
		<gasScore value='1512'/>
		<totalScore value='24705'/>
	</player>

	<enemy>
		<race value='Terran'/>
		<unitScore value='8325'/>
		<killScore value='14550'/>
		<buildingScore value='3300'/>
		<razingScore value='8250'/>
		<mineralScore value='10522'/>
		<gasScore value='4168'/>
		<totalScore value='49115'/>
	</enemy>

	<scoreRatio value='0.503003'/>
	<timeFitness value='0.188333'/>
	<unitsAverage value='37'/>
</results>
