<results>
	<result value='loss'/>
	<start value='2015-07-18.01:10:43'/>
	<end value='2015-07-18.01:10:55'/>
	<frames value='18137'/>
	<gameDuration value='1133'/>

	<player>
		<unitScore value='5675'/>
		<killScore value='950'/>
		<buildingScore value='2050'/>
		<razingScore value='0'/>
		<mineralScore value='7290'/>
		<gasScore value='880'/>
		<totalScore value='16845'/>
	</player>

	<enemy>
		<race value='Terran'/>
		<unitScore value='6275'/>
		<killScore value='11350'/>
		<buildingScore value='2750'/>
		<razingScore value='6150'/>
		<mineralScore value='8370'/>
		<gasScore value='2648'/>
		<totalScore value='37543'/>
	</enemy>

	<scoreRatio value='0.448685'/>
	<timeFitness value='0.157361'/>
	<unitsAverage value='29'/>
</results>
