<results>
	<result value='draw'/>
	<start value='2015-07-18.01:13:24'/>
	<end value='2015-07-18.01:15:23'/>
	<frames value='57601'/>
	<gameDuration value='3600'/>

	<player>
		<unitScore value='25175'/>
		<killScore value='19450'/>
		<buildingScore value='4375'/>
		<razingScore value='150'/>
		<mineralScore value='26314'/>
		<gasScore value='3736'/>
		<totalScore value='79200'/>
	</player>

	<enemy>
		<race value='Terran'/>
		<unitScore value='32375'/>
		<killScore value='33850'/>
		<buildingScore value='5025'/>
		<razingScore value='8325'/>
		<mineralScore value='24294'/>
		<gasScore value='15506'/>
		<totalScore value='119375'/>
	</enemy>

	<scoreRatio value='0.663455'/>
	<timeFitness value='0.5'/>
	<unitsAverage value='102'/>
</results>
