<results>
	<result value='loss'/>
	<start value='2015-04-08.04:54:49'/>
	<end value='2015-04-08.04:54:57'/>
	<frames value='16556'/>
	<gameDuration value='1034'/>

	<player>
		<unitScore value='2850'/>
		<killScore value='400'/>
		<buildingScore value='1625'/>
		<razingScore value='0'/>
		<mineralScore value='4826'/>
		<gasScore value='1056'/>
		<totalScore value='10757'/>
	</player>

	<enemy>
		<race value='Protoss'/>
		<unitScore value='3900'/>
		<unitScore value='3900'/>
		<killScore value='5800'/>
		<buildingScore value='3975'/>
		<razingScore value='4875'/>
		<mineralScore value='8714'/>
		<gasScore value='1648'/>
		<totalScore value='28912'/>
	</enemy>

	<scoreRatio value='0.37206'/>
</results>
