<results>
	<result value='win'/>
	<start value='2015-04-10.21:37:11'/>
	<end value='2015-04-10.21:38:47'/>
	<frames value='43650'/>
	<gameDuration value='2728'/>

	<player>
		<unitScore value='28025'/>
		<killScore value='39100'/>
		<buildingScore value='3750'/>
		<razingScore value='22275'/>
		<mineralScore value='30446'/>
		<gasScore value='4736'/>
		<totalScore value='128332'/>
	</player>

	<enemy>
		<race value='Protoss'/>
		<unitScore value='20675'/>
		<unitScore value='20675'/>
		<killScore value='35700'/>
		<buildingScore value='7425'/>
		<razingScore value='1650'/>
		<mineralScore value='23826'/>
		<gasScore value='8184'/>
		<totalScore value='97460'/>
	</enemy>

	<scoreRatio value='1.31677'/>
</results>
