<results>
	<result value='win'/>
	<start value='2015-05-03.18:59:49'/>
	<end value='2015-05-03.19:00:40'/>
	<frames value='43650'/>
	<gameDuration value='2728'/>

	<player>
		<unitScore value='17500'/>
		<killScore value='27900'/>
		<buildingScore value='5125'/>
		<razingScore value='14325'/>
		<mineralScore value='36202'/>
		<gasScore value='5472'/>
		<totalScore value='106524'/>
	</player>

	<enemy>
		<race value='Protoss'/>
		<unitScore value='16750'/>
		<unitScore value='16750'/>
		<killScore value='16600'/>
		<buildingScore value='4775'/>
		<razingScore value='2325'/>
		<mineralScore value='13338'/>
		<gasScore value='4888'/>
		<totalScore value='58676'/>
	</enemy>

	<scoreRatio value='1.81546'/>
	<timeFitness value='0.621111'/>
	<unitsAverage value='92'/>
</results>
