<results>
	<result value='loss'/>
	<start value='2014-07-22.19:16:50'/>
	<end value='2014-07-22.19:16:57'/>
	<frames value='15719'/>
	<gameDuration value='982'/>

	<player>
		<unitScore value='1600'/>
		<killScore value='400'/>
		<buildingScore value='1375'/>
		<razingScore value='0'/>
		<mineralScore value='2986'/>
		<gasScore value='824'/>
		<totalScore value='7185'/>
	</player>

	<enemy>
		<race value='Terran'/>
		<unitScore value='5100'/>
		<unitScore value='5100'/>
		<killScore value='3200'/>
		<buildingScore value='1800'/>
		<razingScore value='4125'/>
		<mineralScore value='7258'/>
		<gasScore value='2064'/>
		<totalScore value='23547'/>
	</enemy>

	<scoreRatio value='0.305134'/>
</results>
