<results>
	<result value='win'/>
	<start value='2015-04-17.05:13:48'/>
	<end value='2015-04-17.05:14:20'/>
	<frames value='24771'/>
	<gameDuration value='1548'/>

	<player>
		<unitScore value='10425'/>
		<killScore value='10550'/>
		<buildingScore value='2625'/>
		<razingScore value='11850'/>
		<mineralScore value='14562'/>
		<gasScore value='2048'/>
		<totalScore value='52060'/>
	</player>

	<enemy>
		<race value='Protoss'/>
		<unitScore value='5625'/>
		<unitScore value='5625'/>
		<killScore value='7600'/>
		<buildingScore value='3950'/>
		<razingScore value='1200'/>
		<mineralScore value='10970'/>
		<gasScore value='3328'/>
		<totalScore value='32673'/>
	</enemy>

	<scoreRatio value='1.59336'/>
</results>
