<results>
	<result value='win'/>
	<start value='2014-07-12.18:28:11'/>
	<end value='2014-07-12.18:28:25'/>
	<frames value='21795'/>
	<gameDuration value='1362'/>

	<player>
		<unitScore value='11425'/>
		<killScore value='15700'/>
		<buildingScore value='3275'/>
		<razingScore value='4200'/>
		<mineralScore value='17754'/>
		<gasScore value='1920'/>
		<totalScore value='54274'/>
	</player>

	<enemy>
		<race value='Terran'/>
		<unitScore value='7850'/>
		<unitScore value='7850'/>
		<killScore value='8600'/>
		<buildingScore value='1400'/>
		<razingScore value='150'/>
		<mineralScore value='10346'/>
		<gasScore value='3056'/>
		<totalScore value='31402'/>
	</enemy>

	<scoreRatio value='1.72836'/>
</results>
