<results>
	<result value='win'/>
	<start value='2014-07-12.18:28:29'/>
	<end value='2014-07-12.18:29:03'/>
	<frames value='35776'/>
	<gameDuration value='2236'/>

	<player>
		<unitScore value='14200'/>
		<killScore value='30550'/>
		<buildingScore value='4000'/>
		<razingScore value='10575'/>
		<mineralScore value='25758'/>
		<gasScore value='3616'/>
		<totalScore value='88699'/>
	</player>

	<enemy>
		<race value='Terran'/>
		<unitScore value='16075'/>
		<unitScore value='16075'/>
		<killScore value='7900'/>
		<buildingScore value='3525'/>
		<razingScore value='3600'/>
		<mineralScore value='13634'/>
		<gasScore value='6408'/>
		<totalScore value='51142'/>
	</enemy>

	<scoreRatio value='1.73437'/>
</results>
