<results>
	<result value='loss'/>
	<start value='2014-07-12.18:31:53'/>
	<end value='2014-07-12.18:32:19'/>
	<frames value='46905'/>
	<gameDuration value='2931'/>

	<player>
		<unitScore value='12325'/>
		<killScore value='20350'/>
		<buildingScore value='3975'/>
		<razingScore value='1575'/>
		<mineralScore value='17114'/>
		<gasScore value='2960'/>
		<totalScore value='58299'/>
	</player>

	<enemy>
		<race value='Terran'/>
		<unitScore value='31925'/>
		<unitScore value='31925'/>
		<killScore value='24650'/>
		<buildingScore value='5525'/>
		<razingScore value='11925'/>
		<mineralScore value='24562'/>
		<gasScore value='14628'/>
		<totalScore value='113215'/>
	</enemy>

	<scoreRatio value='0.514941'/>
</results>
