<results>
	<result value='win'/>
	<start value='2014-07-12.18:32:21'/>
	<end value='2014-07-12.18:32:42'/>
	<frames value='24616'/>
	<gameDuration value='1538'/>

	<player>
		<unitScore value='13150'/>
		<killScore value='20950'/>
		<buildingScore value='4300'/>
		<razingScore value='8400'/>
		<mineralScore value='24754'/>
		<gasScore value='2224'/>
		<totalScore value='73778'/>
	</player>

	<enemy>
		<race value='Terran'/>
		<unitScore value='10775'/>
		<unitScore value='10775'/>
		<killScore value='6400'/>
		<buildingScore value='2800'/>
		<razingScore value='675'/>
		<mineralScore value='10042'/>
		<gasScore value='3848'/>
		<totalScore value='34540'/>
	</enemy>

	<scoreRatio value='2.13602'/>
</results>
