<results>
	<result value='loss'/>
	<start value='2014-07-12.18:36:27'/>
	<end value='2014-07-12.18:36:54'/>
	<frames value='48548'/>
	<gameDuration value='3034'/>

	<player>
		<unitScore value='12100'/>
		<killScore value='18950'/>
		<buildingScore value='2875'/>
		<razingScore value='2325'/>
		<mineralScore value='15650'/>
		<gasScore value='2976'/>
		<totalScore value='54876'/>
	</player>

	<enemy>
		<race value='Terran'/>
		<unitScore value='19600'/>
		<unitScore value='19600'/>
		<killScore value='24200'/>
		<buildingScore value='4700'/>
		<razingScore value='8775'/>
		<mineralScore value='27186'/>
		<gasScore value='9608'/>
		<totalScore value='94069'/>
	</enemy>

	<scoreRatio value='0.583359'/>
</results>
