<results>
	<result value='win'/>
	<start value='2015-05-03.14:54:19'/>
	<end value='2015-05-03.14:54:49'/>
	<frames value='31405'/>
	<gameDuration value='1962'/>

	<player>
		<unitScore value='19525'/>
		<killScore value='17300'/>
		<buildingScore value='3525'/>
		<razingScore value='13500'/>
		<mineralScore value='27994'/>
		<gasScore value='3184'/>
		<totalScore value='85028'/>
	</player>

	<enemy>
		<race value='Protoss'/>
		<unitScore value='8650'/>
		<unitScore value='8650'/>
		<killScore value='17000'/>
		<buildingScore value='4500'/>
		<razingScore value='0'/>
		<mineralScore value='20226'/>
		<gasScore value='1032'/>
		<totalScore value='51408'/>
	</enemy>

	<scoreRatio value='1.65398'/>
	<timeFitness value='0.7275'/>
	<unitsAverage value='103'/>
</results>
