<results>
	<result value='loss'/>
	<start value='2015-05-03.14:56:48'/>
	<end value='2015-05-03.14:56:56'/>
	<frames value='15781'/>
	<gameDuration value='986'/>

	<player>
		<unitScore value='3500'/>
		<killScore value='600'/>
		<buildingScore value='1475'/>
		<razingScore value='0'/>
		<mineralScore value='4938'/>
		<gasScore value='488'/>
		<totalScore value='11001'/>
	</player>

	<enemy>
		<race value='Protoss'/>
		<unitScore value='3550'/>
		<unitScore value='3550'/>
		<killScore value='7000'/>
		<buildingScore value='3225'/>
		<razingScore value='4425'/>
		<mineralScore value='8274'/>
		<gasScore value='1240'/>
		<totalScore value='27714'/>
	</enemy>

	<scoreRatio value='0.396947'/>
	<timeFitness value='0.136944'/>
	<unitsAverage value='23'/>
</results>
