<results>
	<result value='loss'/>
	<start value='2015-05-09.20:33:20'/>
	<end value='2015-05-09.20:33:31'/>
	<frames value='21082'/>
	<gameDuration value='1317'/>

	<player>
		<unitScore value='6975'/>
		<killScore value='4250'/>
		<buildingScore value='2100'/>
		<razingScore value='0'/>
		<mineralScore value='8810'/>
		<gasScore value='792'/>
		<totalScore value='22927'/>
	</player>

	<enemy>
		<race value='Protoss'/>
		<unitScore value='5875'/>
		<unitScore value='5875'/>
		<killScore value='13950'/>
		<buildingScore value='4225'/>
		<razingScore value='6300'/>
		<mineralScore value='10986'/>
		<gasScore value='2616'/>
		<totalScore value='43952'/>
	</enemy>

	<scoreRatio value='0.521637'/>
	<timeFitness value='0.182917'/>
	<unitsAverage value='34'/>
</results>
