<results>
	<result value='draw'/>
	<start value='2015-05-03.15:02:17'/>
	<end value='2015-05-03.15:03:00'/>
	<frames value='57601'/>
	<gameDuration value='3600'/>

	<player>
		<unitScore value='24300'/>
		<killScore value='44350'/>
		<buildingScore value='2275'/>
		<razingScore value='7875'/>
		<mineralScore value='25058'/>
		<gasScore value='5226'/>
		<totalScore value='109084'/>
	</player>

	<enemy>
		<race value='Protoss'/>
		<unitScore value='28800'/>
		<unitScore value='28800'/>
		<killScore value='45500'/>
		<buildingScore value='9500'/>
		<razingScore value='300'/>
		<mineralScore value='30890'/>
		<gasScore value='14292'/>
		<totalScore value='129282'/>
	</enemy>

	<scoreRatio value='0.843768'/>
	<timeFitness value='0.5'/>
	<unitsAverage value='74'/>
</results>
