<results>
	<result value='loss'/>
	<start value='2015-07-12.19:03:10'/>
	<end value='2015-07-12.19:03:19'/>
	<frames value='18695'/>
	<gameDuration value='1168'/>

	<player>
		<unitScore value='5225'/>
		<killScore value='2250'/>
		<buildingScore value='2000'/>
		<razingScore value='0'/>
		<mineralScore value='6386'/>
		<gasScore value='896'/>
		<totalScore value='16757'/>
	</player>

	<enemy>
		<race value='Terran'/>
		<unitScore value='7150'/>
		<killScore value='10450'/>
		<buildingScore value='2850'/>
		<razingScore value='6000'/>
		<mineralScore value='8634'/>
		<gasScore value='3040'/>
		<totalScore value='38124'/>
	</enemy>

	<scoreRatio value='0.439539'/>
	<timeFitness value='0.162222'/>
	<unitsAverage value='25'/>
</results>
