<results>
	<result value='win'/>
	<start value='2015-04-11.10:42:44'/>
	<end value='2015-04-11.10:43:34'/>
	<frames value='27127'/>
	<gameDuration value='1695'/>

	<player>
		<unitScore value='14850'/>
		<killScore value='11800'/>
		<buildingScore value='3900'/>
		<razingScore value='13050'/>
		<mineralScore value='24630'/>
		<gasScore value='2248'/>
		<totalScore value='70478'/>
	</player>

	<enemy>
		<race value='Protoss'/>
		<unitScore value='5900'/>
		<unitScore value='5900'/>
		<killScore value='7200'/>
		<buildingScore value='4350'/>
		<razingScore value='0'/>
		<mineralScore value='16418'/>
		<gasScore value='1952'/>
		<totalScore value='35820'/>
	</enemy>

	<scoreRatio value='1.96756'/>
</results>
