<results>
	<result value='loss'/>
	<start value='2015-04-12.14:56:52'/>
	<end value='2015-04-12.14:57:25'/>
	<frames value='31994'/>
	<gameDuration value='1999'/>

	<player>
		<unitScore value='9850'/>
		<killScore value='4800'/>
		<buildingScore value='2475'/>
		<razingScore value='0'/>
		<mineralScore value='12418'/>
		<gasScore value='1664'/>
		<totalScore value='31207'/>
	</player>

	<enemy>
		<race value='Protoss'/>
		<unitScore value='15975'/>
		<unitScore value='15975'/>
		<killScore value='19700'/>
		<buildingScore value='6825'/>
		<razingScore value='7425'/>
		<mineralScore value='21510'/>
		<gasScore value='7768'/>
		<totalScore value='79203'/>
	</enemy>

	<scoreRatio value='0.394013'/>
</results>
