<results>
	<result value='win'/>
	<start value='2015-05-09.00:50:29'/>
	<end value='2015-05-09.00:51:52'/>
	<frames value='49261'/>
	<gameDuration value='3078'/>

	<player>
		<unitScore value='23350'/>
		<killScore value='33600'/>
		<buildingScore value='5450'/>
		<razingScore value='14025'/>
		<mineralScore value='43126'/>
		<gasScore value='4812'/>
		<totalScore value='124363'/>
	</player>

	<enemy>
		<race value='Terran'/>
		<unitScore value='19375'/>
		<unitScore value='19375'/>
		<killScore value='20250'/>
		<buildingScore value='4675'/>
		<razingScore value='1575'/>
		<mineralScore value='16662'/>
		<gasScore value='8814'/>
		<totalScore value='71351'/>
	</enemy>

	<scoreRatio value='1.74297'/>
	<timeFitness value='0.5725'/>
	<unitsAverage value='136'/>
</results>
