<results>
	<result value='win'/>
	<start value='2015-04-28.02:35:34'/>
	<end value='2015-04-28.02:36:14'/>
	<frames value='27871'/>
	<gameDuration value='1741'/>

	<player>
		<unitScore value='14575'/>
		<killScore value='20890'/>
		<buildingScore value='4100'/>
		<razingScore value='7125'/>
		<mineralScore value='20158'/>
		<gasScore value='2696'/>
		<totalScore value='69544'/>
	</player>

	<enemy>
		<race value='Zerg'/>
		<unitScore value='10250'/>
		<unitScore value='10250'/>
		<killScore value='11000'/>
		<buildingScore value='2375'/>
		<razingScore value='1575'/>
		<mineralScore value='10610'/>
		<gasScore value='3352'/>
		<totalScore value='39162'/>
	</enemy>

	<scoreRatio value='1.7758'/>
</results>
