<results>
	<result value='win'/>
	<start value='2015-04-25.03:55:52'/>
	<end value='2015-04-25.03:56:28'/>
	<frames value='30785'/>
	<gameDuration value='1924'/>

	<player>
		<unitScore value='16850'/>
		<killScore value='32150'/>
		<buildingScore value='3625'/>
		<razingScore value='9000'/>
		<mineralScore value='29306'/>
		<gasScore value='2640'/>
		<totalScore value='93571'/>
	</player>

	<enemy>
		<race value='Terran'/>
		<unitScore value='16875'/>
		<unitScore value='16875'/>
		<killScore value='10850'/>
		<buildingScore value='3000'/>
		<razingScore value='0'/>
		<mineralScore value='14882'/>
		<gasScore value='6352'/>
		<totalScore value='51959'/>
	</enemy>

	<scoreRatio value='1.80086'/>
</results>
