<results>
	<result value='draw'/>
	<start value='2015-04-25.04:03:46'/>
	<end value='2015-04-25.04:04:32'/>
	<frames value='57601'/>
	<gameDuration value='3600'/>

	<player>
		<unitScore value='21925'/>
		<killScore value='37150'/>
		<buildingScore value='3150'/>
		<razingScore value='3900'/>
		<mineralScore value='24446'/>
		<gasScore value='8318'/>
		<totalScore value='98889'/>
	</player>

	<enemy>
		<race value='Terran'/>
		<unitScore value='26950'/>
		<unitScore value='26950'/>
		<killScore value='39200'/>
		<buildingScore value='5150'/>
		<razingScore value='4050'/>
		<mineralScore value='19486'/>
		<gasScore value='11390'/>
		<totalScore value='106226'/>
	</enemy>

	<scoreRatio value='0.93093'/>
</results>
