<results>
	<result value='loss'/>
	<start value='2015-04-25.04:06:50'/>
	<end value='2015-04-25.04:07:20'/>
	<frames value='46936'/>
	<gameDuration value='2933'/>

	<player>
		<unitScore value='10825'/>
		<killScore value='13000'/>
		<buildingScore value='2600'/>
		<razingScore value='0'/>
		<mineralScore value='14266'/>
		<gasScore value='3264'/>
		<totalScore value='43955'/>
	</player>

	<enemy>
		<race value='Terran'/>
		<unitScore value='22775'/>
		<unitScore value='22775'/>
		<killScore value='21650'/>
		<buildingScore value='4400'/>
		<razingScore value='7800'/>
		<mineralScore value='19550'/>
		<gasScore value='11248'/>
		<totalScore value='87423'/>
	</enemy>

	<scoreRatio value='0.502785'/>
</results>
