<results>
	<result value='loss'/>
	<start value='2015-07-18.02:50:36'/>
	<end value='2015-07-18.02:50:52'/>
	<frames value='19470'/>
	<gameDuration value='1216'/>

	<player>
		<unitScore value='3700'/>
		<killScore value='1800'/>
		<buildingScore value='1550'/>
		<razingScore value='0'/>
		<mineralScore value='4754'/>
		<gasScore value='664'/>
		<totalScore value='12468'/>
	</player>

	<enemy>
		<race value='Protoss'/>
		<unitScore value='3900'/>
		<killScore value='6550'/>
		<buildingScore value='5275'/>
		<razingScore value='4650'/>
		<mineralScore value='10986'/>
		<gasScore value='1952'/>
		<totalScore value='33313'/>
	</enemy>

	<scoreRatio value='0.374268'/>
	<timeFitness value='0.168889'/>
	<unitsAverage value='21'/>
</results>
