<results>
	<result value='loss'/>
	<start value='2015-07-18.03:04:11'/>
	<end value='2015-07-18.03:04:42'/>
	<frames value='31963'/>
	<gameDuration value='1997'/>

	<player>
		<unitScore value='15350'/>
		<killScore value='9300'/>
		<buildingScore value='1675'/>
		<razingScore value='0'/>
		<mineralScore value='12002'/>
		<gasScore value='3184'/>
		<totalScore value='41511'/>
	</player>

	<enemy>
		<race value='Protoss'/>
		<unitScore value='18050'/>
		<killScore value='30400'/>
		<buildingScore value='6875'/>
		<razingScore value='5025'/>
		<mineralScore value='20934'/>
		<gasScore value='8064'/>
		<totalScore value='89348'/>
	</enemy>

	<scoreRatio value='0.464599'/>
	<timeFitness value='0.277361'/>
	<unitsAverage value='37'/>
</results>
