<results>
	<result value='loss'/>
	<start value='2015-04-07.21:59:43'/>
	<end value='2015-04-07.21:59:50'/>
	<frames value='14262'/>
	<gameDuration value='891'/>

	<player>
		<unitScore value='3125'/>
		<killScore value='800'/>
		<buildingScore value='1050'/>
		<razingScore value='0'/>
		<mineralScore value='4882'/>
		<gasScore value='400'/>
		<totalScore value='10257'/>
	</player>

	<enemy>
		<race value='Protoss'/>
		<unitScore value='2850'/>
		<unitScore value='2850'/>
		<killScore value='6250'/>
		<buildingScore value='1275'/>
		<razingScore value='3150'/>
		<mineralScore value='7114'/>
		<gasScore value='1256'/>
		<totalScore value='21895'/>
	</enemy>

	<scoreRatio value='0.468463'/>
</results>
