<results>
	<result value='win'/>
	<start value='2015-04-28.03:06:34'/>
	<end value='2015-04-28.03:06:54'/>
	<frames value='32118'/>
	<gameDuration value='2007'/>

	<player>
		<unitScore value='13350'/>
		<killScore value='25300'/>
		<buildingScore value='3475'/>
		<razingScore value='12300'/>
		<mineralScore value='18858'/>
		<gasScore value='3192'/>
		<totalScore value='76475'/>
	</player>

	<enemy>
		<race value='Terran'/>
		<unitScore value='15000'/>
		<unitScore value='15000'/>
		<killScore value='11850'/>
		<buildingScore value='4100'/>
		<razingScore value='2250'/>
		<mineralScore value='13926'/>
		<gasScore value='6112'/>
		<totalScore value='53238'/>
	</enemy>

	<scoreRatio value='1.43647'/>
</results>
