<results>
	<result value='win'/>
	<start value='2015-04-08.00:46:50'/>
	<end value='2015-04-08.00:47:19'/>
	<frames value='30816'/>
	<gameDuration value='1926'/>

	<player>
		<unitScore value='15850'/>
		<killScore value='13700'/>
		<buildingScore value='3550'/>
		<razingScore value='18375'/>
		<mineralScore value='24314'/>
		<gasScore value='3104'/>
		<totalScore value='78893'/>
	</player>

	<enemy>
		<race value='Protoss'/>
		<unitScore value='7425'/>
		<unitScore value='7425'/>
		<killScore value='10050'/>
		<buildingScore value='6125'/>
		<razingScore value='0'/>
		<mineralScore value='12726'/>
		<gasScore value='2592'/>
		<totalScore value='38918'/>
	</enemy>

	<scoreRatio value='2.02716'/>
</results>
