<results>
	<result value='loss'/>
	<start value='2015-07-20.18:06:58'/>
	<end value='2015-07-20.18:07:18'/>
	<frames value='22725'/>
	<gameDuration value='1420'/>

	<player>
		<unitScore value='6625'/>
		<killScore value='2870'/>
		<buildingScore value='3125'/>
		<razingScore value='0'/>
		<mineralScore value='9650'/>
		<gasScore value='1216'/>
		<totalScore value='23486'/>
	</player>

	<enemy>
		<race value='Zerg'/>
		<unitScore value='8275'/>
		<killScore value='13450'/>
		<buildingScore value='2745'/>
		<razingScore value='9375'/>
		<mineralScore value='11962'/>
		<gasScore value='3288'/>
		<totalScore value='49095'/>
	</enemy>

	<scoreRatio value='0.478379'/>
	<timeFitness value='0.197222'/>
	<unitsAverage value='32'/>
</results>
