<results>
	<result value='win'/>
	<start value='2015-05-11.00:06:23'/>
	<end value='2015-05-11.00:06:45'/>
	<frames value='23066'/>
	<gameDuration value='1441'/>

	<player>
		<unitScore value='10600'/>
		<killScore value='22530'/>
		<buildingScore value='2900'/>
		<razingScore value='4560'/>
		<mineralScore value='17706'/>
		<gasScore value='2160'/>
		<totalScore value='60456'/>
	</player>

	<enemy>
		<race value='Zerg'/>
		<unitScore value='10025'/>
		<unitScore value='10025'/>
		<killScore value='7600'/>
		<buildingScore value='1520'/>
		<razingScore value='150'/>
		<mineralScore value='8730'/>
		<gasScore value='2664'/>
		<totalScore value='30689'/>
	</enemy>

	<scoreRatio value='1.96996'/>
	<timeFitness value='0.799861'/>
	<unitsAverage value='69'/>
</results>
