<results>
	<result value='win'/>
	<start value='2015-05-06.12:09:08'/>
	<end value='2015-05-06.12:09:47'/>
	<frames value='28925'/>
	<gameDuration value='1807'/>

	<player>
		<unitScore value='17800'/>
		<killScore value='28770'/>
		<buildingScore value='3775'/>
		<razingScore value='6495'/>
		<mineralScore value='22154'/>
		<gasScore value='1912'/>
		<totalScore value='80906'/>
	</player>

	<enemy>
		<race value='Zerg'/>
		<unitScore value='13200'/>
		<unitScore value='13200'/>
		<killScore value='15600'/>
		<buildingScore value='2165'/>
		<razingScore value='0'/>
		<mineralScore value='12614'/>
		<gasScore value='4120'/>
		<totalScore value='47699'/>
	</enemy>

	<scoreRatio value='1.69618'/>
	<timeFitness value='0.749028'/>
	<unitsAverage value='80'/>
</results>
