<results>
	<result value='win'/>
	<start value='2015-05-06.12:08:05'/>
	<end value='2015-05-06.12:08:31'/>
	<frames value='22198'/>
	<gameDuration value='1387'/>

	<player>
		<unitScore value='12050'/>
		<killScore value='20350'/>
		<buildingScore value='3025'/>
		<razingScore value='4560'/>
		<mineralScore value='16390'/>
		<gasScore value='1584'/>
		<totalScore value='57959'/>
	</player>

	<enemy>
		<race value='Zerg'/>
		<unitScore value='8875'/>
		<unitScore value='8875'/>
		<killScore value='10350'/>
		<buildingScore value='1520'/>
		<razingScore value='0'/>
		<mineralScore value='8450'/>
		<gasScore value='2344'/>
		<totalScore value='31539'/>
	</enemy>

	<scoreRatio value='1.83769'/>
	<timeFitness value='0.807361'/>
	<unitsAverage value='69'/>
</results>
