<results>
	<result value='win'/>
	<start value='2015-05-11.03:16:28'/>
	<end value='2015-05-11.03:17:02'/>
	<frames value='27344'/>
	<gameDuration value='1709'/>

	<player>
		<unitScore value='17375'/>
		<killScore value='32250'/>
		<buildingScore value='3375'/>
		<razingScore value='5280'/>
		<mineralScore value='25226'/>
		<gasScore value='2040'/>
		<totalScore value='85546'/>
	</player>

	<enemy>
		<race value='Zerg'/>
		<unitScore value='14775'/>
		<unitScore value='14775'/>
		<killScore value='14250'/>
		<buildingScore value='1760'/>
		<razingScore value='0'/>
		<mineralScore value='12462'/>
		<gasScore value='3920'/>
		<totalScore value='47167'/>
	</enemy>

	<scoreRatio value='1.81368'/>
	<timeFitness value='0.762639'/>
	<unitsAverage value='99'/>
</results>
