<results>
	<result value='win'/>
	<start value='2015-05-05.00:58:03'/>
	<end value='2015-05-05.00:59:06'/>
	<frames value='42534'/>
	<gameDuration value='2658'/>

	<player>
		<unitScore value='22650'/>
		<killScore value='39050'/>
		<buildingScore value='5125'/>
		<razingScore value='13050'/>
		<mineralScore value='26366'/>
		<gasScore value='6178'/>
		<totalScore value='112419'/>
	</player>

	<enemy>
		<race value='Terran'/>
		<unitScore value='23875'/>
		<unitScore value='23875'/>
		<killScore value='17100'/>
		<buildingScore value='4625'/>
		<razingScore value='4725'/>
		<mineralScore value='21794'/>
		<gasScore value='9096'/>
		<totalScore value='81215'/>
	</enemy>

	<scoreRatio value='1.38421'/>
	<timeFitness value='0.630833'/>
	<unitsAverage value='97'/>
</results>
