<results>
	<result value='win'/>
	<start value='2015-05-05.01:07:49'/>
	<end value='2015-05-05.01:09:03'/>
	<frames value='52082'/>
	<gameDuration value='3255'/>

	<player>
		<unitScore value='27550'/>
		<killScore value='35550'/>
		<buildingScore value='5375'/>
		<razingScore value='13050'/>
		<mineralScore value='38802'/>
		<gasScore value='6478'/>
		<totalScore value='126805'/>
	</player>

	<enemy>
		<race value='Terran'/>
		<unitScore value='17775'/>
		<unitScore value='17775'/>
		<killScore value='32850'/>
		<buildingScore value='4350'/>
		<razingScore value='4575'/>
		<mineralScore value='19818'/>
		<gasScore value='6566'/>
		<totalScore value='85934'/>
	</enemy>

	<scoreRatio value='1.47561'/>
	<timeFitness value='0.547917'/>
	<unitsAverage value='104'/>
</results>
