<results>
	<result value='loss'/>
	<start value='2015-05-05.22:28:59'/>
	<end value='2015-05-05.22:29:18'/>
	<frames value='38132'/>
	<gameDuration value='2383'/>

	<player>
		<unitScore value='12450'/>
		<killScore value='8350'/>
		<buildingScore value='2250'/>
		<razingScore value='0'/>
		<mineralScore value='13882'/>
		<gasScore value='2224'/>
		<totalScore value='39156'/>
	</player>

	<enemy>
		<race value='Protoss'/>
		<unitScore value='22575'/>
		<unitScore value='22575'/>
		<killScore value='24900'/>
		<buildingScore value='7075'/>
		<razingScore value='6750'/>
		<mineralScore value='24642'/>
		<gasScore value='9548'/>
		<totalScore value='95490'/>
	</enemy>

	<scoreRatio value='0.410053'/>
	<timeFitness value='0.330972'/>
	<unitsAverage value='41'/>
</results>
