<results>
	<result value='loss'/>
	<start value='2015-05-05.22:30:24'/>
	<end value='2015-05-05.22:30:52'/>
	<frames value='42224'/>
	<gameDuration value='2639'/>

	<player>
		<unitScore value='15800'/>
		<killScore value='15500'/>
		<buildingScore value='2300'/>
		<razingScore value='0'/>
		<mineralScore value='27886'/>
		<gasScore value='3576'/>
		<totalScore value='65062'/>
	</player>

	<enemy>
		<race value='Protoss'/>
		<unitScore value='24875'/>
		<unitScore value='24875'/>
		<killScore value='31450'/>
		<buildingScore value='7075'/>
		<razingScore value='6900'/>
		<mineralScore value='26114'/>
		<gasScore value='9574'/>
		<totalScore value='105988'/>
	</enemy>

	<scoreRatio value='0.613862'/>
	<timeFitness value='0.366528'/>
	<unitsAverage value='69'/>
</results>
