<results>
	<result value='win'/>
	<start value='2015-05-05.22:31:36'/>
	<end value='2015-05-05.22:31:59'/>
	<frames value='25453'/>
	<gameDuration value='1590'/>

	<player>
		<unitScore value='14750'/>
		<killScore value='15900'/>
		<buildingScore value='3800'/>
		<razingScore value='13050'/>
		<mineralScore value='21574'/>
		<gasScore value='1632'/>
		<totalScore value='70706'/>
	</player>

	<enemy>
		<race value='Protoss'/>
		<unitScore value='8300'/>
		<unitScore value='8300'/>
		<killScore value='9200'/>
		<buildingScore value='4350'/>
		<razingScore value='0'/>
		<mineralScore value='11306'/>
		<gasScore value='2944'/>
		<totalScore value='36100'/>
	</enemy>

	<scoreRatio value='1.95861'/>
	<timeFitness value='0.779167'/>
	<unitsAverage value='93'/>
</results>
