<results>
	<result value='loss'/>
	<start value='2015-05-05.22:36:12'/>
	<end value='2015-05-05.22:36:28'/>
	<frames value='34784'/>
	<gameDuration value='2174'/>

	<player>
		<unitScore value='9150'/>
		<killScore value='9100'/>
		<buildingScore value='2525'/>
		<razingScore value='0'/>
		<mineralScore value='12778'/>
		<gasScore value='2424'/>
		<totalScore value='35977'/>
	</player>

	<enemy>
		<race value='Protoss'/>
		<unitScore value='22200'/>
		<unitScore value='22200'/>
		<killScore value='18300'/>
		<buildingScore value='7225'/>
		<razingScore value='7575'/>
		<mineralScore value='24206'/>
		<gasScore value='9060'/>
		<totalScore value='88566'/>
	</enemy>

	<scoreRatio value='0.406217'/>
	<timeFitness value='0.301944'/>
	<unitsAverage value='33'/>
</results>
