<results>
	<result value='loss'/>
	<start value='2015-05-05.22:35:42'/>
	<end value='2015-05-05.22:36:00'/>
	<frames value='35125'/>
	<gameDuration value='2195'/>

	<player>
		<unitScore value='10250'/>
		<killScore value='13900'/>
		<buildingScore value='3125'/>
		<razingScore value='0'/>
		<mineralScore value='16670'/>
		<gasScore value='2848'/>
		<totalScore value='46793'/>
	</player>

	<enemy>
		<race value='Protoss'/>
		<unitScore value='22300'/>
		<unitScore value='22300'/>
		<killScore value='20500'/>
		<buildingScore value='6875'/>
		<razingScore value='9375'/>
		<mineralScore value='24730'/>
		<gasScore value='8796'/>
		<totalScore value='92576'/>
	</enemy>

	<scoreRatio value='0.505455'/>
	<timeFitness value='0.304861'/>
	<unitsAverage value='48'/>
</results>
