<results>
	<result value='loss'/>
	<start value='2015-05-05.22:40:27'/>
	<end value='2015-05-05.22:40:34'/>
	<frames value='16339'/>
	<gameDuration value='1021'/>

	<player>
		<unitScore value='4300'/>
		<killScore value='0'/>
		<buildingScore value='1750'/>
		<razingScore value='0'/>
		<mineralScore value='5882'/>
		<gasScore value='800'/>
		<totalScore value='12732'/>
	</player>

	<enemy>
		<race value='Protoss'/>
		<unitScore value='3550'/>
		<unitScore value='3550'/>
		<killScore value='8600'/>
		<buildingScore value='3975'/>
		<razingScore value='5250'/>
		<mineralScore value='8778'/>
		<gasScore value='1672'/>
		<totalScore value='31825'/>
	</enemy>

	<scoreRatio value='0.400063'/>
	<timeFitness value='0.141806'/>
	<unitsAverage value='23'/>
</results>
