<results>
	<result value='win'/>
	<start value='2015-05-05.22:42:35'/>
	<end value='2015-05-05.22:42:50'/>
	<frames value='25050'/>
	<gameDuration value='1565'/>

	<player>
		<unitScore value='10950'/>
		<killScore value='11500'/>
		<buildingScore value='3875'/>
		<razingScore value='10275'/>
		<mineralScore value='16842'/>
		<gasScore value='2200'/>
		<totalScore value='55642'/>
	</player>

	<enemy>
		<race value='Protoss'/>
		<unitScore value='5750'/>
		<unitScore value='5750'/>
		<killScore value='5450'/>
		<buildingScore value='3425'/>
		<razingScore value='1200'/>
		<mineralScore value='10082'/>
		<gasScore value='2808'/>
		<totalScore value='28715'/>
	</enemy>

	<scoreRatio value='1.93773'/>
	<timeFitness value='0.782639'/>
	<unitsAverage value='70'/>
</results>
