<results>
	<result value='win'/>
	<start value='2015-05-10.01:17:29'/>
	<end value='2015-05-10.01:18:46'/>
	<frames value='46471'/>
	<gameDuration value='2904'/>

	<player>
		<unitScore value='33375'/>
		<killScore value='45850'/>
		<buildingScore value='4825'/>
		<razingScore value='20100'/>
		<mineralScore value='38266'/>
		<gasScore value='7238'/>
		<totalScore value='149654'/>
	</player>

	<enemy>
		<race value='Protoss'/>
		<unitScore value='23975'/>
		<unitScore value='23975'/>
		<killScore value='41200'/>
		<buildingScore value='6700'/>
		<razingScore value='300'/>
		<mineralScore value='24466'/>
		<gasScore value='6864'/>
		<totalScore value='103505'/>
	</enemy>

	<scoreRatio value='1.44586'/>
	<timeFitness value='0.596667'/>
	<unitsAverage value='163'/>
</results>
