<results>
	<result value='win'/>
	<start value='2015-05-10.01:26:41'/>
	<end value='2015-05-10.01:27:43'/>
	<frames value='46254'/>
	<gameDuration value='2890'/>

	<player>
		<unitScore value='35450'/>
		<killScore value='51350'/>
		<buildingScore value='4300'/>
		<razingScore value='16875'/>
		<mineralScore value='39646'/>
		<gasScore value='4120'/>
		<totalScore value='151741'/>
	</player>

	<enemy>
		<race value='Protoss'/>
		<unitScore value='29875'/>
		<unitScore value='29875'/>
		<killScore value='51200'/>
		<buildingScore value='5625'/>
		<razingScore value='1500'/>
		<mineralScore value='18794'/>
		<gasScore value='9128'/>
		<totalScore value='116122'/>
	</enemy>

	<scoreRatio value='1.30674'/>
	<timeFitness value='0.598611'/>
	<unitsAverage value='140'/>
</results>
