<results>
	<result value='loss'/>
	<start value='2015-05-10.01:29:23'/>
	<end value='2015-05-10.01:29:32'/>
	<frames value='20028'/>
	<gameDuration value='1251'/>

	<player>
		<unitScore value='3700'/>
		<killScore value='2000'/>
		<buildingScore value='1675'/>
		<razingScore value='0'/>
		<mineralScore value='5778'/>
		<gasScore value='712'/>
		<totalScore value='13865'/>
	</player>

	<enemy>
		<race value='Protoss'/>
		<unitScore value='5150'/>
		<unitScore value='5150'/>
		<killScore value='7400'/>
		<buildingScore value='5175'/>
		<razingScore value='5025'/>
		<mineralScore value='11186'/>
		<gasScore value='2344'/>
		<totalScore value='36280'/>
	</enemy>

	<scoreRatio value='0.382166'/>
	<timeFitness value='0.17375'/>
	<unitsAverage value='23'/>
</results>
