<results>
	<result value='win'/>
	<start value='2015-05-17.00:23:57'/>
	<end value='2015-05-17.00:24:30'/>
	<frames value='29824'/>
	<gameDuration value='1864'/>

	<player>
		<unitScore value='17550'/>
		<killScore value='24695'/>
		<buildingScore value='3725'/>
		<razingScore value='7275'/>
		<mineralScore value='23114'/>
		<gasScore value='2264'/>
		<totalScore value='78623'/>
	</player>

	<enemy>
		<race value='Zerg'/>
		<unitScore value='11775'/>
		<unitScore value='11775'/>
		<killScore value='15150'/>
		<buildingScore value='2425'/>
		<razingScore value='0'/>
		<mineralScore value='11682'/>
		<gasScore value='4512'/>
		<totalScore value='45544'/>
	</enemy>

	<scoreRatio value='1.72631'/>
	<timeFitness value='0.741111'/>
	<unitsAverage value='89'/>
</results>
