<results>
	<result value='loss'/>
	<start value='2015-07-18.06:09:18'/>
	<end value='2015-07-18.06:10:38'/>
	<frames value='45045'/>
	<gameDuration value='2815'/>

	<player>
		<unitScore value='25675'/>
		<killScore value='11200'/>
		<buildingScore value='4825'/>
		<razingScore value='0'/>
		<mineralScore value='28206'/>
		<gasScore value='4928'/>
		<totalScore value='74834'/>
	</player>

	<enemy>
		<race value='Protoss'/>
		<unitScore value='26940'/>
		<killScore value='49750'/>
		<buildingScore value='7425'/>
		<razingScore value='14475'/>
		<mineralScore value='29946'/>
		<gasScore value='10596'/>
		<totalScore value='139132'/>
	</enemy>

	<scoreRatio value='0.537863'/>
	<timeFitness value='0.390972'/>
	<unitsAverage value='84'/>
</results>
