<results>
	<result value='loss'/>
	<start value='2015-07-18.06:10:46'/>
	<end value='2015-07-18.06:11:56'/>
	<frames value='51214'/>
	<gameDuration value='3200'/>

	<player>
		<unitScore value='22200'/>
		<killScore value='11550'/>
		<buildingScore value='3825'/>
		<razingScore value='0'/>
		<mineralScore value='24326'/>
		<gasScore value='5472'/>
		<totalScore value='67373'/>
	</player>

	<enemy>
		<race value='Protoss'/>
		<unitScore value='32495'/>
		<killScore value='43650'/>
		<buildingScore value='9125'/>
		<razingScore value='11475'/>
		<mineralScore value='33050'/>
		<gasScore value='13202'/>
		<totalScore value='142997'/>
	</enemy>

	<scoreRatio value='0.47115'/>
	<timeFitness value='0.444444'/>
	<unitsAverage value='85'/>
</results>
