<results>
	<result value='loss'/>
	<start value='2015-07-18.06:13:30'/>
	<end value='2015-07-18.06:15:15'/>
	<frames value='55957'/>
	<gameDuration value='3497'/>

	<player>
		<unitScore value='26700'/>
		<killScore value='11600'/>
		<buildingScore value='3675'/>
		<razingScore value='0'/>
		<mineralScore value='27250'/>
		<gasScore value='5314'/>
		<totalScore value='74539'/>
	</player>

	<enemy>
		<race value='Protoss'/>
		<unitScore value='34975'/>
		<killScore value='53400'/>
		<buildingScore value='8225'/>
		<razingScore value='11025'/>
		<mineralScore value='33406'/>
		<gasScore value='16216'/>
		<totalScore value='157247'/>
	</enemy>

	<scoreRatio value='0.474025'/>
	<timeFitness value='0.485694'/>
	<unitsAverage value='119'/>
</results>
