<results>
	<result value='loss'/>
	<start value='2015-04-17.01:51:35'/>
	<end value='2015-04-17.01:52:59'/>
	<frames value='56205'/>
	<gameDuration value='3512'/>

	<player>
		<unitScore value='21575'/>
		<killScore value='44650'/>
		<buildingScore value='2625'/>
		<razingScore value='6525'/>
		<mineralScore value='23774'/>
		<gasScore value='4568'/>
		<totalScore value='103717'/>
	</player>

	<enemy>
		<race value='Protoss'/>
		<unitScore value='29100'/>
		<unitScore value='29100'/>
		<killScore value='43150'/>
		<buildingScore value='8350'/>
		<razingScore value='7875'/>
		<mineralScore value='31982'/>
		<gasScore value='10510'/>
		<totalScore value='130967'/>
	</enemy>

	<scoreRatio value='0.791932'/>
</results>
