<results>
	<result value='win'/>
	<start value='2015-04-30.21:35:43'/>
	<end value='2015-04-30.21:36:20'/>
	<frames value='29576'/>
	<gameDuration value='1848'/>

	<player>
		<unitScore value='18325'/>
		<killScore value='32500'/>
		<buildingScore value='4125'/>
		<razingScore value='5040'/>
		<mineralScore value='25558'/>
		<gasScore value='1928'/>
		<totalScore value='87476'/>
	</player>

	<enemy>
		<race value='Zerg'/>
		<unitScore value='14325'/>
		<unitScore value='14325'/>
		<killScore value='17400'/>
		<buildingScore value='1680'/>
		<razingScore value='0'/>
		<mineralScore value='12622'/>
		<gasScore value='3768'/>
		<totalScore value='49795'/>
	</enemy>

	<scoreRatio value='1.75672'/>
	<timeFitness value='0.743333'/>
	<unitsAverage value='83'/>
</results>
