<results>
	<result value='win'/>
	<start value='2015-04-30.21:43:19'/>
	<end value='2015-04-30.21:43:49'/>
	<frames value='23438'/>
	<gameDuration value='1464'/>

	<player>
		<unitScore value='13225'/>
		<killScore value='20660'/>
		<buildingScore value='3425'/>
		<razingScore value='4635'/>
		<mineralScore value='21858'/>
		<gasScore value='2152'/>
		<totalScore value='65955'/>
	</player>

	<enemy>
		<race value='Zerg'/>
		<unitScore value='9850'/>
		<unitScore value='9850'/>
		<killScore value='8200'/>
		<buildingScore value='1545'/>
		<razingScore value='0'/>
		<mineralScore value='9554'/>
		<gasScore value='2832'/>
		<totalScore value='31981'/>
	</enemy>

	<scoreRatio value='2.06232'/>
	<timeFitness value='0.796667'/>
	<unitsAverage value='85'/>
</results>
