<results>
	<result value='win'/>
	<start value='2015-04-30.21:47:58'/>
	<end value='2015-04-30.21:48:41'/>
	<frames value='29762'/>
	<gameDuration value='1860'/>

	<player>
		<unitScore value='23325'/>
		<killScore value='35030'/>
		<buildingScore value='3875'/>
		<razingScore value='5940'/>
		<mineralScore value='31482'/>
		<gasScore value='2936'/>
		<totalScore value='102588'/>
	</player>

	<enemy>
		<race value='Zerg'/>
		<unitScore value='15200'/>
		<unitScore value='15200'/>
		<killScore value='27150'/>
		<buildingScore value='1980'/>
		<razingScore value='0'/>
		<mineralScore value='13558'/>
		<gasScore value='3792'/>
		<totalScore value='61680'/>
	</enemy>

	<scoreRatio value='1.66323'/>
	<timeFitness value='0.741667'/>
	<unitsAverage value='104'/>
</results>
