<results>
	<result value='loss'/>
	<start value='2015-04-11.06:57:10'/>
	<end value='2015-04-11.06:57:21'/>
	<frames value='14231'/>
	<gameDuration value='889'/>

	<player>
		<unitScore value='2700'/>
		<killScore value='800'/>
		<buildingScore value='1500'/>
		<razingScore value='0'/>
		<mineralScore value='4306'/>
		<gasScore value='688'/>
		<totalScore value='9994'/>
	</player>

	<enemy>
		<race value='Protoss'/>
		<unitScore value='3550'/>
		<unitScore value='3550'/>
		<killScore value='5300'/>
		<buildingScore value='2375'/>
		<razingScore value='4500'/>
		<mineralScore value='7434'/>
		<gasScore value='1248'/>
		<totalScore value='24407'/>
	</enemy>

	<scoreRatio value='0.409473'/>
</results>
