<results>
	<result value='loss'/>
	<start value='2015-04-28.00:14:29'/>
	<end value='2015-04-28.00:14:38'/>
	<frames value='19501'/>
	<gameDuration value='1218'/>

	<player>
		<unitScore value='5025'/>
		<killScore value='2750'/>
		<buildingScore value='1975'/>
		<razingScore value='0'/>
		<mineralScore value='7026'/>
		<gasScore value='1472'/>
		<totalScore value='18248'/>
	</player>

	<enemy>
		<race value='Terran'/>
		<unitScore value='7575'/>
		<unitScore value='7575'/>
		<killScore value='10050'/>
		<buildingScore value='2850'/>
		<razingScore value='5925'/>
		<mineralScore value='9178'/>
		<gasScore value='3368'/>
		<totalScore value='38946'/>
	</enemy>

	<scoreRatio value='0.468546'/>
</results>
