<results>
	<result value='loss'/>
	<start value='2015-05-09.07:08:29'/>
	<end value='2015-05-09.07:08:39'/>
	<frames value='18912'/>
	<gameDuration value='1182'/>

	<player>
		<unitScore value='3950'/>
		<killScore value='3050'/>
		<buildingScore value='1825'/>
		<razingScore value='0'/>
		<mineralScore value='6162'/>
		<gasScore value='880'/>
		<totalScore value='15867'/>
	</player>

	<enemy>
		<race value='Terran'/>
		<unitScore value='7575'/>
		<unitScore value='7575'/>
		<killScore value='7900'/>
		<buildingScore value='2850'/>
		<razingScore value='5475'/>
		<mineralScore value='8658'/>
		<gasScore value='3184'/>
		<totalScore value='35642'/>
	</enemy>

	<scoreRatio value='0.445177'/>
	<timeFitness value='0.164167'/>
	<unitsAverage value='31'/>
</results>
