<results>
	<result value='win'/>
	<start value='2015-05-09.07:08:43'/>
	<end value='2015-05-09.07:08:58'/>
	<frames value='21423'/>
	<gameDuration value='1338'/>

	<player>
		<unitScore value='8250'/>
		<killScore value='13200'/>
		<buildingScore value='2625'/>
		<razingScore value='6900'/>
		<mineralScore value='12050'/>
		<gasScore value='1824'/>
		<totalScore value='44849'/>
	</player>

	<enemy>
		<race value='Terran'/>
		<unitScore value='6650'/>
		<unitScore value='6650'/>
		<killScore value='7600'/>
		<buildingScore value='2300'/>
		<razingScore value='3075'/>
		<mineralScore value='8170'/>
		<gasScore value='2648'/>
		<totalScore value='30443'/>
	</enemy>

	<scoreRatio value='1.47321'/>
	<timeFitness value='0.814167'/>
	<unitsAverage value='54'/>
</results>
