<results>
	<result value='win'/>
	<start value='2015-05-04.07:41:21'/>
	<end value='2015-05-04.07:41:50'/>
	<frames value='26476'/>
	<gameDuration value='1654'/>

	<player>
		<unitScore value='15375'/>
		<killScore value='23750'/>
		<buildingScore value='4200'/>
		<razingScore value='8100'/>
		<mineralScore value='26722'/>
		<gasScore value='1976'/>
		<totalScore value='80123'/>
	</player>

	<enemy>
		<race value='Terran'/>
		<unitScore value='11875'/>
		<unitScore value='11875'/>
		<killScore value='7000'/>
		<buildingScore value='2850'/>
		<razingScore value='225'/>
		<mineralScore value='11238'/>
		<gasScore value='3912'/>
		<totalScore value='37100'/>
	</enemy>

	<scoreRatio value='2.15965'/>
	<timeFitness value='0.770278'/>
	<unitsAverage value='100'/>
</results>
