<results>
	<result value='win'/>
	<start value='2015-05-09.07:18:14'/>
	<end value='2015-05-09.07:18:48'/>
	<frames value='42782'/>
	<gameDuration value='2673'/>

	<player>
		<unitScore value='18275'/>
		<killScore value='28400'/>
		<buildingScore value='3025'/>
		<razingScore value='9750'/>
		<mineralScore value='21066'/>
		<gasScore value='3888'/>
		<totalScore value='84404'/>
	</player>

	<enemy>
		<race value='Terran'/>
		<unitScore value='14500'/>
		<unitScore value='14500'/>
		<killScore value='22900'/>
		<buildingScore value='3250'/>
		<razingScore value='1725'/>
		<mineralScore value='12050'/>
		<gasScore value='5456'/>
		<totalScore value='59881'/>
	</enemy>

	<scoreRatio value='1.40953'/>
	<timeFitness value='0.62875'/>
	<unitsAverage value='72'/>
</results>
