<results>
	<result value='loss'/>
	<start value='2015-05-09.07:19:40'/>
	<end value='2015-05-09.07:19:53'/>
	<frames value='21826'/>
	<gameDuration value='1364'/>

	<player>
		<unitScore value='8125'/>
		<killScore value='6900'/>
		<buildingScore value='2125'/>
		<razingScore value='1350'/>
		<mineralScore value='9066'/>
		<gasScore value='1216'/>
		<totalScore value='28782'/>
	</player>

	<enemy>
		<race value='Terran'/>
		<unitScore value='7875'/>
		<unitScore value='7875'/>
		<killScore value='16050'/>
		<buildingScore value='2750'/>
		<razingScore value='6375'/>
		<mineralScore value='9850'/>
		<gasScore value='3848'/>
		<totalScore value='46748'/>
	</enemy>

	<scoreRatio value='0.615684'/>
	<timeFitness value='0.189444'/>
	<unitsAverage value='38'/>
</results>
