<results>
	<result value='draw'/>
	<start value='2015-04-28.20:39:43'/>
	<end value='2015-04-28.20:42:17'/>
	<frames value='57601'/>
	<gameDuration value='3600'/>

	<player>
		<unitScore value='28125'/>
		<killScore value='30650'/>
		<buildingScore value='4650'/>
		<razingScore value='20100'/>
		<mineralScore value='37134'/>
		<gasScore value='7462'/>
		<totalScore value='128121'/>
	</player>

	<enemy>
		<race value='Protoss'/>
		<unitScore value='16250'/>
		<unitScore value='16250'/>
		<killScore value='32050'/>
		<buildingScore value='7100'/>
		<razingScore value='450'/>
		<mineralScore value='21666'/>
		<gasScore value='7248'/>
		<totalScore value='84764'/>
	</enemy>

	<scoreRatio value='1.5115'/>
</results>
