<results>
	<result value='loss'/>
	<start value='2015-04-28.20:54:45'/>
	<end value='2015-04-28.20:55:25'/>
	<frames value='35249'/>
	<gameDuration value='2203'/>

	<player>
		<unitScore value='7675'/>
		<killScore value='6600'/>
		<buildingScore value='2450'/>
		<razingScore value='1800'/>
		<mineralScore value='22794'/>
		<gasScore value='3256'/>
		<totalScore value='44575'/>
	</player>

	<enemy>
		<race value='Protoss'/>
		<unitScore value='17550'/>
		<unitScore value='17550'/>
		<killScore value='15450'/>
		<buildingScore value='7425'/>
		<razingScore value='7350'/>
		<mineralScore value='21050'/>
		<gasScore value='8056'/>
		<totalScore value='76881'/>
	</enemy>

	<scoreRatio value='0.579792'/>
</results>
