<results>
	<result value='win'/>
	<start value='2015-04-28.20:59:12'/>
	<end value='2015-04-28.21:00:17'/>
	<frames value='37016'/>
	<gameDuration value='2313'/>

	<player>
		<unitScore value='24100'/>
		<killScore value='43900'/>
		<buildingScore value='3575'/>
		<razingScore value='17925'/>
		<mineralScore value='31134'/>
		<gasScore value='3808'/>
		<totalScore value='124442'/>
	</player>

	<enemy>
		<race value='Protoss'/>
		<unitScore value='22500'/>
		<unitScore value='22500'/>
		<killScore value='26650'/>
		<buildingScore value='5975'/>
		<razingScore value='0'/>
		<mineralScore value='24918'/>
		<gasScore value='7128'/>
		<totalScore value='87171'/>
	</enemy>

	<scoreRatio value='1.42756'/>
</results>
