<results>
	<result value='win'/>
	<start value='2015-04-28.21:06:12'/>
	<end value='2015-04-28.21:07:03'/>
	<frames value='31591'/>
	<gameDuration value='1974'/>

	<player>
		<unitScore value='17075'/>
		<killScore value='15200'/>
		<buildingScore value='3725'/>
		<razingScore value='16500'/>
		<mineralScore value='27898'/>
		<gasScore value='2304'/>
		<totalScore value='82702'/>
	</player>

	<enemy>
		<race value='Protoss'/>
		<unitScore value='7600'/>
		<unitScore value='7600'/>
		<killScore value='12200'/>
		<buildingScore value='5500'/>
		<razingScore value='300'/>
		<mineralScore value='16442'/>
		<gasScore value='4424'/>
		<totalScore value='46466'/>
	</enemy>

	<scoreRatio value='1.77984'/>
</results>
