<results>
	<result value='loss'/>
	<start value='2015-04-28.02:29:44'/>
	<end value='2015-04-28.02:29:58'/>
	<frames value='18757'/>
	<gameDuration value='1172'/>

	<player>
		<unitScore value='4275'/>
		<killScore value='1800'/>
		<buildingScore value='2450'/>
		<razingScore value='0'/>
		<mineralScore value='6594'/>
		<gasScore value='1144'/>
		<totalScore value='16263'/>
	</player>

	<enemy>
		<race value='Protoss'/>
		<unitScore value='3925'/>
		<unitScore value='3925'/>
		<killScore value='8650'/>
		<buildingScore value='4225'/>
		<razingScore value='7350'/>
		<mineralScore value='9666'/>
		<gasScore value='2280'/>
		<totalScore value='36096'/>
	</enemy>

	<scoreRatio value='0.450549'/>
</results>
