<results>
	<result value='loss'/>
	<start value='2015-04-28.02:38:50'/>
	<end value='2015-04-28.02:39:55'/>
	<frames value='46099'/>
	<gameDuration value='2881'/>

	<player>
		<unitScore value='21775'/>
		<killScore value='28300'/>
		<buildingScore value='2675'/>
		<razingScore value='0'/>
		<mineralScore value='24018'/>
		<gasScore value='4936'/>
		<totalScore value='81704'/>
	</player>

	<enemy>
		<race value='Protoss'/>
		<unitScore value='36840'/>
		<unitScore value='36840'/>
		<killScore value='43750'/>
		<buildingScore value='7975'/>
		<razingScore value='8025'/>
		<mineralScore value='32710'/>
		<gasScore value='12158'/>
		<totalScore value='141458'/>
	</enemy>

	<scoreRatio value='0.577585'/>
</results>
