<results>
	<result value='loss'/>
	<start value='2015-04-12.16:22:59'/>
	<end value='2015-04-12.16:23:31'/>
	<frames value='41263'/>
	<gameDuration value='2578'/>

	<player>
		<unitScore value='18975'/>
		<killScore value='18850'/>
		<buildingScore value='2600'/>
		<razingScore value='300'/>
		<mineralScore value='23502'/>
		<gasScore value='3856'/>
		<totalScore value='68083'/>
	</player>

	<enemy>
		<race value='Protoss'/>
		<unitScore value='29375'/>
		<unitScore value='29375'/>
		<killScore value='37700'/>
		<buildingScore value='7775'/>
		<razingScore value='7800'/>
		<mineralScore value='28510'/>
		<gasScore value='11728'/>
		<totalScore value='122888'/>
	</enemy>

	<scoreRatio value='0.554025'/>
</results>
