<results>
	<result value='loss'/>
	<start value='2015-04-16.22:14:58'/>
	<end value='2015-04-16.22:15:12'/>
	<frames value='17052'/>
	<gameDuration value='1065'/>

	<player>
		<unitScore value='4850'/>
		<killScore value='1000'/>
		<buildingScore value='2075'/>
		<razingScore value='0'/>
		<mineralScore value='6818'/>
		<gasScore value='0'/>
		<totalScore value='14743'/>
	</player>

	<enemy>
		<race value='Protoss'/>
		<unitScore value='4100'/>
		<unitScore value='4100'/>
		<killScore value='9700'/>
		<buildingScore value='3325'/>
		<razingScore value='6225'/>
		<mineralScore value='8938'/>
		<gasScore value='1680'/>
		<totalScore value='33968'/>
	</enemy>

	<scoreRatio value='0.434026'/>
</results>
