<results>
	<result value='win'/>
	<start value='2015-05-06.16:27:31'/>
	<end value='2015-05-06.16:28:16'/>
	<frames value='40488'/>
	<gameDuration value='2530'/>

	<player>
		<unitScore value='28675'/>
		<killScore value='54250'/>
		<buildingScore value='3575'/>
		<razingScore value='19650'/>
		<mineralScore value='31810'/>
		<gasScore value='4968'/>
		<totalScore value='142928'/>
	</player>

	<enemy>
		<race value='Protoss'/>
		<unitScore value='29175'/>
		<unitScore value='29175'/>
		<killScore value='41450'/>
		<buildingScore value='6550'/>
		<razingScore value='0'/>
		<mineralScore value='27330'/>
		<gasScore value='9310'/>
		<totalScore value='113815'/>
	</enemy>

	<scoreRatio value='1.25579'/>
	<timeFitness value='0.648611'/>
	<unitsAverage value='125'/>
</results>
