<results>
	<result value='win'/>
	<start value='2015-05-06.16:33:56'/>
	<end value='2015-05-06.16:34:37'/>
	<frames value='38039'/>
	<gameDuration value='2377'/>

	<player>
		<unitScore value='28125'/>
		<killScore value='27250'/>
		<buildingScore value='4400'/>
		<razingScore value='20700'/>
		<mineralScore value='32794'/>
		<gasScore value='3568'/>
		<totalScore value='116837'/>
	</player>

	<enemy>
		<race value='Protoss'/>
		<unitScore value='14425'/>
		<unitScore value='14425'/>
		<killScore value='33200'/>
		<buildingScore value='6900'/>
		<razingScore value='150'/>
		<mineralScore value='20858'/>
		<gasScore value='6760'/>
		<totalScore value='82293'/>
	</enemy>

	<scoreRatio value='1.41977'/>
	<timeFitness value='0.669861'/>
	<unitsAverage value='116'/>
</results>
