<results>
	<result value='loss'/>
	<start value='2015-05-06.16:49:07'/>
	<end value='2015-05-06.16:49:14'/>
	<frames value='15161'/>
	<gameDuration value='947'/>

	<player>
		<unitScore value='2250'/>
		<killScore value='1300'/>
		<buildingScore value='1725'/>
		<razingScore value='0'/>
		<mineralScore value='4186'/>
		<gasScore value='520'/>
		<totalScore value='9981'/>
	</player>

	<enemy>
		<race value='Protoss'/>
		<unitScore value='3350'/>
		<unitScore value='3350'/>
		<killScore value='4500'/>
		<buildingScore value='2625'/>
		<razingScore value='5175'/>
		<mineralScore value='7786'/>
		<gasScore value='1272'/>
		<totalScore value='24708'/>
	</enemy>

	<scoreRatio value='0.403958'/>
	<timeFitness value='0.131528'/>
	<unitsAverage value='20'/>
</results>
