<results>
	<result value='win'/>
	<start value='2015-04-10.20:21:58'/>
	<end value='2015-04-10.20:23:35'/>
	<frames value='42007'/>
	<gameDuration value='2625'/>

	<player>
		<unitScore value='32550'/>
		<killScore value='33800'/>
		<buildingScore value='4800'/>
		<razingScore value='17325'/>
		<mineralScore value='37038'/>
		<gasScore value='2896'/>
		<totalScore value='128409'/>
	</player>

	<enemy>
		<race value='Protoss'/>
		<unitScore value='18525'/>
		<unitScore value='18525'/>
		<killScore value='39850'/>
		<buildingScore value='5775'/>
		<razingScore value='450'/>
		<mineralScore value='17914'/>
		<gasScore value='6080'/>
		<totalScore value='88594'/>
	</enemy>

	<scoreRatio value='1.44941'/>
</results>
