<results>
	<result value='win'/>
	<start value='2015-05-03.19:07:02'/>
	<end value='2015-05-03.19:07:25'/>
	<frames value='27034'/>
	<gameDuration value='1689'/>

	<player>
		<unitScore value='13425'/>
		<killScore value='22150'/>
		<buildingScore value='3650'/>
		<razingScore value='8925'/>
		<mineralScore value='23926'/>
		<gasScore value='1872'/>
		<totalScore value='73948'/>
	</player>

	<enemy>
		<race value='Terran'/>
		<unitScore value='12875'/>
		<unitScore value='12875'/>
		<killScore value='8350'/>
		<buildingScore value='2975'/>
		<razingScore value='1575'/>
		<mineralScore value='12234'/>
		<gasScore value='5512'/>
		<totalScore value='43521'/>
	</enemy>

	<scoreRatio value='1.69913'/>
	<timeFitness value='0.765417'/>
	<unitsAverage value='81'/>
</results>
