<results>
	<result value='win'/>
	<start value='2015-05-10.23:55:24'/>
	<end value='2015-05-10.23:55:42'/>
	<frames value='23686'/>
	<gameDuration value='1480'/>

	<player>
		<unitScore value='11750'/>
		<killScore value='20760'/>
		<buildingScore value='2475'/>
		<razingScore value='3660'/>
		<mineralScore value='15158'/>
		<gasScore value='2400'/>
		<totalScore value='56203'/>
	</player>

	<enemy>
		<race value='Zerg'/>
		<unitScore value='9625'/>
		<unitScore value='9625'/>
		<killScore value='10100'/>
		<buildingScore value='1220'/>
		<razingScore value='0'/>
		<mineralScore value='8690'/>
		<gasScore value='2376'/>
		<totalScore value='32011'/>
	</enemy>

	<scoreRatio value='1.75574'/>
	<timeFitness value='0.794444'/>
	<unitsAverage value='60'/>
</results>
