<results>
	<result value='win'/>
	<start value='2015-05-11.10:57:32'/>
	<end value='2015-05-11.10:58:20'/>
	<frames value='31095'/>
	<gameDuration value='1943'/>

	<player>
		<unitScore value='22125'/>
		<killScore value='25285'/>
		<buildingScore value='4100'/>
		<razingScore value='8010'/>
		<mineralScore value='26274'/>
		<gasScore value='4088'/>
		<totalScore value='89882'/>
	</player>

	<enemy>
		<race value='Zerg'/>
		<unitScore value='12550'/>
		<unitScore value='12550'/>
		<killScore value='20350'/>
		<buildingScore value='2670'/>
		<razingScore value='1575'/>
		<mineralScore value='13846'/>
		<gasScore value='4304'/>
		<totalScore value='55295'/>
	</enemy>

	<scoreRatio value='1.6255'/>
	<timeFitness value='0.730139'/>
	<unitsAverage value='97'/>
</results>
