<results>
	<result value='loss'/>
	<start value='2015-04-14.05:52:14'/>
	<end value='2015-04-14.05:52:21'/>
	<frames value='15967'/>
	<gameDuration value='997'/>

	<player>
		<unitScore value='3350'/>
		<killScore value='600'/>
		<buildingScore value='1225'/>
		<razingScore value='0'/>
		<mineralScore value='4810'/>
		<gasScore value='760'/>
		<totalScore value='10745'/>
	</player>

	<enemy>
		<race value='Protoss'/>
		<unitScore value='3600'/>
		<unitScore value='3600'/>
		<killScore value='6700'/>
		<buildingScore value='3725'/>
		<razingScore value='3675'/>
		<mineralScore value='8386'/>
		<gasScore value='1368'/>
		<totalScore value='27454'/>
	</enemy>

	<scoreRatio value='0.391382'/>
</results>
