<results>
	<result value='loss'/>
	<start value='2015-05-04.06:45:25'/>
	<end value='2015-05-04.06:45:37'/>
	<frames value='14510'/>
	<gameDuration value='906'/>

	<player>
		<unitScore value='2500'/>
		<killScore value='1000'/>
		<buildingScore value='1500'/>
		<razingScore value='0'/>
		<mineralScore value='4010'/>
		<gasScore value='696'/>
		<totalScore value='9706'/>
	</player>

	<enemy>
		<race value='Protoss'/>
		<unitScore value='3550'/>
		<unitScore value='3550'/>
		<killScore value='5000'/>
		<buildingScore value='2475'/>
		<razingScore value='4500'/>
		<mineralScore value='7674'/>
		<gasScore value='1312'/>
		<totalScore value='24511'/>
	</enemy>

	<scoreRatio value='0.395985'/>
	<timeFitness value='0.125833'/>
	<unitsAverage value='19'/>
</results>
