<results>
	<result value='draw'/>
	<start value='2015-05-04.06:51:16'/>
	<end value='2015-05-04.06:52:13'/>
	<frames value='57601'/>
	<gameDuration value='3600'/>

	<player>
		<unitScore value='12425'/>
		<killScore value='18200'/>
		<buildingScore value='1525'/>
		<razingScore value='20100'/>
		<mineralScore value='13738'/>
		<gasScore value='5018'/>
		<totalScore value='71006'/>
	</player>

	<enemy>
		<race value='Protoss'/>
		<unitScore value='9500'/>
		<unitScore value='9500'/>
		<killScore value='20750'/>
		<buildingScore value='9625'/>
		<razingScore value='600'/>
		<mineralScore value='24582'/>
		<gasScore value='5760'/>
		<totalScore value='70817'/>
	</enemy>

	<scoreRatio value='1.00267'/>
	<timeFitness value='0.5'/>
	<unitsAverage value='45'/>
</results>
