<results>
	<result value='loss'/>
	<start value='2015-05-04.07:00:45'/>
	<end value='2015-05-04.07:01:38'/>
	<frames value='47959'/>
	<gameDuration value='2997'/>

	<player>
		<unitScore value='12225'/>
		<killScore value='21200'/>
		<buildingScore value='1525'/>
		<razingScore value='8625'/>
		<mineralScore value='13386'/>
		<gasScore value='4712'/>
		<totalScore value='61673'/>
	</player>

	<enemy>
		<race value='Protoss'/>
		<unitScore value='24300'/>
		<unitScore value='24300'/>
		<killScore value='24450'/>
		<buildingScore value='10100'/>
		<razingScore value='4575'/>
		<mineralScore value='30518'/>
		<gasScore value='8472'/>
		<totalScore value='102415'/>
	</enemy>

	<scoreRatio value='0.602187'/>
	<timeFitness value='0.41625'/>
	<unitsAverage value='50'/>
</results>
