<results>
	<result value='win'/>
	<start value='2015-05-04.07:06:00'/>
	<end value='2015-05-04.07:07:04'/>
	<frames value='29979'/>
	<gameDuration value='1873'/>

	<player>
		<unitScore value='23075'/>
		<killScore value='21450'/>
		<buildingScore value='4150'/>
		<razingScore value='13125'/>
		<mineralScore value='26962'/>
		<gasScore value='2944'/>
		<totalScore value='91706'/>
	</player>

	<enemy>
		<race value='Protoss'/>
		<unitScore value='11775'/>
		<unitScore value='11775'/>
		<killScore value='21450'/>
		<buildingScore value='4375'/>
		<razingScore value='0'/>
		<mineralScore value='18770'/>
		<gasScore value='3744'/>
		<totalScore value='60114'/>
	</enemy>

	<scoreRatio value='1.52553'/>
	<timeFitness value='0.739861'/>
	<unitsAverage value='111'/>
</results>
