<results>
	<result value='loss'/>
	<start value='2015-05-04.07:43:20'/>
	<end value='2015-05-04.07:44:37'/>
	<frames value='52671'/>
	<gameDuration value='3291'/>

	<player>
		<unitScore value='23525'/>
		<killScore value='57350'/>
		<buildingScore value='2425'/>
		<razingScore value='1950'/>
		<mineralScore value='24066'/>
		<gasScore value='5042'/>
		<totalScore value='114358'/>
	</player>

	<enemy>
		<race value='Protoss'/>
		<unitScore value='44375'/>
		<unitScore value='44375'/>
		<killScore value='47050'/>
		<buildingScore value='7775'/>
		<razingScore value='7275'/>
		<mineralScore value='35950'/>
		<gasScore value='14094'/>
		<totalScore value='156519'/>
	</enemy>

	<scoreRatio value='0.730633'/>
	<timeFitness value='0.457083'/>
	<unitsAverage value='70'/>
</results>
