<results>
	<result value='win'/>
	<start value='2015-05-04.07:42:19'/>
	<end value='2015-05-04.07:43:16'/>
	<frames value='35590'/>
	<gameDuration value='2224'/>

	<player>
		<unitScore value='19425'/>
		<killScore value='25000'/>
		<buildingScore value='4325'/>
		<razingScore value='19425'/>
		<mineralScore value='24258'/>
		<gasScore value='2280'/>
		<totalScore value='94713'/>
	</player>

	<enemy>
		<race value='Protoss'/>
		<unitScore value='13875'/>
		<unitScore value='13875'/>
		<killScore value='18500'/>
		<buildingScore value='6475'/>
		<razingScore value='1350'/>
		<mineralScore value='16118'/>
		<gasScore value='3816'/>
		<totalScore value='60134'/>
	</enemy>

	<scoreRatio value='1.57503'/>
	<timeFitness value='0.691111'/>
	<unitsAverage value='83'/>
</results>
