<results>
	<result value='loss'/>
	<start value='2015-04-07.22:57:24'/>
	<end value='2015-04-07.22:57:35'/>
	<frames value='18664'/>
	<gameDuration value='1166'/>

	<player>
		<unitScore value='4100'/>
		<killScore value='2800'/>
		<buildingScore value='1550'/>
		<razingScore value='450'/>
		<mineralScore value='6322'/>
		<gasScore value='1064'/>
		<totalScore value='16286'/>
	</player>

	<enemy>
		<race value='Protoss'/>
		<unitScore value='4600'/>
		<unitScore value='4600'/>
		<killScore value='8200'/>
		<buildingScore value='4675'/>
		<razingScore value='4650'/>
		<mineralScore value='10378'/>
		<gasScore value='1944'/>
		<totalScore value='34447'/>
	</enemy>

	<scoreRatio value='0.472784'/>
</results>
