<results>
	<result value='loss'/>
	<start value='2015-04-07.23:00:08'/>
	<end value='2015-04-07.23:00:16'/>
	<frames value='16432'/>
	<gameDuration value='1027'/>

	<player>
		<unitScore value='3600'/>
		<killScore value='1600'/>
		<buildingScore value='1225'/>
		<razingScore value='0'/>
		<mineralScore value='5010'/>
		<gasScore value='728'/>
		<totalScore value='12163'/>
	</player>

	<enemy>
		<race value='Protoss'/>
		<unitScore value='4050'/>
		<unitScore value='4050'/>
		<killScore value='7200'/>
		<buildingScore value='3175'/>
		<razingScore value='3675'/>
		<mineralScore value='8242'/>
		<gasScore value='1872'/>
		<totalScore value='28214'/>
	</enemy>

	<scoreRatio value='0.431098'/>
</results>
