<results>
	<result value='win'/>
	<start value='2015-04-13.22:00:53'/>
	<end value='2015-04-13.22:01:41'/>
	<frames value='51803'/>
	<gameDuration value='3237'/>

	<player>
		<unitScore value='31475'/>
		<killScore value='53600'/>
		<buildingScore value='3300'/>
		<razingScore value='19875'/>
		<mineralScore value='33386'/>
		<gasScore value='6912'/>
		<totalScore value='148548'/>
	</player>

	<enemy>
		<race value='Protoss'/>
		<unitScore value='27350'/>
		<unitScore value='27350'/>
		<killScore value='49650'/>
		<buildingScore value='6625'/>
		<razingScore value='750'/>
		<mineralScore value='25578'/>
		<gasScore value='8704'/>
		<totalScore value='118657'/>
	</enemy>

	<scoreRatio value='1.25191'/>
</results>
