<results>
	<result value='loss'/>
	<start value='2015-04-13.22:05:54'/>
	<end value='2015-04-13.22:06:04'/>
	<frames value='19439'/>
	<gameDuration value='1214'/>

	<player>
		<unitScore value='5425'/>
		<killScore value='1400'/>
		<buildingScore value='1825'/>
		<razingScore value='0'/>
		<mineralScore value='7946'/>
		<gasScore value='1256'/>
		<totalScore value='17852'/>
	</player>

	<enemy>
		<race value='Protoss'/>
		<unitScore value='5075'/>
		<unitScore value='5075'/>
		<killScore value='10750'/>
		<buildingScore value='4375'/>
		<razingScore value='5475'/>
		<mineralScore value='10282'/>
		<gasScore value='2736'/>
		<totalScore value='38693'/>
	</enemy>

	<scoreRatio value='0.461375'/>
</results>
