<results>
	<result value='loss'/>
	<start value='2014-07-22.20:21:32'/>
	<end value='2014-07-22.20:21:43'/>
	<frames value='19563'/>
	<gameDuration value='1222'/>

	<player>
		<unitScore value='6400'/>
		<killScore value='2150'/>
		<buildingScore value='1825'/>
		<razingScore value='0'/>
		<mineralScore value='9194'/>
		<gasScore value='1520'/>
		<totalScore value='21089'/>
	</player>

	<enemy>
		<race value='Terran'/>
		<unitScore value='7400'/>
		<unitScore value='7400'/>
		<killScore value='12800'/>
		<buildingScore value='2900'/>
		<razingScore value='5475'/>
		<mineralScore value='9162'/>
		<gasScore value='3024'/>
		<totalScore value='40761'/>
	</enemy>

	<scoreRatio value='0.517382'/>
</results>
