<results>
	<result value='loss'/>
	<start value='2015-07-20.17:22:27'/>
	<end value='2015-07-20.17:22:57'/>
	<frames value='29142'/>
	<gameDuration value='1821'/>

	<player>
		<unitScore value='17000'/>
		<killScore value='11000'/>
		<buildingScore value='3500'/>
		<razingScore value='0'/>
		<mineralScore value='23386'/>
		<gasScore value='2664'/>
		<totalScore value='57550'/>
	</player>

	<enemy>
		<race value='Zerg'/>
		<unitScore value='15900'/>
		<killScore value='34000'/>
		<buildingScore value='3150'/>
		<razingScore value='10500'/>
		<mineralScore value='17474'/>
		<gasScore value='5392'/>
		<totalScore value='86416'/>
	</enemy>

	<scoreRatio value='0.665965'/>
	<timeFitness value='0.252917'/>
	<unitsAverage value='62'/>
</results>
