<results>
	<result value='win'/>
	<start value='2015-05-11.08:00:02'/>
	<end value='2015-05-11.08:01:16'/>
	<frames value='37729'/>
	<gameDuration value='2358'/>

	<player>
		<unitScore value='24700'/>
		<killScore value='47580'/>
		<buildingScore value='4225'/>
		<razingScore value='6495'/>
		<mineralScore value='29674'/>
		<gasScore value='4072'/>
		<totalScore value='116746'/>
	</player>

	<enemy>
		<race value='Zerg'/>
		<unitScore value='21925'/>
		<unitScore value='21925'/>
		<killScore value='30600'/>
		<buildingScore value='2165'/>
		<razingScore value='2550'/>
		<mineralScore value='17338'/>
		<gasScore value='5358'/>
		<totalScore value='79936'/>
	</enemy>

	<scoreRatio value='1.46049'/>
	<timeFitness value='0.6725'/>
	<unitsAverage value='103'/>
</results>
