<results>
	<result value='win'/>
	<start value='2015-05-11.08:06:31'/>
	<end value='2015-05-11.08:07:20'/>
	<frames value='26104'/>
	<gameDuration value='1631'/>

	<player>
		<unitScore value='16450'/>
		<killScore value='18840'/>
		<buildingScore value='4725'/>
		<razingScore value='5460'/>
		<mineralScore value='22854'/>
		<gasScore value='1968'/>
		<totalScore value='70297'/>
	</player>

	<enemy>
		<race value='Zerg'/>
		<unitScore value='9050'/>
		<unitScore value='9050'/>
		<killScore value='11500'/>
		<buildingScore value='1820'/>
		<razingScore value='0'/>
		<mineralScore value='8938'/>
		<gasScore value='3016'/>
		<totalScore value='34324'/>
	</enemy>

	<scoreRatio value='2.04804'/>
	<timeFitness value='0.773472'/>
	<unitsAverage value='96'/>
</results>
