<results>
	<result value='win'/>
	<start value='2015-05-10.22:40:15'/>
	<end value='2015-05-10.22:40:50'/>
	<frames value='29421'/>
	<gameDuration value='1838'/>

	<player>
		<unitScore value='17100'/>
		<killScore value='24400'/>
		<buildingScore value='4550'/>
		<razingScore value='5460'/>
		<mineralScore value='35770'/>
		<gasScore value='2424'/>
		<totalScore value='89704'/>
	</player>

	<enemy>
		<race value='Zerg'/>
		<unitScore value='11700'/>
		<unitScore value='11700'/>
		<killScore value='11350'/>
		<buildingScore value='1820'/>
		<razingScore value='0'/>
		<mineralScore value='10850'/>
		<gasScore value='3848'/>
		<totalScore value='39568'/>
	</enemy>

	<scoreRatio value='2.26708'/>
	<timeFitness value='0.744722'/>
	<unitsAverage value='118'/>
</results>
