<results>
	<result value='loss'/>
	<start value='2015-07-18.02:02:54'/>
	<end value='2015-07-18.02:03:08'/>
	<frames value='17114'/>
	<gameDuration value='1069'/>

	<player>
		<unitScore value='4450'/>
		<killScore value='1100'/>
		<buildingScore value='2000'/>
		<razingScore value='0'/>
		<mineralScore value='5722'/>
		<gasScore value='776'/>
		<totalScore value='14048'/>
	</player>

	<enemy>
		<race value='Terran'/>
		<unitScore value='5825'/>
		<killScore value='8900'/>
		<buildingScore value='2225'/>
		<razingScore value='6000'/>
		<mineralScore value='7762'/>
		<gasScore value='2520'/>
		<totalScore value='33232'/>
	</enemy>

	<scoreRatio value='0.422725'/>
	<timeFitness value='0.148472'/>
	<unitsAverage value='26'/>
</results>
