<results>
	<result value='win'/>
	<start value='2014-07-23.22:46:49'/>
	<end value='2014-07-23.22:47:21'/>
	<frames value='29762'/>
	<gameDuration value='1860'/>

	<player>
		<unitScore value='20750'/>
		<killScore value='27100'/>
		<buildingScore value='4225'/>
		<razingScore value='7050'/>
		<mineralScore value='33394'/>
		<gasScore value='3016'/>
		<totalScore value='95535'/>
	</player>

	<enemy>
		<race value='Terran'/>
		<unitScore value='13550'/>
		<unitScore value='13550'/>
		<killScore value='17450'/>
		<buildingScore value='2350'/>
		<razingScore value='0'/>
		<mineralScore value='12050'/>
		<gasScore value='4792'/>
		<totalScore value='50192'/>
	</enemy>

	<scoreRatio value='1.90339'/>
</results>
