<results>
	<result value='win'/>
	<start value='2014-07-01.12:39:36'/>
	<end value='2014-07-01.12:40:05'/>
	<frames value='32242'/>
	<gameDuration value='2015'/>

	<player>
		<unitScore value='16450'/>
		<killScore value='22900'/>
		<buildingScore value='4175'/>
		<razingScore value='19500'/>
		<mineralScore value='23034'/>
		<gasScore value='3064'/>
		<totalScore value='89123'/>
	</player>

	<enemy>
		<race value='Protoss'/>
		<unitScore value='12425'/>
		<unitScore value='12425'/>
		<killScore value='13950'/>
		<buildingScore value='6500'/>
		<razingScore value='150'/>
		<mineralScore value='15594'/>
		<gasScore value='4448'/>
		<totalScore value='53067'/>
	</enemy>

	<scoreRatio value='1.67944'/>
</results>
