<results>
	<result value='win'/>
	<start value='2014-07-01.12:43:47'/>
	<end value='2014-07-01.12:44:23'/>
	<frames value='35838'/>
	<gameDuration value='2239'/>

	<player>
		<unitScore value='27900'/>
		<killScore value='38100'/>
		<buildingScore value='3275'/>
		<razingScore value='18075'/>
		<mineralScore value='30810'/>
		<gasScore value='2976'/>
		<totalScore value='121136'/>
	</player>

	<enemy>
		<race value='Protoss'/>
		<unitScore value='19275'/>
		<unitScore value='19275'/>
		<killScore value='37900'/>
		<buildingScore value='6025'/>
		<razingScore value='0'/>
		<mineralScore value='21642'/>
		<gasScore value='5928'/>
		<totalScore value='90770'/>
	</enemy>

	<scoreRatio value='1.33454'/>
</results>
