<results>
	<result value='loss'/>
	<start value='2015-04-11.17:49:58'/>
	<end value='2015-04-11.17:51:08'/>
	<frames value='47804'/>
	<gameDuration value='2987'/>

	<player>
		<unitScore value='23375'/>
		<killScore value='36150'/>
		<buildingScore value='2825'/>
		<razingScore value='1500'/>
		<mineralScore value='23954'/>
		<gasScore value='4792'/>
		<totalScore value='92596'/>
	</player>

	<enemy>
		<race value='Protoss'/>
		<unitScore value='37525'/>
		<unitScore value='37525'/>
		<killScore value='46500'/>
		<buildingScore value='7525'/>
		<razingScore value='8475'/>
		<mineralScore value='32030'/>
		<gasScore value='12464'/>
		<totalScore value='144519'/>
	</enemy>

	<scoreRatio value='0.640719'/>
</results>
