<results>
	<result value='loss'/>
	<start value='2015-07-13.23:57:52'/>
	<end value='2015-07-13.23:57:58'/>
	<frames value='13518'/>
	<gameDuration value='844'/>

	<player>
		<unitScore value='1950'/>
		<killScore value='0'/>
		<buildingScore value='1200'/>
		<razingScore value='0'/>
		<mineralScore value='2810'/>
		<gasScore value='480'/>
		<totalScore value='6440'/>
	</player>

	<enemy>
		<race value='Protoss'/>
		<unitScore value='3500'/>
		<killScore value='3750'/>
		<buildingScore value='2375'/>
		<razingScore value='3600'/>
		<mineralScore value='6602'/>
		<gasScore value='1176'/>
		<totalScore value='21003'/>
	</enemy>

	<scoreRatio value='0.306623'/>
	<timeFitness value='0.117222'/>
	<unitsAverage value='17'/>
</results>
