<results>
	<result value='loss'/>
	<start value='2015-07-13.23:59:20'/>
	<end value='2015-07-13.23:59:28'/>
	<frames value='16029'/>
	<gameDuration value='1001'/>

	<player>
		<unitScore value='3050'/>
		<killScore value='200'/>
		<buildingScore value='2225'/>
		<razingScore value='0'/>
		<mineralScore value='5074'/>
		<gasScore value='680'/>
		<totalScore value='11229'/>
	</player>

	<enemy>
		<race value='Protoss'/>
		<unitScore value='3550'/>
		<killScore value='5800'/>
		<buildingScore value='3525'/>
		<razingScore value='6675'/>
		<mineralScore value='8306'/>
		<gasScore value='1624'/>
		<totalScore value='29480'/>
	</enemy>

	<scoreRatio value='0.380902'/>
	<timeFitness value='0.139028'/>
	<unitsAverage value='24'/>
</results>
