<results>
	<result value='loss'/>
	<start value='2015-07-14.00:01:21'/>
	<end value='2015-07-14.00:01:29'/>
	<frames value='15254'/>
	<gameDuration value='953'/>

	<player>
		<unitScore value='2700'/>
		<killScore value='400'/>
		<buildingScore value='1350'/>
		<razingScore value='0'/>
		<mineralScore value='3450'/>
		<gasScore value='392'/>
		<totalScore value='8292'/>
	</player>

	<enemy>
		<race value='Protoss'/>
		<unitScore value='3550'/>
		<killScore value='4300'/>
		<buildingScore value='3125'/>
		<razingScore value='4050'/>
		<mineralScore value='8050'/>
		<gasScore value='1440'/>
		<totalScore value='24515'/>
	</enemy>

	<scoreRatio value='0.338242'/>
	<timeFitness value='0.132361'/>
	<unitsAverage value='19'/>
</results>
