<results>
	<result value='loss'/>
	<start value='2015-07-08.01:22:03'/>
	<end value='2015-07-08.01:22:21'/>
	<frames value='17827'/>
	<gameDuration value='1114'/>

	<player>
		<unitScore value='4475'/>
		<killScore value='1200'/>
		<buildingScore value='1625'/>
		<razingScore value='0'/>
		<mineralScore value='5402'/>
		<gasScore value='832'/>
		<totalScore value='13534'/>
	</player>

	<enemy>
		<race value='Terran'/>
		<unitScore value='6750'/>
		<killScore value='8950'/>
		<buildingScore value='2750'/>
		<razingScore value='4875'/>
		<mineralScore value='8042'/>
		<gasScore value='2792'/>
		<totalScore value='34159'/>
	</enemy>

	<scoreRatio value='0.396206'/>
	<timeFitness value='0.154722'/>
	<unitsAverage value='24'/>
</results>
