<results>
	<result value='loss'/>
	<start value='2015-07-18.05:42:18'/>
	<end value='2015-07-18.05:42:34'/>
	<frames value='17145'/>
	<gameDuration value='1071'/>

	<player>
		<unitScore value='4450'/>
		<killScore value='300'/>
		<buildingScore value='1825'/>
		<razingScore value='0'/>
		<mineralScore value='5722'/>
		<gasScore value='848'/>
		<totalScore value='13145'/>
	</player>

	<enemy>
		<race value='Terran'/>
		<unitScore value='5650'/>
		<killScore value='8900'/>
		<buildingScore value='2625'/>
		<razingScore value='5475'/>
		<mineralScore value='7866'/>
		<gasScore value='2656'/>
		<totalScore value='33172'/>
	</enemy>

	<scoreRatio value='0.396268'/>
	<timeFitness value='0.14875'/>
	<unitsAverage value='24'/>
</results>
