<results>
	<result value='loss'/>
	<start value='2014-07-07.23:33:41'/>
	<end value='2014-07-07.23:33:51'/>
	<frames value='18385'/>
	<gameDuration value='1149'/>

	<player>
		<unitScore value='4850'/>
		<killScore value='800'/>
		<buildingScore value='2400'/>
		<razingScore value='0'/>
		<mineralScore value='7466'/>
		<gasScore value='1072'/>
		<totalScore value='16588'/>
	</player>

	<enemy>
		<race value='Protoss'/>
		<unitScore value='3800'/>
		<unitScore value='3800'/>
		<killScore value='9700'/>
		<buildingScore value='3925'/>
		<razingScore value='7200'/>
		<mineralScore value='9970'/>
		<gasScore value='1784'/>
		<totalScore value='36379'/>
	</enemy>

	<scoreRatio value='0.455977'/>
</results>
