<results>
	<result value='win'/>
	<start value='2014-07-07.23:47:07'/>
	<end value='2014-07-07.23:47:41'/>
	<frames value='31715'/>
	<gameDuration value='1982'/>

	<player>
		<unitScore value='18375'/>
		<killScore value='24600'/>
		<buildingScore value='4525'/>
		<razingScore value='16425'/>
		<mineralScore value='28866'/>
		<gasScore value='3480'/>
		<totalScore value='96271'/>
	</player>

	<enemy>
		<race value='Protoss'/>
		<unitScore value='13800'/>
		<unitScore value='13800'/>
		<killScore value='14650'/>
		<buildingScore value='5475'/>
		<razingScore value='300'/>
		<mineralScore value='14522'/>
		<gasScore value='4216'/>
		<totalScore value='52963'/>
	</enemy>

	<scoreRatio value='1.8177'/>
</results>
