<results>
	<result value='win'/>
	<start value='2014-07-08.00:04:23'/>
	<end value='2014-07-08.00:04:45'/>
	<frames value='28987'/>
	<gameDuration value='1811'/>

	<player>
		<unitScore value='16050'/>
		<killScore value='13750'/>
		<buildingScore value='3100'/>
		<razingScore value='11475'/>
		<mineralScore value='20586'/>
		<gasScore value='2728'/>
		<totalScore value='67689'/>
	</player>

	<enemy>
		<race value='Protoss'/>
		<unitScore value='7225'/>
		<unitScore value='7225'/>
		<killScore value='16900'/>
		<buildingScore value='3825'/>
		<razingScore value='525'/>
		<mineralScore value='10514'/>
		<gasScore value='2584'/>
		<totalScore value='41573'/>
	</enemy>

	<scoreRatio value='1.6282'/>
</results>
