<results>
	<result value='win'/>
	<start value='2015-03-29.20:13:59'/>
	<end value='2015-03-29.20:14:30'/>
	<frames value='25081'/>
	<gameDuration value='1567'/>

	<player>
		<unitScore value='11450'/>
		<killScore value='14500'/>
		<buildingScore value='3375'/>
		<razingScore value='9375'/>
		<mineralScore value='21402'/>
		<gasScore value='2272'/>
		<totalScore value='62374'/>
	</player>

	<enemy>
		<race value='Protoss'/>
		<unitScore value='7250'/>
		<unitScore value='7250'/>
		<killScore value='5600'/>
		<buildingScore value='3125'/>
		<razingScore value='0'/>
		<mineralScore value='9498'/>
		<gasScore value='2696'/>
		<totalScore value='28169'/>
	</enemy>

	<scoreRatio value='2.21428'/>
</results>
