<results>
	<result value='loss'/>
	<start value='2014-07-03.00:05:18'/>
	<end value='2014-07-03.00:05:25'/>
	<frames value='14386'/>
	<gameDuration value='899'/>

	<player>
		<unitScore value='2325'/>
		<killScore value='0'/>
		<buildingScore value='1475'/>
		<razingScore value='0'/>
		<mineralScore value='3890'/>
		<gasScore value='744'/>
		<totalScore value='8434'/>
	</player>

	<enemy>
		<race value='Protoss'/>
		<unitScore value='3550'/>
		<unitScore value='3550'/>
		<killScore value='4650'/>
		<buildingScore value='2425'/>
		<razingScore value='4425'/>
		<mineralScore value='7418'/>
		<gasScore value='1224'/>
		<totalScore value='23692'/>
	</enemy>

	<scoreRatio value='0.355985'/>
</results>
