<results>
	<result value='loss'/>
	<start value='2014-07-03.00:13:20'/>
	<end value='2014-07-03.00:13:35'/>
	<frames value='28150'/>
	<gameDuration value='1759'/>

	<player>
		<unitScore value='11050'/>
		<killScore value='3600'/>
		<buildingScore value='2450'/>
		<razingScore value='0'/>
		<mineralScore value='14786'/>
		<gasScore value='1136'/>
		<totalScore value='33022'/>
	</player>

	<enemy>
		<race value='Protoss'/>
		<unitScore value='13825'/>
		<unitScore value='13825'/>
		<killScore value='22200'/>
		<buildingScore value='6875'/>
		<razingScore value='7350'/>
		<mineralScore value='18186'/>
		<gasScore value='6624'/>
		<totalScore value='75060'/>
	</enemy>

	<scoreRatio value='0.439941'/>
</results>
