<results>
	<result value='loss'/>
	<start value='2014-07-03.00:14:22'/>
	<end value='2014-07-03.00:14:31'/>
	<frames value='19222'/>
	<gameDuration value='1201'/>

	<player>
		<unitScore value='4775'/>
		<killScore value='1400'/>
		<buildingScore value='2325'/>
		<razingScore value='0'/>
		<mineralScore value='7530'/>
		<gasScore value='544'/>
		<totalScore value='16574'/>
	</player>

	<enemy>
		<race value='Protoss'/>
		<unitScore value='5100'/>
		<unitScore value='5100'/>
		<killScore value='8800'/>
		<buildingScore value='4425'/>
		<razingScore value='6975'/>
		<mineralScore value='10538'/>
		<gasScore value='2608'/>
		<totalScore value='38446'/>
	</enemy>

	<scoreRatio value='0.431098'/>
</results>
