<results>
	<result value='win'/>
	<start value='2015-05-08.23:41:35'/>
	<end value='2015-05-08.23:43:07'/>
	<frames value='50749'/>
	<gameDuration value='3171'/>

	<player>
		<unitScore value='33800'/>
		<killScore value='65835'/>
		<buildingScore value='4375'/>
		<razingScore value='10770'/>
		<mineralScore value='35542'/>
		<gasScore value='4992'/>
		<totalScore value='155314'/>
	</player>

	<enemy>
		<race value='Zerg'/>
		<unitScore value='30500'/>
		<unitScore value='30500'/>
		<killScore value='48950'/>
		<buildingScore value='3590'/>
		<razingScore value='2550'/>
		<mineralScore value='23370'/>
		<gasScore value='9006'/>
		<totalScore value='117966'/>
	</enemy>

	<scoreRatio value='1.3166'/>
	<timeFitness value='0.559583'/>
	<unitsAverage value='120'/>
</results>
