<results>
	<result value='win'/>
	<start value='2015-05-09.00:23:21'/>
	<end value='2015-05-09.00:23:53'/>
	<frames value='23779'/>
	<gameDuration value='1486'/>

	<player>
		<unitScore value='13225'/>
		<killScore value='15730'/>
		<buildingScore value='3325'/>
		<razingScore value='6105'/>
		<mineralScore value='19894'/>
		<gasScore value='1464'/>
		<totalScore value='59743'/>
	</player>

	<enemy>
		<race value='Zerg'/>
		<unitScore value='7550'/>
		<unitScore value='7550'/>
		<killScore value='7650'/>
		<buildingScore value='2035'/>
		<razingScore value='0'/>
		<mineralScore value='8634'/>
		<gasScore value='2680'/>
		<totalScore value='28549'/>
	</enemy>

	<scoreRatio value='2.09265'/>
	<timeFitness value='0.793611'/>
	<unitsAverage value='83'/>
</results>
