<results>
	<result value='win'/>
	<start value='2015-05-09.00:31:16'/>
	<end value='2015-05-09.00:31:54'/>
	<frames value='26197'/>
	<gameDuration value='1637'/>

	<player>
		<unitScore value='17325'/>
		<killScore value='22270'/>
		<buildingScore value='4000'/>
		<razingScore value='6135'/>
		<mineralScore value='25414'/>
		<gasScore value='1784'/>
		<totalScore value='76928'/>
	</player>

	<enemy>
		<race value='Zerg'/>
		<unitScore value='10225'/>
		<unitScore value='10225'/>
		<killScore value='13300'/>
		<buildingScore value='2045'/>
		<razingScore value='0'/>
		<mineralScore value='10538'/>
		<gasScore value='3640'/>
		<totalScore value='39748'/>
	</enemy>

	<scoreRatio value='1.93539'/>
	<timeFitness value='0.772639'/>
	<unitsAverage value='95'/>
</results>
