<results>
	<result value='loss'/>
	<start value='2015-07-13.22:59:31'/>
	<end value='2015-07-13.22:59:41'/>
	<frames value='15874'/>
	<gameDuration value='992'/>

	<player>
		<unitScore value='4000'/>
		<killScore value='1000'/>
		<buildingScore value='1825'/>
		<razingScore value='0'/>
		<mineralScore value='5250'/>
		<gasScore value='672'/>
		<totalScore value='12747'/>
	</player>

	<enemy>
		<race value='Protoss'/>
		<unitScore value='3850'/>
		<killScore value='7750'/>
		<buildingScore value='2825'/>
		<razingScore value='5475'/>
		<mineralScore value='7970'/>
		<gasScore value='1576'/>
		<totalScore value='29446'/>
	</enemy>

	<scoreRatio value='0.432894'/>
	<timeFitness value='0.137778'/>
	<unitsAverage value='24'/>
</results>
