<results>
	<result value='loss'/>
	<start value='2015-07-13.23:12:03'/>
	<end value='2015-07-13.23:12:18'/>
	<frames value='20555'/>
	<gameDuration value='1284'/>

	<player>
		<unitScore value='4725'/>
		<killScore value='500'/>
		<buildingScore value='1825'/>
		<razingScore value='0'/>
		<mineralScore value='6138'/>
		<gasScore value='680'/>
		<totalScore value='13868'/>
	</player>

	<enemy>
		<race value='Protoss'/>
		<unitScore value='5250'/>
		<killScore value='9200'/>
		<buildingScore value='5100'/>
		<razingScore value='5475'/>
		<mineralScore value='11570'/>
		<gasScore value='2800'/>
		<totalScore value='39395'/>
	</enemy>

	<scoreRatio value='0.352024'/>
	<timeFitness value='0.178333'/>
	<unitsAverage value='24'/>
</results>
