<results>
	<result value='win'/>
	<start value='2015-03-29.20:29:42'/>
	<end value='2015-03-29.20:31:28'/>
	<frames value='54035'/>
	<gameDuration value='3377'/>

	<player>
		<unitScore value='31700'/>
		<killScore value='55700'/>
		<buildingScore value='3800'/>
		<razingScore value='23400'/>
		<mineralScore value='33446'/>
		<gasScore value='5390'/>
		<totalScore value='153436'/>
	</player>

	<enemy>
		<race value='Protoss'/>
		<unitScore value='28850'/>
		<unitScore value='28850'/>
		<killScore value='40350'/>
		<buildingScore value='7800'/>
		<razingScore value='2025'/>
		<mineralScore value='29366'/>
		<gasScore value='10902'/>
		<totalScore value='119293'/>
	</enemy>

	<scoreRatio value='1.28621'/>
</results>
