<results>
	<result value='win'/>
	<start value='2015-04-25.06:42:23'/>
	<end value='2015-04-25.06:42:40'/>
	<frames value='22136'/>
	<gameDuration value='1383'/>

	<player>
		<unitScore value='8550'/>
		<killScore value='16450'/>
		<buildingScore value='2700'/>
		<razingScore value='5775'/>
		<mineralScore value='14346'/>
		<gasScore value='1568'/>
		<totalScore value='49389'/>
	</player>

	<enemy>
		<race value='Terran'/>
		<unitScore value='8225'/>
		<unitScore value='8225'/>
		<killScore value='3600'/>
		<buildingScore value='2000'/>
		<razingScore value='0'/>
		<mineralScore value='9154'/>
		<gasScore value='3048'/>
		<totalScore value='26027'/>
	</enemy>

	<scoreRatio value='1.89761'/>
</results>
