<results>
	<result value='loss'/>
	<start value='2015-03-29.14:11:24'/>
	<end value='2015-03-29.14:12:10'/>
	<frames value='43743'/>
	<gameDuration value='2733'/>

	<player>
		<unitScore value='20150'/>
		<killScore value='22100'/>
		<buildingScore value='3500'/>
		<razingScore value='300'/>
		<mineralScore value='23658'/>
		<gasScore value='4608'/>
		<totalScore value='74316'/>
	</player>

	<enemy>
		<race value='Protoss'/>
		<unitScore value='30000'/>
		<unitScore value='30000'/>
		<killScore value='40300'/>
		<buildingScore value='7625'/>
		<razingScore value='10500'/>
		<mineralScore value='30042'/>
		<gasScore value='11690'/>
		<totalScore value='130157'/>
	</enemy>

	<scoreRatio value='0.570972'/>
</results>
