<results>
	<result value='win'/>
	<start value='2015-05-11.02:05:36'/>
	<end value='2015-05-11.02:06:11'/>
	<frames value='33203'/>
	<gameDuration value='2075'/>

	<player>
		<unitScore value='14150'/>
		<killScore value='22590'/>
		<buildingScore value='3575'/>
		<razingScore value='8115'/>
		<mineralScore value='23570'/>
		<gasScore value='1056'/>
		<totalScore value='73056'/>
	</player>

	<enemy>
		<race value='Zerg'/>
		<unitScore value='10950'/>
		<unitScore value='10950'/>
		<killScore value='14950'/>
		<buildingScore value='2705'/>
		<razingScore value='825'/>
		<mineralScore value='12434'/>
		<gasScore value='4048'/>
		<totalScore value='45912'/>
	</enemy>

	<scoreRatio value='1.59122'/>
	<timeFitness value='0.711806'/>
	<unitsAverage value='87'/>
</results>
