<results>
	<result value='win'/>
	<start value='2015-05-11.02:22:40'/>
	<end value='2015-05-11.02:23:10'/>
	<frames value='26135'/>
	<gameDuration value='1633'/>

	<player>
		<unitScore value='14125'/>
		<killScore value='20920'/>
		<buildingScore value='4400'/>
		<razingScore value='4635'/>
		<mineralScore value='25706'/>
		<gasScore value='2896'/>
		<totalScore value='72682'/>
	</player>

	<enemy>
		<race value='Zerg'/>
		<unitScore value='9400'/>
		<unitScore value='9400'/>
		<killScore value='8650'/>
		<buildingScore value='1545'/>
		<razingScore value='0'/>
		<mineralScore value='8914'/>
		<gasScore value='2456'/>
		<totalScore value='30965'/>
	</enemy>

	<scoreRatio value='2.34723'/>
	<timeFitness value='0.773194'/>
	<unitsAverage value='96'/>
</results>
