<results>
	<result value='win'/>
	<start value='2014-07-24.00:38:31'/>
	<end value='2014-07-24.00:39:04'/>
	<frames value='36055'/>
	<gameDuration value='2253'/>

	<player>
		<unitScore value='23225'/>
		<killScore value='34505'/>
		<buildingScore value='4225'/>
		<razingScore value='11295'/>
		<mineralScore value='28050'/>
		<gasScore value='4336'/>
		<totalScore value='105636'/>
	</player>

	<enemy>
		<race value='Zerg'/>
		<unitScore value='16575'/>
		<unitScore value='16575'/>
		<killScore value='26900'/>
		<buildingScore value='3765'/>
		<razingScore value='2100'/>
		<mineralScore value='18058'/>
		<gasScore value='5496'/>
		<totalScore value='72894'/>
	</enemy>

	<scoreRatio value='1.44917'/>
</results>
