<results>
	<result value='loss'/>
	<start value='2015-04-07.21:06:26'/>
	<end value='2015-04-07.21:06:33'/>
	<frames value='14603'/>
	<gameDuration value='912'/>

	<player>
		<unitScore value='2725'/>
		<killScore value='800'/>
		<buildingScore value='1500'/>
		<razingScore value='0'/>
		<mineralScore value='4514'/>
		<gasScore value='720'/>
		<totalScore value='10259'/>
	</player>

	<enemy>
		<race value='Protoss'/>
		<unitScore value='3550'/>
		<unitScore value='3550'/>
		<killScore value='5450'/>
		<buildingScore value='2475'/>
		<razingScore value='4500'/>
		<mineralScore value='7506'/>
		<gasScore value='1328'/>
		<totalScore value='24809'/>
	</enemy>

	<scoreRatio value='0.413519'/>
</results>
