<results>
	<result value='loss'/>
	<start value='2015-05-07.08:21:53'/>
	<end value='2015-05-07.08:22:03'/>
	<frames value='20431'/>
	<gameDuration value='1276'/>

	<player>
		<unitScore value='4600'/>
		<killScore value='3850'/>
		<buildingScore value='1725'/>
		<razingScore value='0'/>
		<mineralScore value='6562'/>
		<gasScore value='1216'/>
		<totalScore value='17953'/>
	</player>

	<enemy>
		<race value='Terran'/>
		<unitScore value='8025'/>
		<unitScore value='8025'/>
		<killScore value='9200'/>
		<buildingScore value='2925'/>
		<razingScore value='5175'/>
		<mineralScore value='9770'/>
		<gasScore value='3880'/>
		<totalScore value='38975'/>
	</enemy>

	<scoreRatio value='0.460629'/>
	<timeFitness value='0.177222'/>
	<unitsAverage value='29'/>
</results>
