<results>
	<result value='win'/>
	<start value='2015-05-07.08:52:03'/>
	<end value='2015-05-07.08:52:27'/>
	<frames value='30971'/>
	<gameDuration value='1935'/>

	<player>
		<unitScore value='13200'/>
		<killScore value='28850'/>
		<buildingScore value='3625'/>
		<razingScore value='10200'/>
		<mineralScore value='17290'/>
		<gasScore value='3376'/>
		<totalScore value='76541'/>
	</player>

	<enemy>
		<race value='Terran'/>
		<unitScore value='15225'/>
		<unitScore value='15225'/>
		<killScore value='11250'/>
		<buildingScore value='3400'/>
		<razingScore value='3225'/>
		<mineralScore value='14414'/>
		<gasScore value='6840'/>
		<totalScore value='54354'/>
	</enemy>

	<scoreRatio value='1.40819'/>
	<timeFitness value='0.73125'/>
	<unitsAverage value='64'/>
</results>
