<results>
	<result value='win'/>
	<start value='2015-05-01.19:54:05'/>
	<end value='2015-05-01.19:54:42'/>
	<frames value='27716'/>
	<gameDuration value='1732'/>

	<player>
		<unitScore value='17550'/>
		<killScore value='36790'/>
		<buildingScore value='4225'/>
		<razingScore value='5940'/>
		<mineralScore value='26250'/>
		<gasScore value='2992'/>
		<totalScore value='93747'/>
	</player>

	<enemy>
		<race value='Zerg'/>
		<unitScore value='15075'/>
		<unitScore value='15075'/>
		<killScore value='13950'/>
		<buildingScore value='1980'/>
		<razingScore value='0'/>
		<mineralScore value='13210'/>
		<gasScore value='3744'/>
		<totalScore value='47959'/>
	</enemy>

	<scoreRatio value='1.95473'/>
	<timeFitness value='0.759444'/>
	<unitsAverage value='102'/>
</results>
