<results>
	<result value='win'/>
	<start value='2015-05-01.19:54:46'/>
	<end value='2015-05-01.19:55:14'/>
	<frames value='28088'/>
	<gameDuration value='1755'/>

	<player>
		<unitScore value='18625'/>
		<killScore value='20380'/>
		<buildingScore value='2850'/>
		<razingScore value='5775'/>
		<mineralScore value='21486'/>
		<gasScore value='1672'/>
		<totalScore value='70788'/>
	</player>

	<enemy>
		<race value='Zerg'/>
		<unitScore value='9250'/>
		<unitScore value='9250'/>
		<killScore value='23050'/>
		<buildingScore value='1925'/>
		<razingScore value='0'/>
		<mineralScore value='9666'/>
		<gasScore value='3104'/>
		<totalScore value='46995'/>
	</enemy>

	<scoreRatio value='1.50629'/>
	<timeFitness value='0.75625'/>
	<unitsAverage value='77'/>
</results>
