<results>
	<result value='win'/>
	<start value='2015-05-01.19:56:31'/>
	<end value='2015-05-01.19:56:52'/>
	<frames value='21857'/>
	<gameDuration value='1366'/>

	<player>
		<unitScore value='12500'/>
		<killScore value='15710'/>
		<buildingScore value='3475'/>
		<razingScore value='5610'/>
		<mineralScore value='17770'/>
		<gasScore value='1280'/>
		<totalScore value='56345'/>
	</player>

	<enemy>
		<race value='Zerg'/>
		<unitScore value='7800'/>
		<unitScore value='7800'/>
		<killScore value='8050'/>
		<buildingScore value='1870'/>
		<razingScore value='0'/>
		<mineralScore value='7994'/>
		<gasScore value='2040'/>
		<totalScore value='27754'/>
	</enemy>

	<scoreRatio value='2.03016'/>
	<timeFitness value='0.810278'/>
	<unitsAverage value='77'/>
</results>
