<results>
	<result value='win'/>
	<start value='2015-05-01.20:00:15'/>
	<end value='2015-05-01.20:00:34'/>
	<frames value='20431'/>
	<gameDuration value='1276'/>

	<player>
		<unitScore value='8725'/>
		<killScore value='17750'/>
		<buildingScore value='3275'/>
		<razingScore value='4560'/>
		<mineralScore value='13922'/>
		<gasScore value='1824'/>
		<totalScore value='50056'/>
	</player>

	<enemy>
		<race value='Zerg'/>
		<unitScore value='8200'/>
		<unitScore value='8200'/>
		<killScore value='3850'/>
		<buildingScore value='1520'/>
		<razingScore value='0'/>
		<mineralScore value='8354'/>
		<gasScore value='2472'/>
		<totalScore value='24396'/>
	</enemy>

	<scoreRatio value='2.05181'/>
	<timeFitness value='0.822778'/>
	<unitsAverage value='67'/>
</results>
