<results>
	<result value='win'/>
	<start value='2015-05-01.20:00:38'/>
	<end value='2015-05-01.20:01:19'/>
	<frames value='29979'/>
	<gameDuration value='1873'/>

	<player>
		<unitScore value='21325'/>
		<killScore value='31070'/>
		<buildingScore value='4550'/>
		<razingScore value='6885'/>
		<mineralScore value='27346'/>
		<gasScore value='2680'/>
		<totalScore value='93856'/>
	</player>

	<enemy>
		<race value='Zerg'/>
		<unitScore value='13875'/>
		<unitScore value='13875'/>
		<killScore value='19800'/>
		<buildingScore value='2295'/>
		<razingScore value='0'/>
		<mineralScore value='13446'/>
		<gasScore value='3928'/>
		<totalScore value='53344'/>
	</enemy>

	<scoreRatio value='1.75945'/>
	<timeFitness value='0.739861'/>
	<unitsAverage value='108'/>
</results>
