<results>
	<result value='win'/>
	<start value='2015-04-26.13:28:50'/>
	<end value='2015-04-26.13:29:02'/>
	<frames value='18757'/>
	<gameDuration value='1172'/>

	<player>
		<unitScore value='6250'/>
		<killScore value='12000'/>
		<buildingScore value='2325'/>
		<razingScore value='4500'/>
		<mineralScore value='10282'/>
		<gasScore value='1584'/>
		<totalScore value='36941'/>
	</player>

	<enemy>
		<race value='Terran'/>
		<unitScore value='6000'/>
		<unitScore value='6000'/>
		<killScore value='2900'/>
		<buildingScore value='1500'/>
		<razingScore value='1350'/>
		<mineralScore value='7898'/>
		<gasScore value='2016'/>
		<totalScore value='21664'/>
	</enemy>

	<scoreRatio value='1.70518'/>
</results>
