<results>
	<result value='win'/>
	<start value='2015-04-26.13:33:14'/>
	<end value='2015-04-26.13:33:55'/>
	<frames value='45727'/>
	<gameDuration value='2857'/>

	<player>
		<unitScore value='19575'/>
		<killScore value='23750'/>
		<buildingScore value='3275'/>
		<razingScore value='11550'/>
		<mineralScore value='22834'/>
		<gasScore value='4064'/>
		<totalScore value='85048'/>
	</player>

	<enemy>
		<race value='Terran'/>
		<unitScore value='11875'/>
		<unitScore value='11875'/>
		<killScore value='24250'/>
		<buildingScore value='3850'/>
		<razingScore value='2925'/>
		<mineralScore value='12578'/>
		<gasScore value='5870'/>
		<totalScore value='61348'/>
	</enemy>

	<scoreRatio value='1.38632'/>
</results>
