<results>
	<result value='win'/>
	<start value='2015-05-03.01:16:31'/>
	<end value='2015-05-03.01:17:07'/>
	<frames value='25732'/>
	<gameDuration value='1608'/>

	<player>
		<unitScore value='14325'/>
		<killScore value='26470'/>
		<buildingScore value='3050'/>
		<razingScore value='6180'/>
		<mineralScore value='18726'/>
		<gasScore value='1816'/>
		<totalScore value='70567'/>
	</player>

	<enemy>
		<race value='Zerg'/>
		<unitScore value='11725'/>
		<unitScore value='11725'/>
		<killScore value='13950'/>
		<buildingScore value='2060'/>
		<razingScore value='0'/>
		<mineralScore value='11162'/>
		<gasScore value='3696'/>
		<totalScore value='42593'/>
	</enemy>

	<scoreRatio value='1.65677'/>
	<timeFitness value='0.776667'/>
	<unitsAverage value='70'/>
</results>
