<results>
	<result value='win'/>
	<start value='2015-05-03.01:36:30'/>
	<end value='2015-05-03.01:37:29'/>
	<frames value='33110'/>
	<gameDuration value='2069'/>

	<player>
		<unitScore value='21050'/>
		<killScore value='28890'/>
		<buildingScore value='4275'/>
		<razingScore value='6960'/>
		<mineralScore value='25138'/>
		<gasScore value='2208'/>
		<totalScore value='88521'/>
	</player>

	<enemy>
		<race value='Zerg'/>
		<unitScore value='13975'/>
		<unitScore value='13975'/>
		<killScore value='21950'/>
		<buildingScore value='2320'/>
		<razingScore value='0'/>
		<mineralScore value='12982'/>
		<gasScore value='4160'/>
		<totalScore value='55387'/>
	</enemy>

	<scoreRatio value='1.59823'/>
	<timeFitness value='0.712639'/>
	<unitsAverage value='91'/>
</results>
