<results>
	<result value='loss'/>
	<start value='2015-05-01.14:29:10'/>
	<end value='2015-05-01.14:29:27'/>
	<frames value='18447'/>
	<gameDuration value='1152'/>

	<player>
		<unitScore value='4025'/>
		<killScore value='2700'/>
		<buildingScore value='2200'/>
		<razingScore value='0'/>
		<mineralScore value='6746'/>
		<gasScore value='976'/>
		<totalScore value='16647'/>
	</player>

	<enemy>
		<race value='Protoss'/>
		<unitScore value='4950'/>
		<unitScore value='4950'/>
		<killScore value='8050'/>
		<buildingScore value='4325'/>
		<razingScore value='6600'/>
		<mineralScore value='10330'/>
		<gasScore value='2272'/>
		<totalScore value='36527'/>
	</enemy>

	<scoreRatio value='0.455745'/>
	<timeFitness value='0.16'/>
	<unitsAverage value='28'/>
</results>
