<results>
	<result value='loss'/>
	<start value='2015-05-01.14:32:25'/>
	<end value='2015-05-01.14:33:13'/>
	<frames value='38442'/>
	<gameDuration value='2402'/>

	<player>
		<unitScore value='14850'/>
		<killScore value='12900'/>
		<buildingScore value='3325'/>
		<razingScore value='1500'/>
		<mineralScore value='20502'/>
		<gasScore value='2768'/>
		<totalScore value='55845'/>
	</player>

	<enemy>
		<race value='Protoss'/>
		<unitScore value='21825'/>
		<unitScore value='21825'/>
		<killScore value='29900'/>
		<buildingScore value='7225'/>
		<razingScore value='9975'/>
		<mineralScore value='23986'/>
		<gasScore value='8810'/>
		<totalScore value='101721'/>
	</enemy>

	<scoreRatio value='0.549002'/>
	<timeFitness value='0.333611'/>
	<unitsAverage value='56'/>
</results>
