<results>
	<result value='loss'/>
	<start value='2015-04-28.20:59:51'/>
	<end value='2015-04-28.20:59:54'/>
	<frames value='10232'/>
	<gameDuration value='639'/>

	<player>
		<unitScore value='950'/>
		<killScore value='200'/>
		<buildingScore value='675'/>
		<razingScore value='0'/>
		<mineralScore value='1314'/>
		<gasScore value='0'/>
		<totalScore value='3139'/>
	</player>

	<enemy>
		<race value='Zerg'/>
		<unitScore value='2025'/>
		<unitScore value='2025'/>
		<killScore value='1900'/>
		<buildingScore value='1120'/>
		<razingScore value='2025'/>
		<mineralScore value='3282'/>
		<gasScore value='384'/>
		<totalScore value='10736'/>
	</enemy>

	<scoreRatio value='0.292381'/>
	<timeFitness value='0.08875'/>
	<unitsAverage value='7'/>
</results>
