<results>
	<result value='win'/>
	<start value='2015-04-28.21:05:17'/>
	<end value='2015-04-28.21:05:39'/>
	<frames value='25484'/>
	<gameDuration value='1592'/>

	<player>
		<unitScore value='17275'/>
		<killScore value='19540'/>
		<buildingScore value='3250'/>
		<razingScore value='5940'/>
		<mineralScore value='21394'/>
		<gasScore value='2192'/>
		<totalScore value='69591'/>
	</player>

	<enemy>
		<race value='Zerg'/>
		<unitScore value='9625'/>
		<unitScore value='9625'/>
		<killScore value='12100'/>
		<buildingScore value='1980'/>
		<razingScore value='0'/>
		<mineralScore value='9802'/>
		<gasScore value='2664'/>
		<totalScore value='36171'/>
	</enemy>

	<scoreRatio value='1.92394'/>
	<timeFitness value='0.778889'/>
	<unitsAverage value='87'/>
</results>
