<results>
	<result value='loss'/>
	<start value='2015-04-07.15:41:35'/>
	<end value='2015-04-07.15:41:45'/>
	<frames value='18633'/>
	<gameDuration value='1164'/>

	<player>
		<unitScore value='5100'/>
		<killScore value='1650'/>
		<buildingScore value='1725'/>
		<razingScore value='0'/>
		<mineralScore value='7130'/>
		<gasScore value='1024'/>
		<totalScore value='16629'/>
	</player>

	<enemy>
		<race value='Protoss'/>
		<unitScore value='4375'/>
		<unitScore value='4375'/>
		<killScore value='10200'/>
		<buildingScore value='4325'/>
		<razingScore value='5175'/>
		<mineralScore value='9962'/>
		<gasScore value='2424'/>
		<totalScore value='36461'/>
	</enemy>

	<scoreRatio value='0.456076'/>
</results>
