<results>
	<result value='win'/>
	<start value='2015-04-27.23:13:53'/>
	<end value='2015-04-27.23:14:05'/>
	<frames value='20307'/>
	<gameDuration value='1269'/>

	<player>
		<unitScore value='7925'/>
		<killScore value='14600'/>
		<buildingScore value='3150'/>
		<razingScore value='5250'/>
		<mineralScore value='13870'/>
		<gasScore value='1848'/>
		<totalScore value='46643'/>
	</player>

	<enemy>
		<race value='Terran'/>
		<unitScore value='7300'/>
		<unitScore value='7300'/>
		<killScore value='2400'/>
		<buildingScore value='1750'/>
		<razingScore value='1575'/>
		<mineralScore value='8538'/>
		<gasScore value='2416'/>
		<totalScore value='23979'/>
	</enemy>

	<scoreRatio value='1.94516'/>
</results>
