<results>
	<result value='win'/>
	<start value='2015-04-27.23:15:45'/>
	<end value='2015-04-27.23:16:01'/>
	<frames value='25639'/>
	<gameDuration value='1602'/>

	<player>
		<unitScore value='11225'/>
		<killScore value='17550'/>
		<buildingScore value='3650'/>
		<razingScore value='6525'/>
		<mineralScore value='16162'/>
		<gasScore value='1816'/>
		<totalScore value='56928'/>
	</player>

	<enemy>
		<race value='Terran'/>
		<unitScore value='8775'/>
		<unitScore value='8775'/>
		<killScore value='7250'/>
		<buildingScore value='2250'/>
		<razingScore value='2925'/>
		<mineralScore value='8538'/>
		<gasScore value='2672'/>
		<totalScore value='32410'/>
	</enemy>

	<scoreRatio value='1.75649'/>
</results>
