<results>
	<result value='loss'/>
	<start value='2015-04-14.17:44:29'/>
	<end value='2015-04-14.17:44:45'/>
	<frames value='17486'/>
	<gameDuration value='1092'/>

	<player>
		<unitScore value='3125'/>
		<killScore value='1400'/>
		<buildingScore value='1575'/>
		<razingScore value='0'/>
		<mineralScore value='5002'/>
		<gasScore value='952'/>
		<totalScore value='12054'/>
	</player>

	<enemy>
		<race value='Protoss'/>
		<unitScore value='4400'/>
		<unitScore value='4400'/>
		<killScore value='6250'/>
		<buildingScore value='4275'/>
		<razingScore value='4725'/>
		<mineralScore value='9946'/>
		<gasScore value='2064'/>
		<totalScore value='31660'/>
	</enemy>

	<scoreRatio value='0.380733'/>
</results>
