<results>
	<result value='loss'/>
	<start value='2015-05-01.09:28:56'/>
	<end value='2015-05-01.09:29:08'/>
	<frames value='15905'/>
	<gameDuration value='994'/>

	<player>
		<unitScore value='2950'/>
		<killScore value='1000'/>
		<buildingScore value='1475'/>
		<razingScore value='0'/>
		<mineralScore value='4562'/>
		<gasScore value='480'/>
		<totalScore value='10467'/>
	</player>

	<enemy>
		<race value='Protoss'/>
		<unitScore value='3550'/>
		<unitScore value='3550'/>
		<killScore value='5900'/>
		<buildingScore value='3525'/>
		<razingScore value='4425'/>
		<mineralScore value='8202'/>
		<gasScore value='1616'/>
		<totalScore value='27218'/>
	</enemy>

	<scoreRatio value='0.384562'/>
	<timeFitness value='0.138056'/>
	<unitsAverage value='21'/>
</results>
