<results>
	<result value='loss'/>
	<start value='2015-05-01.09:29:30'/>
	<end value='2015-05-01.09:29:43'/>
	<frames value='16246'/>
	<gameDuration value='1015'/>

	<player>
		<unitScore value='3275'/>
		<killScore value='1200'/>
		<buildingScore value='1675'/>
		<razingScore value='0'/>
		<mineralScore value='4578'/>
		<gasScore value='840'/>
		<totalScore value='11568'/>
	</player>

	<enemy>
		<race value='Protoss'/>
		<unitScore value='3600'/>
		<unitScore value='3600'/>
		<killScore value='6550'/>
		<buildingScore value='3925'/>
		<razingScore value='5025'/>
		<mineralScore value='8554'/>
		<gasScore value='1768'/>
		<totalScore value='29422'/>
	</enemy>

	<scoreRatio value='0.393175'/>
	<timeFitness value='0.140972'/>
	<unitsAverage value='20'/>
</results>
