<results>
	<result value='loss'/>
	<start value='2015-05-01.09:38:54'/>
	<end value='2015-05-01.09:39:42'/>
	<frames value='41790'/>
	<gameDuration value='2611'/>

	<player>
		<unitScore value='10050'/>
		<killScore value='17050'/>
		<buildingScore value='3000'/>
		<razingScore value='600'/>
		<mineralScore value='17210'/>
		<gasScore value='3448'/>
		<totalScore value='51358'/>
	</player>

	<enemy>
		<race value='Protoss'/>
		<unitScore value='28375'/>
		<unitScore value='28375'/>
		<killScore value='20100'/>
		<buildingScore value='7775'/>
		<razingScore value='9000'/>
		<mineralScore value='29310'/>
		<gasScore value='10418'/>
		<totalScore value='104978'/>
	</enemy>

	<scoreRatio value='0.489226'/>
	<timeFitness value='0.362639'/>
	<unitsAverage value='44'/>
</results>
