<results>
	<result value='loss'/>
	<start value='2015-05-01.09:44:06'/>
	<end value='2015-05-01.09:44:21'/>
	<frames value='15812'/>
	<gameDuration value='988'/>

	<player>
		<unitScore value='3850'/>
		<killScore value='0'/>
		<buildingScore value='1675'/>
		<razingScore value='0'/>
		<mineralScore value='5602'/>
		<gasScore value='0'/>
		<totalScore value='11127'/>
	</player>

	<enemy>
		<race value='Protoss'/>
		<unitScore value='3550'/>
		<unitScore value='3550'/>
		<killScore value='6300'/>
		<buildingScore value='3175'/>
		<razingScore value='5025'/>
		<mineralScore value='8186'/>
		<gasScore value='1464'/>
		<totalScore value='27700'/>
	</enemy>

	<scoreRatio value='0.401697'/>
	<timeFitness value='0.137222'/>
	<unitsAverage value='27'/>
</results>
