<results>
	<result value='loss'/>
	<start value='2015-05-01.09:44:58'/>
	<end value='2015-05-01.09:45:11'/>
	<frames value='15967'/>
	<gameDuration value='997'/>

	<player>
		<unitScore value='2675'/>
		<killScore value='1800'/>
		<buildingScore value='1525'/>
		<razingScore value='0'/>
		<mineralScore value='4290'/>
		<gasScore value='744'/>
		<totalScore value='11034'/>
	</player>

	<enemy>
		<race value='Protoss'/>
		<unitScore value='3600'/>
		<unitScore value='3600'/>
		<killScore value='5350'/>
		<buildingScore value='3525'/>
		<razingScore value='4575'/>
		<mineralScore value='8354'/>
		<gasScore value='1608'/>
		<totalScore value='27012'/>
	</enemy>

	<scoreRatio value='0.408485'/>
	<timeFitness value='0.138472'/>
	<unitsAverage value='20'/>
</results>
