<results>
	<result value='loss'/>
	<start value='2015-05-04.16:52:29'/>
	<end value='2015-05-04.16:52:54'/>
	<frames value='47525'/>
	<gameDuration value='2970'/>

	<player>
		<unitScore value='13600'/>
		<killScore value='23300'/>
		<buildingScore value='2325'/>
		<razingScore value='450'/>
		<mineralScore value='16338'/>
		<gasScore value='3776'/>
		<totalScore value='59789'/>
	</player>

	<enemy>
		<race value='Terran'/>
		<unitScore value='28250'/>
		<unitScore value='28250'/>
		<killScore value='27200'/>
		<buildingScore value='5200'/>
		<razingScore value='7200'/>
		<mineralScore value='25502'/>
		<gasScore value='11030'/>
		<totalScore value='104382'/>
	</enemy>

	<scoreRatio value='0.57279'/>
	<timeFitness value='0.4125'/>
	<unitsAverage value='43'/>
</results>
