<results>
	<result value='win'/>
	<start value='2015-05-04.16:53:10'/>
	<end value='2015-05-04.16:53:20'/>
	<frames value='18323'/>
	<gameDuration value='1145'/>

	<player>
		<unitScore value='5375'/>
		<killScore value='10600'/>
		<buildingScore value='2175'/>
		<razingScore value='4125'/>
		<mineralScore value='7994'/>
		<gasScore value='1008'/>
		<totalScore value='31277'/>
	</player>

	<enemy>
		<race value='Terran'/>
		<unitScore value='5300'/>
		<unitScore value='5300'/>
		<killScore value='2100'/>
		<buildingScore value='1450'/>
		<razingScore value='1200'/>
		<mineralScore value='8602'/>
		<gasScore value='1960'/>
		<totalScore value='20612'/>
	</enemy>

	<scoreRatio value='1.51742'/>
	<timeFitness value='0.840972'/>
	<unitsAverage value='41'/>
</results>
