<results>
	<result value='loss'/>
	<start value='2015-05-08.15:55:27'/>
	<end value='2015-05-08.15:55:48'/>
	<frames value='41604'/>
	<gameDuration value='2600'/>

	<player>
		<unitScore value='7325'/>
		<killScore value='8100'/>
		<buildingScore value='2525'/>
		<razingScore value='0'/>
		<mineralScore value='9386'/>
		<gasScore value='1248'/>
		<totalScore value='28584'/>
	</player>

	<enemy>
		<race value='Terran'/>
		<unitScore value='23925'/>
		<unitScore value='23925'/>
		<killScore value='14650'/>
		<buildingScore value='5475'/>
		<razingScore value='7575'/>
		<mineralScore value='22034'/>
		<gasScore value='12914'/>
		<totalScore value='86573'/>
	</enemy>

	<scoreRatio value='0.330172'/>
	<timeFitness value='0.361111'/>
	<unitsAverage value='24'/>
</results>
