<results>
	<result value='win'/>
	<start value='2015-05-08.20:39:53'/>
	<end value='2015-05-08.20:40:25'/>
	<frames value='31715'/>
	<gameDuration value='1982'/>

	<player>
		<unitScore value='17500'/>
		<killScore value='29850'/>
		<buildingScore value='4825'/>
		<razingScore value='11025'/>
		<mineralScore value='29082'/>
		<gasScore value='3432'/>
		<totalScore value='95714'/>
	</player>

	<enemy>
		<race value='Terran'/>
		<unitScore value='16525'/>
		<unitScore value='16525'/>
		<killScore value='12250'/>
		<buildingScore value='3850'/>
		<razingScore value='2250'/>
		<mineralScore value='14610'/>
		<gasScore value='6912'/>
		<totalScore value='56397'/>
	</enemy>

	<scoreRatio value='1.69715'/>
	<timeFitness value='0.724722'/>
	<unitsAverage value='101'/>
</results>
