<results>
	<result value='win'/>
	<start value='2015-05-08.20:41:33'/>
	<end value='2015-05-08.20:42:20'/>
	<frames value='36644'/>
	<gameDuration value='2290'/>

	<player>
		<unitScore value='23450'/>
		<killScore value='40050'/>
		<buildingScore value='3825'/>
		<razingScore value='12000'/>
		<mineralScore value='33850'/>
		<gasScore value='4288'/>
		<totalScore value='117463'/>
	</player>

	<enemy>
		<race value='Terran'/>
		<unitScore value='23025'/>
		<unitScore value='23025'/>
		<killScore value='22350'/>
		<buildingScore value='4075'/>
		<razingScore value='450'/>
		<mineralScore value='18086'/>
		<gasScore value='9020'/>
		<totalScore value='77006'/>
	</enemy>

	<scoreRatio value='1.52537'/>
	<timeFitness value='0.681944'/>
	<unitsAverage value='124'/>
</results>
