<results>
	<result value='win'/>
	<start value='2015-05-08.20:43:11'/>
	<end value='2015-05-08.20:43:23'/>
	<frames value='19811'/>
	<gameDuration value='1238'/>

	<player>
		<unitScore value='7300'/>
		<killScore value='11950'/>
		<buildingScore value='3050'/>
		<razingScore value='4350'/>
		<mineralScore value='12690'/>
		<gasScore value='1952'/>
		<totalScore value='41292'/>
	</player>

	<enemy>
		<race value='Terran'/>
		<unitScore value='5975'/>
		<unitScore value='5975'/>
		<killScore value='3200'/>
		<buildingScore value='1450'/>
		<razingScore value='1725'/>
		<mineralScore value='8538'/>
		<gasScore value='2256'/>
		<totalScore value='23144'/>
	</enemy>

	<scoreRatio value='1.78413'/>
	<timeFitness value='0.828056'/>
	<unitsAverage value='54'/>
</results>
