<results>
	<result value='win'/>
	<start value='2015-05-08.20:53:53'/>
	<end value='2015-05-08.20:54:23'/>
	<frames value='36861'/>
	<gameDuration value='2303'/>

	<player>
		<unitScore value='17875'/>
		<killScore value='25700'/>
		<buildingScore value='4450'/>
		<razingScore value='9300'/>
		<mineralScore value='24346'/>
		<gasScore value='2888'/>
		<totalScore value='84559'/>
	</player>

	<enemy>
		<race value='Terran'/>
		<unitScore value='13475'/>
		<unitScore value='13475'/>
		<killScore value='17350'/>
		<buildingScore value='3100'/>
		<razingScore value='3300'/>
		<mineralScore value='12114'/>
		<gasScore value='5386'/>
		<totalScore value='54725'/>
	</enemy>

	<scoreRatio value='1.54516'/>
	<timeFitness value='0.680139'/>
	<unitsAverage value='81'/>
</results>
