<results>
	<result value='draw'/>
	<start value='2015-07-18.04:25:36'/>
	<end value='2015-07-18.04:27:09'/>
	<frames value='57601'/>
	<gameDuration value='3600'/>

	<player>
		<unitScore value='28925'/>
		<killScore value='14700'/>
		<buildingScore value='3975'/>
		<razingScore value='0'/>
		<mineralScore value='24742'/>
		<gasScore value='6464'/>
		<totalScore value='78806'/>
	</player>

	<enemy>
		<race value='Terran'/>
		<unitScore value='12125'/>
		<killScore value='50850'/>
		<buildingScore value='2350'/>
		<razingScore value='5700'/>
		<mineralScore value='12050'/>
		<gasScore value='6138'/>
		<totalScore value='89213'/>
	</enemy>

	<scoreRatio value='0.883347'/>
	<timeFitness value='0.5'/>
	<unitsAverage value='64'/>
</results>
