<results>
	<result value='loss'/>
	<start value='2015-05-10.05:51:09'/>
	<end value='2015-05-10.05:52:10'/>
	<frames value='47711'/>
	<gameDuration value='2981'/>

	<player>
		<unitScore value='19250'/>
		<killScore value='34900'/>
		<buildingScore value='2775'/>
		<razingScore value='1350'/>
		<mineralScore value='21030'/>
		<gasScore value='3032'/>
		<totalScore value='82337'/>
	</player>

	<enemy>
		<race value='Protoss'/>
		<unitScore value='28050'/>
		<unitScore value='28050'/>
		<killScore value='38600'/>
		<buildingScore value='8025'/>
		<razingScore value='8325'/>
		<mineralScore value='35162'/>
		<gasScore value='8874'/>
		<totalScore value='127036'/>
	</enemy>

	<scoreRatio value='0.648139'/>
	<timeFitness value='0.414028'/>
	<unitsAverage value='68'/>
</results>
