<results>
	<result value='win'/>
	<start value='2015-04-27.22:59:59'/>
	<end value='2015-04-27.23:00:08'/>
	<frames value='19439'/>
	<gameDuration value='1214'/>

	<player>
		<unitScore value='6125'/>
		<killScore value='12300'/>
		<buildingScore value='2275'/>
		<razingScore value='4125'/>
		<mineralScore value='9482'/>
		<gasScore value='1648'/>
		<totalScore value='35955'/>
	</player>

	<enemy>
		<race value='Terran'/>
		<unitScore value='6150'/>
		<unitScore value='6150'/>
		<killScore value='4400'/>
		<buildingScore value='1450'/>
		<razingScore value='1500'/>
		<mineralScore value='7426'/>
		<gasScore value='2328'/>
		<totalScore value='23254'/>
	</enemy>

	<scoreRatio value='1.54619'/>
</results>
