<results>
	<result value='loss'/>
	<start value='2015-04-27.23:07:40'/>
	<end value='2015-04-27.23:07:49'/>
	<frames value='21144'/>
	<gameDuration value='1321'/>

	<player>
		<unitScore value='5100'/>
		<killScore value='5650'/>
		<buildingScore value='1300'/>
		<razingScore value='300'/>
		<mineralScore value='6210'/>
		<gasScore value='1360'/>
		<totalScore value='19920'/>
	</player>

	<enemy>
		<race value='Terran'/>
		<unitScore value='8475'/>
		<unitScore value='8475'/>
		<killScore value='10200'/>
		<buildingScore value='3275'/>
		<razingScore value='3900'/>
		<mineralScore value='10074'/>
		<gasScore value='4112'/>
		<totalScore value='40036'/>
	</enemy>

	<scoreRatio value='0.497552'/>
</results>
