<results>
	<result value='loss'/>
	<start value='2015-04-27.23:12:02'/>
	<end value='2015-04-27.23:12:11'/>
	<frames value='19780'/>
	<gameDuration value='1236'/>

	<player>
		<unitScore value='5950'/>
		<killScore value='2250'/>
		<buildingScore value='2250'/>
		<razingScore value='0'/>
		<mineralScore value='8834'/>
		<gasScore value='1536'/>
		<totalScore value='20820'/>
	</player>

	<enemy>
		<race value='Terran'/>
		<unitScore value='7100'/>
		<unitScore value='7100'/>
		<killScore value='11900'/>
		<buildingScore value='2850'/>
		<razingScore value='6750'/>
		<mineralScore value='9226'/>
		<gasScore value='3144'/>
		<totalScore value='40970'/>
	</enemy>

	<scoreRatio value='0.508177'/>
</results>
