<results>
	<result value='win'/>
	<start value='2015-04-29.03:36:54'/>
	<end value='2015-04-29.03:37:38'/>
	<frames value='30351'/>
	<gameDuration value='1896'/>

	<player>
		<unitScore value='19050'/>
		<killScore value='17650'/>
		<buildingScore value='4400'/>
		<razingScore value='17175'/>
		<mineralScore value='26730'/>
		<gasScore value='3472'/>
		<totalScore value='88477'/>
	</player>

	<enemy>
		<race value='Protoss'/>
		<unitScore value='9275'/>
		<unitScore value='9275'/>
		<killScore value='14200'/>
		<buildingScore value='5725'/>
		<razingScore value='0'/>
		<mineralScore value='13858'/>
		<gasScore value='2728'/>
		<totalScore value='45786'/>
	</enemy>

	<scoreRatio value='1.9324'/>
</results>
