<results>
	<result value='loss'/>
	<start value='2015-07-20.07:30:41'/>
	<end value='2015-07-20.07:30:58'/>
	<frames value='19935'/>
	<gameDuration value='1245'/>

	<player>
		<unitScore value='4550'/>
		<killScore value='0'/>
		<buildingScore value='2425'/>
		<razingScore value='0'/>
		<mineralScore value='16802'/>
		<gasScore value='712'/>
		<totalScore value='24489'/>
	</player>

	<enemy>
		<race value='Zerg'/>
		<unitScore value='7675'/>
		<killScore value='9100'/>
		<buildingScore value='2590'/>
		<razingScore value='7275'/>
		<mineralScore value='9714'/>
		<gasScore value='2928'/>
		<totalScore value='39282'/>
	</enemy>

	<scoreRatio value='0.623415'/>
	<timeFitness value='0.172917'/>
	<unitsAverage value='42'/>
</results>
