<results>
	<result value='win'/>
	<start value='2014-07-24.04:28:23'/>
	<end value='2014-07-24.04:28:36'/>
	<frames value='23066'/>
	<gameDuration value='1441'/>

	<player>
		<unitScore value='9775'/>
		<killScore value='17200'/>
		<buildingScore value='2625'/>
		<razingScore value='6900'/>
		<mineralScore value='12882'/>
		<gasScore value='2056'/>
		<totalScore value='51438'/>
	</player>

	<enemy>
		<race value='Terran'/>
		<unitScore value='9400'/>
		<unitScore value='9400'/>
		<killScore value='6700'/>
		<buildingScore value='2300'/>
		<razingScore value='1725'/>
		<mineralScore value='9346'/>
		<gasScore value='2944'/>
		<totalScore value='32415'/>
	</enemy>

	<scoreRatio value='1.58686'/>
</results>
