<results>
	<result value='draw'/>
	<start value='2015-05-10.08:42:26'/>
	<end value='2015-05-10.08:44:00'/>
	<frames value='57601'/>
	<gameDuration value='3600'/>

	<player>
		<unitScore value='30400'/>
		<killScore value='55100'/>
		<buildingScore value='2975'/>
		<razingScore value='3375'/>
		<mineralScore value='32214'/>
		<gasScore value='6740'/>
		<totalScore value='130804'/>
	</player>

	<enemy>
		<race value='Protoss'/>
		<unitScore value='33175'/>
		<unitScore value='33175'/>
		<killScore value='54500'/>
		<buildingScore value='6375'/>
		<razingScore value='600'/>
		<mineralScore value='29254'/>
		<gasScore value='11356'/>
		<totalScore value='135260'/>
	</enemy>

	<scoreRatio value='0.967056'/>
	<timeFitness value='0.5'/>
	<unitsAverage value='102'/>
</results>
