<results>
	<result value='loss'/>
	<start value='2015-05-10.09:01:46'/>
	<end value='2015-05-10.09:02:45'/>
	<frames value='43030'/>
	<gameDuration value='2689'/>

	<player>
		<unitScore value='22075'/>
		<killScore value='19600'/>
		<buildingScore value='4275'/>
		<razingScore value='300'/>
		<mineralScore value='29010'/>
		<gasScore value='2400'/>
		<totalScore value='77660'/>
	</player>

	<enemy>
		<race value='Protoss'/>
		<unitScore value='29575'/>
		<unitScore value='29575'/>
		<killScore value='43900'/>
		<buildingScore value='6825'/>
		<razingScore value='12825'/>
		<mineralScore value='27774'/>
		<gasScore value='10528'/>
		<totalScore value='131427'/>
	</enemy>

	<scoreRatio value='0.590898'/>
	<timeFitness value='0.373472'/>
	<unitsAverage value='78'/>
</results>
