<results>
	<result value='loss'/>
	<start value='2015-07-19.12:55:19'/>
	<end value='2015-07-19.12:55:47'/>
	<frames value='25515'/>
	<gameDuration value='1594'/>

	<player>
		<unitScore value='12350'/>
		<killScore value='4050'/>
		<buildingScore value='2325'/>
		<razingScore value='0'/>
		<mineralScore value='19602'/>
		<gasScore value='2008'/>
		<totalScore value='40335'/>
	</player>

	<enemy>
		<race value='Zerg'/>
		<unitScore value='9275'/>
		<killScore value='24700'/>
		<buildingScore value='2930'/>
		<razingScore value='6975'/>
		<mineralScore value='11842'/>
		<gasScore value='3608'/>
		<totalScore value='59330'/>
	</enemy>

	<scoreRatio value='0.679842'/>
	<timeFitness value='0.221389'/>
	<unitsAverage value='49'/>
</results>
