<results>
	<result value='win'/>
	<start value='2015-04-29.13:58:37'/>
	<end value='2015-04-29.13:59:10'/>
	<frames value='24616'/>
	<gameDuration value='1538'/>

	<player>
		<unitScore value='14850'/>
		<killScore value='19420'/>
		<buildingScore value='4600'/>
		<razingScore value='5580'/>
		<mineralScore value='23050'/>
		<gasScore value='1920'/>
		<totalScore value='69420'/>
	</player>

	<enemy>
		<race value='Zerg'/>
		<unitScore value='9050'/>
		<unitScore value='9050'/>
		<killScore value='10350'/>
		<buildingScore value='1860'/>
		<razingScore value='0'/>
		<mineralScore value='9362'/>
		<gasScore value='3128'/>
		<totalScore value='33750'/>
	</enemy>

	<scoreRatio value='2.05689'/>
</results>
