<results>
	<result value='loss'/>
	<start value='2015-04-29.14:12:29'/>
	<end value='2015-04-29.14:12:34'/>
	<frames value='9736'/>
	<gameDuration value='608'/>

	<player>
		<unitScore value='1000'/>
		<killScore value='200'/>
		<buildingScore value='625'/>
		<razingScore value='0'/>
		<mineralScore value='1466'/>
		<gasScore value='136'/>
		<totalScore value='3427'/>
	</player>

	<enemy>
		<race value='Zerg'/>
		<unitScore value='1800'/>
		<unitScore value='1800'/>
		<killScore value='1900'/>
		<buildingScore value='1120'/>
		<razingScore value='2100'/>
		<mineralScore value='3146'/>
		<gasScore value='288'/>
		<totalScore value='10354'/>
	</enemy>

	<scoreRatio value='0.330983'/>
</results>
