<results>
	<result value='draw'/>
	<start value='2015-05-10.12:28:45'/>
	<end value='2015-05-10.12:30:20'/>
	<frames value='57601'/>
	<gameDuration value='3600'/>

	<player>
		<unitScore value='22900'/>
		<killScore value='33450'/>
		<buildingScore value='4375'/>
		<razingScore value='22350'/>
		<mineralScore value='38674'/>
		<gasScore value='4288'/>
		<totalScore value='126037'/>
	</player>

	<enemy>
		<race value='Protoss'/>
		<unitScore value='17500'/>
		<unitScore value='17500'/>
		<killScore value='22350'/>
		<buildingScore value='7800'/>
		<razingScore value='150'/>
		<mineralScore value='24338'/>
		<gasScore value='7640'/>
		<totalScore value='79778'/>
	</enemy>

	<scoreRatio value='1.57985'/>
	<timeFitness value='0.5'/>
	<unitsAverage value='140'/>
</results>
