<results>
	<result value='win'/>
	<start value='2015-05-10.12:31:58'/>
	<end value='2015-05-10.12:32:36'/>
	<frames value='31901'/>
	<gameDuration value='1993'/>

	<player>
		<unitScore value='20475'/>
		<killScore value='16000'/>
		<buildingScore value='4550'/>
		<razingScore value='17175'/>
		<mineralScore value='26346'/>
		<gasScore value='2336'/>
		<totalScore value='86882'/>
	</player>

	<enemy>
		<race value='Protoss'/>
		<unitScore value='8000'/>
		<unitScore value='8000'/>
		<killScore value='18650'/>
		<buildingScore value='5725'/>
		<razingScore value='0'/>
		<mineralScore value='16010'/>
		<gasScore value='1048'/>
		<totalScore value='49433'/>
	</enemy>

	<scoreRatio value='1.75757'/>
	<timeFitness value='0.723194'/>
	<unitsAverage value='109'/>
</results>
