<results>
	<result value='win'/>
	<start value='2015-05-10.03:30:43'/>
	<end value='2015-05-10.03:31:39'/>
	<frames value='34133'/>
	<gameDuration value='2133'/>

	<player>
		<unitScore value='18025'/>
		<killScore value='23700'/>
		<buildingScore value='2425'/>
		<razingScore value='19575'/>
		<mineralScore value='20546'/>
		<gasScore value='2608'/>
		<totalScore value='86879'/>
	</player>

	<enemy>
		<race value='Protoss'/>
		<unitScore value='13250'/>
		<unitScore value='13250'/>
		<killScore value='19300'/>
		<buildingScore value='6525'/>
		<razingScore value='0'/>
		<mineralScore value='15438'/>
		<gasScore value='4248'/>
		<totalScore value='58761'/>
	</enemy>

	<scoreRatio value='1.47851'/>
	<timeFitness value='0.70375'/>
	<unitsAverage value='89'/>
</results>
