<results>
	<result value='loss'/>
	<start value='2015-05-10.03:51:25'/>
	<end value='2015-05-10.03:51:39'/>
	<frames value='15595'/>
	<gameDuration value='974'/>

	<player>
		<unitScore value='3425'/>
		<killScore value='200'/>
		<buildingScore value='1625'/>
		<razingScore value='0'/>
		<mineralScore value='5370'/>
		<gasScore value='728'/>
		<totalScore value='11348'/>
	</player>

	<enemy>
		<race value='Protoss'/>
		<unitScore value='3550'/>
		<unitScore value='3550'/>
		<killScore value='6850'/>
		<buildingScore value='2825'/>
		<razingScore value='4875'/>
		<mineralScore value='8066'/>
		<gasScore value='1232'/>
		<totalScore value='27398'/>
	</enemy>

	<scoreRatio value='0.414191'/>
	<timeFitness value='0.135278'/>
	<unitsAverage value='24'/>
</results>
