<results>
	<result value='win'/>
	<start value='2015-04-08.05:08:03'/>
	<end value='2015-04-08.05:09:07'/>
	<frames value='46595'/>
	<gameDuration value='2912'/>

	<player>
		<unitScore value='32525'/>
		<killScore value='50600'/>
		<buildingScore value='4225'/>
		<razingScore value='19575'/>
		<mineralScore value='36982'/>
		<gasScore value='5396'/>
		<totalScore value='149303'/>
	</player>

	<enemy>
		<race value='Protoss'/>
		<unitScore value='27550'/>
		<unitScore value='27550'/>
		<killScore value='39200'/>
		<buildingScore value='6525'/>
		<razingScore value='300'/>
		<mineralScore value='25150'/>
		<gasScore value='9164'/>
		<totalScore value='107889'/>
	</enemy>

	<scoreRatio value='1.38386'/>
</results>
