<results>
	<result value='win'/>
	<start value='2015-04-27.15:25:09'/>
	<end value='2015-04-27.15:25:22'/>
	<frames value='23531'/>
	<gameDuration value='1470'/>

	<player>
		<unitScore value='8075'/>
		<killScore value='17200'/>
		<buildingScore value='2725'/>
		<razingScore value='6450'/>
		<mineralScore value='11938'/>
		<gasScore value='2080'/>
		<totalScore value='48468'/>
	</player>

	<enemy>
		<race value='Terran'/>
		<unitScore value='8600'/>
		<unitScore value='8600'/>
		<killScore value='4350'/>
		<buildingScore value='2150'/>
		<razingScore value='600'/>
		<mineralScore value='10194'/>
		<gasScore value='3160'/>
		<totalScore value='29054'/>
	</enemy>

	<scoreRatio value='1.6682'/>
</results>
