<results>
	<result value='draw'/>
	<start value='2015-07-18.09:36:50'/>
	<end value='2015-07-18.09:40:52'/>
	<frames value='57601'/>
	<gameDuration value='3600'/>

	<player>
		<unitScore value='29700'/>
		<killScore value='27200'/>
		<buildingScore value='6425'/>
		<razingScore value='4125'/>
		<mineralScore value='35786'/>
		<gasScore value='4752'/>
		<totalScore value='107988'/>
	</player>

	<enemy>
		<race value='Protoss'/>
		<unitScore value='25175'/>
		<killScore value='44550'/>
		<buildingScore value='6650'/>
		<razingScore value='13650'/>
		<mineralScore value='24586'/>
		<gasScore value='7662'/>
		<totalScore value='122273'/>
	</enemy>

	<scoreRatio value='0.883171'/>
	<timeFitness value='0.5'/>
	<unitsAverage value='138'/>
</results>
