<results>
	<result value='loss'/>
	<start value='2015-07-18.05:30:19'/>
	<end value='2015-07-18.05:30:50'/>
	<frames value='28305'/>
	<gameDuration value='1769'/>

	<player>
		<unitScore value='12700'/>
		<killScore value='4850'/>
		<buildingScore value='3275'/>
		<razingScore value='0'/>
		<mineralScore value='14118'/>
		<gasScore value='2384'/>
		<totalScore value='37327'/>
	</player>

	<enemy>
		<race value='Terran'/>
		<unitScore value='13000'/>
		<killScore value='23150'/>
		<buildingScore value='4525'/>
		<razingScore value='9825'/>
		<mineralScore value='14306'/>
		<gasScore value='6432'/>
		<totalScore value='71238'/>
	</enemy>

	<scoreRatio value='0.523976'/>
	<timeFitness value='0.245694'/>
	<unitsAverage value='47'/>
</results>
