<results>
	<result value='loss'/>
	<start value='2015-07-18.05:38:54'/>
	<end value='2015-07-18.05:39:24'/>
	<frames value='24771'/>
	<gameDuration value='1548'/>

	<player>
		<unitScore value='9475'/>
		<killScore value='2050'/>
		<buildingScore value='2650'/>
		<razingScore value='0'/>
		<mineralScore value='20986'/>
		<gasScore value='1512'/>
		<totalScore value='36673'/>
	</player>

	<enemy>
		<race value='Terran'/>
		<unitScore value='8600'/>
		<killScore value='18950'/>
		<buildingScore value='3900'/>
		<razingScore value='7950'/>
		<mineralScore value='13622'/>
		<gasScore value='4384'/>
		<totalScore value='57406'/>
	</enemy>

	<scoreRatio value='0.638836'/>
	<timeFitness value='0.215'/>
	<unitsAverage value='49'/>
</results>
