<results>
	<result value='win'/>
	<start value='2015-07-18.05:41:25'/>
	<end value='2015-07-18.05:41:39'/>
	<frames value='16680'/>
	<gameDuration value='1042'/>

	<player>
		<unitScore value='6050'/>
		<killScore value='7800'/>
		<buildingScore value='2050'/>
		<razingScore value='3600'/>
		<mineralScore value='7770'/>
		<gasScore value='1288'/>
		<totalScore value='28558'/>
	</player>

	<enemy>
		<race value='Terran'/>
		<unitScore value='3900'/>
		<killScore value='4800'/>
		<buildingScore value='1200'/>
		<razingScore value='150'/>
		<mineralScore value='5314'/>
		<gasScore value='1328'/>
		<totalScore value='16692'/>
	</enemy>

	<scoreRatio value='1.71088'/>
	<timeFitness value='0.855278'/>
	<unitsAverage value='36'/>
</results>
