<results>
	<result value='win'/>
	<start value='2015-05-03.01:24:17'/>
	<end value='2015-05-03.01:25:06'/>
	<frames value='30010'/>
	<gameDuration value='1875'/>

	<player>
		<unitScore value='14125'/>
		<killScore value='24000'/>
		<buildingScore value='4050'/>
		<razingScore value='11100'/>
		<mineralScore value='27154'/>
		<gasScore value='2696'/>
		<totalScore value='83125'/>
	</player>

	<enemy>
		<race value='Terran'/>
		<unitScore value='14400'/>
		<unitScore value='14400'/>
		<killScore value='9050'/>
		<buildingScore value='3700'/>
		<razingScore value='1575'/>
		<mineralScore value='13514'/>
		<gasScore value='6552'/>
		<totalScore value='48791'/>
	</enemy>

	<scoreRatio value='1.7037'/>
	<timeFitness value='0.739583'/>
	<unitsAverage value='87'/>
</results>
