<results>
	<result value='draw'/>
	<start value='2015-05-04.01:18:51'/>
	<end value='2015-05-04.01:21:03'/>
	<frames value='57601'/>
	<gameDuration value='3600'/>

	<player>
		<unitScore value='21850'/>
		<killScore value='32400'/>
		<buildingScore value='5075'/>
		<razingScore value='8025'/>
		<mineralScore value='49058'/>
		<gasScore value='8310'/>
		<totalScore value='124718'/>
	</player>

	<enemy>
		<race value='Terran'/>
		<unitScore value='17000'/>
		<unitScore value='17000'/>
		<killScore value='20100'/>
		<buildingScore value='3325'/>
		<razingScore value='300'/>
		<mineralScore value='13994'/>
		<gasScore value='6146'/>
		<totalScore value='60865'/>
	</enemy>

	<scoreRatio value='2.04909'/>
	<timeFitness value='0.5'/>
	<unitsAverage value='164'/>
</results>
