<results>
	<result value='loss'/>
	<start value='2015-05-03.01:28:56'/>
	<end value='2015-05-03.01:29:09'/>
	<frames value='21764'/>
	<gameDuration value='1360'/>

	<player>
		<unitScore value='5450'/>
		<killScore value='2000'/>
		<buildingScore value='2050'/>
		<razingScore value='0'/>
		<mineralScore value='7418'/>
		<gasScore value='1320'/>
		<totalScore value='18238'/>
	</player>

	<enemy>
		<race value='Terran'/>
		<unitScore value='8500'/>
		<unitScore value='8500'/>
		<killScore value='10900'/>
		<buildingScore value='3400'/>
		<razingScore value='6150'/>
		<mineralScore value='10450'/>
		<gasScore value='4440'/>
		<totalScore value='43840'/>
	</enemy>

	<scoreRatio value='0.416013'/>
	<timeFitness value='0.188889'/>
	<unitsAverage value='29'/>
</results>
