<results>
	<result value='win'/>
	<start value='2015-05-03.00:15:23'/>
	<end value='2015-05-03.00:16:19'/>
	<frames value='40333'/>
	<gameDuration value='2520'/>

	<player>
		<unitScore value='28575'/>
		<killScore value='37550'/>
		<buildingScore value='4800'/>
		<razingScore value='11025'/>
		<mineralScore value='35630'/>
		<gasScore value='4632'/>
		<totalScore value='122212'/>
	</player>

	<enemy>
		<race value='Terran'/>
		<unitScore value='22550'/>
		<unitScore value='22550'/>
		<killScore value='34150'/>
		<buildingScore value='3675'/>
		<razingScore value='1800'/>
		<mineralScore value='17826'/>
		<gasScore value='9134'/>
		<totalScore value='89135'/>
	</enemy>

	<scoreRatio value='1.37109'/>
	<timeFitness value='0.65'/>
	<unitsAverage value='119'/>
</results>
