<results>
	<result value='loss'/>
	<start value='2015-05-03.01:37:02'/>
	<end value='2015-05-03.01:38:03'/>
	<frames value='55740'/>
	<gameDuration value='3483'/>

	<player>
		<unitScore value='17175'/>
		<killScore value='26650'/>
		<buildingScore value='2525'/>
		<razingScore value='4425'/>
		<mineralScore value='20342'/>
		<gasScore value='1048'/>
		<totalScore value='72165'/>
	</player>

	<enemy>
		<race value='Terran'/>
		<unitScore value='22250'/>
		<unitScore value='22250'/>
		<killScore value='34350'/>
		<buildingScore value='5350'/>
		<razingScore value='7575'/>
		<mineralScore value='27570'/>
		<gasScore value='10092'/>
		<totalScore value='107187'/>
	</enemy>

	<scoreRatio value='0.673263'/>
	<timeFitness value='0.48375'/>
	<unitsAverage value='47'/>
</results>
