<results>
	<result value='win'/>
	<start value='2015-05-03.00:18:41'/>
	<end value='2015-05-03.00:19:35'/>
	<frames value='35156'/>
	<gameDuration value='2197'/>

	<player>
		<unitScore value='23750'/>
		<killScore value='26650'/>
		<buildingScore value='4375'/>
		<razingScore value='8100'/>
		<mineralScore value='45598'/>
		<gasScore value='4904'/>
		<totalScore value='113377'/>
	</player>

	<enemy>
		<race value='Terran'/>
		<unitScore value='13325'/>
		<unitScore value='13325'/>
		<killScore value='24950'/>
		<buildingScore value='2700'/>
		<razingScore value='450'/>
		<mineralScore value='12058'/>
		<gasScore value='4864'/>
		<totalScore value='58347'/>
	</enemy>

	<scoreRatio value='1.94315'/>
	<timeFitness value='0.694861'/>
	<unitsAverage value='137'/>
</results>
