<results>
	<result value='win'/>
	<start value='2015-05-03.00:25:03'/>
	<end value='2015-05-03.00:25:41'/>
	<frames value='31405'/>
	<gameDuration value='1962'/>

	<player>
		<unitScore value='19275'/>
		<killScore value='27200'/>
		<buildingScore value='4650'/>
		<razingScore value='9675'/>
		<mineralScore value='30186'/>
		<gasScore value='3224'/>
		<totalScore value='94210'/>
	</player>

	<enemy>
		<race value='Terran'/>
		<unitScore value='14400'/>
		<unitScore value='14400'/>
		<killScore value='15850'/>
		<buildingScore value='3225'/>
		<razingScore value='1200'/>
		<mineralScore value='12702'/>
		<gasScore value='5144'/>
		<totalScore value='52521'/>
	</enemy>

	<scoreRatio value='1.79376'/>
	<timeFitness value='0.7275'/>
	<unitsAverage value='104'/>
</results>
