<results>
	<result value='win'/>
	<start value='2015-05-03.00:30:17'/>
	<end value='2015-05-03.00:30:47'/>
	<frames value='29576'/>
	<gameDuration value='1848'/>

	<player>
		<unitScore value='16525'/>
		<killScore value='23350'/>
		<buildingScore value='4575'/>
		<razingScore value='8250'/>
		<mineralScore value='26898'/>
		<gasScore value='3616'/>
		<totalScore value='83214'/>
	</player>

	<enemy>
		<race value='Terran'/>
		<unitScore value='11675'/>
		<unitScore value='11675'/>
		<killScore value='13800'/>
		<buildingScore value='2750'/>
		<razingScore value='1500'/>
		<mineralScore value='10658'/>
		<gasScore value='4344'/>
		<totalScore value='44727'/>
	</enemy>

	<scoreRatio value='1.86049'/>
	<timeFitness value='0.743333'/>
	<unitsAverage value='86'/>
</results>
