<results>
	<result value='loss'/>
	<start value='2015-05-03.00:31:13'/>
	<end value='2015-05-03.00:31:25'/>
	<frames value='20524'/>
	<gameDuration value='1282'/>

	<player>
		<unitScore value='5350'/>
		<killScore value='3300'/>
		<buildingScore value='2100'/>
		<razingScore value='0'/>
		<mineralScore value='8106'/>
		<gasScore value='1624'/>
		<totalScore value='20480'/>
	</player>

	<enemy>
		<race value='Terran'/>
		<unitScore value='7800'/>
		<unitScore value='7800'/>
		<killScore value='10700'/>
		<buildingScore value='2925'/>
		<razingScore value='6300'/>
		<mineralScore value='9666'/>
		<gasScore value='3704'/>
		<totalScore value='41095'/>
	</enemy>

	<scoreRatio value='0.498357'/>
	<timeFitness value='0.178056'/>
	<unitsAverage value='31'/>
</results>
