<results>
	<result value='win'/>
	<start value='2015-05-04.01:45:47'/>
	<end value='2015-05-04.01:46:20'/>
	<frames value='29080'/>
	<gameDuration value='1817'/>

	<player>
		<unitScore value='15700'/>
		<killScore value='24850'/>
		<buildingScore value='4250'/>
		<razingScore value='9225'/>
		<mineralScore value='24886'/>
		<gasScore value='2096'/>
		<totalScore value='81007'/>
	</player>

	<enemy>
		<race value='Terran'/>
		<unitScore value='12425'/>
		<unitScore value='12425'/>
		<killScore value='11050'/>
		<buildingScore value='3075'/>
		<razingScore value='525'/>
		<mineralScore value='11714'/>
		<gasScore value='4768'/>
		<totalScore value='43557'/>
	</enemy>

	<scoreRatio value='1.85979'/>
	<timeFitness value='0.747639'/>
	<unitsAverage value='83'/>
</results>
