<results>
	<result value='win'/>
	<start value='2015-05-04.01:48:00'/>
	<end value='2015-05-04.01:48:32'/>
	<frames value='26507'/>
	<gameDuration value='1656'/>

	<player>
		<unitScore value='14000'/>
		<killScore value='19700'/>
		<buildingScore value='3625'/>
		<razingScore value='8700'/>
		<mineralScore value='24562'/>
		<gasScore value='2168'/>
		<totalScore value='72755'/>
	</player>

	<enemy>
		<race value='Terran'/>
		<unitScore value='9850'/>
		<unitScore value='9850'/>
		<killScore value='8800'/>
		<buildingScore value='2900'/>
		<razingScore value='450'/>
		<mineralScore value='10330'/>
		<gasScore value='4056'/>
		<totalScore value='36386'/>
	</enemy>

	<scoreRatio value='1.99953'/>
	<timeFitness value='0.77'/>
	<unitsAverage value='95'/>
</results>
