<results>
	<result value='win'/>
	<start value='2015-05-03.01:56:05'/>
	<end value='2015-05-03.01:56:38'/>
	<frames value='28987'/>
	<gameDuration value='1811'/>

	<player>
		<unitScore value='16075'/>
		<killScore value='26700'/>
		<buildingScore value='4400'/>
		<razingScore value='11700'/>
		<mineralScore value='25170'/>
		<gasScore value='2216'/>
		<totalScore value='86261'/>
	</player>

	<enemy>
		<race value='Terran'/>
		<unitScore value='13350'/>
		<unitScore value='13350'/>
		<killScore value='11500'/>
		<buildingScore value='3900'/>
		<razingScore value='375'/>
		<mineralScore value='12326'/>
		<gasScore value='6080'/>
		<totalScore value='47531'/>
	</enemy>

	<scoreRatio value='1.81484'/>
	<timeFitness value='0.748472'/>
	<unitsAverage value='90'/>
</results>
