<results>
	<result value='win'/>
	<start value='2015-05-04.02:00:56'/>
	<end value='2015-05-04.02:01:38'/>
	<frames value='30723'/>
	<gameDuration value='1920'/>

	<player>
		<unitScore value='19975'/>
		<killScore value='32300'/>
		<buildingScore value='4700'/>
		<razingScore value='10125'/>
		<mineralScore value='28098'/>
		<gasScore value='3888'/>
		<totalScore value='99086'/>
	</player>

	<enemy>
		<race value='Terran'/>
		<unitScore value='16950'/>
		<unitScore value='16950'/>
		<killScore value='16800'/>
		<buildingScore value='3375'/>
		<razingScore value='1200'/>
		<mineralScore value='13362'/>
		<gasScore value='6080'/>
		<totalScore value='57767'/>
	</enemy>

	<scoreRatio value='1.71527'/>
	<timeFitness value='0.733333'/>
	<unitsAverage value='104'/>
</results>
