<results>
	<result value='loss'/>
	<start value='2015-05-09.23:21:35'/>
	<end value='2015-05-09.23:22:51'/>
	<frames value='47742'/>
	<gameDuration value='2983'/>

	<player>
		<unitScore value='23100'/>
		<killScore value='40650'/>
		<buildingScore value='2100'/>
		<razingScore value='600'/>
		<mineralScore value='24122'/>
		<gasScore value='4216'/>
		<totalScore value='94788'/>
	</player>

	<enemy>
		<race value='Protoss'/>
		<unitScore value='38750'/>
		<unitScore value='38750'/>
		<killScore value='46300'/>
		<buildingScore value='7325'/>
		<razingScore value='6300'/>
		<mineralScore value='32806'/>
		<gasScore value='11640'/>
		<totalScore value='143121'/>
	</enemy>

	<scoreRatio value='0.662293'/>
	<timeFitness value='0.414306'/>
	<unitsAverage value='77'/>
</results>
