<results>
	<result value='win'/>
	<start value='2015-04-27.23:44:35'/>
	<end value='2015-04-27.23:44:50'/>
	<frames value='29483'/>
	<gameDuration value='1842'/>

	<player>
		<unitScore value='8625'/>
		<killScore value='16800'/>
		<buildingScore value='3550'/>
		<razingScore value='9075'/>
		<mineralScore value='13946'/>
		<gasScore value='1480'/>
		<totalScore value='53476'/>
	</player>

	<enemy>
		<race value='Terran'/>
		<unitScore value='8700'/>
		<unitScore value='8700'/>
		<killScore value='10350'/>
		<buildingScore value='3025'/>
		<razingScore value='5625'/>
		<mineralScore value='11562'/>
		<gasScore value='4568'/>
		<totalScore value='43830'/>
	</enemy>

	<scoreRatio value='1.22008'/>
</results>
