<results>
	<result value='win'/>
	<start value='2015-04-27.23:44:54'/>
	<end value='2015-04-27.23:45:12'/>
	<frames value='31436'/>
	<gameDuration value='1964'/>

	<player>
		<unitScore value='14800'/>
		<killScore value='24600'/>
		<buildingScore value='3075'/>
		<razingScore value='8550'/>
		<mineralScore value='18242'/>
		<gasScore value='3440'/>
		<totalScore value='72707'/>
	</player>

	<enemy>
		<race value='Terran'/>
		<unitScore value='12600'/>
		<unitScore value='12600'/>
		<killScore value='17950'/>
		<buildingScore value='2850'/>
		<razingScore value='3300'/>
		<mineralScore value='12050'/>
		<gasScore value='5016'/>
		<totalScore value='53766'/>
	</enemy>

	<scoreRatio value='1.35229'/>
</results>
