<results>
	<result value='win'/>
	<start value='2015-04-26.01:58:28'/>
	<end value='2015-04-26.01:58:41'/>
	<frames value='21237'/>
	<gameDuration value='1327'/>

	<player>
		<unitScore value='7175'/>
		<killScore value='15100'/>
		<buildingScore value='1825'/>
		<razingScore value='4275'/>
		<mineralScore value='9362'/>
		<gasScore value='1792'/>
		<totalScore value='39529'/>
	</player>

	<enemy>
		<race value='Terran'/>
		<unitScore value='7550'/>
		<unitScore value='7550'/>
		<killScore value='6300'/>
		<buildingScore value='1500'/>
		<razingScore value='1425'/>
		<mineralScore value='9194'/>
		<gasScore value='2712'/>
		<totalScore value='28681'/>
	</enemy>

	<scoreRatio value='1.37823'/>
</results>
