<results>
	<result value='win'/>
	<start value='2015-04-29.22:05:26'/>
	<end value='2015-04-29.22:05:45'/>
	<frames value='24492'/>
	<gameDuration value='1530'/>

	<player>
		<unitScore value='13400'/>
		<killScore value='21380'/>
		<buildingScore value='3700'/>
		<razingScore value='4920'/>
		<mineralScore value='17646'/>
		<gasScore value='2520'/>
		<totalScore value='63566'/>
	</player>

	<enemy>
		<race value='Zerg'/>
		<unitScore value='9500'/>
		<unitScore value='9500'/>
		<killScore value='11150'/>
		<buildingScore value='1640'/>
		<razingScore value='0'/>
		<mineralScore value='9522'/>
		<gasScore value='2736'/>
		<totalScore value='34548'/>
	</enemy>

	<scoreRatio value='1.83993'/>
	<timeFitness value='0.7875'/>
	<unitsAverage value='71'/>
</results>
