<results>
	<result value='loss'/>
	<start value='2014-07-04.04:59:50'/>
	<end value='2014-07-04.05:00:01'/>
	<frames value='20431'/>
	<gameDuration value='1276'/>

	<player>
		<unitScore value='5375'/>
		<killScore value='3300'/>
		<buildingScore value='2325'/>
		<razingScore value='0'/>
		<mineralScore value='8010'/>
		<gasScore value='1296'/>
		<totalScore value='20306'/>
	</player>

	<enemy>
		<race value='Terran'/>
		<unitScore value='7800'/>
		<unitScore value='7800'/>
		<killScore value='10750'/>
		<buildingScore value='2975'/>
		<razingScore value='6975'/>
		<mineralScore value='9594'/>
		<gasScore value='3736'/>
		<totalScore value='41830'/>
	</enemy>

	<scoreRatio value='0.485441'/>
</results>
