<results>
	<result value='win'/>
	<start value='2015-04-17.05:39:23'/>
	<end value='2015-04-17.05:40:50'/>
	<frames value='37946'/>
	<gameDuration value='2371'/>

	<player>
		<unitScore value='23400'/>
		<killScore value='34650'/>
		<buildingScore value='3850'/>
		<razingScore value='18300'/>
		<mineralScore value='38074'/>
		<gasScore value='3024'/>
		<totalScore value='121298'/>
	</player>

	<enemy>
		<race value='Protoss'/>
		<unitScore value='19125'/>
		<unitScore value='19125'/>
		<killScore value='20850'/>
		<buildingScore value='6100'/>
		<razingScore value='675'/>
		<mineralScore value='17826'/>
		<gasScore value='7168'/>
		<totalScore value='71744'/>
	</enemy>

	<scoreRatio value='1.69071'/>
</results>
