<results>
	<result value='loss'/>
	<start value='2015-07-19.21:06:33'/>
	<end value='2015-07-19.21:07:20'/>
	<frames value='31281'/>
	<gameDuration value='1955'/>

	<player>
		<unitScore value='17500'/>
		<killScore value='16350'/>
		<buildingScore value='2575'/>
		<razingScore value='195'/>
		<mineralScore value='23858'/>
		<gasScore value='2488'/>
		<totalScore value='62966'/>
	</player>

	<enemy>
		<race value='Zerg'/>
		<unitScore value='18475'/>
		<killScore value='34350'/>
		<buildingScore value='3660'/>
		<razingScore value='7725'/>
		<mineralScore value='19014'/>
		<gasScore value='6724'/>
		<totalScore value='89948'/>
	</enemy>

	<scoreRatio value='0.700027'/>
	<timeFitness value='0.271528'/>
	<unitsAverage value='62'/>
</results>
