<results>
	<result value='loss'/>
	<start value='2015-07-19.21:12:48'/>
	<end value='2015-07-19.21:13:27'/>
	<frames value='29607'/>
	<gameDuration value='1850'/>

	<player>
		<unitScore value='15700'/>
		<killScore value='12075'/>
		<buildingScore value='3550'/>
		<razingScore value='0'/>
		<mineralScore value='25354'/>
		<gasScore value='2792'/>
		<totalScore value='59471'/>
	</player>

	<enemy>
		<race value='Zerg'/>
		<unitScore value='16700'/>
		<killScore value='31400'/>
		<buildingScore value='3485'/>
		<razingScore value='10650'/>
		<mineralScore value='17314'/>
		<gasScore value='5672'/>
		<totalScore value='85221'/>
	</enemy>

	<scoreRatio value='0.697844'/>
	<timeFitness value='0.256944'/>
	<unitsAverage value='63'/>
</results>
