<results>
	<result value='loss'/>
	<start value='2015-07-19.21:19:12'/>
	<end value='2015-07-19.21:20:03'/>
	<frames value='36210'/>
	<gameDuration value='2263'/>

	<player>
		<unitScore value='20900'/>
		<killScore value='16200'/>
		<buildingScore value='4525'/>
		<razingScore value='390'/>
		<mineralScore value='23858'/>
		<gasScore value='3296'/>
		<totalScore value='69169'/>
	</player>

	<enemy>
		<race value='Zerg'/>
		<unitScore value='18400'/>
		<killScore value='36800'/>
		<buildingScore value='3960'/>
		<razingScore value='13575'/>
		<mineralScore value='20006'/>
		<gasScore value='7132'/>
		<totalScore value='99873'/>
	</enemy>

	<scoreRatio value='0.69257'/>
	<timeFitness value='0.314306'/>
	<unitsAverage value='81'/>
</results>
