<results>
	<result value='draw'/>
	<start value='2015-07-19.21:28:02'/>
	<end value='2015-07-19.21:29:12'/>
	<frames value='57601'/>
	<gameDuration value='3600'/>

	<player>
		<unitScore value='33050'/>
		<killScore value='27270'/>
		<buildingScore value='6525'/>
		<razingScore value='900'/>
		<mineralScore value='48990'/>
		<gasScore value='4104'/>
		<totalScore value='120839'/>
	</player>

	<enemy>
		<race value='Zerg'/>
		<unitScore value='12900'/>
		<killScore value='57900'/>
		<buildingScore value='3045'/>
		<razingScore value='13125'/>
		<mineralScore value='13374'/>
		<gasScore value='9336'/>
		<totalScore value='109680'/>
	</enemy>

	<scoreRatio value='1.10174'/>
	<timeFitness value='0.5'/>
	<unitsAverage value='78'/>
</results>
