<results>
	<result value='win'/>
	<start value='2015-04-25.21:03:53'/>
	<end value='2015-04-25.21:04:24'/>
	<frames value='37636'/>
	<gameDuration value='2352'/>

	<player>
		<unitScore value='18725'/>
		<killScore value='28900'/>
		<buildingScore value='2525'/>
		<razingScore value='7800'/>
		<mineralScore value='22218'/>
		<gasScore value='2688'/>
		<totalScore value='82856'/>
	</player>

	<enemy>
		<race value='Terran'/>
		<unitScore value='14450'/>
		<unitScore value='14450'/>
		<killScore value='23600'/>
		<buildingScore value='2600'/>
		<razingScore value='375'/>
		<mineralScore value='12050'/>
		<gasScore value='5348'/>
		<totalScore value='58423'/>
	</enemy>

	<scoreRatio value='1.41821'/>
</results>
