<results>
	<result value='win'/>
	<start value='2015-04-17.01:13:48'/>
	<end value='2015-04-17.01:14:47'/>
	<frames value='30134'/>
	<gameDuration value='1883'/>

	<player>
		<unitScore value='16725'/>
		<killScore value='21150'/>
		<buildingScore value='4325'/>
		<razingScore value='19050'/>
		<mineralScore value='24810'/>
		<gasScore value='3424'/>
		<totalScore value='89484'/>
	</player>

	<enemy>
		<race value='Protoss'/>
		<unitScore value='11025'/>
		<unitScore value='11025'/>
		<killScore value='12300'/>
		<buildingScore value='6350'/>
		<razingScore value='0'/>
		<mineralScore value='17014'/>
		<gasScore value='4776'/>
		<totalScore value='51465'/>
	</enemy>

	<scoreRatio value='1.73874'/>
</results>
