<results>
	<result value='win'/>
	<start value='2014-07-24.16:09:00'/>
	<end value='2014-07-24.16:09:21'/>
	<frames value='25143'/>
	<gameDuration value='1571'/>

	<player>
		<unitScore value='16375'/>
		<killScore value='20200'/>
		<buildingScore value='3625'/>
		<razingScore value='6825'/>
		<mineralScore value='24046'/>
		<gasScore value='1960'/>
		<totalScore value='73031'/>
	</player>

	<enemy>
		<race value='Terran'/>
		<unitScore value='11900'/>
		<unitScore value='11900'/>
		<killScore value='13850'/>
		<buildingScore value='2350'/>
		<razingScore value='375'/>
		<mineralScore value='11302'/>
		<gasScore value='4008'/>
		<totalScore value='43785'/>
	</enemy>

	<scoreRatio value='1.66795'/>
</results>
