<results>
	<result value='draw'/>
	<start value='2014-07-24.16:25:44'/>
	<end value='2014-07-24.16:26:26'/>
	<frames value='57601'/>
	<gameDuration value='3600'/>

	<player>
		<unitScore value='9100'/>
		<killScore value='19350'/>
		<buildingScore value='3975'/>
		<razingScore value='1725'/>
		<mineralScore value='38050'/>
		<gasScore value='6558'/>
		<totalScore value='78758'/>
	</player>

	<enemy>
		<race value='Terran'/>
		<unitScore value='16475'/>
		<unitScore value='16475'/>
		<killScore value='17300'/>
		<buildingScore value='4600'/>
		<razingScore value='6825'/>
		<mineralScore value='24842'/>
		<gasScore value='6510'/>
		<totalScore value='76552'/>
	</enemy>

	<scoreRatio value='1.02882'/>
</results>
