<results>
	<result value='draw'/>
	<start value='2015-05-05.12:43:34'/>
	<end value='2015-05-05.12:44:44'/>
	<frames value='57601'/>
	<gameDuration value='3600'/>

	<player>
		<unitScore value='32625'/>
		<killScore value='54150'/>
		<buildingScore value='3475'/>
		<razingScore value='900'/>
		<mineralScore value='31510'/>
		<gasScore value='9174'/>
		<totalScore value='131834'/>
	</player>

	<enemy>
		<race value='Protoss'/>
		<unitScore value='35500'/>
		<unitScore value='35500'/>
		<killScore value='54750'/>
		<buildingScore value='6275'/>
		<razingScore value='1800'/>
		<mineralScore value='31550'/>
		<gasScore value='11438'/>
		<totalScore value='141313'/>
	</enemy>

	<scoreRatio value='0.932922'/>
	<timeFitness value='0.5'/>
	<unitsAverage value='113'/>
</results>
