<results>
	<result value='win'/>
	<start value='2015-05-10.13:58:57'/>
	<end value='2015-05-10.13:59:14'/>
	<frames value='21733'/>
	<gameDuration value='1358'/>

	<player>
		<unitScore value='9675'/>
		<killScore value='14400'/>
		<buildingScore value='2825'/>
		<razingScore value='9150'/>
		<mineralScore value='16022'/>
		<gasScore value='2296'/>
		<totalScore value='54368'/>
	</player>

	<enemy>
		<race value='Protoss'/>
		<unitScore value='7550'/>
		<unitScore value='7550'/>
		<killScore value='3700'/>
		<buildingScore value='3050'/>
		<razingScore value='300'/>
		<mineralScore value='9482'/>
		<gasScore value='2528'/>
		<totalScore value='26610'/>
	</enemy>

	<scoreRatio value='2.04314'/>
	<timeFitness value='0.811389'/>
	<unitsAverage value='72'/>
</results>
