<results>
	<result value='win'/>
	<start value='2015-05-10.14:12:11'/>
	<end value='2015-05-10.14:12:47'/>
	<frames value='32645'/>
	<gameDuration value='2040'/>

	<player>
		<unitScore value='17875'/>
		<killScore value='13700'/>
		<buildingScore value='4175'/>
		<razingScore value='15825'/>
		<mineralScore value='28626'/>
		<gasScore value='3464'/>
		<totalScore value='83665'/>
	</player>

	<enemy>
		<race value='Protoss'/>
		<unitScore value='6850'/>
		<unitScore value='6850'/>
		<killScore value='13150'/>
		<buildingScore value='5275'/>
		<razingScore value='0'/>
		<mineralScore value='15650'/>
		<gasScore value='4240'/>
		<totalScore value='45165'/>
	</enemy>

	<scoreRatio value='1.85243'/>
	<timeFitness value='0.716667'/>
	<unitsAverage value='102'/>
</results>
