<results>
	<result value='win'/>
	<start value='2015-04-29.15:43:15'/>
	<end value='2015-04-29.15:43:44'/>
	<frames value='21423'/>
	<gameDuration value='1338'/>

	<player>
		<unitScore value='11925'/>
		<killScore value='17370'/>
		<buildingScore value='3475'/>
		<razingScore value='4560'/>
		<mineralScore value='17078'/>
		<gasScore value='1984'/>
		<totalScore value='56392'/>
	</player>

	<enemy>
		<race value='Zerg'/>
		<unitScore value='7900'/>
		<unitScore value='7900'/>
		<killScore value='7350'/>
		<buildingScore value='1520'/>
		<razingScore value='0'/>
		<mineralScore value='8106'/>
		<gasScore value='2360'/>
		<totalScore value='27236'/>
	</enemy>

	<scoreRatio value='2.07049'/>
	<timeFitness value='0.814167'/>
	<unitsAverage value='74'/>
</results>
