<results>
	<result value='win'/>
	<start value='2015-04-29.16:02:11'/>
	<end value='2015-04-29.16:02:48'/>
	<frames value='23593'/>
	<gameDuration value='1474'/>

	<player>
		<unitScore value='13825'/>
		<killScore value='21680'/>
		<buildingScore value='3775'/>
		<razingScore value='4560'/>
		<mineralScore value='21758'/>
		<gasScore value='2448'/>
		<totalScore value='68046'/>
	</player>

	<enemy>
		<race value='Zerg'/>
		<unitScore value='9625'/>
		<unitScore value='9625'/>
		<killScore value='8300'/>
		<buildingScore value='1520'/>
		<razingScore value='0'/>
		<mineralScore value='8810'/>
		<gasScore value='2704'/>
		<totalScore value='30959'/>
	</enemy>

	<scoreRatio value='2.19794'/>
	<timeFitness value='0.795278'/>
	<unitsAverage value='87'/>
</results>
