<results>
	<result value='win'/>
	<start value='2015-04-07.17:29:28'/>
	<end value='2015-04-07.17:29:54'/>
	<frames value='26104'/>
	<gameDuration value='1631'/>

	<player>
		<unitScore value='16150'/>
		<killScore value='13900'/>
		<buildingScore value='3775'/>
		<razingScore value='11925'/>
		<mineralScore value='26026'/>
		<gasScore value='2472'/>
		<totalScore value='74248'/>
	</player>

	<enemy>
		<race value='Protoss'/>
		<unitScore value='6950'/>
		<unitScore value='6950'/>
		<killScore value='12600'/>
		<buildingScore value='3975'/>
		<razingScore value='0'/>
		<mineralScore value='17182'/>
		<gasScore value='968'/>
		<totalScore value='41675'/>
	</enemy>

	<scoreRatio value='1.7816'/>
</results>
