<results>
	<result value='loss'/>
	<start value='2015-04-08.06:17:06'/>
	<end value='2015-04-08.06:17:41'/>
	<frames value='46998'/>
	<gameDuration value='2937'/>

	<player>
		<unitScore value='24500'/>
		<killScore value='38250'/>
		<buildingScore value='2750'/>
		<razingScore value='0'/>
		<mineralScore value='23274'/>
		<gasScore value='3424'/>
		<totalScore value='92198'/>
	</player>

	<enemy>
		<race value='Protoss'/>
		<unitScore value='38800'/>
		<unitScore value='38800'/>
		<killScore value='49100'/>
		<buildingScore value='7475'/>
		<razingScore value='8250'/>
		<mineralScore value='33086'/>
		<gasScore value='12832'/>
		<totalScore value='149543'/>
	</enemy>

	<scoreRatio value='0.616532'/>
</results>
