<results>
	<result value='loss'/>
	<start value='2015-07-12.13:51:25'/>
	<end value='2015-07-12.13:51:35'/>
	<frames value='20927'/>
	<gameDuration value='1307'/>

	<player>
		<unitScore value='7975'/>
		<killScore value='3450'/>
		<buildingScore value='2125'/>
		<razingScore value='0'/>
		<mineralScore value='10114'/>
		<gasScore value='1808'/>
		<totalScore value='25472'/>
	</player>

	<enemy>
		<race value='Terran'/>
		<unitScore value='8675'/>
		<killScore value='15950'/>
		<buildingScore value='2975'/>
		<razingScore value='6375'/>
		<mineralScore value='10050'/>
		<gasScore value='3816'/>
		<totalScore value='47841'/>
	</enemy>

	<scoreRatio value='0.53243'/>
	<timeFitness value='0.181528'/>
	<unitsAverage value='35'/>
</results>
