<results>
	<result value='loss'/>
	<start value='2015-07-12.13:51:46'/>
	<end value='2015-07-12.13:52:00'/>
	<frames value='26445'/>
	<gameDuration value='1652'/>

	<player>
		<unitScore value='12750'/>
		<killScore value='6500'/>
		<buildingScore value='4025'/>
		<razingScore value='1500'/>
		<mineralScore value='14702'/>
		<gasScore value='2016'/>
		<totalScore value='41493'/>
	</player>

	<enemy>
		<race value='Terran'/>
		<unitScore value='6900'/>
		<killScore value='24550'/>
		<buildingScore value='2800'/>
		<razingScore value='12075'/>
		<mineralScore value='10622'/>
		<gasScore value='4584'/>
		<totalScore value='61531'/>
	</enemy>

	<scoreRatio value='0.674343'/>
	<timeFitness value='0.229444'/>
	<unitsAverage value='43'/>
</results>
