<results>
	<result value='loss'/>
	<start value='2015-07-12.13:53:38'/>
	<end value='2015-07-12.13:53:47'/>
	<frames value='20772'/>
	<gameDuration value='1298'/>

	<player>
		<unitScore value='5600'/>
		<killScore value='1100'/>
		<buildingScore value='2125'/>
		<razingScore value='0'/>
		<mineralScore value='7306'/>
		<gasScore value='824'/>
		<totalScore value='16955'/>
	</player>

	<enemy>
		<race value='Terran'/>
		<unitScore value='8175'/>
		<killScore value='11200'/>
		<buildingScore value='3175'/>
		<razingScore value='6375'/>
		<mineralScore value='9994'/>
		<gasScore value='3960'/>
		<totalScore value='42879'/>
	</enemy>

	<scoreRatio value='0.395415'/>
	<timeFitness value='0.180278'/>
	<unitsAverage value='24'/>
</results>
