<results>
	<result value='loss'/>
	<start value='2015-07-12.13:57:54'/>
	<end value='2015-07-12.13:58:07'/>
	<frames value='25701'/>
	<gameDuration value='1606'/>

	<player>
		<unitScore value='9175'/>
		<killScore value='4400'/>
		<buildingScore value='2750'/>
		<razingScore value='0'/>
		<mineralScore value='10742'/>
		<gasScore value='1760'/>
		<totalScore value='28827'/>
	</player>

	<enemy>
		<race value='Terran'/>
		<unitScore value='10650'/>
		<killScore value='18350'/>
		<buildingScore value='4025'/>
		<razingScore value='8250'/>
		<mineralScore value='12874'/>
		<gasScore value='5784'/>
		<totalScore value='59933'/>
	</enemy>

	<scoreRatio value='0.480987'/>
	<timeFitness value='0.223056'/>
	<unitsAverage value='31'/>
</results>
