<results>
	<result value='draw'/>
	<start value='2015-04-08.14:09:38'/>
	<end value='2015-04-08.14:10:42'/>
	<frames value='57601'/>
	<gameDuration value='3600'/>

	<player>
		<unitScore value='29550'/>
		<killScore value='45400'/>
		<buildingScore value='3925'/>
		<razingScore value='0'/>
		<mineralScore value='31494'/>
		<gasScore value='5242'/>
		<totalScore value='115611'/>
	</player>

	<enemy>
		<race value='Protoss'/>
		<unitScore value='34475'/>
		<unitScore value='34475'/>
		<killScore value='50150'/>
		<buildingScore value='6175'/>
		<razingScore value='4575'/>
		<mineralScore value='31298'/>
		<gasScore value='12192'/>
		<totalScore value='138865'/>
	</enemy>

	<scoreRatio value='0.832542'/>
</results>
