<results>
	<result value='loss'/>
	<start value='2015-07-18.04:04:35'/>
	<end value='2015-07-18.04:04:48'/>
	<frames value='16649'/>
	<gameDuration value='1040'/>

	<player>
		<unitScore value='4275'/>
		<killScore value='1100'/>
		<buildingScore value='2050'/>
		<razingScore value='0'/>
		<mineralScore value='5538'/>
		<gasScore value='712'/>
		<totalScore value='13675'/>
	</player>

	<enemy>
		<race value='Terran'/>
		<unitScore value='6100'/>
		<killScore value='8100'/>
		<buildingScore value='2625'/>
		<razingScore value='6150'/>
		<mineralScore value='7578'/>
		<gasScore value='2616'/>
		<totalScore value='33169'/>
	</enemy>

	<scoreRatio value='0.412283'/>
	<timeFitness value='0.144444'/>
	<unitsAverage value='24'/>
</results>
