<results>
	<result value='loss'/>
	<start value='2015-05-08.18:25:43'/>
	<end value='2015-05-08.18:25:57'/>
	<frames value='22880'/>
	<gameDuration value='1430'/>

	<player>
		<unitScore value='8450'/>
		<killScore value='3400'/>
		<buildingScore value='2225'/>
		<razingScore value='0'/>
		<mineralScore value='9562'/>
		<gasScore value='1280'/>
		<totalScore value='24917'/>
	</player>

	<enemy>
		<race value='Terran'/>
		<unitScore value='9500'/>
		<unitScore value='9500'/>
		<killScore value='16900'/>
		<buildingScore value='3550'/>
		<razingScore value='6675'/>
		<mineralScore value='11130'/>
		<gasScore value='4864'/>
		<totalScore value='52619'/>
	</enemy>

	<scoreRatio value='0.473536'/>
	<timeFitness value='0.198611'/>
	<unitsAverage value='37'/>
</results>
