<results>
	<result value='win'/>
	<start value='2015-05-08.18:26:51'/>
	<end value='2015-05-08.18:27:15'/>
	<frames value='30134'/>
	<gameDuration value='1883'/>

	<player>
		<unitScore value='15175'/>
		<killScore value='29250'/>
		<buildingScore value='3375'/>
		<razingScore value='10425'/>
		<mineralScore value='18770'/>
		<gasScore value='1872'/>
		<totalScore value='78867'/>
	</player>

	<enemy>
		<race value='Terran'/>
		<unitScore value='15425'/>
		<unitScore value='15425'/>
		<killScore value='13500'/>
		<buildingScore value='3475'/>
		<razingScore value='1500'/>
		<mineralScore value='13234'/>
		<gasScore value='6194'/>
		<totalScore value='53328'/>
	</enemy>

	<scoreRatio value='1.4789'/>
	<timeFitness value='0.738472'/>
	<unitsAverage value='71'/>
</results>
