<results>
	<result value='win'/>
	<start value='2015-04-30.22:46:27'/>
	<end value='2015-04-30.22:46:38'/>
	<frames value='17052'/>
	<gameDuration value='1065'/>

	<player>
		<unitScore value='7000'/>
		<killScore value='9950'/>
		<buildingScore value='2575'/>
		<razingScore value='4350'/>
		<mineralScore value='11586'/>
		<gasScore value='1264'/>
		<totalScore value='36725'/>
	</player>

	<enemy>
		<race value='Terran'/>
		<unitScore value='4975'/>
		<unitScore value='4975'/>
		<killScore value='1600'/>
		<buildingScore value='1450'/>
		<razingScore value='0'/>
		<mineralScore value='7698'/>
		<gasScore value='1800'/>
		<totalScore value='17523'/>
	</enemy>

	<scoreRatio value='2.09582'/>
</results>
