<results>
	<result value='win'/>
	<start value='2015-04-30.23:13:01'/>
	<end value='2015-04-30.23:13:13'/>
	<frames value='20214'/>
	<gameDuration value='1263'/>

	<player>
		<unitScore value='7125'/>
		<killScore value='13100'/>
		<buildingScore value='1950'/>
		<razingScore value='5250'/>
		<mineralScore value='9722'/>
		<gasScore value='1768'/>
		<totalScore value='38915'/>
	</player>

	<enemy>
		<race value='Terran'/>
		<unitScore value='6550'/>
		<unitScore value='6550'/>
		<killScore value='7650'/>
		<buildingScore value='1750'/>
		<razingScore value='1875'/>
		<mineralScore value='8242'/>
		<gasScore value='2584'/>
		<totalScore value='28651'/>
	</enemy>

	<scoreRatio value='1.35824'/>
</results>
