<results>
	<result value='loss'/>
	<start value='2015-04-30.23:18:28'/>
	<end value='2015-04-30.23:18:36'/>
	<frames value='16401'/>
	<gameDuration value='1025'/>

	<player>
		<unitScore value='4350'/>
		<killScore value='400'/>
		<buildingScore value='1125'/>
		<razingScore value='0'/>
		<mineralScore value='5410'/>
		<gasScore value='576'/>
		<totalScore value='11861'/>
	</player>

	<enemy>
		<race value='Terran'/>
		<unitScore value='5450'/>
		<unitScore value='5450'/>
		<killScore value='8700'/>
		<buildingScore value='1800'/>
		<razingScore value='3375'/>
		<mineralScore value='7482'/>
		<gasScore value='2552'/>
		<totalScore value='29359'/>
	</enemy>

	<scoreRatio value='0.403999'/>
</results>
