<results>
	<result value='loss'/>
	<start value='2015-04-30.23:34:01'/>
	<end value='2015-04-30.23:34:12'/>
	<frames value='19005'/>
	<gameDuration value='1187'/>

	<player>
		<unitScore value='3950'/>
		<killScore value='2200'/>
		<buildingScore value='1875'/>
		<razingScore value='0'/>
		<mineralScore value='6042'/>
		<gasScore value='824'/>
		<totalScore value='14891'/>
	</player>

	<enemy>
		<race value='Terran'/>
		<unitScore value='7500'/>
		<unitScore value='7500'/>
		<killScore value='7900'/>
		<buildingScore value='2850'/>
		<razingScore value='5625'/>
		<mineralScore value='8690'/>
		<gasScore value='3248'/>
		<totalScore value='35813'/>
	</enemy>

	<scoreRatio value='0.415799'/>
</results>
