<results>
	<result value='loss'/>
	<start value='2015-04-30.23:40:26'/>
	<end value='2015-04-30.23:40:35'/>
	<frames value='19129'/>
	<gameDuration value='1195'/>

	<player>
		<unitScore value='2975'/>
		<killScore value='3900'/>
		<buildingScore value='1450'/>
		<razingScore value='0'/>
		<mineralScore value='4554'/>
		<gasScore value='624'/>
		<totalScore value='13503'/>
	</player>

	<enemy>
		<race value='Terran'/>
		<unitScore value='7450'/>
		<unitScore value='7450'/>
		<killScore value='5950'/>
		<buildingScore value='2850'/>
		<razingScore value='4350'/>
		<mineralScore value='8826'/>
		<gasScore value='3224'/>
		<totalScore value='32650'/>
	</enemy>

	<scoreRatio value='0.413568'/>
</results>
