<results>
	<result value='loss'/>
	<start value='2015-04-30.23:44:38'/>
	<end value='2015-04-30.23:44:51'/>
	<frames value='21516'/>
	<gameDuration value='1344'/>

	<player>
		<unitScore value='7500'/>
		<killScore value='2100'/>
		<buildingScore value='2350'/>
		<razingScore value='0'/>
		<mineralScore value='10530'/>
		<gasScore value='1560'/>
		<totalScore value='24040'/>
	</player>

	<enemy>
		<race value='Terran'/>
		<unitScore value='8275'/>
		<unitScore value='8275'/>
		<killScore value='15000'/>
		<buildingScore value='2975'/>
		<razingScore value='7050'/>
		<mineralScore value='10250'/>
		<gasScore value='3896'/>
		<totalScore value='47446'/>
	</enemy>

	<scoreRatio value='0.506681'/>
</results>
