<results>
	<result value='win'/>
	<start value='2015-04-30.23:49:57'/>
	<end value='2015-04-30.23:50:08'/>
	<frames value='17827'/>
	<gameDuration value='1114'/>

	<player>
		<unitScore value='7025'/>
		<killScore value='10300'/>
		<buildingScore value='1925'/>
		<razingScore value='4350'/>
		<mineralScore value='10794'/>
		<gasScore value='1176'/>
		<totalScore value='35570'/>
	</player>

	<enemy>
		<race value='Terran'/>
		<unitScore value='5150'/>
		<unitScore value='5150'/>
		<killScore value='4600'/>
		<buildingScore value='1450'/>
		<razingScore value='150'/>
		<mineralScore value='8170'/>
		<gasScore value='2064'/>
		<totalScore value='21584'/>
	</enemy>

	<scoreRatio value='1.64798'/>
</results>
