<results>
	<result value='win'/>
	<start value='2015-04-30.23:52:01'/>
	<end value='2015-04-30.23:53:51'/>
	<frames value='57011'/>
	<gameDuration value='3563'/>

	<player>
		<unitScore value='19550'/>
		<killScore value='30800'/>
		<buildingScore value='5475'/>
		<razingScore value='10200'/>
		<mineralScore value='49382'/>
		<gasScore value='5954'/>
		<totalScore value='121361'/>
	</player>

	<enemy>
		<race value='Terran'/>
		<unitScore value='16200'/>
		<unitScore value='16200'/>
		<killScore value='15650'/>
		<buildingScore value='3400'/>
		<razingScore value='1350'/>
		<mineralScore value='13670'/>
		<gasScore value='5978'/>
		<totalScore value='56248'/>
	</enemy>

	<scoreRatio value='2.15761'/>
</results>
