<results>
	<result value='win'/>
	<start value='2015-04-30.23:58:24'/>
	<end value='2015-04-30.23:58:58'/>
	<frames value='33451'/>
	<gameDuration value='2090'/>

	<player>
		<unitScore value='18075'/>
		<killScore value='29050'/>
		<buildingScore value='4150'/>
		<razingScore value='13200'/>
		<mineralScore value='25702'/>
		<gasScore value='3752'/>
		<totalScore value='93929'/>
	</player>

	<enemy>
		<race value='Terran'/>
		<unitScore value='16525'/>
		<unitScore value='16525'/>
		<killScore value='16200'/>
		<buildingScore value='4400'/>
		<razingScore value='2250'/>
		<mineralScore value='14910'/>
		<gasScore value='7360'/>
		<totalScore value='61645'/>
	</enemy>

	<scoreRatio value='1.52371'/>
</results>
