<results>
	<result value='loss'/>
	<start value='2015-04-30.23:59:34'/>
	<end value='2015-04-30.23:59:44'/>
	<frames value='18850'/>
	<gameDuration value='1178'/>

	<player>
		<unitScore value='2950'/>
		<killScore value='1250'/>
		<buildingScore value='2175'/>
		<razingScore value='0'/>
		<mineralScore value='5370'/>
		<gasScore value='744'/>
		<totalScore value='12489'/>
	</player>

	<enemy>
		<race value='Terran'/>
		<unitScore value='7150'/>
		<unitScore value='7150'/>
		<killScore value='5900'/>
		<buildingScore value='2850'/>
		<razingScore value='6525'/>
		<mineralScore value='8642'/>
		<gasScore value='3216'/>
		<totalScore value='34283'/>
	</enemy>

	<scoreRatio value='0.364291'/>
</results>
