<results>
	<result value='draw'/>
	<start value='2015-05-01.00:03:28'/>
	<end value='2015-05-01.00:04:17'/>
	<frames value='57601'/>
	<gameDuration value='3600'/>

	<player>
		<unitScore value='26625'/>
		<killScore value='28250'/>
		<buildingScore value='2975'/>
		<razingScore value='225'/>
		<mineralScore value='30754'/>
		<gasScore value='5378'/>
		<totalScore value='94207'/>
	</player>

	<enemy>
		<race value='Terran'/>
		<unitScore value='28225'/>
		<unitScore value='28225'/>
		<killScore value='47600'/>
		<buildingScore value='4700'/>
		<razingScore value='2625'/>
		<mineralScore value='31258'/>
		<gasScore value='12250'/>
		<totalScore value='126658'/>
	</enemy>

	<scoreRatio value='0.74379'/>
</results>
