<results>
	<result value='win'/>
	<start value='2015-05-01.00:04:20'/>
	<end value='2015-05-01.00:04:44'/>
	<frames value='26662'/>
	<gameDuration value='1666'/>

	<player>
		<unitScore value='14200'/>
		<killScore value='25000'/>
		<buildingScore value='4950'/>
		<razingScore value='8175'/>
		<mineralScore value='20506'/>
		<gasScore value='2160'/>
		<totalScore value='74991'/>
	</player>

	<enemy>
		<race value='Terran'/>
		<unitScore value='12500'/>
		<unitScore value='12500'/>
		<killScore value='9950'/>
		<buildingScore value='2800'/>
		<razingScore value='1350'/>
		<mineralScore value='10602'/>
		<gasScore value='4224'/>
		<totalScore value='41426'/>
	</enemy>

	<scoreRatio value='1.81024'/>
</results>
