<results>
	<result value='loss'/>
	<start value='2015-07-19.20:50:09'/>
	<end value='2015-07-19.20:50:20'/>
	<frames value='18664'/>
	<gameDuration value='1166'/>

	<player>
		<unitScore value='950'/>
		<killScore value='550'/>
		<buildingScore value='675'/>
		<razingScore value='0'/>
		<mineralScore value='1346'/>
		<gasScore value='40'/>
		<totalScore value='3561'/>
	</player>

	<enemy>
		<race value='Zerg'/>
		<unitScore value='7150'/>
		<killScore value='1900'/>
		<buildingScore value='1520'/>
		<razingScore value='2025'/>
		<mineralScore value='7298'/>
		<gasScore value='2064'/>
		<totalScore value='21957'/>
	</enemy>

	<scoreRatio value='0.162181'/>
	<timeFitness value='0.161944'/>
	<unitsAverage value='7'/>
</results>
