<results>
	<result value='loss'/>
	<start value='2015-07-19.20:58:09'/>
	<end value='2015-07-19.20:58:41'/>
	<frames value='27189'/>
	<gameDuration value='1699'/>

	<player>
		<unitScore value='12725'/>
		<killScore value='6800'/>
		<buildingScore value='2950'/>
		<razingScore value='0'/>
		<mineralScore value='23258'/>
		<gasScore value='1400'/>
		<totalScore value='47133'/>
	</player>

	<enemy>
		<race value='Zerg'/>
		<unitScore value='13575'/>
		<killScore value='25450'/>
		<buildingScore value='3150'/>
		<razingScore value='8850'/>
		<mineralScore value='15790'/>
		<gasScore value='4552'/>
		<totalScore value='71367'/>
	</enemy>

	<scoreRatio value='0.660431'/>
	<timeFitness value='0.235972'/>
	<unitsAverage value='64'/>
</results>
