<results>
	<result value='loss'/>
	<start value='2015-04-28.19:47:17'/>
	<end value='2015-04-28.19:47:55'/>
	<frames value='50098'/>
	<gameDuration value='3131'/>

	<player>
		<unitScore value='23075'/>
		<killScore value='46750'/>
		<buildingScore value='2400'/>
		<razingScore value='1350'/>
		<mineralScore value='23986'/>
		<gasScore value='3960'/>
		<totalScore value='101521'/>
	</player>

	<enemy>
		<race value='Protoss'/>
		<unitScore value='41025'/>
		<unitScore value='41025'/>
		<killScore value='46150'/>
		<buildingScore value='7875'/>
		<razingScore value='7200'/>
		<mineralScore value='35058'/>
		<gasScore value='13054'/>
		<totalScore value='150362'/>
	</enemy>

	<scoreRatio value='0.675177'/>
	<timeFitness value='0.434861'/>
	<unitsAverage value='85'/>
</results>
