<results>
	<result value='draw'/>
	<start value='2014-07-23.00:04:10'/>
	<end value='2014-07-23.00:05:45'/>
	<frames value='57601'/>
	<gameDuration value='3600'/>

	<player>
		<unitScore value='37225'/>
		<killScore value='55635'/>
		<buildingScore value='3975'/>
		<razingScore value='11025'/>
		<mineralScore value='35838'/>
		<gasScore value='5392'/>
		<totalScore value='149090'/>
	</player>

	<enemy>
		<race value='Zerg'/>
		<unitScore value='27375'/>
		<unitScore value='27375'/>
		<killScore value='59850'/>
		<buildingScore value='4080'/>
		<razingScore value='150'/>
		<mineralScore value='25810'/>
		<gasScore value='8690'/>
		<totalScore value='125955'/>
	</enemy>

	<scoreRatio value='1.18368'/>
</results>
