<results>
	<result value='win'/>
	<start value='2014-07-11.22:33:00'/>
	<end value='2014-07-11.22:33:26'/>
	<frames value='27468'/>
	<gameDuration value='1716'/>

	<player>
		<unitScore value='17475'/>
		<killScore value='28445'/>
		<buildingScore value='4100'/>
		<razingScore value='6135'/>
		<mineralScore value='26394'/>
		<gasScore value='1840'/>
		<totalScore value='84389'/>
	</player>

	<enemy>
		<race value='Zerg'/>
		<unitScore value='13100'/>
		<unitScore value='13100'/>
		<killScore value='14100'/>
		<buildingScore value='2045'/>
		<razingScore value='0'/>
		<mineralScore value='12322'/>
		<gasScore value='4224'/>
		<totalScore value='45791'/>
	</enemy>

	<scoreRatio value='1.84292'/>
</results>
