<results>
	<result value='win'/>
	<start value='2014-07-11.22:34:58'/>
	<end value='2014-07-11.22:35:35'/>
	<frames value='32459'/>
	<gameDuration value='2028'/>

	<player>
		<unitScore value='22550'/>
		<killScore value='31140'/>
		<buildingScore value='4300'/>
		<razingScore value='5040'/>
		<mineralScore value='33198'/>
		<gasScore value='2304'/>
		<totalScore value='98532'/>
	</player>

	<enemy>
		<race value='Zerg'/>
		<unitScore value='14175'/>
		<unitScore value='14175'/>
		<killScore value='21450'/>
		<buildingScore value='1680'/>
		<razingScore value='0'/>
		<mineralScore value='12630'/>
		<gasScore value='3936'/>
		<totalScore value='53871'/>
	</enemy>

	<scoreRatio value='1.82904'/>
</results>
