<results>
	<result value='win'/>
	<start value='2015-04-08.10:34:04'/>
	<end value='2015-04-08.10:35:04'/>
	<frames value='47091'/>
	<gameDuration value='2943'/>

	<player>
		<unitScore value='31425'/>
		<killScore value='46850'/>
		<buildingScore value='3350'/>
		<razingScore value='22275'/>
		<mineralScore value='33150'/>
		<gasScore value='5504'/>
		<totalScore value='142554'/>
	</player>

	<enemy>
		<race value='Protoss'/>
		<unitScore value='25675'/>
		<unitScore value='25675'/>
		<killScore value='44000'/>
		<buildingScore value='7425'/>
		<razingScore value='150'/>
		<mineralScore value='25250'/>
		<gasScore value='9844'/>
		<totalScore value='112344'/>
	</enemy>

	<scoreRatio value='1.26891'/>
</results>
