<results>
	<result value='win'/>
	<start value='2015-05-06.03:38:26'/>
	<end value='2015-05-06.03:39:08'/>
	<frames value='29638'/>
	<gameDuration value='1852'/>

	<player>
		<unitScore value='18325'/>
		<killScore value='23300'/>
		<buildingScore value='4075'/>
		<razingScore value='15375'/>
		<mineralScore value='24442'/>
		<gasScore value='2592'/>
		<totalScore value='88109'/>
	</player>

	<enemy>
		<race value='Protoss'/>
		<unitScore value='12500'/>
		<unitScore value='12500'/>
		<killScore value='12500'/>
		<buildingScore value='5125'/>
		<razingScore value='300'/>
		<mineralScore value='14954'/>
		<gasScore value='4872'/>
		<totalScore value='50251'/>
	</enemy>

	<scoreRatio value='1.75338'/>
	<timeFitness value='0.742778'/>
	<unitsAverage value='96'/>
</results>
