<results>
	<result value='loss'/>
	<start value='2015-05-06.03:48:37'/>
	<end value='2015-05-06.03:48:50'/>
	<frames value='17796'/>
	<gameDuration value='1112'/>

	<player>
		<unitScore value='5300'/>
		<killScore value='600'/>
		<buildingScore value='1775'/>
		<razingScore value='0'/>
		<mineralScore value='7162'/>
		<gasScore value='984'/>
		<totalScore value='15821'/>
	</player>

	<enemy>
		<race value='Protoss'/>
		<unitScore value='3875'/>
		<unitScore value='3875'/>
		<killScore value='10600'/>
		<buildingScore value='3825'/>
		<razingScore value='5325'/>
		<mineralScore value='9074'/>
		<gasScore value='2016'/>
		<totalScore value='34715'/>
	</enemy>

	<scoreRatio value='0.45574'/>
	<timeFitness value='0.154444'/>
	<unitsAverage value='33'/>
</results>
