<results>
	<result value='loss'/>
	<start value='2015-04-11.00:56:23'/>
	<end value='2015-04-11.00:57:31'/>
	<frames value='47122'/>
	<gameDuration value='2945'/>

	<player>
		<unitScore value='22300'/>
		<killScore value='49650'/>
		<buildingScore value='2350'/>
		<razingScore value='300'/>
		<mineralScore value='24018'/>
		<gasScore value='3704'/>
		<totalScore value='102322'/>
	</player>

	<enemy>
		<race value='Protoss'/>
		<unitScore value='41200'/>
		<unitScore value='41200'/>
		<killScore value='44550'/>
		<buildingScore value='7075'/>
		<razingScore value='7050'/>
		<mineralScore value='33258'/>
		<gasScore value='12868'/>
		<totalScore value='146001'/>
	</enemy>

	<scoreRatio value='0.700831'/>
</results>
