<results>
	<result value='win'/>
	<start value='2015-05-03.06:40:29'/>
	<end value='2015-05-03.06:40:49'/>
	<frames value='23314'/>
	<gameDuration value='1457'/>

	<player>
		<unitScore value='10150'/>
		<killScore value='9800'/>
		<buildingScore value='2675'/>
		<razingScore value='9750'/>
		<mineralScore value='14622'/>
		<gasScore value='2232'/>
		<totalScore value='49229'/>
	</player>

	<enemy>
		<race value='Protoss'/>
		<unitScore value='4950'/>
		<unitScore value='4950'/>
		<killScore value='6700'/>
		<buildingScore value='3250'/>
		<razingScore value='0'/>
		<mineralScore value='9690'/>
		<gasScore value='1880'/>
		<totalScore value='26470'/>
	</enemy>

	<scoreRatio value='1.8598'/>
	<timeFitness value='0.797639'/>
	<unitsAverage value='69'/>
</results>
