<results>
	<result value='win'/>
	<start value='2015-04-13.05:51:28'/>
	<end value='2015-04-13.05:52:27'/>
	<frames value='31064'/>
	<gameDuration value='1941'/>

	<player>
		<unitScore value='21150'/>
		<killScore value='23600'/>
		<buildingScore value='4150'/>
		<razingScore value='15075'/>
		<mineralScore value='27242'/>
		<gasScore value='2576'/>
		<totalScore value='93793'/>
	</player>

	<enemy>
		<race value='Protoss'/>
		<unitScore value='12850'/>
		<unitScore value='12850'/>
		<killScore value='19350'/>
		<buildingScore value='5025'/>
		<razingScore value='450'/>
		<mineralScore value='14466'/>
		<gasScore value='3464'/>
		<totalScore value='55605'/>
	</enemy>

	<scoreRatio value='1.68677'/>
</results>
