<results>
	<result value='win'/>
	<start value='2015-05-07.20:47:01'/>
	<end value='2015-05-07.20:47:17'/>
	<frames value='25515'/>
	<gameDuration value='1594'/>

	<player>
		<unitScore value='17075'/>
		<killScore value='25390'/>
		<buildingScore value='4400'/>
		<razingScore value='4680'/>
		<mineralScore value='24122'/>
		<gasScore value='2632'/>
		<totalScore value='78299'/>
	</player>

	<enemy>
		<race value='Zerg'/>
		<unitScore value='11150'/>
		<unitScore value='11150'/>
		<killScore value='10700'/>
		<buildingScore value='1560'/>
		<razingScore value='0'/>
		<mineralScore value='9722'/>
		<gasScore value='3104'/>
		<totalScore value='36236'/>
	</enemy>

	<scoreRatio value='2.16081'/>
	<timeFitness value='0.778611'/>
	<unitsAverage value='100'/>
</results>
