<results>
	<result value='win'/>
	<start value='2015-05-07.21:15:42'/>
	<end value='2015-05-07.21:16:12'/>
	<frames value='29700'/>
	<gameDuration value='1856'/>

	<player>
		<unitScore value='19100'/>
		<killScore value='36020'/>
		<buildingScore value='3900'/>
		<razingScore value='6615'/>
		<mineralScore value='28378'/>
		<gasScore value='2896'/>
		<totalScore value='96909'/>
	</player>

	<enemy>
		<race value='Zerg'/>
		<unitScore value='14450'/>
		<unitScore value='14450'/>
		<killScore value='14750'/>
		<buildingScore value='2205'/>
		<razingScore value='0'/>
		<mineralScore value='14018'/>
		<gasScore value='4704'/>
		<totalScore value='50127'/>
	</enemy>

	<scoreRatio value='1.93327'/>
	<timeFitness value='0.742222'/>
	<unitsAverage value='106'/>
</results>
