<results>
	<result value='win'/>
	<start value='2015-05-11.11:30:11'/>
	<end value='2015-05-11.11:30:46'/>
	<frames value='21981'/>
	<gameDuration value='1373'/>

	<player>
		<unitScore value='14375'/>
		<killScore value='17030'/>
		<buildingScore value='3975'/>
		<razingScore value='4800'/>
		<mineralScore value='21470'/>
		<gasScore value='1648'/>
		<totalScore value='63298'/>
	</player>

	<enemy>
		<race value='Zerg'/>
		<unitScore value='8375'/>
		<unitScore value='8375'/>
		<killScore value='9700'/>
		<buildingScore value='1600'/>
		<razingScore value='0'/>
		<mineralScore value='8402'/>
		<gasScore value='2568'/>
		<totalScore value='30645'/>
	</enemy>

	<scoreRatio value='2.06552'/>
	<timeFitness value='0.809306'/>
	<unitsAverage value='84'/>
</results>
