<results>
	<result value='draw'/>
	<start value='2015-07-21.01:43:19'/>
	<end value='2015-07-21.01:46:21'/>
	<frames value='57601'/>
	<gameDuration value='3600'/>

	<player>
		<unitScore value='35100'/>
		<killScore value='27760'/>
		<buildingScore value='5075'/>
		<razingScore value='900'/>
		<mineralScore value='39050'/>
		<gasScore value='5632'/>
		<totalScore value='113517'/>
	</player>

	<enemy>
		<race value='Zerg'/>
		<unitScore value='22300'/>
		<killScore value='59100'/>
		<buildingScore value='3175'/>
		<razingScore value='6750'/>
		<mineralScore value='22670'/>
		<gasScore value='6260'/>
		<totalScore value='120255'/>
	</enemy>

	<scoreRatio value='0.943969'/>
	<timeFitness value='0.5'/>
	<unitsAverage value='132'/>
</results>
