<results>
	<result value='loss'/>
	<start value='2015-07-21.01:48:09'/>
	<end value='2015-07-21.01:49:37'/>
	<frames value='37357'/>
	<gameDuration value='2334'/>

	<player>
		<unitScore value='20200'/>
		<killScore value='25250'/>
		<buildingScore value='3250'/>
		<razingScore value='0'/>
		<mineralScore value='28826'/>
		<gasScore value='3088'/>
		<totalScore value='80614'/>
	</player>

	<enemy>
		<race value='Zerg'/>
		<unitScore value='23175'/>
		<killScore value='40400'/>
		<buildingScore value='4435'/>
		<razingScore value='9750'/>
		<mineralScore value='22762'/>
		<gasScore value='8710'/>
		<totalScore value='109232'/>
	</enemy>

	<scoreRatio value='0.738007'/>
	<timeFitness value='0.324167'/>
	<unitsAverage value='74'/>
</results>
