<results>
	<result value='draw'/>
	<start value='2015-07-21.02:00:11'/>
	<end value='2015-07-21.02:03:05'/>
	<frames value='57601'/>
	<gameDuration value='3600'/>

	<player>
		<unitScore value='28625'/>
		<killScore value='18075'/>
		<buildingScore value='3850'/>
		<razingScore value='0'/>
		<mineralScore value='28030'/>
		<gasScore value='4432'/>
		<totalScore value='83012'/>
	</player>

	<enemy>
		<race value='Zerg'/>
		<unitScore value='32475'/>
		<killScore value='44250'/>
		<buildingScore value='4790'/>
		<razingScore value='5325'/>
		<mineralScore value='33938'/>
		<gasScore value='11798'/>
		<totalScore value='132576'/>
	</enemy>

	<scoreRatio value='0.626146'/>
	<timeFitness value='0.5'/>
	<unitsAverage value='96'/>
</results>
