<results>
	<result value='win'/>
	<start value='2015-05-11.04:00:45'/>
	<end value='2015-05-11.04:01:57'/>
	<frames value='35249'/>
	<gameDuration value='2203'/>

	<player>
		<unitScore value='21950'/>
		<killScore value='41195'/>
		<buildingScore value='4575'/>
		<razingScore value='6795'/>
		<mineralScore value='32930'/>
		<gasScore value='3080'/>
		<totalScore value='110525'/>
	</player>

	<enemy>
		<race value='Zerg'/>
		<unitScore value='17725'/>
		<unitScore value='17725'/>
		<killScore value='18800'/>
		<buildingScore value='2265'/>
		<razingScore value='0'/>
		<mineralScore value='15842'/>
		<gasScore value='5112'/>
		<totalScore value='59744'/>
	</enemy>

	<scoreRatio value='1.84998'/>
	<timeFitness value='0.694028'/>
	<unitsAverage value='127'/>
</results>
