<results>
	<result value='loss'/>
	<start value='2015-07-13.17:32:21'/>
	<end value='2015-07-13.17:32:47'/>
	<frames value='32304'/>
	<gameDuration value='2019'/>

	<player>
		<unitScore value='17025'/>
		<killScore value='3800'/>
		<buildingScore value='4150'/>
		<razingScore value='300'/>
		<mineralScore value='20634'/>
		<gasScore value='2872'/>
		<totalScore value='48781'/>
	</player>

	<enemy>
		<race value='Protoss'/>
		<unitScore value='19150'/>
		<killScore value='34050'/>
		<buildingScore value='7025'/>
		<razingScore value='12450'/>
		<mineralScore value='25218'/>
		<gasScore value='7968'/>
		<totalScore value='105861'/>
	</enemy>

	<scoreRatio value='0.460802'/>
	<timeFitness value='0.280417'/>
	<unitsAverage value='53'/>
</results>
