<results>
	<result value='loss'/>
	<start value='2015-07-13.17:32:55'/>
	<end value='2015-07-13.17:33:29'/>
	<frames value='35776'/>
	<gameDuration value='2236'/>

	<player>
		<unitScore value='19550'/>
		<killScore value='10700'/>
		<buildingScore value='3375'/>
		<razingScore value='0'/>
		<mineralScore value='28658'/>
		<gasScore value='3592'/>
		<totalScore value='65875'/>
	</player>

	<enemy>
		<race value='Protoss'/>
		<unitScore value='21050'/>
		<killScore value='39500'/>
		<buildingScore value='6775'/>
		<razingScore value='10125'/>
		<mineralScore value='23766'/>
		<gasScore value='8040'/>
		<totalScore value='109256'/>
	</enemy>

	<scoreRatio value='0.602942'/>
	<timeFitness value='0.310556'/>
	<unitsAverage value='62'/>
</results>
