<results>
	<result value='draw'/>
	<start value='2015-07-13.17:33:38'/>
	<end value='2015-07-13.17:35:18'/>
	<frames value='57601'/>
	<gameDuration value='3600'/>

	<player>
		<unitScore value='28900'/>
		<killScore value='22900'/>
		<buildingScore value='3175'/>
		<razingScore value='4050'/>
		<mineralScore value='24018'/>
		<gasScore value='5820'/>
		<totalScore value='88863'/>
	</player>

	<enemy>
		<race value='Protoss'/>
		<unitScore value='26075'/>
		<killScore value='45900'/>
		<buildingScore value='6975'/>
		<razingScore value='5550'/>
		<mineralScore value='38590'/>
		<gasScore value='13514'/>
		<totalScore value='136604'/>
	</enemy>

	<scoreRatio value='0.650515'/>
	<timeFitness value='0.5'/>
	<unitsAverage value='117'/>
</results>
