<results>
	<result value='loss'/>
	<start value='2015-07-13.17:39:52'/>
	<end value='2015-07-13.17:40:29'/>
	<frames value='35776'/>
	<gameDuration value='2236'/>

	<player>
		<unitScore value='19075'/>
		<killScore value='11300'/>
		<buildingScore value='3250'/>
		<razingScore value='450'/>
		<mineralScore value='26250'/>
		<gasScore value='3704'/>
		<totalScore value='64029'/>
	</player>

	<enemy>
		<race value='Protoss'/>
		<unitScore value='18300'/>
		<killScore value='38150'/>
		<buildingScore value='6375'/>
		<razingScore value='9750'/>
		<mineralScore value='22738'/>
		<gasScore value='7624'/>
		<totalScore value='102937'/>
	</enemy>

	<scoreRatio value='0.622021'/>
	<timeFitness value='0.310556'/>
	<unitsAverage value='71'/>
</results>
