<results>
	<result value='loss'/>
	<start value='2015-07-13.17:41:17'/>
	<end value='2015-07-13.17:41:56'/>
	<frames value='44239'/>
	<gameDuration value='2764'/>

	<player>
		<unitScore value='24100'/>
		<killScore value='12700'/>
		<buildingScore value='2100'/>
		<razingScore value='600'/>
		<mineralScore value='24026'/>
		<gasScore value='5116'/>
		<totalScore value='68642'/>
	</player>

	<enemy>
		<race value='Protoss'/>
		<unitScore value='23900'/>
		<killScore value='48200'/>
		<buildingScore value='6725'/>
		<razingScore value='6300'/>
		<mineralScore value='32190'/>
		<gasScore value='11032'/>
		<totalScore value='128347'/>
	</enemy>

	<scoreRatio value='0.534816'/>
	<timeFitness value='0.383889'/>
	<unitsAverage value='65'/>
</results>
