<results>
	<result value='draw'/>
	<start value='2014-07-22.22:33:45'/>
	<end value='2014-07-22.22:34:33'/>
	<frames value='57601'/>
	<gameDuration value='3600'/>

	<player>
		<unitScore value='19250'/>
		<killScore value='52630'/>
		<buildingScore value='3175'/>
		<razingScore value='5385'/>
		<mineralScore value='21846'/>
		<gasScore value='4792'/>
		<totalScore value='107078'/>
	</player>

	<enemy>
		<race value='Zerg'/>
		<unitScore value='32100'/>
		<unitScore value='32100'/>
		<killScore value='35800'/>
		<buildingScore value='6455'/>
		<razingScore value='2850'/>
		<mineralScore value='35298'/>
		<gasScore value='11470'/>
		<totalScore value='123973'/>
	</enemy>

	<scoreRatio value='0.86372'/>
</results>
