<results>
	<result value='loss'/>
	<start value='2015-07-11.18:10:50'/>
	<end value='2015-07-11.18:11:58'/>
	<frames value='50501'/>
	<gameDuration value='3156'/>

	<player>
		<unitScore value='15350'/>
		<killScore value='12350'/>
		<buildingScore value='2325'/>
		<razingScore value='0'/>
		<mineralScore value='15054'/>
		<gasScore value='3816'/>
		<totalScore value='48895'/>
	</player>

	<enemy>
		<race value='Terran'/>
		<unitScore value='24225'/>
		<killScore value='27300'/>
		<buildingScore value='4450'/>
		<razingScore value='7125'/>
		<mineralScore value='19550'/>
		<gasScore value='11650'/>
		<totalScore value='94300'/>
	</enemy>

	<scoreRatio value='0.518505'/>
	<timeFitness value='0.438333'/>
	<unitsAverage value='52'/>
</results>
