<results>
	<result value='draw'/>
	<start value='2015-05-09.06:27:35'/>
	<end value='2015-05-09.06:28:26'/>
	<frames value='57601'/>
	<gameDuration value='3600'/>

	<player>
		<unitScore value='16500'/>
		<killScore value='13950'/>
		<buildingScore value='3225'/>
		<razingScore value='0'/>
		<mineralScore value='18362'/>
		<gasScore value='3720'/>
		<totalScore value='55757'/>
	</player>

	<enemy>
		<race value='Terran'/>
		<unitScore value='25525'/>
		<unitScore value='25525'/>
		<killScore value='23950'/>
		<buildingScore value='4725'/>
		<razingScore value='6075'/>
		<mineralScore value='31250'/>
		<gasScore value='12444'/>
		<totalScore value='103969'/>
	</enemy>

	<scoreRatio value='0.536285'/>
	<timeFitness value='0.5'/>
	<unitsAverage value='65'/>
</results>
