<results>
	<result value='loss'/>
	<start value='2015-05-04.07:07:06'/>
	<end value='2015-05-04.07:07:16'/>
	<frames value='19470'/>
	<gameDuration value='1216'/>

	<player>
		<unitScore value='3550'/>
		<killScore value='3150'/>
		<buildingScore value='1550'/>
		<razingScore value='0'/>
		<mineralScore value='4954'/>
		<gasScore value='456'/>
		<totalScore value='13660'/>
	</player>

	<enemy>
		<race value='Terran'/>
		<unitScore value='6750'/>
		<unitScore value='6750'/>
		<killScore value='7100'/>
		<buildingScore value='2850'/>
		<razingScore value='4650'/>
		<mineralScore value='9162'/>
		<gasScore value='3168'/>
		<totalScore value='33680'/>
	</enemy>

	<scoreRatio value='0.405582'/>
	<timeFitness value='0.168889'/>
	<unitsAverage value='25'/>
</results>
