<results>
	<result value='loss'/>
	<start value='2015-05-09.07:54:15'/>
	<end value='2015-05-09.07:54:23'/>
	<frames value='18912'/>
	<gameDuration value='1182'/>

	<player>
		<unitScore value='4325'/>
		<killScore value='800'/>
		<buildingScore value='1925'/>
		<razingScore value='0'/>
		<mineralScore value='6138'/>
		<gasScore value='912'/>
		<totalScore value='14100'/>
	</player>

	<enemy>
		<race value='Terran'/>
		<unitScore value='7150'/>
		<unitScore value='7150'/>
		<killScore value='8650'/>
		<buildingScore value='2900'/>
		<razingScore value='5775'/>
		<mineralScore value='8690'/>
		<gasScore value='3064'/>
		<totalScore value='36229'/>
	</enemy>

	<scoreRatio value='0.389191'/>
	<timeFitness value='0.164167'/>
	<unitsAverage value='27'/>
</results>
