<results>
	<result value='loss'/>
	<start value='2015-04-16.17:11:38'/>
	<end value='2015-04-16.17:12:53'/>
	<frames value='46285'/>
	<gameDuration value='2892'/>

	<player>
		<unitScore value='19050'/>
		<killScore value='23650'/>
		<buildingScore value='2550'/>
		<razingScore value='450'/>
		<mineralScore value='23546'/>
		<gasScore value='3712'/>
		<totalScore value='72958'/>
	</player>

	<enemy>
		<race value='Protoss'/>
		<unitScore value='34630'/>
		<unitScore value='34630'/>
		<killScore value='37850'/>
		<buildingScore value='8275'/>
		<razingScore value='7650'/>
		<mineralScore value='32026'/>
		<gasScore value='13082'/>
		<totalScore value='133513'/>
	</enemy>

	<scoreRatio value='0.546449'/>
</results>
