<results>
	<result value='win'/>
	<start value='2015-04-30.16:58:06'/>
	<end value='2015-04-30.16:59:12'/>
	<frames value='38628'/>
	<gameDuration value='2414'/>

	<player>
		<unitScore value='29300'/>
		<killScore value='37050'/>
		<buildingScore value='3925'/>
		<razingScore value='19950'/>
		<mineralScore value='33810'/>
		<gasScore value='2488'/>
		<totalScore value='126523'/>
	</player>

	<enemy>
		<race value='Protoss'/>
		<unitScore value='19575'/>
		<unitScore value='19575'/>
		<killScore value='35300'/>
		<buildingScore value='6650'/>
		<razingScore value='0'/>
		<mineralScore value='18058'/>
		<gasScore value='6674'/>
		<totalScore value='86257'/>
	</enemy>

	<scoreRatio value='1.46681'/>
</results>
