<results>
	<result value='draw'/>
	<start value='2015-04-30.17:00:31'/>
	<end value='2015-04-30.17:01:55'/>
	<frames value='57601'/>
	<gameDuration value='3600'/>

	<player>
		<unitScore value='30225'/>
		<killScore value='35350'/>
		<buildingScore value='3200'/>
		<razingScore value='18525'/>
		<mineralScore value='33134'/>
		<gasScore value='5144'/>
		<totalScore value='125578'/>
	</player>

	<enemy>
		<race value='Protoss'/>
		<unitScore value='21075'/>
		<unitScore value='21075'/>
		<killScore value='49700'/>
		<buildingScore value='7475'/>
		<razingScore value='900'/>
		<mineralScore value='24238'/>
		<gasScore value='10428'/>
		<totalScore value='113816'/>
	</enemy>

	<scoreRatio value='1.10334'/>
</results>
