<results>
	<result value='loss'/>
	<start value='2015-04-30.17:01:57'/>
	<end value='2015-04-30.17:02:12'/>
	<frames value='19501'/>
	<gameDuration value='1218'/>

	<player>
		<unitScore value='5400'/>
		<killScore value='2200'/>
		<buildingScore value='2225'/>
		<razingScore value='0'/>
		<mineralScore value='7970'/>
		<gasScore value='768'/>
		<totalScore value='18563'/>
	</player>

	<enemy>
		<race value='Protoss'/>
		<unitScore value='5125'/>
		<unitScore value='5125'/>
		<killScore value='10800'/>
		<buildingScore value='4275'/>
		<razingScore value='6675'/>
		<mineralScore value='9938'/>
		<gasScore value='2752'/>
		<totalScore value='39565'/>
	</enemy>

	<scoreRatio value='0.469177'/>
</results>
