<results>
	<result value='draw'/>
	<start value='2015-07-14.01:34:43'/>
	<end value='2015-07-14.01:36:47'/>
	<frames value='57601'/>
	<gameDuration value='3600'/>

	<player>
		<unitScore value='34200'/>
		<killScore value='32500'/>
		<buildingScore value='3250'/>
		<razingScore value='4050'/>
		<mineralScore value='31610'/>
		<gasScore value='7598'/>
		<totalScore value='113208'/>
	</player>

	<enemy>
		<race value='Protoss'/>
		<unitScore value='20125'/>
		<killScore value='65600'/>
		<buildingScore value='5850'/>
		<razingScore value='3000'/>
		<mineralScore value='31030'/>
		<gasScore value='10528'/>
		<totalScore value='136133'/>
	</enemy>

	<scoreRatio value='0.831599'/>
	<timeFitness value='0.5'/>
	<unitsAverage value='84'/>
</results>
