<results>
	<result value='loss'/>
	<start value='2015-07-14.01:59:04'/>
	<end value='2015-07-14.02:00:09'/>
	<frames value='38194'/>
	<gameDuration value='2387'/>

	<player>
		<unitScore value='20575'/>
		<killScore value='9650'/>
		<buildingScore value='2275'/>
		<razingScore value='0'/>
		<mineralScore value='23762'/>
		<gasScore value='4576'/>
		<totalScore value='60838'/>
	</player>

	<enemy>
		<race value='Protoss'/>
		<unitScore value='24975'/>
		<killScore value='41350'/>
		<buildingScore value='7075'/>
		<razingScore value='6825'/>
		<mineralScore value='25850'/>
		<gasScore value='9712'/>
		<totalScore value='115787'/>
	</enemy>

	<scoreRatio value='0.52543'/>
	<timeFitness value='0.331528'/>
	<unitsAverage value='61'/>
</results>
