<results>
	<result value='win'/>
	<start value='2015-04-30.15:42:51'/>
	<end value='2015-04-30.15:43:20'/>
	<frames value='23686'/>
	<gameDuration value='1480'/>

	<player>
		<unitScore value='14475'/>
		<killScore value='20650'/>
		<buildingScore value='4375'/>
		<razingScore value='4560'/>
		<mineralScore value='22418'/>
		<gasScore value='1464'/>
		<totalScore value='67942'/>
	</player>

	<enemy>
		<race value='Zerg'/>
		<unitScore value='9475'/>
		<unitScore value='9475'/>
		<killScore value='10000'/>
		<buildingScore value='1520'/>
		<razingScore value='0'/>
		<mineralScore value='8978'/>
		<gasScore value='2720'/>
		<totalScore value='32693'/>
	</enemy>

	<scoreRatio value='2.07818'/>
	<timeFitness value='0.794444'/>
	<unitsAverage value='85'/>
</results>
