<results>
	<result value='win'/>
	<start value='2015-04-30.15:45:39'/>
	<end value='2015-04-30.15:46:07'/>
	<frames value='23779'/>
	<gameDuration value='1486'/>

	<player>
		<unitScore value='15675'/>
		<killScore value='22455'/>
		<buildingScore value='3700'/>
		<razingScore value='6135'/>
		<mineralScore value='21394'/>
		<gasScore value='1512'/>
		<totalScore value='70871'/>
	</player>

	<enemy>
		<race value='Zerg'/>
		<unitScore value='10625'/>
		<unitScore value='10625'/>
		<killScore value='13350'/>
		<buildingScore value='2045'/>
		<razingScore value='0'/>
		<mineralScore value='10402'/>
		<gasScore value='3240'/>
		<totalScore value='39662'/>
	</enemy>

	<scoreRatio value='1.78687'/>
	<timeFitness value='0.793611'/>
	<unitsAverage value='84'/>
</results>
