<results>
	<result value='win'/>
	<start value='2015-04-30.15:47:29'/>
	<end value='2015-04-30.15:47:56'/>
	<frames value='22260'/>
	<gameDuration value='1391'/>

	<player>
		<unitScore value='13600'/>
		<killScore value='18020'/>
		<buildingScore value='3850'/>
		<razingScore value='4755'/>
		<mineralScore value='21762'/>
		<gasScore value='1512'/>
		<totalScore value='63499'/>
	</player>

	<enemy>
		<race value='Zerg'/>
		<unitScore value='8800'/>
		<unitScore value='8800'/>
		<killScore value='9900'/>
		<buildingScore value='1585'/>
		<razingScore value='0'/>
		<mineralScore value='8962'/>
		<gasScore value='2720'/>
		<totalScore value='31967'/>
	</enemy>

	<scoreRatio value='1.98639'/>
	<timeFitness value='0.806806'/>
	<unitsAverage value='82'/>
</results>
