<results>
	<result value='win'/>
	<start value='2015-05-01.21:25:47'/>
	<end value='2015-05-01.21:26:12'/>
	<frames value='31684'/>
	<gameDuration value='1980'/>

	<player>
		<unitScore value='22450'/>
		<killScore value='36160'/>
		<buildingScore value='3950'/>
		<razingScore value='7875'/>
		<mineralScore value='28026'/>
		<gasScore value='3848'/>
		<totalScore value='102309'/>
	</player>

	<enemy>
		<race value='Zerg'/>
		<unitScore value='15550'/>
		<unitScore value='15550'/>
		<killScore value='23500'/>
		<buildingScore value='2625'/>
		<razingScore value='225'/>
		<mineralScore value='14938'/>
		<gasScore value='4336'/>
		<totalScore value='61174'/>
	</enemy>

	<scoreRatio value='1.67243'/>
	<timeFitness value='0.725'/>
	<unitsAverage value='100'/>
</results>
