<results>
	<result value='win'/>
	<start value='2015-05-01.21:26:16'/>
	<end value='2015-05-01.21:26:31'/>
	<frames value='22973'/>
	<gameDuration value='1435'/>

	<player>
		<unitScore value='13100'/>
		<killScore value='18500'/>
		<buildingScore value='4175'/>
		<razingScore value='5460'/>
		<mineralScore value='19986'/>
		<gasScore value='1424'/>
		<totalScore value='62645'/>
	</player>

	<enemy>
		<race value='Zerg'/>
		<unitScore value='9175'/>
		<unitScore value='9175'/>
		<killScore value='9750'/>
		<buildingScore value='1820'/>
		<razingScore value='0'/>
		<mineralScore value='9090'/>
		<gasScore value='2872'/>
		<totalScore value='32707'/>
	</enemy>

	<scoreRatio value='1.91534'/>
	<timeFitness value='0.800694'/>
	<unitsAverage value='80'/>
</results>
