<results>
	<result value='loss'/>
	<start value='2015-07-14.01:17:12'/>
	<end value='2015-07-14.01:18:02'/>
	<frames value='41945'/>
	<gameDuration value='2621'/>

	<player>
		<unitScore value='24300'/>
		<killScore value='18300'/>
		<buildingScore value='4000'/>
		<razingScore value='0'/>
		<mineralScore value='25682'/>
		<gasScore value='4032'/>
		<totalScore value='76314'/>
	</player>

	<enemy>
		<race value='Protoss'/>
		<unitScore value='27950'/>
		<killScore value='48000'/>
		<buildingScore value='7475'/>
		<razingScore value='12000'/>
		<mineralScore value='29554'/>
		<gasScore value='10438'/>
		<totalScore value='135417'/>
	</enemy>

	<scoreRatio value='0.563548'/>
	<timeFitness value='0.364028'/>
	<unitsAverage value='74'/>
</results>
