<results>
	<result value='loss'/>
	<start value='2015-07-14.01:28:21'/>
	<end value='2015-07-14.01:29:21'/>
	<frames value='45913'/>
	<gameDuration value='2869'/>

	<player>
		<unitScore value='25800'/>
		<killScore value='13900'/>
		<buildingScore value='3825'/>
		<razingScore value='0'/>
		<mineralScore value='22838'/>
		<gasScore value='4440'/>
		<totalScore value='70803'/>
	</player>

	<enemy>
		<race value='Protoss'/>
		<unitScore value='31070'/>
		<killScore value='51600'/>
		<buildingScore value='8775'/>
		<razingScore value='11475'/>
		<mineralScore value='31990'/>
		<gasScore value='12798'/>
		<totalScore value='147708'/>
	</enemy>

	<scoreRatio value='0.479344'/>
	<timeFitness value='0.398472'/>
	<unitsAverage value='85'/>
</results>
