<results>
	<result value='win'/>
	<start value='2015-07-14.01:29:30'/>
	<end value='2015-07-14.01:29:54'/>
	<frames value='24120'/>
	<gameDuration value='1507'/>

	<player>
		<unitScore value='12875'/>
		<killScore value='12700'/>
		<buildingScore value='3425'/>
		<razingScore value='8325'/>
		<mineralScore value='29062'/>
		<gasScore value='2088'/>
		<totalScore value='68475'/>
	</player>

	<enemy>
		<race value='Protoss'/>
		<unitScore value='6350'/>
		<killScore value='7400'/>
		<buildingScore value='2775'/>
		<razingScore value='0'/>
		<mineralScore value='11058'/>
		<gasScore value='1328'/>
		<totalScore value='28911'/>
	</enemy>

	<scoreRatio value='2.36848'/>
	<timeFitness value='0.790694'/>
	<unitsAverage value='78'/>
</results>
