<results>
	<result value='loss'/>
	<start value='2015-07-14.01:32:58'/>
	<end value='2015-07-14.01:33:14'/>
	<frames value='27251'/>
	<gameDuration value='1703'/>

	<player>
		<unitScore value='8650'/>
		<killScore value='3600'/>
		<buildingScore value='2075'/>
		<razingScore value='0'/>
		<mineralScore value='13582'/>
		<gasScore value='1216'/>
		<totalScore value='29123'/>
	</player>

	<enemy>
		<race value='Protoss'/>
		<unitScore value='12775'/>
		<killScore value='17300'/>
		<buildingScore value='5975'/>
		<razingScore value='6225'/>
		<mineralScore value='17794'/>
		<gasScore value='5576'/>
		<totalScore value='65645'/>
	</enemy>

	<scoreRatio value='0.443644'/>
	<timeFitness value='0.236528'/>
	<unitsAverage value='35'/>
</results>
