<results>
	<result value='win'/>
	<start value='2015-04-17.04:28:33'/>
	<end value='2015-04-17.04:29:14'/>
	<frames value='23903'/>
	<gameDuration value='1493'/>

	<player>
		<unitScore value='14725'/>
		<killScore value='12200'/>
		<buildingScore value='3700'/>
		<razingScore value='11775'/>
		<mineralScore value='18710'/>
		<gasScore value='1600'/>
		<totalScore value='62710'/>
	</player>

	<enemy>
		<race value='Protoss'/>
		<unitScore value='6100'/>
		<unitScore value='6100'/>
		<killScore value='8150'/>
		<buildingScore value='3925'/>
		<razingScore value='0'/>
		<mineralScore value='10714'/>
		<gasScore value='2544'/>
		<totalScore value='31433'/>
	</enemy>

	<scoreRatio value='1.99504'/>
</results>
