<results>
	<result value='loss'/>
	<start value='2015-04-10.11:58:41'/>
	<end value='2015-04-10.11:58:47'/>
	<frames value='13611'/>
	<gameDuration value='850'/>

	<player>
		<unitScore value='1675'/>
		<killScore value='1200'/>
		<buildingScore value='975'/>
		<razingScore value='0'/>
		<mineralScore value='2450'/>
		<gasScore value='736'/>
		<totalScore value='7036'/>
	</player>

	<enemy>
		<race value='Protoss'/>
		<unitScore value='3500'/>
		<unitScore value='3500'/>
		<killScore value='3350'/>
		<buildingScore value='2375'/>
		<razingScore value='2925'/>
		<mineralScore value='7002'/>
		<gasScore value='1224'/>
		<totalScore value='20376'/>
	</enemy>

	<scoreRatio value='0.345308'/>
</results>
