<results>
	<result value='win'/>
	<start value='2015-05-10.23:01:23'/>
	<end value='2015-05-10.23:01:41'/>
	<frames value='23128'/>
	<gameDuration value='1445'/>

	<player>
		<unitScore value='12875'/>
		<killScore value='18770'/>
		<buildingScore value='3575'/>
		<razingScore value='5655'/>
		<mineralScore value='18842'/>
		<gasScore value='1880'/>
		<totalScore value='61597'/>
	</player>

	<enemy>
		<race value='Zerg'/>
		<unitScore value='9475'/>
		<unitScore value='9475'/>
		<killScore value='9400'/>
		<buildingScore value='1885'/>
		<razingScore value='0'/>
		<mineralScore value='9242'/>
		<gasScore value='2848'/>
		<totalScore value='32850'/>
	</enemy>

	<scoreRatio value='1.8751'/>
	<timeFitness value='0.799306'/>
	<unitsAverage value='77'/>
</results>
