<results>
	<result value='win'/>
	<start value='2015-04-11.00:30:35'/>
	<end value='2015-04-11.00:31:19'/>
	<frames value='35807'/>
	<gameDuration value='2237'/>

	<player>
		<unitScore value='23800'/>
		<killScore value='23300'/>
		<buildingScore value='4275'/>
		<razingScore value='16425'/>
		<mineralScore value='32890'/>
		<gasScore value='4336'/>
		<totalScore value='105026'/>
	</player>

	<enemy>
		<race value='Protoss'/>
		<unitScore value='12225'/>
		<unitScore value='12225'/>
		<killScore value='20400'/>
		<buildingScore value='5475'/>
		<razingScore value='150'/>
		<mineralScore value='14802'/>
		<gasScore value='5360'/>
		<totalScore value='58412'/>
	</enemy>

	<scoreRatio value='1.79802'/>
</results>
