<results>
	<result value='loss'/>
	<start value='2015-04-11.00:36:45'/>
	<end value='2015-04-11.00:37:41'/>
	<frames value='50780'/>
	<gameDuration value='3173'/>

	<player>
		<unitScore value='23975'/>
		<killScore value='45900'/>
		<buildingScore value='2575'/>
		<razingScore value='2700'/>
		<mineralScore value='24018'/>
		<gasScore value='4988'/>
		<totalScore value='104156'/>
	</player>

	<enemy>
		<race value='Protoss'/>
		<unitScore value='39925'/>
		<unitScore value='39925'/>
		<killScore value='48250'/>
		<buildingScore value='7875'/>
		<razingScore value='7725'/>
		<mineralScore value='35210'/>
		<gasScore value='11924'/>
		<totalScore value='150909'/>
	</enemy>

	<scoreRatio value='0.690191'/>
</results>
