<results>
	<result value='loss'/>
	<start value='2015-05-09.10:30:41'/>
	<end value='2015-05-09.10:30:50'/>
	<frames value='18974'/>
	<gameDuration value='1185'/>

	<player>
		<unitScore value='4425'/>
		<killScore value='1500'/>
		<buildingScore value='2150'/>
		<razingScore value='0'/>
		<mineralScore value='6802'/>
		<gasScore value='688'/>
		<totalScore value='15565'/>
	</player>

	<enemy>
		<race value='Terran'/>
		<unitScore value='7400'/>
		<unitScore value='7400'/>
		<killScore value='8850'/>
		<buildingScore value='2900'/>
		<razingScore value='6450'/>
		<mineralScore value='8738'/>
		<gasScore value='3192'/>
		<totalScore value='37530'/>
	</enemy>

	<scoreRatio value='0.414735'/>
	<timeFitness value='0.164583'/>
	<unitsAverage value='31'/>
</results>
