<results>
	<result value='win'/>
	<start value='2015-05-09.10:37:05'/>
	<end value='2015-05-09.10:37:29'/>
	<frames value='29824'/>
	<gameDuration value='1864'/>

	<player>
		<unitScore value='16000'/>
		<killScore value='27350'/>
		<buildingScore value='3800'/>
		<razingScore value='9600'/>
		<mineralScore value='22518'/>
		<gasScore value='2608'/>
		<totalScore value='81876'/>
	</player>

	<enemy>
		<race value='Terran'/>
		<unitScore value='13675'/>
		<unitScore value='13675'/>
		<killScore value='15600'/>
		<buildingScore value='3200'/>
		<razingScore value='1200'/>
		<mineralScore value='12386'/>
		<gasScore value='5320'/>
		<totalScore value='51381'/>
	</enemy>

	<scoreRatio value='1.59351'/>
	<timeFitness value='0.741111'/>
	<unitsAverage value='78'/>
</results>
