<results>
	<result value='win'/>
	<start value='2015-05-09.10:39:01'/>
	<end value='2015-05-09.10:39:30'/>
	<frames value='43185'/>
	<gameDuration value='2699'/>

	<player>
		<unitScore value='15425'/>
		<killScore value='24550'/>
		<buildingScore value='4800'/>
		<razingScore value='13425'/>
		<mineralScore value='22474'/>
		<gasScore value='4088'/>
		<totalScore value='84762'/>
	</player>

	<enemy>
		<race value='Terran'/>
		<unitScore value='15250'/>
		<unitScore value='15250'/>
		<killScore value='19050'/>
		<buildingScore value='4475'/>
		<razingScore value='7050'/>
		<mineralScore value='14738'/>
		<gasScore value='7336'/>
		<totalScore value='67899'/>
	</enemy>

	<scoreRatio value='1.24835'/>
	<timeFitness value='0.625139'/>
	<unitsAverage value='61'/>
</results>
