<results>
	<result value='loss'/>
	<start value='2015-04-13.06:59:31'/>
	<end value='2015-04-13.06:59:46'/>
	<frames value='17641'/>
	<gameDuration value='1102'/>

	<player>
		<unitScore value='2600'/>
		<killScore value='1000'/>
		<buildingScore value='1700'/>
		<razingScore value='0'/>
		<mineralScore value='4522'/>
		<gasScore value='728'/>
		<totalScore value='10550'/>
	</player>

	<enemy>
		<race value='Protoss'/>
		<unitScore value='3750'/>
		<unitScore value='3750'/>
		<killScore value='5200'/>
		<buildingScore value='4025'/>
		<razingScore value='5100'/>
		<mineralScore value='9618'/>
		<gasScore value='1856'/>
		<totalScore value='29549'/>
	</enemy>

	<scoreRatio value='0.357034'/>
</results>
