<results>
	<result value='loss'/>
	<start value='2015-04-13.07:18:14'/>
	<end value='2015-04-13.07:18:29'/>
	<frames value='17765'/>
	<gameDuration value='1110'/>

	<player>
		<unitScore value='2675'/>
		<killScore value='1600'/>
		<buildingScore value='1550'/>
		<razingScore value='0'/>
		<mineralScore value='4506'/>
		<gasScore value='552'/>
		<totalScore value='10883'/>
	</player>

	<enemy>
		<race value='Protoss'/>
		<unitScore value='4050'/>
		<unitScore value='4050'/>
		<killScore value='4850'/>
		<buildingScore value='4225'/>
		<razingScore value='4650'/>
		<mineralScore value='9754'/>
		<gasScore value='2032'/>
		<totalScore value='29561'/>
	</enemy>

	<scoreRatio value='0.368154'/>
</results>
