<results>
	<result value='win'/>
	<start value='2015-05-05.16:13:44'/>
	<end value='2015-05-05.16:14:19'/>
	<frames value='31126'/>
	<gameDuration value='1945'/>

	<player>
		<unitScore value='16250'/>
		<killScore value='13500'/>
		<buildingScore value='3075'/>
		<razingScore value='15975'/>
		<mineralScore value='20158'/>
		<gasScore value='2200'/>
		<totalScore value='71158'/>
	</player>

	<enemy>
		<race value='Protoss'/>
		<unitScore value='6750'/>
		<unitScore value='6750'/>
		<killScore value='15850'/>
		<buildingScore value='5325'/>
		<razingScore value='0'/>
		<mineralScore value='12458'/>
		<gasScore value='2176'/>
		<totalScore value='42559'/>
	</enemy>

	<scoreRatio value='1.67198'/>
	<timeFitness value='0.729861'/>
	<unitsAverage value='74'/>
</results>
