<results>
	<result value='win'/>
	<start value='2015-05-05.16:22:20'/>
	<end value='2015-05-05.16:23:06'/>
	<frames value='31343'/>
	<gameDuration value='1958'/>

	<player>
		<unitScore value='16975'/>
		<killScore value='21650'/>
		<buildingScore value='3375'/>
		<razingScore value='19200'/>
		<mineralScore value='20930'/>
		<gasScore value='2840'/>
		<totalScore value='84970'/>
	</player>

	<enemy>
		<race value='Protoss'/>
		<unitScore value='10825'/>
		<unitScore value='10825'/>
		<killScore value='14000'/>
		<buildingScore value='6400'/>
		<razingScore value='150'/>
		<mineralScore value='16106'/>
		<gasScore value='4344'/>
		<totalScore value='51825'/>
	</enemy>

	<scoreRatio value='1.63956'/>
	<timeFitness value='0.728056'/>
	<unitsAverage value='93'/>
</results>
