<results>
	<result value='loss'/>
	<start value='2015-05-05.16:41:29'/>
	<end value='2015-05-05.16:42:35'/>
	<frames value='51059'/>
	<gameDuration value='3191'/>

	<player>
		<unitScore value='22600'/>
		<killScore value='51500'/>
		<buildingScore value='2225'/>
		<razingScore value='1650'/>
		<mineralScore value='21474'/>
		<gasScore value='3384'/>
		<totalScore value='102833'/>
	</player>

	<enemy>
		<race value='Protoss'/>
		<unitScore value='40275'/>
		<unitScore value='40275'/>
		<killScore value='45200'/>
		<buildingScore value='8375'/>
		<razingScore value='6675'/>
		<mineralScore value='36126'/>
		<gasScore value='11852'/>
		<totalScore value='148503'/>
	</enemy>

	<scoreRatio value='0.692464'/>
	<timeFitness value='0.443194'/>
	<unitsAverage value='74'/>
</results>
