<results>
	<result value='loss'/>
	<start value='2015-05-05.16:57:30'/>
	<end value='2015-05-05.16:57:43'/>
	<frames value='17207'/>
	<gameDuration value='1075'/>

	<player>
		<unitScore value='4175'/>
		<killScore value='2500'/>
		<buildingScore value='1625'/>
		<razingScore value='0'/>
		<mineralScore value='6138'/>
		<gasScore value='936'/>
		<totalScore value='15374'/>
	</player>

	<enemy>
		<race value='Protoss'/>
		<unitScore value='3600'/>
		<unitScore value='3600'/>
		<killScore value='8350'/>
		<buildingScore value='4025'/>
		<razingScore value='4875'/>
		<mineralScore value='9186'/>
		<gasScore value='1640'/>
		<totalScore value='31676'/>
	</enemy>

	<scoreRatio value='0.485352'/>
	<timeFitness value='0.149306'/>
	<unitsAverage value='30'/>
</results>
