<results>
	<result value='loss'/>
	<start value='2015-07-19.03:59:26'/>
	<end value='2015-07-19.04:00:03'/>
	<frames value='34257'/>
	<gameDuration value='2141'/>

	<player>
		<unitScore value='16875'/>
		<killScore value='7500'/>
		<buildingScore value='2850'/>
		<razingScore value='1275'/>
		<mineralScore value='23234'/>
		<gasScore value='3240'/>
		<totalScore value='54974'/>
	</player>

	<enemy>
		<race value='Protoss'/>
		<unitScore value='18300'/>
		<killScore value='33650'/>
		<buildingScore value='7400'/>
		<razingScore value='8550'/>
		<mineralScore value='22994'/>
		<gasScore value='7856'/>
		<totalScore value='98750'/>
	</enemy>

	<scoreRatio value='0.556699'/>
	<timeFitness value='0.297361'/>
	<unitsAverage value='64'/>
</results>
