<results>
	<result value='win'/>
	<start value='2015-04-26.12:42:53'/>
	<end value='2015-04-26.12:43:13'/>
	<frames value='25329'/>
	<gameDuration value='1583'/>

	<player>
		<unitScore value='11775'/>
		<killScore value='22300'/>
		<buildingScore value='3725'/>
		<razingScore value='8550'/>
		<mineralScore value='17658'/>
		<gasScore value='2832'/>
		<totalScore value='66840'/>
	</player>

	<enemy>
		<race value='Terran'/>
		<unitScore value='11550'/>
		<unitScore value='11550'/>
		<killScore value='8950'/>
		<buildingScore value='2850'/>
		<razingScore value='1200'/>
		<mineralScore value='10250'/>
		<gasScore value='3800'/>
		<totalScore value='38600'/>
	</enemy>

	<scoreRatio value='1.73161'/>
</results>
