<results>
	<result value='win'/>
	<start value='2015-04-26.12:47:40'/>
	<end value='2015-04-26.12:48:11'/>
	<frames value='29018'/>
	<gameDuration value='1813'/>

	<player>
		<unitScore value='19625'/>
		<killScore value='26500'/>
		<buildingScore value='3875'/>
		<razingScore value='9225'/>
		<mineralScore value='26130'/>
		<gasScore value='2992'/>
		<totalScore value='88347'/>
	</player>

	<enemy>
		<race value='Terran'/>
		<unitScore value='13550'/>
		<unitScore value='13550'/>
		<killScore value='17850'/>
		<buildingScore value='3075'/>
		<razingScore value='150'/>
		<mineralScore value='13586'/>
		<gasScore value='5568'/>
		<totalScore value='53779'/>
	</enemy>

	<scoreRatio value='1.64278'/>
</results>
