<results>
	<result value='win'/>
	<start value='2015-04-26.12:52:30'/>
	<end value='2015-04-26.12:52:52'/>
	<frames value='30103'/>
	<gameDuration value='1881'/>

	<player>
		<unitScore value='11375'/>
		<killScore value='24300'/>
		<buildingScore value='4300'/>
		<razingScore value='7650'/>
		<mineralScore value='17210'/>
		<gasScore value='2648'/>
		<totalScore value='67483'/>
	</player>

	<enemy>
		<race value='Terran'/>
		<unitScore value='12150'/>
		<unitScore value='12150'/>
		<killScore value='11800'/>
		<buildingScore value='2550'/>
		<razingScore value='3675'/>
		<mineralScore value='11790'/>
		<gasScore value='4088'/>
		<totalScore value='46053'/>
	</enemy>

	<scoreRatio value='1.46533'/>
</results>
