<results>
	<result value='win'/>
	<start value='2015-05-10.17:48:28'/>
	<end value='2015-05-10.17:50:00'/>
	<frames value='49571'/>
	<gameDuration value='3098'/>

	<player>
		<unitScore value='33975'/>
		<killScore value='69775'/>
		<buildingScore value='4575'/>
		<razingScore value='11445'/>
		<mineralScore value='34358'/>
		<gasScore value='4960'/>
		<totalScore value='159088'/>
	</player>

	<enemy>
		<race value='Zerg'/>
		<unitScore value='33750'/>
		<unitScore value='33750'/>
		<killScore value='37200'/>
		<buildingScore value='3815'/>
		<razingScore value='2250'/>
		<mineralScore value='25218'/>
		<gasScore value='10004'/>
		<totalScore value='112237'/>
	</enemy>

	<scoreRatio value='1.41743'/>
	<timeFitness value='0.569722'/>
	<unitsAverage value='143'/>
</results>
