<results>
	<result value='draw'/>
	<start value='2015-05-08.21:59:58'/>
	<end value='2015-05-08.22:01:09'/>
	<frames value='57601'/>
	<gameDuration value='3600'/>

	<player>
		<unitScore value='28375'/>
		<killScore value='22050'/>
		<buildingScore value='4300'/>
		<razingScore value='2400'/>
		<mineralScore value='28842'/>
		<gasScore value='5640'/>
		<totalScore value='91607'/>
	</player>

	<enemy>
		<race value='Terran'/>
		<unitScore value='23200'/>
		<unitScore value='23200'/>
		<killScore value='34500'/>
		<buildingScore value='4325'/>
		<razingScore value='4125'/>
		<mineralScore value='19542'/>
		<gasScore value='11826'/>
		<totalScore value='97518'/>
	</enemy>

	<scoreRatio value='0.939386'/>
	<timeFitness value='0.5'/>
	<unitsAverage value='96'/>
</results>
