<results>
	<result value='win'/>
	<start value='2015-05-08.22:04:30'/>
	<end value='2015-05-08.22:05:03'/>
	<frames value='31188'/>
	<gameDuration value='1949'/>

	<player>
		<unitScore value='18175'/>
		<killScore value='29650'/>
		<buildingScore value='4525'/>
		<razingScore value='12300'/>
		<mineralScore value='22442'/>
		<gasScore value='3088'/>
		<totalScore value='90180'/>
	</player>

	<enemy>
		<race value='Terran'/>
		<unitScore value='17225'/>
		<unitScore value='17225'/>
		<killScore value='14450'/>
		<buildingScore value='4100'/>
		<razingScore value='3375'/>
		<mineralScore value='14506'/>
		<gasScore value='7056'/>
		<totalScore value='60712'/>
	</enemy>

	<scoreRatio value='1.48537'/>
	<timeFitness value='0.729306'/>
	<unitsAverage value='87'/>
</results>
