<results>
	<result value='win'/>
	<start value='2014-07-23.02:36:30'/>
	<end value='2014-07-23.02:36:56'/>
	<frames value='28615'/>
	<gameDuration value='1788'/>

	<player>
		<unitScore value='16550'/>
		<killScore value='24000'/>
		<buildingScore value='4675'/>
		<razingScore value='6345'/>
		<mineralScore value='25618'/>
		<gasScore value='3224'/>
		<totalScore value='80412'/>
	</player>

	<enemy>
		<race value='Zerg'/>
		<unitScore value='10800'/>
		<unitScore value='10800'/>
		<killScore value='14200'/>
		<buildingScore value='2115'/>
		<razingScore value='2100'/>
		<mineralScore value='10686'/>
		<gasScore value='3160'/>
		<totalScore value='43061'/>
	</enemy>

	<scoreRatio value='1.8674'/>
</results>
