<results>
	<result value='win'/>
	<start value='2015-05-07.17:51:46'/>
	<end value='2015-05-07.17:52:42'/>
	<frames value='48083'/>
	<gameDuration value='3005'/>

	<player>
		<unitScore value='27950'/>
		<killScore value='42300'/>
		<buildingScore value='3450'/>
		<razingScore value='23100'/>
		<mineralScore value='31298'/>
		<gasScore value='4986'/>
		<totalScore value='133084'/>
	</player>

	<enemy>
		<race value='Protoss'/>
		<unitScore value='22100'/>
		<unitScore value='22100'/>
		<killScore value='37900'/>
		<buildingScore value='7700'/>
		<razingScore value='750'/>
		<mineralScore value='27438'/>
		<gasScore value='9560'/>
		<totalScore value='105448'/>
	</enemy>

	<scoreRatio value='1.26208'/>
	<timeFitness value='0.582639'/>
	<unitsAverage value='104'/>
</results>
