<results>
	<result value='win'/>
	<start value='2015-05-07.18:03:30'/>
	<end value='2015-05-07.18:04:00'/>
	<frames value='29049'/>
	<gameDuration value='1815'/>

	<player>
		<unitScore value='16975'/>
		<killScore value='20550'/>
		<buildingScore value='4100'/>
		<razingScore value='13125'/>
		<mineralScore value='22018'/>
		<gasScore value='2168'/>
		<totalScore value='78936'/>
	</player>

	<enemy>
		<race value='Protoss'/>
		<unitScore value='11325'/>
		<unitScore value='11325'/>
		<killScore value='14050'/>
		<buildingScore value='4375'/>
		<razingScore value='1650'/>
		<mineralScore value='12390'/>
		<gasScore value='3216'/>
		<totalScore value='47006'/>
	</enemy>

	<scoreRatio value='1.67928'/>
	<timeFitness value='0.747917'/>
	<unitsAverage value='86'/>
</results>
