<results>
	<result value='win'/>
	<start value='2015-04-12.14:40:30'/>
	<end value='2015-04-12.14:40:59'/>
	<frames value='29173'/>
	<gameDuration value='1823'/>

	<player>
		<unitScore value='16500'/>
		<killScore value='15500'/>
		<buildingScore value='4600'/>
		<razingScore value='17325'/>
		<mineralScore value='24146'/>
		<gasScore value='2968'/>
		<totalScore value='81039'/>
	</player>

	<enemy>
		<race value='Protoss'/>
		<unitScore value='8100'/>
		<unitScore value='8100'/>
		<killScore value='11400'/>
		<buildingScore value='5775'/>
		<razingScore value='300'/>
		<mineralScore value='13098'/>
		<gasScore value='3032'/>
		<totalScore value='41705'/>
	</enemy>

	<scoreRatio value='1.94315'/>
</results>
