<results>
	<result value='win'/>
	<start value='2015-05-04.15:22:00'/>
	<end value='2015-05-04.15:22:48'/>
	<frames value='31808'/>
	<gameDuration value='1988'/>

	<player>
		<unitScore value='22000'/>
		<killScore value='16300'/>
		<buildingScore value='3600'/>
		<razingScore value='21825'/>
		<mineralScore value='24074'/>
		<gasScore value='2176'/>
		<totalScore value='89975'/>
	</player>

	<enemy>
		<race value='Protoss'/>
		<unitScore value='8400'/>
		<unitScore value='8400'/>
		<killScore value='17300'/>
		<buildingScore value='7275'/>
		<razingScore value='0'/>
		<mineralScore value='17146'/>
		<gasScore value='4808'/>
		<totalScore value='54929'/>
	</enemy>

	<scoreRatio value='1.63802'/>
	<timeFitness value='0.723889'/>
	<unitsAverage value='102'/>
</results>
