<results>
	<result value='loss'/>
	<start value='2015-04-26.11:56:28'/>
	<end value='2015-04-26.11:56:36'/>
	<frames value='14169'/>
	<gameDuration value='885'/>

	<player>
		<unitScore value='1950'/>
		<killScore value='300'/>
		<buildingScore value='1075'/>
		<razingScore value='0'/>
		<mineralScore value='2802'/>
		<gasScore value='536'/>
		<totalScore value='6663'/>
	</player>

	<enemy>
		<race value='Terran'/>
		<unitScore value='4400'/>
		<unitScore value='4400'/>
		<killScore value='3900'/>
		<buildingScore value='1450'/>
		<razingScore value='3225'/>
		<mineralScore value='6322'/>
		<gasScore value='2104'/>
		<totalScore value='21401'/>
	</enemy>

	<scoreRatio value='0.311341'/>
</results>
