<results>
	<result value='loss'/>
	<start value='2015-04-26.11:56:39'/>
	<end value='2015-04-26.11:57:03'/>
	<frames value='42503'/>
	<gameDuration value='2656'/>

	<player>
		<unitScore value='9325'/>
		<killScore value='9050'/>
		<buildingScore value='2100'/>
		<razingScore value='0'/>
		<mineralScore value='10710'/>
		<gasScore value='1576'/>
		<totalScore value='32761'/>
	</player>

	<enemy>
		<race value='Terran'/>
		<unitScore value='23375'/>
		<unitScore value='23375'/>
		<killScore value='18650'/>
		<buildingScore value='4875'/>
		<razingScore value='6300'/>
		<mineralScore value='20786'/>
		<gasScore value='12798'/>
		<totalScore value='86784'/>
	</enemy>

	<scoreRatio value='0.3775'/>
</results>
