<results>
	<result value='loss'/>
	<start value='2015-04-26.11:57:22'/>
	<end value='2015-04-26.11:58:02'/>
	<frames value='47339'/>
	<gameDuration value='2958'/>

	<player>
		<unitScore value='18425'/>
		<killScore value='12750'/>
		<buildingScore value='3825'/>
		<razingScore value='225'/>
		<mineralScore value='22354'/>
		<gasScore value='3888'/>
		<totalScore value='61467'/>
	</player>

	<enemy>
		<race value='Terran'/>
		<unitScore value='31400'/>
		<unitScore value='31400'/>
		<killScore value='36850'/>
		<buildingScore value='5550'/>
		<razingScore value='11625'/>
		<mineralScore value='23586'/>
		<gasScore value='14644'/>
		<totalScore value='123655'/>
	</enemy>

	<scoreRatio value='0.497085'/>
</results>
