<results>
	<result value='loss'/>
	<start value='2015-07-18.09:56:40'/>
	<end value='2015-07-18.09:56:51'/>
	<frames value='17579'/>
	<gameDuration value='1098'/>

	<player>
		<unitScore value='4825'/>
		<killScore value='4400'/>
		<buildingScore value='1975'/>
		<razingScore value='300'/>
		<mineralScore value='6178'/>
		<gasScore value='848'/>
		<totalScore value='18526'/>
	</player>

	<enemy>
		<race value='Protoss'/>
		<unitScore value='4800'/>
		<killScore value='9650'/>
		<buildingScore value='2925'/>
		<razingScore value='5925'/>
		<mineralScore value='8282'/>
		<gasScore value='1424'/>
		<totalScore value='33006'/>
	</enemy>

	<scoreRatio value='0.561292'/>
	<timeFitness value='0.1525'/>
	<unitsAverage value='25'/>
</results>
