<results>
	<result value='draw'/>
	<start value='2015-04-09.03:55:12'/>
	<end value='2015-04-09.03:56:23'/>
	<frames value='57601'/>
	<gameDuration value='3600'/>

	<player>
		<unitScore value='30550'/>
		<killScore value='58550'/>
		<buildingScore value='3525'/>
		<razingScore value='5175'/>
		<mineralScore value='32686'/>
		<gasScore value='8736'/>
		<totalScore value='139222'/>
	</player>

	<enemy>
		<race value='Protoss'/>
		<unitScore value='39575'/>
		<unitScore value='39575'/>
		<killScore value='51600'/>
		<buildingScore value='6875'/>
		<razingScore value='300'/>
		<mineralScore value='30326'/>
		<gasScore value='11920'/>
		<totalScore value='140596'/>
	</enemy>

	<scoreRatio value='0.990227'/>
</results>
