<results>
	<result value='loss'/>
	<start value='2015-05-01.22:17:12'/>
	<end value='2015-05-01.22:17:56'/>
	<frames value='46998'/>
	<gameDuration value='2937'/>

	<player>
		<unitScore value='20950'/>
		<killScore value='36400'/>
		<buildingScore value='2550'/>
		<razingScore value='750'/>
		<mineralScore value='24010'/>
		<gasScore value='4032'/>
		<totalScore value='88692'/>
	</player>

	<enemy>
		<race value='Protoss'/>
		<unitScore value='38450'/>
		<unitScore value='38450'/>
		<killScore value='41900'/>
		<buildingScore value='7725'/>
		<razingScore value='7650'/>
		<mineralScore value='33094'/>
		<gasScore value='13032'/>
		<totalScore value='141851'/>
	</enemy>

	<scoreRatio value='0.625248'/>
	<timeFitness value='0.407917'/>
	<unitsAverage value='65'/>
</results>
