<results>
	<result value='win'/>
	<start value='2015-04-29.09:49:44'/>
	<end value='2015-04-29.09:50:51'/>
	<frames value='50842'/>
	<gameDuration value='3177'/>

	<player>
		<unitScore value='25250'/>
		<killScore value='26650'/>
		<buildingScore value='5100'/>
		<razingScore value='18375'/>
		<mineralScore value='41486'/>
		<gasScore value='5104'/>
		<totalScore value='121965'/>
	</player>

	<enemy>
		<race value='Protoss'/>
		<unitScore value='13725'/>
		<unitScore value='13725'/>
		<killScore value='27050'/>
		<buildingScore value='6125'/>
		<razingScore value='1350'/>
		<mineralScore value='16258'/>
		<gasScore value='5798'/>
		<totalScore value='70306'/>
	</enemy>

	<scoreRatio value='1.73477'/>
	<timeFitness value='0.55875'/>
	<unitsAverage value='138'/>
</results>
