<results>
	<result value='win'/>
	<start value='2015-04-29.09:50:55'/>
	<end value='2015-04-29.09:51:28'/>
	<frames value='33327'/>
	<gameDuration value='2082'/>

	<player>
		<unitScore value='26725'/>
		<killScore value='34750'/>
		<buildingScore value='3925'/>
		<razingScore value='17250'/>
		<mineralScore value='33362'/>
		<gasScore value='2592'/>
		<totalScore value='118604'/>
	</player>

	<enemy>
		<race value='Protoss'/>
		<unitScore value='17725'/>
		<unitScore value='17725'/>
		<killScore value='30850'/>
		<buildingScore value='5750'/>
		<razingScore value='0'/>
		<mineralScore value='21282'/>
		<gasScore value='5056'/>
		<totalScore value='80663'/>
	</enemy>

	<scoreRatio value='1.47036'/>
	<timeFitness value='0.710833'/>
	<unitsAverage value='122'/>
</results>
