<results>
	<result value='loss'/>
	<start value='2015-04-13.07:45:34'/>
	<end value='2015-04-13.07:47:22'/>
	<frames value='47587'/>
	<gameDuration value='2974'/>

	<player>
		<unitScore value='23225'/>
		<killScore value='29000'/>
		<buildingScore value='2875'/>
		<razingScore value='1500'/>
		<mineralScore value='24074'/>
		<gasScore value='4616'/>
		<totalScore value='85290'/>
	</player>

	<enemy>
		<race value='Protoss'/>
		<unitScore value='37560'/>
		<unitScore value='37560'/>
		<killScore value='46550'/>
		<buildingScore value='8475'/>
		<razingScore value='8625'/>
		<mineralScore value='33074'/>
		<gasScore value='13758'/>
		<totalScore value='148042'/>
	</enemy>

	<scoreRatio value='0.57612'/>
</results>
