<results>
	<result value='win'/>
	<start value='2015-04-13.07:53:24'/>
	<end value='2015-04-13.07:54:01'/>
	<frames value='26538'/>
	<gameDuration value='1658'/>

	<player>
		<unitScore value='12500'/>
		<killScore value='18300'/>
		<buildingScore value='2575'/>
		<razingScore value='11625'/>
		<mineralScore value='15710'/>
		<gasScore value='2128'/>
		<totalScore value='62838'/>
	</player>

	<enemy>
		<race value='Protoss'/>
		<unitScore value='10200'/>
		<unitScore value='10200'/>
		<killScore value='10200'/>
		<buildingScore value='3875'/>
		<razingScore value='150'/>
		<mineralScore value='10934'/>
		<gasScore value='3416'/>
		<totalScore value='38775'/>
	</enemy>

	<scoreRatio value='1.62058'/>
</results>
