<results>
	<result value='loss'/>
	<start value='2015-04-13.07:56:21'/>
	<end value='2015-04-13.07:56:34'/>
	<frames value='14634'/>
	<gameDuration value='914'/>

	<player>
		<unitScore value='2900'/>
		<killScore value='400'/>
		<buildingScore value='1350'/>
		<razingScore value='0'/>
		<mineralScore value='4370'/>
		<gasScore value='984'/>
		<totalScore value='10004'/>
	</player>

	<enemy>
		<race value='Protoss'/>
		<unitScore value='3550'/>
		<unitScore value='3550'/>
		<killScore value='5800'/>
		<buildingScore value='2675'/>
		<razingScore value='4050'/>
		<mineralScore value='7754'/>
		<gasScore value='1328'/>
		<totalScore value='25157'/>
	</enemy>

	<scoreRatio value='0.397663'/>
</results>
