<results>
	<result value='loss'/>
	<start value='2015-04-16.22:07:45'/>
	<end value='2015-04-16.22:08:03'/>
	<frames value='19067'/>
	<gameDuration value='1191'/>

	<player>
		<unitScore value='5300'/>
		<killScore value='1400'/>
		<buildingScore value='1975'/>
		<razingScore value='0'/>
		<mineralScore value='7618'/>
		<gasScore value='1240'/>
		<totalScore value='17533'/>
	</player>

	<enemy>
		<race value='Protoss'/>
		<unitScore value='4975'/>
		<unitScore value='4975'/>
		<killScore value='10500'/>
		<buildingScore value='4475'/>
		<razingScore value='5925'/>
		<mineralScore value='10250'/>
		<gasScore value='2520'/>
		<totalScore value='38645'/>
	</enemy>

	<scoreRatio value='0.453694'/>
</results>
