<results>
	<result value='win'/>
	<start value='2015-04-14.05:21:30'/>
	<end value='2015-04-14.05:22:05'/>
	<frames value='32087'/>
	<gameDuration value='2005'/>

	<player>
		<unitScore value='22000'/>
		<killScore value='23900'/>
		<buildingScore value='4425'/>
		<razingScore value='13500'/>
		<mineralScore value='31006'/>
		<gasScore value='3688'/>
		<totalScore value='98519'/>
	</player>

	<enemy>
		<race value='Protoss'/>
		<unitScore value='11950'/>
		<unitScore value='11950'/>
		<killScore value='21400'/>
		<buildingScore value='4500'/>
		<razingScore value='0'/>
		<mineralScore value='20658'/>
		<gasScore value='1736'/>
		<totalScore value='60244'/>
	</enemy>

	<scoreRatio value='1.63533'/>
</results>
