<results>
	<result value='loss'/>
	<start value='2015-05-07.14:04:46'/>
	<end value='2015-05-07.14:05:44'/>
	<frames value='54252'/>
	<gameDuration value='3390'/>

	<player>
		<unitScore value='28725'/>
		<killScore value='46150'/>
		<buildingScore value='3725'/>
		<razingScore value='4950'/>
		<mineralScore value='31526'/>
		<gasScore value='5174'/>
		<totalScore value='120250'/>
	</player>

	<enemy>
		<race value='Protoss'/>
		<unitScore value='30525'/>
		<unitScore value='30525'/>
		<killScore value='57450'/>
		<buildingScore value='7900'/>
		<razingScore value='11175'/>
		<mineralScore value='31502'/>
		<gasScore value='9956'/>
		<totalScore value='148508'/>
	</enemy>

	<scoreRatio value='0.809721'/>
	<timeFitness value='0.470833'/>
	<unitsAverage value='99'/>
</results>
