<results>
	<result value='win'/>
	<start value='2015-05-07.14:11:24'/>
	<end value='2015-05-07.14:12:05'/>
	<frames value='37698'/>
	<gameDuration value='2356'/>

	<player>
		<unitScore value='21900'/>
		<killScore value='19000'/>
		<buildingScore value='4150'/>
		<razingScore value='24300'/>
		<mineralScore value='27298'/>
		<gasScore value='3272'/>
		<totalScore value='99920'/>
	</player>

	<enemy>
		<race value='Protoss'/>
		<unitScore value='9500'/>
		<unitScore value='9500'/>
		<killScore value='21250'/>
		<buildingScore value='8100'/>
		<razingScore value='1575'/>
		<mineralScore value='18298'/>
		<gasScore value='6920'/>
		<totalScore value='65643'/>
	</enemy>

	<scoreRatio value='1.52217'/>
	<timeFitness value='0.672778'/>
	<unitsAverage value='99'/>
</results>
