<results>
	<result value='draw'/>
	<start value='2015-05-10.08:11:12'/>
	<end value='2015-05-10.08:11:59'/>
	<frames value='57601'/>
	<gameDuration value='3600'/>

	<player>
		<unitScore value='24650'/>
		<killScore value='47250'/>
		<buildingScore value='2825'/>
		<razingScore value='8100'/>
		<mineralScore value='26382'/>
		<gasScore value='5264'/>
		<totalScore value='114471'/>
	</player>

	<enemy>
		<race value='Protoss'/>
		<unitScore value='31200'/>
		<unitScore value='31200'/>
		<killScore value='48000'/>
		<buildingScore value='7225'/>
		<razingScore value='1725'/>
		<mineralScore value='21774'/>
		<gasScore value='11376'/>
		<totalScore value='121300'/>
	</enemy>

	<scoreRatio value='0.943702'/>
	<timeFitness value='0.5'/>
	<unitsAverage value='83'/>
</results>
