<results>
	<result value='loss'/>
	<start value='2015-05-10.08:14:24'/>
	<end value='2015-05-10.08:14:32'/>
	<frames value='18447'/>
	<gameDuration value='1152'/>

	<player>
		<unitScore value='2900'/>
		<killScore value='1800'/>
		<buildingScore value='1425'/>
		<razingScore value='0'/>
		<mineralScore value='4394'/>
		<gasScore value='520'/>
		<totalScore value='11039'/>
	</player>

	<enemy>
		<race value='Protoss'/>
		<unitScore value='4850'/>
		<unitScore value='4850'/>
		<killScore value='5900'/>
		<buildingScore value='4275'/>
		<razingScore value='4275'/>
		<mineralScore value='9946'/>
		<gasScore value='1960'/>
		<totalScore value='31206'/>
	</enemy>

	<scoreRatio value='0.353746'/>
	<timeFitness value='0.16'/>
	<unitsAverage value='19'/>
</results>
