<results>
	<result value='win'/>
	<start value='2015-05-04.01:39:22'/>
	<end value='2015-05-04.01:39:41'/>
	<frames value='25081'/>
	<gameDuration value='1567'/>

	<player>
		<unitScore value='15075'/>
		<killScore value='17850'/>
		<buildingScore value='3675'/>
		<razingScore value='14175'/>
		<mineralScore value='20798'/>
		<gasScore value='2608'/>
		<totalScore value='74181'/>
	</player>

	<enemy>
		<race value='Protoss'/>
		<unitScore value='10325'/>
		<unitScore value='10325'/>
		<killScore value='11900'/>
		<buildingScore value='4725'/>
		<razingScore value='450'/>
		<mineralScore value='11466'/>
		<gasScore value='3664'/>
		<totalScore value='42530'/>
	</enemy>

	<scoreRatio value='1.7442'/>
	<timeFitness value='0.782361'/>
	<unitsAverage value='80'/>
</results>
