<results>
	<result value='loss'/>
	<start value='2015-05-04.01:42:12'/>
	<end value='2015-05-04.01:42:19'/>
	<frames value='16773'/>
	<gameDuration value='1048'/>

	<player>
		<unitScore value='3150'/>
		<killScore value='1400'/>
		<buildingScore value='1600'/>
		<razingScore value='0'/>
		<mineralScore value='5058'/>
		<gasScore value='608'/>
		<totalScore value='11816'/>
	</player>

	<enemy>
		<race value='Protoss'/>
		<unitScore value='3600'/>
		<unitScore value='3600'/>
		<killScore value='6400'/>
		<buildingScore value='4125'/>
		<razingScore value='4800'/>
		<mineralScore value='9210'/>
		<gasScore value='1624'/>
		<totalScore value='29759'/>
	</enemy>

	<scoreRatio value='0.397056'/>
	<timeFitness value='0.145556'/>
	<unitsAverage value='20'/>
</results>
