<results>
	<result value='win'/>
	<start value='2015-03-29.03:44:04'/>
	<end value='2015-03-29.03:45:23'/>
	<frames value='45882'/>
	<gameDuration value='2867'/>

	<player>
		<unitScore value='27825'/>
		<killScore value='32700'/>
		<buildingScore value='4600'/>
		<razingScore value='22200'/>
		<mineralScore value='33242'/>
		<gasScore value='5624'/>
		<totalScore value='126191'/>
	</player>

	<enemy>
		<race value='Protoss'/>
		<unitScore value='17000'/>
		<unitScore value='17000'/>
		<killScore value='32300'/>
		<buildingScore value='7400'/>
		<razingScore value='450'/>
		<mineralScore value='22718'/>
		<gasScore value='6080'/>
		<totalScore value='85948'/>
	</enemy>

	<scoreRatio value='1.46823'/>
</results>
