<results>
	<result value='loss'/>
	<start value='2015-07-17.23:54:03'/>
	<end value='2015-07-17.23:54:37'/>
	<frames value='42658'/>
	<gameDuration value='2666'/>

	<player>
		<unitScore value='12875'/>
		<killScore value='8250'/>
		<buildingScore value='3425'/>
		<razingScore value='225'/>
		<mineralScore value='16322'/>
		<gasScore value='1536'/>
		<totalScore value='42633'/>
	</player>

	<enemy>
		<race value='Terran'/>
		<unitScore value='14750'/>
		<killScore value='23050'/>
		<buildingScore value='4425'/>
		<razingScore value='10275'/>
		<mineralScore value='18034'/>
		<gasScore value='9060'/>
		<totalScore value='79594'/>
	</enemy>

	<scoreRatio value='0.535631'/>
	<timeFitness value='0.370278'/>
	<unitsAverage value='41'/>
</results>
