<results>
	<result value='loss'/>
	<start value='2015-07-18.00:08:07'/>
	<end value='2015-07-18.00:08:20'/>
	<frames value='18664'/>
	<gameDuration value='1166'/>

	<player>
		<unitScore value='6625'/>
		<killScore value='1750'/>
		<buildingScore value='2150'/>
		<razingScore value='0'/>
		<mineralScore value='7802'/>
		<gasScore value='1136'/>
		<totalScore value='19463'/>
	</player>

	<enemy>
		<race value='Terran'/>
		<unitScore value='7100'/>
		<killScore value='13150'/>
		<buildingScore value='2400'/>
		<razingScore value='6450'/>
		<mineralScore value='8578'/>
		<gasScore value='3032'/>
		<totalScore value='40710'/>
	</enemy>

	<scoreRatio value='0.478089'/>
	<timeFitness value='0.161944'/>
	<unitsAverage value='32'/>
</results>
