<results>
	<result value='loss'/>
	<start value='2015-05-01.17:12:52'/>
	<end value='2015-05-01.17:13:10'/>
	<frames value='18416'/>
	<gameDuration value='1151'/>

	<player>
		<unitScore value='5750'/>
		<killScore value='1200'/>
		<buildingScore value='1650'/>
		<razingScore value='0'/>
		<mineralScore value='7802'/>
		<gasScore value='1160'/>
		<totalScore value='17562'/>
	</player>

	<enemy>
		<race value='Protoss'/>
		<unitScore value='4575'/>
		<unitScore value='4575'/>
		<killScore value='11600'/>
		<buildingScore value='4275'/>
		<razingScore value='4950'/>
		<mineralScore value='9546'/>
		<gasScore value='2576'/>
		<totalScore value='37522'/>
	</enemy>

	<scoreRatio value='0.468045'/>
	<timeFitness value='0.159861'/>
	<unitsAverage value='36'/>
</results>
