<results>
	<result value='draw'/>
	<start value='2015-05-01.17:26:48'/>
	<end value='2015-05-01.17:29:03'/>
	<frames value='57601'/>
	<gameDuration value='3600'/>

	<player>
		<unitScore value='34225'/>
		<killScore value='57100'/>
		<buildingScore value='3875'/>
		<razingScore value='13125'/>
		<mineralScore value='36630'/>
		<gasScore value='4950'/>
		<totalScore value='149905'/>
	</player>

	<enemy>
		<race value='Protoss'/>
		<unitScore value='33500'/>
		<unitScore value='33500'/>
		<killScore value='60200'/>
		<buildingScore value='6925'/>
		<razingScore value='525'/>
		<mineralScore value='26342'/>
		<gasScore value='10958'/>
		<totalScore value='138450'/>
	</enemy>

	<scoreRatio value='1.08274'/>
	<timeFitness value='0.5'/>
	<unitsAverage value='130'/>
</results>
