<results>
	<result value='draw'/>
	<start value='2015-05-01.17:35:58'/>
	<end value='2015-05-01.17:38:10'/>
	<frames value='57601'/>
	<gameDuration value='3600'/>

	<player>
		<unitScore value='29800'/>
		<killScore value='30650'/>
		<buildingScore value='4775'/>
		<razingScore value='28500'/>
		<mineralScore value='36618'/>
		<gasScore value='5312'/>
		<totalScore value='135655'/>
	</player>

	<enemy>
		<race value='Protoss'/>
		<unitScore value='15825'/>
		<unitScore value='15825'/>
		<killScore value='36000'/>
		<buildingScore value='9750'/>
		<razingScore value='1500'/>
		<mineralScore value='24230'/>
		<gasScore value='8416'/>
		<totalScore value='95721'/>
	</enemy>

	<scoreRatio value='1.41719'/>
	<timeFitness value='0.5'/>
	<unitsAverage value='124'/>
</results>
