<results>
	<result value='win'/>
	<start value='2015-05-01.17:40:12'/>
	<end value='2015-05-01.17:41:07'/>
	<frames value='31591'/>
	<gameDuration value='1974'/>

	<player>
		<unitScore value='19375'/>
		<killScore value='22200'/>
		<buildingScore value='4150'/>
		<razingScore value='16125'/>
		<mineralScore value='27038'/>
		<gasScore value='3696'/>
		<totalScore value='92584'/>
	</player>

	<enemy>
		<race value='Protoss'/>
		<unitScore value='12975'/>
		<unitScore value='12975'/>
		<killScore value='17850'/>
		<buildingScore value='5375'/>
		<razingScore value='0'/>
		<mineralScore value='15562'/>
		<gasScore value='5272'/>
		<totalScore value='57034'/>
	</enemy>

	<scoreRatio value='1.62331'/>
	<timeFitness value='0.725833'/>
	<unitsAverage value='95'/>
</results>
