<results>
	<result value='loss'/>
	<start value='2015-05-09.00:00:42'/>
	<end value='2015-05-09.00:00:54'/>
	<frames value='20710'/>
	<gameDuration value='1294'/>

	<player>
		<unitScore value='3925'/>
		<killScore value='3950'/>
		<buildingScore value='1700'/>
		<razingScore value='0'/>
		<mineralScore value='5994'/>
		<gasScore value='1192'/>
		<totalScore value='16761'/>
	</player>

	<enemy>
		<race value='Terran'/>
		<unitScore value='6600'/>
		<unitScore value='6600'/>
		<killScore value='7850'/>
		<buildingScore value='2350'/>
		<razingScore value='5100'/>
		<mineralScore value='9898'/>
		<gasScore value='3064'/>
		<totalScore value='34862'/>
	</enemy>

	<scoreRatio value='0.480781'/>
	<timeFitness value='0.179722'/>
	<unitsAverage value='31'/>
</results>
