<results>
	<result value='win'/>
	<start value='2015-05-06.07:40:43'/>
	<end value='2015-05-06.07:41:09'/>
	<frames value='30506'/>
	<gameDuration value='1906'/>

	<player>
		<unitScore value='13525'/>
		<killScore value='26600'/>
		<buildingScore value='3350'/>
		<razingScore value='12150'/>
		<mineralScore value='18954'/>
		<gasScore value='2208'/>
		<totalScore value='76787'/>
	</player>

	<enemy>
		<race value='Terran'/>
		<unitScore value='14700'/>
		<unitScore value='14700'/>
		<killScore value='10150'/>
		<buildingScore value='4050'/>
		<razingScore value='1575'/>
		<mineralScore value='14230'/>
		<gasScore value='7048'/>
		<totalScore value='51753'/>
	</enemy>

	<scoreRatio value='1.48372'/>
	<timeFitness value='0.735278'/>
	<unitsAverage value='73'/>
</results>
