<results>
	<result value='loss'/>
	<start value='2015-03-29.12:03:10'/>
	<end value='2015-03-29.12:04:17'/>
	<frames value='49943'/>
	<gameDuration value='3121'/>

	<player>
		<unitScore value='28475'/>
		<killScore value='43950'/>
		<buildingScore value='4150'/>
		<razingScore value='300'/>
		<mineralScore value='31486'/>
		<gasScore value='6176'/>
		<totalScore value='114537'/>
	</player>

	<enemy>
		<race value='Protoss'/>
		<unitScore value='35950'/>
		<unitScore value='35950'/>
		<killScore value='57050'/>
		<buildingScore value='6075'/>
		<razingScore value='12450'/>
		<mineralScore value='30110'/>
		<gasScore value='11150'/>
		<totalScore value='152785'/>
	</enemy>

	<scoreRatio value='0.749661'/>
</results>
