<results>
	<result value='loss'/>
	<start value='2015-05-05.16:36:51'/>
	<end value='2015-05-05.16:37:05'/>
	<frames value='21764'/>
	<gameDuration value='1360'/>

	<player>
		<unitScore value='5175'/>
		<killScore value='4700'/>
		<buildingScore value='1750'/>
		<razingScore value='0'/>
		<mineralScore value='6882'/>
		<gasScore value='1448'/>
		<totalScore value='19955'/>
	</player>

	<enemy>
		<race value='Zerg'/>
		<unitScore value='7450'/>
		<unitScore value='7450'/>
		<killScore value='10350'/>
		<buildingScore value='2155'/>
		<razingScore value='5250'/>
		<mineralScore value='9042'/>
		<gasScore value='2664'/>
		<totalScore value='36911'/>
	</enemy>

	<scoreRatio value='0.540625'/>
	<timeFitness value='0.188889'/>
	<unitsAverage value='27'/>
</results>
