<results>
	<result value='win'/>
	<start value='2015-05-05.17:03:41'/>
	<end value='2015-05-05.17:05:04'/>
	<frames value='45200'/>
	<gameDuration value='2825'/>

	<player>
		<unitScore value='32050'/>
		<killScore value='60585'/>
		<buildingScore value='4875'/>
		<razingScore value='7020'/>
		<mineralScore value='37802'/>
		<gasScore value='4080'/>
		<totalScore value='146412'/>
	</player>

	<enemy>
		<race value='Zerg'/>
		<unitScore value='26025'/>
		<unitScore value='26025'/>
		<killScore value='39300'/>
		<buildingScore value='2340'/>
		<razingScore value='0'/>
		<mineralScore value='21090'/>
		<gasScore value='7780'/>
		<totalScore value='96535'/>
	</enemy>

	<scoreRatio value='1.51667'/>
	<timeFitness value='0.607639'/>
	<unitsAverage value='133'/>
</results>
