<results>
	<result value='win'/>
	<start value='2015-05-05.17:05:07'/>
	<end value='2015-05-05.17:06:08'/>
	<frames value='43588'/>
	<gameDuration value='2724'/>

	<player>
		<unitScore value='28100'/>
		<killScore value='47935'/>
		<buildingScore value='3125'/>
		<razingScore value='10365'/>
		<mineralScore value='30402'/>
		<gasScore value='3064'/>
		<totalScore value='122991'/>
	</player>

	<enemy>
		<race value='Zerg'/>
		<unitScore value='22850'/>
		<unitScore value='22850'/>
		<killScore value='38750'/>
		<buildingScore value='3455'/>
		<razingScore value='0'/>
		<mineralScore value='21274'/>
		<gasScore value='6994'/>
		<totalScore value='93323'/>
	</enemy>

	<scoreRatio value='1.31791'/>
	<timeFitness value='0.621667'/>
	<unitsAverage value='103'/>
</results>
