<results>
	<result value='win'/>
	<start value='2015-05-05.17:20:31'/>
	<end value='2015-05-05.17:21:15'/>
	<frames value='31405'/>
	<gameDuration value='1962'/>

	<player>
		<unitScore value='20600'/>
		<killScore value='34000'/>
		<buildingScore value='4350'/>
		<razingScore value='8865'/>
		<mineralScore value='25594'/>
		<gasScore value='3488'/>
		<totalScore value='96897'/>
	</player>

	<enemy>
		<race value='Zerg'/>
		<unitScore value='15025'/>
		<unitScore value='15025'/>
		<killScore value='17500'/>
		<buildingScore value='2955'/>
		<razingScore value='375'/>
		<mineralScore value='15358'/>
		<gasScore value='4960'/>
		<totalScore value='56173'/>
	</enemy>

	<scoreRatio value='1.72497'/>
	<timeFitness value='0.7275'/>
	<unitsAverage value='103'/>
</results>
