<results>
	<result value='loss'/>
	<start value='2014-07-06.06:40:41'/>
	<end value='2014-07-06.06:41:01'/>
	<frames value='33606'/>
	<gameDuration value='2100'/>

	<player>
		<unitScore value='6950'/>
		<killScore value='7650'/>
		<buildingScore value='1975'/>
		<razingScore value='0'/>
		<mineralScore value='11434'/>
		<gasScore value='896'/>
		<totalScore value='28905'/>
	</player>

	<enemy>
		<race value='Protoss'/>
		<unitScore value='17575'/>
		<unitScore value='17575'/>
		<killScore value='14000'/>
		<buildingScore value='6975'/>
		<razingScore value='5925'/>
		<mineralScore value='21666'/>
		<gasScore value='8336'/>
		<totalScore value='74477'/>
	</enemy>

	<scoreRatio value='0.388106'/>
</results>
