<results>
	<result value='win'/>
	<start value='2014-07-06.06:47:24'/>
	<end value='2014-07-06.06:47:51'/>
	<frames value='30382'/>
	<gameDuration value='1898'/>

	<player>
		<unitScore value='15000'/>
		<killScore value='15500'/>
		<buildingScore value='3325'/>
		<razingScore value='20925'/>
		<mineralScore value='22170'/>
		<gasScore value='2952'/>
		<totalScore value='79872'/>
	</player>

	<enemy>
		<race value='Protoss'/>
		<unitScore value='8500'/>
		<unitScore value='8500'/>
		<killScore value='12750'/>
		<buildingScore value='6975'/>
		<razingScore value='1500'/>
		<mineralScore value='14934'/>
		<gasScore value='4168'/>
		<totalScore value='48827'/>
	</enemy>

	<scoreRatio value='1.63582'/>
</results>
