<results>
	<result value='loss'/>
	<start value='2015-04-03.18:27:24'/>
	<end value='2015-04-03.18:27:45'/>
	<frames value='32242'/>
	<gameDuration value='2015'/>

	<player>
		<unitScore value='9200'/>
		<killScore value='10150'/>
		<buildingScore value='2850'/>
		<razingScore value='450'/>
		<mineralScore value='12094'/>
		<gasScore value='2752'/>
		<totalScore value='37496'/>
	</player>

	<enemy>
		<race value='Protoss'/>
		<unitScore value='16050'/>
		<unitScore value='16050'/>
		<killScore value='18650'/>
		<buildingScore value='6225'/>
		<razingScore value='8550'/>
		<mineralScore value='19786'/>
		<gasScore value='6616'/>
		<totalScore value='75877'/>
	</enemy>

	<scoreRatio value='0.494168'/>
</results>
