<results>
	<result value='loss'/>
	<start value='2015-07-21.21:19:18'/>
	<end value='2015-07-21.21:20:09'/>
	<frames value='30351'/>
	<gameDuration value='1896'/>

	<player>
		<unitScore value='19125'/>
		<killScore value='16500'/>
		<buildingScore value='3225'/>
		<razingScore value='0'/>
		<mineralScore value='32330'/>
		<gasScore value='3352'/>
		<totalScore value='74532'/>
	</player>

	<enemy>
		<race value='Zerg'/>
		<unitScore value='18775'/>
		<killScore value='35450'/>
		<buildingScore value='3255'/>
		<razingScore value='9675'/>
		<mineralScore value='18138'/>
		<gasScore value='5232'/>
		<totalScore value='90525'/>
	</enemy>

	<scoreRatio value='0.823331'/>
	<timeFitness value='0.263333'/>
	<unitsAverage value='87'/>
</results>
