<results>
	<result value='loss'/>
	<start value='2015-07-21.21:38:41'/>
	<end value='2015-07-21.21:39:34'/>
	<frames value='34195'/>
	<gameDuration value='2137'/>

	<player>
		<unitScore value='21525'/>
		<killScore value='14950'/>
		<buildingScore value='4325'/>
		<razingScore value='0'/>
		<mineralScore value='22186'/>
		<gasScore value='3384'/>
		<totalScore value='66370'/>
	</player>

	<enemy>
		<race value='Zerg'/>
		<unitScore value='17350'/>
		<killScore value='40050'/>
		<buildingScore value='4080'/>
		<razingScore value='12975'/>
		<mineralScore value='21670'/>
		<gasScore value='6680'/>
		<totalScore value='102805'/>
	</enemy>

	<scoreRatio value='0.645591'/>
	<timeFitness value='0.296806'/>
	<unitsAverage value='76'/>
</results>
