<results>
	<result value='win'/>
	<start value='2015-04-30.20:57:46'/>
	<end value='2015-04-30.20:58:36'/>
	<frames value='33482'/>
	<gameDuration value='2092'/>

	<player>
		<unitScore value='24675'/>
		<killScore value='35030'/>
		<buildingScore value='4025'/>
		<razingScore value='6495'/>
		<mineralScore value='34170'/>
		<gasScore value='2920'/>
		<totalScore value='107315'/>
	</player>

	<enemy>
		<race value='Zerg'/>
		<unitScore value='15525'/>
		<unitScore value='15525'/>
		<killScore value='28900'/>
		<buildingScore value='2165'/>
		<razingScore value='0'/>
		<mineralScore value='13914'/>
		<gasScore value='4536'/>
		<totalScore value='65040'/>
	</enemy>

	<scoreRatio value='1.64998'/>
</results>
