<results>
	<result value='win'/>
	<start value='2015-04-30.21:00:50'/>
	<end value='2015-04-30.21:03:25'/>
	<frames value='54345'/>
	<gameDuration value='3396'/>

	<player>
		<unitScore value='27250'/>
		<killScore value='29930'/>
		<buildingScore value='4375'/>
		<razingScore value='6420'/>
		<mineralScore value='49802'/>
		<gasScore value='8340'/>
		<totalScore value='126117'/>
	</player>

	<enemy>
		<race value='Zerg'/>
		<unitScore value='15000'/>
		<unitScore value='15000'/>
		<killScore value='31100'/>
		<buildingScore value='2140'/>
		<razingScore value='0'/>
		<mineralScore value='13190'/>
		<gasScore value='4456'/>
		<totalScore value='65886'/>
	</enemy>

	<scoreRatio value='1.91417'/>
</results>
