<results>
	<result value='win'/>
	<start value='2015-05-11.23:42:23'/>
	<end value='2015-05-11.23:42:45'/>
	<frames value='22260'/>
	<gameDuration value='1391'/>

	<player>
		<unitScore value='10900'/>
		<killScore value='16310'/>
		<buildingScore value='3425'/>
		<razingScore value='5610'/>
		<mineralScore value='22066'/>
		<gasScore value='1992'/>
		<totalScore value='60303'/>
	</player>

	<enemy>
		<race value='Zerg'/>
		<unitScore value='8150'/>
		<unitScore value='8150'/>
		<killScore value='6850'/>
		<buildingScore value='1870'/>
		<razingScore value='150'/>
		<mineralScore value='8658'/>
		<gasScore value='2424'/>
		<totalScore value='28102'/>
	</enemy>

	<scoreRatio value='2.14586'/>
	<timeFitness value='0.806806'/>
	<unitsAverage value='78'/>
</results>
