<results>
	<result value='loss'/>
	<start value='2015-05-11.23:42:49'/>
	<end value='2015-05-11.23:42:57'/>
	<frames value='18323'/>
	<gameDuration value='1145'/>

	<player>
		<unitScore value='1150'/>
		<killScore value='500'/>
		<buildingScore value='625'/>
		<razingScore value='0'/>
		<mineralScore value='1450'/>
		<gasScore value='56'/>
		<totalScore value='3781'/>
	</player>

	<enemy>
		<race value='Zerg'/>
		<unitScore value='7050'/>
		<unitScore value='7050'/>
		<killScore value='2300'/>
		<buildingScore value='1220'/>
		<razingScore value='1875'/>
		<mineralScore value='7106'/>
		<gasScore value='1896'/>
		<totalScore value='21447'/>
	</enemy>

	<scoreRatio value='0.176295'/>
	<timeFitness value='0.159028'/>
	<unitsAverage value='5'/>
</results>
