<results>
	<result value='draw'/>
	<start value='2015-07-19.20:20:41'/>
	<end value='2015-07-19.20:24:15'/>
	<frames value='57601'/>
	<gameDuration value='3600'/>

	<player>
		<unitScore value='35850'/>
		<killScore value='51050'/>
		<buildingScore value='3125'/>
		<razingScore value='0'/>
		<mineralScore value='31430'/>
		<gasScore value='8216'/>
		<totalScore value='129671'/>
	</player>

	<enemy>
		<race value='Zerg'/>
		<unitScore value='35100'/>
		<killScore value='52800'/>
		<buildingScore value='4135'/>
		<razingScore value='450'/>
		<mineralScore value='29762'/>
		<gasScore value='11842'/>
		<totalScore value='134089'/>
	</enemy>

	<scoreRatio value='0.967052'/>
	<timeFitness value='0.5'/>
	<unitsAverage value='130'/>
</results>
