<results>
	<result value='win'/>
	<start value='2015-04-25.02:05:43'/>
	<end value='2015-04-25.02:06:18'/>
	<frames value='31033'/>
	<gameDuration value='1939'/>

	<player>
		<unitScore value='16825'/>
		<killScore value='25850'/>
		<buildingScore value='4175'/>
		<razingScore value='7875'/>
		<mineralScore value='33882'/>
		<gasScore value='3088'/>
		<totalScore value='91695'/>
	</player>

	<enemy>
		<race value='Terran'/>
		<unitScore value='12925'/>
		<unitScore value='12925'/>
		<killScore value='10950'/>
		<buildingScore value='2625'/>
		<razingScore value='0'/>
		<mineralScore value='12306'/>
		<gasScore value='4000'/>
		<totalScore value='42806'/>
	</enemy>

	<scoreRatio value='2.14211'/>
</results>
