<results>
	<result value='win'/>
	<start value='2015-04-25.02:17:09'/>
	<end value='2015-04-25.02:18:08'/>
	<frames value='42472'/>
	<gameDuration value='2654'/>

	<player>
		<unitScore value='27600'/>
		<killScore value='35050'/>
		<buildingScore value='5500'/>
		<razingScore value='12000'/>
		<mineralScore value='37970'/>
		<gasScore value='4936'/>
		<totalScore value='123056'/>
	</player>

	<enemy>
		<race value='Terran'/>
		<unitScore value='18325'/>
		<unitScore value='18325'/>
		<killScore value='31750'/>
		<buildingScore value='4000'/>
		<razingScore value='2175'/>
		<mineralScore value='14722'/>
		<gasScore value='6824'/>
		<totalScore value='77796'/>
	</enemy>

	<scoreRatio value='1.58178'/>
</results>
