<results>
	<result value='win'/>
	<start value='2014-07-04.17:19:48'/>
	<end value='2014-07-04.17:20:06'/>
	<frames value='30227'/>
	<gameDuration value='1889'/>

	<player>
		<unitScore value='14475'/>
		<killScore value='25750'/>
		<buildingScore value='3625'/>
		<razingScore value='6900'/>
		<mineralScore value='17474'/>
		<gasScore value='2408'/>
		<totalScore value='70632'/>
	</player>

	<enemy>
		<race value='Terran'/>
		<unitScore value='13475'/>
		<unitScore value='13475'/>
		<killScore value='13400'/>
		<buildingScore value='2300'/>
		<razingScore value='2850'/>
		<mineralScore value='12050'/>
		<gasScore value='4536'/>
		<totalScore value='48611'/>
	</enemy>

	<scoreRatio value='1.453'/>
</results>
