<results>
	<result value='loss'/>
	<start value='2015-07-09.05:36:27'/>
	<end value='2015-07-09.05:36:48'/>
	<frames value='18571'/>
	<gameDuration value='1160'/>

	<player>
		<unitScore value='4900'/>
		<killScore value='2350'/>
		<buildingScore value='1650'/>
		<razingScore value='0'/>
		<mineralScore value='5730'/>
		<gasScore value='848'/>
		<totalScore value='15478'/>
	</player>

	<enemy>
		<race value='Terran'/>
		<unitScore value='7275'/>
		<killScore value='9700'/>
		<buildingScore value='2850'/>
		<razingScore value='4950'/>
		<mineralScore value='8578'/>
		<gasScore value='3016'/>
		<totalScore value='36369'/>
	</enemy>

	<scoreRatio value='0.425582'/>
	<timeFitness value='0.161111'/>
	<unitsAverage value='28'/>
</results>
