<results>
	<result value='draw'/>
	<start value='2015-07-08.22:49:05'/>
	<end value='2015-07-08.22:51:17'/>
	<frames value='57601'/>
	<gameDuration value='3600'/>

	<player>
		<unitScore value='44000'/>
		<killScore value='26800'/>
		<buildingScore value='4800'/>
		<razingScore value='825'/>
		<mineralScore value='40302'/>
		<gasScore value='5592'/>
		<totalScore value='122319'/>
	</player>

	<enemy>
		<race value='Terran'/>
		<unitScore value='22625'/>
		<killScore value='67600'/>
		<buildingScore value='4200'/>
		<razingScore value='5175'/>
		<mineralScore value='17934'/>
		<gasScore value='11834'/>
		<totalScore value='129368'/>
	</enemy>

	<scoreRatio value='0.945512'/>
	<timeFitness value='0.5'/>
	<unitsAverage value='104'/>
</results>
