<results>
	<result value='loss'/>
	<start value='2015-07-08.22:59:19'/>
	<end value='2015-07-08.22:59:35'/>
	<frames value='16742'/>
	<gameDuration value='1046'/>

	<player>
		<unitScore value='4550'/>
		<killScore value='600'/>
		<buildingScore value='2025'/>
		<razingScore value='0'/>
		<mineralScore value='6066'/>
		<gasScore value='872'/>
		<totalScore value='14113'/>
	</player>

	<enemy>
		<race value='Terran'/>
		<unitScore value='6000'/>
		<killScore value='9100'/>
		<buildingScore value='2625'/>
		<razingScore value='6075'/>
		<mineralScore value='7514'/>
		<gasScore value='2488'/>
		<totalScore value='33802'/>
	</enemy>

	<scoreRatio value='0.41752'/>
	<timeFitness value='0.145278'/>
	<unitsAverage value='24'/>
</results>
