<results>
	<result value='loss'/>
	<start value='2015-07-09.06:01:28'/>
	<end value='2015-07-09.06:01:50'/>
	<frames value='20183'/>
	<gameDuration value='1261'/>

	<player>
		<unitScore value='6525'/>
		<killScore value='3100'/>
		<buildingScore value='1850'/>
		<razingScore value='0'/>
		<mineralScore value='6842'/>
		<gasScore value='1296'/>
		<totalScore value='19613'/>
	</player>

	<enemy>
		<race value='Terran'/>
		<unitScore value='8200'/>
		<killScore value='13050'/>
		<buildingScore value='2850'/>
		<razingScore value='5550'/>
		<mineralScore value='9434'/>
		<gasScore value='3600'/>
		<totalScore value='42684'/>
	</enemy>

	<scoreRatio value='0.459493'/>
	<timeFitness value='0.175139'/>
	<unitsAverage value='30'/>
</results>
