<results>
	<result value='loss'/>
	<start value='2015-07-09.06:03:04'/>
	<end value='2015-07-09.06:03:39'/>
	<frames value='28491'/>
	<gameDuration value='1780'/>

	<player>
		<unitScore value='14025'/>
		<killScore value='3900'/>
		<buildingScore value='4225'/>
		<razingScore value='0'/>
		<mineralScore value='15762'/>
		<gasScore value='2064'/>
		<totalScore value='39976'/>
	</player>

	<enemy>
		<race value='Terran'/>
		<unitScore value='8675'/>
		<killScore value='28050'/>
		<buildingScore value='3850'/>
		<razingScore value='12675'/>
		<mineralScore value='12682'/>
		<gasScore value='5290'/>
		<totalScore value='71222'/>
	</enemy>

	<scoreRatio value='0.561287'/>
	<timeFitness value='0.247222'/>
	<unitsAverage value='40'/>
</results>
