<results>
	<result value='win'/>
	<start value='2015-04-12.21:05:47'/>
	<end value='2015-04-12.21:06:10'/>
	<frames value='25856'/>
	<gameDuration value='1616'/>

	<player>
		<unitScore value='15850'/>
		<killScore value='18850'/>
		<buildingScore value='4425'/>
		<razingScore value='12975'/>
		<mineralScore value='25562'/>
		<gasScore value='2016'/>
		<totalScore value='79678'/>
	</player>

	<enemy>
		<race value='Protoss'/>
		<unitScore value='10125'/>
		<unitScore value='10125'/>
		<killScore value='10600'/>
		<buildingScore value='4325'/>
		<razingScore value='150'/>
		<mineralScore value='12062'/>
		<gasScore value='2976'/>
		<totalScore value='40238'/>
	</enemy>

	<scoreRatio value='1.98017'/>
</results>
