<results>
	<result value='draw'/>
	<start value='2015-05-08.02:30:00'/>
	<end value='2015-05-08.02:31:07'/>
	<frames value='57601'/>
	<gameDuration value='3600'/>

	<player>
		<unitScore value='28650'/>
		<killScore value='48400'/>
		<buildingScore value='3625'/>
		<razingScore value='5775'/>
		<mineralScore value='31446'/>
		<gasScore value='8048'/>
		<totalScore value='125944'/>
	</player>

	<enemy>
		<race value='Protoss'/>
		<unitScore value='30975'/>
		<unitScore value='30975'/>
		<killScore value='57300'/>
		<buildingScore value='8475'/>
		<razingScore value='8925'/>
		<mineralScore value='31526'/>
		<gasScore value='10330'/>
		<totalScore value='147531'/>
	</enemy>

	<scoreRatio value='0.853678'/>
	<timeFitness value='0.5'/>
	<unitsAverage value='83'/>
</results>
