<results>
	<result value='loss'/>
	<start value='2015-05-08.02:32:57'/>
	<end value='2015-05-08.02:33:12'/>
	<frames value='23345'/>
	<gameDuration value='1459'/>

	<player>
		<unitScore value='5225'/>
		<killScore value='2500'/>
		<buildingScore value='2200'/>
		<razingScore value='0'/>
		<mineralScore value='7746'/>
		<gasScore value='912'/>
		<totalScore value='18583'/>
	</player>

	<enemy>
		<race value='Protoss'/>
		<unitScore value='7450'/>
		<unitScore value='7450'/>
		<killScore value='10450'/>
		<buildingScore value='5475'/>
		<razingScore value='6600'/>
		<mineralScore value='12878'/>
		<gasScore value='3648'/>
		<totalScore value='46501'/>
	</enemy>

	<scoreRatio value='0.399626'/>
	<timeFitness value='0.202639'/>
	<unitsAverage value='27'/>
</results>
