<results>
	<result value='win'/>
	<start value='2015-05-08.02:29:07'/>
	<end value='2015-05-08.02:29:56'/>
	<frames value='36582'/>
	<gameDuration value='2286'/>

	<player>
		<unitScore value='19000'/>
		<killScore value='14100'/>
		<buildingScore value='3675'/>
		<razingScore value='20775'/>
		<mineralScore value='29386'/>
		<gasScore value='4392'/>
		<totalScore value='91328'/>
	</player>

	<enemy>
		<race value='Protoss'/>
		<unitScore value='7500'/>
		<unitScore value='7500'/>
		<killScore value='16600'/>
		<buildingScore value='6925'/>
		<razingScore value='150'/>
		<mineralScore value='15066'/>
		<gasScore value='3152'/>
		<totalScore value='49393'/>
	</enemy>

	<scoreRatio value='1.84901'/>
	<timeFitness value='0.6825'/>
	<unitsAverage value='101'/>
</results>
