<results>
	<result value='loss'/>
	<start value='2015-05-08.02:38:43'/>
	<end value='2015-05-08.02:39:31'/>
	<frames value='41728'/>
	<gameDuration value='2608'/>

	<player>
		<unitScore value='18325'/>
		<killScore value='17550'/>
		<buildingScore value='2925'/>
		<razingScore value='300'/>
		<mineralScore value='19910'/>
		<gasScore value='4464'/>
		<totalScore value='63474'/>
	</player>

	<enemy>
		<race value='Protoss'/>
		<unitScore value='27400'/>
		<unitScore value='27400'/>
		<killScore value='36650'/>
		<buildingScore value='6375'/>
		<razingScore value='8775'/>
		<mineralScore value='27370'/>
		<gasScore value='10016'/>
		<totalScore value='116586'/>
	</enemy>

	<scoreRatio value='0.544439'/>
	<timeFitness value='0.362222'/>
	<unitsAverage value='74'/>
</results>
