<results>
	<result value='win'/>
	<start value='2015-05-08.02:48:07'/>
	<end value='2015-05-08.02:48:54'/>
	<frames value='38101'/>
	<gameDuration value='2381'/>

	<player>
		<unitScore value='19300'/>
		<killScore value='23150'/>
		<buildingScore value='2925'/>
		<razingScore value='24450'/>
		<mineralScore value='24118'/>
		<gasScore value='3944'/>
		<totalScore value='97887'/>
	</player>

	<enemy>
		<race value='Protoss'/>
		<unitScore value='11925'/>
		<unitScore value='11925'/>
		<killScore value='20100'/>
		<buildingScore value='8150'/>
		<razingScore value='150'/>
		<mineralScore value='18414'/>
		<gasScore value='3600'/>
		<totalScore value='62339'/>
	</enemy>

	<scoreRatio value='1.57024'/>
	<timeFitness value='0.669306'/>
	<unitsAverage value='91'/>
</results>
