<results>
	<result value='win'/>
	<start value='2015-05-08.02:58:58'/>
	<end value='2015-05-08.03:00:23'/>
	<frames value='51028'/>
	<gameDuration value='3189'/>

	<player>
		<unitScore value='36500'/>
		<killScore value='48150'/>
		<buildingScore value='3625'/>
		<razingScore value='19875'/>
		<mineralScore value='37766'/>
		<gasScore value='6162'/>
		<totalScore value='152078'/>
	</player>

	<enemy>
		<race value='Protoss'/>
		<unitScore value='26200'/>
		<unitScore value='26200'/>
		<killScore value='53550'/>
		<buildingScore value='6625'/>
		<razingScore value='300'/>
		<mineralScore value='25134'/>
		<gasScore value='8676'/>
		<totalScore value='120485'/>
	</enemy>

	<scoreRatio value='1.26222'/>
	<timeFitness value='0.557083'/>
	<unitsAverage value='130'/>
</results>
