<results>
	<result value='win'/>
	<start value='2015-05-10.18:24:05'/>
	<end value='2015-05-10.18:24:28'/>
	<frames value='26600'/>
	<gameDuration value='1662'/>

	<player>
		<unitScore value='14150'/>
		<killScore value='18600'/>
		<buildingScore value='2575'/>
		<razingScore value='7590'/>
		<mineralScore value='16878'/>
		<gasScore value='2744'/>
		<totalScore value='62537'/>
	</player>

	<enemy>
		<race value='Zerg'/>
		<unitScore value='9125'/>
		<unitScore value='9125'/>
		<killScore value='12050'/>
		<buildingScore value='2530'/>
		<razingScore value='150'/>
		<mineralScore value='9642'/>
		<gasScore value='3040'/>
		<totalScore value='36537'/>
	</enemy>

	<scoreRatio value='1.71161'/>
	<timeFitness value='0.769167'/>
	<unitsAverage value='72'/>
</results>
