<results>
	<result value='win'/>
	<start value='2015-05-10.18:26:52'/>
	<end value='2015-05-10.18:27:24'/>
	<frames value='29204'/>
	<gameDuration value='1825'/>

	<player>
		<unitScore value='20550'/>
		<killScore value='24400'/>
		<buildingScore value='3850'/>
		<razingScore value='7230'/>
		<mineralScore value='27386'/>
		<gasScore value='2056'/>
		<totalScore value='85472'/>
	</player>

	<enemy>
		<race value='Zerg'/>
		<unitScore value='11800'/>
		<unitScore value='11800'/>
		<killScore value='18000'/>
		<buildingScore value='2410'/>
		<razingScore value='0'/>
		<mineralScore value='12330'/>
		<gasScore value='3992'/>
		<totalScore value='48532'/>
	</enemy>

	<scoreRatio value='1.76115'/>
	<timeFitness value='0.746528'/>
	<unitsAverage value='105'/>
</results>
