<results>
	<result value='win'/>
	<start value='2015-05-11.16:48:50'/>
	<end value='2015-05-11.16:49:12'/>
	<frames value='25360'/>
	<gameDuration value='1585'/>

	<player>
		<unitScore value='16575'/>
		<killScore value='20880'/>
		<buildingScore value='3375'/>
		<razingScore value='5775'/>
		<mineralScore value='20534'/>
		<gasScore value='1832'/>
		<totalScore value='68971'/>
	</player>

	<enemy>
		<race value='Zerg'/>
		<unitScore value='9675'/>
		<unitScore value='9675'/>
		<killScore value='15600'/>
		<buildingScore value='1925'/>
		<razingScore value='0'/>
		<mineralScore value='9866'/>
		<gasScore value='3416'/>
		<totalScore value='40482'/>
	</enemy>

	<scoreRatio value='1.70374'/>
	<timeFitness value='0.779861'/>
	<unitsAverage value='83'/>
</results>
