<results>
	<result value='win'/>
	<start value='2015-05-11.16:52:50'/>
	<end value='2015-05-11.16:53:21'/>
	<frames value='29111'/>
	<gameDuration value='1819'/>

	<player>
		<unitScore value='17925'/>
		<killScore value='29950'/>
		<buildingScore value='4825'/>
		<razingScore value='5700'/>
		<mineralScore value='31826'/>
		<gasScore value='3320'/>
		<totalScore value='93546'/>
	</player>

	<enemy>
		<race value='Zerg'/>
		<unitScore value='12675'/>
		<unitScore value='12675'/>
		<killScore value='14250'/>
		<buildingScore value='1900'/>
		<razingScore value='0'/>
		<mineralScore value='11926'/>
		<gasScore value='3696'/>
		<totalScore value='44447'/>
	</enemy>

	<scoreRatio value='2.10466'/>
	<timeFitness value='0.747361'/>
	<unitsAverage value='104'/>
</results>
