<results>
	<result value='win'/>
	<start value='2015-05-11.16:53:25'/>
	<end value='2015-05-11.16:53:54'/>
	<frames value='28026'/>
	<gameDuration value='1751'/>

	<player>
		<unitScore value='17325'/>
		<killScore value='23910'/>
		<buildingScore value='4825'/>
		<razingScore value='6135'/>
		<mineralScore value='23330'/>
		<gasScore value='1752'/>
		<totalScore value='77277'/>
	</player>

	<enemy>
		<race value='Zerg'/>
		<unitScore value='11550'/>
		<unitScore value='11550'/>
		<killScore value='15150'/>
		<buildingScore value='2045'/>
		<razingScore value='0'/>
		<mineralScore value='11434'/>
		<gasScore value='3856'/>
		<totalScore value='44035'/>
	</enemy>

	<scoreRatio value='1.7549'/>
	<timeFitness value='0.756806'/>
	<unitsAverage value='96'/>
</results>
