<results>
	<result value='win'/>
	<start value='2015-05-11.16:56:06'/>
	<end value='2015-05-11.16:56:26'/>
	<frames value='22911'/>
	<gameDuration value='1431'/>

	<player>
		<unitScore value='13600'/>
		<killScore value='24650'/>
		<buildingScore value='3275'/>
		<razingScore value='4800'/>
		<mineralScore value='18542'/>
		<gasScore value='2120'/>
		<totalScore value='66987'/>
	</player>

	<enemy>
		<race value='Zerg'/>
		<unitScore value='10450'/>
		<unitScore value='10450'/>
		<killScore value='10450'/>
		<buildingScore value='1600'/>
		<razingScore value='0'/>
		<mineralScore value='9754'/>
		<gasScore value='2768'/>
		<totalScore value='35022'/>
	</enemy>

	<scoreRatio value='1.91271'/>
	<timeFitness value='0.80125'/>
	<unitsAverage value='77'/>
</results>
