<results>
	<result value='draw'/>
	<start value='2015-05-05.17:02:01'/>
	<end value='2015-05-05.17:03:31'/>
	<frames value='57601'/>
	<gameDuration value='3600'/>

	<player>
		<unitScore value='38650'/>
		<killScore value='48120'/>
		<buildingScore value='3500'/>
		<razingScore value='5745'/>
		<mineralScore value='43478'/>
		<gasScore value='0'/>
		<totalScore value='139493'/>
	</player>

	<enemy>
		<race value='Zerg'/>
		<unitScore value='22850'/>
		<unitScore value='22850'/>
		<killScore value='68900'/>
		<buildingScore value='2240'/>
		<razingScore value='0'/>
		<mineralScore value='19550'/>
		<gasScore value='9200'/>
		<totalScore value='122740'/>
	</enemy>

	<scoreRatio value='1.13649'/>
	<timeFitness value='0.5'/>
	<unitsAverage value='129'/>
</results>
