<results>
	<result value='win'/>
	<start value='2015-04-27.17:33:59'/>
	<end value='2015-04-27.17:34:30'/>
	<frames value='28367'/>
	<gameDuration value='1772'/>

	<player>
		<unitScore value='11525'/>
		<killScore value='23150'/>
		<buildingScore value='4475'/>
		<razingScore value='8400'/>
		<mineralScore value='19866'/>
		<gasScore value='2512'/>
		<totalScore value='69928'/>
	</player>

	<enemy>
		<race value='Terran'/>
		<unitScore value='12175'/>
		<unitScore value='12175'/>
		<killScore value='8750'/>
		<buildingScore value='2800'/>
		<razingScore value='2100'/>
		<mineralScore value='10770'/>
		<gasScore value='4624'/>
		<totalScore value='41219'/>
	</enemy>

	<scoreRatio value='1.6965'/>
</results>
