<results>
	<result value='win'/>
	<start value='2015-04-27.17:42:14'/>
	<end value='2015-04-27.17:43:52'/>
	<frames value='52609'/>
	<gameDuration value='3288'/>

	<player>
		<unitScore value='38700'/>
		<killScore value='46900'/>
		<buildingScore value='4400'/>
		<razingScore value='14700'/>
		<mineralScore value='42042'/>
		<gasScore value='6658'/>
		<totalScore value='153400'/>
	</player>

	<enemy>
		<race value='Terran'/>
		<unitScore value='27400'/>
		<unitScore value='27400'/>
		<killScore value='53200'/>
		<buildingScore value='4900'/>
		<razingScore value='2025'/>
		<mineralScore value='19526'/>
		<gasScore value='11114'/>
		<totalScore value='118165'/>
	</enemy>

	<scoreRatio value='1.29818'/>
</results>
