<results>
	<result value='loss'/>
	<start value='2015-04-07.19:16:41'/>
	<end value='2015-04-07.19:17:31'/>
	<frames value='50346'/>
	<gameDuration value='3146'/>

	<player>
		<unitScore value='23650'/>
		<killScore value='44950'/>
		<buildingScore value='2650'/>
		<razingScore value='750'/>
		<mineralScore value='23994'/>
		<gasScore value='4344'/>
		<totalScore value='100338'/>
	</player>

	<enemy>
		<race value='Protoss'/>
		<unitScore value='41975'/>
		<unitScore value='41975'/>
		<killScore value='47300'/>
		<buildingScore value='7375'/>
		<razingScore value='7950'/>
		<mineralScore value='34942'/>
		<gasScore value='13552'/>
		<totalScore value='153094'/>
	</enemy>

	<scoreRatio value='0.655401'/>
</results>
