<results>
	<result value='loss'/>
	<start value='2015-07-21.10:43:16'/>
	<end value='2015-07-21.10:43:42'/>
	<frames value='25825'/>
	<gameDuration value='1614'/>

	<player>
		<unitScore value='11450'/>
		<killScore value='6600'/>
		<buildingScore value='2500'/>
		<razingScore value='0'/>
		<mineralScore value='21746'/>
		<gasScore value='1704'/>
		<totalScore value='44000'/>
	</player>

	<enemy>
		<race value='Zerg'/>
		<unitScore value='13975'/>
		<killScore value='21300'/>
		<buildingScore value='3190'/>
		<razingScore value='7500'/>
		<mineralScore value='14786'/>
		<gasScore value='4656'/>
		<totalScore value='65407'/>
	</enemy>

	<scoreRatio value='0.672711'/>
	<timeFitness value='0.224167'/>
	<unitsAverage value='59'/>
</results>
