<results>
	<result value='loss'/>
	<start value='2015-04-12.16:02:23'/>
	<end value='2015-04-12.16:02:29'/>
	<frames value='15099'/>
	<gameDuration value='943'/>

	<player>
		<unitScore value='2500'/>
		<killScore value='800'/>
		<buildingScore value='1775'/>
		<razingScore value='0'/>
		<mineralScore value='4250'/>
		<gasScore value='448'/>
		<totalScore value='9773'/>
	</player>

	<enemy>
		<race value='Protoss'/>
		<unitScore value='3550'/>
		<unitScore value='3550'/>
		<killScore value='5000'/>
		<buildingScore value='2925'/>
		<razingScore value='5325'/>
		<mineralScore value='7882'/>
		<gasScore value='1600'/>
		<totalScore value='26282'/>
	</enemy>

	<scoreRatio value='0.371851'/>
</results>
