<results>
	<result value='loss'/>
	<start value='2015-04-12.16:03:08'/>
	<end value='2015-04-12.16:03:29'/>
	<frames value='38380'/>
	<gameDuration value='2398'/>

	<player>
		<unitScore value='13500'/>
		<killScore value='12550'/>
		<buildingScore value='2550'/>
		<razingScore value='0'/>
		<mineralScore value='14250'/>
		<gasScore value='3024'/>
		<totalScore value='45874'/>
	</player>

	<enemy>
		<race value='Protoss'/>
		<unitScore value='25675'/>
		<unitScore value='25675'/>
		<killScore value='27000'/>
		<buildingScore value='7025'/>
		<razingScore value='7650'/>
		<mineralScore value='25394'/>
		<gasScore value='10392'/>
		<totalScore value='103136'/>
	</enemy>

	<scoreRatio value='0.444791'/>
</results>
