<results>
	<result value='win'/>
	<start value='2014-07-23.23:21:04'/>
	<end value='2014-07-23.23:21:26'/>
	<frames value='27778'/>
	<gameDuration value='1736'/>

	<player>
		<unitScore value='16825'/>
		<killScore value='26680'/>
		<buildingScore value='4125'/>
		<razingScore value='7920'/>
		<mineralScore value='28922'/>
		<gasScore value='2880'/>
		<totalScore value='87352'/>
	</player>

	<enemy>
		<race value='Zerg'/>
		<unitScore value='12900'/>
		<unitScore value='12900'/>
		<killScore value='10650'/>
		<buildingScore value='2640'/>
		<razingScore value='300'/>
		<mineralScore value='12730'/>
		<gasScore value='3664'/>
		<totalScore value='42884'/>
	</enemy>

	<scoreRatio value='2.03694'/>
</results>
