<results>
	<result value='win'/>
	<start value='2015-04-28.21:18:18'/>
	<end value='2015-04-28.21:18:44'/>
	<frames value='27902'/>
	<gameDuration value='1743'/>

	<player>
		<unitScore value='19225'/>
		<killScore value='30330'/>
		<buildingScore value='4050'/>
		<razingScore value='6015'/>
		<mineralScore value='25682'/>
		<gasScore value='2968'/>
		<totalScore value='88270'/>
	</player>

	<enemy>
		<race value='Zerg'/>
		<unitScore value='14050'/>
		<unitScore value='14050'/>
		<killScore value='17350'/>
		<buildingScore value='2005'/>
		<razingScore value='0'/>
		<mineralScore value='12866'/>
		<gasScore value='4096'/>
		<totalScore value='50367'/>
	</enemy>

	<scoreRatio value='1.75254'/>
</results>
