<results>
	<result value='win'/>
	<start value='2015-04-28.21:24:31'/>
	<end value='2015-04-28.21:24:53'/>
	<frames value='32180'/>
	<gameDuration value='2011'/>

	<player>
		<unitScore value='16350'/>
		<killScore value='33850'/>
		<buildingScore value='3225'/>
		<razingScore value='6135'/>
		<mineralScore value='20234'/>
		<gasScore value='2560'/>
		<totalScore value='82354'/>
	</player>

	<enemy>
		<race value='Zerg'/>
		<unitScore value='15000'/>
		<unitScore value='15000'/>
		<killScore value='19250'/>
		<buildingScore value='2045'/>
		<razingScore value='825'/>
		<mineralScore value='13318'/>
		<gasScore value='3368'/>
		<totalScore value='53806'/>
	</enemy>

	<scoreRatio value='1.53057'/>
</results>
