<results>
	<result value='win'/>
	<start value='2015-04-28.21:24:56'/>
	<end value='2015-04-28.21:25:17'/>
	<frames value='25732'/>
	<gameDuration value='1608'/>

	<player>
		<unitScore value='15400'/>
		<killScore value='33170'/>
		<buildingScore value='4450'/>
		<razingScore value='5040'/>
		<mineralScore value='23370'/>
		<gasScore value='3000'/>
		<totalScore value='84430'/>
	</player>

	<enemy>
		<race value='Zerg'/>
		<unitScore value='13800'/>
		<unitScore value='13800'/>
		<killScore value='12650'/>
		<buildingScore value='1680'/>
		<razingScore value='0'/>
		<mineralScore value='11410'/>
		<gasScore value='3240'/>
		<totalScore value='42780'/>
	</enemy>

	<scoreRatio value='1.97359'/>
</results>
