<results>
	<result value='draw'/>
	<start value='2015-05-09.18:14:55'/>
	<end value='2015-05-09.18:15:38'/>
	<frames value='57601'/>
	<gameDuration value='3600'/>

	<player>
		<unitScore value='20450'/>
		<killScore value='38700'/>
		<buildingScore value='3125'/>
		<razingScore value='7350'/>
		<mineralScore value='23914'/>
		<gasScore value='5124'/>
		<totalScore value='98663'/>
	</player>

	<enemy>
		<race value='Terran'/>
		<unitScore value='29875'/>
		<unitScore value='29875'/>
		<killScore value='38300'/>
		<buildingScore value='6575'/>
		<razingScore value='4575'/>
		<mineralScore value='26970'/>
		<gasScore value='16446'/>
		<totalScore value='122741'/>
	</enemy>

	<scoreRatio value='0.803831'/>
	<timeFitness value='0.5'/>
	<unitsAverage value='58'/>
</results>
