<results>
	<result value='loss'/>
	<start value='2015-07-19.07:14:04'/>
	<end value='2015-07-19.07:15:46'/>
	<frames value='52826'/>
	<gameDuration value='3301'/>

	<player>
		<unitScore value='35525'/>
		<killScore value='23600'/>
		<buildingScore value='5375'/>
		<razingScore value='2400'/>
		<mineralScore value='36194'/>
		<gasScore value='4944'/>
		<totalScore value='108038'/>
	</player>

	<enemy>
		<race value='Protoss'/>
		<unitScore value='21550'/>
		<killScore value='71050'/>
		<buildingScore value='7425'/>
		<razingScore value='16125'/>
		<mineralScore value='21854'/>
		<gasScore value='12184'/>
		<totalScore value='150188'/>
	</enemy>

	<scoreRatio value='0.719352'/>
	<timeFitness value='0.458472'/>
	<unitsAverage value='94'/>
</results>
