<results>
	<result value='loss'/>
	<start value='2015-05-10.10:49:13'/>
	<end value='2015-05-10.10:49:19'/>
	<frames value='15874'/>
	<gameDuration value='992'/>

	<player>
		<unitScore value='2925'/>
		<killScore value='1200'/>
		<buildingScore value='1650'/>
		<razingScore value='0'/>
		<mineralScore value='4682'/>
		<gasScore value='752'/>
		<totalScore value='11209'/>
	</player>

	<enemy>
		<race value='Protoss'/>
		<unitScore value='3550'/>
		<unitScore value='3550'/>
		<killScore value='5850'/>
		<buildingScore value='3075'/>
		<razingScore value='4950'/>
		<mineralScore value='8282'/>
		<gasScore value='1480'/>
		<totalScore value='27187'/>
	</enemy>

	<scoreRatio value='0.412293'/>
	<timeFitness value='0.137778'/>
	<unitsAverage value='23'/>
</results>
