<results>
	<result value='loss'/>
	<start value='2015-07-14.06:52:57'/>
	<end value='2015-07-14.06:53:10'/>
	<frames value='19315'/>
	<gameDuration value='1207'/>

	<player>
		<unitScore value='4525'/>
		<killScore value='1000'/>
		<buildingScore value='2200'/>
		<razingScore value='0'/>
		<mineralScore value='6626'/>
		<gasScore value='1152'/>
		<totalScore value='15503'/>
	</player>

	<enemy>
		<race value='Protoss'/>
		<unitScore value='5675'/>
		<killScore value='8900'/>
		<buildingScore value='4425'/>
		<razingScore value='6600'/>
		<mineralScore value='10202'/>
		<gasScore value='2816'/>
		<totalScore value='38618'/>
	</enemy>

	<scoreRatio value='0.401445'/>
	<timeFitness value='0.167639'/>
	<unitsAverage value='27'/>
</results>
