<results>
	<result value='draw'/>
	<start value='2015-07-20.20:52:16'/>
	<end value='2015-07-20.20:54:53'/>
	<frames value='57601'/>
	<gameDuration value='3600'/>

	<player>
		<unitScore value='31350'/>
		<killScore value='25675'/>
		<buildingScore value='3850'/>
		<razingScore value='195'/>
		<mineralScore value='31494'/>
		<gasScore value='5352'/>
		<totalScore value='97916'/>
	</player>

	<enemy>
		<race value='Zerg'/>
		<unitScore value='32725'/>
		<killScore value='50800'/>
		<buildingScore value='4200'/>
		<razingScore value='1500'/>
		<mineralScore value='31550'/>
		<gasScore value='12124'/>
		<totalScore value='132899'/>
	</enemy>

	<scoreRatio value='0.73677'/>
	<timeFitness value='0.5'/>
	<unitsAverage value='134'/>
</results>
