<results>
	<result value='win'/>
	<start value='2015-04-26.14:28:32'/>
	<end value='2015-04-26.14:28:49'/>
	<frames value='22849'/>
	<gameDuration value='1428'/>

	<player>
		<unitScore value='10650'/>
		<killScore value='19250'/>
		<buildingScore value='2850'/>
		<razingScore value='7200'/>
		<mineralScore value='15298'/>
		<gasScore value='2144'/>
		<totalScore value='57392'/>
	</player>

	<enemy>
		<race value='Terran'/>
		<unitScore value='9625'/>
		<unitScore value='9625'/>
		<killScore value='7850'/>
		<buildingScore value='2400'/>
		<razingScore value='150'/>
		<mineralScore value='10274'/>
		<gasScore value='3320'/>
		<totalScore value='33619'/>
	</enemy>

	<scoreRatio value='1.70713'/>
</results>
