<results>
	<result value='loss'/>
	<start value='2015-04-26.14:29:43'/>
	<end value='2015-04-26.14:30:13'/>
	<frames value='50129'/>
	<gameDuration value='3133'/>

	<player>
		<unitScore value='14150'/>
		<killScore value='20400'/>
		<buildingScore value='2875'/>
		<razingScore value='3150'/>
		<mineralScore value='16514'/>
		<gasScore value='2848'/>
		<totalScore value='59937'/>
	</player>

	<enemy>
		<race value='Terran'/>
		<unitScore value='27650'/>
		<unitScore value='27650'/>
		<killScore value='28300'/>
		<buildingScore value='5075'/>
		<razingScore value='8625'/>
		<mineralScore value='21438'/>
		<gasScore value='12658'/>
		<totalScore value='103746'/>
	</enemy>

	<scoreRatio value='0.577728'/>
</results>
