<results>
	<result value='win'/>
	<start value='2015-04-28.04:54:05'/>
	<end value='2015-04-28.04:54:26'/>
	<frames value='23748'/>
	<gameDuration value='1484'/>

	<player>
		<unitScore value='11875'/>
		<killScore value='18500'/>
		<buildingScore value='3200'/>
		<razingScore value='6525'/>
		<mineralScore value='16930'/>
		<gasScore value='2416'/>
		<totalScore value='59446'/>
	</player>

	<enemy>
		<race value='Terran'/>
		<unitScore value='9250'/>
		<unitScore value='9250'/>
		<killScore value='8200'/>
		<buildingScore value='2175'/>
		<razingScore value='150'/>
		<mineralScore value='10178'/>
		<gasScore value='3408'/>
		<totalScore value='33361'/>
	</enemy>

	<scoreRatio value='1.7819'/>
</results>
