<results>
	<result value='win'/>
	<start value='2015-04-28.04:54:29'/>
	<end value='2015-04-28.04:55:09'/>
	<frames value='32242'/>
	<gameDuration value='2015'/>

	<player>
		<unitScore value='19175'/>
		<killScore value='26900'/>
		<buildingScore value='4450'/>
		<razingScore value='9750'/>
		<mineralScore value='31954'/>
		<gasScore value='3752'/>
		<totalScore value='95981'/>
	</player>

	<enemy>
		<race value='Terran'/>
		<unitScore value='13450'/>
		<unitScore value='13450'/>
		<killScore value='15350'/>
		<buildingScore value='3250'/>
		<razingScore value='150'/>
		<mineralScore value='12050'/>
		<gasScore value='5004'/>
		<totalScore value='49254'/>
	</enemy>

	<scoreRatio value='1.94869'/>
</results>
