<results>
	<result value='loss'/>
	<start value='2015-04-28.04:55:12'/>
	<end value='2015-04-28.04:55:28'/>
	<frames value='24833'/>
	<gameDuration value='1552'/>

	<player>
		<unitScore value='7450'/>
		<killScore value='6250'/>
		<buildingScore value='1650'/>
		<razingScore value='0'/>
		<mineralScore value='9298'/>
		<gasScore value='1384'/>
		<totalScore value='26032'/>
	</player>

	<enemy>
		<race value='Terran'/>
		<unitScore value='10550'/>
		<unitScore value='10550'/>
		<killScore value='14900'/>
		<buildingScore value='3925'/>
		<razingScore value='4950'/>
		<mineralScore value='12130'/>
		<gasScore value='5624'/>
		<totalScore value='52079'/>
	</enemy>

	<scoreRatio value='0.499856'/>
</results>
