<results>
	<result value='draw'/>
	<start value='2014-07-05.23:46:26'/>
	<end value='2014-07-05.23:47:22'/>
	<frames value='57601'/>
	<gameDuration value='3600'/>

	<player>
		<unitScore value='23975'/>
		<killScore value='30800'/>
		<buildingScore value='3475'/>
		<razingScore value='1350'/>
		<mineralScore value='31470'/>
		<gasScore value='5896'/>
		<totalScore value='96966'/>
	</player>

	<enemy>
		<race value='Protoss'/>
		<unitScore value='29725'/>
		<unitScore value='29725'/>
		<killScore value='37850'/>
		<buildingScore value='5525'/>
		<razingScore value='3225'/>
		<mineralScore value='31550'/>
		<gasScore value='11754'/>
		<totalScore value='119629'/>
	</enemy>

	<scoreRatio value='0.810556'/>
</results>
