<results>
	<result value='loss'/>
	<start value='2015-05-04.16:33:37'/>
	<end value='2015-05-04.16:33:45'/>
	<frames value='13797'/>
	<gameDuration value='862'/>

	<player>
		<unitScore value='3100'/>
		<killScore value='400'/>
		<buildingScore value='1325'/>
		<razingScore value='0'/>
		<mineralScore value='4354'/>
		<gasScore value='416'/>
		<totalScore value='9595'/>
	</player>

	<enemy>
		<race value='Protoss'/>
		<unitScore value='3550'/>
		<unitScore value='3550'/>
		<killScore value='6200'/>
		<buildingScore value='2375'/>
		<razingScore value='3975'/>
		<mineralScore value='7218'/>
		<gasScore value='1216'/>
		<totalScore value='24534'/>
	</enemy>

	<scoreRatio value='0.39109'/>
	<timeFitness value='0.119722'/>
	<unitsAverage value='22'/>
</results>
