<results>
	<result value='win'/>
	<start value='2015-05-04.16:34:08'/>
	<end value='2015-05-04.16:35:03'/>
	<frames value='38008'/>
	<gameDuration value='2375'/>

	<player>
		<unitScore value='26750'/>
		<killScore value='32100'/>
		<buildingScore value='4025'/>
		<razingScore value='19575'/>
		<mineralScore value='32110'/>
		<gasScore value='2952'/>
		<totalScore value='117512'/>
	</player>

	<enemy>
		<race value='Protoss'/>
		<unitScore value='16950'/>
		<unitScore value='16950'/>
		<killScore value='30050'/>
		<buildingScore value='6525'/>
		<razingScore value='300'/>
		<mineralScore value='20162'/>
		<gasScore value='4632'/>
		<totalScore value='78619'/>
	</enemy>

	<scoreRatio value='1.4947'/>
	<timeFitness value='0.670139'/>
	<unitsAverage value='109'/>
</results>
