<results>
	<result value='draw'/>
	<start value='2015-05-04.16:41:07'/>
	<end value='2015-05-04.16:42:23'/>
	<frames value='57601'/>
	<gameDuration value='3600'/>

	<player>
		<unitScore value='30950'/>
		<killScore value='46300'/>
		<buildingScore value='4800'/>
		<razingScore value='15150'/>
		<mineralScore value='35750'/>
		<gasScore value='3714'/>
		<totalScore value='136664'/>
	</player>

	<enemy>
		<race value='Protoss'/>
		<unitScore value='25400'/>
		<unitScore value='25400'/>
		<killScore value='52100'/>
		<buildingScore value='7575'/>
		<razingScore value='8625'/>
		<mineralScore value='26910'/>
		<gasScore value='10448'/>
		<totalScore value='131058'/>
	</enemy>

	<scoreRatio value='1.04277'/>
	<timeFitness value='0.5'/>
	<unitsAverage value='99'/>
</results>
