<results>
	<result value='loss'/>
	<start value='2015-04-17.01:16:48'/>
	<end value='2015-04-17.01:17:45'/>
	<frames value='40829'/>
	<gameDuration value='2551'/>

	<player>
		<unitScore value='18500'/>
		<killScore value='14900'/>
		<buildingScore value='3975'/>
		<razingScore value='0'/>
		<mineralScore value='24074'/>
		<gasScore value='3584'/>
		<totalScore value='65033'/>
	</player>

	<enemy>
		<race value='Protoss'/>
		<unitScore value='30115'/>
		<unitScore value='30115'/>
		<killScore value='37350'/>
		<buildingScore value='8475'/>
		<razingScore value='11925'/>
		<mineralScore value='29854'/>
		<gasScore value='11250'/>
		<totalScore value='128969'/>
	</enemy>

	<scoreRatio value='0.504253'/>
</results>
