<results>
	<result value='win'/>
	<start value='2015-05-04.09:36:16'/>
	<end value='2015-05-04.09:36:41'/>
	<frames value='27499'/>
	<gameDuration value='1718'/>

	<player>
		<unitScore value='16000'/>
		<killScore value='24600'/>
		<buildingScore value='4175'/>
		<razingScore value='8475'/>
		<mineralScore value='21490'/>
		<gasScore value='2408'/>
		<totalScore value='77148'/>
	</player>

	<enemy>
		<race value='Terran'/>
		<unitScore value='12300'/>
		<unitScore value='12300'/>
		<killScore value='14400'/>
		<buildingScore value='2900'/>
		<razingScore value='1425'/>
		<mineralScore value='10810'/>
		<gasScore value='4520'/>
		<totalScore value='46355'/>
	</enemy>

	<scoreRatio value='1.66429'/>
	<timeFitness value='0.761389'/>
	<unitsAverage value='79'/>
</results>
