<results>
	<result value='loss'/>
	<start value='2015-05-04.09:41:20'/>
	<end value='2015-05-04.09:41:29'/>
	<frames value='17827'/>
	<gameDuration value='1114'/>

	<player>
		<unitScore value='3975'/>
		<killScore value='1000'/>
		<buildingScore value='1925'/>
		<razingScore value='0'/>
		<mineralScore value='6026'/>
		<gasScore value='992'/>
		<totalScore value='13918'/>
	</player>

	<enemy>
		<race value='Terran'/>
		<unitScore value='6750'/>
		<unitScore value='6750'/>
		<killScore value='7950'/>
		<buildingScore value='2800'/>
		<razingScore value='5775'/>
		<mineralScore value='8194'/>
		<gasScore value='2856'/>
		<totalScore value='34325'/>
	</enemy>

	<scoreRatio value='0.405477'/>
	<timeFitness value='0.154722'/>
	<unitsAverage value='27'/>
</results>
