<results>
	<result value='win'/>
	<start value='2015-05-04.09:52:27'/>
	<end value='2015-05-04.09:52:44'/>
	<frames value='22167'/>
	<gameDuration value='1385'/>

	<player>
		<unitScore value='9600'/>
		<killScore value='17600'/>
		<buildingScore value='3100'/>
		<razingScore value='7725'/>
		<mineralScore value='13762'/>
		<gasScore value='1968'/>
		<totalScore value='53755'/>
	</player>

	<enemy>
		<race value='Terran'/>
		<unitScore value='8850'/>
		<unitScore value='8850'/>
		<killScore value='5450'/>
		<buildingScore value='2575'/>
		<razingScore value='1350'/>
		<mineralScore value='9090'/>
		<gasScore value='3088'/>
		<totalScore value='30403'/>
	</enemy>

	<scoreRatio value='1.76808'/>
	<timeFitness value='0.807639'/>
	<unitsAverage value='58'/>
</results>
