<results>
	<result value='loss'/>
	<start value='2015-05-04.09:58:19'/>
	<end value='2015-05-04.09:58:39'/>
	<frames value='35900'/>
	<gameDuration value='2243'/>

	<player>
		<unitScore value='6275'/>
		<killScore value='10100'/>
		<buildingScore value='1825'/>
		<razingScore value='150'/>
		<mineralScore value='11586'/>
		<gasScore value='824'/>
		<totalScore value='30760'/>
	</player>

	<enemy>
		<race value='Terran'/>
		<unitScore value='21300'/>
		<unitScore value='21300'/>
		<killScore value='12550'/>
		<buildingScore value='4875'/>
		<razingScore value='5475'/>
		<mineralScore value='18170'/>
		<gasScore value='10052'/>
		<totalScore value='72422'/>
	</enemy>

	<scoreRatio value='0.424733'/>
	<timeFitness value='0.311528'/>
	<unitsAverage value='27'/>
</results>
