<results>
	<result value='win'/>
	<start value='2014-07-11.20:20:24'/>
	<end value='2014-07-11.20:20:45'/>
	<frames value='23934'/>
	<gameDuration value='1495'/>

	<player>
		<unitScore value='13600'/>
		<killScore value='22010'/>
		<buildingScore value='3325'/>
		<razingScore value='5535'/>
		<mineralScore value='23074'/>
		<gasScore value='2496'/>
		<totalScore value='70040'/>
	</player>

	<enemy>
		<race value='Zerg'/>
		<unitScore value='9925'/>
		<unitScore value='9925'/>
		<killScore value='9450'/>
		<buildingScore value='1845'/>
		<razingScore value='0'/>
		<mineralScore value='9442'/>
		<gasScore value='2968'/>
		<totalScore value='33630'/>
	</enemy>

	<scoreRatio value='2.08266'/>
</results>
