<results>
	<result value='win'/>
	<start value='2014-07-11.20:22:41'/>
	<end value='2014-07-11.20:23:02'/>
	<frames value='24368'/>
	<gameDuration value='1523'/>

	<player>
		<unitScore value='15475'/>
		<killScore value='19320'/>
		<buildingScore value='3950'/>
		<razingScore value='4755'/>
		<mineralScore value='22614'/>
		<gasScore value='1728'/>
		<totalScore value='67842'/>
	</player>

	<enemy>
		<race value='Zerg'/>
		<unitScore value='9525'/>
		<unitScore value='9525'/>
		<killScore value='12300'/>
		<buildingScore value='1585'/>
		<razingScore value='150'/>
		<mineralScore value='8882'/>
		<gasScore value='2640'/>
		<totalScore value='35082'/>
	</enemy>

	<scoreRatio value='1.93381'/>
</results>
