<results>
	<result value='loss'/>
	<start value='2015-05-02.17:34:06'/>
	<end value='2015-05-02.17:34:18'/>
	<frames value='27313'/>
	<gameDuration value='1707'/>

	<player>
		<unitScore value='3700'/>
		<killScore value='2400'/>
		<buildingScore value='1725'/>
		<razingScore value='0'/>
		<mineralScore value='5834'/>
		<gasScore value='632'/>
		<totalScore value='14291'/>
	</player>

	<enemy>
		<race value='Protoss'/>
		<unitScore value='11200'/>
		<unitScore value='11200'/>
		<killScore value='7400'/>
		<buildingScore value='6025'/>
		<razingScore value='5175'/>
		<mineralScore value='18062'/>
		<gasScore value='5328'/>
		<totalScore value='53190'/>
	</enemy>

	<scoreRatio value='0.268678'/>
	<timeFitness value='0.237083'/>
	<unitsAverage value='24'/>
</results>
