<results>
	<result value='draw'/>
	<start value='2015-04-10.17:18:11'/>
	<end value='2015-04-10.17:19:13'/>
	<frames value='57601'/>
	<gameDuration value='3600'/>

	<player>
		<unitScore value='28225'/>
		<killScore value='57050'/>
		<buildingScore value='3675'/>
		<razingScore value='1500'/>
		<mineralScore value='31462'/>
		<gasScore value='7966'/>
		<totalScore value='129878'/>
	</player>

	<enemy>
		<race value='Protoss'/>
		<unitScore value='37325'/>
		<unitScore value='37325'/>
		<killScore value='49450'/>
		<buildingScore value='7000'/>
		<razingScore value='2700'/>
		<mineralScore value='31518'/>
		<gasScore value='11988'/>
		<totalScore value='139981'/>
	</enemy>

	<scoreRatio value='0.927826'/>
</results>
