<results>
	<result value='loss'/>
	<start value='2015-03-28.18:34:21'/>
	<end value='2015-03-28.18:34:30'/>
	<frames value='14076'/>
	<gameDuration value='879'/>

	<player>
		<unitScore value='2875'/>
		<killScore value='1400'/>
		<buildingScore value='1200'/>
		<razingScore value='0'/>
		<mineralScore value='3450'/>
		<gasScore value='408'/>
		<totalScore value='9333'/>
	</player>

	<enemy>
		<race value='Protoss'/>
		<unitScore value='3500'/>
		<unitScore value='3500'/>
		<killScore value='5750'/>
		<buildingScore value='2375'/>
		<razingScore value='3600'/>
		<mineralScore value='6986'/>
		<gasScore value='1176'/>
		<totalScore value='23387'/>
	</enemy>

	<scoreRatio value='0.399068'/>
</results>
