<results>
	<result value='loss'/>
	<start value='2015-03-28.18:36:10'/>
	<end value='2015-03-28.18:36:17'/>
	<frames value='13890'/>
	<gameDuration value='868'/>

	<player>
		<unitScore value='1650'/>
		<killScore value='1800'/>
		<buildingScore value='875'/>
		<razingScore value='0'/>
		<mineralScore value='2426'/>
		<gasScore value='632'/>
		<totalScore value='7383'/>
	</player>

	<enemy>
		<race value='Protoss'/>
		<unitScore value='3500'/>
		<unitScore value='3500'/>
		<killScore value='3300'/>
		<buildingScore value='2375'/>
		<razingScore value='2625'/>
		<mineralScore value='7170'/>
		<gasScore value='1288'/>
		<totalScore value='20258'/>
	</enemy>

	<scoreRatio value='0.364449'/>
</results>
