<results>
	<result value='win'/>
	<start value='2015-05-08.20:36:41'/>
	<end value='2015-05-08.20:37:09'/>
	<frames value='26166'/>
	<gameDuration value='1635'/>

	<player>
		<unitScore value='12800'/>
		<killScore value='16665'/>
		<buildingScore value='3000'/>
		<razingScore value='6900'/>
		<mineralScore value='17118'/>
		<gasScore value='1560'/>
		<totalScore value='58043'/>
	</player>

	<enemy>
		<race value='Zerg'/>
		<unitScore value='8825'/>
		<unitScore value='8825'/>
		<killScore value='11050'/>
		<buildingScore value='2300'/>
		<razingScore value='225'/>
		<mineralScore value='10762'/>
		<gasScore value='2672'/>
		<totalScore value='35834'/>
	</enemy>

	<scoreRatio value='1.61977'/>
	<timeFitness value='0.772917'/>
	<unitsAverage value='64'/>
</results>
