<results>
	<result value='win'/>
	<start value='2015-05-08.20:45:13'/>
	<end value='2015-05-08.20:45:53'/>
	<frames value='29917'/>
	<gameDuration value='1869'/>

	<player>
		<unitScore value='17775'/>
		<killScore value='28290'/>
		<buildingScore value='2500'/>
		<razingScore value='6090'/>
		<mineralScore value='19826'/>
		<gasScore value='3000'/>
		<totalScore value='77481'/>
	</player>

	<enemy>
		<race value='Zerg'/>
		<unitScore value='12750'/>
		<unitScore value='12750'/>
		<killScore value='19800'/>
		<buildingScore value='2030'/>
		<razingScore value='0'/>
		<mineralScore value='12242'/>
		<gasScore value='4144'/>
		<totalScore value='50966'/>
	</enemy>

	<scoreRatio value='1.52025'/>
	<timeFitness value='0.740417'/>
	<unitsAverage value='78'/>
</results>
