<results>
	<result value='win'/>
	<start value='2015-05-08.20:56:23'/>
	<end value='2015-05-08.20:56:54'/>
	<frames value='25391'/>
	<gameDuration value='1586'/>

	<player>
		<unitScore value='13350'/>
		<killScore value='21090'/>
		<buildingScore value='2500'/>
		<razingScore value='5775'/>
		<mineralScore value='16494'/>
		<gasScore value='2048'/>
		<totalScore value='61257'/>
	</player>

	<enemy>
		<race value='Zerg'/>
		<unitScore value='10075'/>
		<unitScore value='10075'/>
		<killScore value='11550'/>
		<buildingScore value='1925'/>
		<razingScore value='0'/>
		<mineralScore value='10090'/>
		<gasScore value='2944'/>
		<totalScore value='36584'/>
	</enemy>

	<scoreRatio value='1.67442'/>
	<timeFitness value='0.779722'/>
	<unitsAverage value='74'/>
</results>
