<results>
	<result value='win'/>
	<start value='2015-05-08.21:12:02'/>
	<end value='2015-05-08.21:13:07'/>
	<frames value='36861'/>
	<gameDuration value='2303'/>

	<player>
		<unitScore value='23925'/>
		<killScore value='30340'/>
		<buildingScore value='4400'/>
		<razingScore value='5820'/>
		<mineralScore value='28942'/>
		<gasScore value='3016'/>
		<totalScore value='96443'/>
	</player>

	<enemy>
		<race value='Zerg'/>
		<unitScore value='13525'/>
		<unitScore value='13525'/>
		<killScore value='25250'/>
		<buildingScore value='1940'/>
		<razingScore value='0'/>
		<mineralScore value='12282'/>
		<gasScore value='3560'/>
		<totalScore value='56557'/>
	</enemy>

	<scoreRatio value='1.70524'/>
	<timeFitness value='0.680139'/>
	<unitsAverage value='106'/>
</results>
