<results>
	<result value='win'/>
	<start value='2015-05-08.21:11:23'/>
	<end value='2015-05-08.21:11:58'/>
	<frames value='27902'/>
	<gameDuration value='1743'/>

	<player>
		<unitScore value='17325'/>
		<killScore value='24050'/>
		<buildingScore value='3400'/>
		<razingScore value='7515'/>
		<mineralScore value='20942'/>
		<gasScore value='1616'/>
		<totalScore value='74848'/>
	</player>

	<enemy>
		<race value='Zerg'/>
		<unitScore value='10850'/>
		<unitScore value='10850'/>
		<killScore value='19150'/>
		<buildingScore value='2505'/>
		<razingScore value='0'/>
		<mineralScore value='10954'/>
		<gasScore value='3424'/>
		<totalScore value='46883'/>
	</enemy>

	<scoreRatio value='1.59648'/>
	<timeFitness value='0.757917'/>
	<unitsAverage value='79'/>
</results>
