<results>
	<result value='loss'/>
	<start value='2015-04-28.03:53:41'/>
	<end value='2015-04-28.03:53:52'/>
	<frames value='18416'/>
	<gameDuration value='1151'/>

	<player>
		<unitScore value='5600'/>
		<killScore value='2200'/>
		<buildingScore value='1350'/>
		<razingScore value='0'/>
		<mineralScore value='7314'/>
		<gasScore value='504'/>
		<totalScore value='16968'/>
	</player>

	<enemy>
		<race value='Terran'/>
		<unitScore value='6400'/>
		<unitScore value='6400'/>
		<killScore value='11200'/>
		<buildingScore value='2700'/>
		<razingScore value='4050'/>
		<mineralScore value='8402'/>
		<gasScore value='3000'/>
		<totalScore value='35752'/>
	</enemy>

	<scoreRatio value='0.474603'/>
</results>
