<results>
	<result value='loss'/>
	<start value='2015-07-21.09:41:44'/>
	<end value='2015-07-21.09:42:44'/>
	<frames value='33947'/>
	<gameDuration value='2121'/>

	<player>
		<unitScore value='19225'/>
		<killScore value='25350'/>
		<buildingScore value='2975'/>
		<razingScore value='0'/>
		<mineralScore value='24082'/>
		<gasScore value='2536'/>
		<totalScore value='74168'/>
	</player>

	<enemy>
		<race value='Zerg'/>
		<unitScore value='20275'/>
		<killScore value='30400'/>
		<buildingScore value='3320'/>
		<razingScore value='8925'/>
		<mineralScore value='20306'/>
		<gasScore value='6454'/>
		<totalScore value='89680'/>
	</enemy>

	<scoreRatio value='0.827029'/>
	<timeFitness value='0.294583'/>
	<unitsAverage value='85'/>
</results>
