<results>
	<result value='loss'/>
	<start value='2015-05-10.19:35:29'/>
	<end value='2015-05-10.19:35:46'/>
	<frames value='27251'/>
	<gameDuration value='1703'/>

	<player>
		<unitScore value='5900'/>
		<killScore value='7950'/>
		<buildingScore value='3875'/>
		<razingScore value='0'/>
		<mineralScore value='13722'/>
		<gasScore value='1352'/>
		<totalScore value='32799'/>
	</player>

	<enemy>
		<race value='Zerg'/>
		<unitScore value='14600'/>
		<unitScore value='14600'/>
		<killScore value='11800'/>
		<buildingScore value='3410'/>
		<razingScore value='11625'/>
		<mineralScore value='16546'/>
		<gasScore value='5448'/>
		<totalScore value='63429'/>
	</enemy>

	<scoreRatio value='0.517098'/>
	<timeFitness value='0.236528'/>
	<unitsAverage value='37'/>
</results>
