<results>
	<result value='loss'/>
	<start value='2015-05-10.19:40:15'/>
	<end value='2015-05-10.19:40:29'/>
	<frames value='22167'/>
	<gameDuration value='1385'/>

	<player>
		<unitScore value='8150'/>
		<killScore value='4350'/>
		<buildingScore value='2325'/>
		<razingScore value='0'/>
		<mineralScore value='15486'/>
		<gasScore value='0'/>
		<totalScore value='30311'/>
	</player>

	<enemy>
		<race value='Zerg'/>
		<unitScore value='7675'/>
		<unitScore value='7675'/>
		<killScore value='16300'/>
		<buildingScore value='2575'/>
		<razingScore value='6975'/>
		<mineralScore value='9746'/>
		<gasScore value='3328'/>
		<totalScore value='46599'/>
	</enemy>

	<scoreRatio value='0.650465'/>
	<timeFitness value='0.192361'/>
	<unitsAverage value='43'/>
</results>
