<results>
	<result value='win'/>
	<start value='2015-05-04.19:48:51'/>
	<end value='2015-05-04.19:49:26'/>
	<frames value='26352'/>
	<gameDuration value='1647'/>

	<player>
		<unitScore value='17000'/>
		<killScore value='32645'/>
		<buildingScore value='3850'/>
		<razingScore value='5040'/>
		<mineralScore value='23410'/>
		<gasScore value='2408'/>
		<totalScore value='84353'/>
	</player>

	<enemy>
		<race value='Zerg'/>
		<unitScore value='13650'/>
		<unitScore value='13650'/>
		<killScore value='11400'/>
		<buildingScore value='1680'/>
		<razingScore value='0'/>
		<mineralScore value='12226'/>
		<gasScore value='3552'/>
		<totalScore value='42508'/>
	</enemy>

	<scoreRatio value='1.9844'/>
	<timeFitness value='0.77125'/>
	<unitsAverage value='95'/>
</results>
