<results>
	<result value='loss'/>
	<start value='2015-05-11.21:56:44'/>
	<end value='2015-05-11.21:56:48'/>
	<frames value='9891'/>
	<gameDuration value='618'/>

	<player>
		<unitScore value='850'/>
		<killScore value='200'/>
		<buildingScore value='650'/>
		<razingScore value='0'/>
		<mineralScore value='1186'/>
		<gasScore value='32'/>
		<totalScore value='2918'/>
	</player>

	<enemy>
		<race value='Zerg'/>
		<unitScore value='1850'/>
		<unitScore value='1850'/>
		<killScore value='1700'/>
		<buildingScore value='1120'/>
		<razingScore value='1950'/>
		<mineralScore value='3090'/>
		<gasScore value='344'/>
		<totalScore value='10054'/>
	</enemy>

	<scoreRatio value='0.290233'/>
	<timeFitness value='0.0858333'/>
	<unitsAverage value='7'/>
</results>
