<results>
	<result value='win'/>
	<start value='2015-05-04.19:54:58'/>
	<end value='2015-05-04.19:55:36'/>
	<frames value='27654'/>
	<gameDuration value='1728'/>

	<player>
		<unitScore value='19950'/>
		<killScore value='24645'/>
		<buildingScore value='4550'/>
		<razingScore value='5700'/>
		<mineralScore value='29698'/>
		<gasScore value='2960'/>
		<totalScore value='87503'/>
	</player>

	<enemy>
		<race value='Zerg'/>
		<unitScore value='10825'/>
		<unitScore value='10825'/>
		<killScore value='16600'/>
		<buildingScore value='1900'/>
		<razingScore value='0'/>
		<mineralScore value='10770'/>
		<gasScore value='3232'/>
		<totalScore value='43327'/>
	</enemy>

	<scoreRatio value='2.0196'/>
	<timeFitness value='0.76'/>
	<unitsAverage value='109'/>
</results>
