<results>
	<result value='win'/>
	<start value='2015-05-10.15:40:21'/>
	<end value='2015-05-10.15:40:57'/>
	<frames value='23996'/>
	<gameDuration value='1499'/>

	<player>
		<unitScore value='14550'/>
		<killScore value='21510'/>
		<buildingScore value='3725'/>
		<razingScore value='4635'/>
		<mineralScore value='23658'/>
		<gasScore value='2680'/>
		<totalScore value='70758'/>
	</player>

	<enemy>
		<race value='Zerg'/>
		<unitScore value='9950'/>
		<unitScore value='9950'/>
		<killScore value='10050'/>
		<buildingScore value='1545'/>
		<razingScore value='0'/>
		<mineralScore value='9034'/>
		<gasScore value='2584'/>
		<totalScore value='33163'/>
	</enemy>

	<scoreRatio value='2.13364'/>
	<timeFitness value='0.791806'/>
	<unitsAverage value='89'/>
</results>
