<results>
	<result value='win'/>
	<start value='2015-05-03.13:56:49'/>
	<end value='2015-05-03.13:57:14'/>
	<frames value='25639'/>
	<gameDuration value='1602'/>

	<player>
		<unitScore value='17925'/>
		<killScore value='19810'/>
		<buildingScore value='4475'/>
		<razingScore value='4995'/>
		<mineralScore value='26858'/>
		<gasScore value='2016'/>
		<totalScore value='76079'/>
	</player>

	<enemy>
		<race value='Zerg'/>
		<unitScore value='9275'/>
		<unitScore value='9275'/>
		<killScore value='16150'/>
		<buildingScore value='1665'/>
		<razingScore value='0'/>
		<mineralScore value='9114'/>
		<gasScore value='2856'/>
		<totalScore value='39060'/>
	</enemy>

	<scoreRatio value='1.94775'/>
	<timeFitness value='0.7775'/>
	<unitsAverage value='97'/>
</results>
