<results>
	<result value='win'/>
	<start value='2015-05-10.15:47:17'/>
	<end value='2015-05-10.15:48:05'/>
	<frames value='27964'/>
	<gameDuration value='1747'/>

	<player>
		<unitScore value='17875'/>
		<killScore value='16160'/>
		<buildingScore value='4300'/>
		<razingScore value='7245'/>
		<mineralScore value='29666'/>
		<gasScore value='2128'/>
		<totalScore value='77374'/>
	</player>

	<enemy>
		<race value='Zerg'/>
		<unitScore value='8050'/>
		<unitScore value='8050'/>
		<killScore value='12750'/>
		<buildingScore value='2415'/>
		<razingScore value='150'/>
		<mineralScore value='8882'/>
		<gasScore value='2936'/>
		<totalScore value='35183'/>
	</enemy>

	<scoreRatio value='2.19919'/>
	<timeFitness value='0.757361'/>
	<unitsAverage value='106'/>
</results>
