<results>
	<result value='win'/>
	<start value='2015-05-03.14:00:38'/>
	<end value='2015-05-03.14:01:00'/>
	<frames value='26290'/>
	<gameDuration value='1643'/>

	<player>
		<unitScore value='13375'/>
		<killScore value='19370'/>
		<buildingScore value='4325'/>
		<razingScore value='8025'/>
		<mineralScore value='19606'/>
		<gasScore value='2960'/>
		<totalScore value='67661'/>
	</player>

	<enemy>
		<race value='Zerg'/>
		<unitScore value='8975'/>
		<unitScore value='8975'/>
		<killScore value='10900'/>
		<buildingScore value='2675'/>
		<razingScore value='2175'/>
		<mineralScore value='10474'/>
		<gasScore value='3424'/>
		<totalScore value='38623'/>
	</enemy>

	<scoreRatio value='1.75183'/>
	<timeFitness value='0.771806'/>
	<unitsAverage value='81'/>
</results>
