<results>
	<result value='loss'/>
	<start value='2015-04-11.00:03:07'/>
	<end value='2015-04-11.00:03:16'/>
	<frames value='18199'/>
	<gameDuration value='1137'/>

	<player>
		<unitScore value='3975'/>
		<killScore value='2000'/>
		<buildingScore value='1525'/>
		<razingScore value='0'/>
		<mineralScore value='5514'/>
		<gasScore value='624'/>
		<totalScore value='13638'/>
	</player>

	<enemy>
		<race value='Protoss'/>
		<unitScore value='3650'/>
		<unitScore value='3650'/>
		<killScore value='7950'/>
		<buildingScore value='4175'/>
		<razingScore value='4575'/>
		<mineralScore value='9882'/>
		<gasScore value='1832'/>
		<totalScore value='32064'/>
	</enemy>

	<scoreRatio value='0.425337'/>
</results>
