<results>
	<result value='win'/>
	<start value='2015-04-11.00:10:23'/>
	<end value='2015-04-11.00:10:59'/>
	<frames value='32893'/>
	<gameDuration value='2055'/>

	<player>
		<unitScore value='21400'/>
		<killScore value='19400'/>
		<buildingScore value='3925'/>
		<razingScore value='19425'/>
		<mineralScore value='25914'/>
		<gasScore value='3464'/>
		<totalScore value='93528'/>
	</player>

	<enemy>
		<race value='Protoss'/>
		<unitScore value='9700'/>
		<unitScore value='9700'/>
		<killScore value='17600'/>
		<buildingScore value='6475'/>
		<razingScore value='300'/>
		<mineralScore value='17282'/>
		<gasScore value='4112'/>
		<totalScore value='55469'/>
	</enemy>

	<scoreRatio value='1.68613'/>
</results>
