<results>
	<result value='loss'/>
	<start value='2015-03-31.11:48:34'/>
	<end value='2015-03-31.11:48:53'/>
	<frames value='32118'/>
	<gameDuration value='2007'/>

	<player>
		<unitScore value='10600'/>
		<killScore value='8700'/>
		<buildingScore value='1225'/>
		<razingScore value='1125'/>
		<mineralScore value='12042'/>
		<gasScore value='2656'/>
		<totalScore value='36348'/>
	</player>

	<enemy>
		<race value='Protoss'/>
		<unitScore value='16350'/>
		<unitScore value='16350'/>
		<killScore value='21300'/>
		<buildingScore value='7250'/>
		<razingScore value='3675'/>
		<mineralScore value='20786'/>
		<gasScore value='7104'/>
		<totalScore value='76465'/>
	</enemy>

	<scoreRatio value='0.475355'/>
</results>
