<results>
	<result value='loss'/>
	<start value='2015-04-26.16:57:05'/>
	<end value='2015-04-26.16:57:49'/>
	<frames value='44983'/>
	<gameDuration value='2811'/>

	<player>
		<unitScore value='11850'/>
		<killScore value='14700'/>
		<buildingScore value='3800'/>
		<razingScore value='0'/>
		<mineralScore value='27766'/>
		<gasScore value='4936'/>
		<totalScore value='63052'/>
	</player>

	<enemy>
		<race value='Terran'/>
		<unitScore value='24525'/>
		<unitScore value='24525'/>
		<killScore value='23700'/>
		<buildingScore value='4275'/>
		<razingScore value='11400'/>
		<mineralScore value='19550'/>
		<gasScore value='10916'/>
		<totalScore value='94366'/>
	</enemy>

	<scoreRatio value='0.668164'/>
</results>
