<results>
	<result value='loss'/>
	<start value='2015-05-01.21:28:01'/>
	<end value='2015-05-01.21:28:51'/>
	<frames value='44766'/>
	<gameDuration value='2797'/>

	<player>
		<unitScore value='18300'/>
		<killScore value='27750'/>
		<buildingScore value='3200'/>
		<razingScore value='600'/>
		<mineralScore value='21886'/>
		<gasScore value='3312'/>
		<totalScore value='75048'/>
	</player>

	<enemy>
		<race value='Protoss'/>
		<unitScore value='30475'/>
		<unitScore value='30475'/>
		<killScore value='36350'/>
		<buildingScore value='6575'/>
		<razingScore value='9600'/>
		<mineralScore value='29826'/>
		<gasScore value='10732'/>
		<totalScore value='123558'/>
	</enemy>

	<scoreRatio value='0.607391'/>
</results>
