<results>
	<result value='loss'/>
	<start value='2015-05-01.21:34:13'/>
	<end value='2015-05-01.21:34:30'/>
	<frames value='27778'/>
	<gameDuration value='1736'/>

	<player>
		<unitScore value='2800'/>
		<killScore value='2200'/>
		<buildingScore value='1625'/>
		<razingScore value='0'/>
		<mineralScore value='4666'/>
		<gasScore value='776'/>
		<totalScore value='12067'/>
	</player>

	<enemy>
		<race value='Protoss'/>
		<unitScore value='12850'/>
		<unitScore value='12850'/>
		<killScore value='5600'/>
		<buildingScore value='6875'/>
		<razingScore value='4875'/>
		<mineralScore value='17010'/>
		<gasScore value='6648'/>
		<totalScore value='53858'/>
	</enemy>

	<scoreRatio value='0.224052'/>
</results>
