<results>
	<result value='loss'/>
	<start value='2015-05-01.21:44:57'/>
	<end value='2015-05-01.21:45:34'/>
	<frames value='41604'/>
	<gameDuration value='2600'/>

	<player>
		<unitScore value='9250'/>
		<killScore value='10750'/>
		<buildingScore value='2650'/>
		<razingScore value='1650'/>
		<mineralScore value='16690'/>
		<gasScore value='1368'/>
		<totalScore value='42358'/>
	</player>

	<enemy>
		<race value='Protoss'/>
		<unitScore value='19075'/>
		<unitScore value='19075'/>
		<killScore value='18500'/>
		<buildingScore value='8325'/>
		<razingScore value='7950'/>
		<mineralScore value='29218'/>
		<gasScore value='8254'/>
		<totalScore value='91322'/>
	</enemy>

	<scoreRatio value='0.463831'/>
</results>
