<results>
	<result value='win'/>
	<start value='2015-05-09.07:59:20'/>
	<end value='2015-05-09.07:59:33'/>
	<frames value='18044'/>
	<gameDuration value='1127'/>

	<player>
		<unitScore value='7100'/>
		<killScore value='9300'/>
		<buildingScore value='2925'/>
		<razingScore value='4350'/>
		<mineralScore value='11362'/>
		<gasScore value='1016'/>
		<totalScore value='36053'/>
	</player>

	<enemy>
		<race value='Terran'/>
		<unitScore value='4650'/>
		<unitScore value='4650'/>
		<killScore value='2250'/>
		<buildingScore value='1450'/>
		<razingScore value='600'/>
		<mineralScore value='7210'/>
		<gasScore value='2024'/>
		<totalScore value='18184'/>
	</enemy>

	<scoreRatio value='1.98268'/>
	<timeFitness value='0.843472'/>
	<unitsAverage value='48'/>
</results>
