<results>
	<result value='loss'/>
	<start value='2015-05-09.08:01:39'/>
	<end value='2015-05-09.08:01:48'/>
	<frames value='16618'/>
	<gameDuration value='1038'/>

	<player>
		<unitScore value='3075'/>
		<killScore value='500'/>
		<buildingScore value='1850'/>
		<razingScore value='0'/>
		<mineralScore value='4674'/>
		<gasScore value='576'/>
		<totalScore value='10675'/>
	</player>

	<enemy>
		<race value='Terran'/>
		<unitScore value='5350'/>
		<unitScore value='5350'/>
		<killScore value='6150'/>
		<buildingScore value='2225'/>
		<razingScore value='5550'/>
		<mineralScore value='7610'/>
		<gasScore value='2472'/>
		<totalScore value='29357'/>
	</enemy>

	<scoreRatio value='0.363627'/>
	<timeFitness value='0.144167'/>
	<unitsAverage value='22'/>
</results>
