<results>
	<result value='loss'/>
	<start value='2015-05-09.08:05:11'/>
	<end value='2015-05-09.08:05:22'/>
	<frames value='20834'/>
	<gameDuration value='1302'/>

	<player>
		<unitScore value='5575'/>
		<killScore value='3000'/>
		<buildingScore value='1600'/>
		<razingScore value='0'/>
		<mineralScore value='7346'/>
		<gasScore value='472'/>
		<totalScore value='17993'/>
	</player>

	<enemy>
		<race value='Terran'/>
		<unitScore value='8225'/>
		<unitScore value='8225'/>
		<killScore value='11150'/>
		<buildingScore value='3175'/>
		<razingScore value='4800'/>
		<mineralScore value='9962'/>
		<gasScore value='3840'/>
		<totalScore value='41152'/>
	</enemy>

	<scoreRatio value='0.437233'/>
	<timeFitness value='0.180833'/>
	<unitsAverage value='27'/>
</results>
