<results>
	<result value='loss'/>
	<start value='2015-04-07.18:43:42'/>
	<end value='2015-04-07.18:44:10'/>
	<frames value='39527'/>
	<gameDuration value='2470'/>

	<player>
		<unitScore value='16450'/>
		<killScore value='14050'/>
		<buildingScore value='2400'/>
		<razingScore value='300'/>
		<mineralScore value='19194'/>
		<gasScore value='2896'/>
		<totalScore value='55290'/>
	</player>

	<enemy>
		<race value='Protoss'/>
		<unitScore value='24025'/>
		<unitScore value='24025'/>
		<killScore value='32900'/>
		<buildingScore value='7625'/>
		<razingScore value='7200'/>
		<mineralScore value='27050'/>
		<gasScore value='9584'/>
		<totalScore value='108384'/>
	</enemy>

	<scoreRatio value='0.510131'/>
</results>
