<results>
	<result value='loss'/>
	<start value='2015-04-13.06:52:41'/>
	<end value='2015-04-13.06:53:07'/>
	<frames value='39310'/>
	<gameDuration value='2456'/>

	<player>
		<unitScore value='13525'/>
		<killScore value='10550'/>
		<buildingScore value='2225'/>
		<razingScore value='450'/>
		<mineralScore value='15882'/>
		<gasScore value='2728'/>
		<totalScore value='45360'/>
	</player>

	<enemy>
		<race value='Protoss'/>
		<unitScore value='23250'/>
		<unitScore value='23250'/>
		<killScore value='27050'/>
		<buildingScore value='7725'/>
		<razingScore value='6675'/>
		<mineralScore value='28258'/>
		<gasScore value='9082'/>
		<totalScore value='102040'/>
	</enemy>

	<scoreRatio value='0.444532'/>
</results>
