<results>
	<result value='loss'/>
	<start value='2015-04-13.06:53:20'/>
	<end value='2015-04-13.06:53:27'/>
	<frames value='16649'/>
	<gameDuration value='1040'/>

	<player>
		<unitScore value='2775'/>
		<killScore value='1800'/>
		<buildingScore value='1150'/>
		<razingScore value='0'/>
		<mineralScore value='4162'/>
		<gasScore value='760'/>
		<totalScore value='10647'/>
	</player>

	<enemy>
		<race value='Protoss'/>
		<unitScore value='3600'/>
		<unitScore value='3600'/>
		<killScore value='5550'/>
		<buildingScore value='4025'/>
		<razingScore value='3450'/>
		<mineralScore value='8890'/>
		<gasScore value='1624'/>
		<totalScore value='27139'/>
	</enemy>

	<scoreRatio value='0.392314'/>
</results>
