<results>
	<result value='win'/>
	<start value='2014-07-24.10:43:31'/>
	<end value='2014-07-24.10:43:52'/>
	<frames value='28987'/>
	<gameDuration value='1811'/>

	<player>
		<unitScore value='16100'/>
		<killScore value='25650'/>
		<buildingScore value='3650'/>
		<razingScore value='7050'/>
		<mineralScore value='22970'/>
		<gasScore value='0'/>
		<totalScore value='75420'/>
	</player>

	<enemy>
		<race value='Terran'/>
		<unitScore value='12825'/>
		<unitScore value='12825'/>
		<killScore value='18600'/>
		<buildingScore value='2350'/>
		<razingScore value='600'/>
		<mineralScore value='11942'/>
		<gasScore value='4016'/>
		<totalScore value='50333'/>
	</enemy>

	<scoreRatio value='1.49842'/>
</results>
