<results>
	<result value='loss'/>
	<start value='2014-07-24.10:52:37'/>
	<end value='2014-07-24.10:52:43'/>
	<frames value='15719'/>
	<gameDuration value='982'/>

	<player>
		<unitScore value='1600'/>
		<killScore value='500'/>
		<buildingScore value='1475'/>
		<razingScore value='0'/>
		<mineralScore value='3098'/>
		<gasScore value='496'/>
		<totalScore value='7169'/>
	</player>

	<enemy>
		<race value='Terran'/>
		<unitScore value='5025'/>
		<unitScore value='5025'/>
		<killScore value='3200'/>
		<buildingScore value='1800'/>
		<razingScore value='4425'/>
		<mineralScore value='7082'/>
		<gasScore value='2464'/>
		<totalScore value='23996'/>
	</enemy>

	<scoreRatio value='0.298758'/>
</results>
