<results>
	<result value='win'/>
	<start value='2014-07-24.10:52:59'/>
	<end value='2014-07-24.10:53:11'/>
	<frames value='18664'/>
	<gameDuration value='1166'/>

	<player>
		<unitScore value='8875'/>
		<killScore value='12750'/>
		<buildingScore value='3050'/>
		<razingScore value='4350'/>
		<mineralScore value='13946'/>
		<gasScore value='1272'/>
		<totalScore value='44243'/>
	</player>

	<enemy>
		<race value='Terran'/>
		<unitScore value='6375'/>
		<unitScore value='6375'/>
		<killScore value='3950'/>
		<buildingScore value='1450'/>
		<razingScore value='0'/>
		<mineralScore value='7834'/>
		<gasScore value='2320'/>
		<totalScore value='21929'/>
	</enemy>

	<scoreRatio value='2.01756'/>
</results>
