<results>
	<result value='loss'/>
	<start value='2014-07-24.10:54:49'/>
	<end value='2014-07-24.10:54:55'/>
	<frames value='15502'/>
	<gameDuration value='968'/>

	<player>
		<unitScore value='2950'/>
		<killScore value='200'/>
		<buildingScore value='1575'/>
		<razingScore value='0'/>
		<mineralScore value='4650'/>
		<gasScore value='688'/>
		<totalScore value='10063'/>
	</player>

	<enemy>
		<race value='Terran'/>
		<unitScore value='5250'/>
		<unitScore value='5250'/>
		<killScore value='5900'/>
		<buildingScore value='1600'/>
		<razingScore value='4725'/>
		<mineralScore value='7146'/>
		<gasScore value='2192'/>
		<totalScore value='26813'/>
	</enemy>

	<scoreRatio value='0.375303'/>
</results>
