<results>
	<result value='loss'/>
	<start value='2014-07-24.10:55:30'/>
	<end value='2014-07-24.10:55:39'/>
	<frames value='19129'/>
	<gameDuration value='1195'/>

	<player>
		<unitScore value='2850'/>
		<killScore value='2050'/>
		<buildingScore value='1725'/>
		<razingScore value='0'/>
		<mineralScore value='4786'/>
		<gasScore value='792'/>
		<totalScore value='12203'/>
	</player>

	<enemy>
		<race value='Terran'/>
		<unitScore value='7575'/>
		<unitScore value='7575'/>
		<killScore value='5700'/>
		<buildingScore value='2850'/>
		<razingScore value='5175'/>
		<mineralScore value='8914'/>
		<gasScore value='3272'/>
		<totalScore value='33486'/>
	</enemy>

	<scoreRatio value='0.364421'/>
</results>
