<results>
	<result value='loss'/>
	<start value='2014-07-24.11:02:24'/>
	<end value='2014-07-24.11:02:30'/>
	<frames value='13766'/>
	<gameDuration value='860'/>

	<player>
		<unitScore value='1825'/>
		<killScore value='100'/>
		<buildingScore value='1125'/>
		<razingScore value='0'/>
		<mineralScore value='3282'/>
		<gasScore value='544'/>
		<totalScore value='6876'/>
	</player>

	<enemy>
		<race value='Terran'/>
		<unitScore value='4000'/>
		<unitScore value='4000'/>
		<killScore value='3650'/>
		<buildingScore value='1450'/>
		<razingScore value='3375'/>
		<mineralScore value='6130'/>
		<gasScore value='1968'/>
		<totalScore value='20573'/>
	</enemy>

	<scoreRatio value='0.334224'/>
</results>
