<results>
	<result value='loss'/>
	<start value='2014-07-24.11:03:13'/>
	<end value='2014-07-24.11:03:21'/>
	<frames value='16742'/>
	<gameDuration value='1046'/>

	<player>
		<unitScore value='3525'/>
		<killScore value='300'/>
		<buildingScore value='1625'/>
		<razingScore value='0'/>
		<mineralScore value='5018'/>
		<gasScore value='784'/>
		<totalScore value='11252'/>
	</player>

	<enemy>
		<race value='Terran'/>
		<unitScore value='5650'/>
		<unitScore value='5650'/>
		<killScore value='7050'/>
		<buildingScore value='2225'/>
		<razingScore value='4875'/>
		<mineralScore value='7738'/>
		<gasScore value='2384'/>
		<totalScore value='29922'/>
	</enemy>

	<scoreRatio value='0.376044'/>
</results>
