<results>
	<result value='draw'/>
	<start value='2014-07-24.11:03:24'/>
	<end value='2014-07-24.11:04:16'/>
	<frames value='57601'/>
	<gameDuration value='3600'/>

	<player>
		<unitScore value='21550'/>
		<killScore value='37200'/>
		<buildingScore value='5050'/>
		<razingScore value='7650'/>
		<mineralScore value='42362'/>
		<gasScore value='8400'/>
		<totalScore value='122212'/>
	</player>

	<enemy>
		<race value='Terran'/>
		<unitScore value='26200'/>
		<unitScore value='26200'/>
		<killScore value='27100'/>
		<buildingScore value='4075'/>
		<razingScore value='1800'/>
		<mineralScore value='19418'/>
		<gasScore value='11056'/>
		<totalScore value='89649'/>
	</enemy>

	<scoreRatio value='1.36323'/>
</results>
