<results>
	<result value='loss'/>
	<start value='2014-07-24.11:08:13'/>
	<end value='2014-07-24.11:08:22'/>
	<frames value='16990'/>
	<gameDuration value='1061'/>

	<player>
		<unitScore value='5350'/>
		<killScore value='400'/>
		<buildingScore value='1700'/>
		<razingScore value='0'/>
		<mineralScore value='6122'/>
		<gasScore value='584'/>
		<totalScore value='14156'/>
	</player>

	<enemy>
		<race value='Terran'/>
		<unitScore value='5350'/>
		<unitScore value='5350'/>
		<killScore value='10700'/>
		<buildingScore value='2225'/>
		<razingScore value='5100'/>
		<mineralScore value='7778'/>
		<gasScore value='2696'/>
		<totalScore value='33849'/>
	</enemy>

	<scoreRatio value='0.41821'/>
</results>
