<results>
	<result value='loss'/>
	<start value='2014-07-09.14:18:00'/>
	<end value='2014-07-09.14:18:27'/>
	<frames value='45572'/>
	<gameDuration value='2848'/>

	<player>
		<unitScore value='11675'/>
		<killScore value='19800'/>
		<buildingScore value='1350'/>
		<razingScore value='6450'/>
		<mineralScore value='12106'/>
		<gasScore value='3312'/>
		<totalScore value='54693'/>
	</player>

	<enemy>
		<race value='Protoss'/>
		<unitScore value='26250'/>
		<unitScore value='26250'/>
		<killScore value='23350'/>
		<buildingScore value='9975'/>
		<razingScore value='4050'/>
		<mineralScore value='30046'/>
		<gasScore value='9226'/>
		<totalScore value='102897'/>
	</enemy>

	<scoreRatio value='0.531532'/>
</results>
