<results>
	<result value='win'/>
	<start value='2015-04-10.06:04:16'/>
	<end value='2015-04-10.06:05:07'/>
	<frames value='41418'/>
	<gameDuration value='2588'/>

	<player>
		<unitScore value='28300'/>
		<killScore value='23900'/>
		<buildingScore value='4725'/>
		<razingScore value='18900'/>
		<mineralScore value='32834'/>
		<gasScore value='2672'/>
		<totalScore value='111331'/>
	</player>

	<enemy>
		<race value='Protoss'/>
		<unitScore value='12750'/>
		<unitScore value='12750'/>
		<killScore value='31150'/>
		<buildingScore value='6300'/>
		<razingScore value='300'/>
		<mineralScore value='18234'/>
		<gasScore value='7024'/>
		<totalScore value='75758'/>
	</enemy>

	<scoreRatio value='1.46956'/>
</results>
