<results>
	<result value='win'/>
	<start value='2015-04-10.06:06:27'/>
	<end value='2015-04-10.06:06:55'/>
	<frames value='30165'/>
	<gameDuration value='1885'/>

	<player>
		<unitScore value='16525'/>
		<killScore value='17350'/>
		<buildingScore value='2625'/>
		<razingScore value='19125'/>
		<mineralScore value='20874'/>
		<gasScore value='2552'/>
		<totalScore value='79051'/>
	</player>

	<enemy>
		<race value='Protoss'/>
		<unitScore value='8900'/>
		<unitScore value='8900'/>
		<killScore value='11650'/>
		<buildingScore value='6375'/>
		<razingScore value='300'/>
		<mineralScore value='15386'/>
		<gasScore value='3912'/>
		<totalScore value='46523'/>
	</enemy>

	<scoreRatio value='1.69918'/>
</results>
