<results>
	<result value='loss'/>
	<start value='2015-04-10.06:09:53'/>
	<end value='2015-04-10.06:10:06'/>
	<frames value='25577'/>
	<gameDuration value='1598'/>

	<player>
		<unitScore value='4950'/>
		<killScore value='3100'/>
		<buildingScore value='2075'/>
		<razingScore value='0'/>
		<mineralScore value='6826'/>
		<gasScore value='952'/>
		<totalScore value='17903'/>
	</player>

	<enemy>
		<race value='Protoss'/>
		<unitScore value='9375'/>
		<unitScore value='9375'/>
		<killScore value='9900'/>
		<buildingScore value='6175'/>
		<razingScore value='6225'/>
		<mineralScore value='14882'/>
		<gasScore value='4992'/>
		<totalScore value='51549'/>
	</enemy>

	<scoreRatio value='0.347301'/>
</results>
