<results>
	<result value='win'/>
	<start value='2015-05-04.04:05:01'/>
	<end value='2015-05-04.04:05:29'/>
	<frames value='27623'/>
	<gameDuration value='1726'/>

	<player>
		<unitScore value='18375'/>
		<killScore value='24650'/>
		<buildingScore value='4175'/>
		<razingScore value='5580'/>
		<mineralScore value='29802'/>
		<gasScore value='2016'/>
		<totalScore value='84598'/>
	</player>

	<enemy>
		<race value='Zerg'/>
		<unitScore value='11400'/>
		<unitScore value='11400'/>
		<killScore value='13700'/>
		<buildingScore value='1860'/>
		<razingScore value='0'/>
		<mineralScore value='10154'/>
		<gasScore value='3304'/>
		<totalScore value='40418'/>
	</enemy>

	<scoreRatio value='2.09308'/>
	<timeFitness value='0.760278'/>
	<unitsAverage value='112'/>
</results>
