<results>
	<result value='win'/>
	<start value='2015-05-04.04:24:28'/>
	<end value='2015-05-04.04:25:11'/>
	<frames value='43247'/>
	<gameDuration value='2702'/>

	<player>
		<unitScore value='30475'/>
		<killScore value='32740'/>
		<buildingScore value='4325'/>
		<razingScore value='10665'/>
		<mineralScore value='33498'/>
		<gasScore value='3168'/>
		<totalScore value='114871'/>
	</player>

	<enemy>
		<race value='Zerg'/>
		<unitScore value='15825'/>
		<unitScore value='15825'/>
		<killScore value='40550'/>
		<buildingScore value='3555'/>
		<razingScore value='2550'/>
		<mineralScore value='16594'/>
		<gasScore value='5056'/>
		<totalScore value='84130'/>
	</enemy>

	<scoreRatio value='1.3654'/>
	<timeFitness value='0.624722'/>
	<unitsAverage value='106'/>
</results>
