<results>
	<result value='win'/>
	<start value='2015-05-04.04:37:16'/>
	<end value='2015-05-04.04:37:33'/>
	<frames value='23066'/>
	<gameDuration value='1441'/>

	<player>
		<unitScore value='10475'/>
		<killScore value='15680'/>
		<buildingScore value='3775'/>
		<razingScore value='5325'/>
		<mineralScore value='14918'/>
		<gasScore value='1432'/>
		<totalScore value='51605'/>
	</player>

	<enemy>
		<race value='Zerg'/>
		<unitScore value='7850'/>
		<unitScore value='7850'/>
		<killScore value='11200'/>
		<buildingScore value='1775'/>
		<razingScore value='4050'/>
		<mineralScore value='8066'/>
		<gasScore value='2016'/>
		<totalScore value='34957'/>
	</enemy>

	<scoreRatio value='1.47624'/>
	<timeFitness value='0.799861'/>
	<unitsAverage value='65'/>
</results>
