<results>
	<result value='win'/>
	<start value='2015-05-10.15:48:03'/>
	<end value='2015-05-10.15:48:30'/>
	<frames value='25701'/>
	<gameDuration value='1606'/>

	<player>
		<unitScore value='14825'/>
		<killScore value='23880'/>
		<buildingScore value='3975'/>
		<razingScore value='7170'/>
		<mineralScore value='21698'/>
		<gasScore value='2184'/>
		<totalScore value='73732'/>
	</player>

	<enemy>
		<race value='Zerg'/>
		<unitScore value='11100'/>
		<unitScore value='11100'/>
		<killScore value='11950'/>
		<buildingScore value='2390'/>
		<razingScore value='1575'/>
		<mineralScore value='10586'/>
		<gasScore value='2888'/>
		<totalScore value='40489'/>
	</enemy>

	<scoreRatio value='1.82104'/>
	<timeFitness value='0.776944'/>
	<unitsAverage value='88'/>
</results>
