<results>
	<result value='win'/>
	<start value='2015-05-04.03:03:22'/>
	<end value='2015-05-04.03:04:39'/>
	<frames value='40705'/>
	<gameDuration value='2544'/>

	<player>
		<unitScore value='21225'/>
		<killScore value='34540'/>
		<buildingScore value='4700'/>
		<razingScore value='7260'/>
		<mineralScore value='41906'/>
		<gasScore value='3968'/>
		<totalScore value='113599'/>
	</player>

	<enemy>
		<race value='Zerg'/>
		<unitScore value='16075'/>
		<unitScore value='16075'/>
		<killScore value='15700'/>
		<buildingScore value='2420'/>
		<razingScore value='0'/>
		<mineralScore value='15014'/>
		<gasScore value='4592'/>
		<totalScore value='53801'/>
	</enemy>

	<scoreRatio value='2.11147'/>
	<timeFitness value='0.646667'/>
	<unitsAverage value='150'/>
</results>
