<results>
	<result value='win'/>
	<start value='2015-05-10.08:40:07'/>
	<end value='2015-05-10.08:40:49'/>
	<frames value='33947'/>
	<gameDuration value='2121'/>

	<player>
		<unitScore value='19050'/>
		<killScore value='13250'/>
		<buildingScore value='4275'/>
		<razingScore value='19275'/>
		<mineralScore value='27142'/>
		<gasScore value='2848'/>
		<totalScore value='85840'/>
	</player>

	<enemy>
		<race value='Protoss'/>
		<unitScore value='6625'/>
		<unitScore value='6625'/>
		<killScore value='15300'/>
		<buildingScore value='6425'/>
		<razingScore value='0'/>
		<mineralScore value='16474'/>
		<gasScore value='3032'/>
		<totalScore value='47856'/>
	</enemy>

	<scoreRatio value='1.79371'/>
	<timeFitness value='0.705417'/>
	<unitsAverage value='97'/>
</results>
