<results>
	<result value='loss'/>
	<start value='2015-05-10.08:44:05'/>
	<end value='2015-05-10.08:44:13'/>
	<frames value='17021'/>
	<gameDuration value='1063'/>

	<player>
		<unitScore value='3475'/>
		<killScore value='1600'/>
		<buildingScore value='1475'/>
		<razingScore value='0'/>
		<mineralScore value='5058'/>
		<gasScore value='1056'/>
		<totalScore value='12664'/>
	</player>

	<enemy>
		<race value='Protoss'/>
		<unitScore value='3550'/>
		<unitScore value='3550'/>
		<killScore value='7050'/>
		<buildingScore value='3825'/>
		<razingScore value='4425'/>
		<mineralScore value='8866'/>
		<gasScore value='1640'/>
		<totalScore value='29356'/>
	</enemy>

	<scoreRatio value='0.431394'/>
	<timeFitness value='0.147639'/>
	<unitsAverage value='24'/>
</results>
