<results>
	<result value='loss'/>
	<start value='2015-05-10.08:47:35'/>
	<end value='2015-05-10.08:47:43'/>
	<frames value='15874'/>
	<gameDuration value='992'/>

	<player>
		<unitScore value='2750'/>
		<killScore value='800'/>
		<buildingScore value='1625'/>
		<razingScore value='0'/>
		<mineralScore value='4642'/>
		<gasScore value='992'/>
		<totalScore value='10809'/>
	</player>

	<enemy>
		<race value='Protoss'/>
		<unitScore value='3550'/>
		<unitScore value='3550'/>
		<killScore value='5500'/>
		<buildingScore value='3775'/>
		<razingScore value='4875'/>
		<mineralScore value='8426'/>
		<gasScore value='1584'/>
		<totalScore value='27710'/>
	</enemy>

	<scoreRatio value='0.390076'/>
	<timeFitness value='0.137778'/>
	<unitsAverage value='22'/>
</results>
