<results>
	<result value='loss'/>
	<start value='2015-05-10.08:51:09'/>
	<end value='2015-05-10.08:51:31'/>
	<frames value='33637'/>
	<gameDuration value='2102'/>

	<player>
		<unitScore value='10325'/>
		<killScore value='10400'/>
		<buildingScore value='2100'/>
		<razingScore value='300'/>
		<mineralScore value='12138'/>
		<gasScore value='2728'/>
		<totalScore value='37991'/>
	</player>

	<enemy>
		<race value='Protoss'/>
		<unitScore value='16950'/>
		<unitScore value='16950'/>
		<killScore value='20650'/>
		<buildingScore value='7025'/>
		<razingScore value='6300'/>
		<mineralScore value='22410'/>
		<gasScore value='6896'/>
		<totalScore value='80231'/>
	</enemy>

	<scoreRatio value='0.47352'/>
	<timeFitness value='0.291944'/>
	<unitsAverage value='38'/>
</results>
