<results>
	<result value='loss'/>
	<start value='2015-05-10.09:02:26'/>
	<end value='2015-05-10.09:02:45'/>
	<frames value='32118'/>
	<gameDuration value='2007'/>

	<player>
		<unitScore value='7875'/>
		<killScore value='9150'/>
		<buildingScore value='2500'/>
		<razingScore value='0'/>
		<mineralScore value='10802'/>
		<gasScore value='656'/>
		<totalScore value='30983'/>
	</player>

	<enemy>
		<race value='Protoss'/>
		<unitScore value='17675'/>
		<unitScore value='17675'/>
		<killScore value='15750'/>
		<buildingScore value='6925'/>
		<razingScore value='7500'/>
		<mineralScore value='20322'/>
		<gasScore value='7736'/>
		<totalScore value='75908'/>
	</enemy>

	<scoreRatio value='0.408165'/>
	<timeFitness value='0.27875'/>
	<unitsAverage value='25'/>
</results>
