<results>
	<result value='loss'/>
	<start value='2015-05-10.09:04:39'/>
	<end value='2015-05-10.09:04:48'/>
	<frames value='17145'/>
	<gameDuration value='1071'/>

	<player>
		<unitScore value='4250'/>
		<killScore value='1400'/>
		<buildingScore value='1475'/>
		<razingScore value='0'/>
		<mineralScore value='5962'/>
		<gasScore value='56'/>
		<totalScore value='13143'/>
	</player>

	<enemy>
		<race value='Protoss'/>
		<unitScore value='4425'/>
		<unitScore value='4425'/>
		<killScore value='8500'/>
		<buildingScore value='3475'/>
		<razingScore value='4425'/>
		<mineralScore value='8938'/>
		<gasScore value='2040'/>
		<totalScore value='31803'/>
	</enemy>

	<scoreRatio value='0.413263'/>
	<timeFitness value='0.14875'/>
	<unitsAverage value='25'/>
</results>
