<results>
	<result value='win'/>
	<start value='2015-05-10.09:05:16'/>
	<end value='2015-05-10.09:06:15'/>
	<frames value='35590'/>
	<gameDuration value='2224'/>

	<player>
		<unitScore value='31350'/>
		<killScore value='25200'/>
		<buildingScore value='4100'/>
		<razingScore value='17100'/>
		<mineralScore value='36154'/>
		<gasScore value='3296'/>
		<totalScore value='117200'/>
	</player>

	<enemy>
		<race value='Protoss'/>
		<unitScore value='12825'/>
		<unitScore value='12825'/>
		<killScore value='41400'/>
		<buildingScore value='5700'/>
		<razingScore value='0'/>
		<mineralScore value='16858'/>
		<gasScore value='3552'/>
		<totalScore value='80335'/>
	</enemy>

	<scoreRatio value='1.45889'/>
	<timeFitness value='0.691111'/>
	<unitsAverage value='130'/>
</results>
