<results>
	<result value='draw'/>
	<start value='2015-04-08.09:28:42'/>
	<end value='2015-04-08.09:29:55'/>
	<frames value='57601'/>
	<gameDuration value='3600'/>

	<player>
		<unitScore value='29425'/>
		<killScore value='59500'/>
		<buildingScore value='3125'/>
		<razingScore value='2100'/>
		<mineralScore value='31542'/>
		<gasScore value='10142'/>
		<totalScore value='135834'/>
	</player>

	<enemy>
		<race value='Protoss'/>
		<unitScore value='35775'/>
		<unitScore value='35775'/>
		<killScore value='49700'/>
		<buildingScore value='6900'/>
		<razingScore value='600'/>
		<mineralScore value='31542'/>
		<gasScore value='11456'/>
		<totalScore value='135973'/>
	</enemy>

	<scoreRatio value='0.998978'/>
</results>
