<results>
	<result value='draw'/>
	<start value='2015-04-08.09:34:36'/>
	<end value='2015-04-08.09:35:37'/>
	<frames value='57601'/>
	<gameDuration value='3600'/>

	<player>
		<unitScore value='29700'/>
		<killScore value='47550'/>
		<buildingScore value='3200'/>
		<razingScore value='6450'/>
		<mineralScore value='31622'/>
		<gasScore value='6912'/>
		<totalScore value='125434'/>
	</player>

	<enemy>
		<race value='Protoss'/>
		<unitScore value='32750'/>
		<unitScore value='32750'/>
		<killScore value='58850'/>
		<buildingScore value='8450'/>
		<razingScore value='6525'/>
		<mineralScore value='30910'/>
		<gasScore value='10888'/>
		<totalScore value='148373'/>
	</enemy>

	<scoreRatio value='0.845396'/>
</results>
