<results>
	<result value='win'/>
	<start value='2015-04-29.20:01:29'/>
	<end value='2015-04-29.20:02:18'/>
	<frames value='29607'/>
	<gameDuration value='1850'/>

	<player>
		<unitScore value='17675'/>
		<killScore value='18100'/>
		<buildingScore value='3975'/>
		<razingScore value='18600'/>
		<mineralScore value='23402'/>
		<gasScore value='2112'/>
		<totalScore value='83864'/>
	</player>

	<enemy>
		<race value='Protoss'/>
		<unitScore value='9950'/>
		<unitScore value='9950'/>
		<killScore value='12800'/>
		<buildingScore value='6200'/>
		<razingScore value='150'/>
		<mineralScore value='15274'/>
		<gasScore value='3784'/>
		<totalScore value='48158'/>
	</enemy>

	<scoreRatio value='1.74143'/>
	<timeFitness value='0.743056'/>
	<unitsAverage value='92'/>
</results>
