<results>
	<result value='loss'/>
	<start value='2015-07-21.02:44:05'/>
	<end value='2015-07-21.02:44:26'/>
	<frames value='27778'/>
	<gameDuration value='1736'/>

	<player>
		<unitScore value='12300'/>
		<killScore value='6800'/>
		<buildingScore value='3550'/>
		<razingScore value='0'/>
		<mineralScore value='13670'/>
		<gasScore value='2024'/>
		<totalScore value='38344'/>
	</player>

	<enemy>
		<race value='Zerg'/>
		<unitScore value='16900'/>
		<killScore value='23750'/>
		<buildingScore value='3410'/>
		<razingScore value='10650'/>
		<mineralScore value='17262'/>
		<gasScore value='5960'/>
		<totalScore value='77932'/>
	</enemy>

	<scoreRatio value='0.492019'/>
	<timeFitness value='0.241111'/>
	<unitsAverage value='51'/>
</results>
