<results>
	<result value='loss'/>
	<start value='2015-07-21.02:52:58'/>
	<end value='2015-07-21.02:53:28'/>
	<frames value='30568'/>
	<gameDuration value='1910'/>

	<player>
		<unitScore value='14225'/>
		<killScore value='7025'/>
		<buildingScore value='3950'/>
		<razingScore value='0'/>
		<mineralScore value='18338'/>
		<gasScore value='2520'/>
		<totalScore value='46058'/>
	</player>

	<enemy>
		<race value='Zerg'/>
		<unitScore value='15750'/>
		<killScore value='26250'/>
		<buildingScore value='3910'/>
		<razingScore value='11850'/>
		<mineralScore value='18902'/>
		<gasScore value='6664'/>
		<totalScore value='83326'/>
	</enemy>

	<scoreRatio value='0.552745'/>
	<timeFitness value='0.265278'/>
	<unitsAverage value='64'/>
</results>
