<results>
	<result value='loss'/>
	<start value='2015-07-21.03:01:49'/>
	<end value='2015-07-21.03:02:24'/>
	<frames value='31901'/>
	<gameDuration value='1993'/>

	<player>
		<unitScore value='23875'/>
		<killScore value='18950'/>
		<buildingScore value='3400'/>
		<razingScore value='0'/>
		<mineralScore value='21514'/>
		<gasScore value='3856'/>
		<totalScore value='71595'/>
	</player>

	<enemy>
		<race value='Zerg'/>
		<unitScore value='19100'/>
		<killScore value='47500'/>
		<buildingScore value='3595'/>
		<razingScore value='10200'/>
		<mineralScore value='19594'/>
		<gasScore value='6744'/>
		<totalScore value='106733'/>
	</enemy>

	<scoreRatio value='0.670786'/>
	<timeFitness value='0.276806'/>
	<unitsAverage value='80'/>
</results>
