<results>
	<result value='loss'/>
	<start value='2015-07-21.03:02:34'/>
	<end value='2015-07-21.03:03:01'/>
	<frames value='29328'/>
	<gameDuration value='1833'/>

	<player>
		<unitScore value='13900'/>
		<killScore value='10725'/>
		<buildingScore value='2900'/>
		<razingScore value='0'/>
		<mineralScore value='20234'/>
		<gasScore value='1856'/>
		<totalScore value='49615'/>
	</player>

	<enemy>
		<race value='Zerg'/>
		<unitScore value='15375'/>
		<killScore value='27800'/>
		<buildingScore value='3595'/>
		<razingScore value='8700'/>
		<mineralScore value='17206'/>
		<gasScore value='6120'/>
		<totalScore value='78796'/>
	</enemy>

	<scoreRatio value='0.629664'/>
	<timeFitness value='0.254583'/>
	<unitsAverage value='60'/>
</results>
