<results>
	<result value='loss'/>
	<start value='2015-05-10.01:07:30'/>
	<end value='2015-05-10.01:08:06'/>
	<frames value='44487'/>
	<gameDuration value='2780'/>

	<player>
		<unitScore value='18050'/>
		<killScore value='19100'/>
		<buildingScore value='2850'/>
		<razingScore value='1350'/>
		<mineralScore value='20126'/>
		<gasScore value='2504'/>
		<totalScore value='63980'/>
	</player>

	<enemy>
		<race value='Protoss'/>
		<unitScore value='28100'/>
		<unitScore value='28100'/>
		<killScore value='36100'/>
		<buildingScore value='7575'/>
		<razingScore value='8550'/>
		<mineralScore value='31366'/>
		<gasScore value='9940'/>
		<totalScore value='121631'/>
	</enemy>

	<scoreRatio value='0.526017'/>
	<timeFitness value='0.386111'/>
	<unitsAverage value='65'/>
</results>
