<results>
	<result value='loss'/>
	<start value='2015-07-20.00:28:19'/>
	<end value='2015-07-20.00:28:28'/>
	<frames value='11534'/>
	<gameDuration value='720'/>

	<player>
		<unitScore value='1750'/>
		<killScore value='0'/>
		<buildingScore value='1100'/>
		<razingScore value='0'/>
		<mineralScore value='2642'/>
		<gasScore value='320'/>
		<totalScore value='5812'/>
	</player>

	<enemy>
		<race value='Zerg'/>
		<unitScore value='2900'/>
		<killScore value='3400'/>
		<buildingScore value='1220'/>
		<razingScore value='3300'/>
		<mineralScore value='3874'/>
		<gasScore value='616'/>
		<totalScore value='15310'/>
	</enemy>

	<scoreRatio value='0.379621'/>
	<timeFitness value='0.1'/>
	<unitsAverage value='12'/>
</results>
