<results>
	<result value='loss'/>
	<start value='2015-07-15.02:55:33'/>
	<end value='2015-07-15.02:56:01'/>
	<frames value='33234'/>
	<gameDuration value='2077'/>

	<player>
		<unitScore value='16100'/>
		<killScore value='4000'/>
		<buildingScore value='3725'/>
		<razingScore value='0'/>
		<mineralScore value='25218'/>
		<gasScore value='2352'/>
		<totalScore value='51395'/>
	</player>

	<enemy>
		<race value='Protoss'/>
		<unitScore value='17975'/>
		<killScore value='29800'/>
		<buildingScore value='7500'/>
		<razingScore value='11175'/>
		<mineralScore value='25302'/>
		<gasScore value='8000'/>
		<totalScore value='99752'/>
	</enemy>

	<scoreRatio value='0.515228'/>
	<timeFitness value='0.288472'/>
	<unitsAverage value='75'/>
</results>
