<results>
	<result value='win'/>
	<start value='2014-07-11.21:24:46'/>
	<end value='2014-07-11.21:25:17'/>
	<frames value='28553'/>
	<gameDuration value='1784'/>

	<player>
		<unitScore value='19875'/>
		<killScore value='23890'/>
		<buildingScore value='4375'/>
		<razingScore value='5700'/>
		<mineralScore value='30090'/>
		<gasScore value='2728'/>
		<totalScore value='86658'/>
	</player>

	<enemy>
		<race value='Zerg'/>
		<unitScore value='11075'/>
		<unitScore value='11075'/>
		<killScore value='16600'/>
		<buildingScore value='1900'/>
		<razingScore value='0'/>
		<mineralScore value='10546'/>
		<gasScore value='3080'/>
		<totalScore value='43201'/>
	</enemy>

	<scoreRatio value='2.00593'/>
</results>
