<results>
	<result value='loss'/>
	<start value='2014-07-15.13:15:28'/>
	<end value='2014-07-15.13:15:33'/>
	<frames value='14665'/>
	<gameDuration value='916'/>

	<player>
		<unitScore value='2850'/>
		<killScore value='800'/>
		<buildingScore value='1475'/>
		<razingScore value='0'/>
		<mineralScore value='4498'/>
		<gasScore value='800'/>
		<totalScore value='10423'/>
	</player>

	<enemy>
		<race value='Protoss'/>
		<unitScore value='3550'/>
		<unitScore value='3550'/>
		<killScore value='5600'/>
		<buildingScore value='2575'/>
		<razingScore value='4425'/>
		<mineralScore value='7570'/>
		<gasScore value='1360'/>
		<totalScore value='25080'/>
	</enemy>

	<scoreRatio value='0.41559'/>
</results>
