<results>
	<result value='loss'/>
	<start value='2014-07-15.13:38:10'/>
	<end value='2014-07-15.13:39:01'/>
	<frames value='50129'/>
	<gameDuration value='3133'/>

	<player>
		<unitScore value='29225'/>
		<killScore value='41700'/>
		<buildingScore value='3725'/>
		<razingScore value='1200'/>
		<mineralScore value='31486'/>
		<gasScore value='7808'/>
		<totalScore value='115144'/>
	</player>

	<enemy>
		<race value='Protoss'/>
		<unitScore value='33500'/>
		<unitScore value='33500'/>
		<killScore value='58450'/>
		<buildingScore value='6750'/>
		<razingScore value='11175'/>
		<mineralScore value='30862'/>
		<gasScore value='10608'/>
		<totalScore value='151345'/>
	</enemy>

	<scoreRatio value='0.760805'/>
</results>
