<results>
	<result value='loss'/>
	<start value='2014-07-15.13:57:58'/>
	<end value='2014-07-15.13:58:34'/>
	<frames value='49385'/>
	<gameDuration value='3086'/>

	<player>
		<unitScore value='23150'/>
		<killScore value='37300'/>
		<buildingScore value='2475'/>
		<razingScore value='6300'/>
		<mineralScore value='24498'/>
		<gasScore value='4974'/>
		<totalScore value='98697'/>
	</player>

	<enemy>
		<race value='Protoss'/>
		<unitScore value='31175'/>
		<unitScore value='31175'/>
		<killScore value='46300'/>
		<buildingScore value='9025'/>
		<razingScore value='7425'/>
		<mineralScore value='32738'/>
		<gasScore value='8626'/>
		<totalScore value='135289'/>
	</enemy>

	<scoreRatio value='0.729527'/>
</results>
