<results>
	<result value='draw'/>
	<start value='2015-03-29.09:21:22'/>
	<end value='2015-03-29.09:23:10'/>
	<frames value='57601'/>
	<gameDuration value='3600'/>

	<player>
		<unitScore value='30150'/>
		<killScore value='60630'/>
		<buildingScore value='3525'/>
		<razingScore value='9675'/>
		<mineralScore value='32154'/>
		<gasScore value='7218'/>
		<totalScore value='143352'/>
	</player>

	<enemy>
		<race value='Protoss'/>
		<unitScore value='34470'/>
		<unitScore value='34470'/>
		<killScore value='48200'/>
		<buildingScore value='8050'/>
		<razingScore value='1800'/>
		<mineralScore value='30018'/>
		<gasScore value='10874'/>
		<totalScore value='133412'/>
	</enemy>

	<scoreRatio value='1.07451'/>
</results>
