<results>
	<result value='loss'/>
	<start value='2015-05-10.04:39:38'/>
	<end value='2015-05-10.04:40:55'/>
	<frames value='44487'/>
	<gameDuration value='2780'/>

	<player>
		<unitScore value='22300'/>
		<killScore value='18950'/>
		<buildingScore value='3175'/>
		<razingScore value='3300'/>
		<mineralScore value='24862'/>
		<gasScore value='4072'/>
		<totalScore value='76659'/>
	</player>

	<enemy>
		<race value='Protoss'/>
		<unitScore value='30225'/>
		<unitScore value='30225'/>
		<killScore value='44700'/>
		<buildingScore value='8375'/>
		<razingScore value='9525'/>
		<mineralScore value='30202'/>
		<gasScore value='11292'/>
		<totalScore value='134319'/>
	</enemy>

	<scoreRatio value='0.570723'/>
	<timeFitness value='0.386111'/>
	<unitsAverage value='84'/>
</results>
