<results>
	<result value='loss'/>
	<start value='2015-05-10.04:59:18'/>
	<end value='2015-05-10.05:00:48'/>
	<frames value='53818'/>
	<gameDuration value='3363'/>

	<player>
		<unitScore value='22825'/>
		<killScore value='39850'/>
		<buildingScore value='3075'/>
		<razingScore value='7650'/>
		<mineralScore value='26146'/>
		<gasScore value='3128'/>
		<totalScore value='102674'/>
	</player>

	<enemy>
		<race value='Protoss'/>
		<unitScore value='32475'/>
		<unitScore value='32475'/>
		<killScore value='45400'/>
		<buildingScore value='8925'/>
		<razingScore value='9225'/>
		<mineralScore value='27054'/>
		<gasScore value='10720'/>
		<totalScore value='133799'/>
	</enemy>

	<scoreRatio value='0.767375'/>
	<timeFitness value='0.467083'/>
	<unitsAverage value='88'/>
</results>
