<results>
	<result value='win'/>
	<start value='2014-07-10.17:30:05'/>
	<end value='2014-07-10.17:31:08'/>
	<frames value='44890'/>
	<gameDuration value='2805'/>

	<player>
		<unitScore value='28350'/>
		<killScore value='56520'/>
		<buildingScore value='4175'/>
		<razingScore value='19500'/>
		<mineralScore value='33038'/>
		<gasScore value='6582'/>
		<totalScore value='148165'/>
	</player>

	<enemy>
		<race value='Protoss'/>
		<unitScore value='29135'/>
		<unitScore value='29135'/>
		<killScore value='31300'/>
		<buildingScore value='6500'/>
		<razingScore value='150'/>
		<mineralScore value='25866'/>
		<gasScore value='8592'/>
		<totalScore value='101543'/>
	</enemy>

	<scoreRatio value='1.45914'/>
</results>
