<results>
	<result value='win'/>
	<start value='2015-05-03.20:24:11'/>
	<end value='2015-05-03.20:24:57'/>
	<frames value='32769'/>
	<gameDuration value='2048'/>

	<player>
		<unitScore value='17175'/>
		<killScore value='32550'/>
		<buildingScore value='3850'/>
		<razingScore value='12000'/>
		<mineralScore value='29146'/>
		<gasScore value='3168'/>
		<totalScore value='97889'/>
	</player>

	<enemy>
		<race value='Terran'/>
		<unitScore value='18450'/>
		<unitScore value='18450'/>
		<killScore value='13000'/>
		<buildingScore value='4000'/>
		<razingScore value='1725'/>
		<mineralScore value='15774'/>
		<gasScore value='7718'/>
		<totalScore value='60667'/>
	</enemy>

	<scoreRatio value='1.61355'/>
	<timeFitness value='0.715556'/>
	<unitsAverage value='92'/>
</results>
