<results>
	<result value='draw'/>
	<start value='2015-05-03.20:27:08'/>
	<end value='2015-05-03.20:28:04'/>
	<frames value='57601'/>
	<gameDuration value='3600'/>

	<player>
		<unitScore value='20150'/>
		<killScore value='24650'/>
		<buildingScore value='2500'/>
		<razingScore value='5925'/>
		<mineralScore value='23574'/>
		<gasScore value='5878'/>
		<totalScore value='82677'/>
	</player>

	<enemy>
		<race value='Terran'/>
		<unitScore value='27975'/>
		<unitScore value='27975'/>
		<killScore value='35000'/>
		<buildingScore value='6475'/>
		<razingScore value='3375'/>
		<mineralScore value='24726'/>
		<gasScore value='11886'/>
		<totalScore value='109437'/>
	</enemy>

	<scoreRatio value='0.755476'/>
	<timeFitness value='0.5'/>
	<unitsAverage value='66'/>
</results>
