<results>
	<result value='win'/>
	<start value='2015-05-09.07:57:34'/>
	<end value='2015-05-09.07:57:59'/>
	<frames value='33265'/>
	<gameDuration value='2079'/>

	<player>
		<unitScore value='15475'/>
		<killScore value='28050'/>
		<buildingScore value='3600'/>
		<razingScore value='10275'/>
		<mineralScore value='20170'/>
		<gasScore value='2672'/>
		<totalScore value='80242'/>
	</player>

	<enemy>
		<race value='Terran'/>
		<unitScore value='15125'/>
		<unitScore value='15125'/>
		<killScore value='13300'/>
		<buildingScore value='3500'/>
		<razingScore value='2025'/>
		<mineralScore value='12690'/>
		<gasScore value='5760'/>
		<totalScore value='52400'/>
	</enemy>

	<scoreRatio value='1.53134'/>
	<timeFitness value='0.71125'/>
	<unitsAverage value='73'/>
</results>
