<results>
	<result value='win'/>
	<start value='2015-05-03.20:39:54'/>
	<end value='2015-05-03.20:40:58'/>
	<frames value='46347'/>
	<gameDuration value='2896'/>

	<player>
		<unitScore value='21625'/>
		<killScore value='38550'/>
		<buildingScore value='4900'/>
		<razingScore value='14100'/>
		<mineralScore value='32262'/>
		<gasScore value='6296'/>
		<totalScore value='117733'/>
	</player>

	<enemy>
		<race value='Terran'/>
		<unitScore value='24250'/>
		<unitScore value='24250'/>
		<killScore value='21250'/>
		<buildingScore value='4700'/>
		<razingScore value='3525'/>
		<mineralScore value='17466'/>
		<gasScore value='10186'/>
		<totalScore value='81377'/>
	</enemy>

	<scoreRatio value='1.44676'/>
	<timeFitness value='0.597778'/>
	<unitsAverage value='99'/>
</results>
