<results>
	<result value='win'/>
	<start value='2015-05-09.08:05:01'/>
	<end value='2015-05-09.08:05:45'/>
	<frames value='41666'/>
	<gameDuration value='2604'/>

	<player>
		<unitScore value='26675'/>
		<killScore value='41150'/>
		<buildingScore value='4675'/>
		<razingScore value='11175'/>
		<mineralScore value='32398'/>
		<gasScore value='4176'/>
		<totalScore value='120249'/>
	</player>

	<enemy>
		<race value='Terran'/>
		<unitScore value='23775'/>
		<unitScore value='23775'/>
		<killScore value='28900'/>
		<buildingScore value='3725'/>
		<razingScore value='1875'/>
		<mineralScore value='16794'/>
		<gasScore value='8142'/>
		<totalScore value='83211'/>
	</enemy>

	<scoreRatio value='1.44511'/>
	<timeFitness value='0.638333'/>
	<unitsAverage value='108'/>
</results>
