<results>
	<result value='win'/>
	<start value='2015-05-11.22:33:59'/>
	<end value='2015-05-11.22:35:19'/>
	<frames value='48052'/>
	<gameDuration value='3003'/>

	<player>
		<unitScore value='31225'/>
		<killScore value='61850'/>
		<buildingScore value='3900'/>
		<razingScore value='19275'/>
		<mineralScore value='34930'/>
		<gasScore value='5088'/>
		<totalScore value='156268'/>
	</player>

	<enemy>
		<race value='Protoss'/>
		<unitScore value='31825'/>
		<unitScore value='31825'/>
		<killScore value='40550'/>
		<buildingScore value='6425'/>
		<razingScore value='150'/>
		<mineralScore value='27490'/>
		<gasScore value='9306'/>
		<totalScore value='115746'/>
	</enemy>

	<scoreRatio value='1.35009'/>
	<timeFitness value='0.582917'/>
	<unitsAverage value='129'/>
</results>
