<results>
	<result value='loss'/>
	<start value='2015-05-11.22:36:05'/>
	<end value='2015-05-11.22:36:18'/>
	<frames value='21857'/>
	<gameDuration value='1366'/>

	<player>
		<unitScore value='6400'/>
		<killScore value='2600'/>
		<buildingScore value='1850'/>
		<razingScore value='0'/>
		<mineralScore value='8746'/>
		<gasScore value='1360'/>
		<totalScore value='20956'/>
	</player>

	<enemy>
		<race value='Protoss'/>
		<unitScore value='5875'/>
		<unitScore value='5875'/>
		<killScore value='12800'/>
		<buildingScore value='4575'/>
		<razingScore value='5550'/>
		<mineralScore value='11714'/>
		<gasScore value='3144'/>
		<totalScore value='43658'/>
	</enemy>

	<scoreRatio value='0.480004'/>
	<timeFitness value='0.189722'/>
	<unitsAverage value='32'/>
</results>
