<results>
	<result value='win'/>
	<start value='2015-05-11.22:42:14'/>
	<end value='2015-05-11.22:42:55'/>
	<frames value='32211'/>
	<gameDuration value='2013'/>

	<player>
		<unitScore value='19250'/>
		<killScore value='20700'/>
		<buildingScore value='3850'/>
		<razingScore value='11700'/>
		<mineralScore value='26066'/>
		<gasScore value='2744'/>
		<totalScore value='84310'/>
	</player>

	<enemy>
		<race value='Protoss'/>
		<unitScore value='10350'/>
		<unitScore value='10350'/>
		<killScore value='15300'/>
		<buildingScore value='3900'/>
		<razingScore value='0'/>
		<mineralScore value='14362'/>
		<gasScore value='5112'/>
		<totalScore value='49024'/>
	</enemy>

	<scoreRatio value='1.71977'/>
	<timeFitness value='0.720417'/>
	<unitsAverage value='100'/>
</results>
