<results>
	<result value='win'/>
	<start value='2015-05-11.22:47:07'/>
	<end value='2015-05-11.22:47:49'/>
	<frames value='36954'/>
	<gameDuration value='2309'/>

	<player>
		<unitScore value='26625'/>
		<killScore value='23650'/>
		<buildingScore value='4500'/>
		<razingScore value='17025'/>
		<mineralScore value='32230'/>
		<gasScore value='2976'/>
		<totalScore value='107006'/>
	</player>

	<enemy>
		<race value='Protoss'/>
		<unitScore value='13500'/>
		<unitScore value='13500'/>
		<killScore value='32800'/>
		<buildingScore value='5675'/>
		<razingScore value='1875'/>
		<mineralScore value='13818'/>
		<gasScore value='5312'/>
		<totalScore value='72980'/>
	</enemy>

	<scoreRatio value='1.46624'/>
	<timeFitness value='0.679306'/>
	<unitsAverage value='96'/>
</results>
