<results>
	<result value='loss'/>
	<start value='2015-05-03.04:19:23'/>
	<end value='2015-05-03.04:19:35'/>
	<frames value='27251'/>
	<gameDuration value='1703'/>

	<player>
		<unitScore value='5850'/>
		<killScore value='2600'/>
		<buildingScore value='1925'/>
		<razingScore value='0'/>
		<mineralScore value='8098'/>
		<gasScore value='536'/>
		<totalScore value='19009'/>
	</player>

	<enemy>
		<race value='Protoss'/>
		<unitScore value='12425'/>
		<unitScore value='12425'/>
		<killScore value='11350'/>
		<buildingScore value='5975'/>
		<razingScore value='5775'/>
		<mineralScore value='17738'/>
		<gasScore value='5976'/>
		<totalScore value='59239'/>
	</enemy>

	<scoreRatio value='0.320887'/>
	<timeFitness value='0.236528'/>
	<unitsAverage value='24'/>
</results>
