<results>
	<result value='draw'/>
	<start value='2015-04-10.22:21:46'/>
	<end value='2015-04-10.22:23:29'/>
	<frames value='57601'/>
	<gameDuration value='3600'/>

	<player>
		<unitScore value='27500'/>
		<killScore value='39000'/>
		<buildingScore value='3075'/>
		<razingScore value='9600'/>
		<mineralScore value='28690'/>
		<gasScore value='4536'/>
		<totalScore value='112401'/>
	</player>

	<enemy>
		<race value='Protoss'/>
		<unitScore value='30975'/>
		<unitScore value='30975'/>
		<killScore value='47500'/>
		<buildingScore value='9625'/>
		<razingScore value='2550'/>
		<mineralScore value='34142'/>
		<gasScore value='10892'/>
		<totalScore value='135684'/>
	</enemy>

	<scoreRatio value='0.828403'/>
</results>
