<results>
	<result value='win'/>
	<start value='2014-07-23.02:26:56'/>
	<end value='2014-07-23.02:27:23'/>
	<frames value='27406'/>
	<gameDuration value='1712'/>

	<player>
		<unitScore value='17800'/>
		<killScore value='25640'/>
		<buildingScore value='4350'/>
		<razingScore value='7335'/>
		<mineralScore value='27402'/>
		<gasScore value='2880'/>
		<totalScore value='85407'/>
	</player>

	<enemy>
		<race value='Zerg'/>
		<unitScore value='12650'/>
		<unitScore value='12650'/>
		<killScore value='12300'/>
		<buildingScore value='2445'/>
		<razingScore value='300'/>
		<mineralScore value='12322'/>
		<gasScore value='3728'/>
		<totalScore value='43745'/>
	</enemy>

	<scoreRatio value='1.95238'/>
</results>
