<results>
	<result value='win'/>
	<start value='2014-07-23.02:28:09'/>
	<end value='2014-07-23.02:29:14'/>
	<frames value='47401'/>
	<gameDuration value='2962'/>

	<player>
		<unitScore value='27150'/>
		<killScore value='49740'/>
		<buildingScore value='4425'/>
		<razingScore value='9705'/>
		<mineralScore value='41962'/>
		<gasScore value='5536'/>
		<totalScore value='138518'/>
	</player>

	<enemy>
		<race value='Zerg'/>
		<unitScore value='22200'/>
		<unitScore value='22200'/>
		<killScore value='30850'/>
		<buildingScore value='3235'/>
		<razingScore value='0'/>
		<mineralScore value='20034'/>
		<gasScore value='7160'/>
		<totalScore value='83479'/>
	</enemy>

	<scoreRatio value='1.65932'/>
</results>
