<results>
	<result value='win'/>
	<start value='2015-05-04.04:20:03'/>
	<end value='2015-05-04.04:20:47'/>
	<frames value='28987'/>
	<gameDuration value='1811'/>

	<player>
		<unitScore value='18925'/>
		<killScore value='27400'/>
		<buildingScore value='4000'/>
		<razingScore value='8550'/>
		<mineralScore value='24650'/>
		<gasScore value='2680'/>
		<totalScore value='86205'/>
	</player>

	<enemy>
		<race value='Terran'/>
		<unitScore value='13700'/>
		<unitScore value='13700'/>
		<killScore value='18800'/>
		<buildingScore value='2850'/>
		<razingScore value='525'/>
		<mineralScore value='11746'/>
		<gasScore value='4488'/>
		<totalScore value='52109'/>
	</enemy>

	<scoreRatio value='1.65432'/>
	<timeFitness value='0.748472'/>
	<unitsAverage value='86'/>
</results>
