<results>
	<result value='loss'/>
	<start value='2015-05-04.04:23:42'/>
	<end value='2015-05-04.04:23:57'/>
	<frames value='16928'/>
	<gameDuration value='1058'/>

	<player>
		<unitScore value='4275'/>
		<killScore value='600'/>
		<buildingScore value='1975'/>
		<razingScore value='0'/>
		<mineralScore value='6194'/>
		<gasScore value='472'/>
		<totalScore value='13516'/>
	</player>

	<enemy>
		<race value='Terran'/>
		<unitScore value='5700'/>
		<unitScore value='5700'/>
		<killScore value='8550'/>
		<buildingScore value='2625'/>
		<razingScore value='5925'/>
		<mineralScore value='7762'/>
		<gasScore value='2568'/>
		<totalScore value='33130'/>
	</enemy>

	<scoreRatio value='0.407969'/>
	<timeFitness value='0.146944'/>
	<unitsAverage value='28'/>
</results>
