<results>
	<result value='win'/>
	<start value='2015-05-04.04:28:40'/>
	<end value='2015-05-04.04:29:17'/>
	<frames value='24523'/>
	<gameDuration value='1532'/>

	<player>
		<unitScore value='12800'/>
		<killScore value='22200'/>
		<buildingScore value='3725'/>
		<razingScore value='8250'/>
		<mineralScore value='18942'/>
		<gasScore value='1656'/>
		<totalScore value='67573'/>
	</player>

	<enemy>
		<race value='Terran'/>
		<unitScore value='11400'/>
		<unitScore value='11400'/>
		<killScore value='7200'/>
		<buildingScore value='2750'/>
		<razingScore value='0'/>
		<mineralScore value='9938'/>
		<gasScore value='3864'/>
		<totalScore value='35152'/>
	</enemy>

	<scoreRatio value='1.92231'/>
	<timeFitness value='0.787222'/>
	<unitsAverage value='81'/>
</results>
