<results>
	<result value='win'/>
	<start value='2015-05-04.04:29:21'/>
	<end value='2015-05-04.04:29:47'/>
	<frames value='24337'/>
	<gameDuration value='1521'/>

	<player>
		<unitScore value='8025'/>
		<killScore value='11900'/>
		<buildingScore value='3050'/>
		<razingScore value='8325'/>
		<mineralScore value='12050'/>
		<gasScore value='2096'/>
		<totalScore value='45446'/>
	</player>

	<enemy>
		<race value='Terran'/>
		<unitScore value='6850'/>
		<unitScore value='6850'/>
		<killScore value='6950'/>
		<buildingScore value='2775'/>
		<razingScore value='3375'/>
		<mineralScore value='8378'/>
		<gasScore value='2848'/>
		<totalScore value='31176'/>
	</enemy>

	<scoreRatio value='1.45772'/>
	<timeFitness value='0.78875'/>
	<unitsAverage value='50'/>
</results>
