<results>
	<result value='loss'/>
	<start value='2015-05-04.04:32:18'/>
	<end value='2015-05-04.04:32:32'/>
	<frames value='15781'/>
	<gameDuration value='986'/>

	<player>
		<unitScore value='3550'/>
		<killScore value='500'/>
		<buildingScore value='1475'/>
		<razingScore value='0'/>
		<mineralScore value='5306'/>
		<gasScore value='840'/>
		<totalScore value='11671'/>
	</player>

	<enemy>
		<race value='Terran'/>
		<unitScore value='5100'/>
		<unitScore value='5100'/>
		<killScore value='7100'/>
		<buildingScore value='1800'/>
		<razingScore value='4425'/>
		<mineralScore value='7194'/>
		<gasScore value='2296'/>
		<totalScore value='27915'/>
	</enemy>

	<scoreRatio value='0.418091'/>
	<timeFitness value='0.136944'/>
	<unitsAverage value='25'/>
</results>
