<results>
	<result value='loss'/>
	<start value='2015-05-04.04:31:58'/>
	<end value='2015-05-04.04:32:14'/>
	<frames value='19439'/>
	<gameDuration value='1214'/>

	<player>
		<unitScore value='3550'/>
		<killScore value='2500'/>
		<buildingScore value='1975'/>
		<razingScore value='0'/>
		<mineralScore value='5626'/>
		<gasScore value='824'/>
		<totalScore value='14475'/>
	</player>

	<enemy>
		<race value='Terran'/>
		<unitScore value='7575'/>
		<unitScore value='7575'/>
		<killScore value='7100'/>
		<buildingScore value='2850'/>
		<razingScore value='5925'/>
		<mineralScore value='9026'/>
		<gasScore value='3344'/>
		<totalScore value='35820'/>
	</enemy>

	<scoreRatio value='0.404104'/>
	<timeFitness value='0.168611'/>
	<unitsAverage value='24'/>
</results>
