<results>
	<result value='loss'/>
	<start value='2015-05-04.05:01:46'/>
	<end value='2015-05-04.05:02:02'/>
	<frames value='19098'/>
	<gameDuration value='1193'/>

	<player>
		<unitScore value='3950'/>
		<killScore value='1950'/>
		<buildingScore value='1600'/>
		<razingScore value='0'/>
		<mineralScore value='5938'/>
		<gasScore value='632'/>
		<totalScore value='14070'/>
	</player>

	<enemy>
		<race value='Terran'/>
		<unitScore value='7725'/>
		<unitScore value='7725'/>
		<killScore value='7900'/>
		<buildingScore value='2900'/>
		<razingScore value='4800'/>
		<mineralScore value='8730'/>
		<gasScore value='3336'/>
		<totalScore value='35391'/>
	</enemy>

	<scoreRatio value='0.397559'/>
	<timeFitness value='0.165694'/>
	<unitsAverage value='26'/>
</results>
