<results>
	<result value='win'/>
	<start value='2015-05-04.09:02:35'/>
	<end value='2015-05-04.09:03:06'/>
	<frames value='29886'/>
	<gameDuration value='1867'/>

	<player>
		<unitScore value='23250'/>
		<killScore value='34110'/>
		<buildingScore value='4450'/>
		<razingScore value='4800'/>
		<mineralScore value='30842'/>
		<gasScore value='0'/>
		<totalScore value='97452'/>
	</player>

	<enemy>
		<race value='Zerg'/>
		<unitScore value='14525'/>
		<unitScore value='14525'/>
		<killScore value='28800'/>
		<buildingScore value='1600'/>
		<razingScore value='0'/>
		<mineralScore value='12118'/>
		<gasScore value='3672'/>
		<totalScore value='60715'/>
	</enemy>

	<scoreRatio value='1.60507'/>
	<timeFitness value='0.740694'/>
	<unitsAverage value='103'/>
</results>
