<results>
	<result value='win'/>
	<start value='2015-05-08.16:08:10'/>
	<end value='2015-05-08.16:09:02'/>
	<frames value='36179'/>
	<gameDuration value='2261'/>

	<player>
		<unitScore value='21575'/>
		<killScore value='35500'/>
		<buildingScore value='4525'/>
		<razingScore value='10425'/>
		<mineralScore value='33938'/>
		<gasScore value='3928'/>
		<totalScore value='109891'/>
	</player>

	<enemy>
		<race value='Terran'/>
		<unitScore value='20325'/>
		<unitScore value='20325'/>
		<killScore value='19700'/>
		<buildingScore value='3475'/>
		<razingScore value='750'/>
		<mineralScore value='15058'/>
		<gasScore value='7188'/>
		<totalScore value='66496'/>
	</enemy>

	<scoreRatio value='1.6526'/>
	<timeFitness value='0.685972'/>
	<unitsAverage value='128'/>
</results>
