<results>
	<result value='win'/>
	<start value='2015-05-03.13:30:21'/>
	<end value='2015-05-03.13:30:38'/>
	<frames value='20431'/>
	<gameDuration value='1276'/>

	<player>
		<unitScore value='9775'/>
		<killScore value='11700'/>
		<buildingScore value='2950'/>
		<razingScore value='4500'/>
		<mineralScore value='14290'/>
		<gasScore value='1968'/>
		<totalScore value='45183'/>
	</player>

	<enemy>
		<race value='Terran'/>
		<unitScore value='5850'/>
		<unitScore value='5850'/>
		<killScore value='2750'/>
		<buildingScore value='1500'/>
		<razingScore value='150'/>
		<mineralScore value='8666'/>
		<gasScore value='1936'/>
		<totalScore value='20852'/>
	</enemy>

	<scoreRatio value='2.16684'/>
	<timeFitness value='0.822778'/>
	<unitsAverage value='67'/>
</results>
