<results>
	<result value='win'/>
	<start value='2015-05-08.16:11:49'/>
	<end value='2015-05-08.16:12:10'/>
	<frames value='24461'/>
	<gameDuration value='1528'/>

	<player>
		<unitScore value='11150'/>
		<killScore value='21350'/>
		<buildingScore value='3950'/>
		<razingScore value='8550'/>
		<mineralScore value='17666'/>
		<gasScore value='3032'/>
		<totalScore value='65698'/>
	</player>

	<enemy>
		<race value='Terran'/>
		<unitScore value='10675'/>
		<unitScore value='10675'/>
		<killScore value='4500'/>
		<buildingScore value='2850'/>
		<razingScore value='1350'/>
		<mineralScore value='11026'/>
		<gasScore value='4272'/>
		<totalScore value='34673'/>
	</enemy>

	<scoreRatio value='1.89479'/>
	<timeFitness value='0.787778'/>
	<unitsAverage value='73'/>
</results>
