<results>
	<result value='win'/>
	<start value='2015-05-08.16:12:28'/>
	<end value='2015-05-08.16:12:48'/>
	<frames value='26972'/>
	<gameDuration value='1685'/>

	<player>
		<unitScore value='10800'/>
		<killScore value='20700'/>
		<buildingScore value='2800'/>
		<razingScore value='9075'/>
		<mineralScore value='16442'/>
		<gasScore value='2520'/>
		<totalScore value='62337'/>
	</player>

	<enemy>
		<race value='Terran'/>
		<unitScore value='10450'/>
		<unitScore value='10450'/>
		<killScore value='8400'/>
		<buildingScore value='3025'/>
		<razingScore value='1500'/>
		<mineralScore value='12290'/>
		<gasScore value='4720'/>
		<totalScore value='40385'/>
	</enemy>

	<scoreRatio value='1.54357'/>
	<timeFitness value='0.765972'/>
	<unitsAverage value='61'/>
</results>
