<results>
	<result value='loss'/>
	<start value='2015-07-09.08:37:06'/>
	<end value='2015-07-09.08:37:30'/>
	<frames value='22229'/>
	<gameDuration value='1389'/>

	<player>
		<unitScore value='10225'/>
		<killScore value='3500'/>
		<buildingScore value='2625'/>
		<razingScore value='0'/>
		<mineralScore value='9978'/>
		<gasScore value='1640'/>
		<totalScore value='27968'/>
	</player>

	<enemy>
		<race value='Terran'/>
		<unitScore value='7900'/>
		<killScore value='20450'/>
		<buildingScore value='2550'/>
		<razingScore value='7875'/>
		<mineralScore value='10562'/>
		<gasScore value='3784'/>
		<totalScore value='53121'/>
	</enemy>

	<scoreRatio value='0.526496'/>
	<timeFitness value='0.192917'/>
	<unitsAverage value='34'/>
</results>
