<results>
	<result value='win'/>
	<start value='2015-07-09.08:49:34'/>
	<end value='2015-07-09.08:51:07'/>
	<frames value='42782'/>
	<gameDuration value='2673'/>

	<player>
		<unitScore value='34725'/>
		<killScore value='26450'/>
		<buildingScore value='5175'/>
		<razingScore value='9225'/>
		<mineralScore value='34910'/>
		<gasScore value='5904'/>
		<totalScore value='116389'/>
	</player>

	<enemy>
		<race value='Terran'/>
		<unitScore value='13625'/>
		<killScore value='44750'/>
		<buildingScore value='3075'/>
		<razingScore value='3600'/>
		<mineralScore value='12098'/>
		<gasScore value='5674'/>
		<totalScore value='82822'/>
	</enemy>

	<scoreRatio value='1.40529'/>
	<timeFitness value='0.62875'/>
	<unitsAverage value='98'/>
</results>
