<results>
	<result value='loss'/>
	<start value='2015-07-20.18:24:32'/>
	<end value='2015-07-20.18:25:05'/>
	<frames value='28739'/>
	<gameDuration value='1796'/>

	<player>
		<unitScore value='12450'/>
		<killScore value='6425'/>
		<buildingScore value='5025'/>
		<razingScore value='0'/>
		<mineralScore value='17306'/>
		<gasScore value='3032'/>
		<totalScore value='44238'/>
	</player>

	<enemy>
		<race value='Zerg'/>
		<unitScore value='15525'/>
		<killScore value='24750'/>
		<buildingScore value='3380'/>
		<razingScore value='15075'/>
		<mineralScore value='17870'/>
		<gasScore value='6112'/>
		<totalScore value='82712'/>
	</enemy>

	<scoreRatio value='0.534844'/>
	<timeFitness value='0.249444'/>
	<unitsAverage value='60'/>
</results>
