<results>
	<result value='loss'/>
	<start value='2015-05-07.13:44:38'/>
	<end value='2015-05-07.13:44:48'/>
	<frames value='18850'/>
	<gameDuration value='1178'/>

	<player>
		<unitScore value='4775'/>
		<killScore value='1200'/>
		<buildingScore value='2175'/>
		<razingScore value='0'/>
		<mineralScore value='7434'/>
		<gasScore value='624'/>
		<totalScore value='16208'/>
	</player>

	<enemy>
		<race value='Terran'/>
		<unitScore value='6750'/>
		<unitScore value='6750'/>
		<killScore value='9450'/>
		<buildingScore value='2750'/>
		<razingScore value='6525'/>
		<mineralScore value='8570'/>
		<gasScore value='3072'/>
		<totalScore value='37117'/>
	</enemy>

	<scoreRatio value='0.436673'/>
	<timeFitness value='0.163611'/>
	<unitsAverage value='30'/>
</results>
