<results>
	<result value='loss'/>
	<start value='2015-05-02.18:57:44'/>
	<end value='2015-05-02.18:57:55'/>
	<frames value='16742'/>
	<gameDuration value='1046'/>

	<player>
		<unitScore value='4625'/>
		<killScore value='750'/>
		<buildingScore value='1550'/>
		<razingScore value='0'/>
		<mineralScore value='5794'/>
		<gasScore value='568'/>
		<totalScore value='13287'/>
	</player>

	<enemy>
		<race value='Terran'/>
		<unitScore value='5350'/>
		<unitScore value='5350'/>
		<killScore value='9250'/>
		<buildingScore value='1900'/>
		<razingScore value='4650'/>
		<mineralScore value='7714'/>
		<gasScore value='2544'/>
		<totalScore value='31408'/>
	</enemy>

	<scoreRatio value='0.423045'/>
	<timeFitness value='0.145278'/>
	<unitsAverage value='25'/>
</results>
