<results>
	<result value='loss'/>
	<start value='2015-05-02.18:59:17'/>
	<end value='2015-05-02.18:59:32'/>
	<frames value='20803'/>
	<gameDuration value='1300'/>

	<player>
		<unitScore value='4200'/>
		<killScore value='7450'/>
		<buildingScore value='2200'/>
		<razingScore value='150'/>
		<mineralScore value='6802'/>
		<gasScore value='1192'/>
		<totalScore value='21994'/>
	</player>

	<enemy>
		<race value='Terran'/>
		<unitScore value='5600'/>
		<unitScore value='5600'/>
		<killScore value='7700'/>
		<buildingScore value='1750'/>
		<razingScore value='6600'/>
		<mineralScore value='8474'/>
		<gasScore value='3056'/>
		<totalScore value='33180'/>
	</enemy>

	<scoreRatio value='0.662869'/>
	<timeFitness value='0.180556'/>
	<unitsAverage value='29'/>
</results>
