<results>
	<result value='win'/>
	<start value='2015-05-07.13:54:41'/>
	<end value='2015-05-07.13:55:00'/>
	<frames value='26445'/>
	<gameDuration value='1652'/>

	<player>
		<unitScore value='12300'/>
		<killScore value='20950'/>
		<buildingScore value='3425'/>
		<razingScore value='8850'/>
		<mineralScore value='18850'/>
		<gasScore value='2088'/>
		<totalScore value='66463'/>
	</player>

	<enemy>
		<race value='Terran'/>
		<unitScore value='12075'/>
		<unitScore value='12075'/>
		<killScore value='6850'/>
		<buildingScore value='2950'/>
		<razingScore value='150'/>
		<mineralScore value='11466'/>
		<gasScore value='4976'/>
		<totalScore value='38467'/>
	</enemy>

	<scoreRatio value='1.72779'/>
	<timeFitness value='0.770556'/>
	<unitsAverage value='74'/>
</results>
