<results>
	<result value='draw'/>
	<start value='2015-05-02.23:39:56'/>
	<end value='2015-05-02.23:42:18'/>
	<frames value='57601'/>
	<gameDuration value='3600'/>

	<player>
		<unitScore value='30275'/>
		<killScore value='54350'/>
		<buildingScore value='3825'/>
		<razingScore value='5100'/>
		<mineralScore value='31646'/>
		<gasScore value='3848'/>
		<totalScore value='129044'/>
	</player>

	<enemy>
		<race value='Protoss'/>
		<unitScore value='34875'/>
		<unitScore value='34875'/>
		<killScore value='51200'/>
		<buildingScore value='7900'/>
		<razingScore value='5175'/>
		<mineralScore value='31298'/>
		<gasScore value='11252'/>
		<totalScore value='141700'/>
	</enemy>

	<scoreRatio value='0.910685'/>
	<timeFitness value='0.5'/>
	<unitsAverage value='122'/>
</results>
