<results>
	<result value='win'/>
	<start value='2015-05-04.07:08:55'/>
	<end value='2015-05-04.07:09:07'/>
	<frames value='18540'/>
	<gameDuration value='1158'/>

	<player>
		<unitScore value='6900'/>
		<killScore value='11000'/>
		<buildingScore value='2425'/>
		<razingScore value='4350'/>
		<mineralScore value='11682'/>
		<gasScore value='2008'/>
		<totalScore value='38365'/>
	</player>

	<enemy>
		<race value='Terran'/>
		<unitScore value='5500'/>
		<unitScore value='5500'/>
		<killScore value='3550'/>
		<buildingScore value='1450'/>
		<razingScore value='300'/>
		<mineralScore value='8394'/>
		<gasScore value='2184'/>
		<totalScore value='21378'/>
	</enemy>

	<scoreRatio value='1.7946'/>
	<timeFitness value='0.839167'/>
	<unitsAverage value='54'/>
</results>
