<results>
	<result value='win'/>
	<start value='2015-05-09.09:35:50'/>
	<end value='2015-05-09.09:36:16'/>
	<frames value='23159'/>
	<gameDuration value='1447'/>

	<player>
		<unitScore value='12800'/>
		<killScore value='16850'/>
		<buildingScore value='3825'/>
		<razingScore value='7575'/>
		<mineralScore value='19214'/>
		<gasScore value='2040'/>
		<totalScore value='62304'/>
	</player>

	<enemy>
		<race value='Terran'/>
		<unitScore value='8425'/>
		<unitScore value='8425'/>
		<killScore value='8750'/>
		<buildingScore value='2525'/>
		<razingScore value='0'/>
		<mineralScore value='10314'/>
		<gasScore value='3240'/>
		<totalScore value='33254'/>
	</enemy>

	<scoreRatio value='1.87358'/>
	<timeFitness value='0.799028'/>
	<unitsAverage value='74'/>
</results>
