<results>
	<result value='loss'/>
	<start value='2015-05-09.09:44:41'/>
	<end value='2015-05-09.09:44:53'/>
	<frames value='18602'/>
	<gameDuration value='1162'/>

	<player>
		<unitScore value='3300'/>
		<killScore value='1000'/>
		<buildingScore value='1950'/>
		<razingScore value='0'/>
		<mineralScore value='5234'/>
		<gasScore value='792'/>
		<totalScore value='12276'/>
	</player>

	<enemy>
		<race value='Terran'/>
		<unitScore value='6750'/>
		<unitScore value='6750'/>
		<killScore value='6600'/>
		<buildingScore value='2750'/>
		<razingScore value='5850'/>
		<mineralScore value='8586'/>
		<gasScore value='2992'/>
		<totalScore value='33528'/>
	</enemy>

	<scoreRatio value='0.366142'/>
	<timeFitness value='0.161389'/>
	<unitsAverage value='22'/>
</results>
