<results>
	<result value='win'/>
	<start value='2015-05-05.11:31:31'/>
	<end value='2015-05-05.11:32:13'/>
	<frames value='31374'/>
	<gameDuration value='1960'/>

	<player>
		<unitScore value='19400'/>
		<killScore value='25570'/>
		<buildingScore value='4550'/>
		<razingScore value='8700'/>
		<mineralScore value='27098'/>
		<gasScore value='2888'/>
		<totalScore value='88206'/>
	</player>

	<enemy>
		<race value='Zerg'/>
		<unitScore value='11975'/>
		<unitScore value='11975'/>
		<killScore value='15600'/>
		<buildingScore value='2900'/>
		<razingScore value='450'/>
		<mineralScore value='13290'/>
		<gasScore value='4304'/>
		<totalScore value='48519'/>
	</enemy>

	<scoreRatio value='1.81797'/>
	<timeFitness value='0.727778'/>
	<unitsAverage value='104'/>
</results>
