<results>
	<result value='loss'/>
	<start value='2015-05-05.11:32:16'/>
	<end value='2015-05-05.11:33:14'/>
	<frames value='53105'/>
	<gameDuration value='3319'/>

	<player>
		<unitScore value='31950'/>
		<killScore value='72500'/>
		<buildingScore value='2850'/>
		<razingScore value='480'/>
		<mineralScore value='35890'/>
		<gasScore value='0'/>
		<totalScore value='143670'/>
	</player>

	<enemy>
		<race value='Zerg'/>
		<unitScore value='35700'/>
		<unitScore value='35700'/>
		<killScore value='63900'/>
		<buildingScore value='3025'/>
		<razingScore value='8550'/>
		<mineralScore value='27050'/>
		<gasScore value='11648'/>
		<totalScore value='149873'/>
	</enemy>

	<scoreRatio value='0.958612'/>
	<timeFitness value='0.460972'/>
	<unitsAverage value='91'/>
</results>
