<results>
	<result value='draw'/>
	<start value='2015-04-29.18:01:21'/>
	<end value='2015-04-29.18:03:01'/>
	<frames value='57601'/>
	<gameDuration value='3600'/>

	<player>
		<unitScore value='24175'/>
		<killScore value='54245'/>
		<buildingScore value='3300'/>
		<razingScore value='12375'/>
		<mineralScore value='26842'/>
		<gasScore value='4980'/>
		<totalScore value='125917'/>
	</player>

	<enemy>
		<race value='Zerg'/>
		<unitScore value='26075'/>
		<unitScore value='26075'/>
		<killScore value='33050'/>
		<buildingScore value='4450'/>
		<razingScore value='2025'/>
		<mineralScore value='26250'/>
		<gasScore value='7240'/>
		<totalScore value='99090'/>
	</enemy>

	<scoreRatio value='1.27073'/>
	<timeFitness value='0.5'/>
	<unitsAverage value='104'/>
</results>
