<results>
	<result value='draw'/>
	<start value='2015-04-29.18:03:03'/>
	<end value='2015-04-29.18:04:20'/>
	<frames value='57601'/>
	<gameDuration value='3600'/>

	<player>
		<unitScore value='23375'/>
		<killScore value='67570'/>
		<buildingScore value='3300'/>
		<razingScore value='5835'/>
		<mineralScore value='26458'/>
		<gasScore value='4072'/>
		<totalScore value='130610'/>
	</player>

	<enemy>
		<race value='Zerg'/>
		<unitScore value='40175'/>
		<unitScore value='40175'/>
		<killScore value='42100'/>
		<buildingScore value='5635'/>
		<razingScore value='2775'/>
		<mineralScore value='30426'/>
		<gasScore value='14580'/>
		<totalScore value='135691'/>
	</enemy>

	<scoreRatio value='0.962555'/>
	<timeFitness value='0.5'/>
	<unitsAverage value='88'/>
</results>
