<results>
	<result value='loss'/>
	<start value='2015-04-13.04:48:27'/>
	<end value='2015-04-13.04:48:37'/>
	<frames value='18819'/>
	<gameDuration value='1176'/>

	<player>
		<unitScore value='5075'/>
		<killScore value='1000'/>
		<buildingScore value='1875'/>
		<razingScore value='0'/>
		<mineralScore value='8266'/>
		<gasScore value='712'/>
		<totalScore value='16928'/>
	</player>

	<enemy>
		<race value='Protoss'/>
		<unitScore value='5025'/>
		<unitScore value='5025'/>
		<killScore value='9700'/>
		<buildingScore value='4275'/>
		<razingScore value='5625'/>
		<mineralScore value='9594'/>
		<gasScore value='2520'/>
		<totalScore value='36739'/>
	</enemy>

	<scoreRatio value='0.460764'/>
</results>
