<results>
	<result value='loss'/>
	<start value='2015-04-13.04:48:40'/>
	<end value='2015-04-13.04:48:47'/>
	<frames value='16556'/>
	<gameDuration value='1034'/>

	<player>
		<unitScore value='2925'/>
		<killScore value='1200'/>
		<buildingScore value='1700'/>
		<razingScore value='0'/>
		<mineralScore value='4802'/>
		<gasScore value='904'/>
		<totalScore value='11531'/>
	</player>

	<enemy>
		<race value='Protoss'/>
		<unitScore value='3600'/>
		<unitScore value='3600'/>
		<killScore value='5850'/>
		<buildingScore value='3925'/>
		<razingScore value='5100'/>
		<mineralScore value='8706'/>
		<gasScore value='1792'/>
		<totalScore value='28973'/>
	</enemy>

	<scoreRatio value='0.397991'/>
</results>
