<results>
	<result value='loss'/>
	<start value='2015-04-10.10:33:51'/>
	<end value='2015-04-10.10:34:19'/>
	<frames value='40209'/>
	<gameDuration value='2513'/>

	<player>
		<unitScore value='14700'/>
		<killScore value='16650'/>
		<buildingScore value='2525'/>
		<razingScore value='900'/>
		<mineralScore value='21258'/>
		<gasScore value='712'/>
		<totalScore value='56745'/>
	</player>

	<enemy>
		<race value='Protoss'/>
		<unitScore value='27200'/>
		<unitScore value='27200'/>
		<killScore value='29400'/>
		<buildingScore value='7425'/>
		<razingScore value='7575'/>
		<mineralScore value='27930'/>
		<gasScore value='10448'/>
		<totalScore value='109978'/>
	</enemy>

	<scoreRatio value='0.515967'/>
</results>
