<results>
	<result value='loss'/>
	<start value='2015-04-10.10:36:25'/>
	<end value='2015-04-10.10:36:34'/>
	<frames value='16866'/>
	<gameDuration value='1054'/>

	<player>
		<unitScore value='3375'/>
		<killScore value='1200'/>
		<buildingScore value='1550'/>
		<razingScore value='0'/>
		<mineralScore value='5050'/>
		<gasScore value='768'/>
		<totalScore value='11943'/>
	</player>

	<enemy>
		<race value='Protoss'/>
		<unitScore value='3700'/>
		<unitScore value='3700'/>
		<killScore value='6750'/>
		<buildingScore value='4075'/>
		<razingScore value='4650'/>
		<mineralScore value='9154'/>
		<gasScore value='1808'/>
		<totalScore value='30137'/>
	</enemy>

	<scoreRatio value='0.39629'/>
</results>
