<results>
	<result value='loss'/>
	<start value='2015-04-10.10:40:51'/>
	<end value='2015-04-10.10:41:00'/>
	<frames value='16401'/>
	<gameDuration value='1025'/>

	<player>
		<unitScore value='4575'/>
		<killScore value='400'/>
		<buildingScore value='1650'/>
		<razingScore value='0'/>
		<mineralScore value='6418'/>
		<gasScore value='1112'/>
		<totalScore value='14155'/>
	</player>

	<enemy>
		<race value='Protoss'/>
		<unitScore value='4525'/>
		<unitScore value='4525'/>
		<killScore value='9150'/>
		<buildingScore value='3375'/>
		<razingScore value='4950'/>
		<mineralScore value='8466'/>
		<gasScore value='2184'/>
		<totalScore value='32650'/>
	</enemy>

	<scoreRatio value='0.433538'/>
</results>
