<results>
	<result value='win'/>
	<start value='2015-05-07.13:58:43'/>
	<end value='2015-05-07.13:58:58'/>
	<frames value='20028'/>
	<gameDuration value='1251'/>

	<player>
		<unitScore value='7675'/>
		<killScore value='9000'/>
		<buildingScore value='2275'/>
		<razingScore value='8025'/>
		<mineralScore value='12450'/>
		<gasScore value='1320'/>
		<totalScore value='40745'/>
	</player>

	<enemy>
		<race value='Protoss'/>
		<unitScore value='4500'/>
		<unitScore value='4500'/>
		<killScore value='5200'/>
		<buildingScore value='2675'/>
		<razingScore value='0'/>
		<mineralScore value='9474'/>
		<gasScore value='1128'/>
		<totalScore value='22977'/>
	</enemy>

	<scoreRatio value='1.7733'/>
	<timeFitness value='0.82625'/>
	<unitsAverage value='57'/>
</results>
