<results>
	<result value='loss'/>
	<start value='2015-05-07.13:59:02'/>
	<end value='2015-05-07.13:59:10'/>
	<frames value='15471'/>
	<gameDuration value='966'/>

	<player>
		<unitScore value='2825'/>
		<killScore value='800'/>
		<buildingScore value='1550'/>
		<razingScore value='0'/>
		<mineralScore value='4538'/>
		<gasScore value='544'/>
		<totalScore value='10257'/>
	</player>

	<enemy>
		<race value='Protoss'/>
		<unitScore value='3550'/>
		<unitScore value='3550'/>
		<killScore value='5650'/>
		<buildingScore value='3225'/>
		<razingScore value='4650'/>
		<mineralScore value='8106'/>
		<gasScore value='1200'/>
		<totalScore value='26381'/>
	</enemy>

	<scoreRatio value='0.388803'/>
	<timeFitness value='0.134167'/>
	<unitsAverage value='23'/>
</results>
