<results>
	<result value='loss'/>
	<start value='2015-05-07.13:59:13'/>
	<end value='2015-05-07.13:59:20'/>
	<frames value='14820'/>
	<gameDuration value='926'/>

	<player>
		<unitScore value='2700'/>
		<killScore value='600'/>
		<buildingScore value='1500'/>
		<razingScore value='0'/>
		<mineralScore value='4226'/>
		<gasScore value='416'/>
		<totalScore value='9442'/>
	</player>

	<enemy>
		<race value='Protoss'/>
		<unitScore value='3550'/>
		<unitScore value='3550'/>
		<killScore value='5400'/>
		<buildingScore value='2275'/>
		<razingScore value='4500'/>
		<mineralScore value='7522'/>
		<gasScore value='1192'/>
		<totalScore value='24439'/>
	</enemy>

	<scoreRatio value='0.38635'/>
	<timeFitness value='0.128611'/>
	<unitsAverage value='21'/>
</results>
