<results>
	<result value='win'/>
	<start value='2015-05-07.14:13:31'/>
	<end value='2015-05-07.14:13:48'/>
	<frames value='20617'/>
	<gameDuration value='1288'/>

	<player>
		<unitScore value='10200'/>
		<killScore value='8100'/>
		<buildingScore value='3025'/>
		<razingScore value='6750'/>
		<mineralScore value='15226'/>
		<gasScore value='1288'/>
		<totalScore value='44589'/>
	</player>

	<enemy>
		<race value='Protoss'/>
		<unitScore value='4050'/>
		<unitScore value='4050'/>
		<killScore value='6150'/>
		<buildingScore value='2250'/>
		<razingScore value='0'/>
		<mineralScore value='10410'/>
		<gasScore value='976'/>
		<totalScore value='23836'/>
	</enemy>

	<scoreRatio value='1.87066'/>
	<timeFitness value='0.821111'/>
	<unitsAverage value='70'/>
</results>
