<results>
	<result value='loss'/>
	<start value='2015-05-07.14:25:52'/>
	<end value='2015-05-07.14:26:00'/>
	<frames value='15905'/>
	<gameDuration value='994'/>

	<player>
		<unitScore value='2825'/>
		<killScore value='1400'/>
		<buildingScore value='1500'/>
		<razingScore value='0'/>
		<mineralScore value='4306'/>
		<gasScore value='544'/>
		<totalScore value='10575'/>
	</player>

	<enemy>
		<race value='Protoss'/>
		<unitScore value='3550'/>
		<unitScore value='3550'/>
		<killScore value='5650'/>
		<buildingScore value='3475'/>
		<razingScore value='4500'/>
		<mineralScore value='8178'/>
		<gasScore value='1528'/>
		<totalScore value='26881'/>
	</enemy>

	<scoreRatio value='0.393401'/>
	<timeFitness value='0.138056'/>
	<unitsAverage value='20'/>
</results>
