<results>
	<result value='loss'/>
	<start value='2015-05-07.14:33:05'/>
	<end value='2015-05-07.14:33:52'/>
	<frames value='52950'/>
	<gameDuration value='3309'/>

	<player>
		<unitScore value='21450'/>
		<killScore value='33700'/>
		<buildingScore value='2975'/>
		<razingScore value='6450'/>
		<mineralScore value='24138'/>
		<gasScore value='5008'/>
		<totalScore value='93721'/>
	</player>

	<enemy>
		<race value='Protoss'/>
		<unitScore value='25050'/>
		<unitScore value='25050'/>
		<killScore value='42900'/>
		<buildingScore value='8025'/>
		<razingScore value='8925'/>
		<mineralScore value='30486'/>
		<gasScore value='9030'/>
		<totalScore value='124416'/>
	</enemy>

	<scoreRatio value='0.753287'/>
	<timeFitness value='0.459583'/>
	<unitsAverage value='73'/>
</results>
