<results>
	<result value='win'/>
	<start value='2015-05-07.14:35:16'/>
	<end value='2015-05-07.14:35:41'/>
	<frames value='28088'/>
	<gameDuration value='1755'/>

	<player>
		<unitScore value='12075'/>
		<killScore value='15100'/>
		<buildingScore value='3675'/>
		<razingScore value='13125'/>
		<mineralScore value='18334'/>
		<gasScore value='2216'/>
		<totalScore value='64525'/>
	</player>

	<enemy>
		<race value='Protoss'/>
		<unitScore value='7550'/>
		<unitScore value='7550'/>
		<killScore value='7800'/>
		<buildingScore value='4375'/>
		<razingScore value='300'/>
		<mineralScore value='12962'/>
		<gasScore value='3544'/>
		<totalScore value='36531'/>
	</enemy>

	<scoreRatio value='1.76631'/>
	<timeFitness value='0.75625'/>
	<unitsAverage value='70'/>
</results>
