<results>
	<result value='win'/>
	<start value='2015-05-09.18:51:55'/>
	<end value='2015-05-09.18:52:12'/>
	<frames value='23035'/>
	<gameDuration value='1439'/>

	<player>
		<unitScore value='9525'/>
		<killScore value='17500'/>
		<buildingScore value='3000'/>
		<razingScore value='6525'/>
		<mineralScore value='13762'/>
		<gasScore value='1352'/>
		<totalScore value='51664'/>
	</player>

	<enemy>
		<race value='Terran'/>
		<unitScore value='8750'/>
		<unitScore value='8750'/>
		<killScore value='7500'/>
		<buildingScore value='2250'/>
		<razingScore value='1575'/>
		<mineralScore value='9442'/>
		<gasScore value='3128'/>
		<totalScore value='32645'/>
	</enemy>

	<scoreRatio value='1.5826'/>
	<timeFitness value='0.800139'/>
	<unitsAverage value='52'/>
</results>
