<results>
	<result value='win'/>
	<start value='2015-05-09.18:55:22'/>
	<end value='2015-05-09.18:55:50'/>
	<frames value='26259'/>
	<gameDuration value='1641'/>

	<player>
		<unitScore value='12325'/>
		<killScore value='21100'/>
		<buildingScore value='3500'/>
		<razingScore value='9375'/>
		<mineralScore value='23626'/>
		<gasScore value='1880'/>
		<totalScore value='71806'/>
	</player>

	<enemy>
		<race value='Terran'/>
		<unitScore value='10550'/>
		<unitScore value='10550'/>
		<killScore value='5450'/>
		<buildingScore value='3125'/>
		<razingScore value='225'/>
		<mineralScore value='11154'/>
		<gasScore value='4880'/>
		<totalScore value='35384'/>
	</enemy>

	<scoreRatio value='2.02934'/>
	<timeFitness value='0.772083'/>
	<unitsAverage value='87'/>
</results>
