<results>
	<result value='win'/>
	<start value='2015-05-10.20:32:01'/>
	<end value='2015-05-10.20:32:58'/>
	<frames value='36272'/>
	<gameDuration value='2267'/>

	<player>
		<unitScore value='21575'/>
		<killScore value='42350'/>
		<buildingScore value='4325'/>
		<razingScore value='15750'/>
		<mineralScore value='38706'/>
		<gasScore value='4152'/>
		<totalScore value='126858'/>
	</player>

	<enemy>
		<race value='Protoss'/>
		<unitScore value='21500'/>
		<unitScore value='21500'/>
		<killScore value='20450'/>
		<buildingScore value='5250'/>
		<razingScore value='0'/>
		<mineralScore value='21458'/>
		<gasScore value='5050'/>
		<totalScore value='73708'/>
	</enemy>

	<scoreRatio value='1.72109'/>
	<timeFitness value='0.685139'/>
	<unitsAverage value='132'/>
</results>
