<results>
	<result value='loss'/>
	<start value='2015-04-08.16:14:48'/>
	<end value='2015-04-08.16:15:30'/>
	<frames value='49757'/>
	<gameDuration value='3109'/>

	<player>
		<unitScore value='23000'/>
		<killScore value='36550'/>
		<buildingScore value='2675'/>
		<razingScore value='750'/>
		<mineralScore value='24002'/>
		<gasScore value='3744'/>
		<totalScore value='90721'/>
	</player>

	<enemy>
		<race value='Protoss'/>
		<unitScore value='39155'/>
		<unitScore value='39155'/>
		<killScore value='46350'/>
		<buildingScore value='7825'/>
		<razingScore value='8025'/>
		<mineralScore value='34182'/>
		<gasScore value='13614'/>
		<totalScore value='149151'/>
	</enemy>

	<scoreRatio value='0.608249'/>
</results>
