<results>
	<result value='loss'/>
	<start value='2015-04-08.16:16:36'/>
	<end value='2015-04-08.16:16:44'/>
	<frames value='16246'/>
	<gameDuration value='1015'/>

	<player>
		<unitScore value='2900'/>
		<killScore value='2800'/>
		<buildingScore value='1475'/>
		<razingScore value='0'/>
		<mineralScore value='4450'/>
		<gasScore value='512'/>
		<totalScore value='12137'/>
	</player>

	<enemy>
		<race value='Protoss'/>
		<unitScore value='3650'/>
		<unitScore value='3650'/>
		<killScore value='5550'/>
		<buildingScore value='3625'/>
		<razingScore value='4425'/>
		<mineralScore value='8618'/>
		<gasScore value='1400'/>
		<totalScore value='27268'/>
	</enemy>

	<scoreRatio value='0.4451'/>
</results>
