<results>
	<result value='win'/>
	<start value='2015-04-17.00:57:31'/>
	<end value='2015-04-17.00:58:21'/>
	<frames value='26135'/>
	<gameDuration value='1633'/>

	<player>
		<unitScore value='17275'/>
		<killScore value='14900'/>
		<buildingScore value='4075'/>
		<razingScore value='12975'/>
		<mineralScore value='25494'/>
		<gasScore value='1752'/>
		<totalScore value='76471'/>
	</player>

	<enemy>
		<race value='Protoss'/>
		<unitScore value='7450'/>
		<unitScore value='7450'/>
		<killScore value='13300'/>
		<buildingScore value='4325'/>
		<razingScore value='0'/>
		<mineralScore value='17034'/>
		<gasScore value='1120'/>
		<totalScore value='43229'/>
	</enemy>

	<scoreRatio value='1.76897'/>
</results>
