<results>
	<result value='loss'/>
	<start value='2015-07-11.23:11:05'/>
	<end value='2015-07-11.23:11:23'/>
	<frames value='23841'/>
	<gameDuration value='1490'/>

	<player>
		<unitScore value='8950'/>
		<killScore value='4300'/>
		<buildingScore value='2200'/>
		<razingScore value='0'/>
		<mineralScore value='9778'/>
		<gasScore value='1312'/>
		<totalScore value='26540'/>
	</player>

	<enemy>
		<race value='Terran'/>
		<unitScore value='8575'/>
		<killScore value='17150'/>
		<buildingScore value='2550'/>
		<razingScore value='6600'/>
		<mineralScore value='11258'/>
		<gasScore value='4184'/>
		<totalScore value='50317'/>
	</enemy>

	<scoreRatio value='0.527456'/>
	<timeFitness value='0.206944'/>
	<unitsAverage value='35'/>
</results>
