<results>
	<result value='loss'/>
	<start value='2015-07-17.20:43:43'/>
	<end value='2015-07-17.20:43:59'/>
	<frames value='18168'/>
	<gameDuration value='1135'/>

	<player>
		<unitScore value='4600'/>
		<killScore value='450'/>
		<buildingScore value='2225'/>
		<razingScore value='0'/>
		<mineralScore value='8162'/>
		<gasScore value='0'/>
		<totalScore value='15437'/>
	</player>

	<enemy>
		<race value='Terran'/>
		<unitScore value='6050'/>
		<killScore value='7900'/>
		<buildingScore value='2750'/>
		<razingScore value='6675'/>
		<mineralScore value='8322'/>
		<gasScore value='2824'/>
		<totalScore value='34521'/>
	</enemy>

	<scoreRatio value='0.447177'/>
	<timeFitness value='0.157639'/>
	<unitsAverage value='32'/>
</results>
