<results>
	<result value='loss'/>
	<start value='2015-07-17.20:45:44'/>
	<end value='2015-07-17.20:45:59'/>
	<frames value='22570'/>
	<gameDuration value='1410'/>

	<player>
		<unitScore value='7100'/>
		<killScore value='4000'/>
		<buildingScore value='1900'/>
		<razingScore value='0'/>
		<mineralScore value='8122'/>
		<gasScore value='1616'/>
		<totalScore value='22738'/>
	</player>

	<enemy>
		<race value='Terran'/>
		<unitScore value='9000'/>
		<killScore value='14200'/>
		<buildingScore value='3500'/>
		<razingScore value='5700'/>
		<mineralScore value='10666'/>
		<gasScore value='4560'/>
		<totalScore value='47626'/>
	</enemy>

	<scoreRatio value='0.477428'/>
	<timeFitness value='0.195833'/>
	<unitsAverage value='35'/>
</results>
