<results>
	<result value='win'/>
	<start value='2014-07-11.22:05:57'/>
	<end value='2014-07-11.22:06:22'/>
	<frames value='28243'/>
	<gameDuration value='1765'/>

	<player>
		<unitScore value='14475'/>
		<killScore value='25700'/>
		<buildingScore value='4150'/>
		<razingScore value='10425'/>
		<mineralScore value='23418'/>
		<gasScore value='2936'/>
		<totalScore value='81104'/>
	</player>

	<enemy>
		<race value='Terran'/>
		<unitScore value='13650'/>
		<unitScore value='13650'/>
		<killScore value='10850'/>
		<buildingScore value='3550'/>
		<razingScore value='675'/>
		<mineralScore value='12342'/>
		<gasScore value='5416'/>
		<totalScore value='46483'/>
	</enemy>

	<scoreRatio value='1.74481'/>
</results>
