<results>
	<result value='win'/>
	<start value='2015-05-11.02:12:45'/>
	<end value='2015-05-11.02:13:40'/>
	<frames value='35435'/>
	<gameDuration value='2214'/>

	<player>
		<unitScore value='21975'/>
		<killScore value='39865'/>
		<buildingScore value='4225'/>
		<razingScore value='9690'/>
		<mineralScore value='34406'/>
		<gasScore value='3384'/>
		<totalScore value='113545'/>
	</player>

	<enemy>
		<race value='Zerg'/>
		<unitScore value='18600'/>
		<unitScore value='18600'/>
		<killScore value='20150'/>
		<buildingScore value='3230'/>
		<razingScore value='0'/>
		<mineralScore value='18762'/>
		<gasScore value='5608'/>
		<totalScore value='66350'/>
	</enemy>

	<scoreRatio value='1.7113'/>
	<timeFitness value='0.6925'/>
	<unitsAverage value='126'/>
</results>
