<results>
	<result value='loss'/>
	<start value='2014-07-22.18:42:13'/>
	<end value='2014-07-22.18:42:23'/>
	<frames value='20245'/>
	<gameDuration value='1265'/>

	<player>
		<unitScore value='3425'/>
		<killScore value='1700'/>
		<buildingScore value='1550'/>
		<razingScore value='0'/>
		<mineralScore value='6498'/>
		<gasScore value='48'/>
		<totalScore value='13221'/>
	</player>

	<enemy>
		<race value='Zerg'/>
		<unitScore value='7850'/>
		<unitScore value='7850'/>
		<killScore value='6850'/>
		<buildingScore value='1695'/>
		<razingScore value='4650'/>
		<mineralScore value='8082'/>
		<gasScore value='2272'/>
		<totalScore value='31399'/>
	</enemy>

	<scoreRatio value='0.421064'/>
</results>
