<results>
	<result value='draw'/>
	<start value='2014-07-23.21:51:05'/>
	<end value='2014-07-23.21:52:03'/>
	<frames value='57601'/>
	<gameDuration value='3600'/>

	<player>
		<unitScore value='22900'/>
		<killScore value='37350'/>
		<buildingScore value='3225'/>
		<razingScore value='20100'/>
		<mineralScore value='25574'/>
		<gasScore value='5358'/>
		<totalScore value='114507'/>
	</player>

	<enemy>
		<race value='Protoss'/>
		<unitScore value='21200'/>
		<unitScore value='21200'/>
		<killScore value='33550'/>
		<buildingScore value='7825'/>
		<razingScore value='6225'/>
		<mineralScore value='26390'/>
		<gasScore value='12302'/>
		<totalScore value='107492'/>
	</enemy>

	<scoreRatio value='1.06526'/>
</results>
