<results>
	<result value='win'/>
	<start value='2014-07-04.17:01:53'/>
	<end value='2014-07-04.17:02:12'/>
	<frames value='26321'/>
	<gameDuration value='1645'/>

	<player>
		<unitScore value='16225'/>
		<killScore value='17640'/>
		<buildingScore value='3350'/>
		<razingScore value='7170'/>
		<mineralScore value='17898'/>
		<gasScore value='2016'/>
		<totalScore value='64299'/>
	</player>

	<enemy>
		<race value='Zerg'/>
		<unitScore value='9300'/>
		<unitScore value='9300'/>
		<killScore value='16450'/>
		<buildingScore value='2390'/>
		<razingScore value='2175'/>
		<mineralScore value='10530'/>
		<gasScore value='3528'/>
		<totalScore value='44373'/>
	</enemy>

	<scoreRatio value='1.44906'/>
</results>
