<results>
	<result value='win'/>
	<start value='2014-07-04.17:05:23'/>
	<end value='2014-07-04.17:05:47'/>
	<frames value='27685'/>
	<gameDuration value='1730'/>

	<player>
		<unitScore value='17800'/>
		<killScore value='23385'/>
		<buildingScore value='3825'/>
		<razingScore value='5700'/>
		<mineralScore value='25602'/>
		<gasScore value='2848'/>
		<totalScore value='79160'/>
	</player>

	<enemy>
		<race value='Zerg'/>
		<unitScore value='10525'/>
		<unitScore value='10525'/>
		<killScore value='14650'/>
		<buildingScore value='1900'/>
		<razingScore value='0'/>
		<mineralScore value='10854'/>
		<gasScore value='3280'/>
		<totalScore value='41209'/>
	</enemy>

	<scoreRatio value='1.92094'/>
</results>
