<results>
	<result value='win'/>
	<start value='2015-04-17.02:09:24'/>
	<end value='2015-04-17.02:10:47'/>
	<frames value='40767'/>
	<gameDuration value='2547'/>

	<player>
		<unitScore value='25075'/>
		<killScore value='40350'/>
		<buildingScore value='4575'/>
		<razingScore value='18900'/>
		<mineralScore value='32226'/>
		<gasScore value='3032'/>
		<totalScore value='124158'/>
	</player>

	<enemy>
		<race value='Protoss'/>
		<unitScore value='22025'/>
		<unitScore value='22025'/>
		<killScore value='26850'/>
		<buildingScore value='6300'/>
		<razingScore value='450'/>
		<mineralScore value='20866'/>
		<gasScore value='7088'/>
		<totalScore value='83579'/>
	</enemy>

	<scoreRatio value='1.48552'/>
</results>
