<results>
	<result value='win'/>
	<start value='2015-07-13.16:46:24'/>
	<end value='2015-07-13.16:46:39'/>
	<frames value='21485'/>
	<gameDuration value='1342'/>

	<player>
		<unitScore value='8425'/>
		<killScore value='10600'/>
		<buildingScore value='2550'/>
		<razingScore value='7350'/>
		<mineralScore value='9322'/>
		<gasScore value='2504'/>
		<totalScore value='40751'/>
	</player>

	<enemy>
		<race value='Protoss'/>
		<unitScore value='5300'/>
		<killScore value='5900'/>
		<buildingScore value='2450'/>
		<razingScore value='0'/>
		<mineralScore value='9042'/>
		<gasScore value='936'/>
		<totalScore value='23628'/>
	</enemy>

	<scoreRatio value='1.72469'/>
	<timeFitness value='0.813611'/>
	<unitsAverage value='45'/>
</results>
