<results>
	<result value='loss'/>
	<start value='2015-07-13.16:53:10'/>
	<end value='2015-07-13.16:53:17'/>
	<frames value='13394'/>
	<gameDuration value='837'/>

	<player>
		<unitScore value='2225'/>
		<killScore value='400'/>
		<buildingScore value='1275'/>
		<razingScore value='0'/>
		<mineralScore value='3066'/>
		<gasScore value='544'/>
		<totalScore value='7510'/>
	</player>

	<enemy>
		<race value='Protoss'/>
		<unitScore value='3550'/>
		<killScore value='4300'/>
		<buildingScore value='2175'/>
		<razingScore value='3825'/>
		<mineralScore value='6634'/>
		<gasScore value='1192'/>
		<totalScore value='21676'/>
	</enemy>

	<scoreRatio value='0.346466'/>
	<timeFitness value='0.11625'/>
	<unitsAverage value='18'/>
</results>
