<results>
	<result value='win'/>
	<start value='2015-05-07.15:38:36'/>
	<end value='2015-05-07.15:39:04'/>
	<frames value='21857'/>
	<gameDuration value='1366'/>

	<player>
		<unitScore value='9700'/>
		<killScore value='15800'/>
		<buildingScore value='3275'/>
		<razingScore value='7575'/>
		<mineralScore value='16502'/>
		<gasScore value='1976'/>
		<totalScore value='54828'/>
	</player>

	<enemy>
		<race value='Terran'/>
		<unitScore value='7950'/>
		<unitScore value='7950'/>
		<killScore value='3850'/>
		<buildingScore value='2525'/>
		<razingScore value='375'/>
		<mineralScore value='8706'/>
		<gasScore value='2624'/>
		<totalScore value='26030'/>
	</enemy>

	<scoreRatio value='2.10634'/>
	<timeFitness value='0.810278'/>
	<unitsAverage value='66'/>
</results>
