<results>
	<result value='win'/>
	<start value='2015-05-07.15:40:49'/>
	<end value='2015-05-07.15:41:28'/>
	<frames value='25019'/>
	<gameDuration value='1563'/>

	<player>
		<unitScore value='14350'/>
		<killScore value='20700'/>
		<buildingScore value='4100'/>
		<razingScore value='6900'/>
		<mineralScore value='21010'/>
		<gasScore value='2640'/>
		<totalScore value='69700'/>
	</player>

	<enemy>
		<race value='Terran'/>
		<unitScore value='11150'/>
		<unitScore value='11150'/>
		<killScore value='9950'/>
		<buildingScore value='2300'/>
		<razingScore value='450'/>
		<mineralScore value='10870'/>
		<gasScore value='3544'/>
		<totalScore value='38264'/>
	</enemy>

	<scoreRatio value='1.82156'/>
	<timeFitness value='0.782917'/>
	<unitsAverage value='83'/>
</results>
