<results>
	<result value='win'/>
	<start value='2015-05-07.15:52:39'/>
	<end value='2015-05-07.15:53:10'/>
	<frames value='22663'/>
	<gameDuration value='1416'/>

	<player>
		<unitScore value='10425'/>
		<killScore value='19750'/>
		<buildingScore value='3725'/>
		<razingScore value='7650'/>
		<mineralScore value='15314'/>
		<gasScore value='1728'/>
		<totalScore value='58592'/>
	</player>

	<enemy>
		<race value='Terran'/>
		<unitScore value='10175'/>
		<unitScore value='10175'/>
		<killScore value='5300'/>
		<buildingScore value='2700'/>
		<razingScore value='1500'/>
		<mineralScore value='9858'/>
		<gasScore value='3488'/>
		<totalScore value='33021'/>
	</enemy>

	<scoreRatio value='1.77439'/>
	<timeFitness value='0.803333'/>
	<unitsAverage value='67'/>
</results>
