<results>
	<result value='draw'/>
	<start value='2015-05-07.16:08:35'/>
	<end value='2015-05-07.16:11:04'/>
	<frames value='57601'/>
	<gameDuration value='3600'/>

	<player>
		<unitScore value='35225'/>
		<killScore value='46900'/>
		<buildingScore value='4825'/>
		<razingScore value='5700'/>
		<mineralScore value='43062'/>
		<gasScore value='5220'/>
		<totalScore value='140932'/>
	</player>

	<enemy>
		<race value='Terran'/>
		<unitScore value='24450'/>
		<unitScore value='24450'/>
		<killScore value='46850'/>
		<buildingScore value='2675'/>
		<razingScore value='3750'/>
		<mineralScore value='19550'/>
		<gasScore value='11436'/>
		<totalScore value='108711'/>
	</enemy>

	<scoreRatio value='1.29639'/>
	<timeFitness value='0.5'/>
	<unitsAverage value='134'/>
</results>
