<results>
	<result value='win'/>
	<start value='2015-05-07.16:24:04'/>
	<end value='2015-05-07.16:24:43'/>
	<frames value='25918'/>
	<gameDuration value='1619'/>

	<player>
		<unitScore value='12225'/>
		<killScore value='20100'/>
		<buildingScore value='3975'/>
		<razingScore value='9225'/>
		<mineralScore value='18802'/>
		<gasScore value='2392'/>
		<totalScore value='66719'/>
	</player>

	<enemy>
		<race value='Terran'/>
		<unitScore value='10350'/>
		<unitScore value='10350'/>
		<killScore value='6400'/>
		<buildingScore value='3075'/>
		<razingScore value='1950'/>
		<mineralScore value='11074'/>
		<gasScore value='4640'/>
		<totalScore value='37489'/>
	</enemy>

	<scoreRatio value='1.7797'/>
	<timeFitness value='0.775139'/>
	<unitsAverage value='78'/>
</results>
