<results>
	<result value='win'/>
	<start value='2015-05-08.19:51:32'/>
	<end value='2015-05-08.19:52:01'/>
	<frames value='30630'/>
	<gameDuration value='1914'/>

	<player>
		<unitScore value='17000'/>
		<killScore value='22600'/>
		<buildingScore value='4825'/>
		<razingScore value='6825'/>
		<mineralScore value='30018'/>
		<gasScore value='3576'/>
		<totalScore value='84844'/>
	</player>

	<enemy>
		<race value='Terran'/>
		<unitScore value='11300'/>
		<unitScore value='11300'/>
		<killScore value='12200'/>
		<buildingScore value='2275'/>
		<razingScore value='1950'/>
		<mineralScore value='10838'/>
		<gasScore value='3376'/>
		<totalScore value='41939'/>
	</enemy>

	<scoreRatio value='2.02303'/>
	<timeFitness value='0.734167'/>
	<unitsAverage value='98'/>
</results>
