<results>
	<result value='win'/>
	<start value='2015-05-21.15:58:34'/>
	<end value='2015-05-21.15:58:58'/>
	<frames value='24492'/>
	<gameDuration value='1530'/>

	<player>
		<unitScore value='13975'/>
		<killScore value='21050'/>
		<buildingScore value='3550'/>
		<razingScore value='6930'/>
		<mineralScore value='20726'/>
		<gasScore value='2064'/>
		<totalScore value='68295'/>
	</player>

	<enemy>
		<race value='Zerg'/>
		<unitScore value='10250'/>
		<killScore value='9450'/>
		<buildingScore value='2310'/>
		<razingScore value='0'/>
		<mineralScore value='9834'/>
		<gasScore value='3000'/>
		<totalScore value='34844'/>
	</enemy>

	<scoreRatio value='1.96002'/>
	<timeFitness value='0.7875'/>
	<unitsAverage value='85'/>
</results>
