<results>
	<result value='loss'/>
	<start value='2015-05-21.16:00:09'/>
	<end value='2015-05-21.16:00:36'/>
	<frames value='33234'/>
	<gameDuration value='2077'/>

	<player>
		<unitScore value='13050'/>
		<killScore value='21050'/>
		<buildingScore value='3175'/>
		<razingScore value='0'/>
		<mineralScore value='16178'/>
		<gasScore value='2400'/>
		<totalScore value='55853'/>
	</player>

	<enemy>
		<race value='Zerg'/>
		<unitScore value='22250'/>
		<killScore value='26100'/>
		<buildingScore value='4620'/>
		<razingScore value='9525'/>
		<mineralScore value='21430'/>
		<gasScore value='8060'/>
		<totalScore value='91985'/>
	</enemy>

	<scoreRatio value='0.607197'/>
	<timeFitness value='0.288472'/>
	<unitsAverage value='61'/>
</results>
