<results>
	<result value='win'/>
	<start value='2015-05-21.16:01:59'/>
	<end value='2015-05-21.16:02:38'/>
	<frames value='29700'/>
	<gameDuration value='1856'/>

	<player>
		<unitScore value='17250'/>
		<killScore value='31205'/>
		<buildingScore value='3925'/>
		<razingScore value='5115'/>
		<mineralScore value='32002'/>
		<gasScore value='2960'/>
		<totalScore value='92457'/>
	</player>

	<enemy>
		<race value='Zerg'/>
		<unitScore value='13775'/>
		<killScore value='11600'/>
		<buildingScore value='1705'/>
		<razingScore value='0'/>
		<mineralScore value='13046'/>
		<gasScore value='4760'/>
		<totalScore value='44886'/>
	</enemy>

	<scoreRatio value='2.05982'/>
	<timeFitness value='0.742222'/>
	<unitsAverage value='113'/>
</results>
