<results>
	<result value='loss'/>
	<start value='2015-05-21.16:06:36'/>
	<end value='2015-05-21.16:06:55'/>
	<frames value='26321'/>
	<gameDuration value='1645'/>

	<player>
		<unitScore value='8450'/>
		<killScore value='13750'/>
		<buildingScore value='2675'/>
		<razingScore value='240'/>
		<mineralScore value='10858'/>
		<gasScore value='1720'/>
		<totalScore value='37693'/>
	</player>

	<enemy>
		<race value='Zerg'/>
		<unitScore value='14675'/>
		<killScore value='16900'/>
		<buildingScore value='3205'/>
		<razingScore value='8025'/>
		<mineralScore value='14666'/>
		<gasScore value='5080'/>
		<totalScore value='62551'/>
	</enemy>

	<scoreRatio value='0.602596'/>
	<timeFitness value='0.228472'/>
	<unitsAverage value='41'/>
</results>
