<results>
	<result value='win'/>
	<start value='2015-05-21.16:10:01'/>
	<end value='2015-05-21.16:10:32'/>
	<frames value='27995'/>
	<gameDuration value='1749'/>

	<player>
		<unitScore value='15800'/>
		<killScore value='24455'/>
		<buildingScore value='4425'/>
		<razingScore value='8310'/>
		<mineralScore value='23394'/>
		<gasScore value='2544'/>
		<totalScore value='78928'/>
	</player>

	<enemy>
		<race value='Zerg'/>
		<unitScore value='10850'/>
		<killScore value='12100'/>
		<buildingScore value='2770'/>
		<razingScore value='150'/>
		<mineralScore value='11362'/>
		<gasScore value='3696'/>
		<totalScore value='40928'/>
	</enemy>

	<scoreRatio value='1.92846'/>
	<timeFitness value='0.757083'/>
	<unitsAverage value='93'/>
</results>
