<results>
	<result value='win'/>
	<start value='2015-05-21.16:12:51'/>
	<end value='2015-05-21.16:13:36'/>
	<frames value='33637'/>
	<gameDuration value='2102'/>

	<player>
		<unitScore value='23975'/>
		<killScore value='39190'/>
		<buildingScore value='4225'/>
		<razingScore value='7335'/>
		<mineralScore value='33826'/>
		<gasScore value='3592'/>
		<totalScore value='112143'/>
	</player>

	<enemy>
		<race value='Zerg'/>
		<unitScore value='17100'/>
		<killScore value='24650'/>
		<buildingScore value='2445'/>
		<razingScore value='150'/>
		<mineralScore value='15222'/>
		<gasScore value='4544'/>
		<totalScore value='64111'/>
	</enemy>

	<scoreRatio value='1.7492'/>
	<timeFitness value='0.708056'/>
	<unitsAverage value='113'/>
</results>
