<results>
	<result value='draw'/>
	<start value='2015-07-16.06:53:02'/>
	<end value='2015-07-16.06:54:07'/>
	<frames value='57601'/>
	<gameDuration value='3600'/>

	<player>
		<unitScore value='30125'/>
		<killScore value='15250'/>
		<buildingScore value='2750'/>
		<razingScore value='600'/>
		<mineralScore value='22774'/>
		<gasScore value='7998'/>
		<totalScore value='79497'/>
	</player>

	<enemy>
		<race value='Terran'/>
		<unitScore value='21600'/>
		<killScore value='53050'/>
		<buildingScore value='4300'/>
		<razingScore value='3375'/>
		<mineralScore value='18786'/>
		<gasScore value='10556'/>
		<totalScore value='111667'/>
	</enemy>

	<scoreRatio value='0.711911'/>
	<timeFitness value='0.5'/>
	<unitsAverage value='80'/>
</results>
