<results>
	<result value='win'/>
	<start value='2015-07-16.06:54:52'/>
	<end value='2015-07-16.06:56:53'/>
	<frames value='49943'/>
	<gameDuration value='3121'/>

	<player>
		<unitScore value='37700'/>
		<killScore value='24800'/>
		<buildingScore value='4700'/>
		<razingScore value='9375'/>
		<mineralScore value='49090'/>
		<gasScore value='8428'/>
		<totalScore value='134093'/>
	</player>

	<enemy>
		<race value='Terran'/>
		<unitScore value='13300'/>
		<killScore value='49750'/>
		<buildingScore value='3125'/>
		<razingScore value='2025'/>
		<mineralScore value='12050'/>
		<gasScore value='5752'/>
		<totalScore value='86002'/>
	</enemy>

	<scoreRatio value='1.55918'/>
	<timeFitness value='0.566528'/>
	<unitsAverage value='127'/>
</results>
