<results>
	<result value='loss'/>
	<start value='2015-07-16.07:07:55'/>
	<end value='2015-07-16.07:08:30'/>
	<frames value='29979'/>
	<gameDuration value='1873'/>

	<player>
		<unitScore value='16425'/>
		<killScore value='5100'/>
		<buildingScore value='4250'/>
		<razingScore value='0'/>
		<mineralScore value='20970'/>
		<gasScore value='1632'/>
		<totalScore value='48377'/>
	</player>

	<enemy>
		<race value='Terran'/>
		<unitScore value='8600'/>
		<killScore value='29750'/>
		<buildingScore value='3825'/>
		<razingScore value='12750'/>
		<mineralScore value='12194'/>
		<gasScore value='5166'/>
		<totalScore value='72285'/>
	</enemy>

	<scoreRatio value='0.669254'/>
	<timeFitness value='0.260139'/>
	<unitsAverage value='67'/>
</results>
