<results>
	<result value='loss'/>
	<start value='2015-07-16.07:08:40'/>
	<end value='2015-07-16.07:08:56'/>
	<frames value='22539'/>
	<gameDuration value='1408'/>

	<player>
		<unitScore value='7450'/>
		<killScore value='2850'/>
		<buildingScore value='3000'/>
		<razingScore value='0'/>
		<mineralScore value='9794'/>
		<gasScore value='1360'/>
		<totalScore value='24454'/>
	</player>

	<enemy>
		<race value='Terran'/>
		<unitScore value='8175'/>
		<killScore value='13350'/>
		<buildingScore value='3300'/>
		<razingScore value='9000'/>
		<mineralScore value='10770'/>
		<gasScore value='4080'/>
		<totalScore value='48675'/>
	</enemy>

	<scoreRatio value='0.502393'/>
	<timeFitness value='0.195556'/>
	<unitsAverage value='34'/>
</results>
