<results>
	<result value='loss'/>
	<start value='2015-05-09.07:41:53'/>
	<end value='2015-05-09.07:42:01'/>
	<frames value='16494'/>
	<gameDuration value='1030'/>

	<player>
		<unitScore value='4125'/>
		<killScore value='450'/>
		<buildingScore value='1475'/>
		<razingScore value='0'/>
		<mineralScore value='5026'/>
		<gasScore value='624'/>
		<totalScore value='11700'/>
	</player>

	<enemy>
		<race value='Terran'/>
		<unitScore value='5450'/>
		<unitScore value='5450'/>
		<killScore value='8250'/>
		<buildingScore value='1950'/>
		<razingScore value='4425'/>
		<mineralScore value='7602'/>
		<gasScore value='2616'/>
		<totalScore value='30293'/>
	</enemy>

	<scoreRatio value='0.386228'/>
	<timeFitness value='0.143056'/>
	<unitsAverage value='22'/>
</results>
