<results>
	<result value='draw'/>
	<start value='2015-05-05.05:56:46'/>
	<end value='2015-05-05.05:58:11'/>
	<frames value='57601'/>
	<gameDuration value='3600'/>

	<player>
		<unitScore value='30700'/>
		<killScore value='39250'/>
		<buildingScore value='3600'/>
		<razingScore value='0'/>
		<mineralScore value='31494'/>
		<gasScore value='4200'/>
		<totalScore value='109244'/>
	</player>

	<enemy>
		<race value='Terran'/>
		<unitScore value='27700'/>
		<unitScore value='27700'/>
		<killScore value='47350'/>
		<buildingScore value='4075'/>
		<razingScore value='375'/>
		<mineralScore value='19550'/>
		<gasScore value='12188'/>
		<totalScore value='111238'/>
	</enemy>

	<scoreRatio value='0.982074'/>
	<timeFitness value='0.5'/>
	<unitsAverage value='124'/>
</results>
