<results>
	<result value='win'/>
	<start value='2015-05-09.07:51:11'/>
	<end value='2015-05-09.07:52:16'/>
	<frames value='49106'/>
	<gameDuration value='3069'/>

	<player>
		<unitScore value='30400'/>
		<killScore value='43750'/>
		<buildingScore value='4700'/>
		<razingScore value='13275'/>
		<mineralScore value='41330'/>
		<gasScore value='3546'/>
		<totalScore value='137001'/>
	</player>

	<enemy>
		<race value='Terran'/>
		<unitScore value='25875'/>
		<unitScore value='25875'/>
		<killScore value='37650'/>
		<buildingScore value='4425'/>
		<razingScore value='3600'/>
		<mineralScore value='19550'/>
		<gasScore value='11236'/>
		<totalScore value='102336'/>
	</enemy>

	<scoreRatio value='1.33874'/>
	<timeFitness value='0.57375'/>
	<unitsAverage value='114'/>
</results>
