<results>
	<result value='win'/>
	<start value='2015-05-05.03:09:40'/>
	<end value='2015-05-05.03:10:45'/>
	<frames value='29080'/>
	<gameDuration value='1817'/>

	<player>
		<unitScore value='19750'/>
		<killScore value='28955'/>
		<buildingScore value='4375'/>
		<razingScore value='6600'/>
		<mineralScore value='26698'/>
		<gasScore value='2248'/>
		<totalScore value='88626'/>
	</player>

	<enemy>
		<race value='Zerg'/>
		<unitScore value='13400'/>
		<unitScore value='13400'/>
		<killScore value='13550'/>
		<buildingScore value='2200'/>
		<razingScore value='0'/>
		<mineralScore value='13098'/>
		<gasScore value='4408'/>
		<totalScore value='46656'/>
	</enemy>

	<scoreRatio value='1.89956'/>
	<timeFitness value='0.747639'/>
	<unitsAverage value='111'/>
</results>
