<results>
	<result value='loss'/>
	<start value='2015-07-13.04:33:48'/>
	<end value='2015-07-13.04:34:00'/>
	<frames value='20183'/>
	<gameDuration value='1261'/>

	<player>
		<unitScore value='6350'/>
		<killScore value='3800'/>
		<buildingScore value='1625'/>
		<razingScore value='300'/>
		<mineralScore value='8178'/>
		<gasScore value='704'/>
		<totalScore value='20957'/>
	</player>

	<enemy>
		<race value='Protoss'/>
		<unitScore value='5925'/>
		<killScore value='12700'/>
		<buildingScore value='3475'/>
		<razingScore value='4875'/>
		<mineralScore value='10458'/>
		<gasScore value='2032'/>
		<totalScore value='39465'/>
	</enemy>

	<scoreRatio value='0.531027'/>
	<timeFitness value='0.175139'/>
	<unitsAverage value='30'/>
</results>
