<results>
	<result value='draw'/>
	<start value='2015-07-13.04:39:54'/>
	<end value='2015-07-13.04:41:53'/>
	<frames value='57601'/>
	<gameDuration value='3600'/>

	<player>
		<unitScore value='41225'/>
		<killScore value='26650'/>
		<buildingScore value='3400'/>
		<razingScore value='1650'/>
		<mineralScore value='31518'/>
		<gasScore value='7626'/>
		<totalScore value='112069'/>
	</player>

	<enemy>
		<race value='Protoss'/>
		<unitScore value='34525'/>
		<killScore value='64350'/>
		<buildingScore value='6875'/>
		<razingScore value='600'/>
		<mineralScore value='31498'/>
		<gasScore value='10766'/>
		<totalScore value='148614'/>
	</enemy>

	<scoreRatio value='0.754094'/>
	<timeFitness value='0.5'/>
	<unitsAverage value='129'/>
</results>
