<results>
	<result value='loss'/>
	<start value='2015-07-13.04:48:08'/>
	<end value='2015-07-13.04:48:58'/>
	<frames value='44301'/>
	<gameDuration value='2768'/>

	<player>
		<unitScore value='23025'/>
		<killScore value='14100'/>
		<buildingScore value='3600'/>
		<razingScore value='1650'/>
		<mineralScore value='30134'/>
		<gasScore value='3176'/>
		<totalScore value='75685'/>
	</player>

	<enemy>
		<race value='Protoss'/>
		<unitScore value='25150'/>
		<killScore value='46050'/>
		<buildingScore value='8475'/>
		<razingScore value='10800'/>
		<mineralScore value='28618'/>
		<gasScore value='9224'/>
		<totalScore value='128317'/>
	</enemy>

	<scoreRatio value='0.589828'/>
	<timeFitness value='0.384444'/>
	<unitsAverage value='74'/>
</results>
