<results>
	<result value='win'/>
	<start value='2015-05-11.03:39:48'/>
	<end value='2015-05-11.03:40:34'/>
	<frames value='29297'/>
	<gameDuration value='1831'/>

	<player>
		<unitScore value='20650'/>
		<killScore value='37345'/>
		<buildingScore value='3800'/>
		<razingScore value='6495'/>
		<mineralScore value='24118'/>
		<gasScore value='1720'/>
		<totalScore value='94128'/>
	</player>

	<enemy>
		<race value='Zerg'/>
		<unitScore value='16400'/>
		<unitScore value='16400'/>
		<killScore value='17700'/>
		<buildingScore value='2165'/>
		<razingScore value='0'/>
		<mineralScore value='14726'/>
		<gasScore value='4512'/>
		<totalScore value='55503'/>
	</enemy>

	<scoreRatio value='1.69591'/>
	<timeFitness value='0.745694'/>
	<unitsAverage value='96'/>
</results>
