<results>
	<result value='win'/>
	<start value='2015-05-11.03:58:44'/>
	<end value='2015-05-11.03:59:37'/>
	<frames value='29576'/>
	<gameDuration value='1848'/>

	<player>
		<unitScore value='22225'/>
		<killScore value='39790'/>
		<buildingScore value='4475'/>
		<razingScore value='6135'/>
		<mineralScore value='30018'/>
		<gasScore value='2032'/>
		<totalScore value='104675'/>
	</player>

	<enemy>
		<race value='Zerg'/>
		<unitScore value='17525'/>
		<unitScore value='17525'/>
		<killScore value='20500'/>
		<buildingScore value='2045'/>
		<razingScore value='0'/>
		<mineralScore value='14514'/>
		<gasScore value='4352'/>
		<totalScore value='58936'/>
	</enemy>

	<scoreRatio value='1.77608'/>
	<timeFitness value='0.743333'/>
	<unitsAverage value='115'/>
</results>
