<results>
	<result value='draw'/>
	<start value='2015-05-09.18:20:51'/>
	<end value='2015-05-09.18:22:14'/>
	<frames value='57601'/>
	<gameDuration value='3600'/>

	<player>
		<unitScore value='29100'/>
		<killScore value='24400'/>
		<buildingScore value='3600'/>
		<razingScore value='21975'/>
		<mineralScore value='37474'/>
		<gasScore value='5088'/>
		<totalScore value='121637'/>
	</player>

	<enemy>
		<race value='Protoss'/>
		<unitScore value='12650'/>
		<unitScore value='12650'/>
		<killScore value='33550'/>
		<buildingScore value='7725'/>
		<razingScore value='600'/>
		<mineralScore value='23502'/>
		<gasScore value='5608'/>
		<totalScore value='83635'/>
	</enemy>

	<scoreRatio value='1.45438'/>
	<timeFitness value='0.5'/>
	<unitsAverage value='136'/>
</results>
