<results>
	<result value='win'/>
	<start value='2015-05-02.17:00:12'/>
	<end value='2015-05-02.17:00:53'/>
	<frames value='33916'/>
	<gameDuration value='2119'/>

	<player>
		<unitScore value='26225'/>
		<killScore value='17950'/>
		<buildingScore value='4000'/>
		<razingScore value='18825'/>
		<mineralScore value='31590'/>
		<gasScore value='3616'/>
		<totalScore value='102206'/>
	</player>

	<enemy>
		<race value='Protoss'/>
		<unitScore value='8975'/>
		<unitScore value='8975'/>
		<killScore value='29150'/>
		<buildingScore value='6275'/>
		<razingScore value='0'/>
		<mineralScore value='19378'/>
		<gasScore value='3072'/>
		<totalScore value='66850'/>
	</enemy>

	<scoreRatio value='1.52889'/>
	<timeFitness value='0.705694'/>
	<unitsAverage value='127'/>
</results>
