<results>
	<result value='loss'/>
	<start value='2015-05-02.17:00:56'/>
	<end value='2015-05-02.17:01:04'/>
	<frames value='17486'/>
	<gameDuration value='1092'/>

	<player>
		<unitScore value='3400'/>
		<killScore value='1000'/>
		<buildingScore value='1225'/>
		<razingScore value='0'/>
		<mineralScore value='4898'/>
		<gasScore value='608'/>
		<totalScore value='11131'/>
	</player>

	<enemy>
		<race value='Protoss'/>
		<unitScore value='4300'/>
		<unitScore value='4300'/>
		<killScore value='6800'/>
		<buildingScore value='3925'/>
		<razingScore value='3675'/>
		<mineralScore value='8802'/>
		<gasScore value='2176'/>
		<totalScore value='29678'/>
	</enemy>

	<scoreRatio value='0.375059'/>
	<timeFitness value='0.151667'/>
	<unitsAverage value='22'/>
</results>
