<results>
	<result value='win'/>
	<start value='2015-05-02.17:01:50'/>
	<end value='2015-05-02.17:02:17'/>
	<frames value='29111'/>
	<gameDuration value='1819'/>

	<player>
		<unitScore value='18400'/>
		<killScore value='12700'/>
		<buildingScore value='3975'/>
		<razingScore value='12900'/>
		<mineralScore value='24122'/>
		<gasScore value='3368'/>
		<totalScore value='75465'/>
	</player>

	<enemy>
		<race value='Protoss'/>
		<unitScore value='6350'/>
		<unitScore value='6350'/>
		<killScore value='15400'/>
		<buildingScore value='4300'/>
		<razingScore value='0'/>
		<mineralScore value='17878'/>
		<gasScore value='928'/>
		<totalScore value='44856'/>
	</enemy>

	<scoreRatio value='1.68238'/>
	<timeFitness value='0.747361'/>
	<unitsAverage value='97'/>
</results>
