<results>
	<result value='win'/>
	<start value='2015-05-09.18:30:07'/>
	<end value='2015-05-09.18:30:32'/>
	<frames value='31219'/>
	<gameDuration value='1951'/>

	<player>
		<unitScore value='17575'/>
		<killScore value='17300'/>
		<buildingScore value='4375'/>
		<razingScore value='20025'/>
		<mineralScore value='24538'/>
		<gasScore value='3240'/>
		<totalScore value='87053'/>
	</player>

	<enemy>
		<race value='Protoss'/>
		<unitScore value='8700'/>
		<unitScore value='8700'/>
		<killScore value='15600'/>
		<buildingScore value='6675'/>
		<razingScore value='1500'/>
		<mineralScore value='14682'/>
		<gasScore value='4424'/>
		<totalScore value='51581'/>
	</enemy>

	<scoreRatio value='1.6877'/>
	<timeFitness value='0.729028'/>
	<unitsAverage value='90'/>
</results>
