<results>
	<result value='loss'/>
	<start value='2015-07-18.02:58:34'/>
	<end value='2015-07-18.02:59:19'/>
	<frames value='37853'/>
	<gameDuration value='2365'/>

	<player>
		<unitScore value='21375'/>
		<killScore value='11100'/>
		<buildingScore value='2850'/>
		<razingScore value='1800'/>
		<mineralScore value='22094'/>
		<gasScore value='2984'/>
		<totalScore value='62203'/>
	</player>

	<enemy>
		<race value='Protoss'/>
		<unitScore value='22750'/>
		<killScore value='40150'/>
		<buildingScore value='7725'/>
		<razingScore value='8550'/>
		<mineralScore value='25330'/>
		<gasScore value='7692'/>
		<totalScore value='112197'/>
	</enemy>

	<scoreRatio value='0.554409'/>
	<timeFitness value='0.328472'/>
	<unitsAverage value='71'/>
</results>
