<results>
	<result value='loss'/>
	<start value='2015-04-16.22:40:26'/>
	<end value='2015-04-16.22:40:38'/>
	<frames value='14944'/>
	<gameDuration value='934'/>

	<player>
		<unitScore value='2925'/>
		<killScore value='600'/>
		<buildingScore value='1475'/>
		<razingScore value='0'/>
		<mineralScore value='4474'/>
		<gasScore value='688'/>
		<totalScore value='10162'/>
	</player>

	<enemy>
		<race value='Protoss'/>
		<unitScore value='3550'/>
		<unitScore value='3550'/>
		<killScore value='5850'/>
		<buildingScore value='2675'/>
		<razingScore value='4425'/>
		<mineralScore value='7914'/>
		<gasScore value='1432'/>
		<totalScore value='25846'/>
	</enemy>

	<scoreRatio value='0.393175'/>
</results>
