<results>
	<result value='loss'/>
	<start value='2015-04-12.05:10:04'/>
	<end value='2015-04-12.05:10:17'/>
	<frames value='15440'/>
	<gameDuration value='965'/>

	<player>
		<unitScore value='2125'/>
		<killScore value='800'/>
		<buildingScore value='1075'/>
		<razingScore value='0'/>
		<mineralScore value='3066'/>
		<gasScore value='480'/>
		<totalScore value='7546'/>
	</player>

	<enemy>
		<race value='Protoss'/>
		<unitScore value='3550'/>
		<unitScore value='3550'/>
		<killScore value='4250'/>
		<buildingScore value='3075'/>
		<razingScore value='3225'/>
		<mineralScore value='7914'/>
		<gasScore value='1400'/>
		<totalScore value='23414'/>
	</enemy>

	<scoreRatio value='0.322286'/>
</results>
