<results>
	<result value='loss'/>
	<start value='2015-04-12.05:17:20'/>
	<end value='2015-04-12.05:17:32'/>
	<frames value='14696'/>
	<gameDuration value='918'/>

	<player>
		<unitScore value='2150'/>
		<killScore value='100'/>
		<buildingScore value='1200'/>
		<razingScore value='0'/>
		<mineralScore value='3570'/>
		<gasScore value='0'/>
		<totalScore value='7020'/>
	</player>

	<enemy>
		<race value='Protoss'/>
		<unitScore value='4050'/>
		<unitScore value='4050'/>
		<killScore value='4300'/>
		<buildingScore value='2575'/>
		<razingScore value='3600'/>
		<mineralScore value='7450'/>
		<gasScore value='1480'/>
		<totalScore value='23455'/>
	</enemy>

	<scoreRatio value='0.299297'/>
</results>
