<results>
	<result value='loss'/>
	<start value='2015-04-12.05:19:40'/>
	<end value='2015-04-12.05:20:07'/>
	<frames value='28925'/>
	<gameDuration value='1807'/>

	<player>
		<unitScore value='6600'/>
		<killScore value='3300'/>
		<buildingScore value='1325'/>
		<razingScore value='0'/>
		<mineralScore value='7930'/>
		<gasScore value='1984'/>
		<totalScore value='21139'/>
	</player>

	<enemy>
		<race value='Protoss'/>
		<unitScore value='13425'/>
		<unitScore value='13425'/>
		<killScore value='13200'/>
		<buildingScore value='6925'/>
		<razingScore value='3975'/>
		<mineralScore value='17822'/>
		<gasScore value='6696'/>
		<totalScore value='62043'/>
	</enemy>

	<scoreRatio value='0.340715'/>
</results>
