<results>
	<result value='win'/>
	<start value='2015-04-27.17:13:07'/>
	<end value='2015-04-27.17:13:41'/>
	<frames value='24151'/>
	<gameDuration value='1509'/>

	<player>
		<unitScore value='14000'/>
		<killScore value='23650'/>
		<buildingScore value='3975'/>
		<razingScore value='6825'/>
		<mineralScore value='23466'/>
		<gasScore value='1792'/>
		<totalScore value='73708'/>
	</player>

	<enemy>
		<race value='Terran'/>
		<unitScore value='11825'/>
		<unitScore value='11825'/>
		<killScore value='8950'/>
		<buildingScore value='2350'/>
		<razingScore value='0'/>
		<mineralScore value='10706'/>
		<gasScore value='3768'/>
		<totalScore value='37599'/>
	</enemy>

	<scoreRatio value='1.96037'/>
</results>
