<results>
	<result value='win'/>
	<start value='2015-05-05.06:19:53'/>
	<end value='2015-05-05.06:20:06'/>
	<frames value='22105'/>
	<gameDuration value='1381'/>

	<player>
		<unitScore value='8925'/>
		<killScore value='13150'/>
		<buildingScore value='2725'/>
		<razingScore value='6150'/>
		<mineralScore value='11738'/>
		<gasScore value='2112'/>
		<totalScore value='44800'/>
	</player>

	<enemy>
		<race value='Terran'/>
		<unitScore value='6575'/>
		<unitScore value='6575'/>
		<killScore value='9300'/>
		<buildingScore value='2050'/>
		<razingScore value='2700'/>
		<mineralScore value='9714'/>
		<gasScore value='2984'/>
		<totalScore value='33323'/>
	</enemy>

	<scoreRatio value='1.34442'/>
	<timeFitness value='0.808194'/>
	<unitsAverage value='49'/>
</results>
