<results>
	<result value='win'/>
	<start value='2015-05-05.06:20:36'/>
	<end value='2015-05-05.06:20:58'/>
	<frames value='28894'/>
	<gameDuration value='1805'/>

	<player>
		<unitScore value='13975'/>
		<killScore value='25250'/>
		<buildingScore value='3100'/>
		<razingScore value='10125'/>
		<mineralScore value='17898'/>
		<gasScore value='2272'/>
		<totalScore value='72620'/>
	</player>

	<enemy>
		<race value='Terran'/>
		<unitScore value='14625'/>
		<unitScore value='14625'/>
		<killScore value='11100'/>
		<buildingScore value='3375'/>
		<razingScore value='675'/>
		<mineralScore value='12902'/>
		<gasScore value='5936'/>
		<totalScore value='48613'/>
	</enemy>

	<scoreRatio value='1.49384'/>
	<timeFitness value='0.749306'/>
	<unitsAverage value='72'/>
</results>
