<results>
	<result value='win'/>
	<start value='2015-05-07.02:27:10'/>
	<end value='2015-05-07.02:27:38'/>
	<frames value='30847'/>
	<gameDuration value='1927'/>

	<player>
		<unitScore value='16625'/>
		<killScore value='28950'/>
		<buildingScore value='4400'/>
		<razingScore value='7575'/>
		<mineralScore value='22802'/>
		<gasScore value='3152'/>
		<totalScore value='83504'/>
	</player>

	<enemy>
		<race value='Terran'/>
		<unitScore value='14475'/>
		<unitScore value='14475'/>
		<killScore value='15650'/>
		<buildingScore value='2600'/>
		<razingScore value='1725'/>
		<mineralScore value='12050'/>
		<gasScore value='5058'/>
		<totalScore value='51558'/>
	</enemy>

	<scoreRatio value='1.61961'/>
	<timeFitness value='0.732361'/>
	<unitsAverage value='82'/>
</results>
