<results>
	<result value='loss'/>
	<start value='2015-05-07.02:25:30'/>
	<end value='2015-05-07.02:25:41'/>
	<frames value='19873'/>
	<gameDuration value='1242'/>

	<player>
		<unitScore value='5375'/>
		<killScore value='3600'/>
		<buildingScore value='2125'/>
		<razingScore value='0'/>
		<mineralScore value='7650'/>
		<gasScore value='1048'/>
		<totalScore value='19798'/>
	</player>

	<enemy>
		<race value='Terran'/>
		<unitScore value='7625'/>
		<unitScore value='7625'/>
		<killScore value='10750'/>
		<buildingScore value='2900'/>
		<razingScore value='6375'/>
		<mineralScore value='9258'/>
		<gasScore value='3520'/>
		<totalScore value='40428'/>
	</enemy>

	<scoreRatio value='0.48971'/>
	<timeFitness value='0.1725'/>
	<unitsAverage value='33'/>
</results>
