<results>
	<result value='win'/>
	<start value='2015-05-07.02:29:22'/>
	<end value='2015-05-07.02:29:33'/>
	<frames value='16370'/>
	<gameDuration value='1023'/>

	<player>
		<unitScore value='5775'/>
		<killScore value='10500'/>
		<buildingScore value='2100'/>
		<razingScore value='4350'/>
		<mineralScore value='9178'/>
		<gasScore value='1304'/>
		<totalScore value='33207'/>
	</player>

	<enemy>
		<race value='Terran'/>
		<unitScore value='5250'/>
		<unitScore value='5250'/>
		<killScore value='2300'/>
		<buildingScore value='1450'/>
		<razingScore value='600'/>
		<mineralScore value='6642'/>
		<gasScore value='1832'/>
		<totalScore value='18074'/>
	</enemy>

	<scoreRatio value='1.83728'/>
	<timeFitness value='0.857917'/>
	<unitsAverage value='46'/>
</results>
