<results>
	<result value='loss'/>
	<start value='2015-05-07.02:36:02'/>
	<end value='2015-05-07.02:36:10'/>
	<frames value='15378'/>
	<gameDuration value='961'/>

	<player>
		<unitScore value='3275'/>
		<killScore value='400'/>
		<buildingScore value='1400'/>
		<razingScore value='0'/>
		<mineralScore value='4202'/>
		<gasScore value='544'/>
		<totalScore value='9821'/>
	</player>

	<enemy>
		<race value='Terran'/>
		<unitScore value='4925'/>
		<unitScore value='4925'/>
		<killScore value='6550'/>
		<buildingScore value='1500'/>
		<razingScore value='4200'/>
		<mineralScore value='6962'/>
		<gasScore value='2360'/>
		<totalScore value='26497'/>
	</enemy>

	<scoreRatio value='0.370646'/>
	<timeFitness value='0.133472'/>
	<unitsAverage value='21'/>
</results>
