<results>
	<result value='win'/>
	<start value='2015-05-07.02:36:54'/>
	<end value='2015-05-07.02:37:48'/>
	<frames value='36210'/>
	<gameDuration value='2263'/>

	<player>
		<unitScore value='26900'/>
		<killScore value='26000'/>
		<buildingScore value='4350'/>
		<razingScore value='9825'/>
		<mineralScore value='44694'/>
		<gasScore value='4648'/>
		<totalScore value='116417'/>
	</player>

	<enemy>
		<race value='Terran'/>
		<unitScore value='13600'/>
		<unitScore value='13600'/>
		<killScore value='30800'/>
		<buildingScore value='3375'/>
		<razingScore value='0'/>
		<mineralScore value='12058'/>
		<gasScore value='5168'/>
		<totalScore value='65001'/>
	</enemy>

	<scoreRatio value='1.791'/>
	<timeFitness value='0.685694'/>
	<unitsAverage value='141'/>
</results>
