<results>
	<result value='win'/>
	<start value='2015-05-07.02:44:23'/>
	<end value='2015-05-07.02:45:08'/>
	<frames value='33327'/>
	<gameDuration value='2082'/>

	<player>
		<unitScore value='22900'/>
		<killScore value='35750'/>
		<buildingScore value='4800'/>
		<razingScore value='9300'/>
		<mineralScore value='34638'/>
		<gasScore value='2896'/>
		<totalScore value='110284'/>
	</player>

	<enemy>
		<race value='Terran'/>
		<unitScore value='17875'/>
		<unitScore value='17875'/>
		<killScore value='22650'/>
		<buildingScore value='3100'/>
		<razingScore value='1725'/>
		<mineralScore value='16810'/>
		<gasScore value='5126'/>
		<totalScore value='67286'/>
	</enemy>

	<scoreRatio value='1.63903'/>
	<timeFitness value='0.710833'/>
	<unitsAverage value='119'/>
</results>
