<results>
	<result value='loss'/>
	<start value='2015-04-29.13:31:00'/>
	<end value='2015-04-29.13:31:03'/>
	<frames value='6543'/>
	<gameDuration value='408'/>

	<player>
		<unitScore value='1050'/>
		<killScore value='0'/>
		<buildingScore value='625'/>
		<razingScore value='0'/>
		<mineralScore value='1490'/>
		<gasScore value='144'/>
		<totalScore value='3309'/>
	</player>

	<enemy>
		<race value='Zerg'/>
		<unitScore value='1100'/>
		<unitScore value='1100'/>
		<killScore value='1900'/>
		<buildingScore value='375'/>
		<razingScore value='1875'/>
		<mineralScore value='1554'/>
		<gasScore value='0'/>
		<totalScore value='6804'/>
	</enemy>

	<scoreRatio value='0.486332'/>
</results>
