<results>
	<result value='loss'/>
	<start value='2015-07-14.04:24:40'/>
	<end value='2015-07-14.04:24:48'/>
	<frames value='16463'/>
	<gameDuration value='1028'/>

	<player>
		<unitScore value='3825'/>
		<killScore value='900'/>
		<buildingScore value='1600'/>
		<razingScore value='0'/>
		<mineralScore value='4834'/>
		<gasScore value='600'/>
		<totalScore value='11759'/>
	</player>

	<enemy>
		<race value='Protoss'/>
		<unitScore value='4100'/>
		<killScore value='7100'/>
		<buildingScore value='3675'/>
		<razingScore value='4800'/>
		<mineralScore value='8450'/>
		<gasScore value='1840'/>
		<totalScore value='29965'/>
	</enemy>

	<scoreRatio value='0.392424'/>
	<timeFitness value='0.142778'/>
	<unitsAverage value='21'/>
</results>
