<results>
	<result value='loss'/>
	<start value='2015-07-14.04:34:47'/>
	<end value='2015-07-14.04:34:56'/>
	<frames value='16897'/>
	<gameDuration value='1056'/>

	<player>
		<unitScore value='3925'/>
		<killScore value='300'/>
		<buildingScore value='2050'/>
		<razingScore value='0'/>
		<mineralScore value='5434'/>
		<gasScore value='768'/>
		<totalScore value='12477'/>
	</player>

	<enemy>
		<race value='Protoss'/>
		<unitScore value='3650'/>
		<killScore value='7850'/>
		<buildingScore value='3925'/>
		<razingScore value='6150'/>
		<mineralScore value='8874'/>
		<gasScore value='1792'/>
		<totalScore value='32241'/>
	</enemy>

	<scoreRatio value='0.386992'/>
	<timeFitness value='0.146667'/>
	<unitsAverage value='22'/>
</results>
