<results>
	<result value='win'/>
	<start value='2015-05-01.00:22:47'/>
	<end value='2015-05-01.00:23:59'/>
	<frames value='44673'/>
	<gameDuration value='2792'/>

	<player>
		<unitScore value='14875'/>
		<killScore value='12150'/>
		<buildingScore value='6550'/>
		<razingScore value='6000'/>
		<mineralScore value='27450'/>
		<gasScore value='5040'/>
		<totalScore value='72065'/>
	</player>

	<enemy>
		<race value='Terran'/>
		<unitScore value='6075'/>
		<unitScore value='6075'/>
		<killScore value='5700'/>
		<buildingScore value='2000'/>
		<razingScore value='2550'/>
		<mineralScore value='8650'/>
		<gasScore value='2752'/>
		<totalScore value='27727'/>
	</enemy>

	<scoreRatio value='2.59909'/>
</results>
