<results>
	<result value='win'/>
	<start value='2015-05-01.00:27:19'/>
	<end value='2015-05-01.00:27:32'/>
	<frames value='19501'/>
	<gameDuration value='1218'/>

	<player>
		<unitScore value='7850'/>
		<killScore value='11600'/>
		<buildingScore value='2425'/>
		<razingScore value='4500'/>
		<mineralScore value='12114'/>
		<gasScore value='1968'/>
		<totalScore value='40457'/>
	</player>

	<enemy>
		<race value='Terran'/>
		<unitScore value='5800'/>
		<unitScore value='5800'/>
		<killScore value='3750'/>
		<buildingScore value='1500'/>
		<razingScore value='150'/>
		<mineralScore value='8674'/>
		<gasScore value='1960'/>
		<totalScore value='21834'/>
	</enemy>

	<scoreRatio value='1.85294'/>
</results>
