<results>
	<result value='loss'/>
	<start value='2015-05-01.00:29:41'/>
	<end value='2015-05-01.00:29:50'/>
	<frames value='18695'/>
	<gameDuration value='1168'/>

	<player>
		<unitScore value='2950'/>
		<killScore value='1650'/>
		<buildingScore value='1825'/>
		<razingScore value='0'/>
		<mineralScore value='4826'/>
		<gasScore value='584'/>
		<totalScore value='11835'/>
	</player>

	<enemy>
		<race value='Terran'/>
		<unitScore value='6975'/>
		<unitScore value='6975'/>
		<killScore value='5900'/>
		<buildingScore value='2900'/>
		<razingScore value='5475'/>
		<mineralScore value='8514'/>
		<gasScore value='3024'/>
		<totalScore value='32788'/>
	</enemy>

	<scoreRatio value='0.360955'/>
</results>
