<results>
	<result value='win'/>
	<start value='2015-05-01.00:30:18'/>
	<end value='2015-05-01.00:30:45'/>
	<frames value='29855'/>
	<gameDuration value='1865'/>

	<player>
		<unitScore value='17600'/>
		<killScore value='26000'/>
		<buildingScore value='4500'/>
		<razingScore value='9675'/>
		<mineralScore value='23986'/>
		<gasScore value='2600'/>
		<totalScore value='84361'/>
	</player>

	<enemy>
		<race value='Terran'/>
		<unitScore value='13000'/>
		<unitScore value='13000'/>
		<killScore value='15750'/>
		<buildingScore value='3225'/>
		<razingScore value='1575'/>
		<mineralScore value='11598'/>
		<gasScore value='4680'/>
		<totalScore value='49828'/>
	</enemy>

	<scoreRatio value='1.69304'/>
</results>
