<results>
	<result value='win'/>
	<start value='2015-05-01.00:34:04'/>
	<end value='2015-05-01.00:34:28'/>
	<frames value='25980'/>
	<gameDuration value='1623'/>

	<player>
		<unitScore value='16525'/>
		<killScore value='23050'/>
		<buildingScore value='3800'/>
		<razingScore value='8250'/>
		<mineralScore value='21642'/>
		<gasScore value='2032'/>
		<totalScore value='75299'/>
	</player>

	<enemy>
		<race value='Terran'/>
		<unitScore value='11525'/>
		<unitScore value='11525'/>
		<killScore value='15300'/>
		<buildingScore value='2750'/>
		<razingScore value='300'/>
		<mineralScore value='10650'/>
		<gasScore value='3992'/>
		<totalScore value='44517'/>
	</enemy>

	<scoreRatio value='1.69147'/>
</results>
