<results>
	<result value='draw'/>
	<start value='2015-05-01.00:51:16'/>
	<end value='2015-05-01.00:52:02'/>
	<frames value='57601'/>
	<gameDuration value='3600'/>

	<player>
		<unitScore value='28275'/>
		<killScore value='41400'/>
		<buildingScore value='3825'/>
		<razingScore value='1800'/>
		<mineralScore value='31234'/>
		<gasScore value='6304'/>
		<totalScore value='112838'/>
	</player>

	<enemy>
		<race value='Terran'/>
		<unitScore value='32725'/>
		<unitScore value='32725'/>
		<killScore value='51350'/>
		<buildingScore value='4675'/>
		<razingScore value='3975'/>
		<mineralScore value='25014'/>
		<gasScore value='12234'/>
		<totalScore value='129973'/>
	</enemy>

	<scoreRatio value='0.868165'/>
</results>
