<results>
	<result value='win'/>
	<start value='2015-03-31.13:37:02'/>
	<end value='2015-03-31.13:38:01'/>
	<frames value='50873'/>
	<gameDuration value='3179'/>

	<player>
		<unitScore value='28500'/>
		<killScore value='42050'/>
		<buildingScore value='3600'/>
		<razingScore value='19275'/>
		<mineralScore value='31234'/>
		<gasScore value='7124'/>
		<totalScore value='131783'/>
	</player>

	<enemy>
		<race value='Protoss'/>
		<unitScore value='21250'/>
		<unitScore value='21250'/>
		<killScore value='40700'/>
		<buildingScore value='6425'/>
		<razingScore value='1650'/>
		<mineralScore value='22954'/>
		<gasScore value='5618'/>
		<totalScore value='98597'/>
	</enemy>

	<scoreRatio value='1.33658'/>
</results>
