<results>
	<result value='win'/>
	<start value='2015-05-10.20:13:08'/>
	<end value='2015-05-10.20:13:48'/>
	<frames value='31157'/>
	<gameDuration value='1947'/>

	<player>
		<unitScore value='26425'/>
		<killScore value='41310'/>
		<buildingScore value='3925'/>
		<razingScore value='5280'/>
		<mineralScore value='33870'/>
		<gasScore value='3240'/>
		<totalScore value='114050'/>
	</player>

	<enemy>
		<race value='Zerg'/>
		<unitScore value='17300'/>
		<unitScore value='17300'/>
		<killScore value='29250'/>
		<buildingScore value='1760'/>
		<razingScore value='0'/>
		<mineralScore value='14650'/>
		<gasScore value='4256'/>
		<totalScore value='67216'/>
	</enemy>

	<scoreRatio value='1.69677'/>
	<timeFitness value='0.729583'/>
	<unitsAverage value='117'/>
</results>
