<results>
	<result value='loss'/>
	<start value='2015-07-14.06:18:57'/>
	<end value='2015-07-14.06:19:48'/>
	<frames value='51927'/>
	<gameDuration value='3245'/>

	<player>
		<unitScore value='26450'/>
		<killScore value='16950'/>
		<buildingScore value='3275'/>
		<razingScore value='1950'/>
		<mineralScore value='22314'/>
		<gasScore value='4736'/>
		<totalScore value='75675'/>
	</player>

	<enemy>
		<race value='Protoss'/>
		<unitScore value='34565'/>
		<killScore value='50350'/>
		<buildingScore value='9375'/>
		<razingScore value='9825'/>
		<mineralScore value='34198'/>
		<gasScore value='13866'/>
		<totalScore value='152179'/>
	</enemy>

	<scoreRatio value='0.497276'/>
	<timeFitness value='0.450694'/>
	<unitsAverage value='67'/>
</results>
