<results>
	<result value='loss'/>
	<start value='2014-07-24.01:39:04'/>
	<end value='2014-07-24.01:39:16'/>
	<frames value='25205'/>
	<gameDuration value='1575'/>

	<player>
		<unitScore value='5800'/>
		<killScore value='5900'/>
		<buildingScore value='2075'/>
		<razingScore value='0'/>
		<mineralScore value='7434'/>
		<gasScore value='1272'/>
		<totalScore value='22481'/>
	</player>

	<enemy>
		<race value='Terran'/>
		<unitScore value='10500'/>
		<unitScore value='10500'/>
		<killScore value='11600'/>
		<buildingScore value='4425'/>
		<razingScore value='6225'/>
		<mineralScore value='12810'/>
		<gasScore value='5728'/>
		<totalScore value='51288'/>
	</enemy>

	<scoreRatio value='0.438329'/>
</results>
