<results>
	<result value='loss'/>
	<start value='2015-04-10.12:50:48'/>
	<end value='2015-04-10.12:51:04'/>
	<frames value='29979'/>
	<gameDuration value='1873'/>

	<player>
		<unitScore value='7000'/>
		<killScore value='3650'/>
		<buildingScore value='2325'/>
		<razingScore value='0'/>
		<mineralScore value='9570'/>
		<gasScore value='704'/>
		<totalScore value='23249'/>
	</player>

	<enemy>
		<race value='Protoss'/>
		<unitScore value='14875'/>
		<unitScore value='14875'/>
		<killScore value='13500'/>
		<buildingScore value='6925'/>
		<razingScore value='6975'/>
		<mineralScore value='19358'/>
		<gasScore value='7584'/>
		<totalScore value='69217'/>
	</enemy>

	<scoreRatio value='0.335886'/>
</results>
