<results>
	<result value='loss'/>
	<start value='2015-04-10.12:55:36'/>
	<end value='2015-04-10.12:56:08'/>
	<frames value='43402'/>
	<gameDuration value='2712'/>

	<player>
		<unitScore value='18025'/>
		<killScore value='27300'/>
		<buildingScore value='2525'/>
		<razingScore value='300'/>
		<mineralScore value='19886'/>
		<gasScore value='2496'/>
		<totalScore value='70532'/>
	</player>

	<enemy>
		<race value='Protoss'/>
		<unitScore value='30250'/>
		<unitScore value='30250'/>
		<killScore value='36050'/>
		<buildingScore value='7075'/>
		<razingScore value='7575'/>
		<mineralScore value='31006'/>
		<gasScore value='9820'/>
		<totalScore value='121776'/>
	</enemy>

	<scoreRatio value='0.579195'/>
</results>
