<results>
	<result value='loss'/>
	<start value='2015-04-10.12:56:23'/>
	<end value='2015-04-10.12:56:32'/>
	<frames value='16339'/>
	<gameDuration value='1021'/>

	<player>
		<unitScore value='4300'/>
		<killScore value='2000'/>
		<buildingScore value='1800'/>
		<razingScore value='300'/>
		<mineralScore value='6818'/>
		<gasScore value='728'/>
		<totalScore value='15946'/>
	</player>

	<enemy>
		<race value='Protoss'/>
		<unitScore value='5125'/>
		<unitScore value='5125'/>
		<killScore value='8600'/>
		<buildingScore value='2525'/>
		<razingScore value='5400'/>
		<mineralScore value='8122'/>
		<gasScore value='2272'/>
		<totalScore value='32044'/>
	</enemy>

	<scoreRatio value='0.497628'/>
</results>
