<results>
	<result value='win'/>
	<start value='2015-04-08.02:30:49'/>
	<end value='2015-04-08.02:31:24'/>
	<frames value='35094'/>
	<gameDuration value='2193'/>

	<player>
		<unitScore value='19450'/>
		<killScore value='25750'/>
		<buildingScore value='3925'/>
		<razingScore value='18375'/>
		<mineralScore value='27978'/>
		<gasScore value='3560'/>
		<totalScore value='99038'/>
	</player>

	<enemy>
		<race value='Protoss'/>
		<unitScore value='14150'/>
		<unitScore value='14150'/>
		<killScore value='19700'/>
		<buildingScore value='6125'/>
		<razingScore value='1200'/>
		<mineralScore value='16806'/>
		<gasScore value='5384'/>
		<totalScore value='63365'/>
	</enemy>

	<scoreRatio value='1.56298'/>
</results>
