<results>
	<result value='win'/>
	<start value='2015-05-07.00:39:30'/>
	<end value='2015-05-07.00:41:02'/>
	<frames value='36799'/>
	<gameDuration value='2299'/>

	<player>
		<unitScore value='26800'/>
		<killScore value='33550'/>
		<buildingScore value='3675'/>
		<razingScore value='18300'/>
		<mineralScore value='31566'/>
		<gasScore value='3784'/>
		<totalScore value='117675'/>
	</player>

	<enemy>
		<race value='Protoss'/>
		<unitScore value='17000'/>
		<unitScore value='17000'/>
		<killScore value='30000'/>
		<buildingScore value='6100'/>
		<razingScore value='0'/>
		<mineralScore value='23546'/>
		<gasScore value='4904'/>
		<totalScore value='81550'/>
	</enemy>

	<scoreRatio value='1.44298'/>
	<timeFitness value='0.680694'/>
	<unitsAverage value='129'/>
</results>
