<results>
	<result value='loss'/>
	<start value='2015-05-07.00:59:05'/>
	<end value='2015-05-07.01:00:08'/>
	<frames value='46006'/>
	<gameDuration value='2875'/>

	<player>
		<unitScore value='25625'/>
		<killScore value='36800'/>
		<buildingScore value='2375'/>
		<razingScore value='1650'/>
		<mineralScore value='24026'/>
		<gasScore value='4160'/>
		<totalScore value='94636'/>
	</player>

	<enemy>
		<race value='Protoss'/>
		<unitScore value='38000'/>
		<unitScore value='38000'/>
		<killScore value='51350'/>
		<buildingScore value='8025'/>
		<razingScore value='7125'/>
		<mineralScore value='32846'/>
		<gasScore value='12858'/>
		<totalScore value='150204'/>
	</enemy>

	<scoreRatio value='0.63005'/>
	<timeFitness value='0.399306'/>
	<unitsAverage value='66'/>
</results>
