<results>
	<result value='win'/>
	<start value='2014-07-01.14:52:30'/>
	<end value='2014-07-01.14:52:54'/>
	<frames value='28491'/>
	<gameDuration value='1780'/>

	<player>
		<unitScore value='18425'/>
		<killScore value='14200'/>
		<buildingScore value='3775'/>
		<razingScore value='13950'/>
		<mineralScore value='22786'/>
		<gasScore value='2696'/>
		<totalScore value='75832'/>
	</player>

	<enemy>
		<race value='Protoss'/>
		<unitScore value='7100'/>
		<unitScore value='7100'/>
		<killScore value='17050'/>
		<buildingScore value='4650'/>
		<razingScore value='0'/>
		<mineralScore value='19386'/>
		<gasScore value='944'/>
		<totalScore value='49130'/>
	</enemy>

	<scoreRatio value='1.5435'/>
</results>
