<results>
	<result value='win'/>
	<start value='2015-04-17.01:35:06'/>
	<end value='2015-04-17.01:36:22'/>
	<frames value='39186'/>
	<gameDuration value='2449'/>

	<player>
		<unitScore value='22975'/>
		<killScore value='26450'/>
		<buildingScore value='3775'/>
		<razingScore value='22725'/>
		<mineralScore value='26050'/>
		<gasScore value='3320'/>
		<totalScore value='105295'/>
	</player>

	<enemy>
		<race value='Protoss'/>
		<unitScore value='13575'/>
		<unitScore value='13575'/>
		<killScore value='27000'/>
		<buildingScore value='7575'/>
		<razingScore value='600'/>
		<mineralScore value='19870'/>
		<gasScore value='5672'/>
		<totalScore value='74292'/>
	</enemy>

	<scoreRatio value='1.41731'/>
</results>
