<results>
	<result value='win'/>
	<start value='2015-05-09.00:06:02'/>
	<end value='2015-05-09.00:06:27'/>
	<frames value='21919'/>
	<gameDuration value='1369'/>

	<player>
		<unitScore value='8175'/>
		<killScore value='16360'/>
		<buildingScore value='3425'/>
		<razingScore value='4635'/>
		<mineralScore value='16474'/>
		<gasScore value='1816'/>
		<totalScore value='50885'/>
	</player>

	<enemy>
		<race value='Zerg'/>
		<unitScore value='7675'/>
		<unitScore value='7675'/>
		<killScore value='3700'/>
		<buildingScore value='1545'/>
		<razingScore value='0'/>
		<mineralScore value='7602'/>
		<gasScore value='2176'/>
		<totalScore value='22698'/>
	</enemy>

	<scoreRatio value='2.24183'/>
	<timeFitness value='0.809861'/>
	<unitsAverage value='68'/>
</results>
