<results>
	<result value='win'/>
	<start value='2015-05-09.00:23:20'/>
	<end value='2015-05-09.00:23:59'/>
	<frames value='27530'/>
	<gameDuration value='1720'/>

	<player>
		<unitScore value='17000'/>
		<killScore value='24210'/>
		<buildingScore value='3750'/>
		<razingScore value='8865'/>
		<mineralScore value='20810'/>
		<gasScore value='2184'/>
		<totalScore value='76819'/>
	</player>

	<enemy>
		<race value='Zerg'/>
		<unitScore value='11750'/>
		<unitScore value='11750'/>
		<killScore value='15450'/>
		<buildingScore value='2955'/>
		<razingScore value='2250'/>
		<mineralScore value='12362'/>
		<gasScore value='3728'/>
		<totalScore value='48495'/>
	</enemy>

	<scoreRatio value='1.58406'/>
	<timeFitness value='0.761111'/>
	<unitsAverage value='87'/>
</results>
