<results>
	<result value='win'/>
	<start value='2015-05-09.00:36:45'/>
	<end value='2015-05-09.00:37:30'/>
	<frames value='29297'/>
	<gameDuration value='1831'/>

	<player>
		<unitScore value='18625'/>
		<killScore value='27875'/>
		<buildingScore value='3925'/>
		<razingScore value='6375'/>
		<mineralScore value='23162'/>
		<gasScore value='3184'/>
		<totalScore value='83146'/>
	</player>

	<enemy>
		<race value='Zerg'/>
		<unitScore value='12225'/>
		<unitScore value='12225'/>
		<killScore value='16150'/>
		<buildingScore value='2125'/>
		<razingScore value='0'/>
		<mineralScore value='12318'/>
		<gasScore value='3888'/>
		<totalScore value='46706'/>
	</enemy>

	<scoreRatio value='1.7802'/>
	<timeFitness value='0.745694'/>
	<unitsAverage value='95'/>
</results>
