<results>
	<result value='win'/>
	<start value='2015-05-09.00:46:58'/>
	<end value='2015-05-09.00:48:05'/>
	<frames value='36210'/>
	<gameDuration value='2263'/>

	<player>
		<unitScore value='21400'/>
		<killScore value='28710'/>
		<buildingScore value='4700'/>
		<razingScore value='7230'/>
		<mineralScore value='28538'/>
		<gasScore value='3000'/>
		<totalScore value='93578'/>
	</player>

	<enemy>
		<race value='Zerg'/>
		<unitScore value='13800'/>
		<unitScore value='13800'/>
		<killScore value='18700'/>
		<buildingScore value='2410'/>
		<razingScore value='1350'/>
		<mineralScore value='13210'/>
		<gasScore value='4256'/>
		<totalScore value='53726'/>
	</enemy>

	<scoreRatio value='1.74176'/>
	<timeFitness value='0.685694'/>
	<unitsAverage value='111'/>
</results>
