<results>
	<result value='win'/>
	<start value='2015-05-09.00:50:58'/>
	<end value='2015-05-09.00:52:23'/>
	<frames value='48641'/>
	<gameDuration value='3040'/>

	<player>
		<unitScore value='28500'/>
		<killScore value='65285'/>
		<buildingScore value='3850'/>
		<razingScore value='11550'/>
		<mineralScore value='32262'/>
		<gasScore value='7222'/>
		<totalScore value='148669'/>
	</player>

	<enemy>
		<race value='Zerg'/>
		<unitScore value='30375'/>
		<unitScore value='30375'/>
		<killScore value='42200'/>
		<buildingScore value='3850'/>
		<razingScore value='1575'/>
		<mineralScore value='23330'/>
		<gasScore value='9410'/>
		<totalScore value='110740'/>
	</enemy>

	<scoreRatio value='1.3425'/>
	<timeFitness value='0.577778'/>
	<unitsAverage value='112'/>
</results>
