<results>
	<result value='win'/>
	<start value='2015-04-29.16:40:44'/>
	<end value='2015-04-29.16:41:14'/>
	<frames value='39496'/>
	<gameDuration value='2468'/>

	<player>
		<unitScore value='14150'/>
		<killScore value='24800'/>
		<buildingScore value='4750'/>
		<razingScore value='9900'/>
		<mineralScore value='22362'/>
		<gasScore value='2496'/>
		<totalScore value='78458'/>
	</player>

	<enemy>
		<race value='Terran'/>
		<unitScore value='16100'/>
		<unitScore value='16100'/>
		<killScore value='14300'/>
		<buildingScore value='3300'/>
		<razingScore value='4050'/>
		<mineralScore value='14386'/>
		<gasScore value='6672'/>
		<totalScore value='58808'/>
	</enemy>

	<scoreRatio value='1.33414'/>
	<timeFitness value='0.657222'/>
	<unitsAverage value='51'/>
</results>
