<results>
	<result value='loss'/>
	<start value='2015-04-29.16:41:53'/>
	<end value='2015-04-29.16:42:06'/>
	<frames value='20090'/>
	<gameDuration value='1255'/>

	<player>
		<unitScore value='6200'/>
		<killScore value='2700'/>
		<buildingScore value='1975'/>
		<razingScore value='0'/>
		<mineralScore value='8362'/>
		<gasScore value='1240'/>
		<totalScore value='20477'/>
	</player>

	<enemy>
		<race value='Terran'/>
		<unitScore value='7500'/>
		<unitScore value='7500'/>
		<killScore value='12400'/>
		<buildingScore value='2850'/>
		<razingScore value='5925'/>
		<mineralScore value='9546'/>
		<gasScore value='3544'/>
		<totalScore value='41765'/>
	</enemy>

	<scoreRatio value='0.490291'/>
	<timeFitness value='0.174306'/>
	<unitsAverage value='34'/>
</results>
