<results>
	<result value='win'/>
	<start value='2015-07-18.01:40:56'/>
	<end value='2015-07-18.01:42:32'/>
	<frames value='53074'/>
	<gameDuration value='3317'/>

	<player>
		<unitScore value='32450'/>
		<killScore value='26450'/>
		<buildingScore value='5375'/>
		<razingScore value='11775'/>
		<mineralScore value='40490'/>
		<gasScore value='5566'/>
		<totalScore value='122106'/>
	</player>

	<enemy>
		<race value='Terran'/>
		<unitScore value='15825'/>
		<killScore value='37200'/>
		<buildingScore value='3925'/>
		<razingScore value='3450'/>
		<mineralScore value='13578'/>
		<gasScore value='6990'/>
		<totalScore value='80968'/>
	</enemy>

	<scoreRatio value='1.50808'/>
	<timeFitness value='0.539306'/>
	<unitsAverage value='104'/>
</results>
