<results>
	<result value='loss'/>
	<start value='2015-07-18.01:51:37'/>
	<end value='2015-07-18.01:51:57'/>
	<frames value='23190'/>
	<gameDuration value='1449'/>

	<player>
		<unitScore value='9675'/>
		<killScore value='3400'/>
		<buildingScore value='2500'/>
		<razingScore value='0'/>
		<mineralScore value='9474'/>
		<gasScore value='2024'/>
		<totalScore value='27073'/>
	</player>

	<enemy>
		<race value='Terran'/>
		<unitScore value='9350'/>
		<killScore value='19250'/>
		<buildingScore value='3600'/>
		<razingScore value='7500'/>
		<mineralScore value='11474'/>
		<gasScore value='4696'/>
		<totalScore value='55870'/>
	</enemy>

	<scoreRatio value='0.484571'/>
	<timeFitness value='0.20125'/>
	<unitsAverage value='32'/>
</results>
