<results>
	<result value='loss'/>
	<start value='2015-07-11.20:39:21'/>
	<end value='2015-07-11.20:39:37'/>
	<frames value='19284'/>
	<gameDuration value='1205'/>

	<player>
		<unitScore value='5075'/>
		<killScore value='1400'/>
		<buildingScore value='1850'/>
		<razingScore value='0'/>
		<mineralScore value='6018'/>
		<gasScore value='824'/>
		<totalScore value='15167'/>
	</player>

	<enemy>
		<race value='Terran'/>
		<unitScore value='7550'/>
		<killScore value='10150'/>
		<buildingScore value='2900'/>
		<razingScore value='5550'/>
		<mineralScore value='8898'/>
		<gasScore value='3296'/>
		<totalScore value='38344'/>
	</enemy>

	<scoreRatio value='0.395551'/>
	<timeFitness value='0.167361'/>
	<unitsAverage value='28'/>
</results>
