<results>
	<result value='loss'/>
	<start value='2015-07-11.21:01:22'/>
	<end value='2015-07-11.21:02:11'/>
	<frames value='45944'/>
	<gameDuration value='2871'/>

	<player>
		<unitScore value='17625'/>
		<killScore value='7600'/>
		<buildingScore value='3925'/>
		<razingScore value='0'/>
		<mineralScore value='20994'/>
		<gasScore value='1736'/>
		<totalScore value='51880'/>
	</player>

	<enemy>
		<race value='Terran'/>
		<unitScore value='25900'/>
		<killScore value='35250'/>
		<buildingScore value='6125'/>
		<razingScore value='12375'/>
		<mineralScore value='25146'/>
		<gasScore value='13764'/>
		<totalScore value='118560'/>
	</enemy>

	<scoreRatio value='0.437584'/>
	<timeFitness value='0.39875'/>
	<unitsAverage value='43'/>
</results>
