<results>
	<result value='win'/>
	<start value='2015-05-03.15:17:09'/>
	<end value='2015-05-03.15:17:26'/>
	<frames value='21423'/>
	<gameDuration value='1338'/>

	<player>
		<unitScore value='11350'/>
		<killScore value='19040'/>
		<buildingScore value='3500'/>
		<razingScore value='4560'/>
		<mineralScore value='17358'/>
		<gasScore value='1168'/>
		<totalScore value='56976'/>
	</player>

	<enemy>
		<race value='Zerg'/>
		<unitScore value='9325'/>
		<unitScore value='9325'/>
		<killScore value='6150'/>
		<buildingScore value='1520'/>
		<razingScore value='0'/>
		<mineralScore value='8330'/>
		<gasScore value='2632'/>
		<totalScore value='27957'/>
	</enemy>

	<scoreRatio value='2.03799'/>
	<timeFitness value='0.814167'/>
	<unitsAverage value='73'/>
</results>
