<results>
	<result value='win'/>
	<start value='2015-05-10.17:09:59'/>
	<end value='2015-05-10.17:10:23'/>
	<frames value='25174'/>
	<gameDuration value='1573'/>

	<player>
		<unitScore value='15400'/>
		<killScore value='21940'/>
		<buildingScore value='3575'/>
		<razingScore value='4560'/>
		<mineralScore value='22514'/>
		<gasScore value='2968'/>
		<totalScore value='70957'/>
	</player>

	<enemy>
		<race value='Zerg'/>
		<unitScore value='10200'/>
		<unitScore value='10200'/>
		<killScore value='11300'/>
		<buildingScore value='1520'/>
		<razingScore value='0'/>
		<mineralScore value='8882'/>
		<gasScore value='2560'/>
		<totalScore value='34462'/>
	</enemy>

	<scoreRatio value='2.05899'/>
	<timeFitness value='0.781528'/>
	<unitsAverage value='88'/>
</results>
