<results>
	<result value='win'/>
	<start value='2015-05-03.15:20:29'/>
	<end value='2015-05-03.15:21:00'/>
	<frames value='28646'/>
	<gameDuration value='1790'/>

	<player>
		<unitScore value='18275'/>
		<killScore value='35205'/>
		<buildingScore value='3825'/>
		<razingScore value='6540'/>
		<mineralScore value='25642'/>
		<gasScore value='2104'/>
		<totalScore value='91591'/>
	</player>

	<enemy>
		<race value='Zerg'/>
		<unitScore value='15125'/>
		<unitScore value='15125'/>
		<killScore value='13400'/>
		<buildingScore value='2180'/>
		<razingScore value='0'/>
		<mineralScore value='14082'/>
		<gasScore value='4072'/>
		<totalScore value='48859'/>
	</enemy>

	<scoreRatio value='1.8746'/>
	<timeFitness value='0.751389'/>
	<unitsAverage value='104'/>
</results>
