<results>
	<result value='win'/>
	<start value='2015-05-10.17:22:43'/>
	<end value='2015-05-10.17:23:04'/>
	<frames value='23252'/>
	<gameDuration value='1453'/>

	<player>
		<unitScore value='13050'/>
		<killScore value='22630'/>
		<buildingScore value='3975'/>
		<razingScore value='4560'/>
		<mineralScore value='18378'/>
		<gasScore value='1928'/>
		<totalScore value='64521'/>
	</player>

	<enemy>
		<race value='Zerg'/>
		<unitScore value='10025'/>
		<unitScore value='10025'/>
		<killScore value='9600'/>
		<buildingScore value='1520'/>
		<razingScore value='0'/>
		<mineralScore value='8970'/>
		<gasScore value='2504'/>
		<totalScore value='32619'/>
	</enemy>

	<scoreRatio value='1.97802'/>
	<timeFitness value='0.798194'/>
	<unitsAverage value='76'/>
</results>
