<results>
	<result value='win'/>
	<start value='2014-07-11.20:55:02'/>
	<end value='2014-07-11.20:55:20'/>
	<frames value='22601'/>
	<gameDuration value='1412'/>

	<player>
		<unitScore value='10500'/>
		<killScore value='18600'/>
		<buildingScore value='3250'/>
		<razingScore value='7200'/>
		<mineralScore value='16490'/>
		<gasScore value='1920'/>
		<totalScore value='57960'/>
	</player>

	<enemy>
		<race value='Terran'/>
		<unitScore value='9300'/>
		<unitScore value='9300'/>
		<killScore value='4550'/>
		<buildingScore value='2400'/>
		<razingScore value='150'/>
		<mineralScore value='9634'/>
		<gasScore value='2984'/>
		<totalScore value='29018'/>
	</enemy>

	<scoreRatio value='1.99738'/>
</results>
