<results>
	<result value='loss'/>
	<start value='2015-07-16.05:39:16'/>
	<end value='2015-07-16.05:39:34'/>
	<frames value='21609'/>
	<gameDuration value='1350'/>

	<player>
		<unitScore value='8900'/>
		<killScore value='7650'/>
		<buildingScore value='2700'/>
		<razingScore value='300'/>
		<mineralScore value='10810'/>
		<gasScore value='992'/>
		<totalScore value='31352'/>
	</player>

	<enemy>
		<race value='Terran'/>
		<unitScore value='7650'/>
		<killScore value='16350'/>
		<buildingScore value='2975'/>
		<razingScore value='8100'/>
		<mineralScore value='11114'/>
		<gasScore value='3488'/>
		<totalScore value='49677'/>
	</enemy>

	<scoreRatio value='0.631117'/>
	<timeFitness value='0.1875'/>
	<unitsAverage value='38'/>
</results>
