<results>
	<result value='loss'/>
	<start value='2015-04-27.15:41:23'/>
	<end value='2015-04-27.15:41:35'/>
	<frames value='25577'/>
	<gameDuration value='1598'/>

	<player>
		<unitScore value='8150'/>
		<killScore value='7950'/>
		<buildingScore value='2100'/>
		<razingScore value='600'/>
		<mineralScore value='9746'/>
		<gasScore value='1408'/>
		<totalScore value='29954'/>
	</player>

	<enemy>
		<race value='Terran'/>
		<unitScore value='10475'/>
		<unitScore value='10475'/>
		<killScore value='16300'/>
		<buildingScore value='3050'/>
		<razingScore value='6300'/>
		<mineralScore value='11834'/>
		<gasScore value='4232'/>
		<totalScore value='52191'/>
	</enemy>

	<scoreRatio value='0.57393'/>
</results>
