<results>
	<result value='win'/>
	<start value='2015-04-27.15:44:57'/>
	<end value='2015-04-27.15:45:19'/>
	<frames value='27406'/>
	<gameDuration value='1712'/>

	<player>
		<unitScore value='14350'/>
		<killScore value='18700'/>
		<buildingScore value='3775'/>
		<razingScore value='8250'/>
		<mineralScore value='18866'/>
		<gasScore value='1944'/>
		<totalScore value='65885'/>
	</player>

	<enemy>
		<race value='Terran'/>
		<unitScore value='9350'/>
		<unitScore value='9350'/>
		<killScore value='9150'/>
		<buildingScore value='2750'/>
		<razingScore value='1200'/>
		<mineralScore value='11562'/>
		<gasScore value='3672'/>
		<totalScore value='37684'/>
	</enemy>

	<scoreRatio value='1.74835'/>
</results>
