<results>
	<result value='loss'/>
	<start value='2015-05-10.05:19:29'/>
	<end value='2015-05-10.05:19:38'/>
	<frames value='17269'/>
	<gameDuration value='1079'/>

	<player>
		<unitScore value='3475'/>
		<killScore value='700'/>
		<buildingScore value='1550'/>
		<razingScore value='0'/>
		<mineralScore value='5266'/>
		<gasScore value='672'/>
		<totalScore value='11663'/>
	</player>

	<enemy>
		<race value='Terran'/>
		<unitScore value='6350'/>
		<unitScore value='6350'/>
		<killScore value='6950'/>
		<buildingScore value='2625'/>
		<razingScore value='4650'/>
		<mineralScore value='7970'/>
		<gasScore value='2752'/>
		<totalScore value='31297'/>
	</enemy>

	<scoreRatio value='0.372656'/>
	<timeFitness value='0.149861'/>
	<unitsAverage value='25'/>
</results>
