<results>
	<result value='win'/>
	<start value='2015-05-10.05:25:02'/>
	<end value='2015-05-10.05:25:19'/>
	<frames value='24864'/>
	<gameDuration value='1554'/>

	<player>
		<unitScore value='9950'/>
		<killScore value='20000'/>
		<buildingScore value='3275'/>
		<razingScore value='8550'/>
		<mineralScore value='15990'/>
		<gasScore value='2528'/>
		<totalScore value='60293'/>
	</player>

	<enemy>
		<race value='Terran'/>
		<unitScore value='10000'/>
		<unitScore value='10000'/>
		<killScore value='7250'/>
		<buildingScore value='2850'/>
		<razingScore value='1425'/>
		<mineralScore value='9778'/>
		<gasScore value='3888'/>
		<totalScore value='35191'/>
	</enemy>

	<scoreRatio value='1.71331'/>
	<timeFitness value='0.784167'/>
	<unitsAverage value='59'/>
</results>
