<results>
	<result value='draw'/>
	<start value='2015-05-10.05:25:43'/>
	<end value='2015-05-10.05:27:43'/>
	<frames value='57601'/>
	<gameDuration value='3600'/>

	<player>
		<unitScore value='16300'/>
		<killScore value='22550'/>
		<buildingScore value='5775'/>
		<razingScore value='8625'/>
		<mineralScore value='50270'/>
		<gasScore value='6918'/>
		<totalScore value='110438'/>
	</player>

	<enemy>
		<race value='Terran'/>
		<unitScore value='12675'/>
		<unitScore value='12675'/>
		<killScore value='9300'/>
		<buildingScore value='2925'/>
		<razingScore value='1200'/>
		<mineralScore value='12426'/>
		<gasScore value='5712'/>
		<totalScore value='44238'/>
	</enemy>

	<scoreRatio value='2.49645'/>
	<timeFitness value='0.5'/>
	<unitsAverage value='168'/>
</results>
