<results>
	<result value='loss'/>
	<start value='2015-04-08.02:46:50'/>
	<end value='2015-04-08.02:46:57'/>
	<frames value='15285'/>
	<gameDuration value='955'/>

	<player>
		<unitScore value='3125'/>
		<killScore value='600'/>
		<buildingScore value='1500'/>
		<razingScore value='0'/>
		<mineralScore value='4442'/>
		<gasScore value='624'/>
		<totalScore value='10291'/>
	</player>

	<enemy>
		<race value='Protoss'/>
		<unitScore value='3550'/>
		<unitScore value='3550'/>
		<killScore value='6250'/>
		<buildingScore value='2975'/>
		<razingScore value='4500'/>
		<mineralScore value='8034'/>
		<gasScore value='1384'/>
		<totalScore value='26693'/>
	</enemy>

	<scoreRatio value='0.385532'/>
</results>
