<results>
	<result value='loss'/>
	<start value='2014-07-03.23:58:06'/>
	<end value='2014-07-03.23:59:03'/>
	<frames value='44146'/>
	<gameDuration value='2759'/>

	<player>
		<unitScore value='20650'/>
		<killScore value='25770'/>
		<buildingScore value='2875'/>
		<razingScore value='0'/>
		<mineralScore value='31502'/>
		<gasScore value='5664'/>
		<totalScore value='86461'/>
	</player>

	<enemy>
		<race value='Protoss'/>
		<unitScore value='31740'/>
		<unitScore value='31740'/>
		<killScore value='41050'/>
		<buildingScore value='7050'/>
		<razingScore value='8625'/>
		<mineralScore value='29058'/>
		<gasScore value='10720'/>
		<totalScore value='128243'/>
	</enemy>

	<scoreRatio value='0.674197'/>
</results>
