<results>
	<result value='win'/>
	<start value='2015-05-06.18:54:01'/>
	<end value='2015-05-06.18:54:12'/>
	<frames value='17424'/>
	<gameDuration value='1089'/>

	<player>
		<unitScore value='7550'/>
		<killScore value='11100'/>
		<buildingScore value='2525'/>
		<razingScore value='4125'/>
		<mineralScore value='11898'/>
		<gasScore value='1096'/>
		<totalScore value='38294'/>
	</player>

	<enemy>
		<race value='Terran'/>
		<unitScore value='5550'/>
		<unitScore value='5550'/>
		<killScore value='3050'/>
		<buildingScore value='1450'/>
		<razingScore value='150'/>
		<mineralScore value='7914'/>
		<gasScore value='1936'/>
		<totalScore value='20050'/>
	</enemy>

	<scoreRatio value='1.90993'/>
	<timeFitness value='0.84875'/>
	<unitsAverage value='58'/>
</results>
