<results>
	<result value='win'/>
	<start value='2015-05-03.00:56:02'/>
	<end value='2015-05-03.00:56:35'/>
	<frames value='29111'/>
	<gameDuration value='1819'/>

	<player>
		<unitScore value='15475'/>
		<killScore value='22800'/>
		<buildingScore value='4075'/>
		<razingScore value='9225'/>
		<mineralScore value='23774'/>
		<gasScore value='2128'/>
		<totalScore value='77477'/>
	</player>

	<enemy>
		<race value='Terran'/>
		<unitScore value='12600'/>
		<unitScore value='12600'/>
		<killScore value='11150'/>
		<buildingScore value='3075'/>
		<razingScore value='1650'/>
		<mineralScore value='11210'/>
		<gasScore value='4328'/>
		<totalScore value='44013'/>
	</enemy>

	<scoreRatio value='1.76032'/>
	<timeFitness value='0.747361'/>
	<unitsAverage value='84'/>
</results>
