<results>
	<result value='win'/>
	<start value='2015-05-03.01:03:13'/>
	<end value='2015-05-03.01:03:57'/>
	<frames value='32831'/>
	<gameDuration value='2051'/>

	<player>
		<unitScore value='18750'/>
		<killScore value='22400'/>
		<buildingScore value='4950'/>
		<razingScore value='6975'/>
		<mineralScore value='35618'/>
		<gasScore value='3360'/>
		<totalScore value='92053'/>
	</player>

	<enemy>
		<race value='Terran'/>
		<unitScore value='11200'/>
		<unitScore value='11200'/>
		<killScore value='15050'/>
		<buildingScore value='2325'/>
		<razingScore value='3450'/>
		<mineralScore value='11878'/>
		<gasScore value='3912'/>
		<totalScore value='47815'/>
	</enemy>

	<scoreRatio value='1.92519'/>
	<timeFitness value='0.715139'/>
	<unitsAverage value='104'/>
</results>
