<results>
	<result value='draw'/>
	<start value='2015-05-03.01:29:25'/>
	<end value='2015-05-03.01:30:31'/>
	<frames value='57601'/>
	<gameDuration value='3600'/>

	<player>
		<unitScore value='27450'/>
		<killScore value='25750'/>
		<buildingScore value='4950'/>
		<razingScore value='10125'/>
		<mineralScore value='35846'/>
		<gasScore value='2008'/>
		<totalScore value='106129'/>
	</player>

	<enemy>
		<race value='Terran'/>
		<unitScore value='25250'/>
		<unitScore value='25250'/>
		<killScore value='39050'/>
		<buildingScore value='4425'/>
		<razingScore value='5625'/>
		<mineralScore value='19550'/>
		<gasScore value='12328'/>
		<totalScore value='106228'/>
	</enemy>

	<scoreRatio value='0.999068'/>
	<timeFitness value='0.5'/>
	<unitsAverage value='87'/>
</results>
