<results>
	<result value='win'/>
	<start value='2014-07-11.22:56:49'/>
	<end value='2014-07-11.22:57:19'/>
	<frames value='33389'/>
	<gameDuration value='2086'/>

	<player>
		<unitScore value='16725'/>
		<killScore value='26235'/>
		<buildingScore value='2825'/>
		<razingScore value='7305'/>
		<mineralScore value='19850'/>
		<gasScore value='1904'/>
		<totalScore value='74844'/>
	</player>

	<enemy>
		<race value='Zerg'/>
		<unitScore value='12050'/>
		<unitScore value='12050'/>
		<killScore value='16500'/>
		<buildingScore value='2435'/>
		<razingScore value='0'/>
		<mineralScore value='12338'/>
		<gasScore value='3896'/>
		<totalScore value='47219'/>
	</enemy>

	<scoreRatio value='1.58504'/>
</results>
