<results>
	<result value='loss'/>
	<start value='2015-05-03.18:13:02'/>
	<end value='2015-05-03.18:13:30'/>
	<frames value='31777'/>
	<gameDuration value='1986'/>

	<player>
		<unitScore value='15500'/>
		<killScore value='29100'/>
		<buildingScore value='1825'/>
		<razingScore value='0'/>
		<mineralScore value='22270'/>
		<gasScore value='0'/>
		<totalScore value='68695'/>
	</player>

	<enemy>
		<race value='Zerg'/>
		<unitScore value='20925'/>
		<unitScore value='20925'/>
		<killScore value='30900'/>
		<buildingScore value='3635'/>
		<razingScore value='5475'/>
		<mineralScore value='19550'/>
		<gasScore value='6170'/>
		<totalScore value='86655'/>
	</enemy>

	<scoreRatio value='0.792741'/>
	<timeFitness value='0.275833'/>
	<unitsAverage value='62'/>
</results>
