<results>
	<result value='draw'/>
	<start value='2015-05-03.18:19:24'/>
	<end value='2015-05-03.18:20:24'/>
	<frames value='57601'/>
	<gameDuration value='3600'/>

	<player>
		<unitScore value='32500'/>
		<killScore value='88400'/>
		<buildingScore value='2575'/>
		<razingScore value='480'/>
		<mineralScore value='35986'/>
		<gasScore value='0'/>
		<totalScore value='159941'/>
	</player>

	<enemy>
		<race value='Zerg'/>
		<unitScore value='39075'/>
		<unitScore value='39075'/>
		<killScore value='59200'/>
		<buildingScore value='2270'/>
		<razingScore value='150'/>
		<mineralScore value='27050'/>
		<gasScore value='12858'/>
		<totalScore value='140603'/>
	</enemy>

	<scoreRatio value='1.13754'/>
	<timeFitness value='0.5'/>
	<unitsAverage value='87'/>
</results>
