<results>
	<result value='win'/>
	<start value='2015-05-03.18:24:29'/>
	<end value='2015-05-03.18:24:58'/>
	<frames value='25577'/>
	<gameDuration value='1598'/>

	<player>
		<unitScore value='18400'/>
		<killScore value='18540'/>
		<buildingScore value='4050'/>
		<razingScore value='4560'/>
		<mineralScore value='27670'/>
		<gasScore value='1368'/>
		<totalScore value='74588'/>
	</player>

	<enemy>
		<race value='Zerg'/>
		<unitScore value='9325'/>
		<unitScore value='9325'/>
		<killScore value='19000'/>
		<buildingScore value='1520'/>
		<razingScore value='0'/>
		<mineralScore value='8722'/>
		<gasScore value='2760'/>
		<totalScore value='41327'/>
	</enemy>

	<scoreRatio value='1.80482'/>
	<timeFitness value='0.778056'/>
	<unitsAverage value='95'/>
</results>
