<results>
	<result value='win'/>
	<start value='2015-05-03.18:26:23'/>
	<end value='2015-05-03.18:26:59'/>
	<frames value='31002'/>
	<gameDuration value='1937'/>

	<player>
		<unitScore value='23300'/>
		<killScore value='27480'/>
		<buildingScore value='3300'/>
		<razingScore value='3735'/>
		<mineralScore value='32338'/>
		<gasScore value='0'/>
		<totalScore value='90153'/>
	</player>

	<enemy>
		<race value='Zerg'/>
		<unitScore value='12000'/>
		<unitScore value='12000'/>
		<killScore value='30600'/>
		<buildingScore value='1245'/>
		<razingScore value='0'/>
		<mineralScore value='10198'/>
		<gasScore value='2960'/>
		<totalScore value='57003'/>
	</enemy>

	<scoreRatio value='1.58155'/>
	<timeFitness value='0.730972'/>
	<unitsAverage value='92'/>
</results>
