<results>
	<result value='win'/>
	<start value='2015-05-03.03:19:45'/>
	<end value='2015-05-03.03:20:20'/>
	<frames value='27685'/>
	<gameDuration value='1730'/>

	<player>
		<unitScore value='18225'/>
		<killScore value='24605'/>
		<buildingScore value='3975'/>
		<razingScore value='6135'/>
		<mineralScore value='27594'/>
		<gasScore value='1992'/>
		<totalScore value='82526'/>
	</player>

	<enemy>
		<race value='Zerg'/>
		<unitScore value='11575'/>
		<unitScore value='11575'/>
		<killScore value='17100'/>
		<buildingScore value='2045'/>
		<razingScore value='0'/>
		<mineralScore value='11642'/>
		<gasScore value='3968'/>
		<totalScore value='46330'/>
	</enemy>

	<scoreRatio value='1.78126'/>
	<timeFitness value='0.759722'/>
	<unitsAverage value='103'/>
</results>
