<results>
	<result value='win'/>
	<start value='2015-05-03.03:24:39'/>
	<end value='2015-05-03.03:25:00'/>
	<frames value='23562'/>
	<gameDuration value='1472'/>

	<player>
		<unitScore value='11425'/>
		<killScore value='21120'/>
		<buildingScore value='2175'/>
		<razingScore value='6270'/>
		<mineralScore value='17074'/>
		<gasScore value='2136'/>
		<totalScore value='60200'/>
	</player>

	<enemy>
		<race value='Zerg'/>
		<unitScore value='9625'/>
		<unitScore value='9625'/>
		<killScore value='9750'/>
		<buildingScore value='2090'/>
		<razingScore value='0'/>
		<mineralScore value='9482'/>
		<gasScore value='2696'/>
		<totalScore value='33643'/>
	</enemy>

	<scoreRatio value='1.78938'/>
	<timeFitness value='0.795556'/>
	<unitsAverage value='67'/>
</results>
