<results>
	<result value='win'/>
	<start value='2015-05-03.03:26:52'/>
	<end value='2015-05-03.03:27:23'/>
	<frames value='28925'/>
	<gameDuration value='1807'/>

	<player>
		<unitScore value='15675'/>
		<killScore value='18990'/>
		<buildingScore value='3000'/>
		<razingScore value='6930'/>
		<mineralScore value='20010'/>
		<gasScore value='2832'/>
		<totalScore value='67437'/>
	</player>

	<enemy>
		<race value='Zerg'/>
		<unitScore value='9800'/>
		<unitScore value='9800'/>
		<killScore value='14700'/>
		<buildingScore value='2310'/>
		<razingScore value='150'/>
		<mineralScore value='9634'/>
		<gasScore value='2832'/>
		<totalScore value='39426'/>
	</enemy>

	<scoreRatio value='1.71047'/>
	<timeFitness value='0.749028'/>
	<unitsAverage value='82'/>
</results>
