<results>
	<result value='draw'/>
	<start value='2015-04-27.19:42:34'/>
	<end value='2015-04-27.19:43:36'/>
	<frames value='57601'/>
	<gameDuration value='3600'/>

	<player>
		<unitScore value='31275'/>
		<killScore value='46900'/>
		<buildingScore value='3525'/>
		<razingScore value='0'/>
		<mineralScore value='31646'/>
		<gasScore value='7420'/>
		<totalScore value='120766'/>
	</player>

	<enemy>
		<race value='Terran'/>
		<unitScore value='34525'/>
		<unitScore value='34525'/>
		<killScore value='48950'/>
		<buildingScore value='4625'/>
		<razingScore value='900'/>
		<mineralScore value='30466'/>
		<gasScore value='12160'/>
		<totalScore value='131626'/>
	</enemy>

	<scoreRatio value='0.917494'/>
</results>
