<results>
	<result value='loss'/>
	<start value='2015-07-21.20:37:39'/>
	<end value='2015-07-21.20:38:16'/>
	<frames value='31746'/>
	<gameDuration value='1984'/>

	<player>
		<unitScore value='18075'/>
		<killScore value='17600'/>
		<buildingScore value='3800'/>
		<razingScore value='0'/>
		<mineralScore value='28690'/>
		<gasScore value='2208'/>
		<totalScore value='70373'/>
	</player>

	<enemy>
		<race value='Zerg'/>
		<unitScore value='16475'/>
		<killScore value='36150'/>
		<buildingScore value='3345'/>
		<razingScore value='11400'/>
		<mineralScore value='19710'/>
		<gasScore value='5294'/>
		<totalScore value='92374'/>
	</enemy>

	<scoreRatio value='0.761827'/>
	<timeFitness value='0.275556'/>
	<unitsAverage value='71'/>
</results>
