<results>
	<result value='loss'/>
	<start value='2015-07-18.03:15:31'/>
	<end value='2015-07-18.03:17:14'/>
	<frames value='43774'/>
	<gameDuration value='2735'/>

	<player>
		<unitScore value='18850'/>
		<killScore value='8200'/>
		<buildingScore value='6350'/>
		<razingScore value='150'/>
		<mineralScore value='23074'/>
		<gasScore value='3976'/>
		<totalScore value='60600'/>
	</player>

	<enemy>
		<race value='Terran'/>
		<unitScore value='13725'/>
		<killScore value='31550'/>
		<buildingScore value='3150'/>
		<razingScore value='19050'/>
		<mineralScore value='23030'/>
		<gasScore value='5556'/>
		<totalScore value='96061'/>
	</enemy>

	<scoreRatio value='0.630849'/>
	<timeFitness value='0.379861'/>
	<unitsAverage value='72'/>
</results>
