<results>
	<result value='win'/>
	<start value='2015-05-08.00:20:46'/>
	<end value='2015-05-08.00:21:16'/>
	<frames value='26042'/>
	<gameDuration value='1627'/>

	<player>
		<unitScore value='12500'/>
		<killScore value='21020'/>
		<buildingScore value='4025'/>
		<razingScore value='6120'/>
		<mineralScore value='22926'/>
		<gasScore value='1896'/>
		<totalScore value='68487'/>
	</player>

	<enemy>
		<race value='Zerg'/>
		<unitScore value='10050'/>
		<unitScore value='10050'/>
		<killScore value='7900'/>
		<buildingScore value='2040'/>
		<razingScore value='0'/>
		<mineralScore value='10394'/>
		<gasScore value='3176'/>
		<totalScore value='33560'/>
	</enemy>

	<scoreRatio value='2.04073'/>
	<timeFitness value='0.774028'/>
	<unitsAverage value='89'/>
</results>
