<results>
	<result value='win'/>
	<start value='2015-05-08.00:32:43'/>
	<end value='2015-05-08.00:33:15'/>
	<frames value='26476'/>
	<gameDuration value='1654'/>

	<player>
		<unitScore value='15750'/>
		<killScore value='18710'/>
		<buildingScore value='3525'/>
		<razingScore value='4935'/>
		<mineralScore value='27534'/>
		<gasScore value='2032'/>
		<totalScore value='72486'/>
	</player>

	<enemy>
		<race value='Zerg'/>
		<unitScore value='9700'/>
		<unitScore value='9700'/>
		<killScore value='13950'/>
		<buildingScore value='1645'/>
		<razingScore value='0'/>
		<mineralScore value='8426'/>
		<gasScore value='2208'/>
		<totalScore value='35929'/>
	</enemy>

	<scoreRatio value='2.01748'/>
	<timeFitness value='0.770278'/>
	<unitsAverage value='97'/>
</results>
