<results>
	<result value='loss'/>
	<start value='2015-05-08.00:34:57'/>
	<end value='2015-05-08.00:35:00'/>
	<frames value='7039'/>
	<gameDuration value='439'/>

	<player>
		<unitScore value='950'/>
		<killScore value='50'/>
		<buildingScore value='650'/>
		<razingScore value='0'/>
		<mineralScore value='1250'/>
		<gasScore value='24'/>
		<totalScore value='2924'/>
	</player>

	<enemy>
		<race value='Zerg'/>
		<unitScore value='1200'/>
		<unitScore value='1200'/>
		<killScore value='1800'/>
		<buildingScore value='375'/>
		<razingScore value='1950'/>
		<mineralScore value='1802'/>
		<gasScore value='0'/>
		<totalScore value='7127'/>
	</enemy>

	<scoreRatio value='0.410271'/>
	<timeFitness value='0.0609722'/>
	<unitsAverage value='9'/>
</results>
