<results>
	<result value='win'/>
	<start value='2015-05-08.00:56:18'/>
	<end value='2015-05-08.00:57:03'/>
	<frames value='31002'/>
	<gameDuration value='1937'/>

	<player>
		<unitScore value='21125'/>
		<killScore value='30120'/>
		<buildingScore value='4400'/>
		<razingScore value='8190'/>
		<mineralScore value='29458'/>
		<gasScore value='2432'/>
		<totalScore value='95725'/>
	</player>

	<enemy>
		<race value='Zerg'/>
		<unitScore value='14375'/>
		<unitScore value='14375'/>
		<killScore value='17050'/>
		<buildingScore value='2730'/>
		<razingScore value='2100'/>
		<mineralScore value='14618'/>
		<gasScore value='4664'/>
		<totalScore value='55537'/>
	</enemy>

	<scoreRatio value='1.72363'/>
	<timeFitness value='0.730972'/>
	<unitsAverage value='107'/>
</results>
