<results>
	<result value='win'/>
	<start value='2015-05-08.00:57:07'/>
	<end value='2015-05-08.00:57:45'/>
	<frames value='27592'/>
	<gameDuration value='1724'/>

	<player>
		<unitScore value='17500'/>
		<killScore value='20100'/>
		<buildingScore value='4875'/>
		<razingScore value='6540'/>
		<mineralScore value='27874'/>
		<gasScore value='2768'/>
		<totalScore value='79657'/>
	</player>

	<enemy>
		<race value='Zerg'/>
		<unitScore value='9550'/>
		<unitScore value='9550'/>
		<killScore value='10500'/>
		<buildingScore value='2180'/>
		<razingScore value='2100'/>
		<mineralScore value='10486'/>
		<gasScore value='3200'/>
		<totalScore value='38016'/>
	</enemy>

	<scoreRatio value='2.09535'/>
	<timeFitness value='0.760556'/>
	<unitsAverage value='105'/>
</results>
