<results>
	<result value='win'/>
	<start value='2015-05-08.01:00:04'/>
	<end value='2015-05-08.01:00:40'/>
	<frames value='26817'/>
	<gameDuration value='1676'/>

	<player>
		<unitScore value='16750'/>
		<killScore value='17530'/>
		<buildingScore value='4475'/>
		<razingScore value='7290'/>
		<mineralScore value='27414'/>
		<gasScore value='1840'/>
		<totalScore value='75299'/>
	</player>

	<enemy>
		<race value='Zerg'/>
		<unitScore value='8225'/>
		<unitScore value='8225'/>
		<killScore value='10400'/>
		<buildingScore value='2430'/>
		<razingScore value='150'/>
		<mineralScore value='10042'/>
		<gasScore value='3176'/>
		<totalScore value='34423'/>
	</enemy>

	<scoreRatio value='2.18746'/>
	<timeFitness value='0.767222'/>
	<unitsAverage value='102'/>
</results>
