<results>
	<result value='loss'/>
	<start value='2015-07-18.05:02:37'/>
	<end value='2015-07-18.05:02:54'/>
	<frames value='21237'/>
	<gameDuration value='1327'/>

	<player>
		<unitScore value='7475'/>
		<killScore value='3500'/>
		<buildingScore value='2050'/>
		<razingScore value='0'/>
		<mineralScore value='8786'/>
		<gasScore value='1120'/>
		<totalScore value='22931'/>
	</player>

	<enemy>
		<race value='Terran'/>
		<unitScore value='8850'/>
		<killScore value='14750'/>
		<buildingScore value='3225'/>
		<razingScore value='6150'/>
		<mineralScore value='10154'/>
		<gasScore value='4200'/>
		<totalScore value='47329'/>
	</enemy>

	<scoreRatio value='0.484502'/>
	<timeFitness value='0.184306'/>
	<unitsAverage value='31'/>
</results>
