<results>
	<result value='draw'/>
	<start value='2015-07-19.06:37:01'/>
	<end value='2015-07-19.06:39:28'/>
	<frames value='57601'/>
	<gameDuration value='3600'/>

	<player>
		<unitScore value='36900'/>
		<killScore value='21200'/>
		<buildingScore value='4350'/>
		<razingScore value='600'/>
		<mineralScore value='31414'/>
		<gasScore value='8736'/>
		<totalScore value='103200'/>
	</player>

	<enemy>
		<race value='Protoss'/>
		<unitScore value='33145'/>
		<killScore value='50700'/>
		<buildingScore value='7550'/>
		<razingScore value='3150'/>
		<mineralScore value='31550'/>
		<gasScore value='12026'/>
		<totalScore value='138121'/>
	</enemy>

	<scoreRatio value='0.747171'/>
	<timeFitness value='0.5'/>
	<unitsAverage value='149'/>
</results>
