<results>
	<result value='loss'/>
	<start value='2015-07-14.04:33:28'/>
	<end value='2015-07-14.04:34:23'/>
	<frames value='38814'/>
	<gameDuration value='2425'/>

	<player>
		<unitScore value='25125'/>
		<killScore value='15400'/>
		<buildingScore value='3175'/>
		<razingScore value='1200'/>
		<mineralScore value='30702'/>
		<gasScore value='4112'/>
		<totalScore value='79714'/>
	</player>

	<enemy>
		<race value='Protoss'/>
		<unitScore value='23550'/>
		<killScore value='50250'/>
		<buildingScore value='7825'/>
		<razingScore value='9525'/>
		<mineralScore value='25970'/>
		<gasScore value='8806'/>
		<totalScore value='125926'/>
	</enemy>

	<scoreRatio value='0.633023'/>
	<timeFitness value='0.336806'/>
	<unitsAverage value='73'/>
</results>
