<results>
	<result value='draw'/>
	<start value='2015-07-14.04:36:30'/>
	<end value='2015-07-14.04:39:14'/>
	<frames value='57601'/>
	<gameDuration value='3600'/>

	<player>
		<unitScore value='43200'/>
		<killScore value='27500'/>
		<buildingScore value='4475'/>
		<razingScore value='3600'/>
		<mineralScore value='43414'/>
		<gasScore value='8758'/>
		<totalScore value='130947'/>
	</player>

	<enemy>
		<race value='Protoss'/>
		<unitScore value='19800'/>
		<killScore value='55750'/>
		<buildingScore value='5975'/>
		<razingScore value='2400'/>
		<mineralScore value='19550'/>
		<gasScore value='11136'/>
		<totalScore value='114611'/>
	</enemy>

	<scoreRatio value='1.14253'/>
	<timeFitness value='0.5'/>
	<unitsAverage value='154'/>
</results>
