<results>
	<result value='draw'/>
	<start value='2015-05-09.22:21:20'/>
	<end value='2015-05-09.22:23:20'/>
	<frames value='57601'/>
	<gameDuration value='3600'/>

	<player>
		<unitScore value='27975'/>
		<killScore value='52850'/>
		<buildingScore value='3400'/>
		<razingScore value='600'/>
		<mineralScore value='31518'/>
		<gasScore value='8122'/>
		<totalScore value='124465'/>
	</player>

	<enemy>
		<race value='Protoss'/>
		<unitScore value='38300'/>
		<unitScore value='38300'/>
		<killScore value='56050'/>
		<buildingScore value='6325'/>
		<razingScore value='7125'/>
		<mineralScore value='31550'/>
		<gasScore value='11928'/>
		<totalScore value='151278'/>
	</enemy>

	<scoreRatio value='0.822757'/>
	<timeFitness value='0.5'/>
	<unitsAverage value='107'/>
</results>
