<results>
	<result value='win'/>
	<start value='2015-05-09.22:40:35'/>
	<end value='2015-05-09.22:41:50'/>
	<frames value='36706'/>
	<gameDuration value='2294'/>

	<player>
		<unitScore value='22775'/>
		<killScore value='27550'/>
		<buildingScore value='4125'/>
		<razingScore value='18075'/>
		<mineralScore value='29062'/>
		<gasScore value='2520'/>
		<totalScore value='104107'/>
	</player>

	<enemy>
		<race value='Protoss'/>
		<unitScore value='15400'/>
		<unitScore value='15400'/>
		<killScore value='23650'/>
		<buildingScore value='6025'/>
		<razingScore value='1500'/>
		<mineralScore value='21010'/>
		<gasScore value='5000'/>
		<totalScore value='72585'/>
	</enemy>

	<scoreRatio value='1.43428'/>
	<timeFitness value='0.681389'/>
	<unitsAverage value='108'/>
</results>
