<results>
	<result value='win'/>
	<start value='2015-05-09.22:43:15'/>
	<end value='2015-05-09.22:44:53'/>
	<frames value='43526'/>
	<gameDuration value='2720'/>

	<player>
		<unitScore value='26875'/>
		<killScore value='32700'/>
		<buildingScore value='3875'/>
		<razingScore value='19425'/>
		<mineralScore value='34766'/>
		<gasScore value='3728'/>
		<totalScore value='121369'/>
	</player>

	<enemy>
		<race value='Protoss'/>
		<unitScore value='16450'/>
		<unitScore value='16450'/>
		<killScore value='31100'/>
		<buildingScore value='6475'/>
		<razingScore value='150'/>
		<mineralScore value='25362'/>
		<gasScore value='6808'/>
		<totalScore value='86345'/>
	</enemy>

	<scoreRatio value='1.40563'/>
	<timeFitness value='0.622222'/>
	<unitsAverage value='116'/>
</results>
