<results>
	<result value='loss'/>
	<start value='2015-05-09.22:47:03'/>
	<end value='2015-05-09.22:47:18'/>
	<frames value='16742'/>
	<gameDuration value='1046'/>

	<player>
		<unitScore value='3550'/>
		<killScore value='600'/>
		<buildingScore value='1750'/>
		<razingScore value='0'/>
		<mineralScore value='5258'/>
		<gasScore value='456'/>
		<totalScore value='11614'/>
	</player>

	<enemy>
		<race value='Protoss'/>
		<unitScore value='3650'/>
		<unitScore value='3650'/>
		<killScore value='7100'/>
		<buildingScore value='4025'/>
		<razingScore value='5250'/>
		<mineralScore value='8682'/>
		<gasScore value='1664'/>
		<totalScore value='30371'/>
	</enemy>

	<scoreRatio value='0.382404'/>
	<timeFitness value='0.145278'/>
	<unitsAverage value='23'/>
</results>
