<results>
	<result value='loss'/>
	<start value='2015-05-09.22:52:50'/>
	<end value='2015-05-09.22:54:51'/>
	<frames value='54593'/>
	<gameDuration value='3412'/>

	<player>
		<unitScore value='29550'/>
		<killScore value='45950'/>
		<buildingScore value='3275'/>
		<razingScore value='1950'/>
		<mineralScore value='31526'/>
		<gasScore value='7140'/>
		<totalScore value='119391'/>
	</player>

	<enemy>
		<race value='Protoss'/>
		<unitScore value='36775'/>
		<unitScore value='36775'/>
		<killScore value='59350'/>
		<buildingScore value='7175'/>
		<razingScore value='9825'/>
		<mineralScore value='31542'/>
		<gasScore value='11420'/>
		<totalScore value='156087'/>
	</enemy>

	<scoreRatio value='0.7649'/>
	<timeFitness value='0.473889'/>
	<unitsAverage value='108'/>
</results>
