<results>
	<result value='win'/>
	<start value='2015-05-03.04:35:48'/>
	<end value='2015-05-03.04:36:21'/>
	<frames value='28956'/>
	<gameDuration value='1809'/>

	<player>
		<unitScore value='17375'/>
		<killScore value='26600'/>
		<buildingScore value='4225'/>
		<razingScore value='8250'/>
		<mineralScore value='24634'/>
		<gasScore value='3504'/>
		<totalScore value='84588'/>
	</player>

	<enemy>
		<race value='Terran'/>
		<unitScore value='13300'/>
		<unitScore value='13300'/>
		<killScore value='14650'/>
		<buildingScore value='2750'/>
		<razingScore value='150'/>
		<mineralScore value='11490'/>
		<gasScore value='4880'/>
		<totalScore value='47220'/>
	</enemy>

	<scoreRatio value='1.79136'/>
	<timeFitness value='0.74875'/>
	<unitsAverage value='91'/>
</results>
