<results>
	<result value='win'/>
	<start value='2015-05-03.04:47:20'/>
	<end value='2015-05-03.04:47:34'/>
	<frames value='17517'/>
	<gameDuration value='1094'/>

	<player>
		<unitScore value='7000'/>
		<killScore value='10600'/>
		<buildingScore value='2575'/>
		<razingScore value='4350'/>
		<mineralScore value='11818'/>
		<gasScore value='1704'/>
		<totalScore value='38047'/>
	</player>

	<enemy>
		<race value='Terran'/>
		<unitScore value='5300'/>
		<unitScore value='5300'/>
		<killScore value='2600'/>
		<buildingScore value='1450'/>
		<razingScore value='0'/>
		<mineralScore value='7618'/>
		<gasScore value='1936'/>
		<totalScore value='18904'/>
	</enemy>

	<scoreRatio value='2.01264'/>
	<timeFitness value='0.848056'/>
	<unitsAverage value='55'/>
</results>
