<results>
	<result value='loss'/>
	<start value='2015-05-03.04:48:40'/>
	<end value='2015-05-03.04:48:55'/>
	<frames value='23097'/>
	<gameDuration value='1443'/>

	<player>
		<unitScore value='6950'/>
		<killScore value='5200'/>
		<buildingScore value='2050'/>
		<razingScore value='0'/>
		<mineralScore value='9754'/>
		<gasScore value='1320'/>
		<totalScore value='25274'/>
	</player>

	<enemy>
		<race value='Terran'/>
		<unitScore value='10250'/>
		<unitScore value='10250'/>
		<killScore value='13900'/>
		<buildingScore value='3350'/>
		<razingScore value='6150'/>
		<mineralScore value='11242'/>
		<gasScore value='4824'/>
		<totalScore value='49716'/>
	</enemy>

	<scoreRatio value='0.508368'/>
	<timeFitness value='0.200417'/>
	<unitsAverage value='34'/>
</results>
