<results>
	<result value='win'/>
	<start value='2015-05-03.05:06:00'/>
	<end value='2015-05-03.05:06:32'/>
	<frames value='30692'/>
	<gameDuration value='1918'/>

	<player>
		<unitScore value='16925'/>
		<killScore value='29250'/>
		<buildingScore value='4725'/>
		<razingScore value='9750'/>
		<mineralScore value='24810'/>
		<gasScore value='2560'/>
		<totalScore value='88020'/>
	</player>

	<enemy>
		<race value='Terran'/>
		<unitScore value='15425'/>
		<unitScore value='15425'/>
		<killScore value='16050'/>
		<buildingScore value='3250'/>
		<razingScore value='2400'/>
		<mineralScore value='13046'/>
		<gasScore value='5904'/>
		<totalScore value='56075'/>
	</enemy>

	<scoreRatio value='1.56968'/>
	<timeFitness value='0.733611'/>
	<unitsAverage value='75'/>
</results>
