<results>
	<result value='loss'/>
	<start value='2015-05-04.21:33:56'/>
	<end value='2015-05-04.21:34:05'/>
	<frames value='17145'/>
	<gameDuration value='1071'/>

	<player>
		<unitScore value='4450'/>
		<killScore value='2800'/>
		<buildingScore value='1875'/>
		<razingScore value='0'/>
		<mineralScore value='6426'/>
		<gasScore value='832'/>
		<totalScore value='16383'/>
	</player>

	<enemy>
		<race value='Protoss'/>
		<unitScore value='5125'/>
		<unitScore value='5125'/>
		<killScore value='8900'/>
		<buildingScore value='2875'/>
		<razingScore value='5625'/>
		<mineralScore value='8746'/>
		<gasScore value='1968'/>
		<totalScore value='33239'/>
	</enemy>

	<scoreRatio value='0.492885'/>
	<timeFitness value='0.14875'/>
	<unitsAverage value='30'/>
</results>
