<results>
	<result value='loss'/>
	<start value='2015-05-04.21:46:17'/>
	<end value='2015-05-04.21:46:25'/>
	<frames value='15812'/>
	<gameDuration value='988'/>

	<player>
		<unitScore value='2525'/>
		<killScore value='1000'/>
		<buildingScore value='1475'/>
		<razingScore value='0'/>
		<mineralScore value='4242'/>
		<gasScore value='584'/>
		<totalScore value='9826'/>
	</player>

	<enemy>
		<race value='Protoss'/>
		<unitScore value='3550'/>
		<unitScore value='3550'/>
		<killScore value='5050'/>
		<buildingScore value='3125'/>
		<razingScore value='4425'/>
		<mineralScore value='8090'/>
		<gasScore value='1584'/>
		<totalScore value='25824'/>
	</enemy>

	<scoreRatio value='0.380499'/>
	<timeFitness value='0.137222'/>
	<unitsAverage value='20'/>
</results>
