<results>
	<result value='loss'/>
	<start value='2015-05-03.18:05:16'/>
	<end value='2015-05-03.18:05:57'/>
	<frames value='35342'/>
	<gameDuration value='2208'/>

	<player>
		<unitScore value='11250'/>
		<killScore value='25350'/>
		<buildingScore value='2150'/>
		<razingScore value='0'/>
		<mineralScore value='18254'/>
		<gasScore value='3176'/>
		<totalScore value='60180'/>
	</player>

	<enemy>
		<race value='Protoss'/>
		<unitScore value='25700'/>
		<unitScore value='25700'/>
		<killScore value='22400'/>
		<buildingScore value='7225'/>
		<razingScore value='6450'/>
		<mineralScore value='26638'/>
		<gasScore value='8818'/>
		<totalScore value='97231'/>
	</enemy>

	<scoreRatio value='0.618938'/>
	<timeFitness value='0.306667'/>
	<unitsAverage value='53'/>
</results>
