<results>
	<result value='loss'/>
	<start value='2015-05-03.18:22:57'/>
	<end value='2015-05-03.18:23:19'/>
	<frames value='27840'/>
	<gameDuration value='1740'/>

	<player>
		<unitScore value='2650'/>
		<killScore value='2400'/>
		<buildingScore value='1500'/>
		<razingScore value='0'/>
		<mineralScore value='4026'/>
		<gasScore value='600'/>
		<totalScore value='11176'/>
	</player>

	<enemy>
		<race value='Protoss'/>
		<unitScore value='13300'/>
		<unitScore value='13300'/>
		<killScore value='5300'/>
		<buildingScore value='6875'/>
		<razingScore value='4500'/>
		<mineralScore value='17054'/>
		<gasScore value='6616'/>
		<totalScore value='53645'/>
	</enemy>

	<scoreRatio value='0.208333'/>
	<timeFitness value='0.241667'/>
	<unitsAverage value='16'/>
</results>
