<results>
	<result value='loss'/>
	<start value='2015-05-03.18:33:14'/>
	<end value='2015-05-03.18:33:27'/>
	<frames value='15781'/>
	<gameDuration value='986'/>

	<player>
		<unitScore value='2925'/>
		<killScore value='400'/>
		<buildingScore value='1600'/>
		<razingScore value='0'/>
		<mineralScore value='4866'/>
		<gasScore value='600'/>
		<totalScore value='10391'/>
	</player>

	<enemy>
		<race value='Protoss'/>
		<unitScore value='3550'/>
		<unitScore value='3550'/>
		<killScore value='5850'/>
		<buildingScore value='3775'/>
		<razingScore value='4800'/>
		<mineralScore value='8346'/>
		<gasScore value='1488'/>
		<totalScore value='27809'/>
	</enemy>

	<scoreRatio value='0.373656'/>
	<timeFitness value='0.136944'/>
	<unitsAverage value='20'/>
</results>
