<results>
	<result value='loss'/>
	<start value='2015-05-03.18:39:15'/>
	<end value='2015-05-03.18:39:40'/>
	<frames value='26290'/>
	<gameDuration value='1643'/>

	<player>
		<unitScore value='5975'/>
		<killScore value='2400'/>
		<buildingScore value='2175'/>
		<razingScore value='0'/>
		<mineralScore value='8410'/>
		<gasScore value='1056'/>
		<totalScore value='20016'/>
	</player>

	<enemy>
		<race value='Protoss'/>
		<unitScore value='9300'/>
		<unitScore value='9300'/>
		<killScore value='11950'/>
		<buildingScore value='6275'/>
		<razingScore value='6525'/>
		<mineralScore value='15406'/>
		<gasScore value='4928'/>
		<totalScore value='54384'/>
	</enemy>

	<scoreRatio value='0.368049'/>
	<timeFitness value='0.228194'/>
	<unitsAverage value='29'/>
</results>
