<results>
	<result value='loss'/>
	<start value='2015-07-14.04:54:09'/>
	<end value='2015-07-14.04:54:52'/>
	<frames value='38907'/>
	<gameDuration value='2431'/>

	<player>
		<unitScore value='18700'/>
		<killScore value='13900'/>
		<buildingScore value='3550'/>
		<razingScore value='750'/>
		<mineralScore value='26786'/>
		<gasScore value='2768'/>
		<totalScore value='66454'/>
	</player>

	<enemy>
		<race value='Protoss'/>
		<unitScore value='22300'/>
		<killScore value='37400'/>
		<buildingScore value='7075'/>
		<razingScore value='10650'/>
		<mineralScore value='23450'/>
		<gasScore value='9480'/>
		<totalScore value='110355'/>
	</enemy>

	<scoreRatio value='0.602184'/>
	<timeFitness value='0.337639'/>
	<unitsAverage value='64'/>
</results>
