<results>
	<result value='draw'/>
	<start value='2015-07-14.05:04:12'/>
	<end value='2015-07-14.05:06:50'/>
	<frames value='57601'/>
	<gameDuration value='3600'/>

	<player>
		<unitScore value='43525'/>
		<killScore value='34900'/>
		<buildingScore value='3825'/>
		<razingScore value='4875'/>
		<mineralScore value='43494'/>
		<gasScore value='9866'/>
		<totalScore value='140485'/>
	</player>

	<enemy>
		<race value='Protoss'/>
		<unitScore value='21325'/>
		<killScore value='60450'/>
		<buildingScore value='5775'/>
		<razingScore value='150'/>
		<mineralScore value='19574'/>
		<gasScore value='10834'/>
		<totalScore value='118108'/>
	</enemy>

	<scoreRatio value='1.18946'/>
	<timeFitness value='0.5'/>
	<unitsAverage value='160'/>
</results>
