<results>
	<result value='draw'/>
	<start value='2015-07-14.05:19:31'/>
	<end value='2015-07-14.05:21:44'/>
	<frames value='57601'/>
	<gameDuration value='3600'/>

	<player>
		<unitScore value='51150'/>
		<killScore value='48250'/>
		<buildingScore value='4725'/>
		<razingScore value='10275'/>
		<mineralScore value='39146'/>
		<gasScore value='8960'/>
		<totalScore value='162506'/>
	</player>

	<enemy>
		<race value='Protoss'/>
		<unitScore value='24525'/>
		<killScore value='75100'/>
		<buildingScore value='5275'/>
		<razingScore value='900'/>
		<mineralScore value='23822'/>
		<gasScore value='4360'/>
		<totalScore value='133982'/>
	</enemy>

	<scoreRatio value='1.21289'/>
	<timeFitness value='0.5'/>
	<unitsAverage value='143'/>
</results>
