<results>
	<result value='loss'/>
	<start value='2015-07-14.05:22:07'/>
	<end value='2015-07-14.05:22:43'/>
	<frames value='34195'/>
	<gameDuration value='2137'/>

	<player>
		<unitScore value='17250'/>
		<killScore value='12350'/>
		<buildingScore value='3125'/>
		<razingScore value='750'/>
		<mineralScore value='23330'/>
		<gasScore value='3048'/>
		<totalScore value='59853'/>
	</player>

	<enemy>
		<race value='Protoss'/>
		<unitScore value='16950'/>
		<killScore value='32950'/>
		<buildingScore value='7125'/>
		<razingScore value='9375'/>
		<mineralScore value='21786'/>
		<gasScore value='6888'/>
		<totalScore value='95074'/>
	</enemy>

	<scoreRatio value='0.629541'/>
	<timeFitness value='0.296806'/>
	<unitsAverage value='65'/>
</results>
