<results>
	<result value='draw'/>
	<start value='2015-05-11.19:52:56'/>
	<end value='2015-05-11.19:54:41'/>
	<frames value='57601'/>
	<gameDuration value='3600'/>

	<player>
		<unitScore value='18125'/>
		<killScore value='33970'/>
		<buildingScore value='4975'/>
		<razingScore value='6480'/>
		<mineralScore value='50578'/>
		<gasScore value='12268'/>
		<totalScore value='126396'/>
	</player>

	<enemy>
		<race value='Zerg'/>
		<unitScore value='13950'/>
		<unitScore value='13950'/>
		<killScore value='13550'/>
		<buildingScore value='2240'/>
		<razingScore value='150'/>
		<mineralScore value='12482'/>
		<gasScore value='4928'/>
		<totalScore value='47300'/>
	</enemy>

	<scoreRatio value='2.67222'/>
	<timeFitness value='0.5'/>
	<unitsAverage value='159'/>
</results>
