<results>
	<result value='win'/>
	<start value='2015-05-04.17:36:00'/>
	<end value='2015-05-04.17:36:40'/>
	<frames value='30165'/>
	<gameDuration value='1885'/>

	<player>
		<unitScore value='15925'/>
		<killScore value='20760'/>
		<buildingScore value='3925'/>
		<razingScore value='8550'/>
		<mineralScore value='25474'/>
		<gasScore value='2640'/>
		<totalScore value='77274'/>
	</player>

	<enemy>
		<race value='Zerg'/>
		<unitScore value='9875'/>
		<unitScore value='9875'/>
		<killScore value='8750'/>
		<buildingScore value='2850'/>
		<razingScore value='450'/>
		<mineralScore value='11022'/>
		<gasScore value='3752'/>
		<totalScore value='36699'/>
	</enemy>

	<scoreRatio value='2.10562'/>
	<timeFitness value='0.738194'/>
	<unitsAverage value='97'/>
</results>
