<results>
	<result value='loss'/>
	<start value='2015-05-04.17:39:29'/>
	<end value='2015-05-04.17:40:12'/>
	<frames value='43960'/>
	<gameDuration value='2747'/>

	<player>
		<unitScore value='13425'/>
		<killScore value='20540'/>
		<buildingScore value='2800'/>
		<razingScore value='2550'/>
		<mineralScore value='14930'/>
		<gasScore value='3648'/>
		<totalScore value='57893'/>
	</player>

	<enemy>
		<race value='Zerg'/>
		<unitScore value='23875'/>
		<unitScore value='23875'/>
		<killScore value='26850'/>
		<buildingScore value='4260'/>
		<razingScore value='8400'/>
		<mineralScore value='23394'/>
		<gasScore value='7166'/>
		<totalScore value='93945'/>
	</enemy>

	<scoreRatio value='0.616244'/>
	<timeFitness value='0.381528'/>
	<unitsAverage value='61'/>
</results>
