<results>
	<result value='loss'/>
	<start value='2015-07-13.04:46:30'/>
	<end value='2015-07-13.04:47:03'/>
	<frames value='41170'/>
	<gameDuration value='2573'/>

	<player>
		<unitScore value='17025'/>
		<killScore value='12700'/>
		<buildingScore value='3800'/>
		<razingScore value='1500'/>
		<mineralScore value='24226'/>
		<gasScore value='2840'/>
		<totalScore value='62091'/>
	</player>

	<enemy>
		<race value='Protoss'/>
		<unitScore value='17450'/>
		<killScore value='34250'/>
		<buildingScore value='6875'/>
		<razingScore value='11400'/>
		<mineralScore value='23642'/>
		<gasScore value='7662'/>
		<totalScore value='101279'/>
	</enemy>

	<scoreRatio value='0.613069'/>
	<timeFitness value='0.357361'/>
	<unitsAverage value='46'/>
</results>
