<results>
	<result value='loss'/>
	<start value='2015-07-13.04:51:28'/>
	<end value='2015-07-13.04:51:49'/>
	<frames value='29762'/>
	<gameDuration value='1860'/>

	<player>
		<unitScore value='10325'/>
		<killScore value='4100'/>
		<buildingScore value='2200'/>
		<razingScore value='0'/>
		<mineralScore value='15646'/>
		<gasScore value='1904'/>
		<totalScore value='34175'/>
	</player>

	<enemy>
		<race value='Protoss'/>
		<unitScore value='14450'/>
		<killScore value='20300'/>
		<buildingScore value='6675'/>
		<razingScore value='6450'/>
		<mineralScore value='19042'/>
		<gasScore value='6680'/>
		<totalScore value='73597'/>
	</enemy>

	<scoreRatio value='0.464353'/>
	<timeFitness value='0.258333'/>
	<unitsAverage value='36'/>
</results>
