<results>
	<result value='loss'/>
	<start value='2015-05-01.19:56:46'/>
	<end value='2015-05-01.19:56:57'/>
	<frames value='13859'/>
	<gameDuration value='866'/>

	<player>
		<unitScore value='2800'/>
		<killScore value='1000'/>
		<buildingScore value='1350'/>
		<razingScore value='0'/>
		<mineralScore value='4154'/>
		<gasScore value='640'/>
		<totalScore value='9944'/>
	</player>

	<enemy>
		<race value='Protoss'/>
		<unitScore value='3500'/>
		<unitScore value='3500'/>
		<killScore value='5000'/>
		<buildingScore value='2375'/>
		<razingScore value='4050'/>
		<mineralScore value='7106'/>
		<gasScore value='1232'/>
		<totalScore value='23263'/>
	</enemy>

	<scoreRatio value='0.42746'/>
	<timeFitness value='0.120278'/>
	<unitsAverage value='21'/>
</results>
