<results>
	<result value='win'/>
	<start value='2015-05-01.20:02:50'/>
	<end value='2015-05-01.20:03:43'/>
	<frames value='35776'/>
	<gameDuration value='2236'/>

	<player>
		<unitScore value='17500'/>
		<killScore value='20050'/>
		<buildingScore value='3350'/>
		<razingScore value='19275'/>
		<mineralScore value='21450'/>
		<gasScore value='3824'/>
		<totalScore value='85449'/>
	</player>

	<enemy>
		<race value='Protoss'/>
		<unitScore value='10025'/>
		<unitScore value='10025'/>
		<killScore value='18600'/>
		<buildingScore value='6425'/>
		<razingScore value='1500'/>
		<mineralScore value='14778'/>
		<gasScore value='2760'/>
		<totalScore value='54088'/>
	</enemy>

	<scoreRatio value='1.57981'/>
	<timeFitness value='0.689444'/>
	<unitsAverage value='82'/>
</results>
