<results>
	<result value='win'/>
	<start value='2015-04-08.04:23:09'/>
	<end value='2015-04-08.04:23:40'/>
	<frames value='29173'/>
	<gameDuration value='1823'/>

	<player>
		<unitScore value='20975'/>
		<killScore value='24450'/>
		<buildingScore value='3825'/>
		<razingScore value='15075'/>
		<mineralScore value='25666'/>
		<gasScore value='3056'/>
		<totalScore value='93047'/>
	</player>

	<enemy>
		<race value='Protoss'/>
		<unitScore value='12925'/>
		<unitScore value='12925'/>
		<killScore value='20900'/>
		<buildingScore value='5025'/>
		<razingScore value='150'/>
		<mineralScore value='13234'/>
		<gasScore value='4056'/>
		<totalScore value='56290'/>
	</enemy>

	<scoreRatio value='1.65299'/>
</results>
