<results>
	<result value='win'/>
	<start value='2015-05-12.00:46:35'/>
	<end value='2015-05-12.00:47:10'/>
	<frames value='27592'/>
	<gameDuration value='1724'/>

	<player>
		<unitScore value='17900'/>
		<killScore value='32560'/>
		<buildingScore value='3650'/>
		<razingScore value='6030'/>
		<mineralScore value='30954'/>
		<gasScore value='2176'/>
		<totalScore value='93270'/>
	</player>

	<enemy>
		<race value='Zerg'/>
		<unitScore value='13950'/>
		<unitScore value='13950'/>
		<killScore value='14950'/>
		<buildingScore value='2010'/>
		<razingScore value='0'/>
		<mineralScore value='12698'/>
		<gasScore value='4632'/>
		<totalScore value='48240'/>
	</enemy>

	<scoreRatio value='1.93346'/>
	<timeFitness value='0.760556'/>
	<unitsAverage value='102'/>
</results>
