<results>
	<result value='win'/>
	<start value='2015-05-12.00:50:02'/>
	<end value='2015-05-12.00:50:43'/>
	<frames value='30754'/>
	<gameDuration value='1922'/>

	<player>
		<unitScore value='20800'/>
		<killScore value='37550'/>
		<buildingScore value='3475'/>
		<razingScore value='7740'/>
		<mineralScore value='30150'/>
		<gasScore value='2280'/>
		<totalScore value='101995'/>
	</player>

	<enemy>
		<race value='Zerg'/>
		<unitScore value='16150'/>
		<unitScore value='16150'/>
		<killScore value='22100'/>
		<buildingScore value='2580'/>
		<razingScore value='0'/>
		<mineralScore value='15006'/>
		<gasScore value='4600'/>
		<totalScore value='60436'/>
	</enemy>

	<scoreRatio value='1.68765'/>
	<timeFitness value='0.733056'/>
	<unitsAverage value='100'/>
</results>
