<results>
	<result value='win'/>
	<start value='2015-05-12.00:53:21'/>
	<end value='2015-05-12.00:54:01'/>
	<frames value='34567'/>
	<gameDuration value='2160'/>

	<player>
		<unitScore value='20625'/>
		<killScore value='46575'/>
		<buildingScore value='3525'/>
		<razingScore value='6720'/>
		<mineralScore value='28394'/>
		<gasScore value='2736'/>
		<totalScore value='108575'/>
	</player>

	<enemy>
		<race value='Zerg'/>
		<unitScore value='18875'/>
		<unitScore value='18875'/>
		<killScore value='19950'/>
		<buildingScore value='2240'/>
		<razingScore value='0'/>
		<mineralScore value='16718'/>
		<gasScore value='5112'/>
		<totalScore value='62895'/>
	</enemy>

	<scoreRatio value='1.72629'/>
	<timeFitness value='0.7'/>
	<unitsAverage value='88'/>
</results>
