<results>
	<result value='win'/>
	<start value='2015-05-12.01:17:50'/>
	<end value='2015-05-12.01:18:22'/>
	<frames value='25825'/>
	<gameDuration value='1614'/>

	<player>
		<unitScore value='17550'/>
		<killScore value='32690'/>
		<buildingScore value='3475'/>
		<razingScore value='5400'/>
		<mineralScore value='27722'/>
		<gasScore value='2928'/>
		<totalScore value='89765'/>
	</player>

	<enemy>
		<race value='Zerg'/>
		<unitScore value='13600'/>
		<unitScore value='13600'/>
		<killScore value='15500'/>
		<buildingScore value='1800'/>
		<razingScore value='0'/>
		<mineralScore value='12322'/>
		<gasScore value='3672'/>
		<totalScore value='46894'/>
	</enemy>

	<scoreRatio value='1.91421'/>
	<timeFitness value='0.775833'/>
	<unitsAverage value='97'/>
</results>
