<results>
	<result value='win'/>
	<start value='2015-05-12.01:19:03'/>
	<end value='2015-05-12.01:19:36'/>
	<frames value='26662'/>
	<gameDuration value='1666'/>

	<player>
		<unitScore value='15825'/>
		<killScore value='26625'/>
		<buildingScore value='3525'/>
		<razingScore value='4635'/>
		<mineralScore value='29370'/>
		<gasScore value='2864'/>
		<totalScore value='82844'/>
	</player>

	<enemy>
		<race value='Zerg'/>
		<unitScore value='11125'/>
		<unitScore value='11125'/>
		<killScore value='11400'/>
		<buildingScore value='1545'/>
		<razingScore value='0'/>
		<mineralScore value='10362'/>
		<gasScore value='2864'/>
		<totalScore value='37296'/>
	</enemy>

	<scoreRatio value='2.22126'/>
	<timeFitness value='0.768611'/>
	<unitsAverage value='100'/>
</results>
