<results>
	<result value='win'/>
	<start value='2015-05-12.01:21:58'/>
	<end value='2015-05-12.01:22:27'/>
	<frames value='24430'/>
	<gameDuration value='1526'/>

	<player>
		<unitScore value='15100'/>
		<killScore value='26700'/>
		<buildingScore value='3600'/>
		<razingScore value='5040'/>
		<mineralScore value='24898'/>
		<gasScore value='2600'/>
		<totalScore value='77938'/>
	</player>

	<enemy>
		<race value='Zerg'/>
		<unitScore value='11300'/>
		<unitScore value='11300'/>
		<killScore value='10050'/>
		<buildingScore value='1680'/>
		<razingScore value='225'/>
		<mineralScore value='10506'/>
		<gasScore value='2952'/>
		<totalScore value='36713'/>
	</enemy>

	<scoreRatio value='2.1229'/>
	<timeFitness value='0.788056'/>
	<unitsAverage value='94'/>
</results>
