<results>
	<result value='win'/>
	<start value='2015-05-12.01:23:30'/>
	<end value='2015-05-12.01:24:00'/>
	<frames value='25019'/>
	<gameDuration value='1563'/>

	<player>
		<unitScore value='15625'/>
		<killScore value='26660'/>
		<buildingScore value='3975'/>
		<razingScore value='4755'/>
		<mineralScore value='27058'/>
		<gasScore value='2752'/>
		<totalScore value='80825'/>
	</player>

	<enemy>
		<race value='Zerg'/>
		<unitScore value='11675'/>
		<unitScore value='11675'/>
		<killScore value='11100'/>
		<buildingScore value='1585'/>
		<razingScore value='0'/>
		<mineralScore value='10170'/>
		<gasScore value='3216'/>
		<totalScore value='37746'/>
	</enemy>

	<scoreRatio value='2.14129'/>
	<timeFitness value='0.782917'/>
	<unitsAverage value='99'/>
</results>
