<results>
	<result value='win'/>
	<start value='2015-05-12.01:28:48'/>
	<end value='2015-05-12.01:29:38'/>
	<frames value='35218'/>
	<gameDuration value='2201'/>

	<player>
		<unitScore value='18700'/>
		<killScore value='24225'/>
		<buildingScore value='4150'/>
		<razingScore value='5460'/>
		<mineralScore value='35882'/>
		<gasScore value='3256'/>
		<totalScore value='91673'/>
	</player>

	<enemy>
		<race value='Zerg'/>
		<unitScore value='10725'/>
		<unitScore value='10725'/>
		<killScore value='14700'/>
		<buildingScore value='1820'/>
		<razingScore value='0'/>
		<mineralScore value='10518'/>
		<gasScore value='2920'/>
		<totalScore value='40683'/>
	</enemy>

	<scoreRatio value='2.25335'/>
	<timeFitness value='0.694306'/>
	<unitsAverage value='110'/>
</results>
