<results>
	<result value='win'/>
	<start value='2015-04-29.23:56:20'/>
	<end value='2015-04-29.23:57:17'/>
	<frames value='35621'/>
	<gameDuration value='2226'/>

	<player>
		<unitScore value='19300'/>
		<killScore value='37150'/>
		<buildingScore value='4250'/>
		<razingScore value='10455'/>
		<mineralScore value='35698'/>
		<gasScore value='2736'/>
		<totalScore value='109589'/>
	</player>

	<enemy>
		<race value='Zerg'/>
		<unitScore value='17000'/>
		<unitScore value='17000'/>
		<killScore value='20000'/>
		<buildingScore value='3485'/>
		<razingScore value='150'/>
		<mineralScore value='17134'/>
		<gasScore value='5616'/>
		<totalScore value='63385'/>
	</enemy>

	<scoreRatio value='1.72894'/>
	<timeFitness value='0.690833'/>
	<unitsAverage value='108'/>
</results>
