<results>
	<result value='loss'/>
	<start value='2015-05-04.04:44:12'/>
	<end value='2015-05-04.04:45:12'/>
	<frames value='47835'/>
	<gameDuration value='2989'/>

	<player>
		<unitScore value='23550'/>
		<killScore value='41500'/>
		<buildingScore value='2800'/>
		<razingScore value='300'/>
		<mineralScore value='24018'/>
		<gasScore value='3808'/>
		<totalScore value='95976'/>
	</player>

	<enemy>
		<race value='Protoss'/>
		<unitScore value='40450'/>
		<unitScore value='40450'/>
		<killScore value='46700'/>
		<buildingScore value='7475'/>
		<razingScore value='8400'/>
		<mineralScore value='34066'/>
		<gasScore value='13316'/>
		<totalScore value='150407'/>
	</enemy>

	<scoreRatio value='0.638109'/>
	<timeFitness value='0.415139'/>
	<unitsAverage value='59'/>
</results>
