<results>
	<result value='loss'/>
	<start value='2015-05-04.05:00:39'/>
	<end value='2015-05-04.05:01:47'/>
	<frames value='45727'/>
	<gameDuration value='2857'/>

	<player>
		<unitScore value='23575'/>
		<killScore value='26200'/>
		<buildingScore value='2175'/>
		<razingScore value='300'/>
		<mineralScore value='24026'/>
		<gasScore value='4184'/>
		<totalScore value='80460'/>
	</player>

	<enemy>
		<race value='Protoss'/>
		<unitScore value='33475'/>
		<unitScore value='33475'/>
		<killScore value='47250'/>
		<buildingScore value='7625'/>
		<razingScore value='6525'/>
		<mineralScore value='31666'/>
		<gasScore value='11230'/>
		<totalScore value='137771'/>
	</enemy>

	<scoreRatio value='0.584013'/>
	<timeFitness value='0.396806'/>
	<unitsAverage value='71'/>
</results>
