<results>
	<result value='win'/>
	<start value='2015-05-04.04:59:26'/>
	<end value='2015-05-04.05:00:35'/>
	<frames value='34350'/>
	<gameDuration value='2146'/>

	<player>
		<unitScore value='25700'/>
		<killScore value='27250'/>
		<buildingScore value='3875'/>
		<razingScore value='16125'/>
		<mineralScore value='30206'/>
		<gasScore value='5200'/>
		<totalScore value='108356'/>
	</player>

	<enemy>
		<race value='Protoss'/>
		<unitScore value='14175'/>
		<unitScore value='14175'/>
		<killScore value='26600'/>
		<buildingScore value='5375'/>
		<razingScore value='300'/>
		<mineralScore value='18922'/>
		<gasScore value='5400'/>
		<totalScore value='70772'/>
	</enemy>

	<scoreRatio value='1.53106'/>
	<timeFitness value='0.701944'/>
	<unitsAverage value='110'/>
</results>
