<results>
	<result value='loss'/>
	<start value='2015-05-04.05:22:26'/>
	<end value='2015-05-04.05:23:10'/>
	<frames value='34443'/>
	<gameDuration value='2152'/>

	<player>
		<unitScore value='15125'/>
		<killScore value='10600'/>
		<buildingScore value='2350'/>
		<razingScore value='450'/>
		<mineralScore value='16530'/>
		<gasScore value='3184'/>
		<totalScore value='48239'/>
	</player>

	<enemy>
		<race value='Protoss'/>
		<unitScore value='20500'/>
		<unitScore value='20500'/>
		<killScore value='30250'/>
		<buildingScore value='7125'/>
		<razingScore value='7050'/>
		<mineralScore value='23146'/>
		<gasScore value='8768'/>
		<totalScore value='96839'/>
	</enemy>

	<scoreRatio value='0.498136'/>
	<timeFitness value='0.298889'/>
	<unitsAverage value='55'/>
</results>
