<results>
	<result value='loss'/>
	<start value='2015-05-04.05:29:36'/>
	<end value='2015-05-04.05:30:01'/>
	<frames value='27871'/>
	<gameDuration value='1741'/>

	<player>
		<unitScore value='4075'/>
		<killScore value='2800'/>
		<buildingScore value='1925'/>
		<razingScore value='0'/>
		<mineralScore value='5826'/>
		<gasScore value='912'/>
		<totalScore value='15538'/>
	</player>

	<enemy>
		<race value='Protoss'/>
		<unitScore value='11975'/>
		<unitScore value='11975'/>
		<killScore value='8150'/>
		<buildingScore value='5975'/>
		<razingScore value='5775'/>
		<mineralScore value='18134'/>
		<gasScore value='6192'/>
		<totalScore value='56201'/>
	</enemy>

	<scoreRatio value='0.276472'/>
	<timeFitness value='0.241806'/>
	<unitsAverage value='23'/>
</results>
