<results>
	<result value='loss'/>
	<start value='2015-05-04.05:41:11'/>
	<end value='2015-05-04.05:41:27'/>
	<frames value='17455'/>
	<gameDuration value='1090'/>

	<player>
		<unitScore value='3700'/>
		<killScore value='1400'/>
		<buildingScore value='1975'/>
		<razingScore value='0'/>
		<mineralScore value='5970'/>
		<gasScore value='832'/>
		<totalScore value='13877'/>
	</player>

	<enemy>
		<race value='Protoss'/>
		<unitScore value='3950'/>
		<unitScore value='3950'/>
		<killScore value='7300'/>
		<buildingScore value='4175'/>
		<razingScore value='5925'/>
		<mineralScore value='9402'/>
		<gasScore value='1736'/>
		<totalScore value='32488'/>
	</enemy>

	<scoreRatio value='0.427142'/>
	<timeFitness value='0.151389'/>
	<unitsAverage value='24'/>
</results>
