<results>
	<result value='loss'/>
	<start value='2015-05-04.05:45:45'/>
	<end value='2015-05-04.05:46:00'/>
	<frames value='16711'/>
	<gameDuration value='1044'/>

	<player>
		<unitScore value='3700'/>
		<killScore value='1200'/>
		<buildingScore value='1875'/>
		<razingScore value='0'/>
		<mineralScore value='5730'/>
		<gasScore value='672'/>
		<totalScore value='13177'/>
	</player>

	<enemy>
		<race value='Protoss'/>
		<unitScore value='3650'/>
		<unitScore value='3650'/>
		<killScore value='7300'/>
		<buildingScore value='4025'/>
		<razingScore value='5625'/>
		<mineralScore value='8802'/>
		<gasScore value='1776'/>
		<totalScore value='31178'/>
	</enemy>

	<scoreRatio value='0.422638'/>
	<timeFitness value='0.145'/>
	<unitsAverage value='26'/>
</results>
