<results>
	<result value='loss'/>
	<start value='2015-04-10.16:07:04'/>
	<end value='2015-04-10.16:07:40'/>
	<frames value='44642'/>
	<gameDuration value='2790'/>

	<player>
		<unitScore value='19175'/>
		<killScore value='27950'/>
		<buildingScore value='3325'/>
		<razingScore value='1125'/>
		<mineralScore value='23370'/>
		<gasScore value='3024'/>
		<totalScore value='77969'/>
	</player>

	<enemy>
		<race value='Protoss'/>
		<unitScore value='31650'/>
		<unitScore value='31650'/>
		<killScore value='38100'/>
		<buildingScore value='8225'/>
		<razingScore value='9975'/>
		<mineralScore value='31602'/>
		<gasScore value='10150'/>
		<totalScore value='129702'/>
	</enemy>

	<scoreRatio value='0.60114'/>
</results>
