<results>
	<result value='draw'/>
	<start value='2015-04-10.16:15:02'/>
	<end value='2015-04-10.16:15:51'/>
	<frames value='57601'/>
	<gameDuration value='3600'/>

	<player>
		<unitScore value='30925'/>
		<killScore value='50900'/>
		<buildingScore value='3025'/>
		<razingScore value='5850'/>
		<mineralScore value='31510'/>
		<gasScore value='6280'/>
		<totalScore value='128490'/>
	</player>

	<enemy>
		<race value='Protoss'/>
		<unitScore value='31675'/>
		<unitScore value='31675'/>
		<killScore value='57850'/>
		<buildingScore value='7375'/>
		<razingScore value='525'/>
		<mineralScore value='31418'/>
		<gasScore value='9720'/>
		<totalScore value='138563'/>
	</enemy>

	<scoreRatio value='0.927304'/>
</results>
