<results>
	<result value='win'/>
	<start value='2015-04-30.20:35:09'/>
	<end value='2015-04-30.20:36:16'/>
	<frames value='46719'/>
	<gameDuration value='2919'/>

	<player>
		<unitScore value='22250'/>
		<killScore value='42470'/>
		<buildingScore value='2425'/>
		<razingScore value='8370'/>
		<mineralScore value='23502'/>
		<gasScore value='4168'/>
		<totalScore value='103185'/>
	</player>

	<enemy>
		<race value='Zerg'/>
		<unitScore value='18850'/>
		<unitScore value='18850'/>
		<killScore value='28750'/>
		<buildingScore value='2790'/>
		<razingScore value='0'/>
		<mineralScore value='17422'/>
		<gasScore value='5416'/>
		<totalScore value='73228'/>
	</enemy>

	<scoreRatio value='1.40909'/>
	<timeFitness value='0.594583'/>
	<unitsAverage value='101'/>
</results>
