<results>
	<result value='win'/>
	<start value='2015-04-30.20:48:17'/>
	<end value='2015-04-30.20:49:02'/>
	<frames value='29266'/>
	<gameDuration value='1829'/>

	<player>
		<unitScore value='16375'/>
		<killScore value='29510'/>
		<buildingScore value='4875'/>
		<razingScore value='4800'/>
		<mineralScore value='30362'/>
		<gasScore value='3256'/>
		<totalScore value='89178'/>
	</player>

	<enemy>
		<race value='Zerg'/>
		<unitScore value='12525'/>
		<unitScore value='12525'/>
		<killScore value='9300'/>
		<buildingScore value='1600'/>
		<razingScore value='0'/>
		<mineralScore value='11090'/>
		<gasScore value='3336'/>
		<totalScore value='37851'/>
	</enemy>

	<scoreRatio value='2.35603'/>
	<timeFitness value='0.745972'/>
	<unitsAverage value='105'/>
</results>
