<results>
	<result value='loss'/>
	<start value='2015-07-21.12:08:34'/>
	<end value='2015-07-21.12:08:59'/>
	<frames value='26228'/>
	<gameDuration value='1639'/>

	<player>
		<unitScore value='10425'/>
		<killScore value='5850'/>
		<buildingScore value='3100'/>
		<razingScore value='0'/>
		<mineralScore value='17846'/>
		<gasScore value='1592'/>
		<totalScore value='38813'/>
	</player>

	<enemy>
		<race value='Zerg'/>
		<unitScore value='13050'/>
		<killScore value='19300'/>
		<buildingScore value='3280'/>
		<razingScore value='9300'/>
		<mineralScore value='14722'/>
		<gasScore value='4392'/>
		<totalScore value='64044'/>
	</enemy>

	<scoreRatio value='0.606036'/>
	<timeFitness value='0.227639'/>
	<unitsAverage value='50'/>
</results>
