<results>
	<result value='loss'/>
	<start value='2015-07-21.12:21:36'/>
	<end value='2015-07-21.12:21:56'/>
	<frames value='22229'/>
	<gameDuration value='1389'/>

	<player>
		<unitScore value='11375'/>
		<killScore value='5300'/>
		<buildingScore value='2825'/>
		<razingScore value='0'/>
		<mineralScore value='15354'/>
		<gasScore value='1736'/>
		<totalScore value='36590'/>
	</player>

	<enemy>
		<race value='Zerg'/>
		<unitScore value='8725'/>
		<killScore value='21900'/>
		<buildingScore value='2735'/>
		<razingScore value='8475'/>
		<mineralScore value='10626'/>
		<gasScore value='3280'/>
		<totalScore value='55741'/>
	</enemy>

	<scoreRatio value='0.656429'/>
	<timeFitness value='0.192917'/>
	<unitsAverage value='47'/>
</results>
