<results>
	<result value='draw'/>
	<start value='2015-07-21.12:22:04'/>
	<end value='2015-07-21.12:23:53'/>
	<frames value='57601'/>
	<gameDuration value='3600'/>

	<player>
		<unitScore value='45725'/>
		<killScore value='31350'/>
		<buildingScore value='3275'/>
		<razingScore value='390'/>
		<mineralScore value='38994'/>
		<gasScore value='10740'/>
		<totalScore value='130474'/>
	</player>

	<enemy>
		<race value='Zerg'/>
		<unitScore value='22600'/>
		<killScore value='77050'/>
		<buildingScore value='3245'/>
		<razingScore value='450'/>
		<mineralScore value='23966'/>
		<gasScore value='6510'/>
		<totalScore value='133821'/>
	</enemy>

	<scoreRatio value='0.974989'/>
	<timeFitness value='0.5'/>
	<unitsAverage value='115'/>
</results>
