<results>
	<result value='loss'/>
	<start value='2015-04-11.05:18:35'/>
	<end value='2015-04-11.05:18:59'/>
	<frames value='28615'/>
	<gameDuration value='1788'/>

	<player>
		<unitScore value='3400'/>
		<killScore value='3000'/>
		<buildingScore value='1100'/>
		<razingScore value='0'/>
		<mineralScore value='4602'/>
		<gasScore value='744'/>
		<totalScore value='12846'/>
	</player>

	<enemy>
		<race value='Protoss'/>
		<unitScore value='12550'/>
		<unitScore value='12550'/>
		<killScore value='6800'/>
		<buildingScore value='6875'/>
		<razingScore value='3300'/>
		<mineralScore value='17526'/>
		<gasScore value='6584'/>
		<totalScore value='53635'/>
	</enemy>

	<scoreRatio value='0.239508'/>
</results>
