<results>
	<result value='draw'/>
	<start value='2014-07-24.01:23:40'/>
	<end value='2014-07-24.01:25:04'/>
	<frames value='57601'/>
	<gameDuration value='3600'/>

	<player>
		<unitScore value='31725'/>
		<killScore value='44150'/>
		<buildingScore value='4525'/>
		<razingScore value='675'/>
		<mineralScore value='31558'/>
		<gasScore value='6878'/>
		<totalScore value='119511'/>
	</player>

	<enemy>
		<race value='Terran'/>
		<unitScore value='33575'/>
		<unitScore value='33575'/>
		<killScore value='45650'/>
		<buildingScore value='5000'/>
		<razingScore value='3375'/>
		<mineralScore value='31350'/>
		<gasScore value='12140'/>
		<totalScore value='131090'/>
	</enemy>

	<scoreRatio value='0.911671'/>
</results>
