<results>
	<result value='win'/>
	<start value='2014-07-05.11:43:10'/>
	<end value='2014-07-05.11:43:50'/>
	<frames value='37419'/>
	<gameDuration value='2338'/>

	<player>
		<unitScore value='32175'/>
		<killScore value='48690'/>
		<buildingScore value='4125'/>
		<razingScore value='9300'/>
		<mineralScore value='32566'/>
		<gasScore value='3264'/>
		<totalScore value='130120'/>
	</player>

	<enemy>
		<race value='Zerg'/>
		<unitScore value='22450'/>
		<unitScore value='22450'/>
		<killScore value='37300'/>
		<buildingScore value='3100'/>
		<razingScore value='225'/>
		<mineralScore value='19990'/>
		<gasScore value='6880'/>
		<totalScore value='89945'/>
	</enemy>

	<scoreRatio value='1.44666'/>
</results>
