<results>
	<result value='loss'/>
	<start value='2015-05-06.13:02:02'/>
	<end value='2015-05-06.13:02:40'/>
	<frames value='45417'/>
	<gameDuration value='2838'/>

	<player>
		<unitScore value='22950'/>
		<killScore value='34250'/>
		<buildingScore value='2325'/>
		<razingScore value='600'/>
		<mineralScore value='23970'/>
		<gasScore value='4784'/>
		<totalScore value='88879'/>
	</player>

	<enemy>
		<race value='Protoss'/>
		<unitScore value='35875'/>
		<unitScore value='35875'/>
		<killScore value='46000'/>
		<buildingScore value='7725'/>
		<razingScore value='6975'/>
		<mineralScore value='32010'/>
		<gasScore value='13378'/>
		<totalScore value='141963'/>
	</enemy>

	<scoreRatio value='0.626072'/>
	<timeFitness value='0.394167'/>
	<unitsAverage value='83'/>
</results>
