<results>
	<result value='win'/>
	<start value='2015-05-06.13:03:15'/>
	<end value='2015-05-06.13:04:03'/>
	<frames value='40457'/>
	<gameDuration value='2528'/>

	<player>
		<unitScore value='28450'/>
		<killScore value='34550'/>
		<buildingScore value='4775'/>
		<razingScore value='20925'/>
		<mineralScore value='36386'/>
		<gasScore value='4608'/>
		<totalScore value='129694'/>
	</player>

	<enemy>
		<race value='Protoss'/>
		<unitScore value='19375'/>
		<unitScore value='19375'/>
		<killScore value='33150'/>
		<buildingScore value='6975'/>
		<razingScore value='600'/>
		<mineralScore value='18082'/>
		<gasScore value='8886'/>
		<totalScore value='87068'/>
	</enemy>

	<scoreRatio value='1.48957'/>
	<timeFitness value='0.648889'/>
	<unitsAverage value='127'/>
</results>
