<results>
	<result value='loss'/>
	<start value='2015-05-06.13:15:19'/>
	<end value='2015-05-06.13:15:27'/>
	<frames value='17920'/>
	<gameDuration value='1120'/>

	<player>
		<unitScore value='4275'/>
		<killScore value='1600'/>
		<buildingScore value='2175'/>
		<razingScore value='0'/>
		<mineralScore value='6586'/>
		<gasScore value='952'/>
		<totalScore value='15588'/>
	</player>

	<enemy>
		<race value='Protoss'/>
		<unitScore value='4225'/>
		<unitScore value='4225'/>
		<killScore value='7550'/>
		<buildingScore value='3525'/>
		<razingScore value='6525'/>
		<mineralScore value='9002'/>
		<gasScore value='2184'/>
		<totalScore value='33011'/>
	</enemy>

	<scoreRatio value='0.472206'/>
	<timeFitness value='0.155556'/>
	<unitsAverage value='31'/>
</results>
