<results>
	<result value='win'/>
	<start value='2015-05-06.13:15:31'/>
	<end value='2015-05-06.13:16:13'/>
	<frames value='32893'/>
	<gameDuration value='2055'/>

	<player>
		<unitScore value='23925'/>
		<killScore value='27450'/>
		<buildingScore value='4025'/>
		<razingScore value='16950'/>
		<mineralScore value='30742'/>
		<gasScore value='4496'/>
		<totalScore value='107588'/>
	</player>

	<enemy>
		<race value='Protoss'/>
		<unitScore value='13725'/>
		<unitScore value='13725'/>
		<killScore value='24300'/>
		<buildingScore value='5650'/>
		<razingScore value='0'/>
		<mineralScore value='22506'/>
		<gasScore value='2032'/>
		<totalScore value='68213'/>
	</enemy>

	<scoreRatio value='1.57724'/>
	<timeFitness value='0.714583'/>
	<unitsAverage value='124'/>
</results>
