<results>
	<result value='loss'/>
	<start value='2015-07-20.09:41:17'/>
	<end value='2015-07-20.09:41:22'/>
	<frames value='9209'/>
	<gameDuration value='575'/>

	<player>
		<unitScore value='1300'/>
		<killScore value='0'/>
		<buildingScore value='750'/>
		<razingScore value='0'/>
		<mineralScore value='2226'/>
		<gasScore value='0'/>
		<totalScore value='4276'/>
	</player>

	<enemy>
		<race value='Zerg'/>
		<unitScore value='1600'/>
		<killScore value='2600'/>
		<buildingScore value='940'/>
		<razingScore value='2250'/>
		<mineralScore value='2890'/>
		<gasScore value='200'/>
		<totalScore value='10480'/>
	</enemy>

	<scoreRatio value='0.408015'/>
	<timeFitness value='0.0798611'/>
	<unitsAverage value='12'/>
</results>
