<results>
	<result value='loss'/>
	<start value='2015-07-17.08:16:37'/>
	<end value='2015-07-17.08:17:20'/>
	<frames value='33916'/>
	<gameDuration value='2119'/>

	<player>
		<unitScore value='14750'/>
		<killScore value='8000'/>
		<buildingScore value='4825'/>
		<razingScore value='0'/>
		<mineralScore value='19274'/>
		<gasScore value='2256'/>
		<totalScore value='49105'/>
	</player>

	<enemy>
		<race value='Terran'/>
		<unitScore value='15500'/>
		<killScore value='25450'/>
		<buildingScore value='4750'/>
		<razingScore value='14475'/>
		<mineralScore value='16066'/>
		<gasScore value='7980'/>
		<totalScore value='84221'/>
	</enemy>

	<scoreRatio value='0.583049'/>
	<timeFitness value='0.294306'/>
	<unitsAverage value='58'/>
</results>
