<results>
	<result value='loss'/>
	<start value='2015-07-17.08:27:28'/>
	<end value='2015-07-17.08:27:53'/>
	<frames value='27592'/>
	<gameDuration value='1724'/>

	<player>
		<unitScore value='12125'/>
		<killScore value='5500'/>
		<buildingScore value='3550'/>
		<razingScore value='0'/>
		<mineralScore value='14706'/>
		<gasScore value='1528'/>
		<totalScore value='37409'/>
	</player>

	<enemy>
		<race value='Terran'/>
		<unitScore value='11700'/>
		<killScore value='21250'/>
		<buildingScore value='4025'/>
		<razingScore value='10650'/>
		<mineralScore value='13942'/>
		<gasScore value='6512'/>
		<totalScore value='68079'/>
	</enemy>

	<scoreRatio value='0.549494'/>
	<timeFitness value='0.239444'/>
	<unitsAverage value='50'/>
</results>
