<results>
	<result value='loss'/>
	<start value='2015-07-15.00:53:10'/>
	<end value='2015-07-15.00:53:30'/>
	<frames value='23190'/>
	<gameDuration value='1449'/>

	<player>
		<unitScore value='8375'/>
		<killScore value='3000'/>
		<buildingScore value='1950'/>
		<razingScore value='0'/>
		<mineralScore value='8738'/>
		<gasScore value='1368'/>
		<totalScore value='23431'/>
	</player>

	<enemy>
		<race value='Terran'/>
		<unitScore value='8100'/>
		<killScore value='16600'/>
		<buildingScore value='2700'/>
		<razingScore value='5850'/>
		<mineralScore value='11130'/>
		<gasScore value='3728'/>
		<totalScore value='48108'/>
	</enemy>

	<scoreRatio value='0.48705'/>
	<timeFitness value='0.20125'/>
	<unitsAverage value='33'/>
</results>
