<results>
	<result value='loss'/>
	<start value='2015-04-08.08:19:07'/>
	<end value='2015-04-08.08:19:35'/>
	<frames value='39682'/>
	<gameDuration value='2480'/>

	<player>
		<unitScore value='12650'/>
		<killScore value='11700'/>
		<buildingScore value='2950'/>
		<razingScore value='300'/>
		<mineralScore value='15498'/>
		<gasScore value='2832'/>
		<totalScore value='45930'/>
	</player>

	<enemy>
		<race value='Protoss'/>
		<unitScore value='25800'/>
		<unitScore value='25800'/>
		<killScore value='25300'/>
		<buildingScore value='8225'/>
		<razingScore value='8850'/>
		<mineralScore value='27234'/>
		<gasScore value='10512'/>
		<totalScore value='105921'/>
	</enemy>

	<scoreRatio value='0.433625'/>
</results>
