<results>
	<result value='loss'/>
	<start value='2015-04-12.11:22:21'/>
	<end value='2015-04-12.11:23:45'/>
	<frames value='52919'/>
	<gameDuration value='3307'/>

	<player>
		<unitScore value='20225'/>
		<killScore value='38250'/>
		<buildingScore value='2900'/>
		<razingScore value='300'/>
		<mineralScore value='31462'/>
		<gasScore value='5968'/>
		<totalScore value='99105'/>
	</player>

	<enemy>
		<race value='Protoss'/>
		<unitScore value='34775'/>
		<unitScore value='34775'/>
		<killScore value='39450'/>
		<buildingScore value='7275'/>
		<razingScore value='8700'/>
		<mineralScore value='31114'/>
		<gasScore value='12064'/>
		<totalScore value='133378'/>
	</enemy>

	<scoreRatio value='0.743039'/>
</results>
