<results>
	<result value='loss'/>
	<start value='2015-05-04.00:47:01'/>
	<end value='2015-05-04.00:47:20'/>
	<frames value='19718'/>
	<gameDuration value='1232'/>

	<player>
		<unitScore value='5475'/>
		<killScore value='1400'/>
		<buildingScore value='2325'/>
		<razingScore value='0'/>
		<mineralScore value='8290'/>
		<gasScore value='1160'/>
		<totalScore value='18650'/>
	</player>

	<enemy>
		<race value='Protoss'/>
		<unitScore value='5825'/>
		<unitScore value='5825'/>
		<killScore value='10950'/>
		<buildingScore value='4400'/>
		<razingScore value='6975'/>
		<mineralScore value='10474'/>
		<gasScore value='2952'/>
		<totalScore value='41576'/>
	</enemy>

	<scoreRatio value='0.448576'/>
	<timeFitness value='0.171111'/>
	<unitsAverage value='34'/>
</results>
