<results>
	<result value='draw'/>
	<start value='2015-05-04.00:55:34'/>
	<end value='2015-05-04.00:57:38'/>
	<frames value='57601'/>
	<gameDuration value='3600'/>

	<player>
		<unitScore value='32250'/>
		<killScore value='50050'/>
		<buildingScore value='3025'/>
		<razingScore value='4575'/>
		<mineralScore value='32434'/>
		<gasScore value='7526'/>
		<totalScore value='129860'/>
	</player>

	<enemy>
		<race value='Protoss'/>
		<unitScore value='33225'/>
		<unitScore value='33225'/>
		<killScore value='60250'/>
		<buildingScore value='6800'/>
		<razingScore value='300'/>
		<mineralScore value='29830'/>
		<gasScore value='11428'/>
		<totalScore value='141833'/>
	</enemy>

	<scoreRatio value='0.915584'/>
	<timeFitness value='0.5'/>
	<unitsAverage value='122'/>
</results>
