<results>
	<result value='win'/>
	<start value='2015-04-25.23:33:37'/>
	<end value='2015-04-25.23:33:58'/>
	<frames value='25794'/>
	<gameDuration value='1612'/>

	<player>
		<unitScore value='12150'/>
		<killScore value='19650'/>
		<buildingScore value='3450'/>
		<razingScore value='8850'/>
		<mineralScore value='19494'/>
		<gasScore value='2248'/>
		<totalScore value='65842'/>
	</player>

	<enemy>
		<race value='Terran'/>
		<unitScore value='10225'/>
		<unitScore value='10225'/>
		<killScore value='8750'/>
		<buildingScore value='2950'/>
		<razingScore value='0'/>
		<mineralScore value='11138'/>
		<gasScore value='4656'/>
		<totalScore value='37719'/>
	</enemy>

	<scoreRatio value='1.74559'/>
</results>
