<results>
	<result value='win'/>
	<start value='2015-04-25.23:45:32'/>
	<end value='2015-04-25.23:46:07'/>
	<frames value='30320'/>
	<gameDuration value='1895'/>

	<player>
		<unitScore value='18100'/>
		<killScore value='22550'/>
		<buildingScore value='4800'/>
		<razingScore value='7350'/>
		<mineralScore value='29370'/>
		<gasScore value='3736'/>
		<totalScore value='85906'/>
	</player>

	<enemy>
		<race value='Terran'/>
		<unitScore value='11275'/>
		<unitScore value='11275'/>
		<killScore value='13600'/>
		<buildingScore value='2450'/>
		<razingScore value='450'/>
		<mineralScore value='12050'/>
		<gasScore value='3208'/>
		<totalScore value='43033'/>
	</enemy>

	<scoreRatio value='1.99628'/>
</results>
