<results>
	<result value='draw'/>
	<start value='2015-04-26.00:02:43'/>
	<end value='2015-04-26.00:03:36'/>
	<frames value='57601'/>
	<gameDuration value='3600'/>

	<player>
		<unitScore value='28750'/>
		<killScore value='40650'/>
		<buildingScore value='3050'/>
		<razingScore value='2250'/>
		<mineralScore value='32310'/>
		<gasScore value='5044'/>
		<totalScore value='112054'/>
	</player>

	<enemy>
		<race value='Terran'/>
		<unitScore value='30075'/>
		<unitScore value='30075'/>
		<killScore value='46850'/>
		<buildingScore value='3450'/>
		<razingScore value='600'/>
		<mineralScore value='19550'/>
		<gasScore value='11254'/>
		<totalScore value='111779'/>
	</enemy>

	<scoreRatio value='1.00246'/>
</results>
