<results>
	<result value='loss'/>
	<start value='2015-04-26.00:11:49'/>
	<end value='2015-04-26.00:12:00'/>
	<frames value='20524'/>
	<gameDuration value='1282'/>

	<player>
		<unitScore value='7200'/>
		<killScore value='2700'/>
		<buildingScore value='1275'/>
		<razingScore value='0'/>
		<mineralScore value='8266'/>
		<gasScore value='1048'/>
		<totalScore value='20489'/>
	</player>

	<enemy>
		<race value='Terran'/>
		<unitScore value='8075'/>
		<unitScore value='8075'/>
		<killScore value='14400'/>
		<buildingScore value='2900'/>
		<razingScore value='3825'/>
		<mineralScore value='9746'/>
		<gasScore value='3744'/>
		<totalScore value='42690'/>
	</enemy>

	<scoreRatio value='0.479948'/>
</results>
