<results>
	<result value='win'/>
	<start value='2015-04-26.00:18:20'/>
	<end value='2015-04-26.00:19:00'/>
	<frames value='37109'/>
	<gameDuration value='2319'/>

	<player>
		<unitScore value='22975'/>
		<killScore value='27750'/>
		<buildingScore value='3150'/>
		<razingScore value='8100'/>
		<mineralScore value='27986'/>
		<gasScore value='4280'/>
		<totalScore value='94241'/>
	</player>

	<enemy>
		<race value='Terran'/>
		<unitScore value='13875'/>
		<unitScore value='13875'/>
		<killScore value='27750'/>
		<buildingScore value='2700'/>
		<razingScore value='300'/>
		<mineralScore value='12050'/>
		<gasScore value='5312'/>
		<totalScore value='61987'/>
	</enemy>

	<scoreRatio value='1.52033'/>
</results>
