<results>
	<result value='loss'/>
	<start value='2015-07-19.12:21:02'/>
	<end value='2015-07-19.12:22:13'/>
	<frames value='46161'/>
	<gameDuration value='2885'/>

	<player>
		<unitScore value='20100'/>
		<killScore value='31300'/>
		<buildingScore value='4325'/>
		<razingScore value='0'/>
		<mineralScore value='33770'/>
		<gasScore value='2080'/>
		<totalScore value='91575'/>
	</player>

	<enemy>
		<race value='Zerg'/>
		<unitScore value='27550'/>
		<killScore value='40200'/>
		<buildingScore value='5495'/>
		<razingScore value='12975'/>
		<mineralScore value='25658'/>
		<gasScore value='12394'/>
		<totalScore value='124272'/>
	</enemy>

	<scoreRatio value='0.736892'/>
	<timeFitness value='0.400694'/>
	<unitsAverage value='55'/>
</results>
