<results>
	<result value='loss'/>
	<start value='2015-07-19.12:24:32'/>
	<end value='2015-07-19.12:24:45'/>
	<frames value='18695'/>
	<gameDuration value='1168'/>

	<player>
		<unitScore value='800'/>
		<killScore value='300'/>
		<buildingScore value='725'/>
		<razingScore value='0'/>
		<mineralScore value='1226'/>
		<gasScore value='24'/>
		<totalScore value='3075'/>
	</player>

	<enemy>
		<race value='Zerg'/>
		<unitScore value='6575'/>
		<killScore value='1600'/>
		<buildingScore value='1520'/>
		<razingScore value='2175'/>
		<mineralScore value='7170'/>
		<gasScore value='2112'/>
		<totalScore value='21152'/>
	</enemy>

	<scoreRatio value='0.145376'/>
	<timeFitness value='0.162222'/>
	<unitsAverage value='5'/>
</results>
