<results>
	<result value='loss'/>
	<start value='2015-07-19.12:24:54'/>
	<end value='2015-07-19.12:25:49'/>
	<frames value='32273'/>
	<gameDuration value='2017'/>

	<player>
		<unitScore value='17375'/>
		<killScore value='17150'/>
		<buildingScore value='3375'/>
		<razingScore value='0'/>
		<mineralScore value='26490'/>
		<gasScore value='2944'/>
		<totalScore value='67334'/>
	</player>

	<enemy>
		<race value='Zerg'/>
		<unitScore value='19825'/>
		<killScore value='34650'/>
		<buildingScore value='3280'/>
		<razingScore value='10125'/>
		<mineralScore value='19102'/>
		<gasScore value='6656'/>
		<totalScore value='93638'/>
	</enemy>

	<scoreRatio value='0.719088'/>
	<timeFitness value='0.280139'/>
	<unitsAverage value='65'/>
</results>
