<results>
	<result value='loss'/>
	<start value='2015-04-07.21:49:58'/>
	<end value='2015-04-07.21:50:15'/>
	<frames value='31901'/>
	<gameDuration value='1993'/>

	<player>
		<unitScore value='6075'/>
		<killScore value='8350'/>
		<buildingScore value='1925'/>
		<razingScore value='0'/>
		<mineralScore value='12178'/>
		<gasScore value='1264'/>
		<totalScore value='29792'/>
	</player>

	<enemy>
		<race value='Protoss'/>
		<unitScore value='16700'/>
		<unitScore value='16700'/>
		<killScore value='11900'/>
		<buildingScore value='6975'/>
		<razingScore value='5775'/>
		<mineralScore value='19414'/>
		<gasScore value='7592'/>
		<totalScore value='68356'/>
	</enemy>

	<scoreRatio value='0.435836'/>
</results>
