<results>
	<result value='loss'/>
	<start value='2015-07-20.11:05:24'/>
	<end value='2015-07-20.11:07:56'/>
	<frames value='53477'/>
	<gameDuration value='3342'/>

	<player>
		<unitScore value='43825'/>
		<killScore value='34500'/>
		<buildingScore value='3175'/>
		<razingScore value='315'/>
		<mineralScore value='31534'/>
		<gasScore value='8908'/>
		<totalScore value='122257'/>
	</player>

	<enemy>
		<race value='Zerg'/>
		<unitScore value='33725'/>
		<killScore value='86400'/>
		<buildingScore value='4240'/>
		<razingScore value='9525'/>
		<mineralScore value='29602'/>
		<gasScore value='11464'/>
		<totalScore value='174956'/>
	</enemy>

	<scoreRatio value='0.698787'/>
	<timeFitness value='0.464167'/>
	<unitsAverage value='135'/>
</results>
