<results>
	<result value='win'/>
	<start value='2015-04-30.08:13:20'/>
	<end value='2015-04-30.08:14:58'/>
	<frames value='48703'/>
	<gameDuration value='3043'/>

	<player>
		<unitScore value='28400'/>
		<killScore value='47970'/>
		<buildingScore value='5925'/>
		<razingScore value='8640'/>
		<mineralScore value='41270'/>
		<gasScore value='6184'/>
		<totalScore value='138389'/>
	</player>

	<enemy>
		<race value='Zerg'/>
		<unitScore value='22900'/>
		<unitScore value='22900'/>
		<killScore value='28100'/>
		<buildingScore value='2880'/>
		<razingScore value='1425'/>
		<mineralScore value='21158'/>
		<gasScore value='8638'/>
		<totalScore value='85101'/>
	</enemy>

	<scoreRatio value='1.62617'/>
	<timeFitness value='0.577361'/>
	<unitsAverage value='161'/>
</results>
