<results>
	<result value='win'/>
	<start value='2015-04-30.08:16:40'/>
	<end value='2015-04-30.08:16:53'/>
	<frames value='22539'/>
	<gameDuration value='1408'/>

	<player>
		<unitScore value='7725'/>
		<killScore value='20130'/>
		<buildingScore value='1925'/>
		<razingScore value='4560'/>
		<mineralScore value='9394'/>
		<gasScore value='1168'/>
		<totalScore value='44902'/>
	</player>

	<enemy>
		<race value='Zerg'/>
		<unitScore value='9225'/>
		<unitScore value='9225'/>
		<killScore value='7200'/>
		<buildingScore value='1520'/>
		<razingScore value='0'/>
		<mineralScore value='9266'/>
		<gasScore value='2840'/>
		<totalScore value='30051'/>
	</enemy>

	<scoreRatio value='1.49419'/>
	<timeFitness value='0.804444'/>
	<unitsAverage value='43'/>
</results>
