<results>
	<result value='draw'/>
	<start value='2015-04-13.04:46:33'/>
	<end value='2015-04-13.04:47:33'/>
	<frames value='57601'/>
	<gameDuration value='3600'/>

	<player>
		<unitScore value='32250'/>
		<killScore value='44550'/>
		<buildingScore value='4500'/>
		<razingScore value='4950'/>
		<mineralScore value='35858'/>
		<gasScore value='7352'/>
		<totalScore value='129460'/>
	</player>

	<enemy>
		<race value='Protoss'/>
		<unitScore value='30650'/>
		<unitScore value='30650'/>
		<killScore value='56550'/>
		<buildingScore value='6575'/>
		<razingScore value='600'/>
		<mineralScore value='23462'/>
		<gasScore value='11802'/>
		<totalScore value='129639'/>
	</enemy>

	<scoreRatio value='0.998619'/>
</results>
