<results>
	<result value='loss'/>
	<start value='2015-04-09.10:59:13'/>
	<end value='2015-04-09.10:59:51'/>
	<frames value='50904'/>
	<gameDuration value='3181'/>

	<player>
		<unitScore value='23150'/>
		<killScore value='29100'/>
		<buildingScore value='2550'/>
		<razingScore value='6075'/>
		<mineralScore value='23994'/>
		<gasScore value='5122'/>
		<totalScore value='89991'/>
	</player>

	<enemy>
		<race value='Protoss'/>
		<unitScore value='30350'/>
		<unitScore value='30350'/>
		<killScore value='46300'/>
		<buildingScore value='10325'/>
		<razingScore value='7650'/>
		<mineralScore value='33682'/>
		<gasScore value='11040'/>
		<totalScore value='139347'/>
	</enemy>

	<scoreRatio value='0.645805'/>
</results>
