<results>
	<result value='loss'/>
	<start value='2015-05-10.01:49:32'/>
	<end value='2015-05-10.01:50:11'/>
	<frames value='39527'/>
	<gameDuration value='2470'/>

	<player>
		<unitScore value='18675'/>
		<killScore value='22100'/>
		<buildingScore value='3325'/>
		<razingScore value='750'/>
		<mineralScore value='22454'/>
		<gasScore value='4440'/>
		<totalScore value='71744'/>
	</player>

	<enemy>
		<race value='Protoss'/>
		<unitScore value='26125'/>
		<unitScore value='26125'/>
		<killScore value='37350'/>
		<buildingScore value='7025'/>
		<razingScore value='10275'/>
		<mineralScore value='29194'/>
		<gasScore value='8032'/>
		<totalScore value='118001'/>
	</enemy>

	<scoreRatio value='0.607995'/>
	<timeFitness value='0.343056'/>
	<unitsAverage value='75'/>
</results>
