<results>
	<result value='win'/>
	<start value='2015-04-26.03:27:36'/>
	<end value='2015-04-26.03:27:51'/>
	<frames value='21144'/>
	<gameDuration value='1321'/>

	<player>
		<unitScore value='8975'/>
		<killScore value='14650'/>
		<buildingScore value='3300'/>
		<razingScore value='6450'/>
		<mineralScore value='13342'/>
		<gasScore value='1976'/>
		<totalScore value='48693'/>
	</player>

	<enemy>
		<race value='Terran'/>
		<unitScore value='7325'/>
		<unitScore value='7325'/>
		<killScore value='3250'/>
		<buildingScore value='2150'/>
		<razingScore value='1575'/>
		<mineralScore value='8554'/>
		<gasScore value='2576'/>
		<totalScore value='25430'/>
	</enemy>

	<scoreRatio value='1.91479'/>
</results>
