<results>
	<result value='win'/>
	<start value='2015-04-26.03:40:28'/>
	<end value='2015-04-26.03:41:00'/>
	<frames value='34350'/>
	<gameDuration value='2146'/>

	<player>
		<unitScore value='16150'/>
		<killScore value='27500'/>
		<buildingScore value='5775'/>
		<razingScore value='11100'/>
		<mineralScore value='25122'/>
		<gasScore value='3624'/>
		<totalScore value='89271'/>
	</player>

	<enemy>
		<race value='Terran'/>
		<unitScore value='16150'/>
		<unitScore value='16150'/>
		<killScore value='13600'/>
		<buildingScore value='3700'/>
		<razingScore value='3000'/>
		<mineralScore value='13114'/>
		<gasScore value='5840'/>
		<totalScore value='55404'/>
	</enemy>

	<scoreRatio value='1.61127'/>
</results>
