<results>
	<result value='loss'/>
	<start value='2015-05-03.01:17:24'/>
	<end value='2015-05-03.01:17:30'/>
	<frames value='14417'/>
	<gameDuration value='901'/>

	<player>
		<unitScore value='2125'/>
		<killScore value='200'/>
		<buildingScore value='1300'/>
		<razingScore value='0'/>
		<mineralScore value='3058'/>
		<gasScore value='784'/>
		<totalScore value='7467'/>
	</player>

	<enemy>
		<race value='Protoss'/>
		<unitScore value='3550'/>
		<unitScore value='3550'/>
		<killScore value='4500'/>
		<buildingScore value='2375'/>
		<razingScore value='3900'/>
		<mineralScore value='7474'/>
		<gasScore value='1240'/>
		<totalScore value='23039'/>
	</enemy>

	<scoreRatio value='0.324103'/>
	<timeFitness value='0.125139'/>
	<unitsAverage value='17'/>
</results>
