<results>
	<result value='draw'/>
	<start value='2015-05-03.01:18:43'/>
	<end value='2015-05-03.01:19:32'/>
	<frames value='57601'/>
	<gameDuration value='3600'/>

	<player>
		<unitScore value='23075'/>
		<killScore value='53640'/>
		<buildingScore value='2850'/>
		<razingScore value='12600'/>
		<mineralScore value='25210'/>
		<gasScore value='5338'/>
		<totalScore value='122713'/>
	</player>

	<enemy>
		<race value='Protoss'/>
		<unitScore value='32835'/>
		<unitScore value='32835'/>
		<killScore value='39350'/>
		<buildingScore value='9325'/>
		<razingScore value='675'/>
		<mineralScore value='32958'/>
		<gasScore value='10932'/>
		<totalScore value='126075'/>
	</enemy>

	<scoreRatio value='0.973333'/>
	<timeFitness value='0.5'/>
	<unitsAverage value='94'/>
</results>
