<results>
	<result value='loss'/>
	<start value='2015-05-03.01:23:17'/>
	<end value='2015-05-03.01:23:45'/>
	<frames value='36892'/>
	<gameDuration value='2305'/>

	<player>
		<unitScore value='11300'/>
		<killScore value='9350'/>
		<buildingScore value='3550'/>
		<razingScore value='0'/>
		<mineralScore value='26050'/>
		<gasScore value='3872'/>
		<totalScore value='54122'/>
	</player>

	<enemy>
		<race value='Protoss'/>
		<unitScore value='23515'/>
		<unitScore value='23515'/>
		<killScore value='22600'/>
		<buildingScore value='8000'/>
		<razingScore value='10650'/>
		<mineralScore value='26854'/>
		<gasScore value='9302'/>
		<totalScore value='100921'/>
	</enemy>

	<scoreRatio value='0.536281'/>
	<timeFitness value='0.320139'/>
	<unitsAverage value='78'/>
</results>
