<results>
	<result value='loss'/>
	<start value='2015-07-18.01:35:20'/>
	<end value='2015-07-18.01:35:37'/>
	<frames value='18850'/>
	<gameDuration value='1178'/>

	<player>
		<unitScore value='4425'/>
		<killScore value='2900'/>
		<buildingScore value='1650'/>
		<razingScore value='0'/>
		<mineralScore value='5226'/>
		<gasScore value='1152'/>
		<totalScore value='15353'/>
	</player>

	<enemy>
		<race value='Terran'/>
		<unitScore value='5675'/>
		<killScore value='8500'/>
		<buildingScore value='2300'/>
		<razingScore value='4950'/>
		<mineralScore value='7210'/>
		<gasScore value='2152'/>
		<totalScore value='30787'/>
	</enemy>

	<scoreRatio value='0.498684'/>
	<timeFitness value='0.163611'/>
	<unitsAverage value='24'/>
</results>
