<results>
	<result value='win'/>
	<start value='2015-05-06.15:10:55'/>
	<end value='2015-05-06.15:11:43'/>
	<frames value='26724'/>
	<gameDuration value='1670'/>

	<player>
		<unitScore value='17500'/>
		<killScore value='29910'/>
		<buildingScore value='3950'/>
		<razingScore value='5040'/>
		<mineralScore value='28778'/>
		<gasScore value='3024'/>
		<totalScore value='88202'/>
	</player>

	<enemy>
		<race value='Zerg'/>
		<unitScore value='12825'/>
		<unitScore value='12825'/>
		<killScore value='15700'/>
		<buildingScore value='1680'/>
		<razingScore value='0'/>
		<mineralScore value='11270'/>
		<gasScore value='3216'/>
		<totalScore value='44691'/>
	</enemy>

	<scoreRatio value='1.9736'/>
	<timeFitness value='0.768056'/>
	<unitsAverage value='95'/>
</results>
