<results>
	<result value='win'/>
	<start value='2015-05-06.15:16:37'/>
	<end value='2015-05-06.15:17:19'/>
	<frames value='25701'/>
	<gameDuration value='1606'/>

	<player>
		<unitScore value='15250'/>
		<killScore value='18500'/>
		<buildingScore value='3925'/>
		<razingScore value='5655'/>
		<mineralScore value='22466'/>
		<gasScore value='2160'/>
		<totalScore value='67956'/>
	</player>

	<enemy>
		<race value='Zerg'/>
		<unitScore value='9500'/>
		<unitScore value='9500'/>
		<killScore value='12600'/>
		<buildingScore value='1885'/>
		<razingScore value='0'/>
		<mineralScore value='9042'/>
		<gasScore value='3000'/>
		<totalScore value='36027'/>
	</enemy>

	<scoreRatio value='1.88625'/>
	<timeFitness value='0.776944'/>
	<unitsAverage value='87'/>
</results>
