<results>
	<result value='win'/>
	<start value='2015-05-06.15:23:46'/>
	<end value='2015-05-06.15:24:41'/>
	<frames value='30940'/>
	<gameDuration value='1933'/>

	<player>
		<unitScore value='14150'/>
		<killScore value='36010'/>
		<buildingScore value='3775'/>
		<razingScore value='5595'/>
		<mineralScore value='31578'/>
		<gasScore value='3168'/>
		<totalScore value='94276'/>
	</player>

	<enemy>
		<race value='Zerg'/>
		<unitScore value='15575'/>
		<unitScore value='15575'/>
		<killScore value='14000'/>
		<buildingScore value='1865'/>
		<razingScore value='0'/>
		<mineralScore value='13350'/>
		<gasScore value='3448'/>
		<totalScore value='48238'/>
	</enemy>

	<scoreRatio value='1.95439'/>
	<timeFitness value='0.731528'/>
	<unitsAverage value='97'/>
</results>
