<results>
	<result value='win'/>
	<start value='2015-05-06.15:28:36'/>
	<end value='2015-05-06.15:30:48'/>
	<frames value='47556'/>
	<gameDuration value='2972'/>

	<player>
		<unitScore value='34175'/>
		<killScore value='50415'/>
		<buildingScore value='4250'/>
		<razingScore value='5475'/>
		<mineralScore value='41094'/>
		<gasScore value='6232'/>
		<totalScore value='141641'/>
	</player>

	<enemy>
		<race value='Zerg'/>
		<unitScore value='23200'/>
		<unitScore value='23200'/>
		<killScore value='45000'/>
		<buildingScore value='1825'/>
		<razingScore value='150'/>
		<mineralScore value='18162'/>
		<gasScore value='7384'/>
		<totalScore value='95721'/>
	</enemy>

	<scoreRatio value='1.47973'/>
	<timeFitness value='0.587222'/>
	<unitsAverage value='143'/>
</results>
