<results>
	<result value='win'/>
	<start value='2015-05-06.15:32:40'/>
	<end value='2015-05-06.15:33:14'/>
	<frames value='22260'/>
	<gameDuration value='1391'/>

	<player>
		<unitScore value='12725'/>
		<killScore value='19420'/>
		<buildingScore value='3725'/>
		<razingScore value='4560'/>
		<mineralScore value='18282'/>
		<gasScore value='1712'/>
		<totalScore value='60424'/>
	</player>

	<enemy>
		<race value='Zerg'/>
		<unitScore value='9125'/>
		<unitScore value='9125'/>
		<killScore value='8800'/>
		<buildingScore value='1520'/>
		<razingScore value='0'/>
		<mineralScore value='8938'/>
		<gasScore value='2912'/>
		<totalScore value='31295'/>
	</enemy>

	<scoreRatio value='1.93079'/>
	<timeFitness value='0.806806'/>
	<unitsAverage value='77'/>
</results>
