<results>
	<result value='loss'/>
	<start value='2015-05-06.15:33:26'/>
	<end value='2015-05-06.15:33:31'/>
	<frames value='7008'/>
	<gameDuration value='438'/>

	<player>
		<unitScore value='850'/>
		<killScore value='100'/>
		<buildingScore value='575'/>
		<razingScore value='0'/>
		<mineralScore value='1186'/>
		<gasScore value='16'/>
		<totalScore value='2727'/>
	</player>

	<enemy>
		<race value='Zerg'/>
		<unitScore value='1200'/>
		<unitScore value='1200'/>
		<killScore value='1600'/>
		<buildingScore value='375'/>
		<razingScore value='1725'/>
		<mineralScore value='1850'/>
		<gasScore value='0'/>
		<totalScore value='6750'/>
	</enemy>

	<scoreRatio value='0.404'/>
	<timeFitness value='0.0608333'/>
	<unitsAverage value='9'/>
</results>
