<results>
	<result value='win'/>
	<start value='2015-05-07.19:30:24'/>
	<end value='2015-05-07.19:30:50'/>
	<frames value='28460'/>
	<gameDuration value='1778'/>

	<player>
		<unitScore value='15875'/>
		<killScore value='23780'/>
		<buildingScore value='4400'/>
		<razingScore value='5940'/>
		<mineralScore value='26970'/>
		<gasScore value='2152'/>
		<totalScore value='79117'/>
	</player>

	<enemy>
		<race value='Zerg'/>
		<unitScore value='11300'/>
		<unitScore value='11300'/>
		<killScore value='12750'/>
		<buildingScore value='1980'/>
		<razingScore value='0'/>
		<mineralScore value='10858'/>
		<gasScore value='3400'/>
		<totalScore value='40288'/>
	</enemy>

	<scoreRatio value='1.96379'/>
	<timeFitness value='0.753056'/>
	<unitsAverage value='96'/>
</results>
