<results>
	<result value='win'/>
	<start value='2015-05-07.19:39:03'/>
	<end value='2015-05-07.19:39:46'/>
	<frames value='28150'/>
	<gameDuration value='1759'/>

	<player>
		<unitScore value='19900'/>
		<killScore value='30160'/>
		<buildingScore value='4550'/>
		<razingScore value='5940'/>
		<mineralScore value='28146'/>
		<gasScore value='3344'/>
		<totalScore value='92040'/>
	</player>

	<enemy>
		<race value='Zerg'/>
		<unitScore value='12975'/>
		<unitScore value='12975'/>
		<killScore value='17250'/>
		<buildingScore value='1980'/>
		<razingScore value='0'/>
		<mineralScore value='11930'/>
		<gasScore value='3504'/>
		<totalScore value='47639'/>
	</enemy>

	<scoreRatio value='1.93203'/>
	<timeFitness value='0.755694'/>
	<unitsAverage value='107'/>
</results>
