<results>
	<result value='win'/>
	<start value='2015-05-07.19:41:55'/>
	<end value='2015-05-07.19:42:25'/>
	<frames value='29979'/>
	<gameDuration value='1873'/>

	<player>
		<unitScore value='19650'/>
		<killScore value='30130'/>
		<buildingScore value='3825'/>
		<razingScore value='6015'/>
		<mineralScore value='26706'/>
		<gasScore value='3544'/>
		<totalScore value='89870'/>
	</player>

	<enemy>
		<race value='Zerg'/>
		<unitScore value='13350'/>
		<unitScore value='13350'/>
		<killScore value='19200'/>
		<buildingScore value='2005'/>
		<razingScore value='0'/>
		<mineralScore value='12082'/>
		<gasScore value='3752'/>
		<totalScore value='50389'/>
	</enemy>

	<scoreRatio value='1.78352'/>
	<timeFitness value='0.739861'/>
	<unitsAverage value='94'/>
</results>
