<results>
	<result value='win'/>
	<start value='2015-04-13.14:15:46'/>
	<end value='2015-04-13.14:16:13'/>
	<frames value='30320'/>
	<gameDuration value='1895'/>

	<player>
		<unitScore value='17550'/>
		<killScore value='18200'/>
		<buildingScore value='4400'/>
		<razingScore value='17100'/>
		<mineralScore value='26194'/>
		<gasScore value='2728'/>
		<totalScore value='86172'/>
	</player>

	<enemy>
		<race value='Protoss'/>
		<unitScore value='9100'/>
		<unitScore value='9100'/>
		<killScore value='14200'/>
		<buildingScore value='5700'/>
		<razingScore value='375'/>
		<mineralScore value='14306'/>
		<gasScore value='2040'/>
		<totalScore value='45721'/>
	</enemy>

	<scoreRatio value='1.88474'/>
</results>
