<results>
	<result value='loss'/>
	<start value='2015-07-15.05:49:00'/>
	<end value='2015-07-15.05:49:38'/>
	<frames value='38876'/>
	<gameDuration value='2429'/>

	<player>
		<unitScore value='10000'/>
		<killScore value='10300'/>
		<buildingScore value='2775'/>
		<razingScore value='1200'/>
		<mineralScore value='11570'/>
		<gasScore value='1560'/>
		<totalScore value='37405'/>
	</player>

	<enemy>
		<race value='Terran'/>
		<unitScore value='12175'/>
		<killScore value='17250'/>
		<buildingScore value='4425'/>
		<razingScore value='8325'/>
		<mineralScore value='15146'/>
		<gasScore value='7272'/>
		<totalScore value='64593'/>
	</enemy>

	<scoreRatio value='0.579087'/>
	<timeFitness value='0.337361'/>
	<unitsAverage value='38'/>
</results>
