<results>
	<result value='loss'/>
	<start value='2015-04-08.15:28:31'/>
	<end value='2015-04-08.15:29:09'/>
	<frames value='47835'/>
	<gameDuration value='2989'/>

	<player>
		<unitScore value='18350'/>
		<killScore value='24050'/>
		<buildingScore value='2275'/>
		<razingScore value='3150'/>
		<mineralScore value='19534'/>
		<gasScore value='3872'/>
		<totalScore value='71231'/>
	</player>

	<enemy>
		<race value='Protoss'/>
		<unitScore value='27900'/>
		<unitScore value='27900'/>
		<killScore value='36800'/>
		<buildingScore value='8025'/>
		<razingScore value='6825'/>
		<mineralScore value='31926'/>
		<gasScore value='8506'/>
		<totalScore value='119982'/>
	</enemy>

	<scoreRatio value='0.593681'/>
</results>
