<results>
	<result value='win'/>
	<start value='2015-04-10.15:41:55'/>
	<end value='2015-04-10.15:42:37'/>
	<frames value='50749'/>
	<gameDuration value='3171'/>

	<player>
		<unitScore value='20800'/>
		<killScore value='39870'/>
		<buildingScore value='2700'/>
		<razingScore value='21000'/>
		<mineralScore value='22598'/>
		<gasScore value='3904'/>
		<totalScore value='110872'/>
	</player>

	<enemy>
		<race value='Protoss'/>
		<unitScore value='22040'/>
		<unitScore value='22040'/>
		<killScore value='28550'/>
		<buildingScore value='7000'/>
		<razingScore value='1500'/>
		<mineralScore value='23350'/>
		<gasScore value='8256'/>
		<totalScore value='90696'/>
	</enemy>

	<scoreRatio value='1.22246'/>
</results>
