<results>
	<result value='loss'/>
	<start value='2015-04-10.15:50:00'/>
	<end value='2015-04-10.15:50:37'/>
	<frames value='45386'/>
	<gameDuration value='2836'/>

	<player>
		<unitScore value='18725'/>
		<killScore value='19950'/>
		<buildingScore value='3125'/>
		<razingScore value='6450'/>
		<mineralScore value='21790'/>
		<gasScore value='4432'/>
		<totalScore value='74472'/>
	</player>

	<enemy>
		<race value='Protoss'/>
		<unitScore value='17100'/>
		<unitScore value='17100'/>
		<killScore value='37450'/>
		<buildingScore value='8575'/>
		<razingScore value='9375'/>
		<mineralScore value='29234'/>
		<gasScore value='5870'/>
		<totalScore value='107604'/>
	</enemy>

	<scoreRatio value='0.692093'/>
</results>
