<results>
	<result value='win'/>
	<start value='2014-07-22.18:45:06'/>
	<end value='2014-07-22.18:45:28'/>
	<frames value='26042'/>
	<gameDuration value='1627'/>

	<player>
		<unitScore value='11375'/>
		<killScore value='15800'/>
		<buildingScore value='4575'/>
		<razingScore value='6900'/>
		<mineralScore value='23234'/>
		<gasScore value='2440'/>
		<totalScore value='64324'/>
	</player>

	<enemy>
		<race value='Terran'/>
		<unitScore value='7900'/>
		<unitScore value='7900'/>
		<killScore value='4750'/>
		<buildingScore value='2300'/>
		<razingScore value='1875'/>
		<mineralScore value='8442'/>
		<gasScore value='2448'/>
		<totalScore value='27715'/>
	</enemy>

	<scoreRatio value='2.32091'/>
</results>
