<results>
	<result value='win'/>
	<start value='2015-04-26.16:29:48'/>
	<end value='2015-04-26.16:30:23'/>
	<frames value='36458'/>
	<gameDuration value='2278'/>

	<player>
		<unitScore value='19675'/>
		<killScore value='38900'/>
		<buildingScore value='4575'/>
		<razingScore value='10050'/>
		<mineralScore value='26890'/>
		<gasScore value='3136'/>
		<totalScore value='103226'/>
	</player>

	<enemy>
		<race value='Terran'/>
		<unitScore value='21850'/>
		<unitScore value='21850'/>
		<killScore value='21550'/>
		<buildingScore value='3350'/>
		<razingScore value='2250'/>
		<mineralScore value='15562'/>
		<gasScore value='7482'/>
		<totalScore value='72044'/>
	</enemy>

	<scoreRatio value='1.43282'/>
</results>
