<results>
	<result value='loss'/>
	<start value='2015-04-26.16:32:18'/>
	<end value='2015-04-26.16:32:30'/>
	<frames value='21144'/>
	<gameDuration value='1321'/>

	<player>
		<unitScore value='6000'/>
		<killScore value='4700'/>
		<buildingScore value='1925'/>
		<razingScore value='0'/>
		<mineralScore value='7578'/>
		<gasScore value='1200'/>
		<totalScore value='21403'/>
	</player>

	<enemy>
		<race value='Terran'/>
		<unitScore value='8225'/>
		<unitScore value='8225'/>
		<killScore value='12000'/>
		<buildingScore value='3225'/>
		<razingScore value='5775'/>
		<mineralScore value='10082'/>
		<gasScore value='4200'/>
		<totalScore value='43507'/>
	</enemy>

	<scoreRatio value='0.491944'/>
</results>
