<results>
	<result value='loss'/>
	<start value='2015-04-26.16:36:57'/>
	<end value='2015-04-26.16:37:27'/>
	<frames value='47184'/>
	<gameDuration value='2949'/>

	<player>
		<unitScore value='11175'/>
		<killScore value='20500'/>
		<buildingScore value='3050'/>
		<razingScore value='2925'/>
		<mineralScore value='14274'/>
		<gasScore value='1928'/>
		<totalScore value='53852'/>
	</player>

	<enemy>
		<race value='Terran'/>
		<unitScore value='23750'/>
		<unitScore value='23750'/>
		<killScore value='22350'/>
		<buildingScore value='5225'/>
		<razingScore value='9150'/>
		<mineralScore value='20278'/>
		<gasScore value='11232'/>
		<totalScore value='91985'/>
	</enemy>

	<scoreRatio value='0.585443'/>
</results>
