<results>
	<result value='win'/>
	<start value='2015-04-16.17:52:35'/>
	<end value='2015-04-16.17:54:29'/>
	<frames value='38411'/>
	<gameDuration value='2400'/>

	<player>
		<unitScore value='29900'/>
		<killScore value='36650'/>
		<buildingScore value='4250'/>
		<razingScore value='20325'/>
		<mineralScore value='37542'/>
		<gasScore value='5200'/>
		<totalScore value='133867'/>
	</player>

	<enemy>
		<race value='Protoss'/>
		<unitScore value='20125'/>
		<unitScore value='20125'/>
		<killScore value='37000'/>
		<buildingScore value='6775'/>
		<razingScore value='375'/>
		<mineralScore value='23482'/>
		<gasScore value='6848'/>
		<totalScore value='94605'/>
	</enemy>

	<scoreRatio value='1.41501'/>
</results>
