<results>
	<result value='win'/>
	<start value='2015-05-09.17:54:46'/>
	<end value='2015-05-09.17:55:26'/>
	<frames value='38380'/>
	<gameDuration value='2398'/>

	<player>
		<unitScore value='19600'/>
		<killScore value='13200'/>
		<buildingScore value='4075'/>
		<razingScore value='15525'/>
		<mineralScore value='27226'/>
		<gasScore value='3440'/>
		<totalScore value='83066'/>
	</player>

	<enemy>
		<race value='Protoss'/>
		<unitScore value='6600'/>
		<unitScore value='6600'/>
		<killScore value='13350'/>
		<buildingScore value='5175'/>
		<razingScore value='0'/>
		<mineralScore value='16138'/>
		<gasScore value='2104'/>
		<totalScore value='43367'/>
	</enemy>

	<scoreRatio value='1.91542'/>
	<timeFitness value='0.666944'/>
	<unitsAverage value='105'/>
</results>
