<results>
	<result value='win'/>
	<start value='2015-05-03.12:39:15'/>
	<end value='2015-05-03.12:39:45'/>
	<frames value='36396'/>
	<gameDuration value='2274'/>

	<player>
		<unitScore value='26750'/>
		<killScore value='33000'/>
		<buildingScore value='3325'/>
		<razingScore value='13125'/>
		<mineralScore value='31050'/>
		<gasScore value='0'/>
		<totalScore value='107250'/>
	</player>

	<enemy>
		<race value='Protoss'/>
		<unitScore value='18225'/>
		<unitScore value='18225'/>
		<killScore value='41400'/>
		<buildingScore value='4375'/>
		<razingScore value='1200'/>
		<mineralScore value='14986'/>
		<gasScore value='5720'/>
		<totalScore value='85906'/>
	</enemy>

	<scoreRatio value='1.24846'/>
	<timeFitness value='0.684167'/>
	<unitsAverage value='89'/>
</results>
