<results>
	<result value='loss'/>
	<start value='2015-05-10.01:47:15'/>
	<end value='2015-05-10.01:47:22'/>
	<frames value='14789'/>
	<gameDuration value='924'/>

	<player>
		<unitScore value='2950'/>
		<killScore value='800'/>
		<buildingScore value='1525'/>
		<razingScore value='0'/>
		<mineralScore value='4514'/>
		<gasScore value='848'/>
		<totalScore value='10637'/>
	</player>

	<enemy>
		<race value='Protoss'/>
		<unitScore value='3550'/>
		<unitScore value='3550'/>
		<killScore value='5900'/>
		<buildingScore value='2625'/>
		<razingScore value='4575'/>
		<mineralScore value='7714'/>
		<gasScore value='1368'/>
		<totalScore value='25732'/>
	</enemy>

	<scoreRatio value='0.413376'/>
	<timeFitness value='0.128333'/>
	<unitsAverage value='22'/>
</results>
