<results>
	<result value='win'/>
	<start value='2014-07-01.03:44:29'/>
	<end value='2014-07-01.03:44:46'/>
	<frames value='24244'/>
	<gameDuration value='1515'/>

	<player>
		<unitScore value='11825'/>
		<killScore value='11900'/>
		<buildingScore value='3500'/>
		<razingScore value='8775'/>
		<mineralScore value='20162'/>
		<gasScore value='2048'/>
		<totalScore value='58210'/>
	</player>

	<enemy>
		<race value='Protoss'/>
		<unitScore value='5950'/>
		<unitScore value='5950'/>
		<killScore value='8250'/>
		<buildingScore value='2925'/>
		<razingScore value='0'/>
		<mineralScore value='8978'/>
		<gasScore value='1264'/>
		<totalScore value='27367'/>
	</enemy>

	<scoreRatio value='2.12701'/>
</results>
