<results>
	<result value='win'/>
	<start value='2014-07-01.03:55:56'/>
	<end value='2014-07-01.03:56:24'/>
	<frames value='29080'/>
	<gameDuration value='1817'/>

	<player>
		<unitScore value='17775'/>
		<killScore value='18700'/>
		<buildingScore value='3900'/>
		<razingScore value='15825'/>
		<mineralScore value='27586'/>
		<gasScore value='3344'/>
		<totalScore value='87130'/>
	</player>

	<enemy>
		<race value='Protoss'/>
		<unitScore value='9925'/>
		<unitScore value='9925'/>
		<killScore value='12900'/>
		<buildingScore value='5275'/>
		<razingScore value='150'/>
		<mineralScore value='14858'/>
		<gasScore value='3208'/>
		<totalScore value='46316'/>
	</enemy>

	<scoreRatio value='1.88121'/>
</results>
