<results>
	<result value='win'/>
	<start value='2015-04-26.14:25:57'/>
	<end value='2015-04-26.14:26:09'/>
	<frames value='17858'/>
	<gameDuration value='1116'/>

	<player>
		<unitScore value='6650'/>
		<killScore value='10800'/>
		<buildingScore value='1825'/>
		<razingScore value='4125'/>
		<mineralScore value='9954'/>
		<gasScore value='1192'/>
		<totalScore value='34546'/>
	</player>

	<enemy>
		<race value='Terran'/>
		<unitScore value='5400'/>
		<unitScore value='5400'/>
		<killScore value='4650'/>
		<buildingScore value='1450'/>
		<razingScore value='150'/>
		<mineralScore value='7698'/>
		<gasScore value='2016'/>
		<totalScore value='21364'/>
	</enemy>

	<scoreRatio value='1.61702'/>
</results>
