<results>
	<result value='win'/>
	<start value='2015-05-08.03:48:50'/>
	<end value='2015-05-08.03:49:09'/>
	<frames value='26259'/>
	<gameDuration value='1641'/>

	<player>
		<unitScore value='12575'/>
		<killScore value='20700'/>
		<buildingScore value='4000'/>
		<razingScore value='8025'/>
		<mineralScore value='18994'/>
		<gasScore value='2040'/>
		<totalScore value='66334'/>
	</player>

	<enemy>
		<race value='Terran'/>
		<unitScore value='10350'/>
		<unitScore value='10350'/>
		<killScore value='7650'/>
		<buildingScore value='2675'/>
		<razingScore value='1800'/>
		<mineralScore value='11046'/>
		<gasScore value='3872'/>
		<totalScore value='37393'/>
	</enemy>

	<scoreRatio value='1.77397'/>
	<timeFitness value='0.772083'/>
	<unitsAverage value='76'/>
</results>
