<results>
	<result value='win'/>
	<start value='2015-05-03.20:07:11'/>
	<end value='2015-05-03.20:07:59'/>
	<frames value='30661'/>
	<gameDuration value='1916'/>

	<player>
		<unitScore value='16150'/>
		<killScore value='26700'/>
		<buildingScore value='4675'/>
		<razingScore value='11325'/>
		<mineralScore value='28194'/>
		<gasScore value='2584'/>
		<totalScore value='89628'/>
	</player>

	<enemy>
		<race value='Terran'/>
		<unitScore value='17150'/>
		<unitScore value='17150'/>
		<killScore value='9150'/>
		<buildingScore value='3775'/>
		<razingScore value='825'/>
		<mineralScore value='13690'/>
		<gasScore value='6752'/>
		<totalScore value='51342'/>
	</enemy>

	<scoreRatio value='1.74571'/>
	<timeFitness value='0.733889'/>
	<unitsAverage value='105'/>
</results>
