<results>
	<result value='loss'/>
	<start value='2015-07-21.02:05:00'/>
	<end value='2015-07-21.02:05:26'/>
	<frames value='23717'/>
	<gameDuration value='1482'/>

	<player>
		<unitScore value='8400'/>
		<killScore value='2450'/>
		<buildingScore value='2900'/>
		<razingScore value='0'/>
		<mineralScore value='9498'/>
		<gasScore value='1880'/>
		<totalScore value='25128'/>
	</player>

	<enemy>
		<race value='Zerg'/>
		<unitScore value='12600'/>
		<killScore value='13500'/>
		<buildingScore value='3085'/>
		<razingScore value='8700'/>
		<mineralScore value='13522'/>
		<gasScore value='4256'/>
		<totalScore value='55663'/>
	</enemy>

	<scoreRatio value='0.451431'/>
	<timeFitness value='0.205833'/>
	<unitsAverage value='41'/>
</results>
