<results>
	<result value='loss'/>
	<start value='2014-07-10.16:51:26'/>
	<end value='2014-07-10.16:52:04'/>
	<frames value='48362'/>
	<gameDuration value='3022'/>

	<player>
		<unitScore value='21475'/>
		<killScore value='18100'/>
		<buildingScore value='3175'/>
		<razingScore value='3900'/>
		<mineralScore value='24106'/>
		<gasScore value='3352'/>
		<totalScore value='74108'/>
	</player>

	<enemy>
		<race value='Protoss'/>
		<unitScore value='28650'/>
		<unitScore value='28650'/>
		<killScore value='43050'/>
		<buildingScore value='8725'/>
		<razingScore value='9525'/>
		<mineralScore value='32010'/>
		<gasScore value='10780'/>
		<totalScore value='132740'/>
	</enemy>

	<scoreRatio value='0.558294'/>
</results>
