<results>
	<result value='draw'/>
	<start value='2015-04-28.05:31:50'/>
	<end value='2015-04-28.05:33:40'/>
	<frames value='57601'/>
	<gameDuration value='3600'/>

	<player>
		<unitScore value='29850'/>
		<killScore value='56850'/>
		<buildingScore value='2875'/>
		<razingScore value='2250'/>
		<mineralScore value='31542'/>
		<gasScore value='9748'/>
		<totalScore value='133115'/>
	</player>

	<enemy>
		<race value='Protoss'/>
		<unitScore value='38225'/>
		<unitScore value='38225'/>
		<killScore value='47200'/>
		<buildingScore value='6825'/>
		<razingScore value='0'/>
		<mineralScore value='31550'/>
		<gasScore value='11458'/>
		<totalScore value='135258'/>
	</enemy>

	<scoreRatio value='0.984156'/>
</results>
