<results>
	<result value='loss'/>
	<start value='2015-05-08.18:42:37'/>
	<end value='2015-05-08.18:42:47'/>
	<frames value='17207'/>
	<gameDuration value='1075'/>

	<player>
		<unitScore value='3250'/>
		<killScore value='700'/>
		<buildingScore value='1400'/>
		<razingScore value='0'/>
		<mineralScore value='4770'/>
		<gasScore value='560'/>
		<totalScore value='10680'/>
	</player>

	<enemy>
		<race value='Terran'/>
		<unitScore value='5700'/>
		<unitScore value='5700'/>
		<killScore value='6500'/>
		<buildingScore value='2175'/>
		<razingScore value='4200'/>
		<mineralScore value='7970'/>
		<gasScore value='2696'/>
		<totalScore value='29241'/>
	</enemy>

	<scoreRatio value='0.365241'/>
	<timeFitness value='0.149306'/>
	<unitsAverage value='22'/>
</results>
