<results>
	<result value='draw'/>
	<start value='2015-04-14.05:07:54'/>
	<end value='2015-04-14.05:09:26'/>
	<frames value='57601'/>
	<gameDuration value='3600'/>

	<player>
		<unitScore value='24950'/>
		<killScore value='57050'/>
		<buildingScore value='2750'/>
		<razingScore value='7875'/>
		<mineralScore value='25510'/>
		<gasScore value='5366'/>
		<totalScore value='123501'/>
	</player>

	<enemy>
		<race value='Protoss'/>
		<unitScore value='36825'/>
		<unitScore value='36825'/>
		<killScore value='48550'/>
		<buildingScore value='9100'/>
		<razingScore value='1725'/>
		<mineralScore value='36142'/>
		<gasScore value='11000'/>
		<totalScore value='143342'/>
	</enemy>

	<scoreRatio value='0.861583'/>
</results>
