<results>
	<result value='win'/>
	<start value='2015-04-28.11:21:37'/>
	<end value='2015-04-28.11:22:34'/>
	<frames value='36985'/>
	<gameDuration value='2311'/>

	<player>
		<unitScore value='22000'/>
		<killScore value='27500'/>
		<buildingScore value='3525'/>
		<razingScore value='13050'/>
		<mineralScore value='28610'/>
		<gasScore value='2584'/>
		<totalScore value='97269'/>
	</player>

	<enemy>
		<race value='Terran'/>
		<unitScore value='14550'/>
		<unitScore value='14550'/>
		<killScore value='19350'/>
		<buildingScore value='4350'/>
		<razingScore value='1350'/>
		<mineralScore value='13938'/>
		<gasScore value='6088'/>
		<totalScore value='59626'/>
	</enemy>

	<scoreRatio value='1.63132'/>
</results>
