<results>
	<result value='loss'/>
	<start value='2015-04-10.23:21:44'/>
	<end value='2015-04-10.23:21:58'/>
	<frames value='16432'/>
	<gameDuration value='1027'/>

	<player>
		<unitScore value='3300'/>
		<killScore value='1000'/>
		<buildingScore value='1275'/>
		<razingScore value='0'/>
		<mineralScore value='4850'/>
		<gasScore value='768'/>
		<totalScore value='11193'/>
	</player>

	<enemy>
		<race value='Protoss'/>
		<unitScore value='3600'/>
		<unitScore value='3600'/>
		<killScore value='6600'/>
		<buildingScore value='3475'/>
		<razingScore value='3825'/>
		<mineralScore value='8618'/>
		<gasScore value='1448'/>
		<totalScore value='27566'/>
	</enemy>

	<scoreRatio value='0.406044'/>
</results>
