<results>
	<result value='draw'/>
	<start value='2015-05-09.12:05:31'/>
	<end value='2015-05-09.12:09:50'/>
	<frames value='57601'/>
	<gameDuration value='3600'/>

	<player>
		<unitScore value='30100'/>
		<killScore value='24700'/>
		<buildingScore value='3900'/>
		<razingScore value='600'/>
		<mineralScore value='31518'/>
		<gasScore value='8210'/>
		<totalScore value='99028'/>
	</player>

	<enemy>
		<race value='Protoss'/>
		<unitScore value='32200'/>
		<unitScore value='32200'/>
		<killScore value='34200'/>
		<buildingScore value='6525'/>
		<razingScore value='1050'/>
		<mineralScore value='31322'/>
		<gasScore value='12122'/>
		<totalScore value='117419'/>
	</enemy>

	<scoreRatio value='0.843373'/>
	<timeFitness value='0.5'/>
	<unitsAverage value='157'/>
</results>
