<results>
	<result value='loss'/>
	<start value='2015-05-09.12:40:28'/>
	<end value='2015-05-09.12:40:38'/>
	<frames value='12929'/>
	<gameDuration value='808'/>

	<player>
		<unitScore value='1400'/>
		<killScore value='600'/>
		<buildingScore value='1325'/>
		<razingScore value='0'/>
		<mineralScore value='2594'/>
		<gasScore value='536'/>
		<totalScore value='6455'/>
	</player>

	<enemy>
		<race value='Protoss'/>
		<unitScore value='3500'/>
		<unitScore value='3500'/>
		<killScore value='2800'/>
		<buildingScore value='2175'/>
		<razingScore value='3975'/>
		<mineralScore value='6498'/>
		<gasScore value='1152'/>
		<totalScore value='20100'/>
	</enemy>

	<scoreRatio value='0.321144'/>
	<timeFitness value='0.112222'/>
	<unitsAverage value='13'/>
</results>
