<results>
	<result value='loss'/>
	<start value='2015-05-10.16:53:02'/>
	<end value='2015-05-10.16:53:49'/>
	<frames value='50191'/>
	<gameDuration value='3136'/>

	<player>
		<unitScore value='27475'/>
		<killScore value='44750'/>
		<buildingScore value='3025'/>
		<razingScore value='1500'/>
		<mineralScore value='30466'/>
		<gasScore value='6320'/>
		<totalScore value='113536'/>
	</player>

	<enemy>
		<race value='Protoss'/>
		<unitScore value='36925'/>
		<unitScore value='36925'/>
		<killScore value='55050'/>
		<buildingScore value='6475'/>
		<razingScore value='9075'/>
		<mineralScore value='31550'/>
		<gasScore value='9992'/>
		<totalScore value='149067'/>
	</enemy>

	<scoreRatio value='0.761644'/>
	<timeFitness value='0.435556'/>
	<unitsAverage value='92'/>
</results>
