<results>
	<result value='loss'/>
	<start value='2015-05-04.06:17:11'/>
	<end value='2015-05-04.06:17:18'/>
	<frames value='15502'/>
	<gameDuration value='968'/>

	<player>
		<unitScore value='3400'/>
		<killScore value='400'/>
		<buildingScore value='1575'/>
		<razingScore value='0'/>
		<mineralScore value='5074'/>
		<gasScore value='632'/>
		<totalScore value='11081'/>
	</player>

	<enemy>
		<race value='Protoss'/>
		<unitScore value='3550'/>
		<unitScore value='3550'/>
		<killScore value='6700'/>
		<buildingScore value='2825'/>
		<razingScore value='4725'/>
		<mineralScore value='7906'/>
		<gasScore value='1232'/>
		<totalScore value='26938'/>
	</enemy>

	<scoreRatio value='0.411352'/>
	<timeFitness value='0.134444'/>
	<unitsAverage value='24'/>
</results>
