<results>
	<result value='win'/>
	<start value='2015-04-14.01:09:26'/>
	<end value='2015-04-14.01:10:34'/>
	<frames value='32831'/>
	<gameDuration value='2051'/>

	<player>
		<unitScore value='18725'/>
		<killScore value='17200'/>
		<buildingScore value='4000'/>
		<razingScore value='14775'/>
		<mineralScore value='26950'/>
		<gasScore value='3416'/>
		<totalScore value='85066'/>
	</player>

	<enemy>
		<race value='Protoss'/>
		<unitScore value='8600'/>
		<unitScore value='8600'/>
		<killScore value='12500'/>
		<buildingScore value='4925'/>
		<razingScore value='300'/>
		<mineralScore value='14918'/>
		<gasScore value='4264'/>
		<totalScore value='45507'/>
	</enemy>

	<scoreRatio value='1.86929'/>
</results>
