<results>
	<result value='draw'/>
	<start value='2015-05-08.14:28:06'/>
	<end value='2015-05-08.14:29:40'/>
	<frames value='57601'/>
	<gameDuration value='3600'/>

	<player>
		<unitScore value='29600'/>
		<killScore value='36300'/>
		<buildingScore value='3675'/>
		<razingScore value='300'/>
		<mineralScore value='32534'/>
		<gasScore value='4912'/>
		<totalScore value='107321'/>
	</player>

	<enemy>
		<race value='Terran'/>
		<unitScore value='29225'/>
		<unitScore value='29225'/>
		<killScore value='55450'/>
		<buildingScore value='4100'/>
		<razingScore value='2175'/>
		<mineralScore value='19550'/>
		<gasScore value='12298'/>
		<totalScore value='122798'/>
	</enemy>

	<scoreRatio value='0.873964'/>
	<timeFitness value='0.5'/>
	<unitsAverage value='91'/>
</results>
