<results>
	<result value='loss'/>
	<start value='2015-05-08.14:34:39'/>
	<end value='2015-05-08.14:35:30'/>
	<frames value='46874'/>
	<gameDuration value='2929'/>

	<player>
		<unitScore value='12625'/>
		<killScore value='26650'/>
		<buildingScore value='2750'/>
		<razingScore value='2775'/>
		<mineralScore value='15226'/>
		<gasScore value='2920'/>
		<totalScore value='62946'/>
	</player>

	<enemy>
		<race value='Terran'/>
		<unitScore value='27275'/>
		<unitScore value='27275'/>
		<killScore value='25250'/>
		<buildingScore value='4950'/>
		<razingScore value='8250'/>
		<mineralScore value='19550'/>
		<gasScore value='11082'/>
		<totalScore value='96357'/>
	</enemy>

	<scoreRatio value='0.653258'/>
	<timeFitness value='0.406806'/>
	<unitsAverage value='47'/>
</results>
