<results>
	<result value='win'/>
	<start value='2015-05-08.14:48:44'/>
	<end value='2015-05-08.14:49:21'/>
	<frames value='29359'/>
	<gameDuration value='1834'/>

	<player>
		<unitScore value='11975'/>
		<killScore value='24300'/>
		<buildingScore value='3750'/>
		<razingScore value='9675'/>
		<mineralScore value='16802'/>
		<gasScore value='2744'/>
		<totalScore value='69246'/>
	</player>

	<enemy>
		<race value='Terran'/>
		<unitScore value='13250'/>
		<unitScore value='13250'/>
		<killScore value='10450'/>
		<buildingScore value='3225'/>
		<razingScore value='3300'/>
		<mineralScore value='11906'/>
		<gasScore value='4424'/>
		<totalScore value='46555'/>
	</enemy>

	<scoreRatio value='1.4874'/>
	<timeFitness value='0.745278'/>
	<unitsAverage value='60'/>
</results>
