<results>
	<result value='win'/>
	<start value='2015-05-08.14:55:43'/>
	<end value='2015-05-08.14:56:18'/>
	<frames value='24957'/>
	<gameDuration value='1559'/>

	<player>
		<unitScore value='12750'/>
		<killScore value='19850'/>
		<buildingScore value='3625'/>
		<razingScore value='8100'/>
		<mineralScore value='18526'/>
		<gasScore value='2192'/>
		<totalScore value='65043'/>
	</player>

	<enemy>
		<race value='Terran'/>
		<unitScore value='10275'/>
		<unitScore value='10275'/>
		<killScore value='10100'/>
		<buildingScore value='2700'/>
		<razingScore value='375'/>
		<mineralScore value='11066'/>
		<gasScore value='3632'/>
		<totalScore value='38148'/>
	</enemy>

	<scoreRatio value='1.70502'/>
	<timeFitness value='0.783472'/>
	<unitsAverage value='72'/>
</results>
