<results>
	<result value='win'/>
	<start value='2015-05-08.15:09:32'/>
	<end value='2015-05-08.15:10:39'/>
	<frames value='33947'/>
	<gameDuration value='2121'/>

	<player>
		<unitScore value='22225'/>
		<killScore value='27150'/>
		<buildingScore value='4900'/>
		<razingScore value='6675'/>
		<mineralScore value='31202'/>
		<gasScore value='3328'/>
		<totalScore value='95480'/>
	</player>

	<enemy>
		<race value='Terran'/>
		<unitScore value='13575'/>
		<unitScore value='13575'/>
		<killScore value='22050'/>
		<buildingScore value='2225'/>
		<razingScore value='675'/>
		<mineralScore value='12050'/>
		<gasScore value='4400'/>
		<totalScore value='54975'/>
	</enemy>

	<scoreRatio value='1.73679'/>
	<timeFitness value='0.705417'/>
	<unitsAverage value='105'/>
</results>
