<results>
	<result value='loss'/>
	<start value='2015-05-08.15:24:48'/>
	<end value='2015-05-08.15:25:02'/>
	<frames value='17052'/>
	<gameDuration value='1065'/>

	<player>
		<unitScore value='2600'/>
		<killScore value='3300'/>
		<buildingScore value='1550'/>
		<razingScore value='0'/>
		<mineralScore value='4490'/>
		<gasScore value='816'/>
		<totalScore value='12756'/>
	</player>

	<enemy>
		<race value='Terran'/>
		<unitScore value='5625'/>
		<unitScore value='5625'/>
		<killScore value='5200'/>
		<buildingScore value='2575'/>
		<razingScore value='4650'/>
		<mineralScore value='7890'/>
		<gasScore value='2328'/>
		<totalScore value='28268'/>
	</enemy>

	<scoreRatio value='0.451252'/>
	<timeFitness value='0.147917'/>
	<unitsAverage value='23'/>
</results>
