<results>
	<result value='win'/>
	<start value='2015-04-07.20:47:59'/>
	<end value='2015-04-07.20:48:31'/>
	<frames value='33792'/>
	<gameDuration value='2112'/>

	<player>
		<unitScore value='16575'/>
		<killScore value='16150'/>
		<buildingScore value='3425'/>
		<razingScore value='22200'/>
		<mineralScore value='24314'/>
		<gasScore value='3240'/>
		<totalScore value='85904'/>
	</player>

	<enemy>
		<race value='Protoss'/>
		<unitScore value='8075'/>
		<unitScore value='8075'/>
		<killScore value='13300'/>
		<buildingScore value='7400'/>
		<razingScore value='1350'/>
		<mineralScore value='16170'/>
		<gasScore value='5072'/>
		<totalScore value='51367'/>
	</enemy>

	<scoreRatio value='1.67236'/>
</results>
