<results>
	<result value='win'/>
	<start value='2015-05-05.04:57:27'/>
	<end value='2015-05-05.04:57:47'/>
	<frames value='30041'/>
	<gameDuration value='1877'/>

	<player>
		<unitScore value='12175'/>
		<killScore value='26650'/>
		<buildingScore value='2650'/>
		<razingScore value='10650'/>
		<mineralScore value='15930'/>
		<gasScore value='1608'/>
		<totalScore value='69663'/>
	</player>

	<enemy>
		<race value='Terran'/>
		<unitScore value='15525'/>
		<unitScore value='15525'/>
		<killScore value='13100'/>
		<buildingScore value='3550'/>
		<razingScore value='2475'/>
		<mineralScore value='13210'/>
		<gasScore value='5984'/>
		<totalScore value='53844'/>
	</enemy>

	<scoreRatio value='1.29379'/>
	<timeFitness value='0.739306'/>
	<unitsAverage value='55'/>
</results>
