<results>
	<result value='win'/>
	<start value='2015-05-05.05:12:38'/>
	<end value='2015-05-05.05:13:00'/>
	<frames value='24709'/>
	<gameDuration value='1544'/>

	<player>
		<unitScore value='15475'/>
		<killScore value='20100'/>
		<buildingScore value='4025'/>
		<razingScore value='7050'/>
		<mineralScore value='23374'/>
		<gasScore value='1896'/>
		<totalScore value='71920'/>
	</player>

	<enemy>
		<race value='Terran'/>
		<unitScore value='10350'/>
		<unitScore value='10350'/>
		<killScore value='11450'/>
		<buildingScore value='2350'/>
		<razingScore value='525'/>
		<mineralScore value='10870'/>
		<gasScore value='3816'/>
		<totalScore value='39361'/>
	</enemy>

	<scoreRatio value='1.82719'/>
	<timeFitness value='0.785556'/>
	<unitsAverage value='85'/>
</results>
