<results>
	<result value='win'/>
	<start value='2015-05-05.05:14:39'/>
	<end value='2015-05-05.05:14:59'/>
	<frames value='23004'/>
	<gameDuration value='1437'/>

	<player>
		<unitScore value='12825'/>
		<killScore value='16900'/>
		<buildingScore value='3975'/>
		<razingScore value='6675'/>
		<mineralScore value='22142'/>
		<gasScore value='1800'/>
		<totalScore value='64317'/>
	</player>

	<enemy>
		<race value='Terran'/>
		<unitScore value='8750'/>
		<unitScore value='8750'/>
		<killScore value='5850'/>
		<buildingScore value='2225'/>
		<razingScore value='0'/>
		<mineralScore value='10430'/>
		<gasScore value='3624'/>
		<totalScore value='30879'/>
	</enemy>

	<scoreRatio value='2.08287'/>
	<timeFitness value='0.800417'/>
	<unitsAverage value='84'/>
</results>
