<results>
	<result value='loss'/>
	<start value='2015-04-07.22:30:34'/>
	<end value='2015-04-07.22:30:59'/>
	<frames value='37729'/>
	<gameDuration value='2358'/>

	<player>
		<unitScore value='11025'/>
		<killScore value='15400'/>
		<buildingScore value='2450'/>
		<razingScore value='2550'/>
		<mineralScore value='13290'/>
		<gasScore value='2400'/>
		<totalScore value='47115'/>
	</player>

	<enemy>
		<race value='Protoss'/>
		<unitScore value='23700'/>
		<unitScore value='23700'/>
		<killScore value='22050'/>
		<buildingScore value='8225'/>
		<razingScore value='7350'/>
		<mineralScore value='25670'/>
		<gasScore value='9576'/>
		<totalScore value='96571'/>
	</enemy>

	<scoreRatio value='0.487879'/>
</results>
