<results>
	<result value='draw'/>
	<start value='2015-07-18.17:31:18'/>
	<end value='2015-07-18.17:33:35'/>
	<frames value='57601'/>
	<gameDuration value='3600'/>

	<player>
		<unitScore value='32950'/>
		<killScore value='20250'/>
		<buildingScore value='4575'/>
		<razingScore value='6150'/>
		<mineralScore value='29958'/>
		<gasScore value='9738'/>
		<totalScore value='103621'/>
	</player>

	<enemy>
		<race value='Protoss'/>
		<unitScore value='24175'/>
		<killScore value='46950'/>
		<buildingScore value='7425'/>
		<razingScore value='5850'/>
		<mineralScore value='33014'/>
		<gasScore value='10150'/>
		<totalScore value='127564'/>
	</enemy>

	<scoreRatio value='0.812306'/>
	<timeFitness value='0.5'/>
	<unitsAverage value='134'/>
</results>
