<results>
	<result value='loss'/>
	<start value='2015-07-14.18:07:14'/>
	<end value='2015-07-14.18:07:22'/>
	<frames value='16308'/>
	<gameDuration value='1019'/>

	<player>
		<unitScore value='3325'/>
		<killScore value='1000'/>
		<buildingScore value='1850'/>
		<razingScore value='0'/>
		<mineralScore value='4570'/>
		<gasScore value='760'/>
		<totalScore value='11505'/>
	</player>

	<enemy>
		<race value='Protoss'/>
		<unitScore value='3600'/>
		<killScore value='6500'/>
		<buildingScore value='3575'/>
		<razingScore value='5550'/>
		<mineralScore value='8554'/>
		<gasScore value='1448'/>
		<totalScore value='29227'/>
	</enemy>

	<scoreRatio value='0.393643'/>
	<timeFitness value='0.141528'/>
	<unitsAverage value='19'/>
</results>
