<results>
	<result value='win'/>
	<start value='2015-07-12.16:19:39'/>
	<end value='2015-07-12.16:21:32'/>
	<frames value='51741'/>
	<gameDuration value='3233'/>

	<player>
		<unitScore value='40300'/>
		<killScore value='24050'/>
		<buildingScore value='5075'/>
		<razingScore value='7950'/>
		<mineralScore value='41450'/>
		<gasScore value='8438'/>
		<totalScore value='127263'/>
	</player>

	<enemy>
		<race value='Terran'/>
		<unitScore value='12625'/>
		<killScore value='52600'/>
		<buildingScore value='2750'/>
		<razingScore value='2100'/>
		<mineralScore value='12050'/>
		<gasScore value='6014'/>
		<totalScore value='88139'/>
	</enemy>

	<scoreRatio value='1.44389'/>
	<timeFitness value='0.550972'/>
	<unitsAverage value='160'/>
</results>
