<results>
	<result value='loss'/>
	<start value='2014-07-11.16:02:42'/>
	<end value='2014-07-11.16:02:56'/>
	<frames value='25112'/>
	<gameDuration value='1569'/>

	<player>
		<unitScore value='7400'/>
		<killScore value='5800'/>
		<buildingScore value='2475'/>
		<razingScore value='0'/>
		<mineralScore value='10258'/>
		<gasScore value='1568'/>
		<totalScore value='27501'/>
	</player>

	<enemy>
		<race value='Terran'/>
		<unitScore value='10350'/>
		<unitScore value='10350'/>
		<killScore value='14700'/>
		<buildingScore value='3450'/>
		<razingScore value='7425'/>
		<mineralScore value='12702'/>
		<gasScore value='5416'/>
		<totalScore value='54043'/>
	</enemy>

	<scoreRatio value='0.508873'/>
</results>
