<results>
	<result value='loss'/>
	<start value='2014-07-11.16:04:38'/>
	<end value='2014-07-11.16:04:44'/>
	<frames value='14882'/>
	<gameDuration value='930'/>

	<player>
		<unitScore value='1850'/>
		<killScore value='450'/>
		<buildingScore value='1075'/>
		<razingScore value='0'/>
		<mineralScore value='4522'/>
		<gasScore value='416'/>
		<totalScore value='8313'/>
	</player>

	<enemy>
		<race value='Terran'/>
		<unitScore value='4450'/>
		<unitScore value='4450'/>
		<killScore value='3700'/>
		<buildingScore value='1450'/>
		<razingScore value='3225'/>
		<mineralScore value='6858'/>
		<gasScore value='2048'/>
		<totalScore value='21731'/>
	</enemy>

	<scoreRatio value='0.382541'/>
</results>
