<results>
	<result value='win'/>
	<start value='2014-07-11.16:05:59'/>
	<end value='2014-07-11.16:06:13'/>
	<frames value='20710'/>
	<gameDuration value='1294'/>

	<player>
		<unitScore value='7400'/>
		<killScore value='14050'/>
		<buildingScore value='2750'/>
		<razingScore value='5250'/>
		<mineralScore value='9658'/>
		<gasScore value='1440'/>
		<totalScore value='40548'/>
	</player>

	<enemy>
		<race value='Terran'/>
		<unitScore value='7025'/>
		<unitScore value='7025'/>
		<killScore value='5650'/>
		<buildingScore value='1750'/>
		<razingScore value='2850'/>
		<mineralScore value='8402'/>
		<gasScore value='2448'/>
		<totalScore value='28125'/>
	</enemy>

	<scoreRatio value='1.44171'/>
</results>
