<results>
	<result value='loss'/>
	<start value='2014-07-11.16:10:17'/>
	<end value='2014-07-11.16:10:25'/>
	<frames value='16711'/>
	<gameDuration value='1044'/>

	<player>
		<unitScore value='1975'/>
		<killScore value='0'/>
		<buildingScore value='2200'/>
		<razingScore value='0'/>
		<mineralScore value='4746'/>
		<gasScore value='144'/>
		<totalScore value='9065'/>
	</player>

	<enemy>
		<race value='Terran'/>
		<unitScore value='5250'/>
		<unitScore value='5250'/>
		<killScore value='3950'/>
		<buildingScore value='2225'/>
		<razingScore value='6600'/>
		<mineralScore value='7634'/>
		<gasScore value='2536'/>
		<totalScore value='28195'/>
	</enemy>

	<scoreRatio value='0.321511'/>
</results>
