<results>
	<result value='win'/>
	<start value='2014-07-22.17:54:43'/>
	<end value='2014-07-22.17:55:08'/>
	<frames value='29762'/>
	<gameDuration value='1860'/>

	<player>
		<unitScore value='21100'/>
		<killScore value='34080'/>
		<buildingScore value='3275'/>
		<razingScore value='4800'/>
		<mineralScore value='29182'/>
		<gasScore value='0'/>
		<totalScore value='92437'/>
	</player>

	<enemy>
		<race value='Zerg'/>
		<unitScore value='14525'/>
		<unitScore value='14525'/>
		<killScore value='29400'/>
		<buildingScore value='1600'/>
		<razingScore value='0'/>
		<mineralScore value='11862'/>
		<gasScore value='3368'/>
		<totalScore value='60755'/>
	</enemy>

	<scoreRatio value='1.52147'/>
</results>
