<results>
	<result value='loss'/>
	<start value='2014-07-22.20:17:13'/>
	<end value='2014-07-22.20:17:21'/>
	<frames value='16618'/>
	<gameDuration value='1038'/>

	<player>
		<unitScore value='2150'/>
		<killScore value='1050'/>
		<buildingScore value='975'/>
		<razingScore value='0'/>
		<mineralScore value='2954'/>
		<gasScore value='464'/>
		<totalScore value='7593'/>
	</player>

	<enemy>
		<race value='Terran'/>
		<unitScore value='5700'/>
		<unitScore value='5700'/>
		<killScore value='4300'/>
		<buildingScore value='2175'/>
		<razingScore value='2925'/>
		<mineralScore value='7450'/>
		<gasScore value='2624'/>
		<totalScore value='25174'/>
	</enemy>

	<scoreRatio value='0.301621'/>
</results>
