<results>
	<result value='loss'/>
	<start value='2015-05-05.03:43:56'/>
	<end value='2015-05-05.03:44:34'/>
	<frames value='43588'/>
	<gameDuration value='2724'/>

	<player>
		<unitScore value='21650'/>
		<killScore value='26100'/>
		<buildingScore value='2200'/>
		<razingScore value='600'/>
		<mineralScore value='23122'/>
		<gasScore value='4104'/>
		<totalScore value='77776'/>
	</player>

	<enemy>
		<race value='Protoss'/>
		<unitScore value='33100'/>
		<unitScore value='33100'/>
		<killScore value='43400'/>
		<buildingScore value='7675'/>
		<razingScore value='6600'/>
		<mineralScore value='31146'/>
		<gasScore value='11866'/>
		<totalScore value='133787'/>
	</enemy>

	<scoreRatio value='0.581342'/>
	<timeFitness value='0.378333'/>
	<unitsAverage value='61'/>
</results>
