<results>
	<result value='loss'/>
	<start value='2015-05-05.03:51:00'/>
	<end value='2015-05-05.03:51:27'/>
	<frames value='26817'/>
	<gameDuration value='1676'/>

	<player>
		<unitScore value='5275'/>
		<killScore value='3100'/>
		<buildingScore value='1825'/>
		<razingScore value='0'/>
		<mineralScore value='7442'/>
		<gasScore value='912'/>
		<totalScore value='18554'/>
	</player>

	<enemy>
		<race value='Protoss'/>
		<unitScore value='12150'/>
		<unitScore value='12150'/>
		<killScore value='10550'/>
		<buildingScore value='5975'/>
		<razingScore value='5475'/>
		<mineralScore value='17450'/>
		<gasScore value='5776'/>
		<totalScore value='57376'/>
	</enemy>

	<scoreRatio value='0.323376'/>
	<timeFitness value='0.232778'/>
	<unitsAverage value='33'/>
</results>
