<results>
	<result value='loss'/>
	<start value='2015-05-05.04:19:13'/>
	<end value='2015-05-05.04:19:45'/>
	<frames value='29111'/>
	<gameDuration value='1819'/>

	<player>
		<unitScore value='10100'/>
		<killScore value='5850'/>
		<buildingScore value='2500'/>
		<razingScore value='0'/>
		<mineralScore value='14630'/>
		<gasScore value='1128'/>
		<totalScore value='34208'/>
	</player>

	<enemy>
		<race value='Protoss'/>
		<unitScore value='13375'/>
		<unitScore value='13375'/>
		<killScore value='20200'/>
		<buildingScore value='6625'/>
		<razingScore value='7650'/>
		<mineralScore value='18290'/>
		<gasScore value='6320'/>
		<totalScore value='72460'/>
	</enemy>

	<scoreRatio value='0.472095'/>
	<timeFitness value='0.252639'/>
	<unitsAverage value='43'/>
</results>
