<results>
	<result value='draw'/>
	<start value='2014-07-24.04:37:04'/>
	<end value='2014-07-24.04:37:46'/>
	<frames value='57601'/>
	<gameDuration value='3600'/>

	<player>
		<unitScore value='27025'/>
		<killScore value='38600'/>
		<buildingScore value='3925'/>
		<razingScore value='750'/>
		<mineralScore value='31334'/>
		<gasScore value='4064'/>
		<totalScore value='105698'/>
	</player>

	<enemy>
		<race value='Terran'/>
		<unitScore value='33600'/>
		<unitScore value='33600'/>
		<killScore value='48500'/>
		<buildingScore value='5025'/>
		<razingScore value='4200'/>
		<mineralScore value='31542'/>
		<gasScore value='12400'/>
		<totalScore value='135267'/>
	</enemy>

	<scoreRatio value='0.781403'/>
</results>
