<results>
	<result value='win'/>
	<start value='2015-04-08.06:29:48'/>
	<end value='2015-04-08.06:30:13'/>
	<frames value='27468'/>
	<gameDuration value='1716'/>

	<player>
		<unitScore value='14200'/>
		<killScore value='16400'/>
		<buildingScore value='2925'/>
		<razingScore value='14475'/>
		<mineralScore value='20494'/>
		<gasScore value='2216'/>
		<totalScore value='70710'/>
	</player>

	<enemy>
		<race value='Protoss'/>
		<unitScore value='8550'/>
		<unitScore value='8550'/>
		<killScore value='7300'/>
		<buildingScore value='4825'/>
		<razingScore value='0'/>
		<mineralScore value='13858'/>
		<gasScore value='3528'/>
		<totalScore value='38061'/>
	</enemy>

	<scoreRatio value='1.85781'/>
</results>
