<results>
	<result value='loss'/>
	<start value='2014-07-22.19:23:39'/>
	<end value='2014-07-22.19:24:06'/>
	<frames value='30041'/>
	<gameDuration value='1877'/>

	<player>
		<unitScore value='9075'/>
		<killScore value='11650'/>
		<buildingScore value='3525'/>
		<razingScore value='0'/>
		<mineralScore value='25106'/>
		<gasScore value='2256'/>
		<totalScore value='51612'/>
	</player>

	<enemy>
		<race value='Zerg'/>
		<unitScore value='19250'/>
		<unitScore value='19250'/>
		<killScore value='18150'/>
		<buildingScore value='3255'/>
		<razingScore value='10575'/>
		<mineralScore value='17782'/>
		<gasScore value='6430'/>
		<totalScore value='75442'/>
	</enemy>

	<scoreRatio value='0.684128'/>
</results>
