<results>
	<result value='draw'/>
	<start value='2014-07-22.21:44:07'/>
	<end value='2014-07-22.21:45:01'/>
	<frames value='57601'/>
	<gameDuration value='3600'/>

	<player>
		<unitScore value='22450'/>
		<killScore value='41580'/>
		<buildingScore value='3175'/>
		<razingScore value='5775'/>
		<mineralScore value='30658'/>
		<gasScore value='8016'/>
		<totalScore value='111654'/>
	</player>

	<enemy>
		<race value='Zerg'/>
		<unitScore value='22525'/>
		<unitScore value='22525'/>
		<killScore value='37700'/>
		<buildingScore value='4755'/>
		<razingScore value='2475'/>
		<mineralScore value='30818'/>
		<gasScore value='6380'/>
		<totalScore value='104653'/>
	</enemy>

	<scoreRatio value='1.0669'/>
</results>
