<results>
	<result value='loss'/>
	<start value='2014-07-06.05:29:26'/>
	<end value='2014-07-06.05:30:08'/>
	<frames value='48486'/>
	<gameDuration value='3030'/>

	<player>
		<unitScore value='23025'/>
		<killScore value='32900'/>
		<buildingScore value='2475'/>
		<razingScore value='7125'/>
		<mineralScore value='24186'/>
		<gasScore value='3760'/>
		<totalScore value='93471'/>
	</player>

	<enemy>
		<race value='Protoss'/>
		<unitScore value='31750'/>
		<unitScore value='31750'/>
		<killScore value='46050'/>
		<buildingScore value='10125'/>
		<razingScore value='7425'/>
		<mineralScore value='32946'/>
		<gasScore value='10140'/>
		<totalScore value='138436'/>
	</enemy>

	<scoreRatio value='0.675193'/>
</results>
