<results>
	<result value='loss'/>
	<start value='2015-04-08.03:11:05'/>
	<end value='2015-04-08.03:11:12'/>
	<frames value='16091'/>
	<gameDuration value='1005'/>

	<player>
		<unitScore value='3375'/>
		<killScore value='1400'/>
		<buildingScore value='1425'/>
		<razingScore value='0'/>
		<mineralScore value='4826'/>
		<gasScore value='520'/>
		<totalScore value='11546'/>
	</player>

	<enemy>
		<race value='Protoss'/>
		<unitScore value='3550'/>
		<unitScore value='3550'/>
		<killScore value='6850'/>
		<buildingScore value='3525'/>
		<razingScore value='4275'/>
		<mineralScore value='8186'/>
		<gasScore value='1600'/>
		<totalScore value='27986'/>
	</enemy>

	<scoreRatio value='0.412563'/>
</results>
