<results>
	<result value='win'/>
	<start value='2015-05-06.13:27:06'/>
	<end value='2015-05-06.13:27:40'/>
	<frames value='33544'/>
	<gameDuration value='2096'/>

	<player>
		<unitScore value='19400'/>
		<killScore value='12600'/>
		<buildingScore value='3125'/>
		<razingScore value='18975'/>
		<mineralScore value='23702'/>
		<gasScore value='3624'/>
		<totalScore value='81426'/>
	</player>

	<enemy>
		<race value='Protoss'/>
		<unitScore value='6300'/>
		<unitScore value='6300'/>
		<killScore value='17050'/>
		<buildingScore value='6325'/>
		<razingScore value='0'/>
		<mineralScore value='16034'/>
		<gasScore value='2520'/>
		<totalScore value='48229'/>
	</enemy>

	<scoreRatio value='1.68832'/>
	<timeFitness value='0.708889'/>
	<unitsAverage value='94'/>
</results>
