<results>
	<result value='win'/>
	<start value='2015-05-06.13:38:22'/>
	<end value='2015-05-06.13:38:51'/>
	<frames value='28770'/>
	<gameDuration value='1798'/>

	<player>
		<unitScore value='16950'/>
		<killScore value='12400'/>
		<buildingScore value='4550'/>
		<razingScore value='13575'/>
		<mineralScore value='24490'/>
		<gasScore value='2328'/>
		<totalScore value='74293'/>
	</player>

	<enemy>
		<race value='Protoss'/>
		<unitScore value='6400'/>
		<unitScore value='6400'/>
		<killScore value='10500'/>
		<buildingScore value='4525'/>
		<razingScore value='150'/>
		<mineralScore value='13594'/>
		<gasScore value='3312'/>
		<totalScore value='38481'/>
	</enemy>

	<scoreRatio value='1.93064'/>
	<timeFitness value='0.750278'/>
	<unitsAverage value='93'/>
</results>
