<results>
	<result value='loss'/>
	<start value='2015-05-06.13:43:45'/>
	<end value='2015-05-06.13:44:01'/>
	<frames value='28987'/>
	<gameDuration value='1811'/>

	<player>
		<unitScore value='7200'/>
		<killScore value='3500'/>
		<buildingScore value='1650'/>
		<razingScore value='0'/>
		<mineralScore value='8466'/>
		<gasScore value='1584'/>
		<totalScore value='22400'/>
	</player>

	<enemy>
		<race value='Protoss'/>
		<unitScore value='13075'/>
		<unitScore value='13075'/>
		<killScore value='14400'/>
		<buildingScore value='5975'/>
		<razingScore value='4950'/>
		<mineralScore value='19370'/>
		<gasScore value='6384'/>
		<totalScore value='64154'/>
	</enemy>

	<scoreRatio value='0.34916'/>
	<timeFitness value='0.251528'/>
	<unitsAverage value='29'/>
</results>
