<results>
	<result value='loss'/>
	<start value='2015-04-27.11:35:58'/>
	<end value='2015-04-27.11:36:32'/>
	<frames value='47029'/>
	<gameDuration value='2939'/>

	<player>
		<unitScore value='18425'/>
		<killScore value='21950'/>
		<buildingScore value='2950'/>
		<razingScore value='0'/>
		<mineralScore value='21754'/>
		<gasScore value='2200'/>
		<totalScore value='67279'/>
	</player>

	<enemy>
		<race value='Terran'/>
		<unitScore value='31400'/>
		<unitScore value='31400'/>
		<killScore value='36850'/>
		<buildingScore value='5000'/>
		<razingScore value='8850'/>
		<mineralScore value='23578'/>
		<gasScore value='13688'/>
		<totalScore value='119366'/>
	</enemy>

	<scoreRatio value='0.563636'/>
</results>
