<results>
	<result value='loss'/>
	<start value='2015-04-12.17:47:52'/>
	<end value='2015-04-12.17:47:59'/>
	<frames value='14851'/>
	<gameDuration value='928'/>

	<player>
		<unitScore value='3275'/>
		<killScore value='600'/>
		<buildingScore value='1425'/>
		<razingScore value='0'/>
		<mineralScore value='4570'/>
		<gasScore value='592'/>
		<totalScore value='10462'/>
	</player>

	<enemy>
		<race value='Protoss'/>
		<unitScore value='3550'/>
		<unitScore value='3550'/>
		<killScore value='6300'/>
		<buildingScore value='2725'/>
		<razingScore value='4275'/>
		<mineralScore value='7874'/>
		<gasScore value='1432'/>
		<totalScore value='26156'/>
	</enemy>

	<scoreRatio value='0.399985'/>
</results>
