<results>
	<result value='win'/>
	<start value='2015-04-30.19:40:22'/>
	<end value='2015-04-30.19:41:14'/>
	<frames value='30909'/>
	<gameDuration value='1931'/>

	<player>
		<unitScore value='23925'/>
		<killScore value='25440'/>
		<buildingScore value='4850'/>
		<razingScore value='5460'/>
		<mineralScore value='36086'/>
		<gasScore value='3344'/>
		<totalScore value='99105'/>
	</player>

	<enemy>
		<race value='Zerg'/>
		<unitScore value='11625'/>
		<unitScore value='11625'/>
		<killScore value='25150'/>
		<buildingScore value='1820'/>
		<razingScore value='0'/>
		<mineralScore value='10978'/>
		<gasScore value='3312'/>
		<totalScore value='52885'/>
	</enemy>

	<scoreRatio value='1.87397'/>
	<timeFitness value='0.731806'/>
	<unitsAverage value='118'/>
</results>
