<results>
	<result value='win'/>
	<start value='2015-04-28.21:46:28'/>
	<end value='2015-04-28.21:47:34'/>
	<frames value='34629'/>
	<gameDuration value='2164'/>

	<player>
		<unitScore value='19700'/>
		<killScore value='25550'/>
		<buildingScore value='4750'/>
		<razingScore value='18225'/>
		<mineralScore value='34838'/>
		<gasScore value='3752'/>
		<totalScore value='106815'/>
	</player>

	<enemy>
		<race value='Protoss'/>
		<unitScore value='13350'/>
		<unitScore value='13350'/>
		<killScore value='16700'/>
		<buildingScore value='6075'/>
		<razingScore value='450'/>
		<mineralScore value='15890'/>
		<gasScore value='3800'/>
		<totalScore value='56265'/>
	</enemy>

	<scoreRatio value='1.89843'/>
</results>
