<results>
	<result value='draw'/>
	<start value='2015-05-10.16:19:14'/>
	<end value='2015-05-10.16:20:36'/>
	<frames value='57601'/>
	<gameDuration value='3600'/>

	<player>
		<unitScore value='36000'/>
		<killScore value='54350'/>
		<buildingScore value='3900'/>
		<razingScore value='17925'/>
		<mineralScore value='37422'/>
		<gasScore value='4328'/>
		<totalScore value='153925'/>
	</player>

	<enemy>
		<race value='Protoss'/>
		<unitScore value='28925'/>
		<unitScore value='28925'/>
		<killScore value='49700'/>
		<buildingScore value='7650'/>
		<razingScore value='1350'/>
		<mineralScore value='25294'/>
		<gasScore value='12854'/>
		<totalScore value='125773'/>
	</enemy>

	<scoreRatio value='1.22383'/>
	<timeFitness value='0.5'/>
	<unitsAverage value='123'/>
</results>
