<results>
	<result value='win'/>
	<start value='2015-05-10.16:21:13'/>
	<end value='2015-05-10.16:21:50'/>
	<frames value='29762'/>
	<gameDuration value='1860'/>

	<player>
		<unitScore value='18150'/>
		<killScore value='27600'/>
		<buildingScore value='4175'/>
		<razingScore value='14625'/>
		<mineralScore value='32562'/>
		<gasScore value='3112'/>
		<totalScore value='100224'/>
	</player>

	<enemy>
		<race value='Protoss'/>
		<unitScore value='14250'/>
		<unitScore value='14250'/>
		<killScore value='13300'/>
		<buildingScore value='4875'/>
		<razingScore value='0'/>
		<mineralScore value='18490'/>
		<gasScore value='3736'/>
		<totalScore value='54651'/>
	</enemy>

	<scoreRatio value='1.83389'/>
	<timeFitness value='0.741667'/>
	<unitsAverage value='118'/>
</results>
