<results>
	<result value='loss'/>
	<start value='2014-07-01.00:08:45'/>
	<end value='2014-07-01.00:09:00'/>
	<frames value='30475'/>
	<gameDuration value='1904'/>

	<player>
		<unitScore value='9575'/>
		<killScore value='8400'/>
		<buildingScore value='1675'/>
		<razingScore value='300'/>
		<mineralScore value='11282'/>
		<gasScore value='904'/>
		<totalScore value='32136'/>
	</player>

	<enemy>
		<race value='Protoss'/>
		<unitScore value='16525'/>
		<unitScore value='16525'/>
		<killScore value='19150'/>
		<buildingScore value='7025'/>
		<razingScore value='5025'/>
		<mineralScore value='19814'/>
		<gasScore value='7032'/>
		<totalScore value='74571'/>
	</enemy>

	<scoreRatio value='0.430945'/>
</results>
