<results>
	<result value='loss'/>
	<start value='2014-07-01.00:16:58'/>
	<end value='2014-07-01.00:17:37'/>
	<frames value='38349'/>
	<gameDuration value='2396'/>

	<player>
		<unitScore value='15475'/>
		<killScore value='16200'/>
		<buildingScore value='2750'/>
		<razingScore value='0'/>
		<mineralScore value='31542'/>
		<gasScore value='5168'/>
		<totalScore value='71135'/>
	</player>

	<enemy>
		<race value='Protoss'/>
		<unitScore value='27880'/>
		<unitScore value='27880'/>
		<killScore value='30950'/>
		<buildingScore value='6850'/>
		<razingScore value='8250'/>
		<mineralScore value='28014'/>
		<gasScore value='9774'/>
		<totalScore value='111718'/>
	</enemy>

	<scoreRatio value='0.636737'/>
</results>
