<results>
	<result value='loss'/>
	<start value='2015-07-20.06:33:07'/>
	<end value='2015-07-20.06:34:14'/>
	<frames value='41294'/>
	<gameDuration value='2580'/>

	<player>
		<unitScore value='22675'/>
		<killScore value='16175'/>
		<buildingScore value='3500'/>
		<razingScore value='0'/>
		<mineralScore value='21682'/>
		<gasScore value='3240'/>
		<totalScore value='67272'/>
	</player>

	<enemy>
		<race value='Zerg'/>
		<unitScore value='35100'/>
		<killScore value='42150'/>
		<buildingScore value='5340'/>
		<razingScore value='10350'/>
		<mineralScore value='28078'/>
		<gasScore value='11528'/>
		<totalScore value='132546'/>
	</enemy>

	<scoreRatio value='0.507537'/>
	<timeFitness value='0.358333'/>
	<unitsAverage value='88'/>
</results>
