<results>
	<result value='loss'/>
	<start value='2015-04-09.07:37:19'/>
	<end value='2015-04-09.07:38:17'/>
	<frames value='56639'/>
	<gameDuration value='3539'/>

	<player>
		<unitScore value='28200'/>
		<killScore value='41350'/>
		<buildingScore value='4400'/>
		<razingScore value='0'/>
		<mineralScore value='31470'/>
		<gasScore value='6556'/>
		<totalScore value='111976'/>
	</player>

	<enemy>
		<race value='Protoss'/>
		<unitScore value='36500'/>
		<unitScore value='36500'/>
		<killScore value='56400'/>
		<buildingScore value='7175'/>
		<razingScore value='13200'/>
		<mineralScore value='31042'/>
		<gasScore value='12534'/>
		<totalScore value='156851'/>
	</enemy>

	<scoreRatio value='0.7139'/>
</results>
