<results>
	<result value='draw'/>
	<start value='2015-04-16.23:06:51'/>
	<end value='2015-04-16.23:08:11'/>
	<frames value='57601'/>
	<gameDuration value='3600'/>

	<player>
		<unitScore value='19600'/>
		<killScore value='44300'/>
		<buildingScore value='2475'/>
		<razingScore value='8400'/>
		<mineralScore value='20294'/>
		<gasScore value='6136'/>
		<totalScore value='101205'/>
	</player>

	<enemy>
		<race value='Protoss'/>
		<unitScore value='31800'/>
		<unitScore value='31800'/>
		<killScore value='38500'/>
		<buildingScore value='9725'/>
		<razingScore value='3600'/>
		<mineralScore value='34214'/>
		<gasScore value='9386'/>
		<totalScore value='127225'/>
	</enemy>

	<scoreRatio value='0.79548'/>
</results>
