<results>
	<result value='win'/>
	<start value='2014-07-03.02:44:36'/>
	<end value='2014-07-03.02:45:09'/>
	<frames value='37419'/>
	<gameDuration value='2338'/>

	<player>
		<unitScore value='22500'/>
		<killScore value='34050'/>
		<buildingScore value='4125'/>
		<razingScore value='21675'/>
		<mineralScore value='27578'/>
		<gasScore value='4152'/>
		<totalScore value='114080'/>
	</player>

	<enemy>
		<race value='Protoss'/>
		<unitScore value='18325'/>
		<unitScore value='18325'/>
		<killScore value='28850'/>
		<buildingScore value='7225'/>
		<razingScore value='3300'/>
		<mineralScore value='21082'/>
		<gasScore value='5054'/>
		<totalScore value='83836'/>
	</enemy>

	<scoreRatio value='1.36075'/>
</results>
