<results>
	<result value='win'/>
	<start value='2015-05-01.20:42:38'/>
	<end value='2015-05-01.20:43:00'/>
	<frames value='27685'/>
	<gameDuration value='1730'/>

	<player>
		<unitScore value='17450'/>
		<killScore value='21750'/>
		<buildingScore value='4725'/>
		<razingScore value='5700'/>
		<mineralScore value='24574'/>
		<gasScore value='1648'/>
		<totalScore value='75847'/>
	</player>

	<enemy>
		<race value='Zerg'/>
		<unitScore value='9575'/>
		<unitScore value='9575'/>
		<killScore value='14350'/>
		<buildingScore value='1900'/>
		<razingScore value='0'/>
		<mineralScore value='9434'/>
		<gasScore value='2832'/>
		<totalScore value='38091'/>
	</enemy>

	<scoreRatio value='1.99121'/>
	<timeFitness value='0.759722'/>
	<unitsAverage value='91'/>
</results>
