<results>
	<result value='win'/>
	<start value='2015-05-17.01:38:08'/>
	<end value='2015-05-17.01:38:55'/>
	<frames value='35249'/>
	<gameDuration value='2203'/>

	<player>
		<unitScore value='17775'/>
		<killScore value='22900'/>
		<buildingScore value='2725'/>
		<razingScore value='6915'/>
		<mineralScore value='23902'/>
		<gasScore value='3680'/>
		<totalScore value='77897'/>
	</player>

	<enemy>
		<race value='Zerg'/>
		<unitScore value='10600'/>
		<unitScore value='10600'/>
		<killScore value='11600'/>
		<buildingScore value='2305'/>
		<razingScore value='0'/>
		<mineralScore value='11826'/>
		<gasScore value='3456'/>
		<totalScore value='39787'/>
	</enemy>

	<scoreRatio value='1.95785'/>
	<timeFitness value='0.694028'/>
	<unitsAverage value='105'/>
</results>
