<results>
	<result value='loss'/>
	<start value='2015-04-15.05:12:37'/>
	<end value='2015-04-15.05:12:51'/>
	<frames value='17052'/>
	<gameDuration value='1065'/>

	<player>
		<unitScore value='2250'/>
		<killScore value='1800'/>
		<buildingScore value='1475'/>
		<razingScore value='0'/>
		<mineralScore value='3890'/>
		<gasScore value='800'/>
		<totalScore value='10215'/>
	</player>

	<enemy>
		<race value='Protoss'/>
		<unitScore value='3600'/>
		<unitScore value='3600'/>
		<killScore value='4500'/>
		<buildingScore value='4025'/>
		<razingScore value='4425'/>
		<mineralScore value='9218'/>
		<gasScore value='1624'/>
		<totalScore value='27392'/>
	</enemy>

	<scoreRatio value='0.372919'/>
</results>
