<results>
	<result value='loss'/>
	<start value='2014-07-22.20:22:07'/>
	<end value='2014-07-22.20:22:14'/>
	<frames value='16277'/>
	<gameDuration value='1017'/>

	<player>
		<unitScore value='2000'/>
		<killScore value='600'/>
		<buildingScore value='1425'/>
		<razingScore value='0'/>
		<mineralScore value='3274'/>
		<gasScore value='608'/>
		<totalScore value='7907'/>
	</player>

	<enemy>
		<race value='Terran'/>
		<unitScore value='5300'/>
		<unitScore value='5300'/>
		<killScore value='3900'/>
		<buildingScore value='1900'/>
		<razingScore value='4275'/>
		<mineralScore value='7434'/>
		<gasScore value='2416'/>
		<totalScore value='25225'/>
	</enemy>

	<scoreRatio value='0.313459'/>
</results>
