<results>
	<result value='loss'/>
	<start value='2015-03-29.11:51:31'/>
	<end value='2015-03-29.11:51:41'/>
	<frames value='15812'/>
	<gameDuration value='988'/>

	<player>
		<unitScore value='3225'/>
		<killScore value='1000'/>
		<buildingScore value='1725'/>
		<razingScore value='0'/>
		<mineralScore value='5058'/>
		<gasScore value='568'/>
		<totalScore value='11576'/>
	</player>

	<enemy>
		<race value='Protoss'/>
		<unitScore value='3550'/>
		<unitScore value='3550'/>
		<killScore value='6450'/>
		<buildingScore value='3225'/>
		<razingScore value='5175'/>
		<mineralScore value='8138'/>
		<gasScore value='1264'/>
		<totalScore value='27802'/>
	</enemy>

	<scoreRatio value='0.416373'/>
</results>
