<results>
	<result value='loss'/>
	<start value='2015-07-15.03:05:47'/>
	<end value='2015-07-15.03:06:39'/>
	<frames value='47029'/>
	<gameDuration value='2939'/>

	<player>
		<unitScore value='31800'/>
		<killScore value='20800'/>
		<buildingScore value='3125'/>
		<razingScore value='5400'/>
		<mineralScore value='31558'/>
		<gasScore value='5544'/>
		<totalScore value='98227'/>
	</player>

	<enemy>
		<race value='Protoss'/>
		<unitScore value='25000'/>
		<killScore value='63600'/>
		<buildingScore value='8925'/>
		<razingScore value='9375'/>
		<mineralScore value='28926'/>
		<gasScore value='9752'/>
		<totalScore value='145578'/>
	</enemy>

	<scoreRatio value='0.674738'/>
	<timeFitness value='0.408194'/>
	<unitsAverage value='96'/>
</results>
