<results>
	<result value='loss'/>
	<start value='2015-04-27.04:34:11'/>
	<end value='2015-04-27.04:34:55'/>
	<frames value='55027'/>
	<gameDuration value='3439'/>

	<player>
		<unitScore value='15275'/>
		<killScore value='21250'/>
		<buildingScore value='2925'/>
		<razingScore value='3525'/>
		<mineralScore value='19122'/>
		<gasScore value='4904'/>
		<totalScore value='67001'/>
	</player>

	<enemy>
		<race value='Terran'/>
		<unitScore value='25075'/>
		<unitScore value='25075'/>
		<killScore value='30550'/>
		<buildingScore value='6450'/>
		<razingScore value='8775'/>
		<mineralScore value='31274'/>
		<gasScore value='11768'/>
		<totalScore value='113892'/>
	</enemy>

	<scoreRatio value='0.588285'/>
</results>
