<results>
	<result value='loss'/>
	<start value='2015-07-18.12:39:55'/>
	<end value='2015-07-18.12:40:15'/>
	<frames value='31529'/>
	<gameDuration value='1970'/>

	<player>
		<unitScore value='8950'/>
		<killScore value='4000'/>
		<buildingScore value='2350'/>
		<razingScore value='300'/>
		<mineralScore value='10338'/>
		<gasScore value='1784'/>
		<totalScore value='27722'/>
	</player>

	<enemy>
		<race value='Protoss'/>
		<unitScore value='14400'/>
		<killScore value='17400'/>
		<buildingScore value='7075'/>
		<razingScore value='7050'/>
		<mineralScore value='19386'/>
		<gasScore value='7328'/>
		<totalScore value='72639'/>
	</enemy>

	<scoreRatio value='0.381641'/>
	<timeFitness value='0.273611'/>
	<unitsAverage value='38'/>
</results>
