<results>
	<result value='loss'/>
	<start value='2015-07-18.12:56:14'/>
	<end value='2015-07-18.12:56:29'/>
	<frames value='21361'/>
	<gameDuration value='1335'/>

	<player>
		<unitScore value='6625'/>
		<killScore value='4300'/>
		<buildingScore value='2000'/>
		<razingScore value='0'/>
		<mineralScore value='10778'/>
		<gasScore value='888'/>
		<totalScore value='24591'/>
	</player>

	<enemy>
		<race value='Protoss'/>
		<unitScore value='7025'/>
		<killScore value='12650'/>
		<buildingScore value='3425'/>
		<razingScore value='6000'/>
		<mineralScore value='11138'/>
		<gasScore value='2720'/>
		<totalScore value='42958'/>
	</enemy>

	<scoreRatio value='0.572443'/>
	<timeFitness value='0.185417'/>
	<unitsAverage value='39'/>
</results>
