<results>
	<result value='draw'/>
	<start value='2015-07-18.12:56:38'/>
	<end value='2015-07-18.12:59:25'/>
	<frames value='57601'/>
	<gameDuration value='3600'/>

	<player>
		<unitScore value='35600'/>
		<killScore value='33850'/>
		<buildingScore value='3625'/>
		<razingScore value='0'/>
		<mineralScore value='31410'/>
		<gasScore value='4856'/>
		<totalScore value='109341'/>
	</player>

	<enemy>
		<race value='Protoss'/>
		<unitScore value='35045'/>
		<killScore value='59600'/>
		<buildingScore value='8075'/>
		<razingScore value='10500'/>
		<mineralScore value='31666'/>
		<gasScore value='14072'/>
		<totalScore value='158958'/>
	</enemy>

	<scoreRatio value='0.687861'/>
	<timeFitness value='0.5'/>
	<unitsAverage value='121'/>
</results>
