<results>
	<result value='win'/>
	<start value='2015-05-01.06:18:56'/>
	<end value='2015-05-01.06:19:23'/>
	<frames value='25019'/>
	<gameDuration value='1563'/>

	<player>
		<unitScore value='11925'/>
		<killScore value='8300'/>
		<buildingScore value='4075'/>
		<razingScore value='13650'/>
		<mineralScore value='17574'/>
		<gasScore value='2560'/>
		<totalScore value='58084'/>
	</player>

	<enemy>
		<race value='Protoss'/>
		<unitScore value='4150'/>
		<unitScore value='4150'/>
		<killScore value='7350'/>
		<buildingScore value='4550'/>
		<razingScore value='1350'/>
		<mineralScore value='10666'/>
		<gasScore value='2600'/>
		<totalScore value='30666'/>
	</enemy>

	<scoreRatio value='1.89408'/>
</results>
