<results>
	<result value='loss'/>
	<start value='2015-05-01.06:23:34'/>
	<end value='2015-05-01.06:23:44'/>
	<frames value='16525'/>
	<gameDuration value='1032'/>

	<player>
		<unitScore value='3275'/>
		<killScore value='600'/>
		<buildingScore value='1625'/>
		<razingScore value='0'/>
		<mineralScore value='4994'/>
		<gasScore value='752'/>
		<totalScore value='11246'/>
	</player>

	<enemy>
		<race value='Protoss'/>
		<unitScore value='3600'/>
		<unitScore value='3600'/>
		<killScore value='6550'/>
		<buildingScore value='4025'/>
		<razingScore value='4875'/>
		<mineralScore value='8850'/>
		<gasScore value='1776'/>
		<totalScore value='29676'/>
	</enemy>

	<scoreRatio value='0.378959'/>
</results>
