<results>
	<result value='loss'/>
	<start value='2015-05-01.06:28:02'/>
	<end value='2015-05-01.06:29:06'/>
	<frames value='49726'/>
	<gameDuration value='3107'/>

	<player>
		<unitScore value='26575'/>
		<killScore value='33900'/>
		<buildingScore value='3250'/>
		<razingScore value='2250'/>
		<mineralScore value='31318'/>
		<gasScore value='5312'/>
		<totalScore value='102605'/>
	</player>

	<enemy>
		<race value='Protoss'/>
		<unitScore value='35225'/>
		<unitScore value='35225'/>
		<killScore value='52900'/>
		<buildingScore value='6875'/>
		<razingScore value='9750'/>
		<mineralScore value='31330'/>
		<gasScore value='11090'/>
		<totalScore value='147170'/>
	</enemy>

	<scoreRatio value='0.697187'/>
</results>
