<results>
	<result value='loss'/>
	<start value='2015-05-01.06:32:05'/>
	<end value='2015-05-01.06:32:42'/>
	<frames value='37791'/>
	<gameDuration value='2361'/>

	<player>
		<unitScore value='22300'/>
		<killScore value='12800'/>
		<buildingScore value='3625'/>
		<razingScore value='0'/>
		<mineralScore value='27206'/>
		<gasScore value='0'/>
		<totalScore value='65931'/>
	</player>

	<enemy>
		<race value='Protoss'/>
		<unitScore value='20550'/>
		<unitScore value='20550'/>
		<killScore value='44600'/>
		<buildingScore value='6725'/>
		<razingScore value='10875'/>
		<mineralScore value='23642'/>
		<gasScore value='7748'/>
		<totalScore value='114140'/>
	</enemy>

	<scoreRatio value='0.577633'/>
</results>
