<results>
	<result value='win'/>
	<start value='2014-07-23.02:19:49'/>
	<end value='2014-07-23.02:20:16'/>
	<frames value='26321'/>
	<gameDuration value='1645'/>

	<player>
		<unitScore value='17175'/>
		<killScore value='23720'/>
		<buildingScore value='4625'/>
		<razingScore value='6135'/>
		<mineralScore value='24258'/>
		<gasScore value='1808'/>
		<totalScore value='77721'/>
	</player>

	<enemy>
		<race value='Zerg'/>
		<unitScore value='11200'/>
		<unitScore value='11200'/>
		<killScore value='14150'/>
		<buildingScore value='2045'/>
		<razingScore value='0'/>
		<mineralScore value='10946'/>
		<gasScore value='3568'/>
		<totalScore value='41909'/>
	</enemy>

	<scoreRatio value='1.85452'/>
</results>
