<results>
	<result value='win'/>
	<start value='2015-04-26.22:26:13'/>
	<end value='2015-04-26.22:26:47'/>
	<frames value='38907'/>
	<gameDuration value='2431'/>

	<player>
		<unitScore value='16675'/>
		<killScore value='30150'/>
		<buildingScore value='4525'/>
		<razingScore value='11550'/>
		<mineralScore value='23778'/>
		<gasScore value='4000'/>
		<totalScore value='90678'/>
	</player>

	<enemy>
		<race value='Terran'/>
		<unitScore value='15075'/>
		<unitScore value='15075'/>
		<killScore value='15450'/>
		<buildingScore value='3850'/>
		<razingScore value='3300'/>
		<mineralScore value='14274'/>
		<gasScore value='6600'/>
		<totalScore value='58549'/>
	</enemy>

	<scoreRatio value='1.54875'/>
</results>
