<results>
	<result value='win'/>
	<start value='2015-04-26.22:26:49'/>
	<end value='2015-04-26.22:27:12'/>
	<frames value='28553'/>
	<gameDuration value='1784'/>

	<player>
		<unitScore value='11500'/>
		<killScore value='25800'/>
		<buildingScore value='3475'/>
		<razingScore value='8925'/>
		<mineralScore value='17210'/>
		<gasScore value='1928'/>
		<totalScore value='68838'/>
	</player>

	<enemy>
		<race value='Terran'/>
		<unitScore value='13300'/>
		<unitScore value='13300'/>
		<killScore value='4900'/>
		<buildingScore value='3050'/>
		<razingScore value='150'/>
		<mineralScore value='12026'/>
		<gasScore value='5432'/>
		<totalScore value='38858'/>
	</enemy>

	<scoreRatio value='1.77153'/>
</results>
