<results>
	<result value='win'/>
	<start value='2015-04-30.08:46:07'/>
	<end value='2015-04-30.08:46:42'/>
	<frames value='25112'/>
	<gameDuration value='1569'/>

	<player>
		<unitScore value='15050'/>
		<killScore value='20675'/>
		<buildingScore value='3375'/>
		<razingScore value='5940'/>
		<mineralScore value='25878'/>
		<gasScore value='2048'/>
		<totalScore value='72966'/>
	</player>

	<enemy>
		<race value='Zerg'/>
		<unitScore value='9950'/>
		<unitScore value='9950'/>
		<killScore value='11700'/>
		<buildingScore value='1980'/>
		<razingScore value='0'/>
		<mineralScore value='11146'/>
		<gasScore value='4144'/>
		<totalScore value='38920'/>
	</enemy>

	<scoreRatio value='1.87477'/>
</results>
