<results>
	<result value='win'/>
	<start value='2015-04-30.08:56:05'/>
	<end value='2015-04-30.08:56:34'/>
	<frames value='22322'/>
	<gameDuration value='1395'/>

	<player>
		<unitScore value='12450'/>
		<killScore value='17430'/>
		<buildingScore value='3875'/>
		<razingScore value='4830'/>
		<mineralScore value='20250'/>
		<gasScore value='1256'/>
		<totalScore value='60091'/>
	</player>

	<enemy>
		<race value='Zerg'/>
		<unitScore value='8400'/>
		<unitScore value='8400'/>
		<killScore value='8700'/>
		<buildingScore value='1610'/>
		<razingScore value='0'/>
		<mineralScore value='8402'/>
		<gasScore value='2696'/>
		<totalScore value='29808'/>
	</enemy>

	<scoreRatio value='2.01594'/>
</results>
