<results>
	<result value='win'/>
	<start value='2015-04-30.09:00:27'/>
	<end value='2015-04-30.09:01:18'/>
	<frames value='29514'/>
	<gameDuration value='1844'/>

	<player>
		<unitScore value='16850'/>
		<killScore value='23955'/>
		<buildingScore value='3925'/>
		<razingScore value='5820'/>
		<mineralScore value='30962'/>
		<gasScore value='2568'/>
		<totalScore value='84080'/>
	</player>

	<enemy>
		<race value='Zerg'/>
		<unitScore value='10975'/>
		<unitScore value='10975'/>
		<killScore value='13100'/>
		<buildingScore value='1940'/>
		<razingScore value='0'/>
		<mineralScore value='11466'/>
		<gasScore value='3832'/>
		<totalScore value='41313'/>
	</enemy>

	<scoreRatio value='2.03519'/>
</results>
