<results>
	<result value='loss'/>
	<start value='2015-04-30.09:01:22'/>
	<end value='2015-04-30.09:01:47'/>
	<frames value='29266'/>
	<gameDuration value='1829'/>

	<player>
		<unitScore value='8500'/>
		<killScore value='14750'/>
		<buildingScore value='2325'/>
		<razingScore value='0'/>
		<mineralScore value='11038'/>
		<gasScore value='1960'/>
		<totalScore value='38573'/>
	</player>

	<enemy>
		<race value='Zerg'/>
		<unitScore value='15725'/>
		<unitScore value='15725'/>
		<killScore value='16500'/>
		<buildingScore value='3020'/>
		<razingScore value='6975'/>
		<mineralScore value='15078'/>
		<gasScore value='4992'/>
		<totalScore value='62290'/>
	</enemy>

	<scoreRatio value='0.619249'/>
</results>
