<results>
	<result value='draw'/>
	<start value='2015-07-18.04:39:16'/>
	<end value='2015-07-18.04:41:11'/>
	<frames value='57601'/>
	<gameDuration value='3600'/>

	<player>
		<unitScore value='38400'/>
		<killScore value='26450'/>
		<buildingScore value='3700'/>
		<razingScore value='1350'/>
		<mineralScore value='45246'/>
		<gasScore value='4376'/>
		<totalScore value='119522'/>
	</player>

	<enemy>
		<race value='Terran'/>
		<unitScore value='22975'/>
		<killScore value='64900'/>
		<buildingScore value='4350'/>
		<razingScore value='4050'/>
		<mineralScore value='17606'/>
		<gasScore value='10788'/>
		<totalScore value='124669'/>
	</enemy>

	<scoreRatio value='0.958715'/>
	<timeFitness value='0.5'/>
	<unitsAverage value='108'/>
</results>
