<results>
	<result value='loss'/>
	<start value='2015-07-19.11:22:38'/>
	<end value='2015-07-19.11:23:11'/>
	<frames value='27933'/>
	<gameDuration value='1745'/>

	<player>
		<unitScore value='13875'/>
		<killScore value='10200'/>
		<buildingScore value='2450'/>
		<razingScore value='0'/>
		<mineralScore value='22994'/>
		<gasScore value='2368'/>
		<totalScore value='51887'/>
	</player>

	<enemy>
		<race value='Zerg'/>
		<unitScore value='16850'/>
		<killScore value='27750'/>
		<buildingScore value='3280'/>
		<razingScore value='7350'/>
		<mineralScore value='16358'/>
		<gasScore value='5384'/>
		<totalScore value='76972'/>
	</enemy>

	<scoreRatio value='0.674102'/>
	<timeFitness value='0.242361'/>
	<unitsAverage value='61'/>
</results>
