<results>
	<result value='loss'/>
	<start value='2015-07-19.11:30:19'/>
	<end value='2015-07-19.11:30:55'/>
	<frames value='29049'/>
	<gameDuration value='1815'/>

	<player>
		<unitScore value='15125'/>
		<killScore value='9925'/>
		<buildingScore value='3375'/>
		<razingScore value='0'/>
		<mineralScore value='22682'/>
		<gasScore value='2520'/>
		<totalScore value='53627'/>
	</player>

	<enemy>
		<race value='Zerg'/>
		<unitScore value='16400'/>
		<killScore value='30250'/>
		<buildingScore value='3445'/>
		<razingScore value='10125'/>
		<mineralScore value='17658'/>
		<gasScore value='5848'/>
		<totalScore value='83726'/>
	</enemy>

	<scoreRatio value='0.640506'/>
	<timeFitness value='0.252083'/>
	<unitsAverage value='62'/>
</results>
