<results>
	<result value='loss'/>
	<start value='2015-07-18.01:26:56'/>
	<end value='2015-07-18.01:27:09'/>
	<frames value='16804'/>
	<gameDuration value='1050'/>

	<player>
		<unitScore value='5375'/>
		<killScore value='1100'/>
		<buildingScore value='2300'/>
		<razingScore value='0'/>
		<mineralScore value='6466'/>
		<gasScore value='968'/>
		<totalScore value='16209'/>
	</player>

	<enemy>
		<race value='Terran'/>
		<unitScore value='5600'/>
		<killScore value='10750'/>
		<buildingScore value='1900'/>
		<razingScore value='6900'/>
		<mineralScore value='7706'/>
		<gasScore value='2648'/>
		<totalScore value='35504'/>
	</enemy>

	<scoreRatio value='0.45654'/>
	<timeFitness value='0.145833'/>
	<unitsAverage value='26'/>
</results>
