<results>
	<result value='loss'/>
	<start value='2015-07-18.01:35:17'/>
	<end value='2015-07-18.01:35:34'/>
	<frames value='19873'/>
	<gameDuration value='1242'/>

	<player>
		<unitScore value='5425'/>
		<killScore value='1050'/>
		<buildingScore value='1975'/>
		<razingScore value='0'/>
		<mineralScore value='8578'/>
		<gasScore value='1112'/>
		<totalScore value='18140'/>
	</player>

	<enemy>
		<race value='Terran'/>
		<unitScore value='6675'/>
		<killScore value='8950'/>
		<buildingScore value='2400'/>
		<razingScore value='5925'/>
		<mineralScore value='9362'/>
		<gasScore value='3048'/>
		<totalScore value='36360'/>
	</enemy>

	<scoreRatio value='0.4989'/>
	<timeFitness value='0.1725'/>
	<unitsAverage value='33'/>
</results>
