<results>
	<result value='win'/>
	<start value='2015-07-18.01:39:47'/>
	<end value='2015-07-18.01:41:31'/>
	<frames value='47525'/>
	<gameDuration value='2970'/>

	<player>
		<unitScore value='34150'/>
		<killScore value='28950'/>
		<buildingScore value='4575'/>
		<razingScore value='8100'/>
		<mineralScore value='48510'/>
		<gasScore value='4716'/>
		<totalScore value='129001'/>
	</player>

	<enemy>
		<race value='Terran'/>
		<unitScore value='14775'/>
		<killScore value='42200'/>
		<buildingScore value='2700'/>
		<razingScore value='2025'/>
		<mineralScore value='12050'/>
		<gasScore value='5840'/>
		<totalScore value='79590'/>
	</enemy>

	<scoreRatio value='1.62082'/>
	<timeFitness value='0.5875'/>
	<unitsAverage value='128'/>
</results>
