<results>
	<result value='win'/>
	<start value='2015-07-12.17:40:54'/>
	<end value='2015-07-12.17:41:08'/>
	<frames value='19873'/>
	<gameDuration value='1242'/>

	<player>
		<unitScore value='9600'/>
		<killScore value='8950'/>
		<buildingScore value='3025'/>
		<razingScore value='3750'/>
		<mineralScore value='14186'/>
		<gasScore value='1672'/>
		<totalScore value='41183'/>
	</player>

	<enemy>
		<race value='Terran'/>
		<unitScore value='4475'/>
		<killScore value='4000'/>
		<buildingScore value='1325'/>
		<razingScore value='1350'/>
		<mineralScore value='5746'/>
		<gasScore value='1504'/>
		<totalScore value='18400'/>
	</enemy>

	<scoreRatio value='2.23821'/>
	<timeFitness value='0.8275'/>
	<unitsAverage value='59'/>
</results>
