<results>
	<result value='draw'/>
	<start value='2015-07-12.17:43:20'/>
	<end value='2015-07-12.17:45:20'/>
	<frames value='57601'/>
	<gameDuration value='3600'/>

	<player>
		<unitScore value='30825'/>
		<killScore value='24250'/>
		<buildingScore value='4325'/>
		<razingScore value='150'/>
		<mineralScore value='50978'/>
		<gasScore value='12712'/>
		<totalScore value='123240'/>
	</player>

	<enemy>
		<race value='Terran'/>
		<unitScore value='14275'/>
		<killScore value='39100'/>
		<buildingScore value='2400'/>
		<razingScore value='150'/>
		<mineralScore value='12050'/>
		<gasScore value='6288'/>
		<totalScore value='74263'/>
	</enemy>

	<scoreRatio value='1.65951'/>
	<timeFitness value='0.5'/>
	<unitsAverage value='179'/>
</results>
