<results>
	<result value='draw'/>
	<start value='2015-07-12.17:55:20'/>
	<end value='2015-07-12.17:56:43'/>
	<frames value='57601'/>
	<gameDuration value='3600'/>

	<player>
		<unitScore value='46750'/>
		<killScore value='33300'/>
		<buildingScore value='4600'/>
		<razingScore value='1200'/>
		<mineralScore value='39106'/>
		<gasScore value='8008'/>
		<totalScore value='132964'/>
	</player>

	<enemy>
		<race value='Terran'/>
		<unitScore value='20675'/>
		<killScore value='77950'/>
		<buildingScore value='3875'/>
		<razingScore value='2775'/>
		<mineralScore value='23814'/>
		<gasScore value='6198'/>
		<totalScore value='135287'/>
	</enemy>

	<scoreRatio value='0.982829'/>
	<timeFitness value='0.5'/>
	<unitsAverage value='126'/>
</results>
