<results>
	<result value='loss'/>
	<start value='2015-07-12.17:59:08'/>
	<end value='2015-07-12.17:59:36'/>
	<frames value='45696'/>
	<gameDuration value='2856'/>

	<player>
		<unitScore value='14225'/>
		<killScore value='7550'/>
		<buildingScore value='3275'/>
		<razingScore value='0'/>
		<mineralScore value='14290'/>
		<gasScore value='3824'/>
		<totalScore value='43164'/>
	</player>

	<enemy>
		<race value='Terran'/>
		<unitScore value='21950'/>
		<killScore value='27100'/>
		<buildingScore value='4500'/>
		<razingScore value='9825'/>
		<mineralScore value='19526'/>
		<gasScore value='11056'/>
		<totalScore value='93957'/>
	</enemy>

	<scoreRatio value='0.459402'/>
	<timeFitness value='0.396667'/>
	<unitsAverage value='49'/>
</results>
