<results>
	<result value='draw'/>
	<start value='2015-05-08.18:32:09'/>
	<end value='2015-05-08.18:32:50'/>
	<frames value='57601'/>
	<gameDuration value='3600'/>

	<player>
		<unitScore value='18575'/>
		<killScore value='26550'/>
		<buildingScore value='4125'/>
		<razingScore value='225'/>
		<mineralScore value='22718'/>
		<gasScore value='5800'/>
		<totalScore value='77993'/>
	</player>

	<enemy>
		<race value='Terran'/>
		<unitScore value='30925'/>
		<unitScore value='30925'/>
		<killScore value='36550'/>
		<buildingScore value='4850'/>
		<razingScore value='8925'/>
		<mineralScore value='31030'/>
		<gasScore value='12322'/>
		<totalScore value='124602'/>
	</enemy>

	<scoreRatio value='0.625937'/>
	<timeFitness value='0.5'/>
	<unitsAverage value='64'/>
</results>
