<results>
	<result value='win'/>
	<start value='2015-05-08.18:36:56'/>
	<end value='2015-05-08.18:37:18'/>
	<frames value='27964'/>
	<gameDuration value='1747'/>

	<player>
		<unitScore value='14200'/>
		<killScore value='20750'/>
		<buildingScore value='4175'/>
		<razingScore value='8925'/>
		<mineralScore value='21282'/>
		<gasScore value='3064'/>
		<totalScore value='72396'/>
	</player>

	<enemy>
		<race value='Terran'/>
		<unitScore value='11175'/>
		<unitScore value='11175'/>
		<killScore value='8800'/>
		<buildingScore value='2975'/>
		<razingScore value='750'/>
		<mineralScore value='10978'/>
		<gasScore value='4440'/>
		<totalScore value='39118'/>
	</enemy>

	<scoreRatio value='1.85071'/>
	<timeFitness value='0.757361'/>
	<unitsAverage value='74'/>
</results>
