<results>
	<result value='loss'/>
	<start value='2015-05-08.18:37:32'/>
	<end value='2015-05-08.18:38:01'/>
	<frames value='45479'/>
	<gameDuration value='2842'/>

	<player>
		<unitScore value='10625'/>
		<killScore value='19700'/>
		<buildingScore value='3425'/>
		<razingScore value='1575'/>
		<mineralScore value='14082'/>
		<gasScore value='3160'/>
		<totalScore value='52567'/>
	</player>

	<enemy>
		<race value='Terran'/>
		<unitScore value='23300'/>
		<unitScore value='23300'/>
		<killScore value='21250'/>
		<buildingScore value='4450'/>
		<razingScore value='10275'/>
		<mineralScore value='19218'/>
		<gasScore value='10984'/>
		<totalScore value='89477'/>
	</enemy>

	<scoreRatio value='0.587492'/>
	<timeFitness value='0.394722'/>
	<unitsAverage value='46'/>
</results>
