<results>
	<result value='win'/>
	<start value='2015-04-16.13:37:58'/>
	<end value='2015-04-16.13:39:22'/>
	<frames value='34877'/>
	<gameDuration value='2179'/>

	<player>
		<unitScore value='25525'/>
		<killScore value='29300'/>
		<buildingScore value='4825'/>
		<razingScore value='17475'/>
		<mineralScore value='29418'/>
		<gasScore value='3624'/>
		<totalScore value='110167'/>
	</player>

	<enemy>
		<race value='Protoss'/>
		<unitScore value='14650'/>
		<unitScore value='14650'/>
		<killScore value='20100'/>
		<buildingScore value='5825'/>
		<razingScore value='0'/>
		<mineralScore value='18102'/>
		<gasScore value='2880'/>
		<totalScore value='61557'/>
	</enemy>

	<scoreRatio value='1.78967'/>
</results>
