<results>
	<result value='loss'/>
	<start value='2015-04-16.13:45:36'/>
	<end value='2015-04-16.13:45:51'/>
	<frames value='15006'/>
	<gameDuration value='937'/>

	<player>
		<unitScore value='3350'/>
		<killScore value='800'/>
		<buildingScore value='1175'/>
		<razingScore value='0'/>
		<mineralScore value='4058'/>
		<gasScore value='608'/>
		<totalScore value='9991'/>
	</player>

	<enemy>
		<race value='Protoss'/>
		<unitScore value='3550'/>
		<unitScore value='3550'/>
		<killScore value='6700'/>
		<buildingScore value='2475'/>
		<razingScore value='3525'/>
		<mineralScore value='7690'/>
		<gasScore value='1280'/>
		<totalScore value='25220'/>
	</enemy>

	<scoreRatio value='0.396154'/>
</results>
