<results>
	<result value='loss'/>
	<start value='2015-04-12.09:58:27'/>
	<end value='2015-04-12.09:58:39'/>
	<frames value='13518'/>
	<gameDuration value='844'/>

	<player>
		<unitScore value='2750'/>
		<killScore value='0'/>
		<buildingScore value='1450'/>
		<razingScore value='0'/>
		<mineralScore value='4274'/>
		<gasScore value='832'/>
		<totalScore value='9306'/>
	</player>

	<enemy>
		<race value='Protoss'/>
		<unitScore value='3500'/>
		<unitScore value='3500'/>
		<killScore value='5500'/>
		<buildingScore value='2275'/>
		<razingScore value='4350'/>
		<mineralScore value='6826'/>
		<gasScore value='1184'/>
		<totalScore value='23635'/>
	</enemy>

	<scoreRatio value='0.393738'/>
</results>
