<results>
	<result value='draw'/>
	<start value='2015-05-04.05:26:59'/>
	<end value='2015-05-04.05:28:00'/>
	<frames value='57601'/>
	<gameDuration value='3600'/>

	<player>
		<unitScore value='26850'/>
		<killScore value='42800'/>
		<buildingScore value='2875'/>
		<razingScore value='15450'/>
		<mineralScore value='27558'/>
		<gasScore value='4982'/>
		<totalScore value='120515'/>
	</player>

	<enemy>
		<race value='Protoss'/>
		<unitScore value='22475'/>
		<unitScore value='22475'/>
		<killScore value='39050'/>
		<buildingScore value='6925'/>
		<razingScore value='1500'/>
		<mineralScore value='24490'/>
		<gasScore value='5776'/>
		<totalScore value='100216'/>
	</enemy>

	<scoreRatio value='1.20255'/>
	<timeFitness value='0.5'/>
	<unitsAverage value='103'/>
</results>
