<results>
	<result value='win'/>
	<start value='2015-05-10.03:07:55'/>
	<end value='2015-05-10.03:08:59'/>
	<frames value='49230'/>
	<gameDuration value='3076'/>

	<player>
		<unitScore value='33775'/>
		<killScore value='46600'/>
		<buildingScore value='3875'/>
		<razingScore value='21675'/>
		<mineralScore value='37318'/>
		<gasScore value='7238'/>
		<totalScore value='150481'/>
	</player>

	<enemy>
		<race value='Protoss'/>
		<unitScore value='25600'/>
		<unitScore value='25600'/>
		<killScore value='47250'/>
		<buildingScore value='7225'/>
		<razingScore value='600'/>
		<mineralScore value='25678'/>
		<gasScore value='8772'/>
		<totalScore value='115125'/>
	</enemy>

	<scoreRatio value='1.30711'/>
	<timeFitness value='0.572778'/>
	<unitsAverage value='123'/>
</results>
