<results>
	<result value='loss'/>
	<start value='2015-05-10.03:12:01'/>
	<end value='2015-05-10.03:12:50'/>
	<frames value='50532'/>
	<gameDuration value='3158'/>

	<player>
		<unitScore value='30600'/>
		<killScore value='44500'/>
		<buildingScore value='3475'/>
		<razingScore value='1050'/>
		<mineralScore value='31510'/>
		<gasScore value='7524'/>
		<totalScore value='118659'/>
	</player>

	<enemy>
		<race value='Protoss'/>
		<unitScore value='36775'/>
		<unitScore value='36775'/>
		<killScore value='61300'/>
		<buildingScore value='6525'/>
		<razingScore value='10425'/>
		<mineralScore value='30750'/>
		<gasScore value='11128'/>
		<totalScore value='156903'/>
	</enemy>

	<scoreRatio value='0.756257'/>
	<timeFitness value='0.438611'/>
	<unitsAverage value='86'/>
</results>
