<results>
	<result value='draw'/>
	<start value='2015-07-12.18:52:44'/>
	<end value='2015-07-12.18:54:02'/>
	<frames value='57601'/>
	<gameDuration value='3600'/>

	<player>
		<unitScore value='32175'/>
		<killScore value='9500'/>
		<buildingScore value='3950'/>
		<razingScore value='0'/>
		<mineralScore value='27682'/>
		<gasScore value='5514'/>
		<totalScore value='78821'/>
	</player>

	<enemy>
		<race value='Terran'/>
		<unitScore value='14200'/>
		<killScore value='44850'/>
		<buildingScore value='2100'/>
		<razingScore value='750'/>
		<mineralScore value='12050'/>
		<gasScore value='6208'/>
		<totalScore value='80158'/>
	</enemy>

	<scoreRatio value='0.98332'/>
	<timeFitness value='0.5'/>
	<unitsAverage value='91'/>
</results>
