<results>
	<result value='loss'/>
	<start value='2015-05-03.18:12:01'/>
	<end value='2015-05-03.18:12:15'/>
	<frames value='15099'/>
	<gameDuration value='943'/>

	<player>
		<unitScore value='4250'/>
		<killScore value='300'/>
		<buildingScore value='1350'/>
		<razingScore value='0'/>
		<mineralScore value='5682'/>
		<gasScore value='784'/>
		<totalScore value='12366'/>
	</player>

	<enemy>
		<race value='Protoss'/>
		<unitScore value='3600'/>
		<unitScore value='3600'/>
		<killScore value='7600'/>
		<buildingScore value='2725'/>
		<razingScore value='3900'/>
		<mineralScore value='7586'/>
		<gasScore value='1384'/>
		<totalScore value='26795'/>
	</enemy>

	<scoreRatio value='0.461504'/>
	<timeFitness value='0.130972'/>
	<unitsAverage value='30'/>
</results>
