<results>
	<result value='win'/>
	<start value='2015-05-03.18:15:46'/>
	<end value='2015-05-03.18:16:25'/>
	<frames value='26941'/>
	<gameDuration value='1683'/>

	<player>
		<unitScore value='18400'/>
		<killScore value='8600'/>
		<buildingScore value='3550'/>
		<razingScore value='11850'/>
		<mineralScore value='22262'/>
		<gasScore value='2008'/>
		<totalScore value='66670'/>
	</player>

	<enemy>
		<race value='Protoss'/>
		<unitScore value='4300'/>
		<unitScore value='4300'/>
		<killScore value='19600'/>
		<buildingScore value='3950'/>
		<razingScore value='0'/>
		<mineralScore value='12546'/>
		<gasScore value='928'/>
		<totalScore value='41324'/>
	</enemy>

	<scoreRatio value='1.61335'/>
	<timeFitness value='0.76625'/>
	<unitsAverage value='79'/>
</results>
