<results>
	<result value='loss'/>
	<start value='2015-05-03.18:16:29'/>
	<end value='2015-05-03.18:16:42'/>
	<frames value='14944'/>
	<gameDuration value='934'/>

	<player>
		<unitScore value='2325'/>
		<killScore value='600'/>
		<buildingScore value='1400'/>
		<razingScore value='0'/>
		<mineralScore value='4226'/>
		<gasScore value='632'/>
		<totalScore value='9183'/>
	</player>

	<enemy>
		<race value='Protoss'/>
		<unitScore value='3550'/>
		<unitScore value='3550'/>
		<killScore value='4300'/>
		<buildingScore value='2425'/>
		<razingScore value='4200'/>
		<mineralScore value='7538'/>
		<gasScore value='1256'/>
		<totalScore value='23269'/>
	</enemy>

	<scoreRatio value='0.394645'/>
	<timeFitness value='0.129722'/>
	<unitsAverage value='22'/>
</results>
