<results>
	<result value='loss'/>
	<start value='2015-05-03.18:28:59'/>
	<end value='2015-05-03.18:29:13'/>
	<frames value='15688'/>
	<gameDuration value='980'/>

	<player>
		<unitScore value='3550'/>
		<killScore value='600'/>
		<buildingScore value='1575'/>
		<razingScore value='0'/>
		<mineralScore value='5354'/>
		<gasScore value='600'/>
		<totalScore value='11679'/>
	</player>

	<enemy>
		<race value='Protoss'/>
		<unitScore value='3550'/>
		<unitScore value='3550'/>
		<killScore value='7100'/>
		<buildingScore value='3225'/>
		<razingScore value='4725'/>
		<mineralScore value='8162'/>
		<gasScore value='1200'/>
		<totalScore value='27962'/>
	</enemy>

	<scoreRatio value='0.417674'/>
	<timeFitness value='0.136111'/>
	<unitsAverage value='25'/>
</results>
