<results>
	<result value='loss'/>
	<start value='2015-04-12.23:19:51'/>
	<end value='2015-04-12.23:20:24'/>
	<frames value='49044'/>
	<gameDuration value='3065'/>

	<player>
		<unitScore value='22475'/>
		<killScore value='46000'/>
		<buildingScore value='2725'/>
		<razingScore value='300'/>
		<mineralScore value='23970'/>
		<gasScore value='4964'/>
		<totalScore value='100434'/>
	</player>

	<enemy>
		<race value='Protoss'/>
		<unitScore value='42400'/>
		<unitScore value='42400'/>
		<killScore value='44950'/>
		<buildingScore value='7125'/>
		<razingScore value='8175'/>
		<mineralScore value='34130'/>
		<gasScore value='13180'/>
		<totalScore value='149960'/>
	</enemy>

	<scoreRatio value='0.669739'/>
</results>
