<results>
	<result value='loss'/>
	<start value='2015-07-19.16:17:55'/>
	<end value='2015-07-19.16:19:10'/>
	<frames value='38101'/>
	<gameDuration value='2381'/>

	<player>
		<unitScore value='21600'/>
		<killScore value='29525'/>
		<buildingScore value='3400'/>
		<razingScore value='240'/>
		<mineralScore value='26482'/>
		<gasScore value='3144'/>
		<totalScore value='84391'/>
	</player>

	<enemy>
		<race value='Zerg'/>
		<unitScore value='25075'/>
		<killScore value='42000'/>
		<buildingScore value='3995'/>
		<razingScore value='10200'/>
		<mineralScore value='22402'/>
		<gasScore value='7862'/>
		<totalScore value='111534'/>
	</enemy>

	<scoreRatio value='0.756639'/>
	<timeFitness value='0.330694'/>
	<unitsAverage value='76'/>
</results>
