<results>
	<result value='loss'/>
	<start value='2015-07-19.16:24:39'/>
	<end value='2015-07-19.16:25:48'/>
	<frames value='34939'/>
	<gameDuration value='2183'/>

	<player>
		<unitScore value='23625'/>
		<killScore value='22850'/>
		<buildingScore value='3975'/>
		<razingScore value='195'/>
		<mineralScore value='23618'/>
		<gasScore value='3160'/>
		<totalScore value='77423'/>
	</player>

	<enemy>
		<race value='Zerg'/>
		<unitScore value='22525'/>
		<killScore value='47000'/>
		<buildingScore value='3725'/>
		<razingScore value='11925'/>
		<mineralScore value='21682'/>
		<gasScore value='7792'/>
		<totalScore value='114649'/>
	</enemy>

	<scoreRatio value='0.675305'/>
	<timeFitness value='0.303194'/>
	<unitsAverage value='79'/>
</results>
