<results>
	<result value='loss'/>
	<start value='2015-04-08.00:53:38'/>
	<end value='2015-04-08.00:53:47'/>
	<frames value='19997'/>
	<gameDuration value='1249'/>

	<player>
		<unitScore value='3750'/>
		<killScore value='1800'/>
		<buildingScore value='2025'/>
		<razingScore value='0'/>
		<mineralScore value='6042'/>
		<gasScore value='808'/>
		<totalScore value='14425'/>
	</player>

	<enemy>
		<race value='Protoss'/>
		<unitScore value='6250'/>
		<unitScore value='6250'/>
		<killScore value='7500'/>
		<buildingScore value='5000'/>
		<razingScore value='6075'/>
		<mineralScore value='11650'/>
		<gasScore value='2952'/>
		<totalScore value='39427'/>
	</enemy>

	<scoreRatio value='0.365866'/>
</results>
