<results>
	<result value='loss'/>
	<start value='2015-04-08.01:04:07'/>
	<end value='2015-04-08.01:04:53'/>
	<frames value='49943'/>
	<gameDuration value='3121'/>

	<player>
		<unitScore value='21275'/>
		<killScore value='32200'/>
		<buildingScore value='2675'/>
		<razingScore value='2625'/>
		<mineralScore value='23986'/>
		<gasScore value='1440'/>
		<totalScore value='84201'/>
	</player>

	<enemy>
		<race value='Protoss'/>
		<unitScore value='34400'/>
		<unitScore value='34400'/>
		<killScore value='42650'/>
		<buildingScore value='8300'/>
		<razingScore value='8025'/>
		<mineralScore value='33350'/>
		<gasScore value='12100'/>
		<totalScore value='138825'/>
	</enemy>

	<scoreRatio value='0.606526'/>
</results>
