<results>
	<result value='win'/>
	<start value='2015-05-07.19:10:16'/>
	<end value='2015-05-07.19:10:34'/>
	<frames value='23562'/>
	<gameDuration value='1472'/>

	<player>
		<unitScore value='13125'/>
		<killScore value='25080'/>
		<buildingScore value='4050'/>
		<razingScore value='4755'/>
		<mineralScore value='19462'/>
		<gasScore value='2320'/>
		<totalScore value='68792'/>
	</player>

	<enemy>
		<race value='Zerg'/>
		<unitScore value='10775'/>
		<unitScore value='10775'/>
		<killScore value='9100'/>
		<buildingScore value='1585'/>
		<razingScore value='0'/>
		<mineralScore value='9626'/>
		<gasScore value='2664'/>
		<totalScore value='33750'/>
	</enemy>

	<scoreRatio value='2.03828'/>
	<timeFitness value='0.795556'/>
	<unitsAverage value='74'/>
</results>
