<results>
	<result value='loss'/>
	<start value='2015-04-17.00:10:04'/>
	<end value='2015-04-17.00:11:19'/>
	<frames value='44611'/>
	<gameDuration value='2788'/>

	<player>
		<unitScore value='20650'/>
		<killScore value='19950'/>
		<buildingScore value='3175'/>
		<razingScore value='0'/>
		<mineralScore value='29378'/>
		<gasScore value='4016'/>
		<totalScore value='77169'/>
	</player>

	<enemy>
		<race value='Protoss'/>
		<unitScore value='26975'/>
		<unitScore value='26975'/>
		<killScore value='41400'/>
		<buildingScore value='7025'/>
		<razingScore value='9525'/>
		<mineralScore value='30258'/>
		<gasScore value='10724'/>
		<totalScore value='125907'/>
	</enemy>

	<scoreRatio value='0.612905'/>
</results>
