<results>
	<result value='loss'/>
	<start value='2015-04-26.21:41:44'/>
	<end value='2015-04-26.21:41:54'/>
	<frames value='19470'/>
	<gameDuration value='1216'/>

	<player>
		<unitScore value='2800'/>
		<killScore value='2200'/>
		<buildingScore value='1600'/>
		<razingScore value='0'/>
		<mineralScore value='3994'/>
		<gasScore value='480'/>
		<totalScore value='11074'/>
	</player>

	<enemy>
		<race value='Terran'/>
		<unitScore value='7550'/>
		<unitScore value='7550'/>
		<killScore value='5600'/>
		<buildingScore value='2850'/>
		<razingScore value='4800'/>
		<mineralScore value='9034'/>
		<gasScore value='3352'/>
		<totalScore value='33186'/>
	</enemy>

	<scoreRatio value='0.333695'/>
</results>
