<results>
	<result value='win'/>
	<start value='2015-04-26.21:43:46'/>
	<end value='2015-04-26.21:44:27'/>
	<frames value='37233'/>
	<gameDuration value='2327'/>

	<player>
		<unitScore value='23600'/>
		<killScore value='26500'/>
		<buildingScore value='4475'/>
		<razingScore value='10200'/>
		<mineralScore value='29466'/>
		<gasScore value='4112'/>
		<totalScore value='98353'/>
	</player>

	<enemy>
		<race value='Terran'/>
		<unitScore value='14350'/>
		<unitScore value='14350'/>
		<killScore value='26050'/>
		<buildingScore value='3400'/>
		<razingScore value='2850'/>
		<mineralScore value='12842'/>
		<gasScore value='5610'/>
		<totalScore value='65102'/>
	</enemy>

	<scoreRatio value='1.51075'/>
</results>
