<results>
	<result value='loss'/>
	<start value='2015-04-26.21:50:55'/>
	<end value='2015-04-26.21:51:06'/>
	<frames value='20028'/>
	<gameDuration value='1251'/>

	<player>
		<unitScore value='4450'/>
		<killScore value='3700'/>
		<buildingScore value='2100'/>
		<razingScore value='0'/>
		<mineralScore value='6570'/>
		<gasScore value='776'/>
		<totalScore value='17596'/>
	</player>

	<enemy>
		<race value='Terran'/>
		<unitScore value='7600'/>
		<unitScore value='7600'/>
		<killScore value='8900'/>
		<buildingScore value='2350'/>
		<razingScore value='6300'/>
		<mineralScore value='9386'/>
		<gasScore value='3392'/>
		<totalScore value='37928'/>
	</enemy>

	<scoreRatio value='0.463932'/>
</results>
