<results>
	<result value='win'/>
	<start value='2014-07-23.01:07:54'/>
	<end value='2014-07-23.01:08:47'/>
	<frames value='37946'/>
	<gameDuration value='2371'/>

	<player>
		<unitScore value='22775'/>
		<killScore value='31380'/>
		<buildingScore value='4350'/>
		<razingScore value='5460'/>
		<mineralScore value='40218'/>
		<gasScore value='4840'/>
		<totalScore value='109023'/>
	</player>

	<enemy>
		<race value='Zerg'/>
		<unitScore value='14800'/>
		<unitScore value='14800'/>
		<killScore value='22550'/>
		<buildingScore value='1820'/>
		<razingScore value='225'/>
		<mineralScore value='12354'/>
		<gasScore value='4584'/>
		<totalScore value='56333'/>
	</enemy>

	<scoreRatio value='1.93533'/>
</results>
