<results>
	<result value='win'/>
	<start value='2015-05-10.22:57:03'/>
	<end value='2015-05-10.22:58:00'/>
	<frames value='37295'/>
	<gameDuration value='2330'/>

	<player>
		<unitScore value='25600'/>
		<killScore value='40645'/>
		<buildingScore value='3225'/>
		<razingScore value='9960'/>
		<mineralScore value='24234'/>
		<gasScore value='3976'/>
		<totalScore value='107640'/>
	</player>

	<enemy>
		<race value='Zerg'/>
		<unitScore value='18725'/>
		<unitScore value='18725'/>
		<killScore value='26500'/>
		<buildingScore value='3320'/>
		<razingScore value='2100'/>
		<mineralScore value='19050'/>
		<gasScore value='6632'/>
		<totalScore value='76327'/>
	</enemy>

	<scoreRatio value='1.41025'/>
	<timeFitness value='0.676389'/>
	<unitsAverage value='111'/>
</results>
