<results>
	<result value='loss'/>
	<start value='2014-07-23.00:39:51'/>
	<end value='2014-07-23.00:40:12'/>
	<frames value='33172'/>
	<gameDuration value='2073'/>

	<player>
		<unitScore value='9625'/>
		<killScore value='9100'/>
		<buildingScore value='2500'/>
		<razingScore value='1200'/>
		<mineralScore value='11962'/>
		<gasScore value='2896'/>
		<totalScore value='37283'/>
	</player>

	<enemy>
		<race value='Protoss'/>
		<unitScore value='17500'/>
		<unitScore value='17500'/>
		<killScore value='19250'/>
		<buildingScore value='7325'/>
		<razingScore value='7500'/>
		<mineralScore value='21594'/>
		<gasScore value='8144'/>
		<totalScore value='81313'/>
	</enemy>

	<scoreRatio value='0.458512'/>
</results>
