<results>
	<result value='loss'/>
	<start value='2015-04-10.23:44:14'/>
	<end value='2015-04-10.23:44:29'/>
	<frames value='17052'/>
	<gameDuration value='1065'/>

	<player>
		<unitScore value='3550'/>
		<killScore value='1400'/>
		<buildingScore value='1850'/>
		<razingScore value='0'/>
		<mineralScore value='5482'/>
		<gasScore value='728'/>
		<totalScore value='13010'/>
	</player>

	<enemy>
		<race value='Protoss'/>
		<unitScore value='3600'/>
		<unitScore value='3600'/>
		<killScore value='7100'/>
		<buildingScore value='4075'/>
		<razingScore value='5550'/>
		<mineralScore value='9002'/>
		<gasScore value='1584'/>
		<totalScore value='30911'/>
	</enemy>

	<scoreRatio value='0.420886'/>
</results>
