<results>
	<result value='win'/>
	<start value='2015-05-03.14:52:17'/>
	<end value='2015-05-03.14:52:33'/>
	<frames value='21981'/>
	<gameDuration value='1373'/>

	<player>
		<unitScore value='9225'/>
		<killScore value='14100'/>
		<buildingScore value='2850'/>
		<razingScore value='6525'/>
		<mineralScore value='10818'/>
		<gasScore value='1864'/>
		<totalScore value='45382'/>
	</player>

	<enemy>
		<race value='Terran'/>
		<unitScore value='7450'/>
		<unitScore value='7450'/>
		<killScore value='4700'/>
		<buildingScore value='2175'/>
		<razingScore value='2850'/>
		<mineralScore value='7938'/>
		<gasScore value='2360'/>
		<totalScore value='27473'/>
	</enemy>

	<scoreRatio value='1.65188'/>
	<timeFitness value='0.809306'/>
	<unitsAverage value='55'/>
</results>
