<results>
	<result value='draw'/>
	<start value='2015-05-03.14:52:36'/>
	<end value='2015-05-03.14:53:58'/>
	<frames value='57601'/>
	<gameDuration value='3600'/>

	<player>
		<unitScore value='34125'/>
		<killScore value='40600'/>
		<buildingScore value='4500'/>
		<razingScore value='2775'/>
		<mineralScore value='34438'/>
		<gasScore value='7430'/>
		<totalScore value='123868'/>
	</player>

	<enemy>
		<race value='Terran'/>
		<unitScore value='27450'/>
		<unitScore value='27450'/>
		<killScore value='45850'/>
		<buildingScore value='4150'/>
		<razingScore value='3525'/>
		<mineralScore value='19550'/>
		<gasScore value='11858'/>
		<totalScore value='112383'/>
	</enemy>

	<scoreRatio value='1.1022'/>
	<timeFitness value='0.5'/>
	<unitsAverage value='128'/>
</results>
