<results>
	<result value='loss'/>
	<start value='2015-07-13.00:09:02'/>
	<end value='2015-07-13.00:09:44'/>
	<frames value='34102'/>
	<gameDuration value='2131'/>

	<player>
		<unitScore value='16925'/>
		<killScore value='6600'/>
		<buildingScore value='2875'/>
		<razingScore value='0'/>
		<mineralScore value='19214'/>
		<gasScore value='2584'/>
		<totalScore value='48198'/>
	</player>

	<enemy>
		<race value='Protoss'/>
		<unitScore value='19000'/>
		<killScore value='30550'/>
		<buildingScore value='6925'/>
		<razingScore value='8625'/>
		<mineralScore value='21898'/>
		<gasScore value='8800'/>
		<totalScore value='95798'/>
	</enemy>

	<scoreRatio value='0.503121'/>
	<timeFitness value='0.295972'/>
	<unitsAverage value='55'/>
</results>
