<results>
	<result value='loss'/>
	<start value='2015-04-07.17:48:08'/>
	<end value='2015-04-07.17:48:16'/>
	<frames value='16060'/>
	<gameDuration value='1003'/>

	<player>
		<unitScore value='3800'/>
		<killScore value='1000'/>
		<buildingScore value='1275'/>
		<razingScore value='0'/>
		<mineralScore value='5434'/>
		<gasScore value='776'/>
		<totalScore value='12285'/>
	</player>

	<enemy>
		<race value='Protoss'/>
		<unitScore value='3550'/>
		<unitScore value='3550'/>
		<killScore value='7350'/>
		<buildingScore value='3125'/>
		<razingScore value='3825'/>
		<mineralScore value='8154'/>
		<gasScore value='1632'/>
		<totalScore value='27636'/>
	</enemy>

	<scoreRatio value='0.444529'/>
</results>
