<results>
	<result value='win'/>
	<start value='2015-04-26.01:01:06'/>
	<end value='2015-04-26.01:01:31'/>
	<frames value='25794'/>
	<gameDuration value='1612'/>

	<player>
		<unitScore value='15075'/>
		<killScore value='21950'/>
		<buildingScore value='3925'/>
		<razingScore value='8250'/>
		<mineralScore value='23946'/>
		<gasScore value='2824'/>
		<totalScore value='75970'/>
	</player>

	<enemy>
		<race value='Terran'/>
		<unitScore value='10975'/>
		<unitScore value='10975'/>
		<killScore value='10700'/>
		<buildingScore value='2750'/>
		<razingScore value='1800'/>
		<mineralScore value='11090'/>
		<gasScore value='3872'/>
		<totalScore value='41187'/>
	</enemy>

	<scoreRatio value='1.84451'/>
</results>
