<results>
	<result value='draw'/>
	<start value='2015-04-26.01:02:53'/>
	<end value='2015-04-26.01:04:03'/>
	<frames value='57601'/>
	<gameDuration value='3600'/>

	<player>
		<unitScore value='30700'/>
		<killScore value='33300'/>
		<buildingScore value='3775'/>
		<razingScore value='450'/>
		<mineralScore value='32118'/>
		<gasScore value='6376'/>
		<totalScore value='106719'/>
	</player>

	<enemy>
		<race value='Terran'/>
		<unitScore value='27825'/>
		<unitScore value='27825'/>
		<killScore value='56800'/>
		<buildingScore value='3400'/>
		<razingScore value='2100'/>
		<mineralScore value='19550'/>
		<gasScore value='11794'/>
		<totalScore value='121469'/>
	</enemy>

	<scoreRatio value='0.87857'/>
</results>
