<results>
	<result value='loss'/>
	<start value='2015-04-26.01:11:39'/>
	<end value='2015-04-26.01:11:49'/>
	<frames value='20059'/>
	<gameDuration value='1253'/>

	<player>
		<unitScore value='3550'/>
		<killScore value='5250'/>
		<buildingScore value='1925'/>
		<razingScore value='0'/>
		<mineralScore value='5562'/>
		<gasScore value='664'/>
		<totalScore value='16951'/>
	</player>

	<enemy>
		<race value='Terran'/>
		<unitScore value='7675'/>
		<unitScore value='7675'/>
		<killScore value='7100'/>
		<buildingScore value='2800'/>
		<razingScore value='5775'/>
		<mineralScore value='9290'/>
		<gasScore value='3488'/>
		<totalScore value='36128'/>
	</enemy>

	<scoreRatio value='0.469193'/>
</results>
