<results>
	<result value='loss'/>
	<start value='2015-07-19.19:58:05'/>
	<end value='2015-07-19.19:58:24'/>
	<frames value='23872'/>
	<gameDuration value='1492'/>

	<player>
		<unitScore value='11325'/>
		<killScore value='6600'/>
		<buildingScore value='2250'/>
		<razingScore value='0'/>
		<mineralScore value='11178'/>
		<gasScore value='2048'/>
		<totalScore value='33401'/>
	</player>

	<enemy>
		<race value='Zerg'/>
		<unitScore value='10300'/>
		<killScore value='18700'/>
		<buildingScore value='3125'/>
		<razingScore value='6750'/>
		<mineralScore value='13522'/>
		<gasScore value='3984'/>
		<totalScore value='56381'/>
	</enemy>

	<scoreRatio value='0.592416'/>
	<timeFitness value='0.207222'/>
	<unitsAverage value='50'/>
</results>
