<results>
	<result value='win'/>
	<start value='2015-05-03.05:08:33'/>
	<end value='2015-05-03.05:09:32'/>
	<frames value='37109'/>
	<gameDuration value='2319'/>

	<player>
		<unitScore value='24825'/>
		<killScore value='31100'/>
		<buildingScore value='4075'/>
		<razingScore value='14325'/>
		<mineralScore value='32730'/>
		<gasScore value='2992'/>
		<totalScore value='110047'/>
	</player>

	<enemy>
		<race value='Protoss'/>
		<unitScore value='18350'/>
		<unitScore value='18350'/>
		<killScore value='26800'/>
		<buildingScore value='4775'/>
		<razingScore value='0'/>
		<mineralScore value='14362'/>
		<gasScore value='5672'/>
		<totalScore value='69959'/>
	</enemy>

	<scoreRatio value='1.57302'/>
	<timeFitness value='0.677917'/>
	<unitsAverage value='127'/>
</results>
