<results>
	<result value='win'/>
	<start value='2015-05-03.05:11:06'/>
	<end value='2015-05-03.05:11:38'/>
	<frames value='29235'/>
	<gameDuration value='1827'/>

	<player>
		<unitScore value='14200'/>
		<killScore value='12200'/>
		<buildingScore value='3300'/>
		<razingScore value='17475'/>
		<mineralScore value='18898'/>
		<gasScore value='2288'/>
		<totalScore value='68361'/>
	</player>

	<enemy>
		<race value='Protoss'/>
		<unitScore value='6100'/>
		<unitScore value='6100'/>
		<killScore value='9700'/>
		<buildingScore value='5825'/>
		<razingScore value='300'/>
		<mineralScore value='13410'/>
		<gasScore value='3744'/>
		<totalScore value='39079'/>
	</enemy>

	<scoreRatio value='1.7493'/>
	<timeFitness value='0.74625'/>
	<unitsAverage value='88'/>
</results>
