<results>
	<result value='loss'/>
	<start value='2015-04-27.21:01:02'/>
	<end value='2015-04-27.21:02:24'/>
	<frames value='48300'/>
	<gameDuration value='3018'/>

	<player>
		<unitScore value='24100'/>
		<killScore value='46600'/>
		<buildingScore value='3550'/>
		<razingScore value='600'/>
		<mineralScore value='25218'/>
		<gasScore value='5142'/>
		<totalScore value='105210'/>
	</player>

	<enemy>
		<race value='Protoss'/>
		<unitScore value='41165'/>
		<unitScore value='41165'/>
		<killScore value='48200'/>
		<buildingScore value='7950'/>
		<razingScore value='10650'/>
		<mineralScore value='34038'/>
		<gasScore value='13290'/>
		<totalScore value='155293'/>
	</enemy>

	<scoreRatio value='0.677494'/>
</results>
