<results>
	<result value='loss'/>
	<start value='2015-04-27.21:12:13'/>
	<end value='2015-04-27.21:13:03'/>
	<frames value='40116'/>
	<gameDuration value='2507'/>

	<player>
		<unitScore value='13375'/>
		<killScore value='19900'/>
		<buildingScore value='2425'/>
		<razingScore value='1050'/>
		<mineralScore value='14882'/>
		<gasScore value='3272'/>
		<totalScore value='54904'/>
	</player>

	<enemy>
		<race value='Protoss'/>
		<unitScore value='29600'/>
		<unitScore value='29600'/>
		<killScore value='26750'/>
		<buildingScore value='7525'/>
		<razingScore value='7275'/>
		<mineralScore value='27842'/>
		<gasScore value='11848'/>
		<totalScore value='110840'/>
	</enemy>

	<scoreRatio value='0.495345'/>
</results>
