<results>
	<result value='loss'/>
	<start value='2014-07-23.02:17:14'/>
	<end value='2014-07-23.02:17:22'/>
	<frames value='16370'/>
	<gameDuration value='1023'/>

	<player>
		<unitScore value='2300'/>
		<killScore value='400'/>
		<buildingScore value='1700'/>
		<razingScore value='0'/>
		<mineralScore value='4466'/>
		<gasScore value='664'/>
		<totalScore value='9530'/>
	</player>

	<enemy>
		<race value='Protoss'/>
		<unitScore value='3550'/>
		<unitScore value='3550'/>
		<killScore value='4100'/>
		<buildingScore value='3475'/>
		<razingScore value='5100'/>
		<mineralScore value='8466'/>
		<gasScore value='1624'/>
		<totalScore value='26315'/>
	</enemy>

	<scoreRatio value='0.362151'/>
</results>
