<results>
	<result value='loss'/>
	<start value='2015-03-31.11:13:36'/>
	<end value='2015-03-31.11:14:05'/>
	<frames value='42348'/>
	<gameDuration value='2646'/>

	<player>
		<unitScore value='15750'/>
		<killScore value='21650'/>
		<buildingScore value='2075'/>
		<razingScore value='1650'/>
		<mineralScore value='17146'/>
		<gasScore value='2888'/>
		<totalScore value='61159'/>
	</player>

	<enemy>
		<race value='Protoss'/>
		<unitScore value='29475'/>
		<unitScore value='29475'/>
		<killScore value='31750'/>
		<buildingScore value='8325'/>
		<razingScore value='6225'/>
		<mineralScore value='29762'/>
		<gasScore value='10950'/>
		<totalScore value='116487'/>
	</enemy>

	<scoreRatio value='0.525029'/>
</results>
