<results>
	<result value='win'/>
	<start value='2015-05-09.00:32:27'/>
	<end value='2015-05-09.00:32:41'/>
	<frames value='19501'/>
	<gameDuration value='1218'/>

	<player>
		<unitScore value='7075'/>
		<killScore value='10050'/>
		<buildingScore value='3050'/>
		<razingScore value='4500'/>
		<mineralScore value='11770'/>
		<gasScore value='2104'/>
		<totalScore value='38549'/>
	</player>

	<enemy>
		<race value='Terran'/>
		<unitScore value='5025'/>
		<unitScore value='5025'/>
		<killScore value='3150'/>
		<buildingScore value='1500'/>
		<razingScore value='1350'/>
		<mineralScore value='8610'/>
		<gasScore value='1712'/>
		<totalScore value='21347'/>
	</enemy>

	<scoreRatio value='1.80583'/>
	<timeFitness value='0.830833'/>
	<unitsAverage value='54'/>
</results>
