<results>
	<result value='win'/>
	<start value='2014-07-11.20:53:47'/>
	<end value='2014-07-11.20:54:12'/>
	<frames value='26197'/>
	<gameDuration value='1637'/>

	<player>
		<unitScore value='17800'/>
		<killScore value='19035'/>
		<buildingScore value='4075'/>
		<razingScore value='5895'/>
		<mineralScore value='27354'/>
		<gasScore value='2312'/>
		<totalScore value='76471'/>
	</player>

	<enemy>
		<race value='Zerg'/>
		<unitScore value='9550'/>
		<unitScore value='9550'/>
		<killScore value='16050'/>
		<buildingScore value='1965'/>
		<razingScore value='0'/>
		<mineralScore value='9874'/>
		<gasScore value='3056'/>
		<totalScore value='40495'/>
	</enemy>

	<scoreRatio value='1.88841'/>
</results>
