<results>
	<result value='win'/>
	<start value='2014-07-11.21:00:56'/>
	<end value='2014-07-11.21:01:15'/>
	<frames value='22167'/>
	<gameDuration value='1385'/>

	<player>
		<unitScore value='12075'/>
		<killScore value='17380'/>
		<buildingScore value='3525'/>
		<razingScore value='5460'/>
		<mineralScore value='18930'/>
		<gasScore value='1632'/>
		<totalScore value='59002'/>
	</player>

	<enemy>
		<race value='Zerg'/>
		<unitScore value='8125'/>
		<unitScore value='8125'/>
		<killScore value='7550'/>
		<buildingScore value='1820'/>
		<razingScore value='0'/>
		<mineralScore value='8338'/>
		<gasScore value='2384'/>
		<totalScore value='28217'/>
	</enemy>

	<scoreRatio value='2.09101'/>
</results>
