<results>
	<result value='win'/>
	<start value='2015-05-07.11:42:39'/>
	<end value='2015-05-07.11:43:11'/>
	<frames value='31529'/>
	<gameDuration value='1970'/>

	<player>
		<unitScore value='21250'/>
		<killScore value='35170'/>
		<buildingScore value='3575'/>
		<razingScore value='8745'/>
		<mineralScore value='23210'/>
		<gasScore value='3336'/>
		<totalScore value='95286'/>
	</player>

	<enemy>
		<race value='Zerg'/>
		<unitScore value='15775'/>
		<unitScore value='15775'/>
		<killScore value='21200'/>
		<buildingScore value='2915'/>
		<razingScore value='2250'/>
		<mineralScore value='16010'/>
		<gasScore value='3840'/>
		<totalScore value='61990'/>
	</enemy>

	<scoreRatio value='1.53712'/>
	<timeFitness value='0.726389'/>
	<unitsAverage value='92'/>
</results>
