<results>
	<result value='win'/>
	<start value='2015-05-07.12:18:40'/>
	<end value='2015-05-07.12:19:15'/>
	<frames value='28119'/>
	<gameDuration value='1757'/>

	<player>
		<unitScore value='20025'/>
		<killScore value='39330'/>
		<buildingScore value='3575'/>
		<razingScore value='5040'/>
		<mineralScore value='29634'/>
		<gasScore value='2512'/>
		<totalScore value='100116'/>
	</player>

	<enemy>
		<race value='Zerg'/>
		<unitScore value='16425'/>
		<unitScore value='16425'/>
		<killScore value='15050'/>
		<buildingScore value='1680'/>
		<razingScore value='0'/>
		<mineralScore value='13510'/>
		<gasScore value='3888'/>
		<totalScore value='50553'/>
	</enemy>

	<scoreRatio value='1.98042'/>
	<timeFitness value='0.755972'/>
	<unitsAverage value='105'/>
</results>
