<results>
	<result value='win'/>
	<start value='2015-05-07.12:22:07'/>
	<end value='2015-05-07.12:22:36'/>
	<frames value='34443'/>
	<gameDuration value='2152'/>

	<player>
		<unitScore value='24300'/>
		<killScore value='32470'/>
		<buildingScore value='3350'/>
		<razingScore value='5460'/>
		<mineralScore value='39098'/>
		<gasScore value='1848'/>
		<totalScore value='106526'/>
	</player>

	<enemy>
		<race value='Zerg'/>
		<unitScore value='14200'/>
		<unitScore value='14200'/>
		<killScore value='35600'/>
		<buildingScore value='1820'/>
		<razingScore value='0'/>
		<mineralScore value='12522'/>
		<gasScore value='4264'/>
		<totalScore value='68406'/>
	</enemy>

	<scoreRatio value='1.55726'/>
	<timeFitness value='0.701111'/>
	<unitsAverage value='83'/>
</results>
