<results>
	<result value='win'/>
	<start value='2015-05-07.12:30:26'/>
	<end value='2015-05-07.12:30:59'/>
	<frames value='28274'/>
	<gameDuration value='1767'/>

	<player>
		<unitScore value='22075'/>
		<killScore value='27370'/>
		<buildingScore value='4250'/>
		<razingScore value='7530'/>
		<mineralScore value='28826'/>
		<gasScore value='1888'/>
		<totalScore value='91939'/>
	</player>

	<enemy>
		<race value='Zerg'/>
		<unitScore value='12675'/>
		<unitScore value='12675'/>
		<killScore value='17150'/>
		<buildingScore value='2510'/>
		<razingScore value='225'/>
		<mineralScore value='12962'/>
		<gasScore value='3712'/>
		<totalScore value='49234'/>
	</enemy>

	<scoreRatio value='1.86739'/>
	<timeFitness value='0.754583'/>
	<unitsAverage value='108'/>
</results>
