<results>
	<result value='loss'/>
	<start value='2014-07-22.18:39:18'/>
	<end value='2014-07-22.18:39:26'/>
	<frames value='16494'/>
	<gameDuration value='1030'/>

	<player>
		<unitScore value='2550'/>
		<killScore value='800'/>
		<buildingScore value='1300'/>
		<razingScore value='0'/>
		<mineralScore value='3402'/>
		<gasScore value='624'/>
		<totalScore value='8676'/>
	</player>

	<enemy>
		<race value='Terran'/>
		<unitScore value='5300'/>
		<unitScore value='5300'/>
		<killScore value='5100'/>
		<buildingScore value='1900'/>
		<razingScore value='3900'/>
		<mineralScore value='7466'/>
		<gasScore value='2544'/>
		<totalScore value='26210'/>
	</enemy>

	<scoreRatio value='0.331019'/>
</results>
