<results>
	<result value='loss'/>
	<start value='2015-07-18.07:32:17'/>
	<end value='2015-07-18.07:33:07'/>
	<frames value='46068'/>
	<gameDuration value='2879'/>

	<player>
		<unitScore value='14425'/>
		<killScore value='10400'/>
		<buildingScore value='3700'/>
		<razingScore value='0'/>
		<mineralScore value='15986'/>
		<gasScore value='2024'/>
		<totalScore value='46535'/>
	</player>

	<enemy>
		<race value='Terran'/>
		<unitScore value='14150'/>
		<killScore value='28750'/>
		<buildingScore value='5075'/>
		<razingScore value='11100'/>
		<mineralScore value='27546'/>
		<gasScore value='9190'/>
		<totalScore value='95811'/>
	</enemy>

	<scoreRatio value='0.485696'/>
	<timeFitness value='0.399861'/>
	<unitsAverage value='29'/>
</results>
