<results>
	<result value='win'/>
	<start value='2015-07-18.07:47:05'/>
	<end value='2015-07-18.07:47:27'/>
	<frames value='18757'/>
	<gameDuration value='1172'/>

	<player>
		<unitScore value='7750'/>
		<killScore value='7000'/>
		<buildingScore value='2300'/>
		<razingScore value='3600'/>
		<mineralScore value='9050'/>
		<gasScore value='1432'/>
		<totalScore value='31132'/>
	</player>

	<enemy>
		<race value='Terran'/>
		<unitScore value='3500'/>
		<killScore value='5250'/>
		<buildingScore value='1200'/>
		<razingScore value='1800'/>
		<mineralScore value='4906'/>
		<gasScore value='1496'/>
		<totalScore value='18152'/>
	</enemy>

	<scoreRatio value='1.71507'/>
	<timeFitness value='0.837222'/>
	<unitsAverage value='41'/>
</results>
