<results>
	<result value='win'/>
	<start value='2015-05-05.20:16:15'/>
	<end value='2015-05-05.20:16:36'/>
	<frames value='26724'/>
	<gameDuration value='1670'/>

	<player>
		<unitScore value='16450'/>
		<killScore value='21710'/>
		<buildingScore value='3875'/>
		<razingScore value='6135'/>
		<mineralScore value='24434'/>
		<gasScore value='1576'/>
		<totalScore value='74180'/>
	</player>

	<enemy>
		<race value='Zerg'/>
		<unitScore value='10325'/>
		<unitScore value='10325'/>
		<killScore value='13900'/>
		<buildingScore value='2045'/>
		<razingScore value='1350'/>
		<mineralScore value='10642'/>
		<gasScore value='3992'/>
		<totalScore value='42254'/>
	</enemy>

	<scoreRatio value='1.75557'/>
	<timeFitness value='0.768056'/>
	<unitsAverage value='92'/>
</results>
