<results>
	<result value='win'/>
	<start value='2015-05-05.20:26:39'/>
	<end value='2015-05-05.20:26:58'/>
	<frames value='24864'/>
	<gameDuration value='1554'/>

	<player>
		<unitScore value='14425'/>
		<killScore value='25985'/>
		<buildingScore value='3525'/>
		<razingScore value='5520'/>
		<mineralScore value='22366'/>
		<gasScore value='2176'/>
		<totalScore value='73997'/>
	</player>

	<enemy>
		<race value='Zerg'/>
		<unitScore value='11750'/>
		<unitScore value='11750'/>
		<killScore value='10100'/>
		<buildingScore value='1840'/>
		<razingScore value='0'/>
		<mineralScore value='11422'/>
		<gasScore value='3208'/>
		<totalScore value='38320'/>
	</enemy>

	<scoreRatio value='1.93103'/>
	<timeFitness value='0.784167'/>
	<unitsAverage value='87'/>
</results>
