<results>
	<result value='win'/>
	<start value='2015-05-05.20:44:34'/>
	<end value='2015-05-05.20:44:58'/>
	<frames value='28832'/>
	<gameDuration value='1802'/>

	<player>
		<unitScore value='18050'/>
		<killScore value='20140'/>
		<buildingScore value='4225'/>
		<razingScore value='6855'/>
		<mineralScore value='26330'/>
		<gasScore value='1832'/>
		<totalScore value='77432'/>
	</player>

	<enemy>
		<race value='Zerg'/>
		<unitScore value='10250'/>
		<unitScore value='10250'/>
		<killScore value='13900'/>
		<buildingScore value='2285'/>
		<razingScore value='0'/>
		<mineralScore value='10674'/>
		<gasScore value='3264'/>
		<totalScore value='40373'/>
	</enemy>

	<scoreRatio value='1.91792'/>
	<timeFitness value='0.749722'/>
	<unitsAverage value='99'/>
</results>
