<results>
	<result value='win'/>
	<start value='2015-05-09.07:56:45'/>
	<end value='2015-05-09.07:57:12'/>
	<frames value='30692'/>
	<gameDuration value='1918'/>

	<player>
		<unitScore value='15400'/>
		<killScore value='26750'/>
		<buildingScore value='4600'/>
		<razingScore value='10200'/>
		<mineralScore value='20746'/>
		<gasScore value='3072'/>
		<totalScore value='80768'/>
	</player>

	<enemy>
		<race value='Terran'/>
		<unitScore value='13375'/>
		<unitScore value='13375'/>
		<killScore value='11200'/>
		<buildingScore value='3400'/>
		<razingScore value='3900'/>
		<mineralScore value='12414'/>
		<gasScore value='5152'/>
		<totalScore value='49441'/>
	</enemy>

	<scoreRatio value='1.63362'/>
	<timeFitness value='0.733611'/>
	<unitsAverage value='81'/>
</results>
