<results>
	<result value='loss'/>
	<start value='2015-05-10.13:00:52'/>
	<end value='2015-05-10.13:01:01'/>
	<frames value='17300'/>
	<gameDuration value='1081'/>

	<player>
		<unitScore value='5650'/>
		<killScore value='400'/>
		<buildingScore value='1725'/>
		<razingScore value='0'/>
		<mineralScore value='8066'/>
		<gasScore value='848'/>
		<totalScore value='16689'/>
	</player>

	<enemy>
		<race value='Protoss'/>
		<unitScore value='4325'/>
		<unitScore value='4325'/>
		<killScore value='11300'/>
		<buildingScore value='3675'/>
		<razingScore value='5175'/>
		<mineralScore value='9154'/>
		<gasScore value='2232'/>
		<totalScore value='35861'/>
	</enemy>

	<scoreRatio value='0.46538'/>
	<timeFitness value='0.150139'/>
	<unitsAverage value='31'/>
</results>
