<results>
	<result value='win'/>
	<start value='2015-05-10.13:01:04'/>
	<end value='2015-05-10.13:01:55'/>
	<frames value='39279'/>
	<gameDuration value='2454'/>

	<player>
		<unitScore value='22325'/>
		<killScore value='25900'/>
		<buildingScore value='4300'/>
		<razingScore value='20175'/>
		<mineralScore value='36762'/>
		<gasScore value='4136'/>
		<totalScore value='113598'/>
	</player>

	<enemy>
		<race value='Protoss'/>
		<unitScore value='14475'/>
		<unitScore value='14475'/>
		<killScore value='22100'/>
		<buildingScore value='6725'/>
		<razingScore value='300'/>
		<mineralScore value='18506'/>
		<gasScore value='5720'/>
		<totalScore value='67826'/>
	</enemy>

	<scoreRatio value='1.67484'/>
	<timeFitness value='0.659167'/>
	<unitsAverage value='123'/>
</results>
