<results>
	<result value='loss'/>
	<start value='2015-05-10.13:09:58'/>
	<end value='2015-05-10.13:10:05'/>
	<frames value='15037'/>
	<gameDuration value='939'/>

	<player>
		<unitScore value='2500'/>
		<killScore value='200'/>
		<buildingScore value='1575'/>
		<razingScore value='0'/>
		<mineralScore value='4042'/>
		<gasScore value='600'/>
		<totalScore value='8917'/>
	</player>

	<enemy>
		<race value='Protoss'/>
		<unitScore value='3550'/>
		<unitScore value='3550'/>
		<killScore value='5000'/>
		<buildingScore value='2575'/>
		<razingScore value='4725'/>
		<mineralScore value='7618'/>
		<gasScore value='1344'/>
		<totalScore value='24812'/>
	</enemy>

	<scoreRatio value='0.359383'/>
	<timeFitness value='0.130417'/>
	<unitsAverage value='20'/>
</results>
