<results>
	<result value='loss'/>
	<start value='2015-04-08.15:19:56'/>
	<end value='2015-04-08.15:20:04'/>
	<frames value='16215'/>
	<gameDuration value='1013'/>

	<player>
		<unitScore value='4175'/>
		<killScore value='600'/>
		<buildingScore value='1500'/>
		<razingScore value='0'/>
		<mineralScore value='5490'/>
		<gasScore value='528'/>
		<totalScore value='12293'/>
	</player>

	<enemy>
		<race value='Protoss'/>
		<unitScore value='3550'/>
		<unitScore value='3550'/>
		<killScore value='8350'/>
		<buildingScore value='3525'/>
		<razingScore value='4500'/>
		<mineralScore value='8402'/>
		<gasScore value='1632'/>
		<totalScore value='29959'/>
	</enemy>

	<scoreRatio value='0.410327'/>
</results>
