<results>
	<result value='win'/>
	<start value='2015-05-02.23:54:25'/>
	<end value='2015-05-02.23:54:59'/>
	<frames value='24337'/>
	<gameDuration value='1521'/>

	<player>
		<unitScore value='13800'/>
		<killScore value='19460'/>
		<buildingScore value='2950'/>
		<razingScore value='5220'/>
		<mineralScore value='17554'/>
		<gasScore value='1720'/>
		<totalScore value='60704'/>
	</player>

	<enemy>
		<race value='Zerg'/>
		<unitScore value='8925'/>
		<unitScore value='8925'/>
		<killScore value='11350'/>
		<buildingScore value='1740'/>
		<razingScore value='0'/>
		<mineralScore value='9530'/>
		<gasScore value='3072'/>
		<totalScore value='34617'/>
	</enemy>

	<scoreRatio value='1.75359'/>
	<timeFitness value='0.78875'/>
	<unitsAverage value='70'/>
</results>
