<results>
	<result value='win'/>
	<start value='2015-05-03.00:00:25'/>
	<end value='2015-05-03.00:01:07'/>
	<frames value='25453'/>
	<gameDuration value='1590'/>

	<player>
		<unitScore value='13975'/>
		<killScore value='18865'/>
		<buildingScore value='3650'/>
		<razingScore value='5730'/>
		<mineralScore value='22666'/>
		<gasScore value='1392'/>
		<totalScore value='66278'/>
	</player>

	<enemy>
		<race value='Zerg'/>
		<unitScore value='9850'/>
		<unitScore value='9850'/>
		<killScore value='8950'/>
		<buildingScore value='1910'/>
		<razingScore value='0'/>
		<mineralScore value='9722'/>
		<gasScore value='2968'/>
		<totalScore value='33400'/>
	</enemy>

	<scoreRatio value='1.98437'/>
	<timeFitness value='0.779167'/>
	<unitsAverage value='89'/>
</results>
