<results>
	<result value='loss'/>
	<start value='2015-05-08.16:03:51'/>
	<end value='2015-05-08.16:04:05'/>
	<frames value='19563'/>
	<gameDuration value='1222'/>

	<player>
		<unitScore value='5250'/>
		<killScore value='2500'/>
		<buildingScore value='1600'/>
		<razingScore value='0'/>
		<mineralScore value='7322'/>
		<gasScore value='840'/>
		<totalScore value='17512'/>
	</player>

	<enemy>
		<race value='Terran'/>
		<unitScore value='7400'/>
		<unitScore value='7400'/>
		<killScore value='10500'/>
		<buildingScore value='2850'/>
		<razingScore value='4800'/>
		<mineralScore value='9066'/>
		<gasScore value='3464'/>
		<totalScore value='38080'/>
	</enemy>

	<scoreRatio value='0.459874'/>
	<timeFitness value='0.169722'/>
	<unitsAverage value='30'/>
</results>
