<results>
	<result value='win'/>
	<start value='2015-04-29.13:08:27'/>
	<end value='2015-04-29.13:10:04'/>
	<frames value='40116'/>
	<gameDuration value='2507'/>

	<player>
		<unitScore value='21300'/>
		<killScore value='22150'/>
		<buildingScore value='4050'/>
		<razingScore value='7920'/>
		<mineralScore value='39190'/>
		<gasScore value='3536'/>
		<totalScore value='98146'/>
	</player>

	<enemy>
		<race value='Zerg'/>
		<unitScore value='11075'/>
		<unitScore value='11075'/>
		<killScore value='19300'/>
		<buildingScore value='2640'/>
		<razingScore value='0'/>
		<mineralScore value='12810'/>
		<gasScore value='4272'/>
		<totalScore value='50097'/>
	</enemy>

	<scoreRatio value='1.95912'/>
</results>
