<results>
	<result value='win'/>
	<start value='2014-07-07.03:24:03'/>
	<end value='2014-07-07.03:24:19'/>
	<frames value='21113'/>
	<gameDuration value='1319'/>

	<player>
		<unitScore value='11525'/>
		<killScore value='13800'/>
		<buildingScore value='3725'/>
		<razingScore value='4425'/>
		<mineralScore value='17266'/>
		<gasScore value='1320'/>
		<totalScore value='52061'/>
	</player>

	<enemy>
		<race value='Terran'/>
		<unitScore value='6900'/>
		<unitScore value='6900'/>
		<killScore value='7150'/>
		<buildingScore value='1550'/>
		<razingScore value='150'/>
		<mineralScore value='10082'/>
		<gasScore value='2288'/>
		<totalScore value='28120'/>
	</enemy>

	<scoreRatio value='1.85139'/>
</results>
