<results>
	<result value='draw'/>
	<start value='2015-04-11.01:29:36'/>
	<end value='2015-04-11.01:30:36'/>
	<frames value='57601'/>
	<gameDuration value='3600'/>

	<player>
		<unitScore value='31575'/>
		<killScore value='59750'/>
		<buildingScore value='2825'/>
		<razingScore value='600'/>
		<mineralScore value='31518'/>
		<gasScore value='7128'/>
		<totalScore value='133396'/>
	</player>

	<enemy>
		<race value='Protoss'/>
		<unitScore value='38950'/>
		<unitScore value='38950'/>
		<killScore value='48850'/>
		<buildingScore value='6275'/>
		<razingScore value='300'/>
		<mineralScore value='31550'/>
		<gasScore value='11722'/>
		<totalScore value='137647'/>
	</enemy>

	<scoreRatio value='0.969117'/>
</results>
