<results>
	<result value='loss'/>
	<start value='2015-05-04.22:40:04'/>
	<end value='2015-05-04.22:40:38'/>
	<frames value='41821'/>
	<gameDuration value='2613'/>

	<player>
		<unitScore value='8925'/>
		<killScore value='7700'/>
		<buildingScore value='2150'/>
		<razingScore value='0'/>
		<mineralScore value='12602'/>
		<gasScore value='1072'/>
		<totalScore value='32449'/>
	</player>

	<enemy>
		<race value='Terran'/>
		<unitScore value='23225'/>
		<unitScore value='23225'/>
		<killScore value='17850'/>
		<buildingScore value='5475'/>
		<razingScore value='6450'/>
		<mineralScore value='21722'/>
		<gasScore value='12954'/>
		<totalScore value='87676'/>
	</enemy>

	<scoreRatio value='0.370101'/>
	<timeFitness value='0.362917'/>
	<unitsAverage value='37'/>
</results>
