<results>
	<result value='loss'/>
	<start value='2015-05-08.21:21:29'/>
	<end value='2015-05-08.21:21:39'/>
	<frames value='17176'/>
	<gameDuration value='1073'/>

	<player>
		<unitScore value='3425'/>
		<killScore value='300'/>
		<buildingScore value='1850'/>
		<razingScore value='0'/>
		<mineralScore value='5354'/>
		<gasScore value='336'/>
		<totalScore value='11265'/>
	</player>

	<enemy>
		<race value='Terran'/>
		<unitScore value='2500'/>
		<unitScore value='2500'/>
		<killScore value='6850'/>
		<buildingScore value='1200'/>
		<razingScore value='5550'/>
		<mineralScore value='8090'/>
		<gasScore value='2648'/>
		<totalScore value='26838'/>
	</enemy>

	<scoreRatio value='0.419741'/>
	<timeFitness value='0.149028'/>
	<unitsAverage value='22'/>
</results>
