<results>
	<result value='win'/>
	<start value='2015-05-08.21:27:09'/>
	<end value='2015-05-08.21:27:30'/>
	<frames value='23748'/>
	<gameDuration value='1484'/>

	<player>
		<unitScore value='9800'/>
		<killScore value='18000'/>
		<buildingScore value='3725'/>
		<razingScore value='6900'/>
		<mineralScore value='17418'/>
		<gasScore value='1920'/>
		<totalScore value='57763'/>
	</player>

	<enemy>
		<race value='Terran'/>
		<unitScore value='9800'/>
		<unitScore value='9800'/>
		<killScore value='3900'/>
		<buildingScore value='2300'/>
		<razingScore value='1500'/>
		<mineralScore value='8978'/>
		<gasScore value='3176'/>
		<totalScore value='29654'/>
	</enemy>

	<scoreRatio value='1.9479'/>
	<timeFitness value='0.793889'/>
	<unitsAverage value='71'/>
</results>
