<results>
	<result value='win'/>
	<start value='2015-05-11.15:01:05'/>
	<end value='2015-05-11.15:01:30'/>
	<frames value='27716'/>
	<gameDuration value='1732'/>

	<player>
		<unitScore value='17150'/>
		<killScore value='20400'/>
		<buildingScore value='3825'/>
		<razingScore value='14925'/>
		<mineralScore value='26078'/>
		<gasScore value='2360'/>
		<totalScore value='84738'/>
	</player>

	<enemy>
		<race value='Protoss'/>
		<unitScore value='10200'/>
		<unitScore value='10200'/>
		<killScore value='12800'/>
		<buildingScore value='4975'/>
		<razingScore value='0'/>
		<mineralScore value='17130'/>
		<gasScore value='2528'/>
		<totalScore value='47633'/>
	</enemy>

	<scoreRatio value='1.77898'/>
	<timeFitness value='0.759444'/>
	<unitsAverage value='100'/>
</results>
