<results>
	<result value='win'/>
	<start value='2015-05-11.15:01:33'/>
	<end value='2015-05-11.15:02:15'/>
	<frames value='41170'/>
	<gameDuration value='2573'/>

	<player>
		<unitScore value='30350'/>
		<killScore value='24000'/>
		<buildingScore value='4375'/>
		<razingScore value='17325'/>
		<mineralScore value='33742'/>
		<gasScore value='4392'/>
		<totalScore value='114184'/>
	</player>

	<enemy>
		<race value='Protoss'/>
		<unitScore value='12925'/>
		<unitScore value='12925'/>
		<killScore value='35500'/>
		<buildingScore value='5775'/>
		<razingScore value='1200'/>
		<mineralScore value='14602'/>
		<gasScore value='4752'/>
		<totalScore value='74754'/>
	</enemy>

	<scoreRatio value='1.52746'/>
	<timeFitness value='0.642639'/>
	<unitsAverage value='108'/>
</results>
