<results>
	<result value='loss'/>
	<start value='2015-05-03.04:56:03'/>
	<end value='2015-05-03.04:56:10'/>
	<frames value='16215'/>
	<gameDuration value='1013'/>

	<player>
		<unitScore value='4000'/>
		<killScore value='200'/>
		<buildingScore value='1825'/>
		<razingScore value='0'/>
		<mineralScore value='5866'/>
		<gasScore value='0'/>
		<totalScore value='11891'/>
	</player>

	<enemy>
		<race value='Protoss'/>
		<unitScore value='3600'/>
		<unitScore value='3600'/>
		<killScore value='8000'/>
		<buildingScore value='3525'/>
		<razingScore value='5475'/>
		<mineralScore value='8282'/>
		<gasScore value='1640'/>
		<totalScore value='30522'/>
	</enemy>

	<scoreRatio value='0.389588'/>
	<timeFitness value='0.140694'/>
	<unitsAverage value='24'/>
</results>
