<results>
	<result value='win'/>
	<start value='2015-05-11.15:11:32'/>
	<end value='2015-05-11.15:12:21'/>
	<frames value='44983'/>
	<gameDuration value='2811'/>

	<player>
		<unitScore value='23775'/>
		<killScore value='34650'/>
		<buildingScore value='2375'/>
		<razingScore value='23025'/>
		<mineralScore value='25018'/>
		<gasScore value='4000'/>
		<totalScore value='112843'/>
	</player>

	<enemy>
		<race value='Protoss'/>
		<unitScore value='18350'/>
		<unitScore value='18350'/>
		<killScore value='32250'/>
		<buildingScore value='7675'/>
		<razingScore value='150'/>
		<mineralScore value='23834'/>
		<gasScore value='6584'/>
		<totalScore value='88843'/>
	</enemy>

	<scoreRatio value='1.27014'/>
	<timeFitness value='0.609583'/>
	<unitsAverage value='102'/>
</results>
