<results>
	<result value='win'/>
	<start value='2015-05-11.23:07:06'/>
	<end value='2015-05-11.23:07:39'/>
	<frames value='31808'/>
	<gameDuration value='1988'/>

	<player>
		<unitScore value='17725'/>
		<killScore value='19200'/>
		<buildingScore value='3775'/>
		<razingScore value='15075'/>
		<mineralScore value='22026'/>
		<gasScore value='2320'/>
		<totalScore value='80121'/>
	</player>

	<enemy>
		<race value='Protoss'/>
		<unitScore value='9950'/>
		<unitScore value='9950'/>
		<killScore value='15050'/>
		<buildingScore value='5025'/>
		<razingScore value='150'/>
		<mineralScore value='13786'/>
		<gasScore value='2080'/>
		<totalScore value='46041'/>
	</enemy>

	<scoreRatio value='1.74021'/>
	<timeFitness value='0.723889'/>
	<unitsAverage value='90'/>
</results>
