<results>
	<result value='draw'/>
	<start value='2015-04-26.04:02:13'/>
	<end value='2015-04-26.04:02:50'/>
	<frames value='57601'/>
	<gameDuration value='3600'/>

	<player>
		<unitScore value='17975'/>
		<killScore value='34550'/>
		<buildingScore value='3150'/>
		<razingScore value='3075'/>
		<mineralScore value='20834'/>
		<gasScore value='3800'/>
		<totalScore value='83384'/>
	</player>

	<enemy>
		<race value='Terran'/>
		<unitScore value='29350'/>
		<unitScore value='29350'/>
		<killScore value='35950'/>
		<buildingScore value='5000'/>
		<razingScore value='9300'/>
		<mineralScore value='21950'/>
		<gasScore value='11926'/>
		<totalScore value='113476'/>
	</enemy>

	<scoreRatio value='0.734816'/>
</results>
