<results>
	<result value='draw'/>
	<start value='2015-04-26.04:06:39'/>
	<end value='2015-04-26.04:07:19'/>
	<frames value='57601'/>
	<gameDuration value='3600'/>

	<player>
		<unitScore value='24100'/>
		<killScore value='27600'/>
		<buildingScore value='3200'/>
		<razingScore value='1125'/>
		<mineralScore value='26134'/>
		<gasScore value='4584'/>
		<totalScore value='86743'/>
	</player>

	<enemy>
		<race value='Terran'/>
		<unitScore value='28775'/>
		<unitScore value='28775'/>
		<killScore value='41800'/>
		<buildingScore value='4900'/>
		<razingScore value='4425'/>
		<mineralScore value='31386'/>
		<gasScore value='12458'/>
		<totalScore value='123744'/>
	</enemy>

	<scoreRatio value='0.700988'/>
</results>
