<results>
	<result value='win'/>
	<start value='2015-04-26.04:13:55'/>
	<end value='2015-04-26.04:14:18'/>
	<frames value='27406'/>
	<gameDuration value='1712'/>

	<player>
		<unitScore value='12650'/>
		<killScore value='21000'/>
		<buildingScore value='3725'/>
		<razingScore value='7875'/>
		<mineralScore value='20466'/>
		<gasScore value='2320'/>
		<totalScore value='68036'/>
	</player>

	<enemy>
		<race value='Terran'/>
		<unitScore value='10800'/>
		<unitScore value='10800'/>
		<killScore value='7750'/>
		<buildingScore value='2625'/>
		<razingScore value='150'/>
		<mineralScore value='11258'/>
		<gasScore value='4016'/>
		<totalScore value='36599'/>
	</enemy>

	<scoreRatio value='1.85896'/>
</results>
