<results>
	<result value='loss'/>
	<start value='2015-04-26.04:16:10'/>
	<end value='2015-04-26.04:16:19'/>
	<frames value='17579'/>
	<gameDuration value='1098'/>

	<player>
		<unitScore value='3275'/>
		<killScore value='600'/>
		<buildingScore value='1950'/>
		<razingScore value='0'/>
		<mineralScore value='5306'/>
		<gasScore value='712'/>
		<totalScore value='11843'/>
	</player>

	<enemy>
		<race value='Terran'/>
		<unitScore value='6050'/>
		<unitScore value='6050'/>
		<killScore value='6550'/>
		<buildingScore value='2700'/>
		<razingScore value='5850'/>
		<mineralScore value='8178'/>
		<gasScore value='2712'/>
		<totalScore value='32040'/>
	</enemy>

	<scoreRatio value='0.369632'/>
</results>
