<results>
	<result value='win'/>
	<start value='2015-04-26.04:18:01'/>
	<end value='2015-04-26.04:18:39'/>
	<frames value='32862'/>
	<gameDuration value='2053'/>

	<player>
		<unitScore value='20650'/>
		<killScore value='31700'/>
		<buildingScore value='4575'/>
		<razingScore value='11850'/>
		<mineralScore value='30454'/>
		<gasScore value='4400'/>
		<totalScore value='103629'/>
	</player>

	<enemy>
		<race value='Terran'/>
		<unitScore value='16825'/>
		<unitScore value='16825'/>
		<killScore value='18300'/>
		<buildingScore value='3950'/>
		<razingScore value='675'/>
		<mineralScore value='14274'/>
		<gasScore value='6642'/>
		<totalScore value='60666'/>
	</enemy>

	<scoreRatio value='1.70819'/>
</results>
