<results>
	<result value='loss'/>
	<start value='2014-07-04.12:11:59'/>
	<end value='2014-07-04.12:12:17'/>
	<frames value='30382'/>
	<gameDuration value='1898'/>

	<player>
		<unitScore value='10725'/>
		<killScore value='5350'/>
		<buildingScore value='2025'/>
		<razingScore value='0'/>
		<mineralScore value='12458'/>
		<gasScore value='2616'/>
		<totalScore value='33174'/>
	</player>

	<enemy>
		<race value='Protoss'/>
		<unitScore value='13350'/>
		<unitScore value='13350'/>
		<killScore value='21450'/>
		<buildingScore value='6925'/>
		<razingScore value='6075'/>
		<mineralScore value='18130'/>
		<gasScore value='6568'/>
		<totalScore value='72498'/>
	</enemy>

	<scoreRatio value='0.457585'/>
</results>
