<results>
	<result value='win'/>
	<start value='2015-04-30.00:39:46'/>
	<end value='2015-04-30.00:40:57'/>
	<frames value='41728'/>
	<gameDuration value='2608'/>

	<player>
		<unitScore value='26875'/>
		<killScore value='35050'/>
		<buildingScore value='3975'/>
		<razingScore value='22425'/>
		<mineralScore value='30298'/>
		<gasScore value='4544'/>
		<totalScore value='123167'/>
	</player>

	<enemy>
		<race value='Protoss'/>
		<unitScore value='19675'/>
		<unitScore value='19675'/>
		<killScore value='30800'/>
		<buildingScore value='7475'/>
		<razingScore value='1875'/>
		<mineralScore value='20898'/>
		<gasScore value='7088'/>
		<totalScore value='87811'/>
	</enemy>

	<scoreRatio value='1.40264'/>
</results>
