<results>
	<result value='loss'/>
	<start value='2015-04-30.00:42:36'/>
	<end value='2015-04-30.00:42:48'/>
	<frames value='17548'/>
	<gameDuration value='1096'/>

	<player>
		<unitScore value='3125'/>
		<killScore value='1200'/>
		<buildingScore value='1600'/>
		<razingScore value='0'/>
		<mineralScore value='5026'/>
		<gasScore value='592'/>
		<totalScore value='11543'/>
	</player>

	<enemy>
		<race value='Protoss'/>
		<unitScore value='3800'/>
		<unitScore value='3800'/>
		<killScore value='6150'/>
		<buildingScore value='4075'/>
		<razingScore value='4800'/>
		<mineralScore value='9346'/>
		<gasScore value='1864'/>
		<totalScore value='30035'/>
	</enemy>

	<scoreRatio value='0.384318'/>
</results>
