<results>
	<result value='win'/>
	<start value='2014-07-24.01:45:06'/>
	<end value='2014-07-24.01:45:26'/>
	<frames value='25050'/>
	<gameDuration value='1565'/>

	<player>
		<unitScore value='16925'/>
		<killScore value='22910'/>
		<buildingScore value='3900'/>
		<razingScore value='5115'/>
		<mineralScore value='23558'/>
		<gasScore value='1712'/>
		<totalScore value='74120'/>
	</player>

	<enemy>
		<race value='Zerg'/>
		<unitScore value='11150'/>
		<unitScore value='11150'/>
		<killScore value='15350'/>
		<buildingScore value='1705'/>
		<razingScore value='150'/>
		<mineralScore value='10370'/>
		<gasScore value='3264'/>
		<totalScore value='41989'/>
	</enemy>

	<scoreRatio value='1.76522'/>
</results>
