<results>
	<result value='loss'/>
	<start value='2015-07-10.02:50:59'/>
	<end value='2015-07-10.02:52:49'/>
	<frames value='48238'/>
	<gameDuration value='3014'/>

	<player>
		<unitScore value='23400'/>
		<killScore value='11650'/>
		<buildingScore value='4525'/>
		<razingScore value='0'/>
		<mineralScore value='26478'/>
		<gasScore value='3088'/>
		<totalScore value='69141'/>
	</player>

	<enemy>
		<race value='Terran'/>
		<unitScore value='25875'/>
		<killScore value='45200'/>
		<buildingScore value='4975'/>
		<razingScore value='13575'/>
		<mineralScore value='22718'/>
		<gasScore value='12162'/>
		<totalScore value='124505'/>
	</enemy>

	<scoreRatio value='0.555327'/>
	<timeFitness value='0.418611'/>
	<unitsAverage value='53'/>
</results>
