<results>
	<result value='loss'/>
	<start value='2015-05-06.05:39:03'/>
	<end value='2015-05-06.05:39:50'/>
	<frames value='47401'/>
	<gameDuration value='2962'/>

	<player>
		<unitScore value='11675'/>
		<killScore value='12350'/>
		<buildingScore value='2500'/>
		<razingScore value='0'/>
		<mineralScore value='13998'/>
		<gasScore value='2440'/>
		<totalScore value='42963'/>
	</player>

	<enemy>
		<race value='Terran'/>
		<unitScore value='23500'/>
		<unitScore value='23500'/>
		<killScore value='23350'/>
		<buildingScore value='4450'/>
		<razingScore value='7500'/>
		<mineralScore value='19402'/>
		<gasScore value='11260'/>
		<totalScore value='89462'/>
	</enemy>

	<scoreRatio value='0.480237'/>
	<timeFitness value='0.411389'/>
	<unitsAverage value='32'/>
</results>
