<results>
	<result value='loss'/>
	<start value='2015-05-06.05:44:46'/>
	<end value='2015-05-06.05:45:03'/>
	<frames value='19005'/>
	<gameDuration value='1187'/>

	<player>
		<unitScore value='3925'/>
		<killScore value='3000'/>
		<buildingScore value='2075'/>
		<razingScore value='0'/>
		<mineralScore value='5778'/>
		<gasScore value='1240'/>
		<totalScore value='16018'/>
	</player>

	<enemy>
		<race value='Terran'/>
		<unitScore value='6775'/>
		<unitScore value='6775'/>
		<killScore value='7850'/>
		<buildingScore value='2850'/>
		<razingScore value='6225'/>
		<mineralScore value='8770'/>
		<gasScore value='3008'/>
		<totalScore value='35478'/>
	</enemy>

	<scoreRatio value='0.451491'/>
	<timeFitness value='0.164861'/>
	<unitsAverage value='28'/>
</results>
