<results>
	<result value='win'/>
	<start value='2015-05-06.05:49:47'/>
	<end value='2015-05-06.05:52:02'/>
	<frames value='51431'/>
	<gameDuration value='3214'/>

	<player>
		<unitScore value='42475'/>
		<killScore value='55200'/>
		<buildingScore value='4125'/>
		<razingScore value='11700'/>
		<mineralScore value='43502'/>
		<gasScore value='7616'/>
		<totalScore value='164618'/>
	</player>

	<enemy>
		<race value='Terran'/>
		<unitScore value='30800'/>
		<unitScore value='30800'/>
		<killScore value='62100'/>
		<buildingScore value='3900'/>
		<razingScore value='1350'/>
		<mineralScore value='19542'/>
		<gasScore value='11278'/>
		<totalScore value='128970'/>
	</enemy>

	<scoreRatio value='1.27641'/>
	<timeFitness value='0.553611'/>
	<unitsAverage value='142'/>
</results>
