<results>
	<result value='win'/>
	<start value='2015-05-06.05:53:58'/>
	<end value='2015-05-06.05:55:26'/>
	<frames value='41852'/>
	<gameDuration value='2615'/>

	<player>
		<unitScore value='25600'/>
		<killScore value='38400'/>
		<buildingScore value='5175'/>
		<razingScore value='12675'/>
		<mineralScore value='32994'/>
		<gasScore value='5378'/>
		<totalScore value='120222'/>
	</player>

	<enemy>
		<race value='Terran'/>
		<unitScore value='22400'/>
		<unitScore value='22400'/>
		<killScore value='25800'/>
		<buildingScore value='4225'/>
		<razingScore value='2925'/>
		<mineralScore value='18638'/>
		<gasScore value='9778'/>
		<totalScore value='83766'/>
	</enemy>

	<scoreRatio value='1.43521'/>
	<timeFitness value='0.636806'/>
	<unitsAverage value='105'/>
</results>
