<results>
	<result value='win'/>
	<start value='2015-05-06.06:05:17'/>
	<end value='2015-05-06.06:05:56'/>
	<frames value='25763'/>
	<gameDuration value='1610'/>

	<player>
		<unitScore value='12650'/>
		<killScore value='19800'/>
		<buildingScore value='3500'/>
		<razingScore value='8550'/>
		<mineralScore value='20286'/>
		<gasScore value='2480'/>
		<totalScore value='67266'/>
	</player>

	<enemy>
		<race value='Terran'/>
		<unitScore value='9900'/>
		<unitScore value='9900'/>
		<killScore value='6200'/>
		<buildingScore value='2850'/>
		<razingScore value='300'/>
		<mineralScore value='11322'/>
		<gasScore value='4528'/>
		<totalScore value='35100'/>
	</enemy>

	<scoreRatio value='1.91641'/>
	<timeFitness value='0.776389'/>
	<unitsAverage value='78'/>
</results>
