<results>
	<result value='loss'/>
	<start value='2015-05-06.06:08:16'/>
	<end value='2015-05-06.06:08:28'/>
	<frames value='16463'/>
	<gameDuration value='1028'/>

	<player>
		<unitScore value='2250'/>
		<killScore value='600'/>
		<buildingScore value='1300'/>
		<razingScore value='0'/>
		<mineralScore value='3170'/>
		<gasScore value='792'/>
		<totalScore value='8112'/>
	</player>

	<enemy>
		<race value='Terran'/>
		<unitScore value='5350'/>
		<unitScore value='5350'/>
		<killScore value='4500'/>
		<buildingScore value='1900'/>
		<razingScore value='3900'/>
		<mineralScore value='7626'/>
		<gasScore value='2336'/>
		<totalScore value='25612'/>
	</enemy>

	<scoreRatio value='0.316727'/>
	<timeFitness value='0.142778'/>
	<unitsAverage value='15'/>
</results>
