<results>
	<result value='win'/>
	<start value='2015-05-06.06:07:16'/>
	<end value='2015-05-06.06:07:56'/>
	<frames value='36613'/>
	<gameDuration value='2288'/>

	<player>
		<unitScore value='12225'/>
		<killScore value='26100'/>
		<buildingScore value='2675'/>
		<razingScore value='14025'/>
		<mineralScore value='13786'/>
		<gasScore value='2520'/>
		<totalScore value='71331'/>
	</player>

	<enemy>
		<race value='Terran'/>
		<unitScore value='13850'/>
		<unitScore value='13850'/>
		<killScore value='12950'/>
		<buildingScore value='4675'/>
		<razingScore value='2400'/>
		<mineralScore value='13158'/>
		<gasScore value='5702'/>
		<totalScore value='52735'/>
	</enemy>

	<scoreRatio value='1.35263'/>
	<timeFitness value='0.682222'/>
	<unitsAverage value='48'/>
</results>
