<results>
	<result value='win'/>
	<start value='2015-05-06.06:12:37'/>
	<end value='2015-05-06.06:13:05'/>
	<frames value='21826'/>
	<gameDuration value='1364'/>

	<player>
		<unitScore value='9475'/>
		<killScore value='12050'/>
		<buildingScore value='3075'/>
		<razingScore value='6375'/>
		<mineralScore value='14322'/>
		<gasScore value='1840'/>
		<totalScore value='47137'/>
	</player>

	<enemy>
		<race value='Terran'/>
		<unitScore value='6025'/>
		<unitScore value='6025'/>
		<killScore value='4750'/>
		<buildingScore value='2200'/>
		<razingScore value='1350'/>
		<mineralScore value='8522'/>
		<gasScore value='2728'/>
		<totalScore value='25575'/>
	</enemy>

	<scoreRatio value='1.84309'/>
	<timeFitness value='0.810556'/>
	<unitsAverage value='58'/>
</results>
