<results>
	<result value='win'/>
	<start value='2015-05-06.11:44:31'/>
	<end value='2015-05-06.11:46:24'/>
	<frames value='43681'/>
	<gameDuration value='2730'/>

	<player>
		<unitScore value='21175'/>
		<killScore value='31050'/>
		<buildingScore value='3850'/>
		<razingScore value='11850'/>
		<mineralScore value='41430'/>
		<gasScore value='5056'/>
		<totalScore value='114411'/>
	</player>

	<enemy>
		<race value='Terran'/>
		<unitScore value='17525'/>
		<unitScore value='17525'/>
		<killScore value='17550'/>
		<buildingScore value='3950'/>
		<razingScore value='300'/>
		<mineralScore value='14130'/>
		<gasScore value='6726'/>
		<totalScore value='60181'/>
	</enemy>

	<scoreRatio value='1.90111'/>
	<timeFitness value='0.620833'/>
	<unitsAverage value='131'/>
</results>
