<results>
	<result value='win'/>
	<start value='2014-07-12.20:35:25'/>
	<end value='2014-07-12.20:35:47'/>
	<frames value='26910'/>
	<gameDuration value='1681'/>

	<player>
		<unitScore value='16725'/>
		<killScore value='25575'/>
		<buildingScore value='2575'/>
		<razingScore value='6015'/>
		<mineralScore value='21090'/>
		<gasScore value='1504'/>
		<totalScore value='73484'/>
	</player>

	<enemy>
		<race value='Zerg'/>
		<unitScore value='11925'/>
		<unitScore value='11925'/>
		<killScore value='15150'/>
		<buildingScore value='2005'/>
		<razingScore value='0'/>
		<mineralScore value='11898'/>
		<gasScore value='4040'/>
		<totalScore value='45018'/>
	</enemy>

	<scoreRatio value='1.63232'/>
</results>
