<results>
	<result value='win'/>
	<start value='2015-05-03.02:47:35'/>
	<end value='2015-05-03.02:49:34'/>
	<frames value='46316'/>
	<gameDuration value='2894'/>

	<player>
		<unitScore value='20550'/>
		<killScore value='26350'/>
		<buildingScore value='3850'/>
		<razingScore value='18075'/>
		<mineralScore value='33994'/>
		<gasScore value='3376'/>
		<totalScore value='106195'/>
	</player>

	<enemy>
		<race value='Protoss'/>
		<unitScore value='13625'/>
		<unitScore value='13625'/>
		<killScore value='17500'/>
		<buildingScore value='6025'/>
		<razingScore value='1725'/>
		<mineralScore value='17426'/>
		<gasScore value='4208'/>
		<totalScore value='60509'/>
	</enemy>

	<scoreRatio value='1.75503'/>
	<timeFitness value='0.598056'/>
	<unitsAverage value='121'/>
</results>
