<results>
	<result value='loss'/>
	<start value='2015-05-03.03:03:54'/>
	<end value='2015-05-03.03:04:09'/>
	<frames value='16525'/>
	<gameDuration value='1032'/>

	<player>
		<unitScore value='3900'/>
		<killScore value='1000'/>
		<buildingScore value='1625'/>
		<razingScore value='0'/>
		<mineralScore value='5730'/>
		<gasScore value='840'/>
		<totalScore value='13095'/>
	</player>

	<enemy>
		<race value='Protoss'/>
		<unitScore value='5125'/>
		<unitScore value='5125'/>
		<killScore value='7950'/>
		<buildingScore value='3075'/>
		<razingScore value='4875'/>
		<mineralScore value='8538'/>
		<gasScore value='2128'/>
		<totalScore value='31691'/>
	</enemy>

	<scoreRatio value='0.413209'/>
	<timeFitness value='0.143333'/>
	<unitsAverage value='28'/>
</results>
