<results>
	<result value='win'/>
	<start value='2015-05-03.03:05:02'/>
	<end value='2015-05-03.03:07:29'/>
	<frames value='51152'/>
	<gameDuration value='3197'/>

	<player>
		<unitScore value='32725'/>
		<killScore value='48650'/>
		<buildingScore value='4550'/>
		<razingScore value='18300'/>
		<mineralScore value='37538'/>
		<gasScore value='5610'/>
		<totalScore value='147373'/>
	</player>

	<enemy>
		<race value='Protoss'/>
		<unitScore value='26275'/>
		<unitScore value='26275'/>
		<killScore value='46650'/>
		<buildingScore value='6100'/>
		<razingScore value='300'/>
		<mineralScore value='25250'/>
		<gasScore value='8678'/>
		<totalScore value='113253'/>
	</enemy>

	<scoreRatio value='1.30127'/>
	<timeFitness value='0.555972'/>
	<unitsAverage value='149'/>
</results>
