<results>
	<result value='draw'/>
	<start value='2015-04-29.17:14:55'/>
	<end value='2015-04-29.17:15:56'/>
	<frames value='57601'/>
	<gameDuration value='3600'/>

	<player>
		<unitScore value='25800'/>
		<killScore value='32850'/>
		<buildingScore value='3775'/>
		<razingScore value='150'/>
		<mineralScore value='28478'/>
		<gasScore value='7018'/>
		<totalScore value='98071'/>
	</player>

	<enemy>
		<race value='Terran'/>
		<unitScore value='29800'/>
		<unitScore value='29800'/>
		<killScore value='45450'/>
		<buildingScore value='4725'/>
		<razingScore value='4350'/>
		<mineralScore value='31550'/>
		<gasScore value='12358'/>
		<totalScore value='128233'/>
	</enemy>

	<scoreRatio value='0.764788'/>
	<timeFitness value='0.5'/>
	<unitsAverage value='89'/>
</results>
