<results>
	<result value='win'/>
	<start value='2015-04-29.17:20:48'/>
	<end value='2015-04-29.17:21:11'/>
	<frames value='22849'/>
	<gameDuration value='1428'/>

	<player>
		<unitScore value='11475'/>
		<killScore value='17550'/>
		<buildingScore value='3375'/>
		<razingScore value='7875'/>
		<mineralScore value='23362'/>
		<gasScore value='1400'/>
		<totalScore value='65037'/>
	</player>

	<enemy>
		<race value='Terran'/>
		<unitScore value='8775'/>
		<unitScore value='8775'/>
		<killScore value='6750'/>
		<buildingScore value='2625'/>
		<razingScore value='150'/>
		<mineralScore value='9498'/>
		<gasScore value='3072'/>
		<totalScore value='30870'/>
	</enemy>

	<scoreRatio value='2.1068'/>
	<timeFitness value='0.801667'/>
	<unitsAverage value='81'/>
</results>
