<results>
	<result value='loss'/>
	<start value='2015-04-11.18:12:18'/>
	<end value='2015-04-11.18:12:50'/>
	<frames value='31033'/>
	<gameDuration value='1939'/>

	<player>
		<unitScore value='10575'/>
		<killScore value='7800'/>
		<buildingScore value='1750'/>
		<razingScore value='900'/>
		<mineralScore value='11894'/>
		<gasScore value='2104'/>
		<totalScore value='35023'/>
	</player>

	<enemy>
		<race value='Protoss'/>
		<unitScore value='16600'/>
		<unitScore value='16600'/>
		<killScore value='21150'/>
		<buildingScore value='7225'/>
		<razingScore value='5250'/>
		<mineralScore value='20822'/>
		<gasScore value='6864'/>
		<totalScore value='77911'/>
	</enemy>

	<scoreRatio value='0.449526'/>
</results>
