<results>
	<result value='loss'/>
	<start value='2015-04-11.18:21:23'/>
	<end value='2015-04-11.18:22:05'/>
	<frames value='38504'/>
	<gameDuration value='2406'/>

	<player>
		<unitScore value='10275'/>
		<killScore value='14100'/>
		<buildingScore value='2025'/>
		<razingScore value='2250'/>
		<mineralScore value='12330'/>
		<gasScore value='2552'/>
		<totalScore value='43532'/>
	</player>

	<enemy>
		<race value='Protoss'/>
		<unitScore value='22750'/>
		<unitScore value='22750'/>
		<killScore value='20350'/>
		<buildingScore value='8425'/>
		<razingScore value='6075'/>
		<mineralScore value='26210'/>
		<gasScore value='9282'/>
		<totalScore value='93092'/>
	</enemy>

	<scoreRatio value='0.467623'/>
</results>
