<results>
	<result value='loss'/>
	<start value='2014-07-04.03:03:55'/>
	<end value='2014-07-04.03:04:39'/>
	<frames value='49757'/>
	<gameDuration value='3109'/>

	<player>
		<unitScore value='28325'/>
		<killScore value='45350'/>
		<buildingScore value='3150'/>
		<razingScore value='1350'/>
		<mineralScore value='31458'/>
		<gasScore value='4984'/>
		<totalScore value='114617'/>
	</player>

	<enemy>
		<race value='Protoss'/>
		<unitScore value='36750'/>
		<unitScore value='36750'/>
		<killScore value='56650'/>
		<buildingScore value='6800'/>
		<razingScore value='9450'/>
		<mineralScore value='31242'/>
		<gasScore value='11012'/>
		<totalScore value='151904'/>
	</enemy>

	<scoreRatio value='0.754536'/>
</results>
