<results>
	<result value='win'/>
	<start value='2014-07-04.03:13:53'/>
	<end value='2014-07-04.03:14:34'/>
	<frames value='37543'/>
	<gameDuration value='2346'/>

	<player>
		<unitScore value='20575'/>
		<killScore value='19200'/>
		<buildingScore value='4275'/>
		<razingScore value='24375'/>
		<mineralScore value='24638'/>
		<gasScore value='3224'/>
		<totalScore value='96287'/>
	</player>

	<enemy>
		<race value='Protoss'/>
		<unitScore value='9600'/>
		<unitScore value='9600'/>
		<killScore value='18750'/>
		<buildingScore value='8125'/>
		<razingScore value='1350'/>
		<mineralScore value='21522'/>
		<gasScore value='5712'/>
		<totalScore value='65059'/>
	</enemy>

	<scoreRatio value='1.48'/>
</results>
