<results>
	<result value='win'/>
	<start value='2015-04-28.18:45:19'/>
	<end value='2015-04-28.18:45:42'/>
	<frames value='25732'/>
	<gameDuration value='1608'/>

	<player>
		<unitScore value='16100'/>
		<killScore value='24210'/>
		<buildingScore value='3725'/>
		<razingScore value='5580'/>
		<mineralScore value='24018'/>
		<gasScore value='2864'/>
		<totalScore value='76497'/>
	</player>

	<enemy>
		<race value='Zerg'/>
		<unitScore value='10650'/>
		<unitScore value='10650'/>
		<killScore value='13400'/>
		<buildingScore value='1860'/>
		<razingScore value='0'/>
		<mineralScore value='9942'/>
		<gasScore value='2960'/>
		<totalScore value='38812'/>
	</enemy>

	<scoreRatio value='1.97096'/>
</results>
