<results>
	<result value='win'/>
	<start value='2015-04-29.15:22:05'/>
	<end value='2015-04-29.15:22:28'/>
	<frames value='20648'/>
	<gameDuration value='1290'/>

	<player>
		<unitScore value='10500'/>
		<killScore value='18580'/>
		<buildingScore value='2950'/>
		<razingScore value='4560'/>
		<mineralScore value='14290'/>
		<gasScore value='1272'/>
		<totalScore value='52152'/>
	</player>

	<enemy>
		<race value='Zerg'/>
		<unitScore value='9100'/>
		<unitScore value='9100'/>
		<killScore value='6700'/>
		<buildingScore value='1520'/>
		<razingScore value='0'/>
		<mineralScore value='8394'/>
		<gasScore value='2640'/>
		<totalScore value='28354'/>
	</enemy>

	<scoreRatio value='1.83932'/>
</results>
