<results>
	<result value='win'/>
	<start value='2015-04-29.15:23:51'/>
	<end value='2015-04-29.15:24:26'/>
	<frames value='25515'/>
	<gameDuration value='1594'/>

	<player>
		<unitScore value='16400'/>
		<killScore value='22750'/>
		<buildingScore value='3375'/>
		<razingScore value='4875'/>
		<mineralScore value='22462'/>
		<gasScore value='1848'/>
		<totalScore value='71710'/>
	</player>

	<enemy>
		<race value='Zerg'/>
		<unitScore value='10350'/>
		<unitScore value='10350'/>
		<killScore value='14600'/>
		<buildingScore value='1625'/>
		<razingScore value='0'/>
		<mineralScore value='9426'/>
		<gasScore value='3176'/>
		<totalScore value='39177'/>
	</enemy>

	<scoreRatio value='1.83041'/>
</results>
