<results>
	<result value='win'/>
	<start value='2015-04-29.15:33:44'/>
	<end value='2015-04-29.15:34:19'/>
	<frames value='27251'/>
	<gameDuration value='1703'/>

	<player>
		<unitScore value='14800'/>
		<killScore value='17315'/>
		<buildingScore value='2575'/>
		<razingScore value='5925'/>
		<mineralScore value='17518'/>
		<gasScore value='1936'/>
		<totalScore value='60069'/>
	</player>

	<enemy>
		<race value='Zerg'/>
		<unitScore value='9400'/>
		<unitScore value='9400'/>
		<killScore value='14150'/>
		<buildingScore value='1975'/>
		<razingScore value='0'/>
		<mineralScore value='9666'/>
		<gasScore value='2272'/>
		<totalScore value='37463'/>
	</enemy>

	<scoreRatio value='1.60342'/>
</results>
