<results>
	<result value='win'/>
	<start value='2015-04-29.15:38:20'/>
	<end value='2015-04-29.15:38:56'/>
	<frames value='25267'/>
	<gameDuration value='1579'/>

	<player>
		<unitScore value='14975'/>
		<killScore value='19975'/>
		<buildingScore value='4400'/>
		<razingScore value='6720'/>
		<mineralScore value='22754'/>
		<gasScore value='1600'/>
		<totalScore value='70424'/>
	</player>

	<enemy>
		<race value='Zerg'/>
		<unitScore value='9400'/>
		<unitScore value='9400'/>
		<killScore value='10750'/>
		<buildingScore value='2240'/>
		<razingScore value='0'/>
		<mineralScore value='9898'/>
		<gasScore value='3328'/>
		<totalScore value='35616'/>
	</enemy>

	<scoreRatio value='1.97731'/>
</results>
