<results>
	<result value='loss'/>
	<start value='2015-05-06.13:58:42'/>
	<end value='2015-05-06.13:58:48'/>
	<frames value='14262'/>
	<gameDuration value='891'/>

	<player>
		<unitScore value='2850'/>
		<killScore value='600'/>
		<buildingScore value='1425'/>
		<razingScore value='0'/>
		<mineralScore value='4258'/>
		<gasScore value='752'/>
		<totalScore value='9885'/>
	</player>

	<enemy>
		<race value='Protoss'/>
		<unitScore value='3550'/>
		<unitScore value='3550'/>
		<killScore value='5350'/>
		<buildingScore value='2275'/>
		<razingScore value='4275'/>
		<mineralScore value='7242'/>
		<gasScore value='1304'/>
		<totalScore value='23996'/>
	</enemy>

	<scoreRatio value='0.411944'/>
	<timeFitness value='0.12375'/>
	<unitsAverage value='21'/>
</results>
