<results>
	<result value='win'/>
	<start value='2015-05-01.05:42:05'/>
	<end value='2015-05-01.05:42:40'/>
	<frames value='26228'/>
	<gameDuration value='1639'/>

	<player>
		<unitScore value='16750'/>
		<killScore value='22120'/>
		<buildingScore value='3900'/>
		<razingScore value='5535'/>
		<mineralScore value='23066'/>
		<gasScore value='1736'/>
		<totalScore value='73107'/>
	</player>

	<enemy>
		<race value='Zerg'/>
		<unitScore value='10000'/>
		<unitScore value='10000'/>
		<killScore value='14250'/>
		<buildingScore value='1845'/>
		<razingScore value='0'/>
		<mineralScore value='9882'/>
		<gasScore value='3064'/>
		<totalScore value='39041'/>
	</enemy>

	<scoreRatio value='1.87257'/>
</results>
