<results>
	<result value='win'/>
	<start value='2015-05-10.16:52:51'/>
	<end value='2015-05-10.16:53:57'/>
	<frames value='31312'/>
	<gameDuration value='1957'/>

	<player>
		<unitScore value='21125'/>
		<killScore value='39680'/>
		<buildingScore value='3625'/>
		<razingScore value='5940'/>
		<mineralScore value='34062'/>
		<gasScore value='2920'/>
		<totalScore value='107352'/>
	</player>

	<enemy>
		<race value='Zerg'/>
		<unitScore value='16775'/>
		<unitScore value='16775'/>
		<killScore value='18850'/>
		<buildingScore value='1980'/>
		<razingScore value='0'/>
		<mineralScore value='14054'/>
		<gasScore value='4120'/>
		<totalScore value='55779'/>
	</enemy>

	<scoreRatio value='1.9246'/>
	<timeFitness value='0.728194'/>
	<unitsAverage value='122'/>
</results>
