<results>
	<result value='win'/>
	<start value='2015-05-03.13:56:55'/>
	<end value='2015-05-03.13:57:14'/>
	<frames value='22539'/>
	<gameDuration value='1408'/>

	<player>
		<unitScore value='13600'/>
		<killScore value='16370'/>
		<buildingScore value='3500'/>
		<razingScore value='5535'/>
		<mineralScore value='18266'/>
		<gasScore value='1336'/>
		<totalScore value='58607'/>
	</player>

	<enemy>
		<race value='Zerg'/>
		<unitScore value='7700'/>
		<unitScore value='7700'/>
		<killScore value='10950'/>
		<buildingScore value='1845'/>
		<razingScore value='0'/>
		<mineralScore value='7866'/>
		<gasScore value='2144'/>
		<totalScore value='30505'/>
	</enemy>

	<scoreRatio value='1.92123'/>
	<timeFitness value='0.804444'/>
	<unitsAverage value='75'/>
</results>
