<results>
	<result value='win'/>
	<start value='2015-05-03.13:57:58'/>
	<end value='2015-05-03.13:58:40'/>
	<frames value='30816'/>
	<gameDuration value='1926'/>

	<player>
		<unitScore value='18650'/>
		<killScore value='19130'/>
		<buildingScore value='3925'/>
		<razingScore value='5895'/>
		<mineralScore value='30702'/>
		<gasScore value='1672'/>
		<totalScore value='79974'/>
	</player>

	<enemy>
		<race value='Zerg'/>
		<unitScore value='9450'/>
		<unitScore value='9450'/>
		<killScore value='12350'/>
		<buildingScore value='1965'/>
		<razingScore value='0'/>
		<mineralScore value='10098'/>
		<gasScore value='3120'/>
		<totalScore value='36983'/>
	</enemy>

	<scoreRatio value='2.16245'/>
	<timeFitness value='0.7325'/>
	<unitsAverage value='123'/>
</results>
