<results>
	<result value='loss'/>
	<start value='2015-05-03.14:07:43'/>
	<end value='2015-05-03.14:07:59'/>
	<frames value='26786'/>
	<gameDuration value='1674'/>

	<player>
		<unitScore value='9200'/>
		<killScore value='9350'/>
		<buildingScore value='1975'/>
		<razingScore value='0'/>
		<mineralScore value='10698'/>
		<gasScore value='1336'/>
		<totalScore value='32559'/>
	</player>

	<enemy>
		<race value='Zerg'/>
		<unitScore value='15675'/>
		<unitScore value='15675'/>
		<killScore value='18400'/>
		<buildingScore value='3215'/>
		<razingScore value='5925'/>
		<mineralScore value='15450'/>
		<gasScore value='5256'/>
		<totalScore value='63921'/>
	</enemy>

	<scoreRatio value='0.509363'/>
	<timeFitness value='0.2325'/>
	<unitsAverage value='38'/>
</results>
