<results>
	<result value='win'/>
	<start value='2015-05-03.14:08:03'/>
	<end value='2015-05-03.14:08:32'/>
	<frames value='29855'/>
	<gameDuration value='1865'/>

	<player>
		<unitScore value='22900'/>
		<killScore value='31280'/>
		<buildingScore value='3875'/>
		<razingScore value='4560'/>
		<mineralScore value='34022'/>
		<gasScore value='0'/>
		<totalScore value='96637'/>
	</player>

	<enemy>
		<race value='Zerg'/>
		<unitScore value='13325'/>
		<unitScore value='13325'/>
		<killScore value='28800'/>
		<buildingScore value='1520'/>
		<razingScore value='0'/>
		<mineralScore value='11370'/>
		<gasScore value='3344'/>
		<totalScore value='58359'/>
	</enemy>

	<scoreRatio value='1.65591'/>
	<timeFitness value='0.740972'/>
	<unitsAverage value='95'/>
</results>
