<results>
	<result value='win'/>
	<start value='2015-04-12.23:22:24'/>
	<end value='2015-04-12.23:23:31'/>
	<frames value='39372'/>
	<gameDuration value='2460'/>

	<player>
		<unitScore value='18675'/>
		<killScore value='27000'/>
		<buildingScore value='3000'/>
		<razingScore value='22575'/>
		<mineralScore value='22806'/>
		<gasScore value='4512'/>
		<totalScore value='98568'/>
	</player>

	<enemy>
		<race value='Protoss'/>
		<unitScore value='14075'/>
		<unitScore value='14075'/>
		<killScore value='22750'/>
		<buildingScore value='7525'/>
		<razingScore value='300'/>
		<mineralScore value='18174'/>
		<gasScore value='5928'/>
		<totalScore value='68752'/>
	</enemy>

	<scoreRatio value='1.43367'/>
</results>
