<results>
	<result value='win'/>
	<start value='2015-04-12.23:27:20'/>
	<end value='2015-04-12.23:28:54'/>
	<frames value='37512'/>
	<gameDuration value='2344'/>

	<player>
		<unitScore value='25525'/>
		<killScore value='33450'/>
		<buildingScore value='4575'/>
		<razingScore value='19875'/>
		<mineralScore value='34626'/>
		<gasScore value='4240'/>
		<totalScore value='122291'/>
	</player>

	<enemy>
		<race value='Protoss'/>
		<unitScore value='18000'/>
		<unitScore value='18000'/>
		<killScore value='27050'/>
		<buildingScore value='6625'/>
		<razingScore value='150'/>
		<mineralScore value='19522'/>
		<gasScore value='6144'/>
		<totalScore value='77491'/>
	</enemy>

	<scoreRatio value='1.57813'/>
</results>
