<results>
	<result value='win'/>
	<start value='2014-07-07.02:50:13'/>
	<end value='2014-07-07.02:50:44'/>
	<frames value='28832'/>
	<gameDuration value='1802'/>

	<player>
		<unitScore value='16025'/>
		<killScore value='19070'/>
		<buildingScore value='5125'/>
		<razingScore value='5205'/>
		<mineralScore value='27970'/>
		<gasScore value='2952'/>
		<totalScore value='76347'/>
	</player>

	<enemy>
		<race value='Zerg'/>
		<unitScore value='8750'/>
		<unitScore value='8750'/>
		<killScore value='7250'/>
		<buildingScore value='1735'/>
		<razingScore value='150'/>
		<mineralScore value='8890'/>
		<gasScore value='2496'/>
		<totalScore value='29271'/>
	</enemy>

	<scoreRatio value='2.60828'/>
</results>
