<results>
	<result value='win'/>
	<start value='2015-05-04.02:49:20'/>
	<end value='2015-05-04.02:50:12'/>
	<frames value='40209'/>
	<gameDuration value='2513'/>

	<player>
		<unitScore value='22050'/>
		<killScore value='37395'/>
		<buildingScore value='4325'/>
		<razingScore value='9375'/>
		<mineralScore value='36658'/>
		<gasScore value='4232'/>
		<totalScore value='114035'/>
	</player>

	<enemy>
		<race value='Zerg'/>
		<unitScore value='17900'/>
		<unitScore value='17900'/>
		<killScore value='20050'/>
		<buildingScore value='3125'/>
		<razingScore value='0'/>
		<mineralScore value='17690'/>
		<gasScore value='6112'/>
		<totalScore value='64877'/>
	</enemy>

	<scoreRatio value='1.75771'/>
	<timeFitness value='0.650972'/>
	<unitsAverage value='136'/>
</results>
