<results>
	<result value='win'/>
	<start value='2015-05-04.02:47:39'/>
	<end value='2015-05-04.02:48:38'/>
	<frames value='50873'/>
	<gameDuration value='3179'/>

	<player>
		<unitScore value='33550'/>
		<killScore value='72650'/>
		<buildingScore value='3575'/>
		<razingScore value='6975'/>
		<mineralScore value='35510'/>
		<gasScore value='4440'/>
		<totalScore value='156700'/>
	</player>

	<enemy>
		<race value='Zerg'/>
		<unitScore value='32425'/>
		<unitScore value='32425'/>
		<killScore value='54050'/>
		<buildingScore value='2325'/>
		<razingScore value='0'/>
		<mineralScore value='23890'/>
		<gasScore value='8780'/>
		<totalScore value='121470'/>
	</enemy>

	<scoreRatio value='1.29003'/>
	<timeFitness value='0.558472'/>
	<unitsAverage value='126'/>
</results>
