<results>
	<result value='win'/>
	<start value='2015-05-04.03:05:20'/>
	<end value='2015-05-04.03:05:45'/>
	<frames value='26631'/>
	<gameDuration value='1664'/>

	<player>
		<unitScore value='16100'/>
		<killScore value='21250'/>
		<buildingScore value='3650'/>
		<razingScore value='5460'/>
		<mineralScore value='25346'/>
		<gasScore value='1944'/>
		<totalScore value='73750'/>
	</player>

	<enemy>
		<race value='Zerg'/>
		<unitScore value='10175'/>
		<unitScore value='10175'/>
		<killScore value='11700'/>
		<buildingScore value='1820'/>
		<razingScore value='0'/>
		<mineralScore value='9282'/>
		<gasScore value='3048'/>
		<totalScore value='36025'/>
	</enemy>

	<scoreRatio value='2.04719'/>
	<timeFitness value='0.768889'/>
	<unitsAverage value='96'/>
</results>
