<results>
	<result value='win'/>
	<start value='2015-05-11.22:06:19'/>
	<end value='2015-05-11.22:06:39'/>
	<frames value='22849'/>
	<gameDuration value='1428'/>

	<player>
		<unitScore value='10875'/>
		<killScore value='19280'/>
		<buildingScore value='3050'/>
		<razingScore value='3735'/>
		<mineralScore value='16950'/>
		<gasScore value='2520'/>
		<totalScore value='56410'/>
	</player>

	<enemy>
		<race value='Zerg'/>
		<unitScore value='8725'/>
		<unitScore value='8725'/>
		<killScore value='7300'/>
		<buildingScore value='1245'/>
		<razingScore value='1800'/>
		<mineralScore value='8762'/>
		<gasScore value='2440'/>
		<totalScore value='30272'/>
	</enemy>

	<scoreRatio value='1.86344'/>
	<timeFitness value='0.801667'/>
	<unitsAverage value='73'/>
</results>
