<results>
	<result value='win'/>
	<start value='2015-05-11.22:15:54'/>
	<end value='2015-05-11.22:16:26'/>
	<frames value='29018'/>
	<gameDuration value='1813'/>

	<player>
		<unitScore value='19875'/>
		<killScore value='30255'/>
		<buildingScore value='4475'/>
		<razingScore value='5700'/>
		<mineralScore value='25682'/>
		<gasScore value='2608'/>
		<totalScore value='88595'/>
	</player>

	<enemy>
		<race value='Zerg'/>
		<unitScore value='13475'/>
		<unitScore value='13475'/>
		<killScore value='15350'/>
		<buildingScore value='1900'/>
		<razingScore value='0'/>
		<mineralScore value='12494'/>
		<gasScore value='3592'/>
		<totalScore value='46811'/>
	</enemy>

	<scoreRatio value='1.89261'/>
	<timeFitness value='0.748194'/>
	<unitsAverage value='104'/>
</results>
