<results>
	<result value='win'/>
	<start value='2015-04-28.02:06:42'/>
	<end value='2015-04-28.02:07:02'/>
	<frames value='29235'/>
	<gameDuration value='1827'/>

	<player>
		<unitScore value='13825'/>
		<killScore value='14100'/>
		<buildingScore value='4275'/>
		<razingScore value='4800'/>
		<mineralScore value='22042'/>
		<gasScore value='2744'/>
		<totalScore value='61786'/>
	</player>

	<enemy>
		<race value='Terran'/>
		<unitScore value='7050'/>
		<unitScore value='7050'/>
		<killScore value='10750'/>
		<buildingScore value='1600'/>
		<razingScore value='1200'/>
		<mineralScore value='8426'/>
		<gasScore value='2432'/>
		<totalScore value='31458'/>
	</enemy>

	<scoreRatio value='1.96408'/>
</results>
