<results>
	<result value='win'/>
	<start value='2015-04-28.02:08:53'/>
	<end value='2015-04-28.02:09:13'/>
	<frames value='29700'/>
	<gameDuration value='1856'/>

	<player>
		<unitScore value='15125'/>
		<killScore value='23350'/>
		<buildingScore value='4125'/>
		<razingScore value='7350'/>
		<mineralScore value='21450'/>
		<gasScore value='2952'/>
		<totalScore value='74352'/>
	</player>

	<enemy>
		<race value='Terran'/>
		<unitScore value='11675'/>
		<unitScore value='11675'/>
		<killScore value='13300'/>
		<buildingScore value='2450'/>
		<razingScore value='2400'/>
		<mineralScore value='11098'/>
		<gasScore value='4088'/>
		<totalScore value='45011'/>
	</enemy>

	<scoreRatio value='1.65186'/>
</results>
