<results>
	<result value='win'/>
	<start value='2015-04-08.11:42:56'/>
	<end value='2015-04-08.11:43:33'/>
	<frames value='34195'/>
	<gameDuration value='2137'/>

	<player>
		<unitScore value='21150'/>
		<killScore value='22800'/>
		<buildingScore value='3900'/>
		<razingScore value='21300'/>
		<mineralScore value='25630'/>
		<gasScore value='3920'/>
		<totalScore value='98700'/>
	</player>

	<enemy>
		<race value='Protoss'/>
		<unitScore value='11900'/>
		<unitScore value='11900'/>
		<killScore value='20050'/>
		<buildingScore value='7100'/>
		<razingScore value='450'/>
		<mineralScore value='19070'/>
		<gasScore value='5352'/>
		<totalScore value='63922'/>
	</enemy>

	<scoreRatio value='1.54407'/>
</results>
