<results>
	<result value='win'/>
	<start value='2015-04-08.11:47:56'/>
	<end value='2015-04-08.11:48:35'/>
	<frames value='34536'/>
	<gameDuration value='2158'/>

	<player>
		<unitScore value='23150'/>
		<killScore value='21500'/>
		<buildingScore value='3875'/>
		<razingScore value='14325'/>
		<mineralScore value='28470'/>
		<gasScore value='5272'/>
		<totalScore value='96592'/>
	</player>

	<enemy>
		<race value='Protoss'/>
		<unitScore value='11450'/>
		<unitScore value='11450'/>
		<killScore value='25900'/>
		<buildingScore value='4775'/>
		<razingScore value='600'/>
		<mineralScore value='13882'/>
		<gasScore value='3264'/>
		<totalScore value='59871'/>
	</enemy>

	<scoreRatio value='1.61334'/>
</results>
