<results>
	<result value='loss'/>
	<start value='2015-04-08.11:48:39'/>
	<end value='2015-04-08.11:48:46'/>
	<frames value='15285'/>
	<gameDuration value='955'/>

	<player>
		<unitScore value='2300'/>
		<killScore value='1000'/>
		<buildingScore value='1450'/>
		<razingScore value='0'/>
		<mineralScore value='3722'/>
		<gasScore value='520'/>
		<totalScore value='8992'/>
	</player>

	<enemy>
		<race value='Protoss'/>
		<unitScore value='3550'/>
		<unitScore value='3550'/>
		<killScore value='4500'/>
		<buildingScore value='2875'/>
		<razingScore value='4350'/>
		<mineralScore value='7690'/>
		<gasScore value='1416'/>
		<totalScore value='24381'/>
	</enemy>

	<scoreRatio value='0.368812'/>
</results>
