<results>
	<result value='draw'/>
	<start value='2015-04-07.22:16:48'/>
	<end value='2015-04-07.22:17:30'/>
	<frames value='57601'/>
	<gameDuration value='3600'/>

	<player>
		<unitScore value='21725'/>
		<killScore value='40050'/>
		<buildingScore value='1975'/>
		<razingScore value='27750'/>
		<mineralScore value='23954'/>
		<gasScore value='5010'/>
		<totalScore value='120464'/>
	</player>

	<enemy>
		<race value='Protoss'/>
		<unitScore value='21875'/>
		<unitScore value='21875'/>
		<killScore value='38700'/>
		<buildingScore value='12325'/>
		<razingScore value='300'/>
		<mineralScore value='34130'/>
		<gasScore value='7800'/>
		<totalScore value='115130'/>
	</enemy>

	<scoreRatio value='1.04633'/>
</results>
