<results>
	<result value='win'/>
	<start value='2014-07-05.16:15:49'/>
	<end value='2014-07-05.16:16:08'/>
	<frames value='24213'/>
	<gameDuration value='1513'/>

	<player>
		<unitScore value='12425'/>
		<killScore value='14530'/>
		<buildingScore value='3850'/>
		<razingScore value='5850'/>
		<mineralScore value='22454'/>
		<gasScore value='2400'/>
		<totalScore value='61509'/>
	</player>

	<enemy>
		<race value='Zerg'/>
		<unitScore value='7200'/>
		<unitScore value='7200'/>
		<killScore value='7700'/>
		<buildingScore value='1950'/>
		<razingScore value='0'/>
		<mineralScore value='8530'/>
		<gasScore value='2568'/>
		<totalScore value='27948'/>
	</enemy>

	<scoreRatio value='2.20084'/>
</results>
