<results>
	<result value='win'/>
	<start value='2015-04-11.08:34:09'/>
	<end value='2015-04-11.08:35:02'/>
	<frames value='31467'/>
	<gameDuration value='1966'/>

	<player>
		<unitScore value='17700'/>
		<killScore value='16150'/>
		<buildingScore value='3700'/>
		<razingScore value='16725'/>
		<mineralScore value='23266'/>
		<gasScore value='2208'/>
		<totalScore value='79749'/>
	</player>

	<enemy>
		<race value='Protoss'/>
		<unitScore value='8300'/>
		<unitScore value='8300'/>
		<killScore value='16750'/>
		<buildingScore value='5575'/>
		<razingScore value='0'/>
		<mineralScore value='15802'/>
		<gasScore value='4256'/>
		<totalScore value='50683'/>
	</enemy>

	<scoreRatio value='1.57349'/>
</results>
