<results>
	<result value='loss'/>
	<start value='2015-04-29.17:35:10'/>
	<end value='2015-04-29.17:35:20'/>
	<frames value='15998'/>
	<gameDuration value='999'/>

	<player>
		<unitScore value='3675'/>
		<killScore value='1200'/>
		<buildingScore value='2025'/>
		<razingScore value='0'/>
		<mineralScore value='5978'/>
		<gasScore value='800'/>
		<totalScore value='13678'/>
	</player>

	<enemy>
		<race value='Protoss'/>
		<unitScore value='3600'/>
		<unitScore value='3600'/>
		<killScore value='7350'/>
		<buildingScore value='3375'/>
		<razingScore value='6075'/>
		<mineralScore value='8154'/>
		<gasScore value='1552'/>
		<totalScore value='30106'/>
	</enemy>

	<scoreRatio value='0.454328'/>
</results>
