<results>
	<result value='win'/>
	<start value='2015-04-29.17:48:47'/>
	<end value='2015-04-29.17:49:33'/>
	<frames value='34102'/>
	<gameDuration value='2131'/>

	<player>
		<unitScore value='18375'/>
		<killScore value='20400'/>
		<buildingScore value='4000'/>
		<razingScore value='17025'/>
		<mineralScore value='27098'/>
		<gasScore value='2480'/>
		<totalScore value='89378'/>
	</player>

	<enemy>
		<race value='Protoss'/>
		<unitScore value='10200'/>
		<unitScore value='10200'/>
		<killScore value='13850'/>
		<buildingScore value='5675'/>
		<razingScore value='150'/>
		<mineralScore value='18294'/>
		<gasScore value='4592'/>
		<totalScore value='52761'/>
	</enemy>

	<scoreRatio value='1.69402'/>
</results>
