<results>
	<result value='loss'/>
	<start value='2015-05-05.10:17:00'/>
	<end value='2015-05-05.10:17:31'/>
	<frames value='39217'/>
	<gameDuration value='2451'/>

	<player>
		<unitScore value='8525'/>
		<killScore value='3000'/>
		<buildingScore value='2050'/>
		<razingScore value='0'/>
		<mineralScore value='17458'/>
		<gasScore value='280'/>
		<totalScore value='31313'/>
	</player>

	<enemy>
		<race value='Terran'/>
		<unitScore value='21600'/>
		<unitScore value='21600'/>
		<killScore value='17050'/>
		<buildingScore value='5375'/>
		<razingScore value='6375'/>
		<mineralScore value='20786'/>
		<gasScore value='12264'/>
		<totalScore value='83450'/>
	</enemy>

	<scoreRatio value='0.375231'/>
	<timeFitness value='0.340417'/>
	<unitsAverage value='37'/>
</results>
