<results>
	<result value='loss'/>
	<start value='2015-05-05.10:19:09'/>
	<end value='2015-05-05.10:19:17'/>
	<frames value='14975'/>
	<gameDuration value='935'/>

	<player>
		<unitScore value='2600'/>
		<killScore value='0'/>
		<buildingScore value='1450'/>
		<razingScore value='0'/>
		<mineralScore value='5914'/>
		<gasScore value='872'/>
		<totalScore value='10836'/>
	</player>

	<enemy>
		<race value='Terran'/>
		<unitScore value='4900'/>
		<unitScore value='4900'/>
		<killScore value='5200'/>
		<buildingScore value='1500'/>
		<razingScore value='4350'/>
		<mineralScore value='6898'/>
		<gasScore value='2024'/>
		<totalScore value='24872'/>
	</enemy>

	<scoreRatio value='0.435671'/>
	<timeFitness value='0.129861'/>
	<unitsAverage value='24'/>
</results>
