<results>
	<result value='loss'/>
	<start value='2015-05-05.10:20:41'/>
	<end value='2015-05-05.10:20:55'/>
	<frames value='21175'/>
	<gameDuration value='1323'/>

	<player>
		<unitScore value='6700'/>
		<killScore value='2600'/>
		<buildingScore value='2125'/>
		<razingScore value='0'/>
		<mineralScore value='8858'/>
		<gasScore value='1152'/>
		<totalScore value='21435'/>
	</player>

	<enemy>
		<race value='Terran'/>
		<unitScore value='5150'/>
		<unitScore value='5150'/>
		<killScore value='13400'/>
		<buildingScore value='2075'/>
		<razingScore value='6375'/>
		<mineralScore value='8290'/>
		<gasScore value='2144'/>
		<totalScore value='37434'/>
	</enemy>

	<scoreRatio value='0.572608'/>
	<timeFitness value='0.18375'/>
	<unitsAverage value='32'/>
</results>
