<results>
	<result value='win'/>
	<start value='2014-07-06.23:46:27'/>
	<end value='2014-07-06.23:47:10'/>
	<frames value='39713'/>
	<gameDuration value='2482'/>

	<player>
		<unitScore value='24750'/>
		<killScore value='47310'/>
		<buildingScore value='4175'/>
		<razingScore value='10650'/>
		<mineralScore value='27638'/>
		<gasScore value='2600'/>
		<totalScore value='117123'/>
	</player>

	<enemy>
		<race value='Zerg'/>
		<unitScore value='23125'/>
		<unitScore value='23125'/>
		<killScore value='19600'/>
		<buildingScore value='3550'/>
		<razingScore value='300'/>
		<mineralScore value='19338'/>
		<gasScore value='7410'/>
		<totalScore value='73323'/>
	</enemy>

	<scoreRatio value='1.59736'/>
</results>
