<results>
	<result value='draw'/>
	<start value='2014-07-06.23:47:14'/>
	<end value='2014-07-06.23:48:42'/>
	<frames value='57601'/>
	<gameDuration value='3600'/>

	<player>
		<unitScore value='30925'/>
		<killScore value='74825'/>
		<buildingScore value='4325'/>
		<razingScore value='825'/>
		<mineralScore value='31518'/>
		<gasScore value='7704'/>
		<totalScore value='150122'/>
	</player>

	<enemy>
		<race value='Zerg'/>
		<unitScore value='36800'/>
		<unitScore value='36800'/>
		<killScore value='44350'/>
		<buildingScore value='4410'/>
		<razingScore value='2250'/>
		<mineralScore value='31502'/>
		<gasScore value='12020'/>
		<totalScore value='131332'/>
	</enemy>

	<scoreRatio value='1.14307'/>
</results>
