<results>
	<result value='win'/>
	<start value='2014-07-06.23:50:27'/>
	<end value='2014-07-06.23:51:05'/>
	<frames value='37667'/>
	<gameDuration value='2354'/>

	<player>
		<unitScore value='30700'/>
		<killScore value='42880'/>
		<buildingScore value='4000'/>
		<razingScore value='7080'/>
		<mineralScore value='34518'/>
		<gasScore value='3352'/>
		<totalScore value='122530'/>
	</player>

	<enemy>
		<race value='Zerg'/>
		<unitScore value='18375'/>
		<unitScore value='18375'/>
		<killScore value='39100'/>
		<buildingScore value='2360'/>
		<razingScore value='0'/>
		<mineralScore value='16106'/>
		<gasScore value='4816'/>
		<totalScore value='80757'/>
	</enemy>

	<scoreRatio value='1.51727'/>
</results>
