<results>
	<result value='win'/>
	<start value='2015-04-12.22:37:50'/>
	<end value='2015-04-12.22:39:35'/>
	<frames value='39465'/>
	<gameDuration value='2466'/>

	<player>
		<unitScore value='31675'/>
		<killScore value='53410'/>
		<buildingScore value='3900'/>
		<razingScore value='19200'/>
		<mineralScore value='34394'/>
		<gasScore value='3624'/>
		<totalScore value='146203'/>
	</player>

	<enemy>
		<race value='Protoss'/>
		<unitScore value='27605'/>
		<unitScore value='27605'/>
		<killScore value='44350'/>
		<buildingScore value='6400'/>
		<razingScore value='0'/>
		<mineralScore value='24338'/>
		<gasScore value='8590'/>
		<totalScore value='111283'/>
	</enemy>

	<scoreRatio value='1.31379'/>
</results>
