<results>
	<result value='win'/>
	<start value='2015-05-10.02:37:42'/>
	<end value='2015-05-10.02:38:35'/>
	<frames value='36551'/>
	<gameDuration value='2284'/>

	<player>
		<unitScore value='14650'/>
		<killScore value='12700'/>
		<buildingScore value='2775'/>
		<razingScore value='14925'/>
		<mineralScore value='18506'/>
		<gasScore value='4016'/>
		<totalScore value='67572'/>
	</player>

	<enemy>
		<race value='Protoss'/>
		<unitScore value='6350'/>
		<unitScore value='6350'/>
		<killScore value='9950'/>
		<buildingScore value='4975'/>
		<razingScore value='600'/>
		<mineralScore value='15158'/>
		<gasScore value='3952'/>
		<totalScore value='40985'/>
	</enemy>

	<scoreRatio value='1.6487'/>
	<timeFitness value='0.682778'/>
	<unitsAverage value='85'/>
</results>
