<results>
	<result value='loss'/>
	<start value='2015-05-10.02:43:31'/>
	<end value='2015-05-10.02:43:53'/>
	<frames value='27840'/>
	<gameDuration value='1740'/>

	<player>
		<unitScore value='6200'/>
		<killScore value='2800'/>
		<buildingScore value='1750'/>
		<razingScore value='0'/>
		<mineralScore value='8202'/>
		<gasScore value='992'/>
		<totalScore value='19944'/>
	</player>

	<enemy>
		<race value='Protoss'/>
		<unitScore value='11800'/>
		<unitScore value='11800'/>
		<killScore value='12500'/>
		<buildingScore value='5975'/>
		<razingScore value='5250'/>
		<mineralScore value='16770'/>
		<gasScore value='5912'/>
		<totalScore value='58207'/>
	</enemy>

	<scoreRatio value='0.342639'/>
	<timeFitness value='0.241667'/>
	<unitsAverage value='29'/>
</results>
