<results>
	<result value='win'/>
	<start value='2015-05-10.02:43:56'/>
	<end value='2015-05-10.02:45:07'/>
	<frames value='46316'/>
	<gameDuration value='2894'/>

	<player>
		<unitScore value='29650'/>
		<killScore value='56050'/>
		<buildingScore value='3725'/>
		<razingScore value='18675'/>
		<mineralScore value='31582'/>
		<gasScore value='5128'/>
		<totalScore value='144810'/>
	</player>

	<enemy>
		<race value='Protoss'/>
		<unitScore value='29800'/>
		<unitScore value='29800'/>
		<killScore value='40650'/>
		<buildingScore value='6225'/>
		<razingScore value='900'/>
		<mineralScore value='25918'/>
		<gasScore value='10340'/>
		<totalScore value='113833'/>
	</enemy>

	<scoreRatio value='1.27213'/>
	<timeFitness value='0.598056'/>
	<unitsAverage value='99'/>
</results>
