<results>
	<result value='draw'/>
	<start value='2015-05-10.02:47:32'/>
	<end value='2015-05-10.02:48:41'/>
	<frames value='57601'/>
	<gameDuration value='3600'/>

	<player>
		<unitScore value='26875'/>
		<killScore value='51250'/>
		<buildingScore value='3200'/>
		<razingScore value='15750'/>
		<mineralScore value='28346'/>
		<gasScore value='5154'/>
		<totalScore value='130575'/>
	</player>

	<enemy>
		<race value='Protoss'/>
		<unitScore value='29400'/>
		<unitScore value='29400'/>
		<killScore value='49500'/>
		<buildingScore value='9725'/>
		<razingScore value='2175'/>
		<mineralScore value='32586'/>
		<gasScore value='12548'/>
		<totalScore value='135934'/>
	</enemy>

	<scoreRatio value='0.960576'/>
	<timeFitness value='0.5'/>
	<unitsAverage value='70'/>
</results>
