<results>
	<result value='win'/>
	<start value='2015-05-10.09:53:00'/>
	<end value='2015-05-10.09:53:38'/>
	<frames value='46688'/>
	<gameDuration value='2918'/>

	<player>
		<unitScore value='25600'/>
		<killScore value='39450'/>
		<buildingScore value='3375'/>
		<razingScore value='19875'/>
		<mineralScore value='28942'/>
		<gasScore value='4512'/>
		<totalScore value='121754'/>
	</player>

	<enemy>
		<race value='Protoss'/>
		<unitScore value='20175'/>
		<unitScore value='20175'/>
		<killScore value='36200'/>
		<buildingScore value='6625'/>
		<razingScore value='1650'/>
		<mineralScore value='23014'/>
		<gasScore value='7088'/>
		<totalScore value='94752'/>
	</enemy>

	<scoreRatio value='1.28498'/>
	<timeFitness value='0.594722'/>
	<unitsAverage value='87'/>
</results>
