<results>
	<result value='draw'/>
	<start value='2015-05-10.09:54:38'/>
	<end value='2015-05-10.09:55:19'/>
	<frames value='57601'/>
	<gameDuration value='3600'/>

	<player>
		<unitScore value='19650'/>
		<killScore value='36550'/>
		<buildingScore value='3225'/>
		<razingScore value='7050'/>
		<mineralScore value='22230'/>
		<gasScore value='3568'/>
		<totalScore value='92273'/>
	</player>

	<enemy>
		<race value='Protoss'/>
		<unitScore value='29825'/>
		<unitScore value='29825'/>
		<killScore value='34450'/>
		<buildingScore value='9075'/>
		<razingScore value='3600'/>
		<mineralScore value='32562'/>
		<gasScore value='14172'/>
		<totalScore value='123684'/>
	</enemy>

	<scoreRatio value='0.746038'/>
	<timeFitness value='0.5'/>
	<unitsAverage value='75'/>
</results>
