<results>
	<result value='loss'/>
	<start value='2015-05-10.09:59:02'/>
	<end value='2015-05-10.09:59:10'/>
	<frames value='17300'/>
	<gameDuration value='1081'/>

	<player>
		<unitScore value='3725'/>
		<killScore value='1000'/>
		<buildingScore value='1925'/>
		<razingScore value='0'/>
		<mineralScore value='5690'/>
		<gasScore value='632'/>
		<totalScore value='12972'/>
	</player>

	<enemy>
		<race value='Protoss'/>
		<unitScore value='3700'/>
		<unitScore value='3700'/>
		<killScore value='7450'/>
		<buildingScore value='4125'/>
		<razingScore value='5775'/>
		<mineralScore value='9090'/>
		<gasScore value='1952'/>
		<totalScore value='32092'/>
	</enemy>

	<scoreRatio value='0.404213'/>
	<timeFitness value='0.150139'/>
	<unitsAverage value='24'/>
</results>
