<results>
	<result value='loss'/>
	<start value='2015-05-10.09:59:41'/>
	<end value='2015-05-10.09:59:48'/>
	<frames value='15626'/>
	<gameDuration value='976'/>

	<player>
		<unitScore value='3825'/>
		<killScore value='1000'/>
		<buildingScore value='1400'/>
		<razingScore value='0'/>
		<mineralScore value='5154'/>
		<gasScore value='768'/>
		<totalScore value='12147'/>
	</player>

	<enemy>
		<race value='Protoss'/>
		<unitScore value='3550'/>
		<unitScore value='3550'/>
		<killScore value='7650'/>
		<buildingScore value='3125'/>
		<razingScore value='4200'/>
		<mineralScore value='8066'/>
		<gasScore value='1552'/>
		<totalScore value='28143'/>
	</enemy>

	<scoreRatio value='0.431617'/>
	<timeFitness value='0.135556'/>
	<unitsAverage value='23'/>
</results>
