<results>
	<result value='loss'/>
	<start value='2015-05-10.10:01:15'/>
	<end value='2015-05-10.10:01:42'/>
	<frames value='39093'/>
	<gameDuration value='2443'/>

	<player>
		<unitScore value='17575'/>
		<killScore value='16650'/>
		<buildingScore value='3025'/>
		<razingScore value='1350'/>
		<mineralScore value='19850'/>
		<gasScore value='2904'/>
		<totalScore value='61354'/>
	</player>

	<enemy>
		<race value='Protoss'/>
		<unitScore value='23725'/>
		<unitScore value='23725'/>
		<killScore value='35150'/>
		<buildingScore value='7275'/>
		<razingScore value='9075'/>
		<mineralScore value='26898'/>
		<gasScore value='8462'/>
		<totalScore value='110585'/>
	</enemy>

	<scoreRatio value='0.554813'/>
	<timeFitness value='0.339306'/>
	<unitsAverage value='60'/>
</results>
