<results>
	<result value='win'/>
	<start value='2015-05-10.23:01:26'/>
	<end value='2015-05-10.23:02:31'/>
	<frames value='42348'/>
	<gameDuration value='2646'/>

	<player>
		<unitScore value='24800'/>
		<killScore value='45040'/>
		<buildingScore value='3150'/>
		<razingScore value='10770'/>
		<mineralScore value='26374'/>
		<gasScore value='2592'/>
		<totalScore value='112726'/>
	</player>

	<enemy>
		<race value='Zerg'/>
		<unitScore value='20950'/>
		<unitScore value='20950'/>
		<killScore value='27600'/>
		<buildingScore value='3590'/>
		<razingScore value='150'/>
		<mineralScore value='18682'/>
		<gasScore value='5974'/>
		<totalScore value='76946'/>
	</enemy>

	<scoreRatio value='1.465'/>
	<timeFitness value='0.6325'/>
	<unitsAverage value='93'/>
</results>
