<results>
	<result value='win'/>
	<start value='2015-05-10.23:02:35'/>
	<end value='2015-05-10.23:03:28'/>
	<frames value='30847'/>
	<gameDuration value='1927'/>

	<player>
		<unitScore value='16925'/>
		<killScore value='27525'/>
		<buildingScore value='4175'/>
		<razingScore value='8385'/>
		<mineralScore value='26590'/>
		<gasScore value='2048'/>
		<totalScore value='85648'/>
	</player>

	<enemy>
		<race value='Zerg'/>
		<unitScore value='12050'/>
		<unitScore value='12050'/>
		<killScore value='11350'/>
		<buildingScore value='2795'/>
		<razingScore value='1800'/>
		<mineralScore value='12766'/>
		<gasScore value='4352'/>
		<totalScore value='45113'/>
	</enemy>

	<scoreRatio value='1.89852'/>
	<timeFitness value='0.732361'/>
	<unitsAverage value='103'/>
</results>
