<results>
	<result value='loss'/>
	<start value='2015-05-10.23:13:40'/>
	<end value='2015-05-10.23:13:59'/>
	<frames value='24244'/>
	<gameDuration value='1515'/>

	<player>
		<unitScore value='6275'/>
		<killScore value='7900'/>
		<buildingScore value='1800'/>
		<razingScore value='0'/>
		<mineralScore value='8274'/>
		<gasScore value='1128'/>
		<totalScore value='25377'/>
	</player>

	<enemy>
		<race value='Zerg'/>
		<unitScore value='9650'/>
		<unitScore value='9650'/>
		<killScore value='12550'/>
		<buildingScore value='2890'/>
		<razingScore value='5400'/>
		<mineralScore value='11554'/>
		<gasScore value='3440'/>
		<totalScore value='45484'/>
	</enemy>

	<scoreRatio value='0.557932'/>
	<timeFitness value='0.210417'/>
	<unitsAverage value='28'/>
</results>
