<results>
	<result value='win'/>
	<start value='2015-05-10.23:22:41'/>
	<end value='2015-05-10.23:23:34'/>
	<frames value='34877'/>
	<gameDuration value='2179'/>

	<player>
		<unitScore value='18750'/>
		<killScore value='22730'/>
		<buildingScore value='4750'/>
		<razingScore value='8970'/>
		<mineralScore value='23858'/>
		<gasScore value='3040'/>
		<totalScore value='82098'/>
	</player>

	<enemy>
		<race value='Zerg'/>
		<unitScore value='10975'/>
		<unitScore value='10975'/>
		<killScore value='14200'/>
		<buildingScore value='2990'/>
		<razingScore value='3675'/>
		<mineralScore value='12010'/>
		<gasScore value='3488'/>
		<totalScore value='47338'/>
	</enemy>

	<scoreRatio value='1.73429'/>
	<timeFitness value='0.697361'/>
	<unitsAverage value='92'/>
</results>
