<results>
	<result value='win'/>
	<start value='2015-05-10.23:23:38'/>
	<end value='2015-05-10.23:24:46'/>
	<frames value='36458'/>
	<gameDuration value='2278'/>

	<player>
		<unitScore value='28275'/>
		<killScore value='48015'/>
		<buildingScore value='3925'/>
		<razingScore value='7530'/>
		<mineralScore value='30610'/>
		<gasScore value='3440'/>
		<totalScore value='121795'/>
	</player>

	<enemy>
		<race value='Zerg'/>
		<unitScore value='21600'/>
		<unitScore value='21600'/>
		<killScore value='30350'/>
		<buildingScore value='2510'/>
		<razingScore value='0'/>
		<mineralScore value='18602'/>
		<gasScore value='6912'/>
		<totalScore value='79974'/>
	</enemy>

	<scoreRatio value='1.52293'/>
	<timeFitness value='0.683611'/>
	<unitsAverage value='115'/>
</results>
