<results>
	<result value='loss'/>
	<start value='2015-04-10.00:41:53'/>
	<end value='2015-04-10.00:41:59'/>
	<frames value='13952'/>
	<gameDuration value='872'/>

	<player>
		<unitScore value='1150'/>
		<killScore value='0'/>
		<buildingScore value='900'/>
		<razingScore value='0'/>
		<mineralScore value='4514'/>
		<gasScore value='0'/>
		<totalScore value='6564'/>
	</player>

	<enemy>
		<race value='Protoss'/>
		<unitScore value='4025'/>
		<unitScore value='4025'/>
		<killScore value='2300'/>
		<buildingScore value='2125'/>
		<razingScore value='2775'/>
		<mineralScore value='6850'/>
		<gasScore value='2000'/>
		<totalScore value='20075'/>
	</enemy>

	<scoreRatio value='0.326974'/>
</results>
