<results>
	<result value='loss'/>
	<start value='2015-04-10.00:50:20'/>
	<end value='2015-04-10.00:50:26'/>
	<frames value='12867'/>
	<gameDuration value='804'/>

	<player>
		<unitScore value='1950'/>
		<killScore value='200'/>
		<buildingScore value='900'/>
		<razingScore value='0'/>
		<mineralScore value='3690'/>
		<gasScore value='432'/>
		<totalScore value='7172'/>
	</player>

	<enemy>
		<race value='Protoss'/>
		<unitScore value='3500'/>
		<unitScore value='3500'/>
		<killScore value='3900'/>
		<buildingScore value='2175'/>
		<razingScore value='2700'/>
		<mineralScore value='6450'/>
		<gasScore value='1064'/>
		<totalScore value='19789'/>
	</enemy>

	<scoreRatio value='0.362424'/>
</results>
