<results>
	<result value='win'/>
	<start value='2015-05-05.22:14:44'/>
	<end value='2015-05-05.22:15:16'/>
	<frames value='30692'/>
	<gameDuration value='1918'/>

	<player>
		<unitScore value='18825'/>
		<killScore value='15650'/>
		<buildingScore value='3975'/>
		<razingScore value='15300'/>
		<mineralScore value='27066'/>
		<gasScore value='2704'/>
		<totalScore value='83520'/>
	</player>

	<enemy>
		<race value='Protoss'/>
		<unitScore value='7825'/>
		<unitScore value='7825'/>
		<killScore value='15850'/>
		<buildingScore value='5100'/>
		<razingScore value='300'/>
		<mineralScore value='13794'/>
		<gasScore value='3248'/>
		<totalScore value='46117'/>
	</enemy>

	<scoreRatio value='1.81105'/>
	<timeFitness value='0.733611'/>
	<unitsAverage value='92'/>
</results>
