<results>
	<result value='loss'/>
	<start value='2015-05-05.22:20:25'/>
	<end value='2015-05-05.22:20:44'/>
	<frames value='32893'/>
	<gameDuration value='2055'/>

	<player>
		<unitScore value='11250'/>
		<killScore value='11250'/>
		<buildingScore value='1350'/>
		<razingScore value='900'/>
		<mineralScore value='12042'/>
		<gasScore value='2344'/>
		<totalScore value='39136'/>
	</player>

	<enemy>
		<race value='Protoss'/>
		<unitScore value='17150'/>
		<unitScore value='17150'/>
		<killScore value='21850'/>
		<buildingScore value='7325'/>
		<razingScore value='4050'/>
		<mineralScore value='21642'/>
		<gasScore value='7592'/>
		<totalScore value='79609'/>
	</enemy>

	<scoreRatio value='0.491603'/>
	<timeFitness value='0.285417'/>
	<unitsAverage value='38'/>
</results>
