<results>
	<result value='loss'/>
	<start value='2015-05-05.21:04:03'/>
	<end value='2015-05-05.21:04:13'/>
	<frames value='20028'/>
	<gameDuration value='1251'/>

	<player>
		<unitScore value='5350'/>
		<killScore value='2750'/>
		<buildingScore value='2000'/>
		<razingScore value='150'/>
		<mineralScore value='7394'/>
		<gasScore value='832'/>
		<totalScore value='18476'/>
	</player>

	<enemy>
		<race value='Terran'/>
		<unitScore value='8175'/>
		<unitScore value='8175'/>
		<killScore value='10700'/>
		<buildingScore value='2900'/>
		<razingScore value='6000'/>
		<mineralScore value='9370'/>
		<gasScore value='3624'/>
		<totalScore value='40769'/>
	</enemy>

	<scoreRatio value='0.453187'/>
	<timeFitness value='0.17375'/>
	<unitsAverage value='29'/>
</results>
