<results>
	<result value='draw'/>
	<start value='2015-05-05.21:23:01'/>
	<end value='2015-05-05.21:24:11'/>
	<frames value='57601'/>
	<gameDuration value='3600'/>

	<player>
		<unitScore value='29875'/>
		<killScore value='32450'/>
		<buildingScore value='3800'/>
		<razingScore value='0'/>
		<mineralScore value='32334'/>
		<gasScore value='6118'/>
		<totalScore value='104577'/>
	</player>

	<enemy>
		<race value='Terran'/>
		<unitScore value='28575'/>
		<unitScore value='28575'/>
		<killScore value='44850'/>
		<buildingScore value='4400'/>
		<razingScore value='3450'/>
		<mineralScore value='19550'/>
		<gasScore value='12320'/>
		<totalScore value='113145'/>
	</enemy>

	<scoreRatio value='0.924274'/>
	<timeFitness value='0.5'/>
	<unitsAverage value='103'/>
</results>
