<results>
	<result value='win'/>
	<start value='2015-05-05.21:30:16'/>
	<end value='2015-05-05.21:30:31'/>
	<frames value='20338'/>
	<gameDuration value='1271'/>

	<player>
		<unitScore value='7500'/>
		<killScore value='11500'/>
		<buildingScore value='3175'/>
		<razingScore value='4200'/>
		<mineralScore value='14650'/>
		<gasScore value='1160'/>
		<totalScore value='42185'/>
	</player>

	<enemy>
		<race value='Terran'/>
		<unitScore value='5750'/>
		<unitScore value='5750'/>
		<killScore value='2000'/>
		<buildingScore value='1400'/>
		<razingScore value='150'/>
		<mineralScore value='9274'/>
		<gasScore value='2096'/>
		<totalScore value='20670'/>
	</enemy>

	<scoreRatio value='2.04088'/>
	<timeFitness value='0.823472'/>
	<unitsAverage value='62'/>
</results>
