<results>
	<result value='win'/>
	<start value='2015-05-05.21:38:06'/>
	<end value='2015-05-05.21:38:28'/>
	<frames value='30103'/>
	<gameDuration value='1881'/>

	<player>
		<unitScore value='10675'/>
		<killScore value='20300'/>
		<buildingScore value='2650'/>
		<razingScore value='9150'/>
		<mineralScore value='13610'/>
		<gasScore value='2544'/>
		<totalScore value='58929'/>
	</player>

	<enemy>
		<race value='Terran'/>
		<unitScore value='10150'/>
		<unitScore value='10150'/>
		<killScore value='13050'/>
		<buildingScore value='3050'/>
		<razingScore value='2625'/>
		<mineralScore value='11738'/>
		<gasScore value='4480'/>
		<totalScore value='45093'/>
	</enemy>

	<scoreRatio value='1.30683'/>
	<timeFitness value='0.73875'/>
	<unitsAverage value='48'/>
</results>
