<results>
	<result value='win'/>
	<start value='2015-05-04.05:10:33'/>
	<end value='2015-05-04.05:11:16'/>
	<frames value='24058'/>
	<gameDuration value='1503'/>

	<player>
		<unitScore value='13700'/>
		<killScore value='19150'/>
		<buildingScore value='4325'/>
		<razingScore value='6675'/>
		<mineralScore value='22890'/>
		<gasScore value='2296'/>
		<totalScore value='69036'/>
	</player>

	<enemy>
		<race value='Terran'/>
		<unitScore value='9575'/>
		<unitScore value='9575'/>
		<killScore value='7200'/>
		<buildingScore value='2225'/>
		<razingScore value='150'/>
		<mineralScore value='10998'/>
		<gasScore value='3592'/>
		<totalScore value='33740'/>
	</enemy>

	<scoreRatio value='2.04612'/>
	<timeFitness value='0.79125'/>
	<unitsAverage value='91'/>
</results>
