<results>
	<result value='draw'/>
	<start value='2015-05-05.03:39:02'/>
	<end value='2015-05-05.03:40:22'/>
	<frames value='57601'/>
	<gameDuration value='3600'/>

	<player>
		<unitScore value='26250'/>
		<killScore value='38600'/>
		<buildingScore value='4725'/>
		<razingScore value='16050'/>
		<mineralScore value='43662'/>
		<gasScore value='5144'/>
		<totalScore value='134431'/>
	</player>

	<enemy>
		<race value='Protoss'/>
		<unitScore value='21850'/>
		<unitScore value='21850'/>
		<killScore value='28700'/>
		<buildingScore value='6525'/>
		<razingScore value='1500'/>
		<mineralScore value='19178'/>
		<gasScore value='7360'/>
		<totalScore value='85113'/>
	</enemy>

	<scoreRatio value='1.57944'/>
	<timeFitness value='0.5'/>
	<unitsAverage value='150'/>
</results>
