<results>
	<result value='draw'/>
	<start value='2015-05-05.03:43:44'/>
	<end value='2015-05-05.03:45:19'/>
	<frames value='57601'/>
	<gameDuration value='3600'/>

	<player>
		<unitScore value='20150'/>
		<killScore value='19200'/>
		<buildingScore value='5925'/>
		<razingScore value='14775'/>
		<mineralScore value='46546'/>
		<gasScore value='5680'/>
		<totalScore value='112276'/>
	</player>

	<enemy>
		<race value='Protoss'/>
		<unitScore value='9600'/>
		<unitScore value='9600'/>
		<killScore value='14100'/>
		<buildingScore value='5025'/>
		<razingScore value='150'/>
		<mineralScore value='16458'/>
		<gasScore value='2296'/>
		<totalScore value='47629'/>
	</enemy>

	<scoreRatio value='2.3573'/>
	<timeFitness value='0.5'/>
	<unitsAverage value='173'/>
</results>
