<results>
	<result value='loss'/>
	<start value='2015-05-05.03:58:07'/>
	<end value='2015-05-05.03:58:14'/>
	<frames value='17114'/>
	<gameDuration value='1069'/>

	<player>
		<unitScore value='3450'/>
		<killScore value='1800'/>
		<buildingScore value='1350'/>
		<razingScore value='0'/>
		<mineralScore value='4810'/>
		<gasScore value='848'/>
		<totalScore value='12258'/>
	</player>

	<enemy>
		<race value='Protoss'/>
		<unitScore value='4300'/>
		<unitScore value='4300'/>
		<killScore value='6900'/>
		<buildingScore value='4075'/>
		<razingScore value='4050'/>
		<mineralScore value='9106'/>
		<gasScore value='1808'/>
		<totalScore value='30239'/>
	</enemy>

	<scoreRatio value='0.405371'/>
	<timeFitness value='0.148472'/>
	<unitsAverage value='22'/>
</results>
