<results>
	<result value='loss'/>
	<start value='2015-05-10.14:58:09'/>
	<end value='2015-05-10.14:58:27'/>
	<frames value='30754'/>
	<gameDuration value='1922'/>

	<player>
		<unitScore value='6475'/>
		<killScore value='4500'/>
		<buildingScore value='2550'/>
		<razingScore value='0'/>
		<mineralScore value='9242'/>
		<gasScore value='1512'/>
		<totalScore value='24279'/>
	</player>

	<enemy>
		<race value='Protoss'/>
		<unitScore value='14600'/>
		<unitScore value='14600'/>
		<killScore value='13200'/>
		<buildingScore value='6925'/>
		<razingScore value='7650'/>
		<mineralScore value='19678'/>
		<gasScore value='7560'/>
		<totalScore value='69613'/>
	</enemy>

	<scoreRatio value='0.348771'/>
	<timeFitness value='0.266944'/>
	<unitsAverage value='36'/>
</results>
