<results>
	<result value='win'/>
	<start value='2015-05-10.15:02:15'/>
	<end value='2015-05-10.15:02:40'/>
	<frames value='28336'/>
	<gameDuration value='1771'/>

	<player>
		<unitScore value='14250'/>
		<killScore value='13800'/>
		<buildingScore value='3925'/>
		<razingScore value='11625'/>
		<mineralScore value='20850'/>
		<gasScore value='3000'/>
		<totalScore value='67450'/>
	</player>

	<enemy>
		<race value='Protoss'/>
		<unitScore value='6900'/>
		<unitScore value='6900'/>
		<killScore value='11200'/>
		<buildingScore value='3875'/>
		<razingScore value='1500'/>
		<mineralScore value='11698'/>
		<gasScore value='2248'/>
		<totalScore value='37421'/>
	</enemy>

	<scoreRatio value='1.80246'/>
	<timeFitness value='0.754028'/>
	<unitsAverage value='78'/>
</results>
