<results>
	<result value='loss'/>
	<start value='2015-05-09.14:47:54'/>
	<end value='2015-05-09.14:48:26'/>
	<frames value='47308'/>
	<gameDuration value='2956'/>

	<player>
		<unitScore value='16300'/>
		<killScore value='22050'/>
		<buildingScore value='2775'/>
		<razingScore value='1125'/>
		<mineralScore value='18850'/>
		<gasScore value='2840'/>
		<totalScore value='63940'/>
	</player>

	<enemy>
		<race value='Terran'/>
		<unitScore value='33175'/>
		<unitScore value='33175'/>
		<killScore value='32600'/>
		<buildingScore value='5800'/>
		<razingScore value='8325'/>
		<mineralScore value='24738'/>
		<gasScore value='14888'/>
		<totalScore value='119526'/>
	</enemy>

	<scoreRatio value='0.534946'/>
	<timeFitness value='0.410556'/>
	<unitsAverage value='44'/>
</results>
