<results>
	<result value='loss'/>
	<start value='2015-05-09.14:50:26'/>
	<end value='2015-05-09.14:50:39'/>
	<frames value='21733'/>
	<gameDuration value='1358'/>

	<player>
		<unitScore value='6550'/>
		<killScore value='7450'/>
		<buildingScore value='1225'/>
		<razingScore value='300'/>
		<mineralScore value='6778'/>
		<gasScore value='920'/>
		<totalScore value='23223'/>
	</player>

	<enemy>
		<race value='Terran'/>
		<unitScore value='7575'/>
		<unitScore value='7575'/>
		<killScore value='13000'/>
		<buildingScore value='2850'/>
		<razingScore value='3675'/>
		<mineralScore value='9954'/>
		<gasScore value='3544'/>
		<totalScore value='40598'/>
	</enemy>

	<scoreRatio value='0.572023'/>
	<timeFitness value='0.188611'/>
	<unitsAverage value='33'/>
</results>
