<results>
	<result value='loss'/>
	<start value='2015-05-09.14:57:05'/>
	<end value='2015-05-09.14:57:16'/>
	<frames value='18044'/>
	<gameDuration value='1127'/>

	<player>
		<unitScore value='4400'/>
		<killScore value='400'/>
		<buildingScore value='2375'/>
		<razingScore value='0'/>
		<mineralScore value='7186'/>
		<gasScore value='1064'/>
		<totalScore value='15425'/>
	</player>

	<enemy>
		<race value='Terran'/>
		<unitScore value='6750'/>
		<unitScore value='6750'/>
		<killScore value='8800'/>
		<buildingScore value='2800'/>
		<razingScore value='7125'/>
		<mineralScore value='8178'/>
		<gasScore value='2952'/>
		<totalScore value='36605'/>
	</enemy>

	<scoreRatio value='0.421391'/>
	<timeFitness value='0.156528'/>
	<unitsAverage value='31'/>
</results>
