<results>
	<result value='win'/>
	<start value='2015-05-09.14:57:20'/>
	<end value='2015-05-09.14:57:42'/>
	<frames value='26755'/>
	<gameDuration value='1672'/>

	<player>
		<unitScore value='11850'/>
		<killScore value='17050'/>
		<buildingScore value='3375'/>
		<razingScore value='7350'/>
		<mineralScore value='18226'/>
		<gasScore value='1712'/>
		<totalScore value='59563'/>
	</player>

	<enemy>
		<race value='Terran'/>
		<unitScore value='8525'/>
		<unitScore value='8525'/>
		<killScore value='7900'/>
		<buildingScore value='2450'/>
		<razingScore value='1500'/>
		<mineralScore value='10490'/>
		<gasScore value='4168'/>
		<totalScore value='35033'/>
	</enemy>

	<scoreRatio value='1.7002'/>
	<timeFitness value='0.767778'/>
	<unitsAverage value='63'/>
</results>
