<results>
	<result value='win'/>
	<start value='2015-05-09.14:57:44'/>
	<end value='2015-05-09.14:58:25'/>
	<frames value='29049'/>
	<gameDuration value='1815'/>

	<player>
		<unitScore value='17925'/>
		<killScore value='25700'/>
		<buildingScore value='4675'/>
		<razingScore value='7200'/>
		<mineralScore value='21598'/>
		<gasScore value='3328'/>
		<totalScore value='80426'/>
	</player>

	<enemy>
		<race value='Terran'/>
		<unitScore value='12850'/>
		<unitScore value='12850'/>
		<killScore value='9050'/>
		<buildingScore value='2400'/>
		<razingScore value='150'/>
		<mineralScore value='12038'/>
		<gasScore value='4328'/>
		<totalScore value='40816'/>
	</enemy>

	<scoreRatio value='1.97045'/>
	<timeFitness value='0.747917'/>
	<unitsAverage value='96'/>
</results>
