<results>
	<result value='loss'/>
	<start value='2015-05-09.14:58:29'/>
	<end value='2015-05-09.14:58:42'/>
	<frames value='22508'/>
	<gameDuration value='1406'/>

	<player>
		<unitScore value='5325'/>
		<killScore value='5750'/>
		<buildingScore value='2100'/>
		<razingScore value='0'/>
		<mineralScore value='7314'/>
		<gasScore value='944'/>
		<totalScore value='21433'/>
	</player>

	<enemy>
		<race value='Terran'/>
		<unitScore value='9600'/>
		<unitScore value='9600'/>
		<killScore value='10650'/>
		<buildingScore value='3550'/>
		<razingScore value='6300'/>
		<mineralScore value='10994'/>
		<gasScore value='4704'/>
		<totalScore value='45798'/>
	</enemy>

	<scoreRatio value='0.46799'/>
	<timeFitness value='0.195278'/>
	<unitsAverage value='27'/>
</results>
