<results>
	<result value='win'/>
	<start value='2015-04-08.18:15:12'/>
	<end value='2015-04-08.18:15:47'/>
	<frames value='32583'/>
	<gameDuration value='2036'/>

	<player>
		<unitScore value='20150'/>
		<killScore value='15600'/>
		<buildingScore value='3950'/>
		<razingScore value='16575'/>
		<mineralScore value='26754'/>
		<gasScore value='2480'/>
		<totalScore value='85509'/>
	</player>

	<enemy>
		<race value='Protoss'/>
		<unitScore value='7800'/>
		<unitScore value='7800'/>
		<killScore value='16350'/>
		<buildingScore value='5525'/>
		<razingScore value='150'/>
		<mineralScore value='14498'/>
		<gasScore value='2896'/>
		<totalScore value='47219'/>
	</enemy>

	<scoreRatio value='1.8109'/>
</results>
