<results>
	<result value='win'/>
	<start value='2015-04-30.18:02:05'/>
	<end value='2015-04-30.18:02:50'/>
	<frames value='33420'/>
	<gameDuration value='2088'/>

	<player>
		<unitScore value='13775'/>
		<killScore value='26000'/>
		<buildingScore value='3725'/>
		<razingScore value='4800'/>
		<mineralScore value='37334'/>
		<gasScore value='2736'/>
		<totalScore value='88370'/>
	</player>

	<enemy>
		<race value='Zerg'/>
		<unitScore value='11750'/>
		<unitScore value='11750'/>
		<killScore value='12600'/>
		<buildingScore value='1600'/>
		<razingScore value='0'/>
		<mineralScore value='11026'/>
		<gasScore value='3192'/>
		<totalScore value='40168'/>
	</enemy>

	<scoreRatio value='2.20001'/>
	<timeFitness value='0.71'/>
	<unitsAverage value='98'/>
</results>
