<results>
	<result value='win'/>
	<start value='2015-04-29.14:48:06'/>
	<end value='2015-04-29.14:48:22'/>
	<frames value='20586'/>
	<gameDuration value='1286'/>

	<player>
		<unitScore value='11075'/>
		<killScore value='17350'/>
		<buildingScore value='3175'/>
		<razingScore value='4800'/>
		<mineralScore value='17682'/>
		<gasScore value='1048'/>
		<totalScore value='55130'/>
	</player>

	<enemy>
		<race value='Zerg'/>
		<unitScore value='8900'/>
		<unitScore value='8900'/>
		<killScore value='7950'/>
		<buildingScore value='1600'/>
		<razingScore value='0'/>
		<mineralScore value='8578'/>
		<gasScore value='2640'/>
		<totalScore value='29668'/>
	</enemy>

	<scoreRatio value='1.85823'/>
</results>
