<results>
	<result value='loss'/>
	<start value='2015-05-10.08:00:32'/>
	<end value='2015-05-10.08:00:39'/>
	<frames value='16804'/>
	<gameDuration value='1050'/>

	<player>
		<unitScore value='3800'/>
		<killScore value='700'/>
		<buildingScore value='1625'/>
		<razingScore value='0'/>
		<mineralScore value='5426'/>
		<gasScore value='632'/>
		<totalScore value='12183'/>
	</player>

	<enemy>
		<race value='Terran'/>
		<unitScore value='5700'/>
		<unitScore value='5700'/>
		<killScore value='7600'/>
		<buildingScore value='2225'/>
		<razingScore value='4875'/>
		<mineralScore value='7778'/>
		<gasScore value='2576'/>
		<totalScore value='30754'/>
	</enemy>

	<scoreRatio value='0.396144'/>
	<timeFitness value='0.145833'/>
	<unitsAverage value='27'/>
</results>
