<results>
	<result value='win'/>
	<start value='2015-05-05.06:24:50'/>
	<end value='2015-05-05.06:26:12'/>
	<frames value='37698'/>
	<gameDuration value='2356'/>

	<player>
		<unitScore value='29075'/>
		<killScore value='40735'/>
		<buildingScore value='3725'/>
		<razingScore value='6615'/>
		<mineralScore value='37246'/>
		<gasScore value='4472'/>
		<totalScore value='121868'/>
	</player>

	<enemy>
		<race value='Zerg'/>
		<unitScore value='19075'/>
		<unitScore value='19075'/>
		<killScore value='35650'/>
		<buildingScore value='2205'/>
		<razingScore value='0'/>
		<mineralScore value='16194'/>
		<gasScore value='6128'/>
		<totalScore value='79252'/>
	</enemy>

	<scoreRatio value='1.53773'/>
	<timeFitness value='0.672778'/>
	<unitsAverage value='127'/>
</results>
