<results>
	<result value='win'/>
	<start value='2015-05-05.06:33:22'/>
	<end value='2015-05-05.06:34:21'/>
	<frames value='31250'/>
	<gameDuration value='1953'/>

	<player>
		<unitScore value='21500'/>
		<killScore value='36620'/>
		<buildingScore value='3575'/>
		<razingScore value='6060'/>
		<mineralScore value='32106'/>
		<gasScore value='2760'/>
		<totalScore value='102621'/>
	</player>

	<enemy>
		<race value='Zerg'/>
		<unitScore value='16450'/>
		<unitScore value='16450'/>
		<killScore value='22850'/>
		<buildingScore value='2020'/>
		<razingScore value='0'/>
		<mineralScore value='14126'/>
		<gasScore value='4312'/>
		<totalScore value='59758'/>
	</enemy>

	<scoreRatio value='1.71728'/>
	<timeFitness value='0.72875'/>
	<unitsAverage value='112'/>
</results>
