<results>
	<result value='win'/>
	<start value='2015-05-05.06:44:05'/>
	<end value='2015-05-05.06:44:51'/>
	<frames value='26414'/>
	<gameDuration value='1650'/>

	<player>
		<unitScore value='17100'/>
		<killScore value='18990'/>
		<buildingScore value='3975'/>
		<razingScore value='6150'/>
		<mineralScore value='24778'/>
		<gasScore value='2352'/>
		<totalScore value='73345'/>
	</player>

	<enemy>
		<race value='Zerg'/>
		<unitScore value='8925'/>
		<unitScore value='8925'/>
		<killScore value='18800'/>
		<buildingScore value='2050'/>
		<razingScore value='1950'/>
		<mineralScore value='9714'/>
		<gasScore value='3096'/>
		<totalScore value='44535'/>
	</enemy>

	<scoreRatio value='1.64691'/>
	<timeFitness value='0.770833'/>
	<unitsAverage value='87'/>
</results>
