<results>
	<result value='win'/>
	<start value='2015-05-05.06:54:33'/>
	<end value='2015-05-05.06:55:52'/>
	<frames value='36427'/>
	<gameDuration value='2276'/>

	<player>
		<unitScore value='25450'/>
		<killScore value='38580'/>
		<buildingScore value='4825'/>
		<razingScore value='11175'/>
		<mineralScore value='33466'/>
		<gasScore value='5016'/>
		<totalScore value='118512'/>
	</player>

	<enemy>
		<race value='Zerg'/>
		<unitScore value='18375'/>
		<unitScore value='18375'/>
		<killScore value='28350'/>
		<buildingScore value='3725'/>
		<razingScore value='1800'/>
		<mineralScore value='18002'/>
		<gasScore value='6392'/>
		<totalScore value='76644'/>
	</enemy>

	<scoreRatio value='1.54627'/>
	<timeFitness value='0.683889'/>
	<unitsAverage value='122'/>
</results>
