<results>
	<result value='win'/>
	<start value='2015-05-05.06:56:58'/>
	<end value='2015-05-05.06:58:04'/>
	<frames value='30692'/>
	<gameDuration value='1918'/>

	<player>
		<unitScore value='20750'/>
		<killScore value='35860'/>
		<buildingScore value='3625'/>
		<razingScore value='6495'/>
		<mineralScore value='31014'/>
		<gasScore value='2384'/>
		<totalScore value='100128'/>
	</player>

	<enemy>
		<race value='Zerg'/>
		<unitScore value='15550'/>
		<unitScore value='15550'/>
		<killScore value='18750'/>
		<buildingScore value='2165'/>
		<razingScore value='0'/>
		<mineralScore value='14410'/>
		<gasScore value='4712'/>
		<totalScore value='55587'/>
	</enemy>

	<scoreRatio value='1.80128'/>
	<timeFitness value='0.733611'/>
	<unitsAverage value='116'/>
</results>
