<results>
	<result value='win'/>
	<start value='2015-05-05.07:14:12'/>
	<end value='2015-05-05.07:14:58'/>
	<frames value='26135'/>
	<gameDuration value='1633'/>

	<player>
		<unitScore value='16950'/>
		<killScore value='22080'/>
		<buildingScore value='3975'/>
		<razingScore value='6375'/>
		<mineralScore value='25610'/>
		<gasScore value='1904'/>
		<totalScore value='76894'/>
	</player>

	<enemy>
		<race value='Zerg'/>
		<unitScore value='10350'/>
		<unitScore value='10350'/>
		<killScore value='13250'/>
		<buildingScore value='2125'/>
		<razingScore value='0'/>
		<mineralScore value='10906'/>
		<gasScore value='3688'/>
		<totalScore value='40319'/>
	</enemy>

	<scoreRatio value='1.90714'/>
	<timeFitness value='0.773194'/>
	<unitsAverage value='98'/>
</results>
