<results>
	<result value='loss'/>
	<start value='2015-05-11.01:12:12'/>
	<end value='2015-05-11.01:12:23'/>
	<frames value='16618'/>
	<gameDuration value='1038'/>

	<player>
		<unitScore value='3875'/>
		<killScore value='600'/>
		<buildingScore value='1600'/>
		<razingScore value='0'/>
		<mineralScore value='5586'/>
		<gasScore value='712'/>
		<totalScore value='12373'/>
	</player>

	<enemy>
		<race value='Terran'/>
		<unitScore value='5350'/>
		<unitScore value='5350'/>
		<killScore value='7750'/>
		<buildingScore value='1900'/>
		<razingScore value='4800'/>
		<mineralScore value='7594'/>
		<gasScore value='2512'/>
		<totalScore value='29906'/>
	</enemy>

	<scoreRatio value='0.41373'/>
	<timeFitness value='0.144167'/>
	<unitsAverage value='26'/>
</results>
