<results>
	<result value='loss'/>
	<start value='2015-05-11.01:22:44'/>
	<end value='2015-05-11.01:23:01'/>
	<frames value='22477'/>
	<gameDuration value='1404'/>

	<player>
		<unitScore value='8025'/>
		<killScore value='4500'/>
		<buildingScore value='2000'/>
		<razingScore value='0'/>
		<mineralScore value='10130'/>
		<gasScore value='1248'/>
		<totalScore value='25903'/>
	</player>

	<enemy>
		<race value='Terran'/>
		<unitScore value='9700'/>
		<unitScore value='9700'/>
		<killScore value='16050'/>
		<buildingScore value='3625'/>
		<razingScore value='6000'/>
		<mineralScore value='10882'/>
		<gasScore value='4688'/>
		<totalScore value='50945'/>
	</enemy>

	<scoreRatio value='0.50845'/>
	<timeFitness value='0.195'/>
	<unitsAverage value='35'/>
</results>
