<results>
	<result value='win'/>
	<start value='2015-05-11.01:32:11'/>
	<end value='2015-05-11.01:32:43'/>
	<frames value='35745'/>
	<gameDuration value='2234'/>

	<player>
		<unitScore value='14900'/>
		<killScore value='30750'/>
		<buildingScore value='3075'/>
		<razingScore value='11775'/>
		<mineralScore value='17754'/>
		<gasScore value='2840'/>
		<totalScore value='81094'/>
	</player>

	<enemy>
		<race value='Terran'/>
		<unitScore value='17275'/>
		<unitScore value='17275'/>
		<killScore value='19250'/>
		<buildingScore value='3925'/>
		<razingScore value='3300'/>
		<mineralScore value='14418'/>
		<gasScore value='6656'/>
		<totalScore value='64824'/>
	</enemy>

	<scoreRatio value='1.25099'/>
	<timeFitness value='0.689722'/>
	<unitsAverage value='56'/>
</results>
