<results>
	<result value='loss'/>
	<start value='2015-04-27.21:30:56'/>
	<end value='2015-04-27.21:32:18'/>
	<frames value='48734'/>
	<gameDuration value='3045'/>

	<player>
		<unitScore value='24100'/>
		<killScore value='44950'/>
		<buildingScore value='2625'/>
		<razingScore value='1350'/>
		<mineralScore value='24034'/>
		<gasScore value='4312'/>
		<totalScore value='101371'/>
	</player>

	<enemy>
		<race value='Protoss'/>
		<unitScore value='40750'/>
		<unitScore value='40750'/>
		<killScore value='48300'/>
		<buildingScore value='7675'/>
		<razingScore value='7875'/>
		<mineralScore value='34734'/>
		<gasScore value='13334'/>
		<totalScore value='152668'/>
	</enemy>

	<scoreRatio value='0.663996'/>
</results>
