<results>
	<result value='draw'/>
	<start value='2015-05-08.21:16:37'/>
	<end value='2015-05-08.21:17:32'/>
	<frames value='57601'/>
	<gameDuration value='3600'/>

	<player>
		<unitScore value='27050'/>
		<killScore value='33650'/>
		<buildingScore value='3975'/>
		<razingScore value='225'/>
		<mineralScore value='31438'/>
		<gasScore value='8690'/>
		<totalScore value='105028'/>
	</player>

	<enemy>
		<race value='Terran'/>
		<unitScore value='31350'/>
		<unitScore value='31350'/>
		<killScore value='44850'/>
		<buildingScore value='4800'/>
		<razingScore value='5325'/>
		<mineralScore value='31386'/>
		<gasScore value='12306'/>
		<totalScore value='130017'/>
	</enemy>

	<scoreRatio value='0.807802'/>
	<timeFitness value='0.5'/>
	<unitsAverage value='100'/>
</results>
