<results>
	<result value='win'/>
	<start value='2015-04-07.19:52:01'/>
	<end value='2015-04-07.19:52:55'/>
	<frames value='40333'/>
	<gameDuration value='2520'/>

	<player>
		<unitScore value='27075'/>
		<killScore value='41600'/>
		<buildingScore value='3975'/>
		<razingScore value='20700'/>
		<mineralScore value='30974'/>
		<gasScore value='5320'/>
		<totalScore value='129644'/>
	</player>

	<enemy>
		<race value='Protoss'/>
		<unitScore value='21825'/>
		<unitScore value='21825'/>
		<killScore value='28550'/>
		<buildingScore value='6900'/>
		<razingScore value='150'/>
		<mineralScore value='23078'/>
		<gasScore value='7304'/>
		<totalScore value='87807'/>
	</enemy>

	<scoreRatio value='1.47647'/>
</results>
