<results>
	<result value='win'/>
	<start value='2014-07-07.19:09:44'/>
	<end value='2014-07-07.19:10:39'/>
	<frames value='39961'/>
	<gameDuration value='2497'/>

	<player>
		<unitScore value='23950'/>
		<killScore value='40860'/>
		<buildingScore value='5175'/>
		<razingScore value='9090'/>
		<mineralScore value='38950'/>
		<gasScore value='4800'/>
		<totalScore value='122825'/>
	</player>

	<enemy>
		<race value='Zerg'/>
		<unitScore value='17775'/>
		<unitScore value='17775'/>
		<killScore value='22950'/>
		<buildingScore value='3030'/>
		<razingScore value='0'/>
		<mineralScore value='16786'/>
		<gasScore value='4568'/>
		<totalScore value='65109'/>
	</enemy>

	<scoreRatio value='1.88645'/>
</results>
