<results>
	<result value='win'/>
	<start value='2014-07-07.19:16:30'/>
	<end value='2014-07-07.19:17:14'/>
	<frames value='33947'/>
	<gameDuration value='2121'/>

	<player>
		<unitScore value='25425'/>
		<killScore value='35830'/>
		<buildingScore value='3925'/>
		<razingScore value='8670'/>
		<mineralScore value='30798'/>
		<gasScore value='2064'/>
		<totalScore value='106712'/>
	</player>

	<enemy>
		<race value='Zerg'/>
		<unitScore value='16375'/>
		<unitScore value='16375'/>
		<killScore value='25300'/>
		<buildingScore value='2890'/>
		<razingScore value='0'/>
		<mineralScore value='16122'/>
		<gasScore value='5152'/>
		<totalScore value='65839'/>
	</enemy>

	<scoreRatio value='1.6208'/>
</results>
