<results>
	<result value='win'/>
	<start value='2014-07-07.19:17:17'/>
	<end value='2014-07-07.19:17:41'/>
	<frames value='24802'/>
	<gameDuration value='1550'/>

	<player>
		<unitScore value='14475'/>
		<killScore value='25470'/>
		<buildingScore value='3700'/>
		<razingScore value='5940'/>
		<mineralScore value='22178'/>
		<gasScore value='2720'/>
		<totalScore value='74483'/>
	</player>

	<enemy>
		<race value='Zerg'/>
		<unitScore value='10925'/>
		<unitScore value='10925'/>
		<killScore value='8100'/>
		<buildingScore value='1980'/>
		<razingScore value='0'/>
		<mineralScore value='10978'/>
		<gasScore value='3208'/>
		<totalScore value='35191'/>
	</enemy>

	<scoreRatio value='2.11654'/>
</results>
