<results>
	<result value='win'/>
	<start value='2015-04-11.16:42:27'/>
	<end value='2015-04-11.16:43:22'/>
	<frames value='30878'/>
	<gameDuration value='1929'/>

	<player>
		<unitScore value='18000'/>
		<killScore value='20950'/>
		<buildingScore value='3825'/>
		<razingScore value='16875'/>
		<mineralScore value='22314'/>
		<gasScore value='3288'/>
		<totalScore value='85252'/>
	</player>

	<enemy>
		<race value='Protoss'/>
		<unitScore value='10825'/>
		<unitScore value='10825'/>
		<killScore value='14550'/>
		<buildingScore value='5625'/>
		<razingScore value='300'/>
		<mineralScore value='14846'/>
		<gasScore value='4944'/>
		<totalScore value='51090'/>
	</enemy>

	<scoreRatio value='1.66866'/>
</results>
