<results>
	<result value='win'/>
	<start value='2015-04-11.16:45:13'/>
	<end value='2015-04-11.16:46:02'/>
	<frames value='30196'/>
	<gameDuration value='1887'/>

	<player>
		<unitScore value='17300'/>
		<killScore value='12800'/>
		<buildingScore value='4175'/>
		<razingScore value='17850'/>
		<mineralScore value='22506'/>
		<gasScore value='2544'/>
		<totalScore value='77175'/>
	</player>

	<enemy>
		<race value='Protoss'/>
		<unitScore value='6400'/>
		<unitScore value='6400'/>
		<killScore value='13350'/>
		<buildingScore value='5950'/>
		<razingScore value='525'/>
		<mineralScore value='14866'/>
		<gasScore value='2664'/>
		<totalScore value='43755'/>
	</enemy>

	<scoreRatio value='1.7638'/>
</results>
