<results>
	<result value='win'/>
	<start value='2015-04-11.16:46:06'/>
	<end value='2015-04-11.16:47:10'/>
	<frames value='41449'/>
	<gameDuration value='2590'/>

	<player>
		<unitScore value='24250'/>
		<killScore value='30500'/>
		<buildingScore value='3025'/>
		<razingScore value='21375'/>
		<mineralScore value='26366'/>
		<gasScore value='3104'/>
		<totalScore value='108620'/>
	</player>

	<enemy>
		<race value='Protoss'/>
		<unitScore value='15875'/>
		<unitScore value='15875'/>
		<killScore value='34550'/>
		<buildingScore value='7125'/>
		<razingScore value='300'/>
		<mineralScore value='19610'/>
		<gasScore value='6064'/>
		<totalScore value='83524'/>
	</enemy>

	<scoreRatio value='1.30046'/>
</results>
