<results>
	<result value='win'/>
	<start value='2015-05-02.17:03:48'/>
	<end value='2015-05-02.17:04:13'/>
	<frames value='32769'/>
	<gameDuration value='2048'/>

	<player>
		<unitScore value='15475'/>
		<killScore value='18400'/>
		<buildingScore value='2925'/>
		<razingScore value='16425'/>
		<mineralScore value='20298'/>
		<gasScore value='3336'/>
		<totalScore value='76859'/>
	</player>

	<enemy>
		<race value='Protoss'/>
		<unitScore value='9200'/>
		<unitScore value='9200'/>
		<killScore value='13300'/>
		<buildingScore value='5475'/>
		<razingScore value='300'/>
		<mineralScore value='15418'/>
		<gasScore value='3240'/>
		<totalScore value='46933'/>
	</enemy>

	<scoreRatio value='1.63763'/>
	<timeFitness value='0.715556'/>
	<unitsAverage value='78'/>
</results>
