<results>
	<result value='loss'/>
	<start value='2015-05-09.18:48:56'/>
	<end value='2015-05-09.18:49:05'/>
	<frames value='15905'/>
	<gameDuration value='994'/>

	<player>
		<unitScore value='2975'/>
		<killScore value='900'/>
		<buildingScore value='1550'/>
		<razingScore value='0'/>
		<mineralScore value='4818'/>
		<gasScore value='672'/>
		<totalScore value='10915'/>
	</player>

	<enemy>
		<race value='Protoss'/>
		<unitScore value='3600'/>
		<unitScore value='3600'/>
		<killScore value='5950'/>
		<buildingScore value='3375'/>
		<razingScore value='4650'/>
		<mineralScore value='8106'/>
		<gasScore value='1592'/>
		<totalScore value='27273'/>
	</enemy>

	<scoreRatio value='0.400213'/>
	<timeFitness value='0.138056'/>
	<unitsAverage value='22'/>
</results>
