<results>
	<result value='win'/>
	<start value='2015-05-02.17:15:24'/>
	<end value='2015-05-02.17:15:55'/>
	<frames value='42906'/>
	<gameDuration value='2681'/>

	<player>
		<unitScore value='22475'/>
		<killScore value='34700'/>
		<buildingScore value='3250'/>
		<razingScore value='24825'/>
		<mineralScore value='25822'/>
		<gasScore value='3112'/>
		<totalScore value='114184'/>
	</player>

	<enemy>
		<race value='Protoss'/>
		<unitScore value='18800'/>
		<unitScore value='18800'/>
		<killScore value='31650'/>
		<buildingScore value='8275'/>
		<razingScore value='3075'/>
		<mineralScore value='25502'/>
		<gasScore value='8320'/>
		<totalScore value='95622'/>
	</enemy>

	<scoreRatio value='1.19412'/>
	<timeFitness value='0.627639'/>
	<unitsAverage value='78'/>
</results>
