<results>
	<result value='draw'/>
	<start value='2015-04-28.00:47:28'/>
	<end value='2015-04-28.00:47:56'/>
	<frames value='57600'/>
	<gameDuration value='3600'/>

	<player>
		<unitScore value='15125'/>
		<killScore value='15850'/>
		<buildingScore value='3775'/>
		<razingScore value='2025'/>
		<mineralScore value='19642'/>
		<gasScore value='3224'/>
		<totalScore value='59641'/>
	</player>

	<enemy>
		<race value='Terran'/>
		<unitScore value='19950'/>
		<unitScore value='19950'/>
		<killScore value='30250'/>
		<buildingScore value='4925'/>
		<razingScore value='11325'/>
		<mineralScore value='18686'/>
		<gasScore value='11704'/>
		<totalScore value='96840'/>
	</enemy>

	<scoreRatio value='0.615872'/>
</results>
