<results>
	<result value='win'/>
	<start value='2015-04-29.16:55:54'/>
	<end value='2015-04-29.16:56:46'/>
	<frames value='38535'/>
	<gameDuration value='2408'/>

	<player>
		<unitScore value='23325'/>
		<killScore value='23100'/>
		<buildingScore value='3450'/>
		<razingScore value='20625'/>
		<mineralScore value='27722'/>
		<gasScore value='2856'/>
		<totalScore value='101078'/>
	</player>

	<enemy>
		<race value='Protoss'/>
		<unitScore value='11550'/>
		<unitScore value='11550'/>
		<killScore value='23900'/>
		<buildingScore value='6875'/>
		<razingScore value='300'/>
		<mineralScore value='21878'/>
		<gasScore value='5464'/>
		<totalScore value='69967'/>
	</enemy>

	<scoreRatio value='1.44465'/>
</results>
