<results>
	<result value='win'/>
	<start value='2015-04-29.16:56:49'/>
	<end value='2015-04-29.16:57:32'/>
	<frames value='29421'/>
	<gameDuration value='1838'/>

	<player>
		<unitScore value='21225'/>
		<killScore value='25050'/>
		<buildingScore value='4375'/>
		<razingScore value='15825'/>
		<mineralScore value='27674'/>
		<gasScore value='2064'/>
		<totalScore value='96213'/>
	</player>

	<enemy>
		<race value='Protoss'/>
		<unitScore value='12975'/>
		<unitScore value='12975'/>
		<killScore value='19450'/>
		<buildingScore value='5275'/>
		<razingScore value='0'/>
		<mineralScore value='19702'/>
		<gasScore value='2904'/>
		<totalScore value='60306'/>
	</enemy>

	<scoreRatio value='1.59541'/>
</results>
