<results>
	<result value='loss'/>
	<start value='2015-04-29.17:06:40'/>
	<end value='2015-04-29.17:06:50'/>
	<frames value='16618'/>
	<gameDuration value='1038'/>

	<player>
		<unitScore value='3850'/>
		<killScore value='400'/>
		<buildingScore value='1450'/>
		<razingScore value='0'/>
		<mineralScore value='5674'/>
		<gasScore value='424'/>
		<totalScore value='11798'/>
	</player>

	<enemy>
		<race value='Protoss'/>
		<unitScore value='3600'/>
		<unitScore value='3600'/>
		<killScore value='7700'/>
		<buildingScore value='3725'/>
		<razingScore value='4350'/>
		<mineralScore value='8826'/>
		<gasScore value='1584'/>
		<totalScore value='29785'/>
	</enemy>

	<scoreRatio value='0.396105'/>
</results>
