<results>
	<result value='loss'/>
	<start value='2015-07-18.09:02:26'/>
	<end value='2015-07-18.09:03:13'/>
	<frames value='34598'/>
	<gameDuration value='2162'/>

	<player>
		<unitScore value='17525'/>
		<killScore value='10500'/>
		<buildingScore value='2850'/>
		<razingScore value='600'/>
		<mineralScore value='23634'/>
		<gasScore value='2760'/>
		<totalScore value='57869'/>
	</player>

	<enemy>
		<race value='Protoss'/>
		<unitScore value='20900'/>
		<killScore value='33650'/>
		<buildingScore value='7075'/>
		<razingScore value='8550'/>
		<mineralScore value='23250'/>
		<gasScore value='8280'/>
		<totalScore value='101705'/>
	</enemy>

	<scoreRatio value='0.568989'/>
	<timeFitness value='0.300278'/>
	<unitsAverage value='66'/>
</results>
