<results>
	<result value='loss'/>
	<start value='2015-07-18.09:26:21'/>
	<end value='2015-07-18.09:27:05'/>
	<frames value='35776'/>
	<gameDuration value='2236'/>

	<player>
		<unitScore value='18200'/>
		<killScore value='10000'/>
		<buildingScore value='2600'/>
		<razingScore value='150'/>
		<mineralScore value='21082'/>
		<gasScore value='3192'/>
		<totalScore value='55224'/>
	</player>

	<enemy>
		<race value='Protoss'/>
		<unitScore value='23300'/>
		<killScore value='36600'/>
		<buildingScore value='7125'/>
		<razingScore value='7800'/>
		<mineralScore value='23814'/>
		<gasScore value='9056'/>
		<totalScore value='107695'/>
	</enemy>

	<scoreRatio value='0.512781'/>
	<timeFitness value='0.310556'/>
	<unitsAverage value='60'/>
</results>
