<results>
	<result value='loss'/>
	<start value='2015-05-08.12:16:26'/>
	<end value='2015-05-08.12:16:43'/>
	<frames value='18726'/>
	<gameDuration value='1170'/>

	<player>
		<unitScore value='3600'/>
		<killScore value='2800'/>
		<buildingScore value='1650'/>
		<razingScore value='0'/>
		<mineralScore value='5482'/>
		<gasScore value='672'/>
		<totalScore value='14204'/>
	</player>

	<enemy>
		<race value='Terran'/>
		<unitScore value='7225'/>
		<unitScore value='7225'/>
		<killScore value='7200'/>
		<buildingScore value='2850'/>
		<razingScore value='4950'/>
		<mineralScore value='8538'/>
		<gasScore value='3168'/>
		<totalScore value='33931'/>
	</enemy>

	<scoreRatio value='0.418614'/>
	<timeFitness value='0.1625'/>
	<unitsAverage value='28'/>
</results>
