<results>
	<result value='loss'/>
	<start value='2015-05-08.12:25:54'/>
	<end value='2015-05-08.12:26:07'/>
	<frames value='15719'/>
	<gameDuration value='982'/>

	<player>
		<unitScore value='3425'/>
		<killScore value='300'/>
		<buildingScore value='1475'/>
		<razingScore value='0'/>
		<mineralScore value='4882'/>
		<gasScore value='424'/>
		<totalScore value='10506'/>
	</player>

	<enemy>
		<race value='Terran'/>
		<unitScore value='5075'/>
		<unitScore value='5075'/>
		<killScore value='6750'/>
		<buildingScore value='1800'/>
		<razingScore value='4425'/>
		<mineralScore value='7106'/>
		<gasScore value='2384'/>
		<totalScore value='27540'/>
	</enemy>

	<scoreRatio value='0.381481'/>
	<timeFitness value='0.136389'/>
	<unitsAverage value='23'/>
</results>
