<results>
	<result value='loss'/>
	<start value='2015-05-08.12:43:11'/>
	<end value='2015-05-08.12:43:55'/>
	<frames value='41604'/>
	<gameDuration value='2600'/>

	<player>
		<unitScore value='8525'/>
		<killScore value='10650'/>
		<buildingScore value='3150'/>
		<razingScore value='0'/>
		<mineralScore value='12074'/>
		<gasScore value='1696'/>
		<totalScore value='36095'/>
	</player>

	<enemy>
		<race value='Terran'/>
		<unitScore value='23425'/>
		<unitScore value='23425'/>
		<killScore value='17050'/>
		<buildingScore value='5525'/>
		<razingScore value='9225'/>
		<mineralScore value='21898'/>
		<gasScore value='12866'/>
		<totalScore value='89989'/>
	</enemy>

	<scoreRatio value='0.401105'/>
	<timeFitness value='0.361111'/>
	<unitsAverage value='37'/>
</results>
