<results>
	<result value='win'/>
	<start value='2015-05-08.12:49:49'/>
	<end value='2015-05-08.12:50:29'/>
	<frames value='26042'/>
	<gameDuration value='1627'/>

	<player>
		<unitScore value='11075'/>
		<killScore value='21850'/>
		<buildingScore value='3675'/>
		<razingScore value='9450'/>
		<mineralScore value='17126'/>
		<gasScore value='2256'/>
		<totalScore value='65432'/>
	</player>

	<enemy>
		<race value='Terran'/>
		<unitScore value='11725'/>
		<unitScore value='11725'/>
		<killScore value='6450'/>
		<buildingScore value='3150'/>
		<razingScore value='150'/>
		<mineralScore value='11890'/>
		<gasScore value='5088'/>
		<totalScore value='38453'/>
	</enemy>

	<scoreRatio value='1.70161'/>
	<timeFitness value='0.774028'/>
	<unitsAverage value='78'/>
</results>
