<results>
	<result value='win'/>
	<start value='2015-05-08.12:54:52'/>
	<end value='2015-05-08.12:55:28'/>
	<frames value='26445'/>
	<gameDuration value='1652'/>

	<player>
		<unitScore value='13075'/>
		<killScore value='20050'/>
		<buildingScore value='3100'/>
		<razingScore value='8700'/>
		<mineralScore value='17834'/>
		<gasScore value='2712'/>
		<totalScore value='65471'/>
	</player>

	<enemy>
		<race value='Terran'/>
		<unitScore value='10325'/>
		<unitScore value='10325'/>
		<killScore value='10800'/>
		<buildingScore value='2900'/>
		<razingScore value='450'/>
		<mineralScore value='9658'/>
		<gasScore value='3584'/>
		<totalScore value='37717'/>
	</enemy>

	<scoreRatio value='1.73585'/>
	<timeFitness value='0.770556'/>
	<unitsAverage value='74'/>
</results>
