<results>
	<result value='loss'/>
	<start value='2015-05-08.13:03:41'/>
	<end value='2015-05-08.13:04:49'/>
	<frames value='54748'/>
	<gameDuration value='3421'/>

	<player>
		<unitScore value='16600'/>
		<killScore value='14400'/>
		<buildingScore value='2225'/>
		<razingScore value='1950'/>
		<mineralScore value='23366'/>
		<gasScore value='768'/>
		<totalScore value='59309'/>
	</player>

	<enemy>
		<race value='Terran'/>
		<unitScore value='22700'/>
		<unitScore value='22700'/>
		<killScore value='33200'/>
		<buildingScore value='4875'/>
		<razingScore value='6675'/>
		<mineralScore value='19494'/>
		<gasScore value='11708'/>
		<totalScore value='98652'/>
	</enemy>

	<scoreRatio value='0.601194'/>
	<timeFitness value='0.475139'/>
	<unitsAverage value='65'/>
</results>
