<results>
	<result value='win'/>
	<start value='2015-05-08.13:02:42'/>
	<end value='2015-05-08.13:03:38'/>
	<frames value='36148'/>
	<gameDuration value='2259'/>

	<player>
		<unitScore value='18075'/>
		<killScore value='31150'/>
		<buildingScore value='4100'/>
		<razingScore value='12075'/>
		<mineralScore value='23698'/>
		<gasScore value='3512'/>
		<totalScore value='92610'/>
	</player>

	<enemy>
		<race value='Terran'/>
		<unitScore value='17175'/>
		<unitScore value='17175'/>
		<killScore value='18500'/>
		<buildingScore value='4025'/>
		<razingScore value='1875'/>
		<mineralScore value='15058'/>
		<gasScore value='7242'/>
		<totalScore value='63875'/>
	</enemy>

	<scoreRatio value='1.44986'/>
	<timeFitness value='0.68625'/>
	<unitsAverage value='78'/>
</results>
