<results>
	<result value='win'/>
	<start value='2015-05-08.13:04:52'/>
	<end value='2015-05-08.13:06:54'/>
	<frames value='44084'/>
	<gameDuration value='2755'/>

	<player>
		<unitScore value='26875'/>
		<killScore value='40050'/>
		<buildingScore value='4875'/>
		<razingScore value='11775'/>
		<mineralScore value='39854'/>
		<gasScore value='6082'/>
		<totalScore value='129511'/>
	</player>

	<enemy>
		<race value='Terran'/>
		<unitScore value='22700'/>
		<unitScore value='22700'/>
		<killScore value='30750'/>
		<buildingScore value='4000'/>
		<razingScore value='300'/>
		<mineralScore value='16258'/>
		<gasScore value='8138'/>
		<totalScore value='82146'/>
	</enemy>

	<scoreRatio value='1.5766'/>
	<timeFitness value='0.617361'/>
	<unitsAverage value='145'/>
</results>
