<results>
	<result value='loss'/>
	<start value='2015-05-08.13:10:03'/>
	<end value='2015-05-08.13:10:19'/>
	<frames value='17300'/>
	<gameDuration value='1081'/>

	<player>
		<unitScore value='4450'/>
		<killScore value='500'/>
		<buildingScore value='1925'/>
		<razingScore value='0'/>
		<mineralScore value='6314'/>
		<gasScore value='896'/>
		<totalScore value='14085'/>
	</player>

	<enemy>
		<race value='Terran'/>
		<unitScore value='6400'/>
		<unitScore value='6400'/>
		<killScore value='8900'/>
		<buildingScore value='2625'/>
		<razingScore value='5775'/>
		<mineralScore value='7866'/>
		<gasScore value='2744'/>
		<totalScore value='34310'/>
	</enemy>

	<scoreRatio value='0.410522'/>
	<timeFitness value='0.150139'/>
	<unitsAverage value='29'/>
</results>
