<results>
	<result value='win'/>
	<start value='2015-04-29.20:07:35'/>
	<end value='2015-04-29.20:08:00'/>
	<frames value='27189'/>
	<gameDuration value='1699'/>

	<player>
		<unitScore value='13400'/>
		<killScore value='24650'/>
		<buildingScore value='3350'/>
		<razingScore value='7200'/>
		<mineralScore value='17338'/>
		<gasScore value='2176'/>
		<totalScore value='68114'/>
	</player>

	<enemy>
		<race value='Terran'/>
		<unitScore value='12325'/>
		<unitScore value='12325'/>
		<killScore value='13600'/>
		<buildingScore value='2400'/>
		<razingScore value='1500'/>
		<mineralScore value='11742'/>
		<gasScore value='4344'/>
		<totalScore value='45911'/>
	</enemy>

	<scoreRatio value='1.48361'/>
	<timeFitness value='0.764028'/>
	<unitsAverage value='64'/>
</results>
