<results>
	<result value='loss'/>
	<start value='2015-07-15.02:20:57'/>
	<end value='2015-07-15.02:21:45'/>
	<frames value='51307'/>
	<gameDuration value='3206'/>

	<player>
		<unitScore value='26025'/>
		<killScore value='24100'/>
		<buildingScore value='4425'/>
		<razingScore value='3300'/>
		<mineralScore value='24630'/>
		<gasScore value='4296'/>
		<totalScore value='86776'/>
	</player>

	<enemy>
		<race value='Protoss'/>
		<unitScore value='31750'/>
		<killScore value='52050'/>
		<buildingScore value='9425'/>
		<razingScore value='13275'/>
		<mineralScore value='32766'/>
		<gasScore value='11264'/>
		<totalScore value='150530'/>
	</enemy>

	<scoreRatio value='0.57647'/>
	<timeFitness value='0.445278'/>
	<unitsAverage value='71'/>
</results>
