<results>
	<result value='loss'/>
	<start value='2015-07-15.02:25:22'/>
	<end value='2015-07-15.02:26:24'/>
	<frames value='49354'/>
	<gameDuration value='3084'/>

	<player>
		<unitScore value='33850'/>
		<killScore value='26850'/>
		<buildingScore value='3275'/>
		<razingScore value='1350'/>
		<mineralScore value='31490'/>
		<gasScore value='5368'/>
		<totalScore value='102183'/>
	</player>

	<enemy>
		<race value='Protoss'/>
		<unitScore value='32140'/>
		<killScore value='66800'/>
		<buildingScore value='7300'/>
		<razingScore value='9825'/>
		<mineralScore value='31258'/>
		<gasScore value='9898'/>
		<totalScore value='157221'/>
	</enemy>

	<scoreRatio value='0.649932'/>
	<timeFitness value='0.428333'/>
	<unitsAverage value='104'/>
</results>
