<results>
	<result value='loss'/>
	<start value='2015-04-07.22:48:40'/>
	<end value='2015-04-07.22:48:48'/>
	<frames value='16680'/>
	<gameDuration value='1042'/>

	<player>
		<unitScore value='2900'/>
		<killScore value='1400'/>
		<buildingScore value='1550'/>
		<razingScore value='0'/>
		<mineralScore value='4786'/>
		<gasScore value='744'/>
		<totalScore value='11380'/>
	</player>

	<enemy>
		<race value='Protoss'/>
		<unitScore value='3600'/>
		<unitScore value='3600'/>
		<killScore value='5450'/>
		<buildingScore value='3825'/>
		<razingScore value='4650'/>
		<mineralScore value='8946'/>
		<gasScore value='1424'/>
		<totalScore value='27895'/>
	</enemy>

	<scoreRatio value='0.407958'/>
</results>
