<results>
	<result value='draw'/>
	<start value='2015-05-10.02:57:12'/>
	<end value='2015-05-10.02:58:29'/>
	<frames value='57601'/>
	<gameDuration value='3600'/>

	<player>
		<unitScore value='22875'/>
		<killScore value='30550'/>
		<buildingScore value='6200'/>
		<razingScore value='11625'/>
		<mineralScore value='41698'/>
		<gasScore value='6242'/>
		<totalScore value='119190'/>
	</player>

	<enemy>
		<race value='Terran'/>
		<unitScore value='17125'/>
		<unitScore value='17125'/>
		<killScore value='20950'/>
		<buildingScore value='4025'/>
		<razingScore value='5625'/>
		<mineralScore value='13978'/>
		<gasScore value='6916'/>
		<totalScore value='68619'/>
	</enemy>

	<scoreRatio value='1.73698'/>
	<timeFitness value='0.5'/>
	<unitsAverage value='118'/>
</results>
