<results>
	<result value='win'/>
	<start value='2015-04-07.19:00:44'/>
	<end value='2015-04-07.19:01:07'/>
	<frames value='29359'/>
	<gameDuration value='1834'/>

	<player>
		<unitScore value='12800'/>
		<killScore value='13200'/>
		<buildingScore value='3800'/>
		<razingScore value='13125'/>
		<mineralScore value='21250'/>
		<gasScore value='2376'/>
		<totalScore value='66551'/>
	</player>

	<enemy>
		<race value='Protoss'/>
		<unitScore value='6950'/>
		<unitScore value='6950'/>
		<killScore value='9100'/>
		<buildingScore value='4375'/>
		<razingScore value='300'/>
		<mineralScore value='9898'/>
		<gasScore value='1920'/>
		<totalScore value='32543'/>
	</enemy>

	<scoreRatio value='2.04502'/>
</results>
