<results>
	<result value='draw'/>
	<start value='2015-05-05.06:06:09'/>
	<end value='2015-05-05.06:06:42'/>
	<frames value='57601'/>
	<gameDuration value='3600'/>

	<player>
		<unitScore value='18950'/>
		<killScore value='26450'/>
		<buildingScore value='2250'/>
		<razingScore value='2100'/>
		<mineralScore value='20942'/>
		<gasScore value='6152'/>
		<totalScore value='76844'/>
	</player>

	<enemy>
		<race value='Terran'/>
		<unitScore value='19425'/>
		<unitScore value='19425'/>
		<killScore value='35600'/>
		<buildingScore value='3975'/>
		<razingScore value='2100'/>
		<mineralScore value='16114'/>
		<gasScore value='9312'/>
		<totalScore value='86526'/>
	</enemy>

	<scoreRatio value='0.888103'/>
	<timeFitness value='0.5'/>
	<unitsAverage value='50'/>
</results>
