<results>
	<result value='draw'/>
	<start value='2015-07-20.16:42:25'/>
	<end value='2015-07-20.16:46:01'/>
	<frames value='57601'/>
	<gameDuration value='3600'/>

	<player>
		<unitScore value='55125'/>
		<killScore value='33400'/>
		<buildingScore value='3800'/>
		<razingScore value='0'/>
		<mineralScore value='39094'/>
		<gasScore value='11488'/>
		<totalScore value='142907'/>
	</player>

	<enemy>
		<race value='Zerg'/>
		<unitScore value='20950'/>
		<killScore value='94050'/>
		<buildingScore value='3455'/>
		<razingScore value='2325'/>
		<mineralScore value='23918'/>
		<gasScore value='6456'/>
		<totalScore value='151154'/>
	</enemy>

	<scoreRatio value='0.94544'/>
	<timeFitness value='0.5'/>
	<unitsAverage value='147'/>
</results>
