<results>
	<result value='loss'/>
	<start value='2015-07-20.16:46:04'/>
	<end value='2015-07-20.16:46:54'/>
	<frames value='18695'/>
	<gameDuration value='1168'/>

	<player>
		<unitScore value='4050'/>
		<killScore value='0'/>
		<buildingScore value='2200'/>
		<razingScore value='0'/>
		<mineralScore value='13010'/>
		<gasScore value='0'/>
		<totalScore value='19260'/>
	</player>

	<enemy>
		<race value='Zerg'/>
		<unitScore value='6950'/>
		<killScore value='8100'/>
		<buildingScore value='2005'/>
		<razingScore value='6600'/>
		<mineralScore value='8266'/>
		<gasScore value='2920'/>
		<totalScore value='34841'/>
	</enemy>

	<scoreRatio value='0.552797'/>
	<timeFitness value='0.162222'/>
	<unitsAverage value='40'/>
</results>
