<results>
	<result value='loss'/>
	<start value='2015-07-20.17:07:00'/>
	<end value='2015-07-20.17:08:03'/>
	<frames value='22663'/>
	<gameDuration value='1416'/>

	<player>
		<unitScore value='4700'/>
		<killScore value='0'/>
		<buildingScore value='3525'/>
		<razingScore value='0'/>
		<mineralScore value='14954'/>
		<gasScore value='0'/>
		<totalScore value='23179'/>
	</player>

	<enemy>
		<race value='Zerg'/>
		<unitScore value='8125'/>
		<killScore value='9400'/>
		<buildingScore value='2745'/>
		<razingScore value='10575'/>
		<mineralScore value='11138'/>
		<gasScore value='3536'/>
		<totalScore value='45519'/>
	</enemy>

	<scoreRatio value='0.509216'/>
	<timeFitness value='0.196667'/>
	<unitsAverage value='39'/>
</results>
