<results>
	<result value='win'/>
	<start value='2015-03-29.11:19:43'/>
	<end value='2015-03-29.11:20:34'/>
	<frames value='35900'/>
	<gameDuration value='2243'/>

	<player>
		<unitScore value='20750'/>
		<killScore value='17650'/>
		<buildingScore value='3725'/>
		<razingScore value='23025'/>
		<mineralScore value='27602'/>
		<gasScore value='4472'/>
		<totalScore value='97224'/>
	</player>

	<enemy>
		<race value='Protoss'/>
		<unitScore value='8825'/>
		<unitScore value='8825'/>
		<killScore value='20250'/>
		<buildingScore value='7675'/>
		<razingScore value='450'/>
		<mineralScore value='17306'/>
		<gasScore value='3704'/>
		<totalScore value='58210'/>
	</enemy>

	<scoreRatio value='1.67023'/>
</results>
