<results>
	<result value='loss'/>
	<start value='2015-04-13.11:06:25'/>
	<end value='2015-04-13.11:06:32'/>
	<frames value='15471'/>
	<gameDuration value='966'/>

	<player>
		<unitScore value='3275'/>
		<killScore value='1000'/>
		<buildingScore value='1650'/>
		<razingScore value='0'/>
		<mineralScore value='5226'/>
		<gasScore value='680'/>
		<totalScore value='11831'/>
	</player>

	<enemy>
		<race value='Protoss'/>
		<unitScore value='3550'/>
		<unitScore value='3550'/>
		<killScore value='6450'/>
		<buildingScore value='3075'/>
		<razingScore value='4950'/>
		<mineralScore value='7986'/>
		<gasScore value='1440'/>
		<totalScore value='27451'/>
	</enemy>

	<scoreRatio value='0.430986'/>
</results>
