<results>
	<result value='loss'/>
	<start value='2015-04-13.11:13:11'/>
	<end value='2015-04-13.11:13:18'/>
	<frames value='16525'/>
	<gameDuration value='1032'/>

	<player>
		<unitScore value='3375'/>
		<killScore value='1000'/>
		<buildingScore value='1275'/>
		<razingScore value='0'/>
		<mineralScore value='5066'/>
		<gasScore value='944'/>
		<totalScore value='11660'/>
	</player>

	<enemy>
		<race value='Protoss'/>
		<unitScore value='3550'/>
		<unitScore value='3550'/>
		<killScore value='6750'/>
		<buildingScore value='3825'/>
		<razingScore value='3825'/>
		<mineralScore value='8570'/>
		<gasScore value='1624'/>
		<totalScore value='28144'/>
	</enemy>

	<scoreRatio value='0.414298'/>
</results>
