<results>
	<result value='win'/>
	<start value='2015-05-09.18:03:56'/>
	<end value='2015-05-09.18:04:10'/>
	<frames value='18912'/>
	<gameDuration value='1182'/>

	<player>
		<unitScore value='7575'/>
		<killScore value='8000'/>
		<buildingScore value='2525'/>
		<razingScore value='5625'/>
		<mineralScore value='12250'/>
		<gasScore value='1920'/>
		<totalScore value='37895'/>
	</player>

	<enemy>
		<race value='Terran'/>
		<unitScore value='4000'/>
		<unitScore value='4000'/>
		<killScore value='3750'/>
		<buildingScore value='1875'/>
		<razingScore value='0'/>
		<mineralScore value='8322'/>
		<gasScore value='1560'/>
		<totalScore value='19507'/>
	</enemy>

	<scoreRatio value='1.94264'/>
	<timeFitness value='0.835833'/>
	<unitsAverage value='53'/>
</results>
