<results>
	<result value='win'/>
	<start value='2015-05-01.17:58:40'/>
	<end value='2015-05-01.17:59:22'/>
	<frames value='30072'/>
	<gameDuration value='1879'/>

	<player>
		<unitScore value='18400'/>
		<killScore value='29765'/>
		<buildingScore value='4250'/>
		<razingScore value='6615'/>
		<mineralScore value='29810'/>
		<gasScore value='3744'/>
		<totalScore value='92584'/>
	</player>

	<enemy>
		<race value='Zerg'/>
		<unitScore value='12925'/>
		<unitScore value='12925'/>
		<killScore value='14700'/>
		<buildingScore value='2205'/>
		<razingScore value='0'/>
		<mineralScore value='13362'/>
		<gasScore value='4304'/>
		<totalScore value='47496'/>
	</enemy>

	<scoreRatio value='1.9493'/>
	<timeFitness value='0.739028'/>
	<unitsAverage value='111'/>
</results>
