<results>
	<result value='win'/>
	<start value='2015-05-01.18:00:21'/>
	<end value='2015-05-01.18:00:40'/>
	<frames value='20927'/>
	<gameDuration value='1307'/>

	<player>
		<unitScore value='11750'/>
		<killScore value='18925'/>
		<buildingScore value='2375'/>
		<razingScore value='4560'/>
		<mineralScore value='15462'/>
		<gasScore value='1864'/>
		<totalScore value='54936'/>
	</player>

	<enemy>
		<race value='Zerg'/>
		<unitScore value='8900'/>
		<unitScore value='8900'/>
		<killScore value='10250'/>
		<buildingScore value='1520'/>
		<razingScore value='0'/>
		<mineralScore value='8626'/>
		<gasScore value='2432'/>
		<totalScore value='31728'/>
	</enemy>

	<scoreRatio value='1.73147'/>
	<timeFitness value='0.818472'/>
	<unitsAverage value='66'/>
</results>
