<results>
	<result value='win'/>
	<start value='2015-05-01.18:03:58'/>
	<end value='2015-05-01.18:04:23'/>
	<frames value='23252'/>
	<gameDuration value='1453'/>

	<player>
		<unitScore value='15300'/>
		<killScore value='24360'/>
		<buildingScore value='3550'/>
		<razingScore value='4560'/>
		<mineralScore value='18894'/>
		<gasScore value='2072'/>
		<totalScore value='68736'/>
	</player>

	<enemy>
		<race value='Zerg'/>
		<unitScore value='10350'/>
		<unitScore value='10350'/>
		<killScore value='11500'/>
		<buildingScore value='1520'/>
		<razingScore value='0'/>
		<mineralScore value='9002'/>
		<gasScore value='2496'/>
		<totalScore value='34868'/>
	</enemy>

	<scoreRatio value='1.97132'/>
	<timeFitness value='0.798194'/>
	<unitsAverage value='77'/>
</results>
