<results>
	<result value='win'/>
	<start value='2015-05-01.18:11:53'/>
	<end value='2015-05-01.18:13:09'/>
	<frames value='41976'/>
	<gameDuration value='2623'/>

	<player>
		<unitScore value='20750'/>
		<killScore value='24830'/>
		<buildingScore value='5000'/>
		<razingScore value='7680'/>
		<mineralScore value='28218'/>
		<gasScore value='4368'/>
		<totalScore value='90846'/>
	</player>

	<enemy>
		<race value='Zerg'/>
		<unitScore value='10825'/>
		<unitScore value='10825'/>
		<killScore value='17000'/>
		<buildingScore value='2560'/>
		<razingScore value='150'/>
		<mineralScore value='11622'/>
		<gasScore value='3120'/>
		<totalScore value='45277'/>
	</enemy>

	<scoreRatio value='2.00645'/>
	<timeFitness value='0.635694'/>
	<unitsAverage value='125'/>
</results>
