<results>
	<result value='win'/>
	<start value='2015-04-16.14:31:55'/>
	<end value='2015-04-16.14:32:34'/>
	<frames value='24151'/>
	<gameDuration value='1509'/>

	<player>
		<unitScore value='15350'/>
		<killScore value='11400'/>
		<buildingScore value='3700'/>
		<razingScore value='12375'/>
		<mineralScore value='22538'/>
		<gasScore value='2832'/>
		<totalScore value='68195'/>
	</player>

	<enemy>
		<race value='Protoss'/>
		<unitScore value='5700'/>
		<unitScore value='5700'/>
		<killScore value='11500'/>
		<buildingScore value='4125'/>
		<razingScore value='0'/>
		<mineralScore value='16066'/>
		<gasScore value='968'/>
		<totalScore value='38359'/>
	</enemy>

	<scoreRatio value='1.77781'/>
</results>
