<results>
	<result value='win'/>
	<start value='2015-04-29.16:06:56'/>
	<end value='2015-04-29.16:07:32'/>
	<frames value='26507'/>
	<gameDuration value='1656'/>

	<player>
		<unitScore value='15075'/>
		<killScore value='20365'/>
		<buildingScore value='3400'/>
		<razingScore value='5970'/>
		<mineralScore value='20038'/>
		<gasScore value='1392'/>
		<totalScore value='66240'/>
	</player>

	<enemy>
		<race value='Zerg'/>
		<unitScore value='9675'/>
		<unitScore value='9675'/>
		<killScore value='12600'/>
		<buildingScore value='1990'/>
		<razingScore value='0'/>
		<mineralScore value='9914'/>
		<gasScore value='3368'/>
		<totalScore value='37547'/>
	</enemy>

	<scoreRatio value='1.76419'/>
</results>
