<results>
	<result value='win'/>
	<start value='2015-04-26.20:45:53'/>
	<end value='2015-04-26.20:46:21'/>
	<frames value='29855'/>
	<gameDuration value='1865'/>

	<player>
		<unitScore value='17000'/>
		<killScore value='26950'/>
		<buildingScore value='4225'/>
		<razingScore value='12075'/>
		<mineralScore value='24362'/>
		<gasScore value='2408'/>
		<totalScore value='87020'/>
	</player>

	<enemy>
		<race value='Terran'/>
		<unitScore value='14275'/>
		<unitScore value='14275'/>
		<killScore value='14650'/>
		<buildingScore value='4025'/>
		<razingScore value='2250'/>
		<mineralScore value='12998'/>
		<gasScore value='5840'/>
		<totalScore value='54038'/>
	</enemy>

	<scoreRatio value='1.61035'/>
</results>
