<results>
	<result value='loss'/>
	<start value='2015-04-26.20:47:00'/>
	<end value='2015-04-26.20:47:08'/>
	<frames value='16959'/>
	<gameDuration value='1059'/>

	<player>
		<unitScore value='1950'/>
		<killScore value='600'/>
		<buildingScore value='1525'/>
		<razingScore value='0'/>
		<mineralScore value='3522'/>
		<gasScore value='1048'/>
		<totalScore value='8645'/>
	</player>

	<enemy>
		<race value='Terran'/>
		<unitScore value='5950'/>
		<unitScore value='5950'/>
		<killScore value='3900'/>
		<buildingScore value='1950'/>
		<razingScore value='4575'/>
		<mineralScore value='7794'/>
		<gasScore value='2472'/>
		<totalScore value='26641'/>
	</enemy>

	<scoreRatio value='0.3245'/>
</results>
