<results>
	<result value='win'/>
	<start value='2015-04-26.20:47:11'/>
	<end value='2015-04-26.20:47:34'/>
	<frames value='26817'/>
	<gameDuration value='1676'/>

	<player>
		<unitScore value='11900'/>
		<killScore value='20950'/>
		<buildingScore value='3500'/>
		<razingScore value='8700'/>
		<mineralScore value='17162'/>
		<gasScore value='1928'/>
		<totalScore value='64140'/>
	</player>

	<enemy>
		<race value='Terran'/>
		<unitScore value='10475'/>
		<unitScore value='10475'/>
		<killScore value='9200'/>
		<buildingScore value='2900'/>
		<razingScore value='600'/>
		<mineralScore value='10842'/>
		<gasScore value='4152'/>
		<totalScore value='38169'/>
	</enemy>

	<scoreRatio value='1.68042'/>
</results>
