<results>
	<result value='win'/>
	<start value='2015-04-26.20:51:35'/>
	<end value='2015-04-26.20:52:21'/>
	<frames value='39031'/>
	<gameDuration value='2439'/>

	<player>
		<unitScore value='18175'/>
		<killScore value='24750'/>
		<buildingScore value='4650'/>
		<razingScore value='8775'/>
		<mineralScore value='29350'/>
		<gasScore value='3904'/>
		<totalScore value='89604'/>
	</player>

	<enemy>
		<race value='Terran'/>
		<unitScore value='13875'/>
		<unitScore value='13875'/>
		<killScore value='10350'/>
		<buildingScore value='2925'/>
		<razingScore value='1500'/>
		<mineralScore value='12026'/>
		<gasScore value='5080'/>
		<totalScore value='45756'/>
	</enemy>

	<scoreRatio value='1.9583'/>
</results>
