<results>
	<result value='loss'/>
	<start value='2015-04-26.20:52:24'/>
	<end value='2015-04-26.20:52:35'/>
	<frames value='20648'/>
	<gameDuration value='1290'/>

	<player>
		<unitScore value='4000'/>
		<killScore value='3550'/>
		<buildingScore value='1800'/>
		<razingScore value='0'/>
		<mineralScore value='6090'/>
		<gasScore value='984'/>
		<totalScore value='16424'/>
	</player>

	<enemy>
		<race value='Terran'/>
		<unitScore value='8200'/>
		<unitScore value='8200'/>
		<killScore value='8000'/>
		<buildingScore value='2850'/>
		<razingScore value='5400'/>
		<mineralScore value='9738'/>
		<gasScore value='3672'/>
		<totalScore value='37860'/>
	</enemy>

	<scoreRatio value='0.433809'/>
</results>
