<results>
	<result value='win'/>
	<start value='2015-05-10.19:27:20'/>
	<end value='2015-05-10.19:27:46'/>
	<frames value='28832'/>
	<gameDuration value='1802'/>

	<player>
		<unitScore value='18775'/>
		<killScore value='28895'/>
		<buildingScore value='3750'/>
		<razingScore value='6495'/>
		<mineralScore value='27882'/>
		<gasScore value='2736'/>
		<totalScore value='88533'/>
	</player>

	<enemy>
		<race value='Zerg'/>
		<unitScore value='13050'/>
		<unitScore value='13050'/>
		<killScore value='16800'/>
		<buildingScore value='2165'/>
		<razingScore value='0'/>
		<mineralScore value='12530'/>
		<gasScore value='4096'/>
		<totalScore value='48641'/>
	</enemy>

	<scoreRatio value='1.82013'/>
	<timeFitness value='0.749722'/>
	<unitsAverage value='101'/>
</results>
