<results>
	<result value='win'/>
	<start value='2015-04-29.18:47:41'/>
	<end value='2015-04-29.18:48:16'/>
	<frames value='32986'/>
	<gameDuration value='2061'/>

	<player>
		<unitScore value='21650'/>
		<killScore value='29300'/>
		<buildingScore value='4400'/>
		<razingScore value='8100'/>
		<mineralScore value='28850'/>
		<gasScore value='2592'/>
		<totalScore value='94892'/>
	</player>

	<enemy>
		<race value='Terran'/>
		<unitScore value='14650'/>
		<unitScore value='14650'/>
		<killScore value='25050'/>
		<buildingScore value='2700'/>
		<razingScore value='1725'/>
		<mineralScore value='12090'/>
		<gasScore value='5206'/>
		<totalScore value='61421'/>
	</enemy>

	<scoreRatio value='1.54494'/>
	<timeFitness value='0.71375'/>
	<unitsAverage value='84'/>
</results>
