<results>
	<result value='win'/>
	<start value='2015-05-08.06:11:59'/>
	<end value='2015-05-08.06:12:16'/>
	<frames value='22229'/>
	<gameDuration value='1389'/>

	<player>
		<unitScore value='9650'/>
		<killScore value='14400'/>
		<buildingScore value='3600'/>
		<razingScore value='6450'/>
		<mineralScore value='15862'/>
		<gasScore value='1896'/>
		<totalScore value='51858'/>
	</player>

	<enemy>
		<race value='Terran'/>
		<unitScore value='7200'/>
		<unitScore value='7200'/>
		<killScore value='5650'/>
		<buildingScore value='2150'/>
		<razingScore value='1575'/>
		<mineralScore value='8826'/>
		<gasScore value='2976'/>
		<totalScore value='28377'/>
	</enemy>

	<scoreRatio value='1.82747'/>
	<timeFitness value='0.807083'/>
	<unitsAverage value='62'/>
</results>
