<results>
	<result value='loss'/>
	<start value='2015-05-08.06:13:53'/>
	<end value='2015-05-08.06:14:04'/>
	<frames value='19842'/>
	<gameDuration value='1240'/>

	<player>
		<unitScore value='5675'/>
		<killScore value='2050'/>
		<buildingScore value='2200'/>
		<razingScore value='0'/>
		<mineralScore value='8098'/>
		<gasScore value='968'/>
		<totalScore value='18991'/>
	</player>

	<enemy>
		<race value='Terran'/>
		<unitScore value='7700'/>
		<unitScore value='7700'/>
		<killScore value='11350'/>
		<buildingScore value='3050'/>
		<razingScore value='6600'/>
		<mineralScore value='9338'/>
		<gasScore value='3640'/>
		<totalScore value='41678'/>
	</enemy>

	<scoreRatio value='0.45566'/>
	<timeFitness value='0.172222'/>
	<unitsAverage value='33'/>
</results>
