<results>
	<result value='win'/>
	<start value='2015-05-04.20:42:11'/>
	<end value='2015-05-04.20:43:02'/>
	<frames value='37729'/>
	<gameDuration value='2358'/>

	<player>
		<unitScore value='18575'/>
		<killScore value='33100'/>
		<buildingScore value='5400'/>
		<razingScore value='9900'/>
		<mineralScore value='33854'/>
		<gasScore value='5392'/>
		<totalScore value='106221'/>
	</player>

	<enemy>
		<race value='Terran'/>
		<unitScore value='17350'/>
		<unitScore value='17350'/>
		<killScore value='17300'/>
		<buildingScore value='3300'/>
		<razingScore value='5025'/>
		<mineralScore value='19474'/>
		<gasScore value='5266'/>
		<totalScore value='67715'/>
	</enemy>

	<scoreRatio value='1.56865'/>
	<timeFitness value='0.6725'/>
	<unitsAverage value='94'/>
</results>
