<results>
	<result value='loss'/>
	<start value='2015-05-04.20:47:49'/>
	<end value='2015-05-04.20:48:03'/>
	<frames value='19811'/>
	<gameDuration value='1238'/>

	<player>
		<unitScore value='3650'/>
		<killScore value='1900'/>
		<buildingScore value='2400'/>
		<razingScore value='0'/>
		<mineralScore value='5898'/>
		<gasScore value='808'/>
		<totalScore value='14656'/>
	</player>

	<enemy>
		<race value='Terran'/>
		<unitScore value='7400'/>
		<unitScore value='7400'/>
		<killScore value='7300'/>
		<buildingScore value='2800'/>
		<razingScore value='7200'/>
		<mineralScore value='9826'/>
		<gasScore value='3152'/>
		<totalScore value='37678'/>
	</enemy>

	<scoreRatio value='0.38898'/>
	<timeFitness value='0.171944'/>
	<unitsAverage value='25'/>
</results>
