<results>
	<result value='draw'/>
	<start value='2015-05-04.20:57:40'/>
	<end value='2015-05-04.20:59:18'/>
	<frames value='57601'/>
	<gameDuration value='3600'/>

	<player>
		<unitScore value='24825'/>
		<killScore value='24100'/>
		<buildingScore value='5700'/>
		<razingScore value='4575'/>
		<mineralScore value='48222'/>
		<gasScore value='1472'/>
		<totalScore value='108894'/>
	</player>

	<enemy>
		<race value='Terran'/>
		<unitScore value='13000'/>
		<unitScore value='13000'/>
		<killScore value='26650'/>
		<buildingScore value='3775'/>
		<razingScore value='6075'/>
		<mineralScore value='13090'/>
		<gasScore value='5222'/>
		<totalScore value='67812'/>
	</enemy>

	<scoreRatio value='1.60582'/>
	<timeFitness value='0.5'/>
	<unitsAverage value='110'/>
</results>
