<results>
	<result value='win'/>
	<start value='2015-05-11.03:29:35'/>
	<end value='2015-05-11.03:30:09'/>
	<frames value='24864'/>
	<gameDuration value='1554'/>

	<player>
		<unitScore value='13850'/>
		<killScore value='22400'/>
		<buildingScore value='3625'/>
		<razingScore value='5280'/>
		<mineralScore value='19034'/>
		<gasScore value='2056'/>
		<totalScore value='66245'/>
	</player>

	<enemy>
		<race value='Zerg'/>
		<unitScore value='9575'/>
		<unitScore value='9575'/>
		<killScore value='7900'/>
		<buildingScore value='1760'/>
		<razingScore value='0'/>
		<mineralScore value='9866'/>
		<gasScore value='3672'/>
		<totalScore value='32773'/>
	</enemy>

	<scoreRatio value='2.02133'/>
	<timeFitness value='0.784167'/>
	<unitsAverage value='84'/>
</results>
