<results>
	<result value='win'/>
	<start value='2014-07-07.02:22:06'/>
	<end value='2014-07-07.02:22:41'/>
	<frames value='34598'/>
	<gameDuration value='2162'/>

	<player>
		<unitScore value='22300'/>
		<killScore value='28800'/>
		<buildingScore value='4675'/>
		<razingScore value='9975'/>
		<mineralScore value='32762'/>
		<gasScore value='3152'/>
		<totalScore value='101664'/>
	</player>

	<enemy>
		<race value='Terran'/>
		<unitScore value='14700'/>
		<unitScore value='14700'/>
		<killScore value='21000'/>
		<buildingScore value='3325'/>
		<razingScore value='1500'/>
		<mineralScore value='12858'/>
		<gasScore value='5548'/>
		<totalScore value='58931'/>
	</enemy>

	<scoreRatio value='1.72514'/>
</results>
