<results>
	<result value='loss'/>
	<start value='2014-07-07.02:27:05'/>
	<end value='2014-07-07.02:27:17'/>
	<frames value='24244'/>
	<gameDuration value='1515'/>

	<player>
		<unitScore value='5775'/>
		<killScore value='7150'/>
		<buildingScore value='2975'/>
		<razingScore value='0'/>
		<mineralScore value='9274'/>
		<gasScore value='1608'/>
		<totalScore value='26782'/>
	</player>

	<enemy>
		<race value='Terran'/>
		<unitScore value='10225'/>
		<unitScore value='10225'/>
		<killScore value='11550'/>
		<buildingScore value='3500'/>
		<razingScore value='8925'/>
		<mineralScore value='11978'/>
		<gasScore value='5168'/>
		<totalScore value='51346'/>
	</enemy>

	<scoreRatio value='0.521599'/>
</results>
