<results>
	<result value='loss'/>
	<start value='2015-07-18.03:00:24'/>
	<end value='2015-07-18.03:00:46'/>
	<frames value='23686'/>
	<gameDuration value='1480'/>

	<player>
		<unitScore value='8600'/>
		<killScore value='5400'/>
		<buildingScore value='1750'/>
		<razingScore value='0'/>
		<mineralScore value='9930'/>
		<gasScore value='1560'/>
		<totalScore value='27240'/>
	</player>

	<enemy>
		<race value='Terran'/>
		<unitScore value='10000'/>
		<killScore value='16750'/>
		<buildingScore value='3900'/>
		<razingScore value='5250'/>
		<mineralScore value='11378'/>
		<gasScore value='5008'/>
		<totalScore value='52286'/>
	</enemy>

	<scoreRatio value='0.520981'/>
	<timeFitness value='0.205556'/>
	<unitsAverage value='34'/>
</results>
