<results>
	<result value='loss'/>
	<start value='2015-07-11.15:55:47'/>
	<end value='2015-07-11.15:55:52'/>
	<frames value='12495'/>
	<gameDuration value='780'/>

	<player>
		<unitScore value='1675'/>
		<killScore value='0'/>
		<buildingScore value='1200'/>
		<razingScore value='0'/>
		<mineralScore value='2498'/>
		<gasScore value='488'/>
		<totalScore value='5861'/>
	</player>

	<enemy>
		<race value='Protoss'/>
		<unitScore value='3500'/>
		<killScore value='3350'/>
		<buildingScore value='1975'/>
		<razingScore value='3600'/>
		<mineralScore value='6178'/>
		<gasScore value='1064'/>
		<totalScore value='19667'/>
	</enemy>

	<scoreRatio value='0.298012'/>
	<timeFitness value='0.108333'/>
	<unitsAverage value='15'/>
</results>
