<results>
	<result value='win'/>
	<start value='2015-04-11.07:51:48'/>
	<end value='2015-04-11.07:53:08'/>
	<frames value='39868'/>
	<gameDuration value='2491'/>

	<player>
		<unitScore value='29550'/>
		<killScore value='22600'/>
		<buildingScore value='4575'/>
		<razingScore value='18225'/>
		<mineralScore value='34562'/>
		<gasScore value='3592'/>
		<totalScore value='113104'/>
	</player>

	<enemy>
		<race value='Protoss'/>
		<unitScore value='12550'/>
		<unitScore value='12550'/>
		<killScore value='34450'/>
		<buildingScore value='6075'/>
		<razingScore value='450'/>
		<mineralScore value='17778'/>
		<gasScore value='5696'/>
		<totalScore value='76999'/>
	</enemy>

	<scoreRatio value='1.4689'/>
</results>
