<results>
	<result value='draw'/>
	<start value='2015-07-13.04:12:35'/>
	<end value='2015-07-13.04:13:38'/>
	<frames value='57601'/>
	<gameDuration value='3600'/>

	<player>
		<unitScore value='33375'/>
		<killScore value='22350'/>
		<buildingScore value='4125'/>
		<razingScore value='2700'/>
		<mineralScore value='38574'/>
		<gasScore value='8404'/>
		<totalScore value='109528'/>
	</player>

	<enemy>
		<race value='Protoss'/>
		<unitScore value='21075'/>
		<killScore value='62600'/>
		<buildingScore value='7725'/>
		<razingScore value='8625'/>
		<mineralScore value='24426'/>
		<gasScore value='10486'/>
		<totalScore value='134937'/>
	</enemy>

	<scoreRatio value='0.811697'/>
	<timeFitness value='0.5'/>
	<unitsAverage value='69'/>
</results>
