<results>
	<result value='win'/>
	<start value='2015-05-02.19:41:55'/>
	<end value='2015-05-02.19:42:22'/>
	<frames value='25267'/>
	<gameDuration value='1579'/>

	<player>
		<unitScore value='15100'/>
		<killScore value='20360'/>
		<buildingScore value='3575'/>
		<razingScore value='5850'/>
		<mineralScore value='21618'/>
		<gasScore value='1888'/>
		<totalScore value='68391'/>
	</player>

	<enemy>
		<race value='Zerg'/>
		<unitScore value='9800'/>
		<unitScore value='9800'/>
		<killScore value='11950'/>
		<buildingScore value='1950'/>
		<razingScore value='0'/>
		<mineralScore value='9426'/>
		<gasScore value='2456'/>
		<totalScore value='35582'/>
	</enemy>

	<scoreRatio value='1.92207'/>
	<timeFitness value='0.780694'/>
	<unitsAverage value='87'/>
</results>
