<results>
	<result value='win'/>
	<start value='2015-05-02.11:51:42'/>
	<end value='2015-05-02.11:52:05'/>
	<frames value='23128'/>
	<gameDuration value='1445'/>

	<player>
		<unitScore value='14850'/>
		<killScore value='26285'/>
		<buildingScore value='3650'/>
		<razingScore value='4920'/>
		<mineralScore value='19470'/>
		<gasScore value='2120'/>
		<totalScore value='71295'/>
	</player>

	<enemy>
		<race value='Zerg'/>
		<unitScore value='10950'/>
		<unitScore value='10950'/>
		<killScore value='13200'/>
		<buildingScore value='1640'/>
		<razingScore value='0'/>
		<mineralScore value='10666'/>
		<gasScore value='2800'/>
		<totalScore value='39256'/>
	</enemy>

	<scoreRatio value='1.81616'/>
	<timeFitness value='0.799306'/>
	<unitsAverage value='77'/>
</results>
