<results>
	<result value='loss'/>
	<start value='2015-05-10.20:49:49'/>
	<end value='2015-05-10.20:50:45'/>
	<frames value='45975'/>
	<gameDuration value='2873'/>

	<player>
		<unitScore value='22375'/>
		<killScore value='31100'/>
		<buildingScore value='2700'/>
		<razingScore value='750'/>
		<mineralScore value='23702'/>
		<gasScore value='3224'/>
		<totalScore value='83851'/>
	</player>

	<enemy>
		<race value='Protoss'/>
		<unitScore value='35600'/>
		<unitScore value='35600'/>
		<killScore value='44750'/>
		<buildingScore value='7725'/>
		<razingScore value='8100'/>
		<mineralScore value='32174'/>
		<gasScore value='12424'/>
		<totalScore value='140773'/>
	</enemy>

	<scoreRatio value='0.595647'/>
	<timeFitness value='0.399028'/>
	<unitsAverage value='64'/>
</results>
