<results>
	<result value='win'/>
	<start value='2015-05-03.18:52:34'/>
	<end value='2015-05-03.18:53:30'/>
	<frames value='42224'/>
	<gameDuration value='2639'/>

	<player>
		<unitScore value='20700'/>
		<killScore value='22750'/>
		<buildingScore value='5350'/>
		<razingScore value='8325'/>
		<mineralScore value='33826'/>
		<gasScore value='3696'/>
		<totalScore value='94647'/>
	</player>

	<enemy>
		<race value='Terran'/>
		<unitScore value='11375'/>
		<unitScore value='11375'/>
		<killScore value='16500'/>
		<buildingScore value='2775'/>
		<razingScore value='4500'/>
		<mineralScore value='12338'/>
		<gasScore value='4080'/>
		<totalScore value='51568'/>
	</enemy>

	<scoreRatio value='1.83538'/>
	<timeFitness value='0.633472'/>
	<unitsAverage value='94'/>
</results>
