<results>
	<result value='win'/>
	<start value='2015-05-09.07:05:54'/>
	<end value='2015-05-09.07:06:04'/>
	<frames value='18199'/>
	<gameDuration value='1137'/>

	<player>
		<unitScore value='6825'/>
		<killScore value='10650'/>
		<buildingScore value='2300'/>
		<razingScore value='4200'/>
		<mineralScore value='9514'/>
		<gasScore value='1168'/>
		<totalScore value='34657'/>
	</player>

	<enemy>
		<race value='Terran'/>
		<unitScore value='5325'/>
		<unitScore value='5325'/>
		<killScore value='4400'/>
		<buildingScore value='1400'/>
		<razingScore value='1350'/>
		<mineralScore value='8146'/>
		<gasScore value='2160'/>
		<totalScore value='22781'/>
	</enemy>

	<scoreRatio value='1.52131'/>
	<timeFitness value='0.842083'/>
	<unitsAverage value='48'/>
</results>
