<results>
	<result value='loss'/>
	<start value='2015-04-28.11:30:33'/>
	<end value='2015-04-28.11:30:46'/>
	<frames value='18292'/>
	<gameDuration value='1143'/>

	<player>
		<unitScore value='3875'/>
		<killScore value='2700'/>
		<buildingScore value='1950'/>
		<razingScore value='0'/>
		<mineralScore value='5954'/>
		<gasScore value='856'/>
		<totalScore value='15335'/>
	</player>

	<enemy>
		<race value='Terran'/>
		<unitScore value='6175'/>
		<unitScore value='6175'/>
		<killScore value='6200'/>
		<buildingScore value='2800'/>
		<razingScore value='5850'/>
		<mineralScore value='8386'/>
		<gasScore value='2904'/>
		<totalScore value='32315'/>
	</enemy>

	<scoreRatio value='0.474547'/>
</results>
