<results>
	<result value='loss'/>
	<start value='2015-04-28.11:40:15'/>
	<end value='2015-04-28.11:40:28'/>
	<frames value='18044'/>
	<gameDuration value='1127'/>

	<player>
		<unitScore value='4375'/>
		<killScore value='2700'/>
		<buildingScore value='1600'/>
		<razingScore value='0'/>
		<mineralScore value='5850'/>
		<gasScore value='760'/>
		<totalScore value='15285'/>
	</player>

	<enemy>
		<race value='Terran'/>
		<unitScore value='6400'/>
		<unitScore value='6400'/>
		<killScore value='8750'/>
		<buildingScore value='2300'/>
		<razingScore value='4800'/>
		<mineralScore value='8194'/>
		<gasScore value='2856'/>
		<totalScore value='33300'/>
	</enemy>

	<scoreRatio value='0.459009'/>
</results>
