<results>
	<result value='win'/>
	<start value='2015-04-27.11:39:04'/>
	<end value='2015-04-27.11:39:56'/>
	<frames value='38597'/>
	<gameDuration value='2412'/>

	<player>
		<unitScore value='14825'/>
		<killScore value='26500'/>
		<buildingScore value='5225'/>
		<razingScore value='9975'/>
		<mineralScore value='37246'/>
		<gasScore value='4504'/>
		<totalScore value='98275'/>
	</player>

	<enemy>
		<race value='Terran'/>
		<unitScore value='14050'/>
		<unitScore value='14050'/>
		<killScore value='6350'/>
		<buildingScore value='3325'/>
		<razingScore value='1575'/>
		<mineralScore value='13042'/>
		<gasScore value='5824'/>
		<totalScore value='44166'/>
	</enemy>

	<scoreRatio value='2.22513'/>
</results>
