<results>
	<result value='win'/>
	<start value='2015-04-27.11:42:28'/>
	<end value='2015-04-27.11:43:07'/>
	<frames value='36551'/>
	<gameDuration value='2284'/>

	<player>
		<unitScore value='25575'/>
		<killScore value='31950'/>
		<buildingScore value='4825'/>
		<razingScore value='11025'/>
		<mineralScore value='31970'/>
		<gasScore value='5170'/>
		<totalScore value='110515'/>
	</player>

	<enemy>
		<race value='Terran'/>
		<unitScore value='20725'/>
		<unitScore value='20725'/>
		<killScore value='28350'/>
		<buildingScore value='3675'/>
		<razingScore value='2025'/>
		<mineralScore value='16042'/>
		<gasScore value='8208'/>
		<totalScore value='79025'/>
	</enemy>

	<scoreRatio value='1.39848'/>
</results>
