<results>
	<result value='draw'/>
	<start value='2015-05-09.17:31:16'/>
	<end value='2015-05-09.17:32:41'/>
	<frames value='57601'/>
	<gameDuration value='3600'/>

	<player>
		<unitScore value='29875'/>
		<killScore value='55210'/>
		<buildingScore value='4550'/>
		<razingScore value='10050'/>
		<mineralScore value='35134'/>
		<gasScore value='9390'/>
		<totalScore value='144209'/>
	</player>

	<enemy>
		<race value='Protoss'/>
		<unitScore value='32795'/>
		<unitScore value='32795'/>
		<killScore value='47800'/>
		<buildingScore value='6350'/>
		<razingScore value='2475'/>
		<mineralScore value='27894'/>
		<gasScore value='11342'/>
		<totalScore value='128656'/>
	</enemy>

	<scoreRatio value='1.12089'/>
	<timeFitness value='0.5'/>
	<unitsAverage value='144'/>
</results>
