<results>
	<result value='win'/>
	<start value='2015-05-03.15:26:09'/>
	<end value='2015-05-03.15:26:35'/>
	<frames value='36830'/>
	<gameDuration value='2301'/>

	<player>
		<unitScore value='17325'/>
		<killScore value='32000'/>
		<buildingScore value='2350'/>
		<razingScore value='19050'/>
		<mineralScore value='19642'/>
		<gasScore value='2808'/>
		<totalScore value='93175'/>
	</player>

	<enemy>
		<race value='Protoss'/>
		<unitScore value='16225'/>
		<unitScore value='16225'/>
		<killScore value='23500'/>
		<buildingScore value='6350'/>
		<razingScore value='375'/>
		<mineralScore value='20526'/>
		<gasScore value='5008'/>
		<totalScore value='71984'/>
	</enemy>

	<scoreRatio value='1.29438'/>
	<timeFitness value='0.680417'/>
	<unitsAverage value='74'/>
</results>
