<results>
	<result value='draw'/>
	<start value='2015-04-09.11:51:35'/>
	<end value='2015-04-09.11:52:53'/>
	<frames value='57601'/>
	<gameDuration value='3600'/>

	<player>
		<unitScore value='30375'/>
		<killScore value='53700'/>
		<buildingScore value='3075'/>
		<razingScore value='300'/>
		<mineralScore value='31502'/>
		<gasScore value='7772'/>
		<totalScore value='126724'/>
	</player>

	<enemy>
		<race value='Protoss'/>
		<unitScore value='39900'/>
		<unitScore value='39900'/>
		<killScore value='46250'/>
		<buildingScore value='6225'/>
		<razingScore value='150'/>
		<mineralScore value='31550'/>
		<gasScore value='12076'/>
		<totalScore value='136151'/>
	</enemy>

	<scoreRatio value='0.930761'/>
</results>
