<results>
	<result value='draw'/>
	<start value='2015-04-09.11:55:08'/>
	<end value='2015-04-09.11:56:02'/>
	<frames value='57601'/>
	<gameDuration value='3600'/>

	<player>
		<unitScore value='27750'/>
		<killScore value='38750'/>
		<buildingScore value='3300'/>
		<razingScore value='6300'/>
		<mineralScore value='30050'/>
		<gasScore value='6720'/>
		<totalScore value='112870'/>
	</player>

	<enemy>
		<race value='Protoss'/>
		<unitScore value='29050'/>
		<unitScore value='29050'/>
		<killScore value='51650'/>
		<buildingScore value='8675'/>
		<razingScore value='3825'/>
		<mineralScore value='31534'/>
		<gasScore value='10232'/>
		<totalScore value='134966'/>
	</enemy>

	<scoreRatio value='0.836285'/>
</results>
