<results>
	<result value='win'/>
	<start value='2015-05-06.22:25:20'/>
	<end value='2015-05-06.22:25:52'/>
	<frames value='28584'/>
	<gameDuration value='1786'/>

	<player>
		<unitScore value='21650'/>
		<killScore value='22775'/>
		<buildingScore value='3650'/>
		<razingScore value='5820'/>
		<mineralScore value='27898'/>
		<gasScore value='1376'/>
		<totalScore value='83169'/>
	</player>

	<enemy>
		<race value='Zerg'/>
		<unitScore value='10475'/>
		<unitScore value='10475'/>
		<killScore value='27300'/>
		<buildingScore value='1940'/>
		<razingScore value='0'/>
		<mineralScore value='10050'/>
		<gasScore value='3136'/>
		<totalScore value='52901'/>
	</enemy>

	<scoreRatio value='1.57216'/>
	<timeFitness value='0.751944'/>
	<unitsAverage value='99'/>
</results>
