<results>
	<result value='win'/>
	<start value='2015-05-06.22:33:03'/>
	<end value='2015-05-06.22:33:35'/>
	<frames value='28119'/>
	<gameDuration value='1757'/>

	<player>
		<unitScore value='19500'/>
		<killScore value='29060'/>
		<buildingScore value='4450'/>
		<razingScore value='6375'/>
		<mineralScore value='24858'/>
		<gasScore value='1824'/>
		<totalScore value='86067'/>
	</player>

	<enemy>
		<race value='Zerg'/>
		<unitScore value='13175'/>
		<unitScore value='13175'/>
		<killScore value='17550'/>
		<buildingScore value='2125'/>
		<razingScore value='0'/>
		<mineralScore value='12458'/>
		<gasScore value='4208'/>
		<totalScore value='49516'/>
	</enemy>

	<scoreRatio value='1.73817'/>
	<timeFitness value='0.755972'/>
	<unitsAverage value='96'/>
</results>
