<results>
	<result value='win'/>
	<start value='2015-05-06.22:34:13'/>
	<end value='2015-05-06.22:34:39'/>
	<frames value='26321'/>
	<gameDuration value='1645'/>

	<player>
		<unitScore value='17300'/>
		<killScore value='24410'/>
		<buildingScore value='4050'/>
		<razingScore value='6060'/>
		<mineralScore value='21574'/>
		<gasScore value='1888'/>
		<totalScore value='75282'/>
	</player>

	<enemy>
		<race value='Zerg'/>
		<unitScore value='11100'/>
		<unitScore value='11100'/>
		<killScore value='15000'/>
		<buildingScore value='2020'/>
		<razingScore value='0'/>
		<mineralScore value='10922'/>
		<gasScore value='3008'/>
		<totalScore value='42050'/>
	</enemy>

	<scoreRatio value='1.7903'/>
	<timeFitness value='0.771528'/>
	<unitsAverage value='84'/>
</results>
