<results>
	<result value='draw'/>
	<start value='2015-05-06.23:02:59'/>
	<end value='2015-05-06.23:04:49'/>
	<frames value='57601'/>
	<gameDuration value='3600'/>

	<player>
		<unitScore value='31400'/>
		<killScore value='73160'/>
		<buildingScore value='4250'/>
		<razingScore value='4425'/>
		<mineralScore value='34318'/>
		<gasScore value='9524'/>
		<totalScore value='157077'/>
	</player>

	<enemy>
		<race value='Zerg'/>
		<unitScore value='34600'/>
		<unitScore value='34600'/>
		<killScore value='47850'/>
		<buildingScore value='4090'/>
		<razingScore value='1950'/>
		<mineralScore value='28590'/>
		<gasScore value='9114'/>
		<totalScore value='126194'/>
	</enemy>

	<scoreRatio value='1.24473'/>
	<timeFitness value='0.5'/>
	<unitsAverage value='147'/>
</results>
