<results>
	<result value='loss'/>
	<start value='2014-07-04.05:28:48'/>
	<end value='2014-07-04.05:28:55'/>
	<frames value='15254'/>
	<gameDuration value='953'/>

	<player>
		<unitScore value='2500'/>
		<killScore value='1400'/>
		<buildingScore value='1200'/>
		<razingScore value='0'/>
		<mineralScore value='4234'/>
		<gasScore value='672'/>
		<totalScore value='10006'/>
	</player>

	<enemy>
		<race value='Protoss'/>
		<unitScore value='3550'/>
		<unitScore value='3550'/>
		<killScore value='5000'/>
		<buildingScore value='3125'/>
		<razingScore value='3600'/>
		<mineralScore value='8010'/>
		<gasScore value='1504'/>
		<totalScore value='24789'/>
	</enemy>

	<scoreRatio value='0.403647'/>
</results>
