<results>
	<result value='win'/>
	<start value='2014-07-04.05:34:36'/>
	<end value='2014-07-04.05:35:07'/>
	<frames value='28274'/>
	<gameDuration value='1767'/>

	<player>
		<unitScore value='19825'/>
		<killScore value='24200'/>
		<buildingScore value='4550'/>
		<razingScore value='17700'/>
		<mineralScore value='27178'/>
		<gasScore value='3432'/>
		<totalScore value='96885'/>
	</player>

	<enemy>
		<race value='Protoss'/>
		<unitScore value='12750'/>
		<unitScore value='12750'/>
		<killScore value='16350'/>
		<buildingScore value='5900'/>
		<razingScore value='0'/>
		<mineralScore value='17850'/>
		<gasScore value='3088'/>
		<totalScore value='55938'/>
	</enemy>

	<scoreRatio value='1.73201'/>
</results>
