<results>
	<result value='loss'/>
	<start value='2014-07-04.05:36:50'/>
	<end value='2014-07-04.05:36:58'/>
	<frames value='16215'/>
	<gameDuration value='1013'/>

	<player>
		<unitScore value='2975'/>
		<killScore value='1000'/>
		<buildingScore value='1600'/>
		<razingScore value='0'/>
		<mineralScore value='4850'/>
		<gasScore value='920'/>
		<totalScore value='11345'/>
	</player>

	<enemy>
		<race value='Protoss'/>
		<unitScore value='3650'/>
		<unitScore value='3650'/>
		<killScore value='5850'/>
		<buildingScore value='3675'/>
		<razingScore value='4800'/>
		<mineralScore value='8698'/>
		<gasScore value='1448'/>
		<totalScore value='28121'/>
	</enemy>

	<scoreRatio value='0.403435'/>
</results>
