<results>
	<result value='win'/>
	<start value='2015-04-30.08:42:03'/>
	<end value='2015-04-30.08:43:11'/>
	<frames value='35807'/>
	<gameDuration value='2237'/>

	<player>
		<unitScore value='25000'/>
		<killScore value='21660'/>
		<buildingScore value='3850'/>
		<razingScore value='6720'/>
		<mineralScore value='32378'/>
		<gasScore value='248'/>
		<totalScore value='89856'/>
	</player>

	<enemy>
		<race value='Zerg'/>
		<unitScore value='10075'/>
		<unitScore value='10075'/>
		<killScore value='30000'/>
		<buildingScore value='2240'/>
		<razingScore value='0'/>
		<mineralScore value='10170'/>
		<gasScore value='3184'/>
		<totalScore value='55669'/>
	</enemy>

	<scoreRatio value='1.61411'/>
</results>
