<results>
	<result value='loss'/>
	<start value='2015-07-14.05:28:20'/>
	<end value='2015-07-14.05:28:42'/>
	<frames value='29948'/>
	<gameDuration value='1871'/>

	<player>
		<unitScore value='13450'/>
		<killScore value='8600'/>
		<buildingScore value='2725'/>
		<razingScore value='0'/>
		<mineralScore value='12442'/>
		<gasScore value='2608'/>
		<totalScore value='39825'/>
	</player>

	<enemy>
		<race value='Protoss'/>
		<unitScore value='13650'/>
		<killScore value='25400'/>
		<buildingScore value='6925'/>
		<razingScore value='8175'/>
		<mineralScore value='19086'/>
		<gasScore value='6000'/>
		<totalScore value='79236'/>
	</enemy>

	<scoreRatio value='0.502612'/>
	<timeFitness value='0.259861'/>
	<unitsAverage value='52'/>
</results>
