<results>
	<result value='win'/>
	<start value='2015-04-27.01:37:05'/>
	<end value='2015-04-27.01:37:34'/>
	<frames value='33172'/>
	<gameDuration value='2073'/>

	<player>
		<unitScore value='16325'/>
		<killScore value='26700'/>
		<buildingScore value='4675'/>
		<razingScore value='10200'/>
		<mineralScore value='24314'/>
		<gasScore value='4336'/>
		<totalScore value='86550'/>
	</player>

	<enemy>
		<race value='Terran'/>
		<unitScore value='16550'/>
		<unitScore value='16550'/>
		<killScore value='15250'/>
		<buildingScore value='3400'/>
		<razingScore value='3600'/>
		<mineralScore value='14934'/>
		<gasScore value='7080'/>
		<totalScore value='60814'/>
	</enemy>

	<scoreRatio value='1.42319'/>
</results>
