<results>
	<result value='win'/>
	<start value='2015-04-27.01:37:38'/>
	<end value='2015-04-27.01:38:45'/>
	<frames value='41139'/>
	<gameDuration value='2571'/>

	<player>
		<unitScore value='22950'/>
		<killScore value='28000'/>
		<buildingScore value='4925'/>
		<razingScore value='7350'/>
		<mineralScore value='49778'/>
		<gasScore value='4990'/>
		<totalScore value='117993'/>
	</player>

	<enemy>
		<race value='Terran'/>
		<unitScore value='14000'/>
		<unitScore value='14000'/>
		<killScore value='23200'/>
		<buildingScore value='2450'/>
		<razingScore value='2100'/>
		<mineralScore value='12050'/>
		<gasScore value='5298'/>
		<totalScore value='59098'/>
	</enemy>

	<scoreRatio value='1.99656'/>
</results>
