<results>
	<result value='win'/>
	<start value='2015-04-27.01:48:58'/>
	<end value='2015-04-27.01:49:37'/>
	<frames value='38411'/>
	<gameDuration value='2400'/>

	<player>
		<unitScore value='18500'/>
		<killScore value='30050'/>
		<buildingScore value='5025'/>
		<razingScore value='11775'/>
		<mineralScore value='24778'/>
		<gasScore value='2848'/>
		<totalScore value='92976'/>
	</player>

	<enemy>
		<race value='Terran'/>
		<unitScore value='17250'/>
		<unitScore value='17250'/>
		<killScore value='13800'/>
		<buildingScore value='4025'/>
		<razingScore value='2925'/>
		<mineralScore value='13726'/>
		<gasScore value='6968'/>
		<totalScore value='58694'/>
	</enemy>

	<scoreRatio value='1.58408'/>
</results>
