<results>
	<result value='loss'/>
	<start value='2015-05-04.21:43:43'/>
	<end value='2015-05-04.21:43:51'/>
	<frames value='14975'/>
	<gameDuration value='935'/>

	<player>
		<unitScore value='3125'/>
		<killScore value='1000'/>
		<buildingScore value='1575'/>
		<razingScore value='0'/>
		<mineralScore value='5026'/>
		<gasScore value='688'/>
		<totalScore value='11414'/>
	</player>

	<enemy>
		<race value='Protoss'/>
		<unitScore value='3550'/>
		<unitScore value='3550'/>
		<killScore value='6250'/>
		<buildingScore value='2725'/>
		<razingScore value='4725'/>
		<mineralScore value='7802'/>
		<gasScore value='1208'/>
		<totalScore value='26260'/>
	</enemy>

	<scoreRatio value='0.434653'/>
	<timeFitness value='0.129861'/>
	<unitsAverage value='23'/>
</results>
