<results>
	<result value='draw'/>
	<start value='2015-04-14.00:26:41'/>
	<end value='2015-04-14.00:29:41'/>
	<frames value='57601'/>
	<gameDuration value='3600'/>

	<player>
		<unitScore value='26825'/>
		<killScore value='27350'/>
		<buildingScore value='5100'/>
		<razingScore value='7500'/>
		<mineralScore value='44974'/>
		<gasScore value='6960'/>
		<totalScore value='118709'/>
	</player>

	<enemy>
		<race value='Protoss'/>
		<unitScore value='14825'/>
		<unitScore value='14825'/>
		<killScore value='29750'/>
		<buildingScore value='5875'/>
		<razingScore value='450'/>
		<mineralScore value='17914'/>
		<gasScore value='6692'/>
		<totalScore value='75506'/>
	</enemy>

	<scoreRatio value='1.57218'/>
</results>
