<results>
	<result value='loss'/>
	<start value='2015-05-10.01:45:43'/>
	<end value='2015-05-10.01:45:51'/>
	<frames value='15347'/>
	<gameDuration value='959'/>

	<player>
		<unitScore value='3250'/>
		<killScore value='400'/>
		<buildingScore value='1850'/>
		<razingScore value='0'/>
		<mineralScore value='5202'/>
		<gasScore value='344'/>
		<totalScore value='11046'/>
	</player>

	<enemy>
		<race value='Protoss'/>
		<unitScore value='3550'/>
		<unitScore value='3550'/>
		<killScore value='6500'/>
		<buildingScore value='3025'/>
		<razingScore value='5550'/>
		<mineralScore value='7922'/>
		<gasScore value='1456'/>
		<totalScore value='28003'/>
	</enemy>

	<scoreRatio value='0.394458'/>
	<timeFitness value='0.133194'/>
	<unitsAverage value='26'/>
</results>
