<results>
	<result value='loss'/>
	<start value='2015-05-10.01:52:31'/>
	<end value='2015-05-10.01:52:47'/>
	<frames value='28522'/>
	<gameDuration value='1782'/>

	<player>
		<unitScore value='7075'/>
		<killScore value='3900'/>
		<buildingScore value='1950'/>
		<razingScore value='0'/>
		<mineralScore value='9402'/>
		<gasScore value='1568'/>
		<totalScore value='23895'/>
	</player>

	<enemy>
		<race value='Protoss'/>
		<unitScore value='14975'/>
		<unitScore value='14975'/>
		<killScore value='14150'/>
		<buildingScore value='6175'/>
		<razingScore value='5850'/>
		<mineralScore value='18830'/>
		<gasScore value='6976'/>
		<totalScore value='66956'/>
	</enemy>

	<scoreRatio value='0.356876'/>
	<timeFitness value='0.2475'/>
	<unitsAverage value='29'/>
</results>
