<results>
	<result value='win'/>
	<start value='2015-04-29.15:05:48'/>
	<end value='2015-04-29.15:06:25'/>
	<frames value='26538'/>
	<gameDuration value='1658'/>

	<player>
		<unitScore value='17450'/>
		<killScore value='26660'/>
		<buildingScore value='3725'/>
		<razingScore value='5580'/>
		<mineralScore value='23674'/>
		<gasScore value='3176'/>
		<totalScore value='80265'/>
	</player>

	<enemy>
		<race value='Zerg'/>
		<unitScore value='11900'/>
		<unitScore value='11900'/>
		<killScore value='14000'/>
		<buildingScore value='1860'/>
		<razingScore value='0'/>
		<mineralScore value='10698'/>
		<gasScore value='3064'/>
		<totalScore value='41522'/>
	</enemy>

	<scoreRatio value='1.93307'/>
</results>
