<results>
	<result value='win'/>
	<start value='2015-04-29.15:07:58'/>
	<end value='2015-04-29.15:08:36'/>
	<frames value='26786'/>
	<gameDuration value='1674'/>

	<player>
		<unitScore value='19175'/>
		<killScore value='32420'/>
		<buildingScore value='3050'/>
		<razingScore value='5940'/>
		<mineralScore value='23802'/>
		<gasScore value='2144'/>
		<totalScore value='86531'/>
	</player>

	<enemy>
		<race value='Zerg'/>
		<unitScore value='14050'/>
		<unitScore value='14050'/>
		<killScore value='19950'/>
		<buildingScore value='1980'/>
		<razingScore value='0'/>
		<mineralScore value='12786'/>
		<gasScore value='3416'/>
		<totalScore value='52182'/>
	</enemy>

	<scoreRatio value='1.65825'/>
</results>
