<results>
	<result value='win'/>
	<start value='2015-04-29.15:16:34'/>
	<end value='2015-04-29.15:17:09'/>
	<frames value='25298'/>
	<gameDuration value='1581'/>

	<player>
		<unitScore value='16200'/>
		<killScore value='23200'/>
		<buildingScore value='3100'/>
		<razingScore value='6015'/>
		<mineralScore value='22478'/>
		<gasScore value='1816'/>
		<totalScore value='72809'/>
	</player>

	<enemy>
		<race value='Zerg'/>
		<unitScore value='10875'/>
		<unitScore value='10875'/>
		<killScore value='15700'/>
		<buildingScore value='2005'/>
		<razingScore value='0'/>
		<mineralScore value='10818'/>
		<gasScore value='3712'/>
		<totalScore value='43110'/>
	</enemy>

	<scoreRatio value='1.68891'/>
</results>
