<results>
	<result value='win'/>
	<start value='2015-04-29.15:17:47'/>
	<end value='2015-04-29.15:18:19'/>
	<frames value='23593'/>
	<gameDuration value='1474'/>

	<player>
		<unitScore value='14400'/>
		<killScore value='20580'/>
		<buildingScore value='4175'/>
		<razingScore value='5400'/>
		<mineralScore value='22538'/>
		<gasScore value='1880'/>
		<totalScore value='68973'/>
	</player>

	<enemy>
		<race value='Zerg'/>
		<unitScore value='9775'/>
		<unitScore value='9775'/>
		<killScore value='10700'/>
		<buildingScore value='1800'/>
		<razingScore value='0'/>
		<mineralScore value='9826'/>
		<gasScore value='3032'/>
		<totalScore value='35133'/>
	</enemy>

	<scoreRatio value='1.9632'/>
</results>
