<results>
	<result value='win'/>
	<start value='2015-05-02.22:11:56'/>
	<end value='2015-05-02.22:12:28'/>
	<frames value='29638'/>
	<gameDuration value='1852'/>

	<player>
		<unitScore value='21150'/>
		<killScore value='22105'/>
		<buildingScore value='3500'/>
		<razingScore value='5775'/>
		<mineralScore value='30210'/>
		<gasScore value='0'/>
		<totalScore value='82740'/>
	</player>

	<enemy>
		<race value='Zerg'/>
		<unitScore value='10375'/>
		<unitScore value='10375'/>
		<killScore value='29600'/>
		<buildingScore value='1925'/>
		<razingScore value='0'/>
		<mineralScore value='10386'/>
		<gasScore value='3616'/>
		<totalScore value='55902'/>
	</enemy>

	<scoreRatio value='1.48009'/>
	<timeFitness value='0.742778'/>
	<unitsAverage value='90'/>
</results>
