<results>
	<result value='loss'/>
	<start value='2015-05-02.22:14:43'/>
	<end value='2015-05-02.22:14:47'/>
	<frames value='8744'/>
	<gameDuration value='546'/>

	<player>
		<unitScore value='850'/>
		<killScore value='150'/>
		<buildingScore value='650'/>
		<razingScore value='0'/>
		<mineralScore value='1290'/>
		<gasScore value='0'/>
		<totalScore value='2940'/>
	</player>

	<enemy>
		<race value='Zerg'/>
		<unitScore value='1600'/>
		<unitScore value='1600'/>
		<killScore value='1700'/>
		<buildingScore value='980'/>
		<razingScore value='1950'/>
		<mineralScore value='2626'/>
		<gasScore value='184'/>
		<totalScore value='9040'/>
	</enemy>

	<scoreRatio value='0.325221'/>
	<timeFitness value='0.0758333'/>
	<unitsAverage value='8'/>
</results>
