<results>
	<result value='win'/>
	<start value='2015-05-09.18:46:03'/>
	<end value='2015-05-09.18:46:40'/>
	<frames value='33203'/>
	<gameDuration value='2075'/>

	<player>
		<unitScore value='26275'/>
		<killScore value='42295'/>
		<buildingScore value='3975'/>
		<razingScore value='6885'/>
		<mineralScore value='33138'/>
		<gasScore value='3536'/>
		<totalScore value='116104'/>
	</player>

	<enemy>
		<race value='Zerg'/>
		<unitScore value='19525'/>
		<unitScore value='19525'/>
		<killScore value='27900'/>
		<buildingScore value='2295'/>
		<razingScore value='0'/>
		<mineralScore value='16910'/>
		<gasScore value='5624'/>
		<totalScore value='72254'/>
	</enemy>

	<scoreRatio value='1.60689'/>
	<timeFitness value='0.711806'/>
	<unitsAverage value='121'/>
</results>
