<results>
	<result value='loss'/>
	<start value='2015-07-13.21:26:06'/>
	<end value='2015-07-13.21:26:16'/>
	<frames value='16494'/>
	<gameDuration value='1030'/>

	<player>
		<unitScore value='4425'/>
		<killScore value='1200'/>
		<buildingScore value='2175'/>
		<razingScore value='0'/>
		<mineralScore value='5882'/>
		<gasScore value='848'/>
		<totalScore value='14530'/>
	</player>

	<enemy>
		<race value='Protoss'/>
		<unitScore value='3550'/>
		<killScore value='8850'/>
		<buildingScore value='3875'/>
		<razingScore value='6525'/>
		<mineralScore value='8522'/>
		<gasScore value='1624'/>
		<totalScore value='32946'/>
	</enemy>

	<scoreRatio value='0.441025'/>
	<timeFitness value='0.143056'/>
	<unitsAverage value='26'/>
</results>
