<results>
	<result value='loss'/>
	<start value='2015-05-06.14:54:21'/>
	<end value='2015-05-06.14:54:31'/>
	<frames value='18168'/>
	<gameDuration value='1135'/>

	<player>
		<unitScore value='5575'/>
		<killScore value='1800'/>
		<buildingScore value='1775'/>
		<razingScore value='0'/>
		<mineralScore value='7482'/>
		<gasScore value='1176'/>
		<totalScore value='17808'/>
	</player>

	<enemy>
		<race value='Protoss'/>
		<unitScore value='4325'/>
		<unitScore value='4325'/>
		<killScore value='11150'/>
		<buildingScore value='3525'/>
		<razingScore value='5325'/>
		<mineralScore value='9266'/>
		<gasScore value='2216'/>
		<totalScore value='35807'/>
	</enemy>

	<scoreRatio value='0.497333'/>
	<timeFitness value='0.157639'/>
	<unitsAverage value='35'/>
</results>
