<results>
	<result value='win'/>
	<start value='2015-05-06.14:52:43'/>
	<end value='2015-05-06.14:53:12'/>
	<frames value='28584'/>
	<gameDuration value='1786'/>

	<player>
		<unitScore value='19925'/>
		<killScore value='15700'/>
		<buildingScore value='4175'/>
		<razingScore value='14025'/>
		<mineralScore value='28354'/>
		<gasScore value='2440'/>
		<totalScore value='84619'/>
	</player>

	<enemy>
		<race value='Protoss'/>
		<unitScore value='7850'/>
		<unitScore value='7850'/>
		<killScore value='16850'/>
		<buildingScore value='4675'/>
		<razingScore value='0'/>
		<mineralScore value='17330'/>
		<gasScore value='1056'/>
		<totalScore value='47761'/>
	</enemy>

	<scoreRatio value='1.77172'/>
	<timeFitness value='0.751944'/>
	<unitsAverage value='108'/>
</results>
