<results>
	<result value='loss'/>
	<start value='2015-05-06.14:53:26'/>
	<end value='2015-05-06.14:53:50'/>
	<frames value='37512'/>
	<gameDuration value='2344'/>

	<player>
		<unitScore value='16900'/>
		<killScore value='12300'/>
		<buildingScore value='2825'/>
		<razingScore value='900'/>
		<mineralScore value='19546'/>
		<gasScore value='3400'/>
		<totalScore value='55871'/>
	</player>

	<enemy>
		<race value='Protoss'/>
		<unitScore value='21250'/>
		<unitScore value='21250'/>
		<killScore value='33800'/>
		<buildingScore value='7425'/>
		<razingScore value='8475'/>
		<mineralScore value='24762'/>
		<gasScore value='8530'/>
		<totalScore value='104242'/>
	</enemy>

	<scoreRatio value='0.535974'/>
	<timeFitness value='0.325556'/>
	<unitsAverage value='53'/>
</results>
