<results>
	<result value='loss'/>
	<start value='2015-05-06.14:58:09'/>
	<end value='2015-05-06.14:58:35'/>
	<frames value='38597'/>
	<gameDuration value='2412'/>

	<player>
		<unitScore value='18425'/>
		<killScore value='14700'/>
		<buildingScore value='2675'/>
		<razingScore value='0'/>
		<mineralScore value='20554'/>
		<gasScore value='2872'/>
		<totalScore value='59226'/>
	</player>

	<enemy>
		<race value='Protoss'/>
		<unitScore value='26600'/>
		<unitScore value='26600'/>
		<killScore value='36950'/>
		<buildingScore value='7175'/>
		<razingScore value='8025'/>
		<mineralScore value='27098'/>
		<gasScore value='10080'/>
		<totalScore value='115928'/>
	</enemy>

	<scoreRatio value='0.510886'/>
	<timeFitness value='0.335'/>
	<unitsAverage value='60'/>
</results>
