<results>
	<result value='loss'/>
	<start value='2015-05-06.15:00:06'/>
	<end value='2015-05-06.15:00:15'/>
	<frames value='17548'/>
	<gameDuration value='1096'/>

	<player>
		<unitScore value='5825'/>
		<killScore value='1400'/>
		<buildingScore value='1775'/>
		<razingScore value='0'/>
		<mineralScore value='8066'/>
		<gasScore value='1288'/>
		<totalScore value='18354'/>
	</player>

	<enemy>
		<race value='Protoss'/>
		<unitScore value='5250'/>
		<unitScore value='5250'/>
		<killScore value='11750'/>
		<buildingScore value='3175'/>
		<razingScore value='5325'/>
		<mineralScore value='9002'/>
		<gasScore value='2360'/>
		<totalScore value='36862'/>
	</enemy>

	<scoreRatio value='0.497911'/>
	<timeFitness value='0.152222'/>
	<unitsAverage value='36'/>
</results>
