<results>
	<result value='draw'/>
	<start value='2015-05-06.15:02:25'/>
	<end value='2015-05-06.15:03:28'/>
	<frames value='57601'/>
	<gameDuration value='3600'/>

	<player>
		<unitScore value='34175'/>
		<killScore value='31950'/>
		<buildingScore value='4425'/>
		<razingScore value='19800'/>
		<mineralScore value='38562'/>
		<gasScore value='5232'/>
		<totalScore value='134144'/>
	</player>

	<enemy>
		<race value='Protoss'/>
		<unitScore value='16550'/>
		<unitScore value='16550'/>
		<killScore value='45850'/>
		<buildingScore value='8800'/>
		<razingScore value='600'/>
		<mineralScore value='22686'/>
		<gasScore value='9832'/>
		<totalScore value='104318'/>
	</enemy>

	<scoreRatio value='1.28591'/>
	<timeFitness value='0.5'/>
	<unitsAverage value='121'/>
</results>
