<results>
	<result value='win'/>
	<start value='2015-05-06.15:12:51'/>
	<end value='2015-05-06.15:13:35'/>
	<frames value='37171'/>
	<gameDuration value='2323'/>

	<player>
		<unitScore value='29425'/>
		<killScore value='38400'/>
		<buildingScore value='3875'/>
		<razingScore value='21975'/>
		<mineralScore value='32902'/>
		<gasScore value='4672'/>
		<totalScore value='131249'/>
	</player>

	<enemy>
		<race value='Protoss'/>
		<unitScore value='20475'/>
		<unitScore value='20475'/>
		<killScore value='38300'/>
		<buildingScore value='7325'/>
		<razingScore value='0'/>
		<mineralScore value='21202'/>
		<gasScore value='7640'/>
		<totalScore value='94942'/>
	</enemy>

	<scoreRatio value='1.38241'/>
	<timeFitness value='0.677361'/>
	<unitsAverage value='131'/>
</results>
