<results>
	<result value='draw'/>
	<start value='2015-04-26.00:43:57'/>
	<end value='2015-04-26.00:45:05'/>
	<frames value='57601'/>
	<gameDuration value='3600'/>

	<player>
		<unitScore value='28225'/>
		<killScore value='32550'/>
		<buildingScore value='3625'/>
		<razingScore value='150'/>
		<mineralScore value='31534'/>
		<gasScore value='5484'/>
		<totalScore value='101568'/>
	</player>

	<enemy>
		<race value='Terran'/>
		<unitScore value='31500'/>
		<unitScore value='31500'/>
		<killScore value='45600'/>
		<buildingScore value='4775'/>
		<razingScore value='2925'/>
		<mineralScore value='31526'/>
		<gasScore value='12290'/>
		<totalScore value='128616'/>
	</enemy>

	<scoreRatio value='0.7897'/>
</results>
