<results>
	<result value='win'/>
	<start value='2015-04-26.00:48:12'/>
	<end value='2015-04-26.00:48:24'/>
	<frames value='18602'/>
	<gameDuration value='1162'/>

	<player>
		<unitScore value='7175'/>
		<killScore value='12100'/>
		<buildingScore value='2025'/>
		<razingScore value='5250'/>
		<mineralScore value='10034'/>
		<gasScore value='1608'/>
		<totalScore value='38192'/>
	</player>

	<enemy>
		<race value='Terran'/>
		<unitScore value='6050'/>
		<unitScore value='6050'/>
		<killScore value='4750'/>
		<buildingScore value='1750'/>
		<razingScore value='525'/>
		<mineralScore value='7426'/>
		<gasScore value='2288'/>
		<totalScore value='22789'/>
	</enemy>

	<scoreRatio value='1.6759'/>
</results>
