<results>
	<result value='win'/>
	<start value='2015-04-26.00:58:00'/>
	<end value='2015-04-26.00:58:27'/>
	<frames value='36055'/>
	<gameDuration value='2253'/>

	<player>
		<unitScore value='13025'/>
		<killScore value='31300'/>
		<buildingScore value='2725'/>
		<razingScore value='11775'/>
		<mineralScore value='16354'/>
		<gasScore value='3544'/>
		<totalScore value='78723'/>
	</player>

	<enemy>
		<race value='Terran'/>
		<unitScore value='19025'/>
		<unitScore value='19025'/>
		<killScore value='16900'/>
		<buildingScore value='4000'/>
		<razingScore value='2550'/>
		<mineralScore value='17158'/>
		<gasScore value='8032'/>
		<totalScore value='67665'/>
	</enemy>

	<scoreRatio value='1.16342'/>
</results>
