<results>
	<result value='loss'/>
	<start value='2015-04-26.01:03:56'/>
	<end value='2015-04-26.01:04:34'/>
	<frames value='52113'/>
	<gameDuration value='3257'/>

	<player>
		<unitScore value='12075'/>
		<killScore value='23050'/>
		<buildingScore value='2525'/>
		<razingScore value='2700'/>
		<mineralScore value='14898'/>
		<gasScore value='3192'/>
		<totalScore value='58440'/>
	</player>

	<enemy>
		<race value='Terran'/>
		<unitScore value='26350'/>
		<unitScore value='26350'/>
		<killScore value='24150'/>
		<buildingScore value='5425'/>
		<razingScore value='7575'/>
		<mineralScore value='22206'/>
		<gasScore value='12840'/>
		<totalScore value='98546'/>
	</enemy>

	<scoreRatio value='0.593023'/>
</results>
