<results>
	<result value='win'/>
	<start value='2015-04-26.01:12:49'/>
	<end value='2015-04-26.01:13:12'/>
	<frames value='30537'/>
	<gameDuration value='1908'/>

	<player>
		<unitScore value='12025'/>
		<killScore value='20300'/>
		<buildingScore value='2700'/>
		<razingScore value='10350'/>
		<mineralScore value='16194'/>
		<gasScore value='2504'/>
		<totalScore value='64073'/>
	</player>

	<enemy>
		<race value='Terran'/>
		<unitScore value='10150'/>
		<unitScore value='10150'/>
		<killScore value='12550'/>
		<buildingScore value='3450'/>
		<razingScore value='1350'/>
		<mineralScore value='13250'/>
		<gasScore value='4576'/>
		<totalScore value='45326'/>
	</enemy>

	<scoreRatio value='1.4136'/>
</results>
