<results>
	<result value='win'/>
	<start value='2015-04-26.01:13:16'/>
	<end value='2015-04-26.01:14:01'/>
	<frames value='36644'/>
	<gameDuration value='2290'/>

	<player>
		<unitScore value='23400'/>
		<killScore value='30350'/>
		<buildingScore value='4600'/>
		<razingScore value='13425'/>
		<mineralScore value='30802'/>
		<gasScore value='4112'/>
		<totalScore value='106689'/>
	</player>

	<enemy>
		<race value='Terran'/>
		<unitScore value='15975'/>
		<unitScore value='15975'/>
		<killScore value='23350'/>
		<buildingScore value='4475'/>
		<razingScore value='525'/>
		<mineralScore value='14498'/>
		<gasScore value='6548'/>
		<totalScore value='65371'/>
	</enemy>

	<scoreRatio value='1.63205'/>
</results>
