<results>
	<result value='loss'/>
	<start value='2015-05-01.21:37:42'/>
	<end value='2015-05-01.21:38:01'/>
	<frames value='28212'/>
	<gameDuration value='1763'/>

	<player>
		<unitScore value='8100'/>
		<killScore value='13950'/>
		<buildingScore value='1750'/>
		<razingScore value='0'/>
		<mineralScore value='9018'/>
		<gasScore value='1168'/>
		<totalScore value='33986'/>
	</player>

	<enemy>
		<race value='Zerg'/>
		<unitScore value='17775'/>
		<unitScore value='17775'/>
		<killScore value='16200'/>
		<buildingScore value='3345'/>
		<razingScore value='5250'/>
		<mineralScore value='17098'/>
		<gasScore value='5824'/>
		<totalScore value='65492'/>
	</enemy>

	<scoreRatio value='0.518934'/>
	<timeFitness value='0.244861'/>
	<unitsAverage value='33'/>
</results>
