<results>
	<result value='win'/>
	<start value='2015-05-01.21:40:27'/>
	<end value='2015-05-01.21:41:03'/>
	<frames value='28336'/>
	<gameDuration value='1771'/>

	<player>
		<unitScore value='18325'/>
		<killScore value='21130'/>
		<buildingScore value='5300'/>
		<razingScore value='5580'/>
		<mineralScore value='26282'/>
		<gasScore value='2520'/>
		<totalScore value='79137'/>
	</player>

	<enemy>
		<race value='Zerg'/>
		<unitScore value='9775'/>
		<unitScore value='9775'/>
		<killScore value='16850'/>
		<buildingScore value='1860'/>
		<razingScore value='0'/>
		<mineralScore value='10362'/>
		<gasScore value='3400'/>
		<totalScore value='42247'/>
	</enemy>

	<scoreRatio value='1.8732'/>
	<timeFitness value='0.754028'/>
	<unitsAverage value='97'/>
</results>
