<results>
	<result value='win'/>
	<start value='2015-05-03.13:15:38'/>
	<end value='2015-05-03.13:16:30'/>
	<frames value='35776'/>
	<gameDuration value='2236'/>

	<player>
		<unitScore value='18025'/>
		<killScore value='25100'/>
		<buildingScore value='4225'/>
		<razingScore value='9285'/>
		<mineralScore value='28410'/>
		<gasScore value='2400'/>
		<totalScore value='87445'/>
	</player>

	<enemy>
		<race value='Zerg'/>
		<unitScore value='12025'/>
		<unitScore value='12025'/>
		<killScore value='11450'/>
		<buildingScore value='3095'/>
		<razingScore value='3150'/>
		<mineralScore value='13998'/>
		<gasScore value='4344'/>
		<totalScore value='48062'/>
	</enemy>

	<scoreRatio value='1.81942'/>
	<timeFitness value='0.689444'/>
	<unitsAverage value='94'/>
</results>
