<results>
	<result value='loss'/>
	<start value='2015-05-03.13:20:38'/>
	<end value='2015-05-03.13:20:55'/>
	<frames value='26042'/>
	<gameDuration value='1627'/>

	<player>
		<unitScore value='4775'/>
		<killScore value='8475'/>
		<buildingScore value='2275'/>
		<razingScore value='0'/>
		<mineralScore value='6626'/>
		<gasScore value='896'/>
		<totalScore value='23047'/>
	</player>

	<enemy>
		<race value='Zerg'/>
		<unitScore value='14475'/>
		<unitScore value='14475'/>
		<killScore value='9550'/>
		<buildingScore value='3345'/>
		<razingScore value='6825'/>
		<mineralScore value='15466'/>
		<gasScore value='5264'/>
		<totalScore value='54925'/>
	</enemy>

	<scoreRatio value='0.419609'/>
	<timeFitness value='0.225972'/>
	<unitsAverage value='28'/>
</results>
