<results>
	<result value='loss'/>
	<start value='2014-07-09.15:10:17'/>
	<end value='2014-07-09.15:10:53'/>
	<frames value='49261'/>
	<gameDuration value='3078'/>

	<player>
		<unitScore value='23900'/>
		<killScore value='46800'/>
		<buildingScore value='2600'/>
		<razingScore value='4200'/>
		<mineralScore value='24002'/>
		<gasScore value='3952'/>
		<totalScore value='105454'/>
	</player>

	<enemy>
		<race value='Protoss'/>
		<unitScore value='40625'/>
		<unitScore value='40625'/>
		<killScore value='48000'/>
		<buildingScore value='8375'/>
		<razingScore value='7800'/>
		<mineralScore value='35010'/>
		<gasScore value='12008'/>
		<totalScore value='151818'/>
	</enemy>

	<scoreRatio value='0.694608'/>
</results>
