<results>
	<result value='draw'/>
	<start value='2014-07-09.15:10:55'/>
	<end value='2014-07-09.15:12:45'/>
	<frames value='57601'/>
	<gameDuration value='3600'/>

	<player>
		<unitScore value='23575'/>
		<killScore value='15000'/>
		<buildingScore value='4375'/>
		<razingScore value='26625'/>
		<mineralScore value='39574'/>
		<gasScore value='7146'/>
		<totalScore value='116295'/>
	</player>

	<enemy>
		<race value='Protoss'/>
		<unitScore value='7950'/>
		<unitScore value='7950'/>
		<killScore value='21300'/>
		<buildingScore value='9125'/>
		<razingScore value='150'/>
		<mineralScore value='21130'/>
		<gasScore value='3928'/>
		<totalScore value='63583'/>
	</enemy>

	<scoreRatio value='1.82903'/>
</results>
