<results>
	<result value='win'/>
	<start value='2014-07-09.15:16:13'/>
	<end value='2014-07-09.15:16:30'/>
	<frames value='23066'/>
	<gameDuration value='1441'/>

	<player>
		<unitScore value='10250'/>
		<killScore value='11300'/>
		<buildingScore value='2675'/>
		<razingScore value='6375'/>
		<mineralScore value='15454'/>
		<gasScore value='2384'/>
		<totalScore value='48438'/>
	</player>

	<enemy>
		<race value='Protoss'/>
		<unitScore value='5650'/>
		<unitScore value='5650'/>
		<killScore value='5200'/>
		<buildingScore value='2125'/>
		<razingScore value='0'/>
		<mineralScore value='8290'/>
		<gasScore value='1384'/>
		<totalScore value='22649'/>
	</enemy>

	<scoreRatio value='2.13864'/>
</results>
