<results>
	<result value='loss'/>
	<start value='2014-07-09.15:17:42'/>
	<end value='2014-07-09.15:18:04'/>
	<frames value='37450'/>
	<gameDuration value='2340'/>

	<player>
		<unitScore value='10900'/>
		<killScore value='11850'/>
		<buildingScore value='1575'/>
		<razingScore value='600'/>
		<mineralScore value='11834'/>
		<gasScore value='2400'/>
		<totalScore value='39159'/>
	</player>

	<enemy>
		<race value='Protoss'/>
		<unitScore value='22975'/>
		<unitScore value='22975'/>
		<killScore value='21800'/>
		<buildingScore value='7325'/>
		<razingScore value='4725'/>
		<mineralScore value='25010'/>
		<gasScore value='9474'/>
		<totalScore value='91309'/>
	</enemy>

	<scoreRatio value='0.428862'/>
</results>
