<results>
	<result value='win'/>
	<start value='2015-05-08.19:24:12'/>
	<end value='2015-05-08.19:25:01'/>
	<frames value='38008'/>
	<gameDuration value='2375'/>

	<player>
		<unitScore value='21400'/>
		<killScore value='25150'/>
		<buildingScore value='5275'/>
		<razingScore value='9825'/>
		<mineralScore value='29922'/>
		<gasScore value='3800'/>
		<totalScore value='95372'/>
	</player>

	<enemy>
		<race value='Terran'/>
		<unitScore value='12875'/>
		<unitScore value='12875'/>
		<killScore value='19400'/>
		<buildingScore value='3275'/>
		<razingScore value='3300'/>
		<mineralScore value='12050'/>
		<gasScore value='5380'/>
		<totalScore value='56280'/>
	</enemy>

	<scoreRatio value='1.6946'/>
	<timeFitness value='0.670139'/>
	<unitsAverage value='90'/>
</results>
