<results>
	<result value='win'/>
	<start value='2015-05-08.19:26:10'/>
	<end value='2015-05-08.19:26:34'/>
	<frames value='23252'/>
	<gameDuration value='1453'/>

	<player>
		<unitScore value='10050'/>
		<killScore value='16750'/>
		<buildingScore value='3675'/>
		<razingScore value='6900'/>
		<mineralScore value='18046'/>
		<gasScore value='2456'/>
		<totalScore value='57877'/>
	</player>

	<enemy>
		<race value='Terran'/>
		<unitScore value='8375'/>
		<unitScore value='8375'/>
		<killScore value='3500'/>
		<buildingScore value='2300'/>
		<razingScore value='1200'/>
		<mineralScore value='8714'/>
		<gasScore value='2520'/>
		<totalScore value='26609'/>
	</enemy>

	<scoreRatio value='2.17509'/>
	<timeFitness value='0.798194'/>
	<unitsAverage value='71'/>
</results>
