<results>
	<result value='loss'/>
	<start value='2015-05-08.19:38:19'/>
	<end value='2015-05-08.19:38:35'/>
	<frames value='22632'/>
	<gameDuration value='1414'/>

	<player>
		<unitScore value='6225'/>
		<killScore value='4950'/>
		<buildingScore value='1700'/>
		<razingScore value='0'/>
		<mineralScore value='8090'/>
		<gasScore value='1336'/>
		<totalScore value='22301'/>
	</player>

	<enemy>
		<race value='Terran'/>
		<unitScore value='8650'/>
		<unitScore value='8650'/>
		<killScore value='12450'/>
		<buildingScore value='3900'/>
		<razingScore value='5100'/>
		<mineralScore value='11026'/>
		<gasScore value='4816'/>
		<totalScore value='45942'/>
	</enemy>

	<scoreRatio value='0.485416'/>
	<timeFitness value='0.196389'/>
	<unitsAverage value='31'/>
</results>
