<results>
	<result value='loss'/>
	<start value='2015-05-02.16:10:32'/>
	<end value='2015-05-02.16:10:40'/>
	<frames value='17393'/>
	<gameDuration value='1087'/>

	<player>
		<unitScore value='4800'/>
		<killScore value='600'/>
		<buildingScore value='1900'/>
		<razingScore value='0'/>
		<mineralScore value='6898'/>
		<gasScore value='0'/>
		<totalScore value='14198'/>
	</player>

	<enemy>
		<race value='Protoss'/>
		<unitScore value='3800'/>
		<unitScore value='3800'/>
		<killScore value='9600'/>
		<buildingScore value='3925'/>
		<razingScore value='5700'/>
		<mineralScore value='9354'/>
		<gasScore value='1752'/>
		<totalScore value='34131'/>
	</enemy>

	<scoreRatio value='0.415985'/>
	<timeFitness value='0.150972'/>
	<unitsAverage value='26'/>
</results>
