<results>
	<result value='loss'/>
	<start value='2015-05-09.17:25:57'/>
	<end value='2015-05-09.17:26:39'/>
	<frames value='53601'/>
	<gameDuration value='3350'/>

	<player>
		<unitScore value='23675'/>
		<killScore value='44100'/>
		<buildingScore value='2775'/>
		<razingScore value='5550'/>
		<mineralScore value='24458'/>
		<gasScore value='5156'/>
		<totalScore value='105714'/>
	</player>

	<enemy>
		<race value='Protoss'/>
		<unitScore value='38150'/>
		<unitScore value='38150'/>
		<killScore value='47350'/>
		<buildingScore value='8825'/>
		<razingScore value='8325'/>
		<mineralScore value='34914'/>
		<gasScore value='12092'/>
		<totalScore value='149656'/>
	</enemy>

	<scoreRatio value='0.70638'/>
	<timeFitness value='0.465278'/>
	<unitsAverage value='83'/>
</results>
