<results>
	<result value='loss'/>
	<start value='2015-05-02.16:13:43'/>
	<end value='2015-05-02.16:13:50'/>
	<frames value='14758'/>
	<gameDuration value='922'/>

	<player>
		<unitScore value='2775'/>
		<killScore value='600'/>
		<buildingScore value='1825'/>
		<razingScore value='0'/>
		<mineralScore value='4666'/>
		<gasScore value='440'/>
		<totalScore value='10306'/>
	</player>

	<enemy>
		<race value='Protoss'/>
		<unitScore value='3550'/>
		<unitScore value='3550'/>
		<killScore value='5650'/>
		<buildingScore value='2425'/>
		<razingScore value='5475'/>
		<mineralScore value='7378'/>
		<gasScore value='1280'/>
		<totalScore value='25758'/>
	</enemy>

	<scoreRatio value='0.400109'/>
	<timeFitness value='0.128056'/>
	<unitsAverage value='23'/>
</results>
