<results>
	<result value='win'/>
	<start value='2015-05-09.17:32:30'/>
	<end value='2015-05-09.17:32:57'/>
	<frames value='30506'/>
	<gameDuration value='1906'/>

	<player>
		<unitScore value='19275'/>
		<killScore value='16700'/>
		<buildingScore value='3800'/>
		<razingScore value='17775'/>
		<mineralScore value='24970'/>
		<gasScore value='3312'/>
		<totalScore value='85832'/>
	</player>

	<enemy>
		<race value='Protoss'/>
		<unitScore value='9000'/>
		<unitScore value='9000'/>
		<killScore value='16050'/>
		<buildingScore value='5925'/>
		<razingScore value='150'/>
		<mineralScore value='15242'/>
		<gasScore value='4016'/>
		<totalScore value='50383'/>
	</enemy>

	<scoreRatio value='1.70359'/>
	<timeFitness value='0.735278'/>
	<unitsAverage value='94'/>
</results>
