<results>
	<result value='loss'/>
	<start value='2015-05-02.16:17:18'/>
	<end value='2015-05-02.16:17:25'/>
	<frames value='15657'/>
	<gameDuration value='978'/>

	<player>
		<unitScore value='3025'/>
		<killScore value='400'/>
		<buildingScore value='1475'/>
		<razingScore value='0'/>
		<mineralScore value='4770'/>
		<gasScore value='680'/>
		<totalScore value='10350'/>
	</player>

	<enemy>
		<race value='Protoss'/>
		<unitScore value='3550'/>
		<unitScore value='3550'/>
		<killScore value='6150'/>
		<buildingScore value='3475'/>
		<razingScore value='4425'/>
		<mineralScore value='8026'/>
		<gasScore value='1456'/>
		<totalScore value='27082'/>
	</enemy>

	<scoreRatio value='0.382173'/>
	<timeFitness value='0.135833'/>
	<unitsAverage value='23'/>
</results>
