<results>
	<result value='win'/>
	<start value='2015-04-27.16:36:17'/>
	<end value='2015-04-27.16:37:18'/>
	<frames value='36768'/>
	<gameDuration value='2298'/>

	<player>
		<unitScore value='19825'/>
		<killScore value='24800'/>
		<buildingScore value='4375'/>
		<razingScore value='11775'/>
		<mineralScore value='34038'/>
		<gasScore value='3592'/>
		<totalScore value='98405'/>
	</player>

	<enemy>
		<race value='Terran'/>
		<unitScore value='14500'/>
		<unitScore value='14500'/>
		<killScore value='16850'/>
		<buildingScore value='3925'/>
		<razingScore value='2250'/>
		<mineralScore value='13306'/>
		<gasScore value='6000'/>
		<totalScore value='56831'/>
	</enemy>

	<scoreRatio value='1.73154'/>
</results>
