<results>
	<result value='loss'/>
	<start value='2015-04-27.16:39:42'/>
	<end value='2015-04-27.16:40:02'/>
	<frames value='23686'/>
	<gameDuration value='1480'/>

	<player>
		<unitScore value='7800'/>
		<killScore value='4050'/>
		<buildingScore value='2225'/>
		<razingScore value='0'/>
		<mineralScore value='10234'/>
		<gasScore value='1680'/>
		<totalScore value='25989'/>
	</player>

	<enemy>
		<race value='Terran'/>
		<unitScore value='9825'/>
		<unitScore value='9825'/>
		<killScore value='15600'/>
		<buildingScore value='3875'/>
		<razingScore value='6675'/>
		<mineralScore value='11330'/>
		<gasScore value='5256'/>
		<totalScore value='52561'/>
	</enemy>

	<scoreRatio value='0.494454'/>
</results>
