<results>
	<result value='loss'/>
	<start value='2015-07-20.21:02:51'/>
	<end value='2015-07-20.21:03:17'/>
	<frames value='25019'/>
	<gameDuration value='1563'/>

	<player>
		<unitScore value='11050'/>
		<killScore value='5350'/>
		<buildingScore value='2825'/>
		<razingScore value='0'/>
		<mineralScore value='24638'/>
		<gasScore value='1616'/>
		<totalScore value='45479'/>
	</player>

	<enemy>
		<race value='Zerg'/>
		<unitScore value='12350'/>
		<killScore value='22300'/>
		<buildingScore value='2965'/>
		<razingScore value='8475'/>
		<mineralScore value='13922'/>
		<gasScore value='4000'/>
		<totalScore value='64012'/>
	</enemy>

	<scoreRatio value='0.710476'/>
	<timeFitness value='0.217083'/>
	<unitsAverage value='56'/>
</results>
