<results>
	<result value='draw'/>
	<start value='2015-07-20.21:05:20'/>
	<end value='2015-07-20.21:07:04'/>
	<frames value='57601'/>
	<gameDuration value='3600'/>

	<player>
		<unitScore value='45925'/>
		<killScore value='37060'/>
		<buildingScore value='4525'/>
		<razingScore value='1140'/>
		<mineralScore value='38890'/>
		<gasScore value='12948'/>
		<totalScore value='140488'/>
	</player>

	<enemy>
		<race value='Zerg'/>
		<unitScore value='23175'/>
		<killScore value='69400'/>
		<buildingScore value='3110'/>
		<razingScore value='3900'/>
		<mineralScore value='24050'/>
		<gasScore value='6332'/>
		<totalScore value='129967'/>
	</enemy>

	<scoreRatio value='1.08095'/>
	<timeFitness value='0.5'/>
	<unitsAverage value='116'/>
</results>
