<results>
	<result value='win'/>
	<start value='2014-07-11.19:30:51'/>
	<end value='2014-07-11.19:31:08'/>
	<frames value='22942'/>
	<gameDuration value='1433'/>

	<player>
		<unitScore value='12150'/>
		<killScore value='15810'/>
		<buildingScore value='2775'/>
		<razingScore value='6855'/>
		<mineralScore value='16542'/>
		<gasScore value='1736'/>
		<totalScore value='55868'/>
	</player>

	<enemy>
		<race value='Zerg'/>
		<unitScore value='7325'/>
		<unitScore value='7325'/>
		<killScore value='10400'/>
		<buildingScore value='2285'/>
		<razingScore value='150'/>
		<mineralScore value='8210'/>
		<gasScore value='2648'/>
		<totalScore value='31018'/>
	</enemy>

	<scoreRatio value='1.80115'/>
</results>
