<results>
	<result value='win'/>
	<start value='2014-07-04.09:25:06'/>
	<end value='2014-07-04.09:25:44'/>
	<frames value='30940'/>
	<gameDuration value='1933'/>

	<player>
		<unitScore value='20975'/>
		<killScore value='18900'/>
		<buildingScore value='3625'/>
		<razingScore value='13650'/>
		<mineralScore value='30186'/>
		<gasScore value='3056'/>
		<totalScore value='90392'/>
	</player>

	<enemy>
		<race value='Protoss'/>
		<unitScore value='9450'/>
		<unitScore value='9450'/>
		<killScore value='17250'/>
		<buildingScore value='4550'/>
		<razingScore value='0'/>
		<mineralScore value='23038'/>
		<gasScore value='936'/>
		<totalScore value='55224'/>
	</enemy>

	<scoreRatio value='1.63682'/>
</results>
