<results>
	<result value='draw'/>
	<start value='2015-04-16.18:01:04'/>
	<end value='2015-04-16.18:04:07'/>
	<frames value='57601'/>
	<gameDuration value='3600'/>

	<player>
		<unitScore value='27150'/>
		<killScore value='33500'/>
		<buildingScore value='4950'/>
		<razingScore value='18525'/>
		<mineralScore value='42062'/>
		<gasScore value='5256'/>
		<totalScore value='131443'/>
	</player>

	<enemy>
		<race value='Protoss'/>
		<unitScore value='16975'/>
		<unitScore value='16975'/>
		<killScore value='30550'/>
		<buildingScore value='6500'/>
		<razingScore value='450'/>
		<mineralScore value='20578'/>
		<gasScore value='5248'/>
		<totalScore value='80301'/>
	</enemy>

	<scoreRatio value='1.63688'/>
</results>
