<results>
	<result value='loss'/>
	<start value='2015-05-09.17:02:58'/>
	<end value='2015-05-09.17:03:39'/>
	<frames value='50160'/>
	<gameDuration value='3135'/>

	<player>
		<unitScore value='21900'/>
		<killScore value='35750'/>
		<buildingScore value='2850'/>
		<razingScore value='0'/>
		<mineralScore value='23954'/>
		<gasScore value='5006'/>
		<totalScore value='89460'/>
	</player>

	<enemy>
		<race value='Protoss'/>
		<unitScore value='42720'/>
		<unitScore value='42720'/>
		<killScore value='43800'/>
		<buildingScore value='8025'/>
		<razingScore value='8550'/>
		<mineralScore value='34762'/>
		<gasScore value='14310'/>
		<totalScore value='152167'/>
	</enemy>

	<scoreRatio value='0.587907'/>
	<timeFitness value='0.435417'/>
	<unitsAverage value='78'/>
</results>
