<results>
	<result value='loss'/>
	<start value='2015-05-02.15:54:57'/>
	<end value='2015-05-02.15:55:03'/>
	<frames value='15998'/>
	<gameDuration value='999'/>

	<player>
		<unitScore value='3050'/>
		<killScore value='1000'/>
		<buildingScore value='1475'/>
		<razingScore value='0'/>
		<mineralScore value='4890'/>
		<gasScore value='544'/>
		<totalScore value='10959'/>
	</player>

	<enemy>
		<race value='Protoss'/>
		<unitScore value='3600'/>
		<unitScore value='3600'/>
		<killScore value='5600'/>
		<buildingScore value='3475'/>
		<razingScore value='4425'/>
		<mineralScore value='8362'/>
		<gasScore value='1304'/>
		<totalScore value='26766'/>
	</enemy>

	<scoreRatio value='0.409437'/>
	<timeFitness value='0.13875'/>
	<unitsAverage value='22'/>
</results>
