<results>
	<result value='win'/>
	<start value='2015-04-25.02:36:46'/>
	<end value='2015-04-25.02:37:16'/>
	<frames value='28646'/>
	<gameDuration value='1790'/>

	<player>
		<unitScore value='15275'/>
		<killScore value='28050'/>
		<buildingScore value='4675'/>
		<razingScore value='7125'/>
		<mineralScore value='26266'/>
		<gasScore value='2040'/>
		<totalScore value='83431'/>
	</player>

	<enemy>
		<race value='Terran'/>
		<unitScore value='14025'/>
		<unitScore value='14025'/>
		<killScore value='7550'/>
		<buildingScore value='2450'/>
		<razingScore value='1500'/>
		<mineralScore value='11974'/>
		<gasScore value='4624'/>
		<totalScore value='42123'/>
	</enemy>

	<scoreRatio value='1.98065'/>
</results>
