<results>
	<result value='win'/>
	<start value='2015-04-25.02:54:06'/>
	<end value='2015-04-25.02:54:48'/>
	<frames value='40550'/>
	<gameDuration value='2534'/>

	<player>
		<unitScore value='24675'/>
		<killScore value='34350'/>
		<buildingScore value='4550'/>
		<razingScore value='12750'/>
		<mineralScore value='27494'/>
		<gasScore value='3272'/>
		<totalScore value='107091'/>
	</player>

	<enemy>
		<race value='Terran'/>
		<unitScore value='18775'/>
		<unitScore value='18775'/>
		<killScore value='24700'/>
		<buildingScore value='4250'/>
		<razingScore value='3300'/>
		<mineralScore value='15842'/>
		<gasScore value='7750'/>
		<totalScore value='74617'/>
	</enemy>

	<scoreRatio value='1.43521'/>
</results>
