<results>
	<result value='loss'/>
	<start value='2015-07-12.02:14:54'/>
	<end value='2015-07-12.02:15:18'/>
	<frames value='26321'/>
	<gameDuration value='1645'/>

	<player>
		<unitScore value='12100'/>
		<killScore value='5300'/>
		<buildingScore value='2550'/>
		<razingScore value='0'/>
		<mineralScore value='13030'/>
		<gasScore value='1288'/>
		<totalScore value='34268'/>
	</player>

	<enemy>
		<race value='Terran'/>
		<unitScore value='7800'/>
		<killScore value='20600'/>
		<buildingScore value='3200'/>
		<razingScore value='7650'/>
		<mineralScore value='11934'/>
		<gasScore value='4360'/>
		<totalScore value='55544'/>
	</enemy>

	<scoreRatio value='0.616952'/>
	<timeFitness value='0.228472'/>
	<unitsAverage value='48'/>
</results>
