<results>
	<result value='draw'/>
	<start value='2015-07-12.02:17:55'/>
	<end value='2015-07-12.02:21:21'/>
	<frames value='57601'/>
	<gameDuration value='3600'/>

	<player>
		<unitScore value='45850'/>
		<killScore value='40400'/>
		<buildingScore value='4425'/>
		<razingScore value='300'/>
		<mineralScore value='39882'/>
		<gasScore value='6638'/>
		<totalScore value='137495'/>
	</player>

	<enemy>
		<race value='Terran'/>
		<unitScore value='29425'/>
		<killScore value='64450'/>
		<buildingScore value='4000'/>
		<razingScore value='900'/>
		<mineralScore value='19518'/>
		<gasScore value='11102'/>
		<totalScore value='129395'/>
	</enemy>

	<scoreRatio value='1.0626'/>
	<timeFitness value='0.5'/>
	<unitsAverage value='161'/>
</results>
