<results>
	<result value='loss'/>
	<start value='2015-07-12.02:26:52'/>
	<end value='2015-07-12.02:27:24'/>
	<frames value='31529'/>
	<gameDuration value='1970'/>

	<player>
		<unitScore value='16100'/>
		<killScore value='6100'/>
		<buildingScore value='3150'/>
		<razingScore value='0'/>
		<mineralScore value='15974'/>
		<gasScore value='2736'/>
		<totalScore value='44060'/>
	</player>

	<enemy>
		<race value='Terran'/>
		<unitScore value='8375'/>
		<killScore value='30950'/>
		<buildingScore value='2700'/>
		<razingScore value='9450'/>
		<mineralScore value='12050'/>
		<gasScore value='5044'/>
		<totalScore value='68569'/>
	</enemy>

	<scoreRatio value='0.642564'/>
	<timeFitness value='0.273611'/>
	<unitsAverage value='48'/>
</results>
