<results>
	<result value='draw'/>
	<start value='2015-07-12.02:34:56'/>
	<end value='2015-07-12.02:36:16'/>
	<frames value='57601'/>
	<gameDuration value='3600'/>

	<player>
		<unitScore value='27950'/>
		<killScore value='13300'/>
		<buildingScore value='3750'/>
		<razingScore value='150'/>
		<mineralScore value='22358'/>
		<gasScore value='7478'/>
		<totalScore value='74986'/>
	</player>

	<enemy>
		<race value='Terran'/>
		<unitScore value='11975'/>
		<killScore value='45000'/>
		<buildingScore value='3375'/>
		<razingScore value='5325'/>
		<mineralScore value='12042'/>
		<gasScore value='6484'/>
		<totalScore value='84201'/>
	</enemy>

	<scoreRatio value='0.890559'/>
	<timeFitness value='0.5'/>
	<unitsAverage value='78'/>
</results>
