<results>
	<result value='win'/>
	<start value='2015-05-02.17:32:05'/>
	<end value='2015-05-02.17:33:07'/>
	<frames value='31343'/>
	<gameDuration value='1958'/>

	<player>
		<unitScore value='19375'/>
		<killScore value='18000'/>
		<buildingScore value='3075'/>
		<razingScore value='14025'/>
		<mineralScore value='28990'/>
		<gasScore value='3232'/>
		<totalScore value='86697'/>
	</player>

	<enemy>
		<race value='Protoss'/>
		<unitScore value='9000'/>
		<unitScore value='9000'/>
		<killScore value='16750'/>
		<buildingScore value='4675'/>
		<razingScore value='0'/>
		<mineralScore value='17690'/>
		<gasScore value='1064'/>
		<totalScore value='49179'/>
	</enemy>

	<scoreRatio value='1.76289'/>
	<timeFitness value='0.728056'/>
	<unitsAverage value='117'/>
</results>
