<results>
	<result value='loss'/>
	<start value='2015-05-02.17:33:29'/>
	<end value='2015-05-02.17:34:25'/>
	<frames value='44921'/>
	<gameDuration value='2807'/>

	<player>
		<unitScore value='19625'/>
		<killScore value='35200'/>
		<buildingScore value='2650'/>
		<razingScore value='300'/>
		<mineralScore value='21218'/>
		<gasScore value='3272'/>
		<totalScore value='82265'/>
	</player>

	<enemy>
		<race value='Protoss'/>
		<unitScore value='36550'/>
		<unitScore value='36550'/>
		<killScore value='39250'/>
		<buildingScore value='7225'/>
		<razingScore value='7950'/>
		<mineralScore value='32658'/>
		<gasScore value='11886'/>
		<totalScore value='135519'/>
	</enemy>

	<scoreRatio value='0.607037'/>
	<timeFitness value='0.389861'/>
	<unitsAverage value='57'/>
</results>
