<results>
	<result value='loss'/>
	<start value='2015-05-02.17:41:04'/>
	<end value='2015-05-02.17:41:21'/>
	<frames value='17734'/>
	<gameDuration value='1108'/>

	<player>
		<unitScore value='6000'/>
		<killScore value='1800'/>
		<buildingScore value='2325'/>
		<razingScore value='0'/>
		<mineralScore value='8634'/>
		<gasScore value='1504'/>
		<totalScore value='20263'/>
	</player>

	<enemy>
		<race value='Protoss'/>
		<unitScore value='4575'/>
		<unitScore value='4575'/>
		<killScore value='12000'/>
		<buildingScore value='3725'/>
		<razingScore value='6750'/>
		<mineralScore value='9370'/>
		<gasScore value='2512'/>
		<totalScore value='38932'/>
	</enemy>

	<scoreRatio value='0.520472'/>
	<timeFitness value='0.153889'/>
	<unitsAverage value='36'/>
</results>
