<results>
	<result value='draw'/>
	<start value='2015-05-02.17:45:23'/>
	<end value='2015-05-02.17:47:39'/>
	<frames value='57601'/>
	<gameDuration value='3600'/>

	<player>
		<unitScore value='30275'/>
		<killScore value='52160'/>
		<buildingScore value='3075'/>
		<razingScore value='4275'/>
		<mineralScore value='31542'/>
		<gasScore value='8152'/>
		<totalScore value='129479'/>
	</player>

	<enemy>
		<race value='Protoss'/>
		<unitScore value='37430'/>
		<unitScore value='37430'/>
		<killScore value='51000'/>
		<buildingScore value='7100'/>
		<razingScore value='0'/>
		<mineralScore value='31530'/>
		<gasScore value='11536'/>
		<totalScore value='138596'/>
	</enemy>

	<scoreRatio value='0.934219'/>
	<timeFitness value='0.5'/>
	<unitsAverage value='129'/>
</results>
