<results>
	<result value='loss'/>
	<start value='2015-05-02.17:59:18'/>
	<end value='2015-05-02.17:59:33'/>
	<frames value='17176'/>
	<gameDuration value='1073'/>

	<player>
		<unitScore value='3525'/>
		<killScore value='1600'/>
		<buildingScore value='2000'/>
		<razingScore value='0'/>
		<mineralScore value='5786'/>
		<gasScore value='832'/>
		<totalScore value='13743'/>
	</player>

	<enemy>
		<race value='Protoss'/>
		<unitScore value='3600'/>
		<unitScore value='3600'/>
		<killScore value='7050'/>
		<buildingScore value='3975'/>
		<razingScore value='6000'/>
		<mineralScore value='9186'/>
		<gasScore value='1592'/>
		<totalScore value='31403'/>
	</enemy>

	<scoreRatio value='0.437633'/>
	<timeFitness value='0.149028'/>
	<unitsAverage value='26'/>
</results>
