<results>
	<result value='loss'/>
	<start value='2015-04-07.19:49:21'/>
	<end value='2015-04-07.19:49:29'/>
	<frames value='17145'/>
	<gameDuration value='1071'/>

	<player>
		<unitScore value='3000'/>
		<killScore value='1300'/>
		<buildingScore value='1650'/>
		<razingScore value='0'/>
		<mineralScore value='4730'/>
		<gasScore value='536'/>
		<totalScore value='11216'/>
	</player>

	<enemy>
		<race value='Protoss'/>
		<unitScore value='3750'/>
		<unitScore value='3750'/>
		<killScore value='5400'/>
		<buildingScore value='4025'/>
		<razingScore value='4950'/>
		<mineralScore value='8986'/>
		<gasScore value='1832'/>
		<totalScore value='28943'/>
	</enemy>

	<scoreRatio value='0.38752'/>
</results>
