<results>
	<result value='win'/>
	<start value='2015-04-28.19:32:27'/>
	<end value='2015-04-28.19:32:54'/>
	<frames value='22012'/>
	<gameDuration value='1375'/>

	<player>
		<unitScore value='11875'/>
		<killScore value='21620'/>
		<buildingScore value='2750'/>
		<razingScore value='5460'/>
		<mineralScore value='16814'/>
		<gasScore value='1928'/>
		<totalScore value='60447'/>
	</player>

	<enemy>
		<race value='Zerg'/>
		<unitScore value='9800'/>
		<unitScore value='9800'/>
		<killScore value='8300'/>
		<buildingScore value='1820'/>
		<razingScore value='0'/>
		<mineralScore value='9242'/>
		<gasScore value='2528'/>
		<totalScore value='31690'/>
	</enemy>

	<scoreRatio value='1.90745'/>
</results>
