<results>
	<result value='loss'/>
	<start value='2015-04-28.19:45:06'/>
	<end value='2015-04-28.19:45:28'/>
	<frames value='22198'/>
	<gameDuration value='1387'/>

	<player>
		<unitScore value='4950'/>
		<killScore value='3750'/>
		<buildingScore value='2850'/>
		<razingScore value='900'/>
		<mineralScore value='15338'/>
		<gasScore value='0'/>
		<totalScore value='27788'/>
	</player>

	<enemy>
		<race value='Zerg'/>
		<unitScore value='7925'/>
		<unitScore value='7925'/>
		<killScore value='9600'/>
		<buildingScore value='2285'/>
		<razingScore value='8550'/>
		<mineralScore value='9386'/>
		<gasScore value='2984'/>
		<totalScore value='40730'/>
	</enemy>

	<scoreRatio value='0.682249'/>
</results>
