<results>
	<result value='win'/>
	<start value='2015-07-11.19:34:36'/>
	<end value='2015-07-11.19:35:33'/>
	<frames value='41759'/>
	<gameDuration value='2609'/>

	<player>
		<unitScore value='28400'/>
		<killScore value='24150'/>
		<buildingScore value='4675'/>
		<razingScore value='7950'/>
		<mineralScore value='26782'/>
		<gasScore value='5424'/>
		<totalScore value='97381'/>
	</player>

	<enemy>
		<race value='Terran'/>
		<unitScore value='13375'/>
		<killScore value='34300'/>
		<buildingScore value='2650'/>
		<razingScore value='3450'/>
		<mineralScore value='12010'/>
		<gasScore value='5060'/>
		<totalScore value='70845'/>
	</enemy>

	<scoreRatio value='1.37456'/>
	<timeFitness value='0.637639'/>
	<unitsAverage value='78'/>
</results>
