<results>
	<result value='win'/>
	<start value='2014-07-04.10:16:44'/>
	<end value='2014-07-04.10:17:29'/>
	<frames value='35125'/>
	<gameDuration value='2195'/>

	<player>
		<unitScore value='25625'/>
		<killScore value='28100'/>
		<buildingScore value='4175'/>
		<razingScore value='18300'/>
		<mineralScore value='34962'/>
		<gasScore value='2472'/>
		<totalScore value='113634'/>
	</player>

	<enemy>
		<race value='Protoss'/>
		<unitScore value='14250'/>
		<unitScore value='14250'/>
		<killScore value='26550'/>
		<buildingScore value='6100'/>
		<razingScore value='0'/>
		<mineralScore value='19470'/>
		<gasScore value='2976'/>
		<totalScore value='69346'/>
	</enemy>

	<scoreRatio value='1.63865'/>
</results>
