<results>
	<result value='win'/>
	<start value='2014-07-04.12:27:31'/>
	<end value='2014-07-04.12:27:53'/>
	<frames value='23221'/>
	<gameDuration value='1451'/>

	<player>
		<unitScore value='13525'/>
		<killScore value='8900'/>
		<buildingScore value='3875'/>
		<razingScore value='11175'/>
		<mineralScore value='21450'/>
		<gasScore value='1728'/>
		<totalScore value='60653'/>
	</player>

	<enemy>
		<race value='Protoss'/>
		<unitScore value='4450'/>
		<unitScore value='4450'/>
		<killScore value='6900'/>
		<buildingScore value='3725'/>
		<razingScore value='0'/>
		<mineralScore value='10138'/>
		<gasScore value='1016'/>
		<totalScore value='26229'/>
	</enemy>

	<scoreRatio value='2.31244'/>
</results>
