<results>
	<result value='loss'/>
	<start value='2015-04-09.15:07:04'/>
	<end value='2015-04-09.15:07:16'/>
	<frames value='22167'/>
	<gameDuration value='1385'/>

	<player>
		<unitScore value='5000'/>
		<killScore value='4400'/>
		<buildingScore value='2150'/>
		<razingScore value='0'/>
		<mineralScore value='7434'/>
		<gasScore value='944'/>
		<totalScore value='19928'/>
	</player>

	<enemy>
		<race value='Protoss'/>
		<unitScore value='6575'/>
		<unitScore value='6575'/>
		<killScore value='10000'/>
		<buildingScore value='5175'/>
		<razingScore value='6450'/>
		<mineralScore value='12226'/>
		<gasScore value='3048'/>
		<totalScore value='43474'/>
	</enemy>

	<scoreRatio value='0.458389'/>
</results>
