<results>
	<result value='loss'/>
	<start value='2015-03-30.04:39:31'/>
	<end value='2015-03-30.04:39:42'/>
	<frames value='16587'/>
	<gameDuration value='1036'/>

	<player>
		<unitScore value='4850'/>
		<killScore value='800'/>
		<buildingScore value='1475'/>
		<razingScore value='0'/>
		<mineralScore value='6218'/>
		<gasScore value='696'/>
		<totalScore value='14039'/>
	</player>

	<enemy>
		<race value='Protoss'/>
		<unitScore value='3550'/>
		<unitScore value='3550'/>
		<killScore value='9700'/>
		<buildingScore value='3525'/>
		<razingScore value='4425'/>
		<mineralScore value='8498'/>
		<gasScore value='1792'/>
		<totalScore value='31490'/>
	</enemy>

	<scoreRatio value='0.445824'/>
</results>
