<results>
	<result value='win'/>
	<start value='2015-05-06.19:24:39'/>
	<end value='2015-05-06.19:24:53'/>
	<frames value='22849'/>
	<gameDuration value='1428'/>

	<player>
		<unitScore value='9975'/>
		<killScore value='13200'/>
		<buildingScore value='3125'/>
		<razingScore value='6750'/>
		<mineralScore value='15226'/>
		<gasScore value='1872'/>
		<totalScore value='50148'/>
	</player>

	<enemy>
		<race value='Terran'/>
		<unitScore value='6600'/>
		<unitScore value='6600'/>
		<killScore value='6800'/>
		<buildingScore value='2250'/>
		<razingScore value='1500'/>
		<mineralScore value='8626'/>
		<gasScore value='2392'/>
		<totalScore value='28168'/>
	</enemy>

	<scoreRatio value='1.78032'/>
	<timeFitness value='0.801667'/>
	<unitsAverage value='65'/>
</results>
