<results>
	<result value='loss'/>
	<start value='2015-05-06.19:41:42'/>
	<end value='2015-05-06.19:41:51'/>
	<frames value='18137'/>
	<gameDuration value='1133'/>

	<player>
		<unitScore value='3950'/>
		<killScore value='2800'/>
		<buildingScore value='1750'/>
		<razingScore value='0'/>
		<mineralScore value='6154'/>
		<gasScore value='696'/>
		<totalScore value='15350'/>
	</player>

	<enemy>
		<race value='Terran'/>
		<unitScore value='6650'/>
		<unitScore value='6650'/>
		<killScore value='7900'/>
		<buildingScore value='2700'/>
		<razingScore value='5250'/>
		<mineralScore value='8290'/>
		<gasScore value='2840'/>
		<totalScore value='33630'/>
	</enemy>

	<scoreRatio value='0.456438'/>
	<timeFitness value='0.157361'/>
	<unitsAverage value='27'/>
</results>
