<results>
	<result value='win'/>
	<start value='2015-04-28.01:12:31'/>
	<end value='2015-04-28.01:13:12'/>
	<frames value='24802'/>
	<gameDuration value='1550'/>

	<player>
		<unitScore value='16325'/>
		<killScore value='21640'/>
		<buildingScore value='4550'/>
		<razingScore value='4680'/>
		<mineralScore value='27462'/>
		<gasScore value='1888'/>
		<totalScore value='76545'/>
	</player>

	<enemy>
		<race value='Zerg'/>
		<unitScore value='10200'/>
		<unitScore value='10200'/>
		<killScore value='10850'/>
		<buildingScore value='1560'/>
		<razingScore value='0'/>
		<mineralScore value='9570'/>
		<gasScore value='2968'/>
		<totalScore value='35148'/>
	</enemy>

	<scoreRatio value='2.17779'/>
</results>
