<results>
	<result value='win'/>
	<start value='2015-04-28.01:16:23'/>
	<end value='2015-04-28.01:16:53'/>
	<frames value='24771'/>
	<gameDuration value='1548'/>

	<player>
		<unitScore value='14775'/>
		<killScore value='28930'/>
		<buildingScore value='2800'/>
		<razingScore value='3660'/>
		<mineralScore value='16934'/>
		<gasScore value='2168'/>
		<totalScore value='69267'/>
	</player>

	<enemy>
		<race value='Zerg'/>
		<unitScore value='13175'/>
		<unitScore value='13175'/>
		<killScore value='16200'/>
		<buildingScore value='1220'/>
		<razingScore value='0'/>
		<mineralScore value='10458'/>
		<gasScore value='3120'/>
		<totalScore value='44173'/>
	</enemy>

	<scoreRatio value='1.56808'/>
</results>
