<results>
	<result value='win'/>
	<start value='2015-05-09.14:28:03'/>
	<end value='2015-05-09.14:28:55'/>
	<frames value='27468'/>
	<gameDuration value='1716'/>

	<player>
		<unitScore value='18925'/>
		<killScore value='22640'/>
		<buildingScore value='3525'/>
		<razingScore value='8655'/>
		<mineralScore value='24898'/>
		<gasScore value='3112'/>
		<totalScore value='81755'/>
	</player>

	<enemy>
		<race value='Zerg'/>
		<unitScore value='10500'/>
		<unitScore value='10500'/>
		<killScore value='15850'/>
		<buildingScore value='2885'/>
		<razingScore value='150'/>
		<mineralScore value='12086'/>
		<gasScore value='3936'/>
		<totalScore value='45407'/>
	</enemy>

	<scoreRatio value='1.80049'/>
	<timeFitness value='0.761667'/>
	<unitsAverage value='97'/>
</results>
