<results>
	<result value='win'/>
	<start value='2015-05-09.14:34:01'/>
	<end value='2015-05-09.14:34:41'/>
	<frames value='25856'/>
	<gameDuration value='1616'/>

	<player>
		<unitScore value='15050'/>
		<killScore value='28310'/>
		<buildingScore value='3825'/>
		<razingScore value='4635'/>
		<mineralScore value='22314'/>
		<gasScore value='2200'/>
		<totalScore value='76334'/>
	</player>

	<enemy>
		<race value='Zerg'/>
		<unitScore value='12350'/>
		<unitScore value='12350'/>
		<killScore value='10950'/>
		<buildingScore value='1545'/>
		<razingScore value='0'/>
		<mineralScore value='10034'/>
		<gasScore value='2920'/>
		<totalScore value='37799'/>
	</enemy>

	<scoreRatio value='2.01947'/>
	<timeFitness value='0.775556'/>
	<unitsAverage value='82'/>
</results>
