<results>
	<result value='win'/>
	<start value='2015-05-09.15:15:37'/>
	<end value='2015-05-09.15:16:44'/>
	<frames value='29235'/>
	<gameDuration value='1827'/>

	<player>
		<unitScore value='18300'/>
		<killScore value='32005'/>
		<buildingScore value='3800'/>
		<razingScore value='6945'/>
		<mineralScore value='28702'/>
		<gasScore value='2072'/>
		<totalScore value='91824'/>
	</player>

	<enemy>
		<race value='Zerg'/>
		<unitScore value='14350'/>
		<unitScore value='14350'/>
		<killScore value='11800'/>
		<buildingScore value='2315'/>
		<razingScore value='0'/>
		<mineralScore value='13930'/>
		<gasScore value='4904'/>
		<totalScore value='47299'/>
	</enemy>

	<scoreRatio value='1.94135'/>
	<timeFitness value='0.74625'/>
	<unitsAverage value='117'/>
</results>
