<results>
	<result value='draw'/>
	<start value='2015-05-04.12:22:53'/>
	<end value='2015-05-04.12:24:01'/>
	<frames value='57601'/>
	<gameDuration value='3600'/>

	<player>
		<unitScore value='31200'/>
		<killScore value='34150'/>
		<buildingScore value='3500'/>
		<razingScore value='150'/>
		<mineralScore value='32774'/>
		<gasScore value='7880'/>
		<totalScore value='109654'/>
	</player>

	<enemy>
		<race value='Terran'/>
		<unitScore value='28650'/>
		<unitScore value='28650'/>
		<killScore value='51050'/>
		<buildingScore value='4050'/>
		<razingScore value='1650'/>
		<mineralScore value='19550'/>
		<gasScore value='12196'/>
		<totalScore value='117146'/>
	</enemy>

	<scoreRatio value='0.936046'/>
	<timeFitness value='0.5'/>
	<unitsAverage value='109'/>
</results>
