<results>
	<result value='win'/>
	<start value='2015-05-10.02:07:59'/>
	<end value='2015-05-10.02:08:42'/>
	<frames value='28212'/>
	<gameDuration value='1763'/>

	<player>
		<unitScore value='12375'/>
		<killScore value='21050'/>
		<buildingScore value='5000'/>
		<razingScore value='7500'/>
		<mineralScore value='20146'/>
		<gasScore value='2192'/>
		<totalScore value='68263'/>
	</player>

	<enemy>
		<race value='Terran'/>
		<unitScore value='11125'/>
		<unitScore value='11125'/>
		<killScore value='10750'/>
		<buildingScore value='2500'/>
		<razingScore value='3075'/>
		<mineralScore value='10362'/>
		<gasScore value='3640'/>
		<totalScore value='41452'/>
	</enemy>

	<scoreRatio value='1.6468'/>
	<timeFitness value='0.755139'/>
	<unitsAverage value='76'/>
</results>
