<results>
	<result value='loss'/>
	<start value='2015-07-18.06:06:58'/>
	<end value='2015-07-18.06:07:24'/>
	<frames value='23252'/>
	<gameDuration value='1453'/>

	<player>
		<unitScore value='8125'/>
		<killScore value='3550'/>
		<buildingScore value='1850'/>
		<razingScore value='0'/>
		<mineralScore value='10382'/>
		<gasScore value='2056'/>
		<totalScore value='25963'/>
	</player>

	<enemy>
		<race value='Terran'/>
		<unitScore value='9325'/>
		<killScore value='13400'/>
		<buildingScore value='3025'/>
		<razingScore value='5550'/>
		<mineralScore value='11486'/>
		<gasScore value='3888'/>
		<totalScore value='46674'/>
	</enemy>

	<scoreRatio value='0.556263'/>
	<timeFitness value='0.201806'/>
	<unitsAverage value='44'/>
</results>
