<results>
	<result value='loss'/>
	<start value='2015-03-28.15:52:43'/>
	<end value='2015-03-28.15:52:52'/>
	<frames value='14510'/>
	<gameDuration value='906'/>

	<player>
		<unitScore value='2175'/>
		<killScore value='600'/>
		<buildingScore value='1200'/>
		<razingScore value='0'/>
		<mineralScore value='3690'/>
		<gasScore value='736'/>
		<totalScore value='8401'/>
	</player>

	<enemy>
		<race value='Protoss'/>
		<unitScore value='3550'/>
		<unitScore value='3550'/>
		<killScore value='4350'/>
		<buildingScore value='2675'/>
		<razingScore value='3600'/>
		<mineralScore value='7642'/>
		<gasScore value='1320'/>
		<totalScore value='23137'/>
	</enemy>

	<scoreRatio value='0.363098'/>
</results>
