<results>
	<result value='loss'/>
	<start value='2015-03-28.15:52:55'/>
	<end value='2015-03-28.15:53:07'/>
	<frames value='16866'/>
	<gameDuration value='1054'/>

	<player>
		<unitScore value='3650'/>
		<killScore value='1000'/>
		<buildingScore value='1750'/>
		<razingScore value='0'/>
		<mineralScore value='5874'/>
		<gasScore value='688'/>
		<totalScore value='12962'/>
	</player>

	<enemy>
		<race value='Protoss'/>
		<unitScore value='3600'/>
		<unitScore value='3600'/>
		<killScore value='7200'/>
		<buildingScore value='3975'/>
		<razingScore value='5250'/>
		<mineralScore value='8810'/>
		<gasScore value='1696'/>
		<totalScore value='30531'/>
	</enemy>

	<scoreRatio value='0.424552'/>
</results>
