<results>
	<result value='draw'/>
	<start value='2015-04-26.14:04:11'/>
	<end value='2015-04-26.14:05:03'/>
	<frames value='57601'/>
	<gameDuration value='3600'/>

	<player>
		<unitScore value='22450'/>
		<killScore value='28800'/>
		<buildingScore value='4700'/>
		<razingScore value='6825'/>
		<mineralScore value='31974'/>
		<gasScore value='5230'/>
		<totalScore value='99979'/>
	</player>

	<enemy>
		<race value='Terran'/>
		<unitScore value='24350'/>
		<unitScore value='24350'/>
		<killScore value='29450'/>
		<buildingScore value='4575'/>
		<razingScore value='5175'/>
		<mineralScore value='19558'/>
		<gasScore value='11868'/>
		<totalScore value='94976'/>
	</enemy>

	<scoreRatio value='1.05268'/>
</results>
