<results>
	<result value='win'/>
	<start value='2015-04-26.14:08:20'/>
	<end value='2015-04-26.14:08:41'/>
	<frames value='28460'/>
	<gameDuration value='1778'/>

	<player>
		<unitScore value='11700'/>
		<killScore value='21600'/>
		<buildingScore value='3250'/>
		<razingScore value='8700'/>
		<mineralScore value='15606'/>
		<gasScore value='2688'/>
		<totalScore value='63544'/>
	</player>

	<enemy>
		<race value='Terran'/>
		<unitScore value='10800'/>
		<unitScore value='10800'/>
		<killScore value='11000'/>
		<buildingScore value='2900'/>
		<razingScore value='3375'/>
		<mineralScore value='11618'/>
		<gasScore value='3888'/>
		<totalScore value='43581'/>
	</enemy>

	<scoreRatio value='1.45807'/>
</results>
