<results>
	<result value='win'/>
	<start value='2015-04-26.14:11:08'/>
	<end value='2015-04-26.14:11:26'/>
	<frames value='24461'/>
	<gameDuration value='1528'/>

	<player>
		<unitScore value='11150'/>
		<killScore value='22300'/>
		<buildingScore value='3775'/>
		<razingScore value='8400'/>
		<mineralScore value='15994'/>
		<gasScore value='2616'/>
		<totalScore value='64235'/>
	</player>

	<enemy>
		<race value='Terran'/>
		<unitScore value='11150'/>
		<unitScore value='11150'/>
		<killScore value='8800'/>
		<buildingScore value='2800'/>
		<razingScore value='1200'/>
		<mineralScore value='10010'/>
		<gasScore value='3808'/>
		<totalScore value='37768'/>
	</enemy>

	<scoreRatio value='1.70078'/>
</results>
