<results>
	<result value='win'/>
	<start value='2015-04-28.00:31:31'/>
	<end value='2015-04-28.00:32:05'/>
	<frames value='37605'/>
	<gameDuration value='2350'/>

	<player>
		<unitScore value='19175'/>
		<killScore value='31700'/>
		<buildingScore value='4350'/>
		<razingScore value='13575'/>
		<mineralScore value='31514'/>
		<gasScore value='3672'/>
		<totalScore value='103986'/>
	</player>

	<enemy>
		<race value='Terran'/>
		<unitScore value='19975'/>
		<unitScore value='19975'/>
		<killScore value='17800'/>
		<buildingScore value='4525'/>
		<razingScore value='2025'/>
		<mineralScore value='17642'/>
		<gasScore value='9146'/>
		<totalScore value='71113'/>
	</enemy>

	<scoreRatio value='1.46226'/>
</results>
