<results>
	<result value='win'/>
	<start value='2015-05-02.19:23:09'/>
	<end value='2015-05-02.19:24:04'/>
	<frames value='33203'/>
	<gameDuration value='2075'/>

	<player>
		<unitScore value='16900'/>
		<killScore value='24500'/>
		<buildingScore value='3625'/>
		<razingScore value='20475'/>
		<mineralScore value='28210'/>
		<gasScore value='2928'/>
		<totalScore value='96638'/>
	</player>

	<enemy>
		<race value='Protoss'/>
		<unitScore value='12475'/>
		<unitScore value='12475'/>
		<killScore value='13600'/>
		<buildingScore value='6825'/>
		<razingScore value='150'/>
		<mineralScore value='17222'/>
		<gasScore value='3928'/>
		<totalScore value='54200'/>
	</enemy>

	<scoreRatio value='1.78299'/>
	<timeFitness value='0.711806'/>
	<unitsAverage value='89'/>
</results>
