<results>
	<result value='loss'/>
	<start value='2015-05-02.23:07:00'/>
	<end value='2015-05-02.23:07:33'/>
	<frames value='44983'/>
	<gameDuration value='2811'/>

	<player>
		<unitScore value='10950'/>
		<killScore value='10100'/>
		<buildingScore value='2475'/>
		<razingScore value='0'/>
		<mineralScore value='13994'/>
		<gasScore value='0'/>
		<totalScore value='37519'/>
	</player>

	<enemy>
		<race value='Terran'/>
		<unitScore value='28525'/>
		<unitScore value='28525'/>
		<killScore value='21900'/>
		<buildingScore value='5575'/>
		<razingScore value='7425'/>
		<mineralScore value='23654'/>
		<gasScore value='14132'/>
		<totalScore value='101211'/>
	</enemy>

	<scoreRatio value='0.370701'/>
	<timeFitness value='0.390417'/>
	<unitsAverage value='29'/>
</results>
