<results>
	<result value='loss'/>
	<start value='2015-05-02.23:13:24'/>
	<end value='2015-05-02.23:13:34'/>
	<frames value='14882'/>
	<gameDuration value='930'/>

	<player>
		<unitScore value='3450'/>
		<killScore value='450'/>
		<buildingScore value='1075'/>
		<razingScore value='0'/>
		<mineralScore value='5026'/>
		<gasScore value='0'/>
		<totalScore value='10001'/>
	</player>

	<enemy>
		<race value='Terran'/>
		<unitScore value='4900'/>
		<unitScore value='4900'/>
		<killScore value='6900'/>
		<buildingScore value='1500'/>
		<razingScore value='3225'/>
		<mineralScore value='6698'/>
		<gasScore value='2168'/>
		<totalScore value='25391'/>
	</enemy>

	<scoreRatio value='0.39388'/>
	<timeFitness value='0.129167'/>
	<unitsAverage value='24'/>
</results>
