<results>
	<result value='win'/>
	<start value='2015-05-07.16:44:33'/>
	<end value='2015-05-07.16:44:59'/>
	<frames value='28832'/>
	<gameDuration value='1802'/>

	<player>
		<unitScore value='17175'/>
		<killScore value='24450'/>
		<buildingScore value='4075'/>
		<razingScore value='8850'/>
		<mineralScore value='26602'/>
		<gasScore value='2072'/>
		<totalScore value='83224'/>
	</player>

	<enemy>
		<race value='Terran'/>
		<unitScore value='12225'/>
		<unitScore value='12225'/>
		<killScore value='14350'/>
		<buildingScore value='2950'/>
		<razingScore value='1800'/>
		<mineralScore value='12842'/>
		<gasScore value='5544'/>
		<totalScore value='49711'/>
	</enemy>

	<scoreRatio value='1.67416'/>
	<timeFitness value='0.749722'/>
	<unitsAverage value='95'/>
</results>
