<results>
	<result value='win'/>
	<start value='2015-04-29.09:37:45'/>
	<end value='2015-04-29.09:38:10'/>
	<frames value='31095'/>
	<gameDuration value='1943'/>

	<player>
		<unitScore value='14900'/>
		<killScore value='14200'/>
		<buildingScore value='4625'/>
		<razingScore value='11775'/>
		<mineralScore value='23242'/>
		<gasScore value='3240'/>
		<totalScore value='71982'/>
	</player>

	<enemy>
		<race value='Protoss'/>
		<unitScore value='7100'/>
		<unitScore value='7100'/>
		<killScore value='10900'/>
		<buildingScore value='3925'/>
		<razingScore value='2025'/>
		<mineralScore value='14762'/>
		<gasScore value='1496'/>
		<totalScore value='40208'/>
	</enemy>

	<scoreRatio value='1.79024'/>
	<timeFitness value='0.730139'/>
	<unitsAverage value='79'/>
</results>
