<results>
	<result value='win'/>
	<start value='2015-05-06.02:17:52'/>
	<end value='2015-05-06.02:18:25'/>
	<frames value='28274'/>
	<gameDuration value='1767'/>

	<player>
		<unitScore value='19300'/>
		<killScore value='10000'/>
		<buildingScore value='4350'/>
		<razingScore value='14100'/>
		<mineralScore value='25746'/>
		<gasScore value='2880'/>
		<totalScore value='76376'/>
	</player>

	<enemy>
		<race value='Protoss'/>
		<unitScore value='5000'/>
		<unitScore value='5000'/>
		<killScore value='15500'/>
		<buildingScore value='4700'/>
		<razingScore value='0'/>
		<mineralScore value='17026'/>
		<gasScore value='1320'/>
		<totalScore value='43546'/>
	</enemy>

	<scoreRatio value='1.75392'/>
	<timeFitness value='0.754583'/>
	<unitsAverage value='102'/>
</results>
