<results>
	<result value='win'/>
	<start value='2015-05-06.02:48:21'/>
	<end value='2015-05-06.02:48:54'/>
	<frames value='29731'/>
	<gameDuration value='1858'/>

	<player>
		<unitScore value='15625'/>
		<killScore value='13300'/>
		<buildingScore value='4625'/>
		<razingScore value='11775'/>
		<mineralScore value='27850'/>
		<gasScore value='3304'/>
		<totalScore value='76479'/>
	</player>

	<enemy>
		<race value='Protoss'/>
		<unitScore value='6650'/>
		<unitScore value='6650'/>
		<killScore value='9750'/>
		<buildingScore value='3925'/>
		<razingScore value='375'/>
		<mineralScore value='10850'/>
		<gasScore value='2088'/>
		<totalScore value='33638'/>
	</enemy>

	<scoreRatio value='2.27359'/>
	<timeFitness value='0.741944'/>
	<unitsAverage value='96'/>
</results>
