<results>
	<result value='win'/>
	<start value='2015-05-08.05:19:28'/>
	<end value='2015-05-08.05:20:22'/>
	<frames value='45882'/>
	<gameDuration value='2867'/>

	<player>
		<unitScore value='18550'/>
		<killScore value='15000'/>
		<buildingScore value='5425'/>
		<razingScore value='7050'/>
		<mineralScore value='44346'/>
		<gasScore value='5960'/>
		<totalScore value='96331'/>
	</player>

	<enemy>
		<race value='Terran'/>
		<unitScore value='8500'/>
		<unitScore value='8500'/>
		<killScore value='13500'/>
		<buildingScore value='2350'/>
		<razingScore value='3450'/>
		<mineralScore value='8346'/>
		<gasScore value='2512'/>
		<totalScore value='38658'/>
	</enemy>

	<scoreRatio value='2.49188'/>
	<timeFitness value='0.601806'/>
	<unitsAverage value='133'/>
</results>
