<results>
	<result value='win'/>
	<start value='2015-05-08.05:21:28'/>
	<end value='2015-05-08.05:21:41'/>
	<frames value='23407'/>
	<gameDuration value='1462'/>

	<player>
		<unitScore value='9750'/>
		<killScore value='19700'/>
		<buildingScore value='3100'/>
		<razingScore value='7500'/>
		<mineralScore value='15206'/>
		<gasScore value='1720'/>
		<totalScore value='56976'/>
	</player>

	<enemy>
		<race value='Terran'/>
		<unitScore value='9850'/>
		<unitScore value='9850'/>
		<killScore value='6700'/>
		<buildingScore value='2575'/>
		<razingScore value='1575'/>
		<mineralScore value='9826'/>
		<gasScore value='3544'/>
		<totalScore value='34070'/>
	</enemy>

	<scoreRatio value='1.67232'/>
	<timeFitness value='0.796944'/>
	<unitsAverage value='59'/>
</results>
