<results>
	<result value='draw'/>
	<start value='2015-05-03.23:07:59'/>
	<end value='2015-05-03.23:09:25'/>
	<frames value='57601'/>
	<gameDuration value='3600'/>

	<player>
		<unitScore value='25825'/>
		<killScore value='24950'/>
		<buildingScore value='4350'/>
		<razingScore value='7125'/>
		<mineralScore value='37310'/>
		<gasScore value='6382'/>
		<totalScore value='105942'/>
	</player>

	<enemy>
		<race value='Terran'/>
		<unitScore value='12475'/>
		<unitScore value='12475'/>
		<killScore value='30950'/>
		<buildingScore value='2450'/>
		<razingScore value='3375'/>
		<mineralScore value='12050'/>
		<gasScore value='6378'/>
		<totalScore value='67678'/>
	</enemy>

	<scoreRatio value='1.56538'/>
	<timeFitness value='0.5'/>
	<unitsAverage value='109'/>
</results>
