<results>
	<result value='loss'/>
	<start value='2015-05-03.18:24:44'/>
	<end value='2015-05-03.18:24:50'/>
	<frames value='16866'/>
	<gameDuration value='1054'/>

	<player>
		<unitScore value='3725'/>
		<killScore value='1500'/>
		<buildingScore value='1925'/>
		<razingScore value='0'/>
		<mineralScore value='5866'/>
		<gasScore value='824'/>
		<totalScore value='13840'/>
	</player>

	<enemy>
		<race value='Protoss'/>
		<unitScore value='3700'/>
		<unitScore value='3700'/>
		<killScore value='7250'/>
		<buildingScore value='4025'/>
		<razingScore value='5775'/>
		<mineralScore value='8938'/>
		<gasScore value='1792'/>
		<totalScore value='31480'/>
	</enemy>

	<scoreRatio value='0.439644'/>
	<timeFitness value='0.146389'/>
	<unitsAverage value='26'/>
</results>
