<results>
	<result value='loss'/>
	<start value='2015-05-03.18:27:30'/>
	<end value='2015-05-03.18:27:43'/>
	<frames value='32087'/>
	<gameDuration value='2005'/>

	<player>
		<unitScore value='4025'/>
		<killScore value='2600'/>
		<buildingScore value='1875'/>
		<razingScore value='0'/>
		<mineralScore value='6362'/>
		<gasScore value='920'/>
		<totalScore value='15782'/>
	</player>

	<enemy>
		<race value='Protoss'/>
		<unitScore value='17000'/>
		<unitScore value='17000'/>
		<killScore value='8050'/>
		<buildingScore value='6925'/>
		<razingScore value='5625'/>
		<mineralScore value='20090'/>
		<gasScore value='8584'/>
		<totalScore value='66274'/>
	</enemy>

	<scoreRatio value='0.238133'/>
	<timeFitness value='0.278472'/>
	<unitsAverage value='20'/>
</results>
