<results>
	<result value='win'/>
	<start value='2015-05-09.21:48:51'/>
	<end value='2015-05-09.21:49:31'/>
	<frames value='33327'/>
	<gameDuration value='2082'/>

	<player>
		<unitScore value='22200'/>
		<killScore value='22900'/>
		<buildingScore value='4725'/>
		<razingScore value='16875'/>
		<mineralScore value='31642'/>
		<gasScore value='2968'/>
		<totalScore value='101310'/>
	</player>

	<enemy>
		<race value='Protoss'/>
		<unitScore value='13500'/>
		<unitScore value='13500'/>
		<killScore value='20800'/>
		<buildingScore value='5625'/>
		<razingScore value='1650'/>
		<mineralScore value='13654'/>
		<gasScore value='4040'/>
		<totalScore value='59269'/>
	</enemy>

	<scoreRatio value='1.70933'/>
	<timeFitness value='0.710833'/>
	<unitsAverage value='103'/>
</results>
