<results>
	<result value='loss'/>
	<start value='2015-05-03.18:31:43'/>
	<end value='2015-05-03.18:31:51'/>
	<frames value='19191'/>
	<gameDuration value='1199'/>

	<player>
		<unitScore value='3875'/>
		<killScore value='2400'/>
		<buildingScore value='1975'/>
		<razingScore value='0'/>
		<mineralScore value='6018'/>
		<gasScore value='840'/>
		<totalScore value='15108'/>
	</player>

	<enemy>
		<race value='Protoss'/>
		<unitScore value='5425'/>
		<unitScore value='5425'/>
		<killScore value='7750'/>
		<buildingScore value='4375'/>
		<razingScore value='5925'/>
		<mineralScore value='10162'/>
		<gasScore value='2728'/>
		<totalScore value='36365'/>
	</enemy>

	<scoreRatio value='0.415454'/>
	<timeFitness value='0.166528'/>
	<unitsAverage value='26'/>
</results>
