<results>
	<result value='loss'/>
	<start value='2015-05-09.21:53:49'/>
	<end value='2015-05-09.21:53:58'/>
	<frames value='16835'/>
	<gameDuration value='1052'/>

	<player>
		<unitScore value='3325'/>
		<killScore value='1900'/>
		<buildingScore value='1875'/>
		<razingScore value='0'/>
		<mineralScore value='5290'/>
		<gasScore value='816'/>
		<totalScore value='13206'/>
	</player>

	<enemy>
		<race value='Protoss'/>
		<unitScore value='4600'/>
		<unitScore value='4600'/>
		<killScore value='5900'/>
		<buildingScore value='3075'/>
		<razingScore value='5625'/>
		<mineralScore value='8506'/>
		<gasScore value='2080'/>
		<totalScore value='29786'/>
	</enemy>

	<scoreRatio value='0.443363'/>
	<timeFitness value='0.146111'/>
	<unitsAverage value='24'/>
</results>
