<results>
	<result value='loss'/>
	<start value='2015-05-09.22:00:51'/>
	<end value='2015-05-09.22:01:26'/>
	<frames value='42410'/>
	<gameDuration value='2650'/>

	<player>
		<unitScore value='16600'/>
		<killScore value='20200'/>
		<buildingScore value='2750'/>
		<razingScore value='1500'/>
		<mineralScore value='19686'/>
		<gasScore value='4928'/>
		<totalScore value='65664'/>
	</player>

	<enemy>
		<race value='Protoss'/>
		<unitScore value='29600'/>
		<unitScore value='29600'/>
		<killScore value='33200'/>
		<buildingScore value='7925'/>
		<razingScore value='8250'/>
		<mineralScore value='29994'/>
		<gasScore value='10524'/>
		<totalScore value='119493'/>
	</enemy>

	<scoreRatio value='0.549522'/>
	<timeFitness value='0.368056'/>
	<unitsAverage value='61'/>
</results>
