<results>
	<result value='draw'/>
	<start value='2015-05-03.17:16:54'/>
	<end value='2015-05-03.17:18:00'/>
	<frames value='57601'/>
	<gameDuration value='3600'/>

	<player>
		<unitScore value='30600'/>
		<killScore value='56950'/>
		<buildingScore value='3100'/>
		<razingScore value='3450'/>
		<mineralScore value='31446'/>
		<gasScore value='4128'/>
		<totalScore value='129674'/>
	</player>

	<enemy>
		<race value='Protoss'/>
		<unitScore value='38425'/>
		<unitScore value='38425'/>
		<killScore value='51350'/>
		<buildingScore value='7325'/>
		<razingScore value='2775'/>
		<mineralScore value='31550'/>
		<gasScore value='13398'/>
		<totalScore value='144823'/>
	</enemy>

	<scoreRatio value='0.895396'/>
	<timeFitness value='0.5'/>
	<unitsAverage value='83'/>
</results>
