<results>
	<result value='win'/>
	<start value='2015-05-03.17:22:38'/>
	<end value='2015-05-03.17:23:47'/>
	<frames value='35714'/>
	<gameDuration value='2232'/>

	<player>
		<unitScore value='23875'/>
		<killScore value='39650'/>
		<buildingScore value='4025'/>
		<razingScore value='18900'/>
		<mineralScore value='32358'/>
		<gasScore value='4344'/>
		<totalScore value='123152'/>
	</player>

	<enemy>
		<race value='Protoss'/>
		<unitScore value='20625'/>
		<unitScore value='20625'/>
		<killScore value='24950'/>
		<buildingScore value='6300'/>
		<razingScore value='0'/>
		<mineralScore value='23758'/>
		<gasScore value='7304'/>
		<totalScore value='82937'/>
	</enemy>

	<scoreRatio value='1.48489'/>
	<timeFitness value='0.69'/>
	<unitsAverage value='130'/>
</results>
