<results>
	<result value='loss'/>
	<start value='2015-05-09.22:16:26'/>
	<end value='2015-05-09.22:16:36'/>
	<frames value='17238'/>
	<gameDuration value='1077'/>

	<player>
		<unitScore value='3925'/>
		<killScore value='800'/>
		<buildingScore value='1775'/>
		<razingScore value='0'/>
		<mineralScore value='5730'/>
		<gasScore value='888'/>
		<totalScore value='13118'/>
	</player>

	<enemy>
		<race value='Protoss'/>
		<unitScore value='4925'/>
		<unitScore value='4925'/>
		<killScore value='7850'/>
		<buildingScore value='3275'/>
		<razingScore value='5325'/>
		<mineralScore value='8722'/>
		<gasScore value='2504'/>
		<totalScore value='32601'/>
	</enemy>

	<scoreRatio value='0.40238'/>
	<timeFitness value='0.149583'/>
	<unitsAverage value='32'/>
</results>
