<results>
	<result value='win'/>
	<start value='2014-07-22.22:39:39'/>
	<end value='2014-07-22.22:39:54'/>
	<frames value='21237'/>
	<gameDuration value='1327'/>

	<player>
		<unitScore value='8850'/>
		<killScore value='11900'/>
		<buildingScore value='2675'/>
		<razingScore value='9075'/>
		<mineralScore value='13754'/>
		<gasScore value='1960'/>
		<totalScore value='48214'/>
	</player>

	<enemy>
		<race value='Protoss'/>
		<unitScore value='6000'/>
		<unitScore value='6000'/>
		<killScore value='4500'/>
		<buildingScore value='3025'/>
		<razingScore value='0'/>
		<mineralScore value='11074'/>
		<gasScore value='1024'/>
		<totalScore value='25623'/>
	</enemy>

	<scoreRatio value='1.88167'/>
</results>
