<results>
	<result value='loss'/>
	<start value='2015-05-01.21:54:03'/>
	<end value='2015-05-01.21:54:31'/>
	<frames value='32955'/>
	<gameDuration value='2059'/>

	<player>
		<unitScore value='10350'/>
		<killScore value='10350'/>
		<buildingScore value='2450'/>
		<razingScore value='600'/>
		<mineralScore value='13938'/>
		<gasScore value='1632'/>
		<totalScore value='39320'/>
	</player>

	<enemy>
		<race value='Protoss'/>
		<unitScore value='16275'/>
		<unitScore value='16275'/>
		<killScore value='20800'/>
		<buildingScore value='7125'/>
		<razingScore value='7350'/>
		<mineralScore value='21106'/>
		<gasScore value='7152'/>
		<totalScore value='79808'/>
	</enemy>

	<scoreRatio value='0.492682'/>
</results>
