<results>
	<result value='draw'/>
	<start value='2015-07-18.03:53:09'/>
	<end value='2015-07-18.03:55:34'/>
	<frames value='57601'/>
	<gameDuration value='3600'/>

	<player>
		<unitScore value='39650'/>
		<killScore value='26700'/>
		<buildingScore value='4475'/>
		<razingScore value='0'/>
		<mineralScore value='31446'/>
		<gasScore value='9606'/>
		<totalScore value='111877'/>
	</player>

	<enemy>
		<race value='Terran'/>
		<unitScore value='30425'/>
		<killScore value='69250'/>
		<buildingScore value='4875'/>
		<razingScore value='3600'/>
		<mineralScore value='31178'/>
		<gasScore value='12172'/>
		<totalScore value='151500'/>
	</enemy>

	<scoreRatio value='0.738462'/>
	<timeFitness value='0.5'/>
	<unitsAverage value='95'/>
</results>
