<results>
	<result value='loss'/>
	<start value='2015-07-18.04:05:51'/>
	<end value='2015-07-18.04:06:42'/>
	<frames value='27065'/>
	<gameDuration value='1691'/>

	<player>
		<unitScore value='11800'/>
		<killScore value='3800'/>
		<buildingScore value='3600'/>
		<razingScore value='0'/>
		<mineralScore value='14290'/>
		<gasScore value='1840'/>
		<totalScore value='35330'/>
	</player>

	<enemy>
		<race value='Terran'/>
		<unitScore value='11850'/>
		<killScore value='20000'/>
		<buildingScore value='4175'/>
		<razingScore value='10950'/>
		<mineralScore value='13414'/>
		<gasScore value='5816'/>
		<totalScore value='66205'/>
	</enemy>

	<scoreRatio value='0.533646'/>
	<timeFitness value='0.234861'/>
	<unitsAverage value='49'/>
</results>
