<results>
	<result value='loss'/>
	<start value='2015-04-13.20:24:45'/>
	<end value='2015-04-13.20:24:59'/>
	<frames value='15781'/>
	<gameDuration value='986'/>

	<player>
		<unitScore value='2900'/>
		<killScore value='400'/>
		<buildingScore value='1725'/>
		<razingScore value='0'/>
		<mineralScore value='5170'/>
		<gasScore value='664'/>
		<totalScore value='10859'/>
	</player>

	<enemy>
		<race value='Protoss'/>
		<unitScore value='3550'/>
		<unitScore value='3550'/>
		<killScore value='5800'/>
		<buildingScore value='3225'/>
		<razingScore value='5175'/>
		<mineralScore value='8242'/>
		<gasScore value='1256'/>
		<totalScore value='27248'/>
	</enemy>

	<scoreRatio value='0.398525'/>
</results>
