<results>
	<result value='win'/>
	<start value='2015-05-09.23:02:16'/>
	<end value='2015-05-09.23:02:59'/>
	<frames value='28150'/>
	<gameDuration value='1759'/>

	<player>
		<unitScore value='13525'/>
		<killScore value='15600'/>
		<buildingScore value='2825'/>
		<razingScore value='9825'/>
		<mineralScore value='17674'/>
		<gasScore value='2672'/>
		<totalScore value='62121'/>
	</player>

	<enemy>
		<race value='Protoss'/>
		<unitScore value='7800'/>
		<unitScore value='7800'/>
		<killScore value='11200'/>
		<buildingScore value='3275'/>
		<razingScore value='1350'/>
		<mineralScore value='11574'/>
		<gasScore value='2464'/>
		<totalScore value='37663'/>
	</enemy>

	<scoreRatio value='1.64939'/>
	<timeFitness value='0.755694'/>
	<unitsAverage value='78'/>
</results>
