<results>
	<result value='win'/>
	<start value='2015-05-09.23:06:07'/>
	<end value='2015-05-09.23:07:00'/>
	<frames value='29018'/>
	<gameDuration value='1813'/>

	<player>
		<unitScore value='17275'/>
		<killScore value='20750'/>
		<buildingScore value='3675'/>
		<razingScore value='17175'/>
		<mineralScore value='25290'/>
		<gasScore value='1992'/>
		<totalScore value='86157'/>
	</player>

	<enemy>
		<race value='Protoss'/>
		<unitScore value='10725'/>
		<unitScore value='10725'/>
		<killScore value='13500'/>
		<buildingScore value='5725'/>
		<razingScore value='300'/>
		<mineralScore value='14174'/>
		<gasScore value='3296'/>
		<totalScore value='47720'/>
	</enemy>

	<scoreRatio value='1.80547'/>
	<timeFitness value='0.748194'/>
	<unitsAverage value='97'/>
</results>
