<results>
	<result value='loss'/>
	<start value='2015-05-09.23:07:47'/>
	<end value='2015-05-09.23:09:23'/>
	<frames value='50005'/>
	<gameDuration value='3125'/>

	<player>
		<unitScore value='25875'/>
		<killScore value='33350'/>
		<buildingScore value='2400'/>
		<razingScore value='900'/>
		<mineralScore value='23946'/>
		<gasScore value='3872'/>
		<totalScore value='90343'/>
	</player>

	<enemy>
		<race value='Protoss'/>
		<unitScore value='36950'/>
		<unitScore value='36950'/>
		<killScore value='51750'/>
		<buildingScore value='7275'/>
		<razingScore value='7200'/>
		<mineralScore value='35242'/>
		<gasScore value='13696'/>
		<totalScore value='152113'/>
	</enemy>

	<scoreRatio value='0.59392'/>
	<timeFitness value='0.434028'/>
	<unitsAverage value='80'/>
</results>
