<results>
	<result value='loss'/>
	<start value='2015-07-13.02:12:39'/>
	<end value='2015-07-13.02:13:12'/>
	<frames value='36396'/>
	<gameDuration value='2274'/>

	<player>
		<unitScore value='20000'/>
		<killScore value='16950'/>
		<buildingScore value='2900'/>
		<razingScore value='1200'/>
		<mineralScore value='24978'/>
		<gasScore value='4008'/>
		<totalScore value='70036'/>
	</player>

	<enemy>
		<race value='Protoss'/>
		<unitScore value='21125'/>
		<killScore value='39650'/>
		<buildingScore value='7825'/>
		<razingScore value='8700'/>
		<mineralScore value='24594'/>
		<gasScore value='8056'/>
		<totalScore value='109950'/>
	</enemy>

	<scoreRatio value='0.63698'/>
	<timeFitness value='0.315833'/>
	<unitsAverage value='59'/>
</results>
