<results>
	<result value='loss'/>
	<start value='2015-07-13.02:14:23'/>
	<end value='2015-07-13.02:14:53'/>
	<frames value='34970'/>
	<gameDuration value='2185'/>

	<player>
		<unitScore value='19500'/>
		<killScore value='13800'/>
		<buildingScore value='3025'/>
		<razingScore value='1500'/>
		<mineralScore value='23954'/>
		<gasScore value='3768'/>
		<totalScore value='65547'/>
	</player>

	<enemy>
		<race value='Protoss'/>
		<unitScore value='20500'/>
		<killScore value='39100'/>
		<buildingScore value='7175'/>
		<razingScore value='9075'/>
		<mineralScore value='23426'/>
		<gasScore value='6894'/>
		<totalScore value='106170'/>
	</enemy>

	<scoreRatio value='0.617378'/>
	<timeFitness value='0.303472'/>
	<unitsAverage value='50'/>
</results>
