<results>
	<result value='draw'/>
	<start value='2014-07-23.00:43:38'/>
	<end value='2014-07-23.00:45:07'/>
	<frames value='57601'/>
	<gameDuration value='3600'/>

	<player>
		<unitScore value='29825'/>
		<killScore value='49900'/>
		<buildingScore value='3825'/>
		<razingScore value='20175'/>
		<mineralScore value='33830'/>
		<gasScore value='8008'/>
		<totalScore value='145563'/>
	</player>

	<enemy>
		<race value='Protoss'/>
		<unitScore value='26700'/>
		<unitScore value='26700'/>
		<killScore value='35600'/>
		<buildingScore value='6775'/>
		<razingScore value='600'/>
		<mineralScore value='24114'/>
		<gasScore value='8940'/>
		<totalScore value='102729'/>
	</enemy>

	<scoreRatio value='1.41696'/>
</results>
