<results>
	<result value='draw'/>
	<start value='2014-07-10.04:40:18'/>
	<end value='2014-07-10.04:41:07'/>
	<frames value='57601'/>
	<gameDuration value='3600'/>

	<player>
		<unitScore value='29700'/>
		<killScore value='48970'/>
		<buildingScore value='3375'/>
		<razingScore value='10005'/>
		<mineralScore value='31214'/>
		<gasScore value='5222'/>
		<totalScore value='128486'/>
	</player>

	<enemy>
		<race value='Zerg'/>
		<unitScore value='23900'/>
		<unitScore value='23900'/>
		<killScore value='45050'/>
		<buildingScore value='3990'/>
		<razingScore value='2100'/>
		<mineralScore value='23226'/>
		<gasScore value='8138'/>
		<totalScore value='106404'/>
	</enemy>

	<scoreRatio value='1.20753'/>
</results>
