<results>
	<result value='win'/>
	<start value='2014-07-10.10:56:47'/>
	<end value='2014-07-10.10:57:07'/>
	<frames value='25577'/>
	<gameDuration value='1598'/>

	<player>
		<unitScore value='11725'/>
		<killScore value='19780'/>
		<buildingScore value='3725'/>
		<razingScore value='6810'/>
		<mineralScore value='22466'/>
		<gasScore value='2336'/>
		<totalScore value='66842'/>
	</player>

	<enemy>
		<race value='Zerg'/>
		<unitScore value='9475'/>
		<unitScore value='9475'/>
		<killScore value='4300'/>
		<buildingScore value='2270'/>
		<razingScore value='0'/>
		<mineralScore value='9866'/>
		<gasScore value='3168'/>
		<totalScore value='29079'/>
	</enemy>

	<scoreRatio value='2.29863'/>
</results>
