<results>
	<result value='win'/>
	<start value='2015-05-02.17:42:45'/>
	<end value='2015-05-02.17:43:13'/>
	<frames value='24895'/>
	<gameDuration value='1555'/>

	<player>
		<unitScore value='13575'/>
		<killScore value='10500'/>
		<buildingScore value='3900'/>
		<razingScore value='10125'/>
		<mineralScore value='20866'/>
		<gasScore value='2440'/>
		<totalScore value='61406'/>
	</player>

	<enemy>
		<race value='Protoss'/>
		<unitScore value='5250'/>
		<unitScore value='5250'/>
		<killScore value='6650'/>
		<buildingScore value='3375'/>
		<razingScore value='150'/>
		<mineralScore value='9130'/>
		<gasScore value='1856'/>
		<totalScore value='26411'/>
	</enemy>

	<scoreRatio value='2.32502'/>
	<timeFitness value='0.784028'/>
	<unitsAverage value='83'/>
</results>
