<results>
	<result value='win'/>
	<start value='2015-05-02.17:43:53'/>
	<end value='2015-05-02.17:44:34'/>
	<frames value='35776'/>
	<gameDuration value='2236'/>

	<player>
		<unitScore value='18600'/>
		<killScore value='20450'/>
		<buildingScore value='4200'/>
		<razingScore value='23775'/>
		<mineralScore value='24926'/>
		<gasScore value='3152'/>
		<totalScore value='95103'/>
	</player>

	<enemy>
		<race value='Protoss'/>
		<unitScore value='10450'/>
		<unitScore value='10450'/>
		<killScore value='14550'/>
		<buildingScore value='7925'/>
		<razingScore value='375'/>
		<mineralScore value='16906'/>
		<gasScore value='3600'/>
		<totalScore value='53806'/>
	</enemy>

	<scoreRatio value='1.76752'/>
	<timeFitness value='0.689444'/>
	<unitsAverage value='84'/>
</results>
