<results>
	<result value='loss'/>
	<start value='2015-05-07.16:55:53'/>
	<end value='2015-05-07.16:56:28'/>
	<frames value='41232'/>
	<gameDuration value='2577'/>

	<player>
		<unitScore value='19175'/>
		<killScore value='17900'/>
		<buildingScore value='2900'/>
		<razingScore value='600'/>
		<mineralScore value='21554'/>
		<gasScore value='3184'/>
		<totalScore value='65313'/>
	</player>

	<enemy>
		<race value='Protoss'/>
		<unitScore value='27350'/>
		<unitScore value='27350'/>
		<killScore value='38350'/>
		<buildingScore value='7375'/>
		<razingScore value='8700'/>
		<mineralScore value='28210'/>
		<gasScore value='10646'/>
		<totalScore value='120631'/>
	</enemy>

	<scoreRatio value='0.541428'/>
	<timeFitness value='0.357917'/>
	<unitsAverage value='65'/>
</results>
