<results>
	<result value='loss'/>
	<start value='2015-05-07.17:04:27'/>
	<end value='2015-05-07.17:05:29'/>
	<frames value='50098'/>
	<gameDuration value='3131'/>

	<player>
		<unitScore value='28225'/>
		<killScore value='30600'/>
		<buildingScore value='3600'/>
		<razingScore value='2100'/>
		<mineralScore value='30698'/>
		<gasScore value='4448'/>
		<totalScore value='99671'/>
	</player>

	<enemy>
		<race value='Protoss'/>
		<unitScore value='33790'/>
		<unitScore value='33790'/>
		<killScore value='56450'/>
		<buildingScore value='7325'/>
		<razingScore value='10800'/>
		<mineralScore value='31870'/>
		<gasScore value='11180'/>
		<totalScore value='151415'/>
	</enemy>

	<scoreRatio value='0.658264'/>
	<timeFitness value='0.434861'/>
	<unitsAverage value='95'/>
</results>
