<results>
	<result value='win'/>
	<start value='2015-05-07.17:25:07'/>
	<end value='2015-05-07.17:25:49'/>
	<frames value='34536'/>
	<gameDuration value='2158'/>

	<player>
		<unitScore value='22925'/>
		<killScore value='29050'/>
		<buildingScore value='4025'/>
		<razingScore value='19275'/>
		<mineralScore value='30074'/>
		<gasScore value='3832'/>
		<totalScore value='109181'/>
	</player>

	<enemy>
		<race value='Protoss'/>
		<unitScore value='15925'/>
		<unitScore value='15925'/>
		<killScore value='22850'/>
		<buildingScore value='6425'/>
		<razingScore value='150'/>
		<mineralScore value='17514'/>
		<gasScore value='5432'/>
		<totalScore value='68296'/>
	</enemy>

	<scoreRatio value='1.59864'/>
	<timeFitness value='0.700278'/>
	<unitsAverage value='103'/>
</results>
