<results>
	<result value='loss'/>
	<start value='2015-05-07.17:33:42'/>
	<end value='2015-05-07.17:33:48'/>
	<frames value='13704'/>
	<gameDuration value='856'/>

	<player>
		<unitScore value='2600'/>
		<killScore value='1000'/>
		<buildingScore value='1100'/>
		<razingScore value='0'/>
		<mineralScore value='3762'/>
		<gasScore value='664'/>
		<totalScore value='9126'/>
	</player>

	<enemy>
		<race value='Protoss'/>
		<unitScore value='3650'/>
		<unitScore value='3650'/>
		<killScore value='5200'/>
		<buildingScore value='2075'/>
		<razingScore value='3300'/>
		<mineralScore value='6482'/>
		<gasScore value='1176'/>
		<totalScore value='21883'/>
	</enemy>

	<scoreRatio value='0.417036'/>
	<timeFitness value='0.118889'/>
	<unitsAverage value='22'/>
</results>
