<results>
	<result value='win'/>
	<start value='2015-04-17.02:30:26'/>
	<end value='2015-04-17.02:31:25'/>
	<frames value='34009'/>
	<gameDuration value='2125'/>

	<player>
		<unitScore value='22125'/>
		<killScore value='23550'/>
		<buildingScore value='3800'/>
		<razingScore value='18525'/>
		<mineralScore value='25974'/>
		<gasScore value='2256'/>
		<totalScore value='96230'/>
	</player>

	<enemy>
		<race value='Protoss'/>
		<unitScore value='12000'/>
		<unitScore value='12000'/>
		<killScore value='25050'/>
		<buildingScore value='6175'/>
		<razingScore value='300'/>
		<mineralScore value='16854'/>
		<gasScore value='4872'/>
		<totalScore value='65251'/>
	</enemy>

	<scoreRatio value='1.47477'/>
</results>
