<results>
	<result value='draw'/>
	<start value='2014-07-12.19:48:03'/>
	<end value='2014-07-12.19:48:42'/>
	<frames value='57601'/>
	<gameDuration value='3600'/>

	<player>
		<unitScore value='21600'/>
		<killScore value='25100'/>
		<buildingScore value='3625'/>
		<razingScore value='2325'/>
		<mineralScore value='29282'/>
		<gasScore value='1480'/>
		<totalScore value='83412'/>
	</player>

	<enemy>
		<race value='Terran'/>
		<unitScore value='23850'/>
		<unitScore value='23850'/>
		<killScore value='33400'/>
		<buildingScore value='5575'/>
		<razingScore value='5550'/>
		<mineralScore value='25750'/>
		<gasScore value='11892'/>
		<totalScore value='106017'/>
	</enemy>

	<scoreRatio value='0.786779'/>
</results>
