<results>
	<result value='win'/>
	<start value='2014-07-12.19:50:25'/>
	<end value='2014-07-12.19:50:59'/>
	<frames value='36582'/>
	<gameDuration value='2286'/>

	<player>
		<unitScore value='23650'/>
		<killScore value='24450'/>
		<buildingScore value='4475'/>
		<razingScore value='9375'/>
		<mineralScore value='35634'/>
		<gasScore value='2568'/>
		<totalScore value='100152'/>
	</player>

	<enemy>
		<race value='Terran'/>
		<unitScore value='12825'/>
		<unitScore value='12825'/>
		<killScore value='22500'/>
		<buildingScore value='3200'/>
		<razingScore value='2175'/>
		<mineralScore value='12050'/>
		<gasScore value='5298'/>
		<totalScore value='58048'/>
	</enemy>

	<scoreRatio value='1.72533'/>
</results>
