<results>
	<result value='win'/>
	<start value='2014-07-11.20:42:25'/>
	<end value='2014-07-11.20:42:43'/>
	<frames value='22694'/>
	<gameDuration value='1418'/>

	<player>
		<unitScore value='9925'/>
		<killScore value='15300'/>
		<buildingScore value='3275'/>
		<razingScore value='7725'/>
		<mineralScore value='16258'/>
		<gasScore value='2408'/>
		<totalScore value='54891'/>
	</player>

	<enemy>
		<race value='Terran'/>
		<unitScore value='7700'/>
		<unitScore value='7700'/>
		<killScore value='4800'/>
		<buildingScore value='2575'/>
		<razingScore value='300'/>
		<mineralScore value='8778'/>
		<gasScore value='2624'/>
		<totalScore value='26777'/>
	</enemy>

	<scoreRatio value='2.04993'/>
</results>
