<results>
	<result value='win'/>
	<start value='2014-07-11.20:46:54'/>
	<end value='2014-07-11.20:47:33'/>
	<frames value='36520'/>
	<gameDuration value='2282'/>

	<player>
		<unitScore value='25125'/>
		<killScore value='28500'/>
		<buildingScore value='4700'/>
		<razingScore value='11925'/>
		<mineralScore value='33894'/>
		<gasScore value='3736'/>
		<totalScore value='107880'/>
	</player>

	<enemy>
		<race value='Terran'/>
		<unitScore value='15050'/>
		<unitScore value='15050'/>
		<killScore value='29000'/>
		<buildingScore value='3975'/>
		<razingScore value='1875'/>
		<mineralScore value='13370'/>
		<gasScore value='5862'/>
		<totalScore value='69132'/>
	</enemy>

	<scoreRatio value='1.56049'/>
</results>
