<results>
	<result value='loss'/>
	<start value='2015-04-09.05:50:50'/>
	<end value='2015-04-09.05:50:59'/>
	<frames value='17176'/>
	<gameDuration value='1073'/>

	<player>
		<unitScore value='3125'/>
		<killScore value='1800'/>
		<buildingScore value='1900'/>
		<razingScore value='0'/>
		<mineralScore value='5146'/>
		<gasScore value='904'/>
		<totalScore value='12875'/>
	</player>

	<enemy>
		<race value='Protoss'/>
		<unitScore value='3650'/>
		<unitScore value='3650'/>
		<killScore value='5500'/>
		<buildingScore value='4125'/>
		<razingScore value='5700'/>
		<mineralScore value='9322'/>
		<gasScore value='1680'/>
		<totalScore value='29977'/>
	</enemy>

	<scoreRatio value='0.429496'/>
</results>
