<results>
	<result value='win'/>
	<start value='2015-05-11.06:03:18'/>
	<end value='2015-05-11.06:03:53'/>
	<frames value='26352'/>
	<gameDuration value='1647'/>

	<player>
		<unitScore value='14950'/>
		<killScore value='21260'/>
		<buildingScore value='2900'/>
		<razingScore value='7170'/>
		<mineralScore value='19402'/>
		<gasScore value='2176'/>
		<totalScore value='67858'/>
	</player>

	<enemy>
		<race value='Zerg'/>
		<unitScore value='9875'/>
		<unitScore value='9875'/>
		<killScore value='13200'/>
		<buildingScore value='2390'/>
		<razingScore value='0'/>
		<mineralScore value='10202'/>
		<gasScore value='3304'/>
		<totalScore value='38971'/>
	</enemy>

	<scoreRatio value='1.74124'/>
	<timeFitness value='0.77125'/>
	<unitsAverage value='79'/>
</results>
