<results>
	<result value='loss'/>
	<start value='2014-07-10.19:01:55'/>
	<end value='2014-07-10.19:02:03'/>
	<frames value='18199'/>
	<gameDuration value='1137'/>

	<player>
		<unitScore value='2700'/>
		<killScore value='2000'/>
		<buildingScore value='1400'/>
		<razingScore value='0'/>
		<mineralScore value='4050'/>
		<gasScore value='496'/>
		<totalScore value='10646'/>
	</player>

	<enemy>
		<race value='Protoss'/>
		<unitScore value='3800'/>
		<unitScore value='3800'/>
		<killScore value='5400'/>
		<buildingScore value='4325'/>
		<razingScore value='4200'/>
		<mineralScore value='9970'/>
		<gasScore value='1640'/>
		<totalScore value='29335'/>
	</enemy>

	<scoreRatio value='0.362911'/>
</results>
