<results>
	<result value='win'/>
	<start value='2014-07-10.19:11:17'/>
	<end value='2014-07-10.19:12:01'/>
	<frames value='46006'/>
	<gameDuration value='2875'/>

	<player>
		<unitScore value='26775'/>
		<killScore value='42450'/>
		<buildingScore value='4700'/>
		<razingScore value='20025'/>
		<mineralScore value='31758'/>
		<gasScore value='2848'/>
		<totalScore value='128556'/>
	</player>

	<enemy>
		<race value='Protoss'/>
		<unitScore value='23375'/>
		<unitScore value='23375'/>
		<killScore value='37400'/>
		<buildingScore value='6675'/>
		<razingScore value='5775'/>
		<mineralScore value='23954'/>
		<gasScore value='6762'/>
		<totalScore value='103941'/>
	</enemy>

	<scoreRatio value='1.23682'/>
</results>
