<results>
	<result value='loss'/>
	<start value='2015-04-14.14:29:17'/>
	<end value='2015-04-14.14:29:39'/>
	<frames value='33854'/>
	<gameDuration value='2115'/>

	<player>
		<unitScore value='12150'/>
		<killScore value='9500'/>
		<buildingScore value='3275'/>
		<razingScore value='0'/>
		<mineralScore value='16230'/>
		<gasScore value='2008'/>
		<totalScore value='43163'/>
	</player>

	<enemy>
		<race value='Protoss'/>
		<unitScore value='19800'/>
		<unitScore value='19800'/>
		<killScore value='24300'/>
		<buildingScore value='6325'/>
		<razingScore value='9825'/>
		<mineralScore value='22178'/>
		<gasScore value='8070'/>
		<totalScore value='90498'/>
	</enemy>

	<scoreRatio value='0.47695'/>
</results>
