<results>
	<result value='win'/>
	<start value='2015-04-11.07:01:39'/>
	<end value='2015-04-11.07:02:44'/>
	<frames value='31343'/>
	<gameDuration value='1958'/>

	<player>
		<unitScore value='19525'/>
		<killScore value='17850'/>
		<buildingScore value='4300'/>
		<razingScore value='12825'/>
		<mineralScore value='30342'/>
		<gasScore value='4376'/>
		<totalScore value='89218'/>
	</player>

	<enemy>
		<race value='Protoss'/>
		<unitScore value='8925'/>
		<unitScore value='8925'/>
		<killScore value='16200'/>
		<buildingScore value='4275'/>
		<razingScore value='525'/>
		<mineralScore value='15370'/>
		<gasScore value='2256'/>
		<totalScore value='47551'/>
	</enemy>

	<scoreRatio value='1.87626'/>
</results>
