<results>
	<result value='loss'/>
	<start value='2015-05-09.21:47:02'/>
	<end value='2015-05-09.21:48:26'/>
	<frames value='47804'/>
	<gameDuration value='2987'/>

	<player>
		<unitScore value='23725'/>
		<killScore value='48450'/>
		<buildingScore value='3050'/>
		<razingScore value='0'/>
		<mineralScore value='28226'/>
		<gasScore value='4592'/>
		<totalScore value='108043'/>
	</player>

	<enemy>
		<race value='Protoss'/>
		<unitScore value='40140'/>
		<unitScore value='40140'/>
		<killScore value='47550'/>
		<buildingScore value='7700'/>
		<razingScore value='9150'/>
		<mineralScore value='33326'/>
		<gasScore value='13708'/>
		<totalScore value='151574'/>
	</enemy>

	<scoreRatio value='0.712807'/>
	<timeFitness value='0.414861'/>
	<unitsAverage value='99'/>
</results>
