<results>
	<result value='loss'/>
	<start value='2015-05-09.21:49:01'/>
	<end value='2015-05-09.21:49:23'/>
	<frames value='29235'/>
	<gameDuration value='1827'/>

	<player>
		<unitScore value='5350'/>
		<killScore value='3850'/>
		<buildingScore value='1875'/>
		<razingScore value='0'/>
		<mineralScore value='7002'/>
		<gasScore value='608'/>
		<totalScore value='18685'/>
	</player>

	<enemy>
		<race value='Protoss'/>
		<unitScore value='12000'/>
		<unitScore value='12000'/>
		<killScore value='10700'/>
		<buildingScore value='6975'/>
		<razingScore value='5625'/>
		<mineralScore value='17274'/>
		<gasScore value='6192'/>
		<totalScore value='58766'/>
	</enemy>

	<scoreRatio value='0.317956'/>
	<timeFitness value='0.25375'/>
	<unitsAverage value='26'/>
</results>
