<results>
	<result value='win'/>
	<start value='2015-05-09.21:56:09'/>
	<end value='2015-05-09.21:56:55'/>
	<frames value='32831'/>
	<gameDuration value='2051'/>

	<player>
		<unitScore value='18125'/>
		<killScore value='19650'/>
		<buildingScore value='4700'/>
		<razingScore value='13725'/>
		<mineralScore value='26706'/>
		<gasScore value='3816'/>
		<totalScore value='86722'/>
	</player>

	<enemy>
		<race value='Protoss'/>
		<unitScore value='9875'/>
		<unitScore value='9875'/>
		<killScore value='14850'/>
		<buildingScore value='4575'/>
		<razingScore value='1725'/>
		<mineralScore value='14386'/>
		<gasScore value='3424'/>
		<totalScore value='48835'/>
	</enemy>

	<scoreRatio value='1.77582'/>
	<timeFitness value='0.715139'/>
	<unitsAverage value='88'/>
</results>
