<results>
	<result value='loss'/>
	<start value='2015-05-09.22:00:30'/>
	<end value='2015-05-09.22:01:16'/>
	<frames value='34639'/>
	<gameDuration value='2164'/>

	<player>
		<unitScore value='18850'/>
		<killScore value='29700'/>
		<buildingScore value='2475'/>
		<razingScore value='9300'/>
		<mineralScore value='22378'/>
		<gasScore value='0'/>
		<totalScore value='82703'/>
	</player>

	<enemy>
		<race value='Protoss'/>
		<unitScore value='16050'/>
		<unitScore value='16050'/>
		<killScore value='28200'/>
		<buildingScore value='5825'/>
		<razingScore value='1425'/>
		<mineralScore value='20490'/>
		<gasScore value='5352'/>
		<totalScore value='77342'/>
	</enemy>

	<scoreRatio value='1.06932'/>
	<timeFitness value='0.300556'/>
	<unitsAverage value='71'/>
</results>
