<results>
	<result value='win'/>
	<start value='2014-07-04.11:49:09'/>
	<end value='2014-07-04.11:49:52'/>
	<frames value='34381'/>
	<gameDuration value='2148'/>

	<player>
		<unitScore value='21775'/>
		<killScore value='26500'/>
		<buildingScore value='3750'/>
		<razingScore value='14925'/>
		<mineralScore value='36534'/>
		<gasScore value='2720'/>
		<totalScore value='106204'/>
	</player>

	<enemy>
		<race value='Protoss'/>
		<unitScore value='14375'/>
		<unitScore value='14375'/>
		<killScore value='19050'/>
		<buildingScore value='4975'/>
		<razingScore value='150'/>
		<mineralScore value='14510'/>
		<gasScore value='4768'/>
		<totalScore value='57828'/>
	</enemy>

	<scoreRatio value='1.83655'/>
</results>
