<results>
	<result value='loss'/>
	<start value='2015-04-28.02:04:50'/>
	<end value='2015-04-28.02:05:04'/>
	<frames value='19222'/>
	<gameDuration value='1201'/>

	<player>
		<unitScore value='5350'/>
		<killScore value='3000'/>
		<buildingScore value='1775'/>
		<razingScore value='0'/>
		<mineralScore value='7018'/>
		<gasScore value='832'/>
		<totalScore value='17975'/>
	</player>

	<enemy>
		<race value='Protoss'/>
		<unitScore value='5175'/>
		<unitScore value='5175'/>
		<killScore value='10700'/>
		<buildingScore value='3575'/>
		<razingScore value='5025'/>
		<mineralScore value='9986'/>
		<gasScore value='2376'/>
		<totalScore value='36837'/>
	</enemy>

	<scoreRatio value='0.48796'/>
</results>
