<results>
	<result value='win'/>
	<start value='2015-04-28.02:11:55'/>
	<end value='2015-04-28.02:12:38'/>
	<frames value='28088'/>
	<gameDuration value='1755'/>

	<player>
		<unitScore value='14900'/>
		<killScore value='25350'/>
		<buildingScore value='3750'/>
		<razingScore value='10650'/>
		<mineralScore value='19178'/>
		<gasScore value='2936'/>
		<totalScore value='76764'/>
	</player>

	<enemy>
		<race value='Protoss'/>
		<unitScore value='14425'/>
		<unitScore value='14425'/>
		<killScore value='8650'/>
		<buildingScore value='3550'/>
		<razingScore value='0'/>
		<mineralScore value='12794'/>
		<gasScore value='4784'/>
		<totalScore value='44203'/>
	</enemy>

	<scoreRatio value='1.73662'/>
</results>
