<results>
	<result value='draw'/>
	<start value='2015-04-28.02:16:55'/>
	<end value='2015-04-28.02:19:07'/>
	<frames value='57601'/>
	<gameDuration value='3600'/>

	<player>
		<unitScore value='32950'/>
		<killScore value='52450'/>
		<buildingScore value='4075'/>
		<razingScore value='17625'/>
		<mineralScore value='34950'/>
		<gasScore value='8812'/>
		<totalScore value='150862'/>
	</player>

	<enemy>
		<race value='Protoss'/>
		<unitScore value='29100'/>
		<unitScore value='29100'/>
		<killScore value='55900'/>
		<buildingScore value='6900'/>
		<razingScore value='5925'/>
		<mineralScore value='28086'/>
		<gasScore value='10868'/>
		<totalScore value='136779'/>
	</enemy>

	<scoreRatio value='1.10296'/>
</results>
