<results>
	<result value='loss'/>
	<start value='2015-07-11.15:45:13'/>
	<end value='2015-07-11.15:45:18'/>
	<frames value='13890'/>
	<gameDuration value='868'/>

	<player>
		<unitScore value='2675'/>
		<killScore value='200'/>
		<buildingScore value='1375'/>
		<razingScore value='0'/>
		<mineralScore value='3754'/>
		<gasScore value='544'/>
		<totalScore value='8548'/>
	</player>

	<enemy>
		<race value='Protoss'/>
		<unitScore value='3500'/>
		<killScore value='4600'/>
		<buildingScore value='2375'/>
		<razingScore value='4125'/>
		<mineralScore value='6962'/>
		<gasScore value='1192'/>
		<totalScore value='22754'/>
	</enemy>

	<scoreRatio value='0.37567'/>
	<timeFitness value='0.120556'/>
	<unitsAverage value='21'/>
</results>
