<results>
	<result value='loss'/>
	<start value='2015-07-11.15:52:30'/>
	<end value='2015-07-11.15:52:49'/>
	<frames value='30382'/>
	<gameDuration value='1898'/>

	<player>
		<unitScore value='10625'/>
		<killScore value='3500'/>
		<buildingScore value='2675'/>
		<razingScore value='150'/>
		<mineralScore value='12170'/>
		<gasScore value='2432'/>
		<totalScore value='31552'/>
	</player>

	<enemy>
		<race value='Protoss'/>
		<unitScore value='15150'/>
		<killScore value='18200'/>
		<buildingScore value='6925'/>
		<razingScore value='8025'/>
		<mineralScore value='18982'/>
		<gasScore value='7472'/>
		<totalScore value='74754'/>
	</enemy>

	<scoreRatio value='0.422078'/>
	<timeFitness value='0.263611'/>
	<unitsAverage value='46'/>
</results>
