<results>
	<result value='loss'/>
	<start value='2015-05-08.05:14:07'/>
	<end value='2015-05-08.05:14:17'/>
	<frames value='17083'/>
	<gameDuration value='1067'/>

	<player>
		<unitScore value='3475'/>
		<killScore value='600'/>
		<buildingScore value='1350'/>
		<razingScore value='0'/>
		<mineralScore value='4978'/>
		<gasScore value='784'/>
		<totalScore value='11187'/>
	</player>

	<enemy>
		<race value='Protoss'/>
		<unitScore value='3600'/>
		<unitScore value='3600'/>
		<killScore value='6950'/>
		<buildingScore value='4025'/>
		<razingScore value='4050'/>
		<mineralScore value='8978'/>
		<gasScore value='1624'/>
		<totalScore value='29227'/>
	</enemy>

	<scoreRatio value='0.382763'/>
	<timeFitness value='0.148194'/>
	<unitsAverage value='26'/>
</results>
