<results>
	<result value='win'/>
	<start value='2015-05-08.05:39:42'/>
	<end value='2015-05-08.05:39:59'/>
	<frames value='20493'/>
	<gameDuration value='1280'/>

	<player>
		<unitScore value='8175'/>
		<killScore value='11400'/>
		<buildingScore value='2000'/>
		<razingScore value='8325'/>
		<mineralScore value='10906'/>
		<gasScore value='2336'/>
		<totalScore value='43142'/>
	</player>

	<enemy>
		<race value='Protoss'/>
		<unitScore value='5700'/>
		<unitScore value='5700'/>
		<killScore value='5500'/>
		<buildingScore value='2775'/>
		<razingScore value='0'/>
		<mineralScore value='8570'/>
		<gasScore value='2200'/>
		<totalScore value='24745'/>
	</enemy>

	<scoreRatio value='1.74346'/>
	<timeFitness value='0.822222'/>
	<unitsAverage value='57'/>
</results>
