<results>
	<result value='loss'/>
	<start value='2015-05-08.06:06:39'/>
	<end value='2015-05-08.06:06:48'/>
	<frames value='15192'/>
	<gameDuration value='949'/>

	<player>
		<unitScore value='3350'/>
		<killScore value='400'/>
		<buildingScore value='1150'/>
		<razingScore value='0'/>
		<mineralScore value='4602'/>
		<gasScore value='912'/>
		<totalScore value='10414'/>
	</player>

	<enemy>
		<race value='Protoss'/>
		<unitScore value='3975'/>
		<unitScore value='3975'/>
		<killScore value='6200'/>
		<buildingScore value='2825'/>
		<razingScore value='3450'/>
		<mineralScore value='7714'/>
		<gasScore value='1800'/>
		<totalScore value='25964'/>
	</enemy>

	<scoreRatio value='0.401094'/>
	<timeFitness value='0.131806'/>
	<unitsAverage value='27'/>
</results>
