<results>
	<result value='win'/>
	<start value='2015-05-04.05:04:23'/>
	<end value='2015-05-04.05:04:48'/>
	<frames value='22663'/>
	<gameDuration value='1416'/>

	<player>
		<unitScore value='7850'/>
		<killScore value='19200'/>
		<buildingScore value='2850'/>
		<razingScore value='7200'/>
		<mineralScore value='11602'/>
		<gasScore value='2280'/>
		<totalScore value='50982'/>
	</player>

	<enemy>
		<race value='Terran'/>
		<unitScore value='9600'/>
		<unitScore value='9600'/>
		<killScore value='6100'/>
		<buildingScore value='2400'/>
		<razingScore value='3075'/>
		<mineralScore value='9938'/>
		<gasScore value='3184'/>
		<totalScore value='34297'/>
	</enemy>

	<scoreRatio value='1.48649'/>
	<timeFitness value='0.803333'/>
	<unitsAverage value='51'/>
</results>
