<results>
	<result value='win'/>
	<start value='2015-05-04.05:26:07'/>
	<end value='2015-05-04.05:26:43'/>
	<frames value='26631'/>
	<gameDuration value='1664'/>

	<player>
		<unitScore value='15750'/>
		<killScore value='23750'/>
		<buildingScore value='2600'/>
		<razingScore value='7200'/>
		<mineralScore value='18050'/>
		<gasScore value='2264'/>
		<totalScore value='69614'/>
	</player>

	<enemy>
		<race value='Terran'/>
		<unitScore value='12675'/>
		<unitScore value='12675'/>
		<killScore value='17300'/>
		<buildingScore value='2400'/>
		<razingScore value='300'/>
		<mineralScore value='11770'/>
		<gasScore value='3976'/>
		<totalScore value='48421'/>
	</enemy>

	<scoreRatio value='1.43768'/>
	<timeFitness value='0.768889'/>
	<unitsAverage value='74'/>
</results>
