<results>
	<result value='loss'/>
	<start value='2015-05-04.05:47:32'/>
	<end value='2015-05-04.05:47:48'/>
	<frames value='18292'/>
	<gameDuration value='1143'/>

	<player>
		<unitScore value='3900'/>
		<killScore value='2050'/>
		<buildingScore value='2025'/>
		<razingScore value='0'/>
		<mineralScore value='6274'/>
		<gasScore value='624'/>
		<totalScore value='14873'/>
	</player>

	<enemy>
		<race value='Terran'/>
		<unitScore value='6450'/>
		<unitScore value='6450'/>
		<killScore value='7800'/>
		<buildingScore value='2750'/>
		<razingScore value='6075'/>
		<mineralScore value='8402'/>
		<gasScore value='2976'/>
		<totalScore value='34453'/>
	</enemy>

	<scoreRatio value='0.43169'/>
	<timeFitness value='0.15875'/>
	<unitsAverage value='25'/>
</results>
