<results>
	<result value='draw'/>
	<start value='2015-05-05.16:59:59'/>
	<end value='2015-05-05.17:01:11'/>
	<frames value='57601'/>
	<gameDuration value='3600'/>

	<player>
		<unitScore value='31325'/>
		<killScore value='49300'/>
		<buildingScore value='3400'/>
		<razingScore value='3900'/>
		<mineralScore value='31562'/>
		<gasScore value='5504'/>
		<totalScore value='124991'/>
	</player>

	<enemy>
		<race value='Protoss'/>
		<unitScore value='32525'/>
		<unitScore value='32525'/>
		<killScore value='62650'/>
		<buildingScore value='8275'/>
		<razingScore value='9225'/>
		<mineralScore value='31086'/>
		<gasScore value='10210'/>
		<totalScore value='153971'/>
	</enemy>

	<scoreRatio value='0.811783'/>
	<timeFitness value='0.5'/>
	<unitsAverage value='107'/>
</results>
