<results>
	<result value='loss'/>
	<start value='2015-07-19.05:14:29'/>
	<end value='2015-07-19.05:15:37'/>
	<frames value='40240'/>
	<gameDuration value='2515'/>

	<player>
		<unitScore value='26800'/>
		<killScore value='17800'/>
		<buildingScore value='3850'/>
		<razingScore value='300'/>
		<mineralScore value='29546'/>
		<gasScore value='3560'/>
		<totalScore value='81856'/>
	</player>

	<enemy>
		<race value='Protoss'/>
		<unitScore value='27850'/>
		<killScore value='46250'/>
		<buildingScore value='8475'/>
		<razingScore value='11550'/>
		<mineralScore value='28626'/>
		<gasScore value='10350'/>
		<totalScore value='133101'/>
	</enemy>

	<scoreRatio value='0.614992'/>
	<timeFitness value='0.349306'/>
	<unitsAverage value='102'/>
</results>
