<results>
	<result value='loss'/>
	<start value='2015-05-10.01:39:24'/>
	<end value='2015-05-10.01:40:02'/>
	<frames value='46998'/>
	<gameDuration value='2937'/>

	<player>
		<unitScore value='21825'/>
		<killScore value='27750'/>
		<buildingScore value='2450'/>
		<razingScore value='1950'/>
		<mineralScore value='23978'/>
		<gasScore value='4896'/>
		<totalScore value='82849'/>
	</player>

	<enemy>
		<race value='Protoss'/>
		<unitScore value='33150'/>
		<unitScore value='33150'/>
		<killScore value='43650'/>
		<buildingScore value='7825'/>
		<razingScore value='7350'/>
		<mineralScore value='31638'/>
		<gasScore value='11204'/>
		<totalScore value='134817'/>
	</enemy>

	<scoreRatio value='0.614529'/>
	<timeFitness value='0.407917'/>
	<unitsAverage value='81'/>
</results>
