<results>
	<result value='win'/>
	<start value='2015-05-10.01:42:25'/>
	<end value='2015-05-10.01:43:09'/>
	<frames value='34381'/>
	<gameDuration value='2148'/>

	<player>
		<unitScore value='24600'/>
		<killScore value='30250'/>
		<buildingScore value='4175'/>
		<razingScore value='17475'/>
		<mineralScore value='33966'/>
		<gasScore value='3240'/>
		<totalScore value='113706'/>
	</player>

	<enemy>
		<race value='Protoss'/>
		<unitScore value='15125'/>
		<unitScore value='15125'/>
		<killScore value='26550'/>
		<buildingScore value='5825'/>
		<razingScore value='150'/>
		<mineralScore value='23050'/>
		<gasScore value='4048'/>
		<totalScore value='74748'/>
	</enemy>

	<scoreRatio value='1.52119'/>
	<timeFitness value='0.701667'/>
	<unitsAverage value='128'/>
</results>
