<results>
	<result value='win'/>
	<start value='2015-04-15.08:52:08'/>
	<end value='2015-04-15.08:54:09'/>
	<frames value='50067'/>
	<gameDuration value='3129'/>

	<player>
		<unitScore value='36000'/>
		<killScore value='47410'/>
		<buildingScore value='4000'/>
		<razingScore value='18375'/>
		<mineralScore value='37054'/>
		<gasScore value='6048'/>
		<totalScore value='148887'/>
	</player>

	<enemy>
		<race value='Protoss'/>
		<unitScore value='24760'/>
		<unitScore value='24760'/>
		<killScore value='45550'/>
		<buildingScore value='6125'/>
		<razingScore value='300'/>
		<mineralScore value='24138'/>
		<gasScore value='8818'/>
		<totalScore value='109691'/>
	</enemy>

	<scoreRatio value='1.35733'/>
</results>
