<results>
	<result value='win'/>
	<start value='2015-04-25.05:17:06'/>
	<end value='2015-04-25.05:17:31'/>
	<frames value='28305'/>
	<gameDuration value='1769'/>

	<player>
		<unitScore value='13550'/>
		<killScore value='28000'/>
		<buildingScore value='4025'/>
		<razingScore value='9900'/>
		<mineralScore value='20274'/>
		<gasScore value='2608'/>
		<totalScore value='78357'/>
	</player>

	<enemy>
		<race value='Terran'/>
		<unitScore value='14800'/>
		<unitScore value='14800'/>
		<killScore value='8850'/>
		<buildingScore value='3400'/>
		<razingScore value='1875'/>
		<mineralScore value='12738'/>
		<gasScore value='5536'/>
		<totalScore value='47199'/>
	</enemy>

	<scoreRatio value='1.66014'/>
</results>
