<results>
	<result value='loss'/>
	<start value='2015-04-25.05:25:35'/>
	<end value='2015-04-25.05:25:45'/>
	<frames value='19253'/>
	<gameDuration value='1203'/>

	<player>
		<unitScore value='4225'/>
		<killScore value='1700'/>
		<buildingScore value='1525'/>
		<razingScore value='0'/>
		<mineralScore value='6162'/>
		<gasScore value='552'/>
		<totalScore value='14164'/>
	</player>

	<enemy>
		<race value='Terran'/>
		<unitScore value='7725'/>
		<unitScore value='7725'/>
		<killScore value='8450'/>
		<buildingScore value='2950'/>
		<razingScore value='4575'/>
		<mineralScore value='8962'/>
		<gasScore value='3272'/>
		<totalScore value='35934'/>
	</enemy>

	<scoreRatio value='0.394167'/>
</results>
