<results>
	<result value='loss'/>
	<start value='2015-04-25.05:26:54'/>
	<end value='2015-04-25.05:27:08'/>
	<frames value='23004'/>
	<gameDuration value='1437'/>

	<player>
		<unitScore value='7400'/>
		<killScore value='4150'/>
		<buildingScore value='2175'/>
		<razingScore value='0'/>
		<mineralScore value='9770'/>
		<gasScore value='1440'/>
		<totalScore value='24935'/>
	</player>

	<enemy>
		<race value='Terran'/>
		<unitScore value='7950'/>
		<unitScore value='7950'/>
		<killScore value='14800'/>
		<buildingScore value='2850'/>
		<razingScore value='6525'/>
		<mineralScore value='10778'/>
		<gasScore value='3992'/>
		<totalScore value='46895'/>
	</enemy>

	<scoreRatio value='0.53172'/>
</results>
