<results>
	<result value='win'/>
	<start value='2015-04-25.05:27:23'/>
	<end value='2015-04-25.05:27:41'/>
	<frames value='23810'/>
	<gameDuration value='1488'/>

	<player>
		<unitScore value='10275'/>
		<killScore value='14100'/>
		<buildingScore value='2550'/>
		<razingScore value='8025'/>
		<mineralScore value='14658'/>
		<gasScore value='1624'/>
		<totalScore value='51232'/>
	</player>

	<enemy>
		<race value='Terran'/>
		<unitScore value='8150'/>
		<unitScore value='8150'/>
		<killScore value='8700'/>
		<buildingScore value='2675'/>
		<razingScore value='300'/>
		<mineralScore value='8546'/>
		<gasScore value='2976'/>
		<totalScore value='31347'/>
	</enemy>

	<scoreRatio value='1.63435'/>
</results>
