<results>
	<result value='loss'/>
	<start value='2015-07-14.05:28:44'/>
	<end value='2015-07-14.05:29:20'/>
	<frames value='33420'/>
	<gameDuration value='2088'/>

	<player>
		<unitScore value='16925'/>
		<killScore value='5300'/>
		<buildingScore value='3850'/>
		<razingScore value='0'/>
		<mineralScore value='22738'/>
		<gasScore value='2256'/>
		<totalScore value='51069'/>
	</player>

	<enemy>
		<race value='Protoss'/>
		<unitScore value='18850'/>
		<killScore value='32300'/>
		<buildingScore value='6825'/>
		<razingScore value='11550'/>
		<mineralScore value='22430'/>
		<gasScore value='7916'/>
		<totalScore value='99871'/>
	</enemy>

	<scoreRatio value='0.51135'/>
	<timeFitness value='0.29'/>
	<unitsAverage value='60'/>
</results>
