<results>
	<result value='loss'/>
	<start value='2015-05-02.14:36:08'/>
	<end value='2015-05-02.14:36:18'/>
	<frames value='15719'/>
	<gameDuration value='982'/>

	<player>
		<unitScore value='3000'/>
		<killScore value='350'/>
		<buildingScore value='1575'/>
		<razingScore value='0'/>
		<mineralScore value='4426'/>
		<gasScore value='0'/>
		<totalScore value='9351'/>
	</player>

	<enemy>
		<race value='Terran'/>
		<unitScore value='5200'/>
		<unitScore value='5200'/>
		<killScore value='6000'/>
		<buildingScore value='1500'/>
		<razingScore value='4725'/>
		<mineralScore value='7210'/>
		<gasScore value='2248'/>
		<totalScore value='26883'/>
	</enemy>

	<scoreRatio value='0.347841'/>
	<timeFitness value='0.136389'/>
	<unitsAverage value='17'/>
</results>
