<results>
	<result value='loss'/>
	<start value='2015-05-02.14:40:25'/>
	<end value='2015-05-02.14:40:35'/>
	<frames value='22167'/>
	<gameDuration value='1385'/>

	<player>
		<unitScore value='7850'/>
		<killScore value='4400'/>
		<buildingScore value='1875'/>
		<razingScore value='0'/>
		<mineralScore value='10306'/>
		<gasScore value='0'/>
		<totalScore value='24431'/>
	</player>

	<enemy>
		<race value='Terran'/>
		<unitScore value='8600'/>
		<unitScore value='8600'/>
		<killScore value='15700'/>
		<buildingScore value='2925'/>
		<razingScore value='5625'/>
		<mineralScore value='10850'/>
		<gasScore value='3960'/>
		<totalScore value='47660'/>
	</enemy>

	<scoreRatio value='0.51261'/>
	<timeFitness value='0.192361'/>
	<unitsAverage value='36'/>
</results>
