<results>
	<result value='win'/>
	<start value='2015-05-10.04:52:13'/>
	<end value='2015-05-10.04:52:45'/>
	<frames value='36334'/>
	<gameDuration value='2270'/>

	<player>
		<unitScore value='19300'/>
		<killScore value='24450'/>
		<buildingScore value='4725'/>
		<razingScore value='12375'/>
		<mineralScore value='23754'/>
		<gasScore value='3168'/>
		<totalScore value='87772'/>
	</player>

	<enemy>
		<race value='Terran'/>
		<unitScore value='15125'/>
		<unitScore value='15125'/>
		<killScore value='19400'/>
		<buildingScore value='4125'/>
		<razingScore value='3975'/>
		<mineralScore value='14586'/>
		<gasScore value='6970'/>
		<totalScore value='64181'/>
	</enemy>

	<scoreRatio value='1.36757'/>
	<timeFitness value='0.684722'/>
	<unitsAverage value='79'/>
</results>
