<results>
	<result value='win'/>
	<start value='2015-05-10.04:56:36'/>
	<end value='2015-05-10.04:57:09'/>
	<frames value='41387'/>
	<gameDuration value='2586'/>

	<player>
		<unitScore value='16075'/>
		<killScore value='28600'/>
		<buildingScore value='2400'/>
		<razingScore value='7950'/>
		<mineralScore value='19034'/>
		<gasScore value='3886'/>
		<totalScore value='77945'/>
	</player>

	<enemy>
		<race value='Terran'/>
		<unitScore value='14300'/>
		<unitScore value='14300'/>
		<killScore value='19400'/>
		<buildingScore value='2650'/>
		<razingScore value='300'/>
		<mineralScore value='12050'/>
		<gasScore value='5410'/>
		<totalScore value='54110'/>
	</enemy>

	<scoreRatio value='1.44049'/>
	<timeFitness value='0.640833'/>
	<unitsAverage value='79'/>
</results>
