<results>
	<result value='win'/>
	<start value='2015-05-10.05:00:40'/>
	<end value='2015-05-10.05:00:58'/>
	<frames value='24616'/>
	<gameDuration value='1538'/>

	<player>
		<unitScore value='10425'/>
		<killScore value='18100'/>
		<buildingScore value='3250'/>
		<razingScore value='9300'/>
		<mineralScore value='15602'/>
		<gasScore value='1752'/>
		<totalScore value='58429'/>
	</player>

	<enemy>
		<race value='Terran'/>
		<unitScore value='10050'/>
		<unitScore value='10050'/>
		<killScore value='7300'/>
		<buildingScore value='3100'/>
		<razingScore value='1350'/>
		<mineralScore value='10426'/>
		<gasScore value='4592'/>
		<totalScore value='36818'/>
	</enemy>

	<scoreRatio value='1.58697'/>
	<timeFitness value='0.786389'/>
	<unitsAverage value='59'/>
</results>
