<results>
	<result value='win'/>
	<start value='2015-05-10.05:01:41'/>
	<end value='2015-05-10.05:03:17'/>
	<frames value='55306'/>
	<gameDuration value='3456'/>

	<player>
		<unitScore value='25675'/>
		<killScore value='36150'/>
		<buildingScore value='5100'/>
		<razingScore value='13425'/>
		<mineralScore value='40738'/>
		<gasScore value='7108'/>
		<totalScore value='128196'/>
	</player>

	<enemy>
		<race value='Terran'/>
		<unitScore value='20875'/>
		<unitScore value='20875'/>
		<killScore value='24750'/>
		<buildingScore value='4475'/>
		<razingScore value='750'/>
		<mineralScore value='17698'/>
		<gasScore value='8034'/>
		<totalScore value='76582'/>
	</enemy>

	<scoreRatio value='1.67397'/>
	<timeFitness value='0.52'/>
	<unitsAverage value='156'/>
</results>
