<results>
	<result value='loss'/>
	<start value='2015-07-11.19:13:27'/>
	<end value='2015-07-11.19:13:41'/>
	<frames value='21764'/>
	<gameDuration value='1360'/>

	<player>
		<unitScore value='7075'/>
		<killScore value='2600'/>
		<buildingScore value='2450'/>
		<razingScore value='0'/>
		<mineralScore value='8858'/>
		<gasScore value='1088'/>
		<totalScore value='22071'/>
	</player>

	<enemy>
		<race value='Terran'/>
		<unitScore value='8025'/>
		<killScore value='13700'/>
		<buildingScore value='2925'/>
		<razingScore value='7350'/>
		<mineralScore value='10506'/>
		<gasScore value='3864'/>
		<totalScore value='46370'/>
	</enemy>

	<scoreRatio value='0.475976'/>
	<timeFitness value='0.188889'/>
	<unitsAverage value='28'/>
</results>
