<results>
	<result value='loss'/>
	<start value='2015-07-11.19:22:09'/>
	<end value='2015-07-11.19:22:30'/>
	<frames value='21950'/>
	<gameDuration value='1371'/>

	<player>
		<unitScore value='8500'/>
		<killScore value='3600'/>
		<buildingScore value='2250'/>
		<razingScore value='0'/>
		<mineralScore value='10210'/>
		<gasScore value='1208'/>
		<totalScore value='25768'/>
	</player>

	<enemy>
		<race value='Terran'/>
		<unitScore value='9600'/>
		<killScore value='16000'/>
		<buildingScore value='3375'/>
		<razingScore value='6750'/>
		<mineralScore value='10682'/>
		<gasScore value='4520'/>
		<totalScore value='50927'/>
	</enemy>

	<scoreRatio value='0.505979'/>
	<timeFitness value='0.190417'/>
	<unitsAverage value='36'/>
</results>
