<results>
	<result value='win'/>
	<start value='2015-05-08.18:07:18'/>
	<end value='2015-05-08.18:07:36'/>
	<frames value='25019'/>
	<gameDuration value='1563'/>

	<player>
		<unitScore value='10475'/>
		<killScore value='18300'/>
		<buildingScore value='3750'/>
		<razingScore value='8550'/>
		<mineralScore value='17714'/>
		<gasScore value='2880'/>
		<totalScore value='61669'/>
	</player>

	<enemy>
		<race value='Terran'/>
		<unitScore value='9150'/>
		<unitScore value='9150'/>
		<killScore value='4750'/>
		<buildingScore value='2850'/>
		<razingScore value='1875'/>
		<mineralScore value='10082'/>
		<gasScore value='4000'/>
		<totalScore value='32707'/>
	</enemy>

	<scoreRatio value='1.8855'/>
	<timeFitness value='0.782917'/>
	<unitsAverage value='72'/>
</results>
