<results>
	<result value='win'/>
	<start value='2015-05-08.18:08:42'/>
	<end value='2015-05-08.18:08:51'/>
	<frames value='16773'/>
	<gameDuration value='1048'/>

	<player>
		<unitScore value='5600'/>
		<killScore value='10100'/>
		<buildingScore value='2050'/>
		<razingScore value='4350'/>
		<mineralScore value='9258'/>
		<gasScore value='1776'/>
		<totalScore value='33134'/>
	</player>

	<enemy>
		<race value='Terran'/>
		<unitScore value='5050'/>
		<unitScore value='5050'/>
		<killScore value='1900'/>
		<buildingScore value='1450'/>
		<razingScore value='300'/>
		<mineralScore value='7306'/>
		<gasScore value='1824'/>
		<totalScore value='17830'/>
	</enemy>

	<scoreRatio value='1.85833'/>
	<timeFitness value='0.854444'/>
	<unitsAverage value='48'/>
</results>
