<results>
	<result value='loss'/>
	<start value='2015-05-05.07:59:33'/>
	<end value='2015-05-05.07:59:58'/>
	<frames value='46502'/>
	<gameDuration value='2906'/>

	<player>
		<unitScore value='13200'/>
		<killScore value='11200'/>
		<buildingScore value='3900'/>
		<razingScore value='0'/>
		<mineralScore value='17446'/>
		<gasScore value='2584'/>
		<totalScore value='48330'/>
	</player>

	<enemy>
		<race value='Terran'/>
		<unitScore value='21825'/>
		<unitScore value='21825'/>
		<killScore value='26400'/>
		<buildingScore value='5175'/>
		<razingScore value='11850'/>
		<mineralScore value='28470'/>
		<gasScore value='11252'/>
		<totalScore value='104972'/>
	</enemy>

	<scoreRatio value='0.460408'/>
	<timeFitness value='0.403611'/>
	<unitsAverage value='43'/>
</results>
