<results>
	<result value='draw'/>
	<start value='2015-05-09.09:35:46'/>
	<end value='2015-05-09.09:36:40'/>
	<frames value='57601'/>
	<gameDuration value='3600'/>

	<player>
		<unitScore value='30425'/>
		<killScore value='41350'/>
		<buildingScore value='3575'/>
		<razingScore value='225'/>
		<mineralScore value='32822'/>
		<gasScore value='7312'/>
		<totalScore value='115709'/>
	</player>

	<enemy>
		<race value='Terran'/>
		<unitScore value='27075'/>
		<unitScore value='27075'/>
		<killScore value='52950'/>
		<buildingScore value='4075'/>
		<razingScore value='1950'/>
		<mineralScore value='19550'/>
		<gasScore value='12270'/>
		<totalScore value='117870'/>
	</enemy>

	<scoreRatio value='0.981666'/>
	<timeFitness value='0.5'/>
	<unitsAverage value='110'/>
</results>
