<results>
	<result value='loss'/>
	<start value='2015-05-11.03:06:31'/>
	<end value='2015-05-11.03:06:38'/>
	<frames value='14293'/>
	<gameDuration value='893'/>

	<player>
		<unitScore value='1900'/>
		<killScore value='400'/>
		<buildingScore value='1225'/>
		<razingScore value='0'/>
		<mineralScore value='2810'/>
		<gasScore value='688'/>
		<totalScore value='7023'/>
	</player>

	<enemy>
		<race value='Protoss'/>
		<unitScore value='3550'/>
		<unitScore value='3550'/>
		<killScore value='3800'/>
		<buildingScore value='2575'/>
		<razingScore value='3675'/>
		<mineralScore value='7554'/>
		<gasScore value='1264'/>
		<totalScore value='22418'/>
	</enemy>

	<scoreRatio value='0.313275'/>
	<timeFitness value='0.124028'/>
	<unitsAverage value='15'/>
</results>
