<results>
	<result value='loss'/>
	<start value='2015-05-11.16:51:24'/>
	<end value='2015-05-11.16:52:08'/>
	<frames value='47494'/>
	<gameDuration value='2968'/>

	<player>
		<unitScore value='20450'/>
		<killScore value='24450'/>
		<buildingScore value='2275'/>
		<razingScore value='6150'/>
		<mineralScore value='24082'/>
		<gasScore value='1168'/>
		<totalScore value='78575'/>
	</player>

	<enemy>
		<race value='Protoss'/>
		<unitScore value='24100'/>
		<unitScore value='24100'/>
		<killScore value='40900'/>
		<buildingScore value='8725'/>
		<razingScore value='6825'/>
		<mineralScore value='28002'/>
		<gasScore value='7888'/>
		<totalScore value='116440'/>
	</enemy>

	<scoreRatio value='0.674811'/>
	<timeFitness value='0.412222'/>
	<unitsAverage value='78'/>
</results>
