<results>
	<result value='loss'/>
	<start value='2015-05-11.03:10:56'/>
	<end value='2015-05-11.03:11:02'/>
	<frames value='13301'/>
	<gameDuration value='831'/>

	<player>
		<unitScore value='2050'/>
		<killScore value='200'/>
		<buildingScore value='1375'/>
		<razingScore value='0'/>
		<mineralScore value='3330'/>
		<gasScore value='648'/>
		<totalScore value='7603'/>
	</player>

	<enemy>
		<race value='Protoss'/>
		<unitScore value='3500'/>
		<unitScore value='3500'/>
		<killScore value='4100'/>
		<buildingScore value='2525'/>
		<razingScore value='4125'/>
		<mineralScore value='6778'/>
		<gasScore value='1384'/>
		<totalScore value='22412'/>
	</enemy>

	<scoreRatio value='0.339238'/>
	<timeFitness value='0.115417'/>
	<unitsAverage value='17'/>
</results>
