<results>
	<result value='win'/>
	<start value='2015-05-03.02:17:59'/>
	<end value='2015-05-03.02:18:32'/>
	<frames value='31684'/>
	<gameDuration value='1980'/>

	<player>
		<unitScore value='23150'/>
		<killScore value='14900'/>
		<buildingScore value='3925'/>
		<razingScore value='10725'/>
		<mineralScore value='32822'/>
		<gasScore value='1256'/>
		<totalScore value='86778'/>
	</player>

	<enemy>
		<race value='Protoss'/>
		<unitScore value='7450'/>
		<unitScore value='7450'/>
		<killScore value='19950'/>
		<buildingScore value='3575'/>
		<razingScore value='0'/>
		<mineralScore value='15842'/>
		<gasScore value='984'/>
		<totalScore value='47801'/>
	</enemy>

	<scoreRatio value='1.8154'/>
	<timeFitness value='0.725'/>
	<unitsAverage value='122'/>
</results>
