<results>
	<result value='win'/>
	<start value='2015-05-11.03:21:01'/>
	<end value='2015-05-11.03:21:50'/>
	<frames value='34691'/>
	<gameDuration value='2168'/>

	<player>
		<unitScore value='24725'/>
		<killScore value='34050'/>
		<buildingScore value='5025'/>
		<razingScore value='9495'/>
		<mineralScore value='33970'/>
		<gasScore value='3568'/>
		<totalScore value='110833'/>
	</player>

	<enemy>
		<race value='Zerg'/>
		<unitScore value='15850'/>
		<unitScore value='15850'/>
		<killScore value='26750'/>
		<buildingScore value='3165'/>
		<razingScore value='2175'/>
		<mineralScore value='15902'/>
		<gasScore value='4664'/>
		<totalScore value='68506'/>
	</enemy>

	<scoreRatio value='1.61786'/>
	<timeFitness value='0.698889'/>
	<unitsAverage value='114'/>
</results>
