<results>
	<result value='win'/>
	<start value='2015-05-11.03:30:58'/>
	<end value='2015-05-11.03:31:41'/>
	<frames value='32428'/>
	<gameDuration value='2026'/>

	<player>
		<unitScore value='22000'/>
		<killScore value='34610'/>
		<buildingScore value='3650'/>
		<razingScore value='6795'/>
		<mineralScore value='29094'/>
		<gasScore value='2488'/>
		<totalScore value='98637'/>
	</player>

	<enemy>
		<race value='Zerg'/>
		<unitScore value='15825'/>
		<unitScore value='15825'/>
		<killScore value='22300'/>
		<buildingScore value='2265'/>
		<razingScore value='0'/>
		<mineralScore value='14862'/>
		<gasScore value='5464'/>
		<totalScore value='60716'/>
	</enemy>

	<scoreRatio value='1.62456'/>
	<timeFitness value='0.718611'/>
	<unitsAverage value='106'/>
</results>
