<results>
	<result value='win'/>
	<start value='2015-05-11.03:31:45'/>
	<end value='2015-05-11.03:32:40'/>
	<frames value='36148'/>
	<gameDuration value='2259'/>

	<player>
		<unitScore value='19675'/>
		<killScore value='22015'/>
		<buildingScore value='4975'/>
		<razingScore value='5535'/>
		<mineralScore value='38522'/>
		<gasScore value='3944'/>
		<totalScore value='94666'/>
	</player>

	<enemy>
		<race value='Zerg'/>
		<unitScore value='10150'/>
		<unitScore value='10150'/>
		<killScore value='15450'/>
		<buildingScore value='1845'/>
		<razingScore value='150'/>
		<mineralScore value='9574'/>
		<gasScore value='2616'/>
		<totalScore value='39785'/>
	</enemy>

	<scoreRatio value='2.37944'/>
	<timeFitness value='0.68625'/>
	<unitsAverage value='123'/>
</results>
