<results>
	<result value='win'/>
	<start value='2015-04-07.23:11:40'/>
	<end value='2015-04-07.23:12:14'/>
	<frames value='29855'/>
	<gameDuration value='1865'/>

	<player>
		<unitScore value='19525'/>
		<killScore value='28700'/>
		<buildingScore value='4525'/>
		<razingScore value='15600'/>
		<mineralScore value='29610'/>
		<gasScore value='2240'/>
		<totalScore value='100200'/>
	</player>

	<enemy>
		<race value='Protoss'/>
		<unitScore value='14575'/>
		<unitScore value='14575'/>
		<killScore value='16250'/>
		<buildingScore value='5200'/>
		<razingScore value='0'/>
		<mineralScore value='20782'/>
		<gasScore value='3368'/>
		<totalScore value='60175'/>
	</enemy>

	<scoreRatio value='1.66514'/>
</results>
