<results>
	<result value='loss'/>
	<start value='2015-04-11.00:14:29'/>
	<end value='2015-04-11.00:14:46'/>
	<frames value='18788'/>
	<gameDuration value='1174'/>

	<player>
		<unitScore value='4800'/>
		<killScore value='2100'/>
		<buildingScore value='1700'/>
		<razingScore value='0'/>
		<mineralScore value='6490'/>
		<gasScore value='744'/>
		<totalScore value='15834'/>
	</player>

	<enemy>
		<race value='Protoss'/>
		<unitScore value='4800'/>
		<unitScore value='4800'/>
		<killScore value='9600'/>
		<buildingScore value='4475'/>
		<razingScore value='5100'/>
		<mineralScore value='10754'/>
		<gasScore value='2072'/>
		<totalScore value='36801'/>
	</enemy>

	<scoreRatio value='0.43026'/>
</results>
