<results>
	<result value='loss'/>
	<start value='2015-07-19.20:42:51'/>
	<end value='2015-07-19.20:43:39'/>
	<frames value='29514'/>
	<gameDuration value='1844'/>

	<player>
		<unitScore value='12750'/>
		<killScore value='6800'/>
		<buildingScore value='3300'/>
		<razingScore value='0'/>
		<mineralScore value='18834'/>
		<gasScore value='1992'/>
		<totalScore value='43676'/>
	</player>

	<enemy>
		<race value='Zerg'/>
		<unitScore value='15800'/>
		<killScore value='25500'/>
		<buildingScore value='3420'/>
		<razingScore value='9900'/>
		<mineralScore value='17502'/>
		<gasScore value='6392'/>
		<totalScore value='78514'/>
	</enemy>

	<scoreRatio value='0.556283'/>
	<timeFitness value='0.256111'/>
	<unitsAverage value='60'/>
</results>
