<results>
	<result value='loss'/>
	<start value='2015-07-19.20:46:30'/>
	<end value='2015-07-19.20:47:02'/>
	<frames value='29762'/>
	<gameDuration value='1860'/>

	<player>
		<unitScore value='10525'/>
		<killScore value='10400'/>
		<buildingScore value='2250'/>
		<razingScore value='0'/>
		<mineralScore value='10026'/>
		<gasScore value='2288'/>
		<totalScore value='35489'/>
	</player>

	<enemy>
		<race value='Zerg'/>
		<unitScore value='18025'/>
		<killScore value='21050'/>
		<buildingScore value='3710'/>
		<razingScore value='6750'/>
		<mineralScore value='18562'/>
		<gasScore value='6216'/>
		<totalScore value='74313'/>
	</enemy>

	<scoreRatio value='0.477561'/>
	<timeFitness value='0.258333'/>
	<unitsAverage value='39'/>
</results>
