<results>
	<result value='loss'/>
	<start value='2015-05-05.19:35:12'/>
	<end value='2015-05-05.19:35:27'/>
	<frames value='16308'/>
	<gameDuration value='1019'/>

	<player>
		<unitScore value='3400'/>
		<killScore value='1250'/>
		<buildingScore value='1975'/>
		<razingScore value='0'/>
		<mineralScore value='5514'/>
		<gasScore value='752'/>
		<totalScore value='12891'/>
	</player>

	<enemy>
		<race value='Terran'/>
		<unitScore value='5500'/>
		<unitScore value='5500'/>
		<killScore value='6800'/>
		<buildingScore value='1900'/>
		<razingScore value='5925'/>
		<mineralScore value='7338'/>
		<gasScore value='2536'/>
		<totalScore value='29999'/>
	</enemy>

	<scoreRatio value='0.429714'/>
	<timeFitness value='0.141528'/>
	<unitsAverage value='27'/>
</results>
