<results>
	<result value='draw'/>
	<start value='2015-05-05.19:43:03'/>
	<end value='2015-05-05.19:43:52'/>
	<frames value='57601'/>
	<gameDuration value='3600'/>

	<player>
		<unitScore value='8925'/>
		<killScore value='23950'/>
		<buildingScore value='1925'/>
		<razingScore value='7425'/>
		<mineralScore value='10738'/>
		<gasScore value='1368'/>
		<totalScore value='54331'/>
	</player>

	<enemy>
		<race value='Terran'/>
		<unitScore value='14675'/>
		<unitScore value='14675'/>
		<killScore value='16500'/>
		<buildingScore value='5200'/>
		<razingScore value='5475'/>
		<mineralScore value='15394'/>
		<gasScore value='7612'/>
		<totalScore value='64856'/>
	</enemy>

	<scoreRatio value='0.837717'/>
	<timeFitness value='0.5'/>
	<unitsAverage value='22'/>
</results>
