<results>
	<result value='draw'/>
	<start value='2015-05-05.19:41:15'/>
	<end value='2015-05-05.19:42:35'/>
	<frames value='57601'/>
	<gameDuration value='3600'/>

	<player>
		<unitScore value='21375'/>
		<killScore value='30700'/>
		<buildingScore value='2750'/>
		<razingScore value='5325'/>
		<mineralScore value='23514'/>
		<gasScore value='4928'/>
		<totalScore value='88592'/>
	</player>

	<enemy>
		<race value='Terran'/>
		<unitScore value='23175'/>
		<unitScore value='23175'/>
		<killScore value='32950'/>
		<buildingScore value='5000'/>
		<razingScore value='1875'/>
		<mineralScore value='19818'/>
		<gasScore value='11126'/>
		<totalScore value='93944'/>
	</enemy>

	<scoreRatio value='0.94303'/>
	<timeFitness value='0.5'/>
	<unitsAverage value='75'/>
</results>
