<results>
	<result value='win'/>
	<start value='2015-05-05.19:50:46'/>
	<end value='2015-05-05.19:51:30'/>
	<frames value='26693'/>
	<gameDuration value='1668'/>

	<player>
		<unitScore value='15400'/>
		<killScore value='24700'/>
		<buildingScore value='4125'/>
		<razingScore value='6900'/>
		<mineralScore value='23714'/>
		<gasScore value='2728'/>
		<totalScore value='77567'/>
	</player>

	<enemy>
		<race value='Terran'/>
		<unitScore value='12350'/>
		<unitScore value='12350'/>
		<killScore value='12450'/>
		<buildingScore value='2300'/>
		<razingScore value='0'/>
		<mineralScore value='11962'/>
		<gasScore value='4336'/>
		<totalScore value='43398'/>
	</enemy>

	<scoreRatio value='1.78734'/>
	<timeFitness value='0.768333'/>
	<unitsAverage value='88'/>
</results>
