<results>
	<result value='loss'/>
	<start value='2015-05-05.19:51:34'/>
	<end value='2015-05-05.19:51:52'/>
	<frames value='20648'/>
	<gameDuration value='1290'/>

	<player>
		<unitScore value='3425'/>
		<killScore value='2700'/>
		<buildingScore value='1725'/>
		<razingScore value='0'/>
		<mineralScore value='5610'/>
		<gasScore value='1072'/>
		<totalScore value='14532'/>
	</player>

	<enemy>
		<race value='Terran'/>
		<unitScore value='7800'/>
		<unitScore value='7800'/>
		<killScore value='6850'/>
		<buildingScore value='2850'/>
		<razingScore value='5175'/>
		<mineralScore value='9762'/>
		<gasScore value='3592'/>
		<totalScore value='36029'/>
	</enemy>

	<scoreRatio value='0.403342'/>
	<timeFitness value='0.179167'/>
	<unitsAverage value='26'/>
</results>
