<results>
	<result value='win'/>
	<start value='2015-04-11.18:25:58'/>
	<end value='2015-04-11.18:27:26'/>
	<frames value='35404'/>
	<gameDuration value='2212'/>

	<player>
		<unitScore value='21500'/>
		<killScore value='33350'/>
		<buildingScore value='4550'/>
		<razingScore value='17475'/>
		<mineralScore value='35442'/>
		<gasScore value='4000'/>
		<totalScore value='116317'/>
	</player>

	<enemy>
		<race value='Protoss'/>
		<unitScore value='17225'/>
		<unitScore value='17225'/>
		<killScore value='20200'/>
		<buildingScore value='5825'/>
		<razingScore value='150'/>
		<mineralScore value='18894'/>
		<gasScore value='4496'/>
		<totalScore value='66790'/>
	</enemy>

	<scoreRatio value='1.74153'/>
</results>
