<results>
	<result value='loss'/>
	<start value='2015-05-05.06:16:32'/>
	<end value='2015-05-05.06:16:42'/>
	<frames value='21764'/>
	<gameDuration value='1360'/>

	<player>
		<unitScore value='7900'/>
		<killScore value='2300'/>
		<buildingScore value='3025'/>
		<razingScore value='0'/>
		<mineralScore value='11434'/>
		<gasScore value='0'/>
		<totalScore value='24659'/>
	</player>

	<enemy>
		<race value='Terran'/>
		<unitScore value='8200'/>
		<unitScore value='8200'/>
		<killScore value='15800'/>
		<buildingScore value='3100'/>
		<razingScore value='9075'/>
		<mineralScore value='10202'/>
		<gasScore value='4136'/>
		<totalScore value='50513'/>
	</enemy>

	<scoreRatio value='0.488171'/>
	<timeFitness value='0.188889'/>
	<unitsAverage value='35'/>
</results>
