<results>
	<result value='win'/>
	<start value='2015-05-09.07:59:05'/>
	<end value='2015-05-09.08:00:06'/>
	<frames value='54841'/>
	<gameDuration value='3427'/>

	<player>
		<unitScore value='36025'/>
		<killScore value='47550'/>
		<buildingScore value='4300'/>
		<razingScore value='10425'/>
		<mineralScore value='39606'/>
		<gasScore value='5992'/>
		<totalScore value='143898'/>
	</player>

	<enemy>
		<race value='Terran'/>
		<unitScore value='29925'/>
		<unitScore value='29925'/>
		<killScore value='46050'/>
		<buildingScore value='3925'/>
		<razingScore value='1725'/>
		<mineralScore value='18990'/>
		<gasScore value='11208'/>
		<totalScore value='111823'/>
	</enemy>

	<scoreRatio value='1.28684'/>
	<timeFitness value='0.524028'/>
	<unitsAverage value='130'/>
</results>
