<results>
	<result value='loss'/>
	<start value='2015-05-02.23:16:20'/>
	<end value='2015-05-02.23:16:36'/>
	<frames value='21609'/>
	<gameDuration value='1350'/>

	<player>
		<unitScore value='7200'/>
		<killScore value='4250'/>
		<buildingScore value='1725'/>
		<razingScore value='0'/>
		<mineralScore value='9418'/>
		<gasScore value='0'/>
		<totalScore value='22593'/>
	</player>

	<enemy>
		<race value='Terran'/>
		<unitScore value='8375'/>
		<unitScore value='8375'/>
		<killScore value='14400'/>
		<buildingScore value='3300'/>
		<razingScore value='5175'/>
		<mineralScore value='10490'/>
		<gasScore value='4112'/>
		<totalScore value='45852'/>
	</enemy>

	<scoreRatio value='0.492738'/>
	<timeFitness value='0.1875'/>
	<unitsAverage value='32'/>
</results>
