<results>
	<result value='draw'/>
	<start value='2015-05-02.23:21:08'/>
	<end value='2015-05-02.23:21:51'/>
	<frames value='57601'/>
	<gameDuration value='3600'/>

	<player>
		<unitScore value='15950'/>
		<killScore value='17600'/>
		<buildingScore value='1700'/>
		<razingScore value='2025'/>
		<mineralScore value='18118'/>
		<gasScore value='0'/>
		<totalScore value='55393'/>
	</player>

	<enemy>
		<race value='Terran'/>
		<unitScore value='12450'/>
		<unitScore value='12450'/>
		<killScore value='29500'/>
		<buildingScore value='4250'/>
		<razingScore value='2625'/>
		<mineralScore value='19550'/>
		<gasScore value='11526'/>
		<totalScore value='79901'/>
	</enemy>

	<scoreRatio value='0.69327'/>
	<timeFitness value='0.5'/>
	<unitsAverage value='40'/>
</results>
