<results>
	<result value='win'/>
	<start value='2015-05-02.23:21:54'/>
	<end value='2015-05-02.23:22:58'/>
	<frames value='37512'/>
	<gameDuration value='2344'/>

	<player>
		<unitScore value='22675'/>
		<killScore value='28650'/>
		<buildingScore value='4875'/>
		<razingScore value='11175'/>
		<mineralScore value='32818'/>
		<gasScore value='4240'/>
		<totalScore value='104433'/>
	</player>

	<enemy>
		<race value='Terran'/>
		<unitScore value='15175'/>
		<unitScore value='15175'/>
		<killScore value='19650'/>
		<buildingScore value='3725'/>
		<razingScore value='1950'/>
		<mineralScore value='14598'/>
		<gasScore value='6360'/>
		<totalScore value='61458'/>
	</enemy>

	<scoreRatio value='1.69926'/>
	<timeFitness value='0.674444'/>
	<unitsAverage value='116'/>
</results>
