<results>
	<result value='win'/>
	<start value='2015-05-07.16:58:27'/>
	<end value='2015-05-07.16:59:19'/>
	<frames value='48889'/>
	<gameDuration value='3055'/>

	<player>
		<unitScore value='23850'/>
		<killScore value='42950'/>
		<buildingScore value='4225'/>
		<razingScore value='15600'/>
		<mineralScore value='31766'/>
		<gasScore value='4408'/>
		<totalScore value='122799'/>
	</player>

	<enemy>
		<race value='Terran'/>
		<unitScore value='26625'/>
		<unitScore value='26625'/>
		<killScore value='27250'/>
		<buildingScore value='5200'/>
		<razingScore value='3750'/>
		<mineralScore value='22426'/>
		<gasScore value='10618'/>
		<totalScore value='95869'/>
	</enemy>

	<scoreRatio value='1.2809'/>
	<timeFitness value='0.575694'/>
	<unitsAverage value='106'/>
</results>
