<results>
	<result value='loss'/>
	<start value='2015-04-14.01:55:26'/>
	<end value='2015-04-14.01:55:41'/>
	<frames value='18292'/>
	<gameDuration value='1143'/>

	<player>
		<unitScore value='2950'/>
		<killScore value='1800'/>
		<buildingScore value='1525'/>
		<razingScore value='0'/>
		<mineralScore value='4770'/>
		<gasScore value='688'/>
		<totalScore value='11733'/>
	</player>

	<enemy>
		<race value='Protoss'/>
		<unitScore value='3850'/>
		<unitScore value='3850'/>
		<killScore value='6000'/>
		<buildingScore value='4425'/>
		<razingScore value='4575'/>
		<mineralScore value='10354'/>
		<gasScore value='1840'/>
		<totalScore value='31044'/>
	</enemy>

	<scoreRatio value='0.377947'/>
</results>
