<results>
	<result value='loss'/>
	<start value='2015-04-14.02:13:08'/>
	<end value='2015-04-14.02:13:22'/>
	<frames value='14541'/>
	<gameDuration value='908'/>

	<player>
		<unitScore value='2650'/>
		<killScore value='400'/>
		<buildingScore value='1575'/>
		<razingScore value='0'/>
		<mineralScore value='4522'/>
		<gasScore value='656'/>
		<totalScore value='9803'/>
	</player>

	<enemy>
		<race value='Protoss'/>
		<unitScore value='3550'/>
		<unitScore value='3550'/>
		<killScore value='5300'/>
		<buildingScore value='2475'/>
		<razingScore value='4725'/>
		<mineralScore value='7418'/>
		<gasScore value='1256'/>
		<totalScore value='24724'/>
	</enemy>

	<scoreRatio value='0.396497'/>
</results>
