<results>
	<result value='win'/>
	<start value='2015-05-05.01:10:49'/>
	<end value='2015-05-05.01:12:06'/>
	<frames value='32459'/>
	<gameDuration value='2028'/>

	<player>
		<unitScore value='21900'/>
		<killScore value='40640'/>
		<buildingScore value='5050'/>
		<razingScore value='8190'/>
		<mineralScore value='32722'/>
		<gasScore value='3824'/>
		<totalScore value='112326'/>
	</player>

	<enemy>
		<race value='Zerg'/>
		<unitScore value='17600'/>
		<unitScore value='17600'/>
		<killScore value='17350'/>
		<buildingScore value='2730'/>
		<razingScore value='2100'/>
		<mineralScore value='17098'/>
		<gasScore value='4600'/>
		<totalScore value='61478'/>
	</enemy>

	<scoreRatio value='1.82709'/>
	<timeFitness value='0.718333'/>
	<unitsAverage value='118'/>
</results>
