<results>
	<result value='win'/>
	<start value='2015-05-05.01:20:48'/>
	<end value='2015-05-05.01:22:17'/>
	<frames value='35032'/>
	<gameDuration value='2189'/>

	<player>
		<unitScore value='24425'/>
		<killScore value='43670'/>
		<buildingScore value='4750'/>
		<razingScore value='5190'/>
		<mineralScore value='39550'/>
		<gasScore value='2856'/>
		<totalScore value='120441'/>
	</player>

	<enemy>
		<race value='Zerg'/>
		<unitScore value='19475'/>
		<unitScore value='19475'/>
		<killScore value='24750'/>
		<buildingScore value='1730'/>
		<razingScore value='1425'/>
		<mineralScore value='14978'/>
		<gasScore value='5784'/>
		<totalScore value='68142'/>
	</enemy>

	<scoreRatio value='1.7675'/>
	<timeFitness value='0.695972'/>
	<unitsAverage value='136'/>
</results>
