<results>
	<result value='win'/>
	<start value='2015-05-05.01:38:30'/>
	<end value='2015-05-05.01:39:45'/>
	<frames value='32893'/>
	<gameDuration value='2055'/>

	<player>
		<unitScore value='20800'/>
		<killScore value='27840'/>
		<buildingScore value='3825'/>
		<razingScore value='9225'/>
		<mineralScore value='29778'/>
		<gasScore value='2744'/>
		<totalScore value='94212'/>
	</player>

	<enemy>
		<race value='Zerg'/>
		<unitScore value='14175'/>
		<unitScore value='14175'/>
		<killScore value='15300'/>
		<buildingScore value='3075'/>
		<razingScore value='150'/>
		<mineralScore value='14314'/>
		<gasScore value='4256'/>
		<totalScore value='51270'/>
	</enemy>

	<scoreRatio value='1.83757'/>
	<timeFitness value='0.714583'/>
	<unitsAverage value='118'/>
</results>
