<results>
	<result value='win'/>
	<start value='2015-05-05.01:48:14'/>
	<end value='2015-05-05.01:49:17'/>
	<frames value='29638'/>
	<gameDuration value='1852'/>

	<player>
		<unitScore value='22000'/>
		<killScore value='32630'/>
		<buildingScore value='4750'/>
		<razingScore value='7605'/>
		<mineralScore value='33038'/>
		<gasScore value='3384'/>
		<totalScore value='103407'/>
	</player>

	<enemy>
		<race value='Zerg'/>
		<unitScore value='14375'/>
		<unitScore value='14375'/>
		<killScore value='21150'/>
		<buildingScore value='2535'/>
		<razingScore value='1725'/>
		<mineralScore value='13930'/>
		<gasScore value='3792'/>
		<totalScore value='57507'/>
	</enemy>

	<scoreRatio value='1.79816'/>
	<timeFitness value='0.742778'/>
	<unitsAverage value='113'/>
</results>
