<results>
	<result value='win'/>
	<start value='2015-04-29.12:34:24'/>
	<end value='2015-04-29.12:34:56'/>
	<frames value='24120'/>
	<gameDuration value='1507'/>

	<player>
		<unitScore value='14850'/>
		<killScore value='23880'/>
		<buildingScore value='4500'/>
		<razingScore value='4560'/>
		<mineralScore value='22642'/>
		<gasScore value='2392'/>
		<totalScore value='72824'/>
	</player>

	<enemy>
		<race value='Zerg'/>
		<unitScore value='10525'/>
		<unitScore value='10525'/>
		<killScore value='9300'/>
		<buildingScore value='1520'/>
		<razingScore value='0'/>
		<mineralScore value='9594'/>
		<gasScore value='2896'/>
		<totalScore value='33835'/>
	</enemy>

	<scoreRatio value='2.15233'/>
</results>
