<results>
	<result value='win'/>
	<start value='2015-04-30.06:37:00'/>
	<end value='2015-04-30.06:37:17'/>
	<frames value='20803'/>
	<gameDuration value='1300'/>

	<player>
		<unitScore value='9775'/>
		<killScore value='13950'/>
		<buildingScore value='2625'/>
		<razingScore value='6525'/>
		<mineralScore value='13482'/>
		<gasScore value='1528'/>
		<totalScore value='47885'/>
	</player>

	<enemy>
		<race value='Terran'/>
		<unitScore value='6975'/>
		<unitScore value='6975'/>
		<killScore value='6250'/>
		<buildingScore value='2175'/>
		<razingScore value='150'/>
		<mineralScore value='9202'/>
		<gasScore value='2928'/>
		<totalScore value='27680'/>
	</enemy>

	<scoreRatio value='1.72995'/>
	<timeFitness value='0.819444'/>
	<unitsAverage value='59'/>
</results>
