<results>
	<result value='loss'/>
	<start value='2015-04-26.17:08:45'/>
	<end value='2015-04-26.17:08:56'/>
	<frames value='19160'/>
	<gameDuration value='1197'/>

	<player>
		<unitScore value='3925'/>
		<killScore value='3800'/>
		<buildingScore value='1625'/>
		<razingScore value='0'/>
		<mineralScore value='5562'/>
		<gasScore value='616'/>
		<totalScore value='15528'/>
	</player>

	<enemy>
		<race value='Terran'/>
		<unitScore value='7775'/>
		<unitScore value='7775'/>
		<killScore value='7850'/>
		<buildingScore value='2850'/>
		<razingScore value='4875'/>
		<mineralScore value='8810'/>
		<gasScore value='3344'/>
		<totalScore value='35504'/>
	</enemy>

	<scoreRatio value='0.437359'/>
</results>
