<results>
	<result value='win'/>
	<start value='2015-04-26.17:09:24'/>
	<end value='2015-04-26.17:09:49'/>
	<frames value='28739'/>
	<gameDuration value='1796'/>

	<player>
		<unitScore value='12000'/>
		<killScore value='25300'/>
		<buildingScore value='2250'/>
		<razingScore value='9675'/>
		<mineralScore value='13922'/>
		<gasScore value='2768'/>
		<totalScore value='65915'/>
	</player>

	<enemy>
		<race value='Terran'/>
		<unitScore value='12650'/>
		<unitScore value='12650'/>
		<killScore value='13350'/>
		<buildingScore value='3225'/>
		<razingScore value='1425'/>
		<mineralScore value='11498'/>
		<gasScore value='5032'/>
		<totalScore value='47180'/>
	</enemy>

	<scoreRatio value='1.3971'/>
</results>
