<results>
	<result value='loss'/>
	<start value='2015-05-10.01:46:03'/>
	<end value='2015-05-10.01:47:19'/>
	<frames value='47711'/>
	<gameDuration value='2981'/>

	<player>
		<unitScore value='28325'/>
		<killScore value='31420'/>
		<buildingScore value='3125'/>
		<razingScore value='3300'/>
		<mineralScore value='30310'/>
		<gasScore value='4624'/>
		<totalScore value='101104'/>
	</player>

	<enemy>
		<race value='Protoss'/>
		<unitScore value='34400'/>
		<unitScore value='34400'/>
		<killScore value='56650'/>
		<buildingScore value='7625'/>
		<razingScore value='9375'/>
		<mineralScore value='31446'/>
		<gasScore value='10476'/>
		<totalScore value='149972'/>
	</enemy>

	<scoreRatio value='0.674152'/>
	<timeFitness value='0.414028'/>
	<unitsAverage value='97'/>
</results>
