<results>
	<result value='loss'/>
	<start value='2015-05-10.02:00:58'/>
	<end value='2015-05-10.02:01:18'/>
	<frames value='27034'/>
	<gameDuration value='1689'/>

	<player>
		<unitScore value='7475'/>
		<killScore value='4100'/>
		<buildingScore value='1500'/>
		<razingScore value='0'/>
		<mineralScore value='8514'/>
		<gasScore value='1448'/>
		<totalScore value='23037'/>
	</player>

	<enemy>
		<race value='Protoss'/>
		<unitScore value='11325'/>
		<unitScore value='11325'/>
		<killScore value='14950'/>
		<buildingScore value='6925'/>
		<razingScore value='4500'/>
		<mineralScore value='16590'/>
		<gasScore value='5752'/>
		<totalScore value='60042'/>
	</enemy>

	<scoreRatio value='0.383681'/>
	<timeFitness value='0.234583'/>
	<unitsAverage value='26'/>
</results>
