<results>
	<result value='loss'/>
	<start value='2015-05-10.02:03:50'/>
	<end value='2015-05-10.02:04:25'/>
	<frames value='36272'/>
	<gameDuration value='2267'/>

	<player>
		<unitScore value='12250'/>
		<killScore value='11100'/>
		<buildingScore value='3050'/>
		<razingScore value='900'/>
		<mineralScore value='15434'/>
		<gasScore value='2816'/>
		<totalScore value='45550'/>
	</player>

	<enemy>
		<race value='Protoss'/>
		<unitScore value='20800'/>
		<unitScore value='20800'/>
		<killScore value='24000'/>
		<buildingScore value='7475'/>
		<razingScore value='9000'/>
		<mineralScore value='23682'/>
		<gasScore value='8728'/>
		<totalScore value='93685'/>
	</enemy>

	<scoreRatio value='0.486204'/>
	<timeFitness value='0.314861'/>
	<unitsAverage value='44'/>
</results>
