<results>
	<result value='win'/>
	<start value='2015-04-29.14:17:49'/>
	<end value='2015-04-29.14:18:08'/>
	<frames value='22787'/>
	<gameDuration value='1424'/>

	<player>
		<unitScore value='12800'/>
		<killScore value='18340'/>
		<buildingScore value='3325'/>
		<razingScore value='5580'/>
		<mineralScore value='17754'/>
		<gasScore value='1344'/>
		<totalScore value='59143'/>
	</player>

	<enemy>
		<race value='Zerg'/>
		<unitScore value='8825'/>
		<unitScore value='8825'/>
		<killScore value='8000'/>
		<buildingScore value='1860'/>
		<razingScore value='0'/>
		<mineralScore value='8714'/>
		<gasScore value='2752'/>
		<totalScore value='30151'/>
	</enemy>

	<scoreRatio value='1.96156'/>
</results>
