<results>
	<result value='win'/>
	<start value='2015-04-29.14:28:29'/>
	<end value='2015-04-29.14:29:04'/>
	<frames value='32149'/>
	<gameDuration value='2009'/>

	<player>
		<unitScore value='25575'/>
		<killScore value='37845'/>
		<buildingScore value='3925'/>
		<razingScore value='6015'/>
		<mineralScore value='31110'/>
		<gasScore value='2128'/>
		<totalScore value='106598'/>
	</player>

	<enemy>
		<race value='Zerg'/>
		<unitScore value='17725'/>
		<unitScore value='17725'/>
		<killScore value='32200'/>
		<buildingScore value='2005'/>
		<razingScore value='0'/>
		<mineralScore value='14858'/>
		<gasScore value='4584'/>
		<totalScore value='71372'/>
	</enemy>

	<scoreRatio value='1.49355'/>
</results>
