<results>
	<result value='loss'/>
	<start value='2015-07-18.00:37:05'/>
	<end value='2015-07-18.00:37:30'/>
	<frames value='25329'/>
	<gameDuration value='1583'/>

	<player>
		<unitScore value='11025'/>
		<killScore value='4200'/>
		<buildingScore value='3750'/>
		<razingScore value='0'/>
		<mineralScore value='13986'/>
		<gasScore value='1536'/>
		<totalScore value='34497'/>
	</player>

	<enemy>
		<race value='Terran'/>
		<unitScore value='10975'/>
		<killScore value='22050'/>
		<buildingScore value='3650'/>
		<razingScore value='11250'/>
		<mineralScore value='12646'/>
		<gasScore value='5560'/>
		<totalScore value='66131'/>
	</enemy>

	<scoreRatio value='0.521646'/>
	<timeFitness value='0.219861'/>
	<unitsAverage value='39'/>
</results>
