<results>
	<result value='loss'/>
	<start value='2015-07-18.01:00:25'/>
	<end value='2015-07-18.01:00:40'/>
	<frames value='19067'/>
	<gameDuration value='1191'/>

	<player>
		<unitScore value='4250'/>
		<killScore value='2250'/>
		<buildingScore value='2350'/>
		<razingScore value='0'/>
		<mineralScore value='6066'/>
		<gasScore value='880'/>
		<totalScore value='15796'/>
	</player>

	<enemy>
		<race value='Terran'/>
		<unitScore value='6500'/>
		<killScore value='8250'/>
		<buildingScore value='2350'/>
		<razingScore value='7050'/>
		<mineralScore value='8858'/>
		<gasScore value='2968'/>
		<totalScore value='35976'/>
	</enemy>

	<scoreRatio value='0.43907'/>
	<timeFitness value='0.165417'/>
	<unitsAverage value='29'/>
</results>
