<results>
	<result value='loss'/>
	<start value='2015-04-08.11:12:16'/>
	<end value='2015-04-08.11:12:58'/>
	<frames value='48641'/>
	<gameDuration value='3040'/>

	<player>
		<unitScore value='23825'/>
		<killScore value='31850'/>
		<buildingScore value='2500'/>
		<razingScore value='5100'/>
		<mineralScore value='24890'/>
		<gasScore value='4336'/>
		<totalScore value='92501'/>
	</player>

	<enemy>
		<race value='Protoss'/>
		<unitScore value='29300'/>
		<unitScore value='29300'/>
		<killScore value='47650'/>
		<buildingScore value='8425'/>
		<razingScore value='7500'/>
		<mineralScore value='30874'/>
		<gasScore value='10248'/>
		<totalScore value='133997'/>
	</enemy>

	<scoreRatio value='0.690321'/>
</results>
