<results>
	<result value='win'/>
	<start value='2015-04-16.19:45:11'/>
	<end value='2015-04-16.19:47:13'/>
	<frames value='42503'/>
	<gameDuration value='2656'/>

	<player>
		<unitScore value='30950'/>
		<killScore value='58990'/>
		<buildingScore value='3925'/>
		<razingScore value='20400'/>
		<mineralScore value='31510'/>
		<gasScore value='3680'/>
		<totalScore value='149455'/>
	</player>

	<enemy>
		<race value='Protoss'/>
		<unitScore value='31855'/>
		<unitScore value='31855'/>
		<killScore value='37050'/>
		<buildingScore value='6800'/>
		<razingScore value='2850'/>
		<mineralScore value='26906'/>
		<gasScore value='7784'/>
		<totalScore value='113245'/>
	</enemy>

	<scoreRatio value='1.31975'/>
</results>
