<results>
	<result value='win'/>
	<start value='2014-07-23.21:17:54'/>
	<end value='2014-07-23.21:18:24'/>
	<frames value='29359'/>
	<gameDuration value='1834'/>

	<player>
		<unitScore value='15950'/>
		<killScore value='12000'/>
		<buildingScore value='4925'/>
		<razingScore value='14325'/>
		<mineralScore value='22402'/>
		<gasScore value='3032'/>
		<totalScore value='72634'/>
	</player>

	<enemy>
		<race value='Protoss'/>
		<unitScore value='6000'/>
		<unitScore value='6000'/>
		<killScore value='8950'/>
		<buildingScore value='4775'/>
		<razingScore value='150'/>
		<mineralScore value='12842'/>
		<gasScore value='2512'/>
		<totalScore value='35229'/>
	</enemy>

	<scoreRatio value='2.06177'/>
</results>
