<results>
	<result value='loss'/>
	<start value='2015-05-08.17:18:11'/>
	<end value='2015-05-08.17:18:25'/>
	<frames value='23097'/>
	<gameDuration value='1443'/>

	<player>
		<unitScore value='6250'/>
		<killScore value='4950'/>
		<buildingScore value='2550'/>
		<razingScore value='0'/>
		<mineralScore value='8906'/>
		<gasScore value='1552'/>
		<totalScore value='24208'/>
	</player>

	<enemy>
		<race value='Terran'/>
		<unitScore value='9825'/>
		<unitScore value='9825'/>
		<killScore value='12500'/>
		<buildingScore value='3300'/>
		<razingScore value='7650'/>
		<mineralScore value='11282'/>
		<gasScore value='4744'/>
		<totalScore value='49301'/>
	</enemy>

	<scoreRatio value='0.491025'/>
	<timeFitness value='0.200417'/>
	<unitsAverage value='33'/>
</results>
