<results>
	<result value='draw'/>
	<start value='2015-05-08.17:22:49'/>
	<end value='2015-05-08.17:23:55'/>
	<frames value='57601'/>
	<gameDuration value='3600'/>

	<player>
		<unitScore value='23850'/>
		<killScore value='23700'/>
		<buildingScore value='2850'/>
		<razingScore value='300'/>
		<mineralScore value='24782'/>
		<gasScore value='7640'/>
		<totalScore value='83122'/>
	</player>

	<enemy>
		<race value='Terran'/>
		<unitScore value='19575'/>
		<unitScore value='19575'/>
		<killScore value='40400'/>
		<buildingScore value='3950'/>
		<razingScore value='2325'/>
		<mineralScore value='15954'/>
		<gasScore value='8258'/>
		<totalScore value='90462'/>
	</enemy>

	<scoreRatio value='0.918861'/>
	<timeFitness value='0.5'/>
	<unitsAverage value='79'/>
</results>
