<results>
	<result value='win'/>
	<start value='2015-05-02.20:53:50'/>
	<end value='2015-05-02.20:54:22'/>
	<frames value='27003'/>
	<gameDuration value='1687'/>

	<player>
		<unitScore value='13950'/>
		<killScore value='22400'/>
		<buildingScore value='4125'/>
		<razingScore value='10275'/>
		<mineralScore value='19634'/>
		<gasScore value='2504'/>
		<totalScore value='72888'/>
	</player>

	<enemy>
		<race value='Terran'/>
		<unitScore value='12900'/>
		<unitScore value='12900'/>
		<killScore value='10950'/>
		<buildingScore value='3425'/>
		<razingScore value='2100'/>
		<mineralScore value='11426'/>
		<gasScore value='4592'/>
		<totalScore value='45393'/>
	</enemy>

	<scoreRatio value='1.60571'/>
	<timeFitness value='0.765694'/>
	<unitsAverage value='70'/>
</results>
