<results>
	<result value='loss'/>
	<start value='2015-05-02.20:55:04'/>
	<end value='2015-05-02.20:55:16'/>
	<frames value='18168'/>
	<gameDuration value='1135'/>

	<player>
		<unitScore value='3550'/>
		<killScore value='1850'/>
		<buildingScore value='1450'/>
		<razingScore value='0'/>
		<mineralScore value='4954'/>
		<gasScore value='568'/>
		<totalScore value='12372'/>
	</player>

	<enemy>
		<race value='Terran'/>
		<unitScore value='6575'/>
		<unitScore value='6575'/>
		<killScore value='7100'/>
		<buildingScore value='2850'/>
		<razingScore value='4350'/>
		<mineralScore value='8322'/>
		<gasScore value='2904'/>
		<totalScore value='32101'/>
	</enemy>

	<scoreRatio value='0.385409'/>
	<timeFitness value='0.157639'/>
	<unitsAverage value='23'/>
</results>
