<results>
	<result value='win'/>
	<start value='2015-05-08.15:20:02'/>
	<end value='2015-05-08.15:20:15'/>
	<frames value='16742'/>
	<gameDuration value='1046'/>

	<player>
		<unitScore value='6150'/>
		<killScore value='10400'/>
		<buildingScore value='2125'/>
		<razingScore value='4350'/>
		<mineralScore value='9530'/>
		<gasScore value='1544'/>
		<totalScore value='34099'/>
	</player>

	<enemy>
		<race value='Terran'/>
		<unitScore value='5200'/>
		<unitScore value='5200'/>
		<killScore value='3800'/>
		<buildingScore value='1450'/>
		<razingScore value='600'/>
		<mineralScore value='7370'/>
		<gasScore value='1928'/>
		<totalScore value='20348'/>
	</enemy>

	<scoreRatio value='1.67579'/>
	<timeFitness value='0.854722'/>
	<unitsAverage value='45'/>
</results>
