<results>
	<result value='win'/>
	<start value='2015-05-08.15:21:06'/>
	<end value='2015-05-08.15:21:32'/>
	<frames value='29762'/>
	<gameDuration value='1860'/>

	<player>
		<unitScore value='11575'/>
		<killScore value='28600'/>
		<buildingScore value='4050'/>
		<razingScore value='10500'/>
		<mineralScore value='17674'/>
		<gasScore value='2200'/>
		<totalScore value='74599'/>
	</player>

	<enemy>
		<race value='Terran'/>
		<unitScore value='15800'/>
		<unitScore value='15800'/>
		<killScore value='9550'/>
		<buildingScore value='3500'/>
		<razingScore value='3975'/>
		<mineralScore value='13090'/>
		<gasScore value='6408'/>
		<totalScore value='52323'/>
	</enemy>

	<scoreRatio value='1.42574'/>
	<timeFitness value='0.741667'/>
	<unitsAverage value='63'/>
</results>
