<results>
	<result value='win'/>
	<start value='2015-05-02.18:01:17'/>
	<end value='2015-05-02.18:02:07'/>
	<frames value='35435'/>
	<gameDuration value='2214'/>

	<player>
		<unitScore value='18475'/>
		<killScore value='32800'/>
		<buildingScore value='3975'/>
		<razingScore value='11550'/>
		<mineralScore value='23630'/>
		<gasScore value='4120'/>
		<totalScore value='94550'/>
	</player>

	<enemy>
		<race value='Terran'/>
		<unitScore value='18600'/>
		<unitScore value='18600'/>
		<killScore value='14050'/>
		<buildingScore value='3850'/>
		<razingScore value='975'/>
		<mineralScore value='16206'/>
		<gasScore value='8338'/>
		<totalScore value='62019'/>
	</enemy>

	<scoreRatio value='1.52453'/>
	<timeFitness value='0.6925'/>
	<unitsAverage value='98'/>
</results>
