<results>
	<result value='win'/>
	<start value='2015-05-02.18:04:27'/>
	<end value='2015-05-02.18:04:38'/>
	<frames value='14665'/>
	<gameDuration value='916'/>

	<player>
		<unitScore value='5175'/>
		<killScore value='7200'/>
		<buildingScore value='1300'/>
		<razingScore value='4200'/>
		<mineralScore value='7250'/>
		<gasScore value='1000'/>
		<totalScore value='26125'/>
	</player>

	<enemy>
		<race value='Terran'/>
		<unitScore value='3600'/>
		<unitScore value='3600'/>
		<killScore value='1600'/>
		<buildingScore value='1400'/>
		<razingScore value='0'/>
		<mineralScore value='6322'/>
		<gasScore value='1536'/>
		<totalScore value='14458'/>
	</enemy>

	<scoreRatio value='1.80696'/>
	<timeFitness value='0.872778'/>
	<unitsAverage value='43'/>
</results>
