<results>
	<result value='win'/>
	<start value='2015-05-08.15:29:52'/>
	<end value='2015-05-08.15:30:07'/>
	<frames value='22694'/>
	<gameDuration value='1418'/>

	<player>
		<unitScore value='5225'/>
		<killScore value='11800'/>
		<buildingScore value='2800'/>
		<razingScore value='5250'/>
		<mineralScore value='8634'/>
		<gasScore value='1824'/>
		<totalScore value='35533'/>
	</player>

	<enemy>
		<race value='Terran'/>
		<unitScore value='5900'/>
		<unitScore value='5900'/>
		<killScore value='5300'/>
		<buildingScore value='1750'/>
		<razingScore value='3300'/>
		<mineralScore value='7850'/>
		<gasScore value='2424'/>
		<totalScore value='26524'/>
	</enemy>

	<scoreRatio value='1.33965'/>
	<timeFitness value='0.803056'/>
	<unitsAverage value='37'/>
</results>
