<results>
	<result value='win'/>
	<start value='2015-05-02.18:10:08'/>
	<end value='2015-05-02.18:10:58'/>
	<frames value='39496'/>
	<gameDuration value='2468'/>

	<player>
		<unitScore value='19675'/>
		<killScore value='32900'/>
		<buildingScore value='4650'/>
		<razingScore value='11025'/>
		<mineralScore value='24770'/>
		<gasScore value='4192'/>
		<totalScore value='97212'/>
	</player>

	<enemy>
		<race value='Terran'/>
		<unitScore value='17250'/>
		<unitScore value='17250'/>
		<killScore value='19800'/>
		<buildingScore value='3675'/>
		<razingScore value='3075'/>
		<mineralScore value='13842'/>
		<gasScore value='6464'/>
		<totalScore value='64106'/>
	</enemy>

	<scoreRatio value='1.51643'/>
	<timeFitness value='0.657222'/>
	<unitsAverage value='80'/>
</results>
