<results>
	<result value='loss'/>
	<start value='2015-05-02.18:11:18'/>
	<end value='2015-05-02.18:12:15'/>
	<frames value='52950'/>
	<gameDuration value='3309'/>

	<player>
		<unitScore value='21150'/>
		<killScore value='38900'/>
		<buildingScore value='3200'/>
		<razingScore value='600'/>
		<mineralScore value='23994'/>
		<gasScore value='3640'/>
		<totalScore value='91484'/>
	</player>

	<enemy>
		<race value='Terran'/>
		<unitScore value='39075'/>
		<unitScore value='39075'/>
		<killScore value='42300'/>
		<buildingScore value='5600'/>
		<razingScore value='9600'/>
		<mineralScore value='26578'/>
		<gasScore value='16786'/>
		<totalScore value='139939'/>
	</enemy>

	<scoreRatio value='0.653742'/>
	<timeFitness value='0.459583'/>
	<unitsAverage value='57'/>
</results>
