<results>
	<result value='loss'/>
	<start value='2015-05-02.18:14:23'/>
	<end value='2015-05-02.18:14:33'/>
	<frames value='16277'/>
	<gameDuration value='1017'/>

	<player>
		<unitScore value='3575'/>
		<killScore value='700'/>
		<buildingScore value='1525'/>
		<razingScore value='0'/>
		<mineralScore value='5082'/>
		<gasScore value='960'/>
		<totalScore value='11842'/>
	</player>

	<enemy>
		<race value='Terran'/>
		<unitScore value='5700'/>
		<unitScore value='5700'/>
		<killScore value='7150'/>
		<buildingScore value='1900'/>
		<razingScore value='4575'/>
		<mineralScore value='7714'/>
		<gasScore value='2200'/>
		<totalScore value='29239'/>
	</enemy>

	<scoreRatio value='0.405007'/>
	<timeFitness value='0.14125'/>
	<unitsAverage value='25'/>
</results>
