<results>
	<result value='win'/>
	<start value='2015-05-03.19:18:18'/>
	<end value='2015-05-03.19:19:10'/>
	<frames value='39155'/>
	<gameDuration value='2447'/>

	<player>
		<unitScore value='19075'/>
		<killScore value='25250'/>
		<buildingScore value='4200'/>
		<razingScore value='18225'/>
		<mineralScore value='23678'/>
		<gasScore value='4888'/>
		<totalScore value='95316'/>
	</player>

	<enemy>
		<race value='Protoss'/>
		<unitScore value='13325'/>
		<unitScore value='13325'/>
		<killScore value='16250'/>
		<buildingScore value='6075'/>
		<razingScore value='1575'/>
		<mineralScore value='16418'/>
		<gasScore value='5360'/>
		<totalScore value='59003'/>
	</enemy>

	<scoreRatio value='1.61544'/>
	<timeFitness value='0.660139'/>
	<unitsAverage value='99'/>
</results>
