<results>
	<result value='win'/>
	<start value='2015-05-03.19:20:14'/>
	<end value='2015-05-03.19:20:55'/>
	<frames value='32707'/>
	<gameDuration value='2044'/>

	<player>
		<unitScore value='20025'/>
		<killScore value='18900'/>
		<buildingScore value='3775'/>
		<razingScore value='17325'/>
		<mineralScore value='25578'/>
		<gasScore value='3016'/>
		<totalScore value='88619'/>
	</player>

	<enemy>
		<race value='Protoss'/>
		<unitScore value='9450'/>
		<unitScore value='9450'/>
		<killScore value='20950'/>
		<buildingScore value='5775'/>
		<razingScore value='150'/>
		<mineralScore value='14166'/>
		<gasScore value='3216'/>
		<totalScore value='53707'/>
	</enemy>

	<scoreRatio value='1.65005'/>
	<timeFitness value='0.716111'/>
	<unitsAverage value='87'/>
</results>
