<results>
	<result value='loss'/>
	<start value='2015-05-09.23:43:08'/>
	<end value='2015-05-09.23:43:16'/>
	<frames value='16060'/>
	<gameDuration value='1003'/>

	<player>
		<unitScore value='3100'/>
		<killScore value='600'/>
		<buildingScore value='1875'/>
		<razingScore value='0'/>
		<mineralScore value='4866'/>
		<gasScore value='904'/>
		<totalScore value='11345'/>
	</player>

	<enemy>
		<race value='Protoss'/>
		<unitScore value='3550'/>
		<unitScore value='3550'/>
		<killScore value='6100'/>
		<buildingScore value='3875'/>
		<razingScore value='5625'/>
		<mineralScore value='8554'/>
		<gasScore value='1608'/>
		<totalScore value='29312'/>
	</enemy>

	<scoreRatio value='0.387043'/>
	<timeFitness value='0.139306'/>
	<unitsAverage value='22'/>
</results>
