<results>
	<result value='loss'/>
	<start value='2015-04-30.07:53:52'/>
	<end value='2015-04-30.07:53:56'/>
	<frames value='10573'/>
	<gameDuration value='660'/>

	<player>
		<unitScore value='1100'/>
		<killScore value='200'/>
		<buildingScore value='675'/>
		<razingScore value='0'/>
		<mineralScore value='1610'/>
		<gasScore value='64'/>
		<totalScore value='3649'/>
	</player>

	<enemy>
		<race value='Zerg'/>
		<unitScore value='2400'/>
		<unitScore value='2400'/>
		<killScore value='2200'/>
		<buildingScore value='1220'/>
		<razingScore value='2025'/>
		<mineralScore value='3442'/>
		<gasScore value='448'/>
		<totalScore value='11735'/>
	</enemy>

	<scoreRatio value='0.31095'/>
	<timeFitness value='0.0916667'/>
	<unitsAverage value='9'/>
</results>
