<results>
	<result value='loss'/>
	<start value='2015-04-07.22:15:04'/>
	<end value='2015-04-07.22:15:19'/>
	<frames value='27406'/>
	<gameDuration value='1712'/>

	<player>
		<unitScore value='3225'/>
		<killScore value='2400'/>
		<buildingScore value='1675'/>
		<razingScore value='0'/>
		<mineralScore value='4930'/>
		<gasScore value='768'/>
		<totalScore value='12998'/>
	</player>

	<enemy>
		<race value='Protoss'/>
		<unitScore value='11275'/>
		<unitScore value='11275'/>
		<killScore value='6450'/>
		<buildingScore value='6925'/>
		<razingScore value='5025'/>
		<mineralScore value='16486'/>
		<gasScore value='6328'/>
		<totalScore value='52489'/>
	</enemy>

	<scoreRatio value='0.247633'/>
</results>
