<results>
	<result value='win'/>
	<start value='2015-05-11.01:34:01'/>
	<end value='2015-05-11.01:34:28'/>
	<frames value='26042'/>
	<gameDuration value='1627'/>

	<player>
		<unitScore value='15625'/>
		<killScore value='29490'/>
		<buildingScore value='3650'/>
		<razingScore value='5940'/>
		<mineralScore value='23966'/>
		<gasScore value='2192'/>
		<totalScore value='80863'/>
	</player>

	<enemy>
		<race value='Zerg'/>
		<unitScore value='13025'/>
		<unitScore value='13025'/>
		<killScore value='11850'/>
		<buildingScore value='1980'/>
		<razingScore value='0'/>
		<mineralScore value='11978'/>
		<gasScore value='3920'/>
		<totalScore value='42753'/>
	</enemy>

	<scoreRatio value='1.8914'/>
	<timeFitness value='0.774028'/>
	<unitsAverage value='90'/>
</results>
