<results>
	<result value='loss'/>
	<start value='2015-04-29.14:18:31'/>
	<end value='2015-04-29.14:18:36'/>
	<frames value='9271'/>
	<gameDuration value='579'/>

	<player>
		<unitScore value='950'/>
		<killScore value='200'/>
		<buildingScore value='625'/>
		<razingScore value='0'/>
		<mineralScore value='1434'/>
		<gasScore value='16'/>
		<totalScore value='3225'/>
	</player>

	<enemy>
		<race value='Zerg'/>
		<unitScore value='1650'/>
		<unitScore value='1650'/>
		<killScore value='1800'/>
		<buildingScore value='1020'/>
		<razingScore value='1875'/>
		<mineralScore value='2898'/>
		<gasScore value='168'/>
		<totalScore value='9411'/>
	</enemy>

	<scoreRatio value='0.342684'/>
</results>
