<results>
	<result value='win'/>
	<start value='2015-04-07.19:07:52'/>
	<end value='2015-04-07.19:08:15'/>
	<frames value='30940'/>
	<gameDuration value='1933'/>

	<player>
		<unitScore value='16775'/>
		<killScore value='13300'/>
		<buildingScore value='3350'/>
		<razingScore value='19875'/>
		<mineralScore value='21818'/>
		<gasScore value='3440'/>
		<totalScore value='78558'/>
	</player>

	<enemy>
		<race value='Protoss'/>
		<unitScore value='6850'/>
		<unitScore value='6850'/>
		<killScore value='15900'/>
		<buildingScore value='6625'/>
		<razingScore value='1200'/>
		<mineralScore value='16554'/>
		<gasScore value='3472'/>
		<totalScore value='50601'/>
	</enemy>

	<scoreRatio value='1.5525'/>
</results>
