<results>
	<result value='win'/>
	<start value='2014-07-06.05:43:54'/>
	<end value='2014-07-06.05:44:27'/>
	<frames value='36675'/>
	<gameDuration value='2292'/>

	<player>
		<unitScore value='22200'/>
		<killScore value='27900'/>
		<buildingScore value='4400'/>
		<razingScore value='20325'/>
		<mineralScore value='27174'/>
		<gasScore value='3840'/>
		<totalScore value='105839'/>
	</player>

	<enemy>
		<race value='Protoss'/>
		<unitScore value='14275'/>
		<unitScore value='14275'/>
		<killScore value='23200'/>
		<buildingScore value='6775'/>
		<razingScore value='1725'/>
		<mineralScore value='18170'/>
		<gasScore value='5256'/>
		<totalScore value='69401'/>
	</enemy>

	<scoreRatio value='1.52504'/>
</results>
