<results>
	<result value='win'/>
	<start value='2014-07-06.05:45:26'/>
	<end value='2014-07-06.05:45:40'/>
	<frames value='22725'/>
	<gameDuration value='1420'/>

	<player>
		<unitScore value='8575'/>
		<killScore value='8900'/>
		<buildingScore value='1850'/>
		<razingScore value='10125'/>
		<mineralScore value='10578'/>
		<gasScore value='1584'/>
		<totalScore value='41612'/>
	</player>

	<enemy>
		<race value='Protoss'/>
		<unitScore value='4450'/>
		<unitScore value='4450'/>
		<killScore value='6950'/>
		<buildingScore value='3375'/>
		<razingScore value='150'/>
		<mineralScore value='10098'/>
		<gasScore value='2608'/>
		<totalScore value='27631'/>
	</enemy>

	<scoreRatio value='1.50599'/>
</results>
