<results>
	<result value='win'/>
	<start value='2015-03-31.14:16:25'/>
	<end value='2015-03-31.14:17:05'/>
	<frames value='36458'/>
	<gameDuration value='2278'/>

	<player>
		<unitScore value='20275'/>
		<killScore value='29000'/>
		<buildingScore value='3750'/>
		<razingScore value='17775'/>
		<mineralScore value='24502'/>
		<gasScore value='3152'/>
		<totalScore value='98454'/>
	</player>

	<enemy>
		<race value='Protoss'/>
		<unitScore value='14500'/>
		<unitScore value='14500'/>
		<killScore value='18150'/>
		<buildingScore value='5925'/>
		<razingScore value='150'/>
		<mineralScore value='17926'/>
		<gasScore value='3896'/>
		<totalScore value='60547'/>
	</enemy>

	<scoreRatio value='1.62608'/>
</results>
