<results>
	<result value='loss'/>
	<start value='2015-03-31.14:17:08'/>
	<end value='2015-03-31.14:17:43'/>
	<frames value='46533'/>
	<gameDuration value='2908'/>

	<player>
		<unitScore value='21850'/>
		<killScore value='33150'/>
		<buildingScore value='2600'/>
		<razingScore value='1650'/>
		<mineralScore value='22458'/>
		<gasScore value='3336'/>
		<totalScore value='85044'/>
	</player>

	<enemy>
		<race value='Protoss'/>
		<unitScore value='35475'/>
		<unitScore value='35475'/>
		<killScore value='43900'/>
		<buildingScore value='7575'/>
		<razingScore value='7800'/>
		<mineralScore value='33606'/>
		<gasScore value='9956'/>
		<totalScore value='138312'/>
	</enemy>

	<scoreRatio value='0.614871'/>
</results>
