<results>
	<result value='loss'/>
	<start value='2015-07-14.02:26:40'/>
	<end value='2015-07-14.02:27:18'/>
	<frames value='43836'/>
	<gameDuration value='2739'/>

	<player>
		<unitScore value='28450'/>
		<killScore value='12550'/>
		<buildingScore value='3650'/>
		<razingScore value='2700'/>
		<mineralScore value='27386'/>
		<gasScore value='5216'/>
		<totalScore value='79952'/>
	</player>

	<enemy>
		<race value='Protoss'/>
		<unitScore value='24175'/>
		<killScore value='56900'/>
		<buildingScore value='8475'/>
		<razingScore value='11100'/>
		<mineralScore value='29106'/>
		<gasScore value='9682'/>
		<totalScore value='139438'/>
	</enemy>

	<scoreRatio value='0.573387'/>
	<timeFitness value='0.380417'/>
	<unitsAverage value='72'/>
</results>
