<results>
	<result value='loss'/>
	<start value='2015-07-14.02:34:32'/>
	<end value='2015-07-14.02:35:25'/>
	<frames value='41201'/>
	<gameDuration value='2575'/>

	<player>
		<unitScore value='32500'/>
		<killScore value='19600'/>
		<buildingScore value='3050'/>
		<razingScore value='600'/>
		<mineralScore value='31414'/>
		<gasScore value='5104'/>
		<totalScore value='92268'/>
	</player>

	<enemy>
		<race value='Protoss'/>
		<unitScore value='30295'/>
		<killScore value='65200'/>
		<buildingScore value='7950'/>
		<razingScore value='9150'/>
		<mineralScore value='29170'/>
		<gasScore value='10066'/>
		<totalScore value='151831'/>
	</enemy>

	<scoreRatio value='0.607702'/>
	<timeFitness value='0.357639'/>
	<unitsAverage value='98'/>
</results>
