<results>
	<result value='win'/>
	<start value='2015-04-10.12:39:50'/>
	<end value='2015-04-10.12:40:56'/>
	<frames value='48176'/>
	<gameDuration value='3011'/>

	<player>
		<unitScore value='31325'/>
		<killScore value='52150'/>
		<buildingScore value='4325'/>
		<razingScore value='20775'/>
		<mineralScore value='36742'/>
		<gasScore value='4448'/>
		<totalScore value='149765'/>
	</player>

	<enemy>
		<race value='Protoss'/>
		<unitScore value='27975'/>
		<unitScore value='27975'/>
		<killScore value='39350'/>
		<buildingScore value='6925'/>
		<razingScore value='375'/>
		<mineralScore value='25174'/>
		<gasScore value='9974'/>
		<totalScore value='109773'/>
	</enemy>

	<scoreRatio value='1.36432'/>
</results>
