<results>
	<result value='win'/>
	<start value='2015-05-05.00:46:29'/>
	<end value='2015-05-05.00:47:31'/>
	<frames value='36303'/>
	<gameDuration value='2268'/>

	<player>
		<unitScore value='23800'/>
		<killScore value='16900'/>
		<buildingScore value='4425'/>
		<razingScore value='6435'/>
		<mineralScore value='33390'/>
		<gasScore value='0'/>
		<totalScore value='84950'/>
	</player>

	<enemy>
		<race value='Zerg'/>
		<unitScore value='8800'/>
		<unitScore value='8800'/>
		<killScore value='30100'/>
		<buildingScore value='2145'/>
		<razingScore value='0'/>
		<mineralScore value='8930'/>
		<gasScore value='2904'/>
		<totalScore value='52879'/>
	</enemy>

	<scoreRatio value='1.6065'/>
	<timeFitness value='0.685'/>
	<unitsAverage value='111'/>
</results>
