<results>
	<result value='win'/>
	<start value='2015-05-10.19:05:52'/>
	<end value='2015-05-10.19:06:26'/>
	<frames value='23035'/>
	<gameDuration value='1439'/>

	<player>
		<unitScore value='14600'/>
		<killScore value='19980'/>
		<buildingScore value='3200'/>
		<razingScore value='4560'/>
		<mineralScore value='17514'/>
		<gasScore value='1480'/>
		<totalScore value='61334'/>
	</player>

	<enemy>
		<race value='Zerg'/>
		<unitScore value='9250'/>
		<unitScore value='9250'/>
		<killScore value='12000'/>
		<buildingScore value='1520'/>
		<razingScore value='0'/>
		<mineralScore value='8514'/>
		<gasScore value='2544'/>
		<totalScore value='33828'/>
	</enemy>

	<scoreRatio value='1.81311'/>
	<timeFitness value='0.800139'/>
	<unitsAverage value='75'/>
</results>
