<results>
	<result value='win'/>
	<start value='2015-05-05.00:51:59'/>
	<end value='2015-05-05.00:52:26'/>
	<frames value='28212'/>
	<gameDuration value='1763'/>

	<player>
		<unitScore value='18000'/>
		<killScore value='29160'/>
		<buildingScore value='2100'/>
		<razingScore value='3660'/>
		<mineralScore value='21026'/>
		<gasScore value='0'/>
		<totalScore value='73946'/>
	</player>

	<enemy>
		<race value='Zerg'/>
		<unitScore value='13575'/>
		<unitScore value='13575'/>
		<killScore value='28000'/>
		<buildingScore value='1220'/>
		<razingScore value='0'/>
		<mineralScore value='10346'/>
		<gasScore value='2896'/>
		<totalScore value='56037'/>
	</enemy>

	<scoreRatio value='1.31959'/>
	<timeFitness value='0.755139'/>
	<unitsAverage value='74'/>
</results>
