<results>
	<result value='loss'/>
	<start value='2015-05-06.22:32:01'/>
	<end value='2015-05-06.22:32:49'/>
	<frames value='38132'/>
	<gameDuration value='2383'/>

	<player>
		<unitScore value='16600'/>
		<killScore value='15950'/>
		<buildingScore value='2575'/>
		<razingScore value='0'/>
		<mineralScore value='21114'/>
		<gasScore value='2816'/>
		<totalScore value='59055'/>
	</player>

	<enemy>
		<race value='Protoss'/>
		<unitScore value='24375'/>
		<unitScore value='24375'/>
		<killScore value='32950'/>
		<buildingScore value='7675'/>
		<razingScore value='7725'/>
		<mineralScore value='26066'/>
		<gasScore value='9936'/>
		<totalScore value='108727'/>
	</enemy>

	<scoreRatio value='0.543149'/>
	<timeFitness value='0.330972'/>
	<unitsAverage value='60'/>
</results>
