<results>
	<result value='loss'/>
	<start value='2015-05-06.22:34:29'/>
	<end value='2015-05-06.22:35:07'/>
	<frames value='34846'/>
	<gameDuration value='2177'/>

	<player>
		<unitScore value='13125'/>
		<killScore value='6400'/>
		<buildingScore value='3875'/>
		<razingScore value='0'/>
		<mineralScore value='18266'/>
		<gasScore value='1968'/>
		<totalScore value='43634'/>
	</player>

	<enemy>
		<race value='Protoss'/>
		<unitScore value='21450'/>
		<unitScore value='21450'/>
		<killScore value='26250'/>
		<buildingScore value='7125'/>
		<razingScore value='11625'/>
		<mineralScore value='23798'/>
		<gasScore value='8768'/>
		<totalScore value='99016'/>
	</enemy>

	<scoreRatio value='0.440676'/>
	<timeFitness value='0.302361'/>
	<unitsAverage value='43'/>
</results>
