<results>
	<result value='win'/>
	<start value='2015-05-03.13:37:34'/>
	<end value='2015-05-03.13:37:53'/>
	<frames value='26476'/>
	<gameDuration value='1654'/>

	<player>
		<unitScore value='10875'/>
		<killScore value='19750'/>
		<buildingScore value='3450'/>
		<razingScore value='8550'/>
		<mineralScore value='14846'/>
		<gasScore value='2384'/>
		<totalScore value='59855'/>
	</player>

	<enemy>
		<race value='Terran'/>
		<unitScore value='10675'/>
		<unitScore value='10675'/>
		<killScore value='9350'/>
		<buildingScore value='2850'/>
		<razingScore value='2700'/>
		<mineralScore value='9818'/>
		<gasScore value='3544'/>
		<totalScore value='38937'/>
	</enemy>

	<scoreRatio value='1.53723'/>
	<timeFitness value='0.770278'/>
	<unitsAverage value='59'/>
</results>
