<results>
	<result value='win'/>
	<start value='2015-05-03.13:39:32'/>
	<end value='2015-05-03.13:40:33'/>
	<frames value='50656'/>
	<gameDuration value='3166'/>

	<player>
		<unitScore value='32025'/>
		<killScore value='51500'/>
		<buildingScore value='4450'/>
		<razingScore value='11850'/>
		<mineralScore value='37414'/>
		<gasScore value='5230'/>
		<totalScore value='142469'/>
	</player>

	<enemy>
		<race value='Terran'/>
		<unitScore value='29925'/>
		<unitScore value='29925'/>
		<killScore value='40350'/>
		<buildingScore value='3950'/>
		<razingScore value='3525'/>
		<mineralScore value='19550'/>
		<gasScore value='11204'/>
		<totalScore value='108504'/>
	</enemy>

	<scoreRatio value='1.31303'/>
	<timeFitness value='0.560278'/>
	<unitsAverage value='118'/>
</results>
