<results>
	<result value='loss'/>
	<start value='2015-04-12.23:23:52'/>
	<end value='2015-04-12.23:24:46'/>
	<frames value='36551'/>
	<gameDuration value='2284'/>

	<player>
		<unitScore value='12000'/>
		<killScore value='9200'/>
		<buildingScore value='2575'/>
		<razingScore value='0'/>
		<mineralScore value='17882'/>
		<gasScore value='3040'/>
		<totalScore value='44697'/>
	</player>

	<enemy>
		<race value='Protoss'/>
		<unitScore value='23550'/>
		<unitScore value='23550'/>
		<killScore value='24000'/>
		<buildingScore value='7125'/>
		<razingScore value='7725'/>
		<mineralScore value='25058'/>
		<gasScore value='9752'/>
		<totalScore value='97210'/>
	</enemy>

	<scoreRatio value='0.459798'/>
</results>
