<results>
	<result value='loss'/>
	<start value='2014-07-04.23:03:10'/>
	<end value='2014-07-04.23:03:40'/>
	<frames value='51555'/>
	<gameDuration value='3222'/>

	<player>
		<unitScore value='13300'/>
		<killScore value='17900'/>
		<buildingScore value='1825'/>
		<razingScore value='5325'/>
		<mineralScore value='14698'/>
		<gasScore value='4080'/>
		<totalScore value='57128'/>
	</player>

	<enemy>
		<race value='Protoss'/>
		<unitScore value='13400'/>
		<unitScore value='13400'/>
		<killScore value='26700'/>
		<buildingScore value='7550'/>
		<razingScore value='5475'/>
		<mineralScore value='34038'/>
		<gasScore value='5648'/>
		<totalScore value='92811'/>
	</enemy>

	<scoreRatio value='0.61553'/>
</results>
