<results>
	<result value='win'/>
	<start value='2014-07-04.23:04:46'/>
	<end value='2014-07-04.23:05:08'/>
	<frames value='29204'/>
	<gameDuration value='1825'/>

	<player>
		<unitScore value='13850'/>
		<killScore value='12000'/>
		<buildingScore value='3300'/>
		<razingScore value='13050'/>
		<mineralScore value='20018'/>
		<gasScore value='1240'/>
		<totalScore value='63458'/>
	</player>

	<enemy>
		<race value='Protoss'/>
		<unitScore value='6375'/>
		<unitScore value='6375'/>
		<killScore value='14050'/>
		<buildingScore value='4350'/>
		<razingScore value='1875'/>
		<mineralScore value='14410'/>
		<gasScore value='1984'/>
		<totalScore value='43044'/>
	</enemy>

	<scoreRatio value='1.47426'/>
</results>
