<results>
	<result value='win'/>
	<start value='2015-05-12.00:20:30'/>
	<end value='2015-05-12.00:21:04'/>
	<frames value='33513'/>
	<gameDuration value='2094'/>

	<player>
		<unitScore value='23525'/>
		<killScore value='29940'/>
		<buildingScore value='4150'/>
		<razingScore value='9525'/>
		<mineralScore value='28554'/>
		<gasScore value='3296'/>
		<totalScore value='98990'/>
	</player>

	<enemy>
		<race value='Zerg'/>
		<unitScore value='14750'/>
		<unitScore value='14750'/>
		<killScore value='22900'/>
		<buildingScore value='3175'/>
		<razingScore value='525'/>
		<mineralScore value='14870'/>
		<gasScore value='4128'/>
		<totalScore value='60348'/>
	</enemy>

	<scoreRatio value='1.64032'/>
	<timeFitness value='0.709167'/>
	<unitsAverage value='97'/>
</results>
