<results>
	<result value='win'/>
	<start value='2015-05-12.00:45:06'/>
	<end value='2015-05-12.00:45:34'/>
	<frames value='27344'/>
	<gameDuration value='1709'/>

	<player>
		<unitScore value='17875'/>
		<killScore value='19825'/>
		<buildingScore value='4600'/>
		<razingScore value='6675'/>
		<mineralScore value='23770'/>
		<gasScore value='1728'/>
		<totalScore value='74473'/>
	</player>

	<enemy>
		<race value='Zerg'/>
		<unitScore value='9900'/>
		<unitScore value='9900'/>
		<killScore value='12800'/>
		<buildingScore value='2225'/>
		<razingScore value='0'/>
		<mineralScore value='9698'/>
		<gasScore value='3088'/>
		<totalScore value='37711'/>
	</enemy>

	<scoreRatio value='1.97483'/>
	<timeFitness value='0.762639'/>
	<unitsAverage value='97'/>
</results>
