<results>
	<result value='loss'/>
	<start value='2014-07-23.17:34:04'/>
	<end value='2014-07-23.17:34:10'/>
	<frames value='13425'/>
	<gameDuration value='839'/>

	<player>
		<unitScore value='3000'/>
		<killScore value='200'/>
		<buildingScore value='1175'/>
		<razingScore value='0'/>
		<mineralScore value='4346'/>
		<gasScore value='0'/>
		<totalScore value='8721'/>
	</player>

	<enemy>
		<race value='Protoss'/>
		<unitScore value='3550'/>
		<unitScore value='3550'/>
		<killScore value='6000'/>
		<buildingScore value='2525'/>
		<razingScore value='3525'/>
		<mineralScore value='6762'/>
		<gasScore value='1288'/>
		<totalScore value='23650'/>
	</enemy>

	<scoreRatio value='0.368753'/>
</results>
