<results>
	<result value='win'/>
	<start value='2014-07-03.01:44:54'/>
	<end value='2014-07-03.01:45:16'/>
	<frames value='26693'/>
	<gameDuration value='1668'/>

	<player>
		<unitScore value='14825'/>
		<killScore value='11600'/>
		<buildingScore value='4250'/>
		<razingScore value='15900'/>
		<mineralScore value='23426'/>
		<gasScore value='2936'/>
		<totalScore value='72937'/>
	</player>

	<enemy>
		<race value='Protoss'/>
		<unitScore value='5800'/>
		<unitScore value='5800'/>
		<killScore value='9300'/>
		<buildingScore value='5300'/>
		<razingScore value='150'/>
		<mineralScore value='13058'/>
		<gasScore value='2832'/>
		<totalScore value='36440'/>
	</enemy>

	<scoreRatio value='2.00156'/>
</results>
