<results>
	<result value='loss'/>
	<start value='2015-05-03.06:16:45'/>
	<end value='2015-05-03.06:17:28'/>
	<frames value='48455'/>
	<gameDuration value='3028'/>

	<player>
		<unitScore value='18450'/>
		<killScore value='33200'/>
		<buildingScore value='2100'/>
		<razingScore value='6975'/>
		<mineralScore value='20030'/>
		<gasScore value='5264'/>
		<totalScore value='86019'/>
	</player>

	<enemy>
		<race value='Protoss'/>
		<unitScore value='29725'/>
		<unitScore value='29725'/>
		<killScore value='36650'/>
		<buildingScore value='9150'/>
		<razingScore value='6300'/>
		<mineralScore value='30842'/>
		<gasScore value='9970'/>
		<totalScore value='122637'/>
	</enemy>

	<scoreRatio value='0.701411'/>
	<timeFitness value='0.420556'/>
	<unitsAverage value='69'/>
</results>
