<results>
	<result value='loss'/>
	<start value='2015-05-03.06:20:39'/>
	<end value='2015-05-03.06:20:47'/>
	<frames value='14231'/>
	<gameDuration value='889'/>

	<player>
		<unitScore value='3125'/>
		<killScore value='1600'/>
		<buildingScore value='1250'/>
		<razingScore value='0'/>
		<mineralScore value='4570'/>
		<gasScore value='480'/>
		<totalScore value='11025'/>
	</player>

	<enemy>
		<race value='Protoss'/>
		<unitScore value='3500'/>
		<unitScore value='3500'/>
		<killScore value='6250'/>
		<buildingScore value='2375'/>
		<razingScore value='3750'/>
		<mineralScore value='7122'/>
		<gasScore value='1184'/>
		<totalScore value='24181'/>
	</enemy>

	<scoreRatio value='0.455936'/>
	<timeFitness value='0.123472'/>
	<unitsAverage value='25'/>
</results>
