<results>
	<result value='loss'/>
	<start value='2015-05-03.06:25:46'/>
	<end value='2015-05-03.06:25:55'/>
	<frames value='16866'/>
	<gameDuration value='1054'/>

	<player>
		<unitScore value='3450'/>
		<killScore value='1800'/>
		<buildingScore value='1075'/>
		<razingScore value='0'/>
		<mineralScore value='4506'/>
		<gasScore value='400'/>
		<totalScore value='11231'/>
	</player>

	<enemy>
		<race value='Protoss'/>
		<unitScore value='3600'/>
		<unitScore value='3600'/>
		<killScore value='6900'/>
		<buildingScore value='4025'/>
		<razingScore value='3225'/>
		<mineralScore value='8842'/>
		<gasScore value='1624'/>
		<totalScore value='28216'/>
	</enemy>

	<scoreRatio value='0.398037'/>
	<timeFitness value='0.146389'/>
	<unitsAverage value='22'/>
</results>
