<results>
	<result value='loss'/>
	<start value='2015-07-18.09:42:07'/>
	<end value='2015-07-18.09:43:09'/>
	<frames value='34412'/>
	<gameDuration value='2150'/>

	<player>
		<unitScore value='20475'/>
		<killScore value='8900'/>
		<buildingScore value='3525'/>
		<razingScore value='300'/>
		<mineralScore value='27818'/>
		<gasScore value='2640'/>
		<totalScore value='63658'/>
	</player>

	<enemy>
		<race value='Protoss'/>
		<unitScore value='20025'/>
		<killScore value='36950'/>
		<buildingScore value='7150'/>
		<razingScore value='10575'/>
		<mineralScore value='25554'/>
		<gasScore value='8264'/>
		<totalScore value='108518'/>
	</enemy>

	<scoreRatio value='0.586612'/>
	<timeFitness value='0.298611'/>
	<unitsAverage value='83'/>
</results>
