<results>
	<result value='loss'/>
	<start value='2015-04-13.02:07:40'/>
	<end value='2015-04-13.02:08:14'/>
	<frames value='47432'/>
	<gameDuration value='2964'/>

	<player>
		<unitScore value='23450'/>
		<killScore value='37050'/>
		<buildingScore value='2250'/>
		<razingScore value='2400'/>
		<mineralScore value='24074'/>
		<gasScore value='4352'/>
		<totalScore value='93576'/>
	</player>

	<enemy>
		<race value='Protoss'/>
		<unitScore value='36100'/>
		<unitScore value='36100'/>
		<killScore value='46900'/>
		<buildingScore value='8375'/>
		<razingScore value='6750'/>
		<mineralScore value='32706'/>
		<gasScore value='11290'/>
		<totalScore value='142121'/>
	</enemy>

	<scoreRatio value='0.658425'/>
</results>
