<results>
	<result value='loss'/>
	<start value='2015-04-13.02:10:16'/>
	<end value='2015-04-13.02:10:24'/>
	<frames value='16649'/>
	<gameDuration value='1040'/>

	<player>
		<unitScore value='4175'/>
		<killScore value='800'/>
		<buildingScore value='1975'/>
		<razingScore value='0'/>
		<mineralScore value='6194'/>
		<gasScore value='936'/>
		<totalScore value='14080'/>
	</player>

	<enemy>
		<race value='Protoss'/>
		<unitScore value='4325'/>
		<unitScore value='4325'/>
		<killScore value='8450'/>
		<buildingScore value='2925'/>
		<razingScore value='5925'/>
		<mineralScore value='8298'/>
		<gasScore value='2072'/>
		<totalScore value='31995'/>
	</enemy>

	<scoreRatio value='0.440069'/>
</results>
