<results>
	<result value='loss'/>
	<start value='2015-07-20.12:03:19'/>
	<end value='2015-07-20.12:03:51'/>
	<frames value='27902'/>
	<gameDuration value='1743'/>

	<player>
		<unitScore value='13525'/>
		<killScore value='8480'/>
		<buildingScore value='4000'/>
		<razingScore value='900'/>
		<mineralScore value='16618'/>
		<gasScore value='1672'/>
		<totalScore value='45195'/>
	</player>

	<enemy>
		<race value='Zerg'/>
		<unitScore value='13600'/>
		<killScore value='27050'/>
		<buildingScore value='3525'/>
		<razingScore value='12000'/>
		<mineralScore value='14506'/>
		<gasScore value='4408'/>
		<totalScore value='75089'/>
	</enemy>

	<scoreRatio value='0.601886'/>
	<timeFitness value='0.242083'/>
	<unitsAverage value='49'/>
</results>
