<results>
	<result value='loss'/>
	<start value='2015-07-20.12:26:51'/>
	<end value='2015-07-20.12:27:17'/>
	<frames value='23748'/>
	<gameDuration value='1484'/>

	<player>
		<unitScore value='11575'/>
		<killScore value='6550'/>
		<buildingScore value='3250'/>
		<razingScore value='0'/>
		<mineralScore value='17446'/>
		<gasScore value='1496'/>
		<totalScore value='40317'/>
	</player>

	<enemy>
		<race value='Zerg'/>
		<unitScore value='9475'/>
		<killScore value='23050'/>
		<buildingScore value='2665'/>
		<razingScore value='9750'/>
		<mineralScore value='11290'/>
		<gasScore value='4024'/>
		<totalScore value='60254'/>
	</enemy>

	<scoreRatio value='0.669117'/>
	<timeFitness value='0.206111'/>
	<unitsAverage value='48'/>
</results>
