<results>
	<result value='loss'/>
	<start value='2015-05-08.13:15:10'/>
	<end value='2015-05-08.13:15:12'/>
	<frames value='5158'/>
	<gameDuration value='322'/>

	<player>
		<unitScore value='200'/>
		<killScore value='0'/>
		<buildingScore value='500'/>
		<razingScore value='0'/>
		<mineralScore value='634'/>
		<gasScore value='120'/>
		<totalScore value='1454'/>
	</player>

	<enemy>
		<race value='Terran'/>
		<unitScore value='1000'/>
		<unitScore value='1000'/>
		<killScore value='0'/>
		<buildingScore value='700'/>
		<razingScore value='0'/>
		<mineralScore value='1714'/>
		<gasScore value='216'/>
		<totalScore value='3630'/>
	</enemy>

	<scoreRatio value='0.400551'/>
	<timeFitness value='0.0447222'/>
	<unitsAverage value='6'/>
</results>
