<results>
	<result value='loss'/>
	<start value='2015-05-08.13:09:59'/>
	<end value='2015-05-08.13:10:06'/>
	<frames value='15564'/>
	<gameDuration value='972'/>

	<player>
		<unitScore value='1875'/>
		<killScore value='200'/>
		<buildingScore value='1325'/>
		<razingScore value='0'/>
		<mineralScore value='3074'/>
		<gasScore value='504'/>
		<totalScore value='6978'/>
	</player>

	<enemy>
		<race value='Terran'/>
		<unitScore value='5000'/>
		<unitScore value='5000'/>
		<killScore value='3500'/>
		<buildingScore value='1800'/>
		<razingScore value='3975'/>
		<mineralScore value='7098'/>
		<gasScore value='2288'/>
		<totalScore value='23661'/>
	</enemy>

	<scoreRatio value='0.294916'/>
	<timeFitness value='0.135'/>
	<unitsAverage value='16'/>
</results>
