<results>
	<result value='loss'/>
	<start value='2015-04-08.20:03:31'/>
	<end value='2015-04-08.20:03:55'/>
	<frames value='38783'/>
	<gameDuration value='2423'/>

	<player>
		<unitScore value='11350'/>
		<killScore value='10200'/>
		<buildingScore value='1700'/>
		<razingScore value='300'/>
		<mineralScore value='12426'/>
		<gasScore value='3488'/>
		<totalScore value='39464'/>
	</player>

	<enemy>
		<race value='Protoss'/>
		<unitScore value='24150'/>
		<unitScore value='24150'/>
		<killScore value='22800'/>
		<buildingScore value='7725'/>
		<razingScore value='5100'/>
		<mineralScore value='26418'/>
		<gasScore value='10176'/>
		<totalScore value='96369'/>
	</enemy>

	<scoreRatio value='0.409509'/>
</results>
