<results>
	<result value='loss'/>
	<start value='2015-07-19.11:18:49'/>
	<end value='2015-07-19.11:18:58'/>
	<frames value='15130'/>
	<gameDuration value='945'/>

	<player>
		<unitScore value='3650'/>
		<killScore value='3100'/>
		<buildingScore value='1500'/>
		<razingScore value='150'/>
		<mineralScore value='4642'/>
		<gasScore value='984'/>
		<totalScore value='14026'/>
	</player>

	<enemy>
		<race value='Protoss'/>
		<unitScore value='4600'/>
		<killScore value='7300'/>
		<buildingScore value='2525'/>
		<razingScore value='4500'/>
		<mineralScore value='7674'/>
		<gasScore value='1664'/>
		<totalScore value='28263'/>
	</enemy>

	<scoreRatio value='0.496267'/>
	<timeFitness value='0.13125'/>
	<unitsAverage value='23'/>
</results>
