<results>
	<result value='draw'/>
	<start value='2015-04-12.17:25:52'/>
	<end value='2015-04-12.17:26:59'/>
	<frames value='57601'/>
	<gameDuration value='3600'/>

	<player>
		<unitScore value='33875'/>
		<killScore value='67200'/>
		<buildingScore value='3400'/>
		<razingScore value='3300'/>
		<mineralScore value='31678'/>
		<gasScore value='8642'/>
		<totalScore value='148095'/>
	</player>

	<enemy>
		<race value='Protoss'/>
		<unitScore value='38550'/>
		<unitScore value='38550'/>
		<killScore value='61400'/>
		<buildingScore value='6525'/>
		<razingScore value='1725'/>
		<mineralScore value='31302'/>
		<gasScore value='11600'/>
		<totalScore value='151102'/>
	</enemy>

	<scoreRatio value='0.9801'/>
</results>
