<results>
	<result value='loss'/>
	<start value='2015-04-12.17:27:02'/>
	<end value='2015-04-12.17:27:52'/>
	<frames value='53136'/>
	<gameDuration value='3321'/>

	<player>
		<unitScore value='32375'/>
		<killScore value='47950'/>
		<buildingScore value='3475'/>
		<razingScore value='300'/>
		<mineralScore value='31502'/>
		<gasScore value='6136'/>
		<totalScore value='121738'/>
	</player>

	<enemy>
		<race value='Protoss'/>
		<unitScore value='38675'/>
		<unitScore value='38675'/>
		<killScore value='64750'/>
		<buildingScore value='6225'/>
		<razingScore value='10425'/>
		<mineralScore value='31274'/>
		<gasScore value='11528'/>
		<totalScore value='162877'/>
	</enemy>

	<scoreRatio value='0.747423'/>
</results>
