<results>
	<result value='loss'/>
	<start value='2015-04-07.20:52:53'/>
	<end value='2015-04-07.20:53:16'/>
	<frames value='35776'/>
	<gameDuration value='2236'/>

	<player>
		<unitScore value='13425'/>
		<killScore value='10050'/>
		<buildingScore value='3325'/>
		<razingScore value='0'/>
		<mineralScore value='18842'/>
		<gasScore value='1536'/>
		<totalScore value='47178'/>
	</player>

	<enemy>
		<race value='Protoss'/>
		<unitScore value='19575'/>
		<unitScore value='19575'/>
		<killScore value='26850'/>
		<buildingScore value='6975'/>
		<razingScore value='9975'/>
		<mineralScore value='22058'/>
		<gasScore value='8832'/>
		<totalScore value='94265'/>
	</enemy>

	<scoreRatio value='0.500483'/>
</results>
