<results>
	<result value='loss'/>
	<start value='2015-04-07.20:54:20'/>
	<end value='2015-04-07.20:54:30'/>
	<frames value='17889'/>
	<gameDuration value='1118'/>

	<player>
		<unitScore value='4025'/>
		<killScore value='1600'/>
		<buildingScore value='1650'/>
		<razingScore value='0'/>
		<mineralScore value='5482'/>
		<gasScore value='952'/>
		<totalScore value='13709'/>
	</player>

	<enemy>
		<race value='Protoss'/>
		<unitScore value='3750'/>
		<unitScore value='3750'/>
		<killScore value='8050'/>
		<buildingScore value='4075'/>
		<razingScore value='4950'/>
		<mineralScore value='9626'/>
		<gasScore value='1648'/>
		<totalScore value='32099'/>
	</enemy>

	<scoreRatio value='0.427085'/>
</results>
