<results>
	<result value='loss'/>
	<start value='2015-04-13.00:42:30'/>
	<end value='2015-04-13.00:43:06'/>
	<frames value='27468'/>
	<gameDuration value='1716'/>

	<player>
		<unitScore value='7175'/>
		<killScore value='1000'/>
		<buildingScore value='2425'/>
		<razingScore value='0'/>
		<mineralScore value='12730'/>
		<gasScore value='1544'/>
		<totalScore value='24874'/>
	</player>

	<enemy>
		<race value='Protoss'/>
		<unitScore value='12525'/>
		<unitScore value='12525'/>
		<killScore value='10850'/>
		<buildingScore value='6350'/>
		<razingScore value='7275'/>
		<mineralScore value='20946'/>
		<gasScore value='5768'/>
		<totalScore value='63714'/>
	</enemy>

	<scoreRatio value='0.390401'/>
</results>
