<results>
	<result value='loss'/>
	<start value='2015-07-07.19:07:07'/>
	<end value='2015-07-07.19:07:23'/>
	<frames value='16835'/>
	<gameDuration value='1052'/>

	<player>
		<unitScore value='4025'/>
		<killScore value='1300'/>
		<buildingScore value='1950'/>
		<razingScore value='150'/>
		<mineralScore value='5610'/>
		<gasScore value='784'/>
		<totalScore value='13819'/>
	</player>

	<enemy>
		<race value='Terran'/>
		<unitScore value='5450'/>
		<killScore value='8050'/>
		<buildingScore value='1550'/>
		<razingScore value='5850'/>
		<mineralScore value='7666'/>
		<gasScore value='2640'/>
		<totalScore value='31206'/>
	</enemy>

	<scoreRatio value='0.442832'/>
	<timeFitness value='0.146111'/>
	<unitsAverage value='25'/>
</results>
