<results>
	<result value='loss'/>
	<start value='2015-07-07.19:21:46'/>
	<end value='2015-07-07.19:22:25'/>
	<frames value='27561'/>
	<gameDuration value='1722'/>

	<player>
		<unitScore value='10175'/>
		<killScore value='6450'/>
		<buildingScore value='2900'/>
		<razingScore value='0'/>
		<mineralScore value='11702'/>
		<gasScore value='1712'/>
		<totalScore value='32939'/>
	</player>

	<enemy>
		<race value='Terran'/>
		<unitScore value='12450'/>
		<killScore value='18950'/>
		<buildingScore value='4475'/>
		<razingScore value='8700'/>
		<mineralScore value='13218'/>
		<gasScore value='6408'/>
		<totalScore value='64201'/>
	</enemy>

	<scoreRatio value='0.513061'/>
	<timeFitness value='0.239167'/>
	<unitsAverage value='42'/>
</results>
