<results>
	<result value='loss'/>
	<start value='2015-07-19.00:00:15'/>
	<end value='2015-07-19.00:00:27'/>
	<frames value='16277'/>
	<gameDuration value='1017'/>

	<player>
		<unitScore value='4375'/>
		<killScore value='800'/>
		<buildingScore value='1925'/>
		<razingScore value='0'/>
		<mineralScore value='5842'/>
		<gasScore value='696'/>
		<totalScore value='13638'/>
	</player>

	<enemy>
		<race value='Protoss'/>
		<unitScore value='3650'/>
		<killScore value='9050'/>
		<buildingScore value='3475'/>
		<razingScore value='5775'/>
		<mineralScore value='8490'/>
		<gasScore value='1336'/>
		<totalScore value='31776'/>
	</enemy>

	<scoreRatio value='0.429192'/>
	<timeFitness value='0.14125'/>
	<unitsAverage value='24'/>
</results>
