<results>
	<result value='loss'/>
	<start value='2015-07-19.00:05:34'/>
	<end value='2015-07-19.00:05:46'/>
	<frames value='16153'/>
	<gameDuration value='1009'/>

	<player>
		<unitScore value='3875'/>
		<killScore value='700'/>
		<buildingScore value='1700'/>
		<razingScore value='0'/>
		<mineralScore value='5138'/>
		<gasScore value='704'/>
		<totalScore value='12117'/>
	</player>

	<enemy>
		<race value='Protoss'/>
		<unitScore value='4300'/>
		<killScore value='7450'/>
		<buildingScore value='3325'/>
		<razingScore value='5100'/>
		<mineralScore value='8250'/>
		<gasScore value='1976'/>
		<totalScore value='30401'/>
	</enemy>

	<scoreRatio value='0.398572'/>
	<timeFitness value='0.140139'/>
	<unitsAverage value='23'/>
</results>
