<results>
	<result value='loss'/>
	<start value='2015-07-19.00:05:56'/>
	<end value='2015-07-19.00:06:05'/>
	<frames value='13766'/>
	<gameDuration value='860'/>

	<player>
		<unitScore value='3125'/>
		<killScore value='0'/>
		<buildingScore value='1525'/>
		<razingScore value='0'/>
		<mineralScore value='4306'/>
		<gasScore value='864'/>
		<totalScore value='9820'/>
	</player>

	<enemy>
		<race value='Protoss'/>
		<unitScore value='3550'/>
		<killScore value='5450'/>
		<buildingScore value='2375'/>
		<razingScore value='4575'/>
		<mineralScore value='7090'/>
		<gasScore value='1192'/>
		<totalScore value='24232'/>
	</enemy>

	<scoreRatio value='0.405249'/>
	<timeFitness value='0.119444'/>
	<unitsAverage value='25'/>
</results>
