<results>
	<result value='draw'/>
	<start value='2015-07-11.20:13:48'/>
	<end value='2015-07-11.20:15:07'/>
	<frames value='57601'/>
	<gameDuration value='3600'/>

	<player>
		<unitScore value='30625'/>
		<killScore value='21700'/>
		<buildingScore value='4775'/>
		<razingScore value='1875'/>
		<mineralScore value='31030'/>
		<gasScore value='3792'/>
		<totalScore value='93797'/>
	</player>

	<enemy>
		<race value='Terran'/>
		<unitScore value='17675'/>
		<killScore value='47800'/>
		<buildingScore value='3575'/>
		<razingScore value='9375'/>
		<mineralScore value='24050'/>
		<gasScore value='6002'/>
		<totalScore value='108477'/>
	</enemy>

	<scoreRatio value='0.864672'/>
	<timeFitness value='0.5'/>
	<unitsAverage value='117'/>
</results>
