<results>
	<result value='win'/>
	<start value='2015-04-27.17:10:21'/>
	<end value='2015-04-27.17:10:37'/>
	<frames value='17238'/>
	<gameDuration value='1077'/>

	<player>
		<unitScore value='6200'/>
		<killScore value='8500'/>
		<buildingScore value='2325'/>
		<razingScore value='3975'/>
		<mineralScore value='9618'/>
		<gasScore value='1368'/>
		<totalScore value='31986'/>
	</player>

	<enemy>
		<race value='Terran'/>
		<unitScore value='4250'/>
		<unitScore value='4250'/>
		<killScore value='1400'/>
		<buildingScore value='1325'/>
		<razingScore value='0'/>
		<mineralScore value='6698'/>
		<gasScore value='1384'/>
		<totalScore value='15057'/>
	</enemy>

	<scoreRatio value='2.12433'/>
</results>
