<results>
	<result value='loss'/>
	<start value='2015-05-01.22:37:30'/>
	<end value='2015-05-01.22:37:41'/>
	<frames value='17207'/>
	<gameDuration value='1075'/>

	<player>
		<unitScore value='2400'/>
		<killScore value='1800'/>
		<buildingScore value='1500'/>
		<razingScore value='0'/>
		<mineralScore value='4098'/>
		<gasScore value='544'/>
		<totalScore value='10342'/>
	</player>

	<enemy>
		<race value='Protoss'/>
		<unitScore value='3700'/>
		<unitScore value='3700'/>
		<killScore value='4600'/>
		<buildingScore value='3925'/>
		<razingScore value='4500'/>
		<mineralScore value='9154'/>
		<gasScore value='1640'/>
		<totalScore value='27519'/>
	</enemy>

	<scoreRatio value='0.375813'/>
</results>
