<results>
	<result value='win'/>
	<start value='2014-07-11.21:40:09'/>
	<end value='2014-07-11.21:40:37'/>
	<frames value='28522'/>
	<gameDuration value='1782'/>

	<player>
		<unitScore value='17475'/>
		<killScore value='22245'/>
		<buildingScore value='3275'/>
		<razingScore value='8700'/>
		<mineralScore value='21106'/>
		<gasScore value='2136'/>
		<totalScore value='74937'/>
	</player>

	<enemy>
		<race value='Zerg'/>
		<unitScore value='10600'/>
		<unitScore value='10600'/>
		<killScore value='15650'/>
		<buildingScore value='2900'/>
		<razingScore value='0'/>
		<mineralScore value='11946'/>
		<gasScore value='3912'/>
		<totalScore value='45008'/>
	</enemy>

	<scoreRatio value='1.66497'/>
</results>
