<results>
	<result value='loss'/>
	<start value='2015-05-01.00:30:11'/>
	<end value='2015-05-01.00:30:35'/>
	<frames value='30413'/>
	<gameDuration value='1900'/>

	<player>
		<unitScore value='7875'/>
		<killScore value='4650'/>
		<buildingScore value='2175'/>
		<razingScore value='0'/>
		<mineralScore value='13522'/>
		<gasScore value='824'/>
		<totalScore value='29046'/>
	</player>

	<enemy>
		<race value='Protoss'/>
		<unitScore value='13600'/>
		<unitScore value='13600'/>
		<killScore value='15950'/>
		<buildingScore value='6975'/>
		<razingScore value='6525'/>
		<mineralScore value='18482'/>
		<gasScore value='6680'/>
		<totalScore value='68212'/>
	</enemy>

	<scoreRatio value='0.42582'/>
</results>
