<results>
	<result value='win'/>
	<start value='2015-04-09.01:16:10'/>
	<end value='2015-04-09.01:16:41'/>
	<frames value='32335'/>
	<gameDuration value='2020'/>

	<player>
		<unitScore value='19600'/>
		<killScore value='18600'/>
		<buildingScore value='4225'/>
		<razingScore value='17925'/>
		<mineralScore value='27010'/>
		<gasScore value='2624'/>
		<totalScore value='89984'/>
	</player>

	<enemy>
		<race value='Protoss'/>
		<unitScore value='9575'/>
		<unitScore value='9575'/>
		<killScore value='17750'/>
		<buildingScore value='5975'/>
		<razingScore value='975'/>
		<mineralScore value='17506'/>
		<gasScore value='5568'/>
		<totalScore value='57349'/>
	</enemy>

	<scoreRatio value='1.56906'/>
</results>
