<results>
	<result value='win'/>
	<start value='2015-04-10.17:18:37'/>
	<end value='2015-04-10.17:19:18'/>
	<frames value='33854'/>
	<gameDuration value='2115'/>

	<player>
		<unitScore value='22550'/>
		<killScore value='29900'/>
		<buildingScore value='3850'/>
		<razingScore value='18075'/>
		<mineralScore value='31934'/>
		<gasScore value='3936'/>
		<totalScore value='110245'/>
	</player>

	<enemy>
		<race value='Protoss'/>
		<unitScore value='16300'/>
		<unitScore value='16300'/>
		<killScore value='21650'/>
		<buildingScore value='6025'/>
		<razingScore value='0'/>
		<mineralScore value='17578'/>
		<gasScore value='5032'/>
		<totalScore value='66585'/>
	</enemy>

	<scoreRatio value='1.6557'/>
</results>
