<results>
	<result value='loss'/>
	<start value='2015-04-11.01:19:32'/>
	<end value='2015-04-11.01:19:47'/>
	<frames value='16959'/>
	<gameDuration value='1059'/>

	<player>
		<unitScore value='4050'/>
		<killScore value='200'/>
		<buildingScore value='1775'/>
		<razingScore value='0'/>
		<mineralScore value='7058'/>
		<gasScore value='0'/>
		<totalScore value='13083'/>
	</player>

	<enemy>
		<race value='Protoss'/>
		<unitScore value='4350'/>
		<unitScore value='4350'/>
		<killScore value='8100'/>
		<buildingScore value='3675'/>
		<razingScore value='5325'/>
		<mineralScore value='9034'/>
		<gasScore value='1928'/>
		<totalScore value='32412'/>
	</enemy>

	<scoreRatio value='0.403647'/>
</results>
