<results>
	<result value='win'/>
	<start value='2015-04-14.04:14:21'/>
	<end value='2015-04-14.04:15:40'/>
	<frames value='36458'/>
	<gameDuration value='2278'/>

	<player>
		<unitScore value='23700'/>
		<killScore value='28700'/>
		<buildingScore value='3975'/>
		<razingScore value='17475'/>
		<mineralScore value='34502'/>
		<gasScore value='3744'/>
		<totalScore value='112096'/>
	</player>

	<enemy>
		<race value='Protoss'/>
		<unitScore value='15500'/>
		<unitScore value='15500'/>
		<killScore value='23350'/>
		<buildingScore value='5825'/>
		<razingScore value='0'/>
		<mineralScore value='19274'/>
		<gasScore value='6144'/>
		<totalScore value='70093'/>
	</enemy>

	<scoreRatio value='1.59925'/>
</results>
