<results>
	<result value='win'/>
	<start value='2015-05-04.23:29:30'/>
	<end value='2015-05-04.23:31:40'/>
	<frames value='55337'/>
	<gameDuration value='3458'/>

	<player>
		<unitScore value='23050'/>
		<killScore value='26800'/>
		<buildingScore value='5075'/>
		<razingScore value='8700'/>
		<mineralScore value='50986'/>
		<gasScore value='10882'/>
		<totalScore value='125493'/>
	</player>

	<enemy>
		<race value='Terran'/>
		<unitScore value='13400'/>
		<unitScore value='13400'/>
		<killScore value='19950'/>
		<buildingScore value='2900'/>
		<razingScore value='1800'/>
		<mineralScore value='12050'/>
		<gasScore value='5862'/>
		<totalScore value='55962'/>
	</enemy>

	<scoreRatio value='2.24247'/>
	<timeFitness value='0.519722'/>
	<unitsAverage value='159'/>
</results>
