<results>
	<result value='draw'/>
	<start value='2015-05-04.23:32:31'/>
	<end value='2015-05-04.23:33:24'/>
	<frames value='57601'/>
	<gameDuration value='3600'/>

	<player>
		<unitScore value='18875'/>
		<killScore value='27700'/>
		<buildingScore value='3600'/>
		<razingScore value='8850'/>
		<mineralScore value='21174'/>
		<gasScore value='7808'/>
		<totalScore value='88007'/>
	</player>

	<enemy>
		<race value='Terran'/>
		<unitScore value='27125'/>
		<unitScore value='27125'/>
		<killScore value='36150'/>
		<buildingScore value='5725'/>
		<razingScore value='8025'/>
		<mineralScore value='24778'/>
		<gasScore value='11774'/>
		<totalScore value='113577'/>
	</enemy>

	<scoreRatio value='0.774866'/>
	<timeFitness value='0.5'/>
	<unitsAverage value='53'/>
</results>
