<results>
	<result value='win'/>
	<start value='2015-05-04.23:36:02'/>
	<end value='2015-05-04.23:37:06'/>
	<frames value='43743'/>
	<gameDuration value='2733'/>

	<player>
		<unitScore value='23125'/>
		<killScore value='34350'/>
		<buildingScore value='4225'/>
		<razingScore value='9900'/>
		<mineralScore value='39102'/>
		<gasScore value='4360'/>
		<totalScore value='115062'/>
	</player>

	<enemy>
		<race value='Terran'/>
		<unitScore value='19175'/>
		<unitScore value='19175'/>
		<killScore value='28800'/>
		<buildingScore value='3300'/>
		<razingScore value='3600'/>
		<mineralScore value='21306'/>
		<gasScore value='5574'/>
		<totalScore value='81755'/>
	</enemy>

	<scoreRatio value='1.4074'/>
	<timeFitness value='0.620417'/>
	<unitsAverage value='103'/>
</results>
