<results>
	<result value='loss'/>
	<start value='2015-05-12.00:30:51'/>
	<end value='2015-05-12.00:31:02'/>
	<frames value='23159'/>
	<gameDuration value='1447'/>

	<player>
		<unitScore value='3050'/>
		<killScore value='2400'/>
		<buildingScore value='1475'/>
		<razingScore value='0'/>
		<mineralScore value='4634'/>
		<gasScore value='656'/>
		<totalScore value='12215'/>
	</player>

	<enemy>
		<race value='Protoss'/>
		<unitScore value='7425'/>
		<unitScore value='7425'/>
		<killScore value='5550'/>
		<buildingScore value='6075'/>
		<razingScore value='4425'/>
		<mineralScore value='14274'/>
		<gasScore value='3352'/>
		<totalScore value='41101'/>
	</enemy>

	<scoreRatio value='0.297195'/>
	<timeFitness value='0.200972'/>
	<unitsAverage value='19'/>
</results>
