<results>
	<result value='draw'/>
	<start value='2015-05-12.00:32:37'/>
	<end value='2015-05-12.00:34:34'/>
	<frames value='57601'/>
	<gameDuration value='3600'/>

	<player>
		<unitScore value='33200'/>
		<killScore value='49450'/>
		<buildingScore value='4275'/>
		<razingScore value='19125'/>
		<mineralScore value='37618'/>
		<gasScore value='7290'/>
		<totalScore value='150958'/>
	</player>

	<enemy>
		<race value='Protoss'/>
		<unitScore value='25400'/>
		<unitScore value='25400'/>
		<killScore value='53400'/>
		<buildingScore value='6525'/>
		<razingScore value='1200'/>
		<mineralScore value='23986'/>
		<gasScore value='8644'/>
		<totalScore value='119155'/>
	</enemy>

	<scoreRatio value='1.2669'/>
	<timeFitness value='0.5'/>
	<unitsAverage value='152'/>
</results>
