<results>
	<result value='win'/>
	<start value='2015-05-03.05:36:11'/>
	<end value='2015-05-03.05:36:30'/>
	<frames value='27003'/>
	<gameDuration value='1687'/>

	<player>
		<unitScore value='13825'/>
		<killScore value='13300'/>
		<buildingScore value='3725'/>
		<razingScore value='16275'/>
		<mineralScore value='21126'/>
		<gasScore value='2800'/>
		<totalScore value='71051'/>
	</player>

	<enemy>
		<race value='Protoss'/>
		<unitScore value='7000'/>
		<unitScore value='7000'/>
		<killScore value='10100'/>
		<buildingScore value='5425'/>
		<razingScore value='300'/>
		<mineralScore value='14034'/>
		<gasScore value='2448'/>
		<totalScore value='39307'/>
	</enemy>

	<scoreRatio value='1.80759'/>
	<timeFitness value='0.765694'/>
	<unitsAverage value='79'/>
</results>
