<results>
	<result value='loss'/>
	<start value='2015-07-18.08:26:36'/>
	<end value='2015-07-18.08:27:45'/>
	<frames value='54407'/>
	<gameDuration value='3400'/>

	<player>
		<unitScore value='23775'/>
		<killScore value='12200'/>
		<buildingScore value='3250'/>
		<razingScore value='0'/>
		<mineralScore value='26726'/>
		<gasScore value='6624'/>
		<totalScore value='72575'/>
	</player>

	<enemy>
		<race value='Protoss'/>
		<unitScore value='27150'/>
		<killScore value='47550'/>
		<buildingScore value='8325'/>
		<razingScore value='9750'/>
		<mineralScore value='35678'/>
		<gasScore value='12082'/>
		<totalScore value='140535'/>
	</enemy>

	<scoreRatio value='0.516419'/>
	<timeFitness value='0.472222'/>
	<unitsAverage value='88'/>
</results>
