<results>
	<result value='win'/>
	<start value='2015-05-09.07:11:25'/>
	<end value='2015-05-09.07:11:36'/>
	<frames value='17827'/>
	<gameDuration value='1114'/>

	<player>
		<unitScore value='6425'/>
		<killScore value='11550'/>
		<buildingScore value='1925'/>
		<razingScore value='4500'/>
		<mineralScore value='10146'/>
		<gasScore value='1664'/>
		<totalScore value='36210'/>
	</player>

	<enemy>
		<race value='Terran'/>
		<unitScore value='5775'/>
		<unitScore value='5775'/>
		<killScore value='2800'/>
		<buildingScore value='1500'/>
		<razingScore value='150'/>
		<mineralScore value='7850'/>
		<gasScore value='2200'/>
		<totalScore value='20275'/>
	</enemy>

	<scoreRatio value='1.78594'/>
	<timeFitness value='0.845278'/>
	<unitsAverage value='48'/>
</results>
