<results>
	<result value='win'/>
	<start value='2015-05-05.11:55:19'/>
	<end value='2015-05-05.11:55:57'/>
	<frames value='35032'/>
	<gameDuration value='2189'/>

	<player>
		<unitScore value='16400'/>
		<killScore value='31800'/>
		<buildingScore value='4225'/>
		<razingScore value='10875'/>
		<mineralScore value='19274'/>
		<gasScore value='2696'/>
		<totalScore value='85270'/>
	</player>

	<enemy>
		<race value='Terran'/>
		<unitScore value='17400'/>
		<unitScore value='17400'/>
		<killScore value='15200'/>
		<buildingScore value='3700'/>
		<razingScore value='2925'/>
		<mineralScore value='16054'/>
		<gasScore value='7712'/>
		<totalScore value='62991'/>
	</enemy>

	<scoreRatio value='1.35369'/>
	<timeFitness value='0.695972'/>
	<unitsAverage value='62'/>
</results>
