<results>
	<result value='loss'/>
	<start value='2015-05-09.19:28:34'/>
	<end value='2015-05-09.19:29:05'/>
	<frames value='46781'/>
	<gameDuration value='2923'/>

	<player>
		<unitScore value='13400'/>
		<killScore value='11150'/>
		<buildingScore value='2625'/>
		<razingScore value='0'/>
		<mineralScore value='15282'/>
		<gasScore value='2392'/>
		<totalScore value='44849'/>
	</player>

	<enemy>
		<race value='Terran'/>
		<unitScore value='22200'/>
		<unitScore value='22200'/>
		<killScore value='26800'/>
		<buildingScore value='4500'/>
		<razingScore value='7875'/>
		<mineralScore value='19550'/>
		<gasScore value='11218'/>
		<totalScore value='92143'/>
	</enemy>

	<scoreRatio value='0.486733'/>
	<timeFitness value='0.405972'/>
	<unitsAverage value='38'/>
</results>
