<results>
	<result value='loss'/>
	<start value='2015-05-09.19:31:36'/>
	<end value='2015-05-09.19:31:46'/>
	<frames value='16680'/>
	<gameDuration value='1042'/>

	<player>
		<unitScore value='4000'/>
		<killScore value='400'/>
		<buildingScore value='1575'/>
		<razingScore value='0'/>
		<mineralScore value='5626'/>
		<gasScore value='592'/>
		<totalScore value='12193'/>
	</player>

	<enemy>
		<race value='Terran'/>
		<unitScore value='5300'/>
		<unitScore value='5300'/>
		<killScore value='8000'/>
		<buildingScore value='1900'/>
		<razingScore value='4725'/>
		<mineralScore value='7626'/>
		<gasScore value='2568'/>
		<totalScore value='30119'/>
	</enemy>

	<scoreRatio value='0.404828'/>
	<timeFitness value='0.144722'/>
	<unitsAverage value='26'/>
</results>
