<results>
	<result value='win'/>
	<start value='2015-05-09.19:35:33'/>
	<end value='2015-05-09.19:36:04'/>
	<frames value='30692'/>
	<gameDuration value='1918'/>

	<player>
		<unitScore value='18625'/>
		<killScore value='24800'/>
		<buildingScore value='4475'/>
		<razingScore value='8400'/>
		<mineralScore value='24498'/>
		<gasScore value='2968'/>
		<totalScore value='83766'/>
	</player>

	<enemy>
		<race value='Terran'/>
		<unitScore value='12400'/>
		<unitScore value='12400'/>
		<killScore value='17800'/>
		<buildingScore value='2800'/>
		<razingScore value='1875'/>
		<mineralScore value='11358'/>
		<gasScore value='4120'/>
		<totalScore value='50353'/>
	</enemy>

	<scoreRatio value='1.66358'/>
	<timeFitness value='0.733611'/>
	<unitsAverage value='76'/>
</results>
