<results>
	<result value='loss'/>
	<start value='2015-04-30.11:51:34'/>
	<end value='2015-04-30.11:51:40'/>
	<frames value='8837'/>
	<gameDuration value='552'/>

	<player>
		<unitScore value='1050'/>
		<killScore value='100'/>
		<buildingScore value='675'/>
		<razingScore value='0'/>
		<mineralScore value='1522'/>
		<gasScore value='104'/>
		<totalScore value='3451'/>
	</player>

	<enemy>
		<race value='Zerg'/>
		<unitScore value='1550'/>
		<unitScore value='1550'/>
		<killScore value='2100'/>
		<buildingScore value='900'/>
		<razingScore value='2025'/>
		<mineralScore value='2626'/>
		<gasScore value='192'/>
		<totalScore value='9393'/>
	</enemy>

	<scoreRatio value='0.367401'/>
	<timeFitness value='0.0766667'/>
	<unitsAverage value='9'/>
</results>
