<results>
	<result value='loss'/>
	<start value='2015-04-08.09:10:36'/>
	<end value='2015-04-08.09:10:44'/>
	<frames value='16928'/>
	<gameDuration value='1058'/>

	<player>
		<unitScore value='2875'/>
		<killScore value='1200'/>
		<buildingScore value='1575'/>
		<razingScore value='0'/>
		<mineralScore value='4746'/>
		<gasScore value='920'/>
		<totalScore value='11316'/>
	</player>

	<enemy>
		<race value='Protoss'/>
		<unitScore value='3700'/>
		<unitScore value='3700'/>
		<killScore value='5750'/>
		<buildingScore value='3975'/>
		<razingScore value='4725'/>
		<mineralScore value='9034'/>
		<gasScore value='1672'/>
		<totalScore value='28856'/>
	</enemy>

	<scoreRatio value='0.392154'/>
</results>
