<results>
	<result value='win'/>
	<start value='2015-05-07.16:56:06'/>
	<end value='2015-05-07.16:56:24'/>
	<frames value='22756'/>
	<gameDuration value='1422'/>

	<player>
		<unitScore value='11075'/>
		<killScore value='13350'/>
		<buildingScore value='3275'/>
		<razingScore value='10500'/>
		<mineralScore value='16342'/>
		<gasScore value='2032'/>
		<totalScore value='56574'/>
	</player>

	<enemy>
		<race value='Protoss'/>
		<unitScore value='6675'/>
		<unitScore value='6675'/>
		<killScore value='5800'/>
		<buildingScore value='3500'/>
		<razingScore value='150'/>
		<mineralScore value='10706'/>
		<gasScore value='2000'/>
		<totalScore value='28831'/>
	</enemy>

	<scoreRatio value='1.96226'/>
	<timeFitness value='0.8025'/>
	<unitsAverage value='74'/>
</results>
