<results>
	<result value='loss'/>
	<start value='2015-05-07.17:07:54'/>
	<end value='2015-05-07.17:08:03'/>
	<frames value='18943'/>
	<gameDuration value='1183'/>

	<player>
		<unitScore value='3800'/>
		<killScore value='1800'/>
		<buildingScore value='1525'/>
		<razingScore value='0'/>
		<mineralScore value='5530'/>
		<gasScore value='992'/>
		<totalScore value='13647'/>
	</player>

	<enemy>
		<race value='Protoss'/>
		<unitScore value='4600'/>
		<unitScore value='4600'/>
		<killScore value='7600'/>
		<buildingScore value='5075'/>
		<razingScore value='4575'/>
		<mineralScore value='10586'/>
		<gasScore value='2000'/>
		<totalScore value='34436'/>
	</enemy>

	<scoreRatio value='0.3963'/>
	<timeFitness value='0.164306'/>
	<unitsAverage value='22'/>
</results>
