<results>
	<result value='loss'/>
	<start value='2015-07-07.11:24:05'/>
	<end value='2015-07-07.11:24:38'/>
	<frames value='25205'/>
	<gameDuration value='1575'/>

	<player>
		<unitScore value='11225'/>
		<killScore value='3800'/>
		<buildingScore value='3175'/>
		<razingScore value='0'/>
		<mineralScore value='12490'/>
		<gasScore value='2056'/>
		<totalScore value='32746'/>
	</player>

	<enemy>
		<race value='Terran'/>
		<unitScore value='7950'/>
		<killScore value='22450'/>
		<buildingScore value='2850'/>
		<razingScore value='9525'/>
		<mineralScore value='11654'/>
		<gasScore value='4064'/>
		<totalScore value='58493'/>
	</enemy>

	<scoreRatio value='0.559828'/>
	<timeFitness value='0.21875'/>
	<unitsAverage value='42'/>
</results>
