<results>
	<result value='loss'/>
	<start value='2015-07-07.11:44:30'/>
	<end value='2015-07-07.11:45:57'/>
	<frames value='36179'/>
	<gameDuration value='2261'/>

	<player>
		<unitScore value='13950'/>
		<killScore value='3100'/>
		<buildingScore value='3825'/>
		<razingScore value='0'/>
		<mineralScore value='21046'/>
		<gasScore value='1944'/>
		<totalScore value='43865'/>
	</player>

	<enemy>
		<race value='Terran'/>
		<unitScore value='15350'/>
		<killScore value='27900'/>
		<buildingScore value='4500'/>
		<razingScore value='11475'/>
		<mineralScore value='18194'/>
		<gasScore value='9258'/>
		<totalScore value='86677'/>
	</enemy>

	<scoreRatio value='0.506074'/>
	<timeFitness value='0.314028'/>
	<unitsAverage value='48'/>
</results>
