<results>
	<result value='win'/>
	<start value='2015-05-04.04:49:42'/>
	<end value='2015-05-04.04:50:20'/>
	<frames value='27809'/>
	<gameDuration value='1738'/>

	<player>
		<unitScore value='11825'/>
		<killScore value='14100'/>
		<buildingScore value='2375'/>
		<razingScore value='10875'/>
		<mineralScore value='14662'/>
		<gasScore value='2184'/>
		<totalScore value='56021'/>
	</player>

	<enemy>
		<race value='Protoss'/>
		<unitScore value='7050'/>
		<unitScore value='7050'/>
		<killScore value='9800'/>
		<buildingScore value='3625'/>
		<razingScore value='0'/>
		<mineralScore value='11186'/>
		<gasScore value='3480'/>
		<totalScore value='35141'/>
	</enemy>

	<scoreRatio value='1.59418'/>
	<timeFitness value='0.758611'/>
	<unitsAverage value='68'/>
</results>
