<results>
	<result value='win'/>
	<start value='2015-05-04.05:03:03'/>
	<end value='2015-05-04.05:03:58'/>
	<frames value='32149'/>
	<gameDuration value='2009'/>

	<player>
		<unitScore value='17675'/>
		<killScore value='13000'/>
		<buildingScore value='3950'/>
		<razingScore value='20475'/>
		<mineralScore value='22266'/>
		<gasScore value='2864'/>
		<totalScore value='80230'/>
	</player>

	<enemy>
		<race value='Protoss'/>
		<unitScore value='6500'/>
		<unitScore value='6500'/>
		<killScore value='16050'/>
		<buildingScore value='6825'/>
		<razingScore value='1575'/>
		<mineralScore value='18586'/>
		<gasScore value='2728'/>
		<totalScore value='52264'/>
	</enemy>

	<scoreRatio value='1.53509'/>
	<timeFitness value='0.720972'/>
	<unitsAverage value='86'/>
</results>
