<results>
	<result value='draw'/>
	<start value='2015-05-04.05:12:14'/>
	<end value='2015-05-04.05:13:50'/>
	<frames value='57601'/>
	<gameDuration value='3600'/>

	<player>
		<unitScore value='21575'/>
		<killScore value='30200'/>
		<buildingScore value='2550'/>
		<razingScore value='11250'/>
		<mineralScore value='24354'/>
		<gasScore value='5016'/>
		<totalScore value='94945'/>
	</player>

	<enemy>
		<race value='Protoss'/>
		<unitScore value='28700'/>
		<unitScore value='28700'/>
		<killScore value='40750'/>
		<buildingScore value='11050'/>
		<razingScore value='3150'/>
		<mineralScore value='37310'/>
		<gasScore value='8280'/>
		<totalScore value='129240'/>
	</enemy>

	<scoreRatio value='0.734641'/>
	<timeFitness value='0.5'/>
	<unitsAverage value='89'/>
</results>
