<results>
	<result value='win'/>
	<start value='2015-05-04.05:18:06'/>
	<end value='2015-05-04.05:19:10'/>
	<frames value='31622'/>
	<gameDuration value='1976'/>

	<player>
		<unitScore value='17875'/>
		<killScore value='17150'/>
		<buildingScore value='4900'/>
		<razingScore value='19425'/>
		<mineralScore value='27450'/>
		<gasScore value='3472'/>
		<totalScore value='90272'/>
	</player>

	<enemy>
		<race value='Protoss'/>
		<unitScore value='8575'/>
		<unitScore value='8575'/>
		<killScore value='11100'/>
		<buildingScore value='6475'/>
		<razingScore value='0'/>
		<mineralScore value='14534'/>
		<gasScore value='3920'/>
		<totalScore value='44604'/>
	</enemy>

	<scoreRatio value='2.02385'/>
	<timeFitness value='0.725556'/>
	<unitsAverage value='109'/>
</results>
