<results>
	<result value='loss'/>
	<start value='2015-05-04.05:24:13'/>
	<end value='2015-05-04.05:24:27'/>
	<frames value='16122'/>
	<gameDuration value='1007'/>

	<player>
		<unitScore value='3175'/>
		<killScore value='800'/>
		<buildingScore value='1650'/>
		<razingScore value='0'/>
		<mineralScore value='5250'/>
		<gasScore value='648'/>
		<totalScore value='11523'/>
	</player>

	<enemy>
		<race value='Protoss'/>
		<unitScore value='3550'/>
		<unitScore value='3550'/>
		<killScore value='6150'/>
		<buildingScore value='3475'/>
		<razingScore value='4950'/>
		<mineralScore value='8186'/>
		<gasScore value='1496'/>
		<totalScore value='27807'/>
	</enemy>

	<scoreRatio value='0.414392'/>
	<timeFitness value='0.139861'/>
	<unitsAverage value='25'/>
</results>
