<results>
	<result value='win'/>
	<start value='2015-05-04.05:29:22'/>
	<end value='2015-05-04.05:30:25'/>
	<frames value='30444'/>
	<gameDuration value='1902'/>

	<player>
		<unitScore value='19875'/>
		<killScore value='23700'/>
		<buildingScore value='4075'/>
		<razingScore value='14475'/>
		<mineralScore value='28746'/>
		<gasScore value='2864'/>
		<totalScore value='93735'/>
	</player>

	<enemy>
		<race value='Protoss'/>
		<unitScore value='11850'/>
		<unitScore value='11850'/>
		<killScore value='15400'/>
		<buildingScore value='4825'/>
		<razingScore value='0'/>
		<mineralScore value='18410'/>
		<gasScore value='2496'/>
		<totalScore value='52981'/>
	</enemy>

	<scoreRatio value='1.76922'/>
	<timeFitness value='0.735833'/>
	<unitsAverage value='109'/>
</results>
