<results>
	<result value='win'/>
	<start value='2015-05-09.20:08:17'/>
	<end value='2015-05-09.20:08:33'/>
	<frames value='23810'/>
	<gameDuration value='1488'/>

	<player>
		<unitScore value='9675'/>
		<killScore value='15650'/>
		<buildingScore value='2625'/>
		<razingScore value='9225'/>
		<mineralScore value='14410'/>
		<gasScore value='2448'/>
		<totalScore value='54033'/>
	</player>

	<enemy>
		<race value='Protoss'/>
		<unitScore value='8875'/>
		<unitScore value='8875'/>
		<killScore value='6050'/>
		<buildingScore value='3075'/>
		<razingScore value='150'/>
		<mineralScore value='8690'/>
		<gasScore value='2056'/>
		<totalScore value='28896'/>
	</enemy>

	<scoreRatio value='1.86991'/>
	<timeFitness value='0.793333'/>
	<unitsAverage value='64'/>
</results>
