<results>
	<result value='loss'/>
	<start value='2015-05-09.20:08:37'/>
	<end value='2015-05-09.20:08:45'/>
	<frames value='16649'/>
	<gameDuration value='1040'/>

	<player>
		<unitScore value='4350'/>
		<killScore value='700'/>
		<buildingScore value='1600'/>
		<razingScore value='0'/>
		<mineralScore value='5778'/>
		<gasScore value='1064'/>
		<totalScore value='13492'/>
	</player>

	<enemy>
		<race value='Protoss'/>
		<unitScore value='4775'/>
		<unitScore value='4775'/>
		<killScore value='8700'/>
		<buildingScore value='3375'/>
		<razingScore value='4800'/>
		<mineralScore value='8306'/>
		<gasScore value='2376'/>
		<totalScore value='32332'/>
	</enemy>

	<scoreRatio value='0.417296'/>
	<timeFitness value='0.144444'/>
	<unitsAverage value='27'/>
</results>
