<results>
	<result value='win'/>
	<start value='2015-05-09.20:10:54'/>
	<end value='2015-05-09.20:11:24'/>
	<frames value='36055'/>
	<gameDuration value='2253'/>

	<player>
		<unitScore value='20525'/>
		<killScore value='17150'/>
		<buildingScore value='3150'/>
		<razingScore value='19800'/>
		<mineralScore value='24814'/>
		<gasScore value='3016'/>
		<totalScore value='88455'/>
	</player>

	<enemy>
		<race value='Protoss'/>
		<unitScore value='8775'/>
		<unitScore value='8775'/>
		<killScore value='20850'/>
		<buildingScore value='6600'/>
		<razingScore value='375'/>
		<mineralScore value='17586'/>
		<gasScore value='3632'/>
		<totalScore value='57818'/>
	</enemy>

	<scoreRatio value='1.52989'/>
	<timeFitness value='0.687083'/>
	<unitsAverage value='87'/>
</results>
