<results>
	<result value='loss'/>
	<start value='2015-05-03.14:49:10'/>
	<end value='2015-05-03.14:49:38'/>
	<frames value='44394'/>
	<gameDuration value='2774'/>

	<player>
		<unitScore value='17050'/>
		<killScore value='22350'/>
		<buildingScore value='2675'/>
		<razingScore value='1800'/>
		<mineralScore value='19378'/>
		<gasScore value='4392'/>
		<totalScore value='67645'/>
	</player>

	<enemy>
		<race value='Protoss'/>
		<unitScore value='31400'/>
		<unitScore value='31400'/>
		<killScore value='34200'/>
		<buildingScore value='8175'/>
		<razingScore value='8025'/>
		<mineralScore value='31166'/>
		<gasScore value='11056'/>
		<totalScore value='124022'/>
	</enemy>

	<scoreRatio value='0.545427'/>
	<timeFitness value='0.385278'/>
	<unitsAverage value='62'/>
</results>
