<results>
	<result value='win'/>
	<start value='2015-05-09.20:19:58'/>
	<end value='2015-05-09.20:21:03'/>
	<frames value='41511'/>
	<gameDuration value='2594'/>

	<player>
		<unitScore value='24900'/>
		<killScore value='33450'/>
		<buildingScore value='3950'/>
		<razingScore value='20475'/>
		<mineralScore value='31982'/>
		<gasScore value='4968'/>
		<totalScore value='119725'/>
	</player>

	<enemy>
		<race value='Protoss'/>
		<unitScore value='17300'/>
		<unitScore value='17300'/>
		<killScore value='24550'/>
		<buildingScore value='6825'/>
		<razingScore value='1425'/>
		<mineralScore value='18466'/>
		<gasScore value='5120'/>
		<totalScore value='73686'/>
	</enemy>

	<scoreRatio value='1.6248'/>
	<timeFitness value='0.639722'/>
	<unitsAverage value='141'/>
</results>
