<results>
	<result value='win'/>
	<start value='2015-05-09.20:21:19'/>
	<end value='2015-05-09.20:21:39'/>
	<frames value='24864'/>
	<gameDuration value='1554'/>

	<player>
		<unitScore value='11825'/>
		<killScore value='11000'/>
		<buildingScore value='3550'/>
		<razingScore value='8475'/>
		<mineralScore value='17362'/>
		<gasScore value='2608'/>
		<totalScore value='54820'/>
	</player>

	<enemy>
		<race value='Protoss'/>
		<unitScore value='5500'/>
		<unitScore value='5500'/>
		<killScore value='6100'/>
		<buildingScore value='2825'/>
		<razingScore value='150'/>
		<mineralScore value='10402'/>
		<gasScore value='1128'/>
		<totalScore value='26105'/>
	</enemy>

	<scoreRatio value='2.09998'/>
	<timeFitness value='0.784167'/>
	<unitsAverage value='75'/>
</results>
