<results>
	<result value='loss'/>
	<start value='2015-04-13.01:24:17'/>
	<end value='2015-04-13.01:25:16'/>
	<frames value='42844'/>
	<gameDuration value='2677'/>

	<player>
		<unitScore value='17400'/>
		<killScore value='21400'/>
		<buildingScore value='2775'/>
		<razingScore value='3000'/>
		<mineralScore value='19966'/>
		<gasScore value='4352'/>
		<totalScore value='68893'/>
	</player>

	<enemy>
		<race value='Protoss'/>
		<unitScore value='27700'/>
		<unitScore value='27700'/>
		<killScore value='34800'/>
		<buildingScore value='7975'/>
		<razingScore value='8325'/>
		<mineralScore value='29926'/>
		<gasScore value='8978'/>
		<totalScore value='117704'/>
	</enemy>

	<scoreRatio value='0.585307'/>
</results>
