<results>
	<result value='loss'/>
	<start value='2015-07-14.13:56:08'/>
	<end value='2015-07-14.13:56:19'/>
	<frames value='18819'/>
	<gameDuration value='1176'/>

	<player>
		<unitScore value='4925'/>
		<killScore value='1100'/>
		<buildingScore value='1850'/>
		<razingScore value='0'/>
		<mineralScore value='6298'/>
		<gasScore value='1048'/>
		<totalScore value='15221'/>
	</player>

	<enemy>
		<race value='Protoss'/>
		<unitScore value='5750'/>
		<killScore value='9950'/>
		<buildingScore value='4425'/>
		<razingScore value='5550'/>
		<mineralScore value='11002'/>
		<gasScore value='2264'/>
		<totalScore value='38941'/>
	</enemy>

	<scoreRatio value='0.390873'/>
	<timeFitness value='0.163333'/>
	<unitsAverage value='27'/>
</results>
