<results>
	<result value='loss'/>
	<start value='2015-05-10.05:03:11'/>
	<end value='2015-05-10.05:03:14'/>
	<frames value='8031'/>
	<gameDuration value='501'/>

	<player>
		<unitScore value='900'/>
		<killScore value='150'/>
		<buildingScore value='675'/>
		<razingScore value='0'/>
		<mineralScore value='1258'/>
		<gasScore value='32'/>
		<totalScore value='3015'/>
	</player>

	<enemy>
		<race value='Zerg'/>
		<unitScore value='1400'/>
		<unitScore value='1400'/>
		<killScore value='1700'/>
		<buildingScore value='820'/>
		<razingScore value='2025'/>
		<mineralScore value='2298'/>
		<gasScore value='80'/>
		<totalScore value='8323'/>
	</enemy>

	<scoreRatio value='0.362249'/>
	<timeFitness value='0.0695833'/>
	<unitsAverage value='9'/>
</results>
