<results>
	<result value='win'/>
	<start value='2015-05-10.05:04:31'/>
	<end value='2015-05-10.05:04:59'/>
	<frames value='28305'/>
	<gameDuration value='1769'/>

	<player>
		<unitScore value='16300'/>
		<killScore value='31470'/>
		<buildingScore value='3975'/>
		<razingScore value='6495'/>
		<mineralScore value='23010'/>
		<gasScore value='2072'/>
		<totalScore value='83322'/>
	</player>

	<enemy>
		<race value='Zerg'/>
		<unitScore value='14300'/>
		<unitScore value='14300'/>
		<killScore value='14500'/>
		<buildingScore value='2165'/>
		<razingScore value='0'/>
		<mineralScore value='12690'/>
		<gasScore value='3696'/>
		<totalScore value='47351'/>
	</enemy>

	<scoreRatio value='1.75967'/>
	<timeFitness value='0.754306'/>
	<unitsAverage value='85'/>
</results>
