<results>
	<result value='loss'/>
	<start value='2014-07-05.23:27:00'/>
	<end value='2014-07-05.23:27:11'/>
	<frames value='18850'/>
	<gameDuration value='1178'/>

	<player>
		<unitScore value='6225'/>
		<killScore value='2500'/>
		<buildingScore value='1650'/>
		<razingScore value='0'/>
		<mineralScore value='7922'/>
		<gasScore value='1000'/>
		<totalScore value='19297'/>
	</player>

	<enemy>
		<race value='Protoss'/>
		<unitScore value='5875'/>
		<unitScore value='5875'/>
		<killScore value='12450'/>
		<buildingScore value='3625'/>
		<razingScore value='4950'/>
		<mineralScore value='9658'/>
		<gasScore value='2840'/>
		<totalScore value='39398'/>
	</enemy>

	<scoreRatio value='0.489796'/>
</results>
