<results>
	<result value='loss'/>
	<start value='2014-07-05.23:28:45'/>
	<end value='2014-07-05.23:28:53'/>
	<frames value='14603'/>
	<gameDuration value='912'/>

	<player>
		<unitScore value='3100'/>
		<killScore value='400'/>
		<buildingScore value='1450'/>
		<razingScore value='0'/>
		<mineralScore value='4522'/>
		<gasScore value='496'/>
		<totalScore value='9968'/>
	</player>

	<enemy>
		<race value='Protoss'/>
		<unitScore value='3550'/>
		<unitScore value='3550'/>
		<killScore value='4350'/>
		<buildingScore value='2525'/>
		<razingScore value='4350'/>
		<mineralScore value='7634'/>
		<gasScore value='1384'/>
		<totalScore value='23793'/>
	</enemy>

	<scoreRatio value='0.418947'/>
</results>
