<results>
	<result value='win'/>
	<start value='2015-04-30.08:32:21'/>
	<end value='2015-04-30.08:34:11'/>
	<frames value='45944'/>
	<gameDuration value='2871'/>

	<player>
		<unitScore value='25625'/>
		<killScore value='52040'/>
		<buildingScore value='5175'/>
		<razingScore value='10260'/>
		<mineralScore value='33518'/>
		<gasScore value='4288'/>
		<totalScore value='130906'/>
	</player>

	<enemy>
		<race value='Zerg'/>
		<unitScore value='24400'/>
		<unitScore value='24400'/>
		<killScore value='20000'/>
		<buildingScore value='3420'/>
		<razingScore value='0'/>
		<mineralScore value='22554'/>
		<gasScore value='7458'/>
		<totalScore value='77832'/>
	</enemy>

	<scoreRatio value='1.6819'/>
</results>
