<results>
	<result value='win'/>
	<start value='2014-07-12.21:28:23'/>
	<end value='2014-07-12.21:28:55'/>
	<frames value='41790'/>
	<gameDuration value='2611'/>

	<player>
		<unitScore value='19800'/>
		<killScore value='37200'/>
		<buildingScore value='3825'/>
		<razingScore value='15600'/>
		<mineralScore value='27934'/>
		<gasScore value='2662'/>
		<totalScore value='107021'/>
	</player>

	<enemy>
		<race value='Terran'/>
		<unitScore value='23375'/>
		<unitScore value='23375'/>
		<killScore value='21000'/>
		<buildingScore value='5200'/>
		<razingScore value='3450'/>
		<mineralScore value='18874'/>
		<gasScore value='10830'/>
		<totalScore value='82729'/>
	</enemy>

	<scoreRatio value='1.29363'/>
</results>
