<results>
	<result value='win'/>
	<start value='2015-05-05.06:57:28'/>
	<end value='2015-05-05.06:57:39'/>
	<frames value='21640'/>
	<gameDuration value='1352'/>

	<player>
		<unitScore value='8325'/>
		<killScore value='14800'/>
		<buildingScore value='2625'/>
		<razingScore value='7725'/>
		<mineralScore value='11162'/>
		<gasScore value='1808'/>
		<totalScore value='46445'/>
	</player>

	<enemy>
		<race value='Terran'/>
		<unitScore value='7400'/>
		<unitScore value='7400'/>
		<killScore value='8650'/>
		<buildingScore value='2575'/>
		<razingScore value='3300'/>
		<mineralScore value='7930'/>
		<gasScore value='2304'/>
		<totalScore value='32159'/>
	</enemy>

	<scoreRatio value='1.44423'/>
	<timeFitness value='0.812222'/>
	<unitsAverage value='47'/>
</results>
