<results>
	<result value='win'/>
	<start value='2015-05-05.06:58:30'/>
	<end value='2015-05-05.06:58:36'/>
	<frames value='14634'/>
	<gameDuration value='914'/>

	<player>
		<unitScore value='4950'/>
		<killScore value='6200'/>
		<buildingScore value='1750'/>
		<razingScore value='3600'/>
		<mineralScore value='7946'/>
		<gasScore value='1160'/>
		<totalScore value='25606'/>
	</player>

	<enemy>
		<race value='Terran'/>
		<unitScore value='3100'/>
		<unitScore value='3100'/>
		<killScore value='1000'/>
		<buildingScore value='1200'/>
		<razingScore value='150'/>
		<mineralScore value='4938'/>
		<gasScore value='1336'/>
		<totalScore value='11724'/>
	</enemy>

	<scoreRatio value='2.18407'/>
	<timeFitness value='0.873056'/>
	<unitsAverage value='43'/>
</results>
