<results>
	<result value='loss'/>
	<start value='2015-05-09.08:41:51'/>
	<end value='2015-05-09.08:42:02'/>
	<frames value='23066'/>
	<gameDuration value='1441'/>

	<player>
		<unitScore value='7900'/>
		<killScore value='3250'/>
		<buildingScore value='2225'/>
		<razingScore value='0'/>
		<mineralScore value='9938'/>
		<gasScore value='1464'/>
		<totalScore value='24777'/>
	</player>

	<enemy>
		<race value='Terran'/>
		<unitScore value='9475'/>
		<unitScore value='9475'/>
		<killScore value='15800'/>
		<buildingScore value='3675'/>
		<razingScore value='6675'/>
		<mineralScore value='11298'/>
		<gasScore value='4904'/>
		<totalScore value='51827'/>
	</enemy>

	<scoreRatio value='0.478071'/>
	<timeFitness value='0.200139'/>
	<unitsAverage value='33'/>
</results>
