<results>
	<result value='win'/>
	<start value='2015-05-05.06:59:04'/>
	<end value='2015-05-05.06:59:18'/>
	<frames value='23841'/>
	<gameDuration value='1490'/>

	<player>
		<unitScore value='9400'/>
		<killScore value='13600'/>
		<buildingScore value='3900'/>
		<razingScore value='4350'/>
		<mineralScore value='16098'/>
		<gasScore value='2448'/>
		<totalScore value='49796'/>
	</player>

	<enemy>
		<race value='Terran'/>
		<unitScore value='6800'/>
		<unitScore value='6800'/>
		<killScore value='2700'/>
		<buildingScore value='1450'/>
		<razingScore value='2025'/>
		<mineralScore value='7658'/>
		<gasScore value='2224'/>
		<totalScore value='22857'/>
	</enemy>

	<scoreRatio value='2.17859'/>
	<timeFitness value='0.793056'/>
	<unitsAverage value='64'/>
</results>
