<results>
	<result value='draw'/>
	<start value='2015-05-09.08:43:47'/>
	<end value='2015-05-09.08:44:36'/>
	<frames value='57601'/>
	<gameDuration value='3600'/>

	<player>
		<unitScore value='24575'/>
		<killScore value='23550'/>
		<buildingScore value='3050'/>
		<razingScore value='0'/>
		<mineralScore value='23838'/>
		<gasScore value='6648'/>
		<totalScore value='81661'/>
	</player>

	<enemy>
		<race value='Terran'/>
		<unitScore value='26300'/>
		<unitScore value='26300'/>
		<killScore value='39900'/>
		<buildingScore value='4075'/>
		<razingScore value='3600'/>
		<mineralScore value='19550'/>
		<gasScore value='12402'/>
		<totalScore value='105827'/>
	</enemy>

	<scoreRatio value='0.771646'/>
	<timeFitness value='0.5'/>
	<unitsAverage value='85'/>
</results>
