<results>
	<result value='win'/>
	<start value='2015-05-09.08:48:52'/>
	<end value='2015-05-09.08:49:17'/>
	<frames value='34567'/>
	<gameDuration value='2160'/>

	<player>
		<unitScore value='17025'/>
		<killScore value='30500'/>
		<buildingScore value='4475'/>
		<razingScore value='11250'/>
		<mineralScore value='21990'/>
		<gasScore value='3360'/>
		<totalScore value='88600'/>
	</player>

	<enemy>
		<race value='Terran'/>
		<unitScore value='16850'/>
		<unitScore value='16850'/>
		<killScore value='14950'/>
		<buildingScore value='3850'/>
		<razingScore value='3525'/>
		<mineralScore value='14966'/>
		<gasScore value='6848'/>
		<totalScore value='60989'/>
	</enemy>

	<scoreRatio value='1.45272'/>
	<timeFitness value='0.7'/>
	<unitsAverage value='74'/>
</results>
