<results>
	<result value='loss'/>
	<start value='2015-04-29.18:28:01'/>
	<end value='2015-04-29.18:28:11'/>
	<frames value='18354'/>
	<gameDuration value='1147'/>

	<player>
		<unitScore value='4500'/>
		<killScore value='3600'/>
		<buildingScore value='1175'/>
		<razingScore value='0'/>
		<mineralScore value='8258'/>
		<gasScore value='1216'/>
		<totalScore value='18749'/>
	</player>

	<enemy>
		<race value='Zerg'/>
		<unitScore value='7750'/>
		<unitScore value='7750'/>
		<killScore value='9000'/>
		<buildingScore value='1735'/>
		<razingScore value='3525'/>
		<mineralScore value='8362'/>
		<gasScore value='2496'/>
		<totalScore value='32868'/>
	</enemy>

	<scoreRatio value='0.570433'/>
	<timeFitness value='0.159306'/>
	<unitsAverage value='35'/>
</results>
