<results>
	<result value='win'/>
	<start value='2015-04-29.18:31:20'/>
	<end value='2015-04-29.18:32:04'/>
	<frames value='32428'/>
	<gameDuration value='2026'/>

	<player>
		<unitScore value='22150'/>
		<killScore value='44620'/>
		<buildingScore value='4550'/>
		<razingScore value='6135'/>
		<mineralScore value='31382'/>
		<gasScore value='2384'/>
		<totalScore value='111221'/>
	</player>

	<enemy>
		<race value='Zerg'/>
		<unitScore value='19625'/>
		<unitScore value='19625'/>
		<killScore value='21400'/>
		<buildingScore value='2045'/>
		<razingScore value='225'/>
		<mineralScore value='16182'/>
		<gasScore value='4832'/>
		<totalScore value='64309'/>
	</enemy>

	<scoreRatio value='1.72948'/>
	<timeFitness value='0.718611'/>
	<unitsAverage value='126'/>
</results>
