<results>
	<result value='draw'/>
	<start value='2015-07-12.00:39:21'/>
	<end value='2015-07-12.00:41:03'/>
	<frames value='57601'/>
	<gameDuration value='3600'/>

	<player>
		<unitScore value='26775'/>
		<killScore value='30800'/>
		<buildingScore value='3675'/>
		<razingScore value='1050'/>
		<mineralScore value='25250'/>
		<gasScore value='3408'/>
		<totalScore value='90958'/>
	</player>

	<enemy>
		<race value='Terran'/>
		<unitScore value='27150'/>
		<killScore value='47400'/>
		<buildingScore value='4300'/>
		<razingScore value='6900'/>
		<mineralScore value='19550'/>
		<gasScore value='12400'/>
		<totalScore value='117700'/>
	</enemy>

	<scoreRatio value='0.772795'/>
	<timeFitness value='0.5'/>
	<unitsAverage value='86'/>
</results>
