<results>
	<result value='loss'/>
	<start value='2015-04-13.20:43:31'/>
	<end value='2015-04-13.20:44:00'/>
	<frames value='29917'/>
	<gameDuration value='1869'/>

	<player>
		<unitScore value='4475'/>
		<killScore value='3050'/>
		<buildingScore value='2025'/>
		<razingScore value='0'/>
		<mineralScore value='6594'/>
		<gasScore value='1032'/>
		<totalScore value='17176'/>
	</player>

	<enemy>
		<race value='Protoss'/>
		<unitScore value='13275'/>
		<unitScore value='13275'/>
		<killScore value='8950'/>
		<buildingScore value='6975'/>
		<razingScore value='6075'/>
		<mineralScore value='17734'/>
		<gasScore value='7128'/>
		<totalScore value='60137'/>
	</enemy>

	<scoreRatio value='0.285615'/>
</results>
