<results>
	<result value='win'/>
	<start value='2015-04-13.20:53:29'/>
	<end value='2015-04-13.20:54:34'/>
	<frames value='31498'/>
	<gameDuration value='1968'/>

	<player>
		<unitScore value='19175'/>
		<killScore value='23100'/>
		<buildingScore value='3675'/>
		<razingScore value='16650'/>
		<mineralScore value='29650'/>
		<gasScore value='2512'/>
		<totalScore value='94762'/>
	</player>

	<enemy>
		<race value='Protoss'/>
		<unitScore value='11550'/>
		<unitScore value='11550'/>
		<killScore value='13250'/>
		<buildingScore value='5550'/>
		<razingScore value='0'/>
		<mineralScore value='19210'/>
		<gasScore value='2840'/>
		<totalScore value='52400'/>
	</enemy>

	<scoreRatio value='1.80844'/>
</results>
