<results>
	<result value='loss'/>
	<start value='2015-04-09.08:32:03'/>
	<end value='2015-04-09.08:32:11'/>
	<frames value='16773'/>
	<gameDuration value='1048'/>

	<player>
		<unitScore value='3050'/>
		<killScore value='800'/>
		<buildingScore value='1675'/>
		<razingScore value='0'/>
		<mineralScore value='4914'/>
		<gasScore value='592'/>
		<totalScore value='11031'/>
	</player>

	<enemy>
		<race value='Protoss'/>
		<unitScore value='3750'/>
		<unitScore value='3750'/>
		<killScore value='6100'/>
		<buildingScore value='3825'/>
		<razingScore value='5025'/>
		<mineralScore value='9194'/>
		<gasScore value='1768'/>
		<totalScore value='29662'/>
	</enemy>

	<scoreRatio value='0.37189'/>
</results>
