<results>
	<result value='loss'/>
	<start value='2015-04-26.16:26:48'/>
	<end value='2015-04-26.16:27:19'/>
	<frames value='47153'/>
	<gameDuration value='2947'/>

	<player>
		<unitScore value='13275'/>
		<killScore value='14850'/>
		<buildingScore value='2350'/>
		<razingScore value='225'/>
		<mineralScore value='15186'/>
		<gasScore value='3328'/>
		<totalScore value='49214'/>
	</player>

	<enemy>
		<race value='Terran'/>
		<unitScore value='22275'/>
		<unitScore value='22275'/>
		<killScore value='26550'/>
		<buildingScore value='4975'/>
		<razingScore value='7050'/>
		<mineralScore value='28610'/>
		<gasScore value='11114'/>
		<totalScore value='100574'/>
	</enemy>

	<scoreRatio value='0.489331'/>
</results>
