<results>
	<result value='win'/>
	<start value='2015-04-26.16:30:33'/>
	<end value='2015-04-26.16:30:50'/>
	<frames value='25143'/>
	<gameDuration value='1571'/>

	<player>
		<unitScore value='10875'/>
		<killScore value='22850'/>
		<buildingScore value='2875'/>
		<razingScore value='8400'/>
		<mineralScore value='13586'/>
		<gasScore value='1536'/>
		<totalScore value='60122'/>
	</player>

	<enemy>
		<race value='Terran'/>
		<unitScore value='11425'/>
		<unitScore value='11425'/>
		<killScore value='10300'/>
		<buildingScore value='2800'/>
		<razingScore value='1350'/>
		<mineralScore value='10618'/>
		<gasScore value='4448'/>
		<totalScore value='40941'/>
	</enemy>

	<scoreRatio value='1.4685'/>
</results>
