<results>
	<result value='win'/>
	<start value='2015-04-26.12:39:37'/>
	<end value='2015-04-26.12:40:03'/>
	<frames value='31808'/>
	<gameDuration value='1988'/>

	<player>
		<unitScore value='13400'/>
		<killScore value='28400'/>
		<buildingScore value='3925'/>
		<razingScore value='10275'/>
		<mineralScore value='19554'/>
		<gasScore value='3480'/>
		<totalScore value='79034'/>
	</player>

	<enemy>
		<race value='Terran'/>
		<unitScore value='16600'/>
		<unitScore value='16600'/>
		<killScore value='12100'/>
		<buildingScore value='3525'/>
		<razingScore value='3750'/>
		<mineralScore value='13650'/>
		<gasScore value='6160'/>
		<totalScore value='55785'/>
	</enemy>

	<scoreRatio value='1.41676'/>
</results>
