<results>
	<result value='draw'/>
	<start value='2015-04-29.18:19:14'/>
	<end value='2015-04-29.18:21:21'/>
	<frames value='57601'/>
	<gameDuration value='3600'/>

	<player>
		<unitScore value='29825'/>
		<killScore value='63000'/>
		<buildingScore value='3350'/>
		<razingScore value='300'/>
		<mineralScore value='31502'/>
		<gasScore value='5518'/>
		<totalScore value='133495'/>
	</player>

	<enemy>
		<race value='Protoss'/>
		<unitScore value='40100'/>
		<unitScore value='40100'/>
		<killScore value='52500'/>
		<buildingScore value='6450'/>
		<razingScore value='3525'/>
		<mineralScore value='31550'/>
		<gasScore value='12172'/>
		<totalScore value='146297'/>
	</enemy>

	<scoreRatio value='0.912493'/>
	<timeFitness value='0.5'/>
	<unitsAverage value='116'/>
</results>
