<results>
	<result value='draw'/>
	<start value='2015-05-03.02:21:38'/>
	<end value='2015-05-03.02:23:34'/>
	<frames value='57601'/>
	<gameDuration value='3600'/>

	<player>
		<unitScore value='33400'/>
		<killScore value='29350'/>
		<buildingScore value='5000'/>
		<razingScore value='2550'/>
		<mineralScore value='38890'/>
		<gasScore value='10304'/>
		<totalScore value='119494'/>
	</player>

	<enemy>
		<race value='Terran'/>
		<unitScore value='18575'/>
		<unitScore value='18575'/>
		<killScore value='51750'/>
		<buildingScore value='3150'/>
		<razingScore value='5025'/>
		<mineralScore value='24050'/>
		<gasScore value='6522'/>
		<totalScore value='109072'/>
	</enemy>

	<scoreRatio value='1.09555'/>
	<timeFitness value='0.5'/>
	<unitsAverage value='133'/>
</results>
