<results>
	<result value='win'/>
	<start value='2015-05-03.02:27:00'/>
	<end value='2015-05-03.02:28:07'/>
	<frames value='38008'/>
	<gameDuration value='2375'/>

	<player>
		<unitScore value='20325'/>
		<killScore value='31550'/>
		<buildingScore value='5625'/>
		<razingScore value='10500'/>
		<mineralScore value='35942'/>
		<gasScore value='4664'/>
		<totalScore value='108606'/>
	</player>

	<enemy>
		<race value='Terran'/>
		<unitScore value='18475'/>
		<unitScore value='18475'/>
		<killScore value='15850'/>
		<buildingScore value='3500'/>
		<razingScore value='900'/>
		<mineralScore value='15370'/>
		<gasScore value='7136'/>
		<totalScore value='61231'/>
	</enemy>

	<scoreRatio value='1.77371'/>
	<timeFitness value='0.670139'/>
	<unitsAverage value='128'/>
</results>
