<results>
	<result value='win'/>
	<start value='2015-05-03.02:33:11'/>
	<end value='2015-05-03.02:33:24'/>
	<frames value='16804'/>
	<gameDuration value='1050'/>

	<player>
		<unitScore value='5200'/>
		<killScore value='10350'/>
		<buildingScore value='2100'/>
		<razingScore value='4350'/>
		<mineralScore value='8682'/>
		<gasScore value='1488'/>
		<totalScore value='32170'/>
	</player>

	<enemy>
		<race value='Terran'/>
		<unitScore value='5175'/>
		<unitScore value='5175'/>
		<killScore value='2400'/>
		<buildingScore value='1450'/>
		<razingScore value='450'/>
		<mineralScore value='7026'/>
		<gasScore value='2080'/>
		<totalScore value='18581'/>
	</enemy>

	<scoreRatio value='1.73134'/>
	<timeFitness value='0.854167'/>
	<unitsAverage value='43'/>
</results>
