<results>
	<result value='win'/>
	<start value='2015-05-03.02:44:55'/>
	<end value='2015-05-03.02:45:35'/>
	<frames value='38752'/>
	<gameDuration value='2422'/>

	<player>
		<unitScore value='18925'/>
		<killScore value='29700'/>
		<buildingScore value='4025'/>
		<razingScore value='9975'/>
		<mineralScore value='28698'/>
		<gasScore value='2944'/>
		<totalScore value='94267'/>
	</player>

	<enemy>
		<race value='Terran'/>
		<unitScore value='16450'/>
		<unitScore value='16450'/>
		<killScore value='21200'/>
		<buildingScore value='3500'/>
		<razingScore value='3150'/>
		<mineralScore value='13682'/>
		<gasScore value='6702'/>
		<totalScore value='64684'/>
	</enemy>

	<scoreRatio value='1.45735'/>
	<timeFitness value='0.663611'/>
	<unitsAverage value='78'/>
</results>
