<results>
	<result value='win'/>
	<start value='2015-07-15.12:47:46'/>
	<end value='2015-07-15.12:49:19'/>
	<frames value='47742'/>
	<gameDuration value='2983'/>

	<player>
		<unitScore value='31675'/>
		<killScore value='14550'/>
		<buildingScore value='8150'/>
		<razingScore value='3750'/>
		<mineralScore value='44162'/>
		<gasScore value='6204'/>
		<totalScore value='108491'/>
	</player>

	<enemy>
		<race value='Terran'/>
		<unitScore value='7275'/>
		<killScore value='40250'/>
		<buildingScore value='1250'/>
		<razingScore value='4875'/>
		<mineralScore value='12050'/>
		<gasScore value='5578'/>
		<totalScore value='71278'/>
	</enemy>

	<scoreRatio value='1.52208'/>
	<timeFitness value='0.585694'/>
	<unitsAverage value='123'/>
</results>
