<results>
	<result value='loss'/>
	<start value='2014-07-10.15:11:30'/>
	<end value='2014-07-10.15:12:13'/>
	<frames value='54128'/>
	<gameDuration value='3383'/>

	<player>
		<unitScore value='24800'/>
		<killScore value='43500'/>
		<buildingScore value='3150'/>
		<razingScore value='6000'/>
		<mineralScore value='26974'/>
		<gasScore value='6212'/>
		<totalScore value='110636'/>
	</player>

	<enemy>
		<race value='Protoss'/>
		<unitScore value='36500'/>
		<unitScore value='36500'/>
		<killScore value='49700'/>
		<buildingScore value='8675'/>
		<razingScore value='9450'/>
		<mineralScore value='32854'/>
		<gasScore value='10902'/>
		<totalScore value='148081'/>
	</enemy>

	<scoreRatio value='0.747132'/>
</results>
