<results>
	<result value='loss'/>
	<start value='2014-07-10.15:17:49'/>
	<end value='2014-07-10.15:17:56'/>
	<frames value='16556'/>
	<gameDuration value='1034'/>

	<player>
		<unitScore value='3125'/>
		<killScore value='1000'/>
		<buildingScore value='1600'/>
		<razingScore value='0'/>
		<mineralScore value='4930'/>
		<gasScore value='840'/>
		<totalScore value='11495'/>
	</player>

	<enemy>
		<race value='Protoss'/>
		<unitScore value='3600'/>
		<unitScore value='3600'/>
		<killScore value='6250'/>
		<buildingScore value='3875'/>
		<razingScore value='4800'/>
		<mineralScore value='8642'/>
		<gasScore value='1592'/>
		<totalScore value='28759'/>
	</enemy>

	<scoreRatio value='0.399701'/>
</results>
