<results>
	<result value='loss'/>
	<start value='2014-07-10.15:21:03'/>
	<end value='2014-07-10.15:21:18'/>
	<frames value='30878'/>
	<gameDuration value='1929'/>

	<player>
		<unitScore value='3650'/>
		<killScore value='4800'/>
		<buildingScore value='1925'/>
		<razingScore value='0'/>
		<mineralScore value='5746'/>
		<gasScore value='992'/>
		<totalScore value='17113'/>
	</player>

	<enemy>
		<race value='Protoss'/>
		<unitScore value='16100'/>
		<unitScore value='16100'/>
		<killScore value='7300'/>
		<buildingScore value='6875'/>
		<razingScore value='5775'/>
		<mineralScore value='19614'/>
		<gasScore value='7368'/>
		<totalScore value='63032'/>
	</enemy>

	<scoreRatio value='0.271497'/>
</results>
