<results>
	<result value='win'/>
	<start value='2014-07-01.04:06:44'/>
	<end value='2014-07-01.04:07:15'/>
	<frames value='33451'/>
	<gameDuration value='2090'/>

	<player>
		<unitScore value='22200'/>
		<killScore value='28450'/>
		<buildingScore value='3925'/>
		<razingScore value='18975'/>
		<mineralScore value='28330'/>
		<gasScore value='2360'/>
		<totalScore value='104240'/>
	</player>

	<enemy>
		<race value='Protoss'/>
		<unitScore value='16200'/>
		<unitScore value='16200'/>
		<killScore value='21500'/>
		<buildingScore value='6325'/>
		<razingScore value='0'/>
		<mineralScore value='17310'/>
		<gasScore value='5832'/>
		<totalScore value='67167'/>
	</enemy>

	<scoreRatio value='1.55195'/>
</results>
