<results>
	<result value='loss'/>
	<start value='2014-07-01.04:07:37'/>
	<end value='2014-07-01.04:07:49'/>
	<frames value='27251'/>
	<gameDuration value='1703'/>

	<player>
		<unitScore value='4325'/>
		<killScore value='3250'/>
		<buildingScore value='1750'/>
		<razingScore value='0'/>
		<mineralScore value='6266'/>
		<gasScore value='952'/>
		<totalScore value='16543'/>
	</player>

	<enemy>
		<race value='Protoss'/>
		<unitScore value='11000'/>
		<unitScore value='11000'/>
		<killScore value='8650'/>
		<buildingScore value='6575'/>
		<razingScore value='5250'/>
		<mineralScore value='16126'/>
		<gasScore value='5496'/>
		<totalScore value='53097'/>
	</enemy>

	<scoreRatio value='0.311562'/>
</results>
