<results>
	<result value='win'/>
	<start value='2015-04-30.12:48:16'/>
	<end value='2015-04-30.12:48:53'/>
	<frames value='23965'/>
	<gameDuration value='1497'/>

	<player>
		<unitScore value='16150'/>
		<killScore value='22170'/>
		<buildingScore value='3950'/>
		<razingScore value='4635'/>
		<mineralScore value='25262'/>
		<gasScore value='2000'/>
		<totalScore value='74167'/>
	</player>

	<enemy>
		<race value='Zerg'/>
		<unitScore value='9675'/>
		<unitScore value='9675'/>
		<killScore value='13050'/>
		<buildingScore value='1545'/>
		<razingScore value='0'/>
		<mineralScore value='9154'/>
		<gasScore value='2528'/>
		<totalScore value='35952'/>
	</enemy>

	<scoreRatio value='2.06295'/>
	<timeFitness value='0.792083'/>
	<unitsAverage value='88'/>
</results>
