<results>
	<result value='win'/>
	<start value='2015-04-30.13:09:21'/>
	<end value='2015-04-30.13:10:02'/>
	<frames value='26011'/>
	<gameDuration value='1625'/>

	<player>
		<unitScore value='15750'/>
		<killScore value='21090'/>
		<buildingScore value='3525'/>
		<razingScore value='6165'/>
		<mineralScore value='24346'/>
		<gasScore value='1752'/>
		<totalScore value='72628'/>
	</player>

	<enemy>
		<race value='Zerg'/>
		<unitScore value='10000'/>
		<unitScore value='10000'/>
		<killScore value='12650'/>
		<buildingScore value='2055'/>
		<razingScore value='0'/>
		<mineralScore value='9346'/>
		<gasScore value='2920'/>
		<totalScore value='36971'/>
	</enemy>

	<scoreRatio value='1.96446'/>
	<timeFitness value='0.774306'/>
	<unitsAverage value='89'/>
</results>
