<results>
	<result value='loss'/>
	<start value='2015-03-31.15:19:31'/>
	<end value='2015-03-31.15:20:01'/>
	<frames value='41449'/>
	<gameDuration value='2590'/>

	<player>
		<unitScore value='19075'/>
		<killScore value='17400'/>
		<buildingScore value='2325'/>
		<razingScore value='150'/>
		<mineralScore value='21010'/>
		<gasScore value='3032'/>
		<totalScore value='62992'/>
	</player>

	<enemy>
		<race value='Protoss'/>
		<unitScore value='29275'/>
		<unitScore value='29275'/>
		<killScore value='38000'/>
		<buildingScore value='7525'/>
		<razingScore value='6975'/>
		<mineralScore value='28266'/>
		<gasScore value='12014'/>
		<totalScore value='122055'/>
	</enemy>

	<scoreRatio value='0.516095'/>
</results>
