<results>
	<result value='draw'/>
	<start value='2015-03-31.15:20:04'/>
	<end value='2015-03-31.15:21:11'/>
	<frames value='57601'/>
	<gameDuration value='3600'/>

	<player>
		<unitScore value='30825'/>
		<killScore value='40700'/>
		<buildingScore value='3375'/>
		<razingScore value='750'/>
		<mineralScore value='31470'/>
		<gasScore value='7746'/>
		<totalScore value='114866'/>
	</player>

	<enemy>
		<race value='Protoss'/>
		<unitScore value='36700'/>
		<unitScore value='36700'/>
		<killScore value='54800'/>
		<buildingScore value='6375'/>
		<razingScore value='5625'/>
		<mineralScore value='31550'/>
		<gasScore value='12172'/>
		<totalScore value='147222'/>
	</enemy>

	<scoreRatio value='0.780223'/>
</results>
