<results>
	<result value='loss'/>
	<start value='2014-07-10.11:40:56'/>
	<end value='2014-07-10.11:41:03'/>
	<frames value='16618'/>
	<gameDuration value='1038'/>

	<player>
		<unitScore value='3550'/>
		<killScore value='2000'/>
		<buildingScore value='1125'/>
		<razingScore value='0'/>
		<mineralScore value='4874'/>
		<gasScore value='0'/>
		<totalScore value='11549'/>
	</player>

	<enemy>
		<race value='Protoss'/>
		<unitScore value='3600'/>
		<unitScore value='3600'/>
		<killScore value='7100'/>
		<buildingScore value='4075'/>
		<razingScore value='3375'/>
		<mineralScore value='8706'/>
		<gasScore value='1592'/>
		<totalScore value='28448'/>
	</enemy>

	<scoreRatio value='0.405969'/>
</results>
