<results>
	<result value='loss'/>
	<start value='2015-07-12.15:36:44'/>
	<end value='2015-07-12.15:36:54'/>
	<frames value='18664'/>
	<gameDuration value='1166'/>

	<player>
		<unitScore value='5350'/>
		<killScore value='2700'/>
		<buildingScore value='1875'/>
		<razingScore value='0'/>
		<mineralScore value='6178'/>
		<gasScore value='968'/>
		<totalScore value='17071'/>
	</player>

	<enemy>
		<race value='Terran'/>
		<unitScore value='6375'/>
		<killScore value='10700'/>
		<buildingScore value='2350'/>
		<razingScore value='5625'/>
		<mineralScore value='8706'/>
		<gasScore value='3016'/>
		<totalScore value='36772'/>
	</enemy>

	<scoreRatio value='0.464239'/>
	<timeFitness value='0.161944'/>
	<unitsAverage value='26'/>
</results>
