<results>
	<result value='loss'/>
	<start value='2015-07-12.00:53:17'/>
	<end value='2015-07-12.00:54:12'/>
	<frames value='56143'/>
	<gameDuration value='3508'/>

	<player>
		<unitScore value='28550'/>
		<killScore value='17400'/>
		<buildingScore value='2900'/>
		<razingScore value='225'/>
		<mineralScore value='31558'/>
		<gasScore value='4712'/>
		<totalScore value='85345'/>
	</player>

	<enemy>
		<race value='Terran'/>
		<unitScore value='23950'/>
		<killScore value='55000'/>
		<buildingScore value='4100'/>
		<razingScore value='8700'/>
		<mineralScore value='19550'/>
		<gasScore value='12300'/>
		<totalScore value='123600'/>
	</enemy>

	<scoreRatio value='0.690494'/>
	<timeFitness value='0.487222'/>
	<unitsAverage value='68'/>
</results>
