<results>
	<result value='loss'/>
	<start value='2015-03-31.14:30:35'/>
	<end value='2015-03-31.14:31:20'/>
	<frames value='47804'/>
	<gameDuration value='2987'/>

	<player>
		<unitScore value='26850'/>
		<killScore value='24200'/>
		<buildingScore value='3350'/>
		<razingScore value='300'/>
		<mineralScore value='30322'/>
		<gasScore value='1928'/>
		<totalScore value='86950'/>
	</player>

	<enemy>
		<race value='Protoss'/>
		<unitScore value='29700'/>
		<unitScore value='29700'/>
		<killScore value='53700'/>
		<buildingScore value='7025'/>
		<razingScore value='10050'/>
		<mineralScore value='31302'/>
		<gasScore value='9746'/>
		<totalScore value='141523'/>
	</enemy>

	<scoreRatio value='0.614388'/>
</results>
