<results>
	<result value='win'/>
	<start value='2015-03-31.14:37:13'/>
	<end value='2015-03-31.14:37:44'/>
	<frames value='30940'/>
	<gameDuration value='1933'/>

	<player>
		<unitScore value='17700'/>
		<killScore value='16900'/>
		<buildingScore value='3925'/>
		<razingScore value='12675'/>
		<mineralScore value='22578'/>
		<gasScore value='3024'/>
		<totalScore value='76802'/>
	</player>

	<enemy>
		<race value='Protoss'/>
		<unitScore value='8450'/>
		<unitScore value='8450'/>
		<killScore value='11600'/>
		<buildingScore value='4225'/>
		<razingScore value='1200'/>
		<mineralScore value='11794'/>
		<gasScore value='2384'/>
		<totalScore value='39653'/>
	</enemy>

	<scoreRatio value='1.93685'/>
</results>
