<results>
	<result value='loss'/>
	<start value='2015-05-03.03:32:16'/>
	<end value='2015-05-03.03:32:30'/>
	<frames value='30692'/>
	<gameDuration value='1918'/>

	<player>
		<unitScore value='7350'/>
		<killScore value='3600'/>
		<buildingScore value='2400'/>
		<razingScore value='150'/>
		<mineralScore value='10890'/>
		<gasScore value='800'/>
		<totalScore value='25190'/>
	</player>

	<enemy>
		<race value='Protoss'/>
		<unitScore value='15200'/>
		<unitScore value='15200'/>
		<killScore value='14900'/>
		<buildingScore value='6825'/>
		<razingScore value='7200'/>
		<mineralScore value='20618'/>
		<gasScore value='7160'/>
		<totalScore value='71903'/>
	</enemy>

	<scoreRatio value='0.350333'/>
	<timeFitness value='0.266389'/>
	<unitsAverage value='32'/>
</results>
