<results>
	<result value='loss'/>
	<start value='2015-05-03.03:38:57'/>
	<end value='2015-05-03.03:39:36'/>
	<frames value='47866'/>
	<gameDuration value='2991'/>

	<player>
		<unitScore value='29100'/>
		<killScore value='29200'/>
		<buildingScore value='3150'/>
		<razingScore value='4800'/>
		<mineralScore value='30694'/>
		<gasScore value='4954'/>
		<totalScore value='101898'/>
	</player>

	<enemy>
		<race value='Protoss'/>
		<unitScore value='32740'/>
		<unitScore value='32740'/>
		<killScore value='58450'/>
		<buildingScore value='8025'/>
		<razingScore value='9450'/>
		<mineralScore value='32054'/>
		<gasScore value='10202'/>
		<totalScore value='150921'/>
	</enemy>

	<scoreRatio value='0.675174'/>
	<timeFitness value='0.415417'/>
	<unitsAverage value='97'/>
</results>
