<results>
	<result value='loss'/>
	<start value='2015-04-07.23:26:55'/>
	<end value='2015-04-07.23:27:04'/>
	<frames value='17548'/>
	<gameDuration value='1096'/>

	<player>
		<unitScore value='4225'/>
		<killScore value='1000'/>
		<buildingScore value='1675'/>
		<razingScore value='0'/>
		<mineralScore value='6066'/>
		<gasScore value='744'/>
		<totalScore value='13710'/>
	</player>

	<enemy>
		<race value='Protoss'/>
		<unitScore value='3600'/>
		<unitScore value='3600'/>
		<killScore value='8450'/>
		<buildingScore value='4075'/>
		<razingScore value='5025'/>
		<mineralScore value='9146'/>
		<gasScore value='1776'/>
		<totalScore value='32072'/>
	</enemy>

	<scoreRatio value='0.427476'/>
</results>
