<results>
	<result value='draw'/>
	<start value='2015-05-10.08:01:21'/>
	<end value='2015-05-10.08:02:57'/>
	<frames value='57601'/>
	<gameDuration value='3600'/>

	<player>
		<unitScore value='25300'/>
		<killScore value='24200'/>
		<buildingScore value='3325'/>
		<razingScore value='18150'/>
		<mineralScore value='26646'/>
		<gasScore value='5194'/>
		<totalScore value='102815'/>
	</player>

	<enemy>
		<race value='Protoss'/>
		<unitScore value='12525'/>
		<unitScore value='12525'/>
		<killScore value='37800'/>
		<buildingScore value='7475'/>
		<razingScore value='1200'/>
		<mineralScore value='26294'/>
		<gasScore value='4376'/>
		<totalScore value='89670'/>
	</enemy>

	<scoreRatio value='1.14659'/>
	<timeFitness value='0.5'/>
	<unitsAverage value='106'/>
</results>
