<results>
	<result value='loss'/>
	<start value='2015-05-10.08:10:11'/>
	<end value='2015-05-10.08:11:14'/>
	<frames value='45758'/>
	<gameDuration value='2859'/>

	<player>
		<unitScore value='25975'/>
		<killScore value='31200'/>
		<buildingScore value='2175'/>
		<razingScore value='0'/>
		<mineralScore value='24002'/>
		<gasScore value='3616'/>
		<totalScore value='86968'/>
	</player>

	<enemy>
		<race value='Protoss'/>
		<unitScore value='36750'/>
		<unitScore value='36750'/>
		<killScore value='51700'/>
		<buildingScore value='7425'/>
		<razingScore value='6525'/>
		<mineralScore value='32042'/>
		<gasScore value='12646'/>
		<totalScore value='147088'/>
	</enemy>

	<scoreRatio value='0.591265'/>
	<timeFitness value='0.397083'/>
	<unitsAverage value='72'/>
</results>
