<results>
	<result value='loss'/>
	<start value='2015-04-08.11:55:42'/>
	<end value='2015-04-08.11:56:34'/>
	<frames value='48393'/>
	<gameDuration value='3024'/>

	<player>
		<unitScore value='23825'/>
		<killScore value='36600'/>
		<buildingScore value='2675'/>
		<razingScore value='825'/>
		<mineralScore value='23994'/>
		<gasScore value='5112'/>
		<totalScore value='93031'/>
	</player>

	<enemy>
		<race value='Protoss'/>
		<unitScore value='40695'/>
		<unitScore value='40695'/>
		<killScore value='48350'/>
		<buildingScore value='8300'/>
		<razingScore value='8025'/>
		<mineralScore value='34242'/>
		<gasScore value='14156'/>
		<totalScore value='153768'/>
	</enemy>

	<scoreRatio value='0.605009'/>
</results>
