<results>
	<result value='loss'/>
	<start value='2015-04-08.11:59:17'/>
	<end value='2015-04-08.11:59:32'/>
	<frames value='27995'/>
	<gameDuration value='1749'/>

	<player>
		<unitScore value='4075'/>
		<killScore value='2400'/>
		<buildingScore value='2075'/>
		<razingScore value='0'/>
		<mineralScore value='6930'/>
		<gasScore value='1224'/>
		<totalScore value='16704'/>
	</player>

	<enemy>
		<race value='Protoss'/>
		<unitScore value='12500'/>
		<unitScore value='12500'/>
		<killScore value='8150'/>
		<buildingScore value='5975'/>
		<razingScore value='6225'/>
		<mineralScore value='18158'/>
		<gasScore value='6288'/>
		<totalScore value='57296'/>
	</enemy>

	<scoreRatio value='0.291539'/>
</results>
