<results>
	<result value='win'/>
	<start value='2015-04-08.05:18:02'/>
	<end value='2015-04-08.05:18:59'/>
	<frames value='54996'/>
	<gameDuration value='3437'/>

	<player>
		<unitScore value='25525'/>
		<killScore value='38800'/>
		<buildingScore value='2625'/>
		<razingScore value='25050'/>
		<mineralScore value='26538'/>
		<gasScore value='5230'/>
		<totalScore value='123768'/>
	</player>

	<enemy>
		<race value='Protoss'/>
		<unitScore value='20700'/>
		<unitScore value='20700'/>
		<killScore value='35950'/>
		<buildingScore value='8350'/>
		<razingScore value='300'/>
		<mineralScore value='23994'/>
		<gasScore value='8312'/>
		<totalScore value='97606'/>
	</enemy>

	<scoreRatio value='1.26804'/>
</results>
