<results>
	<result value='loss'/>
	<start value='2015-07-19.00:55:43'/>
	<end value='2015-07-19.00:56:09'/>
	<frames value='30444'/>
	<gameDuration value='1902'/>

	<player>
		<unitScore value='8400'/>
		<killScore value='3950'/>
		<buildingScore value='1950'/>
		<razingScore value='0'/>
		<mineralScore value='12206'/>
		<gasScore value='1360'/>
		<totalScore value='27866'/>
	</player>

	<enemy>
		<race value='Protoss'/>
		<unitScore value='14725'/>
		<killScore value='15250'/>
		<buildingScore value='6925'/>
		<razingScore value='5850'/>
		<mineralScore value='18686'/>
		<gasScore value='7328'/>
		<totalScore value='68764'/>
	</enemy>

	<scoreRatio value='0.405241'/>
	<timeFitness value='0.264167'/>
	<unitsAverage value='38'/>
</results>
