<results>
	<result value='draw'/>
	<start value='2015-07-19.00:56:18'/>
	<end value='2015-07-19.00:58:59'/>
	<frames value='57601'/>
	<gameDuration value='3600'/>

	<player>
		<unitScore value='39050'/>
		<killScore value='39950'/>
		<buildingScore value='5875'/>
		<razingScore value='2925'/>
		<mineralScore value='39042'/>
		<gasScore value='10600'/>
		<totalScore value='137442'/>
	</player>

	<enemy>
		<race value='Protoss'/>
		<unitScore value='24075'/>
		<killScore value='60150'/>
		<buildingScore value='6700'/>
		<razingScore value='8025'/>
		<mineralScore value='24026'/>
		<gasScore value='8974'/>
		<totalScore value='131950'/>
	</enemy>

	<scoreRatio value='1.04162'/>
	<timeFitness value='0.5'/>
	<unitsAverage value='155'/>
</results>
