<results>
	<result value='loss'/>
	<start value='2015-07-19.23:03:00'/>
	<end value='2015-07-19.23:04:10'/>
	<frames value='35807'/>
	<gameDuration value='2237'/>

	<player>
		<unitScore value='19125'/>
		<killScore value='18650'/>
		<buildingScore value='4575'/>
		<razingScore value='0'/>
		<mineralScore value='27994'/>
		<gasScore value='3040'/>
		<totalScore value='73384'/>
	</player>

	<enemy>
		<race value='Zerg'/>
		<unitScore value='20200'/>
		<killScore value='34700'/>
		<buildingScore value='3385'/>
		<razingScore value='13725'/>
		<mineralScore value='19218'/>
		<gasScore value='7264'/>
		<totalScore value='98492'/>
	</enemy>

	<scoreRatio value='0.745076'/>
	<timeFitness value='0.310694'/>
	<unitsAverage value='69'/>
</results>
