<results>
	<result value='draw'/>
	<start value='2015-07-19.23:11:49'/>
	<end value='2015-07-19.23:14:48'/>
	<frames value='57601'/>
	<gameDuration value='3600'/>

	<player>
		<unitScore value='42375'/>
		<killScore value='14275'/>
		<buildingScore value='3250'/>
		<razingScore value='0'/>
		<mineralScore value='31582'/>
		<gasScore value='7948'/>
		<totalScore value='99430'/>
	</player>

	<enemy>
		<race value='Zerg'/>
		<unitScore value='31225'/>
		<killScore value='71350'/>
		<buildingScore value='4135'/>
		<razingScore value='0'/>
		<mineralScore value='31406'/>
		<gasScore value='11852'/>
		<totalScore value='149968'/>
	</enemy>

	<scoreRatio value='0.663008'/>
	<timeFitness value='0.5'/>
	<unitsAverage value='106'/>
</results>
