<results>
	<result value='loss'/>
	<start value='2015-04-07.18:24:13'/>
	<end value='2015-04-07.18:24:23'/>
	<frames value='19997'/>
	<gameDuration value='1249'/>

	<player>
		<unitScore value='3125'/>
		<killScore value='4200'/>
		<buildingScore value='1450'/>
		<razingScore value='0'/>
		<mineralScore value='4962'/>
		<gasScore value='728'/>
		<totalScore value='14465'/>
	</player>

	<enemy>
		<race value='Protoss'/>
		<unitScore value='5925'/>
		<unitScore value='5925'/>
		<killScore value='6250'/>
		<buildingScore value='4625'/>
		<razingScore value='4350'/>
		<mineralScore value='11410'/>
		<gasScore value='2848'/>
		<totalScore value='35408'/>
	</enemy>

	<scoreRatio value='0.408523'/>
</results>
