<results>
	<result value='loss'/>
	<start value='2015-05-03.04:00:17'/>
	<end value='2015-05-03.04:00:38'/>
	<frames value='22663'/>
	<gameDuration value='1416'/>

	<player>
		<unitScore value='4775'/>
		<killScore value='4100'/>
		<buildingScore value='1775'/>
		<razingScore value='600'/>
		<mineralScore value='6898'/>
		<gasScore value='1032'/>
		<totalScore value='19180'/>
	</player>

	<enemy>
		<race value='Protoss'/>
		<unitScore value='7775'/>
		<unitScore value='7775'/>
		<killScore value='8800'/>
		<buildingScore value='5525'/>
		<razingScore value='5325'/>
		<mineralScore value='12498'/>
		<gasScore value='3768'/>
		<totalScore value='43691'/>
	</enemy>

	<scoreRatio value='0.438992'/>
	<timeFitness value='0.196667'/>
	<unitsAverage value='28'/>
</results>
