<results>
	<result value='win'/>
	<start value='2015-05-02.22:28:24'/>
	<end value='2015-05-02.22:30:08'/>
	<frames value='52609'/>
	<gameDuration value='3288'/>

	<player>
		<unitScore value='32400'/>
		<killScore value='57000'/>
		<buildingScore value='3475'/>
		<razingScore value='19950'/>
		<mineralScore value='33898'/>
		<gasScore value='6364'/>
		<totalScore value='153087'/>
	</player>

	<enemy>
		<race value='Protoss'/>
		<unitScore value='32050'/>
		<unitScore value='32050'/>
		<killScore value='51750'/>
		<buildingScore value='6650'/>
		<razingScore value='900'/>
		<mineralScore value='28130'/>
		<gasScore value='10308'/>
		<totalScore value='129788'/>
	</enemy>

	<scoreRatio value='1.17952'/>
	<timeFitness value='0.543333'/>
	<unitsAverage value='106'/>
</results>
