<results>
	<result value='win'/>
	<start value='2015-05-02.22:39:46'/>
	<end value='2015-05-02.22:42:08'/>
	<frames value='56298'/>
	<gameDuration value='3518'/>

	<player>
		<unitScore value='38550'/>
		<killScore value='43600'/>
		<buildingScore value='4775'/>
		<razingScore value='18975'/>
		<mineralScore value='38942'/>
		<gasScore value='6620'/>
		<totalScore value='151462'/>
	</player>

	<enemy>
		<race value='Protoss'/>
		<unitScore value='23550'/>
		<unitScore value='23550'/>
		<killScore value='49750'/>
		<buildingScore value='6325'/>
		<razingScore value='1350'/>
		<mineralScore value='23602'/>
		<gasScore value='7518'/>
		<totalScore value='112095'/>
	</enemy>

	<scoreRatio value='1.35119'/>
	<timeFitness value='0.511389'/>
	<unitsAverage value='130'/>
</results>
