<results>
	<result value='draw'/>
	<start value='2015-07-07.20:26:46'/>
	<end value='2015-07-07.20:30:53'/>
	<frames value='57601'/>
	<gameDuration value='3600'/>

	<player>
		<unitScore value='37100'/>
		<killScore value='25400'/>
		<buildingScore value='4275'/>
		<razingScore value='1950'/>
		<mineralScore value='50906'/>
		<gasScore value='8860'/>
		<totalScore value='128491'/>
	</player>

	<enemy>
		<race value='Terran'/>
		<unitScore value='14200'/>
		<killScore value='49950'/>
		<buildingScore value='2700'/>
		<razingScore value='0'/>
		<mineralScore value='12050'/>
		<gasScore value='5596'/>
		<totalScore value='84496'/>
	</enemy>

	<scoreRatio value='1.52068'/>
	<timeFitness value='0.5'/>
	<unitsAverage value='176'/>
</results>
