<results>
	<result value='loss'/>
	<start value='2015-07-07.20:43:16'/>
	<end value='2015-07-07.20:43:48'/>
	<frames value='31374'/>
	<gameDuration value='1960'/>

	<player>
		<unitScore value='6000'/>
		<killScore value='2750'/>
		<buildingScore value='2350'/>
		<razingScore value='0'/>
		<mineralScore value='7770'/>
		<gasScore value='1256'/>
		<totalScore value='20126'/>
	</player>

	<enemy>
		<race value='Terran'/>
		<unitScore value='15750'/>
		<killScore value='11750'/>
		<buildingScore value='4700'/>
		<razingScore value='7050'/>
		<mineralScore value='17734'/>
		<gasScore value='7898'/>
		<totalScore value='64882'/>
	</enemy>

	<scoreRatio value='0.310194'/>
	<timeFitness value='0.272222'/>
	<unitsAverage value='23'/>
</results>
