<results>
	<result value='loss'/>
	<start value='2015-07-07.20:48:56'/>
	<end value='2015-07-07.20:49:36'/>
	<frames value='31095'/>
	<gameDuration value='1943'/>

	<player>
		<unitScore value='13375'/>
		<killScore value='3500'/>
		<buildingScore value='2575'/>
		<razingScore value='0'/>
		<mineralScore value='12846'/>
		<gasScore value='2064'/>
		<totalScore value='34360'/>
	</player>

	<enemy>
		<race value='Terran'/>
		<unitScore value='14875'/>
		<killScore value='26750'/>
		<buildingScore value='4625'/>
		<razingScore value='7725'/>
		<mineralScore value='17250'/>
		<gasScore value='7710'/>
		<totalScore value='78935'/>
	</enemy>

	<scoreRatio value='0.435295'/>
	<timeFitness value='0.269861'/>
	<unitsAverage value='38'/>
</results>
