<results>
	<result value='loss'/>
	<start value='2015-07-11.18:32:15'/>
	<end value='2015-07-11.18:32:26'/>
	<frames value='18509'/>
	<gameDuration value='1156'/>

	<player>
		<unitScore value='6025'/>
		<killScore value='1850'/>
		<buildingScore value='1925'/>
		<razingScore value='0'/>
		<mineralScore value='6882'/>
		<gasScore value='904'/>
		<totalScore value='17586'/>
	</player>

	<enemy>
		<race value='Terran'/>
		<unitScore value='6650'/>
		<killScore value='12050'/>
		<buildingScore value='2750'/>
		<razingScore value='5775'/>
		<mineralScore value='8498'/>
		<gasScore value='2952'/>
		<totalScore value='38675'/>
	</enemy>

	<scoreRatio value='0.454712'/>
	<timeFitness value='0.160556'/>
	<unitsAverage value='27'/>
</results>
