<results>
	<result value='loss'/>
	<start value='2015-07-11.18:33:22'/>
	<end value='2015-07-11.18:33:41'/>
	<frames value='23345'/>
	<gameDuration value='1459'/>

	<player>
		<unitScore value='6525'/>
		<killScore value='5950'/>
		<buildingScore value='2200'/>
		<razingScore value='0'/>
		<mineralScore value='9402'/>
		<gasScore value='1304'/>
		<totalScore value='25381'/>
	</player>

	<enemy>
		<race value='Terran'/>
		<unitScore value='9100'/>
		<killScore value='9150'/>
		<buildingScore value='3275'/>
		<razingScore value='6600'/>
		<mineralScore value='11386'/>
		<gasScore value='4368'/>
		<totalScore value='43879'/>
	</enemy>

	<scoreRatio value='0.578432'/>
	<timeFitness value='0.202639'/>
	<unitsAverage value='45'/>
</results>
