<results>
	<result value='loss'/>
	<start value='2015-07-11.18:40:09'/>
	<end value='2015-07-11.18:40:31'/>
	<frames value='23345'/>
	<gameDuration value='1459'/>

	<player>
		<unitScore value='4825'/>
		<killScore value='2100'/>
		<buildingScore value='2975'/>
		<razingScore value='0'/>
		<mineralScore value='8466'/>
		<gasScore value='1480'/>
		<totalScore value='19846'/>
	</player>

	<enemy>
		<race value='Terran'/>
		<unitScore value='9575'/>
		<killScore value='9650'/>
		<buildingScore value='3650'/>
		<razingScore value='8925'/>
		<mineralScore value='11322'/>
		<gasScore value='4632'/>
		<totalScore value='47754'/>
	</enemy>

	<scoreRatio value='0.415588'/>
	<timeFitness value='0.202639'/>
	<unitsAverage value='37'/>
</results>
