<results>
	<result value='draw'/>
	<start value='2014-07-24.01:55:18'/>
	<end value='2014-07-24.01:56:20'/>
	<frames value='57601'/>
	<gameDuration value='3600'/>

	<player>
		<unitScore value='29400'/>
		<killScore value='32700'/>
		<buildingScore value='4675'/>
		<razingScore value='2475'/>
		<mineralScore value='32062'/>
		<gasScore value='7038'/>
		<totalScore value='108350'/>
	</player>

	<enemy>
		<race value='Terran'/>
		<unitScore value='30475'/>
		<unitScore value='30475'/>
		<killScore value='48550'/>
		<buildingScore value='4775'/>
		<razingScore value='5250'/>
		<mineralScore value='19542'/>
		<gasScore value='12198'/>
		<totalScore value='120790'/>
	</enemy>

	<scoreRatio value='0.897011'/>
</results>
