<results>
	<result value='win'/>
	<start value='2015-05-09.05:43:44'/>
	<end value='2015-05-09.05:43:56'/>
	<frames value='17486'/>
	<gameDuration value='1092'/>

	<player>
		<unitScore value='6400'/>
		<killScore value='10050'/>
		<buildingScore value='2125'/>
		<razingScore value='4350'/>
		<mineralScore value='9778'/>
		<gasScore value='1000'/>
		<totalScore value='33703'/>
	</player>

	<enemy>
		<race value='Terran'/>
		<unitScore value='5025'/>
		<unitScore value='5025'/>
		<killScore value='2900'/>
		<buildingScore value='1450'/>
		<razingScore value='0'/>
		<mineralScore value='7986'/>
		<gasScore value='1968'/>
		<totalScore value='19329'/>
	</enemy>

	<scoreRatio value='1.74365'/>
	<timeFitness value='0.848333'/>
	<unitsAverage value='49'/>
</results>
