<results>
	<result value='loss'/>
	<start value='2015-05-05.10:01:54'/>
	<end value='2015-05-05.10:02:07'/>
	<frames value='19160'/>
	<gameDuration value='1197'/>

	<player>
		<unitScore value='4425'/>
		<killScore value='550'/>
		<buildingScore value='1775'/>
		<razingScore value='0'/>
		<mineralScore value='6370'/>
		<gasScore value='1008'/>
		<totalScore value='14128'/>
	</player>

	<enemy>
		<race value='Terran'/>
		<unitScore value='6750'/>
		<unitScore value='6750'/>
		<killScore value='8850'/>
		<buildingScore value='2900'/>
		<razingScore value='5325'/>
		<mineralScore value='9026'/>
		<gasScore value='2952'/>
		<totalScore value='35803'/>
	</enemy>

	<scoreRatio value='0.394604'/>
	<timeFitness value='0.16625'/>
	<unitsAverage value='25'/>
</results>
