<results>
	<result value='win'/>
	<start value='2015-05-05.10:12:13'/>
	<end value='2015-05-05.10:12:49'/>
	<frames value='28367'/>
	<gameDuration value='1772'/>

	<player>
		<unitScore value='16300'/>
		<killScore value='22950'/>
		<buildingScore value='4450'/>
		<razingScore value='8550'/>
		<mineralScore value='22594'/>
		<gasScore value='1880'/>
		<totalScore value='76724'/>
	</player>

	<enemy>
		<race value='Terran'/>
		<unitScore value='11775'/>
		<unitScore value='11775'/>
		<killScore value='10550'/>
		<buildingScore value='2850'/>
		<razingScore value='1200'/>
		<mineralScore value='11158'/>
		<gasScore value='4752'/>
		<totalScore value='42285'/>
	</enemy>

	<scoreRatio value='1.81445'/>
	<timeFitness value='0.753889'/>
	<unitsAverage value='87'/>
</results>
