<results>
	<result value='win'/>
	<start value='2015-05-04.06:39:08'/>
	<end value='2015-05-04.06:39:32'/>
	<frames value='29111'/>
	<gameDuration value='1819'/>

	<player>
		<unitScore value='17000'/>
		<killScore value='21900'/>
		<buildingScore value='4350'/>
		<razingScore value='13725'/>
		<mineralScore value='23650'/>
		<gasScore value='3152'/>
		<totalScore value='83777'/>
	</player>

	<enemy>
		<race value='Protoss'/>
		<unitScore value='12000'/>
		<unitScore value='12000'/>
		<killScore value='15050'/>
		<buildingScore value='4575'/>
		<razingScore value='150'/>
		<mineralScore value='12818'/>
		<gasScore value='3904'/>
		<totalScore value='48497'/>
	</enemy>

	<scoreRatio value='1.72747'/>
	<timeFitness value='0.747361'/>
	<unitsAverage value='84'/>
</results>
