<results>
	<result value='draw'/>
	<start value='2014-07-11.20:12:14'/>
	<end value='2014-07-11.20:13:10'/>
	<frames value='57601'/>
	<gameDuration value='3600'/>

	<player>
		<unitScore value='19675'/>
		<killScore value='30500'/>
		<buildingScore value='4225'/>
		<razingScore value='300'/>
		<mineralScore value='32926'/>
		<gasScore value='8908'/>
		<totalScore value='96534'/>
	</player>

	<enemy>
		<race value='Terran'/>
		<unitScore value='21050'/>
		<unitScore value='21050'/>
		<killScore value='27450'/>
		<buildingScore value='3350'/>
		<razingScore value='5325'/>
		<mineralScore value='24034'/>
		<gasScore value='6406'/>
		<totalScore value='87615'/>
	</enemy>

	<scoreRatio value='1.1018'/>
</results>
