<results>
	<result value='win'/>
	<start value='2014-07-11.20:15:04'/>
	<end value='2014-07-11.20:15:26'/>
	<frames value='26910'/>
	<gameDuration value='1681'/>

	<player>
		<unitScore value='12150'/>
		<killScore value='15700'/>
		<buildingScore value='4725'/>
		<razingScore value='6750'/>
		<mineralScore value='23370'/>
		<gasScore value='2552'/>
		<totalScore value='65247'/>
	</player>

	<enemy>
		<race value='Terran'/>
		<unitScore value='8150'/>
		<unitScore value='8150'/>
		<killScore value='4800'/>
		<buildingScore value='2250'/>
		<razingScore value='3075'/>
		<mineralScore value='8170'/>
		<gasScore value='2432'/>
		<totalScore value='28877'/>
	</enemy>

	<scoreRatio value='2.25948'/>
</results>
