<results>
	<result value='loss'/>
	<start value='2015-04-16.21:46:08'/>
	<end value='2015-04-16.21:47:21'/>
	<frames value='45541'/>
	<gameDuration value='2846'/>

	<player>
		<unitScore value='18300'/>
		<killScore value='20650'/>
		<buildingScore value='3275'/>
		<razingScore value='0'/>
		<mineralScore value='29938'/>
		<gasScore value='4296'/>
		<totalScore value='76459'/>
	</player>

	<enemy>
		<race value='Protoss'/>
		<unitScore value='30935'/>
		<unitScore value='30935'/>
		<killScore value='36350'/>
		<buildingScore value='7525'/>
		<razingScore value='9825'/>
		<mineralScore value='30270'/>
		<gasScore value='11244'/>
		<totalScore value='126149'/>
	</enemy>

	<scoreRatio value='0.606101'/>
</results>
