<results>
	<result value='win'/>
	<start value='2015-05-09.15:00:45'/>
	<end value='2015-05-09.15:01:20'/>
	<frames value='38008'/>
	<gameDuration value='2375'/>

	<player>
		<unitScore value='19300'/>
		<killScore value='18150'/>
		<buildingScore value='3475'/>
		<razingScore value='21450'/>
		<mineralScore value='24514'/>
		<gasScore value='4992'/>
		<totalScore value='91881'/>
	</player>

	<enemy>
		<race value='Protoss'/>
		<unitScore value='9575'/>
		<unitScore value='9575'/>
		<killScore value='21800'/>
		<buildingScore value='7150'/>
		<razingScore value='300'/>
		<mineralScore value='17258'/>
		<gasScore value='4736'/>
		<totalScore value='60819'/>
	</enemy>

	<scoreRatio value='1.51073'/>
	<timeFitness value='0.670139'/>
	<unitsAverage value='75'/>
</results>
