<results>
	<result value='win'/>
	<start value='2015-04-11.23:52:20'/>
	<end value='2015-04-11.23:53:15'/>
	<frames value='31002'/>
	<gameDuration value='1937'/>

	<player>
		<unitScore value='17500'/>
		<killScore value='23300'/>
		<buildingScore value='4325'/>
		<razingScore value='18975'/>
		<mineralScore value='26522'/>
		<gasScore value='2936'/>
		<totalScore value='93558'/>
	</player>

	<enemy>
		<race value='Protoss'/>
		<unitScore value='12250'/>
		<unitScore value='12250'/>
		<killScore value='13600'/>
		<buildingScore value='6325'/>
		<razingScore value='1350'/>
		<mineralScore value='15730'/>
		<gasScore value='3376'/>
		<totalScore value='52631'/>
	</enemy>

	<scoreRatio value='1.77762'/>
</results>
