<results>
	<result value='draw'/>
	<start value='2014-07-12.20:25:22'/>
	<end value='2014-07-12.20:26:13'/>
	<frames value='57601'/>
	<gameDuration value='3600'/>

	<player>
		<unitScore value='25050'/>
		<killScore value='38550'/>
		<buildingScore value='4425'/>
		<razingScore value='6450'/>
		<mineralScore value='34350'/>
		<gasScore value='3216'/>
		<totalScore value='112041'/>
	</player>

	<enemy>
		<race value='Terran'/>
		<unitScore value='26875'/>
		<unitScore value='26875'/>
		<killScore value='27050'/>
		<buildingScore value='5325'/>
		<razingScore value='3450'/>
		<mineralScore value='20902'/>
		<gasScore value='13280'/>
		<totalScore value='96882'/>
	</enemy>

	<scoreRatio value='1.15647'/>
</results>
