<results>
	<result value='win'/>
	<start value='2014-07-12.20:29:24'/>
	<end value='2014-07-12.20:29:54'/>
	<frames value='33637'/>
	<gameDuration value='2102'/>

	<player>
		<unitScore value='18050'/>
		<killScore value='24350'/>
		<buildingScore value='4200'/>
		<razingScore value='8550'/>
		<mineralScore value='33318'/>
		<gasScore value='3376'/>
		<totalScore value='91844'/>
	</player>

	<enemy>
		<race value='Terran'/>
		<unitScore value='12175'/>
		<unitScore value='12175'/>
		<killScore value='16900'/>
		<buildingScore value='2850'/>
		<razingScore value='1950'/>
		<mineralScore value='11982'/>
		<gasScore value='5072'/>
		<totalScore value='50929'/>
	</enemy>

	<scoreRatio value='1.80337'/>
</results>
