<results>
	<result value='win'/>
	<start value='2015-04-13.02:17:16'/>
	<end value='2015-04-13.02:17:51'/>
	<frames value='31808'/>
	<gameDuration value='1988'/>

	<player>
		<unitScore value='19975'/>
		<killScore value='27350'/>
		<buildingScore value='4075'/>
		<razingScore value='17550'/>
		<mineralScore value='29066'/>
		<gasScore value='3424'/>
		<totalScore value='101440'/>
	</player>

	<enemy>
		<race value='Protoss'/>
		<unitScore value='13875'/>
		<unitScore value='13875'/>
		<killScore value='17350'/>
		<buildingScore value='5850'/>
		<razingScore value='0'/>
		<mineralScore value='22010'/>
		<gasScore value='4224'/>
		<totalScore value='63309'/>
	</enemy>

	<scoreRatio value='1.6023'/>
</results>
