<results>
	<result value='win'/>
	<start value='2015-04-13.02:18:16'/>
	<end value='2015-04-13.02:18:40'/>
	<frames value='29607'/>
	<gameDuration value='1850'/>

	<player>
		<unitScore value='14550'/>
		<killScore value='22300'/>
		<buildingScore value='3925'/>
		<razingScore value='14325'/>
		<mineralScore value='25962'/>
		<gasScore value='2440'/>
		<totalScore value='83502'/>
	</player>

	<enemy>
		<race value='Protoss'/>
		<unitScore value='11850'/>
		<unitScore value='11850'/>
		<killScore value='11300'/>
		<buildingScore value='4775'/>
		<razingScore value='150'/>
		<mineralScore value='13434'/>
		<gasScore value='4136'/>
		<totalScore value='45645'/>
	</enemy>

	<scoreRatio value='1.82938'/>
</results>
