<results>
	<result value='loss'/>
	<start value='2015-07-07.19:10:03'/>
	<end value='2015-07-07.19:10:27'/>
	<frames value='19687'/>
	<gameDuration value='1230'/>

	<player>
		<unitScore value='5750'/>
		<killScore value='2200'/>
		<buildingScore value='2450'/>
		<razingScore value='0'/>
		<mineralScore value='7514'/>
		<gasScore value='1152'/>
		<totalScore value='19066'/>
	</player>

	<enemy>
		<race value='Terran'/>
		<unitScore value='7975'/>
		<killScore value='10750'/>
		<buildingScore value='2850'/>
		<razingScore value='7350'/>
		<mineralScore value='9130'/>
		<gasScore value='3640'/>
		<totalScore value='41695'/>
	</enemy>

	<scoreRatio value='0.457273'/>
	<timeFitness value='0.170833'/>
	<unitsAverage value='33'/>
</results>
