<results>
	<result value='loss'/>
	<start value='2015-07-07.19:11:10'/>
	<end value='2015-07-07.19:12:08'/>
	<frames value='38907'/>
	<gameDuration value='2431'/>

	<player>
		<unitScore value='12175'/>
		<killScore value='6800'/>
		<buildingScore value='2650'/>
		<razingScore value='0'/>
		<mineralScore value='13190'/>
		<gasScore value='1768'/>
		<totalScore value='36583'/>
	</player>

	<enemy>
		<race value='Terran'/>
		<unitScore value='18400'/>
		<killScore value='22000'/>
		<buildingScore value='4875'/>
		<razingScore value='7950'/>
		<mineralScore value='19690'/>
		<gasScore value='11340'/>
		<totalScore value='84255'/>
	</enemy>

	<scoreRatio value='0.434194'/>
	<timeFitness value='0.337639'/>
	<unitsAverage value='36'/>
</results>
