<results>
	<result value='win'/>
	<start value='2015-05-09.06:20:09'/>
	<end value='2015-05-09.06:21:02'/>
	<frames value='49757'/>
	<gameDuration value='3109'/>

	<player>
		<unitScore value='23000'/>
		<killScore value='38200'/>
		<buildingScore value='3400'/>
		<razingScore value='13575'/>
		<mineralScore value='24746'/>
		<gasScore value='3640'/>
		<totalScore value='106561'/>
	</player>

	<enemy>
		<race value='Terran'/>
		<unitScore value='19900'/>
		<unitScore value='19900'/>
		<killScore value='28350'/>
		<buildingScore value='4525'/>
		<razingScore value='2775'/>
		<mineralScore value='15626'/>
		<gasScore value='7712'/>
		<totalScore value='78888'/>
	</enemy>

	<scoreRatio value='1.35079'/>
	<timeFitness value='0.568194'/>
	<unitsAverage value='97'/>
</results>
