<results>
	<result value='loss'/>
	<start value='2015-05-04.06:55:42'/>
	<end value='2015-05-04.06:55:53'/>
	<frames value='19408'/>
	<gameDuration value='1213'/>

	<player>
		<unitScore value='4975'/>
		<killScore value='3100'/>
		<buildingScore value='2075'/>
		<razingScore value='0'/>
		<mineralScore value='6906'/>
		<gasScore value='928'/>
		<totalScore value='17984'/>
	</player>

	<enemy>
		<race value='Terran'/>
		<unitScore value='7850'/>
		<unitScore value='7850'/>
		<killScore value='9950'/>
		<buildingScore value='2850'/>
		<razingScore value='6225'/>
		<mineralScore value='8890'/>
		<gasScore value='3352'/>
		<totalScore value='39117'/>
	</enemy>

	<scoreRatio value='0.459749'/>
	<timeFitness value='0.168472'/>
	<unitsAverage value='30'/>
</results>
