<results>
	<result value='loss'/>
	<start value='2015-05-04.06:58:18'/>
	<end value='2015-05-04.06:58:31'/>
	<frames value='22384'/>
	<gameDuration value='1399'/>

	<player>
		<unitScore value='7575'/>
		<killScore value='4850'/>
		<buildingScore value='1925'/>
		<razingScore value='0'/>
		<mineralScore value='9154'/>
		<gasScore value='1224'/>
		<totalScore value='24728'/>
	</player>

	<enemy>
		<race value='Terran'/>
		<unitScore value='9775'/>
		<unitScore value='9775'/>
		<killScore value='15150'/>
		<buildingScore value='3500'/>
		<razingScore value='5775'/>
		<mineralScore value='10746'/>
		<gasScore value='4728'/>
		<totalScore value='49674'/>
	</enemy>

	<scoreRatio value='0.497806'/>
	<timeFitness value='0.194306'/>
	<unitsAverage value='33'/>
</results>
