<results>
	<result value='win'/>
	<start value='2015-05-09.06:23:26'/>
	<end value='2015-05-09.06:23:55'/>
	<frames value='27809'/>
	<gameDuration value='1738'/>

	<player>
		<unitScore value='16500'/>
		<killScore value='24550'/>
		<buildingScore value='3650'/>
		<razingScore value='8400'/>
		<mineralScore value='23618'/>
		<gasScore value='2992'/>
		<totalScore value='79710'/>
	</player>

	<enemy>
		<race value='Terran'/>
		<unitScore value='12575'/>
		<unitScore value='12575'/>
		<killScore value='11900'/>
		<buildingScore value='2800'/>
		<razingScore value='150'/>
		<mineralScore value='11202'/>
		<gasScore value='4416'/>
		<totalScore value='43043'/>
	</enemy>

	<scoreRatio value='1.85187'/>
	<timeFitness value='0.758611'/>
	<unitsAverage value='94'/>
</results>
