<results>
	<result value='loss'/>
	<start value='2015-04-13.09:10:58'/>
	<end value='2015-04-13.09:11:21'/>
	<frames value='39310'/>
	<gameDuration value='2456'/>

	<player>
		<unitScore value='17350'/>
		<killScore value='18300'/>
		<buildingScore value='3000'/>
		<razingScore value='600'/>
		<mineralScore value='19426'/>
		<gasScore value='3024'/>
		<totalScore value='61700'/>
	</player>

	<enemy>
		<race value='Protoss'/>
		<unitScore value='27450'/>
		<unitScore value='27450'/>
		<killScore value='34800'/>
		<buildingScore value='7325'/>
		<razingScore value='8850'/>
		<mineralScore value='26446'/>
		<gasScore value='9804'/>
		<totalScore value='114675'/>
	</enemy>

	<scoreRatio value='0.538042'/>
</results>
