<results>
	<result value='loss'/>
	<start value='2015-04-13.09:20:14'/>
	<end value='2015-04-13.09:20:25'/>
	<frames value='23500'/>
	<gameDuration value='1468'/>

	<player>
		<unitScore value='3975'/>
		<killScore value='700'/>
		<buildingScore value='1100'/>
		<razingScore value='0'/>
		<mineralScore value='11254'/>
		<gasScore value='2016'/>
		<totalScore value='19045'/>
	</player>

	<enemy>
		<race value='Protoss'/>
		<unitScore value='7650'/>
		<unitScore value='7650'/>
		<killScore value='7950'/>
		<buildingScore value='6750'/>
		<razingScore value='3300'/>
		<mineralScore value='17890'/>
		<gasScore value='3856'/>
		<totalScore value='47396'/>
	</enemy>

	<scoreRatio value='0.401827'/>
</results>
