<results>
	<result value='loss'/>
	<start value='2015-05-02.00:07:39'/>
	<end value='2015-05-02.00:08:00'/>
	<frames value='30568'/>
	<gameDuration value='1910'/>

	<player>
		<unitScore value='7325'/>
		<killScore value='5750'/>
		<buildingScore value='2500'/>
		<razingScore value='0'/>
		<mineralScore value='12154'/>
		<gasScore value='1056'/>
		<totalScore value='28785'/>
	</player>

	<enemy>
		<race value='Protoss'/>
		<unitScore value='15625'/>
		<unitScore value='15625'/>
		<killScore value='14500'/>
		<buildingScore value='6625'/>
		<razingScore value='7500'/>
		<mineralScore value='19366'/>
		<gasScore value='7120'/>
		<totalScore value='70736'/>
	</enemy>

	<scoreRatio value='0.406936'/>
	<timeFitness value='0.265278'/>
	<unitsAverage value='37'/>
</results>
