<results>
	<result value='loss'/>
	<start value='2015-05-02.00:09:45'/>
	<end value='2015-05-02.00:09:55'/>
	<frames value='16339'/>
	<gameDuration value='1021'/>

	<player>
		<unitScore value='2800'/>
		<killScore value='1000'/>
		<buildingScore value='1575'/>
		<razingScore value='0'/>
		<mineralScore value='4690'/>
		<gasScore value='944'/>
		<totalScore value='11009'/>
	</player>

	<enemy>
		<race value='Protoss'/>
		<unitScore value='3700'/>
		<unitScore value='3700'/>
		<killScore value='5350'/>
		<buildingScore value='3875'/>
		<razingScore value='4725'/>
		<mineralScore value='8970'/>
		<gasScore value='1720'/>
		<totalScore value='28340'/>
	</enemy>

	<scoreRatio value='0.388462'/>
	<timeFitness value='0.141806'/>
	<unitsAverage value='21'/>
</results>
