<results>
	<result value='win'/>
	<start value='2014-07-22.20:29:05'/>
	<end value='2014-07-22.20:29:32'/>
	<frames value='28460'/>
	<gameDuration value='1778'/>

	<player>
		<unitScore value='16075'/>
		<killScore value='21320'/>
		<buildingScore value='2725'/>
		<razingScore value='5580'/>
		<mineralScore value='21714'/>
		<gasScore value='2656'/>
		<totalScore value='70070'/>
	</player>

	<enemy>
		<race value='Zerg'/>
		<unitScore value='9725'/>
		<unitScore value='9725'/>
		<killScore value='11050'/>
		<buildingScore value='1860'/>
		<razingScore value='0'/>
		<mineralScore value='9466'/>
		<gasScore value='2648'/>
		<totalScore value='34749'/>
	</enemy>

	<scoreRatio value='2.01646'/>
</results>
