<results>
	<result value='loss'/>
	<start value='2015-05-10.23:49:13'/>
	<end value='2015-05-10.23:49:16'/>
	<frames value='8000'/>
	<gameDuration value='500'/>

	<player>
		<unitScore value='950'/>
		<killScore value='150'/>
		<buildingScore value='650'/>
		<razingScore value='0'/>
		<mineralScore value='1274'/>
		<gasScore value='40'/>
		<totalScore value='3064'/>
	</player>

	<enemy>
		<race value='Zerg'/>
		<unitScore value='1400'/>
		<unitScore value='1400'/>
		<killScore value='1900'/>
		<buildingScore value='820'/>
		<razingScore value='1950'/>
		<mineralScore value='2330'/>
		<gasScore value='80'/>
		<totalScore value='8480'/>
	</enemy>

	<scoreRatio value='0.361321'/>
	<timeFitness value='0.0694444'/>
	<unitsAverage value='8'/>
</results>
