<results>
	<result value='win'/>
	<start value='2015-05-10.23:51:28'/>
	<end value='2015-05-10.23:52:19'/>
	<frames value='36706'/>
	<gameDuration value='2294'/>

	<player>
		<unitScore value='25500'/>
		<killScore value='37115'/>
		<buildingScore value='4500'/>
		<razingScore value='7575'/>
		<mineralScore value='35850'/>
		<gasScore value='4760'/>
		<totalScore value='115300'/>
	</player>

	<enemy>
		<race value='Zerg'/>
		<unitScore value='17150'/>
		<unitScore value='17150'/>
		<killScore value='27750'/>
		<buildingScore value='2525'/>
		<razingScore value='0'/>
		<mineralScore value='15678'/>
		<gasScore value='5960'/>
		<totalScore value='69063'/>
	</enemy>

	<scoreRatio value='1.66949'/>
	<timeFitness value='0.681389'/>
	<unitsAverage value='138'/>
</results>
