<results>
	<result value='win'/>
	<start value='2015-05-10.23:59:27'/>
	<end value='2015-05-10.23:59:53'/>
	<frames value='26631'/>
	<gameDuration value='1664'/>

	<player>
		<unitScore value='17875'/>
		<killScore value='27590'/>
		<buildingScore value='4025'/>
		<razingScore value='6375'/>
		<mineralScore value='25874'/>
		<gasScore value='1864'/>
		<totalScore value='83603'/>
	</player>

	<enemy>
		<race value='Zerg'/>
		<unitScore value='12325'/>
		<unitScore value='12325'/>
		<killScore value='13750'/>
		<buildingScore value='2125'/>
		<razingScore value='0'/>
		<mineralScore value='11834'/>
		<gasScore value='3720'/>
		<totalScore value='43754'/>
	</enemy>

	<scoreRatio value='1.91075'/>
	<timeFitness value='0.768889'/>
	<unitsAverage value='103'/>
</results>
