<results>
	<result value='loss'/>
	<start value='2015-05-05.13:21:48'/>
	<end value='2015-05-05.13:22:00'/>
	<frames value='17114'/>
	<gameDuration value='1069'/>

	<player>
		<unitScore value='4050'/>
		<killScore value='1250'/>
		<buildingScore value='1225'/>
		<razingScore value='0'/>
		<mineralScore value='5338'/>
		<gasScore value='656'/>
		<totalScore value='12519'/>
	</player>

	<enemy>
		<race value='Terran'/>
		<unitScore value='6200'/>
		<unitScore value='6200'/>
		<killScore value='8100'/>
		<buildingScore value='2625'/>
		<razingScore value='3675'/>
		<mineralScore value='7810'/>
		<gasScore value='2704'/>
		<totalScore value='31114'/>
	</enemy>

	<scoreRatio value='0.402359'/>
	<timeFitness value='0.148472'/>
	<unitsAverage value='24'/>
</results>
