<results>
	<result value='loss'/>
	<start value='2015-05-05.13:20:08'/>
	<end value='2015-05-05.13:20:21'/>
	<frames value='18168'/>
	<gameDuration value='1135'/>

	<player>
		<unitScore value='3250'/>
		<killScore value='1800'/>
		<buildingScore value='1675'/>
		<razingScore value='0'/>
		<mineralScore value='4858'/>
		<gasScore value='560'/>
		<totalScore value='12143'/>
	</player>

	<enemy>
		<race value='Terran'/>
		<unitScore value='6600'/>
		<unitScore value='6600'/>
		<killScore value='6500'/>
		<buildingScore value='2700'/>
		<razingScore value='5025'/>
		<mineralScore value='8370'/>
		<gasScore value='2896'/>
		<totalScore value='32091'/>
	</enemy>

	<scoreRatio value='0.378393'/>
	<timeFitness value='0.157639'/>
	<unitsAverage value='24'/>
</results>
