<results>
	<result value='loss'/>
	<start value='2015-05-05.13:31:28'/>
	<end value='2015-05-05.13:31:49'/>
	<frames value='23097'/>
	<gameDuration value='1443'/>

	<player>
		<unitScore value='8700'/>
		<killScore value='5000'/>
		<buildingScore value='2250'/>
		<razingScore value='0'/>
		<mineralScore value='10538'/>
		<gasScore value='1816'/>
		<totalScore value='28304'/>
	</player>

	<enemy>
		<race value='Terran'/>
		<unitScore value='7300'/>
		<unitScore value='7300'/>
		<killScore value='17400'/>
		<buildingScore value='2600'/>
		<razingScore value='6750'/>
		<mineralScore value='11042'/>
		<gasScore value='3680'/>
		<totalScore value='48772'/>
	</enemy>

	<scoreRatio value='0.580333'/>
	<timeFitness value='0.200417'/>
	<unitsAverage value='39'/>
</results>
