<results>
	<result value='win'/>
	<start value='2015-05-04.06:54:05'/>
	<end value='2015-05-04.06:55:02'/>
	<frames value='49168'/>
	<gameDuration value='3073'/>

	<player>
		<unitScore value='32200'/>
		<killScore value='48700'/>
		<buildingScore value='3250'/>
		<razingScore value='19575'/>
		<mineralScore value='31774'/>
		<gasScore value='7310'/>
		<totalScore value='142809'/>
	</player>

	<enemy>
		<race value='Protoss'/>
		<unitScore value='25250'/>
		<unitScore value='25250'/>
		<killScore value='45850'/>
		<buildingScore value='6525'/>
		<razingScore value='150'/>
		<mineralScore value='26354'/>
		<gasScore value='10034'/>
		<totalScore value='114163'/>
	</enemy>

	<scoreRatio value='1.25092'/>
	<timeFitness value='0.573194'/>
	<unitsAverage value='111'/>
</results>
