<results>
	<result value='loss'/>
	<start value='2015-05-10.19:57:14'/>
	<end value='2015-05-10.19:57:22'/>
	<frames value='15502'/>
	<gameDuration value='968'/>

	<player>
		<unitScore value='2850'/>
		<killScore value='1200'/>
		<buildingScore value='1750'/>
		<razingScore value='0'/>
		<mineralScore value='4682'/>
		<gasScore value='648'/>
		<totalScore value='11130'/>
	</player>

	<enemy>
		<race value='Protoss'/>
		<unitScore value='3550'/>
		<unitScore value='3550'/>
		<killScore value='5200'/>
		<buildingScore value='3125'/>
		<razingScore value='5250'/>
		<mineralScore value='8162'/>
		<gasScore value='1616'/>
		<totalScore value='26903'/>
	</enemy>

	<scoreRatio value='0.413709'/>
	<timeFitness value='0.134444'/>
	<unitsAverage value='21'/>
</results>
