<results>
	<result value='loss'/>
	<start value='2015-05-08.15:34:00'/>
	<end value='2015-05-08.15:34:22'/>
	<frames value='21206'/>
	<gameDuration value='1325'/>

	<player>
		<unitScore value='6300'/>
		<killScore value='8150'/>
		<buildingScore value='2125'/>
		<razingScore value='4125'/>
		<mineralScore value='8530'/>
		<gasScore value='1032'/>
		<totalScore value='30262'/>
	</player>

	<enemy>
		<race value='Terran'/>
		<unitScore value='7025'/>
		<unitScore value='7025'/>
		<killScore value='11200'/>
		<buildingScore value='2750'/>
		<razingScore value='6375'/>
		<mineralScore value='9466'/>
		<gasScore value='3224'/>
		<totalScore value='40040'/>
	</enemy>

	<scoreRatio value='0.755794'/>
	<timeFitness value='0.184028'/>
	<unitsAverage value='37'/>
</results>
