<results>
	<result value='win'/>
	<start value='2015-05-02.18:17:52'/>
	<end value='2015-05-02.18:18:24'/>
	<frames value='24461'/>
	<gameDuration value='1528'/>

	<player>
		<unitScore value='12250'/>
		<killScore value='17550'/>
		<buildingScore value='3500'/>
		<razingScore value='7725'/>
		<mineralScore value='21122'/>
		<gasScore value='2416'/>
		<totalScore value='64563'/>
	</player>

	<enemy>
		<race value='Terran'/>
		<unitScore value='9575'/>
		<unitScore value='9575'/>
		<killScore value='6100'/>
		<buildingScore value='2575'/>
		<razingScore value='0'/>
		<mineralScore value='9290'/>
		<gasScore value='2792'/>
		<totalScore value='30332'/>
	</enemy>

	<scoreRatio value='2.12854'/>
	<timeFitness value='0.787778'/>
	<unitsAverage value='83'/>
</results>
