<results>
	<result value='win'/>
	<start value='2015-05-08.15:41:27'/>
	<end value='2015-05-08.15:42:08'/>
	<frames value='33885'/>
	<gameDuration value='2117'/>

	<player>
		<unitScore value='14550'/>
		<killScore value='26850'/>
		<buildingScore value='3400'/>
		<razingScore value='13425'/>
		<mineralScore value='18266'/>
		<gasScore value='2774'/>
		<totalScore value='79265'/>
	</player>

	<enemy>
		<race value='Terran'/>
		<unitScore value='14225'/>
		<unitScore value='14225'/>
		<killScore value='13500'/>
		<buildingScore value='4475'/>
		<razingScore value='3675'/>
		<mineralScore value='13930'/>
		<gasScore value='6816'/>
		<totalScore value='56621'/>
	</enemy>

	<scoreRatio value='1.39992'/>
	<timeFitness value='0.705972'/>
	<unitsAverage value='72'/>
</results>
