<results>
	<result value='win'/>
	<start value='2015-05-11.02:37:27'/>
	<end value='2015-05-11.02:40:21'/>
	<frames value='57538'/>
	<gameDuration value='3596'/>

	<player>
		<unitScore value='18875'/>
		<killScore value='18300'/>
		<buildingScore value='3575'/>
		<razingScore value='20550'/>
		<mineralScore value='40142'/>
		<gasScore value='4784'/>
		<totalScore value='106226'/>
	</player>

	<enemy>
		<race value='Protoss'/>
		<unitScore value='9350'/>
		<unitScore value='9350'/>
		<killScore value='11900'/>
		<buildingScore value='6850'/>
		<razingScore value='1350'/>
		<mineralScore value='17082'/>
		<gasScore value='5376'/>
		<totalScore value='51908'/>
	</enemy>

	<scoreRatio value='2.04643'/>
	<timeFitness value='0.500556'/>
	<unitsAverage value='144'/>
</results>
