<results>
	<result value='win'/>
	<start value='2015-05-04.08:00:58'/>
	<end value='2015-05-04.08:01:29'/>
	<frames value='29886'/>
	<gameDuration value='1867'/>

	<player>
		<unitScore value='23350'/>
		<killScore value='33400'/>
		<buildingScore value='3325'/>
		<razingScore value='17175'/>
		<mineralScore value='26394'/>
		<gasScore value='2968'/>
		<totalScore value='106612'/>
	</player>

	<enemy>
		<race value='Protoss'/>
		<unitScore value='16700'/>
		<unitScore value='16700'/>
		<killScore value='24750'/>
		<buildingScore value='5725'/>
		<razingScore value='0'/>
		<mineralScore value='17926'/>
		<gasScore value='3336'/>
		<totalScore value='68437'/>
	</enemy>

	<scoreRatio value='1.55781'/>
	<timeFitness value='0.740694'/>
	<unitsAverage value='109'/>
</results>
