<results>
	<result value='loss'/>
	<start value='2015-05-07.13:05:13'/>
	<end value='2015-05-07.13:05:46'/>
	<frames value='43154'/>
	<gameDuration value='2697'/>

	<player>
		<unitScore value='19850'/>
		<killScore value='22900'/>
		<buildingScore value='1975'/>
		<razingScore value='450'/>
		<mineralScore value='23442'/>
		<gasScore value='2960'/>
		<totalScore value='71577'/>
	</player>

	<enemy>
		<race value='Protoss'/>
		<unitScore value='31500'/>
		<unitScore value='31500'/>
		<killScore value='39800'/>
		<buildingScore value='8175'/>
		<razingScore value='5925'/>
		<mineralScore value='29346'/>
		<gasScore value='12458'/>
		<totalScore value='127204'/>
	</enemy>

	<scoreRatio value='0.562695'/>
	<timeFitness value='0.374583'/>
	<unitsAverage value='64'/>
</results>
