<results>
	<result value='win'/>
	<start value='2015-05-07.13:19:43'/>
	<end value='2015-05-07.13:20:56'/>
	<frames value='50811'/>
	<gameDuration value='3175'/>

	<player>
		<unitScore value='32525'/>
		<killScore value='63150'/>
		<buildingScore value='3675'/>
		<razingScore value='21150'/>
		<mineralScore value='34766'/>
		<gasScore value='6480'/>
		<totalScore value='161746'/>
	</player>

	<enemy>
		<race value='Protoss'/>
		<unitScore value='35050'/>
		<unitScore value='35050'/>
		<killScore value='47050'/>
		<buildingScore value='7050'/>
		<razingScore value='150'/>
		<mineralScore value='28010'/>
		<gasScore value='10498'/>
		<totalScore value='127808'/>
	</enemy>

	<scoreRatio value='1.26554'/>
	<timeFitness value='0.559028'/>
	<unitsAverage value='135'/>
</results>
