<results>
	<result value='loss'/>
	<start value='2015-07-17.21:51:16'/>
	<end value='2015-07-17.21:51:37'/>
	<frames value='19749'/>
	<gameDuration value='1234'/>

	<player>
		<unitScore value='6100'/>
		<killScore value='2750'/>
		<buildingScore value='2125'/>
		<razingScore value='0'/>
		<mineralScore value='6786'/>
		<gasScore value='1352'/>
		<totalScore value='19113'/>
	</player>

	<enemy>
		<race value='Terran'/>
		<unitScore value='7675'/>
		<killScore value='11150'/>
		<buildingScore value='2850'/>
		<razingScore value='6375'/>
		<mineralScore value='9242'/>
		<gasScore value='3528'/>
		<totalScore value='40820'/>
	</enemy>

	<scoreRatio value='0.468226'/>
	<timeFitness value='0.171389'/>
	<unitsAverage value='30'/>
</results>
