<results>
	<result value='loss'/>
	<start value='2015-04-29.05:37:06'/>
	<end value='2015-04-29.05:37:22'/>
	<frames value='32180'/>
	<gameDuration value='2011'/>

	<player>
		<unitScore value='10175'/>
		<killScore value='4350'/>
		<buildingScore value='2300'/>
		<razingScore value='0'/>
		<mineralScore value='12354'/>
		<gasScore value='2232'/>
		<totalScore value='31411'/>
	</player>

	<enemy>
		<race value='Protoss'/>
		<unitScore value='16200'/>
		<unitScore value='16200'/>
		<killScore value='20600'/>
		<buildingScore value='6925'/>
		<razingScore value='6900'/>
		<mineralScore value='20098'/>
		<gasScore value='7616'/>
		<totalScore value='78339'/>
	</enemy>

	<scoreRatio value='0.400962'/>
	<timeFitness value='0.279306'/>
	<unitsAverage value='39'/>
</results>
