<results>
	<result value='win'/>
	<start value='2015-04-15.01:22:07'/>
	<end value='2015-04-15.01:22:28'/>
	<frames value='26972'/>
	<gameDuration value='1685'/>

	<player>
		<unitScore value='14750'/>
		<killScore value='18200'/>
		<buildingScore value='3475'/>
		<razingScore value='19350'/>
		<mineralScore value='20234'/>
		<gasScore value='2784'/>
		<totalScore value='78793'/>
	</player>

	<enemy>
		<race value='Protoss'/>
		<unitScore value='9100'/>
		<unitScore value='9100'/>
		<killScore value='12000'/>
		<buildingScore value='6450'/>
		<razingScore value='150'/>
		<mineralScore value='15626'/>
		<gasScore value='3040'/>
		<totalScore value='46366'/>
	</enemy>

	<scoreRatio value='1.69937'/>
</results>
