<results>
	<result value='loss'/>
	<start value='2015-07-13.00:41:01'/>
	<end value='2015-07-13.00:41:37'/>
	<frames value='36086'/>
	<gameDuration value='2255'/>

	<player>
		<unitScore value='20325'/>
		<killScore value='13100'/>
		<buildingScore value='2500'/>
		<razingScore value='0'/>
		<mineralScore value='24474'/>
		<gasScore value='3392'/>
		<totalScore value='63791'/>
	</player>

	<enemy>
		<race value='Protoss'/>
		<unitScore value='19850'/>
		<killScore value='40650'/>
		<buildingScore value='6825'/>
		<razingScore value='7500'/>
		<mineralScore value='22610'/>
		<gasScore value='7936'/>
		<totalScore value='105371'/>
	</enemy>

	<scoreRatio value='0.605394'/>
	<timeFitness value='0.313194'/>
	<unitsAverage value='62'/>
</results>
