<results>
	<result value='win'/>
	<start value='2014-07-22.21:31:30'/>
	<end value='2014-07-22.21:31:51'/>
	<frames value='24647'/>
	<gameDuration value='1540'/>

	<player>
		<unitScore value='15325'/>
		<killScore value='15965'/>
		<buildingScore value='3800'/>
		<razingScore value='5895'/>
		<mineralScore value='20234'/>
		<gasScore value='1536'/>
		<totalScore value='62755'/>
	</player>

	<enemy>
		<race value='Zerg'/>
		<unitScore value='7650'/>
		<unitScore value='7650'/>
		<killScore value='12000'/>
		<buildingScore value='1965'/>
		<razingScore value='0'/>
		<mineralScore value='8466'/>
		<gasScore value='2552'/>
		<totalScore value='32633'/>
	</enemy>

	<scoreRatio value='1.92305'/>
</results>
