<results>
	<result value='win'/>
	<start value='2015-05-06.06:32:40'/>
	<end value='2015-05-06.06:33:09'/>
	<frames value='33699'/>
	<gameDuration value='2106'/>

	<player>
		<unitScore value='19725'/>
		<killScore value='11500'/>
		<buildingScore value='4450'/>
		<razingScore value='21000'/>
		<mineralScore value='25778'/>
		<gasScore value='2320'/>
		<totalScore value='84773'/>
	</player>

	<enemy>
		<race value='Protoss'/>
		<unitScore value='5750'/>
		<unitScore value='5750'/>
		<killScore value='16000'/>
		<buildingScore value='7000'/>
		<razingScore value='1575'/>
		<mineralScore value='16490'/>
		<gasScore value='2792'/>
		<totalScore value='49607'/>
	</enemy>

	<scoreRatio value='1.70889'/>
	<timeFitness value='0.7075'/>
	<unitsAverage value='89'/>
</results>
