<results>
	<result value='loss'/>
	<start value='2015-04-30.22:55:47'/>
	<end value='2015-04-30.22:55:52'/>
	<frames value='10294'/>
	<gameDuration value='643'/>

	<player>
		<unitScore value='900'/>
		<killScore value='200'/>
		<buildingScore value='625'/>
		<razingScore value='0'/>
		<mineralScore value='1306'/>
		<gasScore value='0'/>
		<totalScore value='3031'/>
	</player>

	<enemy>
		<race value='Zerg'/>
		<unitScore value='2200'/>
		<unitScore value='2200'/>
		<killScore value='1800'/>
		<buildingScore value='1120'/>
		<razingScore value='1875'/>
		<mineralScore value='3394'/>
		<gasScore value='360'/>
		<totalScore value='10749'/>
	</enemy>

	<scoreRatio value='0.28198'/>
</results>
