<results>
	<result value='loss'/>
	<start value='2015-04-10.01:36:43'/>
	<end value='2015-04-10.01:36:51'/>
	<frames value='16246'/>
	<gameDuration value='1015'/>

	<player>
		<unitScore value='2375'/>
		<killScore value='1000'/>
		<buildingScore value='1825'/>
		<razingScore value='0'/>
		<mineralScore value='4138'/>
		<gasScore value='832'/>
		<totalScore value='10170'/>
	</player>

	<enemy>
		<race value='Protoss'/>
		<unitScore value='3600'/>
		<unitScore value='3600'/>
		<killScore value='4750'/>
		<buildingScore value='3975'/>
		<razingScore value='5475'/>
		<mineralScore value='8698'/>
		<gasScore value='1584'/>
		<totalScore value='28082'/>
	</enemy>

	<scoreRatio value='0.362154'/>
</results>
