<results>
	<result value='loss'/>
	<start value='2015-04-10.01:36:54'/>
	<end value='2015-04-10.01:37:45'/>
	<frames value='51028'/>
	<gameDuration value='3189'/>

	<player>
		<unitScore value='22775'/>
		<killScore value='52700'/>
		<buildingScore value='2475'/>
		<razingScore value='600'/>
		<mineralScore value='24018'/>
		<gasScore value='5274'/>
		<totalScore value='107842'/>
	</player>

	<enemy>
		<race value='Protoss'/>
		<unitScore value='45450'/>
		<unitScore value='45450'/>
		<killScore value='45650'/>
		<buildingScore value='8125'/>
		<razingScore value='7425'/>
		<mineralScore value='35830'/>
		<gasScore value='14176'/>
		<totalScore value='156656'/>
	</enemy>

	<scoreRatio value='0.6884'/>
</results>
