<results>
	<result value='win'/>
	<start value='2015-05-08.15:52:15'/>
	<end value='2015-05-08.15:53:17'/>
	<frames value='33420'/>
	<gameDuration value='2088'/>

	<player>
		<unitScore value='19600'/>
		<killScore value='35615'/>
		<buildingScore value='4025'/>
		<razingScore value='6495'/>
		<mineralScore value='26566'/>
		<gasScore value='2120'/>
		<totalScore value='94421'/>
	</player>

	<enemy>
		<race value='Zerg'/>
		<unitScore value='15675'/>
		<unitScore value='15675'/>
		<killScore value='17250'/>
		<buildingScore value='2165'/>
		<razingScore value='0'/>
		<mineralScore value='14654'/>
		<gasScore value='4896'/>
		<totalScore value='54640'/>
	</enemy>

	<scoreRatio value='1.72806'/>
	<timeFitness value='0.71'/>
	<unitsAverage value='99'/>
</results>
