<results>
	<result value='loss'/>
	<start value='2014-07-10.13:10:58'/>
	<end value='2014-07-10.13:11:36'/>
	<frames value='47556'/>
	<gameDuration value='2972'/>

	<player>
		<unitScore value='22550'/>
		<killScore value='35850'/>
		<buildingScore value='2875'/>
		<razingScore value='450'/>
		<mineralScore value='24354'/>
		<gasScore value='4664'/>
		<totalScore value='90743'/>
	</player>

	<enemy>
		<race value='Protoss'/>
		<unitScore value='38550'/>
		<unitScore value='38550'/>
		<killScore value='44600'/>
		<buildingScore value='7675'/>
		<razingScore value='8625'/>
		<mineralScore value='32918'/>
		<gasScore value='12174'/>
		<totalScore value='144542'/>
	</enemy>

	<scoreRatio value='0.627797'/>
</results>
