<results>
	<result value='draw'/>
	<start value='2014-07-10.13:15:01'/>
	<end value='2014-07-10.13:16:08'/>
	<frames value='57601'/>
	<gameDuration value='3600'/>

	<player>
		<unitScore value='31200'/>
		<killScore value='49000'/>
		<buildingScore value='4900'/>
		<razingScore value='17025'/>
		<mineralScore value='36506'/>
		<gasScore value='8912'/>
		<totalScore value='147543'/>
	</player>

	<enemy>
		<race value='Protoss'/>
		<unitScore value='31125'/>
		<unitScore value='31125'/>
		<killScore value='49300'/>
		<buildingScore value='6950'/>
		<razingScore value='8250'/>
		<mineralScore value='26350'/>
		<gasScore value='10720'/>
		<totalScore value='132695'/>
	</enemy>

	<scoreRatio value='1.1119'/>
</results>
