<results>
	<result value='loss'/>
	<start value='2014-07-10.13:16:10'/>
	<end value='2014-07-10.13:17:02'/>
	<frames value='55523'/>
	<gameDuration value='3470'/>

	<player>
		<unitScore value='22700'/>
		<killScore value='39750'/>
		<buildingScore value='2425'/>
		<razingScore value='6975'/>
		<mineralScore value='24642'/>
		<gasScore value='5412'/>
		<totalScore value='101904'/>
	</player>

	<enemy>
		<race value='Protoss'/>
		<unitScore value='31700'/>
		<unitScore value='31700'/>
		<killScore value='45400'/>
		<buildingScore value='8775'/>
		<razingScore value='7275'/>
		<mineralScore value='34354'/>
		<gasScore value='11660'/>
		<totalScore value='139164'/>
	</enemy>

	<scoreRatio value='0.732258'/>
</results>
