<results>
	<result value='win'/>
	<start value='2015-05-09.00:52:25'/>
	<end value='2015-05-09.00:52:53'/>
	<frames value='30258'/>
	<gameDuration value='1891'/>

	<player>
		<unitScore value='13750'/>
		<killScore value='23600'/>
		<buildingScore value='4500'/>
		<razingScore value='9975'/>
		<mineralScore value='20738'/>
		<gasScore value='2952'/>
		<totalScore value='75515'/>
	</player>

	<enemy>
		<race value='Terran'/>
		<unitScore value='14400'/>
		<unitScore value='14400'/>
		<killScore value='11500'/>
		<buildingScore value='3400'/>
		<razingScore value='3525'/>
		<mineralScore value='13730'/>
		<gasScore value='6096'/>
		<totalScore value='52651'/>
	</enemy>

	<scoreRatio value='1.43426'/>
	<timeFitness value='0.737361'/>
	<unitsAverage value='74'/>
</results>
