<results>
	<result value='loss'/>
	<start value='2015-05-09.00:53:46'/>
	<end value='2015-05-09.00:53:56'/>
	<frames value='17424'/>
	<gameDuration value='1089'/>

	<player>
		<unitScore value='3775'/>
		<killScore value='500'/>
		<buildingScore value='1525'/>
		<razingScore value='0'/>
		<mineralScore value='5570'/>
		<gasScore value='672'/>
		<totalScore value='12042'/>
	</player>

	<enemy>
		<race value='Terran'/>
		<unitScore value='6400'/>
		<unitScore value='6400'/>
		<killScore value='7550'/>
		<buildingScore value='2700'/>
		<razingScore value='4575'/>
		<mineralScore value='7962'/>
		<gasScore value='2768'/>
		<totalScore value='31955'/>
	</enemy>

	<scoreRatio value='0.376842'/>
	<timeFitness value='0.15125'/>
	<unitsAverage value='26'/>
</results>
