<results>
	<result value='loss'/>
	<start value='2015-05-04.22:13:32'/>
	<end value='2015-05-04.22:13:41'/>
	<frames value='18137'/>
	<gameDuration value='1133'/>

	<player>
		<unitScore value='2875'/>
		<killScore value='1800'/>
		<buildingScore value='1500'/>
		<razingScore value='0'/>
		<mineralScore value='4506'/>
		<gasScore value='496'/>
		<totalScore value='11177'/>
	</player>

	<enemy>
		<race value='Protoss'/>
		<unitScore value='4450'/>
		<unitScore value='4450'/>
		<killScore value='5750'/>
		<buildingScore value='4075'/>
		<razingScore value='4500'/>
		<mineralScore value='9530'/>
		<gasScore value='2120'/>
		<totalScore value='30425'/>
	</enemy>

	<scoreRatio value='0.367362'/>
	<timeFitness value='0.157361'/>
	<unitsAverage value='19'/>
</results>
