<results>
	<result value='win'/>
	<start value='2015-05-04.22:12:15'/>
	<end value='2015-05-04.22:12:46'/>
	<frames value='29483'/>
	<gameDuration value='1842'/>

	<player>
		<unitScore value='17925'/>
		<killScore value='13200'/>
		<buildingScore value='4025'/>
		<razingScore value='15000'/>
		<mineralScore value='24098'/>
		<gasScore value='2640'/>
		<totalScore value='76888'/>
	</player>

	<enemy>
		<race value='Protoss'/>
		<unitScore value='6600'/>
		<unitScore value='6600'/>
		<killScore value='13850'/>
		<buildingScore value='5000'/>
		<razingScore value='0'/>
		<mineralScore value='19566'/>
		<gasScore value='944'/>
		<totalScore value='45960'/>
	</enemy>

	<scoreRatio value='1.67293'/>
	<timeFitness value='0.744167'/>
	<unitsAverage value='95'/>
</results>
