<results>
	<result value='loss'/>
	<start value='2015-05-04.22:25:04'/>
	<end value='2015-05-04.22:25:11'/>
	<frames value='15006'/>
	<gameDuration value='937'/>

	<player>
		<unitScore value='3050'/>
		<killScore value='1200'/>
		<buildingScore value='1675'/>
		<razingScore value='0'/>
		<mineralScore value='4626'/>
		<gasScore value='0'/>
		<totalScore value='10551'/>
	</player>

	<enemy>
		<race value='Protoss'/>
		<unitScore value='4000'/>
		<unitScore value='4000'/>
		<killScore value='6100'/>
		<buildingScore value='2325'/>
		<razingScore value='5025'/>
		<mineralScore value='7410'/>
		<gasScore value='1728'/>
		<totalScore value='26588'/>
	</enemy>

	<scoreRatio value='0.396833'/>
	<timeFitness value='0.130139'/>
	<unitsAverage value='22'/>
</results>
