<results>
	<result value='loss'/>
	<start value='2015-05-04.22:31:49'/>
	<end value='2015-05-04.22:32:22'/>
	<frames value='48455'/>
	<gameDuration value='3028'/>

	<player>
		<unitScore value='19425'/>
		<killScore value='41300'/>
		<buildingScore value='2525'/>
		<razingScore value='300'/>
		<mineralScore value='20522'/>
		<gasScore value='3208'/>
		<totalScore value='87280'/>
	</player>

	<enemy>
		<race value='Protoss'/>
		<unitScore value='40575'/>
		<unitScore value='40575'/>
		<killScore value='38850'/>
		<buildingScore value='7275'/>
		<razingScore value='7575'/>
		<mineralScore value='33254'/>
		<gasScore value='13438'/>
		<totalScore value='140967'/>
	</enemy>

	<scoreRatio value='0.619152'/>
	<timeFitness value='0.420556'/>
	<unitsAverage value='47'/>
</results>
