<results>
	<result value='loss'/>
	<start value='2015-05-04.22:32:25'/>
	<end value='2015-05-04.22:32:33'/>
	<frames value='15409'/>
	<gameDuration value='963'/>

	<player>
		<unitScore value='3550'/>
		<killScore value='600'/>
		<buildingScore value='1975'/>
		<razingScore value='0'/>
		<mineralScore value='5498'/>
		<gasScore value='544'/>
		<totalScore value='12167'/>
	</player>

	<enemy>
		<race value='Protoss'/>
		<unitScore value='3550'/>
		<unitScore value='3550'/>
		<killScore value='7100'/>
		<buildingScore value='2925'/>
		<razingScore value='5925'/>
		<mineralScore value='7818'/>
		<gasScore value='1512'/>
		<totalScore value='28830'/>
	</enemy>

	<scoreRatio value='0.422026'/>
	<timeFitness value='0.13375'/>
	<unitsAverage value='26'/>
</results>
