<results>
	<result value='win'/>
	<start value='2015-05-04.22:45:13'/>
	<end value='2015-05-04.22:45:47'/>
	<frames value='35962'/>
	<gameDuration value='2247'/>

	<player>
		<unitScore value='17325'/>
		<killScore value='24700'/>
		<buildingScore value='4275'/>
		<razingScore value='15600'/>
		<mineralScore value='22458'/>
		<gasScore value='3080'/>
		<totalScore value='87438'/>
	</player>

	<enemy>
		<race value='Protoss'/>
		<unitScore value='13050'/>
		<unitScore value='13050'/>
		<killScore value='13850'/>
		<buildingScore value='5200'/>
		<razingScore value='1800'/>
		<mineralScore value='15350'/>
		<gasScore value='3520'/>
		<totalScore value='52770'/>
	</enemy>

	<scoreRatio value='1.65696'/>
	<timeFitness value='0.687917'/>
	<unitsAverage value='79'/>
</results>
