<results>
	<result value='loss'/>
	<start value='2015-04-14.04:49:47'/>
	<end value='2015-04-14.04:49:54'/>
	<frames value='15936'/>
	<gameDuration value='996'/>

	<player>
		<unitScore value='3150'/>
		<killScore value='200'/>
		<buildingScore value='1250'/>
		<razingScore value='0'/>
		<mineralScore value='5114'/>
		<gasScore value='408'/>
		<totalScore value='10122'/>
	</player>

	<enemy>
		<race value='Protoss'/>
		<unitScore value='3550'/>
		<unitScore value='3550'/>
		<killScore value='6300'/>
		<buildingScore value='3525'/>
		<razingScore value='3750'/>
		<mineralScore value='8162'/>
		<gasScore value='1608'/>
		<totalScore value='26895'/>
	</enemy>

	<scoreRatio value='0.376352'/>
</results>
