<results>
	<result value='loss'/>
	<start value='2015-04-30.20:30:17'/>
	<end value='2015-04-30.20:30:40'/>
	<frames value='30010'/>
	<gameDuration value='1875'/>

	<player>
		<unitScore value='10650'/>
		<killScore value='5600'/>
		<buildingScore value='2475'/>
		<razingScore value='300'/>
		<mineralScore value='12550'/>
		<gasScore value='2040'/>
		<totalScore value='33615'/>
	</player>

	<enemy>
		<race value='Protoss'/>
		<unitScore value='15200'/>
		<unitScore value='15200'/>
		<killScore value='21300'/>
		<buildingScore value='7025'/>
		<razingScore value='7425'/>
		<mineralScore value='19410'/>
		<gasScore value='7576'/>
		<totalScore value='77936'/>
	</enemy>

	<scoreRatio value='0.431315'/>
</results>
