<results>
	<result value='loss'/>
	<start value='2015-04-30.20:42:53'/>
	<end value='2015-04-30.20:43:03'/>
	<frames value='15719'/>
	<gameDuration value='982'/>

	<player>
		<unitScore value='3000'/>
		<killScore value='1600'/>
		<buildingScore value='1600'/>
		<razingScore value='0'/>
		<mineralScore value='4866'/>
		<gasScore value='864'/>
		<totalScore value='11930'/>
	</player>

	<enemy>
		<race value='Protoss'/>
		<unitScore value='3550'/>
		<unitScore value='3550'/>
		<killScore value='6000'/>
		<buildingScore value='3525'/>
		<razingScore value='4800'/>
		<mineralScore value='8186'/>
		<gasScore value='1624'/>
		<totalScore value='27685'/>
	</enemy>

	<scoreRatio value='0.430919'/>
</results>
