<results>
	<result value='win'/>
	<start value='2015-04-16.18:15:59'/>
	<end value='2015-04-16.18:16:19'/>
	<frames value='19966'/>
	<gameDuration value='1247'/>

	<player>
		<unitScore value='6000'/>
		<killScore value='9600'/>
		<buildingScore value='1775'/>
		<razingScore value='6675'/>
		<mineralScore value='8226'/>
		<gasScore value='1088'/>
		<totalScore value='33364'/>
	</player>

	<enemy>
		<race value='Protoss'/>
		<unitScore value='4800'/>
		<unitScore value='4800'/>
		<killScore value='4000'/>
		<buildingScore value='2225'/>
		<razingScore value='0'/>
		<mineralScore value='7562'/>
		<gasScore value='1280'/>
		<totalScore value='19867'/>
	</enemy>

	<scoreRatio value='1.67937'/>
</results>
