<results>
	<result value='loss'/>
	<start value='2015-04-29.17:48:22'/>
	<end value='2015-04-29.17:49:04'/>
	<frames value='46874'/>
	<gameDuration value='2929'/>

	<player>
		<unitScore value='13500'/>
		<killScore value='16400'/>
		<buildingScore value='2300'/>
		<razingScore value='1350'/>
		<mineralScore value='15554'/>
		<gasScore value='2824'/>
		<totalScore value='51928'/>
	</player>

	<enemy>
		<race value='Terran'/>
		<unitScore value='23575'/>
		<unitScore value='23575'/>
		<killScore value='27000'/>
		<buildingScore value='4850'/>
		<razingScore value='6900'/>
		<mineralScore value='20334'/>
		<gasScore value='11196'/>
		<totalScore value='93855'/>
	</enemy>

	<scoreRatio value='0.553279'/>
	<timeFitness value='0.406806'/>
	<unitsAverage value='52'/>
</results>
