<results>
	<result value='win'/>
	<start value='2015-04-29.17:59:59'/>
	<end value='2015-04-29.18:00:46'/>
	<frames value='36582'/>
	<gameDuration value='2286'/>

	<player>
		<unitScore value='15425'/>
		<killScore value='24100'/>
		<buildingScore value='5250'/>
		<razingScore value='9750'/>
		<mineralScore value='28658'/>
		<gasScore value='3496'/>
		<totalScore value='86679'/>
	</player>

	<enemy>
		<race value='Terran'/>
		<unitScore value='13650'/>
		<unitScore value='13650'/>
		<killScore value='9350'/>
		<buildingScore value='3425'/>
		<razingScore value='1575'/>
		<mineralScore value='12386'/>
		<gasScore value='5576'/>
		<totalScore value='45962'/>
	</enemy>

	<scoreRatio value='1.88588'/>
	<timeFitness value='0.6825'/>
	<unitsAverage value='97'/>
</results>
