<results>
	<result value='win'/>
	<start value='2015-04-28.20:34:52'/>
	<end value='2015-04-28.20:35:16'/>
	<frames value='26817'/>
	<gameDuration value='1676'/>

	<player>
		<unitScore value='17400'/>
		<killScore value='30730'/>
		<buildingScore value='3750'/>
		<razingScore value='6660'/>
		<mineralScore value='22994'/>
		<gasScore value='2232'/>
		<totalScore value='83766'/>
	</player>

	<enemy>
		<race value='Zerg'/>
		<unitScore value='13400'/>
		<unitScore value='13400'/>
		<killScore value='18000'/>
		<buildingScore value='2220'/>
		<razingScore value='0'/>
		<mineralScore value='13082'/>
		<gasScore value='3928'/>
		<totalScore value='50630'/>
	</enemy>

	<scoreRatio value='1.65447'/>
</results>
