<results>
	<result value='win'/>
	<start value='2015-04-28.20:38:10'/>
	<end value='2015-04-28.20:38:35'/>
	<frames value='24988'/>
	<gameDuration value='1561'/>

	<player>
		<unitScore value='15525'/>
		<killScore value='20745'/>
		<buildingScore value='4550'/>
		<razingScore value='4680'/>
		<mineralScore value='22966'/>
		<gasScore value='1960'/>
		<totalScore value='70426'/>
	</player>

	<enemy>
		<race value='Zerg'/>
		<unitScore value='9875'/>
		<unitScore value='9875'/>
		<killScore value='11750'/>
		<buildingScore value='1560'/>
		<razingScore value='0'/>
		<mineralScore value='9306'/>
		<gasScore value='3112'/>
		<totalScore value='35603'/>
	</enemy>

	<scoreRatio value='1.97809'/>
</results>
