<results>
	<result value='win'/>
	<start value='2015-04-28.20:41:10'/>
	<end value='2015-04-28.20:41:26'/>
	<frames value='21547'/>
	<gameDuration value='1346'/>

	<player>
		<unitScore value='11600'/>
		<killScore value='16730'/>
		<buildingScore value='3075'/>
		<razingScore value='5460'/>
		<mineralScore value='18018'/>
		<gasScore value='1544'/>
		<totalScore value='56427'/>
	</player>

	<enemy>
		<race value='Zerg'/>
		<unitScore value='8575'/>
		<unitScore value='8575'/>
		<killScore value='9300'/>
		<buildingScore value='1820'/>
		<razingScore value='0'/>
		<mineralScore value='8162'/>
		<gasScore value='2200'/>
		<totalScore value='30057'/>
	</enemy>

	<scoreRatio value='1.87733'/>
</results>
