<results>
	<result value='win'/>
	<start value='2015-05-06.09:03:00'/>
	<end value='2015-05-06.09:03:32'/>
	<frames value='29328'/>
	<gameDuration value='1833'/>

	<player>
		<unitScore value='17900'/>
		<killScore value='26800'/>
		<buildingScore value='4775'/>
		<razingScore value='9375'/>
		<mineralScore value='26242'/>
		<gasScore value='2312'/>
		<totalScore value='87404'/>
	</player>

	<enemy>
		<race value='Terran'/>
		<unitScore value='15300'/>
		<unitScore value='15300'/>
		<killScore value='12750'/>
		<buildingScore value='3125'/>
		<razingScore value='1575'/>
		<mineralScore value='12622'/>
		<gasScore value='5856'/>
		<totalScore value='51228'/>
	</enemy>

	<scoreRatio value='1.70618'/>
	<timeFitness value='0.745417'/>
	<unitsAverage value='101'/>
</results>
