<results>
	<result value='loss'/>
	<start value='2015-05-06.09:04:03'/>
	<end value='2015-05-06.09:04:14'/>
	<frames value='18664'/>
	<gameDuration value='1166'/>

	<player>
		<unitScore value='4125'/>
		<killScore value='1950'/>
		<buildingScore value='1900'/>
		<razingScore value='0'/>
		<mineralScore value='6106'/>
		<gasScore value='728'/>
		<totalScore value='14809'/>
	</player>

	<enemy>
		<race value='Terran'/>
		<unitScore value='7375'/>
		<unitScore value='7375'/>
		<killScore value='8250'/>
		<buildingScore value='2850'/>
		<razingScore value='5700'/>
		<mineralScore value='8618'/>
		<gasScore value='3096'/>
		<totalScore value='35889'/>
	</enemy>

	<scoreRatio value='0.412633'/>
	<timeFitness value='0.161944'/>
	<unitsAverage value='27'/>
</results>
