<results>
	<result value='loss'/>
	<start value='2015-05-06.09:21:59'/>
	<end value='2015-05-06.09:22:26'/>
	<frames value='44983'/>
	<gameDuration value='2811'/>

	<player>
		<unitScore value='8675'/>
		<killScore value='8450'/>
		<buildingScore value='2350'/>
		<razingScore value='0'/>
		<mineralScore value='11362'/>
		<gasScore value='1512'/>
		<totalScore value='32349'/>
	</player>

	<enemy>
		<race value='Terran'/>
		<unitScore value='21375'/>
		<unitScore value='21375'/>
		<killScore value='17350'/>
		<buildingScore value='5375'/>
		<razingScore value='7050'/>
		<mineralScore value='27802'/>
		<gasScore value='11020'/>
		<totalScore value='89972'/>
	</enemy>

	<scoreRatio value='0.359545'/>
	<timeFitness value='0.390417'/>
	<unitsAverage value='24'/>
</results>
