<results>
	<result value='win'/>
	<start value='2015-04-30.12:45:51'/>
	<end value='2015-04-30.12:46:09'/>
	<frames value='21299'/>
	<gameDuration value='1331'/>

	<player>
		<unitScore value='12875'/>
		<killScore value='16350'/>
		<buildingScore value='3050'/>
		<razingScore value='5655'/>
		<mineralScore value='18694'/>
		<gasScore value='1432'/>
		<totalScore value='58056'/>
	</player>

	<enemy>
		<race value='Zerg'/>
		<unitScore value='8275'/>
		<unitScore value='8275'/>
		<killScore value='8700'/>
		<buildingScore value='1885'/>
		<razingScore value='0'/>
		<mineralScore value='7994'/>
		<gasScore value='2120'/>
		<totalScore value='28974'/>
	</enemy>

	<scoreRatio value='2.00373'/>
	<timeFitness value='0.815139'/>
	<unitsAverage value='79'/>
</results>
