<results>
	<result value='win'/>
	<start value='2015-04-30.12:47:45'/>
	<end value='2015-04-30.12:48:11'/>
	<frames value='26817'/>
	<gameDuration value='1676'/>

	<player>
		<unitScore value='14125'/>
		<killScore value='21560'/>
		<buildingScore value='4250'/>
		<razingScore value='6240'/>
		<mineralScore value='22170'/>
		<gasScore value='1872'/>
		<totalScore value='70217'/>
	</player>

	<enemy>
		<race value='Zerg'/>
		<unitScore value='9900'/>
		<unitScore value='9900'/>
		<killScore value='8450'/>
		<buildingScore value='2080'/>
		<razingScore value='150'/>
		<mineralScore value='10002'/>
		<gasScore value='3224'/>
		<totalScore value='33806'/>
	</enemy>

	<scoreRatio value='2.07706'/>
	<timeFitness value='0.767222'/>
	<unitsAverage value='83'/>
</results>
