<results>
	<result value='win'/>
	<start value='2015-04-29.10:58:44'/>
	<end value='2015-04-29.10:59:18'/>
	<frames value='27251'/>
	<gameDuration value='1703'/>

	<player>
		<unitScore value='17875'/>
		<killScore value='25775'/>
		<buildingScore value='4250'/>
		<razingScore value='6015'/>
		<mineralScore value='23662'/>
		<gasScore value='1752'/>
		<totalScore value='79329'/>
	</player>

	<enemy>
		<race value='Zerg'/>
		<unitScore value='11750'/>
		<unitScore value='11750'/>
		<killScore value='11750'/>
		<buildingScore value='2005'/>
		<razingScore value='0'/>
		<mineralScore value='10962'/>
		<gasScore value='3896'/>
		<totalScore value='40363'/>
	</enemy>

	<scoreRatio value='1.96539'/>
</results>
