<results>
	<result value='loss'/>
	<start value='2015-04-29.11:06:25'/>
	<end value='2015-04-29.11:06:42'/>
	<frames value='26104'/>
	<gameDuration value='1631'/>

	<player>
		<unitScore value='7450'/>
		<killScore value='12100'/>
		<buildingScore value='2475'/>
		<razingScore value='675'/>
		<mineralScore value='10106'/>
		<gasScore value='2232'/>
		<totalScore value='35038'/>
	</player>

	<enemy>
		<race value='Zerg'/>
		<unitScore value='9425'/>
		<unitScore value='9425'/>
		<killScore value='12300'/>
		<buildingScore value='3780'/>
		<razingScore value='7425'/>
		<mineralScore value='15354'/>
		<gasScore value='4440'/>
		<totalScore value='52724'/>
	</enemy>

	<scoreRatio value='0.664555'/>
</results>
