<results>
	<result value='loss'/>
	<start value='2015-05-03.03:55:47'/>
	<end value='2015-05-03.03:55:51'/>
	<frames value='8124'/>
	<gameDuration value='507'/>

	<player>
		<unitScore value='850'/>
		<killScore value='100'/>
		<buildingScore value='700'/>
		<razingScore value='0'/>
		<mineralScore value='1282'/>
		<gasScore value='88'/>
		<totalScore value='3020'/>
	</player>

	<enemy>
		<race value='Zerg'/>
		<unitScore value='1400'/>
		<unitScore value='1400'/>
		<killScore value='1600'/>
		<buildingScore value='780'/>
		<razingScore value='2100'/>
		<mineralScore value='2250'/>
		<gasScore value='112'/>
		<totalScore value='8242'/>
	</enemy>

	<scoreRatio value='0.366416'/>
	<timeFitness value='0.0704167'/>
	<unitsAverage value='9'/>
</results>
