<results>
	<result value='win'/>
	<start value='2015-05-03.04:01:39'/>
	<end value='2015-05-03.04:02:16'/>
	<frames value='31250'/>
	<gameDuration value='1953'/>

	<player>
		<unitScore value='21625'/>
		<killScore value='40145'/>
		<buildingScore value='3800'/>
		<razingScore value='7395'/>
		<mineralScore value='25874'/>
		<gasScore value='3296'/>
		<totalScore value='102135'/>
	</player>

	<enemy>
		<race value='Zerg'/>
		<unitScore value='16875'/>
		<unitScore value='16875'/>
		<killScore value='23450'/>
		<buildingScore value='2465'/>
		<razingScore value='0'/>
		<mineralScore value='15270'/>
		<gasScore value='4320'/>
		<totalScore value='62380'/>
	</enemy>

	<scoreRatio value='1.6373'/>
	<timeFitness value='0.72875'/>
	<unitsAverage value='91'/>
</results>
