<results>
	<result value='loss'/>
	<start value='2015-04-10.15:55:39'/>
	<end value='2015-04-10.15:56:02'/>
	<frames value='20803'/>
	<gameDuration value='1300'/>

	<player>
		<unitScore value='4925'/>
		<killScore value='2400'/>
		<buildingScore value='1875'/>
		<razingScore value='0'/>
		<mineralScore value='7674'/>
		<gasScore value='1224'/>
		<totalScore value='18098'/>
	</player>

	<enemy>
		<race value='Protoss'/>
		<unitScore value='5625'/>
		<unitScore value='5625'/>
		<killScore value='9850'/>
		<buildingScore value='4675'/>
		<razingScore value='5625'/>
		<mineralScore value='11226'/>
		<gasScore value='2936'/>
		<totalScore value='39937'/>
	</enemy>

	<scoreRatio value='0.453164'/>
</results>
