<results>
	<result value='loss'/>
	<start value='2015-04-10.16:06:08'/>
	<end value='2015-04-10.16:06:29'/>
	<frames value='31374'/>
	<gameDuration value='1960'/>

	<player>
		<unitScore value='9700'/>
		<killScore value='10300'/>
		<buildingScore value='1725'/>
		<razingScore value='1800'/>
		<mineralScore value='14282'/>
		<gasScore value='3008'/>
		<totalScore value='40815'/>
	</player>

	<enemy>
		<race value='Protoss'/>
		<unitScore value='15825'/>
		<unitScore value='15825'/>
		<killScore value='19400'/>
		<buildingScore value='7575'/>
		<razingScore value='5175'/>
		<mineralScore value='23310'/>
		<gasScore value='6560'/>
		<totalScore value='77845'/>
	</enemy>

	<scoreRatio value='0.524311'/>
</results>
