<results>
	<result value='loss'/>
	<start value='2014-07-09.15:38:32'/>
	<end value='2014-07-09.15:38:39'/>
	<frames value='15037'/>
	<gameDuration value='939'/>

	<player>
		<unitScore value='2850'/>
		<killScore value='1200'/>
		<buildingScore value='1625'/>
		<razingScore value='0'/>
		<mineralScore value='4738'/>
		<gasScore value='616'/>
		<totalScore value='11029'/>
	</player>

	<enemy>
		<race value='Protoss'/>
		<unitScore value='3550'/>
		<unitScore value='3550'/>
		<killScore value='5700'/>
		<buildingScore value='2625'/>
		<razingScore value='4875'/>
		<mineralScore value='7610'/>
		<gasScore value='1336'/>
		<totalScore value='25696'/>
	</enemy>

	<scoreRatio value='0.429211'/>
</results>
