<results>
	<result value='win'/>
	<start value='2014-07-09.15:41:11'/>
	<end value='2014-07-09.15:41:29'/>
	<frames value='23965'/>
	<gameDuration value='1497'/>

	<player>
		<unitScore value='10500'/>
		<killScore value='9400'/>
		<buildingScore value='2850'/>
		<razingScore value='10425'/>
		<mineralScore value='15230'/>
		<gasScore value='2216'/>
		<totalScore value='50621'/>
	</player>

	<enemy>
		<race value='Protoss'/>
		<unitScore value='4700'/>
		<unitScore value='4700'/>
		<killScore value='5850'/>
		<buildingScore value='3475'/>
		<razingScore value='0'/>
		<mineralScore value='10010'/>
		<gasScore value='1112'/>
		<totalScore value='25147'/>
	</enemy>

	<scoreRatio value='2.013'/>
</results>
