<results>
	<result value='loss'/>
	<start value='2014-07-09.15:42:04'/>
	<end value='2014-07-09.15:42:37'/>
	<frames value='45076'/>
	<gameDuration value='2817'/>

	<player>
		<unitScore value='21325'/>
		<killScore value='30450'/>
		<buildingScore value='2325'/>
		<razingScore value='300'/>
		<mineralScore value='23634'/>
		<gasScore value='3496'/>
		<totalScore value='81530'/>
	</player>

	<enemy>
		<race value='Protoss'/>
		<unitScore value='33650'/>
		<unitScore value='33650'/>
		<killScore value='42500'/>
		<buildingScore value='7325'/>
		<razingScore value='6975'/>
		<mineralScore value='31758'/>
		<gasScore value='11676'/>
		<totalScore value='133884'/>
	</enemy>

	<scoreRatio value='0.60896'/>
</results>
