<results>
	<result value='draw'/>
	<start value='2015-04-10.19:11:32'/>
	<end value='2015-04-10.19:13:58'/>
	<frames value='57601'/>
	<gameDuration value='3600'/>

	<player>
		<unitScore value='34575'/>
		<killScore value='44850'/>
		<buildingScore value='5400'/>
		<razingScore value='15375'/>
		<mineralScore value='38470'/>
		<gasScore value='7616'/>
		<totalScore value='146286'/>
	</player>

	<enemy>
		<race value='Protoss'/>
		<unitScore value='23650'/>
		<unitScore value='23650'/>
		<killScore value='44300'/>
		<buildingScore value='6050'/>
		<razingScore value='1650'/>
		<mineralScore value='24446'/>
		<gasScore value='6536'/>
		<totalScore value='106632'/>
	</enemy>

	<scoreRatio value='1.37188'/>
</results>
