<results>
	<result value='draw'/>
	<start value='2015-07-11.18:36:51'/>
	<end value='2015-07-11.18:38:33'/>
	<frames value='57601'/>
	<gameDuration value='3600'/>

	<player>
		<unitScore value='44475'/>
		<killScore value='30800'/>
		<buildingScore value='3725'/>
		<razingScore value='2400'/>
		<mineralScore value='37166'/>
		<gasScore value='7730'/>
		<totalScore value='126296'/>
	</player>

	<enemy>
		<race value='Protoss'/>
		<unitScore value='27350'/>
		<killScore value='72800'/>
		<buildingScore value='5225'/>
		<razingScore value='1950'/>
		<mineralScore value='19550'/>
		<gasScore value='11896'/>
		<totalScore value='138771'/>
	</enemy>

	<scoreRatio value='0.910104'/>
	<timeFitness value='0.5'/>
	<unitsAverage value='137'/>
</results>
