<results>
	<result value='loss'/>
	<start value='2015-07-11.18:42:10'/>
	<end value='2015-07-11.18:43:39'/>
	<frames value='57352'/>
	<gameDuration value='3584'/>

	<player>
		<unitScore value='34675'/>
		<killScore value='23900'/>
		<buildingScore value='4175'/>
		<razingScore value='3450'/>
		<mineralScore value='29938'/>
		<gasScore value='5618'/>
		<totalScore value='101756'/>
	</player>

	<enemy>
		<race value='Protoss'/>
		<unitScore value='36070'/>
		<killScore value='65100'/>
		<buildingScore value='8825'/>
		<razingScore value='12525'/>
		<mineralScore value='32822'/>
		<gasScore value='15188'/>
		<totalScore value='170530'/>
	</enemy>

	<scoreRatio value='0.596704'/>
	<timeFitness value='0.497778'/>
	<unitsAverage value='120'/>
</results>
