<results>
	<result value='win'/>
	<start value='2015-04-10.22:23:20'/>
	<end value='2015-04-10.22:24:02'/>
	<frames value='27871'/>
	<gameDuration value='1741'/>

	<player>
		<unitScore value='13575'/>
		<killScore value='19200'/>
		<buildingScore value='3500'/>
		<razingScore value='14475'/>
		<mineralScore value='18058'/>
		<gasScore value='1944'/>
		<totalScore value='70752'/>
	</player>

	<enemy>
		<race value='Protoss'/>
		<unitScore value='10175'/>
		<unitScore value='10175'/>
		<killScore value='10250'/>
		<buildingScore value='4825'/>
		<razingScore value='1500'/>
		<mineralScore value='11946'/>
		<gasScore value='2824'/>
		<totalScore value='41520'/>
	</enemy>

	<scoreRatio value='1.70405'/>
</results>
