<results>
	<result value='win'/>
	<start value='2015-05-04.01:28:20'/>
	<end value='2015-05-04.01:29:00'/>
	<frames value='26848'/>
	<gameDuration value='1678'/>

	<player>
		<unitScore value='14775'/>
		<killScore value='11200'/>
		<buildingScore value='3350'/>
		<razingScore value='14400'/>
		<mineralScore value='21630'/>
		<gasScore value='1904'/>
		<totalScore value='67259'/>
	</player>

	<enemy>
		<race value='Protoss'/>
		<unitScore value='5600'/>
		<unitScore value='5600'/>
		<killScore value='10400'/>
		<buildingScore value='4800'/>
		<razingScore value='150'/>
		<mineralScore value='13002'/>
		<gasScore value='1856'/>
		<totalScore value='35808'/>
	</enemy>

	<scoreRatio value='1.87832'/>
	<timeFitness value='0.766944'/>
	<unitsAverage value='81'/>
</results>
