<results>
	<result value='win'/>
	<start value='2015-04-14.23:06:57'/>
	<end value='2015-04-14.23:10:02'/>
	<frames value='55492'/>
	<gameDuration value='3468'/>

	<player>
		<unitScore value='23625'/>
		<killScore value='45550'/>
		<buildingScore value='4925'/>
		<razingScore value='23025'/>
		<mineralScore value='40354'/>
		<gasScore value='5928'/>
		<totalScore value='143407'/>
	</player>

	<enemy>
		<race value='Protoss'/>
		<unitScore value='23475'/>
		<unitScore value='23475'/>
		<killScore value='23500'/>
		<buildingScore value='7675'/>
		<razingScore value='0'/>
		<mineralScore value='22666'/>
		<gasScore value='8768'/>
		<totalScore value='86084'/>
	</enemy>

	<scoreRatio value='1.6659'/>
</results>
