<results>
	<result value='win'/>
	<start value='2015-04-14.23:18:59'/>
	<end value='2015-04-14.23:20:32'/>
	<frames value='39465'/>
	<gameDuration value='2466'/>

	<player>
		<unitScore value='25675'/>
		<killScore value='29850'/>
		<buildingScore value='4125'/>
		<razingScore value='21825'/>
		<mineralScore value='30726'/>
		<gasScore value='4448'/>
		<totalScore value='116649'/>
	</player>

	<enemy>
		<race value='Protoss'/>
		<unitScore value='15850'/>
		<unitScore value='15850'/>
		<killScore value='28100'/>
		<buildingScore value='7275'/>
		<razingScore value='300'/>
		<mineralScore value='19506'/>
		<gasScore value='7464'/>
		<totalScore value='78495'/>
	</enemy>

	<scoreRatio value='1.48607'/>
</results>
