<results>
	<result value='win'/>
	<start value='2014-07-15.03:51:26'/>
	<end value='2014-07-15.03:51:36'/>
	<frames value='18664'/>
	<gameDuration value='1166'/>

	<player>
		<unitScore value='7150'/>
		<killScore value='11600'/>
		<buildingScore value='2400'/>
		<razingScore value='4125'/>
		<mineralScore value='10786'/>
		<gasScore value='936'/>
		<totalScore value='36997'/>
	</player>

	<enemy>
		<race value='Terran'/>
		<unitScore value='5800'/>
		<unitScore value='5800'/>
		<killScore value='4000'/>
		<buildingScore value='1450'/>
		<razingScore value='150'/>
		<mineralScore value='8178'/>
		<gasScore value='2104'/>
		<totalScore value='21682'/>
	</enemy>

	<scoreRatio value='1.70635'/>
</results>
