<results>
	<result value='loss'/>
	<start value='2015-04-08.13:18:21'/>
	<end value='2015-04-08.13:18:28'/>
	<frames value='15378'/>
	<gameDuration value='961'/>

	<player>
		<unitScore value='3050'/>
		<killScore value='400'/>
		<buildingScore value='1500'/>
		<razingScore value='0'/>
		<mineralScore value='4818'/>
		<gasScore value='640'/>
		<totalScore value='10408'/>
	</player>

	<enemy>
		<race value='Protoss'/>
		<unitScore value='3550'/>
		<unitScore value='3550'/>
		<killScore value='6100'/>
		<buildingScore value='2825'/>
		<razingScore value='4500'/>
		<mineralScore value='8002'/>
		<gasScore value='1224'/>
		<totalScore value='26201'/>
	</enemy>

	<scoreRatio value='0.397237'/>
</results>
