<results>
	<result value='loss'/>
	<start value='2015-05-09.06:23:13'/>
	<end value='2015-05-09.06:23:22'/>
	<frames value='19749'/>
	<gameDuration value='1234'/>

	<player>
		<unitScore value='4850'/>
		<killScore value='1950'/>
		<buildingScore value='2225'/>
		<razingScore value='0'/>
		<mineralScore value='7394'/>
		<gasScore value='1200'/>
		<totalScore value='17619'/>
	</player>

	<enemy>
		<race value='Terran'/>
		<unitScore value='6975'/>
		<unitScore value='6975'/>
		<killScore value='9700'/>
		<buildingScore value='2350'/>
		<razingScore value='6675'/>
		<mineralScore value='9194'/>
		<gasScore value='3248'/>
		<totalScore value='38142'/>
	</enemy>

	<scoreRatio value='0.461932'/>
	<timeFitness value='0.171389'/>
	<unitsAverage value='31'/>
</results>
