<results>
	<result value='win'/>
	<start value='2015-04-30.00:17:12'/>
	<end value='2015-04-30.00:18:19'/>
	<frames value='32707'/>
	<gameDuration value='2044'/>

	<player>
		<unitScore value='19075'/>
		<killScore value='21200'/>
		<buildingScore value='4900'/>
		<razingScore value='6360'/>
		<mineralScore value='31358'/>
		<gasScore value='2144'/>
		<totalScore value='85037'/>
	</player>

	<enemy>
		<race value='Zerg'/>
		<unitScore value='10675'/>
		<unitScore value='10675'/>
		<killScore value='14500'/>
		<buildingScore value='2120'/>
		<razingScore value='225'/>
		<mineralScore value='11130'/>
		<gasScore value='3816'/>
		<totalScore value='42466'/>
	</enemy>

	<scoreRatio value='2.00247'/>
	<timeFitness value='0.716111'/>
	<unitsAverage value='126'/>
</results>
