<results>
	<result value='win'/>
	<start value='2015-04-30.00:26:50'/>
	<end value='2015-04-30.00:27:14'/>
	<frames value='21888'/>
	<gameDuration value='1368'/>

	<player>
		<unitScore value='11675'/>
		<killScore value='17370'/>
		<buildingScore value='3175'/>
		<razingScore value='5580'/>
		<mineralScore value='16914'/>
		<gasScore value='1504'/>
		<totalScore value='56218'/>
	</player>

	<enemy>
		<race value='Zerg'/>
		<unitScore value='8250'/>
		<unitScore value='8250'/>
		<killScore value='8000'/>
		<buildingScore value='1860'/>
		<razingScore value='0'/>
		<mineralScore value='8530'/>
		<gasScore value='2600'/>
		<totalScore value='29240'/>
	</enemy>

	<scoreRatio value='1.92264'/>
	<timeFitness value='0.81'/>
	<unitsAverage value='73'/>
</results>
