<results>
	<result value='win'/>
	<start value='2015-04-14.03:49:09'/>
	<end value='2015-04-14.03:50:51'/>
	<frames value='36582'/>
	<gameDuration value='2286'/>

	<player>
		<unitScore value='21550'/>
		<killScore value='29050'/>
		<buildingScore value='4675'/>
		<razingScore value='18075'/>
		<mineralScore value='33278'/>
		<gasScore value='3360'/>
		<totalScore value='109988'/>
	</player>

	<enemy>
		<race value='Protoss'/>
		<unitScore value='15450'/>
		<unitScore value='15450'/>
		<killScore value='18550'/>
		<buildingScore value='6025'/>
		<razingScore value='150'/>
		<mineralScore value='20550'/>
		<gasScore value='7808'/>
		<totalScore value='68533'/>
	</enemy>

	<scoreRatio value='1.60489'/>
</results>
