<results>
	<result value='loss'/>
	<start value='2015-07-19.09:22:16'/>
	<end value='2015-07-19.09:22:50'/>
	<frames value='29204'/>
	<gameDuration value='1825'/>

	<player>
		<unitScore value='9300'/>
		<killScore value='6730'/>
		<buildingScore value='3450'/>
		<razingScore value='900'/>
		<mineralScore value='13394'/>
		<gasScore value='1392'/>
		<totalScore value='35166'/>
	</player>

	<enemy>
		<race value='Zerg'/>
		<unitScore value='12975'/>
		<killScore value='18600'/>
		<buildingScore value='3265'/>
		<razingScore value='10350'/>
		<mineralScore value='13834'/>
		<gasScore value='4520'/>
		<totalScore value='63544'/>
	</enemy>

	<scoreRatio value='0.553412'/>
	<timeFitness value='0.253472'/>
	<unitsAverage value='41'/>
</results>
