<results>
	<result value='loss'/>
	<start value='2014-07-22.22:25:17'/>
	<end value='2014-07-22.22:25:54'/>
	<frames value='51245'/>
	<gameDuration value='3202'/>

	<player>
		<unitScore value='23325'/>
		<killScore value='52150'/>
		<buildingScore value='2375'/>
		<razingScore value='1950'/>
		<mineralScore value='23854'/>
		<gasScore value='3712'/>
		<totalScore value='107366'/>
	</player>

	<enemy>
		<race value='Protoss'/>
		<unitScore value='42650'/>
		<unitScore value='42650'/>
		<killScore value='46400'/>
		<buildingScore value='7475'/>
		<razingScore value='7125'/>
		<mineralScore value='36150'/>
		<gasScore value='12672'/>
		<totalScore value='152472'/>
	</enemy>

	<scoreRatio value='0.704169'/>
</results>
