<results>
	<result value='loss'/>
	<start value='2014-07-22.22:29:09'/>
	<end value='2014-07-22.22:29:16'/>
	<frames value='13735'/>
	<gameDuration value='858'/>

	<player>
		<unitScore value='2725'/>
		<killScore value='800'/>
		<buildingScore value='1450'/>
		<razingScore value='0'/>
		<mineralScore value='4202'/>
		<gasScore value='496'/>
		<totalScore value='9673'/>
	</player>

	<enemy>
		<race value='Protoss'/>
		<unitScore value='3500'/>
		<unitScore value='3500'/>
		<killScore value='5450'/>
		<buildingScore value='2375'/>
		<razingScore value='4350'/>
		<mineralScore value='7082'/>
		<gasScore value='1200'/>
		<totalScore value='23957'/>
	</enemy>

	<scoreRatio value='0.403765'/>
</results>
