<results>
	<result value='loss'/>
	<start value='2015-04-29.23:12:12'/>
	<end value='2015-04-29.23:12:23'/>
	<frames value='17703'/>
	<gameDuration value='1106'/>

	<player>
		<unitScore value='3900'/>
		<killScore value='1600'/>
		<buildingScore value='1475'/>
		<razingScore value='0'/>
		<mineralScore value='5426'/>
		<gasScore value='656'/>
		<totalScore value='13057'/>
	</player>

	<enemy>
		<race value='Protoss'/>
		<unitScore value='3650'/>
		<unitScore value='3650'/>
		<killScore value='7800'/>
		<buildingScore value='4075'/>
		<razingScore value='4425'/>
		<mineralScore value='9410'/>
		<gasScore value='1768'/>
		<totalScore value='31128'/>
	</enemy>

	<scoreRatio value='0.419462'/>
</results>
