<results>
	<result value='win'/>
	<start value='2015-05-06.00:46:11'/>
	<end value='2015-05-06.00:46:30'/>
	<frames value='20245'/>
	<gameDuration value='1265'/>

	<player>
		<unitScore value='10400'/>
		<killScore value='18120'/>
		<buildingScore value='3175'/>
		<razingScore value='4560'/>
		<mineralScore value='15370'/>
		<gasScore value='1152'/>
		<totalScore value='52777'/>
	</player>

	<enemy>
		<race value='Zerg'/>
		<unitScore value='8375'/>
		<unitScore value='8375'/>
		<killScore value='6350'/>
		<buildingScore value='1520'/>
		<razingScore value='0'/>
		<mineralScore value='8146'/>
		<gasScore value='2288'/>
		<totalScore value='26679'/>
	</enemy>

	<scoreRatio value='1.97822'/>
	<timeFitness value='0.824306'/>
	<unitsAverage value='69'/>
</results>
