<results>
	<result value='win'/>
	<start value='2015-05-06.01:12:12'/>
	<end value='2015-05-06.01:12:48'/>
	<frames value='28801'/>
	<gameDuration value='1800'/>

	<player>
		<unitScore value='17925'/>
		<killScore value='32960'/>
		<buildingScore value='3450'/>
		<razingScore value='8910'/>
		<mineralScore value='24650'/>
		<gasScore value='3312'/>
		<totalScore value='91207'/>
	</player>

	<enemy>
		<race value='Zerg'/>
		<unitScore value='14475'/>
		<unitScore value='14475'/>
		<killScore value='17150'/>
		<buildingScore value='2970'/>
		<razingScore value='0'/>
		<mineralScore value='14826'/>
		<gasScore value='4600'/>
		<totalScore value='54021'/>
	</enemy>

	<scoreRatio value='1.68836'/>
	<timeFitness value='0.75'/>
	<unitsAverage value='94'/>
</results>
