<results>
	<result value='win'/>
	<start value='2015-05-06.01:15:46'/>
	<end value='2015-05-06.01:16:19'/>
	<frames value='27313'/>
	<gameDuration value='1707'/>

	<player>
		<unitScore value='14900'/>
		<killScore value='20580'/>
		<buildingScore value='3350'/>
		<razingScore value='7200'/>
		<mineralScore value='22194'/>
		<gasScore value='1672'/>
		<totalScore value='69896'/>
	</player>

	<enemy>
		<race value='Zerg'/>
		<unitScore value='9950'/>
		<unitScore value='9950'/>
		<killScore value='10150'/>
		<buildingScore value='2400'/>
		<razingScore value='0'/>
		<mineralScore value='10698'/>
		<gasScore value='3768'/>
		<totalScore value='36966'/>
	</enemy>

	<scoreRatio value='1.89082'/>
	<timeFitness value='0.762917'/>
	<unitsAverage value='89'/>
</results>
