<results>
	<result value='win'/>
	<start value='2015-05-06.01:20:10'/>
	<end value='2015-05-06.01:21:19'/>
	<frames value='49633'/>
	<gameDuration value='3102'/>

	<player>
		<unitScore value='28550'/>
		<killScore value='38945'/>
		<buildingScore value='5375'/>
		<razingScore value='14235'/>
		<mineralScore value='34290'/>
		<gasScore value='4800'/>
		<totalScore value='126195'/>
	</player>

	<enemy>
		<race value='Zerg'/>
		<unitScore value='19025'/>
		<unitScore value='19025'/>
		<killScore value='33800'/>
		<buildingScore value='4745'/>
		<razingScore value='3825'/>
		<mineralScore value='22026'/>
		<gasScore value='7058'/>
		<totalScore value='90479'/>
	</enemy>

	<scoreRatio value='1.39474'/>
	<timeFitness value='0.569167'/>
	<unitsAverage value='103'/>
</results>
