<results>
	<result value='loss'/>
	<start value='2015-07-14.03:17:08'/>
	<end value='2015-07-14.03:17:16'/>
	<frames value='14324'/>
	<gameDuration value='895'/>

	<player>
		<unitScore value='2775'/>
		<killScore value='400'/>
		<buildingScore value='1775'/>
		<razingScore value='0'/>
		<mineralScore value='4122'/>
		<gasScore value='760'/>
		<totalScore value='9832'/>
	</player>

	<enemy>
		<race value='Protoss'/>
		<unitScore value='3800'/>
		<killScore value='5550'/>
		<buildingScore value='2625'/>
		<razingScore value='5325'/>
		<mineralScore value='7130'/>
		<gasScore value='1472'/>
		<totalScore value='25902'/>
	</enemy>

	<scoreRatio value='0.379585'/>
	<timeFitness value='0.124306'/>
	<unitsAverage value='19'/>
</results>
