<results>
	<result value='loss'/>
	<start value='2015-04-07.22:18:11'/>
	<end value='2015-04-07.22:18:25'/>
	<frames value='28274'/>
	<gameDuration value='1767'/>

	<player>
		<unitScore value='4775'/>
		<killScore value='2400'/>
		<buildingScore value='2200'/>
		<razingScore value='0'/>
		<mineralScore value='8234'/>
		<gasScore value='856'/>
		<totalScore value='18465'/>
	</player>

	<enemy>
		<race value='Protoss'/>
		<unitScore value='12600'/>
		<unitScore value='12600'/>
		<killScore value='9550'/>
		<buildingScore value='6875'/>
		<razingScore value='6600'/>
		<mineralScore value='17366'/>
		<gasScore value='6760'/>
		<totalScore value='59751'/>
	</enemy>

	<scoreRatio value='0.309032'/>
</results>
