<results>
	<result value='loss'/>
	<start value='2015-04-07.15:33:58'/>
	<end value='2015-04-07.15:34:05'/>
	<frames value='14541'/>
	<gameDuration value='908'/>

	<player>
		<unitScore value='3200'/>
		<killScore value='600'/>
		<buildingScore value='1400'/>
		<razingScore value='0'/>
		<mineralScore value='4690'/>
		<gasScore value='600'/>
		<totalScore value='10490'/>
	</player>

	<enemy>
		<race value='Protoss'/>
		<unitScore value='3550'/>
		<unitScore value='3550'/>
		<killScore value='6150'/>
		<buildingScore value='2375'/>
		<razingScore value='4200'/>
		<mineralScore value='7330'/>
		<gasScore value='1208'/>
		<totalScore value='24813'/>
	</enemy>

	<scoreRatio value='0.422762'/>
</results>
