<results>
	<result value='win'/>
	<start value='2015-05-03.07:39:28'/>
	<end value='2015-05-03.07:40:14'/>
	<frames value='31591'/>
	<gameDuration value='1974'/>

	<player>
		<unitScore value='23000'/>
		<killScore value='35040'/>
		<buildingScore value='4375'/>
		<razingScore value='8910'/>
		<mineralScore value='28886'/>
		<gasScore value='2528'/>
		<totalScore value='102739'/>
	</player>

	<enemy>
		<race value='Zerg'/>
		<unitScore value='16325'/>
		<unitScore value='16325'/>
		<killScore value='22400'/>
		<buildingScore value='2970'/>
		<razingScore value='0'/>
		<mineralScore value='16506'/>
		<gasScore value='5208'/>
		<totalScore value='63409'/>
	</enemy>

	<scoreRatio value='1.62026'/>
	<timeFitness value='0.725833'/>
	<unitsAverage value='115'/>
</results>
