<results>
	<result value='win'/>
	<start value='2015-05-10.22:26:13'/>
	<end value='2015-05-10.22:26:17'/>
	<frames value='10790'/>
	<gameDuration value='674'/>

	<player>
		<unitScore value='1600'/>
		<killScore value='1700'/>
		<buildingScore value='675'/>
		<razingScore value='1125'/>
		<mineralScore value='2162'/>
		<gasScore value='624'/>
		<totalScore value='7886'/>
	</player>

	<enemy>
		<race value='Zerg'/>
		<unitScore value='1100'/>
		<unitScore value='1100'/>
		<killScore value='1500'/>
		<buildingScore value='375'/>
		<razingScore value='0'/>
		<mineralScore value='1626'/>
		<gasScore value='0'/>
		<totalScore value='4601'/>
	</enemy>

	<scoreRatio value='1.71398'/>
	<timeFitness value='0.906389'/>
	<unitsAverage value='14'/>
</results>
