<results>
	<result value='win'/>
	<start value='2015-05-09.04:41:28'/>
	<end value='2015-05-09.04:42:37'/>
	<frames value='38473'/>
	<gameDuration value='2404'/>

	<player>
		<unitScore value='15125'/>
		<killScore value='25450'/>
		<buildingScore value='4750'/>
		<razingScore value='13125'/>
		<mineralScore value='23402'/>
		<gasScore value='4056'/>
		<totalScore value='85908'/>
	</player>

	<enemy>
		<race value='Terran'/>
		<unitScore value='14150'/>
		<unitScore value='14150'/>
		<killScore value='11250'/>
		<buildingScore value='4375'/>
		<razingScore value='2625'/>
		<mineralScore value='13082'/>
		<gasScore value='5896'/>
		<totalScore value='51378'/>
	</enemy>

	<scoreRatio value='1.67208'/>
	<timeFitness value='0.666111'/>
	<unitsAverage value='84'/>
</results>
