<results>
	<result value='win'/>
	<start value='2014-07-23.02:58:10'/>
	<end value='2014-07-23.02:58:52'/>
	<frames value='36675'/>
	<gameDuration value='2292'/>

	<player>
		<unitScore value='21950'/>
		<killScore value='51380'/>
		<buildingScore value='3650'/>
		<razingScore value='11160'/>
		<mineralScore value='31986'/>
		<gasScore value='4072'/>
		<totalScore value='124198'/>
	</player>

	<enemy>
		<race value='Zerg'/>
		<unitScore value='24200'/>
		<unitScore value='24200'/>
		<killScore value='21650'/>
		<buildingScore value='3720'/>
		<razingScore value='150'/>
		<mineralScore value='20370'/>
		<gasScore value='7014'/>
		<totalScore value='77104'/>
	</enemy>

	<scoreRatio value='1.61079'/>
</results>
