<results>
	<result value='loss'/>
	<start value='2015-04-30.05:30:56'/>
	<end value='2015-04-30.05:31:08'/>
	<frames value='18943'/>
	<gameDuration value='1183'/>

	<player>
		<unitScore value='4475'/>
		<killScore value='2250'/>
		<buildingScore value='1925'/>
		<razingScore value='0'/>
		<mineralScore value='6402'/>
		<gasScore value='744'/>
		<totalScore value='15796'/>
	</player>

	<enemy>
		<race value='Terran'/>
		<unitScore value='7250'/>
		<unitScore value='7250'/>
		<killScore value='8950'/>
		<buildingScore value='2900'/>
		<razingScore value='5775'/>
		<mineralScore value='8778'/>
		<gasScore value='3216'/>
		<totalScore value='36869'/>
	</enemy>

	<scoreRatio value='0.428436'/>
	<timeFitness value='0.164306'/>
	<unitsAverage value='28'/>
</results>
