<results>
	<result value='loss'/>
	<start value='2015-04-30.05:40:41'/>
	<end value='2015-04-30.05:40:52'/>
	<frames value='18354'/>
	<gameDuration value='1147'/>

	<player>
		<unitScore value='4000'/>
		<killScore value='900'/>
		<buildingScore value='2000'/>
		<razingScore value='0'/>
		<mineralScore value='6042'/>
		<gasScore value='640'/>
		<totalScore value='13582'/>
	</player>

	<enemy>
		<race value='Terran'/>
		<unitScore value='6800'/>
		<unitScore value='6800'/>
		<killScore value='8000'/>
		<buildingScore value='2900'/>
		<razingScore value='5775'/>
		<mineralScore value='8418'/>
		<gasScore value='2896'/>
		<totalScore value='34789'/>
	</enemy>

	<scoreRatio value='0.390411'/>
	<timeFitness value='0.159306'/>
	<unitsAverage value='25'/>
</results>
