<results>
	<result value='loss'/>
	<start value='2014-07-04.17:00:19'/>
	<end value='2014-07-04.17:00:40'/>
	<frames value='45665'/>
	<gameDuration value='2854'/>

	<player>
		<unitScore value='10500'/>
		<killScore value='25550'/>
		<buildingScore value='2300'/>
		<razingScore value='0'/>
		<mineralScore value='12730'/>
		<gasScore value='3048'/>
		<totalScore value='54128'/>
	</player>

	<enemy>
		<race value='Terran'/>
		<unitScore value='31125'/>
		<unitScore value='31125'/>
		<killScore value='21000'/>
		<buildingScore value='4875'/>
		<razingScore value='6900'/>
		<mineralScore value='23498'/>
		<gasScore value='14832'/>
		<totalScore value='102230'/>
	</enemy>

	<scoreRatio value='0.529473'/>
</results>
