<results>
	<result value='win'/>
	<start value='2014-07-04.17:02:04'/>
	<end value='2014-07-04.17:02:15'/>
	<frames value='20183'/>
	<gameDuration value='1261'/>

	<player>
		<unitScore value='8425'/>
		<killScore value='12300'/>
		<buildingScore value='2975'/>
		<razingScore value='6450'/>
		<mineralScore value='13766'/>
		<gasScore value='1568'/>
		<totalScore value='45484'/>
	</player>

	<enemy>
		<race value='Terran'/>
		<unitScore value='6150'/>
		<unitScore value='6150'/>
		<killScore value='4850'/>
		<buildingScore value='2150'/>
		<razingScore value='1350'/>
		<mineralScore value='8154'/>
		<gasScore value='2456'/>
		<totalScore value='25110'/>
	</enemy>

	<scoreRatio value='1.81139'/>
</results>
