<results>
	<result value='win'/>
	<start value='2014-07-04.17:09:04'/>
	<end value='2014-07-04.17:09:23'/>
	<frames value='28553'/>
	<gameDuration value='1784'/>

	<player>
		<unitScore value='12925'/>
		<killScore value='21700'/>
		<buildingScore value='4350'/>
		<razingScore value='7650'/>
		<mineralScore value='18586'/>
		<gasScore value='2832'/>
		<totalScore value='68043'/>
	</player>

	<enemy>
		<race value='Terran'/>
		<unitScore value='11950'/>
		<unitScore value='11950'/>
		<killScore value='10350'/>
		<buildingScore value='2650'/>
		<razingScore value='3225'/>
		<mineralScore value='11930'/>
		<gasScore value='4296'/>
		<totalScore value='44401'/>
	</enemy>

	<scoreRatio value='1.53247'/>
</results>
