<results>
	<result value='win'/>
	<start value='2015-05-11.00:48:20'/>
	<end value='2015-05-11.00:48:48'/>
	<frames value='34164'/>
	<gameDuration value='2135'/>

	<player>
		<unitScore value='19150'/>
		<killScore value='24235'/>
		<buildingScore value='3575'/>
		<razingScore value='9390'/>
		<mineralScore value='21746'/>
		<gasScore value='3112'/>
		<totalScore value='81208'/>
	</player>

	<enemy>
		<race value='Zerg'/>
		<unitScore value='13100'/>
		<unitScore value='13100'/>
		<killScore value='21100'/>
		<buildingScore value='3130'/>
		<razingScore value='2250'/>
		<mineralScore value='15698'/>
		<gasScore value='4416'/>
		<totalScore value='59694'/>
	</enemy>

	<scoreRatio value='1.3604'/>
	<timeFitness value='0.703472'/>
	<unitsAverage value='82'/>
</results>
