<results>
	<result value='loss'/>
	<start value='2015-04-16.21:02:05'/>
	<end value='2015-04-16.21:02:53'/>
	<frames value='44983'/>
	<gameDuration value='2811'/>

	<player>
		<unitScore value='10800'/>
		<killScore value='15050'/>
		<buildingScore value='1975'/>
		<razingScore value='1200'/>
		<mineralScore value='12546'/>
		<gasScore value='3880'/>
		<totalScore value='45451'/>
	</player>

	<enemy>
		<race value='Protoss'/>
		<unitScore value='25925'/>
		<unitScore value='25925'/>
		<killScore value='21600'/>
		<buildingScore value='8275'/>
		<razingScore value='5925'/>
		<mineralScore value='30874'/>
		<gasScore value='10242'/>
		<totalScore value='102841'/>
	</enemy>

	<scoreRatio value='0.441954'/>
</results>
