<results>
	<result value='draw'/>
	<start value='2015-04-12.08:02:47'/>
	<end value='2015-04-12.08:06:01'/>
	<frames value='57601'/>
	<gameDuration value='3600'/>

	<player>
		<unitScore value='28100'/>
		<killScore value='42900'/>
		<buildingScore value='4125'/>
		<razingScore value='14175'/>
		<mineralScore value='36894'/>
		<gasScore value='9060'/>
		<totalScore value='135254'/>
	</player>

	<enemy>
		<race value='Protoss'/>
		<unitScore value='26225'/>
		<unitScore value='26225'/>
		<killScore value='31950'/>
		<buildingScore value='6175'/>
		<razingScore value='1350'/>
		<mineralScore value='25750'/>
		<gasScore value='9480'/>
		<totalScore value='100930'/>
	</enemy>

	<scoreRatio value='1.34008'/>
</results>
