<results>
	<result value='win'/>
	<start value='2015-05-04.11:24:34'/>
	<end value='2015-05-04.11:25:06'/>
	<frames value='28522'/>
	<gameDuration value='1782'/>

	<player>
		<unitScore value='14875'/>
		<killScore value='21900'/>
		<buildingScore value='4450'/>
		<razingScore value='8775'/>
		<mineralScore value='24714'/>
		<gasScore value='3232'/>
		<totalScore value='77946'/>
	</player>

	<enemy>
		<race value='Terran'/>
		<unitScore value='11200'/>
		<unitScore value='11200'/>
		<killScore value='7050'/>
		<buildingScore value='3000'/>
		<razingScore value='1350'/>
		<mineralScore value='13490'/>
		<gasScore value='4456'/>
		<totalScore value='40546'/>
	</enemy>

	<scoreRatio value='1.92241'/>
	<timeFitness value='0.7525'/>
	<unitsAverage value='97'/>
</results>
