<results>
	<result value='loss'/>
	<start value='2015-05-10.00:53:33'/>
	<end value='2015-05-10.00:54:17'/>
	<frames value='44642'/>
	<gameDuration value='2790'/>

	<player>
		<unitScore value='9500'/>
		<killScore value='7550'/>
		<buildingScore value='2725'/>
		<razingScore value='0'/>
		<mineralScore value='13050'/>
		<gasScore value='1472'/>
		<totalScore value='34297'/>
	</player>

	<enemy>
		<race value='Terran'/>
		<unitScore value='15675'/>
		<unitScore value='15675'/>
		<killScore value='18900'/>
		<buildingScore value='3875'/>
		<razingScore value='8175'/>
		<mineralScore value='19550'/>
		<gasScore value='10912'/>
		<totalScore value='77087'/>
	</enemy>

	<scoreRatio value='0.444913'/>
	<timeFitness value='0.3875'/>
	<unitsAverage value='27'/>
</results>
