<results>
	<result value='win'/>
	<start value='2015-05-04.11:31:52'/>
	<end value='2015-05-04.11:32:24'/>
	<frames value='30661'/>
	<gameDuration value='1916'/>

	<player>
		<unitScore value='18775'/>
		<killScore value='25000'/>
		<buildingScore value='3125'/>
		<razingScore value='10050'/>
		<mineralScore value='21658'/>
		<gasScore value='3024'/>
		<totalScore value='81632'/>
	</player>

	<enemy>
		<race value='Terran'/>
		<unitScore value='12500'/>
		<unitScore value='12500'/>
		<killScore value='17050'/>
		<buildingScore value='3350'/>
		<razingScore value='150'/>
		<mineralScore value='11874'/>
		<gasScore value='4840'/>
		<totalScore value='49764'/>
	</enemy>

	<scoreRatio value='1.64038'/>
	<timeFitness value='0.733889'/>
	<unitsAverage value='93'/>
</results>
