<results>
	<result value='win'/>
	<start value='2015-04-10.17:51:34'/>
	<end value='2015-04-10.17:52:53'/>
	<frames value='42534'/>
	<gameDuration value='2658'/>

	<player>
		<unitScore value='27200'/>
		<killScore value='35250'/>
		<buildingScore value='3125'/>
		<razingScore value='24000'/>
		<mineralScore value='28286'/>
		<gasScore value='4368'/>
		<totalScore value='122229'/>
	</player>

	<enemy>
		<race value='Protoss'/>
		<unitScore value='18075'/>
		<unitScore value='18075'/>
		<killScore value='36400'/>
		<buildingScore value='8000'/>
		<razingScore value='150'/>
		<mineralScore value='24302'/>
		<gasScore value='6258'/>
		<totalScore value='93185'/>
	</enemy>

	<scoreRatio value='1.31168'/>
</results>
