<results>
	<result value='win'/>
	<start value='2015-05-10.22:00:17'/>
	<end value='2015-05-10.22:00:45'/>
	<frames value='25980'/>
	<gameDuration value='1623'/>

	<player>
		<unitScore value='14500'/>
		<killScore value='27530'/>
		<buildingScore value='4450'/>
		<razingScore value='4635'/>
		<mineralScore value='25306'/>
		<gasScore value='2744'/>
		<totalScore value='79165'/>
	</player>

	<enemy>
		<race value='Zerg'/>
		<unitScore value='11850'/>
		<unitScore value='11850'/>
		<killScore value='10750'/>
		<buildingScore value='1545'/>
		<razingScore value='0'/>
		<mineralScore value='11034'/>
		<gasScore value='3448'/>
		<totalScore value='38627'/>
	</enemy>

	<scoreRatio value='2.04947'/>
	<timeFitness value='0.774583'/>
	<unitsAverage value='95'/>
</results>
