<results>
	<result value='win'/>
	<start value='2015-05-10.22:02:18'/>
	<end value='2015-05-10.22:02:48'/>
	<frames value='26228'/>
	<gameDuration value='1639'/>

	<player>
		<unitScore value='18625'/>
		<killScore value='27270'/>
		<buildingScore value='4550'/>
		<razingScore value='4635'/>
		<mineralScore value='29866'/>
		<gasScore value='2864'/>
		<totalScore value='87810'/>
	</player>

	<enemy>
		<race value='Zerg'/>
		<unitScore value='12425'/>
		<unitScore value='12425'/>
		<killScore value='15500'/>
		<buildingScore value='1545'/>
		<razingScore value='0'/>
		<mineralScore value='11286'/>
		<gasScore value='3032'/>
		<totalScore value='43788'/>
	</enemy>

	<scoreRatio value='2.00534'/>
	<timeFitness value='0.772361'/>
	<unitsAverage value='105'/>
</results>
