<results>
	<result value='loss'/>
	<start value='2015-07-21.02:29:18'/>
	<end value='2015-07-21.02:29:49'/>
	<frames value='26135'/>
	<gameDuration value='1633'/>

	<player>
		<unitScore value='14250'/>
		<killScore value='7000'/>
		<buildingScore value='2450'/>
		<razingScore value='0'/>
		<mineralScore value='21946'/>
		<gasScore value='2072'/>
		<totalScore value='47718'/>
	</player>

	<enemy>
		<race value='Zerg'/>
		<unitScore value='15150'/>
		<killScore value='26450'/>
		<buildingScore value='3060'/>
		<razingScore value='7350'/>
		<mineralScore value='14954'/>
		<gasScore value='4992'/>
		<totalScore value='71956'/>
	</enemy>

	<scoreRatio value='0.663155'/>
	<timeFitness value='0.226806'/>
	<unitsAverage value='65'/>
</results>
