<results>
	<result value='loss'/>
	<start value='2015-07-21.02:30:30'/>
	<end value='2015-07-21.02:30:39'/>
	<frames value='18044'/>
	<gameDuration value='1127'/>

	<player>
		<unitScore value='950'/>
		<killScore value='300'/>
		<buildingScore value='625'/>
		<razingScore value='0'/>
		<mineralScore value='1234'/>
		<gasScore value='24'/>
		<totalScore value='3133'/>
	</player>

	<enemy>
		<race value='Zerg'/>
		<unitScore value='7275'/>
		<killScore value='1900'/>
		<buildingScore value='1220'/>
		<razingScore value='1875'/>
		<mineralScore value='7050'/>
		<gasScore value='1880'/>
		<totalScore value='21200'/>
	</enemy>

	<scoreRatio value='0.147783'/>
	<timeFitness value='0.156528'/>
	<unitsAverage value='6'/>
</results>
