<results>
	<result value='win'/>
	<start value='2015-04-12.14:49:01'/>
	<end value='2015-04-12.14:49:21'/>
	<frames value='27437'/>
	<gameDuration value='1714'/>

	<player>
		<unitScore value='14350'/>
		<killScore value='16200'/>
		<buildingScore value='2900'/>
		<razingScore value='12675'/>
		<mineralScore value='18690'/>
		<gasScore value='1960'/>
		<totalScore value='66775'/>
	</player>

	<enemy>
		<race value='Protoss'/>
		<unitScore value='8800'/>
		<unitScore value='8800'/>
		<killScore value='13050'/>
		<buildingScore value='4225'/>
		<razingScore value='0'/>
		<mineralScore value='11138'/>
		<gasScore value='2848'/>
		<totalScore value='40061'/>
	</enemy>

	<scoreRatio value='1.66683'/>
</results>
