<results>
	<result value='draw'/>
	<start value='2015-05-03.22:57:44'/>
	<end value='2015-05-03.23:00:19'/>
	<frames value='57601'/>
	<gameDuration value='3600'/>

	<player>
		<unitScore value='25400'/>
		<killScore value='33010'/>
		<buildingScore value='4000'/>
		<razingScore value='2355'/>
		<mineralScore value='49514'/>
		<gasScore value='0'/>
		<totalScore value='114279'/>
	</player>

	<enemy>
		<race value='Zerg'/>
		<unitScore value='14650'/>
		<unitScore value='14650'/>
		<killScore value='30800'/>
		<buildingScore value='2005'/>
		<razingScore value='0'/>
		<mineralScore value='13490'/>
		<gasScore value='5362'/>
		<totalScore value='66307'/>
	</enemy>

	<scoreRatio value='1.72348'/>
	<timeFitness value='0.5'/>
	<unitsAverage value='146'/>
</results>
