<results>
	<result value='win'/>
	<start value='2015-05-03.23:01:29'/>
	<end value='2015-05-03.23:02:05'/>
	<frames value='30723'/>
	<gameDuration value='1920'/>

	<player>
		<unitScore value='24950'/>
		<killScore value='34110'/>
		<buildingScore value='3200'/>
		<razingScore value='4560'/>
		<mineralScore value='30286'/>
		<gasScore value='0'/>
		<totalScore value='97106'/>
	</player>

	<enemy>
		<race value='Zerg'/>
		<unitScore value='14675'/>
		<unitScore value='14675'/>
		<killScore value='35500'/>
		<buildingScore value='1520'/>
		<razingScore value='0'/>
		<mineralScore value='11614'/>
		<gasScore value='3424'/>
		<totalScore value='66733'/>
	</enemy>

	<scoreRatio value='1.45514'/>
	<timeFitness value='0.733333'/>
	<unitsAverage value='92'/>
</results>
