<results>
	<result value='win'/>
	<start value='2015-05-03.23:06:36'/>
	<end value='2015-05-03.23:07:07'/>
	<frames value='30165'/>
	<gameDuration value='1885'/>

	<player>
		<unitScore value='20950'/>
		<killScore value='27235'/>
		<buildingScore value='3200'/>
		<razingScore value='4680'/>
		<mineralScore value='26450'/>
		<gasScore value='0'/>
		<totalScore value='82515'/>
	</player>

	<enemy>
		<race value='Zerg'/>
		<unitScore value='12650'/>
		<unitScore value='12650'/>
		<killScore value='27600'/>
		<buildingScore value='1560'/>
		<razingScore value='0'/>
		<mineralScore value='10866'/>
		<gasScore value='3072'/>
		<totalScore value='55748'/>
	</enemy>

	<scoreRatio value='1.48014'/>
	<timeFitness value='0.738194'/>
	<unitsAverage value='79'/>
</results>
