<results>
	<result value='win'/>
	<start value='2015-05-11.00:35:20'/>
	<end value='2015-05-11.00:36:29'/>
	<frames value='34071'/>
	<gameDuration value='2129'/>

	<player>
		<unitScore value='23700'/>
		<killScore value='46460'/>
		<buildingScore value='3725'/>
		<razingScore value='6495'/>
		<mineralScore value='31326'/>
		<gasScore value='3368'/>
		<totalScore value='115074'/>
	</player>

	<enemy>
		<race value='Zerg'/>
		<unitScore value='20150'/>
		<unitScore value='20150'/>
		<killScore value='26450'/>
		<buildingScore value='2165'/>
		<razingScore value='0'/>
		<mineralScore value='17218'/>
		<gasScore value='5536'/>
		<totalScore value='71519'/>
	</enemy>

	<scoreRatio value='1.609'/>
	<timeFitness value='0.704306'/>
	<unitsAverage value='106'/>
</results>
