<results>
	<result value='win'/>
	<start value='2015-05-03.13:15:02'/>
	<end value='2015-05-03.13:15:33'/>
	<frames value='32459'/>
	<gameDuration value='2028'/>

	<player>
		<unitScore value='19375'/>
		<killScore value='22650'/>
		<buildingScore value='3400'/>
		<razingScore value='18075'/>
		<mineralScore value='28066'/>
		<gasScore value='3608'/>
		<totalScore value='95174'/>
	</player>

	<enemy>
		<race value='Protoss'/>
		<unitScore value='11725'/>
		<unitScore value='11725'/>
		<killScore value='17050'/>
		<buildingScore value='6025'/>
		<razingScore value='0'/>
		<mineralScore value='19362'/>
		<gasScore value='2752'/>
		<totalScore value='56914'/>
	</enemy>

	<scoreRatio value='1.67224'/>
	<timeFitness value='0.718333'/>
	<unitsAverage value='106'/>
</results>
