<results>
	<result value='loss'/>
	<start value='2015-05-03.13:20:19'/>
	<end value='2015-05-03.13:20:24'/>
	<frames value='14541'/>
	<gameDuration value='908'/>

	<player>
		<unitScore value='2675'/>
		<killScore value='800'/>
		<buildingScore value='1400'/>
		<razingScore value='0'/>
		<mineralScore value='4090'/>
		<gasScore value='456'/>
		<totalScore value='9421'/>
	</player>

	<enemy>
		<race value='Protoss'/>
		<unitScore value='3550'/>
		<unitScore value='3550'/>
		<killScore value='4850'/>
		<buildingScore value='2225'/>
		<razingScore value='4200'/>
		<mineralScore value='7346'/>
		<gasScore value='1176'/>
		<totalScore value='23347'/>
	</enemy>

	<scoreRatio value='0.403521'/>
	<timeFitness value='0.126111'/>
	<unitsAverage value='22'/>
</results>
