<results>
	<result value='loss'/>
	<start value='2015-05-03.13:21:54'/>
	<end value='2015-05-03.13:22:01'/>
	<frames value='16153'/>
	<gameDuration value='1009'/>

	<player>
		<unitScore value='3450'/>
		<killScore value='1800'/>
		<buildingScore value='1100'/>
		<razingScore value='0'/>
		<mineralScore value='4562'/>
		<gasScore value='720'/>
		<totalScore value='11632'/>
	</player>

	<enemy>
		<race value='Protoss'/>
		<unitScore value='3550'/>
		<unitScore value='3550'/>
		<killScore value='6900'/>
		<buildingScore value='3775'/>
		<razingScore value='3300'/>
		<mineralScore value='8242'/>
		<gasScore value='1608'/>
		<totalScore value='27375'/>
	</enemy>

	<scoreRatio value='0.424913'/>
	<timeFitness value='0.140139'/>
	<unitsAverage value='22'/>
</results>
