<results>
	<result value='loss'/>
	<start value='2015-05-09.18:42:30'/>
	<end value='2015-05-09.18:43:03'/>
	<frames value='47897'/>
	<gameDuration value='2993'/>

	<player>
		<unitScore value='23100'/>
		<killScore value='37050'/>
		<buildingScore value='2125'/>
		<razingScore value='3150'/>
		<mineralScore value='24026'/>
		<gasScore value='4104'/>
		<totalScore value='93555'/>
	</player>

	<enemy>
		<race value='Protoss'/>
		<unitScore value='38125'/>
		<unitScore value='38125'/>
		<killScore value='46100'/>
		<buildingScore value='8475'/>
		<razingScore value='6375'/>
		<mineralScore value='34574'/>
		<gasScore value='11436'/>
		<totalScore value='145085'/>
	</enemy>

	<scoreRatio value='0.644829'/>
	<timeFitness value='0.415694'/>
	<unitsAverage value='72'/>
</results>
