<results>
	<result value='loss'/>
	<start value='2015-03-31.12:49:40'/>
	<end value='2015-03-31.12:49:57'/>
	<frames value='31250'/>
	<gameDuration value='1953'/>

	<player>
		<unitScore value='8775'/>
		<killScore value='5800'/>
		<buildingScore value='1750'/>
		<razingScore value='0'/>
		<mineralScore value='9218'/>
		<gasScore value='1856'/>
		<totalScore value='27399'/>
	</player>

	<enemy>
		<race value='Protoss'/>
		<unitScore value='16600'/>
		<unitScore value='16600'/>
		<killScore value='17550'/>
		<buildingScore value='6875'/>
		<razingScore value='5250'/>
		<mineralScore value='19702'/>
		<gasScore value='7880'/>
		<totalScore value='73857'/>
	</enemy>

	<scoreRatio value='0.370974'/>
</results>
