<results>
	<result value='loss'/>
	<start value='2015-03-31.12:51:40'/>
	<end value='2015-03-31.12:52:40'/>
	<frames value='51834'/>
	<gameDuration value='3239'/>

	<player>
		<unitScore value='25400'/>
		<killScore value='48750'/>
		<buildingScore value='2525'/>
		<razingScore value='4725'/>
		<mineralScore value='24230'/>
		<gasScore value='3808'/>
		<totalScore value='109438'/>
	</player>

	<enemy>
		<race value='Protoss'/>
		<unitScore value='38250'/>
		<unitScore value='38250'/>
		<killScore value='50800'/>
		<buildingScore value='9050'/>
		<razingScore value='7575'/>
		<mineralScore value='36438'/>
		<gasScore value='10844'/>
		<totalScore value='152957'/>
	</enemy>

	<scoreRatio value='0.715482'/>
</results>
