<results>
	<result value='win'/>
	<start value='2015-03-31.12:57:46'/>
	<end value='2015-03-31.12:58:12'/>
	<frames value='27158'/>
	<gameDuration value='1697'/>

	<player>
		<unitScore value='14100'/>
		<killScore value='11900'/>
		<buildingScore value='3800'/>
		<razingScore value='12300'/>
		<mineralScore value='18942'/>
		<gasScore value='1920'/>
		<totalScore value='62962'/>
	</player>

	<enemy>
		<race value='Protoss'/>
		<unitScore value='6000'/>
		<unitScore value='6000'/>
		<killScore value='8000'/>
		<buildingScore value='4100'/>
		<razingScore value='375'/>
		<mineralScore value='11402'/>
		<gasScore value='1208'/>
		<totalScore value='31085'/>
	</enemy>

	<scoreRatio value='2.02548'/>
</results>
