<results>
	<result value='loss'/>
	<start value='2015-05-09.07:38:24'/>
	<end value='2015-05-09.07:38:35'/>
	<frames value='16680'/>
	<gameDuration value='1042'/>

	<player>
		<unitScore value='3850'/>
		<killScore value='400'/>
		<buildingScore value='1900'/>
		<razingScore value='0'/>
		<mineralScore value='5914'/>
		<gasScore value='0'/>
		<totalScore value='12064'/>
	</player>

	<enemy>
		<race value='Terran'/>
		<unitScore value='5350'/>
		<unitScore value='5350'/>
		<killScore value='7700'/>
		<buildingScore value='2225'/>
		<razingScore value='5700'/>
		<mineralScore value='7682'/>
		<gasScore value='2440'/>
		<totalScore value='31097'/>
	</enemy>

	<scoreRatio value='0.387947'/>
	<timeFitness value='0.144722'/>
	<unitsAverage value='24'/>
</results>
