<results>
	<result value='win'/>
	<start value='2015-05-04.03:43:04'/>
	<end value='2015-05-04.03:44:22'/>
	<frames value='51586'/>
	<gameDuration value='3224'/>

	<player>
		<unitScore value='32475'/>
		<killScore value='55700'/>
		<buildingScore value='4025'/>
		<razingScore value='18825'/>
		<mineralScore value='33718'/>
		<gasScore value='5248'/>
		<totalScore value='149991'/>
	</player>

	<enemy>
		<race value='Protoss'/>
		<unitScore value='29425'/>
		<unitScore value='29425'/>
		<killScore value='40450'/>
		<buildingScore value='6275'/>
		<razingScore value='600'/>
		<mineralScore value='25790'/>
		<gasScore value='9992'/>
		<totalScore value='112532'/>
	</enemy>

	<scoreRatio value='1.33287'/>
	<timeFitness value='0.552222'/>
	<unitsAverage value='113'/>
</results>
