<results>
	<result value='win'/>
	<start value='2015-05-11.08:26:35'/>
	<end value='2015-05-11.08:27:07'/>
	<frames value='24275'/>
	<gameDuration value='1517'/>

	<player>
		<unitScore value='13850'/>
		<killScore value='20815'/>
		<buildingScore value='4025'/>
		<razingScore value='7485'/>
		<mineralScore value='19802'/>
		<gasScore value='2080'/>
		<totalScore value='68057'/>
	</player>

	<enemy>
		<race value='Zerg'/>
		<unitScore value='10000'/>
		<unitScore value='10000'/>
		<killScore value='8350'/>
		<buildingScore value='2495'/>
		<razingScore value='150'/>
		<mineralScore value='10418'/>
		<gasScore value='3216'/>
		<totalScore value='34629'/>
	</enemy>

	<scoreRatio value='1.96532'/>
	<timeFitness value='0.789306'/>
	<unitsAverage value='87'/>
</results>
