<results>
	<result value='win'/>
	<start value='2015-05-11.08:47:18'/>
	<end value='2015-05-11.08:48:24'/>
	<frames value='33017'/>
	<gameDuration value='2063'/>

	<player>
		<unitScore value='14425'/>
		<killScore value='23910'/>
		<buildingScore value='5750'/>
		<razingScore value='4920'/>
		<mineralScore value='36910'/>
		<gasScore value='2920'/>
		<totalScore value='88835'/>
	</player>

	<enemy>
		<race value='Zerg'/>
		<unitScore value='10450'/>
		<unitScore value='10450'/>
		<killScore value='6300'/>
		<buildingScore value='1640'/>
		<razingScore value='0'/>
		<mineralScore value='10106'/>
		<gasScore value='2600'/>
		<totalScore value='31096'/>
	</enemy>

	<scoreRatio value='2.8568'/>
	<timeFitness value='0.713472'/>
	<unitsAverage value='130'/>
</results>
