<results>
	<result value='loss'/>
	<start value='2014-07-05.23:30:14'/>
	<end value='2014-07-05.23:30:52'/>
	<frames value='45293'/>
	<gameDuration value='2830'/>

	<player>
		<unitScore value='13325'/>
		<killScore value='14000'/>
		<buildingScore value='2400'/>
		<razingScore value='3300'/>
		<mineralScore value='23730'/>
		<gasScore value='4032'/>
		<totalScore value='60787'/>
	</player>

	<enemy>
		<race value='Protoss'/>
		<unitScore value='18400'/>
		<unitScore value='18400'/>
		<killScore value='26650'/>
		<buildingScore value='8325'/>
		<razingScore value='7200'/>
		<mineralScore value='34262'/>
		<gasScore value='8144'/>
		<totalScore value='102981'/>
	</enemy>

	<scoreRatio value='0.590274'/>
</results>
