<results>
	<result value='draw'/>
	<start value='2014-07-05.23:31:18'/>
	<end value='2014-07-05.23:32:24'/>
	<frames value='57601'/>
	<gameDuration value='3600'/>

	<player>
		<unitScore value='31900'/>
		<killScore value='55300'/>
		<buildingScore value='3625'/>
		<razingScore value='1800'/>
		<mineralScore value='31494'/>
		<gasScore value='5656'/>
		<totalScore value='129775'/>
	</player>

	<enemy>
		<race value='Protoss'/>
		<unitScore value='37550'/>
		<unitScore value='37550'/>
		<killScore value='49700'/>
		<buildingScore value='7475'/>
		<razingScore value='3450'/>
		<mineralScore value='31526'/>
		<gasScore value='12502'/>
		<totalScore value='142203'/>
	</enemy>

	<scoreRatio value='0.912604'/>
</results>
