<results>
	<result value='loss'/>
	<start value='2014-07-05.23:38:14'/>
	<end value='2014-07-05.23:38:19'/>
	<frames value='12929'/>
	<gameDuration value='808'/>

	<player>
		<unitScore value='1075'/>
		<killScore value='200'/>
		<buildingScore value='1400'/>
		<razingScore value='0'/>
		<mineralScore value='2482'/>
		<gasScore value='400'/>
		<totalScore value='5557'/>
	</player>

	<enemy>
		<race value='Protoss'/>
		<unitScore value='3550'/>
		<unitScore value='3550'/>
		<killScore value='2150'/>
		<buildingScore value='2275'/>
		<razingScore value='4200'/>
		<mineralScore value='6514'/>
		<gasScore value='1168'/>
		<totalScore value='19857'/>
	</enemy>

	<scoreRatio value='0.279851'/>
</results>
