<results>
	<result value='loss'/>
	<start value='2015-07-19.07:46:24'/>
	<end value='2015-07-19.07:47:56'/>
	<frames value='42255'/>
	<gameDuration value='2640'/>

	<player>
		<unitScore value='30600'/>
		<killScore value='26050'/>
		<buildingScore value='3525'/>
		<razingScore value='300'/>
		<mineralScore value='30514'/>
		<gasScore value='4376'/>
		<totalScore value='95365'/>
	</player>

	<enemy>
		<race value='Protoss'/>
		<unitScore value='29150'/>
		<killScore value='50750'/>
		<buildingScore value='7300'/>
		<razingScore value='10575'/>
		<mineralScore value='28710'/>
		<gasScore value='9306'/>
		<totalScore value='135791'/>
	</enemy>

	<scoreRatio value='0.702293'/>
	<timeFitness value='0.366667'/>
	<unitsAverage value='112'/>
</results>
