<results>
	<result value='win'/>
	<start value='2014-07-24.04:10:14'/>
	<end value='2014-07-24.04:10:53'/>
	<frames value='36923'/>
	<gameDuration value='2307'/>

	<player>
		<unitScore value='24100'/>
		<killScore value='27150'/>
		<buildingScore value='4725'/>
		<razingScore value='9975'/>
		<mineralScore value='32726'/>
		<gasScore value='3072'/>
		<totalScore value='101748'/>
	</player>

	<enemy>
		<race value='Terran'/>
		<unitScore value='13575'/>
		<unitScore value='13575'/>
		<killScore value='24600'/>
		<buildingScore value='3325'/>
		<razingScore value='1350'/>
		<mineralScore value='12058'/>
		<gasScore value='5324'/>
		<totalScore value='60232'/>
	</enemy>

	<scoreRatio value='1.68927'/>
</results>
