<results>
	<result value='win'/>
	<start value='2014-07-24.04:10:56'/>
	<end value='2014-07-24.04:11:21'/>
	<frames value='27499'/>
	<gameDuration value='1718'/>

	<player>
		<unitScore value='13650'/>
		<killScore value='18700'/>
		<buildingScore value='4250'/>
		<razingScore value='4800'/>
		<mineralScore value='31706'/>
		<gasScore value='2832'/>
		<totalScore value='75938'/>
	</player>

	<enemy>
		<race value='Terran'/>
		<unitScore value='9350'/>
		<unitScore value='9350'/>
		<killScore value='6300'/>
		<buildingScore value='1600'/>
		<razingScore value='150'/>
		<mineralScore value='11698'/>
		<gasScore value='3072'/>
		<totalScore value='32170'/>
	</enemy>

	<scoreRatio value='2.36052'/>
</results>
