<results>
	<result value='win'/>
	<start value='2014-07-04.08:41:36'/>
	<end value='2014-07-04.08:42:39'/>
	<frames value='55833'/>
	<gameDuration value='3489'/>

	<player>
		<unitScore value='34075'/>
		<killScore value='52400'/>
		<buildingScore value='3575'/>
		<razingScore value='18975'/>
		<mineralScore value='35158'/>
		<gasScore value='7288'/>
		<totalScore value='151471'/>
	</player>

	<enemy>
		<race value='Protoss'/>
		<unitScore value='28625'/>
		<unitScore value='28625'/>
		<killScore value='53550'/>
		<buildingScore value='6325'/>
		<razingScore value='675'/>
		<mineralScore value='27798'/>
		<gasScore value='10014'/>
		<totalScore value='126987'/>
	</enemy>

	<scoreRatio value='1.19281'/>
</results>
