<results>
	<result value='win'/>
	<start value='2014-07-04.08:44:22'/>
	<end value='2014-07-04.08:45:01'/>
	<frames value='32769'/>
	<gameDuration value='2048'/>

	<player>
		<unitScore value='21000'/>
		<killScore value='26650'/>
		<buildingScore value='3675'/>
		<razingScore value='16125'/>
		<mineralScore value='33182'/>
		<gasScore value='3896'/>
		<totalScore value='104528'/>
	</player>

	<enemy>
		<race value='Protoss'/>
		<unitScore value='13325'/>
		<unitScore value='13325'/>
		<killScore value='17500'/>
		<buildingScore value='5375'/>
		<razingScore value='0'/>
		<mineralScore value='20414'/>
		<gasScore value='3632'/>
		<totalScore value='60246'/>
	</enemy>

	<scoreRatio value='1.73502'/>
</results>
