<results>
	<result value='draw'/>
	<start value='2015-04-15.01:49:59'/>
	<end value='2015-04-15.01:50:51'/>
	<frames value='57601'/>
	<gameDuration value='3600'/>

	<player>
		<unitScore value='23075'/>
		<killScore value='26850'/>
		<buildingScore value='3125'/>
		<razingScore value='23100'/>
		<mineralScore value='27274'/>
		<gasScore value='1688'/>
		<totalScore value='105112'/>
	</player>

	<enemy>
		<race value='Protoss'/>
		<unitScore value='14425'/>
		<unitScore value='14425'/>
		<killScore value='30800'/>
		<buildingScore value='8150'/>
		<razingScore value='2250'/>
		<mineralScore value='20890'/>
		<gasScore value='6000'/>
		<totalScore value='82515'/>
	</enemy>

	<scoreRatio value='1.27385'/>
</results>
