<results>
	<result value='win'/>
	<start value='2015-05-07.16:29:25'/>
	<end value='2015-05-07.16:30:12'/>
	<frames value='38132'/>
	<gameDuration value='2383'/>

	<player>
		<unitScore value='27675'/>
		<killScore value='33150'/>
		<buildingScore value='4600'/>
		<razingScore value='20325'/>
		<mineralScore value='34162'/>
		<gasScore value='4144'/>
		<totalScore value='124056'/>
	</player>

	<enemy>
		<race value='Protoss'/>
		<unitScore value='18200'/>
		<unitScore value='18200'/>
		<killScore value='30800'/>
		<buildingScore value='6775'/>
		<razingScore value='0'/>
		<mineralScore value='19330'/>
		<gasScore value='5370'/>
		<totalScore value='80475'/>
	</enemy>

	<scoreRatio value='1.54155'/>
	<timeFitness value='0.669028'/>
	<unitsAverage value='119'/>
</results>
