<results>
	<result value='win'/>
	<start value='2015-04-13.04:46:17'/>
	<end value='2015-04-13.04:47:42'/>
	<frames value='33482'/>
	<gameDuration value='2092'/>

	<player>
		<unitScore value='22450'/>
		<killScore value='26050'/>
		<buildingScore value='4650'/>
		<razingScore value='19050'/>
		<mineralScore value='32534'/>
		<gasScore value='2560'/>
		<totalScore value='107294'/>
	</player>

	<enemy>
		<race value='Protoss'/>
		<unitScore value='13800'/>
		<unitScore value='13800'/>
		<killScore value='20150'/>
		<buildingScore value='6350'/>
		<razingScore value='0'/>
		<mineralScore value='17350'/>
		<gasScore value='4872'/>
		<totalScore value='62522'/>
	</enemy>

	<scoreRatio value='1.7161'/>
</results>
