<results>
	<result value='win'/>
	<start value='2015-04-13.04:55:18'/>
	<end value='2015-04-13.04:56:10'/>
	<frames value='29049'/>
	<gameDuration value='1815'/>

	<player>
		<unitScore value='16950'/>
		<killScore value='19400'/>
		<buildingScore value='3325'/>
		<razingScore value='15525'/>
		<mineralScore value='23386'/>
		<gasScore value='2648'/>
		<totalScore value='81234'/>
	</player>

	<enemy>
		<race value='Protoss'/>
		<unitScore value='9700'/>
		<unitScore value='9700'/>
		<killScore value='14200'/>
		<buildingScore value='5175'/>
		<razingScore value='225'/>
		<mineralScore value='13474'/>
		<gasScore value='3592'/>
		<totalScore value='46366'/>
	</enemy>

	<scoreRatio value='1.75202'/>
</results>
