<results>
	<result value='win'/>
	<start value='2015-04-13.05:02:49'/>
	<end value='2015-04-13.05:04:06'/>
	<frames value='32645'/>
	<gameDuration value='2040'/>

	<player>
		<unitScore value='21400'/>
		<killScore value='24300'/>
		<buildingScore value='3650'/>
		<razingScore value='17325'/>
		<mineralScore value='26422'/>
		<gasScore value='3392'/>
		<totalScore value='96489'/>
	</player>

	<enemy>
		<race value='Protoss'/>
		<unitScore value='12500'/>
		<unitScore value='12500'/>
		<killScore value='17550'/>
		<buildingScore value='5775'/>
		<razingScore value='0'/>
		<mineralScore value='16486'/>
		<gasScore value='5512'/>
		<totalScore value='57823'/>
	</enemy>

	<scoreRatio value='1.6687'/>
</results>
