<results>
	<result value='win'/>
	<start value='2015-04-16.15:40:16'/>
	<end value='2015-04-16.15:41:17'/>
	<frames value='34071'/>
	<gameDuration value='2129'/>

	<player>
		<unitScore value='20575'/>
		<killScore value='27350'/>
		<buildingScore value='3925'/>
		<razingScore value='13875'/>
		<mineralScore value='30226'/>
		<gasScore value='2392'/>
		<totalScore value='98343'/>
	</player>

	<enemy>
		<race value='Protoss'/>
		<unitScore value='14375'/>
		<unitScore value='14375'/>
		<killScore value='19400'/>
		<buildingScore value='4625'/>
		<razingScore value='150'/>
		<mineralScore value='15286'/>
		<gasScore value='3840'/>
		<totalScore value='57676'/>
	</enemy>

	<scoreRatio value='1.70509'/>
</results>
