<results>
	<result value='loss'/>
	<start value='2015-04-13.06:41:32'/>
	<end value='2015-04-13.06:41:45'/>
	<frames value='15130'/>
	<gameDuration value='945'/>

	<player>
		<unitScore value='3400'/>
		<killScore value='600'/>
		<buildingScore value='1525'/>
		<razingScore value='0'/>
		<mineralScore value='4906'/>
		<gasScore value='536'/>
		<totalScore value='10967'/>
	</player>

	<enemy>
		<race value='Protoss'/>
		<unitScore value='3550'/>
		<unitScore value='3550'/>
		<killScore value='6600'/>
		<buildingScore value='2675'/>
		<razingScore value='4575'/>
		<mineralScore value='7738'/>
		<gasScore value='1376'/>
		<totalScore value='26514'/>
	</enemy>

	<scoreRatio value='0.413631'/>
</results>
