<results>
	<result value='win'/>
	<start value='2015-05-10.21:14:48'/>
	<end value='2015-05-10.21:15:37'/>
	<frames value='33451'/>
	<gameDuration value='2090'/>

	<player>
		<unitScore value='17200'/>
		<killScore value='34040'/>
		<buildingScore value='4175'/>
		<razingScore value='4875'/>
		<mineralScore value='37402'/>
		<gasScore value='3520'/>
		<totalScore value='101212'/>
	</player>

	<enemy>
		<race value='Zerg'/>
		<unitScore value='14375'/>
		<unitScore value='14375'/>
		<killScore value='10450'/>
		<buildingScore value='1625'/>
		<razingScore value='0'/>
		<mineralScore value='12050'/>
		<gasScore value='3864'/>
		<totalScore value='42364'/>
	</enemy>

	<scoreRatio value='2.3891'/>
	<timeFitness value='0.709722'/>
	<unitsAverage value='129'/>
</results>
