<results>
	<result value='win'/>
	<start value='2015-05-10.21:15:41'/>
	<end value='2015-05-10.21:16:13'/>
	<frames value='28119'/>
	<gameDuration value='1757'/>

	<player>
		<unitScore value='18500'/>
		<killScore value='20880'/>
		<buildingScore value='4125'/>
		<razingScore value='4680'/>
		<mineralScore value='26922'/>
		<gasScore value='1832'/>
		<totalScore value='76939'/>
	</player>

	<enemy>
		<race value='Zerg'/>
		<unitScore value='9400'/>
		<unitScore value='9400'/>
		<killScore value='14900'/>
		<buildingScore value='1560'/>
		<razingScore value='0'/>
		<mineralScore value='9322'/>
		<gasScore value='2976'/>
		<totalScore value='38158'/>
	</enemy>

	<scoreRatio value='2.01633'/>
	<timeFitness value='0.755972'/>
	<unitsAverage value='98'/>
</results>
