<results>
	<result value='loss'/>
	<start value='2015-07-19.15:41:19'/>
	<end value='2015-07-19.15:43:46'/>
	<frames value='53105'/>
	<gameDuration value='3319'/>

	<player>
		<unitScore value='35500'/>
		<killScore value='20975'/>
		<buildingScore value='4025'/>
		<razingScore value='195'/>
		<mineralScore value='31478'/>
		<gasScore value='8168'/>
		<totalScore value='100341'/>
	</player>

	<enemy>
		<race value='Zerg'/>
		<unitScore value='35250'/>
		<killScore value='60750'/>
		<buildingScore value='4200'/>
		<razingScore value='12075'/>
		<mineralScore value='29658'/>
		<gasScore value='11728'/>
		<totalScore value='153661'/>
	</enemy>

	<scoreRatio value='0.653002'/>
	<timeFitness value='0.460972'/>
	<unitsAverage value='126'/>
</results>
