<results>
	<result value='loss'/>
	<start value='2015-05-04.00:45:53'/>
	<end value='2015-05-04.00:46:46'/>
	<frames value='45696'/>
	<gameDuration value='2856'/>

	<player>
		<unitScore value='21550'/>
		<killScore value='29000'/>
		<buildingScore value='2525'/>
		<razingScore value='1950'/>
		<mineralScore value='24034'/>
		<gasScore value='5076'/>
		<totalScore value='84135'/>
	</player>

	<enemy>
		<race value='Protoss'/>
		<unitScore value='34475'/>
		<unitScore value='34475'/>
		<killScore value='43100'/>
		<buildingScore value='8675'/>
		<razingScore value='7575'/>
		<mineralScore value='31926'/>
		<gasScore value='12716'/>
		<totalScore value='138467'/>
	</enemy>

	<scoreRatio value='0.607618'/>
	<timeFitness value='0.396667'/>
	<unitsAverage value='85'/>
</results>
