<results>
	<result value='draw'/>
	<start value='2015-05-04.00:48:15'/>
	<end value='2015-05-04.00:50:24'/>
	<frames value='57601'/>
	<gameDuration value='3600'/>

	<player>
		<unitScore value='34000'/>
		<killScore value='39750'/>
		<buildingScore value='4025'/>
		<razingScore value='14625'/>
		<mineralScore value='39838'/>
		<gasScore value='6880'/>
		<totalScore value='139118'/>
	</player>

	<enemy>
		<race value='Protoss'/>
		<unitScore value='21575'/>
		<unitScore value='21575'/>
		<killScore value='42650'/>
		<buildingScore value='5525'/>
		<razingScore value='150'/>
		<mineralScore value='21334'/>
		<gasScore value='6520'/>
		<totalScore value='97754'/>
	</enemy>

	<scoreRatio value='1.42314'/>
	<timeFitness value='0.5'/>
	<unitsAverage value='159'/>
</results>
