<results>
	<result value='win'/>
	<start value='2015-05-11.08:29:04'/>
	<end value='2015-05-11.08:29:44'/>
	<frames value='26321'/>
	<gameDuration value='1645'/>

	<player>
		<unitScore value='14450'/>
		<killScore value='17050'/>
		<buildingScore value='3475'/>
		<razingScore value='7800'/>
		<mineralScore value='24666'/>
		<gasScore value='2096'/>
		<totalScore value='69537'/>
	</player>

	<enemy>
		<race value='Zerg'/>
		<unitScore value='8325'/>
		<unitScore value='8325'/>
		<killScore value='8400'/>
		<buildingScore value='2600'/>
		<razingScore value='150'/>
		<mineralScore value='9914'/>
		<gasScore value='3448'/>
		<totalScore value='32837'/>
	</enemy>

	<scoreRatio value='2.11764'/>
	<timeFitness value='0.771528'/>
	<unitsAverage value='93'/>
</results>
