<results>
	<result value='loss'/>
	<start value='2015-05-03.13:07:19'/>
	<end value='2015-05-03.13:07:26'/>
	<frames value='14696'/>
	<gameDuration value='918'/>

	<player>
		<unitScore value='2775'/>
		<killScore value='800'/>
		<buildingScore value='1425'/>
		<razingScore value='0'/>
		<mineralScore value='4250'/>
		<gasScore value='784'/>
		<totalScore value='10034'/>
	</player>

	<enemy>
		<race value='Protoss'/>
		<unitScore value='3550'/>
		<unitScore value='3550'/>
		<killScore value='5550'/>
		<buildingScore value='2725'/>
		<razingScore value='4275'/>
		<mineralScore value='7490'/>
		<gasScore value='1408'/>
		<totalScore value='24998'/>
	</enemy>

	<scoreRatio value='0.401392'/>
	<timeFitness value='0.1275'/>
	<unitsAverage value='20'/>
</results>
