<results>
	<result value='loss'/>
	<start value='2015-07-18.13:15:06'/>
	<end value='2015-07-18.13:15:44'/>
	<frames value='34443'/>
	<gameDuration value='2152'/>

	<player>
		<unitScore value='20650'/>
		<killScore value='7200'/>
		<buildingScore value='3100'/>
		<razingScore value='0'/>
		<mineralScore value='25554'/>
		<gasScore value='3064'/>
		<totalScore value='59568'/>
	</player>

	<enemy>
		<race value='Protoss'/>
		<unitScore value='19525'/>
		<killScore value='41500'/>
		<buildingScore value='7150'/>
		<razingScore value='9300'/>
		<mineralScore value='26738'/>
		<gasScore value='7920'/>
		<totalScore value='112133'/>
	</enemy>

	<scoreRatio value='0.531226'/>
	<timeFitness value='0.298889'/>
	<unitsAverage value='73'/>
</results>
