<results>
	<result value='loss'/>
	<start value='2015-07-18.13:41:04'/>
	<end value='2015-07-18.13:42:13'/>
	<frames value='41604'/>
	<gameDuration value='2600'/>

	<player>
		<unitScore value='20475'/>
		<killScore value='12600'/>
		<buildingScore value='3850'/>
		<razingScore value='900'/>
		<mineralScore value='20698'/>
		<gasScore value='3208'/>
		<totalScore value='61731'/>
	</player>

	<enemy>
		<race value='Protoss'/>
		<unitScore value='31850'/>
		<killScore value='40950'/>
		<buildingScore value='8075'/>
		<razingScore value='11550'/>
		<mineralScore value='28266'/>
		<gasScore value='11988'/>
		<totalScore value='132679'/>
	</enemy>

	<scoreRatio value='0.465266'/>
	<timeFitness value='0.361111'/>
	<unitsAverage value='86'/>
</results>
