<results>
	<result value='draw'/>
	<start value='2015-03-30.06:33:28'/>
	<end value='2015-03-30.06:35:20'/>
	<frames value='57601'/>
	<gameDuration value='3600'/>

	<player>
		<unitScore value='32125'/>
		<killScore value='49600'/>
		<buildingScore value='3100'/>
		<razingScore value='6000'/>
		<mineralScore value='31638'/>
		<gasScore value='5118'/>
		<totalScore value='127581'/>
	</player>

	<enemy>
		<race value='Protoss'/>
		<unitScore value='29375'/>
		<unitScore value='29375'/>
		<killScore value='54800'/>
		<buildingScore value='7425'/>
		<razingScore value='375'/>
		<mineralScore value='30854'/>
		<gasScore value='11008'/>
		<totalScore value='133837'/>
	</enemy>

	<scoreRatio value='0.953257'/>
</results>
