<results>
	<result value='loss'/>
	<start value='2015-07-09.08:02:39'/>
	<end value='2015-07-09.08:03:19'/>
	<frames value='26383'/>
	<gameDuration value='1648'/>

	<player>
		<unitScore value='13000'/>
		<killScore value='5200'/>
		<buildingScore value='2925'/>
		<razingScore value='0'/>
		<mineralScore value='14270'/>
		<gasScore value='2424'/>
		<totalScore value='37819'/>
	</player>

	<enemy>
		<race value='Terran'/>
		<unitScore value='10975'/>
		<killScore value='23000'/>
		<buildingScore value='3725'/>
		<razingScore value='8775'/>
		<mineralScore value='12902'/>
		<gasScore value='5536'/>
		<totalScore value='64913'/>
	</enemy>

	<scoreRatio value='0.582611'/>
	<timeFitness value='0.228889'/>
	<unitsAverage value='48'/>
</results>
