<results>
	<result value='win'/>
	<start value='2015-04-14.15:56:54'/>
	<end value='2015-04-14.15:57:24'/>
	<frames value='30506'/>
	<gameDuration value='1906'/>

	<player>
		<unitScore value='21650'/>
		<killScore value='17000'/>
		<buildingScore value='3775'/>
		<razingScore value='16575'/>
		<mineralScore value='26954'/>
		<gasScore value='2576'/>
		<totalScore value='88530'/>
	</player>

	<enemy>
		<race value='Protoss'/>
		<unitScore value='8500'/>
		<unitScore value='8500'/>
		<killScore value='21900'/>
		<buildingScore value='5525'/>
		<razingScore value='0'/>
		<mineralScore value='21050'/>
		<gasScore value='1040'/>
		<totalScore value='58015'/>
	</enemy>

	<scoreRatio value='1.52598'/>
</results>
