<results>
	<result value='win'/>
	<start value='2015-04-25.04:08:43'/>
	<end value='2015-04-25.04:09:24'/>
	<frames value='48052'/>
	<gameDuration value='3003'/>

	<player>
		<unitScore value='27150'/>
		<killScore value='29900'/>
		<buildingScore value='4400'/>
		<razingScore value='11850'/>
		<mineralScore value='30650'/>
		<gasScore value='4170'/>
		<totalScore value='108120'/>
	</player>

	<enemy>
		<race value='Terran'/>
		<unitScore value='15750'/>
		<unitScore value='15750'/>
		<killScore value='37600'/>
		<buildingScore value='3950'/>
		<razingScore value='3675'/>
		<mineralScore value='13778'/>
		<gasScore value='7214'/>
		<totalScore value='81967'/>
	</enemy>

	<scoreRatio value='1.31907'/>
</results>
