<results>
	<result value='win'/>
	<start value='2015-05-04.17:02:58'/>
	<end value='2015-05-04.17:03:28'/>
	<frames value='30878'/>
	<gameDuration value='1929'/>

	<player>
		<unitScore value='12325'/>
		<killScore value='14050'/>
		<buildingScore value='4325'/>
		<razingScore value='8325'/>
		<mineralScore value='19482'/>
		<gasScore value='3232'/>
		<totalScore value='61739'/>
	</player>

	<enemy>
		<race value='Terran'/>
		<unitScore value='7025'/>
		<unitScore value='7025'/>
		<killScore value='8950'/>
		<buildingScore value='2775'/>
		<razingScore value='3300'/>
		<mineralScore value='10154'/>
		<gasScore value='3800'/>
		<totalScore value='36004'/>
	</enemy>

	<scoreRatio value='1.71478'/>
	<timeFitness value='0.732083'/>
	<unitsAverage value='69'/>
</results>
