<results>
	<result value='win'/>
	<start value='2015-05-04.17:08:32'/>
	<end value='2015-05-04.17:09:04'/>
	<frames value='31591'/>
	<gameDuration value='1974'/>

	<player>
		<unitScore value='13300'/>
		<killScore value='26850'/>
		<buildingScore value='3250'/>
		<razingScore value='8700'/>
		<mineralScore value='16730'/>
		<gasScore value='2728'/>
		<totalScore value='71558'/>
	</player>

	<enemy>
		<race value='Terran'/>
		<unitScore value='13425'/>
		<unitScore value='13425'/>
		<killScore value='12550'/>
		<buildingScore value='2900'/>
		<razingScore value='3150'/>
		<mineralScore value='12710'/>
		<gasScore value='4560'/>
		<totalScore value='49295'/>
	</enemy>

	<scoreRatio value='1.45163'/>
	<timeFitness value='0.725833'/>
	<unitsAverage value='68'/>
</results>
