<results>
	<result value='win'/>
	<start value='2015-05-04.17:16:44'/>
	<end value='2015-05-04.17:16:58'/>
	<frames value='18292'/>
	<gameDuration value='1143'/>

	<player>
		<unitScore value='6550'/>
		<killScore value='7850'/>
		<buildingScore value='2225'/>
		<razingScore value='4350'/>
		<mineralScore value='9186'/>
		<gasScore value='1632'/>
		<totalScore value='31793'/>
	</player>

	<enemy>
		<race value='Terran'/>
		<unitScore value='3925'/>
		<unitScore value='3925'/>
		<killScore value='4800'/>
		<buildingScore value='1450'/>
		<razingScore value='1800'/>
		<mineralScore value='6098'/>
		<gasScore value='1752'/>
		<totalScore value='19825'/>
	</enemy>

	<scoreRatio value='1.60368'/>
	<timeFitness value='0.84125'/>
	<unitsAverage value='43'/>
</results>
