<results>
	<result value='loss'/>
	<start value='2015-05-04.17:23:15'/>
	<end value='2015-05-04.17:23:36'/>
	<frames value='32273'/>
	<gameDuration value='2017'/>

	<player>
		<unitScore value='5575'/>
		<killScore value='7750'/>
		<buildingScore value='2100'/>
		<razingScore value='0'/>
		<mineralScore value='7610'/>
		<gasScore value='1568'/>
		<totalScore value='24603'/>
	</player>

	<enemy>
		<race value='Terran'/>
		<unitScore value='14150'/>
		<unitScore value='14150'/>
		<killScore value='11150'/>
		<buildingScore value='4725'/>
		<razingScore value='6075'/>
		<mineralScore value='16058'/>
		<gasScore value='8784'/>
		<totalScore value='60942'/>
	</enemy>

	<scoreRatio value='0.403712'/>
	<timeFitness value='0.280139'/>
	<unitsAverage value='25'/>
</results>
