<results>
	<result value='win'/>
	<start value='2015-05-04.17:28:18'/>
	<end value='2015-05-04.17:28:40'/>
	<frames value='21671'/>
	<gameDuration value='1354'/>

	<player>
		<unitScore value='9950'/>
		<killScore value='15800'/>
		<buildingScore value='3675'/>
		<razingScore value='6450'/>
		<mineralScore value='18006'/>
		<gasScore value='2400'/>
		<totalScore value='56281'/>
	</player>

	<enemy>
		<race value='Terran'/>
		<unitScore value='7900'/>
		<unitScore value='7900'/>
		<killScore value='3600'/>
		<buildingScore value='2150'/>
		<razingScore value='150'/>
		<mineralScore value='9082'/>
		<gasScore value='2656'/>
		<totalScore value='25538'/>
	</enemy>

	<scoreRatio value='2.20381'/>
	<timeFitness value='0.811944'/>
	<unitsAverage value='70'/>
</results>
