<results>
	<result value='win'/>
	<start value='2015-05-04.17:37:15'/>
	<end value='2015-05-04.17:37:30'/>
	<frames value='19160'/>
	<gameDuration value='1197'/>

	<player>
		<unitScore value='8300'/>
		<killScore value='11050'/>
		<buildingScore value='2525'/>
		<razingScore value='4500'/>
		<mineralScore value='12522'/>
		<gasScore value='1624'/>
		<totalScore value='40521'/>
	</player>

	<enemy>
		<race value='Terran'/>
		<unitScore value='5525'/>
		<unitScore value='5525'/>
		<killScore value='5900'/>
		<buildingScore value='1500'/>
		<razingScore value='150'/>
		<mineralScore value='7810'/>
		<gasScore value='2296'/>
		<totalScore value='23181'/>
	</enemy>

	<scoreRatio value='1.74803'/>
	<timeFitness value='0.83375'/>
	<unitsAverage value='54'/>
</results>
