<results>
	<result value='loss'/>
	<start value='2015-04-08.14:17:30'/>
	<end value='2015-04-08.14:17:56'/>
	<frames value='38628'/>
	<gameDuration value='2414'/>

	<player>
		<unitScore value='13425'/>
		<killScore value='9150'/>
		<buildingScore value='2100'/>
		<razingScore value='300'/>
		<mineralScore value='15290'/>
		<gasScore value='3152'/>
		<totalScore value='43417'/>
	</player>

	<enemy>
		<race value='Protoss'/>
		<unitScore value='23425'/>
		<unitScore value='23425'/>
		<killScore value='26850'/>
		<buildingScore value='7625'/>
		<razingScore value='6300'/>
		<mineralScore value='26314'/>
		<gasScore value='10640'/>
		<totalScore value='101154'/>
	</enemy>

	<scoreRatio value='0.429217'/>
</results>
