<results>
	<result value='loss'/>
	<start value='2015-07-10.12:50:38'/>
	<end value='2015-07-10.12:51:12'/>
	<frames value='31405'/>
	<gameDuration value='1962'/>

	<player>
		<unitScore value='9050'/>
		<killScore value='3550'/>
		<buildingScore value='2275'/>
		<razingScore value='0'/>
		<mineralScore value='16166'/>
		<gasScore value='888'/>
		<totalScore value='31929'/>
	</player>

	<enemy>
		<race value='Terran'/>
		<unitScore value='16325'/>
		<killScore value='18100'/>
		<buildingScore value='4725'/>
		<razingScore value='6825'/>
		<mineralScore value='17262'/>
		<gasScore value='7814'/>
		<totalScore value='71051'/>
	</enemy>

	<scoreRatio value='0.449381'/>
	<timeFitness value='0.2725'/>
	<unitsAverage value='35'/>
</results>
