<results>
	<result value='draw'/>
	<start value='2015-07-10.13:08:13'/>
	<end value='2015-07-10.13:10:49'/>
	<frames value='57601'/>
	<gameDuration value='3600'/>

	<player>
		<unitScore value='35325'/>
		<killScore value='26150'/>
		<buildingScore value='3150'/>
		<razingScore value='300'/>
		<mineralScore value='38986'/>
		<gasScore value='8384'/>
		<totalScore value='112295'/>
	</player>

	<enemy>
		<race value='Terran'/>
		<unitScore value='20550'/>
		<killScore value='56100'/>
		<buildingScore value='4075'/>
		<razingScore value='1350'/>
		<mineralScore value='24042'/>
		<gasScore value='6576'/>
		<totalScore value='112693'/>
	</enemy>

	<scoreRatio value='0.996468'/>
	<timeFitness value='0.5'/>
	<unitsAverage value='114'/>
</results>
