<results>
	<result value='win'/>
	<start value='2015-05-04.06:00:16'/>
	<end value='2015-05-04.06:00:41'/>
	<frames value='29793'/>
	<gameDuration value='1862'/>

	<player>
		<unitScore value='12900'/>
		<killScore value='27050'/>
		<buildingScore value='3475'/>
		<razingScore value='11700'/>
		<mineralScore value='23882'/>
		<gasScore value='2384'/>
		<totalScore value='81391'/>
	</player>

	<enemy>
		<race value='Terran'/>
		<unitScore value='16175'/>
		<unitScore value='16175'/>
		<killScore value='9300'/>
		<buildingScore value='3900'/>
		<razingScore value='1350'/>
		<mineralScore value='14050'/>
		<gasScore value='6808'/>
		<totalScore value='51583'/>
	</enemy>

	<scoreRatio value='1.57786'/>
	<timeFitness value='0.741389'/>
	<unitsAverage value='75'/>
</results>
