<results>
	<result value='win'/>
	<start value='2015-05-04.06:02:14'/>
	<end value='2015-05-04.06:02:39'/>
	<frames value='34257'/>
	<gameDuration value='2141'/>

	<player>
		<unitScore value='12725'/>
		<killScore value='21250'/>
		<buildingScore value='4300'/>
		<razingScore value='9750'/>
		<mineralScore value='24130'/>
		<gasScore value='3512'/>
		<totalScore value='75667'/>
	</player>

	<enemy>
		<race value='Terran'/>
		<unitScore value='11325'/>
		<unitScore value='11325'/>
		<killScore value='11250'/>
		<buildingScore value='3250'/>
		<razingScore value='5550'/>
		<mineralScore value='12146'/>
		<gasScore value='4104'/>
		<totalScore value='47625'/>
	</enemy>

	<scoreRatio value='1.58881'/>
	<timeFitness value='0.702639'/>
	<unitsAverage value='67'/>
</results>
