<results>
	<result value='draw'/>
	<start value='2015-05-09.16:03:51'/>
	<end value='2015-05-09.16:05:31'/>
	<frames value='57601'/>
	<gameDuration value='3600'/>

	<player>
		<unitScore value='22800'/>
		<killScore value='41600'/>
		<buildingScore value='2475'/>
		<razingScore value='6900'/>
		<mineralScore value='24674'/>
		<gasScore value='5490'/>
		<totalScore value='103939'/>
	</player>

	<enemy>
		<race value='Terran'/>
		<unitScore value='26775'/>
		<unitScore value='26775'/>
		<killScore value='38600'/>
		<buildingScore value='6250'/>
		<razingScore value='1350'/>
		<mineralScore value='20786'/>
		<gasScore value='11074'/>
		<totalScore value='104835'/>
	</enemy>

	<scoreRatio value='0.991453'/>
	<timeFitness value='0.5'/>
	<unitsAverage value='83'/>
</results>
