<results>
	<result value='win'/>
	<start value='2014-07-24.04:37:09'/>
	<end value='2014-07-24.04:37:32'/>
	<frames value='35125'/>
	<gameDuration value='2195'/>

	<player>
		<unitScore value='14125'/>
		<killScore value='28450'/>
		<buildingScore value='3625'/>
		<razingScore value='7650'/>
		<mineralScore value='17890'/>
		<gasScore value='3240'/>
		<totalScore value='74980'/>
	</player>

	<enemy>
		<race value='Terran'/>
		<unitScore value='14225'/>
		<unitScore value='14225'/>
		<killScore value='12300'/>
		<buildingScore value='2650'/>
		<razingScore value='2925'/>
		<mineralScore value='13090'/>
		<gasScore value='5744'/>
		<totalScore value='50934'/>
	</enemy>

	<scoreRatio value='1.4721'/>
</results>
