<results>
	<result value='loss'/>
	<start value='2015-07-14.14:22:10'/>
	<end value='2015-07-14.14:22:20'/>
	<frames value='17486'/>
	<gameDuration value='1092'/>

	<player>
		<unitScore value='5525'/>
		<killScore value='800'/>
		<buildingScore value='1575'/>
		<razingScore value='0'/>
		<mineralScore value='5954'/>
		<gasScore value='832'/>
		<totalScore value='14686'/>
	</player>

	<enemy>
		<race value='Protoss'/>
		<unitScore value='3600'/>
		<killScore value='10950'/>
		<buildingScore value='3825'/>
		<razingScore value='4725'/>
		<mineralScore value='9162'/>
		<gasScore value='1576'/>
		<totalScore value='33838'/>
	</enemy>

	<scoreRatio value='0.434009'/>
	<timeFitness value='0.151667'/>
	<unitsAverage value='25'/>
</results>
