<results>
	<result value='draw'/>
	<start value='2015-07-14.14:22:48'/>
	<end value='2015-07-14.14:24:21'/>
	<frames value='57601'/>
	<gameDuration value='3600'/>

	<player>
		<unitScore value='32050'/>
		<killScore value='29000'/>
		<buildingScore value='4150'/>
		<razingScore value='4125'/>
		<mineralScore value='37962'/>
		<gasScore value='7386'/>
		<totalScore value='114673'/>
	</player>

	<enemy>
		<race value='Protoss'/>
		<unitScore value='21900'/>
		<killScore value='64100'/>
		<buildingScore value='7200'/>
		<razingScore value='10050'/>
		<mineralScore value='25102'/>
		<gasScore value='7042'/>
		<totalScore value='135394'/>
	</enemy>

	<scoreRatio value='0.846958'/>
	<timeFitness value='0.5'/>
	<unitsAverage value='86'/>
</results>
