<results>
	<result value='loss'/>
	<start value='2015-07-14.14:26:39'/>
	<end value='2015-07-14.14:27:03'/>
	<frames value='33916'/>
	<gameDuration value='2119'/>

	<player>
		<unitScore value='14000'/>
		<killScore value='5800'/>
		<buildingScore value='2800'/>
		<razingScore value='0'/>
		<mineralScore value='19242'/>
		<gasScore value='2464'/>
		<totalScore value='44306'/>
	</player>

	<enemy>
		<race value='Protoss'/>
		<unitScore value='18600'/>
		<killScore value='28000'/>
		<buildingScore value='6875'/>
		<razingScore value='8550'/>
		<mineralScore value='22030'/>
		<gasScore value='8704'/>
		<totalScore value='92759'/>
	</enemy>

	<scoreRatio value='0.477646'/>
	<timeFitness value='0.294306'/>
	<unitsAverage value='42'/>
</results>
