<results>
	<result value='loss'/>
	<start value='2015-07-14.14:31:21'/>
	<end value='2015-07-14.14:31:36'/>
	<frames value='22911'/>
	<gameDuration value='1431'/>

	<player>
		<unitScore value='8800'/>
		<killScore value='2000'/>
		<buildingScore value='2875'/>
		<razingScore value='0'/>
		<mineralScore value='10570'/>
		<gasScore value='1176'/>
		<totalScore value='25421'/>
	</player>

	<enemy>
		<race value='Protoss'/>
		<unitScore value='7725'/>
		<killScore value='17600'/>
		<buildingScore value='4575'/>
		<razingScore value='8625'/>
		<mineralScore value='12330'/>
		<gasScore value='3456'/>
		<totalScore value='54311'/>
	</enemy>

	<scoreRatio value='0.468064'/>
	<timeFitness value='0.19875'/>
	<unitsAverage value='35'/>
</results>
