<results>
	<result value='loss'/>
	<start value='2015-07-14.14:31:45'/>
	<end value='2015-07-14.14:32:20'/>
	<frames value='37450'/>
	<gameDuration value='2340'/>

	<player>
		<unitScore value='18075'/>
		<killScore value='6900'/>
		<buildingScore value='4500'/>
		<razingScore value='0'/>
		<mineralScore value='25626'/>
		<gasScore value='3352'/>
		<totalScore value='58453'/>
	</player>

	<enemy>
		<race value='Protoss'/>
		<unitScore value='21400'/>
		<killScore value='36150'/>
		<buildingScore value='6925'/>
		<razingScore value='13500'/>
		<mineralScore value='24538'/>
		<gasScore value='8624'/>
		<totalScore value='111137'/>
	</enemy>

	<scoreRatio value='0.525954'/>
	<timeFitness value='0.325'/>
	<unitsAverage value='56'/>
</results>
