<results>
	<result value='loss'/>
	<start value='2015-07-14.14:35:27'/>
	<end value='2015-07-14.14:35:47'/>
	<frames value='24058'/>
	<gameDuration value='1503'/>

	<player>
		<unitScore value='5625'/>
		<killScore value='5400'/>
		<buildingScore value='1700'/>
		<razingScore value='150'/>
		<mineralScore value='6418'/>
		<gasScore value='872'/>
		<totalScore value='20165'/>
	</player>

	<enemy>
		<race value='Protoss'/>
		<unitScore value='7675'/>
		<killScore value='11150'/>
		<buildingScore value='4875'/>
		<razingScore value='5100'/>
		<mineralScore value='13334'/>
		<gasScore value='3280'/>
		<totalScore value='45414'/>
	</enemy>

	<scoreRatio value='0.444026'/>
	<timeFitness value='0.20875'/>
	<unitsAverage value='28'/>
</results>
