<results>
	<result value='win'/>
	<start value='2015-05-06.14:23:57'/>
	<end value='2015-05-06.14:25:10'/>
	<frames value='33947'/>
	<gameDuration value='2121'/>

	<player>
		<unitScore value='22625'/>
		<killScore value='32720'/>
		<buildingScore value='3700'/>
		<razingScore value='6330'/>
		<mineralScore value='36322'/>
		<gasScore value='3784'/>
		<totalScore value='105481'/>
	</player>

	<enemy>
		<race value='Zerg'/>
		<unitScore value='15275'/>
		<unitScore value='15275'/>
		<killScore value='22500'/>
		<buildingScore value='2110'/>
		<razingScore value='0'/>
		<mineralScore value='13882'/>
		<gasScore value='4976'/>
		<totalScore value='58743'/>
	</enemy>

	<scoreRatio value='1.79564'/>
	<timeFitness value='0.705417'/>
	<unitsAverage value='114'/>
</results>
