<results>
	<result value='win'/>
	<start value='2015-05-06.14:25:13'/>
	<end value='2015-05-06.14:26:26'/>
	<frames value='33637'/>
	<gameDuration value='2102'/>

	<player>
		<unitScore value='23850'/>
		<killScore value='29460'/>
		<buildingScore value='4225'/>
		<razingScore value='6165'/>
		<mineralScore value='35798'/>
		<gasScore value='3536'/>
		<totalScore value='103034'/>
	</player>

	<enemy>
		<race value='Zerg'/>
		<unitScore value='13300'/>
		<unitScore value='13300'/>
		<killScore value='24300'/>
		<buildingScore value='2055'/>
		<razingScore value='0'/>
		<mineralScore value='12550'/>
		<gasScore value='3824'/>
		<totalScore value='56029'/>
	</enemy>

	<scoreRatio value='1.83894'/>
	<timeFitness value='0.708056'/>
	<unitsAverage value='117'/>
</results>
