<results>
	<result value='win'/>
	<start value='2015-05-06.14:39:35'/>
	<end value='2015-05-06.14:40:23'/>
	<frames value='29266'/>
	<gameDuration value='1829'/>

	<player>
		<unitScore value='15675'/>
		<killScore value='30270'/>
		<buildingScore value='3500'/>
		<razingScore value='5040'/>
		<mineralScore value='24658'/>
		<gasScore value='2464'/>
		<totalScore value='81607'/>
	</player>

	<enemy>
		<race value='Zerg'/>
		<unitScore value='13575'/>
		<unitScore value='13575'/>
		<killScore value='12200'/>
		<buildingScore value='1680'/>
		<razingScore value='225'/>
		<mineralScore value='11626'/>
		<gasScore value='3312'/>
		<totalScore value='42618'/>
	</enemy>

	<scoreRatio value='1.91485'/>
	<timeFitness value='0.745972'/>
	<unitsAverage value='81'/>
</results>
