<results>
	<result value='win'/>
	<start value='2015-05-06.14:45:02'/>
	<end value='2015-05-06.14:45:46'/>
	<frames value='27499'/>
	<gameDuration value='1718'/>

	<player>
		<unitScore value='18400'/>
		<killScore value='19890'/>
		<buildingScore value='4075'/>
		<razingScore value='6600'/>
		<mineralScore value='22794'/>
		<gasScore value='2072'/>
		<totalScore value='73831'/>
	</player>

	<enemy>
		<race value='Zerg'/>
		<unitScore value='9575'/>
		<unitScore value='9575'/>
		<killScore value='20450'/>
		<buildingScore value='2200'/>
		<razingScore value='1350'/>
		<mineralScore value='10018'/>
		<gasScore value='3104'/>
		<totalScore value='46697'/>
	</enemy>

	<scoreRatio value='1.58107'/>
	<timeFitness value='0.761389'/>
	<unitsAverage value='85'/>
</results>
