<results>
	<result value='win'/>
	<start value='2015-05-06.15:01:20'/>
	<end value='2015-05-06.15:02:02'/>
	<frames value='26972'/>
	<gameDuration value='1685'/>

	<player>
		<unitScore value='14425'/>
		<killScore value='26575'/>
		<buildingScore value='4350'/>
		<razingScore value='4560'/>
		<mineralScore value='24826'/>
		<gasScore value='3016'/>
		<totalScore value='77752'/>
	</player>

	<enemy>
		<race value='Zerg'/>
		<unitScore value='11625'/>
		<unitScore value='11625'/>
		<killScore value='12500'/>
		<buildingScore value='1520'/>
		<razingScore value='0'/>
		<mineralScore value='10198'/>
		<gasScore value='2920'/>
		<totalScore value='38763'/>
	</enemy>

	<scoreRatio value='2.00583'/>
	<timeFitness value='0.765972'/>
	<unitsAverage value='85'/>
</results>
