<results>
	<result value='win'/>
	<start value='2014-07-05.15:38:42'/>
	<end value='2014-07-05.15:39:04'/>
	<frames value='25732'/>
	<gameDuration value='1608'/>

	<player>
		<unitScore value='15700'/>
		<killScore value='28545'/>
		<buildingScore value='4175'/>
		<razingScore value='4560'/>
		<mineralScore value='24234'/>
		<gasScore value='2408'/>
		<totalScore value='79622'/>
	</player>

	<enemy>
		<race value='Zerg'/>
		<unitScore value='12325'/>
		<unitScore value='12325'/>
		<killScore value='10500'/>
		<buildingScore value='1520'/>
		<razingScore value='0'/>
		<mineralScore value='10606'/>
		<gasScore value='3152'/>
		<totalScore value='38103'/>
	</enemy>

	<scoreRatio value='2.08965'/>
</results>
