<results>
	<result value='win'/>
	<start value='2014-07-05.15:43:27'/>
	<end value='2014-07-05.15:43:49'/>
	<frames value='26941'/>
	<gameDuration value='1683'/>

	<player>
		<unitScore value='16275'/>
		<killScore value='21460'/>
		<buildingScore value='3150'/>
		<razingScore value='7605'/>
		<mineralScore value='24738'/>
		<gasScore value='2920'/>
		<totalScore value='76148'/>
	</player>

	<enemy>
		<race value='Zerg'/>
		<unitScore value='9975'/>
		<unitScore value='9975'/>
		<killScore value='13600'/>
		<buildingScore value='2535'/>
		<razingScore value='150'/>
		<mineralScore value='11298'/>
		<gasScore value='3560'/>
		<totalScore value='41118'/>
	</enemy>

	<scoreRatio value='1.85194'/>
</results>
