<results>
	<result value='win'/>
	<start value='2015-04-30.17:07:21'/>
	<end value='2015-04-30.17:07:44'/>
	<frames value='22229'/>
	<gameDuration value='1389'/>

	<player>
		<unitScore value='12350'/>
		<killScore value='18890'/>
		<buildingScore value='3625'/>
		<razingScore value='4680'/>
		<mineralScore value='17006'/>
		<gasScore value='2120'/>
		<totalScore value='58671'/>
	</player>

	<enemy>
		<race value='Zerg'/>
		<unitScore value='8625'/>
		<unitScore value='8625'/>
		<killScore value='8300'/>
		<buildingScore value='1560'/>
		<razingScore value='0'/>
		<mineralScore value='8082'/>
		<gasScore value='2160'/>
		<totalScore value='28727'/>
	</enemy>

	<scoreRatio value='2.04236'/>
	<timeFitness value='0.807083'/>
	<unitsAverage value='72'/>
</results>
