<results>
	<result value='win'/>
	<start value='2015-04-30.17:10:46'/>
	<end value='2015-04-30.17:11:19'/>
	<frames value='24926'/>
	<gameDuration value='1557'/>

	<player>
		<unitScore value='14050'/>
		<killScore value='24020'/>
		<buildingScore value='3375'/>
		<razingScore value='4800'/>
		<mineralScore value='25682'/>
		<gasScore value='1824'/>
		<totalScore value='73751'/>
	</player>

	<enemy>
		<race value='Zerg'/>
		<unitScore value='11350'/>
		<unitScore value='11350'/>
		<killScore value='9200'/>
		<buildingScore value='1600'/>
		<razingScore value='0'/>
		<mineralScore value='10410'/>
		<gasScore value='3480'/>
		<totalScore value='36040'/>
	</enemy>

	<scoreRatio value='2.04637'/>
	<timeFitness value='0.78375'/>
	<unitsAverage value='91'/>
</results>
