<results>
	<result value='win'/>
	<start value='2015-04-30.17:17:09'/>
	<end value='2015-04-30.17:17:39'/>
	<frames value='24771'/>
	<gameDuration value='1548'/>

	<player>
		<unitScore value='15825'/>
		<killScore value='20240'/>
		<buildingScore value='3225'/>
		<razingScore value='5655'/>
		<mineralScore value='19834'/>
		<gasScore value='1400'/>
		<totalScore value='66179'/>
	</player>

	<enemy>
		<race value='Zerg'/>
		<unitScore value='9850'/>
		<unitScore value='9850'/>
		<killScore value='14000'/>
		<buildingScore value='1885'/>
		<razingScore value='0'/>
		<mineralScore value='9962'/>
		<gasScore value='3272'/>
		<totalScore value='38969'/>
	</enemy>

	<scoreRatio value='1.69825'/>
	<timeFitness value='0.785'/>
	<unitsAverage value='81'/>
</results>
