<results>
	<result value='win'/>
	<start value='2015-04-30.17:17:42'/>
	<end value='2015-04-30.17:18:47'/>
	<frames value='36117'/>
	<gameDuration value='2257'/>

	<player>
		<unitScore value='24125'/>
		<killScore value='38695'/>
		<buildingScore value='4550'/>
		<razingScore value='6645'/>
		<mineralScore value='35478'/>
		<gasScore value='3000'/>
		<totalScore value='112493'/>
	</player>

	<enemy>
		<race value='Zerg'/>
		<unitScore value='18025'/>
		<unitScore value='18025'/>
		<killScore value='23800'/>
		<buildingScore value='2215'/>
		<razingScore value='150'/>
		<mineralScore value='16526'/>
		<gasScore value='5624'/>
		<totalScore value='66340'/>
	</enemy>

	<scoreRatio value='1.6957'/>
	<timeFitness value='0.686528'/>
	<unitsAverage value='122'/>
</results>
