<results>
	<result value='loss'/>
	<start value='2015-07-14.10:06:16'/>
	<end value='2015-07-14.10:06:27'/>
	<frames value='16122'/>
	<gameDuration value='1007'/>

	<player>
		<unitScore value='4400'/>
		<killScore value='800'/>
		<buildingScore value='1675'/>
		<razingScore value='0'/>
		<mineralScore value='5346'/>
		<gasScore value='904'/>
		<totalScore value='13125'/>
	</player>

	<enemy>
		<race value='Protoss'/>
		<unitScore value='3550'/>
		<killScore value='8800'/>
		<buildingScore value='3875'/>
		<razingScore value='5025'/>
		<mineralScore value='8442'/>
		<gasScore value='1544'/>
		<totalScore value='31236'/>
	</enemy>

	<scoreRatio value='0.420188'/>
	<timeFitness value='0.139861'/>
	<unitsAverage value='23'/>
</results>
