<results>
	<result value='loss'/>
	<start value='2015-07-14.10:10:23'/>
	<end value='2015-07-14.10:11:35'/>
	<frames value='45665'/>
	<gameDuration value='2854'/>

	<player>
		<unitScore value='23575'/>
		<killScore value='14700'/>
		<buildingScore value='3900'/>
		<razingScore value='600'/>
		<mineralScore value='22554'/>
		<gasScore value='3896'/>
		<totalScore value='69225'/>
	</player>

	<enemy>
		<race value='Protoss'/>
		<unitScore value='28650'/>
		<killScore value='47000'/>
		<buildingScore value='7975'/>
		<razingScore value='11700'/>
		<mineralScore value='32010'/>
		<gasScore value='11058'/>
		<totalScore value='138393'/>
	</enemy>

	<scoreRatio value='0.500206'/>
	<timeFitness value='0.396389'/>
	<unitsAverage value='88'/>
</results>
