<results>
	<result value='loss'/>
	<start value='2014-07-03.00:30:21'/>
	<end value='2014-07-03.00:31:02'/>
	<frames value='44859'/>
	<gameDuration value='2803'/>

	<player>
		<unitScore value='28625'/>
		<killScore value='29650'/>
		<buildingScore value='3525'/>
		<razingScore value='300'/>
		<mineralScore value='28826'/>
		<gasScore value='3304'/>
		<totalScore value='94230'/>
	</player>

	<enemy>
		<race value='Protoss'/>
		<unitScore value='30075'/>
		<unitScore value='30075'/>
		<killScore value='57250'/>
		<buildingScore value='7675'/>
		<razingScore value='10575'/>
		<mineralScore value='30578'/>
		<gasScore value='11224'/>
		<totalScore value='147377'/>
	</enemy>

	<scoreRatio value='0.639381'/>
</results>
