<results>
	<result value='loss'/>
	<start value='2014-07-03.00:34:12'/>
	<end value='2014-07-03.00:34:47'/>
	<frames value='45820'/>
	<gameDuration value='2863'/>

	<player>
		<unitScore value='24525'/>
		<killScore value='36600'/>
		<buildingScore value='2575'/>
		<razingScore value='600'/>
		<mineralScore value='23978'/>
		<gasScore value='4992'/>
		<totalScore value='93270'/>
	</player>

	<enemy>
		<race value='Protoss'/>
		<unitScore value='38900'/>
		<unitScore value='38900'/>
		<killScore value='48800'/>
		<buildingScore value='7375'/>
		<razingScore value='7725'/>
		<mineralScore value='32830'/>
		<gasScore value='12448'/>
		<totalScore value='148078'/>
	</enemy>

	<scoreRatio value='0.629871'/>
</results>
