<results>
	<result value='win'/>
	<start value='2014-07-02.03:06:21'/>
	<end value='2014-07-02.03:06:56'/>
	<frames value='36272'/>
	<gameDuration value='2267'/>

	<player>
		<unitScore value='26275'/>
		<killScore value='34600'/>
		<buildingScore value='3975'/>
		<razingScore value='19725'/>
		<mineralScore value='31166'/>
		<gasScore value='3392'/>
		<totalScore value='119133'/>
	</player>

	<enemy>
		<race value='Protoss'/>
		<unitScore value='17525'/>
		<unitScore value='17525'/>
		<killScore value='29700'/>
		<buildingScore value='6575'/>
		<razingScore value='150'/>
		<mineralScore value='20810'/>
		<gasScore value='6056'/>
		<totalScore value='80816'/>
	</enemy>

	<scoreRatio value='1.47413'/>
</results>
