<results>
	<result value='win'/>
	<start value='2015-05-04.18:10:55'/>
	<end value='2015-05-04.18:11:35'/>
	<frames value='28212'/>
	<gameDuration value='1763'/>

	<player>
		<unitScore value='18300'/>
		<killScore value='26085'/>
		<buildingScore value='4550'/>
		<razingScore value='4560'/>
		<mineralScore value='26770'/>
		<gasScore value='2824'/>
		<totalScore value='83089'/>
	</player>

	<enemy>
		<race value='Zerg'/>
		<unitScore value='11775'/>
		<unitScore value='11775'/>
		<killScore value='10900'/>
		<buildingScore value='1520'/>
		<razingScore value='0'/>
		<mineralScore value='10554'/>
		<gasScore value='3152'/>
		<totalScore value='37901'/>
	</enemy>

	<scoreRatio value='2.19226'/>
	<timeFitness value='0.755139'/>
	<unitsAverage value='100'/>
</results>
