<results>
	<result value='win'/>
	<start value='2015-05-04.18:13:52'/>
	<end value='2015-05-04.18:14:43'/>
	<frames value='32149'/>
	<gameDuration value='2009'/>

	<player>
		<unitScore value='24475'/>
		<killScore value='36330'/>
		<buildingScore value='4650'/>
		<razingScore value='7920'/>
		<mineralScore value='28134'/>
		<gasScore value='2496'/>
		<totalScore value='104005'/>
	</player>

	<enemy>
		<race value='Zerg'/>
		<unitScore value='15800'/>
		<unitScore value='15800'/>
		<killScore value='22950'/>
		<buildingScore value='2640'/>
		<razingScore value='2325'/>
		<mineralScore value='14930'/>
		<gasScore value='4576'/>
		<totalScore value='63221'/>
	</enemy>

	<scoreRatio value='1.6451'/>
	<timeFitness value='0.720972'/>
	<unitsAverage value='104'/>
</results>
