<results>
	<result value='loss'/>
	<start value='2015-07-19.21:46:02'/>
	<end value='2015-07-19.21:46:45'/>
	<frames value='26476'/>
	<gameDuration value='1654'/>

	<player>
		<unitScore value='11125'/>
		<killScore value='5150'/>
		<buildingScore value='3450'/>
		<razingScore value='0'/>
		<mineralScore value='22810'/>
		<gasScore value='1808'/>
		<totalScore value='44343'/>
	</player>

	<enemy>
		<race value='Zerg'/>
		<unitScore value='13775'/>
		<killScore value='22250'/>
		<buildingScore value='3070'/>
		<razingScore value='10350'/>
		<mineralScore value='15562'/>
		<gasScore value='4312'/>
		<totalScore value='69319'/>
	</enemy>

	<scoreRatio value='0.639695'/>
	<timeFitness value='0.229722'/>
	<unitsAverage value='59'/>
</results>
