<results>
	<result value='loss'/>
	<start value='2015-04-16.20:07:32'/>
	<end value='2015-04-16.20:07:45'/>
	<frames value='15564'/>
	<gameDuration value='972'/>

	<player>
		<unitScore value='2275'/>
		<killScore value='900'/>
		<buildingScore value='1275'/>
		<razingScore value='0'/>
		<mineralScore value='3970'/>
		<gasScore value='744'/>
		<totalScore value='9164'/>
	</player>

	<enemy>
		<race value='Protoss'/>
		<unitScore value='3600'/>
		<unitScore value='3600'/>
		<killScore value='4550'/>
		<buildingScore value='3425'/>
		<razingScore value='3825'/>
		<mineralScore value='8010'/>
		<gasScore value='1592'/>
		<totalScore value='25002'/>
	</enemy>

	<scoreRatio value='0.366531'/>
</results>
