<results>
	<result value='loss'/>
	<start value='2015-05-04.06:13:44'/>
	<end value='2015-05-04.06:13:48'/>
	<frames value='8744'/>
	<gameDuration value='546'/>

	<player>
		<unitScore value='1150'/>
		<killScore value='100'/>
		<buildingScore value='750'/>
		<razingScore value='0'/>
		<mineralScore value='1730'/>
		<gasScore value='0'/>
		<totalScore value='3730'/>
	</player>

	<enemy>
		<race value='Zerg'/>
		<unitScore value='1500'/>
		<unitScore value='1500'/>
		<killScore value='2300'/>
		<buildingScore value='860'/>
		<razingScore value='2250'/>
		<mineralScore value='2682'/>
		<gasScore value='176'/>
		<totalScore value='9768'/>
	</enemy>

	<scoreRatio value='0.381859'/>
	<timeFitness value='0.0758333'/>
	<unitsAverage value='10'/>
</results>
