<results>
	<result value='win'/>
	<start value='2014-07-12.19:39:49'/>
	<end value='2014-07-12.19:40:15'/>
	<frames value='29328'/>
	<gameDuration value='1833'/>

	<player>
		<unitScore value='19600'/>
		<killScore value='29045'/>
		<buildingScore value='4125'/>
		<razingScore value='6375'/>
		<mineralScore value='25866'/>
		<gasScore value='1768'/>
		<totalScore value='86779'/>
	</player>

	<enemy>
		<race value='Zerg'/>
		<unitScore value='13300'/>
		<unitScore value='13300'/>
		<killScore value='19100'/>
		<buildingScore value='2125'/>
		<razingScore value='0'/>
		<mineralScore value='12942'/>
		<gasScore value='4272'/>
		<totalScore value='51739'/>
	</enemy>

	<scoreRatio value='1.67725'/>
</results>
