<results>
	<result value='loss'/>
	<start value='2014-07-12.19:41:55'/>
	<end value='2014-07-12.19:42:28'/>
	<frames value='53539'/>
	<gameDuration value='3346'/>

	<player>
		<unitScore value='21025'/>
		<killScore value='53210'/>
		<buildingScore value='2625'/>
		<razingScore value='5145'/>
		<mineralScore value='23982'/>
		<gasScore value='3224'/>
		<totalScore value='109211'/>
	</player>

	<enemy>
		<race value='Zerg'/>
		<unitScore value='27200'/>
		<unitScore value='27200'/>
		<killScore value='42050'/>
		<buildingScore value='5010'/>
		<razingScore value='7875'/>
		<mineralScore value='32242'/>
		<gasScore value='7832'/>
		<totalScore value='122209'/>
	</enemy>

	<scoreRatio value='0.893641'/>
</results>
