<results>
	<result value='loss'/>
	<start value='2014-07-23.23:48:58'/>
	<end value='2014-07-23.23:49:13'/>
	<frames value='30444'/>
	<gameDuration value='1902'/>

	<player>
		<unitScore value='8325'/>
		<killScore value='13050'/>
		<buildingScore value='3200'/>
		<razingScore value='0'/>
		<mineralScore value='12034'/>
		<gasScore value='1672'/>
		<totalScore value='38281'/>
	</player>

	<enemy>
		<race value='Zerg'/>
		<unitScore value='12525'/>
		<unitScore value='12525'/>
		<killScore value='16650'/>
		<buildingScore value='3715'/>
		<razingScore value='9600'/>
		<mineralScore value='15158'/>
		<gasScore value='4184'/>
		<totalScore value='61832'/>
	</enemy>

	<scoreRatio value='0.619113'/>
</results>
