<results>
	<result value='loss'/>
	<start value='2015-07-12.00:57:22'/>
	<end value='2015-07-12.00:57:50'/>
	<frames value='29359'/>
	<gameDuration value='1834'/>

	<player>
		<unitScore value='15175'/>
		<killScore value='4550'/>
		<buildingScore value='3475'/>
		<razingScore value='0'/>
		<mineralScore value='16482'/>
		<gasScore value='2384'/>
		<totalScore value='42066'/>
	</player>

	<enemy>
		<race value='Terran'/>
		<unitScore value='8200'/>
		<killScore value='27800'/>
		<buildingScore value='3850'/>
		<razingScore value='10575'/>
		<mineralScore value='12262'/>
		<gasScore value='5048'/>
		<totalScore value='67735'/>
	</enemy>

	<scoreRatio value='0.621038'/>
	<timeFitness value='0.254722'/>
	<unitsAverage value='51'/>
</results>
