<results>
	<result value='loss'/>
	<start value='2015-04-10.15:16:18'/>
	<end value='2015-04-10.15:16:27'/>
	<frames value='18757'/>
	<gameDuration value='1172'/>

	<player>
		<unitScore value='2925'/>
		<killScore value='2800'/>
		<buildingScore value='1450'/>
		<razingScore value='0'/>
		<mineralScore value='5042'/>
		<gasScore value='728'/>
		<totalScore value='12945'/>
	</player>

	<enemy>
		<race value='Protoss'/>
		<unitScore value='5275'/>
		<unitScore value='5275'/>
		<killScore value='5850'/>
		<buildingScore value='4325'/>
		<razingScore value='4350'/>
		<mineralScore value='10346'/>
		<gasScore value='2616'/>
		<totalScore value='32762'/>
	</enemy>

	<scoreRatio value='0.395122'/>
</results>
