<results>
	<result value='win'/>
	<start value='2015-05-11.11:39:27'/>
	<end value='2015-05-11.11:39:57'/>
	<frames value='20896'/>
	<gameDuration value='1306'/>

	<player>
		<unitScore value='10800'/>
		<killScore value='19090'/>
		<buildingScore value='3225'/>
		<razingScore value='4560'/>
		<mineralScore value='18042'/>
		<gasScore value='1552'/>
		<totalScore value='57269'/>
	</player>

	<enemy>
		<race value='Zerg'/>
		<unitScore value='9225'/>
		<unitScore value='9225'/>
		<killScore value='6450'/>
		<buildingScore value='1520'/>
		<razingScore value='0'/>
		<mineralScore value='8490'/>
		<gasScore value='2704'/>
		<totalScore value='28389'/>
	</enemy>

	<scoreRatio value='2.0173'/>
	<timeFitness value='0.818611'/>
	<unitsAverage value='73'/>
</results>
