<results>
	<result value='win'/>
	<start value='2015-05-10.06:55:01'/>
	<end value='2015-05-10.06:55:30'/>
	<frames value='25732'/>
	<gameDuration value='1608'/>

	<player>
		<unitScore value='15150'/>
		<killScore value='24340'/>
		<buildingScore value='4450'/>
		<razingScore value='4875'/>
		<mineralScore value='23730'/>
		<gasScore value='2160'/>
		<totalScore value='74705'/>
	</player>

	<enemy>
		<race value='Zerg'/>
		<unitScore value='10425'/>
		<unitScore value='10425'/>
		<killScore value='9000'/>
		<buildingScore value='1625'/>
		<razingScore value='0'/>
		<mineralScore value='10162'/>
		<gasScore value='3024'/>
		<totalScore value='34236'/>
	</enemy>

	<scoreRatio value='2.18206'/>
	<timeFitness value='0.776667'/>
	<unitsAverage value='93'/>
</results>
