<results>
	<result value='win'/>
	<start value='2015-04-28.18:11:51'/>
	<end value='2015-04-28.18:12:06'/>
	<frames value='19625'/>
	<gameDuration value='1226'/>

	<player>
		<unitScore value='9200'/>
		<killScore value='17560'/>
		<buildingScore value='3075'/>
		<razingScore value='4560'/>
		<mineralScore value='13522'/>
		<gasScore value='2072'/>
		<totalScore value='49989'/>
	</player>

	<enemy>
		<race value='Zerg'/>
		<unitScore value='7975'/>
		<unitScore value='7975'/>
		<killScore value='4550'/>
		<buildingScore value='1520'/>
		<razingScore value='0'/>
		<mineralScore value='7986'/>
		<gasScore value='2296'/>
		<totalScore value='24327'/>
	</enemy>

	<scoreRatio value='2.05488'/>
</results>
