<results>
	<result value='win'/>
	<start value='2015-04-28.18:15:47'/>
	<end value='2015-04-28.18:16:31'/>
	<frames value='34722'/>
	<gameDuration value='2170'/>

	<player>
		<unitScore value='24525'/>
		<killScore value='42210'/>
		<buildingScore value='4425'/>
		<razingScore value='6720'/>
		<mineralScore value='37630'/>
		<gasScore value='2928'/>
		<totalScore value='118438'/>
	</player>

	<enemy>
		<race value='Zerg'/>
		<unitScore value='19850'/>
		<unitScore value='19850'/>
		<killScore value='27950'/>
		<buildingScore value='2240'/>
		<razingScore value='0'/>
		<mineralScore value='16954'/>
		<gasScore value='6544'/>
		<totalScore value='73538'/>
	</enemy>

	<scoreRatio value='1.61057'/>
</results>
