<results>
	<result value='loss'/>
	<start value='2015-04-10.02:24:42'/>
	<end value='2015-04-10.02:25:22'/>
	<frames value='47060'/>
	<gameDuration value='2941'/>

	<player>
		<unitScore value='23150'/>
		<killScore value='24850'/>
		<buildingScore value='2725'/>
		<razingScore value='300'/>
		<mineralScore value='23954'/>
		<gasScore value='5102'/>
		<totalScore value='80081'/>
	</player>

	<enemy>
		<race value='Protoss'/>
		<unitScore value='36965'/>
		<unitScore value='36965'/>
		<killScore value='45100'/>
		<buildingScore value='8025'/>
		<razingScore value='8175'/>
		<mineralScore value='32510'/>
		<gasScore value='13978'/>
		<totalScore value='144753'/>
	</enemy>

	<scoreRatio value='0.553225'/>
</results>
