<results>
	<result value='win'/>
	<start value='2015-05-08.21:38:43'/>
	<end value='2015-05-08.21:39:14'/>
	<frames value='28708'/>
	<gameDuration value='1794'/>

	<player>
		<unitScore value='14750'/>
		<killScore value='23200'/>
		<buildingScore value='3800'/>
		<razingScore value='9600'/>
		<mineralScore value='21402'/>
		<gasScore value='3088'/>
		<totalScore value='75840'/>
	</player>

	<enemy>
		<race value='Terran'/>
		<unitScore value='12400'/>
		<unitScore value='12400'/>
		<killScore value='8950'/>
		<buildingScore value='3200'/>
		<razingScore value='225'/>
		<mineralScore value='12130'/>
		<gasScore value='5240'/>
		<totalScore value='42145'/>
	</enemy>

	<scoreRatio value='1.7995'/>
	<timeFitness value='0.750833'/>
	<unitsAverage value='87'/>
</results>
