<results>
	<result value='loss'/>
	<start value='2015-05-09.05:40:08'/>
	<end value='2015-05-09.05:40:20'/>
	<frames value='22322'/>
	<gameDuration value='1395'/>

	<player>
		<unitScore value='6950'/>
		<killScore value='5000'/>
		<buildingScore value='1700'/>
		<razingScore value='0'/>
		<mineralScore value='8210'/>
		<gasScore value='1304'/>
		<totalScore value='23164'/>
	</player>

	<enemy>
		<race value='Terran'/>
		<unitScore value='9500'/>
		<unitScore value='9500'/>
		<killScore value='13900'/>
		<buildingScore value='3425'/>
		<razingScore value='5100'/>
		<mineralScore value='10778'/>
		<gasScore value='4672'/>
		<totalScore value='47375'/>
	</enemy>

	<scoreRatio value='0.48895'/>
	<timeFitness value='0.19375'/>
	<unitsAverage value='30'/>
</results>
