<results>
	<result value='win'/>
	<start value='2015-05-07.13:22:44'/>
	<end value='2015-05-07.13:24:17'/>
	<frames value='54686'/>
	<gameDuration value='3417'/>

	<player>
		<unitScore value='21725'/>
		<killScore value='29800'/>
		<buildingScore value='4975'/>
		<razingScore value='17775'/>
		<mineralScore value='43970'/>
		<gasScore value='6490'/>
		<totalScore value='124735'/>
	</player>

	<enemy>
		<race value='Protoss'/>
		<unitScore value='15800'/>
		<unitScore value='15800'/>
		<killScore value='19700'/>
		<buildingScore value='5925'/>
		<razingScore value='450'/>
		<mineralScore value='18138'/>
		<gasScore value='5670'/>
		<totalScore value='65683'/>
	</enemy>

	<scoreRatio value='1.89905'/>
	<timeFitness value='0.525417'/>
	<unitsAverage value='158'/>
</results>
