<results>
	<result value='draw'/>
	<start value='2015-05-07.13:38:33'/>
	<end value='2015-05-07.13:38:37'/>
	<frames value='57601'/>
	<gameDuration value='3600'/>

	<player>
		<unitScore value='32775'/>
		<killScore value='51550'/>
		<buildingScore value='3775'/>
		<razingScore value='20925'/>
		<mineralScore value='35466'/>
		<gasScore value='5788'/>
		<totalScore value='150279'/>
	</player>

	<enemy>
		<race value='Protoss'/>
		<unitScore value='28875'/>
		<unitScore value='28875'/>
		<killScore value='44250'/>
		<buildingScore value='7625'/>
		<razingScore value='0'/>
		<mineralScore value='27506'/>
		<gasScore value='12690'/>
		<totalScore value='120946'/>
	</enemy>

	<scoreRatio value='1.24253'/>
	<timeFitness value='0.5'/>
	<unitsAverage value='128'/>
</results>
