<results>
	<result value='loss'/>
	<start value='2015-07-14.16:05:37'/>
	<end value='2015-07-14.16:06:05'/>
	<frames value='35125'/>
	<gameDuration value='2195'/>

	<player>
		<unitScore value='17275'/>
		<killScore value='8500'/>
		<buildingScore value='3275'/>
		<razingScore value='1275'/>
		<mineralScore value='24826'/>
		<gasScore value='3560'/>
		<totalScore value='58711'/>
	</player>

	<enemy>
		<race value='Protoss'/>
		<unitScore value='19150'/>
		<killScore value='34450'/>
		<buildingScore value='7575'/>
		<razingScore value='9825'/>
		<mineralScore value='26802'/>
		<gasScore value='7232'/>
		<totalScore value='105034'/>
	</enemy>

	<scoreRatio value='0.558971'/>
	<timeFitness value='0.304861'/>
	<unitsAverage value='60'/>
</results>
