<results>
	<result value='loss'/>
	<start value='2015-07-14.16:06:15'/>
	<end value='2015-07-14.16:06:56'/>
	<frames value='38473'/>
	<gameDuration value='2404'/>

	<player>
		<unitScore value='16800'/>
		<killScore value='8500'/>
		<buildingScore value='4750'/>
		<razingScore value='0'/>
		<mineralScore value='20258'/>
		<gasScore value='2792'/>
		<totalScore value='53100'/>
	</player>

	<enemy>
		<race value='Protoss'/>
		<unitScore value='19150'/>
		<killScore value='33400'/>
		<buildingScore value='6825'/>
		<razingScore value='14250'/>
		<mineralScore value='22690'/>
		<gasScore value='8186'/>
		<totalScore value='104501'/>
	</enemy>

	<scoreRatio value='0.508129'/>
	<timeFitness value='0.333889'/>
	<unitsAverage value='52'/>
</results>
