<results>
	<result value='loss'/>
	<start value='2015-07-14.16:13:35'/>
	<end value='2015-07-14.16:14:03'/>
	<frames value='34226'/>
	<gameDuration value='2139'/>

	<player>
		<unitScore value='13600'/>
		<killScore value='8600'/>
		<buildingScore value='3400'/>
		<razingScore value='150'/>
		<mineralScore value='22962'/>
		<gasScore value='2256'/>
		<totalScore value='50968'/>
	</player>

	<enemy>
		<race value='Protoss'/>
		<unitScore value='17750'/>
		<killScore value='27200'/>
		<buildingScore value='6875'/>
		<razingScore value='10200'/>
		<mineralScore value='21450'/>
		<gasScore value='8528'/>
		<totalScore value='92003'/>
	</enemy>

	<scoreRatio value='0.553982'/>
	<timeFitness value='0.297083'/>
	<unitsAverage value='55'/>
</results>
