<results>
	<result value='loss'/>
	<start value='2015-07-14.16:20:56'/>
	<end value='2015-07-14.16:21:55'/>
	<frames value='49199'/>
	<gameDuration value='3074'/>

	<player>
		<unitScore value='24625'/>
		<killScore value='13800'/>
		<buildingScore value='2475'/>
		<razingScore value='2100'/>
		<mineralScore value='24042'/>
		<gasScore value='5196'/>
		<totalScore value='72238'/>
	</player>

	<enemy>
		<race value='Protoss'/>
		<unitScore value='17675'/>
		<killScore value='49000'/>
		<buildingScore value='6875'/>
		<razingScore value='7425'/>
		<mineralScore value='36346'/>
		<gasScore value='10392'/>
		<totalScore value='127713'/>
	</enemy>

	<scoreRatio value='0.565628'/>
	<timeFitness value='0.426944'/>
	<unitsAverage value='62'/>
</results>
