<results>
	<result value='loss'/>
	<start value='2015-07-19.09:02:37'/>
	<end value='2015-07-19.09:03:08'/>
	<frames value='28026'/>
	<gameDuration value='1751'/>

	<player>
		<unitScore value='13250'/>
		<killScore value='6125'/>
		<buildingScore value='2975'/>
		<razingScore value='0'/>
		<mineralScore value='29010'/>
		<gasScore value='2000'/>
		<totalScore value='53360'/>
	</player>

	<enemy>
		<race value='Zerg'/>
		<unitScore value='14700'/>
		<killScore value='26500'/>
		<buildingScore value='2965'/>
		<razingScore value='8925'/>
		<mineralScore value='13786'/>
		<gasScore value='5800'/>
		<totalScore value='72676'/>
	</enemy>

	<scoreRatio value='0.734218'/>
	<timeFitness value='0.243194'/>
	<unitsAverage value='67'/>
</results>
