<results>
	<result value='win'/>
	<start value='2014-07-06.04:52:45'/>
	<end value='2014-07-06.04:53:18'/>
	<frames value='30723'/>
	<gameDuration value='1920'/>

	<player>
		<unitScore value='21950'/>
		<killScore value='23450'/>
		<buildingScore value='4175'/>
		<razingScore value='17175'/>
		<mineralScore value='30458'/>
		<gasScore value='3000'/>
		<totalScore value='100208'/>
	</player>

	<enemy>
		<race value='Protoss'/>
		<unitScore value='12775'/>
		<unitScore value='12775'/>
		<killScore value='21050'/>
		<buildingScore value='5725'/>
		<razingScore value='0'/>
		<mineralScore value='14702'/>
		<gasScore value='3904'/>
		<totalScore value='58156'/>
	</enemy>

	<scoreRatio value='1.72309'/>
</results>
