<results>
	<result value='win'/>
	<start value='2015-05-01.18:56:43'/>
	<end value='2015-05-01.18:57:04'/>
	<frames value='20710'/>
	<gameDuration value='1294'/>

	<player>
		<unitScore value='12425'/>
		<killScore value='18900'/>
		<buildingScore value='3475'/>
		<razingScore value='4560'/>
		<mineralScore value='16706'/>
		<gasScore value='1272'/>
		<totalScore value='57338'/>
	</player>

	<enemy>
		<race value='Zerg'/>
		<unitScore value='8575'/>
		<unitScore value='8575'/>
		<killScore value='9050'/>
		<buildingScore value='1520'/>
		<razingScore value='0'/>
		<mineralScore value='8202'/>
		<gasScore value='2464'/>
		<totalScore value='29811'/>
	</enemy>

	<scoreRatio value='1.92338'/>
	<timeFitness value='0.820278'/>
	<unitsAverage value='71'/>
</results>
