<results>
	<result value='win'/>
	<start value='2014-07-24.04:40:51'/>
	<end value='2014-07-24.04:41:27'/>
	<frames value='46750'/>
	<gameDuration value='2921'/>

	<player>
		<unitScore value='21600'/>
		<killScore value='35050'/>
		<buildingScore value='5975'/>
		<razingScore value='11400'/>
		<mineralScore value='30050'/>
		<gasScore value='4288'/>
		<totalScore value='108363'/>
	</player>

	<enemy>
		<race value='Terran'/>
		<unitScore value='20225'/>
		<unitScore value='20225'/>
		<killScore value='23350'/>
		<buildingScore value='3800'/>
		<razingScore value='5700'/>
		<mineralScore value='15586'/>
		<gasScore value='7544'/>
		<totalScore value='76205'/>
	</enemy>

	<scoreRatio value='1.42199'/>
</results>
