<results>
	<result value='loss'/>
	<start value='2014-07-24.04:44:13'/>
	<end value='2014-07-24.04:44:26'/>
	<frames value='29359'/>
	<gameDuration value='1834'/>

	<player>
		<unitScore value='3525'/>
		<killScore value='1550'/>
		<buildingScore value='2025'/>
		<razingScore value='0'/>
		<mineralScore value='5738'/>
		<gasScore value='496'/>
		<totalScore value='13334'/>
	</player>

	<enemy>
		<race value='Terran'/>
		<unitScore value='14375'/>
		<unitScore value='14375'/>
		<killScore value='7050'/>
		<buildingScore value='4700'/>
		<razingScore value='6075'/>
		<mineralScore value='15038'/>
		<gasScore value='7848'/>
		<totalScore value='55086'/>
	</enemy>

	<scoreRatio value='0.242058'/>
</results>
