<results>
	<result value='win'/>
	<start value='2015-05-10.23:36:52'/>
	<end value='2015-05-10.23:38:05'/>
	<frames value='51958'/>
	<gameDuration value='3247'/>

	<player>
		<unitScore value='24300'/>
		<killScore value='42970'/>
		<buildingScore value='3525'/>
		<razingScore value='11280'/>
		<mineralScore value='25650'/>
		<gasScore value='2000'/>
		<totalScore value='109725'/>
	</player>

	<enemy>
		<race value='Zerg'/>
		<unitScore value='20475'/>
		<unitScore value='20475'/>
		<killScore value='30900'/>
		<buildingScore value='3760'/>
		<razingScore value='4350'/>
		<mineralScore value='20322'/>
		<gasScore value='5716'/>
		<totalScore value='85523'/>
	</enemy>

	<scoreRatio value='1.28299'/>
	<timeFitness value='0.549028'/>
	<unitsAverage value='90'/>
</results>
