<results>
	<result value='loss'/>
	<start value='2014-07-10.15:34:13'/>
	<end value='2014-07-10.15:34:37'/>
	<frames value='40798'/>
	<gameDuration value='2549'/>

	<player>
		<unitScore value='17325'/>
		<killScore value='18550'/>
		<buildingScore value='2575'/>
		<razingScore value='1050'/>
		<mineralScore value='19626'/>
		<gasScore value='3032'/>
		<totalScore value='62158'/>
	</player>

	<enemy>
		<race value='Protoss'/>
		<unitScore value='27600'/>
		<unitScore value='27600'/>
		<killScore value='34650'/>
		<buildingScore value='7425'/>
		<razingScore value='7725'/>
		<mineralScore value='28130'/>
		<gasScore value='10406'/>
		<totalScore value='115936'/>
	</enemy>

	<scoreRatio value='0.536141'/>
</results>
