<results>
	<result value='win'/>
	<start value='2014-07-10.15:34:41'/>
	<end value='2014-07-10.15:35:07'/>
	<frames value='30227'/>
	<gameDuration value='1889'/>

	<player>
		<unitScore value='15650'/>
		<killScore value='17400'/>
		<buildingScore value='3375'/>
		<razingScore value='13875'/>
		<mineralScore value='20522'/>
		<gasScore value='3016'/>
		<totalScore value='73838'/>
	</player>

	<enemy>
		<race value='Protoss'/>
		<unitScore value='8800'/>
		<unitScore value='8800'/>
		<killScore value='11250'/>
		<buildingScore value='4625'/>
		<razingScore value='0'/>
		<mineralScore value='14058'/>
		<gasScore value='3880'/>
		<totalScore value='42613'/>
	</enemy>

	<scoreRatio value='1.73276'/>
</results>
