<results>
	<result value='loss'/>
	<start value='2015-07-21.18:48:42'/>
	<end value='2015-07-21.18:49:10'/>
	<frames value='24833'/>
	<gameDuration value='1552'/>

	<player>
		<unitScore value='10775'/>
		<killScore value='8050'/>
		<buildingScore value='2825'/>
		<razingScore value='0'/>
		<mineralScore value='22322'/>
		<gasScore value='1184'/>
		<totalScore value='45156'/>
	</player>

	<enemy>
		<race value='Zerg'/>
		<unitScore value='11550'/>
		<killScore value='19950'/>
		<buildingScore value='2955'/>
		<razingScore value='8625'/>
		<mineralScore value='13830'/>
		<gasScore value='3832'/>
		<totalScore value='60742'/>
	</enemy>

	<scoreRatio value='0.743407'/>
	<timeFitness value='0.215556'/>
	<unitsAverage value='58'/>
</results>
