<results>
	<result value='loss'/>
	<start value='2015-04-07.20:10:13'/>
	<end value='2015-04-07.20:10:20'/>
	<frames value='16215'/>
	<gameDuration value='1013'/>

	<player>
		<unitScore value='2525'/>
		<killScore value='1200'/>
		<buildingScore value='1675'/>
		<razingScore value='0'/>
		<mineralScore value='4450'/>
		<gasScore value='624'/>
		<totalScore value='10474'/>
	</player>

	<enemy>
		<race value='Protoss'/>
		<unitScore value='3600'/>
		<unitScore value='3600'/>
		<killScore value='5050'/>
		<buildingScore value='3525'/>
		<razingScore value='5025'/>
		<mineralScore value='8354'/>
		<gasScore value='1640'/>
		<totalScore value='27194'/>
	</enemy>

	<scoreRatio value='0.385158'/>
</results>
