<results>
	<result value='loss'/>
	<start value='2015-05-02.16:29:15'/>
	<end value='2015-05-02.16:29:39'/>
	<frames value='41821'/>
	<gameDuration value='2613'/>

	<player>
		<unitScore value='11225'/>
		<killScore value='19300'/>
		<buildingScore value='1575'/>
		<razingScore value='7125'/>
		<mineralScore value='12298'/>
		<gasScore value='3704'/>
		<totalScore value='55227'/>
	</player>

	<enemy>
		<race value='Protoss'/>
		<unitScore value='20100'/>
		<unitScore value='20100'/>
		<killScore value='22450'/>
		<buildingScore value='10150'/>
		<razingScore value='4725'/>
		<mineralScore value='27550'/>
		<gasScore value='7158'/>
		<totalScore value='92133'/>
	</enemy>

	<scoreRatio value='0.599427'/>
	<timeFitness value='0.362917'/>
	<unitsAverage value='43'/>
</results>
