<results>
	<result value='draw'/>
	<start value='2015-05-11.18:14:19'/>
	<end value='2015-05-11.18:16:19'/>
	<frames value='57601'/>
	<gameDuration value='3600'/>

	<player>
		<unitScore value='27100'/>
		<killScore value='40000'/>
		<buildingScore value='3900'/>
		<razingScore value='17625'/>
		<mineralScore value='36506'/>
		<gasScore value='5354'/>
		<totalScore value='130485'/>
	</player>

	<enemy>
		<race value='Protoss'/>
		<unitScore value='20700'/>
		<unitScore value='20700'/>
		<killScore value='30450'/>
		<buildingScore value='7275'/>
		<razingScore value='300'/>
		<mineralScore value='21774'/>
		<gasScore value='6766'/>
		<totalScore value='87265'/>
	</enemy>

	<scoreRatio value='1.49527'/>
	<timeFitness value='0.5'/>
	<unitsAverage value='151'/>
</results>
