<results>
	<result value='loss'/>
	<start value='2015-04-07.22:51:49'/>
	<end value='2015-04-07.22:52:10'/>
	<frames value='32800'/>
	<gameDuration value='2050'/>

	<player>
		<unitScore value='9050'/>
		<killScore value='6550'/>
		<buildingScore value='2375'/>
		<razingScore value='0'/>
		<mineralScore value='12514'/>
		<gasScore value='2528'/>
		<totalScore value='33017'/>
	</player>

	<enemy>
		<race value='Protoss'/>
		<unitScore value='16575'/>
		<unitScore value='16575'/>
		<killScore value='18100'/>
		<buildingScore value='6975'/>
		<razingScore value='7125'/>
		<mineralScore value='19970'/>
		<gasScore value='7736'/>
		<totalScore value='76481'/>
	</enemy>

	<scoreRatio value='0.431702'/>
</results>
