<results>
	<result value='loss'/>
	<start value='2014-07-10.15:54:06'/>
	<end value='2014-07-10.15:54:13'/>
	<frames value='17176'/>
	<gameDuration value='1073'/>

	<player>
		<unitScore value='3175'/>
		<killScore value='1200'/>
		<buildingScore value='1325'/>
		<razingScore value='0'/>
		<mineralScore value='5066'/>
		<gasScore value='840'/>
		<totalScore value='11606'/>
	</player>

	<enemy>
		<race value='Protoss'/>
		<unitScore value='3550'/>
		<unitScore value='3550'/>
		<killScore value='6350'/>
		<buildingScore value='3825'/>
		<razingScore value='3975'/>
		<mineralScore value='9034'/>
		<gasScore value='1568'/>
		<totalScore value='28302'/>
	</enemy>

	<scoreRatio value='0.410077'/>
</results>
