<results>
	<result value='win'/>
	<start value='2014-07-10.15:55:31'/>
	<end value='2014-07-10.15:56:01'/>
	<frames value='32397'/>
	<gameDuration value='2024'/>

	<player>
		<unitScore value='17700'/>
		<killScore value='25800'/>
		<buildingScore value='4025'/>
		<razingScore value='17700'/>
		<mineralScore value='27610'/>
		<gasScore value='3088'/>
		<totalScore value='95923'/>
	</player>

	<enemy>
		<race value='Protoss'/>
		<unitScore value='14300'/>
		<unitScore value='14300'/>
		<killScore value='12800'/>
		<buildingScore value='5900'/>
		<razingScore value='150'/>
		<mineralScore value='16626'/>
		<gasScore value='5128'/>
		<totalScore value='54904'/>
	</enemy>

	<scoreRatio value='1.7471'/>
</results>
