<results>
	<result value='loss'/>
	<start value='2014-07-10.16:00:37'/>
	<end value='2014-07-10.16:01:10'/>
	<frames value='46192'/>
	<gameDuration value='2887'/>

	<player>
		<unitScore value='26625'/>
		<killScore value='33500'/>
		<buildingScore value='3400'/>
		<razingScore value='600'/>
		<mineralScore value='28834'/>
		<gasScore value='4032'/>
		<totalScore value='96991'/>
	</player>

	<enemy>
		<race value='Protoss'/>
		<unitScore value='35050'/>
		<unitScore value='35050'/>
		<killScore value='53000'/>
		<buildingScore value='7375'/>
		<razingScore value='10200'/>
		<mineralScore value='31222'/>
		<gasScore value='12020'/>
		<totalScore value='148867'/>
	</enemy>

	<scoreRatio value='0.651528'/>
</results>
