<results>
	<result value='draw'/>
	<start value='2014-07-10.16:03:27'/>
	<end value='2014-07-10.16:04:20'/>
	<frames value='57601'/>
	<gameDuration value='3600'/>

	<player>
		<unitScore value='28800'/>
		<killScore value='61900'/>
		<buildingScore value='4075'/>
		<razingScore value='11175'/>
		<mineralScore value='31562'/>
		<gasScore value='7192'/>
		<totalScore value='144704'/>
	</player>

	<enemy>
		<race value='Protoss'/>
		<unitScore value='36575'/>
		<unitScore value='36575'/>
		<killScore value='53000'/>
		<buildingScore value='7725'/>
		<razingScore value='2475'/>
		<mineralScore value='31450'/>
		<gasScore value='11338'/>
		<totalScore value='142563'/>
	</enemy>

	<scoreRatio value='1.01502'/>
</results>
