<results>
	<result value='win'/>
	<start value='2015-05-10.19:43:53'/>
	<end value='2015-05-10.19:44:23'/>
	<frames value='26848'/>
	<gameDuration value='1678'/>

	<player>
		<unitScore value='17600'/>
		<killScore value='28890'/>
		<buildingScore value='3825'/>
		<razingScore value='5685'/>
		<mineralScore value='24250'/>
		<gasScore value='1888'/>
		<totalScore value='82138'/>
	</player>

	<enemy>
		<race value='Zerg'/>
		<unitScore value='13500'/>
		<unitScore value='13500'/>
		<killScore value='14200'/>
		<buildingScore value='1895'/>
		<razingScore value='0'/>
		<mineralScore value='11986'/>
		<gasScore value='3760'/>
		<totalScore value='45341'/>
	</enemy>

	<scoreRatio value='1.81156'/>
	<timeFitness value='0.766944'/>
	<unitsAverage value='96'/>
</results>
