<results>
	<result value='win'/>
	<start value='2015-05-03.21:10:04'/>
	<end value='2015-05-03.21:10:49'/>
	<frames value='31219'/>
	<gameDuration value='1951'/>

	<player>
		<unitScore value='23525'/>
		<killScore value='28450'/>
		<buildingScore value='4775'/>
		<razingScore value='6180'/>
		<mineralScore value='28918'/>
		<gasScore value='1840'/>
		<totalScore value='93688'/>
	</player>

	<enemy>
		<race value='Zerg'/>
		<unitScore value='13650'/>
		<unitScore value='13650'/>
		<killScore value='24050'/>
		<buildingScore value='2060'/>
		<razingScore value='0'/>
		<mineralScore value='12494'/>
		<gasScore value='4192'/>
		<totalScore value='56446'/>
	</enemy>

	<scoreRatio value='1.65978'/>
	<timeFitness value='0.729028'/>
	<unitsAverage value='106'/>
</results>
