<results>
	<result value='loss'/>
	<start value='2015-05-04.21:44:58'/>
	<end value='2015-05-04.21:45:05'/>
	<frames value='16494'/>
	<gameDuration value='1030'/>

	<player>
		<unitScore value='1925'/>
		<killScore value='500'/>
		<buildingScore value='1325'/>
		<razingScore value='0'/>
		<mineralScore value='3138'/>
		<gasScore value='440'/>
		<totalScore value='7328'/>
	</player>

	<enemy>
		<race value='Terran'/>
		<unitScore value='5450'/>
		<unitScore value='5450'/>
		<killScore value='3850'/>
		<buildingScore value='1950'/>
		<razingScore value='3975'/>
		<mineralScore value='7522'/>
		<gasScore value='2560'/>
		<totalScore value='25307'/>
	</enemy>

	<scoreRatio value='0.289564'/>
	<timeFitness value='0.143056'/>
	<unitsAverage value='15'/>
</results>
