<results>
	<result value='win'/>
	<start value='2015-05-04.21:47:33'/>
	<end value='2015-05-04.21:47:47'/>
	<frames value='27964'/>
	<gameDuration value='1747'/>

	<player>
		<unitScore value='11225'/>
		<killScore value='20650'/>
		<buildingScore value='3650'/>
		<razingScore value='7650'/>
		<mineralScore value='19666'/>
		<gasScore value='2720'/>
		<totalScore value='65561'/>
	</player>

	<enemy>
		<race value='Terran'/>
		<unitScore value='10625'/>
		<unitScore value='10625'/>
		<killScore value='6150'/>
		<buildingScore value='2550'/>
		<razingScore value='2025'/>
		<mineralScore value='11566'/>
		<gasScore value='4040'/>
		<totalScore value='36956'/>
	</enemy>

	<scoreRatio value='1.77403'/>
	<timeFitness value='0.757361'/>
	<unitsAverage value='65'/>
</results>
