<results>
	<result value='win'/>
	<start value='2015-05-04.21:55:12'/>
	<end value='2015-05-04.21:55:29'/>
	<frames value='30630'/>
	<gameDuration value='1914'/>

	<player>
		<unitScore value='10975'/>
		<killScore value='23550'/>
		<buildingScore value='2925'/>
		<razingScore value='8025'/>
		<mineralScore value='14194'/>
		<gasScore value='2728'/>
		<totalScore value='62397'/>
	</player>

	<enemy>
		<race value='Terran'/>
		<unitScore value='11775'/>
		<unitScore value='11775'/>
		<killScore value='12200'/>
		<buildingScore value='2750'/>
		<razingScore value='2700'/>
		<mineralScore value='11694'/>
		<gasScore value='3976'/>
		<totalScore value='45095'/>
	</enemy>

	<scoreRatio value='1.38368'/>
	<timeFitness value='0.734167'/>
	<unitsAverage value='51'/>
</results>
