<results>
	<result value='win'/>
	<start value='2015-05-11.02:03:21'/>
	<end value='2015-05-11.02:03:52'/>
	<frames value='25608'/>
	<gameDuration value='1600'/>

	<player>
		<unitScore value='16250'/>
		<killScore value='19240'/>
		<buildingScore value='4325'/>
		<razingScore value='7290'/>
		<mineralScore value='23290'/>
		<gasScore value='2560'/>
		<totalScore value='72955'/>
	</player>

	<enemy>
		<race value='Zerg'/>
		<unitScore value='9375'/>
		<unitScore value='9375'/>
		<killScore value='10950'/>
		<buildingScore value='2430'/>
		<razingScore value='150'/>
		<mineralScore value='10378'/>
		<gasScore value='2928'/>
		<totalScore value='36211'/>
	</enemy>

	<scoreRatio value='2.01472'/>
	<timeFitness value='0.777778'/>
	<unitsAverage value='99'/>
</results>
