<results>
	<result value='win'/>
	<start value='2015-05-09.22:45:09'/>
	<end value='2015-05-09.22:46:43'/>
	<frames value='49478'/>
	<gameDuration value='3092'/>

	<player>
		<unitScore value='31125'/>
		<killScore value='58690'/>
		<buildingScore value='4425'/>
		<razingScore value='20550'/>
		<mineralScore value='36094'/>
		<gasScore value='7110'/>
		<totalScore value='157994'/>
	</player>

	<enemy>
		<race value='Protoss'/>
		<unitScore value='31035'/>
		<unitScore value='31035'/>
		<killScore value='38250'/>
		<buildingScore value='6850'/>
		<razingScore value='0'/>
		<mineralScore value='26142'/>
		<gasScore value='10272'/>
		<totalScore value='112549'/>
	</enemy>

	<scoreRatio value='1.40378'/>
	<timeFitness value='0.570556'/>
	<unitsAverage value='165'/>
</results>
