<results>
	<result value='win'/>
	<start value='2014-07-24.05:03:39'/>
	<end value='2014-07-24.05:03:58'/>
	<frames value='27964'/>
	<gameDuration value='1747'/>

	<player>
		<unitScore value='13425'/>
		<killScore value='27050'/>
		<buildingScore value='3125'/>
		<razingScore value='9300'/>
		<mineralScore value='17702'/>
		<gasScore value='1904'/>
		<totalScore value='72506'/>
	</player>

	<enemy>
		<race value='Terran'/>
		<unitScore value='14625'/>
		<unitScore value='14625'/>
		<killScore value='9250'/>
		<buildingScore value='3100'/>
		<razingScore value='525'/>
		<mineralScore value='12978'/>
		<gasScore value='5856'/>
		<totalScore value='46334'/>
	</enemy>

	<scoreRatio value='1.56486'/>
</results>
