<results>
	<result value='win'/>
	<start value='2015-04-30.08:32:44'/>
	<end value='2015-04-30.08:33:11'/>
	<frames value='26104'/>
	<gameDuration value='1631'/>

	<player>
		<unitScore value='12875'/>
		<killScore value='19150'/>
		<buildingScore value='4150'/>
		<razingScore value='7875'/>
		<mineralScore value='20630'/>
		<gasScore value='2712'/>
		<totalScore value='67392'/>
	</player>

	<enemy>
		<race value='Terran'/>
		<unitScore value='9575'/>
		<unitScore value='9575'/>
		<killScore value='7000'/>
		<buildingScore value='2625'/>
		<razingScore value='0'/>
		<mineralScore value='11478'/>
		<gasScore value='3256'/>
		<totalScore value='33934'/>
	</enemy>

	<scoreRatio value='1.98597'/>
	<timeFitness value='0.773472'/>
	<unitsAverage value='77'/>
</results>
