<results>
	<result value='win'/>
	<start value='2015-04-30.08:37:31'/>
	<end value='2015-04-30.08:37:56'/>
	<frames value='28367'/>
	<gameDuration value='1772'/>

	<player>
		<unitScore value='13325'/>
		<killScore value='23900'/>
		<buildingScore value='3325'/>
		<razingScore value='7200'/>
		<mineralScore value='17154'/>
		<gasScore value='2616'/>
		<totalScore value='67520'/>
	</player>

	<enemy>
		<race value='Terran'/>
		<unitScore value='11950'/>
		<unitScore value='11950'/>
		<killScore value='12650'/>
		<buildingScore value='2400'/>
		<razingScore value='2250'/>
		<mineralScore value='11450'/>
		<gasScore value='4104'/>
		<totalScore value='44804'/>
	</enemy>

	<scoreRatio value='1.50701'/>
	<timeFitness value='0.753889'/>
	<unitsAverage value='67'/>
</results>
