<results>
	<result value='loss'/>
	<start value='2015-04-12.21:36:14'/>
	<end value='2015-04-12.21:36:22'/>
	<frames value='17641'/>
	<gameDuration value='1102'/>

	<player>
		<unitScore value='3600'/>
		<killScore value='1400'/>
		<buildingScore value='1750'/>
		<razingScore value='0'/>
		<mineralScore value='5482'/>
		<gasScore value='816'/>
		<totalScore value='13048'/>
	</player>

	<enemy>
		<race value='Protoss'/>
		<unitScore value='3700'/>
		<unitScore value='3700'/>
		<killScore value='7200'/>
		<buildingScore value='4175'/>
		<razingScore value='5250'/>
		<mineralScore value='9554'/>
		<gasScore value='1680'/>
		<totalScore value='31559'/>
	</enemy>

	<scoreRatio value='0.413448'/>
</results>
