<results>
	<result value='loss'/>
	<start value='2015-05-10.05:56:25'/>
	<end value='2015-05-10.05:56:34'/>
	<frames value='17734'/>
	<gameDuration value='1108'/>

	<player>
		<unitScore value='4650'/>
		<killScore value='600'/>
		<buildingScore value='1600'/>
		<razingScore value='0'/>
		<mineralScore value='6746'/>
		<gasScore value='824'/>
		<totalScore value='14420'/>
	</player>

	<enemy>
		<race value='Terran'/>
		<unitScore value='6350'/>
		<unitScore value='6350'/>
		<killScore value='9300'/>
		<buildingScore value='2750'/>
		<razingScore value='4800'/>
		<mineralScore value='8114'/>
		<gasScore value='2656'/>
		<totalScore value='33970'/>
	</enemy>

	<scoreRatio value='0.424492'/>
	<timeFitness value='0.153889'/>
	<unitsAverage value='26'/>
</results>
