<results>
	<result value='loss'/>
	<start value='2015-05-10.05:59:45'/>
	<end value='2015-05-10.05:59:56'/>
	<frames value='20369'/>
	<gameDuration value='1273'/>

	<player>
		<unitScore value='4575'/>
		<killScore value='4550'/>
		<buildingScore value='1975'/>
		<razingScore value='150'/>
		<mineralScore value='6834'/>
		<gasScore value='1456'/>
		<totalScore value='19540'/>
	</player>

	<enemy>
		<race value='Terran'/>
		<unitScore value='6725'/>
		<unitScore value='6725'/>
		<killScore value='8650'/>
		<buildingScore value='2250'/>
		<razingScore value='5925'/>
		<mineralScore value='9498'/>
		<gasScore value='3208'/>
		<totalScore value='36256'/>
	</enemy>

	<scoreRatio value='0.538945'/>
	<timeFitness value='0.176806'/>
	<unitsAverage value='27'/>
</results>
