<results>
	<result value='win'/>
	<start value='2015-05-10.06:01:46'/>
	<end value='2015-05-10.06:02:13'/>
	<frames value='29297'/>
	<gameDuration value='1831'/>

	<player>
		<unitScore value='17000'/>
		<killScore value='22450'/>
		<buildingScore value='3975'/>
		<razingScore value='9375'/>
		<mineralScore value='21898'/>
		<gasScore value='3072'/>
		<totalScore value='77770'/>
	</player>

	<enemy>
		<race value='Terran'/>
		<unitScore value='12175'/>
		<unitScore value='12175'/>
		<killScore value='13750'/>
		<buildingScore value='3125'/>
		<razingScore value='750'/>
		<mineralScore value='10958'/>
		<gasScore value='4576'/>
		<totalScore value='45334'/>
	</enemy>

	<scoreRatio value='1.71549'/>
	<timeFitness value='0.745694'/>
	<unitsAverage value='86'/>
</results>
