<results>
	<result value='win'/>
	<start value='2015-05-11.19:27:50'/>
	<end value='2015-05-11.19:28:20'/>
	<frames value='24678'/>
	<gameDuration value='1542'/>

	<player>
		<unitScore value='17075'/>
		<killScore value='29570'/>
		<buildingScore value='4350'/>
		<razingScore value='3660'/>
		<mineralScore value='28222'/>
		<gasScore value='2216'/>
		<totalScore value='85093'/>
	</player>

	<enemy>
		<race value='Zerg'/>
		<unitScore value='12900'/>
		<unitScore value='12900'/>
		<killScore value='14250'/>
		<buildingScore value='1220'/>
		<razingScore value='0'/>
		<mineralScore value='10474'/>
		<gasScore value='3328'/>
		<totalScore value='42172'/>
	</enemy>

	<scoreRatio value='2.01776'/>
	<timeFitness value='0.785833'/>
	<unitsAverage value='98'/>
</results>
