<results>
	<result value='loss'/>
	<start value='2015-05-11.19:35:22'/>
	<end value='2015-05-11.19:35:25'/>
	<frames value='7287'/>
	<gameDuration value='455'/>

	<player>
		<unitScore value='950'/>
		<killScore value='100'/>
		<buildingScore value='650'/>
		<razingScore value='0'/>
		<mineralScore value='1250'/>
		<gasScore value='24'/>
		<totalScore value='2974'/>
	</player>

	<enemy>
		<race value='Zerg'/>
		<unitScore value='1250'/>
		<unitScore value='1250'/>
		<killScore value='1800'/>
		<buildingScore value='440'/>
		<razingScore value='1950'/>
		<mineralScore value='1994'/>
		<gasScore value='16'/>
		<totalScore value='7450'/>
	</enemy>

	<scoreRatio value='0.399195'/>
	<timeFitness value='0.0631944'/>
	<unitsAverage value='9'/>
</results>
