<results>
	<result value='win'/>
	<start value='2015-05-04.17:19:49'/>
	<end value='2015-05-04.17:20:17'/>
	<frames value='23934'/>
	<gameDuration value='1495'/>

	<player>
		<unitScore value='13625'/>
		<killScore value='15715'/>
		<buildingScore value='3775'/>
		<razingScore value='6225'/>
		<mineralScore value='22838'/>
		<gasScore value='1816'/>
		<totalScore value='63994'/>
	</player>

	<enemy>
		<race value='Zerg'/>
		<unitScore value='8025'/>
		<unitScore value='8025'/>
		<killScore value='8350'/>
		<buildingScore value='2075'/>
		<razingScore value='0'/>
		<mineralScore value='9130'/>
		<gasScore value='2904'/>
		<totalScore value='30484'/>
	</enemy>

	<scoreRatio value='2.09927'/>
	<timeFitness value='0.792361'/>
	<unitsAverage value='90'/>
</results>
