<results>
	<result value='loss'/>
	<start value='2015-07-13.13:19:51'/>
	<end value='2015-07-13.13:20:29'/>
	<frames value='37388'/>
	<gameDuration value='2336'/>

	<player>
		<unitScore value='23600'/>
		<killScore value='12450'/>
		<buildingScore value='4100'/>
		<razingScore value='600'/>
		<mineralScore value='25198'/>
		<gasScore value='4120'/>
		<totalScore value='70068'/>
	</player>

	<enemy>
		<race value='Protoss'/>
		<unitScore value='25420'/>
		<killScore value='44800'/>
		<buildingScore value='7550'/>
		<razingScore value='12300'/>
		<mineralScore value='27838'/>
		<gasScore value='8990'/>
		<totalScore value='126898'/>
	</enemy>

	<scoreRatio value='0.55216'/>
	<timeFitness value='0.324444'/>
	<unitsAverage value='76'/>
</results>
