<results>
	<result value='win'/>
	<start value='2015-05-10.16:26:58'/>
	<end value='2015-05-10.16:27:37'/>
	<frames value='37202'/>
	<gameDuration value='2325'/>

	<player>
		<unitScore value='18000'/>
		<killScore value='19450'/>
		<buildingScore value='3425'/>
		<razingScore value='16425'/>
		<mineralScore value='25098'/>
		<gasScore value='1608'/>
		<totalScore value='84006'/>
	</player>

	<enemy>
		<race value='Protoss'/>
		<unitScore value='9925'/>
		<unitScore value='9925'/>
		<killScore value='19400'/>
		<buildingScore value='5475'/>
		<razingScore value='2175'/>
		<mineralScore value='14090'/>
		<gasScore value='3248'/>
		<totalScore value='54313'/>
	</enemy>

	<scoreRatio value='1.5467'/>
	<timeFitness value='0.677083'/>
	<unitsAverage value='89'/>
</results>
