<results>
	<result value='loss'/>
	<start value='2015-05-10.16:27:41'/>
	<end value='2015-05-10.16:28:12'/>
	<frames value='35497'/>
	<gameDuration value='2218'/>

	<player>
		<unitScore value='17750'/>
		<killScore value='15250'/>
		<buildingScore value='2875'/>
		<razingScore value='1050'/>
		<mineralScore value='20262'/>
		<gasScore value='3640'/>
		<totalScore value='60827'/>
	</player>

	<enemy>
		<race value='Protoss'/>
		<unitScore value='19000'/>
		<unitScore value='19000'/>
		<killScore value='35500'/>
		<buildingScore value='7125'/>
		<razingScore value='8625'/>
		<mineralScore value='23058'/>
		<gasScore value='7760'/>
		<totalScore value='101068'/>
	</enemy>

	<scoreRatio value='0.601842'/>
	<timeFitness value='0.308056'/>
	<unitsAverage value='68'/>
</results>
