<results>
	<result value='win'/>
	<start value='2015-05-04.04:40:09'/>
	<end value='2015-05-04.04:40:44'/>
	<frames value='33203'/>
	<gameDuration value='2075'/>

	<player>
		<unitScore value='19400'/>
		<killScore value='17250'/>
		<buildingScore value='3925'/>
		<razingScore value='20025'/>
		<mineralScore value='25314'/>
		<gasScore value='3824'/>
		<totalScore value='89738'/>
	</player>

	<enemy>
		<race value='Protoss'/>
		<unitScore value='8850'/>
		<unitScore value='8850'/>
		<killScore value='14900'/>
		<buildingScore value='6675'/>
		<razingScore value='150'/>
		<mineralScore value='17986'/>
		<gasScore value='3240'/>
		<totalScore value='51801'/>
	</enemy>

	<scoreRatio value='1.73236'/>
	<timeFitness value='0.711806'/>
	<unitsAverage value='93'/>
</results>
