<results>
	<result value='win'/>
	<start value='2015-05-04.04:46:41'/>
	<end value='2015-05-04.04:46:58'/>
	<frames value='21330'/>
	<gameDuration value='1333'/>

	<player>
		<unitScore value='12550'/>
		<killScore value='12600'/>
		<buildingScore value='3550'/>
		<razingScore value='7425'/>
		<mineralScore value='19062'/>
		<gasScore value='0'/>
		<totalScore value='55187'/>
	</player>

	<enemy>
		<race value='Protoss'/>
		<unitScore value='6500'/>
		<unitScore value='6500'/>
		<killScore value='11500'/>
		<buildingScore value='2475'/>
		<razingScore value='0'/>
		<mineralScore value='8354'/>
		<gasScore value='1792'/>
		<totalScore value='30621'/>
	</enemy>

	<scoreRatio value='1.80226'/>
	<timeFitness value='0.814861'/>
	<unitsAverage value='70'/>
</results>
