<results>
	<result value='loss'/>
	<start value='2015-05-04.04:47:01'/>
	<end value='2015-05-04.04:47:24'/>
	<frames value='38814'/>
	<gameDuration value='2425'/>

	<player>
		<unitScore value='11475'/>
		<killScore value='14550'/>
		<buildingScore value='1425'/>
		<razingScore value='900'/>
		<mineralScore value='11986'/>
		<gasScore value='4328'/>
		<totalScore value='44664'/>
	</player>

	<enemy>
		<race value='Protoss'/>
		<unitScore value='25700'/>
		<unitScore value='25700'/>
		<killScore value='22700'/>
		<buildingScore value='7425'/>
		<razingScore value='4275'/>
		<mineralScore value='26898'/>
		<gasScore value='10024'/>
		<totalScore value='97022'/>
	</enemy>

	<scoreRatio value='0.460349'/>
	<timeFitness value='0.336806'/>
	<unitsAverage value='38'/>
</results>
