<results>
	<result value='win'/>
	<start value='2015-05-04.04:48:10'/>
	<end value='2015-05-04.04:48:39'/>
	<frames value='28770'/>
	<gameDuration value='1798'/>

	<player>
		<unitScore value='15350'/>
		<killScore value='16750'/>
		<buildingScore value='4075'/>
		<razingScore value='17325'/>
		<mineralScore value='25826'/>
		<gasScore value='3280'/>
		<totalScore value='82606'/>
	</player>

	<enemy>
		<race value='Protoss'/>
		<unitScore value='8600'/>
		<unitScore value='8600'/>
		<killScore value='11250'/>
		<buildingScore value='5775'/>
		<razingScore value='750'/>
		<mineralScore value='15706'/>
		<gasScore value='3856'/>
		<totalScore value='45937'/>
	</enemy>

	<scoreRatio value='1.79825'/>
	<timeFitness value='0.750278'/>
	<unitsAverage value='91'/>
</results>
