<results>
	<result value='win'/>
	<start value='2015-05-10.16:46:57'/>
	<end value='2015-05-10.16:48:22'/>
	<frames value='48238'/>
	<gameDuration value='3014'/>

	<player>
		<unitScore value='22775'/>
		<killScore value='38300'/>
		<buildingScore value='4425'/>
		<razingScore value='20550'/>
		<mineralScore value='41094'/>
		<gasScore value='7154'/>
		<totalScore value='134298'/>
	</player>

	<enemy>
		<race value='Protoss'/>
		<unitScore value='20525'/>
		<unitScore value='20525'/>
		<killScore value='22700'/>
		<buildingScore value='6850'/>
		<razingScore value='150'/>
		<mineralScore value='21530'/>
		<gasScore value='7824'/>
		<totalScore value='79579'/>
	</enemy>

	<scoreRatio value='1.68761'/>
	<timeFitness value='0.581389'/>
	<unitsAverage value='152'/>
</results>
