<results>
	<result value='loss'/>
	<start value='2015-05-10.16:49:57'/>
	<end value='2015-05-10.16:50:06'/>
	<frames value='15905'/>
	<gameDuration value='994'/>

	<player>
		<unitScore value='3050'/>
		<killScore value='1000'/>
		<buildingScore value='1550'/>
		<razingScore value='0'/>
		<mineralScore value='5002'/>
		<gasScore value='648'/>
		<totalScore value='11250'/>
	</player>

	<enemy>
		<race value='Protoss'/>
		<unitScore value='3550'/>
		<unitScore value='3550'/>
		<killScore value='6000'/>
		<buildingScore value='3425'/>
		<razingScore value='4650'/>
		<mineralScore value='8242'/>
		<gasScore value='1680'/>
		<totalScore value='27547'/>
	</enemy>

	<scoreRatio value='0.408393'/>
	<timeFitness value='0.138056'/>
	<unitsAverage value='22'/>
</results>
