<results>
	<result value='loss'/>
	<start value='2015-04-11.17:49:23'/>
	<end value='2015-04-11.17:50:05'/>
	<frames value='36551'/>
	<gameDuration value='2284'/>

	<player>
		<unitScore value='13875'/>
		<killScore value='10650'/>
		<buildingScore value='2450'/>
		<razingScore value='0'/>
		<mineralScore value='14922'/>
		<gasScore value='2736'/>
		<totalScore value='44633'/>
	</player>

	<enemy>
		<race value='Protoss'/>
		<unitScore value='23750'/>
		<unitScore value='23750'/>
		<killScore value='27500'/>
		<buildingScore value='7575'/>
		<razingScore value='7350'/>
		<mineralScore value='25438'/>
		<gasScore value='9466'/>
		<totalScore value='101079'/>
	</enemy>

	<scoreRatio value='0.441566'/>
</results>
