<results>
	<result value='loss'/>
	<start value='2015-04-11.17:54:55'/>
	<end value='2015-04-11.17:55:07'/>
	<frames value='13890'/>
	<gameDuration value='868'/>

	<player>
		<unitScore value='3050'/>
		<killScore value='600'/>
		<buildingScore value='1150'/>
		<razingScore value='0'/>
		<mineralScore value='4282'/>
		<gasScore value='424'/>
		<totalScore value='9506'/>
	</player>

	<enemy>
		<race value='Protoss'/>
		<unitScore value='3550'/>
		<unitScore value='3550'/>
		<killScore value='6100'/>
		<buildingScore value='2375'/>
		<razingScore value='3450'/>
		<mineralScore value='7162'/>
		<gasScore value='1192'/>
		<totalScore value='23829'/>
	</enemy>

	<scoreRatio value='0.398926'/>
</results>
