<results>
	<result value='loss'/>
	<start value='2015-04-27.02:28:08'/>
	<end value='2015-04-27.02:28:23'/>
	<frames value='23097'/>
	<gameDuration value='1443'/>

	<player>
		<unitScore value='6675'/>
		<killScore value='5100'/>
		<buildingScore value='2725'/>
		<razingScore value='0'/>
		<mineralScore value='9554'/>
		<gasScore value='1456'/>
		<totalScore value='25510'/>
	</player>

	<enemy>
		<race value='Terran'/>
		<unitScore value='10000'/>
		<unitScore value='10000'/>
		<killScore value='13350'/>
		<buildingScore value='3675'/>
		<razingScore value='8175'/>
		<mineralScore value='11010'/>
		<gasScore value='4992'/>
		<totalScore value='51202'/>
	</enemy>

	<scoreRatio value='0.498223'/>
</results>
