<results>
	<result value='win'/>
	<start value='2015-04-27.02:30:58'/>
	<end value='2015-04-27.02:31:34'/>
	<frames value='39930'/>
	<gameDuration value='2495'/>

	<player>
		<unitScore value='22900'/>
		<killScore value='31550'/>
		<buildingScore value='4275'/>
		<razingScore value='12150'/>
		<mineralScore value='28062'/>
		<gasScore value='3528'/>
		<totalScore value='102465'/>
	</player>

	<enemy>
		<race value='Terran'/>
		<unitScore value='17800'/>
		<unitScore value='17800'/>
		<killScore value='29650'/>
		<buildingScore value='4050'/>
		<razingScore value='2700'/>
		<mineralScore value='16770'/>
		<gasScore value='8244'/>
		<totalScore value='79214'/>
	</enemy>

	<scoreRatio value='1.29352'/>
</results>
