<results>
	<result value='win'/>
	<start value='2015-04-27.02:32:16'/>
	<end value='2015-04-27.02:33:43'/>
	<frames value='51493'/>
	<gameDuration value='3218'/>

	<player>
		<unitScore value='32325'/>
		<killScore value='38100'/>
		<buildingScore value='5150'/>
		<razingScore value='10875'/>
		<mineralScore value='45238'/>
		<gasScore value='8560'/>
		<totalScore value='140248'/>
	</player>

	<enemy>
		<race value='Terran'/>
		<unitScore value='20650'/>
		<unitScore value='20650'/>
		<killScore value='41200'/>
		<buildingScore value='3625'/>
		<razingScore value='2100'/>
		<mineralScore value='17214'/>
		<gasScore value='7936'/>
		<totalScore value='92725'/>
	</enemy>

	<scoreRatio value='1.51252'/>
</results>
