<results>
	<result value='loss'/>
	<start value='2015-04-27.02:39:36'/>
	<end value='2015-04-27.02:39:46'/>
	<frames value='18912'/>
	<gameDuration value='1182'/>

	<player>
		<unitScore value='4025'/>
		<killScore value='2400'/>
		<buildingScore value='2000'/>
		<razingScore value='0'/>
		<mineralScore value='6258'/>
		<gasScore value='896'/>
		<totalScore value='15579'/>
	</player>

	<enemy>
		<race value='Terran'/>
		<unitScore value='7350'/>
		<unitScore value='7350'/>
		<killScore value='8050'/>
		<buildingScore value='2850'/>
		<razingScore value='6000'/>
		<mineralScore value='8634'/>
		<gasScore value='3264'/>
		<totalScore value='36148'/>
	</enemy>

	<scoreRatio value='0.430978'/>
</results>
