<results>
	<result value='loss'/>
	<start value='2015-04-29.02:54:02'/>
	<end value='2015-04-29.02:54:40'/>
	<frames value='41852'/>
	<gameDuration value='2615'/>

	<player>
		<unitScore value='15975'/>
		<killScore value='18200'/>
		<buildingScore value='1900'/>
		<razingScore value='3000'/>
		<mineralScore value='17842'/>
		<gasScore value='592'/>
		<totalScore value='57509'/>
	</player>

	<enemy>
		<race value='Protoss'/>
		<unitScore value='19150'/>
		<unitScore value='19150'/>
		<killScore value='31950'/>
		<buildingScore value='7925'/>
		<razingScore value='5700'/>
		<mineralScore value='25154'/>
		<gasScore value='7316'/>
		<totalScore value='97195'/>
	</enemy>

	<scoreRatio value='0.591687'/>
</results>
