<results>
	<result value='win'/>
	<start value='2015-04-26.14:04:04'/>
	<end value='2015-04-26.14:04:30'/>
	<frames value='25918'/>
	<gameDuration value='1619'/>

	<player>
		<unitScore value='17650'/>
		<killScore value='17000'/>
		<buildingScore value='4025'/>
		<razingScore value='4650'/>
		<mineralScore value='27278'/>
		<gasScore value='1936'/>
		<totalScore value='72539'/>
	</player>

	<enemy>
		<race value='Terran'/>
		<unitScore value='8500'/>
		<unitScore value='8500'/>
		<killScore value='15750'/>
		<buildingScore value='1550'/>
		<razingScore value='0'/>
		<mineralScore value='12050'/>
		<gasScore value='2648'/>
		<totalScore value='40498'/>
	</enemy>

	<scoreRatio value='1.79117'/>
</results>
