<results>
	<result value='loss'/>
	<start value='2015-04-13.04:02:20'/>
	<end value='2015-04-13.04:04:01'/>
	<frames value='52330'/>
	<gameDuration value='3270'/>

	<player>
		<unitScore value='30700'/>
		<killScore value='41900'/>
		<buildingScore value='3150'/>
		<razingScore value='2850'/>
		<mineralScore value='31678'/>
		<gasScore value='6128'/>
		<totalScore value='116406'/>
	</player>

	<enemy>
		<race value='Protoss'/>
		<unitScore value='34175'/>
		<unitScore value='34175'/>
		<killScore value='61250'/>
		<buildingScore value='6875'/>
		<razingScore value='9450'/>
		<mineralScore value='30994'/>
		<gasScore value='10534'/>
		<totalScore value='153278'/>
	</enemy>

	<scoreRatio value='0.759444'/>
</results>
