<results>
	<result value='loss'/>
	<start value='2015-04-13.04:09:28'/>
	<end value='2015-04-13.04:10:43'/>
	<frames value='43774'/>
	<gameDuration value='2735'/>

	<player>
		<unitScore value='18375'/>
		<killScore value='20050'/>
		<buildingScore value='2800'/>
		<razingScore value='0'/>
		<mineralScore value='23066'/>
		<gasScore value='1816'/>
		<totalScore value='66107'/>
	</player>

	<enemy>
		<race value='Protoss'/>
		<unitScore value='31685'/>
		<unitScore value='31685'/>
		<killScore value='36850'/>
		<buildingScore value='7975'/>
		<razingScore value='8400'/>
		<mineralScore value='29658'/>
		<gasScore value='12476'/>
		<totalScore value='127044'/>
	</enemy>

	<scoreRatio value='0.520347'/>
</results>
