<results>
	<result value='win'/>
	<start value='2015-05-08.03:04:06'/>
	<end value='2015-05-08.03:04:18'/>
	<frames value='14417'/>
	<gameDuration value='901'/>

	<player>
		<unitScore value='3375'/>
		<killScore value='1600'/>
		<buildingScore value='1625'/>
		<razingScore value='2025'/>
		<mineralScore value='5458'/>
		<gasScore value='864'/>
		<totalScore value='14947'/>
	</player>

	<enemy>
		<race value='Zerg'/>
		<unitScore value='1100'/>
		<unitScore value='1100'/>
		<killScore value='800'/>
		<buildingScore value='675'/>
		<razingScore value='0'/>
		<mineralScore value='4418'/>
		<gasScore value='0'/>
		<totalScore value='6993'/>
	</enemy>

	<scoreRatio value='2.13742'/>
	<timeFitness value='0.874861'/>
	<unitsAverage value='29'/>
</results>
