<results>
	<result value='win'/>
	<start value='2015-05-08.03:34:28'/>
	<end value='2015-05-08.03:35:10'/>
	<frames value='27096'/>
	<gameDuration value='1693'/>

	<player>
		<unitScore value='15300'/>
		<killScore value='19410'/>
		<buildingScore value='4275'/>
		<razingScore value='5700'/>
		<mineralScore value='24650'/>
		<gasScore value='1944'/>
		<totalScore value='71279'/>
	</player>

	<enemy>
		<race value='Zerg'/>
		<unitScore value='9450'/>
		<unitScore value='9450'/>
		<killScore value='10500'/>
		<buildingScore value='1900'/>
		<razingScore value='0'/>
		<mineralScore value='9666'/>
		<gasScore value='3048'/>
		<totalScore value='34564'/>
	</enemy>

	<scoreRatio value='2.06223'/>
	<timeFitness value='0.764861'/>
	<unitsAverage value='95'/>
</results>
