<results>
	<result value='win'/>
	<start value='2015-05-02.22:23:50'/>
	<end value='2015-05-02.22:24:25'/>
	<frames value='23593'/>
	<gameDuration value='1474'/>

	<player>
		<unitScore value='14700'/>
		<killScore value='19965'/>
		<buildingScore value='3625'/>
		<razingScore value='5580'/>
		<mineralScore value='19874'/>
		<gasScore value='2640'/>
		<totalScore value='66384'/>
	</player>

	<enemy>
		<race value='Zerg'/>
		<unitScore value='8700'/>
		<unitScore value='8700'/>
		<killScore value='11850'/>
		<buildingScore value='1860'/>
		<razingScore value='0'/>
		<mineralScore value='8778'/>
		<gasScore value='2520'/>
		<totalScore value='33708'/>
	</enemy>

	<scoreRatio value='1.96938'/>
	<timeFitness value='0.795278'/>
	<unitsAverage value='80'/>
</results>
