<results>
	<result value='win'/>
	<start value='2015-05-02.22:35:06'/>
	<end value='2015-05-02.22:35:47'/>
	<frames value='27468'/>
	<gameDuration value='1716'/>

	<player>
		<unitScore value='17400'/>
		<killScore value='31160'/>
		<buildingScore value='3675'/>
		<razingScore value='5940'/>
		<mineralScore value='21570'/>
		<gasScore value='1824'/>
		<totalScore value='81569'/>
	</player>

	<enemy>
		<race value='Zerg'/>
		<unitScore value='14450'/>
		<unitScore value='14450'/>
		<killScore value='18000'/>
		<buildingScore value='1980'/>
		<razingScore value='0'/>
		<mineralScore value='12522'/>
		<gasScore value='3840'/>
		<totalScore value='50792'/>
	</enemy>

	<scoreRatio value='1.60594'/>
	<timeFitness value='0.761667'/>
	<unitsAverage value='77'/>
</results>
