<results>
	<result value='loss'/>
	<start value='2015-07-17.08:57:12'/>
	<end value='2015-07-17.08:57:51'/>
	<frames value='33141'/>
	<gameDuration value='2071'/>

	<player>
		<unitScore value='15725'/>
		<killScore value='10850'/>
		<buildingScore value='4425'/>
		<razingScore value='150'/>
		<mineralScore value='19346'/>
		<gasScore value='2224'/>
		<totalScore value='52720'/>
	</player>

	<enemy>
		<race value='Terran'/>
		<unitScore value='14750'/>
		<killScore value='26600'/>
		<buildingScore value='3500'/>
		<razingScore value='13425'/>
		<mineralScore value='14210'/>
		<gasScore value='6104'/>
		<totalScore value='78589'/>
	</enemy>

	<scoreRatio value='0.670832'/>
	<timeFitness value='0.287639'/>
	<unitsAverage value='64'/>
</results>
