<results>
	<result value='win'/>
	<start value='2015-07-17.09:08:40'/>
	<end value='2015-07-17.09:08:54'/>
	<frames value='17083'/>
	<gameDuration value='1067'/>

	<player>
		<unitScore value='7450'/>
		<killScore value='7950'/>
		<buildingScore value='2775'/>
		<razingScore value='3975'/>
		<mineralScore value='10194'/>
		<gasScore value='1504'/>
		<totalScore value='33848'/>
	</player>

	<enemy>
		<race value='Terran'/>
		<unitScore value='3975'/>
		<killScore value='3250'/>
		<buildingScore value='1325'/>
		<razingScore value='150'/>
		<mineralScore value='6314'/>
		<gasScore value='1352'/>
		<totalScore value='16366'/>
	</enemy>

	<scoreRatio value='2.06819'/>
	<timeFitness value='0.851806'/>
	<unitsAverage value='47'/>
</results>
