<results>
	<result value='win'/>
	<start value='2015-05-11.08:31:08'/>
	<end value='2015-05-11.08:31:44'/>
	<frames value='28429'/>
	<gameDuration value='1776'/>

	<player>
		<unitScore value='18400'/>
		<killScore value='38710'/>
		<buildingScore value='3575'/>
		<razingScore value='5520'/>
		<mineralScore value='32078'/>
		<gasScore value='3016'/>
		<totalScore value='101299'/>
	</player>

	<enemy>
		<race value='Zerg'/>
		<unitScore value='16325'/>
		<unitScore value='16325'/>
		<killScore value='16700'/>
		<buildingScore value='1840'/>
		<razingScore value='0'/>
		<mineralScore value='13882'/>
		<gasScore value='3840'/>
		<totalScore value='52587'/>
	</enemy>

	<scoreRatio value='1.92631'/>
	<timeFitness value='0.753333'/>
	<unitsAverage value='106'/>
</results>
