<results>
	<result value='win'/>
	<start value='2015-05-11.08:33:19'/>
	<end value='2015-05-11.08:34:08'/>
	<frames value='32800'/>
	<gameDuration value='2050'/>

	<player>
		<unitScore value='21575'/>
		<killScore value='36115'/>
		<buildingScore value='3625'/>
		<razingScore value='6855'/>
		<mineralScore value='33830'/>
		<gasScore value='2328'/>
		<totalScore value='104328'/>
	</player>

	<enemy>
		<race value='Zerg'/>
		<unitScore value='17575'/>
		<unitScore value='17575'/>
		<killScore value='18100'/>
		<buildingScore value='2285'/>
		<razingScore value='0'/>
		<mineralScore value='15510'/>
		<gasScore value='6056'/>
		<totalScore value='59526'/>
	</enemy>

	<scoreRatio value='1.75265'/>
	<timeFitness value='0.715278'/>
	<unitsAverage value='120'/>
</results>
