<results>
	<result value='win'/>
	<start value='2015-05-11.08:47:17'/>
	<end value='2015-05-11.08:48:13'/>
	<frames value='35900'/>
	<gameDuration value='2243'/>

	<player>
		<unitScore value='25675'/>
		<killScore value='42880'/>
		<buildingScore value='4125'/>
		<razingScore value='7470'/>
		<mineralScore value='33910'/>
		<gasScore value='3880'/>
		<totalScore value='117940'/>
	</player>

	<enemy>
		<race value='Zerg'/>
		<unitScore value='18950'/>
		<unitScore value='18950'/>
		<killScore value='26150'/>
		<buildingScore value='2490'/>
		<razingScore value='0'/>
		<mineralScore value='17306'/>
		<gasScore value='5616'/>
		<totalScore value='70512'/>
	</enemy>

	<scoreRatio value='1.67262'/>
	<timeFitness value='0.688472'/>
	<unitsAverage value='124'/>
</results>
