<results>
	<result value='win'/>
	<start value='2015-04-25.03:29:33'/>
	<end value='2015-04-25.03:29:58'/>
	<frames value='28522'/>
	<gameDuration value='1782'/>

	<player>
		<unitScore value='16025'/>
		<killScore value='23500'/>
		<buildingScore value='4675'/>
		<razingScore value='8100'/>
		<mineralScore value='23642'/>
		<gasScore value='2856'/>
		<totalScore value='78798'/>
	</player>

	<enemy>
		<race value='Terran'/>
		<unitScore value='12050'/>
		<unitScore value='12050'/>
		<killScore value='11800'/>
		<buildingScore value='2700'/>
		<razingScore value='1950'/>
		<mineralScore value='11038'/>
		<gasScore value='4320'/>
		<totalScore value='43858'/>
	</enemy>

	<scoreRatio value='1.79666'/>
</results>
