<results>
	<result value='win'/>
	<start value='2015-04-25.03:33:14'/>
	<end value='2015-04-25.03:33:28'/>
	<frames value='23128'/>
	<gameDuration value='1445'/>

	<player>
		<unitScore value='8875'/>
		<killScore value='11050'/>
		<buildingScore value='2775'/>
		<razingScore value='4500'/>
		<mineralScore value='12434'/>
		<gasScore value='1584'/>
		<totalScore value='41218'/>
	</player>

	<enemy>
		<race value='Terran'/>
		<unitScore value='5525'/>
		<unitScore value='5525'/>
		<killScore value='8800'/>
		<buildingScore value='1500'/>
		<razingScore value='3000'/>
		<mineralScore value='10426'/>
		<gasScore value='2144'/>
		<totalScore value='31395'/>
	</enemy>

	<scoreRatio value='1.31288'/>
</results>
