<results>
	<result value='loss'/>
	<start value='2015-04-25.03:36:16'/>
	<end value='2015-04-25.03:36:27'/>
	<frames value='20555'/>
	<gameDuration value='1284'/>

	<player>
		<unitScore value='3925'/>
		<killScore value='2850'/>
		<buildingScore value='1925'/>
		<razingScore value='0'/>
		<mineralScore value='5818'/>
		<gasScore value='1088'/>
		<totalScore value='15606'/>
	</player>

	<enemy>
		<race value='Terran'/>
		<unitScore value='7900'/>
		<unitScore value='7900'/>
		<killScore value='7850'/>
		<buildingScore value='2925'/>
		<razingScore value='5775'/>
		<mineralScore value='9810'/>
		<gasScore value='3808'/>
		<totalScore value='38068'/>
	</enemy>

	<scoreRatio value='0.409951'/>
</results>
