<results>
	<result value='loss'/>
	<start value='2015-05-09.19:56:17'/>
	<end value='2015-05-09.19:56:42'/>
	<frames value='35249'/>
	<gameDuration value='2203'/>

	<player>
		<unitScore value='9875'/>
		<killScore value='11700'/>
		<buildingScore value='3425'/>
		<razingScore value='0'/>
		<mineralScore value='13514'/>
		<gasScore value='1488'/>
		<totalScore value='40002'/>
	</player>

	<enemy>
		<race value='Protoss'/>
		<unitScore value='21225'/>
		<unitScore value='21225'/>
		<killScore value='19750'/>
		<buildingScore value='6725'/>
		<razingScore value='10275'/>
		<mineralScore value='22442'/>
		<gasScore value='8682'/>
		<totalScore value='89099'/>
	</enemy>

	<scoreRatio value='0.448961'/>
	<timeFitness value='0.305972'/>
	<unitsAverage value='43'/>
</results>
