<results>
	<result value='loss'/>
	<start value='2015-05-03.14:46:56'/>
	<end value='2015-05-03.14:47:04'/>
	<frames value='16091'/>
	<gameDuration value='1005'/>

	<player>
		<unitScore value='3300'/>
		<killScore value='800'/>
		<buildingScore value='1425'/>
		<razingScore value='0'/>
		<mineralScore value='4866'/>
		<gasScore value='352'/>
		<totalScore value='10743'/>
	</player>

	<enemy>
		<race value='Protoss'/>
		<unitScore value='3550'/>
		<unitScore value='3550'/>
		<killScore value='6600'/>
		<buildingScore value='3525'/>
		<razingScore value='4275'/>
		<mineralScore value='8130'/>
		<gasScore value='1520'/>
		<totalScore value='27600'/>
	</enemy>

	<scoreRatio value='0.389239'/>
	<timeFitness value='0.139583'/>
	<unitsAverage value='22'/>
</results>
