<results>
	<result value='win'/>
	<start value='2015-04-30.00:06:15'/>
	<end value='2015-04-30.00:06:53'/>
	<frames value='26600'/>
	<gameDuration value='1662'/>

	<player>
		<unitScore value='16350'/>
		<killScore value='23940'/>
		<buildingScore value='3925'/>
		<razingScore value='6255'/>
		<mineralScore value='21170'/>
		<gasScore value='1848'/>
		<totalScore value='73488'/>
	</player>

	<enemy>
		<race value='Zerg'/>
		<unitScore value='11700'/>
		<unitScore value='11700'/>
		<killScore value='11700'/>
		<buildingScore value='2085'/>
		<razingScore value='0'/>
		<mineralScore value='11586'/>
		<gasScore value='3864'/>
		<totalScore value='40935'/>
	</enemy>

	<scoreRatio value='1.79524'/>
	<timeFitness value='0.769167'/>
	<unitsAverage value='88'/>
</results>
