<results>
	<result value='win'/>
	<start value='2015-04-28.19:49:52'/>
	<end value='2015-04-28.19:50:15'/>
	<frames value='26476'/>
	<gameDuration value='1654'/>

	<player>
		<unitScore value='18400'/>
		<killScore value='25220'/>
		<buildingScore value='3625'/>
		<razingScore value='6015'/>
		<mineralScore value='28010'/>
		<gasScore value='2384'/>
		<totalScore value='83654'/>
	</player>

	<enemy>
		<race value='Zerg'/>
		<unitScore value='11125'/>
		<unitScore value='11125'/>
		<killScore value='15100'/>
		<buildingScore value='2005'/>
		<razingScore value='0'/>
		<mineralScore value='11426'/>
		<gasScore value='3816'/>
		<totalScore value='43472'/>
	</enemy>

	<scoreRatio value='1.92432'/>
	<timeFitness value='0.770278'/>
	<unitsAverage value='103'/>
</results>
