<results>
	<result value='win'/>
	<start value='2015-04-28.19:56:28'/>
	<end value='2015-04-28.19:56:52'/>
	<frames value='32645'/>
	<gameDuration value='2040'/>

	<player>
		<unitScore value='21650'/>
		<killScore value='30090'/>
		<buildingScore value='3650'/>
		<razingScore value='8040'/>
		<mineralScore value='25074'/>
		<gasScore value='2792'/>
		<totalScore value='91296'/>
	</player>

	<enemy>
		<race value='Zerg'/>
		<unitScore value='13525'/>
		<unitScore value='13525'/>
		<killScore value='24450'/>
		<buildingScore value='2680'/>
		<razingScore value='600'/>
		<mineralScore value='13498'/>
		<gasScore value='4432'/>
		<totalScore value='59185'/>
	</enemy>

	<scoreRatio value='1.54255'/>
	<timeFitness value='0.716667'/>
	<unitsAverage value='85'/>
</results>
