<results>
	<result value='loss'/>
	<start value='2015-05-04.05:47:40'/>
	<end value='2015-05-04.05:47:48'/>
	<frames value='14603'/>
	<gameDuration value='912'/>

	<player>
		<unitScore value='4450'/>
		<killScore value='100'/>
		<buildingScore value='1425'/>
		<razingScore value='0'/>
		<mineralScore value='4794'/>
		<gasScore value='600'/>
		<totalScore value='11369'/>
	</player>

	<enemy>
		<race value='Terran'/>
		<unitScore value='4400'/>
		<unitScore value='4400'/>
		<killScore value='8900'/>
		<buildingScore value='1500'/>
		<razingScore value='4275'/>
		<mineralScore value='6602'/>
		<gasScore value='2136'/>
		<totalScore value='27813'/>
	</enemy>

	<scoreRatio value='0.408766'/>
	<timeFitness value='0.126667'/>
	<unitsAverage value='25'/>
</results>
