<results>
	<result value='loss'/>
	<start value='2015-05-04.05:47:51'/>
	<end value='2015-05-04.05:48:02'/>
	<frames value='19377'/>
	<gameDuration value='1211'/>

	<player>
		<unitScore value='4375'/>
		<killScore value='2350'/>
		<buildingScore value='1925'/>
		<razingScore value='0'/>
		<mineralScore value='6258'/>
		<gasScore value='544'/>
		<totalScore value='15452'/>
	</player>

	<enemy>
		<race value='Terran'/>
		<unitScore value='7800'/>
		<unitScore value='7800'/>
		<killScore value='8750'/>
		<buildingScore value='2850'/>
		<razingScore value='5775'/>
		<mineralScore value='8970'/>
		<gasScore value='3392'/>
		<totalScore value='37537'/>
	</enemy>

	<scoreRatio value='0.411647'/>
	<timeFitness value='0.168194'/>
	<unitsAverage value='29'/>
</results>
