<results>
	<result value='win'/>
	<start value='2015-05-04.05:48:05'/>
	<end value='2015-05-04.05:48:25'/>
	<frames value='24709'/>
	<gameDuration value='1544'/>

	<player>
		<unitScore value='11350'/>
		<killScore value='21800'/>
		<buildingScore value='3275'/>
		<razingScore value='6900'/>
		<mineralScore value='14810'/>
		<gasScore value='2776'/>
		<totalScore value='60911'/>
	</player>

	<enemy>
		<race value='Terran'/>
		<unitScore value='10900'/>
		<unitScore value='10900'/>
		<killScore value='5000'/>
		<buildingScore value='2300'/>
		<razingScore value='150'/>
		<mineralScore value='10246'/>
		<gasScore value='3440'/>
		<totalScore value='32036'/>
	</enemy>

	<scoreRatio value='1.90133'/>
	<timeFitness value='0.785556'/>
	<unitsAverage value='68'/>
</results>
