<results>
	<result value='loss'/>
	<start value='2015-05-03.18:22:02'/>
	<end value='2015-05-03.18:22:09'/>
	<frames value='17517'/>
	<gameDuration value='1094'/>

	<player>
		<unitScore value='4175'/>
		<killScore value='1000'/>
		<buildingScore value='1750'/>
		<razingScore value='0'/>
		<mineralScore value='6274'/>
		<gasScore value='536'/>
		<totalScore value='13735'/>
	</player>

	<enemy>
		<race value='Protoss'/>
		<unitScore value='3600'/>
		<unitScore value='3600'/>
		<killScore value='8550'/>
		<buildingScore value='4075'/>
		<razingScore value='5250'/>
		<mineralScore value='9626'/>
		<gasScore value='1736'/>
		<totalScore value='32837'/>
	</enemy>

	<scoreRatio value='0.418278'/>
	<timeFitness value='0.151944'/>
	<unitsAverage value='23'/>
</results>
