<results>
	<result value='win'/>
	<start value='2015-03-31.15:07:09'/>
	<end value='2015-03-31.15:07:28'/>
	<frames value='28553'/>
	<gameDuration value='1784'/>

	<player>
		<unitScore value='12700'/>
		<killScore value='11550'/>
		<buildingScore value='2375'/>
		<razingScore value='11325'/>
		<mineralScore value='17114'/>
		<gasScore value='880'/>
		<totalScore value='55944'/>
	</player>

	<enemy>
		<race value='Protoss'/>
		<unitScore value='5775'/>
		<unitScore value='5775'/>
		<killScore value='15050'/>
		<buildingScore value='3775'/>
		<razingScore value='1650'/>
		<mineralScore value='9786'/>
		<gasScore value='1992'/>
		<totalScore value='38028'/>
	</enemy>

	<scoreRatio value='1.47113'/>
</results>
