<results>
	<result value='loss'/>
	<start value='2015-07-11.18:41:45'/>
	<end value='2015-07-11.18:42:12'/>
	<frames value='29018'/>
	<gameDuration value='1813'/>

	<player>
		<unitScore value='13350'/>
		<killScore value='5500'/>
		<buildingScore value='3350'/>
		<razingScore value='0'/>
		<mineralScore value='13394'/>
		<gasScore value='1928'/>
		<totalScore value='37522'/>
	</player>

	<enemy>
		<race value='Terran'/>
		<unitScore value='12950'/>
		<killScore value='26700'/>
		<buildingScore value='4650'/>
		<razingScore value='10275'/>
		<mineralScore value='14846'/>
		<gasScore value='7280'/>
		<totalScore value='76701'/>
	</enemy>

	<scoreRatio value='0.489198'/>
	<timeFitness value='0.251806'/>
	<unitsAverage value='44'/>
</results>
