<results>
	<result value='win'/>
	<start value='2015-04-14.22:45:50'/>
	<end value='2015-04-14.22:47:15'/>
	<frames value='47122'/>
	<gameDuration value='2945'/>

	<player>
		<unitScore value='29350'/>
		<killScore value='35450'/>
		<buildingScore value='2875'/>
		<razingScore value='21825'/>
		<mineralScore value='30798'/>
		<gasScore value='5112'/>
		<totalScore value='125410'/>
	</player>

	<enemy>
		<race value='Protoss'/>
		<unitScore value='18175'/>
		<unitScore value='18175'/>
		<killScore value='44850'/>
		<buildingScore value='7275'/>
		<razingScore value='150'/>
		<mineralScore value='21598'/>
		<gasScore value='8218'/>
		<totalScore value='100266'/>
	</enemy>

	<scoreRatio value='1.25077'/>
</results>
