<results>
	<result value='win'/>
	<start value='2015-05-09.12:24:06'/>
	<end value='2015-05-09.12:24:25'/>
	<frames value='21547'/>
	<gameDuration value='1346'/>

	<player>
		<unitScore value='11250'/>
		<killScore value='14700'/>
		<buildingScore value='2700'/>
		<razingScore value='6450'/>
		<mineralScore value='14810'/>
		<gasScore value='1744'/>
		<totalScore value='51654'/>
	</player>

	<enemy>
		<race value='Terran'/>
		<unitScore value='7400'/>
		<unitScore value='7400'/>
		<killScore value='8550'/>
		<buildingScore value='2150'/>
		<razingScore value='150'/>
		<mineralScore value='8810'/>
		<gasScore value='2648'/>
		<totalScore value='29708'/>
	</enemy>

	<scoreRatio value='1.73872'/>
	<timeFitness value='0.813056'/>
	<unitsAverage value='63'/>
</results>
