<results>
	<result value='win'/>
	<start value='2015-05-09.12:26:19'/>
	<end value='2015-05-09.12:26:48'/>
	<frames value='25019'/>
	<gameDuration value='1563'/>

	<player>
		<unitScore value='12000'/>
		<killScore value='20100'/>
		<buildingScore value='3850'/>
		<razingScore value='8925'/>
		<mineralScore value='21342'/>
		<gasScore value='1880'/>
		<totalScore value='68097'/>
	</player>

	<enemy>
		<race value='Terran'/>
		<unitScore value='10500'/>
		<unitScore value='10500'/>
		<killScore value='4800'/>
		<buildingScore value='2975'/>
		<razingScore value='300'/>
		<mineralScore value='10754'/>
		<gasScore value='4184'/>
		<totalScore value='33513'/>
	</enemy>

	<scoreRatio value='2.03196'/>
	<timeFitness value='0.782917'/>
	<unitsAverage value='85'/>
</results>
