<results>
	<result value='win'/>
	<start value='2015-05-09.12:27:14'/>
	<end value='2015-05-09.12:28:09'/>
	<frames value='35342'/>
	<gameDuration value='2208'/>

	<player>
		<unitScore value='19025'/>
		<killScore value='31250'/>
		<buildingScore value='4800'/>
		<razingScore value='8550'/>
		<mineralScore value='32226'/>
		<gasScore value='2952'/>
		<totalScore value='98803'/>
	</player>

	<enemy>
		<race value='Terran'/>
		<unitScore value='15625'/>
		<unitScore value='15625'/>
		<killScore value='14600'/>
		<buildingScore value='3025'/>
		<razingScore value='1575'/>
		<mineralScore value='13970'/>
		<gasScore value='4920'/>
		<totalScore value='53715'/>
	</enemy>

	<scoreRatio value='1.83939'/>
	<timeFitness value='0.693333'/>
	<unitsAverage value='114'/>
</results>
