<results>
	<result value='win'/>
	<start value='2015-05-10.19:49:44'/>
	<end value='2015-05-10.19:50:29'/>
	<frames value='33699'/>
	<gameDuration value='2106'/>

	<player>
		<unitScore value='21525'/>
		<killScore value='39330'/>
		<buildingScore value='3675'/>
		<razingScore value='6855'/>
		<mineralScore value='33314'/>
		<gasScore value='3496'/>
		<totalScore value='108195'/>
	</player>

	<enemy>
		<race value='Zerg'/>
		<unitScore value='18050'/>
		<unitScore value='18050'/>
		<killScore value='19300'/>
		<buildingScore value='2285'/>
		<razingScore value='0'/>
		<mineralScore value='16230'/>
		<gasScore value='5736'/>
		<totalScore value='61601'/>
	</enemy>

	<scoreRatio value='1.75638'/>
	<timeFitness value='0.7075'/>
	<unitsAverage value='121'/>
</results>
