<results>
	<result value='loss'/>
	<start value='2015-05-01.10:52:02'/>
	<end value='2015-05-01.10:52:46'/>
	<frames value='44425'/>
	<gameDuration value='2776'/>

	<player>
		<unitScore value='17800'/>
		<killScore value='22550'/>
		<buildingScore value='3275'/>
		<razingScore value='3450'/>
		<mineralScore value='20054'/>
		<gasScore value='5416'/>
		<totalScore value='72545'/>
	</player>

	<enemy>
		<race value='Protoss'/>
		<unitScore value='29875'/>
		<unitScore value='29875'/>
		<killScore value='35600'/>
		<buildingScore value='8325'/>
		<razingScore value='9825'/>
		<mineralScore value='32722'/>
		<gasScore value='9716'/>
		<totalScore value='126063'/>
	</enemy>

	<scoreRatio value='0.575466'/>
</results>
