<results>
	<result value='loss'/>
	<start value='2015-05-01.10:53:42'/>
	<end value='2015-05-01.10:53:52'/>
	<frames value='15595'/>
	<gameDuration value='974'/>

	<player>
		<unitScore value='3050'/>
		<killScore value='1000'/>
		<buildingScore value='1750'/>
		<razingScore value='0'/>
		<mineralScore value='4682'/>
		<gasScore value='736'/>
		<totalScore value='11218'/>
	</player>

	<enemy>
		<race value='Protoss'/>
		<unitScore value='3550'/>
		<unitScore value='3550'/>
		<killScore value='6100'/>
		<buildingScore value='3075'/>
		<razingScore value='5250'/>
		<mineralScore value='8026'/>
		<gasScore value='1384'/>
		<totalScore value='27385'/>
	</enemy>

	<scoreRatio value='0.40964'/>
</results>
