<results>
	<result value='loss'/>
	<start value='2015-05-01.11:02:56'/>
	<end value='2015-05-01.11:03:04'/>
	<frames value='14293'/>
	<gameDuration value='893'/>

	<player>
		<unitScore value='2600'/>
		<killScore value='1200'/>
		<buildingScore value='1500'/>
		<razingScore value='0'/>
		<mineralScore value='4122'/>
		<gasScore value='840'/>
		<totalScore value='10262'/>
	</player>

	<enemy>
		<race value='Protoss'/>
		<unitScore value='3550'/>
		<unitScore value='3550'/>
		<killScore value='5200'/>
		<buildingScore value='2425'/>
		<razingScore value='4500'/>
		<mineralScore value='7282'/>
		<gasScore value='1224'/>
		<totalScore value='24181'/>
	</enemy>

	<scoreRatio value='0.424383'/>
</results>
