<results>
	<result value='loss'/>
	<start value='2015-07-19.14:04:23'/>
	<end value='2015-07-19.14:04:36'/>
	<frames value='17920'/>
	<gameDuration value='1120'/>

	<player>
		<unitScore value='1000'/>
		<killScore value='300'/>
		<buildingScore value='675'/>
		<razingScore value='0'/>
		<mineralScore value='1370'/>
		<gasScore value='24'/>
		<totalScore value='3369'/>
	</player>

	<enemy>
		<race value='Zerg'/>
		<unitScore value='7275'/>
		<killScore value='2000'/>
		<buildingScore value='1220'/>
		<razingScore value='2025'/>
		<mineralScore value='7074'/>
		<gasScore value='1872'/>
		<totalScore value='21466'/>
	</enemy>

	<scoreRatio value='0.156946'/>
	<timeFitness value='0.155556'/>
	<unitsAverage value='7'/>
</results>
