<results>
	<result value='win'/>
	<start value='2014-07-23.00:18:59'/>
	<end value='2014-07-23.00:19:31'/>
	<frames value='30847'/>
	<gameDuration value='1927'/>

	<player>
		<unitScore value='21800'/>
		<killScore value='34930'/>
		<buildingScore value='3650'/>
		<razingScore value='6840'/>
		<mineralScore value='28306'/>
		<gasScore value='2296'/>
		<totalScore value='97822'/>
	</player>

	<enemy>
		<race value='Zerg'/>
		<unitScore value='16375'/>
		<unitScore value='16375'/>
		<killScore value='20350'/>
		<buildingScore value='2280'/>
		<razingScore value='0'/>
		<mineralScore value='14254'/>
		<gasScore value='4208'/>
		<totalScore value='57467'/>
	</enemy>

	<scoreRatio value='1.70223'/>
</results>
