<results>
	<result value='loss'/>
	<start value='2015-03-30.02:53:30'/>
	<end value='2015-03-30.02:54:27'/>
	<frames value='48486'/>
	<gameDuration value='3030'/>

	<player>
		<unitScore value='20875'/>
		<killScore value='29350'/>
		<buildingScore value='2850'/>
		<razingScore value='2550'/>
		<mineralScore value='21930'/>
		<gasScore value='2824'/>
		<totalScore value='80379'/>
	</player>

	<enemy>
		<race value='Protoss'/>
		<unitScore value='25050'/>
		<unitScore value='25050'/>
		<killScore value='41750'/>
		<buildingScore value='8475'/>
		<razingScore value='8550'/>
		<mineralScore value='35886'/>
		<gasScore value='8618'/>
		<totalScore value='128329'/>
	</enemy>

	<scoreRatio value='0.626351'/>
</results>
