<results>
	<result value='loss'/>
	<start value='2014-07-06.03:26:56'/>
	<end value='2014-07-06.03:27:30'/>
	<frames value='45696'/>
	<gameDuration value='2856'/>

	<player>
		<unitScore value='18275'/>
		<killScore value='24900'/>
		<buildingScore value='2575'/>
		<razingScore value='2700'/>
		<mineralScore value='20174'/>
		<gasScore value='4688'/>
		<totalScore value='73312'/>
	</player>

	<enemy>
		<race value='Protoss'/>
		<unitScore value='29400'/>
		<unitScore value='29400'/>
		<killScore value='36550'/>
		<buildingScore value='7875'/>
		<razingScore value='7725'/>
		<mineralScore value='29630'/>
		<gasScore value='9814'/>
		<totalScore value='120994'/>
	</enemy>

	<scoreRatio value='0.605914'/>
</results>
