<results>
	<result value='win'/>
	<start value='2014-07-06.03:31:00'/>
	<end value='2014-07-06.03:31:29'/>
	<frames value='34629'/>
	<gameDuration value='2164'/>

	<player>
		<unitScore value='17425'/>
		<killScore value='14100'/>
		<buildingScore value='3350'/>
		<razingScore value='19350'/>
		<mineralScore value='21162'/>
		<gasScore value='2536'/>
		<totalScore value='77923'/>
	</player>

	<enemy>
		<race value='Protoss'/>
		<unitScore value='7050'/>
		<unitScore value='7050'/>
		<killScore value='15650'/>
		<buildingScore value='6450'/>
		<razingScore value='150'/>
		<mineralScore value='19086'/>
		<gasScore value='3704'/>
		<totalScore value='52090'/>
	</enemy>

	<scoreRatio value='1.49593'/>
</results>
