<results>
	<result value='loss'/>
	<start value='2014-07-06.03:32:30'/>
	<end value='2014-07-06.03:32:38'/>
	<frames value='18416'/>
	<gameDuration value='1151'/>

	<player>
		<unitScore value='2800'/>
		<killScore value='1200'/>
		<buildingScore value='1575'/>
		<razingScore value='0'/>
		<mineralScore value='4450'/>
		<gasScore value='704'/>
		<totalScore value='10729'/>
	</player>

	<enemy>
		<race value='Protoss'/>
		<unitScore value='3700'/>
		<unitScore value='3700'/>
		<killScore value='5600'/>
		<buildingScore value='4275'/>
		<razingScore value='4725'/>
		<mineralScore value='9962'/>
		<gasScore value='1784'/>
		<totalScore value='30046'/>
	</enemy>

	<scoreRatio value='0.357086'/>
</results>
