<results>
	<result value='win'/>
	<start value='2014-07-06.03:32:57'/>
	<end value='2014-07-06.03:33:23'/>
	<frames value='28677'/>
	<gameDuration value='1792'/>

	<player>
		<unitScore value='17900'/>
		<killScore value='21150'/>
		<buildingScore value='3800'/>
		<razingScore value='19425'/>
		<mineralScore value='22322'/>
		<gasScore value='2632'/>
		<totalScore value='87229'/>
	</player>

	<enemy>
		<race value='Protoss'/>
		<unitScore value='10575'/>
		<unitScore value='10575'/>
		<killScore value='16600'/>
		<buildingScore value='6475'/>
		<razingScore value='0'/>
		<mineralScore value='17930'/>
		<gasScore value='4768'/>
		<totalScore value='56348'/>
	</enemy>

	<scoreRatio value='1.54804'/>
</results>
