<results>
	<result value='win'/>
	<start value='2014-07-06.03:33:27'/>
	<end value='2014-07-06.03:33:44'/>
	<frames value='22539'/>
	<gameDuration value='1408'/>

	<player>
		<unitScore value='11975'/>
		<killScore value='13700'/>
		<buildingScore value='2800'/>
		<razingScore value='11625'/>
		<mineralScore value='15158'/>
		<gasScore value='1752'/>
		<totalScore value='57010'/>
	</player>

	<enemy>
		<race value='Protoss'/>
		<unitScore value='6850'/>
		<unitScore value='6850'/>
		<killScore value='9400'/>
		<buildingScore value='3875'/>
		<razingScore value='0'/>
		<mineralScore value='14986'/>
		<gasScore value='1760'/>
		<totalScore value='36871'/>
	</enemy>

	<scoreRatio value='1.5462'/>
</results>
