<results>
	<result value='loss'/>
	<start value='2014-07-06.03:37:27'/>
	<end value='2014-07-06.03:38:10'/>
	<frames value='51183'/>
	<gameDuration value='3198'/>

	<player>
		<unitScore value='23125'/>
		<killScore value='28000'/>
		<buildingScore value='3750'/>
		<razingScore value='5550'/>
		<mineralScore value='25578'/>
		<gasScore value='4520'/>
		<totalScore value='90523'/>
	</player>

	<enemy>
		<race value='Protoss'/>
		<unitScore value='22400'/>
		<unitScore value='22400'/>
		<killScore value='46250'/>
		<buildingScore value='8375'/>
		<razingScore value='11250'/>
		<mineralScore value='35454'/>
		<gasScore value='5866'/>
		<totalScore value='129595'/>
	</enemy>

	<scoreRatio value='0.698507'/>
</results>
