<results>
	<result value='loss'/>
	<start value='2015-04-10.18:17:53'/>
	<end value='2015-04-10.18:18:07'/>
	<frames value='16866'/>
	<gameDuration value='1054'/>

	<player>
		<unitScore value='3000'/>
		<killScore value='1000'/>
		<buildingScore value='1550'/>
		<razingScore value='0'/>
		<mineralScore value='4866'/>
		<gasScore value='688'/>
		<totalScore value='11104'/>
	</player>

	<enemy>
		<race value='Protoss'/>
		<unitScore value='3700'/>
		<unitScore value='3700'/>
		<killScore value='6000'/>
		<buildingScore value='3825'/>
		<razingScore value='4650'/>
		<mineralScore value='8906'/>
		<gasScore value='1488'/>
		<totalScore value='28569'/>
	</enemy>

	<scoreRatio value='0.388673'/>
</results>
