<results>
	<result value='win'/>
	<start value='2015-04-13.13:33:28'/>
	<end value='2015-04-13.13:34:01'/>
	<frames value='33110'/>
	<gameDuration value='2069'/>

	<player>
		<unitScore value='19725'/>
		<killScore value='24950'/>
		<buildingScore value='3925'/>
		<razingScore value='15225'/>
		<mineralScore value='28882'/>
		<gasScore value='3056'/>
		<totalScore value='95763'/>
	</player>

	<enemy>
		<race value='Protoss'/>
		<unitScore value='12825'/>
		<unitScore value='12825'/>
		<killScore value='15550'/>
		<buildingScore value='5075'/>
		<razingScore value='0'/>
		<mineralScore value='15850'/>
		<gasScore value='4592'/>
		<totalScore value='53892'/>
	</enemy>

	<scoreRatio value='1.77694'/>
</results>
