<results>
	<result value='win'/>
	<start value='2015-04-27.22:59:53'/>
	<end value='2015-04-27.23:00:04'/>
	<frames value='17734'/>
	<gameDuration value='1108'/>

	<player>
		<unitScore value='6600'/>
		<killScore value='10100'/>
		<buildingScore value='1950'/>
		<razingScore value='4125'/>
		<mineralScore value='9474'/>
		<gasScore value='1344'/>
		<totalScore value='33593'/>
	</player>

	<enemy>
		<race value='Terran'/>
		<unitScore value='5050'/>
		<unitScore value='5050'/>
		<killScore value='3400'/>
		<buildingScore value='1450'/>
		<razingScore value='0'/>
		<mineralScore value='7474'/>
		<gasScore value='2008'/>
		<totalScore value='19382'/>
	</enemy>

	<scoreRatio value='1.73321'/>
</results>
