<results>
	<result value='win'/>
	<start value='2015-04-27.23:47:54'/>
	<end value='2015-04-27.23:48:06'/>
	<frames value='18137'/>
	<gameDuration value='1133'/>

	<player>
		<unitScore value='6825'/>
		<killScore value='8450'/>
		<buildingScore value='2375'/>
		<razingScore value='5250'/>
		<mineralScore value='9946'/>
		<gasScore value='1552'/>
		<totalScore value='34398'/>
	</player>

	<enemy>
		<race value='Terran'/>
		<unitScore value='5975'/>
		<unitScore value='5975'/>
		<killScore value='6900'/>
		<buildingScore value='1750'/>
		<razingScore value='2925'/>
		<mineralScore value='7362'/>
		<gasScore value='2176'/>
		<totalScore value='27088'/>
	</enemy>

	<scoreRatio value='1.26986'/>
</results>
