<results>
	<result value='draw'/>
	<start value='2015-04-27.23:48:09'/>
	<end value='2015-04-27.23:48:45'/>
	<frames value='57601'/>
	<gameDuration value='3600'/>

	<player>
		<unitScore value='17950'/>
		<killScore value='18450'/>
		<buildingScore value='3800'/>
		<razingScore value='3150'/>
		<mineralScore value='22102'/>
		<gasScore value='2944'/>
		<totalScore value='68396'/>
	</player>

	<enemy>
		<race value='Terran'/>
		<unitScore value='17475'/>
		<unitScore value='17475'/>
		<killScore value='31700'/>
		<buildingScore value='4375'/>
		<razingScore value='7050'/>
		<mineralScore value='15938'/>
		<gasScore value='9122'/>
		<totalScore value='85660'/>
	</enemy>

	<scoreRatio value='0.798459'/>
</results>
