<results>
	<result value='loss'/>
	<start value='2015-04-27.23:53:55'/>
	<end value='2015-04-27.23:54:06'/>
	<frames value='20090'/>
	<gameDuration value='1255'/>

	<player>
		<unitScore value='3925'/>
		<killScore value='2800'/>
		<buildingScore value='1925'/>
		<razingScore value='0'/>
		<mineralScore value='6042'/>
		<gasScore value='872'/>
		<totalScore value='15564'/>
	</player>

	<enemy>
		<race value='Terran'/>
		<unitScore value='7850'/>
		<unitScore value='7850'/>
		<killScore value='7850'/>
		<buildingScore value='2850'/>
		<razingScore value='5775'/>
		<mineralScore value='9282'/>
		<gasScore value='3704'/>
		<totalScore value='37311'/>
	</enemy>

	<scoreRatio value='0.417142'/>
</results>
