<results>
	<result value='win'/>
	<start value='2015-04-03.21:32:27'/>
	<end value='2015-04-03.21:32:42'/>
	<frames value='23314'/>
	<gameDuration value='1457'/>

	<player>
		<unitScore value='9350'/>
		<killScore value='12400'/>
		<buildingScore value='1875'/>
		<razingScore value='8775'/>
		<mineralScore value='11406'/>
		<gasScore value='2360'/>
		<totalScore value='46166'/>
	</player>

	<enemy>
		<race value='Protoss'/>
		<unitScore value='6200'/>
		<unitScore value='6200'/>
		<killScore value='8050'/>
		<buildingScore value='2925'/>
		<razingScore value='0'/>
		<mineralScore value='9130'/>
		<gasScore value='1928'/>
		<totalScore value='28233'/>
	</enemy>

	<scoreRatio value='1.63518'/>
</results>
