<results>
	<result value='draw'/>
	<start value='2015-05-10.08:07:40'/>
	<end value='2015-05-10.08:09:12'/>
	<frames value='57601'/>
	<gameDuration value='3600'/>

	<player>
		<unitScore value='31025'/>
		<killScore value='57650'/>
		<buildingScore value='2825'/>
		<razingScore value='1950'/>
		<mineralScore value='31582'/>
		<gasScore value='7732'/>
		<totalScore value='132764'/>
	</player>

	<enemy>
		<race value='Protoss'/>
		<unitScore value='36975'/>
		<unitScore value='36975'/>
		<killScore value='54500'/>
		<buildingScore value='6575'/>
		<razingScore value='0'/>
		<mineralScore value='31406'/>
		<gasScore value='11586'/>
		<totalScore value='141042'/>
	</enemy>

	<scoreRatio value='0.941308'/>
	<timeFitness value='0.5'/>
	<unitsAverage value='105'/>
</results>
