<results>
	<result value='loss'/>
	<start value='2015-05-07.03:18:33'/>
	<end value='2015-05-07.03:18:54'/>
	<frames value='21578'/>
	<gameDuration value='1348'/>

	<player>
		<unitScore value='5875'/>
		<killScore value='2400'/>
		<buildingScore value='2350'/>
		<razingScore value='0'/>
		<mineralScore value='8914'/>
		<gasScore value='840'/>
		<totalScore value='20379'/>
	</player>

	<enemy>
		<race value='Protoss'/>
		<unitScore value='6775'/>
		<unitScore value='6775'/>
		<killScore value='11750'/>
		<buildingScore value='4425'/>
		<razingScore value='7050'/>
		<mineralScore value='11610'/>
		<gasScore value='3000'/>
		<totalScore value='44610'/>
	</enemy>

	<scoreRatio value='0.456826'/>
	<timeFitness value='0.187222'/>
	<unitsAverage value='35'/>
</results>
