<results>
	<result value='loss'/>
	<start value='2015-05-07.03:45:58'/>
	<end value='2015-05-07.03:46:11'/>
	<frames value='15626'/>
	<gameDuration value='976'/>

	<player>
		<unitScore value='2600'/>
		<killScore value='1200'/>
		<buildingScore value='1525'/>
		<razingScore value='0'/>
		<mineralScore value='4778'/>
		<gasScore value='744'/>
		<totalScore value='10847'/>
	</player>

	<enemy>
		<race value='Protoss'/>
		<unitScore value='3550'/>
		<unitScore value='3550'/>
		<killScore value='4900'/>
		<buildingScore value='3475'/>
		<razingScore value='4575'/>
		<mineralScore value='8154'/>
		<gasScore value='1480'/>
		<totalScore value='26134'/>
	</enemy>

	<scoreRatio value='0.415053'/>
	<timeFitness value='0.135556'/>
	<unitsAverage value='23'/>
</results>
