<results>
	<result value='win'/>
	<start value='2015-05-07.03:51:08'/>
	<end value='2015-05-07.03:51:56'/>
	<frames value='29080'/>
	<gameDuration value='1817'/>

	<player>
		<unitScore value='15575'/>
		<killScore value='13500'/>
		<buildingScore value='3575'/>
		<razingScore value='14175'/>
		<mineralScore value='22674'/>
		<gasScore value='2112'/>
		<totalScore value='71611'/>
	</player>

	<enemy>
		<race value='Protoss'/>
		<unitScore value='6750'/>
		<unitScore value='6750'/>
		<killScore value='10550'/>
		<buildingScore value='4725'/>
		<razingScore value='300'/>
		<mineralScore value='15098'/>
		<gasScore value='3312'/>
		<totalScore value='40735'/>
	</enemy>

	<scoreRatio value='1.75797'/>
	<timeFitness value='0.747639'/>
	<unitsAverage value='89'/>
</results>
