<results>
	<result value='loss'/>
	<start value='2015-05-06.06:06:14'/>
	<end value='2015-05-06.06:06:31'/>
	<frames value='18292'/>
	<gameDuration value='1143'/>

	<player>
		<unitScore value='3575'/>
		<killScore value='1950'/>
		<buildingScore value='1875'/>
		<razingScore value='0'/>
		<mineralScore value='5602'/>
		<gasScore value='632'/>
		<totalScore value='13634'/>
	</player>

	<enemy>
		<race value='Terran'/>
		<unitScore value='6650'/>
		<unitScore value='6650'/>
		<killScore value='7050'/>
		<buildingScore value='2800'/>
		<razingScore value='5625'/>
		<mineralScore value='8330'/>
		<gasScore value='2808'/>
		<totalScore value='33263'/>
	</enemy>

	<scoreRatio value='0.409885'/>
	<timeFitness value='0.15875'/>
	<unitsAverage value='24'/>
</results>
