<results>
	<result value='win'/>
	<start value='2015-05-06.06:17:29'/>
	<end value='2015-05-06.06:17:49'/>
	<frames value='16587'/>
	<gameDuration value='1036'/>

	<player>
		<unitScore value='7050'/>
		<killScore value='9950'/>
		<buildingScore value='3050'/>
		<razingScore value='4350'/>
		<mineralScore value='11842'/>
		<gasScore value='1112'/>
		<totalScore value='37354'/>
	</player>

	<enemy>
		<race value='Terran'/>
		<unitScore value='4975'/>
		<unitScore value='4975'/>
		<killScore value='1650'/>
		<buildingScore value='1450'/>
		<razingScore value='0'/>
		<mineralScore value='6938'/>
		<gasScore value='2008'/>
		<totalScore value='17021'/>
	</enemy>

	<scoreRatio value='2.19458'/>
	<timeFitness value='0.856111'/>
	<unitsAverage value='55'/>
</results>
