<results>
	<result value='loss'/>
	<start value='2015-05-11.00:37:09'/>
	<end value='2015-05-11.00:37:20'/>
	<frames value='20989'/>
	<gameDuration value='1311'/>

	<player>
		<unitScore value='4075'/>
		<killScore value='2700'/>
		<buildingScore value='1300'/>
		<razingScore value='0'/>
		<mineralScore value='5818'/>
		<gasScore value='1224'/>
		<totalScore value='15117'/>
	</player>

	<enemy>
		<race value='Zerg'/>
		<unitScore value='7350'/>
		<unitScore value='7350'/>
		<killScore value='8150'/>
		<buildingScore value='2075'/>
		<razingScore value='3900'/>
		<mineralScore value='8466'/>
		<gasScore value='2560'/>
		<totalScore value='32501'/>
	</enemy>

	<scoreRatio value='0.465124'/>
	<timeFitness value='0.182083'/>
	<unitsAverage value='21'/>
</results>
