<results>
	<result value='win'/>
	<start value='2015-05-11.00:38:43'/>
	<end value='2015-05-11.00:39:51'/>
	<frames value='40953'/>
	<gameDuration value='2559'/>

	<player>
		<unitScore value='30025'/>
		<killScore value='43660'/>
		<buildingScore value='3775'/>
		<razingScore value='10110'/>
		<mineralScore value='32910'/>
		<gasScore value='3288'/>
		<totalScore value='123768'/>
	</player>

	<enemy>
		<race value='Zerg'/>
		<unitScore value='20300'/>
		<unitScore value='20300'/>
		<killScore value='31650'/>
		<buildingScore value='3370'/>
		<razingScore value='150'/>
		<mineralScore value='18538'/>
		<gasScore value='6394'/>
		<totalScore value='80402'/>
	</enemy>

	<scoreRatio value='1.53936'/>
	<timeFitness value='0.644583'/>
	<unitsAverage value='129'/>
</results>
