<results>
	<result value='win'/>
	<start value='2015-05-11.00:39:54'/>
	<end value='2015-05-11.00:40:24'/>
	<frames value='26476'/>
	<gameDuration value='1654'/>

	<player>
		<unitScore value='16200'/>
		<killScore value='24140'/>
		<buildingScore value='4275'/>
		<razingScore value='4560'/>
		<mineralScore value='25326'/>
		<gasScore value='2032'/>
		<totalScore value='76533'/>
	</player>

	<enemy>
		<race value='Zerg'/>
		<unitScore value='11350'/>
		<unitScore value='11350'/>
		<killScore value='12500'/>
		<buildingScore value='1520'/>
		<razingScore value='0'/>
		<mineralScore value='9698'/>
		<gasScore value='2832'/>
		<totalScore value='37900'/>
	</enemy>

	<scoreRatio value='2.01934'/>
	<timeFitness value='0.770278'/>
	<unitsAverage value='98'/>
</results>
