<results>
	<result value='win'/>
	<start value='2015-05-17.01:09:16'/>
	<end value='2015-05-17.01:10:01'/>
	<frames value='33141'/>
	<gameDuration value='2071'/>

	<player>
		<unitScore value='25175'/>
		<killScore value='33060'/>
		<buildingScore value='4225'/>
		<razingScore value='5160'/>
		<mineralScore value='36170'/>
		<gasScore value='2440'/>
		<totalScore value='106230'/>
	</player>

	<enemy>
		<race value='Zerg'/>
		<unitScore value='15725'/>
		<unitScore value='15725'/>
		<killScore value='28050'/>
		<buildingScore value='1720'/>
		<razingScore value='150'/>
		<mineralScore value='13570'/>
		<gasScore value='4304'/>
		<totalScore value='63519'/>
	</enemy>

	<scoreRatio value='1.67241'/>
	<timeFitness value='0.712361'/>
	<unitsAverage value='119'/>
</results>
