<results>
	<result value='win'/>
	<start value='2015-05-17.01:11:58'/>
	<end value='2015-05-17.01:13:11'/>
	<frames value='41542'/>
	<gameDuration value='2596'/>

	<player>
		<unitScore value='27425'/>
		<killScore value='36500'/>
		<buildingScore value='5300'/>
		<razingScore value='9930'/>
		<mineralScore value='35890'/>
		<gasScore value='5840'/>
		<totalScore value='120885'/>
	</player>

	<enemy>
		<race value='Zerg'/>
		<unitScore value='18100'/>
		<unitScore value='18100'/>
		<killScore value='31900'/>
		<buildingScore value='3310'/>
		<razingScore value='1650'/>
		<mineralScore value='17598'/>
		<gasScore value='5576'/>
		<totalScore value='78134'/>
	</enemy>

	<scoreRatio value='1.54715'/>
	<timeFitness value='0.639444'/>
	<unitsAverage value='148'/>
</results>
