<results>
	<result value='win'/>
	<start value='2015-05-08.06:00:57'/>
	<end value='2015-05-08.06:01:24'/>
	<frames value='28274'/>
	<gameDuration value='1767'/>

	<player>
		<unitScore value='15600'/>
		<killScore value='20390'/>
		<buildingScore value='4000'/>
		<razingScore value='5775'/>
		<mineralScore value='22534'/>
		<gasScore value='2600'/>
		<totalScore value='70899'/>
	</player>

	<enemy>
		<race value='Zerg'/>
		<unitScore value='9625'/>
		<unitScore value='9625'/>
		<killScore value='10700'/>
		<buildingScore value='1925'/>
		<razingScore value='150'/>
		<mineralScore value='9754'/>
		<gasScore value='2912'/>
		<totalScore value='35066'/>
	</enemy>

	<scoreRatio value='2.02187'/>
	<timeFitness value='0.754583'/>
	<unitsAverage value='77'/>
</results>
