<results>
	<result value='win'/>
	<start value='2015-05-08.17:06:00'/>
	<end value='2015-05-08.17:06:29'/>
	<frames value='36520'/>
	<gameDuration value='2282'/>

	<player>
		<unitScore value='16025'/>
		<killScore value='25100'/>
		<buildingScore value='5100'/>
		<razingScore value='11475'/>
		<mineralScore value='26778'/>
		<gasScore value='1396'/>
		<totalScore value='85874'/>
	</player>

	<enemy>
		<race value='Terran'/>
		<unitScore value='12550'/>
		<unitScore value='12550'/>
		<killScore value='16050'/>
		<buildingScore value='3825'/>
		<razingScore value='5625'/>
		<mineralScore value='12282'/>
		<gasScore value='5350'/>
		<totalScore value='55682'/>
	</enemy>

	<scoreRatio value='1.54222'/>
	<timeFitness value='0.683056'/>
	<unitsAverage value='68'/>
</results>
