<results>
	<result value='win'/>
	<start value='2015-05-08.17:06:32'/>
	<end value='2015-05-08.17:07:18'/>
	<frames value='34908'/>
	<gameDuration value='2181'/>

	<player>
		<unitScore value='19100'/>
		<killScore value='35650'/>
		<buildingScore value='4150'/>
		<razingScore value='10050'/>
		<mineralScore value='35022'/>
		<gasScore value='2512'/>
		<totalScore value='106484'/>
	</player>

	<enemy>
		<race value='Terran'/>
		<unitScore value='17825'/>
		<unitScore value='17825'/>
		<killScore value='14300'/>
		<buildingScore value='3350'/>
		<razingScore value='1575'/>
		<mineralScore value='14954'/>
		<gasScore value='6380'/>
		<totalScore value='58384'/>
	</enemy>

	<scoreRatio value='1.82386'/>
	<timeFitness value='0.697083'/>
	<unitsAverage value='120'/>
</results>
