<results>
	<result value='win'/>
	<start value='2015-05-04.20:12:28'/>
	<end value='2015-05-04.20:13:41'/>
	<frames value='46657'/>
	<gameDuration value='2916'/>

	<player>
		<unitScore value='30700'/>
		<killScore value='35550'/>
		<buildingScore value='4300'/>
		<razingScore value='12000'/>
		<mineralScore value='34998'/>
		<gasScore value='5192'/>
		<totalScore value='122740'/>
	</player>

	<enemy>
		<race value='Terran'/>
		<unitScore value='21850'/>
		<unitScore value='21850'/>
		<killScore value='38800'/>
		<buildingScore value='4000'/>
		<razingScore value='525'/>
		<mineralScore value='16546'/>
		<gasScore value='8760'/>
		<totalScore value='90481'/>
	</enemy>

	<scoreRatio value='1.35653'/>
	<timeFitness value='0.595'/>
	<unitsAverage value='104'/>
</results>
