<results>
	<result value='loss'/>
	<start value='2015-05-08.17:09:46'/>
	<end value='2015-05-08.17:10:12'/>
	<frames value='41263'/>
	<gameDuration value='2578'/>

	<player>
		<unitScore value='8250'/>
		<killScore value='8200'/>
		<buildingScore value='2175'/>
		<razingScore value='0'/>
		<mineralScore value='13258'/>
		<gasScore value='1360'/>
		<totalScore value='33243'/>
	</player>

	<enemy>
		<race value='Terran'/>
		<unitScore value='23000'/>
		<unitScore value='23000'/>
		<killScore value='16500'/>
		<buildingScore value='5525'/>
		<razingScore value='6675'/>
		<mineralScore value='22146'/>
		<gasScore value='12892'/>
		<totalScore value='86738'/>
	</enemy>

	<scoreRatio value='0.383258'/>
	<timeFitness value='0.358056'/>
	<unitsAverage value='40'/>
</results>
