<results>
	<result value='win'/>
	<start value='2015-05-08.17:10:16'/>
	<end value='2015-05-08.17:10:49'/>
	<frames value='29948'/>
	<gameDuration value='1871'/>

	<player>
		<unitScore value='14325'/>
		<killScore value='22250'/>
		<buildingScore value='4875'/>
		<razingScore value='9225'/>
		<mineralScore value='28242'/>
		<gasScore value='2960'/>
		<totalScore value='81877'/>
	</player>

	<enemy>
		<race value='Terran'/>
		<unitScore value='11925'/>
		<unitScore value='11925'/>
		<killScore value='5800'/>
		<buildingScore value='3075'/>
		<razingScore value='1875'/>
		<mineralScore value='12354'/>
		<gasScore value='5304'/>
		<totalScore value='40333'/>
	</enemy>

	<scoreRatio value='2.03003'/>
	<timeFitness value='0.740139'/>
	<unitsAverage value='100'/>
</results>
