<results>
	<result value='loss'/>
	<start value='2015-07-11.15:35:50'/>
	<end value='2015-07-11.15:36:07'/>
	<frames value='20586'/>
	<gameDuration value='1286'/>

	<player>
		<unitScore value='7225'/>
		<killScore value='3250'/>
		<buildingScore value='2525'/>
		<razingScore value='0'/>
		<mineralScore value='9090'/>
		<gasScore value='1864'/>
		<totalScore value='23954'/>
	</player>

	<enemy>
		<race value='Terran'/>
		<unitScore value='7500'/>
		<killScore value='12600'/>
		<buildingScore value='2925'/>
		<razingScore value='7575'/>
		<mineralScore value='9730'/>
		<gasScore value='3632'/>
		<totalScore value='43962'/>
	</enemy>

	<scoreRatio value='0.54488'/>
	<timeFitness value='0.178611'/>
	<unitsAverage value='37'/>
</results>
