<results>
	<result value='loss'/>
	<start value='2015-07-11.15:36:39'/>
	<end value='2015-07-11.15:37:43'/>
	<frames value='27189'/>
	<gameDuration value='1699'/>

	<player>
		<unitScore value='11450'/>
		<killScore value='2100'/>
		<buildingScore value='3650'/>
		<razingScore value='0'/>
		<mineralScore value='17002'/>
		<gasScore value='0'/>
		<totalScore value='34202'/>
	</player>

	<enemy>
		<race value='Terran'/>
		<unitScore value='12800'/>
		<killScore value='15500'/>
		<buildingScore value='3550'/>
		<razingScore value='10950'/>
		<mineralScore value='13678'/>
		<gasScore value='6104'/>
		<totalScore value='62582'/>
	</enemy>

	<scoreRatio value='0.546515'/>
	<timeFitness value='0.235972'/>
	<unitsAverage value='82'/>
</results>
