<results>
	<result value='win'/>
	<start value='2014-07-12.17:35:23'/>
	<end value='2014-07-12.17:36:04'/>
	<frames value='38814'/>
	<gameDuration value='2425'/>

	<player>
		<unitScore value='28525'/>
		<killScore value='55810'/>
		<buildingScore value='4300'/>
		<razingScore value='6570'/>
		<mineralScore value='35070'/>
		<gasScore value='3848'/>
		<totalScore value='134123'/>
	</player>

	<enemy>
		<race value='Zerg'/>
		<unitScore value='23700'/>
		<unitScore value='23700'/>
		<killScore value='32450'/>
		<buildingScore value='2190'/>
		<razingScore value='0'/>
		<mineralScore value='19194'/>
		<gasScore value='6384'/>
		<totalScore value='83918'/>
	</enemy>

	<scoreRatio value='1.59826'/>
</results>
