<results>
	<result value='win'/>
	<start value='2014-07-12.17:43:07'/>
	<end value='2014-07-12.17:43:50'/>
	<frames value='34722'/>
	<gameDuration value='2170'/>

	<player>
		<unitScore value='20875'/>
		<killScore value='22650'/>
		<buildingScore value='4650'/>
		<razingScore value='6165'/>
		<mineralScore value='31362'/>
		<gasScore value='2216'/>
		<totalScore value='87918'/>
	</player>

	<enemy>
		<race value='Zerg'/>
		<unitScore value='10750'/>
		<unitScore value='10750'/>
		<killScore value='16500'/>
		<buildingScore value='2055'/>
		<razingScore value='225'/>
		<mineralScore value='10398'/>
		<gasScore value='3296'/>
		<totalScore value='43224'/>
	</enemy>

	<scoreRatio value='2.03401'/>
</results>
