<results>
	<result value='win'/>
	<start value='2015-05-08.19:25:17'/>
	<end value='2015-05-08.19:26:06'/>
	<frames value='43278'/>
	<gameDuration value='2704'/>

	<player>
		<unitScore value='21250'/>
		<killScore value='36250'/>
		<buildingScore value='4875'/>
		<razingScore value='11625'/>
		<mineralScore value='31890'/>
		<gasScore value='4966'/>
		<totalScore value='110856'/>
	</player>

	<enemy>
		<race value='Terran'/>
		<unitScore value='21500'/>
		<unitScore value='21500'/>
		<killScore value='19350'/>
		<buildingScore value='3875'/>
		<razingScore value='1800'/>
		<mineralScore value='18686'/>
		<gasScore value='9924'/>
		<totalScore value='75135'/>
	</enemy>

	<scoreRatio value='1.47542'/>
	<timeFitness value='0.624444'/>
	<unitsAverage value='109'/>
</results>
