<results>
	<result value='loss'/>
	<start value='2015-05-08.19:27:56'/>
	<end value='2015-05-08.19:28:23'/>
	<frames value='46347'/>
	<gameDuration value='2896'/>

	<player>
		<unitScore value='9900'/>
		<killScore value='14850'/>
		<buildingScore value='2950'/>
		<razingScore value='1950'/>
		<mineralScore value='13866'/>
		<gasScore value='3680'/>
		<totalScore value='47196'/>
	</player>

	<enemy>
		<race value='Terran'/>
		<unitScore value='21625'/>
		<unitScore value='21625'/>
		<killScore value='19800'/>
		<buildingScore value='4950'/>
		<razingScore value='9150'/>
		<mineralScore value='19474'/>
		<gasScore value='10608'/>
		<totalScore value='85607'/>
	</enemy>

	<scoreRatio value='0.55131'/>
	<timeFitness value='0.402222'/>
	<unitsAverage value='47'/>
</results>
