<results>
	<result value='win'/>
	<start value='2015-05-08.15:07:23'/>
	<end value='2015-05-08.15:07:56'/>
	<frames value='31157'/>
	<gameDuration value='1947'/>

	<player>
		<unitScore value='16900'/>
		<killScore value='27600'/>
		<buildingScore value='4700'/>
		<razingScore value='9000'/>
		<mineralScore value='31074'/>
		<gasScore value='3360'/>
		<totalScore value='92634'/>
	</player>

	<enemy>
		<race value='Terran'/>
		<unitScore value='14100'/>
		<unitScore value='14100'/>
		<killScore value='10950'/>
		<buildingScore value='3000'/>
		<razingScore value='1575'/>
		<mineralScore value='12150'/>
		<gasScore value='5024'/>
		<totalScore value='46799'/>
	</enemy>

	<scoreRatio value='1.9794'/>
	<timeFitness value='0.729583'/>
	<unitsAverage value='101'/>
</results>
