<results>
	<result value='win'/>
	<start value='2015-05-04.17:48:48'/>
	<end value='2015-05-04.17:49:20'/>
	<frames value='27003'/>
	<gameDuration value='1687'/>

	<player>
		<unitScore value='12650'/>
		<killScore value='22250'/>
		<buildingScore value='3825'/>
		<razingScore value='8400'/>
		<mineralScore value='20534'/>
		<gasScore value='2216'/>
		<totalScore value='69875'/>
	</player>

	<enemy>
		<race value='Terran'/>
		<unitScore value='11125'/>
		<unitScore value='11125'/>
		<killScore value='6150'/>
		<buildingScore value='2800'/>
		<razingScore value='150'/>
		<mineralScore value='11282'/>
		<gasScore value='4432'/>
		<totalScore value='35939'/>
	</enemy>

	<scoreRatio value='1.94427'/>
	<timeFitness value='0.765694'/>
	<unitsAverage value='75'/>
</results>
