<results>
	<result value='win'/>
	<start value='2015-05-04.17:59:27'/>
	<end value='2015-05-04.17:59:39'/>
	<frames value='15502'/>
	<gameDuration value='968'/>

	<player>
		<unitScore value='4875'/>
		<killScore value='7250'/>
		<buildingScore value='1800'/>
		<razingScore value='3975'/>
		<mineralScore value='7010'/>
		<gasScore value='1072'/>
		<totalScore value='25982'/>
	</player>

	<enemy>
		<race value='Terran'/>
		<unitScore value='3625'/>
		<unitScore value='3625'/>
		<killScore value='1700'/>
		<buildingScore value='1400'/>
		<razingScore value='150'/>
		<mineralScore value='5018'/>
		<gasScore value='1424'/>
		<totalScore value='13317'/>
	</enemy>

	<scoreRatio value='1.95104'/>
	<timeFitness value='0.865556'/>
	<unitsAverage value='42'/>
</results>
