<results>
	<result value='win'/>
	<start value='2015-04-28.19:15:03'/>
	<end value='2015-04-28.19:16:07'/>
	<frames value='46688'/>
	<gameDuration value='2918'/>

	<player>
		<unitScore value='33225'/>
		<killScore value='42350'/>
		<buildingScore value='3350'/>
		<razingScore value='21675'/>
		<mineralScore value='33890'/>
		<gasScore value='6080'/>
		<totalScore value='140570'/>
	</player>

	<enemy>
		<race value='Protoss'/>
		<unitScore value='22325'/>
		<unitScore value='22325'/>
		<killScore value='49250'/>
		<buildingScore value='7225'/>
		<razingScore value='0'/>
		<mineralScore value='22074'/>
		<gasScore value='6304'/>
		<totalScore value='107178'/>
	</enemy>

	<scoreRatio value='1.31156'/>
	<timeFitness value='0.594722'/>
	<unitsAverage value='141'/>
</results>
