<results>
	<result value='win'/>
	<start value='2014-07-06.05:35:05'/>
	<end value='2014-07-06.05:35:50'/>
	<frames value='40891'/>
	<gameDuration value='2555'/>

	<player>
		<unitScore value='30475'/>
		<killScore value='44200'/>
		<buildingScore value='4350'/>
		<razingScore value='18975'/>
		<mineralScore value='32794'/>
		<gasScore value='4480'/>
		<totalScore value='135274'/>
	</player>

	<enemy>
		<race value='Protoss'/>
		<unitScore value='22100'/>
		<unitScore value='22100'/>
		<killScore value='37750'/>
		<buildingScore value='6325'/>
		<razingScore value='1350'/>
		<mineralScore value='21954'/>
		<gasScore value='7898'/>
		<totalScore value='97377'/>
	</enemy>

	<scoreRatio value='1.38918'/>
</results>
