<results>
	<result value='win'/>
	<start value='2015-05-09.10:54:47'/>
	<end value='2015-05-09.10:55:50'/>
	<frames value='51710'/>
	<gameDuration value='3231'/>

	<player>
		<unitScore value='30375'/>
		<killScore value='32500'/>
		<buildingScore value='5100'/>
		<razingScore value='9900'/>
		<mineralScore value='40482'/>
		<gasScore value='6808'/>
		<totalScore value='125165'/>
	</player>

	<enemy>
		<race value='Terran'/>
		<unitScore value='18150'/>
		<unitScore value='18150'/>
		<killScore value='33250'/>
		<buildingScore value='3300'/>
		<razingScore value='3300'/>
		<mineralScore value='22162'/>
		<gasScore value='5442'/>
		<totalScore value='85604'/>
	</enemy>

	<scoreRatio value='1.46214'/>
	<timeFitness value='0.55125'/>
	<unitsAverage value='124'/>
</results>
