<results>
	<result value='win'/>
	<start value='2015-05-05.09:46:02'/>
	<end value='2015-05-05.09:46:48'/>
	<frames value='43030'/>
	<gameDuration value='2689'/>

	<player>
		<unitScore value='24025'/>
		<killScore value='41200'/>
		<buildingScore value='4300'/>
		<razingScore value='12075'/>
		<mineralScore value='38690'/>
		<gasScore value='5704'/>
		<totalScore value='125994'/>
	</player>

	<enemy>
		<race value='Terran'/>
		<unitScore value='23800'/>
		<unitScore value='23800'/>
		<killScore value='28050'/>
		<buildingScore value='4125'/>
		<razingScore value='1500'/>
		<mineralScore value='17802'/>
		<gasScore value='9240'/>
		<totalScore value='84517'/>
	</enemy>

	<scoreRatio value='1.49075'/>
	<timeFitness value='0.626528'/>
	<unitsAverage value='108'/>
</results>
