<results>
	<result value='loss'/>
	<start value='2015-04-29.11:11:18'/>
	<end value='2015-04-29.11:11:47'/>
	<frames value='45479'/>
	<gameDuration value='2842'/>

	<player>
		<unitScore value='11300'/>
		<killScore value='17350'/>
		<buildingScore value='1775'/>
		<razingScore value='825'/>
		<mineralScore value='13394'/>
		<gasScore value='3960'/>
		<totalScore value='48604'/>
	</player>

	<enemy>
		<race value='Terran'/>
		<unitScore value='29350'/>
		<unitScore value='29350'/>
		<killScore value='22600'/>
		<buildingScore value='5175'/>
		<razingScore value='5175'/>
		<mineralScore value='23242'/>
		<gasScore value='13600'/>
		<totalScore value='99142'/>
	</enemy>

	<scoreRatio value='0.490246'/>
</results>
