<results>
	<result value='loss'/>
	<start value='2015-04-29.11:11:50'/>
	<end value='2015-04-29.11:11:58'/>
	<frames value='14510'/>
	<gameDuration value='906'/>

	<player>
		<unitScore value='3650'/>
		<killScore value='450'/>
		<buildingScore value='1175'/>
		<razingScore value='0'/>
		<mineralScore value='4738'/>
		<gasScore value='520'/>
		<totalScore value='10533'/>
	</player>

	<enemy>
		<race value='Terran'/>
		<unitScore value='4225'/>
		<unitScore value='4225'/>
		<killScore value='7300'/>
		<buildingScore value='1450'/>
		<razingScore value='3525'/>
		<mineralScore value='6426'/>
		<gasScore value='2176'/>
		<totalScore value='25102'/>
	</enemy>

	<scoreRatio value='0.419608'/>
</results>
