<results>
	<result value='loss'/>
	<start value='2015-04-29.11:16:34'/>
	<end value='2015-04-29.11:16:46'/>
	<frames value='20586'/>
	<gameDuration value='1286'/>

	<player>
		<unitScore value='6750'/>
		<killScore value='3400'/>
		<buildingScore value='2125'/>
		<razingScore value='0'/>
		<mineralScore value='10186'/>
		<gasScore value='0'/>
		<totalScore value='22461'/>
	</player>

	<enemy>
		<race value='Terran'/>
		<unitScore value='8400'/>
		<unitScore value='8400'/>
		<killScore value='13500'/>
		<buildingScore value='3050'/>
		<razingScore value='6375'/>
		<mineralScore value='9666'/>
		<gasScore value='3808'/>
		<totalScore value='44799'/>
	</enemy>

	<scoreRatio value='0.501373'/>
</results>
