<results>
	<result value='loss'/>
	<start value='2015-04-29.11:26:41'/>
	<end value='2015-04-29.11:26:47'/>
	<frames value='14541'/>
	<gameDuration value='908'/>

	<player>
		<unitScore value='1450'/>
		<killScore value='400'/>
		<buildingScore value='1075'/>
		<razingScore value='0'/>
		<mineralScore value='2354'/>
		<gasScore value='344'/>
		<totalScore value='5623'/>
	</player>

	<enemy>
		<race value='Terran'/>
		<unitScore value='4450'/>
		<unitScore value='4450'/>
		<killScore value='2900'/>
		<buildingScore value='1450'/>
		<razingScore value='3225'/>
		<mineralScore value='6722'/>
		<gasScore value='1904'/>
		<totalScore value='20651'/>
	</enemy>

	<scoreRatio value='0.272287'/>
</results>
