<results>
	<result value='loss'/>
	<start value='2015-04-29.11:31:19'/>
	<end value='2015-04-29.11:31:27'/>
	<frames value='16556'/>
	<gameDuration value='1034'/>

	<player>
		<unitScore value='2325'/>
		<killScore value='500'/>
		<buildingScore value='1375'/>
		<razingScore value='150'/>
		<mineralScore value='3370'/>
		<gasScore value='600'/>
		<totalScore value='8320'/>
	</player>

	<enemy>
		<race value='Terran'/>
		<unitScore value='5625'/>
		<unitScore value='5625'/>
		<killScore value='4650'/>
		<buildingScore value='2000'/>
		<razingScore value='4125'/>
		<mineralScore value='7586'/>
		<gasScore value='2392'/>
		<totalScore value='26378'/>
	</enemy>

	<scoreRatio value='0.315414'/>
</results>
