<results>
	<result value='loss'/>
	<start value='2015-04-29.11:37:24'/>
	<end value='2015-04-29.11:38:30'/>
	<frames value='46192'/>
	<gameDuration value='2887'/>

	<player>
		<unitScore value='13700'/>
		<killScore value='13350'/>
		<buildingScore value='3300'/>
		<razingScore value='0'/>
		<mineralScore value='15010'/>
		<gasScore value='2584'/>
		<totalScore value='47944'/>
	</player>

	<enemy>
		<race value='Terran'/>
		<unitScore value='21100'/>
		<unitScore value='21100'/>
		<killScore value='27400'/>
		<buildingScore value='5325'/>
		<razingScore value='9900'/>
		<mineralScore value='28066'/>
		<gasScore value='11042'/>
		<totalScore value='102833'/>
	</enemy>

	<scoreRatio value='0.466232'/>
</results>
