<results>
	<result value='loss'/>
	<start value='2015-04-29.11:40:44'/>
	<end value='2015-04-29.11:40:54'/>
	<frames value='17672'/>
	<gameDuration value='1104'/>

	<player>
		<unitScore value='4675'/>
		<killScore value='1150'/>
		<buildingScore value='1700'/>
		<razingScore value='0'/>
		<mineralScore value='6250'/>
		<gasScore value='848'/>
		<totalScore value='14623'/>
	</player>

	<enemy>
		<race value='Terran'/>
		<unitScore value='5750'/>
		<unitScore value='5750'/>
		<killScore value='7500'/>
		<buildingScore value='2650'/>
		<razingScore value='5100'/>
		<mineralScore value='8202'/>
		<gasScore value='2640'/>
		<totalScore value='31842'/>
	</enemy>

	<scoreRatio value='0.459236'/>
</results>
