<results>
	<result value='loss'/>
	<start value='2015-04-29.11:45:07'/>
	<end value='2015-04-29.11:45:15'/>
	<frames value='16401'/>
	<gameDuration value='1025'/>

	<player>
		<unitScore value='3750'/>
		<killScore value='600'/>
		<buildingScore value='1500'/>
		<razingScore value='0'/>
		<mineralScore value='4610'/>
		<gasScore value='504'/>
		<totalScore value='10964'/>
	</player>

	<enemy>
		<race value='Terran'/>
		<unitScore value='5700'/>
		<unitScore value='5700'/>
		<killScore value='7500'/>
		<buildingScore value='1950'/>
		<razingScore value='4500'/>
		<mineralScore value='7474'/>
		<gasScore value='2480'/>
		<totalScore value='29604'/>
	</enemy>

	<scoreRatio value='0.370355'/>
</results>
