<results>
	<result value='loss'/>
	<start value='2015-04-29.11:49:54'/>
	<end value='2015-04-29.11:50:00'/>
	<frames value='14448'/>
	<gameDuration value='903'/>

	<player>
		<unitScore value='1775'/>
		<killScore value='200'/>
		<buildingScore value='1075'/>
		<razingScore value='0'/>
		<mineralScore value='2810'/>
		<gasScore value='488'/>
		<totalScore value='6348'/>
	</player>

	<enemy>
		<race value='Terran'/>
		<unitScore value='4475'/>
		<unitScore value='4475'/>
		<killScore value='3550'/>
		<buildingScore value='1500'/>
		<razingScore value='3225'/>
		<mineralScore value='6490'/>
		<gasScore value='2192'/>
		<totalScore value='21432'/>
	</enemy>

	<scoreRatio value='0.296193'/>
</results>
