<results>
	<result value='loss'/>
	<start value='2015-04-29.12:09:34'/>
	<end value='2015-04-29.12:09:39'/>
	<frames value='12433'/>
	<gameDuration value='777'/>

	<player>
		<unitScore value='1175'/>
		<killScore value='400'/>
		<buildingScore value='775'/>
		<razingScore value='0'/>
		<mineralScore value='3026'/>
		<gasScore value='592'/>
		<totalScore value='5968'/>
	</player>

	<enemy>
		<race value='Terran'/>
		<unitScore value='3650'/>
		<unitScore value='3650'/>
		<killScore value='2350'/>
		<buildingScore value='1450'/>
		<razingScore value='2325'/>
		<mineralScore value='5562'/>
		<gasScore value='1504'/>
		<totalScore value='16841'/>
	</enemy>

	<scoreRatio value='0.354373'/>
</results>
