<results>
	<result value='draw'/>
	<start value='2015-04-29.12:23:27'/>
	<end value='2015-04-29.12:24:19'/>
	<frames value='57601'/>
	<gameDuration value='3600'/>

	<player>
		<unitScore value='23050'/>
		<killScore value='35000'/>
		<buildingScore value='2900'/>
		<razingScore value='1875'/>
		<mineralScore value='25622'/>
		<gasScore value='6904'/>
		<totalScore value='95351'/>
	</player>

	<enemy>
		<race value='Terran'/>
		<unitScore value='30200'/>
		<unitScore value='30200'/>
		<killScore value='37500'/>
		<buildingScore value='5200'/>
		<razingScore value='1500'/>
		<mineralScore value='29918'/>
		<gasScore value='11966'/>
		<totalScore value='116284'/>
	</enemy>

	<scoreRatio value='0.819984'/>
</results>
