<results>
	<result value='win'/>
	<start value='2015-04-29.12:28:07'/>
	<end value='2015-04-29.12:29:07'/>
	<frames value='36334'/>
	<gameDuration value='2270'/>

	<player>
		<unitScore value='15475'/>
		<killScore value='19400'/>
		<buildingScore value='3550'/>
		<razingScore value='9525'/>
		<mineralScore value='24294'/>
		<gasScore value='3736'/>
		<totalScore value='75980'/>
	</player>

	<enemy>
		<race value='Terran'/>
		<unitScore value='10750'/>
		<unitScore value='10750'/>
		<killScore value='5550'/>
		<buildingScore value='3175'/>
		<razingScore value='300'/>
		<mineralScore value='14946'/>
		<gasScore value='6144'/>
		<totalScore value='40865'/>
	</enemy>

	<scoreRatio value='1.85929'/>
</results>
