<results>
	<result value='win'/>
	<start value='2015-04-29.12:29:25'/>
	<end value='2015-04-29.12:30:06'/>
	<frames value='42534'/>
	<gameDuration value='2658'/>

	<player>
		<unitScore value='19675'/>
		<killScore value='40350'/>
		<buildingScore value='3100'/>
		<razingScore value='10275'/>
		<mineralScore value='22442'/>
		<gasScore value='3544'/>
		<totalScore value='99386'/>
	</player>

	<enemy>
		<race value='Terran'/>
		<unitScore value='20575'/>
		<unitScore value='20575'/>
		<killScore value='20400'/>
		<buildingScore value='3425'/>
		<razingScore value='1875'/>
		<mineralScore value='16666'/>
		<gasScore value='7690'/>
		<totalScore value='70631'/>
	</enemy>

	<scoreRatio value='1.40712'/>
</results>
