<results>
	<result value='draw'/>
	<start value='2015-05-05.00:39:33'/>
	<end value='2015-05-05.00:41:30'/>
	<frames value='57601'/>
	<gameDuration value='3600'/>

	<player>
		<unitScore value='26775'/>
		<killScore value='51000'/>
		<buildingScore value='3075'/>
		<razingScore value='9600'/>
		<mineralScore value='28534'/>
		<gasScore value='5076'/>
		<totalScore value='124060'/>
	</player>

	<enemy>
		<race value='Protoss'/>
		<unitScore value='33375'/>
		<unitScore value='33375'/>
		<killScore value='37850'/>
		<buildingScore value='7375'/>
		<razingScore value='0'/>
		<mineralScore value='29358'/>
		<gasScore value='11736'/>
		<totalScore value='119694'/>
	</enemy>

	<scoreRatio value='1.03648'/>
	<timeFitness value='0.5'/>
	<unitsAverage value='113'/>
</results>
