<results>
	<result value='loss'/>
	<start value='2015-05-01.03:00:41'/>
	<end value='2015-05-01.03:01:09'/>
	<frames value='33699'/>
	<gameDuration value='2106'/>

	<player>
		<unitScore value='10375'/>
		<killScore value='4800'/>
		<buildingScore value='1975'/>
		<razingScore value='0'/>
		<mineralScore value='12370'/>
		<gasScore value='2032'/>
		<totalScore value='31552'/>
	</player>

	<enemy>
		<race value='Protoss'/>
		<unitScore value='15475'/>
		<unitScore value='15475'/>
		<killScore value='20750'/>
		<buildingScore value='6975'/>
		<razingScore value='5925'/>
		<mineralScore value='20858'/>
		<gasScore value='7552'/>
		<totalScore value='77535'/>
	</enemy>

	<scoreRatio value='0.406939'/>
</results>
