<results>
	<result value='loss'/>
	<start value='2015-05-01.03:17:07'/>
	<end value='2015-05-01.03:18:03'/>
	<frames value='41728'/>
	<gameDuration value='2608'/>

	<player>
		<unitScore value='22025'/>
		<killScore value='18650'/>
		<buildingScore value='2175'/>
		<razingScore value='300'/>
		<mineralScore value='22362'/>
		<gasScore value='3856'/>
		<totalScore value='69368'/>
	</player>

	<enemy>
		<race value='Protoss'/>
		<unitScore value='29975'/>
		<unitScore value='29975'/>
		<killScore value='44050'/>
		<buildingScore value='8025'/>
		<razingScore value='6525'/>
		<mineralScore value='29298'/>
		<gasScore value='11626'/>
		<totalScore value='129499'/>
	</enemy>

	<scoreRatio value='0.535664'/>
</results>
