<results>
	<result value='win'/>
	<start value='2015-05-11.00:29:45'/>
	<end value='2015-05-11.00:30:50'/>
	<frames value='48982'/>
	<gameDuration value='3061'/>

	<player>
		<unitScore value='28950'/>
		<killScore value='52250'/>
		<buildingScore value='3825'/>
		<razingScore value='12555'/>
		<mineralScore value='30474'/>
		<gasScore value='4376'/>
		<totalScore value='132430'/>
	</player>

	<enemy>
		<race value='Zerg'/>
		<unitScore value='24125'/>
		<unitScore value='24125'/>
		<killScore value='35550'/>
		<buildingScore value='4185'/>
		<razingScore value='2400'/>
		<mineralScore value='23954'/>
		<gasScore value='5686'/>
		<totalScore value='95900'/>
	</enemy>

	<scoreRatio value='1.38092'/>
	<timeFitness value='0.574861'/>
	<unitsAverage value='127'/>
</results>
