<results>
	<result value='win'/>
	<start value='2015-05-11.00:31:33'/>
	<end value='2015-05-11.00:32:06'/>
	<frames value='32149'/>
	<gameDuration value='2009'/>

	<player>
		<unitScore value='21950'/>
		<killScore value='32885'/>
		<buildingScore value='4075'/>
		<razingScore value='6495'/>
		<mineralScore value='28626'/>
		<gasScore value='3104'/>
		<totalScore value='97135'/>
	</player>

	<enemy>
		<race value='Zerg'/>
		<unitScore value='14025'/>
		<unitScore value='14025'/>
		<killScore value='17900'/>
		<buildingScore value='2165'/>
		<razingScore value='0'/>
		<mineralScore value='14050'/>
		<gasScore value='4208'/>
		<totalScore value='52348'/>
	</enemy>

	<scoreRatio value='1.85556'/>
	<timeFitness value='0.720972'/>
	<unitsAverage value='104'/>
</results>
