<results>
	<result value='win'/>
	<start value='2015-05-11.00:40:38'/>
	<end value='2015-05-11.00:40:58'/>
	<frames value='23593'/>
	<gameDuration value='1474'/>

	<player>
		<unitScore value='13850'/>
		<killScore value='16220'/>
		<buildingScore value='3975'/>
		<razingScore value='5445'/>
		<mineralScore value='20386'/>
		<gasScore value='1560'/>
		<totalScore value='61436'/>
	</player>

	<enemy>
		<race value='Zerg'/>
		<unitScore value='8150'/>
		<unitScore value='8150'/>
		<killScore value='8400'/>
		<buildingScore value='1815'/>
		<razingScore value='150'/>
		<mineralScore value='8954'/>
		<gasScore value='2880'/>
		<totalScore value='30349'/>
	</enemy>

	<scoreRatio value='2.02432'/>
	<timeFitness value='0.795278'/>
	<unitsAverage value='84'/>
</results>
