<results>
	<result value='loss'/>
	<start value='2015-07-19.15:29:21'/>
	<end value='2015-07-19.15:29:57'/>
	<frames value='29979'/>
	<gameDuration value='1873'/>

	<player>
		<unitScore value='10825'/>
		<killScore value='8925'/>
		<buildingScore value='4325'/>
		<razingScore value='900'/>
		<mineralScore value='14966'/>
		<gasScore value='1768'/>
		<totalScore value='41709'/>
	</player>

	<enemy>
		<race value='Zerg'/>
		<unitScore value='15000'/>
		<killScore value='21650'/>
		<buildingScore value='3920'/>
		<razingScore value='12975'/>
		<mineralScore value='18102'/>
		<gasScore value='4928'/>
		<totalScore value='76575'/>
	</enemy>

	<scoreRatio value='0.544682'/>
	<timeFitness value='0.260139'/>
	<unitsAverage value='54'/>
</results>
