<results>
	<result value='loss'/>
	<start value='2015-07-19.15:31:01'/>
	<end value='2015-07-19.15:31:25'/>
	<frames value='23376'/>
	<gameDuration value='1461'/>

	<player>
		<unitScore value='9150'/>
		<killScore value='5580'/>
		<buildingScore value='3225'/>
		<razingScore value='900'/>
		<mineralScore value='10162'/>
		<gasScore value='1824'/>
		<totalScore value='30841'/>
	</player>

	<enemy>
		<race value='Zerg'/>
		<unitScore value='7750'/>
		<killScore value='16450'/>
		<buildingScore value='2940'/>
		<razingScore value='9675'/>
		<mineralScore value='10018'/>
		<gasScore value='3200'/>
		<totalScore value='50033'/>
	</enemy>

	<scoreRatio value='0.616413'/>
	<timeFitness value='0.202917'/>
	<unitsAverage value='47'/>
</results>
