<results>
	<result value='win'/>
	<start value='2015-05-10.21:49:17'/>
	<end value='2015-05-10.21:49:48'/>
	<frames value='36706'/>
	<gameDuration value='2294'/>

	<player>
		<unitScore value='17350'/>
		<killScore value='41470'/>
		<buildingScore value='3800'/>
		<razingScore value='9375'/>
		<mineralScore value='22386'/>
		<gasScore value='3744'/>
		<totalScore value='98125'/>
	</player>

	<enemy>
		<race value='Zerg'/>
		<unitScore value='18925'/>
		<unitScore value='18925'/>
		<killScore value='17200'/>
		<buildingScore value='3125'/>
		<razingScore value='1950'/>
		<mineralScore value='17618'/>
		<gasScore value='5416'/>
		<totalScore value='64234'/>
	</enemy>

	<scoreRatio value='1.52762'/>
	<timeFitness value='0.681389'/>
	<unitsAverage value='74'/>
</results>
