<results>
	<result value='win'/>
	<start value='2015-05-03.23:52:09'/>
	<end value='2015-05-03.23:52:48'/>
	<frames value='27995'/>
	<gameDuration value='1749'/>

	<player>
		<unitScore value='18675'/>
		<killScore value='19840'/>
		<buildingScore value='4050'/>
		<razingScore value='6480'/>
		<mineralScore value='23706'/>
		<gasScore value='2856'/>
		<totalScore value='75607'/>
	</player>

	<enemy>
		<race value='Zerg'/>
		<unitScore value='9375'/>
		<unitScore value='9375'/>
		<killScore value='13850'/>
		<buildingScore value='2160'/>
		<razingScore value='0'/>
		<mineralScore value='9434'/>
		<gasScore value='2856'/>
		<totalScore value='37675'/>
	</enemy>

	<scoreRatio value='2.00682'/>
	<timeFitness value='0.757083'/>
	<unitsAverage value='101'/>
</results>
