<results>
	<result value='draw'/>
	<start value='2015-07-19.03:24:35'/>
	<end value='2015-07-19.03:26:21'/>
	<frames value='57601'/>
	<gameDuration value='3600'/>

	<player>
		<unitScore value='27900'/>
		<killScore value='20620'/>
		<buildingScore value='5525'/>
		<razingScore value='975'/>
		<mineralScore value='31454'/>
		<gasScore value='4344'/>
		<totalScore value='90818'/>
	</player>

	<enemy>
		<race value='Zerg'/>
		<unitScore value='31000'/>
		<killScore value='38350'/>
		<buildingScore value='4760'/>
		<razingScore value='6300'/>
		<mineralScore value='31550'/>
		<gasScore value='11536'/>
		<totalScore value='123496'/>
	</enemy>

	<scoreRatio value='0.735392'/>
	<timeFitness value='0.5'/>
	<unitsAverage value='109'/>
</results>
