<results>
	<result value='loss'/>
	<start value='2015-07-20.14:51:39'/>
	<end value='2015-07-20.14:52:12'/>
	<frames value='34691'/>
	<gameDuration value='2168'/>

	<player>
		<unitScore value='20000'/>
		<killScore value='14350'/>
		<buildingScore value='3825'/>
		<razingScore value='0'/>
		<mineralScore value='19598'/>
		<gasScore value='3624'/>
		<totalScore value='61397'/>
	</player>

	<enemy>
		<race value='Zerg'/>
		<unitScore value='17425'/>
		<killScore value='40000'/>
		<buildingScore value='4080'/>
		<razingScore value='11475'/>
		<mineralScore value='19982'/>
		<gasScore value='6712'/>
		<totalScore value='99674'/>
	</enemy>

	<scoreRatio value='0.615978'/>
	<timeFitness value='0.301111'/>
	<unitsAverage value='45'/>
</results>
