<results>
	<result value='win'/>
	<start value='2015-04-29.13:21:51'/>
	<end value='2015-04-29.13:23:41'/>
	<frames value='54097'/>
	<gameDuration value='3381'/>

	<player>
		<unitScore value='30600'/>
		<killScore value='32600'/>
		<buildingScore value='5500'/>
		<razingScore value='12825'/>
		<mineralScore value='43962'/>
		<gasScore value='6358'/>
		<totalScore value='131845'/>
	</player>

	<enemy>
		<race value='Terran'/>
		<unitScore value='17300'/>
		<unitScore value='17300'/>
		<killScore value='35050'/>
		<buildingScore value='4375'/>
		<razingScore value='3375'/>
		<mineralScore value='17298'/>
		<gasScore value='5760'/>
		<totalScore value='83158'/>
	</enemy>

	<scoreRatio value='1.58548'/>
	<timeFitness value='0.530417'/>
	<unitsAverage value='155'/>
</results>
