<results>
	<result value='loss'/>
	<start value='2015-05-03.12:53:32'/>
	<end value='2015-05-03.12:53:42'/>
	<frames value='18075'/>
	<gameDuration value='1129'/>

	<player>
		<unitScore value='4625'/>
		<killScore value='800'/>
		<buildingScore value='2100'/>
		<razingScore value='0'/>
		<mineralScore value='6642'/>
		<gasScore value='744'/>
		<totalScore value='14911'/>
	</player>

	<enemy>
		<race value='Terran'/>
		<unitScore value='6625'/>
		<unitScore value='6625'/>
		<killScore value='9250'/>
		<buildingScore value='2900'/>
		<razingScore value='6300'/>
		<mineralScore value='8346'/>
		<gasScore value='2904'/>
		<totalScore value='36325'/>
	</enemy>

	<scoreRatio value='0.410489'/>
	<timeFitness value='0.156806'/>
	<unitsAverage value='27'/>
</results>
