<results>
	<result value='win'/>
	<start value='2015-05-08.16:45:37'/>
	<end value='2015-05-08.16:46:29'/>
	<frames value='47897'/>
	<gameDuration value='2993'/>

	<player>
		<unitScore value='21625'/>
		<killScore value='33000'/>
		<buildingScore value='5575'/>
		<razingScore value='12075'/>
		<mineralScore value='40138'/>
		<gasScore value='7160'/>
		<totalScore value='119573'/>
	</player>

	<enemy>
		<race value='Terran'/>
		<unitScore value='18100'/>
		<unitScore value='18100'/>
		<killScore value='19950'/>
		<buildingScore value='4025'/>
		<razingScore value='3900'/>
		<mineralScore value='15634'/>
		<gasScore value='7590'/>
		<totalScore value='69199'/>
	</enemy>

	<scoreRatio value='1.72796'/>
	<timeFitness value='0.584306'/>
	<unitsAverage value='123'/>
</results>
