<results>
	<result value='win'/>
	<start value='2015-05-03.12:59:34'/>
	<end value='2015-05-03.12:59:51'/>
	<frames value='20958'/>
	<gameDuration value='1309'/>

	<player>
		<unitScore value='8825'/>
		<killScore value='14300'/>
		<buildingScore value='3375'/>
		<razingScore value='6450'/>
		<mineralScore value='18186'/>
		<gasScore value='1624'/>
		<totalScore value='52760'/>
	</player>

	<enemy>
		<race value='Terran'/>
		<unitScore value='7150'/>
		<unitScore value='7150'/>
		<killScore value='4850'/>
		<buildingScore value='2150'/>
		<razingScore value='1725'/>
		<mineralScore value='7466'/>
		<gasScore value='2400'/>
		<totalScore value='25741'/>
	</enemy>

	<scoreRatio value='2.04965'/>
	<timeFitness value='0.818194'/>
	<unitsAverage value='68'/>
</results>
