<results>
	<result value='loss'/>
	<start value='2015-05-08.16:55:28'/>
	<end value='2015-05-08.16:55:59'/>
	<frames value='45324'/>
	<gameDuration value='2832'/>

	<player>
		<unitScore value='9625'/>
		<killScore value='11400'/>
		<buildingScore value='3050'/>
		<razingScore value='0'/>
		<mineralScore value='13298'/>
		<gasScore value='2680'/>
		<totalScore value='40053'/>
	</player>

	<enemy>
		<race value='Terran'/>
		<unitScore value='26475'/>
		<unitScore value='26475'/>
		<killScore value='19250'/>
		<buildingScore value='6225'/>
		<razingScore value='9150'/>
		<mineralScore value='24098'/>
		<gasScore value='14812'/>
		<totalScore value='100010'/>
	</enemy>

	<scoreRatio value='0.40049'/>
	<timeFitness value='0.393333'/>
	<unitsAverage value='40'/>
</results>
