<results>
	<result value='loss'/>
	<start value='2015-04-11.09:59:12'/>
	<end value='2015-04-11.09:59:29'/>
	<frames value='18323'/>
	<gameDuration value='1145'/>

	<player>
		<unitScore value='4025'/>
		<killScore value='1600'/>
		<buildingScore value='2050'/>
		<razingScore value='0'/>
		<mineralScore value='6370'/>
		<gasScore value='768'/>
		<totalScore value='14813'/>
	</player>

	<enemy>
		<race value='Protoss'/>
		<unitScore value='4275'/>
		<unitScore value='4275'/>
		<killScore value='7800'/>
		<buildingScore value='4225'/>
		<razingScore value='6150'/>
		<mineralScore value='9402'/>
		<gasScore value='2440'/>
		<totalScore value='34292'/>
	</enemy>

	<scoreRatio value='0.431967'/>
</results>
