<results>
	<result value='draw'/>
	<start value='2015-04-09.06:13:33'/>
	<end value='2015-04-09.06:14:34'/>
	<frames value='57601'/>
	<gameDuration value='3600'/>

	<player>
		<unitScore value='29225'/>
		<killScore value='54400'/>
		<buildingScore value='3400'/>
		<razingScore value='600'/>
		<mineralScore value='31502'/>
		<gasScore value='9262'/>
		<totalScore value='128389'/>
	</player>

	<enemy>
		<race value='Protoss'/>
		<unitScore value='39925'/>
		<unitScore value='39925'/>
		<killScore value='50150'/>
		<buildingScore value='6275'/>
		<razingScore value='1875'/>
		<mineralScore value='31550'/>
		<gasScore value='12014'/>
		<totalScore value='141789'/>
	</enemy>

	<scoreRatio value='0.905493'/>
</results>
