<results>
	<result value='win'/>
	<start value='2015-04-30.05:36:11'/>
	<end value='2015-04-30.05:36:49'/>
	<frames value='26259'/>
	<gameDuration value='1641'/>

	<player>
		<unitScore value='17875'/>
		<killScore value='26760'/>
		<buildingScore value='4075'/>
		<razingScore value='4920'/>
		<mineralScore value='26086'/>
		<gasScore value='2592'/>
		<totalScore value='82308'/>
	</player>

	<enemy>
		<race value='Zerg'/>
		<unitScore value='12275'/>
		<unitScore value='12275'/>
		<killScore value='17350'/>
		<buildingScore value='1640'/>
		<razingScore value='0'/>
		<mineralScore value='11138'/>
		<gasScore value='3096'/>
		<totalScore value='45499'/>
	</enemy>

	<scoreRatio value='1.80901'/>
</results>
