<results>
	<result value='loss'/>
	<start value='2015-04-08.01:08:54'/>
	<end value='2015-04-08.01:09:32'/>
	<frames value='44766'/>
	<gameDuration value='2797'/>

	<player>
		<unitScore value='22075'/>
		<killScore value='35150'/>
		<buildingScore value='2500'/>
		<razingScore value='0'/>
		<mineralScore value='23978'/>
		<gasScore value='4640'/>
		<totalScore value='88343'/>
	</player>

	<enemy>
		<race value='Protoss'/>
		<unitScore value='38450'/>
		<unitScore value='38450'/>
		<killScore value='44150'/>
		<buildingScore value='7475'/>
		<razingScore value='7500'/>
		<mineralScore value='31854'/>
		<gasScore value='13016'/>
		<totalScore value='142445'/>
	</enemy>

	<scoreRatio value='0.62019'/>
</results>
