<results>
	<result value='loss'/>
	<start value='2015-04-08.01:09:49'/>
	<end value='2015-04-08.01:09:58'/>
	<frames value='17145'/>
	<gameDuration value='1071'/>

	<player>
		<unitScore value='3650'/>
		<killScore value='3800'/>
		<buildingScore value='1325'/>
		<razingScore value='0'/>
		<mineralScore value='5378'/>
		<gasScore value='520'/>
		<totalScore value='14673'/>
	</player>

	<enemy>
		<race value='Protoss'/>
		<unitScore value='3600'/>
		<unitScore value='3600'/>
		<killScore value='7300'/>
		<buildingScore value='4075'/>
		<razingScore value='3975'/>
		<mineralScore value='9114'/>
		<gasScore value='1584'/>
		<totalScore value='29648'/>
	</enemy>

	<scoreRatio value='0.494907'/>
</results>
