<results>
	<result value='loss'/>
	<start value='2015-04-07.16:10:42'/>
	<end value='2015-04-07.16:10:58'/>
	<frames value='30692'/>
	<gameDuration value='1918'/>

	<player>
		<unitScore value='8550'/>
		<killScore value='6250'/>
		<buildingScore value='2025'/>
		<razingScore value='0'/>
		<mineralScore value='11802'/>
		<gasScore value='504'/>
		<totalScore value='29131'/>
	</player>

	<enemy>
		<race value='Protoss'/>
		<unitScore value='16175'/>
		<unitScore value='16175'/>
		<killScore value='17200'/>
		<buildingScore value='6875'/>
		<razingScore value='6075'/>
		<mineralScore value='19594'/>
		<gasScore value='7712'/>
		<totalScore value='73631'/>
	</enemy>

	<scoreRatio value='0.395635'/>
</results>
