<results>
	<result value='win'/>
	<start value='2015-05-03.20:50:46'/>
	<end value='2015-05-03.20:51:24'/>
	<frames value='23407'/>
	<gameDuration value='1462'/>

	<player>
		<unitScore value='15775'/>
		<killScore value='23515'/>
		<buildingScore value='4125'/>
		<razingScore value='4560'/>
		<mineralScore value='21474'/>
		<gasScore value='1616'/>
		<totalScore value='71065'/>
	</player>

	<enemy>
		<race value='Zerg'/>
		<unitScore value='10475'/>
		<unitScore value='10475'/>
		<killScore value='10850'/>
		<buildingScore value='1520'/>
		<razingScore value='0'/>
		<mineralScore value='9250'/>
		<gasScore value='2656'/>
		<totalScore value='34751'/>
	</enemy>

	<scoreRatio value='2.04498'/>
	<timeFitness value='0.796944'/>
	<unitsAverage value='87'/>
</results>
