<results>
	<result value='win'/>
	<start value='2015-05-21.20:38:40'/>
	<end value='2015-05-21.20:39:14'/>
	<frames value='30940'/>
	<gameDuration value='1933'/>

	<player>
		<unitScore value='20450'/>
		<killScore value='37120'/>
		<buildingScore value='4175'/>
		<razingScore value='6060'/>
		<mineralScore value='34946'/>
		<gasScore value='2400'/>
		<totalScore value='105151'/>
	</player>

	<enemy>
		<race value='Zerg'/>
		<unitScore value='15925'/>
		<killScore value='17000'/>
		<buildingScore value='2020'/>
		<razingScore value='0'/>
		<mineralScore value='13814'/>
		<gasScore value='4136'/>
		<totalScore value='52895'/>
	</enemy>

	<scoreRatio value='1.98792'/>
	<timeFitness value='0.731528'/>
	<unitsAverage value='119'/>
</results>
