<results>
	<result value='loss'/>
	<start value='2015-05-21.20:45:30'/>
	<end value='2015-05-21.20:45:39'/>
	<frames value='20989'/>
	<gameDuration value='1311'/>

	<player>
		<unitScore value='3425'/>
		<killScore value='4200'/>
		<buildingScore value='1600'/>
		<razingScore value='0'/>
		<mineralScore value='5202'/>
		<gasScore value='1224'/>
		<totalScore value='15651'/>
	</player>

	<enemy>
		<race value='Zerg'/>
		<unitScore value='7950'/>
		<killScore value='6850'/>
		<buildingScore value='1735'/>
		<razingScore value='4800'/>
		<mineralScore value='8394'/>
		<gasScore value='2440'/>
		<totalScore value='32169'/>
	</enemy>

	<scoreRatio value='0.486524'/>
	<timeFitness value='0.182083'/>
	<unitsAverage value='18'/>
</results>
