<results>
	<result value='win'/>
	<start value='2015-05-03.21:06:02'/>
	<end value='2015-05-03.21:06:59'/>
	<frames value='28739'/>
	<gameDuration value='1796'/>

	<player>
		<unitScore value='21425'/>
		<killScore value='27670'/>
		<buildingScore value='4175'/>
		<razingScore value='4800'/>
		<mineralScore value='31598'/>
		<gasScore value='2624'/>
		<totalScore value='92292'/>
	</player>

	<enemy>
		<race value='Zerg'/>
		<unitScore value='12650'/>
		<unitScore value='12650'/>
		<killScore value='18650'/>
		<buildingScore value='1600'/>
		<razingScore value='0'/>
		<mineralScore value='11214'/>
		<gasScore value='3632'/>
		<totalScore value='47746'/>
	</enemy>

	<scoreRatio value='1.93298'/>
	<timeFitness value='0.750556'/>
	<unitsAverage value='109'/>
</results>
