<results>
	<result value='loss'/>
	<start value='2015-05-21.20:51:24'/>
	<end value='2015-05-21.20:51:31'/>
	<frames value='18664'/>
	<gameDuration value='1166'/>

	<player>
		<unitScore value='900'/>
		<killScore value='300'/>
		<buildingScore value='675'/>
		<razingScore value='0'/>
		<mineralScore value='1274'/>
		<gasScore value='24'/>
		<totalScore value='3173'/>
	</player>

	<enemy>
		<race value='Zerg'/>
		<unitScore value='6675'/>
		<killScore value='1800'/>
		<buildingScore value='1735'/>
		<razingScore value='2025'/>
		<mineralScore value='7186'/>
		<gasScore value='2064'/>
		<totalScore value='21485'/>
	</enemy>

	<scoreRatio value='0.147684'/>
	<timeFitness value='0.161944'/>
	<unitsAverage value='7'/>
</results>
