<results>
	<result value='draw'/>
	<start value='2015-05-09.17:20:14'/>
	<end value='2015-05-09.17:20:47'/>
	<frames value='57601'/>
	<gameDuration value='3600'/>

	<player>
		<unitScore value='11150'/>
		<killScore value='15900'/>
		<buildingScore value='2175'/>
		<razingScore value='1950'/>
		<mineralScore value='13418'/>
		<gasScore value='1984'/>
		<totalScore value='46577'/>
	</player>

	<enemy>
		<race value='Terran'/>
		<unitScore value='15625'/>
		<unitScore value='15625'/>
		<killScore value='20700'/>
		<buildingScore value='3925'/>
		<razingScore value='3825'/>
		<mineralScore value='15834'/>
		<gasScore value='9076'/>
		<totalScore value='68985'/>
	</enemy>

	<scoreRatio value='0.675176'/>
	<timeFitness value='0.5'/>
	<unitsAverage value='33'/>
</results>
