<results>
	<result value='win'/>
	<start value='2015-04-28.15:25:22'/>
	<end value='2015-04-28.15:26:09'/>
	<frames value='27499'/>
	<gameDuration value='1718'/>

	<player>
		<unitScore value='18600'/>
		<killScore value='36095'/>
		<buildingScore value='3925'/>
		<razingScore value='5040'/>
		<mineralScore value='27906'/>
		<gasScore value='2840'/>
		<totalScore value='94406'/>
	</player>

	<enemy>
		<race value='Zerg'/>
		<unitScore value='15350'/>
		<unitScore value='15350'/>
		<killScore value='14550'/>
		<buildingScore value='1680'/>
		<razingScore value='0'/>
		<mineralScore value='12978'/>
		<gasScore value='3664'/>
		<totalScore value='48222'/>
	</enemy>

	<scoreRatio value='1.95774'/>
</results>
