<results>
	<result value='draw'/>
	<start value='2015-04-07.14:47:52'/>
	<end value='2015-04-07.14:49:19'/>
	<frames value='57601'/>
	<gameDuration value='3600'/>

	<player>
		<unitScore value='34175'/>
		<killScore value='54450'/>
		<buildingScore value='3775'/>
		<razingScore value='10425'/>
		<mineralScore value='33934'/>
		<gasScore value='7572'/>
		<totalScore value='144331'/>
	</player>

	<enemy>
		<race value='Protoss'/>
		<unitScore value='34650'/>
		<unitScore value='34650'/>
		<killScore value='50600'/>
		<buildingScore value='6650'/>
		<razingScore value='0'/>
		<mineralScore value='28650'/>
		<gasScore value='10404'/>
		<totalScore value='130954'/>
	</enemy>

	<scoreRatio value='1.10215'/>
</results>
