<results>
	<result value='win'/>
	<start value='2015-05-01.16:20:00'/>
	<end value='2015-05-01.16:20:50'/>
	<frames value='32583'/>
	<gameDuration value='2036'/>

	<player>
		<unitScore value='21225'/>
		<killScore value='33095'/>
		<buildingScore value='4900'/>
		<razingScore value='6495'/>
		<mineralScore value='31950'/>
		<gasScore value='3504'/>
		<totalScore value='101169'/>
	</player>

	<enemy>
		<race value='Zerg'/>
		<unitScore value='14700'/>
		<unitScore value='14700'/>
		<killScore value='19150'/>
		<buildingScore value='2165'/>
		<razingScore value='150'/>
		<mineralScore value='13806'/>
		<gasScore value='4272'/>
		<totalScore value='54243'/>
	</enemy>

	<scoreRatio value='1.86511'/>
	<timeFitness value='0.717222'/>
	<unitsAverage value='121'/>
</results>
