<results>
	<result value='win'/>
	<start value='2015-05-01.16:25:03'/>
	<end value='2015-05-01.16:25:37'/>
	<frames value='26941'/>
	<gameDuration value='1683'/>

	<player>
		<unitScore value='18325'/>
		<killScore value='23630'/>
		<buildingScore value='4025'/>
		<razingScore value='6735'/>
		<mineralScore value='24450'/>
		<gasScore value='1992'/>
		<totalScore value='79157'/>
	</player>

	<enemy>
		<race value='Zerg'/>
		<unitScore value='10650'/>
		<unitScore value='10650'/>
		<killScore value='14950'/>
		<buildingScore value='2245'/>
		<razingScore value='150'/>
		<mineralScore value='11482'/>
		<gasScore value='3680'/>
		<totalScore value='43157'/>
	</enemy>

	<scoreRatio value='1.83416'/>
	<timeFitness value='0.76625'/>
	<unitsAverage value='96'/>
</results>
