<results>
	<result value='loss'/>
	<start value='2015-07-07.19:12:16'/>
	<end value='2015-07-07.19:13:28'/>
	<frames value='50656'/>
	<gameDuration value='3166'/>

	<player>
		<unitScore value='25725'/>
		<killScore value='13450'/>
		<buildingScore value='3575'/>
		<razingScore value='375'/>
		<mineralScore value='21422'/>
		<gasScore value='4560'/>
		<totalScore value='69107'/>
	</player>

	<enemy>
		<race value='Terran'/>
		<unitScore value='24625'/>
		<killScore value='47400'/>
		<buildingScore value='5550'/>
		<razingScore value='10725'/>
		<mineralScore value='30714'/>
		<gasScore value='11384'/>
		<totalScore value='130398'/>
	</enemy>

	<scoreRatio value='0.52997'/>
	<timeFitness value='0.439722'/>
	<unitsAverage value='55'/>
</results>
