<results>
	<result value='loss'/>
	<start value='2015-07-20.20:47:51'/>
	<end value='2015-07-20.20:48:18'/>
	<frames value='31839'/>
	<gameDuration value='1989'/>

	<player>
		<unitScore value='14200'/>
		<killScore value='7600'/>
		<buildingScore value='3775'/>
		<razingScore value='0'/>
		<mineralScore value='19758'/>
		<gasScore value='2576'/>
		<totalScore value='47909'/>
	</player>

	<enemy>
		<race value='Zerg'/>
		<unitScore value='14475'/>
		<killScore value='28400'/>
		<buildingScore value='3580'/>
		<razingScore value='12525'/>
		<mineralScore value='17418'/>
		<gasScore value='4672'/>
		<totalScore value='81070'/>
	</enemy>

	<scoreRatio value='0.590958'/>
	<timeFitness value='0.27625'/>
	<unitsAverage value='47'/>
</results>
