<results>
	<result value='loss'/>
	<start value='2015-04-09.02:55:51'/>
	<end value='2015-04-09.02:55:58'/>
	<frames value='13952'/>
	<gameDuration value='872'/>

	<player>
		<unitScore value='2250'/>
		<killScore value='200'/>
		<buildingScore value='1550'/>
		<razingScore value='0'/>
		<mineralScore value='4042'/>
		<gasScore value='712'/>
		<totalScore value='8754'/>
	</player>

	<enemy>
		<race value='Protoss'/>
		<unitScore value='3500'/>
		<unitScore value='3500'/>
		<killScore value='4400'/>
		<buildingScore value='2375'/>
		<razingScore value='4650'/>
		<mineralScore value='7114'/>
		<gasScore value='1248'/>
		<totalScore value='23287'/>
	</enemy>

	<scoreRatio value='0.375918'/>
</results>
