<results>
	<result value='win'/>
	<start value='2015-04-09.03:04:01'/>
	<end value='2015-04-09.03:04:47'/>
	<frames value='39527'/>
	<gameDuration value='2470'/>

	<player>
		<unitScore value='28300'/>
		<killScore value='29900'/>
		<buildingScore value='4275'/>
		<razingScore value='19575'/>
		<mineralScore value='31550'/>
		<gasScore value='4272'/>
		<totalScore value='117872'/>
	</player>

	<enemy>
		<race value='Protoss'/>
		<unitScore value='15600'/>
		<unitScore value='15600'/>
		<killScore value='32950'/>
		<buildingScore value='6525'/>
		<razingScore value='300'/>
		<mineralScore value='20786'/>
		<gasScore value='6304'/>
		<totalScore value='82465'/>
	</enemy>

	<scoreRatio value='1.42936'/>
</results>
