<results>
	<result value='draw'/>
	<start value='2015-07-11.22:36:33'/>
	<end value='2015-07-11.22:37:24'/>
	<frames value='57601'/>
	<gameDuration value='3600'/>

	<player>
		<unitScore value='32200'/>
		<killScore value='13300'/>
		<buildingScore value='3925'/>
		<razingScore value='675'/>
		<mineralScore value='30278'/>
		<gasScore value='5786'/>
		<totalScore value='86164'/>
	</player>

	<enemy>
		<race value='Terran'/>
		<unitScore value='25575'/>
		<killScore value='56050'/>
		<buildingScore value='5550'/>
		<razingScore value='5025'/>
		<mineralScore value='31542'/>
		<gasScore value='12228'/>
		<totalScore value='135970'/>
	</enemy>

	<scoreRatio value='0.633699'/>
	<timeFitness value='0.5'/>
	<unitsAverage value='61'/>
</results>
