<results>
	<result value='loss'/>
	<start value='2015-07-11.22:45:58'/>
	<end value='2015-07-11.22:46:19'/>
	<frames value='27964'/>
	<gameDuration value='1747'/>

	<player>
		<unitScore value='10950'/>
		<killScore value='3250'/>
		<buildingScore value='3525'/>
		<razingScore value='0'/>
		<mineralScore value='13002'/>
		<gasScore value='2016'/>
		<totalScore value='32743'/>
	</player>

	<enemy>
		<race value='Terran'/>
		<unitScore value='7825'/>
		<killScore value='21900'/>
		<buildingScore value='2700'/>
		<razingScore value='10575'/>
		<mineralScore value='11950'/>
		<gasScore value='4728'/>
		<totalScore value='59678'/>
	</enemy>

	<scoreRatio value='0.548661'/>
	<timeFitness value='0.242639'/>
	<unitsAverage value='34'/>
</results>
