<results>
	<result value='draw'/>
	<start value='2015-07-11.22:50:12'/>
	<end value='2015-07-11.22:51:50'/>
	<frames value='57601'/>
	<gameDuration value='3600'/>

	<player>
		<unitScore value='39375'/>
		<killScore value='23150'/>
		<buildingScore value='4225'/>
		<razingScore value='225'/>
		<mineralScore value='38898'/>
		<gasScore value='7504'/>
		<totalScore value='113377'/>
	</player>

	<enemy>
		<race value='Terran'/>
		<unitScore value='19050'/>
		<killScore value='67450'/>
		<buildingScore value='4050'/>
		<razingScore value='3450'/>
		<mineralScore value='23986'/>
		<gasScore value='6502'/>
		<totalScore value='124488'/>
	</enemy>

	<scoreRatio value='0.910746'/>
	<timeFitness value='0.5'/>
	<unitsAverage value='95'/>
</results>
