<results>
	<result value='loss'/>
	<start value='2015-04-13.01:21:54'/>
	<end value='2015-04-13.01:22:20'/>
	<frames value='41759'/>
	<gameDuration value='2609'/>

	<player>
		<unitScore value='21550'/>
		<killScore value='21450'/>
		<buildingScore value='2475'/>
		<razingScore value='0'/>
		<mineralScore value='23066'/>
		<gasScore value='3160'/>
		<totalScore value='71701'/>
	</player>

	<enemy>
		<race value='Protoss'/>
		<unitScore value='30325'/>
		<unitScore value='30325'/>
		<killScore value='43100'/>
		<buildingScore value='7375'/>
		<razingScore value='7425'/>
		<mineralScore value='29094'/>
		<gasScore value='11426'/>
		<totalScore value='128745'/>
	</enemy>

	<scoreRatio value='0.556923'/>
</results>
