<results>
	<result value='loss'/>
	<start value='2015-05-10.02:15:04'/>
	<end value='2015-05-10.02:15:16'/>
	<frames value='19160'/>
	<gameDuration value='1197'/>

	<player>
		<unitScore value='5000'/>
		<killScore value='2500'/>
		<buildingScore value='1650'/>
		<razingScore value='0'/>
		<mineralScore value='5818'/>
		<gasScore value='1064'/>
		<totalScore value='16032'/>
	</player>

	<enemy>
		<race value='Zerg'/>
		<unitScore value='7375'/>
		<unitScore value='7375'/>
		<killScore value='9450'/>
		<buildingScore value='2155'/>
		<razingScore value='4950'/>
		<mineralScore value='8762'/>
		<gasScore value='2704'/>
		<totalScore value='35396'/>
	</enemy>

	<scoreRatio value='0.452933'/>
	<timeFitness value='0.16625'/>
	<unitsAverage value='29'/>
</results>
