<results>
	<result value='win'/>
	<start value='2015-05-08.02:42:05'/>
	<end value='2015-05-08.02:42:29'/>
	<frames value='24771'/>
	<gameDuration value='1548'/>

	<player>
		<unitScore value='14275'/>
		<killScore value='18355'/>
		<buildingScore value='3375'/>
		<razingScore value='5775'/>
		<mineralScore value='22538'/>
		<gasScore value='1616'/>
		<totalScore value='65934'/>
	</player>

	<enemy>
		<race value='Zerg'/>
		<unitScore value='8575'/>
		<unitScore value='8575'/>
		<killScore value='9400'/>
		<buildingScore value='1925'/>
		<razingScore value='0'/>
		<mineralScore value='8714'/>
		<gasScore value='2512'/>
		<totalScore value='31126'/>
	</enemy>

	<scoreRatio value='2.11829'/>
	<timeFitness value='0.785'/>
	<unitsAverage value='84'/>
</results>
