<results>
	<result value='win'/>
	<start value='2015-05-08.02:44:53'/>
	<end value='2015-05-08.02:45:17'/>
	<frames value='24368'/>
	<gameDuration value='1523'/>

	<player>
		<unitScore value='14375'/>
		<killScore value='20970'/>
		<buildingScore value='3275'/>
		<razingScore value='5535'/>
		<mineralScore value='21894'/>
		<gasScore value='2616'/>
		<totalScore value='68665'/>
	</player>

	<enemy>
		<race value='Zerg'/>
		<unitScore value='9400'/>
		<unitScore value='9400'/>
		<killScore value='10000'/>
		<buildingScore value='1845'/>
		<razingScore value='0'/>
		<mineralScore value='9210'/>
		<gasScore value='2648'/>
		<totalScore value='33103'/>
	</enemy>

	<scoreRatio value='2.07428'/>
	<timeFitness value='0.788472'/>
	<unitsAverage value='84'/>
</results>
