<results>
	<result value='loss'/>
	<start value='2015-07-11.20:55:46'/>
	<end value='2015-07-11.20:56:05'/>
	<frames value='26941'/>
	<gameDuration value='1683'/>

	<player>
		<unitScore value='9675'/>
		<killScore value='3650'/>
		<buildingScore value='3000'/>
		<razingScore value='0'/>
		<mineralScore value='11874'/>
		<gasScore value='1304'/>
		<totalScore value='29503'/>
	</player>

	<enemy>
		<race value='Terran'/>
		<unitScore value='12225'/>
		<killScore value='18200'/>
		<buildingScore value='4425'/>
		<razingScore value='9150'/>
		<mineralScore value='13422'/>
		<gasScore value='6344'/>
		<totalScore value='63766'/>
	</enemy>

	<scoreRatio value='0.462676'/>
	<timeFitness value='0.23375'/>
	<unitsAverage value='36'/>
</results>
