<results>
	<result value='loss'/>
	<start value='2015-07-11.21:14:19'/>
	<end value='2015-07-11.21:14:40'/>
	<frames value='22074'/>
	<gameDuration value='1379'/>

	<player>
		<unitScore value='7900'/>
		<killScore value='3200'/>
		<buildingScore value='2575'/>
		<razingScore value='0'/>
		<mineralScore value='8906'/>
		<gasScore value='1288'/>
		<totalScore value='23869'/>
	</player>

	<enemy>
		<race value='Terran'/>
		<unitScore value='7850'/>
		<killScore value='15800'/>
		<buildingScore value='2700'/>
		<razingScore value='7725'/>
		<mineralScore value='10226'/>
		<gasScore value='3776'/>
		<totalScore value='48077'/>
	</enemy>

	<scoreRatio value='0.496474'/>
	<timeFitness value='0.191528'/>
	<unitsAverage value='30'/>
</results>
