<results>
	<result value='win'/>
	<start value='2015-05-09.08:21:49'/>
	<end value='2015-05-09.08:22:21'/>
	<frames value='30072'/>
	<gameDuration value='1879'/>

	<player>
		<unitScore value='11750'/>
		<killScore value='25900'/>
		<buildingScore value='4275'/>
		<razingScore value='8925'/>
		<mineralScore value='18090'/>
		<gasScore value='3176'/>
		<totalScore value='72116'/>
	</player>

	<enemy>
		<race value='Terran'/>
		<unitScore value='13750'/>
		<unitScore value='13750'/>
		<killScore value='7700'/>
		<buildingScore value='2975'/>
		<razingScore value='2025'/>
		<mineralScore value='12338'/>
		<gasScore value='5168'/>
		<totalScore value='43956'/>
	</enemy>

	<scoreRatio value='1.64064'/>
	<timeFitness value='0.739028'/>
	<unitsAverage value='75'/>
</results>
