<results>
	<result value='loss'/>
	<start value='2015-05-09.08:25:50'/>
	<end value='2015-05-09.08:26:02'/>
	<frames value='19036'/>
	<gameDuration value='1189'/>

	<player>
		<unitScore value='3625'/>
		<killScore value='3100'/>
		<buildingScore value='1775'/>
		<razingScore value='0'/>
		<mineralScore value='5426'/>
		<gasScore value='832'/>
		<totalScore value='14758'/>
	</player>

	<enemy>
		<race value='Terran'/>
		<unitScore value='7450'/>
		<unitScore value='7450'/>
		<killScore value='7250'/>
		<buildingScore value='2850'/>
		<razingScore value='5325'/>
		<mineralScore value='8802'/>
		<gasScore value='3184'/>
		<totalScore value='34861'/>
	</enemy>

	<scoreRatio value='0.423338'/>
	<timeFitness value='0.165139'/>
	<unitsAverage value='26'/>
</results>
