<results>
	<result value='win'/>
	<start value='2015-05-09.08:27:43'/>
	<end value='2015-05-09.08:29:04'/>
	<frames value='56639'/>
	<gameDuration value='3539'/>

	<player>
		<unitScore value='34950'/>
		<killScore value='46400'/>
		<buildingScore value='4550'/>
		<razingScore value='13275'/>
		<mineralScore value='38594'/>
		<gasScore value='3940'/>
		<totalScore value='141709'/>
	</player>

	<enemy>
		<race value='Terran'/>
		<unitScore value='29150'/>
		<unitScore value='29150'/>
		<killScore value='46850'/>
		<buildingScore value='4500'/>
		<razingScore value='3975'/>
		<mineralScore value='19550'/>
		<gasScore value='12094'/>
		<totalScore value='116119'/>
	</enemy>

	<scoreRatio value='1.22038'/>
	<timeFitness value='0.508472'/>
	<unitsAverage value='109'/>
</results>
