<results>
	<result value='win'/>
	<start value='2015-05-09.08:35:19'/>
	<end value='2015-05-09.08:35:45'/>
	<frames value='21857'/>
	<gameDuration value='1366'/>

	<player>
		<unitScore value='10150'/>
		<killScore value='11250'/>
		<buildingScore value='3975'/>
		<razingScore value='3750'/>
		<mineralScore value='22450'/>
		<gasScore value='1608'/>
		<totalScore value='53183'/>
	</player>

	<enemy>
		<race value='Terran'/>
		<unitScore value='5625'/>
		<unitScore value='5625'/>
		<killScore value='1200'/>
		<buildingScore value='1325'/>
		<razingScore value='150'/>
		<mineralScore value='8114'/>
		<gasScore value='1456'/>
		<totalScore value='17870'/>
	</enemy>

	<scoreRatio value='2.97611'/>
	<timeFitness value='0.810278'/>
	<unitsAverage value='87'/>
</results>
