<results>
	<result value='win'/>
	<start value='2015-05-09.08:37:30'/>
	<end value='2015-05-09.08:38:15'/>
	<frames value='37698'/>
	<gameDuration value='2356'/>

	<player>
		<unitScore value='18450'/>
		<killScore value='31100'/>
		<buildingScore value='3200'/>
		<razingScore value='13575'/>
		<mineralScore value='21398'/>
		<gasScore value='5112'/>
		<totalScore value='92835'/>
	</player>

	<enemy>
		<race value='Terran'/>
		<unitScore value='16650'/>
		<unitScore value='16650'/>
		<killScore value='20050'/>
		<buildingScore value='4525'/>
		<razingScore value='2475'/>
		<mineralScore value='14802'/>
		<gasScore value='6974'/>
		<totalScore value='65476'/>
	</enemy>

	<scoreRatio value='1.41785'/>
	<timeFitness value='0.672778'/>
	<unitsAverage value='89'/>
</results>
