<results>
	<result value='win'/>
	<start value='2015-05-09.08:38:19'/>
	<end value='2015-05-09.08:38:52'/>
	<frames value='34505'/>
	<gameDuration value='2156'/>

	<player>
		<unitScore value='13175'/>
		<killScore value='26200'/>
		<buildingScore value='3275'/>
		<razingScore value='13125'/>
		<mineralScore value='18042'/>
		<gasScore value='2664'/>
		<totalScore value='76481'/>
	</player>

	<enemy>
		<race value='Terran'/>
		<unitScore value='14000'/>
		<unitScore value='14000'/>
		<killScore value='12250'/>
		<buildingScore value='4375'/>
		<razingScore value='2475'/>
		<mineralScore value='13686'/>
		<gasScore value='6232'/>
		<totalScore value='53018'/>
	</enemy>

	<scoreRatio value='1.44255'/>
	<timeFitness value='0.700556'/>
	<unitsAverage value='66'/>
</results>
