<results>
	<result value='loss'/>
	<start value='2015-04-09.22:23:44'/>
	<end value='2015-04-09.22:24:27'/>
	<frames value='48269'/>
	<gameDuration value='3016'/>

	<player>
		<unitScore value='24075'/>
		<killScore value='40400'/>
		<buildingScore value='2375'/>
		<razingScore value='1200'/>
		<mineralScore value='24114'/>
		<gasScore value='3584'/>
		<totalScore value='95748'/>
	</player>

	<enemy>
		<race value='Protoss'/>
		<unitScore value='37625'/>
		<unitScore value='37625'/>
		<killScore value='48150'/>
		<buildingScore value='7375'/>
		<razingScore value='7125'/>
		<mineralScore value='32578'/>
		<gasScore value='11086'/>
		<totalScore value='143939'/>
	</enemy>

	<scoreRatio value='0.665198'/>
</results>
