<results>
	<result value='win'/>
	<start value='2015-04-09.22:26:01'/>
	<end value='2015-04-09.22:26:47'/>
	<frames value='34815'/>
	<gameDuration value='2175'/>

	<player>
		<unitScore value='19800'/>
		<killScore value='22500'/>
		<buildingScore value='4825'/>
		<razingScore value='13500'/>
		<mineralScore value='33342'/>
		<gasScore value='4472'/>
		<totalScore value='98439'/>
	</player>

	<enemy>
		<race value='Protoss'/>
		<unitScore value='11250'/>
		<unitScore value='11250'/>
		<killScore value='14650'/>
		<buildingScore value='4500'/>
		<razingScore value='300'/>
		<mineralScore value='15558'/>
		<gasScore value='5400'/>
		<totalScore value='51658'/>
	</enemy>

	<scoreRatio value='1.90559'/>
</results>
