<results>
	<result value='win'/>
	<start value='2015-04-09.22:31:58'/>
	<end value='2015-04-09.22:32:47'/>
	<frames value='36954'/>
	<gameDuration value='2309'/>

	<player>
		<unitScore value='25075'/>
		<killScore value='25550'/>
		<buildingScore value='4075'/>
		<razingScore value='24225'/>
		<mineralScore value='31566'/>
		<gasScore value='3328'/>
		<totalScore value='113819'/>
	</player>

	<enemy>
		<race value='Protoss'/>
		<unitScore value='13550'/>
		<unitScore value='13550'/>
		<killScore value='25650'/>
		<buildingScore value='8075'/>
		<razingScore value='0'/>
		<mineralScore value='18502'/>
		<gasScore value='6768'/>
		<totalScore value='72545'/>
	</enemy>

	<scoreRatio value='1.56894'/>
</results>
