<results>
	<result value='loss'/>
	<start value='2015-05-03.18:45:06'/>
	<end value='2015-05-03.18:45:18'/>
	<frames value='18261'/>
	<gameDuration value='1141'/>

	<player>
		<unitScore value='3750'/>
		<killScore value='900'/>
		<buildingScore value='2350'/>
		<razingScore value='0'/>
		<mineralScore value='6106'/>
		<gasScore value='600'/>
		<totalScore value='13706'/>
	</player>

	<enemy>
		<race value='Terran'/>
		<unitScore value='6625'/>
		<unitScore value='6625'/>
		<killScore value='7500'/>
		<buildingScore value='2850'/>
		<razingScore value='7050'/>
		<mineralScore value='8250'/>
		<gasScore value='3016'/>
		<totalScore value='35291'/>
	</enemy>

	<scoreRatio value='0.388371'/>
	<timeFitness value='0.158472'/>
	<unitsAverage value='30'/>
</results>
