<results>
	<result value='win'/>
	<start value='2015-05-08.03:11:11'/>
	<end value='2015-05-08.03:11:32'/>
	<frames value='28274'/>
	<gameDuration value='1767'/>

	<player>
		<unitScore value='15675'/>
		<killScore value='20450'/>
		<buildingScore value='3825'/>
		<razingScore value='4350'/>
		<mineralScore value='23498'/>
		<gasScore value='3264'/>
		<totalScore value='71062'/>
	</player>

	<enemy>
		<race value='Terran'/>
		<unitScore value='10225'/>
		<unitScore value='10225'/>
		<killScore value='12650'/>
		<buildingScore value='1450'/>
		<razingScore value='1200'/>
		<mineralScore value='12050'/>
		<gasScore value='3200'/>
		<totalScore value='40775'/>
	</enemy>

	<scoreRatio value='1.74278'/>
	<timeFitness value='0.754583'/>
	<unitsAverage value='82'/>
</results>
