<results>
	<result value='win'/>
	<start value='2015-05-08.03:14:42'/>
	<end value='2015-05-08.03:14:58'/>
	<frames value='26011'/>
	<gameDuration value='1625'/>

	<player>
		<unitScore value='12425'/>
		<killScore value='15100'/>
		<buildingScore value='3850'/>
		<razingScore value='6675'/>
		<mineralScore value='17426'/>
		<gasScore value='2960'/>
		<totalScore value='58436'/>
	</player>

	<enemy>
		<race value='Terran'/>
		<unitScore value='7550'/>
		<unitScore value='7550'/>
		<killScore value='9550'/>
		<buildingScore value='2225'/>
		<razingScore value='3525'/>
		<mineralScore value='9626'/>
		<gasScore value='3056'/>
		<totalScore value='35532'/>
	</enemy>

	<scoreRatio value='1.6446'/>
	<timeFitness value='0.774306'/>
	<unitsAverage value='67'/>
</results>
