<results>
	<result value='win'/>
	<start value='2015-05-08.03:15:02'/>
	<end value='2015-05-08.03:15:21'/>
	<frames value='28863'/>
	<gameDuration value='1803'/>

	<player>
		<unitScore value='13375'/>
		<killScore value='23200'/>
		<buildingScore value='3100'/>
		<razingScore value='8550'/>
		<mineralScore value='17586'/>
		<gasScore value='3032'/>
		<totalScore value='68843'/>
	</player>

	<enemy>
		<race value='Terran'/>
		<unitScore value='11600'/>
		<unitScore value='11600'/>
		<killScore value='12900'/>
		<buildingScore value='2850'/>
		<razingScore value='1950'/>
		<mineralScore value='12006'/>
		<gasScore value='4384'/>
		<totalScore value='45690'/>
	</enemy>

	<scoreRatio value='1.50674'/>
	<timeFitness value='0.749583'/>
	<unitsAverage value='72'/>
</results>
