<results>
	<result value='loss'/>
	<start value='2015-05-08.03:20:14'/>
	<end value='2015-05-08.03:20:23'/>
	<frames value='19439'/>
	<gameDuration value='1214'/>

	<player>
		<unitScore value='4825'/>
		<killScore value='4550'/>
		<buildingScore value='1700'/>
		<razingScore value='0'/>
		<mineralScore value='6642'/>
		<gasScore value='1352'/>
		<totalScore value='19069'/>
	</player>

	<enemy>
		<race value='Terran'/>
		<unitScore value='7775'/>
		<unitScore value='7775'/>
		<killScore value='8500'/>
		<buildingScore value='2850'/>
		<razingScore value='5100'/>
		<mineralScore value='9050'/>
		<gasScore value='3512'/>
		<totalScore value='36787'/>
	</enemy>

	<scoreRatio value='0.518362'/>
	<timeFitness value='0.168611'/>
	<unitsAverage value='33'/>
</results>
