<results>
	<result value='win'/>
	<start value='2015-04-25.05:48:03'/>
	<end value='2015-04-25.05:48:21'/>
	<frames value='23469'/>
	<gameDuration value='1466'/>

	<player>
		<unitScore value='9800'/>
		<killScore value='21050'/>
		<buildingScore value='3125'/>
		<razingScore value='7050'/>
		<mineralScore value='14538'/>
		<gasScore value='1992'/>
		<totalScore value='57555'/>
	</player>

	<enemy>
		<race value='Terran'/>
		<unitScore value='10525'/>
		<unitScore value='10525'/>
		<killScore value='6700'/>
		<buildingScore value='2350'/>
		<razingScore value='1875'/>
		<mineralScore value='10098'/>
		<gasScore value='3304'/>
		<totalScore value='34852'/>
	</enemy>

	<scoreRatio value='1.65141'/>
</results>
