<results>
	<result value='draw'/>
	<start value='2015-04-25.05:50:15'/>
	<end value='2015-04-25.05:52:22'/>
	<frames value='57601'/>
	<gameDuration value='3600'/>

	<player>
		<unitScore value='16700'/>
		<killScore value='27400'/>
		<buildingScore value='5100'/>
		<razingScore value='11775'/>
		<mineralScore value='48966'/>
		<gasScore value='8920'/>
		<totalScore value='118861'/>
	</player>

	<enemy>
		<race value='Terran'/>
		<unitScore value='15350'/>
		<unitScore value='15350'/>
		<killScore value='9950'/>
		<buildingScore value='4000'/>
		<razingScore value='525'/>
		<mineralScore value='14026'/>
		<gasScore value='6896'/>
		<totalScore value='50747'/>
	</enemy>

	<scoreRatio value='2.34223'/>
</results>
