<results>
	<result value='win'/>
	<start value='2015-04-25.06:01:23'/>
	<end value='2015-04-25.06:01:41'/>
	<frames value='21392'/>
	<gameDuration value='1337'/>

	<player>
		<unitScore value='10150'/>
		<killScore value='14100'/>
		<buildingScore value='3375'/>
		<razingScore value='6450'/>
		<mineralScore value='18550'/>
		<gasScore value='1424'/>
		<totalScore value='54049'/>
	</player>

	<enemy>
		<race value='Terran'/>
		<unitScore value='7100'/>
		<unitScore value='7100'/>
		<killScore value='3000'/>
		<buildingScore value='2150'/>
		<razingScore value='150'/>
		<mineralScore value='8754'/>
		<gasScore value='2992'/>
		<totalScore value='24146'/>
	</enemy>

	<scoreRatio value='2.23842'/>
</results>
