<results>
	<result value='win'/>
	<start value='2015-04-25.06:09:22'/>
	<end value='2015-04-25.06:10:17'/>
	<frames value='41666'/>
	<gameDuration value='2604'/>

	<player>
		<unitScore value='26100'/>
		<killScore value='47050'/>
		<buildingScore value='4300'/>
		<razingScore value='12600'/>
		<mineralScore value='36822'/>
		<gasScore value='3492'/>
		<totalScore value='130364'/>
	</player>

	<enemy>
		<race value='Terran'/>
		<unitScore value='23525'/>
		<unitScore value='23525'/>
		<killScore value='29000'/>
		<buildingScore value='4200'/>
		<razingScore value='1725'/>
		<mineralScore value='18750'/>
		<gasScore value='9668'/>
		<totalScore value='86868'/>
	</enemy>

	<scoreRatio value='1.50071'/>
</results>
