<results>
	<result value='win'/>
	<start value='2015-04-25.06:11:32'/>
	<end value='2015-04-25.06:12:15'/>
	<frames value='35497'/>
	<gameDuration value='2218'/>

	<player>
		<unitScore value='23250'/>
		<killScore value='33450'/>
		<buildingScore value='4725'/>
		<razingScore value='10875'/>
		<mineralScore value='33714'/>
		<gasScore value='2536'/>
		<totalScore value='108550'/>
	</player>

	<enemy>
		<race value='Terran'/>
		<unitScore value='17825'/>
		<unitScore value='17825'/>
		<killScore value='23500'/>
		<buildingScore value='3625'/>
		<razingScore value='1350'/>
		<mineralScore value='13930'/>
		<gasScore value='6332'/>
		<totalScore value='66562'/>
	</enemy>

	<scoreRatio value='1.63081'/>
</results>
