<results>
	<result value='loss'/>
	<start value='2015-04-27.13:03:56'/>
	<end value='2015-04-27.13:04:14'/>
	<frames value='32707'/>
	<gameDuration value='2044'/>

	<player>
		<unitScore value='7425'/>
		<killScore value='8550'/>
		<buildingScore value='2600'/>
		<razingScore value='0'/>
		<mineralScore value='10066'/>
		<gasScore value='1504'/>
		<totalScore value='30145'/>
	</player>

	<enemy>
		<race value='Terran'/>
		<unitScore value='18550'/>
		<unitScore value='18550'/>
		<killScore value='14850'/>
		<buildingScore value='4725'/>
		<razingScore value='7800'/>
		<mineralScore value='18722'/>
		<gasScore value='8302'/>
		<totalScore value='72949'/>
	</enemy>

	<scoreRatio value='0.413234'/>
</results>
