<results>
	<result value='loss'/>
	<start value='2015-04-27.13:05:01'/>
	<end value='2015-04-27.13:05:35'/>
	<frames value='51803'/>
	<gameDuration value='3237'/>

	<player>
		<unitScore value='17625'/>
		<killScore value='23500'/>
		<buildingScore value='2575'/>
		<razingScore value='2175'/>
		<mineralScore value='20162'/>
		<gasScore value='4328'/>
		<totalScore value='70365'/>
	</player>

	<enemy>
		<race value='Terran'/>
		<unitScore value='25275'/>
		<unitScore value='25275'/>
		<killScore value='35250'/>
		<buildingScore value='5350'/>
		<razingScore value='7725'/>
		<mineralScore value='29374'/>
		<gasScore value='11438'/>
		<totalScore value='114412'/>
	</enemy>

	<scoreRatio value='0.615014'/>
</results>
