<results>
	<result value='win'/>
	<start value='2015-04-30.08:48:51'/>
	<end value='2015-04-30.08:49:44'/>
	<frames value='32614'/>
	<gameDuration value='2038'/>

	<player>
		<unitScore value='19800'/>
		<killScore value='29800'/>
		<buildingScore value='3725'/>
		<razingScore value='14175'/>
		<mineralScore value='30118'/>
		<gasScore value='4920'/>
		<totalScore value='102538'/>
	</player>

	<enemy>
		<race value='Protoss'/>
		<unitScore value='15100'/>
		<unitScore value='15100'/>
		<killScore value='17550'/>
		<buildingScore value='4725'/>
		<razingScore value='150'/>
		<mineralScore value='18470'/>
		<gasScore value='2920'/>
		<totalScore value='58915'/>
	</enemy>

	<scoreRatio value='1.74044'/>
</results>
