<results>
	<result value='win'/>
	<start value='2015-04-30.08:13:37'/>
	<end value='2015-04-30.08:14:12'/>
	<frames value='27654'/>
	<gameDuration value='1728'/>

	<player>
		<unitScore value='15850'/>
		<killScore value='25215'/>
		<buildingScore value='3075'/>
		<razingScore value='7275'/>
		<mineralScore value='18970'/>
		<gasScore value='2176'/>
		<totalScore value='72561'/>
	</player>

	<enemy>
		<race value='Zerg'/>
		<unitScore value='12225'/>
		<unitScore value='12225'/>
		<killScore value='17500'/>
		<buildingScore value='2425'/>
		<razingScore value='0'/>
		<mineralScore value='12474'/>
		<gasScore value='3872'/>
		<totalScore value='48496'/>
	</enemy>

	<scoreRatio value='1.49623'/>
</results>
