<results>
	<result value='win'/>
	<start value='2015-04-30.08:19:11'/>
	<end value='2015-04-30.08:19:48'/>
	<frames value='28181'/>
	<gameDuration value='1761'/>

	<player>
		<unitScore value='14675'/>
		<killScore value='17040'/>
		<buildingScore value='4700'/>
		<razingScore value='3660'/>
		<mineralScore value='25002'/>
		<gasScore value='2704'/>
		<totalScore value='67781'/>
	</player>

	<enemy>
		<race value='Zerg'/>
		<unitScore value='7600'/>
		<unitScore value='7600'/>
		<killScore value='11650'/>
		<buildingScore value='1220'/>
		<razingScore value='2475'/>
		<mineralScore value='6994'/>
		<gasScore value='1920'/>
		<totalScore value='31859'/>
	</enemy>

	<scoreRatio value='2.12753'/>
</results>
