<results>
	<result value='loss'/>
	<start value='2015-05-22.04:53:26'/>
	<end value='2015-05-22.04:53:34'/>
	<frames value='15657'/>
	<gameDuration value='978'/>

	<player>
		<unitScore value='3250'/>
		<killScore value='1400'/>
		<buildingScore value='1475'/>
		<razingScore value='0'/>
		<mineralScore value='4626'/>
		<gasScore value='584'/>
		<totalScore value='11335'/>
	</player>

	<enemy>
		<race value='Protoss'/>
		<unitScore value='3550'/>
		<killScore value='6500'/>
		<buildingScore value='3125'/>
		<razingScore value='4425'/>
		<mineralScore value='8178'/>
		<gasScore value='1632'/>
		<totalScore value='27410'/>
	</enemy>

	<scoreRatio value='0.413535'/>
	<timeFitness value='0.135833'/>
	<unitsAverage value='23'/>
</results>
