<results>
	<result value='draw'/>
	<start value='2015-04-29.14:34:15'/>
	<end value='2015-04-29.14:35:42'/>
	<frames value='57601'/>
	<gameDuration value='3600'/>

	<player>
		<unitScore value='23325'/>
		<killScore value='45450'/>
		<buildingScore value='3550'/>
		<razingScore value='6150'/>
		<mineralScore value='27150'/>
		<gasScore value='8406'/>
		<totalScore value='114031'/>
	</player>

	<enemy>
		<race value='Protoss'/>
		<unitScore value='39200'/>
		<unitScore value='39200'/>
		<killScore value='39550'/>
		<buildingScore value='8475'/>
		<razingScore value='2175'/>
		<mineralScore value='35806'/>
		<gasScore value='11266'/>
		<totalScore value='136472'/>
	</enemy>

	<scoreRatio value='0.835563'/>
	<timeFitness value='0.5'/>
	<unitsAverage value='83'/>
</results>
