<results>
	<result value='loss'/>
	<start value='2015-04-29.14:51:04'/>
	<end value='2015-04-29.14:52:17'/>
	<frames value='47246'/>
	<gameDuration value='2952'/>

	<player>
		<unitScore value='23650'/>
		<killScore value='41000'/>
		<buildingScore value='2325'/>
		<razingScore value='450'/>
		<mineralScore value='24002'/>
		<gasScore value='3600'/>
		<totalScore value='95027'/>
	</player>

	<enemy>
		<race value='Protoss'/>
		<unitScore value='39775'/>
		<unitScore value='39775'/>
		<killScore value='47300'/>
		<buildingScore value='7325'/>
		<razingScore value='6975'/>
		<mineralScore value='34078'/>
		<gasScore value='12346'/>
		<totalScore value='147799'/>
	</enemy>

	<scoreRatio value='0.642947'/>
	<timeFitness value='0.41'/>
	<unitsAverage value='80'/>
</results>
