<results>
	<result value='win'/>
	<start value='2014-07-12.18:54:08'/>
	<end value='2014-07-12.18:54:28'/>
	<frames value='33575'/>
	<gameDuration value='2098'/>

	<player>
		<unitScore value='14800'/>
		<killScore value='29950'/>
		<buildingScore value='3025'/>
		<razingScore value='8400'/>
		<mineralScore value='17786'/>
		<gasScore value='2340'/>
		<totalScore value='76301'/>
	</player>

	<enemy>
		<race value='Terran'/>
		<unitScore value='14975'/>
		<unitScore value='14975'/>
		<killScore value='17950'/>
		<buildingScore value='2800'/>
		<razingScore value='3150'/>
		<mineralScore value='12602'/>
		<gasScore value='5286'/>
		<totalScore value='56763'/>
	</enemy>

	<scoreRatio value='1.3442'/>
</results>
