<results>
	<result value='loss'/>
	<start value='2014-07-12.18:55:49'/>
	<end value='2014-07-12.18:56:11'/>
	<frames value='44146'/>
	<gameDuration value='2759'/>

	<player>
		<unitScore value='11175'/>
		<killScore value='8750'/>
		<buildingScore value='2800'/>
		<razingScore value='0'/>
		<mineralScore value='14274'/>
		<gasScore value='2448'/>
		<totalScore value='39447'/>
	</player>

	<enemy>
		<race value='Terran'/>
		<unitScore value='20475'/>
		<unitScore value='20475'/>
		<killScore value='22350'/>
		<buildingScore value='5275'/>
		<razingScore value='8400'/>
		<mineralScore value='27026'/>
		<gasScore value='10980'/>
		<totalScore value='94506'/>
	</enemy>

	<scoreRatio value='0.417402'/>
</results>
