<results>
	<result value='draw'/>
	<start value='2015-07-18.23:32:48'/>
	<end value='2015-07-18.23:36:43'/>
	<frames value='57601'/>
	<gameDuration value='3600'/>

	<player>
		<unitScore value='38225'/>
		<killScore value='31300'/>
		<buildingScore value='6525'/>
		<razingScore value='12825'/>
		<mineralScore value='39682'/>
		<gasScore value='10036'/>
		<totalScore value='138593'/>
	</player>

	<enemy>
		<race value='Protoss'/>
		<unitScore value='15850'/>
		<killScore value='49250'/>
		<buildingScore value='5450'/>
		<razingScore value='225'/>
		<mineralScore value='22154'/>
		<gasScore value='2224'/>
		<totalScore value='95153'/>
	</enemy>

	<scoreRatio value='1.45653'/>
	<timeFitness value='0.5'/>
	<unitsAverage value='184'/>
</results>
