<results>
	<result value='win'/>
	<start value='2015-05-09.20:15:10'/>
	<end value='2015-05-09.20:15:48'/>
	<frames value='38442'/>
	<gameDuration value='2402'/>

	<player>
		<unitScore value='19800'/>
		<killScore value='24450'/>
		<buildingScore value='4025'/>
		<razingScore value='20625'/>
		<mineralScore value='25994'/>
		<gasScore value='3600'/>
		<totalScore value='98494'/>
	</player>

	<enemy>
		<race value='Protoss'/>
		<unitScore value='12625'/>
		<unitScore value='12625'/>
		<killScore value='19400'/>
		<buildingScore value='6875'/>
		<razingScore value='1500'/>
		<mineralScore value='20202'/>
		<gasScore value='5880'/>
		<totalScore value='66482'/>
	</enemy>

	<scoreRatio value='1.48151'/>
	<timeFitness value='0.666389'/>
	<unitsAverage value='81'/>
</results>
