<results>
	<result value='win'/>
	<start value='2015-05-09.20:24:45'/>
	<end value='2015-05-09.20:25:22'/>
	<frames value='31343'/>
	<gameDuration value='1958'/>

	<player>
		<unitScore value='19200'/>
		<killScore value='28900'/>
		<buildingScore value='3525'/>
		<razingScore value='13575'/>
		<mineralScore value='25834'/>
		<gasScore value='2000'/>
		<totalScore value='93034'/>
	</player>

	<enemy>
		<race value='Protoss'/>
		<unitScore value='16900'/>
		<unitScore value='16900'/>
		<killScore value='16600'/>
		<buildingScore value='4525'/>
		<razingScore value='0'/>
		<mineralScore value='13234'/>
		<gasScore value='4920'/>
		<totalScore value='56179'/>
	</enemy>

	<scoreRatio value='1.65603'/>
	<timeFitness value='0.728056'/>
	<unitsAverage value='100'/>
</results>
