<results>
	<result value='draw'/>
	<start value='2015-04-07.16:34:37'/>
	<end value='2015-04-07.16:36:04'/>
	<frames value='57601'/>
	<gameDuration value='3600'/>

	<player>
		<unitScore value='29825'/>
		<killScore value='49800'/>
		<buildingScore value='3725'/>
		<razingScore value='3975'/>
		<mineralScore value='31474'/>
		<gasScore value='6962'/>
		<totalScore value='125761'/>
	</player>

	<enemy>
		<race value='Protoss'/>
		<unitScore value='35175'/>
		<unitScore value='35175'/>
		<killScore value='41450'/>
		<buildingScore value='7500'/>
		<razingScore value='600'/>
		<mineralScore value='31010'/>
		<gasScore value='11374'/>
		<totalScore value='127109'/>
	</enemy>

	<scoreRatio value='0.989395'/>
</results>
