<results>
	<result value='loss'/>
	<start value='2015-05-04.08:42:41'/>
	<end value='2015-05-04.08:42:45'/>
	<frames value='8744'/>
	<gameDuration value='546'/>

	<player>
		<unitScore value='1150'/>
		<killScore value='150'/>
		<buildingScore value='650'/>
		<razingScore value='0'/>
		<mineralScore value='1506'/>
		<gasScore value='0'/>
		<totalScore value='3456'/>
	</player>

	<enemy>
		<race value='Zerg'/>
		<unitScore value='1400'/>
		<unitScore value='1400'/>
		<killScore value='2300'/>
		<buildingScore value='860'/>
		<razingScore value='1950'/>
		<mineralScore value='2410'/>
		<gasScore value='192'/>
		<totalScore value='9112'/>
	</enemy>

	<scoreRatio value='0.37928'/>
	<timeFitness value='0.0758333'/>
	<unitsAverage value='9'/>
</results>
