<results>
	<result value='win'/>
	<start value='2015-05-10.05:47:09'/>
	<end value='2015-05-10.05:48:31'/>
	<frames value='42565'/>
	<gameDuration value='2660'/>

	<player>
		<unitScore value='31975'/>
		<killScore value='48350'/>
		<buildingScore value='3825'/>
		<razingScore value='20850'/>
		<mineralScore value='35210'/>
		<gasScore value='5616'/>
		<totalScore value='145826'/>
	</player>

	<enemy>
		<race value='Protoss'/>
		<unitScore value='26000'/>
		<unitScore value='26000'/>
		<killScore value='42650'/>
		<buildingScore value='6950'/>
		<razingScore value='300'/>
		<mineralScore value='25226'/>
		<gasScore value='8974'/>
		<totalScore value='110100'/>
	</enemy>

	<scoreRatio value='1.32449'/>
	<timeFitness value='0.630556'/>
	<unitsAverage value='126'/>
</results>
