<results>
	<result value='loss'/>
	<start value='2015-04-07.15:39:03'/>
	<end value='2015-04-07.15:39:27'/>
	<frames value='36644'/>
	<gameDuration value='2290'/>

	<player>
		<unitScore value='11125'/>
		<killScore value='9550'/>
		<buildingScore value='2725'/>
		<razingScore value='0'/>
		<mineralScore value='13718'/>
		<gasScore value='2720'/>
		<totalScore value='39838'/>
	</player>

	<enemy>
		<race value='Protoss'/>
		<unitScore value='23100'/>
		<unitScore value='23100'/>
		<killScore value='22250'/>
		<buildingScore value='6225'/>
		<razingScore value='8175'/>
		<mineralScore value='24018'/>
		<gasScore value='9088'/>
		<totalScore value='92856'/>
	</enemy>

	<scoreRatio value='0.42903'/>
</results>
