<results>
	<result value='win'/>
	<start value='2015-04-16.15:51:04'/>
	<end value='2015-04-16.15:51:41'/>
	<frames value='26383'/>
	<gameDuration value='1648'/>

	<player>
		<unitScore value='12125'/>
		<killScore value='14800'/>
		<buildingScore value='3600'/>
		<razingScore value='9450'/>
		<mineralScore value='19126'/>
		<gasScore value='2576'/>
		<totalScore value='61677'/>
	</player>

	<enemy>
		<race value='Protoss'/>
		<unitScore value='7400'/>
		<unitScore value='7400'/>
		<killScore value='8700'/>
		<buildingScore value='3150'/>
		<razingScore value='675'/>
		<mineralScore value='11946'/>
		<gasScore value='1648'/>
		<totalScore value='33519'/>
	</enemy>

	<scoreRatio value='1.84006'/>
</results>
