<results>
	<result value='win'/>
	<start value='2015-05-04.23:17:55'/>
	<end value='2015-05-04.23:18:44'/>
	<frames value='38535'/>
	<gameDuration value='2408'/>

	<player>
		<unitScore value='28000'/>
		<killScore value='31170'/>
		<buildingScore value='2650'/>
		<razingScore value='7890'/>
		<mineralScore value='31542'/>
		<gasScore value='0'/>
		<totalScore value='101252'/>
	</player>

	<enemy>
		<race value='Zerg'/>
		<unitScore value='16175'/>
		<unitScore value='16175'/>
		<killScore value='48900'/>
		<buildingScore value='2630'/>
		<razingScore value='0'/>
		<mineralScore value='16094'/>
		<gasScore value='5568'/>
		<totalScore value='89367'/>
	</enemy>

	<scoreRatio value='1.13299'/>
	<timeFitness value='0.665556'/>
	<unitsAverage value='88'/>
</results>
