<results>
	<result value='win'/>
	<start value='2015-05-04.23:25:58'/>
	<end value='2015-05-04.23:26:36'/>
	<frames value='29514'/>
	<gameDuration value='1844'/>

	<player>
		<unitScore value='22550'/>
		<killScore value='23700'/>
		<buildingScore value='3100'/>
		<razingScore value='5460'/>
		<mineralScore value='27802'/>
		<gasScore value='0'/>
		<totalScore value='82612'/>
	</player>

	<enemy>
		<race value='Zerg'/>
		<unitScore value='10775'/>
		<unitScore value='10775'/>
		<killScore value='33400'/>
		<buildingScore value='1820'/>
		<razingScore value='0'/>
		<mineralScore value='10126'/>
		<gasScore value='3024'/>
		<totalScore value='59145'/>
	</enemy>

	<scoreRatio value='1.39677'/>
	<timeFitness value='0.743889'/>
	<unitsAverage value='81'/>
</results>
