<results>
	<result value='loss'/>
	<start value='2015-07-21.09:51:00'/>
	<end value='2015-07-21.09:51:23'/>
	<frames value='22291'/>
	<gameDuration value='1393'/>

	<player>
		<unitScore value='7100'/>
		<killScore value='1350'/>
		<buildingScore value='2500'/>
		<razingScore value='0'/>
		<mineralScore value='20434'/>
		<gasScore value='936'/>
		<totalScore value='32320'/>
	</player>

	<enemy>
		<race value='Zerg'/>
		<unitScore value='10175'/>
		<killScore value='13000'/>
		<buildingScore value='2680'/>
		<razingScore value='7500'/>
		<mineralScore value='11426'/>
		<gasScore value='3368'/>
		<totalScore value='48149'/>
	</enemy>

	<scoreRatio value='0.67125'/>
	<timeFitness value='0.193472'/>
	<unitsAverage value='57'/>
</results>
