<results>
	<result value='loss'/>
	<start value='2015-07-21.09:58:29'/>
	<end value='2015-07-21.09:59:03'/>
	<frames value='28801'/>
	<gameDuration value='1800'/>

	<player>
		<unitScore value='13375'/>
		<killScore value='8550'/>
		<buildingScore value='4925'/>
		<razingScore value='0'/>
		<mineralScore value='19850'/>
		<gasScore value='1208'/>
		<totalScore value='47908'/>
	</player>

	<enemy>
		<race value='Zerg'/>
		<unitScore value='12875'/>
		<killScore value='26750'/>
		<buildingScore value='3215'/>
		<razingScore value='14775'/>
		<mineralScore value='16410'/>
		<gasScore value='4656'/>
		<totalScore value='78681'/>
	</enemy>

	<scoreRatio value='0.608889'/>
	<timeFitness value='0.25'/>
	<unitsAverage value='63'/>
</results>
