<results>
	<result value='loss'/>
	<start value='2015-07-21.09:59:12'/>
	<end value='2015-07-21.09:59:33'/>
	<frames value='22353'/>
	<gameDuration value='1397'/>

	<player>
		<unitScore value='10175'/>
		<killScore value='3500'/>
		<buildingScore value='3075'/>
		<razingScore value='0'/>
		<mineralScore value='16162'/>
		<gasScore value='1240'/>
		<totalScore value='34152'/>
	</player>

	<enemy>
		<race value='Zerg'/>
		<unitScore value='8100'/>
		<killScore value='20350'/>
		<buildingScore value='2825'/>
		<razingScore value='9225'/>
		<mineralScore value='10634'/>
		<gasScore value='3544'/>
		<totalScore value='54678'/>
	</enemy>

	<scoreRatio value='0.624602'/>
	<timeFitness value='0.194028'/>
	<unitsAverage value='45'/>
</results>
