<results>
	<result value='loss'/>
	<start value='2015-07-21.09:59:42'/>
	<end value='2015-07-21.10:00:07'/>
	<frames value='26662'/>
	<gameDuration value='1666'/>

	<player>
		<unitScore value='11975'/>
		<killScore value='8015'/>
		<buildingScore value='3200'/>
		<razingScore value='1920'/>
		<mineralScore value='17918'/>
		<gasScore value='2112'/>
		<totalScore value='45140'/>
	</player>

	<enemy>
		<race value='Zerg'/>
		<unitScore value='9300'/>
		<killScore value='23950'/>
		<buildingScore value='2795'/>
		<razingScore value='9600'/>
		<mineralScore value='10894'/>
		<gasScore value='3648'/>
		<totalScore value='60187'/>
	</enemy>

	<scoreRatio value='0.749996'/>
	<timeFitness value='0.231389'/>
	<unitsAverage value='52'/>
</results>
