<results>
	<result value='loss'/>
	<start value='2015-07-21.10:00:16'/>
	<end value='2015-07-21.10:00:46'/>
	<frames value='26476'/>
	<gameDuration value='1654'/>

	<player>
		<unitScore value='13925'/>
		<killScore value='7200'/>
		<buildingScore value='3500'/>
		<razingScore value='0'/>
		<mineralScore value='24130'/>
		<gasScore value='1784'/>
		<totalScore value='50539'/>
	</player>

	<enemy>
		<race value='Zerg'/>
		<unitScore value='13675'/>
		<killScore value='27850'/>
		<buildingScore value='2965'/>
		<razingScore value='10500'/>
		<mineralScore value='15834'/>
		<gasScore value='4240'/>
		<totalScore value='75064'/>
	</enemy>

	<scoreRatio value='0.673279'/>
	<timeFitness value='0.229722'/>
	<unitsAverage value='63'/>
</results>
