<results>
	<result value='loss'/>
	<start value='2015-07-11.18:45:19'/>
	<end value='2015-07-11.18:45:34'/>
	<frames value='19966'/>
	<gameDuration value='1247'/>

	<player>
		<unitScore value='7350'/>
		<killScore value='2900'/>
		<buildingScore value='2325'/>
		<razingScore value='0'/>
		<mineralScore value='9058'/>
		<gasScore value='1008'/>
		<totalScore value='22641'/>
	</player>

	<enemy>
		<race value='Terran'/>
		<unitScore value='6975'/>
		<killScore value='14500'/>
		<buildingScore value='2850'/>
		<razingScore value='6975'/>
		<mineralScore value='9506'/>
		<gasScore value='3384'/>
		<totalScore value='44190'/>
	</enemy>

	<scoreRatio value='0.512356'/>
	<timeFitness value='0.173194'/>
	<unitsAverage value='32'/>
</results>
