<results>
	<result value='loss'/>
	<start value='2015-07-11.18:48:22'/>
	<end value='2015-07-11.18:49:22'/>
	<frames value='33110'/>
	<gameDuration value='2069'/>

	<player>
		<unitScore value='16650'/>
		<killScore value='7750'/>
		<buildingScore value='3800'/>
		<razingScore value='0'/>
		<mineralScore value='17390'/>
		<gasScore value='2760'/>
		<totalScore value='48350'/>
	</player>

	<enemy>
		<race value='Terran'/>
		<unitScore value='8350'/>
		<killScore value='33150'/>
		<buildingScore value='3300'/>
		<razingScore value='11400'/>
		<mineralScore value='14442'/>
		<gasScore value='6048'/>
		<totalScore value='76690'/>
	</enemy>

	<scoreRatio value='0.63046'/>
	<timeFitness value='0.287361'/>
	<unitsAverage value='47'/>
</results>
