<results>
	<result value='loss'/>
	<start value='2015-04-17.00:59:22'/>
	<end value='2015-04-17.01:00:29'/>
	<frames value='46192'/>
	<gameDuration value='2887'/>

	<player>
		<unitScore value='20900'/>
		<killScore value='26050'/>
		<buildingScore value='2675'/>
		<razingScore value='1050'/>
		<mineralScore value='24026'/>
		<gasScore value='1160'/>
		<totalScore value='75861'/>
	</player>

	<enemy>
		<race value='Protoss'/>
		<unitScore value='30450'/>
		<unitScore value='30450'/>
		<killScore value='41800'/>
		<buildingScore value='7225'/>
		<razingScore value='8025'/>
		<mineralScore value='33202'/>
		<gasScore value='10338'/>
		<totalScore value='131040'/>
	</enemy>

	<scoreRatio value='0.578915'/>
</results>
