<results>
	<result value='draw'/>
	<start value='2015-03-31.16:39:04'/>
	<end value='2015-03-31.16:40:41'/>
	<frames value='57601'/>
	<gameDuration value='3600'/>

	<player>
		<unitScore value='34600'/>
		<killScore value='57500'/>
		<buildingScore value='3700'/>
		<razingScore value='7800'/>
		<mineralScore value='34514'/>
		<gasScore value='9118'/>
		<totalScore value='147232'/>
	</player>

	<enemy>
		<race value='Protoss'/>
		<unitScore value='34275'/>
		<unitScore value='34275'/>
		<killScore value='43250'/>
		<buildingScore value='6450'/>
		<razingScore value='300'/>
		<mineralScore value='28538'/>
		<gasScore value='11224'/>
		<totalScore value='124037'/>
	</enemy>

	<scoreRatio value='1.187'/>
</results>
