<results>
	<result value='loss'/>
	<start value='2015-03-31.16:42:23'/>
	<end value='2015-03-31.16:42:43'/>
	<frames value='32087'/>
	<gameDuration value='2005'/>

	<player>
		<unitScore value='10325'/>
		<killScore value='6500'/>
		<buildingScore value='1525'/>
		<razingScore value='0'/>
		<mineralScore value='11502'/>
		<gasScore value='2136'/>
		<totalScore value='31988'/>
	</player>

	<enemy>
		<race value='Protoss'/>
		<unitScore value='16950'/>
		<unitScore value='16950'/>
		<killScore value='20750'/>
		<buildingScore value='6925'/>
		<razingScore value='4575'/>
		<mineralScore value='20746'/>
		<gasScore value='8184'/>
		<totalScore value='78130'/>
	</enemy>

	<scoreRatio value='0.40942'/>
</results>
