<results>
	<result value='loss'/>
	<start value='2015-05-05.18:32:47'/>
	<end value='2015-05-05.18:32:54'/>
	<frames value='14231'/>
	<gameDuration value='889'/>

	<player>
		<unitScore value='3250'/>
		<killScore value='1000'/>
		<buildingScore value='1075'/>
		<razingScore value='0'/>
		<mineralScore value='4194'/>
		<gasScore value='752'/>
		<totalScore value='10271'/>
	</player>

	<enemy>
		<race value='Protoss'/>
		<unitScore value='3550'/>
		<unitScore value='3550'/>
		<killScore value='6500'/>
		<buildingScore value='2375'/>
		<razingScore value='3225'/>
		<mineralScore value='7402'/>
		<gasScore value='1264'/>
		<totalScore value='24316'/>
	</enemy>

	<scoreRatio value='0.422397'/>
	<timeFitness value='0.123472'/>
	<unitsAverage value='22'/>
</results>
