<results>
	<result value='win'/>
	<start value='2015-05-05.18:35:38'/>
	<end value='2015-05-05.18:36:02'/>
	<frames value='30103'/>
	<gameDuration value='1881'/>

	<player>
		<unitScore value='14900'/>
		<killScore value='14700'/>
		<buildingScore value='3000'/>
		<razingScore value='15075'/>
		<mineralScore value='18610'/>
		<gasScore value='2592'/>
		<totalScore value='68877'/>
	</player>

	<enemy>
		<race value='Protoss'/>
		<unitScore value='7350'/>
		<unitScore value='7350'/>
		<killScore value='13400'/>
		<buildingScore value='5025'/>
		<razingScore value='0'/>
		<mineralScore value='13042'/>
		<gasScore value='1400'/>
		<totalScore value='40217'/>
	</enemy>

	<scoreRatio value='1.71263'/>
	<timeFitness value='0.73875'/>
	<unitsAverage value='72'/>
</results>
