<results>
	<result value='loss'/>
	<start value='2015-05-05.18:44:54'/>
	<end value='2015-05-05.18:45:05'/>
	<frames value='17548'/>
	<gameDuration value='1096'/>

	<player>
		<unitScore value='4800'/>
		<killScore value='1200'/>
		<buildingScore value='1700'/>
		<razingScore value='0'/>
		<mineralScore value='6666'/>
		<gasScore value='688'/>
		<totalScore value='15054'/>
	</player>

	<enemy>
		<race value='Protoss'/>
		<unitScore value='4875'/>
		<unitScore value='4875'/>
		<killScore value='9600'/>
		<buildingScore value='3375'/>
		<razingScore value='5100'/>
		<mineralScore value='8730'/>
		<gasScore value='2304'/>
		<totalScore value='33984'/>
	</enemy>

	<scoreRatio value='0.442973'/>
	<timeFitness value='0.152222'/>
	<unitsAverage value='31'/>
</results>
