<results>
	<result value='loss'/>
	<start value='2015-05-05.18:45:09'/>
	<end value='2015-05-05.18:45:16'/>
	<frames value='13208'/>
	<gameDuration value='825'/>

	<player>
		<unitScore value='3375'/>
		<killScore value='400'/>
		<buildingScore value='1075'/>
		<razingScore value='0'/>
		<mineralScore value='4458'/>
		<gasScore value='448'/>
		<totalScore value='9756'/>
	</player>

	<enemy>
		<race value='Protoss'/>
		<unitScore value='3500'/>
		<unitScore value='3500'/>
		<killScore value='6750'/>
		<buildingScore value='2175'/>
		<razingScore value='3225'/>
		<mineralScore value='6506'/>
		<gasScore value='1152'/>
		<totalScore value='23308'/>
	</enemy>

	<scoreRatio value='0.418569'/>
	<timeFitness value='0.114583'/>
	<unitsAverage value='24'/>
</results>
