<results>
	<result value='win'/>
	<start value='2015-05-05.18:48:05'/>
	<end value='2015-05-05.18:49:23'/>
	<frames value='44673'/>
	<gameDuration value='2792'/>

	<player>
		<unitScore value='31950'/>
		<killScore value='59450'/>
		<buildingScore value='3450'/>
		<razingScore value='19950'/>
		<mineralScore value='33126'/>
		<gasScore value='5232'/>
		<totalScore value='153158'/>
	</player>

	<enemy>
		<race value='Protoss'/>
		<unitScore value='30175'/>
		<unitScore value='30175'/>
		<killScore value='43850'/>
		<buildingScore value='6650'/>
		<razingScore value='300'/>
		<mineralScore value='27554'/>
		<gasScore value='9152'/>
		<totalScore value='117681'/>
	</enemy>

	<scoreRatio value='1.30147'/>
	<timeFitness value='0.612222'/>
	<unitsAverage value='138'/>
</results>
