<results>
	<result value='loss'/>
	<start value='2015-05-05.19:22:14'/>
	<end value='2015-05-05.19:22:34'/>
	<frames value='36520'/>
	<gameDuration value='2282'/>

	<player>
		<unitScore value='14150'/>
		<killScore value='10550'/>
		<buildingScore value='3150'/>
		<razingScore value='300'/>
		<mineralScore value='17082'/>
		<gasScore value='2896'/>
		<totalScore value='48128'/>
	</player>

	<enemy>
		<race value='Protoss'/>
		<unitScore value='23575'/>
		<unitScore value='23575'/>
		<killScore value='28050'/>
		<buildingScore value='7225'/>
		<razingScore value='9450'/>
		<mineralScore value='25026'/>
		<gasScore value='9682'/>
		<totalScore value='103008'/>
	</enemy>

	<scoreRatio value='0.467226'/>
	<timeFitness value='0.316944'/>
	<unitsAverage value='55'/>
</results>
