<results>
	<result value='loss'/>
	<start value='2015-05-04.18:54:34'/>
	<end value='2015-05-04.18:54:42'/>
	<frames value='15099'/>
	<gameDuration value='943'/>

	<player>
		<unitScore value='2750'/>
		<killScore value='1300'/>
		<buildingScore value='1450'/>
		<razingScore value='0'/>
		<mineralScore value='4362'/>
		<gasScore value='616'/>
		<totalScore value='10478'/>
	</player>

	<enemy>
		<race value='Protoss'/>
		<unitScore value='3600'/>
		<unitScore value='3600'/>
		<killScore value='5500'/>
		<buildingScore value='2725'/>
		<razingScore value='4350'/>
		<mineralScore value='7578'/>
		<gasScore value='1400'/>
		<totalScore value='25153'/>
	</enemy>

	<scoreRatio value='0.416571'/>
	<timeFitness value='0.130972'/>
	<unitsAverage value='21'/>
</results>
