<results>
	<result value='win'/>
	<start value='2015-05-04.19:08:08'/>
	<end value='2015-05-04.19:09:22'/>
	<frames value='37791'/>
	<gameDuration value='2361'/>

	<player>
		<unitScore value='28050'/>
		<killScore value='26850'/>
		<buildingScore value='4200'/>
		<razingScore value='19125'/>
		<mineralScore value='32814'/>
		<gasScore value='4232'/>
		<totalScore value='115271'/>
	</player>

	<enemy>
		<race value='Protoss'/>
		<unitScore value='14575'/>
		<unitScore value='14575'/>
		<killScore value='32350'/>
		<buildingScore value='6375'/>
		<razingScore value='0'/>
		<mineralScore value='17666'/>
		<gasScore value='5968'/>
		<totalScore value='76934'/>
	</enemy>

	<scoreRatio value='1.49831'/>
	<timeFitness value='0.672083'/>
	<unitsAverage value='131'/>
</results>
