<results>
	<result value='loss'/>
	<start value='2015-05-04.19:27:47'/>
	<end value='2015-05-04.19:28:00'/>
	<frames value='14913'/>
	<gameDuration value='932'/>

	<player>
		<unitScore value='3500'/>
		<killScore value='400'/>
		<buildingScore value='1225'/>
		<razingScore value='0'/>
		<mineralScore value='4698'/>
		<gasScore value='584'/>
		<totalScore value='10407'/>
	</player>

	<enemy>
		<race value='Protoss'/>
		<unitScore value='3550'/>
		<unitScore value='3550'/>
		<killScore value='7000'/>
		<buildingScore value='2575'/>
		<razingScore value='3675'/>
		<mineralScore value='7634'/>
		<gasScore value='1352'/>
		<totalScore value='25786'/>
	</enemy>

	<scoreRatio value='0.403591'/>
	<timeFitness value='0.129444'/>
	<unitsAverage value='25'/>
</results>
