<results>
	<result value='loss'/>
	<start value='2015-05-04.19:31:27'/>
	<end value='2015-05-04.19:32:24'/>
	<frames value='42038'/>
	<gameDuration value='2627'/>

	<player>
		<unitScore value='18775'/>
		<killScore value='31100'/>
		<buildingScore value='2675'/>
		<razingScore value='1500'/>
		<mineralScore value='22302'/>
		<gasScore value='3744'/>
		<totalScore value='80096'/>
	</player>

	<enemy>
		<race value='Protoss'/>
		<unitScore value='29200'/>
		<unitScore value='29200'/>
		<killScore value='37650'/>
		<buildingScore value='8575'/>
		<razingScore value='8025'/>
		<mineralScore value='29170'/>
		<gasScore value='10700'/>
		<totalScore value='123320'/>
	</enemy>

	<scoreRatio value='0.649497'/>
	<timeFitness value='0.364861'/>
	<unitsAverage value='86'/>
</results>
