<results>
	<result value='loss'/>
	<start value='2015-05-04.19:37:24'/>
	<end value='2015-05-04.19:37:46'/>
	<frames value='30227'/>
	<gameDuration value='1889'/>

	<player>
		<unitScore value='8000'/>
		<killScore value='4800'/>
		<buildingScore value='2900'/>
		<razingScore value='0'/>
		<mineralScore value='11698'/>
		<gasScore value='1528'/>
		<totalScore value='28926'/>
	</player>

	<enemy>
		<race value='Protoss'/>
		<unitScore value='14125'/>
		<unitScore value='14125'/>
		<killScore value='16000'/>
		<buildingScore value='6925'/>
		<razingScore value='8700'/>
		<mineralScore value='18458'/>
		<gasScore value='6720'/>
		<totalScore value='70928'/>
	</enemy>

	<scoreRatio value='0.407822'/>
	<timeFitness value='0.262361'/>
	<unitsAverage value='32'/>
</results>
