<results>
	<result value='loss'/>
	<start value='2015-04-11.07:36:21'/>
	<end value='2015-04-11.07:36:38'/>
	<frames value='18075'/>
	<gameDuration value='1129'/>

	<player>
		<unitScore value='5425'/>
		<killScore value='1200'/>
		<buildingScore value='1775'/>
		<razingScore value='0'/>
		<mineralScore value='7594'/>
		<gasScore value='992'/>
		<totalScore value='16986'/>
	</player>

	<enemy>
		<race value='Protoss'/>
		<unitScore value='4575'/>
		<unitScore value='4575'/>
		<killScore value='10850'/>
		<buildingScore value='4275'/>
		<razingScore value='5325'/>
		<mineralScore value='9458'/>
		<gasScore value='2368'/>
		<totalScore value='36851'/>
	</enemy>

	<scoreRatio value='0.460937'/>
</results>
