<results>
	<result value='loss'/>
	<start value='2015-04-11.07:38:57'/>
	<end value='2015-04-11.07:39:30'/>
	<frames value='33792'/>
	<gameDuration value='2112'/>

	<player>
		<unitScore value='9625'/>
		<killScore value='4100'/>
		<buildingScore value='2275'/>
		<razingScore value='0'/>
		<mineralScore value='13570'/>
		<gasScore value='1368'/>
		<totalScore value='30938'/>
	</player>

	<enemy>
		<race value='Protoss'/>
		<unitScore value='17750'/>
		<unitScore value='17750'/>
		<killScore value='19250'/>
		<buildingScore value='6975'/>
		<razingScore value='6825'/>
		<mineralScore value='21186'/>
		<gasScore value='8648'/>
		<totalScore value='80634'/>
	</enemy>

	<scoreRatio value='0.383684'/>
</results>
