<results>
	<result value='win'/>
	<start value='2014-07-22.22:16:23'/>
	<end value='2014-07-22.22:16:56'/>
	<frames value='28057'/>
	<gameDuration value='1753'/>

	<player>
		<unitScore value='15525'/>
		<killScore value='21645'/>
		<buildingScore value='4675'/>
		<razingScore value='8160'/>
		<mineralScore value='24498'/>
		<gasScore value='2912'/>
		<totalScore value='77415'/>
	</player>

	<enemy>
		<race value='Zerg'/>
		<unitScore value='9750'/>
		<unitScore value='9750'/>
		<killScore value='9500'/>
		<buildingScore value='2720'/>
		<razingScore value='0'/>
		<mineralScore value='12370'/>
		<gasScore value='3792'/>
		<totalScore value='38132'/>
	</enemy>

	<scoreRatio value='2.03018'/>
</results>
