<results>
	<result value='loss'/>
	<start value='2015-04-16.17:46:10'/>
	<end value='2015-04-16.17:46:24'/>
	<frames value='17610'/>
	<gameDuration value='1100'/>

	<player>
		<unitScore value='2500'/>
		<killScore value='1200'/>
		<buildingScore value='1300'/>
		<razingScore value='0'/>
		<mineralScore value='4154'/>
		<gasScore value='784'/>
		<totalScore value='9938'/>
	</player>

	<enemy>
		<race value='Protoss'/>
		<unitScore value='3750'/>
		<unitScore value='3750'/>
		<killScore value='5000'/>
		<buildingScore value='4375'/>
		<razingScore value='3900'/>
		<mineralScore value='9914'/>
		<gasScore value='1784'/>
		<totalScore value='28723'/>
	</enemy>

	<scoreRatio value='0.345995'/>
</results>
