<results>
	<result value='win'/>
	<start value='2015-05-04.21:17:39'/>
	<end value='2015-05-04.21:17:47'/>
	<frames value='16277'/>
	<gameDuration value='1017'/>

	<player>
		<unitScore value='5475'/>
		<killScore value='9400'/>
		<buildingScore value='2000'/>
		<razingScore value='4125'/>
		<mineralScore value='8354'/>
		<gasScore value='1240'/>
		<totalScore value='30594'/>
	</player>

	<enemy>
		<race value='Terran'/>
		<unitScore value='4700'/>
		<unitScore value='4700'/>
		<killScore value='1400'/>
		<buildingScore value='1450'/>
		<razingScore value='300'/>
		<mineralScore value='6618'/>
		<gasScore value='1872'/>
		<totalScore value='16340'/>
	</enemy>

	<scoreRatio value='1.87234'/>
	<timeFitness value='0.85875'/>
	<unitsAverage value='44'/>
</results>
