<results>
	<result value='win'/>
	<start value='2015-05-08.21:45:36'/>
	<end value='2015-05-08.21:46:14'/>
	<frames value='39434'/>
	<gameDuration value='2464'/>

	<player>
		<unitScore value='20850'/>
		<killScore value='34300'/>
		<buildingScore value='4750'/>
		<razingScore value='13200'/>
		<mineralScore value='30574'/>
		<gasScore value='4376'/>
		<totalScore value='108050'/>
	</player>

	<enemy>
		<race value='Terran'/>
		<unitScore value='19550'/>
		<unitScore value='19550'/>
		<killScore value='18550'/>
		<buildingScore value='4400'/>
		<razingScore value='1650'/>
		<mineralScore value='16234'/>
		<gasScore value='8046'/>
		<totalScore value='68430'/>
	</enemy>

	<scoreRatio value='1.57899'/>
	<timeFitness value='0.657778'/>
	<unitsAverage value='105'/>
</results>
