<results>
	<result value='win'/>
	<start value='2015-05-08.21:47:11'/>
	<end value='2015-05-08.21:47:29'/>
	<frames value='25143'/>
	<gameDuration value='1571'/>

	<player>
		<unitScore value='10500'/>
		<killScore value='17000'/>
		<buildingScore value='4350'/>
		<razingScore value='7725'/>
		<mineralScore value='20366'/>
		<gasScore value='2344'/>
		<totalScore value='62285'/>
	</player>

	<enemy>
		<race value='Terran'/>
		<unitScore value='8800'/>
		<unitScore value='8800'/>
		<killScore value='3900'/>
		<buildingScore value='2575'/>
		<razingScore value='300'/>
		<mineralScore value='8458'/>
		<gasScore value='2800'/>
		<totalScore value='26833'/>
	</enemy>

	<scoreRatio value='2.32121'/>
	<timeFitness value='0.781806'/>
	<unitsAverage value='80'/>
</results>
