<results>
	<result value='win'/>
	<start value='2015-04-08.19:50:39'/>
	<end value='2015-04-08.19:51:01'/>
	<frames value='24802'/>
	<gameDuration value='1550'/>

	<player>
		<unitScore value='13975'/>
		<killScore value='10000'/>
		<buildingScore value='3550'/>
		<razingScore value='12075'/>
		<mineralScore value='18938'/>
		<gasScore value='1776'/>
		<totalScore value='60314'/>
	</player>

	<enemy>
		<race value='Protoss'/>
		<unitScore value='5000'/>
		<unitScore value='5000'/>
		<killScore value='6900'/>
		<buildingScore value='4025'/>
		<razingScore value='0'/>
		<mineralScore value='10354'/>
		<gasScore value='1968'/>
		<totalScore value='28247'/>
	</enemy>

	<scoreRatio value='2.13524'/>
</results>
