<results>
	<result value='loss'/>
	<start value='2015-04-08.19:53:19'/>
	<end value='2015-04-08.19:54:21'/>
	<frames value='56267'/>
	<gameDuration value='3516'/>

	<player>
		<unitScore value='28825'/>
		<killScore value='38150'/>
		<buildingScore value='3150'/>
		<razingScore value='7200'/>
		<mineralScore value='29934'/>
		<gasScore value='5290'/>
		<totalScore value='112549'/>
	</player>

	<enemy>
		<race value='Protoss'/>
		<unitScore value='27925'/>
		<unitScore value='27925'/>
		<killScore value='57750'/>
		<buildingScore value='8125'/>
		<razingScore value='9450'/>
		<mineralScore value='32422'/>
		<gasScore value='9450'/>
		<totalScore value='145122'/>
	</enemy>

	<scoreRatio value='0.775547'/>
</results>
