<results>
	<result value='loss'/>
	<start value='2015-07-19.07:59:42'/>
	<end value='2015-07-19.08:00:24'/>
	<frames value='33389'/>
	<gameDuration value='2086'/>

	<player>
		<unitScore value='17675'/>
		<killScore value='10000'/>
		<buildingScore value='2975'/>
		<razingScore value='0'/>
		<mineralScore value='27726'/>
		<gasScore value='3128'/>
		<totalScore value='61504'/>
	</player>

	<enemy>
		<race value='Protoss'/>
		<unitScore value='17550'/>
		<killScore value='35350'/>
		<buildingScore value='6950'/>
		<razingScore value='8775'/>
		<mineralScore value='25726'/>
		<gasScore value='7016'/>
		<totalScore value='101367'/>
	</enemy>

	<scoreRatio value='0.606746'/>
	<timeFitness value='0.289722'/>
	<unitsAverage value='74'/>
</results>
