<results>
	<result value='loss'/>
	<start value='2015-04-27.21:11:52'/>
	<end value='2015-04-27.21:12:06'/>
	<frames value='18261'/>
	<gameDuration value='1141'/>

	<player>
		<unitScore value='3225'/>
		<killScore value='2800'/>
		<buildingScore value='1700'/>
		<razingScore value='0'/>
		<mineralScore value='4914'/>
		<gasScore value='1264'/>
		<totalScore value='13903'/>
	</player>

	<enemy>
		<race value='Zerg'/>
		<unitScore value='7075'/>
		<unitScore value='7075'/>
		<killScore value='6450'/>
		<buildingScore value='2405'/>
		<razingScore value='5100'/>
		<mineralScore value='8498'/>
		<gasScore value='2448'/>
		<totalScore value='31976'/>
	</enemy>

	<scoreRatio value='0.434795'/>
</results>
