<results>
	<result value='win'/>
	<start value='2015-04-12.09:09:36'/>
	<end value='2015-04-12.09:10:40'/>
	<frames value='30475'/>
	<gameDuration value='1904'/>

	<player>
		<unitScore value='22200'/>
		<killScore value='20950'/>
		<buildingScore value='3850'/>
		<razingScore value='17100'/>
		<mineralScore value='27906'/>
		<gasScore value='3040'/>
		<totalScore value='95046'/>
	</player>

	<enemy>
		<race value='Protoss'/>
		<unitScore value='10475'/>
		<unitScore value='10475'/>
		<killScore value='19600'/>
		<buildingScore value='5700'/>
		<razingScore value='0'/>
		<mineralScore value='19542'/>
		<gasScore value='3696'/>
		<totalScore value='59013'/>
	</enemy>

	<scoreRatio value='1.61059'/>
</results>
