<results>
	<result value='win'/>
	<start value='2014-07-01.13:33:15'/>
	<end value='2014-07-01.13:33:54'/>
	<frames value='36427'/>
	<gameDuration value='2276'/>

	<player>
		<unitScore value='19200'/>
		<killScore value='26300'/>
		<buildingScore value='4300'/>
		<razingScore value='19875'/>
		<mineralScore value='26686'/>
		<gasScore value='4072'/>
		<totalScore value='100433'/>
	</player>

	<enemy>
		<race value='Protoss'/>
		<unitScore value='13600'/>
		<unitScore value='13600'/>
		<killScore value='15450'/>
		<buildingScore value='6625'/>
		<razingScore value='0'/>
		<mineralScore value='17938'/>
		<gasScore value='5448'/>
		<totalScore value='59061'/>
	</enemy>

	<scoreRatio value='1.7005'/>
</results>
