<results>
	<result value='win'/>
	<start value='2015-04-27.06:37:27'/>
	<end value='2015-04-27.06:37:58'/>
	<frames value='27530'/>
	<gameDuration value='1720'/>

	<player>
		<unitScore value='14275'/>
		<killScore value='22050'/>
		<buildingScore value='4250'/>
		<razingScore value='8850'/>
		<mineralScore value='20610'/>
		<gasScore value='2480'/>
		<totalScore value='72515'/>
	</player>

	<enemy>
		<race value='Terran'/>
		<unitScore value='11025'/>
		<unitScore value='11025'/>
		<killScore value='10450'/>
		<buildingScore value='2950'/>
		<razingScore value='2775'/>
		<mineralScore value='11298'/>
		<gasScore value='4728'/>
		<totalScore value='43226'/>
	</enemy>

	<scoreRatio value='1.67758'/>
</results>
