<results>
	<result value='win'/>
	<start value='2015-04-27.06:39:01'/>
	<end value='2015-04-27.06:39:48'/>
	<frames value='32986'/>
	<gameDuration value='2061'/>

	<player>
		<unitScore value='15725'/>
		<killScore value='21800'/>
		<buildingScore value='5075'/>
		<razingScore value='8550'/>
		<mineralScore value='29746'/>
		<gasScore value='3872'/>
		<totalScore value='84768'/>
	</player>

	<enemy>
		<race value='Terran'/>
		<unitScore value='10900'/>
		<unitScore value='10900'/>
		<killScore value='8300'/>
		<buildingScore value='2850'/>
		<razingScore value='2175'/>
		<mineralScore value='9794'/>
		<gasScore value='3944'/>
		<totalScore value='37963'/>
	</enemy>

	<scoreRatio value='2.23291'/>
</results>
