<results>
	<result value='loss'/>
	<start value='2015-05-08.18:36:30'/>
	<end value='2015-05-08.18:36:37'/>
	<frames value='15564'/>
	<gameDuration value='972'/>

	<player>
		<unitScore value='3750'/>
		<killScore value='200'/>
		<buildingScore value='1775'/>
		<razingScore value='0'/>
		<mineralScore value='5530'/>
		<gasScore value='240'/>
		<totalScore value='11495'/>
	</player>

	<enemy>
		<race value='Protoss'/>
		<unitScore value='3550'/>
		<unitScore value='3550'/>
		<killScore value='7500'/>
		<buildingScore value='3225'/>
		<razingScore value='5325'/>
		<mineralScore value='8186'/>
		<gasScore value='1272'/>
		<totalScore value='29058'/>
	</enemy>

	<scoreRatio value='0.395588'/>
	<timeFitness value='0.135'/>
	<unitsAverage value='25'/>
</results>
