<results>
	<result value='win'/>
	<start value='2015-05-08.18:54:19'/>
	<end value='2015-05-08.18:54:53'/>
	<frames value='32986'/>
	<gameDuration value='2061'/>

	<player>
		<unitScore value='20225'/>
		<killScore value='27550'/>
		<buildingScore value='4025'/>
		<razingScore value='13575'/>
		<mineralScore value='31742'/>
		<gasScore value='3616'/>
		<totalScore value='100733'/>
	</player>

	<enemy>
		<race value='Protoss'/>
		<unitScore value='15175'/>
		<unitScore value='15175'/>
		<killScore value='18000'/>
		<buildingScore value='4525'/>
		<razingScore value='150'/>
		<mineralScore value='13694'/>
		<gasScore value='4480'/>
		<totalScore value='56024'/>
	</enemy>

	<scoreRatio value='1.79803'/>
	<timeFitness value='0.71375'/>
	<unitsAverage value='113'/>
</results>
