<results>
	<result value='win'/>
	<start value='2015-05-08.19:05:24'/>
	<end value='2015-05-08.19:06:28'/>
	<frames value='50873'/>
	<gameDuration value='3179'/>

	<player>
		<unitScore value='33725'/>
		<killScore value='59950'/>
		<buildingScore value='3300'/>
		<razingScore value='19200'/>
		<mineralScore value='34438'/>
		<gasScore value='8474'/>
		<totalScore value='159087'/>
	</player>

	<enemy>
		<race value='Protoss'/>
		<unitScore value='32950'/>
		<unitScore value='32950'/>
		<killScore value='46250'/>
		<buildingScore value='6400'/>
		<razingScore value='0'/>
		<mineralScore value='26834'/>
		<gasScore value='10232'/>
		<totalScore value='122666'/>
	</enemy>

	<scoreRatio value='1.29691'/>
	<timeFitness value='0.558472'/>
	<unitsAverage value='140'/>
</results>
