<results>
	<result value='win'/>
	<start value='2015-05-08.15:39:02'/>
	<end value='2015-05-08.15:39:23'/>
	<frames value='24275'/>
	<gameDuration value='1517'/>

	<player>
		<unitScore value='12050'/>
		<killScore value='19000'/>
		<buildingScore value='4125'/>
		<razingScore value='6825'/>
		<mineralScore value='20090'/>
		<gasScore value='2448'/>
		<totalScore value='64538'/>
	</player>

	<enemy>
		<race value='Terran'/>
		<unitScore value='9500'/>
		<unitScore value='9500'/>
		<killScore value='7750'/>
		<buildingScore value='2275'/>
		<razingScore value='150'/>
		<mineralScore value='10330'/>
		<gasScore value='2904'/>
		<totalScore value='32909'/>
	</enemy>

	<scoreRatio value='1.9611'/>
	<timeFitness value='0.789306'/>
	<unitsAverage value='80'/>
</results>
