<results>
	<result value='win'/>
	<start value='2015-04-07.20:01:16'/>
	<end value='2015-04-07.20:01:42'/>
	<frames value='27003'/>
	<gameDuration value='1687'/>

	<player>
		<unitScore value='15450'/>
		<killScore value='18800'/>
		<buildingScore value='4025'/>
		<razingScore value='15825'/>
		<mineralScore value='22498'/>
		<gasScore value='2512'/>
		<totalScore value='79110'/>
	</player>

	<enemy>
		<race value='Protoss'/>
		<unitScore value='10050'/>
		<unitScore value='10050'/>
		<killScore value='12000'/>
		<buildingScore value='5275'/>
		<razingScore value='0'/>
		<mineralScore value='15498'/>
		<gasScore value='2632'/>
		<totalScore value='45455'/>
	</enemy>

	<scoreRatio value='1.7404'/>
</results>
