<results>
	<result value='win'/>
	<start value='2015-04-27.11:50:07'/>
	<end value='2015-04-27.11:50:53'/>
	<frames value='35187'/>
	<gameDuration value='2199'/>

	<player>
		<unitScore value='22675'/>
		<killScore value='27300'/>
		<buildingScore value='4725'/>
		<razingScore value='10050'/>
		<mineralScore value='40454'/>
		<gasScore value='3632'/>
		<totalScore value='108836'/>
	</player>

	<enemy>
		<race value='Terran'/>
		<unitScore value='13650'/>
		<unitScore value='13650'/>
		<killScore value='22950'/>
		<buildingScore value='2950'/>
		<razingScore value='1500'/>
		<mineralScore value='12050'/>
		<gasScore value='5200'/>
		<totalScore value='58300'/>
	</enemy>

	<scoreRatio value='1.86683'/>
</results>
