<results>
	<result value='win'/>
	<start value='2015-04-27.11:55:05'/>
	<end value='2015-04-27.11:55:30'/>
	<frames value='31064'/>
	<gameDuration value='1941'/>

	<player>
		<unitScore value='12325'/>
		<killScore value='22550'/>
		<buildingScore value='1650'/>
		<razingScore value='9375'/>
		<mineralScore value='13034'/>
		<gasScore value='3472'/>
		<totalScore value='62406'/>
	</player>

	<enemy>
		<race value='Terran'/>
		<unitScore value='13025'/>
		<unitScore value='13025'/>
		<killScore value='15100'/>
		<buildingScore value='3200'/>
		<razingScore value='300'/>
		<mineralScore value='14218'/>
		<gasScore value='6160'/>
		<totalScore value='52003'/>
	</enemy>

	<scoreRatio value='1.20005'/>
</results>
