<results>
	<result value='draw'/>
	<start value='2015-05-08.15:26:25'/>
	<end value='2015-05-08.15:28:00'/>
	<frames value='57601'/>
	<gameDuration value='3600'/>

	<player>
		<unitScore value='31600'/>
		<killScore value='41950'/>
		<buildingScore value='3900'/>
		<razingScore value='3525'/>
		<mineralScore value='33462'/>
		<gasScore value='6320'/>
		<totalScore value='120757'/>
	</player>

	<enemy>
		<race value='Terran'/>
		<unitScore value='30000'/>
		<unitScore value='30000'/>
		<killScore value='52800'/>
		<buildingScore value='4150'/>
		<razingScore value='4275'/>
		<mineralScore value='19502'/>
		<gasScore value='12182'/>
		<totalScore value='122909'/>
	</enemy>

	<scoreRatio value='0.982491'/>
	<timeFitness value='0.5'/>
	<unitsAverage value='88'/>
</results>
