<results>
	<result value='loss'/>
	<start value='2015-05-08.15:28:51'/>
	<end value='2015-05-08.15:29:07'/>
	<frames value='17331'/>
	<gameDuration value='1083'/>

	<player>
		<unitScore value='3625'/>
		<killScore value='1000'/>
		<buildingScore value='1700'/>
		<razingScore value='0'/>
		<mineralScore value='5698'/>
		<gasScore value='552'/>
		<totalScore value='12575'/>
	</player>

	<enemy>
		<race value='Terran'/>
		<unitScore value='6125'/>
		<unitScore value='6125'/>
		<killScore value='7250'/>
		<buildingScore value='2625'/>
		<razingScore value='5100'/>
		<mineralScore value='7818'/>
		<gasScore value='2536'/>
		<totalScore value='31454'/>
	</enemy>

	<scoreRatio value='0.39979'/>
	<timeFitness value='0.150417'/>
	<unitsAverage value='24'/>
</results>
