<results>
	<result value='draw'/>
	<start value='2015-05-08.15:37:20'/>
	<end value='2015-05-08.15:38:55'/>
	<frames value='57601'/>
	<gameDuration value='3600'/>

	<player>
		<unitScore value='28775'/>
		<killScore value='38150'/>
		<buildingScore value='4800'/>
		<razingScore value='2400'/>
		<mineralScore value='33030'/>
		<gasScore value='6544'/>
		<totalScore value='113699'/>
	</player>

	<enemy>
		<race value='Terran'/>
		<unitScore value='29300'/>
		<unitScore value='29300'/>
		<killScore value='50700'/>
		<buildingScore value='4025'/>
		<razingScore value='6750'/>
		<mineralScore value='19550'/>
		<gasScore value='11088'/>
		<totalScore value='121413'/>
	</enemy>

	<scoreRatio value='0.936465'/>
	<timeFitness value='0.5'/>
	<unitsAverage value='79'/>
</results>
