<results>
	<result value='win'/>
	<start value='2015-05-03.17:08:49'/>
	<end value='2015-05-03.17:09:14'/>
	<frames value='25701'/>
	<gameDuration value='1606'/>

	<player>
		<unitScore value='13775'/>
		<killScore value='23650'/>
		<buildingScore value='3725'/>
		<razingScore value='9300'/>
		<mineralScore value='25958'/>
		<gasScore value='1432'/>
		<totalScore value='77840'/>
	</player>

	<enemy>
		<race value='Terran'/>
		<unitScore value='11825'/>
		<unitScore value='11825'/>
		<killScore value='8150'/>
		<buildingScore value='3100'/>
		<razingScore value='225'/>
		<mineralScore value='10490'/>
		<gasScore value='4312'/>
		<totalScore value='38102'/>
	</enemy>

	<scoreRatio value='2.04294'/>
	<timeFitness value='0.776944'/>
	<unitsAverage value='91'/>
</results>
