<results>
	<result value='win'/>
	<start value='2015-05-03.17:14:55'/>
	<end value='2015-05-03.17:15:21'/>
	<frames value='30382'/>
	<gameDuration value='1898'/>

	<player>
		<unitScore value='13525'/>
		<killScore value='24550'/>
		<buildingScore value='3325'/>
		<razingScore value='7950'/>
		<mineralScore value='27154'/>
		<gasScore value='2976'/>
		<totalScore value='79480'/>
	</player>

	<enemy>
		<race value='Terran'/>
		<unitScore value='12275'/>
		<unitScore value='12275'/>
		<killScore value='13000'/>
		<buildingScore value='2650'/>
		<razingScore value='2775'/>
		<mineralScore value='12042'/>
		<gasScore value='4544'/>
		<totalScore value='47286'/>
	</enemy>

	<scoreRatio value='1.68084'/>
	<timeFitness value='0.736389'/>
	<unitsAverage value='74'/>
</results>
