<results>
	<result value='win'/>
	<start value='2015-05-10.02:19:15'/>
	<end value='2015-05-10.02:20:20'/>
	<frames value='39341'/>
	<gameDuration value='2458'/>

	<player>
		<unitScore value='26975'/>
		<killScore value='35970'/>
		<buildingScore value='4475'/>
		<razingScore value='11220'/>
		<mineralScore value='30962'/>
		<gasScore value='4080'/>
		<totalScore value='113682'/>
	</player>

	<enemy>
		<race value='Zerg'/>
		<unitScore value='17400'/>
		<unitScore value='17400'/>
		<killScore value='25550'/>
		<buildingScore value='3740'/>
		<razingScore value='1950'/>
		<mineralScore value='17586'/>
		<gasScore value='4832'/>
		<totalScore value='71058'/>
	</enemy>

	<scoreRatio value='1.59985'/>
	<timeFitness value='0.658611'/>
	<unitsAverage value='122'/>
</results>
