<results>
	<result value='loss'/>
	<start value='2015-05-10.02:30:50'/>
	<end value='2015-05-10.02:31:17'/>
	<frames value='30754'/>
	<gameDuration value='1922'/>

	<player>
		<unitScore value='9975'/>
		<killScore value='9225'/>
		<buildingScore value='4075'/>
		<razingScore value='0'/>
		<mineralScore value='17750'/>
		<gasScore value='1848'/>
		<totalScore value='42873'/>
	</player>

	<enemy>
		<race value='Zerg'/>
		<unitScore value='19950'/>
		<unitScore value='19950'/>
		<killScore value='20550'/>
		<buildingScore value='3510'/>
		<razingScore value='12225'/>
		<mineralScore value='19294'/>
		<gasScore value='7316'/>
		<totalScore value='82845'/>
	</enemy>

	<scoreRatio value='0.517509'/>
	<timeFitness value='0.266944'/>
	<unitsAverage value='57'/>
</results>
