<results>
	<result value='win'/>
	<start value='2015-04-17.05:06:38'/>
	<end value='2015-04-17.05:07:44'/>
	<frames value='32738'/>
	<gameDuration value='2046'/>

	<player>
		<unitScore value='21450'/>
		<killScore value='29650'/>
		<buildingScore value='3975'/>
		<razingScore value='19125'/>
		<mineralScore value='29382'/>
		<gasScore value='3008'/>
		<totalScore value='106590'/>
	</player>

	<enemy>
		<race value='Protoss'/>
		<unitScore value='14875'/>
		<unitScore value='14875'/>
		<killScore value='20900'/>
		<buildingScore value='6375'/>
		<razingScore value='0'/>
		<mineralScore value='16986'/>
		<gasScore value='5696'/>
		<totalScore value='64832'/>
	</enemy>

	<scoreRatio value='1.6441'/>
</results>
