<results>
	<result value='win'/>
	<start value='2015-04-15.05:46:31'/>
	<end value='2015-04-15.05:48:32'/>
	<frames value='43929'/>
	<gameDuration value='2745'/>

	<player>
		<unitScore value='28475'/>
		<killScore value='59200'/>
		<buildingScore value='4000'/>
		<razingScore value='20025'/>
		<mineralScore value='33206'/>
		<gasScore value='4946'/>
		<totalScore value='149852'/>
	</player>

	<enemy>
		<race value='Protoss'/>
		<unitScore value='30515'/>
		<unitScore value='30515'/>
		<killScore value='33350'/>
		<buildingScore value='6675'/>
		<razingScore value='300'/>
		<mineralScore value='27434'/>
		<gasScore value='10140'/>
		<totalScore value='108414'/>
	</enemy>

	<scoreRatio value='1.38222'/>
</results>
