<results>
	<result value='win'/>
	<start value='2015-04-11.10:16:56'/>
	<end value='2015-04-11.10:17:38'/>
	<frames value='26538'/>
	<gameDuration value='1658'/>

	<player>
		<unitScore value='14025'/>
		<killScore value='11500'/>
		<buildingScore value='3775'/>
		<razingScore value='10200'/>
		<mineralScore value='22946'/>
		<gasScore value='2688'/>
		<totalScore value='65134'/>
	</player>

	<enemy>
		<race value='Protoss'/>
		<unitScore value='5750'/>
		<unitScore value='5750'/>
		<killScore value='9600'/>
		<buildingScore value='3400'/>
		<razingScore value='300'/>
		<mineralScore value='10794'/>
		<gasScore value='1144'/>
		<totalScore value='30988'/>
	</enemy>

	<scoreRatio value='2.10191'/>
</results>
