<results>
	<result value='loss'/>
	<start value='2015-04-08.09:28:01'/>
	<end value='2015-04-08.09:28:31'/>
	<frames value='42596'/>
	<gameDuration value='2662'/>

	<player>
		<unitScore value='18100'/>
		<killScore value='26000'/>
		<buildingScore value='2925'/>
		<razingScore value='450'/>
		<mineralScore value='20558'/>
		<gasScore value='3216'/>
		<totalScore value='71249'/>
	</player>

	<enemy>
		<race value='Protoss'/>
		<unitScore value='30625'/>
		<unitScore value='30625'/>
		<killScore value='36200'/>
		<buildingScore value='7475'/>
		<razingScore value='8775'/>
		<mineralScore value='29842'/>
		<gasScore value='10344'/>
		<totalScore value='123261'/>
	</enemy>

	<scoreRatio value='0.578034'/>
</results>
