<results>
	<result value='draw'/>
	<start value='2015-05-03.04:10:12'/>
	<end value='2015-05-03.04:12:04'/>
	<frames value='57601'/>
	<gameDuration value='3600'/>

	<player>
		<unitScore value='22350'/>
		<killScore value='23500'/>
		<buildingScore value='4625'/>
		<razingScore value='22425'/>
		<mineralScore value='27942'/>
		<gasScore value='4824'/>
		<totalScore value='105666'/>
	</player>

	<enemy>
		<race value='Protoss'/>
		<unitScore value='12050'/>
		<unitScore value='12050'/>
		<killScore value='20950'/>
		<buildingScore value='7975'/>
		<razingScore value='1500'/>
		<mineralScore value='23122'/>
		<gasScore value='8734'/>
		<totalScore value='74331'/>
	</enemy>

	<scoreRatio value='1.42156'/>
	<timeFitness value='0.5'/>
	<unitsAverage value='133'/>
</results>
