<results>
	<result value='loss'/>
	<start value='2015-05-03.04:14:17'/>
	<end value='2015-05-03.04:14:29'/>
	<frames value='20803'/>
	<gameDuration value='1300'/>

	<player>
		<unitScore value='5550'/>
		<killScore value='2200'/>
		<buildingScore value='1700'/>
		<razingScore value='0'/>
		<mineralScore value='7082'/>
		<gasScore value='776'/>
		<totalScore value='17308'/>
	</player>

	<enemy>
		<race value='Protoss'/>
		<unitScore value='6025'/>
		<unitScore value='6025'/>
		<killScore value='11100'/>
		<buildingScore value='4525'/>
		<razingScore value='5100'/>
		<mineralScore value='11250'/>
		<gasScore value='3320'/>
		<totalScore value='41320'/>
	</enemy>

	<scoreRatio value='0.418877'/>
	<timeFitness value='0.180556'/>
	<unitsAverage value='29'/>
</results>
