<results>
	<result value='loss'/>
	<start value='2015-07-21.20:24:36'/>
	<end value='2015-07-21.20:26:12'/>
	<frames value='45169'/>
	<gameDuration value='2823'/>

	<player>
		<unitScore value='29250'/>
		<killScore value='35725'/>
		<buildingScore value='4150'/>
		<razingScore value='315'/>
		<mineralScore value='28314'/>
		<gasScore value='3904'/>
		<totalScore value='101658'/>
	</player>

	<enemy>
		<race value='Zerg'/>
		<unitScore value='33000'/>
		<killScore value='58400'/>
		<buildingScore value='4830'/>
		<razingScore value='12450'/>
		<mineralScore value='29754'/>
		<gasScore value='10430'/>
		<totalScore value='148864'/>
	</enemy>

	<scoreRatio value='0.682892'/>
	<timeFitness value='0.392083'/>
	<unitsAverage value='104'/>
</results>
