<results>
	<result value='win'/>
	<start value='2015-05-16.23:53:02'/>
	<end value='2015-05-16.23:53:37'/>
	<frames value='29483'/>
	<gameDuration value='1842'/>

	<player>
		<unitScore value='17625'/>
		<killScore value='29405'/>
		<buildingScore value='3675'/>
		<razingScore value='6495'/>
		<mineralScore value='28534'/>
		<gasScore value='2984'/>
		<totalScore value='88718'/>
	</player>

	<enemy>
		<race value='Zerg'/>
		<unitScore value='13525'/>
		<unitScore value='13525'/>
		<killScore value='13450'/>
		<buildingScore value='2165'/>
		<razingScore value='0'/>
		<mineralScore value='13174'/>
		<gasScore value='4640'/>
		<totalScore value='46954'/>
	</enemy>

	<scoreRatio value='1.88947'/>
	<timeFitness value='0.744167'/>
	<unitsAverage value='105'/>
</results>
