<results>
	<result value='loss'/>
	<start value='2015-04-12.09:13:34'/>
	<end value='2015-04-12.09:14:15'/>
	<frames value='36241'/>
	<gameDuration value='2265'/>

	<player>
		<unitScore value='10475'/>
		<killScore value='15500'/>
		<buildingScore value='2850'/>
		<razingScore value='0'/>
		<mineralScore value='13638'/>
		<gasScore value='2456'/>
		<totalScore value='44919'/>
	</player>

	<enemy>
		<race value='Protoss'/>
		<unitScore value='24300'/>
		<unitScore value='24300'/>
		<killScore value='20700'/>
		<buildingScore value='6925'/>
		<razingScore value='8550'/>
		<mineralScore value='24702'/>
		<gasScore value='9248'/>
		<totalScore value='94425'/>
	</enemy>

	<scoreRatio value='0.475711'/>
</results>
