<results>
	<result value='loss'/>
	<start value='2015-07-14.17:57:14'/>
	<end value='2015-07-14.17:58:01'/>
	<frames value='48951'/>
	<gameDuration value='3059'/>

	<player>
		<unitScore value='28600'/>
		<killScore value='22800'/>
		<buildingScore value='4400'/>
		<razingScore value='4200'/>
		<mineralScore value='34262'/>
		<gasScore value='5352'/>
		<totalScore value='99614'/>
	</player>

	<enemy>
		<race value='Protoss'/>
		<unitScore value='25275'/>
		<killScore value='57150'/>
		<buildingScore value='7375'/>
		<razingScore value='13200'/>
		<mineralScore value='25578'/>
		<gasScore value='9846'/>
		<totalScore value='138424'/>
	</enemy>

	<scoreRatio value='0.71963'/>
	<timeFitness value='0.424861'/>
	<unitsAverage value='71'/>
</results>
