<results>
	<result value='loss'/>
	<start value='2015-07-14.17:58:11'/>
	<end value='2015-07-14.17:58:23'/>
	<frames value='17858'/>
	<gameDuration value='1116'/>

	<player>
		<unitScore value='5400'/>
		<killScore value='800'/>
		<buildingScore value='1300'/>
		<razingScore value='0'/>
		<mineralScore value='6290'/>
		<gasScore value='944'/>
		<totalScore value='14734'/>
	</player>

	<enemy>
		<race value='Protoss'/>
		<unitScore value='3750'/>
		<killScore value='10800'/>
		<buildingScore value='4075'/>
		<razingScore value='3675'/>
		<mineralScore value='9450'/>
		<gasScore value='1584'/>
		<totalScore value='33334'/>
	</enemy>

	<scoreRatio value='0.442011'/>
	<timeFitness value='0.155'/>
	<unitsAverage value='25'/>
</results>
