<results>
	<result value='loss'/>
	<start value='2015-07-14.18:02:14'/>
	<end value='2015-07-14.18:03:04'/>
	<frames value='40643'/>
	<gameDuration value='2540'/>

	<player>
		<unitScore value='19650'/>
		<killScore value='12350'/>
		<buildingScore value='2100'/>
		<razingScore value='2550'/>
		<mineralScore value='21842'/>
		<gasScore value='3936'/>
		<totalScore value='62428'/>
	</player>

	<enemy>
		<race value='Protoss'/>
		<unitScore value='17525'/>
		<killScore value='39200'/>
		<buildingScore value='7775'/>
		<razingScore value='6300'/>
		<mineralScore value='29738'/>
		<gasScore value='7002'/>
		<totalScore value='107540'/>
	</enemy>

	<scoreRatio value='0.58051'/>
	<timeFitness value='0.352778'/>
	<unitsAverage value='64'/>
</results>
