<results>
	<result value='win'/>
	<start value='2015-05-08.03:53:20'/>
	<end value='2015-05-08.03:53:40'/>
	<frames value='22942'/>
	<gameDuration value='1433'/>

	<player>
		<unitScore value='11275'/>
		<killScore value='16900'/>
		<buildingScore value='3275'/>
		<razingScore value='4635'/>
		<mineralScore value='19046'/>
		<gasScore value='1496'/>
		<totalScore value='56627'/>
	</player>

	<enemy>
		<race value='Zerg'/>
		<unitScore value='8450'/>
		<unitScore value='8450'/>
		<killScore value='6600'/>
		<buildingScore value='1545'/>
		<razingScore value='0'/>
		<mineralScore value='8058'/>
		<gasScore value='2144'/>
		<totalScore value='26797'/>
	</enemy>

	<scoreRatio value='2.11318'/>
	<timeFitness value='0.800972'/>
	<unitsAverage value='70'/>
</results>
