<results>
	<result value='win'/>
	<start value='2015-05-08.04:02:18'/>
	<end value='2015-05-08.04:02:38'/>
	<frames value='22043'/>
	<gameDuration value='1377'/>

	<player>
		<unitScore value='12700'/>
		<killScore value='21460'/>
		<buildingScore value='3000'/>
		<razingScore value='3900'/>
		<mineralScore value='16858'/>
		<gasScore value='2208'/>
		<totalScore value='60126'/>
	</player>

	<enemy>
		<race value='Zerg'/>
		<unitScore value='9625'/>
		<unitScore value='9625'/>
		<killScore value='11350'/>
		<buildingScore value='1300'/>
		<razingScore value='0'/>
		<mineralScore value='8794'/>
		<gasScore value='2400'/>
		<totalScore value='33469'/>
	</enemy>

	<scoreRatio value='1.79647'/>
	<timeFitness value='0.80875'/>
	<unitsAverage value='68'/>
</results>
