<results>
	<result value='win'/>
	<start value='2015-05-08.04:03:14'/>
	<end value='2015-05-08.04:03:37'/>
	<frames value='23872'/>
	<gameDuration value='1492'/>

	<player>
		<unitScore value='12400'/>
		<killScore value='22760'/>
		<buildingScore value='3825'/>
		<razingScore value='5460'/>
		<mineralScore value='19550'/>
		<gasScore value='2576'/>
		<totalScore value='66571'/>
	</player>

	<enemy>
		<race value='Zerg'/>
		<unitScore value='9875'/>
		<unitScore value='9875'/>
		<killScore value='8500'/>
		<buildingScore value='1820'/>
		<razingScore value='0'/>
		<mineralScore value='9490'/>
		<gasScore value='2640'/>
		<totalScore value='32325'/>
	</enemy>

	<scoreRatio value='2.05943'/>
	<timeFitness value='0.792778'/>
	<unitsAverage value='76'/>
</results>
