<results>
	<result value='win'/>
	<start value='2015-05-08.04:06:04'/>
	<end value='2015-05-08.04:06:40'/>
	<frames value='29824'/>
	<gameDuration value='1864'/>

	<player>
		<unitScore value='18550'/>
		<killScore value='21330'/>
		<buildingScore value='4350'/>
		<razingScore value='8355'/>
		<mineralScore value='27442'/>
		<gasScore value='2576'/>
		<totalScore value='82603'/>
	</player>

	<enemy>
		<race value='Zerg'/>
		<unitScore value='10175'/>
		<unitScore value='10175'/>
		<killScore value='14200'/>
		<buildingScore value='2785'/>
		<razingScore value='0'/>
		<mineralScore value='11722'/>
		<gasScore value='3952'/>
		<totalScore value='42834'/>
	</enemy>

	<scoreRatio value='1.92844'/>
	<timeFitness value='0.741111'/>
	<unitsAverage value='100'/>
</results>
