<results>
	<result value='win'/>
	<start value='2015-05-08.04:24:58'/>
	<end value='2015-05-08.04:25:35'/>
	<frames value='29328'/>
	<gameDuration value='1833'/>

	<player>
		<unitScore value='21000'/>
		<killScore value='24640'/>
		<buildingScore value='4950'/>
		<razingScore value='5655'/>
		<mineralScore value='32514'/>
		<gasScore value='2808'/>
		<totalScore value='91567'/>
	</player>

	<enemy>
		<race value='Zerg'/>
		<unitScore value='12350'/>
		<unitScore value='12350'/>
		<killScore value='18400'/>
		<buildingScore value='1885'/>
		<razingScore value='0'/>
		<mineralScore value='11546'/>
		<gasScore value='3872'/>
		<totalScore value='48053'/>
	</enemy>

	<scoreRatio value='1.90554'/>
	<timeFitness value='0.745417'/>
	<unitsAverage value='108'/>
</results>
