<results>
	<result value='win'/>
	<start value='2015-04-26.17:20:07'/>
	<end value='2015-04-26.17:21:12'/>
	<frames value='40302'/>
	<gameDuration value='2518'/>

	<player>
		<unitScore value='27650'/>
		<killScore value='30000'/>
		<buildingScore value='5700'/>
		<razingScore value='10275'/>
		<mineralScore value='35554'/>
		<gasScore value='3504'/>
		<totalScore value='112683'/>
	</player>

	<enemy>
		<race value='Terran'/>
		<unitScore value='15000'/>
		<unitScore value='15000'/>
		<killScore value='30950'/>
		<buildingScore value='3425'/>
		<razingScore value='3150'/>
		<mineralScore value='12714'/>
		<gasScore value='5816'/>
		<totalScore value='71055'/>
	</enemy>

	<scoreRatio value='1.58586'/>
</results>
