<results>
	<result value='draw'/>
	<start value='2015-04-28.08:23:06'/>
	<end value='2015-04-28.08:24:23'/>
	<frames value='57601'/>
	<gameDuration value='3600'/>

	<player>
		<unitScore value='28875'/>
		<killScore value='38700'/>
		<buildingScore value='3275'/>
		<razingScore value='225'/>
		<mineralScore value='30498'/>
		<gasScore value='3960'/>
		<totalScore value='105533'/>
	</player>

	<enemy>
		<race value='Terran'/>
		<unitScore value='31625'/>
		<unitScore value='31625'/>
		<killScore value='48250'/>
		<buildingScore value='4700'/>
		<razingScore value='3375'/>
		<mineralScore value='31550'/>
		<gasScore value='12458'/>
		<totalScore value='131958'/>
	</enemy>

	<scoreRatio value='0.799747'/>
</results>
