<results>
	<result value='loss'/>
	<start value='2015-04-07.22:37:54'/>
	<end value='2015-04-07.22:38:01'/>
	<frames value='14727'/>
	<gameDuration value='920'/>

	<player>
		<unitScore value='2625'/>
		<killScore value='400'/>
		<buildingScore value='1275'/>
		<razingScore value='0'/>
		<mineralScore value='4242'/>
		<gasScore value='824'/>
		<totalScore value='9366'/>
	</player>

	<enemy>
		<race value='Protoss'/>
		<unitScore value='3550'/>
		<unitScore value='3550'/>
		<killScore value='5250'/>
		<buildingScore value='2675'/>
		<razingScore value='3825'/>
		<mineralScore value='7818'/>
		<gasScore value='1320'/>
		<totalScore value='24438'/>
	</enemy>

	<scoreRatio value='0.383256'/>
</results>
