<results>
	<result value='loss'/>
	<start value='2015-04-07.22:38:05'/>
	<end value='2015-04-07.22:38:13'/>
	<frames value='15905'/>
	<gameDuration value='994'/>

	<player>
		<unitScore value='3500'/>
		<killScore value='600'/>
		<buildingScore value='1725'/>
		<razingScore value='0'/>
		<mineralScore value='5434'/>
		<gasScore value='688'/>
		<totalScore value='11947'/>
	</player>

	<enemy>
		<race value='Protoss'/>
		<unitScore value='3550'/>
		<unitScore value='3550'/>
		<killScore value='7000'/>
		<buildingScore value='3125'/>
		<razingScore value='5175'/>
		<mineralScore value='8202'/>
		<gasScore value='1552'/>
		<totalScore value='28604'/>
	</enemy>

	<scoreRatio value='0.417669'/>
</results>
