<results>
	<result value='loss'/>
	<start value='2015-05-09.23:42:56'/>
	<end value='2015-05-09.23:43:35'/>
	<frames value='43588'/>
	<gameDuration value='2724'/>

	<player>
		<unitScore value='19625'/>
		<killScore value='19450'/>
		<buildingScore value='2375'/>
		<razingScore value='3150'/>
		<mineralScore value='19506'/>
		<gasScore value='3840'/>
		<totalScore value='67946'/>
	</player>

	<enemy>
		<race value='Protoss'/>
		<unitScore value='27800'/>
		<unitScore value='27800'/>
		<killScore value='39250'/>
		<buildingScore value='8275'/>
		<razingScore value='7125'/>
		<mineralScore value='29690'/>
		<gasScore value='10908'/>
		<totalScore value='123048'/>
	</enemy>

	<scoreRatio value='0.552191'/>
	<timeFitness value='0.378333'/>
	<unitsAverage value='77'/>
</results>
