<results>
	<result value='loss'/>
	<start value='2015-05-09.23:36:33'/>
	<end value='2015-05-09.23:36:41'/>
	<frames value='16556'/>
	<gameDuration value='1034'/>

	<player>
		<unitScore value='4900'/>
		<killScore value='400'/>
		<buildingScore value='1550'/>
		<razingScore value='0'/>
		<mineralScore value='5898'/>
		<gasScore value='968'/>
		<totalScore value='13716'/>
	</player>

	<enemy>
		<race value='Protoss'/>
		<unitScore value='3925'/>
		<unitScore value='3925'/>
		<killScore value='9800'/>
		<buildingScore value='3325'/>
		<razingScore value='4650'/>
		<mineralScore value='8434'/>
		<gasScore value='1888'/>
		<totalScore value='32022'/>
	</enemy>

	<scoreRatio value='0.428331'/>
	<timeFitness value='0.143611'/>
	<unitsAverage value='28'/>
</results>
