<results>
	<result value='win'/>
	<start value='2015-04-11.08:40:08'/>
	<end value='2015-04-11.08:40:33'/>
	<frames value='19098'/>
	<gameDuration value='1193'/>

	<player>
		<unitScore value='9700'/>
		<killScore value='2900'/>
		<buildingScore value='3075'/>
		<razingScore value='5475'/>
		<mineralScore value='13514'/>
		<gasScore value='1016'/>
		<totalScore value='35680'/>
	</player>

	<enemy>
		<race value='Protoss'/>
		<unitScore value='1450'/>
		<unitScore value='1450'/>
		<killScore value='3000'/>
		<buildingScore value='1825'/>
		<razingScore value='0'/>
		<mineralScore value='8450'/>
		<gasScore value='0'/>
		<totalScore value='14725'/>
	</enemy>

	<scoreRatio value='2.42309'/>
</results>
