<results>
	<result value='win'/>
	<start value='2015-05-08.18:11:33'/>
	<end value='2015-05-08.18:11:53'/>
	<frames value='25980'/>
	<gameDuration value='1623'/>

	<player>
		<unitScore value='12275'/>
		<killScore value='21950'/>
		<buildingScore value='2900'/>
		<razingScore value='6900'/>
		<mineralScore value='15918'/>
		<gasScore value='1944'/>
		<totalScore value='61887'/>
	</player>

	<enemy>
		<race value='Terran'/>
		<unitScore value='12175'/>
		<unitScore value='12175'/>
		<killScore value='11300'/>
		<buildingScore value='2400'/>
		<razingScore value='450'/>
		<mineralScore value='11642'/>
		<gasScore value='4352'/>
		<totalScore value='42319'/>
	</enemy>

	<scoreRatio value='1.46239'/>
	<timeFitness value='0.774583'/>
	<unitsAverage value='67'/>
</results>
