<results>
	<result value='loss'/>
	<start value='2015-05-03.16:59:35'/>
	<end value='2015-05-03.16:59:52'/>
	<frames value='26941'/>
	<gameDuration value='1683'/>

	<player>
		<unitScore value='10275'/>
		<killScore value='4350'/>
		<buildingScore value='3225'/>
		<razingScore value='0'/>
		<mineralScore value='12210'/>
		<gasScore value='1448'/>
		<totalScore value='31508'/>
	</player>

	<enemy>
		<race value='Terran'/>
		<unitScore value='12375'/>
		<unitScore value='12375'/>
		<killScore value='20550'/>
		<buildingScore value='4525'/>
		<razingScore value='9675'/>
		<mineralScore value='13482'/>
		<gasScore value='6728'/>
		<totalScore value='67335'/>
	</enemy>

	<scoreRatio value='0.467929'/>
	<timeFitness value='0.23375'/>
	<unitsAverage value='39'/>
</results>
