<results>
	<result value='draw'/>
	<start value='2015-04-13.05:06:32'/>
	<end value='2015-04-13.05:08:30'/>
	<frames value='57601'/>
	<gameDuration value='3600'/>

	<player>
		<unitScore value='29550'/>
		<killScore value='56950'/>
		<buildingScore value='3150'/>
		<razingScore value='11400'/>
		<mineralScore value='31638'/>
		<gasScore value='8408'/>
		<totalScore value='141096'/>
	</player>

	<enemy>
		<race value='Protoss'/>
		<unitScore value='32900'/>
		<unitScore value='32900'/>
		<killScore value='50400'/>
		<buildingScore value='7850'/>
		<razingScore value='0'/>
		<mineralScore value='31354'/>
		<gasScore value='10168'/>
		<totalScore value='132672'/>
	</enemy>

	<scoreRatio value='1.06349'/>
</results>
