<results>
	<result value='win'/>
	<start value='2015-04-13.05:21:01'/>
	<end value='2015-04-13.05:22:14'/>
	<frames value='32955'/>
	<gameDuration value='2059'/>

	<player>
		<unitScore value='21475'/>
		<killScore value='26100'/>
		<buildingScore value='4900'/>
		<razingScore value='15525'/>
		<mineralScore value='35146'/>
		<gasScore value='2664'/>
		<totalScore value='105810'/>
	</player>

	<enemy>
		<race value='Protoss'/>
		<unitScore value='15025'/>
		<unitScore value='15025'/>
		<killScore value='19550'/>
		<buildingScore value='5175'/>
		<razingScore value='600'/>
		<mineralScore value='14034'/>
		<gasScore value='4736'/>
		<totalScore value='59120'/>
	</enemy>

	<scoreRatio value='1.78975'/>
</results>
