<results>
	<result value='loss'/>
	<start value='2015-04-13.05:24:59'/>
	<end value='2015-04-13.05:25:59'/>
	<frames value='42627'/>
	<gameDuration value='2664'/>

	<player>
		<unitScore value='17700'/>
		<killScore value='24950'/>
		<buildingScore value='2275'/>
		<razingScore value='900'/>
		<mineralScore value='19526'/>
		<gasScore value='4680'/>
		<totalScore value='70031'/>
	</player>

	<enemy>
		<race value='Protoss'/>
		<unitScore value='29425'/>
		<unitScore value='29425'/>
		<killScore value='35500'/>
		<buildingScore value='8525'/>
		<razingScore value='6825'/>
		<mineralScore value='31534'/>
		<gasScore value='10298'/>
		<totalScore value='122107'/>
	</enemy>

	<scoreRatio value='0.573522'/>
</results>
