<results>
	<result value='loss'/>
	<start value='2014-07-04.14:02:10'/>
	<end value='2014-07-04.14:02:19'/>
	<frames value='18974'/>
	<gameDuration value='1185'/>

	<player>
		<unitScore value='4100'/>
		<killScore value='4400'/>
		<buildingScore value='1875'/>
		<razingScore value='0'/>
		<mineralScore value='6018'/>
		<gasScore value='656'/>
		<totalScore value='17049'/>
	</player>

	<enemy>
		<race value='Terran'/>
		<unitScore value='7150'/>
		<unitScore value='7150'/>
		<killScore value='8200'/>
		<buildingScore value='2850'/>
		<razingScore value='5625'/>
		<mineralScore value='8778'/>
		<gasScore value='3208'/>
		<totalScore value='35811'/>
	</enemy>

	<scoreRatio value='0.476083'/>
</results>
