<results>
	<result value='win'/>
	<start value='2014-07-04.14:02:35'/>
	<end value='2014-07-04.14:02:53'/>
	<frames value='26910'/>
	<gameDuration value='1681'/>

	<player>
		<unitScore value='11100'/>
		<killScore value='15300'/>
		<buildingScore value='2575'/>
		<razingScore value='5850'/>
		<mineralScore value='14602'/>
		<gasScore value='3120'/>
		<totalScore value='52547'/>
	</player>

	<enemy>
		<race value='Terran'/>
		<unitScore value='7650'/>
		<unitScore value='7650'/>
		<killScore value='11050'/>
		<buildingScore value='1950'/>
		<razingScore value='1500'/>
		<mineralScore value='8538'/>
		<gasScore value='2368'/>
		<totalScore value='33056'/>
	</enemy>

	<scoreRatio value='1.58964'/>
</results>
