<results>
	<result value='loss'/>
	<start value='2014-07-04.14:05:41'/>
	<end value='2014-07-04.14:05:49'/>
	<frames value='17176'/>
	<gameDuration value='1073'/>

	<player>
		<unitScore value='3275'/>
		<killScore value='1550'/>
		<buildingScore value='1550'/>
		<razingScore value='0'/>
		<mineralScore value='4698'/>
		<gasScore value='776'/>
		<totalScore value='11849'/>
	</player>

	<enemy>
		<race value='Terran'/>
		<unitScore value='6075'/>
		<unitScore value='6075'/>
		<killScore value='6550'/>
		<buildingScore value='2650'/>
		<razingScore value='4650'/>
		<mineralScore value='7914'/>
		<gasScore value='2448'/>
		<totalScore value='30287'/>
	</enemy>

	<scoreRatio value='0.391224'/>
</results>
