<results>
	<result value='loss'/>
	<start value='2015-05-09.23:32:47'/>
	<end value='2015-05-09.23:32:58'/>
	<frames value='15905'/>
	<gameDuration value='994'/>

	<player>
		<unitScore value='3050'/>
		<killScore value='400'/>
		<buildingScore value='1200'/>
		<razingScore value='0'/>
		<mineralScore value='4682'/>
		<gasScore value='0'/>
		<totalScore value='9332'/>
	</player>

	<enemy>
		<race value='Protoss'/>
		<unitScore value='5025'/>
		<unitScore value='5025'/>
		<killScore value='6100'/>
		<buildingScore value='2975'/>
		<razingScore value='3600'/>
		<mineralScore value='7914'/>
		<gasScore value='2136'/>
		<totalScore value='27750'/>
	</enemy>

	<scoreRatio value='0.336288'/>
	<timeFitness value='0.138056'/>
	<unitsAverage value='18'/>
</results>
