<results>
	<result value='loss'/>
	<start value='2015-05-09.23:36:56'/>
	<end value='2015-05-09.23:37:47'/>
	<frames value='38163'/>
	<gameDuration value='2385'/>

	<player>
		<unitScore value='14300'/>
		<killScore value='12200'/>
		<buildingScore value='2750'/>
		<razingScore value='0'/>
		<mineralScore value='19622'/>
		<gasScore value='2488'/>
		<totalScore value='51360'/>
	</player>

	<enemy>
		<race value='Protoss'/>
		<unitScore value='25425'/>
		<unitScore value='25425'/>
		<killScore value='28950'/>
		<buildingScore value='7675'/>
		<razingScore value='8250'/>
		<mineralScore value='26830'/>
		<gasScore value='9702'/>
		<totalScore value='106832'/>
	</enemy>

	<scoreRatio value='0.480755'/>
	<timeFitness value='0.33125'/>
	<unitsAverage value='68'/>
</results>
