<results>
	<result value='loss'/>
	<start value='2015-05-09.23:43:58'/>
	<end value='2015-05-09.23:44:17'/>
	<frames value='26817'/>
	<gameDuration value='1676'/>

	<player>
		<unitScore value='5575'/>
		<killScore value='2900'/>
		<buildingScore value='1750'/>
		<razingScore value='0'/>
		<mineralScore value='7362'/>
		<gasScore value='1160'/>
		<totalScore value='18747'/>
	</player>

	<enemy>
		<race value='Protoss'/>
		<unitScore value='10825'/>
		<unitScore value='10825'/>
		<killScore value='11150'/>
		<buildingScore value='6525'/>
		<razingScore value='5250'/>
		<mineralScore value='15874'/>
		<gasScore value='5424'/>
		<totalScore value='55048'/>
	</enemy>

	<scoreRatio value='0.340557'/>
	<timeFitness value='0.232778'/>
	<unitsAverage value='27'/>
</results>
