<results>
	<result value='draw'/>
	<start value='2015-05-09.23:53:29'/>
	<end value='2015-05-09.23:55:18'/>
	<frames value='57601'/>
	<gameDuration value='3600'/>

	<player>
		<unitScore value='27225'/>
		<killScore value='32200'/>
		<buildingScore value='3525'/>
		<razingScore value='600'/>
		<mineralScore value='39014'/>
		<gasScore value='14262'/>
		<totalScore value='116826'/>
	</player>

	<enemy>
		<race value='Protoss'/>
		<unitScore value='21400'/>
		<unitScore value='21400'/>
		<killScore value='41050'/>
		<buildingScore value='5225'/>
		<razingScore value='750'/>
		<mineralScore value='24050'/>
		<gasScore value='6324'/>
		<totalScore value='98799'/>
	</enemy>

	<scoreRatio value='1.18246'/>
	<timeFitness value='0.5'/>
	<unitsAverage value='129'/>
</results>
