<results>
	<result value='win'/>
	<start value='2015-04-26.15:53:29'/>
	<end value='2015-04-26.15:53:53'/>
	<frames value='30289'/>
	<gameDuration value='1893'/>

	<player>
		<unitScore value='13025'/>
		<killScore value='24050'/>
		<buildingScore value='4150'/>
		<razingScore value='8550'/>
		<mineralScore value='22826'/>
		<gasScore value='3048'/>
		<totalScore value='75649'/>
	</player>

	<enemy>
		<race value='Terran'/>
		<unitScore value='12025'/>
		<unitScore value='12025'/>
		<killScore value='10550'/>
		<buildingScore value='2850'/>
		<razingScore value='3675'/>
		<mineralScore value='12050'/>
		<gasScore value='4824'/>
		<totalScore value='45974'/>
	</enemy>

	<scoreRatio value='1.64547'/>
</results>
