<results>
	<result value='loss'/>
	<start value='2015-07-20.16:22:26'/>
	<end value='2015-07-20.16:23:13'/>
	<frames value='26848'/>
	<gameDuration value='1678'/>

	<player>
		<unitScore value='9875'/>
		<killScore value='7200'/>
		<buildingScore value='2700'/>
		<razingScore value='0'/>
		<mineralScore value='12714'/>
		<gasScore value='2144'/>
		<totalScore value='34633'/>
	</player>

	<enemy>
		<race value='Zerg'/>
		<unitScore value='15025'/>
		<killScore value='17050'/>
		<buildingScore value='3345'/>
		<razingScore value='8100'/>
		<mineralScore value='15950'/>
		<gasScore value='5184'/>
		<totalScore value='64654'/>
	</enemy>

	<scoreRatio value='0.535667'/>
	<timeFitness value='0.233056'/>
	<unitsAverage value='55'/>
</results>
