<results>
	<result value='loss'/>
	<start value='2015-07-20.16:30:14'/>
	<end value='2015-07-20.16:31:33'/>
	<frames value='32273'/>
	<gameDuration value='2017'/>

	<player>
		<unitScore value='18600'/>
		<killScore value='12000'/>
		<buildingScore value='4450'/>
		<razingScore value='0'/>
		<mineralScore value='21514'/>
		<gasScore value='2632'/>
		<totalScore value='59196'/>
	</player>

	<enemy>
		<race value='Zerg'/>
		<unitScore value='18525'/>
		<killScore value='37200'/>
		<buildingScore value='3985'/>
		<razingScore value='13350'/>
		<mineralScore value='19506'/>
		<gasScore value='6952'/>
		<totalScore value='99518'/>
	</enemy>

	<scoreRatio value='0.594827'/>
	<timeFitness value='0.280139'/>
	<unitsAverage value='59'/>
</results>
