<results>
	<result value='win'/>
	<start value='2015-05-02.12:11:49'/>
	<end value='2015-05-02.12:12:29'/>
	<frames value='29638'/>
	<gameDuration value='1852'/>

	<player>
		<unitScore value='19775'/>
		<killScore value='28235'/>
		<buildingScore value='4925'/>
		<razingScore value='4755'/>
		<mineralScore value='31450'/>
		<gasScore value='3008'/>
		<totalScore value='92148'/>
	</player>

	<enemy>
		<race value='Zerg'/>
		<unitScore value='13075'/>
		<unitScore value='13075'/>
		<killScore value='17800'/>
		<buildingScore value='1585'/>
		<razingScore value='0'/>
		<mineralScore value='11698'/>
		<gasScore value='3192'/>
		<totalScore value='47350'/>
	</enemy>

	<scoreRatio value='1.9461'/>
	<timeFitness value='0.742778'/>
	<unitsAverage value='108'/>
</results>
