<results>
	<result value='loss'/>
	<start value='2015-05-10.13:53:57'/>
	<end value='2015-05-10.13:54:06'/>
	<frames value='17920'/>
	<gameDuration value='1120'/>

	<player>
		<unitScore value='3025'/>
		<killScore value='1200'/>
		<buildingScore value='1875'/>
		<razingScore value='0'/>
		<mineralScore value='4978'/>
		<gasScore value='640'/>
		<totalScore value='11718'/>
	</player>

	<enemy>
		<race value='Protoss'/>
		<unitScore value='3850'/>
		<unitScore value='3850'/>
		<killScore value='6050'/>
		<buildingScore value='4325'/>
		<razingScore value='5625'/>
		<mineralScore value='9698'/>
		<gasScore value='1904'/>
		<totalScore value='31452'/>
	</enemy>

	<scoreRatio value='0.372568'/>
	<timeFitness value='0.155556'/>
	<unitsAverage value='21'/>
</results>
