<results>
	<result value='loss'/>
	<start value='2015-05-10.13:56:58'/>
	<end value='2015-05-10.13:57:07'/>
	<frames value='17517'/>
	<gameDuration value='1094'/>

	<player>
		<unitScore value='2975'/>
		<killScore value='1600'/>
		<buildingScore value='1925'/>
		<razingScore value='0'/>
		<mineralScore value='5050'/>
		<gasScore value='648'/>
		<totalScore value='12198'/>
	</player>

	<enemy>
		<race value='Protoss'/>
		<unitScore value='3750'/>
		<unitScore value='3750'/>
		<killScore value='4700'/>
		<buildingScore value='4125'/>
		<razingScore value='5775'/>
		<mineralScore value='9202'/>
		<gasScore value='1968'/>
		<totalScore value='29520'/>
	</enemy>

	<scoreRatio value='0.413211'/>
	<timeFitness value='0.151944'/>
	<unitsAverage value='27'/>
</results>
