<results>
	<result value='loss'/>
	<start value='2015-05-10.13:58:28'/>
	<end value='2015-05-10.13:58:36'/>
	<frames value='16153'/>
	<gameDuration value='1009'/>

	<player>
		<unitScore value='3100'/>
		<killScore value='1000'/>
		<buildingScore value='1925'/>
		<razingScore value='0'/>
		<mineralScore value='5186'/>
		<gasScore value='616'/>
		<totalScore value='11827'/>
	</player>

	<enemy>
		<race value='Protoss'/>
		<unitScore value='3550'/>
		<unitScore value='3550'/>
		<killScore value='6100'/>
		<buildingScore value='3775'/>
		<razingScore value='5775'/>
		<mineralScore value='8330'/>
		<gasScore value='1496'/>
		<totalScore value='29026'/>
	</enemy>

	<scoreRatio value='0.407462'/>
	<timeFitness value='0.140139'/>
	<unitsAverage value='23'/>
</results>
