<results>
	<result value='draw'/>
	<start value='2014-07-22.15:08:06'/>
	<end value='2014-07-22.15:09:07'/>
	<frames value='57601'/>
	<gameDuration value='3600'/>

	<player>
		<unitScore value='27975'/>
		<killScore value='40780'/>
		<buildingScore value='3700'/>
		<razingScore value='4440'/>
		<mineralScore value='31222'/>
		<gasScore value='3632'/>
		<totalScore value='111749'/>
	</player>

	<enemy>
		<race value='Zerg'/>
		<unitScore value='22400'/>
		<unitScore value='22400'/>
		<killScore value='41900'/>
		<buildingScore value='4310'/>
		<razingScore value='2025'/>
		<mineralScore value='28770'/>
		<gasScore value='6504'/>
		<totalScore value='105909'/>
	</enemy>

	<scoreRatio value='1.05514'/>
</results>
