<results>
	<result value='loss'/>
	<start value='2014-07-22.15:25:59'/>
	<end value='2014-07-22.15:26:23'/>
	<frames value='28925'/>
	<gameDuration value='1807'/>

	<player>
		<unitScore value='9650'/>
		<killScore value='8200'/>
		<buildingScore value='3350'/>
		<razingScore value='0'/>
		<mineralScore value='13478'/>
		<gasScore value='1888'/>
		<totalScore value='36566'/>
	</player>

	<enemy>
		<race value='Zerg'/>
		<unitScore value='18000'/>
		<unitScore value='18000'/>
		<killScore value='19300'/>
		<buildingScore value='3410'/>
		<razingScore value='10050'/>
		<mineralScore value='17902'/>
		<gasScore value='6416'/>
		<totalScore value='75078'/>
	</enemy>

	<scoreRatio value='0.48704'/>
</results>
