<results>
	<result value='win'/>
	<start value='2014-07-22.15:27:26'/>
	<end value='2014-07-22.15:28:18'/>
	<frames value='36923'/>
	<gameDuration value='2307'/>

	<player>
		<unitScore value='20825'/>
		<killScore value='45110'/>
		<buildingScore value='3850'/>
		<razingScore value='8235'/>
		<mineralScore value='39902'/>
		<gasScore value='3360'/>
		<totalScore value='121282'/>
	</player>

	<enemy>
		<race value='Zerg'/>
		<unitScore value='19825'/>
		<unitScore value='19825'/>
		<killScore value='15750'/>
		<buildingScore value='2745'/>
		<razingScore value='0'/>
		<mineralScore value='17994'/>
		<gasScore value='5130'/>
		<totalScore value='61444'/>
	</enemy>

	<scoreRatio value='1.97386'/>
</results>
