<results>
	<result value='win'/>
	<start value='2014-07-22.16:02:50'/>
	<end value='2014-07-22.16:04:03'/>
	<frames value='44642'/>
	<gameDuration value='2790'/>

	<player>
		<unitScore value='27375'/>
		<killScore value='47780'/>
		<buildingScore value='5150'/>
		<razingScore value='11760'/>
		<mineralScore value='32750'/>
		<gasScore value='5626'/>
		<totalScore value='130441'/>
	</player>

	<enemy>
		<race value='Zerg'/>
		<unitScore value='21900'/>
		<unitScore value='21900'/>
		<killScore value='26450'/>
		<buildingScore value='3920'/>
		<razingScore value='1950'/>
		<mineralScore value='21722'/>
		<gasScore value='6312'/>
		<totalScore value='82254'/>
	</enemy>

	<scoreRatio value='1.58583'/>
</results>
