<results>
	<result value='win'/>
	<start value='2014-07-22.16:07:36'/>
	<end value='2014-07-22.16:07:57'/>
	<frames value='22508'/>
	<gameDuration value='1406'/>

	<player>
		<unitScore value='13025'/>
		<killScore value='20570'/>
		<buildingScore value='3525'/>
		<razingScore value='4680'/>
		<mineralScore value='17722'/>
		<gasScore value='2224'/>
		<totalScore value='61746'/>
	</player>

	<enemy>
		<race value='Zerg'/>
		<unitScore value='8950'/>
		<unitScore value='8950'/>
		<killScore value='8500'/>
		<buildingScore value='1560'/>
		<razingScore value='1350'/>
		<mineralScore value='8986'/>
		<gasScore value='2488'/>
		<totalScore value='31834'/>
	</enemy>

	<scoreRatio value='1.93962'/>
</results>
