<results>
	<result value='win'/>
	<start value='2014-07-22.16:41:00'/>
	<end value='2014-07-22.16:42:20'/>
	<frames value='46564'/>
	<gameDuration value='2910'/>

	<player>
		<unitScore value='32650'/>
		<killScore value='50700'/>
		<buildingScore value='4350'/>
		<razingScore value='10830'/>
		<mineralScore value='34542'/>
		<gasScore value='4520'/>
		<totalScore value='137592'/>
	</player>

	<enemy>
		<race value='Zerg'/>
		<unitScore value='23950'/>
		<unitScore value='23950'/>
		<killScore value='40750'/>
		<buildingScore value='3610'/>
		<razingScore value='225'/>
		<mineralScore value='20986'/>
		<gasScore value='7054'/>
		<totalScore value='96575'/>
	</enemy>

	<scoreRatio value='1.42472'/>
</results>
