<results>
	<result value='win'/>
	<start value='2015-04-30.08:33:48'/>
	<end value='2015-04-30.08:34:09'/>
	<frames value='26352'/>
	<gameDuration value='1647'/>

	<player>
		<unitScore value='12375'/>
		<killScore value='21700'/>
		<buildingScore value='3925'/>
		<razingScore value='8400'/>
		<mineralScore value='17734'/>
		<gasScore value='1824'/>
		<totalScore value='65958'/>
	</player>

	<enemy>
		<race value='Terran'/>
		<unitScore value='11250'/>
		<unitScore value='11250'/>
		<killScore value='7050'/>
		<buildingScore value='2800'/>
		<razingScore value='1950'/>
		<mineralScore value='11546'/>
		<gasScore value='5056'/>
		<totalScore value='39652'/>
	</enemy>

	<scoreRatio value='1.66342'/>
</results>
