<results>
	<result value='loss'/>
	<start value='2015-04-30.09:08:00'/>
	<end value='2015-04-30.09:08:06'/>
	<frames value='13053'/>
	<gameDuration value='815'/>

	<player>
		<unitScore value='1500'/>
		<killScore value='300'/>
		<buildingScore value='925'/>
		<razingScore value='0'/>
		<mineralScore value='2626'/>
		<gasScore value='608'/>
		<totalScore value='5959'/>
	</player>

	<enemy>
		<race value='Terran'/>
		<unitScore value='3800'/>
		<unitScore value='3800'/>
		<killScore value='3000'/>
		<buildingScore value='1450'/>
		<razingScore value='2775'/>
		<mineralScore value='5978'/>
		<gasScore value='1672'/>
		<totalScore value='18675'/>
	</enemy>

	<scoreRatio value='0.31909'/>
</results>
