<results>
	<result value='loss'/>
	<start value='2015-04-30.09:08:09'/>
	<end value='2015-04-30.09:08:15'/>
	<frames value='14045'/>
	<gameDuration value='877'/>

	<player>
		<unitScore value='1100'/>
		<killScore value='200'/>
		<buildingScore value='925'/>
		<razingScore value='0'/>
		<mineralScore value='2970'/>
		<gasScore value='472'/>
		<totalScore value='5667'/>
	</player>

	<enemy>
		<race value='Terran'/>
		<unitScore value='4000'/>
		<unitScore value='4000'/>
		<killScore value='2200'/>
		<buildingScore value='1450'/>
		<razingScore value='2775'/>
		<mineralScore value='6346'/>
		<gasScore value='2072'/>
		<totalScore value='18843'/>
	</enemy>

	<scoreRatio value='0.300748'/>
</results>
