<results>
	<result value='win'/>
	<start value='2015-04-30.09:14:30'/>
	<end value='2015-04-30.09:14:56'/>
	<frames value='27964'/>
	<gameDuration value='1747'/>

	<player>
		<unitScore value='12750'/>
		<killScore value='22000'/>
		<buildingScore value='3875'/>
		<razingScore value='9225'/>
		<mineralScore value='23138'/>
		<gasScore value='1888'/>
		<totalScore value='72876'/>
	</player>

	<enemy>
		<race value='Terran'/>
		<unitScore value='14500'/>
		<unitScore value='14500'/>
		<killScore value='7100'/>
		<buildingScore value='3075'/>
		<razingScore value='1500'/>
		<mineralScore value='12562'/>
		<gasScore value='5832'/>
		<totalScore value='44569'/>
	</enemy>

	<scoreRatio value='1.63513'/>
</results>
