<results>
	<result value='loss'/>
	<start value='2015-04-30.09:19:44'/>
	<end value='2015-04-30.09:19:56'/>
	<frames value='20245'/>
	<gameDuration value='1265'/>

	<player>
		<unitScore value='5200'/>
		<killScore value='8150'/>
		<buildingScore value='2000'/>
		<razingScore value='1425'/>
		<mineralScore value='6882'/>
		<gasScore value='976'/>
		<totalScore value='24633'/>
	</player>

	<enemy>
		<race value='Terran'/>
		<unitScore value='7775'/>
		<unitScore value='7775'/>
		<killScore value='9000'/>
		<buildingScore value='2750'/>
		<razingScore value='6000'/>
		<mineralScore value='8586'/>
		<gasScore value='3104'/>
		<totalScore value='37215'/>
	</enemy>

	<scoreRatio value='0.661911'/>
</results>
