<results>
	<result value='win'/>
	<start value='2015-04-30.09:39:17'/>
	<end value='2015-04-30.09:39:47'/>
	<frames value='28553'/>
	<gameDuration value='1784'/>

	<player>
		<unitScore value='17200'/>
		<killScore value='28950'/>
		<buildingScore value='3150'/>
		<razingScore value='9675'/>
		<mineralScore value='24770'/>
		<gasScore value='2256'/>
		<totalScore value='86001'/>
	</player>

	<enemy>
		<race value='Terran'/>
		<unitScore value='15450'/>
		<unitScore value='15450'/>
		<killScore value='12350'/>
		<buildingScore value='3225'/>
		<razingScore value='1500'/>
		<mineralScore value='12794'/>
		<gasScore value='5952'/>
		<totalScore value='51271'/>
	</enemy>

	<scoreRatio value='1.67738'/>
</results>
