<results>
	<result value='loss'/>
	<start value='2014-07-01.12:58:51'/>
	<end value='2014-07-01.12:58:58'/>
	<frames value='16897'/>
	<gameDuration value='1056'/>

	<player>
		<unitScore value='2675'/>
		<killScore value='1600'/>
		<buildingScore value='1500'/>
		<razingScore value='0'/>
		<mineralScore value='4146'/>
		<gasScore value='752'/>
		<totalScore value='10673'/>
	</player>

	<enemy>
		<race value='Protoss'/>
		<unitScore value='3550'/>
		<unitScore value='3550'/>
		<killScore value='5350'/>
		<buildingScore value='3975'/>
		<razingScore value='4500'/>
		<mineralScore value='9034'/>
		<gasScore value='1784'/>
		<totalScore value='28193'/>
	</enemy>

	<scoreRatio value='0.378569'/>
</results>
