<results>
	<result value='loss'/>
	<start value='2015-07-19.05:52:57'/>
	<end value='2015-07-19.05:53:02'/>
	<frames value='10015'/>
	<gameDuration value='625'/>

	<player>
		<unitScore value='1350'/>
		<killScore value='0'/>
		<buildingScore value='1075'/>
		<razingScore value='0'/>
		<mineralScore value='2170'/>
		<gasScore value='40'/>
		<totalScore value='4635'/>
	</player>

	<enemy>
		<race value='Zerg'/>
		<unitScore value='1800'/>
		<killScore value='2500'/>
		<buildingScore value='1120'/>
		<razingScore value='3225'/>
		<mineralScore value='3162'/>
		<gasScore value='304'/>
		<totalScore value='12111'/>
	</enemy>

	<scoreRatio value='0.38271'/>
	<timeFitness value='0.0868056'/>
	<unitsAverage value='11'/>
</results>
