<results>
	<result value='loss'/>
	<start value='2015-07-19.05:54:15'/>
	<end value='2015-07-19.05:54:43'/>
	<frames value='27871'/>
	<gameDuration value='1741'/>

	<player>
		<unitScore value='15050'/>
		<killScore value='8650'/>
		<buildingScore value='2875'/>
		<razingScore value='0'/>
		<mineralScore value='20842'/>
		<gasScore value='2136'/>
		<totalScore value='49553'/>
	</player>

	<enemy>
		<race value='Zerg'/>
		<unitScore value='15225'/>
		<killScore value='27950'/>
		<buildingScore value='3385'/>
		<razingScore value='8625'/>
		<mineralScore value='17458'/>
		<gasScore value='5288'/>
		<totalScore value='77931'/>
	</enemy>

	<scoreRatio value='0.635857'/>
	<timeFitness value='0.241806'/>
	<unitsAverage value='57'/>
</results>
