<results>
	<result value='loss'/>
	<start value='2015-07-19.05:57:17'/>
	<end value='2015-07-19.05:57:52'/>
	<frames value='31901'/>
	<gameDuration value='1993'/>

	<player>
		<unitScore value='17350'/>
		<killScore value='18150'/>
		<buildingScore value='3600'/>
		<razingScore value='0'/>
		<mineralScore value='32018'/>
		<gasScore value='2896'/>
		<totalScore value='74014'/>
	</player>

	<enemy>
		<race value='Zerg'/>
		<unitScore value='16725'/>
		<killScore value='34700'/>
		<buildingScore value='2835'/>
		<razingScore value='10950'/>
		<mineralScore value='15410'/>
		<gasScore value='5960'/>
		<totalScore value='86580'/>
	</enemy>

	<scoreRatio value='0.854863'/>
	<timeFitness value='0.276806'/>
	<unitsAverage value='70'/>
</results>
