<results>
	<result value='loss'/>
	<start value='2015-05-08.20:45:51'/>
	<end value='2015-05-08.20:46:06'/>
	<frames value='17083'/>
	<gameDuration value='1067'/>

	<player>
		<unitScore value='3575'/>
		<killScore value='200'/>
		<buildingScore value='1950'/>
		<razingScore value='0'/>
		<mineralScore value='5450'/>
		<gasScore value='736'/>
		<totalScore value='11911'/>
	</player>

	<enemy>
		<race value='Terran'/>
		<unitScore value='5700'/>
		<unitScore value='5700'/>
		<killScore value='7150'/>
		<buildingScore value='1950'/>
		<razingScore value='5850'/>
		<mineralScore value='7882'/>
		<gasScore value='2624'/>
		<totalScore value='31156'/>
	</enemy>

	<scoreRatio value='0.382302'/>
	<timeFitness value='0.148194'/>
	<unitsAverage value='24'/>
</results>
