<results>
	<result value='draw'/>
	<start value='2015-05-10.03:14:48'/>
	<end value='2015-05-10.03:16:25'/>
	<frames value='57601'/>
	<gameDuration value='3600'/>

	<player>
		<unitScore value='33375'/>
		<killScore value='48950'/>
		<buildingScore value='3000'/>
		<razingScore value='20925'/>
		<mineralScore value='34694'/>
		<gasScore value='5004'/>
		<totalScore value='145948'/>
	</player>

	<enemy>
		<race value='Protoss'/>
		<unitScore value='25800'/>
		<unitScore value='25800'/>
		<killScore value='47300'/>
		<buildingScore value='7975'/>
		<razingScore value='150'/>
		<mineralScore value='28314'/>
		<gasScore value='12826'/>
		<totalScore value='122365'/>
	</enemy>

	<scoreRatio value='1.19273'/>
	<timeFitness value='0.5'/>
	<unitsAverage value='109'/>
</results>
