<results>
	<result value='win'/>
	<start value='2014-07-23.02:12:31'/>
	<end value='2014-07-23.02:12:58'/>
	<frames value='29638'/>
	<gameDuration value='1852'/>

	<player>
		<unitScore value='14175'/>
		<killScore value='11400'/>
		<buildingScore value='4100'/>
		<razingScore value='11550'/>
		<mineralScore value='25522'/>
		<gasScore value='2824'/>
		<totalScore value='69571'/>
	</player>

	<enemy>
		<race value='Protoss'/>
		<unitScore value='5700'/>
		<unitScore value='5700'/>
		<killScore value='7800'/>
		<buildingScore value='3850'/>
		<razingScore value='450'/>
		<mineralScore value='10266'/>
		<gasScore value='1144'/>
		<totalScore value='29210'/>
	</enemy>

	<scoreRatio value='2.38175'/>
</results>
