<results>
	<result value='loss'/>
	<start value='2014-07-23.02:13:48'/>
	<end value='2014-07-23.02:13:56'/>
	<frames value='14355'/>
	<gameDuration value='897'/>

	<player>
		<unitScore value='2975'/>
		<killScore value='400'/>
		<buildingScore value='1450'/>
		<razingScore value='0'/>
		<mineralScore value='4434'/>
		<gasScore value='664'/>
		<totalScore value='9923'/>
	</player>

	<enemy>
		<race value='Protoss'/>
		<unitScore value='3550'/>
		<unitScore value='3550'/>
		<killScore value='5850'/>
		<buildingScore value='2375'/>
		<razingScore value='4350'/>
		<mineralScore value='7346'/>
		<gasScore value='1216'/>
		<totalScore value='24687'/>
	</enemy>

	<scoreRatio value='0.401952'/>
</results>
