<results>
	<result value='win'/>
	<start value='2015-05-04.03:39:23'/>
	<end value='2015-05-04.03:40:16'/>
	<frames value='41604'/>
	<gameDuration value='2600'/>

	<player>
		<unitScore value='18025'/>
		<killScore value='28350'/>
		<buildingScore value='5050'/>
		<razingScore value='12375'/>
		<mineralScore value='39022'/>
		<gasScore value='5024'/>
		<totalScore value='107846'/>
	</player>

	<enemy>
		<race value='Terran'/>
		<unitScore value='17375'/>
		<unitScore value='17375'/>
		<killScore value='13050'/>
		<buildingScore value='4125'/>
		<razingScore value='3600'/>
		<mineralScore value='15606'/>
		<gasScore value='6784'/>
		<totalScore value='60540'/>
	</enemy>

	<scoreRatio value='1.7814'/>
	<timeFitness value='0.638889'/>
	<unitsAverage value='109'/>
</results>
