<results>
	<result value='win'/>
	<start value='2015-05-04.03:46:36'/>
	<end value='2015-05-04.03:46:58'/>
	<frames value='26538'/>
	<gameDuration value='1658'/>

	<player>
		<unitScore value='10000'/>
		<killScore value='19600'/>
		<buildingScore value='2625'/>
		<razingScore value='7500'/>
		<mineralScore value='13098'/>
		<gasScore value='2632'/>
		<totalScore value='55455'/>
	</player>

	<enemy>
		<race value='Terran'/>
		<unitScore value='9800'/>
		<unitScore value='9800'/>
		<killScore value='7000'/>
		<buildingScore value='2500'/>
		<razingScore value='1500'/>
		<mineralScore value='10614'/>
		<gasScore value='3104'/>
		<totalScore value='34518'/>
	</enemy>

	<scoreRatio value='1.60655'/>
	<timeFitness value='0.769722'/>
	<unitsAverage value='58'/>
</results>
