<results>
	<result value='win'/>
	<start value='2015-05-04.03:49:00'/>
	<end value='2015-05-04.03:49:21'/>
	<frames value='28150'/>
	<gameDuration value='1759'/>

	<player>
		<unitScore value='10375'/>
		<killScore value='24250'/>
		<buildingScore value='3575'/>
		<razingScore value='9375'/>
		<mineralScore value='15986'/>
		<gasScore value='1856'/>
		<totalScore value='65417'/>
	</player>

	<enemy>
		<race value='Terran'/>
		<unitScore value='14125'/>
		<unitScore value='14125'/>
		<killScore value='7750'/>
		<buildingScore value='3125'/>
		<razingScore value='1725'/>
		<mineralScore value='12778'/>
		<gasScore value='5792'/>
		<totalScore value='45295'/>
	</enemy>

	<scoreRatio value='1.44424'/>
	<timeFitness value='0.755694'/>
	<unitsAverage value='55'/>
</results>
