<results>
	<result value='draw'/>
	<start value='2015-05-04.03:52:50'/>
	<end value='2015-05-04.03:53:50'/>
	<frames value='57601'/>
	<gameDuration value='3600'/>

	<player>
		<unitScore value='29600'/>
		<killScore value='39450'/>
		<buildingScore value='4475'/>
		<razingScore value='150'/>
		<mineralScore value='33174'/>
		<gasScore value='4952'/>
		<totalScore value='111801'/>
	</player>

	<enemy>
		<race value='Terran'/>
		<unitScore value='27200'/>
		<unitScore value='27200'/>
		<killScore value='59100'/>
		<buildingScore value='4075'/>
		<razingScore value='9525'/>
		<mineralScore value='19542'/>
		<gasScore value='11924'/>
		<totalScore value='131366'/>
	</enemy>

	<scoreRatio value='0.851065'/>
	<timeFitness value='0.5'/>
	<unitsAverage value='84'/>
</results>
