<results>
	<result value='loss'/>
	<start value='2015-05-04.03:57:15'/>
	<end value='2015-05-04.03:57:38'/>
	<frames value='40333'/>
	<gameDuration value='2520'/>

	<player>
		<unitScore value='9025'/>
		<killScore value='8050'/>
		<buildingScore value='2200'/>
		<razingScore value='0'/>
		<mineralScore value='13066'/>
		<gasScore value='688'/>
		<totalScore value='33029'/>
	</player>

	<enemy>
		<race value='Terran'/>
		<unitScore value='22125'/>
		<unitScore value='22125'/>
		<killScore value='18050'/>
		<buildingScore value='5375'/>
		<razingScore value='6600'/>
		<mineralScore value='21482'/>
		<gasScore value='12190'/>
		<totalScore value='85822'/>
	</enemy>

	<scoreRatio value='0.384855'/>
	<timeFitness value='0.35'/>
	<unitsAverage value='28'/>
</results>
