<results>
	<result value='win'/>
	<start value='2015-05-04.04:10:32'/>
	<end value='2015-05-04.04:11:06'/>
	<frames value='37729'/>
	<gameDuration value='2358'/>

	<player>
		<unitScore value='22300'/>
		<killScore value='28850'/>
		<buildingScore value='2575'/>
		<razingScore value='7650'/>
		<mineralScore value='23938'/>
		<gasScore value='4280'/>
		<totalScore value='89593'/>
	</player>

	<enemy>
		<race value='Terran'/>
		<unitScore value='14425'/>
		<unitScore value='14425'/>
		<killScore value='29800'/>
		<buildingScore value='2550'/>
		<razingScore value='150'/>
		<mineralScore value='12050'/>
		<gasScore value='5364'/>
		<totalScore value='64339'/>
	</enemy>

	<scoreRatio value='1.39251'/>
	<timeFitness value='0.6725'/>
	<unitsAverage value='80'/>
</results>
