<results>
	<result value='win'/>
	<start value='2015-05-10.07:01:59'/>
	<end value='2015-05-10.07:02:26'/>
	<frames value='26817'/>
	<gameDuration value='1676'/>

	<player>
		<unitScore value='17250'/>
		<killScore value='32160'/>
		<buildingScore value='3925'/>
		<razingScore value='5940'/>
		<mineralScore value='22046'/>
		<gasScore value='2536'/>
		<totalScore value='83857'/>
	</player>

	<enemy>
		<race value='Zerg'/>
		<unitScore value='13650'/>
		<unitScore value='13650'/>
		<killScore value='16550'/>
		<buildingScore value='1980'/>
		<razingScore value='0'/>
		<mineralScore value='12242'/>
		<gasScore value='3592'/>
		<totalScore value='48014'/>
	</enemy>

	<scoreRatio value='1.74651'/>
	<timeFitness value='0.767222'/>
	<unitsAverage value='80'/>
</results>
