<results>
	<result value='win'/>
	<start value='2015-05-10.19:27:36'/>
	<end value='2015-05-10.19:28:19'/>
	<frames value='33730'/>
	<gameDuration value='2108'/>

	<player>
		<unitScore value='19000'/>
		<killScore value='22860'/>
		<buildingScore value='4600'/>
		<razingScore value='7020'/>
		<mineralScore value='31286'/>
		<gasScore value='3088'/>
		<totalScore value='87854'/>
	</player>

	<enemy>
		<race value='Zerg'/>
		<unitScore value='10500'/>
		<unitScore value='10500'/>
		<killScore value='14100'/>
		<buildingScore value='2340'/>
		<razingScore value='150'/>
		<mineralScore value='11370'/>
		<gasScore value='3256'/>
		<totalScore value='41716'/>
	</enemy>

	<scoreRatio value='2.106'/>
	<timeFitness value='0.707222'/>
	<unitsAverage value='112'/>
</results>
