<results>
	<result value='win'/>
	<start value='2015-05-03.20:30:54'/>
	<end value='2015-05-03.20:31:44'/>
	<frames value='31002'/>
	<gameDuration value='1937'/>

	<player>
		<unitScore value='23550'/>
		<killScore value='27460'/>
		<buildingScore value='4175'/>
		<razingScore value='6795'/>
		<mineralScore value='30090'/>
		<gasScore value='1552'/>
		<totalScore value='93622'/>
	</player>

	<enemy>
		<race value='Zerg'/>
		<unitScore value='12950'/>
		<unitScore value='12950'/>
		<killScore value='21550'/>
		<buildingScore value='2265'/>
		<razingScore value='0'/>
		<mineralScore value='11994'/>
		<gasScore value='4392'/>
		<totalScore value='53151'/>
	</enemy>

	<scoreRatio value='1.76143'/>
	<timeFitness value='0.730972'/>
	<unitsAverage value='118'/>
</results>
