<results>
	<result value='win'/>
	<start value='2015-05-10.19:35:31'/>
	<end value='2015-05-10.19:36:12'/>
	<frames value='31405'/>
	<gameDuration value='1962'/>

	<player>
		<unitScore value='25425'/>
		<killScore value='36100'/>
		<buildingScore value='3925'/>
		<razingScore value='6915'/>
		<mineralScore value='28386'/>
		<gasScore value='2968'/>
		<totalScore value='103719'/>
	</player>

	<enemy>
		<race value='Zerg'/>
		<unitScore value='16075'/>
		<unitScore value='16075'/>
		<killScore value='29300'/>
		<buildingScore value='2305'/>
		<razingScore value='0'/>
		<mineralScore value='14142'/>
		<gasScore value='4144'/>
		<totalScore value='65966'/>
	</enemy>

	<scoreRatio value='1.57231'/>
	<timeFitness value='0.7275'/>
	<unitsAverage value='114'/>
</results>
