<results>
	<result value='draw'/>
	<start value='2015-05-03.20:44:28'/>
	<end value='2015-05-03.20:46:42'/>
	<frames value='57601'/>
	<gameDuration value='3600'/>

	<player>
		<unitScore value='27700'/>
		<killScore value='32450'/>
		<buildingScore value='5825'/>
		<razingScore value='4170'/>
		<mineralScore value='51010'/>
		<gasScore value='7602'/>
		<totalScore value='128757'/>
	</player>

	<enemy>
		<race value='Zerg'/>
		<unitScore value='13950'/>
		<unitScore value='13950'/>
		<killScore value='30700'/>
		<buildingScore value='1570'/>
		<razingScore value='0'/>
		<mineralScore value='12082'/>
		<gasScore value='5150'/>
		<totalScore value='63452'/>
	</enemy>

	<scoreRatio value='2.0292'/>
	<timeFitness value='0.5'/>
	<unitsAverage value='181'/>
</results>
