<results>
	<result value='win'/>
	<start value='2015-05-07.05:55:28'/>
	<end value='2015-05-07.05:55:47'/>
	<frames value='25360'/>
	<gameDuration value='1585'/>

	<player>
		<unitScore value='8325'/>
		<killScore value='19700'/>
		<buildingScore value='2725'/>
		<razingScore value='8400'/>
		<mineralScore value='11238'/>
		<gasScore value='2312'/>
		<totalScore value='52700'/>
	</player>

	<enemy>
		<race value='Terran'/>
		<unitScore value='9850'/>
		<unitScore value='9850'/>
		<killScore value='7550'/>
		<buildingScore value='2800'/>
		<razingScore value='3075'/>
		<mineralScore value='10806'/>
		<gasScore value='3632'/>
		<totalScore value='37713'/>
	</enemy>

	<scoreRatio value='1.3974'/>
	<timeFitness value='0.779861'/>
	<unitsAverage value='47'/>
</results>
