<results>
	<result value='loss'/>
	<start value='2015-05-07.05:56:42'/>
	<end value='2015-05-07.05:56:52'/>
	<frames value='19191'/>
	<gameDuration value='1199'/>

	<player>
		<unitScore value='3900'/>
		<killScore value='2550'/>
		<buildingScore value='1075'/>
		<razingScore value='0'/>
		<mineralScore value='4962'/>
		<gasScore value='400'/>
		<totalScore value='12887'/>
	</player>

	<enemy>
		<race value='Terran'/>
		<unitScore value='7200'/>
		<unitScore value='7200'/>
		<killScore value='7700'/>
		<buildingScore value='2350'/>
		<razingScore value='3225'/>
		<mineralScore value='8986'/>
		<gasScore value='3184'/>
		<totalScore value='32645'/>
	</enemy>

	<scoreRatio value='0.394762'/>
	<timeFitness value='0.166528'/>
	<unitsAverage value='22'/>
</results>
