<results>
	<result value='win'/>
	<start value='2015-05-07.06:03:57'/>
	<end value='2015-05-07.06:04:28'/>
	<frames value='33327'/>
	<gameDuration value='2082'/>

	<player>
		<unitScore value='15950'/>
		<killScore value='25850'/>
		<buildingScore value='5025'/>
		<razingScore value='9450'/>
		<mineralScore value='21722'/>
		<gasScore value='2680'/>
		<totalScore value='80677'/>
	</player>

	<enemy>
		<race value='Terran'/>
		<unitScore value='13325'/>
		<unitScore value='13325'/>
		<killScore value='12350'/>
		<buildingScore value='3150'/>
		<razingScore value='3450'/>
		<mineralScore value='12050'/>
		<gasScore value='4680'/>
		<totalScore value='49005'/>
	</enemy>

	<scoreRatio value='1.6463'/>
	<timeFitness value='0.710833'/>
	<unitsAverage value='67'/>
</results>
