<results>
	<result value='loss'/>
	<start value='2015-03-28.16:14:01'/>
	<end value='2015-03-28.16:14:40'/>
	<frames value='38969'/>
	<gameDuration value='2435'/>

	<player>
		<unitScore value='13975'/>
		<killScore value='11100'/>
		<buildingScore value='2975'/>
		<razingScore value='300'/>
		<mineralScore value='22906'/>
		<gasScore value='3216'/>
		<totalScore value='54472'/>
	</player>

	<enemy>
		<race value='Protoss'/>
		<unitScore value='25400'/>
		<unitScore value='25400'/>
		<killScore value='27950'/>
		<buildingScore value='7475'/>
		<razingScore value='8925'/>
		<mineralScore value='26502'/>
		<gasScore value='11130'/>
		<totalScore value='107382'/>
	</enemy>

	<scoreRatio value='0.507273'/>
</results>
