<results>
	<result value='win'/>
	<start value='2014-07-04.06:49:02'/>
	<end value='2014-07-04.06:49:18'/>
	<frames value='21423'/>
	<gameDuration value='1338'/>

	<player>
		<unitScore value='10450'/>
		<killScore value='9800'/>
		<buildingScore value='2675'/>
		<razingScore value='8625'/>
		<mineralScore value='16970'/>
		<gasScore value='2168'/>
		<totalScore value='50688'/>
	</player>

	<enemy>
		<race value='Protoss'/>
		<unitScore value='4900'/>
		<unitScore value='4900'/>
		<killScore value='5700'/>
		<buildingScore value='2875'/>
		<razingScore value='0'/>
		<mineralScore value='13778'/>
		<gasScore value='936'/>
		<totalScore value='28189'/>
	</enemy>

	<scoreRatio value='1.79815'/>
</results>
