<results>
	<result value='win'/>
	<start value='2014-07-04.06:55:56'/>
	<end value='2014-07-04.06:56:46'/>
	<frames value='44239'/>
	<gameDuration value='2764'/>

	<player>
		<unitScore value='25100'/>
		<killScore value='37250'/>
		<buildingScore value='4675'/>
		<razingScore value='23400'/>
		<mineralScore value='30818'/>
		<gasScore value='2768'/>
		<totalScore value='124011'/>
	</player>

	<enemy>
		<race value='Protoss'/>
		<unitScore value='18625'/>
		<unitScore value='18625'/>
		<killScore value='25950'/>
		<buildingScore value='7800'/>
		<razingScore value='2925'/>
		<mineralScore value='22414'/>
		<gasScore value='6232'/>
		<totalScore value='83946'/>
	</enemy>

	<scoreRatio value='1.47727'/>
</results>
