<results>
	<result value='loss'/>
	<start value='2014-07-04.07:04:25'/>
	<end value='2014-07-04.07:04:33'/>
	<frames value='16804'/>
	<gameDuration value='1050'/>

	<player>
		<unitScore value='2775'/>
		<killScore value='1600'/>
		<buildingScore value='1800'/>
		<razingScore value='0'/>
		<mineralScore value='4594'/>
		<gasScore value='712'/>
		<totalScore value='11481'/>
	</player>

	<enemy>
		<race value='Protoss'/>
		<unitScore value='3650'/>
		<unitScore value='3650'/>
		<killScore value='5550'/>
		<buildingScore value='4075'/>
		<razingScore value='5400'/>
		<mineralScore value='8818'/>
		<gasScore value='1672'/>
		<totalScore value='29165'/>
	</enemy>

	<scoreRatio value='0.393657'/>
</results>
