<results>
	<result value='loss'/>
	<start value='2015-04-09.21:38:09'/>
	<end value='2015-04-09.21:38:18'/>
	<frames value='17083'/>
	<gameDuration value='1067'/>

	<player>
		<unitScore value='4325'/>
		<killScore value='600'/>
		<buildingScore value='1650'/>
		<razingScore value='0'/>
		<mineralScore value='6282'/>
		<gasScore value='800'/>
		<totalScore value='13657'/>
	</player>

	<enemy>
		<race value='Protoss'/>
		<unitScore value='3875'/>
		<unitScore value='3875'/>
		<killScore value='8650'/>
		<buildingScore value='3375'/>
		<razingScore value='4950'/>
		<mineralScore value='8770'/>
		<gasScore value='1944'/>
		<totalScore value='31564'/>
	</enemy>

	<scoreRatio value='0.432676'/>
</results>
