<results>
	<result value='loss'/>
	<start value='2015-04-09.21:41:07'/>
	<end value='2015-04-09.21:41:15'/>
	<frames value='15812'/>
	<gameDuration value='988'/>

	<player>
		<unitScore value='3825'/>
		<killScore value='1000'/>
		<buildingScore value='1500'/>
		<razingScore value='0'/>
		<mineralScore value='4826'/>
		<gasScore value='608'/>
		<totalScore value='11759'/>
	</player>

	<enemy>
		<race value='Protoss'/>
		<unitScore value='3550'/>
		<unitScore value='3550'/>
		<killScore value='7650'/>
		<buildingScore value='2975'/>
		<razingScore value='4500'/>
		<mineralScore value='8082'/>
		<gasScore value='1448'/>
		<totalScore value='28205'/>
	</enemy>

	<scoreRatio value='0.416912'/>
</results>
