<results>
	<result value='loss'/>
	<start value='2015-04-28.20:02:03'/>
	<end value='2015-04-28.20:02:26'/>
	<frames value='29948'/>
	<gameDuration value='1871'/>

	<player>
		<unitScore value='8000'/>
		<killScore value='4000'/>
		<buildingScore value='2325'/>
		<razingScore value='0'/>
		<mineralScore value='10866'/>
		<gasScore value='1736'/>
		<totalScore value='26927'/>
	</player>

	<enemy>
		<race value='Protoss'/>
		<unitScore value='14675'/>
		<unitScore value='14675'/>
		<killScore value='16000'/>
		<buildingScore value='6875'/>
		<razingScore value='6975'/>
		<mineralScore value='19030'/>
		<gasScore value='7368'/>
		<totalScore value='70923'/>
	</enemy>

	<scoreRatio value='0.379665'/>
</results>
