<results>
	<result value='loss'/>
	<start value='2015-07-18.02:12:53'/>
	<end value='2015-07-18.02:14:32'/>
	<frames value='40240'/>
	<gameDuration value='2515'/>

	<player>
		<unitScore value='23175'/>
		<killScore value='14300'/>
		<buildingScore value='3800'/>
		<razingScore value='450'/>
		<mineralScore value='25090'/>
		<gasScore value='3840'/>
		<totalScore value='70655'/>
	</player>

	<enemy>
		<race value='Protoss'/>
		<unitScore value='26325'/>
		<killScore value='40500'/>
		<buildingScore value='7325'/>
		<razingScore value='11625'/>
		<mineralScore value='28074'/>
		<gasScore value='10128'/>
		<totalScore value='123977'/>
	</enemy>

	<scoreRatio value='0.569904'/>
	<timeFitness value='0.349306'/>
	<unitsAverage value='81'/>
</results>
