<results>
	<result value='loss'/>
	<start value='2014-07-22.23:48:30'/>
	<end value='2014-07-22.23:48:51'/>
	<frames value='35094'/>
	<gameDuration value='2193'/>

	<player>
		<unitScore value='11075'/>
		<killScore value='8800'/>
		<buildingScore value='2800'/>
		<razingScore value='450'/>
		<mineralScore value='14578'/>
		<gasScore value='2464'/>
		<totalScore value='40167'/>
	</player>

	<enemy>
		<race value='Protoss'/>
		<unitScore value='19800'/>
		<unitScore value='19800'/>
		<killScore value='22150'/>
		<buildingScore value='7225'/>
		<razingScore value='8400'/>
		<mineralScore value='24066'/>
		<gasScore value='8876'/>
		<totalScore value='90517'/>
	</enemy>

	<scoreRatio value='0.443751'/>
</results>
