<results>
	<result value='loss'/>
	<start value='2015-07-16.12:38:38'/>
	<end value='2015-07-16.12:39:24'/>
	<frames value='33978'/>
	<gameDuration value='2123'/>

	<player>
		<unitScore value='15025'/>
		<killScore value='8150'/>
		<buildingScore value='3575'/>
		<razingScore value='0'/>
		<mineralScore value='14858'/>
		<gasScore value='3064'/>
		<totalScore value='44672'/>
	</player>

	<enemy>
		<race value='Terran'/>
		<unitScore value='11150'/>
		<killScore value='26150'/>
		<buildingScore value='3425'/>
		<razingScore value='10725'/>
		<mineralScore value='12050'/>
		<gasScore value='5156'/>
		<totalScore value='68656'/>
	</enemy>

	<scoreRatio value='0.650664'/>
	<timeFitness value='0.294861'/>
	<unitsAverage value='56'/>
</results>
