<results>
	<result value='loss'/>
	<start value='2015-07-21.13:33:49'/>
	<end value='2015-07-21.13:34:19'/>
	<frames value='27220'/>
	<gameDuration value='1701'/>

	<player>
		<unitScore value='14075'/>
		<killScore value='7550'/>
		<buildingScore value='3150'/>
		<razingScore value='0'/>
		<mineralScore value='23422'/>
		<gasScore value='1712'/>
		<totalScore value='49909'/>
	</player>

	<enemy>
		<race value='Zerg'/>
		<unitScore value='13975'/>
		<killScore value='26850'/>
		<buildingScore value='3255'/>
		<razingScore value='9450'/>
		<mineralScore value='16182'/>
		<gasScore value='4960'/>
		<totalScore value='74672'/>
	</enemy>

	<scoreRatio value='0.668376'/>
	<timeFitness value='0.23625'/>
	<unitsAverage value='63'/>
</results>
