<results>
	<result value='loss'/>
	<start value='2015-04-07.16:17:02'/>
	<end value='2015-04-07.16:17:24'/>
	<frames value='36830'/>
	<gameDuration value='2301'/>

	<player>
		<unitScore value='11375'/>
		<killScore value='9750'/>
		<buildingScore value='2800'/>
		<razingScore value='0'/>
		<mineralScore value='13578'/>
		<gasScore value='2536'/>
		<totalScore value='40039'/>
	</player>

	<enemy>
		<race value='Protoss'/>
		<unitScore value='21225'/>
		<unitScore value='21225'/>
		<killScore value='22750'/>
		<buildingScore value='7725'/>
		<razingScore value='8400'/>
		<mineralScore value='24002'/>
		<gasScore value='9316'/>
		<totalScore value='93418'/>
	</enemy>

	<scoreRatio value='0.4286'/>
</results>
