<results>
	<result value='loss'/>
	<start value='2015-04-30.11:53:26'/>
	<end value='2015-04-30.11:53:28'/>
	<frames value='7194'/>
	<gameDuration value='449'/>

	<player>
		<unitScore value='1100'/>
		<killScore value='100'/>
		<buildingScore value='650'/>
		<razingScore value='0'/>
		<mineralScore value='1418'/>
		<gasScore value='16'/>
		<totalScore value='3284'/>
	</player>

	<enemy>
		<race value='Zerg'/>
		<unitScore value='1200'/>
		<unitScore value='1200'/>
		<killScore value='2100'/>
		<buildingScore value='440'/>
		<razingScore value='1950'/>
		<mineralScore value='1938'/>
		<gasScore value='0'/>
		<totalScore value='7628'/>
	</enemy>

	<scoreRatio value='0.430519'/>
	<timeFitness value='0.0623611'/>
	<unitsAverage value='10'/>
</results>
