<results>
	<result value='win'/>
	<start value='2015-04-30.12:00:51'/>
	<end value='2015-04-30.12:01:13'/>
	<frames value='25174'/>
	<gameDuration value='1573'/>

	<player>
		<unitScore value='13350'/>
		<killScore value='22615'/>
		<buildingScore value='3550'/>
		<razingScore value='4635'/>
		<mineralScore value='19922'/>
		<gasScore value='2176'/>
		<totalScore value='66248'/>
	</player>

	<enemy>
		<race value='Zerg'/>
		<unitScore value='10275'/>
		<unitScore value='10275'/>
		<killScore value='8850'/>
		<buildingScore value='1545'/>
		<razingScore value='0'/>
		<mineralScore value='10210'/>
		<gasScore value='3168'/>
		<totalScore value='34048'/>
	</enemy>

	<scoreRatio value='1.94572'/>
	<timeFitness value='0.781528'/>
	<unitsAverage value='77'/>
</results>
