<results>
	<result value='win'/>
	<start value='2015-05-10.08:11:20'/>
	<end value='2015-05-10.08:11:43'/>
	<frames value='26321'/>
	<gameDuration value='1645'/>

	<player>
		<unitScore value='12725'/>
		<killScore value='22300'/>
		<buildingScore value='3150'/>
		<razingScore value='6975'/>
		<mineralScore value='16938'/>
		<gasScore value='2760'/>
		<totalScore value='64848'/>
	</player>

	<enemy>
		<race value='Terran'/>
		<unitScore value='11450'/>
		<unitScore value='11450'/>
		<killScore value='11850'/>
		<buildingScore value='2400'/>
		<razingScore value='1350'/>
		<mineralScore value='11130'/>
		<gasScore value='3992'/>
		<totalScore value='42172'/>
	</enemy>

	<scoreRatio value='1.5377'/>
	<timeFitness value='0.771528'/>
	<unitsAverage value='73'/>
</results>
