<results>
	<result value='loss'/>
	<start value='2015-05-10.08:20:34'/>
	<end value='2015-05-10.08:21:11'/>
	<frames value='52330'/>
	<gameDuration value='3270'/>

	<player>
		<unitScore value='22500'/>
		<killScore value='29200'/>
		<buildingScore value='3025'/>
		<razingScore value='3675'/>
		<mineralScore value='25202'/>
		<gasScore value='4504'/>
		<totalScore value='88106'/>
	</player>

	<enemy>
		<race value='Terran'/>
		<unitScore value='32675'/>
		<unitScore value='32675'/>
		<killScore value='45000'/>
		<buildingScore value='6000'/>
		<razingScore value='9225'/>
		<mineralScore value='24970'/>
		<gasScore value='15536'/>
		<totalScore value='133406'/>
	</enemy>

	<scoreRatio value='0.660435'/>
	<timeFitness value='0.454167'/>
	<unitsAverage value='65'/>
</results>
