<results>
	<result value='draw'/>
	<start value='2015-07-19.10:34:56'/>
	<end value='2015-07-19.10:37:44'/>
	<frames value='57601'/>
	<gameDuration value='3600'/>

	<player>
		<unitScore value='44000'/>
		<killScore value='34550'/>
		<buildingScore value='4825'/>
		<razingScore value='2400'/>
		<mineralScore value='38618'/>
		<gasScore value='11184'/>
		<totalScore value='135577'/>
	</player>

	<enemy>
		<race value='Protoss'/>
		<unitScore value='23400'/>
		<killScore value='61500'/>
		<buildingScore value='6575'/>
		<razingScore value='3900'/>
		<mineralScore value='24418'/>
		<gasScore value='7266'/>
		<totalScore value='127059'/>
	</enemy>

	<scoreRatio value='1.06704'/>
	<timeFitness value='0.5'/>
	<unitsAverage value='173'/>
</results>
