<results>
	<result value='loss'/>
	<start value='2015-07-19.10:37:46'/>
	<end value='2015-07-19.10:37:54'/>
	<frames value='14603'/>
	<gameDuration value='912'/>

	<player>
		<unitScore value='2625'/>
		<killScore value='1000'/>
		<buildingScore value='975'/>
		<razingScore value='0'/>
		<mineralScore value='3570'/>
		<gasScore value='688'/>
		<totalScore value='8858'/>
	</player>

	<enemy>
		<race value='Protoss'/>
		<unitScore value='3650'/>
		<killScore value='5250'/>
		<buildingScore value='2475'/>
		<razingScore value='2925'/>
		<mineralScore value='7674'/>
		<gasScore value='1296'/>
		<totalScore value='23270'/>
	</enemy>

	<scoreRatio value='0.380662'/>
	<timeFitness value='0.126667'/>
	<unitsAverage value='18'/>
</results>
