<results>
	<result value='loss'/>
	<start value='2015-04-16.23:33:02'/>
	<end value='2015-04-16.23:33:33'/>
	<frames value='27220'/>
	<gameDuration value='1701'/>

	<player>
		<unitScore value='5475'/>
		<killScore value='1400'/>
		<buildingScore value='2700'/>
		<razingScore value='750'/>
		<mineralScore value='22218'/>
		<gasScore value='2336'/>
		<totalScore value='34879'/>
	</player>

	<enemy>
		<race value='Protoss'/>
		<unitScore value='8600'/>
		<unitScore value='8600'/>
		<killScore value='10950'/>
		<buildingScore value='6025'/>
		<razingScore value='8100'/>
		<mineralScore value='21354'/>
		<gasScore value='3856'/>
		<totalScore value='58885'/>
	</enemy>

	<scoreRatio value='0.592324'/>
</results>
