<results>
	<result value='loss'/>
	<start value='2015-04-10.10:45:30'/>
	<end value='2015-04-10.10:45:40'/>
	<frames value='20338'/>
	<gameDuration value='1271'/>

	<player>
		<unitScore value='3000'/>
		<killScore value='1800'/>
		<buildingScore value='1625'/>
		<razingScore value='0'/>
		<mineralScore value='5090'/>
		<gasScore value='960'/>
		<totalScore value='12475'/>
	</player>

	<enemy>
		<race value='Protoss'/>
		<unitScore value='5850'/>
		<unitScore value='5850'/>
		<killScore value='6000'/>
		<buildingScore value='5275'/>
		<razingScore value='4875'/>
		<mineralScore value='12402'/>
		<gasScore value='2680'/>
		<totalScore value='37082'/>
	</enemy>

	<scoreRatio value='0.336417'/>
</results>
