<results>
	<result value='loss'/>
	<start value='2015-04-10.10:51:25'/>
	<end value='2015-04-10.10:52:14'/>
	<frames value='54717'/>
	<gameDuration value='3419'/>

	<player>
		<unitScore value='30625'/>
		<killScore value='41400'/>
		<buildingScore value='3175'/>
		<razingScore value='1650'/>
		<mineralScore value='31478'/>
		<gasScore value='6778'/>
		<totalScore value='115106'/>
	</player>

	<enemy>
		<race value='Protoss'/>
		<unitScore value='38525'/>
		<unitScore value='38525'/>
		<killScore value='61450'/>
		<buildingScore value='6625'/>
		<razingScore value='9525'/>
		<mineralScore value='31542'/>
		<gasScore value='11204'/>
		<totalScore value='158871'/>
	</enemy>

	<scoreRatio value='0.724525'/>
</results>
