<results>
	<result value='loss'/>
	<start value='2015-04-09.17:56:04'/>
	<end value='2015-04-09.17:56:28'/>
	<frames value='34846'/>
	<gameDuration value='2177'/>

	<player>
		<unitScore value='16425'/>
		<killScore value='13900'/>
		<buildingScore value='2575'/>
		<razingScore value='0'/>
		<mineralScore value='18138'/>
		<gasScore value='2800'/>
		<totalScore value='53838'/>
	</player>

	<enemy>
		<race value='Protoss'/>
		<unitScore value='22275'/>
		<unitScore value='22275'/>
		<killScore value='32950'/>
		<buildingScore value='6675'/>
		<razingScore value='7875'/>
		<mineralScore value='23670'/>
		<gasScore value='8478'/>
		<totalScore value='101923'/>
	</enemy>

	<scoreRatio value='0.528222'/>
</results>
