<results>
	<result value='win'/>
	<start value='2015-04-29.04:08:40'/>
	<end value='2015-04-29.04:09:17'/>
	<frames value='30692'/>
	<gameDuration value='1918'/>

	<player>
		<unitScore value='16650'/>
		<killScore value='13000'/>
		<buildingScore value='3625'/>
		<razingScore value='15525'/>
		<mineralScore value='20674'/>
		<gasScore value='3392'/>
		<totalScore value='72866'/>
	</player>

	<enemy>
		<race value='Protoss'/>
		<unitScore value='6500'/>
		<unitScore value='6500'/>
		<killScore value='15450'/>
		<buildingScore value='5175'/>
		<razingScore value='0'/>
		<mineralScore value='12562'/>
		<gasScore value='2032'/>
		<totalScore value='41719'/>
	</enemy>

	<scoreRatio value='1.74659'/>
</results>
