<results>
	<result value='loss'/>
	<start value='2015-04-12.12:12:07'/>
	<end value='2015-04-12.12:12:22'/>
	<frames value='16618'/>
	<gameDuration value='1038'/>

	<player>
		<unitScore value='2775'/>
		<killScore value='2500'/>
		<buildingScore value='1650'/>
		<razingScore value='0'/>
		<mineralScore value='4810'/>
		<gasScore value='976'/>
		<totalScore value='12711'/>
	</player>

	<enemy>
		<race value='Protoss'/>
		<unitScore value='4400'/>
		<unitScore value='4400'/>
		<killScore value='5650'/>
		<buildingScore value='4025'/>
		<razingScore value='4950'/>
		<mineralScore value='9002'/>
		<gasScore value='1736'/>
		<totalScore value='29763'/>
	</enemy>

	<scoreRatio value='0.427074'/>
</results>
