<results>
	<result value='win'/>
	<start value='2015-05-10.05:31:16'/>
	<end value='2015-05-10.05:31:49'/>
	<frames value='34474'/>
	<gameDuration value='2154'/>

	<player>
		<unitScore value='14425'/>
		<killScore value='24400'/>
		<buildingScore value='5700'/>
		<razingScore value='9075'/>
		<mineralScore value='31822'/>
		<gasScore value='4192'/>
		<totalScore value='89614'/>
	</player>

	<enemy>
		<race value='Terran'/>
		<unitScore value='12200'/>
		<unitScore value='12200'/>
		<killScore value='6500'/>
		<buildingScore value='3025'/>
		<razingScore value='1575'/>
		<mineralScore value='12042'/>
		<gasScore value='5320'/>
		<totalScore value='40662'/>
	</enemy>

	<scoreRatio value='2.20388'/>
	<timeFitness value='0.700833'/>
	<unitsAverage value='96'/>
</results>
