<results>
	<result value='draw'/>
	<start value='2015-04-15.08:07:18'/>
	<end value='2015-04-15.08:09:22'/>
	<frames value='57601'/>
	<gameDuration value='3600'/>

	<player>
		<unitScore value='32125'/>
		<killScore value='51250'/>
		<buildingScore value='3600'/>
		<razingScore value='18075'/>
		<mineralScore value='34042'/>
		<gasScore value='5344'/>
		<totalScore value='144436'/>
	</player>

	<enemy>
		<race value='Protoss'/>
		<unitScore value='29000'/>
		<unitScore value='29000'/>
		<killScore value='46250'/>
		<buildingScore value='7450'/>
		<razingScore value='1500'/>
		<mineralScore value='27278'/>
		<gasScore value='10530'/>
		<totalScore value='122008'/>
	</enemy>

	<scoreRatio value='1.18382'/>
</results>
