<results>
	<result value='win'/>
	<start value='2015-04-15.08:19:58'/>
	<end value='2015-04-15.08:21:11'/>
	<frames value='32614'/>
	<gameDuration value='2038'/>

	<player>
		<unitScore value='24775'/>
		<killScore value='30000'/>
		<buildingScore value='3925'/>
		<razingScore value='17850'/>
		<mineralScore value='32082'/>
		<gasScore value='3592'/>
		<totalScore value='112224'/>
	</player>

	<enemy>
		<race value='Protoss'/>
		<unitScore value='15575'/>
		<unitScore value='15575'/>
		<killScore value='24750'/>
		<buildingScore value='5950'/>
		<razingScore value='0'/>
		<mineralScore value='21078'/>
		<gasScore value='4128'/>
		<totalScore value='71481'/>
	</enemy>

	<scoreRatio value='1.56998'/>
</results>
