<results>
	<result value='loss'/>
	<start value='2015-04-14.16:24:47'/>
	<end value='2015-04-14.16:24:54'/>
	<frames value='16463'/>
	<gameDuration value='1028'/>

	<player>
		<unitScore value='3475'/>
		<killScore value='1400'/>
		<buildingScore value='1625'/>
		<razingScore value='0'/>
		<mineralScore value='5050'/>
		<gasScore value='520'/>
		<totalScore value='12070'/>
	</player>

	<enemy>
		<race value='Protoss'/>
		<unitScore value='3600'/>
		<unitScore value='3600'/>
		<killScore value='6950'/>
		<buildingScore value='3875'/>
		<razingScore value='5100'/>
		<mineralScore value='8530'/>
		<gasScore value='1600'/>
		<totalScore value='29655'/>
	</enemy>

	<scoreRatio value='0.407014'/>
</results>
