<results>
	<result value='win'/>
	<start value='2015-04-14.16:24:58'/>
	<end value='2015-04-14.16:25:46'/>
	<frames value='41728'/>
	<gameDuration value='2608'/>

	<player>
		<unitScore value='30150'/>
		<killScore value='30600'/>
		<buildingScore value='4250'/>
		<razingScore value='18900'/>
		<mineralScore value='35038'/>
		<gasScore value='4384'/>
		<totalScore value='123322'/>
	</player>

	<enemy>
		<race value='Protoss'/>
		<unitScore value='15300'/>
		<unitScore value='15300'/>
		<killScore value='43900'/>
		<buildingScore value='6300'/>
		<razingScore value='150'/>
		<mineralScore value='20930'/>
		<gasScore value='4360'/>
		<totalScore value='90940'/>
	</enemy>

	<scoreRatio value='1.35608'/>
</results>
