<results>
	<result value='win'/>
	<start value='2015-04-14.16:27:53'/>
	<end value='2015-04-14.16:28:10'/>
	<frames value='25453'/>
	<gameDuration value='1590'/>

	<player>
		<unitScore value='11050'/>
		<killScore value='11100'/>
		<buildingScore value='3925'/>
		<razingScore value='10575'/>
		<mineralScore value='17526'/>
		<gasScore value='1736'/>
		<totalScore value='55912'/>
	</player>

	<enemy>
		<race value='Protoss'/>
		<unitScore value='5550'/>
		<unitScore value='5550'/>
		<killScore value='6850'/>
		<buildingScore value='3525'/>
		<razingScore value='1200'/>
		<mineralScore value='10234'/>
		<gasScore value='2304'/>
		<totalScore value='29663'/>
	</enemy>

	<scoreRatio value='1.88491'/>
</results>
