<results>
	<result value='loss'/>
	<start value='2015-04-14.16:31:09'/>
	<end value='2015-04-14.16:31:32'/>
	<frames value='37264'/>
	<gameDuration value='2329'/>

	<player>
		<unitScore value='10350'/>
		<killScore value='14300'/>
		<buildingScore value='2725'/>
		<razingScore value='3300'/>
		<mineralScore value='13314'/>
		<gasScore value='2464'/>
		<totalScore value='46453'/>
	</player>

	<enemy>
		<race value='Protoss'/>
		<unitScore value='14225'/>
		<unitScore value='14225'/>
		<killScore value='20700'/>
		<buildingScore value='8075'/>
		<razingScore value='8175'/>
		<mineralScore value='25794'/>
		<gasScore value='5584'/>
		<totalScore value='82553'/>
	</enemy>

	<scoreRatio value='0.562705'/>
</results>
