<results>
	<result value='win'/>
	<start value='2015-07-16.07:21:55'/>
	<end value='2015-07-16.07:22:10'/>
	<frames value='17579'/>
	<gameDuration value='1098'/>

	<player>
		<unitScore value='8075'/>
		<killScore value='9050'/>
		<buildingScore value='3300'/>
		<razingScore value='3600'/>
		<mineralScore value='14114'/>
		<gasScore value='1136'/>
		<totalScore value='39275'/>
	</player>

	<enemy>
		<race value='Terran'/>
		<unitScore value='4525'/>
		<killScore value='1900'/>
		<buildingScore value='1200'/>
		<razingScore value='0'/>
		<mineralScore value='6682'/>
		<gasScore value='1360'/>
		<totalScore value='15667'/>
	</enemy>

	<scoreRatio value='2.50686'/>
	<timeFitness value='0.8475'/>
	<unitsAverage value='58'/>
</results>
