<results>
	<result value='loss'/>
	<start value='2015-07-16.07:34:06'/>
	<end value='2015-07-16.07:34:20'/>
	<frames value='20152'/>
	<gameDuration value='1259'/>

	<player>
		<unitScore value='6450'/>
		<killScore value='1300'/>
		<buildingScore value='2900'/>
		<razingScore value='0'/>
		<mineralScore value='8602'/>
		<gasScore value='944'/>
		<totalScore value='20196'/>
	</player>

	<enemy>
		<race value='Terran'/>
		<unitScore value='7550'/>
		<killScore value='12800'/>
		<buildingScore value='2975'/>
		<razingScore value='8700'/>
		<mineralScore value='9442'/>
		<gasScore value='3552'/>
		<totalScore value='45019'/>
	</enemy>

	<scoreRatio value='0.448611'/>
	<timeFitness value='0.174861'/>
	<unitsAverage value='30'/>
</results>
