<results>
	<result value='loss'/>
	<start value='2015-07-16.07:34:59'/>
	<end value='2015-07-16.07:35:20'/>
	<frames value='19439'/>
	<gameDuration value='1214'/>

	<player>
		<unitScore value='3875'/>
		<killScore value='2250'/>
		<buildingScore value='2200'/>
		<razingScore value='0'/>
		<mineralScore value='6314'/>
		<gasScore value='912'/>
		<totalScore value='15551'/>
	</player>

	<enemy>
		<race value='Terran'/>
		<unitScore value='7425'/>
		<killScore value='6600'/>
		<buildingScore value='2900'/>
		<razingScore value='6600'/>
		<mineralScore value='9170'/>
		<gasScore value='3360'/>
		<totalScore value='36055'/>
	</enemy>

	<scoreRatio value='0.431313'/>
	<timeFitness value='0.168611'/>
	<unitsAverage value='30'/>
</results>
