<results>
	<result value='win'/>
	<start value='2015-04-26.23:03:54'/>
	<end value='2015-04-26.23:04:16'/>
	<frames value='24802'/>
	<gameDuration value='1550'/>

	<player>
		<unitScore value='13125'/>
		<killScore value='18900'/>
		<buildingScore value='3725'/>
		<razingScore value='7875'/>
		<mineralScore value='19574'/>
		<gasScore value='2528'/>
		<totalScore value='65727'/>
	</player>

	<enemy>
		<race value='Terran'/>
		<unitScore value='9450'/>
		<unitScore value='9450'/>
		<killScore value='6700'/>
		<buildingScore value='2625'/>
		<razingScore value='750'/>
		<mineralScore value='9490'/>
		<gasScore value='3056'/>
		<totalScore value='32071'/>
	</enemy>

	<scoreRatio value='2.04942'/>
</results>
