<results>
	<result value='win'/>
	<start value='2015-04-26.23:04:19'/>
	<end value='2015-04-26.23:04:42'/>
	<frames value='27251'/>
	<gameDuration value='1703'/>

	<player>
		<unitScore value='11875'/>
		<killScore value='20700'/>
		<buildingScore value='3175'/>
		<razingScore value='9600'/>
		<mineralScore value='21754'/>
		<gasScore value='2600'/>
		<totalScore value='69704'/>
	</player>

	<enemy>
		<race value='Terran'/>
		<unitScore value='11200'/>
		<unitScore value='11200'/>
		<killScore value='7750'/>
		<buildingScore value='3200'/>
		<razingScore value='1350'/>
		<mineralScore value='10834'/>
		<gasScore value='4432'/>
		<totalScore value='38766'/>
	</enemy>

	<scoreRatio value='1.79807'/>
</results>
