<results>
	<result value='win'/>
	<start value='2015-04-26.23:15:33'/>
	<end value='2015-04-26.23:16:21'/>
	<frames value='36830'/>
	<gameDuration value='2301'/>

	<player>
		<unitScore value='23200'/>
		<killScore value='27700'/>
		<buildingScore value='5175'/>
		<razingScore value='13125'/>
		<mineralScore value='27434'/>
		<gasScore value='3368'/>
		<totalScore value='100002'/>
	</player>

	<enemy>
		<race value='Terran'/>
		<unitScore value='15350'/>
		<unitScore value='15350'/>
		<killScore value='15750'/>
		<buildingScore value='4375'/>
		<razingScore value='3300'/>
		<mineralScore value='14506'/>
		<gasScore value='6074'/>
		<totalScore value='59355'/>
	</enemy>

	<scoreRatio value='1.68481'/>
</results>
