<results>
	<result value='loss'/>
	<start value='2015-04-26.23:20:26'/>
	<end value='2015-04-26.23:21:03'/>
	<frames value='46037'/>
	<gameDuration value='2877'/>

	<player>
		<unitScore value='11675'/>
		<killScore value='18350'/>
		<buildingScore value='3700'/>
		<razingScore value='375'/>
		<mineralScore value='15842'/>
		<gasScore value='4272'/>
		<totalScore value='54214'/>
	</player>

	<enemy>
		<race value='Terran'/>
		<unitScore value='28050'/>
		<unitScore value='28050'/>
		<killScore value='23350'/>
		<buildingScore value='5550'/>
		<razingScore value='11100'/>
		<mineralScore value='22266'/>
		<gasScore value='13494'/>
		<totalScore value='103810'/>
	</enemy>

	<scoreRatio value='0.522243'/>
</results>
