<results>
	<result value='win'/>
	<start value='2015-05-01.22:28:11'/>
	<end value='2015-05-01.22:28:42'/>
	<frames value='26352'/>
	<gameDuration value='1647'/>

	<player>
		<unitScore value='16425'/>
		<killScore value='18630'/>
		<buildingScore value='4275'/>
		<razingScore value='4560'/>
		<mineralScore value='22862'/>
		<gasScore value='1688'/>
		<totalScore value='68440'/>
	</player>

	<enemy>
		<race value='Zerg'/>
		<unitScore value='10075'/>
		<unitScore value='10075'/>
		<killScore value='14750'/>
		<buildingScore value='1520'/>
		<razingScore value='0'/>
		<mineralScore value='9738'/>
		<gasScore value='3240'/>
		<totalScore value='39323'/>
	</enemy>

	<scoreRatio value='1.74046'/>
	<timeFitness value='0.77125'/>
	<unitsAverage value='92'/>
</results>
