<results>
	<result value='win'/>
	<start value='2015-04-29.23:03:12'/>
	<end value='2015-04-29.23:03:47'/>
	<frames value='25577'/>
	<gameDuration value='1598'/>

	<player>
		<unitScore value='14725'/>
		<killScore value='20110'/>
		<buildingScore value='4475'/>
		<razingScore value='4560'/>
		<mineralScore value='23642'/>
		<gasScore value='1840'/>
		<totalScore value='69352'/>
	</player>

	<enemy>
		<race value='Zerg'/>
		<unitScore value='9300'/>
		<unitScore value='9300'/>
		<killScore value='8550'/>
		<buildingScore value='1520'/>
		<razingScore value='150'/>
		<mineralScore value='9258'/>
		<gasScore value='3144'/>
		<totalScore value='31922'/>
	</enemy>

	<scoreRatio value='2.17255'/>
	<timeFitness value='0.778056'/>
	<unitsAverage value='89'/>
</results>
