<results>
	<result value='win'/>
	<start value='2015-04-29.23:15:46'/>
	<end value='2015-04-29.23:16:23'/>
	<frames value='30475'/>
	<gameDuration value='1904'/>

	<player>
		<unitScore value='23950'/>
		<killScore value='23560'/>
		<buildingScore value='3725'/>
		<razingScore value='5970'/>
		<mineralScore value='29862'/>
		<gasScore value='0'/>
		<totalScore value='87067'/>
	</player>

	<enemy>
		<race value='Zerg'/>
		<unitScore value='11175'/>
		<unitScore value='11175'/>
		<killScore value='35600'/>
		<buildingScore value='1990'/>
		<razingScore value='0'/>
		<mineralScore value='11014'/>
		<gasScore value='3432'/>
		<totalScore value='63211'/>
	</enemy>

	<scoreRatio value='1.3774'/>
	<timeFitness value='0.735556'/>
	<unitsAverage value='84'/>
</results>
