<results>
	<result value='loss'/>
	<start value='2015-04-12.10:27:28'/>
	<end value='2015-04-12.10:28:22'/>
	<frames value='43433'/>
	<gameDuration value='2714'/>

	<player>
		<unitScore value='22075'/>
		<killScore value='28050'/>
		<buildingScore value='1975'/>
		<razingScore value='300'/>
		<mineralScore value='23646'/>
		<gasScore value='2768'/>
		<totalScore value='78814'/>
	</player>

	<enemy>
		<race value='Protoss'/>
		<unitScore value='32650'/>
		<unitScore value='32650'/>
		<killScore value='44250'/>
		<buildingScore value='7325'/>
		<razingScore value='5925'/>
		<mineralScore value='30890'/>
		<gasScore value='11650'/>
		<totalScore value='132690'/>
	</enemy>

	<scoreRatio value='0.593971'/>
</results>
