<results>
	<result value='loss'/>
	<start value='2015-07-21.14:44:26'/>
	<end value='2015-07-21.14:45:08'/>
	<frames value='28739'/>
	<gameDuration value='1796'/>

	<player>
		<unitScore value='15950'/>
		<killScore value='13950'/>
		<buildingScore value='2825'/>
		<razingScore value='0'/>
		<mineralScore value='21594'/>
		<gasScore value='2016'/>
		<totalScore value='56335'/>
	</player>

	<enemy>
		<race value='Zerg'/>
		<unitScore value='13225'/>
		<killScore value='31900'/>
		<buildingScore value='3290'/>
		<razingScore value='8475'/>
		<mineralScore value='17558'/>
		<gasScore value='5808'/>
		<totalScore value='80256'/>
	</enemy>

	<scoreRatio value='0.701941'/>
	<timeFitness value='0.249444'/>
	<unitsAverage value='75'/>
</results>
