<results>
	<result value='loss'/>
	<start value='2015-03-29.10:34:06'/>
	<end value='2015-03-29.10:35:34'/>
	<frames value='57259'/>
	<gameDuration value='3578'/>

	<player>
		<unitScore value='27050'/>
		<killScore value='34750'/>
		<buildingScore value='3475'/>
		<razingScore value='6000'/>
		<mineralScore value='29558'/>
		<gasScore value='5044'/>
		<totalScore value='105877'/>
	</player>

	<enemy>
		<race value='Protoss'/>
		<unitScore value='33240'/>
		<unitScore value='33240'/>
		<killScore value='54100'/>
		<buildingScore value='7975'/>
		<razingScore value='10425'/>
		<mineralScore value='31434'/>
		<gasScore value='11638'/>
		<totalScore value='148812'/>
	</enemy>

	<scoreRatio value='0.711482'/>
</results>
