<results>
	<result value='loss'/>
	<start value='2015-03-29.10:42:45'/>
	<end value='2015-03-29.10:42:54'/>
	<frames value='15223'/>
	<gameDuration value='951'/>

	<player>
		<unitScore value='2800'/>
		<killScore value='1000'/>
		<buildingScore value='1150'/>
		<razingScore value='0'/>
		<mineralScore value='4274'/>
		<gasScore value='608'/>
		<totalScore value='9832'/>
	</player>

	<enemy>
		<race value='Protoss'/>
		<unitScore value='3550'/>
		<unitScore value='3550'/>
		<killScore value='5600'/>
		<buildingScore value='2875'/>
		<razingScore value='3450'/>
		<mineralScore value='7786'/>
		<gasScore value='1416'/>
		<totalScore value='24677'/>
	</enemy>

	<scoreRatio value='0.398428'/>
</results>
