<results>
	<result value='loss'/>
	<start value='2015-05-06.22:08:24'/>
	<end value='2015-05-06.22:08:55'/>
	<frames value='31312'/>
	<gameDuration value='1957'/>

	<player>
		<unitScore value='8200'/>
		<killScore value='3300'/>
		<buildingScore value='2425'/>
		<razingScore value='0'/>
		<mineralScore value='11262'/>
		<gasScore value='2280'/>
		<totalScore value='27467'/>
	</player>

	<enemy>
		<race value='Protoss'/>
		<unitScore value='14700'/>
		<unitScore value='14700'/>
		<killScore value='16400'/>
		<buildingScore value='6925'/>
		<razingScore value='7275'/>
		<mineralScore value='18770'/>
		<gasScore value='7424'/>
		<totalScore value='71494'/>
	</enemy>

	<scoreRatio value='0.384186'/>
	<timeFitness value='0.271806'/>
	<unitsAverage value='32'/>
</results>
