<results>
	<result value='loss'/>
	<start value='2015-05-06.22:11:39'/>
	<end value='2015-05-06.22:11:53'/>
	<frames value='16339'/>
	<gameDuration value='1021'/>

	<player>
		<unitScore value='2950'/>
		<killScore value='600'/>
		<buildingScore value='1950'/>
		<razingScore value='0'/>
		<mineralScore value='5010'/>
		<gasScore value='760'/>
		<totalScore value='11270'/>
	</player>

	<enemy>
		<race value='Protoss'/>
		<unitScore value='3650'/>
		<unitScore value='3650'/>
		<killScore value='6000'/>
		<buildingScore value='3775'/>
		<razingScore value='5850'/>
		<mineralScore value='8418'/>
		<gasScore value='1608'/>
		<totalScore value='29301'/>
	</enemy>

	<scoreRatio value='0.384629'/>
	<timeFitness value='0.141806'/>
	<unitsAverage value='22'/>
</results>
