<results>
	<result value='loss'/>
	<start value='2015-05-06.22:24:41'/>
	<end value='2015-05-06.22:24:56'/>
	<frames value='17331'/>
	<gameDuration value='1083'/>

	<player>
		<unitScore value='3275'/>
		<killScore value='1200'/>
		<buildingScore value='1500'/>
		<razingScore value='0'/>
		<mineralScore value='4770'/>
		<gasScore value='856'/>
		<totalScore value='11601'/>
	</player>

	<enemy>
		<race value='Protoss'/>
		<unitScore value='3550'/>
		<unitScore value='3550'/>
		<killScore value='6300'/>
		<buildingScore value='4125'/>
		<razingScore value='4500'/>
		<mineralScore value='9554'/>
		<gasScore value='1624'/>
		<totalScore value='29653'/>
	</enemy>

	<scoreRatio value='0.391225'/>
	<timeFitness value='0.150417'/>
	<unitsAverage value='19'/>
</results>
