<results>
	<result value='loss'/>
	<start value='2015-05-06.22:24:27'/>
	<end value='2015-05-06.22:24:38'/>
	<frames value='14448'/>
	<gameDuration value='903'/>

	<player>
		<unitScore value='2775'/>
		<killScore value='200'/>
		<buildingScore value='1250'/>
		<razingScore value='0'/>
		<mineralScore value='4242'/>
		<gasScore value='720'/>
		<totalScore value='9187'/>
	</player>

	<enemy>
		<race value='Protoss'/>
		<unitScore value='3550'/>
		<unitScore value='3550'/>
		<killScore value='5550'/>
		<buildingScore value='2425'/>
		<razingScore value='3750'/>
		<mineralScore value='7474'/>
		<gasScore value='1264'/>
		<totalScore value='24013'/>
	</enemy>

	<scoreRatio value='0.382584'/>
	<timeFitness value='0.125417'/>
	<unitsAverage value='20'/>
</results>
