<results>
	<result value='win'/>
	<start value='2015-05-06.22:53:44'/>
	<end value='2015-05-06.22:55:48'/>
	<frames value='54655'/>
	<gameDuration value='3415'/>

	<player>
		<unitScore value='31850'/>
		<killScore value='37400'/>
		<buildingScore value='4500'/>
		<razingScore value='29925'/>
		<mineralScore value='35914'/>
		<gasScore value='6860'/>
		<totalScore value='146449'/>
	</player>

	<enemy>
		<race value='Protoss'/>
		<unitScore value='18700'/>
		<unitScore value='18700'/>
		<killScore value='42600'/>
		<buildingScore value='9975'/>
		<razingScore value='375'/>
		<mineralScore value='27122'/>
		<gasScore value='8704'/>
		<totalScore value='107476'/>
	</enemy>

	<scoreRatio value='1.36262'/>
	<timeFitness value='0.525694'/>
	<unitsAverage value='129'/>
</results>
