<results>
	<result value='loss'/>
	<start value='2015-04-03.21:03:07'/>
	<end value='2015-04-03.21:03:27'/>
	<frames value='36768'/>
	<gameDuration value='2298'/>

	<player>
		<unitScore value='12475'/>
		<killScore value='10950'/>
		<buildingScore value='1950'/>
		<razingScore value='750'/>
		<mineralScore value='13402'/>
		<gasScore value='3088'/>
		<totalScore value='42615'/>
	</player>

	<enemy>
		<race value='Protoss'/>
		<unitScore value='17600'/>
		<unitScore value='17600'/>
		<killScore value='24700'/>
		<buildingScore value='7875'/>
		<razingScore value='5850'/>
		<mineralScore value='23706'/>
		<gasScore value='7664'/>
		<totalScore value='87395'/>
	</enemy>

	<scoreRatio value='0.487614'/>
</results>
