<results>
	<result value='win'/>
	<start value='2014-07-24.17:16:37'/>
	<end value='2014-07-24.17:16:56'/>
	<frames value='27034'/>
	<gameDuration value='1689'/>

	<player>
		<unitScore value='13150'/>
		<killScore value='15850'/>
		<buildingScore value='3200'/>
		<razingScore value='13725'/>
		<mineralScore value='17130'/>
		<gasScore value='2480'/>
		<totalScore value='65535'/>
	</player>

	<enemy>
		<race value='Protoss'/>
		<unitScore value='8625'/>
		<unitScore value='8625'/>
		<killScore value='9400'/>
		<buildingScore value='4575'/>
		<razingScore value='0'/>
		<mineralScore value='11530'/>
		<gasScore value='2816'/>
		<totalScore value='36946'/>
	</enemy>

	<scoreRatio value='1.77381'/>
</results>
