<results>
	<result value='loss'/>
	<start value='2014-07-24.17:24:59'/>
	<end value='2014-07-24.17:25:23'/>
	<frames value='39744'/>
	<gameDuration value='2484'/>

	<player>
		<unitScore value='15725'/>
		<killScore value='16950'/>
		<buildingScore value='2875'/>
		<razingScore value='2100'/>
		<mineralScore value='18522'/>
		<gasScore value='2192'/>
		<totalScore value='58364'/>
	</player>

	<enemy>
		<race value='Protoss'/>
		<unitScore value='25475'/>
		<unitScore value='25475'/>
		<killScore value='31700'/>
		<buildingScore value='8325'/>
		<razingScore value='8625'/>
		<mineralScore value='27690'/>
		<gasScore value='9910'/>
		<totalScore value='111725'/>
	</enemy>

	<scoreRatio value='0.52239'/>
</results>
