<results>
	<result value='draw'/>
	<start value='2015-07-19.07:28:03'/>
	<end value='2015-07-19.07:30:52'/>
	<frames value='57601'/>
	<gameDuration value='3600'/>

	<player>
		<unitScore value='47600'/>
		<killScore value='49550'/>
		<buildingScore value='4500'/>
		<razingScore value='5625'/>
		<mineralScore value='39010'/>
		<gasScore value='14776'/>
		<totalScore value='161061'/>
	</player>

	<enemy>
		<race value='Protoss'/>
		<unitScore value='27025'/>
		<killScore value='76350'/>
		<buildingScore value='5125'/>
		<razingScore value='525'/>
		<mineralScore value='24050'/>
		<gasScore value='5818'/>
		<totalScore value='138893'/>
	</enemy>

	<scoreRatio value='1.1596'/>
	<timeFitness value='0.5'/>
	<unitsAverage value='169'/>
</results>
