<results>
	<result value='win'/>
	<start value='2015-04-28.19:59:16'/>
	<end value='2015-04-28.19:59:40'/>
	<frames value='20741'/>
	<gameDuration value='1296'/>

	<player>
		<unitScore value='10850'/>
		<killScore value='17080'/>
		<buildingScore value='3300'/>
		<razingScore value='4560'/>
		<mineralScore value='16234'/>
		<gasScore value='1776'/>
		<totalScore value='53800'/>
	</player>

	<enemy>
		<race value='Zerg'/>
		<unitScore value='8050'/>
		<unitScore value='8050'/>
		<killScore value='7100'/>
		<buildingScore value='1520'/>
		<razingScore value='0'/>
		<mineralScore value='7674'/>
		<gasScore value='2024'/>
		<totalScore value='26368'/>
	</enemy>

	<scoreRatio value='2.04035'/>
</results>
