<results>
	<result value='win'/>
	<start value='2015-04-28.20:04:33'/>
	<end value='2015-04-28.20:05:14'/>
	<frames value='28987'/>
	<gameDuration value='1811'/>

	<player>
		<unitScore value='17675'/>
		<killScore value='25485'/>
		<buildingScore value='4350'/>
		<razingScore value='4755'/>
		<mineralScore value='25162'/>
		<gasScore value='2464'/>
		<totalScore value='79891'/>
	</player>

	<enemy>
		<race value='Zerg'/>
		<unitScore value='11825'/>
		<unitScore value='11825'/>
		<killScore value='16600'/>
		<buildingScore value='1585'/>
		<razingScore value='0'/>
		<mineralScore value='10934'/>
		<gasScore value='3424'/>
		<totalScore value='44368'/>
	</enemy>

	<scoreRatio value='1.80064'/>
</results>
