<results>
	<result value='loss'/>
	<start value='2015-04-28.20:06:00'/>
	<end value='2015-04-28.20:06:05'/>
	<frames value='7535'/>
	<gameDuration value='470'/>

	<player>
		<unitScore value='1050'/>
		<killScore value='50'/>
		<buildingScore value='625'/>
		<razingScore value='0'/>
		<mineralScore value='1530'/>
		<gasScore value='136'/>
		<totalScore value='3391'/>
	</player>

	<enemy>
		<race value='Zerg'/>
		<unitScore value='1250'/>
		<unitScore value='1250'/>
		<killScore value='2000'/>
		<buildingScore value='440'/>
		<razingScore value='1875'/>
		<mineralScore value='2050'/>
		<gasScore value='24'/>
		<totalScore value='7639'/>
	</enemy>

	<scoreRatio value='0.443906'/>
</results>
