<results>
	<result value='draw'/>
	<start value='2014-07-24.02:42:12'/>
	<end value='2014-07-24.02:43:07'/>
	<frames value='57601'/>
	<gameDuration value='3600'/>

	<player>
		<unitScore value='29875'/>
		<killScore value='44950'/>
		<buildingScore value='4000'/>
		<razingScore value='3900'/>
		<mineralScore value='31454'/>
		<gasScore value='8136'/>
		<totalScore value='122315'/>
	</player>

	<enemy>
		<race value='Terran'/>
		<unitScore value='28000'/>
		<unitScore value='28000'/>
		<killScore value='42800'/>
		<buildingScore value='4625'/>
		<razingScore value='3450'/>
		<mineralScore value='21718'/>
		<gasScore value='12098'/>
		<totalScore value='112691'/>
	</enemy>

	<scoreRatio value='1.0854'/>
</results>
