<results>
	<result value='draw'/>
	<start value='2014-07-24.02:45:14'/>
	<end value='2014-07-24.02:46:22'/>
	<frames value='57601'/>
	<gameDuration value='3600'/>

	<player>
		<unitScore value='30600'/>
		<killScore value='34850'/>
		<buildingScore value='3300'/>
		<razingScore value='0'/>
		<mineralScore value='31686'/>
		<gasScore value='6896'/>
		<totalScore value='107332'/>
	</player>

	<enemy>
		<race value='Terran'/>
		<unitScore value='27750'/>
		<unitScore value='27750'/>
		<killScore value='50200'/>
		<buildingScore value='4100'/>
		<razingScore value='2325'/>
		<mineralScore value='19550'/>
		<gasScore value='12382'/>
		<totalScore value='116307'/>
	</enemy>

	<scoreRatio value='0.922834'/>
</results>
