<results>
	<result value='win'/>
	<start value='2015-05-09.19:36:42'/>
	<end value='2015-05-09.19:37:02'/>
	<frames value='23438'/>
	<gameDuration value='1464'/>

	<player>
		<unitScore value='11600'/>
		<killScore value='20150'/>
		<buildingScore value='3400'/>
		<razingScore value='8400'/>
		<mineralScore value='18286'/>
		<gasScore value='2416'/>
		<totalScore value='64252'/>
	</player>

	<enemy>
		<race value='Terran'/>
		<unitScore value='10375'/>
		<unitScore value='10375'/>
		<killScore value='6200'/>
		<buildingScore value='2800'/>
		<razingScore value='375'/>
		<mineralScore value='9738'/>
		<gasScore value='3240'/>
		<totalScore value='32728'/>
	</enemy>

	<scoreRatio value='1.96321'/>
	<timeFitness value='0.796667'/>
	<unitsAverage value='70'/>
</results>
