<results>
	<result value='loss'/>
	<start value='2015-07-11.22:46:15'/>
	<end value='2015-07-11.22:46:46'/>
	<frames value='51989'/>
	<gameDuration value='3249'/>

	<player>
		<unitScore value='16275'/>
		<killScore value='9100'/>
		<buildingScore value='2400'/>
		<razingScore value='0'/>
		<mineralScore value='14290'/>
		<gasScore value='4982'/>
		<totalScore value='47047'/>
	</player>

	<enemy>
		<race value='Terran'/>
		<unitScore value='20700'/>
		<killScore value='27900'/>
		<buildingScore value='4400'/>
		<razingScore value='7200'/>
		<mineralScore value='17518'/>
		<gasScore value='10924'/>
		<totalScore value='88642'/>
	</enemy>

	<scoreRatio value='0.530753'/>
	<timeFitness value='0.45125'/>
	<unitsAverage value='53'/>
</results>
