<results>
	<result value='loss'/>
	<start value='2015-04-11.05:15:14'/>
	<end value='2015-04-11.05:15:32'/>
	<frames value='18633'/>
	<gameDuration value='1164'/>

	<player>
		<unitScore value='4675'/>
		<killScore value='2400'/>
		<buildingScore value='1475'/>
		<razingScore value='0'/>
		<mineralScore value='6338'/>
		<gasScore value='864'/>
		<totalScore value='15752'/>
	</player>

	<enemy>
		<race value='Protoss'/>
		<unitScore value='4625'/>
		<unitScore value='4625'/>
		<killScore value='9000'/>
		<buildingScore value='3725'/>
		<razingScore value='4425'/>
		<mineralScore value='9666'/>
		<gasScore value='2304'/>
		<totalScore value='33745'/>
	</enemy>

	<scoreRatio value='0.466795'/>
</results>
