<results>
	<result value='win'/>
	<start value='2015-07-13.05:42:07'/>
	<end value='2015-07-13.05:42:28'/>
	<frames value='24368'/>
	<gameDuration value='1523'/>

	<player>
		<unitScore value='16275'/>
		<killScore value='16300'/>
		<buildingScore value='4300'/>
		<razingScore value='7725'/>
		<mineralScore value='21974'/>
		<gasScore value='2960'/>
		<totalScore value='69534'/>
	</player>

	<enemy>
		<race value='Protoss'/>
		<unitScore value='8150'/>
		<killScore value='9800'/>
		<buildingScore value='2575'/>
		<razingScore value='0'/>
		<mineralScore value='9490'/>
		<gasScore value='3104'/>
		<totalScore value='33119'/>
	</enemy>

	<scoreRatio value='2.09952'/>
	<timeFitness value='0.788472'/>
	<unitsAverage value='84'/>
</results>
