<results>
	<result value='loss'/>
	<start value='2015-07-11.21:05:59'/>
	<end value='2015-07-11.21:06:44'/>
	<frames value='51400'/>
	<gameDuration value='3212'/>

	<player>
		<unitScore value='35250'/>
		<killScore value='17400'/>
		<buildingScore value='5800'/>
		<razingScore value='0'/>
		<mineralScore value='36874'/>
		<gasScore value='4104'/>
		<totalScore value='99428'/>
	</player>

	<enemy>
		<race value='Protoss'/>
		<unitScore value='19300'/>
		<killScore value='67550'/>
		<buildingScore value='5175'/>
		<razingScore value='17400'/>
		<mineralScore value='19550'/>
		<gasScore value='9558'/>
		<totalScore value='138533'/>
	</enemy>

	<scoreRatio value='0.717721'/>
	<timeFitness value='0.446111'/>
	<unitsAverage value='81'/>
</results>
