<results>
	<result value='draw'/>
	<start value='2015-07-11.21:22:33'/>
	<end value='2015-07-11.21:24:29'/>
	<frames value='57601'/>
	<gameDuration value='3600'/>

	<player>
		<unitScore value='39275'/>
		<killScore value='31150'/>
		<buildingScore value='5125'/>
		<razingScore value='4725'/>
		<mineralScore value='50910'/>
		<gasScore value='9914'/>
		<totalScore value='141099'/>
	</player>

	<enemy>
		<race value='Protoss'/>
		<unitScore value='18725'/>
		<killScore value='54400'/>
		<buildingScore value='3175'/>
		<razingScore value='2250'/>
		<mineralScore value='12050'/>
		<gasScore value='5784'/>
		<totalScore value='96384'/>
	</enemy>

	<scoreRatio value='1.46393'/>
	<timeFitness value='0.5'/>
	<unitsAverage value='172'/>
</results>
