<results>
	<result value='loss'/>
	<start value='2015-04-07.15:09:33'/>
	<end value='2015-04-07.15:09:40'/>
	<frames value='14882'/>
	<gameDuration value='930'/>

	<player>
		<unitScore value='3325'/>
		<killScore value='400'/>
		<buildingScore value='1425'/>
		<razingScore value='0'/>
		<mineralScore value='4546'/>
		<gasScore value='960'/>
		<totalScore value='10656'/>
	</player>

	<enemy>
		<race value='Protoss'/>
		<unitScore value='3925'/>
		<unitScore value='3925'/>
		<killScore value='5550'/>
		<buildingScore value='2825'/>
		<razingScore value='4275'/>
		<mineralScore value='7634'/>
		<gasScore value='1768'/>
		<totalScore value='25977'/>
	</enemy>

	<scoreRatio value='0.410209'/>
</results>
