<results>
	<result value='loss'/>
	<start value='2014-07-22.23:55:38'/>
	<end value='2014-07-22.23:56:33'/>
	<frames value='50687'/>
	<gameDuration value='3167'/>

	<player>
		<unitScore value='22750'/>
		<killScore value='47900'/>
		<buildingScore value='2900'/>
		<razingScore value='3585'/>
		<mineralScore value='24090'/>
		<gasScore value='4336'/>
		<totalScore value='105561'/>
	</player>

	<enemy>
		<race value='Zerg'/>
		<unitScore value='33525'/>
		<unitScore value='33525'/>
		<killScore value='45500'/>
		<buildingScore value='5255'/>
		<razingScore value='8700'/>
		<mineralScore value='30074'/>
		<gasScore value='10428'/>
		<totalScore value='133482'/>
	</enemy>

	<scoreRatio value='0.790826'/>
</results>
