<results>
	<result value='loss'/>
	<start value='2015-07-16.06:35:59'/>
	<end value='2015-07-16.06:36:11'/>
	<frames value='18788'/>
	<gameDuration value='1174'/>

	<player>
		<unitScore value='5725'/>
		<killScore value='1500'/>
		<buildingScore value='2075'/>
		<razingScore value='300'/>
		<mineralScore value='7386'/>
		<gasScore value='880'/>
		<totalScore value='17866'/>
	</player>

	<enemy>
		<race value='Terran'/>
		<unitScore value='6050'/>
		<killScore value='11450'/>
		<buildingScore value='2250'/>
		<razingScore value='6225'/>
		<mineralScore value='8690'/>
		<gasScore value='2840'/>
		<totalScore value='37505'/>
	</enemy>

	<scoreRatio value='0.476363'/>
	<timeFitness value='0.163056'/>
	<unitsAverage value='26'/>
</results>
