<results>
	<result value='draw'/>
	<start value='2015-07-16.06:37:50'/>
	<end value='2015-07-16.06:40:05'/>
	<frames value='57601'/>
	<gameDuration value='3600'/>

	<player>
		<unitScore value='43375'/>
		<killScore value='21550'/>
		<buildingScore value='3650'/>
		<razingScore value='150'/>
		<mineralScore value='38994'/>
		<gasScore value='11968'/>
		<totalScore value='119687'/>
	</player>

	<enemy>
		<race value='Terran'/>
		<unitScore value='18675'/>
		<killScore value='70700'/>
		<buildingScore value='3100'/>
		<razingScore value='1575'/>
		<mineralScore value='24050'/>
		<gasScore value='6524'/>
		<totalScore value='124624'/>
	</enemy>

	<scoreRatio value='0.960385'/>
	<timeFitness value='0.5'/>
	<unitsAverage value='107'/>
</results>
