<results>
	<result value='loss'/>
	<start value='2015-07-20.06:33:04'/>
	<end value='2015-07-20.06:33:33'/>
	<frames value='20555'/>
	<gameDuration value='1284'/>

	<player>
		<unitScore value='6850'/>
		<killScore value='1600'/>
		<buildingScore value='3425'/>
		<razingScore value='0'/>
		<mineralScore value='16386'/>
		<gasScore value='1112'/>
		<totalScore value='29373'/>
	</player>

	<enemy>
		<race value='Zerg'/>
		<unitScore value='7400'/>
		<killScore value='12500'/>
		<buildingScore value='2315'/>
		<razingScore value='10275'/>
		<mineralScore value='9338'/>
		<gasScore value='3344'/>
		<totalScore value='45172'/>
	</enemy>

	<scoreRatio value='0.650248'/>
	<timeFitness value='0.178333'/>
	<unitsAverage value='45'/>
</results>
