<results>
	<result value='win'/>
	<start value='2015-05-05.02:58:41'/>
	<end value='2015-05-05.02:58:50'/>
	<frames value='15068'/>
	<gameDuration value='941'/>

	<player>
		<unitScore value='5550'/>
		<killScore value='7400'/>
		<buildingScore value='1875'/>
		<razingScore value='3825'/>
		<mineralScore value='8970'/>
		<gasScore value='1104'/>
		<totalScore value='28724'/>
	</player>

	<enemy>
		<race value='Terran'/>
		<unitScore value='3700'/>
		<unitScore value='3700'/>
		<killScore value='1700'/>
		<buildingScore value='1275'/>
		<razingScore value='0'/>
		<mineralScore value='4970'/>
		<gasScore value='1376'/>
		<totalScore value='13021'/>
	</enemy>

	<scoreRatio value='2.20598'/>
	<timeFitness value='0.869306'/>
	<unitsAverage value='45'/>
</results>
