<results>
	<result value='win'/>
	<start value='2015-05-05.03:04:54'/>
	<end value='2015-05-05.03:05:17'/>
	<frames value='24089'/>
	<gameDuration value='1505'/>

	<player>
		<unitScore value='14725'/>
		<killScore value='11650'/>
		<buildingScore value='4075'/>
		<razingScore value='4275'/>
		<mineralScore value='25474'/>
		<gasScore value='1744'/>
		<totalScore value='61943'/>
	</player>

	<enemy>
		<race value='Terran'/>
		<unitScore value='5825'/>
		<unitScore value='5825'/>
		<killScore value='8800'/>
		<buildingScore value='1500'/>
		<razingScore value='0'/>
		<mineralScore value='11842'/>
		<gasScore value='1504'/>
		<totalScore value='29471'/>
	</enemy>

	<scoreRatio value='2.10183'/>
	<timeFitness value='0.790972'/>
	<unitsAverage value='92'/>
</results>
