<results>
	<result value='loss'/>
	<start value='2015-05-05.03:07:49'/>
	<end value='2015-05-05.03:08:05'/>
	<frames value='29080'/>
	<gameDuration value='1817'/>

	<player>
		<unitScore value='4725'/>
		<killScore value='12150'/>
		<buildingScore value='1975'/>
		<razingScore value='600'/>
		<mineralScore value='6642'/>
		<gasScore value='744'/>
		<totalScore value='26836'/>
	</player>

	<enemy>
		<race value='Terran'/>
		<unitScore value='10675'/>
		<unitScore value='10675'/>
		<killScore value='9450'/>
		<buildingScore value='2950'/>
		<razingScore value='5925'/>
		<mineralScore value='10874'/>
		<gasScore value='3792'/>
		<totalScore value='43666'/>
	</enemy>

	<scoreRatio value='0.614574'/>
	<timeFitness value='0.252361'/>
	<unitsAverage value='26'/>
</results>
