<results>
	<result value='draw'/>
	<start value='2015-07-21.16:33:05'/>
	<end value='2015-07-21.16:36:03'/>
	<frames value='57601'/>
	<gameDuration value='3600'/>

	<player>
		<unitScore value='38275'/>
		<killScore value='47950'/>
		<buildingScore value='4075'/>
		<razingScore value='0'/>
		<mineralScore value='35938'/>
		<gasScore value='5598'/>
		<totalScore value='131836'/>
	</player>

	<enemy>
		<race value='Zerg'/>
		<unitScore value='31775'/>
		<killScore value='51300'/>
		<buildingScore value='4160'/>
		<razingScore value='3525'/>
		<mineralScore value='27050'/>
		<gasScore value='14904'/>
		<totalScore value='132714'/>
	</enemy>

	<scoreRatio value='0.993384'/>
	<timeFitness value='0.5'/>
	<unitsAverage value='155'/>
</results>
