<results>
	<result value='loss'/>
	<start value='2015-07-21.16:38:33'/>
	<end value='2015-07-21.16:39:33'/>
	<frames value='46378'/>
	<gameDuration value='2898'/>

	<player>
		<unitScore value='28600'/>
		<killScore value='21675'/>
		<buildingScore value='4275'/>
		<razingScore value='0'/>
		<mineralScore value='31558'/>
		<gasScore value='5736'/>
		<totalScore value='91844'/>
	</player>

	<enemy>
		<race value='Zerg'/>
		<unitScore value='28025'/>
		<killScore value='57200'/>
		<buildingScore value='4790'/>
		<razingScore value='12825'/>
		<mineralScore value='28554'/>
		<gasScore value='8788'/>
		<totalScore value='140182'/>
	</enemy>

	<scoreRatio value='0.655177'/>
	<timeFitness value='0.4025'/>
	<unitsAverage value='62'/>
</results>
