<results>
	<result value='loss'/>
	<start value='2015-07-21.16:54:18'/>
	<end value='2015-07-21.16:54:50'/>
	<frames value='25918'/>
	<gameDuration value='1619'/>

	<player>
		<unitScore value='13250'/>
		<killScore value='7800'/>
		<buildingScore value='2975'/>
		<razingScore value='0'/>
		<mineralScore value='21982'/>
		<gasScore value='2544'/>
		<totalScore value='48551'/>
	</player>

	<enemy>
		<race value='Zerg'/>
		<unitScore value='16350'/>
		<killScore value='26500'/>
		<buildingScore value='2955'/>
		<razingScore value='8925'/>
		<mineralScore value='16174'/>
		<gasScore value='5064'/>
		<totalScore value='75968'/>
	</enemy>

	<scoreRatio value='0.639098'/>
	<timeFitness value='0.224861'/>
	<unitsAverage value='53'/>
</results>
