<results>
	<result value='loss'/>
	<start value='2015-05-10.03:01:42'/>
	<end value='2015-05-10.03:01:54'/>
	<frames value='15905'/>
	<gameDuration value='994'/>

	<player>
		<unitScore value='4325'/>
		<killScore value='1000'/>
		<buildingScore value='1675'/>
		<razingScore value='0'/>
		<mineralScore value='6114'/>
		<gasScore value='1128'/>
		<totalScore value='14242'/>
	</player>

	<enemy>
		<race value='Protoss'/>
		<unitScore value='4675'/>
		<unitScore value='4675'/>
		<killScore value='8650'/>
		<buildingScore value='2775'/>
		<razingScore value='5025'/>
		<mineralScore value='8010'/>
		<gasScore value='2120'/>
		<totalScore value='31255'/>
	</enemy>

	<scoreRatio value='0.455671'/>
	<timeFitness value='0.138056'/>
	<unitsAverage value='30'/>
</results>
