<results>
	<result value='win'/>
	<start value='2015-05-10.03:07:39'/>
	<end value='2015-05-10.03:09:01'/>
	<frames value='43061'/>
	<gameDuration value='2691'/>

	<player>
		<unitScore value='33975'/>
		<killScore value='45730'/>
		<buildingScore value='3550'/>
		<razingScore value='19050'/>
		<mineralScore value='33758'/>
		<gasScore value='4856'/>
		<totalScore value='140919'/>
	</player>

	<enemy>
		<race value='Protoss'/>
		<unitScore value='24115'/>
		<unitScore value='24115'/>
		<killScore value='46050'/>
		<buildingScore value='6350'/>
		<razingScore value='150'/>
		<mineralScore value='24698'/>
		<gasScore value='8360'/>
		<totalScore value='109723'/>
	</enemy>

	<scoreRatio value='1.28432'/>
	<timeFitness value='0.62625'/>
	<unitsAverage value='123'/>
</results>
