<results>
	<result value='loss'/>
	<start value='2015-07-14.05:01:53'/>
	<end value='2015-07-14.05:02:04'/>
	<frames value='15688'/>
	<gameDuration value='980'/>

	<player>
		<unitScore value='3850'/>
		<killScore value='1200'/>
		<buildingScore value='1350'/>
		<razingScore value='0'/>
		<mineralScore value='4818'/>
		<gasScore value='760'/>
		<totalScore value='11978'/>
	</player>

	<enemy>
		<race value='Protoss'/>
		<unitScore value='3550'/>
		<killScore value='7600'/>
		<buildingScore value='3125'/>
		<razingScore value='4050'/>
		<mineralScore value='7978'/>
		<gasScore value='1568'/>
		<totalScore value='27871'/>
	</enemy>

	<scoreRatio value='0.429766'/>
	<timeFitness value='0.136111'/>
	<unitsAverage value='23'/>
</results>
