<results>
	<result value='win'/>
	<start value='2015-07-14.05:09:22'/>
	<end value='2015-07-14.05:09:49'/>
	<frames value='22167'/>
	<gameDuration value='1385'/>

	<player>
		<unitScore value='13375'/>
		<killScore value='10200'/>
		<buildingScore value='3325'/>
		<razingScore value='7275'/>
		<mineralScore value='15514'/>
		<gasScore value='2336'/>
		<totalScore value='52025'/>
	</player>

	<enemy>
		<race value='Protoss'/>
		<unitScore value='5100'/>
		<killScore value='7800'/>
		<buildingScore value='2425'/>
		<razingScore value='150'/>
		<mineralScore value='8170'/>
		<gasScore value='1744'/>
		<totalScore value='25389'/>
	</enemy>

	<scoreRatio value='2.04912'/>
	<timeFitness value='0.807639'/>
	<unitsAverage value='70'/>
</results>
