<results>
	<result value='loss'/>
	<start value='2015-07-14.05:30:33'/>
	<end value='2015-07-14.05:31:21'/>
	<frames value='37202'/>
	<gameDuration value='2325'/>

	<player>
		<unitScore value='22500'/>
		<killScore value='11100'/>
		<buildingScore value='2475'/>
		<razingScore value='300'/>
		<mineralScore value='19682'/>
		<gasScore value='3200'/>
		<totalScore value='59257'/>
	</player>

	<enemy>
		<race value='Protoss'/>
		<unitScore value='24200'/>
		<killScore value='41650'/>
		<buildingScore value='7275'/>
		<razingScore value='7425'/>
		<mineralScore value='25074'/>
		<gasScore value='9544'/>
		<totalScore value='115168'/>
	</enemy>

	<scoreRatio value='0.514527'/>
	<timeFitness value='0.322917'/>
	<unitsAverage value='63'/>
</results>
