<results>
	<result value='win'/>
	<start value='2015-05-09.06:34:22'/>
	<end value='2015-05-09.06:34:48'/>
	<frames value='33203'/>
	<gameDuration value='2075'/>

	<player>
		<unitScore value='16175'/>
		<killScore value='27850'/>
		<buildingScore value='4150'/>
		<razingScore value='13125'/>
		<mineralScore value='25906'/>
		<gasScore value='2616'/>
		<totalScore value='89822'/>
	</player>

	<enemy>
		<race value='Terran'/>
		<unitScore value='15825'/>
		<unitScore value='15825'/>
		<killScore value='9050'/>
		<buildingScore value='4525'/>
		<razingScore value='1875'/>
		<mineralScore value='13714'/>
		<gasScore value='6760'/>
		<totalScore value='51749'/>
	</enemy>

	<scoreRatio value='1.73572'/>
	<timeFitness value='0.711806'/>
	<unitsAverage value='83'/>
</results>
