<results>
	<result value='win'/>
	<start value='2015-05-09.06:36:30'/>
	<end value='2015-05-09.06:37:19'/>
	<frames value='54655'/>
	<gameDuration value='3415'/>

	<player>
		<unitScore value='32700'/>
		<killScore value='39950'/>
		<buildingScore value='4075'/>
		<razingScore value='12225'/>
		<mineralScore value='36566'/>
		<gasScore value='5824'/>
		<totalScore value='131340'/>
	</player>

	<enemy>
		<race value='Terran'/>
		<unitScore value='27900'/>
		<unitScore value='27900'/>
		<killScore value='47750'/>
		<buildingScore value='4075'/>
		<razingScore value='3525'/>
		<mineralScore value='19550'/>
		<gasScore value='11224'/>
		<totalScore value='114024'/>
	</enemy>

	<scoreRatio value='1.15186'/>
	<timeFitness value='0.525694'/>
	<unitsAverage value='108'/>
</results>
