<results>
	<result value='win'/>
	<start value='2015-05-09.06:37:47'/>
	<end value='2015-05-09.06:38:31'/>
	<frames value='37946'/>
	<gameDuration value='2371'/>

	<player>
		<unitScore value='17775'/>
		<killScore value='22800'/>
		<buildingScore value='5075'/>
		<razingScore value='7050'/>
		<mineralScore value='36750'/>
		<gasScore value='4184'/>
		<totalScore value='93634'/>
	</player>

	<enemy>
		<race value='Terran'/>
		<unitScore value='11400'/>
		<unitScore value='11400'/>
		<killScore value='12100'/>
		<buildingScore value='2350'/>
		<razingScore value='750'/>
		<mineralScore value='11066'/>
		<gasScore value='3864'/>
		<totalScore value='41530'/>
	</enemy>

	<scoreRatio value='2.25461'/>
	<timeFitness value='0.670694'/>
	<unitsAverage value='120'/>
</results>
