<results>
	<result value='loss'/>
	<start value='2015-05-09.06:38:47'/>
	<end value='2015-05-09.06:38:55'/>
	<frames value='18757'/>
	<gameDuration value='1172'/>

	<player>
		<unitScore value='5450'/>
		<killScore value='1300'/>
		<buildingScore value='2275'/>
		<razingScore value='0'/>
		<mineralScore value='8050'/>
		<gasScore value='792'/>
		<totalScore value='17867'/>
	</player>

	<enemy>
		<race value='Terran'/>
		<unitScore value='7200'/>
		<unitScore value='7200'/>
		<killScore value='10900'/>
		<buildingScore value='2900'/>
		<razingScore value='6825'/>
		<mineralScore value='8618'/>
		<gasScore value='3096'/>
		<totalScore value='39539'/>
	</enemy>

	<scoreRatio value='0.451883'/>
	<timeFitness value='0.162778'/>
	<unitsAverage value='28'/>
</results>
