<results>
	<result value='win'/>
	<start value='2015-05-09.06:44:08'/>
	<end value='2015-05-09.06:44:24'/>
	<frames value='22415'/>
	<gameDuration value='1400'/>

	<player>
		<unitScore value='12750'/>
		<killScore value='15000'/>
		<buildingScore value='3925'/>
		<razingScore value='5250'/>
		<mineralScore value='21214'/>
		<gasScore value='2120'/>
		<totalScore value='60259'/>
	</player>

	<enemy>
		<race value='Terran'/>
		<unitScore value='7500'/>
		<unitScore value='7500'/>
		<killScore value='8950'/>
		<buildingScore value='1750'/>
		<razingScore value='300'/>
		<mineralScore value='8130'/>
		<gasScore value='2184'/>
		<totalScore value='28814'/>
	</enemy>

	<scoreRatio value='2.09131'/>
	<timeFitness value='0.805556'/>
	<unitsAverage value='78'/>
</results>
