<results>
	<result value='loss'/>
	<start value='2015-05-09.06:46:34'/>
	<end value='2015-05-09.06:46:41'/>
	<frames value='16835'/>
	<gameDuration value='1052'/>

	<player>
		<unitScore value='3850'/>
		<killScore value='700'/>
		<buildingScore value='1525'/>
		<razingScore value='0'/>
		<mineralScore value='5354'/>
		<gasScore value='712'/>
		<totalScore value='12141'/>
	</player>

	<enemy>
		<race value='Terran'/>
		<unitScore value='5650'/>
		<unitScore value='5650'/>
		<killScore value='7700'/>
		<buildingScore value='2175'/>
		<razingScore value='4575'/>
		<mineralScore value='7570'/>
		<gasScore value='2624'/>
		<totalScore value='30294'/>
	</enemy>

	<scoreRatio value='0.400772'/>
	<timeFitness value='0.146111'/>
	<unitsAverage value='23'/>
</results>
