<results>
	<result value='draw'/>
	<start value='2014-07-24.03:52:23'/>
	<end value='2014-07-24.03:53:18'/>
	<frames value='57601'/>
	<gameDuration value='3600'/>

	<player>
		<unitScore value='17125'/>
		<killScore value='21200'/>
		<buildingScore value='5475'/>
		<razingScore value='4800'/>
		<mineralScore value='39994'/>
		<gasScore value='7338'/>
		<totalScore value='95932'/>
	</player>

	<enemy>
		<race value='Terran'/>
		<unitScore value='12800'/>
		<unitScore value='12800'/>
		<killScore value='20250'/>
		<buildingScore value='3875'/>
		<razingScore value='5250'/>
		<mineralScore value='12298'/>
		<gasScore value='6428'/>
		<totalScore value='60901'/>
	</enemy>

	<scoreRatio value='1.57521'/>
</results>
