<results>
	<result value='win'/>
	<start value='2014-07-24.03:53:49'/>
	<end value='2014-07-24.03:54:22'/>
	<frames value='38225'/>
	<gameDuration value='2389'/>

	<player>
		<unitScore value='16250'/>
		<killScore value='27150'/>
		<buildingScore value='5700'/>
		<razingScore value='11250'/>
		<mineralScore value='30310'/>
		<gasScore value='4104'/>
		<totalScore value='94764'/>
	</player>

	<enemy>
		<race value='Terran'/>
		<unitScore value='18075'/>
		<unitScore value='18075'/>
		<killScore value='10100'/>
		<buildingScore value='3750'/>
		<razingScore value='3450'/>
		<mineralScore value='15490'/>
		<gasScore value='7472'/>
		<totalScore value='58337'/>
	</enemy>

	<scoreRatio value='1.62442'/>
</results>
