<results>
	<result value='win'/>
	<start value='2014-07-24.03:55:25'/>
	<end value='2014-07-24.03:55:38'/>
	<frames value='22291'/>
	<gameDuration value='1393'/>

	<player>
		<unitScore value='8375'/>
		<killScore value='17500'/>
		<buildingScore value='3250'/>
		<razingScore value='7575'/>
		<mineralScore value='14962'/>
		<gasScore value='1816'/>
		<totalScore value='53478'/>
	</player>

	<enemy>
		<race value='Terran'/>
		<unitScore value='9100'/>
		<unitScore value='9100'/>
		<killScore value='3200'/>
		<buildingScore value='2525'/>
		<razingScore value='1425'/>
		<mineralScore value='9786'/>
		<gasScore value='3064'/>
		<totalScore value='29100'/>
	</enemy>

	<scoreRatio value='1.83773'/>
</results>
