<results>
	<result value='draw'/>
	<start value='2014-07-24.03:56:41'/>
	<end value='2014-07-24.03:57:10'/>
	<frames value='57601'/>
	<gameDuration value='3600'/>

	<player>
		<unitScore value='11975'/>
		<killScore value='13150'/>
		<buildingScore value='3075'/>
		<razingScore value='0'/>
		<mineralScore value='14794'/>
		<gasScore value='3456'/>
		<totalScore value='46450'/>
	</player>

	<enemy>
		<race value='Terran'/>
		<unitScore value='20175'/>
		<unitScore value='20175'/>
		<killScore value='23950'/>
		<buildingScore value='3875'/>
		<razingScore value='7050'/>
		<mineralScore value='19534'/>
		<gasScore value='12316'/>
		<totalScore value='86900'/>
	</enemy>

	<scoreRatio value='0.534522'/>
</results>
