<results>
	<result value='loss'/>
	<start value='2014-07-24.03:58:56'/>
	<end value='2014-07-24.03:59:09'/>
	<frames value='26693'/>
	<gameDuration value='1668'/>

	<player>
		<unitScore value='7450'/>
		<killScore value='5550'/>
		<buildingScore value='2700'/>
		<razingScore value='0'/>
		<mineralScore value='10418'/>
		<gasScore value='1168'/>
		<totalScore value='27286'/>
	</player>

	<enemy>
		<race value='Terran'/>
		<unitScore value='13450'/>
		<unitScore value='13450'/>
		<killScore value='14900'/>
		<buildingScore value='4525'/>
		<razingScore value='8100'/>
		<mineralScore value='13514'/>
		<gasScore value='6576'/>
		<totalScore value='61065'/>
	</enemy>

	<scoreRatio value='0.446835'/>
</results>
