<results>
	<result value='loss'/>
	<start value='2015-04-07.17:13:00'/>
	<end value='2015-04-07.17:13:37'/>
	<frames value='45696'/>
	<gameDuration value='2856'/>

	<player>
		<unitScore value='19525'/>
		<killScore value='24100'/>
		<buildingScore value='2875'/>
		<razingScore value='1200'/>
		<mineralScore value='24026'/>
		<gasScore value='4752'/>
		<totalScore value='76478'/>
	</player>

	<enemy>
		<race value='Protoss'/>
		<unitScore value='32550'/>
		<unitScore value='32550'/>
		<killScore value='39150'/>
		<buildingScore value='7975'/>
		<razingScore value='8625'/>
		<mineralScore value='30850'/>
		<gasScore value='12714'/>
		<totalScore value='131864'/>
	</enemy>

	<scoreRatio value='0.579976'/>
</results>
