<results>
	<result value='loss'/>
	<start value='2015-04-08.05:28:39'/>
	<end value='2015-04-08.05:28:55'/>
	<frames value='30692'/>
	<gameDuration value='1918'/>

	<player>
		<unitScore value='10300'/>
		<killScore value='5500'/>
		<buildingScore value='1725'/>
		<razingScore value='0'/>
		<mineralScore value='11350'/>
		<gasScore value='2048'/>
		<totalScore value='30923'/>
	</player>

	<enemy>
		<race value='Protoss'/>
		<unitScore value='15450'/>
		<unitScore value='15450'/>
		<killScore value='20600'/>
		<buildingScore value='6875'/>
		<razingScore value='5175'/>
		<mineralScore value='19302'/>
		<gasScore value='7232'/>
		<totalScore value='74634'/>
	</enemy>

	<scoreRatio value='0.414329'/>
</results>
