<results>
	<result value='loss'/>
	<start value='2015-07-14.02:06:24'/>
	<end value='2015-07-14.02:07:05'/>
	<frames value='40488'/>
	<gameDuration value='2530'/>

	<player>
		<unitScore value='18575'/>
		<killScore value='12000'/>
		<buildingScore value='3825'/>
		<razingScore value='900'/>
		<mineralScore value='18234'/>
		<gasScore value='4000'/>
		<totalScore value='57534'/>
	</player>

	<enemy>
		<race value='Protoss'/>
		<unitScore value='27400'/>
		<killScore value='37000'/>
		<buildingScore value='8475'/>
		<razingScore value='11475'/>
		<mineralScore value='28226'/>
		<gasScore value='11194'/>
		<totalScore value='123770'/>
	</enemy>

	<scoreRatio value='0.464846'/>
	<timeFitness value='0.351389'/>
	<unitsAverage value='71'/>
</results>
