<results>
	<result value='draw'/>
	<start value='2015-07-18.00:39:57'/>
	<end value='2015-07-18.00:41:34'/>
	<frames value='57601'/>
	<gameDuration value='3600'/>

	<player>
		<unitScore value='27425'/>
		<killScore value='15000'/>
		<buildingScore value='4100'/>
		<razingScore value='300'/>
		<mineralScore value='33062'/>
		<gasScore value='3216'/>
		<totalScore value='83103'/>
	</player>

	<enemy>
		<race value='Terran'/>
		<unitScore value='25925'/>
		<killScore value='44650'/>
		<buildingScore value='5025'/>
		<razingScore value='5100'/>
		<mineralScore value='29458'/>
		<gasScore value='11638'/>
		<totalScore value='121796'/>
	</enemy>

	<scoreRatio value='0.682313'/>
	<timeFitness value='0.5'/>
	<unitsAverage value='93'/>
</results>
