<results>
	<result value='loss'/>
	<start value='2015-07-18.00:43:59'/>
	<end value='2015-07-18.00:44:19'/>
	<frames value='19408'/>
	<gameDuration value='1213'/>

	<player>
		<unitScore value='6475'/>
		<killScore value='1550'/>
		<buildingScore value='2725'/>
		<razingScore value='0'/>
		<mineralScore value='8530'/>
		<gasScore value='1096'/>
		<totalScore value='20376'/>
	</player>

	<enemy>
		<race value='Terran'/>
		<unitScore value='7375'/>
		<killScore value='12200'/>
		<buildingScore value='2900'/>
		<razingScore value='8175'/>
		<mineralScore value='9002'/>
		<gasScore value='3336'/>
		<totalScore value='42988'/>
	</enemy>

	<scoreRatio value='0.473993'/>
	<timeFitness value='0.168472'/>
	<unitsAverage value='32'/>
</results>
