<results>
	<result value='win'/>
	<start value='2015-07-18.00:49:36'/>
	<end value='2015-07-18.00:49:53'/>
	<frames value='17021'/>
	<gameDuration value='1063'/>

	<player>
		<unitScore value='5250'/>
		<killScore value='7150'/>
		<buildingScore value='2400'/>
		<razingScore value='3600'/>
		<mineralScore value='7378'/>
		<gasScore value='1600'/>
		<totalScore value='27378'/>
	</player>

	<enemy>
		<race value='Terran'/>
		<unitScore value='3575'/>
		<killScore value='2250'/>
		<buildingScore value='1200'/>
		<razingScore value='0'/>
		<mineralScore value='6386'/>
		<gasScore value='1304'/>
		<totalScore value='14715'/>
	</enemy>

	<scoreRatio value='1.86055'/>
	<timeFitness value='0.852361'/>
	<unitsAverage value='37'/>
</results>
