<results>
	<result value='loss'/>
	<start value='2015-07-18.00:49:59'/>
	<end value='2015-07-18.00:50:27'/>
	<frames value='27375'/>
	<gameDuration value='1710'/>

	<player>
		<unitScore value='12275'/>
		<killScore value='3850'/>
		<buildingScore value='4075'/>
		<razingScore value='0'/>
		<mineralScore value='17078'/>
		<gasScore value='2456'/>
		<totalScore value='39734'/>
	</player>

	<enemy>
		<race value='Terran'/>
		<unitScore value='8600'/>
		<killScore value='22950'/>
		<buildingScore value='3250'/>
		<razingScore value='12225'/>
		<mineralScore value='16114'/>
		<gasScore value='4504'/>
		<totalScore value='67643'/>
	</enemy>

	<scoreRatio value='0.587407'/>
	<timeFitness value='0.2375'/>
	<unitsAverage value='48'/>
</results>
