<results>
	<result value='loss'/>
	<start value='2015-05-10.05:20:13'/>
	<end value='2015-05-10.05:20:42'/>
	<frames value='33792'/>
	<gameDuration value='2112'/>

	<player>
		<unitScore value='10000'/>
		<killScore value='10600'/>
		<buildingScore value='1775'/>
		<razingScore value='0'/>
		<mineralScore value='12786'/>
		<gasScore value='1368'/>
		<totalScore value='36529'/>
	</player>

	<enemy>
		<race value='Protoss'/>
		<unitScore value='17150'/>
		<unitScore value='17150'/>
		<killScore value='20000'/>
		<buildingScore value='7725'/>
		<razingScore value='5325'/>
		<mineralScore value='22490'/>
		<gasScore value='7416'/>
		<totalScore value='80106'/>
	</enemy>

	<scoreRatio value='0.456008'/>
	<timeFitness value='0.293333'/>
	<unitsAverage value='37'/>
</results>
