<results>
	<result value='win'/>
	<start value='2015-05-10.05:27:42'/>
	<end value='2015-05-10.05:29:53'/>
	<frames value='56205'/>
	<gameDuration value='3512'/>

	<player>
		<unitScore value='36000'/>
		<killScore value='55650'/>
		<buildingScore value='3775'/>
		<razingScore value='19875'/>
		<mineralScore value='38034'/>
		<gasScore value='8902'/>
		<totalScore value='162236'/>
	</player>

	<enemy>
		<race value='Protoss'/>
		<unitScore value='28175'/>
		<unitScore value='28175'/>
		<killScore value='49750'/>
		<buildingScore value='6625'/>
		<razingScore value='300'/>
		<mineralScore value='24954'/>
		<gasScore value='8360'/>
		<totalScore value='118164'/>
	</enemy>

	<scoreRatio value='1.37297'/>
	<timeFitness value='0.512222'/>
	<unitsAverage value='145'/>
</results>
