<results>
	<result value='loss'/>
	<start value='2014-07-22.22:54:23'/>
	<end value='2014-07-22.22:54:37'/>
	<frames value='24802'/>
	<gameDuration value='1550'/>

	<player>
		<unitScore value='6925'/>
		<killScore value='9300'/>
		<buildingScore value='2000'/>
		<razingScore value='0'/>
		<mineralScore value='8946'/>
		<gasScore value='1600'/>
		<totalScore value='28771'/>
	</player>

	<enemy>
		<race value='Zerg'/>
		<unitScore value='11500'/>
		<unitScore value='11500'/>
		<killScore value='13850'/>
		<buildingScore value='3125'/>
		<razingScore value='6150'/>
		<mineralScore value='12746'/>
		<gasScore value='4000'/>
		<totalScore value='51371'/>
	</enemy>

	<scoreRatio value='0.560063'/>
</results>
