<results>
	<result value='loss'/>
	<start value='2014-07-22.22:58:52'/>
	<end value='2014-07-22.22:58:56'/>
	<frames value='9457'/>
	<gameDuration value='591'/>

	<player>
		<unitScore value='900'/>
		<killScore value='200'/>
		<buildingScore value='650'/>
		<razingScore value='0'/>
		<mineralScore value='1226'/>
		<gasScore value='16'/>
		<totalScore value='2992'/>
	</player>

	<enemy>
		<race value='Zerg'/>
		<unitScore value='1700'/>
		<unitScore value='1700'/>
		<killScore value='1800'/>
		<buildingScore value='1020'/>
		<razingScore value='1950'/>
		<mineralScore value='2914'/>
		<gasScore value='248'/>
		<totalScore value='9632'/>
	</enemy>

	<scoreRatio value='0.310631'/>
</results>
