<results>
	<result value='loss'/>
	<start value='2015-07-20.17:10:20'/>
	<end value='2015-07-20.17:10:53'/>
	<frames value='29204'/>
	<gameDuration value='1825'/>

	<player>
		<unitScore value='13975'/>
		<killScore value='9070'/>
		<buildingScore value='4750'/>
		<razingScore value='0'/>
		<mineralScore value='18970'/>
		<gasScore value='2136'/>
		<totalScore value='48901'/>
	</player>

	<enemy>
		<race value='Zerg'/>
		<unitScore value='14300'/>
		<killScore value='27950'/>
		<buildingScore value='3635'/>
		<razingScore value='14250'/>
		<mineralScore value='17590'/>
		<gasScore value='4672'/>
		<totalScore value='82397'/>
	</enemy>

	<scoreRatio value='0.59348'/>
	<timeFitness value='0.253472'/>
	<unitsAverage value='54'/>
</results>
