<results>
	<result value='loss'/>
	<start value='2015-04-09.19:45:50'/>
	<end value='2015-04-09.19:46:24'/>
	<frames value='42689'/>
	<gameDuration value='2668'/>

	<player>
		<unitScore value='18725'/>
		<killScore value='23250'/>
		<buildingScore value='3600'/>
		<razingScore value='1050'/>
		<mineralScore value='21918'/>
		<gasScore value='3024'/>
		<totalScore value='71567'/>
	</player>

	<enemy>
		<race value='Protoss'/>
		<unitScore value='27375'/>
		<unitScore value='27375'/>
		<killScore value='36950'/>
		<buildingScore value='7525'/>
		<razingScore value='10800'/>
		<mineralScore value='28470'/>
		<gasScore value='9820'/>
		<totalScore value='120940'/>
	</enemy>

	<scoreRatio value='0.591756'/>
</results>
