<results>
	<result value='draw'/>
	<start value='2015-04-16.14:06:43'/>
	<end value='2015-04-16.14:09:13'/>
	<frames value='57601'/>
	<gameDuration value='3600'/>

	<player>
		<unitScore value='25550'/>
		<killScore value='22000'/>
		<buildingScore value='2575'/>
		<razingScore value='2100'/>
		<mineralScore value='24018'/>
		<gasScore value='5696'/>
		<totalScore value='81939'/>
	</player>

	<enemy>
		<race value='Protoss'/>
		<unitScore value='15250'/>
		<unitScore value='15250'/>
		<killScore value='33100'/>
		<buildingScore value='6425'/>
		<razingScore value='300'/>
		<mineralScore value='37918'/>
		<gasScore value='15912'/>
		<totalScore value='108905'/>
	</enemy>

	<scoreRatio value='0.75239'/>
</results>
