<results>
	<result value='loss'/>
	<start value='2015-07-13.23:23:19'/>
	<end value='2015-07-13.23:23:37'/>
	<frames value='23469'/>
	<gameDuration value='1466'/>

	<player>
		<unitScore value='8400'/>
		<killScore value='2000'/>
		<buildingScore value='2200'/>
		<razingScore value='0'/>
		<mineralScore value='9554'/>
		<gasScore value='1856'/>
		<totalScore value='24010'/>
	</player>

	<enemy>
		<race value='Protoss'/>
		<unitScore value='7475'/>
		<killScore value='17200'/>
		<buildingScore value='5175'/>
		<razingScore value='6600'/>
		<mineralScore value='12666'/>
		<gasScore value='3352'/>
		<totalScore value='52468'/>
	</enemy>

	<scoreRatio value='0.457612'/>
	<timeFitness value='0.203611'/>
	<unitsAverage value='34'/>
</results>
