<results>
	<result value='loss'/>
	<start value='2015-07-13.23:34:05'/>
	<end value='2015-07-13.23:34:43'/>
	<frames value='31839'/>
	<gameDuration value='1989'/>

	<player>
		<unitScore value='13900'/>
		<killScore value='4300'/>
		<buildingScore value='3275'/>
		<razingScore value='0'/>
		<mineralScore value='18770'/>
		<gasScore value='2336'/>
		<totalScore value='42581'/>
	</player>

	<enemy>
		<race value='Protoss'/>
		<unitScore value='17500'/>
		<killScore value='27800'/>
		<buildingScore value='6925'/>
		<razingScore value='9825'/>
		<mineralScore value='20154'/>
		<gasScore value='8296'/>
		<totalScore value='90500'/>
	</enemy>

	<scoreRatio value='0.470508'/>
	<timeFitness value='0.27625'/>
	<unitsAverage value='48'/>
</results>
