<results>
	<result value='loss'/>
	<start value='2015-07-13.23:35:30'/>
	<end value='2015-07-13.23:35:44'/>
	<frames value='18323'/>
	<gameDuration value='1145'/>

	<player>
		<unitScore value='6000'/>
		<killScore value='2300'/>
		<buildingScore value='2250'/>
		<razingScore value='0'/>
		<mineralScore value='7538'/>
		<gasScore value='960'/>
		<totalScore value='19048'/>
	</player>

	<enemy>
		<race value='Protoss'/>
		<unitScore value='4100'/>
		<killScore value='11450'/>
		<buildingScore value='3825'/>
		<razingScore value='6750'/>
		<mineralScore value='9874'/>
		<gasScore value='1568'/>
		<totalScore value='37567'/>
	</enemy>

	<scoreRatio value='0.507041'/>
	<timeFitness value='0.159028'/>
	<unitsAverage value='31'/>
</results>
