<results>
	<result value='win'/>
	<start value='2015-05-03.00:42:56'/>
	<end value='2015-05-03.00:43:08'/>
	<frames value='18075'/>
	<gameDuration value='1129'/>

	<player>
		<unitScore value='6875'/>
		<killScore value='11600'/>
		<buildingScore value='2525'/>
		<razingScore value='4350'/>
		<mineralScore value='10898'/>
		<gasScore value='1624'/>
		<totalScore value='37872'/>
	</player>

	<enemy>
		<race value='Terran'/>
		<unitScore value='5800'/>
		<unitScore value='5800'/>
		<killScore value='3000'/>
		<buildingScore value='1450'/>
		<razingScore value='1350'/>
		<mineralScore value='7914'/>
		<gasScore value='2256'/>
		<totalScore value='21770'/>
	</enemy>

	<scoreRatio value='1.73964'/>
	<timeFitness value='0.843194'/>
	<unitsAverage value='52'/>
</results>
