<results>
	<result value='draw'/>
	<start value='2015-05-03.00:51:30'/>
	<end value='2015-05-03.00:52:15'/>
	<frames value='57601'/>
	<gameDuration value='3600'/>

	<player>
		<unitScore value='22125'/>
		<killScore value='36450'/>
		<buildingScore value='3100'/>
		<razingScore value='2775'/>
		<mineralScore value='24538'/>
		<gasScore value='4168'/>
		<totalScore value='93156'/>
	</player>

	<enemy>
		<race value='Terran'/>
		<unitScore value='27075'/>
		<unitScore value='27075'/>
		<killScore value='43850'/>
		<buildingScore value='4775'/>
		<razingScore value='7050'/>
		<mineralScore value='19526'/>
		<gasScore value='11740'/>
		<totalScore value='114016'/>
	</enemy>

	<scoreRatio value='0.817043'/>
	<timeFitness value='0.5'/>
	<unitsAverage value='71'/>
</results>
