<results>
	<result value='win'/>
	<start value='2015-05-03.01:00:20'/>
	<end value='2015-05-03.01:00:32'/>
	<frames value='18075'/>
	<gameDuration value='1129'/>

	<player>
		<unitScore value='7900'/>
		<killScore value='10650'/>
		<buildingScore value='2600'/>
		<razingScore value='4125'/>
		<mineralScore value='12146'/>
		<gasScore value='1408'/>
		<totalScore value='38829'/>
	</player>

	<enemy>
		<race value='Terran'/>
		<unitScore value='5325'/>
		<unitScore value='5325'/>
		<killScore value='3600'/>
		<buildingScore value='1450'/>
		<razingScore value='0'/>
		<mineralScore value='8138'/>
		<gasScore value='2112'/>
		<totalScore value='20625'/>
	</enemy>

	<scoreRatio value='1.88262'/>
	<timeFitness value='0.843194'/>
	<unitsAverage value='55'/>
</results>
