<results>
	<result value='win'/>
	<start value='2015-05-03.01:06:13'/>
	<end value='2015-05-03.01:06:35'/>
	<frames value='25205'/>
	<gameDuration value='1575'/>

	<player>
		<unitScore value='13725'/>
		<killScore value='16350'/>
		<buildingScore value='4325'/>
		<razingScore value='5700'/>
		<mineralScore value='21202'/>
		<gasScore value='2704'/>
		<totalScore value='64006'/>
	</player>

	<enemy>
		<race value='Terran'/>
		<unitScore value='8175'/>
		<unitScore value='8175'/>
		<killScore value='10550'/>
		<buildingScore value='1900'/>
		<razingScore value='525'/>
		<mineralScore value='10878'/>
		<gasScore value='3360'/>
		<totalScore value='35388'/>
	</enemy>

	<scoreRatio value='1.80869'/>
	<timeFitness value='0.78125'/>
	<unitsAverage value='80'/>
</results>
