<results>
	<result value='win'/>
	<start value='2015-04-07.18:24:10'/>
	<end value='2015-04-07.18:24:44'/>
	<frames value='33017'/>
	<gameDuration value='2063'/>

	<player>
		<unitScore value='22325'/>
		<killScore value='28350'/>
		<buildingScore value='4000'/>
		<razingScore value='16575'/>
		<mineralScore value='31950'/>
		<gasScore value='3360'/>
		<totalScore value='106560'/>
	</player>

	<enemy>
		<race value='Protoss'/>
		<unitScore value='14175'/>
		<unitScore value='14175'/>
		<killScore value='25600'/>
		<buildingScore value='5525'/>
		<razingScore value='150'/>
		<mineralScore value='23242'/>
		<gasScore value='2888'/>
		<totalScore value='71580'/>
	</enemy>

	<scoreRatio value='1.48868'/>
</results>
