<results>
	<result value='win'/>
	<start value='2015-05-06.00:11:19'/>
	<end value='2015-05-06.00:11:43'/>
	<frames value='28894'/>
	<gameDuration value='1805'/>

	<player>
		<unitScore value='13900'/>
		<killScore value='27450'/>
		<buildingScore value='3725'/>
		<razingScore value='8550'/>
		<mineralScore value='19290'/>
		<gasScore value='1808'/>
		<totalScore value='74723'/>
	</player>

	<enemy>
		<race value='Terran'/>
		<unitScore value='14125'/>
		<unitScore value='14125'/>
		<killScore value='8300'/>
		<buildingScore value='2850'/>
		<razingScore value='1425'/>
		<mineralScore value='12374'/>
		<gasScore value='5248'/>
		<totalScore value='44322'/>
	</enemy>

	<scoreRatio value='1.68591'/>
	<timeFitness value='0.749306'/>
	<unitsAverage value='72'/>
</results>
