<results>
	<result value='loss'/>
	<start value='2015-05-06.00:14:38'/>
	<end value='2015-05-06.00:14:46'/>
	<frames value='16773'/>
	<gameDuration value='1048'/>

	<player>
		<unitScore value='4175'/>
		<killScore value='200'/>
		<buildingScore value='1700'/>
		<razingScore value='0'/>
		<mineralScore value='5890'/>
		<gasScore value='696'/>
		<totalScore value='12661'/>
	</player>

	<enemy>
		<race value='Terran'/>
		<unitScore value='5725'/>
		<unitScore value='5725'/>
		<killScore value='8350'/>
		<buildingScore value='2225'/>
		<razingScore value='5100'/>
		<mineralScore value='7738'/>
		<gasScore value='2640'/>
		<totalScore value='31778'/>
	</enemy>

	<scoreRatio value='0.39842'/>
	<timeFitness value='0.145556'/>
	<unitsAverage value='27'/>
</results>
