<results>
	<result value='loss'/>
	<start value='2015-05-06.00:26:25'/>
	<end value='2015-05-06.00:26:37'/>
	<frames value='20245'/>
	<gameDuration value='1265'/>

	<player>
		<unitScore value='6425'/>
		<killScore value='3050'/>
		<buildingScore value='1200'/>
		<razingScore value='0'/>
		<mineralScore value='6986'/>
		<gasScore value='984'/>
		<totalScore value='18645'/>
	</player>

	<enemy>
		<race value='Terran'/>
		<unitScore value='7750'/>
		<unitScore value='7750'/>
		<killScore value='12850'/>
		<buildingScore value='2925'/>
		<razingScore value='3600'/>
		<mineralScore value='9634'/>
		<gasScore value='3504'/>
		<totalScore value='40263'/>
	</enemy>

	<scoreRatio value='0.46308'/>
	<timeFitness value='0.175694'/>
	<unitsAverage value='30'/>
</results>
