<results>
	<result value='win'/>
	<start value='2015-05-06.00:30:23'/>
	<end value='2015-05-06.00:30:44'/>
	<frames value='27902'/>
	<gameDuration value='1743'/>

	<player>
		<unitScore value='11200'/>
		<killScore value='21700'/>
		<buildingScore value='3875'/>
		<razingScore value='8625'/>
		<mineralScore value='16890'/>
		<gasScore value='2288'/>
		<totalScore value='64578'/>
	</player>

	<enemy>
		<race value='Terran'/>
		<unitScore value='12250'/>
		<unitScore value='12250'/>
		<killScore value='7500'/>
		<buildingScore value='2875'/>
		<razingScore value='1950'/>
		<mineralScore value='10906'/>
		<gasScore value='4760'/>
		<totalScore value='40241'/>
	</enemy>

	<scoreRatio value='1.60478'/>
	<timeFitness value='0.757917'/>
	<unitsAverage value='63'/>
</results>
