<results>
	<result value='win'/>
	<start value='2015-05-06.00:41:26'/>
	<end value='2015-05-06.00:42:08'/>
	<frames value='45355'/>
	<gameDuration value='2834'/>

	<player>
		<unitScore value='25050'/>
		<killScore value='40150'/>
		<buildingScore value='5000'/>
		<razingScore value='12075'/>
		<mineralScore value='35566'/>
		<gasScore value='5536'/>
		<totalScore value='123377'/>
	</player>

	<enemy>
		<race value='Terran'/>
		<unitScore value='23450'/>
		<unitScore value='23450'/>
		<killScore value='33200'/>
		<buildingScore value='4175'/>
		<razingScore value='5550'/>
		<mineralScore value='18058'/>
		<gasScore value='9626'/>
		<totalScore value='94059'/>
	</enemy>

	<scoreRatio value='1.3117'/>
	<timeFitness value='0.606389'/>
	<unitsAverage value='90'/>
</results>
