<results>
	<result value='win'/>
	<start value='2015-05-03.22:08:40'/>
	<end value='2015-05-03.22:09:12'/>
	<frames value='27127'/>
	<gameDuration value='1695'/>

	<player>
		<unitScore value='21550'/>
		<killScore value='17230'/>
		<buildingScore value='3875'/>
		<razingScore value='5580'/>
		<mineralScore value='27858'/>
		<gasScore value='0'/>
		<totalScore value='76093'/>
	</player>

	<enemy>
		<race value='Zerg'/>
		<unitScore value='8925'/>
		<unitScore value='8925'/>
		<killScore value='26600'/>
		<buildingScore value='1860'/>
		<razingScore value='0'/>
		<mineralScore value='9018'/>
		<gasScore value='2824'/>
		<totalScore value='49227'/>
	</enemy>

	<scoreRatio value='1.54576'/>
	<timeFitness value='0.764583'/>
	<unitsAverage value='89'/>
</results>
