<results>
	<result value='win'/>
	<start value='2015-05-10.23:34:48'/>
	<end value='2015-05-10.23:35:24'/>
	<frames value='23345'/>
	<gameDuration value='1459'/>

	<player>
		<unitScore value='11975'/>
		<killScore value='18640'/>
		<buildingScore value='2900'/>
		<razingScore value='7365'/>
		<mineralScore value='17574'/>
		<gasScore value='2576'/>
		<totalScore value='61030'/>
	</player>

	<enemy>
		<race value='Zerg'/>
		<unitScore value='8800'/>
		<unitScore value='8800'/>
		<killScore value='8550'/>
		<buildingScore value='2455'/>
		<razingScore value='150'/>
		<mineralScore value='10346'/>
		<gasScore value='2936'/>
		<totalScore value='33237'/>
	</enemy>

	<scoreRatio value='1.83621'/>
	<timeFitness value='0.797361'/>
	<unitsAverage value='73'/>
</results>
