<results>
	<result value='win'/>
	<start value='2015-05-10.23:48:00'/>
	<end value='2015-05-10.23:48:38'/>
	<frames value='23097'/>
	<gameDuration value='1443'/>

	<player>
		<unitScore value='13050'/>
		<killScore value='17355'/>
		<buildingScore value='3375'/>
		<razingScore value='5115'/>
		<mineralScore value='22642'/>
		<gasScore value='1864'/>
		<totalScore value='63401'/>
	</player>

	<enemy>
		<race value='Zerg'/>
		<unitScore value='8850'/>
		<unitScore value='8850'/>
		<killScore value='9000'/>
		<buildingScore value='1705'/>
		<razingScore value='0'/>
		<mineralScore value='8714'/>
		<gasScore value='2400'/>
		<totalScore value='30669'/>
	</enemy>

	<scoreRatio value='2.06727'/>
	<timeFitness value='0.799583'/>
	<unitsAverage value='83'/>
</results>
