<results>
	<result value='win'/>
	<start value='2015-05-04.07:21:26'/>
	<end value='2015-05-04.07:21:56'/>
	<frames value='32242'/>
	<gameDuration value='2015'/>

	<player>
		<unitScore value='20750'/>
		<killScore value='20490'/>
		<buildingScore value='2300'/>
		<razingScore value='5460'/>
		<mineralScore value='24106'/>
		<gasScore value='0'/>
		<totalScore value='73106'/>
	</player>

	<enemy>
		<race value='Zerg'/>
		<unitScore value='9950'/>
		<unitScore value='9950'/>
		<killScore value='27500'/>
		<buildingScore value='1820'/>
		<razingScore value='0'/>
		<mineralScore value='9050'/>
		<gasScore value='2544'/>
		<totalScore value='50864'/>
	</enemy>

	<scoreRatio value='1.43728'/>
	<timeFitness value='0.720139'/>
	<unitsAverage value='92'/>
</results>
