<results>
	<result value='win'/>
	<start value='2015-05-04.07:27:12'/>
	<end value='2015-05-04.07:27:47'/>
	<frames value='34536'/>
	<gameDuration value='2158'/>

	<player>
		<unitScore value='22300'/>
		<killScore value='24940'/>
		<buildingScore value='4450'/>
		<razingScore value='4680'/>
		<mineralScore value='30398'/>
		<gasScore value='0'/>
		<totalScore value='86768'/>
	</player>

	<enemy>
		<race value='Zerg'/>
		<unitScore value='11225'/>
		<unitScore value='11225'/>
		<killScore value='25600'/>
		<buildingScore value='1560'/>
		<razingScore value='150'/>
		<mineralScore value='10066'/>
		<gasScore value='2928'/>
		<totalScore value='51529'/>
	</enemy>

	<scoreRatio value='1.68387'/>
	<timeFitness value='0.700278'/>
	<unitsAverage value='91'/>
</results>
