<results>
	<result value='win'/>
	<start value='2015-05-10.19:31:22'/>
	<end value='2015-05-10.19:31:58'/>
	<frames value='27437'/>
	<gameDuration value='1714'/>

	<player>
		<unitScore value='20150'/>
		<killScore value='33985'/>
		<buildingScore value='3875'/>
		<razingScore value='5115'/>
		<mineralScore value='27278'/>
		<gasScore value='1896'/>
		<totalScore value='92299'/>
	</player>

	<enemy>
		<race value='Zerg'/>
		<unitScore value='15025'/>
		<unitScore value='15025'/>
		<killScore value='16000'/>
		<buildingScore value='1705'/>
		<razingScore value='0'/>
		<mineralScore value='13058'/>
		<gasScore value='4904'/>
		<totalScore value='50692'/>
	</enemy>

	<scoreRatio value='1.82078'/>
	<timeFitness value='0.761944'/>
	<unitsAverage value='106'/>
</results>
