<results>
	<result value='draw'/>
	<start value='2015-04-26.16:23:56'/>
	<end value='2015-04-26.16:24:30'/>
	<frames value='57601'/>
	<gameDuration value='3600'/>

	<player>
		<unitScore value='8775'/>
		<killScore value='15100'/>
		<buildingScore value='2175'/>
		<razingScore value='4575'/>
		<mineralScore value='14938'/>
		<gasScore value='928'/>
		<totalScore value='46491'/>
	</player>

	<enemy>
		<race value='Terran'/>
		<unitScore value='11100'/>
		<unitScore value='11100'/>
		<killScore value='13900'/>
		<buildingScore value='3800'/>
		<razingScore value='3225'/>
		<mineralScore value='13762'/>
		<gasScore value='7466'/>
		<totalScore value='53253'/>
	</enemy>

	<scoreRatio value='0.873021'/>
</results>
