<results>
	<result value='loss'/>
	<start value='2015-04-13.21:08:44'/>
	<end value='2015-04-13.21:08:58'/>
	<frames value='16680'/>
	<gameDuration value='1042'/>

	<player>
		<unitScore value='2375'/>
		<killScore value='1400'/>
		<buildingScore value='1575'/>
		<razingScore value='0'/>
		<mineralScore value='4146'/>
		<gasScore value='560'/>
		<totalScore value='10056'/>
	</player>

	<enemy>
		<race value='Protoss'/>
		<unitScore value='3550'/>
		<unitScore value='3550'/>
		<killScore value='4750'/>
		<buildingScore value='4025'/>
		<razingScore value='4725'/>
		<mineralScore value='8754'/>
		<gasScore value='1616'/>
		<totalScore value='27420'/>
	</enemy>

	<scoreRatio value='0.36674'/>
</results>
