<results>
	<result value='loss'/>
	<start value='2015-04-13.21:09:01'/>
	<end value='2015-04-13.21:09:45'/>
	<frames value='39806'/>
	<gameDuration value='2487'/>

	<player>
		<unitScore value='13150'/>
		<killScore value='11800'/>
		<buildingScore value='2650'/>
		<razingScore value='600'/>
		<mineralScore value='16618'/>
		<gasScore value='1280'/>
		<totalScore value='46098'/>
	</player>

	<enemy>
		<race value='Protoss'/>
		<unitScore value='21400'/>
		<unitScore value='21400'/>
		<killScore value='26300'/>
		<buildingScore value='7775'/>
		<razingScore value='7950'/>
		<mineralScore value='28150'/>
		<gasScore value='8680'/>
		<totalScore value='100255'/>
	</enemy>

	<scoreRatio value='0.459807'/>
</results>
