<results>
	<result value='loss'/>
	<start value='2015-05-05.04:33:20'/>
	<end value='2015-05-05.04:33:28'/>
	<frames value='18354'/>
	<gameDuration value='1147'/>

	<player>
		<unitScore value='3875'/>
		<killScore value='1100'/>
		<buildingScore value='2050'/>
		<razingScore value='0'/>
		<mineralScore value='6122'/>
		<gasScore value='712'/>
		<totalScore value='13859'/>
	</player>

	<enemy>
		<race value='Terran'/>
		<unitScore value='6975'/>
		<unitScore value='6975'/>
		<killScore value='7750'/>
		<buildingScore value='2900'/>
		<razingScore value='6150'/>
		<mineralScore value='8378'/>
		<gasScore value='2920'/>
		<totalScore value='35073'/>
	</enemy>

	<scoreRatio value='0.395147'/>
	<timeFitness value='0.159306'/>
	<unitsAverage value='27'/>
</results>
