<results>
	<result value='win'/>
	<start value='2015-05-05.04:33:59'/>
	<end value='2015-05-05.04:34:17'/>
	<frames value='27778'/>
	<gameDuration value='1736'/>

	<player>
		<unitScore value='10775'/>
		<killScore value='21400'/>
		<buildingScore value='3500'/>
		<razingScore value='9450'/>
		<mineralScore value='15154'/>
		<gasScore value='2680'/>
		<totalScore value='62959'/>
	</player>

	<enemy>
		<race value='Terran'/>
		<unitScore value='11550'/>
		<unitScore value='11550'/>
		<killScore value='11500'/>
		<buildingScore value='3150'/>
		<razingScore value='2700'/>
		<mineralScore value='10906'/>
		<gasScore value='4152'/>
		<totalScore value='43958'/>
	</enemy>

	<scoreRatio value='1.43225'/>
	<timeFitness value='0.758889'/>
	<unitsAverage value='60'/>
</results>
