<results>
	<result value='win'/>
	<start value='2015-05-05.04:38:22'/>
	<end value='2015-05-05.04:38:48'/>
	<frames value='35001'/>
	<gameDuration value='2187'/>

	<player>
		<unitScore value='16000'/>
		<killScore value='31400'/>
		<buildingScore value='3275'/>
		<razingScore value='13425'/>
		<mineralScore value='19426'/>
		<gasScore value='2392'/>
		<totalScore value='85918'/>
	</player>

	<enemy>
		<race value='Terran'/>
		<unitScore value='16500'/>
		<unitScore value='16500'/>
		<killScore value='18050'/>
		<buildingScore value='4475'/>
		<razingScore value='3150'/>
		<mineralScore value='14098'/>
		<gasScore value='6300'/>
		<totalScore value='62573'/>
	</enemy>

	<scoreRatio value='1.37308'/>
	<timeFitness value='0.69625'/>
	<unitsAverage value='70'/>
</results>
