<results>
	<result value='win'/>
	<start value='2015-05-05.04:59:06'/>
	<end value='2015-05-05.04:59:32'/>
	<frames value='34381'/>
	<gameDuration value='2148'/>

	<player>
		<unitScore value='14525'/>
		<killScore value='28600'/>
		<buildingScore value='3425'/>
		<razingScore value='10200'/>
		<mineralScore value='18298'/>
		<gasScore value='4032'/>
		<totalScore value='79080'/>
	</player>

	<enemy>
		<race value='Terran'/>
		<unitScore value='15900'/>
		<unitScore value='15900'/>
		<killScore value='12500'/>
		<buildingScore value='3400'/>
		<razingScore value='3150'/>
		<mineralScore value='13906'/>
		<gasScore value='6512'/>
		<totalScore value='55368'/>
	</enemy>

	<scoreRatio value='1.42826'/>
	<timeFitness value='0.701667'/>
	<unitsAverage value='73'/>
</results>
