<results>
	<result value='win'/>
	<start value='2014-07-11.19:33:57'/>
	<end value='2014-07-11.19:34:15'/>
	<frames value='22043'/>
	<gameDuration value='1377'/>

	<player>
		<unitScore value='12775'/>
		<killScore value='19250'/>
		<buildingScore value='3925'/>
		<razingScore value='4140'/>
		<mineralScore value='20638'/>
		<gasScore value='2008'/>
		<totalScore value='62736'/>
	</player>

	<enemy>
		<race value='Zerg'/>
		<unitScore value='9300'/>
		<unitScore value='9300'/>
		<killScore value='6950'/>
		<buildingScore value='1380'/>
		<razingScore value='0'/>
		<mineralScore value='8282'/>
		<gasScore value='2272'/>
		<totalScore value='28184'/>
	</enemy>

	<scoreRatio value='2.22594'/>
</results>
