<results>
	<result value='win'/>
	<start value='2014-07-06.04:29:33'/>
	<end value='2014-07-06.04:30:00'/>
	<frames value='30165'/>
	<gameDuration value='1885'/>

	<player>
		<unitScore value='18025'/>
		<killScore value='24950'/>
		<buildingScore value='4325'/>
		<razingScore value='16725'/>
		<mineralScore value='23546'/>
		<gasScore value='3480'/>
		<totalScore value='91051'/>
	</player>

	<enemy>
		<race value='Protoss'/>
		<unitScore value='13875'/>
		<unitScore value='13875'/>
		<killScore value='16050'/>
		<buildingScore value='5575'/>
		<razingScore value='150'/>
		<mineralScore value='14870'/>
		<gasScore value='4096'/>
		<totalScore value='54616'/>
	</enemy>

	<scoreRatio value='1.66711'/>
</results>
