<results>
	<result value='win'/>
	<start value='2014-07-06.04:37:36'/>
	<end value='2014-07-06.04:37:49'/>
	<frames value='19873'/>
	<gameDuration value='1242'/>

	<player>
		<unitScore value='7875'/>
		<killScore value='8500'/>
		<buildingScore value='2075'/>
		<razingScore value='8925'/>
		<mineralScore value='11642'/>
		<gasScore value='1432'/>
		<totalScore value='40449'/>
	</player>

	<enemy>
		<race value='Protoss'/>
		<unitScore value='4250'/>
		<unitScore value='4250'/>
		<killScore value='4300'/>
		<buildingScore value='2975'/>
		<razingScore value='0'/>
		<mineralScore value='9130'/>
		<gasScore value='1744'/>
		<totalScore value='22399'/>
	</enemy>

	<scoreRatio value='1.80584'/>
</results>
