<results>
	<result value='win'/>
	<start value='2014-07-06.04:40:48'/>
	<end value='2014-07-06.04:41:17'/>
	<frames value='30568'/>
	<gameDuration value='1910'/>

	<player>
		<unitScore value='18875'/>
		<killScore value='18600'/>
		<buildingScore value='3325'/>
		<razingScore value='14700'/>
		<mineralScore value='23346'/>
		<gasScore value='2760'/>
		<totalScore value='81606'/>
	</player>

	<enemy>
		<race value='Protoss'/>
		<unitScore value='9300'/>
		<unitScore value='9300'/>
		<killScore value='19150'/>
		<buildingScore value='4900'/>
		<razingScore value='0'/>
		<mineralScore value='20966'/>
		<gasScore value='944'/>
		<totalScore value='55260'/>
	</enemy>

	<scoreRatio value='1.47676'/>
</results>
