<results>
	<result value='draw'/>
	<start value='2015-07-21.18:06:40'/>
	<end value='2015-07-21.18:08:29'/>
	<frames value='57601'/>
	<gameDuration value='3600'/>

	<player>
		<unitScore value='26625'/>
		<killScore value='17400'/>
		<buildingScore value='3825'/>
		<razingScore value='1215'/>
		<mineralScore value='23930'/>
		<gasScore value='5156'/>
		<totalScore value='78151'/>
	</player>

	<enemy>
		<race value='Zerg'/>
		<unitScore value='42325'/>
		<killScore value='41450'/>
		<buildingScore value='4865'/>
		<razingScore value='6600'/>
		<mineralScore value='36590'/>
		<gasScore value='14688'/>
		<totalScore value='146518'/>
	</enemy>

	<scoreRatio value='0.533388'/>
	<timeFitness value='0.5'/>
	<unitsAverage value='101'/>
</results>
