<results>
	<result value='loss'/>
	<start value='2015-04-26.16:19:01'/>
	<end value='2015-04-26.16:19:09'/>
	<frames value='16463'/>
	<gameDuration value='1028'/>

	<player>
		<unitScore value='2650'/>
		<killScore value='8300'/>
		<buildingScore value='1500'/>
		<razingScore value='2325'/>
		<mineralScore value='4298'/>
		<gasScore value='752'/>
		<totalScore value='19825'/>
	</player>

	<enemy>
		<race value='Terran'/>
		<unitScore value='4925'/>
		<unitScore value='4925'/>
		<killScore value='4250'/>
		<buildingScore value='1350'/>
		<razingScore value='4500'/>
		<mineralScore value='5146'/>
		<gasScore value='1336'/>
		<totalScore value='21507'/>
	</enemy>

	<scoreRatio value='0.921793'/>
</results>
