<results>
	<result value='win'/>
	<start value='2015-04-26.16:20:15'/>
	<end value='2015-04-26.16:20:32'/>
	<frames value='21733'/>
	<gameDuration value='1358'/>

	<player>
		<unitScore value='10425'/>
		<killScore value='15500'/>
		<buildingScore value='2850'/>
		<razingScore value='6450'/>
		<mineralScore value='14114'/>
		<gasScore value='1880'/>
		<totalScore value='51219'/>
	</player>

	<enemy>
		<race value='Terran'/>
		<unitScore value='7800'/>
		<unitScore value='7800'/>
		<killScore value='5250'/>
		<buildingScore value='2150'/>
		<razingScore value='0'/>
		<mineralScore value='8850'/>
		<gasScore value='2680'/>
		<totalScore value='26730'/>
	</enemy>

	<scoreRatio value='1.91616'/>
</results>
