<results>
	<result value='win'/>
	<start value='2015-04-26.16:20:50'/>
	<end value='2015-04-26.16:21:18'/>
	<frames value='33141'/>
	<gameDuration value='2071'/>

	<player>
		<unitScore value='15200'/>
		<killScore value='24800'/>
		<buildingScore value='3125'/>
		<razingScore value='9375'/>
		<mineralScore value='19514'/>
		<gasScore value='2784'/>
		<totalScore value='74798'/>
	</player>

	<enemy>
		<race value='Terran'/>
		<unitScore value='12400'/>
		<unitScore value='12400'/>
		<killScore value='12650'/>
		<buildingScore value='3125'/>
		<razingScore value='2400'/>
		<mineralScore value='11122'/>
		<gasScore value='4752'/>
		<totalScore value='46449'/>
	</enemy>

	<scoreRatio value='1.61033'/>
</results>
