<results>
	<result value='loss'/>
	<start value='2015-07-18.02:51:53'/>
	<end value='2015-07-18.02:52:07'/>
	<frames value='19346'/>
	<gameDuration value='1209'/>

	<player>
		<unitScore value='5825'/>
		<killScore value='1200'/>
		<buildingScore value='2000'/>
		<razingScore value='0'/>
		<mineralScore value='7226'/>
		<gasScore value='816'/>
		<totalScore value='17067'/>
	</player>

	<enemy>
		<race value='Terran'/>
		<unitScore value='7500'/>
		<killScore value='11650'/>
		<buildingScore value='2900'/>
		<razingScore value='6000'/>
		<mineralScore value='9026'/>
		<gasScore value='3336'/>
		<totalScore value='40412'/>
	</enemy>

	<scoreRatio value='0.422325'/>
	<timeFitness value='0.167917'/>
	<unitsAverage value='26'/>
</results>
