<results>
	<result value='draw'/>
	<start value='2015-04-07.16:00:50'/>
	<end value='2015-04-07.16:01:58'/>
	<frames value='57601'/>
	<gameDuration value='3600'/>

	<player>
		<unitScore value='29725'/>
		<killScore value='63150'/>
		<buildingScore value='3750'/>
		<razingScore value='5625'/>
		<mineralScore value='31542'/>
		<gasScore value='9930'/>
		<totalScore value='143722'/>
	</player>

	<enemy>
		<race value='Protoss'/>
		<unitScore value='39575'/>
		<unitScore value='39575'/>
		<killScore value='47700'/>
		<buildingScore value='6350'/>
		<razingScore value='1275'/>
		<mineralScore value='31550'/>
		<gasScore value='12056'/>
		<totalScore value='138506'/>
	</enemy>

	<scoreRatio value='1.03766'/>
</results>
