<results>
	<result value='win'/>
	<start value='2015-04-30.08:26:41'/>
	<end value='2015-04-30.08:27:26'/>
	<frames value='28832'/>
	<gameDuration value='1802'/>

	<player>
		<unitScore value='17825'/>
		<killScore value='26570'/>
		<buildingScore value='4175'/>
		<razingScore value='4800'/>
		<mineralScore value='30090'/>
		<gasScore value='3576'/>
		<totalScore value='87036'/>
	</player>

	<enemy>
		<race value='Zerg'/>
		<unitScore value='13200'/>
		<unitScore value='13200'/>
		<killScore value='15050'/>
		<buildingScore value='1600'/>
		<razingScore value='0'/>
		<mineralScore value='11698'/>
		<gasScore value='3712'/>
		<totalScore value='45260'/>
	</enemy>

	<scoreRatio value='1.92302'/>
</results>
