<results>
	<result value='draw'/>
	<start value='2015-07-13.01:29:02'/>
	<end value='2015-07-13.01:30:41'/>
	<frames value='57601'/>
	<gameDuration value='3600'/>

	<player>
		<unitScore value='28375'/>
		<killScore value='37450'/>
		<buildingScore value='4250'/>
		<razingScore value='4050'/>
		<mineralScore value='29906'/>
		<gasScore value='2824'/>
		<totalScore value='106855'/>
	</player>

	<enemy>
		<race value='Protoss'/>
		<unitScore value='30625'/>
		<killScore value='49100'/>
		<buildingScore value='9325'/>
		<razingScore value='11175'/>
		<mineralScore value='31554'/>
		<gasScore value='13052'/>
		<totalScore value='144831'/>
	</enemy>

	<scoreRatio value='0.737791'/>
	<timeFitness value='0.5'/>
	<unitsAverage value='95'/>
</results>
