<results>
	<result value='win'/>
	<start value='2015-04-10.15:53:27'/>
	<end value='2015-04-10.15:54:00'/>
	<frames value='31033'/>
	<gameDuration value='1939'/>

	<player>
		<unitScore value='16125'/>
		<killScore value='18100'/>
		<buildingScore value='3475'/>
		<razingScore value='16200'/>
		<mineralScore value='23086'/>
		<gasScore value='3096'/>
		<totalScore value='80082'/>
	</player>

	<enemy>
		<race value='Protoss'/>
		<unitScore value='9100'/>
		<unitScore value='9100'/>
		<killScore value='13050'/>
		<buildingScore value='5400'/>
		<razingScore value='0'/>
		<mineralScore value='17098'/>
		<gasScore value='4152'/>
		<totalScore value='48800'/>
	</enemy>

	<scoreRatio value='1.64102'/>
</results>
