<results>
	<result value='draw'/>
	<start value='2015-04-10.15:57:14'/>
	<end value='2015-04-10.15:58:15'/>
	<frames value='57601'/>
	<gameDuration value='3600'/>

	<player>
		<unitScore value='30625'/>
		<killScore value='50000'/>
		<buildingScore value='2825'/>
		<razingScore value='300'/>
		<mineralScore value='31518'/>
		<gasScore value='9040'/>
		<totalScore value='124308'/>
	</player>

	<enemy>
		<race value='Protoss'/>
		<unitScore value='34575'/>
		<unitScore value='34575'/>
		<killScore value='54150'/>
		<buildingScore value='6500'/>
		<razingScore value='2700'/>
		<mineralScore value='31550'/>
		<gasScore value='11336'/>
		<totalScore value='140811'/>
	</enemy>

	<scoreRatio value='0.8828'/>
</results>
