<results>
	<result value='loss'/>
	<start value='2015-04-10.16:11:51'/>
	<end value='2015-04-10.16:12:28'/>
	<frames value='49323'/>
	<gameDuration value='3082'/>

	<player>
		<unitScore value='23900'/>
		<killScore value='41550'/>
		<buildingScore value='2025'/>
		<razingScore value='1650'/>
		<mineralScore value='23970'/>
		<gasScore value='4344'/>
		<totalScore value='97439'/>
	</player>

	<enemy>
		<race value='Protoss'/>
		<unitScore value='39725'/>
		<unitScore value='39725'/>
		<killScore value='47800'/>
		<buildingScore value='8175'/>
		<razingScore value='6075'/>
		<mineralScore value='34158'/>
		<gasScore value='13540'/>
		<totalScore value='149473'/>
	</enemy>

	<scoreRatio value='0.651884'/>
</results>
