<results>
	<result value='win'/>
	<start value='2015-04-28.04:22:51'/>
	<end value='2015-04-28.04:23:47'/>
	<frames value='35931'/>
	<gameDuration value='2245'/>

	<player>
		<unitScore value='21950'/>
		<killScore value='29700'/>
		<buildingScore value='3700'/>
		<razingScore value='15075'/>
		<mineralScore value='28790'/>
		<gasScore value='4456'/>
		<totalScore value='103671'/>
	</player>

	<enemy>
		<race value='Protoss'/>
		<unitScore value='14850'/>
		<unitScore value='14850'/>
		<killScore value='22700'/>
		<buildingScore value='5025'/>
		<razingScore value='150'/>
		<mineralScore value='22202'/>
		<gasScore value='5520'/>
		<totalScore value='70447'/>
	</enemy>

	<scoreRatio value='1.47162'/>
</results>
