<results>
	<result value='loss'/>
	<start value='2015-07-15.12:21:40'/>
	<end value='2015-07-15.12:22:11'/>
	<frames value='28057'/>
	<gameDuration value='1753'/>

	<player>
		<unitScore value='10825'/>
		<killScore value='3500'/>
		<buildingScore value='3950'/>
		<razingScore value='0'/>
		<mineralScore value='15106'/>
		<gasScore value='1696'/>
		<totalScore value='35077'/>
	</player>

	<enemy>
		<race value='Terran'/>
		<unitScore value='8800'/>
		<killScore value='18200'/>
		<buildingScore value='3900'/>
		<razingScore value='11850'/>
		<mineralScore value='12530'/>
		<gasScore value='5128'/>
		<totalScore value='60408'/>
	</enemy>

	<scoreRatio value='0.580668'/>
	<timeFitness value='0.243472'/>
	<unitsAverage value='51'/>
</results>
