<results>
	<result value='loss'/>
	<start value='2015-05-10.21:33:59'/>
	<end value='2015-05-10.21:34:07'/>
	<frames value='19222'/>
	<gameDuration value='1201'/>

	<player>
		<unitScore value='900'/>
		<killScore value='300'/>
		<buildingScore value='650'/>
		<razingScore value='0'/>
		<mineralScore value='1234'/>
		<gasScore value='0'/>
		<totalScore value='3084'/>
	</player>

	<enemy>
		<race value='Zerg'/>
		<unitScore value='6950'/>
		<unitScore value='6950'/>
		<killScore value='1800'/>
		<buildingScore value='1520'/>
		<razingScore value='1950'/>
		<mineralScore value='7354'/>
		<gasScore value='2192'/>
		<totalScore value='21766'/>
	</enemy>

	<scoreRatio value='0.141689'/>
	<timeFitness value='0.166806'/>
	<unitsAverage value='7'/>
</results>
