<results>
	<result value='win'/>
	<start value='2015-04-27.15:26:57'/>
	<end value='2015-04-27.15:27:27'/>
	<frames value='39775'/>
	<gameDuration value='2485'/>

	<player>
		<unitScore value='19200'/>
		<killScore value='34250'/>
		<buildingScore value='4025'/>
		<razingScore value='10575'/>
		<mineralScore value='21642'/>
		<gasScore value='4240'/>
		<totalScore value='93932'/>
	</player>

	<enemy>
		<race value='Terran'/>
		<unitScore value='18925'/>
		<unitScore value='18925'/>
		<killScore value='17300'/>
		<buildingScore value='3525'/>
		<razingScore value='1500'/>
		<mineralScore value='15974'/>
		<gasScore value='8152'/>
		<totalScore value='65376'/>
	</enemy>

	<scoreRatio value='1.4368'/>
</results>
