<results>
	<result value='win'/>
	<start value='2015-04-27.15:32:39'/>
	<end value='2015-04-27.15:33:13'/>
	<frames value='37512'/>
	<gameDuration value='2344'/>

	<player>
		<unitScore value='21050'/>
		<killScore value='27350'/>
		<buildingScore value='5350'/>
		<razingScore value='10575'/>
		<mineralScore value='28362'/>
		<gasScore value='2168'/>
		<totalScore value='94855'/>
	</player>

	<enemy>
		<race value='Terran'/>
		<unitScore value='13675'/>
		<unitScore value='13675'/>
		<killScore value='16100'/>
		<buildingScore value='3525'/>
		<razingScore value='3525'/>
		<mineralScore value='12050'/>
		<gasScore value='5096'/>
		<totalScore value='53971'/>
	</enemy>

	<scoreRatio value='1.75752'/>
</results>
