<results>
	<result value='loss'/>
	<start value='2015-04-27.15:38:30'/>
	<end value='2015-04-27.15:38:56'/>
	<frames value='46409'/>
	<gameDuration value='2900'/>

	<player>
		<unitScore value='13475'/>
		<killScore value='13650'/>
		<buildingScore value='3450'/>
		<razingScore value='0'/>
		<mineralScore value='15730'/>
		<gasScore value='2312'/>
		<totalScore value='48617'/>
	</player>

	<enemy>
		<race value='Terran'/>
		<unitScore value='27600'/>
		<unitScore value='27600'/>
		<killScore value='26950'/>
		<buildingScore value='6175'/>
		<razingScore value='10350'/>
		<mineralScore value='23770'/>
		<gasScore value='14670'/>
		<totalScore value='109515'/>
	</enemy>

	<scoreRatio value='0.44393'/>
</results>
