<results>
	<result value='win'/>
	<start value='2015-05-07.00:41:52'/>
	<end value='2015-05-07.00:43:41'/>
	<frames value='47060'/>
	<gameDuration value='2941'/>

	<player>
		<unitScore value='24075'/>
		<killScore value='29550'/>
		<buildingScore value='5475'/>
		<razingScore value='13350'/>
		<mineralScore value='36470'/>
		<gasScore value='4480'/>
		<totalScore value='113400'/>
	</player>

	<enemy>
		<race value='Terran'/>
		<unitScore value='14775'/>
		<unitScore value='14775'/>
		<killScore value='21550'/>
		<buildingScore value='4450'/>
		<razingScore value='3450'/>
		<mineralScore value='13242'/>
		<gasScore value='6382'/>
		<totalScore value='63849'/>
	</enemy>

	<scoreRatio value='1.77607'/>
	<timeFitness value='0.591528'/>
	<unitsAverage value='124'/>
</results>
