<results>
	<result value='loss'/>
	<start value='2015-04-13.09:22:40'/>
	<end value='2015-04-13.09:22:49'/>
	<frames value='19036'/>
	<gameDuration value='1189'/>

	<player>
		<unitScore value='4850'/>
		<killScore value='1200'/>
		<buildingScore value='2500'/>
		<razingScore value='0'/>
		<mineralScore value='7482'/>
		<gasScore value='960'/>
		<totalScore value='16992'/>
	</player>

	<enemy>
		<race value='Protoss'/>
		<unitScore value='4375'/>
		<unitScore value='4375'/>
		<killScore value='9700'/>
		<buildingScore value='4175'/>
		<razingScore value='7500'/>
		<mineralScore value='9858'/>
		<gasScore value='2416'/>
		<totalScore value='38024'/>
	</enemy>

	<scoreRatio value='0.446876'/>
</results>
