<results>
	<result value='win'/>
	<start value='2015-04-30.03:35:15'/>
	<end value='2015-04-30.03:35:59'/>
	<frames value='29576'/>
	<gameDuration value='1848'/>

	<player>
		<unitScore value='21100'/>
		<killScore value='32650'/>
		<buildingScore value='3725'/>
		<razingScore value='6495'/>
		<mineralScore value='24394'/>
		<gasScore value='3200'/>
		<totalScore value='91564'/>
	</player>

	<enemy>
		<race value='Zerg'/>
		<unitScore value='14700'/>
		<unitScore value='14700'/>
		<killScore value='19200'/>
		<buildingScore value='2165'/>
		<razingScore value='0'/>
		<mineralScore value='14346'/>
		<gasScore value='4344'/>
		<totalScore value='54755'/>
	</enemy>

	<scoreRatio value='1.67225'/>
	<timeFitness value='0.743333'/>
	<unitsAverage value='97'/>
</results>
