<results>
	<result value='win'/>
	<start value='2015-04-30.03:46:23'/>
	<end value='2015-04-30.03:46:31'/>
	<frames value='12619'/>
	<gameDuration value='788'/>

	<player>
		<unitScore value='3050'/>
		<killScore value='1640'/>
		<buildingScore value='1250'/>
		<razingScore value='2340'/>
		<mineralScore value='4930'/>
		<gasScore value='0'/>
		<totalScore value='13210'/>
	</player>

	<enemy>
		<race value='Zerg'/>
		<unitScore value='1250'/>
		<unitScore value='1250'/>
		<killScore value='1700'/>
		<buildingScore value='780'/>
		<razingScore value='0'/>
		<mineralScore value='3394'/>
		<gasScore value='320'/>
		<totalScore value='7444'/>
	</enemy>

	<scoreRatio value='1.77458'/>
	<timeFitness value='0.890556'/>
	<unitsAverage value='24'/>
</results>
