<results>
	<result value='loss'/>
	<start value='2015-04-30.03:46:33'/>
	<end value='2015-04-30.03:46:37'/>
	<frames value='7473'/>
	<gameDuration value='467'/>

	<player>
		<unitScore value='850'/>
		<killScore value='200'/>
		<buildingScore value='625'/>
		<razingScore value='0'/>
		<mineralScore value='1130'/>
		<gasScore value='24'/>
		<totalScore value='2829'/>
	</player>

	<enemy>
		<race value='Zerg'/>
		<unitScore value='1250'/>
		<unitScore value='1250'/>
		<killScore value='1600'/>
		<buildingScore value='440'/>
		<razingScore value='1875'/>
		<mineralScore value='2010'/>
		<gasScore value='8'/>
		<totalScore value='7183'/>
	</enemy>

	<scoreRatio value='0.393847'/>
	<timeFitness value='0.0648611'/>
	<unitsAverage value='8'/>
</results>
