<results>
	<result value='loss'/>
	<start value='2015-04-30.18:27:30'/>
	<end value='2015-04-30.18:27:39'/>
	<frames value='13890'/>
	<gameDuration value='868'/>

	<player>
		<unitScore value='2500'/>
		<killScore value='800'/>
		<buildingScore value='1500'/>
		<razingScore value='0'/>
		<mineralScore value='4154'/>
		<gasScore value='632'/>
		<totalScore value='9586'/>
	</player>

	<enemy>
		<race value='Protoss'/>
		<unitScore value='3550'/>
		<unitScore value='3550'/>
		<killScore value='5000'/>
		<buildingScore value='2325'/>
		<razingScore value='4500'/>
		<mineralScore value='7146'/>
		<gasScore value='1216'/>
		<totalScore value='23737'/>
	</enemy>

	<scoreRatio value='0.403842'/>
</results>
