<results>
	<result value='draw'/>
	<start value='2015-05-05.04:31:51'/>
	<end value='2015-05-05.04:33:15'/>
	<frames value='57601'/>
	<gameDuration value='3600'/>

	<player>
		<unitScore value='28250'/>
		<killScore value='46960'/>
		<buildingScore value='2725'/>
		<razingScore value='9540'/>
		<mineralScore value='31946'/>
		<gasScore value='0'/>
		<totalScore value='119421'/>
	</player>

	<enemy>
		<race value='Zerg'/>
		<unitScore value='21200'/>
		<unitScore value='21200'/>
		<killScore value='40400'/>
		<buildingScore value='3545'/>
		<razingScore value='0'/>
		<mineralScore value='20122'/>
		<gasScore value='6096'/>
		<totalScore value='91363'/>
	</enemy>

	<scoreRatio value='1.3071'/>
	<timeFitness value='0.5'/>
	<unitsAverage value='101'/>
</results>
