<results>
	<result value='win'/>
	<start value='2015-05-10.23:06:28'/>
	<end value='2015-05-10.23:07:21'/>
	<frames value='27964'/>
	<gameDuration value='1747'/>

	<player>
		<unitScore value='20950'/>
		<killScore value='26130'/>
		<buildingScore value='3925'/>
		<razingScore value='5700'/>
		<mineralScore value='26122'/>
		<gasScore value='2568'/>
		<totalScore value='85395'/>
	</player>

	<enemy>
		<race value='Zerg'/>
		<unitScore value='11950'/>
		<unitScore value='11950'/>
		<killScore value='18350'/>
		<buildingScore value='1900'/>
		<razingScore value='0'/>
		<mineralScore value='11174'/>
		<gasScore value='3488'/>
		<totalScore value='46862'/>
	</enemy>

	<scoreRatio value='1.82227'/>
	<timeFitness value='0.757361'/>
	<unitsAverage value='99'/>
</results>
