<results>
	<result value='draw'/>
	<start value='2015-05-05.04:37:28'/>
	<end value='2015-05-05.04:39:54'/>
	<frames value='57601'/>
	<gameDuration value='3600'/>

	<player>
		<unitScore value='26100'/>
		<killScore value='24910'/>
		<buildingScore value='4000'/>
		<razingScore value='3660'/>
		<mineralScore value='45818'/>
		<gasScore value='0'/>
		<totalScore value='104488'/>
	</player>

	<enemy>
		<race value='Zerg'/>
		<unitScore value='11575'/>
		<unitScore value='11575'/>
		<killScore value='32200'/>
		<buildingScore value='1520'/>
		<razingScore value='0'/>
		<mineralScore value='9754'/>
		<gasScore value='2728'/>
		<totalScore value='57777'/>
	</enemy>

	<scoreRatio value='1.80847'/>
	<timeFitness value='0.5'/>
	<unitsAverage value='159'/>
</results>
