<results>
	<result value='win'/>
	<start value='2015-05-05.04:42:33'/>
	<end value='2015-05-05.04:43:33'/>
	<frames value='46688'/>
	<gameDuration value='2918'/>

	<player>
		<unitScore value='37100'/>
		<killScore value='45765'/>
		<buildingScore value='3525'/>
		<razingScore value='7005'/>
		<mineralScore value='42130'/>
		<gasScore value='1216'/>
		<totalScore value='136741'/>
	</player>

	<enemy>
		<race value='Zerg'/>
		<unitScore value='21100'/>
		<unitScore value='21100'/>
		<killScore value='62000'/>
		<buildingScore value='2335'/>
		<razingScore value='0'/>
		<mineralScore value='18850'/>
		<gasScore value='7074'/>
		<totalScore value='111359'/>
	</enemy>

	<scoreRatio value='1.22793'/>
	<timeFitness value='0.594722'/>
	<unitsAverage value='109'/>
</results>
