<results>
	<result value='win'/>
	<start value='2014-07-05.15:04:34'/>
	<end value='2014-07-05.15:05:03'/>
	<frames value='30847'/>
	<gameDuration value='1927'/>

	<player>
		<unitScore value='19350'/>
		<killScore value='31725'/>
		<buildingScore value='3975'/>
		<razingScore value='8520'/>
		<mineralScore value='31274'/>
		<gasScore value='2776'/>
		<totalScore value='97620'/>
	</player>

	<enemy>
		<race value='Zerg'/>
		<unitScore value='14900'/>
		<unitScore value='14900'/>
		<killScore value='15200'/>
		<buildingScore value='2840'/>
		<razingScore value='150'/>
		<mineralScore value='14738'/>
		<gasScore value='4664'/>
		<totalScore value='52492'/>
	</enemy>

	<scoreRatio value='1.85971'/>
</results>
