<results>
	<result value='draw'/>
	<start value='2015-04-30.12:01:02'/>
	<end value='2015-04-30.12:03:24'/>
	<frames value='57601'/>
	<gameDuration value='3600'/>

	<player>
		<unitScore value='37125'/>
		<killScore value='57030'/>
		<buildingScore value='4425'/>
		<razingScore value='5625'/>
		<mineralScore value='39418'/>
		<gasScore value='9912'/>
		<totalScore value='153535'/>
	</player>

	<enemy>
		<race value='Zerg'/>
		<unitScore value='27700'/>
		<unitScore value='27700'/>
		<killScore value='49300'/>
		<buildingScore value='3595'/>
		<razingScore value='0'/>
		<mineralScore value='23610'/>
		<gasScore value='7970'/>
		<totalScore value='112175'/>
	</enemy>

	<scoreRatio value='1.36871'/>
	<timeFitness value='0.5'/>
	<unitsAverage value='173'/>
</results>
