<results>
	<result value='win'/>
	<start value='2015-04-30.12:11:32'/>
	<end value='2015-04-30.12:11:53'/>
	<frames value='19749'/>
	<gameDuration value='1234'/>

	<player>
		<unitScore value='11575'/>
		<killScore value='15190'/>
		<buildingScore value='3375'/>
		<razingScore value='4560'/>
		<mineralScore value='16498'/>
		<gasScore value='1096'/>
		<totalScore value='52294'/>
	</player>

	<enemy>
		<race value='Zerg'/>
		<unitScore value='7250'/>
		<unitScore value='7250'/>
		<killScore value='7250'/>
		<buildingScore value='1520'/>
		<razingScore value='0'/>
		<mineralScore value='7850'/>
		<gasScore value='2360'/>
		<totalScore value='26230'/>
	</enemy>

	<scoreRatio value='1.99367'/>
	<timeFitness value='0.828611'/>
	<unitsAverage value='73'/>
</results>
