<results>
	<result value='win'/>
	<start value='2015-05-10.22:59:33'/>
	<end value='2015-05-10.23:00:15'/>
	<frames value='32769'/>
	<gameDuration value='2048'/>

	<player>
		<unitScore value='27025'/>
		<killScore value='44270'/>
		<buildingScore value='4225'/>
		<razingScore value='6495'/>
		<mineralScore value='31390'/>
		<gasScore value='2640'/>
		<totalScore value='116045'/>
	</player>

	<enemy>
		<race value='Zerg'/>
		<unitScore value='19300'/>
		<unitScore value='19300'/>
		<killScore value='33250'/>
		<buildingScore value='2165'/>
		<razingScore value='0'/>
		<mineralScore value='16170'/>
		<gasScore value='5336'/>
		<totalScore value='76221'/>
	</enemy>

	<scoreRatio value='1.52248'/>
	<timeFitness value='0.715556'/>
	<unitsAverage value='117'/>
</results>
