<results>
	<result value='win'/>
	<start value='2015-05-10.23:03:53'/>
	<end value='2015-05-10.23:04:46'/>
	<frames value='34722'/>
	<gameDuration value='2170'/>

	<player>
		<unitScore value='23625'/>
		<killScore value='25930'/>
		<buildingScore value='4750'/>
		<razingScore value='6975'/>
		<mineralScore value='33666'/>
		<gasScore value='3416'/>
		<totalScore value='98362'/>
	</player>

	<enemy>
		<race value='Zerg'/>
		<unitScore value='12550'/>
		<unitScore value='12550'/>
		<killScore value='19300'/>
		<buildingScore value='2325'/>
		<razingScore value='0'/>
		<mineralScore value='13202'/>
		<gasScore value='4496'/>
		<totalScore value='51873'/>
	</enemy>

	<scoreRatio value='1.89621'/>
	<timeFitness value='0.698611'/>
	<unitsAverage value='131'/>
</results>
