<results>
	<result value='loss'/>
	<start value='2015-04-10.18:11:44'/>
	<end value='2015-04-10.18:11:51'/>
	<frames value='14820'/>
	<gameDuration value='926'/>

	<player>
		<unitScore value='2925'/>
		<killScore value='800'/>
		<buildingScore value='1600'/>
		<razingScore value='0'/>
		<mineralScore value='4690'/>
		<gasScore value='728'/>
		<totalScore value='10743'/>
	</player>

	<enemy>
		<race value='Protoss'/>
		<unitScore value='3550'/>
		<unitScore value='3550'/>
		<killScore value='5850'/>
		<buildingScore value='2425'/>
		<razingScore value='4800'/>
		<mineralScore value='7538'/>
		<gasScore value='1296'/>
		<totalScore value='25459'/>
	</enemy>

	<scoreRatio value='0.421973'/>
</results>
