<results>
	<result value='draw'/>
	<start value='2015-05-06.12:28:38'/>
	<end value='2015-05-06.12:31:50'/>
	<frames value='57601'/>
	<gameDuration value='3600'/>

	<player>
		<unitScore value='16175'/>
		<killScore value='24050'/>
		<buildingScore value='5500'/>
		<razingScore value='9825'/>
		<mineralScore value='50858'/>
		<gasScore value='8234'/>
		<totalScore value='114642'/>
	</player>

	<enemy>
		<race value='Terran'/>
		<unitScore value='12825'/>
		<unitScore value='12825'/>
		<killScore value='8000'/>
		<buildingScore value='3375'/>
		<razingScore value='1725'/>
		<mineralScore value='12130'/>
		<gasScore value='5448'/>
		<totalScore value='43503'/>
	</enemy>

	<scoreRatio value='2.63527'/>
	<timeFitness value='0.5'/>
	<unitsAverage value='165'/>
</results>
