<results>
	<result value='win'/>
	<start value='2015-05-08.13:10:44'/>
	<end value='2015-05-08.13:11:26'/>
	<frames value='35714'/>
	<gameDuration value='2232'/>

	<player>
		<unitScore value='26075'/>
		<killScore value='32550'/>
		<buildingScore value='3975'/>
		<razingScore value='11925'/>
		<mineralScore value='33926'/>
		<gasScore value='3432'/>
		<totalScore value='111883'/>
	</player>

	<enemy>
		<race value='Terran'/>
		<unitScore value='17250'/>
		<unitScore value='17250'/>
		<killScore value='27650'/>
		<buildingScore value='3975'/>
		<razingScore value='150'/>
		<mineralScore value='14066'/>
		<gasScore value='6394'/>
		<totalScore value='69485'/>
	</enemy>

	<scoreRatio value='1.61017'/>
	<timeFitness value='0.69'/>
	<unitsAverage value='109'/>
</results>
