<results>
	<result value='loss'/>
	<start value='2015-05-02.15:12:35'/>
	<end value='2015-05-02.15:13:05'/>
	<frames value='38659'/>
	<gameDuration value='2416'/>

	<player>
		<unitScore value='8125'/>
		<killScore value='7400'/>
		<buildingScore value='2200'/>
		<razingScore value='0'/>
		<mineralScore value='12898'/>
		<gasScore value='848'/>
		<totalScore value='31471'/>
	</player>

	<enemy>
		<race value='Terran'/>
		<unitScore value='21125'/>
		<unitScore value='21125'/>
		<killScore value='16250'/>
		<buildingScore value='5475'/>
		<razingScore value='6600'/>
		<mineralScore value='20418'/>
		<gasScore value='11764'/>
		<totalScore value='81632'/>
	</enemy>

	<scoreRatio value='0.385523'/>
	<timeFitness value='0.335556'/>
	<unitsAverage value='33'/>
</results>
