<results>
	<result value='loss'/>
	<start value='2015-05-02.15:14:42'/>
	<end value='2015-05-02.15:14:53'/>
	<frames value='16680'/>
	<gameDuration value='1042'/>

	<player>
		<unitScore value='3300'/>
		<killScore value='700'/>
		<buildingScore value='1875'/>
		<razingScore value='0'/>
		<mineralScore value='5018'/>
		<gasScore value='504'/>
		<totalScore value='11397'/>
	</player>

	<enemy>
		<race value='Terran'/>
		<unitScore value='6050'/>
		<unitScore value='6050'/>
		<killScore value='5600'/>
		<buildingScore value='2625'/>
		<razingScore value='5625'/>
		<mineralScore value='7610'/>
		<gasScore value='2392'/>
		<totalScore value='29902'/>
	</enemy>

	<scoreRatio value='0.381145'/>
	<timeFitness value='0.144722'/>
	<unitsAverage value='24'/>
</results>
