<results>
	<result value='win'/>
	<start value='2015-05-04.05:02:48'/>
	<end value='2015-05-04.05:03:13'/>
	<frames value='32924'/>
	<gameDuration value='2057'/>

	<player>
		<unitScore value='21050'/>
		<killScore value='31350'/>
		<buildingScore value='3175'/>
		<razingScore value='3735'/>
		<mineralScore value='25710'/>
		<gasScore value='0'/>
		<totalScore value='85020'/>
	</player>

	<enemy>
		<race value='Zerg'/>
		<unitScore value='13250'/>
		<unitScore value='13250'/>
		<killScore value='30100'/>
		<buildingScore value='1245'/>
		<razingScore value='0'/>
		<mineralScore value='11166'/>
		<gasScore value='2960'/>
		<totalScore value='58721'/>
	</enemy>

	<scoreRatio value='1.44786'/>
	<timeFitness value='0.714306'/>
	<unitsAverage value='72'/>
</results>
