<results>
	<result value='loss'/>
	<start value='2015-05-04.05:04:49'/>
	<end value='2015-05-04.05:05:05'/>
	<frames value='28429'/>
	<gameDuration value='1776'/>

	<player>
		<unitScore value='9350'/>
		<killScore value='19500'/>
		<buildingScore value='1000'/>
		<razingScore value='360'/>
		<mineralScore value='11902'/>
		<gasScore value='0'/>
		<totalScore value='42112'/>
	</player>

	<enemy>
		<race value='Zerg'/>
		<unitScore value='16125'/>
		<unitScore value='16125'/>
		<killScore value='18700'/>
		<buildingScore value='3140'/>
		<razingScore value='3000'/>
		<mineralScore value='16114'/>
		<gasScore value='5056'/>
		<totalScore value='62135'/>
	</enemy>

	<scoreRatio value='0.67775'/>
	<timeFitness value='0.246667'/>
	<unitsAverage value='36'/>
</results>
