<results>
	<result value='win'/>
	<start value='2015-05-10.16:27:25'/>
	<end value='2015-05-10.16:28:28'/>
	<frames value='36706'/>
	<gameDuration value='2294'/>

	<player>
		<unitScore value='22625'/>
		<killScore value='32925'/>
		<buildingScore value='5125'/>
		<razingScore value='6495'/>
		<mineralScore value='38002'/>
		<gasScore value='5128'/>
		<totalScore value='110300'/>
	</player>

	<enemy>
		<race value='Zerg'/>
		<unitScore value='15700'/>
		<unitScore value='15700'/>
		<killScore value='22500'/>
		<buildingScore value='2165'/>
		<razingScore value='0'/>
		<mineralScore value='13874'/>
		<gasScore value='4520'/>
		<totalScore value='58759'/>
	</enemy>

	<scoreRatio value='1.87716'/>
	<timeFitness value='0.681389'/>
	<unitsAverage value='137'/>
</results>
