<results>
	<result value='win'/>
	<start value='2015-05-10.16:32:31'/>
	<end value='2015-05-10.16:33:02'/>
	<frames value='27499'/>
	<gameDuration value='1718'/>

	<player>
		<unitScore value='15500'/>
		<killScore value='23280'/>
		<buildingScore value='4425'/>
		<razingScore value='7170'/>
		<mineralScore value='21530'/>
		<gasScore value='2640'/>
		<totalScore value='74545'/>
	</player>

	<enemy>
		<race value='Zerg'/>
		<unitScore value='11100'/>
		<unitScore value='11100'/>
		<killScore value='11250'/>
		<buildingScore value='2390'/>
		<razingScore value='1575'/>
		<mineralScore value='11474'/>
		<gasScore value='3328'/>
		<totalScore value='41117'/>
	</enemy>

	<scoreRatio value='1.813'/>
	<timeFitness value='0.761389'/>
	<unitsAverage value='93'/>
</results>
