<results>
	<result value='loss'/>
	<start value='2015-05-09.10:07:17'/>
	<end value='2015-05-09.10:07:25'/>
	<frames value='18757'/>
	<gameDuration value='1172'/>

	<player>
		<unitScore value='3725'/>
		<killScore value='1600'/>
		<buildingScore value='1875'/>
		<razingScore value='0'/>
		<mineralScore value='5610'/>
		<gasScore value='848'/>
		<totalScore value='13658'/>
	</player>

	<enemy>
		<race value='Terran'/>
		<unitScore value='7025'/>
		<unitScore value='7025'/>
		<killScore value='7450'/>
		<buildingScore value='2850'/>
		<razingScore value='5625'/>
		<mineralScore value='8578'/>
		<gasScore value='3064'/>
		<totalScore value='34592'/>
	</enemy>

	<scoreRatio value='0.394831'/>
	<timeFitness value='0.162778'/>
	<unitsAverage value='24'/>
</results>
