<results>
	<result value='win'/>
	<start value='2015-05-09.10:08:37'/>
	<end value='2015-05-09.10:09:00'/>
	<frames value='27778'/>
	<gameDuration value='1736'/>

	<player>
		<unitScore value='15700'/>
		<killScore value='25050'/>
		<buildingScore value='3825'/>
		<razingScore value='8925'/>
		<mineralScore value='21162'/>
		<gasScore value='2336'/>
		<totalScore value='76998'/>
	</player>

	<enemy>
		<race value='Terran'/>
		<unitScore value='13325'/>
		<unitScore value='13325'/>
		<killScore value='12500'/>
		<buildingScore value='3125'/>
		<razingScore value='300'/>
		<mineralScore value='12298'/>
		<gasScore value='5672'/>
		<totalScore value='47220'/>
	</enemy>

	<scoreRatio value='1.63062'/>
	<timeFitness value='0.758889'/>
	<unitsAverage value='84'/>
</results>
