<results>
	<result value='win'/>
	<start value='2015-05-09.10:09:14'/>
	<end value='2015-05-09.10:09:24'/>
	<frames value='17889'/>
	<gameDuration value='1118'/>

	<player>
		<unitScore value='6775'/>
		<killScore value='10400'/>
		<buildingScore value='2025'/>
		<razingScore value='4200'/>
		<mineralScore value='10410'/>
		<gasScore value='1680'/>
		<totalScore value='35490'/>
	</player>

	<enemy>
		<race value='Terran'/>
		<unitScore value='5200'/>
		<unitScore value='5200'/>
		<killScore value='4100'/>
		<buildingScore value='1400'/>
		<razingScore value='0'/>
		<mineralScore value='7218'/>
		<gasScore value='1960'/>
		<totalScore value='19878'/>
	</enemy>

	<scoreRatio value='1.78539'/>
	<timeFitness value='0.844722'/>
	<unitsAverage value='49'/>
</results>
