<results>
	<result value='loss'/>
	<start value='2015-05-04.08:00:30'/>
	<end value='2015-05-04.08:00:42'/>
	<frames value='21547'/>
	<gameDuration value='1346'/>

	<player>
		<unitScore value='6325'/>
		<killScore value='3900'/>
		<buildingScore value='2000'/>
		<razingScore value='0'/>
		<mineralScore value='8874'/>
		<gasScore value='1576'/>
		<totalScore value='22675'/>
	</player>

	<enemy>
		<race value='Terran'/>
		<unitScore value='7925'/>
		<unitScore value='7925'/>
		<killScore value='12650'/>
		<buildingScore value='3225'/>
		<razingScore value='6000'/>
		<mineralScore value='10338'/>
		<gasScore value='4032'/>
		<totalScore value='44170'/>
	</enemy>

	<scoreRatio value='0.513357'/>
	<timeFitness value='0.186944'/>
	<unitsAverage value='32'/>
</results>
