<results>
	<result value='draw'/>
	<start value='2015-04-11.18:13:11'/>
	<end value='2015-04-11.18:15:04'/>
	<frames value='57601'/>
	<gameDuration value='3600'/>

	<player>
		<unitScore value='31775'/>
		<killScore value='54800'/>
		<buildingScore value='3075'/>
		<razingScore value='5700'/>
		<mineralScore value='33338'/>
		<gasScore value='6040'/>
		<totalScore value='134728'/>
	</player>

	<enemy>
		<race value='Protoss'/>
		<unitScore value='32450'/>
		<unitScore value='32450'/>
		<killScore value='53900'/>
		<buildingScore value='6525'/>
		<razingScore value='600'/>
		<mineralScore value='28982'/>
		<gasScore value='11284'/>
		<totalScore value='133741'/>
	</enemy>

	<scoreRatio value='1.00738'/>
</results>
