<results>
	<result value='win'/>
	<start value='2015-04-11.18:20:27'/>
	<end value='2015-04-11.18:23:06'/>
	<frames value='52950'/>
	<gameDuration value='3309'/>

	<player>
		<unitScore value='23950'/>
		<killScore value='30850'/>
		<buildingScore value='4750'/>
		<razingScore value='25125'/>
		<mineralScore value='36222'/>
		<gasScore value='5792'/>
		<totalScore value='126689'/>
	</player>

	<enemy>
		<race value='Protoss'/>
		<unitScore value='15425'/>
		<unitScore value='15425'/>
		<killScore value='24450'/>
		<buildingScore value='8375'/>
		<razingScore value='150'/>
		<mineralScore value='24162'/>
		<gasScore value='10152'/>
		<totalScore value='82714'/>
	</enemy>

	<scoreRatio value='1.53165'/>
</results>
