<results>
	<result value='loss'/>
	<start value='2015-04-11.18:27:15'/>
	<end value='2015-04-11.18:28:48'/>
	<frames value='47463'/>
	<gameDuration value='2966'/>

	<player>
		<unitScore value='23600'/>
		<killScore value='29250'/>
		<buildingScore value='2500'/>
		<razingScore value='1200'/>
		<mineralScore value='23978'/>
		<gasScore value='3536'/>
		<totalScore value='84064'/>
	</player>

	<enemy>
		<race value='Protoss'/>
		<unitScore value='36450'/>
		<unitScore value='36450'/>
		<killScore value='47300'/>
		<buildingScore value='8325'/>
		<razingScore value='7500'/>
		<mineralScore value='33922'/>
		<gasScore value='12840'/>
		<totalScore value='146337'/>
	</enemy>

	<scoreRatio value='0.574455'/>
</results>
