<results>
	<result value='loss'/>
	<start value='2015-05-11.01:20:27'/>
	<end value='2015-05-11.01:20:43'/>
	<frames value='24771'/>
	<gameDuration value='1548'/>

	<player>
		<unitScore value='10975'/>
		<killScore value='9700'/>
		<buildingScore value='2475'/>
		<razingScore value='0'/>
		<mineralScore value='13790'/>
		<gasScore value='1728'/>
		<totalScore value='38668'/>
	</player>

	<enemy>
		<race value='Zerg'/>
		<unitScore value='13050'/>
		<unitScore value='13050'/>
		<killScore value='21950'/>
		<buildingScore value='3020'/>
		<razingScore value='7425'/>
		<mineralScore value='13642'/>
		<gasScore value='4464'/>
		<totalScore value='63551'/>
	</enemy>

	<scoreRatio value='0.608456'/>
	<timeFitness value='0.215'/>
	<unitsAverage value='46'/>
</results>
