<results>
	<result value='win'/>
	<start value='2015-04-10.19:40:51'/>
	<end value='2015-04-10.19:44:29'/>
	<frames value='52423'/>
	<gameDuration value='3276'/>

	<player>
		<unitScore value='18525'/>
		<killScore value='16700'/>
		<buildingScore value='5350'/>
		<razingScore value='16350'/>
		<mineralScore value='46458'/>
		<gasScore value='7196'/>
		<totalScore value='110579'/>
	</player>

	<enemy>
		<race value='Protoss'/>
		<unitScore value='8350'/>
		<unitScore value='8350'/>
		<killScore value='12400'/>
		<buildingScore value='5450'/>
		<razingScore value='0'/>
		<mineralScore value='16578'/>
		<gasScore value='2608'/>
		<totalScore value='45386'/>
	</enemy>

	<scoreRatio value='2.43641'/>
</results>
