<results>
	<result value='loss'/>
	<start value='2015-05-05.11:34:36'/>
	<end value='2015-05-05.11:34:46'/>
	<frames value='18602'/>
	<gameDuration value='1162'/>

	<player>
		<unitScore value='4450'/>
		<killScore value='1000'/>
		<buildingScore value='2400'/>
		<razingScore value='0'/>
		<mineralScore value='6930'/>
		<gasScore value='816'/>
		<totalScore value='15596'/>
	</player>

	<enemy>
		<race value='Protoss'/>
		<unitScore value='4925'/>
		<unitScore value='4925'/>
		<killScore value='8900'/>
		<buildingScore value='3725'/>
		<razingScore value='7200'/>
		<mineralScore value='9434'/>
		<gasScore value='2680'/>
		<totalScore value='36864'/>
	</enemy>

	<scoreRatio value='0.423069'/>
	<timeFitness value='0.161389'/>
	<unitsAverage value='27'/>
</results>
