<results>
	<result value='win'/>
	<start value='2015-05-05.11:47:59'/>
	<end value='2015-05-05.11:48:28'/>
	<frames value='29111'/>
	<gameDuration value='1819'/>

	<player>
		<unitScore value='16100'/>
		<killScore value='16700'/>
		<buildingScore value='3850'/>
		<razingScore value='18900'/>
		<mineralScore value='22974'/>
		<gasScore value='3064'/>
		<totalScore value='81588'/>
	</player>

	<enemy>
		<race value='Protoss'/>
		<unitScore value='8350'/>
		<unitScore value='8350'/>
		<killScore value='12400'/>
		<buildingScore value='6300'/>
		<razingScore value='150'/>
		<mineralScore value='15634'/>
		<gasScore value='5032'/>
		<totalScore value='47866'/>
	</enemy>

	<scoreRatio value='1.70451'/>
	<timeFitness value='0.747361'/>
	<unitsAverage value='84'/>
</results>
