<results>
	<result value='loss'/>
	<start value='2015-05-05.11:56:51'/>
	<end value='2015-05-05.11:57:26'/>
	<frames value='45014'/>
	<gameDuration value='2813'/>

	<player>
		<unitScore value='18775'/>
		<killScore value='28500'/>
		<buildingScore value='2425'/>
		<razingScore value='0'/>
		<mineralScore value='20130'/>
		<gasScore value='3008'/>
		<totalScore value='72838'/>
	</player>

	<enemy>
		<race value='Protoss'/>
		<unitScore value='34860'/>
		<unitScore value='34860'/>
		<killScore value='37400'/>
		<buildingScore value='7675'/>
		<razingScore value='7275'/>
		<mineralScore value='31466'/>
		<gasScore value='13098'/>
		<totalScore value='131774'/>
	</enemy>

	<scoreRatio value='0.552749'/>
	<timeFitness value='0.390694'/>
	<unitsAverage value='55'/>
</results>
