<results>
	<result value='loss'/>
	<start value='2015-07-20.00:29:25'/>
	<end value='2015-07-20.00:30:17'/>
	<frames value='35249'/>
	<gameDuration value='2203'/>

	<player>
		<unitScore value='18625'/>
		<killScore value='15850'/>
		<buildingScore value='4425'/>
		<razingScore value='0'/>
		<mineralScore value='26014'/>
		<gasScore value='2656'/>
		<totalScore value='67570'/>
	</player>

	<enemy>
		<race value='Zerg'/>
		<unitScore value='14900'/>
		<killScore value='37250'/>
		<buildingScore value='3500'/>
		<razingScore value='13275'/>
		<mineralScore value='15994'/>
		<gasScore value='6128'/>
		<totalScore value='91047'/>
	</enemy>

	<scoreRatio value='0.742144'/>
	<timeFitness value='0.305972'/>
	<unitsAverage value='63'/>
</results>
