<results>
	<result value='win'/>
	<start value='2015-05-10.18:52:34'/>
	<end value='2015-05-10.18:52:39'/>
	<frames value='10790'/>
	<gameDuration value='674'/>

	<player>
		<unitScore value='2250'/>
		<killScore value='1630'/>
		<buildingScore value='950'/>
		<razingScore value='2220'/>
		<mineralScore value='3514'/>
		<gasScore value='760'/>
		<totalScore value='11324'/>
	</player>

	<enemy>
		<race value='Zerg'/>
		<unitScore value='1200'/>
		<unitScore value='1200'/>
		<killScore value='900'/>
		<buildingScore value='740'/>
		<razingScore value='0'/>
		<mineralScore value='2282'/>
		<gasScore value='24'/>
		<totalScore value='5146'/>
	</enemy>

	<scoreRatio value='2.20054'/>
	<timeFitness value='0.906389'/>
	<unitsAverage value='21'/>
</results>
