<results>
	<result value='loss'/>
	<start value='2015-05-01.19:42:59'/>
	<end value='2015-05-01.19:43:36'/>
	<frames value='34753'/>
	<gameDuration value='2172'/>

	<player>
		<unitScore value='12550'/>
		<killScore value='9500'/>
		<buildingScore value='2275'/>
		<razingScore value='0'/>
		<mineralScore value='13870'/>
		<gasScore value='1528'/>
		<totalScore value='39723'/>
	</player>

	<enemy>
		<race value='Protoss'/>
		<unitScore value='21725'/>
		<unitScore value='21725'/>
		<killScore value='25300'/>
		<buildingScore value='6925'/>
		<razingScore value='6825'/>
		<mineralScore value='23326'/>
		<gasScore value='9240'/>
		<totalScore value='93341'/>
	</enemy>

	<scoreRatio value='0.425569'/>
	<timeFitness value='0.301667'/>
	<unitsAverage value='39'/>
</results>
