<results>
	<result value='loss'/>
	<start value='2015-04-16.13:30:18'/>
	<end value='2015-04-16.13:30:34'/>
	<frames value='16959'/>
	<gameDuration value='1059'/>

	<player>
		<unitScore value='4300'/>
		<killScore value='1400'/>
		<buildingScore value='1600'/>
		<razingScore value='0'/>
		<mineralScore value='6130'/>
		<gasScore value='1280'/>
		<totalScore value='14710'/>
	</player>

	<enemy>
		<race value='Protoss'/>
		<unitScore value='4875'/>
		<unitScore value='4875'/>
		<killScore value='8600'/>
		<buildingScore value='3125'/>
		<razingScore value='4800'/>
		<mineralScore value='8866'/>
		<gasScore value='1992'/>
		<totalScore value='32258'/>
	</enemy>

	<scoreRatio value='0.456011'/>
</results>
