<results>
	<result value='loss'/>
	<start value='2015-05-01.13:16:25'/>
	<end value='2015-05-01.13:16:52'/>
	<frames value='36210'/>
	<gameDuration value='2263'/>

	<player>
		<unitScore value='10900'/>
		<killScore value='8300'/>
		<buildingScore value='1850'/>
		<razingScore value='600'/>
		<mineralScore value='12050'/>
		<gasScore value='2520'/>
		<totalScore value='36220'/>
	</player>

	<enemy>
		<race value='Protoss'/>
		<unitScore value='22475'/>
		<unitScore value='22475'/>
		<killScore value='21450'/>
		<buildingScore value='7375'/>
		<razingScore value='5550'/>
		<mineralScore value='24562'/>
		<gasScore value='9688'/>
		<totalScore value='91100'/>
	</enemy>

	<scoreRatio value='0.397585'/>
</results>
