<results>
	<result value='loss'/>
	<start value='2015-04-12.04:12:17'/>
	<end value='2015-04-12.04:12:35'/>
	<frames value='19718'/>
	<gameDuration value='1232'/>

	<player>
		<unitScore value='4800'/>
		<killScore value='2600'/>
		<buildingScore value='2025'/>
		<razingScore value='0'/>
		<mineralScore value='6714'/>
		<gasScore value='992'/>
		<totalScore value='17131'/>
	</player>

	<enemy>
		<race value='Protoss'/>
		<unitScore value='5475'/>
		<unitScore value='5475'/>
		<killScore value='9600'/>
		<buildingScore value='4475'/>
		<razingScore value='6075'/>
		<mineralScore value='10546'/>
		<gasScore value='2608'/>
		<totalScore value='38779'/>
	</enemy>

	<scoreRatio value='0.44176'/>
</results>
