<results>
	<result value='loss'/>
	<start value='2015-04-12.04:26:14'/>
	<end value='2015-04-12.04:27:18'/>
	<frames value='50036'/>
	<gameDuration value='3127'/>

	<player>
		<unitScore value='24000'/>
		<killScore value='46100'/>
		<buildingScore value='3150'/>
		<razingScore value='300'/>
		<mineralScore value='25762'/>
		<gasScore value='3648'/>
		<totalScore value='102960'/>
	</player>

	<enemy>
		<race value='Protoss'/>
		<unitScore value='42275'/>
		<unitScore value='42275'/>
		<killScore value='48100'/>
		<buildingScore value='7175'/>
		<razingScore value='9450'/>
		<mineralScore value='34758'/>
		<gasScore value='13404'/>
		<totalScore value='155162'/>
	</enemy>

	<scoreRatio value='0.663565'/>
</results>
