<results>
	<result value='win'/>
	<start value='2015-05-09.17:51:43'/>
	<end value='2015-05-09.17:51:56'/>
	<frames value='21237'/>
	<gameDuration value='1327'/>

	<player>
		<unitScore value='9475'/>
		<killScore value='11200'/>
		<buildingScore value='2850'/>
		<razingScore value='8025'/>
		<mineralScore value='14166'/>
		<gasScore value='2336'/>
		<totalScore value='48052'/>
	</player>

	<enemy>
		<race value='Protoss'/>
		<unitScore value='5600'/>
		<unitScore value='5600'/>
		<killScore value='5500'/>
		<buildingScore value='2675'/>
		<razingScore value='150'/>
		<mineralScore value='8754'/>
		<gasScore value='1904'/>
		<totalScore value='24583'/>
	</enemy>

	<scoreRatio value='1.95468'/>
	<timeFitness value='0.815694'/>
	<unitsAverage value='65'/>
</results>
