<results>
	<result value='draw'/>
	<start value='2015-05-09.17:59:26'/>
	<end value='2015-05-09.18:00:12'/>
	<frames value='57601'/>
	<gameDuration value='3600'/>

	<player>
		<unitScore value='29350'/>
		<killScore value='32950'/>
		<buildingScore value='3150'/>
		<razingScore value='11250'/>
		<mineralScore value='31382'/>
		<gasScore value='5234'/>
		<totalScore value='113316'/>
	</player>

	<enemy>
		<race value='Protoss'/>
		<unitScore value='21895'/>
		<unitScore value='21895'/>
		<killScore value='52900'/>
		<buildingScore value='8875'/>
		<razingScore value='675'/>
		<mineralScore value='27934'/>
		<gasScore value='6422'/>
		<totalScore value='118701'/>
	</enemy>

	<scoreRatio value='0.954634'/>
	<timeFitness value='0.5'/>
	<unitsAverage value='96'/>
</results>
