<results>
	<result value='loss'/>
	<start value='2015-04-29.07:47:35'/>
	<end value='2015-04-29.07:47:50'/>
	<frames value='16928'/>
	<gameDuration value='1058'/>

	<player>
		<unitScore value='3825'/>
		<killScore value='1400'/>
		<buildingScore value='1575'/>
		<razingScore value='0'/>
		<mineralScore value='4978'/>
		<gasScore value='1224'/>
		<totalScore value='13002'/>
	</player>

	<enemy>
		<race value='Protoss'/>
		<unitScore value='5375'/>
		<unitScore value='5375'/>
		<killScore value='7400'/>
		<buildingScore value='3175'/>
		<razingScore value='4725'/>
		<mineralScore value='8626'/>
		<gasScore value='2456'/>
		<totalScore value='31757'/>
	</enemy>

	<scoreRatio value='0.409422'/>
	<timeFitness value='0.146944'/>
	<unitsAverage value='27'/>
</results>
