<results>
	<result value='win'/>
	<start value='2015-04-27.13:42:25'/>
	<end value='2015-04-27.13:42:43'/>
	<frames value='28832'/>
	<gameDuration value='1802'/>

	<player>
		<unitScore value='12875'/>
		<killScore value='23800'/>
		<buildingScore value='2700'/>
		<razingScore value='6975'/>
		<mineralScore value='19386'/>
		<gasScore value='2584'/>
		<totalScore value='68320'/>
	</player>

	<enemy>
		<race value='Terran'/>
		<unitScore value='11900'/>
		<unitScore value='11900'/>
		<killScore value='9700'/>
		<buildingScore value='2400'/>
		<razingScore value='1725'/>
		<mineralScore value='10490'/>
		<gasScore value='4104'/>
		<totalScore value='40319'/>
	</enemy>

	<scoreRatio value='1.69449'/>
</results>
