<results>
	<result value='win'/>
	<start value='2015-05-08.16:02:15'/>
	<end value='2015-05-08.16:02:41'/>
	<frames value='25422'/>
	<gameDuration value='1588'/>

	<player>
		<unitScore value='14225'/>
		<killScore value='19050'/>
		<buildingScore value='4025'/>
		<razingScore value='8325'/>
		<mineralScore value='21034'/>
		<gasScore value='1592'/>
		<totalScore value='68251'/>
	</player>

	<enemy>
		<race value='Terran'/>
		<unitScore value='9525'/>
		<unitScore value='9525'/>
		<killScore value='11000'/>
		<buildingScore value='2775'/>
		<razingScore value='300'/>
		<mineralScore value='10618'/>
		<gasScore value='4120'/>
		<totalScore value='38338'/>
	</enemy>

	<scoreRatio value='1.78024'/>
	<timeFitness value='0.779444'/>
	<unitsAverage value='81'/>
</results>
