<results>
	<result value='win'/>
	<start value='2015-05-02.18:59:07'/>
	<end value='2015-05-02.18:59:39'/>
	<frames value='27995'/>
	<gameDuration value='1749'/>

	<player>
		<unitScore value='14450'/>
		<killScore value='21600'/>
		<buildingScore value='4025'/>
		<razingScore value='9150'/>
		<mineralScore value='19586'/>
		<gasScore value='2544'/>
		<totalScore value='71355'/>
	</player>

	<enemy>
		<race value='Terran'/>
		<unitScore value='10800'/>
		<unitScore value='10800'/>
		<killScore value='12500'/>
		<buildingScore value='3050'/>
		<razingScore value='2550'/>
		<mineralScore value='10730'/>
		<gasScore value='4400'/>
		<totalScore value='44030'/>
	</enemy>

	<scoreRatio value='1.6206'/>
	<timeFitness value='0.757083'/>
	<unitsAverage value='74'/>
</results>
