<results>
	<result value='win'/>
	<start value='2015-05-02.19:01:26'/>
	<end value='2015-05-02.19:01:45'/>
	<frames value='20555'/>
	<gameDuration value='1284'/>

	<player>
		<unitScore value='8350'/>
		<killScore value='13900'/>
		<buildingScore value='3025'/>
		<razingScore value='4575'/>
		<mineralScore value='13082'/>
		<gasScore value='1280'/>
		<totalScore value='44212'/>
	</player>

	<enemy>
		<race value='Terran'/>
		<unitScore value='6950'/>
		<unitScore value='6950'/>
		<killScore value='4850'/>
		<buildingScore value='1600'/>
		<razingScore value='300'/>
		<mineralScore value='7770'/>
		<gasScore value='2480'/>
		<totalScore value='23950'/>
	</enemy>

	<scoreRatio value='1.84601'/>
	<timeFitness value='0.821667'/>
	<unitsAverage value='53'/>
</results>
