<results>
	<result value='win'/>
	<start value='2015-05-02.19:12:30'/>
	<end value='2015-05-02.19:12:50'/>
	<frames value='20865'/>
	<gameDuration value='1304'/>

	<player>
		<unitScore value='7900'/>
		<killScore value='14800'/>
		<buildingScore value='2825'/>
		<razingScore value='5025'/>
		<mineralScore value='12938'/>
		<gasScore value='1496'/>
		<totalScore value='44984'/>
	</player>

	<enemy>
		<race value='Terran'/>
		<unitScore value='7400'/>
		<unitScore value='7400'/>
		<killScore value='5250'/>
		<buildingScore value='1750'/>
		<razingScore value='1500'/>
		<mineralScore value='8874'/>
		<gasScore value='2992'/>
		<totalScore value='27766'/>
	</enemy>

	<scoreRatio value='1.62011'/>
	<timeFitness value='0.818889'/>
	<unitsAverage value='53'/>
</results>
