<results>
	<result value='loss'/>
	<start value='2014-07-03.03:26:49'/>
	<end value='2014-07-03.03:27:08'/>
	<frames value='35621'/>
	<gameDuration value='2226'/>

	<player>
		<unitScore value='11675'/>
		<killScore value='7050'/>
		<buildingScore value='2550'/>
		<razingScore value='0'/>
		<mineralScore value='13786'/>
		<gasScore value='3000'/>
		<totalScore value='38061'/>
	</player>

	<enemy>
		<race value='Protoss'/>
		<unitScore value='20375'/>
		<unitScore value='20375'/>
		<killScore value='23100'/>
		<buildingScore value='7025'/>
		<razingScore value='7650'/>
		<mineralScore value='23266'/>
		<gasScore value='9072'/>
		<totalScore value='90488'/>
	</enemy>

	<scoreRatio value='0.420619'/>
</results>
