<results>
	<result value='loss'/>
	<start value='2014-07-03.03:28:25'/>
	<end value='2014-07-03.03:28:45'/>
	<frames value='37016'/>
	<gameDuration value='2313'/>

	<player>
		<unitScore value='13050'/>
		<killScore value='13800'/>
		<buildingScore value='2575'/>
		<razingScore value='300'/>
		<mineralScore value='14450'/>
		<gasScore value='3168'/>
		<totalScore value='47343'/>
	</player>

	<enemy>
		<race value='Protoss'/>
		<unitScore value='23250'/>
		<unitScore value='23250'/>
		<killScore value='26100'/>
		<buildingScore value='7125'/>
		<razingScore value='7725'/>
		<mineralScore value='24218'/>
		<gasScore value='9504'/>
		<totalScore value='97922'/>
	</enemy>

	<scoreRatio value='0.483477'/>
</results>
