<results>
	<result value='loss'/>
	<start value='2014-07-23.01:02:14'/>
	<end value='2014-07-23.01:02:50'/>
	<frames value='53353'/>
	<gameDuration value='3334'/>

	<player>
		<unitScore value='12000'/>
		<killScore value='23350'/>
		<buildingScore value='1575'/>
		<razingScore value='9525'/>
		<mineralScore value='12626'/>
		<gasScore value='5142'/>
		<totalScore value='64218'/>
	</player>

	<enemy>
		<race value='Protoss'/>
		<unitScore value='20000'/>
		<unitScore value='20000'/>
		<killScore value='24100'/>
		<buildingScore value='10900'/>
		<razingScore value='4725'/>
		<mineralScore value='32074'/>
		<gasScore value='7720'/>
		<totalScore value='99519'/>
	</enemy>

	<scoreRatio value='0.645284'/>
</results>
