<results>
	<result value='loss'/>
	<start value='2014-07-23.01:07:01'/>
	<end value='2014-07-23.01:07:47'/>
	<frames value='46409'/>
	<gameDuration value='2900'/>

	<player>
		<unitScore value='23750'/>
		<killScore value='32250'/>
		<buildingScore value='2600'/>
		<razingScore value='300'/>
		<mineralScore value='24066'/>
		<gasScore value='5032'/>
		<totalScore value='87998'/>
	</player>

	<enemy>
		<race value='Protoss'/>
		<unitScore value='36375'/>
		<unitScore value='36375'/>
		<killScore value='47500'/>
		<buildingScore value='7575'/>
		<razingScore value='7800'/>
		<mineralScore value='32414'/>
		<gasScore value='12466'/>
		<totalScore value='144130'/>
	</enemy>

	<scoreRatio value='0.610546'/>
</results>
