<results>
	<result value='win'/>
	<start value='2014-07-23.01:09:03'/>
	<end value='2014-07-23.01:09:42'/>
	<frames value='30878'/>
	<gameDuration value='1929'/>

	<player>
		<unitScore value='20875'/>
		<killScore value='23200'/>
		<buildingScore value='4675'/>
		<razingScore value='15225'/>
		<mineralScore value='29898'/>
		<gasScore value='3040'/>
		<totalScore value='96913'/>
	</player>

	<enemy>
		<race value='Protoss'/>
		<unitScore value='12300'/>
		<unitScore value='12300'/>
		<killScore value='18750'/>
		<buildingScore value='5075'/>
		<razingScore value='225'/>
		<mineralScore value='13770'/>
		<gasScore value='3928'/>
		<totalScore value='54048'/>
	</enemy>

	<scoreRatio value='1.79309'/>
</results>
