<results>
	<result value='loss'/>
	<start value='2015-04-08.18:10:08'/>
	<end value='2015-04-08.18:10:16'/>
	<frames value='16494'/>
	<gameDuration value='1030'/>

	<player>
		<unitScore value='3150'/>
		<killScore value='1200'/>
		<buildingScore value='1475'/>
		<razingScore value='0'/>
		<mineralScore value='4810'/>
		<gasScore value='576'/>
		<totalScore value='11211'/>
	</player>

	<enemy>
		<race value='Protoss'/>
		<unitScore value='3650'/>
		<unitScore value='3650'/>
		<killScore value='6400'/>
		<buildingScore value='3975'/>
		<razingScore value='4425'/>
		<mineralScore value='8658'/>
		<gasScore value='1608'/>
		<totalScore value='28716'/>
	</enemy>

	<scoreRatio value='0.39041'/>
</results>
