<results>
	<result value='loss'/>
	<start value='2015-07-14.17:39:25'/>
	<end value='2015-07-14.17:40:08'/>
	<frames value='34598'/>
	<gameDuration value='2162'/>

	<player>
		<unitScore value='13550'/>
		<killScore value='8300'/>
		<buildingScore value='3075'/>
		<razingScore value='150'/>
		<mineralScore value='23434'/>
		<gasScore value='2128'/>
		<totalScore value='50637'/>
	</player>

	<enemy>
		<race value='Protoss'/>
		<unitScore value='18800'/>
		<killScore value='27100'/>
		<buildingScore value='7075'/>
		<razingScore value='9225'/>
		<mineralScore value='23322'/>
		<gasScore value='8224'/>
		<totalScore value='93746'/>
	</enemy>

	<scoreRatio value='0.540151'/>
	<timeFitness value='0.300278'/>
	<unitsAverage value='59'/>
</results>
