<results>
	<result value='loss'/>
	<start value='2015-07-14.17:40:38'/>
	<end value='2015-07-14.17:40:50'/>
	<frames value='20028'/>
	<gameDuration value='1251'/>

	<player>
		<unitScore value='4650'/>
		<killScore value='1800'/>
		<buildingScore value='1850'/>
		<razingScore value='0'/>
		<mineralScore value='5738'/>
		<gasScore value='800'/>
		<totalScore value='14838'/>
	</player>

	<enemy>
		<race value='Protoss'/>
		<unitScore value='4400'/>
		<killScore value='9200'/>
		<buildingScore value='5175'/>
		<razingScore value='5550'/>
		<mineralScore value='11442'/>
		<gasScore value='2176'/>
		<totalScore value='37943'/>
	</enemy>

	<scoreRatio value='0.39106'/>
	<timeFitness value='0.17375'/>
	<unitsAverage value='23'/>
</results>
