<results>
	<result value='loss'/>
	<start value='2015-04-13.20:36:37'/>
	<end value='2015-04-13.20:36:54'/>
	<frames value='17827'/>
	<gameDuration value='1114'/>

	<player>
		<unitScore value='5100'/>
		<killScore value='2200'/>
		<buildingScore value='2050'/>
		<razingScore value='0'/>
		<mineralScore value='6866'/>
		<gasScore value='1144'/>
		<totalScore value='17360'/>
	</player>

	<enemy>
		<race value='Protoss'/>
		<unitScore value='5775'/>
		<unitScore value='5775'/>
		<killScore value='10200'/>
		<buildingScore value='3275'/>
		<razingScore value='6150'/>
		<mineralScore value='8826'/>
		<gasScore value='2736'/>
		<totalScore value='36962'/>
	</enemy>

	<scoreRatio value='0.469672'/>
</results>
