<results>
	<result value='loss'/>
	<start value='2015-07-14.02:31:27'/>
	<end value='2015-07-14.02:31:36'/>
	<frames value='17238'/>
	<gameDuration value='1077'/>

	<player>
		<unitScore value='5025'/>
		<killScore value='400'/>
		<buildingScore value='1800'/>
		<razingScore value='0'/>
		<mineralScore value='6946'/>
		<gasScore value='864'/>
		<totalScore value='15035'/>
	</player>

	<enemy>
		<race value='Protoss'/>
		<unitScore value='4575'/>
		<killScore value='10050'/>
		<buildingScore value='3475'/>
		<razingScore value='5400'/>
		<mineralScore value='8962'/>
		<gasScore value='2264'/>
		<totalScore value='34726'/>
	</enemy>

	<scoreRatio value='0.432961'/>
	<timeFitness value='0.149583'/>
	<unitsAverage value='29'/>
</results>
