<results>
	<result value='loss'/>
	<start value='2015-07-14.02:39:55'/>
	<end value='2015-07-14.02:40:04'/>
	<frames value='17424'/>
	<gameDuration value='1089'/>

	<player>
		<unitScore value='4125'/>
		<killScore value='400'/>
		<buildingScore value='2075'/>
		<razingScore value='0'/>
		<mineralScore value='5810'/>
		<gasScore value='576'/>
		<totalScore value='12986'/>
	</player>

	<enemy>
		<race value='Protoss'/>
		<unitScore value='4075'/>
		<killScore value='8050'/>
		<buildingScore value='4075'/>
		<razingScore value='6225'/>
		<mineralScore value='9202'/>
		<gasScore value='1832'/>
		<totalScore value='33459'/>
	</enemy>

	<scoreRatio value='0.388117'/>
	<timeFitness value='0.15125'/>
	<unitsAverage value='24'/>
</results>
