<results>
	<result value='loss'/>
	<start value='2015-04-30.07:47:10'/>
	<end value='2015-04-30.07:48:08'/>
	<frames value='48021'/>
	<gameDuration value='3001'/>

	<player>
		<unitScore value='21850'/>
		<killScore value='37900'/>
		<buildingScore value='3525'/>
		<razingScore value='3000'/>
		<mineralScore value='25514'/>
		<gasScore value='4528'/>
		<totalScore value='96317'/>
	</player>

	<enemy>
		<race value='Protoss'/>
		<unitScore value='35075'/>
		<unitScore value='35075'/>
		<killScore value='43700'/>
		<buildingScore value='7975'/>
		<razingScore value='10575'/>
		<mineralScore value='32230'/>
		<gasScore value='11214'/>
		<totalScore value='140769'/>
	</enemy>

	<scoreRatio value='0.68422'/>
</results>
