<results>
	<result value='win'/>
	<start value='2014-07-03.04:08:22'/>
	<end value='2014-07-03.04:08:49'/>
	<frames value='28522'/>
	<gameDuration value='1782'/>

	<player>
		<unitScore value='18350'/>
		<killScore value='16700'/>
		<buildingScore value='3525'/>
		<razingScore value='13800'/>
		<mineralScore value='28850'/>
		<gasScore value='3400'/>
		<totalScore value='84625'/>
	</player>

	<enemy>
		<race value='Protoss'/>
		<unitScore value='8350'/>
		<unitScore value='8350'/>
		<killScore value='15950'/>
		<buildingScore value='4600'/>
		<razingScore value='0'/>
		<mineralScore value='19862'/>
		<gasScore value='976'/>
		<totalScore value='49738'/>
	</enemy>

	<scoreRatio value='1.70142'/>
</results>
