<results>
	<result value='draw'/>
	<start value='2015-07-14.06:42:46'/>
	<end value='2015-07-14.06:45:54'/>
	<frames value='57601'/>
	<gameDuration value='3600'/>

	<player>
		<unitScore value='53725'/>
		<killScore value='51900'/>
		<buildingScore value='3750'/>
		<razingScore value='3600'/>
		<mineralScore value='43374'/>
		<gasScore value='8952'/>
		<totalScore value='165301'/>
	</player>

	<enemy>
		<race value='Protoss'/>
		<unitScore value='35950'/>
		<killScore value='79150'/>
		<buildingScore value='5375'/>
		<razingScore value='0'/>
		<mineralScore value='19478'/>
		<gasScore value='11086'/>
		<totalScore value='151039'/>
	</enemy>

	<scoreRatio value='1.09443'/>
	<timeFitness value='0.5'/>
	<unitsAverage value='165'/>
</results>
