<results>
	<result value='loss'/>
	<start value='2015-07-14.06:49:20'/>
	<end value='2015-07-14.06:50:48'/>
	<frames value='42968'/>
	<gameDuration value='2685'/>

	<player>
		<unitScore value='27975'/>
		<killScore value='19850'/>
		<buildingScore value='3175'/>
		<razingScore value='1050'/>
		<mineralScore value='31542'/>
		<gasScore value='4344'/>
		<totalScore value='87936'/>
	</player>

	<enemy>
		<race value='Protoss'/>
		<unitScore value='24525'/>
		<killScore value='48950'/>
		<buildingScore value='7275'/>
		<razingScore value='9525'/>
		<mineralScore value='26330'/>
		<gasScore value='8578'/>
		<totalScore value='125183'/>
	</enemy>

	<scoreRatio value='0.70246'/>
	<timeFitness value='0.372917'/>
	<unitsAverage value='109'/>
</results>
