<results>
	<result value='draw'/>
	<start value='2015-07-14.06:50:57'/>
	<end value='2015-07-14.06:52:37'/>
	<frames value='57601'/>
	<gameDuration value='3600'/>

	<player>
		<unitScore value='38350'/>
		<killScore value='35500'/>
		<buildingScore value='3775'/>
		<razingScore value='9000'/>
		<mineralScore value='35206'/>
		<gasScore value='4048'/>
		<totalScore value='125879'/>
	</player>

	<enemy>
		<race value='Protoss'/>
		<unitScore value='21575'/>
		<killScore value='67250'/>
		<buildingScore value='7425'/>
		<razingScore value='5625'/>
		<mineralScore value='23022'/>
		<gasScore value='10314'/>
		<totalScore value='135211'/>
	</enemy>

	<scoreRatio value='0.930982'/>
	<timeFitness value='0.5'/>
	<unitsAverage value='100'/>
</results>
