<results>
	<result value='win'/>
	<start value='2015-05-04.11:46:05'/>
	<end value='2015-05-04.11:46:43'/>
	<frames value='26724'/>
	<gameDuration value='1670'/>

	<player>
		<unitScore value='18425'/>
		<killScore value='27670'/>
		<buildingScore value='4450'/>
		<razingScore value='5040'/>
		<mineralScore value='30610'/>
		<gasScore value='2400'/>
		<totalScore value='88595'/>
	</player>

	<enemy>
		<race value='Zerg'/>
		<unitScore value='11725'/>
		<unitScore value='11725'/>
		<killScore value='13150'/>
		<buildingScore value='1680'/>
		<razingScore value='0'/>
		<mineralScore value='11042'/>
		<gasScore value='3176'/>
		<totalScore value='40773'/>
	</enemy>

	<scoreRatio value='2.17288'/>
	<timeFitness value='0.768056'/>
	<unitsAverage value='114'/>
</results>
