<results>
	<result value='draw'/>
	<start value='2015-05-11.14:26:19'/>
	<end value='2015-05-11.14:29:45'/>
	<frames value='57601'/>
	<gameDuration value='3600'/>

	<player>
		<unitScore value='27500'/>
		<killScore value='33245'/>
		<buildingScore value='3850'/>
		<razingScore value='1215'/>
		<mineralScore value='31606'/>
		<gasScore value='8236'/>
		<totalScore value='105652'/>
	</player>

	<enemy>
		<race value='Zerg'/>
		<unitScore value='33325'/>
		<unitScore value='33325'/>
		<killScore value='20600'/>
		<buildingScore value='4540'/>
		<razingScore value='2025'/>
		<mineralScore value='31414'/>
		<gasScore value='11570'/>
		<totalScore value='103474'/>
	</enemy>

	<scoreRatio value='1.02105'/>
	<timeFitness value='0.5'/>
	<unitsAverage value='174'/>
</results>
