<results>
	<result value='loss'/>
	<start value='2015-05-04.06:30:25'/>
	<end value='2015-05-04.06:30:33'/>
	<frames value='15874'/>
	<gameDuration value='992'/>

	<player>
		<unitScore value='4150'/>
		<killScore value='1000'/>
		<buildingScore value='1450'/>
		<razingScore value='0'/>
		<mineralScore value='5682'/>
		<gasScore value='0'/>
		<totalScore value='12282'/>
	</player>

	<enemy>
		<race value='Protoss'/>
		<unitScore value='3550'/>
		<unitScore value='3550'/>
		<killScore value='8300'/>
		<buildingScore value='3225'/>
		<razingScore value='4350'/>
		<mineralScore value='8362'/>
		<gasScore value='1320'/>
		<totalScore value='29107'/>
	</enemy>

	<scoreRatio value='0.42196'/>
	<timeFitness value='0.137778'/>
	<unitsAverage value='25'/>
</results>
