<results>
	<result value='loss'/>
	<start value='2015-03-27.17:20:42'/>
	<end value='2015-03-27.17:20:50'/>
	<frames value='15440'/>
	<gameDuration value='965'/>

	<player>
		<unitScore value='3350'/>
		<killScore value='1900'/>
		<buildingScore value='1825'/>
		<razingScore value='0'/>
		<mineralScore value='5722'/>
		<gasScore value='1040'/>
		<totalScore value='13837'/>
	</player>

	<enemy>
		<race value='Protoss'/>
		<unitScore value='3600'/>
		<unitScore value='3600'/>
		<killScore value='6450'/>
		<buildingScore value='2975'/>
		<razingScore value='5475'/>
		<mineralScore value='7922'/>
		<gasScore value='1504'/>
		<totalScore value='27926'/>
	</enemy>

	<scoreRatio value='0.495488'/>
</results>
