<results>
	<result value='win'/>
	<start value='2015-05-01.04:19:23'/>
	<end value='2015-05-01.04:20:15'/>
	<frames value='31250'/>
	<gameDuration value='1953'/>

	<player>
		<unitScore value='25000'/>
		<killScore value='35550'/>
		<buildingScore value='4275'/>
		<razingScore value='6975'/>
		<mineralScore value='28462'/>
		<gasScore value='2184'/>
		<totalScore value='102446'/>
	</player>

	<enemy>
		<race value='Zerg'/>
		<unitScore value='16500'/>
		<unitScore value='16500'/>
		<killScore value='28100'/>
		<buildingScore value='2325'/>
		<razingScore value='0'/>
		<mineralScore value='15938'/>
		<gasScore value='5384'/>
		<totalScore value='68247'/>
	</enemy>

	<scoreRatio value='1.50111'/>
</results>
