<results>
	<result value='win'/>
	<start value='2015-05-01.04:23:54'/>
	<end value='2015-05-01.04:24:31'/>
	<frames value='28212'/>
	<gameDuration value='1763'/>

	<player>
		<unitScore value='17075'/>
		<killScore value='28270'/>
		<buildingScore value='4000'/>
		<razingScore value='7725'/>
		<mineralScore value='24726'/>
		<gasScore value='2952'/>
		<totalScore value='84748'/>
	</player>

	<enemy>
		<race value='Zerg'/>
		<unitScore value='12425'/>
		<unitScore value='12425'/>
		<killScore value='16650'/>
		<buildingScore value='2575'/>
		<razingScore value='1800'/>
		<mineralScore value='12874'/>
		<gasScore value='3480'/>
		<totalScore value='49804'/>
	</enemy>

	<scoreRatio value='1.70163'/>
</results>
