<results>
	<result value='loss'/>
	<start value='2015-05-01.04:35:09'/>
	<end value='2015-05-01.04:35:13'/>
	<frames value='8899'/>
	<gameDuration value='556'/>

	<player>
		<unitScore value='850'/>
		<killScore value='150'/>
		<buildingScore value='700'/>
		<razingScore value='0'/>
		<mineralScore value='1282'/>
		<gasScore value='48'/>
		<totalScore value='3030'/>
	</player>

	<enemy>
		<race value='Zerg'/>
		<unitScore value='1550'/>
		<unitScore value='1550'/>
		<killScore value='1700'/>
		<buildingScore value='940'/>
		<razingScore value='2100'/>
		<mineralScore value='2682'/>
		<gasScore value='160'/>
		<totalScore value='9132'/>
	</enemy>

	<scoreRatio value='0.3318'/>
</results>
