<results>
	<result value='draw'/>
	<start value='2015-04-17.05:18:52'/>
	<end value='2015-04-17.05:20:51'/>
	<frames value='57601'/>
	<gameDuration value='3600'/>

	<player>
		<unitScore value='34900'/>
		<killScore value='61300'/>
		<buildingScore value='3350'/>
		<razingScore value='9225'/>
		<mineralScore value='33822'/>
		<gasScore value='7576'/>
		<totalScore value='150173'/>
	</player>

	<enemy>
		<race value='Protoss'/>
		<unitScore value='35425'/>
		<unitScore value='35425'/>
		<killScore value='55300'/>
		<buildingScore value='6675'/>
		<razingScore value='1575'/>
		<mineralScore value='28678'/>
		<gasScore value='10794'/>
		<totalScore value='138447'/>
	</enemy>

	<scoreRatio value='1.0847'/>
</results>
