<results>
	<result value='loss'/>
	<start value='2015-04-30.02:39:06'/>
	<end value='2015-04-30.02:39:17'/>
	<frames value='16091'/>
	<gameDuration value='1005'/>

	<player>
		<unitScore value='3125'/>
		<killScore value='800'/>
		<buildingScore value='1275'/>
		<razingScore value='0'/>
		<mineralScore value='4770'/>
		<gasScore value='744'/>
		<totalScore value='10714'/>
	</player>

	<enemy>
		<race value='Protoss'/>
		<unitScore value='3550'/>
		<unitScore value='3550'/>
		<killScore value='6250'/>
		<buildingScore value='3525'/>
		<razingScore value='3825'/>
		<mineralScore value='8306'/>
		<gasScore value='1648'/>
		<totalScore value='27104'/>
	</enemy>

	<scoreRatio value='0.395292'/>
</results>
