<results>
	<result value='win'/>
	<start value='2015-04-30.02:48:59'/>
	<end value='2015-04-30.02:50:15'/>
	<frames value='46657'/>
	<gameDuration value='2916'/>

	<player>
		<unitScore value='29200'/>
		<killScore value='35300'/>
		<buildingScore value='3675'/>
		<razingScore value='22425'/>
		<mineralScore value='33914'/>
		<gasScore value='4840'/>
		<totalScore value='129354'/>
	</player>

	<enemy>
		<race value='Protoss'/>
		<unitScore value='19400'/>
		<unitScore value='19400'/>
		<killScore value='41550'/>
		<buildingScore value='7475'/>
		<razingScore value='675'/>
		<mineralScore value='21298'/>
		<gasScore value='7312'/>
		<totalScore value='97710'/>
	</enemy>

	<scoreRatio value='1.32386'/>
</results>
