<results>
	<result value='loss'/>
	<start value='2015-07-18.04:35:44'/>
	<end value='2015-07-18.04:36:25'/>
	<frames value='25391'/>
	<gameDuration value='1586'/>

	<player>
		<unitScore value='10625'/>
		<killScore value='1350'/>
		<buildingScore value='3625'/>
		<razingScore value='0'/>
		<mineralScore value='13770'/>
		<gasScore value='1528'/>
		<totalScore value='30898'/>
	</player>

	<enemy>
		<race value='Terran'/>
		<unitScore value='9700'/>
		<killScore value='19450'/>
		<buildingScore value='4000'/>
		<razingScore value='10875'/>
		<mineralScore value='12750'/>
		<gasScore value='5392'/>
		<totalScore value='62167'/>
	</enemy>

	<scoreRatio value='0.497016'/>
	<timeFitness value='0.220278'/>
	<unitsAverage value='43'/>
</results>
