<results>
	<result value='loss'/>
	<start value='2015-07-18.04:42:31'/>
	<end value='2015-07-18.04:43:01'/>
	<frames value='26631'/>
	<gameDuration value='1664'/>

	<player>
		<unitScore value='10450'/>
		<killScore value='2350'/>
		<buildingScore value='3550'/>
		<razingScore value='0'/>
		<mineralScore value='18546'/>
		<gasScore value='1536'/>
		<totalScore value='36432'/>
	</player>

	<enemy>
		<race value='Terran'/>
		<unitScore value='7675'/>
		<killScore value='20900'/>
		<buildingScore value='3900'/>
		<razingScore value='10650'/>
		<mineralScore value='15446'/>
		<gasScore value='4640'/>
		<totalScore value='63211'/>
	</enemy>

	<scoreRatio value='0.576355'/>
	<timeFitness value='0.231111'/>
	<unitsAverage value='43'/>
</results>
