<results>
	<result value='loss'/>
	<start value='2015-07-18.04:51:01'/>
	<end value='2015-07-18.04:51:33'/>
	<frames value='25329'/>
	<gameDuration value='1583'/>

	<player>
		<unitScore value='12800'/>
		<killScore value='2800'/>
		<buildingScore value='2950'/>
		<razingScore value='0'/>
		<mineralScore value='13922'/>
		<gasScore value='2296'/>
		<totalScore value='34768'/>
	</player>

	<enemy>
		<race value='Terran'/>
		<unitScore value='7600'/>
		<killScore value='23500'/>
		<buildingScore value='1900'/>
		<razingScore value='8850'/>
		<mineralScore value='11894'/>
		<gasScore value='4136'/>
		<totalScore value='57880'/>
	</enemy>

	<scoreRatio value='0.600691'/>
	<timeFitness value='0.219861'/>
	<unitsAverage value='49'/>
</results>
