<results>
	<result value='loss'/>
	<start value='2015-05-10.15:53:21'/>
	<end value='2015-05-10.15:53:55'/>
	<frames value='46812'/>
	<gameDuration value='2925'/>

	<player>
		<unitScore value='22575'/>
		<killScore value='30750'/>
		<buildingScore value='2475'/>
		<razingScore value='300'/>
		<mineralScore value='22826'/>
		<gasScore value='3456'/>
		<totalScore value='82382'/>
	</player>

	<enemy>
		<race value='Protoss'/>
		<unitScore value='38330'/>
		<unitScore value='38330'/>
		<killScore value='44650'/>
		<buildingScore value='8075'/>
		<razingScore value='7425'/>
		<mineralScore value='32634'/>
		<gasScore value='12954'/>
		<totalScore value='144068'/>
	</enemy>

	<scoreRatio value='0.571827'/>
	<timeFitness value='0.40625'/>
	<unitsAverage value='53'/>
</results>
