<results>
	<result value='loss'/>
	<start value='2015-05-10.15:59:58'/>
	<end value='2015-05-10.16:00:08'/>
	<frames value='17858'/>
	<gameDuration value='1116'/>

	<player>
		<unitScore value='3550'/>
		<killScore value='1800'/>
		<buildingScore value='1400'/>
		<razingScore value='0'/>
		<mineralScore value='5634'/>
		<gasScore value='744'/>
		<totalScore value='13128'/>
	</player>

	<enemy>
		<race value='Protoss'/>
		<unitScore value='3800'/>
		<unitScore value='3800'/>
		<killScore value='7200'/>
		<buildingScore value='4225'/>
		<razingScore value='4200'/>
		<mineralScore value='9890'/>
		<gasScore value='1592'/>
		<totalScore value='30907'/>
	</enemy>

	<scoreRatio value='0.424758'/>
	<timeFitness value='0.155'/>
	<unitsAverage value='24'/>
</results>
