<results>
	<result value='loss'/>
	<start value='2015-04-30.02:36:54'/>
	<end value='2015-04-30.02:37:25'/>
	<frames value='30196'/>
	<gameDuration value='1887'/>

	<player>
		<unitScore value='15075'/>
		<killScore value='18350'/>
		<buildingScore value='3300'/>
		<razingScore value='240'/>
		<mineralScore value='18258'/>
		<gasScore value='2344'/>
		<totalScore value='57567'/>
	</player>

	<enemy>
		<race value='Zerg'/>
		<unitScore value='19325'/>
		<unitScore value='19325'/>
		<killScore value='30150'/>
		<buildingScore value='3595'/>
		<razingScore value='9900'/>
		<mineralScore value='17850'/>
		<gasScore value='6592'/>
		<totalScore value='87412'/>
	</enemy>

	<scoreRatio value='0.658571'/>
</results>
