<results>
	<result value='win'/>
	<start value='2015-05-11.05:31:39'/>
	<end value='2015-05-11.05:32:20'/>
	<frames value='26600'/>
	<gameDuration value='1662'/>

	<player>
		<unitScore value='16450'/>
		<killScore value='21630'/>
		<buildingScore value='4950'/>
		<razingScore value='6855'/>
		<mineralScore value='24542'/>
		<gasScore value='1848'/>
		<totalScore value='76275'/>
	</player>

	<enemy>
		<race value='Zerg'/>
		<unitScore value='9975'/>
		<unitScore value='9975'/>
		<killScore value='11550'/>
		<buildingScore value='2285'/>
		<razingScore value='1950'/>
		<mineralScore value='9642'/>
		<gasScore value='3096'/>
		<totalScore value='38498'/>
	</enemy>

	<scoreRatio value='1.98127'/>
	<timeFitness value='0.769167'/>
	<unitsAverage value='94'/>
</results>
