<results>
	<result value='win'/>
	<start value='2015-05-11.05:46:54'/>
	<end value='2015-05-11.05:48:16'/>
	<frames value='52733'/>
	<gameDuration value='3295'/>

	<player>
		<unitScore value='21750'/>
		<killScore value='46040'/>
		<buildingScore value='3200'/>
		<razingScore value='14355'/>
		<mineralScore value='24586'/>
		<gasScore value='4512'/>
		<totalScore value='114443'/>
	</player>

	<enemy>
		<race value='Zerg'/>
		<unitScore value='21225'/>
		<unitScore value='21225'/>
		<killScore value='25300'/>
		<buildingScore value='4785'/>
		<razingScore value='2325'/>
		<mineralScore value='22434'/>
		<gasScore value='5952'/>
		<totalScore value='82021'/>
	</enemy>

	<scoreRatio value='1.39529'/>
	<timeFitness value='0.542361'/>
	<unitsAverage value='94'/>
</results>
