<results>
	<result value='win'/>
	<start value='2015-05-03.14:15:50'/>
	<end value='2015-05-03.14:16:06'/>
	<frames value='21516'/>
	<gameDuration value='1344'/>

	<player>
		<unitScore value='10950'/>
		<killScore value='22470'/>
		<buildingScore value='2475'/>
		<razingScore value='4560'/>
		<mineralScore value='13058'/>
		<gasScore value='1160'/>
		<totalScore value='54673'/>
	</player>

	<enemy>
		<race value='Zerg'/>
		<unitScore value='9975'/>
		<unitScore value='9975'/>
		<killScore value='12400'/>
		<buildingScore value='1520'/>
		<razingScore value='0'/>
		<mineralScore value='8298'/>
		<gasScore value='2560'/>
		<totalScore value='34753'/>
	</enemy>

	<scoreRatio value='1.57319'/>
	<timeFitness value='0.813333'/>
	<unitsAverage value='54'/>
</results>
