<results>
	<result value='loss'/>
	<start value='2015-07-20.19:45:48'/>
	<end value='2015-07-20.19:46:16'/>
	<frames value='25360'/>
	<gameDuration value='1585'/>

	<player>
		<unitScore value='9175'/>
		<killScore value='8100'/>
		<buildingScore value='3950'/>
		<razingScore value='900'/>
		<mineralScore value='16938'/>
		<gasScore value='1288'/>
		<totalScore value='40351'/>
	</player>

	<enemy>
		<race value='Zerg'/>
		<unitScore value='9300'/>
		<killScore value='16600'/>
		<buildingScore value='3160'/>
		<razingScore value='11850'/>
		<mineralScore value='11474'/>
		<gasScore value='3904'/>
		<totalScore value='56288'/>
	</enemy>

	<scoreRatio value='0.716867'/>
	<timeFitness value='0.220139'/>
	<unitsAverage value='50'/>
</results>
