<results>
	<result value='loss'/>
	<start value='2015-07-20.19:49:36'/>
	<end value='2015-07-20.19:50:09'/>
	<frames value='29514'/>
	<gameDuration value='1844'/>

	<player>
		<unitScore value='15950'/>
		<killScore value='12600'/>
		<buildingScore value='3625'/>
		<razingScore value='0'/>
		<mineralScore value='20826'/>
		<gasScore value='2952'/>
		<totalScore value='55953'/>
	</player>

	<enemy>
		<race value='Zerg'/>
		<unitScore value='14900'/>
		<killScore value='31450'/>
		<buildingScore value='3255'/>
		<razingScore value='10875'/>
		<mineralScore value='15762'/>
		<gasScore value='5456'/>
		<totalScore value='81698'/>
	</enemy>

	<scoreRatio value='0.684876'/>
	<timeFitness value='0.256111'/>
	<unitsAverage value='53'/>
</results>
