<results>
	<result value='win'/>
	<start value='2014-07-05.11:33:51'/>
	<end value='2014-07-05.11:34:05'/>
	<frames value='20586'/>
	<gameDuration value='1286'/>

	<player>
		<unitScore value='10025'/>
		<killScore value='16940'/>
		<buildingScore value='2800'/>
		<razingScore value='5655'/>
		<mineralScore value='15058'/>
		<gasScore value='1480'/>
		<totalScore value='51958'/>
	</player>

	<enemy>
		<race value='Zerg'/>
		<unitScore value='7950'/>
		<unitScore value='7950'/>
		<killScore value='6050'/>
		<buildingScore value='1885'/>
		<razingScore value='0'/>
		<mineralScore value='8018'/>
		<gasScore value='2160'/>
		<totalScore value='26063'/>
	</enemy>

	<scoreRatio value='1.99355'/>
</results>
