<results>
	<result value='win'/>
	<start value='2015-04-10.18:40:31'/>
	<end value='2015-04-10.18:41:18'/>
	<frames value='28925'/>
	<gameDuration value='1807'/>

	<player>
		<unitScore value='16475'/>
		<killScore value='10800'/>
		<buildingScore value='3750'/>
		<razingScore value='17700'/>
		<mineralScore value='21746'/>
		<gasScore value='2016'/>
		<totalScore value='72487'/>
	</player>

	<enemy>
		<race value='Protoss'/>
		<unitScore value='5400'/>
		<unitScore value='5400'/>
		<killScore value='12350'/>
		<buildingScore value='5900'/>
		<razingScore value='150'/>
		<mineralScore value='15282'/>
		<gasScore value='2088'/>
		<totalScore value='41170'/>
	</enemy>

	<scoreRatio value='1.76068'/>
</results>
