<results>
	<result value='draw'/>
	<start value='2015-04-10.18:49:21'/>
	<end value='2015-04-10.18:50:48'/>
	<frames value='57601'/>
	<gameDuration value='3600'/>

	<player>
		<unitScore value='24975'/>
		<killScore value='45900'/>
		<buildingScore value='2275'/>
		<razingScore value='5850'/>
		<mineralScore value='26194'/>
		<gasScore value='5036'/>
		<totalScore value='110230'/>
	</player>

	<enemy>
		<race value='Protoss'/>
		<unitScore value='28100'/>
		<unitScore value='28100'/>
		<killScore value='43350'/>
		<buildingScore value='7925'/>
		<razingScore value='150'/>
		<mineralScore value='29290'/>
		<gasScore value='13736'/>
		<totalScore value='122551'/>
	</enemy>

	<scoreRatio value='0.899462'/>
</results>
