<results>
	<result value='win'/>
	<start value='2015-04-10.19:59:01'/>
	<end value='2015-04-10.20:00:01'/>
	<frames value='30444'/>
	<gameDuration value='1902'/>

	<player>
		<unitScore value='21125'/>
		<killScore value='20750'/>
		<buildingScore value='3925'/>
		<razingScore value='15375'/>
		<mineralScore value='26594'/>
		<gasScore value='2904'/>
		<totalScore value='90673'/>
	</player>

	<enemy>
		<race value='Protoss'/>
		<unitScore value='11150'/>
		<unitScore value='11150'/>
		<killScore value='19950'/>
		<buildingScore value='5125'/>
		<razingScore value='0'/>
		<mineralScore value='15818'/>
		<gasScore value='3000'/>
		<totalScore value='55043'/>
	</enemy>

	<scoreRatio value='1.64731'/>
</results>
