<results>
	<result value='win'/>
	<start value='2015-04-27.19:49:17'/>
	<end value='2015-04-27.19:49:35'/>
	<frames value='25546'/>
	<gameDuration value='1596'/>

	<player>
		<unitScore value='13125'/>
		<killScore value='20100'/>
		<buildingScore value='2750'/>
		<razingScore value='7800'/>
		<mineralScore value='16198'/>
		<gasScore value='1296'/>
		<totalScore value='61269'/>
	</player>

	<enemy>
		<race value='Terran'/>
		<unitScore value='10450'/>
		<unitScore value='10450'/>
		<killScore value='9650'/>
		<buildingScore value='2750'/>
		<razingScore value='375'/>
		<mineralScore value='10074'/>
		<gasScore value='3960'/>
		<totalScore value='37259'/>
	</enemy>

	<scoreRatio value='1.64441'/>
</results>
