<results>
	<result value='loss'/>
	<start value='2015-04-27.19:53:42'/>
	<end value='2015-04-27.19:54:12'/>
	<frames value='51028'/>
	<gameDuration value='3189'/>

	<player>
		<unitScore value='21825'/>
		<killScore value='29850'/>
		<buildingScore value='3350'/>
		<razingScore value='825'/>
		<mineralScore value='24010'/>
		<gasScore value='4048'/>
		<totalScore value='83908'/>
	</player>

	<enemy>
		<race value='Terran'/>
		<unitScore value='28500'/>
		<unitScore value='28500'/>
		<killScore value='43650'/>
		<buildingScore value='4300'/>
		<razingScore value='10050'/>
		<mineralScore value='19550'/>
		<gasScore value='11610'/>
		<totalScore value='117660'/>
	</enemy>

	<scoreRatio value='0.71314'/>
</results>
