<results>
	<result value='loss'/>
	<start value='2015-04-27.19:56:13'/>
	<end value='2015-04-27.19:56:25'/>
	<frames value='25422'/>
	<gameDuration value='1588'/>

	<player>
		<unitScore value='6875'/>
		<killScore value='2700'/>
		<buildingScore value='3850'/>
		<razingScore value='0'/>
		<mineralScore value='13306'/>
		<gasScore value='1536'/>
		<totalScore value='28267'/>
	</player>

	<enemy>
		<race value='Terran'/>
		<unitScore value='8175'/>
		<unitScore value='8175'/>
		<killScore value='13750'/>
		<buildingScore value='3250'/>
		<razingScore value='11550'/>
		<mineralScore value='14634'/>
		<gasScore value='4176'/>
		<totalScore value='55535'/>
	</enemy>

	<scoreRatio value='0.508994'/>
</results>
