<results>
	<result value='loss'/>
	<start value='2015-07-18.08:27:17'/>
	<end value='2015-07-18.08:28:19'/>
	<frames value='41015'/>
	<gameDuration value='2563'/>

	<player>
		<unitScore value='25275'/>
		<killScore value='14300'/>
		<buildingScore value='3550'/>
		<razingScore value='2250'/>
		<mineralScore value='27794'/>
		<gasScore value='3784'/>
		<totalScore value='76953'/>
	</player>

	<enemy>
		<race value='Protoss'/>
		<unitScore value='18700'/>
		<killScore value='44450'/>
		<buildingScore value='6825'/>
		<razingScore value='10650'/>
		<mineralScore value='26570'/>
		<gasScore value='7144'/>
		<totalScore value='114339'/>
	</enemy>

	<scoreRatio value='0.673025'/>
	<timeFitness value='0.355972'/>
	<unitsAverage value='86'/>
</results>
