<results>
	<result value='loss'/>
	<start value='2015-07-18.08:36:48'/>
	<end value='2015-07-18.08:36:59'/>
	<frames value='15657'/>
	<gameDuration value='978'/>

	<player>
		<unitScore value='4750'/>
		<killScore value='2400'/>
		<buildingScore value='1450'/>
		<razingScore value='0'/>
		<mineralScore value='5746'/>
		<gasScore value='840'/>
		<totalScore value='15186'/>
	</player>

	<enemy>
		<race value='Protoss'/>
		<unitScore value='4100'/>
		<killScore value='9500'/>
		<buildingScore value='2875'/>
		<razingScore value='4350'/>
		<mineralScore value='7794'/>
		<gasScore value='1824'/>
		<totalScore value='30443'/>
	</enemy>

	<scoreRatio value='0.498834'/>
	<timeFitness value='0.135833'/>
	<unitsAverage value='25'/>
</results>
