<results>
	<result value='loss'/>
	<start value='2014-07-06.03:14:43'/>
	<end value='2014-07-06.03:14:53'/>
	<frames value='19284'/>
	<gameDuration value='1205'/>

	<player>
		<unitScore value='5675'/>
		<killScore value='1200'/>
		<buildingScore value='1750'/>
		<razingScore value='0'/>
		<mineralScore value='6986'/>
		<gasScore value='952'/>
		<totalScore value='16563'/>
	</player>

	<enemy>
		<race value='Protoss'/>
		<unitScore value='5875'/>
		<unitScore value='5875'/>
		<killScore value='11550'/>
		<buildingScore value='4275'/>
		<razingScore value='5250'/>
		<mineralScore value='9922'/>
		<gasScore value='2840'/>
		<totalScore value='39712'/>
	</enemy>

	<scoreRatio value='0.417078'/>
</results>
