<results>
	<result value='win'/>
	<start value='2015-04-29.20:01:47'/>
	<end value='2015-04-29.20:02:11'/>
	<frames value='20121'/>
	<gameDuration value='1257'/>

	<player>
		<unitScore value='8625'/>
		<killScore value='14200'/>
		<buildingScore value='2525'/>
		<razingScore value='9825'/>
		<mineralScore value='12578'/>
		<gasScore value='1680'/>
		<totalScore value='49433'/>
	</player>

	<enemy>
		<race value='Protoss'/>
		<unitScore value='7450'/>
		<unitScore value='7450'/>
		<killScore value='5300'/>
		<buildingScore value='3275'/>
		<razingScore value='0'/>
		<mineralScore value='8962'/>
		<gasScore value='2104'/>
		<totalScore value='27091'/>
	</enemy>

	<scoreRatio value='1.8247'/>
	<timeFitness value='0.825417'/>
	<unitsAverage value='57'/>
</results>
