<results>
	<result value='loss'/>
	<start value='2015-05-01.19:38:34'/>
	<end value='2015-05-01.19:39:21'/>
	<frames value='47401'/>
	<gameDuration value='2962'/>

	<player>
		<unitScore value='17450'/>
		<killScore value='31250'/>
		<buildingScore value='2425'/>
		<razingScore value='2400'/>
		<mineralScore value='19430'/>
		<gasScore value='2312'/>
		<totalScore value='75267'/>
	</player>

	<enemy>
		<race value='Protoss'/>
		<unitScore value='33250'/>
		<unitScore value='33250'/>
		<killScore value='34900'/>
		<buildingScore value='7775'/>
		<razingScore value='7275'/>
		<mineralScore value='33326'/>
		<gasScore value='10712'/>
		<totalScore value='127238'/>
	</enemy>

	<scoreRatio value='0.591545'/>
</results>
