<results>
	<result value='loss'/>
	<start value='2015-05-01.20:04:51'/>
	<end value='2015-05-01.20:05:20'/>
	<frames value='33079'/>
	<gameDuration value='2067'/>

	<player>
		<unitScore value='13125'/>
		<killScore value='8150'/>
		<buildingScore value='3150'/>
		<razingScore value='900'/>
		<mineralScore value='16258'/>
		<gasScore value='1960'/>
		<totalScore value='43543'/>
	</player>

	<enemy>
		<race value='Protoss'/>
		<unitScore value='17225'/>
		<unitScore value='17225'/>
		<killScore value='26250'/>
		<buildingScore value='6375'/>
		<razingScore value='9450'/>
		<mineralScore value='20834'/>
		<gasScore value='7930'/>
		<totalScore value='88064'/>
	</enemy>

	<scoreRatio value='0.494447'/>
</results>
