<results>
	<result value='win'/>
	<start value='2015-04-26.13:04:35'/>
	<end value='2015-04-26.13:05:05'/>
	<frames value='34443'/>
	<gameDuration value='2152'/>

	<player>
		<unitScore value='16425'/>
		<killScore value='27650'/>
		<buildingScore value='4075'/>
		<razingScore value='11550'/>
		<mineralScore value='23434'/>
		<gasScore value='3208'/>
		<totalScore value='86342'/>
	</player>

	<enemy>
		<race value='Terran'/>
		<unitScore value='16025'/>
		<unitScore value='16025'/>
		<killScore value='16800'/>
		<buildingScore value='4025'/>
		<razingScore value='825'/>
		<mineralScore value='14894'/>
		<gasScore value='7244'/>
		<totalScore value='59813'/>
	</enemy>

	<scoreRatio value='1.44353'/>
</results>
