<results>
	<result value='win'/>
	<start value='2015-04-26.13:12:03'/>
	<end value='2015-04-26.13:12:40'/>
	<frames value='32490'/>
	<gameDuration value='2030'/>

	<player>
		<unitScore value='21800'/>
		<killScore value='33350'/>
		<buildingScore value='4825'/>
		<razingScore value='9075'/>
		<mineralScore value='29826'/>
		<gasScore value='2784'/>
		<totalScore value='101660'/>
	</player>

	<enemy>
		<race value='Terran'/>
		<unitScore value='17775'/>
		<unitScore value='17775'/>
		<killScore value='22300'/>
		<buildingScore value='3025'/>
		<razingScore value='1350'/>
		<mineralScore value='14486'/>
		<gasScore value='6800'/>
		<totalScore value='65736'/>
	</enemy>

	<scoreRatio value='1.54649'/>
</results>
