<results>
	<result value='loss'/>
	<start value='2015-05-10.12:19:47'/>
	<end value='2015-05-10.12:20:16'/>
	<frames value='35931'/>
	<gameDuration value='2245'/>

	<player>
		<unitScore value='11450'/>
		<killScore value='25310'/>
		<buildingScore value='1550'/>
		<razingScore value='1500'/>
		<mineralScore value='12466'/>
		<gasScore value='3120'/>
		<totalScore value='55396'/>
	</player>

	<enemy>
		<race value='Zerg'/>
		<unitScore value='21900'/>
		<unitScore value='21900'/>
		<killScore value='22900'/>
		<buildingScore value='3730'/>
		<razingScore value='4650'/>
		<mineralScore value='20162'/>
		<gasScore value='6704'/>
		<totalScore value='80046'/>
	</enemy>

	<scoreRatio value='0.692052'/>
	<timeFitness value='0.311806'/>
	<unitsAverage value='59'/>
</results>
