<results>
	<result value='loss'/>
	<start value='2015-05-03.10:28:01'/>
	<end value='2015-05-03.10:28:24'/>
	<frames value='35218'/>
	<gameDuration value='2201'/>

	<player>
		<unitScore value='9750'/>
		<killScore value='23850'/>
		<buildingScore value='2650'/>
		<razingScore value='1140'/>
		<mineralScore value='13350'/>
		<gasScore value='2296'/>
		<totalScore value='53036'/>
	</player>

	<enemy>
		<race value='Zerg'/>
		<unitScore value='21450'/>
		<unitScore value='21450'/>
		<killScore value='19500'/>
		<buildingScore value='4975'/>
		<razingScore value='7950'/>
		<mineralScore value='22322'/>
		<gasScore value='7524'/>
		<totalScore value='83721'/>
	</enemy>

	<scoreRatio value='0.633485'/>
	<timeFitness value='0.305694'/>
	<unitsAverage value='35'/>
</results>
