<results>
	<result value='win'/>
	<start value='2015-05-03.10:33:17'/>
	<end value='2015-05-03.10:34:52'/>
	<frames value='53725'/>
	<gameDuration value='3357'/>

	<player>
		<unitScore value='36250'/>
		<killScore value='65240'/>
		<buildingScore value='5375'/>
		<razingScore value='12405'/>
		<mineralScore value='37918'/>
		<gasScore value='5512'/>
		<totalScore value='162700'/>
	</player>

	<enemy>
		<race value='Zerg'/>
		<unitScore value='30550'/>
		<unitScore value='30550'/>
		<killScore value='42000'/>
		<buildingScore value='4135'/>
		<razingScore value='4500'/>
		<mineralScore value='23210'/>
		<gasScore value='10132'/>
		<totalScore value='114527'/>
	</enemy>

	<scoreRatio value='1.42063'/>
	<timeFitness value='0.53375'/>
	<unitsAverage value='134'/>
</results>
