<results>
	<result value='win'/>
	<start value='2015-05-21.18:57:01'/>
	<end value='2015-05-21.18:57:16'/>
	<frames value='22632'/>
	<gameDuration value='1414'/>

	<player>
		<unitScore value='11075'/>
		<killScore value='21375'/>
		<buildingScore value='2775'/>
		<razingScore value='4560'/>
		<mineralScore value='14178'/>
		<gasScore value='2112'/>
		<totalScore value='56075'/>
	</player>

	<enemy>
		<race value='Zerg'/>
		<unitScore value='10000'/>
		<killScore value='8350'/>
		<buildingScore value='1520'/>
		<razingScore value='0'/>
		<mineralScore value='8834'/>
		<gasScore value='2616'/>
		<totalScore value='31320'/>
	</enemy>

	<scoreRatio value='1.79039'/>
	<timeFitness value='0.803611'/>
	<unitsAverage value='64'/>
</results>
