<results>
	<result value='loss'/>
	<start value='2015-04-26.00:33:15'/>
	<end value='2015-04-26.00:33:23'/>
	<frames value='16370'/>
	<gameDuration value='1023'/>

	<player>
		<unitScore value='2700'/>
		<killScore value='700'/>
		<buildingScore value='1450'/>
		<razingScore value='0'/>
		<mineralScore value='4202'/>
		<gasScore value='424'/>
		<totalScore value='9476'/>
	</player>

	<enemy>
		<race value='Terran'/>
		<unitScore value='5450'/>
		<unitScore value='5450'/>
		<killScore value='5400'/>
		<buildingScore value='1900'/>
		<razingScore value='4350'/>
		<mineralScore value='7530'/>
		<gasScore value='2536'/>
		<totalScore value='27166'/>
	</enemy>

	<scoreRatio value='0.348818'/>
</results>
