<results>
	<result value='loss'/>
	<start value='2015-04-26.00:39:05'/>
	<end value='2015-04-26.00:39:20'/>
	<frames value='25670'/>
	<gameDuration value='1604'/>

	<player>
		<unitScore value='5800'/>
		<killScore value='4400'/>
		<buildingScore value='3300'/>
		<razingScore value='1200'/>
		<mineralScore value='12506'/>
		<gasScore value='1512'/>
		<totalScore value='28718'/>
	</player>

	<enemy>
		<race value='Terran'/>
		<unitScore value='7700'/>
		<unitScore value='7700'/>
		<killScore value='11600'/>
		<buildingScore value='2750'/>
		<razingScore value='10050'/>
		<mineralScore value='10450'/>
		<gasScore value='4312'/>
		<totalScore value='46862'/>
	</enemy>

	<scoreRatio value='0.612821'/>
</results>
