<results>
	<result value='loss'/>
	<start value='2015-04-26.00:43:37'/>
	<end value='2015-04-26.00:43:50'/>
	<frames value='21237'/>
	<gameDuration value='1327'/>

	<player>
		<unitScore value='7800'/>
		<killScore value='2800'/>
		<buildingScore value='1450'/>
		<razingScore value='0'/>
		<mineralScore value='8290'/>
		<gasScore value='800'/>
		<totalScore value='21140'/>
	</player>

	<enemy>
		<race value='Terran'/>
		<unitScore value='7850'/>
		<unitScore value='7850'/>
		<killScore value='15600'/>
		<buildingScore value='3125'/>
		<razingScore value='4350'/>
		<mineralScore value='10306'/>
		<gasScore value='3768'/>
		<totalScore value='44999'/>
	</enemy>

	<scoreRatio value='0.469788'/>
</results>
