<results>
	<result value='win'/>
	<start value='2015-05-10.07:00:38'/>
	<end value='2015-05-10.07:01:23'/>
	<frames value='30537'/>
	<gameDuration value='1908'/>

	<player>
		<unitScore value='16100'/>
		<killScore value='14000'/>
		<buildingScore value='3575'/>
		<razingScore value='13875'/>
		<mineralScore value='25138'/>
		<gasScore value='2656'/>
		<totalScore value='75344'/>
	</player>

	<enemy>
		<race value='Protoss'/>
		<unitScore value='7000'/>
		<unitScore value='7000'/>
		<killScore value='11400'/>
		<buildingScore value='4625'/>
		<razingScore value='0'/>
		<mineralScore value='14306'/>
		<gasScore value='1712'/>
		<totalScore value='39043'/>
	</enemy>

	<scoreRatio value='1.92977'/>
	<timeFitness value='0.735'/>
	<unitsAverage value='91'/>
</results>
