<results>
	<result value='win'/>
	<start value='2015-05-10.07:04:38'/>
	<end value='2015-05-10.07:05:18'/>
	<frames value='27530'/>
	<gameDuration value='1720'/>

	<player>
		<unitScore value='14575'/>
		<killScore value='16300'/>
		<buildingScore value='3500'/>
		<razingScore value='12750'/>
		<mineralScore value='24242'/>
		<gasScore value='2648'/>
		<totalScore value='74015'/>
	</player>

	<enemy>
		<race value='Protoss'/>
		<unitScore value='8500'/>
		<unitScore value='8500'/>
		<killScore value='10200'/>
		<buildingScore value='4250'/>
		<razingScore value='0'/>
		<mineralScore value='12466'/>
		<gasScore value='4400'/>
		<totalScore value='39816'/>
	</enemy>

	<scoreRatio value='1.85893'/>
	<timeFitness value='0.761111'/>
	<unitsAverage value='90'/>
</results>
