<results>
	<result value='loss'/>
	<start value='2015-07-16.06:25:22'/>
	<end value='2015-07-16.06:25:32'/>
	<frames value='16091'/>
	<gameDuration value='1005'/>

	<player>
		<unitScore value='4375'/>
		<killScore value='450'/>
		<buildingScore value='1575'/>
		<razingScore value='0'/>
		<mineralScore value='5522'/>
		<gasScore value='776'/>
		<totalScore value='12698'/>
	</player>

	<enemy>
		<race value='Terran'/>
		<unitScore value='5300'/>
		<killScore value='8650'/>
		<buildingScore value='1900'/>
		<razingScore value='4725'/>
		<mineralScore value='7314'/>
		<gasScore value='2440'/>
		<totalScore value='30329'/>
	</enemy>

	<scoreRatio value='0.418675'/>
	<timeFitness value='0.139583'/>
	<unitsAverage value='26'/>
</results>
