<results>
	<result value='loss'/>
	<start value='2015-07-16.06:31:54'/>
	<end value='2015-07-16.06:32:38'/>
	<frames value='28925'/>
	<gameDuration value='1807'/>

	<player>
		<unitScore value='14150'/>
		<killScore value='3450'/>
		<buildingScore value='3575'/>
		<razingScore value='0'/>
		<mineralScore value='16406'/>
		<gasScore value='2128'/>
		<totalScore value='39709'/>
	</player>

	<enemy>
		<race value='Terran'/>
		<unitScore value='13325'/>
		<killScore value='26500'/>
		<buildingScore value='4700'/>
		<razingScore value='10725'/>
		<mineralScore value='14270'/>
		<gasScore value='7124'/>
		<totalScore value='76644'/>
	</enemy>

	<scoreRatio value='0.518097'/>
	<timeFitness value='0.250972'/>
	<unitsAverage value='53'/>
</results>
