<results>
	<result value='loss'/>
	<start value='2015-07-16.06:40:59'/>
	<end value='2015-07-16.06:41:19'/>
	<frames value='29700'/>
	<gameDuration value='1856'/>

	<player>
		<unitScore value='3525'/>
		<killScore value='2150'/>
		<buildingScore value='1375'/>
		<razingScore value='0'/>
		<mineralScore value='4034'/>
		<gasScore value='728'/>
		<totalScore value='11812'/>
	</player>

	<enemy>
		<race value='Terran'/>
		<unitScore value='13075'/>
		<killScore value='7050'/>
		<buildingScore value='4825'/>
		<razingScore value='4125'/>
		<mineralScore value='15050'/>
		<gasScore value='7866'/>
		<totalScore value='51991'/>
	</enemy>

	<scoreRatio value='0.227193'/>
	<timeFitness value='0.257778'/>
	<unitsAverage value='15'/>
</results>
