<results>
	<result value='win'/>
	<start value='2015-05-08.19:07:12'/>
	<end value='2015-05-08.19:07:26'/>
	<frames value='22539'/>
	<gameDuration value='1408'/>

	<player>
		<unitScore value='10525'/>
		<killScore value='17950'/>
		<buildingScore value='3575'/>
		<razingScore value='7875'/>
		<mineralScore value='17134'/>
		<gasScore value='2288'/>
		<totalScore value='59347'/>
	</player>

	<enemy>
		<race value='Terran'/>
		<unitScore value='8975'/>
		<unitScore value='8975'/>
		<killScore value='3200'/>
		<buildingScore value='2625'/>
		<razingScore value='375'/>
		<mineralScore value='9770'/>
		<gasScore value='3456'/>
		<totalScore value='28401'/>
	</enemy>

	<scoreRatio value='2.08961'/>
	<timeFitness value='0.804444'/>
	<unitsAverage value='76'/>
</results>
