<results>
	<result value='loss'/>
	<start value='2015-05-08.19:09:53'/>
	<end value='2015-05-08.19:10:02'/>
	<frames value='19997'/>
	<gameDuration value='1249'/>

	<player>
		<unitScore value='4325'/>
		<killScore value='3350'/>
		<buildingScore value='1725'/>
		<razingScore value='0'/>
		<mineralScore value='6570'/>
		<gasScore value='1056'/>
		<totalScore value='17026'/>
	</player>

	<enemy>
		<race value='Terran'/>
		<unitScore value='7900'/>
		<unitScore value='7900'/>
		<killScore value='8650'/>
		<buildingScore value='2850'/>
		<razingScore value='5175'/>
		<mineralScore value='9466'/>
		<gasScore value='3696'/>
		<totalScore value='37737'/>
	</enemy>

	<scoreRatio value='0.451175'/>
	<timeFitness value='0.173472'/>
	<unitsAverage value='32'/>
</results>
