<results>
	<result value='win'/>
	<start value='2015-05-08.19:15:01'/>
	<end value='2015-05-08.19:15:30'/>
	<frames value='25019'/>
	<gameDuration value='1563'/>

	<player>
		<unitScore value='10075'/>
		<killScore value='14600'/>
		<buildingScore value='4050'/>
		<razingScore value='6900'/>
		<mineralScore value='17150'/>
		<gasScore value='2632'/>
		<totalScore value='55407'/>
	</player>

	<enemy>
		<race value='Terran'/>
		<unitScore value='7350'/>
		<unitScore value='7350'/>
		<killScore value='5250'/>
		<buildingScore value='2300'/>
		<razingScore value='1575'/>
		<mineralScore value='8210'/>
		<gasScore value='2224'/>
		<totalScore value='26909'/>
	</enemy>

	<scoreRatio value='2.05905'/>
	<timeFitness value='0.782917'/>
	<unitsAverage value='66'/>
</results>
