<results>
	<result value='loss'/>
	<start value='2015-05-03.18:15:13'/>
	<end value='2015-05-03.18:15:22'/>
	<frames value='18168'/>
	<gameDuration value='1135'/>

	<player>
		<unitScore value='5100'/>
		<killScore value='900'/>
		<buildingScore value='1875'/>
		<razingScore value='0'/>
		<mineralScore value='7250'/>
		<gasScore value='720'/>
		<totalScore value='15845'/>
	</player>

	<enemy>
		<race value='Terran'/>
		<unitScore value='6750'/>
		<unitScore value='6750'/>
		<killScore value='10100'/>
		<buildingScore value='2700'/>
		<razingScore value='5625'/>
		<mineralScore value='8258'/>
		<gasScore value='2872'/>
		<totalScore value='36305'/>
	</enemy>

	<scoreRatio value='0.436441'/>
	<timeFitness value='0.157639'/>
	<unitsAverage value='29'/>
</results>
