<results>
	<result value='win'/>
	<start value='2015-05-08.19:18:47'/>
	<end value='2015-05-08.19:19:22'/>
	<frames value='31529'/>
	<gameDuration value='1970'/>

	<player>
		<unitScore value='12750'/>
		<killScore value='25100'/>
		<buildingScore value='3950'/>
		<razingScore value='8175'/>
		<mineralScore value='18194'/>
		<gasScore value='2536'/>
		<totalScore value='70705'/>
	</player>

	<enemy>
		<race value='Terran'/>
		<unitScore value='12850'/>
		<unitScore value='12850'/>
		<killScore value='10950'/>
		<buildingScore value='2800'/>
		<razingScore value='3000'/>
		<mineralScore value='12034'/>
		<gasScore value='4392'/>
		<totalScore value='46026'/>
	</enemy>

	<scoreRatio value='1.5362'/>
	<timeFitness value='0.726389'/>
	<unitsAverage value='69'/>
</results>
