<results>
	<result value='loss'/>
	<start value='2015-05-10.18:01:28'/>
	<end value='2015-05-10.18:01:36'/>
	<frames value='14913'/>
	<gameDuration value='932'/>

	<player>
		<unitScore value='2875'/>
		<killScore value='1800'/>
		<buildingScore value='1575'/>
		<razingScore value='0'/>
		<mineralScore value='4498'/>
		<gasScore value='480'/>
		<totalScore value='11228'/>
	</player>

	<enemy>
		<race value='Protoss'/>
		<unitScore value='3550'/>
		<unitScore value='3550'/>
		<killScore value='5750'/>
		<buildingScore value='2625'/>
		<razingScore value='4725'/>
		<mineralScore value='7634'/>
		<gasScore value='1328'/>
		<totalScore value='25612'/>
	</enemy>

	<scoreRatio value='0.438388'/>
	<timeFitness value='0.129444'/>
	<unitsAverage value='23'/>
</results>
