<results>
	<result value='draw'/>
	<start value='2015-05-10.18:03:28'/>
	<end value='2015-05-10.18:05:03'/>
	<frames value='57601'/>
	<gameDuration value='3600'/>

	<player>
		<unitScore value='31200'/>
		<killScore value='36300'/>
		<buildingScore value='5875'/>
		<razingScore value='19875'/>
		<mineralScore value='40258'/>
		<gasScore value='5192'/>
		<totalScore value='138700'/>
	</player>

	<enemy>
		<race value='Protoss'/>
		<unitScore value='18375'/>
		<unitScore value='18375'/>
		<killScore value='38050'/>
		<buildingScore value='6925'/>
		<razingScore value='6600'/>
		<mineralScore value='21478'/>
		<gasScore value='6280'/>
		<totalScore value='97708'/>
	</enemy>

	<scoreRatio value='1.41954'/>
	<timeFitness value='0.5'/>
	<unitsAverage value='123'/>
</results>
