<results>
	<result value='loss'/>
	<start value='2015-05-10.18:11:12'/>
	<end value='2015-05-10.18:11:24'/>
	<frames value='19749'/>
	<gameDuration value='1234'/>

	<player>
		<unitScore value='5575'/>
		<killScore value='3400'/>
		<buildingScore value='2400'/>
		<razingScore value='300'/>
		<mineralScore value='8370'/>
		<gasScore value='920'/>
		<totalScore value='20965'/>
	</player>

	<enemy>
		<race value='Protoss'/>
		<unitScore value='5425'/>
		<unitScore value='5425'/>
		<killScore value='10650'/>
		<buildingScore value='4325'/>
		<razingScore value='6975'/>
		<mineralScore value='10002'/>
		<gasScore value='2688'/>
		<totalScore value='40065'/>
	</enemy>

	<scoreRatio value='0.523275'/>
	<timeFitness value='0.171389'/>
	<unitsAverage value='37'/>
</results>
