<results>
	<result value='win'/>
	<start value='2015-05-04.11:26:13'/>
	<end value='2015-05-04.11:27:04'/>
	<frames value='35373'/>
	<gameDuration value='2210'/>

	<player>
		<unitScore value='21425'/>
		<killScore value='15600'/>
		<buildingScore value='4025'/>
		<razingScore value='17625'/>
		<mineralScore value='25542'/>
		<gasScore value='2816'/>
		<totalScore value='87033'/>
	</player>

	<enemy>
		<race value='Protoss'/>
		<unitScore value='7800'/>
		<unitScore value='7800'/>
		<killScore value='16550'/>
		<buildingScore value='5875'/>
		<razingScore value='0'/>
		<mineralScore value='16770'/>
		<gasScore value='4456'/>
		<totalScore value='51451'/>
	</enemy>

	<scoreRatio value='1.69157'/>
	<timeFitness value='0.693056'/>
	<unitsAverage value='99'/>
</results>
