<results>
	<result value='loss'/>
	<start value='2015-05-10.18:23:01'/>
	<end value='2015-05-10.18:23:13'/>
	<frames value='19749'/>
	<gameDuration value='1234'/>

	<player>
		<unitScore value='4800'/>
		<killScore value='1850'/>
		<buildingScore value='1900'/>
		<razingScore value='0'/>
		<mineralScore value='7466'/>
		<gasScore value='1104'/>
		<totalScore value='17120'/>
	</player>

	<enemy>
		<race value='Protoss'/>
		<unitScore value='5025'/>
		<unitScore value='5025'/>
		<killScore value='8500'/>
		<buildingScore value='4375'/>
		<razingScore value='5700'/>
		<mineralScore value='10578'/>
		<gasScore value='2880'/>
		<totalScore value='37058'/>
	</enemy>

	<scoreRatio value='0.461979'/>
	<timeFitness value='0.171389'/>
	<unitsAverage value='31'/>
</results>
