<results>
	<result value='win'/>
	<start value='2015-05-03.16:13:25'/>
	<end value='2015-05-03.16:13:50'/>
	<frames value='28522'/>
	<gameDuration value='1782'/>

	<player>
		<unitScore value='17550'/>
		<killScore value='16000'/>
		<buildingScore value='3975'/>
		<razingScore value='17625'/>
		<mineralScore value='24042'/>
		<gasScore value='3080'/>
		<totalScore value='82272'/>
	</player>

	<enemy>
		<race value='Protoss'/>
		<unitScore value='8000'/>
		<unitScore value='8000'/>
		<killScore value='14050'/>
		<buildingScore value='5875'/>
		<razingScore value='150'/>
		<mineralScore value='15042'/>
		<gasScore value='3912'/>
		<totalScore value='47029'/>
	</enemy>

	<scoreRatio value='1.74939'/>
	<timeFitness value='0.7525'/>
	<unitsAverage value='91'/>
</results>
