<results>
	<result value='loss'/>
	<start value='2015-05-03.16:13:53'/>
	<end value='2015-05-03.16:14:02'/>
	<frames value='19253'/>
	<gameDuration value='1203'/>

	<player>
		<unitScore value='5325'/>
		<killScore value='2000'/>
		<buildingScore value='1825'/>
		<razingScore value='0'/>
		<mineralScore value='7434'/>
		<gasScore value='1104'/>
		<totalScore value='17688'/>
	</player>

	<enemy>
		<race value='Protoss'/>
		<unitScore value='5225'/>
		<unitScore value='5225'/>
		<killScore value='10650'/>
		<buildingScore value='3675'/>
		<razingScore value='5475'/>
		<mineralScore value='9810'/>
		<gasScore value='2640'/>
		<totalScore value='37475'/>
	</enemy>

	<scoreRatio value='0.471995'/>
	<timeFitness value='0.167083'/>
	<unitsAverage value='33'/>
</results>
