<results>
	<result value='win'/>
	<start value='2015-05-09.18:42:53'/>
	<end value='2015-05-09.18:43:22'/>
	<frames value='28677'/>
	<gameDuration value='1792'/>

	<player>
		<unitScore value='12900'/>
		<killScore value='14700'/>
		<buildingScore value='4125'/>
		<razingScore value='12075'/>
		<mineralScore value='21474'/>
		<gasScore value='2256'/>
		<totalScore value='67530'/>
	</player>

	<enemy>
		<race value='Protoss'/>
		<unitScore value='7350'/>
		<unitScore value='7350'/>
		<killScore value='8700'/>
		<buildingScore value='4025'/>
		<razingScore value='300'/>
		<mineralScore value='11218'/>
		<gasScore value='3192'/>
		<totalScore value='34785'/>
	</enemy>

	<scoreRatio value='1.94135'/>
	<timeFitness value='0.751111'/>
	<unitsAverage value='86'/>
</results>
