<results>
	<result value='win'/>
	<start value='2015-05-09.18:45:50'/>
	<end value='2015-05-09.18:46:15'/>
	<frames value='27561'/>
	<gameDuration value='1722'/>

	<player>
		<unitScore value='13650'/>
		<killScore value='15500'/>
		<buildingScore value='3700'/>
		<razingScore value='11175'/>
		<mineralScore value='19662'/>
		<gasScore value='1768'/>
		<totalScore value='65455'/>
	</player>

	<enemy>
		<race value='Protoss'/>
		<unitScore value='8100'/>
		<unitScore value='8100'/>
		<killScore value='9700'/>
		<buildingScore value='3725'/>
		<razingScore value='0'/>
		<mineralScore value='11258'/>
		<gasScore value='2120'/>
		<totalScore value='34903'/>
	</enemy>

	<scoreRatio value='1.87534'/>
	<timeFitness value='0.760833'/>
	<unitsAverage value='80'/>
</results>
