<results>
	<result value='loss'/>
	<start value='2015-05-03.16:18:56'/>
	<end value='2015-05-03.16:19:03'/>
	<frames value='17269'/>
	<gameDuration value='1079'/>

	<player>
		<unitScore value='3500'/>
		<killScore value='800'/>
		<buildingScore value='1550'/>
		<razingScore value='0'/>
		<mineralScore value='5266'/>
		<gasScore value='704'/>
		<totalScore value='11820'/>
	</player>

	<enemy>
		<race value='Protoss'/>
		<unitScore value='3750'/>
		<unitScore value='3750'/>
		<killScore value='7000'/>
		<buildingScore value='4175'/>
		<razingScore value='4650'/>
		<mineralScore value='9218'/>
		<gasScore value='1760'/>
		<totalScore value='30553'/>
	</enemy>

	<scoreRatio value='0.386869'/>
	<timeFitness value='0.149861'/>
	<unitsAverage value='23'/>
</results>
