<results>
	<result value='win'/>
	<start value='2015-05-03.16:21:54'/>
	<end value='2015-05-03.16:22:14'/>
	<frames value='26445'/>
	<gameDuration value='1652'/>

	<player>
		<unitScore value='15700'/>
		<killScore value='13600'/>
		<buildingScore value='4150'/>
		<razingScore value='13125'/>
		<mineralScore value='22542'/>
		<gasScore value='2216'/>
		<totalScore value='71333'/>
	</player>

	<enemy>
		<race value='Protoss'/>
		<unitScore value='6800'/>
		<unitScore value='6800'/>
		<killScore value='10100'/>
		<buildingScore value='4375'/>
		<razingScore value='225'/>
		<mineralScore value='12042'/>
		<gasScore value='2168'/>
		<totalScore value='35710'/>
	</enemy>

	<scoreRatio value='1.99756'/>
	<timeFitness value='0.770556'/>
	<unitsAverage value='87'/>
</results>
