<results>
	<result value='loss'/>
	<start value='2015-05-09.18:59:42'/>
	<end value='2015-05-09.19:00:03'/>
	<frames value='31746'/>
	<gameDuration value='1984'/>

	<player>
		<unitScore value='11400'/>
		<killScore value='10000'/>
		<buildingScore value='1275'/>
		<razingScore value='3600'/>
		<mineralScore value='11562'/>
		<gasScore value='2072'/>
		<totalScore value='39909'/>
	</player>

	<enemy>
		<race value='Protoss'/>
		<unitScore value='14275'/>
		<unitScore value='14275'/>
		<killScore value='22900'/>
		<buildingScore value='7625'/>
		<razingScore value='3825'/>
		<mineralScore value='20918'/>
		<gasScore value='5592'/>
		<totalScore value='75135'/>
	</enemy>

	<scoreRatio value='0.531164'/>
	<timeFitness value='0.275556'/>
	<unitsAverage value='41'/>
</results>
