<results>
	<result value='win'/>
	<start value='2015-05-07.00:55:47'/>
	<end value='2015-05-07.00:56:24'/>
	<frames value='33482'/>
	<gameDuration value='2092'/>

	<player>
		<unitScore value='20150'/>
		<killScore value='28100'/>
		<buildingScore value='4625'/>
		<razingScore value='11850'/>
		<mineralScore value='30610'/>
		<gasScore value='3552'/>
		<totalScore value='98887'/>
	</player>

	<enemy>
		<race value='Terran'/>
		<unitScore value='14850'/>
		<unitScore value='14850'/>
		<killScore value='17750'/>
		<buildingScore value='3950'/>
		<razingScore value='1500'/>
		<mineralScore value='13362'/>
		<gasScore value='5872'/>
		<totalScore value='57284'/>
	</enemy>

	<scoreRatio value='1.72626'/>
	<timeFitness value='0.709444'/>
	<unitsAverage value='98'/>
</results>
