<results>
	<result value='loss'/>
	<start value='2015-05-07.01:26:39'/>
	<end value='2015-05-07.01:27:02'/>
	<frames value='40643'/>
	<gameDuration value='2540'/>

	<player>
		<unitScore value='6700'/>
		<killScore value='7850'/>
		<buildingScore value='1650'/>
		<razingScore value='0'/>
		<mineralScore value='8354'/>
		<gasScore value='1560'/>
		<totalScore value='26114'/>
	</player>

	<enemy>
		<race value='Terran'/>
		<unitScore value='22275'/>
		<unitScore value='22275'/>
		<killScore value='13400'/>
		<buildingScore value='5475'/>
		<razingScore value='4950'/>
		<mineralScore value='21490'/>
		<gasScore value='12656'/>
		<totalScore value='80246'/>
	</enemy>

	<scoreRatio value='0.325424'/>
	<timeFitness value='0.352778'/>
	<unitsAverage value='23'/>
</results>
