<results>
	<result value='win'/>
	<start value='2015-05-03.03:02:26'/>
	<end value='2015-05-03.03:03:03'/>
	<frames value='41108'/>
	<gameDuration value='2569'/>

	<player>
		<unitScore value='23200'/>
		<killScore value='34900'/>
		<buildingScore value='4175'/>
		<razingScore value='16350'/>
		<mineralScore value='33038'/>
		<gasScore value='4200'/>
		<totalScore value='115863'/>
	</player>

	<enemy>
		<race value='Protoss'/>
		<unitScore value='17800'/>
		<unitScore value='17800'/>
		<killScore value='24650'/>
		<buildingScore value='5450'/>
		<razingScore value='150'/>
		<mineralScore value='23330'/>
		<gasScore value='5784'/>
		<totalScore value='77164'/>
	</enemy>

	<scoreRatio value='1.50152'/>
	<timeFitness value='0.643194'/>
	<unitsAverage value='104'/>
</results>
