<results>
	<result value='win'/>
	<start value='2015-05-08.22:19:35'/>
	<end value='2015-05-08.22:19:58'/>
	<frames value='23965'/>
	<gameDuration value='1497'/>

	<player>
		<unitScore value='10525'/>
		<killScore value='16400'/>
		<buildingScore value='3025'/>
		<razingScore value='6675'/>
		<mineralScore value='14034'/>
		<gasScore value='2200'/>
		<totalScore value='52859'/>
	</player>

	<enemy>
		<race value='Terran'/>
		<unitScore value='8800'/>
		<unitScore value='8800'/>
		<killScore value='7350'/>
		<buildingScore value='2300'/>
		<razingScore value='1500'/>
		<mineralScore value='9378'/>
		<gasScore value='2984'/>
		<totalScore value='32312'/>
	</enemy>

	<scoreRatio value='1.63589'/>
	<timeFitness value='0.792083'/>
	<unitsAverage value='58'/>
</results>
