<results>
	<result value='loss'/>
	<start value='2014-07-22.19:25:35'/>
	<end value='2014-07-22.19:25:45'/>
	<frames value='19315'/>
	<gameDuration value='1207'/>

	<player>
		<unitScore value='4375'/>
		<killScore value='3100'/>
		<buildingScore value='2050'/>
		<razingScore value='0'/>
		<mineralScore value='6594'/>
		<gasScore value='1016'/>
		<totalScore value='17135'/>
	</player>

	<enemy>
		<race value='Terran'/>
		<unitScore value='6750'/>
		<unitScore value='6750'/>
		<killScore value='8750'/>
		<buildingScore value='2750'/>
		<razingScore value='6150'/>
		<mineralScore value='8866'/>
		<gasScore value='3224'/>
		<totalScore value='36490'/>
	</enemy>

	<scoreRatio value='0.469581'/>
</results>
