<results>
	<result value='loss'/>
	<start value='2015-07-18.06:18:00'/>
	<end value='2015-07-18.06:18:16'/>
	<frames value='17486'/>
	<gameDuration value='1092'/>

	<player>
		<unitScore value='4975'/>
		<killScore value='1200'/>
		<buildingScore value='1525'/>
		<razingScore value='0'/>
		<mineralScore value='6114'/>
		<gasScore value='768'/>
		<totalScore value='14582'/>
	</player>

	<enemy>
		<race value='Terran'/>
		<unitScore value='6425'/>
		<killScore value='9650'/>
		<buildingScore value='2625'/>
		<razingScore value='4575'/>
		<mineralScore value='8154'/>
		<gasScore value='2568'/>
		<totalScore value='33997'/>
	</enemy>

	<scoreRatio value='0.42892'/>
	<timeFitness value='0.151667'/>
	<unitsAverage value='26'/>
</results>
