<results>
	<result value='loss'/>
	<start value='2015-07-18.06:22:21'/>
	<end value='2015-07-18.06:22:40'/>
	<frames value='20772'/>
	<gameDuration value='1298'/>

	<player>
		<unitScore value='8400'/>
		<killScore value='1450'/>
		<buildingScore value='1700'/>
		<razingScore value='0'/>
		<mineralScore value='9442'/>
		<gasScore value='1520'/>
		<totalScore value='22512'/>
	</player>

	<enemy>
		<race value='Terran'/>
		<unitScore value='7000'/>
		<killScore value='15150'/>
		<buildingScore value='2925'/>
		<razingScore value='5100'/>
		<mineralScore value='9898'/>
		<gasScore value='3504'/>
		<totalScore value='43577'/>
	</enemy>

	<scoreRatio value='0.516603'/>
	<timeFitness value='0.180278'/>
	<unitsAverage value='39'/>
</results>
