<results>
	<result value='loss'/>
	<start value='2015-07-18.06:22:49'/>
	<end value='2015-07-18.06:23:10'/>
	<frames value='21268'/>
	<gameDuration value='1329'/>

	<player>
		<unitScore value='10050'/>
		<killScore value='4300'/>
		<buildingScore value='1750'/>
		<razingScore value='0'/>
		<mineralScore value='9474'/>
		<gasScore value='1792'/>
		<totalScore value='27366'/>
	</player>

	<enemy>
		<race value='Terran'/>
		<unitScore value='8575'/>
		<killScore value='18750'/>
		<buildingScore value='2925'/>
		<razingScore value='5250'/>
		<mineralScore value='10210'/>
		<gasScore value='3856'/>
		<totalScore value='49566'/>
	</enemy>

	<scoreRatio value='0.552112'/>
	<timeFitness value='0.184583'/>
	<unitsAverage value='38'/>
</results>
