<results>
	<result value='win'/>
	<start value='2015-05-04.05:30:53'/>
	<end value='2015-05-04.05:31:18'/>
	<frames value='27468'/>
	<gameDuration value='1716'/>

	<player>
		<unitScore value='17550'/>
		<killScore value='19960'/>
		<buildingScore value='3650'/>
		<razingScore value='5655'/>
		<mineralScore value='27962'/>
		<gasScore value='2848'/>
		<totalScore value='77625'/>
	</player>

	<enemy>
		<race value='Zerg'/>
		<unitScore value='9550'/>
		<unitScore value='9550'/>
		<killScore value='13300'/>
		<buildingScore value='1885'/>
		<razingScore value='0'/>
		<mineralScore value='9890'/>
		<gasScore value='2792'/>
		<totalScore value='37417'/>
	</enemy>

	<scoreRatio value='2.07459'/>
	<timeFitness value='0.761667'/>
	<unitsAverage value='103'/>
</results>
