<results>
	<result value='win'/>
	<start value='2015-05-04.05:45:35'/>
	<end value='2015-05-04.05:46:07'/>
	<frames value='28212'/>
	<gameDuration value='1763'/>

	<player>
		<unitScore value='16575'/>
		<killScore value='19880'/>
		<buildingScore value='4175'/>
		<razingScore value='6465'/>
		<mineralScore value='31650'/>
		<gasScore value='2888'/>
		<totalScore value='81633'/>
	</player>

	<enemy>
		<race value='Zerg'/>
		<unitScore value='9600'/>
		<unitScore value='9600'/>
		<killScore value='8350'/>
		<buildingScore value='2155'/>
		<razingScore value='0'/>
		<mineralScore value='10282'/>
		<gasScore value='3088'/>
		<totalScore value='33475'/>
	</enemy>

	<scoreRatio value='2.43863'/>
	<timeFitness value='0.755139'/>
	<unitsAverage value='114'/>
</results>
