<results>
	<result value='loss'/>
	<start value='2015-05-09.20:53:08'/>
	<end value='2015-05-09.20:53:21'/>
	<frames value='27592'/>
	<gameDuration value='1724'/>

	<player>
		<unitScore value='5850'/>
		<killScore value='3400'/>
		<buildingScore value='1650'/>
		<razingScore value='0'/>
		<mineralScore value='9186'/>
		<gasScore value='720'/>
		<totalScore value='20806'/>
	</player>

	<enemy>
		<race value='Protoss'/>
		<unitScore value='11250'/>
		<unitScore value='11250'/>
		<killScore value='11700'/>
		<buildingScore value='6925'/>
		<razingScore value='4950'/>
		<mineralScore value='16958'/>
		<gasScore value='6216'/>
		<totalScore value='57999'/>
	</enemy>

	<scoreRatio value='0.35873'/>
	<timeFitness value='0.239444'/>
	<unitsAverage value='29'/>
</results>
