<results>
	<result value='loss'/>
	<start value='2015-05-09.20:57:51'/>
	<end value='2015-05-09.20:57:59'/>
	<frames value='17486'/>
	<gameDuration value='1092'/>

	<player>
		<unitScore value='3750'/>
		<killScore value='1300'/>
		<buildingScore value='1725'/>
		<razingScore value='0'/>
		<mineralScore value='5834'/>
		<gasScore value='936'/>
		<totalScore value='13545'/>
	</player>

	<enemy>
		<race value='Protoss'/>
		<unitScore value='4025'/>
		<unitScore value='4025'/>
		<killScore value='7500'/>
		<buildingScore value='3325'/>
		<razingScore value='5175'/>
		<mineralScore value='8794'/>
		<gasScore value='2040'/>
		<totalScore value='30859'/>
	</enemy>

	<scoreRatio value='0.438932'/>
	<timeFitness value='0.151667'/>
	<unitsAverage value='29'/>
</results>
