<results>
	<result value='win'/>
	<start value='2015-04-16.20:15:18'/>
	<end value='2015-04-16.20:17:25'/>
	<frames value='43061'/>
	<gameDuration value='2691'/>

	<player>
		<unitScore value='29225'/>
		<killScore value='59900'/>
		<buildingScore value='4175'/>
		<razingScore value='21225'/>
		<mineralScore value='33654'/>
		<gasScore value='3560'/>
		<totalScore value='151739'/>
	</player>

	<enemy>
		<race value='Protoss'/>
		<unitScore value='32350'/>
		<unitScore value='32350'/>
		<killScore value='34150'/>
		<buildingScore value='7075'/>
		<razingScore value='150'/>
		<mineralScore value='27034'/>
		<gasScore value='9972'/>
		<totalScore value='110731'/>
	</enemy>

	<scoreRatio value='1.37034'/>
</results>
