<results>
	<result value='loss'/>
	<start value='2015-05-02.14:24:59'/>
	<end value='2015-05-02.14:25:06'/>
	<frames value='18230'/>
	<gameDuration value='1139'/>

	<player>
		<unitScore value='3675'/>
		<killScore value='3400'/>
		<buildingScore value='2400'/>
		<razingScore value='0'/>
		<mineralScore value='6026'/>
		<gasScore value='792'/>
		<totalScore value='16293'/>
	</player>

	<enemy>
		<race value='Protoss'/>
		<unitScore value='4050'/>
		<unitScore value='4050'/>
		<killScore value='7450'/>
		<buildingScore value='4175'/>
		<razingScore value='7200'/>
		<mineralScore value='9722'/>
		<gasScore value='1864'/>
		<totalScore value='34461'/>
	</enemy>

	<scoreRatio value='0.472795'/>
	<timeFitness value='0.158194'/>
	<unitsAverage value='26'/>
</results>
