<results>
	<result value='loss'/>
	<start value='2015-05-02.14:26:05'/>
	<end value='2015-05-02.14:26:09'/>
	<frames value='11627'/>
	<gameDuration value='726'/>

	<player>
		<unitScore value='1750'/>
		<killScore value='200'/>
		<buildingScore value='775'/>
		<razingScore value='0'/>
		<mineralScore value='2746'/>
		<gasScore value='568'/>
		<totalScore value='6039'/>
	</player>

	<enemy>
		<race value='Protoss'/>
		<unitScore value='3250'/>
		<unitScore value='3250'/>
		<killScore value='3500'/>
		<buildingScore value='1425'/>
		<razingScore value='2325'/>
		<mineralScore value='5842'/>
		<gasScore value='1024'/>
		<totalScore value='17366'/>
	</enemy>

	<scoreRatio value='0.347748'/>
	<timeFitness value='0.100833'/>
	<unitsAverage value='15'/>
</results>
