<results>
	<result value='win'/>
	<start value='2015-05-02.14:29:57'/>
	<end value='2015-05-02.14:31:02'/>
	<frames value='52671'/>
	<gameDuration value='3291'/>

	<player>
		<unitScore value='30475'/>
		<killScore value='45150'/>
		<buildingScore value='3075'/>
		<razingScore value='19275'/>
		<mineralScore value='32326'/>
		<gasScore value='6968'/>
		<totalScore value='137269'/>
	</player>

	<enemy>
		<race value='Protoss'/>
		<unitScore value='23350'/>
		<unitScore value='23350'/>
		<killScore value='45450'/>
		<buildingScore value='6425'/>
		<razingScore value='0'/>
		<mineralScore value='25246'/>
		<gasScore value='7840'/>
		<totalScore value='108311'/>
	</enemy>

	<scoreRatio value='1.26736'/>
	<timeFitness value='0.542917'/>
	<unitsAverage value='131'/>
</results>
