<results>
	<result value='loss'/>
	<start value='2015-05-09.15:15:33'/>
	<end value='2015-05-09.15:15:42'/>
	<frames value='17827'/>
	<gameDuration value='1114'/>

	<player>
		<unitScore value='4025'/>
		<killScore value='1700'/>
		<buildingScore value='2150'/>
		<razingScore value='0'/>
		<mineralScore value='6322'/>
		<gasScore value='904'/>
		<totalScore value='15101'/>
	</player>

	<enemy>
		<race value='Protoss'/>
		<unitScore value='4000'/>
		<unitScore value='4000'/>
		<killScore value='8150'/>
		<buildingScore value='4075'/>
		<razingScore value='6450'/>
		<mineralScore value='9546'/>
		<gasScore value='2120'/>
		<totalScore value='34341'/>
	</enemy>

	<scoreRatio value='0.439737'/>
	<timeFitness value='0.154722'/>
	<unitsAverage value='26'/>
</results>
