<results>
	<result value='win'/>
	<start value='2015-04-28.01:14:10'/>
	<end value='2015-04-28.01:15:09'/>
	<frames value='45882'/>
	<gameDuration value='2867'/>

	<player>
		<unitScore value='26925'/>
		<killScore value='38900'/>
		<buildingScore value='4675'/>
		<razingScore value='13050'/>
		<mineralScore value='31410'/>
		<gasScore value='3344'/>
		<totalScore value='118304'/>
	</player>

	<enemy>
		<race value='Terran'/>
		<unitScore value='21850'/>
		<unitScore value='21850'/>
		<killScore value='26050'/>
		<buildingScore value='4425'/>
		<razingScore value='1350'/>
		<mineralScore value='17018'/>
		<gasScore value='9218'/>
		<totalScore value='79911'/>
	</enemy>

	<scoreRatio value='1.48045'/>
</results>
