<results>
	<result value='loss'/>
	<start value='2015-07-18.07:29:14'/>
	<end value='2015-07-18.07:29:41'/>
	<frames value='24275'/>
	<gameDuration value='1517'/>

	<player>
		<unitScore value='9775'/>
		<killScore value='2950'/>
		<buildingScore value='2725'/>
		<razingScore value='0'/>
		<mineralScore value='10770'/>
		<gasScore value='1624'/>
		<totalScore value='27844'/>
	</player>

	<enemy>
		<race value='Terran'/>
		<unitScore value='9875'/>
		<killScore value='19450'/>
		<buildingScore value='3950'/>
		<razingScore value='8175'/>
		<mineralScore value='12258'/>
		<gasScore value='5136'/>
		<totalScore value='58844'/>
	</enemy>

	<scoreRatio value='0.473183'/>
	<timeFitness value='0.210694'/>
	<unitsAverage value='32'/>
</results>
