<results>
	<result value='win'/>
	<start value='2015-07-18.07:29:51'/>
	<end value='2015-07-18.07:31:14'/>
	<frames value='37977'/>
	<gameDuration value='2373'/>

	<player>
		<unitScore value='23700'/>
		<killScore value='23300'/>
		<buildingScore value='3850'/>
		<razingScore value='9600'/>
		<mineralScore value='35998'/>
		<gasScore value='4256'/>
		<totalScore value='100704'/>
	</player>

	<enemy>
		<race value='Terran'/>
		<unitScore value='13550'/>
		<killScore value='24550'/>
		<buildingScore value='3300'/>
		<razingScore value='1575'/>
		<mineralScore value='18434'/>
		<gasScore value='4980'/>
		<totalScore value='66389'/>
	</enemy>

	<scoreRatio value='1.51688'/>
	<timeFitness value='0.670417'/>
	<unitsAverage value='95'/>
</results>
