<results>
	<result value='win'/>
	<start value='2015-05-07.00:03:39'/>
	<end value='2015-05-07.00:04:11'/>
	<frames value='34257'/>
	<gameDuration value='2141'/>

	<player>
		<unitScore value='16350'/>
		<killScore value='31000'/>
		<buildingScore value='4500'/>
		<razingScore value='11175'/>
		<mineralScore value='28374'/>
		<gasScore value='3268'/>
		<totalScore value='94667'/>
	</player>

	<enemy>
		<race value='Terran'/>
		<unitScore value='17900'/>
		<unitScore value='17900'/>
		<killScore value='13350'/>
		<buildingScore value='3725'/>
		<razingScore value='3600'/>
		<mineralScore value='15002'/>
		<gasScore value='7624'/>
		<totalScore value='61201'/>
	</enemy>

	<scoreRatio value='1.54682'/>
	<timeFitness value='0.702639'/>
	<unitsAverage value='86'/>
</results>
