<results>
	<result value='win'/>
	<start value='2015-05-07.00:23:17'/>
	<end value='2015-05-07.00:23:59'/>
	<frames value='35497'/>
	<gameDuration value='2218'/>

	<player>
		<unitScore value='24450'/>
		<killScore value='27150'/>
		<buildingScore value='4800'/>
		<razingScore value='10575'/>
		<mineralScore value='31026'/>
		<gasScore value='4312'/>
		<totalScore value='102313'/>
	</player>

	<enemy>
		<race value='Terran'/>
		<unitScore value='14175'/>
		<unitScore value='14175'/>
		<killScore value='25900'/>
		<buildingScore value='3525'/>
		<razingScore value='1875'/>
		<mineralScore value='12490'/>
		<gasScore value='5338'/>
		<totalScore value='63303'/>
	</enemy>

	<scoreRatio value='1.61624'/>
	<timeFitness value='0.691944'/>
	<unitsAverage value='103'/>
</results>
