<results>
	<result value='draw'/>
	<start value='2015-05-07.00:34:06'/>
	<end value='2015-05-07.00:35:04'/>
	<frames value='57601'/>
	<gameDuration value='3600'/>

	<player>
		<unitScore value='25100'/>
		<killScore value='46000'/>
		<buildingScore value='3150'/>
		<razingScore value='2250'/>
		<mineralScore value='31606'/>
		<gasScore value='8788'/>
		<totalScore value='116894'/>
	</player>

	<enemy>
		<race value='Terran'/>
		<unitScore value='30800'/>
		<unitScore value='30800'/>
		<killScore value='42700'/>
		<buildingScore value='5050'/>
		<razingScore value='1500'/>
		<mineralScore value='24182'/>
		<gasScore value='11988'/>
		<totalScore value='116220'/>
	</enemy>

	<scoreRatio value='1.0058'/>
	<timeFitness value='0.5'/>
	<unitsAverage value='98'/>
</results>
