<results>
	<result value='win'/>
	<start value='2015-05-07.00:38:17'/>
	<end value='2015-05-07.00:38:47'/>
	<frames value='32769'/>
	<gameDuration value='2048'/>

	<player>
		<unitScore value='15925'/>
		<killScore value='26700'/>
		<buildingScore value='3375'/>
		<razingScore value='9375'/>
		<mineralScore value='19594'/>
		<gasScore value='2712'/>
		<totalScore value='77681'/>
	</player>

	<enemy>
		<race value='Terran'/>
		<unitScore value='13350'/>
		<unitScore value='13350'/>
		<killScore value='17200'/>
		<buildingScore value='3125'/>
		<razingScore value='3150'/>
		<mineralScore value='12050'/>
		<gasScore value='5140'/>
		<totalScore value='54015'/>
	</enemy>

	<scoreRatio value='1.43814'/>
	<timeFitness value='0.715556'/>
	<unitsAverage value='77'/>
</results>
