<results>
	<result value='loss'/>
	<start value='2015-05-07.00:39:04'/>
	<end value='2015-05-07.00:39:42'/>
	<frames value='52392'/>
	<gameDuration value='3274'/>

	<player>
		<unitScore value='18775'/>
		<killScore value='21950'/>
		<buildingScore value='4275'/>
		<razingScore value='0'/>
		<mineralScore value='25462'/>
		<gasScore value='1640'/>
		<totalScore value='72102'/>
	</player>

	<enemy>
		<race value='Terran'/>
		<unitScore value='26275'/>
		<unitScore value='26275'/>
		<killScore value='36550'/>
		<buildingScore value='4300'/>
		<razingScore value='12825'/>
		<mineralScore value='19550'/>
		<gasScore value='11712'/>
		<totalScore value='111212'/>
	</enemy>

	<scoreRatio value='0.648329'/>
	<timeFitness value='0.454722'/>
	<unitsAverage value='55'/>
</results>
