<results>
	<result value='loss'/>
	<start value='2015-07-18.01:16:05'/>
	<end value='2015-07-18.01:17:09'/>
	<frames value='48455'/>
	<gameDuration value='3028'/>

	<player>
		<unitScore value='16450'/>
		<killScore value='9050'/>
		<buildingScore value='4350'/>
		<razingScore value='225'/>
		<mineralScore value='21242'/>
		<gasScore value='2304'/>
		<totalScore value='53621'/>
	</player>

	<enemy>
		<race value='Terran'/>
		<unitScore value='21575'/>
		<killScore value='32900'/>
		<buildingScore value='5300'/>
		<razingScore value='13200'/>
		<mineralScore value='29538'/>
		<gasScore value='11358'/>
		<totalScore value='113871'/>
	</enemy>

	<scoreRatio value='0.470892'/>
	<timeFitness value='0.420556'/>
	<unitsAverage value='52'/>
</results>
