<results>
	<result value='win'/>
	<start value='2015-05-10.18:57:54'/>
	<end value='2015-05-10.18:58:21'/>
	<frames value='25887'/>
	<gameDuration value='1617'/>

	<player>
		<unitScore value='16425'/>
		<killScore value='24780'/>
		<buildingScore value='3875'/>
		<razingScore value='5850'/>
		<mineralScore value='25478'/>
		<gasScore value='1656'/>
		<totalScore value='78064'/>
	</player>

	<enemy>
		<race value='Zerg'/>
		<unitScore value='11275'/>
		<unitScore value='11275'/>
		<killScore value='10550'/>
		<buildingScore value='1950'/>
		<razingScore value='0'/>
		<mineralScore value='11010'/>
		<gasScore value='3608'/>
		<totalScore value='38393'/>
	</enemy>

	<scoreRatio value='2.03329'/>
	<timeFitness value='0.775417'/>
	<unitsAverage value='102'/>
</results>
