<results>
	<result value='win'/>
	<start value='2015-05-10.19:07:02'/>
	<end value='2015-05-10.19:07:23'/>
	<frames value='24430'/>
	<gameDuration value='1526'/>

	<player>
		<unitScore value='15750'/>
		<killScore value='18570'/>
		<buildingScore value='3850'/>
		<razingScore value='5460'/>
		<mineralScore value='23914'/>
		<gasScore value='2728'/>
		<totalScore value='70272'/>
	</player>

	<enemy>
		<race value='Zerg'/>
		<unitScore value='8825'/>
		<unitScore value='8825'/>
		<killScore value='11150'/>
		<buildingScore value='1820'/>
		<razingScore value='0'/>
		<mineralScore value='8858'/>
		<gasScore value='2432'/>
		<totalScore value='33085'/>
	</enemy>

	<scoreRatio value='2.12398'/>
	<timeFitness value='0.788056'/>
	<unitsAverage value='92'/>
</results>
