<results>
	<result value='win'/>
	<start value='2015-05-10.19:08:35'/>
	<end value='2015-05-10.19:08:51'/>
	<frames value='20524'/>
	<gameDuration value='1282'/>

	<player>
		<unitScore value='11250'/>
		<killScore value='19810'/>
		<buildingScore value='3500'/>
		<razingScore value='4560'/>
		<mineralScore value='17694'/>
		<gasScore value='2016'/>
		<totalScore value='58830'/>
	</player>

	<enemy>
		<race value='Zerg'/>
		<unitScore value='9150'/>
		<unitScore value='9150'/>
		<killScore value='5850'/>
		<buildingScore value='1520'/>
		<razingScore value='0'/>
		<mineralScore value='8250'/>
		<gasScore value='2320'/>
		<totalScore value='27090'/>
	</enemy>

	<scoreRatio value='2.17165'/>
	<timeFitness value='0.821944'/>
	<unitsAverage value='76'/>
</results>
