<results>
	<result value='loss'/>
	<start value='2015-04-14.08:03:02'/>
	<end value='2015-04-14.08:03:31'/>
	<frames value='31653'/>
	<gameDuration value='1978'/>

	<player>
		<unitScore value='5525'/>
		<killScore value='8000'/>
		<buildingScore value='2575'/>
		<razingScore value='2100'/>
		<mineralScore value='8170'/>
		<gasScore value='1520'/>
		<totalScore value='27890'/>
	</player>

	<enemy>
		<race value='Protoss'/>
		<unitScore value='16750'/>
		<unitScore value='16750'/>
		<killScore value='11050'/>
		<buildingScore value='6725'/>
		<razingScore value='7725'/>
		<mineralScore value='19290'/>
		<gasScore value='7232'/>
		<totalScore value='68772'/>
	</enemy>

	<scoreRatio value='0.405543'/>
</results>
