<results>
	<result value='loss'/>
	<start value='2015-04-14.08:08:24'/>
	<end value='2015-04-14.08:09:05'/>
	<frames value='36458'/>
	<gameDuration value='2278'/>

	<player>
		<unitScore value='11675'/>
		<killScore value='12000'/>
		<buildingScore value='3400'/>
		<razingScore value='825'/>
		<mineralScore value='14718'/>
		<gasScore value='2512'/>
		<totalScore value='45130'/>
	</player>

	<enemy>
		<race value='Protoss'/>
		<unitScore value='23000'/>
		<unitScore value='23000'/>
		<killScore value='23350'/>
		<buildingScore value='7350'/>
		<razingScore value='10200'/>
		<mineralScore value='25190'/>
		<gasScore value='9448'/>
		<totalScore value='98538'/>
	</enemy>

	<scoreRatio value='0.457996'/>
</results>
