<results>
	<result value='win'/>
	<start value='2015-05-02.14:16:20'/>
	<end value='2015-05-02.14:16:51'/>
	<frames value='25670'/>
	<gameDuration value='1604'/>

	<player>
		<unitScore value='16125'/>
		<killScore value='20175'/>
		<buildingScore value='4550'/>
		<razingScore value='6825'/>
		<mineralScore value='24378'/>
		<gasScore value='2760'/>
		<totalScore value='74813'/>
	</player>

	<enemy>
		<race value='Zerg'/>
		<unitScore value='9675'/>
		<unitScore value='9675'/>
		<killScore value='12300'/>
		<buildingScore value='2275'/>
		<razingScore value='0'/>
		<mineralScore value='10234'/>
		<gasScore value='3296'/>
		<totalScore value='37780'/>
	</enemy>

	<scoreRatio value='1.98023'/>
	<timeFitness value='0.777222'/>
	<unitsAverage value='91'/>
</results>
