<results>
	<result value='win'/>
	<start value='2015-05-02.14:16:55'/>
	<end value='2015-05-02.14:17:22'/>
	<frames value='24492'/>
	<gameDuration value='1530'/>

	<player>
		<unitScore value='14600'/>
		<killScore value='20330'/>
		<buildingScore value='3925'/>
		<razingScore value='5700'/>
		<mineralScore value='21466'/>
		<gasScore value='1736'/>
		<totalScore value='67757'/>
	</player>

	<enemy>
		<race value='Zerg'/>
		<unitScore value='9650'/>
		<unitScore value='9650'/>
		<killScore value='12100'/>
		<buildingScore value='1900'/>
		<razingScore value='0'/>
		<mineralScore value='9466'/>
		<gasScore value='3032'/>
		<totalScore value='36148'/>
	</enemy>

	<scoreRatio value='1.87443'/>
	<timeFitness value='0.7875'/>
	<unitsAverage value='84'/>
</results>
