<results>
	<result value='win'/>
	<start value='2015-05-02.14:22:55'/>
	<end value='2015-05-02.14:23:26'/>
	<frames value='27127'/>
	<gameDuration value='1695'/>

	<player>
		<unitScore value='18375'/>
		<killScore value='24120'/>
		<buildingScore value='3375'/>
		<razingScore value='6990'/>
		<mineralScore value='24650'/>
		<gasScore value='2824'/>
		<totalScore value='80334'/>
	</player>

	<enemy>
		<race value='Zerg'/>
		<unitScore value='11350'/>
		<unitScore value='11350'/>
		<killScore value='17750'/>
		<buildingScore value='2330'/>
		<razingScore value='0'/>
		<mineralScore value='11882'/>
		<gasScore value='3440'/>
		<totalScore value='46752'/>
	</enemy>

	<scoreRatio value='1.7183'/>
	<timeFitness value='0.764583'/>
	<unitsAverage value='93'/>
</results>
