<results>
	<result value='win'/>
	<start value='2015-05-01.21:56:22'/>
	<end value='2015-05-01.21:57:36'/>
	<frames value='45386'/>
	<gameDuration value='2836'/>

	<player>
		<unitScore value='24925'/>
		<killScore value='28000'/>
		<buildingScore value='4575'/>
		<razingScore value='25575'/>
		<mineralScore value='35522'/>
		<gasScore value='3920'/>
		<totalScore value='122517'/>
	</player>

	<enemy>
		<race value='Protoss'/>
		<unitScore value='14000'/>
		<unitScore value='14000'/>
		<killScore value='24750'/>
		<buildingScore value='8525'/>
		<razingScore value='1500'/>
		<mineralScore value='19850'/>
		<gasScore value='6016'/>
		<totalScore value='74641'/>
	</enemy>

	<scoreRatio value='1.64142'/>
	<timeFitness value='0.606111'/>
	<unitsAverage value='117'/>
</results>
