<results>
	<result value='win'/>
	<start value='2015-05-01.22:03:10'/>
	<end value='2015-05-01.22:03:48'/>
	<frames value='30165'/>
	<gameDuration value='1885'/>

	<player>
		<unitScore value='17300'/>
		<killScore value='19600'/>
		<buildingScore value='4625'/>
		<razingScore value='11925'/>
		<mineralScore value='27082'/>
		<gasScore value='3720'/>
		<totalScore value='84252'/>
	</player>

	<enemy>
		<race value='Protoss'/>
		<unitScore value='10850'/>
		<unitScore value='10850'/>
		<killScore value='12100'/>
		<buildingScore value='3975'/>
		<razingScore value='1500'/>
		<mineralScore value='11118'/>
		<gasScore value='2920'/>
		<totalScore value='42463'/>
	</enemy>

	<scoreRatio value='1.98413'/>
	<timeFitness value='0.738194'/>
	<unitsAverage value='95'/>
</results>
