<results>
	<result value='win'/>
	<start value='2015-05-03.04:25:53'/>
	<end value='2015-05-03.04:26:32'/>
	<frames value='31622'/>
	<gameDuration value='1976'/>

	<player>
		<unitScore value='18400'/>
		<killScore value='21600'/>
		<buildingScore value='4050'/>
		<razingScore value='17325'/>
		<mineralScore value='27066'/>
		<gasScore value='2176'/>
		<totalScore value='90617'/>
	</player>

	<enemy>
		<race value='Protoss'/>
		<unitScore value='11500'/>
		<unitScore value='11500'/>
		<killScore value='14400'/>
		<buildingScore value='5775'/>
		<razingScore value='375'/>
		<mineralScore value='14618'/>
		<gasScore value='3680'/>
		<totalScore value='50348'/>
	</enemy>

	<scoreRatio value='1.79981'/>
	<timeFitness value='0.725556'/>
	<unitsAverage value='102'/>
</results>
