<results>
	<result value='loss'/>
	<start value='2015-05-03.04:38:23'/>
	<end value='2015-05-03.04:38:51'/>
	<frames value='38504'/>
	<gameDuration value='2406'/>

	<player>
		<unitScore value='13475'/>
		<killScore value='17300'/>
		<buildingScore value='1725'/>
		<razingScore value='2550'/>
		<mineralScore value='14354'/>
		<gasScore value='2584'/>
		<totalScore value='51988'/>
	</player>

	<enemy>
		<race value='Protoss'/>
		<unitScore value='22375'/>
		<unitScore value='22375'/>
		<killScore value='26700'/>
		<buildingScore value='7825'/>
		<razingScore value='5175'/>
		<mineralScore value='26682'/>
		<gasScore value='8588'/>
		<totalScore value='97345'/>
	</enemy>

	<scoreRatio value='0.534059'/>
	<timeFitness value='0.334167'/>
	<unitsAverage value='48'/>
</results>
