<results>
	<result value='loss'/>
	<start value='2015-07-18.20:16:11'/>
	<end value='2015-07-18.20:17:03'/>
	<frames value='33079'/>
	<gameDuration value='2067'/>

	<player>
		<unitScore value='20000'/>
		<killScore value='6100'/>
		<buildingScore value='3650'/>
		<razingScore value='300'/>
		<mineralScore value='24038'/>
		<gasScore value='1504'/>
		<totalScore value='55592'/>
	</player>

	<enemy>
		<race value='Protoss'/>
		<unitScore value='19900'/>
		<killScore value='32950'/>
		<buildingScore value='7650'/>
		<razingScore value='10950'/>
		<mineralScore value='25042'/>
		<gasScore value='8000'/>
		<totalScore value='104492'/>
	</enemy>

	<scoreRatio value='0.532022'/>
	<timeFitness value='0.287083'/>
	<unitsAverage value='80'/>
</results>
