<results>
	<result value='loss'/>
	<start value='2015-07-18.20:21:58'/>
	<end value='2015-07-18.20:22:11'/>
	<frames value='18540'/>
	<gameDuration value='1158'/>

	<player>
		<unitScore value='3650'/>
		<killScore value='1400'/>
		<buildingScore value='1825'/>
		<razingScore value='0'/>
		<mineralScore value='4842'/>
		<gasScore value='1128'/>
		<totalScore value='12845'/>
	</player>

	<enemy>
		<race value='Protoss'/>
		<unitScore value='4250'/>
		<killScore value='7300'/>
		<buildingScore value='4525'/>
		<razingScore value='5475'/>
		<mineralScore value='10466'/>
		<gasScore value='1928'/>
		<totalScore value='33944'/>
	</enemy>

	<scoreRatio value='0.378417'/>
	<timeFitness value='0.160833'/>
	<unitsAverage value='20'/>
</results>
