<results>
	<result value='loss'/>
	<start value='2015-04-11.01:36:13'/>
	<end value='2015-04-11.01:36:35'/>
	<frames value='23283'/>
	<gameDuration value='1455'/>

	<player>
		<unitScore value='4225'/>
		<killScore value='3400'/>
		<buildingScore value='2150'/>
		<razingScore value='0'/>
		<mineralScore value='6506'/>
		<gasScore value='584'/>
		<totalScore value='16865'/>
	</player>

	<enemy>
		<race value='Protoss'/>
		<unitScore value='8700'/>
		<unitScore value='8700'/>
		<killScore value='8450'/>
		<buildingScore value='5325'/>
		<razingScore value='6450'/>
		<mineralScore value='13170'/>
		<gasScore value='4360'/>
		<totalScore value='46455'/>
	</enemy>

	<scoreRatio value='0.363039'/>
</results>
