<results>
	<result value='draw'/>
	<start value='2015-04-11.01:44:36'/>
	<end value='2015-04-11.01:46:59'/>
	<frames value='57601'/>
	<gameDuration value='3600'/>

	<player>
		<unitScore value='30725'/>
		<killScore value='46650'/>
		<buildingScore value='3575'/>
		<razingScore value='17925'/>
		<mineralScore value='33490'/>
		<gasScore value='7612'/>
		<totalScore value='139977'/>
	</player>

	<enemy>
		<race value='Protoss'/>
		<unitScore value='27625'/>
		<unitScore value='27625'/>
		<killScore value='41850'/>
		<buildingScore value='6725'/>
		<razingScore value='900'/>
		<mineralScore value='25914'/>
		<gasScore value='8648'/>
		<totalScore value='111662'/>
	</enemy>

	<scoreRatio value='1.25358'/>
</results>
