<results>
	<result value='win'/>
	<start value='2015-04-28.20:27:22'/>
	<end value='2015-04-28.20:28:02'/>
	<frames value='38504'/>
	<gameDuration value='2406'/>

	<player>
		<unitScore value='27400'/>
		<killScore value='32650'/>
		<buildingScore value='4200'/>
		<razingScore value='19500'/>
		<mineralScore value='31810'/>
		<gasScore value='3288'/>
		<totalScore value='118848'/>
	</player>

	<enemy>
		<race value='Protoss'/>
		<unitScore value='16675'/>
		<unitScore value='16675'/>
		<killScore value='28200'/>
		<buildingScore value='6500'/>
		<razingScore value='150'/>
		<mineralScore value='21306'/>
		<gasScore value='7416'/>
		<totalScore value='80247'/>
	</enemy>

	<scoreRatio value='1.48103'/>
	<timeFitness value='0.665833'/>
	<unitsAverage value='124'/>
</results>
