<results>
	<result value='loss'/>
	<start value='2015-04-14.05:00:59'/>
	<end value='2015-04-14.05:01:08'/>
	<frames value='23965'/>
	<gameDuration value='1497'/>

	<player>
		<unitScore value='2375'/>
		<killScore value='2200'/>
		<buildingScore value='1550'/>
		<razingScore value='0'/>
		<mineralScore value='4122'/>
		<gasScore value='856'/>
		<totalScore value='11103'/>
	</player>

	<enemy>
		<race value='Protoss'/>
		<unitScore value='9100'/>
		<unitScore value='9100'/>
		<killScore value='4500'/>
		<buildingScore value='6225'/>
		<razingScore value='4650'/>
		<mineralScore value='14722'/>
		<gasScore value='4800'/>
		<totalScore value='43997'/>
	</enemy>

	<scoreRatio value='0.252358'/>
</results>
