<results>
	<result value='win'/>
	<start value='2015-04-14.05:02:45'/>
	<end value='2015-04-14.05:02:57'/>
	<frames value='19160'/>
	<gameDuration value='1197'/>

	<player>
		<unitScore value='10200'/>
		<killScore value='3800'/>
		<buildingScore value='2000'/>
		<razingScore value='7650'/>
		<mineralScore value='14186'/>
		<gasScore value='0'/>
		<totalScore value='37836'/>
	</player>

	<enemy>
		<race value='Protoss'/>
		<unitScore value='1900'/>
		<unitScore value='1900'/>
		<killScore value='9600'/>
		<buildingScore value='2550'/>
		<razingScore value='0'/>
		<mineralScore value='8538'/>
		<gasScore value='824'/>
		<totalScore value='23412'/>
	</enemy>

	<scoreRatio value='1.61609'/>
</results>
