<results>
	<result value='loss'/>
	<start value='2015-05-05.12:15:55'/>
	<end value='2015-05-05.12:16:08'/>
	<frames value='24771'/>
	<gameDuration value='1548'/>

	<player>
		<unitScore value='5775'/>
		<killScore value='7350'/>
		<buildingScore value='1675'/>
		<razingScore value='2475'/>
		<mineralScore value='7634'/>
		<gasScore value='1336'/>
		<totalScore value='26245'/>
	</player>

	<enemy>
		<race value='Terran'/>
		<unitScore value='6025'/>
		<unitScore value='6025'/>
		<killScore value='11550'/>
		<buildingScore value='2625'/>
		<razingScore value='5025'/>
		<mineralScore value='11386'/>
		<gasScore value='3680'/>
		<totalScore value='40291'/>
	</enemy>

	<scoreRatio value='0.651386'/>
	<timeFitness value='0.215'/>
	<unitsAverage value='31'/>
</results>
