<results>
	<result value='loss'/>
	<start value='2015-05-05.16:05:18'/>
	<end value='2015-05-05.16:05:31'/>
	<frames value='17176'/>
	<gameDuration value='1073'/>

	<player>
		<unitScore value='3825'/>
		<killScore value='500'/>
		<buildingScore value='1550'/>
		<razingScore value='0'/>
		<mineralScore value='5202'/>
		<gasScore value='568'/>
		<totalScore value='11645'/>
	</player>

	<enemy>
		<race value='Terran'/>
		<unitScore value='5250'/>
		<unitScore value='5250'/>
		<killScore value='7650'/>
		<buildingScore value='1800'/>
		<razingScore value='4650'/>
		<mineralScore value='8130'/>
		<gasScore value='2616'/>
		<totalScore value='30096'/>
	</enemy>

	<scoreRatio value='0.386928'/>
	<timeFitness value='0.149028'/>
	<unitsAverage value='25'/>
</results>
