<results>
	<result value='draw'/>
	<start value='2015-05-05.16:11:48'/>
	<end value='2015-05-05.16:13:04'/>
	<frames value='57601'/>
	<gameDuration value='3600'/>

	<player>
		<unitScore value='31200'/>
		<killScore value='24600'/>
		<buildingScore value='4225'/>
		<razingScore value='600'/>
		<mineralScore value='31382'/>
		<gasScore value='7052'/>
		<totalScore value='99059'/>
	</player>

	<enemy>
		<race value='Terran'/>
		<unitScore value='28250'/>
		<unitScore value='28250'/>
		<killScore value='56750'/>
		<buildingScore value='4825'/>
		<razingScore value='5700'/>
		<mineralScore value='31322'/>
		<gasScore value='12440'/>
		<totalScore value='139287'/>
	</enemy>

	<scoreRatio value='0.711186'/>
	<timeFitness value='0.5'/>
	<unitsAverage value='80'/>
</results>
