<results>
	<result value='win'/>
	<start value='2015-05-05.16:24:03'/>
	<end value='2015-05-05.16:25:08'/>
	<frames value='32242'/>
	<gameDuration value='2015'/>

	<player>
		<unitScore value='18775'/>
		<killScore value='29700'/>
		<buildingScore value='4425'/>
		<razingScore value='9750'/>
		<mineralScore value='29738'/>
		<gasScore value='3664'/>
		<totalScore value='96052'/>
	</player>

	<enemy>
		<race value='Terran'/>
		<unitScore value='16450'/>
		<unitScore value='16450'/>
		<killScore value='10650'/>
		<buildingScore value='3250'/>
		<razingScore value='2025'/>
		<mineralScore value='13334'/>
		<gasScore value='6104'/>
		<totalScore value='51813'/>
	</enemy>

	<scoreRatio value='1.85382'/>
	<timeFitness value='0.720139'/>
	<unitsAverage value='100'/>
</results>
