<results>
	<result value='loss'/>
	<start value='2015-05-05.16:35:25'/>
	<end value='2015-05-05.16:35:45'/>
	<frames value='20307'/>
	<gameDuration value='1269'/>

	<player>
		<unitScore value='5525'/>
		<killScore value='5900'/>
		<buildingScore value='1725'/>
		<razingScore value='300'/>
		<mineralScore value='7178'/>
		<gasScore value='720'/>
		<totalScore value='21348'/>
	</player>

	<enemy>
		<race value='Terran'/>
		<unitScore value='6075'/>
		<unitScore value='6075'/>
		<killScore value='9100'/>
		<buildingScore value='2125'/>
		<razingScore value='5175'/>
		<mineralScore value='8954'/>
		<gasScore value='3272'/>
		<totalScore value='34701'/>
	</enemy>

	<scoreRatio value='0.615198'/>
	<timeFitness value='0.17625'/>
	<unitsAverage value='34'/>
</results>
