<results>
	<result value='win'/>
	<start value='2015-05-05.16:29:44'/>
	<end value='2015-05-05.16:32:16'/>
	<frames value='52981'/>
	<gameDuration value='3311'/>

	<player>
		<unitScore value='39950'/>
		<killScore value='47300'/>
		<buildingScore value='4725'/>
		<razingScore value='12150'/>
		<mineralScore value='40874'/>
		<gasScore value='4232'/>
		<totalScore value='149231'/>
	</player>

	<enemy>
		<race value='Terran'/>
		<unitScore value='29800'/>
		<unitScore value='29800'/>
		<killScore value='53150'/>
		<buildingScore value='4050'/>
		<razingScore value='4350'/>
		<mineralScore value='19550'/>
		<gasScore value='11212'/>
		<totalScore value='122112'/>
	</enemy>

	<scoreRatio value='1.22208'/>
	<timeFitness value='0.540139'/>
	<unitsAverage value='144'/>
</results>
