<results>
	<result value='loss'/>
	<start value='2015-05-05.16:54:23'/>
	<end value='2015-05-05.16:54:48'/>
	<frames value='21950'/>
	<gameDuration value='1371'/>

	<player>
		<unitScore value='6950'/>
		<killScore value='3550'/>
		<buildingScore value='2225'/>
		<razingScore value='0'/>
		<mineralScore value='9050'/>
		<gasScore value='1168'/>
		<totalScore value='22943'/>
	</player>

	<enemy>
		<race value='Terran'/>
		<unitScore value='8850'/>
		<unitScore value='8850'/>
		<killScore value='13900'/>
		<buildingScore value='3400'/>
		<razingScore value='6675'/>
		<mineralScore value='10594'/>
		<gasScore value='4544'/>
		<totalScore value='47963'/>
	</enemy>

	<scoreRatio value='0.478348'/>
	<timeFitness value='0.190417'/>
	<unitsAverage value='38'/>
</results>
