<results>
	<result value='loss'/>
	<start value='2015-05-09.22:28:37'/>
	<end value='2015-05-09.22:29:45'/>
	<frames value='48796'/>
	<gameDuration value='3049'/>

	<player>
		<unitScore value='29000'/>
		<killScore value='39200'/>
		<buildingScore value='3475'/>
		<razingScore value='2025'/>
		<mineralScore value='31542'/>
		<gasScore value='5008'/>
		<totalScore value='110250'/>
	</player>

	<enemy>
		<race value='Protoss'/>
		<unitScore value='33375'/>
		<unitScore value='33375'/>
		<killScore value='58000'/>
		<buildingScore value='7025'/>
		<razingScore value='10425'/>
		<mineralScore value='31474'/>
		<gasScore value='9896'/>
		<totalScore value='150195'/>
	</enemy>

	<scoreRatio value='0.734046'/>
	<timeFitness value='0.423472'/>
	<unitsAverage value='113'/>
</results>
