<results>
	<result value='draw'/>
	<start value='2015-05-09.22:39:12'/>
	<end value='2015-05-09.22:40:59'/>
	<frames value='57601'/>
	<gameDuration value='3600'/>

	<player>
		<unitScore value='21575'/>
		<killScore value='13550'/>
		<buildingScore value='5450'/>
		<razingScore value='16575'/>
		<mineralScore value='48674'/>
		<gasScore value='7512'/>
		<totalScore value='113336'/>
	</player>

	<enemy>
		<race value='Protoss'/>
		<unitScore value='7225'/>
		<unitScore value='7225'/>
		<killScore value='18800'/>
		<buildingScore value='5625'/>
		<razingScore value='1725'/>
		<mineralScore value='12546'/>
		<gasScore value='2688'/>
		<totalScore value='48609'/>
	</enemy>

	<scoreRatio value='2.33158'/>
	<timeFitness value='0.5'/>
	<unitsAverage value='151'/>
</results>
