<results>
	<result value='loss'/>
	<start value='2015-05-09.22:41:02'/>
	<end value='2015-05-09.22:41:34'/>
	<frames value='39992'/>
	<gameDuration value='2499'/>

	<player>
		<unitScore value='13675'/>
		<killScore value='17600'/>
		<buildingScore value='2175'/>
		<razingScore value='600'/>
		<mineralScore value='15366'/>
		<gasScore value='2944'/>
		<totalScore value='52360'/>
	</player>

	<enemy>
		<race value='Protoss'/>
		<unitScore value='27750'/>
		<unitScore value='27750'/>
		<killScore value='27350'/>
		<buildingScore value='7875'/>
		<razingScore value='6525'/>
		<mineralScore value='28478'/>
		<gasScore value='10064'/>
		<totalScore value='108042'/>
	</enemy>

	<scoreRatio value='0.484626'/>
	<timeFitness value='0.347083'/>
	<unitsAverage value='48'/>
</results>
