<results>
	<result value='loss'/>
	<start value='2015-05-03.16:40:01'/>
	<end value='2015-05-03.16:40:11'/>
	<frames value='17703'/>
	<gameDuration value='1106'/>

	<player>
		<unitScore value='5200'/>
		<killScore value='200'/>
		<buildingScore value='2100'/>
		<razingScore value='0'/>
		<mineralScore value='7634'/>
		<gasScore value='928'/>
		<totalScore value='16062'/>
	</player>

	<enemy>
		<race value='Protoss'/>
		<unitScore value='4575'/>
		<unitScore value='4575'/>
		<killScore value='10400'/>
		<buildingScore value='3675'/>
		<razingScore value='6300'/>
		<mineralScore value='9322'/>
		<gasScore value='2440'/>
		<totalScore value='36712'/>
	</enemy>

	<scoreRatio value='0.437514'/>
	<timeFitness value='0.153611'/>
	<unitsAverage value='31'/>
</results>
