<results>
	<result value='loss'/>
	<start value='2015-07-19.10:44:52'/>
	<end value='2015-07-19.10:45:54'/>
	<frames value='32397'/>
	<gameDuration value='2024'/>

	<player>
		<unitScore value='16900'/>
		<killScore value='12500'/>
		<buildingScore value='4300'/>
		<razingScore value='0'/>
		<mineralScore value='20122'/>
		<gasScore value='2408'/>
		<totalScore value='56230'/>
	</player>

	<enemy>
		<race value='Zerg'/>
		<unitScore value='17925'/>
		<killScore value='33800'/>
		<buildingScore value='3410'/>
		<razingScore value='12900'/>
		<mineralScore value='21122'/>
		<gasScore value='6562'/>
		<totalScore value='95719'/>
	</enemy>

	<scoreRatio value='0.587449'/>
	<timeFitness value='0.281111'/>
	<unitsAverage value='59'/>
</results>
