<results>
	<result value='win'/>
	<start value='2015-05-02.21:50:43'/>
	<end value='2015-05-02.21:51:45'/>
	<frames value='41077'/>
	<gameDuration value='2567'/>

	<player>
		<unitScore value='39600'/>
		<killScore value='32020'/>
		<buildingScore value='4450'/>
		<razingScore value='5280'/>
		<mineralScore value='48338'/>
		<gasScore value='0'/>
		<totalScore value='129688'/>
	</player>

	<enemy>
		<race value='Zerg'/>
		<unitScore value='15850'/>
		<unitScore value='15850'/>
		<killScore value='62700'/>
		<buildingScore value='1760'/>
		<razingScore value='0'/>
		<mineralScore value='12962'/>
		<gasScore value='5046'/>
		<totalScore value='98318'/>
	</enemy>

	<scoreRatio value='1.31907'/>
	<timeFitness value='0.643472'/>
	<unitsAverage value='134'/>
</results>
