<results>
	<result value='win'/>
	<start value='2015-05-02.22:00:23'/>
	<end value='2015-05-02.22:00:47'/>
	<frames value='27406'/>
	<gameDuration value='1712'/>

	<player>
		<unitScore value='14950'/>
		<killScore value='24740'/>
		<buildingScore value='1950'/>
		<razingScore value='4680'/>
		<mineralScore value='22190'/>
		<gasScore value='0'/>
		<totalScore value='68510'/>
	</player>

	<enemy>
		<race value='Zerg'/>
		<unitScore value='10950'/>
		<unitScore value='10950'/>
		<killScore value='19300'/>
		<buildingScore value='1560'/>
		<razingScore value='0'/>
		<mineralScore value='9978'/>
		<gasScore value='2920'/>
		<totalScore value='44708'/>
	</enemy>

	<scoreRatio value='1.53239'/>
	<timeFitness value='0.762222'/>
	<unitsAverage value='76'/>
</results>
