<results>
	<result value='win'/>
	<start value='2015-05-11.02:13:26'/>
	<end value='2015-05-11.02:13:54'/>
	<frames value='28336'/>
	<gameDuration value='1771'/>

	<player>
		<unitScore value='21400'/>
		<killScore value='29215'/>
		<buildingScore value='4250'/>
		<razingScore value='5040'/>
		<mineralScore value='30286'/>
		<gasScore value='2128'/>
		<totalScore value='92319'/>
	</player>

	<enemy>
		<race value='Zerg'/>
		<unitScore value='12550'/>
		<unitScore value='12550'/>
		<killScore value='17200'/>
		<buildingScore value='1680'/>
		<razingScore value='0'/>
		<mineralScore value='11658'/>
		<gasScore value='3624'/>
		<totalScore value='46712'/>
	</enemy>

	<scoreRatio value='1.97634'/>
	<timeFitness value='0.754028'/>
	<unitsAverage value='108'/>
</results>
