<results>
	<result value='loss'/>
	<start value='2015-07-15.06:32:41'/>
	<end value='2015-07-15.06:32:54'/>
	<frames value='19222'/>
	<gameDuration value='1201'/>

	<player>
		<unitScore value='5175'/>
		<killScore value='2650'/>
		<buildingScore value='2075'/>
		<razingScore value='0'/>
		<mineralScore value='7290'/>
		<gasScore value='960'/>
		<totalScore value='18150'/>
	</player>

	<enemy>
		<race value='Terran'/>
		<unitScore value='6925'/>
		<killScore value='9550'/>
		<buildingScore value='2850'/>
		<razingScore value='6225'/>
		<mineralScore value='8970'/>
		<gasScore value='2776'/>
		<totalScore value='37296'/>
	</enemy>

	<scoreRatio value='0.486647'/>
	<timeFitness value='0.166806'/>
	<unitsAverage value='29'/>
</results>
