<results>
	<result value='loss'/>
	<start value='2015-05-10.10:59:35'/>
	<end value='2015-05-10.11:00:13'/>
	<frames value='40550'/>
	<gameDuration value='2534'/>

	<player>
		<unitScore value='17500'/>
		<killScore value='26150'/>
		<buildingScore value='2825'/>
		<razingScore value='600'/>
		<mineralScore value='19386'/>
		<gasScore value='3616'/>
		<totalScore value='70077'/>
	</player>

	<enemy>
		<race value='Protoss'/>
		<unitScore value='29400'/>
		<unitScore value='29400'/>
		<killScore value='35000'/>
		<buildingScore value='7225'/>
		<razingScore value='8475'/>
		<mineralScore value='28850'/>
		<gasScore value='10656'/>
		<totalScore value='119606'/>
	</enemy>

	<scoreRatio value='0.585899'/>
	<timeFitness value='0.351944'/>
	<unitsAverage value='56'/>
</results>
