<results>
	<result value='draw'/>
	<start value='2015-05-10.11:08:21'/>
	<end value='2015-05-10.11:10:25'/>
	<frames value='57601'/>
	<gameDuration value='3600'/>

	<player>
		<unitScore value='28250'/>
		<killScore value='36950'/>
		<buildingScore value='4325'/>
		<razingScore value='27525'/>
		<mineralScore value='37062'/>
		<gasScore value='4480'/>
		<totalScore value='138592'/>
	</player>

	<enemy>
		<race value='Protoss'/>
		<unitScore value='18975'/>
		<unitScore value='18975'/>
		<killScore value='32600'/>
		<buildingScore value='10725'/>
		<razingScore value='1800'/>
		<mineralScore value='25430'/>
		<gasScore value='8304'/>
		<totalScore value='97834'/>
	</enemy>

	<scoreRatio value='1.4166'/>
	<timeFitness value='0.5'/>
	<unitsAverage value='139'/>
</results>
