<results>
	<result value='loss'/>
	<start value='2015-07-20.06:46:30'/>
	<end value='2015-07-20.06:47:08'/>
	<frames value='29111'/>
	<gameDuration value='1819'/>

	<player>
		<unitScore value='12450'/>
		<killScore value='7650'/>
		<buildingScore value='3425'/>
		<razingScore value='0'/>
		<mineralScore value='15158'/>
		<gasScore value='1944'/>
		<totalScore value='40627'/>
	</player>

	<enemy>
		<race value='Zerg'/>
		<unitScore value='16200'/>
		<killScore value='21300'/>
		<buildingScore value='3635'/>
		<razingScore value='10275'/>
		<mineralScore value='17830'/>
		<gasScore value='6544'/>
		<totalScore value='75784'/>
	</enemy>

	<scoreRatio value='0.536089'/>
	<timeFitness value='0.252639'/>
	<unitsAverage value='51'/>
</results>
