<results>
	<result value='loss'/>
	<start value='2015-05-21.19:56:24'/>
	<end value='2015-05-21.19:56:27'/>
	<frames value='8031'/>
	<gameDuration value='501'/>

	<player>
		<unitScore value='900'/>
		<killScore value='150'/>
		<buildingScore value='650'/>
		<razingScore value='0'/>
		<mineralScore value='1218'/>
		<gasScore value='0'/>
		<totalScore value='2918'/>
	</player>

	<enemy>
		<race value='Zerg'/>
		<unitScore value='1350'/>
		<killScore value='1700'/>
		<buildingScore value='780'/>
		<razingScore value='1950'/>
		<mineralScore value='2210'/>
		<gasScore value='80'/>
		<totalScore value='8070'/>
	</enemy>

	<scoreRatio value='0.361586'/>
	<timeFitness value='0.0695833'/>
	<unitsAverage value='8'/>
</results>
