<results>
	<result value='win'/>
	<start value='2015-05-21.20:00:28'/>
	<end value='2015-05-21.20:01:11'/>
	<frames value='36644'/>
	<gameDuration value='2290'/>

	<player>
		<unitScore value='26675'/>
		<killScore value='42985'/>
		<buildingScore value='4950'/>
		<razingScore value='9210'/>
		<mineralScore value='36598'/>
		<gasScore value='4696'/>
		<totalScore value='125114'/>
	</player>

	<enemy>
		<race value='Zerg'/>
		<unitScore value='19100'/>
		<killScore value='28700'/>
		<buildingScore value='3070'/>
		<razingScore value='2025'/>
		<mineralScore value='18442'/>
		<gasScore value='5190'/>
		<totalScore value='76527'/>
	</enemy>

	<scoreRatio value='1.6349'/>
	<timeFitness value='0.681944'/>
	<unitsAverage value='121'/>
</results>
