<results>
	<result value='win'/>
	<start value='2015-05-03.20:09:11'/>
	<end value='2015-05-03.20:09:49'/>
	<frames value='23314'/>
	<gameDuration value='1457'/>

	<player>
		<unitScore value='13225'/>
		<killScore value='16300'/>
		<buildingScore value='3625'/>
		<razingScore value='5460'/>
		<mineralScore value='21102'/>
		<gasScore value='1856'/>
		<totalScore value='61568'/>
	</player>

	<enemy>
		<race value='Zerg'/>
		<unitScore value='8375'/>
		<unitScore value='8375'/>
		<killScore value='8950'/>
		<buildingScore value='1820'/>
		<razingScore value='0'/>
		<mineralScore value='8666'/>
		<gasScore value='2768'/>
		<totalScore value='30579'/>
	</enemy>

	<scoreRatio value='2.01341'/>
	<timeFitness value='0.797639'/>
	<unitsAverage value='85'/>
</results>
