<results>
	<result value='win'/>
	<start value='2015-05-03.20:09:54'/>
	<end value='2015-05-03.20:10:54'/>
	<frames value='35094'/>
	<gameDuration value='2193'/>

	<player>
		<unitScore value='20800'/>
		<killScore value='27940'/>
		<buildingScore value='4375'/>
		<razingScore value='9150'/>
		<mineralScore value='26826'/>
		<gasScore value='3384'/>
		<totalScore value='92475'/>
	</player>

	<enemy>
		<race value='Zerg'/>
		<unitScore value='12875'/>
		<unitScore value='12875'/>
		<killScore value='20050'/>
		<buildingScore value='3050'/>
		<razingScore value='375'/>
		<mineralScore value='13938'/>
		<gasScore value='4528'/>
		<totalScore value='54816'/>
	</enemy>

	<scoreRatio value='1.68701'/>
	<timeFitness value='0.695417'/>
	<unitsAverage value='86'/>
</results>
