<results>
	<result value='win'/>
	<start value='2015-07-16.05:06:15'/>
	<end value='2015-07-16.05:07:38'/>
	<frames value='53260'/>
	<gameDuration value='3328'/>

	<player>
		<unitScore value='38950'/>
		<killScore value='27650'/>
		<buildingScore value='4250'/>
		<razingScore value='10125'/>
		<mineralScore value='40442'/>
		<gasScore value='4824'/>
		<totalScore value='126241'/>
	</player>

	<enemy>
		<race value='Terran'/>
		<unitScore value='14125'/>
		<killScore value='57850'/>
		<buildingScore value='3375'/>
		<razingScore value='1950'/>
		<mineralScore value='12050'/>
		<gasScore value='6162'/>
		<totalScore value='95512'/>
	</enemy>

	<scoreRatio value='1.32173'/>
	<timeFitness value='0.537778'/>
	<unitsAverage value='107'/>
</results>
