<results>
	<result value='loss'/>
	<start value='2015-07-16.05:22:58'/>
	<end value='2015-07-16.05:23:22'/>
	<frames value='23841'/>
	<gameDuration value='1490'/>

	<player>
		<unitScore value='7225'/>
		<killScore value='3250'/>
		<buildingScore value='2850'/>
		<razingScore value='0'/>
		<mineralScore value='8898'/>
		<gasScore value='1928'/>
		<totalScore value='24151'/>
	</player>

	<enemy>
		<race value='Terran'/>
		<unitScore value='9900'/>
		<killScore value='14350'/>
		<buildingScore value='3400'/>
		<razingScore value='8550'/>
		<mineralScore value='11842'/>
		<gasScore value='4792'/>
		<totalScore value='52834'/>
	</enemy>

	<scoreRatio value='0.457111'/>
	<timeFitness value='0.206944'/>
	<unitsAverage value='41'/>
</results>
