<results>
	<result value='loss'/>
	<start value='2015-04-11.07:58:09'/>
	<end value='2015-04-11.07:59:22'/>
	<frames value='50563'/>
	<gameDuration value='3160'/>

	<player>
		<unitScore value='22425'/>
		<killScore value='34050'/>
		<buildingScore value='2650'/>
		<razingScore value='3000'/>
		<mineralScore value='24226'/>
		<gasScore value='4544'/>
		<totalScore value='90895'/>
	</player>

	<enemy>
		<race value='Protoss'/>
		<unitScore value='30025'/>
		<unitScore value='30025'/>
		<killScore value='44950'/>
		<buildingScore value='7025'/>
		<razingScore value='7950'/>
		<mineralScore value='27050'/>
		<gasScore value='10126'/>
		<totalScore value='127126'/>
	</enemy>

	<scoreRatio value='0.714999'/>
</results>
