<results>
	<result value='win'/>
	<start value='2015-04-11.08:02:48'/>
	<end value='2015-04-11.08:03:53'/>
	<frames value='33792'/>
	<gameDuration value='2112'/>

	<player>
		<unitScore value='21200'/>
		<killScore value='21600'/>
		<buildingScore value='3775'/>
		<razingScore value='17550'/>
		<mineralScore value='26802'/>
		<gasScore value='2248'/>
		<totalScore value='93175'/>
	</player>

	<enemy>
		<race value='Protoss'/>
		<unitScore value='11150'/>
		<unitScore value='11150'/>
		<killScore value='22100'/>
		<buildingScore value='5850'/>
		<razingScore value='0'/>
		<mineralScore value='16118'/>
		<gasScore value='4304'/>
		<totalScore value='59522'/>
	</enemy>

	<scoreRatio value='1.56539'/>
</results>
