<results>
	<result value='loss'/>
	<start value='2015-04-11.08:07:32'/>
	<end value='2015-04-11.08:08:27'/>
	<frames value='45200'/>
	<gameDuration value='2825'/>

	<player>
		<unitScore value='17725'/>
		<killScore value='24450'/>
		<buildingScore value='2700'/>
		<razingScore value='0'/>
		<mineralScore value='21394'/>
		<gasScore value='1048'/>
		<totalScore value='67317'/>
	</player>

	<enemy>
		<race value='Protoss'/>
		<unitScore value='32025'/>
		<unitScore value='32025'/>
		<killScore value='35450'/>
		<buildingScore value='7525'/>
		<razingScore value='8100'/>
		<mineralScore value='30266'/>
		<gasScore value='11446'/>
		<totalScore value='124812'/>
	</enemy>

	<scoreRatio value='0.539347'/>
</results>
