<results>
	<result value='draw'/>
	<start value='2015-05-08.16:50:28'/>
	<end value='2015-05-08.16:51:37'/>
	<frames value='57601'/>
	<gameDuration value='3600'/>

	<player>
		<unitScore value='33050'/>
		<killScore value='56800'/>
		<buildingScore value='5050'/>
		<razingScore value='14400'/>
		<mineralScore value='37174'/>
		<gasScore value='4824'/>
		<totalScore value='151298'/>
	</player>

	<enemy>
		<race value='Terran'/>
		<unitScore value='35025'/>
		<unitScore value='35025'/>
		<killScore value='43150'/>
		<buildingScore value='5850'/>
		<razingScore value='3900'/>
		<mineralScore value='24722'/>
		<gasScore value='16266'/>
		<totalScore value='128913'/>
	</enemy>

	<scoreRatio value='1.17364'/>
	<timeFitness value='0.5'/>
	<unitsAverage value='102'/>
</results>
