<results>
	<result value='win'/>
	<start value='2015-05-04.19:57:48'/>
	<end value='2015-05-04.19:58:28'/>
	<frames value='28057'/>
	<gameDuration value='1753'/>

	<player>
		<unitScore value='18100'/>
		<killScore value='22250'/>
		<buildingScore value='4025'/>
		<razingScore value='6525'/>
		<mineralScore value='28698'/>
		<gasScore value='2200'/>
		<totalScore value='81798'/>
	</player>

	<enemy>
		<race value='Terran'/>
		<unitScore value='11125'/>
		<unitScore value='11125'/>
		<killScore value='14500'/>
		<buildingScore value='2175'/>
		<razingScore value='0'/>
		<mineralScore value='12050'/>
		<gasScore value='3744'/>
		<totalScore value='43594'/>
	</enemy>

	<scoreRatio value='1.87636'/>
	<timeFitness value='0.756528'/>
	<unitsAverage value='100'/>
</results>
