<results>
	<result value='win'/>
	<start value='2015-05-03.14:07:55'/>
	<end value='2015-05-03.14:08:21'/>
	<frames value='25608'/>
	<gameDuration value='1600'/>

	<player>
		<unitScore value='15875'/>
		<killScore value='20450'/>
		<buildingScore value='4400'/>
		<razingScore value='4800'/>
		<mineralScore value='25586'/>
		<gasScore value='2368'/>
		<totalScore value='73479'/>
	</player>

	<enemy>
		<race value='Zerg'/>
		<unitScore value='10000'/>
		<unitScore value='10000'/>
		<killScore value='12500'/>
		<buildingScore value='1600'/>
		<razingScore value='0'/>
		<mineralScore value='9482'/>
		<gasScore value='3232'/>
		<totalScore value='36814'/>
	</enemy>

	<scoreRatio value='1.99595'/>
	<timeFitness value='0.777778'/>
	<unitsAverage value='96'/>
</results>
