<results>
	<result value='win'/>
	<start value='2015-05-10.08:00:13'/>
	<end value='2015-05-10.08:00:36'/>
	<frames value='26135'/>
	<gameDuration value='1633'/>

	<player>
		<unitScore value='13875'/>
		<killScore value='22800'/>
		<buildingScore value='3000'/>
		<razingScore value='5700'/>
		<mineralScore value='17618'/>
		<gasScore value='2232'/>
		<totalScore value='65225'/>
	</player>

	<enemy>
		<race value='Zerg'/>
		<unitScore value='10000'/>
		<unitScore value='10000'/>
		<killScore value='12700'/>
		<buildingScore value='1900'/>
		<razingScore value='0'/>
		<mineralScore value='9970'/>
		<gasScore value='2720'/>
		<totalScore value='37290'/>
	</enemy>

	<scoreRatio value='1.74913'/>
	<timeFitness value='0.773194'/>
	<unitsAverage value='72'/>
</results>
