<results>
	<result value='win'/>
	<start value='2015-05-03.00:32:17'/>
	<end value='2015-05-03.00:32:46'/>
	<frames value='22601'/>
	<gameDuration value='1412'/>

	<player>
		<unitScore value='12125'/>
		<killScore value='14730'/>
		<buildingScore value='2800'/>
		<razingScore value='5460'/>
		<mineralScore value='15570'/>
		<gasScore value='1536'/>
		<totalScore value='52221'/>
	</player>

	<enemy>
		<race value='Zerg'/>
		<unitScore value='7775'/>
		<unitScore value='7775'/>
		<killScore value='11350'/>
		<buildingScore value='1820'/>
		<razingScore value='0'/>
		<mineralScore value='8466'/>
		<gasScore value='2376'/>
		<totalScore value='31787'/>
	</enemy>

	<scoreRatio value='1.64284'/>
	<timeFitness value='0.803889'/>
	<unitsAverage value='63'/>
</results>
