<results>
	<result value='win'/>
	<start value='2015-05-03.00:39:01'/>
	<end value='2015-05-03.00:39:42'/>
	<frames value='26135'/>
	<gameDuration value='1633'/>

	<player>
		<unitScore value='16875'/>
		<killScore value='24570'/>
		<buildingScore value='4250'/>
		<razingScore value='5775'/>
		<mineralScore value='23210'/>
		<gasScore value='2568'/>
		<totalScore value='77248'/>
	</player>

	<enemy>
		<race value='Zerg'/>
		<unitScore value='11175'/>
		<unitScore value='11175'/>
		<killScore value='13700'/>
		<buildingScore value='1925'/>
		<razingScore value='0'/>
		<mineralScore value='10578'/>
		<gasScore value='3280'/>
		<totalScore value='40658'/>
	</enemy>

	<scoreRatio value='1.89995'/>
	<timeFitness value='0.773194'/>
	<unitsAverage value='86'/>
</results>
