<results>
	<result value='win'/>
	<start value='2015-05-03.00:44:39'/>
	<end value='2015-05-03.00:45:06'/>
	<frames value='21795'/>
	<gameDuration value='1362'/>

	<player>
		<unitScore value='9600'/>
		<killScore value='21070'/>
		<buildingScore value='2750'/>
		<razingScore value='4875'/>
		<mineralScore value='14106'/>
		<gasScore value='1368'/>
		<totalScore value='53769'/>
	</player>

	<enemy>
		<race value='Zerg'/>
		<unitScore value='9350'/>
		<unitScore value='9350'/>
		<killScore value='6100'/>
		<buildingScore value='1625'/>
		<razingScore value='0'/>
		<mineralScore value='8162'/>
		<gasScore value='2408'/>
		<totalScore value='27645'/>
	</enemy>

	<scoreRatio value='1.94498'/>
	<timeFitness value='0.810833'/>
	<unitsAverage value='61'/>
</results>
