<results>
	<result value='draw'/>
	<start value='2015-05-03.00:45:10'/>
	<end value='2015-05-03.00:48:29'/>
	<frames value='57601'/>
	<gameDuration value='3600'/>

	<player>
		<unitScore value='29225'/>
		<killScore value='39200'/>
		<buildingScore value='5425'/>
		<razingScore value='10395'/>
		<mineralScore value='43134'/>
		<gasScore value='8060'/>
		<totalScore value='135439'/>
	</player>

	<enemy>
		<race value='Zerg'/>
		<unitScore value='18825'/>
		<unitScore value='18825'/>
		<killScore value='33950'/>
		<buildingScore value='4090'/>
		<razingScore value='2175'/>
		<mineralScore value='19762'/>
		<gasScore value='7714'/>
		<totalScore value='86516'/>
	</enemy>

	<scoreRatio value='1.56548'/>
	<timeFitness value='0.5'/>
	<unitsAverage value='141'/>
</results>
