<results>
	<result value='win'/>
	<start value='2015-05-06.04:39:13'/>
	<end value='2015-05-06.04:39:40'/>
	<frames value='21423'/>
	<gameDuration value='1338'/>

	<player>
		<unitScore value='11125'/>
		<killScore value='13400'/>
		<buildingScore value='3250'/>
		<razingScore value='4425'/>
		<mineralScore value='16586'/>
		<gasScore value='1728'/>
		<totalScore value='50514'/>
	</player>

	<enemy>
		<race value='Terran'/>
		<unitScore value='6700'/>
		<unitScore value='6700'/>
		<killScore value='6550'/>
		<buildingScore value='1550'/>
		<razingScore value='300'/>
		<mineralScore value='9706'/>
		<gasScore value='2512'/>
		<totalScore value='27318'/>
	</enemy>

	<scoreRatio value='1.84911'/>
	<timeFitness value='0.814167'/>
	<unitsAverage value='64'/>
</results>
