<results>
	<result value='win'/>
	<start value='2015-05-06.04:44:56'/>
	<end value='2015-05-06.04:46:03'/>
	<frames value='37574'/>
	<gameDuration value='2348'/>

	<player>
		<unitScore value='22250'/>
		<killScore value='26050'/>
		<buildingScore value='4650'/>
		<razingScore value='8325'/>
		<mineralScore value='29386'/>
		<gasScore value='3720'/>
		<totalScore value='94381'/>
	</player>

	<enemy>
		<race value='Terran'/>
		<unitScore value='13025'/>
		<unitScore value='13025'/>
		<killScore value='22550'/>
		<buildingScore value='2950'/>
		<razingScore value='3525'/>
		<mineralScore value='12050'/>
		<gasScore value='5272'/>
		<totalScore value='59372'/>
	</enemy>

	<scoreRatio value='1.58966'/>
	<timeFitness value='0.673889'/>
	<unitsAverage value='90'/>
</results>
