<results>
	<result value='win'/>
	<start value='2015-05-06.05:17:15'/>
	<end value='2015-05-06.05:17:51'/>
	<frames value='24740'/>
	<gameDuration value='1546'/>

	<player>
		<unitScore value='13300'/>
		<killScore value='14800'/>
		<buildingScore value='3775'/>
		<razingScore value='6900'/>
		<mineralScore value='17670'/>
		<gasScore value='1960'/>
		<totalScore value='58405'/>
	</player>

	<enemy>
		<race value='Terran'/>
		<unitScore value='7400'/>
		<unitScore value='7400'/>
		<killScore value='8900'/>
		<buildingScore value='2300'/>
		<razingScore value='1500'/>
		<mineralScore value='9714'/>
		<gasScore value='2888'/>
		<totalScore value='32702'/>
	</enemy>

	<scoreRatio value='1.78598'/>
	<timeFitness value='0.785278'/>
	<unitsAverage value='72'/>
</results>
