<results>
	<result value='win'/>
	<start value='2015-05-02.18:18:56'/>
	<end value='2015-05-02.18:19:23'/>
	<frames value='30754'/>
	<gameDuration value='1922'/>

	<player>
		<unitScore value='19900'/>
		<killScore value='16050'/>
		<buildingScore value='4300'/>
		<razingScore value='18075'/>
		<mineralScore value='25778'/>
		<gasScore value='2312'/>
		<totalScore value='86415'/>
	</player>

	<enemy>
		<race value='Protoss'/>
		<unitScore value='8025'/>
		<unitScore value='8025'/>
		<killScore value='16550'/>
		<buildingScore value='6025'/>
		<razingScore value='1350'/>
		<mineralScore value='16250'/>
		<gasScore value='4320'/>
		<totalScore value='52520'/>
	</enemy>

	<scoreRatio value='1.64537'/>
	<timeFitness value='0.733056'/>
	<unitsAverage value='98'/>
</results>
