<results>
	<result value='win'/>
	<start value='2015-05-02.18:19:26'/>
	<end value='2015-05-02.18:19:50'/>
	<frames value='31963'/>
	<gameDuration value='1997'/>

	<player>
		<unitScore value='15500'/>
		<killScore value='22200'/>
		<buildingScore value='3000'/>
		<razingScore value='17400'/>
		<mineralScore value='18778'/>
		<gasScore value='3272'/>
		<totalScore value='80150'/>
	</player>

	<enemy>
		<race value='Protoss'/>
		<unitScore value='12100'/>
		<unitScore value='12100'/>
		<killScore value='16100'/>
		<buildingScore value='5800'/>
		<razingScore value='300'/>
		<mineralScore value='14710'/>
		<gasScore value='4840'/>
		<totalScore value='53850'/>
	</enemy>

	<scoreRatio value='1.48839'/>
	<timeFitness value='0.722639'/>
	<unitsAverage value='77'/>
</results>
