<results>
	<result value='draw'/>
	<start value='2015-05-10.22:18:18'/>
	<end value='2015-05-10.22:19:42'/>
	<frames value='57601'/>
	<gameDuration value='3600'/>

	<player>
		<unitScore value='22775'/>
		<killScore value='26275'/>
		<buildingScore value='4075'/>
		<razingScore value='10620'/>
		<mineralScore value='26550'/>
		<gasScore value='6192'/>
		<totalScore value='96487'/>
	</player>

	<enemy>
		<race value='Zerg'/>
		<unitScore value='13050'/>
		<unitScore value='13050'/>
		<killScore value='25050'/>
		<buildingScore value='4140'/>
		<razingScore value='4350'/>
		<mineralScore value='15442'/>
		<gasScore value='5280'/>
		<totalScore value='67312'/>
	</enemy>

	<scoreRatio value='1.43343'/>
	<timeFitness value='0.5'/>
	<unitsAverage value='111'/>
</results>
