<results>
	<result value='loss'/>
	<start value='2015-07-21.10:01:22'/>
	<end value='2015-07-21.10:02:08'/>
	<frames value='30351'/>
	<gameDuration value='1896'/>

	<player>
		<unitScore value='20875'/>
		<killScore value='13400'/>
		<buildingScore value='3750'/>
		<razingScore value='0'/>
		<mineralScore value='26634'/>
		<gasScore value='3376'/>
		<totalScore value='68035'/>
	</player>

	<enemy>
		<race value='Zerg'/>
		<unitScore value='18425'/>
		<killScore value='41750'/>
		<buildingScore value='3700'/>
		<razingScore value='11250'/>
		<mineralScore value='18862'/>
		<gasScore value='5512'/>
		<totalScore value='99499'/>
	</enemy>

	<scoreRatio value='0.683776'/>
	<timeFitness value='0.263333'/>
	<unitsAverage value='82'/>
</results>
