<results>
	<result value='loss'/>
	<start value='2015-07-21.10:03:13'/>
	<end value='2015-07-21.10:03:52'/>
	<frames value='32242'/>
	<gameDuration value='2015'/>

	<player>
		<unitScore value='17175'/>
		<killScore value='12010'/>
		<buildingScore value='4500'/>
		<razingScore value='900'/>
		<mineralScore value='20050'/>
		<gasScore value='2304'/>
		<totalScore value='56939'/>
	</player>

	<enemy>
		<race value='Zerg'/>
		<unitScore value='10950'/>
		<killScore value='34350'/>
		<buildingScore value='3240'/>
		<razingScore value='13500'/>
		<mineralScore value='13770'/>
		<gasScore value='4200'/>
		<totalScore value='80010'/>
	</enemy>

	<scoreRatio value='0.711649'/>
	<timeFitness value='0.279861'/>
	<unitsAverage value='58'/>
</results>
