<results>
	<result value='win'/>
	<start value='2015-05-10.16:35:32'/>
	<end value='2015-05-10.16:36:04'/>
	<frames value='29855'/>
	<gameDuration value='1865'/>

	<player>
		<unitScore value='15675'/>
		<killScore value='19240'/>
		<buildingScore value='4750'/>
		<razingScore value='6855'/>
		<mineralScore value='24954'/>
		<gasScore value='2944'/>
		<totalScore value='74418'/>
	</player>

	<enemy>
		<race value='Zerg'/>
		<unitScore value='9175'/>
		<unitScore value='9175'/>
		<killScore value='11700'/>
		<buildingScore value='2285'/>
		<razingScore value='0'/>
		<mineralScore value='9506'/>
		<gasScore value='2696'/>
		<totalScore value='35362'/>
	</enemy>

	<scoreRatio value='2.10446'/>
	<timeFitness value='0.740972'/>
	<unitsAverage value='95'/>
</results>
