<results>
	<result value='loss'/>
	<start value='2015-07-14.03:09:28'/>
	<end value='2015-07-14.03:10:36'/>
	<frames value='47928'/>
	<gameDuration value='2995'/>

	<player>
		<unitScore value='21000'/>
		<killScore value='22200'/>
		<buildingScore value='3500'/>
		<razingScore value='1800'/>
		<mineralScore value='26394'/>
		<gasScore value='4424'/>
		<totalScore value='79318'/>
	</player>

	<enemy>
		<race value='Protoss'/>
		<unitScore value='16600'/>
		<killScore value='41450'/>
		<buildingScore value='5175'/>
		<razingScore value='10500'/>
		<mineralScore value='26590'/>
		<gasScore value='13958'/>
		<totalScore value='114273'/>
	</enemy>

	<scoreRatio value='0.69411'/>
	<timeFitness value='0.415972'/>
	<unitsAverage value='69'/>
</results>
