<results>
	<result value='win'/>
	<start value='2015-04-14.02:23:47'/>
	<end value='2015-04-14.02:24:31'/>
	<frames value='26414'/>
	<gameDuration value='1650'/>

	<player>
		<unitScore value='14450'/>
		<killScore value='15100'/>
		<buildingScore value='3625'/>
		<razingScore value='14325'/>
		<mineralScore value='19786'/>
		<gasScore value='2792'/>
		<totalScore value='70078'/>
	</player>

	<enemy>
		<race value='Protoss'/>
		<unitScore value='7900'/>
		<unitScore value='7900'/>
		<killScore value='10500'/>
		<buildingScore value='4775'/>
		<razingScore value='150'/>
		<mineralScore value='11734'/>
		<gasScore value='3000'/>
		<totalScore value='38059'/>
	</enemy>

	<scoreRatio value='1.8413'/>
</results>
