<results>
	<result value='loss'/>
	<start value='2015-04-14.02:30:50'/>
	<end value='2015-04-14.02:32:35'/>
	<frames value='50377'/>
	<gameDuration value='3148'/>

	<player>
		<unitScore value='29725'/>
		<killScore value='33900'/>
		<buildingScore value='3975'/>
		<razingScore value='6150'/>
		<mineralScore value='31870'/>
		<gasScore value='4672'/>
		<totalScore value='110292'/>
	</player>

	<enemy>
		<race value='Protoss'/>
		<unitScore value='30050'/>
		<unitScore value='30050'/>
		<killScore value='59450'/>
		<buildingScore value='8175'/>
		<razingScore value='11925'/>
		<mineralScore value='31010'/>
		<gasScore value='9042'/>
		<totalScore value='149652'/>
	</enemy>

	<scoreRatio value='0.73699'/>
</results>
