<results>
	<result value='win'/>
	<start value='2014-07-22.23:31:33'/>
	<end value='2014-07-22.23:32:14'/>
	<frames value='33730'/>
	<gameDuration value='2108'/>

	<player>
		<unitScore value='20500'/>
		<killScore value='33365'/>
		<buildingScore value='3575'/>
		<razingScore value='10620'/>
		<mineralScore value='30802'/>
		<gasScore value='2712'/>
		<totalScore value='101574'/>
	</player>

	<enemy>
		<race value='Zerg'/>
		<unitScore value='16700'/>
		<unitScore value='16700'/>
		<killScore value='19350'/>
		<buildingScore value='3540'/>
		<razingScore value='150'/>
		<mineralScore value='16762'/>
		<gasScore value='5464'/>
		<totalScore value='61966'/>
	</enemy>

	<scoreRatio value='1.63919'/>
</results>
