<results>
	<result value='win'/>
	<start value='2014-07-05.14:33:06'/>
	<end value='2014-07-05.14:33:42'/>
	<frames value='35683'/>
	<gameDuration value='2230'/>

	<player>
		<unitScore value='21925'/>
		<killScore value='55290'/>
		<buildingScore value='4850'/>
		<razingScore value='6495'/>
		<mineralScore value='32602'/>
		<gasScore value='2520'/>
		<totalScore value='123682'/>
	</player>

	<enemy>
		<race value='Zerg'/>
		<unitScore value='23125'/>
		<unitScore value='23125'/>
		<killScore value='18450'/>
		<buildingScore value='2165'/>
		<razingScore value='2175'/>
		<mineralScore value='18634'/>
		<gasScore value='6234'/>
		<totalScore value='70783'/>
	</enemy>

	<scoreRatio value='1.74734'/>
</results>
