<results>
	<result value='loss'/>
	<start value='2015-05-02.11:35:57'/>
	<end value='2015-05-02.11:37:02'/>
	<frames value='52640'/>
	<gameDuration value='3290'/>

	<player>
		<unitScore value='21650'/>
		<killScore value='44230'/>
		<buildingScore value='3200'/>
		<razingScore value='150'/>
		<mineralScore value='24262'/>
		<gasScore value='5278'/>
		<totalScore value='98770'/>
	</player>

	<enemy>
		<race value='Protoss'/>
		<unitScore value='39055'/>
		<unitScore value='39055'/>
		<killScore value='43300'/>
		<buildingScore value='9000'/>
		<razingScore value='9600'/>
		<mineralScore value='37018'/>
		<gasScore value='13164'/>
		<totalScore value='151137'/>
	</enemy>

	<scoreRatio value='0.653513'/>
	<timeFitness value='0.456944'/>
	<unitsAverage value='80'/>
</results>
