<results>
	<result value='loss'/>
	<start value='2014-07-23.00:59:56'/>
	<end value='2014-07-23.01:00:02'/>
	<frames value='14169'/>
	<gameDuration value='885'/>

	<player>
		<unitScore value='2600'/>
		<killScore value='1000'/>
		<buildingScore value='1550'/>
		<razingScore value='0'/>
		<mineralScore value='4242'/>
		<gasScore value='568'/>
		<totalScore value='9960'/>
	</player>

	<enemy>
		<race value='Protoss'/>
		<unitScore value='3550'/>
		<unitScore value='3550'/>
		<killScore value='5200'/>
		<buildingScore value='2375'/>
		<razingScore value='4650'/>
		<mineralScore value='7250'/>
		<gasScore value='1200'/>
		<totalScore value='24225'/>
	</enemy>

	<scoreRatio value='0.411146'/>
</results>
