<results>
	<result value='loss'/>
	<start value='2015-05-04.21:42:16'/>
	<end value='2015-05-04.21:42:30'/>
	<frames value='16866'/>
	<gameDuration value='1054'/>

	<player>
		<unitScore value='3625'/>
		<killScore value='1800'/>
		<buildingScore value='1475'/>
		<razingScore value='0'/>
		<mineralScore value='5186'/>
		<gasScore value='1104'/>
		<totalScore value='13190'/>
	</player>

	<enemy>
		<race value='Protoss'/>
		<unitScore value='3550'/>
		<unitScore value='3550'/>
		<killScore value='7250'/>
		<buildingScore value='4025'/>
		<razingScore value='4425'/>
		<mineralScore value='9066'/>
		<gasScore value='1632'/>
		<totalScore value='29948'/>
	</enemy>

	<scoreRatio value='0.44043'/>
	<timeFitness value='0.146389'/>
	<unitsAverage value='23'/>
</results>
