<results>
	<result value='loss'/>
	<start value='2015-05-10.05:29:24'/>
	<end value='2015-05-10.05:29:32'/>
	<frames value='15905'/>
	<gameDuration value='994'/>

	<player>
		<unitScore value='3225'/>
		<killScore value='1200'/>
		<buildingScore value='1750'/>
		<razingScore value='0'/>
		<mineralScore value='4818'/>
		<gasScore value='528'/>
		<totalScore value='11521'/>
	</player>

	<enemy>
		<race value='Protoss'/>
		<unitScore value='3600'/>
		<unitScore value='3600'/>
		<killScore value='6450'/>
		<buildingScore value='3275'/>
		<razingScore value='5250'/>
		<mineralScore value='8234'/>
		<gasScore value='1304'/>
		<totalScore value='28113'/>
	</enemy>

	<scoreRatio value='0.40981'/>
	<timeFitness value='0.138056'/>
	<unitsAverage value='22'/>
</results>
