<results>
	<result value='win'/>
	<start value='2015-05-10.05:29:34'/>
	<end value='2015-05-10.05:30:13'/>
	<frames value='32459'/>
	<gameDuration value='2028'/>

	<player>
		<unitScore value='22350'/>
		<killScore value='19700'/>
		<buildingScore value='4175'/>
		<razingScore value='15375'/>
		<mineralScore value='28078'/>
		<gasScore value='2856'/>
		<totalScore value='92534'/>
	</player>

	<enemy>
		<race value='Protoss'/>
		<unitScore value='9850'/>
		<unitScore value='9850'/>
		<killScore value='22200'/>
		<buildingScore value='5125'/>
		<razingScore value='0'/>
		<mineralScore value='24402'/>
		<gasScore value='1176'/>
		<totalScore value='62753'/>
	</enemy>

	<scoreRatio value='1.47457'/>
	<timeFitness value='0.718333'/>
	<unitsAverage value='101'/>
</results>
