<results>
	<result value='win'/>
	<start value='2014-07-06.05:03:09'/>
	<end value='2014-07-06.05:03:49'/>
	<frames value='47587'/>
	<gameDuration value='2974'/>

	<player>
		<unitScore value='22275'/>
		<killScore value='41450'/>
		<buildingScore value='2250'/>
		<razingScore value='26625'/>
		<mineralScore value='24850'/>
		<gasScore value='888'/>
		<totalScore value='118338'/>
	</player>

	<enemy>
		<race value='Protoss'/>
		<unitScore value='22050'/>
		<unitScore value='22050'/>
		<killScore value='33050'/>
		<buildingScore value='8875'/>
		<razingScore value='525'/>
		<mineralScore value='25210'/>
		<gasScore value='7696'/>
		<totalScore value='97406'/>
	</enemy>

	<scoreRatio value='1.21489'/>
</results>
