<results>
	<result value='loss'/>
	<start value='2014-07-06.05:06:01'/>
	<end value='2014-07-06.05:06:09'/>
	<frames value='15905'/>
	<gameDuration value='994'/>

	<player>
		<unitScore value='3975'/>
		<killScore value='1000'/>
		<buildingScore value='1475'/>
		<razingScore value='0'/>
		<mineralScore value='5554'/>
		<gasScore value='856'/>
		<totalScore value='12860'/>
	</player>

	<enemy>
		<race value='Protoss'/>
		<unitScore value='4225'/>
		<unitScore value='4225'/>
		<killScore value='6950'/>
		<buildingScore value='3125'/>
		<razingScore value='4425'/>
		<mineralScore value='8082'/>
		<gasScore value='1944'/>
		<totalScore value='28751'/>
	</enemy>

	<scoreRatio value='0.447289'/>
</results>
