<results>
	<result value='loss'/>
	<start value='2015-07-14.21:48:26'/>
	<end value='2015-07-14.21:48:33'/>
	<frames value='17021'/>
	<gameDuration value='1063'/>

	<player>
		<unitScore value='4650'/>
		<killScore value='1500'/>
		<buildingScore value='1525'/>
		<razingScore value='0'/>
		<mineralScore value='5690'/>
		<gasScore value='744'/>
		<totalScore value='14109'/>
	</player>

	<enemy>
		<race value='Protoss'/>
		<unitScore value='3650'/>
		<killScore value='8750'/>
		<buildingScore value='4025'/>
		<razingScore value='4575'/>
		<mineralScore value='8770'/>
		<gasScore value='1792'/>
		<totalScore value='31562'/>
	</enemy>

	<scoreRatio value='0.447025'/>
	<timeFitness value='0.147639'/>
	<unitsAverage value='24'/>
</results>
