<results>
	<result value='win'/>
	<start value='2015-05-04.02:51:57'/>
	<end value='2015-05-04.02:52:40'/>
	<frames value='29359'/>
	<gameDuration value='1834'/>

	<player>
		<unitScore value='20425'/>
		<killScore value='40175'/>
		<buildingScore value='4225'/>
		<razingScore value='5280'/>
		<mineralScore value='29418'/>
		<gasScore value='2992'/>
		<totalScore value='102515'/>
	</player>

	<enemy>
		<race value='Zerg'/>
		<unitScore value='16375'/>
		<unitScore value='16375'/>
		<killScore value='17550'/>
		<buildingScore value='1760'/>
		<razingScore value='0'/>
		<mineralScore value='14306'/>
		<gasScore value='4208'/>
		<totalScore value='54199'/>
	</enemy>

	<scoreRatio value='1.89146'/>
	<timeFitness value='0.745278'/>
	<unitsAverage value='111'/>
</results>
