<results>
	<result value='win'/>
	<start value='2015-05-04.03:05:19'/>
	<end value='2015-05-04.03:06:03'/>
	<frames value='27499'/>
	<gameDuration value='1718'/>

	<player>
		<unitScore value='17550'/>
		<killScore value='23350'/>
		<buildingScore value='4275'/>
		<razingScore value='5235'/>
		<mineralScore value='34242'/>
		<gasScore value='1776'/>
		<totalScore value='86428'/>
	</player>

	<enemy>
		<race value='Zerg'/>
		<unitScore value='11300'/>
		<unitScore value='11300'/>
		<killScore value='13350'/>
		<buildingScore value='1745'/>
		<razingScore value='150'/>
		<mineralScore value='10610'/>
		<gasScore value='4232'/>
		<totalScore value='41387'/>
	</enemy>

	<scoreRatio value='2.08829'/>
	<timeFitness value='0.761389'/>
	<unitsAverage value='121'/>
</results>
