<results>
	<result value='win'/>
	<start value='2015-05-04.03:15:45'/>
	<end value='2015-05-04.03:16:20'/>
	<frames value='26228'/>
	<gameDuration value='1639'/>

	<player>
		<unitScore value='15900'/>
		<killScore value='24510'/>
		<buildingScore value='4725'/>
		<razingScore value='4680'/>
		<mineralScore value='24638'/>
		<gasScore value='2440'/>
		<totalScore value='76893'/>
	</player>

	<enemy>
		<race value='Zerg'/>
		<unitScore value='10875'/>
		<unitScore value='10875'/>
		<killScore value='10600'/>
		<buildingScore value='1560'/>
		<razingScore value='0'/>
		<mineralScore value='10170'/>
		<gasScore value='2872'/>
		<totalScore value='36077'/>
	</enemy>

	<scoreRatio value='2.13136'/>
	<timeFitness value='0.772361'/>
	<unitsAverage value='98'/>
</results>
