<results>
	<result value='win'/>
	<start value='2014-07-24.02:49:26'/>
	<end value='2014-07-24.02:49:41'/>
	<frames value='24399'/>
	<gameDuration value='1524'/>

	<player>
		<unitScore value='7875'/>
		<killScore value='12400'/>
		<buildingScore value='2850'/>
		<razingScore value='8475'/>
		<mineralScore value='11258'/>
		<gasScore value='1240'/>
		<totalScore value='44098'/>
	</player>

	<enemy>
		<race value='Terran'/>
		<unitScore value='6600'/>
		<unitScore value='6600'/>
		<killScore value='9200'/>
		<buildingScore value='2825'/>
		<razingScore value='4200'/>
		<mineralScore value='8666'/>
		<gasScore value='3088'/>
		<totalScore value='34579'/>
	</enemy>

	<scoreRatio value='1.27528'/>
</results>
