<results>
	<result value='loss'/>
	<start value='2015-03-27.14:41:53'/>
	<end value='2015-03-27.14:42:44'/>
	<frames value='56267'/>
	<gameDuration value='3516'/>

	<player>
		<unitScore value='23300'/>
		<killScore value='53800'/>
		<buildingScore value='3125'/>
		<razingScore value='4650'/>
		<mineralScore value='24682'/>
		<gasScore value='5732'/>
		<totalScore value='115289'/>
	</player>

	<enemy>
		<race value='Protoss'/>
		<unitScore value='42725'/>
		<unitScore value='42725'/>
		<killScore value='46600'/>
		<buildingScore value='7625'/>
		<razingScore value='9375'/>
		<mineralScore value='36918'/>
		<gasScore value='11364'/>
		<totalScore value='154607'/>
	</enemy>

	<scoreRatio value='0.745691'/>
</results>
