<results>
	<result value='loss'/>
	<start value='2015-03-27.14:43:35'/>
	<end value='2015-03-27.14:43:53'/>
	<frames value='30630'/>
	<gameDuration value='1914'/>

	<player>
		<unitScore value='7100'/>
		<killScore value='3800'/>
		<buildingScore value='2275'/>
		<razingScore value='0'/>
		<mineralScore value='11574'/>
		<gasScore value='976'/>
		<totalScore value='25725'/>
	</player>

	<enemy>
		<race value='Protoss'/>
		<unitScore value='15275'/>
		<unitScore value='15275'/>
		<killScore value='14100'/>
		<buildingScore value='6925'/>
		<razingScore value='6825'/>
		<mineralScore value='19314'/>
		<gasScore value='7920'/>
		<totalScore value='70359'/>
	</enemy>

	<scoreRatio value='0.365625'/>
</results>
