<results>
	<result value='win'/>
	<start value='2015-04-08.01:31:42'/>
	<end value='2015-04-08.01:32:06'/>
	<frames value='28615'/>
	<gameDuration value='1788'/>

	<player>
		<unitScore value='12425'/>
		<killScore value='13950'/>
		<buildingScore value='2425'/>
		<razingScore value='11175'/>
		<mineralScore value='17562'/>
		<gasScore value='1944'/>
		<totalScore value='59481'/>
	</player>

	<enemy>
		<race value='Protoss'/>
		<unitScore value='7325'/>
		<unitScore value='7325'/>
		<killScore value='7950'/>
		<buildingScore value='3725'/>
		<razingScore value='150'/>
		<mineralScore value='10434'/>
		<gasScore value='1512'/>
		<totalScore value='31096'/>
	</enemy>

	<scoreRatio value='1.91282'/>
</results>
