<results>
	<result value='win'/>
	<start value='2015-04-09.03:31:32'/>
	<end value='2015-04-09.03:32:21'/>
	<frames value='40333'/>
	<gameDuration value='2520'/>

	<player>
		<unitScore value='25425'/>
		<killScore value='31350'/>
		<buildingScore value='4700'/>
		<razingScore value='18600'/>
		<mineralScore value='31454'/>
		<gasScore value='4336'/>
		<totalScore value='115865'/>
	</player>

	<enemy>
		<race value='Protoss'/>
		<unitScore value='16250'/>
		<unitScore value='16250'/>
		<killScore value='25900'/>
		<buildingScore value='6200'/>
		<razingScore value='300'/>
		<mineralScore value='18686'/>
		<gasScore value='4768'/>
		<totalScore value='72104'/>
	</enemy>

	<scoreRatio value='1.60691'/>
</results>
