<results>
	<result value='loss'/>
	<start value='2015-05-01.09:27:19'/>
	<end value='2015-05-01.09:28:14'/>
	<frames value='48610'/>
	<gameDuration value='3038'/>

	<player>
		<unitScore value='22100'/>
		<killScore value='37850'/>
		<buildingScore value='2775'/>
		<razingScore value='300'/>
		<mineralScore value='24042'/>
		<gasScore value='3664'/>
		<totalScore value='90731'/>
	</player>

	<enemy>
		<race value='Protoss'/>
		<unitScore value='40175'/>
		<unitScore value='40175'/>
		<killScore value='44200'/>
		<buildingScore value='7625'/>
		<razingScore value='8325'/>
		<mineralScore value='33654'/>
		<gasScore value='13474'/>
		<totalScore value='147453'/>
	</enemy>

	<scoreRatio value='0.615322'/>
</results>
