<results>
	<result value='loss'/>
	<start value='2015-05-01.09:30:14'/>
	<end value='2015-05-01.09:31:05'/>
	<frames value='48207'/>
	<gameDuration value='3012'/>

	<player>
		<unitScore value='23700'/>
		<killScore value='43450'/>
		<buildingScore value='3125'/>
		<razingScore value='2250'/>
		<mineralScore value='23994'/>
		<gasScore value='3696'/>
		<totalScore value='100215'/>
	</player>

	<enemy>
		<race value='Protoss'/>
		<unitScore value='39500'/>
		<unitScore value='39500'/>
		<killScore value='47750'/>
		<buildingScore value='7875'/>
		<razingScore value='9375'/>
		<mineralScore value='33054'/>
		<gasScore value='12278'/>
		<totalScore value='149832'/>
	</enemy>

	<scoreRatio value='0.668849'/>
</results>
