<results>
	<result value='loss'/>
	<start value='2015-05-01.09:32:39'/>
	<end value='2015-05-01.09:33:15'/>
	<frames value='39341'/>
	<gameDuration value='2458'/>

	<player>
		<unitScore value='15850'/>
		<killScore value='18000'/>
		<buildingScore value='2475'/>
		<razingScore value='1350'/>
		<mineralScore value='20698'/>
		<gasScore value='3528'/>
		<totalScore value='61901'/>
	</player>

	<enemy>
		<race value='Protoss'/>
		<unitScore value='24725'/>
		<unitScore value='24725'/>
		<killScore value='31700'/>
		<buildingScore value='7425'/>
		<razingScore value='7425'/>
		<mineralScore value='27778'/>
		<gasScore value='9720'/>
		<totalScore value='108773'/>
	</enemy>

	<scoreRatio value='0.569084'/>
</results>
