<results>
	<result value='win'/>
	<start value='2015-05-01.09:35:00'/>
	<end value='2015-05-01.09:35:42'/>
	<frames value='31374'/>
	<gameDuration value='1960'/>

	<player>
		<unitScore value='17250'/>
		<killScore value='18600'/>
		<buildingScore value='4225'/>
		<razingScore value='16950'/>
		<mineralScore value='23978'/>
		<gasScore value='2000'/>
		<totalScore value='83003'/>
	</player>

	<enemy>
		<race value='Protoss'/>
		<unitScore value='9300'/>
		<unitScore value='9300'/>
		<killScore value='15550'/>
		<buildingScore value='5650'/>
		<razingScore value='1500'/>
		<mineralScore value='12990'/>
		<gasScore value='2856'/>
		<totalScore value='47846'/>
	</enemy>

	<scoreRatio value='1.73479'/>
</results>
