<results>
	<result value='loss'/>
	<start value='2015-05-01.09:35:45'/>
	<end value='2015-05-01.09:36:43'/>
	<frames value='49106'/>
	<gameDuration value='3069'/>

	<player>
		<unitScore value='24325'/>
		<killScore value='40850'/>
		<buildingScore value='2625'/>
		<razingScore value='300'/>
		<mineralScore value='23986'/>
		<gasScore value='5186'/>
		<totalScore value='97272'/>
	</player>

	<enemy>
		<race value='Protoss'/>
		<unitScore value='41400'/>
		<unitScore value='41400'/>
		<killScore value='48650'/>
		<buildingScore value='7575'/>
		<razingScore value='7875'/>
		<mineralScore value='34662'/>
		<gasScore value='13680'/>
		<totalScore value='153842'/>
	</enemy>

	<scoreRatio value='0.632285'/>
</results>
