<results>
	<result value='loss'/>
	<start value='2015-05-09.11:01:49'/>
	<end value='2015-05-09.11:01:57'/>
	<frames value='17486'/>
	<gameDuration value='1092'/>

	<player>
		<unitScore value='3550'/>
		<killScore value='700'/>
		<buildingScore value='1425'/>
		<razingScore value='0'/>
		<mineralScore value='5370'/>
		<gasScore value='624'/>
		<totalScore value='11669'/>
	</player>

	<enemy>
		<race value='Terran'/>
		<unitScore value='6350'/>
		<unitScore value='6350'/>
		<killScore value='7100'/>
		<buildingScore value='2700'/>
		<razingScore value='4275'/>
		<mineralScore value='7986'/>
		<gasScore value='2840'/>
		<totalScore value='31251'/>
	</enemy>

	<scoreRatio value='0.373396'/>
	<timeFitness value='0.151667'/>
	<unitsAverage value='23'/>
</results>
