<results>
	<result value='win'/>
	<start value='2015-05-04.08:55:57'/>
	<end value='2015-05-04.08:56:25'/>
	<frames value='28491'/>
	<gameDuration value='1780'/>

	<player>
		<unitScore value='15275'/>
		<killScore value='22500'/>
		<buildingScore value='5200'/>
		<razingScore value='8550'/>
		<mineralScore value='25154'/>
		<gasScore value='2736'/>
		<totalScore value='79415'/>
	</player>

	<enemy>
		<race value='Terran'/>
		<unitScore value='11250'/>
		<unitScore value='11250'/>
		<killScore value='8950'/>
		<buildingScore value='2850'/>
		<razingScore value='0'/>
		<mineralScore value='10442'/>
		<gasScore value='4000'/>
		<totalScore value='37492'/>
	</enemy>

	<scoreRatio value='2.11819'/>
	<timeFitness value='0.752778'/>
	<unitsAverage value='97'/>
</results>
