<results>
	<result value='win'/>
	<start value='2015-05-09.11:03:09'/>
	<end value='2015-05-09.11:03:35'/>
	<frames value='36086'/>
	<gameDuration value='2255'/>

	<player>
		<unitScore value='16650'/>
		<killScore value='32300'/>
		<buildingScore value='3125'/>
		<razingScore value='13425'/>
		<mineralScore value='20362'/>
		<gasScore value='3936'/>
		<totalScore value='89798'/>
	</player>

	<enemy>
		<race value='Terran'/>
		<unitScore value='19900'/>
		<unitScore value='19900'/>
		<killScore value='19300'/>
		<buildingScore value='4550'/>
		<razingScore value='2925'/>
		<mineralScore value='17618'/>
		<gasScore value='9744'/>
		<totalScore value='74037'/>
	</enemy>

	<scoreRatio value='1.21288'/>
	<timeFitness value='0.686806'/>
	<unitsAverage value='68'/>
</results>
