<results>
	<result value='win'/>
	<start value='2015-05-04.08:57:17'/>
	<end value='2015-05-04.08:57:31'/>
	<frames value='20338'/>
	<gameDuration value='1271'/>

	<player>
		<unitScore value='8850'/>
		<killScore value='13300'/>
		<buildingScore value='3275'/>
		<razingScore value='4650'/>
		<mineralScore value='15122'/>
		<gasScore value='2208'/>
		<totalScore value='47405'/>
	</player>

	<enemy>
		<race value='Terran'/>
		<unitScore value='6650'/>
		<unitScore value='6650'/>
		<killScore value='4350'/>
		<buildingScore value='1550'/>
		<razingScore value='300'/>
		<mineralScore value='8954'/>
		<gasScore value='2328'/>
		<totalScore value='24132'/>
	</enemy>

	<scoreRatio value='1.9644'/>
	<timeFitness value='0.823472'/>
	<unitsAverage value='60'/>
</results>
