<results>
	<result value='win'/>
	<start value='2015-05-09.11:09:08'/>
	<end value='2015-05-09.11:09:34'/>
	<frames value='35125'/>
	<gameDuration value='2195'/>

	<player>
		<unitScore value='17450'/>
		<killScore value='33050'/>
		<buildingScore value='4475'/>
		<razingScore value='13425'/>
		<mineralScore value='23538'/>
		<gasScore value='3504'/>
		<totalScore value='95442'/>
	</player>

	<enemy>
		<race value='Terran'/>
		<unitScore value='18425'/>
		<unitScore value='18425'/>
		<killScore value='17150'/>
		<buildingScore value='4475'/>
		<razingScore value='3300'/>
		<mineralScore value='16798'/>
		<gasScore value='7134'/>
		<totalScore value='67282'/>
	</enemy>

	<scoreRatio value='1.41854'/>
	<timeFitness value='0.695139'/>
	<unitsAverage value='72'/>
</results>
