<results>
	<result value='loss'/>
	<start value='2014-07-24.05:33:47'/>
	<end value='2014-07-24.05:34:02'/>
	<frames value='33823'/>
	<gameDuration value='2113'/>

	<player>
		<unitScore value='7350'/>
		<killScore value='9550'/>
		<buildingScore value='2100'/>
		<razingScore value='300'/>
		<mineralScore value='9114'/>
		<gasScore value='1288'/>
		<totalScore value='29702'/>
	</player>

	<enemy>
		<race value='Terran'/>
		<unitScore value='18575'/>
		<unitScore value='18575'/>
		<killScore value='14700'/>
		<buildingScore value='4875'/>
		<razingScore value='6300'/>
		<mineralScore value='19550'/>
		<gasScore value='8646'/>
		<totalScore value='72646'/>
	</enemy>

	<scoreRatio value='0.408859'/>
</results>
