<results>
	<result value='win'/>
	<start value='2015-04-29.18:27:10'/>
	<end value='2015-04-29.18:28:14'/>
	<frames value='36613'/>
	<gameDuration value='2288'/>

	<player>
		<unitScore value='28500'/>
		<killScore value='37650'/>
		<buildingScore value='4575'/>
		<razingScore value='18150'/>
		<mineralScore value='37602'/>
		<gasScore value='2656'/>
		<totalScore value='129133'/>
	</player>

	<enemy>
		<race value='Protoss'/>
		<unitScore value='19175'/>
		<unitScore value='19175'/>
		<killScore value='35200'/>
		<buildingScore value='6050'/>
		<razingScore value='0'/>
		<mineralScore value='21346'/>
		<gasScore value='6280'/>
		<totalScore value='88051'/>
	</enemy>

	<scoreRatio value='1.46657'/>
</results>
