<results>
	<result value='loss'/>
	<start value='2015-04-29.18:34:30'/>
	<end value='2015-04-29.18:34:56'/>
	<frames value='35621'/>
	<gameDuration value='2226'/>

	<player>
		<unitScore value='13300'/>
		<killScore value='10700'/>
		<buildingScore value='2100'/>
		<razingScore value='0'/>
		<mineralScore value='15978'/>
		<gasScore value='2768'/>
		<totalScore value='44846'/>
	</player>

	<enemy>
		<race value='Protoss'/>
		<unitScore value='22025'/>
		<unitScore value='22025'/>
		<killScore value='26600'/>
		<buildingScore value='7525'/>
		<razingScore value='6300'/>
		<mineralScore value='24314'/>
		<gasScore value='8526'/>
		<totalScore value='95290'/>
	</enemy>

	<scoreRatio value='0.470627'/>
</results>
