<results>
	<result value='loss'/>
	<start value='2014-07-23.00:43:40'/>
	<end value='2014-07-23.00:44:06'/>
	<frames value='35373'/>
	<gameDuration value='2210'/>

	<player>
		<unitScore value='11975'/>
		<killScore value='10750'/>
		<buildingScore value='1525'/>
		<razingScore value='1200'/>
		<mineralScore value='12258'/>
		<gasScore value='2416'/>
		<totalScore value='40124'/>
	</player>

	<enemy>
		<race value='Protoss'/>
		<unitScore value='20375'/>
		<unitScore value='20375'/>
		<killScore value='23850'/>
		<buildingScore value='7275'/>
		<razingScore value='4575'/>
		<mineralScore value='23498'/>
		<gasScore value='8656'/>
		<totalScore value='88229'/>
	</enemy>

	<scoreRatio value='0.454771'/>
</results>
