<results>
	<result value='loss'/>
	<start value='2015-04-14.15:18:53'/>
	<end value='2015-04-14.15:19:06'/>
	<frames value='29111'/>
	<gameDuration value='1819'/>

	<player>
		<unitScore value='5800'/>
		<killScore value='6700'/>
		<buildingScore value='1700'/>
		<razingScore value='0'/>
		<mineralScore value='8354'/>
		<gasScore value='488'/>
		<totalScore value='23042'/>
	</player>

	<enemy>
		<race value='Protoss'/>
		<unitScore value='13275'/>
		<unitScore value='13275'/>
		<killScore value='11600'/>
		<buildingScore value='6875'/>
		<razingScore value='4950'/>
		<mineralScore value='18418'/>
		<gasScore value='6448'/>
		<totalScore value='61566'/>
	</enemy>

	<scoreRatio value='0.374265'/>
</results>
