<results>
	<result value='win'/>
	<start value='2015-05-10.09:13:03'/>
	<end value='2015-05-10.09:13:39'/>
	<frames value='35869'/>
	<gameDuration value='2241'/>

	<player>
		<unitScore value='16725'/>
		<killScore value='16400'/>
		<buildingScore value='3500'/>
		<razingScore value='19275'/>
		<mineralScore value='21842'/>
		<gasScore value='3088'/>
		<totalScore value='80830'/>
	</player>

	<enemy>
		<race value='Protoss'/>
		<unitScore value='8200'/>
		<unitScore value='8200'/>
		<killScore value='17250'/>
		<buildingScore value='6425'/>
		<razingScore value='1350'/>
		<mineralScore value='16034'/>
		<gasScore value='3896'/>
		<totalScore value='53155'/>
	</enemy>

	<scoreRatio value='1.52065'/>
	<timeFitness value='0.68875'/>
	<unitsAverage value='78'/>
</results>
