<results>
	<result value='win'/>
	<start value='2015-05-10.09:22:35'/>
	<end value='2015-05-10.09:23:04'/>
	<frames value='29235'/>
	<gameDuration value='1827'/>

	<player>
		<unitScore value='15800'/>
		<killScore value='15950'/>
		<buildingScore value='4025'/>
		<razingScore value='17025'/>
		<mineralScore value='21738'/>
		<gasScore value='2304'/>
		<totalScore value='76842'/>
	</player>

	<enemy>
		<race value='Protoss'/>
		<unitScore value='7975'/>
		<unitScore value='7975'/>
		<killScore value='14000'/>
		<buildingScore value='5675'/>
		<razingScore value='1200'/>
		<mineralScore value='13242'/>
		<gasScore value='2528'/>
		<totalScore value='44620'/>
	</enemy>

	<scoreRatio value='1.72214'/>
	<timeFitness value='0.74625'/>
	<unitsAverage value='81'/>
</results>
