<results>
	<result value='loss'/>
	<start value='2015-05-10.09:25:06'/>
	<end value='2015-05-10.09:25:14'/>
	<frames value='15564'/>
	<gameDuration value='972'/>

	<player>
		<unitScore value='3025'/>
		<killScore value='2300'/>
		<buildingScore value='1550'/>
		<razingScore value='0'/>
		<mineralScore value='4882'/>
		<gasScore value='736'/>
		<totalScore value='12493'/>
	</player>

	<enemy>
		<race value='Protoss'/>
		<unitScore value='3850'/>
		<unitScore value='3850'/>
		<killScore value='6050'/>
		<buildingScore value='3075'/>
		<razingScore value='4650'/>
		<mineralScore value='7834'/>
		<gasScore value='1672'/>
		<totalScore value='27131'/>
	</enemy>

	<scoreRatio value='0.46047'/>
	<timeFitness value='0.135'/>
	<unitsAverage value='23'/>
</results>
