<results>
	<result value='win'/>
	<start value='2015-05-10.09:32:09'/>
	<end value='2015-05-10.09:33:23'/>
	<frames value='40457'/>
	<gameDuration value='2528'/>

	<player>
		<unitScore value='28500'/>
		<killScore value='29000'/>
		<buildingScore value='5450'/>
		<razingScore value='16950'/>
		<mineralScore value='41706'/>
		<gasScore value='4312'/>
		<totalScore value='125918'/>
	</player>

	<enemy>
		<race value='Protoss'/>
		<unitScore value='14850'/>
		<unitScore value='14850'/>
		<killScore value='33850'/>
		<buildingScore value='5650'/>
		<razingScore value='0'/>
		<mineralScore value='17650'/>
		<gasScore value='5144'/>
		<totalScore value='77144'/>
	</enemy>

	<scoreRatio value='1.63225'/>
	<timeFitness value='0.648889'/>
	<unitsAverage value='144'/>
</results>
