<results>
	<result value='win'/>
	<start value='2015-05-10.09:33:36'/>
	<end value='2015-05-10.09:34:07'/>
	<frames value='26693'/>
	<gameDuration value='1668'/>

	<player>
		<unitScore value='19150'/>
		<killScore value='16000'/>
		<buildingScore value='3725'/>
		<razingScore value='13425'/>
		<mineralScore value='24178'/>
		<gasScore value='2336'/>
		<totalScore value='78814'/>
	</player>

	<enemy>
		<race value='Protoss'/>
		<unitScore value='8100'/>
		<unitScore value='8100'/>
		<killScore value='20200'/>
		<buildingScore value='4475'/>
		<razingScore value='0'/>
		<mineralScore value='19690'/>
		<gasScore value='936'/>
		<totalScore value='53401'/>
	</enemy>

	<scoreRatio value='1.47589'/>
	<timeFitness value='0.768333'/>
	<unitsAverage value='95'/>
</results>
