<results>
	<result value='loss'/>
	<start value='2015-05-10.09:42:38'/>
	<end value='2015-05-10.09:42:48'/>
	<frames value='17641'/>
	<gameDuration value='1102'/>

	<player>
		<unitScore value='3100'/>
		<killScore value='800'/>
		<buildingScore value='1775'/>
		<razingScore value='0'/>
		<mineralScore value='5306'/>
		<gasScore value='792'/>
		<totalScore value='11773'/>
	</player>

	<enemy>
		<race value='Protoss'/>
		<unitScore value='3750'/>
		<unitScore value='3750'/>
		<killScore value='6100'/>
		<buildingScore value='4125'/>
		<razingScore value='5325'/>
		<mineralScore value='9698'/>
		<gasScore value='1776'/>
		<totalScore value='30774'/>
	</enemy>

	<scoreRatio value='0.382563'/>
	<timeFitness value='0.153056'/>
	<unitsAverage value='24'/>
</results>
