<results>
	<result value='draw'/>
	<start value='2015-05-09.05:31:23'/>
	<end value='2015-05-09.05:32:16'/>
	<frames value='57601'/>
	<gameDuration value='3600'/>

	<player>
		<unitScore value='21650'/>
		<killScore value='22350'/>
		<buildingScore value='3350'/>
		<razingScore value='225'/>
		<mineralScore value='25174'/>
		<gasScore value='6656'/>
		<totalScore value='79405'/>
	</player>

	<enemy>
		<race value='Terran'/>
		<unitScore value='28900'/>
		<unitScore value='28900'/>
		<killScore value='33400'/>
		<buildingScore value='4900'/>
		<razingScore value='2850'/>
		<mineralScore value='31298'/>
		<gasScore value='12200'/>
		<totalScore value='113548'/>
	</enemy>

	<scoreRatio value='0.699308'/>
	<timeFitness value='0.5'/>
	<unitsAverage value='85'/>
</results>
