<results>
	<result value='loss'/>
	<start value='2015-05-04.06:14:05'/>
	<end value='2015-05-04.06:14:26'/>
	<frames value='38721'/>
	<gameDuration value='2420'/>

	<player>
		<unitScore value='4250'/>
		<killScore value='3350'/>
		<buildingScore value='1775'/>
		<razingScore value='0'/>
		<mineralScore value='6186'/>
		<gasScore value='1000'/>
		<totalScore value='16561'/>
	</player>

	<enemy>
		<race value='Terran'/>
		<unitScore value='19650'/>
		<unitScore value='19650'/>
		<killScore value='8500'/>
		<buildingScore value='5425'/>
		<razingScore value='5325'/>
		<mineralScore value='20466'/>
		<gasScore value='11840'/>
		<totalScore value='71206'/>
	</enemy>

	<scoreRatio value='0.232579'/>
	<timeFitness value='0.336111'/>
	<unitsAverage value='21'/>
</results>
