<results>
	<result value='loss'/>
	<start value='2015-04-27.21:51:29'/>
	<end value='2015-04-27.21:51:34'/>
	<frames value='12371'/>
	<gameDuration value='773'/>

	<player>
		<unitScore value='1500'/>
		<killScore value='0'/>
		<buildingScore value='800'/>
		<razingScore value='0'/>
		<mineralScore value='4802'/>
		<gasScore value='0'/>
		<totalScore value='7102'/>
	</player>

	<enemy>
		<race value='Terran'/>
		<unitScore value='3300'/>
		<unitScore value='3300'/>
		<killScore value='3000'/>
		<buildingScore value='1450'/>
		<razingScore value='2400'/>
		<mineralScore value='5426'/>
		<gasScore value='1584'/>
		<totalScore value='17160'/>
	</enemy>

	<scoreRatio value='0.413869'/>
</results>
