<results>
	<result value='win'/>
	<start value='2015-04-27.21:55:20'/>
	<end value='2015-04-27.21:55:39'/>
	<frames value='26414'/>
	<gameDuration value='1650'/>

	<player>
		<unitScore value='14025'/>
		<killScore value='23800'/>
		<buildingScore value='3750'/>
		<razingScore value='8550'/>
		<mineralScore value='18194'/>
		<gasScore value='2448'/>
		<totalScore value='70767'/>
	</player>

	<enemy>
		<race value='Terran'/>
		<unitScore value='12600'/>
		<unitScore value='12600'/>
		<killScore value='10550'/>
		<buildingScore value='2850'/>
		<razingScore value='1500'/>
		<mineralScore value='11350'/>
		<gasScore value='4040'/>
		<totalScore value='42890'/>
	</enemy>

	<scoreRatio value='1.64997'/>
</results>
