<results>
	<result value='win'/>
	<start value='2015-05-17.02:05:59'/>
	<end value='2015-05-17.02:06:45'/>
	<frames value='26848'/>
	<gameDuration value='1678'/>

	<player>
		<unitScore value='18500'/>
		<killScore value='20890'/>
		<buildingScore value='3975'/>
		<razingScore value='5685'/>
		<mineralScore value='26642'/>
		<gasScore value='2032'/>
		<totalScore value='77724'/>
	</player>

	<enemy>
		<race value='Zerg'/>
		<unitScore value='9675'/>
		<unitScore value='9675'/>
		<killScore value='13400'/>
		<buildingScore value='1895'/>
		<razingScore value='0'/>
		<mineralScore value='9714'/>
		<gasScore value='3136'/>
		<totalScore value='37820'/>
	</enemy>

	<scoreRatio value='2.0551'/>
	<timeFitness value='0.766944'/>
	<unitsAverage value='104'/>
</results>
