<results>
	<result value='win'/>
	<start value='2015-05-17.02:06:50'/>
	<end value='2015-05-17.02:07:31'/>
	<frames value='26445'/>
	<gameDuration value='1652'/>

	<player>
		<unitScore value='18925'/>
		<killScore value='24310'/>
		<buildingScore value='3675'/>
		<razingScore value='6135'/>
		<mineralScore value='23914'/>
		<gasScore value='2584'/>
		<totalScore value='79543'/>
	</player>

	<enemy>
		<race value='Zerg'/>
		<unitScore value='11250'/>
		<unitScore value='11250'/>
		<killScore value='16500'/>
		<buildingScore value='2045'/>
		<razingScore value='0'/>
		<mineralScore value='11458'/>
		<gasScore value='3304'/>
		<totalScore value='44557'/>
	</enemy>

	<scoreRatio value='1.7852'/>
	<timeFitness value='0.770556'/>
	<unitsAverage value='96'/>
</results>
