<results>
	<result value='win'/>
	<start value='2015-05-17.02:19:34'/>
	<end value='2015-05-17.02:20:22'/>
	<frames value='27220'/>
	<gameDuration value='1701'/>

	<player>
		<unitScore value='17850'/>
		<killScore value='27020'/>
		<buildingScore value='4350'/>
		<razingScore value='4680'/>
		<mineralScore value='29234'/>
		<gasScore value='3128'/>
		<totalScore value='86262'/>
	</player>

	<enemy>
		<race value='Zerg'/>
		<unitScore value='11825'/>
		<unitScore value='11825'/>
		<killScore value='12100'/>
		<buildingScore value='1560'/>
		<razingScore value='0'/>
		<mineralScore value='10642'/>
		<gasScore value='3272'/>
		<totalScore value='39399'/>
	</enemy>

	<scoreRatio value='2.18945'/>
	<timeFitness value='0.76375'/>
	<unitsAverage value='107'/>
</results>
