<results>
	<result value='win'/>
	<start value='2015-05-03.16:43:15'/>
	<end value='2015-05-03.16:43:48'/>
	<frames value='27778'/>
	<gameDuration value='1736'/>

	<player>
		<unitScore value='21050'/>
		<killScore value='24550'/>
		<buildingScore value='4600'/>
		<razingScore value='5535'/>
		<mineralScore value='29674'/>
		<gasScore value='3248'/>
		<totalScore value='88657'/>
	</player>

	<enemy>
		<race value='Zerg'/>
		<unitScore value='10900'/>
		<unitScore value='10900'/>
		<killScore value='19050'/>
		<buildingScore value='1845'/>
		<razingScore value='0'/>
		<mineralScore value='10210'/>
		<gasScore value='3024'/>
		<totalScore value='45029'/>
	</enemy>

	<scoreRatio value='1.96889'/>
	<timeFitness value='0.758889'/>
	<unitsAverage value='112'/>
</results>
