<results>
	<result value='win'/>
	<start value='2015-07-13.01:34:02'/>
	<end value='2015-07-13.01:35:24'/>
	<frames value='48114'/>
	<gameDuration value='3007'/>

	<player>
		<unitScore value='40100'/>
		<killScore value='19850'/>
		<buildingScore value='4450'/>
		<razingScore value='12975'/>
		<mineralScore value='50514'/>
		<gasScore value='7532'/>
		<totalScore value='135421'/>
	</player>

	<enemy>
		<race value='Protoss'/>
		<unitScore value='9925'/>
		<killScore value='51950'/>
		<buildingScore value='4325'/>
		<razingScore value='300'/>
		<mineralScore value='12482'/>
		<gasScore value='5192'/>
		<totalScore value='84174'/>
	</enemy>

	<scoreRatio value='1.60882'/>
	<timeFitness value='0.582361'/>
	<unitsAverage value='126'/>
</results>
