<results>
	<result value='draw'/>
	<start value='2015-07-13.01:35:30'/>
	<end value='2015-07-13.01:37:14'/>
	<frames value='57601'/>
	<gameDuration value='3600'/>

	<player>
		<unitScore value='47725'/>
		<killScore value='30550'/>
		<buildingScore value='3775'/>
		<razingScore value='12450'/>
		<mineralScore value='43534'/>
		<gasScore value='10860'/>
		<totalScore value='148894'/>
	</player>

	<enemy>
		<race value='Protoss'/>
		<unitScore value='15725'/>
		<killScore value='63950'/>
		<buildingScore value='5250'/>
		<razingScore value='150'/>
		<mineralScore value='19502'/>
		<gasScore value='5696'/>
		<totalScore value='110273'/>
	</enemy>

	<scoreRatio value='1.35023'/>
	<timeFitness value='0.5'/>
	<unitsAverage value='121'/>
</results>
