<results>
	<result value='win'/>
	<start value='2014-07-11.22:37:26'/>
	<end value='2014-07-11.22:37:39'/>
	<frames value='19594'/>
	<gameDuration value='1224'/>

	<player>
		<unitScore value='9975'/>
		<killScore value='18045'/>
		<buildingScore value='2850'/>
		<razingScore value='3660'/>
		<mineralScore value='14210'/>
		<gasScore value='1632'/>
		<totalScore value='50372'/>
	</player>

	<enemy>
		<race value='Zerg'/>
		<unitScore value='8375'/>
		<unitScore value='8375'/>
		<killScore value='5100'/>
		<buildingScore value='1220'/>
		<razingScore value='0'/>
		<mineralScore value='8074'/>
		<gasScore value='2216'/>
		<totalScore value='24985'/>
	</enemy>

	<scoreRatio value='2.01609'/>
</results>
