<results>
	<result value='win'/>
	<start value='2015-05-03.12:17:03'/>
	<end value='2015-05-03.12:17:26'/>
	<frames value='24182'/>
	<gameDuration value='1511'/>

	<player>
		<unitScore value='12975'/>
		<killScore value='19920'/>
		<buildingScore value='3350'/>
		<razingScore value='5655'/>
		<mineralScore value='17698'/>
		<gasScore value='1440'/>
		<totalScore value='61038'/>
	</player>

	<enemy>
		<race value='Zerg'/>
		<unitScore value='10450'/>
		<unitScore value='10450'/>
		<killScore value='11700'/>
		<buildingScore value='1885'/>
		<razingScore value='0'/>
		<mineralScore value='9306'/>
		<gasScore value='2480'/>
		<totalScore value='35821'/>
	</enemy>

	<scoreRatio value='1.70397'/>
	<timeFitness value='0.790139'/>
	<unitsAverage value='70'/>
</results>
