<results>
	<result value='win'/>
	<start value='2015-05-10.23:20:51'/>
	<end value='2015-05-10.23:21:12'/>
	<frames value='24585'/>
	<gameDuration value='1536'/>

	<player>
		<unitScore value='13725'/>
		<killScore value='23350'/>
		<buildingScore value='2275'/>
		<razingScore value='4560'/>
		<mineralScore value='15586'/>
		<gasScore value='2392'/>
		<totalScore value='61888'/>
	</player>

	<enemy>
		<race value='Zerg'/>
		<unitScore value='10200'/>
		<unitScore value='10200'/>
		<killScore value='11400'/>
		<buildingScore value='1520'/>
		<razingScore value='0'/>
		<mineralScore value='9410'/>
		<gasScore value='2680'/>
		<totalScore value='35210'/>
	</enemy>

	<scoreRatio value='1.75768'/>
	<timeFitness value='0.786667'/>
	<unitsAverage value='70'/>
</results>
