<results>
	<result value='draw'/>
	<start value='2015-05-10.23:22:49'/>
	<end value='2015-05-10.23:24:44'/>
	<frames value='57601'/>
	<gameDuration value='3600'/>

	<player>
		<unitScore value='29800'/>
		<killScore value='39440'/>
		<buildingScore value='4875'/>
		<razingScore value='9795'/>
		<mineralScore value='33890'/>
		<gasScore value='5936'/>
		<totalScore value='123736'/>
	</player>

	<enemy>
		<race value='Zerg'/>
		<unitScore value='18675'/>
		<unitScore value='18675'/>
		<killScore value='27650'/>
		<buildingScore value='3985'/>
		<razingScore value='2475'/>
		<mineralScore value='19778'/>
		<gasScore value='6992'/>
		<totalScore value='79555'/>
	</enemy>

	<scoreRatio value='1.55535'/>
	<timeFitness value='0.5'/>
	<unitsAverage value='131'/>
</results>
