<results>
	<result value='win'/>
	<start value='2015-05-10.23:32:57'/>
	<end value='2015-05-10.23:34:18'/>
	<frames value='43092'/>
	<gameDuration value='2693'/>

	<player>
		<unitScore value='33475'/>
		<killScore value='54800'/>
		<buildingScore value='4700'/>
		<razingScore value='6855'/>
		<mineralScore value='38942'/>
		<gasScore value='2832'/>
		<totalScore value='141604'/>
	</player>

	<enemy>
		<race value='Zerg'/>
		<unitScore value='24600'/>
		<unitScore value='24600'/>
		<killScore value='39250'/>
		<buildingScore value='2285'/>
		<razingScore value='0'/>
		<mineralScore value='19146'/>
		<gasScore value='7180'/>
		<totalScore value='92461'/>
	</enemy>

	<scoreRatio value='1.5315'/>
	<timeFitness value='0.625972'/>
	<unitsAverage value='154'/>
</results>
