<results>
	<result value='loss'/>
	<start value='2014-07-04.06:38:35'/>
	<end value='2014-07-04.06:39:10'/>
	<frames value='46223'/>
	<gameDuration value='2888'/>

	<player>
		<unitScore value='20325'/>
		<killScore value='38800'/>
		<buildingScore value='2675'/>
		<razingScore value='300'/>
		<mineralScore value='23906'/>
		<gasScore value='4040'/>
		<totalScore value='90046'/>
	</player>

	<enemy>
		<race value='Protoss'/>
		<unitScore value='36550'/>
		<unitScore value='36550'/>
		<killScore value='40650'/>
		<buildingScore value='7575'/>
		<razingScore value='8025'/>
		<mineralScore value='32498'/>
		<gasScore value='12578'/>
		<totalScore value='137876'/>
	</enemy>

	<scoreRatio value='0.653094'/>
</results>
