<results>
	<result value='loss'/>
	<start value='2015-05-08.18:53:21'/>
	<end value='2015-05-08.18:53:29'/>
	<frames value='17517'/>
	<gameDuration value='1094'/>

	<player>
		<unitScore value='2700'/>
		<killScore value='1100'/>
		<buildingScore value='1300'/>
		<razingScore value='0'/>
		<mineralScore value='3914'/>
		<gasScore value='1080'/>
		<totalScore value='10094'/>
	</player>

	<enemy>
		<race value='Terran'/>
		<unitScore value='6400'/>
		<unitScore value='6400'/>
		<killScore value='5400'/>
		<buildingScore value='2700'/>
		<razingScore value='3900'/>
		<mineralScore value='8082'/>
		<gasScore value='2552'/>
		<totalScore value='29034'/>
	</enemy>

	<scoreRatio value='0.347661'/>
	<timeFitness value='0.151944'/>
	<unitsAverage value='18'/>
</results>
