<results>
	<result value='win'/>
	<start value='2015-04-15.00:33:19'/>
	<end value='2015-04-15.00:33:53'/>
	<frames value='36179'/>
	<gameDuration value='2261'/>

	<player>
		<unitScore value='21300'/>
		<killScore value='20850'/>
		<buildingScore value='3900'/>
		<razingScore value='22125'/>
		<mineralScore value='26714'/>
		<gasScore value='3168'/>
		<totalScore value='98057'/>
	</player>

	<enemy>
		<race value='Protoss'/>
		<unitScore value='11075'/>
		<unitScore value='11075'/>
		<killScore value='21950'/>
		<buildingScore value='7375'/>
		<razingScore value='300'/>
		<mineralScore value='21718'/>
		<gasScore value='5432'/>
		<totalScore value='67850'/>
	</enemy>

	<scoreRatio value='1.4452'/>
</results>
