<results>
	<result value='loss'/>
	<start value='2015-04-11.19:58:50'/>
	<end value='2015-04-11.19:59:07'/>
	<frames value='18323'/>
	<gameDuration value='1145'/>

	<player>
		<unitScore value='4025'/>
		<killScore value='4900'/>
		<buildingScore value='2025'/>
		<razingScore value='0'/>
		<mineralScore value='6354'/>
		<gasScore value='1104'/>
		<totalScore value='18408'/>
	</player>

	<enemy>
		<race value='Protoss'/>
		<unitScore value='4550'/>
		<unitScore value='4550'/>
		<killScore value='7950'/>
		<buildingScore value='3475'/>
		<razingScore value='6075'/>
		<mineralScore value='9578'/>
		<gasScore value='1728'/>
		<totalScore value='33356'/>
	</enemy>

	<scoreRatio value='0.551865'/>
</results>
