<results>
	<result value='loss'/>
	<start value='2015-04-11.20:00:17'/>
	<end value='2015-04-11.20:00:49'/>
	<frames value='29886'/>
	<gameDuration value='1867'/>

	<player>
		<unitScore value='9325'/>
		<killScore value='4600'/>
		<buildingScore value='2275'/>
		<razingScore value='0'/>
		<mineralScore value='13766'/>
		<gasScore value='480'/>
		<totalScore value='30446'/>
	</player>

	<enemy>
		<race value='Protoss'/>
		<unitScore value='14625'/>
		<unitScore value='14625'/>
		<killScore value='18650'/>
		<buildingScore value='6675'/>
		<razingScore value='6825'/>
		<mineralScore value='20170'/>
		<gasScore value='6752'/>
		<totalScore value='73697'/>
	</enemy>

	<scoreRatio value='0.413124'/>
</results>
