<results>
	<result value='loss'/>
	<start value='2015-04-11.20:01:33'/>
	<end value='2015-04-11.20:01:46'/>
	<frames value='14665'/>
	<gameDuration value='916'/>

	<player>
		<unitScore value='3225'/>
		<killScore value='1100'/>
		<buildingScore value='1850'/>
		<razingScore value='0'/>
		<mineralScore value='5202'/>
		<gasScore value='552'/>
		<totalScore value='11929'/>
	</player>

	<enemy>
		<race value='Protoss'/>
		<unitScore value='3550'/>
		<unitScore value='3550'/>
		<killScore value='6450'/>
		<buildingScore value='2725'/>
		<razingScore value='5550'/>
		<mineralScore value='7170'/>
		<gasScore value='1472'/>
		<totalScore value='26917'/>
	</enemy>

	<scoreRatio value='0.443177'/>
</results>
