<results>
	<result value='loss'/>
	<start value='2015-07-14.01:38:37'/>
	<end value='2015-07-14.01:38:51'/>
	<frames value='18075'/>
	<gameDuration value='1129'/>

	<player>
		<unitScore value='4800'/>
		<killScore value='1700'/>
		<buildingScore value='1825'/>
		<razingScore value='0'/>
		<mineralScore value='6394'/>
		<gasScore value='888'/>
		<totalScore value='15607'/>
	</player>

	<enemy>
		<race value='Protoss'/>
		<unitScore value='3650'/>
		<killScore value='9500'/>
		<buildingScore value='4025'/>
		<razingScore value='5475'/>
		<mineralScore value='9730'/>
		<gasScore value='1736'/>
		<totalScore value='34116'/>
	</enemy>

	<scoreRatio value='0.457469'/>
	<timeFitness value='0.156806'/>
	<unitsAverage value='25'/>
</results>
