<results>
	<result value='loss'/>
	<start value='2015-07-14.01:55:46'/>
	<end value='2015-07-14.01:56:02'/>
	<frames value='20555'/>
	<gameDuration value='1284'/>

	<player>
		<unitScore value='6500'/>
		<killScore value='900'/>
		<buildingScore value='2200'/>
		<razingScore value='0'/>
		<mineralScore value='9370'/>
		<gasScore value='728'/>
		<totalScore value='19698'/>
	</player>

	<enemy>
		<race value='Protoss'/>
		<unitScore value='4850'/>
		<killScore value='12850'/>
		<buildingScore value='5375'/>
		<razingScore value='6600'/>
		<mineralScore value='11762'/>
		<gasScore value='2648'/>
		<totalScore value='44085'/>
	</enemy>

	<scoreRatio value='0.446819'/>
	<timeFitness value='0.178333'/>
	<unitsAverage value='31'/>
</results>
