<results>
	<result value='loss'/>
	<start value='2015-07-10.05:13:20'/>
	<end value='2015-07-10.05:13:36'/>
	<frames value='17827'/>
	<gameDuration value='1114'/>

	<player>
		<unitScore value='2850'/>
		<killScore value='800'/>
		<buildingScore value='1775'/>
		<razingScore value='0'/>
		<mineralScore value='4426'/>
		<gasScore value='848'/>
		<totalScore value='10699'/>
	</player>

	<enemy>
		<race value='Terran'/>
		<unitScore value='6825'/>
		<killScore value='5550'/>
		<buildingScore value='2700'/>
		<razingScore value='5325'/>
		<mineralScore value='8242'/>
		<gasScore value='2648'/>
		<totalScore value='31290'/>
	</enemy>

	<scoreRatio value='0.34193'/>
	<timeFitness value='0.154722'/>
	<unitsAverage value='22'/>
</results>
