<results>
	<result value='win'/>
	<start value='2015-07-10.05:13:45'/>
	<end value='2015-07-10.05:14:16'/>
	<frames value='22198'/>
	<gameDuration value='1387'/>

	<player>
		<unitScore value='8000'/>
		<killScore value='6550'/>
		<buildingScore value='3050'/>
		<razingScore value='3600'/>
		<mineralScore value='10234'/>
		<gasScore value='1320'/>
		<totalScore value='32754'/>
	</player>

	<enemy>
		<race value='Terran'/>
		<unitScore value='3275'/>
		<killScore value='1900'/>
		<buildingScore value='1275'/>
		<razingScore value='750'/>
		<mineralScore value='4402'/>
		<gasScore value='1336'/>
		<totalScore value='12938'/>
	</enemy>

	<scoreRatio value='2.53161'/>
	<timeFitness value='0.807361'/>
	<unitsAverage value='49'/>
</results>
