<results>
	<result value='loss'/>
	<start value='2015-07-10.05:17:04'/>
	<end value='2015-07-10.05:18:32'/>
	<frames value='46533'/>
	<gameDuration value='2908'/>

	<player>
		<unitScore value='18250'/>
		<killScore value='11400'/>
		<buildingScore value='3150'/>
		<razingScore value='0'/>
		<mineralScore value='17202'/>
		<gasScore value='3256'/>
		<totalScore value='53258'/>
	</player>

	<enemy>
		<race value='Terran'/>
		<unitScore value='29525'/>
		<killScore value='36500'/>
		<buildingScore value='6225'/>
		<razingScore value='9450'/>
		<mineralScore value='23738'/>
		<gasScore value='14364'/>
		<totalScore value='119802'/>
	</enemy>

	<scoreRatio value='0.44455'/>
	<timeFitness value='0.403889'/>
	<unitsAverage value='51'/>
</results>
