<results>
	<result value='win'/>
	<start value='2014-07-01.02:56:22'/>
	<end value='2014-07-01.02:56:41'/>
	<frames value='25453'/>
	<gameDuration value='1590'/>

	<player>
		<unitScore value='13250'/>
		<killScore value='15400'/>
		<buildingScore value='3625'/>
		<razingScore value='12975'/>
		<mineralScore value='20774'/>
		<gasScore value='2504'/>
		<totalScore value='68528'/>
	</player>

	<enemy>
		<race value='Protoss'/>
		<unitScore value='7700'/>
		<unitScore value='7700'/>
		<killScore value='9300'/>
		<buildingScore value='4325'/>
		<razingScore value='0'/>
		<mineralScore value='16874'/>
		<gasScore value='1976'/>
		<totalScore value='40175'/>
	</enemy>

	<scoreRatio value='1.70574'/>
</results>
