<results>
	<result value='loss'/>
	<start value='2014-07-01.03:06:24'/>
	<end value='2014-07-01.03:07:06'/>
	<frames value='54314'/>
	<gameDuration value='3394'/>

	<player>
		<unitScore value='22725'/>
		<killScore value='55050'/>
		<buildingScore value='2625'/>
		<razingScore value='1800'/>
		<mineralScore value='24026'/>
		<gasScore value='4328'/>
		<totalScore value='110554'/>
	</player>

	<enemy>
		<race value='Protoss'/>
		<unitScore value='44000'/>
		<unitScore value='44000'/>
		<killScore value='45450'/>
		<buildingScore value='7575'/>
		<razingScore value='7875'/>
		<mineralScore value='35962'/>
		<gasScore value='13754'/>
		<totalScore value='154616'/>
	</enemy>

	<scoreRatio value='0.715023'/>
</results>
