<results>
	<result value='loss'/>
	<start value='2015-04-15.06:21:10'/>
	<end value='2015-04-15.06:21:43'/>
	<frames value='32428'/>
	<gameDuration value='2026'/>

	<player>
		<unitScore value='10325'/>
		<killScore value='8500'/>
		<buildingScore value='2425'/>
		<razingScore value='0'/>
		<mineralScore value='12326'/>
		<gasScore value='2648'/>
		<totalScore value='36224'/>
	</player>

	<enemy>
		<race value='Protoss'/>
		<unitScore value='17625'/>
		<unitScore value='17625'/>
		<killScore value='20650'/>
		<buildingScore value='6875'/>
		<razingScore value='7275'/>
		<mineralScore value='20926'/>
		<gasScore value='8256'/>
		<totalScore value='81607'/>
	</enemy>

	<scoreRatio value='0.443883'/>
</results>
