<results>
	<result value='loss'/>
	<start value='2015-04-15.06:37:52'/>
	<end value='2015-04-15.06:38:25'/>
	<frames value='30878'/>
	<gameDuration value='1929'/>

	<player>
		<unitScore value='10650'/>
		<killScore value='4100'/>
		<buildingScore value='2500'/>
		<razingScore value='150'/>
		<mineralScore value='13994'/>
		<gasScore value='2168'/>
		<totalScore value='33562'/>
	</player>

	<enemy>
		<race value='Protoss'/>
		<unitScore value='14375'/>
		<unitScore value='14375'/>
		<killScore value='21300'/>
		<buildingScore value='6725'/>
		<razingScore value='7500'/>
		<mineralScore value='20654'/>
		<gasScore value='7136'/>
		<totalScore value='77690'/>
	</enemy>

	<scoreRatio value='0.431999'/>
</results>
