<results>
	<result value='win'/>
	<start value='2015-05-09.04:48:38'/>
	<end value='2015-05-09.04:48:51'/>
	<frames value='22942'/>
	<gameDuration value='1433'/>

	<player>
		<unitScore value='10475'/>
		<killScore value='15850'/>
		<buildingScore value='2375'/>
		<razingScore value='6450'/>
		<mineralScore value='13130'/>
		<gasScore value='1360'/>
		<totalScore value='49640'/>
	</player>

	<enemy>
		<race value='Terran'/>
		<unitScore value='7925'/>
		<unitScore value='7925'/>
		<killScore value='9350'/>
		<buildingScore value='2150'/>
		<razingScore value='150'/>
		<mineralScore value='8978'/>
		<gasScore value='2792'/>
		<totalScore value='31345'/>
	</enemy>

	<scoreRatio value='1.58367'/>
	<timeFitness value='0.800972'/>
	<unitsAverage value='56'/>
</results>
