<results>
	<result value='win'/>
	<start value='2015-05-09.04:58:24'/>
	<end value='2015-05-09.04:59:46'/>
	<frames value='55244'/>
	<gameDuration value='3452'/>

	<player>
		<unitScore value='22500'/>
		<killScore value='27100'/>
		<buildingScore value='5900'/>
		<razingScore value='9975'/>
		<mineralScore value='41542'/>
		<gasScore value='4950'/>
		<totalScore value='111967'/>
	</player>

	<enemy>
		<race value='Terran'/>
		<unitScore value='13550'/>
		<unitScore value='13550'/>
		<killScore value='14050'/>
		<buildingScore value='3325'/>
		<razingScore value='1350'/>
		<mineralScore value='12050'/>
		<gasScore value='6048'/>
		<totalScore value='50373'/>
	</enemy>

	<scoreRatio value='2.22276'/>
	<timeFitness value='0.520556'/>
	<unitsAverage value='140'/>
</results>
