<results>
	<result value='loss'/>
	<start value='2015-05-04.21:28:55'/>
	<end value='2015-05-04.21:29:02'/>
	<frames value='16184'/>
	<gameDuration value='1011'/>

	<player>
		<unitScore value='4750'/>
		<killScore value='850'/>
		<buildingScore value='1175'/>
		<razingScore value='150'/>
		<mineralScore value='5890'/>
		<gasScore value='784'/>
		<totalScore value='13599'/>
	</player>

	<enemy>
		<race value='Terran'/>
		<unitScore value='5550'/>
		<unitScore value='5550'/>
		<killScore value='9500'/>
		<buildingScore value='1850'/>
		<razingScore value='3525'/>
		<mineralScore value='7306'/>
		<gasScore value='2480'/>
		<totalScore value='30211'/>
	</enemy>

	<scoreRatio value='0.450134'/>
	<timeFitness value='0.140417'/>
	<unitsAverage value='29'/>
</results>
