<results>
	<result value='loss'/>
	<start value='2015-04-26.16:01:25'/>
	<end value='2015-04-26.16:01:33'/>
	<frames value='16215'/>
	<gameDuration value='1013'/>

	<player>
		<unitScore value='3175'/>
		<killScore value='400'/>
		<buildingScore value='1525'/>
		<razingScore value='0'/>
		<mineralScore value='4650'/>
		<gasScore value='896'/>
		<totalScore value='10646'/>
	</player>

	<enemy>
		<race value='Terran'/>
		<unitScore value='5775'/>
		<unitScore value='5775'/>
		<killScore value='6350'/>
		<buildingScore value='1950'/>
		<razingScore value='4575'/>
		<mineralScore value='7554'/>
		<gasScore value='2152'/>
		<totalScore value='28356'/>
	</enemy>

	<scoreRatio value='0.375441'/>
</results>
