<results>
	<result value='win'/>
	<start value='2015-04-26.16:01:37'/>
	<end value='2015-04-26.16:02:02'/>
	<frames value='36272'/>
	<gameDuration value='2267'/>

	<player>
		<unitScore value='13175'/>
		<killScore value='29300'/>
		<buildingScore value='3100'/>
		<razingScore value='12075'/>
		<mineralScore value='15994'/>
		<gasScore value='2936'/>
		<totalScore value='76580'/>
	</player>

	<enemy>
		<race value='Terran'/>
		<unitScore value='17900'/>
		<unitScore value='17900'/>
		<killScore value='19500'/>
		<buildingScore value='4025'/>
		<razingScore value='4125'/>
		<mineralScore value='15810'/>
		<gasScore value='7912'/>
		<totalScore value='69272'/>
	</enemy>

	<scoreRatio value='1.1055'/>
</results>
