<results>
	<result value='win'/>
	<start value='2015-04-26.16:04:03'/>
	<end value='2015-04-26.16:04:17'/>
	<frames value='19842'/>
	<gameDuration value='1240'/>

	<player>
		<unitScore value='7675'/>
		<killScore value='14100'/>
		<buildingScore value='3000'/>
		<razingScore value='5250'/>
		<mineralScore value='11754'/>
		<gasScore value='1400'/>
		<totalScore value='43179'/>
	</player>

	<enemy>
		<race value='Terran'/>
		<unitScore value='7050'/>
		<unitScore value='7050'/>
		<killScore value='4100'/>
		<buildingScore value='1750'/>
		<razingScore value='1350'/>
		<mineralScore value='9050'/>
		<gasScore value='2856'/>
		<totalScore value='26156'/>
	</enemy>

	<scoreRatio value='1.65083'/>
</results>
