<results>
	<result value='draw'/>
	<start value='2015-04-26.16:09:17'/>
	<end value='2015-04-26.16:10:01'/>
	<frames value='57601'/>
	<gameDuration value='3600'/>

	<player>
		<unitScore value='20025'/>
		<killScore value='33900'/>
		<buildingScore value='2925'/>
		<razingScore value='10500'/>
		<mineralScore value='21806'/>
		<gasScore value='5052'/>
		<totalScore value='94208'/>
	</player>

	<enemy>
		<race value='Terran'/>
		<unitScore value='17750'/>
		<unitScore value='17750'/>
		<killScore value='29550'/>
		<buildingScore value='4425'/>
		<razingScore value='2850'/>
		<mineralScore value='16410'/>
		<gasScore value='7592'/>
		<totalScore value='78577'/>
	</enemy>

	<scoreRatio value='1.19893'/>
</results>
