<results>
	<result value='win'/>
	<start value='2015-04-26.16:10:03'/>
	<end value='2015-04-26.16:10:14'/>
	<frames value='17362'/>
	<gameDuration value='1085'/>

	<player>
		<unitScore value='5575'/>
		<killScore value='9600'/>
		<buildingScore value='2325'/>
		<razingScore value='4950'/>
		<mineralScore value='8762'/>
		<gasScore value='1008'/>
		<totalScore value='32220'/>
	</player>

	<enemy>
		<race value='Terran'/>
		<unitScore value='4800'/>
		<unitScore value='4800'/>
		<killScore value='2850'/>
		<buildingScore value='1650'/>
		<razingScore value='1350'/>
		<mineralScore value='7202'/>
		<gasScore value='1824'/>
		<totalScore value='19676'/>
	</enemy>

	<scoreRatio value='1.63753'/>
</results>
