<results>
	<result value='win'/>
	<start value='2015-04-26.16:11:05'/>
	<end value='2015-04-26.16:11:18'/>
	<frames value='18509'/>
	<gameDuration value='1156'/>

	<player>
		<unitScore value='6950'/>
		<killScore value='8200'/>
		<buildingScore value='2825'/>
		<razingScore value='4650'/>
		<mineralScore value='11234'/>
		<gasScore value='1824'/>
		<totalScore value='35683'/>
	</player>

	<enemy>
		<race value='Terran'/>
		<unitScore value='4100'/>
		<unitScore value='4100'/>
		<killScore value='3500'/>
		<buildingScore value='1550'/>
		<razingScore value='1875'/>
		<mineralScore value='6754'/>
		<gasScore value='1872'/>
		<totalScore value='19651'/>
	</enemy>

	<scoreRatio value='1.81584'/>
</results>
