<results>
	<result value='loss'/>
	<start value='2014-07-03.02:51:10'/>
	<end value='2014-07-03.02:51:37'/>
	<frames value='45169'/>
	<gameDuration value='2823'/>

	<player>
		<unitScore value='18325'/>
		<killScore value='21200'/>
		<buildingScore value='3400'/>
		<razingScore value='1350'/>
		<mineralScore value='20402'/>
		<gasScore value='4120'/>
		<totalScore value='68797'/>
	</player>

	<enemy>
		<race value='Protoss'/>
		<unitScore value='27525'/>
		<unitScore value='27525'/>
		<killScore value='36250'/>
		<buildingScore value='7475'/>
		<razingScore value='10200'/>
		<mineralScore value='29070'/>
		<gasScore value='9038'/>
		<totalScore value='119558'/>
	</enemy>

	<scoreRatio value='0.575428'/>
</results>
