<results>
	<result value='win'/>
	<start value='2014-07-03.02:53:37'/>
	<end value='2014-07-03.02:54:17'/>
	<frames value='39372'/>
	<gameDuration value='2460'/>

	<player>
		<unitScore value='28125'/>
		<killScore value='30900'/>
		<buildingScore value='4275'/>
		<razingScore value='19125'/>
		<mineralScore value='37094'/>
		<gasScore value='3808'/>
		<totalScore value='123327'/>
	</player>

	<enemy>
		<race value='Protoss'/>
		<unitScore value='15900'/>
		<unitScore value='15900'/>
		<killScore value='31750'/>
		<buildingScore value='6375'/>
		<razingScore value='150'/>
		<mineralScore value='17234'/>
		<gasScore value='5544'/>
		<totalScore value='76953'/>
	</enemy>

	<scoreRatio value='1.60263'/>
</results>
