<results>
	<result value='win'/>
	<start value='2015-05-10.07:23:43'/>
	<end value='2015-05-10.07:24:03'/>
	<frames value='23748'/>
	<gameDuration value='1484'/>

	<player>
		<unitScore value='11900'/>
		<killScore value='25710'/>
		<buildingScore value='3000'/>
		<razingScore value='3660'/>
		<mineralScore value='16166'/>
		<gasScore value='2080'/>
		<totalScore value='62516'/>
	</player>

	<enemy>
		<race value='Zerg'/>
		<unitScore value='10950'/>
		<unitScore value='10950'/>
		<killScore value='11050'/>
		<buildingScore value='1220'/>
		<razingScore value='0'/>
		<mineralScore value='9450'/>
		<gasScore value='2832'/>
		<totalScore value='35502'/>
	</enemy>

	<scoreRatio value='1.76091'/>
	<timeFitness value='0.793889'/>
	<unitsAverage value='66'/>
</results>
