<results>
	<result value='win'/>
	<start value='2015-05-10.07:24:06'/>
	<end value='2015-05-10.07:24:33'/>
	<frames value='29328'/>
	<gameDuration value='1833'/>

	<player>
		<unitScore value='17700'/>
		<killScore value='27030'/>
		<buildingScore value='3225'/>
		<razingScore value='5700'/>
		<mineralScore value='21778'/>
		<gasScore value='3128'/>
		<totalScore value='78561'/>
	</player>

	<enemy>
		<race value='Zerg'/>
		<unitScore value='11525'/>
		<unitScore value='11525'/>
		<killScore value='20400'/>
		<buildingScore value='1900'/>
		<razingScore value='0'/>
		<mineralScore value='10998'/>
		<gasScore value='3200'/>
		<totalScore value='48023'/>
	</enemy>

	<scoreRatio value='1.6359'/>
	<timeFitness value='0.745417'/>
	<unitsAverage value='81'/>
</results>
