<results>
	<result value='loss'/>
	<start value='2015-07-07.20:41:51'/>
	<end value='2015-07-07.20:42:38'/>
	<frames value='23655'/>
	<gameDuration value='1478'/>

	<player>
		<unitScore value='10675'/>
		<killScore value='4600'/>
		<buildingScore value='2625'/>
		<razingScore value='0'/>
		<mineralScore value='13146'/>
		<gasScore value='1664'/>
		<totalScore value='32710'/>
	</player>

	<enemy>
		<race value='Terran'/>
		<unitScore value='10000'/>
		<killScore value='19100'/>
		<buildingScore value='3675'/>
		<razingScore value='7875'/>
		<mineralScore value='11650'/>
		<gasScore value='5008'/>
		<totalScore value='57308'/>
	</enemy>

	<scoreRatio value='0.570775'/>
	<timeFitness value='0.205278'/>
	<unitsAverage value='49'/>
</results>
