<results>
	<result value='win'/>
	<start value='2015-04-10.18:28:25'/>
	<end value='2015-04-10.18:28:55'/>
	<frames value='29917'/>
	<gameDuration value='1869'/>

	<player>
		<unitScore value='17300'/>
		<killScore value='21300'/>
		<buildingScore value='4900'/>
		<razingScore value='16125'/>
		<mineralScore value='25258'/>
		<gasScore value='2480'/>
		<totalScore value='87363'/>
	</player>

	<enemy>
		<race value='Protoss'/>
		<unitScore value='11350'/>
		<unitScore value='11350'/>
		<killScore value='11700'/>
		<buildingScore value='5375'/>
		<razingScore value='150'/>
		<mineralScore value='13414'/>
		<gasScore value='3024'/>
		<totalScore value='45013'/>
	</enemy>

	<scoreRatio value='1.94084'/>
</results>
