<results>
	<result value='loss'/>
	<start value='2015-04-10.18:33:26'/>
	<end value='2015-04-10.18:33:34'/>
	<frames value='14882'/>
	<gameDuration value='930'/>

	<player>
		<unitScore value='2950'/>
		<killScore value='400'/>
		<buildingScore value='1650'/>
		<razingScore value='0'/>
		<mineralScore value='4938'/>
		<gasScore value='720'/>
		<totalScore value='10658'/>
	</player>

	<enemy>
		<race value='Protoss'/>
		<unitScore value='3550'/>
		<unitScore value='3550'/>
		<killScore value='5200'/>
		<buildingScore value='2625'/>
		<razingScore value='4950'/>
		<mineralScore value='7762'/>
		<gasScore value='1344'/>
		<totalScore value='25431'/>
	</enemy>

	<scoreRatio value='0.419095'/>
</results>
