<results>
	<result value='draw'/>
	<start value='2015-04-10.18:35:57'/>
	<end value='2015-04-10.18:36:59'/>
	<frames value='57601'/>
	<gameDuration value='3600'/>

	<player>
		<unitScore value='28575'/>
		<killScore value='55500'/>
		<buildingScore value='4075'/>
		<razingScore value='1050'/>
		<mineralScore value='31330'/>
		<gasScore value='8512'/>
		<totalScore value='129042'/>
	</player>

	<enemy>
		<race value='Protoss'/>
		<unitScore value='38550'/>
		<unitScore value='38550'/>
		<killScore value='53700'/>
		<buildingScore value='7050'/>
		<razingScore value='4350'/>
		<mineralScore value='31550'/>
		<gasScore value='12268'/>
		<totalScore value='147468'/>
	</enemy>

	<scoreRatio value='0.875051'/>
</results>
