<results>
	<result value='win'/>
	<start value='2015-05-10.23:13:26'/>
	<end value='2015-05-10.23:14:05'/>
	<frames value='30320'/>
	<gameDuration value='1895'/>

	<player>
		<unitScore value='21175'/>
		<killScore value='34155'/>
		<buildingScore value='4400'/>
		<razingScore value='6135'/>
		<mineralScore value='28226'/>
		<gasScore value='2776'/>
		<totalScore value='96867'/>
	</player>

	<enemy>
		<race value='Zerg'/>
		<unitScore value='14825'/>
		<unitScore value='14825'/>
		<killScore value='16800'/>
		<buildingScore value='2045'/>
		<razingScore value='0'/>
		<mineralScore value='13538'/>
		<gasScore value='4416'/>
		<totalScore value='51624'/>
	</enemy>

	<scoreRatio value='1.87639'/>
	<timeFitness value='0.736806'/>
	<unitsAverage value='114'/>
</results>
