<results>
	<result value='win'/>
	<start value='2015-05-10.23:16:35'/>
	<end value='2015-05-10.23:17:11'/>
	<frames value='27871'/>
	<gameDuration value='1741'/>

	<player>
		<unitScore value='21850'/>
		<killScore value='26390'/>
		<buildingScore value='4550'/>
		<razingScore value='4800'/>
		<mineralScore value='28578'/>
		<gasScore value='3232'/>
		<totalScore value='89400'/>
	</player>

	<enemy>
		<race value='Zerg'/>
		<unitScore value='11975'/>
		<unitScore value='11975'/>
		<killScore value='20000'/>
		<buildingScore value='1600'/>
		<razingScore value='0'/>
		<mineralScore value='10574'/>
		<gasScore value='3152'/>
		<totalScore value='47301'/>
	</enemy>

	<scoreRatio value='1.89002'/>
	<timeFitness value='0.758194'/>
	<unitsAverage value='103'/>
</results>
