<results>
	<result value='loss'/>
	<start value='2015-07-18.06:51:38'/>
	<end value='2015-07-18.06:52:02'/>
	<frames value='25081'/>
	<gameDuration value='1567'/>

	<player>
		<unitScore value='10200'/>
		<killScore value='5900'/>
		<buildingScore value='2100'/>
		<razingScore value='0'/>
		<mineralScore value='10258'/>
		<gasScore value='1880'/>
		<totalScore value='30338'/>
	</player>

	<enemy>
		<race value='Protoss'/>
		<unitScore value='8525'/>
		<killScore value='20400'/>
		<buildingScore value='4475'/>
		<razingScore value='6300'/>
		<mineralScore value='13162'/>
		<gasScore value='3080'/>
		<totalScore value='55942'/>
	</enemy>

	<scoreRatio value='0.542312'/>
	<timeFitness value='0.217639'/>
	<unitsAverage value='36'/>
</results>
