<results>
	<result value='loss'/>
	<start value='2015-07-18.06:58:32'/>
	<end value='2015-07-18.06:58:44'/>
	<frames value='15347'/>
	<gameDuration value='959'/>

	<player>
		<unitScore value='4100'/>
		<killScore value='2200'/>
		<buildingScore value='1575'/>
		<razingScore value='0'/>
		<mineralScore value='4834'/>
		<gasScore value='1088'/>
		<totalScore value='13797'/>
	</player>

	<enemy>
		<race value='Protoss'/>
		<unitScore value='4250'/>
		<killScore value='7950'/>
		<buildingScore value='3025'/>
		<razingScore value='4725'/>
		<mineralScore value='7682'/>
		<gasScore value='1784'/>
		<totalScore value='29416'/>
	</enemy>

	<scoreRatio value='0.46903'/>
	<timeFitness value='0.133194'/>
	<unitsAverage value='22'/>
</results>
