<results>
	<result value='draw'/>
	<start value='2015-07-18.06:59:16'/>
	<end value='2015-07-18.07:02:49'/>
	<frames value='57601'/>
	<gameDuration value='3600'/>

	<player>
		<unitScore value='30625'/>
		<killScore value='17200'/>
		<buildingScore value='4575'/>
		<razingScore value='1350'/>
		<mineralScore value='31038'/>
		<gasScore value='5312'/>
		<totalScore value='90100'/>
	</player>

	<enemy>
		<race value='Protoss'/>
		<unitScore value='31840'/>
		<killScore value='40400'/>
		<buildingScore value='7525'/>
		<razingScore value='8325'/>
		<mineralScore value='31982'/>
		<gasScore value='11714'/>
		<totalScore value='131786'/>
	</enemy>

	<scoreRatio value='0.683684'/>
	<timeFitness value='0.5'/>
	<unitsAverage value='137'/>
</results>
