<results>
	<result value='win'/>
	<start value='2015-04-11.12:15:47'/>
	<end value='2015-04-11.12:16:46'/>
	<frames value='31529'/>
	<gameDuration value='1970'/>

	<player>
		<unitScore value='18275'/>
		<killScore value='24200'/>
		<buildingScore value='4150'/>
		<razingScore value='17475'/>
		<mineralScore value='24906'/>
		<gasScore value='3560'/>
		<totalScore value='92566'/>
	</player>

	<enemy>
		<race value='Protoss'/>
		<unitScore value='12900'/>
		<unitScore value='12900'/>
		<killScore value='15400'/>
		<buildingScore value='5825'/>
		<razingScore value='150'/>
		<mineralScore value='14590'/>
		<gasScore value='4016'/>
		<totalScore value='52881'/>
	</enemy>

	<scoreRatio value='1.75046'/>
</results>
