<results>
	<result value='draw'/>
	<start value='2015-04-12.09:57:37'/>
	<end value='2015-04-12.09:59:28'/>
	<frames value='57601'/>
	<gameDuration value='3600'/>

	<player>
		<unitScore value='29850'/>
		<killScore value='59450'/>
		<buildingScore value='3025'/>
		<razingScore value='20925'/>
		<mineralScore value='30062'/>
		<gasScore value='4034'/>
		<totalScore value='147346'/>
	</player>

	<enemy>
		<race value='Protoss'/>
		<unitScore value='30675'/>
		<unitScore value='30675'/>
		<killScore value='38650'/>
		<buildingScore value='7675'/>
		<razingScore value='150'/>
		<mineralScore value='29762'/>
		<gasScore value='12514'/>
		<totalScore value='119426'/>
	</enemy>

	<scoreRatio value='1.23378'/>
</results>
