<results>
	<result value='loss'/>
	<start value='2015-07-18.08:42:02'/>
	<end value='2015-07-18.08:42:36'/>
	<frames value='34381'/>
	<gameDuration value='2148'/>

	<player>
		<unitScore value='12775'/>
		<killScore value='7500'/>
		<buildingScore value='2675'/>
		<razingScore value='0'/>
		<mineralScore value='13366'/>
		<gasScore value='1872'/>
		<totalScore value='38188'/>
	</player>

	<enemy>
		<race value='Protoss'/>
		<unitScore value='15500'/>
		<killScore value='25550'/>
		<buildingScore value='6925'/>
		<razingScore value='8025'/>
		<mineralScore value='19578'/>
		<gasScore value='6432'/>
		<totalScore value='82010'/>
	</enemy>

	<scoreRatio value='0.465651'/>
	<timeFitness value='0.298333'/>
	<unitsAverage value='38'/>
</results>
