<results>
	<result value='loss'/>
	<start value='2015-07-16.11:20:46'/>
	<end value='2015-07-16.11:21:01'/>
	<frames value='23469'/>
	<gameDuration value='1466'/>

	<player>
		<unitScore value='9650'/>
		<killScore value='5350'/>
		<buildingScore value='2050'/>
		<razingScore value='0'/>
		<mineralScore value='9106'/>
		<gasScore value='2032'/>
		<totalScore value='28188'/>
	</player>

	<enemy>
		<race value='Terran'/>
		<unitScore value='9625'/>
		<killScore value='18550'/>
		<buildingScore value='3550'/>
		<razingScore value='6150'/>
		<mineralScore value='11666'/>
		<gasScore value='4728'/>
		<totalScore value='54269'/>
	</enemy>

	<scoreRatio value='0.519413'/>
	<timeFitness value='0.203611'/>
	<unitsAverage value='34'/>
</results>
