<results>
	<result value='loss'/>
	<start value='2015-07-16.11:21:10'/>
	<end value='2015-07-16.11:21:33'/>
	<frames value='28770'/>
	<gameDuration value='1798'/>

	<player>
		<unitScore value='14550'/>
		<killScore value='8500'/>
		<buildingScore value='2300'/>
		<razingScore value='300'/>
		<mineralScore value='11794'/>
		<gasScore value='2696'/>
		<totalScore value='40140'/>
	</player>

	<enemy>
		<race value='Terran'/>
		<unitScore value='9000'/>
		<killScore value='28650'/>
		<buildingScore value='2300'/>
		<razingScore value='6900'/>
		<mineralScore value='10934'/>
		<gasScore value='3896'/>
		<totalScore value='61680'/>
	</enemy>

	<scoreRatio value='0.650778'/>
	<timeFitness value='0.249722'/>
	<unitsAverage value='46'/>
</results>
