<results>
	<result value='win'/>
	<start value='2015-05-22.03:24:21'/>
	<end value='2015-05-22.03:25:15'/>
	<frames value='40302'/>
	<gameDuration value='2518'/>

	<player>
		<unitScore value='25900'/>
		<killScore value='33650'/>
		<buildingScore value='4400'/>
		<razingScore value='21150'/>
		<mineralScore value='28726'/>
		<gasScore value='2744'/>
		<totalScore value='116570'/>
	</player>

	<enemy>
		<race value='Protoss'/>
		<unitScore value='16825'/>
		<killScore value='27100'/>
		<buildingScore value='7050'/>
		<razingScore value='1500'/>
		<mineralScore value='23862'/>
		<gasScore value='6112'/>
		<totalScore value='82449'/>
	</enemy>

	<scoreRatio value='1.41384'/>
	<timeFitness value='0.650278'/>
	<unitsAverage value='103'/>
</results>
