<results>
	<result value='loss'/>
	<start value='2015-07-21.21:58:56'/>
	<end value='2015-07-21.21:59:27'/>
	<frames value='29855'/>
	<gameDuration value='1865'/>

	<player>
		<unitScore value='14425'/>
		<killScore value='11600'/>
		<buildingScore value='2925'/>
		<razingScore value='0'/>
		<mineralScore value='24010'/>
		<gasScore value='2560'/>
		<totalScore value='55520'/>
	</player>

	<enemy>
		<race value='Zerg'/>
		<unitScore value='19000'/>
		<killScore value='26700'/>
		<buildingScore value='3280'/>
		<razingScore value='8775'/>
		<mineralScore value='18150'/>
		<gasScore value='6552'/>
		<totalScore value='82457'/>
	</enemy>

	<scoreRatio value='0.673321'/>
	<timeFitness value='0.259028'/>
	<unitsAverage value='65'/>
</results>
