<results>
	<result value='loss'/>
	<start value='2015-04-12.12:31:35'/>
	<end value='2015-04-12.12:32:45'/>
	<frames value='48641'/>
	<gameDuration value='3040'/>

	<player>
		<unitScore value='23975'/>
		<killScore value='41250'/>
		<buildingScore value='2275'/>
		<razingScore value='0'/>
		<mineralScore value='24050'/>
		<gasScore value='3752'/>
		<totalScore value='95302'/>
	</player>

	<enemy>
		<race value='Protoss'/>
		<unitScore value='39075'/>
		<unitScore value='39075'/>
		<killScore value='48050'/>
		<buildingScore value='7175'/>
		<razingScore value='6825'/>
		<mineralScore value='31686'/>
		<gasScore value='13026'/>
		<totalScore value='145837'/>
	</enemy>

	<scoreRatio value='0.653483'/>
</results>
