<results>
	<result value='loss'/>
	<start value='2015-05-05.02:21:59'/>
	<end value='2015-05-05.02:22:48'/>
	<frames value='46533'/>
	<gameDuration value='2908'/>

	<player>
		<unitScore value='29700'/>
		<killScore value='62650'/>
		<buildingScore value='3175'/>
		<razingScore value='240'/>
		<mineralScore value='34446'/>
		<gasScore value='0'/>
		<totalScore value='130211'/>
	</player>

	<enemy>
		<race value='Zerg'/>
		<unitScore value='32750'/>
		<unitScore value='32750'/>
		<killScore value='59400'/>
		<buildingScore value='3320'/>
		<razingScore value='9525'/>
		<mineralScore value='26430'/>
		<gasScore value='8948'/>
		<totalScore value='140373'/>
	</enemy>

	<scoreRatio value='0.927607'/>
	<timeFitness value='0.403889'/>
	<unitsAverage value='81'/>
</results>
