<results>
	<result value='win'/>
	<start value='2015-05-10.20:56:39'/>
	<end value='2015-05-10.20:57:29'/>
	<frames value='26693'/>
	<gameDuration value='1668'/>

	<player>
		<unitScore value='18725'/>
		<killScore value='25950'/>
		<buildingScore value='4500'/>
		<razingScore value='6255'/>
		<mineralScore value='25862'/>
		<gasScore value='1944'/>
		<totalScore value='83236'/>
	</player>

	<enemy>
		<race value='Zerg'/>
		<unitScore value='11475'/>
		<unitScore value='11475'/>
		<killScore value='14850'/>
		<buildingScore value='2085'/>
		<razingScore value='0'/>
		<mineralScore value='11234'/>
		<gasScore value='3888'/>
		<totalScore value='43532'/>
	</enemy>

	<scoreRatio value='1.91206'/>
	<timeFitness value='0.768333'/>
	<unitsAverage value='99'/>
</results>
