<results>
	<result value='win'/>
	<start value='2015-05-05.02:32:39'/>
	<end value='2015-05-05.02:33:29'/>
	<frames value='37109'/>
	<gameDuration value='2319'/>

	<player>
		<unitScore value='29200'/>
		<killScore value='37520'/>
		<buildingScore value='3500'/>
		<razingScore value='5685'/>
		<mineralScore value='34798'/>
		<gasScore value='0'/>
		<totalScore value='110703'/>
	</player>

	<enemy>
		<race value='Zerg'/>
		<unitScore value='16950'/>
		<unitScore value='16950'/>
		<killScore value='41000'/>
		<buildingScore value='1895'/>
		<razingScore value='0'/>
		<mineralScore value='14810'/>
		<gasScore value='5168'/>
		<totalScore value='79823'/>
	</enemy>

	<scoreRatio value='1.38686'/>
	<timeFitness value='0.677917'/>
	<unitsAverage value='103'/>
</results>
