<results>
	<result value='win'/>
	<start value='2015-05-05.02:33:32'/>
	<end value='2015-05-05.02:34:13'/>
	<frames value='32118'/>
	<gameDuration value='2007'/>

	<player>
		<unitScore value='22650'/>
		<killScore value='19430'/>
		<buildingScore value='2725'/>
		<razingScore value='5535'/>
		<mineralScore value='27134'/>
		<gasScore value='0'/>
		<totalScore value='77474'/>
	</player>

	<enemy>
		<race value='Zerg'/>
		<unitScore value='9475'/>
		<unitScore value='9475'/>
		<killScore value='28800'/>
		<buildingScore value='1845'/>
		<razingScore value='0'/>
		<mineralScore value='9430'/>
		<gasScore value='2840'/>
		<totalScore value='52390'/>
	</enemy>

	<scoreRatio value='1.47879'/>
	<timeFitness value='0.72125'/>
	<unitsAverage value='100'/>
</results>
