<results>
	<result value='win'/>
	<start value='2015-05-05.02:40:28'/>
	<end value='2015-05-05.02:41:21'/>
	<frames value='36148'/>
	<gameDuration value='2259'/>

	<player>
		<unitScore value='33650'/>
		<killScore value='32770'/>
		<buildingScore value='4025'/>
		<razingScore value='4680'/>
		<mineralScore value='44690'/>
		<gasScore value='0'/>
		<totalScore value='119815'/>
	</player>

	<enemy>
		<race value='Zerg'/>
		<unitScore value='14875'/>
		<unitScore value='14875'/>
		<killScore value='48800'/>
		<buildingScore value='1560'/>
		<razingScore value='0'/>
		<mineralScore value='12362'/>
		<gasScore value='4400'/>
		<totalScore value='81997'/>
	</enemy>

	<scoreRatio value='1.46121'/>
	<timeFitness value='0.68625'/>
	<unitsAverage value='118'/>
</results>
