<results>
	<result value='loss'/>
	<start value='2015-04-13.01:09:30'/>
	<end value='2015-04-13.01:09:59'/>
	<frames value='46843'/>
	<gameDuration value='2927'/>

	<player>
		<unitScore value='17450'/>
		<killScore value='24900'/>
		<buildingScore value='2225'/>
		<razingScore value='3000'/>
		<mineralScore value='19542'/>
		<gasScore value='4512'/>
		<totalScore value='71629'/>
	</player>

	<enemy>
		<race value='Protoss'/>
		<unitScore value='29100'/>
		<unitScore value='29100'/>
		<killScore value='34900'/>
		<buildingScore value='7975'/>
		<razingScore value='6675'/>
		<mineralScore value='31714'/>
		<gasScore value='9022'/>
		<totalScore value='119386'/>
	</enemy>

	<scoreRatio value='0.599978'/>
</results>
