<results>
	<result value='loss'/>
	<start value='2014-07-10.16:30:12'/>
	<end value='2014-07-10.16:30:18'/>
	<frames value='15130'/>
	<gameDuration value='945'/>

	<player>
		<unitScore value='2950'/>
		<killScore value='800'/>
		<buildingScore value='1500'/>
		<razingScore value='0'/>
		<mineralScore value='4714'/>
		<gasScore value='664'/>
		<totalScore value='10628'/>
	</player>

	<enemy>
		<race value='Protoss'/>
		<unitScore value='3550'/>
		<unitScore value='3550'/>
		<killScore value='5900'/>
		<buildingScore value='3125'/>
		<razingScore value='4500'/>
		<mineralScore value='8034'/>
		<gasScore value='1504'/>
		<totalScore value='26613'/>
	</enemy>

	<scoreRatio value='0.399354'/>
</results>
