<results>
	<result value='draw'/>
	<start value='2014-07-10.16:30:44'/>
	<end value='2014-07-10.16:31:51'/>
	<frames value='57601'/>
	<gameDuration value='3600'/>

	<player>
		<unitScore value='29975'/>
		<killScore value='64650'/>
		<buildingScore value='3675'/>
		<razingScore value='15525'/>
		<mineralScore value='32662'/>
		<gasScore value='4288'/>
		<totalScore value='150775'/>
	</player>

	<enemy>
		<race value='Protoss'/>
		<unitScore value='35675'/>
		<unitScore value='35675'/>
		<killScore value='51600'/>
		<buildingScore value='7100'/>
		<razingScore value='0'/>
		<mineralScore value='29946'/>
		<gasScore value='10578'/>
		<totalScore value='134899'/>
	</enemy>

	<scoreRatio value='1.11769'/>
</results>
