<results>
	<result value='loss'/>
	<start value='2014-07-10.16:38:11'/>
	<end value='2014-07-10.16:38:18'/>
	<frames value='15161'/>
	<gameDuration value='947'/>

	<player>
		<unitScore value='2700'/>
		<killScore value='1000'/>
		<buildingScore value='1600'/>
		<razingScore value='0'/>
		<mineralScore value='4546'/>
		<gasScore value='736'/>
		<totalScore value='10582'/>
	</player>

	<enemy>
		<race value='Protoss'/>
		<unitScore value='3550'/>
		<unitScore value='3550'/>
		<killScore value='5400'/>
		<buildingScore value='2975'/>
		<razingScore value='4800'/>
		<mineralScore value='8050'/>
		<gasScore value='1472'/>
		<totalScore value='26247'/>
	</enemy>

	<scoreRatio value='0.40317'/>
</results>
