<results>
	<result value='loss'/>
	<start value='2015-05-02.17:36:44'/>
	<end value='2015-05-02.17:36:52'/>
	<frames value='16029'/>
	<gameDuration value='1001'/>

	<player>
		<unitScore value='4400'/>
		<killScore value='400'/>
		<buildingScore value='1775'/>
		<razingScore value='0'/>
		<mineralScore value='6186'/>
		<gasScore value='0'/>
		<totalScore value='12761'/>
	</player>

	<enemy>
		<race value='Protoss'/>
		<unitScore value='3550'/>
		<unitScore value='3550'/>
		<killScore value='8700'/>
		<buildingScore value='3525'/>
		<razingScore value='5325'/>
		<mineralScore value='8402'/>
		<gasScore value='1624'/>
		<totalScore value='31126'/>
	</enemy>

	<scoreRatio value='0.409979'/>
	<timeFitness value='0.139028'/>
	<unitsAverage value='25'/>
</results>
