<results>
	<result value='win'/>
	<start value='2015-05-02.17:37:48'/>
	<end value='2015-05-02.17:38:15'/>
	<frames value='32273'/>
	<gameDuration value='2017'/>

	<player>
		<unitScore value='19500'/>
		<killScore value='24800'/>
		<buildingScore value='3250'/>
		<razingScore value='19575'/>
		<mineralScore value='23698'/>
		<gasScore value='2168'/>
		<totalScore value='92991'/>
	</player>

	<enemy>
		<race value='Protoss'/>
		<unitScore value='12625'/>
		<unitScore value='12625'/>
		<killScore value='19300'/>
		<buildingScore value='6525'/>
		<razingScore value='300'/>
		<mineralScore value='18410'/>
		<gasScore value='4224'/>
		<totalScore value='61384'/>
	</enemy>

	<scoreRatio value='1.51491'/>
	<timeFitness value='0.719861'/>
	<unitsAverage value='87'/>
</results>
