<results>
	<result value='loss'/>
	<start value='2015-07-18.05:31:05'/>
	<end value='2015-07-18.05:31:31'/>
	<frames value='22322'/>
	<gameDuration value='1395'/>

	<player>
		<unitScore value='8100'/>
		<killScore value='2500'/>
		<buildingScore value='1800'/>
		<razingScore value='0'/>
		<mineralScore value='10862'/>
		<gasScore value='1472'/>
		<totalScore value='24734'/>
	</player>

	<enemy>
		<race value='Terran'/>
		<unitScore value='8925'/>
		<killScore value='13050'/>
		<buildingScore value='3325'/>
		<razingScore value='5400'/>
		<mineralScore value='10554'/>
		<gasScore value='4288'/>
		<totalScore value='45542'/>
	</enemy>

	<scoreRatio value='0.543103'/>
	<timeFitness value='0.19375'/>
	<unitsAverage value='43'/>
</results>
