<results>
	<result value='loss'/>
	<start value='2015-07-18.05:39:17'/>
	<end value='2015-07-18.05:40:10'/>
	<frames value='47060'/>
	<gameDuration value='2941'/>

	<player>
		<unitScore value='15275'/>
		<killScore value='13050'/>
		<buildingScore value='2050'/>
		<razingScore value='0'/>
		<mineralScore value='13338'/>
		<gasScore value='3384'/>
		<totalScore value='47097'/>
	</player>

	<enemy>
		<race value='Terran'/>
		<unitScore value='30275'/>
		<killScore value='29050'/>
		<buildingScore value='6275'/>
		<razingScore value='6150'/>
		<mineralScore value='25066'/>
		<gasScore value='15076'/>
		<totalScore value='111892'/>
	</enemy>

	<scoreRatio value='0.420915'/>
	<timeFitness value='0.408472'/>
	<unitsAverage value='39'/>
</results>
