<results>
	<result value='win'/>
	<start value='2014-07-05.12:43:29'/>
	<end value='2014-07-05.12:44:03'/>
	<frames value='38380'/>
	<gameDuration value='2398'/>

	<player>
		<unitScore value='21675'/>
		<killScore value='37540'/>
		<buildingScore value='5075'/>
		<razingScore value='9330'/>
		<mineralScore value='34226'/>
		<gasScore value='6272'/>
		<totalScore value='114118'/>
	</player>

	<enemy>
		<race value='Zerg'/>
		<unitScore value='16500'/>
		<unitScore value='16500'/>
		<killScore value='18250'/>
		<buildingScore value='3110'/>
		<razingScore value='2550'/>
		<mineralScore value='16554'/>
		<gasScore value='5092'/>
		<totalScore value='62056'/>
	</enemy>

	<scoreRatio value='1.83895'/>
</results>
