<results>
	<result value='win'/>
	<start value='2015-05-07.18:12:36'/>
	<end value='2015-05-07.18:12:53'/>
	<frames value='23903'/>
	<gameDuration value='1493'/>

	<player>
		<unitScore value='14250'/>
		<killScore value='14415'/>
		<buildingScore value='2850'/>
		<razingScore value='6090'/>
		<mineralScore value='17522'/>
		<gasScore value='1360'/>
		<totalScore value='56487'/>
	</player>

	<enemy>
		<race value='Zerg'/>
		<unitScore value='7925'/>
		<unitScore value='7925'/>
		<killScore value='13800'/>
		<buildingScore value='2030'/>
		<razingScore value='0'/>
		<mineralScore value='10578'/>
		<gasScore value='3024'/>
		<totalScore value='37357'/>
	</enemy>

	<scoreRatio value='1.51209'/>
	<timeFitness value='0.792639'/>
	<unitsAverage value='68'/>
</results>
