<results>
	<result value='loss'/>
	<start value='2015-04-10.03:53:05'/>
	<end value='2015-04-10.03:53:40'/>
	<frames value='45138'/>
	<gameDuration value='2821'/>

	<player>
		<unitScore value='21525'/>
		<killScore value='25950'/>
		<buildingScore value='2725'/>
		<razingScore value='450'/>
		<mineralScore value='23746'/>
		<gasScore value='2544'/>
		<totalScore value='76940'/>
	</player>

	<enemy>
		<race value='Protoss'/>
		<unitScore value='32575'/>
		<unitScore value='32575'/>
		<killScore value='43050'/>
		<buildingScore value='7625'/>
		<razingScore value='8175'/>
		<mineralScore value='31066'/>
		<gasScore value='11180'/>
		<totalScore value='133671'/>
	</enemy>

	<scoreRatio value='0.575592'/>
</results>
