<results>
	<result value='loss'/>
	<start value='2015-04-10.03:59:04'/>
	<end value='2015-04-10.03:59:41'/>
	<frames value='48145'/>
	<gameDuration value='3009'/>

	<player>
		<unitScore value='21850'/>
		<killScore value='33050'/>
		<buildingScore value='2475'/>
		<razingScore value='3000'/>
		<mineralScore value='23322'/>
		<gasScore value='4456'/>
		<totalScore value='88153'/>
	</player>

	<enemy>
		<race value='Protoss'/>
		<unitScore value='28150'/>
		<unitScore value='28150'/>
		<killScore value='43950'/>
		<buildingScore value='7675'/>
		<razingScore value='7425'/>
		<mineralScore value='34514'/>
		<gasScore value='10264'/>
		<totalScore value='131978'/>
	</enemy>

	<scoreRatio value='0.667937'/>
</results>
