<results>
	<result value='loss'/>
	<start value='2015-03-30.07:06:50'/>
	<end value='2015-03-30.07:07:37'/>
	<frames value='41170'/>
	<gameDuration value='2573'/>

	<player>
		<unitScore value='20625'/>
		<killScore value='21200'/>
		<buildingScore value='2225'/>
		<razingScore value='300'/>
		<mineralScore value='20698'/>
		<gasScore value='2280'/>
		<totalScore value='67328'/>
	</player>

	<enemy>
		<race value='Protoss'/>
		<unitScore value='30650'/>
		<unitScore value='30650'/>
		<killScore value='41450'/>
		<buildingScore value='7625'/>
		<razingScore value='6675'/>
		<mineralScore value='28794'/>
		<gasScore value='11624'/>
		<totalScore value='126818'/>
	</enemy>

	<scoreRatio value='0.530903'/>
</results>
