<results>
	<result value='win'/>
	<start value='2015-03-30.07:08:46'/>
	<end value='2015-03-30.07:09:34'/>
	<frames value='31126'/>
	<gameDuration value='1945'/>

	<player>
		<unitScore value='18850'/>
		<killScore value='15050'/>
		<buildingScore value='2550'/>
		<razingScore value='20175'/>
		<mineralScore value='22538'/>
		<gasScore value='2808'/>
		<totalScore value='81971'/>
	</player>

	<enemy>
		<race value='Protoss'/>
		<unitScore value='7750'/>
		<unitScore value='7750'/>
		<killScore value='13250'/>
		<buildingScore value='6725'/>
		<razingScore value='0'/>
		<mineralScore value='16970'/>
		<gasScore value='4656'/>
		<totalScore value='49351'/>
	</enemy>

	<scoreRatio value='1.66098'/>
</results>
