<results>
	<result value='win'/>
	<start value='2015-03-30.07:15:40'/>
	<end value='2015-03-30.07:16:35'/>
	<frames value='35683'/>
	<gameDuration value='2230'/>

	<player>
		<unitScore value='20850'/>
		<killScore value='16100'/>
		<buildingScore value='3225'/>
		<razingScore value='15525'/>
		<mineralScore value='25378'/>
		<gasScore value='2712'/>
		<totalScore value='83790'/>
	</player>

	<enemy>
		<race value='Protoss'/>
		<unitScore value='8050'/>
		<unitScore value='8050'/>
		<killScore value='15250'/>
		<buildingScore value='5175'/>
		<razingScore value='150'/>
		<mineralScore value='17226'/>
		<gasScore value='2800'/>
		<totalScore value='48651'/>
	</enemy>

	<scoreRatio value='1.72227'/>
</results>
