<results>
	<result value='loss'/>
	<start value='2015-04-30.05:42:33'/>
	<end value='2015-04-30.05:43:11'/>
	<frames value='30537'/>
	<gameDuration value='1908'/>

	<player>
		<unitScore value='8400'/>
		<killScore value='12250'/>
		<buildingScore value='2925'/>
		<razingScore value='0'/>
		<mineralScore value='11098'/>
		<gasScore value='1880'/>
		<totalScore value='36553'/>
	</player>

	<enemy>
		<race value='Zerg'/>
		<unitScore value='19125'/>
		<unitScore value='19125'/>
		<killScore value='16800'/>
		<buildingScore value='3710'/>
		<razingScore value='8775'/>
		<mineralScore value='19910'/>
		<gasScore value='6880'/>
		<totalScore value='75200'/>
	</enemy>

	<scoreRatio value='0.486077'/>
	<timeFitness value='0.265'/>
	<unitsAverage value='50'/>
</results>
