<results>
	<result value='win'/>
	<start value='2015-05-02.18:19:10'/>
	<end value='2015-05-02.18:19:29'/>
	<frames value='22663'/>
	<gameDuration value='1416'/>

	<player>
		<unitScore value='9350'/>
		<killScore value='17900'/>
		<buildingScore value='3500'/>
		<razingScore value='6375'/>
		<mineralScore value='14470'/>
		<gasScore value='2104'/>
		<totalScore value='53699'/>
	</player>

	<enemy>
		<race value='Terran'/>
		<unitScore value='8950'/>
		<unitScore value='8950'/>
		<killScore value='5900'/>
		<buildingScore value='2125'/>
		<razingScore value='1350'/>
		<mineralScore value='9450'/>
		<gasScore value='2808'/>
		<totalScore value='30583'/>
	</enemy>

	<scoreRatio value='1.75584'/>
	<timeFitness value='0.803333'/>
	<unitsAverage value='59'/>
</results>
