<results>
	<result value='win'/>
	<start value='2015-05-02.18:42:38'/>
	<end value='2015-05-02.18:43:08'/>
	<frames value='27065'/>
	<gameDuration value='1691'/>

	<player>
		<unitScore value='12925'/>
		<killScore value='20750'/>
		<buildingScore value='4825'/>
		<razingScore value='8400'/>
		<mineralScore value='20546'/>
		<gasScore value='3160'/>
		<totalScore value='70606'/>
	</player>

	<enemy>
		<race value='Terran'/>
		<unitScore value='10375'/>
		<unitScore value='10375'/>
		<killScore value='5950'/>
		<buildingScore value='2800'/>
		<razingScore value='1575'/>
		<mineralScore value='10162'/>
		<gasScore value='3984'/>
		<totalScore value='34846'/>
	</enemy>

	<scoreRatio value='2.02623'/>
	<timeFitness value='0.765139'/>
	<unitsAverage value='82'/>
</results>
