<results>
	<result value='win'/>
	<start value='2015-05-02.18:41:29'/>
	<end value='2015-05-02.18:42:20'/>
	<frames value='39403'/>
	<gameDuration value='2462'/>

	<player>
		<unitScore value='23900'/>
		<killScore value='27600'/>
		<buildingScore value='4800'/>
		<razingScore value='8775'/>
		<mineralScore value='36186'/>
		<gasScore value='3832'/>
		<totalScore value='105093'/>
	</player>

	<enemy>
		<race value='Terran'/>
		<unitScore value='13800'/>
		<unitScore value='13800'/>
		<killScore value='29550'/>
		<buildingScore value='2925'/>
		<razingScore value='1500'/>
		<mineralScore value='12050'/>
		<gasScore value='5174'/>
		<totalScore value='64999'/>
	</enemy>

	<scoreRatio value='1.61684'/>
	<timeFitness value='0.658056'/>
	<unitsAverage value='101'/>
</results>
