<results>
	<result value='win'/>
	<start value='2015-05-02.18:44:29'/>
	<end value='2015-05-02.18:44:52'/>
	<frames value='26755'/>
	<gameDuration value='1672'/>

	<player>
		<unitScore value='11400'/>
		<killScore value='15400'/>
		<buildingScore value='2825'/>
		<razingScore value='7950'/>
		<mineralScore value='14150'/>
		<gasScore value='2232'/>
		<totalScore value='53957'/>
	</player>

	<enemy>
		<race value='Terran'/>
		<unitScore value='7700'/>
		<unitScore value='7700'/>
		<killScore value='9700'/>
		<buildingScore value='2650'/>
		<razingScore value='2100'/>
		<mineralScore value='8842'/>
		<gasScore value='2592'/>
		<totalScore value='33584'/>
	</enemy>

	<scoreRatio value='1.60663'/>
	<timeFitness value='0.767778'/>
	<unitsAverage value='53'/>
</results>
