<results>
	<result value='draw'/>
	<start value='2015-05-02.18:52:17'/>
	<end value='2015-05-02.18:53:19'/>
	<frames value='57601'/>
	<gameDuration value='3600'/>

	<player>
		<unitScore value='24400'/>
		<killScore value='35250'/>
		<buildingScore value='3350'/>
		<razingScore value='2325'/>
		<mineralScore value='26858'/>
		<gasScore value='5280'/>
		<totalScore value='97463'/>
	</player>

	<enemy>
		<race value='Terran'/>
		<unitScore value='26075'/>
		<unitScore value='26075'/>
		<killScore value='40500'/>
		<buildingScore value='4200'/>
		<razingScore value='3300'/>
		<mineralScore value='19550'/>
		<gasScore value='11974'/>
		<totalScore value='105599'/>
	</enemy>

	<scoreRatio value='0.922954'/>
	<timeFitness value='0.5'/>
	<unitsAverage value='80'/>
</results>
