<results>
	<result value='loss'/>
	<start value='2015-04-12.11:16:04'/>
	<end value='2015-04-12.11:17:15'/>
	<frames value='51772'/>
	<gameDuration value='3235'/>

	<player>
		<unitScore value='24375'/>
		<killScore value='44300'/>
		<buildingScore value='1925'/>
		<razingScore value='300'/>
		<mineralScore value='23938'/>
		<gasScore value='2784'/>
		<totalScore value='97622'/>
	</player>

	<enemy>
		<race value='Protoss'/>
		<unitScore value='42975'/>
		<unitScore value='42975'/>
		<killScore value='48350'/>
		<buildingScore value='7275'/>
		<razingScore value='5775'/>
		<mineralScore value='35426'/>
		<gasScore value='14636'/>
		<totalScore value='154437'/>
	</enemy>

	<scoreRatio value='0.632115'/>
</results>
