<results>
	<result value='loss'/>
	<start value='2015-04-07.23:11:17'/>
	<end value='2015-04-07.23:11:25'/>
	<frames value='15006'/>
	<gameDuration value='937'/>

	<player>
		<unitScore value='2700'/>
		<killScore value='1000'/>
		<buildingScore value='1625'/>
		<razingScore value='0'/>
		<mineralScore value='4618'/>
		<gasScore value='672'/>
		<totalScore value='10615'/>
	</player>

	<enemy>
		<race value='Protoss'/>
		<unitScore value='3550'/>
		<unitScore value='3550'/>
		<killScore value='5400'/>
		<buildingScore value='2425'/>
		<razingScore value='4875'/>
		<mineralScore value='7586'/>
		<gasScore value='1304'/>
		<totalScore value='25140'/>
	</enemy>

	<scoreRatio value='0.422235'/>
</results>
