<results>
	<result value='loss'/>
	<start value='2015-04-30.05:05:30'/>
	<end value='2015-04-30.05:05:45'/>
	<frames value='22942'/>
	<gameDuration value='1433'/>

	<player>
		<unitScore value='8450'/>
		<killScore value='3550'/>
		<buildingScore value='2150'/>
		<razingScore value='0'/>
		<mineralScore value='10690'/>
		<gasScore value='1120'/>
		<totalScore value='25960'/>
	</player>

	<enemy>
		<race value='Terran'/>
		<unitScore value='9400'/>
		<unitScore value='9400'/>
		<killScore value='16900'/>
		<buildingScore value='3575'/>
		<razingScore value='6450'/>
		<mineralScore value='10858'/>
		<gasScore value='4944'/>
		<totalScore value='52127'/>
	</enemy>

	<scoreRatio value='0.498014'/>
	<timeFitness value='0.199028'/>
	<unitsAverage value='36'/>
</results>
