<results>
	<result value='win'/>
	<start value='2015-05-04.23:03:59'/>
	<end value='2015-05-04.23:05:18'/>
	<frames value='52981'/>
	<gameDuration value='3311'/>

	<player>
		<unitScore value='26850'/>
		<killScore value='48200'/>
		<buildingScore value='4475'/>
		<razingScore value='22725'/>
		<mineralScore value='33742'/>
		<gasScore value='3608'/>
		<totalScore value='139600'/>
	</player>

	<enemy>
		<race value='Protoss'/>
		<unitScore value='25100'/>
		<unitScore value='25100'/>
		<killScore value='29350'/>
		<buildingScore value='7575'/>
		<razingScore value='1350'/>
		<mineralScore value='24782'/>
		<gasScore value='9704'/>
		<totalScore value='97861'/>
	</enemy>

	<scoreRatio value='1.42651'/>
	<timeFitness value='0.540139'/>
	<unitsAverage value='115'/>
</results>
