<results>
	<result value='draw'/>
	<start value='2015-05-04.23:01:55'/>
	<end value='2015-05-04.23:02:42'/>
	<frames value='57601'/>
	<gameDuration value='3600'/>

	<player>
		<unitScore value='23600'/>
		<killScore value='40100'/>
		<buildingScore value='2075'/>
		<razingScore value='5700'/>
		<mineralScore value='24074'/>
		<gasScore value='4256'/>
		<totalScore value='99805'/>
	</player>

	<enemy>
		<race value='Protoss'/>
		<unitScore value='26325'/>
		<unitScore value='26325'/>
		<killScore value='45700'/>
		<buildingScore value='9950'/>
		<razingScore value='0'/>
		<mineralScore value='32738'/>
		<gasScore value='13040'/>
		<totalScore value='127753'/>
	</enemy>

	<scoreRatio value='0.781234'/>
	<timeFitness value='0.5'/>
	<unitsAverage value='66'/>
</results>
