<results>
	<result value='loss'/>
	<start value='2015-05-04.23:17:57'/>
	<end value='2015-05-04.23:18:15'/>
	<frames value='29173'/>
	<gameDuration value='1823'/>

	<player>
		<unitScore value='2825'/>
		<killScore value='2600'/>
		<buildingScore value='1950'/>
		<razingScore value='0'/>
		<mineralScore value='4834'/>
		<gasScore value='656'/>
		<totalScore value='12865'/>
	</player>

	<enemy>
		<race value='Protoss'/>
		<unitScore value='13100'/>
		<unitScore value='13100'/>
		<killScore value='5650'/>
		<buildingScore value='6875'/>
		<razingScore value='5850'/>
		<mineralScore value='17402'/>
		<gasScore value='6768'/>
		<totalScore value='55645'/>
	</enemy>

	<scoreRatio value='0.231198'/>
	<timeFitness value='0.253194'/>
	<unitsAverage value='19'/>
</results>
