<results>
	<result value='loss'/>
	<start value='2015-07-21.00:31:49'/>
	<end value='2015-07-21.00:32:25'/>
	<frames value='29235'/>
	<gameDuration value='1827'/>

	<player>
		<unitScore value='17675'/>
		<killScore value='11100'/>
		<buildingScore value='3550'/>
		<razingScore value='0'/>
		<mineralScore value='21338'/>
		<gasScore value='2456'/>
		<totalScore value='56119'/>
	</player>

	<enemy>
		<race value='Zerg'/>
		<unitScore value='16825'/>
		<killScore value='31600'/>
		<buildingScore value='3485'/>
		<razingScore value='10650'/>
		<mineralScore value='17834'/>
		<gasScore value='5824'/>
		<totalScore value='86218'/>
	</enemy>

	<scoreRatio value='0.650897'/>
	<timeFitness value='0.25375'/>
	<unitsAverage value='70'/>
</results>
