<results>
	<result value='loss'/>
	<start value='2015-07-21.00:46:20'/>
	<end value='2015-07-21.00:46:45'/>
	<frames value='24461'/>
	<gameDuration value='1528'/>

	<player>
		<unitScore value='11975'/>
		<killScore value='4750'/>
		<buildingScore value='2875'/>
		<razingScore value='0'/>
		<mineralScore value='20470'/>
		<gasScore value='2032'/>
		<totalScore value='42102'/>
	</player>

	<enemy>
		<race value='Zerg'/>
		<unitScore value='10875'/>
		<killScore value='23000'/>
		<buildingScore value='3085'/>
		<razingScore value='8625'/>
		<mineralScore value='13618'/>
		<gasScore value='3864'/>
		<totalScore value='63067'/>
	</enemy>

	<scoreRatio value='0.667576'/>
	<timeFitness value='0.212222'/>
	<unitsAverage value='53'/>
</results>
