<results>
	<result value='loss'/>
	<start value='2015-05-11.07:12:45'/>
	<end value='2015-05-11.07:12:53'/>
	<frames value='16432'/>
	<gameDuration value='1027'/>

	<player>
		<unitScore value='3225'/>
		<killScore value='1200'/>
		<buildingScore value='1575'/>
		<razingScore value='0'/>
		<mineralScore value='5098'/>
		<gasScore value='624'/>
		<totalScore value='11722'/>
	</player>

	<enemy>
		<race value='Protoss'/>
		<unitScore value='3600'/>
		<unitScore value='3600'/>
		<killScore value='6350'/>
		<buildingScore value='3925'/>
		<razingScore value='4725'/>
		<mineralScore value='8602'/>
		<gasScore value='1616'/>
		<totalScore value='28818'/>
	</enemy>

	<scoreRatio value='0.40676'/>
	<timeFitness value='0.142639'/>
	<unitsAverage value='23'/>
</results>
