<results>
	<result value='loss'/>
	<start value='2015-05-11.21:35:15'/>
	<end value='2015-05-11.21:36:05'/>
	<frames value='46254'/>
	<gameDuration value='2890'/>

	<player>
		<unitScore value='22850'/>
		<killScore value='28500'/>
		<buildingScore value='2400'/>
		<razingScore value='1200'/>
		<mineralScore value='24034'/>
		<gasScore value='5194'/>
		<totalScore value='84178'/>
	</player>

	<enemy>
		<race value='Protoss'/>
		<unitScore value='36585'/>
		<unitScore value='36585'/>
		<killScore value='45700'/>
		<buildingScore value='7875'/>
		<razingScore value='7200'/>
		<mineralScore value='33878'/>
		<gasScore value='12822'/>
		<totalScore value='144060'/>
	</enemy>

	<scoreRatio value='0.584326'/>
	<timeFitness value='0.401389'/>
	<unitsAverage value='93'/>
</results>
