<results>
	<result value='win'/>
	<start value='2015-05-11.21:36:49'/>
	<end value='2015-05-11.21:37:11'/>
	<frames value='22198'/>
	<gameDuration value='1387'/>

	<player>
		<unitScore value='10750'/>
		<killScore value='11100'/>
		<buildingScore value='2950'/>
		<razingScore value='8850'/>
		<mineralScore value='15766'/>
		<gasScore value='1888'/>
		<totalScore value='51304'/>
	</player>

	<enemy>
		<race value='Protoss'/>
		<unitScore value='5550'/>
		<unitScore value='5550'/>
		<killScore value='6650'/>
		<buildingScore value='2950'/>
		<razingScore value='150'/>
		<mineralScore value='9770'/>
		<gasScore value='2120'/>
		<totalScore value='27190'/>
	</enemy>

	<scoreRatio value='1.88687'/>
	<timeFitness value='0.807361'/>
	<unitsAverage value='66'/>
</results>
