<results>
	<result value='win'/>
	<start value='2015-05-11.21:38:16'/>
	<end value='2015-05-11.21:38:45'/>
	<frames value='24678'/>
	<gameDuration value='1542'/>

	<player>
		<unitScore value='11925'/>
		<killScore value='14400'/>
		<buildingScore value='3500'/>
		<razingScore value='10725'/>
		<mineralScore value='16514'/>
		<gasScore value='2480'/>
		<totalScore value='59544'/>
	</player>

	<enemy>
		<race value='Protoss'/>
		<unitScore value='7200'/>
		<unitScore value='7200'/>
		<killScore value='6600'/>
		<buildingScore value='3575'/>
		<razingScore value='0'/>
		<mineralScore value='10826'/>
		<gasScore value='2952'/>
		<totalScore value='31153'/>
	</enemy>

	<scoreRatio value='1.91134'/>
	<timeFitness value='0.785833'/>
	<unitsAverage value='71'/>
</results>
