<results>
	<result value='loss'/>
	<start value='2015-05-03.04:26:07'/>
	<end value='2015-05-03.04:26:15'/>
	<frames value='18974'/>
	<gameDuration value='1185'/>

	<player>
		<unitScore value='6750'/>
		<killScore value='1200'/>
		<buildingScore value='1500'/>
		<razingScore value='0'/>
		<mineralScore value='8466'/>
		<gasScore value='0'/>
		<totalScore value='17916'/>
	</player>

	<enemy>
		<race value='Protoss'/>
		<unitScore value='4525'/>
		<unitScore value='4525'/>
		<killScore value='13500'/>
		<buildingScore value='4225'/>
		<razingScore value='4500'/>
		<mineralScore value='9762'/>
		<gasScore value='2480'/>
		<totalScore value='38992'/>
	</enemy>

	<scoreRatio value='0.459479'/>
	<timeFitness value='0.164583'/>
	<unitsAverage value='33'/>
</results>
