<results>
	<result value='draw'/>
	<start value='2015-05-11.21:41:53'/>
	<end value='2015-05-11.21:43:11'/>
	<frames value='57601'/>
	<gameDuration value='3600'/>

	<player>
		<unitScore value='26625'/>
		<killScore value='43210'/>
		<buildingScore value='2375'/>
		<razingScore value='25425'/>
		<mineralScore value='27858'/>
		<gasScore value='4600'/>
		<totalScore value='130093'/>
	</player>

	<enemy>
		<race value='Protoss'/>
		<unitScore value='23620'/>
		<unitScore value='23620'/>
		<killScore value='39900'/>
		<buildingScore value='11175'/>
		<razingScore value='150'/>
		<mineralScore value='30534'/>
		<gasScore value='10264'/>
		<totalScore value='115643'/>
	</enemy>

	<scoreRatio value='1.12495'/>
	<timeFitness value='0.5'/>
	<unitsAverage value='98'/>
</results>
