<results>
	<result value='win'/>
	<start value='2015-05-01.21:19:20'/>
	<end value='2015-05-01.21:19:41'/>
	<frames value='28212'/>
	<gameDuration value='1763'/>

	<player>
		<unitScore value='15325'/>
		<killScore value='21830'/>
		<buildingScore value='4800'/>
		<razingScore value='7530'/>
		<mineralScore value='22942'/>
		<gasScore value='2128'/>
		<totalScore value='74555'/>
	</player>

	<enemy>
		<race value='Zerg'/>
		<unitScore value='10125'/>
		<unitScore value='10125'/>
		<killScore value='11100'/>
		<buildingScore value='2510'/>
		<razingScore value='0'/>
		<mineralScore value='10634'/>
		<gasScore value='3400'/>
		<totalScore value='37769'/>
	</enemy>

	<scoreRatio value='1.97397'/>
	<timeFitness value='0.755139'/>
	<unitsAverage value='90'/>
</results>
