<results>
	<result value='win'/>
	<start value='2015-05-01.21:22:18'/>
	<end value='2015-05-01.21:22:30'/>
	<frames value='20741'/>
	<gameDuration value='1296'/>

	<player>
		<unitScore value='11150'/>
		<killScore value='21255'/>
		<buildingScore value='2325'/>
		<razingScore value='3660'/>
		<mineralScore value='14658'/>
		<gasScore value='2016'/>
		<totalScore value='55064'/>
	</player>

	<enemy>
		<race value='Zerg'/>
		<unitScore value='9150'/>
		<unitScore value='9150'/>
		<killScore value='9850'/>
		<buildingScore value='1220'/>
		<razingScore value='0'/>
		<mineralScore value='8114'/>
		<gasScore value='2184'/>
		<totalScore value='30518'/>
	</enemy>

	<scoreRatio value='1.80431'/>
	<timeFitness value='0.82'/>
	<unitsAverage value='64'/>
</results>
