<results>
	<result value='win'/>
	<start value='2015-05-01.21:24:08'/>
	<end value='2015-05-01.21:24:23'/>
	<frames value='22942'/>
	<gameDuration value='1433'/>

	<player>
		<unitScore value='13675'/>
		<killScore value='19980'/>
		<buildingScore value='3500'/>
		<razingScore value='5460'/>
		<mineralScore value='19806'/>
		<gasScore value='2144'/>
		<totalScore value='64565'/>
	</player>

	<enemy>
		<race value='Zerg'/>
		<unitScore value='8950'/>
		<unitScore value='8950'/>
		<killScore value='10850'/>
		<buildingScore value='1820'/>
		<razingScore value='0'/>
		<mineralScore value='8730'/>
		<gasScore value='2408'/>
		<totalScore value='32758'/>
	</enemy>

	<scoreRatio value='1.97097'/>
	<timeFitness value='0.800972'/>
	<unitsAverage value='77'/>
</results>
