<results>
	<result value='win'/>
	<start value='2015-05-02.22:50:42'/>
	<end value='2015-05-02.22:51:41'/>
	<frames value='33761'/>
	<gameDuration value='2110'/>

	<player>
		<unitScore value='27450'/>
		<killScore value='38090'/>
		<buildingScore value='3275'/>
		<razingScore value='7050'/>
		<mineralScore value='28746'/>
		<gasScore value='3448'/>
		<totalScore value='108059'/>
	</player>

	<enemy>
		<race value='Zerg'/>
		<unitScore value='17500'/>
		<unitScore value='17500'/>
		<killScore value='36550'/>
		<buildingScore value='2350'/>
		<razingScore value='0'/>
		<mineralScore value='15442'/>
		<gasScore value='4448'/>
		<totalScore value='76290'/>
	</enemy>

	<scoreRatio value='1.41642'/>
	<timeFitness value='0.706944'/>
	<unitsAverage value='99'/>
</results>
