<results>
	<result value='win'/>
	<start value='2015-05-02.22:54:46'/>
	<end value='2015-05-02.22:55:25'/>
	<frames value='24430'/>
	<gameDuration value='1526'/>

	<player>
		<unitScore value='14700'/>
		<killScore value='21880'/>
		<buildingScore value='4275'/>
		<razingScore value='5580'/>
		<mineralScore value='21966'/>
		<gasScore value='2360'/>
		<totalScore value='70761'/>
	</player>

	<enemy>
		<race value='Zerg'/>
		<unitScore value='9625'/>
		<unitScore value='9625'/>
		<killScore value='9750'/>
		<buildingScore value='1860'/>
		<razingScore value='0'/>
		<mineralScore value='9642'/>
		<gasScore value='2816'/>
		<totalScore value='33693'/>
	</enemy>

	<scoreRatio value='2.10017'/>
	<timeFitness value='0.788056'/>
	<unitsAverage value='85'/>
</results>
