<results>
	<result value='win'/>
	<start value='2015-05-06.04:08:12'/>
	<end value='2015-05-06.04:09:15'/>
	<frames value='38814'/>
	<gameDuration value='2425'/>

	<player>
		<unitScore value='29300'/>
		<killScore value='38500'/>
		<buildingScore value='4150'/>
		<razingScore value='17325'/>
		<mineralScore value='33786'/>
		<gasScore value='3728'/>
		<totalScore value='126789'/>
	</player>

	<enemy>
		<race value='Protoss'/>
		<unitScore value='19600'/>
		<unitScore value='19600'/>
		<killScore value='33950'/>
		<buildingScore value='5775'/>
		<razingScore value='525'/>
		<mineralScore value='20602'/>
		<gasScore value='4384'/>
		<totalScore value='84836'/>
	</enemy>

	<scoreRatio value='1.49452'/>
	<timeFitness value='0.663194'/>
	<unitsAverage value='110'/>
</results>
