<results>
	<result value='win'/>
	<start value='2015-05-06.04:18:19'/>
	<end value='2015-05-06.04:18:57'/>
	<frames value='29607'/>
	<gameDuration value='1850'/>

	<player>
		<unitScore value='17825'/>
		<killScore value='18900'/>
		<buildingScore value='3700'/>
		<razingScore value='15075'/>
		<mineralScore value='21322'/>
		<gasScore value='2824'/>
		<totalScore value='79646'/>
	</player>

	<enemy>
		<race value='Protoss'/>
		<unitScore value='9450'/>
		<unitScore value='9450'/>
		<killScore value='15300'/>
		<buildingScore value='5025'/>
		<razingScore value='150'/>
		<mineralScore value='13794'/>
		<gasScore value='4144'/>
		<totalScore value='47863'/>
	</enemy>

	<scoreRatio value='1.66404'/>
	<timeFitness value='0.743056'/>
	<unitsAverage value='86'/>
</results>
