<results>
	<result value='loss'/>
	<start value='2015-05-03.21:52:34'/>
	<end value='2015-05-03.21:52:44'/>
	<frames value='15812'/>
	<gameDuration value='988'/>

	<player>
		<unitScore value='3450'/>
		<killScore value='900'/>
		<buildingScore value='1300'/>
		<razingScore value='0'/>
		<mineralScore value='4922'/>
		<gasScore value='792'/>
		<totalScore value='11364'/>
	</player>

	<enemy>
		<race value='Protoss'/>
		<unitScore value='3600'/>
		<unitScore value='3600'/>
		<killScore value='6800'/>
		<buildingScore value='3375'/>
		<razingScore value='3900'/>
		<mineralScore value='8058'/>
		<gasScore value='1576'/>
		<totalScore value='27309'/>
	</enemy>

	<scoreRatio value='0.416127'/>
	<timeFitness value='0.137222'/>
	<unitsAverage value='24'/>
</results>
