<results>
	<result value='loss'/>
	<start value='2015-04-08.17:23:47'/>
	<end value='2015-04-08.17:23:55'/>
	<frames value='15843'/>
	<gameDuration value='990'/>

	<player>
		<unitScore value='3850'/>
		<killScore value='1800'/>
		<buildingScore value='1525'/>
		<razingScore value='0'/>
		<mineralScore value='5474'/>
		<gasScore value='1192'/>
		<totalScore value='13841'/>
	</player>

	<enemy>
		<race value='Protoss'/>
		<unitScore value='3600'/>
		<unitScore value='3600'/>
		<killScore value='7700'/>
		<buildingScore value='3825'/>
		<razingScore value='4575'/>
		<mineralScore value='8346'/>
		<gasScore value='1608'/>
		<totalScore value='29654'/>
	</enemy>

	<scoreRatio value='0.46675'/>
</results>
