<results>
	<result value='loss'/>
	<start value='2015-04-08.17:29:38'/>
	<end value='2015-04-08.17:30:20'/>
	<frames value='47773'/>
	<gameDuration value='2985'/>

	<player>
		<unitScore value='22800'/>
		<killScore value='35500'/>
		<buildingScore value='2425'/>
		<razingScore value='3150'/>
		<mineralScore value='24226'/>
		<gasScore value='3752'/>
		<totalScore value='91853'/>
	</player>

	<enemy>
		<race value='Protoss'/>
		<unitScore value='31825'/>
		<unitScore value='31825'/>
		<killScore value='45600'/>
		<buildingScore value='8025'/>
		<razingScore value='7275'/>
		<mineralScore value='31014'/>
		<gasScore value='9704'/>
		<totalScore value='133443'/>
	</enemy>

	<scoreRatio value='0.688331'/>
</results>
