<results>
	<result value='loss'/>
	<start value='2015-07-19.10:15:34'/>
	<end value='2015-07-19.10:16:14'/>
	<frames value='36086'/>
	<gameDuration value='2255'/>

	<player>
		<unitScore value='18350'/>
		<killScore value='5400'/>
		<buildingScore value='3125'/>
		<razingScore value='0'/>
		<mineralScore value='19482'/>
		<gasScore value='2184'/>
		<totalScore value='48541'/>
	</player>

	<enemy>
		<race value='Protoss'/>
		<unitScore value='21200'/>
		<killScore value='36400'/>
		<buildingScore value='7175'/>
		<razingScore value='9375'/>
		<mineralScore value='24570'/>
		<gasScore value='9624'/>
		<totalScore value='108344'/>
	</enemy>

	<scoreRatio value='0.448027'/>
	<timeFitness value='0.313194'/>
	<unitsAverage value='53'/>
</results>
