<results>
	<result value='draw'/>
	<start value='2015-07-19.10:40:16'/>
	<end value='2015-07-19.10:43:11'/>
	<frames value='57601'/>
	<gameDuration value='3600'/>

	<player>
		<unitScore value='39525'/>
		<killScore value='31550'/>
		<buildingScore value='5275'/>
		<razingScore value='9375'/>
		<mineralScore value='46666'/>
		<gasScore value='10540'/>
		<totalScore value='142931'/>
	</player>

	<enemy>
		<race value='Protoss'/>
		<unitScore value='18725'/>
		<killScore value='54550'/>
		<buildingScore value='5650'/>
		<razingScore value='375'/>
		<mineralScore value='16314'/>
		<gasScore value='5424'/>
		<totalScore value='101038'/>
	</enemy>

	<scoreRatio value='1.41463'/>
	<timeFitness value='0.5'/>
	<unitsAverage value='169'/>
</results>
