<results>
	<result value='win'/>
	<start value='2015-05-11.12:05:32'/>
	<end value='2015-05-11.12:06:18'/>
	<frames value='25825'/>
	<gameDuration value='1614'/>

	<player>
		<unitScore value='17750'/>
		<killScore value='22650'/>
		<buildingScore value='3525'/>
		<razingScore value='5235'/>
		<mineralScore value='27370'/>
		<gasScore value='2856'/>
		<totalScore value='79386'/>
	</player>

	<enemy>
		<race value='Zerg'/>
		<unitScore value='10725'/>
		<unitScore value='10725'/>
		<killScore value='15700'/>
		<buildingScore value='1745'/>
		<razingScore value='0'/>
		<mineralScore value='10970'/>
		<gasScore value='3768'/>
		<totalScore value='42908'/>
	</enemy>

	<scoreRatio value='1.85014'/>
	<timeFitness value='0.775833'/>
	<unitsAverage value='95'/>
</results>
