<results>
	<result value='draw'/>
	<start value='2015-05-09.14:53:43'/>
	<end value='2015-05-09.14:54:52'/>
	<frames value='57601'/>
	<gameDuration value='3600'/>

	<player>
		<unitScore value='34350'/>
		<killScore value='68850'/>
		<buildingScore value='3475'/>
		<razingScore value='9600'/>
		<mineralScore value='33570'/>
		<gasScore value='4648'/>
		<totalScore value='154493'/>
	</player>

	<enemy>
		<race value='Protoss'/>
		<unitScore value='38175'/>
		<unitScore value='38175'/>
		<killScore value='56550'/>
		<buildingScore value='7525'/>
		<razingScore value='150'/>
		<mineralScore value='29458'/>
		<gasScore value='10904'/>
		<totalScore value='142762'/>
	</enemy>

	<scoreRatio value='1.08217'/>
	<timeFitness value='0.5'/>
	<unitsAverage value='119'/>
</results>
