<results>
	<result value='loss'/>
	<start value='2015-05-03.09:55:20'/>
	<end value='2015-05-03.09:55:26'/>
	<frames value='15068'/>
	<gameDuration value='941'/>

	<player>
		<unitScore value='2650'/>
		<killScore value='400'/>
		<buildingScore value='1625'/>
		<razingScore value='0'/>
		<mineralScore value='4202'/>
		<gasScore value='528'/>
		<totalScore value='9405'/>
	</player>

	<enemy>
		<race value='Protoss'/>
		<unitScore value='3550'/>
		<unitScore value='3550'/>
		<killScore value='5000'/>
		<buildingScore value='2625'/>
		<razingScore value='4875'/>
		<mineralScore value='7658'/>
		<gasScore value='1360'/>
		<totalScore value='25068'/>
	</enemy>

	<scoreRatio value='0.375179'/>
	<timeFitness value='0.130694'/>
	<unitsAverage value='19'/>
</results>
