<results>
	<result value='loss'/>
	<start value='2015-05-03.09:56:10'/>
	<end value='2015-05-03.09:56:43'/>
	<frames value='40209'/>
	<gameDuration value='2513'/>

	<player>
		<unitScore value='19225'/>
		<killScore value='21500'/>
		<buildingScore value='2875'/>
		<razingScore value='750'/>
		<mineralScore value='20402'/>
		<gasScore value='3208'/>
		<totalScore value='67960'/>
	</player>

	<enemy>
		<race value='Protoss'/>
		<unitScore value='29050'/>
		<unitScore value='29050'/>
		<killScore value='38450'/>
		<buildingScore value='7425'/>
		<razingScore value='8625'/>
		<mineralScore value='27762'/>
		<gasScore value='10528'/>
		<totalScore value='121840'/>
	</enemy>

	<scoreRatio value='0.557781'/>
	<timeFitness value='0.349028'/>
	<unitsAverage value='76'/>
</results>
