<results>
	<result value='loss'/>
	<start value='2015-05-09.14:59:39'/>
	<end value='2015-05-09.14:59:45'/>
	<frames value='15130'/>
	<gameDuration value='945'/>

	<player>
		<unitScore value='2600'/>
		<killScore value='600'/>
		<buildingScore value='1625'/>
		<razingScore value='0'/>
		<mineralScore value='4370'/>
		<gasScore value='824'/>
		<totalScore value='10019'/>
	</player>

	<enemy>
		<race value='Protoss'/>
		<unitScore value='3550'/>
		<unitScore value='3550'/>
		<killScore value='5200'/>
		<buildingScore value='2975'/>
		<razingScore value='4875'/>
		<mineralScore value='7922'/>
		<gasScore value='1488'/>
		<totalScore value='26010'/>
	</enemy>

	<scoreRatio value='0.385198'/>
	<timeFitness value='0.13125'/>
	<unitsAverage value='20'/>
</results>
