<results>
	<result value='loss'/>
	<start value='2015-05-03.10:00:33'/>
	<end value='2015-05-03.10:00:52'/>
	<frames value='33048'/>
	<gameDuration value='2065'/>

	<player>
		<unitScore value='9850'/>
		<killScore value='10100'/>
		<buildingScore value='2825'/>
		<razingScore value='300'/>
		<mineralScore value='13738'/>
		<gasScore value='1992'/>
		<totalScore value='38805'/>
	</player>

	<enemy>
		<race value='Protoss'/>
		<unitScore value='19100'/>
		<unitScore value='19100'/>
		<killScore value='19800'/>
		<buildingScore value='6125'/>
		<razingScore value='8475'/>
		<mineralScore value='20154'/>
		<gasScore value='8066'/>
		<totalScore value='81720'/>
	</enemy>

	<scoreRatio value='0.474853'/>
	<timeFitness value='0.286806'/>
	<unitsAverage value='45'/>
</results>
