<results>
	<result value='loss'/>
	<start value='2015-07-19.07:43:51'/>
	<end value='2015-07-19.07:44:21'/>
	<frames value='26631'/>
	<gameDuration value='1664'/>

	<player>
		<unitScore value='12275'/>
		<killScore value='4250'/>
		<buildingScore value='2850'/>
		<razingScore value='0'/>
		<mineralScore value='26054'/>
		<gasScore value='1848'/>
		<totalScore value='47277'/>
	</player>

	<enemy>
		<race value='Zerg'/>
		<unitScore value='12950'/>
		<killScore value='24550'/>
		<buildingScore value='3135'/>
		<razingScore value='8550'/>
		<mineralScore value='15886'/>
		<gasScore value='4256'/>
		<totalScore value='69327'/>
	</enemy>

	<scoreRatio value='0.681942'/>
	<timeFitness value='0.231111'/>
	<unitsAverage value='66'/>
</results>
