<results>
	<result value='win'/>
	<start value='2015-05-11.05:43:15'/>
	<end value='2015-05-11.05:43:55'/>
	<frames value='24647'/>
	<gameDuration value='1540'/>

	<player>
		<unitScore value='14950'/>
		<killScore value='27500'/>
		<buildingScore value='3950'/>
		<razingScore value='5160'/>
		<mineralScore value='25582'/>
		<gasScore value='2024'/>
		<totalScore value='79166'/>
	</player>

	<enemy>
		<race value='Zerg'/>
		<unitScore value='12325'/>
		<unitScore value='12325'/>
		<killScore value='10850'/>
		<buildingScore value='1720'/>
		<razingScore value='0'/>
		<mineralScore value='11378'/>
		<gasScore value='3552'/>
		<totalScore value='39825'/>
	</enemy>

	<scoreRatio value='1.98785'/>
	<timeFitness value='0.786111'/>
	<unitsAverage value='92'/>
</results>
