<results>
	<result value='win'/>
	<start value='2015-05-11.05:49:29'/>
	<end value='2015-05-11.05:50:14'/>
	<frames value='25980'/>
	<gameDuration value='1623'/>

	<player>
		<unitScore value='18450'/>
		<killScore value='22130'/>
		<buildingScore value='4775'/>
		<razingScore value='5580'/>
		<mineralScore value='25758'/>
		<gasScore value='1688'/>
		<totalScore value='78381'/>
	</player>

	<enemy>
		<race value='Zerg'/>
		<unitScore value='10425'/>
		<unitScore value='10425'/>
		<killScore value='14550'/>
		<buildingScore value='1860'/>
		<razingScore value='0'/>
		<mineralScore value='9922'/>
		<gasScore value='3232'/>
		<totalScore value='39989'/>
	</enemy>

	<scoreRatio value='1.96006'/>
	<timeFitness value='0.774583'/>
	<unitsAverage value='103'/>
</results>
