<results>
	<result value='draw'/>
	<start value='2015-05-09.21:22:06'/>
	<end value='2015-05-09.21:23:14'/>
	<frames value='57601'/>
	<gameDuration value='3600'/>

	<player>
		<unitScore value='32675'/>
		<killScore value='60400'/>
		<buildingScore value='3425'/>
		<razingScore value='900'/>
		<mineralScore value='31510'/>
		<gasScore value='7844'/>
		<totalScore value='136754'/>
	</player>

	<enemy>
		<race value='Protoss'/>
		<unitScore value='39475'/>
		<unitScore value='39475'/>
		<killScore value='52900'/>
		<buildingScore value='6425'/>
		<razingScore value='4350'/>
		<mineralScore value='31550'/>
		<gasScore value='11614'/>
		<totalScore value='146314'/>
	</enemy>

	<scoreRatio value='0.934661'/>
	<timeFitness value='0.5'/>
	<unitsAverage value='113'/>
</results>
