<results>
	<result value='loss'/>
	<start value='2015-05-09.21:28:59'/>
	<end value='2015-05-09.21:29:06'/>
	<frames value='16525'/>
	<gameDuration value='1032'/>

	<player>
		<unitScore value='4425'/>
		<killScore value='800'/>
		<buildingScore value='1525'/>
		<razingScore value='0'/>
		<mineralScore value='6074'/>
		<gasScore value='1160'/>
		<totalScore value='13984'/>
	</player>

	<enemy>
		<race value='Protoss'/>
		<unitScore value='5175'/>
		<unitScore value='5175'/>
		<killScore value='8850'/>
		<buildingScore value='3275'/>
		<razingScore value='4425'/>
		<mineralScore value='8386'/>
		<gasScore value='2328'/>
		<totalScore value='32439'/>
	</enemy>

	<scoreRatio value='0.431086'/>
	<timeFitness value='0.143333'/>
	<unitsAverage value='28'/>
</results>
