<results>
	<result value='win'/>
	<start value='2015-05-07.17:59:25'/>
	<end value='2015-05-07.17:59:46'/>
	<frames value='25980'/>
	<gameDuration value='1623'/>

	<player>
		<unitScore value='14325'/>
		<killScore value='25550'/>
		<buildingScore value='3050'/>
		<razingScore value='5460'/>
		<mineralScore value='22794'/>
		<gasScore value='2744'/>
		<totalScore value='73923'/>
	</player>

	<enemy>
		<race value='Zerg'/>
		<unitScore value='11625'/>
		<unitScore value='11625'/>
		<killScore value='10500'/>
		<buildingScore value='1820'/>
		<razingScore value='0'/>
		<mineralScore value='10474'/>
		<gasScore value='2872'/>
		<totalScore value='37291'/>
	</enemy>

	<scoreRatio value='1.98233'/>
	<timeFitness value='0.774583'/>
	<unitsAverage value='88'/>
</results>
