<results>
	<result value='win'/>
	<start value='2015-05-07.18:06:40'/>
	<end value='2015-05-07.18:07:12'/>
	<frames value='30940'/>
	<gameDuration value='1933'/>

	<player>
		<unitScore value='22225'/>
		<killScore value='36330'/>
		<buildingScore value='4200'/>
		<razingScore value='5400'/>
		<mineralScore value='32726'/>
		<gasScore value='3288'/>
		<totalScore value='104169'/>
	</player>

	<enemy>
		<race value='Zerg'/>
		<unitScore value='16800'/>
		<unitScore value='16800'/>
		<killScore value='22450'/>
		<buildingScore value='1800'/>
		<razingScore value='0'/>
		<mineralScore value='13830'/>
		<gasScore value='4472'/>
		<totalScore value='59352'/>
	</enemy>

	<scoreRatio value='1.75511'/>
	<timeFitness value='0.731528'/>
	<unitsAverage value='113'/>
</results>
