<results>
	<result value='win'/>
	<start value='2015-05-07.18:40:00'/>
	<end value='2015-05-07.18:40:40'/>
	<frames value='26724'/>
	<gameDuration value='1670'/>

	<player>
		<unitScore value='16750'/>
		<killScore value='25635'/>
		<buildingScore value='4375'/>
		<razingScore value='5940'/>
		<mineralScore value='26770'/>
		<gasScore value='2288'/>
		<totalScore value='81758'/>
	</player>

	<enemy>
		<race value='Zerg'/>
		<unitScore value='11300'/>
		<unitScore value='11300'/>
		<killScore value='12300'/>
		<buildingScore value='1980'/>
		<razingScore value='0'/>
		<mineralScore value='11106'/>
		<gasScore value='3584'/>
		<totalScore value='40270'/>
	</enemy>

	<scoreRatio value='2.03025'/>
	<timeFitness value='0.768056'/>
	<unitsAverage value='102'/>
</results>
