<results>
	<result value='loss'/>
	<start value='2014-07-11.18:24:01'/>
	<end value='2014-07-11.18:24:10'/>
	<frames value='17424'/>
	<gameDuration value='1089'/>

	<player>
		<unitScore value='4300'/>
		<killScore value='1050'/>
		<buildingScore value='1525'/>
		<razingScore value='0'/>
		<mineralScore value='5930'/>
		<gasScore value='712'/>
		<totalScore value='13517'/>
	</player>

	<enemy>
		<race value='Terran'/>
		<unitScore value='6275'/>
		<unitScore value='6275'/>
		<killScore value='8600'/>
		<buildingScore value='2625'/>
		<razingScore value='4575'/>
		<mineralScore value='7978'/>
		<gasScore value='2576'/>
		<totalScore value='32629'/>
	</enemy>

	<scoreRatio value='0.414263'/>
</results>
