<results>
	<result value='loss'/>
	<start value='2015-07-09.04:55:22'/>
	<end value='2015-07-09.04:56:10'/>
	<frames value='38008'/>
	<gameDuration value='2375'/>

	<player>
		<unitScore value='11475'/>
		<killScore value='8350'/>
		<buildingScore value='2575'/>
		<razingScore value='0'/>
		<mineralScore value='11706'/>
		<gasScore value='1712'/>
		<totalScore value='35818'/>
	</player>

	<enemy>
		<race value='Terran'/>
		<unitScore value='11975'/>
		<killScore value='22000'/>
		<buildingScore value='3875'/>
		<razingScore value='7725'/>
		<mineralScore value='16506'/>
		<gasScore value='7940'/>
		<totalScore value='70021'/>
	</enemy>

	<scoreRatio value='0.511532'/>
	<timeFitness value='0.329861'/>
	<unitsAverage value='30'/>
</results>
