<results>
	<result value='draw'/>
	<start value='2015-07-09.04:57:36'/>
	<end value='2015-07-09.05:01:38'/>
	<frames value='57601'/>
	<gameDuration value='3600'/>

	<player>
		<unitScore value='27075'/>
		<killScore value='25200'/>
		<buildingScore value='5450'/>
		<razingScore value='2925'/>
		<mineralScore value='51010'/>
		<gasScore value='11296'/>
		<totalScore value='122956'/>
	</player>

	<enemy>
		<race value='Terran'/>
		<unitScore value='14600'/>
		<killScore value='28050'/>
		<buildingScore value='2300'/>
		<razingScore value='375'/>
		<mineralScore value='12050'/>
		<gasScore value='5866'/>
		<totalScore value='63241'/>
	</enemy>

	<scoreRatio value='1.94424'/>
	<timeFitness value='0.5'/>
	<unitsAverage value='175'/>
</results>
