<results>
	<result value='draw'/>
	<start value='2015-04-11.06:18:33'/>
	<end value='2015-04-11.06:21:00'/>
	<frames value='57601'/>
	<gameDuration value='3600'/>

	<player>
		<unitScore value='31475'/>
		<killScore value='50500'/>
		<buildingScore value='4300'/>
		<razingScore value='6000'/>
		<mineralScore value='35614'/>
		<gasScore value='7296'/>
		<totalScore value='135185'/>
	</player>

	<enemy>
		<race value='Protoss'/>
		<unitScore value='29550'/>
		<unitScore value='29550'/>
		<killScore value='43450'/>
		<buildingScore value='6325'/>
		<razingScore value='225'/>
		<mineralScore value='25858'/>
		<gasScore value='8936'/>
		<totalScore value='114344'/>
	</enemy>

	<scoreRatio value='1.18227'/>
</results>
