<results>
	<result value='win'/>
	<start value='2015-04-13.12:42:11'/>
	<end value='2015-04-13.12:42:37'/>
	<frames value='29545'/>
	<gameDuration value='1846'/>

	<player>
		<unitScore value='17425'/>
		<killScore value='18600'/>
		<buildingScore value='3875'/>
		<razingScore value='19200'/>
		<mineralScore value='23254'/>
		<gasScore value='3104'/>
		<totalScore value='85458'/>
	</player>

	<enemy>
		<race value='Protoss'/>
		<unitScore value='9300'/>
		<unitScore value='9300'/>
		<killScore value='13750'/>
		<buildingScore value='6400'/>
		<razingScore value='150'/>
		<mineralScore value='16530'/>
		<gasScore value='4136'/>
		<totalScore value='50266'/>
	</enemy>

	<scoreRatio value='1.70012'/>
</results>
