<results>
	<result value='win'/>
	<start value='2015-04-17.02:00:48'/>
	<end value='2015-04-17.02:02:08'/>
	<frames value='33792'/>
	<gameDuration value='2112'/>

	<player>
		<unitScore value='26725'/>
		<killScore value='23850'/>
		<buildingScore value='4425'/>
		<razingScore value='16950'/>
		<mineralScore value='33050'/>
		<gasScore value='3440'/>
		<totalScore value='108440'/>
	</player>

	<enemy>
		<race value='Protoss'/>
		<unitScore value='12200'/>
		<unitScore value='12200'/>
		<killScore value='30300'/>
		<buildingScore value='5650'/>
		<razingScore value='0'/>
		<mineralScore value='18062'/>
		<gasScore value='2464'/>
		<totalScore value='68676'/>
	</enemy>

	<scoreRatio value='1.57901'/>
</results>
