<results>
	<result value='win'/>
	<start value='2015-04-26.16:39:27'/>
	<end value='2015-04-26.16:39:47'/>
	<frames value='22384'/>
	<gameDuration value='1399'/>

	<player>
		<unitScore value='11750'/>
		<killScore value='17100'/>
		<buildingScore value='3300'/>
		<razingScore value='6225'/>
		<mineralScore value='17570'/>
		<gasScore value='1824'/>
		<totalScore value='57769'/>
	</player>

	<enemy>
		<race value='Terran'/>
		<unitScore value='8550'/>
		<unitScore value='8550'/>
		<killScore value='9000'/>
		<buildingScore value='2075'/>
		<razingScore value='0'/>
		<mineralScore value='10146'/>
		<gasScore value='3008'/>
		<totalScore value='32779'/>
	</enemy>

	<scoreRatio value='1.76238'/>
</results>
