<results>
	<result value='win'/>
	<start value='2015-04-26.16:42:07'/>
	<end value='2015-04-26.16:42:23'/>
	<frames value='20648'/>
	<gameDuration value='1290'/>

	<player>
		<unitScore value='10325'/>
		<killScore value='13700'/>
		<buildingScore value='2700'/>
		<razingScore value='6375'/>
		<mineralScore value='13602'/>
		<gasScore value='1576'/>
		<totalScore value='48278'/>
	</player>

	<enemy>
		<race value='Terran'/>
		<unitScore value='6850'/>
		<unitScore value='6850'/>
		<killScore value='6300'/>
		<buildingScore value='2125'/>
		<razingScore value='150'/>
		<mineralScore value='9386'/>
		<gasScore value='3096'/>
		<totalScore value='27907'/>
	</enemy>

	<scoreRatio value='1.72996'/>
</results>
