<results>
	<result value='loss'/>
	<start value='2015-05-03.15:33:27'/>
	<end value='2015-05-03.15:33:36'/>
	<frames value='19253'/>
	<gameDuration value='1203'/>

	<player>
		<unitScore value='5175'/>
		<killScore value='3500'/>
		<buildingScore value='1675'/>
		<razingScore value='0'/>
		<mineralScore value='6754'/>
		<gasScore value='1248'/>
		<totalScore value='18352'/>
	</player>

	<enemy>
		<race value='Protoss'/>
		<unitScore value='5525'/>
		<unitScore value='5525'/>
		<killScore value='10350'/>
		<buildingScore value='4375'/>
		<razingScore value='5025'/>
		<mineralScore value='10098'/>
		<gasScore value='2672'/>
		<totalScore value='38045'/>
	</enemy>

	<scoreRatio value='0.482376'/>
	<timeFitness value='0.167083'/>
	<unitsAverage value='30'/>
</results>
