<results>
	<result value='loss'/>
	<start value='2015-07-12.12:43:59'/>
	<end value='2015-07-12.12:44:08'/>
	<frames value='19098'/>
	<gameDuration value='1193'/>

	<player>
		<unitScore value='5800'/>
		<killScore value='1350'/>
		<buildingScore value='2500'/>
		<razingScore value='150'/>
		<mineralScore value='7634'/>
		<gasScore value='1048'/>
		<totalScore value='18482'/>
	</player>

	<enemy>
		<race value='Terran'/>
		<unitScore value='7350'/>
		<killScore value='11600'/>
		<buildingScore value='2950'/>
		<razingScore value='7500'/>
		<mineralScore value='8778'/>
		<gasScore value='3080'/>
		<totalScore value='41258'/>
	</enemy>

	<scoreRatio value='0.447962'/>
	<timeFitness value='0.165694'/>
	<unitsAverage value='28'/>
</results>
