<results>
	<result value='win'/>
	<start value='2015-07-12.12:51:37'/>
	<end value='2015-07-12.12:51:47'/>
	<frames value='16711'/>
	<gameDuration value='1044'/>

	<player>
		<unitScore value='8125'/>
		<killScore value='7700'/>
		<buildingScore value='2825'/>
		<razingScore value='4125'/>
		<mineralScore value='12354'/>
		<gasScore value='1544'/>
		<totalScore value='36673'/>
	</player>

	<enemy>
		<race value='Terran'/>
		<unitScore value='3850'/>
		<killScore value='1600'/>
		<buildingScore value='1375'/>
		<razingScore value='150'/>
		<mineralScore value='6362'/>
		<gasScore value='1472'/>
		<totalScore value='14809'/>
	</enemy>

	<scoreRatio value='2.4764'/>
	<timeFitness value='0.855'/>
	<unitsAverage value='54'/>
</results>
