<results>
	<result value='loss'/>
	<start value='2015-04-11.14:05:46'/>
	<end value='2015-04-11.14:05:59'/>
	<frames value='16928'/>
	<gameDuration value='1058'/>

	<player>
		<unitScore value='2150'/>
		<killScore value='1800'/>
		<buildingScore value='1225'/>
		<razingScore value='0'/>
		<mineralScore value='3818'/>
		<gasScore value='648'/>
		<totalScore value='9641'/>
	</player>

	<enemy>
		<race value='Protoss'/>
		<unitScore value='3600'/>
		<unitScore value='3600'/>
		<killScore value='4300'/>
		<buildingScore value='4025'/>
		<razingScore value='3675'/>
		<mineralScore value='9114'/>
		<gasScore value='1616'/>
		<totalScore value='26330'/>
	</enemy>

	<scoreRatio value='0.36616'/>
</results>
