<results>
	<result value='win'/>
	<start value='2015-05-06.11:34:39'/>
	<end value='2015-05-06.11:34:55'/>
	<frames value='21330'/>
	<gameDuration value='1333'/>

	<player>
		<unitScore value='11275'/>
		<killScore value='5600'/>
		<buildingScore value='3675'/>
		<razingScore value='9375'/>
		<mineralScore value='18166'/>
		<gasScore value='1912'/>
		<totalScore value='50003'/>
	</player>

	<enemy>
		<race value='Protoss'/>
		<unitScore value='2800'/>
		<unitScore value='2800'/>
		<killScore value='3850'/>
		<buildingScore value='3125'/>
		<razingScore value='0'/>
		<mineralScore value='12906'/>
		<gasScore value='832'/>
		<totalScore value='23513'/>
	</enemy>

	<scoreRatio value='2.12661'/>
	<timeFitness value='0.814861'/>
	<unitsAverage value='80'/>
</results>
