<results>
	<result value='win'/>
	<start value='2015-05-06.11:43:32'/>
	<end value='2015-05-06.11:44:26'/>
	<frames value='40054'/>
	<gameDuration value='2503'/>

	<player>
		<unitScore value='30200'/>
		<killScore value='51650'/>
		<buildingScore value='4225'/>
		<razingScore value='18825'/>
		<mineralScore value='34958'/>
		<gasScore value='4136'/>
		<totalScore value='143994'/>
	</player>

	<enemy>
		<race value='Protoss'/>
		<unitScore value='27500'/>
		<unitScore value='27500'/>
		<killScore value='37850'/>
		<buildingScore value='6275'/>
		<razingScore value='0'/>
		<mineralScore value='24254'/>
		<gasScore value='7832'/>
		<totalScore value='103711'/>
	</enemy>

	<scoreRatio value='1.38842'/>
	<timeFitness value='0.652361'/>
	<unitsAverage value='142'/>
</results>
