<results>
	<result value='win'/>
	<start value='2015-05-06.11:45:56'/>
	<end value='2015-05-06.11:46:29'/>
	<frames value='32893'/>
	<gameDuration value='2055'/>

	<player>
		<unitScore value='20550'/>
		<killScore value='20900'/>
		<buildingScore value='4075'/>
		<razingScore value='19125'/>
		<mineralScore value='29966'/>
		<gasScore value='3768'/>
		<totalScore value='98384'/>
	</player>

	<enemy>
		<race value='Protoss'/>
		<unitScore value='11375'/>
		<unitScore value='11375'/>
		<killScore value='17350'/>
		<buildingScore value='6375'/>
		<razingScore value='150'/>
		<mineralScore value='14994'/>
		<gasScore value='3056'/>
		<totalScore value='53300'/>
	</enemy>

	<scoreRatio value='1.84585'/>
	<timeFitness value='0.714583'/>
	<unitsAverage value='105'/>
</results>
