<results>
	<result value='win'/>
	<start value='2015-05-06.11:50:17'/>
	<end value='2015-05-06.11:50:59'/>
	<frames value='38814'/>
	<gameDuration value='2425'/>

	<player>
		<unitScore value='27275'/>
		<killScore value='37200'/>
		<buildingScore value='3800'/>
		<razingScore value='20775'/>
		<mineralScore value='29966'/>
		<gasScore value='4200'/>
		<totalScore value='123216'/>
	</player>

	<enemy>
		<race value='Protoss'/>
		<unitScore value='19300'/>
		<unitScore value='19300'/>
		<killScore value='31000'/>
		<buildingScore value='6925'/>
		<razingScore value='300'/>
		<mineralScore value='19922'/>
		<gasScore value='7824'/>
		<totalScore value='85271'/>
	</enemy>

	<scoreRatio value='1.44499'/>
	<timeFitness value='0.663194'/>
	<unitsAverage value='110'/>
</results>
