<results>
	<result value='win'/>
	<start value='2015-05-06.11:53:42'/>
	<end value='2015-05-06.11:54:22'/>
	<frames value='33761'/>
	<gameDuration value='2110'/>

	<player>
		<unitScore value='23625'/>
		<killScore value='33850'/>
		<buildingScore value='4375'/>
		<razingScore value='16575'/>
		<mineralScore value='34942'/>
		<gasScore value='3792'/>
		<totalScore value='117159'/>
	</player>

	<enemy>
		<race value='Protoss'/>
		<unitScore value='17150'/>
		<unitScore value='17150'/>
		<killScore value='23200'/>
		<buildingScore value='5525'/>
		<razingScore value='0'/>
		<mineralScore value='21186'/>
		<gasScore value='4840'/>
		<totalScore value='71901'/>
	</enemy>

	<scoreRatio value='1.62945'/>
	<timeFitness value='0.706944'/>
	<unitsAverage value='127'/>
</results>
