<results>
	<result value='win'/>
	<start value='2015-05-06.12:02:41'/>
	<end value='2015-05-06.12:03:09'/>
	<frames value='27592'/>
	<gameDuration value='1724'/>

	<player>
		<unitScore value='17300'/>
		<killScore value='13300'/>
		<buildingScore value='4525'/>
		<razingScore value='10950'/>
		<mineralScore value='27866'/>
		<gasScore value='2512'/>
		<totalScore value='76453'/>
	</player>

	<enemy>
		<race value='Protoss'/>
		<unitScore value='6650'/>
		<unitScore value='6650'/>
		<killScore value='11200'/>
		<buildingScore value='3650'/>
		<razingScore value='0'/>
		<mineralScore value='15974'/>
		<gasScore value='1008'/>
		<totalScore value='38482'/>
	</enemy>

	<scoreRatio value='1.98672'/>
	<timeFitness value='0.760556'/>
	<unitsAverage value='112'/>
</results>
