<results>
	<result value='win'/>
	<start value='2015-05-06.12:02:05'/>
	<end value='2015-05-06.12:02:38'/>
	<frames value='33389'/>
	<gameDuration value='2086'/>

	<player>
		<unitScore value='22450'/>
		<killScore value='24000'/>
		<buildingScore value='3975'/>
		<razingScore value='20025'/>
		<mineralScore value='27446'/>
		<gasScore value='2984'/>
		<totalScore value='100880'/>
	</player>

	<enemy>
		<race value='Protoss'/>
		<unitScore value='12700'/>
		<unitScore value='12700'/>
		<killScore value='22700'/>
		<buildingScore value='6675'/>
		<razingScore value='0'/>
		<mineralScore value='17746'/>
		<gasScore value='5152'/>
		<totalScore value='64973'/>
	</enemy>

	<scoreRatio value='1.55264'/>
	<timeFitness value='0.710278'/>
	<unitsAverage value='106'/>
</results>
