<results>
	<result value='loss'/>
	<start value='2015-05-06.12:07:23'/>
	<end value='2015-05-06.12:07:31'/>
	<frames value='17207'/>
	<gameDuration value='1075'/>

	<player>
		<unitScore value='3875'/>
		<killScore value='3300'/>
		<buildingScore value='1625'/>
		<razingScore value='0'/>
		<mineralScore value='5850'/>
		<gasScore value='992'/>
		<totalScore value='15642'/>
	</player>

	<enemy>
		<race value='Protoss'/>
		<unitScore value='3600'/>
		<unitScore value='3600'/>
		<killScore value='7550'/>
		<buildingScore value='4025'/>
		<razingScore value='4875'/>
		<mineralScore value='9066'/>
		<gasScore value='1640'/>
		<totalScore value='30756'/>
	</enemy>

	<scoreRatio value='0.508584'/>
	<timeFitness value='0.149306'/>
	<unitsAverage value='29'/>
</results>
