<results>
	<result value='win'/>
	<start value='2014-07-24.04:10:38'/>
	<end value='2014-07-24.04:11:01'/>
	<frames value='33079'/>
	<gameDuration value='2067'/>

	<player>
		<unitScore value='14475'/>
		<killScore value='26950'/>
		<buildingScore value='3275'/>
		<razingScore value='10500'/>
		<mineralScore value='17546'/>
		<gasScore value='2144'/>
		<totalScore value='74890'/>
	</player>

	<enemy>
		<race value='Terran'/>
		<unitScore value='15675'/>
		<unitScore value='15675'/>
		<killScore value='13000'/>
		<buildingScore value='3500'/>
		<razingScore value='3000'/>
		<mineralScore value='14290'/>
		<gasScore value='7216'/>
		<totalScore value='56681'/>
	</enemy>

	<scoreRatio value='1.32125'/>
</results>
