<results>
	<result value='draw'/>
	<start value='2014-07-04.02:44:04'/>
	<end value='2014-07-04.02:45:11'/>
	<frames value='57601'/>
	<gameDuration value='3600'/>

	<player>
		<unitScore value='34900'/>
		<killScore value='49050'/>
		<buildingScore value='3575'/>
		<razingScore value='10500'/>
		<mineralScore value='36246'/>
		<gasScore value='8520'/>
		<totalScore value='142791'/>
	</player>

	<enemy>
		<race value='Protoss'/>
		<unitScore value='26325'/>
		<unitScore value='26325'/>
		<killScore value='58900'/>
		<buildingScore value='6350'/>
		<razingScore value='0'/>
		<mineralScore value='26742'/>
		<gasScore value='10928'/>
		<totalScore value='129245'/>
	</enemy>

	<scoreRatio value='1.10481'/>
</results>
