<results>
	<result value='win'/>
	<start value='2014-07-03.02:30:26'/>
	<end value='2014-07-03.02:31:00'/>
	<frames value='35528'/>
	<gameDuration value='2220'/>

	<player>
		<unitScore value='21625'/>
		<killScore value='24100'/>
		<buildingScore value='3775'/>
		<razingScore value='17700'/>
		<mineralScore value='32206'/>
		<gasScore value='4048'/>
		<totalScore value='103454'/>
	</player>

	<enemy>
		<race value='Protoss'/>
		<unitScore value='12500'/>
		<unitScore value='12500'/>
		<killScore value='20550'/>
		<buildingScore value='5900'/>
		<razingScore value='300'/>
		<mineralScore value='17422'/>
		<gasScore value='5616'/>
		<totalScore value='62288'/>
	</enemy>

	<scoreRatio value='1.6609'/>
</results>
