<results>
	<result value='win'/>
	<start value='2014-07-24.15:14:36'/>
	<end value='2014-07-24.15:15:32'/>
	<frames value='43464'/>
	<gameDuration value='2716'/>

	<player>
		<unitScore value='18325'/>
		<killScore value='25850'/>
		<buildingScore value='4675'/>
		<razingScore value='12300'/>
		<mineralScore value='38374'/>
		<gasScore value='3840'/>
		<totalScore value='103364'/>
	</player>

	<enemy>
		<race value='Terran'/>
		<unitScore value='14825'/>
		<unitScore value='14825'/>
		<killScore value='11100'/>
		<buildingScore value='4100'/>
		<razingScore value='1650'/>
		<mineralScore value='14202'/>
		<gasScore value='6524'/>
		<totalScore value='52401'/>
	</enemy>

	<scoreRatio value='1.97256'/>
</results>
