<results>
	<result value='win'/>
	<start value='2015-04-13.05:52:55'/>
	<end value='2015-04-13.05:53:10'/>
	<frames value='21516'/>
	<gameDuration value='1344'/>

	<player>
		<unitScore value='12350'/>
		<killScore value='9400'/>
		<buildingScore value='3000'/>
		<razingScore value='11475'/>
		<mineralScore value='16570'/>
		<gasScore value='1824'/>
		<totalScore value='54619'/>
	</player>

	<enemy>
		<race value='Protoss'/>
		<unitScore value='4700'/>
		<unitScore value='4700'/>
		<killScore value='9750'/>
		<buildingScore value='3825'/>
		<razingScore value='0'/>
		<mineralScore value='12602'/>
		<gasScore value='888'/>
		<totalScore value='31765'/>
	</enemy>

	<scoreRatio value='1.71947'/>
</results>
