<results>
	<result value='loss'/>
	<start value='2015-04-13.05:54:49'/>
	<end value='2015-04-13.05:54:55'/>
	<frames value='14386'/>
	<gameDuration value='899'/>

	<player>
		<unitScore value='2475'/>
		<killScore value='600'/>
		<buildingScore value='1500'/>
		<razingScore value='0'/>
		<mineralScore value='4226'/>
		<gasScore value='832'/>
		<totalScore value='9633'/>
	</player>

	<enemy>
		<race value='Protoss'/>
		<unitScore value='3550'/>
		<unitScore value='3550'/>
		<killScore value='4950'/>
		<buildingScore value='2475'/>
		<razingScore value='4500'/>
		<mineralScore value='7602'/>
		<gasScore value='1296'/>
		<totalScore value='24373'/>
	</enemy>

	<scoreRatio value='0.395232'/>
</results>
