<results>
	<result value='loss'/>
	<start value='2015-05-11.18:01:54'/>
	<end value='2015-05-11.18:02:02'/>
	<frames value='14355'/>
	<gameDuration value='897'/>

	<player>
		<unitScore value='2450'/>
		<killScore value='400'/>
		<buildingScore value='1575'/>
		<razingScore value='0'/>
		<mineralScore value='4306'/>
		<gasScore value='784'/>
		<totalScore value='9515'/>
	</player>

	<enemy>
		<race value='Protoss'/>
		<unitScore value='3550'/>
		<unitScore value='3550'/>
		<killScore value='4900'/>
		<buildingScore value='2425'/>
		<razingScore value='4725'/>
		<mineralScore value='7434'/>
		<gasScore value='1216'/>
		<totalScore value='24250'/>
	</enemy>

	<scoreRatio value='0.392371'/>
	<timeFitness value='0.124583'/>
	<unitsAverage value='20'/>
</results>
