<results>
	<result value='loss'/>
	<start value='2015-05-03.00:56:58'/>
	<end value='2015-05-03.00:57:15'/>
	<frames value='33389'/>
	<gameDuration value='2086'/>

	<player>
		<unitScore value='8050'/>
		<killScore value='6700'/>
		<buildingScore value='2125'/>
		<razingScore value='0'/>
		<mineralScore value='9646'/>
		<gasScore value='2352'/>
		<totalScore value='28873'/>
	</player>

	<enemy>
		<race value='Protoss'/>
		<unitScore value='21925'/>
		<unitScore value='21925'/>
		<killScore value='16100'/>
		<buildingScore value='7550'/>
		<razingScore value='6375'/>
		<mineralScore value='26122'/>
		<gasScore value='8964'/>
		<totalScore value='87036'/>
	</enemy>

	<scoreRatio value='0.331736'/>
	<timeFitness value='0.289722'/>
	<unitsAverage value='41'/>
</results>
