<results>
	<result value='loss'/>
	<start value='2015-05-03.00:58:09'/>
	<end value='2015-05-03.00:58:42'/>
	<frames value='33265'/>
	<gameDuration value='2079'/>

	<player>
		<unitScore value='17875'/>
		<killScore value='13300'/>
		<buildingScore value='4750'/>
		<razingScore value='0'/>
		<mineralScore value='21762'/>
		<gasScore value='2688'/>
		<totalScore value='60375'/>
	</player>

	<enemy>
		<race value='Protoss'/>
		<unitScore value='20880'/>
		<unitScore value='20880'/>
		<killScore value='29150'/>
		<buildingScore value='7650'/>
		<razingScore value='14250'/>
		<mineralScore value='25678'/>
		<gasScore value='8536'/>
		<totalScore value='106144'/>
	</enemy>

	<scoreRatio value='0.568803'/>
	<timeFitness value='0.28875'/>
	<unitsAverage value='92'/>
</results>
