<results>
	<result value='loss'/>
	<start value='2015-07-15.08:06:19'/>
	<end value='2015-07-15.08:06:41'/>
	<frames value='22446'/>
	<gameDuration value='1402'/>

	<player>
		<unitScore value='7625'/>
		<killScore value='3300'/>
		<buildingScore value='2825'/>
		<razingScore value='0'/>
		<mineralScore value='9450'/>
		<gasScore value='1208'/>
		<totalScore value='24408'/>
	</player>

	<enemy>
		<race value='Terran'/>
		<unitScore value='8050'/>
		<killScore value='12750'/>
		<buildingScore value='2700'/>
		<razingScore value='8475'/>
		<mineralScore value='10518'/>
		<gasScore value='3880'/>
		<totalScore value='46373'/>
	</enemy>

	<scoreRatio value='0.526341'/>
	<timeFitness value='0.194722'/>
	<unitsAverage value='39'/>
</results>
