<results>
	<result value='draw'/>
	<start value='2015-05-02.21:18:09'/>
	<end value='2015-05-02.21:19:16'/>
	<frames value='57601'/>
	<gameDuration value='3600'/>

	<player>
		<unitScore value='20450'/>
		<killScore value='46150'/>
		<buildingScore value='2325'/>
		<razingScore value='14100'/>
		<mineralScore value='22574'/>
		<gasScore value='3000'/>
		<totalScore value='108599'/>
	</player>

	<enemy>
		<race value='Protoss'/>
		<unitScore value='26800'/>
		<unitScore value='26800'/>
		<killScore value='39100'/>
		<buildingScore value='7775'/>
		<razingScore value='3825'/>
		<mineralScore value='28490'/>
		<gasScore value='14054'/>
		<totalScore value='120044'/>
	</enemy>

	<scoreRatio value='0.90466'/>
	<timeFitness value='0.5'/>
	<unitsAverage value='51'/>
</results>
