<results>
	<result value='loss'/>
	<start value='2015-05-02.21:34:02'/>
	<end value='2015-05-02.21:35:43'/>
	<frames value='56391'/>
	<gameDuration value='3524'/>

	<player>
		<unitScore value='28950'/>
		<killScore value='35250'/>
		<buildingScore value='3475'/>
		<razingScore value='5475'/>
		<mineralScore value='31534'/>
		<gasScore value='4960'/>
		<totalScore value='109644'/>
	</player>

	<enemy>
		<race value='Protoss'/>
		<unitScore value='29350'/>
		<unitScore value='29350'/>
		<killScore value='57900'/>
		<buildingScore value='8675'/>
		<razingScore value='10425'/>
		<mineralScore value='31454'/>
		<gasScore value='11246'/>
		<totalScore value='149050'/>
	</enemy>

	<scoreRatio value='0.735619'/>
	<timeFitness value='0.489444'/>
	<unitsAverage value='99'/>
</results>
