<results>
	<result value='draw'/>
	<start value='2015-03-29.23:27:15'/>
	<end value='2015-03-29.23:29:55'/>
	<frames value='57601'/>
	<gameDuration value='3600'/>

	<player>
		<unitScore value='28700'/>
		<killScore value='20650'/>
		<buildingScore value='5025'/>
		<razingScore value='23625'/>
		<mineralScore value='36102'/>
		<gasScore value='5296'/>
		<totalScore value='119398'/>
	</player>

	<enemy>
		<race value='Protoss'/>
		<unitScore value='11325'/>
		<unitScore value='11325'/>
		<killScore value='27300'/>
		<buildingScore value='8175'/>
		<razingScore value='450'/>
		<mineralScore value='17842'/>
		<gasScore value='4360'/>
		<totalScore value='69452'/>
	</enemy>

	<scoreRatio value='1.71914'/>
</results>
