<results>
	<result value='loss'/>
	<start value='2015-03-29.23:29:58'/>
	<end value='2015-03-29.23:30:13'/>
	<frames value='15781'/>
	<gameDuration value='986'/>

	<player>
		<unitScore value='3575'/>
		<killScore value='1500'/>
		<buildingScore value='1475'/>
		<razingScore value='0'/>
		<mineralScore value='4834'/>
		<gasScore value='664'/>
		<totalScore value='12048'/>
	</player>

	<enemy>
		<race value='Protoss'/>
		<unitScore value='3850'/>
		<unitScore value='3850'/>
		<killScore value='6900'/>
		<buildingScore value='3675'/>
		<razingScore value='4425'/>
		<mineralScore value='8146'/>
		<gasScore value='1552'/>
		<totalScore value='28548'/>
	</enemy>

	<scoreRatio value='0.422026'/>
</results>
