<results>
	<result value='win'/>
	<start value='2015-05-08.22:41:51'/>
	<end value='2015-05-08.22:42:23'/>
	<frames value='24089'/>
	<gameDuration value='1505'/>

	<player>
		<unitScore value='12350'/>
		<killScore value='21410'/>
		<buildingScore value='3425'/>
		<razingScore value='5205'/>
		<mineralScore value='21022'/>
		<gasScore value='2344'/>
		<totalScore value='65756'/>
	</player>

	<enemy>
		<race value='Zerg'/>
		<unitScore value='10225'/>
		<unitScore value='10225'/>
		<killScore value='5850'/>
		<buildingScore value='1735'/>
		<razingScore value='0'/>
		<mineralScore value='9914'/>
		<gasScore value='3016'/>
		<totalScore value='30740'/>
	</enemy>

	<scoreRatio value='2.1391'/>
	<timeFitness value='0.790972'/>
	<unitsAverage value='82'/>
</results>
