<results>
	<result value='win'/>
	<start value='2015-04-14.06:13:01'/>
	<end value='2015-04-14.06:14:55'/>
	<frames value='52516'/>
	<gameDuration value='3282'/>

	<player>
		<unitScore value='35075'/>
		<killScore value='32500'/>
		<buildingScore value='3325'/>
		<razingScore value='20775'/>
		<mineralScore value='36402'/>
		<gasScore value='3944'/>
		<totalScore value='132021'/>
	</player>

	<enemy>
		<race value='Protoss'/>
		<unitScore value='17875'/>
		<unitScore value='17875'/>
		<killScore value='53500'/>
		<buildingScore value='6925'/>
		<razingScore value='375'/>
		<mineralScore value='18014'/>
		<gasScore value='5736'/>
		<totalScore value='102425'/>
	</enemy>

	<scoreRatio value='1.28895'/>
</results>
