<results>
	<result value='loss'/>
	<start value='2015-05-05.11:38:35'/>
	<end value='2015-05-05.11:38:41'/>
	<frames value='11844'/>
	<gameDuration value='740'/>

	<player>
		<unitScore value='1300'/>
		<killScore value='200'/>
		<buildingScore value='1000'/>
		<razingScore value='0'/>
		<mineralScore value='2218'/>
		<gasScore value='664'/>
		<totalScore value='5382'/>
	</player>

	<enemy>
		<race value='Protoss'/>
		<unitScore value='3250'/>
		<unitScore value='3250'/>
		<killScore value='2150'/>
		<buildingScore value='1425'/>
		<razingScore value='3000'/>
		<mineralScore value='5842'/>
		<gasScore value='1032'/>
		<totalScore value='16699'/>
	</enemy>

	<scoreRatio value='0.322295'/>
	<timeFitness value='0.102778'/>
	<unitsAverage value='14'/>
</results>
