<results>
	<result value='draw'/>
	<start value='2015-07-18.05:05:06'/>
	<end value='2015-07-18.05:06:19'/>
	<frames value='57601'/>
	<gameDuration value='3600'/>

	<player>
		<unitScore value='36000'/>
		<killScore value='21850'/>
		<buildingScore value='4275'/>
		<razingScore value='0'/>
		<mineralScore value='34254'/>
		<gasScore value='7576'/>
		<totalScore value='103955'/>
	</player>

	<enemy>
		<race value='Terran'/>
		<unitScore value='27625'/>
		<killScore value='69000'/>
		<buildingScore value='4125'/>
		<razingScore value='9900'/>
		<mineralScore value='19550'/>
		<gasScore value='12296'/>
		<totalScore value='142496'/>
	</enemy>

	<scoreRatio value='0.729529'/>
	<timeFitness value='0.5'/>
	<unitsAverage value='68'/>
</results>
