<results>
	<result value='draw'/>
	<start value='2015-07-18.05:14:40'/>
	<end value='2015-07-18.05:15:50'/>
	<frames value='57601'/>
	<gameDuration value='3600'/>

	<player>
		<unitScore value='36525'/>
		<killScore value='21650'/>
		<buildingScore value='4475'/>
		<razingScore value='150'/>
		<mineralScore value='31662'/>
		<gasScore value='7776'/>
		<totalScore value='102238'/>
	</player>

	<enemy>
		<race value='Terran'/>
		<unitScore value='26050'/>
		<killScore value='58700'/>
		<buildingScore value='4775'/>
		<razingScore value='5700'/>
		<mineralScore value='30018'/>
		<gasScore value='11130'/>
		<totalScore value='136373'/>
	</enemy>

	<scoreRatio value='0.749694'/>
	<timeFitness value='0.5'/>
	<unitsAverage value='71'/>
</results>
