<results>
	<result value='win'/>
	<start value='2015-05-16.21:42:53'/>
	<end value='2015-05-16.21:43:23'/>
	<frames value='27561'/>
	<gameDuration value='1722'/>

	<player>
		<unitScore value='16525'/>
		<killScore value='21665'/>
		<buildingScore value='3650'/>
		<razingScore value='8490'/>
		<mineralScore value='21402'/>
		<gasScore value='1896'/>
		<totalScore value='73628'/>
	</player>

	<enemy>
		<race value='Zerg'/>
		<unitScore value='10500'/>
		<unitScore value='10500'/>
		<killScore value='14550'/>
		<buildingScore value='2830'/>
		<razingScore value='1800'/>
		<mineralScore value='11682'/>
		<gasScore value='4200'/>
		<totalScore value='45562'/>
	</enemy>

	<scoreRatio value='1.616'/>
	<timeFitness value='0.760833'/>
	<unitsAverage value='89'/>
</results>
