<results>
	<result value='win'/>
	<start value='2015-04-07.19:29:01'/>
	<end value='2015-04-07.19:29:25'/>
	<frames value='27313'/>
	<gameDuration value='1707'/>

	<player>
		<unitScore value='12425'/>
		<killScore value='10100'/>
		<buildingScore value='3775'/>
		<razingScore value='9825'/>
		<mineralScore value='19322'/>
		<gasScore value='1912'/>
		<totalScore value='57359'/>
	</player>

	<enemy>
		<race value='Protoss'/>
		<unitScore value='5050'/>
		<unitScore value='5050'/>
		<killScore value='4100'/>
		<buildingScore value='3275'/>
		<razingScore value='1425'/>
		<mineralScore value='9418'/>
		<gasScore value='1504'/>
		<totalScore value='24772'/>
	</enemy>

	<scoreRatio value='2.31548'/>
</results>
