<results>
	<result value='win'/>
	<start value='2015-04-13.06:37:51'/>
	<end value='2015-04-13.06:38:39'/>
	<frames value='26755'/>
	<gameDuration value='1672'/>

	<player>
		<unitScore value='15375'/>
		<killScore value='13600'/>
		<buildingScore value='3775'/>
		<razingScore value='14700'/>
		<mineralScore value='22738'/>
		<gasScore value='3080'/>
		<totalScore value='73268'/>
	</player>

	<enemy>
		<race value='Protoss'/>
		<unitScore value='7150'/>
		<unitScore value='7150'/>
		<killScore value='9300'/>
		<buildingScore value='4900'/>
		<razingScore value='150'/>
		<mineralScore value='12946'/>
		<gasScore value='3576'/>
		<totalScore value='38022'/>
	</enemy>

	<scoreRatio value='1.92699'/>
</results>
