<results>
	<result value='loss'/>
	<start value='2015-04-13.06:43:31'/>
	<end value='2015-04-13.06:43:49'/>
	<frames value='21299'/>
	<gameDuration value='1331'/>

	<player>
		<unitScore value='3050'/>
		<killScore value='2000'/>
		<buildingScore value='1925'/>
		<razingScore value='0'/>
		<mineralScore value='5298'/>
		<gasScore value='672'/>
		<totalScore value='12945'/>
	</player>

	<enemy>
		<race value='Protoss'/>
		<unitScore value='7050'/>
		<unitScore value='7050'/>
		<killScore value='6100'/>
		<buildingScore value='5275'/>
		<razingScore value='5775'/>
		<mineralScore value='12554'/>
		<gasScore value='3448'/>
		<totalScore value='40202'/>
	</enemy>

	<scoreRatio value='0.321999'/>
</results>
