<results>
	<result value='loss'/>
	<start value='2015-04-29.02:50:29'/>
	<end value='2015-04-29.02:51:30'/>
	<frames value='52268'/>
	<gameDuration value='3266'/>

	<player>
		<unitScore value='23150'/>
		<killScore value='50550'/>
		<buildingScore value='2450'/>
		<razingScore value='3150'/>
		<mineralScore value='24506'/>
		<gasScore value='3760'/>
		<totalScore value='107566'/>
	</player>

	<enemy>
		<race value='Protoss'/>
		<unitScore value='39625'/>
		<unitScore value='39625'/>
		<killScore value='46300'/>
		<buildingScore value='8025'/>
		<razingScore value='7350'/>
		<mineralScore value='34654'/>
		<gasScore value='11620'/>
		<totalScore value='147574'/>
	</enemy>

	<scoreRatio value='0.728895'/>
</results>
