<results>
	<result value='win'/>
	<start value='2015-05-08.08:07:47'/>
	<end value='2015-05-08.08:08:13'/>
	<frames value='27964'/>
	<gameDuration value='1747'/>

	<player>
		<unitScore value='18275'/>
		<killScore value='22350'/>
		<buildingScore value='4000'/>
		<razingScore value='8100'/>
		<mineralScore value='23522'/>
		<gasScore value='1864'/>
		<totalScore value='78111'/>
	</player>

	<enemy>
		<race value='Terran'/>
		<unitScore value='11175'/>
		<unitScore value='11175'/>
		<killScore value='19250'/>
		<buildingScore value='2850'/>
		<razingScore value='1800'/>
		<mineralScore value='10466'/>
		<gasScore value='4560'/>
		<totalScore value='50101'/>
	</enemy>

	<scoreRatio value='1.55907'/>
	<timeFitness value='0.757361'/>
	<unitsAverage value='84'/>
</results>
