<results>
	<result value='win'/>
	<start value='2015-05-10.19:59:30'/>
	<end value='2015-05-10.19:59:49'/>
	<frames value='22136'/>
	<gameDuration value='1383'/>

	<player>
		<unitScore value='11175'/>
		<killScore value='20650'/>
		<buildingScore value='3325'/>
		<razingScore value='4800'/>
		<mineralScore value='19070'/>
		<gasScore value='1904'/>
		<totalScore value='60924'/>
	</player>

	<enemy>
		<race value='Zerg'/>
		<unitScore value='9325'/>
		<unitScore value='9325'/>
		<killScore value='6900'/>
		<buildingScore value='1600'/>
		<razingScore value='0'/>
		<mineralScore value='8786'/>
		<gasScore value='2560'/>
		<totalScore value='29171'/>
	</enemy>

	<scoreRatio value='2.08851'/>
	<timeFitness value='0.807917'/>
	<unitsAverage value='73'/>
</results>
