<results>
	<result value='win'/>
	<start value='2015-05-10.20:00:47'/>
	<end value='2015-05-10.20:01:21'/>
	<frames value='27840'/>
	<gameDuration value='1740'/>

	<player>
		<unitScore value='18350'/>
		<killScore value='27300'/>
		<buildingScore value='4550'/>
		<razingScore value='6915'/>
		<mineralScore value='30218'/>
		<gasScore value='3224'/>
		<totalScore value='90557'/>
	</player>

	<enemy>
		<race value='Zerg'/>
		<unitScore value='12000'/>
		<unitScore value='12000'/>
		<killScore value='15250'/>
		<buildingScore value='2305'/>
		<razingScore value='0'/>
		<mineralScore value='11898'/>
		<gasScore value='3384'/>
		<totalScore value='44837'/>
	</enemy>

	<scoreRatio value='2.01969'/>
	<timeFitness value='0.758333'/>
	<unitsAverage value='106'/>
</results>
