<results>
	<result value='win'/>
	<start value='2015-05-04.08:24:00'/>
	<end value='2015-05-04.08:24:50'/>
	<frames value='38349'/>
	<gameDuration value='2396'/>

	<player>
		<unitScore value='30050'/>
		<killScore value='53240'/>
		<buildingScore value='4175'/>
		<razingScore value='5595'/>
		<mineralScore value='39338'/>
		<gasScore value='2048'/>
		<totalScore value='134446'/>
	</player>

	<enemy>
		<race value='Zerg'/>
		<unitScore value='22500'/>
		<unitScore value='22500'/>
		<killScore value='33050'/>
		<buildingScore value='1865'/>
		<razingScore value='0'/>
		<mineralScore value='17554'/>
		<gasScore value='5172'/>
		<totalScore value='80141'/>
	</enemy>

	<scoreRatio value='1.67762'/>
	<timeFitness value='0.667222'/>
	<unitsAverage value='119'/>
</results>
