<results>
	<result value='win'/>
	<start value='2015-05-10.20:13:31'/>
	<end value='2015-05-10.20:14:00'/>
	<frames value='27871'/>
	<gameDuration value='1741'/>

	<player>
		<unitScore value='18200'/>
		<killScore value='35910'/>
		<buildingScore value='3325'/>
		<razingScore value='5400'/>
		<mineralScore value='27962'/>
		<gasScore value='3056'/>
		<totalScore value='93853'/>
	</player>

	<enemy>
		<race value='Zerg'/>
		<unitScore value='15375'/>
		<unitScore value='15375'/>
		<killScore value='19200'/>
		<buildingScore value='1800'/>
		<razingScore value='0'/>
		<mineralScore value='13050'/>
		<gasScore value='3784'/>
		<totalScore value='53209'/>
	</enemy>

	<scoreRatio value='1.76386'/>
	<timeFitness value='0.758194'/>
	<unitsAverage value='91'/>
</results>
