<results>
	<result value='win'/>
	<start value='2015-05-05.05:11:58'/>
	<end value='2015-05-05.05:12:13'/>
	<frames value='24554'/>
	<gameDuration value='1534'/>

	<player>
		<unitScore value='12700'/>
		<killScore value='13500'/>
		<buildingScore value='2325'/>
		<razingScore value='9525'/>
		<mineralScore value='16166'/>
		<gasScore value='2264'/>
		<totalScore value='56480'/>
	</player>

	<enemy>
		<race value='Protoss'/>
		<unitScore value='6750'/>
		<unitScore value='6750'/>
		<killScore value='12800'/>
		<buildingScore value='3175'/>
		<razingScore value='0'/>
		<mineralScore value='14778'/>
		<gasScore value='936'/>
		<totalScore value='38439'/>
	</enemy>

	<scoreRatio value='1.46934'/>
	<timeFitness value='0.786944'/>
	<unitsAverage value='66'/>
</results>
