<results>
	<result value='loss'/>
	<start value='2015-05-05.05:17:43'/>
	<end value='2015-05-05.05:17:50'/>
	<frames value='16215'/>
	<gameDuration value='1013'/>

	<player>
		<unitScore value='2650'/>
		<killScore value='1000'/>
		<buildingScore value='1550'/>
		<razingScore value='0'/>
		<mineralScore value='4330'/>
		<gasScore value='680'/>
		<totalScore value='10210'/>
	</player>

	<enemy>
		<race value='Protoss'/>
		<unitScore value='3650'/>
		<unitScore value='3650'/>
		<killScore value='5300'/>
		<buildingScore value='3825'/>
		<razingScore value='4650'/>
		<mineralScore value='8642'/>
		<gasScore value='1480'/>
		<totalScore value='27547'/>
	</enemy>

	<scoreRatio value='0.370639'/>
	<timeFitness value='0.140694'/>
	<unitsAverage value='21'/>
</results>
