<results>
	<result value='loss'/>
	<start value='2015-05-05.05:16:34'/>
	<end value='2015-05-05.05:17:02'/>
	<frames value='47680'/>
	<gameDuration value='2980'/>

	<player>
		<unitScore value='16950'/>
		<killScore value='25850'/>
		<buildingScore value='2675'/>
		<razingScore value='4500'/>
		<mineralScore value='19566'/>
		<gasScore value='4312'/>
		<totalScore value='73853'/>
	</player>

	<enemy>
		<race value='Protoss'/>
		<unitScore value='32750'/>
		<unitScore value='32750'/>
		<killScore value='33650'/>
		<buildingScore value='9075'/>
		<razingScore value='8025'/>
		<mineralScore value='34862'/>
		<gasScore value='10312'/>
		<totalScore value='128674'/>
	</enemy>

	<scoreRatio value='0.573954'/>
	<timeFitness value='0.413889'/>
	<unitsAverage value='63'/>
</results>
