<results>
	<result value='loss'/>
	<start value='2015-04-10.18:08:50'/>
	<end value='2015-04-10.18:09:13'/>
	<frames value='24740'/>
	<gameDuration value='1546'/>

	<player>
		<unitScore value='5300'/>
		<killScore value='4200'/>
		<buildingScore value='1850'/>
		<razingScore value='0'/>
		<mineralScore value='7626'/>
		<gasScore value='1408'/>
		<totalScore value='20384'/>
	</player>

	<enemy>
		<race value='Protoss'/>
		<unitScore value='8750'/>
		<unitScore value='8750'/>
		<killScore value='10600'/>
		<buildingScore value='6175'/>
		<razingScore value='5550'/>
		<mineralScore value='14566'/>
		<gasScore value='4728'/>
		<totalScore value='50369'/>
	</enemy>

	<scoreRatio value='0.404693'/>
</results>
