<results>
	<result value='loss'/>
	<start value='2014-07-23.01:18:10'/>
	<end value='2014-07-23.01:18:17'/>
	<frames value='15626'/>
	<gameDuration value='976'/>

	<player>
		<unitScore value='3825'/>
		<killScore value='400'/>
		<buildingScore value='1675'/>
		<razingScore value='0'/>
		<mineralScore value='5978'/>
		<gasScore value='680'/>
		<totalScore value='12558'/>
	</player>

	<enemy>
		<race value='Protoss'/>
		<unitScore value='3550'/>
		<unitScore value='3550'/>
		<killScore value='7650'/>
		<buildingScore value='2525'/>
		<razingScore value='5025'/>
		<mineralScore value='8066'/>
		<gasScore value='1376'/>
		<totalScore value='28192'/>
	</enemy>

	<scoreRatio value='0.445446'/>
</results>
