<results>
	<result value='win'/>
	<start value='2014-07-23.01:19:44'/>
	<end value='2014-07-23.01:20:20'/>
	<frames value='36396'/>
	<gameDuration value='2274'/>

	<player>
		<unitScore value='17300'/>
		<killScore value='19300'/>
		<buildingScore value='3300'/>
		<razingScore value='15225'/>
		<mineralScore value='20734'/>
		<gasScore value='2936'/>
		<totalScore value='78795'/>
	</player>

	<enemy>
		<race value='Protoss'/>
		<unitScore value='11050'/>
		<unitScore value='11050'/>
		<killScore value='13850'/>
		<buildingScore value='5075'/>
		<razingScore value='150'/>
		<mineralScore value='13082'/>
		<gasScore value='3552'/>
		<totalScore value='46759'/>
	</enemy>

	<scoreRatio value='1.68513'/>
</results>
