<results>
	<result value='win'/>
	<start value='2015-04-10.19:52:53'/>
	<end value='2015-04-10.19:53:44'/>
	<frames value='38969'/>
	<gameDuration value='2435'/>

	<player>
		<unitScore value='24000'/>
		<killScore value='33400'/>
		<buildingScore value='3750'/>
		<razingScore value='13725'/>
		<mineralScore value='30938'/>
		<gasScore value='4104'/>
		<totalScore value='109917'/>
	</player>

	<enemy>
		<race value='Protoss'/>
		<unitScore value='16700'/>
		<unitScore value='16700'/>
		<killScore value='25150'/>
		<buildingScore value='4575'/>
		<razingScore value='150'/>
		<mineralScore value='23154'/>
		<gasScore value='9120'/>
		<totalScore value='78849'/>
	</enemy>

	<scoreRatio value='1.39402'/>
</results>
