<results>
	<result value='loss'/>
	<start value='2015-04-29.07:17:15'/>
	<end value='2015-04-29.07:17:42'/>
	<frames value='26321'/>
	<gameDuration value='1645'/>

	<player>
		<unitScore value='10300'/>
		<killScore value='7950'/>
		<buildingScore value='2250'/>
		<razingScore value='195'/>
		<mineralScore value='23318'/>
		<gasScore value='0'/>
		<totalScore value='44013'/>
	</player>

	<enemy>
		<race value='Zerg'/>
		<unitScore value='13375'/>
		<unitScore value='13375'/>
		<killScore value='20500'/>
		<buildingScore value='2990'/>
		<razingScore value='6750'/>
		<mineralScore value='15138'/>
		<gasScore value='4024'/>
		<totalScore value='62777'/>
	</enemy>

	<scoreRatio value='0.701101'/>
</results>
