<results>
	<result value='draw'/>
	<start value='2014-07-10.14:10:07'/>
	<end value='2014-07-10.14:11:06'/>
	<frames value='57601'/>
	<gameDuration value='3600'/>

	<player>
		<unitScore value='31575'/>
		<killScore value='44350'/>
		<buildingScore value='3450'/>
		<razingScore value='8850'/>
		<mineralScore value='34014'/>
		<gasScore value='5848'/>
		<totalScore value='128087'/>
	</player>

	<enemy>
		<race value='Protoss'/>
		<unitScore value='27225'/>
		<unitScore value='27225'/>
		<killScore value='52900'/>
		<buildingScore value='7325'/>
		<razingScore value='7350'/>
		<mineralScore value='28742'/>
		<gasScore value='11058'/>
		<totalScore value='134600'/>
	</enemy>

	<scoreRatio value='0.951612'/>
</results>
