<results>
	<result value='loss'/>
	<start value='2014-07-10.14:16:25'/>
	<end value='2014-07-10.14:16:38'/>
	<frames value='27437'/>
	<gameDuration value='1714'/>

	<player>
		<unitScore value='6275'/>
		<killScore value='2600'/>
		<buildingScore value='1825'/>
		<razingScore value='0'/>
		<mineralScore value='8234'/>
		<gasScore value='1704'/>
		<totalScore value='20638'/>
	</player>

	<enemy>
		<race value='Protoss'/>
		<unitScore value='11650'/>
		<unitScore value='11650'/>
		<killScore value='12550'/>
		<buildingScore value='6575'/>
		<razingScore value='5475'/>
		<mineralScore value='16198'/>
		<gasScore value='5568'/>
		<totalScore value='58016'/>
	</enemy>

	<scoreRatio value='0.355729'/>
</results>
