<results>
	<result value='draw'/>
	<start value='2015-04-26.02:55:44'/>
	<end value='2015-04-26.02:56:55'/>
	<frames value='57601'/>
	<gameDuration value='3600'/>

	<player>
		<unitScore value='25450'/>
		<killScore value='39800'/>
		<buildingScore value='3450'/>
		<razingScore value='10725'/>
		<mineralScore value='26582'/>
		<gasScore value='3928'/>
		<totalScore value='109935'/>
	</player>

	<enemy>
		<race value='Terran'/>
		<unitScore value='24025'/>
		<unitScore value='24025'/>
		<killScore value='31600'/>
		<buildingScore value='4525'/>
		<razingScore value='2625'/>
		<mineralScore value='18738'/>
		<gasScore value='11242'/>
		<totalScore value='92755'/>
	</enemy>

	<scoreRatio value='1.18522'/>
</results>
