<results>
	<result value='win'/>
	<start value='2015-04-26.02:58:54'/>
	<end value='2015-04-26.02:59:05'/>
	<frames value='17455'/>
	<gameDuration value='1090'/>

	<player>
		<unitScore value='7000'/>
		<killScore value='10400'/>
		<buildingScore value='2550'/>
		<razingScore value='4200'/>
		<mineralScore value='10474'/>
		<gasScore value='1128'/>
		<totalScore value='35752'/>
	</player>

	<enemy>
		<race value='Terran'/>
		<unitScore value='5200'/>
		<unitScore value='5200'/>
		<killScore value='2700'/>
		<buildingScore value='1400'/>
		<razingScore value='0'/>
		<mineralScore value='7690'/>
		<gasScore value='1872'/>
		<totalScore value='18862'/>
	</enemy>

	<scoreRatio value='1.89545'/>
</results>
