<results>
	<result value='loss'/>
	<start value='2014-07-05.13:01:03'/>
	<end value='2014-07-05.13:01:26'/>
	<frames value='35869'/>
	<gameDuration value='2241'/>

	<player>
		<unitScore value='13175'/>
		<killScore value='18150'/>
		<buildingScore value='3075'/>
		<razingScore value='240'/>
		<mineralScore value='23782'/>
		<gasScore value='4648'/>
		<totalScore value='63070'/>
	</player>

	<enemy>
		<race value='Zerg'/>
		<unitScore value='19025'/>
		<unitScore value='19025'/>
		<killScore value='26350'/>
		<buildingScore value='4200'/>
		<razingScore value='9225'/>
		<mineralScore value='23298'/>
		<gasScore value='7474'/>
		<totalScore value='89572'/>
	</enemy>

	<scoreRatio value='0.704126'/>
</results>
