<results>
	<result value='loss'/>
	<start value='2014-07-05.13:11:23'/>
	<end value='2014-07-05.13:11:37'/>
	<frames value='26848'/>
	<gameDuration value='1678'/>

	<player>
		<unitScore value='9725'/>
		<killScore value='8500'/>
		<buildingScore value='1375'/>
		<razingScore value='0'/>
		<mineralScore value='12118'/>
		<gasScore value='1568'/>
		<totalScore value='33286'/>
	</player>

	<enemy>
		<race value='Zerg'/>
		<unitScore value='15500'/>
		<unitScore value='15500'/>
		<killScore value='19450'/>
		<buildingScore value='3280'/>
		<razingScore value='4125'/>
		<mineralScore value='15562'/>
		<gasScore value='5280'/>
		<totalScore value='63197'/>
	</enemy>

	<scoreRatio value='0.526702'/>
</results>
