<results>
	<result value='win'/>
	<start value='2014-07-07.19:01:34'/>
	<end value='2014-07-07.19:01:43'/>
	<frames value='15781'/>
	<gameDuration value='986'/>

	<player>
		<unitScore value='5600'/>
		<killScore value='9000'/>
		<buildingScore value='1900'/>
		<razingScore value='4200'/>
		<mineralScore value='8610'/>
		<gasScore value='1248'/>
		<totalScore value='30558'/>
	</player>

	<enemy>
		<race value='Terran'/>
		<unitScore value='4500'/>
		<unitScore value='4500'/>
		<killScore value='1700'/>
		<buildingScore value='1400'/>
		<razingScore value='0'/>
		<mineralScore value='6794'/>
		<gasScore value='1720'/>
		<totalScore value='16114'/>
	</enemy>

	<scoreRatio value='1.89636'/>
</results>
