<results>
	<result value='loss'/>
	<start value='2014-07-07.19:02:21'/>
	<end value='2014-07-07.19:02:31'/>
	<frames value='19284'/>
	<gameDuration value='1205'/>

	<player>
		<unitScore value='4425'/>
		<killScore value='1200'/>
		<buildingScore value='1875'/>
		<razingScore value='0'/>
		<mineralScore value='6210'/>
		<gasScore value='832'/>
		<totalScore value='14542'/>
	</player>

	<enemy>
		<race value='Terran'/>
		<unitScore value='7550'/>
		<unitScore value='7550'/>
		<killScore value='8850'/>
		<buildingScore value='2900'/>
		<razingScore value='5625'/>
		<mineralScore value='8898'/>
		<gasScore value='3312'/>
		<totalScore value='37135'/>
	</enemy>

	<scoreRatio value='0.391598'/>
</results>
