<results>
	<result value='win'/>
	<start value='2014-07-07.19:12:07'/>
	<end value='2014-07-07.19:12:30'/>
	<frames value='25608'/>
	<gameDuration value='1600'/>

	<player>
		<unitScore value='13000'/>
		<killScore value='16100'/>
		<buildingScore value='3875'/>
		<razingScore value='4800'/>
		<mineralScore value='21590'/>
		<gasScore value='1784'/>
		<totalScore value='61149'/>
	</player>

	<enemy>
		<race value='Terran'/>
		<unitScore value='8050'/>
		<unitScore value='8050'/>
		<killScore value='6550'/>
		<buildingScore value='1600'/>
		<razingScore value='1350'/>
		<mineralScore value='12046'/>
		<gasScore value='2592'/>
		<totalScore value='32188'/>
	</enemy>

	<scoreRatio value='1.89975'/>
</results>
