<results>
	<result value='loss'/>
	<start value='2015-04-08.04:15:16'/>
	<end value='2015-04-08.04:15:23'/>
	<frames value='13859'/>
	<gameDuration value='866'/>

	<player>
		<unitScore value='2800'/>
		<killScore value='600'/>
		<buildingScore value='1425'/>
		<razingScore value='0'/>
		<mineralScore value='4178'/>
		<gasScore value='672'/>
		<totalScore value='9675'/>
	</player>

	<enemy>
		<race value='Protoss'/>
		<unitScore value='3500'/>
		<unitScore value='3500'/>
		<killScore value='5600'/>
		<buildingScore value='2375'/>
		<razingScore value='4275'/>
		<mineralScore value='7074'/>
		<gasScore value='1192'/>
		<totalScore value='24016'/>
	</enemy>

	<scoreRatio value='0.402856'/>
</results>
