<results>
	<result value='win'/>
	<start value='2015-05-01.20:07:59'/>
	<end value='2015-05-01.20:08:40'/>
	<frames value='39837'/>
	<gameDuration value='2489'/>

	<player>
		<unitScore value='28500'/>
		<killScore value='45145'/>
		<buildingScore value='5150'/>
		<razingScore value='10170'/>
		<mineralScore value='34590'/>
		<gasScore value='4712'/>
		<totalScore value='128267'/>
	</player>

	<enemy>
		<race value='Zerg'/>
		<unitScore value='20275'/>
		<unitScore value='20275'/>
		<killScore value='38300'/>
		<buildingScore value='3390'/>
		<razingScore value='1125'/>
		<mineralScore value='18490'/>
		<gasScore value='5696'/>
		<totalScore value='87276'/>
	</enemy>

	<scoreRatio value='1.46967'/>
	<timeFitness value='0.654306'/>
	<unitsAverage value='120'/>
</results>
