<results>
	<result value='win'/>
	<start value='2015-05-01.20:09:39'/>
	<end value='2015-05-01.20:09:58'/>
	<frames value='25515'/>
	<gameDuration value='1594'/>

	<player>
		<unitScore value='14475'/>
		<killScore value='23080'/>
		<buildingScore value='3575'/>
		<razingScore value='4710'/>
		<mineralScore value='21958'/>
		<gasScore value='2464'/>
		<totalScore value='70262'/>
	</player>

	<enemy>
		<race value='Zerg'/>
		<unitScore value='10775'/>
		<unitScore value='10775'/>
		<killScore value='12450'/>
		<buildingScore value='1570'/>
		<razingScore value='0'/>
		<mineralScore value='9674'/>
		<gasScore value='2744'/>
		<totalScore value='37213'/>
	</enemy>

	<scoreRatio value='1.8881'/>
	<timeFitness value='0.778611'/>
	<unitsAverage value='82'/>
</results>
