<results>
	<result value='win'/>
	<start value='2015-04-09.21:57:12'/>
	<end value='2015-04-09.21:58:00'/>
	<frames value='40426'/>
	<gameDuration value='2526'/>

	<player>
		<unitScore value='29800'/>
		<killScore value='41650'/>
		<buildingScore value='4175'/>
		<razingScore value='19725'/>
		<mineralScore value='32766'/>
		<gasScore value='3704'/>
		<totalScore value='131820'/>
	</player>

	<enemy>
		<race value='Protoss'/>
		<unitScore value='23475'/>
		<unitScore value='23475'/>
		<killScore value='41500'/>
		<buildingScore value='6575'/>
		<razingScore value='2925'/>
		<mineralScore value='24594'/>
		<gasScore value='7432'/>
		<totalScore value='106501'/>
	</enemy>

	<scoreRatio value='1.23773'/>
</results>
