<results>
	<result value='draw'/>
	<start value='2015-04-09.22:07:39'/>
	<end value='2015-04-09.22:08:49'/>
	<frames value='57601'/>
	<gameDuration value='3600'/>

	<player>
		<unitScore value='29850'/>
		<killScore value='58900'/>
		<buildingScore value='3350'/>
		<razingScore value='2850'/>
		<mineralScore value='31686'/>
		<gasScore value='7430'/>
		<totalScore value='134066'/>
	</player>

	<enemy>
		<race value='Protoss'/>
		<unitScore value='36025'/>
		<unitScore value='36025'/>
		<killScore value='57650'/>
		<buildingScore value='7325'/>
		<razingScore value='5700'/>
		<mineralScore value='31310'/>
		<gasScore value='11620'/>
		<totalScore value='149630'/>
	</enemy>

	<scoreRatio value='0.895983'/>
</results>
