<results>
	<result value='loss'/>
	<start value='2015-04-12.01:33:04'/>
	<end value='2015-04-12.01:33:23'/>
	<frames value='21454'/>
	<gameDuration value='1340'/>

	<player>
		<unitScore value='5100'/>
		<killScore value='3500'/>
		<buildingScore value='1825'/>
		<razingScore value='0'/>
		<mineralScore value='7178'/>
		<gasScore value='928'/>
		<totalScore value='18531'/>
	</player>

	<enemy>
		<race value='Protoss'/>
		<unitScore value='6125'/>
		<unitScore value='6125'/>
		<killScore value='9150'/>
		<buildingScore value='4625'/>
		<razingScore value='5475'/>
		<mineralScore value='11482'/>
		<gasScore value='2792'/>
		<totalScore value='39649'/>
	</enemy>

	<scoreRatio value='0.467376'/>
</results>
