<results>
	<result value='loss'/>
	<start value='2015-04-12.01:38:19'/>
	<end value='2015-04-12.01:39:54'/>
	<frames value='46285'/>
	<gameDuration value='2892'/>

	<player>
		<unitScore value='22275'/>
		<killScore value='32450'/>
		<buildingScore value='2975'/>
		<razingScore value='600'/>
		<mineralScore value='24018'/>
		<gasScore value='3848'/>
		<totalScore value='86166'/>
	</player>

	<enemy>
		<race value='Protoss'/>
		<unitScore value='36125'/>
		<unitScore value='36125'/>
		<killScore value='44550'/>
		<buildingScore value='7675'/>
		<razingScore value='8925'/>
		<mineralScore value='31774'/>
		<gasScore value='13004'/>
		<totalScore value='142053'/>
	</enemy>

	<scoreRatio value='0.606576'/>
</results>
