<results>
	<result value='loss'/>
	<start value='2015-05-09.00:17:14'/>
	<end value='2015-05-09.00:17:47'/>
	<frames value='48238'/>
	<gameDuration value='3014'/>

	<player>
		<unitScore value='9875'/>
		<killScore value='17900'/>
		<buildingScore value='1850'/>
		<razingScore value='1125'/>
		<mineralScore value='13930'/>
		<gasScore value='704'/>
		<totalScore value='45384'/>
	</player>

	<enemy>
		<race value='Terran'/>
		<unitScore value='30925'/>
		<unitScore value='30925'/>
		<killScore value='19750'/>
		<buildingScore value='6500'/>
		<razingScore value='5550'/>
		<mineralScore value='25370'/>
		<gasScore value='14478'/>
		<totalScore value='102573'/>
	</enemy>

	<scoreRatio value='0.442456'/>
	<timeFitness value='0.418611'/>
	<unitsAverage value='33'/>
</results>
