<results>
	<result value='loss'/>
	<start value='2015-05-09.00:28:30'/>
	<end value='2015-05-09.00:28:59'/>
	<frames value='45510'/>
	<gameDuration value='2844'/>

	<player>
		<unitScore value='11475'/>
		<killScore value='11350'/>
		<buildingScore value='2775'/>
		<razingScore value='0'/>
		<mineralScore value='13450'/>
		<gasScore value='3368'/>
		<totalScore value='42418'/>
	</player>

	<enemy>
		<race value='Terran'/>
		<unitScore value='30250'/>
		<unitScore value='30250'/>
		<killScore value='22950'/>
		<buildingScore value='6125'/>
		<razingScore value='8325'/>
		<mineralScore value='24466'/>
		<gasScore value='14958'/>
		<totalScore value='107074'/>
	</enemy>

	<scoreRatio value='0.396156'/>
	<timeFitness value='0.395'/>
	<unitsAverage value='35'/>
</results>
