<results>
	<result value='loss'/>
	<start value='2015-05-03.19:36:58'/>
	<end value='2015-05-03.19:37:11'/>
	<frames value='17424'/>
	<gameDuration value='1089'/>

	<player>
		<unitScore value='4425'/>
		<killScore value='1350'/>
		<buildingScore value='2325'/>
		<razingScore value='0'/>
		<mineralScore value='6954'/>
		<gasScore value='624'/>
		<totalScore value='15678'/>
	</player>

	<enemy>
		<race value='Terran'/>
		<unitScore value='6400'/>
		<unitScore value='6400'/>
		<killScore value='8850'/>
		<buildingScore value='2700'/>
		<razingScore value='6975'/>
		<mineralScore value='8074'/>
		<gasScore value='2720'/>
		<totalScore value='35719'/>
	</enemy>

	<scoreRatio value='0.438926'/>
	<timeFitness value='0.15125'/>
	<unitsAverage value='28'/>
</results>
