<results>
	<result value='win'/>
	<start value='2015-05-08.03:41:10'/>
	<end value='2015-05-08.03:41:51'/>
	<frames value='41480'/>
	<gameDuration value='2592'/>

	<player>
		<unitScore value='23800'/>
		<killScore value='41150'/>
		<buildingScore value='5225'/>
		<razingScore value='13500'/>
		<mineralScore value='32950'/>
		<gasScore value='4544'/>
		<totalScore value='121169'/>
	</player>

	<enemy>
		<race value='Terran'/>
		<unitScore value='24850'/>
		<unitScore value='24850'/>
		<killScore value='23550'/>
		<buildingScore value='4600'/>
		<razingScore value='4650'/>
		<mineralScore value='18138'/>
		<gasScore value='9356'/>
		<totalScore value='85144'/>
	</enemy>

	<scoreRatio value='1.42311'/>
	<timeFitness value='0.64'/>
	<unitsAverage value='111'/>
</results>
