<results>
	<result value='win'/>
	<start value='2015-05-03.19:54:50'/>
	<end value='2015-05-03.19:56:27'/>
	<frames value='57135'/>
	<gameDuration value='3570'/>

	<player>
		<unitScore value='25900'/>
		<killScore value='38300'/>
		<buildingScore value='4725'/>
		<razingScore value='13125'/>
		<mineralScore value='38954'/>
		<gasScore value='10586'/>
		<totalScore value='131590'/>
	</player>

	<enemy>
		<race value='Terran'/>
		<unitScore value='20875'/>
		<unitScore value='20875'/>
		<killScore value='29800'/>
		<buildingScore value='4375'/>
		<razingScore value='2325'/>
		<mineralScore value='24018'/>
		<gasScore value='6424'/>
		<totalScore value='87817'/>
	</enemy>

	<scoreRatio value='1.49846'/>
	<timeFitness value='0.504167'/>
	<unitsAverage value='116'/>
</results>
