<results>
	<result value='win'/>
	<start value='2015-05-11.10:57:09'/>
	<end value='2015-05-11.10:57:49'/>
	<frames value='24213'/>
	<gameDuration value='1513'/>

	<player>
		<unitScore value='15975'/>
		<killScore value='18450'/>
		<buildingScore value='3975'/>
		<razingScore value='5730'/>
		<mineralScore value='21978'/>
		<gasScore value='1376'/>
		<totalScore value='67484'/>
	</player>

	<enemy>
		<race value='Zerg'/>
		<unitScore value='9175'/>
		<unitScore value='9175'/>
		<killScore value='12650'/>
		<buildingScore value='1910'/>
		<razingScore value='0'/>
		<mineralScore value='9090'/>
		<gasScore value='2608'/>
		<totalScore value='35433'/>
	</enemy>

	<scoreRatio value='1.90455'/>
	<timeFitness value='0.789861'/>
	<unitsAverage value='86'/>
</results>
