<results>
	<result value='win'/>
	<start value='2015-05-11.11:11:14'/>
	<end value='2015-05-11.11:12:02'/>
	<frames value='26600'/>
	<gameDuration value='1662'/>

	<player>
		<unitScore value='15475'/>
		<killScore value='28490'/>
		<buildingScore value='3425'/>
		<razingScore value='5340'/>
		<mineralScore value='28226'/>
		<gasScore value='2280'/>
		<totalScore value='83236'/>
	</player>

	<enemy>
		<race value='Zerg'/>
		<unitScore value='12550'/>
		<unitScore value='12550'/>
		<killScore value='11700'/>
		<buildingScore value='1780'/>
		<razingScore value='0'/>
		<mineralScore value='11762'/>
		<gasScore value='4288'/>
		<totalScore value='42080'/>
	</enemy>

	<scoreRatio value='1.97804'/>
	<timeFitness value='0.769167'/>
	<unitsAverage value='92'/>
</results>
