<results>
	<result value='win'/>
	<start value='2015-05-03.15:35:38'/>
	<end value='2015-05-03.15:36:11'/>
	<frames value='28181'/>
	<gameDuration value='1761'/>

	<player>
		<unitScore value='22800'/>
		<killScore value='24610'/>
		<buildingScore value='4150'/>
		<razingScore value='4635'/>
		<mineralScore value='32318'/>
		<gasScore value='0'/>
		<totalScore value='88513'/>
	</player>

	<enemy>
		<race value='Zerg'/>
		<unitScore value='11625'/>
		<unitScore value='11625'/>
		<killScore value='28600'/>
		<buildingScore value='1545'/>
		<razingScore value='0'/>
		<mineralScore value='10338'/>
		<gasScore value='3248'/>
		<totalScore value='55356'/>
	</enemy>

	<scoreRatio value='1.59898'/>
	<timeFitness value='0.755417'/>
	<unitsAverage value='97'/>
</results>
