<results>
	<result value='win'/>
	<start value='2015-05-03.15:41:35'/>
	<end value='2015-05-03.15:42:05'/>
	<frames value='27313'/>
	<gameDuration value='1707'/>

	<player>
		<unitScore value='16250'/>
		<killScore value='25000'/>
		<buildingScore value='2725'/>
		<razingScore value='4635'/>
		<mineralScore value='26326'/>
		<gasScore value='0'/>
		<totalScore value='74936'/>
	</player>

	<enemy>
		<race value='Zerg'/>
		<unitScore value='11250'/>
		<unitScore value='11250'/>
		<killScore value='16700'/>
		<buildingScore value='1545'/>
		<razingScore value='0'/>
		<mineralScore value='10618'/>
		<gasScore value='3520'/>
		<totalScore value='43633'/>
	</enemy>

	<scoreRatio value='1.71742'/>
	<timeFitness value='0.762917'/>
	<unitsAverage value='90'/>
</results>
