<results>
	<result value='loss'/>
	<start value='2015-07-17.21:11:29'/>
	<end value='2015-07-17.21:11:41'/>
	<frames value='19501'/>
	<gameDuration value='1218'/>

	<player>
		<unitScore value='3950'/>
		<killScore value='2500'/>
		<buildingScore value='2200'/>
		<razingScore value='0'/>
		<mineralScore value='5538'/>
		<gasScore value='840'/>
		<totalScore value='15028'/>
	</player>

	<enemy>
		<race value='Terran'/>
		<unitScore value='7575'/>
		<killScore value='7900'/>
		<buildingScore value='2850'/>
		<razingScore value='6600'/>
		<mineralScore value='9082'/>
		<gasScore value='3376'/>
		<totalScore value='37383'/>
	</enemy>

	<scoreRatio value='0.402001'/>
	<timeFitness value='0.169167'/>
	<unitsAverage value='25'/>
</results>
