<results>
	<result value='win'/>
	<start value='2015-05-11.06:18:46'/>
	<end value='2015-05-11.06:19:32'/>
	<frames value='28336'/>
	<gameDuration value='1771'/>

	<player>
		<unitScore value='17175'/>
		<killScore value='22830'/>
		<buildingScore value='4550'/>
		<razingScore value='7680'/>
		<mineralScore value='24698'/>
		<gasScore value='2480'/>
		<totalScore value='79413'/>
	</player>

	<enemy>
		<race value='Zerg'/>
		<unitScore value='10775'/>
		<unitScore value='10775'/>
		<killScore value='11300'/>
		<buildingScore value='2560'/>
		<razingScore value='0'/>
		<mineralScore value='10978'/>
		<gasScore value='3256'/>
		<totalScore value='38869'/>
	</enemy>

	<scoreRatio value='2.04309'/>
	<timeFitness value='0.754028'/>
	<unitsAverage value='102'/>
</results>
