<results>
	<result value='win'/>
	<start value='2015-05-02.18:27:47'/>
	<end value='2015-05-02.18:28:33'/>
	<frames value='30413'/>
	<gameDuration value='1900'/>

	<player>
		<unitScore value='21150'/>
		<killScore value='29200'/>
		<buildingScore value='4225'/>
		<razingScore value='15525'/>
		<mineralScore value='28330'/>
		<gasScore value='2384'/>
		<totalScore value='100814'/>
	</player>

	<enemy>
		<race value='Protoss'/>
		<unitScore value='15050'/>
		<unitScore value='15050'/>
		<killScore value='16450'/>
		<buildingScore value='5175'/>
		<razingScore value='0'/>
		<mineralScore value='18966'/>
		<gasScore value='3680'/>
		<totalScore value='59321'/>
	</enemy>

	<scoreRatio value='1.69947'/>
	<timeFitness value='0.736111'/>
	<unitsAverage value='114'/>
</results>
