<results>
	<result value='win'/>
	<start value='2015-04-07.20:49:57'/>
	<end value='2015-04-07.20:50:25'/>
	<frames value='32459'/>
	<gameDuration value='2028'/>

	<player>
		<unitScore value='17050'/>
		<killScore value='15400'/>
		<buildingScore value='2625'/>
		<razingScore value='17850'/>
		<mineralScore value='20522'/>
		<gasScore value='2528'/>
		<totalScore value='75975'/>
	</player>

	<enemy>
		<race value='Protoss'/>
		<unitScore value='7700'/>
		<unitScore value='7700'/>
		<killScore value='17750'/>
		<buildingScore value='5950'/>
		<razingScore value='150'/>
		<mineralScore value='18258'/>
		<gasScore value='2240'/>
		<totalScore value='52048'/>
	</enemy>

	<scoreRatio value='1.45971'/>
</results>
