<results>
	<result value='loss'/>
	<start value='2015-04-07.20:50:40'/>
	<end value='2015-04-07.20:50:47'/>
	<frames value='14913'/>
	<gameDuration value='932'/>

	<player>
		<unitScore value='2950'/>
		<killScore value='800'/>
		<buildingScore value='1225'/>
		<razingScore value='0'/>
		<mineralScore value='4306'/>
		<gasScore value='696'/>
		<totalScore value='9977'/>
	</player>

	<enemy>
		<race value='Protoss'/>
		<unitScore value='3550'/>
		<unitScore value='3550'/>
		<killScore value='5900'/>
		<buildingScore value='2975'/>
		<razingScore value='3675'/>
		<mineralScore value='7858'/>
		<gasScore value='1416'/>
		<totalScore value='25374'/>
	</enemy>

	<scoreRatio value='0.393198'/>
</results>
