<results>
	<result value='loss'/>
	<start value='2015-07-11.20:32:52'/>
	<end value='2015-07-11.20:33:24'/>
	<frames value='37512'/>
	<gameDuration value='2344'/>

	<player>
		<unitScore value='18275'/>
		<killScore value='9300'/>
		<buildingScore value='2725'/>
		<razingScore value='150'/>
		<mineralScore value='28658'/>
		<gasScore value='2904'/>
		<totalScore value='62012'/>
	</player>

	<enemy>
		<race value='Protoss'/>
		<unitScore value='22200'/>
		<killScore value='35550'/>
		<buildingScore value='6925'/>
		<razingScore value='8175'/>
		<mineralScore value='25210'/>
		<gasScore value='9042'/>
		<totalScore value='107102'/>
	</enemy>

	<scoreRatio value='0.578999'/>
	<timeFitness value='0.325556'/>
	<unitsAverage value='67'/>
</results>
