<results>
	<result value='loss'/>
	<start value='2015-04-10.17:52:00'/>
	<end value='2015-04-10.17:52:43'/>
	<frames value='38442'/>
	<gameDuration value='2402'/>

	<player>
		<unitScore value='11200'/>
		<killScore value='15850'/>
		<buildingScore value='1325'/>
		<razingScore value='600'/>
		<mineralScore value='12010'/>
		<gasScore value='2920'/>
		<totalScore value='43905'/>
	</player>

	<enemy>
		<race value='Protoss'/>
		<unitScore value='25100'/>
		<unitScore value='25100'/>
		<killScore value='22350'/>
		<buildingScore value='7375'/>
		<razingScore value='3975'/>
		<mineralScore value='26322'/>
		<gasScore value='9720'/>
		<totalScore value='94842'/>
	</enemy>

	<scoreRatio value='0.462928'/>
</results>
