<results>
	<result value='win'/>
	<start value='2015-05-02.20:16:43'/>
	<end value='2015-05-02.20:17:20'/>
	<frames value='30909'/>
	<gameDuration value='1931'/>

	<player>
		<unitScore value='14675'/>
		<killScore value='34280'/>
		<buildingScore value='3275'/>
		<razingScore value='6960'/>
		<mineralScore value='31550'/>
		<gasScore value='2360'/>
		<totalScore value='93100'/>
	</player>

	<enemy>
		<race value='Zerg'/>
		<unitScore value='14750'/>
		<unitScore value='14750'/>
		<killScore value='11600'/>
		<buildingScore value='2320'/>
		<razingScore value='0'/>
		<mineralScore value='13446'/>
		<gasScore value='4136'/>
		<totalScore value='46252'/>
	</enemy>

	<scoreRatio value='2.01289'/>
	<timeFitness value='0.731806'/>
	<unitsAverage value='98'/>
</results>
