<results>
	<result value='win'/>
	<start value='2015-05-02.20:22:02'/>
	<end value='2015-05-02.20:22:25'/>
	<frames value='22911'/>
	<gameDuration value='1431'/>

	<player>
		<unitScore value='12000'/>
		<killScore value='20720'/>
		<buildingScore value='3700'/>
		<razingScore value='4560'/>
		<mineralScore value='19658'/>
		<gasScore value='2080'/>
		<totalScore value='62718'/>
	</player>

	<enemy>
		<race value='Zerg'/>
		<unitScore value='9625'/>
		<unitScore value='9625'/>
		<killScore value='6850'/>
		<buildingScore value='1520'/>
		<razingScore value='0'/>
		<mineralScore value='8538'/>
		<gasScore value='2448'/>
		<totalScore value='28981'/>
	</enemy>

	<scoreRatio value='2.16411'/>
	<timeFitness value='0.80125'/>
	<unitsAverage value='78'/>
</results>
