<results>
	<result value='loss'/>
	<start value='2014-07-13.18:37:11'/>
	<end value='2014-07-13.18:37:20'/>
	<frames value='20245'/>
	<gameDuration value='1265'/>

	<player>
		<unitScore value='4975'/>
		<killScore value='3250'/>
		<buildingScore value='1825'/>
		<razingScore value='0'/>
		<mineralScore value='7634'/>
		<gasScore value='1056'/>
		<totalScore value='18740'/>
	</player>

	<enemy>
		<race value='Terran'/>
		<unitScore value='7425'/>
		<unitScore value='7425'/>
		<killScore value='9950'/>
		<buildingScore value='2925'/>
		<razingScore value='5475'/>
		<mineralScore value='9706'/>
		<gasScore value='3576'/>
		<totalScore value='39057'/>
	</enemy>

	<scoreRatio value='0.479812'/>
</results>
