<results>
	<result value='win'/>
	<start value='2014-07-13.18:38:19'/>
	<end value='2014-07-13.18:38:43'/>
	<frames value='35094'/>
	<gameDuration value='2193'/>

	<player>
		<unitScore value='20100'/>
		<killScore value='26750'/>
		<buildingScore value='3475'/>
		<razingScore value='6450'/>
		<mineralScore value='24610'/>
		<gasScore value='2944'/>
		<totalScore value='84329'/>
	</player>

	<enemy>
		<race value='Terran'/>
		<unitScore value='13375'/>
		<unitScore value='13375'/>
		<killScore value='22050'/>
		<buildingScore value='2225'/>
		<razingScore value='150'/>
		<mineralScore value='12050'/>
		<gasScore value='5144'/>
		<totalScore value='54994'/>
	</enemy>

	<scoreRatio value='1.53342'/>
</results>
