<results>
	<result value='win'/>
	<start value='2014-07-13.18:39:33'/>
	<end value='2014-07-13.18:39:54'/>
	<frames value='28956'/>
	<gameDuration value='1809'/>

	<player>
		<unitScore value='13150'/>
		<killScore value='23950'/>
		<buildingScore value='4125'/>
		<razingScore value='8475'/>
		<mineralScore value='27010'/>
		<gasScore value='2056'/>
		<totalScore value='78766'/>
	</player>

	<enemy>
		<race value='Terran'/>
		<unitScore value='11975'/>
		<unitScore value='11975'/>
		<killScore value='6100'/>
		<buildingScore value='2900'/>
		<razingScore value='300'/>
		<mineralScore value='11014'/>
		<gasScore value='4512'/>
		<totalScore value='36801'/>
	</enemy>

	<scoreRatio value='2.14032'/>
</results>
