<results>
	<result value='loss'/>
	<start value='2015-07-18.05:33:29'/>
	<end value='2015-07-18.05:33:48'/>
	<frames value='19873'/>
	<gameDuration value='1242'/>

	<player>
		<unitScore value='6950'/>
		<killScore value='3000'/>
		<buildingScore value='1575'/>
		<razingScore value='0'/>
		<mineralScore value='6890'/>
		<gasScore value='1384'/>
		<totalScore value='19799'/>
	</player>

	<enemy>
		<race value='Terran'/>
		<unitScore value='7400'/>
		<killScore value='13600'/>
		<buildingScore value='2850'/>
		<razingScore value='4725'/>
		<mineralScore value='9354'/>
		<gasScore value='3360'/>
		<totalScore value='41289'/>
	</enemy>

	<scoreRatio value='0.479522'/>
	<timeFitness value='0.1725'/>
	<unitsAverage value='27'/>
</results>
