<results>
	<result value='loss'/>
	<start value='2015-05-11.22:53:23'/>
	<end value='2015-05-11.22:53:32'/>
	<frames value='16928'/>
	<gameDuration value='1058'/>

	<player>
		<unitScore value='3625'/>
		<killScore value='1000'/>
		<buildingScore value='1525'/>
		<razingScore value='0'/>
		<mineralScore value='5474'/>
		<gasScore value='600'/>
		<totalScore value='12224'/>
	</player>

	<enemy>
		<race value='Protoss'/>
		<unitScore value='3600'/>
		<unitScore value='3600'/>
		<killScore value='7350'/>
		<buildingScore value='4125'/>
		<razingScore value='4575'/>
		<mineralScore value='8994'/>
		<gasScore value='1640'/>
		<totalScore value='30284'/>
	</enemy>

	<scoreRatio value='0.403645'/>
	<timeFitness value='0.146944'/>
	<unitsAverage value='22'/>
</results>
