<results>
	<result value='win'/>
	<start value='2015-05-11.22:55:27'/>
	<end value='2015-05-11.22:56:16'/>
	<frames value='34412'/>
	<gameDuration value='2150'/>

	<player>
		<unitScore value='19825'/>
		<killScore value='19000'/>
		<buildingScore value='3875'/>
		<razingScore value='19575'/>
		<mineralScore value='28042'/>
		<gasScore value='3656'/>
		<totalScore value='93973'/>
	</player>

	<enemy>
		<race value='Protoss'/>
		<unitScore value='10050'/>
		<unitScore value='10050'/>
		<killScore value='16150'/>
		<buildingScore value='6525'/>
		<razingScore value='300'/>
		<mineralScore value='16790'/>
		<gasScore value='4136'/>
		<totalScore value='53951'/>
	</enemy>

	<scoreRatio value='1.74182'/>
	<timeFitness value='0.701389'/>
	<unitsAverage value='116'/>
</results>
