<results>
	<result value='loss'/>
	<start value='2015-05-11.22:57:07'/>
	<end value='2015-05-11.22:58:16'/>
	<frames value='51586'/>
	<gameDuration value='3224'/>

	<player>
		<unitScore value='22825'/>
		<killScore value='39080'/>
		<buildingScore value='2275'/>
		<razingScore value='750'/>
		<mineralScore value='24018'/>
		<gasScore value='5022'/>
		<totalScore value='93970'/>
	</player>

	<enemy>
		<race value='Protoss'/>
		<unitScore value='39140'/>
		<unitScore value='39140'/>
		<killScore value='45650'/>
		<buildingScore value='8375'/>
		<razingScore value='6825'/>
		<mineralScore value='36266'/>
		<gasScore value='15044'/>
		<totalScore value='151300'/>
	</enemy>

	<scoreRatio value='0.621084'/>
	<timeFitness value='0.447778'/>
	<unitsAverage value='91'/>
</results>
