<results>
	<result value='win'/>
	<start value='2015-05-03.04:33:07'/>
	<end value='2015-05-03.04:33:22'/>
	<frames value='25329'/>
	<gameDuration value='1583'/>

	<player>
		<unitScore value='11575'/>
		<killScore value='13700'/>
		<buildingScore value='2375'/>
		<razingScore value='13125'/>
		<mineralScore value='18194'/>
		<gasScore value='2520'/>
		<totalScore value='61489'/>
	</player>

	<enemy>
		<race value='Protoss'/>
		<unitScore value='7200'/>
		<unitScore value='7200'/>
		<killScore value='8300'/>
		<buildingScore value='4375'/>
		<razingScore value='150'/>
		<mineralScore value='10954'/>
		<gasScore value='1944'/>
		<totalScore value='32923'/>
	</enemy>

	<scoreRatio value='1.86766'/>
	<timeFitness value='0.780139'/>
	<unitsAverage value='73'/>
</results>
