<results>
	<result value='loss'/>
	<start value='2015-05-11.23:08:35'/>
	<end value='2015-05-11.23:08:55'/>
	<frames value='33203'/>
	<gameDuration value='2075'/>

	<player>
		<unitScore value='7450'/>
		<killScore value='6550'/>
		<buildingScore value='1950'/>
		<razingScore value='1350'/>
		<mineralScore value='12394'/>
		<gasScore value='1728'/>
		<totalScore value='31422'/>
	</player>

	<enemy>
		<race value='Protoss'/>
		<unitScore value='15800'/>
		<unitScore value='15800'/>
		<killScore value='14650'/>
		<buildingScore value='8075'/>
		<razingScore value='5850'/>
		<mineralScore value='20446'/>
		<gasScore value='7400'/>
		<totalScore value='72221'/>
	</enemy>

	<scoreRatio value='0.435081'/>
	<timeFitness value='0.288194'/>
	<unitsAverage value='38'/>
</results>
