<results>
	<result value='loss'/>
	<start value='2015-05-03.04:34:17'/>
	<end value='2015-05-03.04:34:25'/>
	<frames value='18044'/>
	<gameDuration value='1127'/>

	<player>
		<unitScore value='5075'/>
		<killScore value='400'/>
		<buildingScore value='1750'/>
		<razingScore value='0'/>
		<mineralScore value='6866'/>
		<gasScore value='1256'/>
		<totalScore value='15347'/>
	</player>

	<enemy>
		<race value='Protoss'/>
		<unitScore value='4225'/>
		<unitScore value='4225'/>
		<killScore value='9000'/>
		<buildingScore value='3675'/>
		<razingScore value='5250'/>
		<mineralScore value='9322'/>
		<gasScore value='2280'/>
		<totalScore value='33752'/>
	</enemy>

	<scoreRatio value='0.454699'/>
	<timeFitness value='0.156528'/>
	<unitsAverage value='32'/>
</results>
