<results>
	<result value='win'/>
	<start value='2015-05-11.23:09:42'/>
	<end value='2015-05-11.23:10:08'/>
	<frames value='26290'/>
	<gameDuration value='1643'/>

	<player>
		<unitScore value='12150'/>
		<killScore value='11500'/>
		<buildingScore value='4150'/>
		<razingScore value='11775'/>
		<mineralScore value='20170'/>
		<gasScore value='2600'/>
		<totalScore value='62345'/>
	</player>

	<enemy>
		<race value='Protoss'/>
		<unitScore value='5750'/>
		<unitScore value='5750'/>
		<killScore value='7200'/>
		<buildingScore value='3925'/>
		<razingScore value='150'/>
		<mineralScore value='10634'/>
		<gasScore value='2904'/>
		<totalScore value='30563'/>
	</enemy>

	<scoreRatio value='2.03988'/>
	<timeFitness value='0.771806'/>
	<unitsAverage value='76'/>
</results>
