<results>
	<result value='win'/>
	<start value='2015-04-27.14:37:35'/>
	<end value='2015-04-27.14:38:04'/>
	<frames value='30661'/>
	<gameDuration value='1916'/>

	<player>
		<unitScore value='22725'/>
		<killScore value='31050'/>
		<buildingScore value='4200'/>
		<razingScore value='9075'/>
		<mineralScore value='29074'/>
		<gasScore value='3400'/>
		<totalScore value='99524'/>
	</player>

	<enemy>
		<race value='Terran'/>
		<unitScore value='16925'/>
		<unitScore value='16925'/>
		<killScore value='22550'/>
		<buildingScore value='3025'/>
		<razingScore value='150'/>
		<mineralScore value='13654'/>
		<gasScore value='6328'/>
		<totalScore value='62632'/>
	</enemy>

	<scoreRatio value='1.58903'/>
</results>
