<results>
	<result value='loss'/>
	<start value='2015-04-27.14:40:08'/>
	<end value='2015-04-27.14:40:18'/>
	<frames value='20617'/>
	<gameDuration value='1288'/>

	<player>
		<unitScore value='5275'/>
		<killScore value='3700'/>
		<buildingScore value='1950'/>
		<razingScore value='0'/>
		<mineralScore value='6842'/>
		<gasScore value='672'/>
		<totalScore value='18439'/>
	</player>

	<enemy>
		<race value='Terran'/>
		<unitScore value='8000'/>
		<unitScore value='8000'/>
		<killScore value='10550'/>
		<buildingScore value='3125'/>
		<razingScore value='5850'/>
		<mineralScore value='9794'/>
		<gasScore value='3808'/>
		<totalScore value='41127'/>
	</enemy>

	<scoreRatio value='0.448343'/>
</results>
