<results>
	<result value='win'/>
	<start value='2015-05-07.18:56:13'/>
	<end value='2015-05-07.18:56:40'/>
	<frames value='27964'/>
	<gameDuration value='1747'/>

	<player>
		<unitScore value='15125'/>
		<killScore value='22920'/>
		<buildingScore value='4750'/>
		<razingScore value='5955'/>
		<mineralScore value='26746'/>
		<gasScore value='3064'/>
		<totalScore value='78560'/>
	</player>

	<enemy>
		<race value='Zerg'/>
		<unitScore value='10475'/>
		<unitScore value='10475'/>
		<killScore value='9250'/>
		<buildingScore value='1985'/>
		<razingScore value='750'/>
		<mineralScore value='10042'/>
		<gasScore value='2992'/>
		<totalScore value='35494'/>
	</enemy>

	<scoreRatio value='2.21333'/>
	<timeFitness value='0.757361'/>
	<unitsAverage value='101'/>
</results>
