<results>
	<result value='loss'/>
	<start value='2015-07-15.07:56:35'/>
	<end value='2015-07-15.07:56:50'/>
	<frames value='22663'/>
	<gameDuration value='1416'/>

	<player>
		<unitScore value='6200'/>
		<killScore value='4100'/>
		<buildingScore value='3100'/>
		<razingScore value='0'/>
		<mineralScore value='8674'/>
		<gasScore value='1848'/>
		<totalScore value='23922'/>
	</player>

	<enemy>
		<race value='Terran'/>
		<unitScore value='7300'/>
		<killScore value='12400'/>
		<buildingScore value='2650'/>
		<razingScore value='9300'/>
		<mineralScore value='10706'/>
		<gasScore value='3584'/>
		<totalScore value='45940'/>
	</enemy>

	<scoreRatio value='0.520723'/>
	<timeFitness value='0.196667'/>
	<unitsAverage value='31'/>
</results>
