<results>
	<result value='win'/>
	<start value='2015-07-15.07:58:57'/>
	<end value='2015-07-15.07:59:12'/>
	<frames value='17982'/>
	<gameDuration value='1123'/>

	<player>
		<unitScore value='7575'/>
		<killScore value='7300'/>
		<buildingScore value='3225'/>
		<razingScore value='3600'/>
		<mineralScore value='14658'/>
		<gasScore value='1104'/>
		<totalScore value='37462'/>
	</player>

	<enemy>
		<race value='Terran'/>
		<unitScore value='3650'/>
		<killScore value='2100'/>
		<buildingScore value='1275'/>
		<razingScore value='150'/>
		<mineralScore value='6730'/>
		<gasScore value='1440'/>
		<totalScore value='15345'/>
	</enemy>

	<scoreRatio value='2.44132'/>
	<timeFitness value='0.844028'/>
	<unitsAverage value='53'/>
</results>
