<results>
	<result value='loss'/>
	<start value='2015-07-15.08:02:42'/>
	<end value='2015-07-15.08:02:55'/>
	<frames value='16990'/>
	<gameDuration value='1061'/>

	<player>
		<unitScore value='4275'/>
		<killScore value='450'/>
		<buildingScore value='2075'/>
		<razingScore value='0'/>
		<mineralScore value='6298'/>
		<gasScore value='920'/>
		<totalScore value='14018'/>
	</player>

	<enemy>
		<race value='Terran'/>
		<unitScore value='5900'/>
		<killScore value='8550'/>
		<buildingScore value='2625'/>
		<razingScore value='6225'/>
		<mineralScore value='7730'/>
		<gasScore value='2432'/>
		<totalScore value='33462'/>
	</enemy>

	<scoreRatio value='0.418923'/>
	<timeFitness value='0.147361'/>
	<unitsAverage value='27'/>
</results>
