<results>
	<result value='loss'/>
	<start value='2015-05-04.22:47:42'/>
	<end value='2015-05-04.22:48:03'/>
	<frames value='36024'/>
	<gameDuration value='2251'/>

	<player>
		<unitScore value='8475'/>
		<killScore value='4500'/>
		<buildingScore value='2075'/>
		<razingScore value='0'/>
		<mineralScore value='13514'/>
		<gasScore value='488'/>
		<totalScore value='29052'/>
	</player>

	<enemy>
		<race value='Protoss'/>
		<unitScore value='22900'/>
		<unitScore value='22900'/>
		<killScore value='16950'/>
		<buildingScore value='7425'/>
		<razingScore value='6225'/>
		<mineralScore value='23326'/>
		<gasScore value='10624'/>
		<totalScore value='87450'/>
	</enemy>

	<scoreRatio value='0.332213'/>
	<timeFitness value='0.312639'/>
	<unitsAverage value='36'/>
</results>
