<results>
	<result value='win'/>
	<start value='2015-05-04.23:06:57'/>
	<end value='2015-05-04.23:07:27'/>
	<frames value='27406'/>
	<gameDuration value='1712'/>

	<player>
		<unitScore value='17375'/>
		<killScore value='16600'/>
		<buildingScore value='3875'/>
		<razingScore value='12975'/>
		<mineralScore value='26978'/>
		<gasScore value='2208'/>
		<totalScore value='80011'/>
	</player>

	<enemy>
		<race value='Protoss'/>
		<unitScore value='8300'/>
		<unitScore value='8300'/>
		<killScore value='12950'/>
		<buildingScore value='4325'/>
		<razingScore value='0'/>
		<mineralScore value='17878'/>
		<gasScore value='2120'/>
		<totalScore value='45573'/>
	</enemy>

	<scoreRatio value='1.75567'/>
	<timeFitness value='0.762222'/>
	<unitsAverage value='104'/>
</results>
