<results>
	<result value='loss'/>
	<start value='2015-07-09.02:21:04'/>
	<end value='2015-07-09.02:21:20'/>
	<frames value='17269'/>
	<gameDuration value='1079'/>

	<player>
		<unitScore value='4000'/>
		<killScore value='1150'/>
		<buildingScore value='1650'/>
		<razingScore value='0'/>
		<mineralScore value='5386'/>
		<gasScore value='664'/>
		<totalScore value='12850'/>
	</player>

	<enemy>
		<race value='Terran'/>
		<unitScore value='5750'/>
		<killScore value='8000'/>
		<buildingScore value='2650'/>
		<razingScore value='4950'/>
		<mineralScore value='8042'/>
		<gasScore value='2520'/>
		<totalScore value='31912'/>
	</enemy>

	<scoreRatio value='0.40267'/>
	<timeFitness value='0.149861'/>
	<unitsAverage value='26'/>
</results>
