<results>
	<result value='loss'/>
	<start value='2015-07-09.02:30:12'/>
	<end value='2015-07-09.02:31:23'/>
	<frames value='44022'/>
	<gameDuration value='2751'/>

	<player>
		<unitScore value='11700'/>
		<killScore value='6550'/>
		<buildingScore value='3300'/>
		<razingScore value='0'/>
		<mineralScore value='13158'/>
		<gasScore value='1944'/>
		<totalScore value='36652'/>
	</player>

	<enemy>
		<race value='Terran'/>
		<unitScore value='19825'/>
		<killScore value='21400'/>
		<buildingScore value='6125'/>
		<razingScore value='9900'/>
		<mineralScore value='23266'/>
		<gasScore value='13486'/>
		<totalScore value='94002'/>
	</enemy>

	<scoreRatio value='0.389907'/>
	<timeFitness value='0.382083'/>
	<unitsAverage value='33'/>
</results>
