<results>
	<result value='draw'/>
	<start value='2015-07-09.10:01:38'/>
	<end value='2015-07-09.10:03:48'/>
	<frames value='57601'/>
	<gameDuration value='3600'/>

	<player>
		<unitScore value='40750'/>
		<killScore value='33350'/>
		<buildingScore value='5000'/>
		<razingScore value='7500'/>
		<mineralScore value='38822'/>
		<gasScore value='5448'/>
		<totalScore value='130870'/>
	</player>

	<enemy>
		<race value='Terran'/>
		<unitScore value='18850'/>
		<killScore value='59900'/>
		<buildingScore value='4650'/>
		<razingScore value='5325'/>
		<mineralScore value='24050'/>
		<gasScore value='6342'/>
		<totalScore value='119117'/>
	</enemy>

	<scoreRatio value='1.09867'/>
	<timeFitness value='0.5'/>
	<unitsAverage value='102'/>
</results>
