<results>
	<result value='loss'/>
	<start value='2015-05-03.16:38:25'/>
	<end value='2015-05-03.16:38:58'/>
	<frames value='43650'/>
	<gameDuration value='2728'/>

	<player>
		<unitScore value='21050'/>
		<killScore value='25700'/>
		<buildingScore value='2825'/>
		<razingScore value='750'/>
		<mineralScore value='24074'/>
		<gasScore value='4376'/>
		<totalScore value='78775'/>
	</player>

	<enemy>
		<race value='Protoss'/>
		<unitScore value='31225'/>
		<unitScore value='31225'/>
		<killScore value='42200'/>
		<buildingScore value='7425'/>
		<razingScore value='8475'/>
		<mineralScore value='29582'/>
		<gasScore value='10816'/>
		<totalScore value='129723'/>
	</enemy>

	<scoreRatio value='0.607255'/>
	<timeFitness value='0.378889'/>
	<unitsAverage value='77'/>
</results>
