<results>
	<result value='loss'/>
	<start value='2015-05-09.21:23:50'/>
	<end value='2015-05-09.21:24:25'/>
	<frames value='38690'/>
	<gameDuration value='2418'/>

	<player>
		<unitScore value='10825'/>
		<killScore value='6600'/>
		<buildingScore value='2075'/>
		<razingScore value='0'/>
		<mineralScore value='12114'/>
		<gasScore value='3944'/>
		<totalScore value='35558'/>
	</player>

	<enemy>
		<race value='Protoss'/>
		<unitScore value='23475'/>
		<unitScore value='23475'/>
		<killScore value='21500'/>
		<buildingScore value='7475'/>
		<razingScore value='6225'/>
		<mineralScore value='25474'/>
		<gasScore value='10246'/>
		<totalScore value='94395'/>
	</enemy>

	<scoreRatio value='0.376694'/>
	<timeFitness value='0.335833'/>
	<unitsAverage value='38'/>
</results>
