<results>
	<result value='draw'/>
	<start value='2015-05-09.21:26:45'/>
	<end value='2015-05-09.21:29:27'/>
	<frames value='57601'/>
	<gameDuration value='3600'/>

	<player>
		<unitScore value='33525'/>
		<killScore value='56550'/>
		<buildingScore value='3875'/>
		<razingScore value='600'/>
		<mineralScore value='31494'/>
		<gasScore value='9560'/>
		<totalScore value='135604'/>
	</player>

	<enemy>
		<race value='Protoss'/>
		<unitScore value='36300'/>
		<unitScore value='36300'/>
		<killScore value='49700'/>
		<buildingScore value='6850'/>
		<razingScore value='2550'/>
		<mineralScore value='31550'/>
		<gasScore value='11582'/>
		<totalScore value='138532'/>
	</enemy>

	<scoreRatio value='0.978864'/>
	<timeFitness value='0.5'/>
	<unitsAverage value='140'/>
</results>
