<results>
	<result value='win'/>
	<start value='2015-05-06.03:40:49'/>
	<end value='2015-05-06.03:41:20'/>
	<frames value='24585'/>
	<gameDuration value='1536'/>

	<player>
		<unitScore value='11350'/>
		<killScore value='17450'/>
		<buildingScore value='3650'/>
		<razingScore value='8850'/>
		<mineralScore value='17186'/>
		<gasScore value='1784'/>
		<totalScore value='60270'/>
	</player>

	<enemy>
		<race value='Terran'/>
		<unitScore value='9325'/>
		<unitScore value='9325'/>
		<killScore value='6400'/>
		<buildingScore value='2950'/>
		<razingScore value='0'/>
		<mineralScore value='10722'/>
		<gasScore value='4608'/>
		<totalScore value='34005'/>
	</enemy>

	<scoreRatio value='1.77239'/>
	<timeFitness value='0.786667'/>
	<unitsAverage value='73'/>
</results>
