<results>
	<result value='loss'/>
	<start value='2015-05-06.03:40:35'/>
	<end value='2015-05-06.03:40:45'/>
	<frames value='15316'/>
	<gameDuration value='957'/>

	<player>
		<unitScore value='3425'/>
		<killScore value='200'/>
		<buildingScore value='1175'/>
		<razingScore value='0'/>
		<mineralScore value='4458'/>
		<gasScore value='696'/>
		<totalScore value='9954'/>
	</player>

	<enemy>
		<race value='Terran'/>
		<unitScore value='5025'/>
		<unitScore value='5025'/>
		<killScore value='6600'/>
		<buildingScore value='1700'/>
		<razingScore value='3525'/>
		<mineralScore value='7162'/>
		<gasScore value='2120'/>
		<totalScore value='26132'/>
	</enemy>

	<scoreRatio value='0.380912'/>
	<timeFitness value='0.132917'/>
	<unitsAverage value='22'/>
</results>
