<results>
	<result value='loss'/>
	<start value='2015-05-06.03:43:04'/>
	<end value='2015-05-06.03:43:20'/>
	<frames value='20245'/>
	<gameDuration value='1265'/>

	<player>
		<unitScore value='3525'/>
		<killScore value='2900'/>
		<buildingScore value='1800'/>
		<razingScore value='0'/>
		<mineralScore value='5562'/>
		<gasScore value='1064'/>
		<totalScore value='14851'/>
	</player>

	<enemy>
		<race value='Terran'/>
		<unitScore value='7550'/>
		<unitScore value='7550'/>
		<killScore value='7050'/>
		<buildingScore value='2875'/>
		<razingScore value='5400'/>
		<mineralScore value='9610'/>
		<gasScore value='3600'/>
		<totalScore value='36085'/>
	</enemy>

	<scoreRatio value='0.411556'/>
	<timeFitness value='0.175694'/>
	<unitsAverage value='28'/>
</results>
