<results>
	<result value='win'/>
	<start value='2015-05-06.03:55:51'/>
	<end value='2015-05-06.03:56:58'/>
	<frames value='37698'/>
	<gameDuration value='2356'/>

	<player>
		<unitScore value='19750'/>
		<killScore value='27200'/>
		<buildingScore value='4575'/>
		<razingScore value='9750'/>
		<mineralScore value='39366'/>
		<gasScore value='5792'/>
		<totalScore value='106433'/>
	</player>

	<enemy>
		<race value='Terran'/>
		<unitScore value='13600'/>
		<unitScore value='13600'/>
		<killScore value='14100'/>
		<buildingScore value='3250'/>
		<razingScore value='2025'/>
		<mineralScore value='12050'/>
		<gasScore value='5248'/>
		<totalScore value='50273'/>
	</enemy>

	<scoreRatio value='2.1171'/>
	<timeFitness value='0.672778'/>
	<unitsAverage value='113'/>
</results>
