<results>
	<result value='win'/>
	<start value='2015-05-06.04:14:43'/>
	<end value='2015-05-06.04:15:29'/>
	<frames value='35869'/>
	<gameDuration value='2241'/>

	<player>
		<unitScore value='17825'/>
		<killScore value='22700'/>
		<buildingScore value='4700'/>
		<razingScore value='8625'/>
		<mineralScore value='30270'/>
		<gasScore value='1610'/>
		<totalScore value='85730'/>
	</player>

	<enemy>
		<race value='Terran'/>
		<unitScore value='13250'/>
		<unitScore value='13250'/>
		<killScore value='18200'/>
		<buildingScore value='2875'/>
		<razingScore value='5400'/>
		<mineralScore value='13642'/>
		<gasScore value='5228'/>
		<totalScore value='58595'/>
	</enemy>

	<scoreRatio value='1.46309'/>
	<timeFitness value='0.68875'/>
	<unitsAverage value='71'/>
</results>
