<results>
	<result value='loss'/>
	<start value='2015-05-06.04:38:05'/>
	<end value='2015-05-06.04:38:46'/>
	<frames value='51307'/>
	<gameDuration value='3206'/>

	<player>
		<unitScore value='9175'/>
		<killScore value='22950'/>
		<buildingScore value='2525'/>
		<razingScore value='4875'/>
		<mineralScore value='12538'/>
		<gasScore value='1832'/>
		<totalScore value='53895'/>
	</player>

	<enemy>
		<race value='Terran'/>
		<unitScore value='22475'/>
		<unitScore value='22475'/>
		<killScore value='18350'/>
		<buildingScore value='6100'/>
		<razingScore value='7575'/>
		<mineralScore value='28290'/>
		<gasScore value='10814'/>
		<totalScore value='93604'/>
	</enemy>

	<scoreRatio value='0.575777'/>
	<timeFitness value='0.445278'/>
	<unitsAverage value='28'/>
</results>
