<results>
	<result value='win'/>
	<start value='2015-05-09.07:27:12'/>
	<end value='2015-05-09.07:27:38'/>
	<frames value='25298'/>
	<gameDuration value='1581'/>

	<player>
		<unitScore value='14475'/>
		<killScore value='18900'/>
		<buildingScore value='4050'/>
		<razingScore value='6750'/>
		<mineralScore value='26546'/>
		<gasScore value='2880'/>
		<totalScore value='73601'/>
	</player>

	<enemy>
		<race value='Terran'/>
		<unitScore value='9450'/>
		<unitScore value='9450'/>
		<killScore value='7200'/>
		<buildingScore value='2250'/>
		<razingScore value='0'/>
		<mineralScore value='10638'/>
		<gasScore value='3392'/>
		<totalScore value='32930'/>
	</enemy>

	<scoreRatio value='2.23507'/>
	<timeFitness value='0.780417'/>
	<unitsAverage value='95'/>
</results>
