<results>
	<result value='win'/>
	<start value='2015-05-05.12:16:41'/>
	<end value='2015-05-05.12:17:12'/>
	<frames value='26507'/>
	<gameDuration value='1656'/>

	<player>
		<unitScore value='12375'/>
		<killScore value='11150'/>
		<buildingScore value='4100'/>
		<razingScore value='6750'/>
		<mineralScore value='21646'/>
		<gasScore value='2064'/>
		<totalScore value='58085'/>
	</player>

	<enemy>
		<race value='Terran'/>
		<unitScore value='5575'/>
		<unitScore value='5575'/>
		<killScore value='6400'/>
		<buildingScore value='2250'/>
		<razingScore value='2175'/>
		<mineralScore value='8898'/>
		<gasScore value='2712'/>
		<totalScore value='28010'/>
	</enemy>

	<scoreRatio value='2.07372'/>
	<timeFitness value='0.77'/>
	<unitsAverage value='76'/>
</results>
