<results>
	<result value='win'/>
	<start value='2015-05-05.12:29:45'/>
	<end value='2015-05-05.12:30:14'/>
	<frames value='25794'/>
	<gameDuration value='1612'/>

	<player>
		<unitScore value='13250'/>
		<killScore value='18100'/>
		<buildingScore value='3900'/>
		<razingScore value='8550'/>
		<mineralScore value='20142'/>
		<gasScore value='2392'/>
		<totalScore value='66334'/>
	</player>

	<enemy>
		<race value='Terran'/>
		<unitScore value='10050'/>
		<unitScore value='10050'/>
		<killScore value='9250'/>
		<buildingScore value='2850'/>
		<razingScore value='1875'/>
		<mineralScore value='10186'/>
		<gasScore value='4056'/>
		<totalScore value='38267'/>
	</enemy>

	<scoreRatio value='1.73345'/>
	<timeFitness value='0.776111'/>
	<unitsAverage value='74'/>
</results>
