<results>
	<result value='win'/>
	<start value='2015-04-27.14:45:40'/>
	<end value='2015-04-27.14:45:51'/>
	<frames value='19098'/>
	<gameDuration value='1193'/>

	<player>
		<unitScore value='8425'/>
		<killScore value='11200'/>
		<buildingScore value='2525'/>
		<razingScore value='4350'/>
		<mineralScore value='12394'/>
		<gasScore value='1800'/>
		<totalScore value='40694'/>
	</player>

	<enemy>
		<race value='Terran'/>
		<unitScore value='5600'/>
		<unitScore value='5600'/>
		<killScore value='3900'/>
		<buildingScore value='1450'/>
		<razingScore value='0'/>
		<mineralScore value='8410'/>
		<gasScore value='2288'/>
		<totalScore value='21648'/>
	</enemy>

	<scoreRatio value='1.8798'/>
</results>
