<results>
	<result value='loss'/>
	<start value='2015-04-13.16:48:20'/>
	<end value='2015-04-13.16:48:50'/>
	<frames value='29204'/>
	<gameDuration value='1825'/>

	<player>
		<unitScore value='6625'/>
		<killScore value='4800'/>
		<buildingScore value='1525'/>
		<razingScore value='0'/>
		<mineralScore value='7314'/>
		<gasScore value='1600'/>
		<totalScore value='21864'/>
	</player>

	<enemy>
		<race value='Protoss'/>
		<unitScore value='12425'/>
		<unitScore value='12425'/>
		<killScore value='13250'/>
		<buildingScore value='6625'/>
		<razingScore value='4575'/>
		<mineralScore value='17586'/>
		<gasScore value='5712'/>
		<totalScore value='60173'/>
	</enemy>

	<scoreRatio value='0.363352'/>
</results>
