<results>
	<result value='loss'/>
	<start value='2015-04-13.16:49:11'/>
	<end value='2015-04-13.16:50:20'/>
	<frames value='48083'/>
	<gameDuration value='3005'/>

	<player>
		<unitScore value='22825'/>
		<killScore value='38300'/>
		<buildingScore value='2825'/>
		<razingScore value='0'/>
		<mineralScore value='23954'/>
		<gasScore value='4850'/>
		<totalScore value='92754'/>
	</player>

	<enemy>
		<race value='Protoss'/>
		<unitScore value='38850'/>
		<unitScore value='38850'/>
		<killScore value='45950'/>
		<buildingScore value='7375'/>
		<razingScore value='8475'/>
		<mineralScore value='33086'/>
		<gasScore value='13288'/>
		<totalScore value='147024'/>
	</enemy>

	<scoreRatio value='0.630877'/>
</results>
