<results>
	<result value='loss'/>
	<start value='2015-05-07.09:46:29'/>
	<end value='2015-05-07.09:46:45'/>
	<frames value='28522'/>
	<gameDuration value='1782'/>

	<player>
		<unitScore value='11500'/>
		<killScore value='17550'/>
		<buildingScore value='1800'/>
		<razingScore value='240'/>
		<mineralScore value='12210'/>
		<gasScore value='1520'/>
		<totalScore value='44820'/>
	</player>

	<enemy>
		<race value='Zerg'/>
		<unitScore value='17800'/>
		<unitScore value='17800'/>
		<killScore value='23100'/>
		<buildingScore value='3335'/>
		<razingScore value='5400'/>
		<mineralScore value='16978'/>
		<gasScore value='5728'/>
		<totalScore value='72341'/>
	</enemy>

	<scoreRatio value='0.619566'/>
	<timeFitness value='0.2475'/>
	<unitsAverage value='54'/>
</results>
