<results>
	<result value='win'/>
	<start value='2015-05-07.09:49:04'/>
	<end value='2015-05-07.09:49:46'/>
	<frames value='30103'/>
	<gameDuration value='1881'/>

	<player>
		<unitScore value='16675'/>
		<killScore value='26470'/>
		<buildingScore value='3900'/>
		<razingScore value='7875'/>
		<mineralScore value='33574'/>
		<gasScore value='2624'/>
		<totalScore value='91118'/>
	</player>

	<enemy>
		<race value='Zerg'/>
		<unitScore value='12300'/>
		<unitScore value='12300'/>
		<killScore value='11050'/>
		<buildingScore value='2625'/>
		<razingScore value='150'/>
		<mineralScore value='12666'/>
		<gasScore value='3784'/>
		<totalScore value='42575'/>
	</enemy>

	<scoreRatio value='2.14018'/>
	<timeFitness value='0.73875'/>
	<unitsAverage value='117'/>
</results>
