<results>
	<result value='loss'/>
	<start value='2015-05-07.10:05:14'/>
	<end value='2015-05-07.10:05:34'/>
	<frames value='25701'/>
	<gameDuration value='1606'/>

	<player>
		<unitScore value='6925'/>
		<killScore value='8450'/>
		<buildingScore value='2750'/>
		<razingScore value='0'/>
		<mineralScore value='15318'/>
		<gasScore value='2168'/>
		<totalScore value='35611'/>
	</player>

	<enemy>
		<race value='Zerg'/>
		<unitScore value='12650'/>
		<unitScore value='12650'/>
		<killScore value='9650'/>
		<buildingScore value='3765'/>
		<razingScore value='8250'/>
		<mineralScore value='14762'/>
		<gasScore value='4480'/>
		<totalScore value='53557'/>
	</enemy>

	<scoreRatio value='0.664918'/>
	<timeFitness value='0.223056'/>
	<unitsAverage value='55'/>
</results>
