<results>
	<result value='win'/>
	<start value='2015-05-07.10:07:52'/>
	<end value='2015-05-07.10:08:50'/>
	<frames value='51896'/>
	<gameDuration value='3243'/>

	<player>
		<unitScore value='20200'/>
		<killScore value='44345'/>
		<buildingScore value='2500'/>
		<razingScore value='12465'/>
		<mineralScore value='21958'/>
		<gasScore value='7260'/>
		<totalScore value='108728'/>
	</player>

	<enemy>
		<race value='Zerg'/>
		<unitScore value='21025'/>
		<unitScore value='21025'/>
		<killScore value='25800'/>
		<buildingScore value='4155'/>
		<razingScore value='225'/>
		<mineralScore value='20450'/>
		<gasScore value='7702'/>
		<totalScore value='79357'/>
	</enemy>

	<scoreRatio value='1.37011'/>
	<timeFitness value='0.549583'/>
	<unitsAverage value='104'/>
</results>
