<results>
	<result value='win'/>
	<start value='2015-05-07.10:11:33'/>
	<end value='2015-05-07.10:12:13'/>
	<frames value='33389'/>
	<gameDuration value='2086'/>

	<player>
		<unitScore value='19675'/>
		<killScore value='27990'/>
		<buildingScore value='3875'/>
		<razingScore value='10470'/>
		<mineralScore value='26730'/>
		<gasScore value='2480'/>
		<totalScore value='91220'/>
	</player>

	<enemy>
		<race value='Zerg'/>
		<unitScore value='14725'/>
		<unitScore value='14725'/>
		<killScore value='17100'/>
		<buildingScore value='3490'/>
		<razingScore value='2400'/>
		<mineralScore value='15346'/>
		<gasScore value='4760'/>
		<totalScore value='57821'/>
	</enemy>

	<scoreRatio value='1.57763'/>
	<timeFitness value='0.710278'/>
	<unitsAverage value='107'/>
</results>
