<results>
	<result value='loss'/>
	<start value='2015-05-07.10:19:03'/>
	<end value='2015-05-07.10:20:09'/>
	<frames value='52330'/>
	<gameDuration value='3270'/>

	<player>
		<unitScore value='22925'/>
		<killScore value='61675'/>
		<buildingScore value='3325'/>
		<razingScore value='585'/>
		<mineralScore value='24050'/>
		<gasScore value='5338'/>
		<totalScore value='117898'/>
	</player>

	<enemy>
		<race value='Zerg'/>
		<unitScore value='44425'/>
		<unitScore value='44425'/>
		<killScore value='45850'/>
		<buildingScore value='4945'/>
		<razingScore value='9975'/>
		<mineralScore value='34838'/>
		<gasScore value='15070'/>
		<totalScore value='155103'/>
	</enemy>

	<scoreRatio value='0.760127'/>
	<timeFitness value='0.454167'/>
	<unitsAverage value='100'/>
</results>
