<results>
	<result value='win'/>
	<start value='2015-04-14.03:59:42'/>
	<end value='2015-04-14.04:00:47'/>
	<frames value='32924'/>
	<gameDuration value='2057'/>

	<player>
		<unitScore value='19575'/>
		<killScore value='32350'/>
		<buildingScore value='3875'/>
		<razingScore value='17250'/>
		<mineralScore value='25838'/>
		<gasScore value='3656'/>
		<totalScore value='102544'/>
	</player>

	<enemy>
		<race value='Protoss'/>
		<unitScore value='17225'/>
		<unitScore value='17225'/>
		<killScore value='15100'/>
		<buildingScore value='5750'/>
		<razingScore value='300'/>
		<mineralScore value='15850'/>
		<gasScore value='5680'/>
		<totalScore value='59905'/>
	</enemy>

	<scoreRatio value='1.71178'/>
</results>
