<results>
	<result value='win'/>
	<start value='2015-04-14.04:08:17'/>
	<end value='2015-04-14.04:09:03'/>
	<frames value='27778'/>
	<gameDuration value='1736'/>

	<player>
		<unitScore value='14325'/>
		<killScore value='14600'/>
		<buildingScore value='2425'/>
		<razingScore value='12300'/>
		<mineralScore value='18290'/>
		<gasScore value='1952'/>
		<totalScore value='63892'/>
	</player>

	<enemy>
		<race value='Protoss'/>
		<unitScore value='7300'/>
		<unitScore value='7300'/>
		<killScore value='11800'/>
		<buildingScore value='4100'/>
		<razingScore value='0'/>
		<mineralScore value='18530'/>
		<gasScore value='1032'/>
		<totalScore value='42762'/>
	</enemy>

	<scoreRatio value='1.49413'/>
</results>
