<results>
	<result value='win'/>
	<start value='2015-04-27.23:13:15'/>
	<end value='2015-04-27.23:13:25'/>
	<frames value='18974'/>
	<gameDuration value='1185'/>

	<player>
		<unitScore value='7200'/>
		<killScore value='12900'/>
		<buildingScore value='2075'/>
		<razingScore value='5400'/>
		<mineralScore value='10834'/>
		<gasScore value='1432'/>
		<totalScore value='39841'/>
	</player>

	<enemy>
		<race value='Terran'/>
		<unitScore value='6450'/>
		<unitScore value='6450'/>
		<killScore value='3700'/>
		<buildingScore value='1800'/>
		<razingScore value='750'/>
		<mineralScore value='7522'/>
		<gasScore value='2328'/>
		<totalScore value='22550'/>
	</enemy>

	<scoreRatio value='1.76678'/>
</results>
