<results>
	<result value='loss'/>
	<start value='2015-04-27.23:15:45'/>
	<end value='2015-04-27.23:15:53'/>
	<frames value='17424'/>
	<gameDuration value='1089'/>

	<player>
		<unitScore value='3725'/>
		<killScore value='700'/>
		<buildingScore value='1525'/>
		<razingScore value='0'/>
		<mineralScore value='5426'/>
		<gasScore value='848'/>
		<totalScore value='12224'/>
	</player>

	<enemy>
		<race value='Terran'/>
		<unitScore value='6050'/>
		<unitScore value='6050'/>
		<killScore value='7450'/>
		<buildingScore value='2700'/>
		<razingScore value='4575'/>
		<mineralScore value='7922'/>
		<gasScore value='2752'/>
		<totalScore value='31449'/>
	</enemy>

	<scoreRatio value='0.388693'/>
</results>
