<results>
	<result value='win'/>
	<start value='2015-04-27.23:18:02'/>
	<end value='2015-04-27.23:18:24'/>
	<frames value='25949'/>
	<gameDuration value='1621'/>

	<player>
		<unitScore value='13750'/>
		<killScore value='22650'/>
		<buildingScore value='4150'/>
		<razingScore value='8775'/>
		<mineralScore value='21434'/>
		<gasScore value='2600'/>
		<totalScore value='73359'/>
	</player>

	<enemy>
		<race value='Terran'/>
		<unitScore value='11925'/>
		<unitScore value='11925'/>
		<killScore value='9900'/>
		<buildingScore value='2925'/>
		<razingScore value='0'/>
		<mineralScore value='10934'/>
		<gasScore value='4320'/>
		<totalScore value='40004'/>
	</enemy>

	<scoreRatio value='1.83379'/>
</results>
