<results>
	<result value='loss'/>
	<start value='2015-04-13.12:21:56'/>
	<end value='2015-04-13.12:22:05'/>
	<frames value='19718'/>
	<gameDuration value='1232'/>

	<player>
		<unitScore value='3825'/>
		<killScore value='1400'/>
		<buildingScore value='1675'/>
		<razingScore value='0'/>
		<mineralScore value='5778'/>
		<gasScore value='640'/>
		<totalScore value='13318'/>
	</player>

	<enemy>
		<race value='Protoss'/>
		<unitScore value='4400'/>
		<unitScore value='4400'/>
		<killScore value='7650'/>
		<buildingScore value='5175'/>
		<razingScore value='5025'/>
		<mineralScore value='11330'/>
		<gasScore value='1952'/>
		<totalScore value='35532'/>
	</enemy>

	<scoreRatio value='0.374817'/>
</results>
