<results>
	<result value='draw'/>
	<start value='2014-07-22.23:04:46'/>
	<end value='2014-07-22.23:05:40'/>
	<frames value='57601'/>
	<gameDuration value='3600'/>

	<player>
		<unitScore value='30725'/>
		<killScore value='55550'/>
		<buildingScore value='3550'/>
		<razingScore value='900'/>
		<mineralScore value='31462'/>
		<gasScore value='6694'/>
		<totalScore value='128881'/>
	</player>

	<enemy>
		<race value='Protoss'/>
		<unitScore value='38325'/>
		<unitScore value='38325'/>
		<killScore value='56650'/>
		<buildingScore value='7225'/>
		<razingScore value='6975'/>
		<mineralScore value='31550'/>
		<gasScore value='12136'/>
		<totalScore value='152861'/>
	</enemy>

	<scoreRatio value='0.843125'/>
</results>
