<results>
	<result value='win'/>
	<start value='2015-05-08.20:33:46'/>
	<end value='2015-05-08.20:34:58'/>
	<frames value='38287'/>
	<gameDuration value='2392'/>

	<player>
		<unitScore value='24950'/>
		<killScore value='28050'/>
		<buildingScore value='4425'/>
		<razingScore value='11175'/>
		<mineralScore value='41078'/>
		<gasScore value='4080'/>
		<totalScore value='113758'/>
	</player>

	<enemy>
		<race value='Terran'/>
		<unitScore value='14325'/>
		<unitScore value='14325'/>
		<killScore value='25250'/>
		<buildingScore value='3725'/>
		<razingScore value='300'/>
		<mineralScore value='12466'/>
		<gasScore value='5542'/>
		<totalScore value='61608'/>
	</enemy>

	<scoreRatio value='1.84648'/>
	<timeFitness value='0.667778'/>
	<unitsAverage value='130'/>
</results>
