<results>
	<result value='win'/>
	<start value='2014-07-09.16:23:13'/>
	<end value='2014-07-09.16:23:52'/>
	<frames value='38287'/>
	<gameDuration value='2392'/>

	<player>
		<unitScore value='23750'/>
		<killScore value='31500'/>
		<buildingScore value='3875'/>
		<razingScore value='18975'/>
		<mineralScore value='30110'/>
		<gasScore value='3080'/>
		<totalScore value='111290'/>
	</player>

	<enemy>
		<race value='Protoss'/>
		<unitScore value='18200'/>
		<unitScore value='18200'/>
		<killScore value='25400'/>
		<buildingScore value='6325'/>
		<razingScore value='150'/>
		<mineralScore value='17010'/>
		<gasScore value='6552'/>
		<totalScore value='73637'/>
	</enemy>

	<scoreRatio value='1.51133'/>
</results>
