<results>
	<result value='loss'/>
	<start value='2014-07-09.17:39:01'/>
	<end value='2014-07-09.17:39:18'/>
	<frames value='30103'/>
	<gameDuration value='1881'/>

	<player>
		<unitScore value='8700'/>
		<killScore value='5900'/>
		<buildingScore value='1975'/>
		<razingScore value='450'/>
		<mineralScore value='12918'/>
		<gasScore value='520'/>
		<totalScore value='30463'/>
	</player>

	<enemy>
		<race value='Protoss'/>
		<unitScore value='14875'/>
		<unitScore value='14875'/>
		<killScore value='17400'/>
		<buildingScore value='6825'/>
		<razingScore value='5925'/>
		<mineralScore value='19578'/>
		<gasScore value='6168'/>
		<totalScore value='70771'/>
	</enemy>

	<scoreRatio value='0.430445'/>
</results>
