<results>
	<result value='loss'/>
	<start value='2015-07-19.14:35:51'/>
	<end value='2015-07-19.14:36:33'/>
	<frames value='29359'/>
	<gameDuration value='1834'/>

	<player>
		<unitScore value='15250'/>
		<killScore value='11810'/>
		<buildingScore value='3375'/>
		<razingScore value='1170'/>
		<mineralScore value='16062'/>
		<gasScore value='2224'/>
		<totalScore value='49891'/>
	</player>

	<enemy>
		<race value='Zerg'/>
		<unitScore value='13050'/>
		<killScore value='26550'/>
		<buildingScore value='3265'/>
		<razingScore value='10125'/>
		<mineralScore value='15534'/>
		<gasScore value='4256'/>
		<totalScore value='72780'/>
	</enemy>

	<scoreRatio value='0.685504'/>
	<timeFitness value='0.254722'/>
	<unitsAverage value='59'/>
</results>
