<results>
	<result value='win'/>
	<start value='2015-05-11.07:44:21'/>
	<end value='2015-05-11.07:45:00'/>
	<frames value='29297'/>
	<gameDuration value='1831'/>

	<player>
		<unitScore value='20575'/>
		<killScore value='24150'/>
		<buildingScore value='5225'/>
		<razingScore value='6375'/>
		<mineralScore value='26418'/>
		<gasScore value='1864'/>
		<totalScore value='84607'/>
	</player>

	<enemy>
		<race value='Zerg'/>
		<unitScore value='11275'/>
		<unitScore value='11275'/>
		<killScore value='16250'/>
		<buildingScore value='2125'/>
		<razingScore value='0'/>
		<mineralScore value='11458'/>
		<gasScore value='3696'/>
		<totalScore value='44804'/>
	</enemy>

	<scoreRatio value='1.88838'/>
	<timeFitness value='0.745694'/>
	<unitsAverage value='106'/>
</results>
