<results>
	<result value='win'/>
	<start value='2015-05-11.07:59:32'/>
	<end value='2015-05-11.07:59:58'/>
	<frames value='25577'/>
	<gameDuration value='1598'/>

	<player>
		<unitScore value='14825'/>
		<killScore value='20115'/>
		<buildingScore value='3400'/>
		<razingScore value='7830'/>
		<mineralScore value='18154'/>
		<gasScore value='2264'/>
		<totalScore value='66588'/>
	</player>

	<enemy>
		<race value='Zerg'/>
		<unitScore value='9650'/>
		<unitScore value='9650'/>
		<killScore value='11750'/>
		<buildingScore value='2610'/>
		<razingScore value='150'/>
		<mineralScore value='10290'/>
		<gasScore value='3440'/>
		<totalScore value='37890'/>
	</enemy>

	<scoreRatio value='1.7574'/>
	<timeFitness value='0.778056'/>
	<unitsAverage value='76'/>
</results>
