<results>
	<result value='win'/>
	<start value='2015-05-11.08:02:19'/>
	<end value='2015-05-11.08:03:22'/>
	<frames value='36210'/>
	<gameDuration value='2263'/>

	<player>
		<unitScore value='32425'/>
		<killScore value='43825'/>
		<buildingScore value='4025'/>
		<razingScore value='6030'/>
		<mineralScore value='37082'/>
		<gasScore value='2984'/>
		<totalScore value='126371'/>
	</player>

	<enemy>
		<race value='Zerg'/>
		<unitScore value='21825'/>
		<unitScore value='21825'/>
		<killScore value='40450'/>
		<buildingScore value='2010'/>
		<razingScore value='150'/>
		<mineralScore value='17154'/>
		<gasScore value='6928'/>
		<totalScore value='88517'/>
	</enemy>

	<scoreRatio value='1.42765'/>
	<timeFitness value='0.685694'/>
	<unitsAverage value='136'/>
</results>
