<results>
	<result value='draw'/>
	<start value='2015-07-14.03:33:38'/>
	<end value='2015-07-14.03:35:32'/>
	<frames value='57601'/>
	<gameDuration value='3600'/>

	<player>
		<unitScore value='42825'/>
		<killScore value='43250'/>
		<buildingScore value='4275'/>
		<razingScore value='5400'/>
		<mineralScore value='43446'/>
		<gasScore value='10012'/>
		<totalScore value='149208'/>
	</player>

	<enemy>
		<race value='Protoss'/>
		<unitScore value='30775'/>
		<killScore value='60950'/>
		<buildingScore value='6675'/>
		<razingScore value='1800'/>
		<mineralScore value='19542'/>
		<gasScore value='11404'/>
		<totalScore value='131146'/>
	</enemy>

	<scoreRatio value='1.13772'/>
	<timeFitness value='0.5'/>
	<unitsAverage value='156'/>
</results>
