<results>
	<result value='loss'/>
	<start value='2015-07-14.03:37:54'/>
	<end value='2015-07-14.03:38:35'/>
	<frames value='41418'/>
	<gameDuration value='2588'/>

	<player>
		<unitScore value='29625'/>
		<killScore value='20400'/>
		<buildingScore value='2925'/>
		<razingScore value='150'/>
		<mineralScore value='26726'/>
		<gasScore value='4504'/>
		<totalScore value='84330'/>
	</player>

	<enemy>
		<race value='Protoss'/>
		<unitScore value='26240'/>
		<killScore value='59250'/>
		<buildingScore value='8075'/>
		<razingScore value='8775'/>
		<mineralScore value='28458'/>
		<gasScore value='9182'/>
		<totalScore value='139980'/>
	</enemy>

	<scoreRatio value='0.602443'/>
	<timeFitness value='0.359444'/>
	<unitsAverage value='82'/>
</results>
