<results>
	<result value='draw'/>
	<start value='2015-07-14.03:48:46'/>
	<end value='2015-07-14.03:51:00'/>
	<frames value='57601'/>
	<gameDuration value='3600'/>

	<player>
		<unitScore value='26250'/>
		<killScore value='20200'/>
		<buildingScore value='4375'/>
		<razingScore value='6075'/>
		<mineralScore value='39394'/>
		<gasScore value='18430'/>
		<totalScore value='114724'/>
	</player>

	<enemy>
		<race value='Protoss'/>
		<unitScore value='11900'/>
		<killScore value='29300'/>
		<buildingScore value='3350'/>
		<razingScore value='0'/>
		<mineralScore value='23594'/>
		<gasScore value='944'/>
		<totalScore value='69088'/>
	</enemy>

	<scoreRatio value='1.66055'/>
	<timeFitness value='0.5'/>
	<unitsAverage value='177'/>
</results>
