<results>
	<result value='win'/>
	<start value='2014-07-09.17:25:27'/>
	<end value='2014-07-09.17:26:19'/>
	<frames value='43433'/>
	<gameDuration value='2714'/>

	<player>
		<unitScore value='31050'/>
		<killScore value='28150'/>
		<buildingScore value='3775'/>
		<razingScore value='19725'/>
		<mineralScore value='33718'/>
		<gasScore value='4664'/>
		<totalScore value='121082'/>
	</player>

	<enemy>
		<race value='Protoss'/>
		<unitScore value='14875'/>
		<unitScore value='14875'/>
		<killScore value='40300'/>
		<buildingScore value='6575'/>
		<razingScore value='750'/>
		<mineralScore value='18274'/>
		<gasScore value='7178'/>
		<totalScore value='87952'/>
	</enemy>

	<scoreRatio value='1.37668'/>
</results>
