<results>
	<result value='win'/>
	<start value='2014-07-09.17:28:30'/>
	<end value='2014-07-09.17:28:56'/>
	<frames value='26972'/>
	<gameDuration value='1685'/>

	<player>
		<unitScore value='15925'/>
		<killScore value='17000'/>
		<buildingScore value='4175'/>
		<razingScore value='13275'/>
		<mineralScore value='22034'/>
		<gasScore value='2664'/>
		<totalScore value='75073'/>
	</player>

	<enemy>
		<race value='Protoss'/>
		<unitScore value='9200'/>
		<unitScore value='9200'/>
		<killScore value='9500'/>
		<buildingScore value='4425'/>
		<razingScore value='150'/>
		<mineralScore value='11334'/>
		<gasScore value='3184'/>
		<totalScore value='37793'/>
	</enemy>

	<scoreRatio value='1.98643'/>
</results>
