<results>
	<result value='win'/>
	<start value='2015-04-28.02:42:33'/>
	<end value='2015-04-28.02:42:56'/>
	<frames value='20679'/>
	<gameDuration value='1292'/>

	<player>
		<unitScore value='9975'/>
		<killScore value='14930'/>
		<buildingScore value='2675'/>
		<razingScore value='4680'/>
		<mineralScore value='12866'/>
		<gasScore value='1424'/>
		<totalScore value='46550'/>
	</player>

	<enemy>
		<race value='Zerg'/>
		<unitScore value='7350'/>
		<unitScore value='7350'/>
		<killScore value='6250'/>
		<buildingScore value='1560'/>
		<razingScore value='0'/>
		<mineralScore value='8090'/>
		<gasScore value='2600'/>
		<totalScore value='25850'/>
	</enemy>

	<scoreRatio value='1.80077'/>
</results>
