<results>
	<result value='win'/>
	<start value='2015-04-28.02:49:21'/>
	<end value='2015-04-28.02:50:07'/>
	<frames value='27592'/>
	<gameDuration value='1724'/>

	<player>
		<unitScore value='17525'/>
		<killScore value='25710'/>
		<buildingScore value='4500'/>
		<razingScore value='4560'/>
		<mineralScore value='29202'/>
		<gasScore value='2776'/>
		<totalScore value='84273'/>
	</player>

	<enemy>
		<race value='Zerg'/>
		<unitScore value='11125'/>
		<unitScore value='11125'/>
		<killScore value='13650'/>
		<buildingScore value='1520'/>
		<razingScore value='0'/>
		<mineralScore value='9962'/>
		<gasScore value='2880'/>
		<totalScore value='39137'/>
	</enemy>

	<scoreRatio value='2.15328'/>
</results>
