<results>
	<result value='win'/>
	<start value='2015-04-09.12:00:38'/>
	<end value='2015-04-09.12:01:05'/>
	<frames value='31405'/>
	<gameDuration value='1962'/>

	<player>
		<unitScore value='16350'/>
		<killScore value='16950'/>
		<buildingScore value='3850'/>
		<razingScore value='16275'/>
		<mineralScore value='22410'/>
		<gasScore value='2384'/>
		<totalScore value='78219'/>
	</player>

	<enemy>
		<race value='Protoss'/>
		<unitScore value='8825'/>
		<unitScore value='8825'/>
		<killScore value='13300'/>
		<buildingScore value='5425'/>
		<razingScore value='225'/>
		<mineralScore value='13206'/>
		<gasScore value='2960'/>
		<totalScore value='43941'/>
	</enemy>

	<scoreRatio value='1.78009'/>
</results>
