<results>
	<result value='win'/>
	<start value='2015-04-09.12:03:37'/>
	<end value='2015-04-09.12:04:05'/>
	<frames value='29235'/>
	<gameDuration value='1827'/>

	<player>
		<unitScore value='19150'/>
		<killScore value='18300'/>
		<buildingScore value='3975'/>
		<razingScore value='18675'/>
		<mineralScore value='23242'/>
		<gasScore value='3032'/>
		<totalScore value='86374'/>
	</player>

	<enemy>
		<race value='Protoss'/>
		<unitScore value='9650'/>
		<unitScore value='9650'/>
		<killScore value='16200'/>
		<buildingScore value='6225'/>
		<razingScore value='375'/>
		<mineralScore value='15518'/>
		<gasScore value='4456'/>
		<totalScore value='52424'/>
	</enemy>

	<scoreRatio value='1.6476'/>
</results>
