<results>
	<result value='loss'/>
	<start value='2015-04-15.01:48:22'/>
	<end value='2015-04-15.01:49:29'/>
	<frames value='46130'/>
	<gameDuration value='2883'/>

	<player>
		<unitScore value='22875'/>
		<killScore value='37100'/>
		<buildingScore value='2475'/>
		<razingScore value='900'/>
		<mineralScore value='23978'/>
		<gasScore value='3416'/>
		<totalScore value='90744'/>
	</player>

	<enemy>
		<race value='Protoss'/>
		<unitScore value='38825'/>
		<unitScore value='38825'/>
		<killScore value='45750'/>
		<buildingScore value='7475'/>
		<razingScore value='7425'/>
		<mineralScore value='32350'/>
		<gasScore value='12736'/>
		<totalScore value='144561'/>
	</enemy>

	<scoreRatio value='0.627721'/>
</results>
