<results>
	<result value='loss'/>
	<start value='2015-04-15.02:04:13'/>
	<end value='2015-04-15.02:04:27'/>
	<frames value='15657'/>
	<gameDuration value='978'/>

	<player>
		<unitScore value='2250'/>
		<killScore value='800'/>
		<buildingScore value='1525'/>
		<razingScore value='0'/>
		<mineralScore value='3818'/>
		<gasScore value='800'/>
		<totalScore value='9193'/>
	</player>

	<enemy>
		<race value='Protoss'/>
		<unitScore value='3550'/>
		<unitScore value='3550'/>
		<killScore value='4500'/>
		<buildingScore value='3525'/>
		<razingScore value='4575'/>
		<mineralScore value='8234'/>
		<gasScore value='1720'/>
		<totalScore value='26104'/>
	</enemy>

	<scoreRatio value='0.352168'/>
</results>
