<results>
	<result value='win'/>
	<start value='2015-04-15.02:13:48'/>
	<end value='2015-04-15.02:14:53'/>
	<frames value='32707'/>
	<gameDuration value='2044'/>

	<player>
		<unitScore value='20900'/>
		<killScore value='19400'/>
		<buildingScore value='3925'/>
		<razingScore value='17025'/>
		<mineralScore value='25530'/>
		<gasScore value='3088'/>
		<totalScore value='89868'/>
	</player>

	<enemy>
		<race value='Protoss'/>
		<unitScore value='9700'/>
		<unitScore value='9700'/>
		<killScore value='17950'/>
		<buildingScore value='5675'/>
		<razingScore value='150'/>
		<mineralScore value='17098'/>
		<gasScore value='3640'/>
		<totalScore value='54213'/>
	</enemy>

	<scoreRatio value='1.65768'/>
</results>
