<results>
	<result value='loss'/>
	<start value='2015-04-11.07:37:07'/>
	<end value='2015-04-11.07:38:04'/>
	<frames value='44766'/>
	<gameDuration value='2797'/>

	<player>
		<unitScore value='19125'/>
		<killScore value='30950'/>
		<buildingScore value='3000'/>
		<razingScore value='450'/>
		<mineralScore value='22138'/>
		<gasScore value='2968'/>
		<totalScore value='78631'/>
	</player>

	<enemy>
		<race value='Protoss'/>
		<unitScore value='35450'/>
		<unitScore value='35450'/>
		<killScore value='38000'/>
		<buildingScore value='7575'/>
		<razingScore value='9000'/>
		<mineralScore value='31906'/>
		<gasScore value='12002'/>
		<totalScore value='133933'/>
	</enemy>

	<scoreRatio value='0.587092'/>
</results>
