<results>
	<result value='draw'/>
	<start value='2015-07-09.04:20:09'/>
	<end value='2015-07-09.04:23:53'/>
	<frames value='57601'/>
	<gameDuration value='3600'/>

	<player>
		<unitScore value='28850'/>
		<killScore value='24850'/>
		<buildingScore value='4925'/>
		<razingScore value='2100'/>
		<mineralScore value='43390'/>
		<gasScore value='4672'/>
		<totalScore value='108787'/>
	</player>

	<enemy>
		<race value='Terran'/>
		<unitScore value='14075'/>
		<killScore value='27800'/>
		<buildingScore value='2700'/>
		<razingScore value='3075'/>
		<mineralScore value='12050'/>
		<gasScore value='6166'/>
		<totalScore value='65866'/>
	</enemy>

	<scoreRatio value='1.65164'/>
	<timeFitness value='0.5'/>
	<unitsAverage value='150'/>
</results>
