<results>
	<result value='loss'/>
	<start value='2015-07-09.12:11:58'/>
	<end value='2015-07-09.12:12:24'/>
	<frames value='23500'/>
	<gameDuration value='1468'/>

	<player>
		<unitScore value='9625'/>
		<killScore value='3200'/>
		<buildingScore value='2675'/>
		<razingScore value='0'/>
		<mineralScore value='10170'/>
		<gasScore value='1672'/>
		<totalScore value='27342'/>
	</player>

	<enemy>
		<race value='Terran'/>
		<unitScore value='10525'/>
		<killScore value='19250'/>
		<buildingScore value='3675'/>
		<razingScore value='8025'/>
		<mineralScore value='11594'/>
		<gasScore value='5016'/>
		<totalScore value='58085'/>
	</enemy>

	<scoreRatio value='0.470724'/>
	<timeFitness value='0.203889'/>
	<unitsAverage value='32'/>
</results>
