<results>
	<result value='loss'/>
	<start value='2015-07-09.04:48:41'/>
	<end value='2015-07-09.04:49:01'/>
	<frames value='18075'/>
	<gameDuration value='1129'/>

	<player>
		<unitScore value='6425'/>
		<killScore value='600'/>
		<buildingScore value='2100'/>
		<razingScore value='0'/>
		<mineralScore value='7386'/>
		<gasScore value='1016'/>
		<totalScore value='17527'/>
	</player>

	<enemy>
		<race value='Terran'/>
		<unitScore value='6700'/>
		<killScore value='12750'/>
		<buildingScore value='2750'/>
		<razingScore value='6300'/>
		<mineralScore value='8106'/>
		<gasScore value='2848'/>
		<totalScore value='39454'/>
	</enemy>

	<scoreRatio value='0.444239'/>
	<timeFitness value='0.156806'/>
	<unitsAverage value='31'/>
</results>
