<results>
	<result value='win'/>
	<start value='2015-05-04.08:20:17'/>
	<end value='2015-05-04.08:20:43'/>
	<frames value='31529'/>
	<gameDuration value='1970'/>

	<player>
		<unitScore value='15200'/>
		<killScore value='27700'/>
		<buildingScore value='3250'/>
		<razingScore value='11325'/>
		<mineralScore value='17698'/>
		<gasScore value='2312'/>
		<totalScore value='77485'/>
	</player>

	<enemy>
		<race value='Terran'/>
		<unitScore value='16650'/>
		<unitScore value='16650'/>
		<killScore value='14150'/>
		<buildingScore value='3775'/>
		<razingScore value='3225'/>
		<mineralScore value='14298'/>
		<gasScore value='7000'/>
		<totalScore value='59098'/>
	</enemy>

	<scoreRatio value='1.31113'/>
	<timeFitness value='0.726389'/>
	<unitsAverage value='74'/>
</results>
