<results>
	<result value='loss'/>
	<start value='2015-05-09.07:56:12'/>
	<end value='2015-05-09.07:56:22'/>
	<frames value='19284'/>
	<gameDuration value='1205'/>

	<player>
		<unitScore value='2900'/>
		<killScore value='2200'/>
		<buildingScore value='1425'/>
		<razingScore value='0'/>
		<mineralScore value='4418'/>
		<gasScore value='992'/>
		<totalScore value='11935'/>
	</player>

	<enemy>
		<race value='Terran'/>
		<unitScore value='7725'/>
		<unitScore value='7725'/>
		<killScore value='5800'/>
		<buildingScore value='2850'/>
		<razingScore value='4275'/>
		<mineralScore value='9010'/>
		<gasScore value='3448'/>
		<totalScore value='33108'/>
	</enemy>

	<scoreRatio value='0.360487'/>
	<timeFitness value='0.167361'/>
	<unitsAverage value='23'/>
</results>
