<results>
	<result value='win'/>
	<start value='2015-05-09.08:03:57'/>
	<end value='2015-05-09.08:04:29'/>
	<frames value='38845'/>
	<gameDuration value='2427'/>

	<player>
		<unitScore value='15750'/>
		<killScore value='30950'/>
		<buildingScore value='3450'/>
		<razingScore value='13800'/>
		<mineralScore value='21794'/>
		<gasScore value='2080'/>
		<totalScore value='87824'/>
	</player>

	<enemy>
		<race value='Terran'/>
		<unitScore value='18050'/>
		<unitScore value='18050'/>
		<killScore value='19200'/>
		<buildingScore value='4600'/>
		<razingScore value='2925'/>
		<mineralScore value='15786'/>
		<gasScore value='7912'/>
		<totalScore value='68473'/>
	</enemy>

	<scoreRatio value='1.28261'/>
	<timeFitness value='0.662917'/>
	<unitsAverage value='73'/>
</results>
