<results>
	<result value='loss'/>
	<start value='2015-05-09.20:59:40'/>
	<end value='2015-05-09.21:01:16'/>
	<frames value='57228'/>
	<gameDuration value='3576'/>

	<player>
		<unitScore value='24750'/>
		<killScore value='51600'/>
		<buildingScore value='3025'/>
		<razingScore value='4950'/>
		<mineralScore value='27606'/>
		<gasScore value='7046'/>
		<totalScore value='118977'/>
	</player>

	<enemy>
		<race value='Protoss'/>
		<unitScore value='41600'/>
		<unitScore value='41600'/>
		<killScore value='49250'/>
		<buildingScore value='7525'/>
		<razingScore value='9075'/>
		<mineralScore value='34534'/>
		<gasScore value='13260'/>
		<totalScore value='155244'/>
	</enemy>

	<scoreRatio value='0.766387'/>
	<timeFitness value='0.496667'/>
	<unitsAverage value='88'/>
</results>
