<results>
	<result value='loss'/>
	<start value='2015-05-09.21:39:55'/>
	<end value='2015-05-09.21:41:23'/>
	<frames value='50563'/>
	<gameDuration value='3160'/>

	<player>
		<unitScore value='23875'/>
		<killScore value='34700'/>
		<buildingScore value='2475'/>
		<razingScore value='7950'/>
		<mineralScore value='25978'/>
		<gasScore value='5062'/>
		<totalScore value='100040'/>
	</player>

	<enemy>
		<race value='Protoss'/>
		<unitScore value='25425'/>
		<unitScore value='25425'/>
		<killScore value='47850'/>
		<buildingScore value='9425'/>
		<razingScore value='7425'/>
		<mineralScore value='31762'/>
		<gasScore value='10800'/>
		<totalScore value='132687'/>
	</enemy>

	<scoreRatio value='0.753955'/>
	<timeFitness value='0.438889'/>
	<unitsAverage value='88'/>
</results>
