<results>
	<result value='loss'/>
	<start value='2014-07-07.02:29:16'/>
	<end value='2014-07-07.02:29:56'/>
	<frames value='48207'/>
	<gameDuration value='3012'/>

	<player>
		<unitScore value='23125'/>
		<killScore value='35150'/>
		<buildingScore value='2500'/>
		<razingScore value='300'/>
		<mineralScore value='23970'/>
		<gasScore value='4288'/>
		<totalScore value='89333'/>
	</player>

	<enemy>
		<race value='Protoss'/>
		<unitScore value='38025'/>
		<unitScore value='38025'/>
		<killScore value='46350'/>
		<buildingScore value='7675'/>
		<razingScore value='7500'/>
		<mineralScore value='33446'/>
		<gasScore value='13334'/>
		<totalScore value='146330'/>
	</enemy>

	<scoreRatio value='0.61049'/>
</results>
