<results>
	<result value='loss'/>
	<start value='2014-07-07.02:31:24'/>
	<end value='2014-07-07.02:31:33'/>
	<frames value='16308'/>
	<gameDuration value='1019'/>

	<player>
		<unitScore value='4025'/>
		<killScore value='1200'/>
		<buildingScore value='1475'/>
		<razingScore value='0'/>
		<mineralScore value='5650'/>
		<gasScore value='1056'/>
		<totalScore value='13406'/>
	</player>

	<enemy>
		<race value='Protoss'/>
		<unitScore value='5425'/>
		<unitScore value='5425'/>
		<killScore value='8050'/>
		<buildingScore value='2875'/>
		<razingScore value='4425'/>
		<mineralScore value='8354'/>
		<gasScore value='2256'/>
		<totalScore value='31385'/>
	</enemy>

	<scoreRatio value='0.427147'/>
</results>
