<results>
	<result value='draw'/>
	<start value='2014-07-07.02:32:27'/>
	<end value='2014-07-07.02:33:23'/>
	<frames value='57601'/>
	<gameDuration value='3600'/>

	<player>
		<unitScore value='30200'/>
		<killScore value='48850'/>
		<buildingScore value='3050'/>
		<razingScore value='7350'/>
		<mineralScore value='31762'/>
		<gasScore value='6420'/>
		<totalScore value='127632'/>
	</player>

	<enemy>
		<race value='Protoss'/>
		<unitScore value='30975'/>
		<unitScore value='30975'/>
		<killScore value='58350'/>
		<buildingScore value='7075'/>
		<razingScore value='225'/>
		<mineralScore value='28634'/>
		<gasScore value='9194'/>
		<totalScore value='134453'/>
	</enemy>

	<scoreRatio value='0.949269'/>
</results>
