<results>
	<result value='win'/>
	<start value='2015-04-28.20:54:31'/>
	<end value='2015-04-28.20:55:08'/>
	<frames value='25298'/>
	<gameDuration value='1581'/>

	<player>
		<unitScore value='15700'/>
		<killScore value='18770'/>
		<buildingScore value='3425'/>
		<razingScore value='5460'/>
		<mineralScore value='25494'/>
		<gasScore value='2152'/>
		<totalScore value='71001'/>
	</player>

	<enemy>
		<race value='Zerg'/>
		<unitScore value='8475'/>
		<unitScore value='8475'/>
		<killScore value='12200'/>
		<buildingScore value='1820'/>
		<razingScore value='0'/>
		<mineralScore value='8306'/>
		<gasScore value='2224'/>
		<totalScore value='33025'/>
	</enemy>

	<scoreRatio value='2.14992'/>
</results>
