<results>
	<result value='win'/>
	<start value='2015-04-28.21:01:56'/>
	<end value='2015-04-28.21:02:26'/>
	<frames value='23314'/>
	<gameDuration value='1457'/>

	<player>
		<unitScore value='12650'/>
		<killScore value='17635'/>
		<buildingScore value='3325'/>
		<razingScore value='5460'/>
		<mineralScore value='22186'/>
		<gasScore value='1800'/>
		<totalScore value='63056'/>
	</player>

	<enemy>
		<race value='Zerg'/>
		<unitScore value='8625'/>
		<unitScore value='8625'/>
		<killScore value='11900'/>
		<buildingScore value='1820'/>
		<razingScore value='150'/>
		<mineralScore value='8826'/>
		<gasScore value='2736'/>
		<totalScore value='34057'/>
	</enemy>

	<scoreRatio value='1.85148'/>
</results>
