<results>
	<result value='win'/>
	<start value='2015-05-03.02:35:51'/>
	<end value='2015-05-03.02:37:24'/>
	<frames value='53725'/>
	<gameDuration value='3357'/>

	<player>
		<unitScore value='32500'/>
		<killScore value='49300'/>
		<buildingScore value='3400'/>
		<razingScore value='20775'/>
		<mineralScore value='35502'/>
		<gasScore value='6768'/>
		<totalScore value='148245'/>
	</player>

	<enemy>
		<race value='Protoss'/>
		<unitScore value='27325'/>
		<unitScore value='27325'/>
		<killScore value='44500'/>
		<buildingScore value='6925'/>
		<razingScore value='0'/>
		<mineralScore value='23018'/>
		<gasScore value='9408'/>
		<totalScore value='111176'/>
	</enemy>

	<scoreRatio value='1.33343'/>
	<timeFitness value='0.53375'/>
	<unitsAverage value='147'/>
</results>
