<results>
	<result value='draw'/>
	<start value='2015-05-03.02:40:38'/>
	<end value='2015-05-03.02:41:50'/>
	<frames value='57601'/>
	<gameDuration value='3600'/>

	<player>
		<unitScore value='23850'/>
		<killScore value='33500'/>
		<buildingScore value='2725'/>
		<razingScore value='16875'/>
		<mineralScore value='26834'/>
		<gasScore value='5268'/>
		<totalScore value='109052'/>
	</player>

	<enemy>
		<race value='Protoss'/>
		<unitScore value='20100'/>
		<unitScore value='20100'/>
		<killScore value='38150'/>
		<buildingScore value='10400'/>
		<razingScore value='1050'/>
		<mineralScore value='28202'/>
		<gasScore value='11404'/>
		<totalScore value='109306'/>
	</enemy>

	<scoreRatio value='0.997676'/>
	<timeFitness value='0.5'/>
	<unitsAverage value='104'/>
</results>
