<results>
	<result value='loss'/>
	<start value='2015-05-03.02:54:05'/>
	<end value='2015-05-03.02:54:23'/>
	<frames value='28522'/>
	<gameDuration value='1782'/>

	<player>
		<unitScore value='7800'/>
		<killScore value='4850'/>
		<buildingScore value='2400'/>
		<razingScore value='0'/>
		<mineralScore value='10858'/>
		<gasScore value='2248'/>
		<totalScore value='28156'/>
	</player>

	<enemy>
		<race value='Protoss'/>
		<unitScore value='12800'/>
		<unitScore value='12800'/>
		<killScore value='15700'/>
		<buildingScore value='5975'/>
		<razingScore value='7200'/>
		<mineralScore value='19138'/>
		<gasScore value='6072'/>
		<totalScore value='66885'/>
	</enemy>

	<scoreRatio value='0.420961'/>
	<timeFitness value='0.2475'/>
	<unitsAverage value='32'/>
</results>
