<results>
	<result value='win'/>
	<start value='2014-07-23.23:28:13'/>
	<end value='2014-07-23.23:28:23'/>
	<frames value='21392'/>
	<gameDuration value='1337'/>

	<player>
		<unitScore value='7575'/>
		<killScore value='12550'/>
		<buildingScore value='2550'/>
		<razingScore value='5025'/>
		<mineralScore value='10154'/>
		<gasScore value='1456'/>
		<totalScore value='39310'/>
	</player>

	<enemy>
		<race value='Terran'/>
		<unitScore value='6275'/>
		<unitScore value='6275'/>
		<killScore value='7950'/>
		<buildingScore value='1750'/>
		<razingScore value='3075'/>
		<mineralScore value='8810'/>
		<gasScore value='2720'/>
		<totalScore value='30580'/>
	</enemy>

	<scoreRatio value='1.28548'/>
</results>
