<results>
	<result value='loss'/>
	<start value='2015-04-09.13:29:39'/>
	<end value='2015-04-09.13:29:47'/>
	<frames value='16153'/>
	<gameDuration value='1009'/>

	<player>
		<unitScore value='3400'/>
		<killScore value='400'/>
		<buildingScore value='1625'/>
		<razingScore value='0'/>
		<mineralScore value='5506'/>
		<gasScore value='640'/>
		<totalScore value='11571'/>
	</player>

	<enemy>
		<race value='Protoss'/>
		<unitScore value='3550'/>
		<unitScore value='3550'/>
		<killScore value='7050'/>
		<buildingScore value='3525'/>
		<razingScore value='4875'/>
		<mineralScore value='8250'/>
		<gasScore value='1624'/>
		<totalScore value='28874'/>
	</enemy>

	<scoreRatio value='0.400741'/>
</results>
