<results>
	<result value='draw'/>
	<start value='2015-04-09.13:30:24'/>
	<end value='2015-04-09.13:31:34'/>
	<frames value='57601'/>
	<gameDuration value='3600'/>

	<player>
		<unitScore value='28325'/>
		<killScore value='47750'/>
		<buildingScore value='3550'/>
		<razingScore value='375'/>
		<mineralScore value='31462'/>
		<gasScore value='9100'/>
		<totalScore value='120562'/>
	</player>

	<enemy>
		<race value='Protoss'/>
		<unitScore value='38365'/>
		<unitScore value='38365'/>
		<killScore value='45150'/>
		<buildingScore value='6825'/>
		<razingScore value='4425'/>
		<mineralScore value='31530'/>
		<gasScore value='12210'/>
		<totalScore value='138505'/>
	</enemy>

	<scoreRatio value='0.870452'/>
</results>
