<results>
	<result value='win'/>
	<start value='2015-04-09.13:42:25'/>
	<end value='2015-04-09.13:43:26'/>
	<frames value='48269'/>
	<gameDuration value='3016'/>

	<player>
		<unitScore value='29500'/>
		<killScore value='42050'/>
		<buildingScore value='4825'/>
		<razingScore value='25575'/>
		<mineralScore value='34682'/>
		<gasScore value='7022'/>
		<totalScore value='143654'/>
	</player>

	<enemy>
		<race value='Protoss'/>
		<unitScore value='21700'/>
		<unitScore value='21700'/>
		<killScore value='36200'/>
		<buildingScore value='8525'/>
		<razingScore value='1500'/>
		<mineralScore value='25202'/>
		<gasScore value='6008'/>
		<totalScore value='99135'/>
	</enemy>

	<scoreRatio value='1.44907'/>
</results>
