<results>
	<result value='loss'/>
	<start value='2015-03-29.14:25:21'/>
	<end value='2015-03-29.14:26:26'/>
	<frames value='47587'/>
	<gameDuration value='2974'/>

	<player>
		<unitScore value='21025'/>
		<killScore value='29600'/>
		<buildingScore value='3525'/>
		<razingScore value='300'/>
		<mineralScore value='24050'/>
		<gasScore value='5170'/>
		<totalScore value='83670'/>
	</player>

	<enemy>
		<race value='Protoss'/>
		<unitScore value='38635'/>
		<unitScore value='38635'/>
		<killScore value='42050'/>
		<buildingScore value='8125'/>
		<razingScore value='10575'/>
		<mineralScore value='32054'/>
		<gasScore value='14230'/>
		<totalScore value='145669'/>
	</enemy>

	<scoreRatio value='0.574384'/>
</results>
