<results>
	<result value='loss'/>
	<start value='2015-05-02.23:02:51'/>
	<end value='2015-05-02.23:02:59'/>
	<frames value='16649'/>
	<gameDuration value='1040'/>

	<player>
		<unitScore value='3325'/>
		<killScore value='400'/>
		<buildingScore value='1675'/>
		<razingScore value='0'/>
		<mineralScore value='5354'/>
		<gasScore value='720'/>
		<totalScore value='11474'/>
	</player>

	<enemy>
		<race value='Terran'/>
		<unitScore value='5650'/>
		<unitScore value='5650'/>
		<killScore value='6650'/>
		<buildingScore value='2575'/>
		<razingScore value='5025'/>
		<mineralScore value='7610'/>
		<gasScore value='2400'/>
		<totalScore value='29910'/>
	</enemy>

	<scoreRatio value='0.383618'/>
	<timeFitness value='0.144444'/>
	<unitsAverage value='24'/>
</results>
