<results>
	<result value='win'/>
	<start value='2015-05-02.23:04:56'/>
	<end value='2015-05-02.23:05:09'/>
	<frames value='20865'/>
	<gameDuration value='1304'/>

	<player>
		<unitScore value='8775'/>
		<killScore value='12750'/>
		<buildingScore value='2000'/>
		<razingScore value='5700'/>
		<mineralScore value='11498'/>
		<gasScore value='2072'/>
		<totalScore value='42795'/>
	</player>

	<enemy>
		<race value='Terran'/>
		<unitScore value='6375'/>
		<unitScore value='6375'/>
		<killScore value='8200'/>
		<buildingScore value='1900'/>
		<razingScore value='300'/>
		<mineralScore value='8802'/>
		<gasScore value='2808'/>
		<totalScore value='28385'/>
	</enemy>

	<scoreRatio value='1.50766'/>
	<timeFitness value='0.818889'/>
	<unitsAverage value='48'/>
</results>
