<results>
	<result value='win'/>
	<start value='2015-05-02.23:06:14'/>
	<end value='2015-05-02.23:07:43'/>
	<frames value='53167'/>
	<gameDuration value='3322'/>

	<player>
		<unitScore value='20400'/>
		<killScore value='25550'/>
		<buildingScore value='5250'/>
		<razingScore value='14025'/>
		<mineralScore value='44046'/>
		<gasScore value='7394'/>
		<totalScore value='116665'/>
	</player>

	<enemy>
		<race value='Terran'/>
		<unitScore value='13775'/>
		<unitScore value='13775'/>
		<killScore value='17800'/>
		<buildingScore value='4675'/>
		<razingScore value='825'/>
		<mineralScore value='13594'/>
		<gasScore value='6094'/>
		<totalScore value='56763'/>
	</enemy>

	<scoreRatio value='2.0553'/>
	<timeFitness value='0.538611'/>
	<unitsAverage value='152'/>
</results>
