<results>
	<result value='win'/>
	<start value='2015-05-02.23:11:08'/>
	<end value='2015-05-02.23:11:26'/>
	<frames value='24802'/>
	<gameDuration value='1550'/>

	<player>
		<unitScore value='11425'/>
		<killScore value='21400'/>
		<buildingScore value='3425'/>
		<razingScore value='8400'/>
		<mineralScore value='16958'/>
		<gasScore value='2160'/>
		<totalScore value='63768'/>
	</player>

	<enemy>
		<race value='Terran'/>
		<unitScore value='10700'/>
		<unitScore value='10700'/>
		<killScore value='9550'/>
		<buildingScore value='2800'/>
		<razingScore value='1875'/>
		<mineralScore value='10066'/>
		<gasScore value='3872'/>
		<totalScore value='38863'/>
	</enemy>

	<scoreRatio value='1.64084'/>
	<timeFitness value='0.784722'/>
	<unitsAverage value='60'/>
</results>
