<results>
	<result value='win'/>
	<start value='2015-05-02.23:19:31'/>
	<end value='2015-05-02.23:19:53'/>
	<frames value='24678'/>
	<gameDuration value='1542'/>

	<player>
		<unitScore value='11850'/>
		<killScore value='19050'/>
		<buildingScore value='4175'/>
		<razingScore value='8100'/>
		<mineralScore value='18390'/>
		<gasScore value='2080'/>
		<totalScore value='63645'/>
	</player>

	<enemy>
		<race value='Terran'/>
		<unitScore value='9525'/>
		<unitScore value='9525'/>
		<killScore value='6400'/>
		<buildingScore value='2800'/>
		<razingScore value='1575'/>
		<mineralScore value='9618'/>
		<gasScore value='3888'/>
		<totalScore value='33806'/>
	</enemy>

	<scoreRatio value='1.88265'/>
	<timeFitness value='0.785833'/>
	<unitsAverage value='77'/>
</results>
