<results>
	<result value='win'/>
	<start value='2015-05-02.23:21:42'/>
	<end value='2015-05-02.23:21:57'/>
	<frames value='19842'/>
	<gameDuration value='1240'/>

	<player>
		<unitScore value='8000'/>
		<killScore value='10200'/>
		<buildingScore value='2800'/>
		<razingScore value='3600'/>
		<mineralScore value='13818'/>
		<gasScore value='1312'/>
		<totalScore value='39730'/>
	</player>

	<enemy>
		<race value='Terran'/>
		<unitScore value='5100'/>
		<unitScore value='5100'/>
		<killScore value='3650'/>
		<buildingScore value='1275'/>
		<razingScore value='0'/>
		<mineralScore value='8602'/>
		<gasScore value='1512'/>
		<totalScore value='20139'/>
	</enemy>

	<scoreRatio value='1.97279'/>
	<timeFitness value='0.827778'/>
	<unitsAverage value='60'/>
</results>
