<results>
	<result value='loss'/>
	<start value='2015-05-02.23:23:29'/>
	<end value='2015-05-02.23:23:40'/>
	<frames value='20369'/>
	<gameDuration value='1273'/>

	<player>
		<unitScore value='6200'/>
		<killScore value='3250'/>
		<buildingScore value='2050'/>
		<razingScore value='0'/>
		<mineralScore value='8050'/>
		<gasScore value='1480'/>
		<totalScore value='21030'/>
	</player>

	<enemy>
		<race value='Terran'/>
		<unitScore value='7425'/>
		<unitScore value='7425'/>
		<killScore value='12400'/>
		<buildingScore value='2875'/>
		<razingScore value='6150'/>
		<mineralScore value='9730'/>
		<gasScore value='3576'/>
		<totalScore value='42156'/>
	</enemy>

	<scoreRatio value='0.498861'/>
	<timeFitness value='0.176806'/>
	<unitsAverage value='30'/>
</results>
