<results>
	<result value='win'/>
	<start value='2015-04-07.15:18:33'/>
	<end value='2015-04-07.15:19:02'/>
	<frames value='29483'/>
	<gameDuration value='1842'/>

	<player>
		<unitScore value='15800'/>
		<killScore value='22800'/>
		<buildingScore value='3150'/>
		<razingScore value='15075'/>
		<mineralScore value='20342'/>
		<gasScore value='2352'/>
		<totalScore value='79519'/>
	</player>

	<enemy>
		<race value='Protoss'/>
		<unitScore value='11750'/>
		<unitScore value='11750'/>
		<killScore value='9750'/>
		<buildingScore value='5025'/>
		<razingScore value='0'/>
		<mineralScore value='13594'/>
		<gasScore value='4496'/>
		<totalScore value='44615'/>
	</enemy>

	<scoreRatio value='1.78234'/>
</results>
