<results>
	<result value='loss'/>
	<start value='2015-04-13.05:42:01'/>
	<end value='2015-04-13.05:42:09'/>
	<frames value='17672'/>
	<gameDuration value='1104'/>

	<player>
		<unitScore value='3425'/>
		<killScore value='1200'/>
		<buildingScore value='1600'/>
		<razingScore value='0'/>
		<mineralScore value='5354'/>
		<gasScore value='752'/>
		<totalScore value='12331'/>
	</player>

	<enemy>
		<race value='Protoss'/>
		<unitScore value='3650'/>
		<unitScore value='3650'/>
		<killScore value='6850'/>
		<buildingScore value='3875'/>
		<razingScore value='4800'/>
		<mineralScore value='9442'/>
		<gasScore value='1584'/>
		<totalScore value='30201'/>
	</enemy>

	<scoreRatio value='0.408298'/>
</results>
