<results>
	<result value='loss'/>
	<start value='2014-07-23.20:48:49'/>
	<end value='2014-07-23.20:48:58'/>
	<frames value='18323'/>
	<gameDuration value='1145'/>

	<player>
		<unitScore value='5400'/>
		<killScore value='2050'/>
		<buildingScore value='1600'/>
		<razingScore value='0'/>
		<mineralScore value='6754'/>
		<gasScore value='608'/>
		<totalScore value='16412'/>
	</player>

	<enemy>
		<race value='Terran'/>
		<unitScore value='6750'/>
		<unitScore value='6750'/>
		<killScore value='10800'/>
		<buildingScore value='2750'/>
		<razingScore value='4800'/>
		<mineralScore value='8290'/>
		<gasScore value='3008'/>
		<totalScore value='36398'/>
	</enemy>

	<scoreRatio value='0.450904'/>
</results>
