<results>
	<result value='draw'/>
	<start value='2015-04-11.07:18:54'/>
	<end value='2015-04-11.07:20:21'/>
	<frames value='57601'/>
	<gameDuration value='3600'/>

	<player>
		<unitScore value='26650'/>
		<killScore value='28800'/>
		<buildingScore value='3850'/>
		<razingScore value='5475'/>
		<mineralScore value='29226'/>
		<gasScore value='6670'/>
		<totalScore value='100671'/>
	</player>

	<enemy>
		<race value='Protoss'/>
		<unitScore value='16850'/>
		<unitScore value='16850'/>
		<killScore value='48350'/>
		<buildingScore value='6025'/>
		<razingScore value='4275'/>
		<mineralScore value='22126'/>
		<gasScore value='10308'/>
		<totalScore value='107934'/>
	</enemy>

	<scoreRatio value='0.932709'/>
</results>
