<results>
	<result value='win'/>
	<start value='2015-04-11.07:22:31'/>
	<end value='2015-04-11.07:23:17'/>
	<frames value='29607'/>
	<gameDuration value='1850'/>

	<player>
		<unitScore value='17000'/>
		<killScore value='12000'/>
		<buildingScore value='3325'/>
		<razingScore value='17850'/>
		<mineralScore value='20578'/>
		<gasScore value='2544'/>
		<totalScore value='73297'/>
	</player>

	<enemy>
		<race value='Protoss'/>
		<unitScore value='6000'/>
		<unitScore value='6000'/>
		<killScore value='16750'/>
		<buildingScore value='5950'/>
		<razingScore value='1200'/>
		<mineralScore value='16682'/>
		<gasScore value='2016'/>
		<totalScore value='48598'/>
	</enemy>

	<scoreRatio value='1.50823'/>
</results>
