<results>
	<result value='win'/>
	<start value='2015-04-13.09:11:40'/>
	<end value='2015-04-13.09:13:30'/>
	<frames value='48145'/>
	<gameDuration value='3009'/>

	<player>
		<unitScore value='35075'/>
		<killScore value='48690'/>
		<buildingScore value='4325'/>
		<razingScore value='19875'/>
		<mineralScore value='36930'/>
		<gasScore value='4304'/>
		<totalScore value='149199'/>
	</player>

	<enemy>
		<race value='Protoss'/>
		<unitScore value='25595'/>
		<unitScore value='25595'/>
		<killScore value='45800'/>
		<buildingScore value='6625'/>
		<razingScore value='1425'/>
		<mineralScore value='24458'/>
		<gasScore value='7216'/>
		<totalScore value='111119'/>
	</enemy>

	<scoreRatio value='1.3427'/>
</results>
