<results>
	<result value='win'/>
	<start value='2014-07-23.00:33:29'/>
	<end value='2014-07-23.00:34:04'/>
	<frames value='30847'/>
	<gameDuration value='1927'/>

	<player>
		<unitScore value='20700'/>
		<killScore value='26110'/>
		<buildingScore value='3625'/>
		<razingScore value='8625'/>
		<mineralScore value='22194'/>
		<gasScore value='2600'/>
		<totalScore value='83854'/>
	</player>

	<enemy>
		<race value='Zerg'/>
		<unitScore value='12200'/>
		<unitScore value='12200'/>
		<killScore value='16800'/>
		<buildingScore value='2875'/>
		<razingScore value='150'/>
		<mineralScore value='12982'/>
		<gasScore value='4624'/>
		<totalScore value='49631'/>
	</enemy>

	<scoreRatio value='1.68955'/>
</results>
