<results>
	<result value='draw'/>
	<start value='2015-07-11.19:43:11'/>
	<end value='2015-07-11.19:43:57'/>
	<frames value='57601'/>
	<gameDuration value='3600'/>

	<player>
		<unitScore value='30325'/>
		<killScore value='11700'/>
		<buildingScore value='3600'/>
		<razingScore value='0'/>
		<mineralScore value='22254'/>
		<gasScore value='8180'/>
		<totalScore value='76059'/>
	</player>

	<enemy>
		<race value='Terran'/>
		<unitScore value='11550'/>
		<killScore value='55150'/>
		<buildingScore value='3275'/>
		<razingScore value='5625'/>
		<mineralScore value='12050'/>
		<gasScore value='6518'/>
		<totalScore value='94168'/>
	</enemy>

	<scoreRatio value='0.807695'/>
	<timeFitness value='0.5'/>
	<unitsAverage value='54'/>
</results>
