<results>
	<result value='loss'/>
	<start value='2015-07-11.19:45:46'/>
	<end value='2015-07-11.19:46:11'/>
	<frames value='25236'/>
	<gameDuration value='1577'/>

	<player>
		<unitScore value='9900'/>
		<killScore value='4400'/>
		<buildingScore value='3250'/>
		<razingScore value='0'/>
		<mineralScore value='12298'/>
		<gasScore value='1512'/>
		<totalScore value='31360'/>
	</player>

	<enemy>
		<race value='Terran'/>
		<unitScore value='8375'/>
		<killScore value='16800'/>
		<buildingScore value='3250'/>
		<razingScore value='9750'/>
		<mineralScore value='11818'/>
		<gasScore value='4296'/>
		<totalScore value='54289'/>
	</enemy>

	<scoreRatio value='0.577649'/>
	<timeFitness value='0.219028'/>
	<unitsAverage value='47'/>
</results>
