<results>
	<result value='draw'/>
	<start value='2014-07-22.21:39:48'/>
	<end value='2014-07-22.21:42:01'/>
	<frames value='57601'/>
	<gameDuration value='3600'/>

	<player>
		<unitScore value='26075'/>
		<killScore value='43690'/>
		<buildingScore value='4775'/>
		<razingScore value='3495'/>
		<mineralScore value='45094'/>
		<gasScore value='7624'/>
		<totalScore value='130753'/>
	</player>

	<enemy>
		<race value='Zerg'/>
		<unitScore value='20125'/>
		<unitScore value='20125'/>
		<killScore value='24050'/>
		<buildingScore value='2385'/>
		<razingScore value='150'/>
		<mineralScore value='16866'/>
		<gasScore value='7164'/>
		<totalScore value='70740'/>
	</enemy>

	<scoreRatio value='1.84836'/>
</results>
