<results>
	<result value='win'/>
	<start value='2015-07-10.09:02:22'/>
	<end value='2015-07-10.09:02:46'/>
	<frames value='16308'/>
	<gameDuration value='1019'/>

	<player>
		<unitScore value='6250'/>
		<killScore value='7700'/>
		<buildingScore value='2175'/>
		<razingScore value='3600'/>
		<mineralScore value='8610'/>
		<gasScore value='1296'/>
		<totalScore value='29631'/>
	</player>

	<enemy>
		<race value='Terran'/>
		<unitScore value='3850'/>
		<killScore value='2800'/>
		<buildingScore value='1200'/>
		<razingScore value='300'/>
		<mineralScore value='5122'/>
		<gasScore value='1272'/>
		<totalScore value='14544'/>
	</enemy>

	<scoreRatio value='2.03733'/>
	<timeFitness value='0.858472'/>
	<unitsAverage value='42'/>
</results>
