<results>
	<result value='loss'/>
	<start value='2015-07-10.09:05:25'/>
	<end value='2015-07-10.09:06:15'/>
	<frames value='31126'/>
	<gameDuration value='1945'/>

	<player>
		<unitScore value='13050'/>
		<killScore value='6750'/>
		<buildingScore value='3875'/>
		<razingScore value='150'/>
		<mineralScore value='15558'/>
		<gasScore value='2384'/>
		<totalScore value='41767'/>
	</player>

	<enemy>
		<race value='Terran'/>
		<unitScore value='12775'/>
		<killScore value='21000'/>
		<buildingScore value='3525'/>
		<razingScore value='11625'/>
		<mineralScore value='13546'/>
		<gasScore value='5160'/>
		<totalScore value='67631'/>
	</enemy>

	<scoreRatio value='0.617572'/>
	<timeFitness value='0.270139'/>
	<unitsAverage value='51'/>
</results>
