<results>
	<result value='loss'/>
	<start value='2015-07-10.09:18:45'/>
	<end value='2015-07-10.09:19:20'/>
	<frames value='24523'/>
	<gameDuration value='1532'/>

	<player>
		<unitScore value='9875'/>
		<killScore value='4050'/>
		<buildingScore value='3200'/>
		<razingScore value='0'/>
		<mineralScore value='11826'/>
		<gasScore value='1784'/>
		<totalScore value='30735'/>
	</player>

	<enemy>
		<race value='Terran'/>
		<unitScore value='10775'/>
		<killScore value='17200'/>
		<buildingScore value='3925'/>
		<razingScore value='9600'/>
		<mineralScore value='12018'/>
		<gasScore value='5048'/>
		<totalScore value='58566'/>
	</enemy>

	<scoreRatio value='0.524793'/>
	<timeFitness value='0.212778'/>
	<unitsAverage value='43'/>
</results>
