<results>
	<result value='win'/>
	<start value='2015-04-07.14:58:59'/>
	<end value='2015-04-07.14:59:34'/>
	<frames value='30165'/>
	<gameDuration value='1885'/>

	<player>
		<unitScore value='19600'/>
		<killScore value='25600'/>
		<buildingScore value='3775'/>
		<razingScore value='16725'/>
		<mineralScore value='29330'/>
		<gasScore value='3624'/>
		<totalScore value='98654'/>
	</player>

	<enemy>
		<race value='Protoss'/>
		<unitScore value='13150'/>
		<unitScore value='13150'/>
		<killScore value='15150'/>
		<buildingScore value='5575'/>
		<razingScore value='300'/>
		<mineralScore value='15574'/>
		<gasScore value='4312'/>
		<totalScore value='54061'/>
	</enemy>

	<scoreRatio value='1.82486'/>
</results>
