<results>
	<result value='win'/>
	<start value='2015-04-27.04:23:07'/>
	<end value='2015-04-27.04:23:43'/>
	<frames value='31064'/>
	<gameDuration value='1941'/>

	<player>
		<unitScore value='16225'/>
		<killScore value='26350'/>
		<buildingScore value='4850'/>
		<razingScore value='8775'/>
		<mineralScore value='24058'/>
		<gasScore value='3240'/>
		<totalScore value='83498'/>
	</player>

	<enemy>
		<race value='Terran'/>
		<unitScore value='13175'/>
		<unitScore value='13175'/>
		<killScore value='12250'/>
		<buildingScore value='2925'/>
		<razingScore value='2550'/>
		<mineralScore value='11534'/>
		<gasScore value='4800'/>
		<totalScore value='47234'/>
	</enemy>

	<scoreRatio value='1.76775'/>
</results>
