<results>
	<result value='win'/>
	<start value='2015-04-27.04:23:46'/>
	<end value='2015-04-27.04:24:03'/>
	<frames value='20493'/>
	<gameDuration value='1280'/>

	<player>
		<unitScore value='8025'/>
		<killScore value='12200'/>
		<buildingScore value='3550'/>
		<razingScore value='4350'/>
		<mineralScore value='14102'/>
		<gasScore value='1696'/>
		<totalScore value='43923'/>
	</player>

	<enemy>
		<race value='Terran'/>
		<unitScore value='6100'/>
		<unitScore value='6100'/>
		<killScore value='3850'/>
		<buildingScore value='1450'/>
		<razingScore value='1500'/>
		<mineralScore value='8954'/>
		<gasScore value='2280'/>
		<totalScore value='24134'/>
	</enemy>

	<scoreRatio value='1.81996'/>
</results>
