<results>
	<result value='loss'/>
	<start value='2015-05-10.22:27:49'/>
	<end value='2015-05-10.22:27:53'/>
	<frames value='8279'/>
	<gameDuration value='517'/>

	<player>
		<unitScore value='850'/>
		<killScore value='150'/>
		<buildingScore value='650'/>
		<razingScore value='0'/>
		<mineralScore value='1186'/>
		<gasScore value='16'/>
		<totalScore value='2852'/>
	</player>

	<enemy>
		<race value='Zerg'/>
		<unitScore value='1400'/>
		<unitScore value='1400'/>
		<killScore value='1700'/>
		<buildingScore value='860'/>
		<razingScore value='1950'/>
		<mineralScore value='2322'/>
		<gasScore value='104'/>
		<totalScore value='8336'/>
	</enemy>

	<scoreRatio value='0.342131'/>
	<timeFitness value='0.0718056'/>
	<unitsAverage value='8'/>
</results>
