<results>
	<result value='win'/>
	<start value='2015-05-10.22:27:56'/>
	<end value='2015-05-10.22:28:53'/>
	<frames value='37140'/>
	<gameDuration value='2321'/>

	<player>
		<unitScore value='24150'/>
		<killScore value='50780'/>
		<buildingScore value='3750'/>
		<razingScore value='7635'/>
		<mineralScore value='33490'/>
		<gasScore value='2616'/>
		<totalScore value='122421'/>
	</player>

	<enemy>
		<race value='Zerg'/>
		<unitScore value='22250'/>
		<unitScore value='22250'/>
		<killScore value='24500'/>
		<buildingScore value='2545'/>
		<razingScore value='225'/>
		<mineralScore value='19086'/>
		<gasScore value='6288'/>
		<totalScore value='74894'/>
	</enemy>

	<scoreRatio value='1.63459'/>
	<timeFitness value='0.677639'/>
	<unitsAverage value='122'/>
</results>
