<results>
	<result value='win'/>
	<start value='2015-05-10.22:36:30'/>
	<end value='2015-05-10.22:37:09'/>
	<frames value='29855'/>
	<gameDuration value='1865'/>

	<player>
		<unitScore value='15975'/>
		<killScore value='20775'/>
		<buildingScore value='5225'/>
		<razingScore value='4635'/>
		<mineralScore value='24890'/>
		<gasScore value='2888'/>
		<totalScore value='74388'/>
	</player>

	<enemy>
		<race value='Zerg'/>
		<unitScore value='9150'/>
		<unitScore value='9150'/>
		<killScore value='8500'/>
		<buildingScore value='1545'/>
		<razingScore value='0'/>
		<mineralScore value='8818'/>
		<gasScore value='2648'/>
		<totalScore value='30661'/>
	</enemy>

	<scoreRatio value='2.42614'/>
	<timeFitness value='0.740972'/>
	<unitsAverage value='104'/>
</results>
