<results>
	<result value='loss'/>
	<start value='2015-05-04.17:33:58'/>
	<end value='2015-05-04.17:34:52'/>
	<frames value='49416'/>
	<gameDuration value='3088'/>

	<player>
		<unitScore value='32200'/>
		<killScore value='46800'/>
		<buildingScore value='3150'/>
		<razingScore value='480'/>
		<mineralScore value='37222'/>
		<gasScore value='0'/>
		<totalScore value='119852'/>
	</player>

	<enemy>
		<race value='Zerg'/>
		<unitScore value='27350'/>
		<unitScore value='27350'/>
		<killScore value='64400'/>
		<buildingScore value='1865'/>
		<razingScore value='9450'/>
		<mineralScore value='19550'/>
		<gasScore value='9044'/>
		<totalScore value='131659'/>
	</enemy>

	<scoreRatio value='0.910321'/>
	<timeFitness value='0.428889'/>
	<unitsAverage value='72'/>
</results>
