<results>
	<result value='win'/>
	<start value='2015-05-08.21:37:30'/>
	<end value='2015-05-08.21:38:00'/>
	<frames value='31622'/>
	<gameDuration value='1976'/>

	<player>
		<unitScore value='14950'/>
		<killScore value='30800'/>
		<buildingScore value='4175'/>
		<razingScore value='10425'/>
		<mineralScore value='21338'/>
		<gasScore value='2584'/>
		<totalScore value='84272'/>
	</player>

	<enemy>
		<race value='Terran'/>
		<unitScore value='17000'/>
		<unitScore value='17000'/>
		<killScore value='12050'/>
		<buildingScore value='3475'/>
		<razingScore value='2025'/>
		<mineralScore value='13546'/>
		<gasScore value='6496'/>
		<totalScore value='54592'/>
	</enemy>

	<scoreRatio value='1.54367'/>
	<timeFitness value='0.725556'/>
	<unitsAverage value='73'/>
</results>
