<results>
	<result value='loss'/>
	<start value='2015-04-12.09:41:47'/>
	<end value='2015-04-12.09:42:59'/>
	<frames value='47959'/>
	<gameDuration value='2997'/>

	<player>
		<unitScore value='25650'/>
		<killScore value='42800'/>
		<buildingScore value='2925'/>
		<razingScore value='3300'/>
		<mineralScore value='27490'/>
		<gasScore value='3440'/>
		<totalScore value='105605'/>
	</player>

	<enemy>
		<race value='Protoss'/>
		<unitScore value='35400'/>
		<unitScore value='35400'/>
		<killScore value='51400'/>
		<buildingScore value='7975'/>
		<razingScore value='8775'/>
		<mineralScore value='31298'/>
		<gasScore value='10584'/>
		<totalScore value='145432'/>
	</enemy>

	<scoreRatio value='0.726147'/>
</results>
