<results>
	<result value='loss'/>
	<start value='2015-04-07.19:12:58'/>
	<end value='2015-04-07.19:13:06'/>
	<frames value='16308'/>
	<gameDuration value='1019'/>

	<player>
		<unitScore value='3100'/>
		<killScore value='1200'/>
		<buildingScore value='1425'/>
		<razingScore value='0'/>
		<mineralScore value='4842'/>
		<gasScore value='1008'/>
		<totalScore value='11575'/>
	</player>

	<enemy>
		<race value='Protoss'/>
		<unitScore value='3550'/>
		<unitScore value='3550'/>
		<killScore value='6200'/>
		<buildingScore value='3525'/>
		<razingScore value='4275'/>
		<mineralScore value='8418'/>
		<gasScore value='1640'/>
		<totalScore value='27608'/>
	</enemy>

	<scoreRatio value='0.419263'/>
</results>
