<results>
	<result value='loss'/>
	<start value='2015-05-02.16:31:01'/>
	<end value='2015-05-02.16:31:20'/>
	<frames value='19253'/>
	<gameDuration value='1203'/>

	<player>
		<unitScore value='4725'/>
		<killScore value='3300'/>
		<buildingScore value='2050'/>
		<razingScore value='0'/>
		<mineralScore value='7210'/>
		<gasScore value='1088'/>
		<totalScore value='18373'/>
	</player>

	<enemy>
		<race value='Protoss'/>
		<unitScore value='4950'/>
		<unitScore value='4950'/>
		<killScore value='9450'/>
		<buildingScore value='4425'/>
		<razingScore value='6150'/>
		<mineralScore value='10842'/>
		<gasScore value='2408'/>
		<totalScore value='38225'/>
	</enemy>

	<scoreRatio value='0.480654'/>
	<timeFitness value='0.167083'/>
	<unitsAverage value='30'/>
</results>
