<results>
	<result value='loss'/>
	<start value='2015-05-02.16:46:55'/>
	<end value='2015-05-02.16:48:00'/>
	<frames value='44766'/>
	<gameDuration value='2797'/>

	<player>
		<unitScore value='19025'/>
		<killScore value='24550'/>
		<buildingScore value='3125'/>
		<razingScore value='1950'/>
		<mineralScore value='29294'/>
		<gasScore value='3368'/>
		<totalScore value='81312'/>
	</player>

	<enemy>
		<race value='Protoss'/>
		<unitScore value='29025'/>
		<unitScore value='29025'/>
		<killScore value='38050'/>
		<buildingScore value='7775'/>
		<razingScore value='9375'/>
		<mineralScore value='29726'/>
		<gasScore value='10468'/>
		<totalScore value='124419'/>
	</enemy>

	<scoreRatio value='0.653534'/>
	<timeFitness value='0.388472'/>
	<unitsAverage value='73'/>
</results>
