<results>
	<result value='win'/>
	<start value='2015-05-08.22:24:13'/>
	<end value='2015-05-08.22:25:21'/>
	<frames value='32521'/>
	<gameDuration value='2032'/>

	<player>
		<unitScore value='14650'/>
		<killScore value='23400'/>
		<buildingScore value='4950'/>
		<razingScore value='7125'/>
		<mineralScore value='31398'/>
		<gasScore value='4528'/>
		<totalScore value='86051'/>
	</player>

	<enemy>
		<race value='Terran'/>
		<unitScore value='11700'/>
		<unitScore value='11700'/>
		<killScore value='4500'/>
		<buildingScore value='2375'/>
		<razingScore value='450'/>
		<mineralScore value='11982'/>
		<gasScore value='3808'/>
		<totalScore value='34815'/>
	</enemy>

	<scoreRatio value='2.47166'/>
	<timeFitness value='0.717778'/>
	<unitsAverage value='108'/>
</results>
