<results>
	<result value='loss'/>
	<start value='2015-07-19.00:37:13'/>
	<end value='2015-07-19.00:37:46'/>
	<frames value='35094'/>
	<gameDuration value='2193'/>

	<player>
		<unitScore value='12075'/>
		<killScore value='6500'/>
		<buildingScore value='3250'/>
		<razingScore value='0'/>
		<mineralScore value='17818'/>
		<gasScore value='1440'/>
		<totalScore value='41083'/>
	</player>

	<enemy>
		<race value='Protoss'/>
		<unitScore value='19075'/>
		<killScore value='23900'/>
		<buildingScore value='6225'/>
		<razingScore value='9750'/>
		<mineralScore value='22266'/>
		<gasScore value='8206'/>
		<totalScore value='89422'/>
	</enemy>

	<scoreRatio value='0.459428'/>
	<timeFitness value='0.304583'/>
	<unitsAverage value='43'/>
</results>
