<results>
	<result value='loss'/>
	<start value='2015-07-19.00:39:02'/>
	<end value='2015-07-19.00:39:31'/>
	<frames value='32335'/>
	<gameDuration value='2020'/>

	<player>
		<unitScore value='14525'/>
		<killScore value='7200'/>
		<buildingScore value='2150'/>
		<razingScore value='600'/>
		<mineralScore value='17994'/>
		<gasScore value='3216'/>
		<totalScore value='45685'/>
	</player>

	<enemy>
		<race value='Protoss'/>
		<unitScore value='16600'/>
		<killScore value='29050'/>
		<buildingScore value='7075'/>
		<razingScore value='6450'/>
		<mineralScore value='20954'/>
		<gasScore value='7792'/>
		<totalScore value='87921'/>
	</enemy>

	<scoreRatio value='0.519614'/>
	<timeFitness value='0.280556'/>
	<unitsAverage value='40'/>
</results>
