<results>
	<result value='loss'/>
	<start value='2015-07-19.00:41:52'/>
	<end value='2015-07-19.00:43:00'/>
	<frames value='45696'/>
	<gameDuration value='2856'/>

	<player>
		<unitScore value='29225'/>
		<killScore value='14900'/>
		<buildingScore value='4125'/>
		<razingScore value='600'/>
		<mineralScore value='39030'/>
		<gasScore value='6392'/>
		<totalScore value='94272'/>
	</player>

	<enemy>
		<race value='Protoss'/>
		<unitScore value='18475'/>
		<killScore value='58200'/>
		<buildingScore value='7125'/>
		<razingScore value='12375'/>
		<mineralScore value='24050'/>
		<gasScore value='6636'/>
		<totalScore value='126861'/>
	</enemy>

	<scoreRatio value='0.743113'/>
	<timeFitness value='0.396667'/>
	<unitsAverage value='80'/>
</results>
