<results>
	<result value='draw'/>
	<start value='2015-07-19.00:46:55'/>
	<end value='2015-07-19.00:48:15'/>
	<frames value='57601'/>
	<gameDuration value='3600'/>

	<player>
		<unitScore value='40450'/>
		<killScore value='25050'/>
		<buildingScore value='3675'/>
		<razingScore value='825'/>
		<mineralScore value='37446'/>
		<gasScore value='8818'/>
		<totalScore value='116264'/>
	</player>

	<enemy>
		<race value='Protoss'/>
		<unitScore value='27550'/>
		<killScore value='80900'/>
		<buildingScore value='6450'/>
		<razingScore value='9525'/>
		<mineralScore value='25510'/>
		<gasScore value='11284'/>
		<totalScore value='161219'/>
	</enemy>

	<scoreRatio value='0.721156'/>
	<timeFitness value='0.5'/>
	<unitsAverage value='74'/>
</results>
