<results>
	<result value='loss'/>
	<start value='2015-07-19.00:50:05'/>
	<end value='2015-07-19.00:50:57'/>
	<frames value='42534'/>
	<gameDuration value='2658'/>

	<player>
		<unitScore value='23700'/>
		<killScore value='15950'/>
		<buildingScore value='3900'/>
		<razingScore value='450'/>
		<mineralScore value='31550'/>
		<gasScore value='4448'/>
		<totalScore value='79998'/>
	</player>

	<enemy>
		<race value='Protoss'/>
		<unitScore value='19500'/>
		<killScore value='47400'/>
		<buildingScore value='6125'/>
		<razingScore value='11700'/>
		<mineralScore value='20974'/>
		<gasScore value='8954'/>
		<totalScore value='114653'/>
	</enemy>

	<scoreRatio value='0.69774'/>
	<timeFitness value='0.369167'/>
	<unitsAverage value='63'/>
</results>
