<results>
	<result value='loss'/>
	<start value='2015-07-19.00:54:45'/>
	<end value='2015-07-19.00:55:38'/>
	<frames value='38163'/>
	<gameDuration value='2385'/>

	<player>
		<unitScore value='19050'/>
		<killScore value='15600'/>
		<buildingScore value='2175'/>
		<razingScore value='2925'/>
		<mineralScore value='21826'/>
		<gasScore value='4064'/>
		<totalScore value='65640'/>
	</player>

	<enemy>
		<race value='Protoss'/>
		<unitScore value='18875'/>
		<killScore value='38100'/>
		<buildingScore value='7950'/>
		<razingScore value='6525'/>
		<mineralScore value='27802'/>
		<gasScore value='7376'/>
		<totalScore value='106628'/>
	</enemy>

	<scoreRatio value='0.615598'/>
	<timeFitness value='0.33125'/>
	<unitsAverage value='65'/>
</results>
