<results>
	<result value='loss'/>
	<start value='2015-07-19.00:57:24'/>
	<end value='2015-07-19.00:58:39'/>
	<frames value='53198'/>
	<gameDuration value='3324'/>

	<player>
		<unitScore value='34875'/>
		<killScore value='27000'/>
		<buildingScore value='3975'/>
		<razingScore value='3600'/>
		<mineralScore value='31390'/>
		<gasScore value='7606'/>
		<totalScore value='108446'/>
	</player>

	<enemy>
		<race value='Protoss'/>
		<unitScore value='29675'/>
		<killScore value='69500'/>
		<buildingScore value='7425'/>
		<razingScore value='11925'/>
		<mineralScore value='29134'/>
		<gasScore value='9862'/>
		<totalScore value='157521'/>
	</enemy>

	<scoreRatio value='0.688454'/>
	<timeFitness value='0.461667'/>
	<unitsAverage value='75'/>
</results>
