<results>
	<result value='loss'/>
	<start value='2015-07-18.18:44:23'/>
	<end value='2015-07-18.18:44:57'/>
	<frames value='36613'/>
	<gameDuration value='2288'/>

	<player>
		<unitScore value='20775'/>
		<killScore value='8400'/>
		<buildingScore value='3100'/>
		<razingScore value='0'/>
		<mineralScore value='24114'/>
		<gasScore value='2536'/>
		<totalScore value='58925'/>
	</player>

	<enemy>
		<race value='Protoss'/>
		<unitScore value='19900'/>
		<killScore value='41550'/>
		<buildingScore value='6925'/>
		<razingScore value='9300'/>
		<mineralScore value='22306'/>
		<gasScore value='9456'/>
		<totalScore value='109437'/>
	</enemy>

	<scoreRatio value='0.538438'/>
	<timeFitness value='0.317778'/>
	<unitsAverage value='57'/>
</results>
