<results>
	<result value='loss'/>
	<start value='2015-07-18.19:18:37'/>
	<end value='2015-07-18.19:19:19'/>
	<frames value='37946'/>
	<gameDuration value='2371'/>

	<player>
		<unitScore value='20400'/>
		<killScore value='17550'/>
		<buildingScore value='2225'/>
		<razingScore value='1425'/>
		<mineralScore value='24114'/>
		<gasScore value='4072'/>
		<totalScore value='69786'/>
	</player>

	<enemy>
		<race value='Protoss'/>
		<unitScore value='22050'/>
		<killScore value='38400'/>
		<buildingScore value='7500'/>
		<razingScore value='6675'/>
		<mineralScore value='26438'/>
		<gasScore value='7584'/>
		<totalScore value='108647'/>
	</enemy>

	<scoreRatio value='0.642319'/>
	<timeFitness value='0.329306'/>
	<unitsAverage value='74'/>
</results>
