<results>
	<result value='draw'/>
	<start value='2015-05-01.05:45:29'/>
	<end value='2015-05-01.05:47:47'/>
	<frames value='57601'/>
	<gameDuration value='3600'/>

	<player>
		<unitScore value='22625'/>
		<killScore value='19900'/>
		<buildingScore value='4525'/>
		<razingScore value='17550'/>
		<mineralScore value='41610'/>
		<gasScore value='5732'/>
		<totalScore value='111942'/>
	</player>

	<enemy>
		<race value='Protoss'/>
		<unitScore value='10100'/>
		<unitScore value='10100'/>
		<killScore value='21950'/>
		<buildingScore value='6350'/>
		<razingScore value='600'/>
		<mineralScore value='21354'/>
		<gasScore value='6994'/>
		<totalScore value='67348'/>
	</enemy>

	<scoreRatio value='1.66214'/>
</results>
