<results>
	<result value='win'/>
	<start value='2015-04-29.19:08:13'/>
	<end value='2015-04-29.19:08:31'/>
	<frames value='19780'/>
	<gameDuration value='1236'/>

	<player>
		<unitScore value='9550'/>
		<killScore value='11600'/>
		<buildingScore value='3325'/>
		<razingScore value='4200'/>
		<mineralScore value='16714'/>
		<gasScore value='1320'/>
		<totalScore value='46709'/>
	</player>

	<enemy>
		<race value='Terran'/>
		<unitScore value='5800'/>
		<unitScore value='5800'/>
		<killScore value='3850'/>
		<buildingScore value='1400'/>
		<razingScore value='0'/>
		<mineralScore value='9226'/>
		<gasScore value='2416'/>
		<totalScore value='22692'/>
	</enemy>

	<scoreRatio value='2.05839'/>
	<timeFitness value='0.828333'/>
	<unitsAverage value='68'/>
</results>
