<results>
	<result value='win'/>
	<start value='2015-04-28.03:19:55'/>
	<end value='2015-04-28.03:20:35'/>
	<frames value='27034'/>
	<gameDuration value='1689'/>

	<player>
		<unitScore value='16800'/>
		<killScore value='20480'/>
		<buildingScore value='4125'/>
		<razingScore value='5460'/>
		<mineralScore value='24710'/>
		<gasScore value='2512'/>
		<totalScore value='74087'/>
	</player>

	<enemy>
		<race value='Zerg'/>
		<unitScore value='9300'/>
		<unitScore value='9300'/>
		<killScore value='13300'/>
		<buildingScore value='1820'/>
		<razingScore value='0'/>
		<mineralScore value='9602'/>
		<gasScore value='2768'/>
		<totalScore value='36790'/>
	</enemy>

	<scoreRatio value='2.01378'/>
</results>
