<results>
	<result value='win'/>
	<start value='2015-05-05.23:44:45'/>
	<end value='2015-05-05.23:45:08'/>
	<frames value='25453'/>
	<gameDuration value='1590'/>

	<player>
		<unitScore value='12375'/>
		<killScore value='20350'/>
		<buildingScore value='3825'/>
		<razingScore value='8550'/>
		<mineralScore value='20158'/>
		<gasScore value='1968'/>
		<totalScore value='67226'/>
	</player>

	<enemy>
		<race value='Terran'/>
		<unitScore value='10175'/>
		<unitScore value='10175'/>
		<killScore value='9350'/>
		<buildingScore value='2850'/>
		<razingScore value='1800'/>
		<mineralScore value='10298'/>
		<gasScore value='4336'/>
		<totalScore value='38809'/>
	</enemy>

	<scoreRatio value='1.73223'/>
	<timeFitness value='0.779167'/>
	<unitsAverage value='74'/>
</results>
