<results>
	<result value='win'/>
	<start value='2015-05-06.00:05:58'/>
	<end value='2015-05-06.00:06:48'/>
	<frames value='32955'/>
	<gameDuration value='2059'/>

	<player>
		<unitScore value='24225'/>
		<killScore value='26000'/>
		<buildingScore value='4550'/>
		<razingScore value='6525'/>
		<mineralScore value='39098'/>
		<gasScore value='3448'/>
		<totalScore value='103846'/>
	</player>

	<enemy>
		<race value='Terran'/>
		<unitScore value='13000'/>
		<unitScore value='13000'/>
		<killScore value='25300'/>
		<buildingScore value='2175'/>
		<razingScore value='0'/>
		<mineralScore value='12050'/>
		<gasScore value='4736'/>
		<totalScore value='57261'/>
	</enemy>

	<scoreRatio value='1.81356'/>
	<timeFitness value='0.714028'/>
	<unitsAverage value='123'/>
</results>
