<results>
	<result value='win'/>
	<start value='2015-05-06.00:17:48'/>
	<end value='2015-05-06.00:18:34'/>
	<frames value='36303'/>
	<gameDuration value='2268'/>

	<player>
		<unitScore value='22750'/>
		<killScore value='32500'/>
		<buildingScore value='4900'/>
		<razingScore value='11850'/>
		<mineralScore value='33094'/>
		<gasScore value='3600'/>
		<totalScore value='108694'/>
	</player>

	<enemy>
		<race value='Terran'/>
		<unitScore value='17350'/>
		<unitScore value='17350'/>
		<killScore value='22350'/>
		<buildingScore value='3950'/>
		<razingScore value='2025'/>
		<mineralScore value='13986'/>
		<gasScore value='6440'/>
		<totalScore value='66101'/>
	</enemy>

	<scoreRatio value='1.64436'/>
	<timeFitness value='0.685'/>
	<unitsAverage value='103'/>
</results>
