<results>
	<result value='draw'/>
	<start value='2015-07-07.23:03:20'/>
	<end value='2015-07-07.23:06:48'/>
	<frames value='57601'/>
	<gameDuration value='3600'/>

	<player>
		<unitScore value='46675'/>
		<killScore value='30650'/>
		<buildingScore value='4050'/>
		<razingScore value='450'/>
		<mineralScore value='38978'/>
		<gasScore value='11282'/>
		<totalScore value='132085'/>
	</player>

	<enemy>
		<race value='Terran'/>
		<unitScore value='20750'/>
		<killScore value='66550'/>
		<buildingScore value='4025'/>
		<razingScore value='1875'/>
		<mineralScore value='23986'/>
		<gasScore value='6426'/>
		<totalScore value='123612'/>
	</enemy>

	<scoreRatio value='1.06855'/>
	<timeFitness value='0.5'/>
	<unitsAverage value='145'/>
</results>
