<results>
	<result value='win'/>
	<start value='2015-04-30.09:59:56'/>
	<end value='2015-04-30.10:00:22'/>
	<frames value='24647'/>
	<gameDuration value='1540'/>

	<player>
		<unitScore value='10400'/>
		<killScore value='18300'/>
		<buildingScore value='4000'/>
		<razingScore value='9000'/>
		<mineralScore value='18746'/>
		<gasScore value='2576'/>
		<totalScore value='63022'/>
	</player>

	<enemy>
		<race value='Terran'/>
		<unitScore value='9150'/>
		<unitScore value='9150'/>
		<killScore value='3500'/>
		<buildingScore value='3000'/>
		<razingScore value='1575'/>
		<mineralScore value='10634'/>
		<gasScore value='4104'/>
		<totalScore value='31963'/>
	</enemy>

	<scoreRatio value='1.97172'/>
	<timeFitness value='0.786111'/>
	<unitsAverage value='78'/>
</results>
