<results>
	<result value='loss'/>
	<start value='2014-07-12.21:25:41'/>
	<end value='2014-07-12.21:25:50'/>
	<frames value='19842'/>
	<gameDuration value='1240'/>

	<player>
		<unitScore value='4450'/>
		<killScore value='5700'/>
		<buildingScore value='1750'/>
		<razingScore value='0'/>
		<mineralScore value='6570'/>
		<gasScore value='800'/>
		<totalScore value='19270'/>
	</player>

	<enemy>
		<race value='Terran'/>
		<unitScore value='7975'/>
		<unitScore value='7975'/>
		<killScore value='8900'/>
		<buildingScore value='2850'/>
		<razingScore value='5250'/>
		<mineralScore value='9210'/>
		<gasScore value='3600'/>
		<totalScore value='37785'/>
	</enemy>

	<scoreRatio value='0.509991'/>
</results>
