<results>
	<result value='win'/>
	<start value='2015-04-28.18:36:56'/>
	<end value='2015-04-28.18:37:34'/>
	<frames value='34040'/>
	<gameDuration value='2127'/>

	<player>
		<unitScore value='22175'/>
		<killScore value='36410'/>
		<buildingScore value='4150'/>
		<razingScore value='6495'/>
		<mineralScore value='31034'/>
		<gasScore value='2704'/>
		<totalScore value='102968'/>
	</player>

	<enemy>
		<race value='Zerg'/>
		<unitScore value='15975'/>
		<unitScore value='15975'/>
		<killScore value='21500'/>
		<buildingScore value='2165'/>
		<razingScore value='0'/>
		<mineralScore value='14350'/>
		<gasScore value='4472'/>
		<totalScore value='58462'/>
	</enemy>

	<scoreRatio value='1.76128'/>
</results>
