<results>
	<result value='win'/>
	<start value='2015-05-11.01:36:01'/>
	<end value='2015-05-11.01:36:28'/>
	<frames value='24678'/>
	<gameDuration value='1542'/>

	<player>
		<unitScore value='15700'/>
		<killScore value='17790'/>
		<buildingScore value='3825'/>
		<razingScore value='5820'/>
		<mineralScore value='23286'/>
		<gasScore value='1904'/>
		<totalScore value='68325'/>
	</player>

	<enemy>
		<race value='Zerg'/>
		<unitScore value='9325'/>
		<unitScore value='9325'/>
		<killScore value='10550'/>
		<buildingScore value='1940'/>
		<razingScore value='0'/>
		<mineralScore value='9178'/>
		<gasScore value='2752'/>
		<totalScore value='33745'/>
	</enemy>

	<scoreRatio value='2.02474'/>
	<timeFitness value='0.785833'/>
	<unitsAverage value='92'/>
</results>
