<results>
	<result value='loss'/>
	<start value='2015-05-11.01:37:06'/>
	<end value='2015-05-11.01:37:09'/>
	<frames value='8000'/>
	<gameDuration value='500'/>

	<player>
		<unitScore value='1050'/>
		<killScore value='150'/>
		<buildingScore value='625'/>
		<razingScore value='0'/>
		<mineralScore value='1354'/>
		<gasScore value='88'/>
		<totalScore value='3267'/>
	</player>

	<enemy>
		<race value='Zerg'/>
		<unitScore value='1350'/>
		<unitScore value='1350'/>
		<killScore value='2000'/>
		<buildingScore value='780'/>
		<razingScore value='1875'/>
		<mineralScore value='2194'/>
		<gasScore value='80'/>
		<totalScore value='8279'/>
	</enemy>

	<scoreRatio value='0.394613'/>
	<timeFitness value='0.0694444'/>
	<unitsAverage value='9'/>
</results>
