<results>
	<result value='win'/>
	<start value='2015-05-10.16:14:22'/>
	<end value='2015-05-10.16:14:51'/>
	<frames value='31219'/>
	<gameDuration value='1951'/>

	<player>
		<unitScore value='16150'/>
		<killScore value='21500'/>
		<buildingScore value='3900'/>
		<razingScore value='12525'/>
		<mineralScore value='22898'/>
		<gasScore value='2344'/>
		<totalScore value='79317'/>
	</player>

	<enemy>
		<race value='Protoss'/>
		<unitScore value='10750'/>
		<unitScore value='10750'/>
		<killScore value='13400'/>
		<buildingScore value='4175'/>
		<razingScore value='1350'/>
		<mineralScore value='13622'/>
		<gasScore value='3424'/>
		<totalScore value='46721'/>
	</enemy>

	<scoreRatio value='1.69767'/>
	<timeFitness value='0.729028'/>
	<unitsAverage value='85'/>
</results>
