<results>
	<result value='loss'/>
	<start value='2015-04-12.17:54:07'/>
	<end value='2015-04-12.17:54:20'/>
	<frames value='15068'/>
	<gameDuration value='941'/>

	<player>
		<unitScore value='3400'/>
		<killScore value='400'/>
		<buildingScore value='1425'/>
		<razingScore value='0'/>
		<mineralScore value='4858'/>
		<gasScore value='176'/>
		<totalScore value='10259'/>
	</player>

	<enemy>
		<race value='Protoss'/>
		<unitScore value='3550'/>
		<unitScore value='3550'/>
		<killScore value='6800'/>
		<buildingScore value='2775'/>
		<razingScore value='4275'/>
		<mineralScore value='7730'/>
		<gasScore value='1520'/>
		<totalScore value='26650'/>
	</enemy>

	<scoreRatio value='0.384953'/>
</results>
