<results>
	<result value='loss'/>
	<start value='2015-04-12.18:01:12'/>
	<end value='2015-04-12.18:01:35'/>
	<frames value='27003'/>
	<gameDuration value='1687'/>

	<player>
		<unitScore value='3475'/>
		<killScore value='2900'/>
		<buildingScore value='1200'/>
		<razingScore value='0'/>
		<mineralScore value='4994'/>
		<gasScore value='600'/>
		<totalScore value='13169'/>
	</player>

	<enemy>
		<race value='Protoss'/>
		<unitScore value='11550'/>
		<unitScore value='11550'/>
		<killScore value='6550'/>
		<buildingScore value='6875'/>
		<razingScore value='3600'/>
		<mineralScore value='16414'/>
		<gasScore value='5912'/>
		<totalScore value='50901'/>
	</enemy>

	<scoreRatio value='0.258718'/>
</results>
