<results>
	<result value='loss'/>
	<start value='2015-04-12.18:10:23'/>
	<end value='2015-04-12.18:10:38'/>
	<frames value='16618'/>
	<gameDuration value='1038'/>

	<player>
		<unitScore value='3475'/>
		<killScore value='800'/>
		<buildingScore value='1950'/>
		<razingScore value='0'/>
		<mineralScore value='5498'/>
		<gasScore value='736'/>
		<totalScore value='12459'/>
	</player>

	<enemy>
		<race value='Protoss'/>
		<unitScore value='3700'/>
		<unitScore value='3700'/>
		<killScore value='6950'/>
		<buildingScore value='4075'/>
		<razingScore value='5850'/>
		<mineralScore value='9090'/>
		<gasScore value='1768'/>
		<totalScore value='31433'/>
	</enemy>

	<scoreRatio value='0.396367'/>
</results>
