<results>
	<result value='loss'/>
	<start value='2015-05-11.06:39:19'/>
	<end value='2015-05-11.06:39:34'/>
	<frames value='18354'/>
	<gameDuration value='1147'/>

	<player>
		<unitScore value='3925'/>
		<killScore value='1550'/>
		<buildingScore value='1700'/>
		<razingScore value='0'/>
		<mineralScore value='5770'/>
		<gasScore value='1088'/>
		<totalScore value='14033'/>
	</player>

	<enemy>
		<race value='Zerg'/>
		<unitScore value='7050'/>
		<unitScore value='7050'/>
		<killScore value='7850'/>
		<buildingScore value='2155'/>
		<razingScore value='5100'/>
		<mineralScore value='8514'/>
		<gasScore value='2424'/>
		<totalScore value='33093'/>
	</enemy>

	<scoreRatio value='0.424047'/>
	<timeFitness value='0.159306'/>
	<unitsAverage value='30'/>
</results>
