<results>
	<result value='loss'/>
	<start value='2014-07-23.00:10:57'/>
	<end value='2014-07-23.00:11:09'/>
	<frames value='22849'/>
	<gameDuration value='1428'/>

	<player>
		<unitScore value='5225'/>
		<killScore value='4450'/>
		<buildingScore value='2075'/>
		<razingScore value='0'/>
		<mineralScore value='7402'/>
		<gasScore value='1592'/>
		<totalScore value='20744'/>
	</player>

	<enemy>
		<race value='Zerg'/>
		<unitScore value='7775'/>
		<unitScore value='7775'/>
		<killScore value='10350'/>
		<buildingScore value='2655'/>
		<razingScore value='6225'/>
		<mineralScore value='10002'/>
		<gasScore value='3160'/>
		<totalScore value='40167'/>
	</enemy>

	<scoreRatio value='0.516444'/>
</results>
