<results>
	<result value='loss'/>
	<start value='2015-07-17.12:04:19'/>
	<end value='2015-07-17.12:04:34'/>
	<frames value='20741'/>
	<gameDuration value='1296'/>

	<player>
		<unitScore value='7200'/>
		<killScore value='3050'/>
		<buildingScore value='2450'/>
		<razingScore value='0'/>
		<mineralScore value='9050'/>
		<gasScore value='952'/>
		<totalScore value='22702'/>
	</player>

	<enemy>
		<race value='Terran'/>
		<unitScore value='8150'/>
		<killScore value='14200'/>
		<buildingScore value='2850'/>
		<razingScore value='7350'/>
		<mineralScore value='9650'/>
		<gasScore value='3920'/>
		<totalScore value='46120'/>
	</enemy>

	<scoreRatio value='0.492238'/>
	<timeFitness value='0.18'/>
	<unitsAverage value='31'/>
</results>
