<results>
	<result value='loss'/>
	<start value='2015-04-29.16:34:17'/>
	<end value='2015-04-29.16:35:05'/>
	<frames value='48548'/>
	<gameDuration value='3034'/>

	<player>
		<unitScore value='20950'/>
		<killScore value='31850'/>
		<buildingScore value='2825'/>
		<razingScore value='4950'/>
		<mineralScore value='23094'/>
		<gasScore value='4168'/>
		<totalScore value='87837'/>
	</player>

	<enemy>
		<race value='Protoss'/>
		<unitScore value='31275'/>
		<unitScore value='31275'/>
		<killScore value='42000'/>
		<buildingScore value='8625'/>
		<razingScore value='8475'/>
		<mineralScore value='32710'/>
		<gasScore value='9478'/>
		<totalScore value='132563'/>
	</enemy>

	<scoreRatio value='0.662606'/>
</results>
