<results>
	<result value='win'/>
	<start value='2015-05-08.17:54:01'/>
	<end value='2015-05-08.17:54:17'/>
	<frames value='18540'/>
	<gameDuration value='1158'/>

	<player>
		<unitScore value='6425'/>
		<killScore value='12000'/>
		<buildingScore value='1950'/>
		<razingScore value='4350'/>
		<mineralScore value='9602'/>
		<gasScore value='1528'/>
		<totalScore value='35855'/>
	</player>

	<enemy>
		<race value='Terran'/>
		<unitScore value='6000'/>
		<unitScore value='6000'/>
		<killScore value='4200'/>
		<buildingScore value='1450'/>
		<razingScore value='150'/>
		<mineralScore value='7570'/>
		<gasScore value='2312'/>
		<totalScore value='21682'/>
	</enemy>

	<scoreRatio value='1.65368'/>
	<timeFitness value='0.839167'/>
	<unitsAverage value='49'/>
</results>
