<results>
	<result value='win'/>
	<start value='2015-05-08.17:54:20'/>
	<end value='2015-05-08.17:54:50'/>
	<frames value='26693'/>
	<gameDuration value='1668'/>

	<player>
		<unitScore value='15825'/>
		<killScore value='21350'/>
		<buildingScore value='4300'/>
		<razingScore value='6525'/>
		<mineralScore value='23826'/>
		<gasScore value='2384'/>
		<totalScore value='74210'/>
	</player>

	<enemy>
		<race value='Terran'/>
		<unitScore value='10675'/>
		<unitScore value='10675'/>
		<killScore value='12350'/>
		<buildingScore value='2175'/>
		<razingScore value='0'/>
		<mineralScore value='12006'/>
		<gasScore value='4000'/>
		<totalScore value='41206'/>
	</enemy>

	<scoreRatio value='1.80095'/>
	<timeFitness value='0.768333'/>
	<unitsAverage value='90'/>
</results>
