<results>
	<result value='win'/>
	<start value='2015-05-02.21:24:46'/>
	<end value='2015-05-02.21:25:22'/>
	<frames value='29886'/>
	<gameDuration value='1867'/>

	<player>
		<unitScore value='16800'/>
		<killScore value='24150'/>
		<buildingScore value='4550'/>
		<razingScore value='8100'/>
		<mineralScore value='23250'/>
		<gasScore value='2304'/>
		<totalScore value='79154'/>
	</player>

	<enemy>
		<race value='Terran'/>
		<unitScore value='12875'/>
		<unitScore value='12875'/>
		<killScore value='14850'/>
		<buildingScore value='2800'/>
		<razingScore value='1950'/>
		<mineralScore value='11614'/>
		<gasScore value='4368'/>
		<totalScore value='48457'/>
	</enemy>

	<scoreRatio value='1.63349'/>
	<timeFitness value='0.740694'/>
	<unitsAverage value='80'/>
</results>
