<results>
	<result value='win'/>
	<start value='2015-05-02.21:26:51'/>
	<end value='2015-05-02.21:27:32'/>
	<frames value='28739'/>
	<gameDuration value='1796'/>

	<player>
		<unitScore value='17300'/>
		<killScore value='26250'/>
		<buildingScore value='4375'/>
		<razingScore value='9675'/>
		<mineralScore value='24970'/>
		<gasScore value='2752'/>
		<totalScore value='85322'/>
	</player>

	<enemy>
		<race value='Terran'/>
		<unitScore value='13125'/>
		<unitScore value='13125'/>
		<killScore value='10850'/>
		<buildingScore value='3225'/>
		<razingScore value='450'/>
		<mineralScore value='11626'/>
		<gasScore value='4752'/>
		<totalScore value='44028'/>
	</enemy>

	<scoreRatio value='1.9379'/>
	<timeFitness value='0.750556'/>
	<unitsAverage value='98'/>
</results>
