<results>
	<result value='win'/>
	<start value='2015-05-08.17:57:06'/>
	<end value='2015-05-08.17:57:26'/>
	<frames value='21826'/>
	<gameDuration value='1364'/>

	<player>
		<unitScore value='9300'/>
		<killScore value='16900'/>
		<buildingScore value='3125'/>
		<razingScore value='6750'/>
		<mineralScore value='15346'/>
		<gasScore value='1808'/>
		<totalScore value='53229'/>
	</player>

	<enemy>
		<race value='Terran'/>
		<unitScore value='8450'/>
		<unitScore value='8450'/>
		<killScore value='4200'/>
		<buildingScore value='2250'/>
		<razingScore value='0'/>
		<mineralScore value='9722'/>
		<gasScore value='3048'/>
		<totalScore value='27670'/>
	</enemy>

	<scoreRatio value='1.92371'/>
	<timeFitness value='0.810556'/>
	<unitsAverage value='70'/>
</results>
