<results>
	<result value='win'/>
	<start value='2015-05-02.21:32:21'/>
	<end value='2015-05-02.21:32:53'/>
	<frames value='30878'/>
	<gameDuration value='1929'/>

	<player>
		<unitScore value='14275'/>
		<killScore value='31900'/>
		<buildingScore value='3675'/>
		<razingScore value='11475'/>
		<mineralScore value='17962'/>
		<gasScore value='2648'/>
		<totalScore value='81935'/>
	</player>

	<enemy>
		<race value='Terran'/>
		<unitScore value='17350'/>
		<unitScore value='17350'/>
		<killScore value='12800'/>
		<buildingScore value='3825'/>
		<razingScore value='3000'/>
		<mineralScore value='14578'/>
		<gasScore value='6972'/>
		<totalScore value='58525'/>
	</enemy>

	<scoreRatio value='1.4'/>
	<timeFitness value='0.732083'/>
	<unitsAverage value='67'/>
</results>
