<results>
	<result value='draw'/>
	<start value='2015-07-11.20:45:56'/>
	<end value='2015-07-11.20:48:09'/>
	<frames value='57601'/>
	<gameDuration value='3600'/>

	<player>
		<unitScore value='24300'/>
		<killScore value='15750'/>
		<buildingScore value='6100'/>
		<razingScore value='6225'/>
		<mineralScore value='49638'/>
		<gasScore value='7800'/>
		<totalScore value='109813'/>
	</player>

	<enemy>
		<race value='Terran'/>
		<unitScore value='9975'/>
		<killScore value='21300'/>
		<buildingScore value='2175'/>
		<razingScore value='5850'/>
		<mineralScore value='10034'/>
		<gasScore value='3480'/>
		<totalScore value='52814'/>
	</enemy>

	<scoreRatio value='2.07924'/>
	<timeFitness value='0.5'/>
	<unitsAverage value='141'/>
</results>
