<results>
	<result value='draw'/>
	<start value='2015-07-11.21:12:30'/>
	<end value='2015-07-11.21:13:30'/>
	<frames value='57601'/>
	<gameDuration value='3600'/>

	<player>
		<unitScore value='15000'/>
		<killScore value='12100'/>
		<buildingScore value='3475'/>
		<razingScore value='1350'/>
		<mineralScore value='16314'/>
		<gasScore value='2128'/>
		<totalScore value='50367'/>
	</player>

	<enemy>
		<race value='Terran'/>
		<unitScore value='13375'/>
		<killScore value='27050'/>
		<buildingScore value='3400'/>
		<razingScore value='8775'/>
		<mineralScore value='19078'/>
		<gasScore value='5258'/>
		<totalScore value='76936'/>
	</enemy>

	<scoreRatio value='0.654661'/>
	<timeFitness value='0.5'/>
	<unitsAverage value='51'/>
</results>
