<results>
	<result value='loss'/>
	<start value='2015-07-11.21:13:32'/>
	<end value='2015-07-11.21:14:22'/>
	<frames value='49385'/>
	<gameDuration value='3086'/>

	<player>
		<unitScore value='28175'/>
		<killScore value='14700'/>
		<buildingScore value='3475'/>
		<razingScore value='0'/>
		<mineralScore value='21370'/>
		<gasScore value='5974'/>
		<totalScore value='73694'/>
	</player>

	<enemy>
		<race value='Terran'/>
		<unitScore value='24700'/>
		<killScore value='56350'/>
		<buildingScore value='5325'/>
		<razingScore value='10425'/>
		<mineralScore value='30370'/>
		<gasScore value='11394'/>
		<totalScore value='138564'/>
	</enemy>

	<scoreRatio value='0.531841'/>
	<timeFitness value='0.428611'/>
	<unitsAverage value='65'/>
</results>
