<results>
	<result value='loss'/>
	<start value='2015-03-28.18:11:00'/>
	<end value='2015-03-28.18:11:09'/>
	<frames value='14758'/>
	<gameDuration value='922'/>

	<player>
		<unitScore value='3300'/>
		<killScore value='1000'/>
		<buildingScore value='1050'/>
		<razingScore value='0'/>
		<mineralScore value='3914'/>
		<gasScore value='840'/>
		<totalScore value='10104'/>
	</player>

	<enemy>
		<race value='Protoss'/>
		<unitScore value='4325'/>
		<unitScore value='4325'/>
		<killScore value='6600'/>
		<buildingScore value='2275'/>
		<razingScore value='3150'/>
		<mineralScore value='7562'/>
		<gasScore value='1744'/>
		<totalScore value='25656'/>
	</enemy>

	<scoreRatio value='0.393826'/>
</results>
