<results>
	<result value='win'/>
	<start value='2015-05-12.01:39:03'/>
	<end value='2015-05-12.01:39:27'/>
	<frames value='22570'/>
	<gameDuration value='1410'/>

	<player>
		<unitScore value='13175'/>
		<killScore value='18560'/>
		<buildingScore value='3425'/>
		<razingScore value='5040'/>
		<mineralScore value='22122'/>
		<gasScore value='1888'/>
		<totalScore value='64210'/>
	</player>

	<enemy>
		<race value='Zerg'/>
		<unitScore value='9200'/>
		<unitScore value='9200'/>
		<killScore value='8100'/>
		<buildingScore value='1680'/>
		<razingScore value='150'/>
		<mineralScore value='9306'/>
		<gasScore value='2408'/>
		<totalScore value='30844'/>
	</enemy>

	<scoreRatio value='2.08177'/>
	<timeFitness value='0.804167'/>
	<unitsAverage value='84'/>
</results>
