<results>
	<result value='win'/>
	<start value='2015-05-12.01:49:18'/>
	<end value='2015-05-12.01:49:52'/>
	<frames value='26228'/>
	<gameDuration value='1639'/>

	<player>
		<unitScore value='16050'/>
		<killScore value='21585'/>
		<buildingScore value='4125'/>
		<razingScore value='6390'/>
		<mineralScore value='29162'/>
		<gasScore value='2968'/>
		<totalScore value='80280'/>
	</player>

	<enemy>
		<race value='Zerg'/>
		<unitScore value='9325'/>
		<unitScore value='9325'/>
		<killScore value='11100'/>
		<buildingScore value='2130'/>
		<razingScore value='150'/>
		<mineralScore value='10154'/>
		<gasScore value='3088'/>
		<totalScore value='35947'/>
	</enemy>

	<scoreRatio value='2.23329'/>
	<timeFitness value='0.772361'/>
	<unitsAverage value='101'/>
</results>
