<results>
	<result value='win'/>
	<start value='2015-05-12.01:59:50'/>
	<end value='2015-05-12.02:00:23'/>
	<frames value='26755'/>
	<gameDuration value='1672'/>

	<player>
		<unitScore value='17450'/>
		<killScore value='34120'/>
		<buildingScore value='3675'/>
		<razingScore value='5160'/>
		<mineralScore value='29962'/>
		<gasScore value='3064'/>
		<totalScore value='93431'/>
	</player>

	<enemy>
		<race value='Zerg'/>
		<unitScore value='14450'/>
		<unitScore value='14450'/>
		<killScore value='14150'/>
		<buildingScore value='1720'/>
		<razingScore value='0'/>
		<mineralScore value='12466'/>
		<gasScore value='3464'/>
		<totalScore value='46250'/>
	</enemy>

	<scoreRatio value='2.02013'/>
	<timeFitness value='0.767778'/>
	<unitsAverage value='101'/>
</results>
