<results>
	<result value='loss'/>
	<start value='2015-04-11.05:21:27'/>
	<end value='2015-04-11.05:21:41'/>
	<frames value='16184'/>
	<gameDuration value='1011'/>

	<player>
		<unitScore value='3150'/>
		<killScore value='1500'/>
		<buildingScore value='1450'/>
		<razingScore value='0'/>
		<mineralScore value='4874'/>
		<gasScore value='896'/>
		<totalScore value='11870'/>
	</player>

	<enemy>
		<race value='Protoss'/>
		<unitScore value='3600'/>
		<unitScore value='3600'/>
		<killScore value='6300'/>
		<buildingScore value='3425'/>
		<razingScore value='4350'/>
		<mineralScore value='8250'/>
		<gasScore value='1632'/>
		<totalScore value='27557'/>
	</enemy>

	<scoreRatio value='0.430744'/>
</results>
