<results>
	<result value='loss'/>
	<start value='2015-05-03.05:38:24'/>
	<end value='2015-05-03.05:38:30'/>
	<frames value='15161'/>
	<gameDuration value='947'/>

	<player>
		<unitScore value='3200'/>
		<killScore value='400'/>
		<buildingScore value='1575'/>
		<razingScore value='0'/>
		<mineralScore value='5018'/>
		<gasScore value='536'/>
		<totalScore value='10729'/>
	</player>

	<enemy>
		<race value='Protoss'/>
		<unitScore value='3550'/>
		<unitScore value='3550'/>
		<killScore value='6050'/>
		<buildingScore value='2725'/>
		<razingScore value='4725'/>
		<mineralScore value='7842'/>
		<gasScore value='1328'/>
		<totalScore value='26220'/>
	</enemy>

	<scoreRatio value='0.409191'/>
	<timeFitness value='0.131528'/>
	<unitsAverage value='24'/>
</results>
