<results>
	<result value='win'/>
	<start value='2015-05-12.00:45:22'/>
	<end value='2015-05-12.00:45:58'/>
	<frames value='27840'/>
	<gameDuration value='1740'/>

	<player>
		<unitScore value='17850'/>
		<killScore value='20700'/>
		<buildingScore value='3975'/>
		<razingScore value='17400'/>
		<mineralScore value='28650'/>
		<gasScore value='2648'/>
		<totalScore value='91223'/>
	</player>

	<enemy>
		<race value='Protoss'/>
		<unitScore value='10800'/>
		<unitScore value='10800'/>
		<killScore value='13400'/>
		<buildingScore value='5800'/>
		<razingScore value='0'/>
		<mineralScore value='16806'/>
		<gasScore value='3088'/>
		<totalScore value='49894'/>
	</enemy>

	<scoreRatio value='1.82834'/>
	<timeFitness value='0.758333'/>
	<unitsAverage value='108'/>
</results>
