<results>
	<result value='loss'/>
	<start value='2015-05-03.05:44:40'/>
	<end value='2015-05-03.05:44:46'/>
	<frames value='15378'/>
	<gameDuration value='961'/>

	<player>
		<unitScore value='2900'/>
		<killScore value='1000'/>
		<buildingScore value='1575'/>
		<razingScore value='0'/>
		<mineralScore value='4698'/>
		<gasScore value='576'/>
		<totalScore value='10749'/>
	</player>

	<enemy>
		<race value='Protoss'/>
		<unitScore value='3550'/>
		<unitScore value='3550'/>
		<killScore value='5800'/>
		<buildingScore value='2925'/>
		<razingScore value='4725'/>
		<mineralScore value='7794'/>
		<gasScore value='1392'/>
		<totalScore value='26186'/>
	</enemy>

	<scoreRatio value='0.410487'/>
	<timeFitness value='0.133472'/>
	<unitsAverage value='22'/>
</results>
