<results>
	<result value='win'/>
	<start value='2015-05-03.05:48:18'/>
	<end value='2015-05-03.05:48:54'/>
	<frames value='35807'/>
	<gameDuration value='2237'/>

	<player>
		<unitScore value='19750'/>
		<killScore value='24900'/>
		<buildingScore value='5075'/>
		<razingScore value='18450'/>
		<mineralScore value='31494'/>
		<gasScore value='3552'/>
		<totalScore value='103221'/>
	</player>

	<enemy>
		<race value='Protoss'/>
		<unitScore value='13150'/>
		<unitScore value='13150'/>
		<killScore value='16200'/>
		<buildingScore value='6150'/>
		<razingScore value='225'/>
		<mineralScore value='15510'/>
		<gasScore value='3712'/>
		<totalScore value='54947'/>
	</enemy>

	<scoreRatio value='1.87856'/>
	<timeFitness value='0.689306'/>
	<unitsAverage value='119'/>
</results>
