<results>
	<result value='win'/>
	<start value='2015-05-05.05:50:57'/>
	<end value='2015-05-05.05:51:15'/>
	<frames value='28491'/>
	<gameDuration value='1780'/>

	<player>
		<unitScore value='11500'/>
		<killScore value='17700'/>
		<buildingScore value='3425'/>
		<razingScore value='7800'/>
		<mineralScore value='15702'/>
		<gasScore value='2416'/>
		<totalScore value='58543'/>
	</player>

	<enemy>
		<race value='Terran'/>
		<unitScore value='10150'/>
		<unitScore value='10150'/>
		<killScore value='10700'/>
		<buildingScore value='2600'/>
		<razingScore value='2700'/>
		<mineralScore value='11102'/>
		<gasScore value='3824'/>
		<totalScore value='41076'/>
	</enemy>

	<scoreRatio value='1.42524'/>
	<timeFitness value='0.752778'/>
	<unitsAverage value='55'/>
</results>
