<results>
	<result value='loss'/>
	<start value='2015-05-05.05:51:53'/>
	<end value='2015-05-05.05:52:04'/>
	<frames value='22229'/>
	<gameDuration value='1389'/>

	<player>
		<unitScore value='5850'/>
		<killScore value='4250'/>
		<buildingScore value='1825'/>
		<razingScore value='0'/>
		<mineralScore value='8122'/>
		<gasScore value='1312'/>
		<totalScore value='21359'/>
	</player>

	<enemy>
		<race value='Terran'/>
		<unitScore value='9300'/>
		<unitScore value='9300'/>
		<killScore value='11700'/>
		<buildingScore value='3525'/>
		<razingScore value='5475'/>
		<mineralScore value='10610'/>
		<gasScore value='4528'/>
		<totalScore value='45138'/>
	</enemy>

	<scoreRatio value='0.473193'/>
	<timeFitness value='0.192917'/>
	<unitsAverage value='34'/>
</results>
