<results>
	<result value='win'/>
	<start value='2015-05-05.06:03:28'/>
	<end value='2015-05-05.06:03:57'/>
	<frames value='34443'/>
	<gameDuration value='2152'/>

	<player>
		<unitScore value='20700'/>
		<killScore value='27550'/>
		<buildingScore value='4050'/>
		<razingScore value='10875'/>
		<mineralScore value='28542'/>
		<gasScore value='2688'/>
		<totalScore value='94405'/>
	</player>

	<enemy>
		<race value='Terran'/>
		<unitScore value='13775'/>
		<unitScore value='13775'/>
		<killScore value='22050'/>
		<buildingScore value='3700'/>
		<razingScore value='450'/>
		<mineralScore value='12526'/>
		<gasScore value='5386'/>
		<totalScore value='57887'/>
	</enemy>

	<scoreRatio value='1.63085'/>
	<timeFitness value='0.701111'/>
	<unitsAverage value='86'/>
</results>
