<results>
	<result value='win'/>
	<start value='2015-05-05.07:50:37'/>
	<end value='2015-05-05.07:51:10'/>
	<frames value='25949'/>
	<gameDuration value='1621'/>

	<player>
		<unitScore value='15525'/>
		<killScore value='18720'/>
		<buildingScore value='4575'/>
		<razingScore value='7170'/>
		<mineralScore value='24842'/>
		<gasScore value='2040'/>
		<totalScore value='72872'/>
	</player>

	<enemy>
		<race value='Zerg'/>
		<unitScore value='9100'/>
		<unitScore value='9100'/>
		<killScore value='10250'/>
		<buildingScore value='2390'/>
		<razingScore value='0'/>
		<mineralScore value='9922'/>
		<gasScore value='3152'/>
		<totalScore value='34814'/>
	</enemy>

	<scoreRatio value='2.09318'/>
	<timeFitness value='0.774861'/>
	<unitsAverage value='99'/>
</results>
