<results>
	<result value='loss'/>
	<start value='2015-05-05.08:00:47'/>
	<end value='2015-05-05.08:00:56'/>
	<frames value='18540'/>
	<gameDuration value='1158'/>

	<player>
		<unitScore value='850'/>
		<killScore value='300'/>
		<buildingScore value='675'/>
		<razingScore value='0'/>
		<mineralScore value='1242'/>
		<gasScore value='856'/>
		<totalScore value='3923'/>
	</player>

	<enemy>
		<race value='Zerg'/>
		<unitScore value='6900'/>
		<unitScore value='6900'/>
		<killScore value='1700'/>
		<buildingScore value='1520'/>
		<razingScore value='2025'/>
		<mineralScore value='7234'/>
		<gasScore value='1984'/>
		<totalScore value='21363'/>
	</enemy>

	<scoreRatio value='0.183635'/>
	<timeFitness value='0.160833'/>
	<unitsAverage value='8'/>
</results>
