<results>
	<result value='loss'/>
	<start value='2015-05-05.08:08:16'/>
	<end value='2015-05-05.08:08:26'/>
	<frames value='18664'/>
	<gameDuration value='1166'/>

	<player>
		<unitScore value='2600'/>
		<killScore value='600'/>
		<buildingScore value='1000'/>
		<razingScore value='0'/>
		<mineralScore value='4610'/>
		<gasScore value='0'/>
		<totalScore value='8810'/>
	</player>

	<enemy>
		<race value='Zerg'/>
		<unitScore value='7075'/>
		<unitScore value='7075'/>
		<killScore value='5200'/>
		<buildingScore value='1395'/>
		<razingScore value='3000'/>
		<mineralScore value='7322'/>
		<gasScore value='2056'/>
		<totalScore value='26048'/>
	</enemy>

	<scoreRatio value='0.338222'/>
	<timeFitness value='0.161944'/>
	<unitsAverage value='15'/>
</results>
