<results>
	<result value='loss'/>
	<start value='2015-05-11.11:50:17'/>
	<end value='2015-05-11.11:51:04'/>
	<frames value='48610'/>
	<gameDuration value='3038'/>

	<player>
		<unitScore value='21200'/>
		<killScore value='28875'/>
		<buildingScore value='3700'/>
		<razingScore value='435'/>
		<mineralScore value='31774'/>
		<gasScore value='5192'/>
		<totalScore value='91176'/>
	</player>

	<enemy>
		<race value='Zerg'/>
		<unitScore value='33025'/>
		<unitScore value='33025'/>
		<killScore value='42400'/>
		<buildingScore value='4215'/>
		<razingScore value='11100'/>
		<mineralScore value='29214'/>
		<gasScore value='11158'/>
		<totalScore value='131112'/>
	</enemy>

	<scoreRatio value='0.695405'/>
	<timeFitness value='0.421944'/>
	<unitsAverage value='86'/>
</results>
