<results>
	<result value='win'/>
	<start value='2015-04-29.23:30:28'/>
	<end value='2015-04-29.23:31:04'/>
	<frames value='30258'/>
	<gameDuration value='1891'/>

	<player>
		<unitScore value='19350'/>
		<killScore value='34210'/>
		<buildingScore value='3300'/>
		<razingScore value='5820'/>
		<mineralScore value='22842'/>
		<gasScore value='2816'/>
		<totalScore value='88338'/>
	</player>

	<enemy>
		<race value='Zerg'/>
		<unitScore value='15125'/>
		<unitScore value='15125'/>
		<killScore value='22250'/>
		<buildingScore value='1940'/>
		<razingScore value='375'/>
		<mineralScore value='13230'/>
		<gasScore value='4016'/>
		<totalScore value='56936'/>
	</enemy>

	<scoreRatio value='1.55153'/>
	<timeFitness value='0.737361'/>
	<unitsAverage value='79'/>
</results>
