<results>
	<result value='loss'/>
	<start value='2015-04-29.23:38:50'/>
	<end value='2015-04-29.23:39:32'/>
	<frames value='41914'/>
	<gameDuration value='2619'/>

	<player>
		<unitScore value='12425'/>
		<killScore value='16020'/>
		<buildingScore value='3200'/>
		<razingScore value='3255'/>
		<mineralScore value='15146'/>
		<gasScore value='3680'/>
		<totalScore value='53726'/>
	</player>

	<enemy>
		<race value='Zerg'/>
		<unitScore value='19650'/>
		<unitScore value='19650'/>
		<killScore value='23750'/>
		<buildingScore value='4595'/>
		<razingScore value='9600'/>
		<mineralScore value='21922'/>
		<gasScore value='6958'/>
		<totalScore value='86475'/>
	</enemy>

	<scoreRatio value='0.621289'/>
	<timeFitness value='0.36375'/>
	<unitsAverage value='53'/>
</results>
