<results>
	<result value='loss'/>
	<start value='2015-07-16.08:21:14'/>
	<end value='2015-07-16.08:21:26'/>
	<frames value='18044'/>
	<gameDuration value='1127'/>

	<player>
		<unitScore value='4925'/>
		<killScore value='700'/>
		<buildingScore value='1900'/>
		<razingScore value='0'/>
		<mineralScore value='6706'/>
		<gasScore value='1224'/>
		<totalScore value='15455'/>
	</player>

	<enemy>
		<race value='Terran'/>
		<unitScore value='6475'/>
		<killScore value='9850'/>
		<buildingScore value='2750'/>
		<razingScore value='5700'/>
		<mineralScore value='8210'/>
		<gasScore value='2680'/>
		<totalScore value='35665'/>
	</enemy>

	<scoreRatio value='0.433338'/>
	<timeFitness value='0.156528'/>
	<unitsAverage value='26'/>
</results>
