<results>
	<result value='win'/>
	<start value='2015-04-10.12:46:05'/>
	<end value='2015-04-10.12:46:22'/>
	<frames value='23407'/>
	<gameDuration value='1462'/>

	<player>
		<unitScore value='12225'/>
		<killScore value='12500'/>
		<buildingScore value='2900'/>
		<razingScore value='7275'/>
		<mineralScore value='15838'/>
		<gasScore value='2112'/>
		<totalScore value='52850'/>
	</player>

	<enemy>
		<race value='Protoss'/>
		<unitScore value='6250'/>
		<unitScore value='6250'/>
		<killScore value='8300'/>
		<buildingScore value='2425'/>
		<razingScore value='150'/>
		<mineralScore value='11002'/>
		<gasScore value='1120'/>
		<totalScore value='29247'/>
	</enemy>

	<scoreRatio value='1.80702'/>
</results>
