<results>
	<result value='loss'/>
	<start value='2015-07-11.21:50:03'/>
	<end value='2015-07-11.21:50:25'/>
	<frames value='36644'/>
	<gameDuration value='2290'/>

	<player>
		<unitScore value='17650'/>
		<killScore value='8400'/>
		<buildingScore value='3475'/>
		<razingScore value='0'/>
		<mineralScore value='18574'/>
		<gasScore value='2560'/>
		<totalScore value='50659'/>
	</player>

	<enemy>
		<race value='Protoss'/>
		<unitScore value='21500'/>
		<killScore value='35300'/>
		<buildingScore value='6825'/>
		<razingScore value='10425'/>
		<mineralScore value='24298'/>
		<gasScore value='8714'/>
		<totalScore value='107062'/>
	</enemy>

	<scoreRatio value='0.473174'/>
	<timeFitness value='0.318056'/>
	<unitsAverage value='47'/>
</results>
