<results>
	<result value='loss'/>
	<start value='2015-07-11.21:56:06'/>
	<end value='2015-07-11.21:56:27'/>
	<frames value='31002'/>
	<gameDuration value='1937'/>

	<player>
		<unitScore value='15400'/>
		<killScore value='9400'/>
		<buildingScore value='2525'/>
		<razingScore value='0'/>
		<mineralScore value='17594'/>
		<gasScore value='3056'/>
		<totalScore value='47975'/>
	</player>

	<enemy>
		<race value='Protoss'/>
		<unitScore value='17600'/>
		<killScore value='29350'/>
		<buildingScore value='6075'/>
		<razingScore value='7575'/>
		<mineralScore value='20410'/>
		<gasScore value='6616'/>
		<totalScore value='87626'/>
	</enemy>

	<scoreRatio value='0.547497'/>
	<timeFitness value='0.269028'/>
	<unitsAverage value='54'/>
</results>
