<results>
	<result value='loss'/>
	<start value='2015-07-11.21:56:58'/>
	<end value='2015-07-11.21:57:21'/>
	<frames value='31684'/>
	<gameDuration value='1980'/>

	<player>
		<unitScore value='14325'/>
		<killScore value='4100'/>
		<buildingScore value='3400'/>
		<razingScore value='0'/>
		<mineralScore value='22950'/>
		<gasScore value='2088'/>
		<totalScore value='46863'/>
	</player>

	<enemy>
		<race value='Protoss'/>
		<unitScore value='16975'/>
		<killScore value='28200'/>
		<buildingScore value='6550'/>
		<razingScore value='10200'/>
		<mineralScore value='24202'/>
		<gasScore value='7008'/>
		<totalScore value='93135'/>
	</enemy>

	<scoreRatio value='0.503173'/>
	<timeFitness value='0.275'/>
	<unitsAverage value='57'/>
</results>
