<results>
	<result value='win'/>
	<start value='2014-07-23.02:28:06'/>
	<end value='2014-07-23.02:28:49'/>
	<frames value='39527'/>
	<gameDuration value='2470'/>

	<player>
		<unitScore value='26075'/>
		<killScore value='35150'/>
		<buildingScore value='3625'/>
		<razingScore value='23475'/>
		<mineralScore value='29642'/>
		<gasScore value='2912'/>
		<totalScore value='120879'/>
	</player>

	<enemy>
		<race value='Protoss'/>
		<unitScore value='18250'/>
		<unitScore value='18250'/>
		<killScore value='33150'/>
		<buildingScore value='7825'/>
		<razingScore value='900'/>
		<mineralScore value='21158'/>
		<gasScore value='7408'/>
		<totalScore value='88691'/>
	</enemy>

	<scoreRatio value='1.36292'/>
</results>
