<results>
	<result value='win'/>
	<start value='2015-05-03.02:17:14'/>
	<end value='2015-05-03.02:17:50'/>
	<frames value='25360'/>
	<gameDuration value='1585'/>

	<player>
		<unitScore value='15325'/>
		<killScore value='26850'/>
		<buildingScore value='3500'/>
		<razingScore value='4755'/>
		<mineralScore value='19670'/>
		<gasScore value='2688'/>
		<totalScore value='72788'/>
	</player>

	<enemy>
		<race value='Zerg'/>
		<unitScore value='11500'/>
		<unitScore value='11500'/>
		<killScore value='14350'/>
		<buildingScore value='1585'/>
		<razingScore value='0'/>
		<mineralScore value='10018'/>
		<gasScore value='2776'/>
		<totalScore value='40229'/>
	</enemy>

	<scoreRatio value='1.80934'/>
	<timeFitness value='0.779861'/>
	<unitsAverage value='73'/>
</results>
