<results>
	<result value='loss'/>
	<start value='2015-03-27.14:50:27'/>
	<end value='2015-03-27.14:51:16'/>
	<frames value='48703'/>
	<gameDuration value='3043'/>

	<player>
		<unitScore value='23875'/>
		<killScore value='38650'/>
		<buildingScore value='2725'/>
		<razingScore value='1050'/>
		<mineralScore value='23986'/>
		<gasScore value='4784'/>
		<totalScore value='95070'/>
	</player>

	<enemy>
		<race value='Protoss'/>
		<unitScore value='39650'/>
		<unitScore value='39650'/>
		<killScore value='47750'/>
		<buildingScore value='7425'/>
		<razingScore value='8175'/>
		<mineralScore value='34338'/>
		<gasScore value='13100'/>
		<totalScore value='150438'/>
	</enemy>

	<scoreRatio value='0.631955'/>
</results>
