<results>
	<result value='win'/>
	<start value='2015-05-03.05:25:01'/>
	<end value='2015-05-03.05:25:14'/>
	<frames value='18509'/>
	<gameDuration value='1156'/>

	<player>
		<unitScore value='7125'/>
		<killScore value='6800'/>
		<buildingScore value='1750'/>
		<razingScore value='7650'/>
		<mineralScore value='9722'/>
		<gasScore value='1232'/>
		<totalScore value='34279'/>
	</player>

	<enemy>
		<race value='Protoss'/>
		<unitScore value='3400'/>
		<unitScore value='3400'/>
		<killScore value='5200'/>
		<buildingScore value='2550'/>
		<razingScore value='0'/>
		<mineralScore value='9306'/>
		<gasScore value='928'/>
		<totalScore value='21384'/>
	</enemy>

	<scoreRatio value='1.60302'/>
	<timeFitness value='0.839444'/>
	<unitsAverage value='48'/>
</results>
