<results>
	<result value='win'/>
	<start value='2015-05-03.05:25:54'/>
	<end value='2015-05-03.05:26:20'/>
	<frames value='28987'/>
	<gameDuration value='1811'/>

	<player>
		<unitScore value='13000'/>
		<killScore value='10900'/>
		<buildingScore value='2325'/>
		<razingScore value='17100'/>
		<mineralScore value='15842'/>
		<gasScore value='1920'/>
		<totalScore value='61087'/>
	</player>

	<enemy>
		<race value='Protoss'/>
		<unitScore value='5450'/>
		<unitScore value='5450'/>
		<killScore value='12650'/>
		<buildingScore value='5700'/>
		<razingScore value='300'/>
		<mineralScore value='13930'/>
		<gasScore value='2064'/>
		<totalScore value='40094'/>
	</enemy>

	<scoreRatio value='1.52359'/>
	<timeFitness value='0.748472'/>
	<unitsAverage value='72'/>
</results>
