<results>
	<result value='loss'/>
	<start value='2015-05-03.05:30:08'/>
	<end value='2015-05-03.05:30:59'/>
	<frames value='54438'/>
	<gameDuration value='3402'/>

	<player>
		<unitScore value='23225'/>
		<killScore value='33300'/>
		<buildingScore value='2325'/>
		<razingScore value='6975'/>
		<mineralScore value='24554'/>
		<gasScore value='3568'/>
		<totalScore value='93947'/>
	</player>

	<enemy>
		<race value='Protoss'/>
		<unitScore value='19700'/>
		<unitScore value='19700'/>
		<killScore value='46450'/>
		<buildingScore value='6225'/>
		<razingScore value='6975'/>
		<mineralScore value='30142'/>
		<gasScore value='10456'/>
		<totalScore value='119948'/>
	</enemy>

	<scoreRatio value='0.783231'/>
	<timeFitness value='0.4725'/>
	<unitsAverage value='78'/>
</results>
