<results>
	<result value='win'/>
	<start value='2015-05-03.05:34:22'/>
	<end value='2015-05-03.05:35:16'/>
	<frames value='42069'/>
	<gameDuration value='2629'/>

	<player>
		<unitScore value='25100'/>
		<killScore value='30300'/>
		<buildingScore value='3100'/>
		<razingScore value='24525'/>
		<mineralScore value='28026'/>
		<gasScore value='4808'/>
		<totalScore value='115859'/>
	</player>

	<enemy>
		<race value='Protoss'/>
		<unitScore value='16650'/>
		<unitScore value='16650'/>
		<killScore value='33950'/>
		<buildingScore value='8175'/>
		<razingScore value='150'/>
		<mineralScore value='20298'/>
		<gasScore value='6776'/>
		<totalScore value='85999'/>
	</enemy>

	<scoreRatio value='1.34721'/>
	<timeFitness value='0.634861'/>
	<unitsAverage value='110'/>
</results>
