<results>
	<result value='draw'/>
	<start value='2015-05-10.19:30:30'/>
	<end value='2015-05-10.19:32:00'/>
	<frames value='57601'/>
	<gameDuration value='3600'/>

	<player>
		<unitScore value='28750'/>
		<killScore value='82440'/>
		<buildingScore value='4500'/>
		<razingScore value='6405'/>
		<mineralScore value='30810'/>
		<gasScore value='5352'/>
		<totalScore value='158257'/>
	</player>

	<enemy>
		<race value='Zerg'/>
		<unitScore value='43825'/>
		<unitScore value='43825'/>
		<killScore value='37300'/>
		<buildingScore value='4845'/>
		<razingScore value='4650'/>
		<mineralScore value='30846'/>
		<gasScore value='14680'/>
		<totalScore value='136146'/>
	</enemy>

	<scoreRatio value='1.16241'/>
	<timeFitness value='0.5'/>
	<unitsAverage value='119'/>
</results>
