<results>
	<result value='loss'/>
	<start value='2015-04-07.23:50:11'/>
	<end value='2015-04-07.23:50:35'/>
	<frames value='39465'/>
	<gameDuration value='2466'/>

	<player>
		<unitScore value='10875'/>
		<killScore value='18700'/>
		<buildingScore value='2175'/>
		<razingScore value='600'/>
		<mineralScore value='21026'/>
		<gasScore value='3912'/>
		<totalScore value='57288'/>
	</player>

	<enemy>
		<race value='Protoss'/>
		<unitScore value='26125'/>
		<unitScore value='26125'/>
		<killScore value='21500'/>
		<buildingScore value='7875'/>
		<razingScore value='6525'/>
		<mineralScore value='27842'/>
		<gasScore value='9452'/>
		<totalScore value='99319'/>
	</enemy>

	<scoreRatio value='0.576808'/>
</results>
