<results>
	<result value='loss'/>
	<start value='2015-04-07.23:52:47'/>
	<end value='2015-04-07.23:52:55'/>
	<frames value='15130'/>
	<gameDuration value='945'/>

	<player>
		<unitScore value='3225'/>
		<killScore value='800'/>
		<buildingScore value='1550'/>
		<razingScore value='0'/>
		<mineralScore value='4994'/>
		<gasScore value='536'/>
		<totalScore value='11105'/>
	</player>

	<enemy>
		<race value='Protoss'/>
		<unitScore value='3550'/>
		<unitScore value='3550'/>
		<killScore value='6200'/>
		<buildingScore value='2525'/>
		<razingScore value='4650'/>
		<mineralScore value='7802'/>
		<gasScore value='1192'/>
		<totalScore value='25919'/>
	</enemy>

	<scoreRatio value='0.42845'/>
</results>
