<results>
	<result value='loss'/>
	<start value='2015-07-15.01:00:54'/>
	<end value='2015-07-15.01:01:06'/>
	<frames value='21454'/>
	<gameDuration value='1340'/>

	<player>
		<unitScore value='6550'/>
		<killScore value='2700'/>
		<buildingScore value='1900'/>
		<razingScore value='0'/>
		<mineralScore value='7066'/>
		<gasScore value='1232'/>
		<totalScore value='19448'/>
	</player>

	<enemy>
		<race value='Terran'/>
		<unitScore value='8400'/>
		<killScore value='11700'/>
		<buildingScore value='3125'/>
		<razingScore value='5700'/>
		<mineralScore value='10298'/>
		<gasScore value='4104'/>
		<totalScore value='43327'/>
	</enemy>

	<scoreRatio value='0.448866'/>
	<timeFitness value='0.186111'/>
	<unitsAverage value='27'/>
</results>
