<results>
	<result value='loss'/>
	<start value='2015-07-15.01:04:43'/>
	<end value='2015-07-15.01:04:53'/>
	<frames value='17269'/>
	<gameDuration value='1079'/>

	<player>
		<unitScore value='2875'/>
		<killScore value='950'/>
		<buildingScore value='1825'/>
		<razingScore value='0'/>
		<mineralScore value='4706'/>
		<gasScore value='1000'/>
		<totalScore value='11356'/>
	</player>

	<enemy>
		<race value='Terran'/>
		<unitScore value='6100'/>
		<killScore value='4800'/>
		<buildingScore value='2625'/>
		<razingScore value='5475'/>
		<mineralScore value='7890'/>
		<gasScore value='2584'/>
		<totalScore value='29474'/>
	</enemy>

	<scoreRatio value='0.385289'/>
	<timeFitness value='0.149861'/>
	<unitsAverage value='24'/>
</results>
