<results>
	<result value='loss'/>
	<start value='2015-07-15.01:09:14'/>
	<end value='2015-07-15.01:09:24'/>
	<frames value='17703'/>
	<gameDuration value='1106'/>

	<player>
		<unitScore value='4425'/>
		<killScore value='1500'/>
		<buildingScore value='1500'/>
		<razingScore value='0'/>
		<mineralScore value='5210'/>
		<gasScore value='872'/>
		<totalScore value='13507'/>
	</player>

	<enemy>
		<race value='Terran'/>
		<unitScore value='6275'/>
		<killScore value='7850'/>
		<buildingScore value='2650'/>
		<razingScore value='4500'/>
		<mineralScore value='8202'/>
		<gasScore value='2632'/>
		<totalScore value='32109'/>
	</enemy>

	<scoreRatio value='0.420661'/>
	<timeFitness value='0.153611'/>
	<unitsAverage value='25'/>
</results>
