<results>
	<result value='win'/>
	<start value='2015-04-30.17:48:21'/>
	<end value='2015-04-30.17:49:30'/>
	<frames value='44549'/>
	<gameDuration value='2784'/>

	<player>
		<unitScore value='29575'/>
		<killScore value='51100'/>
		<buildingScore value='3325'/>
		<razingScore value='8115'/>
		<mineralScore value='31522'/>
		<gasScore value='4360'/>
		<totalScore value='127997'/>
	</player>

	<enemy>
		<race value='Zerg'/>
		<unitScore value='22975'/>
		<unitScore value='22975'/>
		<killScore value='40150'/>
		<buildingScore value='2705'/>
		<razingScore value='0'/>
		<mineralScore value='19874'/>
		<gasScore value='6658'/>
		<totalScore value='92362'/>
	</enemy>

	<scoreRatio value='1.38582'/>
	<timeFitness value='0.613333'/>
	<unitsAverage value='106'/>
</results>
