<results>
	<result value='win'/>
	<start value='2015-04-11.00:20:05'/>
	<end value='2015-04-11.00:21:39'/>
	<frames value='37543'/>
	<gameDuration value='2346'/>

	<player>
		<unitScore value='29100'/>
		<killScore value='45750'/>
		<buildingScore value='3925'/>
		<razingScore value='20250'/>
		<mineralScore value='32530'/>
		<gasScore value='2984'/>
		<totalScore value='134539'/>
	</player>

	<enemy>
		<race value='Protoss'/>
		<unitScore value='23830'/>
		<unitScore value='23830'/>
		<killScore value='37450'/>
		<buildingScore value='6750'/>
		<razingScore value='0'/>
		<mineralScore value='24838'/>
		<gasScore value='7016'/>
		<totalScore value='99884'/>
	</enemy>

	<scoreRatio value='1.34695'/>
</results>
