<results>
	<result value='win'/>
	<start value='2015-04-29.12:43:14'/>
	<end value='2015-04-29.12:43:43'/>
	<frames value='23438'/>
	<gameDuration value='1464'/>

	<player>
		<unitScore value='12100'/>
		<killScore value='17940'/>
		<buildingScore value='3500'/>
		<razingScore value='5655'/>
		<mineralScore value='18082'/>
		<gasScore value='1504'/>
		<totalScore value='58781'/>
	</player>

	<enemy>
		<race value='Zerg'/>
		<unitScore value='8225'/>
		<unitScore value='8225'/>
		<killScore value='8350'/>
		<buildingScore value='1885'/>
		<razingScore value='0'/>
		<mineralScore value='8554'/>
		<gasScore value='2672'/>
		<totalScore value='29686'/>
	</enemy>

	<scoreRatio value='1.98009'/>
</results>
