<results>
	<result value='win'/>
	<start value='2015-04-29.12:50:55'/>
	<end value='2015-04-29.12:51:36'/>
	<frames value='27096'/>
	<gameDuration value='1693'/>

	<player>
		<unitScore value='17075'/>
		<killScore value='19700'/>
		<buildingScore value='4425'/>
		<razingScore value='6960'/>
		<mineralScore value='25338'/>
		<gasScore value='1592'/>
		<totalScore value='75090'/>
	</player>

	<enemy>
		<race value='Zerg'/>
		<unitScore value='9700'/>
		<unitScore value='9700'/>
		<killScore value='13200'/>
		<buildingScore value='2320'/>
		<razingScore value='0'/>
		<mineralScore value='10322'/>
		<gasScore value='3344'/>
		<totalScore value='38886'/>
	</enemy>

	<scoreRatio value='1.93103'/>
</results>
