<results>
	<result value='win'/>
	<start value='2015-04-29.12:54:25'/>
	<end value='2015-04-29.12:54:57'/>
	<frames value='25639'/>
	<gameDuration value='1602'/>

	<player>
		<unitScore value='13625'/>
		<killScore value='20500'/>
		<buildingScore value='3025'/>
		<razingScore value='6165'/>
		<mineralScore value='17522'/>
		<gasScore value='1512'/>
		<totalScore value='62349'/>
	</player>

	<enemy>
		<race value='Zerg'/>
		<unitScore value='10200'/>
		<unitScore value='10200'/>
		<killScore value='12250'/>
		<buildingScore value='2055'/>
		<razingScore value='0'/>
		<mineralScore value='10962'/>
		<gasScore value='3704'/>
		<totalScore value='39171'/>
	</enemy>

	<scoreRatio value='1.59171'/>
</results>
