<results>
	<result value='win'/>
	<start value='2015-04-29.12:58:52'/>
	<end value='2015-04-29.12:59:34'/>
	<frames value='27158'/>
	<gameDuration value='1697'/>

	<player>
		<unitScore value='16725'/>
		<killScore value='30240'/>
		<buildingScore value='4125'/>
		<razingScore value='6735'/>
		<mineralScore value='25386'/>
		<gasScore value='1888'/>
		<totalScore value='85099'/>
	</player>

	<enemy>
		<race value='Zerg'/>
		<unitScore value='13150'/>
		<unitScore value='13150'/>
		<killScore value='13400'/>
		<buildingScore value='2245'/>
		<razingScore value='0'/>
		<mineralScore value='13138'/>
		<gasScore value='4024'/>
		<totalScore value='45957'/>
	</enemy>

	<scoreRatio value='1.85171'/>
</results>
