<results>
	<result value='win'/>
	<start value='2014-07-11.20:01:32'/>
	<end value='2014-07-11.20:02:00'/>
	<frames value='29111'/>
	<gameDuration value='1819'/>

	<player>
		<unitScore value='20525'/>
		<killScore value='30430'/>
		<buildingScore value='3625'/>
		<razingScore value='6270'/>
		<mineralScore value='30610'/>
		<gasScore value='2232'/>
		<totalScore value='93692'/>
	</player>

	<enemy>
		<race value='Zerg'/>
		<unitScore value='15150'/>
		<unitScore value='15150'/>
		<killScore value='19650'/>
		<buildingScore value='2090'/>
		<razingScore value='150'/>
		<mineralScore value='12994'/>
		<gasScore value='5104'/>
		<totalScore value='55138'/>
	</enemy>

	<scoreRatio value='1.69923'/>
</results>
