<results>
	<result value='win'/>
	<start value='2014-07-11.20:09:12'/>
	<end value='2014-07-11.20:09:37'/>
	<frames value='27189'/>
	<gameDuration value='1699'/>

	<player>
		<unitScore value='15875'/>
		<killScore value='27860'/>
		<buildingScore value='3925'/>
		<razingScore value='6510'/>
		<mineralScore value='27626'/>
		<gasScore value='2584'/>
		<totalScore value='84380'/>
	</player>

	<enemy>
		<race value='Zerg'/>
		<unitScore value='12500'/>
		<unitScore value='12500'/>
		<killScore value='11950'/>
		<buildingScore value='2170'/>
		<razingScore value='1350'/>
		<mineralScore value='12218'/>
		<gasScore value='3448'/>
		<totalScore value='43636'/>
	</enemy>

	<scoreRatio value='1.93372'/>
</results>
