<results>
	<result value='loss'/>
	<start value='2015-07-08.20:25:45'/>
	<end value='2015-07-08.20:26:46'/>
	<frames value='49075'/>
	<gameDuration value='3067'/>

	<player>
		<unitScore value='23175'/>
		<killScore value='11000'/>
		<buildingScore value='3800'/>
		<razingScore value='825'/>
		<mineralScore value='21270'/>
		<gasScore value='4592'/>
		<totalScore value='64662'/>
	</player>

	<enemy>
		<race value='Terran'/>
		<unitScore value='19150'/>
		<killScore value='46350'/>
		<buildingScore value='4550'/>
		<razingScore value='11550'/>
		<mineralScore value='17762'/>
		<gasScore value='10102'/>
		<totalScore value='109464'/>
	</enemy>

	<scoreRatio value='0.590715'/>
	<timeFitness value='0.425972'/>
	<unitsAverage value='44'/>
</results>
