<results>
	<result value='win'/>
	<start value='2015-05-11.07:17:37'/>
	<end value='2015-05-11.07:18:08'/>
	<frames value='24461'/>
	<gameDuration value='1528'/>

	<player>
		<unitScore value='14175'/>
		<killScore value='17160'/>
		<buildingScore value='3650'/>
		<razingScore value='4560'/>
		<mineralScore value='20614'/>
		<gasScore value='1448'/>
		<totalScore value='61607'/>
	</player>

	<enemy>
		<race value='Zerg'/>
		<unitScore value='8425'/>
		<unitScore value='8425'/>
		<killScore value='9450'/>
		<buildingScore value='1520'/>
		<razingScore value='0'/>
		<mineralScore value='8506'/>
		<gasScore value='2456'/>
		<totalScore value='30357'/>
	</enemy>

	<scoreRatio value='2.02942'/>
	<timeFitness value='0.787778'/>
	<unitsAverage value='81'/>
</results>
