<results>
	<result value='loss'/>
	<start value='2015-04-27.16:50:09'/>
	<end value='2015-04-27.16:50:54'/>
	<frames value='47959'/>
	<gameDuration value='2997'/>

	<player>
		<unitScore value='13725'/>
		<killScore value='20800'/>
		<buildingScore value='2975'/>
		<razingScore value='375'/>
		<mineralScore value='16530'/>
		<gasScore value='3264'/>
		<totalScore value='57669'/>
	</player>

	<enemy>
		<race value='Terran'/>
		<unitScore value='25525'/>
		<unitScore value='25525'/>
		<killScore value='27450'/>
		<buildingScore value='5125'/>
		<razingScore value='8925'/>
		<mineralScore value='27298'/>
		<gasScore value='11296'/>
		<totalScore value='105619'/>
	</enemy>

	<scoreRatio value='0.54601'/>
</results>
