<results>
	<result value='win'/>
	<start value='2015-04-27.16:55:10'/>
	<end value='2015-04-27.16:55:49'/>
	<frames value='30971'/>
	<gameDuration value='1935'/>

	<player>
		<unitScore value='14250'/>
		<killScore value='25850'/>
		<buildingScore value='4075'/>
		<razingScore value='7950'/>
		<mineralScore value='22058'/>
		<gasScore value='2680'/>
		<totalScore value='76863'/>
	</player>

	<enemy>
		<race value='Terran'/>
		<unitScore value='12925'/>
		<unitScore value='12925'/>
		<killScore value='9350'/>
		<buildingScore value='2650'/>
		<razingScore value='1950'/>
		<mineralScore value='12034'/>
		<gasScore value='4640'/>
		<totalScore value='43549'/>
	</enemy>

	<scoreRatio value='1.76498'/>
</results>
