<results>
	<result value='loss'/>
	<start value='2015-07-11.15:18:09'/>
	<end value='2015-07-11.15:18:25'/>
	<frames value='23314'/>
	<gameDuration value='1457'/>

	<player>
		<unitScore value='8450'/>
		<killScore value='3100'/>
		<buildingScore value='2175'/>
		<razingScore value='0'/>
		<mineralScore value='7706'/>
		<gasScore value='1920'/>
		<totalScore value='23351'/>
	</player>

	<enemy>
		<race value='Terran'/>
		<unitScore value='8425'/>
		<killScore value='13950'/>
		<buildingScore value='3400'/>
		<razingScore value='6525'/>
		<mineralScore value='11370'/>
		<gasScore value='4264'/>
		<totalScore value='47934'/>
	</enemy>

	<scoreRatio value='0.487149'/>
	<timeFitness value='0.202361'/>
	<unitsAverage value='34'/>
</results>
