<results>
	<result value='loss'/>
	<start value='2015-07-11.15:28:32'/>
	<end value='2015-07-11.15:28:44'/>
	<frames value='18447'/>
	<gameDuration value='1152'/>

	<player>
		<unitScore value='4150'/>
		<killScore value='1000'/>
		<buildingScore value='1875'/>
		<razingScore value='0'/>
		<mineralScore value='5322'/>
		<gasScore value='736'/>
		<totalScore value='13083'/>
	</player>

	<enemy>
		<race value='Terran'/>
		<unitScore value='6500'/>
		<killScore value='8300'/>
		<buildingScore value='2850'/>
		<razingScore value='5625'/>
		<mineralScore value='8322'/>
		<gasScore value='3080'/>
		<totalScore value='34677'/>
	</enemy>

	<scoreRatio value='0.377282'/>
	<timeFitness value='0.16'/>
	<unitsAverage value='21'/>
</results>
