<results>
	<result value='loss'/>
	<start value='2015-07-11.15:28:52'/>
	<end value='2015-07-11.15:29:04'/>
	<frames value='18664'/>
	<gameDuration value='1166'/>

	<player>
		<unitScore value='3650'/>
		<killScore value='1800'/>
		<buildingScore value='1425'/>
		<razingScore value='0'/>
		<mineralScore value='4186'/>
		<gasScore value='424'/>
		<totalScore value='11485'/>
	</player>

	<enemy>
		<race value='Terran'/>
		<unitScore value='6925'/>
		<killScore value='7300'/>
		<buildingScore value='2800'/>
		<razingScore value='4275'/>
		<mineralScore value='8514'/>
		<gasScore value='2984'/>
		<totalScore value='32798'/>
	</enemy>

	<scoreRatio value='0.350174'/>
	<timeFitness value='0.161944'/>
	<unitsAverage value='18'/>
</results>
