<results>
	<result value='win'/>
	<start value='2015-05-08.21:28:11'/>
	<end value='2015-05-08.21:28:36'/>
	<frames value='22353'/>
	<gameDuration value='1397'/>

	<player>
		<unitScore value='11400'/>
		<killScore value='20295'/>
		<buildingScore value='3025'/>
		<razingScore value='4560'/>
		<mineralScore value='15562'/>
		<gasScore value='1136'/>
		<totalScore value='55978'/>
	</player>

	<enemy>
		<race value='Zerg'/>
		<unitScore value='9150'/>
		<unitScore value='9150'/>
		<killScore value='9150'/>
		<buildingScore value='1520'/>
		<razingScore value='0'/>
		<mineralScore value='7978'/>
		<gasScore value='2360'/>
		<totalScore value='30158'/>
	</enemy>

	<scoreRatio value='1.85616'/>
	<timeFitness value='0.805972'/>
	<unitsAverage value='67'/>
</results>
