<results>
	<result value='win'/>
	<start value='2015-05-08.22:09:58'/>
	<end value='2015-05-08.22:10:22'/>
	<frames value='22973'/>
	<gameDuration value='1435'/>

	<player>
		<unitScore value='11350'/>
		<killScore value='21240'/>
		<buildingScore value='2375'/>
		<razingScore value='4800'/>
		<mineralScore value='14734'/>
		<gasScore value='1968'/>
		<totalScore value='56467'/>
	</player>

	<enemy>
		<race value='Zerg'/>
		<unitScore value='9650'/>
		<unitScore value='9650'/>
		<killScore value='10100'/>
		<buildingScore value='1600'/>
		<razingScore value='0'/>
		<mineralScore value='9002'/>
		<gasScore value='2568'/>
		<totalScore value='32920'/>
	</enemy>

	<scoreRatio value='1.71528'/>
	<timeFitness value='0.800694'/>
	<unitsAverage value='59'/>
</results>
