<results>
	<result value='win'/>
	<start value='2015-04-13.10:28:25'/>
	<end value='2015-04-13.10:29:38'/>
	<frames value='35311'/>
	<gameDuration value='2206'/>

	<player>
		<unitScore value='19925'/>
		<killScore value='22900'/>
		<buildingScore value='3950'/>
		<razingScore value='17775'/>
		<mineralScore value='31122'/>
		<gasScore value='2944'/>
		<totalScore value='98616'/>
	</player>

	<enemy>
		<race value='Protoss'/>
		<unitScore value='11800'/>
		<unitScore value='11800'/>
		<killScore value='17300'/>
		<buildingScore value='5925'/>
		<razingScore value='0'/>
		<mineralScore value='16334'/>
		<gasScore value='4584'/>
		<totalScore value='55943'/>
	</enemy>

	<scoreRatio value='1.76279'/>
</results>
