<results>
	<result value='win'/>
	<start value='2014-07-23.20:16:42'/>
	<end value='2014-07-23.20:17:23'/>
	<frames value='38690'/>
	<gameDuration value='2418'/>

	<player>
		<unitScore value='21925'/>
		<killScore value='30250'/>
		<buildingScore value='2850'/>
		<razingScore value='20250'/>
		<mineralScore value='24082'/>
		<gasScore value='4416'/>
		<totalScore value='103773'/>
	</player>

	<enemy>
		<race value='Protoss'/>
		<unitScore value='16325'/>
		<unitScore value='16325'/>
		<killScore value='25600'/>
		<buildingScore value='6750'/>
		<razingScore value='150'/>
		<mineralScore value='23298'/>
		<gasScore value='6488'/>
		<totalScore value='78611'/>
	</enemy>

	<scoreRatio value='1.32008'/>
</results>
