<results>
	<result value='win'/>
	<start value='2015-04-29.15:34:15'/>
	<end value='2015-04-29.15:34:33'/>
	<frames value='25360'/>
	<gameDuration value='1585'/>

	<player>
		<unitScore value='9875'/>
		<killScore value='20935'/>
		<buildingScore value='1975'/>
		<razingScore value='5970'/>
		<mineralScore value='19646'/>
		<gasScore value='2456'/>
		<totalScore value='60857'/>
	</player>

	<enemy>
		<race value='Zerg'/>
		<unitScore value='9775'/>
		<unitScore value='9775'/>
		<killScore value='7800'/>
		<buildingScore value='1990'/>
		<razingScore value='0'/>
		<mineralScore value='9546'/>
		<gasScore value='3056'/>
		<totalScore value='32167'/>
	</enemy>

	<scoreRatio value='1.89191'/>
</results>
