<results>
	<result value='win'/>
	<start value='2015-04-29.15:41:09'/>
	<end value='2015-04-29.15:41:28'/>
	<frames value='22167'/>
	<gameDuration value='1385'/>

	<player>
		<unitScore value='12850'/>
		<killScore value='17130'/>
		<buildingScore value='3875'/>
		<razingScore value='4680'/>
		<mineralScore value='18498'/>
		<gasScore value='1224'/>
		<totalScore value='58257'/>
	</player>

	<enemy>
		<race value='Zerg'/>
		<unitScore value='8525'/>
		<unitScore value='8525'/>
		<killScore value='7450'/>
		<buildingScore value='1560'/>
		<razingScore value='0'/>
		<mineralScore value='8466'/>
		<gasScore value='2704'/>
		<totalScore value='28705'/>
	</enemy>

	<scoreRatio value='2.02951'/>
</results>
