<results>
	<result value='win'/>
	<start value='2015-04-29.15:43:44'/>
	<end value='2015-04-29.15:44:01'/>
	<frames value='20524'/>
	<gameDuration value='1282'/>

	<player>
		<unitScore value='10800'/>
		<killScore value='17890'/>
		<buildingScore value='2850'/>
		<razingScore value='4560'/>
		<mineralScore value='16006'/>
		<gasScore value='1352'/>
		<totalScore value='53458'/>
	</player>

	<enemy>
		<race value='Zerg'/>
		<unitScore value='8175'/>
		<unitScore value='8175'/>
		<killScore value='7350'/>
		<buildingScore value='1520'/>
		<razingScore value='0'/>
		<mineralScore value='7810'/>
		<gasScore value='2056'/>
		<totalScore value='26911'/>
	</enemy>

	<scoreRatio value='1.98647'/>
</results>
