<results>
	<result value='loss'/>
	<start value='2015-05-03.03:05:36'/>
	<end value='2015-05-03.03:06:27'/>
	<frames value='51555'/>
	<gameDuration value='3222'/>

	<player>
		<unitScore value='24150'/>
		<killScore value='54550'/>
		<buildingScore value='2075'/>
		<razingScore value='1800'/>
		<mineralScore value='24010'/>
		<gasScore value='5124'/>
		<totalScore value='111709'/>
	</player>

	<enemy>
		<race value='Protoss'/>
		<unitScore value='45850'/>
		<unitScore value='45850'/>
		<killScore value='48300'/>
		<buildingScore value='7675'/>
		<razingScore value='6225'/>
		<mineralScore value='35842'/>
		<gasScore value='13364'/>
		<totalScore value='157256'/>
	</enemy>

	<scoreRatio value='0.710364'/>
	<timeFitness value='0.4475'/>
	<unitsAverage value='82'/>
</results>
