<results>
	<result value='win'/>
	<start value='2015-05-03.03:11:06'/>
	<end value='2015-05-03.03:12:55'/>
	<frames value='45107'/>
	<gameDuration value='2819'/>

	<player>
		<unitScore value='29925'/>
		<killScore value='53650'/>
		<buildingScore value='3725'/>
		<razingScore value='20700'/>
		<mineralScore value='33542'/>
		<gasScore value='5680'/>
		<totalScore value='147222'/>
	</player>

	<enemy>
		<race value='Protoss'/>
		<unitScore value='27975'/>
		<unitScore value='27975'/>
		<killScore value='38800'/>
		<buildingScore value='6900'/>
		<razingScore value='0'/>
		<mineralScore value='25562'/>
		<gasScore value='7546'/>
		<totalScore value='106783'/>
	</enemy>

	<scoreRatio value='1.3787'/>
	<timeFitness value='0.608472'/>
	<unitsAverage value='131'/>
</results>
