<results>
	<result value='win'/>
	<start value='2015-04-26.13:34:39'/>
	<end value='2015-04-26.13:35:06'/>
	<frames value='32490'/>
	<gameDuration value='2030'/>

	<player>
		<unitScore value='13025'/>
		<killScore value='25200'/>
		<buildingScore value='4600'/>
		<razingScore value='8700'/>
		<mineralScore value='23958'/>
		<gasScore value='4816'/>
		<totalScore value='80299'/>
	</player>

	<enemy>
		<race value='Terran'/>
		<unitScore value='13400'/>
		<unitScore value='13400'/>
		<killScore value='10450'/>
		<buildingScore value='2900'/>
		<razingScore value='3450'/>
		<mineralScore value='12050'/>
		<gasScore value='4986'/>
		<totalScore value='47236'/>
	</enemy>

	<scoreRatio value='1.69995'/>
</results>
