<results>
	<result value='loss'/>
	<start value='2015-07-15.06:16:03'/>
	<end value='2015-07-15.06:16:19'/>
	<frames value='19191'/>
	<gameDuration value='1199'/>

	<player>
		<unitScore value='6450'/>
		<killScore value='2300'/>
		<buildingScore value='2775'/>
		<razingScore value='0'/>
		<mineralScore value='9554'/>
		<gasScore value='992'/>
		<totalScore value='22071'/>
	</player>

	<enemy>
		<race value='Terran'/>
		<unitScore value='7775'/>
		<killScore value='10150'/>
		<buildingScore value='2900'/>
		<razingScore value='8325'/>
		<mineralScore value='8826'/>
		<gasScore value='3328'/>
		<totalScore value='41304'/>
	</enemy>

	<scoreRatio value='0.534355'/>
	<timeFitness value='0.166528'/>
	<unitsAverage value='43'/>
</results>
