<results>
	<result value='loss'/>
	<start value='2015-05-22.02:10:52'/>
	<end value='2015-05-22.02:10:59'/>
	<frames value='14975'/>
	<gameDuration value='935'/>

	<player>
		<unitScore value='2825'/>
		<killScore value='1000'/>
		<buildingScore value='1425'/>
		<razingScore value='0'/>
		<mineralScore value='4266'/>
		<gasScore value='688'/>
		<totalScore value='10204'/>
	</player>

	<enemy>
		<race value='Protoss'/>
		<unitScore value='3550'/>
		<killScore value='5650'/>
		<buildingScore value='2675'/>
		<razingScore value='4275'/>
		<mineralScore value='7842'/>
		<gasScore value='1368'/>
		<totalScore value='25360'/>
	</enemy>

	<scoreRatio value='0.402366'/>
	<timeFitness value='0.129861'/>
	<unitsAverage value='20'/>
</results>
