<results>
	<result value='loss'/>
	<start value='2015-05-22.02:11:51'/>
	<end value='2015-05-22.02:12:00'/>
	<frames value='18013'/>
	<gameDuration value='1125'/>

	<player>
		<unitScore value='3150'/>
		<killScore value='1000'/>
		<buildingScore value='1975'/>
		<razingScore value='0'/>
		<mineralScore value='5130'/>
		<gasScore value='776'/>
		<totalScore value='12031'/>
	</player>

	<enemy>
		<race value='Protoss'/>
		<unitScore value='4475'/>
		<killScore value='6550'/>
		<buildingScore value='4175'/>
		<razingScore value='5925'/>
		<mineralScore value='9810'/>
		<gasScore value='1888'/>
		<totalScore value='32823'/>
	</enemy>

	<scoreRatio value='0.366542'/>
	<timeFitness value='0.15625'/>
	<unitsAverage value='22'/>
</results>
