<results>
	<result value='loss'/>
	<start value='2015-05-22.05:19:11'/>
	<end value='2015-05-22.05:19:38'/>
	<frames value='38194'/>
	<gameDuration value='2387'/>

	<player>
		<unitScore value='14550'/>
		<killScore value='14300'/>
		<buildingScore value='2950'/>
		<razingScore value='900'/>
		<mineralScore value='16970'/>
		<gasScore value='2592'/>
		<totalScore value='52262'/>
	</player>

	<enemy>
		<race value='Protoss'/>
		<unitScore value='24800'/>
		<killScore value='29100'/>
		<buildingScore value='7375'/>
		<razingScore value='8850'/>
		<mineralScore value='26130'/>
		<gasScore value='9792'/>
		<totalScore value='106047'/>
	</enemy>

	<scoreRatio value='0.492819'/>
	<timeFitness value='0.331528'/>
	<unitsAverage value='48'/>
</results>
