<results>
	<result value='loss'/>
	<start value='2015-07-09.00:31:20'/>
	<end value='2015-07-09.00:31:45'/>
	<frames value='22291'/>
	<gameDuration value='1393'/>

	<player>
		<unitScore value='10300'/>
		<killScore value='3000'/>
		<buildingScore value='2125'/>
		<razingScore value='0'/>
		<mineralScore value='10842'/>
		<gasScore value='1544'/>
		<totalScore value='27811'/>
	</player>

	<enemy>
		<race value='Terran'/>
		<unitScore value='8100'/>
		<killScore value='18500'/>
		<buildingScore value='2875'/>
		<razingScore value='6375'/>
		<mineralScore value='11826'/>
		<gasScore value='3640'/>
		<totalScore value='51316'/>
	</enemy>

	<scoreRatio value='0.541956'/>
	<timeFitness value='0.193472'/>
	<unitsAverage value='38'/>
</results>
