<results>
	<result value='win'/>
	<start value='2015-07-09.07:30:23'/>
	<end value='2015-07-09.07:31:12'/>
	<frames value='30041'/>
	<gameDuration value='1877'/>

	<player>
		<unitScore value='20000'/>
		<killScore value='17800'/>
		<buildingScore value='4225'/>
		<razingScore value='5250'/>
		<mineralScore value='21594'/>
		<gasScore value='2888'/>
		<totalScore value='71757'/>
	</player>

	<enemy>
		<race value='Terran'/>
		<unitScore value='8900'/>
		<killScore value='21950'/>
		<buildingScore value='1750'/>
		<razingScore value='4350'/>
		<mineralScore value='8610'/>
		<gasScore value='2712'/>
		<totalScore value='48272'/>
	</enemy>

	<scoreRatio value='1.48651'/>
	<timeFitness value='0.739306'/>
	<unitsAverage value='81'/>
</results>
