<results>
	<result value='loss'/>
	<start value='2015-05-10.05:52:22'/>
	<end value='2015-05-10.05:52:31'/>
	<frames value='16866'/>
	<gameDuration value='1054'/>

	<player>
		<unitScore value='3825'/>
		<killScore value='500'/>
		<buildingScore value='1475'/>
		<razingScore value='0'/>
		<mineralScore value='5426'/>
		<gasScore value='976'/>
		<totalScore value='12202'/>
	</player>

	<enemy>
		<race value='Terran'/>
		<unitScore value='5600'/>
		<unitScore value='5600'/>
		<killScore value='7650'/>
		<buildingScore value='1800'/>
		<razingScore value='4425'/>
		<mineralScore value='7818'/>
		<gasScore value='2504'/>
		<totalScore value='29797'/>
	</enemy>

	<scoreRatio value='0.409504'/>
	<timeFitness value='0.146389'/>
	<unitsAverage value='25'/>
</results>
