<results>
	<result value='win'/>
	<start value='2015-05-10.05:53:12'/>
	<end value='2015-05-10.05:53:39'/>
	<frames value='35776'/>
	<gameDuration value='2236'/>

	<player>
		<unitScore value='14425'/>
		<killScore value='22700'/>
		<buildingScore value='4050'/>
		<razingScore value='13125'/>
		<mineralScore value='17986'/>
		<gasScore value='2424'/>
		<totalScore value='74710'/>
	</player>

	<enemy>
		<race value='Terran'/>
		<unitScore value='11350'/>
		<unitScore value='11350'/>
		<killScore value='11750'/>
		<buildingScore value='4375'/>
		<razingScore value='3450'/>
		<mineralScore value='12794'/>
		<gasScore value='5584'/>
		<totalScore value='49303'/>
	</enemy>

	<scoreRatio value='1.51532'/>
	<timeFitness value='0.689444'/>
	<unitsAverage value='63'/>
</results>
