<results>
	<result value='loss'/>
	<start value='2015-04-11.16:39:40'/>
	<end value='2015-04-11.16:40:03'/>
	<frames value='27964'/>
	<gameDuration value='1747'/>

	<player>
		<unitScore value='2600'/>
		<killScore value='2700'/>
		<buildingScore value='1575'/>
		<razingScore value='0'/>
		<mineralScore value='4258'/>
		<gasScore value='760'/>
		<totalScore value='11893'/>
	</player>

	<enemy>
		<race value='Protoss'/>
		<unitScore value='12750'/>
		<unitScore value='12750'/>
		<killScore value='5200'/>
		<buildingScore value='6875'/>
		<razingScore value='4725'/>
		<mineralScore value='17138'/>
		<gasScore value='6384'/>
		<totalScore value='53072'/>
	</enemy>

	<scoreRatio value='0.224092'/>
</results>
