<results>
	<result value='win'/>
	<start value='2015-04-26.05:08:10'/>
	<end value='2015-04-26.05:08:22'/>
	<frames value='22136'/>
	<gameDuration value='1383'/>

	<player>
		<unitScore value='6175'/>
		<killScore value='10850'/>
		<buildingScore value='2450'/>
		<razingScore value='5250'/>
		<mineralScore value='8682'/>
		<gasScore value='1368'/>
		<totalScore value='34775'/>
	</player>

	<enemy>
		<race value='Terran'/>
		<unitScore value='5425'/>
		<unitScore value='5425'/>
		<killScore value='9450'/>
		<buildingScore value='1750'/>
		<razingScore value='3225'/>
		<mineralScore value='8090'/>
		<gasScore value='2552'/>
		<totalScore value='30492'/>
	</enemy>

	<scoreRatio value='1.14046'/>
</results>
