<results>
	<result value='loss'/>
	<start value='2015-04-26.05:12:18'/>
	<end value='2015-04-26.05:12:52'/>
	<frames value='48331'/>
	<gameDuration value='3020'/>

	<player>
		<unitScore value='20550'/>
		<killScore value='14950'/>
		<buildingScore value='3150'/>
		<razingScore value='0'/>
		<mineralScore value='23294'/>
		<gasScore value='3312'/>
		<totalScore value='65256'/>
	</player>

	<enemy>
		<race value='Terran'/>
		<unitScore value='32250'/>
		<unitScore value='32250'/>
		<killScore value='41100'/>
		<buildingScore value='6125'/>
		<razingScore value='9450'/>
		<mineralScore value='25182'/>
		<gasScore value='15728'/>
		<totalScore value='129835'/>
	</enemy>

	<scoreRatio value='0.502607'/>
</results>
