<results>
	<result value='win'/>
	<start value='2015-04-26.05:12:55'/>
	<end value='2015-04-26.05:13:28'/>
	<frames value='31250'/>
	<gameDuration value='1953'/>

	<player>
		<unitScore value='18800'/>
		<killScore value='30400'/>
		<buildingScore value='5100'/>
		<razingScore value='10350'/>
		<mineralScore value='27282'/>
		<gasScore value='2608'/>
		<totalScore value='94540'/>
	</player>

	<enemy>
		<race value='Terran'/>
		<unitScore value='17200'/>
		<unitScore value='17200'/>
		<killScore value='15050'/>
		<buildingScore value='3450'/>
		<razingScore value='3150'/>
		<mineralScore value='14962'/>
		<gasScore value='6504'/>
		<totalScore value='60316'/>
	</enemy>

	<scoreRatio value='1.56741'/>
</results>
