<results>
	<result value='win'/>
	<start value='2015-04-26.05:21:23'/>
	<end value='2015-04-26.05:21:41'/>
	<frames value='22632'/>
	<gameDuration value='1414'/>

	<player>
		<unitScore value='10000'/>
		<killScore value='15500'/>
		<buildingScore value='2950'/>
		<razingScore value='6375'/>
		<mineralScore value='14926'/>
		<gasScore value='1992'/>
		<totalScore value='51743'/>
	</player>

	<enemy>
		<race value='Terran'/>
		<unitScore value='7750'/>
		<unitScore value='7750'/>
		<killScore value='4500'/>
		<buildingScore value='2125'/>
		<razingScore value='150'/>
		<mineralScore value='8106'/>
		<gasScore value='2336'/>
		<totalScore value='24967'/>
	</enemy>

	<scoreRatio value='2.07246'/>
</results>
