<results>
	<result value='win'/>
	<start value='2015-04-26.05:22:10'/>
	<end value='2015-04-26.05:22:23'/>
	<frames value='19749'/>
	<gameDuration value='1234'/>

	<player>
		<unitScore value='6400'/>
		<killScore value='12350'/>
		<buildingScore value='2225'/>
		<razingScore value='6450'/>
		<mineralScore value='9426'/>
		<gasScore value='1448'/>
		<totalScore value='38299'/>
	</player>

	<enemy>
		<race value='Terran'/>
		<unitScore value='6225'/>
		<unitScore value='6225'/>
		<killScore value='4200'/>
		<buildingScore value='2150'/>
		<razingScore value='2550'/>
		<mineralScore value='7746'/>
		<gasScore value='2392'/>
		<totalScore value='25263'/>
	</enemy>

	<scoreRatio value='1.51601'/>
</results>
