<results>
	<result value='win'/>
	<start value='2015-04-26.05:26:27'/>
	<end value='2015-04-26.05:26:42'/>
	<frames value='20369'/>
	<gameDuration value='1273'/>

	<player>
		<unitScore value='7600'/>
		<killScore value='11750'/>
		<buildingScore value='3125'/>
		<razingScore value='4350'/>
		<mineralScore value='13294'/>
		<gasScore value='2112'/>
		<totalScore value='42231'/>
	</player>

	<enemy>
		<race value='Terran'/>
		<unitScore value='5875'/>
		<unitScore value='5875'/>
		<killScore value='2700'/>
		<buildingScore value='1450'/>
		<razingScore value='0'/>
		<mineralScore value='6786'/>
		<gasScore value='1872'/>
		<totalScore value='18683'/>
	</enemy>

	<scoreRatio value='2.2604'/>
</results>
