<results>
	<result value='loss'/>
	<start value='2015-04-26.05:33:02'/>
	<end value='2015-04-26.05:33:15'/>
	<frames value='20865'/>
	<gameDuration value='1304'/>

	<player>
		<unitScore value='6275'/>
		<killScore value='3800'/>
		<buildingScore value='2125'/>
		<razingScore value='0'/>
		<mineralScore value='8746'/>
		<gasScore value='1160'/>
		<totalScore value='22106'/>
	</player>

	<enemy>
		<race value='Terran'/>
		<unitScore value='8025'/>
		<unitScore value='8025'/>
		<killScore value='12550'/>
		<buildingScore value='2925'/>
		<razingScore value='6375'/>
		<mineralScore value='10098'/>
		<gasScore value='3968'/>
		<totalScore value='43941'/>
	</enemy>

	<scoreRatio value='0.503084'/>
</results>
