<results>
	<result value='win'/>
	<start value='2015-04-26.05:41:03'/>
	<end value='2015-04-26.05:41:46'/>
	<frames value='38783'/>
	<gameDuration value='2423'/>

	<player>
		<unitScore value='25125'/>
		<killScore value='26250'/>
		<buildingScore value='5250'/>
		<razingScore value='10275'/>
		<mineralScore value='32874'/>
		<gasScore value='3576'/>
		<totalScore value='103350'/>
	</player>

	<enemy>
		<race value='Terran'/>
		<unitScore value='13125'/>
		<unitScore value='13125'/>
		<killScore value='26200'/>
		<buildingScore value='3425'/>
		<razingScore value='2475'/>
		<mineralScore value='12050'/>
		<gasScore value='5422'/>
		<totalScore value='62697'/>
	</enemy>

	<scoreRatio value='1.6484'/>
</results>
