<results>
	<result value='loss'/>
	<start value='2015-04-26.05:42:55'/>
	<end value='2015-04-26.05:43:07'/>
	<frames value='21485'/>
	<gameDuration value='1342'/>

	<player>
		<unitScore value='4775'/>
		<killScore value='4650'/>
		<buildingScore value='2100'/>
		<razingScore value='0'/>
		<mineralScore value='7050'/>
		<gasScore value='1104'/>
		<totalScore value='19679'/>
	</player>

	<enemy>
		<race value='Terran'/>
		<unitScore value='8475'/>
		<unitScore value='8475'/>
		<killScore value='9550'/>
		<buildingScore value='3225'/>
		<razingScore value='6300'/>
		<mineralScore value='10322'/>
		<gasScore value='4416'/>
		<totalScore value='42288'/>
	</enemy>

	<scoreRatio value='0.465357'/>
</results>
