<results>
	<result value='loss'/>
	<start value='2015-07-07.15:34:11'/>
	<end value='2015-07-07.15:34:34'/>
	<frames value='19811'/>
	<gameDuration value='1238'/>

	<player>
		<unitScore value='7950'/>
		<killScore value='3050'/>
		<buildingScore value='1125'/>
		<razingScore value='0'/>
		<mineralScore value='8914'/>
		<gasScore value='1160'/>
		<totalScore value='22199'/>
	</player>

	<enemy>
		<race value='Terran'/>
		<unitScore value='7975'/>
		<killScore value='14000'/>
		<buildingScore value='2850'/>
		<razingScore value='3375'/>
		<mineralScore value='9362'/>
		<gasScore value='3544'/>
		<totalScore value='41106'/>
	</enemy>

	<scoreRatio value='0.540043'/>
	<timeFitness value='0.171944'/>
	<unitsAverage value='39'/>
</results>
