<results>
	<result value='loss'/>
	<start value='2015-07-07.15:36:57'/>
	<end value='2015-07-07.15:37:21'/>
	<frames value='20865'/>
	<gameDuration value='1304'/>

	<player>
		<unitScore value='7975'/>
		<killScore value='3350'/>
		<buildingScore value='1375'/>
		<razingScore value='0'/>
		<mineralScore value='10074'/>
		<gasScore value='1272'/>
		<totalScore value='24046'/>
	</player>

	<enemy>
		<race value='Terran'/>
		<unitScore value='8100'/>
		<killScore value='14900'/>
		<buildingScore value='2925'/>
		<razingScore value='4125'/>
		<mineralScore value='9946'/>
		<gasScore value='3912'/>
		<totalScore value='43908'/>
	</enemy>

	<scoreRatio value='0.547645'/>
	<timeFitness value='0.181111'/>
	<unitsAverage value='38'/>
</results>
