<results>
	<result value='loss'/>
	<start value='2015-07-07.15:43:33'/>
	<end value='2015-07-07.15:43:54'/>
	<frames value='19904'/>
	<gameDuration value='1244'/>

	<player>
		<unitScore value='7675'/>
		<killScore value='4000'/>
		<buildingScore value='1375'/>
		<razingScore value='150'/>
		<mineralScore value='7450'/>
		<gasScore value='1168'/>
		<totalScore value='21818'/>
	</player>

	<enemy>
		<race value='Terran'/>
		<unitScore value='6650'/>
		<killScore value='14600'/>
		<buildingScore value='2800'/>
		<razingScore value='4125'/>
		<mineralScore value='9226'/>
		<gasScore value='3488'/>
		<totalScore value='40889'/>
	</enemy>

	<scoreRatio value='0.533591'/>
	<timeFitness value='0.172778'/>
	<unitsAverage value='31'/>
</results>
