<results>
	<result value='loss'/>
	<start value='2015-07-07.15:49:02'/>
	<end value='2015-07-07.15:49:26'/>
	<frames value='22260'/>
	<gameDuration value='1391'/>

	<player>
		<unitScore value='8450'/>
		<killScore value='4200'/>
		<buildingScore value='1350'/>
		<razingScore value='0'/>
		<mineralScore value='7442'/>
		<gasScore value='1376'/>
		<totalScore value='22818'/>
	</player>

	<enemy>
		<race value='Terran'/>
		<unitScore value='8575'/>
		<killScore value='16900'/>
		<buildingScore value='3300'/>
		<razingScore value='4050'/>
		<mineralScore value='10786'/>
		<gasScore value='4272'/>
		<totalScore value='47883'/>
	</enemy>

	<scoreRatio value='0.476537'/>
	<timeFitness value='0.193194'/>
	<unitsAverage value='31'/>
</results>
