<results>
	<result value='loss'/>
	<start value='2015-07-18.03:49:53'/>
	<end value='2015-07-18.03:50:26'/>
	<frames value='26445'/>
	<gameDuration value='1652'/>

	<player>
		<unitScore value='10000'/>
		<killScore value='5000'/>
		<buildingScore value='2750'/>
		<razingScore value='0'/>
		<mineralScore value='12482'/>
		<gasScore value='1584'/>
		<totalScore value='31816'/>
	</player>

	<enemy>
		<race value='Terran'/>
		<unitScore value='10900'/>
		<killScore value='16750'/>
		<buildingScore value='3675'/>
		<razingScore value='8400'/>
		<mineralScore value='13362'/>
		<gasScore value='5776'/>
		<totalScore value='58863'/>
	</enemy>

	<scoreRatio value='0.540509'/>
	<timeFitness value='0.229444'/>
	<unitsAverage value='45'/>
</results>
