<results>
	<result value='win'/>
	<start value='2015-04-29.17:47:39'/>
	<end value='2015-04-29.17:48:12'/>
	<frames value='35900'/>
	<gameDuration value='2243'/>

	<player>
		<unitScore value='14975'/>
		<killScore value='29550'/>
		<buildingScore value='3625'/>
		<razingScore value='13125'/>
		<mineralScore value='26938'/>
		<gasScore value='2848'/>
		<totalScore value='91061'/>
	</player>

	<enemy>
		<race value='Terran'/>
		<unitScore value='16200'/>
		<unitScore value='16200'/>
		<killScore value='14450'/>
		<buildingScore value='4375'/>
		<razingScore value='1800'/>
		<mineralScore value='15274'/>
		<gasScore value='6368'/>
		<totalScore value='58467'/>
	</enemy>

	<scoreRatio value='1.55748'/>
	<timeFitness value='0.688472'/>
	<unitsAverage value='72'/>
</results>
