<results>
	<result value='win'/>
	<start value='2015-04-29.17:50:24'/>
	<end value='2015-04-29.17:50:49'/>
	<frames value='23345'/>
	<gameDuration value='1459'/>

	<player>
		<unitScore value='12750'/>
		<killScore value='17050'/>
		<buildingScore value='3975'/>
		<razingScore value='5100'/>
		<mineralScore value='21746'/>
		<gasScore value='2040'/>
		<totalScore value='62661'/>
	</player>

	<enemy>
		<race value='Terran'/>
		<unitScore value='8525'/>
		<unitScore value='8525'/>
		<killScore value='7650'/>
		<buildingScore value='1700'/>
		<razingScore value='150'/>
		<mineralScore value='10646'/>
		<gasScore value='3240'/>
		<totalScore value='31911'/>
	</enemy>

	<scoreRatio value='1.96362'/>
	<timeFitness value='0.797361'/>
	<unitsAverage value='83'/>
</results>
