<results>
	<result value='loss'/>
	<start value='2015-04-25.05:20:17'/>
	<end value='2015-04-25.05:20:29'/>
	<frames value='20462'/>
	<gameDuration value='1278'/>

	<player>
		<unitScore value='6200'/>
		<killScore value='3300'/>
		<buildingScore value='2100'/>
		<razingScore value='0'/>
		<mineralScore value='8746'/>
		<gasScore value='1648'/>
		<totalScore value='21994'/>
	</player>

	<enemy>
		<race value='Terran'/>
		<unitScore value='8050'/>
		<unitScore value='8050'/>
		<killScore value='12400'/>
		<buildingScore value='2925'/>
		<razingScore value='6300'/>
		<mineralScore value='9674'/>
		<gasScore value='3712'/>
		<totalScore value='43061'/>
	</enemy>

	<scoreRatio value='0.510764'/>
</results>
