<results>
	<result value='loss'/>
	<start value='2015-04-25.05:25:07'/>
	<end value='2015-04-25.05:25:16'/>
	<frames value='17951'/>
	<gameDuration value='1121'/>

	<player>
		<unitScore value='3925'/>
		<killScore value='1100'/>
		<buildingScore value='1850'/>
		<razingScore value='0'/>
		<mineralScore value='5882'/>
		<gasScore value='920'/>
		<totalScore value='13677'/>
	</player>

	<enemy>
		<race value='Terran'/>
		<unitScore value='6700'/>
		<unitScore value='6700'/>
		<killScore value='7850'/>
		<buildingScore value='2700'/>
		<razingScore value='5550'/>
		<mineralScore value='8162'/>
		<gasScore value='2832'/>
		<totalScore value='33794'/>
	</enemy>

	<scoreRatio value='0.404717'/>
</results>
