<results>
	<result value='win'/>
	<start value='2015-04-25.05:26:19'/>
	<end value='2015-04-25.05:26:45'/>
	<frames value='27902'/>
	<gameDuration value='1743'/>

	<player>
		<unitScore value='13625'/>
		<killScore value='21050'/>
		<buildingScore value='4225'/>
		<razingScore value='9525'/>
		<mineralScore value='23882'/>
		<gasScore value='3344'/>
		<totalScore value='75651'/>
	</player>

	<enemy>
		<race value='Terran'/>
		<unitScore value='11125'/>
		<unitScore value='11125'/>
		<killScore value='6600'/>
		<buildingScore value='3250'/>
		<razingScore value='300'/>
		<mineralScore value='10826'/>
		<gasScore value='4504'/>
		<totalScore value='36605'/>
	</enemy>

	<scoreRatio value='2.06668'/>
</results>
