<results>
	<result value='win'/>
	<start value='2015-04-28.21:07:41'/>
	<end value='2015-04-28.21:08:28'/>
	<frames value='35993'/>
	<gameDuration value='2249'/>

	<player>
		<unitScore value='19025'/>
		<killScore value='23445'/>
		<buildingScore value='4400'/>
		<razingScore value='9270'/>
		<mineralScore value='26498'/>
		<gasScore value='3072'/>
		<totalScore value='85710'/>
	</player>

	<enemy>
		<race value='Zerg'/>
		<unitScore value='12075'/>
		<unitScore value='12075'/>
		<killScore value='16350'/>
		<buildingScore value='3090'/>
		<razingScore value='150'/>
		<mineralScore value='15202'/>
		<gasScore value='4352'/>
		<totalScore value='51219'/>
	</enemy>

	<scoreRatio value='1.6734'/>
</results>
