<results>
	<result value='win'/>
	<start value='2015-05-10.08:51:56'/>
	<end value='2015-05-10.08:52:16'/>
	<frames value='28677'/>
	<gameDuration value='1792'/>

	<player>
		<unitScore value='13975'/>
		<killScore value='18300'/>
		<buildingScore value='3850'/>
		<razingScore value='17325'/>
		<mineralScore value='21402'/>
		<gasScore value='2768'/>
		<totalScore value='77620'/>
	</player>

	<enemy>
		<race value='Protoss'/>
		<unitScore value='9150'/>
		<unitScore value='9150'/>
		<killScore value='11450'/>
		<buildingScore value='5775'/>
		<razingScore value='1575'/>
		<mineralScore value='14642'/>
		<gasScore value='2768'/>
		<totalScore value='45360'/>
	</enemy>

	<scoreRatio value='1.7112'/>
	<timeFitness value='0.751111'/>
	<unitsAverage value='72'/>
</results>
