<results>
	<result value='loss'/>
	<start value='2015-07-19.19:42:18'/>
	<end value='2015-07-19.19:43:39'/>
	<frames value='37884'/>
	<gameDuration value='2367'/>

	<player>
		<unitScore value='23000'/>
		<killScore value='27450'/>
		<buildingScore value='3425'/>
		<razingScore value='0'/>
		<mineralScore value='25658'/>
		<gasScore value='3640'/>
		<totalScore value='83173'/>
	</player>

	<enemy>
		<race value='Zerg'/>
		<unitScore value='21425'/>
		<killScore value='45450'/>
		<buildingScore value='4895'/>
		<razingScore value='10425'/>
		<mineralScore value='23558'/>
		<gasScore value='7900'/>
		<totalScore value='113653'/>
	</enemy>

	<scoreRatio value='0.731815'/>
	<timeFitness value='0.32875'/>
	<unitsAverage value='84'/>
</results>
