<results>
	<result value='loss'/>
	<start value='2015-07-19.19:50:11'/>
	<end value='2015-07-19.19:51:53'/>
	<frames value='42472'/>
	<gameDuration value='2654'/>

	<player>
		<unitScore value='24200'/>
		<killScore value='13750'/>
		<buildingScore value='3075'/>
		<razingScore value='0'/>
		<mineralScore value='24266'/>
		<gasScore value='3240'/>
		<totalScore value='68531'/>
	</player>

	<enemy>
		<race value='Zerg'/>
		<unitScore value='37850'/>
		<killScore value='48100'/>
		<buildingScore value='5470'/>
		<razingScore value='9225'/>
		<mineralScore value='28602'/>
		<gasScore value='11712'/>
		<totalScore value='140959'/>
	</enemy>

	<scoreRatio value='0.486177'/>
	<timeFitness value='0.368611'/>
	<unitsAverage value='81'/>
</results>
