<results>
	<result value='win'/>
	<start value='2015-05-10.03:34:13'/>
	<end value='2015-05-10.03:34:51'/>
	<frames value='29886'/>
	<gameDuration value='1867'/>

	<player>
		<unitScore value='21075'/>
		<killScore value='30000'/>
		<buildingScore value='4925'/>
		<razingScore value='16125'/>
		<mineralScore value='28786'/>
		<gasScore value='1752'/>
		<totalScore value='102663'/>
	</player>

	<enemy>
		<race value='Protoss'/>
		<unitScore value='15000'/>
		<unitScore value='15000'/>
		<killScore value='19000'/>
		<buildingScore value='5375'/>
		<razingScore value='0'/>
		<mineralScore value='18406'/>
		<gasScore value='3320'/>
		<totalScore value='61101'/>
	</enemy>

	<scoreRatio value='1.68022'/>
	<timeFitness value='0.740694'/>
	<unitsAverage value='113'/>
</results>
