<results>
	<result value='win'/>
	<start value='2014-07-04.04:26:47'/>
	<end value='2014-07-04.04:27:10'/>
	<frames value='26538'/>
	<gameDuration value='1658'/>

	<player>
		<unitScore value='13975'/>
		<killScore value='17300'/>
		<buildingScore value='2375'/>
		<razingScore value='18225'/>
		<mineralScore value='18458'/>
		<gasScore value='2760'/>
		<totalScore value='73093'/>
	</player>

	<enemy>
		<race value='Protoss'/>
		<unitScore value='8650'/>
		<unitScore value='8650'/>
		<killScore value='11500'/>
		<buildingScore value='6075'/>
		<razingScore value='0'/>
		<mineralScore value='16778'/>
		<gasScore value='3240'/>
		<totalScore value='46243'/>
	</enemy>

	<scoreRatio value='1.58063'/>
</results>
