<results>
	<result value='win'/>
	<start value='2015-04-25.04:24:02'/>
	<end value='2015-04-25.04:24:18'/>
	<frames value='23469'/>
	<gameDuration value='1466'/>

	<player>
		<unitScore value='10100'/>
		<killScore value='19750'/>
		<buildingScore value='2875'/>
		<razingScore value='8550'/>
		<mineralScore value='14014'/>
		<gasScore value='1440'/>
		<totalScore value='56729'/>
	</player>

	<enemy>
		<race value='Terran'/>
		<unitScore value='9875'/>
		<unitScore value='9875'/>
		<killScore value='8950'/>
		<buildingScore value='2850'/>
		<razingScore value='1425'/>
		<mineralScore value='9682'/>
		<gasScore value='3696'/>
		<totalScore value='36478'/>
	</enemy>

	<scoreRatio value='1.55516'/>
</results>
