<results>
	<result value='loss'/>
	<start value='2015-04-25.04:30:40'/>
	<end value='2015-04-25.04:30:49'/>
	<frames value='16928'/>
	<gameDuration value='1058'/>

	<player>
		<unitScore value='3700'/>
		<killScore value='500'/>
		<buildingScore value='1800'/>
		<razingScore value='0'/>
		<mineralScore value='5546'/>
		<gasScore value='744'/>
		<totalScore value='12290'/>
	</player>

	<enemy>
		<race value='Terran'/>
		<unitScore value='6000'/>
		<unitScore value='6000'/>
		<killScore value='7400'/>
		<buildingScore value='2625'/>
		<razingScore value='5400'/>
		<mineralScore value='7706'/>
		<gasScore value='2584'/>
		<totalScore value='31715'/>
	</enemy>

	<scoreRatio value='0.387514'/>
</results>
