<results>
	<result value='win'/>
	<start value='2015-05-03.02:13:57'/>
	<end value='2015-05-03.02:14:19'/>
	<frames value='23252'/>
	<gameDuration value='1453'/>

	<player>
		<unitScore value='12325'/>
		<killScore value='19340'/>
		<buildingScore value='3300'/>
		<razingScore value='4560'/>
		<mineralScore value='17334'/>
		<gasScore value='2232'/>
		<totalScore value='59091'/>
	</player>

	<enemy>
		<race value='Zerg'/>
		<unitScore value='8825'/>
		<unitScore value='8825'/>
		<killScore value='10350'/>
		<buildingScore value='1520'/>
		<razingScore value='0'/>
		<mineralScore value='8010'/>
		<gasScore value='2112'/>
		<totalScore value='30817'/>
	</enemy>

	<scoreRatio value='1.91748'/>
	<timeFitness value='0.798194'/>
	<unitsAverage value='68'/>
</results>
