<results>
	<result value='win'/>
	<start value='2015-05-03.02:14:22'/>
	<end value='2015-05-03.02:14:50'/>
	<frames value='24430'/>
	<gameDuration value='1526'/>

	<player>
		<unitScore value='15775'/>
		<killScore value='22685'/>
		<buildingScore value='4500'/>
		<razingScore value='4680'/>
		<mineralScore value='23650'/>
		<gasScore value='2112'/>
		<totalScore value='73402'/>
	</player>

	<enemy>
		<race value='Zerg'/>
		<unitScore value='9800'/>
		<unitScore value='9800'/>
		<killScore value='11950'/>
		<buildingScore value='1560'/>
		<razingScore value='0'/>
		<mineralScore value='9138'/>
		<gasScore value='2616'/>
		<totalScore value='35064'/>
	</enemy>

	<scoreRatio value='2.09337'/>
	<timeFitness value='0.788056'/>
	<unitsAverage value='89'/>
</results>
