<results>
	<result value='loss'/>
	<start value='2015-05-03.10:25:28'/>
	<end value='2015-05-03.10:25:37'/>
	<frames value='16618'/>
	<gameDuration value='1038'/>

	<player>
		<unitScore value='2475'/>
		<killScore value='900'/>
		<buildingScore value='1275'/>
		<razingScore value='0'/>
		<mineralScore value='3490'/>
		<gasScore value='600'/>
		<totalScore value='8740'/>
	</player>

	<enemy>
		<race value='Terran'/>
		<unitScore value='5700'/>
		<unitScore value='5700'/>
		<killScore value='4950'/>
		<buildingScore value='2175'/>
		<razingScore value='3825'/>
		<mineralScore value='7562'/>
		<gasScore value='2472'/>
		<totalScore value='26684'/>
	</enemy>

	<scoreRatio value='0.327537'/>
	<timeFitness value='0.144167'/>
	<unitsAverage value='17'/>
</results>
