<results>
	<result value='loss'/>
	<start value='2015-05-08.11:18:16'/>
	<end value='2015-05-08.11:18:35'/>
	<frames value='20772'/>
	<gameDuration value='1298'/>

	<player>
		<unitScore value='3650'/>
		<killScore value='3400'/>
		<buildingScore value='1850'/>
		<razingScore value='0'/>
		<mineralScore value='5258'/>
		<gasScore value='1720'/>
		<totalScore value='15878'/>
	</player>

	<enemy>
		<race value='Terran'/>
		<unitScore value='7550'/>
		<unitScore value='7550'/>
		<killScore value='7300'/>
		<buildingScore value='2925'/>
		<razingScore value='5550'/>
		<mineralScore value='9866'/>
		<gasScore value='3576'/>
		<totalScore value='36767'/>
	</enemy>

	<scoreRatio value='0.431855'/>
	<timeFitness value='0.180278'/>
	<unitsAverage value='24'/>
</results>
