<results>
	<result value='draw'/>
	<start value='2015-05-08.11:20:22'/>
	<end value='2015-05-08.11:21:51'/>
	<frames value='57601'/>
	<gameDuration value='3600'/>

	<player>
		<unitScore value='29900'/>
		<killScore value='20100'/>
		<buildingScore value='3225'/>
		<razingScore value='4350'/>
		<mineralScore value='34326'/>
		<gasScore value='2880'/>
		<totalScore value='94781'/>
	</player>

	<enemy>
		<race value='Terran'/>
		<unitScore value='13825'/>
		<unitScore value='13825'/>
		<killScore value='52800'/>
		<buildingScore value='4100'/>
		<razingScore value='2175'/>
		<mineralScore value='13546'/>
		<gasScore value='6554'/>
		<totalScore value='93000'/>
	</enemy>

	<scoreRatio value='1.01915'/>
	<timeFitness value='0.5'/>
	<unitsAverage value='87'/>
</results>
