<results>
	<result value='win'/>
	<start value='2015-05-03.10:34:23'/>
	<end value='2015-05-03.10:34:53'/>
	<frames value='29390'/>
	<gameDuration value='1836'/>

	<player>
		<unitScore value='15350'/>
		<killScore value='23950'/>
		<buildingScore value='3825'/>
		<razingScore value='8925'/>
		<mineralScore value='23346'/>
		<gasScore value='2248'/>
		<totalScore value='77644'/>
	</player>

	<enemy>
		<race value='Terran'/>
		<unitScore value='12275'/>
		<unitScore value='12275'/>
		<killScore value='10000'/>
		<buildingScore value='3150'/>
		<razingScore value='300'/>
		<mineralScore value='11190'/>
		<gasScore value='4736'/>
		<totalScore value='41651'/>
	</enemy>

	<scoreRatio value='1.86416'/>
	<timeFitness value='0.745'/>
	<unitsAverage value='90'/>
</results>
