<results>
	<result value='loss'/>
	<start value='2015-04-08.07:41:07'/>
	<end value='2015-04-08.07:41:58'/>
	<frames value='47401'/>
	<gameDuration value='2962'/>

	<player>
		<unitScore value='19725'/>
		<killScore value='47200'/>
		<buildingScore value='2575'/>
		<razingScore value='450'/>
		<mineralScore value='19638'/>
		<gasScore value='3560'/>
		<totalScore value='93148'/>
	</player>

	<enemy>
		<race value='Protoss'/>
		<unitScore value='39125'/>
		<unitScore value='39125'/>
		<killScore value='37450'/>
		<buildingScore value='7125'/>
		<razingScore value='7725'/>
		<mineralScore value='35770'/>
		<gasScore value='10126'/>
		<totalScore value='137321'/>
	</enemy>

	<scoreRatio value='0.678323'/>
</results>
