<results>
	<result value='win'/>
	<start value='2015-05-08.23:22:47'/>
	<end value='2015-05-08.23:23:11'/>
	<frames value='29638'/>
	<gameDuration value='1852'/>

	<player>
		<unitScore value='13600'/>
		<killScore value='24700'/>
		<buildingScore value='3550'/>
		<razingScore value='10350'/>
		<mineralScore value='16474'/>
		<gasScore value='3288'/>
		<totalScore value='71962'/>
	</player>

	<enemy>
		<race value='Terran'/>
		<unitScore value='13550'/>
		<unitScore value='13550'/>
		<killScore value='13250'/>
		<buildingScore value='3450'/>
		<razingScore value='2925'/>
		<mineralScore value='12278'/>
		<gasScore value='5208'/>
		<totalScore value='50661'/>
	</enemy>

	<scoreRatio value='1.42046'/>
	<timeFitness value='0.742778'/>
	<unitsAverage value='61'/>
</results>
