<results>
	<result value='draw'/>
	<start value='2015-05-08.23:25:15'/>
	<end value='2015-05-08.23:26:07'/>
	<frames value='57601'/>
	<gameDuration value='3600'/>

	<player>
		<unitScore value='22175'/>
		<killScore value='13600'/>
		<buildingScore value='4625'/>
		<razingScore value='825'/>
		<mineralScore value='26814'/>
		<gasScore value='5352'/>
		<totalScore value='73391'/>
	</player>

	<enemy>
		<race value='Terran'/>
		<unitScore value='25350'/>
		<unitScore value='25350'/>
		<killScore value='40000'/>
		<buildingScore value='5650'/>
		<razingScore value='11175'/>
		<mineralScore value='30350'/>
		<gasScore value='12324'/>
		<totalScore value='124849'/>
	</enemy>

	<scoreRatio value='0.587838'/>
	<timeFitness value='0.5'/>
	<unitsAverage value='65'/>
</results>
