<results>
	<result value='win'/>
	<start value='2015-05-02.20:59:28'/>
	<end value='2015-05-02.20:59:51'/>
	<frames value='25205'/>
	<gameDuration value='1575'/>

	<player>
		<unitScore value='11325'/>
		<killScore value='15340'/>
		<buildingScore value='3000'/>
		<razingScore value='7410'/>
		<mineralScore value='17606'/>
		<gasScore value='1776'/>
		<totalScore value='56457'/>
	</player>

	<enemy>
		<race value='Zerg'/>
		<unitScore value='7950'/>
		<unitScore value='7950'/>
		<killScore value='7600'/>
		<buildingScore value='2470'/>
		<razingScore value='0'/>
		<mineralScore value='9410'/>
		<gasScore value='2976'/>
		<totalScore value='30406'/>
	</enemy>

	<scoreRatio value='1.85677'/>
	<timeFitness value='0.78125'/>
	<unitsAverage value='64'/>
</results>
