<results>
	<result value='win'/>
	<start value='2015-05-02.13:20:37'/>
	<end value='2015-05-02.13:21:07'/>
	<frames value='26693'/>
	<gameDuration value='1668'/>

	<player>
		<unitScore value='15275'/>
		<killScore value='17310'/>
		<buildingScore value='4450'/>
		<razingScore value='7215'/>
		<mineralScore value='23002'/>
		<gasScore value='1640'/>
		<totalScore value='68892'/>
	</player>

	<enemy>
		<race value='Zerg'/>
		<unitScore value='9000'/>
		<unitScore value='9000'/>
		<killScore value='13050'/>
		<buildingScore value='2405'/>
		<razingScore value='225'/>
		<mineralScore value='9810'/>
		<gasScore value='3088'/>
		<totalScore value='37578'/>
	</enemy>

	<scoreRatio value='1.83331'/>
	<timeFitness value='0.768333'/>
	<unitsAverage value='89'/>
</results>
