<results>
	<result value='win'/>
	<start value='2015-05-02.13:22:38'/>
	<end value='2015-05-02.13:22:59'/>
	<frames value='23004'/>
	<gameDuration value='1437'/>

	<player>
		<unitScore value='12350'/>
		<killScore value='23340'/>
		<buildingScore value='3100'/>
		<razingScore value='4680'/>
		<mineralScore value='17610'/>
		<gasScore value='2144'/>
		<totalScore value='63224'/>
	</player>

	<enemy>
		<race value='Zerg'/>
		<unitScore value='10325'/>
		<unitScore value='10325'/>
		<killScore value='10650'/>
		<buildingScore value='1560'/>
		<razingScore value='0'/>
		<mineralScore value='9618'/>
		<gasScore value='2840'/>
		<totalScore value='34993'/>
	</enemy>

	<scoreRatio value='1.80676'/>
	<timeFitness value='0.800417'/>
	<unitsAverage value='70'/>
</results>
