<results>
	<result value='win'/>
	<start value='2015-05-02.21:07:51'/>
	<end value='2015-05-02.21:08:37'/>
	<frames value='30661'/>
	<gameDuration value='1916'/>

	<player>
		<unitScore value='17075'/>
		<killScore value='24265'/>
		<buildingScore value='4925'/>
		<razingScore value='4680'/>
		<mineralScore value='31502'/>
		<gasScore value='3016'/>
		<totalScore value='85463'/>
	</player>

	<enemy>
		<race value='Zerg'/>
		<unitScore value='10775'/>
		<unitScore value='10775'/>
		<killScore value='11300'/>
		<buildingScore value='1560'/>
		<razingScore value='0'/>
		<mineralScore value='9866'/>
		<gasScore value='2912'/>
		<totalScore value='36413'/>
	</enemy>

	<scoreRatio value='2.34705'/>
	<timeFitness value='0.733889'/>
	<unitsAverage value='118'/>
</results>
