<results>
	<result value='win'/>
	<start value='2015-05-02.21:13:26'/>
	<end value='2015-05-02.21:13:53'/>
	<frames value='25701'/>
	<gameDuration value='1606'/>

	<player>
		<unitScore value='16800'/>
		<killScore value='21910'/>
		<buildingScore value='3675'/>
		<razingScore value='4560'/>
		<mineralScore value='22766'/>
		<gasScore value='1696'/>
		<totalScore value='71407'/>
	</player>

	<enemy>
		<race value='Zerg'/>
		<unitScore value='10725'/>
		<unitScore value='10725'/>
		<killScore value='15450'/>
		<buildingScore value='1520'/>
		<razingScore value='0'/>
		<mineralScore value='9002'/>
		<gasScore value='2776'/>
		<totalScore value='39473'/>
	</enemy>

	<scoreRatio value='1.80901'/>
	<timeFitness value='0.776944'/>
	<unitsAverage value='84'/>
</results>
