<results>
	<result value='win'/>
	<start value='2015-05-11.23:59:25'/>
	<end value='2015-05-12.00:00:36'/>
	<frames value='49943'/>
	<gameDuration value='3121'/>

	<player>
		<unitScore value='29400'/>
		<killScore value='42050'/>
		<buildingScore value='5175'/>
		<razingScore value='21825'/>
		<mineralScore value='36834'/>
		<gasScore value='3824'/>
		<totalScore value='139108'/>
	</player>

	<enemy>
		<race value='Protoss'/>
		<unitScore value='21350'/>
		<unitScore value='21350'/>
		<killScore value='35050'/>
		<buildingScore value='7275'/>
		<razingScore value='1575'/>
		<mineralScore value='24070'/>
		<gasScore value='6104'/>
		<totalScore value='95424'/>
	</enemy>

	<scoreRatio value='1.45779'/>
	<timeFitness value='0.566528'/>
	<unitsAverage value='108'/>
</results>
