<results>
	<result value='loss'/>
	<start value='2015-05-12.00:01:28'/>
	<end value='2015-05-12.00:01:38'/>
	<frames value='16866'/>
	<gameDuration value='1054'/>

	<player>
		<unitScore value='3725'/>
		<killScore value='800'/>
		<buildingScore value='1775'/>
		<razingScore value='0'/>
		<mineralScore value='5962'/>
		<gasScore value='1264'/>
		<totalScore value='13526'/>
	</player>

	<enemy>
		<race value='Protoss'/>
		<unitScore value='3875'/>
		<unitScore value='3875'/>
		<killScore value='7450'/>
		<buildingScore value='3275'/>
		<razingScore value='5325'/>
		<mineralScore value='8698'/>
		<gasScore value='2160'/>
		<totalScore value='30783'/>
	</enemy>

	<scoreRatio value='0.439398'/>
	<timeFitness value='0.146389'/>
	<unitsAverage value='28'/>
</results>
