<results>
	<result value='loss'/>
	<start value='2015-05-12.00:04:06'/>
	<end value='2015-05-12.00:04:19'/>
	<frames value='22818'/>
	<gameDuration value='1426'/>

	<player>
		<unitScore value='4600'/>
		<killScore value='2200'/>
		<buildingScore value='2150'/>
		<razingScore value='0'/>
		<mineralScore value='7066'/>
		<gasScore value='952'/>
		<totalScore value='16968'/>
	</player>

	<enemy>
		<race value='Protoss'/>
		<unitScore value='8175'/>
		<unitScore value='8175'/>
		<killScore value='9200'/>
		<buildingScore value='5275'/>
		<razingScore value='6450'/>
		<mineralScore value='12818'/>
		<gasScore value='4112'/>
		<totalScore value='46030'/>
	</enemy>

	<scoreRatio value='0.368629'/>
	<timeFitness value='0.198056'/>
	<unitsAverage value='29'/>
</results>
