<results>
	<result value='loss'/>
	<start value='2015-05-03.05:11:03'/>
	<end value='2015-05-03.05:11:42'/>
	<frames value='57569'/>
	<gameDuration value='3598'/>

	<player>
		<unitScore value='27900'/>
		<killScore value='28150'/>
		<buildingScore value='3550'/>
		<razingScore value='8400'/>
		<mineralScore value='30526'/>
		<gasScore value='3608'/>
		<totalScore value='102134'/>
	</player>

	<enemy>
		<race value='Protoss'/>
		<unitScore value='17275'/>
		<unitScore value='17275'/>
		<killScore value='55700'/>
		<buildingScore value='7825'/>
		<razingScore value='10650'/>
		<mineralScore value='23102'/>
		<gasScore value='9822'/>
		<totalScore value='124374'/>
	</enemy>

	<scoreRatio value='0.821185'/>
	<timeFitness value='0.499722'/>
	<unitsAverage value='74'/>
</results>
