<results>
	<result value='win'/>
	<start value='2015-05-09.06:58:55'/>
	<end value='2015-05-09.06:59:13'/>
	<frames value='31932'/>
	<gameDuration value='1995'/>

	<player>
		<unitScore value='12675'/>
		<killScore value='22600'/>
		<buildingScore value='2950'/>
		<razingScore value='9600'/>
		<mineralScore value='15114'/>
		<gasScore value='2328'/>
		<totalScore value='65267'/>
	</player>

	<enemy>
		<race value='Terran'/>
		<unitScore value='11925'/>
		<unitScore value='11925'/>
		<killScore value='17150'/>
		<buildingScore value='3350'/>
		<razingScore value='3975'/>
		<mineralScore value='11410'/>
		<gasScore value='5000'/>
		<totalScore value='52810'/>
	</enemy>

	<scoreRatio value='1.23588'/>
	<timeFitness value='0.722917'/>
	<unitsAverage value='51'/>
</results>
