<results>
	<result value='win'/>
	<start value='2015-05-09.07:03:38'/>
	<end value='2015-05-09.07:03:53'/>
	<frames value='26414'/>
	<gameDuration value='1650'/>

	<player>
		<unitScore value='13200'/>
		<killScore value='22300'/>
		<buildingScore value='2050'/>
		<razingScore value='8100'/>
		<mineralScore value='15338'/>
		<gasScore value='2296'/>
		<totalScore value='63284'/>
	</player>

	<enemy>
		<race value='Terran'/>
		<unitScore value='11150'/>
		<unitScore value='11150'/>
		<killScore value='14750'/>
		<buildingScore value='2700'/>
		<razingScore value='375'/>
		<mineralScore value='11078'/>
		<gasScore value='4152'/>
		<totalScore value='44205'/>
	</enemy>

	<scoreRatio value='1.4316'/>
	<timeFitness value='0.770833'/>
	<unitsAverage value='60'/>
</results>
