<results>
	<result value='loss'/>
	<start value='2015-04-30.12:12:51'/>
	<end value='2015-04-30.12:14:45'/>
	<frames value='56701'/>
	<gameDuration value='3543'/>

	<player>
		<unitScore value='28800'/>
		<killScore value='49000'/>
		<buildingScore value='3500'/>
		<razingScore value='2475'/>
		<mineralScore value='31494'/>
		<gasScore value='5156'/>
		<totalScore value='120425'/>
	</player>

	<enemy>
		<race value='Protoss'/>
		<unitScore value='36975'/>
		<unitScore value='36975'/>
		<killScore value='57600'/>
		<buildingScore value='7125'/>
		<razingScore value='10500'/>
		<mineralScore value='31526'/>
		<gasScore value='11516'/>
		<totalScore value='155242'/>
	</enemy>

	<scoreRatio value='0.775724'/>
	<timeFitness value='0.492083'/>
	<unitsAverage value='109'/>
</results>
