<results>
	<result value='win'/>
	<start value='2015-04-09.07:17:44'/>
	<end value='2015-04-09.07:18:18'/>
	<frames value='31901'/>
	<gameDuration value='1993'/>

	<player>
		<unitScore value='17400'/>
		<killScore value='21800'/>
		<buildingScore value='3725'/>
		<razingScore value='19800'/>
		<mineralScore value='28758'/>
		<gasScore value='4208'/>
		<totalScore value='95691'/>
	</player>

	<enemy>
		<race value='Protoss'/>
		<unitScore value='10900'/>
		<unitScore value='10900'/>
		<killScore value='12250'/>
		<buildingScore value='6600'/>
		<razingScore value='150'/>
		<mineralScore value='16458'/>
		<gasScore value='3752'/>
		<totalScore value='50110'/>
	</enemy>

	<scoreRatio value='1.90962'/>
</results>
