<results>
	<result value='loss'/>
	<start value='2015-04-09.07:18:22'/>
	<end value='2015-04-09.07:19:08'/>
	<frames value='47184'/>
	<gameDuration value='2949'/>

	<player>
		<unitScore value='26700'/>
		<killScore value='33500'/>
		<buildingScore value='3650'/>
		<razingScore value='0'/>
		<mineralScore value='31402'/>
		<gasScore value='5496'/>
		<totalScore value='100748'/>
	</player>

	<enemy>
		<race value='Protoss'/>
		<unitScore value='32350'/>
		<unitScore value='32350'/>
		<killScore value='53500'/>
		<buildingScore value='7475'/>
		<razingScore value='10950'/>
		<mineralScore value='29530'/>
		<gasScore value='11426'/>
		<totalScore value='145231'/>
	</enemy>

	<scoreRatio value='0.693709'/>
</results>
