<results>
	<result value='win'/>
	<start value='2015-04-09.07:21:17'/>
	<end value='2015-04-09.07:21:41'/>
	<frames value='26817'/>
	<gameDuration value='1676'/>

	<player>
		<unitScore value='13375'/>
		<killScore value='16000'/>
		<buildingScore value='3375'/>
		<razingScore value='15825'/>
		<mineralScore value='21978'/>
		<gasScore value='2880'/>
		<totalScore value='73433'/>
	</player>

	<enemy>
		<race value='Protoss'/>
		<unitScore value='8350'/>
		<unitScore value='8350'/>
		<killScore value='8650'/>
		<buildingScore value='5275'/>
		<razingScore value='0'/>
		<mineralScore value='12642'/>
		<gasScore value='2944'/>
		<totalScore value='37861'/>
	</enemy>

	<scoreRatio value='1.93954'/>
</results>
