<results>
	<result value='win'/>
	<start value='2015-05-11.19:07:55'/>
	<end value='2015-05-11.19:08:29'/>
	<frames value='28336'/>
	<gameDuration value='1771'/>

	<player>
		<unitScore value='17250'/>
		<killScore value='28430'/>
		<buildingScore value='3475'/>
		<razingScore value='6840'/>
		<mineralScore value='27946'/>
		<gasScore value='2240'/>
		<totalScore value='86181'/>
	</player>

	<enemy>
		<race value='Zerg'/>
		<unitScore value='12975'/>
		<unitScore value='12975'/>
		<killScore value='14400'/>
		<buildingScore value='2280'/>
		<razingScore value='0'/>
		<mineralScore value='12370'/>
		<gasScore value='3840'/>
		<totalScore value='45865'/>
	</enemy>

	<scoreRatio value='1.87901'/>
	<timeFitness value='0.754028'/>
	<unitsAverage value='101'/>
</results>
