<results>
	<result value='loss'/>
	<start value='2015-07-20.15:39:45'/>
	<end value='2015-07-20.15:40:22'/>
	<frames value='28088'/>
	<gameDuration value='1755'/>

	<player>
		<unitScore value='15175'/>
		<killScore value='9400'/>
		<buildingScore value='2775'/>
		<razingScore value='0'/>
		<mineralScore value='22798'/>
		<gasScore value='1864'/>
		<totalScore value='52012'/>
	</player>

	<enemy>
		<race value='Zerg'/>
		<unitScore value='15900'/>
		<killScore value='28600'/>
		<buildingScore value='3345'/>
		<razingScore value='8325'/>
		<mineralScore value='17310'/>
		<gasScore value='5304'/>
		<totalScore value='78784'/>
	</enemy>

	<scoreRatio value='0.660185'/>
	<timeFitness value='0.24375'/>
	<unitsAverage value='70'/>
</results>
