<results>
	<result value='loss'/>
	<start value='2015-07-20.15:48:35'/>
	<end value='2015-07-20.15:49:02'/>
	<frames value='24864'/>
	<gameDuration value='1554'/>

	<player>
		<unitScore value='11150'/>
		<killScore value='4500'/>
		<buildingScore value='3350'/>
		<razingScore value='0'/>
		<mineralScore value='20402'/>
		<gasScore value='2024'/>
		<totalScore value='41426'/>
	</player>

	<enemy>
		<race value='Zerg'/>
		<unitScore value='9625'/>
		<killScore value='22500'/>
		<buildingScore value='2745'/>
		<razingScore value='10050'/>
		<mineralScore value='12690'/>
		<gasScore value='3712'/>
		<totalScore value='61322'/>
	</enemy>

	<scoreRatio value='0.675549'/>
	<timeFitness value='0.215833'/>
	<unitsAverage value='49'/>
</results>
