<results>
	<result value='loss'/>
	<start value='2015-07-20.15:49:12'/>
	<end value='2015-07-20.15:49:37'/>
	<frames value='24213'/>
	<gameDuration value='1513'/>

	<player>
		<unitScore value='10450'/>
		<killScore value='8250'/>
		<buildingScore value='3150'/>
		<razingScore value='0'/>
		<mineralScore value='19882'/>
		<gasScore value='1312'/>
		<totalScore value='43044'/>
	</player>

	<enemy>
		<race value='Zerg'/>
		<unitScore value='10425'/>
		<killScore value='20600'/>
		<buildingScore value='2930'/>
		<razingScore value='9450'/>
		<mineralScore value='11850'/>
		<gasScore value='4152'/>
		<totalScore value='59407'/>
	</enemy>

	<scoreRatio value='0.724561'/>
	<timeFitness value='0.210139'/>
	<unitsAverage value='54'/>
</results>
