<results>
	<result value='win'/>
	<start value='2015-05-11.08:05:57'/>
	<end value='2015-05-11.08:06:33'/>
	<frames value='28429'/>
	<gameDuration value='1776'/>

	<player>
		<unitScore value='20075'/>
		<killScore value='24100'/>
		<buildingScore value='5250'/>
		<razingScore value='5820'/>
		<mineralScore value='27034'/>
		<gasScore value='2936'/>
		<totalScore value='85215'/>
	</player>

	<enemy>
		<race value='Zerg'/>
		<unitScore value='10450'/>
		<unitScore value='10450'/>
		<killScore value='15450'/>
		<buildingScore value='1940'/>
		<razingScore value='0'/>
		<mineralScore value='10774'/>
		<gasScore value='3176'/>
		<totalScore value='41790'/>
	</enemy>

	<scoreRatio value='2.03912'/>
	<timeFitness value='0.753333'/>
	<unitsAverage value='103'/>
</results>
