<results>
	<result value='win'/>
	<start value='2015-05-11.08:07:29'/>
	<end value='2015-05-11.08:07:55'/>
	<frames value='25267'/>
	<gameDuration value='1579'/>

	<player>
		<unitScore value='15600'/>
		<killScore value='21460'/>
		<buildingScore value='3450'/>
		<razingScore value='5580'/>
		<mineralScore value='20786'/>
		<gasScore value='2472'/>
		<totalScore value='69348'/>
	</player>

	<enemy>
		<race value='Zerg'/>
		<unitScore value='9825'/>
		<unitScore value='9825'/>
		<killScore value='13600'/>
		<buildingScore value='1860'/>
		<razingScore value='0'/>
		<mineralScore value='9818'/>
		<gasScore value='2832'/>
		<totalScore value='37935'/>
	</enemy>

	<scoreRatio value='1.82807'/>
	<timeFitness value='0.780694'/>
	<unitsAverage value='82'/>
</results>
