<results>
	<result value='win'/>
	<start value='2015-05-11.08:20:11'/>
	<end value='2015-05-11.08:20:49'/>
	<frames value='28739'/>
	<gameDuration value='1796'/>

	<player>
		<unitScore value='20175'/>
		<killScore value='29400'/>
		<buildingScore value='4525'/>
		<razingScore value='5895'/>
		<mineralScore value='25602'/>
		<gasScore value='2808'/>
		<totalScore value='88405'/>
	</player>

	<enemy>
		<race value='Zerg'/>
		<unitScore value='13050'/>
		<unitScore value='13050'/>
		<killScore value='15400'/>
		<buildingScore value='1965'/>
		<razingScore value='0'/>
		<mineralScore value='11762'/>
		<gasScore value='3840'/>
		<totalScore value='46017'/>
	</enemy>

	<scoreRatio value='1.92114'/>
	<timeFitness value='0.750556'/>
	<unitsAverage value='105'/>
</results>
