<results>
	<result value='win'/>
	<start value='2014-07-07.20:39:40'/>
	<end value='2014-07-07.20:40:18'/>
	<frames value='35900'/>
	<gameDuration value='2243'/>

	<player>
		<unitScore value='21175'/>
		<killScore value='38380'/>
		<buildingScore value='5925'/>
		<razingScore value='8355'/>
		<mineralScore value='28338'/>
		<gasScore value='4032'/>
		<totalScore value='106205'/>
	</player>

	<enemy>
		<race value='Zerg'/>
		<unitScore value='17450'/>
		<unitScore value='17450'/>
		<killScore value='19050'/>
		<buildingScore value='2785'/>
		<razingScore value='4200'/>
		<mineralScore value='16898'/>
		<gasScore value='5320'/>
		<totalScore value='65703'/>
	</enemy>

	<scoreRatio value='1.61644'/>
</results>
