<results>
	<result value='loss'/>
	<start value='2015-04-07.19:30:53'/>
	<end value='2015-04-07.19:31:00'/>
	<frames value='14262'/>
	<gameDuration value='891'/>

	<player>
		<unitScore value='2550'/>
		<killScore value='200'/>
		<buildingScore value='1300'/>
		<razingScore value='0'/>
		<mineralScore value='3666'/>
		<gasScore value='504'/>
		<totalScore value='8220'/>
	</player>

	<enemy>
		<race value='Protoss'/>
		<unitScore value='3675'/>
		<unitScore value='3675'/>
		<killScore value='3600'/>
		<buildingScore value='2225'/>
		<razingScore value='3900'/>
		<mineralScore value='6914'/>
		<gasScore value='1792'/>
		<totalScore value='22106'/>
	</enemy>

	<scoreRatio value='0.371845'/>
</results>
