<results>
	<result value='loss'/>
	<start value='2015-05-03.17:44:42'/>
	<end value='2015-05-03.17:44:48'/>
	<frames value='14634'/>
	<gameDuration value='914'/>

	<player>
		<unitScore value='2375'/>
		<killScore value='1000'/>
		<buildingScore value='1550'/>
		<razingScore value='0'/>
		<mineralScore value='4082'/>
		<gasScore value='688'/>
		<totalScore value='9695'/>
	</player>

	<enemy>
		<race value='Protoss'/>
		<unitScore value='3550'/>
		<unitScore value='3550'/>
		<killScore value='4750'/>
		<buildingScore value='2475'/>
		<razingScore value='4650'/>
		<mineralScore value='7658'/>
		<gasScore value='1280'/>
		<totalScore value='24363'/>
	</enemy>

	<scoreRatio value='0.39794'/>
	<timeFitness value='0.126944'/>
	<unitsAverage value='20'/>
</results>
