<results>
	<result value='loss'/>
	<start value='2015-05-03.17:49:32'/>
	<end value='2015-05-03.17:49:53'/>
	<frames value='37574'/>
	<gameDuration value='2348'/>

	<player>
		<unitScore value='14750'/>
		<killScore value='12550'/>
		<buildingScore value='2925'/>
		<razingScore value='150'/>
		<mineralScore value='18490'/>
		<gasScore value='3112'/>
		<totalScore value='51977'/>
	</player>

	<enemy>
		<race value='Protoss'/>
		<unitScore value='23400'/>
		<unitScore value='23400'/>
		<killScore value='29250'/>
		<buildingScore value='7725'/>
		<razingScore value='8775'/>
		<mineralScore value='25210'/>
		<gasScore value='9696'/>
		<totalScore value='104056'/>
	</enemy>

	<scoreRatio value='0.49951'/>
	<timeFitness value='0.326111'/>
	<unitsAverage value='51'/>
</results>
