<results>
	<result value='loss'/>
	<start value='2015-05-03.17:50:21'/>
	<end value='2015-05-03.17:50:30'/>
	<frames value='18633'/>
	<gameDuration value='1164'/>

	<player>
		<unitScore value='5950'/>
		<killScore value='1600'/>
		<buildingScore value='1775'/>
		<razingScore value='0'/>
		<mineralScore value='7458'/>
		<gasScore value='896'/>
		<totalScore value='17679'/>
	</player>

	<enemy>
		<race value='Protoss'/>
		<unitScore value='4325'/>
		<unitScore value='4325'/>
		<killScore value='11500'/>
		<buildingScore value='4275'/>
		<razingScore value='5325'/>
		<mineralScore value='9818'/>
		<gasScore value='2216'/>
		<totalScore value='37459'/>
	</enemy>

	<scoreRatio value='0.471956'/>
	<timeFitness value='0.161667'/>
	<unitsAverage value='36'/>
</results>
