<results>
	<result value='win'/>
	<start value='2015-05-03.17:50:44'/>
	<end value='2015-05-03.17:51:11'/>
	<frames value='30227'/>
	<gameDuration value='1889'/>

	<player>
		<unitScore value='21000'/>
		<killScore value='26950'/>
		<buildingScore value='3575'/>
		<razingScore value='18150'/>
		<mineralScore value='27490'/>
		<gasScore value='3160'/>
		<totalScore value='100325'/>
	</player>

	<enemy>
		<race value='Protoss'/>
		<unitScore value='14050'/>
		<unitScore value='14050'/>
		<killScore value='19050'/>
		<buildingScore value='6050'/>
		<razingScore value='0'/>
		<mineralScore value='17414'/>
		<gasScore value='3640'/>
		<totalScore value='60204'/>
	</enemy>

	<scoreRatio value='1.66642'/>
	<timeFitness value='0.737639'/>
	<unitsAverage value='113'/>
</results>
