<results>
	<result value='draw'/>
	<start value='2015-07-11.18:47:31'/>
	<end value='2015-07-11.18:48:54'/>
	<frames value='57601'/>
	<gameDuration value='3600'/>

	<player>
		<unitScore value='30750'/>
		<killScore value='21800'/>
		<buildingScore value='3900'/>
		<razingScore value='825'/>
		<mineralScore value='29490'/>
		<gasScore value='4040'/>
		<totalScore value='90805'/>
	</player>

	<enemy>
		<race value='Terran'/>
		<unitScore value='37250'/>
		<killScore value='53850'/>
		<buildingScore value='5250'/>
		<razingScore value='9450'/>
		<mineralScore value='25026'/>
		<gasScore value='15942'/>
		<totalScore value='146768'/>
	</enemy>

	<scoreRatio value='0.618698'/>
	<timeFitness value='0.5'/>
	<unitsAverage value='83'/>
</results>
