<results>
	<result value='draw'/>
	<start value='2015-07-11.19:01:20'/>
	<end value='2015-07-11.19:04:16'/>
	<frames value='57601'/>
	<gameDuration value='3600'/>

	<player>
		<unitScore value='34525'/>
		<killScore value='27200'/>
		<buildingScore value='6100'/>
		<razingScore value='3075'/>
		<mineralScore value='50818'/>
		<gasScore value='10644'/>
		<totalScore value='132362'/>
	</player>

	<enemy>
		<race value='Terran'/>
		<unitScore value='14700'/>
		<killScore value='48800'/>
		<buildingScore value='2175'/>
		<razingScore value='1950'/>
		<mineralScore value='12050'/>
		<gasScore value='6086'/>
		<totalScore value='85761'/>
	</enemy>

	<scoreRatio value='1.54338'/>
	<timeFitness value='0.5'/>
	<unitsAverage value='148'/>
</results>
