<results>
	<result value='win'/>
	<start value='2015-04-28.02:04:49'/>
	<end value='2015-04-28.02:05:06'/>
	<frames value='20958'/>
	<gameDuration value='1309'/>

	<player>
		<unitScore value='9100'/>
		<killScore value='9450'/>
		<buildingScore value='3200'/>
		<razingScore value='3600'/>
		<mineralScore value='14834'/>
		<gasScore value='1664'/>
		<totalScore value='41848'/>
	</player>

	<enemy>
		<race value='Terran'/>
		<unitScore value='4725'/>
		<unitScore value='4725'/>
		<killScore value='4800'/>
		<buildingScore value='1275'/>
		<razingScore value='450'/>
		<mineralScore value='7682'/>
		<gasScore value='1648'/>
		<totalScore value='20580'/>
	</enemy>

	<scoreRatio value='2.03343'/>
</results>
