<results>
	<result value='win'/>
	<start value='2015-04-28.02:05:56'/>
	<end value='2015-04-28.02:06:22'/>
	<frames value='25174'/>
	<gameDuration value='1573'/>

	<player>
		<unitScore value='12800'/>
		<killScore value='25500'/>
		<buildingScore value='3375'/>
		<razingScore value='8100'/>
		<mineralScore value='21730'/>
		<gasScore value='2080'/>
		<totalScore value='73585'/>
	</player>

	<enemy>
		<race value='Terran'/>
		<unitScore value='12750'/>
		<unitScore value='12750'/>
		<killScore value='8300'/>
		<buildingScore value='2700'/>
		<razingScore value='0'/>
		<mineralScore value='10442'/>
		<gasScore value='3976'/>
		<totalScore value='38168'/>
	</enemy>

	<scoreRatio value='1.92792'/>
</results>
