<results>
	<result value='loss'/>
	<start value='2015-07-12.00:09:24'/>
	<end value='2015-07-12.00:09:43'/>
	<frames value='22012'/>
	<gameDuration value='1375'/>

	<player>
		<unitScore value='9450'/>
		<killScore value='3300'/>
		<buildingScore value='2525'/>
		<razingScore value='0'/>
		<mineralScore value='9882'/>
		<gasScore value='1312'/>
		<totalScore value='26469'/>
	</player>

	<enemy>
		<race value='Terran'/>
		<unitScore value='9500'/>
		<killScore value='18550'/>
		<buildingScore value='3425'/>
		<razingScore value='7575'/>
		<mineralScore value='10618'/>
		<gasScore value='4512'/>
		<totalScore value='54180'/>
	</enemy>

	<scoreRatio value='0.488538'/>
	<timeFitness value='0.190972'/>
	<unitsAverage value='36'/>
</results>
