<results>
	<result value='loss'/>
	<start value='2015-07-19.09:13:47'/>
	<end value='2015-07-19.09:14:19'/>
	<frames value='27158'/>
	<gameDuration value='1697'/>

	<player>
		<unitScore value='13825'/>
		<killScore value='7750'/>
		<buildingScore value='3125'/>
		<razingScore value='0'/>
		<mineralScore value='20198'/>
		<gasScore value='2376'/>
		<totalScore value='47274'/>
	</player>

	<enemy>
		<race value='Zerg'/>
		<unitScore value='13775'/>
		<killScore value='27650'/>
		<buildingScore value='3265'/>
		<razingScore value='9375'/>
		<mineralScore value='15550'/>
		<gasScore value='5176'/>
		<totalScore value='74791'/>
	</enemy>

	<scoreRatio value='0.632081'/>
	<timeFitness value='0.235694'/>
	<unitsAverage value='61'/>
</results>
