<results>
	<result value='win'/>
	<start value='2015-04-30.00:35:24'/>
	<end value='2015-04-30.00:35:55'/>
	<frames value='24895'/>
	<gameDuration value='1555'/>

	<player>
		<unitScore value='15625'/>
		<killScore value='23205'/>
		<buildingScore value='3875'/>
		<razingScore value='5895'/>
		<mineralScore value='20630'/>
		<gasScore value='2472'/>
		<totalScore value='71702'/>
	</player>

	<enemy>
		<race value='Zerg'/>
		<unitScore value='10525'/>
		<unitScore value='10525'/>
		<killScore value='12950'/>
		<buildingScore value='1965'/>
		<razingScore value='0'/>
		<mineralScore value='10210'/>
		<gasScore value='3216'/>
		<totalScore value='38866'/>
	</enemy>

	<scoreRatio value='1.84485'/>
	<timeFitness value='0.784028'/>
	<unitsAverage value='82'/>
</results>
