<results>
	<result value='win'/>
	<start value='2015-04-30.00:47:57'/>
	<end value='2015-04-30.00:48:24'/>
	<frames value='23066'/>
	<gameDuration value='1441'/>

	<player>
		<unitScore value='13675'/>
		<killScore value='22180'/>
		<buildingScore value='3025'/>
		<razingScore value='4800'/>
		<mineralScore value='17786'/>
		<gasScore value='2208'/>
		<totalScore value='63674'/>
	</player>

	<enemy>
		<race value='Zerg'/>
		<unitScore value='9825'/>
		<unitScore value='9825'/>
		<killScore value='11700'/>
		<buildingScore value='1600'/>
		<razingScore value='0'/>
		<mineralScore value='9138'/>
		<gasScore value='2632'/>
		<totalScore value='34895'/>
	</enemy>

	<scoreRatio value='1.82473'/>
	<timeFitness value='0.799861'/>
	<unitsAverage value='74'/>
</results>
