<results>
	<result value='win'/>
	<start value='2014-07-07.18:53:44'/>
	<end value='2014-07-07.18:53:56'/>
	<frames value='19935'/>
	<gameDuration value='1245'/>

	<player>
		<unitScore value='7050'/>
		<killScore value='11100'/>
		<buildingScore value='2925'/>
		<razingScore value='4650'/>
		<mineralScore value='11098'/>
		<gasScore value='1952'/>
		<totalScore value='38775'/>
	</player>

	<enemy>
		<race value='Terran'/>
		<unitScore value='5550'/>
		<unitScore value='5550'/>
		<killScore value='3200'/>
		<buildingScore value='1550'/>
		<razingScore value='1350'/>
		<mineralScore value='8306'/>
		<gasScore value='1928'/>
		<totalScore value='21884'/>
	</enemy>

	<scoreRatio value='1.77184'/>
</results>
