<results>
	<result value='win'/>
	<start value='2015-05-07.11:16:33'/>
	<end value='2015-05-07.11:16:51'/>
	<frames value='16556'/>
	<gameDuration value='1034'/>

	<player>
		<unitScore value='5825'/>
		<killScore value='10600'/>
		<buildingScore value='1950'/>
		<razingScore value='4125'/>
		<mineralScore value='9170'/>
		<gasScore value='1216'/>
		<totalScore value='32886'/>
	</player>

	<enemy>
		<race value='Terran'/>
		<unitScore value='5300'/>
		<unitScore value='5300'/>
		<killScore value='2000'/>
		<buildingScore value='1450'/>
		<razingScore value='0'/>
		<mineralScore value='6682'/>
		<gasScore value='1824'/>
		<totalScore value='17256'/>
	</enemy>

	<scoreRatio value='1.90577'/>
	<timeFitness value='0.856389'/>
	<unitsAverage value='48'/>
</results>
