<results>
	<result value='win'/>
	<start value='2015-05-07.11:25:24'/>
	<end value='2015-05-07.11:26:23'/>
	<frames value='31033'/>
	<gameDuration value='1939'/>

	<player>
		<unitScore value='16525'/>
		<killScore value='28400'/>
		<buildingScore value='4275'/>
		<razingScore value='9750'/>
		<mineralScore value='27914'/>
		<gasScore value='2376'/>
		<totalScore value='89240'/>
	</player>

	<enemy>
		<race value='Terran'/>
		<unitScore value='15800'/>
		<unitScore value='15800'/>
		<killScore value='9450'/>
		<buildingScore value='3250'/>
		<razingScore value='1800'/>
		<mineralScore value='13690'/>
		<gasScore value='5824'/>
		<totalScore value='49814'/>
	</enemy>

	<scoreRatio value='1.79146'/>
	<timeFitness value='0.730694'/>
	<unitsAverage value='101'/>
</results>
