<results>
	<result value='loss'/>
	<start value='2015-05-07.12:32:27'/>
	<end value='2015-05-07.12:32:45'/>
	<frames value='18571'/>
	<gameDuration value='1160'/>

	<player>
		<unitScore value='4350'/>
		<killScore value='1600'/>
		<buildingScore value='1625'/>
		<razingScore value='0'/>
		<mineralScore value='6114'/>
		<gasScore value='816'/>
		<totalScore value='14505'/>
	</player>

	<enemy>
		<race value='Terran'/>
		<unitScore value='7200'/>
		<unitScore value='7200'/>
		<killScore value='8700'/>
		<buildingScore value='2850'/>
		<razingScore value='4875'/>
		<mineralScore value='8554'/>
		<gasScore value='3168'/>
		<totalScore value='35347'/>
	</enemy>

	<scoreRatio value='0.41036'/>
	<timeFitness value='0.161111'/>
	<unitsAverage value='28'/>
</results>
