<results>
	<result value='win'/>
	<start value='2014-07-22.23:04:26'/>
	<end value='2014-07-22.23:04:46'/>
	<frames value='23903'/>
	<gameDuration value='1493'/>

	<player>
		<unitScore value='15750'/>
		<killScore value='20950'/>
		<buildingScore value='3675'/>
		<razingScore value='5070'/>
		<mineralScore value='21786'/>
		<gasScore value='1616'/>
		<totalScore value='68847'/>
	</player>

	<enemy>
		<race value='Zerg'/>
		<unitScore value='9725'/>
		<unitScore value='9725'/>
		<killScore value='12350'/>
		<buildingScore value='1690'/>
		<razingScore value='0'/>
		<mineralScore value='9066'/>
		<gasScore value='2544'/>
		<totalScore value='35375'/>
	</enemy>

	<scoreRatio value='1.9462'/>
</results>
