<results>
	<result value='loss'/>
	<start value='2014-07-22.23:04:48'/>
	<end value='2014-07-22.23:05:08'/>
	<frames value='33606'/>
	<gameDuration value='2100'/>

	<player>
		<unitScore value='10100'/>
		<killScore value='14000'/>
		<buildingScore value='2375'/>
		<razingScore value='0'/>
		<mineralScore value='11626'/>
		<gasScore value='1816'/>
		<totalScore value='39917'/>
	</player>

	<enemy>
		<race value='Zerg'/>
		<unitScore value='19900'/>
		<unitScore value='19900'/>
		<killScore value='20200'/>
		<buildingScore value='3510'/>
		<razingScore value='7125'/>
		<mineralScore value='20014'/>
		<gasScore value='7008'/>
		<totalScore value='77757'/>
	</enemy>

	<scoreRatio value='0.513356'/>
</results>
