<results>
	<result value='win'/>
	<start value='2015-04-27.15:23:35'/>
	<end value='2015-04-27.15:23:43'/>
	<frames value='17517'/>
	<gameDuration value='1094'/>

	<player>
		<unitScore value='5975'/>
		<killScore value='10900'/>
		<buildingScore value='1800'/>
		<razingScore value='4500'/>
		<mineralScore value='8634'/>
		<gasScore value='1232'/>
		<totalScore value='33041'/>
	</player>

	<enemy>
		<race value='Terran'/>
		<unitScore value='5450'/>
		<unitScore value='5450'/>
		<killScore value='4450'/>
		<buildingScore value='1500'/>
		<razingScore value='0'/>
		<mineralScore value='7986'/>
		<gasScore value='2032'/>
		<totalScore value='21418'/>
	</enemy>

	<scoreRatio value='1.54267'/>
</results>
