<results>
	<result value='win'/>
	<start value='2015-04-11.09:36:02'/>
	<end value='2015-04-11.09:37:03'/>
	<frames value='30630'/>
	<gameDuration value='1914'/>

	<player>
		<unitScore value='20550'/>
		<killScore value='26500'/>
		<buildingScore value='3725'/>
		<razingScore value='16575'/>
		<mineralScore value='28418'/>
		<gasScore value='2720'/>
		<totalScore value='98488'/>
	</player>

	<enemy>
		<race value='Protoss'/>
		<unitScore value='14350'/>
		<unitScore value='14350'/>
		<killScore value='20300'/>
		<buildingScore value='5525'/>
		<razingScore value='300'/>
		<mineralScore value='16214'/>
		<gasScore value='5664'/>
		<totalScore value='62353'/>
	</enemy>

	<scoreRatio value='1.57952'/>
</results>
