<results>
	<result value='win'/>
	<start value='2015-04-11.09:40:20'/>
	<end value='2015-04-11.09:41:35'/>
	<frames value='36396'/>
	<gameDuration value='2274'/>

	<player>
		<unitScore value='22875'/>
		<killScore value='29400'/>
		<buildingScore value='3825'/>
		<razingScore value='19800'/>
		<mineralScore value='31438'/>
		<gasScore value='4496'/>
		<totalScore value='111834'/>
	</player>

	<enemy>
		<race value='Protoss'/>
		<unitScore value='15475'/>
		<unitScore value='15475'/>
		<killScore value='23200'/>
		<buildingScore value='6600'/>
		<razingScore value='450'/>
		<mineralScore value='19986'/>
		<gasScore value='6592'/>
		<totalScore value='72303'/>
	</enemy>

	<scoreRatio value='1.54674'/>
</results>
