<results>
	<result value='loss'/>
	<start value='2015-05-06.10:15:40'/>
	<end value='2015-05-06.10:15:53'/>
	<frames value='17145'/>
	<gameDuration value='1071'/>

	<player>
		<unitScore value='3475'/>
		<killScore value='1000'/>
		<buildingScore value='1675'/>
		<razingScore value='0'/>
		<mineralScore value='5570'/>
		<gasScore value='712'/>
		<totalScore value='12432'/>
	</player>

	<enemy>
		<race value='Protoss'/>
		<unitScore value='3700'/>
		<unitScore value='3700'/>
		<killScore value='6950'/>
		<buildingScore value='4075'/>
		<razingScore value='5025'/>
		<mineralScore value='9122'/>
		<gasScore value='1760'/>
		<totalScore value='30632'/>
	</enemy>

	<scoreRatio value='0.40585'/>
	<timeFitness value='0.14875'/>
	<unitsAverage value='24'/>
</results>
