<results>
	<result value='win'/>
	<start value='2015-05-06.10:20:39'/>
	<end value='2015-05-06.10:21:12'/>
	<frames value='29886'/>
	<gameDuration value='1867'/>

	<player>
		<unitScore value='19900'/>
		<killScore value='21950'/>
		<buildingScore value='4675'/>
		<razingScore value='14775'/>
		<mineralScore value='28178'/>
		<gasScore value='2600'/>
		<totalScore value='92078'/>
	</player>

	<enemy>
		<race value='Protoss'/>
		<unitScore value='12025'/>
		<unitScore value='12025'/>
		<killScore value='15900'/>
		<buildingScore value='4925'/>
		<razingScore value='150'/>
		<mineralScore value='13286'/>
		<gasScore value='3680'/>
		<totalScore value='49966'/>
	</enemy>

	<scoreRatio value='1.84281'/>
	<timeFitness value='0.740694'/>
	<unitsAverage value='108'/>
</results>
