<results>
	<result value='loss'/>
	<start value='2015-05-06.10:27:50'/>
	<end value='2015-05-06.10:27:58'/>
	<frames value='16928'/>
	<gameDuration value='1058'/>

	<player>
		<unitScore value='3425'/>
		<killScore value='1200'/>
		<buildingScore value='1975'/>
		<razingScore value='0'/>
		<mineralScore value='5594'/>
		<gasScore value='768'/>
		<totalScore value='12962'/>
	</player>

	<enemy>
		<race value='Protoss'/>
		<unitScore value='4050'/>
		<unitScore value='4050'/>
		<killScore value='6750'/>
		<buildingScore value='4075'/>
		<razingScore value='5925'/>
		<mineralScore value='8978'/>
		<gasScore value='1704'/>
		<totalScore value='31482'/>
	</enemy>

	<scoreRatio value='0.411727'/>
	<timeFitness value='0.146944'/>
	<unitsAverage value='24'/>
</results>
