<results>
	<result value='loss'/>
	<start value='2015-04-07.23:17:00'/>
	<end value='2015-04-07.23:17:07'/>
	<frames value='15285'/>
	<gameDuration value='955'/>

	<player>
		<unitScore value='2175'/>
		<killScore value='1000'/>
		<buildingScore value='1575'/>
		<razingScore value='0'/>
		<mineralScore value='3986'/>
		<gasScore value='728'/>
		<totalScore value='9464'/>
	</player>

	<enemy>
		<race value='Protoss'/>
		<unitScore value='3550'/>
		<unitScore value='3550'/>
		<killScore value='4350'/>
		<buildingScore value='3025'/>
		<razingScore value='4725'/>
		<mineralScore value='7938'/>
		<gasScore value='1416'/>
		<totalScore value='25004'/>
	</enemy>

	<scoreRatio value='0.378499'/>
</results>
