<results>
	<result value='loss'/>
	<start value='2015-04-11.18:45:15'/>
	<end value='2015-04-11.18:45:29'/>
	<frames value='16866'/>
	<gameDuration value='1054'/>

	<player>
		<unitScore value='3000'/>
		<killScore value='1800'/>
		<buildingScore value='1100'/>
		<razingScore value='0'/>
		<mineralScore value='4186'/>
		<gasScore value='768'/>
		<totalScore value='10854'/>
	</player>

	<enemy>
		<race value='Protoss'/>
		<unitScore value='4300'/>
		<unitScore value='4300'/>
		<killScore value='6000'/>
		<buildingScore value='3375'/>
		<razingScore value='3300'/>
		<mineralScore value='8770'/>
		<gasScore value='1936'/>
		<totalScore value='27681'/>
	</enemy>

	<scoreRatio value='0.39211'/>
</results>
