<results>
	<result value='win'/>
	<start value='2015-05-03.01:18:01'/>
	<end value='2015-05-03.01:18:23'/>
	<frames value='26445'/>
	<gameDuration value='1652'/>

	<player>
		<unitScore value='11975'/>
		<killScore value='20900'/>
		<buildingScore value='4050'/>
		<razingScore value='9450'/>
		<mineralScore value='19546'/>
		<gasScore value='2296'/>
		<totalScore value='68217'/>
	</player>

	<enemy>
		<race value='Terran'/>
		<unitScore value='11250'/>
		<unitScore value='11250'/>
		<killScore value='7750'/>
		<buildingScore value='3150'/>
		<razingScore value='1425'/>
		<mineralScore value='11346'/>
		<gasScore value='4904'/>
		<totalScore value='39825'/>
	</enemy>

	<scoreRatio value='1.71292'/>
	<timeFitness value='0.770556'/>
	<unitsAverage value='73'/>
</results>
