<results>
	<result value='win'/>
	<start value='2015-05-03.01:18:25'/>
	<end value='2015-05-03.01:18:47'/>
	<frames value='24306'/>
	<gameDuration value='1519'/>

	<player>
		<unitScore value='13775'/>
		<killScore value='19100'/>
		<buildingScore value='4275'/>
		<razingScore value='6825'/>
		<mineralScore value='21886'/>
		<gasScore value='1984'/>
		<totalScore value='67845'/>
	</player>

	<enemy>
		<race value='Terran'/>
		<unitScore value='9550'/>
		<unitScore value='9550'/>
		<killScore value='10500'/>
		<buildingScore value='2275'/>
		<razingScore value='150'/>
		<mineralScore value='10970'/>
		<gasScore value='3416'/>
		<totalScore value='36861'/>
	</enemy>

	<scoreRatio value='1.84056'/>
	<timeFitness value='0.789028'/>
	<unitsAverage value='82'/>
</results>
