<results>
	<result value='win'/>
	<start value='2015-05-03.01:19:06'/>
	<end value='2015-05-03.01:19:29'/>
	<frames value='24399'/>
	<gameDuration value='1524'/>

	<player>
		<unitScore value='14525'/>
		<killScore value='18850'/>
		<buildingScore value='3775'/>
		<razingScore value='6450'/>
		<mineralScore value='23458'/>
		<gasScore value='2464'/>
		<totalScore value='69522'/>
	</player>

	<enemy>
		<race value='Terran'/>
		<unitScore value='9425'/>
		<unitScore value='9425'/>
		<killScore value='10600'/>
		<buildingScore value='2150'/>
		<razingScore value='0'/>
		<mineralScore value='11414'/>
		<gasScore value='3480'/>
		<totalScore value='37069'/>
	</enemy>

	<scoreRatio value='1.87548'/>
	<timeFitness value='0.788333'/>
	<unitsAverage value='90'/>
</results>
