<results>
	<result value='win'/>
	<start value='2015-05-03.01:32:54'/>
	<end value='2015-05-03.01:33:06'/>
	<frames value='19191'/>
	<gameDuration value='1199'/>

	<player>
		<unitScore value='6850'/>
		<killScore value='12600'/>
		<buildingScore value='2650'/>
		<razingScore value='4650'/>
		<mineralScore value='11290'/>
		<gasScore value='2056'/>
		<totalScore value='40096'/>
	</player>

	<enemy>
		<race value='Terran'/>
		<unitScore value='6300'/>
		<unitScore value='6300'/>
		<killScore value='3600'/>
		<buildingScore value='1550'/>
		<razingScore value='1725'/>
		<mineralScore value='8226'/>
		<gasScore value='2376'/>
		<totalScore value='23777'/>
	</enemy>

	<scoreRatio value='1.68634'/>
	<timeFitness value='0.833472'/>
	<unitsAverage value='49'/>
</results>
