<results>
	<result value='win'/>
	<start value='2015-05-03.01:42:41'/>
	<end value='2015-05-03.01:43:06'/>
	<frames value='30320'/>
	<gameDuration value='1895'/>

	<player>
		<unitScore value='13675'/>
		<killScore value='22350'/>
		<buildingScore value='3850'/>
		<razingScore value='8625'/>
		<mineralScore value='19138'/>
		<gasScore value='2912'/>
		<totalScore value='70550'/>
	</player>

	<enemy>
		<race value='Terran'/>
		<unitScore value='11975'/>
		<unitScore value='11975'/>
		<killScore value='11850'/>
		<buildingScore value='2875'/>
		<razingScore value='2700'/>
		<mineralScore value='11282'/>
		<gasScore value='4776'/>
		<totalScore value='45458'/>
	</enemy>

	<scoreRatio value='1.55198'/>
	<timeFitness value='0.736806'/>
	<unitsAverage value='75'/>
</results>
