<results>
	<result value='loss'/>
	<start value='2015-07-20.05:16:13'/>
	<end value='2015-07-20.05:16:54'/>
	<frames value='29948'/>
	<gameDuration value='1871'/>

	<player>
		<unitScore value='13450'/>
		<killScore value='5000'/>
		<buildingScore value='5275'/>
		<razingScore value='0'/>
		<mineralScore value='19338'/>
		<gasScore value='1888'/>
		<totalScore value='44951'/>
	</player>

	<enemy>
		<race value='Zerg'/>
		<unitScore value='17000'/>
		<killScore value='25150'/>
		<buildingScore value='4450'/>
		<razingScore value='15825'/>
		<mineralScore value='18778'/>
		<gasScore value='6776'/>
		<totalScore value='87979'/>
	</enemy>

	<scoreRatio value='0.510929'/>
	<timeFitness value='0.259861'/>
	<unitsAverage value='70'/>
</results>
