<results>
	<result value='loss'/>
	<start value='2015-07-20.05:31:27'/>
	<end value='2015-07-20.05:32:00'/>
	<frames value='30351'/>
	<gameDuration value='1896'/>

	<player>
		<unitScore value='10725'/>
		<killScore value='11200'/>
		<buildingScore value='3725'/>
		<razingScore value='0'/>
		<mineralScore value='14550'/>
		<gasScore value='2032'/>
		<totalScore value='42232'/>
	</player>

	<enemy>
		<race value='Zerg'/>
		<unitScore value='16300'/>
		<killScore value='21450'/>
		<buildingScore value='3960'/>
		<razingScore value='11175'/>
		<mineralScore value='18126'/>
		<gasScore value='6264'/>
		<totalScore value='77275'/>
	</enemy>

	<scoreRatio value='0.546516'/>
	<timeFitness value='0.263333'/>
	<unitsAverage value='49'/>
</results>
