<results>
	<result value='loss'/>
	<start value='2015-07-20.05:40:17'/>
	<end value='2015-07-20.05:41:13'/>
	<frames value='33327'/>
	<gameDuration value='2082'/>

	<player>
		<unitScore value='19075'/>
		<killScore value='12200'/>
		<buildingScore value='3500'/>
		<razingScore value='195'/>
		<mineralScore value='20162'/>
		<gasScore value='2648'/>
		<totalScore value='57780'/>
	</player>

	<enemy>
		<race value='Zerg'/>
		<unitScore value='18850'/>
		<killScore value='28000'/>
		<buildingScore value='5105'/>
		<razingScore value='10500'/>
		<mineralScore value='21530'/>
		<gasScore value='7422'/>
		<totalScore value='91407'/>
	</enemy>

	<scoreRatio value='0.632118'/>
	<timeFitness value='0.289167'/>
	<unitsAverage value='89'/>
</results>
