<results>
	<result value='loss'/>
	<start value='2015-07-20.05:41:21'/>
	<end value='2015-07-20.05:41:47'/>
	<frames value='25391'/>
	<gameDuration value='1586'/>

	<player>
		<unitScore value='12325'/>
		<killScore value='5750'/>
		<buildingScore value='3425'/>
		<razingScore value='0'/>
		<mineralScore value='14026'/>
		<gasScore value='2216'/>
		<totalScore value='37742'/>
	</player>

	<enemy>
		<race value='Zerg'/>
		<unitScore value='12750'/>
		<killScore value='20400'/>
		<buildingScore value='3280'/>
		<razingScore value='10275'/>
		<mineralScore value='14790'/>
		<gasScore value='4560'/>
		<totalScore value='66055'/>
	</enemy>

	<scoreRatio value='0.571372'/>
	<timeFitness value='0.220278'/>
	<unitsAverage value='57'/>
</results>
