<results>
	<result value='win'/>
	<start value='2015-04-12.13:52:11'/>
	<end value='2015-04-12.13:53:27'/>
	<frames value='37574'/>
	<gameDuration value='2348'/>

	<player>
		<unitScore value='24475'/>
		<killScore value='30900'/>
		<buildingScore value='4225'/>
		<razingScore value='24750'/>
		<mineralScore value='30170'/>
		<gasScore value='2288'/>
		<totalScore value='116808'/>
	</player>

	<enemy>
		<race value='Protoss'/>
		<unitScore value='15950'/>
		<unitScore value='15950'/>
		<killScore value='25100'/>
		<buildingScore value='8250'/>
		<razingScore value='150'/>
		<mineralScore value='20306'/>
		<gasScore value='6096'/>
		<totalScore value='75852'/>
	</enemy>

	<scoreRatio value='1.53995'/>
</results>
