<results>
	<result value='win'/>
	<start value='2014-07-23.22:35:32'/>
	<end value='2014-07-23.22:36:11'/>
	<frames value='36923'/>
	<gameDuration value='2307'/>

	<player>
		<unitScore value='25275'/>
		<killScore value='35870'/>
		<buildingScore value='4425'/>
		<razingScore value='10305'/>
		<mineralScore value='31090'/>
		<gasScore value='3264'/>
		<totalScore value='110229'/>
	</player>

	<enemy>
		<race value='Zerg'/>
		<unitScore value='16400'/>
		<unitScore value='16400'/>
		<killScore value='28050'/>
		<buildingScore value='3435'/>
		<razingScore value='2250'/>
		<mineralScore value='16490'/>
		<gasScore value='4312'/>
		<totalScore value='70937'/>
	</enemy>

	<scoreRatio value='1.5539'/>
</results>
