<results>
	<result value='loss'/>
	<start value='2015-07-14.03:21:10'/>
	<end value='2015-07-14.03:22:13'/>
	<frames value='35187'/>
	<gameDuration value='2199'/>

	<player>
		<unitScore value='21150'/>
		<killScore value='8600'/>
		<buildingScore value='3925'/>
		<razingScore value='600'/>
		<mineralScore value='27798'/>
		<gasScore value='3000'/>
		<totalScore value='65073'/>
	</player>

	<enemy>
		<race value='Protoss'/>
		<unitScore value='18900'/>
		<killScore value='38250'/>
		<buildingScore value='7500'/>
		<razingScore value='11775'/>
		<mineralScore value='27574'/>
		<gasScore value='7576'/>
		<totalScore value='111575'/>
	</enemy>

	<scoreRatio value='0.583222'/>
	<timeFitness value='0.305417'/>
	<unitsAverage value='81'/>
</results>
