<results>
	<result value='loss'/>
	<start value='2015-07-14.03:37:35'/>
	<end value='2015-07-14.03:37:55'/>
	<frames value='30754'/>
	<gameDuration value='1922'/>

	<player>
		<unitScore value='13700'/>
		<killScore value='7700'/>
		<buildingScore value='2600'/>
		<razingScore value='300'/>
		<mineralScore value='12082'/>
		<gasScore value='2832'/>
		<totalScore value='39214'/>
	</player>

	<enemy>
		<race value='Protoss'/>
		<unitScore value='17150'/>
		<killScore value='25750'/>
		<buildingScore value='7025'/>
		<razingScore value='7800'/>
		<mineralScore value='19918'/>
		<gasScore value='6856'/>
		<totalScore value='84499'/>
	</enemy>

	<scoreRatio value='0.464076'/>
	<timeFitness value='0.266944'/>
	<unitsAverage value='49'/>
</results>
