<results>
	<result value='win'/>
	<start value='2015-05-11.02:05:59'/>
	<end value='2015-05-11.02:06:40'/>
	<frames value='33420'/>
	<gameDuration value='2088'/>

	<player>
		<unitScore value='17375'/>
		<killScore value='20865'/>
		<buildingScore value='4725'/>
		<razingScore value='7560'/>
		<mineralScore value='29322'/>
		<gasScore value='2440'/>
		<totalScore value='82287'/>
	</player>

	<enemy>
		<race value='Zerg'/>
		<unitScore value='9875'/>
		<unitScore value='9875'/>
		<killScore value='9050'/>
		<buildingScore value='2520'/>
		<razingScore value='375'/>
		<mineralScore value='11266'/>
		<gasScore value='3464'/>
		<totalScore value='36550'/>
	</enemy>

	<scoreRatio value='2.25135'/>
	<timeFitness value='0.71'/>
	<unitsAverage value='100'/>
</results>
