<results>
	<result value='win'/>
	<start value='2015-05-11.02:16:03'/>
	<end value='2015-05-11.02:16:26'/>
	<frames value='22415'/>
	<gameDuration value='1400'/>

	<player>
		<unitScore value='13250'/>
		<killScore value='15760'/>
		<buildingScore value='3050'/>
		<razingScore value='6855'/>
		<mineralScore value='19002'/>
		<gasScore value='1896'/>
		<totalScore value='59813'/>
	</player>

	<enemy>
		<race value='Zerg'/>
		<unitScore value='7925'/>
		<unitScore value='7925'/>
		<killScore value='8050'/>
		<buildingScore value='2285'/>
		<razingScore value='150'/>
		<mineralScore value='8274'/>
		<gasScore value='2304'/>
		<totalScore value='28988'/>
	</enemy>

	<scoreRatio value='2.06337'/>
	<timeFitness value='0.805556'/>
	<unitsAverage value='78'/>
</results>
