<results>
	<result value='loss'/>
	<start value='2015-07-19.19:06:46'/>
	<end value='2015-07-19.19:07:47'/>
	<frames value='28367'/>
	<gameDuration value='1772'/>

	<player>
		<unitScore value='15525'/>
		<killScore value='6750'/>
		<buildingScore value='3725'/>
		<razingScore value='360'/>
		<mineralScore value='23754'/>
		<gasScore value='2536'/>
		<totalScore value='52650'/>
	</player>

	<enemy>
		<race value='Zerg'/>
		<unitScore value='14825'/>
		<killScore value='27850'/>
		<buildingScore value='3375'/>
		<razingScore value='11175'/>
		<mineralScore value='17058'/>
		<gasScore value='4816'/>
		<totalScore value='79099'/>
	</enemy>

	<scoreRatio value='0.665622'/>
	<timeFitness value='0.246111'/>
	<unitsAverage value='76'/>
</results>
