<results>
	<result value='win'/>
	<start value='2015-05-10.18:01:00'/>
	<end value='2015-05-10.18:01:31'/>
	<frames value='28057'/>
	<gameDuration value='1753'/>

	<player>
		<unitScore value='18225'/>
		<killScore value='27225'/>
		<buildingScore value='3700'/>
		<razingScore value='7920'/>
		<mineralScore value='23730'/>
		<gasScore value='2920'/>
		<totalScore value='83720'/>
	</player>

	<enemy>
		<race value='Zerg'/>
		<unitScore value='12000'/>
		<unitScore value='12000'/>
		<killScore value='13050'/>
		<buildingScore value='2640'/>
		<razingScore value='375'/>
		<mineralScore value='12826'/>
		<gasScore value='3952'/>
		<totalScore value='44843'/>
	</enemy>

	<scoreRatio value='1.86696'/>
	<timeFitness value='0.756528'/>
	<unitsAverage value='101'/>
</results>
