<results>
	<result value='draw'/>
	<start value='2015-05-10.18:02:41'/>
	<end value='2015-05-10.18:04:40'/>
	<frames value='57601'/>
	<gameDuration value='3600'/>

	<player>
		<unitScore value='37500'/>
		<killScore value='83810'/>
		<buildingScore value='3675'/>
		<razingScore value='3315'/>
		<mineralScore value='34886'/>
		<gasScore value='7918'/>
		<totalScore value='171104'/>
	</player>

	<enemy>
		<race value='Zerg'/>
		<unitScore value='38675'/>
		<unitScore value='38675'/>
		<killScore value='54200'/>
		<buildingScore value='2325'/>
		<razingScore value='150'/>
		<mineralScore value='26978'/>
		<gasScore value='10584'/>
		<totalScore value='132912'/>
	</enemy>

	<scoreRatio value='1.28735'/>
	<timeFitness value='0.5'/>
	<unitsAverage value='161'/>
</results>
