<results>
	<result value='win'/>
	<start value='2015-05-10.18:05:53'/>
	<end value='2015-05-10.18:06:15'/>
	<frames value='25267'/>
	<gameDuration value='1579'/>

	<player>
		<unitScore value='13275'/>
		<killScore value='21535'/>
		<buildingScore value='3100'/>
		<razingScore value='6375'/>
		<mineralScore value='16902'/>
		<gasScore value='1304'/>
		<totalScore value='62491'/>
	</player>

	<enemy>
		<race value='Zerg'/>
		<unitScore value='9700'/>
		<unitScore value='9700'/>
		<killScore value='10300'/>
		<buildingScore value='2125'/>
		<razingScore value='0'/>
		<mineralScore value='10482'/>
		<gasScore value='2608'/>
		<totalScore value='35215'/>
	</enemy>

	<scoreRatio value='1.77456'/>
	<timeFitness value='0.780694'/>
	<unitsAverage value='71'/>
</results>
