<results>
	<result value='loss'/>
	<start value='2015-07-20.00:51:15'/>
	<end value='2015-07-20.00:52:38'/>
	<frames value='43898'/>
	<gameDuration value='2743'/>

	<player>
		<unitScore value='18275'/>
		<killScore value='18350'/>
		<buildingScore value='4725'/>
		<razingScore value='0'/>
		<mineralScore value='22978'/>
		<gasScore value='3408'/>
		<totalScore value='67736'/>
	</player>

	<enemy>
		<race value='Zerg'/>
		<unitScore value='35150'/>
		<killScore value='31800'/>
		<buildingScore value='5470'/>
		<razingScore value='14175'/>
		<mineralScore value='28666'/>
		<gasScore value='12000'/>
		<totalScore value='127261'/>
	</enemy>

	<scoreRatio value='0.53226'/>
	<timeFitness value='0.380972'/>
	<unitsAverage value='87'/>
</results>
