<results>
	<result value='loss'/>
	<start value='2015-07-10.06:57:00'/>
	<end value='2015-07-10.06:57:33'/>
	<frames value='30134'/>
	<gameDuration value='1883'/>

	<player>
		<unitScore value='11800'/>
		<killScore value='8100'/>
		<buildingScore value='2275'/>
		<razingScore value='0'/>
		<mineralScore value='11006'/>
		<gasScore value='2240'/>
		<totalScore value='35421'/>
	</player>

	<enemy>
		<race value='Terran'/>
		<unitScore value='14725'/>
		<killScore value='22550'/>
		<buildingScore value='4650'/>
		<razingScore value='6825'/>
		<mineralScore value='15106'/>
		<gasScore value='7288'/>
		<totalScore value='71144'/>
	</enemy>

	<scoreRatio value='0.497878'/>
	<timeFitness value='0.261528'/>
	<unitsAverage value='36'/>
</results>
