<results>
	<result value='draw'/>
	<start value='2015-07-10.06:58:45'/>
	<end value='2015-07-10.07:00:41'/>
	<frames value='57601'/>
	<gameDuration value='3600'/>

	<player>
		<unitScore value='28350'/>
		<killScore value='13950'/>
		<buildingScore value='3675'/>
		<razingScore value='0'/>
		<mineralScore value='24338'/>
		<gasScore value='5448'/>
		<totalScore value='75761'/>
	</player>

	<enemy>
		<race value='Terran'/>
		<unitScore value='13150'/>
		<killScore value='43900'/>
		<buildingScore value='3025'/>
		<razingScore value='300'/>
		<mineralScore value='12050'/>
		<gasScore value='6522'/>
		<totalScore value='78947'/>
	</enemy>

	<scoreRatio value='0.959644'/>
	<timeFitness value='0.5'/>
	<unitsAverage value='92'/>
</results>
