<results>
	<result value='loss'/>
	<start value='2015-07-10.07:20:35'/>
	<end value='2015-07-10.07:21:22'/>
	<frames value='31684'/>
	<gameDuration value='1980'/>

	<player>
		<unitScore value='11775'/>
		<killScore value='5850'/>
		<buildingScore value='4575'/>
		<razingScore value='150'/>
		<mineralScore value='15202'/>
		<gasScore value='2248'/>
		<totalScore value='39800'/>
	</player>

	<enemy>
		<race value='Terran'/>
		<unitScore value='9750'/>
		<killScore value='22350'/>
		<buildingScore value='3350'/>
		<razingScore value='13725'/>
		<mineralScore value='12050'/>
		<gasScore value='4832'/>
		<totalScore value='66057'/>
	</enemy>

	<scoreRatio value='0.60251'/>
	<timeFitness value='0.275'/>
	<unitsAverage value='48'/>
</results>
