<results>
	<result value='win'/>
	<start value='2014-07-23.00:29:25'/>
	<end value='2014-07-23.00:30:10'/>
	<frames value='36427'/>
	<gameDuration value='2276'/>

	<player>
		<unitScore value='21375'/>
		<killScore value='30055'/>
		<buildingScore value='4425'/>
		<razingScore value='9735'/>
		<mineralScore value='27266'/>
		<gasScore value='2520'/>
		<totalScore value='95376'/>
	</player>

	<enemy>
		<race value='Zerg'/>
		<unitScore value='14300'/>
		<unitScore value='14300'/>
		<killScore value='17750'/>
		<buildingScore value='3245'/>
		<razingScore value='1800'/>
		<mineralScore value='15750'/>
		<gasScore value='4776'/>
		<totalScore value='57621'/>
	</enemy>

	<scoreRatio value='1.65523'/>
</results>
