<results>
	<result value='loss'/>
	<start value='2015-07-18.01:34:42'/>
	<end value='2015-07-18.01:35:01'/>
	<frames value='17486'/>
	<gameDuration value='1092'/>

	<player>
		<unitScore value='5275'/>
		<killScore value='300'/>
		<buildingScore value='2125'/>
		<razingScore value='0'/>
		<mineralScore value='6514'/>
		<gasScore value='888'/>
		<totalScore value='15102'/>
	</player>

	<enemy>
		<race value='Terran'/>
		<unitScore value='6400'/>
		<killScore value='10550'/>
		<buildingScore value='2750'/>
		<razingScore value='6375'/>
		<mineralScore value='7986'/>
		<gasScore value='2736'/>
		<totalScore value='36797'/>
	</enemy>

	<scoreRatio value='0.410414'/>
	<timeFitness value='0.151667'/>
	<unitsAverage value='27'/>
</results>
