<results>
	<result value='loss'/>
	<start value='2015-07-18.01:38:03'/>
	<end value='2015-07-18.01:38:20'/>
	<frames value='17393'/>
	<gameDuration value='1087'/>

	<player>
		<unitScore value='4400'/>
		<killScore value='1250'/>
		<buildingScore value='1475'/>
		<razingScore value='0'/>
		<mineralScore value='5434'/>
		<gasScore value='608'/>
		<totalScore value='13167'/>
	</player>

	<enemy>
		<race value='Terran'/>
		<unitScore value='5325'/>
		<killScore value='8550'/>
		<buildingScore value='2175'/>
		<razingScore value='4425'/>
		<mineralScore value='7922'/>
		<gasScore value='2800'/>
		<totalScore value='31197'/>
	</enemy>

	<scoreRatio value='0.42206'/>
	<timeFitness value='0.150972'/>
	<unitsAverage value='24'/>
</results>
