<results>
	<result value='loss'/>
	<start value='2015-07-18.01:44:51'/>
	<end value='2015-07-18.01:45:23'/>
	<frames value='27282'/>
	<gameDuration value='1705'/>

	<player>
		<unitScore value='12450'/>
		<killScore value='3950'/>
		<buildingScore value='3325'/>
		<razingScore value='0'/>
		<mineralScore value='13922'/>
		<gasScore value='1952'/>
		<totalScore value='35599'/>
	</player>

	<enemy>
		<race value='Terran'/>
		<unitScore value='11900'/>
		<killScore value='24900'/>
		<buildingScore value='4475'/>
		<razingScore value='9975'/>
		<mineralScore value='13430'/>
		<gasScore value='6192'/>
		<totalScore value='70872'/>
	</enemy>

	<scoreRatio value='0.5023'/>
	<timeFitness value='0.236806'/>
	<unitsAverage value='34'/>
</results>
