<results>
	<result value='loss'/>
	<start value='2015-07-18.01:45:32'/>
	<end value='2015-07-18.01:45:59'/>
	<frames value='21299'/>
	<gameDuration value='1331'/>

	<player>
		<unitScore value='8550'/>
		<killScore value='3950'/>
		<buildingScore value='1825'/>
		<razingScore value='0'/>
		<mineralScore value='9482'/>
		<gasScore value='1288'/>
		<totalScore value='25095'/>
	</player>

	<enemy>
		<race value='Terran'/>
		<unitScore value='8500'/>
		<killScore value='17100'/>
		<buildingScore value='3275'/>
		<razingScore value='5475'/>
		<mineralScore value='10082'/>
		<gasScore value='4264'/>
		<totalScore value='48696'/>
	</enemy>

	<scoreRatio value='0.51534'/>
	<timeFitness value='0.184861'/>
	<unitsAverage value='36'/>
</results>
