<results>
	<result value='loss'/>
	<start value='2015-07-18.01:48:13'/>
	<end value='2015-07-18.01:48:37'/>
	<frames value='21733'/>
	<gameDuration value='1358'/>

	<player>
		<unitScore value='6950'/>
		<killScore value='2700'/>
		<buildingScore value='2150'/>
		<razingScore value='0'/>
		<mineralScore value='8426'/>
		<gasScore value='1944'/>
		<totalScore value='22170'/>
	</player>

	<enemy>
		<race value='Terran'/>
		<unitScore value='8525'/>
		<killScore value='13500'/>
		<buildingScore value='3125'/>
		<razingScore value='6450'/>
		<mineralScore value='10394'/>
		<gasScore value='4016'/>
		<totalScore value='46010'/>
	</enemy>

	<scoreRatio value='0.481852'/>
	<timeFitness value='0.188611'/>
	<unitsAverage value='39'/>
</results>
