<results>
	<result value='win'/>
	<start value='2015-03-31.10:20:23'/>
	<end value='2015-03-31.10:21:33'/>
	<frames value='46657'/>
	<gameDuration value='2916'/>

	<player>
		<unitScore value='30000'/>
		<killScore value='37200'/>
		<buildingScore value='4475'/>
		<razingScore value='22575'/>
		<mineralScore value='33974'/>
		<gasScore value='4434'/>
		<totalScore value='132658'/>
	</player>

	<enemy>
		<race value='Protoss'/>
		<unitScore value='21475'/>
		<unitScore value='21475'/>
		<killScore value='34950'/>
		<buildingScore value='7525'/>
		<razingScore value='450'/>
		<mineralScore value='20714'/>
		<gasScore value='8324'/>
		<totalScore value='93438'/>
	</enemy>

	<scoreRatio value='1.41974'/>
</results>
