<results>
	<result value='loss'/>
	<start value='2014-07-06.02:06:45'/>
	<end value='2014-07-06.02:07:10'/>
	<frames value='37357'/>
	<gameDuration value='2334'/>

	<player>
		<unitScore value='10000'/>
		<killScore value='14050'/>
		<buildingScore value='2250'/>
		<razingScore value='300'/>
		<mineralScore value='12146'/>
		<gasScore value='2784'/>
		<totalScore value='41530'/>
	</player>

	<enemy>
		<race value='Protoss'/>
		<unitScore value='24025'/>
		<unitScore value='24025'/>
		<killScore value='20000'/>
		<buildingScore value='7025'/>
		<razingScore value='6750'/>
		<mineralScore value='25010'/>
		<gasScore value='9840'/>
		<totalScore value='92650'/>
	</enemy>

	<scoreRatio value='0.448246'/>
</results>
