<results>
	<result value='win'/>
	<start value='2014-07-06.02:09:28'/>
	<end value='2014-07-06.02:09:48'/>
	<frames value='23190'/>
	<gameDuration value='1449'/>

	<player>
		<unitScore value='13800'/>
		<killScore value='12300'/>
		<buildingScore value='3375'/>
		<razingScore value='9450'/>
		<mineralScore value='20846'/>
		<gasScore value='1640'/>
		<totalScore value='61411'/>
	</player>

	<enemy>
		<race value='Protoss'/>
		<unitScore value='6150'/>
		<unitScore value='6150'/>
		<killScore value='8800'/>
		<buildingScore value='3150'/>
		<razingScore value='0'/>
		<mineralScore value='16466'/>
		<gasScore value='1080'/>
		<totalScore value='35646'/>
	</enemy>

	<scoreRatio value='1.7228'/>
</results>
