<results>
	<result value='win'/>
	<start value='2015-05-10.09:41:52'/>
	<end value='2015-05-10.09:43:06'/>
	<frames value='48393'/>
	<gameDuration value='3024'/>

	<player>
		<unitScore value='25925'/>
		<killScore value='44800'/>
		<buildingScore value='3025'/>
		<razingScore value='27450'/>
		<mineralScore value='30626'/>
		<gasScore value='2960'/>
		<totalScore value='134786'/>
	</player>

	<enemy>
		<race value='Protoss'/>
		<unitScore value='23550'/>
		<unitScore value='23550'/>
		<killScore value='32600'/>
		<buildingScore value='9150'/>
		<razingScore value='450'/>
		<mineralScore value='24498'/>
		<gasScore value='7456'/>
		<totalScore value='97704'/>
	</enemy>

	<scoreRatio value='1.37953'/>
	<timeFitness value='0.58'/>
	<unitsAverage value='99'/>
</results>
