<results>
	<result value='win'/>
	<start value='2015-05-10.09:49:19'/>
	<end value='2015-05-10.09:50:42'/>
	<frames value='49106'/>
	<gameDuration value='3069'/>

	<player>
		<unitScore value='31825'/>
		<killScore value='52950'/>
		<buildingScore value='3625'/>
		<razingScore value='18525'/>
		<mineralScore value='33670'/>
		<gasScore value='6422'/>
		<totalScore value='147017'/>
	</player>

	<enemy>
		<race value='Protoss'/>
		<unitScore value='27850'/>
		<unitScore value='27850'/>
		<killScore value='50650'/>
		<buildingScore value='6175'/>
		<razingScore value='450'/>
		<mineralScore value='26854'/>
		<gasScore value='8264'/>
		<totalScore value='120243'/>
	</enemy>

	<scoreRatio value='1.22267'/>
	<timeFitness value='0.57375'/>
	<unitsAverage value='107'/>
</results>
