<results>
	<result value='win'/>
	<start value='2015-05-10.10:31:13'/>
	<end value='2015-05-10.10:32:16'/>
	<frames value='40860'/>
	<gameDuration value='2553'/>

	<player>
		<unitScore value='32425'/>
		<killScore value='29150'/>
		<buildingScore value='4125'/>
		<razingScore value='17550'/>
		<mineralScore value='38470'/>
		<gasScore value='5192'/>
		<totalScore value='126912'/>
	</player>

	<enemy>
		<race value='Protoss'/>
		<unitScore value='15850'/>
		<unitScore value='15850'/>
		<killScore value='44100'/>
		<buildingScore value='5850'/>
		<razingScore value='0'/>
		<mineralScore value='17650'/>
		<gasScore value='4982'/>
		<totalScore value='88432'/>
	</enemy>

	<scoreRatio value='1.43514'/>
	<timeFitness value='0.645417'/>
	<unitsAverage value='111'/>
</results>
