<results>
	<result value='win'/>
	<start value='2015-04-12.21:28:41'/>
	<end value='2015-04-12.21:29:35'/>
	<frames value='29545'/>
	<gameDuration value='1846'/>

	<player>
		<unitScore value='17250'/>
		<killScore value='16650'/>
		<buildingScore value='3925'/>
		<razingScore value='15075'/>
		<mineralScore value='25106'/>
		<gasScore value='3224'/>
		<totalScore value='81230'/>
	</player>

	<enemy>
		<race value='Protoss'/>
		<unitScore value='8900'/>
		<unitScore value='8900'/>
		<killScore value='13600'/>
		<buildingScore value='5025'/>
		<razingScore value='300'/>
		<mineralScore value='12274'/>
		<gasScore value='2888'/>
		<totalScore value='42987'/>
	</enemy>

	<scoreRatio value='1.88964'/>
</results>
