<results>
	<result value='loss'/>
	<start value='2015-07-12.14:28:47'/>
	<end value='2015-07-12.14:29:24'/>
	<frames value='54500'/>
	<gameDuration value='3406'/>

	<player>
		<unitScore value='14750'/>
		<killScore value='17350'/>
		<buildingScore value='3650'/>
		<razingScore value='1275'/>
		<mineralScore value='20722'/>
		<gasScore value='1856'/>
		<totalScore value='59603'/>
	</player>

	<enemy>
		<race value='Terran'/>
		<unitScore value='20875'/>
		<killScore value='29500'/>
		<buildingScore value='4675'/>
		<razingScore value='10950'/>
		<mineralScore value='19510'/>
		<gasScore value='11414'/>
		<totalScore value='96924'/>
	</enemy>

	<scoreRatio value='0.614946'/>
	<timeFitness value='0.473056'/>
	<unitsAverage value='46'/>
</results>
