<results>
	<result value='loss'/>
	<start value='2015-07-12.14:30:26'/>
	<end value='2015-07-12.14:30:41'/>
	<frames value='22973'/>
	<gameDuration value='1435'/>

	<player>
		<unitScore value='9175'/>
		<killScore value='2600'/>
		<buildingScore value='2525'/>
		<razingScore value='0'/>
		<mineralScore value='10618'/>
		<gasScore value='1528'/>
		<totalScore value='26446'/>
	</player>

	<enemy>
		<race value='Terran'/>
		<unitScore value='9125'/>
		<killScore value='16100'/>
		<buildingScore value='3650'/>
		<razingScore value='7575'/>
		<mineralScore value='11122'/>
		<gasScore value='4768'/>
		<totalScore value='52340'/>
	</enemy>

	<scoreRatio value='0.505273'/>
	<timeFitness value='0.199306'/>
	<unitsAverage value='41'/>
</results>
