<results>
	<result value='win'/>
	<start value='2015-05-03.12:28:16'/>
	<end value='2015-05-03.12:28:53'/>
	<frames value='28832'/>
	<gameDuration value='1802'/>

	<player>
		<unitScore value='19550'/>
		<killScore value='29260'/>
		<buildingScore value='4450'/>
		<razingScore value='6255'/>
		<mineralScore value='26282'/>
		<gasScore value='2416'/>
		<totalScore value='88213'/>
	</player>

	<enemy>
		<race value='Zerg'/>
		<unitScore value='12825'/>
		<unitScore value='12825'/>
		<killScore value='17350'/>
		<buildingScore value='2085'/>
		<razingScore value='0'/>
		<mineralScore value='12694'/>
		<gasScore value='4344'/>
		<totalScore value='49298'/>
	</enemy>

	<scoreRatio value='1.78938'/>
	<timeFitness value='0.749722'/>
	<unitsAverage value='104'/>
</results>
