<results>
	<result value='win'/>
	<start value='2015-05-03.12:34:47'/>
	<end value='2015-05-03.12:35:16'/>
	<frames value='24523'/>
	<gameDuration value='1532'/>

	<player>
		<unitScore value='15175'/>
		<killScore value='22860'/>
		<buildingScore value='4225'/>
		<razingScore value='5460'/>
		<mineralScore value='22794'/>
		<gasScore value='1864'/>
		<totalScore value='72378'/>
	</player>

	<enemy>
		<race value='Zerg'/>
		<unitScore value='10900'/>
		<unitScore value='10900'/>
		<killScore value='11300'/>
		<buildingScore value='1820'/>
		<razingScore value='0'/>
		<mineralScore value='8962'/>
		<gasScore value='2952'/>
		<totalScore value='35934'/>
	</enemy>

	<scoreRatio value='2.01419'/>
	<timeFitness value='0.787222'/>
	<unitsAverage value='93'/>
</results>
