<results>
	<result value='win'/>
	<start value='2015-05-11.12:29:29'/>
	<end value='2015-05-11.12:30:13'/>
	<frames value='25732'/>
	<gameDuration value='1608'/>

	<player>
		<unitScore value='15650'/>
		<killScore value='25160'/>
		<buildingScore value='3900'/>
		<razingScore value='4560'/>
		<mineralScore value='26586'/>
		<gasScore value='2472'/>
		<totalScore value='78328'/>
	</player>

	<enemy>
		<race value='Zerg'/>
		<unitScore value='10750'/>
		<unitScore value='10750'/>
		<killScore value='11050'/>
		<buildingScore value='1520'/>
		<razingScore value='0'/>
		<mineralScore value='9706'/>
		<gasScore value='2888'/>
		<totalScore value='35914'/>
	</enemy>

	<scoreRatio value='2.18099'/>
	<timeFitness value='0.776667'/>
	<unitsAverage value='92'/>
</results>
