<results>
	<result value='win'/>
	<start value='2015-05-11.12:36:28'/>
	<end value='2015-05-11.12:37:21'/>
	<frames value='27375'/>
	<gameDuration value='1710'/>

	<player>
		<unitScore value='18600'/>
		<killScore value='25550'/>
		<buildingScore value='4125'/>
		<razingScore value='6060'/>
		<mineralScore value='29258'/>
		<gasScore value='2080'/>
		<totalScore value='85673'/>
	</player>

	<enemy>
		<race value='Zerg'/>
		<unitScore value='11800'/>
		<unitScore value='11800'/>
		<killScore value='16250'/>
		<buildingScore value='2020'/>
		<razingScore value='0'/>
		<mineralScore value='11266'/>
		<gasScore value='3480'/>
		<totalScore value='44816'/>
	</enemy>

	<scoreRatio value='1.91166'/>
	<timeFitness value='0.7625'/>
	<unitsAverage value='101'/>
</results>
