<results>
	<result value='win'/>
	<start value='2015-05-11.12:49:02'/>
	<end value='2015-05-11.12:50:00'/>
	<frames value='29359'/>
	<gameDuration value='1834'/>

	<player>
		<unitScore value='19900'/>
		<killScore value='28730'/>
		<buildingScore value='4125'/>
		<razingScore value='5115'/>
		<mineralScore value='33666'/>
		<gasScore value='2624'/>
		<totalScore value='94160'/>
	</player>

	<enemy>
		<race value='Zerg'/>
		<unitScore value='12350'/>
		<unitScore value='12350'/>
		<killScore value='18800'/>
		<buildingScore value='1705'/>
		<razingScore value='0'/>
		<mineralScore value='11358'/>
		<gasScore value='3584'/>
		<totalScore value='47797'/>
	</enemy>

	<scoreRatio value='1.97'/>
	<timeFitness value='0.745278'/>
	<unitsAverage value='106'/>
</results>
