<results>
	<result value='win'/>
	<start value='2015-05-10.18:45:16'/>
	<end value='2015-05-10.18:46:10'/>
	<frames value='34939'/>
	<gameDuration value='2183'/>

	<player>
		<unitScore value='25000'/>
		<killScore value='42490'/>
		<buildingScore value='4250'/>
		<razingScore value='6840'/>
		<mineralScore value='28434'/>
		<gasScore value='3688'/>
		<totalScore value='110702'/>
	</player>

	<enemy>
		<race value='Zerg'/>
		<unitScore value='18150'/>
		<unitScore value='18150'/>
		<killScore value='19450'/>
		<buildingScore value='2280'/>
		<razingScore value='750'/>
		<mineralScore value='15490'/>
		<gasScore value='4488'/>
		<totalScore value='60608'/>
	</enemy>

	<scoreRatio value='1.82652'/>
	<timeFitness value='0.696806'/>
	<unitsAverage value='103'/>
</results>
