<results>
	<result value='win'/>
	<start value='2015-05-10.18:57:22'/>
	<end value='2015-05-10.18:59:22'/>
	<frames value='55027'/>
	<gameDuration value='3439'/>

	<player>
		<unitScore value='30975'/>
		<killScore value='55385'/>
		<buildingScore value='4900'/>
		<razingScore value='12465'/>
		<mineralScore value='33406'/>
		<gasScore value='4704'/>
		<totalScore value='141835'/>
	</player>

	<enemy>
		<race value='Zerg'/>
		<unitScore value='26625'/>
		<unitScore value='26625'/>
		<killScore value='33850'/>
		<buildingScore value='4155'/>
		<razingScore value='2925'/>
		<mineralScore value='24218'/>
		<gasScore value='8976'/>
		<totalScore value='100749'/>
	</enemy>

	<scoreRatio value='1.40781'/>
	<timeFitness value='0.522361'/>
	<unitsAverage value='113'/>
</results>
