<results>
	<result value='loss'/>
	<start value='2015-05-10.19:04:20'/>
	<end value='2015-05-10.19:04:49'/>
	<frames value='29576'/>
	<gameDuration value='1848'/>

	<player>
		<unitScore value='6975'/>
		<killScore value='19800'/>
		<buildingScore value='2250'/>
		<razingScore value='240'/>
		<mineralScore value='8770'/>
		<gasScore value='1360'/>
		<totalScore value='39395'/>
	</player>

	<enemy>
		<race value='Zerg'/>
		<unitScore value='19950'/>
		<unitScore value='19950'/>
		<killScore value='13950'/>
		<buildingScore value='3295'/>
		<razingScore value='6750'/>
		<mineralScore value='17810'/>
		<gasScore value='6440'/>
		<totalScore value='68195'/>
	</enemy>

	<scoreRatio value='0.577682'/>
	<timeFitness value='0.256667'/>
	<unitsAverage value='32'/>
</results>
