<results>
	<result value='loss'/>
	<start value='2015-05-08.16:01:33'/>
	<end value='2015-05-08.16:01:38'/>
	<frames value='8411'/>
	<gameDuration value='525'/>

	<player>
		<unitScore value='200'/>
		<killScore value='0'/>
		<buildingScore value='500'/>
		<razingScore value='0'/>
		<mineralScore value='938'/>
		<gasScore value='88'/>
		<totalScore value='1726'/>
	</player>

	<enemy>
		<race value='Terran'/>
		<unitScore value='2100'/>
		<unitScore value='2100'/>
		<killScore value='100'/>
		<buildingScore value='950'/>
		<razingScore value='0'/>
		<mineralScore value='3298'/>
		<gasScore value='896'/>
		<totalScore value='7344'/>
	</enemy>

	<scoreRatio value='0.235022'/>
	<timeFitness value='0.0729167'/>
	<unitsAverage value='5'/>
</results>
