<results>
	<result value='win'/>
	<start value='2015-05-08.15:59:02'/>
	<end value='2015-05-08.15:59:50'/>
	<frames value='35404'/>
	<gameDuration value='2212'/>

	<player>
		<unitScore value='23925'/>
		<killScore value='27950'/>
		<buildingScore value='4675'/>
		<razingScore value='11475'/>
		<mineralScore value='32814'/>
		<gasScore value='3616'/>
		<totalScore value='104455'/>
	</player>

	<enemy>
		<race value='Terran'/>
		<unitScore value='13975'/>
		<unitScore value='13975'/>
		<killScore value='23650'/>
		<buildingScore value='3825'/>
		<razingScore value='1200'/>
		<mineralScore value='12530'/>
		<gasScore value='5576'/>
		<totalScore value='60756'/>
	</enemy>

	<scoreRatio value='1.71925'/>
	<timeFitness value='0.692778'/>
	<unitsAverage value='109'/>
</results>
