<results>
	<result value='win'/>
	<start value='2015-05-02.18:52:53'/>
	<end value='2015-05-02.18:53:22'/>
	<frames value='26290'/>
	<gameDuration value='1643'/>

	<player>
		<unitScore value='12750'/>
		<killScore value='22600'/>
		<buildingScore value='2850'/>
		<razingScore value='8775'/>
		<mineralScore value='16334'/>
		<gasScore value='1784'/>
		<totalScore value='65093'/>
	</player>

	<enemy>
		<race value='Terran'/>
		<unitScore value='12100'/>
		<unitScore value='12100'/>
		<killScore value='9800'/>
		<buildingScore value='3075'/>
		<razingScore value='525'/>
		<mineralScore value='11570'/>
		<gasScore value='5184'/>
		<totalScore value='42254'/>
	</enemy>

	<scoreRatio value='1.54052'/>
	<timeFitness value='0.771806'/>
	<unitsAverage value='68'/>
</results>
