<results>
	<result value='win'/>
	<start value='2015-04-14.00:34:45'/>
	<end value='2015-04-14.00:36:14'/>
	<frames value='44270'/>
	<gameDuration value='2766'/>

	<player>
		<unitScore value='28850'/>
		<killScore value='25100'/>
		<buildingScore value='4325'/>
		<razingScore value='19125'/>
		<mineralScore value='35906'/>
		<gasScore value='4840'/>
		<totalScore value='118146'/>
	</player>

	<enemy>
		<race value='Protoss'/>
		<unitScore value='13350'/>
		<unitScore value='13350'/>
		<killScore value='32850'/>
		<buildingScore value='6375'/>
		<razingScore value='1950'/>
		<mineralScore value='17082'/>
		<gasScore value='5504'/>
		<totalScore value='77111'/>
	</enemy>

	<scoreRatio value='1.53215'/>
</results>
