<results>
	<result value='loss'/>
	<start value='2015-05-06.00:36:13'/>
	<end value='2015-05-06.00:36:22'/>
	<frames value='17920'/>
	<gameDuration value='1120'/>

	<player>
		<unitScore value='1000'/>
		<killScore value='300'/>
		<buildingScore value='700'/>
		<razingScore value='0'/>
		<mineralScore value='1426'/>
		<gasScore value='24'/>
		<totalScore value='3450'/>
	</player>

	<enemy>
		<race value='Zerg'/>
		<unitScore value='6650'/>
		<unitScore value='6650'/>
		<killScore value='2000'/>
		<buildingScore value='1520'/>
		<razingScore value='2100'/>
		<mineralScore value='6922'/>
		<gasScore value='1928'/>
		<totalScore value='21120'/>
	</enemy>

	<scoreRatio value='0.163352'/>
	<timeFitness value='0.155556'/>
	<unitsAverage value='7'/>
</results>
