<results>
	<result value='win'/>
	<start value='2015-05-06.00:39:11'/>
	<end value='2015-05-06.00:39:48'/>
	<frames value='27592'/>
	<gameDuration value='1724'/>

	<player>
		<unitScore value='17225'/>
		<killScore value='18960'/>
		<buildingScore value='5025'/>
		<razingScore value='6540'/>
		<mineralScore value='26714'/>
		<gasScore value='3080'/>
		<totalScore value='77544'/>
	</player>

	<enemy>
		<race value='Zerg'/>
		<unitScore value='9325'/>
		<unitScore value='9325'/>
		<killScore value='12800'/>
		<buildingScore value='2180'/>
		<razingScore value='0'/>
		<mineralScore value='10250'/>
		<gasScore value='2936'/>
		<totalScore value='37491'/>
	</enemy>

	<scoreRatio value='2.06834'/>
	<timeFitness value='0.760556'/>
	<unitsAverage value='102'/>
</results>
