<results>
	<result value='win'/>
	<start value='2015-05-06.00:47:03'/>
	<end value='2015-05-06.00:47:46'/>
	<frames value='28770'/>
	<gameDuration value='1798'/>

	<player>
		<unitScore value='20850'/>
		<killScore value='39685'/>
		<buildingScore value='4350'/>
		<razingScore value='5160'/>
		<mineralScore value='28722'/>
		<gasScore value='3152'/>
		<totalScore value='101919'/>
	</player>

	<enemy>
		<race value='Zerg'/>
		<unitScore value='16950'/>
		<unitScore value='16950'/>
		<killScore value='18050'/>
		<buildingScore value='1720'/>
		<razingScore value='0'/>
		<mineralScore value='14026'/>
		<gasScore value='4128'/>
		<totalScore value='54874'/>
	</enemy>

	<scoreRatio value='1.85733'/>
	<timeFitness value='0.750278'/>
	<unitsAverage value='108'/>
</results>
