<results>
	<result value='loss'/>
	<start value='2015-05-06.00:51:39'/>
	<end value='2015-05-06.00:52:35'/>
	<frames value='55864'/>
	<gameDuration value='3491'/>

	<player>
		<unitScore value='20850'/>
		<killScore value='44050'/>
		<buildingScore value='3500'/>
		<razingScore value='195'/>
		<mineralScore value='23978'/>
		<gasScore value='4974'/>
		<totalScore value='97547'/>
	</player>

	<enemy>
		<race value='Zerg'/>
		<unitScore value='48125'/>
		<unitScore value='48125'/>
		<killScore value='41700'/>
		<buildingScore value='4880'/>
		<razingScore value='10500'/>
		<mineralScore value='36274'/>
		<gasScore value='16228'/>
		<totalScore value='157707'/>
	</enemy>

	<scoreRatio value='0.618533'/>
	<timeFitness value='0.484861'/>
	<unitsAverage value='59'/>
</results>
