<results>
	<result value='win'/>
	<start value='2015-05-06.01:09:40'/>
	<end value='2015-05-06.01:10:14'/>
	<frames value='24461'/>
	<gameDuration value='1528'/>

	<player>
		<unitScore value='15800'/>
		<killScore value='23380'/>
		<buildingScore value='4000'/>
		<razingScore value='4800'/>
		<mineralScore value='22754'/>
		<gasScore value='1848'/>
		<totalScore value='72582'/>
	</player>

	<enemy>
		<race value='Zerg'/>
		<unitScore value='11000'/>
		<unitScore value='11000'/>
		<killScore value='11100'/>
		<buildingScore value='1600'/>
		<razingScore value='0'/>
		<mineralScore value='10170'/>
		<gasScore value='3096'/>
		<totalScore value='36966'/>
	</enemy>

	<scoreRatio value='1.96348'/>
	<timeFitness value='0.787778'/>
	<unitsAverage value='92'/>
</results>
