<results>
	<result value='win'/>
	<start value='2015-04-13.20:38:52'/>
	<end value='2015-04-13.20:40:07'/>
	<frames value='41108'/>
	<gameDuration value='2569'/>

	<player>
		<unitScore value='24500'/>
		<killScore value='31000'/>
		<buildingScore value='4125'/>
		<razingScore value='24900'/>
		<mineralScore value='33090'/>
		<gasScore value='3376'/>
		<totalScore value='120991'/>
	</player>

	<enemy>
		<race value='Protoss'/>
		<unitScore value='15975'/>
		<unitScore value='15975'/>
		<killScore value='28150'/>
		<buildingScore value='8300'/>
		<razingScore value='1500'/>
		<mineralScore value='21610'/>
		<gasScore value='5960'/>
		<totalScore value='81495'/>
	</enemy>

	<scoreRatio value='1.48464'/>
</results>
