<results>
	<result value='win'/>
	<start value='2015-04-13.20:40:10'/>
	<end value='2015-04-13.20:40:49'/>
	<frames value='27561'/>
	<gameDuration value='1722'/>

	<player>
		<unitScore value='14325'/>
		<killScore value='12200'/>
		<buildingScore value='3775'/>
		<razingScore value='11400'/>
		<mineralScore value='19042'/>
		<gasScore value='2168'/>
		<totalScore value='62910'/>
	</player>

	<enemy>
		<race value='Protoss'/>
		<unitScore value='6100'/>
		<unitScore value='6100'/>
		<killScore value='10600'/>
		<buildingScore value='3800'/>
		<razingScore value='300'/>
		<mineralScore value='11994'/>
		<gasScore value='3032'/>
		<totalScore value='35826'/>
	</enemy>

	<scoreRatio value='1.75599'/>
</results>
