<results>
	<result value='loss'/>
	<start value='2015-04-13.21:02:37'/>
	<end value='2015-04-13.21:04:28'/>
	<frames value='49881'/>
	<gameDuration value='3117'/>

	<player>
		<unitScore value='24225'/>
		<killScore value='43400'/>
		<buildingScore value='3250'/>
		<razingScore value='0'/>
		<mineralScore value='23954'/>
		<gasScore value='4760'/>
		<totalScore value='99589'/>
	</player>

	<enemy>
		<race value='Protoss'/>
		<unitScore value='41690'/>
		<unitScore value='41690'/>
		<killScore value='48550'/>
		<buildingScore value='7475'/>
		<razingScore value='9750'/>
		<mineralScore value='34798'/>
		<gasScore value='14256'/>
		<totalScore value='156519'/>
	</enemy>

	<scoreRatio value='0.636274'/>
</results>
