<results>
	<result value='win'/>
	<start value='2015-05-02.18:08:49'/>
	<end value='2015-05-02.18:09:49'/>
	<frames value='41325'/>
	<gameDuration value='2582'/>

	<player>
		<unitScore value='17875'/>
		<killScore value='13000'/>
		<buildingScore value='4825'/>
		<razingScore value='10125'/>
		<mineralScore value='22770'/>
		<gasScore value='2736'/>
		<totalScore value='71331'/>
	</player>

	<enemy>
		<race value='Protoss'/>
		<unitScore value='6500'/>
		<unitScore value='6500'/>
		<killScore value='7950'/>
		<buildingScore value='3375'/>
		<razingScore value='0'/>
		<mineralScore value='11574'/>
		<gasScore value='3488'/>
		<totalScore value='32887'/>
	</enemy>

	<scoreRatio value='2.16897'/>
	<timeFitness value='0.641389'/>
	<unitsAverage value='108'/>
</results>
