<results>
	<result value='loss'/>
	<start value='2015-05-02.18:15:41'/>
	<end value='2015-05-02.18:16:16'/>
	<frames value='47866'/>
	<gameDuration value='2991'/>

	<player>
		<unitScore value='11375'/>
		<killScore value='13400'/>
		<buildingScore value='1325'/>
		<razingScore value='7200'/>
		<mineralScore value='12170'/>
		<gasScore value='2208'/>
		<totalScore value='47678'/>
	</player>

	<enemy>
		<race value='Protoss'/>
		<unitScore value='15975'/>
		<unitScore value='15975'/>
		<killScore value='22750'/>
		<buildingScore value='9825'/>
		<razingScore value='3975'/>
		<mineralScore value='28394'/>
		<gasScore value='5992'/>
		<totalScore value='86911'/>
	</enemy>

	<scoreRatio value='0.548584'/>
	<timeFitness value='0.415417'/>
	<unitsAverage value='47'/>
</results>
