<results>
	<result value='win'/>
	<start value='2015-04-30.09:53:28'/>
	<end value='2015-04-30.09:54:11'/>
	<frames value='29514'/>
	<gameDuration value='1844'/>

	<player>
		<unitScore value='16400'/>
		<killScore value='25745'/>
		<buildingScore value='3650'/>
		<razingScore value='7920'/>
		<mineralScore value='22474'/>
		<gasScore value='3024'/>
		<totalScore value='79213'/>
	</player>

	<enemy>
		<race value='Zerg'/>
		<unitScore value='12050'/>
		<unitScore value='12050'/>
		<killScore value='13700'/>
		<buildingScore value='2640'/>
		<razingScore value='1575'/>
		<mineralScore value='12574'/>
		<gasScore value='3984'/>
		<totalScore value='46523'/>
	</enemy>

	<scoreRatio value='1.70266'/>
</results>
