<results>
	<result value='loss'/>
	<start value='2015-04-11.06:56:59'/>
	<end value='2015-04-11.06:58:13'/>
	<frames value='44735'/>
	<gameDuration value='2795'/>

	<player>
		<unitScore value='21950'/>
		<killScore value='26750'/>
		<buildingScore value='2075'/>
		<razingScore value='150'/>
		<mineralScore value='23298'/>
		<gasScore value='4096'/>
		<totalScore value='78319'/>
	</player>

	<enemy>
		<race value='Protoss'/>
		<unitScore value='34045'/>
		<unitScore value='34045'/>
		<killScore value='44000'/>
		<buildingScore value='7525'/>
		<razingScore value='6225'/>
		<mineralScore value='30878'/>
		<gasScore value='12300'/>
		<totalScore value='134973'/>
	</enemy>

	<scoreRatio value='0.580257'/>
</results>
