<results>
	<result value='win'/>
	<start value='2015-04-11.16:34:43'/>
	<end value='2015-04-11.16:36:50'/>
	<frames value='48114'/>
	<gameDuration value='3007'/>

	<player>
		<unitScore value='20475'/>
		<killScore value='21350'/>
		<buildingScore value='5300'/>
		<razingScore value='19275'/>
		<mineralScore value='41034'/>
		<gasScore value='4240'/>
		<totalScore value='111674'/>
	</player>

	<enemy>
		<race value='Protoss'/>
		<unitScore value='11100'/>
		<unitScore value='11100'/>
		<killScore value='18100'/>
		<buildingScore value='6425'/>
		<razingScore value='3075'/>
		<mineralScore value='17174'/>
		<gasScore value='4104'/>
		<totalScore value='59978'/>
	</enemy>

	<scoreRatio value='1.86192'/>
</results>
