<results>
	<result value='loss'/>
	<start value='2015-04-11.16:38:15'/>
	<end value='2015-04-11.16:39:40'/>
	<frames value='53012'/>
	<gameDuration value='3313'/>

	<player>
		<unitScore value='30475'/>
		<killScore value='42850'/>
		<buildingScore value='3575'/>
		<razingScore value='750'/>
		<mineralScore value='31414'/>
		<gasScore value='4960'/>
		<totalScore value='114024'/>
	</player>

	<enemy>
		<race value='Protoss'/>
		<unitScore value='35325'/>
		<unitScore value='35325'/>
		<killScore value='61050'/>
		<buildingScore value='6425'/>
		<razingScore value='10725'/>
		<mineralScore value='30402'/>
		<gasScore value='11184'/>
		<totalScore value='155111'/>
	</enemy>

	<scoreRatio value='0.735112'/>
</results>
