<results>
	<result value='loss'/>
	<start value='2015-04-11.16:48:15'/>
	<end value='2015-04-11.16:48:30'/>
	<frames value='16649'/>
	<gameDuration value='1040'/>

	<player>
		<unitScore value='3800'/>
		<killScore value='1000'/>
		<buildingScore value='1950'/>
		<razingScore value='0'/>
		<mineralScore value='5802'/>
		<gasScore value='784'/>
		<totalScore value='13336'/>
	</player>

	<enemy>
		<race value='Protoss'/>
		<unitScore value='3550'/>
		<unitScore value='3550'/>
		<killScore value='7600'/>
		<buildingScore value='4025'/>
		<razingScore value='5625'/>
		<mineralScore value='8882'/>
		<gasScore value='1776'/>
		<totalScore value='31458'/>
	</enemy>

	<scoreRatio value='0.42393'/>
</results>
