<results>
	<result value='win'/>
	<start value='2015-04-09.02:15:59'/>
	<end value='2015-04-09.02:16:16'/>
	<frames value='23097'/>
	<gameDuration value='1443'/>

	<player>
		<unitScore value='10250'/>
		<killScore value='14250'/>
		<buildingScore value='2900'/>
		<razingScore value='10725'/>
		<mineralScore value='16414'/>
		<gasScore value='1736'/>
		<totalScore value='56275'/>
	</player>

	<enemy>
		<race value='Protoss'/>
		<unitScore value='7825'/>
		<unitScore value='7825'/>
		<killScore value='5800'/>
		<buildingScore value='3575'/>
		<razingScore value='150'/>
		<mineralScore value='9946'/>
		<gasScore value='2872'/>
		<totalScore value='30168'/>
	</enemy>

	<scoreRatio value='1.86539'/>
</results>
