<results>
	<result value='win'/>
	<start value='2015-04-09.02:23:51'/>
	<end value='2015-04-09.02:24:41'/>
	<frames value='44673'/>
	<gameDuration value='2792'/>

	<player>
		<unitScore value='28475'/>
		<killScore value='39900'/>
		<buildingScore value='3200'/>
		<razingScore value='20325'/>
		<mineralScore value='31070'/>
		<gasScore value='3880'/>
		<totalScore value='126850'/>
	</player>

	<enemy>
		<race value='Protoss'/>
		<unitScore value='21750'/>
		<unitScore value='21750'/>
		<killScore value='39850'/>
		<buildingScore value='6775'/>
		<razingScore value='300'/>
		<mineralScore value='21970'/>
		<gasScore value='7464'/>
		<totalScore value='98109'/>
	</enemy>

	<scoreRatio value='1.29295'/>
</results>
