<results>
	<result value='loss'/>
	<start value='2015-04-13.20:46:38'/>
	<end value='2015-04-13.20:46:48'/>
	<frames value='12960'/>
	<gameDuration value='810'/>

	<player>
		<unitScore value='1950'/>
		<killScore value='200'/>
		<buildingScore value='975'/>
		<razingScore value='0'/>
		<mineralScore value='2714'/>
		<gasScore value='432'/>
		<totalScore value='6271'/>
	</player>

	<enemy>
		<race value='Protoss'/>
		<unitScore value='3550'/>
		<unitScore value='3550'/>
		<killScore value='3900'/>
		<buildingScore value='2175'/>
		<razingScore value='2925'/>
		<mineralScore value='6434'/>
		<gasScore value='1152'/>
		<totalScore value='20136'/>
	</enemy>

	<scoreRatio value='0.311432'/>
</results>
