<results>
	<result value='loss'/>
	<start value='2015-04-13.20:55:05'/>
	<end value='2015-04-13.20:55:18'/>
	<frames value='14572'/>
	<gameDuration value='910'/>

	<player>
		<unitScore value='3925'/>
		<killScore value='400'/>
		<buildingScore value='1875'/>
		<razingScore value='0'/>
		<mineralScore value='5346'/>
		<gasScore value='392'/>
		<totalScore value='11938'/>
	</player>

	<enemy>
		<race value='Protoss'/>
		<unitScore value='3550'/>
		<unitScore value='3550'/>
		<killScore value='7850'/>
		<buildingScore value='2375'/>
		<razingScore value='5625'/>
		<mineralScore value='7426'/>
		<gasScore value='1240'/>
		<totalScore value='28066'/>
	</enemy>

	<scoreRatio value='0.425355'/>
</results>
