<results>
	<result value='loss'/>
	<start value='2015-07-19.08:02:47'/>
	<end value='2015-07-19.08:03:25'/>
	<frames value='27809'/>
	<gameDuration value='1738'/>

	<player>
		<unitScore value='14000'/>
		<killScore value='10700'/>
		<buildingScore value='2925'/>
		<razingScore value='0'/>
		<mineralScore value='27498'/>
		<gasScore value='2440'/>
		<totalScore value='57563'/>
	</player>

	<enemy>
		<race value='Zerg'/>
		<unitScore value='14550'/>
		<killScore value='27400'/>
		<buildingScore value='3070'/>
		<razingScore value='8775'/>
		<mineralScore value='15418'/>
		<gasScore value='4416'/>
		<totalScore value='73629'/>
	</enemy>

	<scoreRatio value='0.781798'/>
	<timeFitness value='0.241389'/>
	<unitsAverage value='65'/>
</results>
