<results>
	<result value='loss'/>
	<start value='2015-05-10.03:32:31'/>
	<end value='2015-05-10.03:33:51'/>
	<frames value='47711'/>
	<gameDuration value='2981'/>

	<player>
		<unitScore value='25100'/>
		<killScore value='49500'/>
		<buildingScore value='2825'/>
		<razingScore value='600'/>
		<mineralScore value='23870'/>
		<gasScore value='3160'/>
		<totalScore value='105055'/>
	</player>

	<enemy>
		<race value='Protoss'/>
		<unitScore value='39300'/>
		<unitScore value='39300'/>
		<killScore value='50200'/>
		<buildingScore value='7325'/>
		<razingScore value='8475'/>
		<mineralScore value='34442'/>
		<gasScore value='12134'/>
		<totalScore value='151876'/>
	</enemy>

	<scoreRatio value='0.691716'/>
	<timeFitness value='0.414028'/>
	<unitsAverage value='87'/>
</results>
