<results>
	<result value='loss'/>
	<start value='2015-05-10.03:42:14'/>
	<end value='2015-05-10.03:42:26'/>
	<frames value='15843'/>
	<gameDuration value='990'/>

	<player>
		<unitScore value='3200'/>
		<killScore value='400'/>
		<buildingScore value='1500'/>
		<razingScore value='0'/>
		<mineralScore value='4322'/>
		<gasScore value='472'/>
		<totalScore value='9894'/>
	</player>

	<enemy>
		<race value='Protoss'/>
		<unitScore value='3800'/>
		<unitScore value='3800'/>
		<killScore value='6300'/>
		<buildingScore value='3125'/>
		<razingScore value='4500'/>
		<mineralScore value='8202'/>
		<gasScore value='1328'/>
		<totalScore value='27255'/>
	</enemy>

	<scoreRatio value='0.363016'/>
	<timeFitness value='0.1375'/>
	<unitsAverage value='22'/>
</results>
