<results>
	<result value='loss'/>
	<start value='2015-05-10.03:43:03'/>
	<end value='2015-05-10.03:44:49'/>
	<frames value='50191'/>
	<gameDuration value='3136'/>

	<player>
		<unitScore value='24425'/>
		<killScore value='50500'/>
		<buildingScore value='2825'/>
		<razingScore value='0'/>
		<mineralScore value='24282'/>
		<gasScore value='5042'/>
		<totalScore value='107074'/>
	</player>

	<enemy>
		<race value='Protoss'/>
		<unitScore value='43375'/>
		<unitScore value='43375'/>
		<killScore value='48850'/>
		<buildingScore value='7525'/>
		<razingScore value='8475'/>
		<mineralScore value='35582'/>
		<gasScore value='14826'/>
		<totalScore value='158633'/>
	</enemy>

	<scoreRatio value='0.674979'/>
	<timeFitness value='0.435556'/>
	<unitsAverage value='106'/>
</results>
