<results>
	<result value='loss'/>
	<start value='2015-04-27.19:16:16'/>
	<end value='2015-04-27.19:16:28'/>
	<frames value='16680'/>
	<gameDuration value='1042'/>

	<player>
		<unitScore value='3675'/>
		<killScore value='400'/>
		<buildingScore value='2000'/>
		<razingScore value='0'/>
		<mineralScore value='5570'/>
		<gasScore value='672'/>
		<totalScore value='12317'/>
	</player>

	<enemy>
		<race value='Terran'/>
		<unitScore value='5400'/>
		<unitScore value='5400'/>
		<killScore value='7350'/>
		<buildingScore value='2225'/>
		<razingScore value='6000'/>
		<mineralScore value='7650'/>
		<gasScore value='2608'/>
		<totalScore value='31233'/>
	</enemy>

	<scoreRatio value='0.394359'/>
</results>
