<results>
	<result value='loss'/>
	<start value='2015-04-27.19:24:15'/>
	<end value='2015-04-27.19:24:29'/>
	<frames value='18850'/>
	<gameDuration value='1178'/>

	<player>
		<unitScore value='3975'/>
		<killScore value='2500'/>
		<buildingScore value='1950'/>
		<razingScore value='0'/>
		<mineralScore value='5778'/>
		<gasScore value='936'/>
		<totalScore value='15139'/>
	</player>

	<enemy>
		<race value='Terran'/>
		<unitScore value='7400'/>
		<unitScore value='7400'/>
		<killScore value='7950'/>
		<buildingScore value='2850'/>
		<razingScore value='5850'/>
		<mineralScore value='8810'/>
		<gasScore value='3152'/>
		<totalScore value='36012'/>
	</enemy>

	<scoreRatio value='0.420388'/>
</results>
