<results>
	<result value='win'/>
	<start value='2015-04-27.19:24:31'/>
	<end value='2015-04-27.19:25:23'/>
	<frames value='32366'/>
	<gameDuration value='2022'/>

	<player>
		<unitScore value='23225'/>
		<killScore value='26900'/>
		<buildingScore value='4675'/>
		<razingScore value='7200'/>
		<mineralScore value='33634'/>
		<gasScore value='3528'/>
		<totalScore value='99162'/>
	</player>

	<enemy>
		<race value='Terran'/>
		<unitScore value='14050'/>
		<unitScore value='14050'/>
		<killScore value='22700'/>
		<buildingScore value='2400'/>
		<razingScore value='1500'/>
		<mineralScore value='12050'/>
		<gasScore value='4982'/>
		<totalScore value='57682'/>
	</enemy>

	<scoreRatio value='1.71912'/>
</results>
