<results>
	<result value='win'/>
	<start value='2014-07-12.19:52:22'/>
	<end value='2014-07-12.19:52:43'/>
	<frames value='29762'/>
	<gameDuration value='1860'/>

	<player>
		<unitScore value='12400'/>
		<killScore value='22600'/>
		<buildingScore value='4050'/>
		<razingScore value='9750'/>
		<mineralScore value='18238'/>
		<gasScore value='2392'/>
		<totalScore value='69430'/>
	</player>

	<enemy>
		<race value='Terran'/>
		<unitScore value='12100'/>
		<unitScore value='12100'/>
		<killScore value='8650'/>
		<buildingScore value='3250'/>
		<razingScore value='2025'/>
		<mineralScore value='12042'/>
		<gasScore value='5416'/>
		<totalScore value='43483'/>
	</enemy>

	<scoreRatio value='1.59672'/>
</results>
