<results>
	<result value='win'/>
	<start value='2014-07-12.20:02:09'/>
	<end value='2014-07-12.20:02:28'/>
	<frames value='27220'/>
	<gameDuration value='1701'/>

	<player>
		<unitScore value='14025'/>
		<killScore value='23950'/>
		<buildingScore value='3800'/>
		<razingScore value='8100'/>
		<mineralScore value='18914'/>
		<gasScore value='2872'/>
		<totalScore value='71661'/>
	</player>

	<enemy>
		<race value='Terran'/>
		<unitScore value='11975'/>
		<unitScore value='11975'/>
		<killScore value='12250'/>
		<buildingScore value='2300'/>
		<razingScore value='1725'/>
		<mineralScore value='11958'/>
		<gasScore value='4272'/>
		<totalScore value='44480'/>
	</enemy>

	<scoreRatio value='1.61108'/>
</results>
