<results>
	<result value='win'/>
	<start value='2015-05-10.01:03:18'/>
	<end value='2015-05-10.01:03:54'/>
	<frames value='30692'/>
	<gameDuration value='1918'/>

	<player>
		<unitScore value='17775'/>
		<killScore value='22050'/>
		<buildingScore value='3925'/>
		<razingScore value='18525'/>
		<mineralScore value='26294'/>
		<gasScore value='2576'/>
		<totalScore value='91145'/>
	</player>

	<enemy>
		<race value='Protoss'/>
		<unitScore value='11775'/>
		<unitScore value='11775'/>
		<killScore value='13050'/>
		<buildingScore value='6175'/>
		<razingScore value='150'/>
		<mineralScore value='14862'/>
		<gasScore value='4288'/>
		<totalScore value='50300'/>
	</enemy>

	<scoreRatio value='1.81203'/>
	<timeFitness value='0.733611'/>
	<unitsAverage value='91'/>
</results>
