<results>
	<result value='win'/>
	<start value='2015-04-10.20:42:11'/>
	<end value='2015-04-10.20:42:52'/>
	<frames value='25267'/>
	<gameDuration value='1579'/>

	<player>
		<unitScore value='13675'/>
		<killScore value='17800'/>
		<buildingScore value='3775'/>
		<razingScore value='11325'/>
		<mineralScore value='22234'/>
		<gasScore value='2920'/>
		<totalScore value='71729'/>
	</player>

	<enemy>
		<race value='Protoss'/>
		<unitScore value='10300'/>
		<unitScore value='10300'/>
		<killScore value='9750'/>
		<buildingScore value='3775'/>
		<razingScore value='300'/>
		<mineralScore value='10290'/>
		<gasScore value='2864'/>
		<totalScore value='37279'/>
	</enemy>

	<scoreRatio value='1.92411'/>
</results>
