<results>
	<result value='win'/>
	<start value='2015-04-30.12:29:44'/>
	<end value='2015-04-30.12:30:08'/>
	<frames value='20648'/>
	<gameDuration value='1290'/>

	<player>
		<unitScore value='11125'/>
		<killScore value='17980'/>
		<buildingScore value='2275'/>
		<razingScore value='3810'/>
		<mineralScore value='13314'/>
		<gasScore value='1104'/>
		<totalScore value='49608'/>
	</player>

	<enemy>
		<race value='Zerg'/>
		<unitScore value='8550'/>
		<unitScore value='8550'/>
		<killScore value='10550'/>
		<buildingScore value='1270'/>
		<razingScore value='0'/>
		<mineralScore value='7482'/>
		<gasScore value='1800'/>
		<totalScore value='29652'/>
	</enemy>

	<scoreRatio value='1.67301'/>
	<timeFitness value='0.820833'/>
	<unitsAverage value='60'/>
</results>
