<results>
	<result value='win'/>
	<start value='2015-04-30.12:31:08'/>
	<end value='2015-04-30.12:33:14'/>
	<frames value='40023'/>
	<gameDuration value='2501'/>

	<player>
		<unitScore value='20375'/>
		<killScore value='26920'/>
		<buildingScore value='3825'/>
		<razingScore value='4800'/>
		<mineralScore value='39866'/>
		<gasScore value='5136'/>
		<totalScore value='100922'/>
	</player>

	<enemy>
		<race value='Zerg'/>
		<unitScore value='12000'/>
		<unitScore value='12000'/>
		<killScore value='17600'/>
		<buildingScore value='1600'/>
		<razingScore value='0'/>
		<mineralScore value='10686'/>
		<gasScore value='3160'/>
		<totalScore value='45046'/>
	</enemy>

	<scoreRatio value='2.24042'/>
	<timeFitness value='0.652639'/>
	<unitsAverage value='148'/>
</results>
