<results>
	<result value='loss'/>
	<start value='2014-07-03.03:43:25'/>
	<end value='2014-07-03.03:43:48'/>
	<frames value='37636'/>
	<gameDuration value='2352'/>

	<player>
		<unitScore value='15575'/>
		<killScore value='15300'/>
		<buildingScore value='2150'/>
		<razingScore value='0'/>
		<mineralScore value='18346'/>
		<gasScore value='1488'/>
		<totalScore value='52859'/>
	</player>

	<enemy>
		<race value='Protoss'/>
		<unitScore value='24100'/>
		<unitScore value='24100'/>
		<killScore value='31250'/>
		<buildingScore value='7075'/>
		<razingScore value='6450'/>
		<mineralScore value='25490'/>
		<gasScore value='9362'/>
		<totalScore value='103727'/>
	</enemy>

	<scoreRatio value='0.509597'/>
</results>
