<results>
	<result value='loss'/>
	<start value='2015-07-13.16:20:19'/>
	<end value='2015-07-13.16:20:31'/>
	<frames value='25825'/>
	<gameDuration value='1614'/>

	<player>
		<unitScore value='4150'/>
		<killScore value='2400'/>
		<buildingScore value='1475'/>
		<razingScore value='0'/>
		<mineralScore value='4850'/>
		<gasScore value='848'/>
		<totalScore value='13723'/>
	</player>

	<enemy>
		<race value='Protoss'/>
		<unitScore value='10575'/>
		<killScore value='8500'/>
		<buildingScore value='6525'/>
		<razingScore value='4425'/>
		<mineralScore value='15722'/>
		<gasScore value='5304'/>
		<totalScore value='51051'/>
	</enemy>

	<scoreRatio value='0.26881'/>
	<timeFitness value='0.224167'/>
	<unitsAverage value='16'/>
</results>
