<results>
	<result value='win'/>
	<start value='2015-04-28.01:48:48'/>
	<end value='2015-04-28.01:49:42'/>
	<frames value='29111'/>
	<gameDuration value='1819'/>

	<player>
		<unitScore value='20525'/>
		<killScore value='29810'/>
		<buildingScore value='4600'/>
		<razingScore value='6495'/>
		<mineralScore value='30006'/>
		<gasScore value='2136'/>
		<totalScore value='93572'/>
	</player>

	<enemy>
		<race value='Zerg'/>
		<unitScore value='13625'/>
		<unitScore value='13625'/>
		<killScore value='18650'/>
		<buildingScore value='2165'/>
		<razingScore value='0'/>
		<mineralScore value='12694'/>
		<gasScore value='4104'/>
		<totalScore value='51238'/>
	</enemy>

	<scoreRatio value='1.82622'/>
</results>
