<results>
	<result value='win'/>
	<start value='2015-04-28.01:49:45'/>
	<end value='2015-04-28.01:50:15'/>
	<frames value='25236'/>
	<gameDuration value='1577'/>

	<player>
		<unitScore value='13250'/>
		<killScore value='22270'/>
		<buildingScore value='2725'/>
		<razingScore value='6015'/>
		<mineralScore value='15370'/>
		<gasScore value='1744'/>
		<totalScore value='61374'/>
	</player>

	<enemy>
		<race value='Zerg'/>
		<unitScore value='9775'/>
		<unitScore value='9775'/>
		<killScore value='12200'/>
		<buildingScore value='2005'/>
		<razingScore value='0'/>
		<mineralScore value='10558'/>
		<gasScore value='3208'/>
		<totalScore value='37746'/>
	</enemy>

	<scoreRatio value='1.62597'/>
</results>
