<results>
	<result value='win'/>
	<start value='2014-07-05.13:35:39'/>
	<end value='2014-07-05.13:36:14'/>
	<frames value='37295'/>
	<gameDuration value='2330'/>

	<player>
		<unitScore value='26275'/>
		<killScore value='35775'/>
		<buildingScore value='4775'/>
		<razingScore value='9930'/>
		<mineralScore value='31186'/>
		<gasScore value='3888'/>
		<totalScore value='111829'/>
	</player>

	<enemy>
		<race value='Zerg'/>
		<unitScore value='17550'/>
		<unitScore value='17550'/>
		<killScore value='28350'/>
		<buildingScore value='3310'/>
		<razingScore value='2475'/>
		<mineralScore value='18854'/>
		<gasScore value='5088'/>
		<totalScore value='75627'/>
	</enemy>

	<scoreRatio value='1.47869'/>
</results>
