<results>
	<result value='draw'/>
	<start value='2014-07-05.13:40:42'/>
	<end value='2014-07-05.13:42:07'/>
	<frames value='57601'/>
	<gameDuration value='3600'/>

	<player>
		<unitScore value='20500'/>
		<killScore value='23490'/>
		<buildingScore value='5875'/>
		<razingScore value='7245'/>
		<mineralScore value='50438'/>
		<gasScore value='8416'/>
		<totalScore value='115964'/>
	</player>

	<enemy>
		<race value='Zerg'/>
		<unitScore value='11275'/>
		<unitScore value='11275'/>
		<killScore value='16200'/>
		<buildingScore value='2680'/>
		<razingScore value='0'/>
		<mineralScore value='12514'/>
		<gasScore value='3408'/>
		<totalScore value='46077'/>
	</enemy>

	<scoreRatio value='2.51674'/>
</results>
