<results>
	<result value='win'/>
	<start value='2014-07-05.13:47:59'/>
	<end value='2014-07-05.13:48:29'/>
	<frames value='32552'/>
	<gameDuration value='2034'/>

	<player>
		<unitScore value='21500'/>
		<killScore value='36770'/>
		<buildingScore value='4425'/>
		<razingScore value='7080'/>
		<mineralScore value='31278'/>
		<gasScore value='2544'/>
		<totalScore value='103597'/>
	</player>

	<enemy>
		<race value='Zerg'/>
		<unitScore value='15750'/>
		<unitScore value='15750'/>
		<killScore value='18800'/>
		<buildingScore value='2360'/>
		<razingScore value='150'/>
		<mineralScore value='14506'/>
		<gasScore value='4416'/>
		<totalScore value='55982'/>
	</enemy>

	<scoreRatio value='1.85054'/>
</results>
