<results>
	<result value='loss'/>
	<start value='2015-07-20.19:16:54'/>
	<end value='2015-07-20.19:17:21'/>
	<frames value='24399'/>
	<gameDuration value='1524'/>

	<player>
		<unitScore value='8675'/>
		<killScore value='4400'/>
		<buildingScore value='3150'/>
		<razingScore value='0'/>
		<mineralScore value='18066'/>
		<gasScore value='1504'/>
		<totalScore value='35795'/>
	</player>

	<enemy>
		<race value='Zerg'/>
		<unitScore value='10175'/>
		<killScore value='16350'/>
		<buildingScore value='2955'/>
		<razingScore value='9450'/>
		<mineralScore value='13482'/>
		<gasScore value='3824'/>
		<totalScore value='56236'/>
	</enemy>

	<scoreRatio value='0.636514'/>
	<timeFitness value='0.211667'/>
	<unitsAverage value='52'/>
</results>
