<results>
	<result value='win'/>
	<start value='2015-05-09.17:13:43'/>
	<end value='2015-05-09.17:14:03'/>
	<frames value='31126'/>
	<gameDuration value='1945'/>

	<player>
		<unitScore value='14800'/>
		<killScore value='22650'/>
		<buildingScore value='2575'/>
		<razingScore value='17175'/>
		<mineralScore value='16930'/>
		<gasScore value='3240'/>
		<totalScore value='77370'/>
	</player>

	<enemy>
		<race value='Protoss'/>
		<unitScore value='12025'/>
		<unitScore value='12025'/>
		<killScore value='16250'/>
		<buildingScore value='5725'/>
		<razingScore value='1350'/>
		<mineralScore value='14202'/>
		<gasScore value='3624'/>
		<totalScore value='53176'/>
	</enemy>

	<scoreRatio value='1.45498'/>
	<timeFitness value='0.729861'/>
	<unitsAverage value='67'/>
</results>
