<results>
	<result value='loss'/>
	<start value='2015-05-03.11:59:03'/>
	<end value='2015-05-03.11:59:09'/>
	<frames value='15595'/>
	<gameDuration value='974'/>

	<player>
		<unitScore value='4575'/>
		<killScore value='1200'/>
		<buildingScore value='1075'/>
		<razingScore value='0'/>
		<mineralScore value='5426'/>
		<gasScore value='720'/>
		<totalScore value='12996'/>
	</player>

	<enemy>
		<race value='Protoss'/>
		<unitScore value='3925'/>
		<unitScore value='3925'/>
		<killScore value='9150'/>
		<buildingScore value='3325'/>
		<razingScore value='3225'/>
		<mineralScore value='7946'/>
		<gasScore value='1872'/>
		<totalScore value='29443'/>
	</enemy>

	<scoreRatio value='0.441395'/>
	<timeFitness value='0.135278'/>
	<unitsAverage value='28'/>
</results>
