<results>
	<result value='loss'/>
	<start value='2015-05-03.12:02:11'/>
	<end value='2015-05-03.12:02:17'/>
	<frames value='15564'/>
	<gameDuration value='972'/>

	<player>
		<unitScore value='2400'/>
		<killScore value='1400'/>
		<buildingScore value='1350'/>
		<razingScore value='0'/>
		<mineralScore value='3786'/>
		<gasScore value='680'/>
		<totalScore value='9616'/>
	</player>

	<enemy>
		<race value='Protoss'/>
		<unitScore value='3550'/>
		<unitScore value='3550'/>
		<killScore value='4800'/>
		<buildingScore value='3475'/>
		<razingScore value='4050'/>
		<mineralScore value='8226'/>
		<gasScore value='1520'/>
		<totalScore value='25621'/>
	</enemy>

	<scoreRatio value='0.375317'/>
	<timeFitness value='0.135'/>
	<unitsAverage value='18'/>
</results>
