<results>
	<result value='win'/>
	<start value='2015-04-13.19:54:25'/>
	<end value='2015-04-13.19:54:57'/>
	<frames value='34877'/>
	<gameDuration value='2179'/>

	<player>
		<unitScore value='22175'/>
		<killScore value='20450'/>
		<buildingScore value='4375'/>
		<razingScore value='18825'/>
		<mineralScore value='27058'/>
		<gasScore value='3472'/>
		<totalScore value='96355'/>
	</player>

	<enemy>
		<race value='Protoss'/>
		<unitScore value='11375'/>
		<unitScore value='11375'/>
		<killScore value='22800'/>
		<buildingScore value='6275'/>
		<razingScore value='2325'/>
		<mineralScore value='14794'/>
		<gasScore value='4784'/>
		<totalScore value='62353'/>
	</enemy>

	<scoreRatio value='1.54531'/>
</results>
