<results>
	<result value='loss'/>
	<start value='2015-04-28.16:27:28'/>
	<end value='2015-04-28.16:27:37'/>
	<frames value='15719'/>
	<gameDuration value='982'/>

	<player>
		<unitScore value='2800'/>
		<killScore value='1000'/>
		<buildingScore value='1500'/>
		<razingScore value='0'/>
		<mineralScore value='4466'/>
		<gasScore value='696'/>
		<totalScore value='10462'/>
	</player>

	<enemy>
		<race value='Protoss'/>
		<unitScore value='3550'/>
		<unitScore value='3550'/>
		<killScore value='5600'/>
		<buildingScore value='2975'/>
		<razingScore value='4500'/>
		<mineralScore value='7986'/>
		<gasScore value='1440'/>
		<totalScore value='26051'/>
	</enemy>

	<scoreRatio value='0.401597'/>
</results>
