<results>
	<result value='loss'/>
	<start value='2015-05-09.16:46:39'/>
	<end value='2015-05-09.16:47:23'/>
	<frames value='39217'/>
	<gameDuration value='2451'/>

	<player>
		<unitScore value='12525'/>
		<killScore value='15650'/>
		<buildingScore value='1650'/>
		<razingScore value='750'/>
		<mineralScore value='11986'/>
		<gasScore value='2904'/>
		<totalScore value='45465'/>
	</player>

	<enemy>
		<race value='Protoss'/>
		<unitScore value='26775'/>
		<unitScore value='26775'/>
		<killScore value='25050'/>
		<buildingScore value='8025'/>
		<razingScore value='4950'/>
		<mineralScore value='27066'/>
		<gasScore value='10602'/>
		<totalScore value='102468'/>
	</enemy>

	<scoreRatio value='0.4437'/>
	<timeFitness value='0.340417'/>
	<unitsAverage value='37'/>
</results>
