<results>
	<result value='loss'/>
	<start value='2015-07-20.06:05:50'/>
	<end value='2015-07-20.06:06:21'/>
	<frames value='23469'/>
	<gameDuration value='1466'/>

	<player>
		<unitScore value='8775'/>
		<killScore value='1350'/>
		<buildingScore value='4075'/>
		<razingScore value='900'/>
		<mineralScore value='20338'/>
		<gasScore value='1088'/>
		<totalScore value='36526'/>
	</player>

	<enemy>
		<race value='Zerg'/>
		<unitScore value='8225'/>
		<killScore value='17550'/>
		<buildingScore value='2875'/>
		<razingScore value='12225'/>
		<mineralScore value='12706'/>
		<gasScore value='3656'/>
		<totalScore value='57237'/>
	</enemy>

	<scoreRatio value='0.638154'/>
	<timeFitness value='0.203611'/>
	<unitsAverage value='53'/>
</results>
