<results>
	<result value='loss'/>
	<start value='2015-07-20.06:17:15'/>
	<end value='2015-07-20.06:17:34'/>
	<frames value='21733'/>
	<gameDuration value='1358'/>

	<player>
		<unitScore value='8025'/>
		<killScore value='3450'/>
		<buildingScore value='2825'/>
		<razingScore value='0'/>
		<mineralScore value='17234'/>
		<gasScore value='904'/>
		<totalScore value='32438'/>
	</player>

	<enemy>
		<race value='Zerg'/>
		<unitScore value='7200'/>
		<killScore value='15850'/>
		<buildingScore value='2705'/>
		<razingScore value='8475'/>
		<mineralScore value='9690'/>
		<gasScore value='3552'/>
		<totalScore value='47472'/>
	</enemy>

	<scoreRatio value='0.683308'/>
	<timeFitness value='0.188611'/>
	<unitsAverage value='46'/>
</results>
