<results>
	<result value='win'/>
	<start value='2015-07-18.07:10:02'/>
	<end value='2015-07-18.07:10:23'/>
	<frames value='18478'/>
	<gameDuration value='1154'/>

	<player>
		<unitScore value='7600'/>
		<killScore value='6800'/>
		<buildingScore value='2325'/>
		<razingScore value='3825'/>
		<mineralScore value='9386'/>
		<gasScore value='1520'/>
		<totalScore value='31456'/>
	</player>

	<enemy>
		<race value='Terran'/>
		<unitScore value='3400'/>
		<killScore value='2800'/>
		<buildingScore value='1275'/>
		<razingScore value='1350'/>
		<mineralScore value='4746'/>
		<gasScore value='1280'/>
		<totalScore value='14851'/>
	</enemy>

	<scoreRatio value='2.11811'/>
	<timeFitness value='0.839722'/>
	<unitsAverage value='45'/>
</results>
