<results>
	<result value='loss'/>
	<start value='2015-07-18.07:25:11'/>
	<end value='2015-07-18.07:25:46'/>
	<frames value='28429'/>
	<gameDuration value='1776'/>

	<player>
		<unitScore value='12000'/>
		<killScore value='4600'/>
		<buildingScore value='3925'/>
		<razingScore value='0'/>
		<mineralScore value='14114'/>
		<gasScore value='1848'/>
		<totalScore value='36487'/>
	</player>

	<enemy>
		<race value='Terran'/>
		<unitScore value='8800'/>
		<killScore value='24000'/>
		<buildingScore value='3950'/>
		<razingScore value='11775'/>
		<mineralScore value='12770'/>
		<gasScore value='5350'/>
		<totalScore value='66645'/>
	</enemy>

	<scoreRatio value='0.547483'/>
	<timeFitness value='0.246667'/>
	<unitsAverage value='37'/>
</results>
