<results>
	<result value='loss'/>
	<start value='2015-05-10.06:36:14'/>
	<end value='2015-05-10.06:37:22'/>
	<frames value='45169'/>
	<gameDuration value='2823'/>

	<player>
		<unitScore value='23000'/>
		<killScore value='26950'/>
		<buildingScore value='2725'/>
		<razingScore value='900'/>
		<mineralScore value='24010'/>
		<gasScore value='3744'/>
		<totalScore value='81329'/>
	</player>

	<enemy>
		<race value='Protoss'/>
		<unitScore value='34265'/>
		<unitScore value='34265'/>
		<killScore value='45750'/>
		<buildingScore value='7825'/>
		<razingScore value='8175'/>
		<mineralScore value='31998'/>
		<gasScore value='12688'/>
		<totalScore value='140701'/>
	</enemy>

	<scoreRatio value='0.578027'/>
	<timeFitness value='0.392083'/>
	<unitsAverage value='79'/>
</results>
