<results>
	<result value='win'/>
	<start value='2015-05-10.06:37:57'/>
	<end value='2015-05-10.06:38:40'/>
	<frames value='26848'/>
	<gameDuration value='1678'/>

	<player>
		<unitScore value='18125'/>
		<killScore value='17650'/>
		<buildingScore value='3975'/>
		<razingScore value='10575'/>
		<mineralScore value='23426'/>
		<gasScore value='2384'/>
		<totalScore value='76135'/>
	</player>

	<enemy>
		<race value='Protoss'/>
		<unitScore value='9275'/>
		<unitScore value='9275'/>
		<killScore value='11000'/>
		<buildingScore value='3525'/>
		<razingScore value='0'/>
		<mineralScore value='18378'/>
		<gasScore value='2016'/>
		<totalScore value='44194'/>
	</enemy>

	<scoreRatio value='1.72275'/>
	<timeFitness value='0.766944'/>
	<unitsAverage value='99'/>
</results>
