<results>
	<result value='win'/>
	<start value='2015-04-09.07:57:22'/>
	<end value='2015-04-09.07:57:58'/>
	<frames value='30289'/>
	<gameDuration value='1893'/>

	<player>
		<unitScore value='18750'/>
		<killScore value='23600'/>
		<buildingScore value='4225'/>
		<razingScore value='13650'/>
		<mineralScore value='36154'/>
		<gasScore value='3504'/>
		<totalScore value='99883'/>
	</player>

	<enemy>
		<race value='Protoss'/>
		<unitScore value='13200'/>
		<unitScore value='13200'/>
		<killScore value='15100'/>
		<buildingScore value='4550'/>
		<razingScore value='150'/>
		<mineralScore value='13262'/>
		<gasScore value='3872'/>
		<totalScore value='50134'/>
	</enemy>

	<scoreRatio value='1.99232'/>
</results>
