<results>
	<result value='loss'/>
	<start value='2015-05-04.23:17:30'/>
	<end value='2015-05-04.23:17:45'/>
	<frames value='17579'/>
	<gameDuration value='1098'/>

	<player>
		<unitScore value='3350'/>
		<killScore value='1400'/>
		<buildingScore value='1925'/>
		<razingScore value='0'/>
		<mineralScore value='5354'/>
		<gasScore value='616'/>
		<totalScore value='12645'/>
	</player>

	<enemy>
		<race value='Protoss'/>
		<unitScore value='3700'/>
		<unitScore value='3700'/>
		<killScore value='6450'/>
		<buildingScore value='4175'/>
		<razingScore value='5775'/>
		<mineralScore value='9178'/>
		<gasScore value='1776'/>
		<totalScore value='31054'/>
	</enemy>

	<scoreRatio value='0.407194'/>
	<timeFitness value='0.1525'/>
	<unitsAverage value='23'/>
</results>
