<results>
	<result value='loss'/>
	<start value='2015-05-04.23:18:49'/>
	<end value='2015-05-04.23:20:19'/>
	<frames value='56360'/>
	<gameDuration value='3522'/>

	<player>
		<unitScore value='29475'/>
		<killScore value='51500'/>
		<buildingScore value='3375'/>
		<razingScore value='1500'/>
		<mineralScore value='31478'/>
		<gasScore value='4696'/>
		<totalScore value='122024'/>
	</player>

	<enemy>
		<race value='Protoss'/>
		<unitScore value='36650'/>
		<unitScore value='36650'/>
		<killScore value='59050'/>
		<buildingScore value='6525'/>
		<razingScore value='9900'/>
		<mineralScore value='31478'/>
		<gasScore value='11438'/>
		<totalScore value='155041'/>
	</enemy>

	<scoreRatio value='0.787043'/>
	<timeFitness value='0.489167'/>
	<unitsAverage value='87'/>
</results>
