<results>
	<result value='loss'/>
	<start value='2015-04-29.10:09:18'/>
	<end value='2015-04-29.10:10:06'/>
	<frames value='55771'/>
	<gameDuration value='3485'/>

	<player>
		<unitScore value='29400'/>
		<killScore value='55200'/>
		<buildingScore value='2925'/>
		<razingScore value='0'/>
		<mineralScore value='31478'/>
		<gasScore value='9332'/>
		<totalScore value='128335'/>
	</player>

	<enemy>
		<race value='Protoss'/>
		<unitScore value='38575'/>
		<unitScore value='38575'/>
		<killScore value='58800'/>
		<buildingScore value='6350'/>
		<razingScore value='8775'/>
		<mineralScore value='31550'/>
		<gasScore value='11318'/>
		<totalScore value='155368'/>
	</enemy>

	<scoreRatio value='0.826007'/>
	<timeFitness value='0.484028'/>
	<unitsAverage value='101'/>
</results>
