<results>
	<result value='loss'/>
	<start value='2015-04-10.17:02:43'/>
	<end value='2015-04-10.17:02:50'/>
	<frames value='15161'/>
	<gameDuration value='947'/>

	<player>
		<unitScore value='1975'/>
		<killScore value='800'/>
		<buildingScore value='1775'/>
		<razingScore value='0'/>
		<mineralScore value='4034'/>
		<gasScore value='688'/>
		<totalScore value='9272'/>
	</player>

	<enemy>
		<race value='Protoss'/>
		<unitScore value='3550'/>
		<unitScore value='3550'/>
		<killScore value='3950'/>
		<buildingScore value='2875'/>
		<razingScore value='5325'/>
		<mineralScore value='7922'/>
		<gasScore value='1456'/>
		<totalScore value='25078'/>
	</enemy>

	<scoreRatio value='0.369726'/>
</results>
