<results>
	<result value='loss'/>
	<start value='2015-07-09.01:49:53'/>
	<end value='2015-07-09.01:50:28'/>
	<frames value='27220'/>
	<gameDuration value='1701'/>

	<player>
		<unitScore value='11950'/>
		<killScore value='6600'/>
		<buildingScore value='3125'/>
		<razingScore value='0'/>
		<mineralScore value='13298'/>
		<gasScore value='2064'/>
		<totalScore value='37037'/>
	</player>

	<enemy>
		<race value='Terran'/>
		<unitScore value='12325'/>
		<killScore value='20850'/>
		<buildingScore value='4525'/>
		<razingScore value='9600'/>
		<mineralScore value='13506'/>
		<gasScore value='6448'/>
		<totalScore value='67254'/>
	</enemy>

	<scoreRatio value='0.550703'/>
	<timeFitness value='0.23625'/>
	<unitsAverage value='47'/>
</results>
