<results>
	<result value='win'/>
	<start value='2015-07-09.02:12:24'/>
	<end value='2015-07-09.02:13:16'/>
	<frames value='28336'/>
	<gameDuration value='1771'/>

	<player>
		<unitScore value='19650'/>
		<killScore value='19600'/>
		<buildingScore value='4275'/>
		<razingScore value='5250'/>
		<mineralScore value='21074'/>
		<gasScore value='3272'/>
		<totalScore value='73121'/>
	</player>

	<enemy>
		<race value='Terran'/>
		<unitScore value='9800'/>
		<killScore value='19200'/>
		<buildingScore value='1750'/>
		<razingScore value='1950'/>
		<mineralScore value='9074'/>
		<gasScore value='2688'/>
		<totalScore value='44462'/>
	</enemy>

	<scoreRatio value='1.64457'/>
	<timeFitness value='0.754028'/>
	<unitsAverage value='80'/>
</results>
