<results>
	<result value='win'/>
	<start value='2015-05-11.01:49:19'/>
	<end value='2015-05-11.01:49:48'/>
	<frames value='28305'/>
	<gameDuration value='1769'/>

	<player>
		<unitScore value='19275'/>
		<killScore value='31485'/>
		<buildingScore value='4225'/>
		<razingScore value='6630'/>
		<mineralScore value='29570'/>
		<gasScore value='2896'/>
		<totalScore value='94081'/>
	</player>

	<enemy>
		<race value='Zerg'/>
		<unitScore value='13450'/>
		<unitScore value='13450'/>
		<killScore value='16150'/>
		<buildingScore value='2210'/>
		<razingScore value='2100'/>
		<mineralScore value='12794'/>
		<gasScore value='3624'/>
		<totalScore value='50328'/>
	</enemy>

	<scoreRatio value='1.86936'/>
	<timeFitness value='0.754306'/>
	<unitsAverage value='104'/>
</results>
