<results>
	<result value='draw'/>
	<start value='2014-07-12.19:40:08'/>
	<end value='2014-07-12.19:41:08'/>
	<frames value='57601'/>
	<gameDuration value='3600'/>

	<player>
		<unitScore value='29750'/>
		<killScore value='37500'/>
		<buildingScore value='5000'/>
		<razingScore value='12825'/>
		<mineralScore value='40910'/>
		<gasScore value='5768'/>
		<totalScore value='131753'/>
	</player>

	<enemy>
		<race value='Terran'/>
		<unitScore value='24875'/>
		<unitScore value='24875'/>
		<killScore value='35700'/>
		<buildingScore value='4575'/>
		<razingScore value='3525'/>
		<mineralScore value='18354'/>
		<gasScore value='10284'/>
		<totalScore value='97313'/>
	</enemy>

	<scoreRatio value='1.35391'/>
</results>
