<results>
	<result value='win'/>
	<start value='2014-07-12.19:45:44'/>
	<end value='2014-07-12.19:46:05'/>
	<frames value='27251'/>
	<gameDuration value='1703'/>

	<player>
		<unitScore value='13700'/>
		<killScore value='22150'/>
		<buildingScore value='3825'/>
		<razingScore value='8550'/>
		<mineralScore value='20982'/>
		<gasScore value='1944'/>
		<totalScore value='71151'/>
	</player>

	<enemy>
		<race value='Terran'/>
		<unitScore value='11075'/>
		<unitScore value='11075'/>
		<killScore value='8800'/>
		<buildingScore value='2850'/>
		<razingScore value='1350'/>
		<mineralScore value='10794'/>
		<gasScore value='4680'/>
		<totalScore value='39549'/>
	</enemy>

	<scoreRatio value='1.79906'/>
</results>
