<results>
	<result value='win'/>
	<start value='2015-05-10.12:47:52'/>
	<end value='2015-05-10.12:48:43'/>
	<frames value='39465'/>
	<gameDuration value='2466'/>

	<player>
		<unitScore value='27825'/>
		<killScore value='38350'/>
		<buildingScore value='4700'/>
		<razingScore value='19425'/>
		<mineralScore value='35114'/>
		<gasScore value='3632'/>
		<totalScore value='129046'/>
	</player>

	<enemy>
		<race value='Protoss'/>
		<unitScore value='20525'/>
		<unitScore value='20525'/>
		<killScore value='32000'/>
		<buildingScore value='6475'/>
		<razingScore value='1200'/>
		<mineralScore value='21450'/>
		<gasScore value='5472'/>
		<totalScore value='87122'/>
	</enemy>

	<scoreRatio value='1.48121'/>
	<timeFitness value='0.6575'/>
	<unitsAverage value='119'/>
</results>
