<results>
	<result value='loss'/>
	<start value='2015-05-04.07:23:26'/>
	<end value='2015-05-04.07:23:37'/>
	<frames value='26755'/>
	<gameDuration value='1672'/>

	<player>
		<unitScore value='2800'/>
		<killScore value='3600'/>
		<buildingScore value='1425'/>
		<razingScore value='0'/>
		<mineralScore value='4290'/>
		<gasScore value='504'/>
		<totalScore value='12619'/>
	</player>

	<enemy>
		<race value='Protoss'/>
		<unitScore value='11125'/>
		<unitScore value='11125'/>
		<killScore value='5600'/>
		<buildingScore value='6525'/>
		<razingScore value='4275'/>
		<mineralScore value='16506'/>
		<gasScore value='5600'/>
		<totalScore value='49631'/>
	</enemy>

	<scoreRatio value='0.254256'/>
	<timeFitness value='0.232222'/>
	<unitsAverage value='17'/>
</results>
