<results>
	<result value='loss'/>
	<start value='2015-05-11.01:37:35'/>
	<end value='2015-05-11.01:38:26'/>
	<frames value='44115'/>
	<gameDuration value='2757'/>

	<player>
		<unitScore value='24325'/>
		<killScore value='21250'/>
		<buildingScore value='2300'/>
		<razingScore value='600'/>
		<mineralScore value='23806'/>
		<gasScore value='3440'/>
		<totalScore value='75721'/>
	</player>

	<enemy>
		<race value='Protoss'/>
		<unitScore value='29925'/>
		<unitScore value='29925'/>
		<killScore value='48400'/>
		<buildingScore value='7275'/>
		<razingScore value='6900'/>
		<mineralScore value='30566'/>
		<gasScore value='10530'/>
		<totalScore value='133596'/>
	</enemy>

	<scoreRatio value='0.566791'/>
	<timeFitness value='0.382917'/>
	<unitsAverage value='59'/>
</results>
