<results>
	<result value='loss'/>
	<start value='2015-05-04.07:26:24'/>
	<end value='2015-05-04.07:26:29'/>
	<frames value='13456'/>
	<gameDuration value='841'/>

	<player>
		<unitScore value='2700'/>
		<killScore value='800'/>
		<buildingScore value='1100'/>
		<razingScore value='0'/>
		<mineralScore value='3834'/>
		<gasScore value='552'/>
		<totalScore value='8986'/>
	</player>

	<enemy>
		<race value='Protoss'/>
		<unitScore value='3550'/>
		<unitScore value='3550'/>
		<killScore value='5500'/>
		<buildingScore value='2375'/>
		<razingScore value='3300'/>
		<mineralScore value='6834'/>
		<gasScore value='1176'/>
		<totalScore value='22735'/>
	</enemy>

	<scoreRatio value='0.39525'/>
	<timeFitness value='0.116806'/>
	<unitsAverage value='20'/>
</results>
