<results>
	<result value='win'/>
	<start value='2015-05-08.07:06:22'/>
	<end value='2015-05-08.07:07:21'/>
	<frames value='40798'/>
	<gameDuration value='2549'/>

	<player>
		<unitScore value='23100'/>
		<killScore value='23100'/>
		<buildingScore value='4200'/>
		<razingScore value='20625'/>
		<mineralScore value='28690'/>
		<gasScore value='4824'/>
		<totalScore value='104539'/>
	</player>

	<enemy>
		<race value='Protoss'/>
		<unitScore value='11550'/>
		<unitScore value='11550'/>
		<killScore value='22600'/>
		<buildingScore value='6875'/>
		<razingScore value='0'/>
		<mineralScore value='20226'/>
		<gasScore value='3824'/>
		<totalScore value='65075'/>
	</enemy>

	<scoreRatio value='1.60644'/>
	<timeFitness value='0.645972'/>
	<unitsAverage value='110'/>
</results>
