<results>
	<result value='draw'/>
	<start value='2015-05-08.07:35:29'/>
	<end value='2015-05-08.07:36:49'/>
	<frames value='57601'/>
	<gameDuration value='3600'/>

	<player>
		<unitScore value='30925'/>
		<killScore value='62250'/>
		<buildingScore value='3350'/>
		<razingScore value='15900'/>
		<mineralScore value='32122'/>
		<gasScore value='8086'/>
		<totalScore value='152633'/>
	</player>

	<enemy>
		<race value='Protoss'/>
		<unitScore value='34975'/>
		<unitScore value='34975'/>
		<killScore value='53600'/>
		<buildingScore value='7125'/>
		<razingScore value='150'/>
		<mineralScore value='30886'/>
		<gasScore value='10812'/>
		<totalScore value='137548'/>
	</enemy>

	<scoreRatio value='1.10967'/>
	<timeFitness value='0.5'/>
	<unitsAverage value='107'/>
</results>
