<results>
	<result value='loss'/>
	<start value='2015-05-08.07:41:54'/>
	<end value='2015-05-08.07:42:43'/>
	<frames value='49571'/>
	<gameDuration value='3098'/>

	<player>
		<unitScore value='21425'/>
		<killScore value='30650'/>
		<buildingScore value='2925'/>
		<razingScore value='4050'/>
		<mineralScore value='24930'/>
		<gasScore value='1264'/>
		<totalScore value='85244'/>
	</player>

	<enemy>
		<race value='Protoss'/>
		<unitScore value='24875'/>
		<unitScore value='24875'/>
		<killScore value='42950'/>
		<buildingScore value='8675'/>
		<razingScore value='8775'/>
		<mineralScore value='26426'/>
		<gasScore value='8738'/>
		<totalScore value='120439'/>
	</enemy>

	<scoreRatio value='0.707777'/>
	<timeFitness value='0.430278'/>
	<unitsAverage value='71'/>
</results>
