<results>
	<result value='loss'/>
	<start value='2015-07-07.15:45:17'/>
	<end value='2015-07-07.15:47:22'/>
	<frames value='49571'/>
	<gameDuration value='3098'/>

	<player>
		<unitScore value='17650'/>
		<killScore value='14500'/>
		<buildingScore value='4450'/>
		<razingScore value='225'/>
		<mineralScore value='23718'/>
		<gasScore value='1640'/>
		<totalScore value='62183'/>
	</player>

	<enemy>
		<race value='Terran'/>
		<unitScore value='24900'/>
		<killScore value='35300'/>
		<buildingScore value='5075'/>
		<razingScore value='13350'/>
		<mineralScore value='28058'/>
		<gasScore value='11520'/>
		<totalScore value='118203'/>
	</enemy>

	<scoreRatio value='0.52607'/>
	<timeFitness value='0.430278'/>
	<unitsAverage value='46'/>
</results>
