<results>
	<result value='win'/>
	<start value='2015-05-11.00:35:48'/>
	<end value='2015-05-11.00:36:19'/>
	<frames value='28212'/>
	<gameDuration value='1763'/>

	<player>
		<unitScore value='19050'/>
		<killScore value='23790'/>
		<buildingScore value='4500'/>
		<razingScore value='6255'/>
		<mineralScore value='26138'/>
		<gasScore value='2184'/>
		<totalScore value='81917'/>
	</player>

	<enemy>
		<race value='Zerg'/>
		<unitScore value='10975'/>
		<unitScore value='10975'/>
		<killScore value='18500'/>
		<buildingScore value='2085'/>
		<razingScore value='0'/>
		<mineralScore value='10570'/>
		<gasScore value='3288'/>
		<totalScore value='45418'/>
	</enemy>

	<scoreRatio value='1.80362'/>
	<timeFitness value='0.755139'/>
	<unitsAverage value='93'/>
</results>
