<results>
	<result value='win'/>
	<start value='2015-05-04.02:20:22'/>
	<end value='2015-05-04.02:21:21'/>
	<frames value='30289'/>
	<gameDuration value='1893'/>

	<player>
		<unitScore value='21550'/>
		<killScore value='21850'/>
		<buildingScore value='4775'/>
		<razingScore value='13725'/>
		<mineralScore value='30410'/>
		<gasScore value='2144'/>
		<totalScore value='94454'/>
	</player>

	<enemy>
		<race value='Protoss'/>
		<unitScore value='11975'/>
		<unitScore value='11975'/>
		<killScore value='20100'/>
		<buildingScore value='4575'/>
		<razingScore value='1350'/>
		<mineralScore value='12230'/>
		<gasScore value='3384'/>
		<totalScore value='53614'/>
	</enemy>

	<scoreRatio value='1.76174'/>
	<timeFitness value='0.737083'/>
	<unitsAverage value='106'/>
</results>
