<results>
	<result value='loss'/>
	<start value='2015-05-04.02:25:23'/>
	<end value='2015-05-04.02:25:39'/>
	<frames value='19191'/>
	<gameDuration value='1199'/>

	<player>
		<unitScore value='3850'/>
		<killScore value='1800'/>
		<buildingScore value='1550'/>
		<razingScore value='0'/>
		<mineralScore value='5682'/>
		<gasScore value='472'/>
		<totalScore value='13354'/>
	</player>

	<enemy>
		<race value='Protoss'/>
		<unitScore value='4850'/>
		<unitScore value='4850'/>
		<killScore value='7700'/>
		<buildingScore value='4975'/>
		<razingScore value='4650'/>
		<mineralScore value='10882'/>
		<gasScore value='1968'/>
		<totalScore value='35025'/>
	</enemy>

	<scoreRatio value='0.381271'/>
	<timeFitness value='0.166528'/>
	<unitsAverage value='20'/>
</results>
