<results>
	<result value='win'/>
	<start value='2015-05-08.12:43:48'/>
	<end value='2015-05-08.12:44:40'/>
	<frames value='36055'/>
	<gameDuration value='2253'/>

	<player>
		<unitScore value='22925'/>
		<killScore value='38745'/>
		<buildingScore value='4225'/>
		<razingScore value='10185'/>
		<mineralScore value='33526'/>
		<gasScore value='4280'/>
		<totalScore value='113886'/>
	</player>

	<enemy>
		<race value='Zerg'/>
		<unitScore value='17475'/>
		<unitScore value='17475'/>
		<killScore value='23150'/>
		<buildingScore value='3395'/>
		<razingScore value='300'/>
		<mineralScore value='18854'/>
		<gasScore value='5960'/>
		<totalScore value='69134'/>
	</enemy>

	<scoreRatio value='1.64732'/>
	<timeFitness value='0.687083'/>
	<unitsAverage value='124'/>
</results>
