<results>
	<result value='win'/>
	<start value='2015-05-08.12:49:42'/>
	<end value='2015-05-08.12:50:14'/>
	<frames value='34009'/>
	<gameDuration value='2125'/>

	<player>
		<unitScore value='23400'/>
		<killScore value='43370'/>
		<buildingScore value='3625'/>
		<razingScore value='7395'/>
		<mineralScore value='25618'/>
		<gasScore value='2152'/>
		<totalScore value='105560'/>
	</player>

	<enemy>
		<race value='Zerg'/>
		<unitScore value='19225'/>
		<unitScore value='19225'/>
		<killScore value='24300'/>
		<buildingScore value='2465'/>
		<razingScore value='0'/>
		<mineralScore value='16446'/>
		<gasScore value='5688'/>
		<totalScore value='68124'/>
	</enemy>

	<scoreRatio value='1.54953'/>
	<timeFitness value='0.704861'/>
	<unitsAverage value='97'/>
</results>
