<results>
	<result value='loss'/>
	<start value='2015-05-04.09:35:23'/>
	<end value='2015-05-04.09:36:12'/>
	<frames value='53911'/>
	<gameDuration value='3369'/>

	<player>
		<unitScore value='22950'/>
		<killScore value='34750'/>
		<buildingScore value='3725'/>
		<razingScore value='2025'/>
		<mineralScore value='25738'/>
		<gasScore value='5120'/>
		<totalScore value='94308'/>
	</player>

	<enemy>
		<race value='Terran'/>
		<unitScore value='25700'/>
		<unitScore value='25700'/>
		<killScore value='45900'/>
		<buildingScore value='4625'/>
		<razingScore value='11175'/>
		<mineralScore value='19542'/>
		<gasScore value='11054'/>
		<totalScore value='117996'/>
	</enemy>

	<scoreRatio value='0.799247'/>
	<timeFitness value='0.467917'/>
	<unitsAverage value='77'/>
</results>
