<results>
	<result value='win'/>
	<start value='2015-05-04.09:46:08'/>
	<end value='2015-05-04.09:46:37'/>
	<frames value='28584'/>
	<gameDuration value='1786'/>

	<player>
		<unitScore value='16575'/>
		<killScore value='26800'/>
		<buildingScore value='3450'/>
		<razingScore value='10800'/>
		<mineralScore value='24834'/>
		<gasScore value='3152'/>
		<totalScore value='85611'/>
	</player>

	<enemy>
		<race value='Terran'/>
		<unitScore value='13400'/>
		<unitScore value='13400'/>
		<killScore value='13000'/>
		<buildingScore value='3600'/>
		<razingScore value='225'/>
		<mineralScore value='12654'/>
		<gasScore value='4984'/>
		<totalScore value='47863'/>
	</enemy>

	<scoreRatio value='1.78867'/>
	<timeFitness value='0.751944'/>
	<unitsAverage value='91'/>
</results>
