<results>
	<result value='loss'/>
	<start value='2015-05-04.09:48:08'/>
	<end value='2015-05-04.09:48:45'/>
	<frames value='47184'/>
	<gameDuration value='2949'/>

	<player>
		<unitScore value='17550'/>
		<killScore value='17900'/>
		<buildingScore value='3475'/>
		<razingScore value='0'/>
		<mineralScore value='21714'/>
		<gasScore value='3744'/>
		<totalScore value='64383'/>
	</player>

	<enemy>
		<race value='Terran'/>
		<unitScore value='32375'/>
		<unitScore value='32375'/>
		<killScore value='35100'/>
		<buildingScore value='5475'/>
		<razingScore value='10575'/>
		<mineralScore value='24338'/>
		<gasScore value='14742'/>
		<totalScore value='122605'/>
	</enemy>

	<scoreRatio value='0.525125'/>
	<timeFitness value='0.409583'/>
	<unitsAverage value='58'/>
</results>
