<results>
	<result value='loss'/>
	<start value='2015-07-18.01:24:21'/>
	<end value='2015-07-18.01:25:10'/>
	<frames value='29886'/>
	<gameDuration value='1867'/>

	<player>
		<unitScore value='14450'/>
		<killScore value='6650'/>
		<buildingScore value='3825'/>
		<razingScore value='0'/>
		<mineralScore value='15330'/>
		<gasScore value='2680'/>
		<totalScore value='42935'/>
	</player>

	<enemy>
		<race value='Terran'/>
		<unitScore value='13125'/>
		<killScore value='25450'/>
		<buildingScore value='3525'/>
		<razingScore value='11475'/>
		<mineralScore value='13950'/>
		<gasScore value='5248'/>
		<totalScore value='72773'/>
	</enemy>

	<scoreRatio value='0.589985'/>
	<timeFitness value='0.259306'/>
	<unitsAverage value='52'/>
</results>
