<results>
	<result value='win'/>
	<start value='2015-07-18.01:42:45'/>
	<end value='2015-07-18.01:43:03'/>
	<frames value='16184'/>
	<gameDuration value='1011'/>

	<player>
		<unitScore value='7025'/>
		<killScore value='6800'/>
		<buildingScore value='2025'/>
		<razingScore value='3600'/>
		<mineralScore value='8682'/>
		<gasScore value='1312'/>
		<totalScore value='29444'/>
	</player>

	<enemy>
		<race value='Terran'/>
		<unitScore value='3400'/>
		<killScore value='4050'/>
		<buildingScore value='1200'/>
		<razingScore value='150'/>
		<mineralScore value='4522'/>
		<gasScore value='1280'/>
		<totalScore value='14602'/>
	</enemy>

	<scoreRatio value='2.01644'/>
	<timeFitness value='0.859583'/>
	<unitsAverage value='42'/>
</results>
