<results>
	<result value='loss'/>
	<start value='2015-07-16.07:43:34'/>
	<end value='2015-07-16.07:43:49'/>
	<frames value='21516'/>
	<gameDuration value='1344'/>

	<player>
		<unitScore value='7125'/>
		<killScore value='4200'/>
		<buildingScore value='2375'/>
		<razingScore value='0'/>
		<mineralScore value='8682'/>
		<gasScore value='1072'/>
		<totalScore value='23454'/>
	</player>

	<enemy>
		<race value='Terran'/>
		<unitScore value='7725'/>
		<killScore value='12650'/>
		<buildingScore value='3300'/>
		<razingScore value='7125'/>
		<mineralScore value='10466'/>
		<gasScore value='3888'/>
		<totalScore value='45154'/>
	</enemy>

	<scoreRatio value='0.519422'/>
	<timeFitness value='0.186667'/>
	<unitsAverage value='34'/>
</results>
