<results>
	<result value='win'/>
	<start value='2015-07-18.05:53:37'/>
	<end value='2015-07-18.05:55:24'/>
	<frames value='52485'/>
	<gameDuration value='3280'/>

	<player>
		<unitScore value='39175'/>
		<killScore value='32000'/>
		<buildingScore value='4775'/>
		<razingScore value='13500'/>
		<mineralScore value='37290'/>
		<gasScore value='7760'/>
		<totalScore value='134500'/>
	</player>

	<enemy>
		<race value='Terran'/>
		<unitScore value='18200'/>
		<killScore value='49250'/>
		<buildingScore value='4500'/>
		<razingScore value='1500'/>
		<mineralScore value='15162'/>
		<gasScore value='7696'/>
		<totalScore value='96308'/>
	</enemy>

	<scoreRatio value='1.39656'/>
	<timeFitness value='0.544444'/>
	<unitsAverage value='113'/>
</results>
