<results>
	<result value='win'/>
	<start value='2015-05-10.07:36:04'/>
	<end value='2015-05-10.07:36:42'/>
	<frames value='35156'/>
	<gameDuration value='2197'/>

	<player>
		<unitScore value='23425'/>
		<killScore value='26150'/>
		<buildingScore value='5425'/>
		<razingScore value='8100'/>
		<mineralScore value='35650'/>
		<gasScore value='5024'/>
		<totalScore value='103774'/>
	</player>

	<enemy>
		<race value='Terran'/>
		<unitScore value='13075'/>
		<unitScore value='13075'/>
		<killScore value='25650'/>
		<buildingScore value='2700'/>
		<razingScore value='2775'/>
		<mineralScore value='12050'/>
		<gasScore value='5190'/>
		<totalScore value='61440'/>
	</enemy>

	<scoreRatio value='1.68903'/>
	<timeFitness value='0.694861'/>
	<unitsAverage value='110'/>
</results>
