<results>
	<result value='win'/>
	<start value='2015-05-10.07:43:55'/>
	<end value='2015-05-10.07:44:08'/>
	<frames value='20710'/>
	<gameDuration value='1294'/>

	<player>
		<unitScore value='8525'/>
		<killScore value='14650'/>
		<buildingScore value='2900'/>
		<razingScore value='6450'/>
		<mineralScore value='14278'/>
		<gasScore value='2072'/>
		<totalScore value='48875'/>
	</player>

	<enemy>
		<race value='Terran'/>
		<unitScore value='7325'/>
		<unitScore value='7325'/>
		<killScore value='2700'/>
		<buildingScore value='2150'/>
		<razingScore value='0'/>
		<mineralScore value='8826'/>
		<gasScore value='2632'/>
		<totalScore value='23633'/>
	</enemy>

	<scoreRatio value='2.06808'/>
	<timeFitness value='0.820278'/>
	<unitsAverage value='66'/>
</results>
