<results>
	<result value='win'/>
	<start value='2015-05-05.20:12:39'/>
	<end value='2015-05-05.20:12:56'/>
	<frames value='19873'/>
	<gameDuration value='1242'/>

	<player>
		<unitScore value='10525'/>
		<killScore value='17835'/>
		<buildingScore value='2325'/>
		<razingScore value='4560'/>
		<mineralScore value='13106'/>
		<gasScore value='1728'/>
		<totalScore value='50079'/>
	</player>

	<enemy>
		<race value='Zerg'/>
		<unitScore value='8525'/>
		<unitScore value='8525'/>
		<killScore value='8350'/>
		<buildingScore value='1520'/>
		<razingScore value='0'/>
		<mineralScore value='8090'/>
		<gasScore value='2360'/>
		<totalScore value='28845'/>
	</enemy>

	<scoreRatio value='1.73614'/>
	<timeFitness value='0.8275'/>
	<unitsAverage value='59'/>
</results>
