<results>
	<result value='win'/>
	<start value='2015-05-05.20:41:31'/>
	<end value='2015-05-05.20:41:54'/>
	<frames value='22539'/>
	<gameDuration value='1408'/>

	<player>
		<unitScore value='12525'/>
		<killScore value='24010'/>
		<buildingScore value='3700'/>
		<razingScore value='4560'/>
		<mineralScore value='18042'/>
		<gasScore value='1184'/>
		<totalScore value='64021'/>
	</player>

	<enemy>
		<race value='Zerg'/>
		<unitScore value='10275'/>
		<unitScore value='10275'/>
		<killScore value='9250'/>
		<buildingScore value='1520'/>
		<razingScore value='0'/>
		<mineralScore value='8290'/>
		<gasScore value='2552'/>
		<totalScore value='31887'/>
	</enemy>

	<scoreRatio value='2.00775'/>
	<timeFitness value='0.804444'/>
	<unitsAverage value='74'/>
</results>
