<results>
	<result value='win'/>
	<start value='2015-05-05.20:56:06'/>
	<end value='2015-05-05.20:57:30'/>
	<frames value='42875'/>
	<gameDuration value='2679'/>

	<player>
		<unitScore value='27900'/>
		<killScore value='41250'/>
		<buildingScore value='3625'/>
		<razingScore value='9495'/>
		<mineralScore value='32694'/>
		<gasScore value='3560'/>
		<totalScore value='118524'/>
	</player>

	<enemy>
		<race value='Zerg'/>
		<unitScore value='18725'/>
		<unitScore value='18725'/>
		<killScore value='31000'/>
		<buildingScore value='3165'/>
		<razingScore value='0'/>
		<mineralScore value='17790'/>
		<gasScore value='6368'/>
		<totalScore value='77048'/>
	</enemy>

	<scoreRatio value='1.53831'/>
	<timeFitness value='0.627917'/>
	<unitsAverage value='148'/>
</results>
