<results>
	<result value='draw'/>
	<start value='2015-04-13.01:13:07'/>
	<end value='2015-04-13.01:14:45'/>
	<frames value='57601'/>
	<gameDuration value='3600'/>

	<player>
		<unitScore value='18225'/>
		<killScore value='19900'/>
		<buildingScore value='3450'/>
		<razingScore value='18675'/>
		<mineralScore value='34206'/>
		<gasScore value='8290'/>
		<totalScore value='102746'/>
	</player>

	<enemy>
		<race value='Protoss'/>
		<unitScore value='10650'/>
		<unitScore value='10650'/>
		<killScore value='12850'/>
		<buildingScore value='6725'/>
		<razingScore value='150'/>
		<mineralScore value='20374'/>
		<gasScore value='5872'/>
		<totalScore value='56621'/>
	</enemy>

	<scoreRatio value='1.81463'/>
</results>
