<results>
	<result value='loss'/>
	<start value='2015-07-16.13:24:34'/>
	<end value='2015-07-16.13:24:51'/>
	<frames value='22508'/>
	<gameDuration value='1406'/>

	<player>
		<unitScore value='8275'/>
		<killScore value='4100'/>
		<buildingScore value='2450'/>
		<razingScore value='0'/>
		<mineralScore value='9298'/>
		<gasScore value='1368'/>
		<totalScore value='25491'/>
	</player>

	<enemy>
		<race value='Terran'/>
		<unitScore value='8600'/>
		<killScore value='16550'/>
		<buildingScore value='3125'/>
		<razingScore value='7350'/>
		<mineralScore value='10770'/>
		<gasScore value='4328'/>
		<totalScore value='50723'/>
	</enemy>

	<scoreRatio value='0.502553'/>
	<timeFitness value='0.195278'/>
	<unitsAverage value='33'/>
</results>
