<results>
	<result value='win'/>
	<start value='2015-05-01.19:20:27'/>
	<end value='2015-05-01.19:20:50'/>
	<frames value='22787'/>
	<gameDuration value='1424'/>

	<player>
		<unitScore value='13150'/>
		<killScore value='18395'/>
		<buildingScore value='3625'/>
		<razingScore value='4710'/>
		<mineralScore value='18550'/>
		<gasScore value='1664'/>
		<totalScore value='60094'/>
	</player>

	<enemy>
		<race value='Zerg'/>
		<unitScore value='8950'/>
		<unitScore value='8950'/>
		<killScore value='9700'/>
		<buildingScore value='1570'/>
		<razingScore value='0'/>
		<mineralScore value='8426'/>
		<gasScore value='2536'/>
		<totalScore value='31182'/>
	</enemy>

	<scoreRatio value='1.9272'/>
	<timeFitness value='0.802222'/>
	<unitsAverage value='75'/>
</results>
