<results>
	<result value='win'/>
	<start value='2015-05-10.09:15:15'/>
	<end value='2015-05-10.09:15:52'/>
	<frames value='33482'/>
	<gameDuration value='2092'/>

	<player>
		<unitScore value='18825'/>
		<killScore value='21690'/>
		<buildingScore value='4550'/>
		<razingScore value='6855'/>
		<mineralScore value='26826'/>
		<gasScore value='2336'/>
		<totalScore value='81082'/>
	</player>

	<enemy>
		<race value='Zerg'/>
		<unitScore value='9950'/>
		<unitScore value='9950'/>
		<killScore value='15250'/>
		<buildingScore value='2285'/>
		<razingScore value='225'/>
		<mineralScore value='10246'/>
		<gasScore value='3200'/>
		<totalScore value='41156'/>
	</enemy>

	<scoreRatio value='1.97011'/>
	<timeFitness value='0.709444'/>
	<unitsAverage value='92'/>
</results>
