<results>
	<result value='win'/>
	<start value='2015-05-03.22:23:09'/>
	<end value='2015-05-03.22:24:00'/>
	<frames value='26321'/>
	<gameDuration value='1645'/>

	<player>
		<unitScore value='17575'/>
		<killScore value='19430'/>
		<buildingScore value='4175'/>
		<razingScore value='4560'/>
		<mineralScore value='28350'/>
		<gasScore value='1640'/>
		<totalScore value='75730'/>
	</player>

	<enemy>
		<race value='Zerg'/>
		<unitScore value='9725'/>
		<unitScore value='9725'/>
		<killScore value='12450'/>
		<buildingScore value='1520'/>
		<razingScore value='0'/>
		<mineralScore value='8874'/>
		<gasScore value='2840'/>
		<totalScore value='35409'/>
	</enemy>

	<scoreRatio value='2.13872'/>
	<timeFitness value='0.771528'/>
	<unitsAverage value='104'/>
</results>
