<results>
	<result value='win'/>
	<start value='2015-05-21.21:39:32'/>
	<end value='2015-05-21.21:40:00'/>
	<frames value='29173'/>
	<gameDuration value='1823'/>

	<player>
		<unitScore value='19325'/>
		<killScore value='19760'/>
		<buildingScore value='4700'/>
		<razingScore value='7020'/>
		<mineralScore value='29890'/>
		<gasScore value='3048'/>
		<totalScore value='83743'/>
	</player>

	<enemy>
		<race value='Zerg'/>
		<unitScore value='9200'/>
		<killScore value='15200'/>
		<buildingScore value='2340'/>
		<razingScore value='1725'/>
		<mineralScore value='10698'/>
		<gasScore value='3488'/>
		<totalScore value='42651'/>
	</enemy>

	<scoreRatio value='1.96345'/>
	<timeFitness value='0.746806'/>
	<unitsAverage value='106'/>
</results>
