<results>
	<result value='win'/>
	<start value='2015-05-03.22:27:28'/>
	<end value='2015-05-03.22:28:01'/>
	<frames value='23159'/>
	<gameDuration value='1447'/>

	<player>
		<unitScore value='13475'/>
		<killScore value='15695'/>
		<buildingScore value='3025'/>
		<razingScore value='5820'/>
		<mineralScore value='18098'/>
		<gasScore value='1416'/>
		<totalScore value='57529'/>
	</player>

	<enemy>
		<race value='Zerg'/>
		<unitScore value='7450'/>
		<unitScore value='7450'/>
		<killScore value='10400'/>
		<buildingScore value='1940'/>
		<razingScore value='0'/>
		<mineralScore value='8426'/>
		<gasScore value='2576'/>
		<totalScore value='30792'/>
	</enemy>

	<scoreRatio value='1.86831'/>
	<timeFitness value='0.799028'/>
	<unitsAverage value='76'/>
</results>
