<results>
	<result value='win'/>
	<start value='2015-05-03.22:28:51'/>
	<end value='2015-05-03.22:30:20'/>
	<frames value='35962'/>
	<gameDuration value='2247'/>

	<player>
		<unitScore value='24400'/>
		<killScore value='39295'/>
		<buildingScore value='4725'/>
		<razingScore value='7140'/>
		<mineralScore value='36074'/>
		<gasScore value='2448'/>
		<totalScore value='114082'/>
	</player>

	<enemy>
		<race value='Zerg'/>
		<unitScore value='17200'/>
		<unitScore value='17200'/>
		<killScore value='24600'/>
		<buildingScore value='2380'/>
		<razingScore value='0'/>
		<mineralScore value='16058'/>
		<gasScore value='4920'/>
		<totalScore value='65158'/>
	</enemy>

	<scoreRatio value='1.75085'/>
	<timeFitness value='0.687917'/>
	<unitsAverage value='130'/>
</results>
