<results>
	<result value='win'/>
	<start value='2015-05-03.22:38:48'/>
	<end value='2015-05-03.22:39:27'/>
	<frames value='24926'/>
	<gameDuration value='1557'/>

	<player>
		<unitScore value='14950'/>
		<killScore value='17290'/>
		<buildingScore value='3775'/>
		<razingScore value='4680'/>
		<mineralScore value='20922'/>
		<gasScore value='1328'/>
		<totalScore value='62945'/>
	</player>

	<enemy>
		<race value='Zerg'/>
		<unitScore value='8400'/>
		<unitScore value='8400'/>
		<killScore value='9600'/>
		<buildingScore value='1560'/>
		<razingScore value='0'/>
		<mineralScore value='8938'/>
		<gasScore value='2568'/>
		<totalScore value='31066'/>
	</enemy>

	<scoreRatio value='2.02617'/>
	<timeFitness value='0.78375'/>
	<unitsAverage value='80'/>
</results>
