<results>
	<result value='win'/>
	<start value='2015-05-03.22:42:06'/>
	<end value='2015-05-03.22:42:46'/>
	<frames value='25484'/>
	<gameDuration value='1592'/>

	<player>
		<unitScore value='14550'/>
		<killScore value='19350'/>
		<buildingScore value='3675'/>
		<razingScore value='5775'/>
		<mineralScore value='23594'/>
		<gasScore value='1168'/>
		<totalScore value='68112'/>
	</player>

	<enemy>
		<race value='Zerg'/>
		<unitScore value='9300'/>
		<unitScore value='9300'/>
		<killScore value='9800'/>
		<buildingScore value='1925'/>
		<razingScore value='0'/>
		<mineralScore value='9234'/>
		<gasScore value='2888'/>
		<totalScore value='33147'/>
	</enemy>

	<scoreRatio value='2.05485'/>
	<timeFitness value='0.778889'/>
	<unitsAverage value='80'/>
</results>
