<results>
	<result value='loss'/>
	<start value='2015-07-18.11:41:47'/>
	<end value='2015-07-18.11:43:16'/>
	<frames value='46161'/>
	<gameDuration value='2885'/>

	<player>
		<unitScore value='33225'/>
		<killScore value='19650'/>
		<buildingScore value='3400'/>
		<razingScore value='3300'/>
		<mineralScore value='30426'/>
		<gasScore value='3968'/>
		<totalScore value='93969'/>
	</player>

	<enemy>
		<race value='Protoss'/>
		<unitScore value='25525'/>
		<killScore value='60900'/>
		<buildingScore value='8975'/>
		<razingScore value='10200'/>
		<mineralScore value='29634'/>
		<gasScore value='10010'/>
		<totalScore value='145244'/>
	</enemy>

	<scoreRatio value='0.646973'/>
	<timeFitness value='0.400694'/>
	<unitsAverage value='88'/>
</results>
