<results>
	<result value='loss'/>
	<start value='2015-07-18.14:27:01'/>
	<end value='2015-07-18.14:27:14'/>
	<frames value='16866'/>
	<gameDuration value='1054'/>

	<player>
		<unitScore value='4150'/>
		<killScore value='900'/>
		<buildingScore value='1700'/>
		<razingScore value='0'/>
		<mineralScore value='5826'/>
		<gasScore value='920'/>
		<totalScore value='13496'/>
	</player>

	<enemy>
		<race value='Protoss'/>
		<unitScore value='3600'/>
		<killScore value='8300'/>
		<buildingScore value='3925'/>
		<razingScore value='5100'/>
		<mineralScore value='8746'/>
		<gasScore value='1984'/>
		<totalScore value='31655'/>
	</enemy>

	<scoreRatio value='0.426347'/>
	<timeFitness value='0.146389'/>
	<unitsAverage value='24'/>
</results>
