<results>
	<result value='loss'/>
	<start value='2015-07-18.14:30:22'/>
	<end value='2015-07-18.14:31:11'/>
	<frames value='34009'/>
	<gameDuration value='2125'/>

	<player>
		<unitScore value='20500'/>
		<killScore value='13800'/>
		<buildingScore value='3250'/>
		<razingScore value='1575'/>
		<mineralScore value='20426'/>
		<gasScore value='2560'/>
		<totalScore value='62111'/>
	</player>

	<enemy>
		<race value='Protoss'/>
		<unitScore value='14850'/>
		<killScore value='37250'/>
		<buildingScore value='6400'/>
		<razingScore value='9750'/>
		<mineralScore value='24358'/>
		<gasScore value='5776'/>
		<totalScore value='98384'/>
	</enemy>

	<scoreRatio value='0.631312'/>
	<timeFitness value='0.295139'/>
	<unitsAverage value='72'/>
</results>
