<results>
	<result value='win'/>
	<start value='2014-07-11.22:28:00'/>
	<end value='2014-07-11.22:28:25'/>
	<frames value='30103'/>
	<gameDuration value='1881'/>

	<player>
		<unitScore value='16750'/>
		<killScore value='26400'/>
		<buildingScore value='3925'/>
		<razingScore value='8400'/>
		<mineralScore value='22482'/>
		<gasScore value='2352'/>
		<totalScore value='80309'/>
	</player>

	<enemy>
		<race value='Terran'/>
		<unitScore value='13200'/>
		<unitScore value='13200'/>
		<killScore value='14450'/>
		<buildingScore value='2800'/>
		<razingScore value='1575'/>
		<mineralScore value='11770'/>
		<gasScore value='4840'/>
		<totalScore value='48635'/>
	</enemy>

	<scoreRatio value='1.65126'/>
</results>
