<results>
	<result value='win'/>
	<start value='2014-07-11.22:28:57'/>
	<end value='2014-07-11.22:29:20'/>
	<frames value='26755'/>
	<gameDuration value='1672'/>

	<player>
		<unitScore value='11650'/>
		<killScore value='16200'/>
		<buildingScore value='3925'/>
		<razingScore value='8025'/>
		<mineralScore value='22306'/>
		<gasScore value='3056'/>
		<totalScore value='65162'/>
	</player>

	<enemy>
		<race value='Terran'/>
		<unitScore value='8100'/>
		<unitScore value='8100'/>
		<killScore value='5200'/>
		<buildingScore value='2675'/>
		<razingScore value='1950'/>
		<mineralScore value='9546'/>
		<gasScore value='3104'/>
		<totalScore value='30575'/>
	</enemy>

	<scoreRatio value='2.13122'/>
</results>
