<results>
	<result value='loss'/>
	<start value='2014-07-11.22:29:55'/>
	<end value='2014-07-11.22:30:04'/>
	<frames value='18230'/>
	<gameDuration value='1139'/>

	<player>
		<unitScore value='3700'/>
		<killScore value='1950'/>
		<buildingScore value='1950'/>
		<razingScore value='0'/>
		<mineralScore value='5722'/>
		<gasScore value='536'/>
		<totalScore value='13858'/>
	</player>

	<enemy>
		<race value='Terran'/>
		<unitScore value='6625'/>
		<unitScore value='6625'/>
		<killScore value='7400'/>
		<buildingScore value='2800'/>
		<razingScore value='5850'/>
		<mineralScore value='8298'/>
		<gasScore value='2936'/>
		<totalScore value='33909'/>
	</enemy>

	<scoreRatio value='0.408682'/>
</results>
