<results>
	<result value='loss'/>
	<start value='2014-07-11.22:30:34'/>
	<end value='2014-07-11.22:30:42'/>
	<frames value='16773'/>
	<gameDuration value='1048'/>

	<player>
		<unitScore value='3700'/>
		<killScore value='2850'/>
		<buildingScore value='1550'/>
		<razingScore value='0'/>
		<mineralScore value='5506'/>
		<gasScore value='784'/>
		<totalScore value='14390'/>
	</player>

	<enemy>
		<race value='Terran'/>
		<unitScore value='6000'/>
		<unitScore value='6000'/>
		<killScore value='7400'/>
		<buildingScore value='2625'/>
		<razingScore value='4650'/>
		<mineralScore value='7826'/>
		<gasScore value='2280'/>
		<totalScore value='30781'/>
	</enemy>

	<scoreRatio value='0.467496'/>
</results>
