<results>
	<result value='win'/>
	<start value='2015-05-02.01:54:46'/>
	<end value='2015-05-02.01:55:18'/>
	<frames value='26879'/>
	<gameDuration value='1679'/>

	<player>
		<unitScore value='15025'/>
		<killScore value='11400'/>
		<buildingScore value='3725'/>
		<razingScore value='14175'/>
		<mineralScore value='20794'/>
		<gasScore value='2040'/>
		<totalScore value='67159'/>
	</player>

	<enemy>
		<race value='Protoss'/>
		<unitScore value='5700'/>
		<unitScore value='5700'/>
		<killScore value='12000'/>
		<buildingScore value='4725'/>
		<razingScore value='0'/>
		<mineralScore value='14874'/>
		<gasScore value='1008'/>
		<totalScore value='38307'/>
	</enemy>

	<scoreRatio value='1.75318'/>
</results>
