<results>
	<result value='win'/>
	<start value='2015-05-08.16:47:15'/>
	<end value='2015-05-08.16:48:00'/>
	<frames value='34288'/>
	<gameDuration value='2143'/>

	<player>
		<unitScore value='19625'/>
		<killScore value='29800'/>
		<buildingScore value='4600'/>
		<razingScore value='9150'/>
		<mineralScore value='29770'/>
		<gasScore value='2120'/>
		<totalScore value='95065'/>
	</player>

	<enemy>
		<race value='Terran'/>
		<unitScore value='16100'/>
		<unitScore value='16100'/>
		<killScore value='15950'/>
		<buildingScore value='3050'/>
		<razingScore value='0'/>
		<mineralScore value='13442'/>
		<gasScore value='5192'/>
		<totalScore value='53734'/>
	</enemy>

	<scoreRatio value='1.76918'/>
	<timeFitness value='0.702361'/>
	<unitsAverage value='104'/>
</results>
