<results>
	<result value='loss'/>
	<start value='2015-05-03.14:15:56'/>
	<end value='2015-05-03.14:16:07'/>
	<frames value='20989'/>
	<gameDuration value='1311'/>

	<player>
		<unitScore value='6750'/>
		<killScore value='2250'/>
		<buildingScore value='2650'/>
		<razingScore value='0'/>
		<mineralScore value='8986'/>
		<gasScore value='1064'/>
		<totalScore value='21700'/>
	</player>

	<enemy>
		<race value='Terran'/>
		<unitScore value='8050'/>
		<unitScore value='8050'/>
		<killScore value='13500'/>
		<buildingScore value='3050'/>
		<razingScore value='7950'/>
		<mineralScore value='10658'/>
		<gasScore value='3528'/>
		<totalScore value='46736'/>
	</enemy>

	<scoreRatio value='0.46431'/>
	<timeFitness value='0.182083'/>
	<unitsAverage value='34'/>
</results>
