<results>
	<result value='loss'/>
	<start value='2015-04-08.06:43:30'/>
	<end value='2015-04-08.06:44:01'/>
	<frames value='42162'/>
	<gameDuration value='2635'/>

	<player>
		<unitScore value='13675'/>
		<killScore value='16900'/>
		<buildingScore value='2575'/>
		<razingScore value='0'/>
		<mineralScore value='21366'/>
		<gasScore value='2992'/>
		<totalScore value='57508'/>
	</player>

	<enemy>
		<race value='Protoss'/>
		<unitScore value='31075'/>
		<unitScore value='31075'/>
		<killScore value='27350'/>
		<buildingScore value='7475'/>
		<razingScore value='7725'/>
		<mineralScore value='28522'/>
		<gasScore value='11748'/>
		<totalScore value='113895'/>
	</enemy>

	<scoreRatio value='0.504921'/>
</results>
