<results>
	<result value='win'/>
	<start value='2014-07-23.00:05:22'/>
	<end value='2014-07-23.00:05:53'/>
	<frames value='27530'/>
	<gameDuration value='1720'/>

	<player>
		<unitScore value='19750'/>
		<killScore value='29610'/>
		<buildingScore value='4550'/>
		<razingScore value='4680'/>
		<mineralScore value='28898'/>
		<gasScore value='2800'/>
		<totalScore value='90288'/>
	</player>

	<enemy>
		<race value='Zerg'/>
		<unitScore value='13300'/>
		<unitScore value='13300'/>
		<killScore value='16500'/>
		<buildingScore value='1560'/>
		<razingScore value='0'/>
		<mineralScore value='11274'/>
		<gasScore value='3424'/>
		<totalScore value='46058'/>
	</enemy>

	<scoreRatio value='1.96031'/>
</results>
