<results>
	<result value='loss'/>
	<start value='2015-07-11.21:27:59'/>
	<end value='2015-07-11.21:28:10'/>
	<frames value='18261'/>
	<gameDuration value='1141'/>

	<player>
		<unitScore value='4225'/>
		<killScore value='1100'/>
		<buildingScore value='2250'/>
		<razingScore value='0'/>
		<mineralScore value='6434'/>
		<gasScore value='984'/>
		<totalScore value='14993'/>
	</player>

	<enemy>
		<race value='Terran'/>
		<unitScore value='7050'/>
		<killScore value='8450'/>
		<buildingScore value='2900'/>
		<razingScore value='6750'/>
		<mineralScore value='8338'/>
		<gasScore value='2904'/>
		<totalScore value='36392'/>
	</enemy>

	<scoreRatio value='0.411986'/>
	<timeFitness value='0.158472'/>
	<unitsAverage value='29'/>
</results>
