<results>
	<result value='loss'/>
	<start value='2015-07-16.10:02:07'/>
	<end value='2015-07-16.10:02:27'/>
	<frames value='23903'/>
	<gameDuration value='1493'/>

	<player>
		<unitScore value='8325'/>
		<killScore value='4300'/>
		<buildingScore value='2650'/>
		<razingScore value='0'/>
		<mineralScore value='9482'/>
		<gasScore value='1520'/>
		<totalScore value='26277'/>
	</player>

	<enemy>
		<race value='Terran'/>
		<unitScore value='10025'/>
		<killScore value='15100'/>
		<buildingScore value='3550'/>
		<razingScore value='7950'/>
		<mineralScore value='11914'/>
		<gasScore value='4960'/>
		<totalScore value='53499'/>
	</enemy>

	<scoreRatio value='0.491168'/>
	<timeFitness value='0.207361'/>
	<unitsAverage value='34'/>
</results>
