<results>
	<result value='win'/>
	<start value='2015-07-16.10:03:01'/>
	<end value='2015-07-16.10:03:23'/>
	<frames value='18726'/>
	<gameDuration value='1170'/>

	<player>
		<unitScore value='7875'/>
		<killScore value='6550'/>
		<buildingScore value='2975'/>
		<razingScore value='3600'/>
		<mineralScore value='10794'/>
		<gasScore value='1256'/>
		<totalScore value='33050'/>
	</player>

	<enemy>
		<race value='Terran'/>
		<unitScore value='3275'/>
		<killScore value='4600'/>
		<buildingScore value='1200'/>
		<razingScore value='1800'/>
		<mineralScore value='4466'/>
		<gasScore value='1240'/>
		<totalScore value='16581'/>
	</enemy>

	<scoreRatio value='1.99325'/>
	<timeFitness value='0.8375'/>
	<unitsAverage value='48'/>
</results>
