<results>
	<result value='loss'/>
	<start value='2015-04-30.16:38:23'/>
	<end value='2015-04-30.16:38:43'/>
	<frames value='21299'/>
	<gameDuration value='1331'/>

	<player>
		<unitScore value='4750'/>
		<killScore value='3500'/>
		<buildingScore value='2750'/>
		<razingScore value='0'/>
		<mineralScore value='8042'/>
		<gasScore value='1352'/>
		<totalScore value='20394'/>
	</player>

	<enemy>
		<race value='Protoss'/>
		<unitScore value='8075'/>
		<unitScore value='8075'/>
		<killScore value='8750'/>
		<buildingScore value='4575'/>
		<razingScore value='8250'/>
		<mineralScore value='11498'/>
		<gasScore value='3784'/>
		<totalScore value='44932'/>
	</enemy>

	<scoreRatio value='0.453886'/>
	<timeFitness value='0.184861'/>
	<unitsAverage value='33'/>
</results>
