<results>
	<result value='win'/>
	<start value='2015-04-29.16:26:11'/>
	<end value='2015-04-29.16:27:08'/>
	<frames value='28863'/>
	<gameDuration value='1803'/>

	<player>
		<unitScore value='17575'/>
		<killScore value='26380'/>
		<buildingScore value='5025'/>
		<razingScore value='4560'/>
		<mineralScore value='31530'/>
		<gasScore value='2792'/>
		<totalScore value='87862'/>
	</player>

	<enemy>
		<race value='Zerg'/>
		<unitScore value='11075'/>
		<unitScore value='11075'/>
		<killScore value='12250'/>
		<buildingScore value='1520'/>
		<razingScore value='0'/>
		<mineralScore value='9570'/>
		<gasScore value='2792'/>
		<totalScore value='37207'/>
	</enemy>

	<scoreRatio value='2.36144'/>
	<timeFitness value='0.749583'/>
	<unitsAverage value='113'/>
</results>
