<results>
	<result value='win'/>
	<start value='2015-04-29.16:29:21'/>
	<end value='2015-04-29.16:30:08'/>
	<frames value='26197'/>
	<gameDuration value='1637'/>

	<player>
		<unitScore value='18925'/>
		<killScore value='22795'/>
		<buildingScore value='4475'/>
		<razingScore value='5460'/>
		<mineralScore value='26714'/>
		<gasScore value='2688'/>
		<totalScore value='81057'/>
	</player>

	<enemy>
		<race value='Zerg'/>
		<unitScore value='10750'/>
		<unitScore value='10750'/>
		<killScore value='15400'/>
		<buildingScore value='1820'/>
		<razingScore value='0'/>
		<mineralScore value='10274'/>
		<gasScore value='2936'/>
		<totalScore value='41180'/>
	</enemy>

	<scoreRatio value='1.96836'/>
	<timeFitness value='0.772639'/>
	<unitsAverage value='100'/>
</results>
