<results>
	<result value='loss'/>
	<start value='2015-07-14.03:45:27'/>
	<end value='2015-07-14.03:45:38'/>
	<frames value='16990'/>
	<gameDuration value='1061'/>

	<player>
		<unitScore value='4575'/>
		<killScore value='300'/>
		<buildingScore value='1675'/>
		<razingScore value='0'/>
		<mineralScore value='5994'/>
		<gasScore value='432'/>
		<totalScore value='12976'/>
	</player>

	<enemy>
		<race value='Protoss'/>
		<unitScore value='3850'/>
		<killScore value='8350'/>
		<buildingScore value='3475'/>
		<razingScore value='5025'/>
		<mineralScore value='8858'/>
		<gasScore value='1992'/>
		<totalScore value='31550'/>
	</enemy>

	<scoreRatio value='0.411284'/>
	<timeFitness value='0.147361'/>
	<unitsAverage value='27'/>
</results>
