<results>
	<result value='win'/>
	<start value='2015-04-07.19:20:14'/>
	<end value='2015-04-07.19:20:43'/>
	<frames value='32862'/>
	<gameDuration value='2053'/>

	<player>
		<unitScore value='21975'/>
		<killScore value='23400'/>
		<buildingScore value='3625'/>
		<razingScore value='14625'/>
		<mineralScore value='26106'/>
		<gasScore value='3624'/>
		<totalScore value='93355'/>
	</player>

	<enemy>
		<race value='Protoss'/>
		<unitScore value='12400'/>
		<unitScore value='12400'/>
		<killScore value='21850'/>
		<buildingScore value='4875'/>
		<razingScore value='300'/>
		<mineralScore value='21402'/>
		<gasScore value='4064'/>
		<totalScore value='64891'/>
	</enemy>

	<scoreRatio value='1.43864'/>
</results>
