<results>
	<result value='win'/>
	<start value='2015-05-04.18:54:55'/>
	<end value='2015-05-04.18:55:11'/>
	<frames value='25019'/>
	<gameDuration value='1563'/>

	<player>
		<unitScore value='11850'/>
		<killScore value='18600'/>
		<buildingScore value='2900'/>
		<razingScore value='6900'/>
		<mineralScore value='16106'/>
		<gasScore value='2624'/>
		<totalScore value='58980'/>
	</player>

	<enemy>
		<race value='Terran'/>
		<unitScore value='9300'/>
		<unitScore value='9300'/>
		<killScore value='12150'/>
		<buildingScore value='2300'/>
		<razingScore value='675'/>
		<mineralScore value='11218'/>
		<gasScore value='3536'/>
		<totalScore value='39179'/>
	</enemy>

	<scoreRatio value='1.5054'/>
	<timeFitness value='0.782917'/>
	<unitsAverage value='63'/>
</results>
