<results>
	<result value='win'/>
	<start value='2015-05-04.18:58:05'/>
	<end value='2015-05-04.18:58:16'/>
	<frames value='19594'/>
	<gameDuration value='1224'/>

	<player>
		<unitScore value='7300'/>
		<killScore value='11800'/>
		<buildingScore value='3075'/>
		<razingScore value='4500'/>
		<mineralScore value='12602'/>
		<gasScore value='1680'/>
		<totalScore value='40957'/>
	</player>

	<enemy>
		<race value='Terran'/>
		<unitScore value='5900'/>
		<unitScore value='5900'/>
		<killScore value='3200'/>
		<buildingScore value='1500'/>
		<razingScore value='1350'/>
		<mineralScore value='7386'/>
		<gasScore value='2104'/>
		<totalScore value='21440'/>
	</enemy>

	<scoreRatio value='1.91031'/>
	<timeFitness value='0.83'/>
	<unitsAverage value='56'/>
</results>
