<results>
	<result value='loss'/>
	<start value='2015-05-08.18:18:50'/>
	<end value='2015-05-08.18:19:16'/>
	<frames value='45386'/>
	<gameDuration value='2836'/>

	<player>
		<unitScore value='11950'/>
		<killScore value='15400'/>
		<buildingScore value='3275'/>
		<razingScore value='225'/>
		<mineralScore value='15818'/>
		<gasScore value='3200'/>
		<totalScore value='49868'/>
	</player>

	<enemy>
		<race value='Terran'/>
		<unitScore value='23300'/>
		<unitScore value='23300'/>
		<killScore value='23900'/>
		<buildingScore value='6100'/>
		<razingScore value='9825'/>
		<mineralScore value='22282'/>
		<gasScore value='14004'/>
		<totalScore value='99411'/>
	</enemy>

	<scoreRatio value='0.501635'/>
	<timeFitness value='0.393889'/>
	<unitsAverage value='46'/>
</results>
