<results>
	<result value='draw'/>
	<start value='2015-05-08.18:19:20'/>
	<end value='2015-05-08.18:19:56'/>
	<frames value='57601'/>
	<gameDuration value='3600'/>

	<player>
		<unitScore value='18700'/>
		<killScore value='40150'/>
		<buildingScore value='2825'/>
		<razingScore value='2400'/>
		<mineralScore value='24122'/>
		<gasScore value='3976'/>
		<totalScore value='92173'/>
	</player>

	<enemy>
		<race value='Terran'/>
		<unitScore value='31375'/>
		<unitScore value='31375'/>
		<killScore value='37500'/>
		<buildingScore value='4750'/>
		<razingScore value='6375'/>
		<mineralScore value='22038'/>
		<gasScore value='13214'/>
		<totalScore value='115252'/>
	</enemy>

	<scoreRatio value='0.799752'/>
	<timeFitness value='0.5'/>
	<unitsAverage value='56'/>
</results>
