<results>
	<result value='loss'/>
	<start value='2015-04-30.07:11:34'/>
	<end value='2015-04-30.07:11:47'/>
	<frames value='20865'/>
	<gameDuration value='1304'/>

	<player>
		<unitScore value='5675'/>
		<killScore value='3400'/>
		<buildingScore value='1875'/>
		<razingScore value='1200'/>
		<mineralScore value='7170'/>
		<gasScore value='1208'/>
		<totalScore value='20528'/>
	</player>

	<enemy>
		<race value='Terran'/>
		<unitScore value='8400'/>
		<unitScore value='8400'/>
		<killScore value='11350'/>
		<buildingScore value='2750'/>
		<razingScore value='5625'/>
		<mineralScore value='9802'/>
		<gasScore value='3440'/>
		<totalScore value='41367'/>
	</enemy>

	<scoreRatio value='0.496241'/>
	<timeFitness value='0.181111'/>
	<unitsAverage value='30'/>
</results>
