<results>
	<result value='loss'/>
	<start value='2015-05-08.16:29:18'/>
	<end value='2015-05-08.16:29:28'/>
	<frames value='18106'/>
	<gameDuration value='1131'/>

	<player>
		<unitScore value='4100'/>
		<killScore value='1250'/>
		<buildingScore value='1625'/>
		<razingScore value='0'/>
		<mineralScore value='5618'/>
		<gasScore value='1088'/>
		<totalScore value='13681'/>
	</player>

	<enemy>
		<race value='Terran'/>
		<unitScore value='6400'/>
		<unitScore value='6400'/>
		<killScore value='8200'/>
		<buildingScore value='2700'/>
		<razingScore value='4875'/>
		<mineralScore value='8434'/>
		<gasScore value='2776'/>
		<totalScore value='33385'/>
	</enemy>

	<scoreRatio value='0.409795'/>
	<timeFitness value='0.157083'/>
	<unitsAverage value='32'/>
</results>
