<results>
	<result value='win'/>
	<start value='2015-05-08.16:29:31'/>
	<end value='2015-05-08.16:29:57'/>
	<frames value='33978'/>
	<gameDuration value='2123'/>

	<player>
		<unitScore value='16000'/>
		<killScore value='31600'/>
		<buildingScore value='2775'/>
		<razingScore value='11025'/>
		<mineralScore value='18626'/>
		<gasScore value='3128'/>
		<totalScore value='83154'/>
	</player>

	<enemy>
		<race value='Terran'/>
		<unitScore value='17700'/>
		<unitScore value='17700'/>
		<killScore value='18800'/>
		<buildingScore value='3675'/>
		<razingScore value='1650'/>
		<mineralScore value='14438'/>
		<gasScore value='6654'/>
		<totalScore value='62917'/>
	</enemy>

	<scoreRatio value='1.32165'/>
	<timeFitness value='0.705139'/>
	<unitsAverage value='71'/>
</results>
