<results>
	<result value='draw'/>
	<start value='2015-05-03.13:57:39'/>
	<end value='2015-05-03.13:58:39'/>
	<frames value='57601'/>
	<gameDuration value='3600'/>

	<player>
		<unitScore value='32150'/>
		<killScore value='30850'/>
		<buildingScore value='4075'/>
		<razingScore value='2175'/>
		<mineralScore value='31398'/>
		<gasScore value='6762'/>
		<totalScore value='107410'/>
	</player>

	<enemy>
		<race value='Terran'/>
		<unitScore value='23675'/>
		<unitScore value='23675'/>
		<killScore value='49200'/>
		<buildingScore value='4725'/>
		<razingScore value='3900'/>
		<mineralScore value='19526'/>
		<gasScore value='11474'/>
		<totalScore value='112500'/>
	</enemy>

	<scoreRatio value='0.954756'/>
	<timeFitness value='0.5'/>
	<unitsAverage value='92'/>
</results>
