<results>
	<result value='win'/>
	<start value='2014-07-23.22:56:35'/>
	<end value='2014-07-23.22:56:46'/>
	<frames value='19191'/>
	<gameDuration value='1199'/>

	<player>
		<unitScore value='7475'/>
		<killScore value='11100'/>
		<buildingScore value='2925'/>
		<razingScore value='4500'/>
		<mineralScore value='12194'/>
		<gasScore value='1384'/>
		<totalScore value='39578'/>
	</player>

	<enemy>
		<race value='Terran'/>
		<unitScore value='5550'/>
		<unitScore value='5550'/>
		<killScore value='2800'/>
		<buildingScore value='1500'/>
		<razingScore value='1200'/>
		<mineralScore value='8546'/>
		<gasScore value='2000'/>
		<totalScore value='21596'/>
	</enemy>

	<scoreRatio value='1.83265'/>
</results>
