<results>
	<result value='draw'/>
	<start value='2015-07-14.02:35:29'/>
	<end value='2015-07-14.02:38:14'/>
	<frames value='57601'/>
	<gameDuration value='3600'/>

	<player>
		<unitScore value='50675'/>
		<killScore value='37850'/>
		<buildingScore value='3825'/>
		<razingScore value='2400'/>
		<mineralScore value='39090'/>
		<gasScore value='10998'/>
		<totalScore value='144838'/>
	</player>

	<enemy>
		<race value='Protoss'/>
		<unitScore value='27325'/>
		<killScore value='93050'/>
		<buildingScore value='5125'/>
		<razingScore value='300'/>
		<mineralScore value='23930'/>
		<gasScore value='6430'/>
		<totalScore value='156160'/>
	</enemy>

	<scoreRatio value='0.927497'/>
	<timeFitness value='0.5'/>
	<unitsAverage value='97'/>
</results>
