<results>
	<result value='loss'/>
	<start value='2015-07-14.04:37:19'/>
	<end value='2015-07-14.04:37:36'/>
	<frames value='22012'/>
	<gameDuration value='1375'/>

	<player>
		<unitScore value='9275'/>
		<killScore value='1800'/>
		<buildingScore value='2725'/>
		<razingScore value='0'/>
		<mineralScore value='10658'/>
		<gasScore value='1504'/>
		<totalScore value='25962'/>
	</player>

	<enemy>
		<race value='Protoss'/>
		<unitScore value='8075'/>
		<killScore value='18550'/>
		<buildingScore value='4575'/>
		<razingScore value='8175'/>
		<mineralScore value='12426'/>
		<gasScore value='3544'/>
		<totalScore value='55345'/>
	</enemy>

	<scoreRatio value='0.469094'/>
	<timeFitness value='0.190972'/>
	<unitsAverage value='37'/>
</results>
