<results>
	<result value='win'/>
	<start value='2015-05-01.02:49:15'/>
	<end value='2015-05-01.02:50:46'/>
	<frames value='42875'/>
	<gameDuration value='2679'/>

	<player>
		<unitScore value='28125'/>
		<killScore value='37150'/>
		<buildingScore value='4200'/>
		<razingScore value='21225'/>
		<mineralScore value='42578'/>
		<gasScore value='4168'/>
		<totalScore value='137446'/>
	</player>

	<enemy>
		<race value='Protoss'/>
		<unitScore value='21800'/>
		<unitScore value='21800'/>
		<killScore value='34150'/>
		<buildingScore value='7075'/>
		<razingScore value='0'/>
		<mineralScore value='19338'/>
		<gasScore value='8232'/>
		<totalScore value='90595'/>
	</enemy>

	<scoreRatio value='1.51715'/>
</results>
