<results>
	<result value='loss'/>
	<start value='2015-05-01.02:51:39'/>
	<end value='2015-05-01.02:52:36'/>
	<frames value='50129'/>
	<gameDuration value='3133'/>

	<player>
		<unitScore value='27375'/>
		<killScore value='48400'/>
		<buildingScore value='3400'/>
		<razingScore value='3900'/>
		<mineralScore value='29942'/>
		<gasScore value='3280'/>
		<totalScore value='116297'/>
	</player>

	<enemy>
		<race value='Protoss'/>
		<unitScore value='36325'/>
		<unitScore value='36325'/>
		<killScore value='54750'/>
		<buildingScore value='7425'/>
		<razingScore value='10200'/>
		<mineralScore value='31394'/>
		<gasScore value='10802'/>
		<totalScore value='150896'/>
	</enemy>

	<scoreRatio value='0.77071'/>
</results>
