<results>
	<result value='win'/>
	<start value='2015-05-01.02:54:45'/>
	<end value='2015-05-01.02:55:25'/>
	<frames value='28491'/>
	<gameDuration value='1780'/>

	<player>
		<unitScore value='17250'/>
		<killScore value='10500'/>
		<buildingScore value='4250'/>
		<razingScore value='13050'/>
		<mineralScore value='24042'/>
		<gasScore value='1672'/>
		<totalScore value='70764'/>
	</player>

	<enemy>
		<race value='Protoss'/>
		<unitScore value='5250'/>
		<unitScore value='5250'/>
		<killScore value='13850'/>
		<buildingScore value='4350'/>
		<razingScore value='0'/>
		<mineralScore value='18318'/>
		<gasScore value='936'/>
		<totalScore value='42704'/>
	</enemy>

	<scoreRatio value='1.65708'/>
</results>
