<results>
	<result value='loss'/>
	<start value='2015-07-19.09:34:23'/>
	<end value='2015-07-19.09:34:55'/>
	<frames value='25329'/>
	<gameDuration value='1583'/>

	<player>
		<unitScore value='11825'/>
		<killScore value='3750'/>
		<buildingScore value='2750'/>
		<razingScore value='0'/>
		<mineralScore value='24442'/>
		<gasScore value='1960'/>
		<totalScore value='44727'/>
	</player>

	<enemy>
		<race value='Zerg'/>
		<unitScore value='11875'/>
		<killScore value='23650'/>
		<buildingScore value='3005'/>
		<razingScore value='8250'/>
		<mineralScore value='13714'/>
		<gasScore value='3848'/>
		<totalScore value='64342'/>
	</enemy>

	<scoreRatio value='0.695145'/>
	<timeFitness value='0.219861'/>
	<unitsAverage value='59'/>
</results>
