<results>
	<result value='win'/>
	<start value='2015-05-03.17:34:46'/>
	<end value='2015-05-03.17:35:14'/>
	<frames value='33513'/>
	<gameDuration value='2094'/>

	<player>
		<unitScore value='17650'/>
		<killScore value='30400'/>
		<buildingScore value='4725'/>
		<razingScore value='12000'/>
		<mineralScore value='27202'/>
		<gasScore value='3168'/>
		<totalScore value='95145'/>
	</player>

	<enemy>
		<race value='Terran'/>
		<unitScore value='16800'/>
		<unitScore value='16800'/>
		<killScore value='15050'/>
		<buildingScore value='4000'/>
		<razingScore value='3225'/>
		<mineralScore value='14390'/>
		<gasScore value='6400'/>
		<totalScore value='59865'/>
	</enemy>

	<scoreRatio value='1.58933'/>
	<timeFitness value='0.709167'/>
	<unitsAverage value='82'/>
</results>
