<results>
	<result value='win'/>
	<start value='2015-05-03.17:38:33'/>
	<end value='2015-05-03.17:39:04'/>
	<frames value='35497'/>
	<gameDuration value='2218'/>

	<player>
		<unitScore value='17675'/>
		<killScore value='30000'/>
		<buildingScore value='4325'/>
		<razingScore value='12300'/>
		<mineralScore value='27298'/>
		<gasScore value='976'/>
		<totalScore value='92574'/>
	</player>

	<enemy>
		<race value='Terran'/>
		<unitScore value='18200'/>
		<unitScore value='18200'/>
		<killScore value='14900'/>
		<buildingScore value='4100'/>
		<razingScore value='3450'/>
		<mineralScore value='15050'/>
		<gasScore value='6952'/>
		<totalScore value='62652'/>
	</enemy>

	<scoreRatio value='1.47759'/>
	<timeFitness value='0.691944'/>
	<unitsAverage value='85'/>
</results>
