<results>
	<result value='win'/>
	<start value='2015-05-09.01:55:23'/>
	<end value='2015-05-09.01:57:08'/>
	<frames value='39651'/>
	<gameDuration value='2478'/>

	<player>
		<unitScore value='26200'/>
		<killScore value='32200'/>
		<buildingScore value='4725'/>
		<razingScore value='10125'/>
		<mineralScore value='33734'/>
		<gasScore value='5096'/>
		<totalScore value='112080'/>
	</player>

	<enemy>
		<race value='Terran'/>
		<unitScore value='18275'/>
		<unitScore value='18275'/>
		<killScore value='28800'/>
		<buildingScore value='3375'/>
		<razingScore value='1350'/>
		<mineralScore value='14346'/>
		<gasScore value='6776'/>
		<totalScore value='72922'/>
	</enemy>

	<scoreRatio value='1.53698'/>
	<timeFitness value='0.655833'/>
	<unitsAverage value='127'/>
</results>
