<results>
	<result value='loss'/>
	<start value='2015-05-11.06:41:49'/>
	<end value='2015-05-11.06:41:58'/>
	<frames value='17796'/>
	<gameDuration value='1112'/>

	<player>
		<unitScore value='5150'/>
		<killScore value='1500'/>
		<buildingScore value='1800'/>
		<razingScore value='0'/>
		<mineralScore value='7082'/>
		<gasScore value='1200'/>
		<totalScore value='16732'/>
	</player>

	<enemy>
		<race value='Protoss'/>
		<unitScore value='4325'/>
		<unitScore value='4325'/>
		<killScore value='8950'/>
		<buildingScore value='3125'/>
		<razingScore value='5175'/>
		<mineralScore value='9074'/>
		<gasScore value='2008'/>
		<totalScore value='32657'/>
	</enemy>

	<scoreRatio value='0.512356'/>
	<timeFitness value='0.154444'/>
	<unitsAverage value='33'/>
</results>
