<results>
	<result value='loss'/>
	<start value='2015-05-11.21:01:03'/>
	<end value='2015-05-11.21:01:17'/>
	<frames value='27871'/>
	<gameDuration value='1741'/>

	<player>
		<unitScore value='6225'/>
		<killScore value='3750'/>
		<buildingScore value='1625'/>
		<razingScore value='0'/>
		<mineralScore value='7362'/>
		<gasScore value='1336'/>
		<totalScore value='20298'/>
	</player>

	<enemy>
		<race value='Protoss'/>
		<unitScore value='12925'/>
		<unitScore value='12925'/>
		<killScore value='12450'/>
		<buildingScore value='6875'/>
		<razingScore value='4875'/>
		<mineralScore value='17530'/>
		<gasScore value='6200'/>
		<totalScore value='60855'/>
	</enemy>

	<scoreRatio value='0.333547'/>
	<timeFitness value='0.241806'/>
	<unitsAverage value='23'/>
</results>
