<results>
	<result value='win'/>
	<start value='2015-05-11.06:43:56'/>
	<end value='2015-05-11.06:44:16'/>
	<frames value='26538'/>
	<gameDuration value='1658'/>

	<player>
		<unitScore value='13725'/>
		<killScore value='12500'/>
		<buildingScore value='3550'/>
		<razingScore value='13650'/>
		<mineralScore value='20114'/>
		<gasScore value='2352'/>
		<totalScore value='65891'/>
	</player>

	<enemy>
		<race value='Protoss'/>
		<unitScore value='6450'/>
		<unitScore value='6450'/>
		<killScore value='9900'/>
		<buildingScore value='4550'/>
		<razingScore value='0'/>
		<mineralScore value='11098'/>
		<gasScore value='3608'/>
		<totalScore value='35606'/>
	</enemy>

	<scoreRatio value='1.85056'/>
	<timeFitness value='0.769722'/>
	<unitsAverage value='74'/>
</results>
