<results>
	<result value='loss'/>
	<start value='2015-05-03.04:14:55'/>
	<end value='2015-05-03.04:15:02'/>
	<frames value='16866'/>
	<gameDuration value='1054'/>

	<player>
		<unitScore value='4150'/>
		<killScore value='800'/>
		<buildingScore value='1975'/>
		<razingScore value='0'/>
		<mineralScore value='6362'/>
		<gasScore value='0'/>
		<totalScore value='13287'/>
	</player>

	<enemy>
		<race value='Protoss'/>
		<unitScore value='3700'/>
		<unitScore value='3700'/>
		<killScore value='8200'/>
		<buildingScore value='3825'/>
		<razingScore value='5925'/>
		<mineralScore value='8850'/>
		<gasScore value='1608'/>
		<totalScore value='32108'/>
	</enemy>

	<scoreRatio value='0.413822'/>
	<timeFitness value='0.146389'/>
	<unitsAverage value='26'/>
</results>
