<results>
	<result value='loss'/>
	<start value='2015-07-18.08:58:52'/>
	<end value='2015-07-18.08:59:38'/>
	<frames value='38008'/>
	<gameDuration value='2375'/>

	<player>
		<unitScore value='22025'/>
		<killScore value='12800'/>
		<buildingScore value='2750'/>
		<razingScore value='600'/>
		<mineralScore value='25874'/>
		<gasScore value='3224'/>
		<totalScore value='67273'/>
	</player>

	<enemy>
		<race value='Protoss'/>
		<unitScore value='22750'/>
		<killScore value='40750'/>
		<buildingScore value='7975'/>
		<razingScore value='8400'/>
		<mineralScore value='26034'/>
		<gasScore value='9128'/>
		<totalScore value='115037'/>
	</enemy>

	<scoreRatio value='0.584794'/>
	<timeFitness value='0.329861'/>
	<unitsAverage value='77'/>
</results>
