<results>
	<result value='win'/>
	<start value='2014-07-05.16:37:07'/>
	<end value='2014-07-05.16:37:30'/>
	<frames value='28491'/>
	<gameDuration value='1780'/>

	<player>
		<unitScore value='17375'/>
		<killScore value='26585'/>
		<buildingScore value='4275'/>
		<razingScore value='4140'/>
		<mineralScore value='28762'/>
		<gasScore value='3272'/>
		<totalScore value='84409'/>
	</player>

	<enemy>
		<race value='Zerg'/>
		<unitScore value='11875'/>
		<unitScore value='11875'/>
		<killScore value='13300'/>
		<buildingScore value='1380'/>
		<razingScore value='0'/>
		<mineralScore value='10390'/>
		<gasScore value='3008'/>
		<totalScore value='39953'/>
	</enemy>

	<scoreRatio value='2.11271'/>
</results>
