<results>
	<result value='win'/>
	<start value='2014-07-05.16:44:13'/>
	<end value='2014-07-05.16:44:41'/>
	<frames value='30816'/>
	<gameDuration value='1926'/>

	<player>
		<unitScore value='21025'/>
		<killScore value='36355'/>
		<buildingScore value='4375'/>
		<razingScore value='6840'/>
		<mineralScore value='31594'/>
		<gasScore value='2648'/>
		<totalScore value='102837'/>
	</player>

	<enemy>
		<race value='Zerg'/>
		<unitScore value='15325'/>
		<unitScore value='15325'/>
		<killScore value='19050'/>
		<buildingScore value='2280'/>
		<razingScore value='0'/>
		<mineralScore value='14626'/>
		<gasScore value='4320'/>
		<totalScore value='55601'/>
	</enemy>

	<scoreRatio value='1.84955'/>
</results>
