<results>
	<result value='win'/>
	<start value='2015-05-03.13:11:07'/>
	<end value='2015-05-03.13:11:48'/>
	<frames value='31219'/>
	<gameDuration value='1951'/>

	<player>
		<unitScore value='23100'/>
		<killScore value='40755'/>
		<buildingScore value='3925'/>
		<razingScore value='6495'/>
		<mineralScore value='29574'/>
		<gasScore value='1992'/>
		<totalScore value='105841'/>
	</player>

	<enemy>
		<race value='Zerg'/>
		<unitScore value='17675'/>
		<unitScore value='17675'/>
		<killScore value='23450'/>
		<buildingScore value='2165'/>
		<razingScore value='0'/>
		<mineralScore value='15478'/>
		<gasScore value='5056'/>
		<totalScore value='63824'/>
	</enemy>

	<scoreRatio value='1.65833'/>
	<timeFitness value='0.729028'/>
	<unitsAverage value='107'/>
</results>
