<results>
	<result value='loss'/>
	<start value='2015-05-03.13:18:05'/>
	<end value='2015-05-03.13:18:08'/>
	<frames value='6481'/>
	<gameDuration value='405'/>

	<player>
		<unitScore value='1000'/>
		<killScore value='0'/>
		<buildingScore value='575'/>
		<razingScore value='0'/>
		<mineralScore value='1362'/>
		<gasScore value='0'/>
		<totalScore value='2937'/>
	</player>

	<enemy>
		<race value='Zerg'/>
		<unitScore value='1100'/>
		<unitScore value='1100'/>
		<killScore value='1900'/>
		<buildingScore value='375'/>
		<razingScore value='1950'/>
		<mineralScore value='1498'/>
		<gasScore value='0'/>
		<totalScore value='6823'/>
	</enemy>

	<scoreRatio value='0.430456'/>
	<timeFitness value='0.05625'/>
	<unitsAverage value='11'/>
</results>
