<results>
	<result value='win'/>
	<start value='2015-05-03.13:23:40'/>
	<end value='2015-05-03.13:24:09'/>
	<frames value='24275'/>
	<gameDuration value='1517'/>

	<player>
		<unitScore value='17400'/>
		<killScore value='22250'/>
		<buildingScore value='4450'/>
		<razingScore value='4680'/>
		<mineralScore value='24414'/>
		<gasScore value='1808'/>
		<totalScore value='75002'/>
	</player>

	<enemy>
		<race value='Zerg'/>
		<unitScore value='10325'/>
		<unitScore value='10325'/>
		<killScore value='13700'/>
		<buildingScore value='1560'/>
		<razingScore value='0'/>
		<mineralScore value='9658'/>
		<gasScore value='3072'/>
		<totalScore value='38315'/>
	</enemy>

	<scoreRatio value='1.95751'/>
	<timeFitness value='0.789306'/>
	<unitsAverage value='95'/>
</results>
