<results>
	<result value='loss'/>
	<start value='2015-05-03.16:42:58'/>
	<end value='2015-05-03.16:43:04'/>
	<frames value='16029'/>
	<gameDuration value='1001'/>

	<player>
		<unitScore value='2825'/>
		<killScore value='800'/>
		<buildingScore value='1225'/>
		<razingScore value='0'/>
		<mineralScore value='4522'/>
		<gasScore value='936'/>
		<totalScore value='10308'/>
	</player>

	<enemy>
		<race value='Protoss'/>
		<unitScore value='3550'/>
		<unitScore value='3550'/>
		<killScore value='5650'/>
		<buildingScore value='3075'/>
		<razingScore value='3675'/>
		<mineralScore value='8090'/>
		<gasScore value='1816'/>
		<totalScore value='25856'/>
	</enemy>

	<scoreRatio value='0.39867'/>
	<timeFitness value='0.139028'/>
	<unitsAverage value='21'/>
</results>
