<results>
	<result value='win'/>
	<start value='2015-05-09.19:32:47'/>
	<end value='2015-05-09.19:33:11'/>
	<frames value='25143'/>
	<gameDuration value='1571'/>

	<player>
		<unitScore value='14300'/>
		<killScore value='21050'/>
		<buildingScore value='4275'/>
		<razingScore value='10125'/>
		<mineralScore value='23866'/>
		<gasScore value='2248'/>
		<totalScore value='75864'/>
	</player>

	<enemy>
		<race value='Protoss'/>
		<unitScore value='11575'/>
		<unitScore value='11575'/>
		<killScore value='10500'/>
		<buildingScore value='3375'/>
		<razingScore value='975'/>
		<mineralScore value='10862'/>
		<gasScore value='3176'/>
		<totalScore value='40463'/>
	</enemy>

	<scoreRatio value='1.8749'/>
	<timeFitness value='0.781806'/>
	<unitsAverage value='85'/>
</results>
