<results>
	<result value='loss'/>
	<start value='2015-05-10.00:28:39'/>
	<end value='2015-05-10.00:29:18'/>
	<frames value='42441'/>
	<gameDuration value='2652'/>

	<player>
		<unitScore value='16025'/>
		<killScore value='26750'/>
		<buildingScore value='3250'/>
		<razingScore value='300'/>
		<mineralScore value='18490'/>
		<gasScore value='3432'/>
		<totalScore value='68247'/>
	</player>

	<enemy>
		<race value='Protoss'/>
		<unitScore value='32550'/>
		<unitScore value='32550'/>
		<killScore value='32050'/>
		<buildingScore value='8025'/>
		<razingScore value='9750'/>
		<mineralScore value='31674'/>
		<gasScore value='10180'/>
		<totalScore value='124229'/>
	</enemy>

	<scoreRatio value='0.549365'/>
	<timeFitness value='0.368333'/>
	<unitsAverage value='67'/>
</results>
