<results>
	<result value='draw'/>
	<start value='2015-05-03.20:03:14'/>
	<end value='2015-05-03.20:05:49'/>
	<frames value='57601'/>
	<gameDuration value='3600'/>

	<player>
		<unitScore value='27900'/>
		<killScore value='29050'/>
		<buildingScore value='4750'/>
		<razingScore value='13725'/>
		<mineralScore value='41658'/>
		<gasScore value='10828'/>
		<totalScore value='127911'/>
	</player>

	<enemy>
		<race value='Protoss'/>
		<unitScore value='15275'/>
		<unitScore value='15275'/>
		<killScore value='30400'/>
		<buildingScore value='4925'/>
		<razingScore value='0'/>
		<mineralScore value='19634'/>
		<gasScore value='3560'/>
		<totalScore value='73794'/>
	</enemy>

	<scoreRatio value='1.73335'/>
	<timeFitness value='0.5'/>
	<unitsAverage value='170'/>
</results>
