<results>
	<result value='draw'/>
	<start value='2015-05-03.20:10:10'/>
	<end value='2015-05-03.20:11:41'/>
	<frames value='57601'/>
	<gameDuration value='3600'/>

	<player>
		<unitScore value='31075'/>
		<killScore value='56850'/>
		<buildingScore value='4150'/>
		<razingScore value='9675'/>
		<mineralScore value='35494'/>
		<gasScore value='4966'/>
		<totalScore value='142210'/>
	</player>

	<enemy>
		<race value='Protoss'/>
		<unitScore value='33425'/>
		<unitScore value='33425'/>
		<killScore value='61750'/>
		<buildingScore value='7425'/>
		<razingScore value='7275'/>
		<mineralScore value='27498'/>
		<gasScore value='10558'/>
		<totalScore value='147931'/>
	</enemy>

	<scoreRatio value='0.961327'/>
	<timeFitness value='0.5'/>
	<unitsAverage value='115'/>
</results>
