<results>
	<result value='loss'/>
	<start value='2015-05-10.00:39:53'/>
	<end value='2015-05-10.00:40:44'/>
	<frames value='48176'/>
	<gameDuration value='3011'/>

	<player>
		<unitScore value='23625'/>
		<killScore value='33100'/>
		<buildingScore value='2275'/>
		<razingScore value='1425'/>
		<mineralScore value='24018'/>
		<gasScore value='4600'/>
		<totalScore value='89043'/>
	</player>

	<enemy>
		<race value='Protoss'/>
		<unitScore value='38785'/>
		<unitScore value='38785'/>
		<killScore value='47350'/>
		<buildingScore value='8500'/>
		<razingScore value='6825'/>
		<mineralScore value='34102'/>
		<gasScore value='14016'/>
		<totalScore value='149578'/>
	</enemy>

	<scoreRatio value='0.595295'/>
	<timeFitness value='0.418194'/>
	<unitsAverage value='79'/>
</results>
