<results>
	<result value='loss'/>
	<start value='2015-05-10.00:45:14'/>
	<end value='2015-05-10.00:45:40'/>
	<frames value='36396'/>
	<gameDuration value='2274'/>

	<player>
		<unitScore value='11650'/>
		<killScore value='15900'/>
		<buildingScore value='1300'/>
		<razingScore value='3750'/>
		<mineralScore value='12098'/>
		<gasScore value='2064'/>
		<totalScore value='46762'/>
	</player>

	<enemy>
		<race value='Protoss'/>
		<unitScore value='20125'/>
		<unitScore value='20125'/>
		<killScore value='23300'/>
		<buildingScore value='7725'/>
		<razingScore value='3900'/>
		<mineralScore value='24778'/>
		<gasScore value='7032'/>
		<totalScore value='86860'/>
	</enemy>

	<scoreRatio value='0.538361'/>
	<timeFitness value='0.315833'/>
	<unitsAverage value='46'/>
</results>
