<results>
	<result value='win'/>
	<start value='2015-05-09.00:51:26'/>
	<end value='2015-05-09.00:52:09'/>
	<frames value='45665'/>
	<gameDuration value='2854'/>

	<player>
		<unitScore value='23250'/>
		<killScore value='36500'/>
		<buildingScore value='4350'/>
		<razingScore value='11925'/>
		<mineralScore value='27934'/>
		<gasScore value='2872'/>
		<totalScore value='106831'/>
	</player>

	<enemy>
		<race value='Terran'/>
		<unitScore value='19850'/>
		<unitScore value='19850'/>
		<killScore value='28450'/>
		<buildingScore value='4075'/>
		<razingScore value='2925'/>
		<mineralScore value='16642'/>
		<gasScore value='8904'/>
		<totalScore value='80846'/>
	</enemy>

	<scoreRatio value='1.32141'/>
	<timeFitness value='0.603611'/>
	<unitsAverage value='80'/>
</results>
