<results>
	<result value='draw'/>
	<start value='2015-05-09.00:55:46'/>
	<end value='2015-05-09.00:57:31'/>
	<frames value='57601'/>
	<gameDuration value='3600'/>

	<player>
		<unitScore value='37550'/>
		<killScore value='41500'/>
		<buildingScore value='4875'/>
		<razingScore value='2550'/>
		<mineralScore value='43518'/>
		<gasScore value='6084'/>
		<totalScore value='136077'/>
	</player>

	<enemy>
		<race value='Terran'/>
		<unitScore value='27375'/>
		<unitScore value='27375'/>
		<killScore value='51950'/>
		<buildingScore value='4175'/>
		<razingScore value='1800'/>
		<mineralScore value='19382'/>
		<gasScore value='11490'/>
		<totalScore value='116172'/>
	</enemy>

	<scoreRatio value='1.17134'/>
	<timeFitness value='0.5'/>
	<unitsAverage value='147'/>
</results>
