<results>
	<result value='win'/>
	<start value='2015-04-11.17:39:49'/>
	<end value='2015-04-11.17:40:32'/>
	<frames value='31870'/>
	<gameDuration value='1991'/>

	<player>
		<unitScore value='15900'/>
		<killScore value='23400'/>
		<buildingScore value='2425'/>
		<razingScore value='18300'/>
		<mineralScore value='18642'/>
		<gasScore value='2656'/>
		<totalScore value='81323'/>
	</player>

	<enemy>
		<race value='Protoss'/>
		<unitScore value='12275'/>
		<unitScore value='12275'/>
		<killScore value='19750'/>
		<buildingScore value='6100'/>
		<razingScore value='300'/>
		<mineralScore value='15410'/>
		<gasScore value='4520'/>
		<totalScore value='58355'/>
	</enemy>

	<scoreRatio value='1.39359'/>
</results>
