<results>
	<result value='win'/>
	<start value='2015-05-10.19:46:24'/>
	<end value='2015-05-10.19:47:11'/>
	<frames value='30754'/>
	<gameDuration value='1922'/>

	<player>
		<unitScore value='18625'/>
		<killScore value='29890'/>
		<buildingScore value='4925'/>
		<razingScore value='5115'/>
		<mineralScore value='31530'/>
		<gasScore value='3344'/>
		<totalScore value='93429'/>
	</player>

	<enemy>
		<race value='Zerg'/>
		<unitScore value='13550'/>
		<unitScore value='13550'/>
		<killScore value='15150'/>
		<buildingScore value='1705'/>
		<razingScore value='0'/>
		<mineralScore value='11714'/>
		<gasScore value='3944'/>
		<totalScore value='46063'/>
	</enemy>

	<scoreRatio value='2.02829'/>
	<timeFitness value='0.733056'/>
	<unitsAverage value='114'/>
</results>
