<results>
	<result value='draw'/>
	<start value='2015-05-10.19:51:48'/>
	<end value='2015-05-10.19:53:05'/>
	<frames value='57601'/>
	<gameDuration value='3600'/>

	<player>
		<unitScore value='23525'/>
		<killScore value='43090'/>
		<buildingScore value='3800'/>
		<razingScore value='5190'/>
		<mineralScore value='31950'/>
		<gasScore value='5712'/>
		<totalScore value='113267'/>
	</player>

	<enemy>
		<race value='Zerg'/>
		<unitScore value='24350'/>
		<unitScore value='24350'/>
		<killScore value='33550'/>
		<buildingScore value='3935'/>
		<razingScore value='2475'/>
		<mineralScore value='30974'/>
		<gasScore value='6486'/>
		<totalScore value='101770'/>
	</enemy>

	<scoreRatio value='1.11297'/>
	<timeFitness value='0.5'/>
	<unitsAverage value='95'/>
</results>
