<results>
	<result value='win'/>
	<start value='2015-05-10.20:02:10'/>
	<end value='2015-05-10.20:03:10'/>
	<frames value='43650'/>
	<gameDuration value='2728'/>

	<player>
		<unitScore value='24075'/>
		<killScore value='31210'/>
		<buildingScore value='4425'/>
		<razingScore value='10905'/>
		<mineralScore value='37350'/>
		<gasScore value='5184'/>
		<totalScore value='113149'/>
	</player>

	<enemy>
		<race value='Zerg'/>
		<unitScore value='15525'/>
		<unitScore value='15525'/>
		<killScore value='28100'/>
		<buildingScore value='3635'/>
		<razingScore value='3750'/>
		<mineralScore value='15882'/>
		<gasScore value='5024'/>
		<totalScore value='71916'/>
	</enemy>

	<scoreRatio value='1.57335'/>
	<timeFitness value='0.621111'/>
	<unitsAverage value='101'/>
</results>
