<results>
	<result value='win'/>
	<start value='2015-05-07.17:45:22'/>
	<end value='2015-05-07.17:45:53'/>
	<frames value='23500'/>
	<gameDuration value='1468'/>

	<player>
		<unitScore value='11225'/>
		<killScore value='20000'/>
		<buildingScore value='3500'/>
		<razingScore value='8400'/>
		<mineralScore value='17338'/>
		<gasScore value='2240'/>
		<totalScore value='62703'/>
	</player>

	<enemy>
		<race value='Terran'/>
		<unitScore value='10000'/>
		<unitScore value='10000'/>
		<killScore value='7050'/>
		<buildingScore value='2800'/>
		<razingScore value='1500'/>
		<mineralScore value='9786'/>
		<gasScore value='3504'/>
		<totalScore value='34640'/>
	</enemy>

	<scoreRatio value='1.81013'/>
	<timeFitness value='0.796111'/>
	<unitsAverage value='69'/>
</results>
