<results>
	<result value='win'/>
	<start value='2015-05-07.18:04:43'/>
	<end value='2015-05-07.18:05:20'/>
	<frames value='22818'/>
	<gameDuration value='1426'/>

	<player>
		<unitScore value='13600'/>
		<killScore value='19600'/>
		<buildingScore value='4050'/>
		<razingScore value='7050'/>
		<mineralScore value='21362'/>
		<gasScore value='1744'/>
		<totalScore value='67406'/>
	</player>

	<enemy>
		<race value='Terran'/>
		<unitScore value='11000'/>
		<unitScore value='11000'/>
		<killScore value='7950'/>
		<buildingScore value='2350'/>
		<razingScore value='375'/>
		<mineralScore value='10050'/>
		<gasScore value='3464'/>
		<totalScore value='35189'/>
	</enemy>

	<scoreRatio value='1.91554'/>
	<timeFitness value='0.801944'/>
	<unitsAverage value='84'/>
</results>
