<results>
	<result value='loss'/>
	<start value='2015-05-07.18:09:47'/>
	<end value='2015-05-07.18:10:54'/>
	<frames value='53818'/>
	<gameDuration value='3363'/>

	<player>
		<unitScore value='18400'/>
		<killScore value='28400'/>
		<buildingScore value='3000'/>
		<razingScore value='2325'/>
		<mineralScore value='20458'/>
		<gasScore value='7264'/>
		<totalScore value='79847'/>
	</player>

	<enemy>
		<race value='Terran'/>
		<unitScore value='26375'/>
		<unitScore value='26375'/>
		<killScore value='36800'/>
		<buildingScore value='4800'/>
		<razingScore value='9000'/>
		<mineralScore value='25114'/>
		<gasScore value='11988'/>
		<totalScore value='114077'/>
	</enemy>

	<scoreRatio value='0.699939'/>
	<timeFitness value='0.467083'/>
	<unitsAverage value='54'/>
</results>
