<results>
	<result value='loss'/>
	<start value='2015-05-07.18:19:09'/>
	<end value='2015-05-07.18:19:40'/>
	<frames value='30878'/>
	<gameDuration value='1929'/>

	<player>
		<unitScore value='5475'/>
		<killScore value='9600'/>
		<buildingScore value='1975'/>
		<razingScore value='825'/>
		<mineralScore value='8234'/>
		<gasScore value='1392'/>
		<totalScore value='27501'/>
	</player>

	<enemy>
		<race value='Terran'/>
		<unitScore value='13775'/>
		<unitScore value='13775'/>
		<killScore value='10950'/>
		<buildingScore value='4950'/>
		<razingScore value='5925'/>
		<mineralScore value='16042'/>
		<gasScore value='8554'/>
		<totalScore value='60196'/>
	</enemy>

	<scoreRatio value='0.456858'/>
	<timeFitness value='0.267917'/>
	<unitsAverage value='29'/>
</results>
