<results>
	<result value='loss'/>
	<start value='2014-07-24.04:55:46'/>
	<end value='2014-07-24.04:55:51'/>
	<frames value='15037'/>
	<gameDuration value='939'/>

	<player>
		<unitScore value='2300'/>
		<killScore value='400'/>
		<buildingScore value='975'/>
		<razingScore value='0'/>
		<mineralScore value='3146'/>
		<gasScore value='384'/>
		<totalScore value='7205'/>
	</player>

	<enemy>
		<race value='Terran'/>
		<unitScore value='4850'/>
		<unitScore value='4850'/>
		<killScore value='4600'/>
		<buildingScore value='1450'/>
		<razingScore value='2925'/>
		<mineralScore value='6858'/>
		<gasScore value='2232'/>
		<totalScore value='22915'/>
	</enemy>

	<scoreRatio value='0.314423'/>
</results>
