<results>
	<result value='win'/>
	<start value='2014-07-24.04:59:22'/>
	<end value='2014-07-24.04:59:33'/>
	<frames value='19284'/>
	<gameDuration value='1205'/>

	<player>
		<unitScore value='8050'/>
		<killScore value='14300'/>
		<buildingScore value='2825'/>
		<razingScore value='5025'/>
		<mineralScore value='11834'/>
		<gasScore value='1288'/>
		<totalScore value='43322'/>
	</player>

	<enemy>
		<race value='Terran'/>
		<unitScore value='7150'/>
		<unitScore value='7150'/>
		<killScore value='2100'/>
		<buildingScore value='1750'/>
		<razingScore value='300'/>
		<mineralScore value='7482'/>
		<gasScore value='2264'/>
		<totalScore value='21046'/>
	</enemy>

	<scoreRatio value='2.05844'/>
</results>
