<results>
	<result value='win'/>
	<start value='2015-05-10.03:28:41'/>
	<end value='2015-05-10.03:29:35'/>
	<frames value='34350'/>
	<gameDuration value='2146'/>

	<player>
		<unitScore value='19175'/>
		<killScore value='31200'/>
		<buildingScore value='3725'/>
		<razingScore value='15375'/>
		<mineralScore value='25046'/>
		<gasScore value='4712'/>
		<totalScore value='99233'/>
	</player>

	<enemy>
		<race value='Protoss'/>
		<unitScore value='17000'/>
		<unitScore value='17000'/>
		<killScore value='17150'/>
		<buildingScore value='5125'/>
		<razingScore value='0'/>
		<mineralScore value='15070'/>
		<gasScore value='5248'/>
		<totalScore value='59593'/>
	</enemy>

	<scoreRatio value='1.66518'/>
	<timeFitness value='0.701944'/>
	<unitsAverage value='101'/>
</results>
