<results>
	<result value='draw'/>
	<start value='2015-05-10.03:43:23'/>
	<end value='2015-05-10.03:44:51'/>
	<frames value='57601'/>
	<gameDuration value='3600'/>

	<player>
		<unitScore value='31825'/>
		<killScore value='65900'/>
		<buildingScore value='2875'/>
		<razingScore value='10125'/>
		<mineralScore value='31774'/>
		<gasScore value='9632'/>
		<totalScore value='152131'/>
	</player>

	<enemy>
		<race value='Protoss'/>
		<unitScore value='37125'/>
		<unitScore value='37125'/>
		<killScore value='58550'/>
		<buildingScore value='6675'/>
		<razingScore value='150'/>
		<mineralScore value='31150'/>
		<gasScore value='10864'/>
		<totalScore value='144514'/>
	</enemy>

	<scoreRatio value='1.05271'/>
	<timeFitness value='0.5'/>
	<unitsAverage value='102'/>
</results>
