<results>
	<result value='loss'/>
	<start value='2015-05-10.04:01:02'/>
	<end value='2015-05-10.04:01:57'/>
	<frames value='46254'/>
	<gameDuration value='2890'/>

	<player>
		<unitScore value='22050'/>
		<killScore value='43200'/>
		<buildingScore value='2525'/>
		<razingScore value='300'/>
		<mineralScore value='23986'/>
		<gasScore value='4320'/>
		<totalScore value='96381'/>
	</player>

	<enemy>
		<race value='Protoss'/>
		<unitScore value='39575'/>
		<unitScore value='39575'/>
		<killScore value='43850'/>
		<buildingScore value='7175'/>
		<razingScore value='7575'/>
		<mineralScore value='32478'/>
		<gasScore value='12710'/>
		<totalScore value='143363'/>
	</enemy>

	<scoreRatio value='0.672286'/>
	<timeFitness value='0.401389'/>
	<unitsAverage value='66'/>
</results>
