<results>
	<result value='loss'/>
	<start value='2015-07-14.01:58:37'/>
	<end value='2015-07-14.01:59:19'/>
	<frames value='40302'/>
	<gameDuration value='2518'/>

	<player>
		<unitScore value='21725'/>
		<killScore value='10000'/>
		<buildingScore value='3725'/>
		<razingScore value='0'/>
		<mineralScore value='31378'/>
		<gasScore value='3760'/>
		<totalScore value='70588'/>
	</player>

	<enemy>
		<race value='Protoss'/>
		<unitScore value='21025'/>
		<killScore value='43400'/>
		<buildingScore value='7475'/>
		<razingScore value='11175'/>
		<mineralScore value='26054'/>
		<gasScore value='8634'/>
		<totalScore value='117763'/>
	</enemy>

	<scoreRatio value='0.599407'/>
	<timeFitness value='0.349722'/>
	<unitsAverage value='82'/>
</results>
