<results>
	<result value='loss'/>
	<start value='2015-05-09.07:08:35'/>
	<end value='2015-05-09.07:08:43'/>
	<frames value='17362'/>
	<gameDuration value='1085'/>

	<player>
		<unitScore value='3300'/>
		<killScore value='700'/>
		<buildingScore value='1625'/>
		<razingScore value='0'/>
		<mineralScore value='5146'/>
		<gasScore value='776'/>
		<totalScore value='11547'/>
	</player>

	<enemy>
		<race value='Terran'/>
		<unitScore value='6400'/>
		<unitScore value='6400'/>
		<killScore value='6600'/>
		<buildingScore value='2700'/>
		<razingScore value='4875'/>
		<mineralScore value='8050'/>
		<gasScore value='2584'/>
		<totalScore value='31209'/>
	</enemy>

	<scoreRatio value='0.369989'/>
	<timeFitness value='0.150694'/>
	<unitsAverage value='22'/>
</results>
