<results>
	<result value='loss'/>
	<start value='2015-05-10.01:53:07'/>
	<end value='2015-05-10.01:53:59'/>
	<frames value='45634'/>
	<gameDuration value='2852'/>

	<player>
		<unitScore value='16975'/>
		<killScore value='37400'/>
		<buildingScore value='3025'/>
		<razingScore value='600'/>
		<mineralScore value='19622'/>
		<gasScore value='5176'/>
		<totalScore value='82798'/>
	</player>

	<enemy>
		<race value='Protoss'/>
		<unitScore value='34175'/>
		<unitScore value='34175'/>
		<killScore value='33700'/>
		<buildingScore value='8025'/>
		<razingScore value='9075'/>
		<mineralScore value='34026'/>
		<gasScore value='10320'/>
		<totalScore value='129321'/>
	</enemy>

	<scoreRatio value='0.640252'/>
	<timeFitness value='0.396111'/>
	<unitsAverage value='63'/>
</results>
