<results>
	<result value='win'/>
	<start value='2015-05-10.02:04:00'/>
	<end value='2015-05-10.02:05:33'/>
	<frames value='40860'/>
	<gameDuration value='2553'/>

	<player>
		<unitScore value='18700'/>
		<killScore value='33600'/>
		<buildingScore value='4425'/>
		<razingScore value='20400'/>
		<mineralScore value='36634'/>
		<gasScore value='4112'/>
		<totalScore value='117871'/>
	</player>

	<enemy>
		<race value='Protoss'/>
		<unitScore value='17150'/>
		<unitScore value='17150'/>
		<killScore value='12500'/>
		<buildingScore value='6800'/>
		<razingScore value='150'/>
		<mineralScore value='20198'/>
		<gasScore value='8248'/>
		<totalScore value='65046'/>
	</enemy>

	<scoreRatio value='1.81212'/>
	<timeFitness value='0.645417'/>
	<unitsAverage value='132'/>
</results>
