<results>
	<result value='loss'/>
	<start value='2015-05-10.02:13:31'/>
	<end value='2015-05-10.02:13:43'/>
	<frames value='15936'/>
	<gameDuration value='996'/>

	<player>
		<unitScore value='3625'/>
		<killScore value='1000'/>
		<buildingScore value='1475'/>
		<razingScore value='0'/>
		<mineralScore value='5282'/>
		<gasScore value='792'/>
		<totalScore value='12174'/>
	</player>

	<enemy>
		<race value='Protoss'/>
		<unitScore value='3550'/>
		<unitScore value='3550'/>
		<killScore value='7250'/>
		<buildingScore value='3525'/>
		<razingScore value='4425'/>
		<mineralScore value='8098'/>
		<gasScore value='1576'/>
		<totalScore value='28424'/>
	</enemy>

	<scoreRatio value='0.4283'/>
	<timeFitness value='0.138333'/>
	<unitsAverage value='25'/>
</results>
