<results>
	<result value='loss'/>
	<start value='2015-05-10.02:18:05'/>
	<end value='2015-05-10.02:18:16'/>
	<frames value='15285'/>
	<gameDuration value='955'/>

	<player>
		<unitScore value='3050'/>
		<killScore value='600'/>
		<buildingScore value='1450'/>
		<razingScore value='0'/>
		<mineralScore value='4474'/>
		<gasScore value='768'/>
		<totalScore value='10342'/>
	</player>

	<enemy>
		<race value='Protoss'/>
		<unitScore value='3550'/>
		<unitScore value='3550'/>
		<killScore value='6100'/>
		<buildingScore value='2725'/>
		<razingScore value='4350'/>
		<mineralScore value='7850'/>
		<gasScore value='1200'/>
		<totalScore value='25775'/>
	</enemy>

	<scoreRatio value='0.401242'/>
	<timeFitness value='0.132639'/>
	<unitsAverage value='22'/>
</results>
