<results>
	<result value='loss'/>
	<start value='2015-07-19.17:06:36'/>
	<end value='2015-07-19.17:07:32'/>
	<frames value='29328'/>
	<gameDuration value='1833'/>

	<player>
		<unitScore value='16300'/>
		<killScore value='10250'/>
		<buildingScore value='3025'/>
		<razingScore value='390'/>
		<mineralScore value='23670'/>
		<gasScore value='2056'/>
		<totalScore value='55691'/>
	</player>

	<enemy>
		<race value='Zerg'/>
		<unitScore value='17425'/>
		<killScore value='26050'/>
		<buildingScore value='3840'/>
		<razingScore value='9075'/>
		<mineralScore value='17974'/>
		<gasScore value='5144'/>
		<totalScore value='79508'/>
	</enemy>

	<scoreRatio value='0.700445'/>
	<timeFitness value='0.254583'/>
	<unitsAverage value='72'/>
</results>
