<results>
	<result value='win'/>
	<start value='2015-04-16.13:13:13'/>
	<end value='2015-04-16.13:15:38'/>
	<frames value='49261'/>
	<gameDuration value='3078'/>

	<player>
		<unitScore value='38325'/>
		<killScore value='52850'/>
		<buildingScore value='3925'/>
		<razingScore value='17025'/>
		<mineralScore value='39570'/>
		<gasScore value='5968'/>
		<totalScore value='157663'/>
	</player>

	<enemy>
		<race value='Protoss'/>
		<unitScore value='29175'/>
		<unitScore value='29175'/>
		<killScore value='48600'/>
		<buildingScore value='5675'/>
		<razingScore value='600'/>
		<mineralScore value='23334'/>
		<gasScore value='10108'/>
		<totalScore value='117492'/>
	</enemy>

	<scoreRatio value='1.3419'/>
</results>
