<results>
	<result value='loss'/>
	<start value='2014-07-04.02:08:39'/>
	<end value='2014-07-04.02:08:46'/>
	<frames value='15099'/>
	<gameDuration value='943'/>

	<player>
		<unitScore value='2925'/>
		<killScore value='600'/>
		<buildingScore value='1375'/>
		<razingScore value='0'/>
		<mineralScore value='4514'/>
		<gasScore value='872'/>
		<totalScore value='10286'/>
	</player>

	<enemy>
		<race value='Protoss'/>
		<unitScore value='3550'/>
		<unitScore value='3550'/>
		<killScore value='5850'/>
		<buildingScore value='2975'/>
		<razingScore value='4125'/>
		<mineralScore value='7898'/>
		<gasScore value='1440'/>
		<totalScore value='25838'/>
	</enemy>

	<scoreRatio value='0.398096'/>
</results>
