<results>
	<result value='loss'/>
	<start value='2014-07-04.02:08:49'/>
	<end value='2014-07-04.02:09:10'/>
	<frames value='37078'/>
	<gameDuration value='2317'/>

	<player>
		<unitScore value='7875'/>
		<killScore value='4850'/>
		<buildingScore value='2050'/>
		<razingScore value='0'/>
		<mineralScore value='12354'/>
		<gasScore value='992'/>
		<totalScore value='28121'/>
	</player>

	<enemy>
		<race value='Protoss'/>
		<unitScore value='20850'/>
		<unitScore value='20850'/>
		<killScore value='15500'/>
		<buildingScore value='7075'/>
		<razingScore value='6150'/>
		<mineralScore value='23698'/>
		<gasScore value='9610'/>
		<totalScore value='82883'/>
	</enemy>

	<scoreRatio value='0.339285'/>
</results>
