<results>
	<result value='loss'/>
	<start value='2015-04-10.21:47:50'/>
	<end value='2015-04-10.21:48:50'/>
	<frames value='46812'/>
	<gameDuration value='2925'/>

	<player>
		<unitScore value='21325'/>
		<killScore value='28250'/>
		<buildingScore value='2675'/>
		<razingScore value='600'/>
		<mineralScore value='23978'/>
		<gasScore value='928'/>
		<totalScore value='77756'/>
	</player>

	<enemy>
		<race value='Protoss'/>
		<unitScore value='34925'/>
		<unitScore value='34925'/>
		<killScore value='42650'/>
		<buildingScore value='7675'/>
		<razingScore value='8025'/>
		<mineralScore value='31338'/>
		<gasScore value='12712'/>
		<totalScore value='137325'/>
	</enemy>

	<scoreRatio value='0.566219'/>
</results>
