<results>
	<result value='win'/>
	<start value='2015-05-04.05:31:34'/>
	<end value='2015-05-04.05:32:28'/>
	<frames value='44146'/>
	<gameDuration value='2759'/>

	<player>
		<unitScore value='34350'/>
		<killScore value='26415'/>
		<buildingScore value='3550'/>
		<razingScore value='6120'/>
		<mineralScore value='39566'/>
		<gasScore value='1232'/>
		<totalScore value='111233'/>
	</player>

	<enemy>
		<race value='Zerg'/>
		<unitScore value='13175'/>
		<unitScore value='13175'/>
		<killScore value='52800'/>
		<buildingScore value='2040'/>
		<razingScore value='0'/>
		<mineralScore value='12534'/>
		<gasScore value='3768'/>
		<totalScore value='84317'/>
	</enemy>

	<scoreRatio value='1.31922'/>
	<timeFitness value='0.616806'/>
	<unitsAverage value='121'/>
</results>
