<results>
	<result value='loss'/>
	<start value='2015-05-04.05:45:48'/>
	<end value='2015-05-04.05:45:52'/>
	<frames value='8713'/>
	<gameDuration value='544'/>

	<player>
		<unitScore value='1150'/>
		<killScore value='50'/>
		<buildingScore value='700'/>
		<razingScore value='0'/>
		<mineralScore value='1842'/>
		<gasScore value='0'/>
		<totalScore value='3742'/>
	</player>

	<enemy>
		<race value='Zerg'/>
		<unitScore value='1350'/>
		<unitScore value='1350'/>
		<killScore value='2300'/>
		<buildingScore value='780'/>
		<razingScore value='2100'/>
		<mineralScore value='2562'/>
		<gasScore value='168'/>
		<totalScore value='9260'/>
	</enemy>

	<scoreRatio value='0.404104'/>
	<timeFitness value='0.0755556'/>
	<unitsAverage value='10'/>
</results>
