<results>
	<result value='loss'/>
	<start value='2015-04-14.03:12:20'/>
	<end value='2015-04-14.03:12:52'/>
	<frames value='42844'/>
	<gameDuration value='2677'/>

	<player>
		<unitScore value='13250'/>
		<killScore value='19300'/>
		<buildingScore value='3750'/>
		<razingScore value='600'/>
		<mineralScore value='26286'/>
		<gasScore value='5232'/>
		<totalScore value='68418'/>
	</player>

	<enemy>
		<race value='Protoss'/>
		<unitScore value='29910'/>
		<unitScore value='29910'/>
		<killScore value='26750'/>
		<buildingScore value='7150'/>
		<razingScore value='11250'/>
		<mineralScore value='29554'/>
		<gasScore value='10420'/>
		<totalScore value='115034'/>
	</enemy>

	<scoreRatio value='0.594763'/>
</results>
