<results>
	<result value='win'/>
	<start value='2015-05-01.21:01:23'/>
	<end value='2015-05-01.21:02:07'/>
	<frames value='28677'/>
	<gameDuration value='1792'/>

	<player>
		<unitScore value='19975'/>
		<killScore value='26470'/>
		<buildingScore value='4550'/>
		<razingScore value='4800'/>
		<mineralScore value='35538'/>
		<gasScore value='2632'/>
		<totalScore value='93965'/>
	</player>

	<enemy>
		<race value='Zerg'/>
		<unitScore value='12950'/>
		<unitScore value='12950'/>
		<killScore value='17900'/>
		<buildingScore value='1600'/>
		<razingScore value='0'/>
		<mineralScore value='10818'/>
		<gasScore value='3704'/>
		<totalScore value='46972'/>
	</enemy>

	<scoreRatio value='2.00045'/>
	<timeFitness value='0.751111'/>
	<unitsAverage value='117'/>
</results>
