<results>
	<result value='draw'/>
	<start value='2014-07-06.03:44:02'/>
	<end value='2014-07-06.03:45:19'/>
	<frames value='57601'/>
	<gameDuration value='3600'/>

	<player>
		<unitScore value='31875'/>
		<killScore value='44750'/>
		<buildingScore value='3625'/>
		<razingScore value='12450'/>
		<mineralScore value='32886'/>
		<gasScore value='7376'/>
		<totalScore value='132962'/>
	</player>

	<enemy>
		<race value='Protoss'/>
		<unitScore value='24975'/>
		<unitScore value='24975'/>
		<killScore value='55350'/>
		<buildingScore value='8600'/>
		<razingScore value='0'/>
		<mineralScore value='30070'/>
		<gasScore value='9326'/>
		<totalScore value='128321'/>
	</enemy>

	<scoreRatio value='1.03617'/>
</results>
