<results>
	<result value='loss'/>
	<start value='2014-07-06.03:53:36'/>
	<end value='2014-07-06.03:53:44'/>
	<frames value='16494'/>
	<gameDuration value='1030'/>

	<player>
		<unitScore value='3650'/>
		<killScore value='1000'/>
		<buildingScore value='1525'/>
		<razingScore value='0'/>
		<mineralScore value='5370'/>
		<gasScore value='696'/>
		<totalScore value='12241'/>
	</player>

	<enemy>
		<race value='Protoss'/>
		<unitScore value='3875'/>
		<unitScore value='3875'/>
		<killScore value='7300'/>
		<buildingScore value='3325'/>
		<razingScore value='4575'/>
		<mineralScore value='8538'/>
		<gasScore value='1912'/>
		<totalScore value='29525'/>
	</enemy>

	<scoreRatio value='0.414598'/>
</results>
