<results>
	<result value='win'/>
	<start value='2014-07-11.19:08:47'/>
	<end value='2014-07-11.19:09:11'/>
	<frames value='26414'/>
	<gameDuration value='1650'/>

	<player>
		<unitScore value='13275'/>
		<killScore value='18135'/>
		<buildingScore value='3425'/>
		<razingScore value='8265'/>
		<mineralScore value='25122'/>
		<gasScore value='2936'/>
		<totalScore value='71158'/>
	</player>

	<enemy>
		<race value='Zerg'/>
		<unitScore value='8575'/>
		<unitScore value='8575'/>
		<killScore value='7850'/>
		<buildingScore value='2755'/>
		<razingScore value='150'/>
		<mineralScore value='9882'/>
		<gasScore value='3168'/>
		<totalScore value='32380'/>
	</enemy>

	<scoreRatio value='2.19759'/>
</results>
