<results>
	<result value='win'/>
	<start value='2014-07-11.19:14:16'/>
	<end value='2014-07-11.19:14:45'/>
	<frames value='29638'/>
	<gameDuration value='1852'/>

	<player>
		<unitScore value='18250'/>
		<killScore value='31040'/>
		<buildingScore value='3975'/>
		<razingScore value='6450'/>
		<mineralScore value='26834'/>
		<gasScore value='2672'/>
		<totalScore value='89221'/>
	</player>

	<enemy>
		<race value='Zerg'/>
		<unitScore value='14000'/>
		<unitScore value='14000'/>
		<killScore value='15550'/>
		<buildingScore value='2150'/>
		<razingScore value='0'/>
		<mineralScore value='13262'/>
		<gasScore value='4600'/>
		<totalScore value='49562'/>
	</enemy>

	<scoreRatio value='1.80019'/>
</results>
