<results>
	<result value='loss'/>
	<start value='2015-04-28.21:03:34'/>
	<end value='2015-04-28.21:03:47'/>
	<frames value='29080'/>
	<gameDuration value='1817'/>

	<player>
		<unitScore value='5300'/>
		<killScore value='3900'/>
		<buildingScore value='1850'/>
		<razingScore value='0'/>
		<mineralScore value='7962'/>
		<gasScore value='608'/>
		<totalScore value='19620'/>
	</player>

	<enemy>
		<race value='Protoss'/>
		<unitScore value='13525'/>
		<unitScore value='13525'/>
		<killScore value='10600'/>
		<buildingScore value='6925'/>
		<razingScore value='5550'/>
		<mineralScore value='17778'/>
		<gasScore value='6776'/>
		<totalScore value='61154'/>
	</enemy>

	<scoreRatio value='0.320829'/>
	<timeFitness value='0.252361'/>
	<unitsAverage value='31'/>
</results>
