<results>
	<result value='draw'/>
	<start value='2015-07-12.19:03:46'/>
	<end value='2015-07-12.19:05:33'/>
	<frames value='57601'/>
	<gameDuration value='3600'/>

	<player>
		<unitScore value='31950'/>
		<killScore value='19500'/>
		<buildingScore value='4450'/>
		<razingScore value='300'/>
		<mineralScore value='50954'/>
		<gasScore value='12364'/>
		<totalScore value='119518'/>
	</player>

	<enemy>
		<race value='Terran'/>
		<unitScore value='13250'/>
		<killScore value='40650'/>
		<buildingScore value='2500'/>
		<razingScore value='525'/>
		<mineralScore value='12050'/>
		<gasScore value='6472'/>
		<totalScore value='75447'/>
	</enemy>

	<scoreRatio value='1.58413'/>
	<timeFitness value='0.5'/>
	<unitsAverage value='167'/>
</results>
