<results>
	<result value='draw'/>
	<start value='2015-07-12.19:12:56'/>
	<end value='2015-07-12.19:14:12'/>
	<frames value='57601'/>
	<gameDuration value='3600'/>

	<player>
		<unitScore value='43425'/>
		<killScore value='17800'/>
		<buildingScore value='4825'/>
		<razingScore value='0'/>
		<mineralScore value='35098'/>
		<gasScore value='7716'/>
		<totalScore value='108864'/>
	</player>

	<enemy>
		<race value='Terran'/>
		<unitScore value='23875'/>
		<killScore value='72250'/>
		<buildingScore value='4100'/>
		<razingScore value='6000'/>
		<mineralScore value='19550'/>
		<gasScore value='11248'/>
		<totalScore value='137023'/>
	</enemy>

	<scoreRatio value='0.794494'/>
	<timeFitness value='0.5'/>
	<unitsAverage value='109'/>
</results>
