<results>
	<result value='draw'/>
	<start value='2015-04-28.22:55:10'/>
	<end value='2015-04-28.22:57:35'/>
	<frames value='57601'/>
	<gameDuration value='3600'/>

	<player>
		<unitScore value='31600'/>
		<killScore value='48050'/>
		<buildingScore value='4850'/>
		<razingScore value='16575'/>
		<mineralScore value='42326'/>
		<gasScore value='6530'/>
		<totalScore value='149931'/>
	</player>

	<enemy>
		<race value='Protoss'/>
		<unitScore value='28675'/>
		<unitScore value='28675'/>
		<killScore value='39450'/>
		<buildingScore value='6225'/>
		<razingScore value='300'/>
		<mineralScore value='20678'/>
		<gasScore value='9768'/>
		<totalScore value='105096'/>
	</enemy>

	<scoreRatio value='1.42661'/>
</results>
