<results>
	<result value='win'/>
	<start value='2015-04-28.04:38:19'/>
	<end value='2015-04-28.04:38:51'/>
	<frames value='25112'/>
	<gameDuration value='1569'/>

	<player>
		<unitScore value='13150'/>
		<killScore value='25650'/>
		<buildingScore value='3825'/>
		<razingScore value='4560'/>
		<mineralScore value='21902'/>
		<gasScore value='2568'/>
		<totalScore value='71655'/>
	</player>

	<enemy>
		<race value='Zerg'/>
		<unitScore value='11250'/>
		<unitScore value='11250'/>
		<killScore value='12800'/>
		<buildingScore value='1520'/>
		<razingScore value='0'/>
		<mineralScore value='9634'/>
		<gasScore value='2768'/>
		<totalScore value='37972'/>
	</enemy>

	<scoreRatio value='1.88705'/>
</results>
