<results>
	<result value='loss'/>
	<start value='2015-05-10.04:34:20'/>
	<end value='2015-05-10.04:34:32'/>
	<frames value='22787'/>
	<gameDuration value='1424'/>

	<player>
		<unitScore value='4225'/>
		<killScore value='2500'/>
		<buildingScore value='1925'/>
		<razingScore value='0'/>
		<mineralScore value='6170'/>
		<gasScore value='792'/>
		<totalScore value='15612'/>
	</player>

	<enemy>
		<race value='Protoss'/>
		<unitScore value='6325'/>
		<unitScore value='6325'/>
		<killScore value='8450'/>
		<buildingScore value='5175'/>
		<razingScore value='5775'/>
		<mineralScore value='12218'/>
		<gasScore value='3424'/>
		<totalScore value='41367'/>
	</enemy>

	<scoreRatio value='0.377402'/>
	<timeFitness value='0.197778'/>
	<unitsAverage value='24'/>
</results>
