<results>
	<result value='draw'/>
	<start value='2015-05-10.04:37:01'/>
	<end value='2015-05-10.04:38:03'/>
	<frames value='57601'/>
	<gameDuration value='3600'/>

	<player>
		<unitScore value='30150'/>
		<killScore value='47450'/>
		<buildingScore value='3625'/>
		<razingScore value='5325'/>
		<mineralScore value='32678'/>
		<gasScore value='4968'/>
		<totalScore value='124196'/>
	</player>

	<enemy>
		<race value='Protoss'/>
		<unitScore value='28100'/>
		<unitScore value='28100'/>
		<killScore value='55850'/>
		<buildingScore value='6650'/>
		<razingScore value='2550'/>
		<mineralScore value='28182'/>
		<gasScore value='10602'/>
		<totalScore value='131934'/>
	</enemy>

	<scoreRatio value='0.941349'/>
	<timeFitness value='0.5'/>
	<unitsAverage value='94'/>
</results>
