<results>
	<result value='loss'/>
	<start value='2015-07-13.16:36:20'/>
	<end value='2015-07-13.16:36:39'/>
	<frames value='31312'/>
	<gameDuration value='1957'/>

	<player>
		<unitScore value='11750'/>
		<killScore value='4500'/>
		<buildingScore value='2850'/>
		<razingScore value='0'/>
		<mineralScore value='11814'/>
		<gasScore value='2216'/>
		<totalScore value='33130'/>
	</player>

	<enemy>
		<race value='Protoss'/>
		<unitScore value='17700'/>
		<killScore value='23500'/>
		<buildingScore value='6825'/>
		<razingScore value='8550'/>
		<mineralScore value='20774'/>
		<gasScore value='7912'/>
		<totalScore value='85261'/>
	</enemy>

	<scoreRatio value='0.388572'/>
	<timeFitness value='0.271806'/>
	<unitsAverage value='32'/>
</results>
