<results>
	<result value='win'/>
	<start value='2015-04-28.00:53:58'/>
	<end value='2015-04-28.00:54:41'/>
	<frames value='38349'/>
	<gameDuration value='2396'/>

	<player>
		<unitScore value='23075'/>
		<killScore value='36800'/>
		<buildingScore value='4825'/>
		<razingScore value='9975'/>
		<mineralScore value='37946'/>
		<gasScore value='3342'/>
		<totalScore value='115963'/>
	</player>

	<enemy>
		<race value='Terran'/>
		<unitScore value='20000'/>
		<unitScore value='20000'/>
		<killScore value='23000'/>
		<buildingScore value='3575'/>
		<razingScore value='1650'/>
		<mineralScore value='15010'/>
		<gasScore value='7064'/>
		<totalScore value='70299'/>
	</enemy>

	<scoreRatio value='1.64957'/>
</results>
