<results>
	<result value='win'/>
	<start value='2014-07-24.03:30:47'/>
	<end value='2014-07-24.03:31:13'/>
	<frames value='26693'/>
	<gameDuration value='1668'/>

	<player>
		<unitScore value='20600'/>
		<killScore value='22490'/>
		<buildingScore value='4125'/>
		<razingScore value='4800'/>
		<mineralScore value='29534'/>
		<gasScore value='1968'/>
		<totalScore value='83517'/>
	</player>

	<enemy>
		<race value='Zerg'/>
		<unitScore value='11575'/>
		<unitScore value='11575'/>
		<killScore value='19000'/>
		<buildingScore value='1600'/>
		<razingScore value='0'/>
		<mineralScore value='10682'/>
		<gasScore value='3552'/>
		<totalScore value='46409'/>
	</enemy>

	<scoreRatio value='1.79959'/>
</results>
