<results>
	<result value='loss'/>
	<start value='2015-05-09.18:07:52'/>
	<end value='2015-05-09.18:08:49'/>
	<frames value='41821'/>
	<gameDuration value='2613'/>

	<player>
		<unitScore value='21675'/>
		<killScore value='32300'/>
		<buildingScore value='2725'/>
		<razingScore value='600'/>
		<mineralScore value='24002'/>
		<gasScore value='3360'/>
		<totalScore value='84662'/>
	</player>

	<enemy>
		<race value='Protoss'/>
		<unitScore value='33775'/>
		<unitScore value='33775'/>
		<killScore value='43350'/>
		<buildingScore value='7725'/>
		<razingScore value='8175'/>
		<mineralScore value='29894'/>
		<gasScore value='10764'/>
		<totalScore value='133683'/>
	</enemy>

	<scoreRatio value='0.633304'/>
	<timeFitness value='0.362917'/>
	<unitsAverage value='99'/>
</results>
