<results>
	<result value='loss'/>
	<start value='2015-05-09.18:11:23'/>
	<end value='2015-05-09.18:11:33'/>
	<frames value='17021'/>
	<gameDuration value='1063'/>

	<player>
		<unitScore value='3650'/>
		<killScore value='400'/>
		<buildingScore value='1725'/>
		<razingScore value='0'/>
		<mineralScore value='5426'/>
		<gasScore value='808'/>
		<totalScore value='12009'/>
	</player>

	<enemy>
		<race value='Protoss'/>
		<unitScore value='3875'/>
		<unitScore value='3875'/>
		<killScore value='7300'/>
		<buildingScore value='3325'/>
		<razingScore value='5175'/>
		<mineralScore value='8626'/>
		<gasScore value='1888'/>
		<totalScore value='30189'/>
	</enemy>

	<scoreRatio value='0.397794'/>
	<timeFitness value='0.147639'/>
	<unitsAverage value='25'/>
</results>
