<results>
	<result value='win'/>
	<start value='2015-05-03.13:25:03'/>
	<end value='2015-05-03.13:26:37'/>
	<frames value='52981'/>
	<gameDuration value='3311'/>

	<player>
		<unitScore value='31350'/>
		<killScore value='40650'/>
		<buildingScore value='4800'/>
		<razingScore value='22500'/>
		<mineralScore value='44254'/>
		<gasScore value='6884'/>
		<totalScore value='150438'/>
	</player>

	<enemy>
		<race value='Protoss'/>
		<unitScore value='23125'/>
		<unitScore value='23125'/>
		<killScore value='36100'/>
		<buildingScore value='7500'/>
		<razingScore value='300'/>
		<mineralScore value='18758'/>
		<gasScore value='8596'/>
		<totalScore value='94379'/>
	</enemy>

	<scoreRatio value='1.59398'/>
	<timeFitness value='0.540139'/>
	<unitsAverage value='157'/>
</results>
