<results>
	<result value='win'/>
	<start value='2015-05-09.18:17:52'/>
	<end value='2015-05-09.18:19:09'/>
	<frames value='49354'/>
	<gameDuration value='3084'/>

	<player>
		<unitScore value='31400'/>
		<killScore value='46750'/>
		<buildingScore value='3950'/>
		<razingScore value='22500'/>
		<mineralScore value='33550'/>
		<gasScore value='4672'/>
		<totalScore value='142822'/>
	</player>

	<enemy>
		<race value='Protoss'/>
		<unitScore value='24325'/>
		<unitScore value='24325'/>
		<killScore value='40300'/>
		<buildingScore value='7500'/>
		<razingScore value='1575'/>
		<mineralScore value='26422'/>
		<gasScore value='8426'/>
		<totalScore value='108548'/>
	</enemy>

	<scoreRatio value='1.31575'/>
	<timeFitness value='0.571667'/>
	<unitsAverage value='129'/>
</results>
