<results>
	<result value='win'/>
	<start value='2015-04-28.02:22:13'/>
	<end value='2015-04-28.02:22:34'/>
	<frames value='26941'/>
	<gameDuration value='1683'/>

	<player>
		<unitScore value='12100'/>
		<killScore value='20300'/>
		<buildingScore value='3475'/>
		<razingScore value='9600'/>
		<mineralScore value='20002'/>
		<gasScore value='1960'/>
		<totalScore value='67437'/>
	</player>

	<enemy>
		<race value='Terran'/>
		<unitScore value='11950'/>
		<unitScore value='11950'/>
		<killScore value='6600'/>
		<buildingScore value='3200'/>
		<razingScore value='300'/>
		<mineralScore value='11946'/>
		<gasScore value='5440'/>
		<totalScore value='39436'/>
	</enemy>

	<scoreRatio value='1.71004'/>
</results>
