<results>
	<result value='win'/>
	<start value='2015-04-28.02:24:25'/>
	<end value='2015-04-28.02:25:10'/>
	<frames value='47866'/>
	<gameDuration value='2991'/>

	<player>
		<unitScore value='29950'/>
		<killScore value='47250'/>
		<buildingScore value='3925'/>
		<razingScore value='12375'/>
		<mineralScore value='32906'/>
		<gasScore value='4984'/>
		<totalScore value='131390'/>
	</player>

	<enemy>
		<race value='Terran'/>
		<unitScore value='28275'/>
		<unitScore value='28275'/>
		<killScore value='45750'/>
		<buildingScore value='4125'/>
		<razingScore value='3000'/>
		<mineralScore value='19130'/>
		<gasScore value='10522'/>
		<totalScore value='110802'/>
	</enemy>

	<scoreRatio value='1.18581'/>
</results>
