<results>
	<result value='loss'/>
	<start value='2015-05-10.08:25:46'/>
	<end value='2015-05-10.08:25:59'/>
	<frames value='29886'/>
	<gameDuration value='1867'/>

	<player>
		<unitScore value='5275'/>
		<killScore value='3900'/>
		<buildingScore value='1575'/>
		<razingScore value='0'/>
		<mineralScore value='7178'/>
		<gasScore value='1744'/>
		<totalScore value='19672'/>
	</player>

	<enemy>
		<race value='Protoss'/>
		<unitScore value='12675'/>
		<unitScore value='12675'/>
		<killScore value='10550'/>
		<buildingScore value='6925'/>
		<razingScore value='4575'/>
		<mineralScore value='17674'/>
		<gasScore value='6168'/>
		<totalScore value='58567'/>
	</enemy>

	<scoreRatio value='0.335889'/>
	<timeFitness value='0.259306'/>
	<unitsAverage value='28'/>
</results>
