<results>
	<result value='loss'/>
	<start value='2015-05-04.01:46:15'/>
	<end value='2015-05-04.01:46:25'/>
	<frames value='26693'/>
	<gameDuration value='1668'/>

	<player>
		<unitScore value='2550'/>
		<killScore value='2200'/>
		<buildingScore value='1675'/>
		<razingScore value='0'/>
		<mineralScore value='4594'/>
		<gasScore value='656'/>
		<totalScore value='11675'/>
	</player>

	<enemy>
		<race value='Protoss'/>
		<unitScore value='10800'/>
		<unitScore value='10800'/>
		<killScore value='5100'/>
		<buildingScore value='6575'/>
		<razingScore value='5025'/>
		<mineralScore value='16006'/>
		<gasScore value='5624'/>
		<totalScore value='49130'/>
	</enemy>

	<scoreRatio value='0.237635'/>
	<timeFitness value='0.231667'/>
	<unitsAverage value='16'/>
</results>
