<results>
	<result value='loss'/>
	<start value='2015-05-10.08:31:55'/>
	<end value='2015-05-10.08:32:16'/>
	<frames value='32428'/>
	<gameDuration value='2026'/>

	<player>
		<unitScore value='10000'/>
		<killScore value='7650'/>
		<buildingScore value='2550'/>
		<razingScore value='0'/>
		<mineralScore value='15322'/>
		<gasScore value='1264'/>
		<totalScore value='36786'/>
	</player>

	<enemy>
		<race value='Protoss'/>
		<unitScore value='16775'/>
		<unitScore value='16775'/>
		<killScore value='20000'/>
		<buildingScore value='6825'/>
		<razingScore value='7650'/>
		<mineralScore value='20374'/>
		<gasScore value='7520'/>
		<totalScore value='79144'/>
	</enemy>

	<scoreRatio value='0.464798'/>
	<timeFitness value='0.281389'/>
	<unitsAverage value='58'/>
</results>
