<results>
	<result value='win'/>
	<start value='2015-05-10.08:34:39'/>
	<end value='2015-05-10.08:35:35'/>
	<frames value='43836'/>
	<gameDuration value='2739'/>

	<player>
		<unitScore value='35175'/>
		<killScore value='33600'/>
		<buildingScore value='5025'/>
		<razingScore value='21600'/>
		<mineralScore value='41570'/>
		<gasScore value='5754'/>
		<totalScore value='142724'/>
	</player>

	<enemy>
		<race value='Protoss'/>
		<unitScore value='18975'/>
		<unitScore value='18975'/>
		<killScore value='48850'/>
		<buildingScore value='7200'/>
		<razingScore value='0'/>
		<mineralScore value='19722'/>
		<gasScore value='7784'/>
		<totalScore value='102531'/>
	</enemy>

	<scoreRatio value='1.39201'/>
	<timeFitness value='0.619583'/>
	<unitsAverage value='141'/>
</results>
