<results>
	<result value='draw'/>
	<start value='2015-07-10.11:30:21'/>
	<end value='2015-07-10.11:34:51'/>
	<frames value='57601'/>
	<gameDuration value='3600'/>

	<player>
		<unitScore value='45450'/>
		<killScore value='17100'/>
		<buildingScore value='4950'/>
		<razingScore value='0'/>
		<mineralScore value='38914'/>
		<gasScore value='8208'/>
		<totalScore value='114622'/>
	</player>

	<enemy>
		<race value='Terran'/>
		<unitScore value='14500'/>
		<killScore value='75800'/>
		<buildingScore value='3950'/>
		<razingScore value='825'/>
		<mineralScore value='24046'/>
		<gasScore value='6180'/>
		<totalScore value='125301'/>
	</enemy>

	<scoreRatio value='0.914773'/>
	<timeFitness value='0.5'/>
	<unitsAverage value='119'/>
</results>
