<results>
	<result value='loss'/>
	<start value='2015-07-10.11:35:22'/>
	<end value='2015-07-10.11:36:25'/>
	<frames value='28863'/>
	<gameDuration value='1803'/>

	<player>
		<unitScore value='13725'/>
		<killScore value='3650'/>
		<buildingScore value='3825'/>
		<razingScore value='0'/>
		<mineralScore value='19126'/>
		<gasScore value='2056'/>
		<totalScore value='42382'/>
	</player>

	<enemy>
		<race value='Terran'/>
		<unitScore value='10850'/>
		<killScore value='22800'/>
		<buildingScore value='3950'/>
		<razingScore value='11475'/>
		<mineralScore value='15914'/>
		<gasScore value='4920'/>
		<totalScore value='69909'/>
	</enemy>

	<scoreRatio value='0.606245'/>
	<timeFitness value='0.250417'/>
	<unitsAverage value='56'/>
</results>
