<results>
	<result value='loss'/>
	<start value='2015-07-10.11:43:56'/>
	<end value='2015-07-10.11:44:20'/>
	<frames value='23531'/>
	<gameDuration value='1470'/>

	<player>
		<unitScore value='8325'/>
		<killScore value='5700'/>
		<buildingScore value='2450'/>
		<razingScore value='0'/>
		<mineralScore value='8098'/>
		<gasScore value='1760'/>
		<totalScore value='26333'/>
	</player>

	<enemy>
		<race value='Terran'/>
		<unitScore value='9850'/>
		<killScore value='16100'/>
		<buildingScore value='3550'/>
		<razingScore value='7350'/>
		<mineralScore value='11690'/>
		<gasScore value='4824'/>
		<totalScore value='53364'/>
	</enemy>

	<scoreRatio value='0.49346'/>
	<timeFitness value='0.204167'/>
	<unitsAverage value='29'/>
</results>
