<results>
	<result value='loss'/>
	<start value='2015-07-13.07:17:16'/>
	<end value='2015-07-13.07:18:20'/>
	<frames value='48703'/>
	<gameDuration value='3043'/>

	<player>
		<unitScore value='37500'/>
		<killScore value='21130'/>
		<buildingScore value='3625'/>
		<razingScore value='450'/>
		<mineralScore value='31478'/>
		<gasScore value='6136'/>
		<totalScore value='100319'/>
	</player>

	<enemy>
		<race value='Protoss'/>
		<unitScore value='32645'/>
		<killScore value='73750'/>
		<buildingScore value='7725'/>
		<razingScore value='10875'/>
		<mineralScore value='30398'/>
		<gasScore value='11508'/>
		<totalScore value='166901'/>
	</enemy>

	<scoreRatio value='0.601069'/>
	<timeFitness value='0.422639'/>
	<unitsAverage value='111'/>
</results>
