<results>
	<result value='win'/>
	<start value='2015-07-13.07:18:52'/>
	<end value='2015-07-13.07:20:29'/>
	<frames value='56949'/>
	<gameDuration value='3559'/>

	<player>
		<unitScore value='37375'/>
		<killScore value='18700'/>
		<buildingScore value='4125'/>
		<razingScore value='14175'/>
		<mineralScore value='32718'/>
		<gasScore value='6900'/>
		<totalScore value='113993'/>
	</player>

	<enemy>
		<race value='Protoss'/>
		<unitScore value='9350'/>
		<killScore value='45800'/>
		<buildingScore value='4725'/>
		<razingScore value='150'/>
		<mineralScore value='16766'/>
		<gasScore value='5104'/>
		<totalScore value='81895'/>
	</enemy>

	<scoreRatio value='1.39194'/>
	<timeFitness value='0.505694'/>
	<unitsAverage value='144'/>
</results>
