<results>
	<result value='loss'/>
	<start value='2015-07-13.07:20:35'/>
	<end value='2015-07-13.07:20:58'/>
	<frames value='34753'/>
	<gameDuration value='2172'/>

	<player>
		<unitScore value='20300'/>
		<killScore value='10700'/>
		<buildingScore value='2575'/>
		<razingScore value='300'/>
		<mineralScore value='18042'/>
		<gasScore value='3264'/>
		<totalScore value='55181'/>
	</player>

	<enemy>
		<race value='Protoss'/>
		<unitScore value='23050'/>
		<killScore value='39200'/>
		<buildingScore value='7175'/>
		<razingScore value='7950'/>
		<mineralScore value='23570'/>
		<gasScore value='8864'/>
		<totalScore value='109809'/>
	</enemy>

	<scoreRatio value='0.502518'/>
	<timeFitness value='0.301667'/>
	<unitsAverage value='56'/>
</results>
