<results>
	<result value='draw'/>
	<start value='2015-07-13.07:27:59'/>
	<end value='2015-07-13.07:29:06'/>
	<frames value='57601'/>
	<gameDuration value='3600'/>

	<player>
		<unitScore value='33350'/>
		<killScore value='30050'/>
		<buildingScore value='3450'/>
		<razingScore value='900'/>
		<mineralScore value='29322'/>
		<gasScore value='4996'/>
		<totalScore value='102068'/>
	</player>

	<enemy>
		<race value='Protoss'/>
		<unitScore value='36475'/>
		<killScore value='58100'/>
		<buildingScore value='7375'/>
		<razingScore value='7650'/>
		<mineralScore value='32178'/>
		<gasScore value='15662'/>
		<totalScore value='157440'/>
	</enemy>

	<scoreRatio value='0.648298'/>
	<timeFitness value='0.5'/>
	<unitsAverage value='100'/>
</results>
