<results>
	<result value='loss'/>
	<start value='2015-07-13.07:35:38'/>
	<end value='2015-07-13.07:36:04'/>
	<frames value='36737'/>
	<gameDuration value='2296'/>

	<player>
		<unitScore value='13475'/>
		<killScore value='6500'/>
		<buildingScore value='2100'/>
		<razingScore value='0'/>
		<mineralScore value='18110'/>
		<gasScore value='976'/>
		<totalScore value='41161'/>
	</player>

	<enemy>
		<race value='Protoss'/>
		<unitScore value='16000'/>
		<killScore value='24450'/>
		<buildingScore value='6975'/>
		<razingScore value='6300'/>
		<mineralScore value='21026'/>
		<gasScore value='7792'/>
		<totalScore value='82543'/>
	</enemy>

	<scoreRatio value='0.498661'/>
	<timeFitness value='0.318889'/>
	<unitsAverage value='56'/>
</results>
