<results>
	<result value='loss'/>
	<start value='2015-07-13.07:40:58'/>
	<end value='2015-07-13.07:41:43'/>
	<frames value='47246'/>
	<gameDuration value='2952'/>

	<player>
		<unitScore value='31050'/>
		<killScore value='31250'/>
		<buildingScore value='3650'/>
		<razingScore value='2700'/>
		<mineralScore value='29930'/>
		<gasScore value='4952'/>
		<totalScore value='103532'/>
	</player>

	<enemy>
		<race value='Protoss'/>
		<unitScore value='29510'/>
		<killScore value='62050'/>
		<buildingScore value='9175'/>
		<razingScore value='10950'/>
		<mineralScore value='31250'/>
		<gasScore value='10672'/>
		<totalScore value='153607'/>
	</enemy>

	<scoreRatio value='0.674006'/>
	<timeFitness value='0.41'/>
	<unitsAverage value='81'/>
</results>
