<results>
	<result value='loss'/>
	<start value='2015-07-13.07:41:52'/>
	<end value='2015-07-13.07:42:09'/>
	<frames value='33606'/>
	<gameDuration value='2100'/>

	<player>
		<unitScore value='13525'/>
		<killScore value='7450'/>
		<buildingScore value='2125'/>
		<razingScore value='0'/>
		<mineralScore value='12542'/>
		<gasScore value='2752'/>
		<totalScore value='38394'/>
	</player>

	<enemy>
		<race value='Protoss'/>
		<unitScore value='18075'/>
		<killScore value='27050'/>
		<buildingScore value='6925'/>
		<razingScore value='6375'/>
		<mineralScore value='20818'/>
		<gasScore value='8392'/>
		<totalScore value='87635'/>
	</enemy>

	<scoreRatio value='0.438113'/>
	<timeFitness value='0.291667'/>
	<unitsAverage value='35'/>
</results>
