<results>
	<result value='win'/>
	<start value='2015-05-04.02:14:41'/>
	<end value='2015-05-04.02:15:12'/>
	<frames value='33079'/>
	<gameDuration value='2067'/>

	<player>
		<unitScore value='18650'/>
		<killScore value='19900'/>
		<buildingScore value='3350'/>
		<razingScore value='19275'/>
		<mineralScore value='28018'/>
		<gasScore value='2976'/>
		<totalScore value='92169'/>
	</player>

	<enemy>
		<race value='Protoss'/>
		<unitScore value='10300'/>
		<unitScore value='10300'/>
		<killScore value='16500'/>
		<buildingScore value='6425'/>
		<razingScore value='0'/>
		<mineralScore value='16250'/>
		<gasScore value='4400'/>
		<totalScore value='53875'/>
	</enemy>

	<scoreRatio value='1.71079'/>
	<timeFitness value='0.712917'/>
	<unitsAverage value='98'/>
</results>
