<results>
	<result value='win'/>
	<start value='2015-05-04.02:16:53'/>
	<end value='2015-05-04.02:17:10'/>
	<frames value='23314'/>
	<gameDuration value='1457'/>

	<player>
		<unitScore value='11475'/>
		<killScore value='9800'/>
		<buildingScore value='2950'/>
		<razingScore value='12600'/>
		<mineralScore value='15786'/>
		<gasScore value='1952'/>
		<totalScore value='54563'/>
	</player>

	<enemy>
		<race value='Protoss'/>
		<unitScore value='4900'/>
		<unitScore value='4900'/>
		<killScore value='8100'/>
		<buildingScore value='4200'/>
		<razingScore value='150'/>
		<mineralScore value='11346'/>
		<gasScore value='1856'/>
		<totalScore value='30552'/>
	</enemy>

	<scoreRatio value='1.78591'/>
	<timeFitness value='0.797639'/>
	<unitsAverage value='69'/>
</results>
