<results>
	<result value='loss'/>
	<start value='2015-05-04.02:20:21'/>
	<end value='2015-05-04.02:20:45'/>
	<frames value='37698'/>
	<gameDuration value='2356'/>

	<player>
		<unitScore value='16700'/>
		<killScore value='15450'/>
		<buildingScore value='2575'/>
		<razingScore value='3750'/>
		<mineralScore value='19330'/>
		<gasScore value='3064'/>
		<totalScore value='60869'/>
	</player>

	<enemy>
		<race value='Protoss'/>
		<unitScore value='17525'/>
		<unitScore value='17525'/>
		<killScore value='33400'/>
		<buildingScore value='7225'/>
		<razingScore value='7725'/>
		<mineralScore value='22082'/>
		<gasScore value='7096'/>
		<totalScore value='95053'/>
	</enemy>

	<scoreRatio value='0.640369'/>
	<timeFitness value='0.327222'/>
	<unitsAverage value='59'/>
</results>
