<results>
	<result value='loss'/>
	<start value='2015-07-11.15:30:36'/>
	<end value='2015-07-11.15:30:46'/>
	<frames value='17827'/>
	<gameDuration value='1114'/>

	<player>
		<unitScore value='3550'/>
		<killScore value='500'/>
		<buildingScore value='1825'/>
		<razingScore value='0'/>
		<mineralScore value='5762'/>
		<gasScore value='808'/>
		<totalScore value='12445'/>
	</player>

	<enemy>
		<race value='Terran'/>
		<unitScore value='6050'/>
		<killScore value='6100'/>
		<buildingScore value='2625'/>
		<razingScore value='5475'/>
		<mineralScore value='8154'/>
		<gasScore value='2776'/>
		<totalScore value='31180'/>
	</enemy>

	<scoreRatio value='0.399134'/>
	<timeFitness value='0.154722'/>
	<unitsAverage value='29'/>
</results>
