<results>
	<result value='loss'/>
	<start value='2015-07-11.15:31:38'/>
	<end value='2015-07-11.15:31:47'/>
	<frames value='17858'/>
	<gameDuration value='1116'/>

	<player>
		<unitScore value='2925'/>
		<killScore value='300'/>
		<buildingScore value='2150'/>
		<razingScore value='0'/>
		<mineralScore value='5314'/>
		<gasScore value='832'/>
		<totalScore value='11521'/>
	</player>

	<enemy>
		<race value='Terran'/>
		<unitScore value='6400'/>
		<killScore value='5850'/>
		<buildingScore value='2750'/>
		<razingScore value='6450'/>
		<mineralScore value='8186'/>
		<gasScore value='2784'/>
		<totalScore value='32420'/>
	</enemy>

	<scoreRatio value='0.355367'/>
	<timeFitness value='0.155'/>
	<unitsAverage value='24'/>
</results>
