<results>
	<result value='loss'/>
	<start value='2015-07-11.15:35:45'/>
	<end value='2015-07-11.15:35:54'/>
	<frames value='16370'/>
	<gameDuration value='1023'/>

	<player>
		<unitScore value='2750'/>
		<killScore value='1600'/>
		<buildingScore value='1125'/>
		<razingScore value='150'/>
		<mineralScore value='2898'/>
		<gasScore value='816'/>
		<totalScore value='9339'/>
	</player>

	<enemy>
		<race value='Terran'/>
		<unitScore value='5150'/>
		<killScore value='5500'/>
		<buildingScore value='1550'/>
		<razingScore value='3375'/>
		<mineralScore value='7642'/>
		<gasScore value='2280'/>
		<totalScore value='25497'/>
	</enemy>

	<scoreRatio value='0.366278'/>
	<timeFitness value='0.142083'/>
	<unitsAverage value='14'/>
</results>
