<results>
	<result value='win'/>
	<start value='2015-05-06.18:21:12'/>
	<end value='2015-05-06.18:22:16'/>
	<frames value='32862'/>
	<gameDuration value='2053'/>

	<player>
		<unitScore value='22750'/>
		<killScore value='46990'/>
		<buildingScore value='3675'/>
		<razingScore value='6735'/>
		<mineralScore value='31406'/>
		<gasScore value='3584'/>
		<totalScore value='115140'/>
	</player>

	<enemy>
		<race value='Zerg'/>
		<unitScore value='19850'/>
		<unitScore value='19850'/>
		<killScore value='26000'/>
		<buildingScore value='2245'/>
		<razingScore value='0'/>
		<mineralScore value='16922'/>
		<gasScore value='5424'/>
		<totalScore value='70441'/>
	</enemy>

	<scoreRatio value='1.63456'/>
	<timeFitness value='0.714861'/>
	<unitsAverage value='105'/>
</results>
