<results>
	<result value='win'/>
	<start value='2015-05-06.18:43:22'/>
	<end value='2015-05-06.18:44:21'/>
	<frames value='29700'/>
	<gameDuration value='1856'/>

	<player>
		<unitScore value='18100'/>
		<killScore value='23565'/>
		<buildingScore value='4125'/>
		<razingScore value='5580'/>
		<mineralScore value='33774'/>
		<gasScore value='2784'/>
		<totalScore value='87928'/>
	</player>

	<enemy>
		<race value='Zerg'/>
		<unitScore value='11825'/>
		<unitScore value='11825'/>
		<killScore value='15150'/>
		<buildingScore value='1860'/>
		<razingScore value='0'/>
		<mineralScore value='11266'/>
		<gasScore value='3592'/>
		<totalScore value='43693'/>
	</enemy>

	<scoreRatio value='2.0124'/>
	<timeFitness value='0.742222'/>
	<unitsAverage value='106'/>
</results>
