<results>
	<result value='win'/>
	<start value='2015-05-06.18:44:25'/>
	<end value='2015-05-06.18:45:04'/>
	<frames value='24647'/>
	<gameDuration value='1540'/>

	<player>
		<unitScore value='14575'/>
		<killScore value='15470'/>
		<buildingScore value='3700'/>
		<razingScore value='5970'/>
		<mineralScore value='21450'/>
		<gasScore value='1960'/>
		<totalScore value='63125'/>
	</player>

	<enemy>
		<race value='Zerg'/>
		<unitScore value='8250'/>
		<unitScore value='8250'/>
		<killScore value='11800'/>
		<buildingScore value='1990'/>
		<razingScore value='0'/>
		<mineralScore value='8458'/>
		<gasScore value='2376'/>
		<totalScore value='32874'/>
	</enemy>

	<scoreRatio value='1.92021'/>
	<timeFitness value='0.786111'/>
	<unitsAverage value='83'/>
</results>
