<results>
	<result value='win'/>
	<start value='2015-05-06.18:51:19'/>
	<end value='2015-05-06.18:52:11'/>
	<frames value='27964'/>
	<gameDuration value='1747'/>

	<player>
		<unitScore value='18150'/>
		<killScore value='29560'/>
		<buildingScore value='4175'/>
		<razingScore value='5280'/>
		<mineralScore value='30522'/>
		<gasScore value='2664'/>
		<totalScore value='90351'/>
	</player>

	<enemy>
		<race value='Zerg'/>
		<unitScore value='13075'/>
		<unitScore value='13075'/>
		<killScore value='16850'/>
		<buildingScore value='1760'/>
		<razingScore value='0'/>
		<mineralScore value='12566'/>
		<gasScore value='3960'/>
		<totalScore value='48211'/>
	</enemy>

	<scoreRatio value='1.87407'/>
	<timeFitness value='0.757361'/>
	<unitsAverage value='99'/>
</results>
