<results>
	<result value='win'/>
	<start value='2015-05-06.19:04:14'/>
	<end value='2015-05-06.19:05:11'/>
	<frames value='29204'/>
	<gameDuration value='1825'/>

	<player>
		<unitScore value='21125'/>
		<killScore value='39350'/>
		<buildingScore value='3925'/>
		<razingScore value='5040'/>
		<mineralScore value='31210'/>
		<gasScore value='2976'/>
		<totalScore value='103626'/>
	</player>

	<enemy>
		<race value='Zerg'/>
		<unitScore value='16875'/>
		<unitScore value='16875'/>
		<killScore value='22950'/>
		<buildingScore value='1680'/>
		<razingScore value='0'/>
		<mineralScore value='14058'/>
		<gasScore value='4040'/>
		<totalScore value='59603'/>
	</enemy>

	<scoreRatio value='1.7386'/>
	<timeFitness value='0.746528'/>
	<unitsAverage value='103'/>
</results>
