<results>
	<result value='win'/>
	<start value='2015-05-03.13:14:03'/>
	<end value='2015-05-03.13:14:41'/>
	<frames value='43092'/>
	<gameDuration value='2693'/>

	<player>
		<unitScore value='22700'/>
		<killScore value='31020'/>
		<buildingScore value='4025'/>
		<razingScore value='11220'/>
		<mineralScore value='29862'/>
		<gasScore value='1456'/>
		<totalScore value='100283'/>
	</player>

	<enemy>
		<race value='Zerg'/>
		<unitScore value='14825'/>
		<unitScore value='14825'/>
		<killScore value='30250'/>
		<buildingScore value='3740'/>
		<razingScore value='3525'/>
		<mineralScore value='16250'/>
		<gasScore value='5084'/>
		<totalScore value='73674'/>
	</enemy>

	<scoreRatio value='1.36117'/>
	<timeFitness value='0.625972'/>
	<unitsAverage value='91'/>
</results>
