<results>
	<result value='win'/>
	<start value='2015-05-10.14:59:13'/>
	<end value='2015-05-10.14:59:41'/>
	<frames value='31312'/>
	<gameDuration value='1957'/>

	<player>
		<unitScore value='17700'/>
		<killScore value='33010'/>
		<buildingScore value='2475'/>
		<razingScore value='6375'/>
		<mineralScore value='20438'/>
		<gasScore value='3160'/>
		<totalScore value='83158'/>
	</player>

	<enemy>
		<race value='Zerg'/>
		<unitScore value='14725'/>
		<unitScore value='14725'/>
		<killScore value='19750'/>
		<buildingScore value='2125'/>
		<razingScore value='0'/>
		<mineralScore value='13906'/>
		<gasScore value='4696'/>
		<totalScore value='55202'/>
	</enemy>

	<scoreRatio value='1.50643'/>
	<timeFitness value='0.728194'/>
	<unitsAverage value='76'/>
</results>
