<results>
	<result value='win'/>
	<start value='2015-05-09.06:57:14'/>
	<end value='2015-05-09.06:57:46'/>
	<frames value='30351'/>
	<gameDuration value='1896'/>

	<player>
		<unitScore value='19200'/>
		<killScore value='27370'/>
		<buildingScore value='3425'/>
		<razingScore value='6180'/>
		<mineralScore value='22506'/>
		<gasScore value='2544'/>
		<totalScore value='81225'/>
	</player>

	<enemy>
		<race value='Zerg'/>
		<unitScore value='13900'/>
		<unitScore value='13900'/>
		<killScore value='17000'/>
		<buildingScore value='2060'/>
		<razingScore value='150'/>
		<mineralScore value='12306'/>
		<gasScore value='4112'/>
		<totalScore value='49528'/>
	</enemy>

	<scoreRatio value='1.63998'/>
	<timeFitness value='0.736667'/>
	<unitsAverage value='96'/>
</results>
