<results>
	<result value='loss'/>
	<start value='2015-05-02.14:33:55'/>
	<end value='2015-05-02.14:34:07'/>
	<frames value='20090'/>
	<gameDuration value='1255'/>

	<player>
		<unitScore value='4125'/>
		<killScore value='8150'/>
		<buildingScore value='1150'/>
		<razingScore value='0'/>
		<mineralScore value='7810'/>
		<gasScore value='1632'/>
		<totalScore value='22867'/>
	</player>

	<enemy>
		<race value='Zerg'/>
		<unitScore value='7475'/>
		<unitScore value='7475'/>
		<killScore value='8250'/>
		<buildingScore value='2035'/>
		<razingScore value='3450'/>
		<mineralScore value='7890'/>
		<gasScore value='2320'/>
		<totalScore value='31420'/>
	</enemy>

	<scoreRatio value='0.727785'/>
	<timeFitness value='0.174306'/>
	<unitsAverage value='31'/>
</results>
