<results>
	<result value='loss'/>
	<start value='2015-05-02.14:34:55'/>
	<end value='2015-05-02.14:35:18'/>
	<frames value='35528'/>
	<gameDuration value='2220'/>

	<player>
		<unitScore value='11850'/>
		<killScore value='15230'/>
		<buildingScore value='1425'/>
		<razingScore value='1020'/>
		<mineralScore value='11942'/>
		<gasScore value='2248'/>
		<totalScore value='43715'/>
	</player>

	<enemy>
		<race value='Zerg'/>
		<unitScore value='17225'/>
		<unitScore value='17225'/>
		<killScore value='23700'/>
		<buildingScore value='4530'/>
		<razingScore value='4275'/>
		<mineralScore value='20814'/>
		<gasScore value='7840'/>
		<totalScore value='78384'/>
	</enemy>

	<scoreRatio value='0.557703'/>
	<timeFitness value='0.308333'/>
	<unitsAverage value='42'/>
</results>
