<results>
	<result value='win'/>
	<start value='2015-04-28.02:31:44'/>
	<end value='2015-04-28.02:32:15'/>
	<frames value='23159'/>
	<gameDuration value='1447'/>

	<player>
		<unitScore value='12250'/>
		<killScore value='17750'/>
		<buildingScore value='4225'/>
		<razingScore value='4560'/>
		<mineralScore value='20570'/>
		<gasScore value='2072'/>
		<totalScore value='61427'/>
	</player>

	<enemy>
		<race value='Zerg'/>
		<unitScore value='8425'/>
		<unitScore value='8425'/>
		<killScore value='7500'/>
		<buildingScore value='1520'/>
		<razingScore value='0'/>
		<mineralScore value='8330'/>
		<gasScore value='2648'/>
		<totalScore value='28423'/>
	</enemy>

	<scoreRatio value='2.16117'/>
</results>
