<results>
	<result value='loss'/>
	<start value='2015-05-10.23:50:43'/>
	<end value='2015-05-10.23:50:46'/>
	<frames value='7070'/>
	<gameDuration value='441'/>

	<player>
		<unitScore value='1100'/>
		<killScore value='0'/>
		<buildingScore value='625'/>
		<razingScore value='0'/>
		<mineralScore value='1554'/>
		<gasScore value='32'/>
		<totalScore value='3311'/>
	</player>

	<enemy>
		<race value='Zerg'/>
		<unitScore value='1150'/>
		<unitScore value='1150'/>
		<killScore value='2200'/>
		<buildingScore value='375'/>
		<razingScore value='1875'/>
		<mineralScore value='1874'/>
		<gasScore value='0'/>
		<totalScore value='7474'/>
	</enemy>

	<scoreRatio value='0.443002'/>
	<timeFitness value='0.06125'/>
	<unitsAverage value='10'/>
</results>
