<results>
	<result value='win'/>
	<start value='2015-05-04.18:42:43'/>
	<end value='2015-05-04.18:43:19'/>
	<frames value='27344'/>
	<gameDuration value='1709'/>

	<player>
		<unitScore value='20300'/>
		<killScore value='22110'/>
		<buildingScore value='3550'/>
		<razingScore value='4560'/>
		<mineralScore value='32730'/>
		<gasScore value='0'/>
		<totalScore value='83250'/>
	</player>

	<enemy>
		<race value='Zerg'/>
		<unitScore value='10825'/>
		<unitScore value='10825'/>
		<killScore value='27500'/>
		<buildingScore value='1520'/>
		<razingScore value='0'/>
		<mineralScore value='9778'/>
		<gasScore value='2808'/>
		<totalScore value='52431'/>
	</enemy>

	<scoreRatio value='1.5878'/>
	<timeFitness value='0.762639'/>
	<unitsAverage value='96'/>
</results>
