<results>
	<result value='win'/>
	<start value='2015-05-10.06:36:57'/>
	<end value='2015-05-10.06:37:24'/>
	<frames value='28491'/>
	<gameDuration value='1780'/>

	<player>
		<unitScore value='17450'/>
		<killScore value='22375'/>
		<buildingScore value='3900'/>
		<razingScore value='6135'/>
		<mineralScore value='22202'/>
		<gasScore value='2160'/>
		<totalScore value='74222'/>
	</player>

	<enemy>
		<race value='Zerg'/>
		<unitScore value='10875'/>
		<unitScore value='10875'/>
		<killScore value='16700'/>
		<buildingScore value='2045'/>
		<razingScore value='0'/>
		<mineralScore value='10466'/>
		<gasScore value='3088'/>
		<totalScore value='43174'/>
	</enemy>

	<scoreRatio value='1.71914'/>
	<timeFitness value='0.752778'/>
	<unitsAverage value='81'/>
</results>
