<results>
	<result value='win'/>
	<start value='2015-04-25.05:13:54'/>
	<end value='2015-04-25.05:14:11'/>
	<frames value='23810'/>
	<gameDuration value='1488'/>

	<player>
		<unitScore value='10875'/>
		<killScore value='17400'/>
		<buildingScore value='2925'/>
		<razingScore value='6675'/>
		<mineralScore value='14310'/>
		<gasScore value='1960'/>
		<totalScore value='54145'/>
	</player>

	<enemy>
		<race value='Terran'/>
		<unitScore value='9000'/>
		<unitScore value='9000'/>
		<killScore value='10800'/>
		<buildingScore value='2325'/>
		<razingScore value='3150'/>
		<mineralScore value='9138'/>
		<gasScore value='2776'/>
		<totalScore value='37189'/>
	</enemy>

	<scoreRatio value='1.45594'/>
</results>
