<results>
	<result value='loss'/>
	<start value='2015-04-25.05:17:20'/>
	<end value='2015-04-25.05:17:30'/>
	<frames value='18044'/>
	<gameDuration value='1127'/>

	<player>
		<unitScore value='3625'/>
		<killScore value='1050'/>
		<buildingScore value='1875'/>
		<razingScore value='0'/>
		<mineralScore value='5506'/>
		<gasScore value='792'/>
		<totalScore value='12848'/>
	</player>

	<enemy>
		<race value='Terran'/>
		<unitScore value='6750'/>
		<unitScore value='6750'/>
		<killScore value='7250'/>
		<buildingScore value='2750'/>
		<razingScore value='5625'/>
		<mineralScore value='8082'/>
		<gasScore value='2944'/>
		<totalScore value='33401'/>
	</enemy>

	<scoreRatio value='0.384659'/>
</results>
