<results>
	<result value='win'/>
	<start value='2015-04-25.05:18:02'/>
	<end value='2015-04-25.05:18:28'/>
	<frames value='31157'/>
	<gameDuration value='1947'/>

	<player>
		<unitScore value='16675'/>
		<killScore value='30250'/>
		<buildingScore value='3425'/>
		<razingScore value='9675'/>
		<mineralScore value='21986'/>
		<gasScore value='3152'/>
		<totalScore value='85163'/>
	</player>

	<enemy>
		<race value='Terran'/>
		<unitScore value='15925'/>
		<unitScore value='15925'/>
		<killScore value='15850'/>
		<buildingScore value='3225'/>
		<razingScore value='1800'/>
		<mineralScore value='12982'/>
		<gasScore value='5936'/>
		<totalScore value='55718'/>
	</enemy>

	<scoreRatio value='1.52846'/>
</results>
