<results>
	<result value='win'/>
	<start value='2015-04-25.05:21:31'/>
	<end value='2015-04-25.05:21:49'/>
	<frames value='27189'/>
	<gameDuration value='1699'/>

	<player>
		<unitScore value='10550'/>
		<killScore value='16500'/>
		<buildingScore value='2950'/>
		<razingScore value='7050'/>
		<mineralScore value='13922'/>
		<gasScore value='2528'/>
		<totalScore value='53500'/>
	</player>

	<enemy>
		<race value='Terran'/>
		<unitScore value='8250'/>
		<unitScore value='8250'/>
		<killScore value='10750'/>
		<buildingScore value='2350'/>
		<razingScore value='3075'/>
		<mineralScore value='9242'/>
		<gasScore value='2888'/>
		<totalScore value='36555'/>
	</enemy>

	<scoreRatio value='1.46355'/>
</results>
