<results>
	<result value='loss'/>
	<start value='2015-07-18.13:56:08'/>
	<end value='2015-07-18.13:56:17'/>
	<frames value='15812'/>
	<gameDuration value='988'/>

	<player>
		<unitScore value='4275'/>
		<killScore value='600'/>
		<buildingScore value='1725'/>
		<razingScore value='0'/>
		<mineralScore value='5482'/>
		<gasScore value='704'/>
		<totalScore value='12786'/>
	</player>

	<enemy>
		<race value='Protoss'/>
		<unitScore value='4425'/>
		<killScore value='8750'/>
		<buildingScore value='3025'/>
		<razingScore value='5175'/>
		<mineralScore value='7906'/>
		<gasScore value='1832'/>
		<totalScore value='31113'/>
	</enemy>

	<scoreRatio value='0.410954'/>
	<timeFitness value='0.137222'/>
	<unitsAverage value='26'/>
</results>
