<results>
	<result value='loss'/>
	<start value='2015-07-18.14:25:58'/>
	<end value='2015-07-18.14:27:10'/>
	<frames value='41387'/>
	<gameDuration value='2586'/>

	<player>
		<unitScore value='23800'/>
		<killScore value='20250'/>
		<buildingScore value='3450'/>
		<razingScore value='750'/>
		<mineralScore value='29802'/>
		<gasScore value='3528'/>
		<totalScore value='81580'/>
	</player>

	<enemy>
		<race value='Protoss'/>
		<unitScore value='26275'/>
		<killScore value='43600'/>
		<buildingScore value='7225'/>
		<razingScore value='10350'/>
		<mineralScore value='26614'/>
		<gasScore value='9944'/>
		<totalScore value='124008'/>
	</enemy>

	<scoreRatio value='0.657861'/>
	<timeFitness value='0.359167'/>
	<unitsAverage value='82'/>
</results>
