<results>
	<result value='win'/>
	<start value='2015-05-11.03:08:12'/>
	<end value='2015-05-11.03:09:04'/>
	<frames value='31064'/>
	<gameDuration value='1941'/>

	<player>
		<unitScore value='18275'/>
		<killScore value='27150'/>
		<buildingScore value='2525'/>
		<razingScore value='6105'/>
		<mineralScore value='20234'/>
		<gasScore value='3120'/>
		<totalScore value='77409'/>
	</player>

	<enemy>
		<race value='Zerg'/>
		<unitScore value='12600'/>
		<unitScore value='12600'/>
		<killScore value='14600'/>
		<buildingScore value='2035'/>
		<razingScore value='150'/>
		<mineralScore value='11218'/>
		<gasScore value='3280'/>
		<totalScore value='43883'/>
	</enemy>

	<scoreRatio value='1.76399'/>
	<timeFitness value='0.730417'/>
	<unitsAverage value='95'/>
</results>
