<results>
	<result value='loss'/>
	<start value='2015-04-08.19:31:28'/>
	<end value='2015-04-08.19:32:13'/>
	<frames value='47494'/>
	<gameDuration value='2968'/>

	<player>
		<unitScore value='22450'/>
		<killScore value='39900'/>
		<buildingScore value='2325'/>
		<razingScore value='900'/>
		<mineralScore value='24026'/>
		<gasScore value='4512'/>
		<totalScore value='94113'/>
	</player>

	<enemy>
		<race value='Protoss'/>
		<unitScore value='39875'/>
		<unitScore value='39875'/>
		<killScore value='44650'/>
		<buildingScore value='7775'/>
		<razingScore value='6975'/>
		<mineralScore value='33898'/>
		<gasScore value='12280'/>
		<totalScore value='145453'/>
	</enemy>

	<scoreRatio value='0.647034'/>
</results>
