<results>
	<result value='loss'/>
	<start value='2015-03-28.13:28:10'/>
	<end value='2015-03-28.13:28:19'/>
	<frames value='16029'/>
	<gameDuration value='1001'/>

	<player>
		<unitScore value='3075'/>
		<killScore value='1400'/>
		<buildingScore value='1150'/>
		<razingScore value='0'/>
		<mineralScore value='4218'/>
		<gasScore value='664'/>
		<totalScore value='10507'/>
	</player>

	<enemy>
		<race value='Protoss'/>
		<unitScore value='3600'/>
		<unitScore value='3600'/>
		<killScore value='5900'/>
		<buildingScore value='3425'/>
		<razingScore value='3450'/>
		<mineralScore value='8194'/>
		<gasScore value='1624'/>
		<totalScore value='26193'/>
	</enemy>

	<scoreRatio value='0.401138'/>
</results>
