<results>
	<result value='loss'/>
	<start value='2015-04-27.02:15:52'/>
	<end value='2015-04-27.02:16:02'/>
	<frames value='19625'/>
	<gameDuration value='1226'/>

	<player>
		<unitScore value='4475'/>
		<killScore value='3100'/>
		<buildingScore value='2000'/>
		<razingScore value='0'/>
		<mineralScore value='6458'/>
		<gasScore value='752'/>
		<totalScore value='16785'/>
	</player>

	<enemy>
		<race value='Terran'/>
		<unitScore value='7850'/>
		<unitScore value='7850'/>
		<killScore value='8950'/>
		<buildingScore value='2850'/>
		<razingScore value='6000'/>
		<mineralScore value='9002'/>
		<gasScore value='3568'/>
		<totalScore value='38220'/>
	</enemy>

	<scoreRatio value='0.439168'/>
</results>
