<results>
	<result value='loss'/>
	<start value='2015-04-07.22:55:42'/>
	<end value='2015-04-07.22:55:50'/>
	<frames value='15657'/>
	<gameDuration value='978'/>

	<player>
		<unitScore value='3425'/>
		<killScore value='800'/>
		<buildingScore value='1575'/>
		<razingScore value='0'/>
		<mineralScore value='5026'/>
		<gasScore value='672'/>
		<totalScore value='11498'/>
	</player>

	<enemy>
		<race value='Protoss'/>
		<unitScore value='3550'/>
		<unitScore value='3550'/>
		<killScore value='6850'/>
		<buildingScore value='3025'/>
		<razingScore value='4725'/>
		<mineralScore value='7946'/>
		<gasScore value='1432'/>
		<totalScore value='27528'/>
	</enemy>

	<scoreRatio value='0.417684'/>
</results>
