<results>
	<result value='loss'/>
	<start value='2015-05-03.17:02:38'/>
	<end value='2015-05-03.17:03:36'/>
	<frames value='54996'/>
	<gameDuration value='3437'/>

	<player>
		<unitScore value='22300'/>
		<killScore value='32250'/>
		<buildingScore value='3050'/>
		<razingScore value='8925'/>
		<mineralScore value='24338'/>
		<gasScore value='4464'/>
		<totalScore value='95327'/>
	</player>

	<enemy>
		<race value='Protoss'/>
		<unitScore value='33325'/>
		<unitScore value='33325'/>
		<killScore value='44600'/>
		<buildingScore value='10500'/>
		<razingScore value='9150'/>
		<mineralScore value='34342'/>
		<gasScore value='10032'/>
		<totalScore value='141949'/>
	</enemy>

	<scoreRatio value='0.671558'/>
	<timeFitness value='0.477361'/>
	<unitsAverage value='70'/>
</results>
