<results>
	<result value='loss'/>
	<start value='2015-05-03.17:08:59'/>
	<end value='2015-05-03.17:09:52'/>
	<frames value='48083'/>
	<gameDuration value='3005'/>

	<player>
		<unitScore value='22200'/>
		<killScore value='33750'/>
		<buildingScore value='2325'/>
		<razingScore value='750'/>
		<mineralScore value='23986'/>
		<gasScore value='4328'/>
		<totalScore value='87339'/>
	</player>

	<enemy>
		<race value='Protoss'/>
		<unitScore value='38275'/>
		<unitScore value='38275'/>
		<killScore value='44400'/>
		<buildingScore value='7425'/>
		<razingScore value='6975'/>
		<mineralScore value='33566'/>
		<gasScore value='13392'/>
		<totalScore value='144033'/>
	</enemy>

	<scoreRatio value='0.606382'/>
	<timeFitness value='0.417361'/>
	<unitsAverage value='71'/>
</results>
