<results>
	<result value='win'/>
	<start value='2015-05-03.17:13:21'/>
	<end value='2015-05-03.17:14:15'/>
	<frames value='35218'/>
	<gameDuration value='2201'/>

	<player>
		<unitScore value='21200'/>
		<killScore value='24450'/>
		<buildingScore value='3850'/>
		<razingScore value='21375'/>
		<mineralScore value='26550'/>
		<gasScore value='3008'/>
		<totalScore value='100433'/>
	</player>

	<enemy>
		<race value='Protoss'/>
		<unitScore value='12775'/>
		<unitScore value='12775'/>
		<killScore value='20300'/>
		<buildingScore value='7125'/>
		<razingScore value='150'/>
		<mineralScore value='19694'/>
		<gasScore value='6808'/>
		<totalScore value='66852'/>
	</enemy>

	<scoreRatio value='1.50232'/>
	<timeFitness value='0.694306'/>
	<unitsAverage value='103'/>
</results>
