<results>
	<result value='win'/>
	<start value='2015-05-10.22:43:33'/>
	<end value='2015-05-10.22:44:35'/>
	<frames value='37605'/>
	<gameDuration value='2350'/>

	<player>
		<unitScore value='23125'/>
		<killScore value='31410'/>
		<buildingScore value='4300'/>
		<razingScore value='11145'/>
		<mineralScore value='34274'/>
		<gasScore value='2976'/>
		<totalScore value='107230'/>
	</player>

	<enemy>
		<race value='Zerg'/>
		<unitScore value='14925'/>
		<unitScore value='14925'/>
		<killScore value='22050'/>
		<buildingScore value='3715'/>
		<razingScore value='375'/>
		<mineralScore value='16982'/>
		<gasScore value='5760'/>
		<totalScore value='63807'/>
	</enemy>

	<scoreRatio value='1.68054'/>
	<timeFitness value='0.673611'/>
	<unitsAverage value='125'/>
</results>
