<results>
	<result value='win'/>
	<start value='2015-05-04.17:41:26'/>
	<end value='2015-05-04.17:42:08'/>
	<frames value='30475'/>
	<gameDuration value='1904'/>

	<player>
		<unitScore value='23150'/>
		<killScore value='23130'/>
		<buildingScore value='3325'/>
		<razingScore value='5655'/>
		<mineralScore value='30594'/>
		<gasScore value='0'/>
		<totalScore value='85854'/>
	</player>

	<enemy>
		<race value='Zerg'/>
		<unitScore value='11500'/>
		<unitScore value='11500'/>
		<killScore value='28900'/>
		<buildingScore value='1885'/>
		<razingScore value='0'/>
		<mineralScore value='10210'/>
		<gasScore value='3096'/>
		<totalScore value='55591'/>
	</enemy>

	<scoreRatio value='1.54439'/>
	<timeFitness value='0.735556'/>
	<unitsAverage value='99'/>
</results>
