<results>
	<result value='win'/>
	<start value='2015-05-10.22:47:51'/>
	<end value='2015-05-10.22:48:29'/>
	<frames value='36985'/>
	<gameDuration value='2311'/>

	<player>
		<unitScore value='20675'/>
		<killScore value='23835'/>
		<buildingScore value='4525'/>
		<razingScore value='10890'/>
		<mineralScore value='26378'/>
		<gasScore value='3680'/>
		<totalScore value='89983'/>
	</player>

	<enemy>
		<race value='Zerg'/>
		<unitScore value='12050'/>
		<unitScore value='12050'/>
		<killScore value='23700'/>
		<buildingScore value='3630'/>
		<razingScore value='3750'/>
		<mineralScore value='15886'/>
		<gasScore value='4816'/>
		<totalScore value='63832'/>
	</enemy>

	<scoreRatio value='1.40968'/>
	<timeFitness value='0.679028'/>
	<unitsAverage value='79'/>
</results>
