<results>
	<result value='loss'/>
	<start value='2015-05-10.22:48:31'/>
	<end value='2015-05-10.22:48:55'/>
	<frames value='29142'/>
	<gameDuration value='1821'/>

	<player>
		<unitScore value='7450'/>
		<killScore value='4150'/>
		<buildingScore value='3425'/>
		<razingScore value='0'/>
		<mineralScore value='21734'/>
		<gasScore value='1904'/>
		<totalScore value='38663'/>
	</player>

	<enemy>
		<race value='Zerg'/>
		<unitScore value='14475'/>
		<unitScore value='14475'/>
		<killScore value='14900'/>
		<buildingScore value='3420'/>
		<razingScore value='10275'/>
		<mineralScore value='16894'/>
		<gasScore value='5808'/>
		<totalScore value='65772'/>
	</enemy>

	<scoreRatio value='0.587834'/>
	<timeFitness value='0.252917'/>
	<unitsAverage value='55'/>
</results>
