<results>
	<result value='loss'/>
	<start value='2015-07-14.02:35:20'/>
	<end value='2015-07-14.02:35:48'/>
	<frames value='31715'/>
	<gameDuration value='1982'/>

	<player>
		<unitScore value='15025'/>
		<killScore value='3900'/>
		<buildingScore value='2675'/>
		<razingScore value='0'/>
		<mineralScore value='16146'/>
		<gasScore value='2432'/>
		<totalScore value='40178'/>
	</player>

	<enemy>
		<race value='Protoss'/>
		<unitScore value='17300'/>
		<killScore value='30050'/>
		<buildingScore value='6875'/>
		<razingScore value='8025'/>
		<mineralScore value='19818'/>
		<gasScore value='7696'/>
		<totalScore value='89764'/>
	</enemy>

	<scoreRatio value='0.447596'/>
	<timeFitness value='0.275278'/>
	<unitsAverage value='44'/>
</results>
