<results>
	<result value='loss'/>
	<start value='2015-07-14.02:43:49'/>
	<end value='2015-07-14.02:44:32'/>
	<frames value='35280'/>
	<gameDuration value='2205'/>

	<player>
		<unitScore value='19850'/>
		<killScore value='10950'/>
		<buildingScore value='2900'/>
		<razingScore value='0'/>
		<mineralScore value='30814'/>
		<gasScore value='3960'/>
		<totalScore value='68474'/>
	</player>

	<enemy>
		<race value='Protoss'/>
		<unitScore value='22375'/>
		<killScore value='39900'/>
		<buildingScore value='6800'/>
		<razingScore value='8700'/>
		<mineralScore value='26106'/>
		<gasScore value='8956'/>
		<totalScore value='112837'/>
	</enemy>

	<scoreRatio value='0.60684'/>
	<timeFitness value='0.30625'/>
	<unitsAverage value='73'/>
</results>
