<results>
	<result value='draw'/>
	<start value='2015-07-09.02:59:08'/>
	<end value='2015-07-09.03:02:15'/>
	<frames value='57601'/>
	<gameDuration value='3600'/>

	<player>
		<unitScore value='52800'/>
		<killScore value='36800'/>
		<buildingScore value='4025'/>
		<razingScore value='1800'/>
		<mineralScore value='39938'/>
		<gasScore value='9626'/>
		<totalScore value='144989'/>
	</player>

	<enemy>
		<race value='Terran'/>
		<unitScore value='21750'/>
		<killScore value='85100'/>
		<buildingScore value='3200'/>
		<razingScore value='225'/>
		<mineralScore value='19194'/>
		<gasScore value='6034'/>
		<totalScore value='135503'/>
	</enemy>

	<scoreRatio value='1.07001'/>
	<timeFitness value='0.5'/>
	<unitsAverage value='146'/>
</results>
