<results>
	<result value='win'/>
	<start value='2015-05-10.23:51:37'/>
	<end value='2015-05-10.23:52:15'/>
	<frames value='30103'/>
	<gameDuration value='1881'/>

	<player>
		<unitScore value='17200'/>
		<killScore value='32810'/>
		<buildingScore value='5175'/>
		<razingScore value='6240'/>
		<mineralScore value='27858'/>
		<gasScore value='2016'/>
		<totalScore value='91299'/>
	</player>

	<enemy>
		<race value='Zerg'/>
		<unitScore value='13725'/>
		<unitScore value='13725'/>
		<killScore value='12900'/>
		<buildingScore value='2080'/>
		<razingScore value='0'/>
		<mineralScore value='13090'/>
		<gasScore value='4120'/>
		<totalScore value='45915'/>
	</enemy>

	<scoreRatio value='1.98844'/>
	<timeFitness value='0.73875'/>
	<unitsAverage value='101'/>
</results>
