<results>
	<result value='win'/>
	<start value='2015-05-10.23:53:09'/>
	<end value='2015-05-10.23:53:49'/>
	<frames value='29762'/>
	<gameDuration value='1860'/>

	<player>
		<unitScore value='20750'/>
		<killScore value='31010'/>
		<buildingScore value='4575'/>
		<razingScore value='5820'/>
		<mineralScore value='27858'/>
		<gasScore value='2104'/>
		<totalScore value='92117'/>
	</player>

	<enemy>
		<race value='Zerg'/>
		<unitScore value='14325'/>
		<unitScore value='14325'/>
		<killScore value='19200'/>
		<buildingScore value='1940'/>
		<razingScore value='0'/>
		<mineralScore value='12326'/>
		<gasScore value='4144'/>
		<totalScore value='51935'/>
	</enemy>

	<scoreRatio value='1.7737'/>
	<timeFitness value='0.741667'/>
	<unitsAverage value='113'/>
</results>
