<results>
	<result value='win'/>
	<start value='2015-05-11.00:04:06'/>
	<end value='2015-05-11.00:04:34'/>
	<frames value='24244'/>
	<gameDuration value='1515'/>

	<player>
		<unitScore value='15075'/>
		<killScore value='16070'/>
		<buildingScore value='4900'/>
		<razingScore value='5700'/>
		<mineralScore value='22786'/>
		<gasScore value='1680'/>
		<totalScore value='66211'/>
	</player>

	<enemy>
		<race value='Zerg'/>
		<unitScore value='7775'/>
		<unitScore value='7775'/>
		<killScore value='9000'/>
		<buildingScore value='1900'/>
		<razingScore value='0'/>
		<mineralScore value='8058'/>
		<gasScore value='2512'/>
		<totalScore value='29245'/>
	</enemy>

	<scoreRatio value='2.26401'/>
	<timeFitness value='0.789583'/>
	<unitsAverage value='92'/>
</results>
