<results>
	<result value='win'/>
	<start value='2015-04-12.13:17:01'/>
	<end value='2015-04-12.13:17:50'/>
	<frames value='27995'/>
	<gameDuration value='1749'/>

	<player>
		<unitScore value='15575'/>
		<killScore value='12050'/>
		<buildingScore value='3975'/>
		<razingScore value='14700'/>
		<mineralScore value='22110'/>
		<gasScore value='2504'/>
		<totalScore value='70914'/>
	</player>

	<enemy>
		<race value='Protoss'/>
		<unitScore value='6025'/>
		<unitScore value='6025'/>
		<killScore value='8450'/>
		<buildingScore value='4900'/>
		<razingScore value='0'/>
		<mineralScore value='11530'/>
		<gasScore value='2424'/>
		<totalScore value='33329'/>
	</enemy>

	<scoreRatio value='2.1277'/>
</results>
