<results>
	<result value='win'/>
	<start value='2015-05-10.07:56:13'/>
	<end value='2015-05-10.07:56:32'/>
	<frames value='25639'/>
	<gameDuration value='1602'/>

	<player>
		<unitScore value='13325'/>
		<killScore value='21550'/>
		<buildingScore value='3100'/>
		<razingScore value='8700'/>
		<mineralScore value='17894'/>
		<gasScore value='1760'/>
		<totalScore value='66329'/>
	</player>

	<enemy>
		<race value='Terran'/>
		<unitScore value='10775'/>
		<unitScore value='10775'/>
		<killScore value='10050'/>
		<buildingScore value='2900'/>
		<razingScore value='450'/>
		<mineralScore value='11562'/>
		<gasScore value='4936'/>
		<totalScore value='40673'/>
	</enemy>

	<scoreRatio value='1.63079'/>
	<timeFitness value='0.7775'/>
	<unitsAverage value='74'/>
</results>
