<results>
	<result value='loss'/>
	<start value='2015-07-18.04:27:57'/>
	<end value='2015-07-18.04:28:12'/>
	<frames value='23097'/>
	<gameDuration value='1443'/>

	<player>
		<unitScore value='7425'/>
		<killScore value='2000'/>
		<buildingScore value='2500'/>
		<razingScore value='0'/>
		<mineralScore value='9010'/>
		<gasScore value='904'/>
		<totalScore value='21839'/>
	</player>

	<enemy>
		<race value='Protoss'/>
		<unitScore value='7600'/>
		<killScore value='14850'/>
		<buildingScore value='5325'/>
		<razingScore value='7500'/>
		<mineralScore value='13722'/>
		<gasScore value='3608'/>
		<totalScore value='52605'/>
	</enemy>

	<scoreRatio value='0.415151'/>
	<timeFitness value='0.200417'/>
	<unitsAverage value='29'/>
</results>
