<results>
	<result value='loss'/>
	<start value='2015-07-18.04:40:44'/>
	<end value='2015-07-18.04:42:04'/>
	<frames value='41170'/>
	<gameDuration value='2573'/>

	<player>
		<unitScore value='26925'/>
		<killScore value='17300'/>
		<buildingScore value='2925'/>
		<razingScore value='300'/>
		<mineralScore value='23546'/>
		<gasScore value='3952'/>
		<totalScore value='74948'/>
	</player>

	<enemy>
		<race value='Protoss'/>
		<unitScore value='28375'/>
		<killScore value='53700'/>
		<buildingScore value='8075'/>
		<razingScore value='8775'/>
		<mineralScore value='28434'/>
		<gasScore value='10720'/>
		<totalScore value='138079'/>
	</enemy>

	<scoreRatio value='0.542791'/>
	<timeFitness value='0.357361'/>
	<unitsAverage value='78'/>
</results>
