<results>
	<result value='draw'/>
	<start value='2015-07-18.04:43:13'/>
	<end value='2015-07-18.04:45:16'/>
	<frames value='57601'/>
	<gameDuration value='3600'/>

	<player>
		<unitScore value='41650'/>
		<killScore value='57000'/>
		<buildingScore value='3125'/>
		<razingScore value='300'/>
		<mineralScore value='31678'/>
		<gasScore value='7386'/>
		<totalScore value='141139'/>
	</player>

	<enemy>
		<race value='Protoss'/>
		<unitScore value='41075'/>
		<killScore value='67000'/>
		<buildingScore value='6075'/>
		<razingScore value='2550'/>
		<mineralScore value='31310'/>
		<gasScore value='11818'/>
		<totalScore value='159828'/>
	</enemy>

	<scoreRatio value='0.883068'/>
	<timeFitness value='0.5'/>
	<unitsAverage value='126'/>
</results>
