<results>
	<result value='loss'/>
	<start value='2015-04-09.04:28:00'/>
	<end value='2015-04-09.04:28:32'/>
	<frames value='43495'/>
	<gameDuration value='2718'/>

	<player>
		<unitScore value='18225'/>
		<killScore value='25950'/>
		<buildingScore value='2550'/>
		<razingScore value='0'/>
		<mineralScore value='19598'/>
		<gasScore value='4496'/>
		<totalScore value='70819'/>
	</player>

	<enemy>
		<race value='Protoss'/>
		<unitScore value='31275'/>
		<unitScore value='31275'/>
		<killScore value='36550'/>
		<buildingScore value='7075'/>
		<razingScore value='7650'/>
		<mineralScore value='31798'/>
		<gasScore value='10466'/>
		<totalScore value='124814'/>
	</enemy>

	<scoreRatio value='0.567396'/>
</results>
