<results>
	<result value='loss'/>
	<start value='2015-04-29.13:40:12'/>
	<end value='2015-04-29.13:40:17'/>
	<frames value='8930'/>
	<gameDuration value='558'/>

	<player>
		<unitScore value='1000'/>
		<killScore value='150'/>
		<buildingScore value='700'/>
		<razingScore value='0'/>
		<mineralScore value='1466'/>
		<gasScore value='72'/>
		<totalScore value='3388'/>
	</player>

	<enemy>
		<race value='Zerg'/>
		<unitScore value='1600'/>
		<unitScore value='1600'/>
		<killScore value='2000'/>
		<buildingScore value='980'/>
		<razingScore value='2100'/>
		<mineralScore value='2594'/>
		<gasScore value='192'/>
		<totalScore value='9466'/>
	</enemy>

	<scoreRatio value='0.357913'/>
</results>
