<results>
	<result value='win'/>
	<start value='2015-04-29.13:52:03'/>
	<end value='2015-04-29.13:52:30'/>
	<frames value='23655'/>
	<gameDuration value='1478'/>

	<player>
		<unitScore value='12375'/>
		<killScore value='19870'/>
		<buildingScore value='3125'/>
		<razingScore value='4755'/>
		<mineralScore value='19002'/>
		<gasScore value='2440'/>
		<totalScore value='61567'/>
	</player>

	<enemy>
		<race value='Zerg'/>
		<unitScore value='9025'/>
		<unitScore value='9025'/>
		<killScore value='9250'/>
		<buildingScore value='1585'/>
		<razingScore value='0'/>
		<mineralScore value='8538'/>
		<gasScore value='2360'/>
		<totalScore value='30758'/>
	</enemy>

	<scoreRatio value='2.00166'/>
</results>
