<results>
	<result value='win'/>
	<start value='2015-04-28.19:34:53'/>
	<end value='2015-04-28.19:35:13'/>
	<frames value='30506'/>
	<gameDuration value='1906'/>

	<player>
		<unitScore value='13550'/>
		<killScore value='12100'/>
		<buildingScore value='3325'/>
		<razingScore value='17625'/>
		<mineralScore value='18402'/>
		<gasScore value='2080'/>
		<totalScore value='67082'/>
	</player>

	<enemy>
		<race value='Protoss'/>
		<unitScore value='6050'/>
		<unitScore value='6050'/>
		<killScore value='9600'/>
		<buildingScore value='5875'/>
		<razingScore value='525'/>
		<mineralScore value='14970'/>
		<gasScore value='2816'/>
		<totalScore value='39836'/>
	</enemy>

	<scoreRatio value='1.68395'/>
	<timeFitness value='0.735278'/>
	<unitsAverage value='72'/>
</results>
