<results>
	<result value='loss'/>
	<start value='2015-04-28.19:35:16'/>
	<end value='2015-04-28.19:35:26'/>
	<frames value='25670'/>
	<gameDuration value='1604'/>

	<player>
		<unitScore value='5650'/>
		<killScore value='2600'/>
		<buildingScore value='1725'/>
		<razingScore value='0'/>
		<mineralScore value='7106'/>
		<gasScore value='1280'/>
		<totalScore value='18361'/>
	</player>

	<enemy>
		<race value='Protoss'/>
		<unitScore value='9125'/>
		<unitScore value='9125'/>
		<killScore value='11300'/>
		<buildingScore value='6275'/>
		<razingScore value='5175'/>
		<mineralScore value='14862'/>
		<gasScore value='4888'/>
		<totalScore value='51625'/>
	</enemy>

	<scoreRatio value='0.355661'/>
	<timeFitness value='0.222778'/>
	<unitsAverage value='28'/>
</results>
