<results>
	<result value='win'/>
	<start value='2015-04-28.19:35:59'/>
	<end value='2015-04-28.19:36:20'/>
	<frames value='25453'/>
	<gameDuration value='1590'/>

	<player>
		<unitScore value='15050'/>
		<killScore value='12700'/>
		<buildingScore value='3725'/>
		<razingScore value='9975'/>
		<mineralScore value='22742'/>
		<gasScore value='2592'/>
		<totalScore value='66784'/>
	</player>

	<enemy>
		<race value='Protoss'/>
		<unitScore value='6350'/>
		<unitScore value='6350'/>
		<killScore value='10350'/>
		<buildingScore value='3325'/>
		<razingScore value='0'/>
		<mineralScore value='16426'/>
		<gasScore value='928'/>
		<totalScore value='37379'/>
	</enemy>

	<scoreRatio value='1.78667'/>
	<timeFitness value='0.779167'/>
	<unitsAverage value='91'/>
</results>
