<results>
	<result value='win'/>
	<start value='2015-04-17.03:49:35'/>
	<end value='2015-04-17.03:50:20'/>
	<frames value='29080'/>
	<gameDuration value='1817'/>

	<player>
		<unitScore value='16250'/>
		<killScore value='13800'/>
		<buildingScore value='3400'/>
		<razingScore value='14550'/>
		<mineralScore value='23878'/>
		<gasScore value='0'/>
		<totalScore value='71878'/>
	</player>

	<enemy>
		<race value='Protoss'/>
		<unitScore value='7350'/>
		<unitScore value='7350'/>
		<killScore value='15300'/>
		<buildingScore value='4850'/>
		<razingScore value='0'/>
		<mineralScore value='15146'/>
		<gasScore value='4304'/>
		<totalScore value='46950'/>
	</enemy>

	<scoreRatio value='1.53095'/>
</results>
