<results>
	<result value='loss'/>
	<start value='2015-07-18.05:41:16'/>
	<end value='2015-07-18.05:41:25'/>
	<frames value='15006'/>
	<gameDuration value='937'/>

	<player>
		<unitScore value='3600'/>
		<killScore value='200'/>
		<buildingScore value='1450'/>
		<razingScore value='0'/>
		<mineralScore value='4706'/>
		<gasScore value='544'/>
		<totalScore value='10500'/>
	</player>

	<enemy>
		<race value='Protoss'/>
		<unitScore value='3800'/>
		<killScore value='7200'/>
		<buildingScore value='2875'/>
		<razingScore value='4350'/>
		<mineralScore value='7922'/>
		<gasScore value='1440'/>
		<totalScore value='27587'/>
	</enemy>

	<scoreRatio value='0.380614'/>
	<timeFitness value='0.130139'/>
	<unitsAverage value='22'/>
</results>
