<results>
	<result value='loss'/>
	<start value='2015-07-18.05:49:01'/>
	<end value='2015-07-18.05:49:24'/>
	<frames value='29111'/>
	<gameDuration value='1819'/>

	<player>
		<unitScore value='12600'/>
		<killScore value='4300'/>
		<buildingScore value='1575'/>
		<razingScore value='0'/>
		<mineralScore value='11998'/>
		<gasScore value='2184'/>
		<totalScore value='32657'/>
	</player>

	<enemy>
		<race value='Protoss'/>
		<unitScore value='14550'/>
		<killScore value='25000'/>
		<buildingScore value='6875'/>
		<razingScore value='4725'/>
		<mineralScore value='18010'/>
		<gasScore value='6920'/>
		<totalScore value='76080'/>
	</enemy>

	<scoreRatio value='0.429246'/>
	<timeFitness value='0.252639'/>
	<unitsAverage value='39'/>
</results>
