<results>
	<result value='draw'/>
	<start value='2015-04-28.12:55:15'/>
	<end value='2015-04-28.12:57:39'/>
	<frames value='57601'/>
	<gameDuration value='3600'/>

	<player>
		<unitScore value='22950'/>
		<killScore value='31600'/>
		<buildingScore value='4975'/>
		<razingScore value='10650'/>
		<mineralScore value='42874'/>
		<gasScore value='5704'/>
		<totalScore value='118753'/>
	</player>

	<enemy>
		<race value='Terran'/>
		<unitScore value='18100'/>
		<unitScore value='18100'/>
		<killScore value='20650'/>
		<buildingScore value='3600'/>
		<razingScore value='825'/>
		<mineralScore value='15242'/>
		<gasScore value='6968'/>
		<totalScore value='65385'/>
	</enemy>

	<scoreRatio value='1.81621'/>
</results>
