<results>
	<result value='win'/>
	<start value='2015-04-28.12:59:46'/>
	<end value='2015-04-28.13:00:19'/>
	<frames value='29080'/>
	<gameDuration value='1817'/>

	<player>
		<unitScore value='14725'/>
		<killScore value='25550'/>
		<buildingScore value='4600'/>
		<razingScore value='9750'/>
		<mineralScore value='20778'/>
		<gasScore value='2696'/>
		<totalScore value='78099'/>
	</player>

	<enemy>
		<race value='Terran'/>
		<unitScore value='13575'/>
		<unitScore value='13575'/>
		<killScore value='10950'/>
		<buildingScore value='3250'/>
		<razingScore value='3675'/>
		<mineralScore value='13466'/>
		<gasScore value='5864'/>
		<totalScore value='50780'/>
	</enemy>

	<scoreRatio value='1.53799'/>
</results>
