<results>
	<result value='loss'/>
	<start value='2015-04-12.22:58:14'/>
	<end value='2015-04-12.22:58:26'/>
	<frames value='15719'/>
	<gameDuration value='982'/>

	<player>
		<unitScore value='2100'/>
		<killScore value='800'/>
		<buildingScore value='950'/>
		<razingScore value='0'/>
		<mineralScore value='3530'/>
		<gasScore value='312'/>
		<totalScore value='7692'/>
	</player>

	<enemy>
		<race value='Protoss'/>
		<unitScore value='4525'/>
		<unitScore value='4525'/>
		<killScore value='4200'/>
		<buildingScore value='3025'/>
		<razingScore value='2850'/>
		<mineralScore value='7738'/>
		<gasScore value='1976'/>
		<totalScore value='24314'/>
	</enemy>

	<scoreRatio value='0.316361'/>
</results>
