<results>
	<result value='win'/>
	<start value='2014-07-22.22:16:16'/>
	<end value='2014-07-22.22:17:11'/>
	<frames value='36179'/>
	<gameDuration value='2261'/>

	<player>
		<unitScore value='20850'/>
		<killScore value='32140'/>
		<buildingScore value='4750'/>
		<razingScore value='9570'/>
		<mineralScore value='33026'/>
		<gasScore value='3520'/>
		<totalScore value='103856'/>
	</player>

	<enemy>
		<race value='Zerg'/>
		<unitScore value='14225'/>
		<unitScore value='14225'/>
		<killScore value='14100'/>
		<buildingScore value='3190'/>
		<razingScore value='0'/>
		<mineralScore value='15454'/>
		<gasScore value='5472'/>
		<totalScore value='52441'/>
	</enemy>

	<scoreRatio value='1.98044'/>
</results>
