<results>
	<result value='loss'/>
	<start value='2015-07-07.16:34:22'/>
	<end value='2015-07-07.16:34:51'/>
	<frames value='20989'/>
	<gameDuration value='1311'/>

	<player>
		<unitScore value='8375'/>
		<killScore value='3400'/>
		<buildingScore value='1400'/>
		<razingScore value='0'/>
		<mineralScore value='9002'/>
		<gasScore value='1240'/>
		<totalScore value='23417'/>
	</player>

	<enemy>
		<race value='Terran'/>
		<unitScore value='8450'/>
		<killScore value='15350'/>
		<buildingScore value='2925'/>
		<razingScore value='4200'/>
		<mineralScore value='10106'/>
		<gasScore value='3856'/>
		<totalScore value='44887'/>
	</enemy>

	<scoreRatio value='0.521688'/>
	<timeFitness value='0.182083'/>
	<unitsAverage value='36'/>
</results>
