<results>
	<result value='loss'/>
	<start value='2015-07-07.16:37:14'/>
	<end value='2015-07-07.16:37:37'/>
	<frames value='19966'/>
	<gameDuration value='1247'/>

	<player>
		<unitScore value='5275'/>
		<killScore value='2800'/>
		<buildingScore value='1800'/>
		<razingScore value='0'/>
		<mineralScore value='6634'/>
		<gasScore value='872'/>
		<totalScore value='17381'/>
	</player>

	<enemy>
		<race value='Terran'/>
		<unitScore value='8175'/>
		<killScore value='10550'/>
		<buildingScore value='2850'/>
		<razingScore value='5400'/>
		<mineralScore value='9386'/>
		<gasScore value='3432'/>
		<totalScore value='39793'/>
	</enemy>

	<scoreRatio value='0.436785'/>
	<timeFitness value='0.173194'/>
	<unitsAverage value='28'/>
</results>
