<results>
	<result value='win'/>
	<start value='2015-07-13.22:31:51'/>
	<end value='2015-07-13.22:32:34'/>
	<frames value='26476'/>
	<gameDuration value='1654'/>

	<player>
		<unitScore value='14650'/>
		<killScore value='14100'/>
		<buildingScore value='4625'/>
		<razingScore value='7125'/>
		<mineralScore value='19682'/>
		<gasScore value='2688'/>
		<totalScore value='62870'/>
	</player>

	<enemy>
		<race value='Protoss'/>
		<unitScore value='7050'/>
		<killScore value='10900'/>
		<buildingScore value='2375'/>
		<razingScore value='0'/>
		<mineralScore value='9506'/>
		<gasScore value='2168'/>
		<totalScore value='31999'/>
	</enemy>

	<scoreRatio value='1.96475'/>
	<timeFitness value='0.770278'/>
	<unitsAverage value='77'/>
</results>
