<results>
	<result value='loss'/>
	<start value='2015-07-13.22:36:24'/>
	<end value='2015-07-13.22:36:33'/>
	<frames value='15068'/>
	<gameDuration value='941'/>

	<player>
		<unitScore value='3175'/>
		<killScore value='600'/>
		<buildingScore value='1700'/>
		<razingScore value='0'/>
		<mineralScore value='4762'/>
		<gasScore value='616'/>
		<totalScore value='10853'/>
	</player>

	<enemy>
		<race value='Protoss'/>
		<unitScore value='3550'/>
		<killScore value='5850'/>
		<buildingScore value='2925'/>
		<razingScore value='5100'/>
		<mineralScore value='7850'/>
		<gasScore value='1408'/>
		<totalScore value='26683'/>
	</enemy>

	<scoreRatio value='0.406738'/>
	<timeFitness value='0.130694'/>
	<unitsAverage value='22'/>
</results>
