<results>
	<result value='loss'/>
	<start value='2015-07-13.22:37:17'/>
	<end value='2015-07-13.22:37:29'/>
	<frames value='19160'/>
	<gameDuration value='1197'/>

	<player>
		<unitScore value='3650'/>
		<killScore value='600'/>
		<buildingScore value='2050'/>
		<razingScore value='0'/>
		<mineralScore value='6154'/>
		<gasScore value='832'/>
		<totalScore value='13286'/>
	</player>

	<enemy>
		<race value='Protoss'/>
		<unitScore value='3900'/>
		<killScore value='7300'/>
		<buildingScore value='5075'/>
		<razingScore value='6150'/>
		<mineralScore value='10802'/>
		<gasScore value='2008'/>
		<totalScore value='35235'/>
	</enemy>

	<scoreRatio value='0.377068'/>
	<timeFitness value='0.16625'/>
	<unitsAverage value='23'/>
</results>
