<results>
	<result value='loss'/>
	<start value='2015-07-13.22:37:39'/>
	<end value='2015-07-13.22:37:53'/>
	<frames value='20803'/>
	<gameDuration value='1300'/>

	<player>
		<unitScore value='5200'/>
		<killScore value='1600'/>
		<buildingScore value='1950'/>
		<razingScore value='0'/>
		<mineralScore value='6634'/>
		<gasScore value='792'/>
		<totalScore value='16176'/>
	</player>

	<enemy>
		<race value='Protoss'/>
		<unitScore value='4850'/>
		<killScore value='10600'/>
		<buildingScore value='5375'/>
		<razingScore value='5850'/>
		<mineralScore value='12010'/>
		<gasScore value='2496'/>
		<totalScore value='41181'/>
	</enemy>

	<scoreRatio value='0.392803'/>
	<timeFitness value='0.180556'/>
	<unitsAverage value='23'/>
</results>
