<results>
	<result value='loss'/>
	<start value='2014-07-10.14:08:56'/>
	<end value='2014-07-10.14:09:11'/>
	<frames value='29979'/>
	<gameDuration value='1873'/>

	<player>
		<unitScore value='5375'/>
		<killScore value='3800'/>
		<buildingScore value='2250'/>
		<razingScore value='0'/>
		<mineralScore value='8218'/>
		<gasScore value='1016'/>
		<totalScore value='20659'/>
	</player>

	<enemy>
		<race value='Protoss'/>
		<unitScore value='14925'/>
		<unitScore value='14925'/>
		<killScore value='10750'/>
		<buildingScore value='6225'/>
		<razingScore value='6750'/>
		<mineralScore value='20234'/>
		<gasScore value='6544'/>
		<totalScore value='65428'/>
	</enemy>

	<scoreRatio value='0.315752'/>
</results>
