<results>
	<result value='loss'/>
	<start value='2015-07-11.22:42:03'/>
	<end value='2015-07-11.22:42:19'/>
	<frames value='21764'/>
	<gameDuration value='1360'/>

	<player>
		<unitScore value='8575'/>
		<killScore value='2850'/>
		<buildingScore value='2300'/>
		<razingScore value='0'/>
		<mineralScore value='9722'/>
		<gasScore value='1256'/>
		<totalScore value='24703'/>
	</player>

	<enemy>
		<race value='Terran'/>
		<unitScore value='8775'/>
		<killScore value='15200'/>
		<buildingScore value='3275'/>
		<razingScore value='6900'/>
		<mineralScore value='10394'/>
		<gasScore value='4400'/>
		<totalScore value='48944'/>
	</enemy>

	<scoreRatio value='0.50472'/>
	<timeFitness value='0.188889'/>
	<unitsAverage value='37'/>
</results>
