<results>
	<result value='loss'/>
	<start value='2015-07-11.22:43:08'/>
	<end value='2015-07-11.22:43:17'/>
	<frames value='16866'/>
	<gameDuration value='1054'/>

	<player>
		<unitScore value='4150'/>
		<killScore value='500'/>
		<buildingScore value='1700'/>
		<razingScore value='0'/>
		<mineralScore value='5258'/>
		<gasScore value='848'/>
		<totalScore value='12456'/>
	</player>

	<enemy>
		<race value='Terran'/>
		<unitScore value='6350'/>
		<killScore value='8000'/>
		<buildingScore value='2625'/>
		<razingScore value='5100'/>
		<mineralScore value='7754'/>
		<gasScore value='2464'/>
		<totalScore value='32293'/>
	</enemy>

	<scoreRatio value='0.385718'/>
	<timeFitness value='0.146389'/>
	<unitsAverage value='25'/>
</results>
