<results>
	<result value='draw'/>
	<start value='2015-07-11.22:49:24'/>
	<end value='2015-07-11.22:50:27'/>
	<frames value='57601'/>
	<gameDuration value='3600'/>

	<player>
		<unitScore value='38725'/>
		<killScore value='18150'/>
		<buildingScore value='4450'/>
		<razingScore value='1050'/>
		<mineralScore value='33654'/>
		<gasScore value='6938'/>
		<totalScore value='102967'/>
	</player>

	<enemy>
		<race value='Terran'/>
		<unitScore value='24275'/>
		<killScore value='72650'/>
		<buildingScore value='4125'/>
		<razingScore value='9825'/>
		<mineralScore value='19550'/>
		<gasScore value='12106'/>
		<totalScore value='142531'/>
	</enemy>

	<scoreRatio value='0.722418'/>
	<timeFitness value='0.5'/>
	<unitsAverage value='81'/>
</results>
