<results>
	<result value='draw'/>
	<start value='2015-05-10.19:47:20'/>
	<end value='2015-05-10.19:48:23'/>
	<frames value='57601'/>
	<gameDuration value='3600'/>

	<player>
		<unitScore value='27300'/>
		<killScore value='48800'/>
		<buildingScore value='3750'/>
		<razingScore value='900'/>
		<mineralScore value='32126'/>
		<gasScore value='6992'/>
		<totalScore value='119868'/>
	</player>

	<enemy>
		<race value='Zerg'/>
		<unitScore value='32675'/>
		<unitScore value='32675'/>
		<killScore value='42250'/>
		<buildingScore value='4435'/>
		<razingScore value='3450'/>
		<mineralScore value='30822'/>
		<gasScore value='11908'/>
		<totalScore value='125540'/>
	</enemy>

	<scoreRatio value='0.954819'/>
	<timeFitness value='0.5'/>
	<unitsAverage value='102'/>
</results>
