<results>
	<result value='win'/>
	<start value='2015-04-11.23:44:55'/>
	<end value='2015-04-11.23:45:22'/>
	<frames value='21795'/>
	<gameDuration value='1362'/>

	<player>
		<unitScore value='9700'/>
		<killScore value='11100'/>
		<buildingScore value='3300'/>
		<razingScore value='10275'/>
		<mineralScore value='13786'/>
		<gasScore value='2224'/>
		<totalScore value='50385'/>
	</player>

	<enemy>
		<race value='Protoss'/>
		<unitScore value='5550'/>
		<unitScore value='5550'/>
		<killScore value='6300'/>
		<buildingScore value='3425'/>
		<razingScore value='1500'/>
		<mineralScore value='10058'/>
		<gasScore value='2240'/>
		<totalScore value='29073'/>
	</enemy>

	<scoreRatio value='1.73305'/>
</results>
