<results>
	<result value='draw'/>
	<start value='2015-04-29.14:16:01'/>
	<end value='2015-04-29.14:17:51'/>
	<frames value='57601'/>
	<gameDuration value='3600'/>

	<player>
		<unitScore value='27575'/>
		<killScore value='44200'/>
		<buildingScore value='3500'/>
		<razingScore value='21300'/>
		<mineralScore value='29390'/>
		<gasScore value='4800'/>
		<totalScore value='130765'/>
	</player>

	<enemy>
		<race value='Protoss'/>
		<unitScore value='25050'/>
		<unitScore value='25050'/>
		<killScore value='40550'/>
		<buildingScore value='9150'/>
		<razingScore value='2025'/>
		<mineralScore value='28070'/>
		<gasScore value='11112'/>
		<totalScore value='115957'/>
	</enemy>

	<scoreRatio value='1.1277'/>
	<timeFitness value='0.5'/>
	<unitsAverage value='105'/>
</results>
