<results>
	<result value='win'/>
	<start value='2015-04-29.14:27:30'/>
	<end value='2015-04-29.14:29:04'/>
	<frames value='40364'/>
	<gameDuration value='2522'/>

	<player>
		<unitScore value='24450'/>
		<killScore value='37300'/>
		<buildingScore value='4300'/>
		<razingScore value='19875'/>
		<mineralScore value='32862'/>
		<gasScore value='4192'/>
		<totalScore value='122979'/>
	</player>

	<enemy>
		<race value='Protoss'/>
		<unitScore value='20275'/>
		<unitScore value='20275'/>
		<killScore value='25200'/>
		<buildingScore value='6625'/>
		<razingScore value='150'/>
		<mineralScore value='19498'/>
		<gasScore value='5906'/>
		<totalScore value='77654'/>
	</enemy>

	<scoreRatio value='1.58368'/>
	<timeFitness value='0.649722'/>
	<unitsAverage value='123'/>
</results>
