<results>
	<result value='loss'/>
	<start value='2015-07-10.06:18:32'/>
	<end value='2015-07-10.06:19:06'/>
	<frames value='24895'/>
	<gameDuration value='1555'/>

	<player>
		<unitScore value='10400'/>
		<killScore value='4450'/>
		<buildingScore value='3050'/>
		<razingScore value='0'/>
		<mineralScore value='11650'/>
		<gasScore value='1672'/>
		<totalScore value='31222'/>
	</player>

	<enemy>
		<race value='Terran'/>
		<unitScore value='8500'/>
		<killScore value='18400'/>
		<buildingScore value='2850'/>
		<razingScore value='9150'/>
		<mineralScore value='12166'/>
		<gasScore value='4416'/>
		<totalScore value='55482'/>
	</enemy>

	<scoreRatio value='0.562741'/>
	<timeFitness value='0.215972'/>
	<unitsAverage value='39'/>
</results>
