<results>
	<result value='loss'/>
	<start value='2015-07-10.06:22:08'/>
	<end value='2015-07-10.06:22:56'/>
	<frames value='33358'/>
	<gameDuration value='2084'/>

	<player>
		<unitScore value='13850'/>
		<killScore value='9000'/>
		<buildingScore value='3125'/>
		<razingScore value='150'/>
		<mineralScore value='13658'/>
		<gasScore value='3016'/>
		<totalScore value='42799'/>
	</player>

	<enemy>
		<race value='Terran'/>
		<unitScore value='13900'/>
		<killScore value='22700'/>
		<buildingScore value='3775'/>
		<razingScore value='9375'/>
		<mineralScore value='14370'/>
		<gasScore value='5736'/>
		<totalScore value='69856'/>
	</enemy>

	<scoreRatio value='0.612675'/>
	<timeFitness value='0.289444'/>
	<unitsAverage value='58'/>
</results>
