<results>
	<result value='loss'/>
	<start value='2015-07-20.17:50:41'/>
	<end value='2015-07-20.17:50:56'/>
	<frames value='19346'/>
	<gameDuration value='1209'/>

	<player>
		<unitScore value='6150'/>
		<killScore value='2700'/>
		<buildingScore value='1325'/>
		<razingScore value='0'/>
		<mineralScore value='5586'/>
		<gasScore value='1088'/>
		<totalScore value='16849'/>
	</player>

	<enemy>
		<race value='Zerg'/>
		<unitScore value='7400'/>
		<killScore value='11950'/>
		<buildingScore value='2155'/>
		<razingScore value='3975'/>
		<mineralScore value='9138'/>
		<gasScore value='2768'/>
		<totalScore value='37386'/>
	</enemy>

	<scoreRatio value='0.450677'/>
	<timeFitness value='0.167917'/>
	<unitsAverage value='25'/>
</results>
