<results>
	<result value='win'/>
	<start value='2015-04-27.15:32:46'/>
	<end value='2015-04-27.15:32:55'/>
	<frames value='17393'/>
	<gameDuration value='1087'/>

	<player>
		<unitScore value='5525'/>
		<killScore value='10900'/>
		<buildingScore value='2125'/>
		<razingScore value='4500'/>
		<mineralScore value='8202'/>
		<gasScore value='1576'/>
		<totalScore value='32828'/>
	</player>

	<enemy>
		<race value='Terran'/>
		<unitScore value='5450'/>
		<unitScore value='5450'/>
		<killScore value='3200'/>
		<buildingScore value='1500'/>
		<razingScore value='1575'/>
		<mineralScore value='7450'/>
		<gasScore value='1928'/>
		<totalScore value='21103'/>
	</enemy>

	<scoreRatio value='1.55561'/>
</results>
