<results>
	<result value='win'/>
	<start value='2015-05-10.13:07:51'/>
	<end value='2015-05-10.13:09:24'/>
	<frames value='49695'/>
	<gameDuration value='3105'/>

	<player>
		<unitScore value='27725'/>
		<killScore value='40760'/>
		<buildingScore value='4950'/>
		<razingScore value='11445'/>
		<mineralScore value='38406'/>
		<gasScore value='5772'/>
		<totalScore value='129058'/>
	</player>

	<enemy>
		<race value='Zerg'/>
		<unitScore value='20250'/>
		<unitScore value='20250'/>
		<killScore value='31600'/>
		<buildingScore value='3815'/>
		<razingScore value='450'/>
		<mineralScore value='20658'/>
		<gasScore value='6862'/>
		<totalScore value='83635'/>
	</enemy>

	<scoreRatio value='1.54311'/>
	<timeFitness value='0.56875'/>
	<unitsAverage value='159'/>
</results>
