<results>
	<result value='win'/>
	<start value='2015-05-10.13:09:28'/>
	<end value='2015-05-10.13:10:38'/>
	<frames value='50625'/>
	<gameDuration value='3164'/>

	<player>
		<unitScore value='25250'/>
		<killScore value='35720'/>
		<buildingScore value='3900'/>
		<razingScore value='10635'/>
		<mineralScore value='40998'/>
		<gasScore value='5048'/>
		<totalScore value='121551'/>
	</player>

	<enemy>
		<race value='Zerg'/>
		<unitScore value='18225'/>
		<unitScore value='18225'/>
		<killScore value='29500'/>
		<buildingScore value='3545'/>
		<razingScore value='150'/>
		<mineralScore value='19542'/>
		<gasScore value='8438'/>
		<totalScore value='79400'/>
	</enemy>

	<scoreRatio value='1.53087'/>
	<timeFitness value='0.560556'/>
	<unitsAverage value='126'/>
</results>
