<results>
	<result value='loss'/>
	<start value='2015-07-17.21:53:43'/>
	<end value='2015-07-17.21:54:20'/>
	<frames value='30816'/>
	<gameDuration value='1926'/>

	<player>
		<unitScore value='14050'/>
		<killScore value='5500'/>
		<buildingScore value='3550'/>
		<razingScore value='300'/>
		<mineralScore value='14482'/>
		<gasScore value='3096'/>
		<totalScore value='40978'/>
	</player>

	<enemy>
		<race value='Protoss'/>
		<unitScore value='16050'/>
		<killScore value='21600'/>
		<buildingScore value='6900'/>
		<razingScore value='10650'/>
		<mineralScore value='23530'/>
		<gasScore value='7240'/>
		<totalScore value='85970'/>
	</enemy>

	<scoreRatio value='0.476655'/>
	<timeFitness value='0.2675'/>
	<unitsAverage value='71'/>
</results>
