<results>
	<result value='loss'/>
	<start value='2015-07-17.21:58:42'/>
	<end value='2015-07-17.21:59:03'/>
	<frames value='25825'/>
	<gameDuration value='1614'/>

	<player>
		<unitScore value='3775'/>
		<killScore value='2400'/>
		<buildingScore value='1875'/>
		<razingScore value='0'/>
		<mineralScore value='5482'/>
		<gasScore value='880'/>
		<totalScore value='14412'/>
	</player>

	<enemy>
		<race value='Protoss'/>
		<unitScore value='9850'/>
		<killScore value='7100'/>
		<buildingScore value='6575'/>
		<razingScore value='5625'/>
		<mineralScore value='15610'/>
		<gasScore value='5464'/>
		<totalScore value='50224'/>
	</enemy>

	<scoreRatio value='0.286954'/>
	<timeFitness value='0.224167'/>
	<unitsAverage value='23'/>
</results>
