<results>
	<result value='loss'/>
	<start value='2015-07-20.02:27:28'/>
	<end value='2015-07-20.02:28:16'/>
	<frames value='33637'/>
	<gameDuration value='2102'/>

	<player>
		<unitScore value='22475'/>
		<killScore value='23350'/>
		<buildingScore value='2725'/>
		<razingScore value='0'/>
		<mineralScore value='29006'/>
		<gasScore value='3912'/>
		<totalScore value='81468'/>
	</player>

	<enemy>
		<race value='Zerg'/>
		<unitScore value='22050'/>
		<killScore value='42000'/>
		<buildingScore value='3345'/>
		<razingScore value='8175'/>
		<mineralScore value='20138'/>
		<gasScore value='6024'/>
		<totalScore value='101732'/>
	</enemy>

	<scoreRatio value='0.80081'/>
	<timeFitness value='0.291944'/>
	<unitsAverage value='85'/>
</results>
