<results>
	<result value='loss'/>
	<start value='2015-04-30.01:43:05'/>
	<end value='2015-04-30.01:43:19'/>
	<frames value='19253'/>
	<gameDuration value='1203'/>

	<player>
		<unitScore value='3975'/>
		<killScore value='4850'/>
		<buildingScore value='1725'/>
		<razingScore value='0'/>
		<mineralScore value='5602'/>
		<gasScore value='1160'/>
		<totalScore value='17312'/>
	</player>

	<enemy>
		<race value='Zerg'/>
		<unitScore value='7675'/>
		<unitScore value='7675'/>
		<killScore value='7950'/>
		<buildingScore value='1815'/>
		<razingScore value='5175'/>
		<mineralScore value='8898'/>
		<gasScore value='2600'/>
		<totalScore value='34113'/>
	</enemy>

	<scoreRatio value='0.50749'/>
</results>
