<results>
	<result value='loss'/>
	<start value='2015-04-30.06:58:09'/>
	<end value='2015-04-30.06:58:20'/>
	<frames value='16091'/>
	<gameDuration value='1005'/>

	<player>
		<unitScore value='3175'/>
		<killScore value='900'/>
		<buildingScore value='1800'/>
		<razingScore value='0'/>
		<mineralScore value='4954'/>
		<gasScore value='840'/>
		<totalScore value='11669'/>
	</player>

	<enemy>
		<race value='Protoss'/>
		<unitScore value='3600'/>
		<unitScore value='3600'/>
		<killScore value='6350'/>
		<buildingScore value='3375'/>
		<razingScore value='5400'/>
		<mineralScore value='8250'/>
		<gasScore value='1768'/>
		<totalScore value='28743'/>
	</enemy>

	<scoreRatio value='0.405977'/>
</results>
