<results>
	<result value='loss'/>
	<start value='2015-04-11.21:10:54'/>
	<end value='2015-04-11.21:11:15'/>
	<frames value='22136'/>
	<gameDuration value='1383'/>

	<player>
		<unitScore value='5325'/>
		<killScore value='2050'/>
		<buildingScore value='2175'/>
		<razingScore value='0'/>
		<mineralScore value='7778'/>
		<gasScore value='936'/>
		<totalScore value='18264'/>
	</player>

	<enemy>
		<race value='Protoss'/>
		<unitScore value='6925'/>
		<unitScore value='6925'/>
		<killScore value='10650'/>
		<buildingScore value='5150'/>
		<razingScore value='6525'/>
		<mineralScore value='12038'/>
		<gasScore value='3600'/>
		<totalScore value='44888'/>
	</enemy>

	<scoreRatio value='0.406879'/>
</results>
