<results>
	<result value='win'/>
	<start value='2015-04-09.11:50:28'/>
	<end value='2015-04-09.11:51:03'/>
	<frames value='33792'/>
	<gameDuration value='2112'/>

	<player>
		<unitScore value='21775'/>
		<killScore value='21250'/>
		<buildingScore value='4375'/>
		<razingScore value='19725'/>
		<mineralScore value='26970'/>
		<gasScore value='4096'/>
		<totalScore value='98191'/>
	</player>

	<enemy>
		<race value='Protoss'/>
		<unitScore value='11075'/>
		<unitScore value='11075'/>
		<killScore value='20100'/>
		<buildingScore value='6575'/>
		<razingScore value='450'/>
		<mineralScore value='15738'/>
		<gasScore value='5272'/>
		<totalScore value='59210'/>
	</enemy>

	<scoreRatio value='1.65835'/>
</results>
