<results>
	<result value='win'/>
	<start value='2015-04-09.11:52:56'/>
	<end value='2015-04-09.11:53:37'/>
	<frames value='33358'/>
	<gameDuration value='2084'/>

	<player>
		<unitScore value='21750'/>
		<killScore value='33350'/>
		<buildingScore value='5075'/>
		<razingScore value='16950'/>
		<mineralScore value='32198'/>
		<gasScore value='2488'/>
		<totalScore value='111811'/>
	</player>

	<enemy>
		<race value='Protoss'/>
		<unitScore value='17850'/>
		<unitScore value='17850'/>
		<killScore value='19600'/>
		<buildingScore value='5650'/>
		<razingScore value='0'/>
		<mineralScore value='21202'/>
		<gasScore value='4352'/>
		<totalScore value='68654'/>
	</enemy>

	<scoreRatio value='1.62862'/>
</results>
