<results>
	<result value='loss'/>
	<start value='2015-05-08.04:17:54'/>
	<end value='2015-05-08.04:18:45'/>
	<frames value='47246'/>
	<gameDuration value='2952'/>

	<player>
		<unitScore value='22775'/>
		<killScore value='37650'/>
		<buildingScore value='2025'/>
		<razingScore value='600'/>
		<mineralScore value='23994'/>
		<gasScore value='3128'/>
		<totalScore value='90172'/>
	</player>

	<enemy>
		<race value='Protoss'/>
		<unitScore value='38100'/>
		<unitScore value='38100'/>
		<killScore value='45300'/>
		<buildingScore value='7675'/>
		<razingScore value='6075'/>
		<mineralScore value='33574'/>
		<gasScore value='13052'/>
		<totalScore value='143776'/>
	</enemy>

	<scoreRatio value='0.62717'/>
	<timeFitness value='0.41'/>
	<unitsAverage value='72'/>
</results>
