<results>
	<result value='loss'/>
	<start value='2015-05-08.04:35:59'/>
	<end value='2015-05-08.04:36:08'/>
	<frames value='14510'/>
	<gameDuration value='906'/>

	<player>
		<unitScore value='3550'/>
		<killScore value='1000'/>
		<buildingScore value='1075'/>
		<razingScore value='0'/>
		<mineralScore value='4482'/>
		<gasScore value='536'/>
		<totalScore value='10643'/>
	</player>

	<enemy>
		<race value='Protoss'/>
		<unitScore value='3550'/>
		<unitScore value='3550'/>
		<killScore value='7100'/>
		<buildingScore value='2375'/>
		<razingScore value='3225'/>
		<mineralScore value='7258'/>
		<gasScore value='1216'/>
		<totalScore value='24724'/>
	</enemy>

	<scoreRatio value='0.430472'/>
	<timeFitness value='0.125833'/>
	<unitsAverage value='24'/>
</results>
