<results>
	<result value='loss'/>
	<start value='2015-05-08.04:39:43'/>
	<end value='2015-05-08.04:40:28'/>
	<frames value='47866'/>
	<gameDuration value='2991'/>

	<player>
		<unitScore value='21200'/>
		<killScore value='34900'/>
		<buildingScore value='2475'/>
		<razingScore value='2100'/>
		<mineralScore value='21722'/>
		<gasScore value='4032'/>
		<totalScore value='86429'/>
	</player>

	<enemy>
		<race value='Protoss'/>
		<unitScore value='38800'/>
		<unitScore value='38800'/>
		<killScore value='42400'/>
		<buildingScore value='8225'/>
		<razingScore value='7425'/>
		<mineralScore value='34878'/>
		<gasScore value='12944'/>
		<totalScore value='144672'/>
	</enemy>

	<scoreRatio value='0.597413'/>
	<timeFitness value='0.415417'/>
	<unitsAverage value='61'/>
</results>
