<results>
	<result value='win'/>
	<start value='2015-05-08.04:40:44'/>
	<end value='2015-05-08.04:41:46'/>
	<frames value='42503'/>
	<gameDuration value='2656'/>

	<player>
		<unitScore value='28200'/>
		<killScore value='47700'/>
		<buildingScore value='4200'/>
		<razingScore value='20025'/>
		<mineralScore value='32706'/>
		<gasScore value='3256'/>
		<totalScore value='136087'/>
	</player>

	<enemy>
		<race value='Protoss'/>
		<unitScore value='24425'/>
		<unitScore value='24425'/>
		<killScore value='34500'/>
		<buildingScore value='6675'/>
		<razingScore value='300'/>
		<mineralScore value='24258'/>
		<gasScore value='5836'/>
		<totalScore value='95994'/>
	</enemy>

	<scoreRatio value='1.41766'/>
	<timeFitness value='0.631111'/>
	<unitsAverage value='105'/>
</results>
