<results>
	<result value='win'/>
	<start value='2015-05-16.22:50:23'/>
	<end value='2015-05-16.22:51:14'/>
	<frames value='35466'/>
	<gameDuration value='2216'/>

	<player>
		<unitScore value='27100'/>
		<killScore value='41795'/>
		<buildingScore value='3925'/>
		<razingScore value='6795'/>
		<mineralScore value='30446'/>
		<gasScore value='3160'/>
		<totalScore value='113221'/>
	</player>

	<enemy>
		<race value='Zerg'/>
		<unitScore value='20550'/>
		<unitScore value='20550'/>
		<killScore value='32250'/>
		<buildingScore value='2265'/>
		<razingScore value='0'/>
		<mineralScore value='17278'/>
		<gasScore value='5848'/>
		<totalScore value='78191'/>
	</enemy>

	<scoreRatio value='1.44801'/>
	<timeFitness value='0.692222'/>
	<unitsAverage value='121'/>
</results>
