<results>
	<result value='win'/>
	<start value='2015-05-10.18:27:44'/>
	<end value='2015-05-10.18:28:35'/>
	<frames value='33885'/>
	<gameDuration value='2117'/>

	<player>
		<unitScore value='16200'/>
		<killScore value='27590'/>
		<buildingScore value='4125'/>
		<razingScore value='7725'/>
		<mineralScore value='21994'/>
		<gasScore value='2280'/>
		<totalScore value='79914'/>
	</player>

	<enemy>
		<race value='Zerg'/>
		<unitScore value='13050'/>
		<unitScore value='13050'/>
		<killScore value='17900'/>
		<buildingScore value='2575'/>
		<razingScore value='4350'/>
		<mineralScore value='13194'/>
		<gasScore value='4672'/>
		<totalScore value='55741'/>
	</enemy>

	<scoreRatio value='1.43367'/>
	<timeFitness value='0.705972'/>
	<unitsAverage value='77'/>
</results>
