<results>
	<result value='win'/>
	<start value='2015-05-10.18:37:49'/>
	<end value='2015-05-10.18:38:33'/>
	<frames value='26197'/>
	<gameDuration value='1637'/>

	<player>
		<unitScore value='16675'/>
		<killScore value='23050'/>
		<buildingScore value='4075'/>
		<razingScore value='6180'/>
		<mineralScore value='21694'/>
		<gasScore value='1952'/>
		<totalScore value='73626'/>
	</player>

	<enemy>
		<race value='Zerg'/>
		<unitScore value='10925'/>
		<unitScore value='10925'/>
		<killScore value='14300'/>
		<buildingScore value='2060'/>
		<razingScore value='0'/>
		<mineralScore value='9746'/>
		<gasScore value='3016'/>
		<totalScore value='40047'/>
	</enemy>

	<scoreRatio value='1.83849'/>
	<timeFitness value='0.772639'/>
	<unitsAverage value='87'/>
</results>
