<results>
	<result value='win'/>
	<start value='2015-05-03.18:07:56'/>
	<end value='2015-05-03.18:08:26'/>
	<frames value='24089'/>
	<gameDuration value='1505'/>

	<player>
		<unitScore value='12625'/>
		<killScore value='22770'/>
		<buildingScore value='3100'/>
		<razingScore value='5460'/>
		<mineralScore value='19670'/>
		<gasScore value='2376'/>
		<totalScore value='66001'/>
	</player>

	<enemy>
		<race value='Zerg'/>
		<unitScore value='10400'/>
		<unitScore value='10400'/>
		<killScore value='9900'/>
		<buildingScore value='1820'/>
		<razingScore value='0'/>
		<mineralScore value='9474'/>
		<gasScore value='2680'/>
		<totalScore value='34274'/>
	</enemy>

	<scoreRatio value='1.92569'/>
	<timeFitness value='0.790972'/>
	<unitsAverage value='78'/>
</results>
