<results>
	<result value='win'/>
	<start value='2015-05-03.18:21:13'/>
	<end value='2015-05-03.18:22:12'/>
	<frames value='32645'/>
	<gameDuration value='2040'/>

	<player>
		<unitScore value='25475'/>
		<killScore value='44080'/>
		<buildingScore value='4900'/>
		<razingScore value='6735'/>
		<mineralScore value='31510'/>
		<gasScore value='2688'/>
		<totalScore value='115388'/>
	</player>

	<enemy>
		<race value='Zerg'/>
		<unitScore value='18525'/>
		<unitScore value='18525'/>
		<killScore value='28450'/>
		<buildingScore value='2245'/>
		<razingScore value='0'/>
		<mineralScore value='16358'/>
		<gasScore value='5128'/>
		<totalScore value='70706'/>
	</enemy>

	<scoreRatio value='1.63194'/>
	<timeFitness value='0.716667'/>
	<unitsAverage value='115'/>
</results>
