<results>
	<result value='loss'/>
	<start value='2015-07-17.23:41:43'/>
	<end value='2015-07-17.23:41:56'/>
	<frames value='15750'/>
	<gameDuration value='984'/>

	<player>
		<unitScore value='3000'/>
		<killScore value='0'/>
		<buildingScore value='1950'/>
		<razingScore value='0'/>
		<mineralScore value='5042'/>
		<gasScore value='392'/>
		<totalScore value='10384'/>
	</player>

	<enemy>
		<race value='Protoss'/>
		<unitScore value='3550'/>
		<killScore value='5750'/>
		<buildingScore value='3525'/>
		<razingScore value='5850'/>
		<mineralScore value='8266'/>
		<gasScore value='1616'/>
		<totalScore value='28557'/>
	</enemy>

	<scoreRatio value='0.363624'/>
	<timeFitness value='0.136667'/>
	<unitsAverage value='20'/>
</results>
