<results>
	<result value='draw'/>
	<start value='2015-04-11.03:50:50'/>
	<end value='2015-04-11.03:53:03'/>
	<frames value='57601'/>
	<gameDuration value='3600'/>

	<player>
		<unitScore value='26850'/>
		<killScore value='45450'/>
		<buildingScore value='2575'/>
		<razingScore value='10950'/>
		<mineralScore value='26010'/>
		<gasScore value='5176'/>
		<totalScore value='117011'/>
	</player>

	<enemy>
		<race value='Protoss'/>
		<unitScore value='28500'/>
		<unitScore value='28500'/>
		<killScore value='36250'/>
		<buildingScore value='7675'/>
		<razingScore value='0'/>
		<mineralScore value='25158'/>
		<gasScore value='10776'/>
		<totalScore value='108359'/>
	</enemy>

	<scoreRatio value='1.07985'/>
</results>
