<results>
	<result value='win'/>
	<start value='2015-04-11.03:56:27'/>
	<end value='2015-04-11.03:57:16'/>
	<frames value='29607'/>
	<gameDuration value='1850'/>

	<player>
		<unitScore value='16275'/>
		<killScore value='21150'/>
		<buildingScore value='3400'/>
		<razingScore value='13125'/>
		<mineralScore value='22610'/>
		<gasScore value='2064'/>
		<totalScore value='78624'/>
	</player>

	<enemy>
		<race value='Protoss'/>
		<unitScore value='12675'/>
		<unitScore value='12675'/>
		<killScore value='12050'/>
		<buildingScore value='4375'/>
		<razingScore value='150'/>
		<mineralScore value='11438'/>
		<gasScore value='3200'/>
		<totalScore value='43888'/>
	</enemy>

	<scoreRatio value='1.79147'/>
</results>
