<results>
	<result value='loss'/>
	<start value='2015-07-13.04:13:53'/>
	<end value='2015-07-13.04:14:29'/>
	<frames value='38225'/>
	<gameDuration value='2389'/>

	<player>
		<unitScore value='20225'/>
		<killScore value='12500'/>
		<buildingScore value='2175'/>
		<razingScore value='1050'/>
		<mineralScore value='23470'/>
		<gasScore value='3928'/>
		<totalScore value='63348'/>
	</player>

	<enemy>
		<race value='Protoss'/>
		<unitScore value='23250'/>
		<killScore value='38350'/>
		<buildingScore value='8025'/>
		<razingScore value='6525'/>
		<mineralScore value='26502'/>
		<gasScore value='9664'/>
		<totalScore value='112316'/>
	</enemy>

	<scoreRatio value='0.564016'/>
	<timeFitness value='0.331806'/>
	<unitsAverage value='64'/>
</results>
