<results>
	<result value='loss'/>
	<start value='2015-05-09.23:58:51'/>
	<end value='2015-05-09.23:59:34'/>
	<frames value='47897'/>
	<gameDuration value='2993'/>

	<player>
		<unitScore value='22125'/>
		<killScore value='26250'/>
		<buildingScore value='2775'/>
		<razingScore value='2250'/>
		<mineralScore value='21162'/>
		<gasScore value='3616'/>
		<totalScore value='78178'/>
	</player>

	<enemy>
		<race value='Protoss'/>
		<unitScore value='32050'/>
		<unitScore value='32050'/>
		<killScore value='44350'/>
		<buildingScore value='8475'/>
		<razingScore value='8325'/>
		<mineralScore value='31670'/>
		<gasScore value='11902'/>
		<totalScore value='136772'/>
	</enemy>

	<scoreRatio value='0.571594'/>
	<timeFitness value='0.415694'/>
	<unitsAverage value='78'/>
</results>
