<results>
	<result value='win'/>
	<start value='2015-05-05.19:22:52'/>
	<end value='2015-05-05.19:23:12'/>
	<frames value='21950'/>
	<gameDuration value='1371'/>

	<player>
		<unitScore value='12325'/>
		<killScore value='17980'/>
		<buildingScore value='3075'/>
		<razingScore value='4560'/>
		<mineralScore value='16962'/>
		<gasScore value='944'/>
		<totalScore value='55846'/>
	</player>

	<enemy>
		<race value='Zerg'/>
		<unitScore value='8225'/>
		<unitScore value='8225'/>
		<killScore value='11050'/>
		<buildingScore value='1520'/>
		<razingScore value='0'/>
		<mineralScore value='8274'/>
		<gasScore value='2528'/>
		<totalScore value='31597'/>
	</enemy>

	<scoreRatio value='1.76745'/>
	<timeFitness value='0.809583'/>
	<unitsAverage value='65'/>
</results>
