<results>
	<result value='win'/>
	<start value='2015-05-05.19:45:24'/>
	<end value='2015-05-05.19:46:00'/>
	<frames value='27096'/>
	<gameDuration value='1693'/>

	<player>
		<unitScore value='16600'/>
		<killScore value='21640'/>
		<buildingScore value='4925'/>
		<razingScore value='4560'/>
		<mineralScore value='24754'/>
		<gasScore value='2224'/>
		<totalScore value='74703'/>
	</player>

	<enemy>
		<race value='Zerg'/>
		<unitScore value='9475'/>
		<unitScore value='9475'/>
		<killScore value='9500'/>
		<buildingScore value='1520'/>
		<razingScore value='0'/>
		<mineralScore value='8362'/>
		<gasScore value='2312'/>
		<totalScore value='31169'/>
	</enemy>

	<scoreRatio value='2.39671'/>
	<timeFitness value='0.764861'/>
	<unitsAverage value='101'/>
</results>
