<results>
	<result value='win'/>
	<start value='2014-07-23.03:41:27'/>
	<end value='2014-07-23.03:42:17'/>
	<frames value='45045'/>
	<gameDuration value='2815'/>

	<player>
		<unitScore value='29000'/>
		<killScore value='49955'/>
		<buildingScore value='3825'/>
		<razingScore value='11010'/>
		<mineralScore value='32494'/>
		<gasScore value='5716'/>
		<totalScore value='132000'/>
	</player>

	<enemy>
		<race value='Zerg'/>
		<unitScore value='24500'/>
		<unitScore value='24500'/>
		<killScore value='37950'/>
		<buildingScore value='3670'/>
		<razingScore value='2250'/>
		<mineralScore value='23050'/>
		<gasScore value='7738'/>
		<totalScore value='99158'/>
	</enemy>

	<scoreRatio value='1.33121'/>
</results>
