<results>
	<result value='loss'/>
	<start value='2015-07-19.00:15:19'/>
	<end value='2015-07-19.00:16:06'/>
	<frames value='41666'/>
	<gameDuration value='2604'/>

	<player>
		<unitScore value='23700'/>
		<killScore value='15550'/>
		<buildingScore value='3350'/>
		<razingScore value='0'/>
		<mineralScore value='26442'/>
		<gasScore value='4240'/>
		<totalScore value='73282'/>
	</player>

	<enemy>
		<race value='Protoss'/>
		<unitScore value='24700'/>
		<killScore value='47250'/>
		<buildingScore value='6925'/>
		<razingScore value='10050'/>
		<mineralScore value='24202'/>
		<gasScore value='10164'/>
		<totalScore value='123291'/>
	</enemy>

	<scoreRatio value='0.594382'/>
	<timeFitness value='0.361667'/>
	<unitsAverage value='59'/>
</results>
