<results>
	<result value='win'/>
	<start value='2015-05-10.17:58:59'/>
	<end value='2015-05-10.17:59:39'/>
	<frames value='29080'/>
	<gameDuration value='1817'/>

	<player>
		<unitScore value='13400'/>
		<killScore value='28140'/>
		<buildingScore value='3200'/>
		<razingScore value='6420'/>
		<mineralScore value='16346'/>
		<gasScore value='2384'/>
		<totalScore value='69890'/>
	</player>

	<enemy>
		<race value='Zerg'/>
		<unitScore value='12475'/>
		<unitScore value='12475'/>
		<killScore value='14000'/>
		<buildingScore value='2140'/>
		<razingScore value='1950'/>
		<mineralScore value='12234'/>
		<gasScore value='3200'/>
		<totalScore value='45999'/>
	</enemy>

	<scoreRatio value='1.51938'/>
	<timeFitness value='0.747639'/>
	<unitsAverage value='65'/>
</results>
