<results>
	<result value='loss'/>
	<start value='2015-05-03.17:36:49'/>
	<end value='2015-05-03.17:37:48'/>
	<frames value='52206'/>
	<gameDuration value='3262'/>

	<player>
		<unitScore value='21100'/>
		<killScore value='41120'/>
		<buildingScore value='3300'/>
		<razingScore value='4200'/>
		<mineralScore value='24502'/>
		<gasScore value='5000'/>
		<totalScore value='99222'/>
	</player>

	<enemy>
		<race value='Zerg'/>
		<unitScore value='22550'/>
		<unitScore value='22550'/>
		<killScore value='42200'/>
		<buildingScore value='5640'/>
		<razingScore value='9900'/>
		<mineralScore value='24498'/>
		<gasScore value='8520'/>
		<totalScore value='113308'/>
	</enemy>

	<scoreRatio value='0.875684'/>
	<timeFitness value='0.453056'/>
	<unitsAverage value='70'/>
</results>
