<results>
	<result value='win'/>
	<start value='2015-05-10.18:20:50'/>
	<end value='2015-05-10.18:21:30'/>
	<frames value='23779'/>
	<gameDuration value='1486'/>

	<player>
		<unitScore value='14625'/>
		<killScore value='24065'/>
		<buildingScore value='3900'/>
		<razingScore value='5520'/>
		<mineralScore value='22234'/>
		<gasScore value='2344'/>
		<totalScore value='72688'/>
	</player>

	<enemy>
		<race value='Zerg'/>
		<unitScore value='10775'/>
		<unitScore value='10775'/>
		<killScore value='12750'/>
		<buildingScore value='1840'/>
		<razingScore value='0'/>
		<mineralScore value='10178'/>
		<gasScore value='2880'/>
		<totalScore value='38423'/>
	</enemy>

	<scoreRatio value='1.89178'/>
	<timeFitness value='0.793611'/>
	<unitsAverage value='87'/>
</results>
