<results>
	<result value='win'/>
	<start value='2015-05-03.17:54:24'/>
	<end value='2015-05-03.17:55:30'/>
	<frames value='38504'/>
	<gameDuration value='2406'/>

	<player>
		<unitScore value='25350'/>
		<killScore value='63860'/>
		<buildingScore value='3925'/>
		<razingScore value='6975'/>
		<mineralScore value='34978'/>
		<gasScore value='4006'/>
		<totalScore value='139094'/>
	</player>

	<enemy>
		<race value='Zerg'/>
		<unitScore value='25975'/>
		<unitScore value='25975'/>
		<killScore value='30000'/>
		<buildingScore value='2325'/>
		<razingScore value='0'/>
		<mineralScore value='20902'/>
		<gasScore value='6348'/>
		<totalScore value='85550'/>
	</enemy>

	<scoreRatio value='1.62588'/>
	<timeFitness value='0.665833'/>
	<unitsAverage value='119'/>
</results>
