<results>
	<result value='loss'/>
	<start value='2015-03-29.03:21:34'/>
	<end value='2015-03-29.03:22:41'/>
	<frames value='48269'/>
	<gameDuration value='3016'/>

	<player>
		<unitScore value='22150'/>
		<killScore value='42450'/>
		<buildingScore value='2175'/>
		<razingScore value='600'/>
		<mineralScore value='24002'/>
		<gasScore value='5042'/>
		<totalScore value='96419'/>
	</player>

	<enemy>
		<race value='Protoss'/>
		<unitScore value='40975'/>
		<unitScore value='40975'/>
		<killScore value='44350'/>
		<buildingScore value='7225'/>
		<razingScore value='6525'/>
		<mineralScore value='33618'/>
		<gasScore value='13806'/>
		<totalScore value='146499'/>
	</enemy>

	<scoreRatio value='0.658155'/>
</results>
