<results>
	<result value='win'/>
	<start value='2015-04-26.14:00:15'/>
	<end value='2015-04-26.14:00:32'/>
	<frames value='20834'/>
	<gameDuration value='1302'/>

	<player>
		<unitScore value='10475'/>
		<killScore value='14800'/>
		<buildingScore value='2900'/>
		<razingScore value='4350'/>
		<mineralScore value='15186'/>
		<gasScore value='1648'/>
		<totalScore value='49359'/>
	</player>

	<enemy>
		<race value='Terran'/>
		<unitScore value='7400'/>
		<unitScore value='7400'/>
		<killScore value='7150'/>
		<buildingScore value='1450'/>
		<razingScore value='150'/>
		<mineralScore value='9786'/>
		<gasScore value='2528'/>
		<totalScore value='28464'/>
	</enemy>

	<scoreRatio value='1.73409'/>
</results>
