<results>
	<result value='win'/>
	<start value='2015-04-16.22:47:51'/>
	<end value='2015-04-16.22:49:06'/>
	<frames value='45107'/>
	<gameDuration value='2819'/>

	<player>
		<unitScore value='23200'/>
		<killScore value='32000'/>
		<buildingScore value='3825'/>
		<razingScore value='24975'/>
		<mineralScore value='26026'/>
		<gasScore value='2400'/>
		<totalScore value='112426'/>
	</player>

	<enemy>
		<race value='Protoss'/>
		<unitScore value='16000'/>
		<unitScore value='16000'/>
		<killScore value='24250'/>
		<buildingScore value='8325'/>
		<razingScore value='1425'/>
		<mineralScore value='24318'/>
		<gasScore value='4400'/>
		<totalScore value='78718'/>
	</enemy>

	<scoreRatio value='1.42821'/>
</results>
