<results>
	<result value='loss'/>
	<start value='2015-04-28.21:05:51'/>
	<end value='2015-04-28.21:05:56'/>
	<frames value='14200'/>
	<gameDuration value='887'/>

	<player>
		<unitScore value='2675'/>
		<killScore value='600'/>
		<buildingScore value='1525'/>
		<razingScore value='0'/>
		<mineralScore value='4026'/>
		<gasScore value='736'/>
		<totalScore value='9562'/>
	</player>

	<enemy>
		<race value='Protoss'/>
		<unitScore value='3550'/>
		<unitScore value='3550'/>
		<killScore value='5350'/>
		<buildingScore value='2375'/>
		<razingScore value='4575'/>
		<mineralScore value='7354'/>
		<gasScore value='1232'/>
		<totalScore value='24436'/>
	</enemy>

	<scoreRatio value='0.391308'/>
	<timeFitness value='0.123194'/>
	<unitsAverage value='20'/>
</results>
