<results>
	<result value='win'/>
	<start value='2015-04-28.21:07:35'/>
	<end value='2015-04-28.21:08:06'/>
	<frames value='29080'/>
	<gameDuration value='1817'/>

	<player>
		<unitScore value='22450'/>
		<killScore value='23850'/>
		<buildingScore value='3925'/>
		<razingScore value='16350'/>
		<mineralScore value='28722'/>
		<gasScore value='2824'/>
		<totalScore value='98121'/>
	</player>

	<enemy>
		<race value='Protoss'/>
		<unitScore value='12150'/>
		<unitScore value='12150'/>
		<killScore value='18450'/>
		<buildingScore value='5450'/>
		<razingScore value='0'/>
		<mineralScore value='19114'/>
		<gasScore value='3024'/>
		<totalScore value='58188'/>
	</enemy>

	<scoreRatio value='1.68628'/>
	<timeFitness value='0.747639'/>
	<unitsAverage value='116'/>
</results>
