<results>
	<result value='draw'/>
	<start value='2015-04-28.21:14:20'/>
	<end value='2015-04-28.21:15:06'/>
	<frames value='57601'/>
	<gameDuration value='3600'/>

	<player>
		<unitScore value='32300'/>
		<killScore value='46550'/>
		<buildingScore value='3125'/>
		<razingScore value='12375'/>
		<mineralScore value='32502'/>
		<gasScore value='4136'/>
		<totalScore value='130988'/>
	</player>

	<enemy>
		<race value='Protoss'/>
		<unitScore value='24475'/>
		<unitScore value='24475'/>
		<killScore value='52800'/>
		<buildingScore value='7275'/>
		<razingScore value='150'/>
		<mineralScore value='27898'/>
		<gasScore value='12388'/>
		<totalScore value='124986'/>
	</enemy>

	<scoreRatio value='1.04802'/>
	<timeFitness value='0.5'/>
	<unitsAverage value='90'/>
</results>
