<results>
	<result value='win'/>
	<start value='2015-05-01.20:52:38'/>
	<end value='2015-05-01.20:52:52'/>
	<frames value='22384'/>
	<gameDuration value='1399'/>

	<player>
		<unitScore value='13000'/>
		<killScore value='22570'/>
		<buildingScore value='2950'/>
		<razingScore value='4560'/>
		<mineralScore value='17026'/>
		<gasScore value='1728'/>
		<totalScore value='61834'/>
	</player>

	<enemy>
		<race value='Zerg'/>
		<unitScore value='10100'/>
		<unitScore value='10100'/>
		<killScore value='10600'/>
		<buildingScore value='1520'/>
		<razingScore value='0'/>
		<mineralScore value='9002'/>
		<gasScore value='2440'/>
		<totalScore value='33662'/>
	</enemy>

	<scoreRatio value='1.83691'/>
	<timeFitness value='0.805694'/>
	<unitsAverage value='73'/>
</results>
