<results>
	<result value='loss'/>
	<start value='2014-07-01.12:15:08'/>
	<end value='2014-07-01.12:15:16'/>
	<frames value='17889'/>
	<gameDuration value='1118'/>

	<player>
		<unitScore value='4875'/>
		<killScore value='2200'/>
		<buildingScore value='1550'/>
		<razingScore value='0'/>
		<mineralScore value='6314'/>
		<gasScore value='736'/>
		<totalScore value='15675'/>
	</player>

	<enemy>
		<race value='Protoss'/>
		<unitScore value='5675'/>
		<unitScore value='5675'/>
		<killScore value='9750'/>
		<buildingScore value='3025'/>
		<razingScore value='4650'/>
		<mineralScore value='8978'/>
		<gasScore value='1984'/>
		<totalScore value='34062'/>
	</enemy>

	<scoreRatio value='0.46019'/>
</results>
