<results>
	<result value='win'/>
	<start value='2015-05-04.08:51:09'/>
	<end value='2015-05-04.08:51:25'/>
	<frames value='22818'/>
	<gameDuration value='1426'/>

	<player>
		<unitScore value='8825'/>
		<killScore value='13200'/>
		<buildingScore value='2925'/>
		<razingScore value='7500'/>
		<mineralScore value='12774'/>
		<gasScore value='2592'/>
		<totalScore value='47816'/>
	</player>

	<enemy>
		<race value='Terran'/>
		<unitScore value='7600'/>
		<unitScore value='7600'/>
		<killScore value='6500'/>
		<buildingScore value='2500'/>
		<razingScore value='3150'/>
		<mineralScore value='8178'/>
		<gasScore value='2616'/>
		<totalScore value='30544'/>
	</enemy>

	<scoreRatio value='1.56548'/>
	<timeFitness value='0.801944'/>
	<unitsAverage value='54'/>
</results>
