<results>
	<result value='win'/>
	<start value='2015-05-09.08:33:06'/>
	<end value='2015-05-09.08:33:49'/>
	<frames value='33575'/>
	<gameDuration value='2098'/>

	<player>
		<unitScore value='21050'/>
		<killScore value='28350'/>
		<buildingScore value='5075'/>
		<razingScore value='8550'/>
		<mineralScore value='34694'/>
		<gasScore value='3696'/>
		<totalScore value='101415'/>
	</player>

	<enemy>
		<race value='Terran'/>
		<unitScore value='14175'/>
		<unitScore value='14175'/>
		<killScore value='17750'/>
		<buildingScore value='2850'/>
		<razingScore value='1575'/>
		<mineralScore value='12050'/>
		<gasScore value='5112'/>
		<totalScore value='53512'/>
	</enemy>

	<scoreRatio value='1.89518'/>
	<timeFitness value='0.708611'/>
	<unitsAverage value='118'/>
</results>
