<results>
	<result value='win'/>
	<start value='2015-05-09.08:33:53'/>
	<end value='2015-05-09.08:34:17'/>
	<frames value='26910'/>
	<gameDuration value='1681'/>

	<player>
		<unitScore value='12175'/>
		<killScore value='19900'/>
		<buildingScore value='4100'/>
		<razingScore value='9900'/>
		<mineralScore value='18854'/>
		<gasScore value='2304'/>
		<totalScore value='67233'/>
	</player>

	<enemy>
		<race value='Terran'/>
		<unitScore value='10250'/>
		<unitScore value='10250'/>
		<killScore value='5800'/>
		<buildingScore value='3300'/>
		<razingScore value='1500'/>
		<mineralScore value='11602'/>
		<gasScore value='5056'/>
		<totalScore value='37508'/>
	</enemy>

	<scoreRatio value='1.7925'/>
	<timeFitness value='0.766528'/>
	<unitsAverage value='79'/>
</results>
