<results>
	<result value='win'/>
	<start value='2015-05-10.08:37:14'/>
	<end value='2015-05-10.08:38:01'/>
	<frames value='31126'/>
	<gameDuration value='1945'/>

	<player>
		<unitScore value='16825'/>
		<killScore value='22450'/>
		<buildingScore value='3375'/>
		<razingScore value='16350'/>
		<mineralScore value='25706'/>
		<gasScore value='3480'/>
		<totalScore value='88186'/>
	</player>

	<enemy>
		<race value='Protoss'/>
		<unitScore value='11975'/>
		<unitScore value='11975'/>
		<killScore value='14550'/>
		<buildingScore value='5450'/>
		<razingScore value='1200'/>
		<mineralScore value='16090'/>
		<gasScore value='5824'/>
		<totalScore value='55089'/>
	</enemy>

	<scoreRatio value='1.60079'/>
	<timeFitness value='0.729861'/>
	<unitsAverage value='96'/>
</results>
