<results>
	<result value='win'/>
	<start value='2015-05-10.08:54:37'/>
	<end value='2015-05-10.08:55:34'/>
	<frames value='44704'/>
	<gameDuration value='2794'/>

	<player>
		<unitScore value='21100'/>
		<killScore value='28200'/>
		<buildingScore value='3050'/>
		<razingScore value='24975'/>
		<mineralScore value='23562'/>
		<gasScore value='4720'/>
		<totalScore value='105607'/>
	</player>

	<enemy>
		<race value='Protoss'/>
		<unitScore value='14550'/>
		<unitScore value='14550'/>
		<killScore value='27700'/>
		<buildingScore value='8325'/>
		<razingScore value='1500'/>
		<mineralScore value='27438'/>
		<gasScore value='5840'/>
		<totalScore value='85353'/>
	</enemy>

	<scoreRatio value='1.2373'/>
	<timeFitness value='0.611944'/>
	<unitsAverage value='80'/>
</results>
