<results>
	<result value='draw'/>
	<start value='2015-05-10.09:03:41'/>
	<end value='2015-05-10.09:05:56'/>
	<frames value='57601'/>
	<gameDuration value='3600'/>

	<player>
		<unitScore value='29650'/>
		<killScore value='29050'/>
		<buildingScore value='4075'/>
		<razingScore value='22500'/>
		<mineralScore value='37750'/>
		<gasScore value='4312'/>
		<totalScore value='127337'/>
	</player>

	<enemy>
		<race value='Protoss'/>
		<unitScore value='15225'/>
		<unitScore value='15225'/>
		<killScore value='35400'/>
		<buildingScore value='8150'/>
		<razingScore value='1200'/>
		<mineralScore value='18914'/>
		<gasScore value='5320'/>
		<totalScore value='84209'/>
	</enemy>

	<scoreRatio value='1.51215'/>
	<timeFitness value='0.5'/>
	<unitsAverage value='136'/>
</results>
