<results>
	<result value='draw'/>
	<start value='2015-05-10.09:26:50'/>
	<end value='2015-05-10.09:28:30'/>
	<frames value='57601'/>
	<gameDuration value='3600'/>

	<player>
		<unitScore value='27175'/>
		<killScore value='62900'/>
		<buildingScore value='4425'/>
		<razingScore value='16575'/>
		<mineralScore value='31882'/>
		<gasScore value='8868'/>
		<totalScore value='151825'/>
	</player>

	<enemy>
		<race value='Protoss'/>
		<unitScore value='34900'/>
		<unitScore value='34900'/>
		<killScore value='45750'/>
		<buildingScore value='6850'/>
		<razingScore value='2700'/>
		<mineralScore value='31082'/>
		<gasScore value='9840'/>
		<totalScore value='131122'/>
	</enemy>

	<scoreRatio value='1.15789'/>
	<timeFitness value='0.5'/>
	<unitsAverage value='113'/>
</results>
