<results>
	<result value='win'/>
	<start value='2015-05-10.09:32:08'/>
	<end value='2015-05-10.09:33:05'/>
	<frames value='30568'/>
	<gameDuration value='1910'/>

	<player>
		<unitScore value='23175'/>
		<killScore value='25450'/>
		<buildingScore value='4225'/>
		<razingScore value='13125'/>
		<mineralScore value='35058'/>
		<gasScore value='2608'/>
		<totalScore value='103641'/>
	</player>

	<enemy>
		<race value='Protoss'/>
		<unitScore value='15175'/>
		<unitScore value='15175'/>
		<killScore value='23500'/>
		<buildingScore value='4375'/>
		<razingScore value='150'/>
		<mineralScore value='12242'/>
		<gasScore value='4104'/>
		<totalScore value='59546'/>
	</enemy>

	<scoreRatio value='1.74052'/>
	<timeFitness value='0.734722'/>
	<unitsAverage value='116'/>
</results>
