<results>
	<result value='loss'/>
	<start value='2015-04-29.07:45:06'/>
	<end value='2015-04-29.07:45:55'/>
	<frames value='40395'/>
	<gameDuration value='2524'/>

	<player>
		<unitScore value='12025'/>
		<killScore value='20600'/>
		<buildingScore value='2350'/>
		<razingScore value='300'/>
		<mineralScore value='24038'/>
		<gasScore value='3032'/>
		<totalScore value='62345'/>
	</player>

	<enemy>
		<race value='Protoss'/>
		<unitScore value='29900'/>
		<unitScore value='29900'/>
		<killScore value='24050'/>
		<buildingScore value='7525'/>
		<razingScore value='7050'/>
		<mineralScore value='28194'/>
		<gasScore value='10488'/>
		<totalScore value='107207'/>
	</enemy>

	<scoreRatio value='0.581538'/>
	<timeFitness value='0.350556'/>
	<unitsAverage value='57'/>
</results>
