<results>
	<result value='win'/>
	<start value='2015-05-05.04:03:38'/>
	<end value='2015-05-05.04:04:07'/>
	<frames value='35125'/>
	<gameDuration value='2195'/>

	<player>
		<unitScore value='22925'/>
		<killScore value='24600'/>
		<buildingScore value='4225'/>
		<razingScore value='21225'/>
		<mineralScore value='29134'/>
		<gasScore value='2936'/>
		<totalScore value='105045'/>
	</player>

	<enemy>
		<race value='Protoss'/>
		<unitScore value='12700'/>
		<unitScore value='12700'/>
		<killScore value='23350'/>
		<buildingScore value='7075'/>
		<razingScore value='375'/>
		<mineralScore value='17358'/>
		<gasScore value='4048'/>
		<totalScore value='64906'/>
	</enemy>

	<scoreRatio value='1.61842'/>
	<timeFitness value='0.695139'/>
	<unitsAverage value='94'/>
</results>
