<results>
	<result value='loss'/>
	<start value='2015-05-05.04:18:18'/>
	<end value='2015-05-05.04:18:40'/>
	<frames value='46285'/>
	<gameDuration value='2892'/>

	<player>
		<unitScore value='11675'/>
		<killScore value='15500'/>
		<buildingScore value='1425'/>
		<razingScore value='4200'/>
		<mineralScore value='12234'/>
		<gasScore value='3336'/>
		<totalScore value='48370'/>
	</player>

	<enemy>
		<race value='Protoss'/>
		<unitScore value='12100'/>
		<unitScore value='12100'/>
		<killScore value='23350'/>
		<buildingScore value='7675'/>
		<razingScore value='4275'/>
		<mineralScore value='33650'/>
		<gasScore value='9972'/>
		<totalScore value='91022'/>
	</enemy>

	<scoreRatio value='0.53141'/>
	<timeFitness value='0.401667'/>
	<unitsAverage value='38'/>
</results>
