<results>
	<result value='loss'/>
	<start value='2015-07-21.06:17:24'/>
	<end value='2015-07-21.06:17:48'/>
	<frames value='22074'/>
	<gameDuration value='1379'/>

	<player>
		<unitScore value='8075'/>
		<killScore value='4750'/>
		<buildingScore value='2550'/>
		<razingScore value='0'/>
		<mineralScore value='11122'/>
		<gasScore value='1424'/>
		<totalScore value='27921'/>
	</player>

	<enemy>
		<race value='Zerg'/>
		<unitScore value='9925'/>
		<killScore value='13500'/>
		<buildingScore value='2930'/>
		<razingScore value='7650'/>
		<mineralScore value='12146'/>
		<gasScore value='3312'/>
		<totalScore value='49463'/>
	</enemy>

	<scoreRatio value='0.564483'/>
	<timeFitness value='0.191528'/>
	<unitsAverage value='38'/>
</results>
