<results>
	<result value='loss'/>
	<start value='2015-04-12.14:08:48'/>
	<end value='2015-04-12.14:09:02'/>
	<frames value='17083'/>
	<gameDuration value='1067'/>

	<player>
		<unitScore value='3175'/>
		<killScore value='1000'/>
		<buildingScore value='1700'/>
		<razingScore value='0'/>
		<mineralScore value='5130'/>
		<gasScore value='680'/>
		<totalScore value='11685'/>
	</player>

	<enemy>
		<race value='Protoss'/>
		<unitScore value='3600'/>
		<unitScore value='3600'/>
		<killScore value='6350'/>
		<buildingScore value='4075'/>
		<razingScore value='5100'/>
		<mineralScore value='9354'/>
		<gasScore value='1736'/>
		<totalScore value='30215'/>
	</enemy>

	<scoreRatio value='0.386728'/>
</results>
