<results>
	<result value='win'/>
	<start value='2015-04-12.14:19:51'/>
	<end value='2015-04-12.14:21:12'/>
	<frames value='38163'/>
	<gameDuration value='2385'/>

	<player>
		<unitScore value='22375'/>
		<killScore value='30400'/>
		<buildingScore value='4575'/>
		<razingScore value='20175'/>
		<mineralScore value='29486'/>
		<gasScore value='4408'/>
		<totalScore value='111419'/>
	</player>

	<enemy>
		<race value='Protoss'/>
		<unitScore value='16450'/>
		<unitScore value='16450'/>
		<killScore value='21450'/>
		<buildingScore value='6725'/>
		<razingScore value='150'/>
		<mineralScore value='19530'/>
		<gasScore value='5800'/>
		<totalScore value='70105'/>
	</enemy>

	<scoreRatio value='1.58932'/>
</results>
