<results>
	<result value='loss'/>
	<start value='2015-07-19.04:07:45'/>
	<end value='2015-07-19.04:08:41'/>
	<frames value='39186'/>
	<gameDuration value='2449'/>

	<player>
		<unitScore value='17500'/>
		<killScore value='12200'/>
		<buildingScore value='2700'/>
		<razingScore value='3750'/>
		<mineralScore value='33790'/>
		<gasScore value='2888'/>
		<totalScore value='72828'/>
	</player>

	<enemy>
		<race value='Protoss'/>
		<unitScore value='20750'/>
		<killScore value='35000'/>
		<buildingScore value='7425'/>
		<razingScore value='8100'/>
		<mineralScore value='24526'/>
		<gasScore value='8344'/>
		<totalScore value='104145'/>
	</enemy>

	<scoreRatio value='0.699294'/>
	<timeFitness value='0.340139'/>
	<unitsAverage value='71'/>
</results>
