<results>
	<result value='loss'/>
	<start value='2015-05-10.02:21:48'/>
	<end value='2015-05-10.02:21:51'/>
	<frames value='6791'/>
	<gameDuration value='424'/>

	<player>
		<unitScore value='600'/>
		<killScore value='0'/>
		<buildingScore value='675'/>
		<razingScore value='0'/>
		<mineralScore value='1018'/>
		<gasScore value='0'/>
		<totalScore value='2293'/>
	</player>

	<enemy>
		<race value='Zerg'/>
		<unitScore value='1150'/>
		<unitScore value='1150'/>
		<killScore value='1200'/>
		<buildingScore value='375'/>
		<razingScore value='2025'/>
		<mineralScore value='1682'/>
		<gasScore value='0'/>
		<totalScore value='6432'/>
	</enemy>

	<scoreRatio value='0.356499'/>
	<timeFitness value='0.0588889'/>
	<unitsAverage value='7'/>
</results>
