<results>
	<result value='win'/>
	<start value='2015-05-10.02:36:58'/>
	<end value='2015-05-10.02:38:00'/>
	<frames value='38318'/>
	<gameDuration value='2394'/>

	<player>
		<unitScore value='29875'/>
		<killScore value='48030'/>
		<buildingScore value='5250'/>
		<razingScore value='6495'/>
		<mineralScore value='36586'/>
		<gasScore value='4816'/>
		<totalScore value='131052'/>
	</player>

	<enemy>
		<race value='Zerg'/>
		<unitScore value='20250'/>
		<unitScore value='20250'/>
		<killScore value='32700'/>
		<buildingScore value='2165'/>
		<razingScore value='0'/>
		<mineralScore value='16722'/>
		<gasScore value='5336'/>
		<totalScore value='77173'/>
	</enemy>

	<scoreRatio value='1.69816'/>
	<timeFitness value='0.6675'/>
	<unitsAverage value='139'/>
</results>
