<results>
	<result value='loss'/>
	<start value='2015-04-28.00:54:16'/>
	<end value='2015-04-28.00:54:58'/>
	<frames value='37605'/>
	<gameDuration value='2350'/>

	<player>
		<unitScore value='14475'/>
		<killScore value='14100'/>
		<buildingScore value='2625'/>
		<razingScore value='1500'/>
		<mineralScore value='19282'/>
		<gasScore value='3744'/>
		<totalScore value='55726'/>
	</player>

	<enemy>
		<race value='Protoss'/>
		<unitScore value='24050'/>
		<unitScore value='24050'/>
		<killScore value='28550'/>
		<buildingScore value='7625'/>
		<razingScore value='7875'/>
		<mineralScore value='26594'/>
		<gasScore value='9528'/>
		<totalScore value='104222'/>
	</enemy>

	<scoreRatio value='0.534686'/>
</results>
