<results>
	<result value='win'/>
	<start value='2015-04-28.00:59:43'/>
	<end value='2015-04-28.01:00:20'/>
	<frames value='26631'/>
	<gameDuration value='1664'/>

	<player>
		<unitScore value='13800'/>
		<killScore value='13400'/>
		<buildingScore value='3850'/>
		<razingScore value='21675'/>
		<mineralScore value='22398'/>
		<gasScore value='2448'/>
		<totalScore value='77571'/>
	</player>

	<enemy>
		<race value='Protoss'/>
		<unitScore value='6700'/>
		<unitScore value='6700'/>
		<killScore value='8550'/>
		<buildingScore value='7225'/>
		<razingScore value='300'/>
		<mineralScore value='13890'/>
		<gasScore value='3672'/>
		<totalScore value='40337'/>
	</enemy>

	<scoreRatio value='1.92307'/>
</results>
