<results>
	<result value='win'/>
	<start value='2015-05-02.15:02:48'/>
	<end value='2015-05-02.15:03:11'/>
	<frames value='22260'/>
	<gameDuration value='1391'/>

	<player>
		<unitScore value='13975'/>
		<killScore value='20380'/>
		<buildingScore value='3900'/>
		<razingScore value='4560'/>
		<mineralScore value='19274'/>
		<gasScore value='1448'/>
		<totalScore value='63537'/>
	</player>

	<enemy>
		<race value='Zerg'/>
		<unitScore value='9700'/>
		<unitScore value='9700'/>
		<killScore value='10900'/>
		<buildingScore value='1520'/>
		<razingScore value='0'/>
		<mineralScore value='8882'/>
		<gasScore value='2752'/>
		<totalScore value='33754'/>
	</enemy>

	<scoreRatio value='1.88235'/>
	<timeFitness value='0.806806'/>
	<unitsAverage value='79'/>
</results>
