<results>
	<result value='win'/>
	<start value='2015-05-02.15:04:02'/>
	<end value='2015-05-02.15:04:26'/>
	<frames value='23252'/>
	<gameDuration value='1453'/>

	<player>
		<unitScore value='12825'/>
		<killScore value='21310'/>
		<buildingScore value='3825'/>
		<razingScore value='4635'/>
		<mineralScore value='19514'/>
		<gasScore value='2072'/>
		<totalScore value='64181'/>
	</player>

	<enemy>
		<race value='Zerg'/>
		<unitScore value='9400'/>
		<unitScore value='9400'/>
		<killScore value='8350'/>
		<buildingScore value='1545'/>
		<razingScore value='0'/>
		<mineralScore value='8562'/>
		<gasScore value='2464'/>
		<totalScore value='30321'/>
	</enemy>

	<scoreRatio value='2.11672'/>
	<timeFitness value='0.798194'/>
	<unitsAverage value='79'/>
</results>
