<results>
	<result value='win'/>
	<start value='2015-05-09.19:53:23'/>
	<end value='2015-05-09.19:54:41'/>
	<frames value='52206'/>
	<gameDuration value='3262'/>

	<player>
		<unitScore value='28775'/>
		<killScore value='37500'/>
		<buildingScore value='5050'/>
		<razingScore value='18375'/>
		<mineralScore value='34486'/>
		<gasScore value='6408'/>
		<totalScore value='130594'/>
	</player>

	<enemy>
		<race value='Protoss'/>
		<unitScore value='20150'/>
		<unitScore value='20150'/>
		<killScore value='32200'/>
		<buildingScore value='6125'/>
		<razingScore value='1500'/>
		<mineralScore value='19866'/>
		<gasScore value='7520'/>
		<totalScore value='87361'/>
	</enemy>

	<scoreRatio value='1.49488'/>
	<timeFitness value='0.546944'/>
	<unitsAverage value='135'/>
</results>
