<results>
	<result value='draw'/>
	<start value='2015-05-09.19:54:54'/>
	<end value='2015-05-09.19:55:52'/>
	<frames value='57601'/>
	<gameDuration value='3600'/>

	<player>
		<unitScore value='34775'/>
		<killScore value='41950'/>
		<buildingScore value='3400'/>
		<razingScore value='18675'/>
		<mineralScore value='35754'/>
		<gasScore value='5168'/>
		<totalScore value='139722'/>
	</player>

	<enemy>
		<race value='Protoss'/>
		<unitScore value='22325'/>
		<unitScore value='22325'/>
		<killScore value='55450'/>
		<buildingScore value='8200'/>
		<razingScore value='1575'/>
		<mineralScore value='27258'/>
		<gasScore value='11982'/>
		<totalScore value='126790'/>
	</enemy>

	<scoreRatio value='1.102'/>
	<timeFitness value='0.5'/>
	<unitsAverage value='109'/>
</results>
