<results>
	<result value='win'/>
	<start value='2015-05-03.14:27:55'/>
	<end value='2015-05-03.14:28:09'/>
	<frames value='19935'/>
	<gameDuration value='1245'/>

	<player>
		<unitScore value='8975'/>
		<killScore value='8800'/>
		<buildingScore value='3150'/>
		<razingScore value='6225'/>
		<mineralScore value='14474'/>
		<gasScore value='1464'/>
		<totalScore value='43088'/>
	</player>

	<enemy>
		<race value='Protoss'/>
		<unitScore value='4400'/>
		<unitScore value='4400'/>
		<killScore value='2750'/>
		<buildingScore value='2075'/>
		<razingScore value='0'/>
		<mineralScore value='7402'/>
		<gasScore value='1128'/>
		<totalScore value='17755'/>
	</enemy>

	<scoreRatio value='2.42681'/>
	<timeFitness value='0.827083'/>
	<unitsAverage value='66'/>
</results>
