<results>
	<result value='win'/>
	<start value='2015-05-09.20:05:54'/>
	<end value='2015-05-09.20:06:15'/>
	<frames value='26445'/>
	<gameDuration value='1652'/>

	<player>
		<unitScore value='12950'/>
		<killScore value='10100'/>
		<buildingScore value='4075'/>
		<razingScore value='12375'/>
		<mineralScore value='18594'/>
		<gasScore value='2200'/>
		<totalScore value='60294'/>
	</player>

	<enemy>
		<race value='Protoss'/>
		<unitScore value='5600'/>
		<unitScore value='5600'/>
		<killScore value='8800'/>
		<buildingScore value='4125'/>
		<razingScore value='150'/>
		<mineralScore value='11266'/>
		<gasScore value='2408'/>
		<totalScore value='32349'/>
	</enemy>

	<scoreRatio value='1.86386'/>
	<timeFitness value='0.770556'/>
	<unitsAverage value='72'/>
</results>
