<results>
	<result value='loss'/>
	<start value='2015-05-06.21:28:20'/>
	<end value='2015-05-06.21:28:26'/>
	<frames value='18447'/>
	<gameDuration value='1152'/>

	<player>
		<unitScore value='950'/>
		<killScore value='350'/>
		<buildingScore value='625'/>
		<razingScore value='0'/>
		<mineralScore value='1226'/>
		<gasScore value='56'/>
		<totalScore value='3207'/>
	</player>

	<enemy>
		<race value='Zerg'/>
		<unitScore value='6525'/>
		<unitScore value='6525'/>
		<killScore value='1900'/>
		<buildingScore value='1520'/>
		<razingScore value='1875'/>
		<mineralScore value='7098'/>
		<gasScore value='2000'/>
		<totalScore value='20918'/>
	</enemy>

	<scoreRatio value='0.153313'/>
	<timeFitness value='0.16'/>
	<unitsAverage value='7'/>
</results>
