<results>
	<result value='win'/>
	<start value='2015-05-06.21:35:52'/>
	<end value='2015-05-06.21:37:24'/>
	<frames value='53756'/>
	<gameDuration value='3359'/>

	<player>
		<unitScore value='34950'/>
		<killScore value='53415'/>
		<buildingScore value='4575'/>
		<razingScore value='11025'/>
		<mineralScore value='39358'/>
		<gasScore value='6514'/>
		<totalScore value='149837'/>
	</player>

	<enemy>
		<race value='Zerg'/>
		<unitScore value='26100'/>
		<unitScore value='26100'/>
		<killScore value='44500'/>
		<buildingScore value='3675'/>
		<razingScore value='750'/>
		<mineralScore value='23718'/>
		<gasScore value='10220'/>
		<totalScore value='108963'/>
	</enemy>

	<scoreRatio value='1.37512'/>
	<timeFitness value='0.533472'/>
	<unitsAverage value='169'/>
</results>
