<results>
	<result value='loss'/>
	<start value='2015-05-06.21:46:33'/>
	<end value='2015-05-06.21:47:05'/>
	<frames value='46409'/>
	<gameDuration value='2900'/>

	<player>
		<unitScore value='12175'/>
		<killScore value='37075'/>
		<buildingScore value='2750'/>
		<razingScore value='705'/>
		<mineralScore value='19034'/>
		<gasScore value='5094'/>
		<totalScore value='76833'/>
	</player>

	<enemy>
		<race value='Zerg'/>
		<unitScore value='39175'/>
		<unitScore value='39175'/>
		<killScore value='24350'/>
		<buildingScore value='5050'/>
		<razingScore value='8250'/>
		<mineralScore value='33202'/>
		<gasScore value='13006'/>
		<totalScore value='123033'/>
	</enemy>

	<scoreRatio value='0.624491'/>
	<timeFitness value='0.402778'/>
	<unitsAverage value='52'/>
</results>
