<results>
	<result value='win'/>
	<start value='2015-05-06.21:47:42'/>
	<end value='2015-05-06.21:48:23'/>
	<frames value='45231'/>
	<gameDuration value='2826'/>

	<player>
		<unitScore value='26100'/>
		<killScore value='47380'/>
		<buildingScore value='3500'/>
		<razingScore value='8715'/>
		<mineralScore value='27850'/>
		<gasScore value='2720'/>
		<totalScore value='116265'/>
	</player>

	<enemy>
		<race value='Zerg'/>
		<unitScore value='20725'/>
		<unitScore value='20725'/>
		<killScore value='36400'/>
		<buildingScore value='2905'/>
		<razingScore value='300'/>
		<mineralScore value='16874'/>
		<gasScore value='7118'/>
		<totalScore value='84322'/>
	</enemy>

	<scoreRatio value='1.37882'/>
	<timeFitness value='0.6075'/>
	<unitsAverage value='85'/>
</results>
