<results>
	<result value='loss'/>
	<start value='2015-05-06.21:55:19'/>
	<end value='2015-05-06.21:55:31'/>
	<frames value='25360'/>
	<gameDuration value='1585'/>

	<player>
		<unitScore value='5475'/>
		<killScore value='8150'/>
		<buildingScore value='1900'/>
		<razingScore value='0'/>
		<mineralScore value='7570'/>
		<gasScore value='1328'/>
		<totalScore value='24423'/>
	</player>

	<enemy>
		<race value='Zerg'/>
		<unitScore value='14100'/>
		<unitScore value='14100'/>
		<killScore value='10950'/>
		<buildingScore value='3100'/>
		<razingScore value='5700'/>
		<mineralScore value='13834'/>
		<gasScore value='5032'/>
		<totalScore value='52716'/>
	</enemy>

	<scoreRatio value='0.463294'/>
	<timeFitness value='0.220139'/>
	<unitsAverage value='30'/>
</results>
