<results>
	<result value='loss'/>
	<start value='2015-05-06.22:09:17'/>
	<end value='2015-05-06.22:09:40'/>
	<frames value='28336'/>
	<gameDuration value='1771'/>

	<player>
		<unitScore value='8150'/>
		<killScore value='8950'/>
		<buildingScore value='3325'/>
		<razingScore value='0'/>
		<mineralScore value='19938'/>
		<gasScore value='2992'/>
		<totalScore value='43355'/>
	</player>

	<enemy>
		<race value='Zerg'/>
		<unitScore value='16550'/>
		<unitScore value='16550'/>
		<killScore value='16300'/>
		<buildingScore value='3635'/>
		<razingScore value='9975'/>
		<mineralScore value='17842'/>
		<gasScore value='6496'/>
		<totalScore value='70798'/>
	</enemy>

	<scoreRatio value='0.612376'/>
	<timeFitness value='0.245972'/>
	<unitsAverage value='71'/>
</results>
