<results>
	<result value='win'/>
	<start value='2015-05-06.05:02:39'/>
	<end value='2015-05-06.05:03:03'/>
	<frames value='28398'/>
	<gameDuration value='1774'/>

	<player>
		<unitScore value='17350'/>
		<killScore value='15650'/>
		<buildingScore value='4075'/>
		<razingScore value='18150'/>
		<mineralScore value='26018'/>
		<gasScore value='2752'/>
		<totalScore value='83995'/>
	</player>

	<enemy>
		<race value='Protoss'/>
		<unitScore value='7825'/>
		<unitScore value='7825'/>
		<killScore value='13600'/>
		<buildingScore value='6050'/>
		<razingScore value='450'/>
		<mineralScore value='14922'/>
		<gasScore value='2736'/>
		<totalScore value='45583'/>
	</enemy>

	<scoreRatio value='1.84268'/>
	<timeFitness value='0.753611'/>
	<unitsAverage value='95'/>
</results>
