<results>
	<result value='loss'/>
	<start value='2015-05-06.05:03:05'/>
	<end value='2015-05-06.05:03:16'/>
	<frames value='26011'/>
	<gameDuration value='1625'/>

	<player>
		<unitScore value='2700'/>
		<killScore value='2400'/>
		<buildingScore value='1475'/>
		<razingScore value='0'/>
		<mineralScore value='4386'/>
		<gasScore value='608'/>
		<totalScore value='11569'/>
	</player>

	<enemy>
		<race value='Protoss'/>
		<unitScore value='10150'/>
		<unitScore value='10150'/>
		<killScore value='5600'/>
		<buildingScore value='6875'/>
		<razingScore value='4425'/>
		<mineralScore value='15934'/>
		<gasScore value='5032'/>
		<totalScore value='48016'/>
	</enemy>

	<scoreRatio value='0.240941'/>
	<timeFitness value='0.225694'/>
	<unitsAverage value='20'/>
</results>
