<results>
	<result value='loss'/>
	<start value='2015-05-06.05:28:31'/>
	<end value='2015-05-06.05:28:55'/>
	<frames value='43340'/>
	<gameDuration value='2708'/>

	<player>
		<unitScore value='15800'/>
		<killScore value='19350'/>
		<buildingScore value='2375'/>
		<razingScore value='1950'/>
		<mineralScore value='17930'/>
		<gasScore value='4440'/>
		<totalScore value='61845'/>
	</player>

	<enemy>
		<race value='Protoss'/>
		<unitScore value='25500'/>
		<unitScore value='25500'/>
		<killScore value='31350'/>
		<buildingScore value='7575'/>
		<razingScore value='7125'/>
		<mineralScore value='28602'/>
		<gasScore value='9250'/>
		<totalScore value='109402'/>
	</enemy>

	<scoreRatio value='0.5653'/>
	<timeFitness value='0.376111'/>
	<unitsAverage value='47'/>
</results>
