<results>
	<result value='win'/>
	<start value='2015-05-06.10:35:37'/>
	<end value='2015-05-06.10:36:29'/>
	<frames value='41728'/>
	<gameDuration value='2608'/>

	<player>
		<unitScore value='24900'/>
		<killScore value='27550'/>
		<buildingScore value='4650'/>
		<razingScore value='8100'/>
		<mineralScore value='31878'/>
		<gasScore value='5080'/>
		<totalScore value='102158'/>
	</player>

	<enemy>
		<race value='Terran'/>
		<unitScore value='13775'/>
		<unitScore value='13775'/>
		<killScore value='24550'/>
		<buildingScore value='2700'/>
		<razingScore value='2025'/>
		<mineralScore value='12050'/>
		<gasScore value='5638'/>
		<totalScore value='60738'/>
	</enemy>

	<scoreRatio value='1.68195'/>
	<timeFitness value='0.637778'/>
	<unitsAverage value='113'/>
</results>
