<results>
	<result value='win'/>
	<start value='2015-05-06.11:04:30'/>
	<end value='2015-05-06.11:05:20'/>
	<frames value='36365'/>
	<gameDuration value='2272'/>

	<player>
		<unitScore value='21275'/>
		<killScore value='30800'/>
		<buildingScore value='4175'/>
		<razingScore value='12000'/>
		<mineralScore value='31526'/>
		<gasScore value='3928'/>
		<totalScore value='103704'/>
	</player>

	<enemy>
		<race value='Terran'/>
		<unitScore value='17600'/>
		<unitScore value='17600'/>
		<killScore value='17900'/>
		<buildingScore value='4075'/>
		<razingScore value='150'/>
		<mineralScore value='14658'/>
		<gasScore value='6694'/>
		<totalScore value='61077'/>
	</enemy>

	<scoreRatio value='1.69792'/>
	<timeFitness value='0.684444'/>
	<unitsAverage value='124'/>
</results>
