<results>
	<result value='loss'/>
	<start value='2015-07-13.17:23:14'/>
	<end value='2015-07-13.17:23:23'/>
	<frames value='15316'/>
	<gameDuration value='957'/>

	<player>
		<unitScore value='2875'/>
		<killScore value='600'/>
		<buildingScore value='1950'/>
		<razingScore value='0'/>
		<mineralScore value='4682'/>
		<gasScore value='616'/>
		<totalScore value='10723'/>
	</player>

	<enemy>
		<race value='Protoss'/>
		<unitScore value='3550'/>
		<killScore value='5750'/>
		<buildingScore value='2825'/>
		<razingScore value='5850'/>
		<mineralScore value='7874'/>
		<gasScore value='1408'/>
		<totalScore value='27257'/>
	</enemy>

	<scoreRatio value='0.393404'/>
	<timeFitness value='0.132917'/>
	<unitsAverage value='22'/>
</results>
