<results>
	<result value='loss'/>
	<start value='2014-07-24.04:36:38'/>
	<end value='2014-07-24.04:36:48'/>
	<frames value='20059'/>
	<gameDuration value='1253'/>

	<player>
		<unitScore value='7400'/>
		<killScore value='2800'/>
		<buildingScore value='1750'/>
		<razingScore value='0'/>
		<mineralScore value='8538'/>
		<gasScore value='1336'/>
		<totalScore value='21824'/>
	</player>

	<enemy>
		<race value='Terran'/>
		<unitScore value='7625'/>
		<unitScore value='7625'/>
		<killScore value='14800'/>
		<buildingScore value='2750'/>
		<razingScore value='5250'/>
		<mineralScore value='9434'/>
		<gasScore value='3496'/>
		<totalScore value='43355'/>
	</enemy>

	<scoreRatio value='0.503379'/>
</results>
