<results>
	<result value='win'/>
	<start value='2015-05-11.16:34:48'/>
	<end value='2015-05-11.16:35:07'/>
	<frames value='22477'/>
	<gameDuration value='1404'/>

	<player>
		<unitScore value='12475'/>
		<killScore value='16960'/>
		<buildingScore value='3225'/>
		<razingScore value='5580'/>
		<mineralScore value='16378'/>
		<gasScore value='1632'/>
		<totalScore value='56250'/>
	</player>

	<enemy>
		<race value='Zerg'/>
		<unitScore value='8325'/>
		<unitScore value='8325'/>
		<killScore value='9750'/>
		<buildingScore value='1860'/>
		<razingScore value='0'/>
		<mineralScore value='8594'/>
		<gasScore value='2568'/>
		<totalScore value='31097'/>
	</enemy>

	<scoreRatio value='1.80886'/>
	<timeFitness value='0.805'/>
	<unitsAverage value='68'/>
</results>
