<results>
	<result value='win'/>
	<start value='2015-05-11.16:43:18'/>
	<end value='2015-05-11.16:43:43'/>
	<frames value='25484'/>
	<gameDuration value='1592'/>

	<player>
		<unitScore value='14875'/>
		<killScore value='25845'/>
		<buildingScore value='3750'/>
		<razingScore value='4560'/>
		<mineralScore value='20982'/>
		<gasScore value='2488'/>
		<totalScore value='72500'/>
	</player>

	<enemy>
		<race value='Zerg'/>
		<unitScore value='11650'/>
		<unitScore value='11650'/>
		<killScore value='14350'/>
		<buildingScore value='1520'/>
		<razingScore value='0'/>
		<mineralScore value='9762'/>
		<gasScore value='2752'/>
		<totalScore value='40034'/>
	</enemy>

	<scoreRatio value='1.81096'/>
	<timeFitness value='0.778889'/>
	<unitsAverage value='77'/>
</results>
