<results>
	<result value='win'/>
	<start value='2015-05-11.16:49:20'/>
	<end value='2015-05-11.16:49:53'/>
	<frames value='34536'/>
	<gameDuration value='2158'/>

	<player>
		<unitScore value='21400'/>
		<killScore value='39910'/>
		<buildingScore value='3425'/>
		<razingScore value='7095'/>
		<mineralScore value='25090'/>
		<gasScore value='4096'/>
		<totalScore value='101016'/>
	</player>

	<enemy>
		<race value='Zerg'/>
		<unitScore value='17875'/>
		<unitScore value='17875'/>
		<killScore value='25500'/>
		<buildingScore value='2365'/>
		<razingScore value='0'/>
		<mineralScore value='16058'/>
		<gasScore value='4648'/>
		<totalScore value='66446'/>
	</enemy>

	<scoreRatio value='1.52027'/>
	<timeFitness value='0.700278'/>
	<unitsAverage value='85'/>
</results>
