<results>
	<result value='win'/>
	<start value='2015-05-11.16:54:41'/>
	<end value='2015-05-11.16:55:04'/>
	<frames value='25887'/>
	<gameDuration value='1617'/>

	<player>
		<unitScore value='15900'/>
		<killScore value='25050'/>
		<buildingScore value='3625'/>
		<razingScore value='5115'/>
		<mineralScore value='19902'/>
		<gasScore value='1632'/>
		<totalScore value='71224'/>
	</player>

	<enemy>
		<race value='Zerg'/>
		<unitScore value='11325'/>
		<unitScore value='11325'/>
		<killScore value='16300'/>
		<buildingScore value='1705'/>
		<razingScore value='0'/>
		<mineralScore value='10658'/>
		<gasScore value='3656'/>
		<totalScore value='43644'/>
	</enemy>

	<scoreRatio value='1.63193'/>
	<timeFitness value='0.775417'/>
	<unitsAverage value='75'/>
</results>
