<results>
	<result value='win'/>
	<start value='2015-05-11.17:00:30'/>
	<end value='2015-05-11.17:00:53'/>
	<frames value='24647'/>
	<gameDuration value='1540'/>

	<player>
		<unitScore value='13350'/>
		<killScore value='26850'/>
		<buildingScore value='3750'/>
		<razingScore value='4560'/>
		<mineralScore value='19770'/>
		<gasScore value='2400'/>
		<totalScore value='70680'/>
	</player>

	<enemy>
		<race value='Zerg'/>
		<unitScore value='11450'/>
		<unitScore value='11450'/>
		<killScore value='11150'/>
		<buildingScore value='1520'/>
		<razingScore value='0'/>
		<mineralScore value='9810'/>
		<gasScore value='2608'/>
		<totalScore value='36538'/>
	</enemy>

	<scoreRatio value='1.93442'/>
	<timeFitness value='0.786111'/>
	<unitsAverage value='76'/>
</results>
