<results>
	<result value='win'/>
	<start value='2015-04-15.03:02:37'/>
	<end value='2015-04-15.03:03:24'/>
	<frames value='29049'/>
	<gameDuration value='1815'/>

	<player>
		<unitScore value='14575'/>
		<killScore value='13050'/>
		<buildingScore value='4075'/>
		<razingScore value='18000'/>
		<mineralScore value='22282'/>
		<gasScore value='3088'/>
		<totalScore value='75070'/>
	</player>

	<enemy>
		<race value='Protoss'/>
		<unitScore value='6750'/>
		<unitScore value='6750'/>
		<killScore value='8950'/>
		<buildingScore value='6000'/>
		<razingScore value='750'/>
		<mineralScore value='13338'/>
		<gasScore value='3312'/>
		<totalScore value='39100'/>
	</enemy>

	<scoreRatio value='1.91995'/>
</results>
