<results>
	<result value='win'/>
	<start value='2015-04-15.03:09:46'/>
	<end value='2015-04-15.03:10:49'/>
	<frames value='32955'/>
	<gameDuration value='2059'/>

	<player>
		<unitScore value='20650'/>
		<killScore value='18000'/>
		<buildingScore value='4250'/>
		<razingScore value='18825'/>
		<mineralScore value='26934'/>
		<gasScore value='2208'/>
		<totalScore value='90867'/>
	</player>

	<enemy>
		<race value='Protoss'/>
		<unitScore value='9700'/>
		<unitScore value='9700'/>
		<killScore value='16800'/>
		<buildingScore value='6275'/>
		<razingScore value='1200'/>
		<mineralScore value='16234'/>
		<gasScore value='3568'/>
		<totalScore value='53777'/>
	</enemy>

	<scoreRatio value='1.6897'/>
</results>
