<results>
	<result value='win'/>
	<start value='2015-04-15.03:14:10'/>
	<end value='2015-04-15.03:15:20'/>
	<frames value='34195'/>
	<gameDuration value='2137'/>

	<player>
		<unitScore value='23500'/>
		<killScore value='28650'/>
		<buildingScore value='3750'/>
		<razingScore value='17475'/>
		<mineralScore value='26718'/>
		<gasScore value='3736'/>
		<totalScore value='103829'/>
	</player>

	<enemy>
		<race value='Protoss'/>
		<unitScore value='15475'/>
		<unitScore value='15475'/>
		<killScore value='23000'/>
		<buildingScore value='5825'/>
		<razingScore value='150'/>
		<mineralScore value='16534'/>
		<gasScore value='4304'/>
		<totalScore value='65288'/>
	</enemy>

	<scoreRatio value='1.59032'/>
</results>
