<results>
	<result value='loss'/>
	<start value='2015-07-16.12:03:05'/>
	<end value='2015-07-16.12:03:19'/>
	<frames value='18695'/>
	<gameDuration value='1168'/>

	<player>
		<unitScore value='4400'/>
		<killScore value='1150'/>
		<buildingScore value='2025'/>
		<razingScore value='0'/>
		<mineralScore value='5762'/>
		<gasScore value='736'/>
		<totalScore value='14073'/>
	</player>

	<enemy>
		<race value='Terran'/>
		<unitScore value='6875'/>
		<killScore value='8650'/>
		<buildingScore value='2900'/>
		<razingScore value='6075'/>
		<mineralScore value='8538'/>
		<gasScore value='3032'/>
		<totalScore value='36070'/>
	</enemy>

	<scoreRatio value='0.390158'/>
	<timeFitness value='0.162222'/>
	<unitsAverage value='24'/>
</results>
