<results>
	<result value='loss'/>
	<start value='2015-07-16.12:11:28'/>
	<end value='2015-07-16.12:11:40'/>
	<frames value='19966'/>
	<gameDuration value='1247'/>

	<player>
		<unitScore value='6525'/>
		<killScore value='3050'/>
		<buildingScore value='1900'/>
		<razingScore value='0'/>
		<mineralScore value='6554'/>
		<gasScore value='1552'/>
		<totalScore value='19581'/>
	</player>

	<enemy>
		<race value='Terran'/>
		<unitScore value='6900'/>
		<killScore value='12900'/>
		<buildingScore value='2350'/>
		<razingScore value='5700'/>
		<mineralScore value='9322'/>
		<gasScore value='3128'/>
		<totalScore value='40300'/>
	</enemy>

	<scoreRatio value='0.485881'/>
	<timeFitness value='0.173194'/>
	<unitsAverage value='29'/>
</results>
