<results>
	<result value='loss'/>
	<start value='2015-07-16.12:16:37'/>
	<end value='2015-07-16.12:16:47'/>
	<frames value='17765'/>
	<gameDuration value='1110'/>

	<player>
		<unitScore value='3675'/>
		<killScore value='600'/>
		<buildingScore value='2075'/>
		<razingScore value='0'/>
		<mineralScore value='5426'/>
		<gasScore value='856'/>
		<totalScore value='12632'/>
	</player>

	<enemy>
		<race value='Terran'/>
		<unitScore value='6400'/>
		<killScore value='7350'/>
		<buildingScore value='2625'/>
		<razingScore value='6225'/>
		<mineralScore value='8242'/>
		<gasScore value='2664'/>
		<totalScore value='33506'/>
	</enemy>

	<scoreRatio value='0.377007'/>
	<timeFitness value='0.154167'/>
	<unitsAverage value='24'/>
</results>
