<results>
	<result value='win'/>
	<start value='2014-07-01.12:50:16'/>
	<end value='2014-07-01.12:50:50'/>
	<frames value='36086'/>
	<gameDuration value='2255'/>

	<player>
		<unitScore value='22775'/>
		<killScore value='30400'/>
		<buildingScore value='3725'/>
		<razingScore value='22200'/>
		<mineralScore value='28262'/>
		<gasScore value='2896'/>
		<totalScore value='110258'/>
	</player>

	<enemy>
		<race value='Protoss'/>
		<unitScore value='16650'/>
		<unitScore value='16650'/>
		<killScore value='22750'/>
		<buildingScore value='7400'/>
		<razingScore value='150'/>
		<mineralScore value='18714'/>
		<gasScore value='6152'/>
		<totalScore value='71816'/>
	</enemy>

	<scoreRatio value='1.53528'/>
</results>
