<results>
	<result value='draw'/>
	<start value='2014-07-22.22:45:35'/>
	<end value='2014-07-22.22:46:22'/>
	<frames value='57601'/>
	<gameDuration value='3600'/>

	<player>
		<unitScore value='21750'/>
		<killScore value='44150'/>
		<buildingScore value='3525'/>
		<razingScore value='4005'/>
		<mineralScore value='24078'/>
		<gasScore value='4632'/>
		<totalScore value='102140'/>
	</player>

	<enemy>
		<race value='Zerg'/>
		<unitScore value='25450'/>
		<unitScore value='25450'/>
		<killScore value='38750'/>
		<buildingScore value='4625'/>
		<razingScore value='4200'/>
		<mineralScore value='30018'/>
		<gasScore value='9888'/>
		<totalScore value='112931'/>
	</enemy>

	<scoreRatio value='0.904446'/>
</results>
