<results>
	<result value='win'/>
	<start value='2014-07-22.22:47:20'/>
	<end value='2014-07-22.22:47:56'/>
	<frames value='32428'/>
	<gameDuration value='2026'/>

	<player>
		<unitScore value='24600'/>
		<killScore value='35910'/>
		<buildingScore value='4650'/>
		<razingScore value='6975'/>
		<mineralScore value='27922'/>
		<gasScore value='2312'/>
		<totalScore value='102369'/>
	</player>

	<enemy>
		<race value='Zerg'/>
		<unitScore value='16225'/>
		<unitScore value='16225'/>
		<killScore value='24650'/>
		<buildingScore value='2325'/>
		<razingScore value='0'/>
		<mineralScore value='15046'/>
		<gasScore value='5296'/>
		<totalScore value='63542'/>
	</enemy>

	<scoreRatio value='1.61104'/>
</results>
