<results>
	<result value='loss'/>
	<start value='2015-05-02.18:07:04'/>
	<end value='2015-05-02.18:07:13'/>
	<frames value='18664'/>
	<gameDuration value='1166'/>

	<player>
		<unitScore value='6600'/>
		<killScore value='400'/>
		<buildingScore value='1625'/>
		<razingScore value='0'/>
		<mineralScore value='9154'/>
		<gasScore value='0'/>
		<totalScore value='17779'/>
	</player>

	<enemy>
		<race value='Protoss'/>
		<unitScore value='5125'/>
		<unitScore value='5125'/>
		<killScore value='13200'/>
		<buildingScore value='3725'/>
		<razingScore value='4875'/>
		<mineralScore value='9730'/>
		<gasScore value='2712'/>
		<totalScore value='39367'/>
	</enemy>

	<scoreRatio value='0.451622'/>
	<timeFitness value='0.161944'/>
	<unitsAverage value='35'/>
</results>
