<results>
	<result value='win'/>
	<start value='2015-04-27.13:36:47'/>
	<end value='2015-04-27.13:37:01'/>
	<frames value='21981'/>
	<gameDuration value='1373'/>

	<player>
		<unitScore value='9075'/>
		<killScore value='16150'/>
		<buildingScore value='2750'/>
		<razingScore value='7350'/>
		<mineralScore value='15306'/>
		<gasScore value='1576'/>
		<totalScore value='52207'/>
	</player>

	<enemy>
		<race value='Terran'/>
		<unitScore value='8075'/>
		<unitScore value='8075'/>
		<killScore value='6450'/>
		<buildingScore value='2525'/>
		<razingScore value='0'/>
		<mineralScore value='9218'/>
		<gasScore value='2992'/>
		<totalScore value='29260'/>
	</enemy>

	<scoreRatio value='1.78424'/>
</results>
