<results>
	<result value='win'/>
	<start value='2015-04-10.04:28:57'/>
	<end value='2015-04-10.04:29:31'/>
	<frames value='38721'/>
	<gameDuration value='2420'/>

	<player>
		<unitScore value='21525'/>
		<killScore value='30850'/>
		<buildingScore value='3500'/>
		<razingScore value='21975'/>
		<mineralScore value='25218'/>
		<gasScore value='2856'/>
		<totalScore value='105924'/>
	</player>

	<enemy>
		<race value='Protoss'/>
		<unitScore value='15875'/>
		<unitScore value='15875'/>
		<killScore value='26150'/>
		<buildingScore value='7325'/>
		<razingScore value='1800'/>
		<mineralScore value='20146'/>
		<gasScore value='5192'/>
		<totalScore value='76488'/>
	</enemy>

	<scoreRatio value='1.38484'/>
</results>
