<results>
	<result value='win'/>
	<start value='2015-05-05.07:41:38'/>
	<end value='2015-05-05.07:41:59'/>
	<frames value='27344'/>
	<gameDuration value='1709'/>

	<player>
		<unitScore value='14450'/>
		<killScore value='22800'/>
		<buildingScore value='4525'/>
		<razingScore value='9000'/>
		<mineralScore value='22698'/>
		<gasScore value='2720'/>
		<totalScore value='76193'/>
	</player>

	<enemy>
		<race value='Terran'/>
		<unitScore value='11400'/>
		<unitScore value='11400'/>
		<killScore value='8150'/>
		<buildingScore value='3000'/>
		<razingScore value='1650'/>
		<mineralScore value='10810'/>
		<gasScore value='4296'/>
		<totalScore value='39306'/>
	</enemy>

	<scoreRatio value='1.93846'/>
	<timeFitness value='0.762639'/>
	<unitsAverage value='85'/>
</results>
