<results>
	<result value='loss'/>
	<start value='2015-05-05.07:55:09'/>
	<end value='2015-05-05.07:55:28'/>
	<frames value='41046'/>
	<gameDuration value='2565'/>

	<player>
		<unitScore value='7725'/>
		<killScore value='8000'/>
		<buildingScore value='2800'/>
		<razingScore value='0'/>
		<mineralScore value='10418'/>
		<gasScore value='1280'/>
		<totalScore value='30223'/>
	</player>

	<enemy>
		<race value='Terran'/>
		<unitScore value='22625'/>
		<unitScore value='22625'/>
		<killScore value='15450'/>
		<buildingScore value='5425'/>
		<razingScore value='8400'/>
		<mineralScore value='21842'/>
		<gasScore value='12688'/>
		<totalScore value='86430'/>
	</enemy>

	<scoreRatio value='0.349682'/>
	<timeFitness value='0.35625'/>
	<unitsAverage value='30'/>
</results>
