<results>
	<result value='loss'/>
	<start value='2015-04-27.16:01:24'/>
	<end value='2015-04-27.16:01:39'/>
	<frames value='21671'/>
	<gameDuration value='1354'/>

	<player>
		<unitScore value='5150'/>
		<killScore value='4200'/>
		<buildingScore value='1775'/>
		<razingScore value='0'/>
		<mineralScore value='6978'/>
		<gasScore value='560'/>
		<totalScore value='18663'/>
	</player>

	<enemy>
		<race value='Terran'/>
		<unitScore value='8275'/>
		<unitScore value='8275'/>
		<killScore value='10300'/>
		<buildingScore value='3250'/>
		<razingScore value='5325'/>
		<mineralScore value='10474'/>
		<gasScore value='4096'/>
		<totalScore value='41720'/>
	</enemy>

	<scoreRatio value='0.447339'/>
</results>
