<results>
	<result value='win'/>
	<start value='2015-04-27.16:05:54'/>
	<end value='2015-04-27.16:06:52'/>
	<frames value='42193'/>
	<gameDuration value='2637'/>

	<player>
		<unitScore value='17500'/>
		<killScore value='27150'/>
		<buildingScore value='3450'/>
		<razingScore value='10575'/>
		<mineralScore value='20658'/>
		<gasScore value='5496'/>
		<totalScore value='84829'/>
	</player>

	<enemy>
		<race value='Terran'/>
		<unitScore value='15275'/>
		<unitScore value='15275'/>
		<killScore value='16200'/>
		<buildingScore value='3625'/>
		<razingScore value='3375'/>
		<mineralScore value='13786'/>
		<gasScore value='6328'/>
		<totalScore value='58589'/>
	</enemy>

	<scoreRatio value='1.44787'/>
</results>
