<results>
	<result value='loss'/>
	<start value='2015-07-20.02:57:53'/>
	<end value='2015-07-20.02:58:18'/>
	<frames value='27964'/>
	<gameDuration value='1747'/>

	<player>
		<unitScore value='14250'/>
		<killScore value='6000'/>
		<buildingScore value='3750'/>
		<razingScore value='0'/>
		<mineralScore value='17170'/>
		<gasScore value='1704'/>
		<totalScore value='42874'/>
	</player>

	<enemy>
		<race value='Zerg'/>
		<unitScore value='15950'/>
		<killScore value='28500'/>
		<buildingScore value='3410'/>
		<razingScore value='11250'/>
		<mineralScore value='16678'/>
		<gasScore value='5600'/>
		<totalScore value='81388'/>
	</enemy>

	<scoreRatio value='0.526785'/>
	<timeFitness value='0.242639'/>
	<unitsAverage value='49'/>
</results>
