<results>
	<result value='win'/>
	<start value='2014-07-12.21:40:24'/>
	<end value='2014-07-12.21:40:41'/>
	<frames value='27003'/>
	<gameDuration value='1687'/>

	<player>
		<unitScore value='11300'/>
		<killScore value='20800'/>
		<buildingScore value='2700'/>
		<razingScore value='9075'/>
		<mineralScore value='17686'/>
		<gasScore value='2760'/>
		<totalScore value='64321'/>
	</player>

	<enemy>
		<race value='Terran'/>
		<unitScore value='11900'/>
		<unitScore value='11900'/>
		<killScore value='8750'/>
		<buildingScore value='3025'/>
		<razingScore value='1875'/>
		<mineralScore value='12098'/>
		<gasScore value='4944'/>
		<totalScore value='42592'/>
	</enemy>

	<scoreRatio value='1.51017'/>
</results>
