<results>
	<result value='loss'/>
	<start value='2015-04-17.02:46:49'/>
	<end value='2015-04-17.02:47:22'/>
	<frames value='32397'/>
	<gameDuration value='2024'/>

	<player>
		<unitScore value='10025'/>
		<killScore value='8400'/>
		<buildingScore value='2600'/>
		<razingScore value='150'/>
		<mineralScore value='12654'/>
		<gasScore value='1928'/>
		<totalScore value='35757'/>
	</player>

	<enemy>
		<race value='Protoss'/>
		<unitScore value='17700'/>
		<unitScore value='17700'/>
		<killScore value='20050'/>
		<buildingScore value='6125'/>
		<razingScore value='7800'/>
		<mineralScore value='21130'/>
		<gasScore value='7672'/>
		<totalScore value='80477'/>
	</enemy>

	<scoreRatio value='0.444313'/>
</results>
