<results>
	<result value='loss'/>
	<start value='2015-07-19.22:15:54'/>
	<end value='2015-07-19.22:16:54'/>
	<frames value='36396'/>
	<gameDuration value='2274'/>

	<player>
		<unitScore value='18675'/>
		<killScore value='19700'/>
		<buildingScore value='3575'/>
		<razingScore value='0'/>
		<mineralScore value='28450'/>
		<gasScore value='2696'/>
		<totalScore value='73096'/>
	</player>

	<enemy>
		<race value='Zerg'/>
		<unitScore value='22400'/>
		<killScore value='33200'/>
		<buildingScore value='4210'/>
		<razingScore value='10875'/>
		<mineralScore value='21398'/>
		<gasScore value='8432'/>
		<totalScore value='100515'/>
	</enemy>

	<scoreRatio value='0.727215'/>
	<timeFitness value='0.315833'/>
	<unitsAverage value='81'/>
</results>
