<results>
	<result value='loss'/>
	<start value='2015-07-19.22:26:47'/>
	<end value='2015-07-19.22:27:27'/>
	<frames value='28584'/>
	<gameDuration value='1786'/>

	<player>
		<unitScore value='13525'/>
		<killScore value='3300'/>
		<buildingScore value='3350'/>
		<razingScore value='0'/>
		<mineralScore value='20642'/>
		<gasScore value='1792'/>
		<totalScore value='42609'/>
	</player>

	<enemy>
		<race value='Zerg'/>
		<unitScore value='14375'/>
		<killScore value='21700'/>
		<buildingScore value='3570'/>
		<razingScore value='10050'/>
		<mineralScore value='17030'/>
		<gasScore value='6168'/>
		<totalScore value='72893'/>
	</enemy>

	<scoreRatio value='0.584542'/>
	<timeFitness value='0.248056'/>
	<unitsAverage value='70'/>
</results>
