<results>
	<result value='loss'/>
	<start value='2015-03-30.03:15:25'/>
	<end value='2015-03-30.03:16:33'/>
	<frames value='46037'/>
	<gameDuration value='2877'/>

	<player>
		<unitScore value='24675'/>
		<killScore value='34400'/>
		<buildingScore value='2275'/>
		<razingScore value='1350'/>
		<mineralScore value='24018'/>
		<gasScore value='4888'/>
		<totalScore value='91606'/>
	</player>

	<enemy>
		<race value='Protoss'/>
		<unitScore value='36925'/>
		<unitScore value='36925'/>
		<killScore value='49100'/>
		<buildingScore value='7875'/>
		<razingScore value='6825'/>
		<mineralScore value='32458'/>
		<gasScore value='13038'/>
		<totalScore value='146221'/>
	</enemy>

	<scoreRatio value='0.62649'/>
</results>
