<results>
	<result value='win'/>
	<start value='2015-04-13.04:28:29'/>
	<end value='2015-04-13.04:30:10'/>
	<frames value='36923'/>
	<gameDuration value='2307'/>

	<player>
		<unitScore value='27775'/>
		<killScore value='32800'/>
		<buildingScore value='4075'/>
		<razingScore value='18450'/>
		<mineralScore value='31834'/>
		<gasScore value='3888'/>
		<totalScore value='118822'/>
	</player>

	<enemy>
		<race value='Protoss'/>
		<unitScore value='17200'/>
		<unitScore value='17200'/>
		<killScore value='27950'/>
		<buildingScore value='6150'/>
		<razingScore value='0'/>
		<mineralScore value='20070'/>
		<gasScore value='4088'/>
		<totalScore value='75458'/>
	</enemy>

	<scoreRatio value='1.57468'/>
</results>
