<results>
	<result value='win'/>
	<start value='2015-04-13.04:43:30'/>
	<end value='2015-04-13.04:44:17'/>
	<frames value='25670'/>
	<gameDuration value='1604'/>

	<player>
		<unitScore value='15750'/>
		<killScore value='18850'/>
		<buildingScore value='4450'/>
		<razingScore value='13275'/>
		<mineralScore value='22906'/>
		<gasScore value='1800'/>
		<totalScore value='77031'/>
	</player>

	<enemy>
		<race value='Protoss'/>
		<unitScore value='10475'/>
		<unitScore value='10475'/>
		<killScore value='10000'/>
		<buildingScore value='4425'/>
		<razingScore value='375'/>
		<mineralScore value='11886'/>
		<gasScore value='3056'/>
		<totalScore value='40217'/>
	</enemy>

	<scoreRatio value='1.91538'/>
</results>
