<results>
	<result value='loss'/>
	<start value='2015-04-17.01:14:31'/>
	<end value='2015-04-17.01:14:45'/>
	<frames value='15905'/>
	<gameDuration value='994'/>

	<player>
		<unitScore value='3175'/>
		<killScore value='4300'/>
		<buildingScore value='1450'/>
		<razingScore value='3000'/>
		<mineralScore value='4810'/>
		<gasScore value='616'/>
		<totalScore value='17351'/>
	</player>

	<enemy>
		<race value='Protoss'/>
		<unitScore value='3500'/>
		<unitScore value='3500'/>
		<killScore value='6350'/>
		<buildingScore value='1975'/>
		<razingScore value='4350'/>
		<mineralScore value='5874'/>
		<gasScore value='784'/>
		<totalScore value='22833'/>
	</enemy>

	<scoreRatio value='0.759909'/>
</results>
