<results>
	<result value='loss'/>
	<start value='2015-04-17.01:15:07'/>
	<end value='2015-04-17.01:15:59'/>
	<frames value='40209'/>
	<gameDuration value='2513'/>

	<player>
		<unitScore value='18125'/>
		<killScore value='21400'/>
		<buildingScore value='2550'/>
		<razingScore value='1200'/>
		<mineralScore value='19138'/>
		<gasScore value='1280'/>
		<totalScore value='63693'/>
	</player>

	<enemy>
		<race value='Protoss'/>
		<unitScore value='27250'/>
		<unitScore value='27250'/>
		<killScore value='36350'/>
		<buildingScore value='6625'/>
		<razingScore value='7650'/>
		<mineralScore value='28266'/>
		<gasScore value='9616'/>
		<totalScore value='115757'/>
	</enemy>

	<scoreRatio value='0.55023'/>
</results>
