<results>
	<result value='win'/>
	<start value='2015-04-08.18:27:50'/>
	<end value='2015-04-08.18:28:39'/>
	<frames value='38597'/>
	<gameDuration value='2412'/>

	<player>
		<unitScore value='29350'/>
		<killScore value='37500'/>
		<buildingScore value='3350'/>
		<razingScore value='18675'/>
		<mineralScore value='31402'/>
		<gasScore value='3808'/>
		<totalScore value='124085'/>
	</player>

	<enemy>
		<race value='Protoss'/>
		<unitScore value='20225'/>
		<unitScore value='20225'/>
		<killScore value='38850'/>
		<buildingScore value='6225'/>
		<razingScore value='1650'/>
		<mineralScore value='21642'/>
		<gasScore value='5624'/>
		<totalScore value='94216'/>
	</enemy>

	<scoreRatio value='1.31703'/>
</results>
