<results>
	<result value='loss'/>
	<start value='2015-04-11.09:47:29'/>
	<end value='2015-04-11.09:49:09'/>
	<frames value='51803'/>
	<gameDuration value='3237'/>

	<player>
		<unitScore value='26175'/>
		<killScore value='45600'/>
		<buildingScore value='3050'/>
		<razingScore value='7950'/>
		<mineralScore value='28734'/>
		<gasScore value='4488'/>
		<totalScore value='115997'/>
	</player>

	<enemy>
		<race value='Protoss'/>
		<unitScore value='33350'/>
		<unitScore value='33350'/>
		<killScore value='52350'/>
		<buildingScore value='8175'/>
		<razingScore value='9150'/>
		<mineralScore value='32346'/>
		<gasScore value='9892'/>
		<totalScore value='145263'/>
	</enemy>

	<scoreRatio value='0.798531'/>
</results>
