<results>
	<result value='loss'/>
	<start value='2015-05-10.17:41:58'/>
	<end value='2015-05-10.17:42:06'/>
	<frames value='18292'/>
	<gameDuration value='1143'/>

	<player>
		<unitScore value='900'/>
		<killScore value='300'/>
		<buildingScore value='675'/>
		<razingScore value='0'/>
		<mineralScore value='1258'/>
		<gasScore value='0'/>
		<totalScore value='3133'/>
	</player>

	<enemy>
		<race value='Zerg'/>
		<unitScore value='7675'/>
		<unitScore value='7675'/>
		<killScore value='1800'/>
		<buildingScore value='1220'/>
		<razingScore value='2025'/>
		<mineralScore value='7250'/>
		<gasScore value='1904'/>
		<totalScore value='21874'/>
	</enemy>

	<scoreRatio value='0.143229'/>
	<timeFitness value='0.15875'/>
	<unitsAverage value='8'/>
</results>
