<results>
	<result value='win'/>
	<start value='2015-05-10.17:46:46'/>
	<end value='2015-05-10.17:47:25'/>
	<frames value='29731'/>
	<gameDuration value='1858'/>

	<player>
		<unitScore value='16300'/>
		<killScore value='19630'/>
		<buildingScore value='4275'/>
		<razingScore value='7560'/>
		<mineralScore value='32922'/>
		<gasScore value='3368'/>
		<totalScore value='84055'/>
	</player>

	<enemy>
		<race value='Zerg'/>
		<unitScore value='9400'/>
		<unitScore value='9400'/>
		<killScore value='9450'/>
		<buildingScore value='2520'/>
		<razingScore value='150'/>
		<mineralScore value='10502'/>
		<gasScore value='3544'/>
		<totalScore value='35566'/>
	</enemy>

	<scoreRatio value='2.36335'/>
	<timeFitness value='0.741944'/>
	<unitsAverage value='115'/>
</results>
