<results>
	<result value='win'/>
	<start value='2015-05-10.17:47:28'/>
	<end value='2015-05-10.17:48:18'/>
	<frames value='35838'/>
	<gameDuration value='2239'/>

	<player>
		<unitScore value='26925'/>
		<killScore value='51640'/>
		<buildingScore value='3725'/>
		<razingScore value='6975'/>
		<mineralScore value='30242'/>
		<gasScore value='3576'/>
		<totalScore value='123083'/>
	</player>

	<enemy>
		<race value='Zerg'/>
		<unitScore value='22350'/>
		<unitScore value='22350'/>
		<killScore value='32100'/>
		<buildingScore value='2325'/>
		<razingScore value='0'/>
		<mineralScore value='18730'/>
		<gasScore value='6464'/>
		<totalScore value='81969'/>
	</enemy>

	<scoreRatio value='1.50158'/>
	<timeFitness value='0.689028'/>
	<unitsAverage value='124'/>
</results>
