<results>
	<result value='win'/>
	<start value='2015-05-10.17:49:20'/>
	<end value='2015-05-10.17:49:48'/>
	<frames value='26135'/>
	<gameDuration value='1633'/>

	<player>
		<unitScore value='14175'/>
		<killScore value='19815'/>
		<buildingScore value='4000'/>
		<razingScore value='7530'/>
		<mineralScore value='23674'/>
		<gasScore value='2912'/>
		<totalScore value='72106'/>
	</player>

	<enemy>
		<race value='Zerg'/>
		<unitScore value='9500'/>
		<unitScore value='9500'/>
		<killScore value='9200'/>
		<buildingScore value='2510'/>
		<razingScore value='150'/>
		<mineralScore value='10322'/>
		<gasScore value='3152'/>
		<totalScore value='34834'/>
	</enemy>

	<scoreRatio value='2.06999'/>
	<timeFitness value='0.773194'/>
	<unitsAverage value='90'/>
</results>
