<results>
	<result value='draw'/>
	<start value='2015-05-09.00:36:46'/>
	<end value='2015-05-09.00:38:50'/>
	<frames value='57601'/>
	<gameDuration value='3600'/>

	<player>
		<unitScore value='32625'/>
		<killScore value='34500'/>
		<buildingScore value='4575'/>
		<razingScore value='150'/>
		<mineralScore value='34942'/>
		<gasScore value='8620'/>
		<totalScore value='115412'/>
	</player>

	<enemy>
		<race value='Terran'/>
		<unitScore value='29700'/>
		<unitScore value='29700'/>
		<killScore value='64750'/>
		<buildingScore value='4100'/>
		<razingScore value='9675'/>
		<mineralScore value='19534'/>
		<gasScore value='12104'/>
		<totalScore value='139863'/>
	</enemy>

	<scoreRatio value='0.825179'/>
	<timeFitness value='0.5'/>
	<unitsAverage value='106'/>
</results>
