<results>
	<result value='win'/>
	<start value='2015-05-09.00:40:39'/>
	<end value='2015-05-09.00:41:27'/>
	<frames value='26817'/>
	<gameDuration value='1676'/>

	<player>
		<unitScore value='11675'/>
		<killScore value='19200'/>
		<buildingScore value='3525'/>
		<razingScore value='8400'/>
		<mineralScore value='21954'/>
		<gasScore value='2448'/>
		<totalScore value='67202'/>
	</player>

	<enemy>
		<race value='Terran'/>
		<unitScore value='10000'/>
		<unitScore value='10000'/>
		<killScore value='4800'/>
		<buildingScore value='2800'/>
		<razingScore value='150'/>
		<mineralScore value='10906'/>
		<gasScore value='3632'/>
		<totalScore value='32288'/>
	</enemy>

	<scoreRatio value='2.08133'/>
	<timeFitness value='0.767222'/>
	<unitsAverage value='89'/>
</results>
