<results>
	<result value='loss'/>
	<start value='2015-04-15.02:58:14'/>
	<end value='2015-04-15.02:58:28'/>
	<frames value='15626'/>
	<gameDuration value='976'/>

	<player>
		<unitScore value='3250'/>
		<killScore value='1000'/>
		<buildingScore value='1700'/>
		<razingScore value='0'/>
		<mineralScore value='5362'/>
		<gasScore value='840'/>
		<totalScore value='12152'/>
	</player>

	<enemy>
		<race value='Protoss'/>
		<unitScore value='3550'/>
		<unitScore value='3550'/>
		<killScore value='6500'/>
		<buildingScore value='3375'/>
		<razingScore value='5100'/>
		<mineralScore value='8258'/>
		<gasScore value='1512'/>
		<totalScore value='28295'/>
	</enemy>

	<scoreRatio value='0.429475'/>
</results>
