<results>
	<result value='win'/>
	<start value='2015-04-15.03:07:26'/>
	<end value='2015-04-15.03:08:43'/>
	<frames value='32180'/>
	<gameDuration value='2011'/>

	<player>
		<unitScore value='18800'/>
		<killScore value='16700'/>
		<buildingScore value='4475'/>
		<razingScore value='15675'/>
		<mineralScore value='28606'/>
		<gasScore value='4472'/>
		<totalScore value='88728'/>
	</player>

	<enemy>
		<race value='Protoss'/>
		<unitScore value='8350'/>
		<unitScore value='8350'/>
		<killScore value='13700'/>
		<buildingScore value='5225'/>
		<razingScore value='150'/>
		<mineralScore value='15074'/>
		<gasScore value='2920'/>
		<totalScore value='45419'/>
	</enemy>

	<scoreRatio value='1.95354'/>
</results>
