<results>
	<result value='loss'/>
	<start value='2015-04-15.03:10:20'/>
	<end value='2015-04-15.03:10:37'/>
	<frames value='18323'/>
	<gameDuration value='1145'/>

	<player>
		<unitScore value='2775'/>
		<killScore value='2700'/>
		<buildingScore value='1725'/>
		<razingScore value='0'/>
		<mineralScore value='4962'/>
		<gasScore value='960'/>
		<totalScore value='13122'/>
	</player>

	<enemy>
		<race value='Protoss'/>
		<unitScore value='5275'/>
		<unitScore value='5275'/>
		<killScore value='4800'/>
		<buildingScore value='4225'/>
		<razingScore value='5175'/>
		<mineralScore value='9946'/>
		<gasScore value='2192'/>
		<totalScore value='31613'/>
	</enemy>

	<scoreRatio value='0.415082'/>
</results>
