<results>
	<result value='loss'/>
	<start value='2015-07-13.08:20:10'/>
	<end value='2015-07-13.08:20:58'/>
	<frames value='44704'/>
	<gameDuration value='2794'/>

	<player>
		<unitScore value='27000'/>
		<killScore value='23550'/>
		<buildingScore value='2975'/>
		<razingScore value='1800'/>
		<mineralScore value='29166'/>
		<gasScore value='3672'/>
		<totalScore value='88163'/>
	</player>

	<enemy>
		<race value='Protoss'/>
		<unitScore value='30675'/>
		<killScore value='54000'/>
		<buildingScore value='8725'/>
		<razingScore value='8925'/>
		<mineralScore value='29558'/>
		<gasScore value='11944'/>
		<totalScore value='143827'/>
	</enemy>

	<scoreRatio value='0.612979'/>
	<timeFitness value='0.388056'/>
	<unitsAverage value='90'/>
</results>
