<results>
	<result value='loss'/>
	<start value='2014-07-10.14:53:59'/>
	<end value='2014-07-10.14:54:06'/>
	<frames value='17238'/>
	<gameDuration value='1077'/>

	<player>
		<unitScore value='2950'/>
		<killScore value='1600'/>
		<buildingScore value='1350'/>
		<razingScore value='0'/>
		<mineralScore value='4810'/>
		<gasScore value='784'/>
		<totalScore value='11494'/>
	</player>

	<enemy>
		<race value='Protoss'/>
		<unitScore value='3600'/>
		<unitScore value='3600'/>
		<killScore value='5900'/>
		<buildingScore value='4075'/>
		<razingScore value='4050'/>
		<mineralScore value='9498'/>
		<gasScore value='1640'/>
		<totalScore value='28763'/>
	</enemy>

	<scoreRatio value='0.399611'/>
</results>
