<results>
	<result value='win'/>
	<start value='2014-07-15.15:50:19'/>
	<end value='2014-07-15.15:50:39'/>
	<frames value='27282'/>
	<gameDuration value='1705'/>

	<player>
		<unitScore value='14800'/>
		<killScore value='16800'/>
		<buildingScore value='3775'/>
		<razingScore value='15375'/>
		<mineralScore value='21922'/>
		<gasScore value='2416'/>
		<totalScore value='75088'/>
	</player>

	<enemy>
		<race value='Protoss'/>
		<unitScore value='8400'/>
		<unitScore value='8400'/>
		<killScore value='10950'/>
		<buildingScore value='5125'/>
		<razingScore value='150'/>
		<mineralScore value='13242'/>
		<gasScore value='2328'/>
		<totalScore value='40195'/>
	</enemy>

	<scoreRatio value='1.86809'/>
</results>
