<results>
	<result value='win'/>
	<start value='2015-04-12.19:29:03'/>
	<end value='2015-04-12.19:29:29'/>
	<frames value='29886'/>
	<gameDuration value='1867'/>

	<player>
		<unitScore value='21150'/>
		<killScore value='19400'/>
		<buildingScore value='4400'/>
		<razingScore value='14100'/>
		<mineralScore value='25934'/>
		<gasScore value='3592'/>
		<totalScore value='88576'/>
	</player>

	<enemy>
		<race value='Protoss'/>
		<unitScore value='10700'/>
		<unitScore value='10700'/>
		<killScore value='21100'/>
		<buildingScore value='4700'/>
		<razingScore value='150'/>
		<mineralScore value='14150'/>
		<gasScore value='3688'/>
		<totalScore value='54488'/>
	</enemy>

	<scoreRatio value='1.62561'/>
</results>
