<results>
	<result value='loss'/>
	<start value='2014-07-23.00:23:11'/>
	<end value='2014-07-23.00:23:21'/>
	<frames value='18974'/>
	<gameDuration value='1185'/>

	<player>
		<unitScore value='3400'/>
		<killScore value='1200'/>
		<buildingScore value='1700'/>
		<razingScore value='0'/>
		<mineralScore value='4954'/>
		<gasScore value='672'/>
		<totalScore value='11926'/>
	</player>

	<enemy>
		<race value='Protoss'/>
		<unitScore value='3900'/>
		<unitScore value='3900'/>
		<killScore value='6800'/>
		<buildingScore value='5075'/>
		<razingScore value='5100'/>
		<mineralScore value='10746'/>
		<gasScore value='1904'/>
		<totalScore value='33525'/>
	</enemy>

	<scoreRatio value='0.355735'/>
</results>
