<results>
	<result value='win'/>
	<start value='2015-04-28.05:23:41'/>
	<end value='2015-04-28.05:24:16'/>
	<frames value='32459'/>
	<gameDuration value='2028'/>

	<player>
		<unitScore value='13125'/>
		<killScore value='26050'/>
		<buildingScore value='3675'/>
		<razingScore value='12525'/>
		<mineralScore value='17306'/>
		<gasScore value='2120'/>
		<totalScore value='74801'/>
	</player>

	<enemy>
		<race value='Terran'/>
		<unitScore value='13025'/>
		<unitScore value='13025'/>
		<killScore value='10850'/>
		<buildingScore value='4175'/>
		<razingScore value='2025'/>
		<mineralScore value='12854'/>
		<gasScore value='5656'/>
		<totalScore value='48585'/>
	</enemy>

	<scoreRatio value='1.53959'/>
</results>
