<results>
	<result value='loss'/>
	<start value='2015-04-28.05:39:26'/>
	<end value='2015-04-28.05:39:38'/>
	<frames value='17362'/>
	<gameDuration value='1085'/>

	<player>
		<unitScore value='3300'/>
		<killScore value='700'/>
		<buildingScore value='2600'/>
		<razingScore value='0'/>
		<mineralScore value='6602'/>
		<gasScore value='776'/>
		<totalScore value='13978'/>
	</player>

	<enemy>
		<race value='Terran'/>
		<unitScore value='6400'/>
		<unitScore value='6400'/>
		<killScore value='6600'/>
		<buildingScore value='2700'/>
		<razingScore value='7800'/>
		<mineralScore value='7898'/>
		<gasScore value='2688'/>
		<totalScore value='34086'/>
	</enemy>

	<scoreRatio value='0.41008'/>
</results>
