<results>
	<result value='win'/>
	<start value='2015-05-06.23:31:56'/>
	<end value='2015-05-06.23:32:18'/>
	<frames value='27561'/>
	<gameDuration value='1722'/>

	<player>
		<unitScore value='13600'/>
		<killScore value='24100'/>
		<buildingScore value='3000'/>
		<razingScore value='8700'/>
		<mineralScore value='18450'/>
		<gasScore value='2136'/>
		<totalScore value='69986'/>
	</player>

	<enemy>
		<race value='Terran'/>
		<unitScore value='12050'/>
		<unitScore value='12050'/>
		<killScore value='12000'/>
		<buildingScore value='3050'/>
		<razingScore value='600'/>
		<mineralScore value='11074'/>
		<gasScore value='4760'/>
		<totalScore value='43534'/>
	</enemy>

	<scoreRatio value='1.60762'/>
	<timeFitness value='0.760833'/>
	<unitsAverage value='72'/>
</results>
