<results>
	<result value='win'/>
	<start value='2015-05-06.23:42:17'/>
	<end value='2015-05-06.23:42:34'/>
	<frames value='21423'/>
	<gameDuration value='1338'/>

	<player>
		<unitScore value='9450'/>
		<killScore value='15300'/>
		<buildingScore value='3650'/>
		<razingScore value='6450'/>
		<mineralScore value='16374'/>
		<gasScore value='2344'/>
		<totalScore value='53568'/>
	</player>

	<enemy>
		<race value='Terran'/>
		<unitScore value='7650'/>
		<unitScore value='7650'/>
		<killScore value='2400'/>
		<buildingScore value='2150'/>
		<razingScore value='1350'/>
		<mineralScore value='8466'/>
		<gasScore value='2616'/>
		<totalScore value='24632'/>
	</enemy>

	<scoreRatio value='2.17473'/>
	<timeFitness value='0.814167'/>
	<unitsAverage value='70'/>
</results>
