<results>
	<result value='win'/>
	<start value='2015-05-06.23:57:54'/>
	<end value='2015-05-06.23:58:05'/>
	<frames value='17703'/>
	<gameDuration value='1106'/>

	<player>
		<unitScore value='5600'/>
		<killScore value='11100'/>
		<buildingScore value='2800'/>
		<razingScore value='4350'/>
		<mineralScore value='9802'/>
		<gasScore value='1776'/>
		<totalScore value='35428'/>
	</player>

	<enemy>
		<race value='Terran'/>
		<unitScore value='5550'/>
		<unitScore value='5550'/>
		<killScore value='1800'/>
		<buildingScore value='1450'/>
		<razingScore value='1350'/>
		<mineralScore value='7706'/>
		<gasScore value='1920'/>
		<totalScore value='19776'/>
	</enemy>

	<scoreRatio value='1.79146'/>
	<timeFitness value='0.846389'/>
	<unitsAverage value='48'/>
</results>
