<results>
	<result value='win'/>
	<start value='2015-04-12.05:16:30'/>
	<end value='2015-04-12.05:17:28'/>
	<frames value='28770'/>
	<gameDuration value='1798'/>

	<player>
		<unitScore value='17050'/>
		<killScore value='23700'/>
		<buildingScore value='4725'/>
		<razingScore value='17325'/>
		<mineralScore value='29874'/>
		<gasScore value='2048'/>
		<totalScore value='94722'/>
	</player>

	<enemy>
		<race value='Protoss'/>
		<unitScore value='12475'/>
		<unitScore value='12475'/>
		<killScore value='9750'/>
		<buildingScore value='5775'/>
		<razingScore value='0'/>
		<mineralScore value='16338'/>
		<gasScore value='3664'/>
		<totalScore value='48002'/>
	</enemy>

	<scoreRatio value='1.97329'/>
</results>
