<results>
	<result value='win'/>
	<start value='2015-04-10.03:11:00'/>
	<end value='2015-04-10.03:11:55'/>
	<frames value='38256'/>
	<gameDuration value='2391'/>

	<player>
		<unitScore value='28150'/>
		<killScore value='49600'/>
		<buildingScore value='4100'/>
		<razingScore value='19425'/>
		<mineralScore value='32562'/>
		<gasScore value='2728'/>
		<totalScore value='136565'/>
	</player>

	<enemy>
		<race value='Protoss'/>
		<unitScore value='26700'/>
		<unitScore value='26700'/>
		<killScore value='31450'/>
		<buildingScore value='6475'/>
		<razingScore value='0'/>
		<mineralScore value='23338'/>
		<gasScore value='8056'/>
		<totalScore value='96019'/>
	</enemy>

	<scoreRatio value='1.42227'/>
</results>
