<results>
	<result value='win'/>
	<start value='2015-04-25.06:15:49'/>
	<end value='2015-04-25.06:16:20'/>
	<frames value='39310'/>
	<gameDuration value='2456'/>

	<player>
		<unitScore value='16900'/>
		<killScore value='31900'/>
		<buildingScore value='3225'/>
		<razingScore value='12375'/>
		<mineralScore value='20302'/>
		<gasScore value='3800'/>
		<totalScore value='88502'/>
	</player>

	<enemy>
		<race value='Terran'/>
		<unitScore value='17050'/>
		<unitScore value='17050'/>
		<killScore value='19800'/>
		<buildingScore value='4300'/>
		<razingScore value='3300'/>
		<mineralScore value='15730'/>
		<gasScore value='6960'/>
		<totalScore value='67140'/>
	</enemy>

	<scoreRatio value='1.31817'/>
</results>
