<results>
	<result value='win'/>
	<start value='2015-04-25.06:25:34'/>
	<end value='2015-04-25.06:26:20'/>
	<frames value='38163'/>
	<gameDuration value='2385'/>

	<player>
		<unitScore value='24275'/>
		<killScore value='37800'/>
		<buildingScore value='3950'/>
		<razingScore value='12825'/>
		<mineralScore value='29678'/>
		<gasScore value='4088'/>
		<totalScore value='112616'/>
	</player>

	<enemy>
		<race value='Terran'/>
		<unitScore value='23775'/>
		<unitScore value='23775'/>
		<killScore value='24800'/>
		<buildingScore value='4275'/>
		<razingScore value='2850'/>
		<mineralScore value='18310'/>
		<gasScore value='9310'/>
		<totalScore value='83320'/>
	</enemy>

	<scoreRatio value='1.35161'/>
</results>
