<results>
	<result value='loss'/>
	<start value='2015-04-29.17:23:06'/>
	<end value='2015-04-29.17:23:27'/>
	<frames value='29049'/>
	<gameDuration value='1815'/>

	<player>
		<unitScore value='10725'/>
		<killScore value='6300'/>
		<buildingScore value='1600'/>
		<razingScore value='1200'/>
		<mineralScore value='11766'/>
		<gasScore value='2192'/>
		<totalScore value='33783'/>
	</player>

	<enemy>
		<race value='Protoss'/>
		<unitScore value='12825'/>
		<unitScore value='12825'/>
		<killScore value='21450'/>
		<buildingScore value='7325'/>
		<razingScore value='4800'/>
		<mineralScore value='19258'/>
		<gasScore value='5688'/>
		<totalScore value='71346'/>
	</enemy>

	<scoreRatio value='0.473509'/>
</results>
