<results>
	<result value='loss'/>
	<start value='2015-04-29.17:25:22'/>
	<end value='2015-04-29.17:25:35'/>
	<frames value='18726'/>
	<gameDuration value='1170'/>

	<player>
		<unitScore value='6075'/>
		<killScore value='4000'/>
		<buildingScore value='1400'/>
		<razingScore value='600'/>
		<mineralScore value='7482'/>
		<gasScore value='1032'/>
		<totalScore value='20589'/>
	</player>

	<enemy>
		<race value='Protoss'/>
		<unitScore value='6025'/>
		<unitScore value='6025'/>
		<killScore value='12150'/>
		<buildingScore value='3375'/>
		<razingScore value='4200'/>
		<mineralScore value='9202'/>
		<gasScore value='2672'/>
		<totalScore value='37624'/>
	</enemy>

	<scoreRatio value='0.54723'/>
</results>
