<results>
	<result value='loss'/>
	<start value='2015-05-09.12:00:23'/>
	<end value='2015-05-09.12:00:35'/>
	<frames value='19656'/>
	<gameDuration value='1228'/>

	<player>
		<unitScore value='4550'/>
		<killScore value='3100'/>
		<buildingScore value='2000'/>
		<razingScore value='0'/>
		<mineralScore value='6482'/>
		<gasScore value='672'/>
		<totalScore value='16804'/>
	</player>

	<enemy>
		<race value='Terran'/>
		<unitScore value='7725'/>
		<unitScore value='7725'/>
		<killScore value='9100'/>
		<buildingScore value='2850'/>
		<razingScore value='6000'/>
		<mineralScore value='9186'/>
		<gasScore value='3440'/>
		<totalScore value='38301'/>
	</enemy>

	<scoreRatio value='0.438735'/>
	<timeFitness value='0.170556'/>
	<unitsAverage value='28'/>
</results>
