<results>
	<result value='loss'/>
	<start value='2015-05-09.12:00:37'/>
	<end value='2015-05-09.12:00:49'/>
	<frames value='19718'/>
	<gameDuration value='1232'/>

	<player>
		<unitScore value='3975'/>
		<killScore value='1900'/>
		<buildingScore value='1950'/>
		<razingScore value='0'/>
		<mineralScore value='5874'/>
		<gasScore value='936'/>
		<totalScore value='14635'/>
	</player>

	<enemy>
		<race value='Terran'/>
		<unitScore value='8025'/>
		<unitScore value='8025'/>
		<killScore value='7950'/>
		<buildingScore value='2850'/>
		<razingScore value='5850'/>
		<mineralScore value='9018'/>
		<gasScore value='3608'/>
		<totalScore value='37301'/>
	</enemy>

	<scoreRatio value='0.392349'/>
	<timeFitness value='0.171111'/>
	<unitsAverage value='26'/>
</results>
