<results>
	<result value='loss'/>
	<start value='2015-05-09.12:02:24'/>
	<end value='2015-05-09.12:02:36'/>
	<frames value='18540'/>
	<gameDuration value='1158'/>

	<player>
		<unitScore value='4075'/>
		<killScore value='2650'/>
		<buildingScore value='1450'/>
		<razingScore value='0'/>
		<mineralScore value='5482'/>
		<gasScore value='808'/>
		<totalScore value='14465'/>
	</player>

	<enemy>
		<race value='Terran'/>
		<unitScore value='7150'/>
		<unitScore value='7150'/>
		<killScore value='8150'/>
		<buildingScore value='2850'/>
		<razingScore value='4350'/>
		<mineralScore value='8426'/>
		<gasScore value='3024'/>
		<totalScore value='33950'/>
	</enemy>

	<scoreRatio value='0.426068'/>
	<timeFitness value='0.160833'/>
	<unitsAverage value='26'/>
</results>
