<results>
	<result value='win'/>
	<start value='2014-07-04.16:00:22'/>
	<end value='2014-07-04.16:00:52'/>
	<frames value='35342'/>
	<gameDuration value='2208'/>

	<player>
		<unitScore value='17800'/>
		<killScore value='30300'/>
		<buildingScore value='4700'/>
		<razingScore value='10875'/>
		<mineralScore value='24306'/>
		<gasScore value='2520'/>
		<totalScore value='90501'/>
	</player>

	<enemy>
		<race value='Terran'/>
		<unitScore value='15150'/>
		<unitScore value='15150'/>
		<killScore value='15200'/>
		<buildingScore value='3800'/>
		<razingScore value='3300'/>
		<mineralScore value='13506'/>
		<gasScore value='6028'/>
		<totalScore value='56984'/>
	</enemy>

	<scoreRatio value='1.58818'/>
</results>
