<results>
	<result value='loss'/>
	<start value='2015-05-11.02:23:18'/>
	<end value='2015-05-11.02:23:45'/>
	<frames value='22663'/>
	<gameDuration value='1416'/>

	<player>
		<unitScore value='6025'/>
		<killScore value='2150'/>
		<buildingScore value='2100'/>
		<razingScore value='0'/>
		<mineralScore value='9234'/>
		<gasScore value='1312'/>
		<totalScore value='20821'/>
	</player>

	<enemy>
		<race value='Zerg'/>
		<unitScore value='11325'/>
		<unitScore value='11325'/>
		<killScore value='9900'/>
		<buildingScore value='3020'/>
		<razingScore value='6300'/>
		<mineralScore value='12354'/>
		<gasScore value='3936'/>
		<totalScore value='46835'/>
	</enemy>

	<scoreRatio value='0.444561'/>
	<timeFitness value='0.196667'/>
	<unitsAverage value='38'/>
</results>
