<results>
	<result value='loss'/>
	<start value='2015-05-11.02:32:06'/>
	<end value='2015-05-11.02:32:11'/>
	<frames value='7442'/>
	<gameDuration value='465'/>

	<player>
		<unitScore value='850'/>
		<killScore value='100'/>
		<buildingScore value='650'/>
		<razingScore value='0'/>
		<mineralScore value='1186'/>
		<gasScore value='32'/>
		<totalScore value='2818'/>
	</player>

	<enemy>
		<race value='Zerg'/>
		<unitScore value='1250'/>
		<unitScore value='1250'/>
		<killScore value='1700'/>
		<buildingScore value='440'/>
		<razingScore value='1950'/>
		<mineralScore value='1930'/>
		<gasScore value='16'/>
		<totalScore value='7286'/>
	</enemy>

	<scoreRatio value='0.386769'/>
	<timeFitness value='0.0645833'/>
	<unitsAverage value='8'/>
</results>
