<results>
	<result value='win'/>
	<start value='2015-05-05.17:36:46'/>
	<end value='2015-05-05.17:36:53'/>
	<frames value='10635'/>
	<gameDuration value='664'/>

	<player>
		<unitScore value='3250'/>
		<killScore value='2140'/>
		<buildingScore value='1350'/>
		<razingScore value='2100'/>
		<mineralScore value='4882'/>
		<gasScore value='0'/>
		<totalScore value='13722'/>
	</player>

	<enemy>
		<race value='Zerg'/>
		<unitScore value='1200'/>
		<unitScore value='1200'/>
		<killScore value='700'/>
		<buildingScore value='700'/>
		<razingScore value='0'/>
		<mineralScore value='2746'/>
		<gasScore value='152'/>
		<totalScore value='5498'/>
	</enemy>

	<scoreRatio value='2.49582'/>
	<timeFitness value='0.907778'/>
	<unitsAverage value='29'/>
</results>
