<results>
	<result value='win'/>
	<start value='2015-05-05.17:36:57'/>
	<end value='2015-05-05.17:37:36'/>
	<frames value='29328'/>
	<gameDuration value='1833'/>

	<player>
		<unitScore value='24250'/>
		<killScore value='21720'/>
		<buildingScore value='3400'/>
		<razingScore value='6600'/>
		<mineralScore value='30442'/>
		<gasScore value='0'/>
		<totalScore value='86412'/>
	</player>

	<enemy>
		<race value='Zerg'/>
		<unitScore value='10600'/>
		<unitScore value='10600'/>
		<killScore value='31000'/>
		<buildingScore value='2200'/>
		<razingScore value='0'/>
		<mineralScore value='10074'/>
		<gasScore value='3208'/>
		<totalScore value='57082'/>
	</enemy>

	<scoreRatio value='1.51382'/>
	<timeFitness value='0.745417'/>
	<unitsAverage value='108'/>
</results>
