<results>
	<result value='win'/>
	<start value='2015-04-14.07:05:59'/>
	<end value='2015-04-14.07:07:18'/>
	<frames value='44952'/>
	<gameDuration value='2809'/>

	<player>
		<unitScore value='26875'/>
		<killScore value='38850'/>
		<buildingScore value='3150'/>
		<razingScore value='26475'/>
		<mineralScore value='27514'/>
		<gasScore value='4992'/>
		<totalScore value='127856'/>
	</player>

	<enemy>
		<race value='Protoss'/>
		<unitScore value='21275'/>
		<unitScore value='21275'/>
		<killScore value='37200'/>
		<buildingScore value='8825'/>
		<razingScore value='150'/>
		<mineralScore value='26922'/>
		<gasScore value='7544'/>
		<totalScore value='101916'/>
	</enemy>

	<scoreRatio value='1.25452'/>
</results>
