<results>
	<result value='loss'/>
	<start value='2015-07-20.12:36:35'/>
	<end value='2015-07-20.12:36:52'/>
	<frames value='20090'/>
	<gameDuration value='1255'/>

	<player>
		<unitScore value='4275'/>
		<killScore value='2000'/>
		<buildingScore value='1800'/>
		<razingScore value='0'/>
		<mineralScore value='4914'/>
		<gasScore value='1104'/>
		<totalScore value='14093'/>
	</player>

	<enemy>
		<race value='Zerg'/>
		<unitScore value='7750'/>
		<killScore value='7550'/>
		<buildingScore value='2100'/>
		<razingScore value='5400'/>
		<mineralScore value='9026'/>
		<gasScore value='3080'/>
		<totalScore value='34906'/>
	</enemy>

	<scoreRatio value='0.403741'/>
	<timeFitness value='0.174306'/>
	<unitsAverage value='25'/>
</results>
