<results>
	<result value='win'/>
	<start value='2015-05-01.03:34:15'/>
	<end value='2015-05-01.03:35:03'/>
	<frames value='30165'/>
	<gameDuration value='1885'/>

	<player>
		<unitScore value='18375'/>
		<killScore value='38625'/>
		<buildingScore value='4900'/>
		<razingScore value='5940'/>
		<mineralScore value='25770'/>
		<gasScore value='2312'/>
		<totalScore value='95922'/>
	</player>

	<enemy>
		<race value='Zerg'/>
		<unitScore value='16725'/>
		<unitScore value='16725'/>
		<killScore value='16250'/>
		<buildingScore value='1980'/>
		<razingScore value='0'/>
		<mineralScore value='14290'/>
		<gasScore value='4480'/>
		<totalScore value='53725'/>
	</enemy>

	<scoreRatio value='1.78543'/>
</results>
