<results>
	<result value='win'/>
	<start value='2015-05-01.03:35:49'/>
	<end value='2015-05-01.03:36:43'/>
	<frames value='29948'/>
	<gameDuration value='1871'/>

	<player>
		<unitScore value='19625'/>
		<killScore value='20860'/>
		<buildingScore value='4225'/>
		<razingScore value='6480'/>
		<mineralScore value='31042'/>
		<gasScore value='2272'/>
		<totalScore value='84504'/>
	</player>

	<enemy>
		<race value='Zerg'/>
		<unitScore value='10100'/>
		<unitScore value='10100'/>
		<killScore value='15650'/>
		<buildingScore value='2160'/>
		<razingScore value='0'/>
		<mineralScore value='10986'/>
		<gasScore value='3520'/>
		<totalScore value='42416'/>
	</enemy>

	<scoreRatio value='1.99227'/>
</results>
