<results>
	<result value='win'/>
	<start value='2015-05-01.03:42:37'/>
	<end value='2015-05-01.03:43:17'/>
	<frames value='31188'/>
	<gameDuration value='1949'/>

	<player>
		<unitScore value='17275'/>
		<killScore value='29020'/>
		<buildingScore value='3200'/>
		<razingScore value='9465'/>
		<mineralScore value='20638'/>
		<gasScore value='2688'/>
		<totalScore value='82286'/>
	</player>

	<enemy>
		<race value='Zerg'/>
		<unitScore value='13450'/>
		<unitScore value='13450'/>
		<killScore value='19150'/>
		<buildingScore value='3155'/>
		<razingScore value='825'/>
		<mineralScore value='15082'/>
		<gasScore value='4288'/>
		<totalScore value='55950'/>
	</enemy>

	<scoreRatio value='1.47071'/>
</results>
