<results>
	<result value='loss'/>
	<start value='2015-07-14.00:15:01'/>
	<end value='2015-07-14.00:15:10'/>
	<frames value='19315'/>
	<gameDuration value='1207'/>

	<player>
		<unitScore value='3825'/>
		<killScore value='1600'/>
		<buildingScore value='1950'/>
		<razingScore value='0'/>
		<mineralScore value='5442'/>
		<gasScore value='968'/>
		<totalScore value='13785'/>
	</player>

	<enemy>
		<race value='Protoss'/>
		<unitScore value='5100'/>
		<killScore value='7550'/>
		<buildingScore value='4425'/>
		<razingScore value='5850'/>
		<mineralScore value='10786'/>
		<gasScore value='2488'/>
		<totalScore value='36199'/>
	</enemy>

	<scoreRatio value='0.380812'/>
	<timeFitness value='0.167639'/>
	<unitsAverage value='21'/>
</results>
