<results>
	<result value='win'/>
	<start value='2015-05-07.20:03:49'/>
	<end value='2015-05-07.20:04:12'/>
	<frames value='25422'/>
	<gameDuration value='1588'/>

	<player>
		<unitScore value='15850'/>
		<killScore value='22670'/>
		<buildingScore value='3200'/>
		<razingScore value='6735'/>
		<mineralScore value='23218'/>
		<gasScore value='2856'/>
		<totalScore value='74529'/>
	</player>

	<enemy>
		<race value='Zerg'/>
		<unitScore value='11100'/>
		<unitScore value='11100'/>
		<killScore value='11550'/>
		<buildingScore value='2245'/>
		<razingScore value='0'/>
		<mineralScore value='11242'/>
		<gasScore value='3312'/>
		<totalScore value='39449'/>
	</enemy>

	<scoreRatio value='1.88925'/>
	<timeFitness value='0.779444'/>
	<unitsAverage value='96'/>
</results>
