<results>
	<result value='loss'/>
	<start value='2015-05-07.20:11:05'/>
	<end value='2015-05-07.20:11:12'/>
	<frames value='18385'/>
	<gameDuration value='1149'/>

	<player>
		<unitScore value='1100'/>
		<killScore value='450'/>
		<buildingScore value='675'/>
		<razingScore value='0'/>
		<mineralScore value='1466'/>
		<gasScore value='72'/>
		<totalScore value='3763'/>
	</player>

	<enemy>
		<race value='Zerg'/>
		<unitScore value='6950'/>
		<unitScore value='6950'/>
		<killScore value='2200'/>
		<buildingScore value='1520'/>
		<razingScore value='2025'/>
		<mineralScore value='7050'/>
		<gasScore value='1960'/>
		<totalScore value='21705'/>
	</enemy>

	<scoreRatio value='0.17337'/>
	<timeFitness value='0.159583'/>
	<unitsAverage value='8'/>
</results>
