<results>
	<result value='win'/>
	<start value='2015-05-07.20:12:47'/>
	<end value='2015-05-07.20:13:02'/>
	<frames value='19749'/>
	<gameDuration value='1234'/>

	<player>
		<unitScore value='10150'/>
		<killScore value='16710'/>
		<buildingScore value='3450'/>
		<razingScore value='4800'/>
		<mineralScore value='17082'/>
		<gasScore value='1680'/>
		<totalScore value='53872'/>
	</player>

	<enemy>
		<race value='Zerg'/>
		<unitScore value='8250'/>
		<unitScore value='8250'/>
		<killScore value='6100'/>
		<buildingScore value='1600'/>
		<razingScore value='0'/>
		<mineralScore value='8090'/>
		<gasScore value='2432'/>
		<totalScore value='26472'/>
	</enemy>

	<scoreRatio value='2.03506'/>
	<timeFitness value='0.828611'/>
	<unitsAverage value='72'/>
</results>
