<results>
	<result value='win'/>
	<start value='2015-05-07.20:19:49'/>
	<end value='2015-05-07.20:20:16'/>
	<frames value='27375'/>
	<gameDuration value='1710'/>

	<player>
		<unitScore value='15725'/>
		<killScore value='19915'/>
		<buildingScore value='3875'/>
		<razingScore value='7170'/>
		<mineralScore value='27186'/>
		<gasScore value='3088'/>
		<totalScore value='76959'/>
	</player>

	<enemy>
		<race value='Zerg'/>
		<unitScore value='9600'/>
		<unitScore value='9600'/>
		<killScore value='9850'/>
		<buildingScore value='2390'/>
		<razingScore value='0'/>
		<mineralScore value='10506'/>
		<gasScore value='3424'/>
		<totalScore value='35770'/>
	</enemy>

	<scoreRatio value='2.1515'/>
	<timeFitness value='0.7625'/>
	<unitsAverage value='103'/>
</results>
