<results>
	<result value='win'/>
	<start value='2015-05-07.20:35:42'/>
	<end value='2015-05-07.20:36:08'/>
	<frames value='25825'/>
	<gameDuration value='1614'/>

	<player>
		<unitScore value='16925'/>
		<killScore value='23090'/>
		<buildingScore value='4450'/>
		<razingScore value='4560'/>
		<mineralScore value='26746'/>
		<gasScore value='2864'/>
		<totalScore value='78635'/>
	</player>

	<enemy>
		<race value='Zerg'/>
		<unitScore value='10675'/>
		<unitScore value='10675'/>
		<killScore value='12400'/>
		<buildingScore value='1520'/>
		<razingScore value='0'/>
		<mineralScore value='9682'/>
		<gasScore value='2824'/>
		<totalScore value='37101'/>
	</enemy>

	<scoreRatio value='2.11948'/>
	<timeFitness value='0.775833'/>
	<unitsAverage value='100'/>
</results>
