<results>
	<result value='win'/>
	<start value='2015-05-07.20:39:49'/>
	<end value='2015-05-07.20:39:07'/>
	<frames value='28987'/>
	<gameDuration value='1811'/>

	<player>
		<unitScore value='16325'/>
		<killScore value='24370'/>
		<buildingScore value='4475'/>
		<razingScore value='7560'/>
		<mineralScore value='23538'/>
		<gasScore value='2752'/>
		<totalScore value='79020'/>
	</player>

	<enemy>
		<race value='Zerg'/>
		<unitScore value='11750'/>
		<unitScore value='11750'/>
		<killScore value='13600'/>
		<buildingScore value='2520'/>
		<razingScore value='1950'/>
		<mineralScore value='11898'/>
		<gasScore value='4672'/>
		<totalScore value='46390'/>
	</enemy>

	<scoreRatio value='1.70338'/>
	<timeFitness value='0.748472'/>
	<unitsAverage value='91'/>
</results>
