<results>
	<result value='win'/>
	<start value='2015-05-10.18:22:21'/>
	<end value='2015-05-10.18:23:23'/>
	<frames value='32769'/>
	<gameDuration value='2048'/>

	<player>
		<unitScore value='23350'/>
		<killScore value='46115'/>
		<buildingScore value='3650'/>
		<razingScore value='6855'/>
		<mineralScore value='25778'/>
		<gasScore value='3504'/>
		<totalScore value='109252'/>
	</player>

	<enemy>
		<race value='Zerg'/>
		<unitScore value='19100'/>
		<unitScore value='19100'/>
		<killScore value='22300'/>
		<buildingScore value='2285'/>
		<razingScore value='0'/>
		<mineralScore value='17110'/>
		<gasScore value='5472'/>
		<totalScore value='66267'/>
	</enemy>

	<scoreRatio value='1.64866'/>
	<timeFitness value='0.715556'/>
	<unitsAverage value='99'/>
</results>
