<results>
	<result value='draw'/>
	<start value='2015-05-05.00:16:23'/>
	<end value='2015-05-05.00:17:39'/>
	<frames value='57601'/>
	<gameDuration value='3600'/>

	<player>
		<unitScore value='39700'/>
		<killScore value='58560'/>
		<buildingScore value='3000'/>
		<razingScore value='2055'/>
		<mineralScore value='43542'/>
		<gasScore value='0'/>
		<totalScore value='146857'/>
	</player>

	<enemy>
		<race value='Zerg'/>
		<unitScore value='26875'/>
		<unitScore value='26875'/>
		<killScore value='70600'/>
		<buildingScore value='1890'/>
		<razingScore value='0'/>
		<mineralScore value='19550'/>
		<gasScore value='9496'/>
		<totalScore value='128411'/>
	</enemy>

	<scoreRatio value='1.14365'/>
	<timeFitness value='0.5'/>
	<unitsAverage value='96'/>
</results>
