<results>
	<result value='draw'/>
	<start value='2015-05-10.18:28:57'/>
	<end value='2015-05-10.18:31:00'/>
	<frames value='57601'/>
	<gameDuration value='3600'/>

	<player>
		<unitScore value='31925'/>
		<killScore value='51340'/>
		<buildingScore value='5675'/>
		<razingScore value='12180'/>
		<mineralScore value='35638'/>
		<gasScore value='4040'/>
		<totalScore value='140798'/>
	</player>

	<enemy>
		<race value='Zerg'/>
		<unitScore value='23600'/>
		<unitScore value='23600'/>
		<killScore value='35950'/>
		<buildingScore value='4125'/>
		<razingScore value='3375'/>
		<mineralScore value='21958'/>
		<gasScore value='9370'/>
		<totalScore value='98378'/>
	</enemy>

	<scoreRatio value='1.43119'/>
	<timeFitness value='0.5'/>
	<unitsAverage value='108'/>
</results>
