<results>
	<result value='loss'/>
	<start value='2015-04-16.22:03:38'/>
	<end value='2015-04-16.22:03:58'/>
	<frames value='25794'/>
	<gameDuration value='1612'/>

	<player>
		<unitScore value='3250'/>
		<killScore value='2400'/>
		<buildingScore value='1475'/>
		<razingScore value='150'/>
		<mineralScore value='4778'/>
		<gasScore value='320'/>
		<totalScore value='12373'/>
	</player>

	<enemy>
		<race value='Protoss'/>
		<unitScore value='9550'/>
		<unitScore value='9550'/>
		<killScore value='6500'/>
		<buildingScore value='6975'/>
		<razingScore value='4425'/>
		<mineralScore value='15982'/>
		<gasScore value='5016'/>
		<totalScore value='48448'/>
	</enemy>

	<scoreRatio value='0.255387'/>
</results>
