<results>
	<result value='win'/>
	<start value='2015-05-10.07:05:20'/>
	<end value='2015-05-10.07:05:50'/>
	<frames value='29762'/>
	<gameDuration value='1860'/>

	<player>
		<unitScore value='12900'/>
		<killScore value='22550'/>
		<buildingScore value='3550'/>
		<razingScore value='10275'/>
		<mineralScore value='22898'/>
		<gasScore value='2648'/>
		<totalScore value='74821'/>
	</player>

	<enemy>
		<race value='Terran'/>
		<unitScore value='12475'/>
		<unitScore value='12475'/>
		<killScore value='8550'/>
		<buildingScore value='3425'/>
		<razingScore value='1500'/>
		<mineralScore value='12546'/>
		<gasScore value='5520'/>
		<totalScore value='44016'/>
	</enemy>

	<scoreRatio value='1.69986'/>
	<timeFitness value='0.741667'/>
	<unitsAverage value='86'/>
</results>
