<results>
	<result value='win'/>
	<start value='2015-05-10.07:10:15'/>
	<end value='2015-05-10.07:10:51'/>
	<frames value='30134'/>
	<gameDuration value='1883'/>

	<player>
		<unitScore value='14975'/>
		<killScore value='21200'/>
		<buildingScore value='4600'/>
		<razingScore value='8025'/>
		<mineralScore value='26098'/>
		<gasScore value='2424'/>
		<totalScore value='77322'/>
	</player>

	<enemy>
		<race value='Terran'/>
		<unitScore value='10900'/>
		<unitScore value='10900'/>
		<killScore value='6950'/>
		<buildingScore value='2675'/>
		<razingScore value='0'/>
		<mineralScore value='10386'/>
		<gasScore value='3384'/>
		<totalScore value='34295'/>
	</enemy>

	<scoreRatio value='2.25461'/>
	<timeFitness value='0.738472'/>
	<unitsAverage value='110'/>
</results>
