<results>
	<result value='win'/>
	<start value='2014-07-04.22:33:52'/>
	<end value='2014-07-04.22:34:17'/>
	<frames value='28522'/>
	<gameDuration value='1782'/>

	<player>
		<unitScore value='15775'/>
		<killScore value='25200'/>
		<buildingScore value='3250'/>
		<razingScore value='9525'/>
		<mineralScore value='23970'/>
		<gasScore value='2896'/>
		<totalScore value='80616'/>
	</player>

	<enemy>
		<race value='Terran'/>
		<unitScore value='13400'/>
		<unitScore value='13400'/>
		<killScore value='11300'/>
		<buildingScore value='3175'/>
		<razingScore value='150'/>
		<mineralScore value='12074'/>
		<gasScore value='5152'/>
		<totalScore value='45251'/>
	</enemy>

	<scoreRatio value='1.78153'/>
</results>
