<results>
	<result value='win'/>
	<start value='2015-05-09.11:24:53'/>
	<end value='2015-05-09.11:25:16'/>
	<frames value='27778'/>
	<gameDuration value='1736'/>

	<player>
		<unitScore value='10425'/>
		<killScore value='14100'/>
		<buildingScore value='3200'/>
		<razingScore value='7350'/>
		<mineralScore value='15318'/>
		<gasScore value='1952'/>
		<totalScore value='52345'/>
	</player>

	<enemy>
		<race value='Terran'/>
		<unitScore value='7050'/>
		<unitScore value='7050'/>
		<killScore value='9150'/>
		<buildingScore value='2450'/>
		<razingScore value='3675'/>
		<mineralScore value='7914'/>
		<gasScore value='2384'/>
		<totalScore value='32623'/>
	</enemy>

	<scoreRatio value='1.60454'/>
	<timeFitness value='0.758889'/>
	<unitsAverage value='53'/>
</results>
