<results>
	<result value='loss'/>
	<start value='2015-05-09.11:35:43'/>
	<end value='2015-05-09.11:36:33'/>
	<frames value='50842'/>
	<gameDuration value='3177'/>

	<player>
		<unitScore value='25575'/>
		<killScore value='26900'/>
		<buildingScore value='4050'/>
		<razingScore value='2175'/>
		<mineralScore value='26786'/>
		<gasScore value='5004'/>
		<totalScore value='90490'/>
	</player>

	<enemy>
		<race value='Terran'/>
		<unitScore value='37150'/>
		<unitScore value='37150'/>
		<killScore value='51150'/>
		<buildingScore value='6150'/>
		<razingScore value='12375'/>
		<mineralScore value='26418'/>
		<gasScore value='15784'/>
		<totalScore value='149027'/>
	</enemy>

	<scoreRatio value='0.607205'/>
	<timeFitness value='0.44125'/>
	<unitsAverage value='71'/>
</results>
