<results>
	<result value='win'/>
	<start value='2015-05-04.14:37:42'/>
	<end value='2015-05-04.14:39:03'/>
	<frames value='39248'/>
	<gameDuration value='2453'/>

	<player>
		<unitScore value='23025'/>
		<killScore value='36840'/>
		<buildingScore value='3775'/>
		<razingScore value='10035'/>
		<mineralScore value='34254'/>
		<gasScore value='4432'/>
		<totalScore value='112361'/>
	</player>

	<enemy>
		<race value='Zerg'/>
		<unitScore value='18575'/>
		<unitScore value='18575'/>
		<killScore value='22900'/>
		<buildingScore value='3345'/>
		<razingScore value='0'/>
		<mineralScore value='18290'/>
		<gasScore value='7206'/>
		<totalScore value='70316'/>
	</enemy>

	<scoreRatio value='1.59794'/>
	<timeFitness value='0.659306'/>
	<unitsAverage value='133'/>
</results>
