<results>
	<result value='draw'/>
	<start value='2014-07-07.02:34:31'/>
	<end value='2014-07-07.02:35:16'/>
	<frames value='57601'/>
	<gameDuration value='3600'/>

	<player>
		<unitScore value='23850'/>
		<killScore value='36020'/>
		<buildingScore value='3125'/>
		<razingScore value='6435'/>
		<mineralScore value='26126'/>
		<gasScore value='5132'/>
		<totalScore value='100688'/>
	</player>

	<enemy>
		<race value='Zerg'/>
		<unitScore value='17900'/>
		<unitScore value='17900'/>
		<killScore value='38800'/>
		<buildingScore value='3800'/>
		<razingScore value='2775'/>
		<mineralScore value='19466'/>
		<gasScore value='8508'/>
		<totalScore value='91249'/>
	</enemy>

	<scoreRatio value='1.10344'/>
</results>
