<results>
	<result value='win'/>
	<start value='2015-05-07.05:58:37'/>
	<end value='2015-05-07.05:59:09'/>
	<frames value='33389'/>
	<gameDuration value='2086'/>

	<player>
		<unitScore value='16675'/>
		<killScore value='23950'/>
		<buildingScore value='4825'/>
		<razingScore value='10050'/>
		<mineralScore value='29250'/>
		<gasScore value='3512'/>
		<totalScore value='88262'/>
	</player>

	<enemy>
		<race value='Terran'/>
		<unitScore value='11975'/>
		<unitScore value='11975'/>
		<killScore value='13850'/>
		<buildingScore value='3350'/>
		<razingScore value='3975'/>
		<mineralScore value='12070'/>
		<gasScore value='5224'/>
		<totalScore value='50444'/>
	</enemy>

	<scoreRatio value='1.7497'/>
	<timeFitness value='0.710278'/>
	<unitsAverage value='90'/>
</results>
