<results>
	<result value='win'/>
	<start value='2015-05-07.06:12:48'/>
	<end value='2015-05-07.06:13:25'/>
	<frames value='30444'/>
	<gameDuration value='1902'/>

	<player>
		<unitScore value='17275'/>
		<killScore value='26350'/>
		<buildingScore value='4750'/>
		<razingScore value='10425'/>
		<mineralScore value='30090'/>
		<gasScore value='3440'/>
		<totalScore value='92330'/>
	</player>

	<enemy>
		<race value='Terran'/>
		<unitScore value='13175'/>
		<unitScore value='13175'/>
		<killScore value='11250'/>
		<buildingScore value='3475'/>
		<razingScore value='1500'/>
		<mineralScore value='12342'/>
		<gasScore value='5208'/>
		<totalScore value='46950'/>
	</enemy>

	<scoreRatio value='1.96656'/>
	<timeFitness value='0.735833'/>
	<unitsAverage value='106'/>
</results>
