<results>
	<result value='draw'/>
	<start value='2015-05-07.06:16:56'/>
	<end value='2015-05-07.06:17:43'/>
	<frames value='57601'/>
	<gameDuration value='3600'/>

	<player>
		<unitScore value='22625'/>
		<killScore value='43000'/>
		<buildingScore value='4725'/>
		<razingScore value='14625'/>
		<mineralScore value='29910'/>
		<gasScore value='5384'/>
		<totalScore value='120269'/>
	</player>

	<enemy>
		<race value='Terran'/>
		<unitScore value='24500'/>
		<unitScore value='24500'/>
		<killScore value='25350'/>
		<buildingScore value='5125'/>
		<razingScore value='5325'/>
		<mineralScore value='19502'/>
		<gasScore value='11024'/>
		<totalScore value='90826'/>
	</enemy>

	<scoreRatio value='1.32417'/>
	<timeFitness value='0.5'/>
	<unitsAverage value='71'/>
</results>
