<results>
	<result value='draw'/>
	<start value='2015-05-07.06:23:04'/>
	<end value='2015-05-07.06:24:35'/>
	<frames value='57601'/>
	<gameDuration value='3600'/>

	<player>
		<unitScore value='21675'/>
		<killScore value='23650'/>
		<buildingScore value='4450'/>
		<razingScore value='3675'/>
		<mineralScore value='41542'/>
		<gasScore value='6904'/>
		<totalScore value='101896'/>
	</player>

	<enemy>
		<race value='Terran'/>
		<unitScore value='14450'/>
		<unitScore value='14450'/>
		<killScore value='18850'/>
		<buildingScore value='3825'/>
		<razingScore value='2325'/>
		<mineralScore value='12890'/>
		<gasScore value='6960'/>
		<totalScore value='59300'/>
	</enemy>

	<scoreRatio value='1.71831'/>
	<timeFitness value='0.5'/>
	<unitsAverage value='135'/>
</results>
