<results>
	<result value='loss'/>
	<start value='2015-05-22.05:59:11'/>
	<end value='2015-05-22.05:59:19'/>
	<frames value='15037'/>
	<gameDuration value='939'/>

	<player>
		<unitScore value='3650'/>
		<killScore value='1200'/>
		<buildingScore value='1450'/>
		<razingScore value='0'/>
		<mineralScore value='4970'/>
		<gasScore value='992'/>
		<totalScore value='12262'/>
	</player>

	<enemy>
		<race value='Protoss'/>
		<unitScore value='3650'/>
		<killScore value='7300'/>
		<buildingScore value='2675'/>
		<razingScore value='4350'/>
		<mineralScore value='7890'/>
		<gasScore value='1320'/>
		<totalScore value='27185'/>
	</enemy>

	<scoreRatio value='0.451058'/>
	<timeFitness value='0.130417'/>
	<unitsAverage value='23'/>
</results>
