<results>
	<result value='loss'/>
	<start value='2015-05-09.02:12:53'/>
	<end value='2015-05-09.02:13:04'/>
	<frames value='18571'/>
	<gameDuration value='1160'/>

	<player>
		<unitScore value='1000'/>
		<killScore value='300'/>
		<buildingScore value='625'/>
		<razingScore value='0'/>
		<mineralScore value='1410'/>
		<gasScore value='0'/>
		<totalScore value='3335'/>
	</player>

	<enemy>
		<race value='Zerg'/>
		<unitScore value='6900'/>
		<unitScore value='6900'/>
		<killScore value='2000'/>
		<buildingScore value='1520'/>
		<razingScore value='1875'/>
		<mineralScore value='7298'/>
		<gasScore value='1992'/>
		<totalScore value='21585'/>
	</enemy>

	<scoreRatio value='0.154505'/>
	<timeFitness value='0.161111'/>
	<unitsAverage value='8'/>
</results>
