<results>
	<result value='win'/>
	<start value='2015-05-09.02:43:40'/>
	<end value='2015-05-09.02:44:20'/>
	<frames value='26693'/>
	<gameDuration value='1668'/>

	<player>
		<unitScore value='16050'/>
		<killScore value='20490'/>
		<buildingScore value='4100'/>
		<razingScore value='4800'/>
		<mineralScore value='25966'/>
		<gasScore value='1920'/>
		<totalScore value='73326'/>
	</player>

	<enemy>
		<race value='Zerg'/>
		<unitScore value='9750'/>
		<unitScore value='9750'/>
		<killScore value='13150'/>
		<buildingScore value='1600'/>
		<razingScore value='0'/>
		<mineralScore value='9666'/>
		<gasScore value='2848'/>
		<totalScore value='37014'/>
	</enemy>

	<scoreRatio value='1.98103'/>
	<timeFitness value='0.768333'/>
	<unitsAverage value='92'/>
</results>
