<results>
	<result value='win'/>
	<start value='2015-05-09.02:56:13'/>
	<end value='2015-05-09.02:57:05'/>
	<frames value='29545'/>
	<gameDuration value='1846'/>

	<player>
		<unitScore value='20550'/>
		<killScore value='25670'/>
		<buildingScore value='4925'/>
		<razingScore value='5610'/>
		<mineralScore value='26898'/>
		<gasScore value='2224'/>
		<totalScore value='85877'/>
	</player>

	<enemy>
		<race value='Zerg'/>
		<unitScore value='11850'/>
		<unitScore value='11850'/>
		<killScore value='17200'/>
		<buildingScore value='1870'/>
		<razingScore value='0'/>
		<mineralScore value='11358'/>
		<gasScore value='3944'/>
		<totalScore value='46222'/>
	</enemy>

	<scoreRatio value='1.85792'/>
	<timeFitness value='0.743611'/>
	<unitsAverage value='110'/>
</results>
