<results>
	<result value='win'/>
	<start value='2015-05-09.02:52:56'/>
	<end value='2015-05-09.02:53:52'/>
	<frames value='31157'/>
	<gameDuration value='1947'/>

	<player>
		<unitScore value='23625'/>
		<killScore value='35720'/>
		<buildingScore value='5075'/>
		<razingScore value='6915'/>
		<mineralScore value='30154'/>
		<gasScore value='2520'/>
		<totalScore value='104009'/>
	</player>

	<enemy>
		<race value='Zerg'/>
		<unitScore value='16450'/>
		<unitScore value='16450'/>
		<killScore value='23500'/>
		<buildingScore value='2305'/>
		<razingScore value='0'/>
		<mineralScore value='14318'/>
		<gasScore value='4544'/>
		<totalScore value='61117'/>
	</enemy>

	<scoreRatio value='1.7018'/>
	<timeFitness value='0.729583'/>
	<unitsAverage value='112'/>
</results>
