<results>
	<result value='win'/>
	<start value='2015-05-09.02:57:07'/>
	<end value='2015-05-09.02:57:59'/>
	<frames value='29173'/>
	<gameDuration value='1823'/>

	<player>
		<unitScore value='17725'/>
		<killScore value='21655'/>
		<buildingScore value='3950'/>
		<razingScore value='8280'/>
		<mineralScore value='24234'/>
		<gasScore value='2944'/>
		<totalScore value='78788'/>
	</player>

	<enemy>
		<race value='Zerg'/>
		<unitScore value='11325'/>
		<unitScore value='11325'/>
		<killScore value='13300'/>
		<buildingScore value='2760'/>
		<razingScore value='0'/>
		<mineralScore value='12386'/>
		<gasScore value='3176'/>
		<totalScore value='42947'/>
	</enemy>

	<scoreRatio value='1.83454'/>
	<timeFitness value='0.746806'/>
	<unitsAverage value='102'/>
</results>
