<results>
	<result value='win'/>
	<start value='2015-05-09.02:58:02'/>
	<end value='2015-05-09.02:58:58'/>
	<frames value='31343'/>
	<gameDuration value='1958'/>

	<player>
		<unitScore value='20775'/>
		<killScore value='29235'/>
		<buildingScore value='4750'/>
		<razingScore value='7890'/>
		<mineralScore value='27954'/>
		<gasScore value='2312'/>
		<totalScore value='92916'/>
	</player>

	<enemy>
		<race value='Zerg'/>
		<unitScore value='14100'/>
		<unitScore value='14100'/>
		<killScore value='17350'/>
		<buildingScore value='2630'/>
		<razingScore value='0'/>
		<mineralScore value='13410'/>
		<gasScore value='3656'/>
		<totalScore value='51146'/>
	</enemy>

	<scoreRatio value='1.81668'/>
	<timeFitness value='0.728056'/>
	<unitsAverage value='108'/>
</results>
