<results>
	<result value='loss'/>
	<start value='2014-07-03.03:02:42'/>
	<end value='2014-07-03.03:03:15'/>
	<frames value='50129'/>
	<gameDuration value='3133'/>

	<player>
		<unitScore value='23550'/>
		<killScore value='58050'/>
		<buildingScore value='2325'/>
		<razingScore value='600'/>
		<mineralScore value='24010'/>
		<gasScore value='4576'/>
		<totalScore value='113111'/>
	</player>

	<enemy>
		<race value='Protoss'/>
		<unitScore value='45575'/>
		<unitScore value='45575'/>
		<killScore value='46850'/>
		<buildingScore value='7175'/>
		<razingScore value='6975'/>
		<mineralScore value='35442'/>
		<gasScore value='13162'/>
		<totalScore value='155179'/>
	</enemy>

	<scoreRatio value='0.728907'/>
</results>
