<results>
	<result value='loss'/>
	<start value='2014-07-03.03:03:31'/>
	<end value='2014-07-03.03:03:37'/>
	<frames value='13363'/>
	<gameDuration value='835'/>

	<player>
		<unitScore value='2350'/>
		<killScore value='600'/>
		<buildingScore value='1350'/>
		<razingScore value='0'/>
		<mineralScore value='3578'/>
		<gasScore value='680'/>
		<totalScore value='8558'/>
	</player>

	<enemy>
		<race value='Protoss'/>
		<unitScore value='3550'/>
		<unitScore value='3550'/>
		<killScore value='4800'/>
		<buildingScore value='2375'/>
		<razingScore value='4050'/>
		<mineralScore value='6786'/>
		<gasScore value='1192'/>
		<totalScore value='22753'/>
	</enemy>

	<scoreRatio value='0.376126'/>
</results>
