<results>
	<result value='loss'/>
	<start value='2014-07-03.03:03:40'/>
	<end value='2014-07-03.03:03:47'/>
	<frames value='15533'/>
	<gameDuration value='970'/>

	<player>
		<unitScore value='3100'/>
		<killScore value='400'/>
		<buildingScore value='1475'/>
		<razingScore value='0'/>
		<mineralScore value='4618'/>
		<gasScore value='840'/>
		<totalScore value='10433'/>
	</player>

	<enemy>
		<race value='Protoss'/>
		<unitScore value='3550'/>
		<unitScore value='3550'/>
		<killScore value='6200'/>
		<buildingScore value='3125'/>
		<razingScore value='4425'/>
		<mineralScore value='8122'/>
		<gasScore value='1496'/>
		<totalScore value='26918'/>
	</enemy>

	<scoreRatio value='0.387585'/>
</results>
