<results>
	<result value='loss'/>
	<start value='2015-04-16.22:54:04'/>
	<end value='2015-04-16.22:54:16'/>
	<frames value='14634'/>
	<gameDuration value='914'/>

	<player>
		<unitScore value='3600'/>
		<killScore value='1400'/>
		<buildingScore value='1025'/>
		<razingScore value='0'/>
		<mineralScore value='4426'/>
		<gasScore value='344'/>
		<totalScore value='10795'/>
	</player>

	<enemy>
		<race value='Protoss'/>
		<unitScore value='3550'/>
		<unitScore value='3550'/>
		<killScore value='7200'/>
		<buildingScore value='2375'/>
		<razingScore value='3075'/>
		<mineralScore value='7378'/>
		<gasScore value='1272'/>
		<totalScore value='24850'/>
	</enemy>

	<scoreRatio value='0.434406'/>
</results>
