<results>
	<result value='loss'/>
	<start value='2015-05-03.10:27:35'/>
	<end value='2015-05-03.10:27:48'/>
	<frames value='20586'/>
	<gameDuration value='1286'/>

	<player>
		<unitScore value='6075'/>
		<killScore value='2700'/>
		<buildingScore value='2025'/>
		<razingScore value='0'/>
		<mineralScore value='7650'/>
		<gasScore value='1896'/>
		<totalScore value='20346'/>
	</player>

	<enemy>
		<race value='Terran'/>
		<unitScore value='8350'/>
		<unitScore value='8350'/>
		<killScore value='12150'/>
		<buildingScore value='3125'/>
		<razingScore value='6075'/>
		<mineralScore value='9786'/>
		<gasScore value='3832'/>
		<totalScore value='43318'/>
	</enemy>

	<scoreRatio value='0.469689'/>
	<timeFitness value='0.178611'/>
	<unitsAverage value='34'/>
</results>
