<results>
	<result value='loss'/>
	<start value='2015-05-03.10:31:33'/>
	<end value='2015-05-03.10:31:58'/>
	<frames value='38287'/>
	<gameDuration value='2392'/>

	<player>
		<unitScore value='10850'/>
		<killScore value='10700'/>
		<buildingScore value='2475'/>
		<razingScore value='0'/>
		<mineralScore value='12350'/>
		<gasScore value='3120'/>
		<totalScore value='39495'/>
	</player>

	<enemy>
		<race value='Terran'/>
		<unitScore value='23625'/>
		<unitScore value='23625'/>
		<killScore value='21700'/>
		<buildingScore value='4900'/>
		<razingScore value='7425'/>
		<mineralScore value='19994'/>
		<gasScore value='11904'/>
		<totalScore value='89548'/>
	</enemy>

	<scoreRatio value='0.441048'/>
	<timeFitness value='0.332222'/>
	<unitsAverage value='35'/>
</results>
