<results>
	<result value='draw'/>
	<start value='2015-07-12.19:19:38'/>
	<end value='2015-07-12.19:21:35'/>
	<frames value='57601'/>
	<gameDuration value='3600'/>

	<player>
		<unitScore value='34850'/>
		<killScore value='13000'/>
		<buildingScore value='4250'/>
		<razingScore value='300'/>
		<mineralScore value='31502'/>
		<gasScore value='8946'/>
		<totalScore value='92848'/>
	</player>

	<enemy>
		<race value='Terran'/>
		<unitScore value='27800'/>
		<killScore value='47200'/>
		<buildingScore value='5050'/>
		<razingScore value='6075'/>
		<mineralScore value='31230'/>
		<gasScore value='12292'/>
		<totalScore value='129647'/>
	</enemy>

	<scoreRatio value='0.71616'/>
	<timeFitness value='0.5'/>
	<unitsAverage value='148'/>
</results>
