<results>
	<result value='loss'/>
	<start value='2014-07-22.19:18:00'/>
	<end value='2014-07-22.19:18:28'/>
	<frames value='39744'/>
	<gameDuration value='2484'/>

	<player>
		<unitScore value='12275'/>
		<killScore value='16525'/>
		<buildingScore value='4500'/>
		<razingScore value='900'/>
		<mineralScore value='17986'/>
		<gasScore value='1456'/>
		<totalScore value='53642'/>
	</player>

	<enemy>
		<race value='Zerg'/>
		<unitScore value='21875'/>
		<unitScore value='21875'/>
		<killScore value='24550'/>
		<buildingScore value='4720'/>
		<razingScore value='13500'/>
		<mineralScore value='23954'/>
		<gasScore value='5974'/>
		<totalScore value='94573'/>
	</enemy>

	<scoreRatio value='0.567202'/>
</results>
