<results>
	<result value='loss'/>
	<start value='2014-07-22.19:19:05'/>
	<end value='2014-07-22.19:19:10'/>
	<frames value='9860'/>
	<gameDuration value='616'/>

	<player>
		<unitScore value='850'/>
		<killScore value='200'/>
		<buildingScore value='700'/>
		<razingScore value='0'/>
		<mineralScore value='1250'/>
		<gasScore value='40'/>
		<totalScore value='3040'/>
	</player>

	<enemy>
		<race value='Zerg'/>
		<unitScore value='1800'/>
		<unitScore value='1800'/>
		<killScore value='1700'/>
		<buildingScore value='1120'/>
		<razingScore value='2100'/>
		<mineralScore value='3050'/>
		<gasScore value='312'/>
		<totalScore value='10082'/>
	</enemy>

	<scoreRatio value='0.301527'/>
</results>
