<results>
	<result value='win'/>
	<start value='2015-05-11.06:29:18'/>
	<end value='2015-05-11.06:30:12'/>
	<frames value='30506'/>
	<gameDuration value='1906'/>

	<player>
		<unitScore value='20750'/>
		<killScore value='29165'/>
		<buildingScore value='5000'/>
		<razingScore value='4830'/>
		<mineralScore value='35874'/>
		<gasScore value='2680'/>
		<totalScore value='98299'/>
	</player>

	<enemy>
		<race value='Zerg'/>
		<unitScore value='13975'/>
		<unitScore value='13975'/>
		<killScore value='19750'/>
		<buildingScore value='1610'/>
		<razingScore value='0'/>
		<mineralScore value='11678'/>
		<gasScore value='3568'/>
		<totalScore value='50581'/>
	</enemy>

	<scoreRatio value='1.9434'/>
	<timeFitness value='0.735278'/>
	<unitsAverage value='113'/>
</results>
