<results>
	<result value='loss'/>
	<start value='2015-05-11.06:34:49'/>
	<end value='2015-05-11.06:34:53'/>
	<frames value='7411'/>
	<gameDuration value='463'/>

	<player>
		<unitScore value='1000'/>
		<killScore value='100'/>
		<buildingScore value='625'/>
		<razingScore value='0'/>
		<mineralScore value='1402'/>
		<gasScore value='56'/>
		<totalScore value='3183'/>
	</player>

	<enemy>
		<race value='Zerg'/>
		<unitScore value='1250'/>
		<unitScore value='1250'/>
		<killScore value='1900'/>
		<buildingScore value='480'/>
		<razingScore value='1875'/>
		<mineralScore value='2034'/>
		<gasScore value='24'/>
		<totalScore value='7563'/>
	</enemy>

	<scoreRatio value='0.420865'/>
	<timeFitness value='0.0643056'/>
	<unitsAverage value='10'/>
</results>
