<results>
	<result value='draw'/>
	<start value='2014-07-11.21:17:50'/>
	<end value='2014-07-11.21:19:03'/>
	<frames value='57601'/>
	<gameDuration value='3600'/>

	<player>
		<unitScore value='34850'/>
		<killScore value='50850'/>
		<buildingScore value='4325'/>
		<razingScore value='12075'/>
		<mineralScore value='40074'/>
		<gasScore value='8542'/>
		<totalScore value='150716'/>
	</player>

	<enemy>
		<race value='Terran'/>
		<unitScore value='27875'/>
		<unitScore value='27875'/>
		<killScore value='46600'/>
		<buildingScore value='4975'/>
		<razingScore value='1725'/>
		<mineralScore value='22358'/>
		<gasScore value='11298'/>
		<totalScore value='114831'/>
	</enemy>

	<scoreRatio value='1.3125'/>
</results>
