<results>
	<result value='win'/>
	<start value='2014-07-11.21:26:03'/>
	<end value='2014-07-11.21:26:25'/>
	<frames value='25763'/>
	<gameDuration value='1610'/>

	<player>
		<unitScore value='12675'/>
		<killScore value='18150'/>
		<buildingScore value='3925'/>
		<razingScore value='9150'/>
		<mineralScore value='20266'/>
		<gasScore value='2776'/>
		<totalScore value='66942'/>
	</player>

	<enemy>
		<race value='Terran'/>
		<unitScore value='10225'/>
		<unitScore value='10225'/>
		<killScore value='7250'/>
		<buildingScore value='3050'/>
		<razingScore value='1500'/>
		<mineralScore value='11410'/>
		<gasScore value='4408'/>
		<totalScore value='37843'/>
	</enemy>

	<scoreRatio value='1.76894'/>
</results>
