<results>
	<result value='loss'/>
	<start value='2014-07-11.21:26:46'/>
	<end value='2014-07-11.21:26:56'/>
	<frames value='20431'/>
	<gameDuration value='1276'/>

	<player>
		<unitScore value='3925'/>
		<killScore value='1600'/>
		<buildingScore value='1925'/>
		<razingScore value='0'/>
		<mineralScore value='5906'/>
		<gasScore value='840'/>
		<totalScore value='14196'/>
	</player>

	<enemy>
		<race value='Terran'/>
		<unitScore value='7850'/>
		<unitScore value='7850'/>
		<killScore value='7850'/>
		<buildingScore value='3125'/>
		<razingScore value='5775'/>
		<mineralScore value='9762'/>
		<gasScore value='3824'/>
		<totalScore value='38186'/>
	</enemy>

	<scoreRatio value='0.371759'/>
</results>
