<results>
	<result value='win'/>
	<start value='2014-07-11.21:29:25'/>
	<end value='2014-07-11.21:29:46'/>
	<frames value='30134'/>
	<gameDuration value='1883'/>

	<player>
		<unitScore value='14600'/>
		<killScore value='24500'/>
		<buildingScore value='2550'/>
		<razingScore value='8700'/>
		<mineralScore value='17890'/>
		<gasScore value='2864'/>
		<totalScore value='71104'/>
	</player>

	<enemy>
		<race value='Terran'/>
		<unitScore value='12250'/>
		<unitScore value='12250'/>
		<killScore value='17000'/>
		<buildingScore value='2900'/>
		<razingScore value='1725'/>
		<mineralScore value='12050'/>
		<gasScore value='4464'/>
		<totalScore value='50389'/>
	</enemy>

	<scoreRatio value='1.4111'/>
</results>
