<results>
	<result value='loss'/>
	<start value='2015-04-29.16:18:02'/>
	<end value='2015-04-29.16:19:19'/>
	<frames value='50377'/>
	<gameDuration value='3148'/>

	<player>
		<unitScore value='23575'/>
		<killScore value='41350'/>
		<buildingScore value='2700'/>
		<razingScore value='0'/>
		<mineralScore value='24018'/>
		<gasScore value='5242'/>
		<totalScore value='96885'/>
	</player>

	<enemy>
		<race value='Protoss'/>
		<unitScore value='43455'/>
		<unitScore value='43455'/>
		<killScore value='46900'/>
		<buildingScore value='7925'/>
		<razingScore value='8100'/>
		<mineralScore value='34850'/>
		<gasScore value='15304'/>
		<totalScore value='156534'/>
	</enemy>

	<scoreRatio value='0.618939'/>
	<timeFitness value='0.437222'/>
	<unitsAverage value='76'/>
</results>
