<results>
	<result value='loss'/>
	<start value='2015-04-29.16:38:34'/>
	<end value='2015-04-29.16:38:48'/>
	<frames value='16494'/>
	<gameDuration value='1030'/>

	<player>
		<unitScore value='2775'/>
		<killScore value='1000'/>
		<buildingScore value='1500'/>
		<razingScore value='0'/>
		<mineralScore value='4570'/>
		<gasScore value='968'/>
		<totalScore value='10813'/>
	</player>

	<enemy>
		<race value='Protoss'/>
		<unitScore value='3550'/>
		<unitScore value='3550'/>
		<killScore value='5550'/>
		<buildingScore value='3975'/>
		<razingScore value='4500'/>
		<mineralScore value='8770'/>
		<gasScore value='1680'/>
		<totalScore value='28025'/>
	</enemy>

	<scoreRatio value='0.385834'/>
	<timeFitness value='0.143056'/>
	<unitsAverage value='21'/>
</results>
