<results>
	<result value='draw'/>
	<start value='2014-07-09.14:40:24'/>
	<end value='2014-07-09.14:41:43'/>
	<frames value='57601'/>
	<gameDuration value='3600'/>

	<player>
		<unitScore value='30725'/>
		<killScore value='62150'/>
		<buildingScore value='3075'/>
		<razingScore value='300'/>
		<mineralScore value='31518'/>
		<gasScore value='10114'/>
		<totalScore value='137882'/>
	</player>

	<enemy>
		<race value='Protoss'/>
		<unitScore value='37425'/>
		<unitScore value='37425'/>
		<killScore value='49700'/>
		<buildingScore value='6450'/>
		<razingScore value='3450'/>
		<mineralScore value='31550'/>
		<gasScore value='11614'/>
		<totalScore value='140189'/>
	</enemy>

	<scoreRatio value='0.983544'/>
</results>
