<results>
	<result value='win'/>
	<start value='2014-07-09.14:55:48'/>
	<end value='2014-07-09.14:56:14'/>
	<frames value='26724'/>
	<gameDuration value='1670'/>

	<player>
		<unitScore value='17575'/>
		<killScore value='13400'/>
		<buildingScore value='3050'/>
		<razingScore value='13275'/>
		<mineralScore value='22282'/>
		<gasScore value='2728'/>
		<totalScore value='72310'/>
	</player>

	<enemy>
		<race value='Protoss'/>
		<unitScore value='6700'/>
		<unitScore value='6700'/>
		<killScore value='16600'/>
		<buildingScore value='4425'/>
		<razingScore value='0'/>
		<mineralScore value='18018'/>
		<gasScore value='976'/>
		<totalScore value='46719'/>
	</enemy>

	<scoreRatio value='1.54776'/>
</results>
