<results>
	<result value='loss'/>
	<start value='2015-05-11.15:19:10'/>
	<end value='2015-05-11.15:19:19'/>
	<frames value='16246'/>
	<gameDuration value='1015'/>

	<player>
		<unitScore value='2550'/>
		<killScore value='1800'/>
		<buildingScore value='2000'/>
		<razingScore value='0'/>
		<mineralScore value='4850'/>
		<gasScore value='672'/>
		<totalScore value='11872'/>
	</player>

	<enemy>
		<race value='Protoss'/>
		<unitScore value='3650'/>
		<unitScore value='3650'/>
		<killScore value='5100'/>
		<buildingScore value='3275'/>
		<razingScore value='6000'/>
		<mineralScore value='8538'/>
		<gasScore value='1416'/>
		<totalScore value='27979'/>
	</enemy>

	<scoreRatio value='0.424318'/>
	<timeFitness value='0.140972'/>
	<unitsAverage value='23'/>
</results>
