<results>
	<result value='win'/>
	<start value='2015-04-26.16:44:12'/>
	<end value='2015-04-26.16:44:27'/>
	<frames value='23345'/>
	<gameDuration value='1459'/>

	<player>
		<unitScore value='9150'/>
		<killScore value='17500'/>
		<buildingScore value='3325'/>
		<razingScore value='8100'/>
		<mineralScore value='13326'/>
		<gasScore value='2048'/>
		<totalScore value='53449'/>
	</player>

	<enemy>
		<race value='Terran'/>
		<unitScore value='8750'/>
		<unitScore value='8750'/>
		<killScore value='5700'/>
		<buildingScore value='2700'/>
		<razingScore value='2100'/>
		<mineralScore value='9210'/>
		<gasScore value='2968'/>
		<totalScore value='31428'/>
	</enemy>

	<scoreRatio value='1.70068'/>
</results>
