<results>
	<result value='win'/>
	<start value='2015-04-26.16:46:43'/>
	<end value='2015-04-26.16:47:01'/>
	<frames value='20648'/>
	<gameDuration value='1290'/>

	<player>
		<unitScore value='10650'/>
		<killScore value='11750'/>
		<buildingScore value='2850'/>
		<razingScore value='4350'/>
		<mineralScore value='14834'/>
		<gasScore value='1256'/>
		<totalScore value='45690'/>
	</player>

	<enemy>
		<race value='Terran'/>
		<unitScore value='5875'/>
		<unitScore value='5875'/>
		<killScore value='5900'/>
		<buildingScore value='1450'/>
		<razingScore value='0'/>
		<mineralScore value='9818'/>
		<gasScore value='2384'/>
		<totalScore value='25427'/>
	</enemy>

	<scoreRatio value='1.79691'/>
</results>
