<results>
	<result value='loss'/>
	<start value='2015-07-18.20:14:24'/>
	<end value='2015-07-18.20:15:37'/>
	<frames value='51400'/>
	<gameDuration value='3212'/>

	<player>
		<unitScore value='42700'/>
		<killScore value='27400'/>
		<buildingScore value='3525'/>
		<razingScore value='1200'/>
		<mineralScore value='31530'/>
		<gasScore value='8480'/>
		<totalScore value='114835'/>
	</player>

	<enemy>
		<race value='Protoss'/>
		<unitScore value='33625'/>
		<killScore value='85150'/>
		<buildingScore value='7625'/>
		<razingScore value='10575'/>
		<mineralScore value='30530'/>
		<gasScore value='11148'/>
		<totalScore value='178653'/>
	</enemy>

	<scoreRatio value='0.642782'/>
	<timeFitness value='0.446111'/>
	<unitsAverage value='92'/>
</results>
