<results>
	<result value='loss'/>
	<start value='2015-07-18.20:25:58'/>
	<end value='2015-07-18.20:26:38'/>
	<frames value='38876'/>
	<gameDuration value='2429'/>

	<player>
		<unitScore value='23125'/>
		<killScore value='20250'/>
		<buildingScore value='3000'/>
		<razingScore value='0'/>
		<mineralScore value='23862'/>
		<gasScore value='4136'/>
		<totalScore value='74373'/>
	</player>

	<enemy>
		<race value='Protoss'/>
		<unitScore value='26525'/>
		<killScore value='46500'/>
		<buildingScore value='6325'/>
		<razingScore value='9000'/>
		<mineralScore value='27002'/>
		<gasScore value='8964'/>
		<totalScore value='124316'/>
	</enemy>

	<scoreRatio value='0.598258'/>
	<timeFitness value='0.337361'/>
	<unitsAverage value='63'/>
</results>
