<results>
	<result value='loss'/>
	<start value='2015-07-18.20:30:18'/>
	<end value='2015-07-18.20:30:51'/>
	<frames value='30785'/>
	<gameDuration value='1924'/>

	<player>
		<unitScore value='16200'/>
		<killScore value='4300'/>
		<buildingScore value='2700'/>
		<razingScore value='300'/>
		<mineralScore value='24954'/>
		<gasScore value='2752'/>
		<totalScore value='51206'/>
	</player>

	<enemy>
		<race value='Protoss'/>
		<unitScore value='14450'/>
		<killScore value='32400'/>
		<buildingScore value='7000'/>
		<razingScore value='8100'/>
		<mineralScore value='23538'/>
		<gasScore value='6496'/>
		<totalScore value='91984'/>
	</enemy>

	<scoreRatio value='0.556684'/>
	<timeFitness value='0.267222'/>
	<unitsAverage value='60'/>
</results>
