<results>
	<result value='win'/>
	<start value='2015-05-04.06:44:07'/>
	<end value='2015-05-04.06:44:41'/>
	<frames value='32893'/>
	<gameDuration value='2055'/>

	<player>
		<unitScore value='17425'/>
		<killScore value='25150'/>
		<buildingScore value='4225'/>
		<razingScore value='10875'/>
		<mineralScore value='27614'/>
		<gasScore value='2840'/>
		<totalScore value='88129'/>
	</player>

	<enemy>
		<race value='Terran'/>
		<unitScore value='12575'/>
		<unitScore value='12575'/>
		<killScore value='12600'/>
		<buildingScore value='3700'/>
		<razingScore value='0'/>
		<mineralScore value='11914'/>
		<gasScore value='5134'/>
		<totalScore value='45923'/>
	</enemy>

	<scoreRatio value='1.91906'/>
	<timeFitness value='0.714583'/>
	<unitsAverage value='96'/>
</results>
