<results>
	<result value='win'/>
	<start value='2015-05-09.09:22:20'/>
	<end value='2015-05-09.09:22:38'/>
	<frames value='29080'/>
	<gameDuration value='1817'/>

	<player>
		<unitScore value='12575'/>
		<killScore value='21950'/>
		<buildingScore value='1975'/>
		<razingScore value='8025'/>
		<mineralScore value='19010'/>
		<gasScore value='2416'/>
		<totalScore value='65951'/>
	</player>

	<enemy>
		<race value='Terran'/>
		<unitScore value='11875'/>
		<unitScore value='11875'/>
		<killScore value='12400'/>
		<buildingScore value='2675'/>
		<razingScore value='150'/>
		<mineralScore value='11566'/>
		<gasScore value='4040'/>
		<totalScore value='42706'/>
	</enemy>

	<scoreRatio value='1.5443'/>
	<timeFitness value='0.747639'/>
	<unitsAverage value='62'/>
</results>
