<results>
	<result value='loss'/>
	<start value='2015-05-09.09:22:42'/>
	<end value='2015-05-09.09:22:51'/>
	<frames value='19594'/>
	<gameDuration value='1224'/>

	<player>
		<unitScore value='4400'/>
		<killScore value='2300'/>
		<buildingScore value='1975'/>
		<razingScore value='0'/>
		<mineralScore value='6434'/>
		<gasScore value='1048'/>
		<totalScore value='16157'/>
	</player>

	<enemy>
		<race value='Terran'/>
		<unitScore value='7425'/>
		<unitScore value='7425'/>
		<killScore value='8800'/>
		<buildingScore value='2850'/>
		<razingScore value='5925'/>
		<mineralScore value='9186'/>
		<gasScore value='3384'/>
		<totalScore value='37570'/>
	</enemy>

	<scoreRatio value='0.430051'/>
	<timeFitness value='0.17'/>
	<unitsAverage value='29'/>
</results>
