<results>
	<result value='loss'/>
	<start value='2015-05-09.09:22:55'/>
	<end value='2015-05-09.09:23:04'/>
	<frames value='19563'/>
	<gameDuration value='1222'/>

	<player>
		<unitScore value='3325'/>
		<killScore value='2600'/>
		<buildingScore value='2100'/>
		<razingScore value='0'/>
		<mineralScore value='5666'/>
		<gasScore value='736'/>
		<totalScore value='14427'/>
	</player>

	<enemy>
		<race value='Terran'/>
		<unitScore value='7800'/>
		<unitScore value='7800'/>
		<killScore value='6650'/>
		<buildingScore value='2850'/>
		<razingScore value='6300'/>
		<mineralScore value='9162'/>
		<gasScore value='3488'/>
		<totalScore value='36250'/>
	</enemy>

	<scoreRatio value='0.397986'/>
	<timeFitness value='0.169722'/>
	<unitsAverage value='28'/>
</results>
