<results>
	<result value='loss'/>
	<start value='2015-04-26.13:48:06'/>
	<end value='2015-04-26.13:48:15'/>
	<frames value='16463'/>
	<gameDuration value='1028'/>

	<player>
		<unitScore value='3750'/>
		<killScore value='500'/>
		<buildingScore value='1075'/>
		<razingScore value='0'/>
		<mineralScore value='5378'/>
		<gasScore value='704'/>
		<totalScore value='11407'/>
	</player>

	<enemy>
		<race value='Terran'/>
		<unitScore value='5700'/>
		<unitScore value='5700'/>
		<killScore value='7500'/>
		<buildingScore value='1950'/>
		<razingScore value='3225'/>
		<mineralScore value='7570'/>
		<gasScore value='2544'/>
		<totalScore value='28489'/>
	</enemy>

	<scoreRatio value='0.4004'/>
</results>
