<results>
	<result value='win'/>
	<start value='2015-05-01.23:22:15'/>
	<end value='2015-05-01.23:22:39'/>
	<frames value='23655'/>
	<gameDuration value='1478'/>

	<player>
		<unitScore value='13575'/>
		<killScore value='20690'/>
		<buildingScore value='2575'/>
		<razingScore value='4560'/>
		<mineralScore value='18182'/>
		<gasScore value='2536'/>
		<totalScore value='62118'/>
	</player>

	<enemy>
		<race value='Zerg'/>
		<unitScore value='9475'/>
		<unitScore value='9475'/>
		<killScore value='12000'/>
		<buildingScore value='1520'/>
		<razingScore value='0'/>
		<mineralScore value='8978'/>
		<gasScore value='2280'/>
		<totalScore value='34253'/>
	</enemy>

	<scoreRatio value='1.81351'/>
	<timeFitness value='0.794722'/>
	<unitsAverage value='76'/>
</results>
