<results>
	<result value='win'/>
	<start value='2015-05-01.23:28:07'/>
	<end value='2015-05-01.23:28:35'/>
	<frames value='25298'/>
	<gameDuration value='1581'/>

	<player>
		<unitScore value='15900'/>
		<killScore value='19210'/>
		<buildingScore value='4100'/>
		<razingScore value='5580'/>
		<mineralScore value='21942'/>
		<gasScore value='2168'/>
		<totalScore value='68900'/>
	</player>

	<enemy>
		<race value='Zerg'/>
		<unitScore value='8750'/>
		<unitScore value='8750'/>
		<killScore value='16000'/>
		<buildingScore value='1860'/>
		<razingScore value='0'/>
		<mineralScore value='8994'/>
		<gasScore value='2832'/>
		<totalScore value='38436'/>
	</enemy>

	<scoreRatio value='1.79259'/>
	<timeFitness value='0.780417'/>
	<unitsAverage value='86'/>
</results>
