<results>
	<result value='loss'/>
	<start value='2015-04-07.14:50:31'/>
	<end value='2015-04-07.14:50:40'/>
	<frames value='18695'/>
	<gameDuration value='1168'/>

	<player>
		<unitScore value='2900'/>
		<killScore value='1800'/>
		<buildingScore value='1950'/>
		<razingScore value='0'/>
		<mineralScore value='4914'/>
		<gasScore value='912'/>
		<totalScore value='12476'/>
	</player>

	<enemy>
		<race value='Protoss'/>
		<unitScore value='3900'/>
		<unitScore value='3900'/>
		<killScore value='5800'/>
		<buildingScore value='5025'/>
		<razingScore value='5850'/>
		<mineralScore value='10714'/>
		<gasScore value='2032'/>
		<totalScore value='33321'/>
	</enemy>

	<scoreRatio value='0.374419'/>
</results>
