<results>
	<result value='loss'/>
	<start value='2015-07-11.15:48:29'/>
	<end value='2015-07-11.15:49:04'/>
	<frames value='27902'/>
	<gameDuration value='1743'/>

	<player>
		<unitScore value='14175'/>
		<killScore value='4650'/>
		<buildingScore value='3700'/>
		<razingScore value='0'/>
		<mineralScore value='15778'/>
		<gasScore value='2720'/>
		<totalScore value='41023'/>
	</player>

	<enemy>
		<race value='Terran'/>
		<unitScore value='13050'/>
		<killScore value='28350'/>
		<buildingScore value='4575'/>
		<razingScore value='11100'/>
		<mineralScore value='13922'/>
		<gasScore value='6064'/>
		<totalScore value='77061'/>
	</enemy>

	<scoreRatio value='0.532345'/>
	<timeFitness value='0.242083'/>
	<unitsAverage value='49'/>
</results>
