<results>
	<result value='win'/>
	<start value='2015-04-15.04:45:05'/>
	<end value='2015-04-15.04:46:10'/>
	<frames value='45293'/>
	<gameDuration value='2830'/>

	<player>
		<unitScore value='16600'/>
		<killScore value='23450'/>
		<buildingScore value='2900'/>
		<razingScore value='27225'/>
		<mineralScore value='19922'/>
		<gasScore value='4080'/>
		<totalScore value='94177'/>
	</player>

	<enemy>
		<race value='Protoss'/>
		<unitScore value='11725'/>
		<unitScore value='11725'/>
		<killScore value='19300'/>
		<buildingScore value='9075'/>
		<razingScore value='150'/>
		<mineralScore value='23066'/>
		<gasScore value='3968'/>
		<totalScore value='67284'/>
	</enemy>

	<scoreRatio value='1.39969'/>
</results>
