<results>
	<result value='win'/>
	<start value='2015-04-13.20:17:43'/>
	<end value='2015-04-13.20:18:44'/>
	<frames value='35001'/>
	<gameDuration value='2187'/>

	<player>
		<unitScore value='19825'/>
		<killScore value='22750'/>
		<buildingScore value='3650'/>
		<razingScore value='20625'/>
		<mineralScore value='26934'/>
		<gasScore value='4616'/>
		<totalScore value='98400'/>
	</player>

	<enemy>
		<race value='Protoss'/>
		<unitScore value='11825'/>
		<unitScore value='11825'/>
		<killScore value='19350'/>
		<buildingScore value='6875'/>
		<razingScore value='525'/>
		<mineralScore value='17570'/>
		<gasScore value='4832'/>
		<totalScore value='60977'/>
	</enemy>

	<scoreRatio value='1.61372'/>
</results>
