<results>
	<result value='loss'/>
	<start value='2015-04-13.20:31:46'/>
	<end value='2015-04-13.20:32:02'/>
	<frames value='18075'/>
	<gameDuration value='1129'/>

	<player>
		<unitScore value='5050'/>
		<killScore value='1000'/>
		<buildingScore value='1900'/>
		<razingScore value='0'/>
		<mineralScore value='7154'/>
		<gasScore value='0'/>
		<totalScore value='15104'/>
	</player>

	<enemy>
		<race value='Protoss'/>
		<unitScore value='3800'/>
		<unitScore value='3800'/>
		<killScore value='10000'/>
		<buildingScore value='4125'/>
		<razingScore value='5700'/>
		<mineralScore value='10146'/>
		<gasScore value='1784'/>
		<totalScore value='35555'/>
	</enemy>

	<scoreRatio value='0.424807'/>
</results>
