<results>
	<result value='loss'/>
	<start value='2015-04-13.20:36:45'/>
	<end value='2015-04-13.20:36:57'/>
	<frames value='15161'/>
	<gameDuration value='947'/>

	<player>
		<unitScore value='2400'/>
		<killScore value='600'/>
		<buildingScore value='1525'/>
		<razingScore value='0'/>
		<mineralScore value='3978'/>
		<gasScore value='568'/>
		<totalScore value='9071'/>
	</player>

	<enemy>
		<race value='Protoss'/>
		<unitScore value='3550'/>
		<unitScore value='3550'/>
		<killScore value='4800'/>
		<buildingScore value='2725'/>
		<razingScore value='4575'/>
		<mineralScore value='8058'/>
		<gasScore value='1472'/>
		<totalScore value='25180'/>
	</enemy>

	<scoreRatio value='0.360246'/>
</results>
