<results>
	<result value='loss'/>
	<start value='2015-04-13.20:37:16'/>
	<end value='2015-04-13.20:37:31'/>
	<frames value='17579'/>
	<gameDuration value='1098'/>

	<player>
		<unitScore value='3275'/>
		<killScore value='800'/>
		<buildingScore value='2100'/>
		<razingScore value='0'/>
		<mineralScore value='5530'/>
		<gasScore value='552'/>
		<totalScore value='12257'/>
	</player>

	<enemy>
		<race value='Protoss'/>
		<unitScore value='3700'/>
		<unitScore value='3700'/>
		<killScore value='6450'/>
		<buildingScore value='3875'/>
		<razingScore value='6300'/>
		<mineralScore value='9570'/>
		<gasScore value='1624'/>
		<totalScore value='31519'/>
	</enemy>

	<scoreRatio value='0.388877'/>
</results>
