<results>
	<result value='loss'/>
	<start value='2015-05-03.20:44:42'/>
	<end value='2015-05-03.20:44:52'/>
	<frames value='17021'/>
	<gameDuration value='1063'/>

	<player>
		<unitScore value='3825'/>
		<killScore value='800'/>
		<buildingScore value='1550'/>
		<razingScore value='0'/>
		<mineralScore value='5610'/>
		<gasScore value='816'/>
		<totalScore value='12601'/>
	</player>

	<enemy>
		<race value='Protoss'/>
		<unitScore value='3550'/>
		<unitScore value='3550'/>
		<killScore value='7650'/>
		<buildingScore value='3825'/>
		<razingScore value='4650'/>
		<mineralScore value='8986'/>
		<gasScore value='1568'/>
		<totalScore value='30229'/>
	</enemy>

	<scoreRatio value='0.416851'/>
	<timeFitness value='0.147639'/>
	<unitsAverage value='25'/>
</results>
