<results>
	<result value='loss'/>
	<start value='2015-05-10.01:09:56'/>
	<end value='2015-05-10.01:10:12'/>
	<frames value='30599'/>
	<gameDuration value='1912'/>

	<player>
		<unitScore value='5350'/>
		<killScore value='5200'/>
		<buildingScore value='1725'/>
		<razingScore value='0'/>
		<mineralScore value='7394'/>
		<gasScore value='1016'/>
		<totalScore value='20685'/>
	</player>

	<enemy>
		<race value='Protoss'/>
		<unitScore value='14300'/>
		<unitScore value='14300'/>
		<killScore value='11150'/>
		<buildingScore value='6925'/>
		<razingScore value='5175'/>
		<mineralScore value='19042'/>
		<gasScore value='6864'/>
		<totalScore value='63456'/>
	</enemy>

	<scoreRatio value='0.325974'/>
	<timeFitness value='0.265556'/>
	<unitsAverage value='23'/>
</results>
