<results>
	<result value='loss'/>
	<start value='2015-05-10.01:10:37'/>
	<end value='2015-05-10.01:10:45'/>
	<frames value='16153'/>
	<gameDuration value='1009'/>

	<player>
		<unitScore value='3225'/>
		<killScore value='1200'/>
		<buildingScore value='1600'/>
		<razingScore value='0'/>
		<mineralScore value='4890'/>
		<gasScore value='584'/>
		<totalScore value='11499'/>
	</player>

	<enemy>
		<race value='Protoss'/>
		<unitScore value='3550'/>
		<unitScore value='3550'/>
		<killScore value='6450'/>
		<buildingScore value='3825'/>
		<razingScore value='4800'/>
		<mineralScore value='8418'/>
		<gasScore value='1616'/>
		<totalScore value='28659'/>
	</enemy>

	<scoreRatio value='0.401235'/>
	<timeFitness value='0.140139'/>
	<unitsAverage value='24'/>
</results>
