<results>
	<result value='loss'/>
	<start value='2015-05-03.20:48:32'/>
	<end value='2015-05-03.20:48:54'/>
	<frames value='30785'/>
	<gameDuration value='1924'/>

	<player>
		<unitScore value='9425'/>
		<killScore value='4850'/>
		<buildingScore value='3000'/>
		<razingScore value='150'/>
		<mineralScore value='12314'/>
		<gasScore value='2096'/>
		<totalScore value='31835'/>
	</player>

	<enemy>
		<race value='Protoss'/>
		<unitScore value='13050'/>
		<unitScore value='13050'/>
		<killScore value='18850'/>
		<buildingScore value='6725'/>
		<razingScore value='9000'/>
		<mineralScore value='20758'/>
		<gasScore value='6872'/>
		<totalScore value='75255'/>
	</enemy>

	<scoreRatio value='0.423028'/>
	<timeFitness value='0.267222'/>
	<unitsAverage value='32'/>
</results>
