<results>
	<result value='loss'/>
	<start value='2015-05-03.21:00:15'/>
	<end value='2015-05-03.21:00:25'/>
	<frames value='15316'/>
	<gameDuration value='957'/>

	<player>
		<unitScore value='3250'/>
		<killScore value='400'/>
		<buildingScore value='1800'/>
		<razingScore value='0'/>
		<mineralScore value='5026'/>
		<gasScore value='856'/>
		<totalScore value='11332'/>
	</player>

	<enemy>
		<race value='Protoss'/>
		<unitScore value='3550'/>
		<unitScore value='3550'/>
		<killScore value='6400'/>
		<buildingScore value='2675'/>
		<razingScore value='5400'/>
		<mineralScore value='8034'/>
		<gasScore value='1368'/>
		<totalScore value='27427'/>
	</enemy>

	<scoreRatio value='0.41317'/>
	<timeFitness value='0.132917'/>
	<unitsAverage value='22'/>
</results>
