<results>
	<result value='win'/>
	<start value='2015-05-03.16:36:31'/>
	<end value='2015-05-03.16:36:51'/>
	<frames value='27499'/>
	<gameDuration value='1718'/>

	<player>
		<unitScore value='14225'/>
		<killScore value='16400'/>
		<buildingScore value='3850'/>
		<razingScore value='13125'/>
		<mineralScore value='19834'/>
		<gasScore value='3056'/>
		<totalScore value='70490'/>
	</player>

	<enemy>
		<race value='Protoss'/>
		<unitScore value='9250'/>
		<unitScore value='9250'/>
		<killScore value='9850'/>
		<buildingScore value='4375'/>
		<razingScore value='0'/>
		<mineralScore value='10458'/>
		<gasScore value='2544'/>
		<totalScore value='36477'/>
	</enemy>

	<scoreRatio value='1.93245'/>
	<timeFitness value='0.761389'/>
	<unitsAverage value='84'/>
</results>
