<results>
	<result value='win'/>
	<start value='2015-05-03.16:39:09'/>
	<end value='2015-05-03.16:39:38'/>
	<frames value='30785'/>
	<gameDuration value='1924'/>

	<player>
		<unitScore value='20275'/>
		<killScore value='22300'/>
		<buildingScore value='3925'/>
		<razingScore value='18225'/>
		<mineralScore value='28002'/>
		<gasScore value='2296'/>
		<totalScore value='95023'/>
	</player>

	<enemy>
		<race value='Protoss'/>
		<unitScore value='11500'/>
		<unitScore value='11500'/>
		<killScore value='18650'/>
		<buildingScore value='6075'/>
		<razingScore value='675'/>
		<mineralScore value='15694'/>
		<gasScore value='4528'/>
		<totalScore value='57122'/>
	</enemy>

	<scoreRatio value='1.66351'/>
	<timeFitness value='0.732778'/>
	<unitsAverage value='98'/>
</results>
