<results>
	<result value='loss'/>
	<start value='2015-07-20.01:43:07'/>
	<end value='2015-07-20.01:43:30'/>
	<frames value='27158'/>
	<gameDuration value='1697'/>

	<player>
		<unitScore value='14900'/>
		<killScore value='6800'/>
		<buildingScore value='3250'/>
		<razingScore value='0'/>
		<mineralScore value='17034'/>
		<gasScore value='2488'/>
		<totalScore value='44472'/>
	</player>

	<enemy>
		<race value='Zerg'/>
		<unitScore value='16175'/>
		<killScore value='28150'/>
		<buildingScore value='3345'/>
		<razingScore value='9750'/>
		<mineralScore value='15746'/>
		<gasScore value='5032'/>
		<totalScore value='78198'/>
	</enemy>

	<scoreRatio value='0.56871'/>
	<timeFitness value='0.235694'/>
	<unitsAverage value='50'/>
</results>
