<results>
	<result value='loss'/>
	<start value='2015-07-20.01:46:53'/>
	<end value='2015-07-20.01:47:27'/>
	<frames value='30103'/>
	<gameDuration value='1881'/>

	<player>
		<unitScore value='17225'/>
		<killScore value='15100'/>
		<buildingScore value='2650'/>
		<razingScore value='0'/>
		<mineralScore value='24730'/>
		<gasScore value='2560'/>
		<totalScore value='62265'/>
	</player>

	<enemy>
		<race value='Zerg'/>
		<unitScore value='19850'/>
		<killScore value='31350'/>
		<buildingScore value='3280'/>
		<razingScore value='7950'/>
		<mineralScore value='18670'/>
		<gasScore value='6208'/>
		<totalScore value='87308'/>
	</enemy>

	<scoreRatio value='0.713165'/>
	<timeFitness value='0.26125'/>
	<unitsAverage value='73'/>
</results>
