<results>
	<result value='loss'/>
	<start value='2015-05-10.05:24:24'/>
	<end value='2015-05-10.05:24:36'/>
	<frames value='15750'/>
	<gameDuration value='984'/>

	<player>
		<unitScore value='4150'/>
		<killScore value='800'/>
		<buildingScore value='1525'/>
		<razingScore value='0'/>
		<mineralScore value='4962'/>
		<gasScore value='488'/>
		<totalScore value='11925'/>
	</player>

	<enemy>
		<race value='Protoss'/>
		<unitScore value='3550'/>
		<unitScore value='3550'/>
		<killScore value='8300'/>
		<buildingScore value='3125'/>
		<razingScore value='4575'/>
		<mineralScore value='8050'/>
		<gasScore value='1488'/>
		<totalScore value='29088'/>
	</enemy>

	<scoreRatio value='0.409963'/>
	<timeFitness value='0.136667'/>
	<unitsAverage value='25'/>
</results>
