<results>
	<result value='loss'/>
	<start value='2015-05-09.21:11:09'/>
	<end value='2015-05-09.21:11:59'/>
	<frames value='45107'/>
	<gameDuration value='2819'/>

	<player>
		<unitScore value='21000'/>
		<killScore value='29150'/>
		<buildingScore value='2375'/>
		<razingScore value='900'/>
		<mineralScore value='22482'/>
		<gasScore value='2936'/>
		<totalScore value='78843'/>
	</player>

	<enemy>
		<race value='Protoss'/>
		<unitScore value='31605'/>
		<unitScore value='31605'/>
		<killScore value='42100'/>
		<buildingScore value='8375'/>
		<razingScore value='7125'/>
		<mineralScore value='32186'/>
		<gasScore value='11200'/>
		<totalScore value='132591'/>
	</enemy>

	<scoreRatio value='0.594633'/>
	<timeFitness value='0.391528'/>
	<unitsAverage value='79'/>
</results>
