<results>
	<result value='loss'/>
	<start value='2015-05-09.21:12:02'/>
	<end value='2015-05-09.21:12:10'/>
	<frames value='14975'/>
	<gameDuration value='935'/>

	<player>
		<unitScore value='3150'/>
		<killScore value='600'/>
		<buildingScore value='1500'/>
		<razingScore value='0'/>
		<mineralScore value='4570'/>
		<gasScore value='536'/>
		<totalScore value='10356'/>
	</player>

	<enemy>
		<race value='Protoss'/>
		<unitScore value='3550'/>
		<unitScore value='3550'/>
		<killScore value='6200'/>
		<buildingScore value='2675'/>
		<razingScore value='4500'/>
		<mineralScore value='7690'/>
		<gasScore value='1336'/>
		<totalScore value='25951'/>
	</enemy>

	<scoreRatio value='0.39906'/>
	<timeFitness value='0.129861'/>
	<unitsAverage value='21'/>
</results>
