<results>
	<result value='win'/>
	<start value='2015-04-08.08:17:35'/>
	<end value='2015-04-08.08:18:24'/>
	<frames value='37760'/>
	<gameDuration value='2360'/>

	<player>
		<unitScore value='21600'/>
		<killScore value='21700'/>
		<buildingScore value='3575'/>
		<razingScore value='18300'/>
		<mineralScore value='24778'/>
		<gasScore value='4280'/>
		<totalScore value='94233'/>
	</player>

	<enemy>
		<race value='Protoss'/>
		<unitScore value='11300'/>
		<unitScore value='11300'/>
		<killScore value='21700'/>
		<buildingScore value='6100'/>
		<razingScore value='300'/>
		<mineralScore value='21274'/>
		<gasScore value='5800'/>
		<totalScore value='66474'/>
	</enemy>

	<scoreRatio value='1.41759'/>
</results>
