<results>
	<result value='win'/>
	<start value='2015-05-04.16:27:32'/>
	<end value='2015-05-04.16:28:47'/>
	<frames value='48548'/>
	<gameDuration value='3034'/>

	<player>
		<unitScore value='25975'/>
		<killScore value='30750'/>
		<buildingScore value='4750'/>
		<razingScore value='18225'/>
		<mineralScore value='40446'/>
		<gasScore value='6096'/>
		<totalScore value='126242'/>
	</player>

	<enemy>
		<race value='Protoss'/>
		<unitScore value='15725'/>
		<unitScore value='15725'/>
		<killScore value='29100'/>
		<buildingScore value='6075'/>
		<razingScore value='150'/>
		<mineralScore value='17618'/>
		<gasScore value='4352'/>
		<totalScore value='73020'/>
	</enemy>

	<scoreRatio value='1.72887'/>
	<timeFitness value='0.578611'/>
	<unitsAverage value='146'/>
</results>
