<results>
	<result value='loss'/>
	<start value='2015-05-04.16:29:19'/>
	<end value='2015-05-04.16:29:34'/>
	<frames value='40550'/>
	<gameDuration value='2534'/>

	<player>
		<unitScore value='12875'/>
		<killScore value='13600'/>
		<buildingScore value='2650'/>
		<razingScore value='600'/>
		<mineralScore value='14698'/>
		<gasScore value='3096'/>
		<totalScore value='47519'/>
	</player>

	<enemy>
		<race value='Protoss'/>
		<unitScore value='25225'/>
		<unitScore value='25225'/>
		<killScore value='25500'/>
		<buildingScore value='7275'/>
		<razingScore value='7950'/>
		<mineralScore value='27258'/>
		<gasScore value='9712'/>
		<totalScore value='102920'/>
	</enemy>

	<scoreRatio value='0.461708'/>
	<timeFitness value='0.351944'/>
	<unitsAverage value='44'/>
</results>
