<results>
	<result value='loss'/>
	<start value='2015-05-10.11:06:36'/>
	<end value='2015-05-10.11:06:43'/>
	<frames value='15192'/>
	<gameDuration value='949'/>

	<player>
		<unitScore value='3075'/>
		<killScore value='1000'/>
		<buildingScore value='1500'/>
		<razingScore value='0'/>
		<mineralScore value='4610'/>
		<gasScore value='848'/>
		<totalScore value='11033'/>
	</player>

	<enemy>
		<race value='Protoss'/>
		<unitScore value='5000'/>
		<unitScore value='5000'/>
		<killScore value='5150'/>
		<buildingScore value='2225'/>
		<razingScore value='4500'/>
		<mineralScore value='7490'/>
		<gasScore value='2024'/>
		<totalScore value='26389'/>
	</enemy>

	<scoreRatio value='0.418091'/>
	<timeFitness value='0.131806'/>
	<unitsAverage value='25'/>
</results>
