<results>
	<result value='loss'/>
	<start value='2015-05-10.11:10:10'/>
	<end value='2015-05-10.11:10:57'/>
	<frames value='54593'/>
	<gameDuration value='3412'/>

	<player>
		<unitScore value='29025'/>
		<killScore value='38050'/>
		<buildingScore value='3100'/>
		<razingScore value='8475'/>
		<mineralScore value='31542'/>
		<gasScore value='3952'/>
		<totalScore value='114144'/>
	</player>

	<enemy>
		<race value='Protoss'/>
		<unitScore value='27200'/>
		<unitScore value='27200'/>
		<killScore value='58050'/>
		<buildingScore value='9450'/>
		<razingScore value='9300'/>
		<mineralScore value='31454'/>
		<gasScore value='9046'/>
		<totalScore value='144500'/>
	</enemy>

	<scoreRatio value='0.789924'/>
	<timeFitness value='0.473889'/>
	<unitsAverage value='89'/>
</results>
