<results>
	<result value='loss'/>
	<start value='2015-07-20.09:32:53'/>
	<end value='2015-07-20.09:33:36'/>
	<frames value='32397'/>
	<gameDuration value='2024'/>

	<player>
		<unitScore value='18325'/>
		<killScore value='15550'/>
		<buildingScore value='3350'/>
		<razingScore value='0'/>
		<mineralScore value='32438'/>
		<gasScore value='2264'/>
		<totalScore value='71927'/>
	</player>

	<enemy>
		<race value='Zerg'/>
		<unitScore value='16300'/>
		<killScore value='36650'/>
		<buildingScore value='3555'/>
		<razingScore value='10050'/>
		<mineralScore value='15954'/>
		<gasScore value='6248'/>
		<totalScore value='88757'/>
	</enemy>

	<scoreRatio value='0.810381'/>
	<timeFitness value='0.281111'/>
	<unitsAverage value='78'/>
</results>
