<results>
	<result value='loss'/>
	<start value='2015-04-12.19:11:02'/>
	<end value='2015-04-12.19:11:14'/>
	<frames value='27592'/>
	<gameDuration value='1724'/>

	<player>
		<unitScore value='3625'/>
		<killScore value='2200'/>
		<buildingScore value='1725'/>
		<razingScore value='0'/>
		<mineralScore value='5618'/>
		<gasScore value='672'/>
		<totalScore value='13840'/>
	</player>

	<enemy>
		<race value='Protoss'/>
		<unitScore value='11825'/>
		<unitScore value='11825'/>
		<killScore value='7250'/>
		<buildingScore value='6875'/>
		<razingScore value='5175'/>
		<mineralScore value='16934'/>
		<gasScore value='6344'/>
		<totalScore value='54403'/>
	</enemy>

	<scoreRatio value='0.254398'/>
</results>
