<results>
	<result value='win'/>
	<start value='2015-04-12.14:32:22'/>
	<end value='2015-04-12.14:34:21'/>
	<frames value='42131'/>
	<gameDuration value='2633'/>

	<player>
		<unitScore value='22950'/>
		<killScore value='24550'/>
		<buildingScore value='4725'/>
		<razingScore value='22875'/>
		<mineralScore value='35014'/>
		<gasScore value='4976'/>
		<totalScore value='115090'/>
	</player>

	<enemy>
		<race value='Protoss'/>
		<unitScore value='12500'/>
		<unitScore value='12500'/>
		<killScore value='21000'/>
		<buildingScore value='7625'/>
		<razingScore value='150'/>
		<mineralScore value='20974'/>
		<gasScore value='5080'/>
		<totalScore value='67329'/>
	</enemy>

	<scoreRatio value='1.70937'/>
</results>
