<results>
	<result value='loss'/>
	<start value='2015-04-12.14:55:28'/>
	<end value='2015-04-12.14:55:40'/>
	<frames value='15719'/>
	<gameDuration value='982'/>

	<player>
		<unitScore value='3050'/>
		<killScore value='1600'/>
		<buildingScore value='1075'/>
		<razingScore value='0'/>
		<mineralScore value='3970'/>
		<gasScore value='528'/>
		<totalScore value='10223'/>
	</player>

	<enemy>
		<race value='Protoss'/>
		<unitScore value='3550'/>
		<unitScore value='3550'/>
		<killScore value='6100'/>
		<buildingScore value='3225'/>
		<razingScore value='3225'/>
		<mineralScore value='8258'/>
		<gasScore value='1280'/>
		<totalScore value='25638'/>
	</enemy>

	<scoreRatio value='0.398744'/>
</results>
