<results>
	<result value='loss'/>
	<start value='2015-07-19.03:56:01'/>
	<end value='2015-07-19.03:56:05'/>
	<frames value='7380'/>
	<gameDuration value='461'/>

	<player>
		<unitScore value='850'/>
		<killScore value='0'/>
		<buildingScore value='750'/>
		<razingScore value='0'/>
		<mineralScore value='1410'/>
		<gasScore value='160'/>
		<totalScore value='3170'/>
	</player>

	<enemy>
		<race value='Zerg'/>
		<unitScore value='1300'/>
		<killScore value='1600'/>
		<buildingScore value='440'/>
		<razingScore value='2250'/>
		<mineralScore value='2058'/>
		<gasScore value='0'/>
		<totalScore value='7648'/>
	</enemy>

	<scoreRatio value='0.414487'/>
	<timeFitness value='0.0640278'/>
	<unitsAverage value='10'/>
</results>
