<results>
	<result value='win'/>
	<start value='2014-07-24.01:01:08'/>
	<end value='2014-07-24.01:01:39'/>
	<frames value='42286'/>
	<gameDuration value='2642'/>

	<player>
		<unitScore value='20300'/>
		<killScore value='29350'/>
		<buildingScore value='2900'/>
		<razingScore value='12375'/>
		<mineralScore value='20578'/>
		<gasScore value='3600'/>
		<totalScore value='89103'/>
	</player>

	<enemy>
		<race value='Terran'/>
		<unitScore value='16100'/>
		<unitScore value='16100'/>
		<killScore value='29650'/>
		<buildingScore value='4375'/>
		<razingScore value='3075'/>
		<mineralScore value='14010'/>
		<gasScore value='6628'/>
		<totalScore value='73838'/>
	</enemy>

	<scoreRatio value='1.20674'/>
</results>
