<results>
	<result value='loss'/>
	<start value='2015-07-07.16:10:37'/>
	<end value='2015-07-07.16:10:56'/>
	<frames value='18261'/>
	<gameDuration value='1141'/>

	<player>
		<unitScore value='5100'/>
		<killScore value='1650'/>
		<buildingScore value='2075'/>
		<razingScore value='0'/>
		<mineralScore value='6130'/>
		<gasScore value='792'/>
		<totalScore value='15747'/>
	</player>

	<enemy>
		<race value='Terran'/>
		<unitScore value='6475'/>
		<killScore value='10200'/>
		<buildingScore value='2800'/>
		<razingScore value='6225'/>
		<mineralScore value='8346'/>
		<gasScore value='2976'/>
		<totalScore value='37022'/>
	</enemy>

	<scoreRatio value='0.425342'/>
	<timeFitness value='0.158472'/>
	<unitsAverage value='26'/>
</results>
