<results>
	<result value='loss'/>
	<start value='2015-07-20.11:21:18'/>
	<end value='2015-07-20.11:22:09'/>
	<frames value='36675'/>
	<gameDuration value='2292'/>

	<player>
		<unitScore value='21675'/>
		<killScore value='23950'/>
		<buildingScore value='3150'/>
		<razingScore value='0'/>
		<mineralScore value='26278'/>
		<gasScore value='3224'/>
		<totalScore value='78277'/>
	</player>

	<enemy>
		<race value='Zerg'/>
		<unitScore value='25650'/>
		<killScore value='41050'/>
		<buildingScore value='5040'/>
		<razingScore value='9450'/>
		<mineralScore value='22986'/>
		<gasScore value='8444'/>
		<totalScore value='112620'/>
	</enemy>

	<scoreRatio value='0.695054'/>
	<timeFitness value='0.318333'/>
	<unitsAverage value='75'/>
</results>
