<results>
	<result value='loss'/>
	<start value='2015-07-20.11:22:18'/>
	<end value='2015-07-20.11:22:48'/>
	<frames value='27747'/>
	<gameDuration value='1734'/>

	<player>
		<unitScore value='13275'/>
		<killScore value='6200'/>
		<buildingScore value='4125'/>
		<razingScore value='0'/>
		<mineralScore value='17098'/>
		<gasScore value='1992'/>
		<totalScore value='42690'/>
	</player>

	<enemy>
		<race value='Zerg'/>
		<unitScore value='14400'/>
		<killScore value='26550'/>
		<buildingScore value='3280'/>
		<razingScore value='12375'/>
		<mineralScore value='16694'/>
		<gasScore value='5584'/>
		<totalScore value='78883'/>
	</enemy>

	<scoreRatio value='0.541181'/>
	<timeFitness value='0.240833'/>
	<unitsAverage value='49'/>
</results>
