<results>
	<result value='loss'/>
	<start value='2015-07-20.11:26:55'/>
	<end value='2015-07-20.11:27:52'/>
	<frames value='41666'/>
	<gameDuration value='2604'/>

	<player>
		<unitScore value='28750'/>
		<killScore value='26400'/>
		<buildingScore value='3825'/>
		<razingScore value='0'/>
		<mineralScore value='25930'/>
		<gasScore value='4656'/>
		<totalScore value='89561'/>
	</player>

	<enemy>
		<race value='Zerg'/>
		<unitScore value='24600'/>
		<killScore value='53500'/>
		<buildingScore value='5090'/>
		<razingScore value='11475'/>
		<mineralScore value='26990'/>
		<gasScore value='7968'/>
		<totalScore value='129623'/>
	</enemy>

	<scoreRatio value='0.690934'/>
	<timeFitness value='0.361667'/>
	<unitsAverage value='80'/>
</results>
