<results>
	<result value='loss'/>
	<start value='2015-07-20.11:32:08'/>
	<end value='2015-07-20.11:32:52'/>
	<frames value='29018'/>
	<gameDuration value='1813'/>

	<player>
		<unitScore value='18850'/>
		<killScore value='12950'/>
		<buildingScore value='3575'/>
		<razingScore value='195'/>
		<mineralScore value='26506'/>
		<gasScore value='2968'/>
		<totalScore value='65044'/>
	</player>

	<enemy>
		<race value='Zerg'/>
		<unitScore value='15475'/>
		<killScore value='37200'/>
		<buildingScore value='3280'/>
		<razingScore value='10725'/>
		<mineralScore value='17278'/>
		<gasScore value='5152'/>
		<totalScore value='89110'/>
	</enemy>

	<scoreRatio value='0.729929'/>
	<timeFitness value='0.251806'/>
	<unitsAverage value='77'/>
</results>
