<results>
	<result value='loss'/>
	<start value='2015-07-21.17:03:21'/>
	<end value='2015-07-21.17:04:10'/>
	<frames value='33141'/>
	<gameDuration value='2071'/>

	<player>
		<unitScore value='20075'/>
		<killScore value='17900'/>
		<buildingScore value='4250'/>
		<razingScore value='120'/>
		<mineralScore value='21842'/>
		<gasScore value='2960'/>
		<totalScore value='67147'/>
	</player>

	<enemy>
		<race value='Zerg'/>
		<unitScore value='20550'/>
		<killScore value='36800'/>
		<buildingScore value='4555'/>
		<razingScore value='12750'/>
		<mineralScore value='20594'/>
		<gasScore value='7544'/>
		<totalScore value='102793'/>
	</enemy>

	<scoreRatio value='0.653225'/>
	<timeFitness value='0.287639'/>
	<unitsAverage value='75'/>
</results>
