<results>
	<result value='loss'/>
	<start value='2015-07-21.17:23:49'/>
	<end value='2015-07-21.17:24:34'/>
	<frames value='28925'/>
	<gameDuration value='1807'/>

	<player>
		<unitScore value='16900'/>
		<killScore value='10100'/>
		<buildingScore value='3950'/>
		<razingScore value='0'/>
		<mineralScore value='27226'/>
		<gasScore value='2832'/>
		<totalScore value='61008'/>
	</player>

	<enemy>
		<race value='Zerg'/>
		<unitScore value='15250'/>
		<killScore value='32300'/>
		<buildingScore value='3110'/>
		<razingScore value='11850'/>
		<mineralScore value='17946'/>
		<gasScore value='4760'/>
		<totalScore value='85216'/>
	</enemy>

	<scoreRatio value='0.715922'/>
	<timeFitness value='0.250972'/>
	<unitsAverage value='73'/>
</results>
