<results>
	<result value='win'/>
	<start value='2015-05-09.16:16:52'/>
	<end value='2015-05-09.16:17:16'/>
	<frames value='25856'/>
	<gameDuration value='1616'/>

	<player>
		<unitScore value='13475'/>
		<killScore value='24210'/>
		<buildingScore value='4250'/>
		<razingScore value='3780'/>
		<mineralScore value='23534'/>
		<gasScore value='2760'/>
		<totalScore value='72009'/>
	</player>

	<enemy>
		<race value='Zerg'/>
		<unitScore value='10550'/>
		<unitScore value='10550'/>
		<killScore value='9000'/>
		<buildingScore value='1260'/>
		<razingScore value='0'/>
		<mineralScore value='9202'/>
		<gasScore value='2728'/>
		<totalScore value='32740'/>
	</enemy>

	<scoreRatio value='2.19942'/>
	<timeFitness value='0.775556'/>
	<unitsAverage value='85'/>
</results>
