<results>
	<result value='win'/>
	<start value='2015-05-09.16:17:21'/>
	<end value='2015-05-09.16:17:43'/>
	<frames value='23748'/>
	<gameDuration value='1484'/>

	<player>
		<unitScore value='14675'/>
		<killScore value='19040'/>
		<buildingScore value='3675'/>
		<razingScore value='5820'/>
		<mineralScore value='20830'/>
		<gasScore value='1544'/>
		<totalScore value='65584'/>
	</player>

	<enemy>
		<race value='Zerg'/>
		<unitScore value='8975'/>
		<unitScore value='8975'/>
		<killScore value='10650'/>
		<buildingScore value='1940'/>
		<razingScore value='0'/>
		<mineralScore value='9218'/>
		<gasScore value='2752'/>
		<totalScore value='33535'/>
	</enemy>

	<scoreRatio value='1.95569'/>
	<timeFitness value='0.793889'/>
	<unitsAverage value='84'/>
</results>
