<results>
	<result value='win'/>
	<start value='2014-07-04.03:48:48'/>
	<end value='2014-07-04.03:49:32'/>
	<frames value='40116'/>
	<gameDuration value='2507'/>

	<player>
		<unitScore value='26625'/>
		<killScore value='43750'/>
		<buildingScore value='4275'/>
		<razingScore value='12300'/>
		<mineralScore value='33366'/>
		<gasScore value='4152'/>
		<totalScore value='124468'/>
	</player>

	<enemy>
		<race value='Terran'/>
		<unitScore value='23650'/>
		<unitScore value='23650'/>
		<killScore value='32150'/>
		<buildingScore value='4100'/>
		<razingScore value='1050'/>
		<mineralScore value='17578'/>
		<gasScore value='8810'/>
		<totalScore value='87338'/>
	</enemy>

	<scoreRatio value='1.42513'/>
</results>
