<results>
	<result value='loss'/>
	<start value='2014-07-04.03:51:38'/>
	<end value='2014-07-04.03:51:49'/>
	<frames value='19656'/>
	<gameDuration value='1228'/>

	<player>
		<unitScore value='4325'/>
		<killScore value='3500'/>
		<buildingScore value='1650'/>
		<razingScore value='0'/>
		<mineralScore value='5930'/>
		<gasScore value='904'/>
		<totalScore value='16309'/>
	</player>

	<enemy>
		<race value='Terran'/>
		<unitScore value='7575'/>
		<unitScore value='7575'/>
		<killScore value='8650'/>
		<buildingScore value='2850'/>
		<razingScore value='4950'/>
		<mineralScore value='9274'/>
		<gasScore value='3456'/>
		<totalScore value='36755'/>
	</enemy>

	<scoreRatio value='0.443722'/>
</results>
