<results>
	<result value='loss'/>
	<start value='2014-07-04.03:52:44'/>
	<end value='2014-07-04.03:52:51'/>
	<frames value='15750'/>
	<gameDuration value='984'/>

	<player>
		<unitScore value='3325'/>
		<killScore value='500'/>
		<buildingScore value='1525'/>
		<razingScore value='0'/>
		<mineralScore value='4994'/>
		<gasScore value='1024'/>
		<totalScore value='11368'/>
	</player>

	<enemy>
		<race value='Terran'/>
		<unitScore value='5000'/>
		<unitScore value='5000'/>
		<killScore value='6650'/>
		<buildingScore value='1700'/>
		<razingScore value='4575'/>
		<mineralScore value='7250'/>
		<gasScore value='2184'/>
		<totalScore value='27359'/>
	</enemy>

	<scoreRatio value='0.415512'/>
</results>
