<results>
	<result value='draw'/>
	<start value='2015-05-10.02:12:08'/>
	<end value='2015-05-10.02:13:18'/>
	<frames value='57601'/>
	<gameDuration value='3600'/>

	<player>
		<unitScore value='35025'/>
		<killScore value='40350'/>
		<buildingScore value='4000'/>
		<razingScore value='17925'/>
		<mineralScore value='38594'/>
		<gasScore value='8070'/>
		<totalScore value='143964'/>
	</player>

	<enemy>
		<race value='Protoss'/>
		<unitScore value='20175'/>
		<unitScore value='20175'/>
		<killScore value='59300'/>
		<buildingScore value='7150'/>
		<razingScore value='4500'/>
		<mineralScore value='24418'/>
		<gasScore value='4712'/>
		<totalScore value='120255'/>
	</enemy>

	<scoreRatio value='1.19716'/>
	<timeFitness value='0.5'/>
	<unitsAverage value='124'/>
</results>
