<results>
	<result value='loss'/>
	<start value='2015-07-20.04:34:06'/>
	<end value='2015-07-20.04:34:52'/>
	<frames value='29917'/>
	<gameDuration value='1869'/>

	<player>
		<unitScore value='14550'/>
		<killScore value='7800'/>
		<buildingScore value='4175'/>
		<razingScore value='0'/>
		<mineralScore value='17674'/>
		<gasScore value='2408'/>
		<totalScore value='46607'/>
	</player>

	<enemy>
		<race value='Zerg'/>
		<unitScore value='15650'/>
		<killScore value='23550'/>
		<buildingScore value='3765'/>
		<razingScore value='12525'/>
		<mineralScore value='18194'/>
		<gasScore value='6720'/>
		<totalScore value='80404'/>
	</enemy>

	<scoreRatio value='0.57966'/>
	<timeFitness value='0.259583'/>
	<unitsAverage value='75'/>
</results>
