<results>
	<result value='loss'/>
	<start value='2015-04-12.16:47:41'/>
	<end value='2015-04-12.16:47:53'/>
	<frames value='14696'/>
	<gameDuration value='918'/>

	<player>
		<unitScore value='3275'/>
		<killScore value='400'/>
		<buildingScore value='1475'/>
		<razingScore value='0'/>
		<mineralScore value='4538'/>
		<gasScore value='544'/>
		<totalScore value='10232'/>
	</player>

	<enemy>
		<race value='Protoss'/>
		<unitScore value='3550'/>
		<unitScore value='3550'/>
		<killScore value='6550'/>
		<buildingScore value='2375'/>
		<razingScore value='4425'/>
		<mineralScore value='7490'/>
		<gasScore value='1192'/>
		<totalScore value='25582'/>
	</enemy>

	<scoreRatio value='0.399969'/>
</results>
