<results>
	<result value='loss'/>
	<start value='2015-04-12.16:47:58'/>
	<end value='2015-04-12.16:48:19'/>
	<frames value='21113'/>
	<gameDuration value='1319'/>

	<player>
		<unitScore value='6950'/>
		<killScore value='5200'/>
		<buildingScore value='1875'/>
		<razingScore value='0'/>
		<mineralScore value='8626'/>
		<gasScore value='856'/>
		<totalScore value='23507'/>
	</player>

	<enemy>
		<race value='Protoss'/>
		<unitScore value='6525'/>
		<unitScore value='6525'/>
		<killScore value='13750'/>
		<buildingScore value='3775'/>
		<razingScore value='5625'/>
		<mineralScore value='11142'/>
		<gasScore value='2752'/>
		<totalScore value='43569'/>
	</enemy>

	<scoreRatio value='0.539535'/>
</results>
