<results>
	<result value='loss'/>
	<start value='2015-04-07.22:43:58'/>
	<end value='2015-04-07.22:44:20'/>
	<frames value='36179'/>
	<gameDuration value='2261'/>

	<player>
		<unitScore value='7775'/>
		<killScore value='11650'/>
		<buildingScore value='2400'/>
		<razingScore value='600'/>
		<mineralScore value='12178'/>
		<gasScore value='1608'/>
		<totalScore value='36211'/>
	</player>

	<enemy>
		<race value='Protoss'/>
		<unitScore value='17975'/>
		<unitScore value='17975'/>
		<killScore value='15550'/>
		<buildingScore value='7175'/>
		<razingScore value='7200'/>
		<mineralScore value='22022'/>
		<gasScore value='7686'/>
		<totalScore value='77608'/>
	</enemy>

	<scoreRatio value='0.466588'/>
</results>
