<results>
	<result value='win'/>
	<start value='2015-05-11.03:41:06'/>
	<end value='2015-05-11.03:41:49'/>
	<frames value='29824'/>
	<gameDuration value='1864'/>

	<player>
		<unitScore value='18925'/>
		<killScore value='35160'/>
		<buildingScore value='4550'/>
		<razingScore value='4560'/>
		<mineralScore value='33170'/>
		<gasScore value='3168'/>
		<totalScore value='99533'/>
	</player>

	<enemy>
		<race value='Zerg'/>
		<unitScore value='14300'/>
		<unitScore value='14300'/>
		<killScore value='15050'/>
		<buildingScore value='1520'/>
		<razingScore value='0'/>
		<mineralScore value='12042'/>
		<gasScore value='3608'/>
		<totalScore value='46520'/>
	</enemy>

	<scoreRatio value='2.13957'/>
	<timeFitness value='0.741111'/>
	<unitsAverage value='113'/>
</results>
