<results>
	<result value='win'/>
	<start value='2015-05-11.03:42:47'/>
	<end value='2015-05-11.03:43:12'/>
	<frames value='27840'/>
	<gameDuration value='1740'/>

	<player>
		<unitScore value='12975'/>
		<killScore value='16990'/>
		<buildingScore value='4225'/>
		<razingScore value='7950'/>
		<mineralScore value='20494'/>
		<gasScore value='1840'/>
		<totalScore value='64474'/>
	</player>

	<enemy>
		<race value='Zerg'/>
		<unitScore value='8350'/>
		<unitScore value='8350'/>
		<killScore value='11400'/>
		<buildingScore value='2650'/>
		<razingScore value='2250'/>
		<mineralScore value='9418'/>
		<gasScore value='3144'/>
		<totalScore value='37212'/>
	</enemy>

	<scoreRatio value='1.73261'/>
	<timeFitness value='0.758333'/>
	<unitsAverage value='73'/>
</results>
