<results>
	<result value='win'/>
	<start value='2015-05-11.03:49:19'/>
	<end value='2015-05-11.03:49:55'/>
	<frames value='28801'/>
	<gameDuration value='1800'/>

	<player>
		<unitScore value='20400'/>
		<killScore value='28380'/>
		<buildingScore value='4575'/>
		<razingScore value='5460'/>
		<mineralScore value='29402'/>
		<gasScore value='3408'/>
		<totalScore value='91625'/>
	</player>

	<enemy>
		<race value='Zerg'/>
		<unitScore value='12800'/>
		<unitScore value='12800'/>
		<killScore value='19000'/>
		<buildingScore value='1820'/>
		<razingScore value='0'/>
		<mineralScore value='11690'/>
		<gasScore value='3920'/>
		<totalScore value='49230'/>
	</enemy>

	<scoreRatio value='1.86116'/>
	<timeFitness value='0.75'/>
	<unitsAverage value='105'/>
</results>
