<results>
	<result value='win'/>
	<start value='2015-05-11.03:51:29'/>
	<end value='2015-05-11.03:51:54'/>
	<frames value='24368'/>
	<gameDuration value='1523'/>

	<player>
		<unitScore value='15600'/>
		<killScore value='19330'/>
		<buildingScore value='4300'/>
		<razingScore value='5040'/>
		<mineralScore value='22938'/>
		<gasScore value='1536'/>
		<totalScore value='68744'/>
	</player>

	<enemy>
		<race value='Zerg'/>
		<unitScore value='9150'/>
		<unitScore value='9150'/>
		<killScore value='11750'/>
		<buildingScore value='1680'/>
		<razingScore value='0'/>
		<mineralScore value='9434'/>
		<gasScore value='2896'/>
		<totalScore value='34910'/>
	</enemy>

	<scoreRatio value='1.96918'/>
	<timeFitness value='0.788472'/>
	<unitsAverage value='88'/>
</results>
