<results>
	<result value='win'/>
	<start value='2015-04-15.06:43:42'/>
	<end value='2015-04-15.06:44:52'/>
	<frames value='33296'/>
	<gameDuration value='2081'/>

	<player>
		<unitScore value='20375'/>
		<killScore value='27750'/>
		<buildingScore value='4075'/>
		<razingScore value='18450'/>
		<mineralScore value='29902'/>
		<gasScore value='3408'/>
		<totalScore value='103960'/>
	</player>

	<enemy>
		<race value='Protoss'/>
		<unitScore value='14875'/>
		<unitScore value='14875'/>
		<killScore value='17550'/>
		<buildingScore value='6150'/>
		<razingScore value='450'/>
		<mineralScore value='18506'/>
		<gasScore value='5288'/>
		<totalScore value='62819'/>
	</enemy>

	<scoreRatio value='1.65491'/>
</results>
