<results>
	<result value='win'/>
	<start value='2015-04-15.06:53:08'/>
	<end value='2015-04-15.06:54:06'/>
	<frames value='34381'/>
	<gameDuration value='2148'/>

	<player>
		<unitScore value='18075'/>
		<killScore value='20100'/>
		<buildingScore value='4250'/>
		<razingScore value='14025'/>
		<mineralScore value='23938'/>
		<gasScore value='4264'/>
		<totalScore value='84652'/>
	</player>

	<enemy>
		<race value='Protoss'/>
		<unitScore value='10850'/>
		<unitScore value='10850'/>
		<killScore value='17400'/>
		<buildingScore value='4675'/>
		<razingScore value='1725'/>
		<mineralScore value='13618'/>
		<gasScore value='4520'/>
		<totalScore value='52788'/>
	</enemy>

	<scoreRatio value='1.60362'/>
</results>
