<results>
	<result value='loss'/>
	<start value='2015-07-18.14:54:37'/>
	<end value='2015-07-18.14:55:24'/>
	<frames value='35745'/>
	<gameDuration value='2234'/>

	<player>
		<unitScore value='21100'/>
		<killScore value='11000'/>
		<buildingScore value='3150'/>
		<razingScore value='600'/>
		<mineralScore value='24394'/>
		<gasScore value='2656'/>
		<totalScore value='62900'/>
	</player>

	<enemy>
		<race value='Protoss'/>
		<unitScore value='22175'/>
		<killScore value='37150'/>
		<buildingScore value='7925'/>
		<razingScore value='9450'/>
		<mineralScore value='24394'/>
		<gasScore value='8362'/>
		<totalScore value='109456'/>
	</enemy>

	<scoreRatio value='0.57466'/>
	<timeFitness value='0.310278'/>
	<unitsAverage value='78'/>
</results>
