<results>
	<result value='win'/>
	<start value='2015-07-18.14:58:24'/>
	<end value='2015-07-18.14:58:47'/>
	<frames value='22880'/>
	<gameDuration value='1430'/>

	<player>
		<unitScore value='13800'/>
		<killScore value='11600'/>
		<buildingScore value='3550'/>
		<razingScore value='7725'/>
		<mineralScore value='20346'/>
		<gasScore value='2464'/>
		<totalScore value='59485'/>
	</player>

	<enemy>
		<race value='Protoss'/>
		<unitScore value='5800'/>
		<killScore value='7000'/>
		<buildingScore value='2575'/>
		<razingScore value='150'/>
		<mineralScore value='7778'/>
		<gasScore value='1744'/>
		<totalScore value='25047'/>
	</enemy>

	<scoreRatio value='2.37494'/>
	<timeFitness value='0.801389'/>
	<unitsAverage value='72'/>
</results>
