<results>
	<result value='win'/>
	<start value='2015-05-16.21:07:53'/>
	<end value='2015-05-16.21:09:03'/>
	<frames value='39372'/>
	<gameDuration value='2460'/>

	<player>
		<unitScore value='21875'/>
		<killScore value='28510'/>
		<buildingScore value='4275'/>
		<razingScore value='8265'/>
		<mineralScore value='36470'/>
		<gasScore value='3408'/>
		<totalScore value='102803'/>
	</player>

	<enemy>
		<race value='Zerg'/>
		<unitScore value='13600'/>
		<unitScore value='13600'/>
		<killScore value='15800'/>
		<buildingScore value='2755'/>
		<razingScore value='0'/>
		<mineralScore value='13834'/>
		<gasScore value='5160'/>
		<totalScore value='51149'/>
	</enemy>

	<scoreRatio value='2.00987'/>
	<timeFitness value='0.658333'/>
	<unitsAverage value='138'/>
</results>
