<results>
	<result value='win'/>
	<start value='2015-05-16.21:11:49'/>
	<end value='2015-05-16.21:12:30'/>
	<frames value='30041'/>
	<gameDuration value='1877'/>

	<player>
		<unitScore value='21500'/>
		<killScore value='35285'/>
		<buildingScore value='4975'/>
		<razingScore value='6180'/>
		<mineralScore value='28818'/>
		<gasScore value='3360'/>
		<totalScore value='100118'/>
	</player>

	<enemy>
		<race value='Zerg'/>
		<unitScore value='15325'/>
		<unitScore value='15325'/>
		<killScore value='19400'/>
		<buildingScore value='2060'/>
		<razingScore value='0'/>
		<mineralScore value='13786'/>
		<gasScore value='4000'/>
		<totalScore value='54571'/>
	</enemy>

	<scoreRatio value='1.83464'/>
	<timeFitness value='0.739306'/>
	<unitsAverage value='116'/>
</results>
