<results>
	<result value='loss'/>
	<start value='2015-05-16.21:17:00'/>
	<end value='2015-05-16.21:17:08'/>
	<frames value='17827'/>
	<gameDuration value='1114'/>

	<player>
		<unitScore value='900'/>
		<killScore value='400'/>
		<buildingScore value='625'/>
		<razingScore value='0'/>
		<mineralScore value='1170'/>
		<gasScore value='48'/>
		<totalScore value='3143'/>
	</player>

	<enemy>
		<race value='Zerg'/>
		<unitScore value='7750'/>
		<unitScore value='7750'/>
		<killScore value='1800'/>
		<buildingScore value='1220'/>
		<razingScore value='1875'/>
		<mineralScore value='7066'/>
		<gasScore value='1904'/>
		<totalScore value='21615'/>
	</enemy>

	<scoreRatio value='0.145408'/>
	<timeFitness value='0.154722'/>
	<unitsAverage value='6'/>
</results>
