<results>
	<result value='loss'/>
	<start value='2015-05-16.21:17:12'/>
	<end value='2015-05-16.21:17:16'/>
	<frames value='7473'/>
	<gameDuration value='467'/>

	<player>
		<unitScore value='950'/>
		<killScore value='0'/>
		<buildingScore value='750'/>
		<razingScore value='0'/>
		<mineralScore value='1490'/>
		<gasScore value='136'/>
		<totalScore value='3326'/>
	</player>

	<enemy>
		<race value='Zerg'/>
		<unitScore value='1300'/>
		<unitScore value='1300'/>
		<killScore value='1800'/>
		<buildingScore value='440'/>
		<razingScore value='2250'/>
		<mineralScore value='2050'/>
		<gasScore value='0'/>
		<totalScore value='7840'/>
	</enemy>

	<scoreRatio value='0.424235'/>
	<timeFitness value='0.0648611'/>
	<unitsAverage value='11'/>
</results>
