<results>
	<result value='draw'/>
	<start value='2015-04-11.22:00:15'/>
	<end value='2015-04-11.22:01:50'/>
	<frames value='57601'/>
	<gameDuration value='3600'/>

	<player>
		<unitScore value='27850'/>
		<killScore value='45450'/>
		<buildingScore value='3025'/>
		<razingScore value='9450'/>
		<mineralScore value='29654'/>
		<gasScore value='3784'/>
		<totalScore value='119213'/>
	</player>

	<enemy>
		<race value='Protoss'/>
		<unitScore value='27875'/>
		<unitScore value='27875'/>
		<killScore value='50600'/>
		<buildingScore value='7425'/>
		<razingScore value='450'/>
		<mineralScore value='22294'/>
		<gasScore value='11176'/>
		<totalScore value='119820'/>
	</enemy>

	<scoreRatio value='0.994934'/>
</results>
