<results>
	<result value='win'/>
	<start value='2014-07-23.03:25:13'/>
	<end value='2014-07-23.03:25:54'/>
	<frames value='39868'/>
	<gameDuration value='2491'/>

	<player>
		<unitScore value='23925'/>
		<killScore value='46190'/>
		<buildingScore value='4375'/>
		<razingScore value='10350'/>
		<mineralScore value='31738'/>
		<gasScore value='4992'/>
		<totalScore value='121570'/>
	</player>

	<enemy>
		<race value='Zerg'/>
		<unitScore value='21800'/>
		<unitScore value='21800'/>
		<killScore value='25300'/>
		<buildingScore value='3450'/>
		<razingScore value='2100'/>
		<mineralScore value='20386'/>
		<gasScore value='6848'/>
		<totalScore value='79884'/>
	</enemy>

	<scoreRatio value='1.52183'/>
</results>
