<results>
	<result value='win'/>
	<start value='2015-05-09.17:21:29'/>
	<end value='2015-05-09.17:21:52'/>
	<frames value='25484'/>
	<gameDuration value='1592'/>

	<player>
		<unitScore value='11825'/>
		<killScore value='23150'/>
		<buildingScore value='3050'/>
		<razingScore value='8550'/>
		<mineralScore value='16370'/>
		<gasScore value='2624'/>
		<totalScore value='65569'/>
	</player>

	<enemy>
		<race value='Terran'/>
		<unitScore value='11575'/>
		<unitScore value='11575'/>
		<killScore value='9300'/>
		<buildingScore value='2850'/>
		<razingScore value='1875'/>
		<mineralScore value='10730'/>
		<gasScore value='4496'/>
		<totalScore value='40826'/>
	</enemy>

	<scoreRatio value='1.60606'/>
	<timeFitness value='0.778889'/>
	<unitsAverage value='75'/>
</results>
