<results>
	<result value='loss'/>
	<start value='2015-07-18.01:13:23'/>
	<end value='2015-07-18.01:13:51'/>
	<frames value='26228'/>
	<gameDuration value='1639'/>

	<player>
		<unitScore value='10875'/>
		<killScore value='3450'/>
		<buildingScore value='3350'/>
		<razingScore value='0'/>
		<mineralScore value='12770'/>
		<gasScore value='2136'/>
		<totalScore value='32581'/>
	</player>

	<enemy>
		<race value='Terran'/>
		<unitScore value='11900'/>
		<killScore value='19950'/>
		<buildingScore value='4000'/>
		<razingScore value='10050'/>
		<mineralScore value='13070'/>
		<gasScore value='5608'/>
		<totalScore value='64578'/>
	</enemy>

	<scoreRatio value='0.504522'/>
	<timeFitness value='0.227639'/>
	<unitsAverage value='42'/>
</results>
