<results>
	<result value='win'/>
	<start value='2015-07-11.19:46:02'/>
	<end value='2015-07-11.19:46:09'/>
	<frames value='16990'/>
	<gameDuration value='1061'/>

	<player>
		<unitScore value='3875'/>
		<killScore value='6300'/>
		<buildingScore value='1525'/>
		<razingScore value='3600'/>
		<mineralScore value='4858'/>
		<gasScore value='792'/>
		<totalScore value='20950'/>
	</player>

	<enemy>
		<race value='Terran'/>
		<unitScore value='3150'/>
		<killScore value='4900'/>
		<buildingScore value='1200'/>
		<razingScore value='375'/>
		<mineralScore value='4130'/>
		<gasScore value='1160'/>
		<totalScore value='14915'/>
	</enemy>

	<scoreRatio value='1.40463'/>
	<timeFitness value='0.852639'/>
	<unitsAverage value='29'/>
</results>
