<results>
	<result value='loss'/>
	<start value='2015-07-11.19:59:16'/>
	<end value='2015-07-11.19:59:57'/>
	<frames value='25639'/>
	<gameDuration value='1602'/>

	<player>
		<unitScore value='13775'/>
		<killScore value='4250'/>
		<buildingScore value='3700'/>
		<razingScore value='0'/>
		<mineralScore value='14998'/>
		<gasScore value='2032'/>
		<totalScore value='38755'/>
	</player>

	<enemy>
		<race value='Terran'/>
		<unitScore value='10825'/>
		<killScore value='25750'/>
		<buildingScore value='3725'/>
		<razingScore value='11100'/>
		<mineralScore value='12726'/>
		<gasScore value='5088'/>
		<totalScore value='69214'/>
	</enemy>

	<scoreRatio value='0.55993'/>
	<timeFitness value='0.2225'/>
	<unitsAverage value='52'/>
</results>
