<results>
	<result value='loss'/>
	<start value='2015-07-13.18:31:43'/>
	<end value='2015-07-13.18:31:56'/>
	<frames value='25050'/>
	<gameDuration value='1565'/>

	<player>
		<unitScore value='7325'/>
		<killScore value='3500'/>
		<buildingScore value='2000'/>
		<razingScore value='0'/>
		<mineralScore value='7418'/>
		<gasScore value='1520'/>
		<totalScore value='21763'/>
	</player>

	<enemy>
		<race value='Protoss'/>
		<unitScore value='8025'/>
		<killScore value='14200'/>
		<buildingScore value='5075'/>
		<razingScore value='6000'/>
		<mineralScore value='13126'/>
		<gasScore value='4336'/>
		<totalScore value='50762'/>
	</enemy>

	<scoreRatio value='0.428726'/>
	<timeFitness value='0.217361'/>
	<unitsAverage value='27'/>
</results>
