<results>
	<result value='loss'/>
	<start value='2015-07-13.18:35:25'/>
	<end value='2015-07-13.18:36:05'/>
	<frames value='40395'/>
	<gameDuration value='2524'/>

	<player>
		<unitScore value='22850'/>
		<killScore value='12800'/>
		<buildingScore value='3275'/>
		<razingScore value='300'/>
		<mineralScore value='31834'/>
		<gasScore value='4168'/>
		<totalScore value='75227'/>
	</player>

	<enemy>
		<race value='Protoss'/>
		<unitScore value='25400'/>
		<killScore value='45700'/>
		<buildingScore value='6425'/>
		<razingScore value='9825'/>
		<mineralScore value='24490'/>
		<gasScore value='10658'/>
		<totalScore value='122498'/>
	</enemy>

	<scoreRatio value='0.614108'/>
	<timeFitness value='0.350556'/>
	<unitsAverage value='71'/>
</results>
