<results>
	<result value='draw'/>
	<start value='2015-07-13.18:36:31'/>
	<end value='2015-07-13.18:37:36'/>
	<frames value='57601'/>
	<gameDuration value='3600'/>

	<player>
		<unitScore value='33475'/>
		<killScore value='22200'/>
		<buildingScore value='5500'/>
		<razingScore value='7125'/>
		<mineralScore value='38870'/>
		<gasScore value='6924'/>
		<totalScore value='114094'/>
	</player>

	<enemy>
		<race value='Protoss'/>
		<unitScore value='18000'/>
		<killScore value='66000'/>
		<buildingScore value='7325'/>
		<razingScore value='8925'/>
		<mineralScore value='24130'/>
		<gasScore value='5842'/>
		<totalScore value='130222'/>
	</enemy>

	<scoreRatio value='0.87615'/>
	<timeFitness value='0.5'/>
	<unitsAverage value='85'/>
</results>
