<results>
	<result value='win'/>
	<start value='2014-07-23.05:43:00'/>
	<end value='2014-07-23.05:43:22'/>
	<frames value='25422'/>
	<gameDuration value='1588'/>

	<player>
		<unitScore value='16825'/>
		<killScore value='24390'/>
		<buildingScore value='4300'/>
		<razingScore value='5820'/>
		<mineralScore value='24338'/>
		<gasScore value='2928'/>
		<totalScore value='78601'/>
	</player>

	<enemy>
		<race value='Zerg'/>
		<unitScore value='10775'/>
		<unitScore value='10775'/>
		<killScore value='12950'/>
		<buildingScore value='1940'/>
		<razingScore value='0'/>
		<mineralScore value='10674'/>
		<gasScore value='3272'/>
		<totalScore value='39611'/>
	</enemy>

	<scoreRatio value='1.98432'/>
</results>
