<results>
	<result value='win'/>
	<start value='2014-07-23.05:51:19'/>
	<end value='2014-07-23.05:52:11'/>
	<frames value='37171'/>
	<gameDuration value='2323'/>

	<player>
		<unitScore value='19350'/>
		<killScore value='31270'/>
		<buildingScore value='4575'/>
		<razingScore value='6960'/>
		<mineralScore value='35858'/>
		<gasScore value='3232'/>
		<totalScore value='101245'/>
	</player>

	<enemy>
		<race value='Zerg'/>
		<unitScore value='13600'/>
		<unitScore value='13600'/>
		<killScore value='13150'/>
		<buildingScore value='2320'/>
		<razingScore value='0'/>
		<mineralScore value='13866'/>
		<gasScore value='4480'/>
		<totalScore value='47416'/>
	</enemy>

	<scoreRatio value='2.13525'/>
</results>
