<results>
	<result value='loss'/>
	<start value='2015-04-11.10:59:19'/>
	<end value='2015-04-11.11:00:18'/>
	<frames value='45107'/>
	<gameDuration value='2819'/>

	<player>
		<unitScore value='20400'/>
		<killScore value='32300'/>
		<buildingScore value='3175'/>
		<razingScore value='150'/>
		<mineralScore value='24698'/>
		<gasScore value='3288'/>
		<totalScore value='84011'/>
	</player>

	<enemy>
		<race value='Protoss'/>
		<unitScore value='34350'/>
		<unitScore value='34350'/>
		<killScore value='40300'/>
		<buildingScore value='7175'/>
		<razingScore value='9525'/>
		<mineralScore value='31298'/>
		<gasScore value='11764'/>
		<totalScore value='134412'/>
	</enemy>

	<scoreRatio value='0.625026'/>
</results>
