<results>
	<result value='loss'/>
	<start value='2015-04-10.16:18:50'/>
	<end value='2015-04-10.16:19:52'/>
	<frames value='55554'/>
	<gameDuration value='3472'/>

	<player>
		<unitScore value='29100'/>
		<killScore value='49700'/>
		<buildingScore value='3025'/>
		<razingScore value='1200'/>
		<mineralScore value='31590'/>
		<gasScore value='5792'/>
		<totalScore value='120407'/>
	</player>

	<enemy>
		<race value='Protoss'/>
		<unitScore value='38350'/>
		<unitScore value='38350'/>
		<killScore value='58050'/>
		<buildingScore value='6525'/>
		<razingScore value='9075'/>
		<mineralScore value='31406'/>
		<gasScore value='11486'/>
		<totalScore value='154892'/>
	</enemy>

	<scoreRatio value='0.777361'/>
</results>
