<results>
	<result value='win'/>
	<start value='2015-04-10.16:32:30'/>
	<end value='2015-04-10.16:33:25'/>
	<frames value='44301'/>
	<gameDuration value='2768'/>

	<player>
		<unitScore value='32875'/>
		<killScore value='33550'/>
		<buildingScore value='4175'/>
		<razingScore value='18150'/>
		<mineralScore value='36870'/>
		<gasScore value='4864'/>
		<totalScore value='130484'/>
	</player>

	<enemy>
		<race value='Protoss'/>
		<unitScore value='16775'/>
		<unitScore value='16775'/>
		<killScore value='44950'/>
		<buildingScore value='6050'/>
		<razingScore value='0'/>
		<mineralScore value='24566'/>
		<gasScore value='2840'/>
		<totalScore value='95181'/>
	</enemy>

	<scoreRatio value='1.3709'/>
</results>
