<results>
	<result value='win'/>
	<start value='2015-04-10.16:34:20'/>
	<end value='2015-04-10.16:34:58'/>
	<frames value='38225'/>
	<gameDuration value='2389'/>

	<player>
		<unitScore value='21625'/>
		<killScore value='26400'/>
		<buildingScore value='3375'/>
		<razingScore value='16800'/>
		<mineralScore value='25722'/>
		<gasScore value='3232'/>
		<totalScore value='97154'/>
	</player>

	<enemy>
		<race value='Protoss'/>
		<unitScore value='13200'/>
		<unitScore value='13200'/>
		<killScore value='24450'/>
		<buildingScore value='5600'/>
		<razingScore value='0'/>
		<mineralScore value='17790'/>
		<gasScore value='4920'/>
		<totalScore value='65960'/>
	</enemy>

	<scoreRatio value='1.47292'/>
</results>
