<results>
	<result value='win'/>
	<start value='2015-04-27.12:35:17'/>
	<end value='2015-04-27.12:35:58'/>
	<frames value='54748'/>
	<gameDuration value='3421'/>

	<player>
		<unitScore value='23000'/>
		<killScore value='30950'/>
		<buildingScore value='2500'/>
		<razingScore value='12075'/>
		<mineralScore value='25062'/>
		<gasScore value='3072'/>
		<totalScore value='96659'/>
	</player>

	<enemy>
		<race value='Terran'/>
		<unitScore value='18175'/>
		<unitScore value='18175'/>
		<killScore value='36200'/>
		<buildingScore value='4200'/>
		<razingScore value='1950'/>
		<mineralScore value='15674'/>
		<gasScore value='8602'/>
		<totalScore value='84801'/>
	</enemy>

	<scoreRatio value='1.13983'/>
</results>
