<results>
	<result value='win'/>
	<start value='2015-04-27.12:36:02'/>
	<end value='2015-04-27.12:36:37'/>
	<frames value='35001'/>
	<gameDuration value='2187'/>

	<player>
		<unitScore value='16600'/>
		<killScore value='22600'/>
		<buildingScore value='3975'/>
		<razingScore value='11175'/>
		<mineralScore value='25842'/>
		<gasScore value='2736'/>
		<totalScore value='82928'/>
	</player>

	<enemy>
		<race value='Terran'/>
		<unitScore value='12800'/>
		<unitScore value='12800'/>
		<killScore value='13600'/>
		<buildingScore value='3725'/>
		<razingScore value='1500'/>
		<mineralScore value='12066'/>
		<gasScore value='5020'/>
		<totalScore value='48711'/>
	</enemy>

	<scoreRatio value='1.70245'/>
</results>
