<results>
	<result value='loss'/>
	<start value='2015-07-10.10:25:18'/>
	<end value='2015-07-10.10:25:51'/>
	<frames value='24058'/>
	<gameDuration value='1503'/>

	<player>
		<unitScore value='11000'/>
		<killScore value='2750'/>
		<buildingScore value='2800'/>
		<razingScore value='0'/>
		<mineralScore value='11450'/>
		<gasScore value='1992'/>
		<totalScore value='29992'/>
	</player>

	<enemy>
		<race value='Terran'/>
		<unitScore value='8750'/>
		<killScore value='19600'/>
		<buildingScore value='3950'/>
		<razingScore value='8400'/>
		<mineralScore value='11922'/>
		<gasScore value='4920'/>
		<totalScore value='57542'/>
	</enemy>

	<scoreRatio value='0.521219'/>
	<timeFitness value='0.20875'/>
	<unitsAverage value='42'/>
</results>
