<results>
	<result value='loss'/>
	<start value='2015-05-09.19:27:16'/>
	<end value='2015-05-09.19:27:22'/>
	<frames value='15192'/>
	<gameDuration value='949'/>

	<player>
		<unitScore value='2800'/>
		<killScore value='1200'/>
		<buildingScore value='1475'/>
		<razingScore value='0'/>
		<mineralScore value='4378'/>
		<gasScore value='752'/>
		<totalScore value='10605'/>
	</player>

	<enemy>
		<race value='Protoss'/>
		<unitScore value='3550'/>
		<unitScore value='3550'/>
		<killScore value='5600'/>
		<buildingScore value='2875'/>
		<razingScore value='4425'/>
		<mineralScore value='7890'/>
		<gasScore value='1392'/>
		<totalScore value='25732'/>
	</enemy>

	<scoreRatio value='0.412133'/>
	<timeFitness value='0.131806'/>
	<unitsAverage value='20'/>
</results>
