<results>
	<result value='win'/>
	<start value='2015-04-13.21:44:56'/>
	<end value='2015-04-13.21:45:19'/>
	<frames value='28708'/>
	<gameDuration value='1794'/>

	<player>
		<unitScore value='16600'/>
		<killScore value='20050'/>
		<buildingScore value='3350'/>
		<razingScore value='15900'/>
		<mineralScore value='23270'/>
		<gasScore value='2832'/>
		<totalScore value='82002'/>
	</player>

	<enemy>
		<race value='Protoss'/>
		<unitScore value='10375'/>
		<unitScore value='10375'/>
		<killScore value='16350'/>
		<buildingScore value='5300'/>
		<razingScore value='750'/>
		<mineralScore value='12786'/>
		<gasScore value='3112'/>
		<totalScore value='48673'/>
	</enemy>

	<scoreRatio value='1.68475'/>
</results>
