<results>
	<result value='loss'/>
	<start value='2015-04-13.21:52:49'/>
	<end value='2015-04-13.21:53:14'/>
	<frames value='38659'/>
	<gameDuration value='2416'/>

	<player>
		<unitScore value='13425'/>
		<killScore value='17800'/>
		<buildingScore value='2550'/>
		<razingScore value='300'/>
		<mineralScore value='16050'/>
		<gasScore value='3072'/>
		<totalScore value='53197'/>
	</player>

	<enemy>
		<race value='Protoss'/>
		<unitScore value='26100'/>
		<unitScore value='26100'/>
		<killScore value='26600'/>
		<buildingScore value='7075'/>
		<razingScore value='7650'/>
		<mineralScore value='26426'/>
		<gasScore value='10268'/>
		<totalScore value='104119'/>
	</enemy>

	<scoreRatio value='0.510925'/>
</results>
