<results>
	<result value='loss'/>
	<start value='2015-05-09.08:11:36'/>
	<end value='2015-05-09.08:11:46'/>
	<frames value='21361'/>
	<gameDuration value='1335'/>

	<player>
		<unitScore value='5775'/>
		<killScore value='5000'/>
		<buildingScore value='2125'/>
		<razingScore value='0'/>
		<mineralScore value='8298'/>
		<gasScore value='1232'/>
		<totalScore value='22430'/>
	</player>

	<enemy>
		<race value='Terran'/>
		<unitScore value='8150'/>
		<unitScore value='8150'/>
		<killScore value='10800'/>
		<buildingScore value='3225'/>
		<razingScore value='6375'/>
		<mineralScore value='10338'/>
		<gasScore value='4152'/>
		<totalScore value='43040'/>
	</enemy>

	<scoreRatio value='0.521143'/>
	<timeFitness value='0.185417'/>
	<unitsAverage value='32'/>
</results>
