<results>
	<result value='loss'/>
	<start value='2014-07-22.21:40:33'/>
	<end value='2014-07-22.21:40:43'/>
	<frames value='17920'/>
	<gameDuration value='1120'/>

	<player>
		<unitScore value='4400'/>
		<killScore value='1400'/>
		<buildingScore value='1550'/>
		<razingScore value='0'/>
		<mineralScore value='5874'/>
		<gasScore value='776'/>
		<totalScore value='14000'/>
	</player>

	<enemy>
		<race value='Protoss'/>
		<unitScore value='4575'/>
		<unitScore value='4575'/>
		<killScore value='8800'/>
		<buildingScore value='3625'/>
		<razingScore value='4650'/>
		<mineralScore value='8994'/>
		<gasScore value='2384'/>
		<totalScore value='33028'/>
	</enemy>

	<scoreRatio value='0.423883'/>
</results>
