<results>
	<result value='win'/>
	<start value='2015-05-10.08:47:59'/>
	<end value='2015-05-10.08:48:45'/>
	<frames value='31777'/>
	<gameDuration value='1986'/>

	<player>
		<unitScore value='25650'/>
		<killScore value='28555'/>
		<buildingScore value='4150'/>
		<razingScore value='6375'/>
		<mineralScore value='29886'/>
		<gasScore value='2080'/>
		<totalScore value='96696'/>
	</player>

	<enemy>
		<race value='Zerg'/>
		<unitScore value='14550'/>
		<unitScore value='14550'/>
		<killScore value='29650'/>
		<buildingScore value='2125'/>
		<razingScore value='0'/>
		<mineralScore value='12730'/>
		<gasScore value='4512'/>
		<totalScore value='63567'/>
	</enemy>

	<scoreRatio value='1.52117'/>
	<timeFitness value='0.724167'/>
	<unitsAverage value='118'/>
</results>
