<results>
	<result value='win'/>
	<start value='2015-05-10.08:55:45'/>
	<end value='2015-05-10.08:56:18'/>
	<frames value='27933'/>
	<gameDuration value='1745'/>

	<player>
		<unitScore value='16000'/>
		<killScore value='25815'/>
		<buildingScore value='3725'/>
		<razingScore value='6720'/>
		<mineralScore value='25658'/>
		<gasScore value='2320'/>
		<totalScore value='80238'/>
	</player>

	<enemy>
		<race value='Zerg'/>
		<unitScore value='11475'/>
		<unitScore value='11475'/>
		<killScore value='12650'/>
		<buildingScore value='2240'/>
		<razingScore value='0'/>
		<mineralScore value='11810'/>
		<gasScore value='4032'/>
		<totalScore value='42207'/>
	</enemy>

	<scoreRatio value='1.90106'/>
	<timeFitness value='0.757639'/>
	<unitsAverage value='93'/>
</results>
