<results>
	<result value='win'/>
	<start value='2015-05-10.08:58:59'/>
	<end value='2015-05-10.08:59:23'/>
	<frames value='25081'/>
	<gameDuration value='1567'/>

	<player>
		<unitScore value='14550'/>
		<killScore value='26140'/>
		<buildingScore value='3625'/>
		<razingScore value='5775'/>
		<mineralScore value='21650'/>
		<gasScore value='1888'/>
		<totalScore value='73628'/>
	</player>

	<enemy>
		<race value='Zerg'/>
		<unitScore value='11900'/>
		<unitScore value='11900'/>
		<killScore value='13550'/>
		<buildingScore value='1925'/>
		<razingScore value='0'/>
		<mineralScore value='10858'/>
		<gasScore value='3272'/>
		<totalScore value='41505'/>
	</enemy>

	<scoreRatio value='1.77395'/>
	<timeFitness value='0.782361'/>
	<unitsAverage value='82'/>
</results>
