<results>
	<result value='draw'/>
	<start value='2015-05-07.12:24:09'/>
	<end value='2015-05-07.12:25:11'/>
	<frames value='57601'/>
	<gameDuration value='3600'/>

	<player>
		<unitScore value='28325'/>
		<killScore value='50450'/>
		<buildingScore value='3400'/>
		<razingScore value='5100'/>
		<mineralScore value='30534'/>
		<gasScore value='5848'/>
		<totalScore value='123657'/>
	</player>

	<enemy>
		<race value='Protoss'/>
		<unitScore value='31375'/>
		<unitScore value='31375'/>
		<killScore value='50650'/>
		<buildingScore value='6925'/>
		<razingScore value='750'/>
		<mineralScore value='28542'/>
		<gasScore value='11538'/>
		<totalScore value='129780'/>
	</enemy>

	<scoreRatio value='0.95282'/>
	<timeFitness value='0.5'/>
	<unitsAverage value='107'/>
</results>
