<results>
	<result value='win'/>
	<start value='2015-05-07.12:25:14'/>
	<end value='2015-05-07.12:25:50'/>
	<frames value='32304'/>
	<gameDuration value='2019'/>

	<player>
		<unitScore value='18350'/>
		<killScore value='12350'/>
		<buildingScore value='3925'/>
		<razingScore value='20925'/>
		<mineralScore value='23562'/>
		<gasScore value='3192'/>
		<totalScore value='82304'/>
	</player>

	<enemy>
		<race value='Protoss'/>
		<unitScore value='6175'/>
		<unitScore value='6175'/>
		<killScore value='14050'/>
		<buildingScore value='6975'/>
		<razingScore value='0'/>
		<mineralScore value='15818'/>
		<gasScore value='3840'/>
		<totalScore value='46858'/>
	</enemy>

	<scoreRatio value='1.75646'/>
	<timeFitness value='0.719583'/>
	<unitsAverage value='96'/>
</results>
