<results>
	<result value='loss'/>
	<start value='2015-05-07.12:29:39'/>
	<end value='2015-05-07.12:29:47'/>
	<frames value='16494'/>
	<gameDuration value='1030'/>

	<player>
		<unitScore value='4000'/>
		<killScore value='800'/>
		<buildingScore value='1575'/>
		<razingScore value='0'/>
		<mineralScore value='5674'/>
		<gasScore value='1184'/>
		<totalScore value='13233'/>
	</player>

	<enemy>
		<race value='Protoss'/>
		<unitScore value='4225'/>
		<unitScore value='4225'/>
		<killScore value='8000'/>
		<buildingScore value='3275'/>
		<razingScore value='4725'/>
		<mineralScore value='8426'/>
		<gasScore value='2056'/>
		<totalScore value='30707'/>
	</enemy>

	<scoreRatio value='0.430944'/>
	<timeFitness value='0.143056'/>
	<unitsAverage value='26'/>
</results>
