<results>
	<result value='win'/>
	<start value='2015-05-07.12:34:37'/>
	<end value='2015-05-07.12:35:11'/>
	<frames value='31126'/>
	<gameDuration value='1945'/>

	<player>
		<unitScore value='16200'/>
		<killScore value='14300'/>
		<buildingScore value='3100'/>
		<razingScore value='20475'/>
		<mineralScore value='23818'/>
		<gasScore value='2976'/>
		<totalScore value='80869'/>
	</player>

	<enemy>
		<race value='Protoss'/>
		<unitScore value='7150'/>
		<unitScore value='7150'/>
		<killScore value='12500'/>
		<buildingScore value='6825'/>
		<razingScore value='150'/>
		<mineralScore value='16386'/>
		<gasScore value='4280'/>
		<totalScore value='47291'/>
	</enemy>

	<scoreRatio value='1.71003'/>
	<timeFitness value='0.729861'/>
	<unitsAverage value='100'/>
</results>
