<results>
	<result value='loss'/>
	<start value='2015-07-17.10:04:29'/>
	<end value='2015-07-17.10:04:43'/>
	<frames value='18075'/>
	<gameDuration value='1129'/>

	<player>
		<unitScore value='6650'/>
		<killScore value='1750'/>
		<buildingScore value='2050'/>
		<razingScore value='0'/>
		<mineralScore value='7586'/>
		<gasScore value='1056'/>
		<totalScore value='19092'/>
	</player>

	<enemy>
		<race value='Terran'/>
		<unitScore value='6925'/>
		<killScore value='11450'/>
		<buildingScore value='2350'/>
		<razingScore value='6150'/>
		<mineralScore value='8274'/>
		<gasScore value='2936'/>
		<totalScore value='38085'/>
	</enemy>

	<scoreRatio value='0.5013'/>
	<timeFitness value='0.156806'/>
	<unitsAverage value='34'/>
</results>
