<results>
	<result value='draw'/>
	<start value='2015-07-18.05:41:45'/>
	<end value='2015-07-18.05:43:13'/>
	<frames value='57601'/>
	<gameDuration value='3600'/>

	<player>
		<unitScore value='30425'/>
		<killScore value='18250'/>
		<buildingScore value='4950'/>
		<razingScore value='1725'/>
		<mineralScore value='31358'/>
		<gasScore value='4832'/>
		<totalScore value='91540'/>
	</player>

	<enemy>
		<race value='Terran'/>
		<unitScore value='23200'/>
		<killScore value='54350'/>
		<buildingScore value='4775'/>
		<razingScore value='9075'/>
		<mineralScore value='19446'/>
		<gasScore value='11874'/>
		<totalScore value='122720'/>
	</enemy>

	<scoreRatio value='0.745926'/>
	<timeFitness value='0.5'/>
	<unitsAverage value='59'/>
</results>
