<results>
	<result value='loss'/>
	<start value='2015-07-18.05:49:43'/>
	<end value='2015-07-18.05:50:16'/>
	<frames value='25453'/>
	<gameDuration value='1590'/>

	<player>
		<unitScore value='12350'/>
		<killScore value='6200'/>
		<buildingScore value='3400'/>
		<razingScore value='300'/>
		<mineralScore value='16006'/>
		<gasScore value='1760'/>
		<totalScore value='40016'/>
	</player>

	<enemy>
		<race value='Terran'/>
		<unitScore value='7750'/>
		<killScore value='24600'/>
		<buildingScore value='2900'/>
		<razingScore value='10200'/>
		<mineralScore value='12162'/>
		<gasScore value='4024'/>
		<totalScore value='61636'/>
	</enemy>

	<scoreRatio value='0.649231'/>
	<timeFitness value='0.220833'/>
	<unitsAverage value='43'/>
</results>
