<results>
	<result value='loss'/>
	<start value='2015-07-21.05:09:07'/>
	<end value='2015-07-21.05:09:37'/>
	<frames value='25515'/>
	<gameDuration value='1594'/>

	<player>
		<unitScore value='12375'/>
		<killScore value='7650'/>
		<buildingScore value='2850'/>
		<razingScore value='0'/>
		<mineralScore value='19746'/>
		<gasScore value='1552'/>
		<totalScore value='44173'/>
	</player>

	<enemy>
		<race value='Zerg'/>
		<unitScore value='12725'/>
		<killScore value='23500'/>
		<buildingScore value='3045'/>
		<razingScore value='8550'/>
		<mineralScore value='14470'/>
		<gasScore value='4144'/>
		<totalScore value='66434'/>
	</enemy>

	<scoreRatio value='0.664916'/>
	<timeFitness value='0.221389'/>
	<unitsAverage value='60'/>
</results>
