<results>
	<result value='win'/>
	<start value='2015-05-07.09:42:00'/>
	<end value='2015-05-07.09:42:19'/>
	<frames value='22694'/>
	<gameDuration value='1418'/>

	<player>
		<unitScore value='12500'/>
		<killScore value='21610'/>
		<buildingScore value='3750'/>
		<razingScore value='4560'/>
		<mineralScore value='17698'/>
		<gasScore value='1304'/>
		<totalScore value='61422'/>
	</player>

	<enemy>
		<race value='Zerg'/>
		<unitScore value='9775'/>
		<unitScore value='9775'/>
		<killScore value='9950'/>
		<buildingScore value='1520'/>
		<razingScore value='0'/>
		<mineralScore value='8874'/>
		<gasScore value='2816'/>
		<totalScore value='32935'/>
	</enemy>

	<scoreRatio value='1.86495'/>
	<timeFitness value='0.803056'/>
	<unitsAverage value='72'/>
</results>
