<results>
	<result value='win'/>
	<start value='2015-05-07.09:54:02'/>
	<end value='2015-05-07.09:54:42'/>
	<frames value='29731'/>
	<gameDuration value='1858'/>

	<player>
		<unitScore value='18950'/>
		<killScore value='26900'/>
		<buildingScore value='3350'/>
		<razingScore value='8295'/>
		<mineralScore value='26738'/>
		<gasScore value='2936'/>
		<totalScore value='87169'/>
	</player>

	<enemy>
		<race value='Zerg'/>
		<unitScore value='12325'/>
		<unitScore value='12325'/>
		<killScore value='12300'/>
		<buildingScore value='2765'/>
		<razingScore value='0'/>
		<mineralScore value='12978'/>
		<gasScore value='4240'/>
		<totalScore value='44608'/>
	</enemy>

	<scoreRatio value='1.95411'/>
	<timeFitness value='0.741944'/>
	<unitsAverage value='117'/>
</results>
