<results>
	<result value='win'/>
	<start value='2015-05-07.09:55:31'/>
	<end value='2015-05-07.09:56:03'/>
	<frames value='32521'/>
	<gameDuration value='2032'/>

	<player>
		<unitScore value='23100'/>
		<killScore value='35230'/>
		<buildingScore value='3125'/>
		<razingScore value='5535'/>
		<mineralScore value='28354'/>
		<gasScore value='0'/>
		<totalScore value='95344'/>
	</player>

	<enemy>
		<race value='Zerg'/>
		<unitScore value='15100'/>
		<unitScore value='15100'/>
		<killScore value='31200'/>
		<buildingScore value='1845'/>
		<razingScore value='0'/>
		<mineralScore value='13178'/>
		<gasScore value='4272'/>
		<totalScore value='65595'/>
	</enemy>

	<scoreRatio value='1.45353'/>
	<timeFitness value='0.717778'/>
	<unitsAverage value='97'/>
</results>
