<results>
	<result value='win'/>
	<start value='2015-05-07.10:15:50'/>
	<end value='2015-05-07.10:16:10'/>
	<frames value='22725'/>
	<gameDuration value='1420'/>

	<player>
		<unitScore value='10150'/>
		<killScore value='19635'/>
		<buildingScore value='3525'/>
		<razingScore value='4560'/>
		<mineralScore value='20602'/>
		<gasScore value='1976'/>
		<totalScore value='60448'/>
	</player>

	<enemy>
		<race value='Zerg'/>
		<unitScore value='8850'/>
		<unitScore value='8850'/>
		<killScore value='5050'/>
		<buildingScore value='1520'/>
		<razingScore value='0'/>
		<mineralScore value='8562'/>
		<gasScore value='2312'/>
		<totalScore value='26294'/>
	</enemy>

	<scoreRatio value='2.29893'/>
	<timeFitness value='0.802778'/>
	<unitsAverage value='79'/>
</results>
