<results>
	<result value='loss'/>
	<start value='2015-05-07.10:19:24'/>
	<end value='2015-05-07.10:19:28'/>
	<frames value='8992'/>
	<gameDuration value='562'/>

	<player>
		<unitScore value='900'/>
		<killScore value='100'/>
		<buildingScore value='625'/>
		<razingScore value='0'/>
		<mineralScore value='1194'/>
		<gasScore value='0'/>
		<totalScore value='2819'/>
	</player>

	<enemy>
		<race value='Zerg'/>
		<unitScore value='1550'/>
		<unitScore value='1550'/>
		<killScore value='1700'/>
		<buildingScore value='900'/>
		<razingScore value='1875'/>
		<mineralScore value='2674'/>
		<gasScore value='176'/>
		<totalScore value='8875'/>
	</enemy>

	<scoreRatio value='0.317634'/>
	<timeFitness value='0.0780556'/>
	<unitsAverage value='8'/>
</results>
