<results>
	<result value='loss'/>
	<start value='2014-07-06.23:45:57'/>
	<end value='2014-07-06.23:46:06'/>
	<frames value='18912'/>
	<gameDuration value='1182'/>

	<player>
		<unitScore value='4850'/>
		<killScore value='2050'/>
		<buildingScore value='2450'/>
		<razingScore value='0'/>
		<mineralScore value='6690'/>
		<gasScore value='1040'/>
		<totalScore value='17080'/>
	</player>

	<enemy>
		<race value='Terran'/>
		<unitScore value='6775'/>
		<unitScore value='6775'/>
		<killScore value='9700'/>
		<buildingScore value='2850'/>
		<razingScore value='7350'/>
		<mineralScore value='8786'/>
		<gasScore value='2928'/>
		<totalScore value='38389'/>
	</enemy>

	<scoreRatio value='0.444919'/>
</results>
