<results>
	<result value='win'/>
	<start value='2014-07-24.16:33:40'/>
	<end value='2014-07-24.16:33:52'/>
	<frames value='20400'/>
	<gameDuration value='1275'/>

	<player>
		<unitScore value='8275'/>
		<killScore value='13500'/>
		<buildingScore value='1750'/>
		<razingScore value='7575'/>
		<mineralScore value='10370'/>
		<gasScore value='1896'/>
		<totalScore value='43366'/>
	</player>

	<enemy>
		<race value='Protoss'/>
		<unitScore value='7100'/>
		<unitScore value='7100'/>
		<killScore value='8250'/>
		<buildingScore value='2525'/>
		<razingScore value='150'/>
		<mineralScore value='8226'/>
		<gasScore value='2184'/>
		<totalScore value='28435'/>
	</enemy>

	<scoreRatio value='1.52509'/>
</results>
