<results>
	<result value='loss'/>
	<start value='2014-07-24.16:34:05'/>
	<end value='2014-07-24.16:34:22'/>
	<frames value='33544'/>
	<gameDuration value='2096'/>

	<player>
		<unitScore value='11625'/>
		<killScore value='12200'/>
		<buildingScore value='1375'/>
		<razingScore value='600'/>
		<mineralScore value='11974'/>
		<gasScore value='2584'/>
		<totalScore value='40358'/>
	</player>

	<enemy>
		<race value='Protoss'/>
		<unitScore value='20600'/>
		<unitScore value='20600'/>
		<killScore value='23250'/>
		<buildingScore value='7125'/>
		<razingScore value='4125'/>
		<mineralScore value='22226'/>
		<gasScore value='8496'/>
		<totalScore value='85822'/>
	</enemy>

	<scoreRatio value='0.470252'/>
</results>
