<results>
	<result value='loss'/>
	<start value='2014-07-04.03:58:42'/>
	<end value='2014-07-04.03:58:58'/>
	<frames value='29917'/>
	<gameDuration value='1869'/>

	<player>
		<unitScore value='8875'/>
		<killScore value='6300'/>
		<buildingScore value='2850'/>
		<razingScore value='0'/>
		<mineralScore value='11554'/>
		<gasScore value='1616'/>
		<totalScore value='31195'/>
	</player>

	<enemy>
		<race value='Protoss'/>
		<unitScore value='15850'/>
		<unitScore value='15850'/>
		<killScore value='17750'/>
		<buildingScore value='6125'/>
		<razingScore value='8550'/>
		<mineralScore value='19022'/>
		<gasScore value='6664'/>
		<totalScore value='73961'/>
	</enemy>

	<scoreRatio value='0.421776'/>
</results>
