<results>
	<result value='win'/>
	<start value='2014-07-04.03:59:00'/>
	<end value='2014-07-04.03:59:23'/>
	<frames value='26538'/>
	<gameDuration value='1658'/>

	<player>
		<unitScore value='13475'/>
		<killScore value='15050'/>
		<buildingScore value='3450'/>
		<razingScore value='15825'/>
		<mineralScore value='20762'/>
		<gasScore value='2872'/>
		<totalScore value='71434'/>
	</player>

	<enemy>
		<race value='Protoss'/>
		<unitScore value='7525'/>
		<unitScore value='7525'/>
		<killScore value='8900'/>
		<buildingScore value='5275'/>
		<razingScore value='1350'/>
		<mineralScore value='13398'/>
		<gasScore value='2952'/>
		<totalScore value='39400'/>
	</enemy>

	<scoreRatio value='1.81305'/>
</results>
