<results>
	<result value='win'/>
	<start value='2014-07-04.04:00:08'/>
	<end value='2014-07-04.04:00:35'/>
	<frames value='28367'/>
	<gameDuration value='1772'/>

	<player>
		<unitScore value='16200'/>
		<killScore value='11900'/>
		<buildingScore value='4450'/>
		<razingScore value='12975'/>
		<mineralScore value='21730'/>
		<gasScore value='3352'/>
		<totalScore value='70607'/>
	</player>

	<enemy>
		<race value='Protoss'/>
		<unitScore value='5950'/>
		<unitScore value='5950'/>
		<killScore value='10700'/>
		<buildingScore value='4325'/>
		<razingScore value='300'/>
		<mineralScore value='14346'/>
		<gasScore value='1968'/>
		<totalScore value='37589'/>
	</enemy>

	<scoreRatio value='1.8784'/>
</results>
