<results>
	<result value='win'/>
	<start value='2014-07-04.04:05:14'/>
	<end value='2014-07-04.04:05:53'/>
	<frames value='37264'/>
	<gameDuration value='2329'/>

	<player>
		<unitScore value='20875'/>
		<killScore value='26900'/>
		<buildingScore value='4475'/>
		<razingScore value='18675'/>
		<mineralScore value='26398'/>
		<gasScore value='4352'/>
		<totalScore value='101675'/>
	</player>

	<enemy>
		<race value='Protoss'/>
		<unitScore value='13450'/>
		<unitScore value='13450'/>
		<killScore value='19500'/>
		<buildingScore value='6225'/>
		<razingScore value='300'/>
		<mineralScore value='18286'/>
		<gasScore value='5640'/>
		<totalScore value='63401'/>
	</enemy>

	<scoreRatio value='1.60368'/>
</results>
