<results>
	<result value='loss'/>
	<start value='2014-07-04.04:08:20'/>
	<end value='2014-07-04.04:09:01'/>
	<frames value='48145'/>
	<gameDuration value='3009'/>

	<player>
		<unitScore value='24300'/>
		<killScore value='33900'/>
		<buildingScore value='3075'/>
		<razingScore value='750'/>
		<mineralScore value='26270'/>
		<gasScore value='4176'/>
		<totalScore value='92471'/>
	</player>

	<enemy>
		<race value='Protoss'/>
		<unitScore value='33550'/>
		<unitScore value='33550'/>
		<killScore value='48600'/>
		<buildingScore value='7825'/>
		<razingScore value='9225'/>
		<mineralScore value='32358'/>
		<gasScore value='9848'/>
		<totalScore value='141406'/>
	</enemy>

	<scoreRatio value='0.65394'/>
</results>
