<results>
	<result value='loss'/>
	<start value='2015-07-12.14:00:15'/>
	<end value='2015-07-12.14:00:23'/>
	<frames value='16556'/>
	<gameDuration value='1034'/>

	<player>
		<unitScore value='3550'/>
		<killScore value='1250'/>
		<buildingScore value='1225'/>
		<razingScore value='0'/>
		<mineralScore value='5506'/>
		<gasScore value='696'/>
		<totalScore value='12227'/>
	</player>

	<enemy>
		<race value='Terran'/>
		<unitScore value='5600'/>
		<killScore value='7100'/>
		<buildingScore value='1800'/>
		<razingScore value='3675'/>
		<mineralScore value='7458'/>
		<gasScore value='2632'/>
		<totalScore value='28265'/>
	</enemy>

	<scoreRatio value='0.432584'/>
	<timeFitness value='0.143611'/>
	<unitsAverage value='23'/>
</results>
