<results>
	<result value='win'/>
	<start value='2015-07-12.14:13:18'/>
	<end value='2015-07-12.14:14:06'/>
	<frames value='38008'/>
	<gameDuration value='2375'/>

	<player>
		<unitScore value='27550'/>
		<killScore value='26150'/>
		<buildingScore value='4325'/>
		<razingScore value='9075'/>
		<mineralScore value='38646'/>
		<gasScore value='4616'/>
		<totalScore value='110362'/>
	</player>

	<enemy>
		<race value='Terran'/>
		<unitScore value='13075'/>
		<killScore value='31350'/>
		<buildingScore value='3025'/>
		<razingScore value='300'/>
		<mineralScore value='12050'/>
		<gasScore value='5228'/>
		<totalScore value='65028'/>
	</enemy>

	<scoreRatio value='1.69715'/>
	<timeFitness value='0.670139'/>
	<unitsAverage value='126'/>
</results>
