<results>
	<result value='win'/>
	<start value='2015-05-04.08:30:58'/>
	<end value='2015-05-04.08:31:32'/>
	<frames value='41325'/>
	<gameDuration value='2582'/>

	<player>
		<unitScore value='17425'/>
		<killScore value='31850'/>
		<buildingScore value='5200'/>
		<razingScore value='13800'/>
		<mineralScore value='25054'/>
		<gasScore value='4222'/>
		<totalScore value='97551'/>
	</player>

	<enemy>
		<race value='Terran'/>
		<unitScore value='20100'/>
		<unitScore value='20100'/>
		<killScore value='16750'/>
		<buildingScore value='4200'/>
		<razingScore value='4950'/>
		<mineralScore value='17222'/>
		<gasScore value='9148'/>
		<totalScore value='72370'/>
	</enemy>

	<scoreRatio value='1.34795'/>
	<timeFitness value='0.641389'/>
	<unitsAverage value='73'/>
</results>
