<results>
	<result value='loss'/>
	<start value='2015-05-04.08:31:34'/>
	<end value='2015-05-04.08:31:52'/>
	<frames value='28181'/>
	<gameDuration value='1761'/>

	<player>
		<unitScore value='7600'/>
		<killScore value='7400'/>
		<buildingScore value='2800'/>
		<razingScore value='0'/>
		<mineralScore value='10330'/>
		<gasScore value='1328'/>
		<totalScore value='29458'/>
	</player>

	<enemy>
		<race value='Terran'/>
		<unitScore value='10850'/>
		<unitScore value='10850'/>
		<killScore value='15200'/>
		<buildingScore value='4300'/>
		<razingScore value='8400'/>
		<mineralScore value='13694'/>
		<gasScore value='6040'/>
		<totalScore value='58484'/>
	</enemy>

	<scoreRatio value='0.503693'/>
	<timeFitness value='0.244583'/>
	<unitsAverage value='33'/>
</results>
