<results>
	<result value='loss'/>
	<start value='2015-04-25.03:31:40'/>
	<end value='2015-04-25.03:31:49'/>
	<frames value='18571'/>
	<gameDuration value='1160'/>

	<player>
		<unitScore value='3700'/>
		<killScore value='1650'/>
		<buildingScore value='2150'/>
		<razingScore value='0'/>
		<mineralScore value='6114'/>
		<gasScore value='864'/>
		<totalScore value='14478'/>
	</player>

	<enemy>
		<race value='Terran'/>
		<unitScore value='7500'/>
		<unitScore value='7500'/>
		<killScore value='7400'/>
		<buildingScore value='2900'/>
		<razingScore value='6225'/>
		<mineralScore value='8370'/>
		<gasScore value='3096'/>
		<totalScore value='35491'/>
	</enemy>

	<scoreRatio value='0.407934'/>
</results>
