<results>
	<result value='loss'/>
	<start value='2015-04-25.03:34:45'/>
	<end value='2015-04-25.03:34:57'/>
	<frames value='21547'/>
	<gameDuration value='1346'/>

	<player>
		<unitScore value='4200'/>
		<killScore value='6900'/>
		<buildingScore value='1650'/>
		<razingScore value='0'/>
		<mineralScore value='6506'/>
		<gasScore value='872'/>
		<totalScore value='20128'/>
	</player>

	<enemy>
		<race value='Terran'/>
		<unitScore value='9525'/>
		<unitScore value='9525'/>
		<killScore value='8000'/>
		<buildingScore value='3225'/>
		<razingScore value='4950'/>
		<mineralScore value='10370'/>
		<gasScore value='4288'/>
		<totalScore value='40358'/>
	</enemy>

	<scoreRatio value='0.498736'/>
</results>
