<results>
	<result value='win'/>
	<start value='2015-04-25.03:41:21'/>
	<end value='2015-04-25.03:41:46'/>
	<frames value='29359'/>
	<gameDuration value='1834'/>

	<player>
		<unitScore value='14375'/>
		<killScore value='27200'/>
		<buildingScore value='3775'/>
		<razingScore value='8625'/>
		<mineralScore value='19962'/>
		<gasScore value='2416'/>
		<totalScore value='76353'/>
	</player>

	<enemy>
		<race value='Terran'/>
		<unitScore value='15100'/>
		<unitScore value='15100'/>
		<killScore value='11150'/>
		<buildingScore value='2975'/>
		<razingScore value='1350'/>
		<mineralScore value='12370'/>
		<gasScore value='5632'/>
		<totalScore value='48577'/>
	</enemy>

	<scoreRatio value='1.57179'/>
</results>
