<results>
	<result value='win'/>
	<start value='2015-05-10.21:24:16'/>
	<end value='2015-05-10.21:25:30'/>
	<frames value='34412'/>
	<gameDuration value='2150'/>

	<player>
		<unitScore value='22325'/>
		<killScore value='45070'/>
		<buildingScore value='5175'/>
		<razingScore value='7920'/>
		<mineralScore value='34386'/>
		<gasScore value='4208'/>
		<totalScore value='119084'/>
	</player>

	<enemy>
		<race value='Zerg'/>
		<unitScore value='19700'/>
		<unitScore value='19700'/>
		<killScore value='18800'/>
		<buildingScore value='2640'/>
		<razingScore value='2400'/>
		<mineralScore value='17354'/>
		<gasScore value='5036'/>
		<totalScore value='65930'/>
	</enemy>

	<scoreRatio value='1.80622'/>
	<timeFitness value='0.701389'/>
	<unitsAverage value='127'/>
</results>
