<results>
	<result value='win'/>
	<start value='2015-05-10.19:57:42'/>
	<end value='2015-05-10.19:58:15'/>
	<frames value='28522'/>
	<gameDuration value='1782'/>

	<player>
		<unitScore value='18200'/>
		<killScore value='27190'/>
		<buildingScore value='4225'/>
		<razingScore value='6675'/>
		<mineralScore value='26778'/>
		<gasScore value='2824'/>
		<totalScore value='85892'/>
	</player>

	<enemy>
		<race value='Zerg'/>
		<unitScore value='11525'/>
		<unitScore value='11525'/>
		<killScore value='13100'/>
		<buildingScore value='2225'/>
		<razingScore value='150'/>
		<mineralScore value='11490'/>
		<gasScore value='3384'/>
		<totalScore value='41874'/>
	</enemy>

	<scoreRatio value='2.0512'/>
	<timeFitness value='0.7525'/>
	<unitsAverage value='105'/>
</results>
