<results>
	<result value='win'/>
	<start value='2015-05-10.20:04:02'/>
	<end value='2015-05-10.20:04:33'/>
	<frames value='30847'/>
	<gameDuration value='1927'/>

	<player>
		<unitScore value='18525'/>
		<killScore value='24430'/>
		<buildingScore value='3225'/>
		<razingScore value='9135'/>
		<mineralScore value='25050'/>
		<gasScore value='1848'/>
		<totalScore value='82213'/>
	</player>

	<enemy>
		<race value='Zerg'/>
		<unitScore value='12950'/>
		<unitScore value='12950'/>
		<killScore value='20800'/>
		<buildingScore value='3045'/>
		<razingScore value='150'/>
		<mineralScore value='13690'/>
		<gasScore value='4472'/>
		<totalScore value='55107'/>
	</enemy>

	<scoreRatio value='1.49188'/>
	<timeFitness value='0.732361'/>
	<unitsAverage value='85'/>
</results>
