<results>
	<result value='draw'/>
	<start value='2015-07-12.00:29:14'/>
	<end value='2015-07-12.00:31:25'/>
	<frames value='57601'/>
	<gameDuration value='3600'/>

	<player>
		<unitScore value='46925'/>
		<killScore value='24900'/>
		<buildingScore value='4225'/>
		<razingScore value='300'/>
		<mineralScore value='38478'/>
		<gasScore value='8526'/>
		<totalScore value='123354'/>
	</player>

	<enemy>
		<race value='Terran'/>
		<unitScore value='27000'/>
		<killScore value='75950'/>
		<buildingScore value='3200'/>
		<razingScore value='3675'/>
		<mineralScore value='19542'/>
		<gasScore value='11674'/>
		<totalScore value='141041'/>
	</enemy>

	<scoreRatio value='0.874597'/>
	<timeFitness value='0.5'/>
	<unitsAverage value='133'/>
</results>
