<results>
	<result value='draw'/>
	<start value='2015-07-12.00:47:00'/>
	<end value='2015-07-12.00:48:38'/>
	<frames value='57601'/>
	<gameDuration value='3600'/>

	<player>
		<unitScore value='26425'/>
		<killScore value='22400'/>
		<buildingScore value='3400'/>
		<razingScore value='375'/>
		<mineralScore value='25330'/>
		<gasScore value='3624'/>
		<totalScore value='81554'/>
	</player>

	<enemy>
		<race value='Terran'/>
		<unitScore value='31825'/>
		<killScore value='45600'/>
		<buildingScore value='5025'/>
		<razingScore value='6525'/>
		<mineralScore value='24078'/>
		<gasScore value='14608'/>
		<totalScore value='127661'/>
	</enemy>

	<scoreRatio value='0.638833'/>
	<timeFitness value='0.5'/>
	<unitsAverage value='89'/>
</results>
