<results>
	<result value='draw'/>
	<start value='2015-05-08.23:42:04'/>
	<end value='2015-05-08.23:42:52'/>
	<frames value='57601'/>
	<gameDuration value='3600'/>

	<player>
		<unitScore value='24025'/>
		<killScore value='36050'/>
		<buildingScore value='4025'/>
		<razingScore value='4800'/>
		<mineralScore value='27770'/>
		<gasScore value='4120'/>
		<totalScore value='100790'/>
	</player>

	<enemy>
		<race value='Terran'/>
		<unitScore value='31600'/>
		<unitScore value='31600'/>
		<killScore value='47550'/>
		<buildingScore value='6925'/>
		<razingScore value='7800'/>
		<mineralScore value='26474'/>
		<gasScore value='16302'/>
		<totalScore value='136651'/>
	</enemy>

	<scoreRatio value='0.737572'/>
	<timeFitness value='0.5'/>
	<unitsAverage value='62'/>
</results>
