<results>
	<result value='loss'/>
	<start value='2015-05-08.23:47:24'/>
	<end value='2015-05-08.23:47:35'/>
	<frames value='19904'/>
	<gameDuration value='1244'/>

	<player>
		<unitScore value='4050'/>
		<killScore value='3600'/>
		<buildingScore value='1950'/>
		<razingScore value='0'/>
		<mineralScore value='6090'/>
		<gasScore value='816'/>
		<totalScore value='16506'/>
	</player>

	<enemy>
		<race value='Terran'/>
		<unitScore value='7400'/>
		<unitScore value='7400'/>
		<killScore value='8100'/>
		<buildingScore value='2800'/>
		<razingScore value='5850'/>
		<mineralScore value='9466'/>
		<gasScore value='3512'/>
		<totalScore value='37128'/>
	</enemy>

	<scoreRatio value='0.44457'/>
	<timeFitness value='0.172778'/>
	<unitsAverage value='26'/>
</results>
