<results>
	<result value='loss'/>
	<start value='2015-05-09.10:09:18'/>
	<end value='2015-05-09.10:09:22'/>
	<frames value='8279'/>
	<gameDuration value='517'/>

	<player>
		<unitScore value='950'/>
		<killScore value='150'/>
		<buildingScore value='700'/>
		<razingScore value='0'/>
		<mineralScore value='1370'/>
		<gasScore value='8'/>
		<totalScore value='3178'/>
	</player>

	<enemy>
		<race value='Zerg'/>
		<unitScore value='1400'/>
		<unitScore value='1400'/>
		<killScore value='1800'/>
		<buildingScore value='860'/>
		<razingScore value='2100'/>
		<mineralScore value='2386'/>
		<gasScore value='96'/>
		<totalScore value='8642'/>
	</enemy>

	<scoreRatio value='0.367739'/>
	<timeFitness value='0.0718056'/>
	<unitsAverage value='9'/>
</results>
