<results>
	<result value='win'/>
	<start value='2015-05-09.10:08:53'/>
	<end value='2015-05-09.10:09:15'/>
	<frames value='24678'/>
	<gameDuration value='1542'/>

	<player>
		<unitScore value='14725'/>
		<killScore value='26960'/>
		<buildingScore value='2475'/>
		<razingScore value='6135'/>
		<mineralScore value='17078'/>
		<gasScore value='2464'/>
		<totalScore value='69837'/>
	</player>

	<enemy>
		<race value='Zerg'/>
		<unitScore value='11725'/>
		<unitScore value='11725'/>
		<killScore value='14950'/>
		<buildingScore value='2045'/>
		<razingScore value='0'/>
		<mineralScore value='11642'/>
		<gasScore value='2608'/>
		<totalScore value='42970'/>
	</enemy>

	<scoreRatio value='1.62525'/>
	<timeFitness value='0.785833'/>
	<unitsAverage value='69'/>
</results>
