<results>
	<result value='win'/>
	<start value='2015-05-09.10:15:03'/>
	<end value='2015-05-09.10:15:21'/>
	<frames value='22446'/>
	<gameDuration value='1402'/>

	<player>
		<unitScore value='10875'/>
		<killScore value='18210'/>
		<buildingScore value='3475'/>
		<razingScore value='5775'/>
		<mineralScore value='16074'/>
		<gasScore value='1624'/>
		<totalScore value='56033'/>
	</player>

	<enemy>
		<race value='Zerg'/>
		<unitScore value='9125'/>
		<unitScore value='9125'/>
		<killScore value='7650'/>
		<buildingScore value='1925'/>
		<razingScore value='0'/>
		<mineralScore value='9530'/>
		<gasScore value='2976'/>
		<totalScore value='31206'/>
	</enemy>

	<scoreRatio value='1.79558'/>
	<timeFitness value='0.805278'/>
	<unitsAverage value='67'/>
</results>
