<results>
	<result value='loss'/>
	<start value='2015-04-09.21:31:39'/>
	<end value='2015-04-09.21:32:04'/>
	<frames value='37047'/>
	<gameDuration value='2315'/>

	<player>
		<unitScore value='14175'/>
		<killScore value='13050'/>
		<buildingScore value='3000'/>
		<razingScore value='750'/>
		<mineralScore value='17666'/>
		<gasScore value='1480'/>
		<totalScore value='50121'/>
	</player>

	<enemy>
		<race value='Protoss'/>
		<unitScore value='22125'/>
		<unitScore value='22125'/>
		<killScore value='28350'/>
		<buildingScore value='7175'/>
		<razingScore value='9000'/>
		<mineralScore value='23346'/>
		<gasScore value='9248'/>
		<totalScore value='99244'/>
	</enemy>

	<scoreRatio value='0.505028'/>
</results>
