<results>
	<result value='loss'/>
	<start value='2015-07-11.19:12:04'/>
	<end value='2015-07-11.19:12:15'/>
	<frames value='21609'/>
	<gameDuration value='1350'/>

	<player>
		<unitScore value='6525'/>
		<killScore value='1200'/>
		<buildingScore value='2075'/>
		<razingScore value='0'/>
		<mineralScore value='8466'/>
		<gasScore value='864'/>
		<totalScore value='19130'/>
	</player>

	<enemy>
		<race value='Protoss'/>
		<unitScore value='6325'/>
		<killScore value='11350'/>
		<buildingScore value='4575'/>
		<razingScore value='6225'/>
		<mineralScore value='11610'/>
		<gasScore value='3416'/>
		<totalScore value='43501'/>
	</enemy>

	<scoreRatio value='0.43976'/>
	<timeFitness value='0.1875'/>
	<unitsAverage value='36'/>
</results>
