<results>
	<result value='loss'/>
	<start value='2015-07-11.19:18:04'/>
	<end value='2015-07-11.19:18:49'/>
	<frames value='45293'/>
	<gameDuration value='2830'/>

	<player>
		<unitScore value='25200'/>
		<killScore value='17450'/>
		<buildingScore value='3225'/>
		<razingScore value='300'/>
		<mineralScore value='22118'/>
		<gasScore value='4600'/>
		<totalScore value='72893'/>
	</player>

	<enemy>
		<race value='Protoss'/>
		<unitScore value='27950'/>
		<killScore value='45300'/>
		<buildingScore value='6725'/>
		<razingScore value='9675'/>
		<mineralScore value='30710'/>
		<gasScore value='10084'/>
		<totalScore value='130444'/>
	</enemy>

	<scoreRatio value='0.558807'/>
	<timeFitness value='0.393056'/>
	<unitsAverage value='82'/>
</results>
