<results>
	<result value='win'/>
	<start value='2015-05-04.20:22:06'/>
	<end value='2015-05-04.20:22:23'/>
	<frames value='18912'/>
	<gameDuration value='1182'/>

	<player>
		<unitScore value='7200'/>
		<killScore value='12150'/>
		<buildingScore value='2450'/>
		<razingScore value='4500'/>
		<mineralScore value='11082'/>
		<gasScore value='1448'/>
		<totalScore value='38830'/>
	</player>

	<enemy>
		<race value='Terran'/>
		<unitScore value='6075'/>
		<unitScore value='6075'/>
		<killScore value='4500'/>
		<buildingScore value='1500'/>
		<razingScore value='300'/>
		<mineralScore value='7690'/>
		<gasScore value='2056'/>
		<totalScore value='22121'/>
	</enemy>

	<scoreRatio value='1.75535'/>
	<timeFitness value='0.835833'/>
	<unitsAverage value='48'/>
</results>
