<results>
	<result value='win'/>
	<start value='2015-05-08.17:18:28'/>
	<end value='2015-05-08.17:19:22'/>
	<frames value='41418'/>
	<gameDuration value='2588'/>

	<player>
		<unitScore value='17400'/>
		<killScore value='24000'/>
		<buildingScore value='5950'/>
		<razingScore value='8925'/>
		<mineralScore value='35126'/>
		<gasScore value='3336'/>
		<totalScore value='94737'/>
	</player>

	<enemy>
		<race value='Terran'/>
		<unitScore value='14400'/>
		<unitScore value='14400'/>
		<killScore value='10000'/>
		<buildingScore value='2975'/>
		<razingScore value='3525'/>
		<mineralScore value='13146'/>
		<gasScore value='5504'/>
		<totalScore value='49550'/>
	</enemy>

	<scoreRatio value='1.91195'/>
	<timeFitness value='0.640556'/>
	<unitsAverage value='111'/>
</results>
