<results>
	<result value='loss'/>
	<start value='2015-05-08.17:28:42'/>
	<end value='2015-05-08.17:28:53'/>
	<frames value='18850'/>
	<gameDuration value='1178'/>

	<player>
		<unitScore value='5600'/>
		<killScore value='1250'/>
		<buildingScore value='2125'/>
		<razingScore value='0'/>
		<mineralScore value='7746'/>
		<gasScore value='760'/>
		<totalScore value='17481'/>
	</player>

	<enemy>
		<race value='Terran'/>
		<unitScore value='7200'/>
		<unitScore value='7200'/>
		<killScore value='11200'/>
		<buildingScore value='2900'/>
		<razingScore value='6375'/>
		<mineralScore value='8634'/>
		<gasScore value='3216'/>
		<totalScore value='39525'/>
	</enemy>

	<scoreRatio value='0.442277'/>
	<timeFitness value='0.163611'/>
	<unitsAverage value='32'/>
</results>
