<results>
	<result value='loss'/>
	<start value='2015-07-18.01:39:35'/>
	<end value='2015-07-18.01:40:24'/>
	<frames value='33358'/>
	<gameDuration value='2084'/>

	<player>
		<unitScore value='17625'/>
		<killScore value='8300'/>
		<buildingScore value='2375'/>
		<razingScore value='0'/>
		<mineralScore value='19866'/>
		<gasScore value='2232'/>
		<totalScore value='50398'/>
	</player>

	<enemy>
		<race value='Protoss'/>
		<unitScore value='19850'/>
		<killScore value='28600'/>
		<buildingScore value='6925'/>
		<razingScore value='7125'/>
		<mineralScore value='21802'/>
		<gasScore value='8840'/>
		<totalScore value='93142'/>
	</enemy>

	<scoreRatio value='0.541088'/>
	<timeFitness value='0.289444'/>
	<unitsAverage value='68'/>
</results>
