<results>
	<result value='loss'/>
	<start value='2015-07-18.02:03:29'/>
	<end value='2015-07-18.02:03:44'/>
	<frames value='17672'/>
	<gameDuration value='1104'/>

	<player>
		<unitScore value='4950'/>
		<killScore value='800'/>
		<buildingScore value='2325'/>
		<razingScore value='0'/>
		<mineralScore value='6754'/>
		<gasScore value='776'/>
		<totalScore value='15605'/>
	</player>

	<enemy>
		<race value='Protoss'/>
		<unitScore value='3800'/>
		<killScore value='9900'/>
		<buildingScore value='4325'/>
		<razingScore value='6975'/>
		<mineralScore value='9378'/>
		<gasScore value='1984'/>
		<totalScore value='36362'/>
	</enemy>

	<scoreRatio value='0.429157'/>
	<timeFitness value='0.153333'/>
	<unitsAverage value='24'/>
</results>
