<results>
	<result value='loss'/>
	<start value='2015-04-27.01:22:16'/>
	<end value='2015-04-27.01:22:26'/>
	<frames value='19098'/>
	<gameDuration value='1193'/>

	<player>
		<unitScore value='3400'/>
		<killScore value='4500'/>
		<buildingScore value='2025'/>
		<razingScore value='0'/>
		<mineralScore value='5642'/>
		<gasScore value='720'/>
		<totalScore value='16287'/>
	</player>

	<enemy>
		<race value='Terran'/>
		<unitScore value='7550'/>
		<unitScore value='7550'/>
		<killScore value='6800'/>
		<buildingScore value='2900'/>
		<razingScore value='6075'/>
		<mineralScore value='8746'/>
		<gasScore value='3248'/>
		<totalScore value='35319'/>
	</enemy>

	<scoreRatio value='0.46114'/>
</results>
