<results>
	<result value='win'/>
	<start value='2015-04-27.01:23:09'/>
	<end value='2015-04-27.01:23:50'/>
	<frames value='40860'/>
	<gameDuration value='2553'/>

	<player>
		<unitScore value='20950'/>
		<killScore value='25250'/>
		<buildingScore value='5650'/>
		<razingScore value='9150'/>
		<mineralScore value='27162'/>
		<gasScore value='5232'/>
		<totalScore value='93394'/>
	</player>

	<enemy>
		<race value='Terran'/>
		<unitScore value='12625'/>
		<unitScore value='12625'/>
		<killScore value='20150'/>
		<buildingScore value='3050'/>
		<razingScore value='5025'/>
		<mineralScore value='12050'/>
		<gasScore value='4392'/>
		<totalScore value='57292'/>
	</enemy>

	<scoreRatio value='1.63014'/>
</results>
