<results>
	<result value='win'/>
	<start value='2015-04-27.01:27:19'/>
	<end value='2015-04-27.01:27:43'/>
	<frames value='28181'/>
	<gameDuration value='1761'/>

	<player>
		<unitScore value='14450'/>
		<killScore value='25750'/>
		<buildingScore value='2900'/>
		<razingScore value='10050'/>
		<mineralScore value='19130'/>
		<gasScore value='2600'/>
		<totalScore value='74880'/>
	</player>

	<enemy>
		<race value='Terran'/>
		<unitScore value='12875'/>
		<unitScore value='12875'/>
		<killScore value='16250'/>
		<buildingScore value='3425'/>
		<razingScore value='750'/>
		<mineralScore value='11882'/>
		<gasScore value='5384'/>
		<totalScore value='50566'/>
	</enemy>

	<scoreRatio value='1.48084'/>
</results>
