<results>
	<result value='draw'/>
	<start value='2015-04-26.21:44:55'/>
	<end value='2015-04-26.21:45:34'/>
	<frames value='57601'/>
	<gameDuration value='3600'/>

	<player>
		<unitScore value='15375'/>
		<killScore value='23800'/>
		<buildingScore value='1400'/>
		<razingScore value='6300'/>
		<mineralScore value='14730'/>
		<gasScore value='4064'/>
		<totalScore value='65669'/>
	</player>

	<enemy>
		<race value='Terran'/>
		<unitScore value='13775'/>
		<unitScore value='13775'/>
		<killScore value='23900'/>
		<buildingScore value='3925'/>
		<razingScore value='0'/>
		<mineralScore value='13458'/>
		<gasScore value='6910'/>
		<totalScore value='61968'/>
	</enemy>

	<scoreRatio value='1.05972'/>
</results>
