<results>
	<result value='loss'/>
	<start value='2015-04-28.04:58:34'/>
	<end value='2015-04-28.04:58:44'/>
	<frames value='15099'/>
	<gameDuration value='943'/>

	<player>
		<unitScore value='4000'/>
		<killScore value='800'/>
		<buildingScore value='1750'/>
		<razingScore value='0'/>
		<mineralScore value='5794'/>
		<gasScore value='664'/>
		<totalScore value='13008'/>
	</player>

	<enemy>
		<race value='Protoss'/>
		<unitScore value='3550'/>
		<unitScore value='3550'/>
		<killScore value='8000'/>
		<buildingScore value='2675'/>
		<razingScore value='5250'/>
		<mineralScore value='8010'/>
		<gasScore value='1264'/>
		<totalScore value='28749'/>
	</enemy>

	<scoreRatio value='0.452468'/>
</results>
