<results>
	<result value='loss'/>
	<start value='2015-04-28.05:00:20'/>
	<end value='2015-04-28.05:00:32'/>
	<frames value='15843'/>
	<gameDuration value='990'/>

	<player>
		<unitScore value='4375'/>
		<killScore value='1000'/>
		<buildingScore value='1550'/>
		<razingScore value='0'/>
		<mineralScore value='6570'/>
		<gasScore value='856'/>
		<totalScore value='14351'/>
	</player>

	<enemy>
		<race value='Protoss'/>
		<unitScore value='3550'/>
		<unitScore value='3550'/>
		<killScore value='8750'/>
		<buildingScore value='2375'/>
		<razingScore value='4650'/>
		<mineralScore value='8610'/>
		<gasScore value='1680'/>
		<totalScore value='29615'/>
	</enemy>

	<scoreRatio value='0.484586'/>
</results>
