<results>
	<result value='loss'/>
	<start value='2014-07-04.02:51:45'/>
	<end value='2014-07-04.02:51:54'/>
	<frames value='19966'/>
	<gameDuration value='1247'/>

	<player>
		<unitScore value='3525'/>
		<killScore value='1200'/>
		<buildingScore value='1825'/>
		<razingScore value='0'/>
		<mineralScore value='5922'/>
		<gasScore value='704'/>
		<totalScore value='13176'/>
	</player>

	<enemy>
		<race value='Protoss'/>
		<unitScore value='5000'/>
		<unitScore value='5000'/>
		<killScore value='7050'/>
		<buildingScore value='5175'/>
		<razingScore value='5475'/>
		<mineralScore value='11570'/>
		<gasScore value='2184'/>
		<totalScore value='36454'/>
	</enemy>

	<scoreRatio value='0.361442'/>
</results>
