<results>
	<result value='loss'/>
	<start value='2014-07-04.02:52:57'/>
	<end value='2014-07-04.02:53:05'/>
	<frames value='17641'/>
	<gameDuration value='1102'/>

	<player>
		<unitScore value='3100'/>
		<killScore value='1600'/>
		<buildingScore value='1200'/>
		<razingScore value='0'/>
		<mineralScore value='4618'/>
		<gasScore value='672'/>
		<totalScore value='11190'/>
	</player>

	<enemy>
		<race value='Protoss'/>
		<unitScore value='4400'/>
		<unitScore value='4400'/>
		<killScore value='6200'/>
		<buildingScore value='4175'/>
		<razingScore value='3600'/>
		<mineralScore value='9466'/>
		<gasScore value='1848'/>
		<totalScore value='29689'/>
	</enemy>

	<scoreRatio value='0.376907'/>
</results>
