<results>
	<result value='loss'/>
	<start value='2014-07-04.02:56:13'/>
	<end value='2014-07-04.02:56:21'/>
	<frames value='16153'/>
	<gameDuration value='1009'/>

	<player>
		<unitScore value='2775'/>
		<killScore value='800'/>
		<buildingScore value='1675'/>
		<razingScore value='0'/>
		<mineralScore value='4762'/>
		<gasScore value='752'/>
		<totalScore value='10764'/>
	</player>

	<enemy>
		<race value='Protoss'/>
		<unitScore value='3600'/>
		<unitScore value='3600'/>
		<killScore value='5450'/>
		<buildingScore value='3625'/>
		<razingScore value='5025'/>
		<mineralScore value='8458'/>
		<gasScore value='1624'/>
		<totalScore value='27782'/>
	</enemy>

	<scoreRatio value='0.387445'/>
</results>
