<results>
	<result value='draw'/>
	<start value='2015-05-10.12:59:07'/>
	<end value='2015-05-10.13:00:39'/>
	<frames value='57601'/>
	<gameDuration value='3600'/>

	<player>
		<unitScore value='30150'/>
		<killScore value='48150'/>
		<buildingScore value='2975'/>
		<razingScore value='3825'/>
		<mineralScore value='31710'/>
		<gasScore value='6908'/>
		<totalScore value='123718'/>
	</player>

	<enemy>
		<race value='Protoss'/>
		<unitScore value='30450'/>
		<unitScore value='30450'/>
		<killScore value='56550'/>
		<buildingScore value='6700'/>
		<razingScore value='2550'/>
		<mineralScore value='29206'/>
		<gasScore value='11324'/>
		<totalScore value='136780'/>
	</enemy>

	<scoreRatio value='0.904504'/>
	<timeFitness value='0.5'/>
	<unitsAverage value='102'/>
</results>
