<results>
	<result value='win'/>
	<start value='2015-05-10.13:19:39'/>
	<end value='2015-05-10.13:20:11'/>
	<frames value='26383'/>
	<gameDuration value='1648'/>

	<player>
		<unitScore value='13750'/>
		<killScore value='15900'/>
		<buildingScore value='3400'/>
		<razingScore value='13875'/>
		<mineralScore value='20266'/>
		<gasScore value='2664'/>
		<totalScore value='69855'/>
	</player>

	<enemy>
		<race value='Protoss'/>
		<unitScore value='7950'/>
		<unitScore value='7950'/>
		<killScore value='10950'/>
		<buildingScore value='4625'/>
		<razingScore value='300'/>
		<mineralScore value='11802'/>
		<gasScore value='3176'/>
		<totalScore value='38803'/>
	</enemy>

	<scoreRatio value='1.80025'/>
	<timeFitness value='0.771111'/>
	<unitsAverage value='74'/>
</results>
