<results>
	<result value='loss'/>
	<start value='2015-05-10.13:20:28'/>
	<end value='2015-05-10.13:20:40'/>
	<frames value='15998'/>
	<gameDuration value='999'/>

	<player>
		<unitScore value='3050'/>
		<killScore value='1000'/>
		<buildingScore value='1800'/>
		<razingScore value='0'/>
		<mineralScore value='4978'/>
		<gasScore value='664'/>
		<totalScore value='11492'/>
	</player>

	<enemy>
		<race value='Protoss'/>
		<unitScore value='3550'/>
		<unitScore value='3550'/>
		<killScore value='6100'/>
		<buildingScore value='3225'/>
		<razingScore value='5400'/>
		<mineralScore value='8226'/>
		<gasScore value='1264'/>
		<totalScore value='27765'/>
	</enemy>

	<scoreRatio value='0.413902'/>
	<timeFitness value='0.13875'/>
	<unitsAverage value='23'/>
</results>
