<results>
	<result value='loss'/>
	<start value='2015-07-13.04:12:05'/>
	<end value='2015-07-13.04:12:48'/>
	<frames value='37884'/>
	<gameDuration value='2367'/>

	<player>
		<unitScore value='24300'/>
		<killScore value='13400'/>
		<buildingScore value='3875'/>
		<razingScore value='150'/>
		<mineralScore value='26110'/>
		<gasScore value='2240'/>
		<totalScore value='70075'/>
	</player>

	<enemy>
		<race value='Protoss'/>
		<unitScore value='22400'/>
		<killScore value='39750'/>
		<buildingScore value='6925'/>
		<razingScore value='11625'/>
		<mineralScore value='23338'/>
		<gasScore value='9052'/>
		<totalScore value='113090'/>
	</enemy>

	<scoreRatio value='0.619639'/>
	<timeFitness value='0.32875'/>
	<unitsAverage value='97'/>
</results>
