<results>
	<result value='loss'/>
	<start value='2015-07-13.04:30:47'/>
	<end value='2015-07-13.04:30:54'/>
	<frames value='15905'/>
	<gameDuration value='994'/>

	<player>
		<unitScore value='4125'/>
		<killScore value='1000'/>
		<buildingScore value='1575'/>
		<razingScore value='0'/>
		<mineralScore value='5082'/>
		<gasScore value='768'/>
		<totalScore value='12550'/>
	</player>

	<enemy>
		<race value='Protoss'/>
		<unitScore value='3650'/>
		<killScore value='8100'/>
		<buildingScore value='3075'/>
		<razingScore value='4725'/>
		<mineralScore value='8226'/>
		<gasScore value='1472'/>
		<totalScore value='29248'/>
	</enemy>

	<scoreRatio value='0.429089'/>
	<timeFitness value='0.138056'/>
	<unitsAverage value='23'/>
</results>
