<results>
	<result value='draw'/>
	<start value='2015-07-11.18:27:07'/>
	<end value='2015-07-11.18:28:08'/>
	<frames value='57601'/>
	<gameDuration value='3600'/>

	<player>
		<unitScore value='36175'/>
		<killScore value='21000'/>
		<buildingScore value='3700'/>
		<razingScore value='0'/>
		<mineralScore value='33478'/>
		<gasScore value='4938'/>
		<totalScore value='99291'/>
	</player>

	<enemy>
		<race value='Terran'/>
		<unitScore value='29125'/>
		<killScore value='64500'/>
		<buildingScore value='4175'/>
		<razingScore value='2850'/>
		<mineralScore value='19550'/>
		<gasScore value='12366'/>
		<totalScore value='132566'/>
	</enemy>

	<scoreRatio value='0.748993'/>
	<timeFitness value='0.5'/>
	<unitsAverage value='92'/>
</results>
