<results>
	<result value='loss'/>
	<start value='2015-04-13.00:41:45'/>
	<end value='2015-04-13.00:41:59'/>
	<frames value='28305'/>
	<gameDuration value='1769'/>

	<player>
		<unitScore value='5950'/>
		<killScore value='5200'/>
		<buildingScore value='2125'/>
		<razingScore value='0'/>
		<mineralScore value='8154'/>
		<gasScore value='1408'/>
		<totalScore value='22837'/>
	</player>

	<enemy>
		<race value='Protoss'/>
		<unitScore value='11300'/>
		<unitScore value='11300'/>
		<killScore value='12000'/>
		<buildingScore value='6275'/>
		<razingScore value='6375'/>
		<mineralScore value='16458'/>
		<gasScore value='5472'/>
		<totalScore value='57880'/>
	</enemy>

	<scoreRatio value='0.394558'/>
</results>
