<results>
	<result value='win'/>
	<start value='2015-04-16.20:23:37'/>
	<end value='2015-04-16.20:24:33'/>
	<frames value='30475'/>
	<gameDuration value='1904'/>

	<player>
		<unitScore value='20325'/>
		<killScore value='23850'/>
		<buildingScore value='4050'/>
		<razingScore value='16500'/>
		<mineralScore value='24978'/>
		<gasScore value='2896'/>
		<totalScore value='92599'/>
	</player>

	<enemy>
		<race value='Protoss'/>
		<unitScore value='12975'/>
		<unitScore value='12975'/>
		<killScore value='20200'/>
		<buildingScore value='5500'/>
		<razingScore value='150'/>
		<mineralScore value='14790'/>
		<gasScore value='4520'/>
		<totalScore value='58135'/>
	</enemy>

	<scoreRatio value='1.59283'/>
</results>
