<results>
	<result value='loss'/>
	<start value='2015-04-13.00:13:20'/>
	<end value='2015-04-13.00:14:05'/>
	<frames value='34784'/>
	<gameDuration value='2174'/>

	<player>
		<unitScore value='11325'/>
		<killScore value='7200'/>
		<buildingScore value='2275'/>
		<razingScore value='2400'/>
		<mineralScore value='17018'/>
		<gasScore value='1912'/>
		<totalScore value='42130'/>
	</player>

	<enemy>
		<race value='Protoss'/>
		<unitScore value='18200'/>
		<unitScore value='18200'/>
		<killScore value='22650'/>
		<buildingScore value='6975'/>
		<razingScore value='6825'/>
		<mineralScore value='22502'/>
		<gasScore value='7896'/>
		<totalScore value='85048'/>
	</enemy>

	<scoreRatio value='0.495367'/>
</results>
