<results>
	<result value='loss'/>
	<start value='2015-04-13.00:18:48'/>
	<end value='2015-04-13.00:20:31'/>
	<frames value='48920'/>
	<gameDuration value='3057'/>

	<player>
		<unitScore value='28325'/>
		<killScore value='30200'/>
		<buildingScore value='3925'/>
		<razingScore value='2850'/>
		<mineralScore value='31486'/>
		<gasScore value='7538'/>
		<totalScore value='104324'/>
	</player>

	<enemy>
		<race value='Protoss'/>
		<unitScore value='32125'/>
		<unitScore value='32125'/>
		<killScore value='56750'/>
		<buildingScore value='7725'/>
		<razingScore value='11775'/>
		<mineralScore value='29490'/>
		<gasScore value='10352'/>
		<totalScore value='148217'/>
	</enemy>

	<scoreRatio value='0.70386'/>
</results>
