<results>
	<result value='draw'/>
	<start value='2015-04-30.11:32:53'/>
	<end value='2015-04-30.11:34:32'/>
	<frames value='57601'/>
	<gameDuration value='3600'/>

	<player>
		<unitScore value='23225'/>
		<killScore value='47500'/>
		<buildingScore value='3325'/>
		<razingScore value='1800'/>
		<mineralScore value='31446'/>
		<gasScore value='7388'/>
		<totalScore value='114684'/>
	</player>

	<enemy>
		<race value='Protoss'/>
		<unitScore value='34650'/>
		<unitScore value='34650'/>
		<killScore value='38450'/>
		<buildingScore value='6775'/>
		<razingScore value='2475'/>
		<mineralScore value='30818'/>
		<gasScore value='11862'/>
		<totalScore value='125030'/>
	</enemy>

	<scoreRatio value='0.917252'/>
	<timeFitness value='0.5'/>
	<unitsAverage value='96'/>
</results>
