<results>
	<result value='loss'/>
	<start value='2015-04-30.11:48:36'/>
	<end value='2015-04-30.11:49:02'/>
	<frames value='29638'/>
	<gameDuration value='1852'/>

	<player>
		<unitScore value='5075'/>
		<killScore value='5100'/>
		<buildingScore value='2150'/>
		<razingScore value='0'/>
		<mineralScore value='8170'/>
		<gasScore value='1248'/>
		<totalScore value='21743'/>
	</player>

	<enemy>
		<race value='Protoss'/>
		<unitScore value='14225'/>
		<unitScore value='14225'/>
		<killScore value='10150'/>
		<buildingScore value='6975'/>
		<razingScore value='6450'/>
		<mineralScore value='17798'/>
		<gasScore value='7184'/>
		<totalScore value='62782'/>
	</enemy>

	<scoreRatio value='0.346325'/>
	<timeFitness value='0.257222'/>
	<unitsAverage value='25'/>
</results>
