<results>
	<result value='win'/>
	<start value='2014-07-22.20:54:59'/>
	<end value='2014-07-22.20:55:25'/>
	<frames value='26569'/>
	<gameDuration value='1660'/>

	<player>
		<unitScore value='15650'/>
		<killScore value='18900'/>
		<buildingScore value='5125'/>
		<razingScore value='5700'/>
		<mineralScore value='24846'/>
		<gasScore value='1640'/>
		<totalScore value='71861'/>
	</player>

	<enemy>
		<race value='Zerg'/>
		<unitScore value='8925'/>
		<unitScore value='8925'/>
		<killScore value='9900'/>
		<buildingScore value='1900'/>
		<razingScore value='0'/>
		<mineralScore value='9370'/>
		<gasScore value='2872'/>
		<totalScore value='32967'/>
	</enemy>

	<scoreRatio value='2.17979'/>
</results>
