<results>
	<result value='loss'/>
	<start value='2014-07-12.20:40:19'/>
	<end value='2014-07-12.20:40:28'/>
	<frames value='19098'/>
	<gameDuration value='1193'/>

	<player>
		<unitScore value='6300'/>
		<killScore value='300'/>
		<buildingScore value='2650'/>
		<razingScore value='0'/>
		<mineralScore value='10258'/>
		<gasScore value='0'/>
		<totalScore value='19508'/>
	</player>

	<enemy>
		<race value='Terran'/>
		<unitScore value='6850'/>
		<unitScore value='6850'/>
		<killScore value='12600'/>
		<buildingScore value='2900'/>
		<razingScore value='7950'/>
		<mineralScore value='8778'/>
		<gasScore value='2944'/>
		<totalScore value='42022'/>
	</enemy>

	<scoreRatio value='0.464233'/>
</results>
