<results>
	<result value='loss'/>
	<start value='2014-07-12.20:40:31'/>
	<end value='2014-07-12.20:40:39'/>
	<frames value='17641'/>
	<gameDuration value='1102'/>

	<player>
		<unitScore value='4675'/>
		<killScore value='1300'/>
		<buildingScore value='1975'/>
		<razingScore value='0'/>
		<mineralScore value='6786'/>
		<gasScore value='984'/>
		<totalScore value='15720'/>
	</player>

	<enemy>
		<race value='Terran'/>
		<unitScore value='6400'/>
		<unitScore value='6400'/>
		<killScore value='8000'/>
		<buildingScore value='2700'/>
		<razingScore value='5925'/>
		<mineralScore value='8202'/>
		<gasScore value='2624'/>
		<totalScore value='33851'/>
	</enemy>

	<scoreRatio value='0.464388'/>
</results>
