<results>
	<result value='win'/>
	<start value='2014-07-06.03:09:09'/>
	<end value='2014-07-06.03:10:10'/>
	<frames value='41015'/>
	<gameDuration value='2563'/>

	<player>
		<unitScore value='28325'/>
		<killScore value='46300'/>
		<buildingScore value='3400'/>
		<razingScore value='21450'/>
		<mineralScore value='32506'/>
		<gasScore value='4208'/>
		<totalScore value='136189'/>
	</player>

	<enemy>
		<race value='Protoss'/>
		<unitScore value='26250'/>
		<unitScore value='26250'/>
		<killScore value='31150'/>
		<buildingScore value='7150'/>
		<razingScore value='0'/>
		<mineralScore value='23426'/>
		<gasScore value='11448'/>
		<totalScore value='99424'/>
	</enemy>

	<scoreRatio value='1.36978'/>
</results>
