<results>
	<result value='win'/>
	<start value='2014-07-24.04:32:21'/>
	<end value='2014-07-24.04:32:42'/>
	<frames value='28832'/>
	<gameDuration value='1802'/>

	<player>
		<unitScore value='15675'/>
		<killScore value='25300'/>
		<buildingScore value='4575'/>
		<razingScore value='10275'/>
		<mineralScore value='22178'/>
		<gasScore value='2064'/>
		<totalScore value='80067'/>
	</player>

	<enemy>
		<race value='Terran'/>
		<unitScore value='12650'/>
		<unitScore value='12650'/>
		<killScore value='11150'/>
		<buildingScore value='3600'/>
		<razingScore value='1575'/>
		<mineralScore value='12050'/>
		<gasScore value='5384'/>
		<totalScore value='46409'/>
	</enemy>

	<scoreRatio value='1.72525'/>
</results>
