<results>
	<result value='win'/>
	<start value='2015-05-03.05:57:39'/>
	<end value='2015-05-03.05:58:45'/>
	<frames value='34691'/>
	<gameDuration value='2168'/>

	<player>
		<unitScore value='20950'/>
		<killScore value='27600'/>
		<buildingScore value='4075'/>
		<razingScore value='20625'/>
		<mineralScore value='28526'/>
		<gasScore value='4208'/>
		<totalScore value='105984'/>
	</player>

	<enemy>
		<race value='Protoss'/>
		<unitScore value='14800'/>
		<unitScore value='14800'/>
		<killScore value='21400'/>
		<buildingScore value='6875'/>
		<razingScore value='1500'/>
		<mineralScore value='18910'/>
		<gasScore value='5208'/>
		<totalScore value='68693'/>
	</enemy>

	<scoreRatio value='1.54286'/>
	<timeFitness value='0.698889'/>
	<unitsAverage value='99'/>
</results>
