<results>
	<result value='loss'/>
	<start value='2015-05-03.06:29:27'/>
	<end value='2015-05-03.06:29:36'/>
	<frames value='16339'/>
	<gameDuration value='1021'/>

	<player>
		<unitScore value='3350'/>
		<killScore value='400'/>
		<buildingScore value='1475'/>
		<razingScore value='0'/>
		<mineralScore value='5202'/>
		<gasScore value='848'/>
		<totalScore value='11275'/>
	</player>

	<enemy>
		<race value='Protoss'/>
		<unitScore value='3650'/>
		<unitScore value='3650'/>
		<killScore value='6800'/>
		<buildingScore value='3975'/>
		<razingScore value='4425'/>
		<mineralScore value='8906'/>
		<gasScore value='1712'/>
		<totalScore value='29468'/>
	</enemy>

	<scoreRatio value='0.382618'/>
	<timeFitness value='0.141806'/>
	<unitsAverage value='22'/>
</results>
