<results>
	<result value='loss'/>
	<start value='2015-05-06.10:40:50'/>
	<end value='2015-05-06.10:41:19'/>
	<frames value='39186'/>
	<gameDuration value='2449'/>

	<player>
		<unitScore value='13400'/>
		<killScore value='11350'/>
		<buildingScore value='2650'/>
		<razingScore value='300'/>
		<mineralScore value='19346'/>
		<gasScore value='824'/>
		<totalScore value='47870'/>
	</player>

	<enemy>
		<race value='Protoss'/>
		<unitScore value='23875'/>
		<unitScore value='23875'/>
		<killScore value='26800'/>
		<buildingScore value='7275'/>
		<razingScore value='7950'/>
		<mineralScore value='26186'/>
		<gasScore value='9532'/>
		<totalScore value='101618'/>
	</enemy>

	<scoreRatio value='0.471078'/>
	<timeFitness value='0.340139'/>
	<unitsAverage value='59'/>
</results>
