<results>
	<result value='loss'/>
	<start value='2015-07-18.02:28:18'/>
	<end value='2015-07-18.02:28:35'/>
	<frames value='17703'/>
	<gameDuration value='1106'/>

	<player>
		<unitScore value='4750'/>
		<killScore value='600'/>
		<buildingScore value='1600'/>
		<razingScore value='0'/>
		<mineralScore value='6090'/>
		<gasScore value='1088'/>
		<totalScore value='14128'/>
	</player>

	<enemy>
		<race value='Terran'/>
		<unitScore value='6700'/>
		<killScore value='9500'/>
		<buildingScore value='2750'/>
		<razingScore value='4800'/>
		<mineralScore value='8154'/>
		<gasScore value='2648'/>
		<totalScore value='34552'/>
	</enemy>

	<scoreRatio value='0.408891'/>
	<timeFitness value='0.153611'/>
	<unitsAverage value='24'/>
</results>
