<results>
	<result value='loss'/>
	<start value='2015-07-18.03:02:38'/>
	<end value='2015-07-18.03:03:13'/>
	<frames value='32459'/>
	<gameDuration value='2028'/>

	<player>
		<unitScore value='10225'/>
		<killScore value='13200'/>
		<buildingScore value='2325'/>
		<razingScore value='1200'/>
		<mineralScore value='10402'/>
		<gasScore value='1656'/>
		<totalScore value='39008'/>
	</player>

	<enemy>
		<race value='Terran'/>
		<unitScore value='10775'/>
		<killScore value='19150'/>
		<buildingScore value='3275'/>
		<razingScore value='6975'/>
		<mineralScore value='12146'/>
		<gasScore value='4264'/>
		<totalScore value='56585'/>
	</enemy>

	<scoreRatio value='0.68937'/>
	<timeFitness value='0.281667'/>
	<unitsAverage value='31'/>
</results>
