<results>
	<result value='win'/>
	<start value='2014-07-12.20:29:03'/>
	<end value='2014-07-12.20:29:22'/>
	<frames value='25143'/>
	<gameDuration value='1571'/>

	<player>
		<unitScore value='13625'/>
		<killScore value='21760'/>
		<buildingScore value='3275'/>
		<razingScore value='8265'/>
		<mineralScore value='19106'/>
		<gasScore value='2216'/>
		<totalScore value='68247'/>
	</player>

	<enemy>
		<race value='Zerg'/>
		<unitScore value='10075'/>
		<unitScore value='10075'/>
		<killScore value='10650'/>
		<buildingScore value='2755'/>
		<razingScore value='150'/>
		<mineralScore value='10882'/>
		<gasScore value='3168'/>
		<totalScore value='37680'/>
	</enemy>

	<scoreRatio value='1.81123'/>
</results>
