<results>
	<result value='win'/>
	<start value='2014-07-15.14:11:07'/>
	<end value='2014-07-15.14:11:52'/>
	<frames value='38318'/>
	<gameDuration value='2394'/>

	<player>
		<unitScore value='22750'/>
		<killScore value='32950'/>
		<buildingScore value='3350'/>
		<razingScore value='17025'/>
		<mineralScore value='31806'/>
		<gasScore value='3176'/>
		<totalScore value='111057'/>
	</player>

	<enemy>
		<race value='Protoss'/>
		<unitScore value='17125'/>
		<unitScore value='17125'/>
		<killScore value='22050'/>
		<buildingScore value='5675'/>
		<razingScore value='0'/>
		<mineralScore value='19294'/>
		<gasScore value='4008'/>
		<totalScore value='68152'/>
	</enemy>

	<scoreRatio value='1.62955'/>
</results>
