<results>
	<result value='win'/>
	<start value='2014-07-15.14:14:25'/>
	<end value='2014-07-15.14:14:43'/>
	<frames value='28522'/>
	<gameDuration value='1782'/>

	<player>
		<unitScore value='15075'/>
		<killScore value='14100'/>
		<buildingScore value='3050'/>
		<razingScore value='14775'/>
		<mineralScore value='19470'/>
		<gasScore value='2672'/>
		<totalScore value='69142'/>
	</player>

	<enemy>
		<race value='Protoss'/>
		<unitScore value='7050'/>
		<unitScore value='7050'/>
		<killScore value='13100'/>
		<buildingScore value='4925'/>
		<razingScore value='150'/>
		<mineralScore value='13610'/>
		<gasScore value='1888'/>
		<totalScore value='40723'/>
	</enemy>

	<scoreRatio value='1.69786'/>
</results>
