<results>
	<result value='loss'/>
	<start value='2014-07-15.14:14:47'/>
	<end value='2014-07-15.14:14:55'/>
	<frames value='19687'/>
	<gameDuration value='1230'/>

	<player>
		<unitScore value='5725'/>
		<killScore value='1600'/>
		<buildingScore value='1875'/>
		<razingScore value='0'/>
		<mineralScore value='8250'/>
		<gasScore value='656'/>
		<totalScore value='18106'/>
	</player>

	<enemy>
		<race value='Protoss'/>
		<unitScore value='4925'/>
		<unitScore value='4925'/>
		<killScore value='11550'/>
		<buildingScore value='4325'/>
		<razingScore value='5625'/>
		<mineralScore value='10618'/>
		<gasScore value='2760'/>
		<totalScore value='39803'/>
	</enemy>

	<scoreRatio value='0.45489'/>
</results>
