<results>
	<result value='win'/>
	<start value='2014-07-15.14:15:16'/>
	<end value='2014-07-15.14:15:54'/>
	<frames value='46471'/>
	<gameDuration value='2904'/>

	<player>
		<unitScore value='31525'/>
		<killScore value='35400'/>
		<buildingScore value='4125'/>
		<razingScore value='18375'/>
		<mineralScore value='37170'/>
		<gasScore value='4392'/>
		<totalScore value='130987'/>
	</player>

	<enemy>
		<race value='Protoss'/>
		<unitScore value='18950'/>
		<unitScore value='18950'/>
		<killScore value='41700'/>
		<buildingScore value='6125'/>
		<razingScore value='450'/>
		<mineralScore value='19334'/>
		<gasScore value='6864'/>
		<totalScore value='93423'/>
	</enemy>

	<scoreRatio value='1.40209'/>
</results>
