<results>
	<result value='loss'/>
	<start value='2014-07-15.14:27:14'/>
	<end value='2014-07-15.14:27:29'/>
	<frames value='31529'/>
	<gameDuration value='1970'/>

	<player>
		<unitScore value='14125'/>
		<killScore value='7100'/>
		<buildingScore value='2625'/>
		<razingScore value='0'/>
		<mineralScore value='16914'/>
		<gasScore value='944'/>
		<totalScore value='41708'/>
	</player>

	<enemy>
		<race value='Protoss'/>
		<unitScore value='16575'/>
		<unitScore value='16575'/>
		<killScore value='28000'/>
		<buildingScore value='5975'/>
		<razingScore value='7875'/>
		<mineralScore value='20430'/>
		<gasScore value='6968'/>
		<totalScore value='85823'/>
	</enemy>

	<scoreRatio value='0.485977'/>
</results>
