<results>
	<result value='win'/>
	<start value='2014-07-15.14:36:37'/>
	<end value='2014-07-15.14:37:15'/>
	<frames value='43185'/>
	<gameDuration value='2699'/>

	<player>
		<unitScore value='29375'/>
		<killScore value='50050'/>
		<buildingScore value='3850'/>
		<razingScore value='20625'/>
		<mineralScore value='31514'/>
		<gasScore value='4216'/>
		<totalScore value='139630'/>
	</player>

	<enemy>
		<race value='Protoss'/>
		<unitScore value='25725'/>
		<unitScore value='25725'/>
		<killScore value='41350'/>
		<buildingScore value='6875'/>
		<razingScore value='1800'/>
		<mineralScore value='23730'/>
		<gasScore value='8812'/>
		<totalScore value='108292'/>
	</enemy>

	<scoreRatio value='1.28938'/>
</results>
