<results>
	<result value='loss'/>
	<start value='2014-07-15.14:38:15'/>
	<end value='2014-07-15.14:38:23'/>
	<frames value='18354'/>
	<gameDuration value='1147'/>

	<player>
		<unitScore value='3150'/>
		<killScore value='1400'/>
		<buildingScore value='1925'/>
		<razingScore value='0'/>
		<mineralScore value='5426'/>
		<gasScore value='800'/>
		<totalScore value='12701'/>
	</player>

	<enemy>
		<race value='Protoss'/>
		<unitScore value='3750'/>
		<unitScore value='3750'/>
		<killScore value='6400'/>
		<buildingScore value='4125'/>
		<razingScore value='5775'/>
		<mineralScore value='9810'/>
		<gasScore value='1736'/>
		<totalScore value='31596'/>
	</enemy>

	<scoreRatio value='0.401981'/>
</results>
