<results>
	<result value='win'/>
	<start value='2014-07-15.14:43:29'/>
	<end value='2014-07-15.14:44:06'/>
	<frames value='38132'/>
	<gameDuration value='2383'/>

	<player>
		<unitScore value='22000'/>
		<killScore value='22250'/>
		<buildingScore value='4375'/>
		<razingScore value='19125'/>
		<mineralScore value='32154'/>
		<gasScore value='4272'/>
		<totalScore value='104176'/>
	</player>

	<enemy>
		<race value='Protoss'/>
		<unitScore value='12275'/>
		<unitScore value='12275'/>
		<killScore value='20050'/>
		<buildingScore value='6375'/>
		<razingScore value='1350'/>
		<mineralScore value='14978'/>
		<gasScore value='4088'/>
		<totalScore value='59116'/>
	</enemy>

	<scoreRatio value='1.76223'/>
</results>
