<results>
	<result value='loss'/>
	<start value='2014-07-15.14:48:23'/>
	<end value='2014-07-15.14:48:28'/>
	<frames value='14727'/>
	<gameDuration value='920'/>

	<player>
		<unitScore value='2300'/>
		<killScore value='1000'/>
		<buildingScore value='1475'/>
		<razingScore value='0'/>
		<mineralScore value='3930'/>
		<gasScore value='792'/>
		<totalScore value='9497'/>
	</player>

	<enemy>
		<race value='Protoss'/>
		<unitScore value='3550'/>
		<unitScore value='3550'/>
		<killScore value='4600'/>
		<buildingScore value='2625'/>
		<razingScore value='4425'/>
		<mineralScore value='7682'/>
		<gasScore value='1328'/>
		<totalScore value='24210'/>
	</enemy>

	<scoreRatio value='0.392276'/>
</results>
