<results>
	<result value='draw'/>
	<start value='2015-04-27.09:26:00'/>
	<end value='2015-04-27.09:26:36'/>
	<frames value='57601'/>
	<gameDuration value='3600'/>

	<player>
		<unitScore value='12225'/>
		<killScore value='13600'/>
		<buildingScore value='4425'/>
		<razingScore value='0'/>
		<mineralScore value='28558'/>
		<gasScore value='6248'/>
		<totalScore value='65056'/>
	</player>

	<enemy>
		<race value='Terran'/>
		<unitScore value='19825'/>
		<unitScore value='19825'/>
		<killScore value='24450'/>
		<buildingScore value='4050'/>
		<razingScore value='11025'/>
		<mineralScore value='17906'/>
		<gasScore value='10926'/>
		<totalScore value='88182'/>
	</enemy>

	<scoreRatio value='0.737747'/>
</results>
