<results>
	<result value='loss'/>
	<start value='2015-04-27.09:29:21'/>
	<end value='2015-04-27.09:29:30'/>
	<frames value='17703'/>
	<gameDuration value='1106'/>

	<player>
		<unitScore value='2750'/>
		<killScore value='0'/>
		<buildingScore value='2300'/>
		<razingScore value='0'/>
		<mineralScore value='7818'/>
		<gasScore value='792'/>
		<totalScore value='13660'/>
	</player>

	<enemy>
		<race value='Terran'/>
		<unitScore value='6000'/>
		<unitScore value='6000'/>
		<killScore value='5500'/>
		<buildingScore value='2750'/>
		<razingScore value='6900'/>
		<mineralScore value='8138'/>
		<gasScore value='2656'/>
		<totalScore value='31944'/>
	</enemy>

	<scoreRatio value='0.427623'/>
</results>
