<results>
	<result value='loss'/>
	<start value='2015-07-14.02:07:47'/>
	<end value='2015-07-14.02:10:04'/>
	<frames value='54438'/>
	<gameDuration value='3402'/>

	<player>
		<unitScore value='29500'/>
		<killScore value='29250'/>
		<buildingScore value='3025'/>
		<razingScore value='3225'/>
		<mineralScore value='23962'/>
		<gasScore value='5204'/>
		<totalScore value='94166'/>
	</player>

	<enemy>
		<race value='Protoss'/>
		<unitScore value='37105'/>
		<killScore value='56050'/>
		<buildingScore value='9900'/>
		<razingScore value='9075'/>
		<mineralScore value='34806'/>
		<gasScore value='14812'/>
		<totalScore value='161748'/>
	</enemy>

	<scoreRatio value='0.582177'/>
	<timeFitness value='0.4725'/>
	<unitsAverage value='110'/>
</results>
