<results>
	<result value='loss'/>
	<start value='2015-04-13.21:02:49'/>
	<end value='2015-04-13.21:03:36'/>
	<frames value='52485'/>
	<gameDuration value='3280'/>

	<player>
		<unitScore value='29150'/>
		<killScore value='36550'/>
		<buildingScore value='3400'/>
		<razingScore value='5550'/>
		<mineralScore value='31550'/>
		<gasScore value='5328'/>
		<totalScore value='111528'/>
	</player>

	<enemy>
		<race value='Protoss'/>
		<unitScore value='29025'/>
		<unitScore value='29025'/>
		<killScore value='58300'/>
		<buildingScore value='7725'/>
		<razingScore value='10200'/>
		<mineralScore value='29278'/>
		<gasScore value='9988'/>
		<totalScore value='144516'/>
	</enemy>

	<scoreRatio value='0.771735'/>
</results>
