<results>
	<result value='loss'/>
	<start value='2015-04-28.16:49:11'/>
	<end value='2015-04-28.16:50:27'/>
	<frames value='47525'/>
	<gameDuration value='2970'/>

	<player>
		<unitScore value='23225'/>
		<killScore value='32900'/>
		<buildingScore value='2675'/>
		<razingScore value='1950'/>
		<mineralScore value='23994'/>
		<gasScore value='4064'/>
		<totalScore value='88808'/>
	</player>

	<enemy>
		<race value='Protoss'/>
		<unitScore value='36775'/>
		<unitScore value='36775'/>
		<killScore value='46550'/>
		<buildingScore value='8075'/>
		<razingScore value='8025'/>
		<mineralScore value='32598'/>
		<gasScore value='12616'/>
		<totalScore value='144639'/>
	</enemy>

	<scoreRatio value='0.613998'/>
</results>
