<results>
	<result value='loss'/>
	<start value='2015-04-28.16:51:30'/>
	<end value='2015-04-28.16:51:41'/>
	<frames value='17300'/>
	<gameDuration value='1081'/>

	<player>
		<unitScore value='4500'/>
		<killScore value='800'/>
		<buildingScore value='1450'/>
		<razingScore value='0'/>
		<mineralScore value='6074'/>
		<gasScore value='0'/>
		<totalScore value='12824'/>
	</player>

	<enemy>
		<race value='Protoss'/>
		<unitScore value='3600'/>
		<unitScore value='3600'/>
		<killScore value='9000'/>
		<buildingScore value='4075'/>
		<razingScore value='4350'/>
		<mineralScore value='9578'/>
		<gasScore value='1744'/>
		<totalScore value='32347'/>
	</enemy>

	<scoreRatio value='0.396451'/>
</results>
