<results>
	<result value='loss'/>
	<start value='2015-04-28.16:52:31'/>
	<end value='2015-04-28.16:52:40'/>
	<frames value='14262'/>
	<gameDuration value='891'/>

	<player>
		<unitScore value='1825'/>
		<killScore value='200'/>
		<buildingScore value='1150'/>
		<razingScore value='0'/>
		<mineralScore value='2954'/>
		<gasScore value='648'/>
		<totalScore value='6777'/>
	</player>

	<enemy>
		<race value='Protoss'/>
		<unitScore value='3550'/>
		<unitScore value='3550'/>
		<killScore value='3650'/>
		<buildingScore value='2175'/>
		<razingScore value='3450'/>
		<mineralScore value='7058'/>
		<gasScore value='1112'/>
		<totalScore value='20995'/>
	</enemy>

	<scoreRatio value='0.322791'/>
</results>
