<results>
	<result value='draw'/>
	<start value='2015-04-30.14:33:17'/>
	<end value='2015-04-30.14:35:16'/>
	<frames value='57601'/>
	<gameDuration value='3600'/>

	<player>
		<unitScore value='29950'/>
		<killScore value='53850'/>
		<buildingScore value='3525'/>
		<razingScore value='12450'/>
		<mineralScore value='31926'/>
		<gasScore value='10118'/>
		<totalScore value='141819'/>
	</player>

	<enemy>
		<race value='Protoss'/>
		<unitScore value='30845'/>
		<unitScore value='30845'/>
		<killScore value='51500'/>
		<buildingScore value='8225'/>
		<razingScore value='0'/>
		<mineralScore value='31058'/>
		<gasScore value='10554'/>
		<totalScore value='132182'/>
	</enemy>

	<scoreRatio value='1.07291'/>
	<timeFitness value='0.5'/>
	<unitsAverage value='118'/>
</results>
