<results>
	<result value='loss'/>
	<start value='2015-04-11.18:50:15'/>
	<end value='2015-04-11.18:51:05'/>
	<frames value='39496'/>
	<gameDuration value='2468'/>

	<player>
		<unitScore value='17425'/>
		<killScore value='12800'/>
		<buildingScore value='2650'/>
		<razingScore value='0'/>
		<mineralScore value='19890'/>
		<gasScore value='2928'/>
		<totalScore value='55693'/>
	</player>

	<enemy>
		<race value='Protoss'/>
		<unitScore value='27025'/>
		<unitScore value='27025'/>
		<killScore value='34850'/>
		<buildingScore value='7375'/>
		<razingScore value='7950'/>
		<mineralScore value='26822'/>
		<gasScore value='11538'/>
		<totalScore value='115560'/>
	</enemy>

	<scoreRatio value='0.48194'/>
</results>
