<results>
	<result value='loss'/>
	<start value='2015-07-21.22:31:26'/>
	<end value='2015-07-21.22:31:55'/>
	<frames value='26848'/>
	<gameDuration value='1678'/>

	<player>
		<unitScore value='13875'/>
		<killScore value='6500'/>
		<buildingScore value='2500'/>
		<razingScore value='0'/>
		<mineralScore value='23218'/>
		<gasScore value='2088'/>
		<totalScore value='48181'/>
	</player>

	<enemy>
		<race value='Zerg'/>
		<unitScore value='13475'/>
		<killScore value='27750'/>
		<buildingScore value='3255'/>
		<razingScore value='7500'/>
		<mineralScore value='14822'/>
		<gasScore value='5024'/>
		<totalScore value='71826'/>
	</enemy>

	<scoreRatio value='0.670802'/>
	<timeFitness value='0.233056'/>
	<unitsAverage value='67'/>
</results>
