<results>
	<result value='win'/>
	<start value='2015-04-09.13:14:26'/>
	<end value='2015-04-09.13:15:24'/>
	<frames value='49416'/>
	<gameDuration value='3088'/>

	<player>
		<unitScore value='31775'/>
		<killScore value='39200'/>
		<buildingScore value='5000'/>
		<razingScore value='21375'/>
		<mineralScore value='36134'/>
		<gasScore value='4344'/>
		<totalScore value='137828'/>
	</player>

	<enemy>
		<race value='Protoss'/>
		<unitScore value='20150'/>
		<unitScore value='20150'/>
		<killScore value='40500'/>
		<buildingScore value='7125'/>
		<razingScore value='1950'/>
		<mineralScore value='22890'/>
		<gasScore value='6878'/>
		<totalScore value='99493'/>
	</enemy>

	<scoreRatio value='1.3853'/>
</results>
