<results>
	<result value='win'/>
	<start value='2015-04-09.13:19:52'/>
	<end value='2015-04-09.13:20:25'/>
	<frames value='32056'/>
	<gameDuration value='2003'/>

	<player>
		<unitScore value='20275'/>
		<killScore value='23250'/>
		<buildingScore value='4725'/>
		<razingScore value='17025'/>
		<mineralScore value='28218'/>
		<gasScore value='2112'/>
		<totalScore value='95605'/>
	</player>

	<enemy>
		<race value='Protoss'/>
		<unitScore value='12425'/>
		<unitScore value='12425'/>
		<killScore value='18750'/>
		<buildingScore value='5675'/>
		<razingScore value='375'/>
		<mineralScore value='14590'/>
		<gasScore value='3896'/>
		<totalScore value='55711'/>
	</enemy>

	<scoreRatio value='1.71609'/>
</results>
