<results>
	<result value='draw'/>
	<start value='2015-04-09.13:24:16'/>
	<end value='2015-04-09.13:25:15'/>
	<frames value='57601'/>
	<gameDuration value='3600'/>

	<player>
		<unitScore value='28450'/>
		<killScore value='50200'/>
		<buildingScore value='3600'/>
		<razingScore value='2025'/>
		<mineralScore value='31542'/>
		<gasScore value='8974'/>
		<totalScore value='124791'/>
	</player>

	<enemy>
		<race value='Protoss'/>
		<unitScore value='33100'/>
		<unitScore value='33100'/>
		<killScore value='53600'/>
		<buildingScore value='7075'/>
		<razingScore value='8325'/>
		<mineralScore value='31502'/>
		<gasScore value='11230'/>
		<totalScore value='144832'/>
	</enemy>

	<scoreRatio value='0.861626'/>
</results>
