<results>
	<result value='win'/>
	<start value='2015-04-10.04:15:37'/>
	<end value='2015-04-10.04:16:42'/>
	<frames value='43650'/>
	<gameDuration value='2728'/>

	<player>
		<unitScore value='28075'/>
		<killScore value='26850'/>
		<buildingScore value='5100'/>
		<razingScore value='15525'/>
		<mineralScore value='42478'/>
		<gasScore value='5608'/>
		<totalScore value='123636'/>
	</player>

	<enemy>
		<race value='Protoss'/>
		<unitScore value='14000'/>
		<unitScore value='14000'/>
		<killScore value='31500'/>
		<buildingScore value='5175'/>
		<razingScore value='150'/>
		<mineralScore value='14202'/>
		<gasScore value='5632'/>
		<totalScore value='70659'/>
	</enemy>

	<scoreRatio value='1.74976'/>
</results>
