<results>
	<result value='draw'/>
	<start value='2015-07-15.13:14:09'/>
	<end value='2015-07-15.13:17:20'/>
	<frames value='57601'/>
	<gameDuration value='3600'/>

	<player>
		<unitScore value='41775'/>
		<killScore value='23400'/>
		<buildingScore value='5475'/>
		<razingScore value='0'/>
		<mineralScore value='38954'/>
		<gasScore value='11472'/>
		<totalScore value='121076'/>
	</player>

	<enemy>
		<race value='Terran'/>
		<unitScore value='18925'/>
		<killScore value='64300'/>
		<buildingScore value='3050'/>
		<razingScore value='4050'/>
		<mineralScore value='24050'/>
		<gasScore value='6364'/>
		<totalScore value='120739'/>
	</enemy>

	<scoreRatio value='1.00279'/>
	<timeFitness value='0.5'/>
	<unitsAverage value='155'/>
</results>
