<results>
	<result value='loss'/>
	<start value='2015-05-04.15:36:00'/>
	<end value='2015-05-04.15:36:34'/>
	<frames value='40519'/>
	<gameDuration value='2532'/>

	<player>
		<unitScore value='16450'/>
		<killScore value='16900'/>
		<buildingScore value='2525'/>
		<razingScore value='0'/>
		<mineralScore value='16862'/>
		<gasScore value='2640'/>
		<totalScore value='55377'/>
	</player>

	<enemy>
		<race value='Protoss'/>
		<unitScore value='25875'/>
		<unitScore value='25875'/>
		<killScore value='32900'/>
		<buildingScore value='7775'/>
		<razingScore value='7575'/>
		<mineralScore value='28514'/>
		<gasScore value='9816'/>
		<totalScore value='112455'/>
	</enemy>

	<scoreRatio value='0.492437'/>
	<timeFitness value='0.351667'/>
	<unitsAverage value='46'/>
</results>
