<results>
	<result value='loss'/>
	<start value='2015-05-10.19:22:40'/>
	<end value='2015-05-10.19:22:49'/>
	<frames value='17610'/>
	<gameDuration value='1100'/>

	<player>
		<unitScore value='3200'/>
		<killScore value='1300'/>
		<buildingScore value='1900'/>
		<razingScore value='0'/>
		<mineralScore value='5314'/>
		<gasScore value='784'/>
		<totalScore value='12498'/>
	</player>

	<enemy>
		<race value='Protoss'/>
		<unitScore value='3700'/>
		<unitScore value='3700'/>
		<killScore value='6400'/>
		<buildingScore value='4125'/>
		<razingScore value='5700'/>
		<mineralScore value='9514'/>
		<gasScore value='1792'/>
		<totalScore value='31231'/>
	</enemy>

	<scoreRatio value='0.400179'/>
	<timeFitness value='0.152778'/>
	<unitsAverage value='22'/>
</results>
