<results>
	<result value='loss'/>
	<start value='2015-05-04.15:42:50'/>
	<end value='2015-05-04.15:43:19'/>
	<frames value='38411'/>
	<gameDuration value='2400'/>

	<player>
		<unitScore value='11750'/>
		<killScore value='15100'/>
		<buildingScore value='1400'/>
		<razingScore value='1050'/>
		<mineralScore value='12034'/>
		<gasScore value='3472'/>
		<totalScore value='44806'/>
	</player>

	<enemy>
		<race value='Protoss'/>
		<unitScore value='14050'/>
		<unitScore value='14050'/>
		<killScore value='23500'/>
		<buildingScore value='6925'/>
		<razingScore value='4200'/>
		<mineralScore value='26826'/>
		<gasScore value='7112'/>
		<totalScore value='82613'/>
	</enemy>

	<scoreRatio value='0.54236'/>
	<timeFitness value='0.333333'/>
	<unitsAverage value='41'/>
</results>
