<results>
	<result value='loss'/>
	<start value='2015-05-06.07:40:53'/>
	<end value='2015-05-06.07:41:41'/>
	<frames value='52888'/>
	<gameDuration value='3305'/>

	<player>
		<unitScore value='29500'/>
		<killScore value='53000'/>
		<buildingScore value='3500'/>
		<razingScore value='1050'/>
		<mineralScore value='31542'/>
		<gasScore value='5008'/>
		<totalScore value='123600'/>
	</player>

	<enemy>
		<race value='Protoss'/>
		<unitScore value='36725'/>
		<unitScore value='36725'/>
		<killScore value='58750'/>
		<buildingScore value='6825'/>
		<razingScore value='10500'/>
		<mineralScore value='31426'/>
		<gasScore value='11278'/>
		<totalScore value='155504'/>
	</enemy>

	<scoreRatio value='0.794835'/>
	<timeFitness value='0.459028'/>
	<unitsAverage value='93'/>
</results>
