<results>
	<result value='win'/>
	<start value='2015-05-06.07:53:28'/>
	<end value='2015-05-06.07:53:53'/>
	<frames value='30165'/>
	<gameDuration value='1885'/>

	<player>
		<unitScore value='15550'/>
		<killScore value='11700'/>
		<buildingScore value='4600'/>
		<razingScore value='12525'/>
		<mineralScore value='24610'/>
		<gasScore value='2056'/>
		<totalScore value='71041'/>
	</player>

	<enemy>
		<race value='Protoss'/>
		<unitScore value='5850'/>
		<unitScore value='5850'/>
		<killScore value='8400'/>
		<buildingScore value='4175'/>
		<razingScore value='300'/>
		<mineralScore value='10090'/>
		<gasScore value='2496'/>
		<totalScore value='31311'/>
	</enemy>

	<scoreRatio value='2.26888'/>
	<timeFitness value='0.738194'/>
	<unitsAverage value='88'/>
</results>
