<results>
	<result value='win'/>
	<start value='2015-05-06.07:55:33'/>
	<end value='2015-05-06.07:55:55'/>
	<frames value='29979'/>
	<gameDuration value='1873'/>

	<player>
		<unitScore value='16050'/>
		<killScore value='20150'/>
		<buildingScore value='3100'/>
		<razingScore value='16050'/>
		<mineralScore value='19938'/>
		<gasScore value='2856'/>
		<totalScore value='78144'/>
	</player>

	<enemy>
		<race value='Protoss'/>
		<unitScore value='10775'/>
		<unitScore value='10775'/>
		<killScore value='15650'/>
		<buildingScore value='5350'/>
		<razingScore value='300'/>
		<mineralScore value='14942'/>
		<gasScore value='4440'/>
		<totalScore value='51457'/>
	</enemy>

	<scoreRatio value='1.51863'/>
	<timeFitness value='0.739861'/>
	<unitsAverage value='74'/>
</results>
