<results>
	<result value='loss'/>
	<start value='2015-03-29.23:42:07'/>
	<end value='2015-03-29.23:42:19'/>
	<frames value='16432'/>
	<gameDuration value='1027'/>

	<player>
		<unitScore value='6025'/>
		<killScore value='800'/>
		<buildingScore value='1725'/>
		<razingScore value='0'/>
		<mineralScore value='6706'/>
		<gasScore value='1024'/>
		<totalScore value='16280'/>
	</player>

	<enemy>
		<race value='Protoss'/>
		<unitScore value='4775'/>
		<unitScore value='4775'/>
		<killScore value='12050'/>
		<buildingScore value='3275'/>
		<razingScore value='5175'/>
		<mineralScore value='8322'/>
		<gasScore value='2184'/>
		<totalScore value='35781'/>
	</enemy>

	<scoreRatio value='0.45499'/>
</results>
