<results>
	<result value='draw'/>
	<start value='2015-04-09.06:43:31'/>
	<end value='2015-04-09.06:44:28'/>
	<frames value='57601'/>
	<gameDuration value='3600'/>

	<player>
		<unitScore value='29600'/>
		<killScore value='27000'/>
		<buildingScore value='3475'/>
		<razingScore value='0'/>
		<mineralScore value='31414'/>
		<gasScore value='7650'/>
		<totalScore value='99139'/>
	</player>

	<enemy>
		<race value='Protoss'/>
		<unitScore value='33300'/>
		<unitScore value='33300'/>
		<killScore value='51900'/>
		<buildingScore value='6525'/>
		<razingScore value='2100'/>
		<mineralScore value='31550'/>
		<gasScore value='12234'/>
		<totalScore value='137609'/>
	</enemy>

	<scoreRatio value='0.72044'/>
</results>
