<results>
	<result value='draw'/>
	<start value='2015-05-08.20:25:22'/>
	<end value='2015-05-08.20:26:15'/>
	<frames value='57601'/>
	<gameDuration value='3600'/>

	<player>
		<unitScore value='30425'/>
		<killScore value='55500'/>
		<buildingScore value='4025'/>
		<razingScore value='12600'/>
		<mineralScore value='33654'/>
		<gasScore value='7112'/>
		<totalScore value='143316'/>
	</player>

	<enemy>
		<race value='Terran'/>
		<unitScore value='33750'/>
		<unitScore value='33750'/>
		<killScore value='46400'/>
		<buildingScore value='4850'/>
		<razingScore value='3750'/>
		<mineralScore value='26262'/>
		<gasScore value='11482'/>
		<totalScore value='126494'/>
	</enemy>

	<scoreRatio value='1.13299'/>
	<timeFitness value='0.5'/>
	<unitsAverage value='99'/>
</results>
