<results>
	<result value='win'/>
	<start value='2015-05-08.20:28:09'/>
	<end value='2015-05-08.20:28:46'/>
	<frames value='37822'/>
	<gameDuration value='2363'/>

	<player>
		<unitScore value='19900'/>
		<killScore value='39550'/>
		<buildingScore value='4250'/>
		<razingScore value='12825'/>
		<mineralScore value='25878'/>
		<gasScore value='3936'/>
		<totalScore value='106339'/>
	</player>

	<enemy>
		<race value='Terran'/>
		<unitScore value='22175'/>
		<unitScore value='22175'/>
		<killScore value='19500'/>
		<buildingScore value='4275'/>
		<razingScore value='1875'/>
		<mineralScore value='17822'/>
		<gasScore value='8860'/>
		<totalScore value='74507'/>
	</enemy>

	<scoreRatio value='1.42724'/>
	<timeFitness value='0.671806'/>
	<unitsAverage value='99'/>
</results>
