<results>
	<result value='win'/>
	<start value='2015-05-09.01:14:47'/>
	<end value='2015-05-09.01:15:11'/>
	<frames value='22663'/>
	<gameDuration value='1416'/>

	<player>
		<unitScore value='12450'/>
		<killScore value='19960'/>
		<buildingScore value='2325'/>
		<razingScore value='4755'/>
		<mineralScore value='15974'/>
		<gasScore value='1576'/>
		<totalScore value='57040'/>
	</player>

	<enemy>
		<race value='Zerg'/>
		<unitScore value='9500'/>
		<unitScore value='9500'/>
		<killScore value='12600'/>
		<buildingScore value='1585'/>
		<razingScore value='0'/>
		<mineralScore value='9130'/>
		<gasScore value='2400'/>
		<totalScore value='35215'/>
	</enemy>

	<scoreRatio value='1.61976'/>
	<timeFitness value='0.803333'/>
	<unitsAverage value='64'/>
</results>
