<results>
	<result value='win'/>
	<start value='2015-04-11.18:57:39'/>
	<end value='2015-04-11.18:58:29'/>
	<frames value='27034'/>
	<gameDuration value='1689'/>

	<player>
		<unitScore value='16400'/>
		<killScore value='21400'/>
		<buildingScore value='5075'/>
		<razingScore value='15825'/>
		<mineralScore value='24594'/>
		<gasScore value='3256'/>
		<totalScore value='86550'/>
	</player>

	<enemy>
		<race value='Protoss'/>
		<unitScore value='11350'/>
		<unitScore value='11350'/>
		<killScore value='12450'/>
		<buildingScore value='5275'/>
		<razingScore value='0'/>
		<mineralScore value='16098'/>
		<gasScore value='2680'/>
		<totalScore value='47853'/>
	</enemy>

	<scoreRatio value='1.80866'/>
</results>
