<results>
	<result value='loss'/>
	<start value='2015-04-11.18:58:32'/>
	<end value='2015-04-11.19:00:00'/>
	<frames value='50129'/>
	<gameDuration value='3133'/>

	<player>
		<unitScore value='22400'/>
		<killScore value='28650'/>
		<buildingScore value='2825'/>
		<razingScore value='5400'/>
		<mineralScore value='24098'/>
		<gasScore value='3416'/>
		<totalScore value='86789'/>
	</player>

	<enemy>
		<race value='Protoss'/>
		<unitScore value='23075'/>
		<unitScore value='23075'/>
		<killScore value='44800'/>
		<buildingScore value='7925'/>
		<razingScore value='8475'/>
		<mineralScore value='33490'/>
		<gasScore value='8528'/>
		<totalScore value='126293'/>
	</enemy>

	<scoreRatio value='0.687204'/>
</results>
