<results>
	<result value='loss'/>
	<start value='2015-07-13.18:01:09'/>
	<end value='2015-07-13.18:01:51'/>
	<frames value='41945'/>
	<gameDuration value='2621'/>

	<player>
		<unitScore value='20850'/>
		<killScore value='11900'/>
		<buildingScore value='5900'/>
		<razingScore value='0'/>
		<mineralScore value='33286'/>
		<gasScore value='3912'/>
		<totalScore value='75848'/>
	</player>

	<enemy>
		<race value='Protoss'/>
		<unitScore value='20250'/>
		<killScore value='41700'/>
		<buildingScore value='6825'/>
		<razingScore value='17700'/>
		<mineralScore value='25794'/>
		<gasScore value='8060'/>
		<totalScore value='120329'/>
	</enemy>

	<scoreRatio value='0.630338'/>
	<timeFitness value='0.364028'/>
	<unitsAverage value='69'/>
</results>
