<results>
	<result value='loss'/>
	<start value='2015-07-13.18:15:51'/>
	<end value='2015-07-13.18:16:38'/>
	<frames value='45510'/>
	<gameDuration value='2844'/>

	<player>
		<unitScore value='25100'/>
		<killScore value='15500'/>
		<buildingScore value='3625'/>
		<razingScore value='2850'/>
		<mineralScore value='31094'/>
		<gasScore value='5312'/>
		<totalScore value='83481'/>
	</player>

	<enemy>
		<race value='Protoss'/>
		<unitScore value='26050'/>
		<killScore value='50200'/>
		<buildingScore value='7875'/>
		<razingScore value='10875'/>
		<mineralScore value='30218'/>
		<gasScore value='9232'/>
		<totalScore value='134450'/>
	</enemy>

	<scoreRatio value='0.620907'/>
	<timeFitness value='0.395'/>
	<unitsAverage value='72'/>
</results>
