<results>
	<result value='loss'/>
	<start value='2014-07-10.16:23:53'/>
	<end value='2014-07-10.16:23:59'/>
	<frames value='15657'/>
	<gameDuration value='978'/>

	<player>
		<unitScore value='2725'/>
		<killScore value='1200'/>
		<buildingScore value='1300'/>
		<razingScore value='0'/>
		<mineralScore value='4610'/>
		<gasScore value='792'/>
		<totalScore value='10627'/>
	</player>

	<enemy>
		<race value='Protoss'/>
		<unitScore value='4050'/>
		<unitScore value='4050'/>
		<killScore value='5450'/>
		<buildingScore value='2925'/>
		<razingScore value='3900'/>
		<mineralScore value='7882'/>
		<gasScore value='1824'/>
		<totalScore value='26031'/>
	</enemy>

	<scoreRatio value='0.408244'/>
</results>
