<results>
	<result value='loss'/>
	<start value='2015-04-11.20:44:34'/>
	<end value='2015-04-11.20:44:45'/>
	<frames value='13766'/>
	<gameDuration value='860'/>

	<player>
		<unitScore value='2375'/>
		<killScore value='200'/>
		<buildingScore value='1250'/>
		<razingScore value='0'/>
		<mineralScore value='3698'/>
		<gasScore value='568'/>
		<totalScore value='8091'/>
	</player>

	<enemy>
		<race value='Protoss'/>
		<unitScore value='3550'/>
		<unitScore value='3550'/>
		<killScore value='4750'/>
		<buildingScore value='2375'/>
		<razingScore value='3750'/>
		<mineralScore value='7058'/>
		<gasScore value='1184'/>
		<totalScore value='22667'/>
	</enemy>

	<scoreRatio value='0.356951'/>
</results>
