<results>
	<result value='win'/>
	<start value='2015-04-27.23:37:16'/>
	<end value='2015-04-27.23:37:39'/>
	<frames value='34877'/>
	<gameDuration value='2179'/>

	<player>
		<unitScore value='14325'/>
		<killScore value='32500'/>
		<buildingScore value='3350'/>
		<razingScore value='11550'/>
		<mineralScore value='18082'/>
		<gasScore value='3776'/>
		<totalScore value='83583'/>
	</player>

	<enemy>
		<race value='Terran'/>
		<unitScore value='18250'/>
		<unitScore value='18250'/>
		<killScore value='14500'/>
		<buildingScore value='3850'/>
		<razingScore value='3675'/>
		<mineralScore value='16154'/>
		<gasScore value='8056'/>
		<totalScore value='64485'/>
	</enemy>

	<scoreRatio value='1.29616'/>
</results>
