<results>
	<result value='win'/>
	<start value='2015-05-10.08:28:13'/>
	<end value='2015-05-10.08:29:00'/>
	<frames value='32645'/>
	<gameDuration value='2040'/>

	<player>
		<unitScore value='23725'/>
		<killScore value='35140'/>
		<buildingScore value='4650'/>
		<razingScore value='5940'/>
		<mineralScore value='35486'/>
		<gasScore value='3368'/>
		<totalScore value='108309'/>
	</player>

	<enemy>
		<race value='Zerg'/>
		<unitScore value='16325'/>
		<unitScore value='16325'/>
		<killScore value='24750'/>
		<buildingScore value='1980'/>
		<razingScore value='0'/>
		<mineralScore value='13690'/>
		<gasScore value='4448'/>
		<totalScore value='61193'/>
	</enemy>

	<scoreRatio value='1.76996'/>
	<timeFitness value='0.716667'/>
	<unitsAverage value='119'/>
</results>
