<results>
	<result value='loss'/>
	<start value='2015-07-20.08:50:32'/>
	<end value='2015-07-20.08:50:36'/>
	<frames value='9457'/>
	<gameDuration value='591'/>

	<player>
		<unitScore value='1300'/>
		<killScore value='0'/>
		<buildingScore value='1075'/>
		<razingScore value='0'/>
		<mineralScore value='2090'/>
		<gasScore value='0'/>
		<totalScore value='4465'/>
	</player>

	<enemy>
		<race value='Zerg'/>
		<unitScore value='1600'/>
		<killScore value='2100'/>
		<buildingScore value='1020'/>
		<razingScore value='3450'/>
		<mineralScore value='2970'/>
		<gasScore value='184'/>
		<totalScore value='11324'/>
	</enemy>

	<scoreRatio value='0.394295'/>
	<timeFitness value='0.0820833'/>
	<unitsAverage value='12'/>
</results>
