<results>
	<result value='win'/>
	<start value='2014-07-11.19:29:30'/>
	<end value='2014-07-11.19:29:48'/>
	<frames value='22415'/>
	<gameDuration value='1400'/>

	<player>
		<unitScore value='10500'/>
		<killScore value='17700'/>
		<buildingScore value='3200'/>
		<razingScore value='7575'/>
		<mineralScore value='17630'/>
		<gasScore value='2232'/>
		<totalScore value='58837'/>
	</player>

	<enemy>
		<race value='Terran'/>
		<unitScore value='8850'/>
		<unitScore value='8850'/>
		<killScore value='4350'/>
		<buildingScore value='2525'/>
		<razingScore value='0'/>
		<mineralScore value='8586'/>
		<gasScore value='2648'/>
		<totalScore value='26959'/>
	</enemy>

	<scoreRatio value='2.18246'/>
</results>
