<results>
	<result value='win'/>
	<start value='2014-07-11.19:37:07'/>
	<end value='2014-07-11.19:37:30'/>
	<frames value='28832'/>
	<gameDuration value='1802'/>

	<player>
		<unitScore value='12200'/>
		<killScore value='22550'/>
		<buildingScore value='4650'/>
		<razingScore value='10650'/>
		<mineralScore value='21334'/>
		<gasScore value='2920'/>
		<totalScore value='74304'/>
	</player>

	<enemy>
		<race value='Terran'/>
		<unitScore value='12875'/>
		<unitScore value='12875'/>
		<killScore value='8400'/>
		<buildingScore value='3650'/>
		<razingScore value='3375'/>
		<mineralScore value='13154'/>
		<gasScore value='5864'/>
		<totalScore value='47318'/>
	</enemy>

	<scoreRatio value='1.57031'/>
</results>
