<results>
	<result value='loss'/>
	<start value='2015-04-28.18:49:45'/>
	<end value='2015-04-28.18:49:58'/>
	<frames value='31560'/>
	<gameDuration value='1972'/>

	<player>
		<unitScore value='5850'/>
		<killScore value='3050'/>
		<buildingScore value='2100'/>
		<razingScore value='0'/>
		<mineralScore value='7938'/>
		<gasScore value='1072'/>
		<totalScore value='20010'/>
	</player>

	<enemy>
		<race value='Protoss'/>
		<unitScore value='14575'/>
		<unitScore value='14575'/>
		<killScore value='11700'/>
		<buildingScore value='6975'/>
		<razingScore value='6150'/>
		<mineralScore value='18550'/>
		<gasScore value='7616'/>
		<totalScore value='65566'/>
	</enemy>

	<scoreRatio value='0.305189'/>
	<timeFitness value='0.273889'/>
	<unitsAverage value='24'/>
</results>
