<results>
	<result value='win'/>
	<start value='2015-04-28.18:51:45'/>
	<end value='2015-04-28.18:52:42'/>
	<frames value='41511'/>
	<gameDuration value='2594'/>

	<player>
		<unitScore value='24625'/>
		<killScore value='21450'/>
		<buildingScore value='3425'/>
		<razingScore value='18600'/>
		<mineralScore value='31490'/>
		<gasScore value='3640'/>
		<totalScore value='103230'/>
	</player>

	<enemy>
		<race value='Protoss'/>
		<unitScore value='10725'/>
		<unitScore value='10725'/>
		<killScore value='25650'/>
		<buildingScore value='6200'/>
		<razingScore value='300'/>
		<mineralScore value='15830'/>
		<gasScore value='3888'/>
		<totalScore value='62593'/>
	</enemy>

	<scoreRatio value='1.64923'/>
	<timeFitness value='0.639722'/>
	<unitsAverage value='130'/>
</results>
