<results>
	<result value='loss'/>
	<start value='2015-04-28.18:52:46'/>
	<end value='2015-04-28.18:53:18'/>
	<frames value='45696'/>
	<gameDuration value='2856'/>

	<player>
		<unitScore value='19975'/>
		<killScore value='25400'/>
		<buildingScore value='3825'/>
		<razingScore value='1350'/>
		<mineralScore value='23950'/>
		<gasScore value='2592'/>
		<totalScore value='77092'/>
	</player>

	<enemy>
		<race value='Protoss'/>
		<unitScore value='32300'/>
		<unitScore value='32300'/>
		<killScore value='39950'/>
		<buildingScore value='7875'/>
		<razingScore value='11475'/>
		<mineralScore value='30862'/>
		<gasScore value='11072'/>
		<totalScore value='133534'/>
	</enemy>

	<scoreRatio value='0.577321'/>
	<timeFitness value='0.396667'/>
	<unitsAverage value='64'/>
</results>
