<results>
	<result value='win'/>
	<start value='2015-05-11.03:03:55'/>
	<end value='2015-05-11.03:04:38'/>
	<frames value='31064'/>
	<gameDuration value='1941'/>

	<player>
		<unitScore value='17850'/>
		<killScore value='30850'/>
		<buildingScore value='4250'/>
		<razingScore value='6420'/>
		<mineralScore value='33678'/>
		<gasScore value='2504'/>
		<totalScore value='95552'/>
	</player>

	<enemy>
		<race value='Zerg'/>
		<unitScore value='13900'/>
		<unitScore value='13900'/>
		<killScore value='12400'/>
		<buildingScore value='2140'/>
		<razingScore value='0'/>
		<mineralScore value='13362'/>
		<gasScore value='4208'/>
		<totalScore value='46010'/>
	</enemy>

	<scoreRatio value='2.07677'/>
	<timeFitness value='0.730417'/>
	<unitsAverage value='118'/>
</results>
