<results>
	<result value='win'/>
	<start value='2015-05-11.03:05:14'/>
	<end value='2015-05-11.03:05:42'/>
	<frames value='25329'/>
	<gameDuration value='1583'/>

	<player>
		<unitScore value='16000'/>
		<killScore value='24200'/>
		<buildingScore value='3625'/>
		<razingScore value='4680'/>
		<mineralScore value='20798'/>
		<gasScore value='2232'/>
		<totalScore value='71535'/>
	</player>

	<enemy>
		<race value='Zerg'/>
		<unitScore value='10475'/>
		<unitScore value='10475'/>
		<killScore value='12400'/>
		<buildingScore value='1560'/>
		<razingScore value='0'/>
		<mineralScore value='9650'/>
		<gasScore value='2968'/>
		<totalScore value='37053'/>
	</enemy>

	<scoreRatio value='1.93061'/>
	<timeFitness value='0.780139'/>
	<unitsAverage value='86'/>
</results>
