<results>
	<result value='win'/>
	<start value='2015-05-09.07:27:54'/>
	<end value='2015-05-09.07:28:07'/>
	<frames value='20090'/>
	<gameDuration value='1255'/>

	<player>
		<unitScore value='10000'/>
		<killScore value='13500'/>
		<buildingScore value='3225'/>
		<razingScore value='4350'/>
		<mineralScore value='16522'/>
		<gasScore value='1664'/>
		<totalScore value='49261'/>
	</player>

	<enemy>
		<race value='Terran'/>
		<unitScore value='7125'/>
		<unitScore value='7125'/>
		<killScore value='5400'/>
		<buildingScore value='1450'/>
		<razingScore value='0'/>
		<mineralScore value='9426'/>
		<gasScore value='2616'/>
		<totalScore value='26017'/>
	</enemy>

	<scoreRatio value='1.89342'/>
	<timeFitness value='0.825694'/>
	<unitsAverage value='68'/>
</results>
