<results>
	<result value='win'/>
	<start value='2015-05-10.06:44:09'/>
	<end value='2015-05-10.06:44:54'/>
	<frames value='37047'/>
	<gameDuration value='2315'/>

	<player>
		<unitScore value='19350'/>
		<killScore value='38050'/>
		<buildingScore value='3975'/>
		<razingScore value='19650'/>
		<mineralScore value='36030'/>
		<gasScore value='4520'/>
		<totalScore value='121575'/>
	</player>

	<enemy>
		<race value='Protoss'/>
		<unitScore value='20375'/>
		<unitScore value='20375'/>
		<killScore value='20100'/>
		<buildingScore value='6550'/>
		<razingScore value='0'/>
		<mineralScore value='19930'/>
		<gasScore value='6424'/>
		<totalScore value='73379'/>
	</enemy>

	<scoreRatio value='1.65681'/>
	<timeFitness value='0.678472'/>
	<unitsAverage value='107'/>
</results>
