<results>
	<result value='loss'/>
	<start value='2015-05-10.06:49:18'/>
	<end value='2015-05-10.06:49:37'/>
	<frames value='31250'/>
	<gameDuration value='1953'/>

	<player>
		<unitScore value='7375'/>
		<killScore value='5100'/>
		<buildingScore value='2450'/>
		<razingScore value='300'/>
		<mineralScore value='9230'/>
		<gasScore value='1368'/>
		<totalScore value='25823'/>
	</player>

	<enemy>
		<race value='Protoss'/>
		<unitScore value='15275'/>
		<unitScore value='15275'/>
		<killScore value='14750'/>
		<buildingScore value='6975'/>
		<razingScore value='7350'/>
		<mineralScore value='19590'/>
		<gasScore value='7624'/>
		<totalScore value='71564'/>
	</enemy>

	<scoreRatio value='0.360838'/>
	<timeFitness value='0.27125'/>
	<unitsAverage value='28'/>
</results>
