<results>
	<result value='loss'/>
	<start value='2015-05-09.14:40:15'/>
	<end value='2015-05-09.14:40:55'/>
	<frames value='44208'/>
	<gameDuration value='2763'/>

	<player>
		<unitScore value='20975'/>
		<killScore value='25550'/>
		<buildingScore value='2475'/>
		<razingScore value='0'/>
		<mineralScore value='23390'/>
		<gasScore value='4040'/>
		<totalScore value='76430'/>
	</player>

	<enemy>
		<race value='Protoss'/>
		<unitScore value='34045'/>
		<unitScore value='34045'/>
		<killScore value='41700'/>
		<buildingScore value='7925'/>
		<razingScore value='7425'/>
		<mineralScore value='30526'/>
		<gasScore value='13728'/>
		<totalScore value='135349'/>
	</enemy>

	<scoreRatio value='0.564688'/>
	<timeFitness value='0.38375'/>
	<unitsAverage value='73'/>
</results>
