<results>
	<result value='loss'/>
	<start value='2015-05-09.14:53:28'/>
	<end value='2015-05-09.14:54:45'/>
	<frames value='49602'/>
	<gameDuration value='3100'/>

	<player>
		<unitScore value='23650'/>
		<killScore value='40350'/>
		<buildingScore value='2725'/>
		<razingScore value='0'/>
		<mineralScore value='23986'/>
		<gasScore value='4936'/>
		<totalScore value='95647'/>
	</player>

	<enemy>
		<race value='Protoss'/>
		<unitScore value='43800'/>
		<unitScore value='43800'/>
		<killScore value='47300'/>
		<buildingScore value='8025'/>
		<razingScore value='8175'/>
		<mineralScore value='34382'/>
		<gasScore value='15172'/>
		<totalScore value='156854'/>
	</enemy>

	<scoreRatio value='0.609784'/>
	<timeFitness value='0.430556'/>
	<unitsAverage value='116'/>
</results>
