<results>
	<result value='loss'/>
	<start value='2015-05-09.14:56:11'/>
	<end value='2015-05-09.14:57:23'/>
	<frames value='56856'/>
	<gameDuration value='3553'/>

	<player>
		<unitScore value='27350'/>
		<killScore value='42050'/>
		<buildingScore value='3725'/>
		<razingScore value='5700'/>
		<mineralScore value='29470'/>
		<gasScore value='5340'/>
		<totalScore value='113635'/>
	</player>

	<enemy>
		<race value='Protoss'/>
		<unitScore value='34875'/>
		<unitScore value='34875'/>
		<killScore value='54700'/>
		<buildingScore value='7875'/>
		<razingScore value='11175'/>
		<mineralScore value='33262'/>
		<gasScore value='10726'/>
		<totalScore value='152613'/>
	</enemy>

	<scoreRatio value='0.744596'/>
	<timeFitness value='0.493472'/>
	<unitsAverage value='104'/>
</results>
