<results>
	<result value='loss'/>
	<start value='2015-05-09.14:58:23'/>
	<end value='2015-05-09.14:58:37'/>
	<frames value='27406'/>
	<gameDuration value='1712'/>

	<player>
		<unitScore value='3125'/>
		<killScore value='2400'/>
		<buildingScore value='1900'/>
		<razingScore value='0'/>
		<mineralScore value='4898'/>
		<gasScore value='1320'/>
		<totalScore value='13643'/>
	</player>

	<enemy>
		<race value='Protoss'/>
		<unitScore value='11850'/>
		<unitScore value='11850'/>
		<killScore value='6500'/>
		<buildingScore value='6925'/>
		<razingScore value='5700'/>
		<mineralScore value='16842'/>
		<gasScore value='6096'/>
		<totalScore value='53913'/>
	</enemy>

	<scoreRatio value='0.253056'/>
	<timeFitness value='0.237778'/>
	<unitsAverage value='19'/>
</results>
