<results>
	<result value='win'/>
	<start value='2015-04-12.22:47:32'/>
	<end value='2015-04-12.22:48:03'/>
	<frames value='30940'/>
	<gameDuration value='1933'/>

	<player>
		<unitScore value='19325'/>
		<killScore value='25650'/>
		<buildingScore value='3200'/>
		<razingScore value='17550'/>
		<mineralScore value='26918'/>
		<gasScore value='3544'/>
		<totalScore value='96187'/>
	</player>

	<enemy>
		<race value='Protoss'/>
		<unitScore value='12825'/>
		<unitScore value='12825'/>
		<killScore value='18150'/>
		<buildingScore value='5850'/>
		<razingScore value='0'/>
		<mineralScore value='23058'/>
		<gasScore value='3728'/>
		<totalScore value='63611'/>
	</enemy>

	<scoreRatio value='1.51211'/>
</results>
