<results>
	<result value='win'/>
	<start value='2015-04-30.09:43:47'/>
	<end value='2015-04-30.09:44:16'/>
	<frames value='26538'/>
	<gameDuration value='1658'/>

	<player>
		<unitScore value='11575'/>
		<killScore value='21650'/>
		<buildingScore value='4650'/>
		<razingScore value='8550'/>
		<mineralScore value='20834'/>
		<gasScore value='2960'/>
		<totalScore value='70219'/>
	</player>

	<enemy>
		<race value='Terran'/>
		<unitScore value='10825'/>
		<unitScore value='10825'/>
		<killScore value='5650'/>
		<buildingScore value='2850'/>
		<razingScore value='1575'/>
		<mineralScore value='10818'/>
		<gasScore value='4112'/>
		<totalScore value='35830'/>
	</enemy>

	<scoreRatio value='1.95978'/>
	<timeFitness value='0.769722'/>
	<unitsAverage value='83'/>
</results>
