<results>
	<result value='win'/>
	<start value='2015-04-30.09:44:19'/>
	<end value='2015-04-30.09:44:43'/>
	<frames value='23624'/>
	<gameDuration value='1476'/>

	<player>
		<unitScore value='11300'/>
		<killScore value='17900'/>
		<buildingScore value='3500'/>
		<razingScore value='6900'/>
		<mineralScore value='16850'/>
		<gasScore value='2272'/>
		<totalScore value='58722'/>
	</player>

	<enemy>
		<race value='Terran'/>
		<unitScore value='8950'/>
		<unitScore value='8950'/>
		<killScore value='6250'/>
		<buildingScore value='2300'/>
		<razingScore value='150'/>
		<mineralScore value='10306'/>
		<gasScore value='3368'/>
		<totalScore value='31324'/>
	</enemy>

	<scoreRatio value='1.87466'/>
	<timeFitness value='0.795'/>
	<unitsAverage value='70'/>
</results>
