<results>
	<result value='win'/>
	<start value='2015-04-30.09:44:46'/>
	<end value='2015-04-30.09:45:31'/>
	<frames value='32707'/>
	<gameDuration value='2044'/>

	<player>
		<unitScore value='19325'/>
		<killScore value='33100'/>
		<buildingScore value='4225'/>
		<razingScore value='11925'/>
		<mineralScore value='28098'/>
		<gasScore value='4136'/>
		<totalScore value='100809'/>
	</player>

	<enemy>
		<race value='Terran'/>
		<unitScore value='19550'/>
		<unitScore value='19550'/>
		<killScore value='15500'/>
		<buildingScore value='3975'/>
		<razingScore value='750'/>
		<mineralScore value='15418'/>
		<gasScore value='7926'/>
		<totalScore value='63119'/>
	</enemy>

	<scoreRatio value='1.59713'/>
	<timeFitness value='0.716111'/>
	<unitsAverage value='105'/>
</results>
