<results>
	<result value='win'/>
	<start value='2015-04-30.09:55:08'/>
	<end value='2015-04-30.09:55:29'/>
	<frames value='24678'/>
	<gameDuration value='1542'/>

	<player>
		<unitScore value='9825'/>
		<killScore value='14650'/>
		<buildingScore value='3150'/>
		<razingScore value='7050'/>
		<mineralScore value='14018'/>
		<gasScore value='2864'/>
		<totalScore value='51557'/>
	</player>

	<enemy>
		<race value='Terran'/>
		<unitScore value='7325'/>
		<unitScore value='7325'/>
		<killScore value='8300'/>
		<buildingScore value='2350'/>
		<razingScore value='3075'/>
		<mineralScore value='8714'/>
		<gasScore value='2600'/>
		<totalScore value='32364'/>
	</enemy>

	<scoreRatio value='1.59304'/>
	<timeFitness value='0.785833'/>
	<unitsAverage value='59'/>
</results>
