<results>
	<result value='win'/>
	<start value='2014-07-07.14:14:31'/>
	<end value='2014-07-07.14:15:16'/>
	<frames value='48362'/>
	<gameDuration value='3022'/>

	<player>
		<unitScore value='26875'/>
		<killScore value='39000'/>
		<buildingScore value='4525'/>
		<razingScore value='18075'/>
		<mineralScore value='38854'/>
		<gasScore value='5202'/>
		<totalScore value='132531'/>
	</player>

	<enemy>
		<race value='Protoss'/>
		<unitScore value='20900'/>
		<unitScore value='20900'/>
		<killScore value='34800'/>
		<buildingScore value='6025'/>
		<razingScore value='2025'/>
		<mineralScore value='19590'/>
		<gasScore value='8150'/>
		<totalScore value='91490'/>
	</enemy>

	<scoreRatio value='1.44858'/>
</results>
