<results>
	<result value='loss'/>
	<start value='2014-07-07.14:16:03'/>
	<end value='2014-07-07.14:16:35'/>
	<frames value='39558'/>
	<gameDuration value='2472'/>

	<player>
		<unitScore value='13250'/>
		<killScore value='24200'/>
		<buildingScore value='2525'/>
		<razingScore value='0'/>
		<mineralScore value='18386'/>
		<gasScore value='2368'/>
		<totalScore value='60729'/>
	</player>

	<enemy>
		<race value='Protoss'/>
		<unitScore value='27700'/>
		<unitScore value='27700'/>
		<killScore value='26500'/>
		<buildingScore value='7675'/>
		<razingScore value='7575'/>
		<mineralScore value='27786'/>
		<gasScore value='10622'/>
		<totalScore value='107858'/>
	</enemy>

	<scoreRatio value='0.563046'/>
</results>
