<results>
	<result value='loss'/>
	<start value='2014-07-07.14:24:25'/>
	<end value='2014-07-07.14:24:57'/>
	<frames value='39434'/>
	<gameDuration value='2464'/>

	<player>
		<unitScore value='17675'/>
		<killScore value='20150'/>
		<buildingScore value='3650'/>
		<razingScore value='300'/>
		<mineralScore value='19678'/>
		<gasScore value='2584'/>
		<totalScore value='64037'/>
	</player>

	<enemy>
		<race value='Protoss'/>
		<unitScore value='26425'/>
		<unitScore value='26425'/>
		<killScore value='35350'/>
		<buildingScore value='7125'/>
		<razingScore value='10950'/>
		<mineralScore value='27530'/>
		<gasScore value='10288'/>
		<totalScore value='117668'/>
	</enemy>

	<scoreRatio value='0.544218'/>
</results>
