<results>
	<result value='win'/>
	<start value='2014-07-07.14:26:54'/>
	<end value='2014-07-07.14:27:18'/>
	<frames value='28832'/>
	<gameDuration value='1802'/>

	<player>
		<unitScore value='15875'/>
		<killScore value='20300'/>
		<buildingScore value='3475'/>
		<razingScore value='17475'/>
		<mineralScore value='25622'/>
		<gasScore value='2360'/>
		<totalScore value='85107'/>
	</player>

	<enemy>
		<race value='Protoss'/>
		<unitScore value='10150'/>
		<unitScore value='10150'/>
		<killScore value='12250'/>
		<buildingScore value='5825'/>
		<razingScore value='150'/>
		<mineralScore value='13594'/>
		<gasScore value='4072'/>
		<totalScore value='46041'/>
	</enemy>

	<scoreRatio value='1.8485'/>
</results>
