<results>
	<result value='loss'/>
	<start value='2014-07-07.14:27:45'/>
	<end value='2014-07-07.14:27:56'/>
	<frames value='23221'/>
	<gameDuration value='1451'/>

	<player>
		<unitScore value='6800'/>
		<killScore value='6300'/>
		<buildingScore value='2400'/>
		<razingScore value='0'/>
		<mineralScore value='9570'/>
		<gasScore value='0'/>
		<totalScore value='25070'/>
	</player>

	<enemy>
		<race value='Protoss'/>
		<unitScore value='7725'/>
		<unitScore value='7725'/>
		<killScore value='13600'/>
		<buildingScore value='4475'/>
		<razingScore value='7200'/>
		<mineralScore value='12446'/>
		<gasScore value='3264'/>
		<totalScore value='48710'/>
	</enemy>

	<scoreRatio value='0.514679'/>
</results>
