<results>
	<result value='loss'/>
	<start value='2014-07-07.14:34:38'/>
	<end value='2014-07-07.14:34:44'/>
	<frames value='14789'/>
	<gameDuration value='924'/>

	<player>
		<unitScore value='2350'/>
		<killScore value='1000'/>
		<buildingScore value='1450'/>
		<razingScore value='0'/>
		<mineralScore value='3826'/>
		<gasScore value='536'/>
		<totalScore value='9162'/>
	</player>

	<enemy>
		<race value='Protoss'/>
		<unitScore value='3550'/>
		<unitScore value='3550'/>
		<killScore value='4700'/>
		<buildingScore value='2425'/>
		<razingScore value='4350'/>
		<mineralScore value='7490'/>
		<gasScore value='1272'/>
		<totalScore value='23787'/>
	</enemy>

	<scoreRatio value='0.385168'/>
</results>
