<results>
	<result value='loss'/>
	<start value='2015-05-10.15:33:16'/>
	<end value='2015-05-10.15:33:26'/>
	<frames value='18726'/>
	<gameDuration value='1170'/>

	<player>
		<unitScore value='4475'/>
		<killScore value='3200'/>
		<buildingScore value='1125'/>
		<razingScore value='0'/>
		<mineralScore value='5834'/>
		<gasScore value='992'/>
		<totalScore value='15626'/>
	</player>

	<enemy>
		<race value='Protoss'/>
		<unitScore value='5700'/>
		<unitScore value='5700'/>
		<killScore value='8950'/>
		<buildingScore value='4425'/>
		<razingScore value='3375'/>
		<mineralScore value='10482'/>
		<gasScore value='2072'/>
		<totalScore value='35004'/>
	</enemy>

	<scoreRatio value='0.446406'/>
	<timeFitness value='0.1625'/>
	<unitsAverage value='28'/>
</results>
