<results>
	<result value='loss'/>
	<start value='2015-05-10.15:40:52'/>
	<end value='2015-05-10.15:41:25'/>
	<frames value='45603'/>
	<gameDuration value='2850'/>

	<player>
		<unitScore value='21825'/>
		<killScore value='27100'/>
		<buildingScore value='2550'/>
		<razingScore value='600'/>
		<mineralScore value='23366'/>
		<gasScore value='3552'/>
		<totalScore value='78993'/>
	</player>

	<enemy>
		<race value='Protoss'/>
		<unitScore value='33250'/>
		<unitScore value='33250'/>
		<killScore value='43900'/>
		<buildingScore value='7875'/>
		<razingScore value='7650'/>
		<mineralScore value='32174'/>
		<gasScore value='11450'/>
		<totalScore value='136299'/>
	</enemy>

	<scoreRatio value='0.579557'/>
	<timeFitness value='0.395833'/>
	<unitsAverage value='62'/>
</results>
