<results>
	<result value='loss'/>
	<start value='2015-05-10.15:43:00'/>
	<end value='2015-05-10.15:43:36'/>
	<frames value='46967'/>
	<gameDuration value='2935'/>

	<player>
		<unitScore value='19175'/>
		<killScore value='22600'/>
		<buildingScore value='2500'/>
		<razingScore value='5475'/>
		<mineralScore value='21106'/>
		<gasScore value='3664'/>
		<totalScore value='74520'/>
	</player>

	<enemy>
		<race value='Protoss'/>
		<unitScore value='29925'/>
		<unitScore value='29925'/>
		<killScore value='38450'/>
		<buildingScore value='10350'/>
		<razingScore value='7500'/>
		<mineralScore value='32018'/>
		<gasScore value='11268'/>
		<totalScore value='129511'/>
	</enemy>

	<scoreRatio value='0.575395'/>
	<timeFitness value='0.407639'/>
	<unitsAverage value='69'/>
</results>
