<results>
	<result value='win'/>
	<start value='2015-05-10.04:14:55'/>
	<end value='2015-05-10.04:16:32'/>
	<frames value='42100'/>
	<gameDuration value='2631'/>

	<player>
		<unitScore value='30225'/>
		<killScore value='42950'/>
		<buildingScore value='3850'/>
		<razingScore value='18975'/>
		<mineralScore value='34574'/>
		<gasScore value='2896'/>
		<totalScore value='133470'/>
	</player>

	<enemy>
		<race value='Protoss'/>
		<unitScore value='22625'/>
		<unitScore value='22625'/>
		<killScore value='37900'/>
		<buildingScore value='6325'/>
		<razingScore value='150'/>
		<mineralScore value='22018'/>
		<gasScore value='9664'/>
		<totalScore value='98682'/>
	</enemy>

	<scoreRatio value='1.35253'/>
	<timeFitness value='0.634583'/>
	<unitsAverage value='125'/>
</results>
