<results>
	<result value='win'/>
	<start value='2015-04-13.05:09:27'/>
	<end value='2015-04-13.05:10:19'/>
	<frames value='29359'/>
	<gameDuration value='1834'/>

	<player>
		<unitScore value='16975'/>
		<killScore value='22700'/>
		<buildingScore value='3100'/>
		<razingScore value='14925'/>
		<mineralScore value='20714'/>
		<gasScore value='3368'/>
		<totalScore value='81782'/>
	</player>

	<enemy>
		<race value='Protoss'/>
		<unitScore value='12500'/>
		<unitScore value='12500'/>
		<killScore value='15750'/>
		<buildingScore value='4975'/>
		<razingScore value='0'/>
		<mineralScore value='13586'/>
		<gasScore value='4432'/>
		<totalScore value='51243'/>
	</enemy>

	<scoreRatio value='1.59596'/>
</results>
