<results>
	<result value='win'/>
	<start value='2015-04-13.05:18:06'/>
	<end value='2015-04-13.05:19:41'/>
	<frames value='39868'/>
	<gameDuration value='2491'/>

	<player>
		<unitScore value='27725'/>
		<killScore value='41850'/>
		<buildingScore value='3875'/>
		<razingScore value='18825'/>
		<mineralScore value='32390'/>
		<gasScore value='3984'/>
		<totalScore value='128649'/>
	</player>

	<enemy>
		<race value='Protoss'/>
		<unitScore value='23200'/>
		<unitScore value='23200'/>
		<killScore value='31900'/>
		<buildingScore value='6275'/>
		<razingScore value='150'/>
		<mineralScore value='22602'/>
		<gasScore value='8400'/>
		<totalScore value='92527'/>
	</enemy>

	<scoreRatio value='1.39039'/>
</results>
