<results>
	<result value='win'/>
	<start value='2015-04-13.05:21:20'/>
	<end value='2015-04-13.05:23:00'/>
	<frames value='39744'/>
	<gameDuration value='2484'/>

	<player>
		<unitScore value='29125'/>
		<killScore value='42500'/>
		<buildingScore value='4100'/>
		<razingScore value='17775'/>
		<mineralScore value='36718'/>
		<gasScore value='4464'/>
		<totalScore value='134682'/>
	</player>

	<enemy>
		<race value='Protoss'/>
		<unitScore value='24625'/>
		<unitScore value='24625'/>
		<killScore value='34800'/>
		<buildingScore value='5925'/>
		<razingScore value='150'/>
		<mineralScore value='17370'/>
		<gasScore value='8270'/>
		<totalScore value='91140'/>
	</enemy>

	<scoreRatio value='1.47775'/>
</results>
