<results>
	<result value='win'/>
	<start value='2015-04-14.02:25:11'/>
	<end value='2015-04-14.02:26:04'/>
	<frames value='33265'/>
	<gameDuration value='2079'/>

	<player>
		<unitScore value='17975'/>
		<killScore value='23350'/>
		<buildingScore value='3700'/>
		<razingScore value='19275'/>
		<mineralScore value='21698'/>
		<gasScore value='3720'/>
		<totalScore value='89718'/>
	</player>

	<enemy>
		<race value='Protoss'/>
		<unitScore value='12825'/>
		<unitScore value='12825'/>
		<killScore value='16200'/>
		<buildingScore value='6425'/>
		<razingScore value='375'/>
		<mineralScore value='17250'/>
		<gasScore value='5000'/>
		<totalScore value='58075'/>
	</enemy>

	<scoreRatio value='1.54486'/>
</results>
