<results>
	<result value='win'/>
	<start value='2015-04-14.02:26:08'/>
	<end value='2015-04-14.02:27:12'/>
	<frames value='35249'/>
	<gameDuration value='2203'/>

	<player>
		<unitScore value='21300'/>
		<killScore value='20150'/>
		<buildingScore value='4375'/>
		<razingScore value='19125'/>
		<mineralScore value='25930'/>
		<gasScore value='2888'/>
		<totalScore value='93768'/>
	</player>

	<enemy>
		<race value='Protoss'/>
		<unitScore value='10075'/>
		<unitScore value='10075'/>
		<killScore value='19050'/>
		<buildingScore value='6375'/>
		<razingScore value='1350'/>
		<mineralScore value='17506'/>
		<gasScore value='4848'/>
		<totalScore value='59204'/>
	</enemy>

	<scoreRatio value='1.58381'/>
</results>
