<results>
	<result value='loss'/>
	<start value='2015-05-08.22:33:16'/>
	<end value='2015-05-08.22:33:28'/>
	<frames value='19284'/>
	<gameDuration value='1205'/>

	<player>
		<unitScore value='4125'/>
		<killScore value='2750'/>
		<buildingScore value='1950'/>
		<razingScore value='0'/>
		<mineralScore value='6138'/>
		<gasScore value='784'/>
		<totalScore value='15747'/>
	</player>

	<enemy>
		<race value='Terran'/>
		<unitScore value='7275'/>
		<unitScore value='7275'/>
		<killScore value='8250'/>
		<buildingScore value='2850'/>
		<razingScore value='5850'/>
		<mineralScore value='8922'/>
		<gasScore value='3232'/>
		<totalScore value='36379'/>
	</enemy>

	<scoreRatio value='0.43286'/>
	<timeFitness value='0.167361'/>
	<unitsAverage value='29'/>
</results>
