<results>
	<result value='win'/>
	<start value='2015-04-28.08:22:35'/>
	<end value='2015-04-28.08:23:36'/>
	<frames value='33327'/>
	<gameDuration value='2082'/>

	<player>
		<unitScore value='18800'/>
		<killScore value='20100'/>
		<buildingScore value='4125'/>
		<razingScore value='18600'/>
		<mineralScore value='28706'/>
		<gasScore value='3128'/>
		<totalScore value='93459'/>
	</player>

	<enemy>
		<race value='Protoss'/>
		<unitScore value='10050'/>
		<unitScore value='10050'/>
		<killScore value='13000'/>
		<buildingScore value='6200'/>
		<razingScore value='600'/>
		<mineralScore value='15194'/>
		<gasScore value='3976'/>
		<totalScore value='49020'/>
	</enemy>

	<scoreRatio value='1.90655'/>
</results>
