<results>
	<result value='win'/>
	<start value='2015-04-11.17:22:35'/>
	<end value='2015-04-11.17:23:08'/>
	<frames value='23872'/>
	<gameDuration value='1492'/>

	<player>
		<unitScore value='12125'/>
		<killScore value='11200'/>
		<buildingScore value='3375'/>
		<razingScore value='11250'/>
		<mineralScore value='16570'/>
		<gasScore value='1336'/>
		<totalScore value='55856'/>
	</player>

	<enemy>
		<race value='Protoss'/>
		<unitScore value='5650'/>
		<unitScore value='5650'/>
		<killScore value='9200'/>
		<buildingScore value='3750'/>
		<razingScore value='675'/>
		<mineralScore value='10834'/>
		<gasScore value='1488'/>
		<totalScore value='31597'/>
	</enemy>

	<scoreRatio value='1.76776'/>
</results>
