<results>
	<result value='loss'/>
	<start value='2015-05-04.16:35:53'/>
	<end value='2015-05-04.16:36:04'/>
	<frames value='18013'/>
	<gameDuration value='1125'/>

	<player>
		<unitScore value='3875'/>
		<killScore value='3050'/>
		<buildingScore value='1925'/>
		<razingScore value='0'/>
		<mineralScore value='6282'/>
		<gasScore value='600'/>
		<totalScore value='15732'/>
	</player>

	<enemy>
		<race value='Terran'/>
		<unitScore value='6400'/>
		<unitScore value='6400'/>
		<killScore value='7750'/>
		<buildingScore value='2700'/>
		<razingScore value='5775'/>
		<mineralScore value='8274'/>
		<gasScore value='2808'/>
		<totalScore value='33707'/>
	</enemy>

	<scoreRatio value='0.466728'/>
	<timeFitness value='0.15625'/>
	<unitsAverage value='27'/>
</results>
