<results>
	<result value='loss'/>
	<start value='2015-04-29.23:31:04'/>
	<end value='2015-04-29.23:31:58'/>
	<frames value='46130'/>
	<gameDuration value='2883'/>

	<player>
		<unitScore value='22850'/>
		<killScore value='31000'/>
		<buildingScore value='2400'/>
		<razingScore value='0'/>
		<mineralScore value='24074'/>
		<gasScore value='4328'/>
		<totalScore value='84652'/>
	</player>

	<enemy>
		<race value='Protoss'/>
		<unitScore value='33800'/>
		<unitScore value='33800'/>
		<killScore value='45700'/>
		<buildingScore value='7475'/>
		<razingScore value='7200'/>
		<mineralScore value='33482'/>
		<gasScore value='10602'/>
		<totalScore value='138259'/>
	</enemy>

	<scoreRatio value='0.612271'/>
</results>
