<results>
	<result value='win'/>
	<start value='2015-04-29.23:36:57'/>
	<end value='2015-04-29.23:38:02'/>
	<frames value='35404'/>
	<gameDuration value='2212'/>

	<player>
		<unitScore value='19975'/>
		<killScore value='18900'/>
		<buildingScore value='4025'/>
		<razingScore value='14025'/>
		<mineralScore value='34190'/>
		<gasScore value='5144'/>
		<totalScore value='96259'/>
	</player>

	<enemy>
		<race value='Protoss'/>
		<unitScore value='10150'/>
		<unitScore value='10150'/>
		<killScore value='16300'/>
		<buildingScore value='4675'/>
		<razingScore value='0'/>
		<mineralScore value='12230'/>
		<gasScore value='2816'/>
		<totalScore value='46171'/>
	</enemy>

	<scoreRatio value='2.08484'/>
</results>
