<results>
	<result value='loss'/>
	<start value='2015-05-10.04:39:08'/>
	<end value='2015-05-10.04:39:18'/>
	<frames value='14138'/>
	<gameDuration value='883'/>

	<player>
		<unitScore value='2950'/>
		<killScore value='200'/>
		<buildingScore value='1575'/>
		<razingScore value='0'/>
		<mineralScore value='4290'/>
		<gasScore value='768'/>
		<totalScore value='9783'/>
	</player>

	<enemy>
		<race value='Protoss'/>
		<unitScore value='3500'/>
		<unitScore value='3500'/>
		<killScore value='5900'/>
		<buildingScore value='2375'/>
		<razingScore value='4725'/>
		<mineralScore value='7162'/>
		<gasScore value='1192'/>
		<totalScore value='24854'/>
	</enemy>

	<scoreRatio value='0.393619'/>
	<timeFitness value='0.122639'/>
	<unitsAverage value='21'/>
</results>
