<results>
	<result value='draw'/>
	<start value='2015-04-09.18:57:05'/>
	<end value='2015-04-09.18:58:04'/>
	<frames value='57601'/>
	<gameDuration value='3600'/>

	<player>
		<unitScore value='34425'/>
		<killScore value='41900'/>
		<buildingScore value='4700'/>
		<razingScore value='20325'/>
		<mineralScore value='36698'/>
		<gasScore value='6088'/>
		<totalScore value='144136'/>
	</player>

	<enemy>
		<race value='Protoss'/>
		<unitScore value='22400'/>
		<unitScore value='22400'/>
		<killScore value='53700'/>
		<buildingScore value='8100'/>
		<razingScore value='4575'/>
		<mineralScore value='26166'/>
		<gasScore value='9900'/>
		<totalScore value='124841'/>
	</enemy>

	<scoreRatio value='1.15456'/>
</results>
