<results>
	<result value='draw'/>
	<start value='2015-04-09.19:15:48'/>
	<end value='2015-04-09.19:16:53'/>
	<frames value='57601'/>
	<gameDuration value='3600'/>

	<player>
		<unitScore value='36200'/>
		<killScore value='27850'/>
		<buildingScore value='4300'/>
		<razingScore value='15225'/>
		<mineralScore value='39202'/>
		<gasScore value='4568'/>
		<totalScore value='127345'/>
	</player>

	<enemy>
		<race value='Protoss'/>
		<unitScore value='15100'/>
		<unitScore value='15100'/>
		<killScore value='56650'/>
		<buildingScore value='6875'/>
		<razingScore value='1575'/>
		<mineralScore value='19394'/>
		<gasScore value='4592'/>
		<totalScore value='104186'/>
	</enemy>

	<scoreRatio value='1.22229'/>
</results>
