<results>
	<result value='loss'/>
	<start value='2015-04-11.10:54:16'/>
	<end value='2015-04-11.10:54:28'/>
	<frames value='14603'/>
	<gameDuration value='912'/>

	<player>
		<unitScore value='3000'/>
		<killScore value='800'/>
		<buildingScore value='1450'/>
		<razingScore value='0'/>
		<mineralScore value='4562'/>
		<gasScore value='440'/>
		<totalScore value='10252'/>
	</player>

	<enemy>
		<race value='Protoss'/>
		<unitScore value='3550'/>
		<unitScore value='3550'/>
		<killScore value='5900'/>
		<buildingScore value='2225'/>
		<razingScore value='4350'/>
		<mineralScore value='7506'/>
		<gasScore value='1168'/>
		<totalScore value='24699'/>
	</enemy>

	<scoreRatio value='0.415078'/>
</results>
