<results>
	<result value='win'/>
	<start value='2015-04-14.14:35:34'/>
	<end value='2015-04-14.14:35:51'/>
	<frames value='25763'/>
	<gameDuration value='1610'/>

	<player>
		<unitScore value='12250'/>
		<killScore value='10900'/>
		<buildingScore value='3675'/>
		<razingScore value='12075'/>
		<mineralScore value='17350'/>
		<gasScore value='2304'/>
		<totalScore value='58554'/>
	</player>

	<enemy>
		<race value='Protoss'/>
		<unitScore value='5700'/>
		<unitScore value='5700'/>
		<killScore value='9250'/>
		<buildingScore value='4025'/>
		<razingScore value='1350'/>
		<mineralScore value='13714'/>
		<gasScore value='1936'/>
		<totalScore value='35975'/>
	</enemy>

	<scoreRatio value='1.62763'/>
</results>
