<results>
	<result value='loss'/>
	<start value='2015-04-30.15:43:50'/>
	<end value='2015-04-30.15:43:56'/>
	<frames value='8527'/>
	<gameDuration value='532'/>

	<player>
		<unitScore value='950'/>
		<killScore value='100'/>
		<buildingScore value='800'/>
		<razingScore value='0'/>
		<mineralScore value='1578'/>
		<gasScore value='0'/>
		<totalScore value='3428'/>
	</player>

	<enemy>
		<race value='Zerg'/>
		<unitScore value='1400'/>
		<unitScore value='1400'/>
		<killScore value='1900'/>
		<buildingScore value='860'/>
		<razingScore value='2400'/>
		<mineralScore value='2418'/>
		<gasScore value='176'/>
		<totalScore value='9154'/>
	</enemy>

	<scoreRatio value='0.374481'/>
	<timeFitness value='0.0738889'/>
	<unitsAverage value='9'/>
</results>
