<results>
	<result value='win'/>
	<start value='2015-04-30.15:50:23'/>
	<end value='2015-04-30.15:50:53'/>
	<frames value='21733'/>
	<gameDuration value='1358'/>

	<player>
		<unitScore value='13325'/>
		<killScore value='19420'/>
		<buildingScore value='3500'/>
		<razingScore value='4800'/>
		<mineralScore value='18242'/>
		<gasScore value='1240'/>
		<totalScore value='60527'/>
	</player>

	<enemy>
		<race value='Zerg'/>
		<unitScore value='9050'/>
		<unitScore value='9050'/>
		<killScore value='11200'/>
		<buildingScore value='1600'/>
		<razingScore value='0'/>
		<mineralScore value='8434'/>
		<gasScore value='2744'/>
		<totalScore value='33028'/>
	</enemy>

	<scoreRatio value='1.8326'/>
	<timeFitness value='0.811389'/>
	<unitsAverage value='77'/>
</results>
