<results>
	<result value='win'/>
	<start value='2014-07-12.16:08:56'/>
	<end value='2014-07-12.16:09:06'/>
	<frames value='17548'/>
	<gameDuration value='1096'/>

	<player>
		<unitScore value='5950'/>
		<killScore value='1650'/>
		<buildingScore value='1975'/>
		<razingScore value='2220'/>
		<mineralScore value='7970'/>
		<gasScore value='1368'/>
		<totalScore value='21133'/>
	</player>

	<enemy>
		<race value='Zerg'/>
		<unitScore value='1200'/>
		<unitScore value='1200'/>
		<killScore value='1100'/>
		<buildingScore value='740'/>
		<razingScore value='0'/>
		<mineralScore value='5258'/>
		<gasScore value='536'/>
		<totalScore value='8834'/>
	</enemy>

	<scoreRatio value='2.39223'/>
</results>
