<results>
	<result value='win'/>
	<start value='2014-07-12.16:12:25'/>
	<end value='2014-07-12.16:12:51'/>
	<frames value='34815'/>
	<gameDuration value='2175'/>

	<player>
		<unitScore value='14800'/>
		<killScore value='40255'/>
		<buildingScore value='3650'/>
		<razingScore value='7950'/>
		<mineralScore value='21242'/>
		<gasScore value='3552'/>
		<totalScore value='91449'/>
	</player>

	<enemy>
		<race value='Zerg'/>
		<unitScore value='17550'/>
		<unitScore value='17550'/>
		<killScore value='21900'/>
		<buildingScore value='2650'/>
		<razingScore value='0'/>
		<mineralScore value='16406'/>
		<gasScore value='4680'/>
		<totalScore value='63186'/>
	</enemy>

	<scoreRatio value='1.4473'/>
</results>
