<results>
	<result value='win'/>
	<start value='2015-04-27.14:25:11'/>
	<end value='2015-04-27.14:25:44'/>
	<frames value='41790'/>
	<gameDuration value='2611'/>

	<player>
		<unitScore value='23925'/>
		<killScore value='28550'/>
		<buildingScore value='4650'/>
		<razingScore value='10500'/>
		<mineralScore value='29490'/>
		<gasScore value='4344'/>
		<totalScore value='101459'/>
	</player>

	<enemy>
		<race value='Terran'/>
		<unitScore value='16375'/>
		<unitScore value='16375'/>
		<killScore value='25950'/>
		<buildingScore value='3500'/>
		<razingScore value='1650'/>
		<mineralScore value='13562'/>
		<gasScore value='6368'/>
		<totalScore value='67405'/>
	</enemy>

	<scoreRatio value='1.50521'/>
</results>
