<results>
	<result value='loss'/>
	<start value='2015-04-28.16:27:09'/>
	<end value='2015-04-28.16:27:16'/>
	<frames value='15626'/>
	<gameDuration value='976'/>

	<player>
		<unitScore value='3150'/>
		<killScore value='1000'/>
		<buildingScore value='1350'/>
		<razingScore value='0'/>
		<mineralScore value='4922'/>
		<gasScore value='232'/>
		<totalScore value='10654'/>
	</player>

	<enemy>
		<race value='Protoss'/>
		<unitScore value='3550'/>
		<unitScore value='3550'/>
		<killScore value='5800'/>
		<buildingScore value='3025'/>
		<razingScore value='4050'/>
		<mineralScore value='7842'/>
		<gasScore value='1640'/>
		<totalScore value='25907'/>
	</enemy>

	<scoreRatio value='0.41124'/>
	<timeFitness value='0.135556'/>
	<unitsAverage value='21'/>
</results>
