<results>
	<result value='loss'/>
	<start value='2015-04-28.16:27:20'/>
	<end value='2015-04-28.16:27:27'/>
	<frames value='17455'/>
	<gameDuration value='1090'/>

	<player>
		<unitScore value='3500'/>
		<killScore value='1900'/>
		<buildingScore value='1625'/>
		<razingScore value='0'/>
		<mineralScore value='5106'/>
		<gasScore value='360'/>
		<totalScore value='12491'/>
	</player>

	<enemy>
		<race value='Protoss'/>
		<unitScore value='4250'/>
		<unitScore value='4250'/>
		<killScore value='5750'/>
		<buildingScore value='4125'/>
		<razingScore value='4875'/>
		<mineralScore value='9474'/>
		<gasScore value='1584'/>
		<totalScore value='30058'/>
	</enemy>

	<scoreRatio value='0.415563'/>
	<timeFitness value='0.151389'/>
	<unitsAverage value='25'/>
</results>
