<results>
	<result value='loss'/>
	<start value='2014-07-23.21:01:12'/>
	<end value='2014-07-23.21:01:22'/>
	<frames value='18664'/>
	<gameDuration value='1166'/>

	<player>
		<unitScore value='3800'/>
		<killScore value='1650'/>
		<buildingScore value='2000'/>
		<razingScore value='0'/>
		<mineralScore value='5754'/>
		<gasScore value='720'/>
		<totalScore value='13924'/>
	</player>

	<enemy>
		<race value='Terran'/>
		<unitScore value='7500'/>
		<unitScore value='7500'/>
		<killScore value='7600'/>
		<buildingScore value='2900'/>
		<razingScore value='6000'/>
		<mineralScore value='8562'/>
		<gasScore value='3072'/>
		<totalScore value='35634'/>
	</enemy>

	<scoreRatio value='0.39075'/>
</results>
