<results>
	<result value='loss'/>
	<start value='2015-07-19.15:34:01'/>
	<end value='2015-07-19.15:35:08'/>
	<frames value='36334'/>
	<gameDuration value='2270'/>

	<player>
		<unitScore value='17125'/>
		<killScore value='14450'/>
		<buildingScore value='4225'/>
		<razingScore value='1080'/>
		<mineralScore value='19406'/>
		<gasScore value='1912'/>
		<totalScore value='58198'/>
	</player>

	<enemy>
		<race value='Zerg'/>
		<unitScore value='20475'/>
		<killScore value='33200'/>
		<buildingScore value='5260'/>
		<razingScore value='12675'/>
		<mineralScore value='24050'/>
		<gasScore value='7810'/>
		<totalScore value='103470'/>
	</enemy>

	<scoreRatio value='0.562463'/>
	<timeFitness value='0.315278'/>
	<unitsAverage value='65'/>
</results>
