<results>
	<result value='loss'/>
	<start value='2015-07-19.16:17:41'/>
	<end value='2015-07-19.16:18:35'/>
	<frames value='28646'/>
	<gameDuration value='1790'/>

	<player>
		<unitScore value='14300'/>
		<killScore value='6500'/>
		<buildingScore value='3525'/>
		<razingScore value='0'/>
		<mineralScore value='16082'/>
		<gasScore value='2016'/>
		<totalScore value='42423'/>
	</player>

	<enemy>
		<race value='Zerg'/>
		<unitScore value='16325'/>
		<killScore value='22250'/>
		<buildingScore value='3445'/>
		<razingScore value='10575'/>
		<mineralScore value='17794'/>
		<gasScore value='5952'/>
		<totalScore value='76341'/>
	</enemy>

	<scoreRatio value='0.555704'/>
	<timeFitness value='0.248611'/>
	<unitsAverage value='67'/>
</results>
