<results>
	<result value='loss'/>
	<start value='2014-07-04.04:34:29'/>
	<end value='2014-07-04.04:34:40'/>
	<frames value='20121'/>
	<gameDuration value='1257'/>

	<player>
		<unitScore value='6800'/>
		<killScore value='3750'/>
		<buildingScore value='1650'/>
		<razingScore value='0'/>
		<mineralScore value='8426'/>
		<gasScore value='1352'/>
		<totalScore value='21978'/>
	</player>

	<enemy>
		<race value='Terran'/>
		<unitScore value='7900'/>
		<unitScore value='7900'/>
		<killScore value='13600'/>
		<buildingScore value='2850'/>
		<razingScore value='4950'/>
		<mineralScore value='9474'/>
		<gasScore value='3736'/>
		<totalScore value='42510'/>
	</enemy>

	<scoreRatio value='0.517008'/>
</results>
