<results>
	<result value='win'/>
	<start value='2014-07-04.04:37:22'/>
	<end value='2014-07-04.04:37:40'/>
	<frames value='24895'/>
	<gameDuration value='1555'/>

	<player>
		<unitScore value='10925'/>
		<killScore value='22300'/>
		<buildingScore value='3375'/>
		<razingScore value='8400'/>
		<mineralScore value='15410'/>
		<gasScore value='2016'/>
		<totalScore value='62426'/>
	</player>

	<enemy>
		<race value='Terran'/>
		<unitScore value='11150'/>
		<unitScore value='11150'/>
		<killScore value='8400'/>
		<buildingScore value='2800'/>
		<razingScore value='1875'/>
		<mineralScore value='11362'/>
		<gasScore value='4688'/>
		<totalScore value='40275'/>
	</enemy>

	<scoreRatio value='1.54999'/>
</results>
