<results>
	<result value='loss'/>
	<start value='2015-07-19.03:59:49'/>
	<end value='2015-07-19.04:02:00'/>
	<frames value='56205'/>
	<gameDuration value='3512'/>

	<player>
		<unitScore value='31825'/>
		<killScore value='32500'/>
		<buildingScore value='4150'/>
		<razingScore value='1950'/>
		<mineralScore value='31646'/>
		<gasScore value='3264'/>
		<totalScore value='105335'/>
	</player>

	<enemy>
		<race value='Protoss'/>
		<unitScore value='34780'/>
		<killScore value='63650'/>
		<buildingScore value='8075'/>
		<razingScore value='12450'/>
		<mineralScore value='31318'/>
		<gasScore value='12910'/>
		<totalScore value='163183'/>
	</enemy>

	<scoreRatio value='0.645502'/>
	<timeFitness value='0.487778'/>
	<unitsAverage value='107'/>
</results>
