<results>
	<result value='loss'/>
	<start value='2015-07-19.04:16:15'/>
	<end value='2015-07-19.04:16:26'/>
	<frames value='15440'/>
	<gameDuration value='965'/>

	<player>
		<unitScore value='2975'/>
		<killScore value='700'/>
		<buildingScore value='1725'/>
		<razingScore value='0'/>
		<mineralScore value='4314'/>
		<gasScore value='824'/>
		<totalScore value='10538'/>
	</player>

	<enemy>
		<race value='Protoss'/>
		<unitScore value='3550'/>
		<killScore value='5850'/>
		<buildingScore value='3075'/>
		<razingScore value='5175'/>
		<mineralScore value='7834'/>
		<gasScore value='1648'/>
		<totalScore value='27132'/>
	</enemy>

	<scoreRatio value='0.388397'/>
	<timeFitness value='0.134028'/>
	<unitsAverage value='23'/>
</results>
