<results>
	<result value='loss'/>
	<start value='2015-07-19.04:33:48'/>
	<end value='2015-07-19.04:35:09'/>
	<frames value='41573'/>
	<gameDuration value='2598'/>

	<player>
		<unitScore value='23750'/>
		<killScore value='16300'/>
		<buildingScore value='3050'/>
		<razingScore value='750'/>
		<mineralScore value='21946'/>
		<gasScore value='3760'/>
		<totalScore value='69556'/>
	</player>

	<enemy>
		<race value='Protoss'/>
		<unitScore value='28700'/>
		<killScore value='44350'/>
		<buildingScore value='8575'/>
		<razingScore value='9000'/>
		<mineralScore value='29818'/>
		<gasScore value='11226'/>
		<totalScore value='131669'/>
	</enemy>

	<scoreRatio value='0.528264'/>
	<timeFitness value='0.360833'/>
	<unitsAverage value='96'/>
</results>
