<results>
	<result value='win'/>
	<start value='2015-04-16.17:57:48'/>
	<end value='2015-04-16.18:00:29'/>
	<frames value='45913'/>
	<gameDuration value='2869'/>

	<player>
		<unitScore value='23525'/>
		<killScore value='26950'/>
		<buildingScore value='4300'/>
		<razingScore value='17100'/>
		<mineralScore value='38298'/>
		<gasScore value='4728'/>
		<totalScore value='114901'/>
	</player>

	<enemy>
		<race value='Protoss'/>
		<unitScore value='13675'/>
		<unitScore value='13675'/>
		<killScore value='22100'/>
		<buildingScore value='5700'/>
		<razingScore value='375'/>
		<mineralScore value='20242'/>
		<gasScore value='8544'/>
		<totalScore value='70636'/>
	</enemy>

	<scoreRatio value='1.62666'/>
</results>
