<results>
	<result value='win'/>
	<start value='2015-05-10.05:22:20'/>
	<end value='2015-05-10.05:22:39'/>
	<frames value='22725'/>
	<gameDuration value='1420'/>

	<player>
		<unitScore value='12500'/>
		<killScore value='22040'/>
		<buildingScore value='2875'/>
		<razingScore value='4560'/>
		<mineralScore value='15746'/>
		<gasScore value='2200'/>
		<totalScore value='59921'/>
	</player>

	<enemy>
		<race value='Zerg'/>
		<unitScore value='9800'/>
		<unitScore value='9800'/>
		<killScore value='11750'/>
		<buildingScore value='1520'/>
		<razingScore value='0'/>
		<mineralScore value='8978'/>
		<gasScore value='2256'/>
		<totalScore value='34304'/>
	</enemy>

	<scoreRatio value='1.74676'/>
	<timeFitness value='0.802778'/>
	<unitsAverage value='65'/>
</results>
