<results>
	<result value='win'/>
	<start value='2015-05-10.05:31:47'/>
	<end value='2015-05-10.05:32:08'/>
	<frames value='24244'/>
	<gameDuration value='1515'/>

	<player>
		<unitScore value='12750'/>
		<killScore value='22605'/>
		<buildingScore value='3000'/>
		<razingScore value='6135'/>
		<mineralScore value='17142'/>
		<gasScore value='2592'/>
		<totalScore value='64224'/>
	</player>

	<enemy>
		<race value='Zerg'/>
		<unitScore value='10425'/>
		<unitScore value='10425'/>
		<killScore value='11700'/>
		<buildingScore value='2045'/>
		<razingScore value='0'/>
		<mineralScore value='10698'/>
		<gasScore value='3312'/>
		<totalScore value='38180'/>
	</enemy>

	<scoreRatio value='1.68214'/>
	<timeFitness value='0.789583'/>
	<unitsAverage value='70'/>
</results>
