<results>
	<result value='win'/>
	<start value='2014-07-11.21:43:32'/>
	<end value='2014-07-11.21:43:51'/>
	<frames value='23066'/>
	<gameDuration value='1441'/>

	<player>
		<unitScore value='13675'/>
		<killScore value='21150'/>
		<buildingScore value='3850'/>
		<razingScore value='3900'/>
		<mineralScore value='20718'/>
		<gasScore value='1880'/>
		<totalScore value='65173'/>
	</player>

	<enemy>
		<race value='Zerg'/>
		<unitScore value='9225'/>
		<unitScore value='9225'/>
		<killScore value='9800'/>
		<buildingScore value='1300'/>
		<razingScore value='0'/>
		<mineralScore value='8962'/>
		<gasScore value='2456'/>
		<totalScore value='31743'/>
	</enemy>

	<scoreRatio value='2.05315'/>
</results>
