<results>
	<result value='win'/>
	<start value='2014-07-11.21:45:43'/>
	<end value='2014-07-11.21:47:03'/>
	<frames value='54097'/>
	<gameDuration value='3381'/>

	<player>
		<unitScore value='30425'/>
		<killScore value='66290'/>
		<buildingScore value='5075'/>
		<razingScore value='12330'/>
		<mineralScore value='34806'/>
		<gasScore value='6850'/>
		<totalScore value='155776'/>
	</player>

	<enemy>
		<race value='Zerg'/>
		<unitScore value='30725'/>
		<unitScore value='30725'/>
		<killScore value='45200'/>
		<buildingScore value='4110'/>
		<razingScore value='1800'/>
		<mineralScore value='26578'/>
		<gasScore value='10376'/>
		<totalScore value='118789'/>
	</enemy>

	<scoreRatio value='1.31137'/>
</results>
