<results>
	<result value='loss'/>
	<start value='2015-05-01.01:15:40'/>
	<end value='2015-05-01.01:16:56'/>
	<frames value='54686'/>
	<gameDuration value='3417'/>

	<player>
		<unitScore value='28975'/>
		<killScore value='47100'/>
		<buildingScore value='3700'/>
		<razingScore value='900'/>
		<mineralScore value='31494'/>
		<gasScore value='6888'/>
		<totalScore value='119057'/>
	</player>

	<enemy>
		<race value='Protoss'/>
		<unitScore value='37625'/>
		<unitScore value='37625'/>
		<killScore value='58150'/>
		<buildingScore value='6325'/>
		<razingScore value='11100'/>
		<mineralScore value='31186'/>
		<gasScore value='11276'/>
		<totalScore value='155662'/>
	</enemy>

	<scoreRatio value='0.764843'/>
</results>
