<results>
	<result value='loss'/>
	<start value='2015-05-01.01:31:59'/>
	<end value='2015-05-01.01:33:02'/>
	<frames value='50377'/>
	<gameDuration value='3148'/>

	<player>
		<unitScore value='21650'/>
		<killScore value='35500'/>
		<buildingScore value='2700'/>
		<razingScore value='2550'/>
		<mineralScore value='24042'/>
		<gasScore value='5022'/>
		<totalScore value='91464'/>
	</player>

	<enemy>
		<race value='Protoss'/>
		<unitScore value='39175'/>
		<unitScore value='39175'/>
		<killScore value='43400'/>
		<buildingScore value='8375'/>
		<razingScore value='8100'/>
		<mineralScore value='35126'/>
		<gasScore value='12130'/>
		<totalScore value='146306'/>
	</enemy>

	<scoreRatio value='0.625156'/>
</results>
