<results>
	<result value='loss'/>
	<start value='2015-05-01.01:38:31'/>
	<end value='2015-05-01.01:39:09'/>
	<frames value='40426'/>
	<gameDuration value='2526'/>

	<player>
		<unitScore value='15950'/>
		<killScore value='15100'/>
		<buildingScore value='3225'/>
		<razingScore value='0'/>
		<mineralScore value='19974'/>
		<gasScore value='2272'/>
		<totalScore value='56521'/>
	</player>

	<enemy>
		<race value='Protoss'/>
		<unitScore value='26525'/>
		<unitScore value='26525'/>
		<killScore value='31900'/>
		<buildingScore value='8125'/>
		<razingScore value='9675'/>
		<mineralScore value='27546'/>
		<gasScore value='9700'/>
		<totalScore value='113471'/>
	</enemy>

	<scoreRatio value='0.49811'/>
</results>
