<results>
	<result value='loss'/>
	<start value='2015-07-11.18:45:32'/>
	<end value='2015-07-11.18:45:47'/>
	<frames value='21237'/>
	<gameDuration value='1327'/>

	<player>
		<unitScore value='7750'/>
		<killScore value='3550'/>
		<buildingScore value='2350'/>
		<razingScore value='0'/>
		<mineralScore value='8778'/>
		<gasScore value='1328'/>
		<totalScore value='23756'/>
	</player>

	<enemy>
		<race value='Terran'/>
		<unitScore value='8275'/>
		<killScore value='15500'/>
		<buildingScore value='3325'/>
		<razingScore value='7050'/>
		<mineralScore value='10114'/>
		<gasScore value='4216'/>
		<totalScore value='48480'/>
	</enemy>

	<scoreRatio value='0.490016'/>
	<timeFitness value='0.184306'/>
	<unitsAverage value='31'/>
</results>
