<results>
	<result value='loss'/>
	<start value='2015-07-11.18:57:25'/>
	<end value='2015-07-11.18:57:44'/>
	<frames value='23965'/>
	<gameDuration value='1497'/>

	<player>
		<unitScore value='9400'/>
		<killScore value='4100'/>
		<buildingScore value='2600'/>
		<razingScore value='0'/>
		<mineralScore value='9714'/>
		<gasScore value='1824'/>
		<totalScore value='27638'/>
	</player>

	<enemy>
		<race value='Terran'/>
		<unitScore value='7125'/>
		<killScore value='18200'/>
		<buildingScore value='2600'/>
		<razingScore value='7800'/>
		<mineralScore value='11522'/>
		<gasScore value='3648'/>
		<totalScore value='50895'/>
	</enemy>

	<scoreRatio value='0.54304'/>
	<timeFitness value='0.207917'/>
	<unitsAverage value='36'/>
</results>
