<results>
	<result value='loss'/>
	<start value='2015-07-11.18:59:47'/>
	<end value='2015-07-11.19:00:06'/>
	<frames value='22632'/>
	<gameDuration value='1414'/>

	<player>
		<unitScore value='10350'/>
		<killScore value='3750'/>
		<buildingScore value='1775'/>
		<razingScore value='1200'/>
		<mineralScore value='10514'/>
		<gasScore value='1608'/>
		<totalScore value='29197'/>
	</player>

	<enemy>
		<race value='Terran'/>
		<unitScore value='7900'/>
		<killScore value='20150'/>
		<buildingScore value='3050'/>
		<razingScore value='5325'/>
		<mineralScore value='10838'/>
		<gasScore value='3904'/>
		<totalScore value='51167'/>
	</enemy>

	<scoreRatio value='0.570622'/>
	<timeFitness value='0.196389'/>
	<unitsAverage value='41'/>
</results>
