<results>
	<result value='draw'/>
	<start value='2015-05-08.17:52:58'/>
	<end value='2015-05-08.17:54:27'/>
	<frames value='57601'/>
	<gameDuration value='3600'/>

	<player>
		<unitScore value='19450'/>
		<killScore value='25800'/>
		<buildingScore value='2750'/>
		<razingScore value='300'/>
		<mineralScore value='22118'/>
		<gasScore value='6728'/>
		<totalScore value='77146'/>
	</player>

	<enemy>
		<race value='Terran'/>
		<unitScore value='28250'/>
		<unitScore value='28250'/>
		<killScore value='31350'/>
		<buildingScore value='4775'/>
		<razingScore value='2100'/>
		<mineralScore value='31194'/>
		<gasScore value='12330'/>
		<totalScore value='109999'/>
	</enemy>

	<scoreRatio value='0.701334'/>
	<timeFitness value='0.5'/>
	<unitsAverage value='74'/>
</results>
