<results>
	<result value='win'/>
	<start value='2015-05-08.17:57:43'/>
	<end value='2015-05-08.17:59:39'/>
	<frames value='45789'/>
	<gameDuration value='2861'/>

	<player>
		<unitScore value='28250'/>
		<killScore value='50300'/>
		<buildingScore value='3875'/>
		<razingScore value='13950'/>
		<mineralScore value='32214'/>
		<gasScore value='6336'/>
		<totalScore value='134925'/>
	</player>

	<enemy>
		<race value='Terran'/>
		<unitScore value='29150'/>
		<unitScore value='29150'/>
		<killScore value='33000'/>
		<buildingScore value='4650'/>
		<razingScore value='1200'/>
		<mineralScore value='21642'/>
		<gasScore value='9574'/>
		<totalScore value='99216'/>
	</enemy>

	<scoreRatio value='1.35991'/>
	<timeFitness value='0.602639'/>
	<unitsAverage value='129'/>
</results>
