<results>
	<result value='loss'/>
	<start value='2015-05-08.18:07:42'/>
	<end value='2015-05-08.18:08:15'/>
	<frames value='27778'/>
	<gameDuration value='1736'/>

	<player>
		<unitScore value='12900'/>
		<killScore value='5700'/>
		<buildingScore value='2425'/>
		<razingScore value='150'/>
		<mineralScore value='16258'/>
		<gasScore value='0'/>
		<totalScore value='37433'/>
	</player>

	<enemy>
		<race value='Terran'/>
		<unitScore value='11500'/>
		<unitScore value='11500'/>
		<killScore value='25700'/>
		<buildingScore value='4050'/>
		<razingScore value='7275'/>
		<mineralScore value='13950'/>
		<gasScore value='5736'/>
		<totalScore value='68211'/>
	</enemy>

	<scoreRatio value='0.548782'/>
	<timeFitness value='0.241111'/>
	<unitsAverage value='48'/>
</results>
