<results>
	<result value='draw'/>
	<start value='2015-03-31.13:35:40'/>
	<end value='2015-03-31.13:36:43'/>
	<frames value='57601'/>
	<gameDuration value='3600'/>

	<player>
		<unitScore value='33100'/>
		<killScore value='59350'/>
		<buildingScore value='3050'/>
		<razingScore value='300'/>
		<mineralScore value='31486'/>
		<gasScore value='7342'/>
		<totalScore value='134628'/>
	</player>

	<enemy>
		<race value='Protoss'/>
		<unitScore value='40250'/>
		<unitScore value='40250'/>
		<killScore value='61450'/>
		<buildingScore value='6125'/>
		<razingScore value='1350'/>
		<mineralScore value='31194'/>
		<gasScore value='11936'/>
		<totalScore value='152305'/>
	</enemy>

	<scoreRatio value='0.883937'/>
</results>
