<results>
	<result value='win'/>
	<start value='2015-05-11.06:21:21'/>
	<end value='2015-05-11.06:22:20'/>
	<frames value='30258'/>
	<gameDuration value='1891'/>

	<player>
		<unitScore value='22700'/>
		<killScore value='37030'/>
		<buildingScore value='4675'/>
		<razingScore value='5940'/>
		<mineralScore value='31290'/>
		<gasScore value='3016'/>
		<totalScore value='104651'/>
	</player>

	<enemy>
		<race value='Zerg'/>
		<unitScore value='16750'/>
		<unitScore value='16750'/>
		<killScore value='22850'/>
		<buildingScore value='1980'/>
		<razingScore value='0'/>
		<mineralScore value='14010'/>
		<gasScore value='4368'/>
		<totalScore value='59958'/>
	</enemy>

	<scoreRatio value='1.74541'/>
	<timeFitness value='0.737361'/>
	<unitsAverage value='117'/>
</results>
