<results>
	<result value='win'/>
	<start value='2015-05-11.00:18:51'/>
	<end value='2015-05-11.00:19:12'/>
	<frames value='25267'/>
	<gameDuration value='1579'/>

	<player>
		<unitScore value='15025'/>
		<killScore value='22565'/>
		<buildingScore value='2875'/>
		<razingScore value='6855'/>
		<mineralScore value='22794'/>
		<gasScore value='2664'/>
		<totalScore value='72778'/>
	</player>

	<enemy>
		<race value='Zerg'/>
		<unitScore value='10750'/>
		<unitScore value='10750'/>
		<killScore value='10050'/>
		<buildingScore value='2285'/>
		<razingScore value='150'/>
		<mineralScore value='10098'/>
		<gasScore value='3112'/>
		<totalScore value='36445'/>
	</enemy>

	<scoreRatio value='1.99693'/>
	<timeFitness value='0.780694'/>
	<unitsAverage value='88'/>
</results>
