<results>
	<result value='loss'/>
	<start value='2015-03-29.07:38:16'/>
	<end value='2015-03-29.07:38:26'/>
	<frames value='17145'/>
	<gameDuration value='1071'/>

	<player>
		<unitScore value='1850'/>
		<killScore value='100'/>
		<buildingScore value='1750'/>
		<razingScore value='0'/>
		<mineralScore value='3794'/>
		<gasScore value='0'/>
		<totalScore value='7494'/>
	</player>

	<enemy>
		<race value='Protoss'/>
		<unitScore value='4325'/>
		<unitScore value='4325'/>
		<killScore value='3500'/>
		<buildingScore value='2775'/>
		<razingScore value='5250'/>
		<mineralScore value='8498'/>
		<gasScore value='2168'/>
		<totalScore value='26516'/>
	</enemy>

	<scoreRatio value='0.282622'/>
</results>
