<results>
	<result value='loss'/>
	<start value='2015-03-29.07:38:31'/>
	<end value='2015-03-29.07:38:40'/>
	<frames value='14882'/>
	<gameDuration value='930'/>

	<player>
		<unitScore value='3425'/>
		<killScore value='1400'/>
		<buildingScore value='1750'/>
		<razingScore value='0'/>
		<mineralScore value='4842'/>
		<gasScore value='776'/>
		<totalScore value='12193'/>
	</player>

	<enemy>
		<race value='Protoss'/>
		<unitScore value='3550'/>
		<unitScore value='3550'/>
		<killScore value='6850'/>
		<buildingScore value='2675'/>
		<razingScore value='5250'/>
		<mineralScore value='7834'/>
		<gasScore value='1392'/>
		<totalScore value='27551'/>
	</enemy>

	<scoreRatio value='0.442561'/>
</results>
