<results>
	<result value='loss'/>
	<start value='2015-07-14.00:13:46'/>
	<end value='2015-07-14.00:14:15'/>
	<frames value='30599'/>
	<gameDuration value='1912'/>

	<player>
		<unitScore value='17075'/>
		<killScore value='7200'/>
		<buildingScore value='3400'/>
		<razingScore value='0'/>
		<mineralScore value='24402'/>
		<gasScore value='2752'/>
		<totalScore value='54829'/>
	</player>

	<enemy>
		<race value='Protoss'/>
		<unitScore value='18200'/>
		<killScore value='34300'/>
		<buildingScore value='6550'/>
		<razingScore value='10200'/>
		<mineralScore value='23670'/>
		<gasScore value='7088'/>
		<totalScore value='100008'/>
	</enemy>

	<scoreRatio value='0.548246'/>
	<timeFitness value='0.265556'/>
	<unitsAverage value='64'/>
</results>
