<results>
	<result value='loss'/>
	<start value='2015-07-14.00:15:35'/>
	<end value='2015-07-14.00:16:19'/>
	<frames value='45727'/>
	<gameDuration value='2857'/>

	<player>
		<unitScore value='28675'/>
		<killScore value='25250'/>
		<buildingScore value='3725'/>
		<razingScore value='2625'/>
		<mineralScore value='25322'/>
		<gasScore value='4986'/>
		<totalScore value='90583'/>
	</player>

	<enemy>
		<race value='Protoss'/>
		<unitScore value='32315'/>
		<killScore value='56000'/>
		<buildingScore value='8625'/>
		<razingScore value='11175'/>
		<mineralScore value='32706'/>
		<gasScore value='10780'/>
		<totalScore value='151601'/>
	</enemy>

	<scoreRatio value='0.597509'/>
	<timeFitness value='0.396806'/>
	<unitsAverage value='84'/>
</results>
