<results>
	<result value='loss'/>
	<start value='2015-07-14.00:24:13'/>
	<end value='2015-07-14.00:24:20'/>
	<frames value='15006'/>
	<gameDuration value='937'/>

	<player>
		<unitScore value='3125'/>
		<killScore value='400'/>
		<buildingScore value='1650'/>
		<razingScore value='0'/>
		<mineralScore value='4602'/>
		<gasScore value='808'/>
		<totalScore value='10585'/>
	</player>

	<enemy>
		<race value='Protoss'/>
		<unitScore value='3550'/>
		<killScore value='6150'/>
		<buildingScore value='2525'/>
		<razingScore value='4950'/>
		<mineralScore value='7698'/>
		<gasScore value='1344'/>
		<totalScore value='26217'/>
	</enemy>

	<scoreRatio value='0.403746'/>
	<timeFitness value='0.130139'/>
	<unitsAverage value='22'/>
</results>
