<results>
	<result value='loss'/>
	<start value='2015-07-14.00:28:35'/>
	<end value='2015-07-14.00:28:47'/>
	<frames value='19253'/>
	<gameDuration value='1203'/>

	<player>
		<unitScore value='6500'/>
		<killScore value='2400'/>
		<buildingScore value='1625'/>
		<razingScore value='0'/>
		<mineralScore value='6458'/>
		<gasScore value='1248'/>
		<totalScore value='18231'/>
	</player>

	<enemy>
		<race value='Protoss'/>
		<unitScore value='6125'/>
		<killScore value='12150'/>
		<buildingScore value='4375'/>
		<razingScore value='4875'/>
		<mineralScore value='10298'/>
		<gasScore value='2728'/>
		<totalScore value='40551'/>
	</enemy>

	<scoreRatio value='0.449582'/>
	<timeFitness value='0.167083'/>
	<unitsAverage value='31'/>
</results>
