<results>
	<result value='loss'/>
	<start value='2015-05-01.01:42:03'/>
	<end value='2015-05-01.01:43:10'/>
	<frames value='45014'/>
	<gameDuration value='2813'/>

	<player>
		<unitScore value='21100'/>
		<killScore value='24600'/>
		<buildingScore value='2800'/>
		<razingScore value='1350'/>
		<mineralScore value='24018'/>
		<gasScore value='3760'/>
		<totalScore value='77628'/>
	</player>

	<enemy>
		<race value='Protoss'/>
		<unitScore value='31000'/>
		<unitScore value='31000'/>
		<killScore value='42200'/>
		<buildingScore value='8375'/>
		<razingScore value='8400'/>
		<mineralScore value='31478'/>
		<gasScore value='10976'/>
		<totalScore value='132429'/>
	</enemy>

	<scoreRatio value='0.586186'/>
</results>
