<results>
	<result value='loss'/>
	<start value='2015-05-01.01:51:10'/>
	<end value='2015-05-01.01:52:07'/>
	<frames value='48610'/>
	<gameDuration value='3038'/>

	<player>
		<unitScore value='22875'/>
		<killScore value='47500'/>
		<buildingScore value='2325'/>
		<razingScore value='750'/>
		<mineralScore value='24002'/>
		<gasScore value='3200'/>
		<totalScore value='100652'/>
	</player>

	<enemy>
		<race value='Protoss'/>
		<unitScore value='40750'/>
		<unitScore value='40750'/>
		<killScore value='45850'/>
		<buildingScore value='7375'/>
		<razingScore value='6975'/>
		<mineralScore value='34538'/>
		<gasScore value='12614'/>
		<totalScore value='148102'/>
	</enemy>

	<scoreRatio value='0.679613'/>
</results>
