<results>
	<result value='loss'/>
	<start value='2015-05-01.02:05:31'/>
	<end value='2015-05-01.02:05:53'/>
	<frames value='29080'/>
	<gameDuration value='1817'/>

	<player>
		<unitScore value='10625'/>
		<killScore value='3050'/>
		<buildingScore value='2525'/>
		<razingScore value='0'/>
		<mineralScore value='13682'/>
		<gasScore value='1200'/>
		<totalScore value='31082'/>
	</player>

	<enemy>
		<race value='Protoss'/>
		<unitScore value='13275'/>
		<unitScore value='13275'/>
		<killScore value='21100'/>
		<buildingScore value='5925'/>
		<razingScore value='7575'/>
		<mineralScore value='17854'/>
		<gasScore value='6520'/>
		<totalScore value='72249'/>
	</enemy>

	<scoreRatio value='0.430207'/>
</results>
