<results>
	<result value='win'/>
	<start value='2015-05-01.09:51:00'/>
	<end value='2015-05-01.09:51:53'/>
	<frames value='30258'/>
	<gameDuration value='1891'/>

	<player>
		<unitScore value='22175'/>
		<killScore value='28000'/>
		<buildingScore value='4150'/>
		<razingScore value='16875'/>
		<mineralScore value='28954'/>
		<gasScore value='2224'/>
		<totalScore value='102378'/>
	</player>

	<enemy>
		<race value='Protoss'/>
		<unitScore value='14350'/>
		<unitScore value='14350'/>
		<killScore value='20200'/>
		<buildingScore value='5625'/>
		<razingScore value='0'/>
		<mineralScore value='17298'/>
		<gasScore value='4224'/>
		<totalScore value='61697'/>
	</enemy>

	<scoreRatio value='1.65937'/>
</results>
