<results>
	<result value='loss'/>
	<start value='2015-05-01.09:55:51'/>
	<end value='2015-05-01.09:56:10'/>
	<frames value='29173'/>
	<gameDuration value='1823'/>

	<player>
		<unitScore value='4275'/>
		<killScore value='2600'/>
		<buildingScore value='1775'/>
		<razingScore value='0'/>
		<mineralScore value='8914'/>
		<gasScore value='512'/>
		<totalScore value='18076'/>
	</player>

	<enemy>
		<race value='Protoss'/>
		<unitScore value='12725'/>
		<unitScore value='12725'/>
		<killScore value='8450'/>
		<buildingScore value='6875'/>
		<razingScore value='5325'/>
		<mineralScore value='17754'/>
		<gasScore value='6960'/>
		<totalScore value='58089'/>
	</enemy>

	<scoreRatio value='0.311178'/>
</results>
