<results>
	<result value='win'/>
	<start value='2015-05-03.18:29:27'/>
	<end value='2015-05-03.18:30:06'/>
	<frames value='29514'/>
	<gameDuration value='1844'/>

	<player>
		<unitScore value='15650'/>
		<killScore value='13150'/>
		<buildingScore value='3725'/>
		<razingScore value='16800'/>
		<mineralScore value='26962'/>
		<gasScore value='2920'/>
		<totalScore value='79207'/>
	</player>

	<enemy>
		<race value='Protoss'/>
		<unitScore value='6775'/>
		<unitScore value='6775'/>
		<killScore value='9600'/>
		<buildingScore value='5600'/>
		<razingScore value='450'/>
		<mineralScore value='12890'/>
		<gasScore value='2768'/>
		<totalScore value='38083'/>
	</enemy>

	<scoreRatio value='2.07985'/>
	<timeFitness value='0.743889'/>
	<unitsAverage value='99'/>
</results>
