<results>
	<result value='win'/>
	<start value='2015-05-03.18:30:10'/>
	<end value='2015-05-03.18:31:21'/>
	<frames value='40023'/>
	<gameDuration value='2501'/>

	<player>
		<unitScore value='22025'/>
		<killScore value='23300'/>
		<buildingScore value='4700'/>
		<razingScore value='18075'/>
		<mineralScore value='31858'/>
		<gasScore value='4560'/>
		<totalScore value='104518'/>
	</player>

	<enemy>
		<race value='Protoss'/>
		<unitScore value='11650'/>
		<unitScore value='11650'/>
		<killScore value='20100'/>
		<buildingScore value='6025'/>
		<razingScore value='150'/>
		<mineralScore value='17058'/>
		<gasScore value='2992'/>
		<totalScore value='57975'/>
	</enemy>

	<scoreRatio value='1.80281'/>
	<timeFitness value='0.652639'/>
	<unitsAverage value='121'/>
</results>
