<results>
	<result value='win'/>
	<start value='2015-05-09.23:15:31'/>
	<end value='2015-05-09.23:15:50'/>
	<frames value='23097'/>
	<gameDuration value='1443'/>

	<player>
		<unitScore value='10175'/>
		<killScore value='10600'/>
		<buildingScore value='2900'/>
		<razingScore value='8775'/>
		<mineralScore value='14282'/>
		<gasScore value='1472'/>
		<totalScore value='48204'/>
	</player>

	<enemy>
		<race value='Protoss'/>
		<unitScore value='5300'/>
		<unitScore value='5300'/>
		<killScore value='6800'/>
		<buildingScore value='2925'/>
		<razingScore value='300'/>
		<mineralScore value='8378'/>
		<gasScore value='1984'/>
		<totalScore value='25687'/>
	</enemy>

	<scoreRatio value='1.87659'/>
	<timeFitness value='0.799583'/>
	<unitsAverage value='59'/>
</results>
