<results>
	<result value='win'/>
	<start value='2015-05-09.23:18:23'/>
	<end value='2015-05-09.23:19:29'/>
	<frames value='40767'/>
	<gameDuration value='2547'/>

	<player>
		<unitScore value='30350'/>
		<killScore value='59150'/>
		<buildingScore value='3450'/>
		<razingScore value='19200'/>
		<mineralScore value='31946'/>
		<gasScore value='6376'/>
		<totalScore value='150472'/>
	</player>

	<enemy>
		<race value='Protoss'/>
		<unitScore value='31500'/>
		<unitScore value='31500'/>
		<killScore value='39750'/>
		<buildingScore value='6400'/>
		<razingScore value='450'/>
		<mineralScore value='26078'/>
		<gasScore value='9608'/>
		<totalScore value='113786'/>
	</enemy>

	<scoreRatio value='1.32241'/>
	<timeFitness value='0.64625'/>
	<unitsAverage value='132'/>
</results>
