<results>
	<result value='loss'/>
	<start value='2015-07-19.11:19:31'/>
	<end value='2015-07-19.11:20:37'/>
	<frames value='30971'/>
	<gameDuration value='1935'/>

	<player>
		<unitScore value='14925'/>
		<killScore value='8175'/>
		<buildingScore value='4050'/>
		<razingScore value='0'/>
		<mineralScore value='16482'/>
		<gasScore value='2704'/>
		<totalScore value='46336'/>
	</player>

	<enemy>
		<race value='Zerg'/>
		<unitScore value='16800'/>
		<killScore value='25600'/>
		<buildingScore value='3935'/>
		<razingScore value='12150'/>
		<mineralScore value='18934'/>
		<gasScore value='6636'/>
		<totalScore value='84055'/>
	</enemy>

	<scoreRatio value='0.551258'/>
	<timeFitness value='0.26875'/>
	<unitsAverage value='60'/>
</results>
