<results>
	<result value='loss'/>
	<start value='2015-07-19.11:23:35'/>
	<end value='2015-07-19.11:24:00'/>
	<frames value='18075'/>
	<gameDuration value='1129'/>

	<player>
		<unitScore value='3975'/>
		<killScore value='2900'/>
		<buildingScore value='1250'/>
		<razingScore value='0'/>
		<mineralScore value='5642'/>
		<gasScore value='1544'/>
		<totalScore value='15311'/>
	</player>

	<enemy>
		<race value='Zerg'/>
		<unitScore value='7150'/>
		<killScore value='3700'/>
		<buildingScore value='2075'/>
		<razingScore value='3750'/>
		<mineralScore value='8330'/>
		<gasScore value='2432'/>
		<totalScore value='27437'/>
	</enemy>

	<scoreRatio value='0.558042'/>
	<timeFitness value='0.156806'/>
	<unitsAverage value='41'/>
</results>
