<results>
	<result value='loss'/>
	<start value='2015-07-19.11:29:31'/>
	<end value='2015-07-19.11:30:34'/>
	<frames value='27871'/>
	<gameDuration value='1741'/>

	<player>
		<unitScore value='13025'/>
		<killScore value='5800'/>
		<buildingScore value='3475'/>
		<razingScore value='0'/>
		<mineralScore value='21514'/>
		<gasScore value='2440'/>
		<totalScore value='46254'/>
	</player>

	<enemy>
		<race value='Zerg'/>
		<unitScore value='15900'/>
		<killScore value='23150'/>
		<buildingScore value='3295'/>
		<razingScore value='10425'/>
		<mineralScore value='15658'/>
		<gasScore value='5664'/>
		<totalScore value='74092'/>
	</enemy>

	<scoreRatio value='0.624278'/>
	<timeFitness value='0.241806'/>
	<unitsAverage value='70'/>
</results>
