<results>
	<result value='loss'/>
	<start value='2015-07-19.11:30:44'/>
	<end value='2015-07-19.11:32:07'/>
	<frames value='29917'/>
	<gameDuration value='1869'/>

	<player>
		<unitScore value='15550'/>
		<killScore value='11425'/>
		<buildingScore value='4825'/>
		<razingScore value='0'/>
		<mineralScore value='21338'/>
		<gasScore value='2424'/>
		<totalScore value='55562'/>
	</player>

	<enemy>
		<race value='Zerg'/>
		<unitScore value='17050'/>
		<killScore value='28000'/>
		<buildingScore value='3380'/>
		<razingScore value='14475'/>
		<mineralScore value='18530'/>
		<gasScore value='6408'/>
		<totalScore value='87843'/>
	</enemy>

	<scoreRatio value='0.632515'/>
	<timeFitness value='0.259583'/>
	<unitsAverage value='74'/>
</results>
