<results>
	<result value='win'/>
	<start value='2015-05-09.22:30:21'/>
	<end value='2015-05-09.22:30:52'/>
	<frames value='29173'/>
	<gameDuration value='1823'/>

	<player>
		<unitScore value='19875'/>
		<killScore value='11700'/>
		<buildingScore value='4250'/>
		<razingScore value='14925'/>
		<mineralScore value='26674'/>
		<gasScore value='2984'/>
		<totalScore value='80408'/>
	</player>

	<enemy>
		<race value='Protoss'/>
		<unitScore value='5850'/>
		<unitScore value='5850'/>
		<killScore value='15400'/>
		<buildingScore value='4975'/>
		<razingScore value='0'/>
		<mineralScore value='15786'/>
		<gasScore value='936'/>
		<totalScore value='42947'/>
	</enemy>

	<scoreRatio value='1.87226'/>
	<timeFitness value='0.746806'/>
	<unitsAverage value='111'/>
</results>
