<results>
	<result value='win'/>
	<start value='2015-04-16.20:25:47'/>
	<end value='2015-04-16.20:26:16'/>
	<frames value='24337'/>
	<gameDuration value='1521'/>

	<player>
		<unitScore value='9875'/>
		<killScore value='9800'/>
		<buildingScore value='1925'/>
		<razingScore value='10725'/>
		<mineralScore value='10914'/>
		<gasScore value='1712'/>
		<totalScore value='44951'/>
	</player>

	<enemy>
		<race value='Protoss'/>
		<unitScore value='4900'/>
		<unitScore value='4900'/>
		<killScore value='6450'/>
		<buildingScore value='3575'/>
		<razingScore value='225'/>
		<mineralScore value='9890'/>
		<gasScore value='2744'/>
		<totalScore value='27784'/>
	</enemy>

	<scoreRatio value='1.61787'/>
</results>
