<results>
	<result value='win'/>
	<start value='2015-05-01.19:03:53'/>
	<end value='2015-05-01.19:04:09'/>
	<frames value='22663'/>
	<gameDuration value='1416'/>

	<player>
		<unitScore value='14475'/>
		<killScore value='26490'/>
		<buildingScore value='3500'/>
		<razingScore value='3660'/>
		<mineralScore value='20330'/>
		<gasScore value='2088'/>
		<totalScore value='70543'/>
	</player>

	<enemy>
		<race value='Zerg'/>
		<unitScore value='11375'/>
		<unitScore value='11375'/>
		<killScore value='12600'/>
		<buildingScore value='1220'/>
		<razingScore value='0'/>
		<mineralScore value='9258'/>
		<gasScore value='2648'/>
		<totalScore value='37101'/>
	</enemy>

	<scoreRatio value='1.90138'/>
	<timeFitness value='0.803333'/>
	<unitsAverage value='80'/>
</results>
