<results>
	<result value='win'/>
	<start value='2015-05-01.19:04:26'/>
	<end value='2015-05-01.19:04:45'/>
	<frames value='23221'/>
	<gameDuration value='1451'/>

	<player>
		<unitScore value='14975'/>
		<killScore value='18680'/>
		<buildingScore value='4150'/>
		<razingScore value='5460'/>
		<mineralScore value='20526'/>
		<gasScore value='1704'/>
		<totalScore value='65495'/>
	</player>

	<enemy>
		<race value='Zerg'/>
		<unitScore value='8700'/>
		<unitScore value='8700'/>
		<killScore value='13000'/>
		<buildingScore value='1820'/>
		<razingScore value='0'/>
		<mineralScore value='8394'/>
		<gasScore value='2712'/>
		<totalScore value='34626'/>
	</enemy>

	<scoreRatio value='1.8915'/>
	<timeFitness value='0.798472'/>
	<unitsAverage value='80'/>
</results>
