<results>
	<result value='win'/>
	<start value='2015-05-01.19:07:30'/>
	<end value='2015-05-01.19:07:54'/>
	<frames value='29917'/>
	<gameDuration value='1869'/>

	<player>
		<unitScore value='20075'/>
		<killScore value='27810'/>
		<buildingScore value='4875'/>
		<razingScore value='5775'/>
		<mineralScore value='26882'/>
		<gasScore value='2232'/>
		<totalScore value='87649'/>
	</player>

	<enemy>
		<race value='Zerg'/>
		<unitScore value='12550'/>
		<unitScore value='12550'/>
		<killScore value='17850'/>
		<buildingScore value='1925'/>
		<razingScore value='0'/>
		<mineralScore value='12190'/>
		<gasScore value='4032'/>
		<totalScore value='48547'/>
	</enemy>

	<scoreRatio value='1.80545'/>
	<timeFitness value='0.740417'/>
	<unitsAverage value='96'/>
</results>
