<results>
	<result value='loss'/>
	<start value='2015-05-03.17:50:57'/>
	<end value='2015-05-03.17:51:15'/>
	<frames value='35342'/>
	<gameDuration value='2208'/>

	<player>
		<unitScore value='6300'/>
		<killScore value='8850'/>
		<buildingScore value='2700'/>
		<razingScore value='0'/>
		<mineralScore value='9402'/>
		<gasScore value='1248'/>
		<totalScore value='28500'/>
	</player>

	<enemy>
		<race value='Terran'/>
		<unitScore value='16925'/>
		<unitScore value='16925'/>
		<killScore value='12600'/>
		<buildingScore value='5325'/>
		<razingScore value='8100'/>
		<mineralScore value='18730'/>
		<gasScore value='10160'/>
		<totalScore value='71840'/>
	</enemy>

	<scoreRatio value='0.396715'/>
	<timeFitness value='0.306667'/>
	<unitsAverage value='22'/>
</results>
