<results>
	<result value='win'/>
	<start value='2015-05-03.17:52:13'/>
	<end value='2015-05-03.17:52:30'/>
	<frames value='25918'/>
	<gameDuration value='1619'/>

	<player>
		<unitScore value='11475'/>
		<killScore value='14600'/>
		<buildingScore value='3350'/>
		<razingScore value='7050'/>
		<mineralScore value='19422'/>
		<gasScore value='2472'/>
		<totalScore value='58369'/>
	</player>

	<enemy>
		<race value='Terran'/>
		<unitScore value='7300'/>
		<unitScore value='7300'/>
		<killScore value='12050'/>
		<buildingScore value='2350'/>
		<razingScore value='3450'/>
		<mineralScore value='9266'/>
		<gasScore value='2504'/>
		<totalScore value='36920'/>
	</enemy>

	<scoreRatio value='1.58096'/>
	<timeFitness value='0.775139'/>
	<unitsAverage value='61'/>
</results>
