<results>
	<result value='loss'/>
	<start value='2015-05-08.17:15:55'/>
	<end value='2015-05-08.17:16:19'/>
	<frames value='22725'/>
	<gameDuration value='1420'/>

	<player>
		<unitScore value='7700'/>
		<killScore value='4600'/>
		<buildingScore value='2150'/>
		<razingScore value='0'/>
		<mineralScore value='11330'/>
		<gasScore value='1680'/>
		<totalScore value='27460'/>
	</player>

	<enemy>
		<race value='Terran'/>
		<unitScore value='8675'/>
		<unitScore value='8675'/>
		<killScore value='15400'/>
		<buildingScore value='3225'/>
		<razingScore value='6450'/>
		<mineralScore value='10802'/>
		<gasScore value='4472'/>
		<totalScore value='49024'/>
	</enemy>

	<scoreRatio value='0.560134'/>
	<timeFitness value='0.197222'/>
	<unitsAverage value='39'/>
</results>
