<results>
	<result value='win'/>
	<start value='2015-05-03.17:57:45'/>
	<end value='2015-05-03.17:58:12'/>
	<frames value='27251'/>
	<gameDuration value='1703'/>

	<player>
		<unitScore value='15375'/>
		<killScore value='21800'/>
		<buildingScore value='3700'/>
		<razingScore value='6525'/>
		<mineralScore value='32846'/>
		<gasScore value='1864'/>
		<totalScore value='82110'/>
	</player>

	<enemy>
		<race value='Terran'/>
		<unitScore value='10900'/>
		<unitScore value='10900'/>
		<killScore value='10250'/>
		<buildingScore value='2175'/>
		<razingScore value='150'/>
		<mineralScore value='12050'/>
		<gasScore value='4408'/>
		<totalScore value='39933'/>
	</enemy>

	<scoreRatio value='2.05619'/>
	<timeFitness value='0.763472'/>
	<unitsAverage value='100'/>
</results>
