<results>
	<result value='loss'/>
	<start value='2015-04-07.23:01:06'/>
	<end value='2015-04-07.23:01:14'/>
	<frames value='15905'/>
	<gameDuration value='994'/>

	<player>
		<unitScore value='3025'/>
		<killScore value='600'/>
		<buildingScore value='1300'/>
		<razingScore value='0'/>
		<mineralScore value='4770'/>
		<gasScore value='864'/>
		<totalScore value='10559'/>
	</player>

	<enemy>
		<race value='Protoss'/>
		<unitScore value='3600'/>
		<unitScore value='3600'/>
		<killScore value='6050'/>
		<buildingScore value='3575'/>
		<razingScore value='3900'/>
		<mineralScore value='8394'/>
		<gasScore value='1592'/>
		<totalScore value='27111'/>
	</enemy>

	<scoreRatio value='0.389473'/>
</results>
