<results>
	<result value='win'/>
	<start value='2014-07-07.03:38:17'/>
	<end value='2014-07-07.03:39:59'/>
	<frames value='50811'/>
	<gameDuration value='3175'/>

	<player>
		<unitScore value='26675'/>
		<killScore value='33095'/>
		<buildingScore value='4700'/>
		<razingScore value='10200'/>
		<mineralScore value='41870'/>
		<gasScore value='5942'/>
		<totalScore value='122482'/>
	</player>

	<enemy>
		<race value='Zerg'/>
		<unitScore value='16975'/>
		<unitScore value='16975'/>
		<killScore value='28150'/>
		<buildingScore value='3400'/>
		<razingScore value='0'/>
		<mineralScore value='18114'/>
		<gasScore value='5976'/>
		<totalScore value='72615'/>
	</enemy>

	<scoreRatio value='1.68673'/>
</results>
