<results>
	<result value='win'/>
	<start value='2014-07-07.03:45:09'/>
	<end value='2014-07-07.03:45:45'/>
	<frames value='31064'/>
	<gameDuration value='1941'/>

	<player>
		<unitScore value='19975'/>
		<killScore value='25320'/>
		<buildingScore value='4100'/>
		<razingScore value='8550'/>
		<mineralScore value='29434'/>
		<gasScore value='2776'/>
		<totalScore value='90155'/>
	</player>

	<enemy>
		<race value='Zerg'/>
		<unitScore value='12550'/>
		<unitScore value='12550'/>
		<killScore value='15500'/>
		<buildingScore value='2850'/>
		<razingScore value='375'/>
		<mineralScore value='13742'/>
		<gasScore value='4992'/>
		<totalScore value='50009'/>
	</enemy>

	<scoreRatio value='1.80278'/>
</results>
