<results>
	<result value='loss'/>
	<start value='2015-07-11.20:52:58'/>
	<end value='2015-07-11.20:53:58'/>
	<frames value='45727'/>
	<gameDuration value='2857'/>

	<player>
		<unitScore value='27725'/>
		<killScore value='35450'/>
		<buildingScore value='4050'/>
		<razingScore value='0'/>
		<mineralScore value='27162'/>
		<gasScore value='4208'/>
		<totalScore value='98595'/>
	</player>

	<enemy>
		<race value='Protoss'/>
		<unitScore value='29075'/>
		<killScore value='55450'/>
		<buildingScore value='8300'/>
		<razingScore value='12525'/>
		<mineralScore value='30474'/>
		<gasScore value='10550'/>
		<totalScore value='146374'/>
	</enemy>

	<scoreRatio value='0.673583'/>
	<timeFitness value='0.396806'/>
	<unitsAverage value='95'/>
</results>
