<results>
	<result value='loss'/>
	<start value='2015-04-11.00:52:28'/>
	<end value='2015-04-11.00:52:37'/>
	<frames value='16773'/>
	<gameDuration value='1048'/>

	<player>
		<unitScore value='3650'/>
		<killScore value='1000'/>
		<buildingScore value='1550'/>
		<razingScore value='0'/>
		<mineralScore value='5218'/>
		<gasScore value='752'/>
		<totalScore value='12170'/>
	</player>

	<enemy>
		<race value='Protoss'/>
		<unitScore value='3600'/>
		<unitScore value='3600'/>
		<killScore value='6800'/>
		<buildingScore value='4125'/>
		<razingScore value='4650'/>
		<mineralScore value='8906'/>
		<gasScore value='1776'/>
		<totalScore value='29857'/>
	</enemy>

	<scoreRatio value='0.40761'/>
</results>
