<results>
	<result value='win'/>
	<start value='2015-05-08.18:43:58'/>
	<end value='2015-05-08.18:44:40'/>
	<frames value='30258'/>
	<gameDuration value='1891'/>

	<player>
		<unitScore value='18025'/>
		<killScore value='23700'/>
		<buildingScore value='4175'/>
		<razingScore value='6675'/>
		<mineralScore value='24138'/>
		<gasScore value='1984'/>
		<totalScore value='78697'/>
	</player>

	<enemy>
		<race value='Terran'/>
		<unitScore value='11850'/>
		<unitScore value='11850'/>
		<killScore value='17350'/>
		<buildingScore value='2225'/>
		<razingScore value='1800'/>
		<mineralScore value='12050'/>
		<gasScore value='3896'/>
		<totalScore value='49171'/>
	</enemy>

	<scoreRatio value='1.60048'/>
	<timeFitness value='0.737361'/>
	<unitsAverage value='88'/>
</results>
