<results>
	<result value='loss'/>
	<start value='2015-05-03.17:38:12'/>
	<end value='2015-05-03.17:39:01'/>
	<frames value='51865'/>
	<gameDuration value='3241'/>

	<player>
		<unitScore value='26125'/>
		<killScore value='32250'/>
		<buildingScore value='4050'/>
		<razingScore value='300'/>
		<mineralScore value='26466'/>
		<gasScore value='4704'/>
		<totalScore value='93895'/>
	</player>

	<enemy>
		<race value='Terran'/>
		<unitScore value='33725'/>
		<unitScore value='33725'/>
		<killScore value='52250'/>
		<buildingScore value='4850'/>
		<razingScore value='12150'/>
		<mineralScore value='24050'/>
		<gasScore value='14968'/>
		<totalScore value='141993'/>
	</enemy>

	<scoreRatio value='0.661265'/>
	<timeFitness value='0.450139'/>
	<unitsAverage value='68'/>
</results>
