<results>
	<result value='win'/>
	<start value='2015-05-03.17:39:23'/>
	<end value='2015-05-03.17:39:54'/>
	<frames value='33606'/>
	<gameDuration value='2100'/>

	<player>
		<unitScore value='19200'/>
		<killScore value='24450'/>
		<buildingScore value='5100'/>
		<razingScore value='10800'/>
		<mineralScore value='33562'/>
		<gasScore value='3088'/>
		<totalScore value='96200'/>
	</player>

	<enemy>
		<race value='Terran'/>
		<unitScore value='12225'/>
		<unitScore value='12225'/>
		<killScore value='17750'/>
		<buildingScore value='3200'/>
		<razingScore value='3600'/>
		<mineralScore value='12050'/>
		<gasScore value='5056'/>
		<totalScore value='53881'/>
	</enemy>

	<scoreRatio value='1.78542'/>
	<timeFitness value='0.708333'/>
	<unitsAverage value='91'/>
</results>
