<results>
	<result value='win'/>
	<start value='2014-07-10.16:22:37'/>
	<end value='2014-07-10.16:23:11'/>
	<frames value='39961'/>
	<gameDuration value='2497'/>

	<player>
		<unitScore value='21275'/>
		<killScore value='25950'/>
		<buildingScore value='3325'/>
		<razingScore value='25275'/>
		<mineralScore value='24306'/>
		<gasScore value='3920'/>
		<totalScore value='104051'/>
	</player>

	<enemy>
		<race value='Protoss'/>
		<unitScore value='13200'/>
		<unitScore value='13200'/>
		<killScore value='27100'/>
		<buildingScore value='8425'/>
		<razingScore value='2700'/>
		<mineralScore value='19746'/>
		<gasScore value='4416'/>
		<totalScore value='75587'/>
	</enemy>

	<scoreRatio value='1.37657'/>
</results>
