<results>
	<result value='loss'/>
	<start value='2015-05-09.18:23:08'/>
	<end value='2015-05-09.18:23:16'/>
	<frames value='15440'/>
	<gameDuration value='965'/>

	<player>
		<unitScore value='3075'/>
		<killScore value='1000'/>
		<buildingScore value='1550'/>
		<razingScore value='0'/>
		<mineralScore value='4858'/>
		<gasScore value='576'/>
		<totalScore value='11059'/>
	</player>

	<enemy>
		<race value='Protoss'/>
		<unitScore value='3550'/>
		<unitScore value='3550'/>
		<killScore value='5800'/>
		<buildingScore value='3475'/>
		<razingScore value='4650'/>
		<mineralScore value='8154'/>
		<gasScore value='1504'/>
		<totalScore value='27133'/>
	</enemy>

	<scoreRatio value='0.407585'/>
	<timeFitness value='0.134028'/>
	<unitsAverage value='24'/>
</results>
