<results>
	<result value='loss'/>
	<start value='2015-05-02.16:50:23'/>
	<end value='2015-05-02.16:50:47'/>
	<frames value='42069'/>
	<gameDuration value='2629'/>

	<player>
		<unitScore value='14300'/>
		<killScore value='22000'/>
		<buildingScore value='2550'/>
		<razingScore value='1650'/>
		<mineralScore value='16282'/>
		<gasScore value='3240'/>
		<totalScore value='60022'/>
	</player>

	<enemy>
		<race value='Protoss'/>
		<unitScore value='29300'/>
		<unitScore value='29300'/>
		<killScore value='28700'/>
		<buildingScore value='8125'/>
		<razingScore value='7650'/>
		<mineralScore value='29286'/>
		<gasScore value='10370'/>
		<totalScore value='113431'/>
	</enemy>

	<scoreRatio value='0.52915'/>
	<timeFitness value='0.365139'/>
	<unitsAverage value='47'/>
</results>
