<results>
	<result value='loss'/>
	<start value='2015-05-09.18:29:26'/>
	<end value='2015-05-09.18:29:34'/>
	<frames value='13890'/>
	<gameDuration value='868'/>

	<player>
		<unitScore value='2725'/>
		<killScore value='1200'/>
		<buildingScore value='1475'/>
		<razingScore value='0'/>
		<mineralScore value='4490'/>
		<gasScore value='680'/>
		<totalScore value='10570'/>
	</player>

	<enemy>
		<race value='Protoss'/>
		<unitScore value='3550'/>
		<unitScore value='3550'/>
		<killScore value='4600'/>
		<buildingScore value='2375'/>
		<razingScore value='4425'/>
		<mineralScore value='7186'/>
		<gasScore value='1232'/>
		<totalScore value='23368'/>
	</enemy>

	<scoreRatio value='0.452328'/>
	<timeFitness value='0.120556'/>
	<unitsAverage value='23'/>
</results>
