<results>
	<result value='loss'/>
	<start value='2015-05-02.16:53:00'/>
	<end value='2015-05-02.16:53:31'/>
	<frames value='46781'/>
	<gameDuration value='2923'/>

	<player>
		<unitScore value='18600'/>
		<killScore value='29900'/>
		<buildingScore value='3075'/>
		<razingScore value='300'/>
		<mineralScore value='20766'/>
		<gasScore value='4248'/>
		<totalScore value='76889'/>
	</player>

	<enemy>
		<race value='Protoss'/>
		<unitScore value='31550'/>
		<unitScore value='31550'/>
		<killScore value='37200'/>
		<buildingScore value='7075'/>
		<razingScore value='9225'/>
		<mineralScore value='32962'/>
		<gasScore value='10730'/>
		<totalScore value='128742'/>
	</enemy>

	<scoreRatio value='0.597233'/>
	<timeFitness value='0.405972'/>
	<unitsAverage value='57'/>
</results>
