<results>
	<result value='win'/>
	<start value='2015-05-09.18:37:38'/>
	<end value='2015-05-09.18:38:32'/>
	<frames value='43154'/>
	<gameDuration value='2697'/>

	<player>
		<unitScore value='23200'/>
		<killScore value='20300'/>
		<buildingScore value='5175'/>
		<razingScore value='19575'/>
		<mineralScore value='29170'/>
		<gasScore value='4680'/>
		<totalScore value='102100'/>
	</player>

	<enemy>
		<race value='Protoss'/>
		<unitScore value='10150'/>
		<unitScore value='10150'/>
		<killScore value='22950'/>
		<buildingScore value='6525'/>
		<razingScore value='2925'/>
		<mineralScore value='16930'/>
		<gasScore value='5088'/>
		<totalScore value='64568'/>
	</enemy>

	<scoreRatio value='1.58128'/>
	<timeFitness value='0.625417'/>
	<unitsAverage value='95'/>
</results>
