<results>
	<result value='draw'/>
	<start value='2015-04-27.16:15:06'/>
	<end value='2015-04-27.16:17:26'/>
	<frames value='57601'/>
	<gameDuration value='3600'/>

	<player>
		<unitScore value='28275'/>
		<killScore value='41100'/>
		<buildingScore value='4825'/>
		<razingScore value='9975'/>
		<mineralScore value='43446'/>
		<gasScore value='10150'/>
		<totalScore value='137771'/>
	</player>

	<enemy>
		<race value='Terran'/>
		<unitScore value='26750'/>
		<unitScore value='26750'/>
		<killScore value='33250'/>
		<buildingScore value='4275'/>
		<razingScore value='1500'/>
		<mineralScore value='19550'/>
		<gasScore value='11240'/>
		<totalScore value='96565'/>
	</enemy>

	<scoreRatio value='1.42672'/>
</results>
