<results>
	<result value='win'/>
	<start value='2015-04-27.15:20:19'/>
	<end value='2015-04-27.15:21:30'/>
	<frames value='45541'/>
	<gameDuration value='2846'/>

	<player>
		<unitScore value='24050'/>
		<killScore value='34450'/>
		<buildingScore value='6250'/>
		<razingScore value='12750'/>
		<mineralScore value='34474'/>
		<gasScore value='5872'/>
		<totalScore value='117846'/>
	</player>

	<enemy>
		<race value='Terran'/>
		<unitScore value='21400'/>
		<unitScore value='21400'/>
		<killScore value='23300'/>
		<buildingScore value='4250'/>
		<razingScore value='3975'/>
		<mineralScore value='17302'/>
		<gasScore value='8634'/>
		<totalScore value='78861'/>
	</enemy>

	<scoreRatio value='1.49435'/>
</results>
