<results>
	<result value='loss'/>
	<start value='2015-05-10.00:43:46'/>
	<end value='2015-05-10.00:44:26'/>
	<frames value='53012'/>
	<gameDuration value='3313'/>

	<player>
		<unitScore value='22225'/>
		<killScore value='41300'/>
		<buildingScore value='2425'/>
		<razingScore value='3900'/>
		<mineralScore value='24058'/>
		<gasScore value='3944'/>
		<totalScore value='97852'/>
	</player>

	<enemy>
		<race value='Protoss'/>
		<unitScore value='38400'/>
		<unitScore value='38400'/>
		<killScore value='44450'/>
		<buildingScore value='8425'/>
		<razingScore value='7275'/>
		<mineralScore value='35226'/>
		<gasScore value='10712'/>
		<totalScore value='144488'/>
	</enemy>

	<scoreRatio value='0.677233'/>
	<timeFitness value='0.460139'/>
	<unitsAverage value='72'/>
</results>
