<results>
	<result value='win'/>
	<start value='2015-05-09.03:15:21'/>
	<end value='2015-05-09.03:16:12'/>
	<frames value='28088'/>
	<gameDuration value='1755'/>

	<player>
		<unitScore value='18400'/>
		<killScore value='18670'/>
		<buildingScore value='4125'/>
		<razingScore value='5580'/>
		<mineralScore value='29558'/>
		<gasScore value='1440'/>
		<totalScore value='77773'/>
	</player>

	<enemy>
		<race value='Zerg'/>
		<unitScore value='8525'/>
		<unitScore value='8525'/>
		<killScore value='15600'/>
		<buildingScore value='1860'/>
		<razingScore value='0'/>
		<mineralScore value='8666'/>
		<gasScore value='2648'/>
		<totalScore value='37299'/>
	</enemy>

	<scoreRatio value='2.08512'/>
	<timeFitness value='0.75625'/>
	<unitsAverage value='102'/>
</results>
