<results>
	<result value='win'/>
	<start value='2015-05-09.03:44:35'/>
	<end value='2015-05-09.03:45:40'/>
	<frames value='30165'/>
	<gameDuration value='1885'/>

	<player>
		<unitScore value='19600'/>
		<killScore value='42510'/>
		<buildingScore value='4225'/>
		<razingScore value='5040'/>
		<mineralScore value='35302'/>
		<gasScore value='3552'/>
		<totalScore value='110229'/>
	</player>

	<enemy>
		<race value='Zerg'/>
		<unitScore value='17150'/>
		<unitScore value='17150'/>
		<killScore value='14700'/>
		<buildingScore value='1680'/>
		<razingScore value='0'/>
		<mineralScore value='14502'/>
		<gasScore value='4152'/>
		<totalScore value='52184'/>
	</enemy>

	<scoreRatio value='2.11231'/>
	<timeFitness value='0.738194'/>
	<unitsAverage value='115'/>
</results>
