<results>
	<result value='win'/>
	<start value='2015-05-09.03:53:59'/>
	<end value='2015-05-09.03:54:52'/>
	<frames value='30103'/>
	<gameDuration value='1881'/>

	<player>
		<unitScore value='18150'/>
		<killScore value='39280'/>
		<buildingScore value='3525'/>
		<razingScore value='6495'/>
		<mineralScore value='26354'/>
		<gasScore value='3352'/>
		<totalScore value='97156'/>
	</player>

	<enemy>
		<race value='Zerg'/>
		<unitScore value='16150'/>
		<unitScore value='16150'/>
		<killScore value='17400'/>
		<buildingScore value='2165'/>
		<razingScore value='150'/>
		<mineralScore value='14366'/>
		<gasScore value='5184'/>
		<totalScore value='55415'/>
	</enemy>

	<scoreRatio value='1.75324'/>
	<timeFitness value='0.73875'/>
	<unitsAverage value='92'/>
</results>
