<results>
	<result value='win'/>
	<start value='2015-05-09.03:53:14'/>
	<end value='2015-05-09.03:53:55'/>
	<frames value='24833'/>
	<gameDuration value='1552'/>

	<player>
		<unitScore value='15700'/>
		<killScore value='26210'/>
		<buildingScore value='3775'/>
		<razingScore value='5280'/>
		<mineralScore value='24042'/>
		<gasScore value='1992'/>
		<totalScore value='76999'/>
	</player>

	<enemy>
		<race value='Zerg'/>
		<unitScore value='11950'/>
		<unitScore value='11950'/>
		<killScore value='13550'/>
		<buildingScore value='1760'/>
		<razingScore value='0'/>
		<mineralScore value='11074'/>
		<gasScore value='3464'/>
		<totalScore value='41798'/>
	</enemy>

	<scoreRatio value='1.84217'/>
	<timeFitness value='0.784444'/>
	<unitsAverage value='87'/>
</results>
