<results>
	<result value='win'/>
	<start value='2015-05-07.17:01:55'/>
	<end value='2015-05-07.17:02:15'/>
	<frames value='32738'/>
	<gameDuration value='2046'/>

	<player>
		<unitScore value='12150'/>
		<killScore value='26850'/>
		<buildingScore value='3525'/>
		<razingScore value='12900'/>
		<mineralScore value='15858'/>
		<gasScore value='2612'/>
		<totalScore value='73895'/>
	</player>

	<enemy>
		<race value='Terran'/>
		<unitScore value='15900'/>
		<unitScore value='15900'/>
		<killScore value='13700'/>
		<buildingScore value='4300'/>
		<razingScore value='3450'/>
		<mineralScore value='13802'/>
		<gasScore value='6704'/>
		<totalScore value='57856'/>
	</enemy>

	<scoreRatio value='1.27722'/>
	<timeFitness value='0.715833'/>
	<unitsAverage value='60'/>
</results>
