<results>
	<result value='loss'/>
	<start value='2015-05-07.17:06:55'/>
	<end value='2015-05-07.17:07:05'/>
	<frames value='19098'/>
	<gameDuration value='1193'/>

	<player>
		<unitScore value='4025'/>
		<killScore value='3850'/>
		<buildingScore value='1575'/>
		<razingScore value='0'/>
		<mineralScore value='5866'/>
		<gasScore value='616'/>
		<totalScore value='15932'/>
	</player>

	<enemy>
		<race value='Terran'/>
		<unitScore value='7500'/>
		<unitScore value='7500'/>
		<killScore value='8050'/>
		<buildingScore value='2900'/>
		<razingScore value='4725'/>
		<mineralScore value='8722'/>
		<gasScore value='3264'/>
		<totalScore value='35161'/>
	</enemy>

	<scoreRatio value='0.453116'/>
	<timeFitness value='0.165694'/>
	<unitsAverage value='27'/>
</results>
