<results>
	<result value='win'/>
	<start value='2014-07-12.20:49:16'/>
	<end value='2014-07-12.20:49:29'/>
	<frames value='20152'/>
	<gameDuration value='1259'/>

	<player>
		<unitScore value='10075'/>
		<killScore value='16890'/>
		<buildingScore value='3100'/>
		<razingScore value='4560'/>
		<mineralScore value='14826'/>
		<gasScore value='1056'/>
		<totalScore value='50507'/>
	</player>

	<enemy>
		<race value='Zerg'/>
		<unitScore value='8500'/>
		<unitScore value='8500'/>
		<killScore value='7250'/>
		<buildingScore value='1520'/>
		<razingScore value='0'/>
		<mineralScore value='8186'/>
		<gasScore value='2536'/>
		<totalScore value='27992'/>
	</enemy>

	<scoreRatio value='1.80434'/>
</results>
