<results>
	<result value='win'/>
	<start value='2014-07-12.20:55:04'/>
	<end value='2014-07-12.20:55:35'/>
	<frames value='29483'/>
	<gameDuration value='1842'/>

	<player>
		<unitScore value='19650'/>
		<killScore value='24265'/>
		<buildingScore value='4550'/>
		<razingScore value='6495'/>
		<mineralScore value='26722'/>
		<gasScore value='1736'/>
		<totalScore value='83418'/>
	</player>

	<enemy>
		<race value='Zerg'/>
		<unitScore value='11650'/>
		<unitScore value='11650'/>
		<killScore value='14800'/>
		<buildingScore value='2165'/>
		<razingScore value='0'/>
		<mineralScore value='11530'/>
		<gasScore value='3760'/>
		<totalScore value='43905'/>
	</enemy>

	<scoreRatio value='1.89997'/>
</results>
