<results>
	<result value='win'/>
	<start value='2014-07-12.21:02:36'/>
	<end value='2014-07-12.21:03:07'/>
	<frames value='32459'/>
	<gameDuration value='2028'/>

	<player>
		<unitScore value='24375'/>
		<killScore value='34975'/>
		<buildingScore value='3925'/>
		<razingScore value='9495'/>
		<mineralScore value='28654'/>
		<gasScore value='2832'/>
		<totalScore value='104256'/>
	</player>

	<enemy>
		<race value='Zerg'/>
		<unitScore value='16800'/>
		<unitScore value='16800'/>
		<killScore value='28000'/>
		<buildingScore value='3165'/>
		<razingScore value='0'/>
		<mineralScore value='16078'/>
		<gasScore value='5080'/>
		<totalScore value='69123'/>
	</enemy>

	<scoreRatio value='1.50827'/>
</results>
