<results>
	<result value='win'/>
	<start value='2015-04-10.02:10:29'/>
	<end value='2015-04-10.02:11:27'/>
	<frames value='47277'/>
	<gameDuration value='2954'/>

	<player>
		<unitScore value='32600'/>
		<killScore value='43250'/>
		<buildingScore value='3150'/>
		<razingScore value='22050'/>
		<mineralScore value='34986'/>
		<gasScore value='4808'/>
		<totalScore value='140844'/>
	</player>

	<enemy>
		<race value='Protoss'/>
		<unitScore value='22175'/>
		<unitScore value='22175'/>
		<killScore value='47150'/>
		<buildingScore value='7350'/>
		<razingScore value='300'/>
		<mineralScore value='26638'/>
		<gasScore value='11224'/>
		<totalScore value='114837'/>
	</enemy>

	<scoreRatio value='1.22647'/>
</results>
