<results>
	<result value='loss'/>
	<start value='2015-04-17.04:35:15'/>
	<end value='2015-04-17.04:35:28'/>
	<frames value='14882'/>
	<gameDuration value='930'/>

	<player>
		<unitScore value='3225'/>
		<killScore value='400'/>
		<buildingScore value='1575'/>
		<razingScore value='0'/>
		<mineralScore value='5050'/>
		<gasScore value='776'/>
		<totalScore value='11026'/>
	</player>

	<enemy>
		<race value='Protoss'/>
		<unitScore value='3550'/>
		<unitScore value='3550'/>
		<killScore value='6450'/>
		<buildingScore value='2525'/>
		<razingScore value='4725'/>
		<mineralScore value='7730'/>
		<gasScore value='1360'/>
		<totalScore value='26340'/>
	</enemy>

	<scoreRatio value='0.418603'/>
</results>
