<results>
	<result value='loss'/>
	<start value='2015-07-21.07:46:13'/>
	<end value='2015-07-21.07:46:51'/>
	<frames value='28987'/>
	<gameDuration value='1811'/>

	<player>
		<unitScore value='13550'/>
		<killScore value='9100'/>
		<buildingScore value='3150'/>
		<razingScore value='0'/>
		<mineralScore value='15266'/>
		<gasScore value='1992'/>
		<totalScore value='43058'/>
	</player>

	<enemy>
		<race value='Zerg'/>
		<unitScore value='17800'/>
		<killScore value='22850'/>
		<buildingScore value='3215'/>
		<razingScore value='9450'/>
		<mineralScore value='18730'/>
		<gasScore value='5184'/>
		<totalScore value='77229'/>
	</enemy>

	<scoreRatio value='0.557537'/>
	<timeFitness value='0.251528'/>
	<unitsAverage value='60'/>
</results>
