<results>
	<result value='loss'/>
	<start value='2015-07-21.04:02:19'/>
	<end value='2015-07-21.04:03:25'/>
	<frames value='30878'/>
	<gameDuration value='1929'/>

	<player>
		<unitScore value='18450'/>
		<killScore value='9975'/>
		<buildingScore value='4450'/>
		<razingScore value='0'/>
		<mineralScore value='24786'/>
		<gasScore value='2960'/>
		<totalScore value='60621'/>
	</player>

	<enemy>
		<race value='Zerg'/>
		<unitScore value='16400'/>
		<killScore value='37000'/>
		<buildingScore value='3660'/>
		<razingScore value='13350'/>
		<mineralScore value='18650'/>
		<gasScore value='6370'/>
		<totalScore value='95430'/>
	</enemy>

	<scoreRatio value='0.63524'/>
	<timeFitness value='0.267917'/>
	<unitsAverage value='72'/>
</results>
