<results>
	<result value='win'/>
	<start value='2015-04-27.13:47:55'/>
	<end value='2015-04-27.13:48:13'/>
	<frames value='21733'/>
	<gameDuration value='1358'/>

	<player>
		<unitScore value='9875'/>
		<killScore value='14150'/>
		<buildingScore value='3050'/>
		<razingScore value='6225'/>
		<mineralScore value='14794'/>
		<gasScore value='1504'/>
		<totalScore value='49598'/>
	</player>

	<enemy>
		<race value='Terran'/>
		<unitScore value='7075'/>
		<unitScore value='7075'/>
		<killScore value='6850'/>
		<buildingScore value='2150'/>
		<razingScore value='150'/>
		<mineralScore value='8554'/>
		<gasScore value='2720'/>
		<totalScore value='27499'/>
	</enemy>

	<scoreRatio value='1.80363'/>
</results>
