<results>
	<result value='win'/>
	<start value='2014-07-24.00:58:25'/>
	<end value='2014-07-24.00:58:49'/>
	<frames value='28212'/>
	<gameDuration value='1763'/>

	<player>
		<unitScore value='17100'/>
		<killScore value='22390'/>
		<buildingScore value='4350'/>
		<razingScore value='8085'/>
		<mineralScore value='22962'/>
		<gasScore value='3368'/>
		<totalScore value='78255'/>
	</player>

	<enemy>
		<race value='Zerg'/>
		<unitScore value='10050'/>
		<unitScore value='10050'/>
		<killScore value='14950'/>
		<buildingScore value='2695'/>
		<razingScore value='1575'/>
		<mineralScore value='11690'/>
		<gasScore value='3544'/>
		<totalScore value='44504'/>
	</enemy>

	<scoreRatio value='1.75838'/>
</results>
