<results>
	<result value='win'/>
	<start value='2015-05-10.20:48:55'/>
	<end value='2015-05-10.20:49:22'/>
	<frames value='24709'/>
	<gameDuration value='1544'/>

	<player>
		<unitScore value='15875'/>
		<killScore value='25750'/>
		<buildingScore value='3475'/>
		<razingScore value='5460'/>
		<mineralScore value='26138'/>
		<gasScore value='2112'/>
		<totalScore value='78810'/>
	</player>

	<enemy>
		<race value='Zerg'/>
		<unitScore value='12150'/>
		<unitScore value='12150'/>
		<killScore value='12450'/>
		<buildingScore value='1820'/>
		<razingScore value='0'/>
		<mineralScore value='11386'/>
		<gasScore value='3208'/>
		<totalScore value='41014'/>
	</enemy>

	<scoreRatio value='1.92154'/>
	<timeFitness value='0.785556'/>
	<unitsAverage value='93'/>
</results>
