<results>
	<result value='win'/>
	<start value='2015-05-10.20:52:34'/>
	<end value='2015-05-10.20:54:14'/>
	<frames value='46347'/>
	<gameDuration value='2896'/>

	<player>
		<unitScore value='17150'/>
		<killScore value='24840'/>
		<buildingScore value='4750'/>
		<razingScore value='7845'/>
		<mineralScore value='48126'/>
		<gasScore value='7320'/>
		<totalScore value='110031'/>
	</player>

	<enemy>
		<race value='Zerg'/>
		<unitScore value='11175'/>
		<unitScore value='11175'/>
		<killScore value='11750'/>
		<buildingScore value='2615'/>
		<razingScore value='0'/>
		<mineralScore value='12034'/>
		<gasScore value='3480'/>
		<totalScore value='41054'/>
	</enemy>

	<scoreRatio value='2.68015'/>
	<timeFitness value='0.597778'/>
	<unitsAverage value='163'/>
</results>
