<results>
	<result value='win'/>
	<start value='2015-05-10.21:06:20'/>
	<end value='2015-05-10.21:07:03'/>
	<frames value='34102'/>
	<gameDuration value='2131'/>

	<player>
		<unitScore value='20450'/>
		<killScore value='31170'/>
		<buildingScore value='4150'/>
		<razingScore value='7260'/>
		<mineralScore value='33762'/>
		<gasScore value='3096'/>
		<totalScore value='99888'/>
	</player>

	<enemy>
		<race value='Zerg'/>
		<unitScore value='14050'/>
		<unitScore value='14050'/>
		<killScore value='18550'/>
		<buildingScore value='2420'/>
		<razingScore value='0'/>
		<mineralScore value='14074'/>
		<gasScore value='4408'/>
		<totalScore value='53502'/>
	</enemy>

	<scoreRatio value='1.867'/>
	<timeFitness value='0.704028'/>
	<unitsAverage value='111'/>
</results>
