<results>
	<result value='win'/>
	<start value='2015-05-04.10:02:05'/>
	<end value='2015-05-04.10:02:58'/>
	<frames value='36210'/>
	<gameDuration value='2263'/>

	<player>
		<unitScore value='21125'/>
		<killScore value='24510'/>
		<buildingScore value='4575'/>
		<razingScore value='5580'/>
		<mineralScore value='36062'/>
		<gasScore value='3824'/>
		<totalScore value='95676'/>
	</player>

	<enemy>
		<race value='Zerg'/>
		<unitScore value='11000'/>
		<unitScore value='11000'/>
		<killScore value='14350'/>
		<buildingScore value='1860'/>
		<razingScore value='0'/>
		<mineralScore value='10246'/>
		<gasScore value='2912'/>
		<totalScore value='40368'/>
	</enemy>

	<scoreRatio value='2.3701'/>
	<timeFitness value='0.685694'/>
	<unitsAverage value='126'/>
</results>
