<results>
	<result value='loss'/>
	<start value='2015-07-21.19:14:51'/>
	<end value='2015-07-21.19:15:12'/>
	<frames value='24492'/>
	<gameDuration value='1530'/>

	<player>
		<unitScore value='12000'/>
		<killScore value='7650'/>
		<buildingScore value='3050'/>
		<razingScore value='0'/>
		<mineralScore value='17418'/>
		<gasScore value='1920'/>
		<totalScore value='42038'/>
	</player>

	<enemy>
		<race value='Zerg'/>
		<unitScore value='10325'/>
		<killScore value='23650'/>
		<buildingScore value='2995'/>
		<razingScore value='9150'/>
		<mineralScore value='12682'/>
		<gasScore value='3624'/>
		<totalScore value='62426'/>
	</enemy>

	<scoreRatio value='0.673405'/>
	<timeFitness value='0.2125'/>
	<unitsAverage value='48'/>
</results>
