<results>
	<result value='loss'/>
	<start value='2015-07-21.19:18:27'/>
	<end value='2015-07-21.19:18:40'/>
	<frames value='19966'/>
	<gameDuration value='1247'/>

	<player>
		<unitScore value='4925'/>
		<killScore value='1850'/>
		<buildingScore value='1000'/>
		<razingScore value='0'/>
		<mineralScore value='9658'/>
		<gasScore value='1000'/>
		<totalScore value='18433'/>
	</player>

	<enemy>
		<race value='Zerg'/>
		<unitScore value='8300'/>
		<killScore value='9350'/>
		<buildingScore value='2235'/>
		<razingScore value='3000'/>
		<mineralScore value='9314'/>
		<gasScore value='2888'/>
		<totalScore value='35087'/>
	</enemy>

	<scoreRatio value='0.525351'/>
	<timeFitness value='0.173194'/>
	<unitsAverage value='32'/>
</results>
