<results>
	<result value='loss'/>
	<start value='2015-05-22.02:54:59'/>
	<end value='2015-05-22.02:55:06'/>
	<frames value='14541'/>
	<gameDuration value='908'/>

	<player>
		<unitScore value='3025'/>
		<killScore value='400'/>
		<buildingScore value='1425'/>
		<razingScore value='0'/>
		<mineralScore value='4426'/>
		<gasScore value='824'/>
		<totalScore value='10100'/>
	</player>

	<enemy>
		<race value='Protoss'/>
		<unitScore value='3550'/>
		<killScore value='6400'/>
		<buildingScore value='2425'/>
		<razingScore value='4275'/>
		<mineralScore value='7522'/>
		<gasScore value='1296'/>
		<totalScore value='25468'/>
	</enemy>

	<scoreRatio value='0.396576'/>
	<timeFitness value='0.126111'/>
	<unitsAverage value='23'/>
</results>
