<results>
	<result value='win'/>
	<start value='2015-04-07.22:42:04'/>
	<end value='2015-04-07.22:42:37'/>
	<frames value='32056'/>
	<gameDuration value='2003'/>

	<player>
		<unitScore value='17975'/>
		<killScore value='16400'/>
		<buildingScore value='3550'/>
		<razingScore value='17475'/>
		<mineralScore value='25290'/>
		<gasScore value='3008'/>
		<totalScore value='83698'/>
	</player>

	<enemy>
		<race value='Protoss'/>
		<unitScore value='8550'/>
		<unitScore value='8550'/>
		<killScore value='15050'/>
		<buildingScore value='5825'/>
		<razingScore value='150'/>
		<mineralScore value='13266'/>
		<gasScore value='2984'/>
		<totalScore value='45825'/>
	</enemy>

	<scoreRatio value='1.82647'/>
</results>
