<results>
	<result value='loss'/>
	<start value='2015-04-29.17:59:26'/>
	<end value='2015-04-29.17:59:38'/>
	<frames value='14851'/>
	<gameDuration value='928'/>

	<player>
		<unitScore value='3000'/>
		<killScore value='1200'/>
		<buildingScore value='1475'/>
		<razingScore value='0'/>
		<mineralScore value='4482'/>
		<gasScore value='776'/>
		<totalScore value='10933'/>
	</player>

	<enemy>
		<race value='Protoss'/>
		<unitScore value='3550'/>
		<unitScore value='3550'/>
		<killScore value='6000'/>
		<buildingScore value='2575'/>
		<razingScore value='4425'/>
		<mineralScore value='7706'/>
		<gasScore value='1424'/>
		<totalScore value='25680'/>
	</enemy>

	<scoreRatio value='0.42574'/>
	<timeFitness value='0.128889'/>
	<unitsAverage value='21'/>
</results>
