<results>
	<result value='win'/>
	<start value='2015-03-28.15:16:51'/>
	<end value='2015-03-28.15:17:50'/>
	<frames value='34598'/>
	<gameDuration value='2162'/>

	<player>
		<unitScore value='23275'/>
		<killScore value='25450'/>
		<buildingScore value='4250'/>
		<razingScore value='17625'/>
		<mineralScore value='31290'/>
		<gasScore value='4064'/>
		<totalScore value='105954'/>
	</player>

	<enemy>
		<race value='Protoss'/>
		<unitScore value='13975'/>
		<unitScore value='13975'/>
		<killScore value='23400'/>
		<buildingScore value='5875'/>
		<razingScore value='150'/>
		<mineralScore value='16034'/>
		<gasScore value='4456'/>
		<totalScore value='63890'/>
	</enemy>

	<scoreRatio value='1.65838'/>
</results>
