<results>
	<result value='loss'/>
	<start value='2015-04-08.04:49:38'/>
	<end value='2015-04-08.04:50:09'/>
	<frames value='43898'/>
	<gameDuration value='2743'/>

	<player>
		<unitScore value='11000'/>
		<killScore value='19450'/>
		<buildingScore value='1525'/>
		<razingScore value='4050'/>
		<mineralScore value='12034'/>
		<gasScore value='4792'/>
		<totalScore value='52851'/>
	</player>

	<enemy>
		<race value='Protoss'/>
		<unitScore value='29500'/>
		<unitScore value='29500'/>
		<killScore value='22000'/>
		<buildingScore value='9225'/>
		<razingScore value='4575'/>
		<mineralScore value='30898'/>
		<gasScore value='11432'/>
		<totalScore value='107630'/>
	</enemy>

	<scoreRatio value='0.491043'/>
</results>
