<results>
	<result value='loss'/>
	<start value='2015-05-11.03:42:50'/>
	<end value='2015-05-11.03:42:53'/>
	<frames value='7535'/>
	<gameDuration value='470'/>

	<player>
		<unitScore value='950'/>
		<killScore value='100'/>
		<buildingScore value='650'/>
		<razingScore value='0'/>
		<mineralScore value='1266'/>
		<gasScore value='24'/>
		<totalScore value='2990'/>
	</player>

	<enemy>
		<race value='Zerg'/>
		<unitScore value='1250'/>
		<unitScore value='1250'/>
		<killScore value='1900'/>
		<buildingScore value='780'/>
		<razingScore value='1950'/>
		<mineralScore value='2098'/>
		<gasScore value='32'/>
		<totalScore value='8010'/>
	</enemy>

	<scoreRatio value='0.373283'/>
	<timeFitness value='0.0652778'/>
	<unitsAverage value='8'/>
</results>
