<results>
	<result value='loss'/>
	<start value='2015-05-06.23:17:04'/>
	<end value='2015-05-06.23:17:16'/>
	<frames value='15657'/>
	<gameDuration value='978'/>

	<player>
		<unitScore value='2975'/>
		<killScore value='500'/>
		<buildingScore value='1500'/>
		<razingScore value='0'/>
		<mineralScore value='4346'/>
		<gasScore value='1064'/>
		<totalScore value='10385'/>
	</player>

	<enemy>
		<race value='Protoss'/>
		<unitScore value='5075'/>
		<unitScore value='5075'/>
		<killScore value='5850'/>
		<buildingScore value='2875'/>
		<razingScore value='4500'/>
		<mineralScore value='8042'/>
		<gasScore value='2136'/>
		<totalScore value='28478'/>
	</enemy>

	<scoreRatio value='0.364667'/>
	<timeFitness value='0.135833'/>
	<unitsAverage value='22'/>
</results>
