<results>
	<result value='win'/>
	<start value='2015-05-06.23:24:55'/>
	<end value='2015-05-06.23:26:38'/>
	<frames value='49850'/>
	<gameDuration value='3115'/>

	<player>
		<unitScore value='25975'/>
		<killScore value='41600'/>
		<buildingScore value='5825'/>
		<razingScore value='22275'/>
		<mineralScore value='39234'/>
		<gasScore value='7222'/>
		<totalScore value='142131'/>
	</player>

	<enemy>
		<race value='Protoss'/>
		<unitScore value='21350'/>
		<unitScore value='21350'/>
		<killScore value='32100'/>
		<buildingScore value='7425'/>
		<razingScore value='2175'/>
		<mineralScore value='23670'/>
		<gasScore value='5990'/>
		<totalScore value='92710'/>
	</enemy>

	<scoreRatio value='1.53307'/>
	<timeFitness value='0.567361'/>
	<unitsAverage value='124'/>
</results>
