<results>
	<result value='loss'/>
	<start value='2015-05-06.23:26:43'/>
	<end value='2015-05-06.23:28:02'/>
	<frames value='46688'/>
	<gameDuration value='2918'/>

	<player>
		<unitScore value='22825'/>
		<killScore value='31800'/>
		<buildingScore value='2825'/>
		<razingScore value='750'/>
		<mineralScore value='24266'/>
		<gasScore value='4064'/>
		<totalScore value='86530'/>
	</player>

	<enemy>
		<race value='Protoss'/>
		<unitScore value='34200'/>
		<unitScore value='34200'/>
		<killScore value='45650'/>
		<buildingScore value='7275'/>
		<razingScore value='8475'/>
		<mineralScore value='31790'/>
		<gasScore value='9672'/>
		<totalScore value='137062'/>
	</enemy>

	<scoreRatio value='0.63132'/>
	<timeFitness value='0.405278'/>
	<unitsAverage value='83'/>
</results>
