<results>
	<result value='win'/>
	<start value='2015-05-06.23:28:06'/>
	<end value='2015-05-06.23:29:40'/>
	<frames value='40240'/>
	<gameDuration value='2515'/>

	<player>
		<unitScore value='28075'/>
		<killScore value='49650'/>
		<buildingScore value='3850'/>
		<razingScore value='19200'/>
		<mineralScore value='30930'/>
		<gasScore value='4416'/>
		<totalScore value='136121'/>
	</player>

	<enemy>
		<race value='Protoss'/>
		<unitScore value='26650'/>
		<unitScore value='26650'/>
		<killScore value='39350'/>
		<buildingScore value='6400'/>
		<razingScore value='3600'/>
		<mineralScore value='27298'/>
		<gasScore value='8744'/>
		<totalScore value='112042'/>
	</enemy>

	<scoreRatio value='1.21491'/>
	<timeFitness value='0.650694'/>
	<unitsAverage value='127'/>
</results>
