<results>
	<result value='win'/>
	<start value='2015-05-06.23:50:59'/>
	<end value='2015-05-06.23:52:18'/>
	<frames value='38845'/>
	<gameDuration value='2427'/>

	<player>
		<unitScore value='22950'/>
		<killScore value='25150'/>
		<buildingScore value='3275'/>
		<razingScore value='22275'/>
		<mineralScore value='25778'/>
		<gasScore value='3032'/>
		<totalScore value='102460'/>
	</player>

	<enemy>
		<race value='Protoss'/>
		<unitScore value='13225'/>
		<unitScore value='13225'/>
		<killScore value='25000'/>
		<buildingScore value='7425'/>
		<razingScore value='0'/>
		<mineralScore value='17786'/>
		<gasScore value='7280'/>
		<totalScore value='70716'/>
	</enemy>

	<scoreRatio value='1.44889'/>
	<timeFitness value='0.662917'/>
	<unitsAverage value='108'/>
</results>
