<results>
	<result value='win'/>
	<start value='2015-04-17.01:19:09'/>
	<end value='2015-04-17.01:20:23'/>
	<frames value='32428'/>
	<gameDuration value='2026'/>

	<player>
		<unitScore value='23475'/>
		<killScore value='35950'/>
		<buildingScore value='4025'/>
		<razingScore value='20550'/>
		<mineralScore value='30278'/>
		<gasScore value='2344'/>
		<totalScore value='116622'/>
	</player>

	<enemy>
		<race value='Protoss'/>
		<unitScore value='19100'/>
		<unitScore value='19100'/>
		<killScore value='22550'/>
		<buildingScore value='6850'/>
		<razingScore value='0'/>
		<mineralScore value='21638'/>
		<gasScore value='4944'/>
		<totalScore value='75082'/>
	</enemy>

	<scoreRatio value='1.55326'/>
</results>
