<results>
	<result value='loss'/>
	<start value='2015-04-17.01:22:43'/>
	<end value='2015-04-17.01:22:57'/>
	<frames value='15874'/>
	<gameDuration value='992'/>

	<player>
		<unitScore value='3600'/>
		<killScore value='1000'/>
		<buildingScore value='1425'/>
		<razingScore value='0'/>
		<mineralScore value='4530'/>
		<gasScore value='696'/>
		<totalScore value='11251'/>
	</player>

	<enemy>
		<race value='Protoss'/>
		<unitScore value='3650'/>
		<unitScore value='3650'/>
		<killScore value='7200'/>
		<buildingScore value='3075'/>
		<razingScore value='4275'/>
		<mineralScore value='8258'/>
		<gasScore value='1416'/>
		<totalScore value='27874'/>
	</enemy>

	<scoreRatio value='0.403638'/>
</results>
