<results>
	<result value='win'/>
	<start value='2015-04-27.16:34:39'/>
	<end value='2015-04-27.16:34:54'/>
	<frames value='22818'/>
	<gameDuration value='1426'/>

	<player>
		<unitScore value='10950'/>
		<killScore value='17350'/>
		<buildingScore value='3325'/>
		<razingScore value='6600'/>
		<mineralScore value='16734'/>
		<gasScore value='2296'/>
		<totalScore value='57255'/>
	</player>

	<enemy>
		<race value='Terran'/>
		<unitScore value='9875'/>
		<unitScore value='9875'/>
		<killScore value='4200'/>
		<buildingScore value='2200'/>
		<razingScore value='150'/>
		<mineralScore value='9306'/>
		<gasScore value='2864'/>
		<totalScore value='28595'/>
	</enemy>

	<scoreRatio value='2.00227'/>
</results>
