<results>
	<result value='loss'/>
	<start value='2015-07-13.04:21:25'/>
	<end value='2015-07-13.04:22:16'/>
	<frames value='48703'/>
	<gameDuration value='3043'/>

	<player>
		<unitScore value='21950'/>
		<killScore value='21000'/>
		<buildingScore value='3650'/>
		<razingScore value='3750'/>
		<mineralScore value='35570'/>
		<gasScore value='3808'/>
		<totalScore value='89728'/>
	</player>

	<enemy>
		<race value='Protoss'/>
		<unitScore value='20250'/>
		<killScore value='43900'/>
		<buildingScore value='8075'/>
		<razingScore value='10950'/>
		<mineralScore value='25606'/>
		<gasScore value='8216'/>
		<totalScore value='116997'/>
	</enemy>

	<scoreRatio value='0.766926'/>
	<timeFitness value='0.422639'/>
	<unitsAverage value='65'/>
</results>
