<results>
	<result value='loss'/>
	<start value='2015-07-20.01:37:04'/>
	<end value='2015-07-20.01:37:56'/>
	<frames value='27778'/>
	<gameDuration value='1736'/>

	<player>
		<unitScore value='17200'/>
		<killScore value='8600'/>
		<buildingScore value='2900'/>
		<razingScore value='0'/>
		<mineralScore value='21482'/>
		<gasScore value='2400'/>
		<totalScore value='52582'/>
	</player>

	<enemy>
		<race value='Zerg'/>
		<unitScore value='15800'/>
		<killScore value='33050'/>
		<buildingScore value='3280'/>
		<razingScore value='8700'/>
		<mineralScore value='16382'/>
		<gasScore value='5344'/>
		<totalScore value='82556'/>
	</enemy>

	<scoreRatio value='0.636925'/>
	<timeFitness value='0.241111'/>
	<unitsAverage value='72'/>
</results>
