<results>
	<result value='win'/>
	<start value='2015-04-16.19:07:55'/>
	<end value='2015-04-16.19:09:46'/>
	<frames value='51896'/>
	<gameDuration value='3243'/>

	<player>
		<unitScore value='31450'/>
		<killScore value='47450'/>
		<buildingScore value='3025'/>
		<razingScore value='26550'/>
		<mineralScore value='30322'/>
		<gasScore value='5070'/>
		<totalScore value='143867'/>
	</player>

	<enemy>
		<race value='Protoss'/>
		<unitScore value='24775'/>
		<unitScore value='24775'/>
		<killScore value='37750'/>
		<buildingScore value='8850'/>
		<razingScore value='150'/>
		<mineralScore value='28450'/>
		<gasScore value='10632'/>
		<totalScore value='110607'/>
	</enemy>

	<scoreRatio value='1.3007'/>
</results>
