<results>
	<result value='draw'/>
	<start value='2015-05-04.14:30:07'/>
	<end value='2015-05-04.14:30:59'/>
	<frames value='57601'/>
	<gameDuration value='3600'/>

	<player>
		<unitScore value='18900'/>
		<killScore value='31150'/>
		<buildingScore value='2550'/>
		<razingScore value='4950'/>
		<mineralScore value='21678'/>
		<gasScore value='4616'/>
		<totalScore value='83844'/>
	</player>

	<enemy>
		<race value='Terran'/>
		<unitScore value='25700'/>
		<unitScore value='25700'/>
		<killScore value='30800'/>
		<buildingScore value='5600'/>
		<razingScore value='1650'/>
		<mineralScore value='21006'/>
		<gasScore value='11286'/>
		<totalScore value='96042'/>
	</enemy>

	<scoreRatio value='0.872993'/>
	<timeFitness value='0.5'/>
	<unitsAverage value='59'/>
</results>
