<results>
	<result value='loss'/>
	<start value='2015-05-04.14:31:02'/>
	<end value='2015-05-04.14:31:16'/>
	<frames value='20648'/>
	<gameDuration value='1290'/>

	<player>
		<unitScore value='5050'/>
		<killScore value='2750'/>
		<buildingScore value='1750'/>
		<razingScore value='0'/>
		<mineralScore value='7082'/>
		<gasScore value='360'/>
		<totalScore value='16992'/>
	</player>

	<enemy>
		<race value='Terran'/>
		<unitScore value='8200'/>
		<unitScore value='8200'/>
		<killScore value='10100'/>
		<buildingScore value='3125'/>
		<razingScore value='5250'/>
		<mineralScore value='9882'/>
		<gasScore value='3880'/>
		<totalScore value='40437'/>
	</enemy>

	<scoreRatio value='0.420209'/>
	<timeFitness value='0.179167'/>
	<unitsAverage value='29'/>
</results>
