<results>
	<result value='loss'/>
	<start value='2015-05-08.02:39:09'/>
	<end value='2015-05-08.02:39:23'/>
	<frames value='18447'/>
	<gameDuration value='1152'/>

	<player>
		<unitScore value='4575'/>
		<killScore value='700'/>
		<buildingScore value='1875'/>
		<razingScore value='0'/>
		<mineralScore value='6610'/>
		<gasScore value='832'/>
		<totalScore value='14592'/>
	</player>

	<enemy>
		<race value='Terran'/>
		<unitScore value='6925'/>
		<unitScore value='6925'/>
		<killScore value='9150'/>
		<buildingScore value='2900'/>
		<razingScore value='5625'/>
		<mineralScore value='8394'/>
		<gasScore value='2936'/>
		<totalScore value='35930'/>
	</enemy>

	<scoreRatio value='0.406123'/>
	<timeFitness value='0.16'/>
	<unitsAverage value='32'/>
</results>
