<results>
	<result value='win'/>
	<start value='2015-05-08.02:41:31'/>
	<end value='2015-05-08.02:41:46'/>
	<frames value='20958'/>
	<gameDuration value='1309'/>

	<player>
		<unitScore value='7575'/>
		<killScore value='12200'/>
		<buildingScore value='2850'/>
		<razingScore value='5700'/>
		<mineralScore value='11470'/>
		<gasScore value='1984'/>
		<totalScore value='41779'/>
	</player>

	<enemy>
		<race value='Terran'/>
		<unitScore value='6100'/>
		<unitScore value='6100'/>
		<killScore value='7400'/>
		<buildingScore value='1900'/>
		<razingScore value='4500'/>
		<mineralScore value='8090'/>
		<gasScore value='2624'/>
		<totalScore value='30614'/>
	</enemy>

	<scoreRatio value='1.3647'/>
	<timeFitness value='0.818194'/>
	<unitsAverage value='56'/>
</results>
