<results>
	<result value='win'/>
	<start value='2015-05-04.14:44:22'/>
	<end value='2015-05-04.14:44:46'/>
	<frames value='23066'/>
	<gameDuration value='1441'/>

	<player>
		<unitScore value='9000'/>
		<killScore value='17250'/>
		<buildingScore value='3625'/>
		<razingScore value='6375'/>
		<mineralScore value='17942'/>
		<gasScore value='2120'/>
		<totalScore value='56312'/>
	</player>

	<enemy>
		<race value='Terran'/>
		<unitScore value='8625'/>
		<unitScore value='8625'/>
		<killScore value='4900'/>
		<buildingScore value='2125'/>
		<razingScore value='1350'/>
		<mineralScore value='10050'/>
		<gasScore value='3184'/>
		<totalScore value='30234'/>
	</enemy>

	<scoreRatio value='1.86254'/>
	<timeFitness value='0.799861'/>
	<unitsAverage value='70'/>
</results>
