<results>
	<result value='win'/>
	<start value='2015-04-27.14:21:57'/>
	<end value='2015-04-27.14:22:37'/>
	<frames value='40612'/>
	<gameDuration value='2538'/>

	<player>
		<unitScore value='24100'/>
		<killScore value='37100'/>
		<buildingScore value='4850'/>
		<razingScore value='10200'/>
		<mineralScore value='32158'/>
		<gasScore value='5832'/>
		<totalScore value='114240'/>
	</player>

	<enemy>
		<race value='Terran'/>
		<unitScore value='20150'/>
		<unitScore value='20150'/>
		<killScore value='26600'/>
		<buildingScore value='3400'/>
		<razingScore value='1950'/>
		<mineralScore value='14834'/>
		<gasScore value='7236'/>
		<totalScore value='74170'/>
	</enemy>

	<scoreRatio value='1.54025'/>
</results>
