<results>
	<result value='win'/>
	<start value='2015-05-11.21:44:14'/>
	<end value='2015-05-11.21:45:20'/>
	<frames value='44735'/>
	<gameDuration value='2795'/>

	<player>
		<unitScore value='30850'/>
		<killScore value='47150'/>
		<buildingScore value='3400'/>
		<razingScore value='21150'/>
		<mineralScore value='32182'/>
		<gasScore value='6232'/>
		<totalScore value='140964'/>
	</player>

	<enemy>
		<race value='Protoss'/>
		<unitScore value='24500'/>
		<unitScore value='24500'/>
		<killScore value='38000'/>
		<buildingScore value='7050'/>
		<razingScore value='150'/>
		<mineralScore value='25330'/>
		<gasScore value='6838'/>
		<totalScore value='101868'/>
	</enemy>

	<scoreRatio value='1.38379'/>
	<timeFitness value='0.611806'/>
	<unitsAverage value='126'/>
</results>
