<results>
	<result value='loss'/>
	<start value='2015-05-11.21:50:45'/>
	<end value='2015-05-11.21:50:52'/>
	<frames value='13766'/>
	<gameDuration value='860'/>

	<player>
		<unitScore value='2525'/>
		<killScore value='400'/>
		<buildingScore value='1425'/>
		<razingScore value='0'/>
		<mineralScore value='3994'/>
		<gasScore value='576'/>
		<totalScore value='8920'/>
	</player>

	<enemy>
		<race value='Protoss'/>
		<unitScore value='3550'/>
		<unitScore value='3550'/>
		<killScore value='5050'/>
		<buildingScore value='2375'/>
		<razingScore value='4275'/>
		<mineralScore value='7058'/>
		<gasScore value='1192'/>
		<totalScore value='23500'/>
	</enemy>

	<scoreRatio value='0.379574'/>
	<timeFitness value='0.119444'/>
	<unitsAverage value='21'/>
</results>
