<results>
	<result value='loss'/>
	<start value='2015-05-11.21:59:50'/>
	<end value='2015-05-11.22:00:15'/>
	<frames value='34815'/>
	<gameDuration value='2175'/>

	<player>
		<unitScore value='15100'/>
		<killScore value='8200'/>
		<buildingScore value='2275'/>
		<razingScore value='300'/>
		<mineralScore value='17338'/>
		<gasScore value='1408'/>
		<totalScore value='44621'/>
	</player>

	<enemy>
		<race value='Protoss'/>
		<unitScore value='20300'/>
		<unitScore value='20300'/>
		<killScore value='30200'/>
		<buildingScore value='7025'/>
		<razingScore value='6825'/>
		<mineralScore value='23202'/>
		<gasScore value='8640'/>
		<totalScore value='96192'/>
	</enemy>

	<scoreRatio value='0.463874'/>
	<timeFitness value='0.302083'/>
	<unitsAverage value='54'/>
</results>
