<results>
	<result value='loss'/>
	<start value='2014-07-23.01:36:09'/>
	<end value='2014-07-23.01:36:46'/>
	<frames value='46719'/>
	<gameDuration value='2919'/>

	<player>
		<unitScore value='20775'/>
		<killScore value='23050'/>
		<buildingScore value='2450'/>
		<razingScore value='5400'/>
		<mineralScore value='20318'/>
		<gasScore value='3488'/>
		<totalScore value='75481'/>
	</player>

	<enemy>
		<race value='Protoss'/>
		<unitScore value='25500'/>
		<unitScore value='25500'/>
		<killScore value='41550'/>
		<buildingScore value='8575'/>
		<razingScore value='7350'/>
		<mineralScore value='31478'/>
		<gasScore value='7512'/>
		<totalScore value='121965'/>
	</enemy>

	<scoreRatio value='0.618874'/>
</results>
