<results>
	<result value='loss'/>
	<start value='2015-07-16.11:13:58'/>
	<end value='2015-07-16.11:14:10'/>
	<frames value='18354'/>
	<gameDuration value='1147'/>

	<player>
		<unitScore value='4075'/>
		<killScore value='1550'/>
		<buildingScore value='1950'/>
		<razingScore value='0'/>
		<mineralScore value='5418'/>
		<gasScore value='728'/>
		<totalScore value='13721'/>
	</player>

	<enemy>
		<race value='Terran'/>
		<unitScore value='7050'/>
		<killScore value='8150'/>
		<buildingScore value='2900'/>
		<razingScore value='5850'/>
		<mineralScore value='8354'/>
		<gasScore value='2888'/>
		<totalScore value='35192'/>
	</enemy>

	<scoreRatio value='0.38989'/>
	<timeFitness value='0.159306'/>
	<unitsAverage value='25'/>
</results>
