<results>
	<result value='loss'/>
	<start value='2015-07-16.11:19:21'/>
	<end value='2015-07-16.11:19:30'/>
	<frames value='15750'/>
	<gameDuration value='984'/>

	<player>
		<unitScore value='3475'/>
		<killScore value='1150'/>
		<buildingScore value='1225'/>
		<razingScore value='0'/>
		<mineralScore value='4754'/>
		<gasScore value='656'/>
		<totalScore value='11260'/>
	</player>

	<enemy>
		<race value='Terran'/>
		<unitScore value='4800'/>
		<killScore value='6200'/>
		<buildingScore value='1500'/>
		<razingScore value='3675'/>
		<mineralScore value='7362'/>
		<gasScore value='2208'/>
		<totalScore value='25745'/>
	</enemy>

	<scoreRatio value='0.437366'/>
	<timeFitness value='0.136667'/>
	<unitsAverage value='26'/>
</results>
