<results>
	<result value='loss'/>
	<start value='2015-07-16.11:19:40'/>
	<end value='2015-07-16.11:19:52'/>
	<frames value='19873'/>
	<gameDuration value='1242'/>

	<player>
		<unitScore value='4375'/>
		<killScore value='2100'/>
		<buildingScore value='2175'/>
		<razingScore value='0'/>
		<mineralScore value='5650'/>
		<gasScore value='920'/>
		<totalScore value='15220'/>
	</player>

	<enemy>
		<race value='Terran'/>
		<unitScore value='7700'/>
		<killScore value='8600'/>
		<buildingScore value='2850'/>
		<razingScore value='6525'/>
		<mineralScore value='9226'/>
		<gasScore value='3416'/>
		<totalScore value='38317'/>
	</enemy>

	<scoreRatio value='0.397213'/>
	<timeFitness value='0.1725'/>
	<unitsAverage value='27'/>
</results>
