<results>
	<result value='loss'/>
	<start value='2015-04-10.15:55:01'/>
	<end value='2015-04-10.15:55:12'/>
	<frames value='14479'/>
	<gameDuration value='904'/>

	<player>
		<unitScore value='1725'/>
		<killScore value='1000'/>
		<buildingScore value='1450'/>
		<razingScore value='0'/>
		<mineralScore value='3098'/>
		<gasScore value='728'/>
		<totalScore value='8001'/>
	</player>

	<enemy>
		<race value='Protoss'/>
		<unitScore value='3550'/>
		<unitScore value='3550'/>
		<killScore value='3450'/>
		<buildingScore value='2275'/>
		<razingScore value='4350'/>
		<mineralScore value='7602'/>
		<gasScore value='1192'/>
		<totalScore value='22419'/>
	</enemy>

	<scoreRatio value='0.356885'/>
</results>
