<results>
	<result value='loss'/>
	<start value='2015-04-10.15:56:21'/>
	<end value='2015-04-10.15:56:32'/>
	<frames value='13239'/>
	<gameDuration value='827'/>

	<player>
		<unitScore value='2300'/>
		<killScore value='600'/>
		<buildingScore value='1625'/>
		<razingScore value='0'/>
		<mineralScore value='4114'/>
		<gasScore value='664'/>
		<totalScore value='9303'/>
	</player>

	<enemy>
		<race value='Protoss'/>
		<unitScore value='3550'/>
		<unitScore value='3550'/>
		<killScore value='4600'/>
		<buildingScore value='2175'/>
		<razingScore value='4875'/>
		<mineralScore value='6626'/>
		<gasScore value='1184'/>
		<totalScore value='23010'/>
	</enemy>

	<scoreRatio value='0.404302'/>
</results>
