<results>
	<result value='loss'/>
	<start value='2015-04-10.16:02:11'/>
	<end value='2015-04-10.16:02:24'/>
	<frames value='14944'/>
	<gameDuration value='934'/>

	<player>
		<unitScore value='3200'/>
		<killScore value='800'/>
		<buildingScore value='1150'/>
		<razingScore value='0'/>
		<mineralScore value='4466'/>
		<gasScore value='504'/>
		<totalScore value='10120'/>
	</player>

	<enemy>
		<race value='Protoss'/>
		<unitScore value='3550'/>
		<unitScore value='3550'/>
		<killScore value='6400'/>
		<buildingScore value='2425'/>
		<razingScore value='3450'/>
		<mineralScore value='7586'/>
		<gasScore value='1312'/>
		<totalScore value='24723'/>
	</enemy>

	<scoreRatio value='0.409335'/>
</results>
