<results>
	<result value='win'/>
	<start value='2015-05-09.05:15:29'/>
	<end value='2015-05-09.05:15:59'/>
	<frames value='28274'/>
	<gameDuration value='1767'/>

	<player>
		<unitScore value='18650'/>
		<killScore value='22800'/>
		<buildingScore value='5075'/>
		<razingScore value='8400'/>
		<mineralScore value='25186'/>
		<gasScore value='2416'/>
		<totalScore value='82527'/>
	</player>

	<enemy>
		<race value='Terran'/>
		<unitScore value='11700'/>
		<unitScore value='11700'/>
		<killScore value='14150'/>
		<buildingScore value='2800'/>
		<razingScore value='1950'/>
		<mineralScore value='13198'/>
		<gasScore value='4480'/>
		<totalScore value='48278'/>
	</enemy>

	<scoreRatio value='1.70941'/>
	<timeFitness value='0.754583'/>
	<unitsAverage value='97'/>
</results>
