<results>
	<result value='win'/>
	<start value='2015-04-30.08:23:24'/>
	<end value='2015-04-30.08:24:10'/>
	<frames value='33141'/>
	<gameDuration value='2071'/>

	<player>
		<unitScore value='18425'/>
		<killScore value='19200'/>
		<buildingScore value='4475'/>
		<razingScore value='19425'/>
		<mineralScore value='25014'/>
		<gasScore value='3096'/>
		<totalScore value='89635'/>
	</player>

	<enemy>
		<race value='Protoss'/>
		<unitScore value='9600'/>
		<unitScore value='9600'/>
		<killScore value='14350'/>
		<buildingScore value='6475'/>
		<razingScore value='1200'/>
		<mineralScore value='16482'/>
		<gasScore value='3624'/>
		<totalScore value='51731'/>
	</enemy>

	<scoreRatio value='1.73271'/>
</results>
