<results>
	<result value='loss'/>
	<start value='2015-04-30.08:31:29'/>
	<end value='2015-04-30.08:31:43'/>
	<frames value='20834'/>
	<gameDuration value='1302'/>

	<player>
		<unitScore value='4575'/>
		<killScore value='1600'/>
		<buildingScore value='2125'/>
		<razingScore value='0'/>
		<mineralScore value='6770'/>
		<gasScore value='1168'/>
		<totalScore value='16238'/>
	</player>

	<enemy>
		<race value='Protoss'/>
		<unitScore value='6675'/>
		<unitScore value='6675'/>
		<killScore value='9150'/>
		<buildingScore value='5175'/>
		<razingScore value='6375'/>
		<mineralScore value='11666'/>
		<gasScore value='3136'/>
		<totalScore value='42177'/>
	</enemy>

	<scoreRatio value='0.384997'/>
</results>
