<results>
	<result value='win'/>
	<start value='2015-04-30.08:31:47'/>
	<end value='2015-04-30.08:32:39'/>
	<frames value='32738'/>
	<gameDuration value='2046'/>

	<player>
		<unitScore value='21075'/>
		<killScore value='23150'/>
		<buildingScore value='3075'/>
		<razingScore value='14775'/>
		<mineralScore value='28402'/>
		<gasScore value='3736'/>
		<totalScore value='94213'/>
	</player>

	<enemy>
		<race value='Protoss'/>
		<unitScore value='13325'/>
		<unitScore value='13325'/>
		<killScore value='17950'/>
		<buildingScore value='4925'/>
		<razingScore value='150'/>
		<mineralScore value='14202'/>
		<gasScore value='4480'/>
		<totalScore value='55032'/>
	</enemy>

	<scoreRatio value='1.71197'/>
</results>
