<results>
	<result value='loss'/>
	<start value='2015-07-16.04:17:31'/>
	<end value='2015-07-16.04:17:51'/>
	<frames value='20059'/>
	<gameDuration value='1253'/>

	<player>
		<unitScore value='8300'/>
		<killScore value='2450'/>
		<buildingScore value='1675'/>
		<razingScore value='0'/>
		<mineralScore value='8362'/>
		<gasScore value='1120'/>
		<totalScore value='21907'/>
	</player>

	<enemy>
		<race value='Terran'/>
		<unitScore value='8025'/>
		<killScore value='16600'/>
		<buildingScore value='2850'/>
		<razingScore value='5025'/>
		<mineralScore value='9442'/>
		<gasScore value='3736'/>
		<totalScore value='45678'/>
	</enemy>

	<scoreRatio value='0.479596'/>
	<timeFitness value='0.174028'/>
	<unitsAverage value='32'/>
</results>
