<results>
	<result value='loss'/>
	<start value='2015-07-16.04:30:17'/>
	<end value='2015-07-16.04:30:31'/>
	<frames value='20369'/>
	<gameDuration value='1273'/>

	<player>
		<unitScore value='4000'/>
		<killScore value='1600'/>
		<buildingScore value='1875'/>
		<razingScore value='0'/>
		<mineralScore value='5666'/>
		<gasScore value='824'/>
		<totalScore value='13965'/>
	</player>

	<enemy>
		<race value='Terran'/>
		<unitScore value='7800'/>
		<killScore value='8000'/>
		<buildingScore value='3100'/>
		<razingScore value='5625'/>
		<mineralScore value='9522'/>
		<gasScore value='3680'/>
		<totalScore value='37727'/>
	</enemy>

	<scoreRatio value='0.370159'/>
	<timeFitness value='0.176806'/>
	<unitsAverage value='25'/>
</results>
