<results>
	<result value='loss'/>
	<start value='2015-03-31.12:25:22'/>
	<end value='2015-03-31.12:26:07'/>
	<frames value='46285'/>
	<gameDuration value='2892'/>

	<player>
		<unitScore value='15800'/>
		<killScore value='33700'/>
		<buildingScore value='2175'/>
		<razingScore value='0'/>
		<mineralScore value='22870'/>
		<gasScore value='912'/>
		<totalScore value='75457'/>
	</player>

	<enemy>
		<race value='Protoss'/>
		<unitScore value='33245'/>
		<unitScore value='33245'/>
		<killScore value='31700'/>
		<buildingScore value='8625'/>
		<razingScore value='6525'/>
		<mineralScore value='31622'/>
		<gasScore value='12144'/>
		<totalScore value='123861'/>
	</enemy>

	<scoreRatio value='0.609207'/>
</results>
