<results>
	<result value='win'/>
	<start value='2015-05-03.19:52:20'/>
	<end value='2015-05-03.19:52:58'/>
	<frames value='29917'/>
	<gameDuration value='1869'/>

	<player>
		<unitScore value='22700'/>
		<killScore value='23980'/>
		<buildingScore value='4075'/>
		<razingScore value='4560'/>
		<mineralScore value='32310'/>
		<gasScore value='0'/>
		<totalScore value='87625'/>
	</player>

	<enemy>
		<race value='Zerg'/>
		<unitScore value='10525'/>
		<unitScore value='10525'/>
		<killScore value='25400'/>
		<buildingScore value='1520'/>
		<razingScore value='0'/>
		<mineralScore value='9662'/>
		<gasScore value='2624'/>
		<totalScore value='49731'/>
	</enemy>

	<scoreRatio value='1.76198'/>
	<timeFitness value='0.740417'/>
	<unitsAverage value='107'/>
</results>
