<results>
	<result value='win'/>
	<start value='2015-05-03.19:53:42'/>
	<end value='2015-05-03.19:54:38'/>
	<frames value='39992'/>
	<gameDuration value='2499'/>

	<player>
		<unitScore value='36800'/>
		<killScore value='39780'/>
		<buildingScore value='3975'/>
		<razingScore value='5520'/>
		<mineralScore value='42934'/>
		<gasScore value='0'/>
		<totalScore value='129009'/>
	</player>

	<enemy>
		<race value='Zerg'/>
		<unitScore value='19050'/>
		<unitScore value='19050'/>
		<killScore value='59200'/>
		<buildingScore value='1840'/>
		<razingScore value='0'/>
		<mineralScore value='15578'/>
		<gasScore value='5006'/>
		<totalScore value='100674'/>
	</enemy>

	<scoreRatio value='1.28145'/>
	<timeFitness value='0.652917'/>
	<unitsAverage value='122'/>
</results>
