<results>
	<result value='win'/>
	<start value='2015-05-21.22:22:12'/>
	<end value='2015-05-21.22:22:42'/>
	<frames value='29111'/>
	<gameDuration value='1819'/>

	<player>
		<unitScore value='17375'/>
		<killScore value='25355'/>
		<buildingScore value='3625'/>
		<razingScore value='7680'/>
		<mineralScore value='27994'/>
		<gasScore value='3560'/>
		<totalScore value='85589'/>
	</player>

	<enemy>
		<race value='Zerg'/>
		<unitScore value='11875'/>
		<killScore value='10450'/>
		<buildingScore value='2560'/>
		<razingScore value='0'/>
		<mineralScore value='12618'/>
		<gasScore value='4416'/>
		<totalScore value='41919'/>
	</enemy>

	<scoreRatio value='2.04177'/>
	<timeFitness value='0.747361'/>
	<unitsAverage value='103'/>
</results>
