<results>
	<result value='draw'/>
	<start value='2015-05-03.20:09:26'/>
	<end value='2015-05-03.20:10:39'/>
	<frames value='57601'/>
	<gameDuration value='3600'/>

	<player>
		<unitScore value='33550'/>
		<killScore value='76530'/>
		<buildingScore value='3450'/>
		<razingScore value='4665'/>
		<mineralScore value='38318'/>
		<gasScore value='3224'/>
		<totalScore value='159737'/>
	</player>

	<enemy>
		<race value='Zerg'/>
		<unitScore value='33075'/>
		<unitScore value='33075'/>
		<killScore value='59100'/>
		<buildingScore value='2635'/>
		<razingScore value='0'/>
		<mineralScore value='24686'/>
		<gasScore value='10120'/>
		<totalScore value='129616'/>
	</enemy>

	<scoreRatio value='1.23239'/>
	<timeFitness value='0.5'/>
	<unitsAverage value='110'/>
</results>
