<results>
	<result value='win'/>
	<start value='2015-04-13.18:53:27'/>
	<end value='2015-04-13.18:54:22'/>
	<frames value='46471'/>
	<gameDuration value='2904'/>

	<player>
		<unitScore value='32300'/>
		<killScore value='44750'/>
		<buildingScore value='4000'/>
		<razingScore value='18825'/>
		<mineralScore value='36342'/>
		<gasScore value='4936'/>
		<totalScore value='141153'/>
	</player>

	<enemy>
		<race value='Protoss'/>
		<unitScore value='24985'/>
		<unitScore value='24985'/>
		<killScore value='44000'/>
		<buildingScore value='6275'/>
		<razingScore value='2925'/>
		<mineralScore value='24350'/>
		<gasScore value='9884'/>
		<totalScore value='112419'/>
	</enemy>

	<scoreRatio value='1.2556'/>
</results>
