<results>
	<result value='win'/>
	<start value='2014-07-05.12:24:38'/>
	<end value='2014-07-05.12:25:10'/>
	<frames value='32893'/>
	<gameDuration value='2055'/>

	<player>
		<unitScore value='21925'/>
		<killScore value='47030'/>
		<buildingScore value='4675'/>
		<razingScore value='5115'/>
		<mineralScore value='33550'/>
		<gasScore value='4448'/>
		<totalScore value='116743'/>
	</player>

	<enemy>
		<race value='Zerg'/>
		<unitScore value='19225'/>
		<unitScore value='19225'/>
		<killScore value='20400'/>
		<buildingScore value='1705'/>
		<razingScore value='0'/>
		<mineralScore value='15370'/>
		<gasScore value='4432'/>
		<totalScore value='61132'/>
	</enemy>

	<scoreRatio value='1.90969'/>
</results>
