<results>
	<result value='draw'/>
	<start value='2015-07-15.09:16:46'/>
	<end value='2015-07-15.09:18:42'/>
	<frames value='57601'/>
	<gameDuration value='3600'/>

	<player>
		<unitScore value='37575'/>
		<killScore value='20550'/>
		<buildingScore value='4450'/>
		<razingScore value='0'/>
		<mineralScore value='32894'/>
		<gasScore value='7110'/>
		<totalScore value='102579'/>
	</player>

	<enemy>
		<race value='Terran'/>
		<unitScore value='26050'/>
		<killScore value='66750'/>
		<buildingScore value='4125'/>
		<razingScore value='4800'/>
		<mineralScore value='19550'/>
		<gasScore value='12084'/>
		<totalScore value='133359'/>
	</enemy>

	<scoreRatio value='0.769194'/>
	<timeFitness value='0.5'/>
	<unitsAverage value='82'/>
</results>
