<results>
	<result value='draw'/>
	<start value='2015-07-15.09:37:34'/>
	<end value='2015-07-15.09:39:41'/>
	<frames value='57601'/>
	<gameDuration value='3600'/>

	<player>
		<unitScore value='24525'/>
		<killScore value='17700'/>
		<buildingScore value='6200'/>
		<razingScore value='2250'/>
		<mineralScore value='32750'/>
		<gasScore value='2704'/>
		<totalScore value='86129'/>
	</player>

	<enemy>
		<race value='Terran'/>
		<unitScore value='13950'/>
		<killScore value='45900'/>
		<buildingScore value='4675'/>
		<razingScore value='15075'/>
		<mineralScore value='19570'/>
		<gasScore value='6324'/>
		<totalScore value='105494'/>
	</enemy>

	<scoreRatio value='0.816435'/>
	<timeFitness value='0.5'/>
	<unitsAverage value='56'/>
</results>
