<results>
	<result value='loss'/>
	<start value='2015-07-20.18:49:57'/>
	<end value='2015-07-20.18:50:27'/>
	<frames value='32056'/>
	<gameDuration value='2003'/>

	<player>
		<unitScore value='15900'/>
		<killScore value='13175'/>
		<buildingScore value='2725'/>
		<razingScore value='0'/>
		<mineralScore value='26170'/>
		<gasScore value='2752'/>
		<totalScore value='60722'/>
	</player>

	<enemy>
		<race value='Zerg'/>
		<unitScore value='16050'/>
		<killScore value='31800'/>
		<buildingScore value='3290'/>
		<razingScore value='8175'/>
		<mineralScore value='15410'/>
		<gasScore value='5928'/>
		<totalScore value='80653'/>
	</enemy>

	<scoreRatio value='0.75288'/>
	<timeFitness value='0.278194'/>
	<unitsAverage value='61'/>
</results>
