<results>
	<result value='loss'/>
	<start value='2015-04-11.10:46:23'/>
	<end value='2015-04-11.10:48:04'/>
	<frames value='56298'/>
	<gameDuration value='3518'/>

	<player>
		<unitScore value='29450'/>
		<killScore value='46250'/>
		<buildingScore value='3350'/>
		<razingScore value='2550'/>
		<mineralScore value='31518'/>
		<gasScore value='6456'/>
		<totalScore value='119574'/>
	</player>

	<enemy>
		<race value='Protoss'/>
		<unitScore value='36625'/>
		<unitScore value='36625'/>
		<killScore value='58900'/>
		<buildingScore value='7275'/>
		<razingScore value='10050'/>
		<mineralScore value='31534'/>
		<gasScore value='11170'/>
		<totalScore value='155554'/>
	</enemy>

	<scoreRatio value='0.768698'/>
</results>
