<results>
	<result value='loss'/>
	<start value='2015-07-11.18:58:39'/>
	<end value='2015-07-11.18:59:10'/>
	<frames value='38535'/>
	<gameDuration value='2408'/>

	<player>
		<unitScore value='15450'/>
		<killScore value='7700'/>
		<buildingScore value='3925'/>
		<razingScore value='0'/>
		<mineralScore value='27698'/>
		<gasScore value='1448'/>
		<totalScore value='56221'/>
	</player>

	<enemy>
		<race value='Protoss'/>
		<unitScore value='12625'/>
		<killScore value='30900'/>
		<buildingScore value='6575'/>
		<razingScore value='11775'/>
		<mineralScore value='22450'/>
		<gasScore value='5314'/>
		<totalScore value='89639'/>
	</enemy>

	<scoreRatio value='0.627194'/>
	<timeFitness value='0.334444'/>
	<unitsAverage value='68'/>
</results>
