<results>
	<result value='win'/>
	<start value='2015-07-11.19:07:01'/>
	<end value='2015-07-11.19:07:24'/>
	<frames value='26724'/>
	<gameDuration value='1670'/>

	<player>
		<unitScore value='17600'/>
		<killScore value='14500'/>
		<buildingScore value='3375'/>
		<razingScore value='8925'/>
		<mineralScore value='22346'/>
		<gasScore value='3240'/>
		<totalScore value='69986'/>
	</player>

	<enemy>
		<race value='Protoss'/>
		<unitScore value='7250'/>
		<killScore value='13750'/>
		<buildingScore value='2975'/>
		<razingScore value='150'/>
		<mineralScore value='10674'/>
		<gasScore value='1704'/>
		<totalScore value='36503'/>
	</enemy>

	<scoreRatio value='1.91727'/>
	<timeFitness value='0.768056'/>
	<unitsAverage value='78'/>
</results>
