<results>
	<result value='win'/>
	<start value='2015-05-10.06:56:48'/>
	<end value='2015-05-10.06:57:01'/>
	<frames value='21113'/>
	<gameDuration value='1319'/>

	<player>
		<unitScore value='8775'/>
		<killScore value='13250'/>
		<buildingScore value='2125'/>
		<razingScore value='4200'/>
		<mineralScore value='12674'/>
		<gasScore value='1760'/>
		<totalScore value='42784'/>
	</player>

	<enemy>
		<race value='Terran'/>
		<unitScore value='6625'/>
		<unitScore value='6625'/>
		<killScore value='6200'/>
		<buildingScore value='1400'/>
		<razingScore value='150'/>
		<mineralScore value='8890'/>
		<gasScore value='2264'/>
		<totalScore value='25529'/>
	</enemy>

	<scoreRatio value='1.6759'/>
	<timeFitness value='0.816806'/>
	<unitsAverage value='50'/>
</results>
