<results>
	<result value='win'/>
	<start value='2015-04-28.05:23:33'/>
	<end value='2015-04-28.05:24:00'/>
	<frames value='23159'/>
	<gameDuration value='1447'/>

	<player>
		<unitScore value='12775'/>
		<killScore value='19070'/>
		<buildingScore value='3525'/>
		<razingScore value='4755'/>
		<mineralScore value='17458'/>
		<gasScore value='1256'/>
		<totalScore value='58839'/>
	</player>

	<enemy>
		<race value='Zerg'/>
		<unitScore value='9125'/>
		<unitScore value='9125'/>
		<killScore value='8850'/>
		<buildingScore value='1585'/>
		<razingScore value='0'/>
		<mineralScore value='9098'/>
		<gasScore value='2792'/>
		<totalScore value='31450'/>
	</enemy>

	<scoreRatio value='1.87087'/>
</results>
