<results>
	<result value='win'/>
	<start value='2015-04-28.05:24:44'/>
	<end value='2015-04-28.05:26:00'/>
	<frames value='35435'/>
	<gameDuration value='2214'/>

	<player>
		<unitScore value='25200'/>
		<killScore value='45915'/>
		<buildingScore value='4700'/>
		<razingScore value='7185'/>
		<mineralScore value='33762'/>
		<gasScore value='3120'/>
		<totalScore value='119882'/>
	</player>

	<enemy>
		<race value='Zerg'/>
		<unitScore value='20350'/>
		<unitScore value='20350'/>
		<killScore value='26350'/>
		<buildingScore value='2395'/>
		<razingScore value='0'/>
		<mineralScore value='17898'/>
		<gasScore value='5576'/>
		<totalScore value='72569'/>
	</enemy>

	<scoreRatio value='1.65197'/>
</results>
