<results>
	<result value='win'/>
	<start value='2015-04-28.05:32:34'/>
	<end value='2015-04-28.05:33:11'/>
	<frames value='26476'/>
	<gameDuration value='1654'/>

	<player>
		<unitScore value='17775'/>
		<killScore value='22740'/>
		<buildingScore value='4050'/>
		<razingScore value='5895'/>
		<mineralScore value='21306'/>
		<gasScore value='1784'/>
		<totalScore value='73550'/>
	</player>

	<enemy>
		<race value='Zerg'/>
		<unitScore value='10250'/>
		<unitScore value='10250'/>
		<killScore value='16150'/>
		<buildingScore value='1965'/>
		<razingScore value='0'/>
		<mineralScore value='10662'/>
		<gasScore value='3568'/>
		<totalScore value='42595'/>
	</enemy>

	<scoreRatio value='1.72673'/>
</results>
