<results>
	<result value='loss'/>
	<start value='2015-05-10.15:14:00'/>
	<end value='2015-05-10.15:14:17'/>
	<frames value='29297'/>
	<gameDuration value='1831'/>

	<player>
		<unitScore value='7625'/>
		<killScore value='4150'/>
		<buildingScore value='1800'/>
		<razingScore value='0'/>
		<mineralScore value='8882'/>
		<gasScore value='1128'/>
		<totalScore value='23585'/>
	</player>

	<enemy>
		<race value='Protoss'/>
		<unitScore value='14450'/>
		<unitScore value='14450'/>
		<killScore value='15250'/>
		<buildingScore value='6025'/>
		<razingScore value='5400'/>
		<mineralScore value='17690'/>
		<gasScore value='6760'/>
		<totalScore value='65575'/>
	</enemy>

	<scoreRatio value='0.359664'/>
	<timeFitness value='0.254306'/>
	<unitsAverage value='31'/>
</results>
