<results>
	<result value='draw'/>
	<start value='2015-05-10.15:17:29'/>
	<end value='2015-05-10.15:18:37'/>
	<frames value='57601'/>
	<gameDuration value='3600'/>

	<player>
		<unitScore value='29700'/>
		<killScore value='41250'/>
		<buildingScore value='2875'/>
		<razingScore value='13050'/>
		<mineralScore value='31846'/>
		<gasScore value='5000'/>
		<totalScore value='123721'/>
	</player>

	<enemy>
		<race value='Protoss'/>
		<unitScore value='25450'/>
		<unitScore value='25450'/>
		<killScore value='52800'/>
		<buildingScore value='8100'/>
		<razingScore value='0'/>
		<mineralScore value='28878'/>
		<gasScore value='9832'/>
		<totalScore value='125060'/>
	</enemy>

	<scoreRatio value='0.989293'/>
	<timeFitness value='0.5'/>
	<unitsAverage value='105'/>
</results>
