<results>
	<result value='loss'/>
	<start value='2015-05-10.15:22:02'/>
	<end value='2015-05-10.15:22:08'/>
	<frames value='14665'/>
	<gameDuration value='916'/>

	<player>
		<unitScore value='2675'/>
		<killScore value='1400'/>
		<buildingScore value='1550'/>
		<razingScore value='0'/>
		<mineralScore value='4586'/>
		<gasScore value='560'/>
		<totalScore value='10771'/>
	</player>

	<enemy>
		<race value='Protoss'/>
		<unitScore value='3550'/>
		<unitScore value='3550'/>
		<killScore value='5250'/>
		<buildingScore value='2225'/>
		<razingScore value='4650'/>
		<mineralScore value='7346'/>
		<gasScore value='1184'/>
		<totalScore value='24205'/>
	</enemy>

	<scoreRatio value='0.444991'/>
	<timeFitness value='0.127222'/>
	<unitsAverage value='22'/>
</results>
