<results>
	<result value='loss'/>
	<start value='2015-05-10.15:23:58'/>
	<end value='2015-05-10.15:24:07'/>
	<frames value='20648'/>
	<gameDuration value='1290'/>

	<player>
		<unitScore value='2775'/>
		<killScore value='2000'/>
		<buildingScore value='1550'/>
		<razingScore value='0'/>
		<mineralScore value='4490'/>
		<gasScore value='512'/>
		<totalScore value='11327'/>
	</player>

	<enemy>
		<race value='Protoss'/>
		<unitScore value='5075'/>
		<unitScore value='5075'/>
		<killScore value='5550'/>
		<buildingScore value='5375'/>
		<razingScore value='4650'/>
		<mineralScore value='11842'/>
		<gasScore value='2400'/>
		<totalScore value='34892'/>
	</enemy>

	<scoreRatio value='0.32463'/>
	<timeFitness value='0.179167'/>
	<unitsAverage value='18'/>
</results>
