<results>
	<result value='loss'/>
	<start value='2015-05-10.15:27:49'/>
	<end value='2015-05-10.15:28:23'/>
	<frames value='37977'/>
	<gameDuration value='2373'/>

	<player>
		<unitScore value='16575'/>
		<killScore value='11700'/>
		<buildingScore value='2250'/>
		<razingScore value='0'/>
		<mineralScore value='17938'/>
		<gasScore value='3472'/>
		<totalScore value='51935'/>
	</player>

	<enemy>
		<race value='Protoss'/>
		<unitScore value='24800'/>
		<unitScore value='24800'/>
		<killScore value='33250'/>
		<buildingScore value='7125'/>
		<razingScore value='6750'/>
		<mineralScore value='26490'/>
		<gasScore value='10068'/>
		<totalScore value='108483'/>
	</enemy>

	<scoreRatio value='0.478739'/>
	<timeFitness value='0.329583'/>
	<unitsAverage value='65'/>
</results>
