<results>
	<result value='win'/>
	<start value='2015-05-10.06:39:38'/>
	<end value='2015-05-10.06:40:35'/>
	<frames value='41883'/>
	<gameDuration value='2617'/>

	<player>
		<unitScore value='32875'/>
		<killScore value='32050'/>
		<buildingScore value='4075'/>
		<razingScore value='12900'/>
		<mineralScore value='36638'/>
		<gasScore value='5712'/>
		<totalScore value='124250'/>
	</player>

	<enemy>
		<race value='Terran'/>
		<unitScore value='16825'/>
		<unitScore value='16825'/>
		<killScore value='42750'/>
		<buildingScore value='4300'/>
		<razingScore value='150'/>
		<mineralScore value='14962'/>
		<gasScore value='6746'/>
		<totalScore value='85733'/>
	</enemy>

	<scoreRatio value='1.44927'/>
	<timeFitness value='0.636528'/>
	<unitsAverage value='134'/>
</results>
