<results>
	<result value='win'/>
	<start value='2015-05-10.06:42:48'/>
	<end value='2015-05-10.06:42:58'/>
	<frames value='16866'/>
	<gameDuration value='1054'/>

	<player>
		<unitScore value='5900'/>
		<killScore value='10100'/>
		<buildingScore value='2025'/>
		<razingScore value='4650'/>
		<mineralScore value='8962'/>
		<gasScore value='1552'/>
		<totalScore value='33189'/>
	</player>

	<enemy>
		<race value='Terran'/>
		<unitScore value='5050'/>
		<unitScore value='5050'/>
		<killScore value='1400'/>
		<buildingScore value='1550'/>
		<razingScore value='0'/>
		<mineralScore value='7474'/>
		<gasScore value='1840'/>
		<totalScore value='17314'/>
	</enemy>

	<scoreRatio value='1.91689'/>
	<timeFitness value='0.853611'/>
	<unitsAverage value='47'/>
</results>
