<results>
	<result value='loss'/>
	<start value='2015-07-20.11:51:05'/>
	<end value='2015-07-20.11:52:00'/>
	<frames value='29762'/>
	<gameDuration value='1860'/>

	<player>
		<unitScore value='13950'/>
		<killScore value='5600'/>
		<buildingScore value='4550'/>
		<razingScore value='0'/>
		<mineralScore value='17106'/>
		<gasScore value='1848'/>
		<totalScore value='43054'/>
	</player>

	<enemy>
		<race value='Zerg'/>
		<unitScore value='16500'/>
		<killScore value='22750'/>
		<buildingScore value='3960'/>
		<razingScore value='13650'/>
		<mineralScore value='18354'/>
		<gasScore value='6920'/>
		<totalScore value='82134'/>
	</enemy>

	<scoreRatio value='0.524192'/>
	<timeFitness value='0.258333'/>
	<unitsAverage value='65'/>
</results>
