<results>
	<result value='loss'/>
	<start value='2015-07-20.11:57:08'/>
	<end value='2015-07-20.11:57:54'/>
	<frames value='28739'/>
	<gameDuration value='1796'/>

	<player>
		<unitScore value='11850'/>
		<killScore value='4450'/>
		<buildingScore value='4625'/>
		<razingScore value='0'/>
		<mineralScore value='16550'/>
		<gasScore value='1928'/>
		<totalScore value='39403'/>
	</player>

	<enemy>
		<race value='Zerg'/>
		<unitScore value='13500'/>
		<killScore value='19200'/>
		<buildingScore value='3910'/>
		<razingScore value='13875'/>
		<mineralScore value='18126'/>
		<gasScore value='6048'/>
		<totalScore value='74659'/>
	</enemy>

	<scoreRatio value='0.527773'/>
	<timeFitness value='0.249444'/>
	<unitsAverage value='58'/>
</results>
