<results>
	<result value='loss'/>
	<start value='2014-07-23.21:31:16'/>
	<end value='2014-07-23.21:31:45'/>
	<frames value='37047'/>
	<gameDuration value='2315'/>

	<player>
		<unitScore value='14500'/>
		<killScore value='14750'/>
		<buildingScore value='2400'/>
		<razingScore value='600'/>
		<mineralScore value='16786'/>
		<gasScore value='2328'/>
		<totalScore value='51364'/>
	</player>

	<enemy>
		<race value='Protoss'/>
		<unitScore value='19100'/>
		<unitScore value='19100'/>
		<killScore value='29000'/>
		<buildingScore value='7075'/>
		<razingScore value='7200'/>
		<mineralScore value='27070'/>
		<gasScore value='7008'/>
		<totalScore value='96453'/>
	</enemy>

	<scoreRatio value='0.532529'/>
</results>
