<results>
	<result value='loss'/>
	<start value='2014-07-23.21:31:49'/>
	<end value='2014-07-23.21:32:35'/>
	<frames value='47525'/>
	<gameDuration value='2970'/>

	<player>
		<unitScore value='21950'/>
		<killScore value='36800'/>
		<buildingScore value='3000'/>
		<razingScore value='750'/>
		<mineralScore value='24090'/>
		<gasScore value='4464'/>
		<totalScore value='91054'/>
	</player>

	<enemy>
		<race value='Protoss'/>
		<unitScore value='36675'/>
		<unitScore value='36675'/>
		<killScore value='43900'/>
		<buildingScore value='7725'/>
		<razingScore value='9000'/>
		<mineralScore value='33058'/>
		<gasScore value='11192'/>
		<totalScore value='141550'/>
	</enemy>

	<scoreRatio value='0.643264'/>
</results>
