<results>
	<result value='win'/>
	<start value='2015-04-17.01:45:50'/>
	<end value='2015-04-17.01:46:44'/>
	<frames value='30568'/>
	<gameDuration value='1910'/>

	<player>
		<unitScore value='18825'/>
		<killScore value='22300'/>
		<buildingScore value='3875'/>
		<razingScore value='17325'/>
		<mineralScore value='25562'/>
		<gasScore value='2224'/>
		<totalScore value='90111'/>
	</player>

	<enemy>
		<race value='Protoss'/>
		<unitScore value='11200'/>
		<unitScore value='11200'/>
		<killScore value='15950'/>
		<buildingScore value='5775'/>
		<razingScore value='225'/>
		<mineralScore value='15334'/>
		<gasScore value='4624'/>
		<totalScore value='53108'/>
	</enemy>

	<scoreRatio value='1.69675'/>
</results>
