<results>
	<result value='win'/>
	<start value='2015-05-11.17:18:37'/>
	<end value='2015-05-11.17:18:58'/>
	<frames value='24306'/>
	<gameDuration value='1519'/>

	<player>
		<unitScore value='12175'/>
		<killScore value='19775'/>
		<buildingScore value='2425'/>
		<razingScore value='6015'/>
		<mineralScore value='14962'/>
		<gasScore value='1424'/>
		<totalScore value='56776'/>
	</player>

	<enemy>
		<race value='Zerg'/>
		<unitScore value='9000'/>
		<unitScore value='9000'/>
		<killScore value='9900'/>
		<buildingScore value='2005'/>
		<razingScore value='0'/>
		<mineralScore value='9586'/>
		<gasScore value='2904'/>
		<totalScore value='33395'/>
	</enemy>

	<scoreRatio value='1.70013'/>
	<timeFitness value='0.789028'/>
	<unitsAverage value='64'/>
</results>
