<results>
	<result value='win'/>
	<start value='2015-05-11.17:22:50'/>
	<end value='2015-05-11.17:23:35'/>
	<frames value='33110'/>
	<gameDuration value='2069'/>

	<player>
		<unitScore value='18600'/>
		<killScore value='22320'/>
		<buildingScore value='4700'/>
		<razingScore value='5535'/>
		<mineralScore value='31978'/>
		<gasScore value='3640'/>
		<totalScore value='86773'/>
	</player>

	<enemy>
		<race value='Zerg'/>
		<unitScore value='9900'/>
		<unitScore value='9900'/>
		<killScore value='14600'/>
		<buildingScore value='1845'/>
		<razingScore value='0'/>
		<mineralScore value='9178'/>
		<gasScore value='2592'/>
		<totalScore value='38115'/>
	</enemy>

	<scoreRatio value='2.27661'/>
	<timeFitness value='0.712639'/>
	<unitsAverage value='108'/>
</results>
