<results>
	<result value='loss'/>
	<start value='2015-05-11.17:27:01'/>
	<end value='2015-05-11.17:27:19'/>
	<frames value='27282'/>
	<gameDuration value='1705'/>

	<player>
		<unitScore value='7850'/>
		<killScore value='13700'/>
		<buildingScore value='2675'/>
		<razingScore value='0'/>
		<mineralScore value='10894'/>
		<gasScore value='1920'/>
		<totalScore value='37039'/>
	</player>

	<enemy>
		<race value='Zerg'/>
		<unitScore value='16350'/>
		<unitScore value='16350'/>
		<killScore value='15700'/>
		<buildingScore value='3280'/>
		<razingScore value='8025'/>
		<mineralScore value='16210'/>
		<gasScore value='5488'/>
		<totalScore value='65053'/>
	</enemy>

	<scoreRatio value='0.569367'/>
	<timeFitness value='0.236806'/>
	<unitsAverage value='38'/>
</results>
