<results>
	<result value='win'/>
	<start value='2015-05-11.17:31:30'/>
	<end value='2015-05-11.17:31:52'/>
	<frames value='25577'/>
	<gameDuration value='1598'/>

	<player>
		<unitScore value='16900'/>
		<killScore value='21670'/>
		<buildingScore value='2975'/>
		<razingScore value='5820'/>
		<mineralScore value='19818'/>
		<gasScore value='1304'/>
		<totalScore value='68487'/>
	</player>

	<enemy>
		<race value='Zerg'/>
		<unitScore value='9700'/>
		<unitScore value='9700'/>
		<killScore value='18750'/>
		<buildingScore value='1940'/>
		<razingScore value='0'/>
		<mineralScore value='8874'/>
		<gasScore value='2720'/>
		<totalScore value='41984'/>
	</enemy>

	<scoreRatio value='1.63126'/>
	<timeFitness value='0.778056'/>
	<unitsAverage value='74'/>
</results>
