<results>
	<result value='win'/>
	<start value='2015-05-11.17:34:11'/>
	<end value='2015-05-11.17:34:31'/>
	<frames value='21919'/>
	<gameDuration value='1369'/>

	<player>
		<unitScore value='12600'/>
		<killScore value='18510'/>
		<buildingScore value='3425'/>
		<razingScore value='5460'/>
		<mineralScore value='17602'/>
		<gasScore value='1816'/>
		<totalScore value='59413'/>
	</player>

	<enemy>
		<race value='Zerg'/>
		<unitScore value='8475'/>
		<unitScore value='8475'/>
		<killScore value='8400'/>
		<buildingScore value='1820'/>
		<razingScore value='0'/>
		<mineralScore value='8354'/>
		<gasScore value='2584'/>
		<totalScore value='29633'/>
	</enemy>

	<scoreRatio value='2.00496'/>
	<timeFitness value='0.809861'/>
	<unitsAverage value='73'/>
</results>
