<results>
	<result value='win'/>
	<start value='2015-05-11.17:35:29'/>
	<end value='2015-05-11.17:36:16'/>
	<frames value='45324'/>
	<gameDuration value='2832'/>

	<player>
		<unitScore value='25325'/>
		<killScore value='52215'/>
		<buildingScore value='4175'/>
		<razingScore value='11430'/>
		<mineralScore value='28378'/>
		<gasScore value='3464'/>
		<totalScore value='124987'/>
	</player>

	<enemy>
		<race value='Zerg'/>
		<unitScore value='24400'/>
		<unitScore value='24400'/>
		<killScore value='29150'/>
		<buildingScore value='3810'/>
		<razingScore value='1950'/>
		<mineralScore value='21202'/>
		<gasScore value='7924'/>
		<totalScore value='88436'/>
	</enemy>

	<scoreRatio value='1.4133'/>
	<timeFitness value='0.606667'/>
	<unitsAverage value='77'/>
</results>
