<results>
	<result value='loss'/>
	<start value='2015-05-08.20:27:46'/>
	<end value='2015-05-08.20:27:52'/>
	<frames value='14758'/>
	<gameDuration value='922'/>

	<player>
		<unitScore value='2800'/>
		<killScore value='600'/>
		<buildingScore value='1525'/>
		<razingScore value='0'/>
		<mineralScore value='4354'/>
		<gasScore value='864'/>
		<totalScore value='10143'/>
	</player>

	<enemy>
		<race value='Protoss'/>
		<unitScore value='3925'/>
		<unitScore value='3925'/>
		<killScore value='5500'/>
		<buildingScore value='2325'/>
		<razingScore value='4575'/>
		<mineralScore value='7498'/>
		<gasScore value='1848'/>
		<totalScore value='25671'/>
	</enemy>

	<scoreRatio value='0.395115'/>
	<timeFitness value='0.128056'/>
	<unitsAverage value='24'/>
</results>
