<results>
	<result value='loss'/>
	<start value='2015-05-08.20:27:56'/>
	<end value='2015-05-08.20:28:03'/>
	<frames value='15595'/>
	<gameDuration value='974'/>

	<player>
		<unitScore value='2700'/>
		<killScore value='400'/>
		<buildingScore value='1675'/>
		<razingScore value='0'/>
		<mineralScore value='4554'/>
		<gasScore value='736'/>
		<totalScore value='10065'/>
	</player>

	<enemy>
		<race value='Protoss'/>
		<unitScore value='3800'/>
		<unitScore value='3800'/>
		<killScore value='5300'/>
		<buildingScore value='2975'/>
		<razingScore value='5025'/>
		<mineralScore value='8130'/>
		<gasScore value='1496'/>
		<totalScore value='26726'/>
	</enemy>

	<scoreRatio value='0.3766'/>
	<timeFitness value='0.135278'/>
	<unitsAverage value='20'/>
</results>
