<results>
	<result value='win'/>
	<start value='2015-05-08.20:26:53'/>
	<end value='2015-05-08.20:27:43'/>
	<frames value='41294'/>
	<gameDuration value='2580'/>

	<player>
		<unitScore value='31350'/>
		<killScore value='38600'/>
		<buildingScore value='4000'/>
		<razingScore value='18450'/>
		<mineralScore value='34110'/>
		<gasScore value='4040'/>
		<totalScore value='130550'/>
	</player>

	<enemy>
		<race value='Protoss'/>
		<unitScore value='21825'/>
		<unitScore value='21825'/>
		<killScore value='45200'/>
		<buildingScore value='6150'/>
		<razingScore value='150'/>
		<mineralScore value='25946'/>
		<gasScore value='8384'/>
		<totalScore value='107655'/>
	</enemy>

	<scoreRatio value='1.21267'/>
	<timeFitness value='0.641667'/>
	<unitsAverage value='131'/>
</results>
