<results>
	<result value='win'/>
	<start value='2015-05-08.21:00:25'/>
	<end value='2015-05-08.21:01:32'/>
	<frames value='55554'/>
	<gameDuration value='3472'/>

	<player>
		<unitScore value='29425'/>
		<killScore value='39250'/>
		<buildingScore value='4550'/>
		<razingScore value='17775'/>
		<mineralScore value='38962'/>
		<gasScore value='8670'/>
		<totalScore value='138632'/>
	</player>

	<enemy>
		<race value='Protoss'/>
		<unitScore value='20625'/>
		<unitScore value='20625'/>
		<killScore value='35250'/>
		<buildingScore value='5925'/>
		<razingScore value='675'/>
		<mineralScore value='24114'/>
		<gasScore value='5890'/>
		<totalScore value='92479'/>
	</enemy>

	<scoreRatio value='1.49906'/>
	<timeFitness value='0.517778'/>
	<unitsAverage value='135'/>
</results>
