<results>
	<result value='win'/>
	<start value='2015-05-08.21:03:20'/>
	<end value='2015-05-08.21:03:50'/>
	<frames value='36954'/>
	<gameDuration value='2309'/>

	<player>
		<unitScore value='20000'/>
		<killScore value='22500'/>
		<buildingScore value='3800'/>
		<razingScore value='20325'/>
		<mineralScore value='24014'/>
		<gasScore value='3280'/>
		<totalScore value='93919'/>
	</player>

	<enemy>
		<race value='Protoss'/>
		<unitScore value='12050'/>
		<unitScore value='12050'/>
		<killScore value='22150'/>
		<buildingScore value='6775'/>
		<razingScore value='2025'/>
		<mineralScore value='15850'/>
		<gasScore value='4568'/>
		<totalScore value='63418'/>
	</enemy>

	<scoreRatio value='1.48095'/>
	<timeFitness value='0.679306'/>
	<unitsAverage value='87'/>
</results>
