<results>
	<result value='loss'/>
	<start value='2015-05-08.21:03:54'/>
	<end value='2015-05-08.21:04:27'/>
	<frames value='46905'/>
	<gameDuration value='2931'/>

	<player>
		<unitScore value='20575'/>
		<killScore value='26800'/>
		<buildingScore value='3175'/>
		<razingScore value='2700'/>
		<mineralScore value='23142'/>
		<gasScore value='4264'/>
		<totalScore value='80656'/>
	</player>

	<enemy>
		<race value='Protoss'/>
		<unitScore value='24025'/>
		<unitScore value='24025'/>
		<killScore value='40500'/>
		<buildingScore value='7875'/>
		<razingScore value='9525'/>
		<mineralScore value='27874'/>
		<gasScore value='8190'/>
		<totalScore value='117989'/>
	</enemy>

	<scoreRatio value='0.683589'/>
	<timeFitness value='0.407083'/>
	<unitsAverage value='67'/>
</results>
