<results>
	<result value='draw'/>
	<start value='2015-07-07.21:02:24'/>
	<end value='2015-07-07.21:06:29'/>
	<frames value='57601'/>
	<gameDuration value='3600'/>

	<player>
		<unitScore value='40975'/>
		<killScore value='14600'/>
		<buildingScore value='4525'/>
		<razingScore value='0'/>
		<mineralScore value='40330'/>
		<gasScore value='6928'/>
		<totalScore value='107358'/>
	</player>

	<enemy>
		<race value='Terran'/>
		<unitScore value='13375'/>
		<killScore value='53700'/>
		<buildingScore value='3125'/>
		<razingScore value='1500'/>
		<mineralScore value='12050'/>
		<gasScore value='6620'/>
		<totalScore value='90370'/>
	</enemy>

	<scoreRatio value='1.18798'/>
	<timeFitness value='0.5'/>
	<unitsAverage value='155'/>
</results>
