<results>
	<result value='win'/>
	<start value='2015-07-07.21:24:42'/>
	<end value='2015-07-07.21:26:38'/>
	<frames value='41325'/>
	<gameDuration value='2582'/>

	<player>
		<unitScore value='31675'/>
		<killScore value='25950'/>
		<buildingScore value='4250'/>
		<razingScore value='7500'/>
		<mineralScore value='34470'/>
		<gasScore value='4448'/>
		<totalScore value='108293'/>
	</player>

	<enemy>
		<race value='Terran'/>
		<unitScore value='14325'/>
		<killScore value='39300'/>
		<buildingScore value='2500'/>
		<razingScore value='1725'/>
		<mineralScore value='12050'/>
		<gasScore value='5438'/>
		<totalScore value='75338'/>
	</enemy>

	<scoreRatio value='1.43743'/>
	<timeFitness value='0.641389'/>
	<unitsAverage value='120'/>
</results>
