<results>
	<result value='loss'/>
	<start value='2015-07-07.21:31:29'/>
	<end value='2015-07-07.21:32:01'/>
	<frames value='24058'/>
	<gameDuration value='1503'/>

	<player>
		<unitScore value='12775'/>
		<killScore value='7450'/>
		<buildingScore value='2375'/>
		<razingScore value='1125'/>
		<mineralScore value='11478'/>
		<gasScore value='2528'/>
		<totalScore value='37731'/>
	</player>

	<enemy>
		<race value='Terran'/>
		<unitScore value='9300'/>
		<killScore value='23900'/>
		<buildingScore value='2775'/>
		<razingScore value='7125'/>
		<mineralScore value='10846'/>
		<gasScore value='3840'/>
		<totalScore value='57786'/>
	</enemy>

	<scoreRatio value='0.652944'/>
	<timeFitness value='0.20875'/>
	<unitsAverage value='47'/>
</results>
