<results>
	<result value='loss'/>
	<start value='2015-07-07.21:32:10'/>
	<end value='2015-07-07.21:33:18'/>
	<frames value='43898'/>
	<gameDuration value='2743'/>

	<player>
		<unitScore value='12300'/>
		<killScore value='6850'/>
		<buildingScore value='3800'/>
		<razingScore value='225'/>
		<mineralScore value='15562'/>
		<gasScore value='1768'/>
		<totalScore value='40505'/>
	</player>

	<enemy>
		<race value='Terran'/>
		<unitScore value='17300'/>
		<killScore value='21850'/>
		<buildingScore value='6000'/>
		<razingScore value='11550'/>
		<mineralScore value='20410'/>
		<gasScore value='13218'/>
		<totalScore value='90328'/>
	</enemy>

	<scoreRatio value='0.448421'/>
	<timeFitness value='0.380972'/>
	<unitsAverage value='40'/>
</results>
