<results>
	<result value='win'/>
	<start value='2015-05-08.21:25:01'/>
	<end value='2015-05-08.21:25:34'/>
	<frames value='28057'/>
	<gameDuration value='1753'/>

	<player>
		<unitScore value='19125'/>
		<killScore value='25390'/>
		<buildingScore value='3525'/>
		<razingScore value='5505'/>
		<mineralScore value='28518'/>
		<gasScore value='2264'/>
		<totalScore value='84327'/>
	</player>

	<enemy>
		<race value='Zerg'/>
		<unitScore value='12075'/>
		<unitScore value='12075'/>
		<killScore value='18550'/>
		<buildingScore value='1835'/>
		<razingScore value='0'/>
		<mineralScore value='12226'/>
		<gasScore value='2720'/>
		<totalScore value='47406'/>
	</enemy>

	<scoreRatio value='1.77883'/>
	<timeFitness value='0.756528'/>
	<unitsAverage value='100'/>
</results>
