<results>
	<result value='win'/>
	<start value='2015-05-08.21:28:45'/>
	<end value='2015-05-08.21:29:09'/>
	<frames value='29917'/>
	<gameDuration value='1869'/>

	<player>
		<unitScore value='17025'/>
		<killScore value='28900'/>
		<buildingScore value='4100'/>
		<razingScore value='5040'/>
		<mineralScore value='24690'/>
		<gasScore value='3144'/>
		<totalScore value='82899'/>
	</player>

	<enemy>
		<race value='Zerg'/>
		<unitScore value='12525'/>
		<unitScore value='12525'/>
		<killScore value='13700'/>
		<buildingScore value='1680'/>
		<razingScore value='225'/>
		<mineralScore value='11514'/>
		<gasScore value='3416'/>
		<totalScore value='43060'/>
	</enemy>

	<scoreRatio value='1.9252'/>
	<timeFitness value='0.740417'/>
	<unitsAverage value='80'/>
</results>
