<results>
	<result value='win'/>
	<start value='2015-05-08.21:28:14'/>
	<end value='2015-05-08.21:28:43'/>
	<frames value='27964'/>
	<gameDuration value='1747'/>

	<player>
		<unitScore value='17200'/>
		<killScore value='24850'/>
		<buildingScore value='3325'/>
		<razingScore value='7665'/>
		<mineralScore value='24082'/>
		<gasScore value='1928'/>
		<totalScore value='79050'/>
	</player>

	<enemy>
		<race value='Zerg'/>
		<unitScore value='11925'/>
		<unitScore value='11925'/>
		<killScore value='17450'/>
		<buildingScore value='2555'/>
		<razingScore value='0'/>
		<mineralScore value='13058'/>
		<gasScore value='3920'/>
		<totalScore value='48908'/>
	</enemy>

	<scoreRatio value='1.6163'/>
	<timeFitness value='0.757361'/>
	<unitsAverage value='80'/>
</results>
