<results>
	<result value='win'/>
	<start value='2015-05-08.21:31:58'/>
	<end value='2015-05-08.21:32:20'/>
	<frames value='24709'/>
	<gameDuration value='1544'/>

	<player>
		<unitScore value='12425'/>
		<killScore value='27545'/>
		<buildingScore value='2150'/>
		<razingScore value='3660'/>
		<mineralScore value='14586'/>
		<gasScore value='2520'/>
		<totalScore value='62886'/>
	</player>

	<enemy>
		<race value='Zerg'/>
		<unitScore value='11900'/>
		<unitScore value='11900'/>
		<killScore value='14450'/>
		<buildingScore value='1220'/>
		<razingScore value='0'/>
		<mineralScore value='10090'/>
		<gasScore value='2872'/>
		<totalScore value='40532'/>
	</enemy>

	<scoreRatio value='1.55151'/>
	<timeFitness value='0.785556'/>
	<unitsAverage value='59'/>
</results>
