<results>
	<result value='win'/>
	<start value='2015-05-08.21:58:31'/>
	<end value='2015-05-08.21:58:55'/>
	<frames value='23841'/>
	<gameDuration value='1490'/>

	<player>
		<unitScore value='13950'/>
		<killScore value='16900'/>
		<buildingScore value='3775'/>
		<razingScore value='5700'/>
		<mineralScore value='21770'/>
		<gasScore value='1616'/>
		<totalScore value='63711'/>
	</player>

	<enemy>
		<race value='Zerg'/>
		<unitScore value='8275'/>
		<unitScore value='8275'/>
		<killScore value='11100'/>
		<buildingScore value='1900'/>
		<razingScore value='0'/>
		<mineralScore value='9074'/>
		<gasScore value='2840'/>
		<totalScore value='33189'/>
	</enemy>

	<scoreRatio value='1.91964'/>
	<timeFitness value='0.793056'/>
	<unitsAverage value='82'/>
</results>
