<results>
	<result value='win'/>
	<start value='2015-05-08.21:58:58'/>
	<end value='2015-05-08.21:59:23'/>
	<frames value='24895'/>
	<gameDuration value='1555'/>

	<player>
		<unitScore value='15500'/>
		<killScore value='20370'/>
		<buildingScore value='3375'/>
		<razingScore value='4635'/>
		<mineralScore value='22814'/>
		<gasScore value='3016'/>
		<totalScore value='69710'/>
	</player>

	<enemy>
		<race value='Zerg'/>
		<unitScore value='9150'/>
		<unitScore value='9150'/>
		<killScore value='12750'/>
		<buildingScore value='1545'/>
		<razingScore value='0'/>
		<mineralScore value='8458'/>
		<gasScore value='2600'/>
		<totalScore value='34503'/>
	</enemy>

	<scoreRatio value='2.0204'/>
	<timeFitness value='0.784028'/>
	<unitsAverage value='83'/>
</results>
