<results>
	<result value='win'/>
	<start value='2015-05-08.22:02:30'/>
	<end value='2015-05-08.22:03:12'/>
	<frames value='30940'/>
	<gameDuration value='1933'/>

	<player>
		<unitScore value='19275'/>
		<killScore value='31465'/>
		<buildingScore value='4925'/>
		<razingScore value='5895'/>
		<mineralScore value='35890'/>
		<gasScore value='3240'/>
		<totalScore value='100690'/>
	</player>

	<enemy>
		<race value='Zerg'/>
		<unitScore value='14000'/>
		<unitScore value='14000'/>
		<killScore value='16300'/>
		<buildingScore value='1965'/>
		<razingScore value='0'/>
		<mineralScore value='12526'/>
		<gasScore value='3608'/>
		<totalScore value='48399'/>
	</enemy>

	<scoreRatio value='2.08041'/>
	<timeFitness value='0.731528'/>
	<unitsAverage value='119'/>
</results>
