<results>
	<result value='win'/>
	<start value='2015-05-08.22:01:43'/>
	<end value='2015-05-08.22:02:25'/>
	<frames value='31312'/>
	<gameDuration value='1957'/>

	<player>
		<unitScore value='19050'/>
		<killScore value='34180'/>
		<buildingScore value='5025'/>
		<razingScore value='5115'/>
		<mineralScore value='33786'/>
		<gasScore value='2928'/>
		<totalScore value='100084'/>
	</player>

	<enemy>
		<race value='Zerg'/>
		<unitScore value='15400'/>
		<unitScore value='15400'/>
		<killScore value='15950'/>
		<buildingScore value='1705'/>
		<razingScore value='0'/>
		<mineralScore value='13182'/>
		<gasScore value='4584'/>
		<totalScore value='50821'/>
	</enemy>

	<scoreRatio value='1.96934'/>
	<timeFitness value='0.728194'/>
	<unitsAverage value='116'/>
</results>
