<results>
	<result value='loss'/>
	<start value='2015-04-14.17:51:31'/>
	<end value='2015-04-14.17:51:42'/>
	<frames value='13270'/>
	<gameDuration value='829'/>

	<player>
		<unitScore value='1725'/>
		<killScore value='400'/>
		<buildingScore value='1075'/>
		<razingScore value='0'/>
		<mineralScore value='2602'/>
		<gasScore value='440'/>
		<totalScore value='6242'/>
	</player>

	<enemy>
		<race value='Protoss'/>
		<unitScore value='3550'/>
		<unitScore value='3550'/>
		<killScore value='3450'/>
		<buildingScore value='2375'/>
		<razingScore value='3225'/>
		<mineralScore value='6610'/>
		<gasScore value='1184'/>
		<totalScore value='20394'/>
	</enemy>

	<scoreRatio value='0.30607'/>
</results>
