<results>
	<result value='draw'/>
	<start value='2015-04-14.17:53:22'/>
	<end value='2015-04-14.17:55:08'/>
	<frames value='57601'/>
	<gameDuration value='3600'/>

	<player>
		<unitScore value='30400'/>
		<killScore value='53950'/>
		<buildingScore value='2825'/>
		<razingScore value='1350'/>
		<mineralScore value='31658'/>
		<gasScore value='8640'/>
		<totalScore value='128823'/>
	</player>

	<enemy>
		<race value='Protoss'/>
		<unitScore value='34800'/>
		<unitScore value='34800'/>
		<killScore value='54350'/>
		<buildingScore value='6525'/>
		<razingScore value='375'/>
		<mineralScore value='31326'/>
		<gasScore value='11324'/>
		<totalScore value='138700'/>
	</enemy>

	<scoreRatio value='0.928789'/>
</results>
