<results>
	<result value='win'/>
	<start value='2015-04-14.17:57:08'/>
	<end value='2015-04-14.17:58:24'/>
	<frames value='35342'/>
	<gameDuration value='2208'/>

	<player>
		<unitScore value='20700'/>
		<killScore value='25450'/>
		<buildingScore value='3475'/>
		<razingScore value='19725'/>
		<mineralScore value='28814'/>
		<gasScore value='3384'/>
		<totalScore value='101548'/>
	</player>

	<enemy>
		<race value='Protoss'/>
		<unitScore value='14350'/>
		<unitScore value='14350'/>
		<killScore value='19600'/>
		<buildingScore value='6575'/>
		<razingScore value='1350'/>
		<mineralScore value='15522'/>
		<gasScore value='4536'/>
		<totalScore value='61933'/>
	</enemy>

	<scoreRatio value='1.63964'/>
</results>
