<results>
	<result value='loss'/>
	<start value='2015-04-14.18:01:14'/>
	<end value='2015-04-14.18:01:39'/>
	<frames value='27995'/>
	<gameDuration value='1749'/>

	<player>
		<unitScore value='2550'/>
		<killScore value='2400'/>
		<buildingScore value='1575'/>
		<razingScore value='0'/>
		<mineralScore value='3914'/>
		<gasScore value='600'/>
		<totalScore value='11039'/>
	</player>

	<enemy>
		<race value='Protoss'/>
		<unitScore value='13275'/>
		<unitScore value='13275'/>
		<killScore value='5100'/>
		<buildingScore value='6875'/>
		<razingScore value='4725'/>
		<mineralScore value='17154'/>
		<gasScore value='6368'/>
		<totalScore value='53497'/>
	</enemy>

	<scoreRatio value='0.206348'/>
</results>
