<results>
	<result value='win'/>
	<start value='2014-07-04.03:24:06'/>
	<end value='2014-07-04.03:24:22'/>
	<frames value='25391'/>
	<gameDuration value='1586'/>

	<player>
		<unitScore value='10825'/>
		<killScore value='16900'/>
		<buildingScore value='2375'/>
		<razingScore value='6825'/>
		<mineralScore value='13538'/>
		<gasScore value='2808'/>
		<totalScore value='53271'/>
	</player>

	<enemy>
		<race value='Terran'/>
		<unitScore value='8450'/>
		<unitScore value='8450'/>
		<killScore value='12950'/>
		<buildingScore value='2275'/>
		<razingScore value='1575'/>
		<mineralScore value='8738'/>
		<gasScore value='2448'/>
		<totalScore value='36436'/>
	</enemy>

	<scoreRatio value='1.46204'/>
</results>
