<results>
	<result value='loss'/>
	<start value='2014-07-04.03:24:43'/>
	<end value='2014-07-04.03:25:14'/>
	<frames value='50253'/>
	<gameDuration value='3140'/>

	<player>
		<unitScore value='17925'/>
		<killScore value='15600'/>
		<buildingScore value='2550'/>
		<razingScore value='150'/>
		<mineralScore value='19890'/>
		<gasScore value='3696'/>
		<totalScore value='59811'/>
	</player>

	<enemy>
		<race value='Terran'/>
		<unitScore value='23800'/>
		<unitScore value='23800'/>
		<killScore value='35850'/>
		<buildingScore value='4725'/>
		<razingScore value='7650'/>
		<mineralScore value='30422'/>
		<gasScore value='11618'/>
		<totalScore value='114065'/>
	</enemy>

	<scoreRatio value='0.524359'/>
</results>
