<results>
	<result value='loss'/>
	<start value='2014-07-04.03:29:42'/>
	<end value='2014-07-04.03:30:09'/>
	<frames value='43092'/>
	<gameDuration value='2693'/>

	<player>
		<unitScore value='11075'/>
		<killScore value='10700'/>
		<buildingScore value='3650'/>
		<razingScore value='150'/>
		<mineralScore value='16838'/>
		<gasScore value='2384'/>
		<totalScore value='44797'/>
	</player>

	<enemy>
		<race value='Terran'/>
		<unitScore value='25550'/>
		<unitScore value='25550'/>
		<killScore value='22150'/>
		<buildingScore value='4975'/>
		<razingScore value='10950'/>
		<mineralScore value='21674'/>
		<gasScore value='13164'/>
		<totalScore value='98463'/>
	</enemy>

	<scoreRatio value='0.454963'/>
</results>
