<results>
	<result value='loss'/>
	<start value='2014-07-04.03:32:31'/>
	<end value='2014-07-04.03:32:43'/>
	<frames value='21237'/>
	<gameDuration value='1327'/>

	<player>
		<unitScore value='5925'/>
		<killScore value='5300'/>
		<buildingScore value='2550'/>
		<razingScore value='0'/>
		<mineralScore value='9658'/>
		<gasScore value='1328'/>
		<totalScore value='24761'/>
	</player>

	<enemy>
		<race value='Terran'/>
		<unitScore value='8450'/>
		<unitScore value='8450'/>
		<killScore value='11850'/>
		<buildingScore value='3225'/>
		<razingScore value='7650'/>
		<mineralScore value='10098'/>
		<gasScore value='4296'/>
		<totalScore value='45569'/>
	</enemy>

	<scoreRatio value='0.543374'/>
</results>
