<results>
	<result value='loss'/>
	<start value='2014-07-04.03:33:51'/>
	<end value='2014-07-04.03:34:21'/>
	<frames value='46130'/>
	<gameDuration value='2883'/>

	<player>
		<unitScore value='15425'/>
		<killScore value='17500'/>
		<buildingScore value='3875'/>
		<razingScore value='3300'/>
		<mineralScore value='20766'/>
		<gasScore value='2288'/>
		<totalScore value='63154'/>
	</player>

	<enemy>
		<race value='Terran'/>
		<unitScore value='26200'/>
		<unitScore value='26200'/>
		<killScore value='30850'/>
		<buildingScore value='5775'/>
		<razingScore value='11775'/>
		<mineralScore value='21518'/>
		<gasScore value='13808'/>
		<totalScore value='109926'/>
	</enemy>

	<scoreRatio value='0.574514'/>
</results>
