<results>
	<result value='win'/>
	<start value='2015-04-13.13:39:50'/>
	<end value='2015-04-13.13:40:50'/>
	<frames value='54035'/>
	<gameDuration value='3377'/>

	<player>
		<unitScore value='29525'/>
		<killScore value='37250'/>
		<buildingScore value='3300'/>
		<razingScore value='23400'/>
		<mineralScore value='32402'/>
		<gasScore value='4384'/>
		<totalScore value='130261'/>
	</player>

	<enemy>
		<race value='Protoss'/>
		<unitScore value='19750'/>
		<unitScore value='19750'/>
		<killScore value='36200'/>
		<buildingScore value='7800'/>
		<razingScore value='0'/>
		<mineralScore value='27314'/>
		<gasScore value='7976'/>
		<totalScore value='99040'/>
	</enemy>

	<scoreRatio value='1.31524'/>
</results>
