<results>
	<result value='win'/>
	<start value='2015-04-12.20:46:46'/>
	<end value='2015-04-12.20:47:16'/>
	<frames value='31653'/>
	<gameDuration value='1978'/>

	<player>
		<unitScore value='23775'/>
		<killScore value='22100'/>
		<buildingScore value='3300'/>
		<razingScore value='18450'/>
		<mineralScore value='29214'/>
		<gasScore value='3072'/>
		<totalScore value='99911'/>
	</player>

	<enemy>
		<race value='Protoss'/>
		<unitScore value='11050'/>
		<unitScore value='11050'/>
		<killScore value='24650'/>
		<buildingScore value='6150'/>
		<razingScore value='0'/>
		<mineralScore value='20234'/>
		<gasScore value='2368'/>
		<totalScore value='64452'/>
	</enemy>

	<scoreRatio value='1.55016'/>
</results>
