<results>
	<result value='win'/>
	<start value='2015-04-10.13:07:02'/>
	<end value='2015-04-10.13:07:46'/>
	<frames value='38783'/>
	<gameDuration value='2423'/>

	<player>
		<unitScore value='19300'/>
		<killScore value='24150'/>
		<buildingScore value='5125'/>
		<razingScore value='17250'/>
		<mineralScore value='42970'/>
		<gasScore value='3040'/>
		<totalScore value='111835'/>
	</player>

	<enemy>
		<race value='Protoss'/>
		<unitScore value='12875'/>
		<unitScore value='12875'/>
		<killScore value='16500'/>
		<buildingScore value='5750'/>
		<razingScore value='1425'/>
		<mineralScore value='15858'/>
		<gasScore value='4160'/>
		<totalScore value='56568'/>
	</enemy>

	<scoreRatio value='1.977'/>
</results>
