<results>
	<result value='loss'/>
	<start value='2015-07-11.19:37:58'/>
	<end value='2015-07-11.19:38:28'/>
	<frames value='37915'/>
	<gameDuration value='2369'/>

	<player>
		<unitScore value='20050'/>
		<killScore value='9100'/>
		<buildingScore value='3325'/>
		<razingScore value='0'/>
		<mineralScore value='25546'/>
		<gasScore value='2896'/>
		<totalScore value='60917'/>
	</player>

	<enemy>
		<race value='Protoss'/>
		<unitScore value='21445'/>
		<killScore value='37900'/>
		<buildingScore value='6575'/>
		<razingScore value='9975'/>
		<mineralScore value='24906'/>
		<gasScore value='9042'/>
		<totalScore value='109843'/>
	</enemy>

	<scoreRatio value='0.554582'/>
	<timeFitness value='0.329028'/>
	<unitsAverage value='64'/>
</results>
