<results>
	<result value='loss'/>
	<start value='2015-07-11.19:45:53'/>
	<end value='2015-07-11.19:46:15'/>
	<frames value='30289'/>
	<gameDuration value='1893'/>

	<player>
		<unitScore value='13925'/>
		<killScore value='4000'/>
		<buildingScore value='2850'/>
		<razingScore value='900'/>
		<mineralScore value='23078'/>
		<gasScore value='2120'/>
		<totalScore value='46873'/>
	</player>

	<enemy>
		<race value='Protoss'/>
		<unitScore value='16275'/>
		<killScore value='27750'/>
		<buildingScore value='7250'/>
		<razingScore value='8550'/>
		<mineralScore value='22934'/>
		<gasScore value='7192'/>
		<totalScore value='89951'/>
	</enemy>

	<scoreRatio value='0.521095'/>
	<timeFitness value='0.262917'/>
	<unitsAverage value='60'/>
</results>
