<results>
	<result value='loss'/>
	<start value='2015-05-04.03:51:55'/>
	<end value='2015-05-04.03:52:20'/>
	<frames value='28491'/>
	<gameDuration value='1780'/>

	<player>
		<unitScore value='5950'/>
		<killScore value='2600'/>
		<buildingScore value='1975'/>
		<razingScore value='0'/>
		<mineralScore value='7658'/>
		<gasScore value='1192'/>
		<totalScore value='19375'/>
	</player>

	<enemy>
		<race value='Protoss'/>
		<unitScore value='12725'/>
		<unitScore value='12725'/>
		<killScore value='11900'/>
		<buildingScore value='6875'/>
		<razingScore value='5925'/>
		<mineralScore value='17646'/>
		<gasScore value='6904'/>
		<totalScore value='61975'/>
	</enemy>

	<scoreRatio value='0.312626'/>
	<timeFitness value='0.247222'/>
	<unitsAverage value='22'/>
</results>
