<results>
	<result value='loss'/>
	<start value='2015-05-04.03:54:37'/>
	<end value='2015-05-04.03:55:48'/>
	<frames value='49292'/>
	<gameDuration value='3080'/>

	<player>
		<unitScore value='24075'/>
		<killScore value='36700'/>
		<buildingScore value='2600'/>
		<razingScore value='4050'/>
		<mineralScore value='24066'/>
		<gasScore value='5192'/>
		<totalScore value='96683'/>
	</player>

	<enemy>
		<race value='Protoss'/>
		<unitScore value='38415'/>
		<unitScore value='38415'/>
		<killScore value='48150'/>
		<buildingScore value='8825'/>
		<razingScore value='7800'/>
		<mineralScore value='35350'/>
		<gasScore value='12942'/>
		<totalScore value='151482'/>
	</enemy>

	<scoreRatio value='0.638247'/>
	<timeFitness value='0.427778'/>
	<unitsAverage value='72'/>
</results>
