<results>
	<result value='loss'/>
	<start value='2015-05-04.04:03:46'/>
	<end value='2015-05-04.04:04:00'/>
	<frames value='15564'/>
	<gameDuration value='972'/>

	<player>
		<unitScore value='2925'/>
		<killScore value='1000'/>
		<buildingScore value='1600'/>
		<razingScore value='0'/>
		<mineralScore value='4714'/>
		<gasScore value='536'/>
		<totalScore value='10775'/>
	</player>

	<enemy>
		<race value='Protoss'/>
		<unitScore value='3550'/>
		<unitScore value='3550'/>
		<killScore value='5850'/>
		<buildingScore value='3525'/>
		<razingScore value='4800'/>
		<mineralScore value='8178'/>
		<gasScore value='1608'/>
		<totalScore value='27511'/>
	</enemy>

	<scoreRatio value='0.391662'/>
	<timeFitness value='0.135'/>
	<unitsAverage value='20'/>
</results>
