<results>
	<result value='win'/>
	<start value='2015-04-29.23:29:00'/>
	<end value='2015-04-29.23:29:42'/>
	<frames value='27716'/>
	<gameDuration value='1732'/>

	<player>
		<unitScore value='16875'/>
		<killScore value='30260'/>
		<buildingScore value='4450'/>
		<razingScore value='5040'/>
		<mineralScore value='26022'/>
		<gasScore value='3392'/>
		<totalScore value='86039'/>
	</player>

	<enemy>
		<race value='Zerg'/>
		<unitScore value='12950'/>
		<unitScore value='12950'/>
		<killScore value='10650'/>
		<buildingScore value='1680'/>
		<razingScore value='0'/>
		<mineralScore value='11522'/>
		<gasScore value='3208'/>
		<totalScore value='40010'/>
	</enemy>

	<scoreRatio value='2.15044'/>
	<timeFitness value='0.759444'/>
	<unitsAverage value='98'/>
</results>
