<results>
	<result value='win'/>
	<start value='2015-04-29.23:39:15'/>
	<end value='2015-04-29.23:39:45'/>
	<frames value='25732'/>
	<gameDuration value='1608'/>

	<player>
		<unitScore value='16225'/>
		<killScore value='21160'/>
		<buildingScore value='3475'/>
		<razingScore value='4635'/>
		<mineralScore value='19118'/>
		<gasScore value='1624'/>
		<totalScore value='66237'/>
	</player>

	<enemy>
		<race value='Zerg'/>
		<unitScore value='9800'/>
		<unitScore value='9800'/>
		<killScore value='13800'/>
		<buildingScore value='1545'/>
		<razingScore value='0'/>
		<mineralScore value='8962'/>
		<gasScore value='2304'/>
		<totalScore value='36411'/>
	</enemy>

	<scoreRatio value='1.81915'/>
	<timeFitness value='0.776667'/>
	<unitsAverage value='72'/>
</results>
