<results>
	<result value='win'/>
	<start value='2014-07-11.20:36:29'/>
	<end value='2014-07-11.20:37:06'/>
	<frames value='36458'/>
	<gameDuration value='2278'/>

	<player>
		<unitScore value='18800'/>
		<killScore value='57510'/>
		<buildingScore value='3175'/>
		<razingScore value='5520'/>
		<mineralScore value='37870'/>
		<gasScore value='3752'/>
		<totalScore value='126627'/>
	</player>

	<enemy>
		<race value='Zerg'/>
		<unitScore value='23250'/>
		<unitScore value='23250'/>
		<killScore value='21200'/>
		<buildingScore value='1840'/>
		<razingScore value='0'/>
		<mineralScore value='18002'/>
		<gasScore value='5104'/>
		<totalScore value='69396'/>
	</enemy>

	<scoreRatio value='1.8247'/>
</results>
