<results>
	<result value='win'/>
	<start value='2015-05-10.19:00:21'/>
	<end value='2015-05-10.19:01:05'/>
	<frames value='33978'/>
	<gameDuration value='2123'/>

	<player>
		<unitScore value='20525'/>
		<killScore value='25470'/>
		<buildingScore value='3925'/>
		<razingScore value='9795'/>
		<mineralScore value='23718'/>
		<gasScore value='2952'/>
		<totalScore value='86385'/>
	</player>

	<enemy>
		<race value='Zerg'/>
		<unitScore value='12275'/>
		<unitScore value='12275'/>
		<killScore value='19750'/>
		<buildingScore value='3265'/>
		<razingScore value='2250'/>
		<mineralScore value='14222'/>
		<gasScore value='4200'/>
		<totalScore value='55962'/>
	</enemy>

	<scoreRatio value='1.54364'/>
	<timeFitness value='0.705139'/>
	<unitsAverage value='101'/>
</results>
