<results>
	<result value='win'/>
	<start value='2015-04-30.03:00:00'/>
	<end value='2015-04-30.03:00:57'/>
	<frames value='32459'/>
	<gameDuration value='2028'/>

	<player>
		<unitScore value='23525'/>
		<killScore value='29825'/>
		<buildingScore value='5000'/>
		<razingScore value='8880'/>
		<mineralScore value='27498'/>
		<gasScore value='2976'/>
		<totalScore value='97704'/>
	</player>

	<enemy>
		<race value='Zerg'/>
		<unitScore value='15100'/>
		<unitScore value='15100'/>
		<killScore value='19700'/>
		<buildingScore value='2960'/>
		<razingScore value='1800'/>
		<mineralScore value='15906'/>
		<gasScore value='4840'/>
		<totalScore value='60306'/>
	</enemy>

	<scoreRatio value='1.62014'/>
	<timeFitness value='0.718333'/>
	<unitsAverage value='107'/>
</results>
