<results>
	<result value='loss'/>
	<start value='2015-03-28.13:11:57'/>
	<end value='2015-03-28.13:13:16'/>
	<frames value='45696'/>
	<gameDuration value='2856'/>

	<player>
		<unitScore value='22425'/>
		<killScore value='25400'/>
		<buildingScore value='2550'/>
		<razingScore value='2325'/>
		<mineralScore value='24058'/>
		<gasScore value='5124'/>
		<totalScore value='81882'/>
	</player>

	<enemy>
		<race value='Protoss'/>
		<unitScore value='34900'/>
		<unitScore value='34900'/>
		<killScore value='44950'/>
		<buildingScore value='8950'/>
		<razingScore value='7650'/>
		<mineralScore value='33586'/>
		<gasScore value='11946'/>
		<totalScore value='141982'/>
	</enemy>

	<scoreRatio value='0.576707'/>
</results>
