<results>
	<result value='draw'/>
	<start value='2014-07-08.06:07:29'/>
	<end value='2014-07-08.06:08:40'/>
	<frames value='57601'/>
	<gameDuration value='3600'/>

	<player>
		<unitScore value='29575'/>
		<killScore value='49050'/>
		<buildingScore value='3600'/>
		<razingScore value='3300'/>
		<mineralScore value='31662'/>
		<gasScore value='10466'/>
		<totalScore value='127653'/>
	</player>

	<enemy>
		<race value='Protoss'/>
		<unitScore value='35965'/>
		<unitScore value='35965'/>
		<killScore value='46450'/>
		<buildingScore value='7300'/>
		<razingScore value='150'/>
		<mineralScore value='31414'/>
		<gasScore value='11906'/>
		<totalScore value='133185'/>
	</enemy>

	<scoreRatio value='0.958464'/>
</results>
