<results>
	<result value='win'/>
	<start value='2014-07-08.06:23:49'/>
	<end value='2014-07-08.06:24:22'/>
	<frames value='31343'/>
	<gameDuration value='1958'/>

	<player>
		<unitScore value='17825'/>
		<killScore value='16500'/>
		<buildingScore value='4100'/>
		<razingScore value='14850'/>
		<mineralScore value='29202'/>
		<gasScore value='2888'/>
		<totalScore value='85365'/>
	</player>

	<enemy>
		<race value='Protoss'/>
		<unitScore value='9300'/>
		<unitScore value='9300'/>
		<killScore value='12100'/>
		<buildingScore value='4950'/>
		<razingScore value='150'/>
		<mineralScore value='11146'/>
		<gasScore value='2720'/>
		<totalScore value='40366'/>
	</enemy>

	<scoreRatio value='2.11477'/>
</results>
