<results>
	<result value='win'/>
	<start value='2014-07-08.06:30:37'/>
	<end value='2014-07-08.06:30:55'/>
	<frames value='23407'/>
	<gameDuration value='1462'/>

	<player>
		<unitScore value='11775'/>
		<killScore value='9900'/>
		<buildingScore value='2875'/>
		<razingScore value='10350'/>
		<mineralScore value='16482'/>
		<gasScore value='1592'/>
		<totalScore value='52974'/>
	</player>

	<enemy>
		<race value='Protoss'/>
		<unitScore value='4950'/>
		<unitScore value='4950'/>
		<killScore value='6400'/>
		<buildingScore value='3450'/>
		<razingScore value='150'/>
		<mineralScore value='9458'/>
		<gasScore value='1728'/>
		<totalScore value='26136'/>
	</enemy>

	<scoreRatio value='2.02686'/>
</results>
