<results>
	<result value='win'/>
	<start value='2014-07-23.21:38:00'/>
	<end value='2014-07-23.21:38:39'/>
	<frames value='34505'/>
	<gameDuration value='2156'/>

	<player>
		<unitScore value='21850'/>
		<killScore value='21000'/>
		<buildingScore value='4975'/>
		<razingScore value='15300'/>
		<mineralScore value='30846'/>
		<gasScore value='3784'/>
		<totalScore value='97755'/>
	</player>

	<enemy>
		<race value='Protoss'/>
		<unitScore value='11550'/>
		<unitScore value='11550'/>
		<killScore value='19100'/>
		<buildingScore value='5100'/>
		<razingScore value='450'/>
		<mineralScore value='13378'/>
		<gasScore value='4768'/>
		<totalScore value='54346'/>
	</enemy>

	<scoreRatio value='1.79875'/>
</results>
