<results>
	<result value='win'/>
	<start value='2015-04-07.17:58:34'/>
	<end value='2015-04-07.17:58:53'/>
	<frames value='25236'/>
	<gameDuration value='1577'/>

	<player>
		<unitScore value='10475'/>
		<killScore value='9500'/>
		<buildingScore value='2825'/>
		<razingScore value='8925'/>
		<mineralScore value='16306'/>
		<gasScore value='2368'/>
		<totalScore value='50399'/>
	</player>

	<enemy>
		<race value='Protoss'/>
		<unitScore value='4750'/>
		<unitScore value='4750'/>
		<killScore value='4900'/>
		<buildingScore value='2975'/>
		<razingScore value='150'/>
		<mineralScore value='9826'/>
		<gasScore value='1080'/>
		<totalScore value='23681'/>
	</enemy>

	<scoreRatio value='2.12825'/>
</results>
