<results>
	<result value='win'/>
	<start value='2014-07-06.02:58:16'/>
	<end value='2014-07-06.02:58:49'/>
	<frames value='29483'/>
	<gameDuration value='1842'/>

	<player>
		<unitScore value='20175'/>
		<killScore value='21450'/>
		<buildingScore value='4475'/>
		<razingScore value='18150'/>
		<mineralScore value='26186'/>
		<gasScore value='3072'/>
		<totalScore value='93508'/>
	</player>

	<enemy>
		<race value='Protoss'/>
		<unitScore value='10925'/>
		<unitScore value='10925'/>
		<killScore value='16450'/>
		<buildingScore value='6050'/>
		<razingScore value='0'/>
		<mineralScore value='17978'/>
		<gasScore value='2920'/>
		<totalScore value='54323'/>
	</enemy>

	<scoreRatio value='1.72133'/>
</results>
