<results>
	<result value='win'/>
	<start value='2015-05-08.21:53:43'/>
	<end value='2015-05-08.21:53:56'/>
	<frames value='19904'/>
	<gameDuration value='1244'/>

	<player>
		<unitScore value='7325'/>
		<killScore value='13550'/>
		<buildingScore value='2200'/>
		<razingScore value='5850'/>
		<mineralScore value='9970'/>
		<gasScore value='1464'/>
		<totalScore value='40359'/>
	</player>

	<enemy>
		<race value='Terran'/>
		<unitScore value='6775'/>
		<unitScore value='6775'/>
		<killScore value='5400'/>
		<buildingScore value='1950'/>
		<razingScore value='1500'/>
		<mineralScore value='8562'/>
		<gasScore value='2944'/>
		<totalScore value='27131'/>
	</enemy>

	<scoreRatio value='1.48756'/>
	<timeFitness value='0.827222'/>
	<unitsAverage value='48'/>
</results>
