<results>
	<result value='loss'/>
	<start value='2015-04-30.02:29:15'/>
	<end value='2015-04-30.02:29:25'/>
	<frames value='18385'/>
	<gameDuration value='1149'/>

	<player>
		<unitScore value='4575'/>
		<killScore value='2950'/>
		<buildingScore value='1575'/>
		<razingScore value='0'/>
		<mineralScore value='6074'/>
		<gasScore value='1056'/>
		<totalScore value='16230'/>
	</player>

	<enemy>
		<race value='Terran'/>
		<unitScore value='7100'/>
		<unitScore value='7100'/>
		<killScore value='9150'/>
		<buildingScore value='2850'/>
		<razingScore value='4725'/>
		<mineralScore value='8506'/>
		<gasScore value='3072'/>
		<totalScore value='35403'/>
	</enemy>

	<scoreRatio value='0.458436'/>
</results>
