<results>
	<result value='win'/>
	<start value='2015-04-30.02:45:24'/>
	<end value='2015-04-30.02:45:52'/>
	<frames value='28956'/>
	<gameDuration value='1809'/>

	<player>
		<unitScore value='12900'/>
		<killScore value='25250'/>
		<buildingScore value='4075'/>
		<razingScore value='9225'/>
		<mineralScore value='25770'/>
		<gasScore value='2328'/>
		<totalScore value='79548'/>
	</player>

	<enemy>
		<race value='Terran'/>
		<unitScore value='13725'/>
		<unitScore value='13725'/>
		<killScore value='6500'/>
		<buildingScore value='3150'/>
		<razingScore value='1500'/>
		<mineralScore value='12530'/>
		<gasScore value='5512'/>
		<totalScore value='42917'/>
	</enemy>

	<scoreRatio value='1.85353'/>
</results>
