<results>
	<result value='win'/>
	<start value='2015-04-30.02:55:36'/>
	<end value='2015-04-30.02:56:14'/>
	<frames value='47711'/>
	<gameDuration value='2981'/>

	<player>
		<unitScore value='21600'/>
		<killScore value='27200'/>
		<buildingScore value='2450'/>
		<razingScore value='8775'/>
		<mineralScore value='23982'/>
		<gasScore value='5144'/>
		<totalScore value='89151'/>
	</player>

	<enemy>
		<race value='Terran'/>
		<unitScore value='14200'/>
		<unitScore value='14200'/>
		<killScore value='31100'/>
		<buildingScore value='2925'/>
		<razingScore value='600'/>
		<mineralScore value='13082'/>
		<gasScore value='6386'/>
		<totalScore value='68293'/>
	</enemy>

	<scoreRatio value='1.30542'/>
</results>
