<results>
	<result value='win'/>
	<start value='2015-04-30.03:03:09'/>
	<end value='2015-04-30.03:03:29'/>
	<frames value='29700'/>
	<gameDuration value='1856'/>

	<player>
		<unitScore value='11650'/>
		<killScore value='22900'/>
		<buildingScore value='2700'/>
		<razingScore value='10050'/>
		<mineralScore value='13978'/>
		<gasScore value='2880'/>
		<totalScore value='64158'/>
	</player>

	<enemy>
		<race value='Terran'/>
		<unitScore value='11450'/>
		<unitScore value='11450'/>
		<killScore value='14050'/>
		<buildingScore value='3350'/>
		<razingScore value='2775'/>
		<mineralScore value='12038'/>
		<gasScore value='4528'/>
		<totalScore value='48191'/>
	</enemy>

	<scoreRatio value='1.33133'/>
</results>
