<results>
	<result value='draw'/>
	<start value='2015-04-30.03:20:52'/>
	<end value='2015-04-30.03:21:36'/>
	<frames value='57601'/>
	<gameDuration value='3600'/>

	<player>
		<unitScore value='20975'/>
		<killScore value='27750'/>
		<buildingScore value='3125'/>
		<razingScore value='3075'/>
		<mineralScore value='22958'/>
		<gasScore value='7074'/>
		<totalScore value='84957'/>
	</player>

	<enemy>
		<race value='Terran'/>
		<unitScore value='26500'/>
		<unitScore value='26500'/>
		<killScore value='34350'/>
		<buildingScore value='4975'/>
		<razingScore value='3900'/>
		<mineralScore value='19550'/>
		<gasScore value='12310'/>
		<totalScore value='101585'/>
	</enemy>

	<scoreRatio value='0.836314'/>
</results>
