<results>
	<result value='loss'/>
	<start value='2015-04-30.03:20:39'/>
	<end value='2015-04-30.03:20:49'/>
	<frames value='17765'/>
	<gameDuration value='1110'/>

	<player>
		<unitScore value='4175'/>
		<killScore value='1100'/>
		<buildingScore value='1875'/>
		<razingScore value='0'/>
		<mineralScore value='6762'/>
		<gasScore value='848'/>
		<totalScore value='14760'/>
	</player>

	<enemy>
		<race value='Terran'/>
		<unitScore value='6450'/>
		<unitScore value='6450'/>
		<killScore value='8350'/>
		<buildingScore value='2750'/>
		<razingScore value='5625'/>
		<mineralScore value='8202'/>
		<gasScore value='2488'/>
		<totalScore value='33865'/>
	</enemy>

	<scoreRatio value='0.435848'/>
</results>
