<results>
	<result value='loss'/>
	<start value='2015-07-14.02:21:25'/>
	<end value='2015-07-14.02:22:14'/>
	<frames value='42627'/>
	<gameDuration value='2664'/>

	<player>
		<unitScore value='29125'/>
		<killScore value='12450'/>
		<buildingScore value='3175'/>
		<razingScore value='0'/>
		<mineralScore value='30562'/>
		<gasScore value='3424'/>
		<totalScore value='78736'/>
	</player>

	<enemy>
		<race value='Protoss'/>
		<unitScore value='26175'/>
		<killScore value='53450'/>
		<buildingScore value='7225'/>
		<razingScore value='9525'/>
		<mineralScore value='26590'/>
		<gasScore value='9656'/>
		<totalScore value='132621'/>
	</enemy>

	<scoreRatio value='0.593692'/>
	<timeFitness value='0.37'/>
	<unitsAverage value='93'/>
</results>
