<results>
	<result value='draw'/>
	<start value='2015-04-08.12:33:44'/>
	<end value='2015-04-08.12:35:18'/>
	<frames value='57601'/>
	<gameDuration value='3600'/>

	<player>
		<unitScore value='26150'/>
		<killScore value='38100'/>
		<buildingScore value='4500'/>
		<razingScore value='15825'/>
		<mineralScore value='39858'/>
		<gasScore value='6904'/>
		<totalScore value='131337'/>
	</player>

	<enemy>
		<race value='Protoss'/>
		<unitScore value='19050'/>
		<unitScore value='19050'/>
		<killScore value='28150'/>
		<buildingScore value='5875'/>
		<razingScore value='150'/>
		<mineralScore value='22166'/>
		<gasScore value='7088'/>
		<totalScore value='82479'/>
	</enemy>

	<scoreRatio value='1.59237'/>
</results>
