<results>
	<result value='loss'/>
	<start value='2015-07-11.15:31:30'/>
	<end value='2015-07-11.15:31:58'/>
	<frames value='33358'/>
	<gameDuration value='2084'/>

	<player>
		<unitScore value='20425'/>
		<killScore value='13700'/>
		<buildingScore value='2825'/>
		<razingScore value='2700'/>
		<mineralScore value='20722'/>
		<gasScore value='2656'/>
		<totalScore value='63028'/>
	</player>

	<enemy>
		<race value='Protoss'/>
		<unitScore value='17125'/>
		<killScore value='32350'/>
		<buildingScore value='7025'/>
		<razingScore value='8475'/>
		<mineralScore value='21654'/>
		<gasScore value='6568'/>
		<totalScore value='93197'/>
	</enemy>

	<scoreRatio value='0.676288'/>
	<timeFitness value='0.289444'/>
	<unitsAverage value='76'/>
</results>
