<results>
	<result value='loss'/>
	<start value='2015-07-11.15:33:35'/>
	<end value='2015-07-11.15:33:47'/>
	<frames value='19563'/>
	<gameDuration value='1222'/>

	<player>
		<unitScore value='5575'/>
		<killScore value='700'/>
		<buildingScore value='2725'/>
		<razingScore value='0'/>
		<mineralScore value='7874'/>
		<gasScore value='1256'/>
		<totalScore value='18130'/>
	</player>

	<enemy>
		<race value='Protoss'/>
		<unitScore value='5725'/>
		<killScore value='10850'/>
		<buildingScore value='4275'/>
		<razingScore value='8175'/>
		<mineralScore value='9770'/>
		<gasScore value='2984'/>
		<totalScore value='41779'/>
	</enemy>

	<scoreRatio value='0.43395'/>
	<timeFitness value='0.169722'/>
	<unitsAverage value='31'/>
</results>
