<results>
	<result value='loss'/>
	<start value='2015-05-04.23:41:58'/>
	<end value='2015-05-04.23:42:04'/>
	<frames value='14727'/>
	<gameDuration value='920'/>

	<player>
		<unitScore value='2800'/>
		<killScore value='1000'/>
		<buildingScore value='1375'/>
		<razingScore value='0'/>
		<mineralScore value='4026'/>
		<gasScore value='640'/>
		<totalScore value='9841'/>
	</player>

	<enemy>
		<race value='Protoss'/>
		<unitScore value='3550'/>
		<unitScore value='3550'/>
		<killScore value='5600'/>
		<buildingScore value='2475'/>
		<razingScore value='4125'/>
		<mineralScore value='7698'/>
		<gasScore value='1328'/>
		<totalScore value='24776'/>
	</enemy>

	<scoreRatio value='0.397199'/>
	<timeFitness value='0.127778'/>
	<unitsAverage value='19'/>
</results>
