<results>
	<result value='draw'/>
	<start value='2015-05-04.23:55:40'/>
	<end value='2015-05-04.23:56:30'/>
	<frames value='57601'/>
	<gameDuration value='3600'/>

	<player>
		<unitScore value='24200'/>
		<killScore value='47400'/>
		<buildingScore value='2600'/>
		<razingScore value='22725'/>
		<mineralScore value='24986'/>
		<gasScore value='3904'/>
		<totalScore value='125815'/>
	</player>

	<enemy>
		<race value='Protoss'/>
		<unitScore value='26975'/>
		<unitScore value='26975'/>
		<killScore value='40050'/>
		<buildingScore value='9700'/>
		<razingScore value='1575'/>
		<mineralScore value='29378'/>
		<gasScore value='14348'/>
		<totalScore value='122026'/>
	</enemy>

	<scoreRatio value='1.03105'/>
	<timeFitness value='0.5'/>
	<unitsAverage value='74'/>
</results>
