<results>
	<result value='loss'/>
	<start value='2015-05-05.00:03:22'/>
	<end value='2015-05-05.00:03:45'/>
	<frames value='34908'/>
	<gameDuration value='2181'/>

	<player>
		<unitScore value='13200'/>
		<killScore value='10500'/>
		<buildingScore value='2425'/>
		<razingScore value='300'/>
		<mineralScore value='15370'/>
		<gasScore value='2248'/>
		<totalScore value='44043'/>
	</player>

	<enemy>
		<race value='Protoss'/>
		<unitScore value='22800'/>
		<unitScore value='22800'/>
		<killScore value='26500'/>
		<buildingScore value='6975'/>
		<razingScore value='7275'/>
		<mineralScore value='24782'/>
		<gasScore value='7912'/>
		<totalScore value='96244'/>
	</enemy>

	<scoreRatio value='0.457618'/>
	<timeFitness value='0.302917'/>
	<unitsAverage value='48'/>
</results>
