<results>
	<result value='loss'/>
	<start value='2015-05-05.00:05:15'/>
	<end value='2015-05-05.00:05:34'/>
	<frames value='33017'/>
	<gameDuration value='2063'/>

	<player>
		<unitScore value='7550'/>
		<killScore value='7750'/>
		<buildingScore value='2700'/>
		<razingScore value='0'/>
		<mineralScore value='10834'/>
		<gasScore value='864'/>
		<totalScore value='29698'/>
	</player>

	<enemy>
		<race value='Protoss'/>
		<unitScore value='16925'/>
		<unitScore value='16925'/>
		<killScore value='15300'/>
		<buildingScore value='6025'/>
		<razingScore value='8100'/>
		<mineralScore value='21066'/>
		<gasScore value='7452'/>
		<totalScore value='74868'/>
	</enemy>

	<scoreRatio value='0.396671'/>
	<timeFitness value='0.286528'/>
	<unitsAverage value='32'/>
</results>
