<results>
	<result value='loss'/>
	<start value='2015-07-19.03:51:52'/>
	<end value='2015-07-19.03:52:07'/>
	<frames value='19439'/>
	<gameDuration value='1214'/>

	<player>
		<unitScore value='5400'/>
		<killScore value='1200'/>
		<buildingScore value='1925'/>
		<razingScore value='0'/>
		<mineralScore value='7034'/>
		<gasScore value='832'/>
		<totalScore value='16391'/>
	</player>

	<enemy>
		<race value='Protoss'/>
		<unitScore value='3900'/>
		<killScore value='10800'/>
		<buildingScore value='5125'/>
		<razingScore value='5775'/>
		<mineralScore value='10986'/>
		<gasScore value='1968'/>
		<totalScore value='38554'/>
	</enemy>

	<scoreRatio value='0.425144'/>
	<timeFitness value='0.168611'/>
	<unitsAverage value='27'/>
</results>
