<results>
	<result value='draw'/>
	<start value='2015-07-19.04:14:09'/>
	<end value='2015-07-19.04:16:18'/>
	<frames value='57601'/>
	<gameDuration value='3600'/>

	<player>
		<unitScore value='35550'/>
		<killScore value='31500'/>
		<buildingScore value='3575'/>
		<razingScore value='2700'/>
		<mineralScore value='31654'/>
		<gasScore value='5152'/>
		<totalScore value='110131'/>
	</player>

	<enemy>
		<race value='Protoss'/>
		<unitScore value='36125'/>
		<killScore value='60750'/>
		<buildingScore value='7925'/>
		<razingScore value='3675'/>
		<mineralScore value='30358'/>
		<gasScore value='12542'/>
		<totalScore value='151375'/>
	</enemy>

	<scoreRatio value='0.727538'/>
	<timeFitness value='0.5'/>
	<unitsAverage value='119'/>
</results>
