<results>
	<result value='loss'/>
	<start value='2015-07-21.09:58:31'/>
	<end value='2015-07-21.09:59:31'/>
	<frames value='33389'/>
	<gameDuration value='2086'/>

	<player>
		<unitScore value='22600'/>
		<killScore value='14800'/>
		<buildingScore value='5150'/>
		<razingScore value='195'/>
		<mineralScore value='24754'/>
		<gasScore value='3264'/>
		<totalScore value='70763'/>
	</player>

	<enemy>
		<race value='Zerg'/>
		<unitScore value='14800'/>
		<killScore value='45200'/>
		<buildingScore value='3520'/>
		<razingScore value='15450'/>
		<mineralScore value='21674'/>
		<gasScore value='5158'/>
		<totalScore value='105802'/>
	</enemy>

	<scoreRatio value='0.668825'/>
	<timeFitness value='0.289722'/>
	<unitsAverage value='70'/>
</results>
