<results>
	<result value='loss'/>
	<start value='2015-07-21.10:16:20'/>
	<end value='2015-07-21.10:17:27'/>
	<frames value='32087'/>
	<gameDuration value='2005'/>

	<player>
		<unitScore value='19075'/>
		<killScore value='11200'/>
		<buildingScore value='3725'/>
		<razingScore value='510'/>
		<mineralScore value='24330'/>
		<gasScore value='2576'/>
		<totalScore value='61416'/>
	</player>

	<enemy>
		<race value='Zerg'/>
		<unitScore value='18025'/>
		<killScore value='35700'/>
		<buildingScore value='3580'/>
		<razingScore value='11175'/>
		<mineralScore value='20306'/>
		<gasScore value='5792'/>
		<totalScore value='94578'/>
	</enemy>

	<scoreRatio value='0.649369'/>
	<timeFitness value='0.278472'/>
	<unitsAverage value='80'/>
</results>
