<results>
	<result value='win'/>
	<start value='2015-05-05.20:35:04'/>
	<end value='2015-05-05.20:35:44'/>
	<frames value='32211'/>
	<gameDuration value='2013'/>

	<player>
		<unitScore value='13150'/>
		<killScore value='24050'/>
		<buildingScore value='3525'/>
		<razingScore value='9600'/>
		<mineralScore value='17762'/>
		<gasScore value='3000'/>
		<totalScore value='71087'/>
	</player>

	<enemy>
		<race value='Terran'/>
		<unitScore value='12025'/>
		<unitScore value='12025'/>
		<killScore value='15450'/>
		<buildingScore value='3200'/>
		<razingScore value='4350'/>
		<mineralScore value='10506'/>
		<gasScore value='4288'/>
		<totalScore value='49819'/>
	</enemy>

	<scoreRatio value='1.42691'/>
	<timeFitness value='0.720417'/>
	<unitsAverage value='62'/>
</results>
