<results>
	<result value='win'/>
	<start value='2015-05-05.20:38:50'/>
	<end value='2015-05-05.20:39:07'/>
	<frames value='15161'/>
	<gameDuration value='947'/>

	<player>
		<unitScore value='5450'/>
		<killScore value='8400'/>
		<buildingScore value='1825'/>
		<razingScore value='4200'/>
		<mineralScore value='8194'/>
		<gasScore value='1112'/>
		<totalScore value='29181'/>
	</player>

	<enemy>
		<race value='Terran'/>
		<unitScore value='4200'/>
		<unitScore value='4200'/>
		<killScore value='2100'/>
		<buildingScore value='1400'/>
		<razingScore value='0'/>
		<mineralScore value='6154'/>
		<gasScore value='1528'/>
		<totalScore value='15382'/>
	</enemy>

	<scoreRatio value='1.89709'/>
	<timeFitness value='0.868472'/>
	<unitsAverage value='43'/>
</results>
