<results>
	<result value='win'/>
	<start value='2015-05-05.20:54:10'/>
	<end value='2015-05-05.20:54:37'/>
	<frames value='22012'/>
	<gameDuration value='1375'/>

	<player>
		<unitScore value='10900'/>
		<killScore value='16500'/>
		<buildingScore value='2725'/>
		<razingScore value='3975'/>
		<mineralScore value='14366'/>
		<gasScore value='1688'/>
		<totalScore value='50154'/>
	</player>

	<enemy>
		<race value='Terran'/>
		<unitScore value='8250'/>
		<unitScore value='8250'/>
		<killScore value='9350'/>
		<buildingScore value='1400'/>
		<razingScore value='0'/>
		<mineralScore value='10410'/>
		<gasScore value='2800'/>
		<totalScore value='32210'/>
	</enemy>

	<scoreRatio value='1.55709'/>
	<timeFitness value='0.809028'/>
	<unitsAverage value='61'/>
</results>
