<results>
	<result value='win'/>
	<start value='2015-05-05.20:54:41'/>
	<end value='2015-05-05.20:54:59'/>
	<frames value='16649'/>
	<gameDuration value='1040'/>

	<player>
		<unitScore value='6275'/>
		<killScore value='9000'/>
		<buildingScore value='1975'/>
		<razingScore value='4050'/>
		<mineralScore value='9722'/>
		<gasScore value='1464'/>
		<totalScore value='32486'/>
	</player>

	<enemy>
		<race value='Terran'/>
		<unitScore value='4500'/>
		<unitScore value='4500'/>
		<killScore value='2950'/>
		<buildingScore value='1350'/>
		<razingScore value='0'/>
		<mineralScore value='6114'/>
		<gasScore value='1512'/>
		<totalScore value='16426'/>
	</enemy>

	<scoreRatio value='1.97772'/>
	<timeFitness value='0.855556'/>
	<unitsAverage value='47'/>
</results>
