<results>
	<result value='win'/>
	<start value='2015-05-05.20:57:27'/>
	<end value='2015-05-05.20:57:59'/>
	<frames value='21702'/>
	<gameDuration value='1356'/>

	<player>
		<unitScore value='9975'/>
		<killScore value='16750'/>
		<buildingScore value='4250'/>
		<razingScore value='6525'/>
		<mineralScore value='18350'/>
		<gasScore value='2072'/>
		<totalScore value='57922'/>
	</player>

	<enemy>
		<race value='Terran'/>
		<unitScore value='8375'/>
		<unitScore value='8375'/>
		<killScore value='4200'/>
		<buildingScore value='2175'/>
		<razingScore value='150'/>
		<mineralScore value='9578'/>
		<gasScore value='3072'/>
		<totalScore value='27550'/>
	</enemy>

	<scoreRatio value='2.10243'/>
	<timeFitness value='0.811667'/>
	<unitsAverage value='71'/>
</results>
