<results>
	<result value='win'/>
	<start value='2015-05-05.20:58:02'/>
	<end value='2015-05-05.20:58:31'/>
	<frames value='24151'/>
	<gameDuration value='1509'/>

	<player>
		<unitScore value='9700'/>
		<killScore value='18700'/>
		<buildingScore value='3000'/>
		<razingScore value='6900'/>
		<mineralScore value='13698'/>
		<gasScore value='2544'/>
		<totalScore value='54542'/>
	</player>

	<enemy>
		<race value='Terran'/>
		<unitScore value='9350'/>
		<unitScore value='9350'/>
		<killScore value='8700'/>
		<buildingScore value='2300'/>
		<razingScore value='2850'/>
		<mineralScore value='10226'/>
		<gasScore value='3088'/>
		<totalScore value='36514'/>
	</enemy>

	<scoreRatio value='1.49373'/>
	<timeFitness value='0.790417'/>
	<unitsAverage value='53'/>
</results>
