<results>
	<result value='loss'/>
	<start value='2015-05-03.17:41:13'/>
	<end value='2015-05-03.17:41:20'/>
	<frames value='17734'/>
	<gameDuration value='1108'/>

	<player>
		<unitScore value='3925'/>
		<killScore value='1200'/>
		<buildingScore value='2025'/>
		<razingScore value='0'/>
		<mineralScore value='6218'/>
		<gasScore value='840'/>
		<totalScore value='14208'/>
	</player>

	<enemy>
		<race value='Protoss'/>
		<unitScore value='3750'/>
		<unitScore value='3750'/>
		<killScore value='7850'/>
		<buildingScore value='4425'/>
		<razingScore value='6075'/>
		<mineralScore value='9922'/>
		<gasScore value='1784'/>
		<totalScore value='33806'/>
	</enemy>

	<scoreRatio value='0.42028'/>
	<timeFitness value='0.153889'/>
	<unitsAverage value='26'/>
</results>
