<results>
	<result value='draw'/>
	<start value='2015-05-09.20:47:44'/>
	<end value='2015-05-09.20:48:35'/>
	<frames value='57601'/>
	<gameDuration value='3600'/>

	<player>
		<unitScore value='23575'/>
		<killScore value='28500'/>
		<buildingScore value='3100'/>
		<razingScore value='15600'/>
		<mineralScore value='25722'/>
		<gasScore value='2872'/>
		<totalScore value='99369'/>
	</player>

	<enemy>
		<race value='Protoss'/>
		<unitScore value='17025'/>
		<unitScore value='17025'/>
		<killScore value='42850'/>
		<buildingScore value='12925'/>
		<razingScore value='2775'/>
		<mineralScore value='29250'/>
		<gasScore value='11330'/>
		<totalScore value='116155'/>
	</enemy>

	<scoreRatio value='0.855486'/>
	<timeFitness value='0.5'/>
	<unitsAverage value='83'/>
</results>
