<results>
	<result value='win'/>
	<start value='2015-04-11.20:01:38'/>
	<end value='2015-04-11.20:02:40'/>
	<frames value='33296'/>
	<gameDuration value='2081'/>

	<player>
		<unitScore value='20150'/>
		<killScore value='16500'/>
		<buildingScore value='4075'/>
		<razingScore value='16800'/>
		<mineralScore value='25874'/>
		<gasScore value='2696'/>
		<totalScore value='86095'/>
	</player>

	<enemy>
		<race value='Protoss'/>
		<unitScore value='8250'/>
		<unitScore value='8250'/>
		<killScore value='15050'/>
		<buildingScore value='5600'/>
		<razingScore value='525'/>
		<mineralScore value='15930'/>
		<gasScore value='2968'/>
		<totalScore value='48323'/>
	</enemy>

	<scoreRatio value='1.78166'/>
</results>
