<results>
	<result value='loss'/>
	<start value='2015-07-11.22:00:52'/>
	<end value='2015-07-11.22:01:05'/>
	<frames value='19129'/>
	<gameDuration value='1195'/>

	<player>
		<unitScore value='8075'/>
		<killScore value='1150'/>
		<buildingScore value='2650'/>
		<razingScore value='0'/>
		<mineralScore value='9482'/>
		<gasScore value='1640'/>
		<totalScore value='22997'/>
	</player>

	<enemy>
		<race value='Terran'/>
		<unitScore value='7250'/>
		<killScore value='16150'/>
		<buildingScore value='2900'/>
		<razingScore value='7950'/>
		<mineralScore value='8906'/>
		<gasScore value='3104'/>
		<totalScore value='46260'/>
	</enemy>

	<scoreRatio value='0.497125'/>
	<timeFitness value='0.165972'/>
	<unitsAverage value='34'/>
</results>
