<results>
	<result value='loss'/>
	<start value='2015-05-04.09:09:52'/>
	<end value='2015-05-04.09:10:02'/>
	<frames value='19439'/>
	<gameDuration value='1214'/>

	<player>
		<unitScore value='3275'/>
		<killScore value='2300'/>
		<buildingScore value='2050'/>
		<razingScore value='0'/>
		<mineralScore value='5418'/>
		<gasScore value='912'/>
		<totalScore value='13955'/>
	</player>

	<enemy>
		<race value='Terran'/>
		<unitScore value='6650'/>
		<unitScore value='6650'/>
		<killScore value='6550'/>
		<buildingScore value='2850'/>
		<razingScore value='6150'/>
		<mineralScore value='9018'/>
		<gasScore value='2968'/>
		<totalScore value='34186'/>
	</enemy>

	<scoreRatio value='0.408208'/>
	<timeFitness value='0.168611'/>
	<unitsAverage value='22'/>
</results>
