<results>
	<result value='loss'/>
	<start value='2015-05-04.09:15:08'/>
	<end value='2015-05-04.09:15:41'/>
	<frames value='50346'/>
	<gameDuration value='3146'/>

	<player>
		<unitScore value='12925'/>
		<killScore value='21250'/>
		<buildingScore value='2225'/>
		<razingScore value='2850'/>
		<mineralScore value='14010'/>
		<gasScore value='4752'/>
		<totalScore value='58012'/>
	</player>

	<enemy>
		<race value='Terran'/>
		<unitScore value='24275'/>
		<unitScore value='24275'/>
		<killScore value='25850'/>
		<buildingScore value='6075'/>
		<razingScore value='7875'/>
		<mineralScore value='24278'/>
		<gasScore value='13616'/>
		<totalScore value='101969'/>
	</enemy>

	<scoreRatio value='0.568918'/>
	<timeFitness value='0.436944'/>
	<unitsAverage value='44'/>
</results>
