<results>
	<result value='win'/>
	<start value='2015-05-09.08:45:38'/>
	<end value='2015-05-09.08:46:05'/>
	<frames value='33730'/>
	<gameDuration value='2108'/>

	<player>
		<unitScore value='15475'/>
		<killScore value='25800'/>
		<buildingScore value='4350'/>
		<razingScore value='11025'/>
		<mineralScore value='21586'/>
		<gasScore value='3272'/>
		<totalScore value='81508'/>
	</player>

	<enemy>
		<race value='Terran'/>
		<unitScore value='13200'/>
		<unitScore value='13200'/>
		<killScore value='14450'/>
		<buildingScore value='3675'/>
		<razingScore value='3075'/>
		<mineralScore value='12066'/>
		<gasScore value='5092'/>
		<totalScore value='51558'/>
	</enemy>

	<scoreRatio value='1.5809'/>
	<timeFitness value='0.707222'/>
	<unitsAverage value='65'/>
</results>
