<results>
	<result value='loss'/>
	<start value='2014-07-01.06:37:44'/>
	<end value='2014-07-01.06:37:52'/>
	<frames value='18292'/>
	<gameDuration value='1143'/>

	<player>
		<unitScore value='3625'/>
		<killScore value='1200'/>
		<buildingScore value='1650'/>
		<razingScore value='0'/>
		<mineralScore value='5666'/>
		<gasScore value='776'/>
		<totalScore value='12917'/>
	</player>

	<enemy>
		<race value='Protoss'/>
		<unitScore value='4400'/>
		<unitScore value='4400'/>
		<killScore value='7250'/>
		<buildingScore value='4325'/>
		<razingScore value='4950'/>
		<mineralScore value='9986'/>
		<gasScore value='2232'/>
		<totalScore value='33143'/>
	</enemy>

	<scoreRatio value='0.389735'/>
</results>
