<results>
	<result value='draw'/>
	<start value='2015-04-26.14:42:34'/>
	<end value='2015-04-26.14:43:30'/>
	<frames value='57601'/>
	<gameDuration value='3600'/>

	<player>
		<unitScore value='27950'/>
		<killScore value='45250'/>
		<buildingScore value='4850'/>
		<razingScore value='12675'/>
		<mineralScore value='32662'/>
		<gasScore value='4952'/>
		<totalScore value='128339'/>
	</player>

	<enemy>
		<race value='Terran'/>
		<unitScore value='26575'/>
		<unitScore value='26575'/>
		<killScore value='42850'/>
		<buildingScore value='4450'/>
		<razingScore value='5700'/>
		<mineralScore value='19550'/>
		<gasScore value='11688'/>
		<totalScore value='110813'/>
	</enemy>

	<scoreRatio value='1.15816'/>
</results>
