<results>
	<result value='loss'/>
	<start value='2015-04-26.14:43:45'/>
	<end value='2015-04-26.14:43:57'/>
	<frames value='20059'/>
	<gameDuration value='1253'/>

	<player>
		<unitScore value='5700'/>
		<killScore value='3700'/>
		<buildingScore value='2075'/>
		<razingScore value='0'/>
		<mineralScore value='7746'/>
		<gasScore value='1064'/>
		<totalScore value='20285'/>
	</player>

	<enemy>
		<race value='Terran'/>
		<unitScore value='7850'/>
		<unitScore value='7850'/>
		<killScore value='11400'/>
		<buildingScore value='2925'/>
		<razingScore value='6225'/>
		<mineralScore value='9482'/>
		<gasScore value='3712'/>
		<totalScore value='41594'/>
	</enemy>

	<scoreRatio value='0.487691'/>
</results>
