<results>
	<result value='loss'/>
	<start value='2015-04-26.14:54:55'/>
	<end value='2015-04-26.14:55:07'/>
	<frames value='19935'/>
	<gameDuration value='1245'/>

	<player>
		<unitScore value='5250'/>
		<killScore value='2750'/>
		<buildingScore value='1975'/>
		<razingScore value='0'/>
		<mineralScore value='7378'/>
		<gasScore value='664'/>
		<totalScore value='18017'/>
	</player>

	<enemy>
		<race value='Terran'/>
		<unitScore value='7600'/>
		<unitScore value='7600'/>
		<killScore value='10500'/>
		<buildingScore value='2850'/>
		<razingScore value='5925'/>
		<mineralScore value='9218'/>
		<gasScore value='3720'/>
		<totalScore value='39813'/>
	</enemy>

	<scoreRatio value='0.452541'/>
</results>
