<results>
	<result value='win'/>
	<start value='2015-05-10.18:45:48'/>
	<end value='2015-05-10.18:46:18'/>
	<frames value='36830'/>
	<gameDuration value='2301'/>

	<player>
		<unitScore value='27725'/>
		<killScore value='47605'/>
		<buildingScore value='4150'/>
		<razingScore value='7035'/>
		<mineralScore value='34334'/>
		<gasScore value='3592'/>
		<totalScore value='124441'/>
	</player>

	<enemy>
		<race value='Zerg'/>
		<unitScore value='20975'/>
		<unitScore value='20975'/>
		<killScore value='36450'/>
		<buildingScore value='2345'/>
		<razingScore value='0'/>
		<mineralScore value='17574'/>
		<gasScore value='5962'/>
		<totalScore value='83306'/>
	</enemy>

	<scoreRatio value='1.49378'/>
	<timeFitness value='0.680417'/>
	<unitsAverage value='113'/>
</results>
