<results>
	<result value='win'/>
	<start value='2015-05-10.18:47:27'/>
	<end value='2015-05-10.18:48:12'/>
	<frames value='28584'/>
	<gameDuration value='1786'/>

	<player>
		<unitScore value='18350'/>
		<killScore value='24260'/>
		<buildingScore value='4525'/>
		<razingScore value='8250'/>
		<mineralScore value='31994'/>
		<gasScore value='2272'/>
		<totalScore value='89651'/>
	</player>

	<enemy>
		<race value='Zerg'/>
		<unitScore value='12150'/>
		<unitScore value='12150'/>
		<killScore value='15550'/>
		<buildingScore value='2750'/>
		<razingScore value='1200'/>
		<mineralScore value='13338'/>
		<gasScore value='3768'/>
		<totalScore value='48756'/>
	</enemy>

	<scoreRatio value='1.83877'/>
	<timeFitness value='0.751944'/>
	<unitsAverage value='103'/>
</results>
