<results>
	<result value='loss'/>
	<start value='2015-05-09.18:38:15'/>
	<end value='2015-05-09.18:39:16'/>
	<frames value='50718'/>
	<gameDuration value='3169'/>

	<player>
		<unitScore value='31425'/>
		<killScore value='40100'/>
		<buildingScore value='2925'/>
		<razingScore value='150'/>
		<mineralScore value='29642'/>
		<gasScore value='4328'/>
		<totalScore value='108570'/>
	</player>

	<enemy>
		<race value='Protoss'/>
		<unitScore value='34750'/>
		<unitScore value='34750'/>
		<killScore value='62600'/>
		<buildingScore value='6525'/>
		<razingScore value='8775'/>
		<mineralScore value='29738'/>
		<gasScore value='12252'/>
		<totalScore value='154640'/>
	</enemy>

	<scoreRatio value='0.702082'/>
	<timeFitness value='0.440139'/>
	<unitsAverage value='93'/>
</results>
