<results>
	<result value='win'/>
	<start value='2015-05-03.13:46:29'/>
	<end value='2015-05-03.13:47:10'/>
	<frames value='30909'/>
	<gameDuration value='1931'/>

	<player>
		<unitScore value='20875'/>
		<killScore value='22550'/>
		<buildingScore value='3875'/>
		<razingScore value='18000'/>
		<mineralScore value='26218'/>
		<gasScore value='3424'/>
		<totalScore value='94942'/>
	</player>

	<enemy>
		<race value='Protoss'/>
		<unitScore value='12050'/>
		<unitScore value='12050'/>
		<killScore value='20850'/>
		<buildingScore value='6000'/>
		<razingScore value='150'/>
		<mineralScore value='18550'/>
		<gasScore value='4024'/>
		<totalScore value='61624'/>
	</enemy>

	<scoreRatio value='1.54067'/>
	<timeFitness value='0.731806'/>
	<unitsAverage value='96'/>
</results>
