<results>
	<result value='win'/>
	<start value='2015-04-29.16:30:28'/>
	<end value='2015-04-29.16:31:09'/>
	<frames value='26507'/>
	<gameDuration value='1656'/>

	<player>
		<unitScore value='18350'/>
		<killScore value='24690'/>
		<buildingScore value='4400'/>
		<razingScore value='5820'/>
		<mineralScore value='25490'/>
		<gasScore value='1880'/>
		<totalScore value='80630'/>
	</player>

	<enemy>
		<race value='Zerg'/>
		<unitScore value='11325'/>
		<unitScore value='11325'/>
		<killScore value='14350'/>
		<buildingScore value='1940'/>
		<razingScore value='0'/>
		<mineralScore value='10258'/>
		<gasScore value='3360'/>
		<totalScore value='41233'/>
	</enemy>

	<scoreRatio value='1.95547'/>
</results>
