<results>
	<result value='win'/>
	<start value='2015-04-29.16:38:59'/>
	<end value='2015-04-29.16:39:22'/>
	<frames value='21485'/>
	<gameDuration value='1342'/>

	<player>
		<unitScore value='10775'/>
		<killScore value='21090'/>
		<buildingScore value='2225'/>
		<razingScore value='4680'/>
		<mineralScore value='17106'/>
		<gasScore value='2208'/>
		<totalScore value='58084'/>
	</player>

	<enemy>
		<race value='Zerg'/>
		<unitScore value='9450'/>
		<unitScore value='9450'/>
		<killScore value='7850'/>
		<buildingScore value='1560'/>
		<razingScore value='0'/>
		<mineralScore value='8930'/>
		<gasScore value='2400'/>
		<totalScore value='30190'/>
	</enemy>

	<scoreRatio value='1.92395'/>
</results>
