<results>
	<result value='win'/>
	<start value='2015-04-29.16:45:23'/>
	<end value='2015-04-29.16:46:11'/>
	<frames value='28801'/>
	<gameDuration value='1800'/>

	<player>
		<unitScore value='16900'/>
		<killScore value='31085'/>
		<buildingScore value='4550'/>
		<razingScore value='4560'/>
		<mineralScore value='33762'/>
		<gasScore value='2760'/>
		<totalScore value='93617'/>
	</player>

	<enemy>
		<race value='Zerg'/>
		<unitScore value='13075'/>
		<unitScore value='13075'/>
		<killScore value='10300'/>
		<buildingScore value='1520'/>
		<razingScore value='0'/>
		<mineralScore value='11410'/>
		<gasScore value='3680'/>
		<totalScore value='39985'/>
	</enemy>

	<scoreRatio value='2.3413'/>
</results>
