<results>
	<result value='draw'/>
	<start value='2015-07-18.07:59:05'/>
	<end value='2015-07-18.08:00:21'/>
	<frames value='57601'/>
	<gameDuration value='3600'/>

	<player>
		<unitScore value='20025'/>
		<killScore value='10250'/>
		<buildingScore value='3225'/>
		<razingScore value='0'/>
		<mineralScore value='16306'/>
		<gasScore value='5210'/>
		<totalScore value='55016'/>
	</player>

	<enemy>
		<race value='Terran'/>
		<unitScore value='9700'/>
		<killScore value='37300'/>
		<buildingScore value='3325'/>
		<razingScore value='5475'/>
		<mineralScore value='12050'/>
		<gasScore value='6540'/>
		<totalScore value='74390'/>
	</enemy>

	<scoreRatio value='0.739562'/>
	<timeFitness value='0.5'/>
	<unitsAverage value='44'/>
</results>
