<results>
	<result value='loss'/>
	<start value='2015-07-20.08:28:31'/>
	<end value='2015-07-20.08:30:22'/>
	<frames value='57476'/>
	<gameDuration value='3592'/>

	<player>
		<unitScore value='41900'/>
		<killScore value='43025'/>
		<buildingScore value='3625'/>
		<razingScore value='1035'/>
		<mineralScore value='31526'/>
		<gasScore value='8996'/>
		<totalScore value='130107'/>
	</player>

	<enemy>
		<race value='Zerg'/>
		<unitScore value='34575'/>
		<killScore value='78450'/>
		<buildingScore value='4480'/>
		<razingScore value='10875'/>
		<mineralScore value='31310'/>
		<gasScore value='11324'/>
		<totalScore value='171014'/>
	</enemy>

	<scoreRatio value='0.760797'/>
	<timeFitness value='0.498889'/>
	<unitsAverage value='101'/>
</results>
