<results>
	<result value='draw'/>
	<start value='2015-07-20.08:35:37'/>
	<end value='2015-07-20.08:37:27'/>
	<frames value='57601'/>
	<gameDuration value='3600'/>

	<player>
		<unitScore value='38400'/>
		<killScore value='39800'/>
		<buildingScore value='3400'/>
		<razingScore value='2160'/>
		<mineralScore value='31430'/>
		<gasScore value='5904'/>
		<totalScore value='121094'/>
	</player>

	<enemy>
		<race value='Zerg'/>
		<unitScore value='34200'/>
		<killScore value='67350'/>
		<buildingScore value='4855'/>
		<razingScore value='2475'/>
		<mineralScore value='31430'/>
		<gasScore value='10524'/>
		<totalScore value='150834'/>
	</enemy>

	<scoreRatio value='0.80283'/>
	<timeFitness value='0.5'/>
	<unitsAverage value='104'/>
</results>
