<results>
	<result value='win'/>
	<start value='2015-04-30.03:25:22'/>
	<end value='2015-04-30.03:26:11'/>
	<frames value='30940'/>
	<gameDuration value='1933'/>

	<player>
		<unitScore value='22225'/>
		<killScore value='37305'/>
		<buildingScore value='3925'/>
		<razingScore value='6735'/>
		<mineralScore value='26458'/>
		<gasScore value='3080'/>
		<totalScore value='99728'/>
	</player>

	<enemy>
		<race value='Zerg'/>
		<unitScore value='16500'/>
		<unitScore value='16500'/>
		<killScore value='19600'/>
		<buildingScore value='2245'/>
		<razingScore value='0'/>
		<mineralScore value='15430'/>
		<gasScore value='4864'/>
		<totalScore value='58639'/>
	</enemy>

	<scoreRatio value='1.70071'/>
	<timeFitness value='0.731528'/>
	<unitsAverage value='106'/>
</results>
