<results>
	<result value='loss'/>
	<start value='2015-04-27.20:05:26'/>
	<end value='2015-04-27.20:05:39'/>
	<frames value='17765'/>
	<gameDuration value='1110'/>

	<player>
		<unitScore value='3800'/>
		<killScore value='1950'/>
		<buildingScore value='1800'/>
		<razingScore value='0'/>
		<mineralScore value='5618'/>
		<gasScore value='808'/>
		<totalScore value='13976'/>
	</player>

	<enemy>
		<race value='Terran'/>
		<unitScore value='6450'/>
		<unitScore value='6450'/>
		<killScore value='7600'/>
		<buildingScore value='2650'/>
		<razingScore value='5400'/>
		<mineralScore value='8226'/>
		<gasScore value='2680'/>
		<totalScore value='33006'/>
	</enemy>

	<scoreRatio value='0.423438'/>
</results>
