<results>
	<result value='loss'/>
	<start value='2015-04-10.23:46:28'/>
	<end value='2015-04-10.23:46:35'/>
	<frames value='15378'/>
	<gameDuration value='961'/>

	<player>
		<unitScore value='2750'/>
		<killScore value='800'/>
		<buildingScore value='1700'/>
		<razingScore value='0'/>
		<mineralScore value='4562'/>
		<gasScore value='656'/>
		<totalScore value='10468'/>
	</player>

	<enemy>
		<race value='Protoss'/>
		<unitScore value='3550'/>
		<unitScore value='3550'/>
		<killScore value='5500'/>
		<buildingScore value='3475'/>
		<razingScore value='5100'/>
		<mineralScore value='8082'/>
		<gasScore value='1464'/>
		<totalScore value='27171'/>
	</enemy>

	<scoreRatio value='0.385264'/>
</results>
