<results>
	<result value='draw'/>
	<start value='2015-07-11.19:14:41'/>
	<end value='2015-07-11.19:16:00'/>
	<frames value='57601'/>
	<gameDuration value='3600'/>

	<player>
		<unitScore value='49000'/>
		<killScore value='30500'/>
		<buildingScore value='4400'/>
		<razingScore value='1800'/>
		<mineralScore value='39018'/>
		<gasScore value='10440'/>
		<totalScore value='135158'/>
	</player>

	<enemy>
		<race value='Terran'/>
		<unitScore value='18825'/>
		<killScore value='92400'/>
		<buildingScore value='3925'/>
		<razingScore value='3600'/>
		<mineralScore value='22810'/>
		<gasScore value='6192'/>
		<totalScore value='147752'/>
	</enemy>

	<scoreRatio value='0.914763'/>
	<timeFitness value='0.5'/>
	<unitsAverage value='82'/>
</results>
