<results>
	<result value='draw'/>
	<start value='2015-07-11.19:22:58'/>
	<end value='2015-07-11.19:24:07'/>
	<frames value='57601'/>
	<gameDuration value='3600'/>

	<player>
		<unitScore value='40200'/>
		<killScore value='28600'/>
		<buildingScore value='5950'/>
		<razingScore value='825'/>
		<mineralScore value='37966'/>
		<gasScore value='6336'/>
		<totalScore value='119877'/>
	</player>

	<enemy>
		<race value='Terran'/>
		<unitScore value='25625'/>
		<killScore value='68750'/>
		<buildingScore value='4250'/>
		<razingScore value='10725'/>
		<mineralScore value='19494'/>
		<gasScore value='11398'/>
		<totalScore value='140242'/>
	</enemy>

	<scoreRatio value='0.854787'/>
	<timeFitness value='0.5'/>
	<unitsAverage value='84'/>
</results>
