<results>
	<result value='loss'/>
	<start value='2015-04-03.17:55:27'/>
	<end value='2015-04-03.17:56:11'/>
	<frames value='47804'/>
	<gameDuration value='2987'/>

	<player>
		<unitScore value='23650'/>
		<killScore value='37950'/>
		<buildingScore value='2600'/>
		<razingScore value='3000'/>
		<mineralScore value='23954'/>
		<gasScore value='3832'/>
		<totalScore value='94986'/>
	</player>

	<enemy>
		<race value='Protoss'/>
		<unitScore value='38000'/>
		<unitScore value='38000'/>
		<killScore value='46800'/>
		<buildingScore value='8075'/>
		<razingScore value='7800'/>
		<mineralScore value='33710'/>
		<gasScore value='12150'/>
		<totalScore value='146535'/>
	</enemy>

	<scoreRatio value='0.648214'/>
</results>
