<results>
	<result value='win'/>
	<start value='2015-05-04.00:54:06'/>
	<end value='2015-05-04.00:54:47'/>
	<frames value='37822'/>
	<gameDuration value='2363'/>

	<player>
		<unitScore value='26400'/>
		<killScore value='36600'/>
		<buildingScore value='3200'/>
		<razingScore value='10725'/>
		<mineralScore value='27954'/>
		<gasScore value='2528'/>
		<totalScore value='107407'/>
	</player>

	<enemy>
		<race value='Terran'/>
		<unitScore value='20200'/>
		<unitScore value='20200'/>
		<killScore value='33000'/>
		<buildingScore value='3575'/>
		<razingScore value='1650'/>
		<mineralScore value='15962'/>
		<gasScore value='7886'/>
		<totalScore value='82273'/>
	</enemy>

	<scoreRatio value='1.3055'/>
	<timeFitness value='0.671806'/>
	<unitsAverage value='102'/>
</results>
