<results>
	<result value='win'/>
	<start value='2015-05-04.01:07:49'/>
	<end value='2015-05-04.01:08:11'/>
	<frames value='26073'/>
	<gameDuration value='1629'/>

	<player>
		<unitScore value='13050'/>
		<killScore value='18500'/>
		<buildingScore value='4025'/>
		<razingScore value='7050'/>
		<mineralScore value='21418'/>
		<gasScore value='2248'/>
		<totalScore value='66291'/>
	</player>

	<enemy>
		<race value='Terran'/>
		<unitScore value='9650'/>
		<unitScore value='9650'/>
		<killScore value='10800'/>
		<buildingScore value='2350'/>
		<razingScore value='2250'/>
		<mineralScore value='9490'/>
		<gasScore value='2808'/>
		<totalScore value='37348'/>
	</enemy>

	<scoreRatio value='1.77495'/>
	<timeFitness value='0.77375'/>
	<unitsAverage value='76'/>
</results>
