<results>
	<result value='loss'/>
	<start value='2015-07-13.20:39:55'/>
	<end value='2015-07-13.20:40:04'/>
	<frames value='14727'/>
	<gameDuration value='920'/>

	<player>
		<unitScore value='2775'/>
		<killScore value='0'/>
		<buildingScore value='1800'/>
		<razingScore value='0'/>
		<mineralScore value='4522'/>
		<gasScore value='816'/>
		<totalScore value='9913'/>
	</player>

	<enemy>
		<race value='Protoss'/>
		<unitScore value='3550'/>
		<killScore value='5550'/>
		<buildingScore value='2575'/>
		<razingScore value='5400'/>
		<mineralScore value='7634'/>
		<gasScore value='1344'/>
		<totalScore value='26053'/>
	</enemy>

	<scoreRatio value='0.380494'/>
	<timeFitness value='0.127778'/>
	<unitsAverage value='21'/>
</results>
