<results>
	<result value='loss'/>
	<start value='2015-07-13.20:44:29'/>
	<end value='2015-07-13.20:44:39'/>
	<frames value='16618'/>
	<gameDuration value='1038'/>

	<player>
		<unitScore value='4175'/>
		<killScore value='600'/>
		<buildingScore value='1825'/>
		<razingScore value='0'/>
		<mineralScore value='5754'/>
		<gasScore value='648'/>
		<totalScore value='13002'/>
	</player>

	<enemy>
		<race value='Protoss'/>
		<unitScore value='3600'/>
		<killScore value='8050'/>
		<buildingScore value='4075'/>
		<razingScore value='5475'/>
		<mineralScore value='8962'/>
		<gasScore value='1744'/>
		<totalScore value='31906'/>
	</enemy>

	<scoreRatio value='0.40751'/>
	<timeFitness value='0.144167'/>
	<unitsAverage value='23'/>
</results>
