<results>
	<result value='loss'/>
	<start value='2015-07-17.10:26:47'/>
	<end value='2015-07-17.10:27:27'/>
	<frames value='45665'/>
	<gameDuration value='2854'/>

	<player>
		<unitScore value='12275'/>
		<killScore value='11050'/>
		<buildingScore value='2625'/>
		<razingScore value='0'/>
		<mineralScore value='12946'/>
		<gasScore value='2120'/>
		<totalScore value='41016'/>
	</player>

	<enemy>
		<race value='Terran'/>
		<unitScore value='23400'/>
		<killScore value='22650'/>
		<buildingScore value='4500'/>
		<razingScore value='7875'/>
		<mineralScore value='19530'/>
		<gasScore value='10950'/>
		<totalScore value='88905'/>
	</enemy>

	<scoreRatio value='0.461346'/>
	<timeFitness value='0.396389'/>
	<unitsAverage value='38'/>
</results>
