<results>
	<result value='win'/>
	<start value='2015-05-06.00:25:19'/>
	<end value='2015-05-06.00:25:45'/>
	<frames value='25422'/>
	<gameDuration value='1588'/>

	<player>
		<unitScore value='15375'/>
		<killScore value='22700'/>
		<buildingScore value='4075'/>
		<razingScore value='6900'/>
		<mineralScore value='22794'/>
		<gasScore value='1952'/>
		<totalScore value='73796'/>
	</player>

	<enemy>
		<race value='Terran'/>
		<unitScore value='11350'/>
		<unitScore value='11350'/>
		<killScore value='12650'/>
		<buildingScore value='2300'/>
		<razingScore value='600'/>
		<mineralScore value='11158'/>
		<gasScore value='3720'/>
		<totalScore value='41778'/>
	</enemy>

	<scoreRatio value='1.76638'/>
	<timeFitness value='0.779444'/>
	<unitsAverage value='83'/>
</results>
