<results>
	<result value='win'/>
	<start value='2015-05-06.00:30:06'/>
	<end value='2015-05-06.00:30:26'/>
	<frames value='23128'/>
	<gameDuration value='1445'/>

	<player>
		<unitScore value='10025'/>
		<killScore value='18350'/>
		<buildingScore value='3500'/>
		<razingScore value='8250'/>
		<mineralScore value='17930'/>
		<gasScore value='1704'/>
		<totalScore value='59759'/>
	</player>

	<enemy>
		<race value='Terran'/>
		<unitScore value='9175'/>
		<unitScore value='9175'/>
		<killScore value='5800'/>
		<buildingScore value='2750'/>
		<razingScore value='1875'/>
		<mineralScore value='9010'/>
		<gasScore value='3312'/>
		<totalScore value='31922'/>
	</enemy>

	<scoreRatio value='1.87203'/>
	<timeFitness value='0.799306'/>
	<unitsAverage value='64'/>
</results>
