<results>
	<result value='win'/>
	<start value='2015-05-06.00:45:56'/>
	<end value='2015-05-06.00:46:59'/>
	<frames value='39217'/>
	<gameDuration value='2451'/>

	<player>
		<unitScore value='26500'/>
		<killScore value='41700'/>
		<buildingScore value='4700'/>
		<razingScore value='12375'/>
		<mineralScore value='38118'/>
		<gasScore value='4864'/>
		<totalScore value='128257'/>
	</player>

	<enemy>
		<race value='Terran'/>
		<unitScore value='26200'/>
		<unitScore value='26200'/>
		<killScore value='28800'/>
		<buildingScore value='4125'/>
		<razingScore value='1725'/>
		<mineralScore value='18906'/>
		<gasScore value='9664'/>
		<totalScore value='89420'/>
	</enemy>

	<scoreRatio value='1.43432'/>
	<timeFitness value='0.659583'/>
	<unitsAverage value='121'/>
</results>
