<results>
	<result value='loss'/>
	<start value='2015-04-15.03:32:03'/>
	<end value='2015-04-15.03:32:14'/>
	<frames value='27127'/>
	<gameDuration value='1695'/>

	<player>
		<unitScore value='2925'/>
		<killScore value='2400'/>
		<buildingScore value='1625'/>
		<razingScore value='0'/>
		<mineralScore value='4850'/>
		<gasScore value='920'/>
		<totalScore value='12720'/>
	</player>

	<enemy>
		<race value='Protoss'/>
		<unitScore value='11225'/>
		<unitScore value='11225'/>
		<killScore value='5950'/>
		<buildingScore value='6875'/>
		<razingScore value='4875'/>
		<mineralScore value='16698'/>
		<gasScore value='5768'/>
		<totalScore value='51391'/>
	</enemy>

	<scoreRatio value='0.247514'/>
</results>
