<results>
	<result value='win'/>
	<start value='2015-04-15.03:32:17'/>
	<end value='2015-04-15.03:32:48'/>
	<frames value='37636'/>
	<gameDuration value='2352'/>

	<player>
		<unitScore value='17750'/>
		<killScore value='14350'/>
		<buildingScore value='3675'/>
		<razingScore value='21750'/>
		<mineralScore value='21522'/>
		<gasScore value='3712'/>
		<totalScore value='82759'/>
	</player>

	<enemy>
		<race value='Protoss'/>
		<unitScore value='7575'/>
		<unitScore value='7575'/>
		<killScore value='17050'/>
		<buildingScore value='7250'/>
		<razingScore value='1800'/>
		<mineralScore value='16362'/>
		<gasScore value='3712'/>
		<totalScore value='53749'/>
	</enemy>

	<scoreRatio value='1.53973'/>
</results>
