<results>
	<result value='loss'/>
	<start value='2015-04-13.05:52:20'/>
	<end value='2015-04-13.05:52:50'/>
	<frames value='30072'/>
	<gameDuration value='1879'/>

	<player>
		<unitScore value='7975'/>
		<killScore value='2600'/>
		<buildingScore value='2325'/>
		<razingScore value='0'/>
		<mineralScore value='10514'/>
		<gasScore value='1560'/>
		<totalScore value='24974'/>
	</player>

	<enemy>
		<race value='Protoss'/>
		<unitScore value='14350'/>
		<unitScore value='14350'/>
		<killScore value='15950'/>
		<buildingScore value='6925'/>
		<razingScore value='6975'/>
		<mineralScore value='18558'/>
		<gasScore value='7264'/>
		<totalScore value='70022'/>
	</enemy>

	<scoreRatio value='0.356659'/>
</results>
