<results>
	<result value='loss'/>
	<start value='2015-04-27.20:05:38'/>
	<end value='2015-04-27.20:05:46'/>
	<frames value='19191'/>
	<gameDuration value='1199'/>

	<player>
		<unitScore value='4325'/>
		<killScore value='2600'/>
		<buildingScore value='1650'/>
		<razingScore value='0'/>
		<mineralScore value='5882'/>
		<gasScore value='696'/>
		<totalScore value='15153'/>
	</player>

	<enemy>
		<race value='Terran'/>
		<unitScore value='7750'/>
		<unitScore value='7750'/>
		<killScore value='8650'/>
		<buildingScore value='2850'/>
		<razingScore value='4950'/>
		<mineralScore value='8906'/>
		<gasScore value='3248'/>
		<totalScore value='36354'/>
	</enemy>

	<scoreRatio value='0.416818'/>
</results>
