<results>
	<result value='win'/>
	<start value='2015-04-29.17:35:51'/>
	<end value='2015-04-29.17:36:49'/>
	<frames value='29607'/>
	<gameDuration value='1850'/>

	<player>
		<unitScore value='18400'/>
		<killScore value='25300'/>
		<buildingScore value='4650'/>
		<razingScore value='6975'/>
		<mineralScore value='28418'/>
		<gasScore value='2568'/>
		<totalScore value='86311'/>
	</player>

	<enemy>
		<race value='Zerg'/>
		<unitScore value='12425'/>
		<unitScore value='12425'/>
		<killScore value='14100'/>
		<buildingScore value='2325'/>
		<razingScore value='0'/>
		<mineralScore value='12134'/>
		<gasScore value='4096'/>
		<totalScore value='45080'/>
	</enemy>

	<scoreRatio value='1.91462'/>
	<timeFitness value='0.743056'/>
	<unitsAverage value='110'/>
</results>
