<results>
	<result value='win'/>
	<start value='2015-04-29.17:52:02'/>
	<end value='2015-04-29.17:53:36'/>
	<frames value='35528'/>
	<gameDuration value='2220'/>

	<player>
		<unitScore value='19675'/>
		<killScore value='24975'/>
		<buildingScore value='4050'/>
		<razingScore value='8100'/>
		<mineralScore value='34370'/>
		<gasScore value='2376'/>
		<totalScore value='93546'/>
	</player>

	<enemy>
		<race value='Zerg'/>
		<unitScore value='11800'/>
		<unitScore value='11800'/>
		<killScore value='15900'/>
		<buildingScore value='2700'/>
		<razingScore value='0'/>
		<mineralScore value='12346'/>
		<gasScore value='3704'/>
		<totalScore value='46450'/>
	</enemy>

	<scoreRatio value='2.01391'/>
	<timeFitness value='0.691667'/>
	<unitsAverage value='132'/>
</results>
