<results>
	<result value='win'/>
	<start value='2014-07-23.02:06:48'/>
	<end value='2014-07-23.02:07:12'/>
	<frames value='24430'/>
	<gameDuration value='1526'/>

	<player>
		<unitScore value='16100'/>
		<killScore value='24000'/>
		<buildingScore value='3850'/>
		<razingScore value='4755'/>
		<mineralScore value='21626'/>
		<gasScore value='2088'/>
		<totalScore value='72419'/>
	</player>

	<enemy>
		<race value='Zerg'/>
		<unitScore value='10575'/>
		<unitScore value='10575'/>
		<killScore value='11800'/>
		<buildingScore value='1585'/>
		<razingScore value='0'/>
		<mineralScore value='9514'/>
		<gasScore value='2568'/>
		<totalScore value='36042'/>
	</enemy>

	<scoreRatio value='2.00929'/>
</results>
