<results>
	<result value='win'/>
	<start value='2015-05-04.16:08:47'/>
	<end value='2015-05-04.16:09:17'/>
	<frames value='24430'/>
	<gameDuration value='1526'/>

	<player>
		<unitScore value='16575'/>
		<killScore value='22950'/>
		<buildingScore value='3775'/>
		<razingScore value='4800'/>
		<mineralScore value='24338'/>
		<gasScore value='1664'/>
		<totalScore value='74102'/>
	</player>

	<enemy>
		<race value='Zerg'/>
		<unitScore value='10775'/>
		<unitScore value='10775'/>
		<killScore value='12300'/>
		<buildingScore value='1600'/>
		<razingScore value='0'/>
		<mineralScore value='10154'/>
		<gasScore value='3136'/>
		<totalScore value='37965'/>
	</enemy>

	<scoreRatio value='1.95185'/>
	<timeFitness value='0.788056'/>
	<unitsAverage value='95'/>
</results>
