<results>
	<result value='win'/>
	<start value='2015-05-11.18:41:09'/>
	<end value='2015-05-11.18:41:33'/>
	<frames value='23779'/>
	<gameDuration value='1486'/>

	<player>
		<unitScore value='15175'/>
		<killScore value='20095'/>
		<buildingScore value='3550'/>
		<razingScore value='7290'/>
		<mineralScore value='21066'/>
		<gasScore value='2064'/>
		<totalScore value='69240'/>
	</player>

	<enemy>
		<race value='Zerg'/>
		<unitScore value='9275'/>
		<unitScore value='9275'/>
		<killScore value='13850'/>
		<buildingScore value='2430'/>
		<razingScore value='150'/>
		<mineralScore value='9690'/>
		<gasScore value='3080'/>
		<totalScore value='38475'/>
	</enemy>

	<scoreRatio value='1.79961'/>
	<timeFitness value='0.793611'/>
	<unitsAverage value='82'/>
</results>
