<results>
	<result value='win'/>
	<start value='2015-05-02.14:48:55'/>
	<end value='2015-05-02.14:49:45'/>
	<frames value='32273'/>
	<gameDuration value='2017'/>

	<player>
		<unitScore value='20350'/>
		<killScore value='30935'/>
		<buildingScore value='4425'/>
		<razingScore value='6615'/>
		<mineralScore value='30878'/>
		<gasScore value='2480'/>
		<totalScore value='95683'/>
	</player>

	<enemy>
		<race value='Zerg'/>
		<unitScore value='14900'/>
		<unitScore value='14900'/>
		<killScore value='18000'/>
		<buildingScore value='2205'/>
		<razingScore value='0'/>
		<mineralScore value='14126'/>
		<gasScore value='4856'/>
		<totalScore value='54087'/>
	</enemy>

	<scoreRatio value='1.76906'/>
	<timeFitness value='0.719861'/>
	<unitsAverage value='115'/>
</results>
