<results>
	<result value='win'/>
	<start value='2015-05-02.22:51:07'/>
	<end value='2015-05-02.22:51:33'/>
	<frames value='24678'/>
	<gameDuration value='1542'/>

	<player>
		<unitScore value='13200'/>
		<killScore value='23670'/>
		<buildingScore value='4350'/>
		<razingScore value='4560'/>
		<mineralScore value='22618'/>
		<gasScore value='1768'/>
		<totalScore value='70166'/>
	</player>

	<enemy>
		<race value='Zerg'/>
		<unitScore value='10750'/>
		<unitScore value='10750'/>
		<killScore value='8550'/>
		<buildingScore value='1520'/>
		<razingScore value='0'/>
		<mineralScore value='9842'/>
		<gasScore value='3136'/>
		<totalScore value='33798'/>
	</enemy>

	<scoreRatio value='2.07604'/>
	<timeFitness value='0.785833'/>
	<unitsAverage value='83'/>
</results>
