<results>
	<result value='win'/>
	<start value='2015-07-14.03:50:21'/>
	<end value='2015-07-14.03:50:48'/>
	<frames value='27437'/>
	<gameDuration value='1714'/>

	<player>
		<unitScore value='17200'/>
		<killScore value='17000'/>
		<buildingScore value='3825'/>
		<razingScore value='6675'/>
		<mineralScore value='23626'/>
		<gasScore value='3144'/>
		<totalScore value='71470'/>
	</player>

	<enemy>
		<race value='Protoss'/>
		<unitScore value='8500'/>
		<killScore value='13050'/>
		<buildingScore value='2225'/>
		<razingScore value='300'/>
		<mineralScore value='9506'/>
		<gasScore value='2984'/>
		<totalScore value='36565'/>
	</enemy>

	<scoreRatio value='1.9546'/>
	<timeFitness value='0.761944'/>
	<unitsAverage value='84'/>
</results>
