<results>
	<result value='loss'/>
	<start value='2014-07-23.02:29:35'/>
	<end value='2014-07-23.02:29:47'/>
	<frames value='21392'/>
	<gameDuration value='1337'/>

	<player>
		<unitScore value='4725'/>
		<killScore value='3400'/>
		<buildingScore value='2000'/>
		<razingScore value='0'/>
		<mineralScore value='7394'/>
		<gasScore value='1120'/>
		<totalScore value='18639'/>
	</player>

	<enemy>
		<race value='Protoss'/>
		<unitScore value='6725'/>
		<unitScore value='6725'/>
		<killScore value='9450'/>
		<buildingScore value='4475'/>
		<razingScore value='6000'/>
		<mineralScore value='11322'/>
		<gasScore value='3464'/>
		<totalScore value='41436'/>
	</enemy>

	<scoreRatio value='0.449826'/>
</results>
