<results>
	<result value='win'/>
	<start value='2015-04-26.14:13:29'/>
	<end value='2015-04-26.14:14:01'/>
	<frames value='36427'/>
	<gameDuration value='2276'/>

	<player>
		<unitScore value='17675'/>
		<killScore value='27450'/>
		<buildingScore value='4375'/>
		<razingScore value='11550'/>
		<mineralScore value='21834'/>
		<gasScore value='3208'/>
		<totalScore value='86092'/>
	</player>

	<enemy>
		<race value='Terran'/>
		<unitScore value='15975'/>
		<unitScore value='15975'/>
		<killScore value='15800'/>
		<buildingScore value='3925'/>
		<razingScore value='3075'/>
		<mineralScore value='14334'/>
		<gasScore value='7096'/>
		<totalScore value='60205'/>
	</enemy>

	<scoreRatio value='1.42998'/>
</results>
