<results>
	<result value='win'/>
	<start value='2015-04-26.14:18:19'/>
	<end value='2015-04-26.14:18:39'/>
	<frames value='23841'/>
	<gameDuration value='1490'/>

	<player>
		<unitScore value='11550'/>
		<killScore value='17350'/>
		<buildingScore value='3900'/>
		<razingScore value='8025'/>
		<mineralScore value='16706'/>
		<gasScore value='1568'/>
		<totalScore value='59099'/>
	</player>

	<enemy>
		<race value='Terran'/>
		<unitScore value='9375'/>
		<unitScore value='9375'/>
		<killScore value='6500'/>
		<buildingScore value='2675'/>
		<razingScore value='1425'/>
		<mineralScore value='9978'/>
		<gasScore value='3032'/>
		<totalScore value='32985'/>
	</enemy>

	<scoreRatio value='1.79169'/>
</results>
