<results>
	<result value='draw'/>
	<start value='2015-04-26.14:20:32'/>
	<end value='2015-04-26.14:21:21'/>
	<frames value='57601'/>
	<gameDuration value='3600'/>

	<player>
		<unitScore value='21850'/>
		<killScore value='31650'/>
		<buildingScore value='3100'/>
		<razingScore value='2100'/>
		<mineralScore value='23946'/>
		<gasScore value='4944'/>
		<totalScore value='87590'/>
	</player>

	<enemy>
		<race value='Terran'/>
		<unitScore value='37225'/>
		<unitScore value='37225'/>
		<killScore value='43700'/>
		<buildingScore value='6200'/>
		<razingScore value='8850'/>
		<mineralScore value='26870'/>
		<gasScore value='16022'/>
		<totalScore value='138867'/>
	</enemy>

	<scoreRatio value='0.630747'/>
</results>
