<results>
	<result value='win'/>
	<start value='2015-04-26.14:25:15'/>
	<end value='2015-04-26.14:25:25'/>
	<frames value='16649'/>
	<gameDuration value='1040'/>

	<player>
		<unitScore value='5200'/>
		<killScore value='10600'/>
		<buildingScore value='1925'/>
		<razingScore value='4350'/>
		<mineralScore value='8618'/>
		<gasScore value='1536'/>
		<totalScore value='32229'/>
	</player>

	<enemy>
		<race value='Terran'/>
		<unitScore value='5300'/>
		<unitScore value='5300'/>
		<killScore value='2100'/>
		<buildingScore value='1450'/>
		<razingScore value='150'/>
		<mineralScore value='6882'/>
		<gasScore value='1936'/>
		<totalScore value='17818'/>
	</enemy>

	<scoreRatio value='1.80879'/>
</results>
