<results>
	<result value='win'/>
	<start value='2015-05-05.22:12:07'/>
	<end value='2015-05-05.22:12:23'/>
	<frames value='24306'/>
	<gameDuration value='1519'/>

	<player>
		<unitScore value='13325'/>
		<killScore value='20530'/>
		<buildingScore value='3000'/>
		<razingScore value='7800'/>
		<mineralScore value='18258'/>
		<gasScore value='2112'/>
		<totalScore value='65025'/>
	</player>

	<enemy>
		<race value='Zerg'/>
		<unitScore value='9775'/>
		<unitScore value='9775'/>
		<killScore value='11250'/>
		<buildingScore value='2600'/>
		<razingScore value='600'/>
		<mineralScore value='10754'/>
		<gasScore value='3536'/>
		<totalScore value='38515'/>
	</enemy>

	<scoreRatio value='1.6883'/>
	<timeFitness value='0.789028'/>
	<unitsAverage value='74'/>
</results>
