<results>
	<result value='win'/>
	<start value='2015-05-05.22:16:13'/>
	<end value='2015-05-05.22:16:41'/>
	<frames value='31591'/>
	<gameDuration value='1974'/>

	<player>
		<unitScore value='21300'/>
		<killScore value='34850'/>
		<buildingScore value='3575'/>
		<razingScore value='7170'/>
		<mineralScore value='28506'/>
		<gasScore value='2312'/>
		<totalScore value='97713'/>
	</player>

	<enemy>
		<race value='Zerg'/>
		<unitScore value='16425'/>
		<unitScore value='16425'/>
		<killScore value='20800'/>
		<buildingScore value='2390'/>
		<razingScore value='0'/>
		<mineralScore value='15578'/>
		<gasScore value='4984'/>
		<totalScore value='60177'/>
	</enemy>

	<scoreRatio value='1.62376'/>
	<timeFitness value='0.725833'/>
	<unitsAverage value='103'/>
</results>
