<results>
	<result value='loss'/>
	<start value='2015-04-16.19:40:11'/>
	<end value='2015-04-16.19:40:27'/>
	<frames value='17796'/>
	<gameDuration value='1112'/>

	<player>
		<unitScore value='3700'/>
		<killScore value='1200'/>
		<buildingScore value='1625'/>
		<razingScore value='0'/>
		<mineralScore value='5042'/>
		<gasScore value='672'/>
		<totalScore value='12239'/>
	</player>

	<enemy>
		<race value='Protoss'/>
		<unitScore value='3750'/>
		<unitScore value='3750'/>
		<killScore value='7400'/>
		<buildingScore value='3825'/>
		<razingScore value='4875'/>
		<mineralScore value='9554'/>
		<gasScore value='1608'/>
		<totalScore value='31012'/>
	</enemy>

	<scoreRatio value='0.394654'/>
</results>
