<results>
	<result value='win'/>
	<start value='2015-05-06.02:55:14'/>
	<end value='2015-05-06.02:56:27'/>
	<frames value='39992'/>
	<gameDuration value='2499'/>

	<player>
		<unitScore value='25225'/>
		<killScore value='36450'/>
		<buildingScore value='4125'/>
		<razingScore value='10425'/>
		<mineralScore value='29422'/>
		<gasScore value='5072'/>
		<totalScore value='110719'/>
	</player>

	<enemy>
		<race value='Terran'/>
		<unitScore value='19825'/>
		<unitScore value='19825'/>
		<killScore value='27100'/>
		<buildingScore value='3550'/>
		<razingScore value='1650'/>
		<mineralScore value='15170'/>
		<gasScore value='7510'/>
		<totalScore value='74805'/>
	</enemy>

	<scoreRatio value='1.4801'/>
	<timeFitness value='0.652917'/>
	<unitsAverage value='98'/>
</results>
