<results>
	<result value='draw'/>
	<start value='2015-05-06.03:07:32'/>
	<end value='2015-05-06.03:09:27'/>
	<frames value='57601'/>
	<gameDuration value='3600'/>

	<player>
		<unitScore value='32000'/>
		<killScore value='38000'/>
		<buildingScore value='4225'/>
		<razingScore value='2025'/>
		<mineralScore value='35142'/>
		<gasScore value='5008'/>
		<totalScore value='116400'/>
	</player>

	<enemy>
		<race value='Terran'/>
		<unitScore value='29100'/>
		<unitScore value='29100'/>
		<killScore value='57250'/>
		<buildingScore value='4675'/>
		<razingScore value='3600'/>
		<mineralScore value='19550'/>
		<gasScore value='12210'/>
		<totalScore value='126385'/>
	</enemy>

	<scoreRatio value='0.920995'/>
	<timeFitness value='0.5'/>
	<unitsAverage value='107'/>
</results>
