<results>
	<result value='win'/>
	<start value='2015-05-06.03:28:54'/>
	<end value='2015-05-06.03:30:02'/>
	<frames value='38442'/>
	<gameDuration value='2402'/>

	<player>
		<unitScore value='23050'/>
		<killScore value='29150'/>
		<buildingScore value='4525'/>
		<razingScore value='11550'/>
		<mineralScore value='31182'/>
		<gasScore value='4112'/>
		<totalScore value='103569'/>
	</player>

	<enemy>
		<race value='Terran'/>
		<unitScore value='15775'/>
		<unitScore value='15775'/>
		<killScore value='24400'/>
		<buildingScore value='3850'/>
		<razingScore value='3000'/>
		<mineralScore value='16006'/>
		<gasScore value='7538'/>
		<totalScore value='70569'/>
	</enemy>

	<scoreRatio value='1.46763'/>
	<timeFitness value='0.666389'/>
	<unitsAverage value='91'/>
</results>
