<results>
	<result value='win'/>
	<start value='2015-05-06.03:31:25'/>
	<end value='2015-05-06.03:33:16'/>
	<frames value='48796'/>
	<gameDuration value='3049'/>

	<player>
		<unitScore value='33900'/>
		<killScore value='47800'/>
		<buildingScore value='4400'/>
		<razingScore value='13800'/>
		<mineralScore value='38078'/>
		<gasScore value='7116'/>
		<totalScore value='145094'/>
	</player>

	<enemy>
		<race value='Terran'/>
		<unitScore value='26475'/>
		<unitScore value='26475'/>
		<killScore value='44750'/>
		<buildingScore value='4600'/>
		<razingScore value='2400'/>
		<mineralScore value='19834'/>
		<gasScore value='11060'/>
		<totalScore value='109119'/>
	</enemy>

	<scoreRatio value='1.32969'/>
	<timeFitness value='0.576528'/>
	<unitsAverage value='120'/>
</results>
