<results>
	<result value='loss'/>
	<start value='2014-07-22.23:38:34'/>
	<end value='2014-07-22.23:38:37'/>
	<frames value='8558'/>
	<gameDuration value='534'/>

	<player>
		<unitScore value='1200'/>
		<killScore value='100'/>
		<buildingScore value='650'/>
		<razingScore value='0'/>
		<mineralScore value='1754'/>
		<gasScore value='48'/>
		<totalScore value='3752'/>
	</player>

	<enemy>
		<race value='Zerg'/>
		<unitScore value='1400'/>
		<unitScore value='1400'/>
		<killScore value='2400'/>
		<buildingScore value='860'/>
		<razingScore value='1950'/>
		<mineralScore value='2522'/>
		<gasScore value='168'/>
		<totalScore value='9300'/>
	</enemy>

	<scoreRatio value='0.403441'/>
</results>
