<results>
	<result value='draw'/>
	<start value='2014-07-22.23:39:46'/>
	<end value='2014-07-22.23:40:48'/>
	<frames value='57601'/>
	<gameDuration value='3600'/>

	<player>
		<unitScore value='29025'/>
		<killScore value='59710'/>
		<buildingScore value='3000'/>
		<razingScore value='4470'/>
		<mineralScore value='31542'/>
		<gasScore value='6954'/>
		<totalScore value='134701'/>
	</player>

	<enemy>
		<race value='Zerg'/>
		<unitScore value='32425'/>
		<unitScore value='32425'/>
		<killScore value='50700'/>
		<buildingScore value='5205'/>
		<razingScore value='525'/>
		<mineralScore value='29298'/>
		<gasScore value='11940'/>
		<totalScore value='130093'/>
	</enemy>

	<scoreRatio value='1.03542'/>
</results>
