<results>
	<result value='loss'/>
	<start value='2015-04-14.20:06:52'/>
	<end value='2015-04-14.20:07:04'/>
	<frames value='14355'/>
	<gameDuration value='897'/>

	<player>
		<unitScore value='2700'/>
		<killScore value='600'/>
		<buildingScore value='1675'/>
		<razingScore value='0'/>
		<mineralScore value='4282'/>
		<gasScore value='360'/>
		<totalScore value='9617'/>
	</player>

	<enemy>
		<race value='Protoss'/>
		<unitScore value='3550'/>
		<unitScore value='3550'/>
		<killScore value='5400'/>
		<buildingScore value='2425'/>
		<razingScore value='5025'/>
		<mineralScore value='7482'/>
		<gasScore value='1256'/>
		<totalScore value='25138'/>
	</enemy>

	<scoreRatio value='0.382568'/>
</results>
