<results>
	<result value='loss'/>
	<start value='2015-05-05.20:26:10'/>
	<end value='2015-05-05.20:26:17'/>
	<frames value='14386'/>
	<gameDuration value='899'/>

	<player>
		<unitScore value='3500'/>
		<killScore value='1400'/>
		<buildingScore value='1075'/>
		<razingScore value='0'/>
		<mineralScore value='4418'/>
		<gasScore value='728'/>
		<totalScore value='11121'/>
	</player>

	<enemy>
		<race value='Protoss'/>
		<unitScore value='3550'/>
		<unitScore value='3550'/>
		<killScore value='7000'/>
		<buildingScore value='2375'/>
		<razingScore value='3225'/>
		<mineralScore value='7266'/>
		<gasScore value='1248'/>
		<totalScore value='24664'/>
	</enemy>

	<scoreRatio value='0.4509'/>
	<timeFitness value='0.124861'/>
	<unitsAverage value='24'/>
</results>
