<results>
	<result value='win'/>
	<start value='2015-05-05.20:27:53'/>
	<end value='2015-05-05.20:28:37'/>
	<frames value='39248'/>
	<gameDuration value='2453'/>

	<player>
		<unitScore value='27050'/>
		<killScore value='25600'/>
		<buildingScore value='3725'/>
		<razingScore value='16800'/>
		<mineralScore value='30370'/>
		<gasScore value='3784'/>
		<totalScore value='107329'/>
	</player>

	<enemy>
		<race value='Protoss'/>
		<unitScore value='14200'/>
		<unitScore value='14200'/>
		<killScore value='31400'/>
		<buildingScore value='5600'/>
		<razingScore value='0'/>
		<mineralScore value='15898'/>
		<gasScore value='5480'/>
		<totalScore value='72578'/>
	</enemy>

	<scoreRatio value='1.47881'/>
	<timeFitness value='0.659306'/>
	<unitsAverage value='106'/>
</results>
