<results>
	<result value='win'/>
	<start value='2015-04-28.19:08:55'/>
	<end value='2015-04-28.19:09:17'/>
	<frames value='28677'/>
	<gameDuration value='1792'/>

	<player>
		<unitScore value='16675'/>
		<killScore value='28775'/>
		<buildingScore value='3500'/>
		<razingScore value='6885'/>
		<mineralScore value='20402'/>
		<gasScore value='2904'/>
		<totalScore value='79141'/>
	</player>

	<enemy>
		<race value='Zerg'/>
		<unitScore value='12950'/>
		<unitScore value='12950'/>
		<killScore value='13250'/>
		<buildingScore value='2295'/>
		<razingScore value='150'/>
		<mineralScore value='12350'/>
		<gasScore value='3392'/>
		<totalScore value='44387'/>
	</enemy>

	<scoreRatio value='1.78298'/>
	<timeFitness value='0.751111'/>
	<unitsAverage value='87'/>
</results>
