<results>
	<result value='win'/>
	<start value='2015-04-28.19:12:22'/>
	<end value='2015-04-28.19:12:41'/>
	<frames value='27933'/>
	<gameDuration value='1745'/>

	<player>
		<unitScore value='16400'/>
		<killScore value='21940'/>
		<buildingScore value='3400'/>
		<razingScore value='4755'/>
		<mineralScore value='19898'/>
		<gasScore value='1576'/>
		<totalScore value='67969'/>
	</player>

	<enemy>
		<race value='Zerg'/>
		<unitScore value='10125'/>
		<unitScore value='10125'/>
		<killScore value='14100'/>
		<buildingScore value='1585'/>
		<razingScore value='0'/>
		<mineralScore value='9770'/>
		<gasScore value='2944'/>
		<totalScore value='38524'/>
	</enemy>

	<scoreRatio value='1.76433'/>
	<timeFitness value='0.757639'/>
	<unitsAverage value='72'/>
</results>
