<results>
	<result value='draw'/>
	<start value='2015-04-09.11:30:00'/>
	<end value='2015-04-09.11:30:59'/>
	<frames value='57601'/>
	<gameDuration value='3600'/>

	<player>
		<unitScore value='29975'/>
		<killScore value='38800'/>
		<buildingScore value='3275'/>
		<razingScore value='5700'/>
		<mineralScore value='30638'/>
		<gasScore value='5094'/>
		<totalScore value='113482'/>
	</player>

	<enemy>
		<race value='Protoss'/>
		<unitScore value='29800'/>
		<unitScore value='29800'/>
		<killScore value='58600'/>
		<buildingScore value='7875'/>
		<razingScore value='4725'/>
		<mineralScore value='30422'/>
		<gasScore value='10472'/>
		<totalScore value='141894'/>
	</enemy>

	<scoreRatio value='0.799766'/>
</results>
