<results>
	<result value='loss'/>
	<start value='2015-05-09.11:11:27'/>
	<end value='2015-05-09.11:11:40'/>
	<frames value='27871'/>
	<gameDuration value='1741'/>

	<player>
		<unitScore value='9475'/>
		<killScore value='6800'/>
		<buildingScore value='2450'/>
		<razingScore value='150'/>
		<mineralScore value='11786'/>
		<gasScore value='800'/>
		<totalScore value='31461'/>
	</player>

	<enemy>
		<race value='Terran'/>
		<unitScore value='13600'/>
		<unitScore value='13600'/>
		<killScore value='18950'/>
		<buildingScore value='4625'/>
		<razingScore value='7350'/>
		<mineralScore value='14686'/>
		<gasScore value='6874'/>
		<totalScore value='66085'/>
	</enemy>

	<scoreRatio value='0.476069'/>
	<timeFitness value='0.241806'/>
	<unitsAverage value='33'/>
</results>
