<results>
	<result value='win'/>
	<start value='2015-05-09.11:15:43'/>
	<end value='2015-05-09.11:16:02'/>
	<frames value='29049'/>
	<gameDuration value='1815'/>

	<player>
		<unitScore value='11825'/>
		<killScore value='25850'/>
		<buildingScore value='3625'/>
		<razingScore value='10350'/>
		<mineralScore value='16226'/>
		<gasScore value='2888'/>
		<totalScore value='70764'/>
	</player>

	<enemy>
		<race value='Terran'/>
		<unitScore value='14525'/>
		<unitScore value='14525'/>
		<killScore value='9900'/>
		<buildingScore value='3450'/>
		<razingScore value='3000'/>
		<mineralScore value='13518'/>
		<gasScore value='6296'/>
		<totalScore value='50689'/>
	</enemy>

	<scoreRatio value='1.39604'/>
	<timeFitness value='0.747917'/>
	<unitsAverage value='60'/>
</results>
