<results>
	<result value='loss'/>
	<start value='2015-05-04.02:36:36'/>
	<end value='2015-05-04.02:36:47'/>
	<frames value='26073'/>
	<gameDuration value='1629'/>

	<player>
		<unitScore value='3925'/>
		<killScore value='2400'/>
		<buildingScore value='1575'/>
		<razingScore value='0'/>
		<mineralScore value='5842'/>
		<gasScore value='824'/>
		<totalScore value='14566'/>
	</player>

	<enemy>
		<race value='Protoss'/>
		<unitScore value='10550'/>
		<unitScore value='10550'/>
		<killScore value='7850'/>
		<buildingScore value='6875'/>
		<razingScore value='4725'/>
		<mineralScore value='16106'/>
		<gasScore value='5288'/>
		<totalScore value='51394'/>
	</enemy>

	<scoreRatio value='0.283418'/>
	<timeFitness value='0.22625'/>
	<unitsAverage value='20'/>
</results>
