<results>
	<result value='win'/>
	<start value='2015-05-10.09:23:57'/>
	<end value='2015-05-10.09:24:11'/>
	<frames value='23531'/>
	<gameDuration value='1470'/>

	<player>
		<unitScore value='9625'/>
		<killScore value='11750'/>
		<buildingScore value='2850'/>
		<razingScore value='11550'/>
		<mineralScore value='13106'/>
		<gasScore value='1360'/>
		<totalScore value='50241'/>
	</player>

	<enemy>
		<race value='Protoss'/>
		<unitScore value='5875'/>
		<unitScore value='5875'/>
		<killScore value='6800'/>
		<buildingScore value='3850'/>
		<razingScore value='0'/>
		<mineralScore value='9634'/>
		<gasScore value='2544'/>
		<totalScore value='28703'/>
	</enemy>

	<scoreRatio value='1.75037'/>
	<timeFitness value='0.795833'/>
	<unitsAverage value='57'/>
</results>
