<results>
	<result value='loss'/>
	<start value='2014-07-04.02:31:12'/>
	<end value='2014-07-04.02:32:04'/>
	<frames value='49168'/>
	<gameDuration value='3073'/>

	<player>
		<unitScore value='29100'/>
		<killScore value='41300'/>
		<buildingScore value='3550'/>
		<razingScore value='3300'/>
		<mineralScore value='31558'/>
		<gasScore value='4360'/>
		<totalScore value='113168'/>
	</player>

	<enemy>
		<race value='Protoss'/>
		<unitScore value='33450'/>
		<unitScore value='33450'/>
		<killScore value='57950'/>
		<buildingScore value='7625'/>
		<razingScore value='10650'/>
		<mineralScore value='30738'/>
		<gasScore value='9266'/>
		<totalScore value='149679'/>
	</enemy>

	<scoreRatio value='0.756071'/>
</results>
