<results>
	<result value='loss'/>
	<start value='2014-07-04.02:32:07'/>
	<end value='2014-07-04.02:32:14'/>
	<frames value='14696'/>
	<gameDuration value='918'/>

	<player>
		<unitScore value='2525'/>
		<killScore value='1000'/>
		<buildingScore value='1525'/>
		<razingScore value='0'/>
		<mineralScore value='4034'/>
		<gasScore value='824'/>
		<totalScore value='9908'/>
	</player>

	<enemy>
		<race value='Protoss'/>
		<unitScore value='3550'/>
		<unitScore value='3550'/>
		<killScore value='5050'/>
		<buildingScore value='2525'/>
		<razingScore value='4575'/>
		<mineralScore value='7594'/>
		<gasScore value='1328'/>
		<totalScore value='24622'/>
	</enemy>

	<scoreRatio value='0.402404'/>
</results>
