<results>
	<result value='draw'/>
	<start value='2014-07-04.02:35:13'/>
	<end value='2014-07-04.02:36:12'/>
	<frames value='57601'/>
	<gameDuration value='3600'/>

	<player>
		<unitScore value='31375'/>
		<killScore value='33650'/>
		<buildingScore value='3600'/>
		<razingScore value='8250'/>
		<mineralScore value='34306'/>
		<gasScore value='7950'/>
		<totalScore value='119131'/>
	</player>

	<enemy>
		<race value='Protoss'/>
		<unitScore value='22350'/>
		<unitScore value='22350'/>
		<killScore value='50050'/>
		<buildingScore value='7875'/>
		<razingScore value='450'/>
		<mineralScore value='26846'/>
		<gasScore value='9844'/>
		<totalScore value='117415'/>
	</enemy>

	<scoreRatio value='1.01461'/>
</results>
