<results>
	<result value='win'/>
	<start value='2015-04-27.11:34:41'/>
	<end value='2015-04-27.11:35:13'/>
	<frames value='30940'/>
	<gameDuration value='1933'/>

	<player>
		<unitScore value='19025'/>
		<killScore value='24150'/>
		<buildingScore value='4100'/>
		<razingScore value='8325'/>
		<mineralScore value='29810'/>
		<gasScore value='3384'/>
		<totalScore value='88794'/>
	</player>

	<enemy>
		<race value='Terran'/>
		<unitScore value='12075'/>
		<unitScore value='12075'/>
		<killScore value='15100'/>
		<buildingScore value='2775'/>
		<razingScore value='1350'/>
		<mineralScore value='12106'/>
		<gasScore value='4160'/>
		<totalScore value='47566'/>
	</enemy>

	<scoreRatio value='1.86675'/>
</results>
