<results>
	<result value='win'/>
	<start value='2015-04-29.07:39:08'/>
	<end value='2015-04-29.07:39:29'/>
	<frames value='29328'/>
	<gameDuration value='1833'/>

	<player>
		<unitScore value='16950'/>
		<killScore value='16150'/>
		<buildingScore value='3625'/>
		<razingScore value='15975'/>
		<mineralScore value='23034'/>
		<gasScore value='2504'/>
		<totalScore value='78238'/>
	</player>

	<enemy>
		<race value='Protoss'/>
		<unitScore value='8775'/>
		<unitScore value='8775'/>
		<killScore value='15300'/>
		<buildingScore value='5325'/>
		<razingScore value='300'/>
		<mineralScore value='12930'/>
		<gasScore value='2656'/>
		<totalScore value='45286'/>
	</enemy>

	<scoreRatio value='1.72764'/>
	<timeFitness value='0.745417'/>
	<unitsAverage value='82'/>
</results>
