<results>
	<result value='loss'/>
	<start value='2015-04-11.02:19:35'/>
	<end value='2015-04-11.02:19:46'/>
	<frames value='14541'/>
	<gameDuration value='908'/>

	<player>
		<unitScore value='1075'/>
		<killScore value='200'/>
		<buildingScore value='1075'/>
		<razingScore value='0'/>
		<mineralScore value='2682'/>
		<gasScore value='552'/>
		<totalScore value='5584'/>
	</player>

	<enemy>
		<race value='Protoss'/>
		<unitScore value='4725'/>
		<unitScore value='4725'/>
		<killScore value='2150'/>
		<buildingScore value='2225'/>
		<razingScore value='3225'/>
		<mineralScore value='7234'/>
		<gasScore value='2112'/>
		<totalScore value='21671'/>
	</enemy>

	<scoreRatio value='0.257672'/>
</results>
