<results>
	<result value='loss'/>
	<start value='2015-04-11.02:21:06'/>
	<end value='2015-04-11.02:22:22'/>
	<frames value='46998'/>
	<gameDuration value='2937'/>

	<player>
		<unitScore value='21975'/>
		<killScore value='28900'/>
		<buildingScore value='3325'/>
		<razingScore value='900'/>
		<mineralScore value='24034'/>
		<gasScore value='4994'/>
		<totalScore value='84128'/>
	</player>

	<enemy>
		<race value='Protoss'/>
		<unitScore value='30725'/>
		<unitScore value='30725'/>
		<killScore value='43950'/>
		<buildingScore value='7325'/>
		<razingScore value='9975'/>
		<mineralScore value='32882'/>
		<gasScore value='9654'/>
		<totalScore value='134511'/>
	</enemy>

	<scoreRatio value='0.625436'/>
</results>
