<results>
	<result value='loss'/>
	<start value='2015-04-11.02:35:32'/>
	<end value='2015-04-11.02:35:43'/>
	<frames value='12867'/>
	<gameDuration value='804'/>

	<player>
		<unitScore value='1200'/>
		<killScore value='0'/>
		<buildingScore value='1050'/>
		<razingScore value='0'/>
		<mineralScore value='4338'/>
		<gasScore value='0'/>
		<totalScore value='6588'/>
	</player>

	<enemy>
		<race value='Protoss'/>
		<unitScore value='3550'/>
		<unitScore value='3550'/>
		<killScore value='2400'/>
		<buildingScore value='2175'/>
		<razingScore value='3150'/>
		<mineralScore value='6450'/>
		<gasScore value='1144'/>
		<totalScore value='18869'/>
	</enemy>

	<scoreRatio value='0.349144'/>
</results>
