<results>
	<result value='loss'/>
	<start value='2015-07-18.20:02:45'/>
	<end value='2015-07-18.20:03:32'/>
	<frames value='34164'/>
	<gameDuration value='2135'/>

	<player>
		<unitScore value='21275'/>
		<killScore value='6050'/>
		<buildingScore value='2875'/>
		<razingScore value='0'/>
		<mineralScore value='19810'/>
		<gasScore value='2848'/>
		<totalScore value='52858'/>
	</player>

	<enemy>
		<race value='Protoss'/>
		<unitScore value='20675'/>
		<killScore value='36250'/>
		<buildingScore value='7175'/>
		<razingScore value='8625'/>
		<mineralScore value='23050'/>
		<gasScore value='9352'/>
		<totalScore value='105127'/>
	</enemy>

	<scoreRatio value='0.502801'/>
	<timeFitness value='0.296528'/>
	<unitsAverage value='77'/>
</results>
