<results>
	<result value='loss'/>
	<start value='2015-05-09.19:25:57'/>
	<end value='2015-05-09.19:26:03'/>
	<frames value='13921'/>
	<gameDuration value='870'/>

	<player>
		<unitScore value='2850'/>
		<killScore value='200'/>
		<buildingScore value='1575'/>
		<razingScore value='0'/>
		<mineralScore value='4546'/>
		<gasScore value='976'/>
		<totalScore value='10147'/>
	</player>

	<enemy>
		<race value='Protoss'/>
		<unitScore value='3550'/>
		<unitScore value='3550'/>
		<killScore value='5700'/>
		<buildingScore value='2375'/>
		<razingScore value='4725'/>
		<mineralScore value='7194'/>
		<gasScore value='1208'/>
		<totalScore value='24752'/>
	</enemy>

	<scoreRatio value='0.409947'/>
	<timeFitness value='0.120833'/>
	<unitsAverage value='22'/>
</results>
