<results>
	<result value='win'/>
	<start value='2015-05-09.19:27:37'/>
	<end value='2015-05-09.19:28:02'/>
	<frames value='31994'/>
	<gameDuration value='1999'/>

	<player>
		<unitScore value='16300'/>
		<killScore value='17400'/>
		<buildingScore value='4350'/>
		<razingScore value='16275'/>
		<mineralScore value='23858'/>
		<gasScore value='3576'/>
		<totalScore value='81759'/>
	</player>

	<enemy>
		<race value='Protoss'/>
		<unitScore value='8700'/>
		<unitScore value='8700'/>
		<killScore value='14750'/>
		<buildingScore value='5425'/>
		<razingScore value='1650'/>
		<mineralScore value='13810'/>
		<gasScore value='2848'/>
		<totalScore value='47183'/>
	</enemy>

	<scoreRatio value='1.73281'/>
	<timeFitness value='0.722361'/>
	<unitsAverage value='79'/>
</results>
