<results>
	<result value='loss'/>
	<start value='2015-05-09.19:31:05'/>
	<end value='2015-05-09.19:31:13'/>
	<frames value='17982'/>
	<gameDuration value='1123'/>

	<player>
		<unitScore value='3000'/>
		<killScore value='1600'/>
		<buildingScore value='1950'/>
		<razingScore value='0'/>
		<mineralScore value='5018'/>
		<gasScore value='456'/>
		<totalScore value='12024'/>
	</player>

	<enemy>
		<race value='Protoss'/>
		<unitScore value='4075'/>
		<unitScore value='4075'/>
		<killScore value='5500'/>
		<buildingScore value='4275'/>
		<razingScore value='5850'/>
		<mineralScore value='9954'/>
		<gasScore value='1896'/>
		<totalScore value='31550'/>
	</enemy>

	<scoreRatio value='0.381109'/>
	<timeFitness value='0.155972'/>
	<unitsAverage value='23'/>
</results>
