<results>
	<result value='draw'/>
	<start value='2015-05-09.19:31:27'/>
	<end value='2015-05-09.19:32:13'/>
	<frames value='57601'/>
	<gameDuration value='3600'/>

	<player>
		<unitScore value='23050'/>
		<killScore value='43750'/>
		<buildingScore value='2425'/>
		<razingScore value='11850'/>
		<mineralScore value='24506'/>
		<gasScore value='4024'/>
		<totalScore value='109605'/>
	</player>

	<enemy>
		<race value='Protoss'/>
		<unitScore value='32625'/>
		<unitScore value='32625'/>
		<killScore value='41000'/>
		<buildingScore value='11100'/>
		<razingScore value='300'/>
		<mineralScore value='37754'/>
		<gasScore value='10082'/>
		<totalScore value='132861'/>
	</enemy>

	<scoreRatio value='0.82496'/>
	<timeFitness value='0.5'/>
	<unitsAverage value='77'/>
</results>
