<results>
	<result value='win'/>
	<start value='2015-05-02.17:54:32'/>
	<end value='2015-05-02.17:55:11'/>
	<frames value='38752'/>
	<gameDuration value='2422'/>

	<player>
		<unitScore value='25425'/>
		<killScore value='23150'/>
		<buildingScore value='4425'/>
		<razingScore value='18450'/>
		<mineralScore value='30690'/>
		<gasScore value='2904'/>
		<totalScore value='105044'/>
	</player>

	<enemy>
		<race value='Protoss'/>
		<unitScore value='12225'/>
		<unitScore value='12225'/>
		<killScore value='27250'/>
		<buildingScore value='6150'/>
		<razingScore value='0'/>
		<mineralScore value='17090'/>
		<gasScore value='5528'/>
		<totalScore value='68243'/>
	</enemy>

	<scoreRatio value='1.53926'/>
	<timeFitness value='0.663611'/>
	<unitsAverage value='107'/>
</results>
