<results>
	<result value='draw'/>
	<start value='2015-04-26.15:01:56'/>
	<end value='2015-04-26.15:02:41'/>
	<frames value='57601'/>
	<gameDuration value='3600'/>

	<player>
		<unitScore value='28425'/>
		<killScore value='13750'/>
		<buildingScore value='5900'/>
		<razingScore value='300'/>
		<mineralScore value='34626'/>
		<gasScore value='4824'/>
		<totalScore value='87825'/>
	</player>

	<enemy>
		<race value='Terran'/>
		<unitScore value='21625'/>
		<unitScore value='21625'/>
		<killScore value='54700'/>
		<buildingScore value='4625'/>
		<razingScore value='15825'/>
		<mineralScore value='25242'/>
		<gasScore value='10274'/>
		<totalScore value='132291'/>
	</enemy>

	<scoreRatio value='0.663877'/>
</results>
