<results>
	<result value='draw'/>
	<start value='2015-05-08.23:38:25'/>
	<end value='2015-05-08.23:39:34'/>
	<frames value='57601'/>
	<gameDuration value='3600'/>

	<player>
		<unitScore value='23350'/>
		<killScore value='49980'/>
		<buildingScore value='2700'/>
		<razingScore value='6510'/>
		<mineralScore value='25050'/>
		<gasScore value='5000'/>
		<totalScore value='112590'/>
	</player>

	<enemy>
		<race value='Zerg'/>
		<unitScore value='26500'/>
		<unitScore value='26500'/>
		<killScore value='42550'/>
		<buildingScore value='5045'/>
		<razingScore value='1200'/>
		<mineralScore value='31402'/>
		<gasScore value='9032'/>
		<totalScore value='115729'/>
	</enemy>

	<scoreRatio value='0.972876'/>
	<timeFitness value='0.5'/>
	<unitsAverage value='76'/>
</results>
