<results>
	<result value='win'/>
	<start value='2015-05-08.23:55:33'/>
	<end value='2015-05-08.23:56:00'/>
	<frames value='24430'/>
	<gameDuration value='1526'/>

	<player>
		<unitScore value='12525'/>
		<killScore value='21200'/>
		<buildingScore value='2775'/>
		<razingScore value='4635'/>
		<mineralScore value='16166'/>
		<gasScore value='1688'/>
		<totalScore value='58989'/>
	</player>

	<enemy>
		<race value='Zerg'/>
		<unitScore value='9275'/>
		<unitScore value='9275'/>
		<killScore value='10750'/>
		<buildingScore value='1545'/>
		<razingScore value='0'/>
		<mineralScore value='8834'/>
		<gasScore value='2496'/>
		<totalScore value='32900'/>
	</enemy>

	<scoreRatio value='1.79298'/>
	<timeFitness value='0.788056'/>
	<unitsAverage value='66'/>
</results>
