<results>
	<result value='win'/>
	<start value='2014-07-11.21:25:06'/>
	<end value='2014-07-11.21:25:25'/>
	<frames value='23469'/>
	<gameDuration value='1466'/>

	<player>
		<unitScore value='13825'/>
		<killScore value='16920'/>
		<buildingScore value='3375'/>
		<razingScore value='5460'/>
		<mineralScore value='22274'/>
		<gasScore value='1744'/>
		<totalScore value='63598'/>
	</player>

	<enemy>
		<race value='Zerg'/>
		<unitScore value='8675'/>
		<unitScore value='8675'/>
		<killScore value='9800'/>
		<buildingScore value='1820'/>
		<razingScore value='0'/>
		<mineralScore value='8290'/>
		<gasScore value='2680'/>
		<totalScore value='31265'/>
	</enemy>

	<scoreRatio value='2.03416'/>
</results>
