<results>
	<result value='draw'/>
	<start value='2015-04-10.00:05:51'/>
	<end value='2015-04-10.00:06:56'/>
	<frames value='57601'/>
	<gameDuration value='3600'/>

	<player>
		<unitScore value='26350'/>
		<killScore value='43350'/>
		<buildingScore value='4100'/>
		<razingScore value='7725'/>
		<mineralScore value='30526'/>
		<gasScore value='8452'/>
		<totalScore value='120503'/>
	</player>

	<enemy>
		<race value='Protoss'/>
		<unitScore value='30025'/>
		<unitScore value='30025'/>
		<killScore value='52500'/>
		<buildingScore value='8775'/>
		<razingScore value='9900'/>
		<mineralScore value='32510'/>
		<gasScore value='10706'/>
		<totalScore value='144416'/>
	</enemy>

	<scoreRatio value='0.834416'/>
</results>
