<results>
	<result value='loss'/>
	<start value='2015-07-21.19:39:34'/>
	<end value='2015-07-21.19:40:01'/>
	<frames value='24368'/>
	<gameDuration value='1523'/>

	<player>
		<unitScore value='9300'/>
		<killScore value='5850'/>
		<buildingScore value='2800'/>
		<razingScore value='195'/>
		<mineralScore value='20874'/>
		<gasScore value='1064'/>
		<totalScore value='40083'/>
	</player>

	<enemy>
		<race value='Zerg'/>
		<unitScore value='12250'/>
		<killScore value='18600'/>
		<buildingScore value='2825'/>
		<razingScore value='8400'/>
		<mineralScore value='13226'/>
		<gasScore value='3792'/>
		<totalScore value='59093'/>
	</enemy>

	<scoreRatio value='0.678304'/>
	<timeFitness value='0.211528'/>
	<unitsAverage value='54'/>
</results>
