<results>
	<result value='loss'/>
	<start value='2015-07-21.19:46:28'/>
	<end value='2015-07-21.19:47:06'/>
	<frames value='31033'/>
	<gameDuration value='1939'/>

	<player>
		<unitScore value='16550'/>
		<killScore value='19275'/>
		<buildingScore value='2300'/>
		<razingScore value='0'/>
		<mineralScore value='26346'/>
		<gasScore value='3032'/>
		<totalScore value='67503'/>
	</player>

	<enemy>
		<race value='Zerg'/>
		<unitScore value='19575'/>
		<killScore value='33100'/>
		<buildingScore value='3250'/>
		<razingScore value='6900'/>
		<mineralScore value='18774'/>
		<gasScore value='6616'/>
		<totalScore value='88215'/>
	</enemy>

	<scoreRatio value='0.76521'/>
	<timeFitness value='0.269306'/>
	<unitsAverage value='64'/>
</results>
