<results>
	<result value='win'/>
	<start value='2015-04-29.18:43:42'/>
	<end value='2015-04-29.18:44:51'/>
	<frames value='36799'/>
	<gameDuration value='2299'/>

	<player>
		<unitScore value='26750'/>
		<killScore value='38200'/>
		<buildingScore value='3275'/>
		<razingScore value='19650'/>
		<mineralScore value='28034'/>
		<gasScore value='2888'/>
		<totalScore value='118797'/>
	</player>

	<enemy>
		<race value='Protoss'/>
		<unitScore value='21000'/>
		<unitScore value='21000'/>
		<killScore value='36950'/>
		<buildingScore value='6550'/>
		<razingScore value='2775'/>
		<mineralScore value='21270'/>
		<gasScore value='7328'/>
		<totalScore value='95873'/>
	</enemy>

	<scoreRatio value='1.23911'/>
	<timeFitness value='0.680694'/>
	<unitsAverage value='104'/>
</results>
