<results>
	<result value='loss'/>
	<start value='2015-04-29.18:59:27'/>
	<end value='2015-04-29.19:00:36'/>
	<frames value='47370'/>
	<gameDuration value='2960'/>

	<player>
		<unitScore value='24325'/>
		<killScore value='35350'/>
		<buildingScore value='3075'/>
		<razingScore value='300'/>
		<mineralScore value='25322'/>
		<gasScore value='2728'/>
		<totalScore value='91100'/>
	</player>

	<enemy>
		<race value='Protoss'/>
		<unitScore value='37775'/>
		<unitScore value='37775'/>
		<killScore value='48500'/>
		<buildingScore value='7575'/>
		<razingScore value='9225'/>
		<mineralScore value='32442'/>
		<gasScore value='12934'/>
		<totalScore value='148451'/>
	</enemy>

	<scoreRatio value='0.613671'/>
	<timeFitness value='0.411111'/>
	<unitsAverage value='72'/>
</results>
