<results>
	<result value='loss'/>
	<start value='2015-05-03.03:19:46'/>
	<end value='2015-05-03.03:19:53'/>
	<frames value='13363'/>
	<gameDuration value='835'/>

	<player>
		<unitScore value='3100'/>
		<killScore value='400'/>
		<buildingScore value='1125'/>
		<razingScore value='0'/>
		<mineralScore value='4290'/>
		<gasScore value='552'/>
		<totalScore value='9467'/>
	</player>

	<enemy>
		<race value='Protoss'/>
		<unitScore value='3550'/>
		<unitScore value='3550'/>
		<killScore value='6200'/>
		<buildingScore value='2175'/>
		<razingScore value='3375'/>
		<mineralScore value='6562'/>
		<gasScore value='1080'/>
		<totalScore value='22942'/>
	</enemy>

	<scoreRatio value='0.412649'/>
	<timeFitness value='0.115972'/>
	<unitsAverage value='25'/>
</results>
