<results>
	<result value='draw'/>
	<start value='2015-05-03.03:26:30'/>
	<end value='2015-05-03.03:27:45'/>
	<frames value='57601'/>
	<gameDuration value='3600'/>

	<player>
		<unitScore value='25675'/>
		<killScore value='42400'/>
		<buildingScore value='3200'/>
		<razingScore value='300'/>
		<mineralScore value='31534'/>
		<gasScore value='9174'/>
		<totalScore value='112283'/>
	</player>

	<enemy>
		<race value='Protoss'/>
		<unitScore value='34600'/>
		<unitScore value='34600'/>
		<killScore value='41400'/>
		<buildingScore value='6225'/>
		<razingScore value='1800'/>
		<mineralScore value='31370'/>
		<gasScore value='11890'/>
		<totalScore value='127285'/>
	</enemy>

	<scoreRatio value='0.882138'/>
	<timeFitness value='0.5'/>
	<unitsAverage value='104'/>
</results>
