<results>
	<result value='win'/>
	<start value='2015-05-03.22:50:02'/>
	<end value='2015-05-03.22:50:33'/>
	<frames value='27003'/>
	<gameDuration value='1687'/>

	<player>
		<unitScore value='20800'/>
		<killScore value='23240'/>
		<buildingScore value='3425'/>
		<razingScore value='5460'/>
		<mineralScore value='24238'/>
		<gasScore value='808'/>
		<totalScore value='77971'/>
	</player>

	<enemy>
		<race value='Zerg'/>
		<unitScore value='11025'/>
		<unitScore value='11025'/>
		<killScore value='22600'/>
		<buildingScore value='1820'/>
		<razingScore value='0'/>
		<mineralScore value='9738'/>
		<gasScore value='3112'/>
		<totalScore value='48295'/>
	</enemy>

	<scoreRatio value='1.61447'/>
	<timeFitness value='0.765694'/>
	<unitsAverage value='89'/>
</results>
