<results>
	<result value='loss'/>
	<start value='2015-07-12.16:00:41'/>
	<end value='2015-07-12.16:02:13'/>
	<frames value='49726'/>
	<gameDuration value='3107'/>

	<player>
		<unitScore value='21350'/>
		<killScore value='11850'/>
		<buildingScore value='4075'/>
		<razingScore value='0'/>
		<mineralScore value='22114'/>
		<gasScore value='4856'/>
		<totalScore value='64245'/>
	</player>

	<enemy>
		<race value='Terran'/>
		<unitScore value='35225'/>
		<killScore value='42550'/>
		<buildingScore value='5225'/>
		<razingScore value='12450'/>
		<mineralScore value='24938'/>
		<gasScore value='15070'/>
		<totalScore value='135458'/>
	</enemy>

	<scoreRatio value='0.47428'/>
	<timeFitness value='0.431528'/>
	<unitsAverage value='96'/>
</results>
