<results>
	<result value='draw'/>
	<start value='2015-05-10.00:05:01'/>
	<end value='2015-05-10.00:07:21'/>
	<frames value='57601'/>
	<gameDuration value='3600'/>

	<player>
		<unitScore value='32250'/>
		<killScore value='62000'/>
		<buildingScore value='3675'/>
		<razingScore value='19650'/>
		<mineralScore value='33950'/>
		<gasScore value='8534'/>
		<totalScore value='160059'/>
	</player>

	<enemy>
		<race value='Protoss'/>
		<unitScore value='34450'/>
		<unitScore value='34450'/>
		<killScore value='51650'/>
		<buildingScore value='6750'/>
		<razingScore value='450'/>
		<mineralScore value='29078'/>
		<gasScore value='11024'/>
		<totalScore value='133402'/>
	</enemy>

	<scoreRatio value='1.19982'/>
	<timeFitness value='0.5'/>
	<unitsAverage value='131'/>
</results>
