<results>
	<result value='loss'/>
	<start value='2015-05-04.06:15:55'/>
	<end value='2015-05-04.06:16:01'/>
	<frames value='13239'/>
	<gameDuration value='827'/>

	<player>
		<unitScore value='2525'/>
		<killScore value='600'/>
		<buildingScore value='1450'/>
		<razingScore value='0'/>
		<mineralScore value='3890'/>
		<gasScore value='592'/>
		<totalScore value='9057'/>
	</player>

	<enemy>
		<race value='Protoss'/>
		<unitScore value='3550'/>
		<unitScore value='3550'/>
		<killScore value='5050'/>
		<buildingScore value='2175'/>
		<razingScore value='4350'/>
		<mineralScore value='6466'/>
		<gasScore value='1088'/>
		<totalScore value='22679'/>
	</enemy>

	<scoreRatio value='0.399356'/>
	<timeFitness value='0.114861'/>
	<unitsAverage value='22'/>
</results>
