<results>
	<result value='win'/>
	<start value='2015-04-29.13:10:06'/>
	<end value='2015-04-29.13:10:36'/>
	<frames value='21981'/>
	<gameDuration value='1373'/>

	<player>
		<unitScore value='12575'/>
		<killScore value='16150'/>
		<buildingScore value='2950'/>
		<razingScore value='5940'/>
		<mineralScore value='17878'/>
		<gasScore value='1680'/>
		<totalScore value='57173'/>
	</player>

	<enemy>
		<race value='Zerg'/>
		<unitScore value='7675'/>
		<unitScore value='7675'/>
		<killScore value='8950'/>
		<buildingScore value='1980'/>
		<razingScore value='0'/>
		<mineralScore value='7578'/>
		<gasScore value='2064'/>
		<totalScore value='28247'/>
	</enemy>

	<scoreRatio value='2.02404'/>
	<timeFitness value='0.809306'/>
	<unitsAverage value='74'/>
</results>
