<results>
	<result value='win'/>
	<start value='2015-04-29.13:32:51'/>
	<end value='2015-04-29.13:33:26'/>
	<frames value='22291'/>
	<gameDuration value='1393'/>

	<player>
		<unitScore value='11850'/>
		<killScore value='19365'/>
		<buildingScore value='4375'/>
		<razingScore value='5955'/>
		<mineralScore value='20682'/>
		<gasScore value='2224'/>
		<totalScore value='64451'/>
	</player>

	<enemy>
		<race value='Zerg'/>
		<unitScore value='8625'/>
		<unitScore value='8625'/>
		<killScore value='4000'/>
		<buildingScore value='1985'/>
		<razingScore value='0'/>
		<mineralScore value='8490'/>
		<gasScore value='2664'/>
		<totalScore value='25764'/>
	</enemy>

	<scoreRatio value='2.50159'/>
	<timeFitness value='0.806528'/>
	<unitsAverage value='85'/>
</results>
