<results>
	<result value='loss'/>
	<start value='2015-04-28.12:38:17'/>
	<end value='2015-04-28.12:38:32'/>
	<frames value='19656'/>
	<gameDuration value='1228'/>

	<player>
		<unitScore value='6125'/>
		<killScore value='2300'/>
		<buildingScore value='2075'/>
		<razingScore value='0'/>
		<mineralScore value='7970'/>
		<gasScore value='1184'/>
		<totalScore value='19654'/>
	</player>

	<enemy>
		<race value='Terran'/>
		<unitScore value='7900'/>
		<unitScore value='7900'/>
		<killScore value='12250'/>
		<buildingScore value='2900'/>
		<razingScore value='6225'/>
		<mineralScore value='9146'/>
		<gasScore value='3344'/>
		<totalScore value='41765'/>
	</enemy>

	<scoreRatio value='0.470585'/>
</results>
