<results>
	<result value='loss'/>
	<start value='2015-04-28.12:43:17'/>
	<end value='2015-04-28.12:43:36'/>
	<frames value='22508'/>
	<gameDuration value='1406'/>

	<player>
		<unitScore value='7075'/>
		<killScore value='4650'/>
		<buildingScore value='2775'/>
		<razingScore value='0'/>
		<mineralScore value='9882'/>
		<gasScore value='1456'/>
		<totalScore value='25838'/>
	</player>

	<enemy>
		<race value='Terran'/>
		<unitScore value='7850'/>
		<unitScore value='7850'/>
		<killScore value='14150'/>
		<buildingScore value='2800'/>
		<razingScore value='8325'/>
		<mineralScore value='10410'/>
		<gasScore value='4528'/>
		<totalScore value='48063'/>
	</enemy>

	<scoreRatio value='0.537586'/>
</results>
