<results>
	<result value='win'/>
	<start value='2015-04-28.12:47:24'/>
	<end value='2015-04-28.12:48:15'/>
	<frames value='33761'/>
	<gameDuration value='2110'/>

	<player>
		<unitScore value='18900'/>
		<killScore value='28250'/>
		<buildingScore value='4825'/>
		<razingScore value='11925'/>
		<mineralScore value='32178'/>
		<gasScore value='3064'/>
		<totalScore value='99142'/>
	</player>

	<enemy>
		<race value='Terran'/>
		<unitScore value='16125'/>
		<unitScore value='16125'/>
		<killScore value='16100'/>
		<buildingScore value='3975'/>
		<razingScore value='1500'/>
		<mineralScore value='14878'/>
		<gasScore value='7048'/>
		<totalScore value='59626'/>
	</enemy>

	<scoreRatio value='1.66273'/>
</results>
