<results>
	<result value='win'/>
	<start value='2015-04-28.12:48:40'/>
	<end value='2015-04-28.12:49:07'/>
	<frames value='23531'/>
	<gameDuration value='1470'/>

	<player>
		<unitScore value='10900'/>
		<killScore value='20500'/>
		<buildingScore value='3450'/>
		<razingScore value='8100'/>
		<mineralScore value='21010'/>
		<gasScore value='2304'/>
		<totalScore value='66264'/>
	</player>

	<enemy>
		<race value='Terran'/>
		<unitScore value='10250'/>
		<unitScore value='10250'/>
		<killScore value='6700'/>
		<buildingScore value='2700'/>
		<razingScore value='300'/>
		<mineralScore value='9650'/>
		<gasScore value='3112'/>
		<totalScore value='32712'/>
	</enemy>

	<scoreRatio value='2.02568'/>
</results>
