<results>
	<result value='loss'/>
	<start value='2015-04-07.18:54:21'/>
	<end value='2015-04-07.18:54:59'/>
	<frames value='46781'/>
	<gameDuration value='2923'/>

	<player>
		<unitScore value='29000'/>
		<killScore value='38200'/>
		<buildingScore value='3200'/>
		<razingScore value='0'/>
		<mineralScore value='30682'/>
		<gasScore value='4304'/>
		<totalScore value='105386'/>
	</player>

	<enemy>
		<race value='Protoss'/>
		<unitScore value='34350'/>
		<unitScore value='34350'/>
		<killScore value='58000'/>
		<buildingScore value='6825'/>
		<razingScore value='9600'/>
		<mineralScore value='30706'/>
		<gasScore value='10760'/>
		<totalScore value='150241'/>
	</enemy>

	<scoreRatio value='0.701446'/>
</results>
