<results>
	<result value='loss'/>
	<start value='2015-04-30.13:53:49'/>
	<end value='2015-04-30.13:55:03'/>
	<frames value='49788'/>
	<gameDuration value='3111'/>

	<player>
		<unitScore value='23250'/>
		<killScore value='40150'/>
		<buildingScore value='2525'/>
		<razingScore value='3900'/>
		<mineralScore value='24002'/>
		<gasScore value='5128'/>
		<totalScore value='98955'/>
	</player>

	<enemy>
		<race value='Protoss'/>
		<unitScore value='36750'/>
		<unitScore value='36750'/>
		<killScore value='46600'/>
		<buildingScore value='9025'/>
		<razingScore value='7575'/>
		<mineralScore value='34570'/>
		<gasScore value='12402'/>
		<totalScore value='146922'/>
	</enemy>

	<scoreRatio value='0.673521'/>
	<timeFitness value='0.432083'/>
	<unitsAverage value='78'/>
</results>
