<results>
	<result value='loss'/>
	<start value='2015-04-30.14:04:58'/>
	<end value='2015-04-30.14:05:48'/>
	<frames value='39093'/>
	<gameDuration value='2443'/>

	<player>
		<unitScore value='15275'/>
		<killScore value='13200'/>
		<buildingScore value='2975'/>
		<razingScore value='150'/>
		<mineralScore value='17874'/>
		<gasScore value='2504'/>
		<totalScore value='51978'/>
	</player>

	<enemy>
		<race value='Protoss'/>
		<unitScore value='24800'/>
		<unitScore value='24800'/>
		<killScore value='30650'/>
		<buildingScore value='7175'/>
		<razingScore value='8925'/>
		<mineralScore value='26258'/>
		<gasScore value='10344'/>
		<totalScore value='108152'/>
	</enemy>

	<scoreRatio value='0.480601'/>
	<timeFitness value='0.339306'/>
	<unitsAverage value='55'/>
</results>
