<results>
	<result value='win'/>
	<start value='2015-05-01.20:26:17'/>
	<end value='2015-05-01.20:26:38'/>
	<frames value='27251'/>
	<gameDuration value='1703'/>

	<player>
		<unitScore value='18275'/>
		<killScore value='23005'/>
		<buildingScore value='3725'/>
		<razingScore value='5040'/>
		<mineralScore value='24202'/>
		<gasScore value='2208'/>
		<totalScore value='76455'/>
	</player>

	<enemy>
		<race value='Zerg'/>
		<unitScore value='11400'/>
		<unitScore value='11400'/>
		<killScore value='18600'/>
		<buildingScore value='1680'/>
		<razingScore value='0'/>
		<mineralScore value='11066'/>
		<gasScore value='3368'/>
		<totalScore value='46114'/>
	</enemy>

	<scoreRatio value='1.65796'/>
	<timeFitness value='0.763472'/>
	<unitsAverage value='86'/>
</results>
