<results>
	<result value='win'/>
	<start value='2015-05-01.20:26:41'/>
	<end value='2015-05-01.20:26:57'/>
	<frames value='24430'/>
	<gameDuration value='1526'/>

	<player>
		<unitScore value='15900'/>
		<killScore value='17760'/>
		<buildingScore value='3625'/>
		<razingScore value='6060'/>
		<mineralScore value='22026'/>
		<gasScore value='1824'/>
		<totalScore value='67195'/>
	</player>

	<enemy>
		<race value='Zerg'/>
		<unitScore value='8925'/>
		<unitScore value='8925'/>
		<killScore value='16100'/>
		<buildingScore value='2020'/>
		<razingScore value='0'/>
		<mineralScore value='9210'/>
		<gasScore value='2904'/>
		<totalScore value='39159'/>
	</enemy>

	<scoreRatio value='1.71595'/>
	<timeFitness value='0.788056'/>
	<unitsAverage value='81'/>
</results>
