<results>
	<result value='win'/>
	<start value='2015-05-06.17:09:09'/>
	<end value='2015-05-06.17:09:57'/>
	<frames value='25980'/>
	<gameDuration value='1623'/>

	<player>
		<unitScore value='19600'/>
		<killScore value='29060'/>
		<buildingScore value='4075'/>
		<razingScore value='4560'/>
		<mineralScore value='28242'/>
		<gasScore value='2488'/>
		<totalScore value='88025'/>
	</player>

	<enemy>
		<race value='Zerg'/>
		<unitScore value='12450'/>
		<unitScore value='12450'/>
		<killScore value='18400'/>
		<buildingScore value='1520'/>
		<razingScore value='0'/>
		<mineralScore value='10598'/>
		<gasScore value='3112'/>
		<totalScore value='46080'/>
	</enemy>

	<scoreRatio value='1.91026'/>
	<timeFitness value='0.774583'/>
	<unitsAverage value='100'/>
</results>
