<results>
	<result value='win'/>
	<start value='2015-05-06.17:28:47'/>
	<end value='2015-05-06.17:29:31'/>
	<frames value='29049'/>
	<gameDuration value='1815'/>

	<player>
		<unitScore value='14025'/>
		<killScore value='24075'/>
		<buildingScore value='3775'/>
		<razingScore value='9435'/>
		<mineralScore value='22554'/>
		<gasScore value='2696'/>
		<totalScore value='76560'/>
	</player>

	<enemy>
		<race value='Zerg'/>
		<unitScore value='11825'/>
		<unitScore value='11825'/>
		<killScore value='10550'/>
		<buildingScore value='3145'/>
		<razingScore value='1800'/>
		<mineralScore value='13618'/>
		<gasScore value='4632'/>
		<totalScore value='45570'/>
	</enemy>

	<scoreRatio value='1.68005'/>
	<timeFitness value='0.747917'/>
	<unitsAverage value='75'/>
</results>
