<results>
	<result value='win'/>
	<start value='2015-04-11.06:50:36'/>
	<end value='2015-04-11.06:51:23'/>
	<frames value='29111'/>
	<gameDuration value='1819'/>

	<player>
		<unitScore value='16225'/>
		<killScore value='20200'/>
		<buildingScore value='3600'/>
		<razingScore value='14925'/>
		<mineralScore value='21474'/>
		<gasScore value='2936'/>
		<totalScore value='79360'/>
	</player>

	<enemy>
		<race value='Protoss'/>
		<unitScore value='10450'/>
		<unitScore value='10450'/>
		<killScore value='13750'/>
		<buildingScore value='4975'/>
		<razingScore value='0'/>
		<mineralScore value='13266'/>
		<gasScore value='3392'/>
		<totalScore value='45833'/>
	</enemy>

	<scoreRatio value='1.7315'/>
</results>
