<results>
	<result value='win'/>
	<start value='2015-05-01.19:42:32'/>
	<end value='2015-05-01.19:42:49'/>
	<frames value='24337'/>
	<gameDuration value='1521'/>

	<player>
		<unitScore value='16000'/>
		<killScore value='21790'/>
		<buildingScore value='3850'/>
		<razingScore value='5940'/>
		<mineralScore value='21898'/>
		<gasScore value='1792'/>
		<totalScore value='71270'/>
	</player>

	<enemy>
		<race value='Zerg'/>
		<unitScore value='10100'/>
		<unitScore value='10100'/>
		<killScore value='15250'/>
		<buildingScore value='1980'/>
		<razingScore value='0'/>
		<mineralScore value='10290'/>
		<gasScore value='3312'/>
		<totalScore value='40932'/>
	</enemy>

	<scoreRatio value='1.74118'/>
	<timeFitness value='0.78875'/>
	<unitsAverage value='84'/>
</results>
