<results>
	<result value='loss'/>
	<start value='2015-05-07.14:56:33'/>
	<end value='2015-05-07.14:57:01'/>
	<frames value='45014'/>
	<gameDuration value='2813'/>

	<player>
		<unitScore value='17875'/>
		<killScore value='26450'/>
		<buildingScore value='2200'/>
		<razingScore value='2700'/>
		<mineralScore value='19742'/>
		<gasScore value='4384'/>
		<totalScore value='73351'/>
	</player>

	<enemy>
		<race value='Protoss'/>
		<unitScore value='31825'/>
		<unitScore value='31825'/>
		<killScore value='35750'/>
		<buildingScore value='8075'/>
		<razingScore value='6600'/>
		<mineralScore value='31938'/>
		<gasScore value='10006'/>
		<totalScore value='124194'/>
	</enemy>

	<scoreRatio value='0.590616'/>
	<timeFitness value='0.390694'/>
	<unitsAverage value='55'/>
</results>
