<results>
	<result value='loss'/>
	<start value='2015-05-07.15:00:47'/>
	<end value='2015-05-07.15:00:55'/>
	<frames value='19284'/>
	<gameDuration value='1205'/>

	<player>
		<unitScore value='2575'/>
		<killScore value='2200'/>
		<buildingScore value='1500'/>
		<razingScore value='0'/>
		<mineralScore value='4314'/>
		<gasScore value='576'/>
		<totalScore value='11165'/>
	</player>

	<enemy>
		<race value='Protoss'/>
		<unitScore value='4850'/>
		<unitScore value='4850'/>
		<killScore value='5150'/>
		<buildingScore value='5075'/>
		<razingScore value='4500'/>
		<mineralScore value='10906'/>
		<gasScore value='2416'/>
		<totalScore value='32897'/>
	</enemy>

	<scoreRatio value='0.339393'/>
	<timeFitness value='0.167361'/>
	<unitsAverage value='18'/>
</results>
