<results>
	<result value='win'/>
	<start value='2015-05-07.15:02:44'/>
	<end value='2015-05-07.15:03:07'/>
	<frames value='30196'/>
	<gameDuration value='1887'/>

	<player>
		<unitScore value='17675'/>
		<killScore value='21750'/>
		<buildingScore value='4075'/>
		<razingScore value='15375'/>
		<mineralScore value='23422'/>
		<gasScore value='3088'/>
		<totalScore value='85385'/>
	</player>

	<enemy>
		<race value='Protoss'/>
		<unitScore value='12225'/>
		<unitScore value='12225'/>
		<killScore value='16950'/>
		<buildingScore value='5125'/>
		<razingScore value='450'/>
		<mineralScore value='13590'/>
		<gasScore value='3960'/>
		<totalScore value='52300'/>
	</enemy>

	<scoreRatio value='1.6326'/>
	<timeFitness value='0.737917'/>
	<unitsAverage value='78'/>
</results>
