<results>
	<result value='win'/>
	<start value='2015-05-07.15:15:35'/>
	<end value='2015-05-07.15:15:51'/>
	<frames value='23221'/>
	<gameDuration value='1451'/>

	<player>
		<unitScore value='13475'/>
		<killScore value='6200'/>
		<buildingScore value='3750'/>
		<razingScore value='8625'/>
		<mineralScore value='18430'/>
		<gasScore value='2064'/>
		<totalScore value='52544'/>
	</player>

	<enemy>
		<race value='Protoss'/>
		<unitScore value='3100'/>
		<unitScore value='3100'/>
		<killScore value='10650'/>
		<buildingScore value='2875'/>
		<razingScore value='0'/>
		<mineralScore value='13466'/>
		<gasScore value='816'/>
		<totalScore value='30907'/>
	</enemy>

	<scoreRatio value='1.70007'/>
	<timeFitness value='0.798472'/>
	<unitsAverage value='71'/>
</results>
