<results>
	<result value='loss'/>
	<start value='2015-05-07.15:15:04'/>
	<end value='2015-05-07.15:15:12'/>
	<frames value='19036'/>
	<gameDuration value='1189'/>

	<player>
		<unitScore value='3825'/>
		<killScore value='2800'/>
		<buildingScore value='1700'/>
		<razingScore value='750'/>
		<mineralScore value='5778'/>
		<gasScore value='944'/>
		<totalScore value='15797'/>
	</player>

	<enemy>
		<race value='Protoss'/>
		<unitScore value='5475'/>
		<unitScore value='5475'/>
		<killScore value='7650'/>
		<buildingScore value='3375'/>
		<razingScore value='5100'/>
		<mineralScore value='9754'/>
		<gasScore value='2288'/>
		<totalScore value='33642'/>
	</enemy>

	<scoreRatio value='0.469562'/>
	<timeFitness value='0.165139'/>
	<unitsAverage value='26'/>
</results>
