<results>
	<result value='win'/>
	<start value='2015-05-07.15:21:04'/>
	<end value='2015-05-07.15:21:30'/>
	<frames value='31901'/>
	<gameDuration value='1993'/>

	<player>
		<unitScore value='16300'/>
		<killScore value='17600'/>
		<buildingScore value='3875'/>
		<razingScore value='18075'/>
		<mineralScore value='24050'/>
		<gasScore value='2600'/>
		<totalScore value='82500'/>
	</player>

	<enemy>
		<race value='Protoss'/>
		<unitScore value='9125'/>
		<unitScore value='9125'/>
		<killScore value='15050'/>
		<buildingScore value='6025'/>
		<razingScore value='1350'/>
		<mineralScore value='16358'/>
		<gasScore value='4520'/>
		<totalScore value='52428'/>
	</enemy>

	<scoreRatio value='1.57359'/>
	<timeFitness value='0.723194'/>
	<unitsAverage value='78'/>
</results>
