<results>
	<result value='loss'/>
	<start value='2015-03-31.12:25:32'/>
	<end value='2015-03-31.12:26:33'/>
	<frames value='51369'/>
	<gameDuration value='3210'/>

	<player>
		<unitScore value='30350'/>
		<killScore value='32400'/>
		<buildingScore value='3400'/>
		<razingScore value='300'/>
		<mineralScore value='31478'/>
		<gasScore value='6780'/>
		<totalScore value='104708'/>
	</player>

	<enemy>
		<race value='Protoss'/>
		<unitScore value='33605'/>
		<unitScore value='33605'/>
		<killScore value='60800'/>
		<buildingScore value='7350'/>
		<razingScore value='10350'/>
		<mineralScore value='31194'/>
		<gasScore value='11510'/>
		<totalScore value='154809'/>
	</enemy>

	<scoreRatio value='0.676369'/>
</results>
