<results>
	<result value='loss'/>
	<start value='2015-07-13.15:47:26'/>
	<end value='2015-07-13.15:47:53'/>
	<frames value='35528'/>
	<gameDuration value='2220'/>

	<player>
		<unitScore value='19575'/>
		<killScore value='7300'/>
		<buildingScore value='3550'/>
		<razingScore value='0'/>
		<mineralScore value='19498'/>
		<gasScore value='2880'/>
		<totalScore value='52803'/>
	</player>

	<enemy>
		<race value='Protoss'/>
		<unitScore value='19350'/>
		<killScore value='36950'/>
		<buildingScore value='6325'/>
		<razingScore value='10650'/>
		<mineralScore value='22098'/>
		<gasScore value='7776'/>
		<totalScore value='103149'/>
	</enemy>

	<scoreRatio value='0.51191'/>
	<timeFitness value='0.308333'/>
	<unitsAverage value='51'/>
</results>
