<results>
	<result value='win'/>
	<start value='2014-07-24.02:20:25'/>
	<end value='2014-07-24.02:20:58'/>
	<frames value='35404'/>
	<gameDuration value='2212'/>

	<player>
		<unitScore value='20575'/>
		<killScore value='25300'/>
		<buildingScore value='4825'/>
		<razingScore value='9375'/>
		<mineralScore value='28266'/>
		<gasScore value='4696'/>
		<totalScore value='93037'/>
	</player>

	<enemy>
		<race value='Terran'/>
		<unitScore value='12650'/>
		<unitScore value='12650'/>
		<killScore value='17700'/>
		<buildingScore value='3125'/>
		<razingScore value='3675'/>
		<mineralScore value='12050'/>
		<gasScore value='5142'/>
		<totalScore value='54342'/>
	</enemy>

	<scoreRatio value='1.71206'/>
</results>
