<results>
	<result value='win'/>
	<start value='2015-07-11.19:48:54'/>
	<end value='2015-07-11.19:49:12'/>
	<frames value='21547'/>
	<gameDuration value='1346'/>

	<player>
		<unitScore value='9975'/>
		<killScore value='12600'/>
		<buildingScore value='2275'/>
		<razingScore value='3975'/>
		<mineralScore value='11610'/>
		<gasScore value='1800'/>
		<totalScore value='42235'/>
	</player>

	<enemy>
		<race value='Terran'/>
		<unitScore value='6300'/>
		<killScore value='8200'/>
		<buildingScore value='1400'/>
		<razingScore value='1350'/>
		<mineralScore value='9346'/>
		<gasScore value='2544'/>
		<totalScore value='29140'/>
	</enemy>

	<scoreRatio value='1.44938'/>
	<timeFitness value='0.813056'/>
	<unitsAverage value='48'/>
</results>
