<results>
	<result value='win'/>
	<start value='2015-04-30.01:37:34'/>
	<end value='2015-04-30.01:38:07'/>
	<frames value='23717'/>
	<gameDuration value='1482'/>

	<player>
		<unitScore value='15025'/>
		<killScore value='18030'/>
		<buildingScore value='4750'/>
		<razingScore value='4560'/>
		<mineralScore value='23794'/>
		<gasScore value='1720'/>
		<totalScore value='67879'/>
	</player>

	<enemy>
		<race value='Zerg'/>
		<unitScore value='8550'/>
		<unitScore value='8550'/>
		<killScore value='11350'/>
		<buildingScore value='1520'/>
		<razingScore value='0'/>
		<mineralScore value='8610'/>
		<gasScore value='2736'/>
		<totalScore value='32766'/>
	</enemy>

	<scoreRatio value='2.07163'/>
	<timeFitness value='0.794167'/>
	<unitsAverage value='91'/>
</results>
