<results>
	<result value='win'/>
	<start value='2015-04-30.01:40:03'/>
	<end value='2015-04-30.01:40:42'/>
	<frames value='25360'/>
	<gameDuration value='1585'/>

	<player>
		<unitScore value='15600'/>
		<killScore value='26010'/>
		<buildingScore value='4125'/>
		<razingScore value='4875'/>
		<mineralScore value='23506'/>
		<gasScore value='2352'/>
		<totalScore value='76468'/>
	</player>

	<enemy>
		<race value='Zerg'/>
		<unitScore value='11325'/>
		<unitScore value='11325'/>
		<killScore value='8450'/>
		<buildingScore value='1625'/>
		<razingScore value='0'/>
		<mineralScore value='10514'/>
		<gasScore value='2800'/>
		<totalScore value='34714'/>
	</enemy>

	<scoreRatio value='2.2028'/>
	<timeFitness value='0.779861'/>
	<unitsAverage value='96'/>
</results>
