<results>
	<result value='loss'/>
	<start value='2015-04-30.01:46:53'/>
	<end value='2015-04-30.01:46:58'/>
	<frames value='9271'/>
	<gameDuration value='579'/>

	<player>
		<unitScore value='1300'/>
		<killScore value='150'/>
		<buildingScore value='700'/>
		<razingScore value='0'/>
		<mineralScore value='1794'/>
		<gasScore value='72'/>
		<totalScore value='4016'/>
	</player>

	<enemy>
		<race value='Zerg'/>
		<unitScore value='1650'/>
		<unitScore value='1650'/>
		<killScore value='2600'/>
		<buildingScore value='1020'/>
		<razingScore value='2100'/>
		<mineralScore value='2794'/>
		<gasScore value='240'/>
		<totalScore value='10404'/>
	</enemy>

	<scoreRatio value='0.386005'/>
	<timeFitness value='0.0804167'/>
	<unitsAverage value='10'/>
</results>
