<results>
	<result value='loss'/>
	<start value='2015-07-19.00:33:50'/>
	<end value='2015-07-19.00:34:06'/>
	<frames value='21175'/>
	<gameDuration value='1323'/>

	<player>
		<unitScore value='8550'/>
		<killScore value='4350'/>
		<buildingScore value='2175'/>
		<razingScore value='0'/>
		<mineralScore value='9914'/>
		<gasScore value='1864'/>
		<totalScore value='26853'/>
	</player>

	<enemy>
		<race value='Zerg'/>
		<unitScore value='8450'/>
		<killScore value='17100'/>
		<buildingScore value='2100'/>
		<razingScore value='6525'/>
		<mineralScore value='9506'/>
		<gasScore value='3272'/>
		<totalScore value='46953'/>
	</enemy>

	<scoreRatio value='0.571912'/>
	<timeFitness value='0.18375'/>
	<unitsAverage value='40'/>
</results>
