<results>
	<result value='loss'/>
	<start value='2015-07-19.00:36:49'/>
	<end value='2015-07-19.00:37:04'/>
	<frames value='19005'/>
	<gameDuration value='1187'/>

	<player>
		<unitScore value='5925'/>
		<killScore value='1700'/>
		<buildingScore value='2425'/>
		<razingScore value='900'/>
		<mineralScore value='6578'/>
		<gasScore value='1728'/>
		<totalScore value='19256'/>
	</player>

	<enemy>
		<race value='Zerg'/>
		<unitScore value='7350'/>
		<killScore value='8750'/>
		<buildingScore value='2035'/>
		<razingScore value='7275'/>
		<mineralScore value='8690'/>
		<gasScore value='2504'/>
		<totalScore value='36604'/>
	</enemy>

	<scoreRatio value='0.526063'/>
	<timeFitness value='0.164861'/>
	<unitsAverage value='34'/>
</results>
