<results>
	<result value='loss'/>
	<start value='2015-07-19.00:42:09'/>
	<end value='2015-07-19.00:42:56'/>
	<frames value='30351'/>
	<gameDuration value='1896'/>

	<player>
		<unitScore value='16600'/>
		<killScore value='11200'/>
		<buildingScore value='3025'/>
		<razingScore value='0'/>
		<mineralScore value='20874'/>
		<gasScore value='3128'/>
		<totalScore value='54827'/>
	</player>

	<enemy>
		<race value='Zerg'/>
		<unitScore value='20050'/>
		<killScore value='32900'/>
		<buildingScore value='3280'/>
		<razingScore value='9075'/>
		<mineralScore value='18798'/>
		<gasScore value='6640'/>
		<totalScore value='90743'/>
	</enemy>

	<scoreRatio value='0.604201'/>
	<timeFitness value='0.263333'/>
	<unitsAverage value='61'/>
</results>
