<results>
	<result value='win'/>
	<start value='2015-05-06.18:21:09'/>
	<end value='2015-05-06.18:21:29'/>
	<frames value='25980'/>
	<gameDuration value='1623'/>

	<player>
		<unitScore value='17675'/>
		<killScore value='16900'/>
		<buildingScore value='3550'/>
		<razingScore value='4500'/>
		<mineralScore value='22442'/>
		<gasScore value='1416'/>
		<totalScore value='66483'/>
	</player>

	<enemy>
		<race value='Terran'/>
		<unitScore value='8450'/>
		<unitScore value='8450'/>
		<killScore value='18550'/>
		<buildingScore value='1500'/>
		<razingScore value='0'/>
		<mineralScore value='12050'/>
		<gasScore value='2608'/>
		<totalScore value='43158'/>
	</enemy>

	<scoreRatio value='1.54046'/>
	<timeFitness value='0.774583'/>
	<unitsAverage value='82'/>
</results>
