<results>
	<result value='win'/>
	<start value='2015-05-06.18:26:38'/>
	<end value='2015-05-06.18:26:51'/>
	<frames value='22136'/>
	<gameDuration value='1383'/>

	<player>
		<unitScore value='7250'/>
		<killScore value='12000'/>
		<buildingScore value='2875'/>
		<razingScore value='5250'/>
		<mineralScore value='10998'/>
		<gasScore value='2104'/>
		<totalScore value='40477'/>
	</player>

	<enemy>
		<race value='Terran'/>
		<unitScore value='6000'/>
		<unitScore value='6000'/>
		<killScore value='7150'/>
		<buildingScore value='1750'/>
		<razingScore value='3600'/>
		<mineralScore value='7602'/>
		<gasScore value='2040'/>
		<totalScore value='28142'/>
	</enemy>

	<scoreRatio value='1.43831'/>
	<timeFitness value='0.807917'/>
	<unitsAverage value='46'/>
</results>
