<results>
	<result value='win'/>
	<start value='2015-04-28.00:44:12'/>
	<end value='2015-04-28.00:44:32'/>
	<frames value='32149'/>
	<gameDuration value='2009'/>

	<player>
		<unitScore value='12650'/>
		<killScore value='28300'/>
		<buildingScore value='2550'/>
		<razingScore value='12150'/>
		<mineralScore value='14802'/>
		<gasScore value='2536'/>
		<totalScore value='72988'/>
	</player>

	<enemy>
		<race value='Terran'/>
		<unitScore value='17250'/>
		<unitScore value='17250'/>
		<killScore value='14450'/>
		<buildingScore value='4050'/>
		<razingScore value='2550'/>
		<mineralScore value='14714'/>
		<gasScore value='7800'/>
		<totalScore value='60814'/>
	</enemy>

	<scoreRatio value='1.20018'/>
</results>
