<results>
	<result value='win'/>
	<start value='2015-04-30.19:53:42'/>
	<end value='2015-04-30.19:54:19'/>
	<frames value='27685'/>
	<gameDuration value='1730'/>

	<player>
		<unitScore value='19375'/>
		<killScore value='24310'/>
		<buildingScore value='3825'/>
		<razingScore value='5940'/>
		<mineralScore value='26610'/>
		<gasScore value='1592'/>
		<totalScore value='81652'/>
	</player>

	<enemy>
		<race value='Zerg'/>
		<unitScore value='10875'/>
		<unitScore value='10875'/>
		<killScore value='19400'/>
		<buildingScore value='1980'/>
		<razingScore value='0'/>
		<mineralScore value='10682'/>
		<gasScore value='3448'/>
		<totalScore value='46385'/>
	</enemy>

	<scoreRatio value='1.76031'/>
	<timeFitness value='0.759722'/>
	<unitsAverage value='97'/>
</results>
