<results>
	<result value='win'/>
	<start value='2015-05-10.08:22:14'/>
	<end value='2015-05-10.08:22:58'/>
	<frames value='31746'/>
	<gameDuration value='1984'/>

	<player>
		<unitScore value='19475'/>
		<killScore value='21750'/>
		<buildingScore value='3625'/>
		<razingScore value='18675'/>
		<mineralScore value='23674'/>
		<gasScore value='3176'/>
		<totalScore value='90375'/>
	</player>

	<enemy>
		<race value='Protoss'/>
		<unitScore value='11225'/>
		<unitScore value='11225'/>
		<killScore value='20800'/>
		<buildingScore value='6225'/>
		<razingScore value='150'/>
		<mineralScore value='16254'/>
		<gasScore value='3816'/>
		<totalScore value='58470'/>
	</enemy>

	<scoreRatio value='1.54566'/>
	<timeFitness value='0.724444'/>
	<unitsAverage value='89'/>
</results>
