<results>
	<result value='win'/>
	<start value='2015-05-10.08:25:24'/>
	<end value='2015-05-10.08:26:03'/>
	<frames value='30785'/>
	<gameDuration value='1924'/>

	<player>
		<unitScore value='16500'/>
		<killScore value='19350'/>
		<buildingScore value='2950'/>
		<razingScore value='18375'/>
		<mineralScore value='20714'/>
		<gasScore value='3024'/>
		<totalScore value='80913'/>
	</player>

	<enemy>
		<race value='Protoss'/>
		<unitScore value='9900'/>
		<unitScore value='9900'/>
		<killScore value='17050'/>
		<buildingScore value='6125'/>
		<razingScore value='1725'/>
		<mineralScore value='15998'/>
		<gasScore value='4888'/>
		<totalScore value='55686'/>
	</enemy>

	<scoreRatio value='1.45302'/>
	<timeFitness value='0.732778'/>
	<unitsAverage value='79'/>
</results>
