<results>
	<result value='win'/>
	<start value='2015-04-29.04:50:08'/>
	<end value='2015-04-29.04:51:52'/>
	<frames value='46440'/>
	<gameDuration value='2902'/>

	<player>
		<unitScore value='36750'/>
		<killScore value='40850'/>
		<buildingScore value='4725'/>
		<razingScore value='19350'/>
		<mineralScore value='40158'/>
		<gasScore value='4704'/>
		<totalScore value='146537'/>
	</player>

	<enemy>
		<race value='Protoss'/>
		<unitScore value='21275'/>
		<unitScore value='21275'/>
		<killScore value='47550'/>
		<buildingScore value='6450'/>
		<razingScore value='150'/>
		<mineralScore value='22338'/>
		<gasScore value='6782'/>
		<totalScore value='104545'/>
	</enemy>

	<scoreRatio value='1.40166'/>
</results>
