<results>
	<result value='loss'/>
	<start value='2015-04-29.04:57:55'/>
	<end value='2015-04-29.04:59:03'/>
	<frames value='57507'/>
	<gameDuration value='3594'/>

	<player>
		<unitScore value='24600'/>
		<killScore value='51600'/>
		<buildingScore value='2475'/>
		<razingScore value='3750'/>
		<mineralScore value='24418'/>
		<gasScore value='3888'/>
		<totalScore value='110731'/>
	</player>

	<enemy>
		<race value='Protoss'/>
		<unitScore value='39450'/>
		<unitScore value='39450'/>
		<killScore value='49200'/>
		<buildingScore value='7825'/>
		<razingScore value='7425'/>
		<mineralScore value='36206'/>
		<gasScore value='14688'/>
		<totalScore value='154794'/>
	</enemy>

	<scoreRatio value='0.715344'/>
</results>
