<results>
	<result value='win'/>
	<start value='2015-04-29.05:00:58'/>
	<end value='2015-04-29.05:01:26'/>
	<frames value='30785'/>
	<gameDuration value='1924'/>

	<player>
		<unitScore value='11475'/>
		<killScore value='13200'/>
		<buildingScore value='2325'/>
		<razingScore value='15525'/>
		<mineralScore value='13402'/>
		<gasScore value='2256'/>
		<totalScore value='58183'/>
	</player>

	<enemy>
		<race value='Protoss'/>
		<unitScore value='6600'/>
		<unitScore value='6600'/>
		<killScore value='13300'/>
		<buildingScore value='5175'/>
		<razingScore value='1500'/>
		<mineralScore value='15098'/>
		<gasScore value='2016'/>
		<totalScore value='43689'/>
	</enemy>

	<scoreRatio value='1.33175'/>
</results>
