<results>
	<result value='loss'/>
	<start value='2015-04-13.22:21:35'/>
	<end value='2015-04-13.22:22:26'/>
	<frames value='38349'/>
	<gameDuration value='2396'/>

	<player>
		<unitScore value='15775'/>
		<killScore value='12700'/>
		<buildingScore value='2700'/>
		<razingScore value='0'/>
		<mineralScore value='18906'/>
		<gasScore value='2576'/>
		<totalScore value='52657'/>
	</player>

	<enemy>
		<race value='Protoss'/>
		<unitScore value='25550'/>
		<unitScore value='25550'/>
		<killScore value='31050'/>
		<buildingScore value='7175'/>
		<razingScore value='8100'/>
		<mineralScore value='26346'/>
		<gasScore value='10072'/>
		<totalScore value='108293'/>
	</enemy>

	<scoreRatio value='0.486246'/>
</results>
