<results>
	<result value='loss'/>
	<start value='2015-04-13.22:32:18'/>
	<end value='2015-04-13.22:32:45'/>
	<frames value='28119'/>
	<gameDuration value='1757'/>

	<player>
		<unitScore value='4825'/>
		<killScore value='3500'/>
		<buildingScore value='2125'/>
		<razingScore value='0'/>
		<mineralScore value='7274'/>
		<gasScore value='1248'/>
		<totalScore value='18972'/>
	</player>

	<enemy>
		<race value='Protoss'/>
		<unitScore value='12450'/>
		<unitScore value='12450'/>
		<killScore value='9150'/>
		<buildingScore value='6875'/>
		<razingScore value='6375'/>
		<mineralScore value='17658'/>
		<gasScore value='6184'/>
		<totalScore value='58692'/>
	</enemy>

	<scoreRatio value='0.323247'/>
</results>
