<results>
	<result value='loss'/>
	<start value='2015-04-13.22:32:48'/>
	<end value='2015-04-13.22:33:06'/>
	<frames value='16928'/>
	<gameDuration value='1058'/>

	<player>
		<unitScore value='5850'/>
		<killScore value='600'/>
		<buildingScore value='1650'/>
		<razingScore value='0'/>
		<mineralScore value='7730'/>
		<gasScore value='1320'/>
		<totalScore value='17150'/>
	</player>

	<enemy>
		<race value='Protoss'/>
		<unitScore value='4325'/>
		<unitScore value='4325'/>
		<killScore value='11200'/>
		<buildingScore value='3325'/>
		<razingScore value='4950'/>
		<mineralScore value='8706'/>
		<gasScore value='2048'/>
		<totalScore value='34554'/>
	</enemy>

	<scoreRatio value='0.496325'/>
</results>
