<results>
	<result value='win'/>
	<start value='2015-05-06.13:56:30'/>
	<end value='2015-05-06.13:56:56'/>
	<frames value='30382'/>
	<gameDuration value='1898'/>

	<player>
		<unitScore value='17400'/>
		<killScore value='15600'/>
		<buildingScore value='3025'/>
		<razingScore value='18975'/>
		<mineralScore value='20442'/>
		<gasScore value='2456'/>
		<totalScore value='77898'/>
	</player>

	<enemy>
		<race value='Protoss'/>
		<unitScore value='7800'/>
		<unitScore value='7800'/>
		<killScore value='15800'/>
		<buildingScore value='6325'/>
		<razingScore value='150'/>
		<mineralScore value='15850'/>
		<gasScore value='2856'/>
		<totalScore value='48781'/>
	</enemy>

	<scoreRatio value='1.59689'/>
	<timeFitness value='0.736389'/>
	<unitsAverage value='81'/>
</results>
