<results>
	<result value='win'/>
	<start value='2015-05-06.13:58:28'/>
	<end value='2015-05-06.13:59:00'/>
	<frames value='31064'/>
	<gameDuration value='1941'/>

	<player>
		<unitScore value='19575'/>
		<killScore value='19900'/>
		<buildingScore value='3900'/>
		<razingScore value='18225'/>
		<mineralScore value='27758'/>
		<gasScore value='2920'/>
		<totalScore value='92278'/>
	</player>

	<enemy>
		<race value='Protoss'/>
		<unitScore value='10575'/>
		<unitScore value='10575'/>
		<killScore value='15550'/>
		<buildingScore value='6075'/>
		<razingScore value='0'/>
		<mineralScore value='17878'/>
		<gasScore value='5768'/>
		<totalScore value='55846'/>
	</enemy>

	<scoreRatio value='1.65237'/>
	<timeFitness value='0.730417'/>
	<unitsAverage value='106'/>
</results>
