<results>
	<result value='win'/>
	<start value='2014-07-22.19:09:33'/>
	<end value='2014-07-22.19:09:49'/>
	<frames value='20121'/>
	<gameDuration value='1257'/>

	<player>
		<unitScore value='10950'/>
		<killScore value='15040'/>
		<buildingScore value='3075'/>
		<razingScore value='4875'/>
		<mineralScore value='15114'/>
		<gasScore value='1280'/>
		<totalScore value='50334'/>
	</player>

	<enemy>
		<race value='Zerg'/>
		<unitScore value='7675'/>
		<unitScore value='7675'/>
		<killScore value='7750'/>
		<buildingScore value='1625'/>
		<razingScore value='0'/>
		<mineralScore value='8034'/>
		<gasScore value='2328'/>
		<totalScore value='27412'/>
	</enemy>

	<scoreRatio value='1.8362'/>
</results>
