<results>
	<result value='draw'/>
	<start value='2015-07-11.23:00:48'/>
	<end value='2015-07-11.23:01:38'/>
	<frames value='57601'/>
	<gameDuration value='3600'/>

	<player>
		<unitScore value='34975'/>
		<killScore value='19600'/>
		<buildingScore value='4850'/>
		<razingScore value='2175'/>
		<mineralScore value='38282'/>
		<gasScore value='4432'/>
		<totalScore value='104314'/>
	</player>

	<enemy>
		<race value='Terran'/>
		<unitScore value='12275'/>
		<killScore value='60900'/>
		<buildingScore value='4175'/>
		<razingScore value='6225'/>
		<mineralScore value='12706'/>
		<gasScore value='5604'/>
		<totalScore value='101885'/>
	</enemy>

	<scoreRatio value='1.02384'/>
	<timeFitness value='0.5'/>
	<unitsAverage value='91'/>
</results>
