<results>
	<result value='loss'/>
	<start value='2015-05-05.04:11:02'/>
	<end value='2015-05-05.04:11:10'/>
	<frames value='17517'/>
	<gameDuration value='1094'/>

	<player>
		<unitScore value='5125'/>
		<killScore value='800'/>
		<buildingScore value='1700'/>
		<razingScore value='0'/>
		<mineralScore value='6746'/>
		<gasScore value='824'/>
		<totalScore value='15195'/>
	</player>

	<enemy>
		<race value='Protoss'/>
		<unitScore value='4425'/>
		<unitScore value='4425'/>
		<killScore value='10250'/>
		<buildingScore value='3375'/>
		<razingScore value='5100'/>
		<mineralScore value='8890'/>
		<gasScore value='2056'/>
		<totalScore value='34096'/>
	</enemy>

	<scoreRatio value='0.445653'/>
	<timeFitness value='0.151944'/>
	<unitsAverage value='30'/>
</results>
