<results>
	<result value='loss'/>
	<start value='2015-05-05.04:28:48'/>
	<end value='2015-05-05.04:28:56'/>
	<frames value='17827'/>
	<gameDuration value='1114'/>

	<player>
		<unitScore value='5075'/>
		<killScore value='1400'/>
		<buildingScore value='1750'/>
		<razingScore value='0'/>
		<mineralScore value='7226'/>
		<gasScore value='696'/>
		<totalScore value='16147'/>
	</player>

	<enemy>
		<race value='Protoss'/>
		<unitScore value='6475'/>
		<unitScore value='6475'/>
		<killScore value='9900'/>
		<buildingScore value='3375'/>
		<razingScore value='5250'/>
		<mineralScore value='8730'/>
		<gasScore value='2576'/>
		<totalScore value='36306'/>
	</enemy>

	<scoreRatio value='0.444747'/>
	<timeFitness value='0.154722'/>
	<unitsAverage value='32'/>
</results>
