<results>
	<result value='win'/>
	<start value='2015-05-05.17:34:44'/>
	<end value='2015-05-05.17:36:06'/>
	<frames value='42441'/>
	<gameDuration value='2652'/>

	<player>
		<unitScore value='20650'/>
		<killScore value='32470'/>
		<buildingScore value='6000'/>
		<razingScore value='9420'/>
		<mineralScore value='36242'/>
		<gasScore value='6808'/>
		<totalScore value='111590'/>
	</player>

	<enemy>
		<race value='Zerg'/>
		<unitScore value='15025'/>
		<unitScore value='15025'/>
		<killScore value='16950'/>
		<buildingScore value='3140'/>
		<razingScore value='0'/>
		<mineralScore value='15310'/>
		<gasScore value='5264'/>
		<totalScore value='55689'/>
	</enemy>

	<scoreRatio value='2.00381'/>
	<timeFitness value='0.631667'/>
	<unitsAverage value='147'/>
</results>
