<results>
	<result value='win'/>
	<start value='2015-05-05.18:05:43'/>
	<end value='2015-05-05.18:06:08'/>
	<frames value='27344'/>
	<gameDuration value='1709'/>

	<player>
		<unitScore value='18375'/>
		<killScore value='22750'/>
		<buildingScore value='2325'/>
		<razingScore value='5535'/>
		<mineralScore value='20218'/>
		<gasScore value='1096'/>
		<totalScore value='70299'/>
	</player>

	<enemy>
		<race value='Zerg'/>
		<unitScore value='11275'/>
		<unitScore value='11275'/>
		<killScore value='22450'/>
		<buildingScore value='1845'/>
		<razingScore value='0'/>
		<mineralScore value='10146'/>
		<gasScore value='3088'/>
		<totalScore value='48804'/>
	</enemy>

	<scoreRatio value='1.44044'/>
	<timeFitness value='0.762639'/>
	<unitsAverage value='70'/>
</results>
