<results>
	<result value='win'/>
	<start value='2015-05-05.18:06:59'/>
	<end value='2015-05-05.18:07:39'/>
	<frames value='29855'/>
	<gameDuration value='1865'/>

	<player>
		<unitScore value='21100'/>
		<killScore value='33960'/>
		<buildingScore value='4675'/>
		<razingScore value='6495'/>
		<mineralScore value='26106'/>
		<gasScore value='2248'/>
		<totalScore value='94584'/>
	</player>

	<enemy>
		<race value='Zerg'/>
		<unitScore value='14800'/>
		<unitScore value='14800'/>
		<killScore value='21400'/>
		<buildingScore value='2165'/>
		<razingScore value='0'/>
		<mineralScore value='13770'/>
		<gasScore value='4152'/>
		<totalScore value='56287'/>
	</enemy>

	<scoreRatio value='1.68039'/>
	<timeFitness value='0.740972'/>
	<unitsAverage value='101'/>
</results>
