<results>
	<result value='win'/>
	<start value='2015-05-09.18:09:58'/>
	<end value='2015-05-09.18:10:25'/>
	<frames value='34381'/>
	<gameDuration value='2148'/>

	<player>
		<unitScore value='19750'/>
		<killScore value='22450'/>
		<buildingScore value='3200'/>
		<razingScore value='21300'/>
		<mineralScore value='23650'/>
		<gasScore value='3320'/>
		<totalScore value='93670'/>
	</player>

	<enemy>
		<race value='Protoss'/>
		<unitScore value='11675'/>
		<unitScore value='11675'/>
		<killScore value='21750'/>
		<buildingScore value='7100'/>
		<razingScore value='150'/>
		<mineralScore value='19486'/>
		<gasScore value='5992'/>
		<totalScore value='66153'/>
	</enemy>

	<scoreRatio value='1.41596'/>
	<timeFitness value='0.701667'/>
	<unitsAverage value='83'/>
</results>
