<results>
	<result value='win'/>
	<start value='2015-05-09.18:13:18'/>
	<end value='2015-05-09.18:13:38'/>
	<frames value='26569'/>
	<gameDuration value='1660'/>

	<player>
		<unitScore value='14575'/>
		<killScore value='18300'/>
		<buildingScore value='3550'/>
		<razingScore value='9225'/>
		<mineralScore value='20402'/>
		<gasScore value='2288'/>
		<totalScore value='68340'/>
	</player>

	<enemy>
		<race value='Protoss'/>
		<unitScore value='9850'/>
		<unitScore value='9850'/>
		<killScore value='9350'/>
		<buildingScore value='3075'/>
		<razingScore value='150'/>
		<mineralScore value='11402'/>
		<gasScore value='3736'/>
		<totalScore value='37563'/>
	</enemy>

	<scoreRatio value='1.81934'/>
	<timeFitness value='0.769444'/>
	<unitsAverage value='85'/>
</results>
