<results>
	<result value='loss'/>
	<start value='2015-05-09.18:16:53'/>
	<end value='2015-05-09.18:16:59'/>
	<frames value='14324'/>
	<gameDuration value='895'/>

	<player>
		<unitScore value='2425'/>
		<killScore value='1100'/>
		<buildingScore value='1475'/>
		<razingScore value='0'/>
		<mineralScore value='4130'/>
		<gasScore value='544'/>
		<totalScore value='9674'/>
	</player>

	<enemy>
		<race value='Protoss'/>
		<unitScore value='3700'/>
		<unitScore value='3700'/>
		<killScore value='4950'/>
		<buildingScore value='2225'/>
		<razingScore value='4425'/>
		<mineralScore value='7274'/>
		<gasScore value='1384'/>
		<totalScore value='23958'/>
	</enemy>

	<scoreRatio value='0.40379'/>
	<timeFitness value='0.124306'/>
	<unitsAverage value='19'/>
</results>
