<results>
	<result value='win'/>
	<start value='2015-04-30.02:02:41'/>
	<end value='2015-04-30.02:03:18'/>
	<frames value='30940'/>
	<gameDuration value='1933'/>

	<player>
		<unitScore value='23300'/>
		<killScore value='25870'/>
		<buildingScore value='3050'/>
		<razingScore value='5700'/>
		<mineralScore value='27694'/>
		<gasScore value='0'/>
		<totalScore value='85614'/>
	</player>

	<enemy>
		<race value='Zerg'/>
		<unitScore value='12475'/>
		<unitScore value='12475'/>
		<killScore value='33400'/>
		<buildingScore value='1900'/>
		<razingScore value='0'/>
		<mineralScore value='10522'/>
		<gasScore value='3248'/>
		<totalScore value='61545'/>
	</enemy>

	<scoreRatio value='1.39108'/>
	<timeFitness value='0.731528'/>
	<unitsAverage value='86'/>
</results>
