<results>
	<result value='loss'/>
	<start value='2015-04-30.02:13:52'/>
	<end value='2015-04-30.02:14:15'/>
	<frames value='26166'/>
	<gameDuration value='1635'/>

	<player>
		<unitScore value='10125'/>
		<killScore value='10500'/>
		<buildingScore value='2575'/>
		<razingScore value='0'/>
		<mineralScore value='11994'/>
		<gasScore value='1504'/>
		<totalScore value='36698'/>
	</player>

	<enemy>
		<race value='Zerg'/>
		<unitScore value='14950'/>
		<unitScore value='14950'/>
		<killScore value='20350'/>
		<buildingScore value='3140'/>
		<razingScore value='7725'/>
		<mineralScore value='15090'/>
		<gasScore value='5032'/>
		<totalScore value='66287'/>
	</enemy>

	<scoreRatio value='0.553623'/>
	<timeFitness value='0.227083'/>
	<unitsAverage value='43'/>
</results>
