<results>
	<result value='win'/>
	<start value='2015-04-30.02:20:20'/>
	<end value='2015-04-30.02:21:16'/>
	<frames value='30320'/>
	<gameDuration value='1895'/>

	<player>
		<unitScore value='20375'/>
		<killScore value='20840'/>
		<buildingScore value='4550'/>
		<razingScore value='5775'/>
		<mineralScore value='28334'/>
		<gasScore value='2152'/>
		<totalScore value='82026'/>
	</player>

	<enemy>
		<race value='Zerg'/>
		<unitScore value='10100'/>
		<unitScore value='10100'/>
		<killScore value='16850'/>
		<buildingScore value='1925'/>
		<razingScore value='0'/>
		<mineralScore value='9866'/>
		<gasScore value='3040'/>
		<totalScore value='41781'/>
	</enemy>

	<scoreRatio value='1.96324'/>
	<timeFitness value='0.736806'/>
	<unitsAverage value='114'/>
</results>
