<results>
	<result value='draw'/>
	<start value='2015-05-07.06:11:12'/>
	<end value='2015-05-07.06:12:46'/>
	<frames value='57601'/>
	<gameDuration value='3600'/>

	<player>
		<unitScore value='21575'/>
		<killScore value='21900'/>
		<buildingScore value='2975'/>
		<razingScore value='17175'/>
		<mineralScore value='25926'/>
		<gasScore value='1144'/>
		<totalScore value='90695'/>
	</player>

	<enemy>
		<race value='Protoss'/>
		<unitScore value='13225'/>
		<unitScore value='13225'/>
		<killScore value='19400'/>
		<buildingScore value='7175'/>
		<razingScore value='900'/>
		<mineralScore value='22734'/>
		<gasScore value='7192'/>
		<totalScore value='70626'/>
	</enemy>

	<scoreRatio value='1.28416'/>
	<timeFitness value='0.5'/>
	<unitsAverage value='124'/>
</results>
