<results>
	<result value='win'/>
	<start value='2015-05-07.06:27:49'/>
	<end value='2015-05-07.06:28:14'/>
	<frames value='26910'/>
	<gameDuration value='1681'/>

	<player>
		<unitScore value='17000'/>
		<killScore value='15500'/>
		<buildingScore value='3575'/>
		<razingScore value='14175'/>
		<mineralScore value='21638'/>
		<gasScore value='1896'/>
		<totalScore value='73784'/>
	</player>

	<enemy>
		<race value='Protoss'/>
		<unitScore value='7750'/>
		<unitScore value='7750'/>
		<killScore value='17700'/>
		<buildingScore value='4725'/>
		<razingScore value='0'/>
		<mineralScore value='18306'/>
		<gasScore value='976'/>
		<totalScore value='49457'/>
	</enemy>

	<scoreRatio value='1.49188'/>
	<timeFitness value='0.766528'/>
	<unitsAverage value='86'/>
</results>
