<results>
	<result value='win'/>
	<start value='2015-05-07.06:36:48'/>
	<end value='2015-05-07.06:37:17'/>
	<frames value='30692'/>
	<gameDuration value='1918'/>

	<player>
		<unitScore value='16000'/>
		<killScore value='10700'/>
		<buildingScore value='4150'/>
		<razingScore value='16050'/>
		<mineralScore value='21210'/>
		<gasScore value='2848'/>
		<totalScore value='70958'/>
	</player>

	<enemy>
		<race value='Protoss'/>
		<unitScore value='5350'/>
		<unitScore value='5350'/>
		<killScore value='12700'/>
		<buildingScore value='5350'/>
		<razingScore value='1350'/>
		<mineralScore value='14322'/>
		<gasScore value='2648'/>
		<totalScore value='41720'/>
	</enemy>

	<scoreRatio value='1.70081'/>
	<timeFitness value='0.733611'/>
	<unitsAverage value='81'/>
</results>
