<results>
	<result value='loss'/>
	<start value='2015-05-07.06:44:14'/>
	<end value='2015-05-07.06:44:22'/>
	<frames value='15657'/>
	<gameDuration value='978'/>

	<player>
		<unitScore value='2900'/>
		<killScore value='400'/>
		<buildingScore value='1625'/>
		<razingScore value='0'/>
		<mineralScore value='4858'/>
		<gasScore value='840'/>
		<totalScore value='10623'/>
	</player>

	<enemy>
		<race value='Protoss'/>
		<unitScore value='3550'/>
		<unitScore value='3550'/>
		<killScore value='5200'/>
		<buildingScore value='3075'/>
		<razingScore value='4875'/>
		<mineralScore value='8322'/>
		<gasScore value='1480'/>
		<totalScore value='26502'/>
	</enemy>

	<scoreRatio value='0.400838'/>
	<timeFitness value='0.135833'/>
	<unitsAverage value='24'/>
</results>
