<results>
	<result value='win'/>
	<start value='2015-05-04.07:29:15'/>
	<end value='2015-05-04.07:30:03'/>
	<frames value='56081'/>
	<gameDuration value='3505'/>

	<player>
		<unitScore value='27475'/>
		<killScore value='41450'/>
		<buildingScore value='3075'/>
		<razingScore value='24300'/>
		<mineralScore value='30166'/>
		<gasScore value='5248'/>
		<totalScore value='131714'/>
	</player>

	<enemy>
		<race value='Protoss'/>
		<unitScore value='21400'/>
		<unitScore value='21400'/>
		<killScore value='46900'/>
		<buildingScore value='8100'/>
		<razingScore value='300'/>
		<mineralScore value='25874'/>
		<gasScore value='7556'/>
		<totalScore value='110130'/>
	</enemy>

	<scoreRatio value='1.19599'/>
	<timeFitness value='0.513194'/>
	<unitsAverage value='96'/>
</results>
