<results>
	<result value='loss'/>
	<start value='2015-05-04.07:32:48'/>
	<end value='2015-05-04.07:32:57'/>
	<frames value='19718'/>
	<gameDuration value='1232'/>

	<player>
		<unitScore value='2875'/>
		<killScore value='1700'/>
		<buildingScore value='1600'/>
		<razingScore value='0'/>
		<mineralScore value='4770'/>
		<gasScore value='976'/>
		<totalScore value='11921'/>
	</player>

	<enemy>
		<race value='Protoss'/>
		<unitScore value='4900'/>
		<unitScore value='4900'/>
		<killScore value='5750'/>
		<buildingScore value='4775'/>
		<razingScore value='4800'/>
		<mineralScore value='11690'/>
		<gasScore value='2376'/>
		<totalScore value='34291'/>
	</enemy>

	<scoreRatio value='0.347642'/>
	<timeFitness value='0.171111'/>
	<unitsAverage value='20'/>
</results>
