<results>
	<result value='loss'/>
	<start value='2014-07-23.00:38:41'/>
	<end value='2014-07-23.00:38:46'/>
	<frames value='12495'/>
	<gameDuration value='780'/>

	<player>
		<unitScore value='950'/>
		<killScore value='200'/>
		<buildingScore value='700'/>
		<razingScore value='0'/>
		<mineralScore value='1394'/>
		<gasScore value='0'/>
		<totalScore value='3244'/>
	</player>

	<enemy>
		<race value='Zerg'/>
		<unitScore value='3150'/>
		<unitScore value='3150'/>
		<killScore value='1900'/>
		<buildingScore value='1220'/>
		<razingScore value='2100'/>
		<mineralScore value='4458'/>
		<gasScore value='712'/>
		<totalScore value='13540'/>
	</enemy>

	<scoreRatio value='0.239586'/>
</results>
