<results>
	<result value='loss'/>
	<start value='2015-04-13.10:33:37'/>
	<end value='2015-04-13.10:33:52'/>
	<frames value='17176'/>
	<gameDuration value='1073'/>

	<player>
		<unitScore value='2900'/>
		<killScore value='2000'/>
		<buildingScore value='1525'/>
		<razingScore value='0'/>
		<mineralScore value='4450'/>
		<gasScore value='520'/>
		<totalScore value='11395'/>
	</player>

	<enemy>
		<race value='Protoss'/>
		<unitScore value='3600'/>
		<unitScore value='3600'/>
		<killScore value='5800'/>
		<buildingScore value='4025'/>
		<razingScore value='4575'/>
		<mineralScore value='9074'/>
		<gasScore value='1624'/>
		<totalScore value='28698'/>
	</enemy>

	<scoreRatio value='0.397066'/>
</results>
