<results>
	<result value='loss'/>
	<start value='2015-04-13.10:40:37'/>
	<end value='2015-04-13.10:40:48'/>
	<frames value='13115'/>
	<gameDuration value='819'/>

	<player>
		<unitScore value='2550'/>
		<killScore value='400'/>
		<buildingScore value='1425'/>
		<razingScore value='0'/>
		<mineralScore value='3930'/>
		<gasScore value='880'/>
		<totalScore value='9185'/>
	</player>

	<enemy>
		<race value='Protoss'/>
		<unitScore value='3550'/>
		<unitScore value='3550'/>
		<killScore value='4000'/>
		<buildingScore value='2375'/>
		<razingScore value='4275'/>
		<mineralScore value='6682'/>
		<gasScore value='1176'/>
		<totalScore value='22058'/>
	</enemy>

	<scoreRatio value='0.416402'/>
</results>
