<results>
	<result value='win'/>
	<start value='2015-04-13.10:48:42'/>
	<end value='2015-04-13.10:49:15'/>
	<frames value='21454'/>
	<gameDuration value='1340'/>

	<player>
		<unitScore value='10175'/>
		<killScore value='11300'/>
		<buildingScore value='3475'/>
		<razingScore value='7275'/>
		<mineralScore value='16278'/>
		<gasScore value='2160'/>
		<totalScore value='50663'/>
	</player>

	<enemy>
		<race value='Protoss'/>
		<unitScore value='5650'/>
		<unitScore value='5650'/>
		<killScore value='2800'/>
		<buildingScore value='2425'/>
		<razingScore value='0'/>
		<mineralScore value='8674'/>
		<gasScore value='1088'/>
		<totalScore value='20637'/>
	</enemy>

	<scoreRatio value='2.45496'/>
</results>
