<results>
	<result value='loss'/>
	<start value='2015-04-13.10:50:23'/>
	<end value='2015-04-13.10:50:40'/>
	<frames value='18478'/>
	<gameDuration value='1154'/>

	<player>
		<unitScore value='4650'/>
		<killScore value='1400'/>
		<buildingScore value='1725'/>
		<razingScore value='0'/>
		<mineralScore value='6514'/>
		<gasScore value='536'/>
		<totalScore value='14825'/>
	</player>

	<enemy>
		<race value='Protoss'/>
		<unitScore value='4725'/>
		<unitScore value='4725'/>
		<killScore value='9200'/>
		<buildingScore value='4275'/>
		<razingScore value='5175'/>
		<mineralScore value='9738'/>
		<gasScore value='2440'/>
		<totalScore value='35553'/>
	</enemy>

	<scoreRatio value='0.416983'/>
</results>
