<results>
	<result value='loss'/>
	<start value='2015-07-14.10:31:48'/>
	<end value='2015-07-14.10:32:00'/>
	<frames value='17424'/>
	<gameDuration value='1089'/>

	<player>
		<unitScore value='5225'/>
		<killScore value='1400'/>
		<buildingScore value='1700'/>
		<razingScore value='0'/>
		<mineralScore value='6378'/>
		<gasScore value='648'/>
		<totalScore value='15351'/>
	</player>

	<enemy>
		<race value='Protoss'/>
		<unitScore value='3600'/>
		<killScore value='10450'/>
		<buildingScore value='3925'/>
		<razingScore value='5100'/>
		<mineralScore value='9250'/>
		<gasScore value='1768'/>
		<totalScore value='34093'/>
	</enemy>

	<scoreRatio value='0.450268'/>
	<timeFitness value='0.15125'/>
	<unitsAverage value='24'/>
</results>
