<results>
	<result value='loss'/>
	<start value='2015-07-14.10:32:59'/>
	<end value='2015-07-14.10:34:02'/>
	<frames value='44425'/>
	<gameDuration value='2776'/>

	<player>
		<unitScore value='27550'/>
		<killScore value='16950'/>
		<buildingScore value='2725'/>
		<razingScore value='675'/>
		<mineralScore value='30714'/>
		<gasScore value='3984'/>
		<totalScore value='82598'/>
	</player>

	<enemy>
		<race value='Protoss'/>
		<unitScore value='27425'/>
		<killScore value='54150'/>
		<buildingScore value='7350'/>
		<razingScore value='8175'/>
		<mineralScore value='27802'/>
		<gasScore value='10832'/>
		<totalScore value='135734'/>
	</enemy>

	<scoreRatio value='0.608528'/>
	<timeFitness value='0.385556'/>
	<unitsAverage value='75'/>
</results>
