<results>
	<result value='draw'/>
	<start value='2015-07-14.10:58:54'/>
	<end value='2015-07-14.11:00:50'/>
	<frames value='57601'/>
	<gameDuration value='3600'/>

	<player>
		<unitScore value='41800'/>
		<killScore value='44300'/>
		<buildingScore value='3075'/>
		<razingScore value='2550'/>
		<mineralScore value='31890'/>
		<gasScore value='7192'/>
		<totalScore value='130807'/>
	</player>

	<enemy>
		<race value='Protoss'/>
		<unitScore value='26625'/>
		<killScore value='72900'/>
		<buildingScore value='4325'/>
		<razingScore value='0'/>
		<mineralScore value='29946'/>
		<gasScore value='8940'/>
		<totalScore value='142736'/>
	</enemy>

	<scoreRatio value='0.916426'/>
	<timeFitness value='0.5'/>
	<unitsAverage value='123'/>
</results>
