<results>
	<result value='draw'/>
	<start value='2015-05-09.04:13:16'/>
	<end value='2015-05-09.04:16:10'/>
	<frames value='57601'/>
	<gameDuration value='3600'/>

	<player>
		<unitScore value='37825'/>
		<killScore value='72950'/>
		<buildingScore value='3875'/>
		<razingScore value='3390'/>
		<mineralScore value='38998'/>
		<gasScore value='7340'/>
		<totalScore value='164378'/>
	</player>

	<enemy>
		<race value='Zerg'/>
		<unitScore value='33150'/>
		<unitScore value='33150'/>
		<killScore value='49700'/>
		<buildingScore value='2270'/>
		<razingScore value='300'/>
		<mineralScore value='23934'/>
		<gasScore value='11572'/>
		<totalScore value='120926'/>
	</enemy>

	<scoreRatio value='1.35933'/>
	<timeFitness value='0.5'/>
	<unitsAverage value='152'/>
</results>
