<results>
	<result value='win'/>
	<start value='2015-05-09.04:43:12'/>
	<end value='2015-05-09.04:43:59'/>
	<frames value='26538'/>
	<gameDuration value='1658'/>

	<player>
		<unitScore value='18125'/>
		<killScore value='29605'/>
		<buildingScore value='3950'/>
		<razingScore value='4800'/>
		<mineralScore value='25254'/>
		<gasScore value='2400'/>
		<totalScore value='84134'/>
	</player>

	<enemy>
		<race value='Zerg'/>
		<unitScore value='12700'/>
		<unitScore value='12700'/>
		<killScore value='15000'/>
		<buildingScore value='1600'/>
		<razingScore value='0'/>
		<mineralScore value='11270'/>
		<gasScore value='3408'/>
		<totalScore value='43978'/>
	</enemy>

	<scoreRatio value='1.91309'/>
	<timeFitness value='0.769722'/>
	<unitsAverage value='94'/>
</results>
