<results>
	<result value='win'/>
	<start value='2015-05-09.04:49:01'/>
	<end value='2015-05-09.04:49:48'/>
	<frames value='28305'/>
	<gameDuration value='1769'/>

	<player>
		<unitScore value='19000'/>
		<killScore value='33230'/>
		<buildingScore value='4500'/>
		<razingScore value='5940'/>
		<mineralScore value='24322'/>
		<gasScore value='2504'/>
		<totalScore value='89496'/>
	</player>

	<enemy>
		<race value='Zerg'/>
		<unitScore value='13750'/>
		<unitScore value='13750'/>
		<killScore value='19100'/>
		<buildingScore value='1980'/>
		<razingScore value='1800'/>
		<mineralScore value='12374'/>
		<gasScore value='3560'/>
		<totalScore value='52564'/>
	</enemy>

	<scoreRatio value='1.70261'/>
	<timeFitness value='0.754306'/>
	<unitsAverage value='87'/>
</results>
