<results>
	<result value='win'/>
	<start value='2015-05-09.05:03:53'/>
	<end value='2015-05-09.05:04:50'/>
	<frames value='31622'/>
	<gameDuration value='1976'/>

	<player>
		<unitScore value='20525'/>
		<killScore value='31260'/>
		<buildingScore value='3975'/>
		<razingScore value='7260'/>
		<mineralScore value='30578'/>
		<gasScore value='1752'/>
		<totalScore value='95350'/>
	</player>

	<enemy>
		<race value='Zerg'/>
		<unitScore value='14575'/>
		<unitScore value='14575'/>
		<killScore value='20250'/>
		<buildingScore value='2420'/>
		<razingScore value='0'/>
		<mineralScore value='14998'/>
		<gasScore value='5192'/>
		<totalScore value='57435'/>
	</enemy>

	<scoreRatio value='1.66014'/>
	<timeFitness value='0.725556'/>
	<unitsAverage value='99'/>
</results>
