<results>
	<result value='win'/>
	<start value='2014-07-01.05:10:29'/>
	<end value='2014-07-01.05:10:48'/>
	<frames value='25732'/>
	<gameDuration value='1608'/>

	<player>
		<unitScore value='12450'/>
		<killScore value='7900'/>
		<buildingScore value='3475'/>
		<razingScore value='12075'/>
		<mineralScore value='17738'/>
		<gasScore value='2784'/>
		<totalScore value='56422'/>
	</player>

	<enemy>
		<race value='Protoss'/>
		<unitScore value='3950'/>
		<unitScore value='3950'/>
		<killScore value='8200'/>
		<buildingScore value='4025'/>
		<razingScore value='150'/>
		<mineralScore value='9138'/>
		<gasScore value='1848'/>
		<totalScore value='27311'/>
	</enemy>

	<scoreRatio value='2.06591'/>
</results>
