<results>
	<result value='loss'/>
	<start value='2015-04-13.07:25:13'/>
	<end value='2015-04-13.07:25:26'/>
	<frames value='15254'/>
	<gameDuration value='953'/>

	<player>
		<unitScore value='2350'/>
		<killScore value='1400'/>
		<buildingScore value='1275'/>
		<razingScore value='0'/>
		<mineralScore value='3682'/>
		<gasScore value='816'/>
		<totalScore value='9523'/>
	</player>

	<enemy>
		<race value='Protoss'/>
		<unitScore value='3550'/>
		<unitScore value='3550'/>
		<killScore value='4700'/>
		<buildingScore value='2725'/>
		<razingScore value='3825'/>
		<mineralScore value='8034'/>
		<gasScore value='1488'/>
		<totalScore value='24322'/>
	</enemy>

	<scoreRatio value='0.391539'/>
</results>
