<results>
	<result value='draw'/>
	<start value='2015-04-13.07:36:55'/>
	<end value='2015-04-13.07:38:49'/>
	<frames value='57601'/>
	<gameDuration value='3600'/>

	<player>
		<unitScore value='34350'/>
		<killScore value='38850'/>
		<buildingScore value='3775'/>
		<razingScore value='8700'/>
		<mineralScore value='36238'/>
		<gasScore value='8368'/>
		<totalScore value='130281'/>
	</player>

	<enemy>
		<race value='Protoss'/>
		<unitScore value='23800'/>
		<unitScore value='23800'/>
		<killScore value='58700'/>
		<buildingScore value='6550'/>
		<razingScore value='0'/>
		<mineralScore value='26806'/>
		<gasScore value='10588'/>
		<totalScore value='126444'/>
	</enemy>

	<scoreRatio value='1.03035'/>
</results>
