<results>
	<result value='win'/>
	<start value='2015-03-30.06:00:34'/>
	<end value='2015-03-30.06:01:28'/>
	<frames value='32552'/>
	<gameDuration value='2034'/>

	<player>
		<unitScore value='20825'/>
		<killScore value='20600'/>
		<buildingScore value='3825'/>
		<razingScore value='15375'/>
		<mineralScore value='29534'/>
		<gasScore value='3664'/>
		<totalScore value='93823'/>
	</player>

	<enemy>
		<race value='Protoss'/>
		<unitScore value='11050'/>
		<unitScore value='11050'/>
		<killScore value='14950'/>
		<buildingScore value='5125'/>
		<razingScore value='450'/>
		<mineralScore value='14362'/>
		<gasScore value='3432'/>
		<totalScore value='49369'/>
	</enemy>

	<scoreRatio value='1.90044'/>
</results>
