<results>
	<result value='win'/>
	<start value='2015-03-30.06:01:33'/>
	<end value='2015-03-30.06:02:37'/>
	<frames value='35311'/>
	<gameDuration value='2206'/>

	<player>
		<unitScore value='21900'/>
		<killScore value='23800'/>
		<buildingScore value='3725'/>
		<razingScore value='19050'/>
		<mineralScore value='28570'/>
		<gasScore value='3512'/>
		<totalScore value='100557'/>
	</player>

	<enemy>
		<race value='Protoss'/>
		<unitScore value='11900'/>
		<unitScore value='11900'/>
		<killScore value='16500'/>
		<buildingScore value='6350'/>
		<razingScore value='150'/>
		<mineralScore value='20210'/>
		<gasScore value='4776'/>
		<totalScore value='59886'/>
	</enemy>

	<scoreRatio value='1.67914'/>
</results>
