<results>
	<result value='loss'/>
	<start value='2015-05-10.01:25:08'/>
	<end value='2015-05-10.01:25:15'/>
	<frames value='13363'/>
	<gameDuration value='835'/>

	<player>
		<unitScore value='2600'/>
		<killScore value='400'/>
		<buildingScore value='1050'/>
		<razingScore value='0'/>
		<mineralScore value='4538'/>
		<gasScore value='792'/>
		<totalScore value='9380'/>
	</player>

	<enemy>
		<race value='Protoss'/>
		<unitScore value='3550'/>
		<unitScore value='3550'/>
		<killScore value='5300'/>
		<buildingScore value='2375'/>
		<razingScore value='3150'/>
		<mineralScore value='6826'/>
		<gasScore value='1176'/>
		<totalScore value='22377'/>
	</enemy>

	<scoreRatio value='0.41918'/>
	<timeFitness value='0.115972'/>
	<unitsAverage value='24'/>
</results>
