<results>
	<result value='win'/>
	<start value='2015-05-10.01:31:33'/>
	<end value='2015-05-10.01:32:15'/>
	<frames value='34722'/>
	<gameDuration value='2170'/>

	<player>
		<unitScore value='22375'/>
		<killScore value='32050'/>
		<buildingScore value='3675'/>
		<razingScore value='19275'/>
		<mineralScore value='31746'/>
		<gasScore value='3776'/>
		<totalScore value='112897'/>
	</player>

	<enemy>
		<race value='Protoss'/>
		<unitScore value='16250'/>
		<unitScore value='16250'/>
		<killScore value='23050'/>
		<buildingScore value='6425'/>
		<razingScore value='0'/>
		<mineralScore value='24038'/>
		<gasScore value='4200'/>
		<totalScore value='73963'/>
	</enemy>

	<scoreRatio value='1.5264'/>
	<timeFitness value='0.698611'/>
	<unitsAverage value='111'/>
</results>
