<results>
	<result value='loss'/>
	<start value='2015-05-10.01:33:23'/>
	<end value='2015-05-10.01:33:31'/>
	<frames value='14572'/>
	<gameDuration value='910'/>

	<player>
		<unitScore value='2750'/>
		<killScore value='1000'/>
		<buildingScore value='1425'/>
		<razingScore value='0'/>
		<mineralScore value='4122'/>
		<gasScore value='600'/>
		<totalScore value='9897'/>
	</player>

	<enemy>
		<race value='Protoss'/>
		<unitScore value='3650'/>
		<unitScore value='3650'/>
		<killScore value='5500'/>
		<buildingScore value='2425'/>
		<razingScore value='4275'/>
		<mineralScore value='7586'/>
		<gasScore value='1240'/>
		<totalScore value='24676'/>
	</enemy>

	<scoreRatio value='0.401078'/>
	<timeFitness value='0.126389'/>
	<unitsAverage value='21'/>
</results>
