<results>
	<result value='loss'/>
	<start value='2015-05-10.01:34:12'/>
	<end value='2015-05-10.01:34:27'/>
	<frames value='28212'/>
	<gameDuration value='1763'/>

	<player>
		<unitScore value='3250'/>
		<killScore value='2600'/>
		<buildingScore value='1125'/>
		<razingScore value='0'/>
		<mineralScore value='4010'/>
		<gasScore value='392'/>
		<totalScore value='11377'/>
	</player>

	<enemy>
		<race value='Protoss'/>
		<unitScore value='12925'/>
		<unitScore value='12925'/>
		<killScore value='6500'/>
		<buildingScore value='6875'/>
		<razingScore value='3225'/>
		<mineralScore value='17570'/>
		<gasScore value='6656'/>
		<totalScore value='53751'/>
	</enemy>

	<scoreRatio value='0.211661'/>
	<timeFitness value='0.244861'/>
	<unitsAverage value='20'/>
</results>
