<results>
	<result value='loss'/>
	<start value='2015-05-07.16:08:41'/>
	<end value='2015-05-07.16:08:51'/>
	<frames value='21609'/>
	<gameDuration value='1350'/>

	<player>
		<unitScore value='3125'/>
		<killScore value='2000'/>
		<buildingScore value='1500'/>
		<razingScore value='0'/>
		<mineralScore value='4682'/>
		<gasScore value='496'/>
		<totalScore value='11803'/>
	</player>

	<enemy>
		<race value='Protoss'/>
		<unitScore value='6000'/>
		<unitScore value='6000'/>
		<killScore value='6250'/>
		<buildingScore value='6125'/>
		<razingScore value='4500'/>
		<mineralScore value='12786'/>
		<gasScore value='2864'/>
		<totalScore value='38525'/>
	</enemy>

	<scoreRatio value='0.306372'/>
	<timeFitness value='0.1875'/>
	<unitsAverage value='17'/>
</results>
