<results>
	<result value='loss'/>
	<start value='2015-05-07.16:23:15'/>
	<end value='2015-05-07.16:23:22'/>
	<frames value='14076'/>
	<gameDuration value='879'/>

	<player>
		<unitScore value='2575'/>
		<killScore value='800'/>
		<buildingScore value='1500'/>
		<razingScore value='0'/>
		<mineralScore value='4186'/>
		<gasScore value='696'/>
		<totalScore value='9757'/>
	</player>

	<enemy>
		<race value='Protoss'/>
		<unitScore value='3550'/>
		<unitScore value='3550'/>
		<killScore value='5050'/>
		<buildingScore value='2375'/>
		<razingScore value='4500'/>
		<mineralScore value='7298'/>
		<gasScore value='1208'/>
		<totalScore value='23981'/>
	</enemy>

	<scoreRatio value='0.406864'/>
	<timeFitness value='0.122083'/>
	<unitsAverage value='21'/>
</results>
