<results>
	<result value='loss'/>
	<start value='2015-04-29.09:53:46'/>
	<end value='2015-04-29.09:53:53'/>
	<frames value='16184'/>
	<gameDuration value='1011'/>

	<player>
		<unitScore value='2625'/>
		<killScore value='1400'/>
		<buildingScore value='1550'/>
		<razingScore value='0'/>
		<mineralScore value='4322'/>
		<gasScore value='848'/>
		<totalScore value='10745'/>
	</player>

	<enemy>
		<race value='Protoss'/>
		<unitScore value='3600'/>
		<unitScore value='3600'/>
		<killScore value='5150'/>
		<buildingScore value='3875'/>
		<razingScore value='4650'/>
		<mineralScore value='8466'/>
		<gasScore value='1680'/>
		<totalScore value='27421'/>
	</enemy>

	<scoreRatio value='0.391853'/>
	<timeFitness value='0.140417'/>
	<unitsAverage value='19'/>
</results>
