<results>
	<result value='win'/>
	<start value='2015-04-29.10:02:02'/>
	<end value='2015-04-29.10:02:24'/>
	<frames value='29793'/>
	<gameDuration value='1862'/>

	<player>
		<unitScore value='16900'/>
		<killScore value='17500'/>
		<buildingScore value='3325'/>
		<razingScore value='13200'/>
		<mineralScore value='23802'/>
		<gasScore value='1864'/>
		<totalScore value='76591'/>
	</player>

	<enemy>
		<race value='Protoss'/>
		<unitScore value='8750'/>
		<unitScore value='8750'/>
		<killScore value='16550'/>
		<buildingScore value='4400'/>
		<razingScore value='0'/>
		<mineralScore value='19762'/>
		<gasScore value='1096'/>
		<totalScore value='50558'/>
	</enemy>

	<scoreRatio value='1.51491'/>
	<timeFitness value='0.741389'/>
	<unitsAverage value='82'/>
</results>
