<results>
	<result value='loss'/>
	<start value='2015-04-26.04:12:46'/>
	<end value='2015-04-26.04:12:55'/>
	<frames value='17176'/>
	<gameDuration value='1073'/>

	<player>
		<unitScore value='3800'/>
		<killScore value='950'/>
		<buildingScore value='1525'/>
		<razingScore value='0'/>
		<mineralScore value='5602'/>
		<gasScore value='840'/>
		<totalScore value='12717'/>
	</player>

	<enemy>
		<race value='Terran'/>
		<unitScore value='5525'/>
		<unitScore value='5525'/>
		<killScore value='7100'/>
		<buildingScore value='1800'/>
		<razingScore value='4575'/>
		<mineralScore value='7914'/>
		<gasScore value='2728'/>
		<totalScore value='29642'/>
	</enemy>

	<scoreRatio value='0.42902'/>
</results>
