<results>
	<result value='win'/>
	<start value='2015-04-26.04:15:51'/>
	<end value='2015-04-26.04:16:14'/>
	<frames value='30909'/>
	<gameDuration value='1931'/>

	<player>
		<unitScore value='11150'/>
		<killScore value='23400'/>
		<buildingScore value='3150'/>
		<razingScore value='9600'/>
		<mineralScore value='14690'/>
		<gasScore value='3032'/>
		<totalScore value='65022'/>
	</player>

	<enemy>
		<race value='Terran'/>
		<unitScore value='12300'/>
		<unitScore value='12300'/>
		<killScore value='12700'/>
		<buildingScore value='3200'/>
		<razingScore value='3375'/>
		<mineralScore value='12050'/>
		<gasScore value='4972'/>
		<totalScore value='48597'/>
	</enemy>

	<scoreRatio value='1.33798'/>
</results>
