<results>
	<result value='win'/>
	<start value='2015-04-26.04:16:54'/>
	<end value='2015-04-26.04:17:26'/>
	<frames value='29111'/>
	<gameDuration value='1819'/>

	<player>
		<unitScore value='17300'/>
		<killScore value='28700'/>
		<buildingScore value='4650'/>
		<razingScore value='9900'/>
		<mineralScore value='24882'/>
		<gasScore value='3168'/>
		<totalScore value='88600'/>
	</player>

	<enemy>
		<race value='Terran'/>
		<unitScore value='14950'/>
		<unitScore value='14950'/>
		<killScore value='9500'/>
		<buildingScore value='3300'/>
		<razingScore value='375'/>
		<mineralScore value='13078'/>
		<gasScore value='5648'/>
		<totalScore value='46851'/>
	</enemy>

	<scoreRatio value='1.8911'/>
</results>
