<results>
	<result value='loss'/>
	<start value='2015-04-26.04:22:30'/>
	<end value='2015-04-26.04:22:44'/>
	<frames value='23717'/>
	<gameDuration value='1482'/>

	<player>
		<unitScore value='4675'/>
		<killScore value='5250'/>
		<buildingScore value='2075'/>
		<razingScore value='0'/>
		<mineralScore value='7218'/>
		<gasScore value='1144'/>
		<totalScore value='20362'/>
	</player>

	<enemy>
		<race value='Terran'/>
		<unitScore value='10000'/>
		<unitScore value='10000'/>
		<killScore value='9350'/>
		<buildingScore value='3850'/>
		<razingScore value='6225'/>
		<mineralScore value='11506'/>
		<gasScore value='5336'/>
		<totalScore value='46267'/>
	</enemy>

	<scoreRatio value='0.440098'/>
</results>
