<results>
	<result value='loss'/>
	<start value='2015-07-18.23:24:41'/>
	<end value='2015-07-18.23:25:20'/>
	<frames value='45634'/>
	<gameDuration value='2852'/>

	<player>
		<unitScore value='16550'/>
		<killScore value='12400'/>
		<buildingScore value='2900'/>
		<razingScore value='300'/>
		<mineralScore value='14290'/>
		<gasScore value='4912'/>
		<totalScore value='51352'/>
	</player>

	<enemy>
		<race value='Protoss'/>
		<unitScore value='13600'/>
		<killScore value='33100'/>
		<buildingScore value='6475'/>
		<razingScore value='8700'/>
		<mineralScore value='29494'/>
		<gasScore value='6422'/>
		<totalScore value='97791'/>
	</enemy>

	<scoreRatio value='0.52512'/>
	<timeFitness value='0.396111'/>
	<unitsAverage value='34'/>
</results>
