<results>
	<result value='loss'/>
	<start value='2015-07-18.23:28:03'/>
	<end value='2015-07-18.23:28:54'/>
	<frames value='37264'/>
	<gameDuration value='2329'/>

	<player>
		<unitScore value='19550'/>
		<killScore value='6400'/>
		<buildingScore value='3525'/>
		<razingScore value='300'/>
		<mineralScore value='26190'/>
		<gasScore value='3696'/>
		<totalScore value='59661'/>
	</player>

	<enemy>
		<race value='Protoss'/>
		<unitScore value='23610'/>
		<killScore value='39100'/>
		<buildingScore value='6950'/>
		<razingScore value='10575'/>
		<mineralScore value='28014'/>
		<gasScore value='9206'/>
		<totalScore value='117455'/>
	</enemy>

	<scoreRatio value='0.507948'/>
	<timeFitness value='0.323472'/>
	<unitsAverage value='72'/>
</results>
