<results>
	<result value='loss'/>
	<start value='2015-07-18.23:37:55'/>
	<end value='2015-07-18.23:38:24'/>
	<frames value='31405'/>
	<gameDuration value='1962'/>

	<player>
		<unitScore value='14650'/>
		<killScore value='3900'/>
		<buildingScore value='3400'/>
		<razingScore value='0'/>
		<mineralScore value='15466'/>
		<gasScore value='2424'/>
		<totalScore value='39840'/>
	</player>

	<enemy>
		<race value='Protoss'/>
		<unitScore value='14950'/>
		<killScore value='29300'/>
		<buildingScore value='6125'/>
		<razingScore value='10200'/>
		<mineralScore value='20034'/>
		<gasScore value='6992'/>
		<totalScore value='87601'/>
	</enemy>

	<scoreRatio value='0.454789'/>
	<timeFitness value='0.2725'/>
	<unitsAverage value='45'/>
</results>
