<results>
	<result value='loss'/>
	<start value='2015-04-29.18:46:50'/>
	<end value='2015-04-29.18:47:27'/>
	<frames value='43278'/>
	<gameDuration value='2704'/>

	<player>
		<unitScore value='12500'/>
		<killScore value='31690'/>
		<buildingScore value='1500'/>
		<razingScore value='3795'/>
		<mineralScore value='12082'/>
		<gasScore value='3824'/>
		<totalScore value='65391'/>
	</player>

	<enemy>
		<race value='Zerg'/>
		<unitScore value='23100'/>
		<unitScore value='23100'/>
		<killScore value='25000'/>
		<buildingScore value='5225'/>
		<razingScore value='4500'/>
		<mineralScore value='24230'/>
		<gasScore value='6656'/>
		<totalScore value='88711'/>
	</enemy>

	<scoreRatio value='0.737124'/>
	<timeFitness value='0.375556'/>
	<unitsAverage value='46'/>
</results>
