<results>
	<result value='loss'/>
	<start value='2015-07-19.05:50:22'/>
	<end value='2015-07-19.05:52:01'/>
	<frames value='51214'/>
	<gameDuration value='3200'/>

	<player>
		<unitScore value='34600'/>
		<killScore value='30750'/>
		<buildingScore value='4400'/>
		<razingScore value='4200'/>
		<mineralScore value='31614'/>
		<gasScore value='4752'/>
		<totalScore value='110316'/>
	</player>

	<enemy>
		<race value='Protoss'/>
		<unitScore value='28475'/>
		<killScore value='60950'/>
		<buildingScore value='6775'/>
		<razingScore value='13200'/>
		<mineralScore value='27602'/>
		<gasScore value='8814'/>
		<totalScore value='145816'/>
	</enemy>

	<scoreRatio value='0.756543'/>
	<timeFitness value='0.444444'/>
	<unitsAverage value='104'/>
</results>
