<results>
	<result value='win'/>
	<start value='2015-04-29.14:26:21'/>
	<end value='2015-04-29.14:27:00'/>
	<frames value='27747'/>
	<gameDuration value='1734'/>

	<player>
		<unitScore value='18175'/>
		<killScore value='26855'/>
		<buildingScore value='4350'/>
		<razingScore value='6060'/>
		<mineralScore value='24634'/>
		<gasScore value='2744'/>
		<totalScore value='82818'/>
	</player>

	<enemy>
		<race value='Zerg'/>
		<unitScore value='11775'/>
		<unitScore value='11775'/>
		<killScore value='15300'/>
		<buildingScore value='2020'/>
		<razingScore value='0'/>
		<mineralScore value='11162'/>
		<gasScore value='3352'/>
		<totalScore value='43609'/>
	</enemy>

	<scoreRatio value='1.8991'/>
</results>
