<results>
	<result value='win'/>
	<start value='2015-04-29.14:33:25'/>
	<end value='2015-04-29.14:33:58'/>
	<frames value='23593'/>
	<gameDuration value='1474'/>

	<player>
		<unitScore value='14525'/>
		<killScore value='19935'/>
		<buildingScore value='3925'/>
		<razingScore value='5700'/>
		<mineralScore value='20478'/>
		<gasScore value='1488'/>
		<totalScore value='66051'/>
	</player>

	<enemy>
		<race value='Zerg'/>
		<unitScore value='9800'/>
		<unitScore value='9800'/>
		<killScore value='9900'/>
		<buildingScore value='1900'/>
		<razingScore value='0'/>
		<mineralScore value='9498'/>
		<gasScore value='3144'/>
		<totalScore value='34242'/>
	</enemy>

	<scoreRatio value='1.92895'/>
</results>
