<results>
	<result value='win'/>
	<start value='2015-04-29.14:35:46'/>
	<end value='2015-04-29.14:36:25'/>
	<frames value='27127'/>
	<gameDuration value='1695'/>

	<player>
		<unitScore value='18450'/>
		<killScore value='23120'/>
		<buildingScore value='3250'/>
		<razingScore value='7050'/>
		<mineralScore value='21994'/>
		<gasScore value='2552'/>
		<totalScore value='76416'/>
	</player>

	<enemy>
		<race value='Zerg'/>
		<unitScore value='10500'/>
		<unitScore value='10500'/>
		<killScore value='18400'/>
		<buildingScore value='2350'/>
		<razingScore value='150'/>
		<mineralScore value='10754'/>
		<gasScore value='3408'/>
		<totalScore value='45562'/>
	</enemy>

	<scoreRatio value='1.67719'/>
</results>
