<results>
	<result value='win'/>
	<start value='2015-04-29.14:36:29'/>
	<end value='2015-04-29.14:36:56'/>
	<frames value='23035'/>
	<gameDuration value='1439'/>

	<player>
		<unitScore value='11900'/>
		<killScore value='16950'/>
		<buildingScore value='3350'/>
		<razingScore value='5580'/>
		<mineralScore value='16474'/>
		<gasScore value='1448'/>
		<totalScore value='55702'/>
	</player>

	<enemy>
		<race value='Zerg'/>
		<unitScore value='8075'/>
		<unitScore value='8075'/>
		<killScore value='9900'/>
		<buildingScore value='1860'/>
		<razingScore value='0'/>
		<mineralScore value='8290'/>
		<gasScore value='2432'/>
		<totalScore value='30557'/>
	</enemy>

	<scoreRatio value='1.82289'/>
</results>
