<results>
	<result value='loss'/>
	<start value='2015-04-17.03:49:54'/>
	<end value='2015-04-17.03:50:09'/>
	<frames value='16928'/>
	<gameDuration value='1058'/>

	<player>
		<unitScore value='3500'/>
		<killScore value='800'/>
		<buildingScore value='1550'/>
		<razingScore value='0'/>
		<mineralScore value='5258'/>
		<gasScore value='600'/>
		<totalScore value='11708'/>
	</player>

	<enemy>
		<race value='Protoss'/>
		<unitScore value='3875'/>
		<unitScore value='3875'/>
		<killScore value='7000'/>
		<buildingScore value='3975'/>
		<razingScore value='4650'/>
		<mineralScore value='9122'/>
		<gasScore value='1784'/>
		<totalScore value='30406'/>
	</enemy>

	<scoreRatio value='0.385056'/>
</results>
