<results>
	<result value='win'/>
	<start value='2014-07-22.19:01:26'/>
	<end value='2014-07-22.19:02:07'/>
	<frames value='31932'/>
	<gameDuration value='1995'/>

	<player>
		<unitScore value='18675'/>
		<killScore value='30650'/>
		<buildingScore value='4150'/>
		<razingScore value='11100'/>
		<mineralScore value='32562'/>
		<gasScore value='3168'/>
		<totalScore value='100305'/>
	</player>

	<enemy>
		<race value='Terran'/>
		<unitScore value='16925'/>
		<unitScore value='16925'/>
		<killScore value='14350'/>
		<buildingScore value='3700'/>
		<razingScore value='1200'/>
		<mineralScore value='15094'/>
		<gasScore value='7158'/>
		<totalScore value='58427'/>
	</enemy>

	<scoreRatio value='1.71676'/>
</results>
