<results>
	<result value='win'/>
	<start value='2014-07-22.19:04:27'/>
	<end value='2014-07-22.19:04:39'/>
	<frames value='18881'/>
	<gameDuration value='1180'/>

	<player>
		<unitScore value='6025'/>
		<killScore value='10600'/>
		<buildingScore value='2325'/>
		<razingScore value='4125'/>
		<mineralScore value='8922'/>
		<gasScore value='1112'/>
		<totalScore value='33109'/>
	</player>

	<enemy>
		<race value='Terran'/>
		<unitScore value='5300'/>
		<unitScore value='5300'/>
		<killScore value='3450'/>
		<buildingScore value='1450'/>
		<razingScore value='1200'/>
		<mineralScore value='7594'/>
		<gasScore value='1824'/>
		<totalScore value='20818'/>
	</enemy>

	<scoreRatio value='1.5904'/>
</results>
