<results>
	<result value='loss'/>
	<start value='2015-04-10.18:24:54'/>
	<end value='2015-04-10.18:25:44'/>
	<frames value='49075'/>
	<gameDuration value='3067'/>

	<player>
		<unitScore value='25625'/>
		<killScore value='47100'/>
		<buildingScore value='2975'/>
		<razingScore value='0'/>
		<mineralScore value='27102'/>
		<gasScore value='5816'/>
		<totalScore value='108618'/>
	</player>

	<enemy>
		<race value='Protoss'/>
		<unitScore value='37575'/>
		<unitScore value='37575'/>
		<killScore value='51350'/>
		<buildingScore value='6975'/>
		<razingScore value='8925'/>
		<mineralScore value='31598'/>
		<gasScore value='11360'/>
		<totalScore value='147783'/>
	</enemy>

	<scoreRatio value='0.734983'/>
</results>
