<results>
	<result value='loss'/>
	<start value='2015-07-14.03:40:18'/>
	<end value='2015-07-14.03:40:26'/>
	<frames value='16308'/>
	<gameDuration value='1019'/>

	<player>
		<unitScore value='4075'/>
		<killScore value='400'/>
		<buildingScore value='1400'/>
		<razingScore value='0'/>
		<mineralScore value='5426'/>
		<gasScore value='760'/>
		<totalScore value='12061'/>
	</player>

	<enemy>
		<race value='Protoss'/>
		<unitScore value='3600'/>
		<killScore value='8150'/>
		<buildingScore value='3525'/>
		<razingScore value='4200'/>
		<mineralScore value='8322'/>
		<gasScore value='1624'/>
		<totalScore value='29421'/>
	</enemy>

	<scoreRatio value='0.409945'/>
	<timeFitness value='0.141528'/>
	<unitsAverage value='25'/>
</results>
