<results>
	<result value='draw'/>
	<start value='2015-07-18.01:53:43'/>
	<end value='2015-07-18.01:56:21'/>
	<frames value='57601'/>
	<gameDuration value='3600'/>

	<player>
		<unitScore value='22850'/>
		<killScore value='13500'/>
		<buildingScore value='5075'/>
		<razingScore value='0'/>
		<mineralScore value='24122'/>
		<gasScore value='3864'/>
		<totalScore value='69411'/>
	</player>

	<enemy>
		<race value='Terran'/>
		<unitScore value='10050'/>
		<killScore value='37050'/>
		<buildingScore value='2775'/>
		<razingScore value='8325'/>
		<mineralScore value='24050'/>
		<gasScore value='2992'/>
		<totalScore value='85242'/>
	</enemy>

	<scoreRatio value='0.814282'/>
	<timeFitness value='0.5'/>
	<unitsAverage value='80'/>
</results>
