<results>
	<result value='loss'/>
	<start value='2015-05-09.11:53:39'/>
	<end value='2015-05-09.11:54:00'/>
	<frames value='31591'/>
	<gameDuration value='1974'/>

	<player>
		<unitScore value='9525'/>
		<killScore value='19100'/>
		<buildingScore value='2550'/>
		<razingScore value='0'/>
		<mineralScore value='12710'/>
		<gasScore value='1656'/>
		<totalScore value='45541'/>
	</player>

	<enemy>
		<race value='Zerg'/>
		<unitScore value='15125'/>
		<unitScore value='15125'/>
		<killScore value='19050'/>
		<buildingScore value='3400'/>
		<razingScore value='7650'/>
		<mineralScore value='15778'/>
		<gasScore value='4944'/>
		<totalScore value='65947'/>
	</enemy>

	<scoreRatio value='0.69057'/>
	<timeFitness value='0.274167'/>
	<unitsAverage value='36'/>
</results>
