<results>
	<result value='win'/>
	<start value='2015-05-09.11:59:20'/>
	<end value='2015-05-09.11:59:42'/>
	<frames value='24151'/>
	<gameDuration value='1509'/>

	<player>
		<unitScore value='12225'/>
		<killScore value='20200'/>
		<buildingScore value='3175'/>
		<razingScore value='5820'/>
		<mineralScore value='17070'/>
		<gasScore value='2288'/>
		<totalScore value='60778'/>
	</player>

	<enemy>
		<race value='Zerg'/>
		<unitScore value='8925'/>
		<unitScore value='8925'/>
		<killScore value='10850'/>
		<buildingScore value='1940'/>
		<razingScore value='150'/>
		<mineralScore value='9466'/>
		<gasScore value='2768'/>
		<totalScore value='34099'/>
	</enemy>

	<scoreRatio value='1.7824'/>
	<timeFitness value='0.790417'/>
	<unitsAverage value='69'/>
</results>
