<results>
	<result value='win'/>
	<start value='2015-05-09.12:06:54'/>
	<end value='2015-05-09.12:07:17'/>
	<frames value='26848'/>
	<gameDuration value='1678'/>

	<player>
		<unitScore value='15475'/>
		<killScore value='21370'/>
		<buildingScore value='2925'/>
		<razingScore value='4635'/>
		<mineralScore value='18562'/>
		<gasScore value='1904'/>
		<totalScore value='64871'/>
	</player>

	<enemy>
		<race value='Zerg'/>
		<unitScore value='9700'/>
		<unitScore value='9700'/>
		<killScore value='16250'/>
		<buildingScore value='1545'/>
		<razingScore value='0'/>
		<mineralScore value='8762'/>
		<gasScore value='2512'/>
		<totalScore value='38769'/>
	</enemy>

	<scoreRatio value='1.67327'/>
	<timeFitness value='0.766944'/>
	<unitsAverage value='71'/>
</results>
