<results>
	<result value='win'/>
	<start value='2015-05-09.12:03:39'/>
	<end value='2015-05-09.12:05:38'/>
	<frames value='50594'/>
	<gameDuration value='3162'/>

	<player>
		<unitScore value='17525'/>
		<killScore value='17220'/>
		<buildingScore value='5025'/>
		<razingScore value='6480'/>
		<mineralScore value='42174'/>
		<gasScore value='5216'/>
		<totalScore value='93640'/>
	</player>

	<enemy>
		<race value='Zerg'/>
		<unitScore value='7725'/>
		<unitScore value='7725'/>
		<killScore value='11600'/>
		<buildingScore value='2160'/>
		<razingScore value='0'/>
		<mineralScore value='8802'/>
		<gasScore value='2680'/>
		<totalScore value='32967'/>
	</enemy>

	<scoreRatio value='2.84042'/>
	<timeFitness value='0.560833'/>
	<unitsAverage value='166'/>
</results>
