<results>
	<result value='win'/>
	<start value='2015-05-09.12:12:02'/>
	<end value='2015-05-09.12:12:29'/>
	<frames value='27716'/>
	<gameDuration value='1732'/>

	<player>
		<unitScore value='16275'/>
		<killScore value='29620'/>
		<buildingScore value='3175'/>
		<razingScore value='5040'/>
		<mineralScore value='22914'/>
		<gasScore value='2584'/>
		<totalScore value='79608'/>
	</player>

	<enemy>
		<race value='Zerg'/>
		<unitScore value='13150'/>
		<unitScore value='13150'/>
		<killScore value='16150'/>
		<buildingScore value='1680'/>
		<razingScore value='0'/>
		<mineralScore value='11734'/>
		<gasScore value='3528'/>
		<totalScore value='46242'/>
	</enemy>

	<scoreRatio value='1.72155'/>
	<timeFitness value='0.759444'/>
	<unitsAverage value='80'/>
</results>
