<results>
	<result value='loss'/>
	<start value='2015-05-11.01:46:51'/>
	<end value='2015-05-11.01:47:04'/>
	<frames value='19129'/>
	<gameDuration value='1195'/>

	<player>
		<unitScore value='4575'/>
		<killScore value='2600'/>
		<buildingScore value='2000'/>
		<razingScore value='0'/>
		<mineralScore value='6402'/>
		<gasScore value='816'/>
		<totalScore value='16393'/>
	</player>

	<enemy>
		<race value='Terran'/>
		<unitScore value='7450'/>
		<unitScore value='7450'/>
		<killScore value='9150'/>
		<buildingScore value='2850'/>
		<razingScore value='6000'/>
		<mineralScore value='8842'/>
		<gasScore value='3344'/>
		<totalScore value='37636'/>
	</enemy>

	<scoreRatio value='0.435567'/>
	<timeFitness value='0.165972'/>
	<unitsAverage value='27'/>
</results>
