<results>
	<result value='draw'/>
	<start value='2015-05-11.01:49:20'/>
	<end value='2015-05-11.01:50:36'/>
	<frames value='57601'/>
	<gameDuration value='3600'/>

	<player>
		<unitScore value='29950'/>
		<killScore value='35700'/>
		<buildingScore value='3950'/>
		<razingScore value='0'/>
		<mineralScore value='32006'/>
		<gasScore value='6144'/>
		<totalScore value='107750'/>
	</player>

	<enemy>
		<race value='Terran'/>
		<unitScore value='29300'/>
		<unitScore value='29300'/>
		<killScore value='54700'/>
		<buildingScore value='4050'/>
		<razingScore value='4125'/>
		<mineralScore value='19550'/>
		<gasScore value='12198'/>
		<totalScore value='123923'/>
	</enemy>

	<scoreRatio value='0.869492'/>
	<timeFitness value='0.5'/>
	<unitsAverage value='94'/>
</results>
