<results>
	<result value='loss'/>
	<start value='2015-05-11.01:57:31'/>
	<end value='2015-05-11.01:57:44'/>
	<frames value='18540'/>
	<gameDuration value='1158'/>

	<player>
		<unitScore value='3500'/>
		<killScore value='1600'/>
		<buildingScore value='2000'/>
		<razingScore value='0'/>
		<mineralScore value='5642'/>
		<gasScore value='736'/>
		<totalScore value='13478'/>
	</player>

	<enemy>
		<race value='Terran'/>
		<unitScore value='7400'/>
		<unitScore value='7400'/>
		<killScore value='7000'/>
		<buildingScore value='2850'/>
		<razingScore value='6000'/>
		<mineralScore value='8506'/>
		<gasScore value='3072'/>
		<totalScore value='34828'/>
	</enemy>

	<scoreRatio value='0.386987'/>
	<timeFitness value='0.160833'/>
	<unitsAverage value='25'/>
</results>
