<results>
	<result value='loss'/>
	<start value='2015-05-11.02:36:05'/>
	<end value='2015-05-11.02:37:05'/>
	<frames value='51803'/>
	<gameDuration value='3237'/>

	<player>
		<unitScore value='22800'/>
		<killScore value='33800'/>
		<buildingScore value='2475'/>
		<razingScore value='150'/>
		<mineralScore value='24026'/>
		<gasScore value='5316'/>
		<totalScore value='88567'/>
	</player>

	<enemy>
		<race value='Terran'/>
		<unitScore value='39650'/>
		<unitScore value='39650'/>
		<killScore value='45600'/>
		<buildingScore value='4925'/>
		<razingScore value='7425'/>
		<mineralScore value='26626'/>
		<gasScore value='16264'/>
		<totalScore value='140490'/>
	</enemy>

	<scoreRatio value='0.630415'/>
	<timeFitness value='0.449583'/>
	<unitsAverage value='76'/>
</results>
