<results>
	<result value='win'/>
	<start value='2015-04-17.01:47:05'/>
	<end value='2015-04-17.01:47:51'/>
	<frames value='25577'/>
	<gameDuration value='1598'/>

	<player>
		<unitScore value='15825'/>
		<killScore value='13800'/>
		<buildingScore value='4025'/>
		<razingScore value='12975'/>
		<mineralScore value='24590'/>
		<gasScore value='2464'/>
		<totalScore value='73679'/>
	</player>

	<enemy>
		<race value='Protoss'/>
		<unitScore value='6950'/>
		<unitScore value='6950'/>
		<killScore value='11150'/>
		<buildingScore value='4325'/>
		<razingScore value='0'/>
		<mineralScore value='15354'/>
		<gasScore value='1864'/>
		<totalScore value='39643'/>
	</enemy>

	<scoreRatio value='1.85856'/>
</results>
