<results>
	<result value='loss'/>
	<start value='2015-05-04.00:01:58'/>
	<end value='2015-05-04.00:03:01'/>
	<frames value='55864'/>
	<gameDuration value='3491'/>

	<player>
		<unitScore value='30150'/>
		<killScore value='51180'/>
		<buildingScore value='3075'/>
		<razingScore value='2955'/>
		<mineralScore value='31622'/>
		<gasScore value='2248'/>
		<totalScore value='121230'/>
	</player>

	<enemy>
		<race value='Zerg'/>
		<unitScore value='32300'/>
		<unitScore value='32300'/>
		<killScore value='60300'/>
		<buildingScore value='3150'/>
		<razingScore value='9225'/>
		<mineralScore value='24870'/>
		<gasScore value='9750'/>
		<totalScore value='139595'/>
	</enemy>

	<scoreRatio value='0.868441'/>
	<timeFitness value='0.484861'/>
	<unitsAverage value='88'/>
</results>
