<results>
	<result value='win'/>
	<start value='2015-05-10.22:04:12'/>
	<end value='2015-05-10.22:04:45'/>
	<frames value='28832'/>
	<gameDuration value='1802'/>

	<player>
		<unitScore value='19725'/>
		<killScore value='29235'/>
		<buildingScore value='4025'/>
		<razingScore value='6720'/>
		<mineralScore value='26018'/>
		<gasScore value='1960'/>
		<totalScore value='87683'/>
	</player>

	<enemy>
		<race value='Zerg'/>
		<unitScore value='13725'/>
		<unitScore value='13725'/>
		<killScore value='15400'/>
		<buildingScore value='2240'/>
		<razingScore value='0'/>
		<mineralScore value='13754'/>
		<gasScore value='4696'/>
		<totalScore value='49815'/>
	</enemy>

	<scoreRatio value='1.76017'/>
	<timeFitness value='0.749722'/>
	<unitsAverage value='108'/>
</results>
