<results>
	<result value='loss'/>
	<start value='2015-04-28.01:43:05'/>
	<end value='2015-04-28.01:43:43'/>
	<frames value='46874'/>
	<gameDuration value='2929'/>

	<player>
		<unitScore value='20825'/>
		<killScore value='22150'/>
		<buildingScore value='3250'/>
		<razingScore value='225'/>
		<mineralScore value='24270'/>
		<gasScore value='3360'/>
		<totalScore value='74080'/>
	</player>

	<enemy>
		<race value='Terran'/>
		<unitScore value='31800'/>
		<unitScore value='31800'/>
		<killScore value='41650'/>
		<buildingScore value='4750'/>
		<razingScore value='9750'/>
		<mineralScore value='22458'/>
		<gasScore value='14014'/>
		<totalScore value='124422'/>
	</enemy>

	<scoreRatio value='0.595393'/>
</results>
