<results>
	<result value='loss'/>
	<start value='2015-04-28.01:48:32'/>
	<end value='2015-04-28.01:48:45'/>
	<frames value='21423'/>
	<gameDuration value='1338'/>

	<player>
		<unitScore value='6100'/>
		<killScore value='2600'/>
		<buildingScore value='1750'/>
		<razingScore value='0'/>
		<mineralScore value='8554'/>
		<gasScore value='1384'/>
		<totalScore value='20388'/>
	</player>

	<enemy>
		<race value='Terran'/>
		<unitScore value='7150'/>
		<unitScore value='7150'/>
		<killScore value='12200'/>
		<buildingScore value='2650'/>
		<razingScore value='5250'/>
		<mineralScore value='10010'/>
		<gasScore value='3624'/>
		<totalScore value='40884'/>
	</enemy>

	<scoreRatio value='0.498679'/>
</results>
