<results>
	<result value='win'/>
	<start value='2015-04-28.02:30:46'/>
	<end value='2015-04-28.02:31:04'/>
	<frames value='25112'/>
	<gameDuration value='1569'/>

	<player>
		<unitScore value='10450'/>
		<killScore value='17050'/>
		<buildingScore value='3000'/>
		<razingScore value='7350'/>
		<mineralScore value='13586'/>
		<gasScore value='2440'/>
		<totalScore value='53876'/>
	</player>

	<enemy>
		<race value='Terran'/>
		<unitScore value='8925'/>
		<unitScore value='8925'/>
		<killScore value='9950'/>
		<buildingScore value='2450'/>
		<razingScore value='3075'/>
		<mineralScore value='9674'/>
		<gasScore value='3392'/>
		<totalScore value='37466'/>
	</enemy>

	<scoreRatio value='1.438'/>
</results>
