<results>
	<result value='win'/>
	<start value='2015-04-28.02:35:13'/>
	<end value='2015-04-28.02:35:33'/>
	<frames value='23531'/>
	<gameDuration value='1470'/>

	<player>
		<unitScore value='12250'/>
		<killScore value='22100'/>
		<buildingScore value='3525'/>
		<razingScore value='7050'/>
		<mineralScore value='18322'/>
		<gasScore value='2504'/>
		<totalScore value='65751'/>
	</player>

	<enemy>
		<race value='Terran'/>
		<unitScore value='11050'/>
		<unitScore value='11050'/>
		<killScore value='7350'/>
		<buildingScore value='2350'/>
		<razingScore value='450'/>
		<mineralScore value='10130'/>
		<gasScore value='3224'/>
		<totalScore value='34554'/>
	</enemy>

	<scoreRatio value='1.90285'/>
</results>
