<results>
	<result value='loss'/>
	<start value='2015-04-29.13:29:31'/>
	<end value='2015-04-29.13:29:47'/>
	<frames value='21857'/>
	<gameDuration value='1366'/>

	<player>
		<unitScore value='7600'/>
		<killScore value='3550'/>
		<buildingScore value='1850'/>
		<razingScore value='0'/>
		<mineralScore value='9866'/>
		<gasScore value='1328'/>
		<totalScore value='24194'/>
	</player>

	<enemy>
		<race value='Terran'/>
		<unitScore value='8325'/>
		<unitScore value='8325'/>
		<killScore value='15200'/>
		<buildingScore value='3300'/>
		<razingScore value='5550'/>
		<mineralScore value='10722'/>
		<gasScore value='4144'/>
		<totalScore value='47241'/>
	</enemy>

	<scoreRatio value='0.51214'/>
	<timeFitness value='0.189722'/>
	<unitsAverage value='42'/>
</results>
