<results>
	<result value='loss'/>
	<start value='2015-04-29.13:44:28'/>
	<end value='2015-04-29.13:44:41'/>
	<frames value='19191'/>
	<gameDuration value='1199'/>

	<player>
		<unitScore value='4425'/>
		<killScore value='3500'/>
		<buildingScore value='1925'/>
		<razingScore value='0'/>
		<mineralScore value='6298'/>
		<gasScore value='968'/>
		<totalScore value='17116'/>
	</player>

	<enemy>
		<race value='Terran'/>
		<unitScore value='7775'/>
		<unitScore value='7775'/>
		<killScore value='8850'/>
		<buildingScore value='2900'/>
		<razingScore value='5775'/>
		<mineralScore value='8986'/>
		<gasScore value='3440'/>
		<totalScore value='37726'/>
	</enemy>

	<scoreRatio value='0.453692'/>
	<timeFitness value='0.166528'/>
	<unitsAverage value='27'/>
</results>
