<results>
	<result value='win'/>
	<start value='2015-04-29.18:06:43'/>
	<end value='2015-04-29.18:07:36'/>
	<frames value='31219'/>
	<gameDuration value='1951'/>

	<player>
		<unitScore value='16750'/>
		<killScore value='17150'/>
		<buildingScore value='3175'/>
		<razingScore value='21675'/>
		<mineralScore value='21162'/>
		<gasScore value='2920'/>
		<totalScore value='82832'/>
	</player>

	<enemy>
		<race value='Protoss'/>
		<unitScore value='9025'/>
		<unitScore value='9025'/>
		<killScore value='12550'/>
		<buildingScore value='7225'/>
		<razingScore value='150'/>
		<mineralScore value='17790'/>
		<gasScore value='5120'/>
		<totalScore value='51860'/>
	</enemy>

	<scoreRatio value='1.59722'/>
	<timeFitness value='0.729028'/>
	<unitsAverage value='85'/>
</results>
