<results>
	<result value='loss'/>
	<start value='2015-05-06.00:01:40'/>
	<end value='2015-05-06.00:01:50'/>
	<frames value='18354'/>
	<gameDuration value='1147'/>

	<player>
		<unitScore value='3825'/>
		<killScore value='2000'/>
		<buildingScore value='1550'/>
		<razingScore value='0'/>
		<mineralScore value='5378'/>
		<gasScore value='624'/>
		<totalScore value='13377'/>
	</player>

	<enemy>
		<race value='Protoss'/>
		<unitScore value='3850'/>
		<unitScore value='3850'/>
		<killScore value='7650'/>
		<buildingScore value='4325'/>
		<razingScore value='4650'/>
		<mineralScore value='10146'/>
		<gasScore value='1648'/>
		<totalScore value='32269'/>
	</enemy>

	<scoreRatio value='0.414546'/>
	<timeFitness value='0.159306'/>
	<unitsAverage value='23'/>
</results>
