<results>
	<result value='loss'/>
	<start value='2015-05-06.00:19:03'/>
	<end value='2015-05-06.00:19:16'/>
	<frames value='21175'/>
	<gameDuration value='1323'/>

	<player>
		<unitScore value='6550'/>
		<killScore value='3100'/>
		<buildingScore value='2150'/>
		<razingScore value='0'/>
		<mineralScore value='8938'/>
		<gasScore value='1440'/>
		<totalScore value='22178'/>
	</player>

	<enemy>
		<race value='Protoss'/>
		<unitScore value='7525'/>
		<unitScore value='7525'/>
		<killScore value='13100'/>
		<buildingScore value='4575'/>
		<razingScore value='6450'/>
		<mineralScore value='11130'/>
		<gasScore value='3504'/>
		<totalScore value='46284'/>
	</enemy>

	<scoreRatio value='0.479172'/>
	<timeFitness value='0.18375'/>
	<unitsAverage value='36'/>
</results>
