<results>
	<result value='loss'/>
	<start value='2015-05-06.00:17:27'/>
	<end value='2015-05-06.00:18:42'/>
	<frames value='55957'/>
	<gameDuration value='3497'/>

	<player>
		<unitScore value='31550'/>
		<killScore value='57100'/>
		<buildingScore value='3500'/>
		<razingScore value='450'/>
		<mineralScore value='31510'/>
		<gasScore value='7128'/>
		<totalScore value='131238'/>
	</player>

	<enemy>
		<race value='Protoss'/>
		<unitScore value='39850'/>
		<unitScore value='39850'/>
		<killScore value='63400'/>
		<buildingScore value='6275'/>
		<razingScore value='10500'/>
		<mineralScore value='31550'/>
		<gasScore value='11976'/>
		<totalScore value='163551'/>
	</enemy>

	<scoreRatio value='0.802429'/>
	<timeFitness value='0.485694'/>
	<unitsAverage value='104'/>
</results>
