<results>
	<result value='loss'/>
	<start value='2015-05-06.00:21:56'/>
	<end value='2015-05-06.00:22:27'/>
	<frames value='40333'/>
	<gameDuration value='2520'/>

	<player>
		<unitScore value='14050'/>
		<killScore value='14350'/>
		<buildingScore value='2625'/>
		<razingScore value='900'/>
		<mineralScore value='18410'/>
		<gasScore value='1392'/>
		<totalScore value='51727'/>
	</player>

	<enemy>
		<race value='Protoss'/>
		<unitScore value='24750'/>
		<unitScore value='24750'/>
		<killScore value='28100'/>
		<buildingScore value='8025'/>
		<razingScore value='7875'/>
		<mineralScore value='26298'/>
		<gasScore value='9222'/>
		<totalScore value='104270'/>
	</enemy>

	<scoreRatio value='0.496087'/>
	<timeFitness value='0.35'/>
	<unitsAverage value='52'/>
</results>
