<results>
	<result value='win'/>
	<start value='2015-05-06.00:23:17'/>
	<end value='2015-05-06.00:23:41'/>
	<frames value='25267'/>
	<gameDuration value='1579'/>

	<player>
		<unitScore value='12350'/>
		<killScore value='17700'/>
		<buildingScore value='4350'/>
		<razingScore value='10425'/>
		<mineralScore value='21338'/>
		<gasScore value='2672'/>
		<totalScore value='68835'/>
	</player>

	<enemy>
		<race value='Protoss'/>
		<unitScore value='9900'/>
		<unitScore value='9900'/>
		<killScore value='6150'/>
		<buildingScore value='3475'/>
		<razingScore value='300'/>
		<mineralScore value='9514'/>
		<gasScore value='2552'/>
		<totalScore value='31891'/>
	</enemy>

	<scoreRatio value='2.15845'/>
	<timeFitness value='0.780694'/>
	<unitsAverage value='77'/>
</results>
