<results>
	<result value='loss'/>
	<start value='2015-04-29.15:42:52'/>
	<end value='2015-04-29.15:43:17'/>
	<frames value='32583'/>
	<gameDuration value='2036'/>

	<player>
		<unitScore value='12900'/>
		<killScore value='9200'/>
		<buildingScore value='2125'/>
		<razingScore value='900'/>
		<mineralScore value='14394'/>
		<gasScore value='2040'/>
		<totalScore value='41559'/>
	</player>

	<enemy>
		<race value='Protoss'/>
		<unitScore value='18550'/>
		<unitScore value='18550'/>
		<killScore value='25800'/>
		<buildingScore value='6725'/>
		<razingScore value='6375'/>
		<mineralScore value='21666'/>
		<gasScore value='7272'/>
		<totalScore value='86388'/>
	</enemy>

	<scoreRatio value='0.481074'/>
</results>
