<results>
	<result value='draw'/>
	<start value='2015-07-14.14:00:13'/>
	<end value='2015-07-14.14:01:54'/>
	<frames value='57601'/>
	<gameDuration value='3600'/>

	<player>
		<unitScore value='40475'/>
		<killScore value='32150'/>
		<buildingScore value='3500'/>
		<razingScore value='3525'/>
		<mineralScore value='31558'/>
		<gasScore value='7920'/>
		<totalScore value='119128'/>
	</player>

	<enemy>
		<race value='Protoss'/>
		<unitScore value='34625'/>
		<killScore value='70000'/>
		<buildingScore value='7450'/>
		<razingScore value='3675'/>
		<mineralScore value='31366'/>
		<gasScore value='10628'/>
		<totalScore value='157744'/>
	</enemy>

	<scoreRatio value='0.755198'/>
	<timeFitness value='0.5'/>
	<unitsAverage value='112'/>
</results>
