<results>
	<result value='loss'/>
	<start value='2015-07-14.14:06:23'/>
	<end value='2015-07-14.14:06:48'/>
	<frames value='31529'/>
	<gameDuration value='1970'/>

	<player>
		<unitScore value='14125'/>
		<killScore value='4800'/>
		<buildingScore value='2375'/>
		<razingScore value='450'/>
		<mineralScore value='17570'/>
		<gasScore value='2000'/>
		<totalScore value='41320'/>
	</player>

	<enemy>
		<race value='Protoss'/>
		<unitScore value='16750'/>
		<killScore value='28250'/>
		<buildingScore value='7200'/>
		<razingScore value='7125'/>
		<mineralScore value='20202'/>
		<gasScore value='8016'/>
		<totalScore value='87543'/>
	</enemy>

	<scoreRatio value='0.471997'/>
	<timeFitness value='0.273611'/>
	<unitsAverage value='52'/>
</results>
