<results>
	<result value='draw'/>
	<start value='2015-07-14.02:52:33'/>
	<end value='2015-07-14.02:53:49'/>
	<frames value='57601'/>
	<gameDuration value='3600'/>

	<player>
		<unitScore value='27425'/>
		<killScore value='11500'/>
		<buildingScore value='3725'/>
		<razingScore value='0'/>
		<mineralScore value='34566'/>
		<gasScore value='6558'/>
		<totalScore value='83774'/>
	</player>

	<enemy>
		<race value='Protoss'/>
		<unitScore value='29040'/>
		<killScore value='29150'/>
		<buildingScore value='7625'/>
		<razingScore value='5550'/>
		<mineralScore value='28402'/>
		<gasScore value='11358'/>
		<totalScore value='111125'/>
	</enemy>

	<scoreRatio value='0.753872'/>
	<timeFitness value='0.5'/>
	<unitsAverage value='116'/>
</results>
