<results>
	<result value='loss'/>
	<start value='2015-05-10.06:32:16'/>
	<end value='2015-05-10.06:32:56'/>
	<frames value='36861'/>
	<gameDuration value='2303'/>

	<player>
		<unitScore value='12775'/>
		<killScore value='14150'/>
		<buildingScore value='1750'/>
		<razingScore value='600'/>
		<mineralScore value='13850'/>
		<gasScore value='2632'/>
		<totalScore value='45757'/>
	</player>

	<enemy>
		<race value='Protoss'/>
		<unitScore value='22975'/>
		<unitScore value='22975'/>
		<killScore value='25550'/>
		<buildingScore value='7125'/>
		<razingScore value='5250'/>
		<mineralScore value='24474'/>
		<gasScore value='9456'/>
		<totalScore value='94830'/>
	</enemy>

	<scoreRatio value='0.482516'/>
	<timeFitness value='0.319861'/>
	<unitsAverage value='45'/>
</results>
