<results>
	<result value='draw'/>
	<start value='2015-05-10.06:48:05'/>
	<end value='2015-05-10.06:49:36'/>
	<frames value='57601'/>
	<gameDuration value='3600'/>

	<player>
		<unitScore value='22650'/>
		<killScore value='32100'/>
		<buildingScore value='2550'/>
		<razingScore value='9900'/>
		<mineralScore value='25530'/>
		<gasScore value='4784'/>
		<totalScore value='97514'/>
	</player>

	<enemy>
		<race value='Protoss'/>
		<unitScore value='22875'/>
		<unitScore value='22875'/>
		<killScore value='41000'/>
		<buildingScore value='10325'/>
		<razingScore value='225'/>
		<mineralScore value='31314'/>
		<gasScore value='12134'/>
		<totalScore value='117873'/>
	</enemy>

	<scoreRatio value='0.82728'/>
	<timeFitness value='0.5'/>
	<unitsAverage value='89'/>
</results>
