<results>
	<result value='win'/>
	<start value='2015-05-09.18:22:23'/>
	<end value='2015-05-09.18:22:49'/>
	<frames value='25019'/>
	<gameDuration value='1563'/>

	<player>
		<unitScore value='16750'/>
		<killScore value='14600'/>
		<buildingScore value='4075'/>
		<razingScore value='4350'/>
		<mineralScore value='25354'/>
		<gasScore value='1760'/>
		<totalScore value='66889'/>
	</player>

	<enemy>
		<race value='Terran'/>
		<unitScore value='7300'/>
		<unitScore value='7300'/>
		<killScore value='14400'/>
		<buildingScore value='1450'/>
		<razingScore value='150'/>
		<mineralScore value='11998'/>
		<gasScore value='2312'/>
		<totalScore value='37610'/>
	</enemy>

	<scoreRatio value='1.77849'/>
	<timeFitness value='0.782917'/>
	<unitsAverage value='88'/>
</results>
