<results>
	<result value='loss'/>
	<start value='2015-05-01.06:53:36'/>
	<end value='2015-05-01.06:53:50'/>
	<frames value='20090'/>
	<gameDuration value='1255'/>

	<player>
		<unitScore value='3000'/>
		<killScore value='5150'/>
		<buildingScore value='1350'/>
		<razingScore value='0'/>
		<mineralScore value='4994'/>
		<gasScore value='1520'/>
		<totalScore value='16014'/>
	</player>

	<enemy>
		<race value='Zerg'/>
		<unitScore value='8150'/>
		<unitScore value='8150'/>
		<killScore value='6000'/>
		<buildingScore value='1520'/>
		<razingScore value='4050'/>
		<mineralScore value='8114'/>
		<gasScore value='2248'/>
		<totalScore value='30082'/>
	</enemy>

	<scoreRatio value='0.532345'/>
</results>
