<results>
	<result value='win'/>
	<start value='2015-05-01.07:07:42'/>
	<end value='2015-05-01.07:09:05'/>
	<frames value='47618'/>
	<gameDuration value='2976'/>

	<player>
		<unitScore value='29800'/>
		<killScore value='68370'/>
		<buildingScore value='4325'/>
		<razingScore value='13155'/>
		<mineralScore value='34330'/>
		<gasScore value='5232'/>
		<totalScore value='155212'/>
	</player>

	<enemy>
		<race value='Zerg'/>
		<unitScore value='30875'/>
		<unitScore value='30875'/>
		<killScore value='35650'/>
		<buildingScore value='4385'/>
		<razingScore value='1950'/>
		<mineralScore value='23930'/>
		<gasScore value='10078'/>
		<totalScore value='106868'/>
	</enemy>

	<scoreRatio value='1.45237'/>
</results>
