<results>
	<result value='win'/>
	<start value='2014-07-22.22:40:30'/>
	<end value='2014-07-22.22:40:50'/>
	<frames value='24244'/>
	<gameDuration value='1515'/>

	<player>
		<unitScore value='12175'/>
		<killScore value='20680'/>
		<buildingScore value='4025'/>
		<razingScore value='5820'/>
		<mineralScore value='18966'/>
		<gasScore value='1712'/>
		<totalScore value='63378'/>
	</player>

	<enemy>
		<race value='Zerg'/>
		<unitScore value='9550'/>
		<unitScore value='9550'/>
		<killScore value='8650'/>
		<buildingScore value='1940'/>
		<razingScore value='0'/>
		<mineralScore value='10146'/>
		<gasScore value='3232'/>
		<totalScore value='33518'/>
	</enemy>

	<scoreRatio value='1.89086'/>
</results>
