<results>
	<result value='loss'/>
	<start value='2015-04-11.22:16:53'/>
	<end value='2015-04-11.22:17:48'/>
	<frames value='43371'/>
	<gameDuration value='2710'/>

	<player>
		<unitScore value='16950'/>
		<killScore value='22700'/>
		<buildingScore value='2575'/>
		<razingScore value='1350'/>
		<mineralScore value='19482'/>
		<gasScore value='3360'/>
		<totalScore value='66417'/>
	</player>

	<enemy>
		<race value='Protoss'/>
		<unitScore value='27500'/>
		<unitScore value='27500'/>
		<killScore value='33900'/>
		<buildingScore value='8275'/>
		<razingScore value='7725'/>
		<mineralScore value='30382'/>
		<gasScore value='9134'/>
		<totalScore value='116916'/>
	</enemy>

	<scoreRatio value='0.568075'/>
</results>
