<results>
	<result value='loss'/>
	<start value='2015-04-09.16:26:01'/>
	<end value='2015-04-09.16:26:10'/>
	<frames value='18478'/>
	<gameDuration value='1154'/>

	<player>
		<unitScore value='3075'/>
		<killScore value='3900'/>
		<buildingScore value='1900'/>
		<razingScore value='0'/>
		<mineralScore value='5082'/>
		<gasScore value='776'/>
		<totalScore value='14733'/>
	</player>

	<enemy>
		<race value='Protoss'/>
		<unitScore value='4750'/>
		<unitScore value='4750'/>
		<killScore value='5900'/>
		<buildingScore value='4425'/>
		<razingScore value='5700'/>
		<mineralScore value='10066'/>
		<gasScore value='2200'/>
		<totalScore value='33041'/>
	</enemy>

	<scoreRatio value='0.445901'/>
</results>
