<results>
	<result value='win'/>
	<start value='2015-04-27.13:15:55'/>
	<end value='2015-04-27.13:16:14'/>
	<frames value='28863'/>
	<gameDuration value='1803'/>

	<player>
		<unitScore value='14375'/>
		<killScore value='27850'/>
		<buildingScore value='3250'/>
		<razingScore value='9975'/>
		<mineralScore value='17570'/>
		<gasScore value='2856'/>
		<totalScore value='75876'/>
	</player>

	<enemy>
		<race value='Terran'/>
		<unitScore value='14725'/>
		<unitScore value='14725'/>
		<killScore value='14650'/>
		<buildingScore value='3400'/>
		<razingScore value='2025'/>
		<mineralScore value='13466'/>
		<gasScore value='5720'/>
		<totalScore value='53986'/>
	</enemy>

	<scoreRatio value='1.40548'/>
</results>
