<results>
	<result value='loss'/>
	<start value='2015-04-27.13:16:42'/>
	<end value='2015-04-27.13:16:53'/>
	<frames value='22539'/>
	<gameDuration value='1408'/>

	<player>
		<unitScore value='6275'/>
		<killScore value='5050'/>
		<buildingScore value='2075'/>
		<razingScore value='0'/>
		<mineralScore value='8178'/>
		<gasScore value='1208'/>
		<totalScore value='22786'/>
	</player>

	<enemy>
		<race value='Terran'/>
		<unitScore value='9900'/>
		<unitScore value='9900'/>
		<killScore value='12550'/>
		<buildingScore value='3500'/>
		<razingScore value='6225'/>
		<mineralScore value='10954'/>
		<gasScore value='4736'/>
		<totalScore value='47865'/>
	</enemy>

	<scoreRatio value='0.476047'/>
</results>
