<results>
	<result value='win'/>
	<start value='2015-05-03.19:28:36'/>
	<end value='2015-05-03.19:29:35'/>
	<frames value='28150'/>
	<gameDuration value='1759'/>

	<player>
		<unitScore value='17500'/>
		<killScore value='34830'/>
		<buildingScore value='4600'/>
		<razingScore value='5940'/>
		<mineralScore value='30570'/>
		<gasScore value='3536'/>
		<totalScore value='96976'/>
	</player>

	<enemy>
		<race value='Zerg'/>
		<unitScore value='14600'/>
		<unitScore value='14600'/>
		<killScore value='10950'/>
		<buildingScore value='1980'/>
		<razingScore value='0'/>
		<mineralScore value='12838'/>
		<gasScore value='3768'/>
		<totalScore value='44136'/>
	</enemy>

	<scoreRatio value='2.19721'/>
	<timeFitness value='0.755694'/>
	<unitsAverage value='109'/>
</results>
