<results>
	<result value='win'/>
	<start value='2015-05-21.19:37:47'/>
	<end value='2015-05-21.19:38:14'/>
	<frames value='28274'/>
	<gameDuration value='1767'/>

	<player>
		<unitScore value='18125'/>
		<killScore value='27490'/>
		<buildingScore value='2825'/>
		<razingScore value='5970'/>
		<mineralScore value='26354'/>
		<gasScore value='3480'/>
		<totalScore value='84244'/>
	</player>

	<enemy>
		<race value='Zerg'/>
		<unitScore value='12625'/>
		<killScore value='16900'/>
		<buildingScore value='1990'/>
		<razingScore value='0'/>
		<mineralScore value='12754'/>
		<gasScore value='3840'/>
		<totalScore value='48109'/>
	</enemy>

	<scoreRatio value='1.75111'/>
	<timeFitness value='0.754583'/>
	<unitsAverage value='93'/>
</results>
