<results>
	<result value='win'/>
	<start value='2015-05-21.19:41:14'/>
	<end value='2015-05-21.19:41:49'/>
	<frames value='32738'/>
	<gameDuration value='2046'/>

	<player>
		<unitScore value='21625'/>
		<killScore value='24585'/>
		<buildingScore value='4050'/>
		<razingScore value='7260'/>
		<mineralScore value='31282'/>
		<gasScore value='3144'/>
		<totalScore value='91946'/>
	</player>

	<enemy>
		<race value='Zerg'/>
		<unitScore value='12150'/>
		<killScore value='20250'/>
		<buildingScore value='2420'/>
		<razingScore value='1575'/>
		<mineralScore value='13082'/>
		<gasScore value='4928'/>
		<totalScore value='54405'/>
	</enemy>

	<scoreRatio value='1.69003'/>
	<timeFitness value='0.715833'/>
	<unitsAverage value='107'/>
</results>
