<results>
	<result value='win'/>
	<start value='2015-05-03.19:38:55'/>
	<end value='2015-05-03.19:39:06'/>
	<frames value='13084'/>
	<gameDuration value='817'/>

	<player>
		<unitScore value='3500'/>
		<killScore value='2110'/>
		<buildingScore value='1500'/>
		<razingScore value='2340'/>
		<mineralScore value='5314'/>
		<gasScore value='776'/>
		<totalScore value='15540'/>
	</player>

	<enemy>
		<race value='Zerg'/>
		<unitScore value='1400'/>
		<unitScore value='1400'/>
		<killScore value='900'/>
		<buildingScore value='780'/>
		<razingScore value='0'/>
		<mineralScore value='3946'/>
		<gasScore value='648'/>
		<totalScore value='7674'/>
	</enemy>

	<scoreRatio value='2.02502'/>
	<timeFitness value='0.886528'/>
	<unitsAverage value='27'/>
</results>
