<results>
	<result value='win'/>
	<start value='2015-05-03.19:39:10'/>
	<end value='2015-05-03.19:40:26'/>
	<frames value='38597'/>
	<gameDuration value='2412'/>

	<player>
		<unitScore value='28450'/>
		<killScore value='45075'/>
		<buildingScore value='3875'/>
		<razingScore value='6735'/>
		<mineralScore value='31486'/>
		<gasScore value='1992'/>
		<totalScore value='117613'/>
	</player>

	<enemy>
		<race value='Zerg'/>
		<unitScore value='20025'/>
		<unitScore value='20025'/>
		<killScore value='32750'/>
		<buildingScore value='2245'/>
		<razingScore value='0'/>
		<mineralScore value='17574'/>
		<gasScore value='5912'/>
		<totalScore value='78506'/>
	</enemy>

	<scoreRatio value='1.49814'/>
	<timeFitness value='0.665'/>
	<unitsAverage value='103'/>
</results>
