<results>
	<result value='win'/>
	<start value='2015-05-09.20:13:20'/>
	<end value='2015-05-09.20:13:54'/>
	<frames value='26476'/>
	<gameDuration value='1654'/>

	<player>
		<unitScore value='13350'/>
		<killScore value='11100'/>
		<buildingScore value='3675'/>
		<razingScore value='12825'/>
		<mineralScore value='18334'/>
		<gasScore value='2360'/>
		<totalScore value='61644'/>
	</player>

	<enemy>
		<race value='Protoss'/>
		<unitScore value='5550'/>
		<unitScore value='5550'/>
		<killScore value='7800'/>
		<buildingScore value='4275'/>
		<razingScore value='0'/>
		<mineralScore value='12994'/>
		<gasScore value='928'/>
		<totalScore value='31547'/>
	</enemy>

	<scoreRatio value='1.95404'/>
	<timeFitness value='0.770278'/>
	<unitsAverage value='75'/>
</results>
