<results>
	<result value='loss'/>
	<start value='2015-05-03.16:06:49'/>
	<end value='2015-05-03.16:06:56'/>
	<frames value='15471'/>
	<gameDuration value='966'/>

	<player>
		<unitScore value='2450'/>
		<killScore value='1200'/>
		<buildingScore value='1250'/>
		<razingScore value='0'/>
		<mineralScore value='4250'/>
		<gasScore value='728'/>
		<totalScore value='9878'/>
	</player>

	<enemy>
		<race value='Protoss'/>
		<unitScore value='3550'/>
		<unitScore value='3550'/>
		<killScore value='4900'/>
		<buildingScore value='3075'/>
		<razingScore value='3750'/>
		<mineralScore value='8154'/>
		<gasScore value='1536'/>
		<totalScore value='24965'/>
	</enemy>

	<scoreRatio value='0.395674'/>
	<timeFitness value='0.134167'/>
	<unitsAverage value='22'/>
</results>
