<results>
	<result value='win'/>
	<start value='2015-05-03.16:09:43'/>
	<end value='2015-05-03.16:10:34'/>
	<frames value='50377'/>
	<gameDuration value='3148'/>

	<player>
		<unitScore value='34050'/>
		<killScore value='61900'/>
		<buildingScore value='3650'/>
		<razingScore value='21000'/>
		<mineralScore value='34782'/>
		<gasScore value='6128'/>
		<totalScore value='161510'/>
	</player>

	<enemy>
		<race value='Protoss'/>
		<unitScore value='32800'/>
		<unitScore value='32800'/>
		<killScore value='52150'/>
		<buildingScore value='7000'/>
		<razingScore value='450'/>
		<mineralScore value='28222'/>
		<gasScore value='10590'/>
		<totalScore value='131212'/>
	</enemy>

	<scoreRatio value='1.23091'/>
	<timeFitness value='0.562778'/>
	<unitsAverage value='114'/>
</results>
