<results>
	<result value='loss'/>
	<start value='2015-05-09.20:26:25'/>
	<end value='2015-05-09.20:26:42'/>
	<frames value='21454'/>
	<gameDuration value='1340'/>

	<player>
		<unitScore value='5475'/>
		<killScore value='1800'/>
		<buildingScore value='1950'/>
		<razingScore value='0'/>
		<mineralScore value='7802'/>
		<gasScore value='872'/>
		<totalScore value='17899'/>
	</player>

	<enemy>
		<race value='Protoss'/>
		<unitScore value='7375'/>
		<unitScore value='7375'/>
		<killScore value='10950'/>
		<buildingScore value='4575'/>
		<razingScore value='5850'/>
		<mineralScore value='11338'/>
		<gasScore value='3648'/>
		<totalScore value='43736'/>
	</enemy>

	<scoreRatio value='0.409251'/>
	<timeFitness value='0.186111'/>
	<unitsAverage value='29'/>
</results>
