<results>
	<result value='win'/>
	<start value='2014-07-03.01:29:16'/>
	<end value='2014-07-03.01:29:39'/>
	<frames value='26972'/>
	<gameDuration value='1685'/>

	<player>
		<unitScore value='16725'/>
		<killScore value='13250'/>
		<buildingScore value='3650'/>
		<razingScore value='12675'/>
		<mineralScore value='24658'/>
		<gasScore value='3048'/>
		<totalScore value='74006'/>
	</player>

	<enemy>
		<race value='Protoss'/>
		<unitScore value='6625'/>
		<unitScore value='6625'/>
		<killScore value='14100'/>
		<buildingScore value='4225'/>
		<razingScore value='0'/>
		<mineralScore value='11378'/>
		<gasScore value='2448'/>
		<totalScore value='38776'/>
	</enemy>

	<scoreRatio value='1.90855'/>
</results>
