<results>
	<result value='win'/>
	<start value='2014-07-03.01:29:43'/>
	<end value='2014-07-03.01:30:14'/>
	<frames value='33885'/>
	<gameDuration value='2117'/>

	<player>
		<unitScore value='21225'/>
		<killScore value='21000'/>
		<buildingScore value='4225'/>
		<razingScore value='16725'/>
		<mineralScore value='31478'/>
		<gasScore value='2976'/>
		<totalScore value='97629'/>
	</player>

	<enemy>
		<race value='Protoss'/>
		<unitScore value='11075'/>
		<unitScore value='11075'/>
		<killScore value='19450'/>
		<buildingScore value='5575'/>
		<razingScore value='150'/>
		<mineralScore value='15570'/>
		<gasScore value='5368'/>
		<totalScore value='57188'/>
	</enemy>

	<scoreRatio value='1.70716'/>
</results>
