<results>
	<result value='win'/>
	<start value='2014-07-12.15:07:48'/>
	<end value='2014-07-12.15:08:26'/>
	<frames value='35559'/>
	<gameDuration value='2222'/>

	<player>
		<unitScore value='24125'/>
		<killScore value='26750'/>
		<buildingScore value='3725'/>
		<razingScore value='7200'/>
		<mineralScore value='28906'/>
		<gasScore value='4096'/>
		<totalScore value='94802'/>
	</player>

	<enemy>
		<race value='Terran'/>
		<unitScore value='13975'/>
		<unitScore value='13975'/>
		<killScore value='24500'/>
		<buildingScore value='2400'/>
		<razingScore value='1950'/>
		<mineralScore value='12050'/>
		<gasScore value='5154'/>
		<totalScore value='60029'/>
	</enemy>

	<scoreRatio value='1.57927'/>
</results>
