<results>
	<result value='win'/>
	<start value='2014-07-12.15:11:11'/>
	<end value='2014-07-12.15:11:44'/>
	<frames value='36551'/>
	<gameDuration value='2284'/>

	<player>
		<unitScore value='16650'/>
		<killScore value='27800'/>
		<buildingScore value='4850'/>
		<razingScore value='10500'/>
		<mineralScore value='25850'/>
		<gasScore value='3536'/>
		<totalScore value='89186'/>
	</player>

	<enemy>
		<race value='Terran'/>
		<unitScore value='16700'/>
		<unitScore value='16700'/>
		<killScore value='11300'/>
		<buildingScore value='3500'/>
		<razingScore value='2175'/>
		<mineralScore value='13106'/>
		<gasScore value='5992'/>
		<totalScore value='52773'/>
	</enemy>

	<scoreRatio value='1.68999'/>
</results>
