<results>
	<result value='win'/>
	<start value='2015-07-11.19:10:04'/>
	<end value='2015-07-11.19:10:29'/>
	<frames value='24306'/>
	<gameDuration value='1519'/>

	<player>
		<unitScore value='13750'/>
		<killScore value='13650'/>
		<buildingScore value='3725'/>
		<razingScore value='5250'/>
		<mineralScore value='17510'/>
		<gasScore value='2264'/>
		<totalScore value='56149'/>
	</player>

	<enemy>
		<race value='Terran'/>
		<unitScore value='6825'/>
		<killScore value='11750'/>
		<buildingScore value='1825'/>
		<razingScore value='1650'/>
		<mineralScore value='9490'/>
		<gasScore value='2360'/>
		<totalScore value='33900'/>
	</enemy>

	<scoreRatio value='1.65631'/>
	<timeFitness value='0.789028'/>
	<unitsAverage value='59'/>
</results>
