<results>
	<result value='loss'/>
	<start value='2015-07-11.19:16:34'/>
	<end value='2015-07-11.19:17:10'/>
	<frames value='35001'/>
	<gameDuration value='2187'/>

	<player>
		<unitScore value='14225'/>
		<killScore value='6500'/>
		<buildingScore value='3275'/>
		<razingScore value='0'/>
		<mineralScore value='14890'/>
		<gasScore value='2272'/>
		<totalScore value='41162'/>
	</player>

	<enemy>
		<race value='Terran'/>
		<unitScore value='10075'/>
		<killScore value='28450'/>
		<buildingScore value='4025'/>
		<razingScore value='9825'/>
		<mineralScore value='14450'/>
		<gasScore value='5190'/>
		<totalScore value='72015'/>
	</enemy>

	<scoreRatio value='0.571575'/>
	<timeFitness value='0.30375'/>
	<unitsAverage value='47'/>
</results>
