<results>
	<result value='loss'/>
	<start value='2015-07-11.19:17:18'/>
	<end value='2015-07-11.19:17:33'/>
	<frames value='18943'/>
	<gameDuration value='1183'/>

	<player>
		<unitScore value='5500'/>
		<killScore value='2650'/>
		<buildingScore value='1525'/>
		<razingScore value='0'/>
		<mineralScore value='6466'/>
		<gasScore value='760'/>
		<totalScore value='16901'/>
	</player>

	<enemy>
		<race value='Terran'/>
		<unitScore value='7575'/>
		<killScore value='10550'/>
		<buildingScore value='2850'/>
		<razingScore value='4575'/>
		<mineralScore value='8730'/>
		<gasScore value='3232'/>
		<totalScore value='37512'/>
	</enemy>

	<scoreRatio value='0.450549'/>
	<timeFitness value='0.164306'/>
	<unitsAverage value='29'/>
</results>
