<results>
	<result value='loss'/>
	<start value='2015-07-11.19:38:12'/>
	<end value='2015-07-11.19:38:29'/>
	<frames value='20834'/>
	<gameDuration value='1302'/>

	<player>
		<unitScore value='7825'/>
		<killScore value='5100'/>
		<buildingScore value='1650'/>
		<razingScore value='0'/>
		<mineralScore value='8018'/>
		<gasScore value='1344'/>
		<totalScore value='23937'/>
	</player>

	<enemy>
		<race value='Terran'/>
		<unitScore value='7450'/>
		<killScore value='15300'/>
		<buildingScore value='2925'/>
		<razingScore value='4950'/>
		<mineralScore value='9930'/>
		<gasScore value='4008'/>
		<totalScore value='44563'/>
	</enemy>

	<scoreRatio value='0.53715'/>
	<timeFitness value='0.180833'/>
	<unitsAverage value='32'/>
</results>
