<results>
	<result value='draw'/>
	<start value='2015-05-09.01:23:36'/>
	<end value='2015-05-09.01:26:06'/>
	<frames value='57601'/>
	<gameDuration value='3600'/>

	<player>
		<unitScore value='27700'/>
		<killScore value='45400'/>
		<buildingScore value='6025'/>
		<razingScore value='12000'/>
		<mineralScore value='44086'/>
		<gasScore value='8322'/>
		<totalScore value='143533'/>
	</player>

	<enemy>
		<race value='Terran'/>
		<unitScore value='23500'/>
		<unitScore value='23500'/>
		<killScore value='31800'/>
		<buildingScore value='4450'/>
		<razingScore value='3750'/>
		<mineralScore value='17970'/>
		<gasScore value='9722'/>
		<totalScore value='91192'/>
	</enemy>

	<scoreRatio value='1.57396'/>
	<timeFitness value='0.5'/>
	<unitsAverage value='126'/>
</results>
