<results>
	<result value='loss'/>
	<start value='2015-05-10.00:43:21'/>
	<end value='2015-05-10.00:43:28'/>
	<frames value='14975'/>
	<gameDuration value='935'/>

	<player>
		<unitScore value='3175'/>
		<killScore value='1200'/>
		<buildingScore value='1425'/>
		<razingScore value='0'/>
		<mineralScore value='4810'/>
		<gasScore value='768'/>
		<totalScore value='11378'/>
	</player>

	<enemy>
		<race value='Protoss'/>
		<unitScore value='3550'/>
		<unitScore value='3550'/>
		<killScore value='6150'/>
		<buildingScore value='2825'/>
		<razingScore value='4275'/>
		<mineralScore value='7762'/>
		<gasScore value='1368'/>
		<totalScore value='25930'/>
	</enemy>

	<scoreRatio value='0.438797'/>
	<timeFitness value='0.129861'/>
	<unitsAverage value='21'/>
</results>
