<results>
	<result value='win'/>
	<start value='2015-05-10.00:52:04'/>
	<end value='2015-05-10.00:52:37'/>
	<frames value='28429'/>
	<gameDuration value='1776'/>

	<player>
		<unitScore value='18750'/>
		<killScore value='17500'/>
		<buildingScore value='3675'/>
		<razingScore value='15750'/>
		<mineralScore value='26426'/>
		<gasScore value='2912'/>
		<totalScore value='85013'/>
	</player>

	<enemy>
		<race value='Protoss'/>
		<unitScore value='8800'/>
		<unitScore value='8800'/>
		<killScore value='13750'/>
		<buildingScore value='5250'/>
		<razingScore value='0'/>
		<mineralScore value='19346'/>
		<gasScore value='2544'/>
		<totalScore value='49690'/>
	</enemy>

	<scoreRatio value='1.71087'/>
	<timeFitness value='0.753333'/>
	<unitsAverage value='101'/>
</results>
