<results>
	<result value='draw'/>
	<start value='2015-05-10.06:46:30'/>
	<end value='2015-05-10.06:48:18'/>
	<frames value='57601'/>
	<gameDuration value='3600'/>

	<player>
		<unitScore value='29625'/>
		<killScore value='48700'/>
		<buildingScore value='3100'/>
		<razingScore value='5550'/>
		<mineralScore value='31606'/>
		<gasScore value='3752'/>
		<totalScore value='122333'/>
	</player>

	<enemy>
		<race value='Protoss'/>
		<unitScore value='34125'/>
		<unitScore value='34125'/>
		<killScore value='49550'/>
		<buildingScore value='7275'/>
		<razingScore value='825'/>
		<mineralScore value='28910'/>
		<gasScore value='11374'/>
		<totalScore value='132059'/>
	</enemy>

	<scoreRatio value='0.926351'/>
	<timeFitness value='0.5'/>
	<unitsAverage value='115'/>
</results>
