<results>
	<result value='win'/>
	<start value='2015-03-27.15:08:55'/>
	<end value='2015-03-27.15:09:16'/>
	<frames value='24430'/>
	<gameDuration value='1526'/>

	<player>
		<unitScore value='13500'/>
		<killScore value='10500'/>
		<buildingScore value='3175'/>
		<razingScore value='11475'/>
		<mineralScore value='18046'/>
		<gasScore value='1400'/>
		<totalScore value='58096'/>
	</player>

	<enemy>
		<race value='Protoss'/>
		<unitScore value='5250'/>
		<unitScore value='5250'/>
		<killScore value='10850'/>
		<buildingScore value='3825'/>
		<razingScore value='0'/>
		<mineralScore value='14354'/>
		<gasScore value='968'/>
		<totalScore value='35247'/>
	</enemy>

	<scoreRatio value='1.64825'/>
</results>
