<results>
	<result value='win'/>
	<start value='2015-05-08.18:58:02'/>
	<end value='2015-05-08.18:59:23'/>
	<frames value='44766'/>
	<gameDuration value='2797'/>

	<player>
		<unitScore value='20525'/>
		<killScore value='34895'/>
		<buildingScore value='4925'/>
		<razingScore value='8580'/>
		<mineralScore value='41902'/>
		<gasScore value='6600'/>
		<totalScore value='117427'/>
	</player>

	<enemy>
		<race value='Zerg'/>
		<unitScore value='16675'/>
		<unitScore value='16675'/>
		<killScore value='18050'/>
		<buildingScore value='2860'/>
		<razingScore value='0'/>
		<mineralScore value='15462'/>
		<gasScore value='4808'/>
		<totalScore value='57855'/>
	</enemy>

	<scoreRatio value='2.02968'/>
	<timeFitness value='0.611528'/>
	<unitsAverage value='140'/>
</results>
