<results>
	<result value='win'/>
	<start value='2015-05-08.19:10:45'/>
	<end value='2015-05-08.19:11:09'/>
	<frames value='23531'/>
	<gameDuration value='1470'/>

	<player>
		<unitScore value='13750'/>
		<killScore value='21030'/>
		<buildingScore value='3825'/>
		<razingScore value='5160'/>
		<mineralScore value='23274'/>
		<gasScore value='2264'/>
		<totalScore value='69303'/>
	</player>

	<enemy>
		<race value='Zerg'/>
		<unitScore value='9750'/>
		<unitScore value='9750'/>
		<killScore value='9500'/>
		<buildingScore value='1720'/>
		<razingScore value='0'/>
		<mineralScore value='10018'/>
		<gasScore value='2784'/>
		<totalScore value='33772'/>
	</enemy>

	<scoreRatio value='2.05208'/>
	<timeFitness value='0.795833'/>
	<unitsAverage value='86'/>
</results>
