<results>
	<result value='win'/>
	<start value='2015-05-08.19:44:16'/>
	<end value='2015-05-08.19:45:14'/>
	<frames value='32614'/>
	<gameDuration value='2038'/>

	<player>
		<unitScore value='23150'/>
		<killScore value='34275'/>
		<buildingScore value='4225'/>
		<razingScore value='5160'/>
		<mineralScore value='37954'/>
		<gasScore value='3000'/>
		<totalScore value='107764'/>
	</player>

	<enemy>
		<race value='Zerg'/>
		<unitScore value='16150'/>
		<unitScore value='16150'/>
		<killScore value='23750'/>
		<buildingScore value='1720'/>
		<razingScore value='0'/>
		<mineralScore value='14046'/>
		<gasScore value='4592'/>
		<totalScore value='60258'/>
	</enemy>

	<scoreRatio value='1.78838'/>
	<timeFitness value='0.716944'/>
	<unitsAverage value='124'/>
</results>
