<results>
	<result value='win'/>
	<start value='2015-05-09.17:45:35'/>
	<end value='2015-05-09.17:46:18'/>
	<frames value='38039'/>
	<gameDuration value='2377'/>

	<player>
		<unitScore value='26325'/>
		<killScore value='30050'/>
		<buildingScore value='4525'/>
		<razingScore value='10050'/>
		<mineralScore value='34126'/>
		<gasScore value='2680'/>
		<totalScore value='107756'/>
	</player>

	<enemy>
		<race value='Terran'/>
		<unitScore value='17125'/>
		<unitScore value='17125'/>
		<killScore value='30100'/>
		<buildingScore value='3500'/>
		<razingScore value='1350'/>
		<mineralScore value='13706'/>
		<gasScore value='6312'/>
		<totalScore value='72093'/>
	</enemy>

	<scoreRatio value='1.49468'/>
	<timeFitness value='0.669861'/>
	<unitsAverage value='101'/>
</results>
