<results>
	<result value='win'/>
	<start value='2015-05-09.17:47:33'/>
	<end value='2015-05-09.17:47:56'/>
	<frames value='25825'/>
	<gameDuration value='1614'/>

	<player>
		<unitScore value='14150'/>
		<killScore value='21950'/>
		<buildingScore value='3750'/>
		<razingScore value='8400'/>
		<mineralScore value='21078'/>
		<gasScore value='1928'/>
		<totalScore value='71256'/>
	</player>

	<enemy>
		<race value='Terran'/>
		<unitScore value='10975'/>
		<unitScore value='10975'/>
		<killScore value='11750'/>
		<buildingScore value='2800'/>
		<razingScore value='0'/>
		<mineralScore value='10506'/>
		<gasScore value='4360'/>
		<totalScore value='40391'/>
	</enemy>

	<scoreRatio value='1.76416'/>
	<timeFitness value='0.775833'/>
	<unitsAverage value='72'/>
</results>
