<results>
	<result value='win'/>
	<start value='2015-05-09.17:50:51'/>
	<end value='2015-05-09.17:51:43'/>
	<frames value='38845'/>
	<gameDuration value='2427'/>

	<player>
		<unitScore value='26025'/>
		<killScore value='34300'/>
		<buildingScore value='4700'/>
		<razingScore value='12675'/>
		<mineralScore value='33354'/>
		<gasScore value='3392'/>
		<totalScore value='114446'/>
	</player>

	<enemy>
		<race value='Terran'/>
		<unitScore value='18750'/>
		<unitScore value='18750'/>
		<killScore value='28750'/>
		<buildingScore value='4225'/>
		<razingScore value='1425'/>
		<mineralScore value='15078'/>
		<gasScore value='7104'/>
		<totalScore value='75332'/>
	</enemy>

	<scoreRatio value='1.51922'/>
	<timeFitness value='0.662917'/>
	<unitsAverage value='111'/>
</results>
