<results>
	<result value='win'/>
	<start value='2015-05-10.01:52:13'/>
	<end value='2015-05-10.01:53:09'/>
	<frames value='33420'/>
	<gameDuration value='2088'/>

	<player>
		<unitScore value='22500'/>
		<killScore value='24000'/>
		<buildingScore value='3900'/>
		<razingScore value='18900'/>
		<mineralScore value='29534'/>
		<gasScore value='4288'/>
		<totalScore value='103122'/>
	</player>

	<enemy>
		<race value='Protoss'/>
		<unitScore value='12650'/>
		<unitScore value='12650'/>
		<killScore value='22050'/>
		<buildingScore value='6300'/>
		<razingScore value='300'/>
		<mineralScore value='18810'/>
		<gasScore value='4736'/>
		<totalScore value='64846'/>
	</enemy>

	<scoreRatio value='1.59026'/>
	<timeFitness value='0.71'/>
	<unitsAverage value='105'/>
</results>
