<results>
	<result value='win'/>
	<start value='2015-05-10.01:53:53'/>
	<end value='2015-05-10.01:54:59'/>
	<frames value='33606'/>
	<gameDuration value='2100'/>

	<player>
		<unitScore value='23975'/>
		<killScore value='30450'/>
		<buildingScore value='4075'/>
		<razingScore value='18750'/>
		<mineralScore value='32490'/>
		<gasScore value='3448'/>
		<totalScore value='113188'/>
	</player>

	<enemy>
		<race value='Protoss'/>
		<unitScore value='17075'/>
		<unitScore value='17075'/>
		<killScore value='20950'/>
		<buildingScore value='6250'/>
		<razingScore value='150'/>
		<mineralScore value='17102'/>
		<gasScore value='6344'/>
		<totalScore value='67871'/>
	</enemy>

	<scoreRatio value='1.66769'/>
	<timeFitness value='0.708333'/>
	<unitsAverage value='116'/>
</results>
