<results>
	<result value='win'/>
	<start value='2015-04-30.07:03:39'/>
	<end value='2015-04-30.07:03:51'/>
	<frames value='17765'/>
	<gameDuration value='1110'/>

	<player>
		<unitScore value='5725'/>
		<killScore value='9050'/>
		<buildingScore value='2475'/>
		<razingScore value='4125'/>
		<mineralScore value='8730'/>
		<gasScore value='1248'/>
		<totalScore value='31353'/>
	</player>

	<enemy>
		<race value='Terran'/>
		<unitScore value='4525'/>
		<unitScore value='4525'/>
		<killScore value='4450'/>
		<buildingScore value='1450'/>
		<razingScore value='2325'/>
		<mineralScore value='6410'/>
		<gasScore value='1800'/>
		<totalScore value='20960'/>
	</enemy>

	<scoreRatio value='1.49585'/>
	<timeFitness value='0.845833'/>
	<unitsAverage value='40'/>
</results>
