<results>
	<result value='loss'/>
	<start value='2014-07-07.19:26:01'/>
	<end value='2014-07-07.19:26:10'/>
	<frames value='18850'/>
	<gameDuration value='1178'/>

	<player>
		<unitScore value='4100'/>
		<killScore value='1750'/>
		<buildingScore value='1975'/>
		<razingScore value='0'/>
		<mineralScore value='5802'/>
		<gasScore value='688'/>
		<totalScore value='14315'/>
	</player>

	<enemy>
		<race value='Terran'/>
		<unitScore value='7200'/>
		<unitScore value='7200'/>
		<killScore value='8200'/>
		<buildingScore value='2850'/>
		<razingScore value='5925'/>
		<mineralScore value='8634'/>
		<gasScore value='3096'/>
		<totalScore value='35905'/>
	</enemy>

	<scoreRatio value='0.398691'/>
</results>
