<results>
	<result value='win'/>
	<start value='2014-07-07.19:28:46'/>
	<end value='2014-07-07.19:29:26'/>
	<frames value='36024'/>
	<gameDuration value='2251'/>

	<player>
		<unitScore value='22150'/>
		<killScore value='27500'/>
		<buildingScore value='4900'/>
		<razingScore value='8400'/>
		<mineralScore value='32554'/>
		<gasScore value='4104'/>
		<totalScore value='99608'/>
	</player>

	<enemy>
		<race value='Terran'/>
		<unitScore value='14050'/>
		<unitScore value='14050'/>
		<killScore value='19650'/>
		<buildingScore value='2800'/>
		<razingScore value='1950'/>
		<mineralScore value='12050'/>
		<gasScore value='5262'/>
		<totalScore value='55762'/>
	</enemy>

	<scoreRatio value='1.78631'/>
</results>
