<results>
	<result value='loss'/>
	<start value='2015-07-19.21:58:00'/>
	<end value='2015-07-19.22:00:18'/>
	<frames value='51958'/>
	<gameDuration value='3247'/>

	<player>
		<unitScore value='29575'/>
		<killScore value='30850'/>
		<buildingScore value='4125'/>
		<razingScore value='0'/>
		<mineralScore value='27782'/>
		<gasScore value='4472'/>
		<totalScore value='96804'/>
	</player>

	<enemy>
		<race value='Zerg'/>
		<unitScore value='35075'/>
		<killScore value='59400'/>
		<buildingScore value='4790'/>
		<razingScore value='12525'/>
		<mineralScore value='33578'/>
		<gasScore value='11364'/>
		<totalScore value='156732'/>
	</enemy>

	<scoreRatio value='0.61764'/>
	<timeFitness value='0.450972'/>
	<unitsAverage value='96'/>
</results>
