<results>
	<result value='draw'/>
	<start value='2015-07-19.22:00:28'/>
	<end value='2015-07-19.22:04:24'/>
	<frames value='57601'/>
	<gameDuration value='3600'/>

	<player>
		<unitScore value='39175'/>
		<killScore value='34750'/>
		<buildingScore value='3400'/>
		<razingScore value='195'/>
		<mineralScore value='31542'/>
		<gasScore value='6654'/>
		<totalScore value='115716'/>
	</player>

	<enemy>
		<race value='Zerg'/>
		<unitScore value='35075'/>
		<killScore value='60250'/>
		<buildingScore value='4200'/>
		<razingScore value='3075'/>
		<mineralScore value='31414'/>
		<gasScore value='12008'/>
		<totalScore value='146022'/>
	</enemy>

	<scoreRatio value='0.792456'/>
	<timeFitness value='0.5'/>
	<unitsAverage value='140'/>
</results>
