<results>
	<result value='loss'/>
	<start value='2015-04-30.01:50:07'/>
	<end value='2015-04-30.01:50:23'/>
	<frames value='20648'/>
	<gameDuration value='1290'/>

	<player>
		<unitScore value='6425'/>
		<killScore value='3500'/>
		<buildingScore value='1750'/>
		<razingScore value='0'/>
		<mineralScore value='9402'/>
		<gasScore value='816'/>
		<totalScore value='21893'/>
	</player>

	<enemy>
		<race value='Protoss'/>
		<unitScore value='5775'/>
		<unitScore value='5775'/>
		<killScore value='12850'/>
		<buildingScore value='4025'/>
		<razingScore value='5250'/>
		<mineralScore value='10898'/>
		<gasScore value='2560'/>
		<totalScore value='41358'/>
	</enemy>

	<scoreRatio value='0.529353'/>
</results>
