<results>
	<result value='loss'/>
	<start value='2015-04-30.01:52:55'/>
	<end value='2015-04-30.01:53:14'/>
	<frames value='27220'/>
	<gameDuration value='1701'/>

	<player>
		<unitScore value='6200'/>
		<killScore value='3700'/>
		<buildingScore value='1775'/>
		<razingScore value='0'/>
		<mineralScore value='9474'/>
		<gasScore value='600'/>
		<totalScore value='21749'/>
	</player>

	<enemy>
		<race value='Protoss'/>
		<unitScore value='11500'/>
		<unitScore value='11500'/>
		<killScore value='12400'/>
		<buildingScore value='6025'/>
		<razingScore value='5325'/>
		<mineralScore value='17810'/>
		<gasScore value='5488'/>
		<totalScore value='58548'/>
	</enemy>

	<scoreRatio value='0.371473'/>
</results>
