<results>
	<result value='loss'/>
	<start value='2015-04-30.01:55:19'/>
	<end value='2015-04-30.01:56:17'/>
	<frames value='51338'/>
	<gameDuration value='3208'/>

	<player>
		<unitScore value='28450'/>
		<killScore value='36000'/>
		<buildingScore value='3375'/>
		<razingScore value='6150'/>
		<mineralScore value='30222'/>
		<gasScore value='4680'/>
		<totalScore value='108877'/>
	</player>

	<enemy>
		<race value='Protoss'/>
		<unitScore value='31600'/>
		<unitScore value='31600'/>
		<killScore value='56900'/>
		<buildingScore value='8075'/>
		<razingScore value='10125'/>
		<mineralScore value='31990'/>
		<gasScore value='9214'/>
		<totalScore value='147904'/>
	</enemy>

	<scoreRatio value='0.736133'/>
</results>
