<results>
	<result value='win'/>
	<start value='2015-04-30.01:57:29'/>
	<end value='2015-04-30.01:58:03'/>
	<frames value='23934'/>
	<gameDuration value='1495'/>

	<player>
		<unitScore value='13700'/>
		<killScore value='14950'/>
		<buildingScore value='3775'/>
		<razingScore value='13575'/>
		<mineralScore value='20326'/>
		<gasScore value='2488'/>
		<totalScore value='68814'/>
	</player>

	<enemy>
		<race value='Protoss'/>
		<unitScore value='7475'/>
		<unitScore value='7475'/>
		<killScore value='7100'/>
		<buildingScore value='4525'/>
		<razingScore value='0'/>
		<mineralScore value='15178'/>
		<gasScore value='2344'/>
		<totalScore value='36622'/>
	</enemy>

	<scoreRatio value='1.87903'/>
</results>
