<results>
	<result value='win'/>
	<start value='2015-05-02.23:23:58'/>
	<end value='2015-05-02.23:24:43'/>
	<frames value='26104'/>
	<gameDuration value='1631'/>

	<player>
		<unitScore value='16425'/>
		<killScore value='18480'/>
		<buildingScore value='4250'/>
		<razingScore value='5820'/>
		<mineralScore value='23218'/>
		<gasScore value='1824'/>
		<totalScore value='70017'/>
	</player>

	<enemy>
		<race value='Zerg'/>
		<unitScore value='8900'/>
		<unitScore value='8900'/>
		<killScore value='10950'/>
		<buildingScore value='1940'/>
		<razingScore value='0'/>
		<mineralScore value='9778'/>
		<gasScore value='3088'/>
		<totalScore value='34656'/>
	</enemy>

	<scoreRatio value='2.02034'/>
	<timeFitness value='0.773472'/>
	<unitsAverage value='93'/>
</results>
