<results>
	<result value='loss'/>
	<start value='2015-07-21.00:44:22'/>
	<end value='2015-07-21.00:47:36'/>
	<frames value='57445'/>
	<gameDuration value='3590'/>

	<player>
		<unitScore value='40700'/>
		<killScore value='12185'/>
		<buildingScore value='3050'/>
		<razingScore value='0'/>
		<mineralScore value='31558'/>
		<gasScore value='6906'/>
		<totalScore value='94399'/>
	</player>

	<enemy>
		<race value='Zerg'/>
		<unitScore value='32175'/>
		<killScore value='76200'/>
		<buildingScore value='4435'/>
		<razingScore value='9150'/>
		<mineralScore value='31398'/>
		<gasScore value='11964'/>
		<totalScore value='165322'/>
	</enemy>

	<scoreRatio value='0.571001'/>
	<timeFitness value='0.498611'/>
	<unitsAverage value='121'/>
</results>
