<results>
	<result value='draw'/>
	<start value='2015-07-14.23:01:52'/>
	<end value='2015-07-14.23:03:57'/>
	<frames value='57601'/>
	<gameDuration value='3600'/>

	<player>
		<unitScore value='38725'/>
		<killScore value='29050'/>
		<buildingScore value='3875'/>
		<razingScore value='1950'/>
		<mineralScore value='39058'/>
		<gasScore value='13900'/>
		<totalScore value='126558'/>
	</player>

	<enemy>
		<race value='Protoss'/>
		<unitScore value='21000'/>
		<killScore value='53250'/>
		<buildingScore value='5775'/>
		<razingScore value='1125'/>
		<mineralScore value='24042'/>
		<gasScore value='5628'/>
		<totalScore value='110820'/>
	</enemy>

	<scoreRatio value='1.14201'/>
	<timeFitness value='0.5'/>
	<unitsAverage value='174'/>
</results>
