<results>
	<result value='loss'/>
	<start value='2015-07-14.23:04:00'/>
	<end value='2015-07-14.23:04:27'/>
	<frames value='33234'/>
	<gameDuration value='2077'/>

	<player>
		<unitScore value='19725'/>
		<killScore value='7000'/>
		<buildingScore value='2000'/>
		<razingScore value='0'/>
		<mineralScore value='22914'/>
		<gasScore value='2456'/>
		<totalScore value='54095'/>
	</player>

	<enemy>
		<race value='Protoss'/>
		<unitScore value='16900'/>
		<killScore value='38850'/>
		<buildingScore value='6875'/>
		<razingScore value='6000'/>
		<mineralScore value='20018'/>
		<gasScore value='7504'/>
		<totalScore value='96147'/>
	</enemy>

	<scoreRatio value='0.562628'/>
	<timeFitness value='0.288472'/>
	<unitsAverage value='68'/>
</results>
