<results>
	<result value='win'/>
	<start value='2015-04-27.12:04:11'/>
	<end value='2015-04-27.12:04:49'/>
	<frames value='29080'/>
	<gameDuration value='1817'/>

	<player>
		<unitScore value='13150'/>
		<killScore value='26300'/>
		<buildingScore value='3825'/>
		<razingScore value='9225'/>
		<mineralScore value='19638'/>
		<gasScore value='1824'/>
		<totalScore value='73962'/>
	</player>

	<enemy>
		<race value='Terran'/>
		<unitScore value='13950'/>
		<unitScore value='13950'/>
		<killScore value='7000'/>
		<buildingScore value='3075'/>
		<razingScore value='1350'/>
		<mineralScore value='13010'/>
		<gasScore value='6048'/>
		<totalScore value='44433'/>
	</enemy>

	<scoreRatio value='1.66457'/>
</results>
