<results>
	<result value='win'/>
	<start value='2015-04-27.12:05:34'/>
	<end value='2015-04-27.12:06:03'/>
	<frames value='25546'/>
	<gameDuration value='1596'/>

	<player>
		<unitScore value='12875'/>
		<killScore value='21200'/>
		<buildingScore value='3425'/>
		<razingScore value='8775'/>
		<mineralScore value='18522'/>
		<gasScore value='2032'/>
		<totalScore value='66829'/>
	</player>

	<enemy>
		<race value='Terran'/>
		<unitScore value='11700'/>
		<unitScore value='11700'/>
		<killScore value='10250'/>
		<buildingScore value='2925'/>
		<razingScore value='150'/>
		<mineralScore value='11034'/>
		<gasScore value='4648'/>
		<totalScore value='40707'/>
	</enemy>

	<scoreRatio value='1.64171'/>
</results>
