<results>
	<result value='loss'/>
	<start value='2015-04-27.12:14:16'/>
	<end value='2015-04-27.12:14:52'/>
	<frames value='43526'/>
	<gameDuration value='2720'/>

	<player>
		<unitScore value='11750'/>
		<killScore value='14600'/>
		<buildingScore value='1275'/>
		<razingScore value='900'/>
		<mineralScore value='13786'/>
		<gasScore value='0'/>
		<totalScore value='42311'/>
	</player>

	<enemy>
		<race value='Terran'/>
		<unitScore value='28150'/>
		<unitScore value='28150'/>
		<killScore value='23500'/>
		<buildingScore value='5300'/>
		<razingScore value='3825'/>
		<mineralScore value='22130'/>
		<gasScore value='12680'/>
		<totalScore value='95585'/>
	</enemy>

	<scoreRatio value='0.442653'/>
</results>
