<results>
	<result value='win'/>
	<start value='2015-04-29.22:46:05'/>
	<end value='2015-04-29.22:46:41'/>
	<frames value='25732'/>
	<gameDuration value='1608'/>

	<player>
		<unitScore value='15700'/>
		<killScore value='22730'/>
		<buildingScore value='4525'/>
		<razingScore value='5700'/>
		<mineralScore value='23866'/>
		<gasScore value='2736'/>
		<totalScore value='75257'/>
	</player>

	<enemy>
		<race value='Zerg'/>
		<unitScore value='9725'/>
		<unitScore value='9725'/>
		<killScore value='12250'/>
		<buildingScore value='1900'/>
		<razingScore value='0'/>
		<mineralScore value='10090'/>
		<gasScore value='2784'/>
		<totalScore value='36749'/>
	</enemy>

	<scoreRatio value='2.04787'/>
	<timeFitness value='0.776667'/>
	<unitsAverage value='93'/>
</results>
