<results>
	<result value='loss'/>
	<start value='2015-05-06.02:54:21'/>
	<end value='2015-05-06.02:55:28'/>
	<frames value='54841'/>
	<gameDuration value='3427'/>

	<player>
		<unitScore value='22400'/>
		<killScore value='58150'/>
		<buildingScore value='3000'/>
		<razingScore value='1500'/>
		<mineralScore value='25218'/>
		<gasScore value='4962'/>
		<totalScore value='115230'/>
	</player>

	<enemy>
		<race value='Zerg'/>
		<unitScore value='47800'/>
		<unitScore value='47800'/>
		<killScore value='44800'/>
		<buildingScore value='5315'/>
		<razingScore value='9000'/>
		<mineralScore value='35754'/>
		<gasScore value='14848'/>
		<totalScore value='157517'/>
	</enemy>

	<scoreRatio value='0.73154'/>
	<timeFitness value='0.475972'/>
	<unitsAverage value='71'/>
</results>
