<results>
	<result value='win'/>
	<start value='2015-05-06.03:01:00'/>
	<end value='2015-05-06.03:01:23'/>
	<frames value='21516'/>
	<gameDuration value='1344'/>

	<player>
		<unitScore value='10750'/>
		<killScore value='22230'/>
		<buildingScore value='2850'/>
		<razingScore value='4560'/>
		<mineralScore value='14946'/>
		<gasScore value='1656'/>
		<totalScore value='56992'/>
	</player>

	<enemy>
		<race value='Zerg'/>
		<unitScore value='10300'/>
		<unitScore value='10300'/>
		<killScore value='6800'/>
		<buildingScore value='1520'/>
		<razingScore value='0'/>
		<mineralScore value='8794'/>
		<gasScore value='2496'/>
		<totalScore value='29910'/>
	</enemy>

	<scoreRatio value='1.90545'/>
	<timeFitness value='0.813333'/>
	<unitsAverage value='66'/>
</results>
