<results>
	<result value='win'/>
	<start value='2015-05-06.03:13:15'/>
	<end value='2015-05-06.03:14:31'/>
	<frames value='39279'/>
	<gameDuration value='2454'/>

	<player>
		<unitScore value='29100'/>
		<killScore value='43730'/>
		<buildingScore value='4125'/>
		<razingScore value='6735'/>
		<mineralScore value='36162'/>
		<gasScore value='4000'/>
		<totalScore value='123852'/>
	</player>

	<enemy>
		<race value='Zerg'/>
		<unitScore value='22300'/>
		<unitScore value='22300'/>
		<killScore value='34650'/>
		<buildingScore value='2245'/>
		<razingScore value='0'/>
		<mineralScore value='18874'/>
		<gasScore value='7786'/>
		<totalScore value='85855'/>
	</enemy>

	<scoreRatio value='1.44257'/>
	<timeFitness value='0.659167'/>
	<unitsAverage value='130'/>
</results>
