<results>
	<result value='loss'/>
	<start value='2015-04-08.03:21:52'/>
	<end value='2015-04-08.03:22:30'/>
	<frames value='42968'/>
	<gameDuration value='2685'/>

	<player>
		<unitScore value='21800'/>
		<killScore value='31450'/>
		<buildingScore value='2625'/>
		<razingScore value='0'/>
		<mineralScore value='26214'/>
		<gasScore value='4240'/>
		<totalScore value='86329'/>
	</player>

	<enemy>
		<race value='Protoss'/>
		<unitScore value='34550'/>
		<unitScore value='34550'/>
		<killScore value='43350'/>
		<buildingScore value='7350'/>
		<razingScore value='8025'/>
		<mineralScore value='30842'/>
		<gasScore value='11874'/>
		<totalScore value='135991'/>
	</enemy>

	<scoreRatio value='0.634814'/>
</results>
