<results>
	<result value='loss'/>
	<start value='2015-04-08.03:25:23'/>
	<end value='2015-04-08.03:26:11'/>
	<frames value='50811'/>
	<gameDuration value='3175'/>

	<player>
		<unitScore value='29500'/>
		<killScore value='37950'/>
		<buildingScore value='3250'/>
		<razingScore value='900'/>
		<mineralScore value='31302'/>
		<gasScore value='4632'/>
		<totalScore value='107534'/>
	</player>

	<enemy>
		<race value='Protoss'/>
		<unitScore value='35600'/>
		<unitScore value='35600'/>
		<killScore value='59200'/>
		<buildingScore value='6525'/>
		<razingScore value='9600'/>
		<mineralScore value='29790'/>
		<gasScore value='11224'/>
		<totalScore value='151939'/>
	</enemy>

	<scoreRatio value='0.707745'/>
</results>
