<results>
	<result value='draw'/>
	<start value='2015-07-12.16:09:36'/>
	<end value='2015-07-12.16:10:37'/>
	<frames value='57601'/>
	<gameDuration value='3600'/>

	<player>
		<unitScore value='27650'/>
		<killScore value='21800'/>
		<buildingScore value='3875'/>
		<razingScore value='0'/>
		<mineralScore value='25926'/>
		<gasScore value='4936'/>
		<totalScore value='84187'/>
	</player>

	<enemy>
		<race value='Terran'/>
		<unitScore value='40075'/>
		<killScore value='47200'/>
		<buildingScore value='4975'/>
		<razingScore value='10650'/>
		<mineralScore value='26194'/>
		<gasScore value='17296'/>
		<totalScore value='146390'/>
	</enemy>

	<scoreRatio value='0.575087'/>
	<timeFitness value='0.5'/>
	<unitsAverage value='86'/>
</results>
