<results>
	<result value='draw'/>
	<start value='2015-07-12.16:24:03'/>
	<end value='2015-07-12.16:24:48'/>
	<frames value='57601'/>
	<gameDuration value='3600'/>

	<player>
		<unitScore value='27325'/>
		<killScore value='14700'/>
		<buildingScore value='3600'/>
		<razingScore value='0'/>
		<mineralScore value='22750'/>
		<gasScore value='6232'/>
		<totalScore value='74607'/>
	</player>

	<enemy>
		<race value='Terran'/>
		<unitScore value='11525'/>
		<killScore value='44800'/>
		<buildingScore value='3275'/>
		<razingScore value='5175'/>
		<mineralScore value='12050'/>
		<gasScore value='6594'/>
		<totalScore value='83419'/>
	</enemy>

	<scoreRatio value='0.894365'/>
	<timeFitness value='0.5'/>
	<unitsAverage value='68'/>
</results>
