<results>
	<result value='loss'/>
	<start value='2014-07-05.23:50:07'/>
	<end value='2014-07-05.23:50:44'/>
	<frames value='47897'/>
	<gameDuration value='2993'/>

	<player>
		<unitScore value='21800'/>
		<killScore value='46650'/>
		<buildingScore value='3375'/>
		<razingScore value='1650'/>
		<mineralScore value='24362'/>
		<gasScore value='3944'/>
		<totalScore value='101781'/>
	</player>

	<enemy>
		<race value='Protoss'/>
		<unitScore value='36800'/>
		<unitScore value='36800'/>
		<killScore value='43450'/>
		<buildingScore value='7525'/>
		<razingScore value='10125'/>
		<mineralScore value='33086'/>
		<gasScore value='11128'/>
		<totalScore value='142114'/>
	</enemy>

	<scoreRatio value='0.716193'/>
</results>
