<results>
	<result value='loss'/>
	<start value='2015-04-29.18:06:21'/>
	<end value='2015-04-29.18:06:42'/>
	<frames value='23500'/>
	<gameDuration value='1468'/>

	<player>
		<unitScore value='4950'/>
		<killScore value='7350'/>
		<buildingScore value='1150'/>
		<razingScore value='0'/>
		<mineralScore value='11754'/>
		<gasScore value='1576'/>
		<totalScore value='26780'/>
	</player>

	<enemy>
		<race value='Zerg'/>
		<unitScore value='11800'/>
		<unitScore value='11800'/>
		<killScore value='9900'/>
		<buildingScore value='3020'/>
		<razingScore value='3450'/>
		<mineralScore value='12522'/>
		<gasScore value='4432'/>
		<totalScore value='45124'/>
	</enemy>

	<scoreRatio value='0.593476'/>
	<timeFitness value='0.203889'/>
	<unitsAverage value='43'/>
</results>
