<results>
	<result value='win'/>
	<start value='2015-04-29.18:22:53'/>
	<end value='2015-04-29.18:23:29'/>
	<frames value='30630'/>
	<gameDuration value='1914'/>

	<player>
		<unitScore value='15750'/>
		<killScore value='26140'/>
		<buildingScore value='4050'/>
		<razingScore value='9135'/>
		<mineralScore value='21014'/>
		<gasScore value='2632'/>
		<totalScore value='78721'/>
	</player>

	<enemy>
		<race value='Zerg'/>
		<unitScore value='11925'/>
		<unitScore value='11925'/>
		<killScore value='12700'/>
		<buildingScore value='3045'/>
		<razingScore value='375'/>
		<mineralScore value='12826'/>
		<gasScore value='3896'/>
		<totalScore value='44767'/>
	</enemy>

	<scoreRatio value='1.75846'/>
	<timeFitness value='0.734167'/>
	<unitsAverage value='70'/>
</results>
