<results>
	<result value='loss'/>
	<start value='2015-04-09.02:11:30'/>
	<end value='2015-04-09.02:11:38'/>
	<frames value='16494'/>
	<gameDuration value='1030'/>

	<player>
		<unitScore value='3400'/>
		<killScore value='600'/>
		<buildingScore value='1650'/>
		<razingScore value='0'/>
		<mineralScore value='5170'/>
		<gasScore value='704'/>
		<totalScore value='11524'/>
	</player>

	<enemy>
		<race value='Protoss'/>
		<unitScore value='3600'/>
		<unitScore value='3600'/>
		<killScore value='6800'/>
		<buildingScore value='3975'/>
		<razingScore value='4950'/>
		<mineralScore value='8602'/>
		<gasScore value='1608'/>
		<totalScore value='29535'/>
	</enemy>

	<scoreRatio value='0.390181'/>
</results>
