<results>
	<result value='win'/>
	<start value='2015-05-01.16:36:23'/>
	<end value='2015-05-01.16:36:55'/>
	<frames value='26755'/>
	<gameDuration value='1672'/>

	<player>
		<unitScore value='18525'/>
		<killScore value='26780'/>
		<buildingScore value='3725'/>
		<razingScore value='6435'/>
		<mineralScore value='24510'/>
		<gasScore value='1904'/>
		<totalScore value='81879'/>
	</player>

	<enemy>
		<race value='Zerg'/>
		<unitScore value='12850'/>
		<unitScore value='12850'/>
		<killScore value='18500'/>
		<buildingScore value='2145'/>
		<razingScore value='0'/>
		<mineralScore value='11362'/>
		<gasScore value='3752'/>
		<totalScore value='48609'/>
	</enemy>

	<scoreRatio value='1.68444'/>
	<timeFitness value='0.767778'/>
	<unitsAverage value='93'/>
</results>
