<results>
	<result value='win'/>
	<start value='2015-04-26.15:13:54'/>
	<end value='2015-04-26.15:14:25'/>
	<frames value='30072'/>
	<gameDuration value='1879'/>

	<player>
		<unitScore value='19075'/>
		<killScore value='26950'/>
		<buildingScore value='4125'/>
		<razingScore value='9450'/>
		<mineralScore value='26330'/>
		<gasScore value='2320'/>
		<totalScore value='88250'/>
	</player>

	<enemy>
		<race value='Terran'/>
		<unitScore value='14175'/>
		<unitScore value='14175'/>
		<killScore value='17800'/>
		<buildingScore value='3150'/>
		<razingScore value='150'/>
		<mineralScore value='12318'/>
		<gasScore value='5230'/>
		<totalScore value='52823'/>
	</enemy>

	<scoreRatio value='1.67067'/>
</results>
