<results>
	<result value='win'/>
	<start value='2015-05-10.20:31:52'/>
	<end value='2015-05-10.20:32:22'/>
	<frames value='28646'/>
	<gameDuration value='1790'/>

	<player>
		<unitScore value='20725'/>
		<killScore value='36010'/>
		<buildingScore value='4025'/>
		<razingScore value='5040'/>
		<mineralScore value='27522'/>
		<gasScore value='2576'/>
		<totalScore value='95898'/>
	</player>

	<enemy>
		<race value='Zerg'/>
		<unitScore value='14825'/>
		<unitScore value='14825'/>
		<killScore value='20150'/>
		<buildingScore value='1680'/>
		<razingScore value='0'/>
		<mineralScore value='13034'/>
		<gasScore value='3752'/>
		<totalScore value='53441'/>
	</enemy>

	<scoreRatio value='1.79446'/>
	<timeFitness value='0.751389'/>
	<unitsAverage value='98'/>
</results>
