<results>
	<result value='loss'/>
	<start value='2015-04-26.04:58:31'/>
	<end value='2015-04-26.04:59:12'/>
	<frames value='51989'/>
	<gameDuration value='3249'/>

	<player>
		<unitScore value='22450'/>
		<killScore value='30950'/>
		<buildingScore value='3000'/>
		<razingScore value='225'/>
		<mineralScore value='24242'/>
		<gasScore value='4296'/>
		<totalScore value='85163'/>
	</player>

	<enemy>
		<race value='Terran'/>
		<unitScore value='39875'/>
		<unitScore value='39875'/>
		<killScore value='44900'/>
		<buildingScore value='5550'/>
		<razingScore value='9150'/>
		<mineralScore value='26282'/>
		<gasScore value='16824'/>
		<totalScore value='142581'/>
	</enemy>

	<scoreRatio value='0.597296'/>
</results>
