<results>
	<result value='draw'/>
	<start value='2015-04-26.04:59:38'/>
	<end value='2015-04-26.05:00:35'/>
	<frames value='57601'/>
	<gameDuration value='3600'/>

	<player>
		<unitScore value='28625'/>
		<killScore value='30800'/>
		<buildingScore value='2900'/>
		<razingScore value='1950'/>
		<mineralScore value='25598'/>
		<gasScore value='7422'/>
		<totalScore value='97295'/>
	</player>

	<enemy>
		<race value='Terran'/>
		<unitScore value='28025'/>
		<unitScore value='28025'/>
		<killScore value='46150'/>
		<buildingScore value='5400'/>
		<razingScore value='2550'/>
		<mineralScore value='31378'/>
		<gasScore value='12312'/>
		<totalScore value='125815'/>
	</enemy>

	<scoreRatio value='0.773318'/>
</results>
