<results>
	<result value='loss'/>
	<start value='2015-04-26.05:00:48'/>
	<end value='2015-04-26.05:00:58'/>
	<frames value='19873'/>
	<gameDuration value='1242'/>

	<player>
		<unitScore value='3300'/>
		<killScore value='2600'/>
		<buildingScore value='1775'/>
		<razingScore value='0'/>
		<mineralScore value='5346'/>
		<gasScore value='1000'/>
		<totalScore value='14021'/>
	</player>

	<enemy>
		<race value='Terran'/>
		<unitScore value='7200'/>
		<unitScore value='7200'/>
		<killScore value='6600'/>
		<buildingScore value='2925'/>
		<razingScore value='5325'/>
		<mineralScore value='9586'/>
		<gasScore value='3384'/>
		<totalScore value='35020'/>
	</enemy>

	<scoreRatio value='0.400371'/>
</results>
