<results>
	<result value='loss'/>
	<start value='2015-05-09.10:29:20'/>
	<end value='2015-05-09.10:29:31'/>
	<frames value='22291'/>
	<gameDuration value='1393'/>

	<player>
		<unitScore value='6550'/>
		<killScore value='2800'/>
		<buildingScore value='2450'/>
		<razingScore value='0'/>
		<mineralScore value='8826'/>
		<gasScore value='1256'/>
		<totalScore value='21882'/>
	</player>

	<enemy>
		<race value='Terran'/>
		<unitScore value='9650'/>
		<unitScore value='9650'/>
		<killScore value='13100'/>
		<buildingScore value='3275'/>
		<razingScore value='7350'/>
		<mineralScore value='10802'/>
		<gasScore value='4600'/>
		<totalScore value='48777'/>
	</enemy>

	<scoreRatio value='0.448613'/>
	<timeFitness value='0.193472'/>
	<unitsAverage value='31'/>
</results>
