<results>
	<result value='win'/>
	<start value='2015-05-09.10:31:27'/>
	<end value='2015-05-09.10:31:41'/>
	<frames value='23190'/>
	<gameDuration value='1449'/>

	<player>
		<unitScore value='8875'/>
		<killScore value='15200'/>
		<buildingScore value='3225'/>
		<razingScore value='6150'/>
		<mineralScore value='14350'/>
		<gasScore value='2504'/>
		<totalScore value='50304'/>
	</player>

	<enemy>
		<race value='Terran'/>
		<unitScore value='7700'/>
		<unitScore value='7700'/>
		<killScore value='5250'/>
		<buildingScore value='2050'/>
		<razingScore value='1650'/>
		<mineralScore value='8250'/>
		<gasScore value='2392'/>
		<totalScore value='27292'/>
	</enemy>

	<scoreRatio value='1.84318'/>
	<timeFitness value='0.79875'/>
	<unitsAverage value='57'/>
</results>
