<results>
	<result value='loss'/>
	<start value='2015-05-04.08:17:40'/>
	<end value='2015-05-04.08:17:52'/>
	<frames value='22074'/>
	<gameDuration value='1379'/>

	<player>
		<unitScore value='5750'/>
		<killScore value='4900'/>
		<buildingScore value='1350'/>
		<razingScore value='0'/>
		<mineralScore value='7010'/>
		<gasScore value='1288'/>
		<totalScore value='20298'/>
	</player>

	<enemy>
		<race value='Terran'/>
		<unitScore value='9025'/>
		<unitScore value='9025'/>
		<killScore value='11500'/>
		<buildingScore value='3550'/>
		<razingScore value='4050'/>
		<mineralScore value='10722'/>
		<gasScore value='4416'/>
		<totalScore value='43263'/>
	</enemy>

	<scoreRatio value='0.469177'/>
	<timeFitness value='0.191528'/>
	<unitsAverage value='27'/>
</results>
