<results>
	<result value='win'/>
	<start value='2015-05-09.10:34:02'/>
	<end value='2015-05-09.10:34:25'/>
	<frames value='23748'/>
	<gameDuration value='1484'/>

	<player>
		<unitScore value='10550'/>
		<killScore value='18450'/>
		<buildingScore value='3325'/>
		<razingScore value='6450'/>
		<mineralScore value='15954'/>
		<gasScore value='1848'/>
		<totalScore value='56577'/>
	</player>

	<enemy>
		<race value='Terran'/>
		<unitScore value='9225'/>
		<unitScore value='9225'/>
		<killScore value='7650'/>
		<buildingScore value='2225'/>
		<razingScore value='1425'/>
		<mineralScore value='10354'/>
		<gasScore value='3544'/>
		<totalScore value='34423'/>
	</enemy>

	<scoreRatio value='1.64358'/>
	<timeFitness value='0.793889'/>
	<unitsAverage value='65'/>
</results>
