<results>
	<result value='loss'/>
	<start value='2015-04-08.19:05:52'/>
	<end value='2015-04-08.19:06:00'/>
	<frames value='18106'/>
	<gameDuration value='1131'/>

	<player>
		<unitScore value='2850'/>
		<killScore value='1400'/>
		<buildingScore value='1750'/>
		<razingScore value='0'/>
		<mineralScore value='4938'/>
		<gasScore value='800'/>
		<totalScore value='11738'/>
	</player>

	<enemy>
		<race value='Protoss'/>
		<unitScore value='4400'/>
		<unitScore value='4400'/>
		<killScore value='5700'/>
		<buildingScore value='4225'/>
		<razingScore value='5250'/>
		<mineralScore value='10130'/>
		<gasScore value='2048'/>
		<totalScore value='31753'/>
	</enemy>

	<scoreRatio value='0.369666'/>
</results>
