<results>
	<result value='loss'/>
	<start value='2015-04-16.19:59:35'/>
	<end value='2015-04-16.19:59:48'/>
	<frames value='15409'/>
	<gameDuration value='963'/>

	<player>
		<unitScore value='2825'/>
		<killScore value='1000'/>
		<buildingScore value='1575'/>
		<razingScore value='0'/>
		<mineralScore value='4282'/>
		<gasScore value='744'/>
		<totalScore value='10426'/>
	</player>

	<enemy>
		<race value='Protoss'/>
		<unitScore value='3550'/>
		<unitScore value='3550'/>
		<killScore value='5750'/>
		<buildingScore value='3125'/>
		<razingScore value='4725'/>
		<mineralScore value='8082'/>
		<gasScore value='1512'/>
		<totalScore value='26744'/>
	</enemy>

	<scoreRatio value='0.389844'/>
</results>
