<results>
	<result value='win'/>
	<start value='2015-05-08.22:31:44'/>
	<end value='2015-05-08.22:32:10'/>
	<frames value='24926'/>
	<gameDuration value='1557'/>

	<player>
		<unitScore value='14125'/>
		<killScore value='19500'/>
		<buildingScore value='3650'/>
		<razingScore value='7050'/>
		<mineralScore value='21338'/>
		<gasScore value='2184'/>
		<totalScore value='67847'/>
	</player>

	<enemy>
		<race value='Terran'/>
		<unitScore value='9750'/>
		<unitScore value='9750'/>
		<killScore value='10900'/>
		<buildingScore value='2350'/>
		<razingScore value='1800'/>
		<mineralScore value='10410'/>
		<gasScore value='3600'/>
		<totalScore value='38810'/>
	</enemy>

	<scoreRatio value='1.74818'/>
	<timeFitness value='0.78375'/>
	<unitsAverage value='88'/>
</results>
