<results>
	<result value='win'/>
	<start value='2015-05-08.22:41:38'/>
	<end value='2015-05-08.22:42:32'/>
	<frames value='35094'/>
	<gameDuration value='2193'/>

	<player>
		<unitScore value='17200'/>
		<killScore value='29700'/>
		<buildingScore value='4475'/>
		<razingScore value='11625'/>
		<mineralScore value='39398'/>
		<gasScore value='4624'/>
		<totalScore value='107022'/>
	</player>

	<enemy>
		<race value='Terran'/>
		<unitScore value='14850'/>
		<unitScore value='14850'/>
		<killScore value='12150'/>
		<buildingScore value='3875'/>
		<razingScore value='1575'/>
		<mineralScore value='17498'/>
		<gasScore value='5106'/>
		<totalScore value='55054'/>
	</enemy>

	<scoreRatio value='1.94395'/>
	<timeFitness value='0.695417'/>
	<unitsAverage value='126'/>
</results>
