<results>
	<result value='win'/>
	<start value='2015-04-29.16:37:50'/>
	<end value='2015-04-29.16:38:22'/>
	<frames value='28615'/>
	<gameDuration value='1788'/>

	<player>
		<unitScore value='16475'/>
		<killScore value='19750'/>
		<buildingScore value='4150'/>
		<razingScore value='15225'/>
		<mineralScore value='22890'/>
		<gasScore value='1984'/>
		<totalScore value='80474'/>
	</player>

	<enemy>
		<race value='Protoss'/>
		<unitScore value='9875'/>
		<unitScore value='9875'/>
		<killScore value='13850'/>
		<buildingScore value='5075'/>
		<razingScore value='150'/>
		<mineralScore value='13254'/>
		<gasScore value='3088'/>
		<totalScore value='45292'/>
	</enemy>

	<scoreRatio value='1.77678'/>
</results>
