<results>
	<result value='loss'/>
	<start value='2015-07-17.13:28:03'/>
	<end value='2015-07-17.13:28:17'/>
	<frames value='21857'/>
	<gameDuration value='1366'/>

	<player>
		<unitScore value='6725'/>
		<killScore value='5300'/>
		<buildingScore value='1800'/>
		<razingScore value='1350'/>
		<mineralScore value='7330'/>
		<gasScore value='1400'/>
		<totalScore value='23905'/>
	</player>

	<enemy>
		<race value='Terran'/>
		<unitScore value='7700'/>
		<killScore value='11650'/>
		<buildingScore value='2800'/>
		<razingScore value='5400'/>
		<mineralScore value='10114'/>
		<gasScore value='3640'/>
		<totalScore value='41304'/>
	</enemy>

	<scoreRatio value='0.578758'/>
	<timeFitness value='0.189722'/>
	<unitsAverage value='31'/>
</results>
