<results>
	<result value='win'/>
	<start value='2015-05-10.19:59:11'/>
	<end value='2015-05-10.19:59:55'/>
	<frames value='26197'/>
	<gameDuration value='1637'/>

	<player>
		<unitScore value='16775'/>
		<killScore value='32885'/>
		<buildingScore value='3850'/>
		<razingScore value='5040'/>
		<mineralScore value='21298'/>
		<gasScore value='2568'/>
		<totalScore value='82416'/>
	</player>

	<enemy>
		<race value='Zerg'/>
		<unitScore value='14425'/>
		<unitScore value='14425'/>
		<killScore value='14250'/>
		<buildingScore value='1680'/>
		<razingScore value='0'/>
		<mineralScore value='12138'/>
		<gasScore value='3328'/>
		<totalScore value='45821'/>
	</enemy>

	<scoreRatio value='1.79865'/>
	<timeFitness value='0.772639'/>
	<unitsAverage value='88'/>
</results>
