<results>
	<result value='loss'/>
	<start value='2015-05-09.20:37:21'/>
	<end value='2015-05-09.20:38:02'/>
	<frames value='45448'/>
	<gameDuration value='2840'/>

	<player>
		<unitScore value='18350'/>
		<killScore value='20000'/>
		<buildingScore value='2500'/>
		<razingScore value='600'/>
		<mineralScore value='22270'/>
		<gasScore value='928'/>
		<totalScore value='64648'/>
	</player>

	<enemy>
		<race value='Protoss'/>
		<unitScore value='29600'/>
		<unitScore value='29600'/>
		<killScore value='36700'/>
		<buildingScore value='7675'/>
		<razingScore value='7500'/>
		<mineralScore value='30202'/>
		<gasScore value='11802'/>
		<totalScore value='123479'/>
	</enemy>

	<scoreRatio value='0.523555'/>
	<timeFitness value='0.394444'/>
	<unitsAverage value='64'/>
</results>
