<results>
	<result value='loss'/>
	<start value='2015-05-03.15:17:58'/>
	<end value='2015-05-03.15:18:06'/>
	<frames value='15936'/>
	<gameDuration value='996'/>

	<player>
		<unitScore value='2425'/>
		<killScore value='600'/>
		<buildingScore value='1250'/>
		<razingScore value='0'/>
		<mineralScore value='3818'/>
		<gasScore value='752'/>
		<totalScore value='8845'/>
	</player>

	<enemy>
		<race value='Protoss'/>
		<unitScore value='3600'/>
		<unitScore value='3600'/>
		<killScore value='4850'/>
		<buildingScore value='3675'/>
		<razingScore value='3750'/>
		<mineralScore value='8538'/>
		<gasScore value='1584'/>
		<totalScore value='25997'/>
	</enemy>

	<scoreRatio value='0.340232'/>
	<timeFitness value='0.138333'/>
	<unitsAverage value='19'/>
</results>
