<results>
	<result value='loss'/>
	<start value='2015-05-09.20:58:13'/>
	<end value='2015-05-09.20:58:20'/>
	<frames value='13983'/>
	<gameDuration value='873'/>

	<player>
		<unitScore value='2625'/>
		<killScore value='400'/>
		<buildingScore value='1450'/>
		<razingScore value='0'/>
		<mineralScore value='3834'/>
		<gasScore value='592'/>
		<totalScore value='8901'/>
	</player>

	<enemy>
		<race value='Protoss'/>
		<unitScore value='3550'/>
		<unitScore value='3550'/>
		<killScore value='5250'/>
		<buildingScore value='2175'/>
		<razingScore value='4350'/>
		<mineralScore value='7106'/>
		<gasScore value='1120'/>
		<totalScore value='23551'/>
	</enemy>

	<scoreRatio value='0.377946'/>
	<timeFitness value='0.12125'/>
	<unitsAverage value='20'/>
</results>
