<results>
	<result value='win'/>
	<start value='2015-04-26.16:27:27'/>
	<end value='2015-04-26.16:27:46'/>
	<frames value='23221'/>
	<gameDuration value='1451'/>

	<player>
		<unitScore value='11175'/>
		<killScore value='16000'/>
		<buildingScore value='3325'/>
		<razingScore value='4275'/>
		<mineralScore value='15526'/>
		<gasScore value='1480'/>
		<totalScore value='51781'/>
	</player>

	<enemy>
		<race value='Terran'/>
		<unitScore value='8000'/>
		<unitScore value='8000'/>
		<killScore value='8050'/>
		<buildingScore value='1500'/>
		<razingScore value='1350'/>
		<mineralScore value='11010'/>
		<gasScore value='2824'/>
		<totalScore value='32734'/>
	</enemy>

	<scoreRatio value='1.58187'/>
</results>
