<results>
	<result value='draw'/>
	<start value='2015-04-26.16:35:55'/>
	<end value='2015-04-26.16:37:04'/>
	<frames value='57601'/>
	<gameDuration value='3600'/>

	<player>
		<unitScore value='29725'/>
		<killScore value='31650'/>
		<buildingScore value='3975'/>
		<razingScore value='450'/>
		<mineralScore value='31934'/>
		<gasScore value='7704'/>
		<totalScore value='105438'/>
	</player>

	<enemy>
		<race value='Terran'/>
		<unitScore value='26600'/>
		<unitScore value='26600'/>
		<killScore value='51300'/>
		<buildingScore value='4175'/>
		<razingScore value='4275'/>
		<mineralScore value='19550'/>
		<gasScore value='12390'/>
		<totalScore value='118290'/>
	</enemy>

	<scoreRatio value='0.891352'/>
</results>
