<results>
	<result value='loss'/>
	<start value='2015-04-13.01:59:52'/>
	<end value='2015-04-13.02:00:07'/>
	<frames value='15874'/>
	<gameDuration value='992'/>

	<player>
		<unitScore value='4100'/>
		<killScore value='2800'/>
		<buildingScore value='1525'/>
		<razingScore value='0'/>
		<mineralScore value='5722'/>
		<gasScore value='880'/>
		<totalScore value='15027'/>
	</player>

	<enemy>
		<race value='Protoss'/>
		<unitScore value='3550'/>
		<unitScore value='3550'/>
		<killScore value='8200'/>
		<buildingScore value='3875'/>
		<razingScore value='3375'/>
		<mineralScore value='8426'/>
		<gasScore value='1632'/>
		<totalScore value='29058'/>
	</enemy>

	<scoreRatio value='0.517138'/>
</results>
