<results>
	<result value='win'/>
	<start value='2015-05-02.22:00:56'/>
	<end value='2015-05-02.22:01:19'/>
	<frames value='22601'/>
	<gameDuration value='1412'/>

	<player>
		<unitScore value='9825'/>
		<killScore value='13850'/>
		<buildingScore value='3575'/>
		<razingScore value='6600'/>
		<mineralScore value='15722'/>
		<gasScore value='1752'/>
		<totalScore value='51324'/>
	</player>

	<enemy>
		<race value='Terran'/>
		<unitScore value='6925'/>
		<unitScore value='6925'/>
		<killScore value='3900'/>
		<buildingScore value='2200'/>
		<razingScore value='1350'/>
		<mineralScore value='9202'/>
		<gasScore value='2856'/>
		<totalScore value='26433'/>
	</enemy>

	<scoreRatio value='1.94166'/>
	<timeFitness value='0.803889'/>
	<unitsAverage value='67'/>
</results>
