<results>
	<result value='win'/>
	<start value='2015-05-08.18:25:47'/>
	<end value='2015-05-08.18:26:10'/>
	<frames value='22787'/>
	<gameDuration value='1424'/>

	<player>
		<unitScore value='8725'/>
		<killScore value='18150'/>
		<buildingScore value='2975'/>
		<razingScore value='6900'/>
		<mineralScore value='14458'/>
		<gasScore value='1648'/>
		<totalScore value='52856'/>
	</player>

	<enemy>
		<race value='Terran'/>
		<unitScore value='9775'/>
		<unitScore value='9775'/>
		<killScore value='4800'/>
		<buildingScore value='2300'/>
		<razingScore value='0'/>
		<mineralScore value='9626'/>
		<gasScore value='3000'/>
		<totalScore value='29501'/>
	</enemy>

	<scoreRatio value='1.79167'/>
	<timeFitness value='0.802222'/>
	<unitsAverage value='65'/>
</results>
