<results>
	<result value='loss'/>
	<start value='2015-05-02.22:12:18'/>
	<end value='2015-05-02.22:12:40'/>
	<frames value='26383'/>
	<gameDuration value='1648'/>

	<player>
		<unitScore value='8175'/>
		<killScore value='5550'/>
		<buildingScore value='2700'/>
		<razingScore value='0'/>
		<mineralScore value='10970'/>
		<gasScore value='1664'/>
		<totalScore value='29059'/>
	</player>

	<enemy>
		<race value='Terran'/>
		<unitScore value='12525'/>
		<unitScore value='12525'/>
		<killScore value='16350'/>
		<buildingScore value='4475'/>
		<razingScore value='8100'/>
		<mineralScore value='13486'/>
		<gasScore value='6224'/>
		<totalScore value='61160'/>
	</enemy>

	<scoreRatio value='0.475131'/>
	<timeFitness value='0.228889'/>
	<unitsAverage value='34'/>
</results>
