<results>
	<result value='win'/>
	<start value='2015-05-08.18:32:52'/>
	<end value='2015-05-08.18:33:19'/>
	<frames value='24151'/>
	<gameDuration value='1509'/>

	<player>
		<unitScore value='12175'/>
		<killScore value='19900'/>
		<buildingScore value='3800'/>
		<razingScore value='8250'/>
		<mineralScore value='20714'/>
		<gasScore value='3024'/>
		<totalScore value='67863'/>
	</player>

	<enemy>
		<race value='Terran'/>
		<unitScore value='9950'/>
		<unitScore value='9950'/>
		<killScore value='7450'/>
		<buildingScore value='2750'/>
		<razingScore value='750'/>
		<mineralScore value='9962'/>
		<gasScore value='3392'/>
		<totalScore value='34254'/>
	</enemy>

	<scoreRatio value='1.98117'/>
	<timeFitness value='0.790417'/>
	<unitsAverage value='78'/>
</results>
