<results>
	<result value='loss'/>
	<start value='2015-05-01.16:33:09'/>
	<end value='2015-05-01.16:34:01'/>
	<frames value='47866'/>
	<gameDuration value='2991'/>

	<player>
		<unitScore value='23725'/>
		<killScore value='30800'/>
		<buildingScore value='2225'/>
		<razingScore value='1050'/>
		<mineralScore value='24034'/>
		<gasScore value='4552'/>
		<totalScore value='86386'/>
	</player>

	<enemy>
		<race value='Protoss'/>
		<unitScore value='35000'/>
		<unitScore value='35000'/>
		<killScore value='47450'/>
		<buildingScore value='8275'/>
		<razingScore value='6675'/>
		<mineralScore value='33206'/>
		<gasScore value='11936'/>
		<totalScore value='142542'/>
	</enemy>

	<scoreRatio value='0.606039'/>
</results>
