<results>
	<result value='loss'/>
	<start value='2015-05-01.16:36:03'/>
	<end value='2015-05-01.16:36:13'/>
	<frames value='16060'/>
	<gameDuration value='1003'/>

	<player>
		<unitScore value='2900'/>
		<killScore value='1200'/>
		<buildingScore value='1650'/>
		<razingScore value='0'/>
		<mineralScore value='4730'/>
		<gasScore value='512'/>
		<totalScore value='10992'/>
	</player>

	<enemy>
		<race value='Protoss'/>
		<unitScore value='3600'/>
		<unitScore value='3600'/>
		<killScore value='5800'/>
		<buildingScore value='3375'/>
		<razingScore value='4950'/>
		<mineralScore value='8362'/>
		<gasScore value='1320'/>
		<totalScore value='27407'/>
	</enemy>

	<scoreRatio value='0.401065'/>
</results>
