<results>
	<result value='loss'/>
	<start value='2015-05-01.16:46:01'/>
	<end value='2015-05-01.16:46:11'/>
	<frames value='15843'/>
	<gameDuration value='990'/>

	<player>
		<unitScore value='2625'/>
		<killScore value='800'/>
		<buildingScore value='1800'/>
		<razingScore value='0'/>
		<mineralScore value='4282'/>
		<gasScore value='608'/>
		<totalScore value='10115'/>
	</player>

	<enemy>
		<race value='Protoss'/>
		<unitScore value='3550'/>
		<unitScore value='3550'/>
		<killScore value='5250'/>
		<buildingScore value='3475'/>
		<razingScore value='5400'/>
		<mineralScore value='8138'/>
		<gasScore value='1440'/>
		<totalScore value='27253'/>
	</enemy>

	<scoreRatio value='0.371152'/>
</results>
