<results>
	<result value='win'/>
	<start value='2015-04-28.19:08:05'/>
	<end value='2015-04-28.19:08:42'/>
	<frames value='24988'/>
	<gameDuration value='1561'/>

	<player>
		<unitScore value='17200'/>
		<killScore value='21640'/>
		<buildingScore value='4025'/>
		<razingScore value='4800'/>
		<mineralScore value='26642'/>
		<gasScore value='1640'/>
		<totalScore value='75947'/>
	</player>

	<enemy>
		<race value='Zerg'/>
		<unitScore value='11525'/>
		<unitScore value='11525'/>
		<killScore value='15300'/>
		<buildingScore value='1600'/>
		<razingScore value='0'/>
		<mineralScore value='10074'/>
		<gasScore value='3480'/>
		<totalScore value='41979'/>
	</enemy>

	<scoreRatio value='1.80917'/>
</results>
