<results>
	<result value='loss'/>
	<start value='2015-05-08.06:00:59'/>
	<end value='2015-05-08.06:01:04'/>
	<frames value='8651'/>
	<gameDuration value='540'/>

	<player>
		<unitScore value='1100'/>
		<killScore value='150'/>
		<buildingScore value='675'/>
		<razingScore value='0'/>
		<mineralScore value='1554'/>
		<gasScore value='120'/>
		<totalScore value='3599'/>
	</player>

	<enemy>
		<race value='Zerg'/>
		<unitScore value='1550'/>
		<unitScore value='1550'/>
		<killScore value='2200'/>
		<buildingScore value='900'/>
		<razingScore value='2025'/>
		<mineralScore value='2530'/>
		<gasScore value='136'/>
		<totalScore value='9341'/>
	</enemy>

	<scoreRatio value='0.385291'/>
	<timeFitness value='0.075'/>
	<unitsAverage value='10'/>
</results>
