<results>
	<result value='win'/>
	<start value='2015-05-08.06:08:33'/>
	<end value='2015-05-08.06:09:24'/>
	<frames value='29855'/>
	<gameDuration value='1865'/>

	<player>
		<unitScore value='17925'/>
		<killScore value='33510'/>
		<buildingScore value='4725'/>
		<razingScore value='7335'/>
		<mineralScore value='26682'/>
		<gasScore value='3008'/>
		<totalScore value='93185'/>
	</player>

	<enemy>
		<race value='Zerg'/>
		<unitScore value='15075'/>
		<unitScore value='15075'/>
		<killScore value='15250'/>
		<buildingScore value='2445'/>
		<razingScore value='1800'/>
		<mineralScore value='14070'/>
		<gasScore value='3976'/>
		<totalScore value='52616'/>
	</enemy>

	<scoreRatio value='1.77104'/>
	<timeFitness value='0.740972'/>
	<unitsAverage value='101'/>
</results>
