<results>
	<result value='win'/>
	<start value='2015-05-08.07:10:42'/>
	<end value='2015-05-08.07:11:31'/>
	<frames value='27034'/>
	<gameDuration value='1689'/>

	<player>
		<unitScore value='15900'/>
		<killScore value='23420'/>
		<buildingScore value='5025'/>
		<razingScore value='4755'/>
		<mineralScore value='28058'/>
		<gasScore value='1808'/>
		<totalScore value='78966'/>
	</player>

	<enemy>
		<race value='Zerg'/>
		<unitScore value='10425'/>
		<unitScore value='10425'/>
		<killScore value='8750'/>
		<buildingScore value='1585'/>
		<razingScore value='0'/>
		<mineralScore value='9578'/>
		<gasScore value='2824'/>
		<totalScore value='33162'/>
	</enemy>

	<scoreRatio value='2.38122'/>
	<timeFitness value='0.765417'/>
	<unitsAverage value='107'/>
</results>
