<results>
	<result value='loss'/>
	<start value='2015-04-16.15:53:18'/>
	<end value='2015-04-16.15:53:35'/>
	<frames value='17889'/>
	<gameDuration value='1118'/>

	<player>
		<unitScore value='4125'/>
		<killScore value='800'/>
		<buildingScore value='2100'/>
		<razingScore value='150'/>
		<mineralScore value='6570'/>
		<gasScore value='848'/>
		<totalScore value='14593'/>
	</player>

	<enemy>
		<race value='Protoss'/>
		<unitScore value='4400'/>
		<unitScore value='4400'/>
		<killScore value='7700'/>
		<buildingScore value='3175'/>
		<razingScore value='6300'/>
		<mineralScore value='8962'/>
		<gasScore value='1880'/>
		<totalScore value='32417'/>
	</enemy>

	<scoreRatio value='0.450165'/>
</results>
