<results>
	<result value='win'/>
	<start value='2015-05-09.00:21:33'/>
	<end value='2015-05-09.00:21:43'/>
	<frames value='15068'/>
	<gameDuration value='941'/>

	<player>
		<unitScore value='4825'/>
		<killScore value='5650'/>
		<buildingScore value='2225'/>
		<razingScore value='3750'/>
		<mineralScore value='7490'/>
		<gasScore value='944'/>
		<totalScore value='24884'/>
	</player>

	<enemy>
		<race value='Terran'/>
		<unitScore value='2825'/>
		<unitScore value='2825'/>
		<killScore value='1300'/>
		<buildingScore value='1250'/>
		<razingScore value='1350'/>
		<mineralScore value='6418'/>
		<gasScore value='1616'/>
		<totalScore value='14759'/>
	</enemy>

	<scoreRatio value='1.68602'/>
	<timeFitness value='0.869306'/>
	<unitsAverage value='41'/>
</results>
