<results>
	<result value='win'/>
	<start value='2015-05-09.00:24:09'/>
	<end value='2015-05-09.00:24:23'/>
	<frames value='21547'/>
	<gameDuration value='1346'/>

	<player>
		<unitScore value='8250'/>
		<killScore value='13700'/>
		<buildingScore value='2850'/>
		<razingScore value='4650'/>
		<mineralScore value='12270'/>
		<gasScore value='1896'/>
		<totalScore value='43616'/>
	</player>

	<enemy>
		<race value='Terran'/>
		<unitScore value='6850'/>
		<unitScore value='6850'/>
		<killScore value='5750'/>
		<buildingScore value='1550'/>
		<razingScore value='1500'/>
		<mineralScore value='8490'/>
		<gasScore value='2360'/>
		<totalScore value='26500'/>
	</enemy>

	<scoreRatio value='1.64589'/>
	<timeFitness value='0.813056'/>
	<unitsAverage value='50'/>
</results>
