<results>
	<result value='loss'/>
	<start value='2015-07-20.19:37:57'/>
	<end value='2015-07-20.19:38:28'/>
	<frames value='29080'/>
	<gameDuration value='1817'/>

	<player>
		<unitScore value='15625'/>
		<killScore value='8950'/>
		<buildingScore value='2925'/>
		<razingScore value='1035'/>
		<mineralScore value='20082'/>
		<gasScore value='2072'/>
		<totalScore value='50689'/>
	</player>

	<enemy>
		<race value='Zerg'/>
		<unitScore value='10425'/>
		<killScore value='27050'/>
		<buildingScore value='3750'/>
		<razingScore value='8775'/>
		<mineralScore value='18378'/>
		<gasScore value='4032'/>
		<totalScore value='72410'/>
	</enemy>

	<scoreRatio value='0.700028'/>
	<timeFitness value='0.252361'/>
	<unitsAverage value='65'/>
</results>
