<results>
	<result value='loss'/>
	<start value='2015-07-20.19:49:07'/>
	<end value='2015-07-20.19:50:26'/>
	<frames value='47432'/>
	<gameDuration value='2964'/>

	<player>
		<unitScore value='28425'/>
		<killScore value='21700'/>
		<buildingScore value='3300'/>
		<razingScore value='0'/>
		<mineralScore value='25994'/>
		<gasScore value='4922'/>
		<totalScore value='84341'/>
	</player>

	<enemy>
		<race value='Zerg'/>
		<unitScore value='40925'/>
		<killScore value='49550'/>
		<buildingScore value='4815'/>
		<razingScore value='9900'/>
		<mineralScore value='31762'/>
		<gasScore value='13446'/>
		<totalScore value='150398'/>
	</enemy>

	<scoreRatio value='0.560785'/>
	<timeFitness value='0.411667'/>
	<unitsAverage value='100'/>
</results>
