<results>
	<result value='win'/>
	<start value='2015-05-06.01:52:01'/>
	<end value='2015-05-06.01:53:26'/>
	<frames value='48982'/>
	<gameDuration value='3061'/>

	<player>
		<unitScore value='27075'/>
		<killScore value='38150'/>
		<buildingScore value='4750'/>
		<razingScore value='26925'/>
		<mineralScore value='39054'/>
		<gasScore value='4376'/>
		<totalScore value='140330'/>
	</player>

	<enemy>
		<race value='Protoss'/>
		<unitScore value='20225'/>
		<unitScore value='20225'/>
		<killScore value='29500'/>
		<buildingScore value='8975'/>
		<razingScore value='450'/>
		<mineralScore value='22838'/>
		<gasScore value='8344'/>
		<totalScore value='90332'/>
	</enemy>

	<scoreRatio value='1.55349'/>
	<timeFitness value='0.574861'/>
	<unitsAverage value='144'/>
</results>
