<results>
	<result value='loss'/>
	<start value='2015-05-06.01:56:41'/>
	<end value='2015-05-06.01:56:53'/>
	<frames value='23035'/>
	<gameDuration value='1439'/>

	<player>
		<unitScore value='4800'/>
		<killScore value='2000'/>
		<buildingScore value='1500'/>
		<razingScore value='0'/>
		<mineralScore value='6666'/>
		<gasScore value='816'/>
		<totalScore value='15782'/>
	</player>

	<enemy>
		<race value='Protoss'/>
		<unitScore value='8875'/>
		<unitScore value='8875'/>
		<killScore value='9600'/>
		<buildingScore value='5325'/>
		<razingScore value='4500'/>
		<mineralScore value='13898'/>
		<gasScore value='4416'/>
		<totalScore value='46614'/>
	</enemy>

	<scoreRatio value='0.338568'/>
	<timeFitness value='0.199861'/>
	<unitsAverage value='24'/>
</results>
