<results>
	<result value='loss'/>
	<start value='2015-05-06.02:05:24'/>
	<end value='2015-05-06.02:05:41'/>
	<frames value='31033'/>
	<gameDuration value='1939'/>

	<player>
		<unitScore value='5075'/>
		<killScore value='5700'/>
		<buildingScore value='1825'/>
		<razingScore value='0'/>
		<mineralScore value='7530'/>
		<gasScore value='1160'/>
		<totalScore value='21290'/>
	</player>

	<enemy>
		<race value='Protoss'/>
		<unitScore value='14550'/>
		<unitScore value='14550'/>
		<killScore value='10150'/>
		<buildingScore value='6975'/>
		<razingScore value='5475'/>
		<mineralScore value='18970'/>
		<gasScore value='6800'/>
		<totalScore value='62920'/>
	</enemy>

	<scoreRatio value='0.338366'/>
	<timeFitness value='0.269306'/>
	<unitsAverage value='25'/>
</results>
