<results>
	<result value='loss'/>
	<start value='2015-05-06.02:06:30'/>
	<end value='2015-05-06.02:06:38'/>
	<frames value='15161'/>
	<gameDuration value='947'/>

	<player>
		<unitScore value='3400'/>
		<killScore value='600'/>
		<buildingScore value='1525'/>
		<razingScore value='0'/>
		<mineralScore value='5066'/>
		<gasScore value='712'/>
		<totalScore value='11303'/>
	</player>

	<enemy>
		<race value='Protoss'/>
		<unitScore value='3550'/>
		<unitScore value='3550'/>
		<killScore value='6100'/>
		<buildingScore value='2925'/>
		<razingScore value='4575'/>
		<mineralScore value='7674'/>
		<gasScore value='1360'/>
		<totalScore value='26184'/>
	</enemy>

	<scoreRatio value='0.431676'/>
	<timeFitness value='0.131528'/>
	<unitsAverage value='24'/>
</results>
