<results>
	<result value='loss'/>
	<start value='2015-05-06.02:06:41'/>
	<end value='2015-05-06.02:07:10'/>
	<frames value='39744'/>
	<gameDuration value='2484'/>

	<player>
		<unitScore value='15950'/>
		<killScore value='17350'/>
		<buildingScore value='2325'/>
		<razingScore value='3150'/>
		<mineralScore value='18422'/>
		<gasScore value='1488'/>
		<totalScore value='58685'/>
	</player>

	<enemy>
		<race value='Protoss'/>
		<unitScore value='20725'/>
		<unitScore value='20725'/>
		<killScore value='32000'/>
		<buildingScore value='8075'/>
		<razingScore value='6975'/>
		<mineralScore value='26802'/>
		<gasScore value='7038'/>
		<totalScore value='101615'/>
	</enemy>

	<scoreRatio value='0.577523'/>
	<timeFitness value='0.345'/>
	<unitsAverage value='53'/>
</results>
