<results>
	<result value='win'/>
	<start value='2014-07-05.11:58:32'/>
	<end value='2014-07-05.11:59:03'/>
	<frames value='31219'/>
	<gameDuration value='1951'/>

	<player>
		<unitScore value='18700'/>
		<killScore value='25430'/>
		<buildingScore value='4750'/>
		<razingScore value='6435'/>
		<mineralScore value='32646'/>
		<gasScore value='2400'/>
		<totalScore value='90361'/>
	</player>

	<enemy>
		<race value='Zerg'/>
		<unitScore value='11800'/>
		<unitScore value='11800'/>
		<killScore value='12450'/>
		<buildingScore value='2145'/>
		<razingScore value='0'/>
		<mineralScore value='12226'/>
		<gasScore value='3976'/>
		<totalScore value='42597'/>
	</enemy>

	<scoreRatio value='2.1213'/>
</results>
