<results>
	<result value='draw'/>
	<start value='2015-04-08.16:27:59'/>
	<end value='2015-04-08.16:28:50'/>
	<frames value='57601'/>
	<gameDuration value='3600'/>

	<player>
		<unitScore value='22850'/>
		<killScore value='33600'/>
		<buildingScore value='3825'/>
		<razingScore value='12450'/>
		<mineralScore value='26010'/>
		<gasScore value='5504'/>
		<totalScore value='104239'/>
	</player>

	<enemy>
		<race value='Protoss'/>
		<unitScore value='21875'/>
		<unitScore value='21875'/>
		<killScore value='43150'/>
		<buildingScore value='9725'/>
		<razingScore value='8475'/>
		<mineralScore value='34550'/>
		<gasScore value='7198'/>
		<totalScore value='124973'/>
	</enemy>

	<scoreRatio value='0.834092'/>
</results>
