<results>
	<result value='win'/>
	<start value='2015-04-29.11:15:42'/>
	<end value='2015-04-29.11:16:09'/>
	<frames value='34722'/>
	<gameDuration value='2170'/>

	<player>
		<unitScore value='23375'/>
		<killScore value='26700'/>
		<buildingScore value='3875'/>
		<razingScore value='17775'/>
		<mineralScore value='28162'/>
		<gasScore value='3592'/>
		<totalScore value='103479'/>
	</player>

	<enemy>
		<race value='Protoss'/>
		<unitScore value='15100'/>
		<unitScore value='15100'/>
		<killScore value='27250'/>
		<buildingScore value='5925'/>
		<razingScore value='0'/>
		<mineralScore value='15006'/>
		<gasScore value='4648'/>
		<totalScore value='67929'/>
	</enemy>

	<scoreRatio value='1.52334'/>
	<timeFitness value='0.698611'/>
	<unitsAverage value='100'/>
</results>
