<results>
	<result value='win'/>
	<start value='2015-04-29.11:19:39'/>
	<end value='2015-04-29.11:20:05'/>
	<frames value='29638'/>
	<gameDuration value='1852'/>

	<player>
		<unitScore value='18350'/>
		<killScore value='19200'/>
		<buildingScore value='3475'/>
		<razingScore value='14625'/>
		<mineralScore value='26810'/>
		<gasScore value='2264'/>
		<totalScore value='84724'/>
	</player>

	<enemy>
		<race value='Protoss'/>
		<unitScore value='9650'/>
		<unitScore value='9650'/>
		<killScore value='14800'/>
		<buildingScore value='4875'/>
		<razingScore value='450'/>
		<mineralScore value='14414'/>
		<gasScore value='3296'/>
		<totalScore value='47485'/>
	</enemy>

	<scoreRatio value='1.78423'/>
	<timeFitness value='0.742778'/>
	<unitsAverage value='100'/>
</results>
