<results>
	<result value='win'/>
	<start value='2015-04-09.18:46:18'/>
	<end value='2015-04-09.18:47:12'/>
	<frames value='47680'/>
	<gameDuration value='2980'/>

	<player>
		<unitScore value='32450'/>
		<killScore value='39150'/>
		<buildingScore value='4400'/>
		<razingScore value='21375'/>
		<mineralScore value='36918'/>
		<gasScore value='3384'/>
		<totalScore value='137677'/>
	</player>

	<enemy>
		<race value='Protoss'/>
		<unitScore value='21425'/>
		<unitScore value='21425'/>
		<killScore value='45500'/>
		<buildingScore value='7125'/>
		<razingScore value='1650'/>
		<mineralScore value='21738'/>
		<gasScore value='6000'/>
		<totalScore value='103438'/>
	</enemy>

	<scoreRatio value='1.33101'/>
</results>
