<results>
	<result value='loss'/>
	<start value='2015-04-09.18:51:42'/>
	<end value='2015-04-09.18:51:51'/>
	<frames value='17827'/>
	<gameDuration value='1114'/>

	<player>
		<unitScore value='4050'/>
		<killScore value='1000'/>
		<buildingScore value='1875'/>
		<razingScore value='0'/>
		<mineralScore value='6178'/>
		<gasScore value='792'/>
		<totalScore value='13895'/>
	</player>

	<enemy>
		<race value='Protoss'/>
		<unitScore value='3800'/>
		<unitScore value='3800'/>
		<killScore value='8100'/>
		<buildingScore value='4375'/>
		<razingScore value='5625'/>
		<mineralScore value='9874'/>
		<gasScore value='1784'/>
		<totalScore value='33558'/>
	</enemy>

	<scoreRatio value='0.414059'/>
</results>
