<results>
	<result value='win'/>
	<start value='2015-05-09.07:07:35'/>
	<end value='2015-05-09.07:08:34'/>
	<frames value='38938'/>
	<gameDuration value='2433'/>

	<player>
		<unitScore value='17750'/>
		<killScore value='21070'/>
		<buildingScore value='5025'/>
		<razingScore value='5775'/>
		<mineralScore value='37650'/>
		<gasScore value='3256'/>
		<totalScore value='90526'/>
	</player>

	<enemy>
		<race value='Zerg'/>
		<unitScore value='9650'/>
		<unitScore value='9650'/>
		<killScore value='12050'/>
		<buildingScore value='1925'/>
		<razingScore value='0'/>
		<mineralScore value='9522'/>
		<gasScore value='2880'/>
		<totalScore value='36027'/>
	</enemy>

	<scoreRatio value='2.51273'/>
	<timeFitness value='0.662083'/>
	<unitsAverage value='141'/>
</results>
