<results>
	<result value='win'/>
	<start value='2015-05-09.07:16:28'/>
	<end value='2015-05-09.07:17:10'/>
	<frames value='32087'/>
	<gameDuration value='2005'/>

	<player>
		<unitScore value='21600'/>
		<killScore value='36090'/>
		<buildingScore value='4375'/>
		<razingScore value='6495'/>
		<mineralScore value='32722'/>
		<gasScore value='2104'/>
		<totalScore value='103386'/>
	</player>

	<enemy>
		<race value='Zerg'/>
		<unitScore value='16400'/>
		<unitScore value='16400'/>
		<killScore value='20350'/>
		<buildingScore value='2165'/>
		<razingScore value='0'/>
		<mineralScore value='14686'/>
		<gasScore value='4728'/>
		<totalScore value='58329'/>
	</enemy>

	<scoreRatio value='1.77246'/>
	<timeFitness value='0.721528'/>
	<unitsAverage value='126'/>
</results>
