<results>
	<result value='draw'/>
	<start value='2015-04-08.03:32:02'/>
	<end value='2015-04-08.03:33:08'/>
	<frames value='57601'/>
	<gameDuration value='3600'/>

	<player>
		<unitScore value='29100'/>
		<killScore value='55200'/>
		<buildingScore value='3400'/>
		<razingScore value='900'/>
		<mineralScore value='31502'/>
		<gasScore value='5318'/>
		<totalScore value='125420'/>
	</player>

	<enemy>
		<race value='Protoss'/>
		<unitScore value='34500'/>
		<unitScore value='34500'/>
		<killScore value='58200'/>
		<buildingScore value='6500'/>
		<razingScore value='9600'/>
		<mineralScore value='31550'/>
		<gasScore value='11222'/>
		<totalScore value='151572'/>
	</enemy>

	<scoreRatio value='0.827462'/>
</results>
