<results>
	<result value='loss'/>
	<start value='2015-07-19.02:55:12'/>
	<end value='2015-07-19.02:55:45'/>
	<frames value='22477'/>
	<gameDuration value='1404'/>

	<player>
		<unitScore value='8225'/>
		<killScore value='2400'/>
		<buildingScore value='2975'/>
		<razingScore value='0'/>
		<mineralScore value='9882'/>
		<gasScore value='1720'/>
		<totalScore value='25202'/>
	</player>

	<enemy>
		<race value='Zerg'/>
		<unitScore value='8925'/>
		<killScore value='13200'/>
		<buildingScore value='2955'/>
		<razingScore value='8925'/>
		<mineralScore value='11514'/>
		<gasScore value='3744'/>
		<totalScore value='49263'/>
	</enemy>

	<scoreRatio value='0.511581'/>
	<timeFitness value='0.195'/>
	<unitsAverage value='49'/>
</results>
