<results>
	<result value='win'/>
	<start value='2015-05-05.23:08:18'/>
	<end value='2015-05-05.23:08:53'/>
	<frames value='28150'/>
	<gameDuration value='1759'/>

	<player>
		<unitScore value='17775'/>
		<killScore value='24300'/>
		<buildingScore value='3725'/>
		<razingScore value='5775'/>
		<mineralScore value='22942'/>
		<gasScore value='1752'/>
		<totalScore value='76269'/>
	</player>

	<enemy>
		<race value='Zerg'/>
		<unitScore value='11400'/>
		<unitScore value='11400'/>
		<killScore value='16150'/>
		<buildingScore value='1925'/>
		<razingScore value='0'/>
		<mineralScore value='11094'/>
		<gasScore value='4168'/>
		<totalScore value='44737'/>
	</enemy>

	<scoreRatio value='1.70483'/>
	<timeFitness value='0.755694'/>
	<unitsAverage value='90'/>
</results>
