<results>
	<result value='win'/>
	<start value='2015-05-05.23:21:24'/>
	<end value='2015-05-05.23:21:58'/>
	<frames value='27995'/>
	<gameDuration value='1749'/>

	<player>
		<unitScore value='19575'/>
		<killScore value='22170'/>
		<buildingScore value='3675'/>
		<razingScore value='4560'/>
		<mineralScore value='26394'/>
		<gasScore value='2216'/>
		<totalScore value='78590'/>
	</player>

	<enemy>
		<race value='Zerg'/>
		<unitScore value='9675'/>
		<unitScore value='9675'/>
		<killScore value='19600'/>
		<buildingScore value='1520'/>
		<razingScore value='0'/>
		<mineralScore value='9410'/>
		<gasScore value='2712'/>
		<totalScore value='42917'/>
	</enemy>

	<scoreRatio value='1.83121'/>
	<timeFitness value='0.757083'/>
	<unitsAverage value='93'/>
</results>
