<results>
	<result value='win'/>
	<start value='2015-05-05.23:27:35'/>
	<end value='2015-05-05.23:28:29'/>
	<frames value='37171'/>
	<gameDuration value='2323'/>

	<player>
		<unitScore value='24700'/>
		<killScore value='48820'/>
		<buildingScore value='3300'/>
		<razingScore value='9390'/>
		<mineralScore value='28062'/>
		<gasScore value='4040'/>
		<totalScore value='118312'/>
	</player>

	<enemy>
		<race value='Zerg'/>
		<unitScore value='21225'/>
		<unitScore value='21225'/>
		<killScore value='28250'/>
		<buildingScore value='3130'/>
		<razingScore value='0'/>
		<mineralScore value='18822'/>
		<gasScore value='6760'/>
		<totalScore value='78187'/>
	</enemy>

	<scoreRatio value='1.51319'/>
	<timeFitness value='0.677361'/>
	<unitsAverage value='105'/>
</results>
