<results>
	<result value='win'/>
	<start value='2015-05-05.23:34:17'/>
	<end value='2015-05-05.23:35:07'/>
	<frames value='32428'/>
	<gameDuration value='2026'/>

	<player>
		<unitScore value='22100'/>
		<killScore value='26590'/>
		<buildingScore value='3925'/>
		<razingScore value='8595'/>
		<mineralScore value='28206'/>
		<gasScore value='3568'/>
		<totalScore value='92984'/>
	</player>

	<enemy>
		<race value='Zerg'/>
		<unitScore value='13225'/>
		<unitScore value='13225'/>
		<killScore value='20600'/>
		<buildingScore value='2865'/>
		<razingScore value='0'/>
		<mineralScore value='14006'/>
		<gasScore value='4752'/>
		<totalScore value='55448'/>
	</enemy>

	<scoreRatio value='1.67696'/>
	<timeFitness value='0.718611'/>
	<unitsAverage value='111'/>
</results>
