<results>
	<result value='win'/>
	<start value='2015-05-05.23:40:29'/>
	<end value='2015-05-05.23:40:58'/>
	<frames value='24337'/>
	<gameDuration value='1521'/>

	<player>
		<unitScore value='13475'/>
		<killScore value='18805'/>
		<buildingScore value='3775'/>
		<razingScore value='5700'/>
		<mineralScore value='19914'/>
		<gasScore value='2232'/>
		<totalScore value='63901'/>
	</player>

	<enemy>
		<race value='Zerg'/>
		<unitScore value='8700'/>
		<unitScore value='8700'/>
		<killScore value='7050'/>
		<buildingScore value='1900'/>
		<razingScore value='0'/>
		<mineralScore value='9242'/>
		<gasScore value='2648'/>
		<totalScore value='29540'/>
	</enemy>

	<scoreRatio value='2.1632'/>
	<timeFitness value='0.78875'/>
	<unitsAverage value='86'/>
</results>
