<results>
	<result value='win'/>
	<start value='2015-05-05.23:41:44'/>
	<end value='2015-05-05.23:42:23'/>
	<frames value='27716'/>
	<gameDuration value='1732'/>

	<player>
		<unitScore value='19975'/>
		<killScore value='28830'/>
		<buildingScore value='4350'/>
		<razingScore value='6015'/>
		<mineralScore value='24706'/>
		<gasScore value='1864'/>
		<totalScore value='85740'/>
	</player>

	<enemy>
		<race value='Zerg'/>
		<unitScore value='13425'/>
		<unitScore value='13425'/>
		<killScore value='18200'/>
		<buildingScore value='2005'/>
		<razingScore value='0'/>
		<mineralScore value='12218'/>
		<gasScore value='3632'/>
		<totalScore value='49480'/>
	</enemy>

	<scoreRatio value='1.73282'/>
	<timeFitness value='0.759444'/>
	<unitsAverage value='100'/>
</results>
