<results>
	<result value='win'/>
	<start value='2015-05-05.23:51:05'/>
	<end value='2015-05-05.23:52:37'/>
	<frames value='40829'/>
	<gameDuration value='2551'/>

	<player>
		<unitScore value='19900'/>
		<killScore value='31680'/>
		<buildingScore value='4600'/>
		<razingScore value='6375'/>
		<mineralScore value='40586'/>
		<gasScore value='3664'/>
		<totalScore value='106805'/>
	</player>

	<enemy>
		<race value='Zerg'/>
		<unitScore value='14375'/>
		<unitScore value='14375'/>
		<killScore value='16300'/>
		<buildingScore value='2125'/>
		<razingScore value='0'/>
		<mineralScore value='12994'/>
		<gasScore value='4800'/>
		<totalScore value='50594'/>
	</enemy>

	<scoreRatio value='2.11102'/>
	<timeFitness value='0.645694'/>
	<unitsAverage value='149'/>
</results>
