<results>
	<result value='win'/>
	<start value='2015-05-08.22:56:09'/>
	<end value='2015-05-08.22:56:51'/>
	<frames value='29638'/>
	<gameDuration value='1852'/>

	<player>
		<unitScore value='18900'/>
		<killScore value='31735'/>
		<buildingScore value='3325'/>
		<razingScore value='9660'/>
		<mineralScore value='24026'/>
		<gasScore value='2864'/>
		<totalScore value='90510'/>
	</player>

	<enemy>
		<race value='Zerg'/>
		<unitScore value='14550'/>
		<unitScore value='14550'/>
		<killScore value='20250'/>
		<buildingScore value='3220'/>
		<razingScore value='150'/>
		<mineralScore value='15318'/>
		<gasScore value='4840'/>
		<totalScore value='58328'/>
	</enemy>

	<scoreRatio value='1.55174'/>
	<timeFitness value='0.742778'/>
	<unitsAverage value='86'/>
</results>
