<results>
	<result value='win'/>
	<start value='2015-05-08.22:59:18'/>
	<end value='2015-05-08.22:59:47'/>
	<frames value='24182'/>
	<gameDuration value='1511'/>

	<player>
		<unitScore value='13175'/>
		<killScore value='18610'/>
		<buildingScore value='3725'/>
		<razingScore value='6135'/>
		<mineralScore value='17966'/>
		<gasScore value='1728'/>
		<totalScore value='61339'/>
	</player>

	<enemy>
		<race value='Zerg'/>
		<unitScore value='8950'/>
		<unitScore value='8950'/>
		<killScore value='10250'/>
		<buildingScore value='2045'/>
		<razingScore value='0'/>
		<mineralScore value='9394'/>
		<gasScore value='2624'/>
		<totalScore value='33263'/>
	</enemy>

	<scoreRatio value='1.84406'/>
	<timeFitness value='0.790139'/>
	<unitsAverage value='74'/>
</results>
