<results>
	<result value='win'/>
	<start value='2015-04-26.15:02:40'/>
	<end value='2015-04-26.15:02:55'/>
	<frames value='22198'/>
	<gameDuration value='1387'/>

	<player>
		<unitScore value='8725'/>
		<killScore value='14500'/>
		<buildingScore value='2475'/>
		<razingScore value='5250'/>
		<mineralScore value='12390'/>
		<gasScore value='1856'/>
		<totalScore value='45196'/>
	</player>

	<enemy>
		<race value='Terran'/>
		<unitScore value='7250'/>
		<unitScore value='7250'/>
		<killScore value='8700'/>
		<buildingScore value='1750'/>
		<razingScore value='1500'/>
		<mineralScore value='9794'/>
		<gasScore value='3560'/>
		<totalScore value='32554'/>
	</enemy>

	<scoreRatio value='1.38834'/>
</results>
