<results>
	<result value='win'/>
	<start value='2015-04-29.19:02:31'/>
	<end value='2015-04-29.19:02:50'/>
	<frames value='23407'/>
	<gameDuration value='1462'/>

	<player>
		<unitScore value='10650'/>
		<killScore value='17550'/>
		<buildingScore value='2700'/>
		<razingScore value='6900'/>
		<mineralScore value='14206'/>
		<gasScore value='2032'/>
		<totalScore value='54038'/>
	</player>

	<enemy>
		<race value='Terran'/>
		<unitScore value='9775'/>
		<unitScore value='9775'/>
		<killScore value='7500'/>
		<buildingScore value='2300'/>
		<razingScore value='300'/>
		<mineralScore value='9562'/>
		<gasScore value='3216'/>
		<totalScore value='32653'/>
	</enemy>

	<scoreRatio value='1.65492'/>
	<timeFitness value='0.796944'/>
	<unitsAverage value='55'/>
</results>
