<results>
	<result value='loss'/>
	<start value='2015-04-29.19:03:24'/>
	<end value='2015-04-29.19:03:39'/>
	<frames value='21795'/>
	<gameDuration value='1362'/>

	<player>
		<unitScore value='6500'/>
		<killScore value='4250'/>
		<buildingScore value='2100'/>
		<razingScore value='0'/>
		<mineralScore value='8578'/>
		<gasScore value='704'/>
		<totalScore value='22132'/>
	</player>

	<enemy>
		<race value='Terran'/>
		<unitScore value='9125'/>
		<unitScore value='9125'/>
		<killScore value='13000'/>
		<buildingScore value='3500'/>
		<razingScore value='6300'/>
		<mineralScore value='10570'/>
		<gasScore value='4416'/>
		<totalScore value='46911'/>
	</enemy>

	<scoreRatio value='0.471787'/>
	<timeFitness value='0.189167'/>
	<unitsAverage value='32'/>
</results>
