<results>
	<result value='win'/>
	<start value='2015-04-29.19:21:30'/>
	<end value='2015-04-29.19:21:47'/>
	<frames value='22136'/>
	<gameDuration value='1383'/>

	<player>
		<unitScore value='6525'/>
		<killScore value='13750'/>
		<buildingScore value='2225'/>
		<razingScore value='4650'/>
		<mineralScore value='9242'/>
		<gasScore value='1776'/>
		<totalScore value='38168'/>
	</player>

	<enemy>
		<race value='Terran'/>
		<unitScore value='6875'/>
		<unitScore value='6875'/>
		<killScore value='6000'/>
		<buildingScore value='1550'/>
		<razingScore value='3075'/>
		<mineralScore value='8994'/>
		<gasScore value='2816'/>
		<totalScore value='29310'/>
	</enemy>

	<scoreRatio value='1.30222'/>
	<timeFitness value='0.807917'/>
	<unitsAverage value='45'/>
</results>
