<results>
	<result value='loss'/>
	<start value='2015-07-19.05:51:00'/>
	<end value='2015-07-19.05:51:36'/>
	<frames value='26259'/>
	<gameDuration value='1641'/>

	<player>
		<unitScore value='11725'/>
		<killScore value='5500'/>
		<buildingScore value='3875'/>
		<razingScore value='0'/>
		<mineralScore value='14958'/>
		<gasScore value='2128'/>
		<totalScore value='38186'/>
	</player>

	<enemy>
		<race value='Zerg'/>
		<unitScore value='13150'/>
		<killScore value='20050'/>
		<buildingScore value='3255'/>
		<razingScore value='11625'/>
		<mineralScore value='15046'/>
		<gasScore value='4520'/>
		<totalScore value='67646'/>
	</enemy>

	<scoreRatio value='0.564498'/>
	<timeFitness value='0.227917'/>
	<unitsAverage value='53'/>
</results>
