<results>
	<result value='loss'/>
	<start value='2015-07-19.06:01:45'/>
	<end value='2015-07-19.06:02:12'/>
	<frames value='24089'/>
	<gameDuration value='1505'/>

	<player>
		<unitScore value='11775'/>
		<killScore value='4850'/>
		<buildingScore value='3350'/>
		<razingScore value='0'/>
		<mineralScore value='15618'/>
		<gasScore value='1512'/>
		<totalScore value='37105'/>
	</player>

	<enemy>
		<race value='Zerg'/>
		<unitScore value='10375'/>
		<killScore value='21000'/>
		<buildingScore value='2795'/>
		<razingScore value='10050'/>
		<mineralScore value='13410'/>
		<gasScore value='3944'/>
		<totalScore value='61574'/>
	</enemy>

	<scoreRatio value='0.602608'/>
	<timeFitness value='0.209028'/>
	<unitsAverage value='54'/>
</results>
