<results>
	<result value='win'/>
	<start value='2015-04-28.12:21:56'/>
	<end value='2015-04-28.12:22:55'/>
	<frames value='53973'/>
	<gameDuration value='3373'/>

	<player>
		<unitScore value='25150'/>
		<killScore value='43100'/>
		<buildingScore value='4500'/>
		<razingScore value='16275'/>
		<mineralScore value='29166'/>
		<gasScore value='1824'/>
		<totalScore value='120015'/>
	</player>

	<enemy>
		<race value='Terran'/>
		<unitScore value='25900'/>
		<unitScore value='25900'/>
		<killScore value='43050'/>
		<buildingScore value='5425'/>
		<razingScore value='8025'/>
		<mineralScore value='21758'/>
		<gasScore value='14258'/>
		<totalScore value='118416'/>
	</enemy>

	<scoreRatio value='1.0135'/>
</results>
