<results>
	<result value='loss'/>
	<start value='2015-04-28.12:33:58'/>
	<end value='2015-04-28.12:34:13'/>
	<frames value='19315'/>
	<gameDuration value='1207'/>

	<player>
		<unitScore value='4775'/>
		<killScore value='2050'/>
		<buildingScore value='2000'/>
		<razingScore value='0'/>
		<mineralScore value='6818'/>
		<gasScore value='984'/>
		<totalScore value='16627'/>
	</player>

	<enemy>
		<race value='Terran'/>
		<unitScore value='7725'/>
		<unitScore value='7725'/>
		<killScore value='9550'/>
		<buildingScore value='2900'/>
		<razingScore value='6000'/>
		<mineralScore value='8858'/>
		<gasScore value='3384'/>
		<totalScore value='38417'/>
	</enemy>

	<scoreRatio value='0.432803'/>
</results>
