<results>
	<result value='loss'/>
	<start value='2014-07-23.01:58:56'/>
	<end value='2014-07-23.01:59:03'/>
	<frames value='14107'/>
	<gameDuration value='881'/>

	<player>
		<unitScore value='2000'/>
		<killScore value='400'/>
		<buildingScore value='1150'/>
		<razingScore value='0'/>
		<mineralScore value='3178'/>
		<gasScore value='712'/>
		<totalScore value='7440'/>
	</player>

	<enemy>
		<race value='Protoss'/>
		<unitScore value='3825'/>
		<unitScore value='3825'/>
		<killScore value='4000'/>
		<buildingScore value='2275'/>
		<razingScore value='3450'/>
		<mineralScore value='7066'/>
		<gasScore value='1688'/>
		<totalScore value='22304'/>
	</enemy>

	<scoreRatio value='0.333572'/>
</results>
