<results>
	<result value='draw'/>
	<start value='2014-07-23.01:59:06'/>
	<end value='2014-07-23.02:00:23'/>
	<frames value='57601'/>
	<gameDuration value='3600'/>

	<player>
		<unitScore value='24925'/>
		<killScore value='35350'/>
		<buildingScore value='3475'/>
		<razingScore value='600'/>
		<mineralScore value='31502'/>
		<gasScore value='10984'/>
		<totalScore value='106836'/>
	</player>

	<enemy>
		<race value='Protoss'/>
		<unitScore value='34550'/>
		<unitScore value='34550'/>
		<killScore value='37650'/>
		<buildingScore value='6675'/>
		<razingScore value='4350'/>
		<mineralScore value='31458'/>
		<gasScore value='12196'/>
		<totalScore value='126879'/>
	</enemy>

	<scoreRatio value='0.842031'/>
</results>
