<results>
	<result value='win'/>
	<start value='2015-05-09.23:59:28'/>
	<end value='2015-05-10.00:00:02'/>
	<frames value='32738'/>
	<gameDuration value='2046'/>

	<player>
		<unitScore value='16325'/>
		<killScore value='16150'/>
		<buildingScore value='2950'/>
		<razingScore value='13875'/>
		<mineralScore value='18010'/>
		<gasScore value='2392'/>
		<totalScore value='69702'/>
	</player>

	<enemy>
		<race value='Protoss'/>
		<unitScore value='8075'/>
		<unitScore value='8075'/>
		<killScore value='14400'/>
		<buildingScore value='4625'/>
		<razingScore value='1575'/>
		<mineralScore value='12490'/>
		<gasScore value='1752'/>
		<totalScore value='42917'/>
	</enemy>

	<scoreRatio value='1.62411'/>
	<timeFitness value='0.715833'/>
	<unitsAverage value='85'/>
</results>
