<results>
	<result value='draw'/>
	<start value='2015-05-10.00:14:09'/>
	<end value='2015-05-10.00:15:31'/>
	<frames value='57601'/>
	<gameDuration value='3600'/>

	<player>
		<unitScore value='29025'/>
		<killScore value='58450'/>
		<buildingScore value='3450'/>
		<razingScore value='20250'/>
		<mineralScore value='31486'/>
		<gasScore value='5254'/>
		<totalScore value='147915'/>
	</player>

	<enemy>
		<race value='Protoss'/>
		<unitScore value='33300'/>
		<unitScore value='33300'/>
		<killScore value='44300'/>
		<buildingScore value='7550'/>
		<razingScore value='2775'/>
		<mineralScore value='31542'/>
		<gasScore value='10922'/>
		<totalScore value='130389'/>
	</enemy>

	<scoreRatio value='1.13441'/>
	<timeFitness value='0.5'/>
	<unitsAverage value='119'/>
</results>
