<results>
	<result value='win'/>
	<start value='2015-05-03.19:52:05'/>
	<end value='2015-05-03.19:52:45'/>
	<frames value='26724'/>
	<gameDuration value='1670'/>

	<player>
		<unitScore value='16025'/>
		<killScore value='14000'/>
		<buildingScore value='4375'/>
		<razingScore value='14925'/>
		<mineralScore value='25506'/>
		<gasScore value='2704'/>
		<totalScore value='77535'/>
	</player>

	<enemy>
		<race value='Protoss'/>
		<unitScore value='7000'/>
		<unitScore value='7000'/>
		<killScore value='8300'/>
		<buildingScore value='4975'/>
		<razingScore value='0'/>
		<mineralScore value='13082'/>
		<gasScore value='2704'/>
		<totalScore value='36061'/>
	</enemy>

	<scoreRatio value='2.15011'/>
	<timeFitness value='0.768056'/>
	<unitsAverage value='108'/>
</results>
