<results>
	<result value='loss'/>
	<start value='2015-05-03.19:58:19'/>
	<end value='2015-05-03.19:58:28'/>
	<frames value='15409'/>
	<gameDuration value='963'/>

	<player>
		<unitScore value='3100'/>
		<killScore value='1000'/>
		<buildingScore value='1125'/>
		<razingScore value='0'/>
		<mineralScore value='4714'/>
		<gasScore value='920'/>
		<totalScore value='10859'/>
	</player>

	<enemy>
		<race value='Protoss'/>
		<unitScore value='3550'/>
		<unitScore value='3550'/>
		<killScore value='5700'/>
		<buildingScore value='2975'/>
		<razingScore value='3375'/>
		<mineralScore value='8026'/>
		<gasScore value='1568'/>
		<totalScore value='25194'/>
	</enemy>

	<scoreRatio value='0.431015'/>
	<timeFitness value='0.13375'/>
	<unitsAverage value='23'/>
</results>
