<results>
	<result value='loss'/>
	<start value='2014-07-03.02:23:00'/>
	<end value='2014-07-03.02:23:37'/>
	<frames value='56825'/>
	<gameDuration value='3551'/>

	<player>
		<unitScore value='21550'/>
		<killScore value='34050'/>
		<buildingScore value='2675'/>
		<razingScore value='6600'/>
		<mineralScore value='22902'/>
		<gasScore value='6136'/>
		<totalScore value='93913'/>
	</player>

	<enemy>
		<race value='Protoss'/>
		<unitScore value='28700'/>
		<unitScore value='28700'/>
		<killScore value='43100'/>
		<buildingScore value='9725'/>
		<razingScore value='8025'/>
		<mineralScore value='32810'/>
		<gasScore value='10524'/>
		<totalScore value='132884'/>
	</enemy>

	<scoreRatio value='0.706729'/>
</results>
