<results>
	<result value='win'/>
	<start value='2015-05-05.04:17:45'/>
	<end value='2015-05-05.04:18:11'/>
	<frames value='24678'/>
	<gameDuration value='1542'/>

	<player>
		<unitScore value='16700'/>
		<killScore value='21970'/>
		<buildingScore value='3450'/>
		<razingScore value='4875'/>
		<mineralScore value='21898'/>
		<gasScore value='0'/>
		<totalScore value='68893'/>
	</player>

	<enemy>
		<race value='Zerg'/>
		<unitScore value='10525'/>
		<unitScore value='10525'/>
		<killScore value='21900'/>
		<buildingScore value='1625'/>
		<razingScore value='0'/>
		<mineralScore value='9946'/>
		<gasScore value='3216'/>
		<totalScore value='47212'/>
	</enemy>

	<scoreRatio value='1.45923'/>
	<timeFitness value='0.785833'/>
	<unitsAverage value='76'/>
</results>
