<results>
	<result value='win'/>
	<start value='2015-05-05.04:20:57'/>
	<end value='2015-05-05.04:21:40'/>
	<frames value='30599'/>
	<gameDuration value='1912'/>

	<player>
		<unitScore value='23400'/>
		<killScore value='30080'/>
		<buildingScore value='3975'/>
		<razingScore value='4680'/>
		<mineralScore value='35030'/>
		<gasScore value='0'/>
		<totalScore value='97165'/>
	</player>

	<enemy>
		<race value='Zerg'/>
		<unitScore value='13550'/>
		<unitScore value='13550'/>
		<killScore value='29400'/>
		<buildingScore value='1560'/>
		<razingScore value='0'/>
		<mineralScore value='11226'/>
		<gasScore value='3712'/>
		<totalScore value='59448'/>
	</enemy>

	<scoreRatio value='1.63445'/>
	<timeFitness value='0.734444'/>
	<unitsAverage value='108'/>
</results>
