<results>
	<result value='loss'/>
	<start value='2015-05-10.22:58:28'/>
	<end value='2015-05-10.22:58:35'/>
	<frames value='10108'/>
	<gameDuration value='631'/>

	<player>
		<unitScore value='950'/>
		<killScore value='200'/>
		<buildingScore value='700'/>
		<razingScore value='0'/>
		<mineralScore value='1426'/>
		<gasScore value='32'/>
		<totalScore value='3308'/>
	</player>

	<enemy>
		<race value='Zerg'/>
		<unitScore value='2025'/>
		<unitScore value='2025'/>
		<killScore value='1800'/>
		<buildingScore value='1220'/>
		<razingScore value='2100'/>
		<mineralScore value='3290'/>
		<gasScore value='376'/>
		<totalScore value='10811'/>
	</enemy>

	<scoreRatio value='0.305985'/>
	<timeFitness value='0.0876389'/>
	<unitsAverage value='8'/>
</results>
