<results>
	<result value='loss'/>
	<start value='2015-04-12.23:39:07'/>
	<end value='2015-04-12.23:39:19'/>
	<frames value='27282'/>
	<gameDuration value='1705'/>

	<player>
		<unitScore value='3000'/>
		<killScore value='2400'/>
		<buildingScore value='2000'/>
		<razingScore value='0'/>
		<mineralScore value='5146'/>
		<gasScore value='768'/>
		<totalScore value='13314'/>
	</player>

	<enemy>
		<race value='Protoss'/>
		<unitScore value='11625'/>
		<unitScore value='11625'/>
		<killScore value='6000'/>
		<buildingScore value='6875'/>
		<razingScore value='6000'/>
		<mineralScore value='16618'/>
		<gasScore value='5936'/>
		<totalScore value='53054'/>
	</enemy>

	<scoreRatio value='0.250952'/>
</results>
