<results>
	<result value='win'/>
	<start value='2015-04-12.23:42:23'/>
	<end value='2015-04-12.23:42:55'/>
	<frames value='34877'/>
	<gameDuration value='2179'/>

	<player>
		<unitScore value='20800'/>
		<killScore value='16600'/>
		<buildingScore value='4475'/>
		<razingScore value='17775'/>
		<mineralScore value='28074'/>
		<gasScore value='2864'/>
		<totalScore value='90588'/>
	</player>

	<enemy>
		<race value='Protoss'/>
		<unitScore value='8650'/>
		<unitScore value='8650'/>
		<killScore value='16950'/>
		<buildingScore value='5925'/>
		<razingScore value='1425'/>
		<mineralScore value='15658'/>
		<gasScore value='4200'/>
		<totalScore value='52808'/>
	</enemy>

	<scoreRatio value='1.71542'/>
</results>
