<results>
	<result value='loss'/>
	<start value='2015-04-12.23:44:35'/>
	<end value='2015-04-12.23:44:44'/>
	<frames value='18757'/>
	<gameDuration value='1172'/>

	<player>
		<unitScore value='4600'/>
		<killScore value='2400'/>
		<buildingScore value='1850'/>
		<razingScore value='0'/>
		<mineralScore value='7002'/>
		<gasScore value='1272'/>
		<totalScore value='17124'/>
	</player>

	<enemy>
		<race value='Protoss'/>
		<unitScore value='5875'/>
		<unitScore value='5875'/>
		<killScore value='8300'/>
		<buildingScore value='4275'/>
		<razingScore value='5550'/>
		<mineralScore value='9770'/>
		<gasScore value='2688'/>
		<totalScore value='36458'/>
	</enemy>

	<scoreRatio value='0.469691'/>
</results>
