<results>
	<result value='loss'/>
	<start value='2015-04-28.00:16:54'/>
	<end value='2015-04-28.00:17:06'/>
	<frames value='16587'/>
	<gameDuration value='1036'/>

	<player>
		<unitScore value='3450'/>
		<killScore value='1400'/>
		<buildingScore value='1550'/>
		<razingScore value='0'/>
		<mineralScore value='4938'/>
		<gasScore value='696'/>
		<totalScore value='12034'/>
	</player>

	<enemy>
		<race value='Protoss'/>
		<unitScore value='3550'/>
		<unitScore value='3550'/>
		<killScore value='6900'/>
		<buildingScore value='4125'/>
		<razingScore value='4650'/>
		<mineralScore value='8986'/>
		<gasScore value='1616'/>
		<totalScore value='29827'/>
	</enemy>

	<scoreRatio value='0.40346'/>
</results>
