<results>
	<result value='loss'/>
	<start value='2015-04-28.00:17:09'/>
	<end value='2015-04-28.00:17:20'/>
	<frames value='15378'/>
	<gameDuration value='961'/>

	<player>
		<unitScore value='2975'/>
		<killScore value='400'/>
		<buildingScore value='1625'/>
		<razingScore value='0'/>
		<mineralScore value='4698'/>
		<gasScore value='552'/>
		<totalScore value='10250'/>
	</player>

	<enemy>
		<race value='Protoss'/>
		<unitScore value='3550'/>
		<unitScore value='3550'/>
		<killScore value='5950'/>
		<buildingScore value='2925'/>
		<razingScore value='4875'/>
		<mineralScore value='7922'/>
		<gasScore value='1440'/>
		<totalScore value='26662'/>
	</enemy>

	<scoreRatio value='0.384442'/>
</results>
