<results>
	<result value='win'/>
	<start value='2015-04-28.00:27:39'/>
	<end value='2015-04-28.00:28:55'/>
	<frames value='37295'/>
	<gameDuration value='2330'/>

	<player>
		<unitScore value='23375'/>
		<killScore value='33950'/>
		<buildingScore value='4375'/>
		<razingScore value='21300'/>
		<mineralScore value='28762'/>
		<gasScore value='4072'/>
		<totalScore value='115834'/>
	</player>

	<enemy>
		<race value='Protoss'/>
		<unitScore value='19300'/>
		<unitScore value='19300'/>
		<killScore value='21950'/>
		<buildingScore value='7100'/>
		<razingScore value='150'/>
		<mineralScore value='18618'/>
		<gasScore value='6928'/>
		<totalScore value='74046'/>
	</enemy>

	<scoreRatio value='1.56435'/>
</results>
