<results>
	<result value='loss'/>
	<start value='2015-04-28.00:28:58'/>
	<end value='2015-04-28.00:29:17'/>
	<frames value='27220'/>
	<gameDuration value='1701'/>

	<player>
		<unitScore value='3100'/>
		<killScore value='2800'/>
		<buildingScore value='1550'/>
		<razingScore value='0'/>
		<mineralScore value='4746'/>
		<gasScore value='928'/>
		<totalScore value='13124'/>
	</player>

	<enemy>
		<race value='Protoss'/>
		<unitScore value='11675'/>
		<unitScore value='11675'/>
		<killScore value='6200'/>
		<buildingScore value='6875'/>
		<razingScore value='4650'/>
		<mineralScore value='16634'/>
		<gasScore value='6296'/>
		<totalScore value='52330'/>
	</enemy>

	<scoreRatio value='0.250793'/>
</results>
