<results>
	<result value='loss'/>
	<start value='2015-04-28.00:35:26'/>
	<end value='2015-04-28.00:35:37'/>
	<frames value='15688'/>
	<gameDuration value='980'/>

	<player>
		<unitScore value='3025'/>
		<killScore value='800'/>
		<buildingScore value='1550'/>
		<razingScore value='0'/>
		<mineralScore value='4738'/>
		<gasScore value='824'/>
		<totalScore value='10937'/>
	</player>

	<enemy>
		<race value='Protoss'/>
		<unitScore value='3550'/>
		<unitScore value='3550'/>
		<killScore value='5950'/>
		<buildingScore value='3825'/>
		<razingScore value='4650'/>
		<mineralScore value='8274'/>
		<gasScore value='1528'/>
		<totalScore value='27777'/>
	</enemy>

	<scoreRatio value='0.393743'/>
</results>
