<results>
	<result value='draw'/>
	<start value='2015-04-28.00:38:17'/>
	<end value='2015-04-28.00:39:33'/>
	<frames value='57601'/>
	<gameDuration value='3600'/>

	<player>
		<unitScore value='31025'/>
		<killScore value='52600'/>
		<buildingScore value='3425'/>
		<razingScore value='4200'/>
		<mineralScore value='31046'/>
		<gasScore value='6486'/>
		<totalScore value='128782'/>
	</player>

	<enemy>
		<race value='Protoss'/>
		<unitScore value='36025'/>
		<unitScore value='36025'/>
		<killScore value='58250'/>
		<buildingScore value='7375'/>
		<razingScore value='4050'/>
		<mineralScore value='31894'/>
		<gasScore value='11712'/>
		<totalScore value='149306'/>
	</enemy>

	<scoreRatio value='0.862537'/>
</results>
