<results>
	<result value='loss'/>
	<start value='2015-04-10.05:03:20'/>
	<end value='2015-04-10.05:03:28'/>
	<frames value='16277'/>
	<gameDuration value='1017'/>

	<player>
		<unitScore value='2850'/>
		<killScore value='1000'/>
		<buildingScore value='1575'/>
		<razingScore value='0'/>
		<mineralScore value='4714'/>
		<gasScore value='744'/>
		<totalScore value='10883'/>
	</player>

	<enemy>
		<race value='Protoss'/>
		<unitScore value='3600'/>
		<unitScore value='3600'/>
		<killScore value='5600'/>
		<buildingScore value='3875'/>
		<razingScore value='4725'/>
		<mineralScore value='8634'/>
		<gasScore value='1664'/>
		<totalScore value='28098'/>
	</enemy>

	<scoreRatio value='0.387323'/>
</results>
