<results>
	<result value='win'/>
	<start value='2015-04-10.05:07:40'/>
	<end value='2015-04-10.05:08:10'/>
	<frames value='37202'/>
	<gameDuration value='2325'/>

	<player>
		<unitScore value='17525'/>
		<killScore value='12350'/>
		<buildingScore value='3425'/>
		<razingScore value='20325'/>
		<mineralScore value='22130'/>
		<gasScore value='1096'/>
		<totalScore value='76851'/>
	</player>

	<enemy>
		<race value='Protoss'/>
		<unitScore value='6175'/>
		<unitScore value='6175'/>
		<killScore value='20350'/>
		<buildingScore value='6775'/>
		<razingScore value='3600'/>
		<mineralScore value='17130'/>
		<gasScore value='3656'/>
		<totalScore value='57686'/>
	</enemy>

	<scoreRatio value='1.33223'/>
</results>
