<results>
	<result value='loss'/>
	<start value='2015-04-10.05:08:13'/>
	<end value='2015-04-10.05:08:51'/>
	<frames value='44208'/>
	<gameDuration value='2763'/>

	<player>
		<unitScore value='19250'/>
		<killScore value='33000'/>
		<buildingScore value='2700'/>
		<razingScore value='1050'/>
		<mineralScore value='19894'/>
		<gasScore value='3488'/>
		<totalScore value='79382'/>
	</player>

	<enemy>
		<race value='Protoss'/>
		<unitScore value='33350'/>
		<unitScore value='33350'/>
		<killScore value='38500'/>
		<buildingScore value='6875'/>
		<razingScore value='8100'/>
		<mineralScore value='30766'/>
		<gasScore value='9934'/>
		<totalScore value='127525'/>
	</enemy>

	<scoreRatio value='0.622482'/>
</results>
