<results>
	<result value='win'/>
	<start value='2015-05-09.17:39:13'/>
	<end value='2015-05-09.17:39:36'/>
	<frames value='24337'/>
	<gameDuration value='1521'/>

	<player>
		<unitScore value='12600'/>
		<killScore value='21700'/>
		<buildingScore value='3425'/>
		<razingScore value='8100'/>
		<mineralScore value='23018'/>
		<gasScore value='2832'/>
		<totalScore value='71675'/>
	</player>

	<enemy>
		<race value='Terran'/>
		<unitScore value='11150'/>
		<unitScore value='11150'/>
		<killScore value='6950'/>
		<buildingScore value='2850'/>
		<razingScore value='150'/>
		<mineralScore value='10242'/>
		<gasScore value='4032'/>
		<totalScore value='35374'/>
	</enemy>

	<scoreRatio value='2.02621'/>
	<timeFitness value='0.78875'/>
	<unitsAverage value='86'/>
</results>
