<results>
	<result value='win'/>
	<start value='2015-05-03.21:16:23'/>
	<end value='2015-05-03.21:17:40'/>
	<frames value='32025'/>
	<gameDuration value='2001'/>

	<player>
		<unitScore value='22325'/>
		<killScore value='34015'/>
		<buildingScore value='3925'/>
		<razingScore value='6255'/>
		<mineralScore value='34222'/>
		<gasScore value='2952'/>
		<totalScore value='103694'/>
	</player>

	<enemy>
		<race value='Zerg'/>
		<unitScore value='16650'/>
		<unitScore value='16650'/>
		<killScore value='20250'/>
		<buildingScore value='2085'/>
		<razingScore value='0'/>
		<mineralScore value='14426'/>
		<gasScore value='5696'/>
		<totalScore value='59107'/>
	</enemy>

	<scoreRatio value='1.75434'/>
	<timeFitness value='0.722083'/>
	<unitsAverage value='125'/>
</results>
