<results>
	<result value='win'/>
	<start value='2015-05-21.21:03:52'/>
	<end value='2015-05-21.21:04:16'/>
	<frames value='27127'/>
	<gameDuration value='1695'/>

	<player>
		<unitScore value='15625'/>
		<killScore value='22725'/>
		<buildingScore value='3475'/>
		<razingScore value='5595'/>
		<mineralScore value='22638'/>
		<gasScore value='2200'/>
		<totalScore value='72258'/>
	</player>

	<enemy>
		<race value='Zerg'/>
		<unitScore value='10300'/>
		<killScore value='11000'/>
		<buildingScore value='1865'/>
		<razingScore value='150'/>
		<mineralScore value='10690'/>
		<gasScore value='3408'/>
		<totalScore value='37413'/>
	</enemy>

	<scoreRatio value='1.93136'/>
	<timeFitness value='0.764583'/>
	<unitsAverage value='84'/>
</results>
