<results>
	<result value='win'/>
	<start value='2015-05-21.21:06:09'/>
	<end value='2015-05-21.21:07:01'/>
	<frames value='41914'/>
	<gameDuration value='2619'/>

	<player>
		<unitScore value='30125'/>
		<killScore value='49920'/>
		<buildingScore value='3675'/>
		<razingScore value='6975'/>
		<mineralScore value='36638'/>
		<gasScore value='5560'/>
		<totalScore value='132893'/>
	</player>

	<enemy>
		<race value='Zerg'/>
		<unitScore value='23275'/>
		<killScore value='35600'/>
		<buildingScore value='2325'/>
		<razingScore value='0'/>
		<mineralScore value='18842'/>
		<gasScore value='7830'/>
		<totalScore value='87872'/>
	</enemy>

	<scoreRatio value='1.51235'/>
	<timeFitness value='0.63625'/>
	<unitsAverage value='126'/>
</results>
