<results>
	<result value='win'/>
	<start value='2015-05-21.21:11:24'/>
	<end value='2015-05-21.21:11:59'/>
	<frames value='30041'/>
	<gameDuration value='1877'/>

	<player>
		<unitScore value='18850'/>
		<killScore value='23755'/>
		<buildingScore value='4225'/>
		<razingScore value='7605'/>
		<mineralScore value='31426'/>
		<gasScore value='3312'/>
		<totalScore value='89173'/>
	</player>

	<enemy>
		<race value='Zerg'/>
		<unitScore value='11450'/>
		<killScore value='13200'/>
		<buildingScore value='2535'/>
		<razingScore value='1800'/>
		<mineralScore value='11862'/>
		<gasScore value='3528'/>
		<totalScore value='44375'/>
	</enemy>

	<scoreRatio value='2.00953'/>
	<timeFitness value='0.739306'/>
	<unitsAverage value='116'/>
</results>
