<results>
	<result value='win'/>
	<start value='2015-05-21.21:12:38'/>
	<end value='2015-05-21.21:13:05'/>
	<frames value='29452'/>
	<gameDuration value='1840'/>

	<player>
		<unitScore value='18725'/>
		<killScore value='27460'/>
		<buildingScore value='4500'/>
		<razingScore value='6150'/>
		<mineralScore value='24258'/>
		<gasScore value='2712'/>
		<totalScore value='83805'/>
	</player>

	<enemy>
		<race value='Zerg'/>
		<unitScore value='11875'/>
		<killScore value='17200'/>
		<buildingScore value='2050'/>
		<razingScore value='1950'/>
		<mineralScore value='10974'/>
		<gasScore value='3800'/>
		<totalScore value='47849'/>
	</enemy>

	<scoreRatio value='1.75145'/>
	<timeFitness value='0.744444'/>
	<unitsAverage value='84'/>
</results>
