<results>
	<result value='win'/>
	<start value='2015-05-07.09:38:56'/>
	<end value='2015-05-07.09:40:13'/>
	<frames value='45634'/>
	<gameDuration value='2852'/>

	<player>
		<unitScore value='29425'/>
		<killScore value='43300'/>
		<buildingScore value='4450'/>
		<razingScore value='26025'/>
		<mineralScore value='34102'/>
		<gasScore value='3312'/>
		<totalScore value='140614'/>
	</player>

	<enemy>
		<race value='Protoss'/>
		<unitScore value='21650'/>
		<unitScore value='21650'/>
		<killScore value='34850'/>
		<buildingScore value='8675'/>
		<razingScore value='300'/>
		<mineralScore value='23334'/>
		<gasScore value='9672'/>
		<totalScore value='98481'/>
	</enemy>

	<scoreRatio value='1.42783'/>
	<timeFitness value='0.603889'/>
	<unitsAverage value='118'/>
</results>
