<results>
	<result value='loss'/>
	<start value='2015-05-07.09:46:59'/>
	<end value='2015-05-07.09:47:05'/>
	<frames value='15533'/>
	<gameDuration value='970'/>

	<player>
		<unitScore value='2800'/>
		<killScore value='800'/>
		<buildingScore value='1525'/>
		<razingScore value='0'/>
		<mineralScore value='4562'/>
		<gasScore value='0'/>
		<totalScore value='9687'/>
	</player>

	<enemy>
		<race value='Protoss'/>
		<unitScore value='3650'/>
		<unitScore value='3650'/>
		<killScore value='5600'/>
		<buildingScore value='2775'/>
		<razingScore value='4575'/>
		<mineralScore value='7858'/>
		<gasScore value='1424'/>
		<totalScore value='25882'/>
	</enemy>

	<scoreRatio value='0.374276'/>
	<timeFitness value='0.134722'/>
	<unitsAverage value='19'/>
</results>
