<results>
	<result value='loss'/>
	<start value='2015-05-07.09:47:16'/>
	<end value='2015-05-07.09:47:46'/>
	<frames value='48734'/>
	<gameDuration value='3045'/>

	<player>
		<unitScore value='20350'/>
		<killScore value='20800'/>
		<buildingScore value='2525'/>
		<razingScore value='7500'/>
		<mineralScore value='31550'/>
		<gasScore value='5640'/>
		<totalScore value='88365'/>
	</player>

	<enemy>
		<race value='Protoss'/>
		<unitScore value='25325'/>
		<unitScore value='25325'/>
		<killScore value='40700'/>
		<buildingScore value='9000'/>
		<razingScore value='7575'/>
		<mineralScore value='30346'/>
		<gasScore value='7754'/>
		<totalScore value='120700'/>
	</enemy>

	<scoreRatio value='0.732104'/>
	<timeFitness value='0.422917'/>
	<unitsAverage value='76'/>
</results>
