<results>
	<result value='loss'/>
	<start value='2015-05-07.09:47:50'/>
	<end value='2015-05-07.09:47:57'/>
	<frames value='15719'/>
	<gameDuration value='982'/>

	<player>
		<unitScore value='3000'/>
		<killScore value='1000'/>
		<buildingScore value='1900'/>
		<razingScore value='0'/>
		<mineralScore value='5066'/>
		<gasScore value='512'/>
		<totalScore value='11478'/>
	</player>

	<enemy>
		<race value='Protoss'/>
		<unitScore value='3550'/>
		<unitScore value='3550'/>
		<killScore value='6000'/>
		<buildingScore value='3525'/>
		<razingScore value='5700'/>
		<mineralScore value='8202'/>
		<gasScore value='1616'/>
		<totalScore value='28593'/>
	</enemy>

	<scoreRatio value='0.401427'/>
	<timeFitness value='0.136389'/>
	<unitsAverage value='23'/>
</results>
