<results>
	<result value='loss'/>
	<start value='2015-05-07.09:48:15'/>
	<end value='2015-05-07.09:48:33'/>
	<frames value='28212'/>
	<gameDuration value='1763'/>

	<player>
		<unitScore value='3325'/>
		<killScore value='2800'/>
		<buildingScore value='1650'/>
		<razingScore value='300'/>
		<mineralScore value='5074'/>
		<gasScore value='824'/>
		<totalScore value='13973'/>
	</player>

	<enemy>
		<race value='Protoss'/>
		<unitScore value='13125'/>
		<unitScore value='13125'/>
		<killScore value='6650'/>
		<buildingScore value='6975'/>
		<razingScore value='4950'/>
		<mineralScore value='17414'/>
		<gasScore value='6600'/>
		<totalScore value='55714'/>
	</enemy>

	<scoreRatio value='0.250799'/>
	<timeFitness value='0.244861'/>
	<unitsAverage value='22'/>
</results>
