<results>
	<result value='loss'/>
	<start value='2015-07-11.15:35:54'/>
	<end value='2015-07-11.15:36:07'/>
	<frames value='18974'/>
	<gameDuration value='1185'/>

	<player>
		<unitScore value='4400'/>
		<killScore value='0'/>
		<buildingScore value='2500'/>
		<razingScore value='0'/>
		<mineralScore value='9490'/>
		<gasScore value='0'/>
		<totalScore value='16390'/>
	</player>

	<enemy>
		<race value='Terran'/>
		<unitScore value='6750'/>
		<killScore value='8800'/>
		<buildingScore value='2900'/>
		<razingScore value='7500'/>
		<mineralScore value='8754'/>
		<gasScore value='2904'/>
		<totalScore value='37608'/>
	</enemy>

	<scoreRatio value='0.435812'/>
	<timeFitness value='0.164583'/>
	<unitsAverage value='29'/>
</results>
