<results>
	<result value='loss'/>
	<start value='2015-07-11.15:37:31'/>
	<end value='2015-07-11.15:37:42'/>
	<frames value='16773'/>
	<gameDuration value='1048'/>

	<player>
		<unitScore value='3250'/>
		<killScore value='0'/>
		<buildingScore value='2225'/>
		<razingScore value='0'/>
		<mineralScore value='7002'/>
		<gasScore value='0'/>
		<totalScore value='12477'/>
	</player>

	<enemy>
		<race value='Terran'/>
		<unitScore value='5600'/>
		<killScore value='6500'/>
		<buildingScore value='2625'/>
		<razingScore value='6675'/>
		<mineralScore value='7818'/>
		<gasScore value='2280'/>
		<totalScore value='31498'/>
	</enemy>

	<scoreRatio value='0.39612'/>
	<timeFitness value='0.145556'/>
	<unitsAverage value='23'/>
</results>
