<results>
	<result value='loss'/>
	<start value='2015-07-11.15:41:20'/>
	<end value='2015-07-11.15:41:40'/>
	<frames value='21485'/>
	<gameDuration value='1342'/>

	<player>
		<unitScore value='7225'/>
		<killScore value='3700'/>
		<buildingScore value='2325'/>
		<razingScore value='0'/>
		<mineralScore value='8810'/>
		<gasScore value='1128'/>
		<totalScore value='23188'/>
	</player>

	<enemy>
		<race value='Terran'/>
		<unitScore value='8325'/>
		<killScore value='13300'/>
		<buildingScore value='3125'/>
		<razingScore value='6975'/>
		<mineralScore value='10282'/>
		<gasScore value='4200'/>
		<totalScore value='46207'/>
	</enemy>

	<scoreRatio value='0.501829'/>
	<timeFitness value='0.186389'/>
	<unitsAverage value='32'/>
</results>
