<results>
	<result value='loss'/>
	<start value='2015-07-10.11:09:22'/>
	<end value='2015-07-10.11:09:40'/>
	<frames value='18819'/>
	<gameDuration value='1176'/>

	<player>
		<unitScore value='3575'/>
		<killScore value='3100'/>
		<buildingScore value='1575'/>
		<razingScore value='0'/>
		<mineralScore value='4338'/>
		<gasScore value='776'/>
		<totalScore value='13364'/>
	</player>

	<enemy>
		<race value='Terran'/>
		<unitScore value='7025'/>
		<killScore value='6850'/>
		<buildingScore value='2750'/>
		<razingScore value='4725'/>
		<mineralScore value='8570'/>
		<gasScore value='2952'/>
		<totalScore value='32872'/>
	</enemy>

	<scoreRatio value='0.406547'/>
	<timeFitness value='0.163333'/>
	<unitsAverage value='21'/>
</results>
