<results>
	<result value='loss'/>
	<start value='2015-07-10.11:19:14'/>
	<end value='2015-07-10.11:20:04'/>
	<frames value='46037'/>
	<gameDuration value='2877'/>

	<player>
		<unitScore value='16275'/>
		<killScore value='10550'/>
		<buildingScore value='3100'/>
		<razingScore value='225'/>
		<mineralScore value='18486'/>
		<gasScore value='3120'/>
		<totalScore value='51756'/>
	</player>

	<enemy>
		<race value='Terran'/>
		<unitScore value='27950'/>
		<killScore value='31700'/>
		<buildingScore value='6200'/>
		<razingScore value='9525'/>
		<mineralScore value='23786'/>
		<gasScore value='14688'/>
		<totalScore value='113849'/>
	</enemy>

	<scoreRatio value='0.454602'/>
	<timeFitness value='0.399583'/>
	<unitsAverage value='35'/>
</results>
