<results>
	<result value='loss'/>
	<start value='2015-07-10.11:22:00'/>
	<end value='2015-07-10.11:22:21'/>
	<frames value='21330'/>
	<gameDuration value='1333'/>

	<player>
		<unitScore value='5450'/>
		<killScore value='2850'/>
		<buildingScore value='2050'/>
		<razingScore value='150'/>
		<mineralScore value='6802'/>
		<gasScore value='768'/>
		<totalScore value='18070'/>
	</player>

	<enemy>
		<race value='Terran'/>
		<unitScore value='7900'/>
		<killScore value='10900'/>
		<buildingScore value='2700'/>
		<razingScore value='6150'/>
		<mineralScore value='9762'/>
		<gasScore value='3032'/>
		<totalScore value='40444'/>
	</enemy>

	<scoreRatio value='0.446791'/>
	<timeFitness value='0.185139'/>
	<unitsAverage value='23'/>
</results>
