<results>
	<result value='loss'/>
	<start value='2015-07-10.11:25:21'/>
	<end value='2015-07-10.11:25:42'/>
	<frames value='20555'/>
	<gameDuration value='1284'/>

	<player>
		<unitScore value='6350'/>
		<killScore value='2200'/>
		<buildingScore value='2050'/>
		<razingScore value='0'/>
		<mineralScore value='8458'/>
		<gasScore value='1352'/>
		<totalScore value='20410'/>
	</player>

	<enemy>
		<race value='Terran'/>
		<unitScore value='8100'/>
		<killScore value='12700'/>
		<buildingScore value='3025'/>
		<razingScore value='6150'/>
		<mineralScore value='9810'/>
		<gasScore value='3672'/>
		<totalScore value='43457'/>
	</enemy>

	<scoreRatio value='0.46966'/>
	<timeFitness value='0.178333'/>
	<unitsAverage value='30'/>
</results>
