<results>
	<result value='loss'/>
	<start value='2015-07-10.11:28:56'/>
	<end value='2015-07-10.11:29:42'/>
	<frames value='36582'/>
	<gameDuration value='2286'/>

	<player>
		<unitScore value='14400'/>
		<killScore value='8250'/>
		<buildingScore value='4825'/>
		<razingScore value='1425'/>
		<mineralScore value='18618'/>
		<gasScore value='2088'/>
		<totalScore value='49606'/>
	</player>

	<enemy>
		<race value='Terran'/>
		<unitScore value='9900'/>
		<killScore value='27750'/>
		<buildingScore value='4675'/>
		<razingScore value='14475'/>
		<mineralScore value='18138'/>
		<gasScore value='5116'/>
		<totalScore value='80054'/>
	</enemy>

	<scoreRatio value='0.619657'/>
	<timeFitness value='0.3175'/>
	<unitsAverage value='49'/>
</results>
