<results>
	<result value='loss'/>
	<start value='2015-05-10.08:27:21'/>
	<end value='2015-05-10.08:27:49'/>
	<frames value='47029'/>
	<gameDuration value='2939'/>

	<player>
		<unitScore value='13650'/>
		<killScore value='11900'/>
		<buildingScore value='1925'/>
		<razingScore value='0'/>
		<mineralScore value='17266'/>
		<gasScore value='776'/>
		<totalScore value='45517'/>
	</player>

	<enemy>
		<race value='Terran'/>
		<unitScore value='24100'/>
		<unitScore value='24100'/>
		<killScore value='27300'/>
		<buildingScore value='4725'/>
		<razingScore value='5775'/>
		<mineralScore value='28898'/>
		<gasScore value='11336'/>
		<totalScore value='102134'/>
	</enemy>

	<scoreRatio value='0.44566'/>
	<timeFitness value='0.408194'/>
	<unitsAverage value='40'/>
</results>
