<results>
	<result value='loss'/>
	<start value='2015-05-10.08:30:53'/>
	<end value='2015-05-10.08:31:03'/>
	<frames value='18912'/>
	<gameDuration value='1182'/>

	<player>
		<unitScore value='4100'/>
		<killScore value='2700'/>
		<buildingScore value='1650'/>
		<razingScore value='0'/>
		<mineralScore value='6210'/>
		<gasScore value='776'/>
		<totalScore value='15436'/>
	</player>

	<enemy>
		<race value='Terran'/>
		<unitScore value='7200'/>
		<unitScore value='7200'/>
		<killScore value='8100'/>
		<buildingScore value='2850'/>
		<razingScore value='4950'/>
		<mineralScore value='8674'/>
		<gasScore value='3152'/>
		<totalScore value='34926'/>
	</enemy>

	<scoreRatio value='0.441963'/>
	<timeFitness value='0.164167'/>
	<unitsAverage value='28'/>
</results>
