<results>
	<result value='win'/>
	<start value='2015-07-18.00:42:09'/>
	<end value='2015-07-18.00:42:38'/>
	<frames value='25949'/>
	<gameDuration value='1621'/>

	<player>
		<unitScore value='16175'/>
		<killScore value='21850'/>
		<buildingScore value='4250'/>
		<razingScore value='8100'/>
		<mineralScore value='20586'/>
		<gasScore value='2720'/>
		<totalScore value='73681'/>
	</player>

	<enemy>
		<race value='Terran'/>
		<unitScore value='11325'/>
		<killScore value='11450'/>
		<buildingScore value='2700'/>
		<razingScore value='300'/>
		<mineralScore value='9710'/>
		<gasScore value='3472'/>
		<totalScore value='38957'/>
	</enemy>

	<scoreRatio value='1.89134'/>
	<timeFitness value='0.774861'/>
	<unitsAverage value='78'/>
</results>
