<results>
	<result value='loss'/>
	<start value='2015-07-18.00:49:27'/>
	<end value='2015-07-18.00:49:43'/>
	<frames value='20834'/>
	<gameDuration value='1302'/>

	<player>
		<unitScore value='8100'/>
		<killScore value='6300'/>
		<buildingScore value='1800'/>
		<razingScore value='450'/>
		<mineralScore value='8378'/>
		<gasScore value='1232'/>
		<totalScore value='26260'/>
	</player>

	<enemy>
		<race value='Terran'/>
		<unitScore value='6850'/>
		<killScore value='12750'/>
		<buildingScore value='2800'/>
		<razingScore value='5400'/>
		<mineralScore value='9066'/>
		<gasScore value='3344'/>
		<totalScore value='40210'/>
	</enemy>

	<scoreRatio value='0.653071'/>
	<timeFitness value='0.180833'/>
	<unitsAverage value='36'/>
</results>
