<results>
	<result value='loss'/>
	<start value='2015-07-18.00:57:53'/>
	<end value='2015-07-18.00:58:05'/>
	<frames value='17424'/>
	<gameDuration value='1089'/>

	<player>
		<unitScore value='4450'/>
		<killScore value='500'/>
		<buildingScore value='1900'/>
		<razingScore value='0'/>
		<mineralScore value='6738'/>
		<gasScore value='872'/>
		<totalScore value='14460'/>
	</player>

	<enemy>
		<race value='Terran'/>
		<unitScore value='6400'/>
		<killScore value='8900'/>
		<buildingScore value='2700'/>
		<razingScore value='5700'/>
		<mineralScore value='7986'/>
		<gasScore value='2616'/>
		<totalScore value='34302'/>
	</enemy>

	<scoreRatio value='0.42155'/>
	<timeFitness value='0.15125'/>
	<unitsAverage value='28'/>
</results>
