<results>
	<result value='loss'/>
	<start value='2015-05-09.19:05:45'/>
	<end value='2015-05-09.19:05:51'/>
	<frames value='14634'/>
	<gameDuration value='914'/>

	<player>
		<unitScore value='2450'/>
		<killScore value='5400'/>
		<buildingScore value='1200'/>
		<razingScore value='1125'/>
		<mineralScore value='4050'/>
		<gasScore value='816'/>
		<totalScore value='15041'/>
	</player>

	<enemy>
		<race value='Protoss'/>
		<unitScore value='4250'/>
		<unitScore value='4250'/>
		<killScore value='4300'/>
		<buildingScore value='1625'/>
		<razingScore value='3600'/>
		<mineralScore value='6914'/>
		<gasScore value='1152'/>
		<totalScore value='21841'/>
	</enemy>

	<scoreRatio value='0.688659'/>
	<timeFitness value='0.126944'/>
	<unitsAverage value='22'/>
</results>
