<results>
	<result value='win'/>
	<start value='2015-05-10.13:37:57'/>
	<end value='2015-05-10.13:39:10'/>
	<frames value='44332'/>
	<gameDuration value='2770'/>

	<player>
		<unitScore value='30725'/>
		<killScore value='44105'/>
		<buildingScore value='4825'/>
		<razingScore value='11475'/>
		<mineralScore value='32462'/>
		<gasScore value='6632'/>
		<totalScore value='130224'/>
	</player>

	<enemy>
		<race value='Zerg'/>
		<unitScore value='22925'/>
		<unitScore value='22925'/>
		<killScore value='32600'/>
		<buildingScore value='3825'/>
		<razingScore value='2250'/>
		<mineralScore value='22026'/>
		<gasScore value='7754'/>
		<totalScore value='91380'/>
	</enemy>

	<scoreRatio value='1.42508'/>
	<timeFitness value='0.615278'/>
	<unitsAverage value='134'/>
</results>
