<results>
	<result value='loss'/>
	<start value='2015-05-10.13:45:48'/>
	<end value='2015-05-10.13:46:12'/>
	<frames value='31684'/>
	<gameDuration value='1980'/>

	<player>
		<unitScore value='10250'/>
		<killScore value='17475'/>
		<buildingScore value='3425'/>
		<razingScore value='0'/>
		<mineralScore value='16310'/>
		<gasScore value='1688'/>
		<totalScore value='49148'/>
	</player>

	<enemy>
		<race value='Zerg'/>
		<unitScore value='18625'/>
		<unitScore value='18625'/>
		<killScore value='20400'/>
		<buildingScore value='3745'/>
		<razingScore value='10275'/>
		<mineralScore value='19390'/>
		<gasScore value='7170'/>
		<totalScore value='79605'/>
	</enemy>

	<scoreRatio value='0.617398'/>
	<timeFitness value='0.275'/>
	<unitsAverage value='50'/>
</results>
