<results>
	<result value='draw'/>
	<start value='2015-04-08.13:30:39'/>
	<end value='2015-04-08.13:32:02'/>
	<frames value='57601'/>
	<gameDuration value='3600'/>

	<player>
		<unitScore value='30100'/>
		<killScore value='60400'/>
		<buildingScore value='3225'/>
		<razingScore value='19650'/>
		<mineralScore value='31762'/>
		<gasScore value='4600'/>
		<totalScore value='149737'/>
	</player>

	<enemy>
		<race value='Protoss'/>
		<unitScore value='32375'/>
		<unitScore value='32375'/>
		<killScore value='48450'/>
		<buildingScore value='8275'/>
		<razingScore value='450'/>
		<mineralScore value='31082'/>
		<gasScore value='10854'/>
		<totalScore value='131486'/>
	</enemy>

	<scoreRatio value='1.13881'/>
</results>
