<results>
	<result value='win'/>
	<start value='2015-04-28.02:31:11'/>
	<end value='2015-04-28.02:31:41'/>
	<frames value='24864'/>
	<gameDuration value='1554'/>

	<player>
		<unitScore value='14550'/>
		<killScore value='21800'/>
		<buildingScore value='3975'/>
		<razingScore value='6900'/>
		<mineralScore value='26158'/>
		<gasScore value='1864'/>
		<totalScore value='75247'/>
	</player>

	<enemy>
		<race value='Terran'/>
		<unitScore value='12700'/>
		<unitScore value='12700'/>
		<killScore value='9550'/>
		<buildingScore value='2300'/>
		<razingScore value='0'/>
		<mineralScore value='11246'/>
		<gasScore value='4080'/>
		<totalScore value='39876'/>
	</enemy>

	<scoreRatio value='1.88702'/>
</results>
