<results>
	<result value='loss'/>
	<start value='2015-05-11.00:06:20'/>
	<end value='2015-05-11.00:06:49'/>
	<frames value='33110'/>
	<gameDuration value='2069'/>

	<player>
		<unitScore value='15250'/>
		<killScore value='26725'/>
		<buildingScore value='3150'/>
		<razingScore value='0'/>
		<mineralScore value='18938'/>
		<gasScore value='2648'/>
		<totalScore value='66711'/>
	</player>

	<enemy>
		<race value='Zerg'/>
		<unitScore value='22775'/>
		<unitScore value='22775'/>
		<killScore value='30500'/>
		<buildingScore value='4030'/>
		<razingScore value='9450'/>
		<mineralScore value='20950'/>
		<gasScore value='8290'/>
		<totalScore value='95995'/>
	</enemy>

	<scoreRatio value='0.694942'/>
	<timeFitness value='0.287361'/>
	<unitsAverage value='60'/>
</results>
