<results>
	<result value='win'/>
	<start value='2015-05-04.19:10:19'/>
	<end value='2015-05-04.19:11:00'/>
	<frames value='31188'/>
	<gameDuration value='1949'/>

	<player>
		<unitScore value='28800'/>
		<killScore value='31560'/>
		<buildingScore value='3350'/>
		<razingScore value='4560'/>
		<mineralScore value='33842'/>
		<gasScore value='0'/>
		<totalScore value='102112'/>
	</player>

	<enemy>
		<race value='Zerg'/>
		<unitScore value='14325'/>
		<unitScore value='14325'/>
		<killScore value='45700'/>
		<buildingScore value='1520'/>
		<razingScore value='0'/>
		<mineralScore value='11618'/>
		<gasScore value='3720'/>
		<totalScore value='76883'/>
	</enemy>

	<scoreRatio value='1.32815'/>
	<timeFitness value='0.729306'/>
	<unitsAverage value='100'/>
</results>
