<results>
	<result value='win'/>
	<start value='2015-05-11.00:16:43'/>
	<end value='2015-05-11.00:17:30'/>
	<frames value='32087'/>
	<gameDuration value='2005'/>

	<player>
		<unitScore value='20975'/>
		<killScore value='30720'/>
		<buildingScore value='4250'/>
		<razingScore value='6135'/>
		<mineralScore value='33518'/>
		<gasScore value='2664'/>
		<totalScore value='98262'/>
	</player>

	<enemy>
		<race value='Zerg'/>
		<unitScore value='13875'/>
		<unitScore value='13875'/>
		<killScore value='18850'/>
		<buildingScore value='2045'/>
		<razingScore value='0'/>
		<mineralScore value='12910'/>
		<gasScore value='4080'/>
		<totalScore value='51760'/>
	</enemy>

	<scoreRatio value='1.89842'/>
	<timeFitness value='0.721528'/>
	<unitsAverage value='120'/>
</results>
