<results>
	<result value='loss'/>
	<start value='2015-05-04.19:11:04'/>
	<end value='2015-05-04.19:11:15'/>
	<frames value='18571'/>
	<gameDuration value='1160'/>

	<player>
		<unitScore value='1650'/>
		<killScore value='500'/>
		<buildingScore value='775'/>
		<razingScore value='0'/>
		<mineralScore value='7594'/>
		<gasScore value='0'/>
		<totalScore value='10519'/>
	</player>

	<enemy>
		<race value='Zerg'/>
		<unitScore value='7475'/>
		<unitScore value='7475'/>
		<killScore value='3300'/>
		<buildingScore value='1220'/>
		<razingScore value='2325'/>
		<mineralScore value='7362'/>
		<gasScore value='1992'/>
		<totalScore value='23674'/>
	</enemy>

	<scoreRatio value='0.444327'/>
	<timeFitness value='0.161111'/>
	<unitsAverage value='20'/>
</results>
