<results>
	<result value='loss'/>
	<start value='2015-05-10.09:05:47'/>
	<end value='2015-05-10.09:06:00'/>
	<frames value='16277'/>
	<gameDuration value='1017'/>

	<player>
		<unitScore value='3000'/>
		<killScore value='1600'/>
		<buildingScore value='1575'/>
		<razingScore value='0'/>
		<mineralScore value='4514'/>
		<gasScore value='912'/>
		<totalScore value='11601'/>
	</player>

	<enemy>
		<race value='Protoss'/>
		<unitScore value='4975'/>
		<unitScore value='4975'/>
		<killScore value='6100'/>
		<buildingScore value='2875'/>
		<razingScore value='4725'/>
		<mineralScore value='8242'/>
		<gasScore value='2136'/>
		<totalScore value='29053'/>
	</enemy>

	<scoreRatio value='0.399305'/>
	<timeFitness value='0.14125'/>
	<unitsAverage value='26'/>
</results>
