<results>
	<result value='win'/>
	<start value='2015-04-27.15:28:22'/>
	<end value='2015-04-27.15:29:32'/>
	<frames value='46781'/>
	<gameDuration value='2923'/>

	<player>
		<unitScore value='20775'/>
		<killScore value='31200'/>
		<buildingScore value='4850'/>
		<razingScore value='12075'/>
		<mineralScore value='31130'/>
		<gasScore value='4932'/>
		<totalScore value='104962'/>
	</player>

	<enemy>
		<race value='Terran'/>
		<unitScore value='19775'/>
		<unitScore value='19775'/>
		<killScore value='18350'/>
		<buildingScore value='4025'/>
		<razingScore value='4275'/>
		<mineralScore value='16998'/>
		<gasScore value='8936'/>
		<totalScore value='72359'/>
	</enemy>

	<scoreRatio value='1.45057'/>
</results>
