<results>
	<result value='win'/>
	<start value='2015-04-27.15:47:02'/>
	<end value='2015-04-27.15:47:41'/>
	<frames value='28987'/>
	<gameDuration value='1811'/>

	<player>
		<unitScore value='17525'/>
		<killScore value='20950'/>
		<buildingScore value='4275'/>
		<razingScore value='7950'/>
		<mineralScore value='29746'/>
		<gasScore value='2984'/>
		<totalScore value='83430'/>
	</player>

	<enemy>
		<race value='Terran'/>
		<unitScore value='10475'/>
		<unitScore value='10475'/>
		<killScore value='16650'/>
		<buildingScore value='2650'/>
		<razingScore value='525'/>
		<mineralScore value='11858'/>
		<gasScore value='4040'/>
		<totalScore value='46198'/>
	</enemy>

	<scoreRatio value='1.80592'/>
</results>
