<results>
	<result value='win'/>
	<start value='2015-05-03.02:03:36'/>
	<end value='2015-05-03.02:03:59'/>
	<frames value='26197'/>
	<gameDuration value='1637'/>

	<player>
		<unitScore value='13475'/>
		<killScore value='24660'/>
		<buildingScore value='3375'/>
		<razingScore value='4800'/>
		<mineralScore value='17642'/>
		<gasScore value='1712'/>
		<totalScore value='65664'/>
	</player>

	<enemy>
		<race value='Zerg'/>
		<unitScore value='10475'/>
		<unitScore value='10475'/>
		<killScore value='12400'/>
		<buildingScore value='1600'/>
		<razingScore value='0'/>
		<mineralScore value='8778'/>
		<gasScore value='2216'/>
		<totalScore value='35469'/>
	</enemy>

	<scoreRatio value='1.85131'/>
	<timeFitness value='0.772639'/>
	<unitsAverage value='63'/>
</results>
