<results>
	<result value='win'/>
	<start value='2015-05-11.04:46:07'/>
	<end value='2015-05-11.04:46:50'/>
	<frames value='27840'/>
	<gameDuration value='1740'/>

	<player>
		<unitScore value='17800'/>
		<killScore value='24060'/>
		<buildingScore value='4100'/>
		<razingScore value='5610'/>
		<mineralScore value='24962'/>
		<gasScore value='1952'/>
		<totalScore value='78484'/>
	</player>

	<enemy>
		<race value='Zerg'/>
		<unitScore value='10850'/>
		<unitScore value='10850'/>
		<killScore value='15800'/>
		<buildingScore value='1870'/>
		<razingScore value='0'/>
		<mineralScore value='10314'/>
		<gasScore value='3440'/>
		<totalScore value='42274'/>
	</enemy>

	<scoreRatio value='1.85655'/>
	<timeFitness value='0.758333'/>
	<unitsAverage value='101'/>
</results>
