<results>
	<result value='win'/>
	<start value='2015-04-27.13:26:30'/>
	<end value='2015-04-27.13:26:59'/>
	<frames value='28150'/>
	<gameDuration value='1759'/>

	<player>
		<unitScore value='18575'/>
		<killScore value='21250'/>
		<buildingScore value='4650'/>
		<razingScore value='8775'/>
		<mineralScore value='27490'/>
		<gasScore value='2384'/>
		<totalScore value='83124'/>
	</player>

	<enemy>
		<race value='Terran'/>
		<unitScore value='11125'/>
		<unitScore value='11125'/>
		<killScore value='12500'/>
		<buildingScore value='3000'/>
		<razingScore value='150'/>
		<mineralScore value='10874'/>
		<gasScore value='4536'/>
		<totalScore value='42185'/>
	</enemy>

	<scoreRatio value='1.97046'/>
</results>
