<results>
	<result value='loss'/>
	<start value='2015-04-13.03:13:29'/>
	<end value='2015-04-13.03:13:59'/>
	<frames value='40581'/>
	<gameDuration value='2536'/>

	<player>
		<unitScore value='14300'/>
		<killScore value='15000'/>
		<buildingScore value='2600'/>
		<razingScore value='0'/>
		<mineralScore value='20794'/>
		<gasScore value='2680'/>
		<totalScore value='55374'/>
	</player>

	<enemy>
		<race value='Protoss'/>
		<unitScore value='27300'/>
		<unitScore value='27300'/>
		<killScore value='28350'/>
		<buildingScore value='7625'/>
		<razingScore value='7800'/>
		<mineralScore value='27330'/>
		<gasScore value='10720'/>
		<totalScore value='109125'/>
	</enemy>

	<scoreRatio value='0.507436'/>
</results>
