<results>
	<result value='win'/>
	<start value='2015-05-01.13:34:35'/>
	<end value='2015-05-01.13:35:18'/>
	<frames value='26476'/>
	<gameDuration value='1654'/>

	<player>
		<unitScore value='14225'/>
		<killScore value='16100'/>
		<buildingScore value='3875'/>
		<razingScore value='11325'/>
		<mineralScore value='22522'/>
		<gasScore value='2280'/>
		<totalScore value='70327'/>
	</player>

	<enemy>
		<race value='Protoss'/>
		<unitScore value='8050'/>
		<unitScore value='8050'/>
		<killScore value='9250'/>
		<buildingScore value='3775'/>
		<razingScore value='300'/>
		<mineralScore value='12058'/>
		<gasScore value='3344'/>
		<totalScore value='36777'/>
	</enemy>

	<scoreRatio value='1.91225'/>
	<timeFitness value='0.770278'/>
	<unitsAverage value='89'/>
</results>
