<results>
	<result value='win'/>
	<start value='2015-05-01.13:35:22'/>
	<end value='2015-05-01.13:37:05'/>
	<frames value='44859'/>
	<gameDuration value='2803'/>

	<player>
		<unitScore value='32075'/>
		<killScore value='59220'/>
		<buildingScore value='4400'/>
		<razingScore value='19650'/>
		<mineralScore value='33518'/>
		<gasScore value='4280'/>
		<totalScore value='153143'/>
	</player>

	<enemy>
		<race value='Protoss'/>
		<unitScore value='31785'/>
		<unitScore value='31785'/>
		<killScore value='44050'/>
		<buildingScore value='6550'/>
		<razingScore value='375'/>
		<mineralScore value='26506'/>
		<gasScore value='9226'/>
		<totalScore value='118492'/>
	</enemy>

	<scoreRatio value='1.29243'/>
	<timeFitness value='0.610694'/>
	<unitsAverage value='136'/>
</results>
