<results>
	<result value='loss'/>
	<start value='2015-05-01.13:47:44'/>
	<end value='2015-05-01.13:48:25'/>
	<frames value='38349'/>
	<gameDuration value='2396'/>

	<player>
		<unitScore value='10450'/>
		<killScore value='10200'/>
		<buildingScore value='1975'/>
		<razingScore value='2625'/>
		<mineralScore value='15474'/>
		<gasScore value='688'/>
		<totalScore value='41412'/>
	</player>

	<enemy>
		<race value='Protoss'/>
		<unitScore value='17850'/>
		<unitScore value='17850'/>
		<killScore value='20900'/>
		<buildingScore value='7800'/>
		<razingScore value='5925'/>
		<mineralScore value='23690'/>
		<gasScore value='7728'/>
		<totalScore value='83893'/>
	</enemy>

	<scoreRatio value='0.493629'/>
	<timeFitness value='0.332778'/>
	<unitsAverage value='49'/>
</results>
