<results>
	<result value='win'/>
	<start value='2015-05-01.14:02:37'/>
	<end value='2015-05-01.14:04:13'/>
	<frames value='41449'/>
	<gameDuration value='2590'/>

	<player>
		<unitScore value='31525'/>
		<killScore value='42050'/>
		<buildingScore value='3925'/>
		<razingScore value='19500'/>
		<mineralScore value='35486'/>
		<gasScore value='4136'/>
		<totalScore value='136622'/>
	</player>

	<enemy>
		<race value='Protoss'/>
		<unitScore value='22250'/>
		<unitScore value='22250'/>
		<killScore value='41350'/>
		<buildingScore value='6500'/>
		<razingScore value='450'/>
		<mineralScore value='22802'/>
		<gasScore value='6464'/>
		<totalScore value='99816'/>
	</enemy>

	<scoreRatio value='1.36874'/>
	<timeFitness value='0.640278'/>
	<unitsAverage value='135'/>
</results>
