<results>
	<result value='loss'/>
	<start value='2015-07-14.01:11:53'/>
	<end value='2015-07-14.01:12:45'/>
	<frames value='34350'/>
	<gameDuration value='2146'/>

	<player>
		<unitScore value='18225'/>
		<killScore value='3200'/>
		<buildingScore value='4450'/>
		<razingScore value='0'/>
		<mineralScore value='24390'/>
		<gasScore value='2416'/>
		<totalScore value='52681'/>
	</player>

	<enemy>
		<race value='Protoss'/>
		<unitScore value='19850'/>
		<killScore value='32450'/>
		<buildingScore value='7275'/>
		<razingScore value='13350'/>
		<mineralScore value='25362'/>
		<gasScore value='8588'/>
		<totalScore value='106875'/>
	</enemy>

	<scoreRatio value='0.492922'/>
	<timeFitness value='0.298056'/>
	<unitsAverage value='80'/>
</results>
