<results>
	<result value='loss'/>
	<start value='2015-07-14.01:23:55'/>
	<end value='2015-07-14.01:24:03'/>
	<frames value='14572'/>
	<gameDuration value='910'/>

	<player>
		<unitScore value='3750'/>
		<killScore value='100'/>
		<buildingScore value='1450'/>
		<razingScore value='0'/>
		<mineralScore value='4778'/>
		<gasScore value='744'/>
		<totalScore value='10822'/>
	</player>

	<enemy>
		<race value='Protoss'/>
		<unitScore value='3500'/>
		<killScore value='5400'/>
		<buildingScore value='2725'/>
		<razingScore value='4350'/>
		<mineralScore value='7210'/>
		<gasScore value='1384'/>
		<totalScore value='24569'/>
	</enemy>

	<scoreRatio value='0.440474'/>
	<timeFitness value='0.126389'/>
	<unitsAverage value='28'/>
</results>
