<results>
	<result value='draw'/>
	<start value='2015-05-08.21:20:59'/>
	<end value='2015-05-08.21:22:12'/>
	<frames value='57601'/>
	<gameDuration value='3600'/>

	<player>
		<unitScore value='29675'/>
		<killScore value='21100'/>
		<buildingScore value='4150'/>
		<razingScore value='150'/>
		<mineralScore value='31510'/>
		<gasScore value='7736'/>
		<totalScore value='94321'/>
	</player>

	<enemy>
		<race value='Terran'/>
		<unitScore value='31350'/>
		<unitScore value='31350'/>
		<killScore value='48800'/>
		<buildingScore value='4925'/>
		<razingScore value='5325'/>
		<mineralScore value='31518'/>
		<gasScore value='12040'/>
		<totalScore value='133958'/>
	</enemy>

	<scoreRatio value='0.704109'/>
	<timeFitness value='0.5'/>
	<unitsAverage value='110'/>
</results>
