<results>
	<result value='win'/>
	<start value='2015-05-08.21:25:21'/>
	<end value='2015-05-08.21:25:58'/>
	<frames value='36613'/>
	<gameDuration value='2288'/>

	<player>
		<unitScore value='15225'/>
		<killScore value='28450'/>
		<buildingScore value='3050'/>
		<razingScore value='11475'/>
		<mineralScore value='18570'/>
		<gasScore value='2904'/>
		<totalScore value='79674'/>
	</player>

	<enemy>
		<race value='Terran'/>
		<unitScore value='18350'/>
		<unitScore value='18350'/>
		<killScore value='14800'/>
		<buildingScore value='3825'/>
		<razingScore value='2925'/>
		<mineralScore value='15482'/>
		<gasScore value='7688'/>
		<totalScore value='63070'/>
	</enemy>

	<scoreRatio value='1.26326'/>
	<timeFitness value='0.682222'/>
	<unitsAverage value='71'/>
</results>
