<results>
	<result value='win'/>
	<start value='2015-04-26.14:18:06'/>
	<end value='2015-04-26.14:18:18'/>
	<frames value='17424'/>
	<gameDuration value='1089'/>

	<player>
		<unitScore value='6825'/>
		<killScore value='10250'/>
		<buildingScore value='2475'/>
		<razingScore value='3975'/>
		<mineralScore value='11026'/>
		<gasScore value='1336'/>
		<totalScore value='35887'/>
	</player>

	<enemy>
		<race value='Terran'/>
		<unitScore value='5125'/>
		<unitScore value='5125'/>
		<killScore value='3200'/>
		<buildingScore value='1400'/>
		<razingScore value='150'/>
		<mineralScore value='7634'/>
		<gasScore value='2112'/>
		<totalScore value='19621'/>
	</enemy>

	<scoreRatio value='1.82901'/>
</results>
