<results>
	<result value='win'/>
	<start value='2015-04-26.14:23:49'/>
	<end value='2015-04-26.14:24:16'/>
	<frames value='27623'/>
	<gameDuration value='1726'/>

	<player>
		<unitScore value='16000'/>
		<killScore value='22800'/>
		<buildingScore value='3775'/>
		<razingScore value='10275'/>
		<mineralScore value='22266'/>
		<gasScore value='2504'/>
		<totalScore value='77620'/>
	</player>

	<enemy>
		<race value='Terran'/>
		<unitScore value='12200'/>
		<unitScore value='12200'/>
		<killScore value='14200'/>
		<buildingScore value='3425'/>
		<razingScore value='150'/>
		<mineralScore value='12306'/>
		<gasScore value='5280'/>
		<totalScore value='47561'/>
	</enemy>

	<scoreRatio value='1.63201'/>
</results>
