<results>
	<result value='loss'/>
	<start value='2015-05-02.16:22:39'/>
	<end value='2015-05-02.16:23:18'/>
	<frames value='45944'/>
	<gameDuration value='2871'/>

	<player>
		<unitScore value='12775'/>
		<killScore value='19250'/>
		<buildingScore value='1525'/>
		<razingScore value='1575'/>
		<mineralScore value='12618'/>
		<gasScore value='5044'/>
		<totalScore value='52787'/>
	</player>

	<enemy>
		<race value='Protoss'/>
		<unitScore value='26575'/>
		<unitScore value='26575'/>
		<killScore value='25550'/>
		<buildingScore value='8250'/>
		<razingScore value='4575'/>
		<mineralScore value='24458'/>
		<gasScore value='9836'/>
		<totalScore value='99244'/>
	</enemy>

	<scoreRatio value='0.531891'/>
	<timeFitness value='0.39875'/>
	<unitsAverage value='53'/>
</results>
