<results>
	<result value='draw'/>
	<start value='2015-05-08.19:19:37'/>
	<end value='2015-05-08.19:20:58'/>
	<frames value='57601'/>
	<gameDuration value='3600'/>

	<player>
		<unitScore value='35450'/>
		<killScore value='42100'/>
		<buildingScore value='3775'/>
		<razingScore value='1875'/>
		<mineralScore value='38898'/>
		<gasScore value='7622'/>
		<totalScore value='129720'/>
	</player>

	<enemy>
		<race value='Terran'/>
		<unitScore value='29975'/>
		<unitScore value='29975'/>
		<killScore value='60750'/>
		<buildingScore value='4550'/>
		<razingScore value='300'/>
		<mineralScore value='19526'/>
		<gasScore value='11848'/>
		<totalScore value='126949'/>
	</enemy>

	<scoreRatio value='1.02183'/>
	<timeFitness value='0.5'/>
	<unitsAverage value='127'/>
</results>
