<results>
	<result value='loss'/>
	<start value='2015-05-04.18:15:10'/>
	<end value='2015-05-04.18:15:22'/>
	<frames value='21392'/>
	<gameDuration value='1337'/>

	<player>
		<unitScore value='5150'/>
		<killScore value='2950'/>
		<buildingScore value='2275'/>
		<razingScore value='0'/>
		<mineralScore value='7738'/>
		<gasScore value='1160'/>
		<totalScore value='19273'/>
	</player>

	<enemy>
		<race value='Terran'/>
		<unitScore value='8200'/>
		<unitScore value='8200'/>
		<killScore value='10300'/>
		<buildingScore value='3300'/>
		<razingScore value='6825'/>
		<mineralScore value='10466'/>
		<gasScore value='4176'/>
		<totalScore value='43267'/>
	</enemy>

	<scoreRatio value='0.445443'/>
	<timeFitness value='0.185694'/>
	<unitsAverage value='33'/>
</results>
