<results>
	<result value='win'/>
	<start value='2015-05-08.19:24:46'/>
	<end value='2015-05-08.19:25:24'/>
	<frames value='30320'/>
	<gameDuration value='1895'/>

	<player>
		<unitScore value='16000'/>
		<killScore value='23250'/>
		<buildingScore value='4250'/>
		<razingScore value='9825'/>
		<mineralScore value='30546'/>
		<gasScore value='3232'/>
		<totalScore value='87103'/>
	</player>

	<enemy>
		<race value='Terran'/>
		<unitScore value='11625'/>
		<unitScore value='11625'/>
		<killScore value='9450'/>
		<buildingScore value='3275'/>
		<razingScore value='225'/>
		<mineralScore value='12050'/>
		<gasScore value='4792'/>
		<totalScore value='41417'/>
	</enemy>

	<scoreRatio value='2.10307'/>
	<timeFitness value='0.736806'/>
	<unitsAverage value='98'/>
</results>
