<results>
	<result value='win'/>
	<start value='2015-05-04.18:17:37'/>
	<end value='2015-05-04.18:17:59'/>
	<frames value='29204'/>
	<gameDuration value='1825'/>

	<player>
		<unitScore value='13275'/>
		<killScore value='21100'/>
		<buildingScore value='4125'/>
		<razingScore value='8550'/>
		<mineralScore value='18498'/>
		<gasScore value='1976'/>
		<totalScore value='67524'/>
	</player>

	<enemy>
		<race value='Terran'/>
		<unitScore value='11450'/>
		<unitScore value='11450'/>
		<killScore value='11050'/>
		<buildingScore value='2850'/>
		<razingScore value='3000'/>
		<mineralScore value='12050'/>
		<gasScore value='4464'/>
		<totalScore value='44864'/>
	</enemy>

	<scoreRatio value='1.50508'/>
	<timeFitness value='0.746528'/>
	<unitsAverage value='63'/>
</results>
