<results>
	<result value='loss'/>
	<start value='2015-05-04.18:23:21'/>
	<end value='2015-05-04.18:23:42'/>
	<frames value='36303'/>
	<gameDuration value='2268'/>

	<player>
		<unitScore value='8375'/>
		<killScore value='10400'/>
		<buildingScore value='2375'/>
		<razingScore value='0'/>
		<mineralScore value='10906'/>
		<gasScore value='1744'/>
		<totalScore value='33800'/>
	</player>

	<enemy>
		<race value='Terran'/>
		<unitScore value='18400'/>
		<unitScore value='18400'/>
		<killScore value='16750'/>
		<buildingScore value='4875'/>
		<razingScore value='7125'/>
		<mineralScore value='18386'/>
		<gasScore value='10526'/>
		<totalScore value='76062'/>
	</enemy>

	<scoreRatio value='0.444374'/>
	<timeFitness value='0.315'/>
	<unitsAverage value='29'/>
</results>
