<results>
	<result value='win'/>
	<start value='2015-04-12.09:09:38'/>
	<end value='2015-04-12.09:10:43'/>
	<frames value='41511'/>
	<gameDuration value='2594'/>

	<player>
		<unitScore value='22550'/>
		<killScore value='39650'/>
		<buildingScore value='2575'/>
		<razingScore value='25725'/>
		<mineralScore value='24186'/>
		<gasScore value='3216'/>
		<totalScore value='117902'/>
	</player>

	<enemy>
		<race value='Protoss'/>
		<unitScore value='21475'/>
		<unitScore value='21475'/>
		<killScore value='32850'/>
		<buildingScore value='8575'/>
		<razingScore value='300'/>
		<mineralScore value='24922'/>
		<gasScore value='8744'/>
		<totalScore value='96866'/>
	</enemy>

	<scoreRatio value='1.21717'/>
</results>
