<results>
	<result value='win'/>
	<start value='2015-05-06.04:08:26'/>
	<end value='2015-05-06.04:08:49'/>
	<frames value='19904'/>
	<gameDuration value='1244'/>

	<player>
		<unitScore value='6850'/>
		<killScore value='16000'/>
		<buildingScore value='2400'/>
		<razingScore value='5550'/>
		<mineralScore value='10410'/>
		<gasScore value='2256'/>
		<totalScore value='43466'/>
	</player>

	<enemy>
		<race value='Terran'/>
		<unitScore value='8000'/>
		<unitScore value='8000'/>
		<killScore value='4100'/>
		<buildingScore value='1850'/>
		<razingScore value='1350'/>
		<mineralScore value='8538'/>
		<gasScore value='2696'/>
		<totalScore value='26534'/>
	</enemy>

	<scoreRatio value='1.63812'/>
	<timeFitness value='0.827222'/>
	<unitsAverage value='49'/>
</results>
