<results>
	<result value='loss'/>
	<start value='2015-05-06.04:12:16'/>
	<end value='2015-05-06.04:12:37'/>
	<frames value='22477'/>
	<gameDuration value='1404'/>

	<player>
		<unitScore value='6725'/>
		<killScore value='4750'/>
		<buildingScore value='2450'/>
		<razingScore value='0'/>
		<mineralScore value='8954'/>
		<gasScore value='1168'/>
		<totalScore value='24047'/>
	</player>

	<enemy>
		<race value='Terran'/>
		<unitScore value='9550'/>
		<unitScore value='9550'/>
		<killScore value='13450'/>
		<buildingScore value='3225'/>
		<razingScore value='7350'/>
		<mineralScore value='10778'/>
		<gasScore value='4600'/>
		<totalScore value='48953'/>
	</enemy>

	<scoreRatio value='0.491226'/>
	<timeFitness value='0.195'/>
	<unitsAverage value='31'/>
</results>
