<results>
	<result value='draw'/>
	<start value='2015-05-06.04:15:31'/>
	<end value='2015-05-06.04:16:48'/>
	<frames value='57601'/>
	<gameDuration value='3600'/>

	<player>
		<unitScore value='22075'/>
		<killScore value='29350'/>
		<buildingScore value='2975'/>
		<razingScore value='450'/>
		<mineralScore value='24210'/>
		<gasScore value='5100'/>
		<totalScore value='84160'/>
	</player>

	<enemy>
		<race value='Terran'/>
		<unitScore value='23525'/>
		<unitScore value='23525'/>
		<killScore value='37500'/>
		<buildingScore value='4125'/>
		<razingScore value='4275'/>
		<mineralScore value='19550'/>
		<gasScore value='12350'/>
		<totalScore value='101325'/>
	</enemy>

	<scoreRatio value='0.830595'/>
	<timeFitness value='0.5'/>
	<unitsAverage value='68'/>
</results>
