<results>
	<result value='win'/>
	<start value='2015-05-06.04:34:29'/>
	<end value='2015-05-06.04:34:52'/>
	<frames value='18354'/>
	<gameDuration value='1147'/>

	<player>
		<unitScore value='8225'/>
		<killScore value='10150'/>
		<buildingScore value='2675'/>
		<razingScore value='4350'/>
		<mineralScore value='12354'/>
		<gasScore value='1056'/>
		<totalScore value='38810'/>
	</player>

	<enemy>
		<race value='Terran'/>
		<unitScore value='5075'/>
		<unitScore value='5075'/>
		<killScore value='4500'/>
		<buildingScore value='1450'/>
		<razingScore value='0'/>
		<mineralScore value='8634'/>
		<gasScore value='1760'/>
		<totalScore value='21419'/>
	</enemy>

	<scoreRatio value='1.81194'/>
	<timeFitness value='0.840694'/>
	<unitsAverage value='56'/>
</results>
