<results>
	<result value='loss'/>
	<start value='2015-05-10.21:10:07'/>
	<end value='2015-05-10.21:10:46'/>
	<frames value='44549'/>
	<gameDuration value='2784'/>

	<player>
		<unitScore value='19950'/>
		<killScore value='28800'/>
		<buildingScore value='2575'/>
		<razingScore value='300'/>
		<mineralScore value='23826'/>
		<gasScore value='2952'/>
		<totalScore value='78403'/>
	</player>

	<enemy>
		<race value='Protoss'/>
		<unitScore value='35725'/>
		<unitScore value='35725'/>
		<killScore value='40000'/>
		<buildingScore value='7575'/>
		<razingScore value='7500'/>
		<mineralScore value='31202'/>
		<gasScore value='12352'/>
		<totalScore value='134354'/>
	</enemy>

	<scoreRatio value='0.583555'/>
	<timeFitness value='0.386667'/>
	<unitsAverage value='63'/>
</results>
