<results>
	<result value='win'/>
	<start value='2015-05-04.17:31:40'/>
	<end value='2015-05-04.17:32:05'/>
	<frames value='27034'/>
	<gameDuration value='1689'/>

	<player>
		<unitScore value='11400'/>
		<killScore value='12600'/>
		<buildingScore value='2625'/>
		<razingScore value='13575'/>
		<mineralScore value='14930'/>
		<gasScore value='2712'/>
		<totalScore value='57842'/>
	</player>

	<enemy>
		<race value='Protoss'/>
		<unitScore value='6650'/>
		<unitScore value='6650'/>
		<killScore value='10250'/>
		<buildingScore value='4525'/>
		<razingScore value='300'/>
		<mineralScore value='11034'/>
		<gasScore value='2160'/>
		<totalScore value='34919'/>
	</enemy>

	<scoreRatio value='1.65646'/>
	<timeFitness value='0.765417'/>
	<unitsAverage value='61'/>
</results>
