<results>
	<result value='loss'/>
	<start value='2015-05-04.17:40:29'/>
	<end value='2015-05-04.17:40:50'/>
	<frames value='28925'/>
	<gameDuration value='1807'/>

	<player>
		<unitScore value='10650'/>
		<killScore value='4100'/>
		<buildingScore value='1450'/>
		<razingScore value='450'/>
		<mineralScore value='11830'/>
		<gasScore value='280'/>
		<totalScore value='28760'/>
	</player>

	<enemy>
		<race value='Protoss'/>
		<unitScore value='13050'/>
		<unitScore value='13050'/>
		<killScore value='21300'/>
		<buildingScore value='7025'/>
		<razingScore value='4350'/>
		<mineralScore value='17890'/>
		<gasScore value='6296'/>
		<totalScore value='69911'/>
	</enemy>

	<scoreRatio value='0.41138'/>
	<timeFitness value='0.250972'/>
	<unitsAverage value='38'/>
</results>
