<results>
	<result value='win'/>
	<start value='2014-07-24.01:04:24'/>
	<end value='2014-07-24.01:04:36'/>
	<frames value='20524'/>
	<gameDuration value='1282'/>

	<player>
		<unitScore value='7450'/>
		<killScore value='13200'/>
		<buildingScore value='2400'/>
		<razingScore value='5250'/>
		<mineralScore value='10858'/>
		<gasScore value='1432'/>
		<totalScore value='40590'/>
	</player>

	<enemy>
		<race value='Terran'/>
		<unitScore value='6600'/>
		<unitScore value='6600'/>
		<killScore value='7100'/>
		<buildingScore value='1750'/>
		<razingScore value='3450'/>
		<mineralScore value='7930'/>
		<gasScore value='2360'/>
		<totalScore value='29190'/>
	</enemy>

	<scoreRatio value='1.39054'/>
</results>
