<results>
	<result value='draw'/>
	<start value='2015-05-04.08:54:04'/>
	<end value='2015-05-04.08:56:43'/>
	<frames value='57601'/>
	<gameDuration value='3600'/>

	<player>
		<unitScore value='33025'/>
		<killScore value='43350'/>
		<buildingScore value='3075'/>
		<razingScore value='20025'/>
		<mineralScore value='32474'/>
		<gasScore value='5118'/>
		<totalScore value='137067'/>
	</player>

	<enemy>
		<race value='Protoss'/>
		<unitScore value='24000'/>
		<unitScore value='24000'/>
		<killScore value='47050'/>
		<buildingScore value='7625'/>
		<razingScore value='900'/>
		<mineralScore value='25986'/>
		<gasScore value='7708'/>
		<totalScore value='113269'/>
	</enemy>

	<scoreRatio value='1.2101'/>
	<timeFitness value='0.5'/>
	<unitsAverage value='126'/>
</results>
