<results>
	<result value='loss'/>
	<start value='2015-05-04.09:05:05'/>
	<end value='2015-05-04.09:05:27'/>
	<frames value='26972'/>
	<gameDuration value='1685'/>

	<player>
		<unitScore value='3300'/>
		<killScore value='2400'/>
		<buildingScore value='1100'/>
		<razingScore value='0'/>
		<mineralScore value='4250'/>
		<gasScore value='480'/>
		<totalScore value='11530'/>
	</player>

	<enemy>
		<race value='Protoss'/>
		<unitScore value='11875'/>
		<unitScore value='11875'/>
		<killScore value='6600'/>
		<buildingScore value='6875'/>
		<razingScore value='3300'/>
		<mineralScore value='16550'/>
		<gasScore value='5480'/>
		<totalScore value='50680'/>
	</enemy>

	<scoreRatio value='0.227506'/>
	<timeFitness value='0.234028'/>
	<unitsAverage value='22'/>
</results>
