<results>
	<result value='win'/>
	<start value='2015-05-05.12:10:35'/>
	<end value='2015-05-05.12:11:13'/>
	<frames value='25980'/>
	<gameDuration value='1623'/>

	<player>
		<unitScore value='17475'/>
		<killScore value='21430'/>
		<buildingScore value='4375'/>
		<razingScore value='5700'/>
		<mineralScore value='22466'/>
		<gasScore value='1536'/>
		<totalScore value='72982'/>
	</player>

	<enemy>
		<race value='Zerg'/>
		<unitScore value='9600'/>
		<unitScore value='9600'/>
		<killScore value='13400'/>
		<buildingScore value='1900'/>
		<razingScore value='0'/>
		<mineralScore value='9650'/>
		<gasScore value='3048'/>
		<totalScore value='37598'/>
	</enemy>

	<scoreRatio value='1.94111'/>
	<timeFitness value='0.774583'/>
	<unitsAverage value='92'/>
</results>
