<results>
	<result value='win'/>
	<start value='2015-05-08.16:40:45'/>
	<end value='2015-05-08.16:41:43'/>
	<frames value='31684'/>
	<gameDuration value='1980'/>

	<player>
		<unitScore value='17925'/>
		<killScore value='31650'/>
		<buildingScore value='3925'/>
		<razingScore value='10125'/>
		<mineralScore value='31466'/>
		<gasScore value='3416'/>
		<totalScore value='98507'/>
	</player>

	<enemy>
		<race value='Terran'/>
		<unitScore value='17425'/>
		<unitScore value='17425'/>
		<killScore value='13950'/>
		<buildingScore value='3375'/>
		<razingScore value='900'/>
		<mineralScore value='13666'/>
		<gasScore value='5880'/>
		<totalScore value='55196'/>
	</enemy>

	<scoreRatio value='1.78468'/>
	<timeFitness value='0.725'/>
	<unitsAverage value='103'/>
</results>
