<results>
	<result value='win'/>
	<start value='2015-05-08.16:46:51'/>
	<end value='2015-05-08.16:47:08'/>
	<frames value='18695'/>
	<gameDuration value='1168'/>

	<player>
		<unitScore value='6625'/>
		<killScore value='11700'/>
		<buildingScore value='2650'/>
		<razingScore value='4500'/>
		<mineralScore value='11066'/>
		<gasScore value='1960'/>
		<totalScore value='38501'/>
	</player>

	<enemy>
		<race value='Terran'/>
		<unitScore value='5850'/>
		<unitScore value='5850'/>
		<killScore value='3000'/>
		<buildingScore value='1500'/>
		<razingScore value='300'/>
		<mineralScore value='7954'/>
		<gasScore value='2136'/>
		<totalScore value='20740'/>
	</enemy>

	<scoreRatio value='1.85636'/>
	<timeFitness value='0.837778'/>
	<unitsAverage value='53'/>
</results>
