<results>
	<result value='loss'/>
	<start value='2015-05-02.20:01:17'/>
	<end value='2015-05-02.20:01:45'/>
	<frames value='40488'/>
	<gameDuration value='2530'/>

	<player>
		<unitScore value='7450'/>
		<killScore value='8000'/>
		<buildingScore value='2025'/>
		<razingScore value='0'/>
		<mineralScore value='9322'/>
		<gasScore value='1384'/>
		<totalScore value='28181'/>
	</player>

	<enemy>
		<race value='Terran'/>
		<unitScore value='23475'/>
		<unitScore value='23475'/>
		<killScore value='14900'/>
		<buildingScore value='5525'/>
		<razingScore value='6075'/>
		<mineralScore value='21786'/>
		<gasScore value='12658'/>
		<totalScore value='84419'/>
	</enemy>

	<scoreRatio value='0.333823'/>
	<timeFitness value='0.351389'/>
	<unitsAverage value='26'/>
</results>
