<results>
	<result value='loss'/>
	<start value='2015-05-02.20:13:34'/>
	<end value='2015-05-02.20:13:51'/>
	<frames value='22074'/>
	<gameDuration value='1379'/>

	<player>
		<unitScore value='5825'/>
		<killScore value='6200'/>
		<buildingScore value='1875'/>
		<razingScore value='300'/>
		<mineralScore value='7338'/>
		<gasScore value='952'/>
		<totalScore value='22490'/>
	</player>

	<enemy>
		<race value='Terran'/>
		<unitScore value='9775'/>
		<unitScore value='9775'/>
		<killScore value='11650'/>
		<buildingScore value='3575'/>
		<razingScore value='5625'/>
		<mineralScore value='10498'/>
		<gasScore value='4472'/>
		<totalScore value='45595'/>
	</enemy>

	<scoreRatio value='0.493256'/>
	<timeFitness value='0.191528'/>
	<unitsAverage value='29'/>
</results>
