<results>
	<result value='draw'/>
	<start value='2015-05-05.11:53:41'/>
	<end value='2015-05-05.11:55:12'/>
	<frames value='57601'/>
	<gameDuration value='3600'/>

	<player>
		<unitScore value='29100'/>
		<killScore value='60260'/>
		<buildingScore value='4400'/>
		<razingScore value='300'/>
		<mineralScore value='31438'/>
		<gasScore value='8136'/>
		<totalScore value='133634'/>
	</player>

	<enemy>
		<race value='Protoss'/>
		<unitScore value='38875'/>
		<unitScore value='38875'/>
		<killScore value='46800'/>
		<buildingScore value='6850'/>
		<razingScore value='5625'/>
		<mineralScore value='31550'/>
		<gasScore value='12110'/>
		<totalScore value='141810'/>
	</enemy>

	<scoreRatio value='0.942345'/>
	<timeFitness value='0.5'/>
	<unitsAverage value='129'/>
</results>
