<results>
	<result value='loss'/>
	<start value='2015-05-05.11:56:52'/>
	<end value='2015-05-05.11:57:16'/>
	<frames value='34815'/>
	<gameDuration value='2175'/>

	<player>
		<unitScore value='10375'/>
		<killScore value='6300'/>
		<buildingScore value='3275'/>
		<razingScore value='600'/>
		<mineralScore value='14558'/>
		<gasScore value='2800'/>
		<totalScore value='37908'/>
	</player>

	<enemy>
		<race value='Protoss'/>
		<unitScore value='16525'/>
		<unitScore value='16525'/>
		<killScore value='20750'/>
		<buildingScore value='7125'/>
		<razingScore value='9825'/>
		<mineralScore value='21586'/>
		<gasScore value='8096'/>
		<totalScore value='83907'/>
	</enemy>

	<scoreRatio value='0.451786'/>
	<timeFitness value='0.302083'/>
	<unitsAverage value='42'/>
</results>
