<results>
	<result value='loss'/>
	<start value='2015-05-05.12:01:58'/>
	<end value='2015-05-05.12:02:32'/>
	<frames value='39341'/>
	<gameDuration value='2458'/>

	<player>
		<unitScore value='12200'/>
		<killScore value='10950'/>
		<buildingScore value='2400'/>
		<razingScore value='0'/>
		<mineralScore value='19106'/>
		<gasScore value='4104'/>
		<totalScore value='48760'/>
	</player>

	<enemy>
		<race value='Protoss'/>
		<unitScore value='26775'/>
		<unitScore value='26775'/>
		<killScore value='24300'/>
		<buildingScore value='7525'/>
		<razingScore value='7200'/>
		<mineralScore value='26770'/>
		<gasScore value='11796'/>
		<totalScore value='104366'/>
	</enemy>

	<scoreRatio value='0.467202'/>
	<timeFitness value='0.341389'/>
	<unitsAverage value='62'/>
</results>
