<results>
	<result value='draw'/>
	<start value='2015-04-07.17:51:16'/>
	<end value='2015-04-07.17:52:42'/>
	<frames value='57601'/>
	<gameDuration value='3600'/>

	<player>
		<unitScore value='31625'/>
		<killScore value='49250'/>
		<buildingScore value='4075'/>
		<razingScore value='8025'/>
		<mineralScore value='34326'/>
		<gasScore value='10036'/>
		<totalScore value='137337'/>
	</player>

	<enemy>
		<race value='Protoss'/>
		<unitScore value='29025'/>
		<unitScore value='29025'/>
		<killScore value='45850'/>
		<buildingScore value='6575'/>
		<razingScore value='0'/>
		<mineralScore value='28742'/>
		<gasScore value='11476'/>
		<totalScore value='121668'/>
	</enemy>

	<scoreRatio value='1.12878'/>
</results>
