<results>
	<result value='loss'/>
	<start value='2015-07-15.11:32:58'/>
	<end value='2015-07-15.11:33:57'/>
	<frames value='44859'/>
	<gameDuration value='2803'/>

	<player>
		<unitScore value='11975'/>
		<killScore value='10100'/>
		<buildingScore value='3625'/>
		<razingScore value='1500'/>
		<mineralScore value='14782'/>
		<gasScore value='1904'/>
		<totalScore value='43886'/>
	</player>

	<enemy>
		<race value='Terran'/>
		<unitScore value='13100'/>
		<killScore value='22100'/>
		<buildingScore value='4800'/>
		<razingScore value='10875'/>
		<mineralScore value='17650'/>
		<gasScore value='9526'/>
		<totalScore value='78051'/>
	</enemy>

	<scoreRatio value='0.562273'/>
	<timeFitness value='0.389306'/>
	<unitsAverage value='39'/>
</results>
