<results>
	<result value='loss'/>
	<start value='2014-07-22.18:18:21'/>
	<end value='2014-07-22.18:18:55'/>
	<frames value='52950'/>
	<gameDuration value='3309'/>

	<player>
		<unitScore value='18100'/>
		<killScore value='21650'/>
		<buildingScore value='3800'/>
		<razingScore value='1950'/>
		<mineralScore value='22394'/>
		<gasScore value='3536'/>
		<totalScore value='71430'/>
	</player>

	<enemy>
		<race value='Terran'/>
		<unitScore value='34675'/>
		<unitScore value='34675'/>
		<killScore value='36200'/>
		<buildingScore value='5575'/>
		<razingScore value='11400'/>
		<mineralScore value='25158'/>
		<gasScore value='15230'/>
		<totalScore value='128238'/>
	</enemy>

	<scoreRatio value='0.557011'/>
</results>
