<results>
	<result value='win'/>
	<start value='2015-04-26.13:15:49'/>
	<end value='2015-04-26.13:16:01'/>
	<frames value='17703'/>
	<gameDuration value='1106'/>

	<player>
		<unitScore value='5675'/>
		<killScore value='9650'/>
		<buildingScore value='2450'/>
		<razingScore value='4350'/>
		<mineralScore value='9946'/>
		<gasScore value='1928'/>
		<totalScore value='33999'/>
	</player>

	<enemy>
		<race value='Terran'/>
		<unitScore value='4825'/>
		<unitScore value='4825'/>
		<killScore value='1900'/>
		<buildingScore value='1450'/>
		<razingScore value='1350'/>
		<mineralScore value='5514'/>
		<gasScore value='1208'/>
		<totalScore value='16247'/>
	</enemy>

	<scoreRatio value='2.09263'/>
</results>
