<results>
	<result value='win'/>
	<start value='2015-04-26.13:16:26'/>
	<end value='2015-04-26.13:16:43'/>
	<frames value='23314'/>
	<gameDuration value='1457'/>

	<player>
		<unitScore value='8925'/>
		<killScore value='18200'/>
		<buildingScore value='2100'/>
		<razingScore value='7050'/>
		<mineralScore value='12634'/>
		<gasScore value='2312'/>
		<totalScore value='51221'/>
	</player>

	<enemy>
		<race value='Terran'/>
		<unitScore value='9100'/>
		<unitScore value='9100'/>
		<killScore value='8250'/>
		<buildingScore value='2350'/>
		<razingScore value='600'/>
		<mineralScore value='10370'/>
		<gasScore value='3528'/>
		<totalScore value='34198'/>
	</enemy>

	<scoreRatio value='1.49778'/>
</results>
