<results>
	<result value='win'/>
	<start value='2015-04-26.13:21:01'/>
	<end value='2015-04-26.13:21:22'/>
	<frames value='25360'/>
	<gameDuration value='1585'/>

	<player>
		<unitScore value='14100'/>
		<killScore value='22150'/>
		<buildingScore value='4075'/>
		<razingScore value='7200'/>
		<mineralScore value='19434'/>
		<gasScore value='2264'/>
		<totalScore value='69223'/>
	</player>

	<enemy>
		<race value='Terran'/>
		<unitScore value='11075'/>
		<unitScore value='11075'/>
		<killScore value='11400'/>
		<buildingScore value='2400'/>
		<razingScore value='1500'/>
		<mineralScore value='10778'/>
		<gasScore value='3512'/>
		<totalScore value='40665'/>
	</enemy>

	<scoreRatio value='1.70227'/>
</results>
