<results>
	<result value='loss'/>
	<start value='2015-07-17.22:10:41'/>
	<end value='2015-07-17.22:10:55'/>
	<frames value='18478'/>
	<gameDuration value='1154'/>

	<player>
		<unitScore value='6550'/>
		<killScore value='500'/>
		<buildingScore value='1500'/>
		<razingScore value='0'/>
		<mineralScore value='7698'/>
		<gasScore value='1640'/>
		<totalScore value='17888'/>
	</player>

	<enemy>
		<race value='Protoss'/>
		<unitScore value='4100'/>
		<killScore value='12850'/>
		<buildingScore value='4375'/>
		<razingScore value='4500'/>
		<mineralScore value='10114'/>
		<gasScore value='2176'/>
		<totalScore value='38115'/>
	</enemy>

	<scoreRatio value='0.469317'/>
	<timeFitness value='0.160278'/>
	<unitsAverage value='31'/>
</results>
