<results>
	<result value='loss'/>
	<start value='2015-05-11.23:41:50'/>
	<end value='2015-05-11.23:42:01'/>
	<frames value='17672'/>
	<gameDuration value='1104'/>

	<player>
		<unitScore value='3625'/>
		<killScore value='500'/>
		<buildingScore value='2175'/>
		<razingScore value='0'/>
		<mineralScore value='6234'/>
		<gasScore value='760'/>
		<totalScore value='13294'/>
	</player>

	<enemy>
		<race value='Protoss'/>
		<unitScore value='3700'/>
		<unitScore value='3700'/>
		<killScore value='7250'/>
		<buildingScore value='4125'/>
		<razingScore value='6525'/>
		<mineralScore value='9234'/>
		<gasScore value='1864'/>
		<totalScore value='32698'/>
	</enemy>

	<scoreRatio value='0.406569'/>
	<timeFitness value='0.153333'/>
	<unitsAverage value='25'/>
</results>
