<results>
	<result value='loss'/>
	<start value='2015-05-11.23:49:15'/>
	<end value='2015-05-11.23:50:00'/>
	<frames value='45200'/>
	<gameDuration value='2825'/>

	<player>
		<unitScore value='17300'/>
		<killScore value='27500'/>
		<buildingScore value='3100'/>
		<razingScore value='600'/>
		<mineralScore value='20478'/>
		<gasScore value='6648'/>
		<totalScore value='75626'/>
	</player>

	<enemy>
		<race value='Protoss'/>
		<unitScore value='31025'/>
		<unitScore value='31025'/>
		<killScore value='34600'/>
		<buildingScore value='7375'/>
		<razingScore value='9300'/>
		<mineralScore value='30766'/>
		<gasScore value='10616'/>
		<totalScore value='123682'/>
	</enemy>

	<scoreRatio value='0.611455'/>
	<timeFitness value='0.392361'/>
	<unitsAverage value='72'/>
</results>
