<results>
	<result value='win'/>
	<start value='2015-05-10.12:20:37'/>
	<end value='2015-05-10.12:21:37'/>
	<frames value='42658'/>
	<gameDuration value='2666'/>

	<player>
		<unitScore value='29050'/>
		<killScore value='34350'/>
		<buildingScore value='3950'/>
		<razingScore value='20925'/>
		<mineralScore value='35798'/>
		<gasScore value='3544'/>
		<totalScore value='127617'/>
	</player>

	<enemy>
		<race value='Protoss'/>
		<unitScore value='17750'/>
		<unitScore value='17750'/>
		<killScore value='35350'/>
		<buildingScore value='6975'/>
		<razingScore value='150'/>
		<mineralScore value='21870'/>
		<gasScore value='6752'/>
		<totalScore value='88847'/>
	</enemy>

	<scoreRatio value='1.43637'/>
	<timeFitness value='0.629722'/>
	<unitsAverage value='131'/>
</results>
