<results>
	<result value='loss'/>
	<start value='2015-05-10.12:23:12'/>
	<end value='2015-05-10.12:23:48'/>
	<frames value='47804'/>
	<gameDuration value='2987'/>

	<player>
		<unitScore value='17975'/>
		<killScore value='25450'/>
		<buildingScore value='2525'/>
		<razingScore value='3600'/>
		<mineralScore value='19550'/>
		<gasScore value='4440'/>
		<totalScore value='73540'/>
	</player>

	<enemy>
		<race value='Protoss'/>
		<unitScore value='31450'/>
		<unitScore value='31450'/>
		<killScore value='35950'/>
		<buildingScore value='8725'/>
		<razingScore value='7575'/>
		<mineralScore value='33350'/>
		<gasScore value='10656'/>
		<totalScore value='127706'/>
	</enemy>

	<scoreRatio value='0.575854'/>
	<timeFitness value='0.414861'/>
	<unitsAverage value='56'/>
</results>
