<results>
	<result value='loss'/>
	<start value='2015-05-10.12:23:52'/>
	<end value='2015-05-10.12:24:37'/>
	<frames value='50532'/>
	<gameDuration value='3158'/>

	<player>
		<unitScore value='22875'/>
		<killScore value='43650'/>
		<buildingScore value='2525'/>
		<razingScore value='900'/>
		<mineralScore value='23994'/>
		<gasScore value='5070'/>
		<totalScore value='99014'/>
	</player>

	<enemy>
		<race value='Protoss'/>
		<unitScore value='42075'/>
		<unitScore value='42075'/>
		<killScore value='45850'/>
		<buildingScore value='7775'/>
		<razingScore value='7575'/>
		<mineralScore value='35854'/>
		<gasScore value='13566'/>
		<totalScore value='152695'/>
	</enemy>

	<scoreRatio value='0.648443'/>
	<timeFitness value='0.438611'/>
	<unitsAverage value='76'/>
</results>
