<results>
	<result value='win'/>
	<start value='2015-05-11.00:28:50'/>
	<end value='2015-05-11.00:29:20'/>
	<frames value='26073'/>
	<gameDuration value='1629'/>

	<player>
		<unitScore value='19275'/>
		<killScore value='23825'/>
		<buildingScore value='3775'/>
		<razingScore value='6855'/>
		<mineralScore value='24210'/>
		<gasScore value='1680'/>
		<totalScore value='79620'/>
	</player>

	<enemy>
		<race value='Zerg'/>
		<unitScore value='10650'/>
		<unitScore value='10650'/>
		<killScore value='19050'/>
		<buildingScore value='2285'/>
		<razingScore value='375'/>
		<mineralScore value='10154'/>
		<gasScore value='3360'/>
		<totalScore value='45874'/>
	</enemy>

	<scoreRatio value='1.73562'/>
	<timeFitness value='0.77375'/>
	<unitsAverage value='92'/>
</results>
