<results>
	<result value='loss'/>
	<start value='2015-07-19.09:02:08'/>
	<end value='2015-07-19.09:03:03'/>
	<frames value='30816'/>
	<gameDuration value='1926'/>

	<player>
		<unitScore value='14325'/>
		<killScore value='9150'/>
		<buildingScore value='3200'/>
		<razingScore value='0'/>
		<mineralScore value='21970'/>
		<gasScore value='2192'/>
		<totalScore value='50837'/>
	</player>

	<enemy>
		<race value='Zerg'/>
		<unitScore value='18325'/>
		<killScore value='23950'/>
		<buildingScore value='3785'/>
		<razingScore value='9600'/>
		<mineralScore value='18802'/>
		<gasScore value='6758'/>
		<totalScore value='81220'/>
	</enemy>

	<scoreRatio value='0.625917'/>
	<timeFitness value='0.2675'/>
	<unitsAverage value='70'/>
</results>
