<results>
	<result value='win'/>
	<start value='2014-07-06.04:29:03'/>
	<end value='2014-07-06.04:29:49'/>
	<frames value='43526'/>
	<gameDuration value='2720'/>

	<player>
		<unitScore value='29250'/>
		<killScore value='44300'/>
		<buildingScore value='4500'/>
		<razingScore value='16575'/>
		<mineralScore value='33206'/>
		<gasScore value='5608'/>
		<totalScore value='133439'/>
	</player>

	<enemy>
		<race value='Protoss'/>
		<unitScore value='23075'/>
		<unitScore value='23075'/>
		<killScore value='37050'/>
		<buildingScore value='5525'/>
		<razingScore value='2475'/>
		<mineralScore value='21786'/>
		<gasScore value='8032'/>
		<totalScore value='97943'/>
	</enemy>

	<scoreRatio value='1.36241'/>
</results>
