<results>
	<result value='loss'/>
	<start value='2015-04-13.23:02:20'/>
	<end value='2015-04-13.23:02:35'/>
	<frames value='15874'/>
	<gameDuration value='992'/>

	<player>
		<unitScore value='3125'/>
		<killScore value='1000'/>
		<buildingScore value='1525'/>
		<razingScore value='0'/>
		<mineralScore value='4914'/>
		<gasScore value='840'/>
		<totalScore value='11404'/>
	</player>

	<enemy>
		<race value='Protoss'/>
		<unitScore value='3550'/>
		<unitScore value='3550'/>
		<killScore value='6150'/>
		<buildingScore value='3375'/>
		<razingScore value='4575'/>
		<mineralScore value='8250'/>
		<gasScore value='1536'/>
		<totalScore value='27436'/>
	</enemy>

	<scoreRatio value='0.415658'/>
</results>
