<results>
	<result value='loss'/>
	<start value='2015-04-13.23:09:12'/>
	<end value='2015-04-13.23:09:30'/>
	<frames value='18664'/>
	<gameDuration value='1166'/>

	<player>
		<unitScore value='3500'/>
		<killScore value='1700'/>
		<buildingScore value='1725'/>
		<razingScore value='0'/>
		<mineralScore value='5514'/>
		<gasScore value='1016'/>
		<totalScore value='13455'/>
	</player>

	<enemy>
		<race value='Protoss'/>
		<unitScore value='3850'/>
		<unitScore value='3850'/>
		<killScore value='7000'/>
		<buildingScore value='4375'/>
		<razingScore value='5175'/>
		<mineralScore value='10258'/>
		<gasScore value='1800'/>
		<totalScore value='32458'/>
	</enemy>

	<scoreRatio value='0.414536'/>
</results>
