<results>
	<result value='loss'/>
	<start value='2015-04-13.23:09:33'/>
	<end value='2015-04-13.23:11:00'/>
	<frames value='52392'/>
	<gameDuration value='3274'/>

	<player>
		<unitScore value='31400'/>
		<killScore value='47050'/>
		<buildingScore value='3150'/>
		<razingScore value='1650'/>
		<mineralScore value='31486'/>
		<gasScore value='7290'/>
		<totalScore value='122026'/>
	</player>

	<enemy>
		<race value='Protoss'/>
		<unitScore value='37850'/>
		<unitScore value='37850'/>
		<killScore value='62800'/>
		<buildingScore value='6625'/>
		<razingScore value='9450'/>
		<mineralScore value='31550'/>
		<gasScore value='11552'/>
		<totalScore value='159827'/>
	</enemy>

	<scoreRatio value='0.763488'/>
</results>
