<results>
	<result value='draw'/>
	<start value='2015-07-17.07:55:28'/>
	<end value='2015-07-17.07:58:42'/>
	<frames value='57601'/>
	<gameDuration value='3600'/>

	<player>
		<unitScore value='34875'/>
		<killScore value='14100'/>
		<buildingScore value='4150'/>
		<razingScore value='0'/>
		<mineralScore value='31542'/>
		<gasScore value='7184'/>
		<totalScore value='91851'/>
	</player>

	<enemy>
		<race value='Terran'/>
		<unitScore value='24600'/>
		<killScore value='49750'/>
		<buildingScore value='4275'/>
		<razingScore value='4575'/>
		<mineralScore value='19550'/>
		<gasScore value='12378'/>
		<totalScore value='115128'/>
	</enemy>

	<scoreRatio value='0.797816'/>
	<timeFitness value='0.5'/>
	<unitsAverage value='141'/>
</results>
