<results>
	<result value='loss'/>
	<start value='2015-07-17.08:13:03'/>
	<end value='2015-07-17.08:13:17'/>
	<frames value='22787'/>
	<gameDuration value='1424'/>

	<player>
		<unitScore value='6850'/>
		<killScore value='5200'/>
		<buildingScore value='2050'/>
		<razingScore value='0'/>
		<mineralScore value='8298'/>
		<gasScore value='1576'/>
		<totalScore value='23974'/>
	</player>

	<enemy>
		<race value='Terran'/>
		<unitScore value='9150'/>
		<killScore value='13250'/>
		<buildingScore value='3550'/>
		<razingScore value='6150'/>
		<mineralScore value='11026'/>
		<gasScore value='4680'/>
		<totalScore value='47806'/>
	</enemy>

	<scoreRatio value='0.501485'/>
	<timeFitness value='0.197778'/>
	<unitsAverage value='30'/>
</results>
