<results>
	<result value='loss'/>
	<start value='2015-04-28.21:07:36'/>
	<end value='2015-04-28.21:07:51'/>
	<frames value='31126'/>
	<gameDuration value='1945'/>

	<player>
		<unitScore value='6325'/>
		<killScore value='4900'/>
		<buildingScore value='1200'/>
		<razingScore value='0'/>
		<mineralScore value='6878'/>
		<gasScore value='1752'/>
		<totalScore value='21055'/>
	</player>

	<enemy>
		<race value='Protoss'/>
		<unitScore value='16050'/>
		<unitScore value='16050'/>
		<killScore value='12650'/>
		<buildingScore value='6875'/>
		<razingScore value='3600'/>
		<mineralScore value='19934'/>
		<gasScore value='7800'/>
		<totalScore value='66909'/>
	</enemy>

	<scoreRatio value='0.314681'/>
	<timeFitness value='0.270139'/>
	<unitsAverage value='34'/>
</results>
