<results>
	<result value='loss'/>
	<start value='2015-04-28.21:12:11'/>
	<end value='2015-04-28.21:12:53'/>
	<frames value='51524'/>
	<gameDuration value='3220'/>

	<player>
		<unitScore value='23200'/>
		<killScore value='54850'/>
		<buildingScore value='2225'/>
		<razingScore value='900'/>
		<mineralScore value='24026'/>
		<gasScore value='5124'/>
		<totalScore value='110325'/>
	</player>

	<enemy>
		<race value='Protoss'/>
		<unitScore value='44775'/>
		<unitScore value='44775'/>
		<killScore value='46150'/>
		<buildingScore value='7475'/>
		<razingScore value='6675'/>
		<mineralScore value='35622'/>
		<gasScore value='14586'/>
		<totalScore value='155283'/>
	</enemy>

	<scoreRatio value='0.710477'/>
	<timeFitness value='0.447222'/>
	<unitsAverage value='92'/>
</results>
