<results>
	<result value='draw'/>
	<start value='2015-04-10.03:52:11'/>
	<end value='2015-04-10.03:53:17'/>
	<frames value='57601'/>
	<gameDuration value='3600'/>

	<player>
		<unitScore value='30050'/>
		<killScore value='55050'/>
		<buildingScore value='3275'/>
		<razingScore value='2400'/>
		<mineralScore value='31478'/>
		<gasScore value='7600'/>
		<totalScore value='129853'/>
	</player>

	<enemy>
		<race value='Protoss'/>
		<unitScore value='35675'/>
		<unitScore value='35675'/>
		<killScore value='52450'/>
		<buildingScore value='6775'/>
		<razingScore value='1500'/>
		<mineralScore value='31518'/>
		<gasScore value='10702'/>
		<totalScore value='138620'/>
	</enemy>

	<scoreRatio value='0.936755'/>
</results>
