<results>
	<result value='loss'/>
	<start value='2015-07-09.03:16:58'/>
	<end value='2015-07-09.03:17:18'/>
	<frames value='20276'/>
	<gameDuration value='1267'/>

	<player>
		<unitScore value='5050'/>
		<killScore value='3050'/>
		<buildingScore value='1675'/>
		<razingScore value='0'/>
		<mineralScore value='6058'/>
		<gasScore value='816'/>
		<totalScore value='16649'/>
	</player>

	<enemy>
		<race value='Terran'/>
		<unitScore value='7800'/>
		<killScore value='10100'/>
		<buildingScore value='2400'/>
		<razingScore value='5025'/>
		<mineralScore value='9474'/>
		<gasScore value='3264'/>
		<totalScore value='38063'/>
	</enemy>

	<scoreRatio value='0.437406'/>
	<timeFitness value='0.175972'/>
	<unitsAverage value='25'/>
</results>
