<results>
	<result value='loss'/>
	<start value='2015-07-09.03:28:47'/>
	<end value='2015-07-09.03:29:39'/>
	<frames value='45107'/>
	<gameDuration value='2819'/>

	<player>
		<unitScore value='11625'/>
		<killScore value='8300'/>
		<buildingScore value='2575'/>
		<razingScore value='0'/>
		<mineralScore value='10554'/>
		<gasScore value='2464'/>
		<totalScore value='35518'/>
	</player>

	<enemy>
		<race value='Terran'/>
		<unitScore value='21475'/>
		<killScore value='23250'/>
		<buildingScore value='5425'/>
		<razingScore value='7725'/>
		<mineralScore value='28170'/>
		<gasScore value='11044'/>
		<totalScore value='97089'/>
	</enemy>

	<scoreRatio value='0.365829'/>
	<timeFitness value='0.391528'/>
	<unitsAverage value='30'/>
</results>
