<results>
	<result value='draw'/>
	<start value='2015-07-09.03:34:43'/>
	<end value='2015-07-09.03:35:41'/>
	<frames value='57601'/>
	<gameDuration value='3600'/>

	<player>
		<unitScore value='10000'/>
		<killScore value='8600'/>
		<buildingScore value='2150'/>
		<razingScore value='0'/>
		<mineralScore value='9994'/>
		<gasScore value='1792'/>
		<totalScore value='32536'/>
	</player>

	<enemy>
		<race value='Terran'/>
		<unitScore value='25725'/>
		<killScore value='20000'/>
		<buildingScore value='6125'/>
		<razingScore value='6075'/>
		<mineralScore value='27050'/>
		<gasScore value='17488'/>
		<totalScore value='102463'/>
	</enemy>

	<scoreRatio value='0.317539'/>
	<timeFitness value='0.5'/>
	<unitsAverage value='17'/>
</results>
