<results>
	<result value='win'/>
	<start value='2015-05-11.03:00:18'/>
	<end value='2015-05-11.03:00:46'/>
	<frames value='24957'/>
	<gameDuration value='1559'/>

	<player>
		<unitScore value='15275'/>
		<killScore value='22290'/>
		<buildingScore value='4625'/>
		<razingScore value='6630'/>
		<mineralScore value='22286'/>
		<gasScore value='2320'/>
		<totalScore value='73426'/>
	</player>

	<enemy>
		<race value='Zerg'/>
		<unitScore value='10350'/>
		<unitScore value='10350'/>
		<killScore value='9300'/>
		<buildingScore value='2210'/>
		<razingScore value='1800'/>
		<mineralScore value='10506'/>
		<gasScore value='3128'/>
		<totalScore value='37294'/>
	</enemy>

	<scoreRatio value='1.96884'/>
	<timeFitness value='0.783472'/>
	<unitsAverage value='89'/>
</results>
