<results>
	<result value='win'/>
	<start value='2015-05-04.22:21:14'/>
	<end value='2015-05-04.22:21:44'/>
	<frames value='26507'/>
	<gameDuration value='1656'/>

	<player>
		<unitScore value='20350'/>
		<killScore value='22640'/>
		<buildingScore value='3100'/>
		<razingScore value='4560'/>
		<mineralScore value='24846'/>
		<gasScore value='0'/>
		<totalScore value='75496'/>
	</player>

	<enemy>
		<race value='Zerg'/>
		<unitScore value='10675'/>
		<unitScore value='10675'/>
		<killScore value='29200'/>
		<buildingScore value='1520'/>
		<razingScore value='0'/>
		<mineralScore value='9874'/>
		<gasScore value='3512'/>
		<totalScore value='54781'/>
	</enemy>

	<scoreRatio value='1.37814'/>
	<timeFitness value='0.77'/>
	<unitsAverage value='81'/>
</results>
