<results>
	<result value='draw'/>
	<start value='2015-05-04.22:25:06'/>
	<end value='2015-05-04.22:26:29'/>
	<frames value='57601'/>
	<gameDuration value='3600'/>

	<player>
		<unitScore value='39800'/>
		<killScore value='47450'/>
		<buildingScore value='2950'/>
		<razingScore value='1110'/>
		<mineralScore value='43542'/>
		<gasScore value='0'/>
		<totalScore value='134852'/>
	</player>

	<enemy>
		<race value='Zerg'/>
		<unitScore value='24700'/>
		<unitScore value='24700'/>
		<killScore value='72600'/>
		<buildingScore value='1970'/>
		<razingScore value='0'/>
		<mineralScore value='19550'/>
		<gasScore value='10808'/>
		<totalScore value='129628'/>
	</enemy>

	<scoreRatio value='1.0403'/>
	<timeFitness value='0.5'/>
	<unitsAverage value='107'/>
</results>
