<results>
	<result value='draw'/>
	<start value='2015-05-11.03:13:20'/>
	<end value='2015-05-11.03:15:20'/>
	<frames value='57601'/>
	<gameDuration value='3600'/>

	<player>
		<unitScore value='23875'/>
		<killScore value='29170'/>
		<buildingScore value='5625'/>
		<razingScore value='3075'/>
		<mineralScore value='45582'/>
		<gasScore value='6200'/>
		<totalScore value='113527'/>
	</player>

	<enemy>
		<race value='Zerg'/>
		<unitScore value='14925'/>
		<unitScore value='14925'/>
		<killScore value='24000'/>
		<buildingScore value='2985'/>
		<razingScore value='900'/>
		<mineralScore value='16498'/>
		<gasScore value='5120'/>
		<totalScore value='64428'/>
	</enemy>

	<scoreRatio value='1.76208'/>
	<timeFitness value='0.5'/>
	<unitsAverage value='154'/>
</results>
