<results>
	<result value='win'/>
	<start value='2015-05-04.22:34:44'/>
	<end value='2015-05-04.22:35:17'/>
	<frames value='27902'/>
	<gameDuration value='1743'/>

	<player>
		<unitScore value='19250'/>
		<killScore value='23880'/>
		<buildingScore value='2675'/>
		<razingScore value='4560'/>
		<mineralScore value='25298'/>
		<gasScore value='0'/>
		<totalScore value='75663'/>
	</player>

	<enemy>
		<race value='Zerg'/>
		<unitScore value='10850'/>
		<unitScore value='10850'/>
		<killScore value='23500'/>
		<buildingScore value='1520'/>
		<razingScore value='0'/>
		<mineralScore value='9434'/>
		<gasScore value='2624'/>
		<totalScore value='47928'/>
	</enemy>

	<scoreRatio value='1.57868'/>
	<timeFitness value='0.757917'/>
	<unitsAverage value='86'/>
</results>
