<results>
	<result value='win'/>
	<start value='2015-05-08.20:35:12'/>
	<end value='2015-05-08.20:35:35'/>
	<frames value='23779'/>
	<gameDuration value='1486'/>

	<player>
		<unitScore value='10300'/>
		<killScore value='18700'/>
		<buildingScore value='3375'/>
		<razingScore value='7050'/>
		<mineralScore value='18718'/>
		<gasScore value='2216'/>
		<totalScore value='60359'/>
	</player>

	<enemy>
		<race value='Terran'/>
		<unitScore value='9350'/>
		<unitScore value='9350'/>
		<killScore value='4400'/>
		<buildingScore value='2350'/>
		<razingScore value='150'/>
		<mineralScore value='9714'/>
		<gasScore value='3152'/>
		<totalScore value='29116'/>
	</enemy>

	<scoreRatio value='2.07305'/>
	<timeFitness value='0.793611'/>
	<unitsAverage value='74'/>
</results>
