<results>
	<result value='win'/>
	<start value='2015-05-04.19:16:19'/>
	<end value='2015-05-04.19:16:46'/>
	<frames value='26600'/>
	<gameDuration value='1662'/>

	<player>
		<unitScore value='15700'/>
		<killScore value='22950'/>
		<buildingScore value='3050'/>
		<razingScore value='8550'/>
		<mineralScore value='24890'/>
		<gasScore value='2160'/>
		<totalScore value='77300'/>
	</player>

	<enemy>
		<race value='Terran'/>
		<unitScore value='11475'/>
		<unitScore value='11475'/>
		<killScore value='10850'/>
		<buildingScore value='2850'/>
		<razingScore value='0'/>
		<mineralScore value='10346'/>
		<gasScore value='4272'/>
		<totalScore value='39793'/>
	</enemy>

	<scoreRatio value='1.94255'/>
	<timeFitness value='0.769167'/>
	<unitsAverage value='94'/>
</results>
