<results>
	<result value='win'/>
	<start value='2015-05-08.20:39:47'/>
	<end value='2015-05-08.20:40:10'/>
	<frames value='25980'/>
	<gameDuration value='1623'/>

	<player>
		<unitScore value='10250'/>
		<killScore value='21000'/>
		<buildingScore value='3375'/>
		<razingScore value='9450'/>
		<mineralScore value='15906'/>
		<gasScore value='1424'/>
		<totalScore value='61405'/>
	</player>

	<enemy>
		<race value='Terran'/>
		<unitScore value='11300'/>
		<unitScore value='11300'/>
		<killScore value='5150'/>
		<buildingScore value='3150'/>
		<razingScore value='1950'/>
		<mineralScore value='11514'/>
		<gasScore value='4912'/>
		<totalScore value='37976'/>
	</enemy>

	<scoreRatio value='1.61694'/>
	<timeFitness value='0.774583'/>
	<unitsAverage value='68'/>
</results>
