<results>
	<result value='win'/>
	<start value='2015-05-04.19:19:50'/>
	<end value='2015-05-04.19:20:20'/>
	<frames value='33916'/>
	<gameDuration value='2119'/>

	<player>
		<unitScore value='14800'/>
		<killScore value='33050'/>
		<buildingScore value='4425'/>
		<razingScore value='11550'/>
		<mineralScore value='20826'/>
		<gasScore value='3160'/>
		<totalScore value='87811'/>
	</player>

	<enemy>
		<race value='Terran'/>
		<unitScore value='17325'/>
		<unitScore value='17325'/>
		<killScore value='13050'/>
		<buildingScore value='4025'/>
		<razingScore value='2850'/>
		<mineralScore value='14930'/>
		<gasScore value='6944'/>
		<totalScore value='59124'/>
	</enemy>

	<scoreRatio value='1.4852'/>
	<timeFitness value='0.705694'/>
	<unitsAverage value='77'/>
</results>
