<results>
	<result value='win'/>
	<start value='2015-05-04.19:28:06'/>
	<end value='2015-05-04.19:28:47'/>
	<frames value='32273'/>
	<gameDuration value='2017'/>

	<player>
		<unitScore value='20875'/>
		<killScore value='25100'/>
		<buildingScore value='4975'/>
		<razingScore value='10800'/>
		<mineralScore value='32690'/>
		<gasScore value='3560'/>
		<totalScore value='98000'/>
	</player>

	<enemy>
		<race value='Terran'/>
		<unitScore value='12550'/>
		<unitScore value='12550'/>
		<killScore value='18150'/>
		<buildingScore value='3600'/>
		<razingScore value='2250'/>
		<mineralScore value='12890'/>
		<gasScore value='5510'/>
		<totalScore value='54950'/>
	</enemy>

	<scoreRatio value='1.78344'/>
	<timeFitness value='0.719861'/>
	<unitsAverage value='108'/>
</results>
