<results>
	<result value='win'/>
	<start value='2014-07-04.04:14:35'/>
	<end value='2014-07-04.04:14:57'/>
	<frames value='27654'/>
	<gameDuration value='1728'/>

	<player>
		<unitScore value='14325'/>
		<killScore value='23050'/>
		<buildingScore value='3550'/>
		<razingScore value='10125'/>
		<mineralScore value='18570'/>
		<gasScore value='3184'/>
		<totalScore value='72804'/>
	</player>

	<enemy>
		<race value='Terran'/>
		<unitScore value='12325'/>
		<unitScore value='12325'/>
		<killScore value='13000'/>
		<buildingScore value='3375'/>
		<razingScore value='2175'/>
		<mineralScore value='12234'/>
		<gasScore value='5000'/>
		<totalScore value='48109'/>
	</enemy>

	<scoreRatio value='1.51331'/>
</results>
