<results>
	<result value='win'/>
	<start value='2014-07-04.04:17:22'/>
	<end value='2014-07-04.04:17:33'/>
	<frames value='17889'/>
	<gameDuration value='1118'/>

	<player>
		<unitScore value='6325'/>
		<killScore value='10400'/>
		<buildingScore value='2250'/>
		<razingScore value='4350'/>
		<mineralScore value='9402'/>
		<gasScore value='1784'/>
		<totalScore value='34511'/>
	</player>

	<enemy>
		<race value='Terran'/>
		<unitScore value='5200'/>
		<unitScore value='5200'/>
		<killScore value='1900'/>
		<buildingScore value='1450'/>
		<razingScore value='150'/>
		<mineralScore value='7210'/>
		<gasScore value='2056'/>
		<totalScore value='17966'/>
	</enemy>

	<scoreRatio value='1.92091'/>
</results>
