<results>
	<result value='win'/>
	<start value='2014-07-22.23:15:15'/>
	<end value='2014-07-22.23:15:42'/>
	<frames value='29514'/>
	<gameDuration value='1844'/>

	<player>
		<unitScore value='17425'/>
		<killScore value='21000'/>
		<buildingScore value='3175'/>
		<razingScore value='14550'/>
		<mineralScore value='24114'/>
		<gasScore value='2312'/>
		<totalScore value='82576'/>
	</player>

	<enemy>
		<race value='Protoss'/>
		<unitScore value='11200'/>
		<unitScore value='11200'/>
		<killScore value='16150'/>
		<buildingScore value='4850'/>
		<razingScore value='225'/>
		<mineralScore value='14590'/>
		<gasScore value='4400'/>
		<totalScore value='51415'/>
	</enemy>

	<scoreRatio value='1.60607'/>
</results>
