<results>
	<result value='loss'/>
	<start value='2015-07-18.06:04:02'/>
	<end value='2015-07-18.06:04:57'/>
	<frames value='41015'/>
	<gameDuration value='2563'/>

	<player>
		<unitScore value='24200'/>
		<killScore value='21100'/>
		<buildingScore value='2125'/>
		<razingScore value='1650'/>
		<mineralScore value='21218'/>
		<gasScore value='3808'/>
		<totalScore value='74101'/>
	</player>

	<enemy>
		<race value='Protoss'/>
		<unitScore value='24150'/>
		<killScore value='45250'/>
		<buildingScore value='7875'/>
		<razingScore value='6225'/>
		<mineralScore value='29830'/>
		<gasScore value='8520'/>
		<totalScore value='121850'/>
	</enemy>

	<scoreRatio value='0.608133'/>
	<timeFitness value='0.355972'/>
	<unitsAverage value='69'/>
</results>
