<results>
	<result value='loss'/>
	<start value='2014-07-24.01:49:41'/>
	<end value='2014-07-24.01:50:10'/>
	<frames value='45510'/>
	<gameDuration value='2844'/>

	<player>
		<unitScore value='10400'/>
		<killScore value='17500'/>
		<buildingScore value='4125'/>
		<razingScore value='0'/>
		<mineralScore value='15402'/>
		<gasScore value='2248'/>
		<totalScore value='49675'/>
	</player>

	<enemy>
		<race value='Terran'/>
		<unitScore value='31000'/>
		<unitScore value='31000'/>
		<killScore value='20800'/>
		<buildingScore value='5575'/>
		<razingScore value='12750'/>
		<mineralScore value='23962'/>
		<gasScore value='14430'/>
		<totalScore value='108517'/>
	</enemy>

	<scoreRatio value='0.457762'/>
</results>
