<results>
	<result value='win'/>
	<start value='2015-05-03.17:26:48'/>
	<end value='2015-05-03.17:27:41'/>
	<frames value='34505'/>
	<gameDuration value='2156'/>

	<player>
		<unitScore value='30400'/>
		<killScore value='30470'/>
		<buildingScore value='4075'/>
		<razingScore value='4995'/>
		<mineralScore value='42066'/>
		<gasScore value='0'/>
		<totalScore value='112006'/>
	</player>

	<enemy>
		<race value='Zerg'/>
		<unitScore value='14325'/>
		<unitScore value='14325'/>
		<killScore value='41600'/>
		<buildingScore value='1665'/>
		<razingScore value='0'/>
		<mineralScore value='12218'/>
		<gasScore value='4016'/>
		<totalScore value='73824'/>
	</enemy>

	<scoreRatio value='1.5172'/>
	<timeFitness value='0.700556'/>
	<unitsAverage value='124'/>
</results>
