<results>
	<result value='draw'/>
	<start value='2015-07-17.21:14:01'/>
	<end value='2015-07-17.21:15:49'/>
	<frames value='57601'/>
	<gameDuration value='3600'/>

	<player>
		<unitScore value='25475'/>
		<killScore value='7000'/>
		<buildingScore value='4500'/>
		<razingScore value='0'/>
		<mineralScore value='27042'/>
		<gasScore value='5330'/>
		<totalScore value='69347'/>
	</player>

	<enemy>
		<race value='Terran'/>
		<unitScore value='26100'/>
		<killScore value='21850'/>
		<buildingScore value='5575'/>
		<razingScore value='6900'/>
		<mineralScore value='31474'/>
		<gasScore value='12296'/>
		<totalScore value='104195'/>
	</enemy>

	<scoreRatio value='0.66555'/>
	<timeFitness value='0.5'/>
	<unitsAverage value='109'/>
</results>
