<results>
	<result value='loss'/>
	<start value='2015-07-17.21:24:14'/>
	<end value='2015-07-17.21:24:27'/>
	<frames value='17052'/>
	<gameDuration value='1065'/>

	<player>
		<unitScore value='3550'/>
		<killScore value='900'/>
		<buildingScore value='1100'/>
		<razingScore value='0'/>
		<mineralScore value='4058'/>
		<gasScore value='552'/>
		<totalScore value='10160'/>
	</player>

	<enemy>
		<race value='Terran'/>
		<unitScore value='6050'/>
		<killScore value='7100'/>
		<buildingScore value='2225'/>
		<razingScore value='3300'/>
		<mineralScore value='7922'/>
		<gasScore value='2704'/>
		<totalScore value='29301'/>
	</enemy>

	<scoreRatio value='0.346746'/>
	<timeFitness value='0.147917'/>
	<unitsAverage value='20'/>
</results>
