<results>
	<result value='win'/>
	<start value='2015-04-10.15:21:20'/>
	<end value='2015-04-10.15:22:38'/>
	<frames value='48610'/>
	<gameDuration value='3038'/>

	<player>
		<unitScore value='21000'/>
		<killScore value='13000'/>
		<buildingScore value='4975'/>
		<razingScore value='24450'/>
		<mineralScore value='40050'/>
		<gasScore value='4400'/>
		<totalScore value='107875'/>
	</player>

	<enemy>
		<race value='Protoss'/>
		<unitScore value='6900'/>
		<unitScore value='6900'/>
		<killScore value='17500'/>
		<buildingScore value='8150'/>
		<razingScore value='300'/>
		<mineralScore value='16186'/>
		<gasScore value='3368'/>
		<totalScore value='52404'/>
	</enemy>

	<scoreRatio value='2.05853'/>
</results>
