<results>
	<result value='win'/>
	<start value='2015-04-10.15:28:13'/>
	<end value='2015-04-10.15:28:35'/>
	<frames value='27499'/>
	<gameDuration value='1718'/>

	<player>
		<unitScore value='14575'/>
		<killScore value='20800'/>
		<buildingScore value='2875'/>
		<razingScore value='15375'/>
		<mineralScore value='17642'/>
		<gasScore value='2240'/>
		<totalScore value='73507'/>
	</player>

	<enemy>
		<race value='Protoss'/>
		<unitScore value='10975'/>
		<unitScore value='10975'/>
		<killScore value='13750'/>
		<buildingScore value='5125'/>
		<razingScore value='150'/>
		<mineralScore value='13182'/>
		<gasScore value='2840'/>
		<totalScore value='46022'/>
	</enemy>

	<scoreRatio value='1.59721'/>
</results>
