<results>
	<result value='loss'/>
	<start value='2015-07-16.11:00:26'/>
	<end value='2015-07-16.11:00:36'/>
	<frames value='17207'/>
	<gameDuration value='1075'/>

	<player>
		<unitScore value='4775'/>
		<killScore value='600'/>
		<buildingScore value='1600'/>
		<razingScore value='0'/>
		<mineralScore value='5794'/>
		<gasScore value='752'/>
		<totalScore value='13521'/>
	</player>

	<enemy>
		<race value='Terran'/>
		<unitScore value='6000'/>
		<killScore value='8700'/>
		<buildingScore value='2625'/>
		<razingScore value='4800'/>
		<mineralScore value='7930'/>
		<gasScore value='2464'/>
		<totalScore value='32519'/>
	</enemy>

	<scoreRatio value='0.415788'/>
	<timeFitness value='0.149306'/>
	<unitsAverage value='26'/>
</results>
