<results>
	<result value='loss'/>
	<start value='2015-07-16.11:01:12'/>
	<end value='2015-07-16.11:01:23'/>
	<frames value='16959'/>
	<gameDuration value='1059'/>

	<player>
		<unitScore value='5250'/>
		<killScore value='900'/>
		<buildingScore value='2000'/>
		<razingScore value='0'/>
		<mineralScore value='6706'/>
		<gasScore value='992'/>
		<totalScore value='15848'/>
	</player>

	<enemy>
		<race value='Terran'/>
		<unitScore value='5725'/>
		<killScore value='10500'/>
		<buildingScore value='2625'/>
		<razingScore value='6000'/>
		<mineralScore value='7778'/>
		<gasScore value='2624'/>
		<totalScore value='35252'/>
	</enemy>

	<scoreRatio value='0.449563'/>
	<timeFitness value='0.147083'/>
	<unitsAverage value='26'/>
</results>
