<results>
	<result value='loss'/>
	<start value='2015-04-08.03:47:41'/>
	<end value='2015-04-08.03:47:50'/>
	<frames value='17176'/>
	<gameDuration value='1073'/>

	<player>
		<unitScore value='3600'/>
		<killScore value='2400'/>
		<buildingScore value='1075'/>
		<razingScore value='0'/>
		<mineralScore value='4674'/>
		<gasScore value='352'/>
		<totalScore value='12101'/>
	</player>

	<enemy>
		<race value='Protoss'/>
		<unitScore value='3650'/>
		<unitScore value='3650'/>
		<killScore value='7200'/>
		<buildingScore value='3825'/>
		<razingScore value='3225'/>
		<mineralScore value='9090'/>
		<gasScore value='1808'/>
		<totalScore value='28798'/>
	</enemy>

	<scoreRatio value='0.420203'/>
</results>
