<results>
	<result value='loss'/>
	<start value='2015-04-28.16:09:38'/>
	<end value='2015-04-28.16:09:46'/>
	<frames value='16246'/>
	<gameDuration value='1015'/>

	<player>
		<unitScore value='3325'/>
		<killScore value='1000'/>
		<buildingScore value='1625'/>
		<razingScore value='0'/>
		<mineralScore value='5122'/>
		<gasScore value='712'/>
		<totalScore value='11784'/>
	</player>

	<enemy>
		<race value='Protoss'/>
		<unitScore value='3600'/>
		<unitScore value='3600'/>
		<killScore value='6650'/>
		<buildingScore value='3875'/>
		<razingScore value='4875'/>
		<mineralScore value='8426'/>
		<gasScore value='1592'/>
		<totalScore value='29018'/>
	</enemy>

	<scoreRatio value='0.406093'/>
	<timeFitness value='0.140972'/>
	<unitsAverage value='23'/>
</results>
