<results>
	<result value='loss'/>
	<start value='2015-04-28.16:09:49'/>
	<end value='2015-04-28.16:10:00'/>
	<frames value='26724'/>
	<gameDuration value='1670'/>

	<player>
		<unitScore value='5525'/>
		<killScore value='2400'/>
		<buildingScore value='2425'/>
		<razingScore value='0'/>
		<mineralScore value='8498'/>
		<gasScore value='1800'/>
		<totalScore value='20648'/>
	</player>

	<enemy>
		<race value='Protoss'/>
		<unitScore value='10925'/>
		<unitScore value='10925'/>
		<killScore value='11050'/>
		<buildingScore value='6025'/>
		<razingScore value='7275'/>
		<mineralScore value='17074'/>
		<gasScore value='5808'/>
		<totalScore value='58157'/>
	</enemy>

	<scoreRatio value='0.355039'/>
	<timeFitness value='0.231944'/>
	<unitsAverage value='24'/>
</results>
