<results>
	<result value='win'/>
	<start value='2015-04-11.16:35:24'/>
	<end value='2015-04-11.16:36:09'/>
	<frames value='27592'/>
	<gameDuration value='1724'/>

	<player>
		<unitScore value='15825'/>
		<killScore value='12400'/>
		<buildingScore value='3975'/>
		<razingScore value='14400'/>
		<mineralScore value='22434'/>
		<gasScore value='2896'/>
		<totalScore value='71930'/>
	</player>

	<enemy>
		<race value='Protoss'/>
		<unitScore value='6400'/>
		<unitScore value='6400'/>
		<killScore value='12450'/>
		<buildingScore value='4800'/>
		<razingScore value='150'/>
		<mineralScore value='12210'/>
		<gasScore value='2896'/>
		<totalScore value='38906'/>
	</enemy>

	<scoreRatio value='1.84882'/>
</results>
