<results>
	<result value='win'/>
	<start value='2015-07-14.03:07:24'/>
	<end value='2015-07-14.03:08:03'/>
	<frames value='27344'/>
	<gameDuration value='1709'/>

	<player>
		<unitScore value='20175'/>
		<killScore value='16700'/>
		<buildingScore value='3650'/>
		<razingScore value='9675'/>
		<mineralScore value='21946'/>
		<gasScore value='3680'/>
		<totalScore value='75826'/>
	</player>

	<enemy>
		<race value='Protoss'/>
		<unitScore value='8350'/>
		<killScore value='18750'/>
		<buildingScore value='3225'/>
		<razingScore value='150'/>
		<mineralScore value='11094'/>
		<gasScore value='3872'/>
		<totalScore value='45441'/>
	</enemy>

	<scoreRatio value='1.66867'/>
	<timeFitness value='0.762639'/>
	<unitsAverage value='82'/>
</results>
