<results>
	<result value='win'/>
	<start value='2015-04-08.09:53:31'/>
	<end value='2015-04-08.09:53:56'/>
	<frames value='28181'/>
	<gameDuration value='1761'/>

	<player>
		<unitScore value='15025'/>
		<killScore value='18150'/>
		<buildingScore value='3925'/>
		<razingScore value='16725'/>
		<mineralScore value='20922'/>
		<gasScore value='2056'/>
		<totalScore value='76803'/>
	</player>

	<enemy>
		<race value='Protoss'/>
		<unitScore value='9300'/>
		<unitScore value='9300'/>
		<killScore value='12950'/>
		<buildingScore value='5575'/>
		<razingScore value='150'/>
		<mineralScore value='14154'/>
		<gasScore value='2624'/>
		<totalScore value='44753'/>
	</enemy>

	<scoreRatio value='1.71615'/>
</results>
