<results>
	<result value='draw'/>
	<start value='2015-04-08.09:54:37'/>
	<end value='2015-04-08.09:55:36'/>
	<frames value='57601'/>
	<gameDuration value='3600'/>

	<player>
		<unitScore value='24900'/>
		<killScore value='35950'/>
		<buildingScore value='2575'/>
		<razingScore value='25200'/>
		<mineralScore value='26670'/>
		<gasScore value='4968'/>
		<totalScore value='120263'/>
	</player>

	<enemy>
		<race value='Protoss'/>
		<unitScore value='19050'/>
		<unitScore value='19050'/>
		<killScore value='34550'/>
		<buildingScore value='8900'/>
		<razingScore value='0'/>
		<mineralScore value='25754'/>
		<gasScore value='5368'/>
		<totalScore value='93622'/>
	</enemy>

	<scoreRatio value='1.28456'/>
</results>
