<results>
	<result value='win'/>
	<start value='2015-04-30.10:22:39'/>
	<end value='2015-04-30.10:23:12'/>
	<frames value='27716'/>
	<gameDuration value='1732'/>

	<player>
		<unitScore value='20100'/>
		<killScore value='20310'/>
		<buildingScore value='2800'/>
		<razingScore value='5820'/>
		<mineralScore value='25226'/>
		<gasScore value='0'/>
		<totalScore value='74256'/>
	</player>

	<enemy>
		<race value='Zerg'/>
		<unitScore value='9475'/>
		<unitScore value='9475'/>
		<killScore value='26000'/>
		<buildingScore value='1940'/>
		<razingScore value='0'/>
		<mineralScore value='8850'/>
		<gasScore value='2928'/>
		<totalScore value='49193'/>
	</enemy>

	<scoreRatio value='1.50948'/>
</results>
