<results>
	<result value='win'/>
	<start value='2015-04-10.21:54:08'/>
	<end value='2015-04-10.21:55:53'/>
	<frames value='41449'/>
	<gameDuration value='2590'/>

	<player>
		<unitScore value='21225'/>
		<killScore value='28600'/>
		<buildingScore value='4675'/>
		<razingScore value='20175'/>
		<mineralScore value='31842'/>
		<gasScore value='3936'/>
		<totalScore value='110453'/>
	</player>

	<enemy>
		<race value='Protoss'/>
		<unitScore value='15450'/>
		<unitScore value='15450'/>
		<killScore value='18550'/>
		<buildingScore value='6725'/>
		<razingScore value='150'/>
		<mineralScore value='19250'/>
		<gasScore value='5296'/>
		<totalScore value='65421'/>
	</enemy>

	<scoreRatio value='1.68834'/>
</results>
