<results>
	<result value='loss'/>
	<start value='2015-04-10.21:55:58'/>
	<end value='2015-04-10.21:57:10'/>
	<frames value='44921'/>
	<gameDuration value='2807'/>

	<player>
		<unitScore value='23325'/>
		<killScore value='28650'/>
		<buildingScore value='2850'/>
		<razingScore value='900'/>
		<mineralScore value='24146'/>
		<gasScore value='4048'/>
		<totalScore value='83919'/>
	</player>

	<enemy>
		<race value='Protoss'/>
		<unitScore value='33825'/>
		<unitScore value='33825'/>
		<killScore value='46650'/>
		<buildingScore value='7775'/>
		<razingScore value='8550'/>
		<mineralScore value='31210'/>
		<gasScore value='11230'/>
		<totalScore value='139240'/>
	</enemy>

	<scoreRatio value='0.602693'/>
</results>
