<results>
	<result value='win'/>
	<start value='2015-05-11.09:24:48'/>
	<end value='2015-05-11.09:25:44'/>
	<frames value='31436'/>
	<gameDuration value='1964'/>

	<player>
		<unitScore value='16300'/>
		<killScore value='20600'/>
		<buildingScore value='2975'/>
		<razingScore value='5460'/>
		<mineralScore value='24050'/>
		<gasScore value='3224'/>
		<totalScore value='72609'/>
	</player>

	<enemy>
		<race value='Zerg'/>
		<unitScore value='9750'/>
		<unitScore value='9750'/>
		<killScore value='9000'/>
		<buildingScore value='1820'/>
		<razingScore value='0'/>
		<mineralScore value='9514'/>
		<gasScore value='2504'/>
		<totalScore value='32588'/>
	</enemy>

	<scoreRatio value='2.22809'/>
	<timeFitness value='0.727222'/>
	<unitsAverage value='112'/>
</results>
