<results>
	<result value='loss'/>
	<start value='2015-05-10.06:21:50'/>
	<end value='2015-05-10.06:22:35'/>
	<frames value='51803'/>
	<gameDuration value='3237'/>

	<player>
		<unitScore value='22000'/>
		<killScore value='44850'/>
		<buildingScore value='2600'/>
		<razingScore value='4650'/>
		<mineralScore value='23106'/>
		<gasScore value='3816'/>
		<totalScore value='101022'/>
	</player>

	<enemy>
		<race value='Protoss'/>
		<unitScore value='36975'/>
		<unitScore value='36975'/>
		<killScore value='44450'/>
		<buildingScore value='8525'/>
		<razingScore value='7800'/>
		<mineralScore value='33818'/>
		<gasScore value='11634'/>
		<totalScore value='143202'/>
	</enemy>

	<scoreRatio value='0.705451'/>
	<timeFitness value='0.449583'/>
	<unitsAverage value='63'/>
</results>
