<results>
	<result value='draw'/>
	<start value='2015-05-10.06:22:39'/>
	<end value='2015-05-10.06:23:44'/>
	<frames value='57601'/>
	<gameDuration value='3600'/>

	<player>
		<unitScore value='30850'/>
		<killScore value='50600'/>
		<buildingScore value='2825'/>
		<razingScore value='20400'/>
		<mineralScore value='32266'/>
		<gasScore value='7930'/>
		<totalScore value='144871'/>
	</player>

	<enemy>
		<race value='Protoss'/>
		<unitScore value='27475'/>
		<unitScore value='27475'/>
		<killScore value='53000'/>
		<buildingScore value='8125'/>
		<razingScore value='150'/>
		<mineralScore value='30734'/>
		<gasScore value='6392'/>
		<totalScore value='125876'/>
	</enemy>

	<scoreRatio value='1.1509'/>
	<timeFitness value='0.5'/>
	<unitsAverage value='106'/>
</results>
