<results>
	<result value='win'/>
	<start value='2015-05-03.00:29:47'/>
	<end value='2015-05-03.00:30:26'/>
	<frames value='32335'/>
	<gameDuration value='2020'/>

	<player>
		<unitScore value='14000'/>
		<killScore value='23050'/>
		<buildingScore value='3300'/>
		<razingScore value='9450'/>
		<mineralScore value='18698'/>
		<gasScore value='1456'/>
		<totalScore value='69954'/>
	</player>

	<enemy>
		<race value='Terran'/>
		<unitScore value='12325'/>
		<unitScore value='12325'/>
		<killScore value='18550'/>
		<buildingScore value='3250'/>
		<razingScore value='4125'/>
		<mineralScore value='12970'/>
		<gasScore value='5264'/>
		<totalScore value='56484'/>
	</enemy>

	<scoreRatio value='1.23847'/>
	<timeFitness value='0.719444'/>
	<unitsAverage value='59'/>
</results>
