<results>
	<result value='win'/>
	<start value='2015-05-03.00:32:38'/>
	<end value='2015-05-03.00:33:29'/>
	<frames value='31560'/>
	<gameDuration value='1972'/>

	<player>
		<unitScore value='17425'/>
		<killScore value='29250'/>
		<buildingScore value='4625'/>
		<razingScore value='9975'/>
		<mineralScore value='23466'/>
		<gasScore value='2416'/>
		<totalScore value='87157'/>
	</player>

	<enemy>
		<race value='Terran'/>
		<unitScore value='16025'/>
		<unitScore value='16025'/>
		<killScore value='15000'/>
		<buildingScore value='3325'/>
		<razingScore value='2025'/>
		<mineralScore value='13378'/>
		<gasScore value='6112'/>
		<totalScore value='55865'/>
	</enemy>

	<scoreRatio value='1.56014'/>
	<timeFitness value='0.726111'/>
	<unitsAverage value='84'/>
</results>
