<results>
	<result value='win'/>
	<start value='2015-05-04.00:37:38'/>
	<end value='2015-05-04.00:38:25'/>
	<frames value='31219'/>
	<gameDuration value='1951'/>

	<player>
		<unitScore value='20550'/>
		<killScore value='27000'/>
		<buildingScore value='4875'/>
		<razingScore value='8250'/>
		<mineralScore value='33758'/>
		<gasScore value='3784'/>
		<totalScore value='98217'/>
	</player>

	<enemy>
		<race value='Terran'/>
		<unitScore value='13500'/>
		<unitScore value='13500'/>
		<killScore value='18400'/>
		<buildingScore value='2750'/>
		<razingScore value='1575'/>
		<mineralScore value='12050'/>
		<gasScore value='4576'/>
		<totalScore value='52851'/>
	</enemy>

	<scoreRatio value='1.85838'/>
	<timeFitness value='0.729028'/>
	<unitsAverage value='117'/>
</results>
