<results>
	<result value='win'/>
	<start value='2015-05-03.00:43:50'/>
	<end value='2015-05-03.00:45:23'/>
	<frames value='42410'/>
	<gameDuration value='2650'/>

	<player>
		<unitScore value='27625'/>
		<killScore value='37900'/>
		<buildingScore value='4925'/>
		<razingScore value='11850'/>
		<mineralScore value='39530'/>
		<gasScore value='4288'/>
		<totalScore value='126118'/>
	</player>

	<enemy>
		<race value='Terran'/>
		<unitScore value='22325'/>
		<unitScore value='22325'/>
		<killScore value='31950'/>
		<buildingScore value='3950'/>
		<razingScore value='1800'/>
		<mineralScore value='16938'/>
		<gasScore value='8860'/>
		<totalScore value='85823'/>
	</enemy>

	<scoreRatio value='1.46951'/>
	<timeFitness value='0.631944'/>
	<unitsAverage value='124'/>
</results>
