<results>
	<result value='win'/>
	<start value='2015-05-02.23:53:25'/>
	<end value='2015-05-02.23:53:42'/>
	<frames value='22043'/>
	<gameDuration value='1377'/>

	<player>
		<unitScore value='9600'/>
		<killScore value='14100'/>
		<buildingScore value='3275'/>
		<razingScore value='5250'/>
		<mineralScore value='14754'/>
		<gasScore value='2112'/>
		<totalScore value='49091'/>
	</player>

	<enemy>
		<race value='Terran'/>
		<unitScore value='7050'/>
		<unitScore value='7050'/>
		<killScore value='5600'/>
		<buildingScore value='1750'/>
		<razingScore value='1950'/>
		<mineralScore value='7314'/>
		<gasScore value='2064'/>
		<totalScore value='25728'/>
	</enemy>

	<scoreRatio value='1.90808'/>
	<timeFitness value='0.80875'/>
	<unitsAverage value='64'/>
</results>
