<results>
	<result value='win'/>
	<start value='2015-05-04.00:58:14'/>
	<end value='2015-05-04.00:58:34'/>
	<frames value='25732'/>
	<gameDuration value='1608'/>

	<player>
		<unitScore value='9575'/>
		<killScore value='12700'/>
		<buildingScore value='3250'/>
		<razingScore value='5400'/>
		<mineralScore value='12958'/>
		<gasScore value='2440'/>
		<totalScore value='46323'/>
	</player>

	<enemy>
		<race value='Terran'/>
		<unitScore value='6350'/>
		<unitScore value='6350'/>
		<killScore value='13100'/>
		<buildingScore value='1800'/>
		<razingScore value='4500'/>
		<mineralScore value='8226'/>
		<gasScore value='2384'/>
		<totalScore value='36360'/>
	</enemy>

	<scoreRatio value='1.27401'/>
	<timeFitness value='0.776667'/>
	<unitsAverage value='51'/>
</results>
