<results>
	<result value='win'/>
	<start value='2015-05-02.23:56:30'/>
	<end value='2015-05-02.23:57:14'/>
	<frames value='40612'/>
	<gameDuration value='2538'/>

	<player>
		<unitScore value='20425'/>
		<killScore value='27350'/>
		<buildingScore value='4275'/>
		<razingScore value='12525'/>
		<mineralScore value='24502'/>
		<gasScore value='5752'/>
		<totalScore value='94829'/>
	</player>

	<enemy>
		<race value='Terran'/>
		<unitScore value='14425'/>
		<unitScore value='14425'/>
		<killScore value='20100'/>
		<buildingScore value='4175'/>
		<razingScore value='3375'/>
		<mineralScore value='15914'/>
		<gasScore value='7394'/>
		<totalScore value='65383'/>
	</enemy>

	<scoreRatio value='1.45036'/>
	<timeFitness value='0.6475'/>
	<unitsAverage value='94'/>
</results>
