<results>
	<result value='win'/>
	<start value='2015-05-02.23:55:03'/>
	<end value='2015-05-02.23:55:16'/>
	<frames value='18974'/>
	<gameDuration value='1185'/>

	<player>
		<unitScore value='7050'/>
		<killScore value='11900'/>
		<buildingScore value='2450'/>
		<razingScore value='5250'/>
		<mineralScore value='11386'/>
		<gasScore value='1976'/>
		<totalScore value='40012'/>
	</player>

	<enemy>
		<race value='Terran'/>
		<unitScore value='5950'/>
		<unitScore value='5950'/>
		<killScore value='3850'/>
		<buildingScore value='1750'/>
		<razingScore value='1500'/>
		<mineralScore value='7666'/>
		<gasScore value='2288'/>
		<totalScore value='23004'/>
	</enemy>

	<scoreRatio value='1.73935'/>
	<timeFitness value='0.835417'/>
	<unitsAverage value='53'/>
</results>
