<results>
	<result value='win'/>
	<start value='2015-05-02.23:58:47'/>
	<end value='2015-05-02.23:59:00'/>
	<frames value='20338'/>
	<gameDuration value='1271'/>

	<player>
		<unitScore value='7350'/>
		<killScore value='11900'/>
		<buildingScore value='2325'/>
		<razingScore value='5250'/>
		<mineralScore value='10818'/>
		<gasScore value='1808'/>
		<totalScore value='39451'/>
	</player>

	<enemy>
		<race value='Terran'/>
		<unitScore value='5950'/>
		<unitScore value='5950'/>
		<killScore value='5900'/>
		<buildingScore value='1750'/>
		<razingScore value='1725'/>
		<mineralScore value='7394'/>
		<gasScore value='2232'/>
		<totalScore value='24951'/>
	</enemy>

	<scoreRatio value='1.58114'/>
	<timeFitness value='0.823472'/>
	<unitsAverage value='48'/>
</results>
