<results>
	<result value='win'/>
	<start value='2015-05-04.01:00:33'/>
	<end value='2015-05-04.01:00:59'/>
	<frames value='26600'/>
	<gameDuration value='1662'/>

	<player>
		<unitScore value='11425'/>
		<killScore value='22300'/>
		<buildingScore value='3750'/>
		<razingScore value='8850'/>
		<mineralScore value='17470'/>
		<gasScore value='1864'/>
		<totalScore value='65659'/>
	</player>

	<enemy>
		<race value='Terran'/>
		<unitScore value='11150'/>
		<unitScore value='11150'/>
		<killScore value='7150'/>
		<buildingScore value='2950'/>
		<razingScore value='1575'/>
		<mineralScore value='11490'/>
		<gasScore value='4976'/>
		<totalScore value='39291'/>
	</enemy>

	<scoreRatio value='1.6711'/>
	<timeFitness value='0.769167'/>
	<unitsAverage value='68'/>
</results>
