<results>
	<result value='win'/>
	<start value='2015-05-03.00:04:06'/>
	<end value='2015-05-03.00:04:24'/>
	<frames value='20245'/>
	<gameDuration value='1265'/>

	<player>
		<unitScore value='10150'/>
		<killScore value='12700'/>
		<buildingScore value='3275'/>
		<razingScore value='4500'/>
		<mineralScore value='18722'/>
		<gasScore value='1512'/>
		<totalScore value='50859'/>
	</player>

	<enemy>
		<race value='Terran'/>
		<unitScore value='6350'/>
		<unitScore value='6350'/>
		<killScore value='5050'/>
		<buildingScore value='1500'/>
		<razingScore value='0'/>
		<mineralScore value='9394'/>
		<gasScore value='2576'/>
		<totalScore value='24870'/>
	</enemy>

	<scoreRatio value='2.04499'/>
	<timeFitness value='0.824306'/>
	<unitsAverage value='74'/>
</results>
