<results>
	<result value='win'/>
	<start value='2015-05-03.01:13:39'/>
	<end value='2015-05-03.01:14:06'/>
	<frames value='27592'/>
	<gameDuration value='1724'/>

	<player>
		<unitScore value='11750'/>
		<killScore value='19250'/>
		<buildingScore value='3475'/>
		<razingScore value='10200'/>
		<mineralScore value='19114'/>
		<gasScore value='2008'/>
		<totalScore value='65797'/>
	</player>

	<enemy>
		<race value='Terran'/>
		<unitScore value='10025'/>
		<unitScore value='10025'/>
		<killScore value='6700'/>
		<buildingScore value='3400'/>
		<razingScore value='225'/>
		<mineralScore value='11690'/>
		<gasScore value='5144'/>
		<totalScore value='37184'/>
	</enemy>

	<scoreRatio value='1.7695'/>
	<timeFitness value='0.760556'/>
	<unitsAverage value='73'/>
</results>
