<results>
	<result value='loss'/>
	<start value='2015-05-03.01:23:49'/>
	<end value='2015-05-03.01:24:01'/>
	<frames value='20462'/>
	<gameDuration value='1278'/>

	<player>
		<unitScore value='4650'/>
		<killScore value='3450'/>
		<buildingScore value='1800'/>
		<razingScore value='0'/>
		<mineralScore value='6578'/>
		<gasScore value='1240'/>
		<totalScore value='17718'/>
	</player>

	<enemy>
		<race value='Terran'/>
		<unitScore value='7550'/>
		<unitScore value='7550'/>
		<killScore value='9300'/>
		<buildingScore value='2925'/>
		<razingScore value='5400'/>
		<mineralScore value='9810'/>
		<gasScore value='3672'/>
		<totalScore value='38657'/>
	</enemy>

	<scoreRatio value='0.458339'/>
	<timeFitness value='0.1775'/>
	<unitsAverage value='31'/>
</results>
