<results>
	<result value='win'/>
	<start value='2015-04-11.09:29:57'/>
	<end value='2015-04-11.09:30:45'/>
	<frames value='26538'/>
	<gameDuration value='1658'/>

	<player>
		<unitScore value='18775'/>
		<killScore value='11400'/>
		<buildingScore value='3675'/>
		<razingScore value='13800'/>
		<mineralScore value='25010'/>
		<gasScore value='3400'/>
		<totalScore value='76060'/>
	</player>

	<enemy>
		<race value='Protoss'/>
		<unitScore value='5700'/>
		<unitScore value='5700'/>
		<killScore value='15850'/>
		<buildingScore value='4600'/>
		<razingScore value='0'/>
		<mineralScore value='17078'/>
		<gasScore value='968'/>
		<totalScore value='44196'/>
	</enemy>

	<scoreRatio value='1.72097'/>
</results>
