<results>
	<result value='loss'/>
	<start value='2015-04-24.22:56:33'/>
	<end value='2015-04-24.22:56:45'/>
	<frames value='20958'/>
	<gameDuration value='1309'/>

	<player>
		<unitScore value='5575'/>
		<killScore value='4500'/>
		<buildingScore value='1650'/>
		<razingScore value='0'/>
		<mineralScore value='6786'/>
		<gasScore value='696'/>
		<totalScore value='19207'/>
	</player>

	<enemy>
		<race value='Terran'/>
		<unitScore value='7925'/>
		<unitScore value='7925'/>
		<killScore value='11150'/>
		<buildingScore value='2925'/>
		<razingScore value='4950'/>
		<mineralScore value='10122'/>
		<gasScore value='3480'/>
		<totalScore value='40552'/>
	</enemy>

	<scoreRatio value='0.473639'/>
</results>
