<results>
	<result value='loss'/>
	<start value='2015-04-24.23:05:06'/>
	<end value='2015-04-24.23:05:12'/>
	<frames value='13301'/>
	<gameDuration value='831'/>

	<player>
		<unitScore value='1675'/>
		<killScore value='500'/>
		<buildingScore value='900'/>
		<razingScore value='0'/>
		<mineralScore value='3890'/>
		<gasScore value='416'/>
		<totalScore value='7381'/>
	</player>

	<enemy>
		<race value='Terran'/>
		<unitScore value='3525'/>
		<unitScore value='3525'/>
		<killScore value='3350'/>
		<buildingScore value='1450'/>
		<razingScore value='2700'/>
		<mineralScore value='5818'/>
		<gasScore value='1960'/>
		<totalScore value='18803'/>
	</enemy>

	<scoreRatio value='0.392544'/>
</results>
