<results>
	<result value='loss'/>
	<start value='2015-04-24.23:17:21'/>
	<end value='2015-04-24.23:17:28'/>
	<frames value='15719'/>
	<gameDuration value='982'/>

	<player>
		<unitScore value='2250'/>
		<killScore value='950'/>
		<buildingScore value='1275'/>
		<razingScore value='0'/>
		<mineralScore value='3442'/>
		<gasScore value='0'/>
		<totalScore value='7917'/>
	</player>

	<enemy>
		<race value='Terran'/>
		<unitScore value='4825'/>
		<unitScore value='4825'/>
		<killScore value='4500'/>
		<buildingScore value='1450'/>
		<razingScore value='3825'/>
		<mineralScore value='7146'/>
		<gasScore value='2336'/>
		<totalScore value='24082'/>
	</enemy>

	<scoreRatio value='0.328752'/>
</results>
