<results>
	<result value='win'/>
	<start value='2015-04-29.14:38:08'/>
	<end value='2015-04-29.14:38:49'/>
	<frames value='30909'/>
	<gameDuration value='1931'/>

	<player>
		<unitScore value='20475'/>
		<killScore value='37885'/>
		<buildingScore value='4075'/>
		<razingScore value='6975'/>
		<mineralScore value='30514'/>
		<gasScore value='3088'/>
		<totalScore value='103012'/>
	</player>

	<enemy>
		<race value='Zerg'/>
		<unitScore value='16050'/>
		<unitScore value='16050'/>
		<killScore value='17200'/>
		<buildingScore value='2325'/>
		<razingScore value='0'/>
		<mineralScore value='15262'/>
		<gasScore value='4384'/>
		<totalScore value='55221'/>
	</enemy>

	<scoreRatio value='1.86545'/>
</results>
