<results>
	<result value='win'/>
	<start value='2015-05-10.06:20:48'/>
	<end value='2015-05-10.06:21:07'/>
	<frames value='23314'/>
	<gameDuration value='1457'/>

	<player>
		<unitScore value='10100'/>
		<killScore value='17000'/>
		<buildingScore value='3475'/>
		<razingScore value='6375'/>
		<mineralScore value='17422'/>
		<gasScore value='2544'/>
		<totalScore value='56916'/>
	</player>

	<enemy>
		<race value='Terran'/>
		<unitScore value='8500'/>
		<unitScore value='8500'/>
		<killScore value='3700'/>
		<buildingScore value='2125'/>
		<razingScore value='150'/>
		<mineralScore value='9194'/>
		<gasScore value='2872'/>
		<totalScore value='26541'/>
	</enemy>

	<scoreRatio value='2.14446'/>
	<timeFitness value='0.797639'/>
	<unitsAverage value='74'/>
</results>
