<results>
	<result value='win'/>
	<start value='2015-05-10.06:23:49'/>
	<end value='2015-05-10.06:24:08'/>
	<frames value='26755'/>
	<gameDuration value='1672'/>

	<player>
		<unitScore value='10050'/>
		<killScore value='19250'/>
		<buildingScore value='4150'/>
		<razingScore value='6675'/>
		<mineralScore value='19278'/>
		<gasScore value='2296'/>
		<totalScore value='61699'/>
	</player>

	<enemy>
		<race value='Terran'/>
		<unitScore value='9625'/>
		<unitScore value='9625'/>
		<killScore value='6450'/>
		<buildingScore value='2225'/>
		<razingScore value='2175'/>
		<mineralScore value='10082'/>
		<gasScore value='3248'/>
		<totalScore value='33805'/>
	</enemy>

	<scoreRatio value='1.82514'/>
	<timeFitness value='0.767778'/>
	<unitsAverage value='61'/>
</results>
