<results>
	<result value='win'/>
	<start value='2015-05-10.06:27:34'/>
	<end value='2015-05-10.06:28:15'/>
	<frames value='31343'/>
	<gameDuration value='1958'/>

	<player>
		<unitScore value='17675'/>
		<killScore value='22600'/>
		<buildingScore value='5000'/>
		<razingScore value='8025'/>
		<mineralScore value='29982'/>
		<gasScore value='2848'/>
		<totalScore value='86130'/>
	</player>

	<enemy>
		<race value='Terran'/>
		<unitScore value='11300'/>
		<unitScore value='11300'/>
		<killScore value='11900'/>
		<buildingScore value='2675'/>
		<razingScore value='2400'/>
		<mineralScore value='11518'/>
		<gasScore value='4696'/>
		<totalScore value='44489'/>
	</enemy>

	<scoreRatio value='1.93598'/>
	<timeFitness value='0.728056'/>
	<unitsAverage value='111'/>
</results>
