<results>
	<result value='win'/>
	<start value='2015-07-16.08:58:14'/>
	<end value='2015-07-16.08:58:31'/>
	<frames value='19346'/>
	<gameDuration value='1209'/>

	<player>
		<unitScore value='6625'/>
		<killScore value='7100'/>
		<buildingScore value='3125'/>
		<razingScore value='3600'/>
		<mineralScore value='9362'/>
		<gasScore value='1744'/>
		<totalScore value='31556'/>
	</player>

	<enemy>
		<race value='Terran'/>
		<unitScore value='3550'/>
		<killScore value='4300'/>
		<buildingScore value='1200'/>
		<razingScore value='750'/>
		<mineralScore value='5178'/>
		<gasScore value='1488'/>
		<totalScore value='16466'/>
	</enemy>

	<scoreRatio value='1.91643'/>
	<timeFitness value='0.832083'/>
	<unitsAverage value='48'/>
</results>
