<results>
	<result value='draw'/>
	<start value='2015-07-16.09:03:53'/>
	<end value='2015-07-16.09:04:56'/>
	<frames value='57601'/>
	<gameDuration value='3600'/>

	<player>
		<unitScore value='29500'/>
		<killScore value='13000'/>
		<buildingScore value='3750'/>
		<razingScore value='300'/>
		<mineralScore value='23350'/>
		<gasScore value='7218'/>
		<totalScore value='77118'/>
	</player>

	<enemy>
		<race value='Terran'/>
		<unitScore value='26725'/>
		<killScore value='45950'/>
		<buildingScore value='5300'/>
		<razingScore value='2025'/>
		<mineralScore value='31178'/>
		<gasScore value='12226'/>
		<totalScore value='123404'/>
	</enemy>

	<scoreRatio value='0.624923'/>
	<timeFitness value='0.5'/>
	<unitsAverage value='90'/>
</results>
