<results>
	<result value='draw'/>
	<start value='2015-07-16.09:06:55'/>
	<end value='2015-07-16.09:09:18'/>
	<frames value='57601'/>
	<gameDuration value='3600'/>

	<player>
		<unitScore value='35900'/>
		<killScore value='26100'/>
		<buildingScore value='5450'/>
		<razingScore value='7125'/>
		<mineralScore value='48050'/>
		<gasScore value='7084'/>
		<totalScore value='129709'/>
	</player>

	<enemy>
		<race value='Terran'/>
		<unitScore value='13650'/>
		<killScore value='45100'/>
		<buildingScore value='2700'/>
		<razingScore value='1950'/>
		<mineralScore value='12050'/>
		<gasScore value='5742'/>
		<totalScore value='81192'/>
	</enemy>

	<scoreRatio value='1.59756'/>
	<timeFitness value='0.5'/>
	<unitsAverage value='138'/>
</results>
