<results>
	<result value='loss'/>
	<start value='2015-05-03.00:05:50'/>
	<end value='2015-05-03.00:06:02'/>
	<frames value='14479'/>
	<gameDuration value='904'/>

	<player>
		<unitScore value='3025'/>
		<killScore value='700'/>
		<buildingScore value='1100'/>
		<razingScore value='0'/>
		<mineralScore value='3906'/>
		<gasScore value='608'/>
		<totalScore value='9339'/>
	</player>

	<enemy>
		<race value='Protoss'/>
		<unitScore value='3550'/>
		<unitScore value='3550'/>
		<killScore value='5300'/>
		<buildingScore value='3025'/>
		<razingScore value='3300'/>
		<mineralScore value='7322'/>
		<gasScore value='1520'/>
		<totalScore value='24017'/>
	</enemy>

	<scoreRatio value='0.38885'/>
	<timeFitness value='0.125556'/>
	<unitsAverage value='21'/>
</results>
