<results>
	<result value='win'/>
	<start value='2015-04-07.22:23:54'/>
	<end value='2015-04-07.22:24:18'/>
	<frames value='28987'/>
	<gameDuration value='1811'/>

	<player>
		<unitScore value='15625'/>
		<killScore value='12300'/>
		<buildingScore value='4375'/>
		<razingScore value='15525'/>
		<mineralScore value='22538'/>
		<gasScore value='2240'/>
		<totalScore value='72603'/>
	</player>

	<enemy>
		<race value='Protoss'/>
		<unitScore value='6500'/>
		<unitScore value='6500'/>
		<killScore value='14700'/>
		<buildingScore value='5175'/>
		<razingScore value='225'/>
		<mineralScore value='14418'/>
		<gasScore value='3280'/>
		<totalScore value='44298'/>
	</enemy>

	<scoreRatio value='1.63897'/>
</results>
