<results>
	<result value='win'/>
	<start value='2014-07-22.21:33:16'/>
	<end value='2014-07-22.21:33:37'/>
	<frames value='22570'/>
	<gameDuration value='1410'/>

	<player>
		<unitScore value='15075'/>
		<killScore value='17830'/>
		<buildingScore value='3750'/>
		<razingScore value='5820'/>
		<mineralScore value='20134'/>
		<gasScore value='1296'/>
		<totalScore value='63905'/>
	</player>

	<enemy>
		<race value='Zerg'/>
		<unitScore value='9300'/>
		<unitScore value='9300'/>
		<killScore value='13000'/>
		<buildingScore value='1940'/>
		<razingScore value='0'/>
		<mineralScore value='9210'/>
		<gasScore value='2752'/>
		<totalScore value='36202'/>
	</enemy>

	<scoreRatio value='1.76523'/>
</results>
