<results>
	<result value='win'/>
	<start value='2015-04-11.23:12:16'/>
	<end value='2015-04-11.23:13:21'/>
	<frames value='35249'/>
	<gameDuration value='2203'/>

	<player>
		<unitScore value='20450'/>
		<killScore value='20950'/>
		<buildingScore value='4200'/>
		<razingScore value='21375'/>
		<mineralScore value='26090'/>
		<gasScore value='2400'/>
		<totalScore value='95465'/>
	</player>

	<enemy>
		<race value='Protoss'/>
		<unitScore value='10925'/>
		<unitScore value='10925'/>
		<killScore value='17600'/>
		<buildingScore value='7125'/>
		<razingScore value='1950'/>
		<mineralScore value='15566'/>
		<gasScore value='4744'/>
		<totalScore value='57910'/>
	</enemy>

	<scoreRatio value='1.64851'/>
</results>
