<results>
	<result value='win'/>
	<start value='2014-07-22.18:42:13'/>
	<end value='2014-07-22.18:42:49'/>
	<frames value='33544'/>
	<gameDuration value='2096'/>

	<player>
		<unitScore value='21625'/>
		<killScore value='36665'/>
		<buildingScore value='3300'/>
		<razingScore value='6735'/>
		<mineralScore value='26242'/>
		<gasScore value='3480'/>
		<totalScore value='98047'/>
	</player>

	<enemy>
		<race value='Zerg'/>
		<unitScore value='16525'/>
		<unitScore value='16525'/>
		<killScore value='20700'/>
		<buildingScore value='2245'/>
		<razingScore value='0'/>
		<mineralScore value='15730'/>
		<gasScore value='4824'/>
		<totalScore value='60024'/>
	</enemy>

	<scoreRatio value='1.63346'/>
</results>
