<results>
	<result value='win'/>
	<start value='2015-04-27.22:35:03'/>
	<end value='2015-04-27.22:35:37'/>
	<frames value='37667'/>
	<gameDuration value='2354'/>

	<player>
		<unitScore value='20750'/>
		<killScore value='32600'/>
		<buildingScore value='4650'/>
		<razingScore value='12525'/>
		<mineralScore value='32766'/>
		<gasScore value='2736'/>
		<totalScore value='106027'/>
	</player>

	<enemy>
		<race value='Terran'/>
		<unitScore value='18200'/>
		<unitScore value='18200'/>
		<killScore value='18600'/>
		<buildingScore value='4325'/>
		<razingScore value='3075'/>
		<mineralScore value='16650'/>
		<gasScore value='8122'/>
		<totalScore value='68972'/>
	</enemy>

	<scoreRatio value='1.53725'/>
</results>
