<results>
	<result value='win'/>
	<start value='2015-04-28.01:12:38'/>
	<end value='2015-04-28.01:12:54'/>
	<frames value='21609'/>
	<gameDuration value='1350'/>

	<player>
		<unitScore value='9900'/>
		<killScore value='13200'/>
		<buildingScore value='3550'/>
		<razingScore value='6900'/>
		<mineralScore value='14366'/>
		<gasScore value='1768'/>
		<totalScore value='49684'/>
	</player>

	<enemy>
		<race value='Terran'/>
		<unitScore value='6600'/>
		<unitScore value='6600'/>
		<killScore value='6750'/>
		<buildingScore value='2300'/>
		<razingScore value='1500'/>
		<mineralScore value='8386'/>
		<gasScore value='2440'/>
		<totalScore value='27976'/>
	</enemy>

	<scoreRatio value='1.77595'/>
</results>
