<results>
	<result value='loss'/>
	<start value='2015-04-28.01:14:23'/>
	<end value='2015-04-28.01:14:36'/>
	<frames value='23314'/>
	<gameDuration value='1457'/>

	<player>
		<unitScore value='7425'/>
		<killScore value='6050'/>
		<buildingScore value='2150'/>
		<razingScore value='0'/>
		<mineralScore value='8978'/>
		<gasScore value='1200'/>
		<totalScore value='25803'/>
	</player>

	<enemy>
		<race value='Terran'/>
		<unitScore value='10525'/>
		<unitScore value='10525'/>
		<killScore value='14850'/>
		<buildingScore value='3625'/>
		<razingScore value='6450'/>
		<mineralScore value='11402'/>
		<gasScore value='5008'/>
		<totalScore value='51860'/>
	</enemy>

	<scoreRatio value='0.497551'/>
</results>
