<results>
	<result value='win'/>
	<start value='2015-04-28.01:19:01'/>
	<end value='2015-04-28.01:19:22'/>
	<frames value='26476'/>
	<gameDuration value='1654'/>

	<player>
		<unitScore value='14400'/>
		<killScore value='22400'/>
		<buildingScore value='3175'/>
		<razingScore value='8550'/>
		<mineralScore value='18810'/>
		<gasScore value='2432'/>
		<totalScore value='69767'/>
	</player>

	<enemy>
		<race value='Terran'/>
		<unitScore value='11200'/>
		<unitScore value='11200'/>
		<killScore value='13550'/>
		<buildingScore value='2850'/>
		<razingScore value='1500'/>
		<mineralScore value='10362'/>
		<gasScore value='4264'/>
		<totalScore value='43726'/>
	</enemy>

	<scoreRatio value='1.59555'/>
</results>
