<results>
	<result value='win'/>
	<start value='2015-04-28.01:24:30'/>
	<end value='2015-04-28.01:24:59'/>
	<frames value='29886'/>
	<gameDuration value='1867'/>

	<player>
		<unitScore value='15800'/>
		<killScore value='26000'/>
		<buildingScore value='4225'/>
		<razingScore value='11325'/>
		<mineralScore value='21794'/>
		<gasScore value='3256'/>
		<totalScore value='82400'/>
	</player>

	<enemy>
		<race value='Terran'/>
		<unitScore value='14400'/>
		<unitScore value='14400'/>
		<killScore value='12150'/>
		<buildingScore value='3775'/>
		<razingScore value='2400'/>
		<mineralScore value='12510'/>
		<gasScore value='5488'/>
		<totalScore value='50723'/>
	</enemy>

	<scoreRatio value='1.62451'/>
</results>
