<results>
	<result value='loss'/>
	<start value='2015-05-07.08:18:40'/>
	<end value='2015-05-07.08:19:12'/>
	<frames value='42565'/>
	<gameDuration value='2660'/>

	<player>
		<unitScore value='16950'/>
		<killScore value='28000'/>
		<buildingScore value='2275'/>
		<razingScore value='600'/>
		<mineralScore value='18954'/>
		<gasScore value='2848'/>
		<totalScore value='69627'/>
	</player>

	<enemy>
		<race value='Protoss'/>
		<unitScore value='30650'/>
		<unitScore value='30650'/>
		<killScore value='34000'/>
		<buildingScore value='7275'/>
		<razingScore value='6975'/>
		<mineralScore value='30978'/>
		<gasScore value='10174'/>
		<totalScore value='120052'/>
	</enemy>

	<scoreRatio value='0.579974'/>
	<timeFitness value='0.369444'/>
	<unitsAverage value='51'/>
</results>
