<results>
	<result value='win'/>
	<start value='2015-05-07.08:19:15'/>
	<end value='2015-05-07.08:19:49'/>
	<frames value='28305'/>
	<gameDuration value='1769'/>

	<player>
		<unitScore value='17925'/>
		<killScore value='21550'/>
		<buildingScore value='4000'/>
		<razingScore value='14025'/>
		<mineralScore value='27050'/>
		<gasScore value='3208'/>
		<totalScore value='87758'/>
	</player>

	<enemy>
		<race value='Protoss'/>
		<unitScore value='10975'/>
		<unitScore value='10975'/>
		<killScore value='14100'/>
		<buildingScore value='4675'/>
		<razingScore value='0'/>
		<mineralScore value='16950'/>
		<gasScore value='2824'/>
		<totalScore value='49524'/>
	</enemy>

	<scoreRatio value='1.77203'/>
	<timeFitness value='0.754306'/>
	<unitsAverage value='106'/>
</results>
