<results>
	<result value='win'/>
	<start value='2015-05-07.08:40:42'/>
	<end value='2015-05-07.08:41:30'/>
	<frames value='36551'/>
	<gameDuration value='2284'/>

	<player>
		<unitScore value='21425'/>
		<killScore value='19300'/>
		<buildingScore value='4250'/>
		<razingScore value='15225'/>
		<mineralScore value='29830'/>
		<gasScore value='3840'/>
		<totalScore value='93870'/>
	</player>

	<enemy>
		<race value='Protoss'/>
		<unitScore value='9650'/>
		<unitScore value='9650'/>
		<killScore value='15650'/>
		<buildingScore value='5075'/>
		<razingScore value='150'/>
		<mineralScore value='17634'/>
		<gasScore value='2968'/>
		<totalScore value='51127'/>
	</enemy>

	<scoreRatio value='1.83602'/>
	<timeFitness value='0.682778'/>
	<unitsAverage value='108'/>
</results>
