<results>
	<result value='loss'/>
	<start value='2015-05-04.01:45:52'/>
	<end value='2015-05-04.01:46:00'/>
	<frames value='17238'/>
	<gameDuration value='1077'/>

	<player>
		<unitScore value='2225'/>
		<killScore value='3100'/>
		<buildingScore value='1125'/>
		<razingScore value='0'/>
		<mineralScore value='3210'/>
		<gasScore value='744'/>
		<totalScore value='10404'/>
	</player>

	<enemy>
		<race value='Protoss'/>
		<unitScore value='3550'/>
		<unitScore value='3550'/>
		<killScore value='3700'/>
		<buildingScore value='3825'/>
		<razingScore value='3375'/>
		<mineralScore value='9586'/>
		<gasScore value='1464'/>
		<totalScore value='25500'/>
	</enemy>

	<scoreRatio value='0.408'/>
	<timeFitness value='0.149583'/>
	<unitsAverage value='19'/>
</results>
