<results>
	<result value='loss'/>
	<start value='2015-05-04.01:54:19'/>
	<end value='2015-05-04.01:54:27'/>
	<frames value='16587'/>
	<gameDuration value='1036'/>

	<player>
		<unitScore value='4450'/>
		<killScore value='600'/>
		<buildingScore value='1625'/>
		<razingScore value='0'/>
		<mineralScore value='5970'/>
		<gasScore value='616'/>
		<totalScore value='13261'/>
	</player>

	<enemy>
		<race value='Protoss'/>
		<unitScore value='3600'/>
		<unitScore value='3600'/>
		<killScore value='8900'/>
		<buildingScore value='3925'/>
		<razingScore value='4875'/>
		<mineralScore value='8858'/>
		<gasScore value='1632'/>
		<totalScore value='31790'/>
	</enemy>

	<scoreRatio value='0.417144'/>
	<timeFitness value='0.143889'/>
	<unitsAverage value='24'/>
</results>
