<results>
	<result value='win'/>
	<start value='2015-05-11.00:38:28'/>
	<end value='2015-05-11.00:39:11'/>
	<frames value='28584'/>
	<gameDuration value='1786'/>

	<player>
		<unitScore value='19650'/>
		<killScore value='26650'/>
		<buildingScore value='4450'/>
		<razingScore value='5940'/>
		<mineralScore value='28010'/>
		<gasScore value='2096'/>
		<totalScore value='86796'/>
	</player>

	<enemy>
		<race value='Zerg'/>
		<unitScore value='11750'/>
		<unitScore value='11750'/>
		<killScore value='16650'/>
		<buildingScore value='1980'/>
		<razingScore value='0'/>
		<mineralScore value='11258'/>
		<gasScore value='3368'/>
		<totalScore value='45006'/>
	</enemy>

	<scoreRatio value='1.92854'/>
	<timeFitness value='0.751944'/>
	<unitsAverage value='101'/>
</results>
