<results>
	<result value='loss'/>
	<start value='2015-04-08.21:10:06'/>
	<end value='2015-04-08.21:10:14'/>
	<frames value='15471'/>
	<gameDuration value='966'/>

	<player>
		<unitScore value='4075'/>
		<killScore value='1200'/>
		<buildingScore value='1550'/>
		<razingScore value='0'/>
		<mineralScore value='5570'/>
		<gasScore value='880'/>
		<totalScore value='13275'/>
	</player>

	<enemy>
		<race value='Protoss'/>
		<unitScore value='3550'/>
		<unitScore value='3550'/>
		<killScore value='8150'/>
		<buildingScore value='3125'/>
		<razingScore value='4650'/>
		<mineralScore value='8002'/>
		<gasScore value='1488'/>
		<totalScore value='28965'/>
	</enemy>

	<scoreRatio value='0.458312'/>
</results>
