<results>
	<result value='loss'/>
	<start value='2015-05-06.02:57:33'/>
	<end value='2015-05-06.02:57:39'/>
	<frames value='14107'/>
	<gameDuration value='881'/>

	<player>
		<unitScore value='2325'/>
		<killScore value='500'/>
		<buildingScore value='875'/>
		<razingScore value='0'/>
		<mineralScore value='2890'/>
		<gasScore value='744'/>
		<totalScore value='7334'/>
	</player>

	<enemy>
		<race value='Terran'/>
		<unitScore value='4050'/>
		<unitScore value='4050'/>
		<killScore value='4650'/>
		<buildingScore value='1450'/>
		<razingScore value='2625'/>
		<mineralScore value='6442'/>
		<gasScore value='1864'/>
		<totalScore value='21081'/>
	</enemy>

	<scoreRatio value='0.347896'/>
	<timeFitness value='0.122361'/>
	<unitsAverage value='14'/>
</results>
