<results>
	<result value='loss'/>
	<start value='2015-05-06.03:20:58'/>
	<end value='2015-05-06.03:21:06'/>
	<frames value='16463'/>
	<gameDuration value='1028'/>

	<player>
		<unitScore value='1925'/>
		<killScore value='300'/>
		<buildingScore value='1525'/>
		<razingScore value='0'/>
		<mineralScore value='3674'/>
		<gasScore value='736'/>
		<totalScore value='8160'/>
	</player>

	<enemy>
		<race value='Terran'/>
		<unitScore value='5700'/>
		<unitScore value='5700'/>
		<killScore value='3850'/>
		<buildingScore value='1950'/>
		<razingScore value='4575'/>
		<mineralScore value='7498'/>
		<gasScore value='2296'/>
		<totalScore value='25869'/>
	</enemy>

	<scoreRatio value='0.315435'/>
	<timeFitness value='0.142778'/>
	<unitsAverage value='18'/>
</results>
