<results>
	<result value='loss'/>
	<start value='2015-04-11.11:23:46'/>
	<end value='2015-04-11.11:24:40'/>
	<frames value='43309'/>
	<gameDuration value='2706'/>

	<player>
		<unitScore value='20675'/>
		<killScore value='29950'/>
		<buildingScore value='2025'/>
		<razingScore value='1950'/>
		<mineralScore value='21674'/>
		<gasScore value='2704'/>
		<totalScore value='78978'/>
	</player>

	<enemy>
		<race value='Protoss'/>
		<unitScore value='33025'/>
		<unitScore value='33025'/>
		<killScore value='41350'/>
		<buildingScore value='7725'/>
		<razingScore value='6075'/>
		<mineralScore value='31258'/>
		<gasScore value='11154'/>
		<totalScore value='130587'/>
	</enemy>

	<scoreRatio value='0.604792'/>
</results>
