<results>
	<result value='draw'/>
	<start value='2015-05-08.11:08:34'/>
	<end value='2015-05-08.11:09:33'/>
	<frames value='57601'/>
	<gameDuration value='3600'/>

	<player>
		<unitScore value='22750'/>
		<killScore value='66710'/>
		<buildingScore value='2025'/>
		<razingScore value='3300'/>
		<mineralScore value='23878'/>
		<gasScore value='4248'/>
		<totalScore value='122911'/>
	</player>

	<enemy>
		<race value='Zerg'/>
		<unitScore value='48275'/>
		<unitScore value='48275'/>
		<killScore value='45500'/>
		<buildingScore value='5495'/>
		<razingScore value='3825'/>
		<mineralScore value='32426'/>
		<gasScore value='17000'/>
		<totalScore value='152521'/>
	</enemy>

	<scoreRatio value='0.805863'/>
	<timeFitness value='0.5'/>
	<unitsAverage value='69'/>
</results>
