<results>
	<result value='win'/>
	<start value='2015-05-08.11:35:25'/>
	<end value='2015-05-08.11:36:48'/>
	<frames value='46533'/>
	<gameDuration value='2908'/>

	<player>
		<unitScore value='22825'/>
		<killScore value='55495'/>
		<buildingScore value='3525'/>
		<razingScore value='12915'/>
		<mineralScore value='38954'/>
		<gasScore value='3434'/>
		<totalScore value='137148'/>
	</player>

	<enemy>
		<race value='Zerg'/>
		<unitScore value='27225'/>
		<unitScore value='27225'/>
		<killScore value='25600'/>
		<buildingScore value='4305'/>
		<razingScore value='300'/>
		<mineralScore value='20658'/>
		<gasScore value='10082'/>
		<totalScore value='88170'/>
	</enemy>

	<scoreRatio value='1.5555'/>
	<timeFitness value='0.596111'/>
	<unitsAverage value='132'/>
</results>
