<results>
	<result value='loss'/>
	<start value='2015-05-08.11:41:05'/>
	<end value='2015-05-08.11:41:22'/>
	<frames value='22725'/>
	<gameDuration value='1420'/>

	<player>
		<unitScore value='7250'/>
		<killScore value='7250'/>
		<buildingScore value='2850'/>
		<razingScore value='0'/>
		<mineralScore value='13074'/>
		<gasScore value='1536'/>
		<totalScore value='31960'/>
	</player>

	<enemy>
		<race value='Zerg'/>
		<unitScore value='8050'/>
		<unitScore value='8050'/>
		<killScore value='14500'/>
		<buildingScore value='2955'/>
		<razingScore value='8550'/>
		<mineralScore value='11410'/>
		<gasScore value='3512'/>
		<totalScore value='48977'/>
	</enemy>

	<scoreRatio value='0.652551'/>
	<timeFitness value='0.197222'/>
	<unitsAverage value='41'/>
</results>
