<results>
	<result value='loss'/>
	<start value='2015-05-08.11:44:09'/>
	<end value='2015-05-08.11:44:23'/>
	<frames value='19005'/>
	<gameDuration value='1187'/>

	<player>
		<unitScore value='3800'/>
		<killScore value='1700'/>
		<buildingScore value='1775'/>
		<razingScore value='0'/>
		<mineralScore value='5226'/>
		<gasScore value='1640'/>
		<totalScore value='14141'/>
	</player>

	<enemy>
		<race value='Zerg'/>
		<unitScore value='7375'/>
		<unitScore value='7375'/>
		<killScore value='7500'/>
		<buildingScore value='2470'/>
		<razingScore value='5325'/>
		<mineralScore value='9002'/>
		<gasScore value='2600'/>
		<totalScore value='34272'/>
	</enemy>

	<scoreRatio value='0.412611'/>
	<timeFitness value='0.164861'/>
	<unitsAverage value='29'/>
</results>
