<results>
	<result value='win'/>
	<start value='2015-05-08.11:56:28'/>
	<end value='2015-05-08.11:57:38'/>
	<frames value='50811'/>
	<gameDuration value='3175'/>

	<player>
		<unitScore value='29650'/>
		<killScore value='43310'/>
		<buildingScore value='4050'/>
		<razingScore value='9720'/>
		<mineralScore value='33410'/>
		<gasScore value='6616'/>
		<totalScore value='126756'/>
	</player>

	<enemy>
		<race value='Zerg'/>
		<unitScore value='20475'/>
		<unitScore value='20475'/>
		<killScore value='40800'/>
		<buildingScore value='3240'/>
		<razingScore value='2100'/>
		<mineralScore value='19930'/>
		<gasScore value='5726'/>
		<totalScore value='92271'/>
	</enemy>

	<scoreRatio value='1.37374'/>
	<timeFitness value='0.559028'/>
	<unitsAverage value='109'/>
</results>
