<results>
	<result value='loss'/>
	<start value='2015-05-08.12:01:43'/>
	<end value='2015-05-08.12:02:05'/>
	<frames value='20431'/>
	<gameDuration value='1276'/>

	<player>
		<unitScore value='8000'/>
		<killScore value='1700'/>
		<buildingScore value='2200'/>
		<razingScore value='0'/>
		<mineralScore value='12074'/>
		<gasScore value='0'/>
		<totalScore value='23974'/>
	</player>

	<enemy>
		<race value='Zerg'/>
		<unitScore value='8850'/>
		<unitScore value='8850'/>
		<killScore value='11700'/>
		<buildingScore value='2155'/>
		<razingScore value='6600'/>
		<mineralScore value='10018'/>
		<gasScore value='2848'/>
		<totalScore value='42171'/>
	</enemy>

	<scoreRatio value='0.568495'/>
	<timeFitness value='0.177222'/>
	<unitsAverage value='51'/>
</results>
