<results>
	<result value='loss'/>
	<start value='2015-05-10.18:15:37'/>
	<end value='2015-05-10.18:16:28'/>
	<frames value='46037'/>
	<gameDuration value='2877'/>

	<player>
		<unitScore value='28825'/>
		<killScore value='25750'/>
		<buildingScore value='3250'/>
		<razingScore value='300'/>
		<mineralScore value='31402'/>
		<gasScore value='4504'/>
		<totalScore value='94031'/>
	</player>

	<enemy>
		<race value='Protoss'/>
		<unitScore value='31925'/>
		<unitScore value='31925'/>
		<killScore value='57400'/>
		<buildingScore value='7225'/>
		<razingScore value='9750'/>
		<mineralScore value='30586'/>
		<gasScore value='11224'/>
		<totalScore value='148110'/>
	</enemy>

	<scoreRatio value='0.634873'/>
	<timeFitness value='0.399583'/>
	<unitsAverage value='88'/>
</results>
