<results>
	<result value='win'/>
	<start value='2015-05-05.07:45:20'/>
	<end value='2015-05-05.07:46:09'/>
	<frames value='27840'/>
	<gameDuration value='1740'/>

	<player>
		<unitScore value='16750'/>
		<killScore value='26410'/>
		<buildingScore value='4175'/>
		<razingScore value='7215'/>
		<mineralScore value='30266'/>
		<gasScore value='2080'/>
		<totalScore value='86896'/>
	</player>

	<enemy>
		<race value='Zerg'/>
		<unitScore value='12275'/>
		<unitScore value='12275'/>
		<killScore value='11150'/>
		<buildingScore value='2405'/>
		<razingScore value='0'/>
		<mineralScore value='12618'/>
		<gasScore value='3832'/>
		<totalScore value='42280'/>
	</enemy>

	<scoreRatio value='2.05525'/>
	<timeFitness value='0.758333'/>
	<unitsAverage value='104'/>
</results>
