<results>
	<result value='win'/>
	<start value='2015-05-05.08:00:29'/>
	<end value='2015-05-05.08:01:16'/>
	<frames value='29390'/>
	<gameDuration value='1836'/>

	<player>
		<unitScore value='19375'/>
		<killScore value='26020'/>
		<buildingScore value='3575'/>
		<razingScore value='7260'/>
		<mineralScore value='29570'/>
		<gasScore value='3144'/>
		<totalScore value='88944'/>
	</player>

	<enemy>
		<race value='Zerg'/>
		<unitScore value='12050'/>
		<unitScore value='12050'/>
		<killScore value='17900'/>
		<buildingScore value='2420'/>
		<razingScore value='150'/>
		<mineralScore value='12830'/>
		<gasScore value='4008'/>
		<totalScore value='49358'/>
	</enemy>

	<scoreRatio value='1.80202'/>
	<timeFitness value='0.745'/>
	<unitsAverage value='101'/>
</results>
