<results>
	<result value='win'/>
	<start value='2014-07-23.01:12:43'/>
	<end value='2014-07-23.01:13:01'/>
	<frames value='21857'/>
	<gameDuration value='1366'/>

	<player>
		<unitScore value='11825'/>
		<killScore value='22730'/>
		<buildingScore value='3175'/>
		<razingScore value='3735'/>
		<mineralScore value='17918'/>
		<gasScore value='2216'/>
		<totalScore value='61599'/>
	</player>

	<enemy>
		<race value='Zerg'/>
		<unitScore value='10125'/>
		<unitScore value='10125'/>
		<killScore value='7250'/>
		<buildingScore value='1245'/>
		<razingScore value='0'/>
		<mineralScore value='8874'/>
		<gasScore value='2352'/>
		<totalScore value='29846'/>
	</enemy>

	<scoreRatio value='2.06389'/>
</results>
