<results>
	<result value='win'/>
	<start value='2014-07-23.01:13:05'/>
	<end value='2014-07-23.01:13:31'/>
	<frames value='26352'/>
	<gameDuration value='1647'/>

	<player>
		<unitScore value='16550'/>
		<killScore value='29960'/>
		<buildingScore value='3825'/>
		<razingScore value='5325'/>
		<mineralScore value='20674'/>
		<gasScore value='2808'/>
		<totalScore value='79142'/>
	</player>

	<enemy>
		<race value='Zerg'/>
		<unitScore value='13050'/>
		<unitScore value='13050'/>
		<killScore value='12700'/>
		<buildingScore value='1775'/>
		<razingScore value='1575'/>
		<mineralScore value='12310'/>
		<gasScore value='3608'/>
		<totalScore value='45018'/>
	</enemy>

	<scoreRatio value='1.75801'/>
</results>
