<results>
	<result value='draw'/>
	<start value='2015-04-13.22:19:48'/>
	<end value='2015-04-13.22:21:27'/>
	<frames value='57601'/>
	<gameDuration value='3600'/>

	<player>
		<unitScore value='30350'/>
		<killScore value='56800'/>
		<buildingScore value='4075'/>
		<razingScore value='17850'/>
		<mineralScore value='33862'/>
		<gasScore value='9552'/>
		<totalScore value='152489'/>
	</player>

	<enemy>
		<race value='Protoss'/>
		<unitScore value='31425'/>
		<unitScore value='31425'/>
		<killScore value='38400'/>
		<buildingScore value='7725'/>
		<razingScore value='150'/>
		<mineralScore value='29158'/>
		<gasScore value='10628'/>
		<totalScore value='117486'/>
	</enemy>

	<scoreRatio value='1.29793'/>
</results>
