<results>
	<result value='loss'/>
	<start value='2015-04-13.22:25:57'/>
	<end value='2015-04-13.22:26:08'/>
	<frames value='25577'/>
	<gameDuration value='1598'/>

	<player>
		<unitScore value='4000'/>
		<killScore value='2900'/>
		<buildingScore value='1750'/>
		<razingScore value='0'/>
		<mineralScore value='5898'/>
		<gasScore value='864'/>
		<totalScore value='15412'/>
	</player>

	<enemy>
		<race value='Protoss'/>
		<unitScore value='8825'/>
		<unitScore value='8825'/>
		<killScore value='8000'/>
		<buildingScore value='6875'/>
		<razingScore value='5250'/>
		<mineralScore value='15658'/>
		<gasScore value='4936'/>
		<totalScore value='49544'/>
	</enemy>

	<scoreRatio value='0.311077'/>
</results>
