<results>
	<result value='loss'/>
	<start value='2015-04-13.22:26:46'/>
	<end value='2015-04-13.22:26:54'/>
	<frames value='16308'/>
	<gameDuration value='1019'/>

	<player>
		<unitScore value='3625'/>
		<killScore value='800'/>
		<buildingScore value='1975'/>
		<razingScore value='0'/>
		<mineralScore value='5802'/>
		<gasScore value='968'/>
		<totalScore value='13170'/>
	</player>

	<enemy>
		<race value='Protoss'/>
		<unitScore value='3550'/>
		<unitScore value='3550'/>
		<killScore value='7250'/>
		<buildingScore value='3725'/>
		<razingScore value='5925'/>
		<mineralScore value='8666'/>
		<gasScore value='1616'/>
		<totalScore value='30732'/>
	</enemy>

	<scoreRatio value='0.428544'/>
</results>
