<results>
	<result value='win'/>
	<start value='2015-04-13.22:35:00'/>
	<end value='2015-04-13.22:35:43'/>
	<frames value='37016'/>
	<gameDuration value='2313'/>

	<player>
		<unitScore value='29200'/>
		<killScore value='36240'/>
		<buildingScore value='3850'/>
		<razingScore value='20925'/>
		<mineralScore value='32446'/>
		<gasScore value='4944'/>
		<totalScore value='127605'/>
	</player>

	<enemy>
		<race value='Protoss'/>
		<unitScore value='19745'/>
		<unitScore value='19745'/>
		<killScore value='38500'/>
		<buildingScore value='6975'/>
		<razingScore value='150'/>
		<mineralScore value='25270'/>
		<gasScore value='7280'/>
		<totalScore value='97920'/>
	</enemy>

	<scoreRatio value='1.30316'/>
</results>
