<results>
	<result value='win'/>
	<start value='2015-05-04.00:51:38'/>
	<end value='2015-05-04.00:52:05'/>
	<frames value='32862'/>
	<gameDuration value='2053'/>

	<player>
		<unitScore value='19525'/>
		<killScore value='20100'/>
		<buildingScore value='3900'/>
		<razingScore value='20175'/>
		<mineralScore value='24858'/>
		<gasScore value='3360'/>
		<totalScore value='91918'/>
	</player>

	<enemy>
		<race value='Protoss'/>
		<unitScore value='10050'/>
		<unitScore value='10050'/>
		<killScore value='17550'/>
		<buildingScore value='6725'/>
		<razingScore value='150'/>
		<mineralScore value='16202'/>
		<gasScore value='4264'/>
		<totalScore value='54941'/>
	</enemy>

	<scoreRatio value='1.67303'/>
	<timeFitness value='0.714861'/>
	<unitsAverage value='89'/>
</results>
