<results>
	<result value='loss'/>
	<start value='2015-05-10.07:49:45'/>
	<end value='2015-05-10.07:50:15'/>
	<frames value='45355'/>
	<gameDuration value='2834'/>

	<player>
		<unitScore value='21125'/>
		<killScore value='26500'/>
		<buildingScore value='2025'/>
		<razingScore value='300'/>
		<mineralScore value='20418'/>
		<gasScore value='3232'/>
		<totalScore value='73600'/>
	</player>

	<enemy>
		<race value='Protoss'/>
		<unitScore value='34580'/>
		<unitScore value='34580'/>
		<killScore value='42250'/>
		<buildingScore value='7625'/>
		<razingScore value='6075'/>
		<mineralScore value='31190'/>
		<gasScore value='13140'/>
		<totalScore value='134860'/>
	</enemy>

	<scoreRatio value='0.545751'/>
	<timeFitness value='0.393611'/>
	<unitsAverage value='55'/>
</results>
