<results>
	<result value='loss'/>
	<start value='2015-05-04.01:04:03'/>
	<end value='2015-05-04.01:04:33'/>
	<frames value='43681'/>
	<gameDuration value='2730'/>

	<player>
		<unitScore value='17000'/>
		<killScore value='22400'/>
		<buildingScore value='2650'/>
		<razingScore value='600'/>
		<mineralScore value='19518'/>
		<gasScore value='4280'/>
		<totalScore value='66448'/>
	</player>

	<enemy>
		<race value='Protoss'/>
		<unitScore value='30800'/>
		<unitScore value='30800'/>
		<killScore value='34000'/>
		<buildingScore value='7175'/>
		<razingScore value='7950'/>
		<mineralScore value='31218'/>
		<gasScore value='10586'/>
		<totalScore value='121729'/>
	</enemy>

	<scoreRatio value='0.545868'/>
	<timeFitness value='0.379167'/>
	<unitsAverage value='67'/>
</results>
