<results>
	<result value='loss'/>
	<start value='2015-04-08.04:19:45'/>
	<end value='2015-04-08.04:19:58'/>
	<frames value='26631'/>
	<gameDuration value='1664'/>

	<player>
		<unitScore value='6650'/>
		<killScore value='5700'/>
		<buildingScore value='1550'/>
		<razingScore value='0'/>
		<mineralScore value='7962'/>
		<gasScore value='632'/>
		<totalScore value='22494'/>
	</player>

	<enemy>
		<race value='Protoss'/>
		<unitScore value='9400'/>
		<unitScore value='9400'/>
		<killScore value='13400'/>
		<buildingScore value='6175'/>
		<razingScore value='4650'/>
		<mineralScore value='15354'/>
		<gasScore value='4448'/>
		<totalScore value='53427'/>
	</enemy>

	<scoreRatio value='0.421023'/>
</results>
