<results>
	<result value='loss'/>
	<start value='2015-07-18.02:22:39'/>
	<end value='2015-07-18.02:23:32'/>
	<frames value='46533'/>
	<gameDuration value='2908'/>

	<player>
		<unitScore value='13500'/>
		<killScore value='5400'/>
		<buildingScore value='3500'/>
		<razingScore value='0'/>
		<mineralScore value='17630'/>
		<gasScore value='1776'/>
		<totalScore value='41806'/>
	</player>

	<enemy>
		<race value='Terran'/>
		<unitScore value='21950'/>
		<killScore value='27000'/>
		<buildingScore value='5275'/>
		<razingScore value='10500'/>
		<mineralScore value='29126'/>
		<gasScore value='11204'/>
		<totalScore value='105055'/>
	</enemy>

	<scoreRatio value='0.397944'/>
	<timeFitness value='0.403889'/>
	<unitsAverage value='31'/>
</results>
