<results>
	<result value='win'/>
	<start value='2015-05-02.18:59:07'/>
	<end value='2015-05-02.18:59:42'/>
	<frames value='35745'/>
	<gameDuration value='2234'/>

	<player>
		<unitScore value='23150'/>
		<killScore value='34560'/>
		<buildingScore value='3375'/>
		<razingScore value='5775'/>
		<mineralScore value='29518'/>
		<gasScore value='0'/>
		<totalScore value='96378'/>
	</player>

	<enemy>
		<race value='Zerg'/>
		<unitScore value='14525'/>
		<unitScore value='14525'/>
		<killScore value='31300'/>
		<buildingScore value='1925'/>
		<razingScore value='0'/>
		<mineralScore value='13162'/>
		<gasScore value='4400'/>
		<totalScore value='65312'/>
	</enemy>

	<scoreRatio value='1.47566'/>
	<timeFitness value='0.689722'/>
	<unitsAverage value='82'/>
</results>
