<results>
	<result value='win'/>
	<start value='2015-05-09.16:33:35'/>
	<end value='2015-05-09.16:33:53'/>
	<frames value='22353'/>
	<gameDuration value='1397'/>

	<player>
		<unitScore value='11100'/>
		<killScore value='16870'/>
		<buildingScore value='3450'/>
		<razingScore value='5460'/>
		<mineralScore value='17118'/>
		<gasScore value='1416'/>
		<totalScore value='55414'/>
	</player>

	<enemy>
		<race value='Zerg'/>
		<unitScore value='8025'/>
		<unitScore value='8025'/>
		<killScore value='7000'/>
		<buildingScore value='1820'/>
		<razingScore value='0'/>
		<mineralScore value='8458'/>
		<gasScore value='2616'/>
		<totalScore value='27919'/>
	</enemy>

	<scoreRatio value='1.98481'/>
	<timeFitness value='0.805972'/>
	<unitsAverage value='73'/>
</results>
