<results>
	<result value='loss'/>
	<start value='2015-05-02.19:10:31'/>
	<end value='2015-05-02.19:10:38'/>
	<frames value='15068'/>
	<gameDuration value='941'/>

	<player>
		<unitScore value='1100'/>
		<killScore value='250'/>
		<buildingScore value='725'/>
		<razingScore value='0'/>
		<mineralScore value='1594'/>
		<gasScore value='0'/>
		<totalScore value='3669'/>
	</player>

	<enemy>
		<race value='Zerg'/>
		<unitScore value='5925'/>
		<unitScore value='5925'/>
		<killScore value='2200'/>
		<buildingScore value='1220'/>
		<razingScore value='2175'/>
		<mineralScore value='5642'/>
		<gasScore value='1336'/>
		<totalScore value='18498'/>
	</enemy>

	<scoreRatio value='0.198346'/>
	<timeFitness value='0.130694'/>
	<unitsAverage value='7'/>
</results>
