<results>
	<result value='loss'/>
	<start value='2015-05-07.17:19:13'/>
	<end value='2015-05-07.17:19:25'/>
	<frames value='26414'/>
	<gameDuration value='1650'/>

	<player>
		<unitScore value='3350'/>
		<killScore value='2400'/>
		<buildingScore value='1725'/>
		<razingScore value='0'/>
		<mineralScore value='5282'/>
		<gasScore value='800'/>
		<totalScore value='13557'/>
	</player>

	<enemy>
		<race value='Protoss'/>
		<unitScore value='10575'/>
		<unitScore value='10575'/>
		<killScore value='6700'/>
		<buildingScore value='6875'/>
		<razingScore value='5175'/>
		<mineralScore value='16022'/>
		<gasScore value='5448'/>
		<totalScore value='50795'/>
	</enemy>

	<scoreRatio value='0.266896'/>
	<timeFitness value='0.229167'/>
	<unitsAverage value='20'/>
</results>
