<results>
	<result value='loss'/>
	<start value='2015-04-12.15:23:22'/>
	<end value='2015-04-12.15:23:28'/>
	<frames value='14603'/>
	<gameDuration value='912'/>

	<player>
		<unitScore value='2850'/>
		<killScore value='1000'/>
		<buildingScore value='1425'/>
		<razingScore value='0'/>
		<mineralScore value='4234'/>
		<gasScore value='752'/>
		<totalScore value='10261'/>
	</player>

	<enemy>
		<race value='Protoss'/>
		<unitScore value='3550'/>
		<unitScore value='3550'/>
		<killScore value='5700'/>
		<buildingScore value='2475'/>
		<razingScore value='4275'/>
		<mineralScore value='7554'/>
		<gasScore value='1296'/>
		<totalScore value='24850'/>
	</enemy>

	<scoreRatio value='0.412917'/>
</results>
