<results>
	<result value='loss'/>
	<start value='2015-04-12.15:25:05'/>
	<end value='2015-04-12.15:25:11'/>
	<frames value='14851'/>
	<gameDuration value='928'/>

	<player>
		<unitScore value='2425'/>
		<killScore value='800'/>
		<buildingScore value='1225'/>
		<razingScore value='0'/>
		<mineralScore value='3914'/>
		<gasScore value='688'/>
		<totalScore value='9052'/>
	</player>

	<enemy>
		<race value='Protoss'/>
		<unitScore value='3550'/>
		<unitScore value='3550'/>
		<killScore value='4100'/>
		<buildingScore value='2575'/>
		<razingScore value='3675'/>
		<mineralScore value='7634'/>
		<gasScore value='1288'/>
		<totalScore value='22822'/>
	</enemy>

	<scoreRatio value='0.396635'/>
</results>
