<results>
	<result value='loss'/>
	<start value='2015-04-13.09:19:56'/>
	<end value='2015-04-13.09:20:10'/>
	<frames value='17176'/>
	<gameDuration value='1073'/>

	<player>
		<unitScore value='4375'/>
		<killScore value='1000'/>
		<buildingScore value='1750'/>
		<razingScore value='0'/>
		<mineralScore value='6066'/>
		<gasScore value='944'/>
		<totalScore value='14135'/>
	</player>

	<enemy>
		<race value='Protoss'/>
		<unitScore value='4925'/>
		<unitScore value='4925'/>
		<killScore value='8750'/>
		<buildingScore value='3275'/>
		<razingScore value='5250'/>
		<mineralScore value='8722'/>
		<gasScore value='2328'/>
		<totalScore value='33250'/>
	</enemy>

	<scoreRatio value='0.425113'/>
</results>
