<results>
	<result value='loss'/>
	<start value='2015-04-13.09:38:37'/>
	<end value='2015-04-13.09:38:49'/>
	<frames value='16215'/>
	<gameDuration value='1013'/>

	<player>
		<unitScore value='2850'/>
		<killScore value='1400'/>
		<buildingScore value='1475'/>
		<razingScore value='0'/>
		<mineralScore value='4474'/>
		<gasScore value='368'/>
		<totalScore value='10567'/>
	</player>

	<enemy>
		<race value='Protoss'/>
		<unitScore value='3600'/>
		<unitScore value='3600'/>
		<killScore value='5700'/>
		<buildingScore value='3325'/>
		<razingScore value='4425'/>
		<mineralScore value='8482'/>
		<gasScore value='1336'/>
		<totalScore value='26868'/>
	</enemy>

	<scoreRatio value='0.393293'/>
</results>
