<results>
	<result value='loss'/>
	<start value='2015-05-05.03:23:48'/>
	<end value='2015-05-05.03:23:54'/>
	<frames value='14975'/>
	<gameDuration value='935'/>

	<player>
		<unitScore value='3000'/>
		<killScore value='800'/>
		<buildingScore value='1525'/>
		<razingScore value='0'/>
		<mineralScore value='4666'/>
		<gasScore value='536'/>
		<totalScore value='10527'/>
	</player>

	<enemy>
		<race value='Protoss'/>
		<unitScore value='3550'/>
		<unitScore value='3550'/>
		<killScore value='6000'/>
		<buildingScore value='2375'/>
		<razingScore value='4575'/>
		<mineralScore value='7642'/>
		<gasScore value='1184'/>
		<totalScore value='25326'/>
	</enemy>

	<scoreRatio value='0.41566'/>
	<timeFitness value='0.129861'/>
	<unitsAverage value='24'/>
</results>
