<results>
	<result value='loss'/>
	<start value='2015-05-05.03:23:56'/>
	<end value='2015-05-05.03:24:07'/>
	<frames value='21144'/>
	<gameDuration value='1321'/>

	<player>
		<unitScore value='4850'/>
		<killScore value='2400'/>
		<buildingScore value='1800'/>
		<razingScore value='0'/>
		<mineralScore value='6850'/>
		<gasScore value='880'/>
		<totalScore value='16780'/>
	</player>

	<enemy>
		<race value='Protoss'/>
		<unitScore value='5825'/>
		<unitScore value='5825'/>
		<killScore value='9300'/>
		<buildingScore value='4675'/>
		<razingScore value='5400'/>
		<mineralScore value='11178'/>
		<gasScore value='3232'/>
		<totalScore value='39610'/>
	</enemy>

	<scoreRatio value='0.42363'/>
	<timeFitness value='0.183472'/>
	<unitsAverage value='30'/>
</results>
