<results>
	<result value='loss'/>
	<start value='2015-05-05.03:35:17'/>
	<end value='2015-05-05.03:35:33'/>
	<frames value='32180'/>
	<gameDuration value='2011'/>

	<player>
		<unitScore value='13150'/>
		<killScore value='11650'/>
		<buildingScore value='2000'/>
		<razingScore value='150'/>
		<mineralScore value='14338'/>
		<gasScore value='2032'/>
		<totalScore value='43320'/>
	</player>

	<enemy>
		<race value='Protoss'/>
		<unitScore value='18400'/>
		<unitScore value='18400'/>
		<killScore value='26300'/>
		<buildingScore value='6725'/>
		<razingScore value='6000'/>
		<mineralScore value='21734'/>
		<gasScore value='7296'/>
		<totalScore value='86455'/>
	</enemy>

	<scoreRatio value='0.50107'/>
	<timeFitness value='0.279306'/>
	<unitsAverage value='41'/>
</results>
