<results>
	<result value='loss'/>
	<start value='2015-05-05.03:37:11'/>
	<end value='2015-05-05.03:37:18'/>
	<frames value='15192'/>
	<gameDuration value='949'/>

	<player>
		<unitScore value='2500'/>
		<killScore value='400'/>
		<buildingScore value='1850'/>
		<razingScore value='0'/>
		<mineralScore value='4402'/>
		<gasScore value='752'/>
		<totalScore value='9904'/>
	</player>

	<enemy>
		<race value='Protoss'/>
		<unitScore value='3550'/>
		<unitScore value='3550'/>
		<killScore value='4900'/>
		<buildingScore value='3125'/>
		<razingScore value='5550'/>
		<mineralScore value='8066'/>
		<gasScore value='1488'/>
		<totalScore value='26679'/>
	</enemy>

	<scoreRatio value='0.371228'/>
	<timeFitness value='0.131806'/>
	<unitsAverage value='21'/>
</results>
