<results>
	<result value='draw'/>
	<start value='2015-04-12.16:20:47'/>
	<end value='2015-04-12.16:22:52'/>
	<frames value='57601'/>
	<gameDuration value='3600'/>

	<player>
		<unitScore value='27500'/>
		<killScore value='38850'/>
		<buildingScore value='2625'/>
		<razingScore value='21825'/>
		<mineralScore value='28346'/>
		<gasScore value='4752'/>
		<totalScore value='123898'/>
	</player>

	<enemy>
		<race value='Protoss'/>
		<unitScore value='20475'/>
		<unitScore value='20475'/>
		<killScore value='34900'/>
		<buildingScore value='8175'/>
		<razingScore value='150'/>
		<mineralScore value='25302'/>
		<gasScore value='10294'/>
		<totalScore value='99296'/>
	</enemy>

	<scoreRatio value='1.24776'/>
</results>
