<results>
	<result value='win'/>
	<start value='2015-05-01.12:03:32'/>
	<end value='2015-05-01.12:04:47'/>
	<frames value='44270'/>
	<gameDuration value='2766'/>

	<player>
		<unitScore value='30050'/>
		<killScore value='42600'/>
		<buildingScore value='3250'/>
		<razingScore value='20325'/>
		<mineralScore value='34270'/>
		<gasScore value='3280'/>
		<totalScore value='133775'/>
	</player>

	<enemy>
		<race value='Protoss'/>
		<unitScore value='22000'/>
		<unitScore value='22000'/>
		<killScore value='37400'/>
		<buildingScore value='6775'/>
		<razingScore value='150'/>
		<mineralScore value='22978'/>
		<gasScore value='8640'/>
		<totalScore value='97943'/>
	</enemy>

	<scoreRatio value='1.36585'/>
</results>
