<results>
	<result value='win'/>
	<start value='2015-05-01.12:19:28'/>
	<end value='2015-05-01.12:20:08'/>
	<frames value='33792'/>
	<gameDuration value='2112'/>

	<player>
		<unitScore value='19500'/>
		<killScore value='16050'/>
		<buildingScore value='3675'/>
		<razingScore value='19425'/>
		<mineralScore value='23426'/>
		<gasScore value='2592'/>
		<totalScore value='84668'/>
	</player>

	<enemy>
		<race value='Protoss'/>
		<unitScore value='8025'/>
		<unitScore value='8025'/>
		<killScore value='17200'/>
		<buildingScore value='6475'/>
		<razingScore value='0'/>
		<mineralScore value='16954'/>
		<gasScore value='3992'/>
		<totalScore value='52646'/>
	</enemy>

	<scoreRatio value='1.60825'/>
</results>
