<results>
	<result value='draw'/>
	<start value='2015-04-26.16:00:51'/>
	<end value='2015-04-26.16:02:03'/>
	<frames value='57601'/>
	<gameDuration value='3600'/>

	<player>
		<unitScore value='18725'/>
		<killScore value='26300'/>
		<buildingScore value='2700'/>
		<razingScore value='8925'/>
		<mineralScore value='27702'/>
		<gasScore value='528'/>
		<totalScore value='84880'/>
	</player>

	<enemy>
		<race value='Terran'/>
		<unitScore value='13500'/>
		<unitScore value='13500'/>
		<killScore value='19000'/>
		<buildingScore value='3375'/>
		<razingScore value='825'/>
		<mineralScore value='12138'/>
		<gasScore value='5278'/>
		<totalScore value='54116'/>
	</enemy>

	<scoreRatio value='1.56848'/>
</results>
