<results>
	<result value='win'/>
	<start value='2015-04-26.16:08:16'/>
	<end value='2015-04-26.16:08:37'/>
	<frames value='30134'/>
	<gameDuration value='1883'/>

	<player>
		<unitScore value='12150'/>
		<killScore value='22000'/>
		<buildingScore value='3175'/>
		<razingScore value='7950'/>
		<mineralScore value='15202'/>
		<gasScore value='2864'/>
		<totalScore value='63341'/>
	</player>

	<enemy>
		<race value='Terran'/>
		<unitScore value='11000'/>
		<unitScore value='11000'/>
		<killScore value='13950'/>
		<buildingScore value='2650'/>
		<razingScore value='3900'/>
		<mineralScore value='11878'/>
		<gasScore value='4320'/>
		<totalScore value='47698'/>
	</enemy>

	<scoreRatio value='1.32796'/>
</results>
