<results>
	<result value='loss'/>
	<start value='2015-04-08.08:00:07'/>
	<end value='2015-04-08.08:00:15'/>
	<frames value='16277'/>
	<gameDuration value='1017'/>

	<player>
		<unitScore value='3000'/>
		<killScore value='600'/>
		<buildingScore value='1625'/>
		<razingScore value='0'/>
		<mineralScore value='4810'/>
		<gasScore value='536'/>
		<totalScore value='10571'/>
	</player>

	<enemy>
		<race value='Protoss'/>
		<unitScore value='3650'/>
		<unitScore value='3650'/>
		<killScore value='6000'/>
		<buildingScore value='3975'/>
		<razingScore value='4875'/>
		<mineralScore value='8642'/>
		<gasScore value='1568'/>
		<totalScore value='28710'/>
	</enemy>

	<scoreRatio value='0.368199'/>
</results>
