<results>
	<result value='draw'/>
	<start value='2015-04-07.14:28:15'/>
	<end value='2015-04-07.14:29:22'/>
	<frames value='57601'/>
	<gameDuration value='3600'/>

	<player>
		<unitScore value='23900'/>
		<killScore value='35200'/>
		<buildingScore value='2775'/>
		<razingScore value='0'/>
		<mineralScore value='31502'/>
		<gasScore value='10134'/>
		<totalScore value='103511'/>
	</player>

	<enemy>
		<race value='Protoss'/>
		<unitScore value='35300'/>
		<unitScore value='35300'/>
		<killScore value='37650'/>
		<buildingScore value='6275'/>
		<razingScore value='2250'/>
		<mineralScore value='31550'/>
		<gasScore value='12044'/>
		<totalScore value='125069'/>
	</enemy>

	<scoreRatio value='0.827631'/>
</results>
