<results>
	<result value='loss'/>
	<start value='2015-07-19.09:52:26'/>
	<end value='2015-07-19.09:52:29'/>
	<frames value='7349'/>
	<gameDuration value='459'/>

	<player>
		<unitScore value='1000'/>
		<killScore value='100'/>
		<buildingScore value='650'/>
		<razingScore value='0'/>
		<mineralScore value='1322'/>
		<gasScore value='40'/>
		<totalScore value='3112'/>
	</player>

	<enemy>
		<race value='Zerg'/>
		<unitScore value='1250'/>
		<killScore value='1900'/>
		<buildingScore value='480'/>
		<razingScore value='1950'/>
		<mineralScore value='2010'/>
		<gasScore value='8'/>
		<totalScore value='7598'/>
	</enemy>

	<scoreRatio value='0.409581'/>
	<timeFitness value='0.06375'/>
	<unitsAverage value='9'/>
</results>
