<results>
	<result value='loss'/>
	<start value='2015-07-19.10:01:25'/>
	<end value='2015-07-19.10:01:39'/>
	<frames value='18943'/>
	<gameDuration value='1183'/>

	<player>
		<unitScore value='6550'/>
		<killScore value='2900'/>
		<buildingScore value='1625'/>
		<razingScore value='0'/>
		<mineralScore value='5570'/>
		<gasScore value='1576'/>
		<totalScore value='18221'/>
	</player>

	<enemy>
		<race value='Zerg'/>
		<unitScore value='7375'/>
		<killScore value='13000'/>
		<buildingScore value='2405'/>
		<razingScore value='4875'/>
		<mineralScore value='9066'/>
		<gasScore value='2560'/>
		<totalScore value='39281'/>
	</enemy>

	<scoreRatio value='0.463863'/>
	<timeFitness value='0.164306'/>
	<unitsAverage value='29'/>
</results>
