<results>
	<result value='loss'/>
	<start value='2015-05-08.13:13:01'/>
	<end value='2015-05-08.13:13:08'/>
	<frames value='16587'/>
	<gameDuration value='1036'/>

	<player>
		<unitScore value='4175'/>
		<killScore value='800'/>
		<buildingScore value='1525'/>
		<razingScore value='0'/>
		<mineralScore value='5194'/>
		<gasScore value='384'/>
		<totalScore value='12078'/>
	</player>

	<enemy>
		<race value='Protoss'/>
		<unitScore value='3650'/>
		<unitScore value='3650'/>
		<killScore value='7950'/>
		<buildingScore value='4025'/>
		<razingScore value='4575'/>
		<mineralScore value='8714'/>
		<gasScore value='1672'/>
		<totalScore value='30586'/>
	</enemy>

	<scoreRatio value='0.394887'/>
	<timeFitness value='0.143889'/>
	<unitsAverage value='27'/>
</results>
