<results>
	<result value='draw'/>
	<start value='2015-05-08.13:20:32'/>
	<end value='2015-05-08.13:21:39'/>
	<frames value='57601'/>
	<gameDuration value='3600'/>

	<player>
		<unitScore value='31475'/>
		<killScore value='55500'/>
		<buildingScore value='4025'/>
		<razingScore value='20925'/>
		<mineralScore value='32246'/>
		<gasScore value='6592'/>
		<totalScore value='150763'/>
	</player>

	<enemy>
		<race value='Protoss'/>
		<unitScore value='33950'/>
		<unitScore value='33950'/>
		<killScore value='44400'/>
		<buildingScore value='8075'/>
		<razingScore value='525'/>
		<mineralScore value='30406'/>
		<gasScore value='10652'/>
		<totalScore value='128008'/>
	</enemy>

	<scoreRatio value='1.17776'/>
	<timeFitness value='0.5'/>
	<unitsAverage value='141'/>
</results>
