<results>
	<result value='loss'/>
	<start value='2015-05-08.13:21:59'/>
	<end value='2015-05-08.13:22:05'/>
	<frames value='13456'/>
	<gameDuration value='841'/>

	<player>
		<unitScore value='1750'/>
		<killScore value='200'/>
		<buildingScore value='925'/>
		<razingScore value='0'/>
		<mineralScore value='2658'/>
		<gasScore value='480'/>
		<totalScore value='6013'/>
	</player>

	<enemy>
		<race value='Protoss'/>
		<unitScore value='3500'/>
		<unitScore value='3500'/>
		<killScore value='3500'/>
		<buildingScore value='2275'/>
		<razingScore value='2775'/>
		<mineralScore value='6834'/>
		<gasScore value='1184'/>
		<totalScore value='20068'/>
	</enemy>

	<scoreRatio value='0.299631'/>
	<timeFitness value='0.116806'/>
	<unitsAverage value='15'/>
</results>
