<results>
	<result value='loss'/>
	<start value='2015-05-08.13:21:41'/>
	<end value='2015-05-08.13:21:56'/>
	<frames value='36148'/>
	<gameDuration value='2259'/>

	<player>
		<unitScore value='7175'/>
		<killScore value='9800'/>
		<buildingScore value='2025'/>
		<razingScore value='0'/>
		<mineralScore value='9046'/>
		<gasScore value='1520'/>
		<totalScore value='29566'/>
	</player>

	<enemy>
		<race value='Protoss'/>
		<unitScore value='21300'/>
		<unitScore value='21300'/>
		<killScore value='14450'/>
		<buildingScore value='6925'/>
		<razingScore value='6075'/>
		<mineralScore value='24018'/>
		<gasScore value='9560'/>
		<totalScore value='82328'/>
	</enemy>

	<scoreRatio value='0.359124'/>
	<timeFitness value='0.31375'/>
	<unitsAverage value='25'/>
</results>
