<results>
	<result value='loss'/>
	<start value='2015-05-08.13:28:54'/>
	<end value='2015-05-08.13:29:01'/>
	<frames value='15564'/>
	<gameDuration value='972'/>

	<player>
		<unitScore value='4150'/>
		<killScore value='1000'/>
		<buildingScore value='1375'/>
		<razingScore value='0'/>
		<mineralScore value='5594'/>
		<gasScore value='640'/>
		<totalScore value='12759'/>
	</player>

	<enemy>
		<race value='Protoss'/>
		<unitScore value='3550'/>
		<unitScore value='3550'/>
		<killScore value='8300'/>
		<buildingScore value='3025'/>
		<razingScore value='4125'/>
		<mineralScore value='7986'/>
		<gasScore value='1384'/>
		<totalScore value='28370'/>
	</enemy>

	<scoreRatio value='0.449736'/>
	<timeFitness value='0.135'/>
	<unitsAverage value='26'/>
</results>
