<results>
	<result value='win'/>
	<start value='2014-07-24.01:42:43'/>
	<end value='2014-07-24.01:43:03'/>
	<frames value='24244'/>
	<gameDuration value='1515'/>

	<player>
		<unitScore value='13075'/>
		<killScore value='18155'/>
		<buildingScore value='3325'/>
		<razingScore value='6420'/>
		<mineralScore value='22342'/>
		<gasScore value='2480'/>
		<totalScore value='65797'/>
	</player>

	<enemy>
		<race value='Zerg'/>
		<unitScore value='8275'/>
		<unitScore value='8275'/>
		<killScore value='8250'/>
		<buildingScore value='2140'/>
		<razingScore value='0'/>
		<mineralScore value='9178'/>
		<gasScore value='2768'/>
		<totalScore value='30611'/>
	</enemy>

	<scoreRatio value='2.14946'/>
</results>
