<results>
	<result value='win'/>
	<start value='2015-05-10.21:59:17'/>
	<end value='2015-05-10.21:59:54'/>
	<frames value='28181'/>
	<gameDuration value='1761'/>

	<player>
		<unitScore value='21325'/>
		<killScore value='32660'/>
		<buildingScore value='4600'/>
		<razingScore value='5040'/>
		<mineralScore value='30538'/>
		<gasScore value='2864'/>
		<totalScore value='97027'/>
	</player>

	<enemy>
		<race value='Zerg'/>
		<unitScore value='14225'/>
		<unitScore value='14225'/>
		<killScore value='20250'/>
		<buildingScore value='1680'/>
		<razingScore value='0'/>
		<mineralScore value='12418'/>
		<gasScore value='3600'/>
		<totalScore value='52173'/>
	</enemy>

	<scoreRatio value='1.85972'/>
	<timeFitness value='0.755417'/>
	<unitsAverage value='114'/>
</results>
