<results>
	<result value='win'/>
	<start value='2015-05-04.11:33:28'/>
	<end value='2015-05-04.11:34:28'/>
	<frames value='40488'/>
	<gameDuration value='2530'/>

	<player>
		<unitScore value='26275'/>
		<killScore value='40690'/>
		<buildingScore value='3675'/>
		<razingScore value='7830'/>
		<mineralScore value='36346'/>
		<gasScore value='2816'/>
		<totalScore value='117632'/>
	</player>

	<enemy>
		<race value='Zerg'/>
		<unitScore value='18675'/>
		<unitScore value='18675'/>
		<killScore value='24650'/>
		<buildingScore value='2610'/>
		<razingScore value='0'/>
		<mineralScore value='17010'/>
		<gasScore value='7504'/>
		<totalScore value='70449'/>
	</enemy>

	<scoreRatio value='1.66975'/>
	<timeFitness value='0.648611'/>
	<unitsAverage value='128'/>
</results>
