<results>
	<result value='win'/>
	<start value='2015-05-04.11:40:15'/>
	<end value='2015-05-04.11:40:36'/>
	<frames value='22818'/>
	<gameDuration value='1426'/>

	<player>
		<unitScore value='16025'/>
		<killScore value='21850'/>
		<buildingScore value='3775'/>
		<razingScore value='4800'/>
		<mineralScore value='21550'/>
		<gasScore value='1416'/>
		<totalScore value='69416'/>
	</player>

	<enemy>
		<race value='Zerg'/>
		<unitScore value='10450'/>
		<unitScore value='10450'/>
		<killScore value='14300'/>
		<buildingScore value='1600'/>
		<razingScore value='0'/>
		<mineralScore value='9266'/>
		<gasScore value='2904'/>
		<totalScore value='38520'/>
	</enemy>

	<scoreRatio value='1.80208'/>
	<timeFitness value='0.801944'/>
	<unitsAverage value='78'/>
</results>
