<results>
	<result value='win'/>
	<start value='2015-05-10.22:12:14'/>
	<end value='2015-05-10.22:13:21'/>
	<frames value='43216'/>
	<gameDuration value='2701'/>

	<player>
		<unitScore value='28025'/>
		<killScore value='58150'/>
		<buildingScore value='4500'/>
		<razingScore value='7395'/>
		<mineralScore value='35918'/>
		<gasScore value='3632'/>
		<totalScore value='137620'/>
	</player>

	<enemy>
		<race value='Zerg'/>
		<unitScore value='25050'/>
		<unitScore value='25050'/>
		<killScore value='33700'/>
		<buildingScore value='2465'/>
		<razingScore value='1350'/>
		<mineralScore value='19930'/>
		<gasScore value='6214'/>
		<totalScore value='88709'/>
	</enemy>

	<scoreRatio value='1.55136'/>
	<timeFitness value='0.624861'/>
	<unitsAverage value='140'/>
</results>
