<results>
	<result value='loss'/>
	<start value='2015-04-28.02:51:23'/>
	<end value='2015-04-28.02:52:13'/>
	<frames value='44332'/>
	<gameDuration value='2770'/>

	<player>
		<unitScore value='17800'/>
		<killScore value='26150'/>
		<buildingScore value='2050'/>
		<razingScore value='600'/>
		<mineralScore value='20130'/>
		<gasScore value='4048'/>
		<totalScore value='70778'/>
	</player>

	<enemy>
		<race value='Protoss'/>
		<unitScore value='31500'/>
		<unitScore value='31500'/>
		<killScore value='35600'/>
		<buildingScore value='8075'/>
		<razingScore value='6150'/>
		<mineralScore value='31842'/>
		<gasScore value='11168'/>
		<totalScore value='124335'/>
	</enemy>

	<scoreRatio value='0.569252'/>
</results>
