<results>
	<result value='win'/>
	<start value='2015-04-28.02:55:58'/>
	<end value='2015-04-28.02:56:39'/>
	<frames value='28739'/>
	<gameDuration value='1796'/>

	<player>
		<unitScore value='15375'/>
		<killScore value='17000'/>
		<buildingScore value='3975'/>
		<razingScore value='9975'/>
		<mineralScore value='22638'/>
		<gasScore value='2760'/>
		<totalScore value='71723'/>
	</player>

	<enemy>
		<race value='Protoss'/>
		<unitScore value='8500'/>
		<unitScore value='8500'/>
		<killScore value='10600'/>
		<buildingScore value='3325'/>
		<razingScore value='150'/>
		<mineralScore value='11082'/>
		<gasScore value='2504'/>
		<totalScore value='36161'/>
	</enemy>

	<scoreRatio value='1.98344'/>
</results>
