<results>
	<result value='win'/>
	<start value='2015-04-30.16:39:36'/>
	<end value='2015-04-30.16:40:06'/>
	<frames value='28615'/>
	<gameDuration value='1788'/>

	<player>
		<unitScore value='17275'/>
		<killScore value='17760'/>
		<buildingScore value='2275'/>
		<razingScore value='6480'/>
		<mineralScore value='19346'/>
		<gasScore value='1728'/>
		<totalScore value='64864'/>
	</player>

	<enemy>
		<race value='Zerg'/>
		<unitScore value='9125'/>
		<unitScore value='9125'/>
		<killScore value='23250'/>
		<buildingScore value='2160'/>
		<razingScore value='0'/>
		<mineralScore value='9466'/>
		<gasScore value='2912'/>
		<totalScore value='46913'/>
	</enemy>

	<scoreRatio value='1.38264'/>
	<timeFitness value='0.751667'/>
	<unitsAverage value='75'/>
</results>
