<results>
	<result value='win'/>
	<start value='2015-04-30.16:42:01'/>
	<end value='2015-04-30.16:42:24'/>
	<frames value='21237'/>
	<gameDuration value='1327'/>

	<player>
		<unitScore value='11175'/>
		<killScore value='19410'/>
		<buildingScore value='2925'/>
		<razingScore value='4560'/>
		<mineralScore value='15314'/>
		<gasScore value='2136'/>
		<totalScore value='55520'/>
	</player>

	<enemy>
		<race value='Zerg'/>
		<unitScore value='8800'/>
		<unitScore value='8800'/>
		<killScore value='8050'/>
		<buildingScore value='1520'/>
		<razingScore value='0'/>
		<mineralScore value='8202'/>
		<gasScore value='2208'/>
		<totalScore value='28780'/>
	</enemy>

	<scoreRatio value='1.92912'/>
	<timeFitness value='0.815694'/>
	<unitsAverage value='66'/>
</results>
