<results>
	<result value='win'/>
	<start value='2015-04-30.16:48:03'/>
	<end value='2015-04-30.16:48:35'/>
	<frames value='25298'/>
	<gameDuration value='1581'/>

	<player>
		<unitScore value='17150'/>
		<killScore value='21540'/>
		<buildingScore value='3650'/>
		<razingScore value='4635'/>
		<mineralScore value='22778'/>
		<gasScore value='2288'/>
		<totalScore value='72041'/>
	</player>

	<enemy>
		<race value='Zerg'/>
		<unitScore value='9875'/>
		<unitScore value='9875'/>
		<killScore value='13850'/>
		<buildingScore value='1545'/>
		<razingScore value='0'/>
		<mineralScore value='8882'/>
		<gasScore value='2320'/>
		<totalScore value='36472'/>
	</enemy>

	<scoreRatio value='1.97524'/>
	<timeFitness value='0.780417'/>
	<unitsAverage value='88'/>
</results>
