<results>
	<result value='win'/>
	<start value='2015-04-30.16:53:25'/>
	<end value='2015-04-30.16:53:58'/>
	<frames value='27065'/>
	<gameDuration value='1691'/>

	<player>
		<unitScore value='17125'/>
		<killScore value='24400'/>
		<buildingScore value='3100'/>
		<razingScore value='6255'/>
		<mineralScore value='23410'/>
		<gasScore value='1624'/>
		<totalScore value='75914'/>
	</player>

	<enemy>
		<race value='Zerg'/>
		<unitScore value='11800'/>
		<unitScore value='11800'/>
		<killScore value='17250'/>
		<buildingScore value='2085'/>
		<razingScore value='0'/>
		<mineralScore value='11314'/>
		<gasScore value='3848'/>
		<totalScore value='46297'/>
	</enemy>

	<scoreRatio value='1.63972'/>
	<timeFitness value='0.765139'/>
	<unitsAverage value='90'/>
</results>
