<results>
	<result value='loss'/>
	<start value='2015-05-03.16:56:32'/>
	<end value='2015-05-03.16:56:42'/>
	<frames value='17362'/>
	<gameDuration value='1085'/>

	<player>
		<unitScore value='3525'/>
		<killScore value='2100'/>
		<buildingScore value='1575'/>
		<razingScore value='0'/>
		<mineralScore value='5754'/>
		<gasScore value='528'/>
		<totalScore value='13482'/>
	</player>

	<enemy>
		<race value='Protoss'/>
		<unitScore value='3650'/>
		<unitScore value='3650'/>
		<killScore value='7050'/>
		<buildingScore value='4025'/>
		<razingScore value='4725'/>
		<mineralScore value='9322'/>
		<gasScore value='1680'/>
		<totalScore value='30452'/>
	</enemy>

	<scoreRatio value='0.44273'/>
	<timeFitness value='0.150694'/>
	<unitsAverage value='25'/>
</results>
