<results>
	<result value='win'/>
	<start value='2015-04-26.05:49:05'/>
	<end value='2015-04-26.05:49:40'/>
	<frames value='32893'/>
	<gameDuration value='2055'/>

	<player>
		<unitScore value='22900'/>
		<killScore value='29550'/>
		<buildingScore value='4175'/>
		<razingScore value='10125'/>
		<mineralScore value='30858'/>
		<gasScore value='3184'/>
		<totalScore value='100792'/>
	</player>

	<enemy>
		<race value='Terran'/>
		<unitScore value='14775'/>
		<unitScore value='14775'/>
		<killScore value='22350'/>
		<buildingScore value='3375'/>
		<razingScore value='0'/>
		<mineralScore value='12774'/>
		<gasScore value='5660'/>
		<totalScore value='58934'/>
	</enemy>

	<scoreRatio value='1.71025'/>
</results>
