<results>
	<result value='win'/>
	<start value='2015-05-10.19:18:14'/>
	<end value='2015-05-10.19:18:55'/>
	<frames value='41201'/>
	<gameDuration value='2575'/>

	<player>
		<unitScore value='20475'/>
		<killScore value='27820'/>
		<buildingScore value='4725'/>
		<razingScore value='6750'/>
		<mineralScore value='34030'/>
		<gasScore value='3672'/>
		<totalScore value='97472'/>
	</player>

	<enemy>
		<race value='Zerg'/>
		<unitScore value='12700'/>
		<unitScore value='12700'/>
		<killScore value='20600'/>
		<buildingScore value='2250'/>
		<razingScore value='0'/>
		<mineralScore value='11494'/>
		<gasScore value='3424'/>
		<totalScore value='50468'/>
	</enemy>

	<scoreRatio value='1.93136'/>
	<timeFitness value='0.642361'/>
	<unitsAverage value='98'/>
</results>
