<results>
	<result value='win'/>
	<start value='2015-05-10.19:31:11'/>
	<end value='2015-05-10.19:31:49'/>
	<frames value='33978'/>
	<gameDuration value='2123'/>

	<player>
		<unitScore value='22925'/>
		<killScore value='38750'/>
		<buildingScore value='4150'/>
		<razingScore value='6975'/>
		<mineralScore value='26930'/>
		<gasScore value='2576'/>
		<totalScore value='102306'/>
	</player>

	<enemy>
		<race value='Zerg'/>
		<unitScore value='17525'/>
		<unitScore value='17525'/>
		<killScore value='22150'/>
		<buildingScore value='2325'/>
		<razingScore value='0'/>
		<mineralScore value='15562'/>
		<gasScore value='5056'/>
		<totalScore value='62618'/>
	</enemy>

	<scoreRatio value='1.63381'/>
	<timeFitness value='0.705139'/>
	<unitsAverage value='98'/>
</results>
