<results>
	<result value='loss'/>
	<start value='2015-04-28.18:55:26'/>
	<end value='2015-04-28.18:55:30'/>
	<frames value='9488'/>
	<gameDuration value='593'/>

	<player>
		<unitScore value='1000'/>
		<killScore value='150'/>
		<buildingScore value='650'/>
		<razingScore value='0'/>
		<mineralScore value='1490'/>
		<gasScore value='0'/>
		<totalScore value='3290'/>
	</player>

	<enemy>
		<race value='Zerg'/>
		<unitScore value='1650'/>
		<unitScore value='1650'/>
		<killScore value='1900'/>
		<buildingScore value='1020'/>
		<razingScore value='1950'/>
		<mineralScore value='2850'/>
		<gasScore value='256'/>
		<totalScore value='9626'/>
	</enemy>

	<scoreRatio value='0.341783'/>
	<timeFitness value='0.0823611'/>
	<unitsAverage value='9'/>
</results>
