<results>
	<result value='win'/>
	<start value='2015-04-28.18:58:47'/>
	<end value='2015-04-28.18:59:03'/>
	<frames value='26197'/>
	<gameDuration value='1637'/>

	<player>
		<unitScore value='14200'/>
		<killScore value='19180'/>
		<buildingScore value='3175'/>
		<razingScore value='5775'/>
		<mineralScore value='17178'/>
		<gasScore value='1504'/>
		<totalScore value='61012'/>
	</player>

	<enemy>
		<race value='Zerg'/>
		<unitScore value='8700'/>
		<unitScore value='8700'/>
		<killScore value='11600'/>
		<buildingScore value='1925'/>
		<razingScore value='150'/>
		<mineralScore value='9450'/>
		<gasScore value='3176'/>
		<totalScore value='35001'/>
	</enemy>

	<scoreRatio value='1.74315'/>
	<timeFitness value='0.772639'/>
	<unitsAverage value='72'/>
</results>
