<results>
	<result value='draw'/>
	<start value='2015-07-19.16:24:30'/>
	<end value='2015-07-19.16:28:04'/>
	<frames value='57601'/>
	<gameDuration value='3600'/>

	<player>
		<unitScore value='40250'/>
		<killScore value='23825'/>
		<buildingScore value='3075'/>
		<razingScore value='705'/>
		<mineralScore value='31742'/>
		<gasScore value='6924'/>
		<totalScore value='106521'/>
	</player>

	<enemy>
		<race value='Zerg'/>
		<unitScore value='29675'/>
		<killScore value='62350'/>
		<buildingScore value='4370'/>
		<razingScore value='600'/>
		<mineralScore value='30666'/>
		<gasScore value='11614'/>
		<totalScore value='139275'/>
	</enemy>

	<scoreRatio value='0.764825'/>
	<timeFitness value='0.5'/>
	<unitsAverage value='134'/>
</results>
