<results>
	<result value='win'/>
	<start value='2015-04-08.08:33:43'/>
	<end value='2015-04-08.08:34:27'/>
	<frames value='40457'/>
	<gameDuration value='2528'/>

	<player>
		<unitScore value='22100'/>
		<killScore value='35050'/>
		<buildingScore value='3600'/>
		<razingScore value='17700'/>
		<mineralScore value='27758'/>
		<gasScore value='4048'/>
		<totalScore value='110256'/>
	</player>

	<enemy>
		<race value='Protoss'/>
		<unitScore value='17725'/>
		<unitScore value='17725'/>
		<killScore value='23650'/>
		<buildingScore value='5900'/>
		<razingScore value='150'/>
		<mineralScore value='26914'/>
		<gasScore value='5672'/>
		<totalScore value='80011'/>
	</enemy>

	<scoreRatio value='1.37801'/>
</results>
