<results>
	<result value='loss'/>
	<start value='2015-05-10.06:26:28'/>
	<end value='2015-05-10.06:26:38'/>
	<frames value='21206'/>
	<gameDuration value='1325'/>

	<player>
		<unitScore value='4475'/>
		<killScore value='1600'/>
		<buildingScore value='1975'/>
		<razingScore value='0'/>
		<mineralScore value='6994'/>
		<gasScore value='1096'/>
		<totalScore value='16140'/>
	</player>

	<enemy>
		<race value='Protoss'/>
		<unitScore value='6925'/>
		<unitScore value='6925'/>
		<killScore value='8950'/>
		<buildingScore value='5175'/>
		<razingScore value='5925'/>
		<mineralScore value='11922'/>
		<gasScore value='3424'/>
		<totalScore value='42321'/>
	</enemy>

	<scoreRatio value='0.381371'/>
	<timeFitness value='0.184028'/>
	<unitsAverage value='26'/>
</results>
