<results>
	<result value='loss'/>
	<start value='2015-05-03.03:06:42'/>
	<end value='2015-05-03.03:06:55'/>
	<frames value='29483'/>
	<gameDuration value='1842'/>

	<player>
		<unitScore value='6575'/>
		<killScore value='3200'/>
		<buildingScore value='2150'/>
		<razingScore value='0'/>
		<mineralScore value='9770'/>
		<gasScore value='184'/>
		<totalScore value='21879'/>
	</player>

	<enemy>
		<race value='Protoss'/>
		<unitScore value='13700'/>
		<unitScore value='13700'/>
		<killScore value='13150'/>
		<buildingScore value='6875'/>
		<razingScore value='6450'/>
		<mineralScore value='18462'/>
		<gasScore value='7360'/>
		<totalScore value='65997'/>
	</enemy>

	<scoreRatio value='0.331515'/>
	<timeFitness value='0.255833'/>
	<unitsAverage value='28'/>
</results>
