<results>
	<result value='loss'/>
	<start value='2015-04-16.15:08:20'/>
	<end value='2015-04-16.15:09:48'/>
	<frames value='42906'/>
	<gameDuration value='2681'/>

	<player>
		<unitScore value='23550'/>
		<killScore value='22800'/>
		<buildingScore value='2875'/>
		<razingScore value='0'/>
		<mineralScore value='22262'/>
		<gasScore value='5576'/>
		<totalScore value='77063'/>
	</player>

	<enemy>
		<race value='Protoss'/>
		<unitScore value='30025'/>
		<unitScore value='30025'/>
		<killScore value='47100'/>
		<buildingScore value='6725'/>
		<razingScore value='8625'/>
		<mineralScore value='29150'/>
		<gasScore value='10712'/>
		<totalScore value='132337'/>
	</enemy>

	<scoreRatio value='0.582324'/>
</results>
