<results>
	<result value='loss'/>
	<start value='2015-07-19.17:43:50'/>
	<end value='2015-07-19.17:44:33'/>
	<frames value='29390'/>
	<gameDuration value='1836'/>

	<player>
		<unitScore value='14225'/>
		<killScore value='10700'/>
		<buildingScore value='2725'/>
		<razingScore value='195'/>
		<mineralScore value='14502'/>
		<gasScore value='1968'/>
		<totalScore value='44315'/>
	</player>

	<enemy>
		<race value='Zerg'/>
		<unitScore value='16625'/>
		<killScore value='26300'/>
		<buildingScore value='3475'/>
		<razingScore value='8175'/>
		<mineralScore value='18074'/>
		<gasScore value='6080'/>
		<totalScore value='78729'/>
	</enemy>

	<scoreRatio value='0.56288'/>
	<timeFitness value='0.255'/>
	<unitsAverage value='51'/>
</results>
