<results>
	<result value='loss'/>
	<start value='2015-07-19.17:48:33'/>
	<end value='2015-07-19.17:51:34'/>
	<frames value='45138'/>
	<gameDuration value='2821'/>

	<player>
		<unitScore value='27725'/>
		<killScore value='18700'/>
		<buildingScore value='2975'/>
		<razingScore value='0'/>
		<mineralScore value='23986'/>
		<gasScore value='5128'/>
		<totalScore value='78514'/>
	</player>

	<enemy>
		<race value='Zerg'/>
		<unitScore value='41850'/>
		<killScore value='40400'/>
		<buildingScore value='4815'/>
		<razingScore value='8925'/>
		<mineralScore value='31290'/>
		<gasScore value='13976'/>
		<totalScore value='141256'/>
	</enemy>

	<scoreRatio value='0.555828'/>
	<timeFitness value='0.391806'/>
	<unitsAverage value='126'/>
</results>
