<results>
	<result value='draw'/>
	<start value='2015-04-10.19:52:14'/>
	<end value='2015-04-10.19:54:27'/>
	<frames value='57601'/>
	<gameDuration value='3600'/>

	<player>
		<unitScore value='33850'/>
		<killScore value='40400'/>
		<buildingScore value='3875'/>
		<razingScore value='17025'/>
		<mineralScore value='33954'/>
		<gasScore value='5100'/>
		<totalScore value='134204'/>
	</player>

	<enemy>
		<race value='Protoss'/>
		<unitScore value='21525'/>
		<unitScore value='21525'/>
		<killScore value='48900'/>
		<buildingScore value='6475'/>
		<razingScore value='300'/>
		<mineralScore value='21494'/>
		<gasScore value='8446'/>
		<totalScore value='107140'/>
	</enemy>

	<scoreRatio value='1.2526'/>
</results>
