<results>
	<result value='loss'/>
	<start value='2015-04-10.19:59:37'/>
	<end value='2015-04-10.19:59:51'/>
	<frames value='16618'/>
	<gameDuration value='1038'/>

	<player>
		<unitScore value='3325'/>
		<killScore value='1200'/>
		<buildingScore value='1675'/>
		<razingScore value='0'/>
		<mineralScore value='5298'/>
		<gasScore value='736'/>
		<totalScore value='12234'/>
	</player>

	<enemy>
		<race value='Protoss'/>
		<unitScore value='3600'/>
		<unitScore value='3600'/>
		<killScore value='6650'/>
		<buildingScore value='3825'/>
		<razingScore value='5025'/>
		<mineralScore value='9034'/>
		<gasScore value='1432'/>
		<totalScore value='29566'/>
	</enemy>

	<scoreRatio value='0.413786'/>
</results>
