<results>
	<result value='loss'/>
	<start value='2015-07-13.18:55:06'/>
	<end value='2015-07-13.18:55:26'/>
	<frames value='30320'/>
	<gameDuration value='1895'/>

	<player>
		<unitScore value='14325'/>
		<killScore value='4900'/>
		<buildingScore value='3500'/>
		<razingScore value='0'/>
		<mineralScore value='15750'/>
		<gasScore value='2304'/>
		<totalScore value='40779'/>
	</player>

	<enemy>
		<race value='Protoss'/>
		<unitScore value='14200'/>
		<killScore value='28650'/>
		<buildingScore value='5975'/>
		<razingScore value='10500'/>
		<mineralScore value='18182'/>
		<gasScore value='6320'/>
		<totalScore value='83827'/>
	</enemy>

	<scoreRatio value='0.486466'/>
	<timeFitness value='0.263194'/>
	<unitsAverage value='40'/>
</results>
