<results>
	<result value='loss'/>
	<start value='2015-07-13.18:55:36'/>
	<end value='2015-07-13.18:56:27'/>
	<frames value='46068'/>
	<gameDuration value='2879'/>

	<player>
		<unitScore value='23625'/>
		<killScore value='25750'/>
		<buildingScore value='3275'/>
		<razingScore value='750'/>
		<mineralScore value='24082'/>
		<gasScore value='5260'/>
		<totalScore value='82742'/>
	</player>

	<enemy>
		<race value='Protoss'/>
		<unitScore value='32675'/>
		<killScore value='47450'/>
		<buildingScore value='7775'/>
		<razingScore value='9825'/>
		<mineralScore value='32230'/>
		<gasScore value='11408'/>
		<totalScore value='141363'/>
	</enemy>

	<scoreRatio value='0.585316'/>
	<timeFitness value='0.399861'/>
	<unitsAverage value='77'/>
</results>
