<results>
	<result value='loss'/>
	<start value='2015-04-14.22:13:13'/>
	<end value='2015-04-14.22:13:46'/>
	<frames value='43309'/>
	<gameDuration value='2706'/>

	<player>
		<unitScore value='22250'/>
		<killScore value='24150'/>
		<buildingScore value='2350'/>
		<razingScore value='1500'/>
		<mineralScore value='24010'/>
		<gasScore value='3824'/>
		<totalScore value='78084'/>
	</player>

	<enemy>
		<race value='Protoss'/>
		<unitScore value='31400'/>
		<unitScore value='31400'/>
		<killScore value='44500'/>
		<buildingScore value='7975'/>
		<razingScore value='7050'/>
		<mineralScore value='30994'/>
		<gasScore value='10662'/>
		<totalScore value='132581'/>
	</enemy>

	<scoreRatio value='0.588953'/>
</results>
