<results>
	<result value='win'/>
	<start value='2015-04-14.22:19:38'/>
	<end value='2015-04-14.22:20:12'/>
	<frames value='34505'/>
	<gameDuration value='2156'/>

	<player>
		<unitScore value='18875'/>
		<killScore value='17600'/>
		<buildingScore value='3825'/>
		<razingScore value='18750'/>
		<mineralScore value='25770'/>
		<gasScore value='3216'/>
		<totalScore value='88036'/>
	</player>

	<enemy>
		<race value='Protoss'/>
		<unitScore value='8800'/>
		<unitScore value='8800'/>
		<killScore value='13650'/>
		<buildingScore value='6250'/>
		<razingScore value='450'/>
		<mineralScore value='20098'/>
		<gasScore value='3936'/>
		<totalScore value='53184'/>
	</enemy>

	<scoreRatio value='1.65531'/>
</results>
