<results>
	<result value='draw'/>
	<start value='2015-05-09.06:38:14'/>
	<end value='2015-05-09.06:39:21'/>
	<frames value='57601'/>
	<gameDuration value='3600'/>

	<player>
		<unitScore value='29125'/>
		<killScore value='35080'/>
		<buildingScore value='5125'/>
		<razingScore value='5370'/>
		<mineralScore value='47738'/>
		<gasScore value='8764'/>
		<totalScore value='131202'/>
	</player>

	<enemy>
		<race value='Zerg'/>
		<unitScore value='17375'/>
		<unitScore value='17375'/>
		<killScore value='35550'/>
		<buildingScore value='2205'/>
		<razingScore value='0'/>
		<mineralScore value='15266'/>
		<gasScore value='6104'/>
		<totalScore value='76500'/>
	</enemy>

	<scoreRatio value='1.71506'/>
	<timeFitness value='0.5'/>
	<unitsAverage value='182'/>
</results>
