<results>
	<result value='win'/>
	<start value='2015-05-09.06:48:00'/>
	<end value='2015-05-09.06:48:31'/>
	<frames value='26755'/>
	<gameDuration value='1672'/>

	<player>
		<unitScore value='18525'/>
		<killScore value='20920'/>
		<buildingScore value='4075'/>
		<razingScore value='5685'/>
		<mineralScore value='25930'/>
		<gasScore value='1760'/>
		<totalScore value='76895'/>
	</player>

	<enemy>
		<race value='Zerg'/>
		<unitScore value='9950'/>
		<unitScore value='9950'/>
		<killScore value='16900'/>
		<buildingScore value='1895'/>
		<razingScore value='0'/>
		<mineralScore value='9426'/>
		<gasScore value='2728'/>
		<totalScore value='40899'/>
	</enemy>

	<scoreRatio value='1.88012'/>
	<timeFitness value='0.767778'/>
	<unitsAverage value='96'/>
</results>
