<results>
	<result value='win'/>
	<start value='2015-05-09.06:49:13'/>
	<end value='2015-05-09.06:49:41'/>
	<frames value='29979'/>
	<gameDuration value='1873'/>

	<player>
		<unitScore value='21100'/>
		<killScore value='28440'/>
		<buildingScore value='3475'/>
		<razingScore value='6990'/>
		<mineralScore value='26874'/>
		<gasScore value='2736'/>
		<totalScore value='89615'/>
	</player>

	<enemy>
		<race value='Zerg'/>
		<unitScore value='12825'/>
		<unitScore value='12825'/>
		<killScore value='21300'/>
		<buildingScore value='2330'/>
		<razingScore value='0'/>
		<mineralScore value='13090'/>
		<gasScore value='4200'/>
		<totalScore value='53745'/>
	</enemy>

	<scoreRatio value='1.66741'/>
	<timeFitness value='0.739861'/>
	<unitsAverage value='105'/>
</results>
