<results>
	<result value='win'/>
	<start value='2015-05-09.06:55:56'/>
	<end value='2015-05-09.06:56:22'/>
	<frames value='27716'/>
	<gameDuration value='1732'/>

	<player>
		<unitScore value='19675'/>
		<killScore value='28465'/>
		<buildingScore value='3825'/>
		<razingScore value='6495'/>
		<mineralScore value='23170'/>
		<gasScore value='1504'/>
		<totalScore value='83134'/>
	</player>

	<enemy>
		<race value='Zerg'/>
		<unitScore value='13475'/>
		<unitScore value='13475'/>
		<killScore value='21050'/>
		<buildingScore value='2165'/>
		<razingScore value='0'/>
		<mineralScore value='13034'/>
		<gasScore value='4416'/>
		<totalScore value='54140'/>
	</enemy>

	<scoreRatio value='1.53554'/>
	<timeFitness value='0.759444'/>
	<unitsAverage value='94'/>
</results>
