<results>
	<result value='loss'/>
	<start value='2015-07-19.08:47:51'/>
	<end value='2015-07-19.08:48:06'/>
	<frames value='21144'/>
	<gameDuration value='1321'/>

	<player>
		<unitScore value='5550'/>
		<killScore value='350'/>
		<buildingScore value='1975'/>
		<razingScore value='0'/>
		<mineralScore value='8978'/>
		<gasScore value='408'/>
		<totalScore value='17261'/>
	</player>

	<enemy>
		<race value='Zerg'/>
		<unitScore value='8400'/>
		<killScore value='11100'/>
		<buildingScore value='1520'/>
		<razingScore value='5925'/>
		<mineralScore value='8498'/>
		<gasScore value='2432'/>
		<totalScore value='37875'/>
	</enemy>

	<scoreRatio value='0.455736'/>
	<timeFitness value='0.183472'/>
	<unitsAverage value='24'/>
</results>
