<results>
	<result value='draw'/>
	<start value='2015-04-12.14:46:54'/>
	<end value='2015-04-12.14:49:08'/>
	<frames value='57601'/>
	<gameDuration value='3600'/>

	<player>
		<unitScore value='31175'/>
		<killScore value='52250'/>
		<buildingScore value='3300'/>
		<razingScore value='11100'/>
		<mineralScore value='32730'/>
		<gasScore value='6792'/>
		<totalScore value='137347'/>
	</player>

	<enemy>
		<race value='Protoss'/>
		<unitScore value='30025'/>
		<unitScore value='30025'/>
		<killScore value='52650'/>
		<buildingScore value='9250'/>
		<razingScore value='0'/>
		<mineralScore value='30194'/>
		<gasScore value='10938'/>
		<totalScore value='133057'/>
	</enemy>

	<scoreRatio value='1.03224'/>
</results>
