<results>
	<result value='win'/>
	<start value='2015-04-12.14:52:23'/>
	<end value='2015-04-12.14:54:14'/>
	<frames value='46471'/>
	<gameDuration value='2904'/>

	<player>
		<unitScore value='28875'/>
		<killScore value='48900'/>
		<buildingScore value='3850'/>
		<razingScore value='19725'/>
		<mineralScore value='36710'/>
		<gasScore value='5272'/>
		<totalScore value='143332'/>
	</player>

	<enemy>
		<race value='Protoss'/>
		<unitScore value='26400'/>
		<unitScore value='26400'/>
		<killScore value='34400'/>
		<buildingScore value='6575'/>
		<razingScore value='300'/>
		<mineralScore value='25158'/>
		<gasScore value='8716'/>
		<totalScore value='101549'/>
	</enemy>

	<scoreRatio value='1.41146'/>
</results>
