<results>
	<result value='loss'/>
	<start value='2015-04-12.15:00:06'/>
	<end value='2015-04-12.15:00:21'/>
	<frames value='17176'/>
	<gameDuration value='1073'/>

	<player>
		<unitScore value='3550'/>
		<killScore value='900'/>
		<buildingScore value='1775'/>
		<razingScore value='0'/>
		<mineralScore value='5666'/>
		<gasScore value='560'/>
		<totalScore value='12451'/>
	</player>

	<enemy>
		<race value='Protoss'/>
		<unitScore value='3650'/>
		<unitScore value='3650'/>
		<killScore value='7100'/>
		<buildingScore value='3925'/>
		<razingScore value='5325'/>
		<mineralScore value='8858'/>
		<gasScore value='1984'/>
		<totalScore value='30842'/>
	</enemy>

	<scoreRatio value='0.403703'/>
</results>
