<results>
	<result value='win'/>
	<start value='2015-04-26.06:14:26'/>
	<end value='2015-04-26.06:14:46'/>
	<frames value='25639'/>
	<gameDuration value='1602'/>

	<player>
		<unitScore value='10250'/>
		<killScore value='20400'/>
		<buildingScore value='3825'/>
		<razingScore value='9150'/>
		<mineralScore value='18490'/>
		<gasScore value='1720'/>
		<totalScore value='63835'/>
	</player>

	<enemy>
		<race value='Terran'/>
		<unitScore value='10500'/>
		<unitScore value='10500'/>
		<killScore value='4000'/>
		<buildingScore value='3050'/>
		<razingScore value='1350'/>
		<mineralScore value='9818'/>
		<gasScore value='4064'/>
		<totalScore value='32782'/>
	</enemy>

	<scoreRatio value='1.94726'/>
</results>
