<results>
	<result value='win'/>
	<start value='2015-04-26.06:20:44'/>
	<end value='2015-04-26.06:21:00'/>
	<frames value='22074'/>
	<gameDuration value='1379'/>

	<player>
		<unitScore value='8725'/>
		<killScore value='14250'/>
		<buildingScore value='3800'/>
		<razingScore value='6600'/>
		<mineralScore value='14366'/>
		<gasScore value='1672'/>
		<totalScore value='49413'/>
	</player>

	<enemy>
		<race value='Terran'/>
		<unitScore value='7125'/>
		<unitScore value='7125'/>
		<killScore value='4400'/>
		<buildingScore value='2200'/>
		<razingScore value='2025'/>
		<mineralScore value='8058'/>
		<gasScore value='2472'/>
		<totalScore value='26280'/>
	</enemy>

	<scoreRatio value='1.88025'/>
</results>
