<results>
	<result value='loss'/>
	<start value='2015-05-05.09:17:54'/>
	<end value='2015-05-05.09:18:03'/>
	<frames value='17796'/>
	<gameDuration value='1112'/>

	<player>
		<unitScore value='4825'/>
		<killScore value='800'/>
		<buildingScore value='1675'/>
		<razingScore value='0'/>
		<mineralScore value='6738'/>
		<gasScore value='904'/>
		<totalScore value='14942'/>
	</player>

	<enemy>
		<race value='Terran'/>
		<unitScore value='6500'/>
		<unitScore value='6500'/>
		<killScore value='9650'/>
		<buildingScore value='2750'/>
		<razingScore value='5025'/>
		<mineralScore value='8178'/>
		<gasScore value='2560'/>
		<totalScore value='34663'/>
	</enemy>

	<scoreRatio value='0.431065'/>
	<timeFitness value='0.154444'/>
	<unitsAverage value='30'/>
</results>
