<results>
	<result value='win'/>
	<start value='2015-05-03.20:18:30'/>
	<end value='2015-05-03.20:18:57'/>
	<frames value='30630'/>
	<gameDuration value='1914'/>

	<player>
		<unitScore value='15000'/>
		<killScore value='22450'/>
		<buildingScore value='3400'/>
		<razingScore value='9600'/>
		<mineralScore value='29066'/>
		<gasScore value='1760'/>
		<totalScore value='81276'/>
	</player>

	<enemy>
		<race value='Terran'/>
		<unitScore value='12325'/>
		<unitScore value='12325'/>
		<killScore value='11250'/>
		<buildingScore value='3200'/>
		<razingScore value='975'/>
		<mineralScore value='12370'/>
		<gasScore value='5232'/>
		<totalScore value='45352'/>
	</enemy>

	<scoreRatio value='1.79211'/>
	<timeFitness value='0.734167'/>
	<unitsAverage value='76'/>
</results>
