<results>
	<result value='win'/>
	<start value='2015-05-08.21:02:15'/>
	<end value='2015-05-08.21:02:42'/>
	<frames value='23314'/>
	<gameDuration value='1457'/>

	<player>
		<unitScore value='8675'/>
		<killScore value='17400'/>
		<buildingScore value='3350'/>
		<razingScore value='6900'/>
		<mineralScore value='15342'/>
		<gasScore value='1888'/>
		<totalScore value='53555'/>
	</player>

	<enemy>
		<race value='Terran'/>
		<unitScore value='9000'/>
		<unitScore value='9000'/>
		<killScore value='5800'/>
		<buildingScore value='2300'/>
		<razingScore value='1725'/>
		<mineralScore value='9778'/>
		<gasScore value='3272'/>
		<totalScore value='31875'/>
	</enemy>

	<scoreRatio value='1.68016'/>
	<timeFitness value='0.797639'/>
	<unitsAverage value='54'/>
</results>
