<results>
	<result value='draw'/>
	<start value='2015-05-08.21:18:33'/>
	<end value='2015-05-08.21:19:44'/>
	<frames value='57601'/>
	<gameDuration value='3600'/>

	<player>
		<unitScore value='22975'/>
		<killScore value='51250'/>
		<buildingScore value='3825'/>
		<razingScore value='450'/>
		<mineralScore value='28590'/>
		<gasScore value='584'/>
		<totalScore value='107674'/>
	</player>

	<enemy>
		<race value='Terran'/>
		<unitScore value='43775'/>
		<unitScore value='43775'/>
		<killScore value='45950'/>
		<buildingScore value='4750'/>
		<razingScore value='11325'/>
		<mineralScore value='27134'/>
		<gasScore value='16942'/>
		<totalScore value='149876'/>
	</enemy>

	<scoreRatio value='0.718421'/>
	<timeFitness value='0.5'/>
	<unitsAverage value='51'/>
</results>
