<results>
	<result value='loss'/>
	<start value='2015-04-14.15:59:43'/>
	<end value='2015-04-14.15:59:57'/>
	<frames value='29452'/>
	<gameDuration value='1840'/>

	<player>
		<unitScore value='5375'/>
		<killScore value='2600'/>
		<buildingScore value='1750'/>
		<razingScore value='0'/>
		<mineralScore value='9746'/>
		<gasScore value='704'/>
		<totalScore value='20175'/>
	</player>

	<enemy>
		<race value='Protoss'/>
		<unitScore value='13400'/>
		<unitScore value='13400'/>
		<killScore value='10750'/>
		<buildingScore value='6925'/>
		<razingScore value='5250'/>
		<mineralScore value='18602'/>
		<gasScore value='7112'/>
		<totalScore value='62039'/>
	</enemy>

	<scoreRatio value='0.325199'/>
</results>
