<results>
	<result value='win'/>
	<start value='2015-04-14.16:08:19'/>
	<end value='2015-04-14.16:08:46'/>
	<frames value='30785'/>
	<gameDuration value='1924'/>

	<player>
		<unitScore value='19025'/>
		<killScore value='23350'/>
		<buildingScore value='3725'/>
		<razingScore value='14175'/>
		<mineralScore value='21986'/>
		<gasScore value='3056'/>
		<totalScore value='85317'/>
	</player>

	<enemy>
		<race value='Protoss'/>
		<unitScore value='13425'/>
		<unitScore value='13425'/>
		<killScore value='16000'/>
		<buildingScore value='4725'/>
		<razingScore value='0'/>
		<mineralScore value='12374'/>
		<gasScore value='4352'/>
		<totalScore value='50876'/>
	</enemy>

	<scoreRatio value='1.67696'/>
</results>
