<results>
	<result value='loss'/>
	<start value='2015-04-15.02:22:27'/>
	<end value='2015-04-15.02:22:34'/>
	<frames value='18106'/>
	<gameDuration value='1131'/>

	<player>
		<unitScore value='3025'/>
		<killScore value='1800'/>
		<buildingScore value='1525'/>
		<razingScore value='0'/>
		<mineralScore value='4690'/>
		<gasScore value='656'/>
		<totalScore value='11696'/>
	</player>

	<enemy>
		<race value='Protoss'/>
		<unitScore value='3700'/>
		<unitScore value='3700'/>
		<killScore value='6050'/>
		<buildingScore value='4275'/>
		<razingScore value='4575'/>
		<mineralScore value='9770'/>
		<gasScore value='1864'/>
		<totalScore value='30234'/>
	</enemy>

	<scoreRatio value='0.386849'/>
</results>
