<results>
	<result value='loss'/>
	<start value='2015-07-14.00:56:00'/>
	<end value='2015-07-14.00:56:25'/>
	<frames value='31250'/>
	<gameDuration value='1953'/>

	<player>
		<unitScore value='15900'/>
		<killScore value='3700'/>
		<buildingScore value='3025'/>
		<razingScore value='0'/>
		<mineralScore value='15642'/>
		<gasScore value='2832'/>
		<totalScore value='41099'/>
	</player>

	<enemy>
		<race value='Protoss'/>
		<unitScore value='16850'/>
		<killScore value='28150'/>
		<buildingScore value='6825'/>
		<razingScore value='9075'/>
		<mineralScore value='20538'/>
		<gasScore value='7840'/>
		<totalScore value='89278'/>
	</enemy>

	<scoreRatio value='0.460349'/>
	<timeFitness value='0.27125'/>
	<unitsAverage value='50'/>
</results>
