<results>
	<result value='loss'/>
	<start value='2015-05-03.01:33:52'/>
	<end value='2015-05-03.01:34:05'/>
	<frames value='15378'/>
	<gameDuration value='961'/>

	<player>
		<unitScore value='2825'/>
		<killScore value='1800'/>
		<buildingScore value='1350'/>
		<razingScore value='0'/>
		<mineralScore value='4242'/>
		<gasScore value='608'/>
		<totalScore value='10825'/>
	</player>

	<enemy>
		<race value='Protoss'/>
		<unitScore value='3550'/>
		<unitScore value='3550'/>
		<killScore value='5150'/>
		<buildingScore value='2825'/>
		<razingScore value='4050'/>
		<mineralScore value='7906'/>
		<gasScore value='1224'/>
		<totalScore value='24705'/>
	</enemy>

	<scoreRatio value='0.43817'/>
	<timeFitness value='0.133472'/>
	<unitsAverage value='22'/>
</results>
