<results>
	<result value='loss'/>
	<start value='2015-04-10.16:06:02'/>
	<end value='2015-04-10.16:06:10'/>
	<frames value='15905'/>
	<gameDuration value='994'/>

	<player>
		<unitScore value='3275'/>
		<killScore value='600'/>
		<buildingScore value='1575'/>
		<razingScore value='0'/>
		<mineralScore value='5154'/>
		<gasScore value='888'/>
		<totalScore value='11492'/>
	</player>

	<enemy>
		<race value='Protoss'/>
		<unitScore value='3550'/>
		<unitScore value='3550'/>
		<killScore value='6550'/>
		<buildingScore value='3525'/>
		<razingScore value='4725'/>
		<mineralScore value='8282'/>
		<gasScore value='1712'/>
		<totalScore value='28344'/>
	</enemy>

	<scoreRatio value='0.405447'/>
</results>
