<results>
	<result value='loss'/>
	<start value='2015-04-12.18:59:36'/>
	<end value='2015-04-12.18:59:46'/>
	<frames value='16680'/>
	<gameDuration value='1042'/>

	<player>
		<unitScore value='2650'/>
		<killScore value='1600'/>
		<buildingScore value='1975'/>
		<razingScore value='0'/>
		<mineralScore value='4818'/>
		<gasScore value='560'/>
		<totalScore value='11603'/>
	</player>

	<enemy>
		<race value='Protoss'/>
		<unitScore value='3550'/>
		<unitScore value='3550'/>
		<killScore value='5400'/>
		<buildingScore value='3725'/>
		<razingScore value='5925'/>
		<mineralScore value='8602'/>
		<gasScore value='1568'/>
		<totalScore value='28770'/>
	</enemy>

	<scoreRatio value='0.403302'/>
</results>
