<results>
	<result value='win'/>
	<start value='2015-05-05.03:48:58'/>
	<end value='2015-05-05.03:49:28'/>
	<frames value='44456'/>
	<gameDuration value='2778'/>

	<player>
		<unitScore value='17450'/>
		<killScore value='32900'/>
		<buildingScore value='4000'/>
		<razingScore value='15600'/>
		<mineralScore value='22642'/>
		<gasScore value='3392'/>
		<totalScore value='95984'/>
	</player>

	<enemy>
		<race value='Terran'/>
		<unitScore value='20450'/>
		<unitScore value='20450'/>
		<killScore value='19600'/>
		<buildingScore value='5200'/>
		<razingScore value='4500'/>
		<mineralScore value='18002'/>
		<gasScore value='8754'/>
		<totalScore value='76506'/>
	</enemy>

	<scoreRatio value='1.25459'/>
	<timeFitness value='0.614167'/>
	<unitsAverage value='59'/>
</results>
