<results>
	<result value='win'/>
	<start value='2015-05-05.03:52:59'/>
	<end value='2015-05-05.03:53:19'/>
	<frames value='27902'/>
	<gameDuration value='1743'/>

	<player>
		<unitScore value='10825'/>
		<killScore value='22700'/>
		<buildingScore value='3825'/>
		<razingScore value='10350'/>
		<mineralScore value='18122'/>
		<gasScore value='2648'/>
		<totalScore value='68470'/>
	</player>

	<enemy>
		<race value='Terran'/>
		<unitScore value='12950'/>
		<unitScore value='12950'/>
		<killScore value='8500'/>
		<buildingScore value='3450'/>
		<razingScore value='1800'/>
		<mineralScore value='12594'/>
		<gasScore value='5544'/>
		<totalScore value='44838'/>
	</enemy>

	<scoreRatio value='1.52705'/>
	<timeFitness value='0.757917'/>
	<unitsAverage value='64'/>
</results>
