<results>
	<result value='win'/>
	<start value='2015-05-05.04:07:14'/>
	<end value='2015-05-05.04:07:36'/>
	<frames value='26724'/>
	<gameDuration value='1670'/>

	<player>
		<unitScore value='12925'/>
		<killScore value='21800'/>
		<buildingScore value='4525'/>
		<razingScore value='8850'/>
		<mineralScore value='22954'/>
		<gasScore value='2808'/>
		<totalScore value='73862'/>
	</player>

	<enemy>
		<race value='Terran'/>
		<unitScore value='10900'/>
		<unitScore value='10900'/>
		<killScore value='6950'/>
		<buildingScore value='2950'/>
		<razingScore value='1800'/>
		<mineralScore value='10562'/>
		<gasScore value='3992'/>
		<totalScore value='37154'/>
	</enemy>

	<scoreRatio value='1.988'/>
	<timeFitness value='0.768056'/>
	<unitsAverage value='79'/>
</results>
