<results>
	<result value='win'/>
	<start value='2015-05-05.04:10:04'/>
	<end value='2015-05-05.04:10:34'/>
	<frames value='31126'/>
	<gameDuration value='1945'/>

	<player>
		<unitScore value='21200'/>
		<killScore value='28150'/>
		<buildingScore value='4175'/>
		<razingScore value='8250'/>
		<mineralScore value='29706'/>
		<gasScore value='3432'/>
		<totalScore value='94913'/>
	</player>

	<enemy>
		<race value='Terran'/>
		<unitScore value='14075'/>
		<unitScore value='14075'/>
		<killScore value='21600'/>
		<buildingScore value='2750'/>
		<razingScore value='300'/>
		<mineralScore value='12050'/>
		<gasScore value='5038'/>
		<totalScore value='55813'/>
	</enemy>

	<scoreRatio value='1.70055'/>
	<timeFitness value='0.729861'/>
	<unitsAverage value='96'/>
</results>
