<results>
	<result value='win'/>
	<start value='2015-04-28.02:08:10'/>
	<end value='2015-04-28.02:08:43'/>
	<frames value='26166'/>
	<gameDuration value='1635'/>

	<player>
		<unitScore value='15450'/>
		<killScore value='20440'/>
		<buildingScore value='3575'/>
		<razingScore value='5820'/>
		<mineralScore value='20674'/>
		<gasScore value='1824'/>
		<totalScore value='67783'/>
	</player>

	<enemy>
		<race value='Zerg'/>
		<unitScore value='10000'/>
		<unitScore value='10000'/>
		<killScore value='13650'/>
		<buildingScore value='1940'/>
		<razingScore value='0'/>
		<mineralScore value='9874'/>
		<gasScore value='3056'/>
		<totalScore value='38520'/>
	</enemy>

	<scoreRatio value='1.75968'/>
</results>
