<results>
	<result value='win'/>
	<start value='2015-05-07.03:44:21'/>
	<end value='2015-05-07.03:44:51'/>
	<frames value='39403'/>
	<gameDuration value='2462'/>

	<player>
		<unitScore value='23150'/>
		<killScore value='35580'/>
		<buildingScore value='2900'/>
		<razingScore value='6285'/>
		<mineralScore value='32154'/>
		<gasScore value='0'/>
		<totalScore value='100069'/>
	</player>

	<enemy>
		<race value='Zerg'/>
		<unitScore value='15725'/>
		<unitScore value='15725'/>
		<killScore value='31100'/>
		<buildingScore value='2095'/>
		<razingScore value='0'/>
		<mineralScore value='14714'/>
		<gasScore value='4936'/>
		<totalScore value='68570'/>
	</enemy>

	<scoreRatio value='1.45937'/>
	<timeFitness value='0.658056'/>
	<unitsAverage value='78'/>
</results>
