<results>
	<result value='win'/>
	<start value='2015-05-07.03:57:49'/>
	<end value='2015-05-07.03:58:16'/>
	<frames value='38845'/>
	<gameDuration value='2427'/>

	<player>
		<unitScore value='27050'/>
		<killScore value='32765'/>
		<buildingScore value='3275'/>
		<razingScore value='5910'/>
		<mineralScore value='35130'/>
		<gasScore value='0'/>
		<totalScore value='104130'/>
	</player>

	<enemy>
		<race value='Zerg'/>
		<unitScore value='15850'/>
		<unitScore value='15850'/>
		<killScore value='41600'/>
		<buildingScore value='1970'/>
		<razingScore value='0'/>
		<mineralScore value='15202'/>
		<gasScore value='5472'/>
		<totalScore value='80094'/>
	</enemy>

	<scoreRatio value='1.3001'/>
	<timeFitness value='0.662917'/>
	<unitsAverage value='77'/>
</results>
