<results>
	<result value='win'/>
	<start value='2015-05-07.04:08:36'/>
	<end value='2015-05-07.04:08:57'/>
	<frames value='31994'/>
	<gameDuration value='1999'/>

	<player>
		<unitScore value='22250'/>
		<killScore value='30190'/>
		<buildingScore value='2650'/>
		<razingScore value='4875'/>
		<mineralScore value='30578'/>
		<gasScore value='0'/>
		<totalScore value='90543'/>
	</player>

	<enemy>
		<race value='Zerg'/>
		<unitScore value='13175'/>
		<unitScore value='13175'/>
		<killScore value='34200'/>
		<buildingScore value='1625'/>
		<razingScore value='0'/>
		<mineralScore value='11290'/>
		<gasScore value='3152'/>
		<totalScore value='63442'/>
	</enemy>

	<scoreRatio value='1.42718'/>
	<timeFitness value='0.722361'/>
	<unitsAverage value='71'/>
</results>
