<results>
	<result value='loss'/>
	<start value='2015-05-07.04:21:17'/>
	<end value='2015-05-07.04:21:29'/>
	<frames value='25980'/>
	<gameDuration value='1623'/>

	<player>
		<unitScore value='8550'/>
		<killScore value='8300'/>
		<buildingScore value='2300'/>
		<razingScore value='0'/>
		<mineralScore value='11010'/>
		<gasScore value='0'/>
		<totalScore value='30160'/>
	</player>

	<enemy>
		<race value='Zerg'/>
		<unitScore value='8450'/>
		<unitScore value='8450'/>
		<killScore value='17100'/>
		<buildingScore value='2720'/>
		<razingScore value='6900'/>
		<mineralScore value='10890'/>
		<gasScore value='3400'/>
		<totalScore value='49460'/>
	</enemy>

	<scoreRatio value='0.609786'/>
	<timeFitness value='0.225417'/>
	<unitsAverage value='27'/>
</results>
