<results>
	<result value='loss'/>
	<start value='2015-05-07.04:20:09'/>
	<end value='2015-05-07.04:20:26'/>
	<frames value='31157'/>
	<gameDuration value='1947'/>

	<player>
		<unitScore value='15400'/>
		<killScore value='25800'/>
		<buildingScore value='2025'/>
		<razingScore value='240'/>
		<mineralScore value='22238'/>
		<gasScore value='0'/>
		<totalScore value='65703'/>
	</player>

	<enemy>
		<race value='Zerg'/>
		<unitScore value='20100'/>
		<unitScore value='20100'/>
		<killScore value='30800'/>
		<buildingScore value='3360'/>
		<razingScore value='6075'/>
		<mineralScore value='19494'/>
		<gasScore value='5864'/>
		<totalScore value='85693'/>
	</enemy>

	<scoreRatio value='0.766725'/>
	<timeFitness value='0.270417'/>
	<unitsAverage value='46'/>
</results>
