<results>
	<result value='win'/>
	<start value='2015-04-29.08:24:35'/>
	<end value='2015-04-29.08:25:20'/>
	<frames value='42968'/>
	<gameDuration value='2685'/>

	<player>
		<unitScore value='33100'/>
		<killScore value='45150'/>
		<buildingScore value='4375'/>
		<razingScore value='17775'/>
		<mineralScore value='36918'/>
		<gasScore value='4632'/>
		<totalScore value='141950'/>
	</player>

	<enemy>
		<race value='Protoss'/>
		<unitScore value='23725'/>
		<unitScore value='23725'/>
		<killScore value='44050'/>
		<buildingScore value='5925'/>
		<razingScore value='150'/>
		<mineralScore value='25378'/>
		<gasScore value='7672'/>
		<totalScore value='106900'/>
	</enemy>

	<scoreRatio value='1.32788'/>
	<timeFitness value='0.627083'/>
	<unitsAverage value='133'/>
</results>
