<results>
	<result value='loss'/>
	<start value='2015-05-07.05:22:18'/>
	<end value='2015-05-07.05:22:26'/>
	<frames value='16494'/>
	<gameDuration value='1030'/>

	<player>
		<unitScore value='3200'/>
		<killScore value='700'/>
		<buildingScore value='1400'/>
		<razingScore value='0'/>
		<mineralScore value='4442'/>
		<gasScore value='688'/>
		<totalScore value='10430'/>
	</player>

	<enemy>
		<race value='Terran'/>
		<unitScore value='5700'/>
		<unitScore value='5700'/>
		<killScore value='6400'/>
		<buildingScore value='2225'/>
		<razingScore value='4200'/>
		<mineralScore value='7658'/>
		<gasScore value='2184'/>
		<totalScore value='28367'/>
	</enemy>

	<scoreRatio value='0.367681'/>
	<timeFitness value='0.143056'/>
	<unitsAverage value='21'/>
</results>
