<results>
	<result value='win'/>
	<start value='2015-05-07.05:33:01'/>
	<end value='2015-05-07.05:33:17'/>
	<frames value='21206'/>
	<gameDuration value='1325'/>

	<player>
		<unitScore value='8750'/>
		<killScore value='12550'/>
		<buildingScore value='3075'/>
		<razingScore value='4125'/>
		<mineralScore value='13186'/>
		<gasScore value='1392'/>
		<totalScore value='43078'/>
	</player>

	<enemy>
		<race value='Terran'/>
		<unitScore value='6275'/>
		<unitScore value='6275'/>
		<killScore value='5300'/>
		<buildingScore value='1450'/>
		<razingScore value='150'/>
		<mineralScore value='9106'/>
		<gasScore value='2168'/>
		<totalScore value='24449'/>
	</enemy>

	<scoreRatio value='1.76195'/>
	<timeFitness value='0.815972'/>
	<unitsAverage value='55'/>
</results>
