<results>
	<result value='win'/>
	<start value='2015-05-07.05:32:30'/>
	<end value='2015-05-07.05:32:58'/>
	<frames value='31560'/>
	<gameDuration value='1972'/>

	<player>
		<unitScore value='15425'/>
		<killScore value='28850'/>
		<buildingScore value='3775'/>
		<razingScore value='8400'/>
		<mineralScore value='21138'/>
		<gasScore value='2256'/>
		<totalScore value='79844'/>
	</player>

	<enemy>
		<race value='Terran'/>
		<unitScore value='14425'/>
		<unitScore value='14425'/>
		<killScore value='15350'/>
		<buildingScore value='2800'/>
		<razingScore value='1650'/>
		<mineralScore value='12074'/>
		<gasScore value='5040'/>
		<totalScore value='51339'/>
	</enemy>

	<scoreRatio value='1.55523'/>
	<timeFitness value='0.726111'/>
	<unitsAverage value='66'/>
</results>
