<results>
	<result value='loss'/>
	<start value='2015-05-07.05:39:28'/>
	<end value='2015-05-07.05:39:54'/>
	<frames value='48641'/>
	<gameDuration value='3040'/>

	<player>
		<unitScore value='6600'/>
		<killScore value='20850'/>
		<buildingScore value='2475'/>
		<razingScore value='5625'/>
		<mineralScore value='8786'/>
		<gasScore value='1184'/>
		<totalScore value='45520'/>
	</player>

	<enemy>
		<race value='Terran'/>
		<unitScore value='17925'/>
		<unitScore value='17925'/>
		<killScore value='13200'/>
		<buildingScore value='5500'/>
		<razingScore value='7425'/>
		<mineralScore value='19378'/>
		<gasScore value='10310'/>
		<totalScore value='73738'/>
	</enemy>

	<scoreRatio value='0.617321'/>
	<timeFitness value='0.422222'/>
	<unitsAverage value='21'/>
</results>
