<results>
	<result value='draw'/>
	<start value='2015-05-01.18:59:03'/>
	<end value='2015-05-01.19:01:07'/>
	<frames value='57601'/>
	<gameDuration value='3600'/>

	<player>
		<unitScore value='34800'/>
		<killScore value='52140'/>
		<buildingScore value='3175'/>
		<razingScore value='22200'/>
		<mineralScore value='35386'/>
		<gasScore value='5484'/>
		<totalScore value='153185'/>
	</player>

	<enemy>
		<race value='Protoss'/>
		<unitScore value='27855'/>
		<unitScore value='27855'/>
		<killScore value='46700'/>
		<buildingScore value='7675'/>
		<razingScore value='300'/>
		<mineralScore value='27114'/>
		<gasScore value='9616'/>
		<totalScore value='119260'/>
	</enemy>

	<scoreRatio value='1.28446'/>
	<timeFitness value='0.5'/>
	<unitsAverage value='120'/>
</results>
