<results>
	<result value='win'/>
	<start value='2015-04-26.15:50:16'/>
	<end value='2015-04-26.15:50:32'/>
	<frames value='25236'/>
	<gameDuration value='1577'/>

	<player>
		<unitScore value='9750'/>
		<killScore value='16200'/>
		<buildingScore value='2000'/>
		<razingScore value='8325'/>
		<mineralScore value='12306'/>
		<gasScore value='1904'/>
		<totalScore value='50485'/>
	</player>

	<enemy>
		<race value='Terran'/>
		<unitScore value='8400'/>
		<unitScore value='8400'/>
		<killScore value='10750'/>
		<buildingScore value='2775'/>
		<razingScore value='2250'/>
		<mineralScore value='9954'/>
		<gasScore value='3800'/>
		<totalScore value='37929'/>
	</enemy>

	<scoreRatio value='1.33104'/>
</results>
