<results>
	<result value='win'/>
	<start value='2015-04-08.03:57:40'/>
	<end value='2015-04-08.03:58:05'/>
	<frames value='26259'/>
	<gameDuration value='1641'/>

	<player>
		<unitScore value='13300'/>
		<killScore value='9800'/>
		<buildingScore value='3275'/>
		<razingScore value='9975'/>
		<mineralScore value='17690'/>
		<gasScore value='2752'/>
		<totalScore value='56792'/>
	</player>

	<enemy>
		<race value='Protoss'/>
		<unitScore value='4900'/>
		<unitScore value='4900'/>
		<killScore value='6900'/>
		<buildingScore value='3325'/>
		<razingScore value='225'/>
		<mineralScore value='10930'/>
		<gasScore value='2888'/>
		<totalScore value='29168'/>
	</enemy>

	<scoreRatio value='1.94707'/>
</results>
