<results>
	<result value='win'/>
	<start value='2015-04-27.15:54:32'/>
	<end value='2015-04-27.15:55:02'/>
	<frames value='26786'/>
	<gameDuration value='1674'/>

	<player>
		<unitScore value='15150'/>
		<killScore value='23050'/>
		<buildingScore value='3900'/>
		<razingScore value='9150'/>
		<mineralScore value='21154'/>
		<gasScore value='1928'/>
		<totalScore value='74332'/>
	</player>

	<enemy>
		<race value='Terran'/>
		<unitScore value='11525'/>
		<unitScore value='11525'/>
		<killScore value='9800'/>
		<buildingScore value='3050'/>
		<razingScore value='1425'/>
		<mineralScore value='10794'/>
		<gasScore value='4584'/>
		<totalScore value='41178'/>
	</enemy>

	<scoreRatio value='1.80514'/>
</results>
