<results>
	<result value='loss'/>
	<start value='2015-04-27.16:01:10'/>
	<end value='2015-04-27.16:01:28'/>
	<frames value='24585'/>
	<gameDuration value='1536'/>

	<player>
		<unitScore value='9650'/>
		<killScore value='4300'/>
		<buildingScore value='2250'/>
		<razingScore value='0'/>
		<mineralScore value='11518'/>
		<gasScore value='1984'/>
		<totalScore value='29702'/>
	</player>

	<enemy>
		<race value='Terran'/>
		<unitScore value='10400'/>
		<unitScore value='10400'/>
		<killScore value='19300'/>
		<buildingScore value='3975'/>
		<razingScore value='6750'/>
		<mineralScore value='12194'/>
		<gasScore value='5416'/>
		<totalScore value='58035'/>
	</enemy>

	<scoreRatio value='0.511795'/>
</results>
