<results>
	<result value='loss'/>
	<start value='2015-07-07.21:54:12'/>
	<end value='2015-07-07.21:54:43'/>
	<frames value='24430'/>
	<gameDuration value='1526'/>

	<player>
		<unitScore value='10325'/>
		<killScore value='3800'/>
		<buildingScore value='2575'/>
		<razingScore value='0'/>
		<mineralScore value='10610'/>
		<gasScore value='1352'/>
		<totalScore value='28662'/>
	</player>

	<enemy>
		<race value='Terran'/>
		<unitScore value='10000'/>
		<killScore value='19100'/>
		<buildingScore value='3950'/>
		<razingScore value='7725'/>
		<mineralScore value='12218'/>
		<gasScore value='5224'/>
		<totalScore value='58217'/>
	</enemy>

	<scoreRatio value='0.49233'/>
	<timeFitness value='0.211944'/>
	<unitsAverage value='39'/>
</results>
