<results>
	<result value='draw'/>
	<start value='2015-07-07.21:59:58'/>
	<end value='2015-07-07.22:02:50'/>
	<frames value='57601'/>
	<gameDuration value='3600'/>

	<player>
		<unitScore value='43575'/>
		<killScore value='15550'/>
		<buildingScore value='4950'/>
		<razingScore value='225'/>
		<mineralScore value='39314'/>
		<gasScore value='6546'/>
		<totalScore value='110160'/>
	</player>

	<enemy>
		<race value='Terran'/>
		<unitScore value='13100'/>
		<killScore value='66050'/>
		<buildingScore value='2750'/>
		<razingScore value='2775'/>
		<mineralScore value='12050'/>
		<gasScore value='6448'/>
		<totalScore value='103173'/>
	</enemy>

	<scoreRatio value='1.06772'/>
	<timeFitness value='0.5'/>
	<unitsAverage value='114'/>
</results>
