<results>
	<result value='loss'/>
	<start value='2015-04-28.19:32:44'/>
	<end value='2015-04-28.19:32:55'/>
	<frames value='16153'/>
	<gameDuration value='1009'/>

	<player>
		<unitScore value='2925'/>
		<killScore value='1000'/>
		<buildingScore value='1250'/>
		<razingScore value='0'/>
		<mineralScore value='4794'/>
		<gasScore value='760'/>
		<totalScore value='10729'/>
	</player>

	<enemy>
		<race value='Protoss'/>
		<unitScore value='3550'/>
		<unitScore value='3550'/>
		<killScore value='5850'/>
		<buildingScore value='3925'/>
		<razingScore value='3750'/>
		<mineralScore value='8474'/>
		<gasScore value='1776'/>
		<totalScore value='27325'/>
	</enemy>

	<scoreRatio value='0.392644'/>
</results>
