<results>
	<result value='draw'/>
	<start value='2015-04-28.19:40:54'/>
	<end value='2015-04-28.19:42:32'/>
	<frames value='57601'/>
	<gameDuration value='3600'/>

	<player>
		<unitScore value='35225'/>
		<killScore value='47100'/>
		<buildingScore value='3425'/>
		<razingScore value='27675'/>
		<mineralScore value='32578'/>
		<gasScore value='4256'/>
		<totalScore value='150259'/>
	</player>

	<enemy>
		<race value='Protoss'/>
		<unitScore value='25725'/>
		<unitScore value='25725'/>
		<killScore value='44250'/>
		<buildingScore value='9475'/>
		<razingScore value='1500'/>
		<mineralScore value='28626'/>
		<gasScore value='11342'/>
		<totalScore value='120918'/>
	</enemy>

	<scoreRatio value='1.24265'/>
</results>
