<results>
	<result value='draw'/>
	<start value='2015-04-30.08:54:52'/>
	<end value='2015-04-30.08:55:43'/>
	<frames value='57601'/>
	<gameDuration value='3600'/>

	<player>
		<unitScore value='20750'/>
		<killScore value='19100'/>
		<buildingScore value='3050'/>
		<razingScore value='1875'/>
		<mineralScore value='23422'/>
		<gasScore value='7736'/>
		<totalScore value='75933'/>
	</player>

	<enemy>
		<race value='Terran'/>
		<unitScore value='25075'/>
		<unitScore value='25075'/>
		<killScore value='34800'/>
		<buildingScore value='5250'/>
		<razingScore value='3075'/>
		<mineralScore value='31498'/>
		<gasScore value='12298'/>
		<totalScore value='111996'/>
	</enemy>

	<scoreRatio value='0.677997'/>
	<timeFitness value='0.5'/>
	<unitsAverage value='68'/>
</results>
