<results>
	<result value='win'/>
	<start value='2015-04-27.22:07:03'/>
	<end value='2015-04-27.22:07:15'/>
	<frames value='20803'/>
	<gameDuration value='1300'/>

	<player>
		<unitScore value='8400'/>
		<killScore value='14600'/>
		<buildingScore value='3025'/>
		<razingScore value='7050'/>
		<mineralScore value='13446'/>
		<gasScore value='2000'/>
		<totalScore value='48521'/>
	</player>

	<enemy>
		<race value='Terran'/>
		<unitScore value='7300'/>
		<unitScore value='7300'/>
		<killScore value='4600'/>
		<buildingScore value='2350'/>
		<razingScore value='1200'/>
		<mineralScore value='8466'/>
		<gasScore value='2536'/>
		<totalScore value='26452'/>
	</enemy>

	<scoreRatio value='1.8343'/>
</results>
