<results>
	<result value='draw'/>
	<start value='2015-07-11.22:29:29'/>
	<end value='2015-07-11.22:31:47'/>
	<frames value='57601'/>
	<gameDuration value='3600'/>

	<player>
		<unitScore value='38675'/>
		<killScore value='30600'/>
		<buildingScore value='4075'/>
		<razingScore value='2700'/>
		<mineralScore value='33758'/>
		<gasScore value='7576'/>
		<totalScore value='117384'/>
	</player>

	<enemy>
		<race value='Protoss'/>
		<unitScore value='36525'/>
		<killScore value='57100'/>
		<buildingScore value='6525'/>
		<razingScore value='5250'/>
		<mineralScore value='29150'/>
		<gasScore value='11516'/>
		<totalScore value='146066'/>
	</enemy>

	<scoreRatio value='0.803637'/>
	<timeFitness value='0.5'/>
	<unitsAverage value='161'/>
</results>
