<results>
	<result value='draw'/>
	<start value='2015-07-11.22:32:06'/>
	<end value='2015-07-11.22:33:27'/>
	<frames value='57601'/>
	<gameDuration value='3600'/>

	<player>
		<unitScore value='36675'/>
		<killScore value='30100'/>
		<buildingScore value='3025'/>
		<razingScore value='450'/>
		<mineralScore value='35278'/>
		<gasScore value='5184'/>
		<totalScore value='110712'/>
	</player>

	<enemy>
		<race value='Protoss'/>
		<unitScore value='30650'/>
		<killScore value='59100'/>
		<buildingScore value='7125'/>
		<razingScore value='2850'/>
		<mineralScore value='27686'/>
		<gasScore value='15360'/>
		<totalScore value='142771'/>
	</enemy>

	<scoreRatio value='0.775452'/>
	<timeFitness value='0.5'/>
	<unitsAverage value='113'/>
</results>
