<results>
	<result value='win'/>
	<start value='2015-05-10.17:54:53'/>
	<end value='2015-05-10.17:55:25'/>
	<frames value='29452'/>
	<gameDuration value='1840'/>

	<player>
		<unitScore value='20550'/>
		<killScore value='31360'/>
		<buildingScore value='4200'/>
		<razingScore value='5160'/>
		<mineralScore value='33394'/>
		<gasScore value='2640'/>
		<totalScore value='97304'/>
	</player>

	<enemy>
		<race value='Zerg'/>
		<unitScore value='15250'/>
		<unitScore value='15250'/>
		<killScore value='20250'/>
		<buildingScore value='1720'/>
		<razingScore value='0'/>
		<mineralScore value='12506'/>
		<gasScore value='4176'/>
		<totalScore value='53902'/>
	</enemy>

	<scoreRatio value='1.8052'/>
	<timeFitness value='0.744444'/>
	<unitsAverage value='108'/>
</results>
