<results>
	<result value='win'/>
	<start value='2015-05-03.15:59:23'/>
	<end value='2015-05-03.15:59:45'/>
	<frames value='25515'/>
	<gameDuration value='1594'/>

	<player>
		<unitScore value='17125'/>
		<killScore value='21780'/>
		<buildingScore value='4400'/>
		<razingScore value='4560'/>
		<mineralScore value='23138'/>
		<gasScore value='1528'/>
		<totalScore value='72531'/>
	</player>

	<enemy>
		<race value='Zerg'/>
		<unitScore value='10175'/>
		<unitScore value='10175'/>
		<killScore value='14400'/>
		<buildingScore value='1520'/>
		<razingScore value='0'/>
		<mineralScore value='9842'/>
		<gasScore value='3200'/>
		<totalScore value='39137'/>
	</enemy>

	<scoreRatio value='1.85326'/>
	<timeFitness value='0.778611'/>
	<unitsAverage value='87'/>
</results>
