<results>
	<result value='win'/>
	<start value='2015-05-10.17:57:47'/>
	<end value='2015-05-10.17:58:24'/>
	<frames value='32893'/>
	<gameDuration value='2055'/>

	<player>
		<unitScore value='25300'/>
		<killScore value='50680'/>
		<buildingScore value='3750'/>
		<razingScore value='6975'/>
		<mineralScore value='30222'/>
		<gasScore value='3312'/>
		<totalScore value='120239'/>
	</player>

	<enemy>
		<race value='Zerg'/>
		<unitScore value='21925'/>
		<unitScore value='21925'/>
		<killScore value='30300'/>
		<buildingScore value='2325'/>
		<razingScore value='0'/>
		<mineralScore value='17922'/>
		<gasScore value='5768'/>
		<totalScore value='78240'/>
	</enemy>

	<scoreRatio value='1.5368'/>
	<timeFitness value='0.714583'/>
	<unitsAverage value='116'/>
</results>
