<results>
	<result value='win'/>
	<start value='2015-05-10.18:00:13'/>
	<end value='2015-05-10.18:00:38'/>
	<frames value='27344'/>
	<gameDuration value='1709'/>

	<player>
		<unitScore value='12550'/>
		<killScore value='18620'/>
		<buildingScore value='3975'/>
		<razingScore value='6930'/>
		<mineralScore value='20794'/>
		<gasScore value='2088'/>
		<totalScore value='64957'/>
	</player>

	<enemy>
		<race value='Zerg'/>
		<unitScore value='9150'/>
		<unitScore value='9150'/>
		<killScore value='6500'/>
		<buildingScore value='2310'/>
		<razingScore value='0'/>
		<mineralScore value='9922'/>
		<gasScore value='3176'/>
		<totalScore value='31058'/>
	</enemy>

	<scoreRatio value='2.09147'/>
	<timeFitness value='0.762639'/>
	<unitsAverage value='69'/>
</results>
