<results>
	<result value='win'/>
	<start value='2015-03-31.14:28:38'/>
	<end value='2015-03-31.14:29:13'/>
	<frames value='32862'/>
	<gameDuration value='2053'/>

	<player>
		<unitScore value='20525'/>
		<killScore value='15650'/>
		<buildingScore value='4450'/>
		<razingScore value='14475'/>
		<mineralScore value='28018'/>
		<gasScore value='3832'/>
		<totalScore value='86950'/>
	</player>

	<enemy>
		<race value='Protoss'/>
		<unitScore value='8225'/>
		<unitScore value='8225'/>
		<killScore value='19900'/>
		<buildingScore value='4825'/>
		<razingScore value='1350'/>
		<mineralScore value='11774'/>
		<gasScore value='2944'/>
		<totalScore value='49018'/>
	</enemy>

	<scoreRatio value='1.77384'/>
</results>
