<results>
	<result value='loss'/>
	<start value='2015-07-14.04:42:26'/>
	<end value='2015-07-14.04:43:38'/>
	<frames value='48021'/>
	<gameDuration value='3001'/>

	<player>
		<unitScore value='29600'/>
		<killScore value='25500'/>
		<buildingScore value='3225'/>
		<razingScore value='2550'/>
		<mineralScore value='24330'/>
		<gasScore value='5108'/>
		<totalScore value='90313'/>
	</player>

	<enemy>
		<race value='Protoss'/>
		<unitScore value='35720'/>
		<killScore value='59200'/>
		<buildingScore value='8825'/>
		<razingScore value='9675'/>
		<mineralScore value='33558'/>
		<gasScore value='12598'/>
		<totalScore value='159576'/>
	</enemy>

	<scoreRatio value='0.565956'/>
	<timeFitness value='0.416806'/>
	<unitsAverage value='88'/>
</results>
