<results>
	<result value='win'/>
	<start value='2015-07-14.04:53:19'/>
	<end value='2015-07-14.04:54:18'/>
	<frames value='31684'/>
	<gameDuration value='1980'/>

	<player>
		<unitScore value='22850'/>
		<killScore value='19100'/>
		<buildingScore value='5175'/>
		<razingScore value='10575'/>
		<mineralScore value='30314'/>
		<gasScore value='3968'/>
		<totalScore value='91982'/>
	</player>

	<enemy>
		<race value='Protoss'/>
		<unitScore value='9550'/>
		<killScore value='17250'/>
		<buildingScore value='3525'/>
		<razingScore value='150'/>
		<mineralScore value='11766'/>
		<gasScore value='4200'/>
		<totalScore value='46441'/>
	</enemy>

	<scoreRatio value='1.98062'/>
	<timeFitness value='0.725'/>
	<unitsAverage value='108'/>
</results>
