<results>
	<result value='loss'/>
	<start value='2015-04-28.22:46:35'/>
	<end value='2015-04-28.22:47:19'/>
	<frames value='50904'/>
	<gameDuration value='3181'/>

	<player>
		<unitScore value='27225'/>
		<killScore value='30500'/>
		<buildingScore value='3300'/>
		<razingScore value='3300'/>
		<mineralScore value='29178'/>
		<gasScore value='4496'/>
		<totalScore value='97999'/>
	</player>

	<enemy>
		<race value='Protoss'/>
		<unitScore value='35835'/>
		<unitScore value='35835'/>
		<killScore value='54450'/>
		<buildingScore value='7675'/>
		<razingScore value='9900'/>
		<mineralScore value='32830'/>
		<gasScore value='11938'/>
		<totalScore value='152628'/>
	</enemy>

	<scoreRatio value='0.642077'/>
	<timeFitness value='0.441806'/>
	<unitsAverage value='96'/>
</results>
