<results>
	<result value='draw'/>
	<start value='2015-04-28.22:51:27'/>
	<end value='2015-04-28.22:52:18'/>
	<frames value='57601'/>
	<gameDuration value='3600'/>

	<player>
		<unitScore value='25350'/>
		<killScore value='59150'/>
		<buildingScore value='2475'/>
		<razingScore value='5250'/>
		<mineralScore value='25538'/>
		<gasScore value='4784'/>
		<totalScore value='122547'/>
	</player>

	<enemy>
		<race value='Protoss'/>
		<unitScore value='42075'/>
		<unitScore value='42075'/>
		<killScore value='44650'/>
		<buildingScore value='8225'/>
		<razingScore value='4275'/>
		<mineralScore value='35690'/>
		<gasScore value='12306'/>
		<totalScore value='147221'/>
	</enemy>

	<scoreRatio value='0.832402'/>
	<timeFitness value='0.5'/>
	<unitsAverage value='91'/>
</results>
