<results>
	<result value='loss'/>
	<start value='2015-07-17.14:28:56'/>
	<end value='2015-07-17.14:29:09'/>
	<frames value='20400'/>
	<gameDuration value='1275'/>

	<player>
		<unitScore value='7250'/>
		<killScore value='2550'/>
		<buildingScore value='2100'/>
		<razingScore value='0'/>
		<mineralScore value='8002'/>
		<gasScore value='1104'/>
		<totalScore value='21006'/>
	</player>

	<enemy>
		<race value='Terran'/>
		<unitScore value='8225'/>
		<killScore value='14300'/>
		<buildingScore value='3050'/>
		<razingScore value='6300'/>
		<mineralScore value='9714'/>
		<gasScore value='3808'/>
		<totalScore value='45397'/>
	</enemy>

	<scoreRatio value='0.462718'/>
	<timeFitness value='0.177083'/>
	<unitsAverage value='32'/>
</results>
