<results>
	<result value='loss'/>
	<start value='2015-07-12.11:44:28'/>
	<end value='2015-07-12.11:44:50'/>
	<frames value='19377'/>
	<gameDuration value='1211'/>

	<player>
		<unitScore value='5700'/>
		<killScore value='200'/>
		<buildingScore value='3175'/>
		<razingScore value='0'/>
		<mineralScore value='11034'/>
		<gasScore value='416'/>
		<totalScore value='20525'/>
	</player>

	<enemy>
		<race value='Terran'/>
		<unitScore value='7000'/>
		<killScore value='11400'/>
		<buildingScore value='3025'/>
		<razingScore value='9525'/>
		<mineralScore value='8826'/>
		<gasScore value='3408'/>
		<totalScore value='43184'/>
	</enemy>

	<scoreRatio value='0.475292'/>
	<timeFitness value='0.168194'/>
	<unitsAverage value='35'/>
</results>
