<results>
	<result value='draw'/>
	<start value='2015-04-12.09:22:37'/>
	<end value='2015-04-12.09:24:58'/>
	<frames value='57601'/>
	<gameDuration value='3600'/>

	<player>
		<unitScore value='28950'/>
		<killScore value='66200'/>
		<buildingScore value='3225'/>
		<razingScore value='5550'/>
		<mineralScore value='31518'/>
		<gasScore value='10590'/>
		<totalScore value='146033'/>
	</player>

	<enemy>
		<race value='Protoss'/>
		<unitScore value='39900'/>
		<unitScore value='39900'/>
		<killScore value='51250'/>
		<buildingScore value='6975'/>
		<razingScore value='600'/>
		<mineralScore value='31546'/>
		<gasScore value='11814'/>
		<totalScore value='142085'/>
	</enemy>

	<scoreRatio value='1.02779'/>
</results>
