<results>
	<result value='win'/>
	<start value='2014-07-01.04:02:46'/>
	<end value='2014-07-01.04:03:18'/>
	<frames value='36706'/>
	<gameDuration value='2294'/>

	<player>
		<unitScore value='20700'/>
		<killScore value='29800'/>
		<buildingScore value='2800'/>
		<razingScore value='18975'/>
		<mineralScore value='23082'/>
		<gasScore value='3808'/>
		<totalScore value='99165'/>
	</player>

	<enemy>
		<race value='Protoss'/>
		<unitScore value='15175'/>
		<unitScore value='15175'/>
		<killScore value='24050'/>
		<buildingScore value='6325'/>
		<razingScore value='150'/>
		<mineralScore value='21914'/>
		<gasScore value='7056'/>
		<totalScore value='74670'/>
	</enemy>

	<scoreRatio value='1.32804'/>
</results>
