<results>
	<result value='win'/>
	<start value='2014-07-01.04:04:43'/>
	<end value='2014-07-01.04:05:20'/>
	<frames value='39930'/>
	<gameDuration value='2495'/>

	<player>
		<unitScore value='28200'/>
		<killScore value='40300'/>
		<buildingScore value='3800'/>
		<razingScore value='19050'/>
		<mineralScore value='30854'/>
		<gasScore value='4792'/>
		<totalScore value='126996'/>
	</player>

	<enemy>
		<race value='Protoss'/>
		<unitScore value='21400'/>
		<unitScore value='21400'/>
		<killScore value='36800'/>
		<buildingScore value='6350'/>
		<razingScore value='600'/>
		<mineralScore value='22258'/>
		<gasScore value='7728'/>
		<totalScore value='95136'/>
	</enemy>

	<scoreRatio value='1.33489'/>
</results>
