<results>
	<result value='win'/>
	<start value='2014-07-01.04:15:04'/>
	<end value='2014-07-01.04:15:52'/>
	<frames value='43030'/>
	<gameDuration value='2689'/>

	<player>
		<unitScore value='32000'/>
		<killScore value='34200'/>
		<buildingScore value='3900'/>
		<razingScore value='21150'/>
		<mineralScore value='38434'/>
		<gasScore value='5120'/>
		<totalScore value='134804'/>
	</player>

	<enemy>
		<race value='Protoss'/>
		<unitScore value='19475'/>
		<unitScore value='19475'/>
		<killScore value='38700'/>
		<buildingScore value='7050'/>
		<razingScore value='675'/>
		<mineralScore value='21358'/>
		<gasScore value='7768'/>
		<totalScore value='95026'/>
	</enemy>

	<scoreRatio value='1.4186'/>
</results>
