<results>
	<result value='win'/>
	<start value='2015-05-08.20:20:03'/>
	<end value='2015-05-08.20:20:36'/>
	<frames value='28770'/>
	<gameDuration value='1798'/>

	<player>
		<unitScore value='15325'/>
		<killScore value='25400'/>
		<buildingScore value='3650'/>
		<razingScore value='9375'/>
		<mineralScore value='21354'/>
		<gasScore value='2488'/>
		<totalScore value='77592'/>
	</player>

	<enemy>
		<race value='Terran'/>
		<unitScore value='13500'/>
		<unitScore value='13500'/>
		<killScore value='9100'/>
		<buildingScore value='3125'/>
		<razingScore value='450'/>
		<mineralScore value='13174'/>
		<gasScore value='5616'/>
		<totalScore value='44965'/>
	</enemy>

	<scoreRatio value='1.72561'/>
	<timeFitness value='0.750278'/>
	<unitsAverage value='93'/>
</results>
