<results>
	<result value='win'/>
	<start value='2015-05-03.16:05:05'/>
	<end value='2015-05-03.16:05:29'/>
	<frames value='33327'/>
	<gameDuration value='2082'/>

	<player>
		<unitScore value='12575'/>
		<killScore value='27650'/>
		<buildingScore value='2600'/>
		<razingScore value='10275'/>
		<mineralScore value='14026'/>
		<gasScore value='2560'/>
		<totalScore value='69686'/>
	</player>

	<enemy>
		<race value='Terran'/>
		<unitScore value='17325'/>
		<unitScore value='17325'/>
		<killScore value='16500'/>
		<buildingScore value='3500'/>
		<razingScore value='3975'/>
		<mineralScore value='15462'/>
		<gasScore value='7528'/>
		<totalScore value='64290'/>
	</enemy>

	<scoreRatio value='1.08393'/>
	<timeFitness value='0.710833'/>
	<unitsAverage value='54'/>
</results>
