<results>
	<result value='win'/>
	<start value='2015-04-17.05:08:17'/>
	<end value='2015-04-17.05:09:15'/>
	<frames value='33916'/>
	<gameDuration value='2119'/>

	<player>
		<unitScore value='19300'/>
		<killScore value='24100'/>
		<buildingScore value='3975'/>
		<razingScore value='16275'/>
		<mineralScore value='23578'/>
		<gasScore value='3176'/>
		<totalScore value='90404'/>
	</player>

	<enemy>
		<race value='Protoss'/>
		<unitScore value='12050'/>
		<unitScore value='12050'/>
		<killScore value='18700'/>
		<buildingScore value='5425'/>
		<razingScore value='150'/>
		<mineralScore value='15138'/>
		<gasScore value='2640'/>
		<totalScore value='54103'/>
	</enemy>

	<scoreRatio value='1.67096'/>
</results>
