<results>
	<result value='win'/>
	<start value='2015-05-11.08:21:01'/>
	<end value='2015-05-11.08:21:40'/>
	<frames value='25298'/>
	<gameDuration value='1581'/>

	<player>
		<unitScore value='17425'/>
		<killScore value='23005'/>
		<buildingScore value='4475'/>
		<razingScore value='5580'/>
		<mineralScore value='26794'/>
		<gasScore value='1544'/>
		<totalScore value='78823'/>
	</player>

	<enemy>
		<race value='Zerg'/>
		<unitScore value='10275'/>
		<unitScore value='10275'/>
		<killScore value='13000'/>
		<buildingScore value='1860'/>
		<razingScore value='0'/>
		<mineralScore value='9954'/>
		<gasScore value='3272'/>
		<totalScore value='38361'/>
	</enemy>

	<scoreRatio value='2.05477'/>
	<timeFitness value='0.780417'/>
	<unitsAverage value='102'/>
</results>
