<results>
	<result value='win'/>
	<start value='2015-04-28.04:43:30'/>
	<end value='2015-04-28.04:43:51'/>
	<frames value='20555'/>
	<gameDuration value='1284'/>

	<player>
		<unitScore value='10250'/>
		<killScore value='17580'/>
		<buildingScore value='3075'/>
		<razingScore value='4560'/>
		<mineralScore value='15090'/>
		<gasScore value='1984'/>
		<totalScore value='52539'/>
	</player>

	<enemy>
		<race value='Zerg'/>
		<unitScore value='8225'/>
		<unitScore value='8225'/>
		<killScore value='7050'/>
		<buildingScore value='1520'/>
		<razingScore value='0'/>
		<mineralScore value='8122'/>
		<gasScore value='2312'/>
		<totalScore value='27229'/>
	</enemy>

	<scoreRatio value='1.92952'/>
</results>
