<results>
	<result value='win'/>
	<start value='2015-05-07.04:57:35'/>
	<end value='2015-05-07.04:58:09'/>
	<frames value='33389'/>
	<gameDuration value='2086'/>

	<player>
		<unitScore value='18025'/>
		<killScore value='29850'/>
		<buildingScore value='4625'/>
		<razingScore value='10950'/>
		<mineralScore value='26918'/>
		<gasScore value='3288'/>
		<totalScore value='93656'/>
	</player>

	<enemy>
		<race value='Terran'/>
		<unitScore value='16025'/>
		<unitScore value='16025'/>
		<killScore value='15750'/>
		<buildingScore value='3725'/>
		<razingScore value='3150'/>
		<mineralScore value='13906'/>
		<gasScore value='6120'/>
		<totalScore value='58676'/>
	</enemy>

	<scoreRatio value='1.59616'/>
	<timeFitness value='0.710278'/>
	<unitsAverage value='92'/>
</results>
