<results>
	<result value='win'/>
	<start value='2015-04-09.10:39:49'/>
	<end value='2015-04-09.10:40:36'/>
	<frames value='35218'/>
	<gameDuration value='2201'/>

	<player>
		<unitScore value='22500'/>
		<killScore value='31300'/>
		<buildingScore value='4200'/>
		<razingScore value='13425'/>
		<mineralScore value='37166'/>
		<gasScore value='3920'/>
		<totalScore value='112511'/>
	</player>

	<enemy>
		<race value='Protoss'/>
		<unitScore value='17850'/>
		<unitScore value='17850'/>
		<killScore value='20650'/>
		<buildingScore value='4475'/>
		<razingScore value='0'/>
		<mineralScore value='14402'/>
		<gasScore value='5448'/>
		<totalScore value='62825'/>
	</enemy>

	<scoreRatio value='1.79086'/>
</results>
