<results>
	<result value='win'/>
	<start value='2015-05-17.00:33:12'/>
	<end value='2015-05-17.00:33:28'/>
	<frames value='20896'/>
	<gameDuration value='1306'/>

	<player>
		<unitScore value='10025'/>
		<killScore value='13590'/>
		<buildingScore value='3250'/>
		<razingScore value='5040'/>
		<mineralScore value='14170'/>
		<gasScore value='1264'/>
		<totalScore value='47339'/>
	</player>

	<enemy>
		<race value='Zerg'/>
		<unitScore value='6975'/>
		<unitScore value='6975'/>
		<killScore value='6950'/>
		<buildingScore value='1680'/>
		<razingScore value='0'/>
		<mineralScore value='6762'/>
		<gasScore value='1776'/>
		<totalScore value='24143'/>
	</enemy>

	<scoreRatio value='1.96078'/>
	<timeFitness value='0.818611'/>
	<unitsAverage value='61'/>
</results>
