<results>
	<result value='win'/>
	<start value='2015-05-17.00:44:33'/>
	<end value='2015-05-17.00:45:13'/>
	<frames value='31312'/>
	<gameDuration value='1957'/>

	<player>
		<unitScore value='17300'/>
		<killScore value='29510'/>
		<buildingScore value='4550'/>
		<razingScore value='4680'/>
		<mineralScore value='30146'/>
		<gasScore value='2960'/>
		<totalScore value='89146'/>
	</player>

	<enemy>
		<race value='Zerg'/>
		<unitScore value='12550'/>
		<unitScore value='12550'/>
		<killScore value='11300'/>
		<buildingScore value='1560'/>
		<razingScore value='0'/>
		<mineralScore value='10942'/>
		<gasScore value='3144'/>
		<totalScore value='39496'/>
	</enemy>

	<scoreRatio value='2.25709'/>
	<timeFitness value='0.728194'/>
	<unitsAverage value='101'/>
</results>
