<results>
	<result value='loss'/>
	<start value='2015-07-18.09:36:54'/>
	<end value='2015-07-18.09:37:01'/>
	<frames value='12402'/>
	<gameDuration value='775'/>

	<player>
		<unitScore value='1775'/>
		<killScore value='0'/>
		<buildingScore value='1275'/>
		<razingScore value='0'/>
		<mineralScore value='2466'/>
		<gasScore value='576'/>
		<totalScore value='6092'/>
	</player>

	<enemy>
		<race value='Protoss'/>
		<unitScore value='3500'/>
		<killScore value='3150'/>
		<buildingScore value='1975'/>
		<razingScore value='3825'/>
		<mineralScore value='6234'/>
		<gasScore value='1168'/>
		<totalScore value='19852'/>
	</enemy>

	<scoreRatio value='0.306871'/>
	<timeFitness value='0.107639'/>
	<unitsAverage value='15'/>
</results>
