<results>
	<result value='win'/>
	<start value='2015-05-02.22:27:19'/>
	<end value='2015-05-02.22:27:50'/>
	<frames value='27344'/>
	<gameDuration value='1709'/>

	<player>
		<unitScore value='18275'/>
		<killScore value='24730'/>
		<buildingScore value='3650'/>
		<razingScore value='4560'/>
		<mineralScore value='23034'/>
		<gasScore value='2928'/>
		<totalScore value='77177'/>
	</player>

	<enemy>
		<race value='Zerg'/>
		<unitScore value='11475'/>
		<unitScore value='11475'/>
		<killScore value='18500'/>
		<buildingScore value='1520'/>
		<razingScore value='0'/>
		<mineralScore value='10034'/>
		<gasScore value='2832'/>
		<totalScore value='44361'/>
	</enemy>

	<scoreRatio value='1.73975'/>
	<timeFitness value='0.762639'/>
	<unitsAverage value='89'/>
</results>
