<results>
	<result value='win'/>
	<start value='2015-05-07.07:20:08'/>
	<end value='2015-05-07.07:20:34'/>
	<frames value='35900'/>
	<gameDuration value='2243'/>

	<player>
		<unitScore value='15375'/>
		<killScore value='22300'/>
		<buildingScore value='4225'/>
		<razingScore value='6900'/>
		<mineralScore value='20086'/>
		<gasScore value='3056'/>
		<totalScore value='71942'/>
	</player>

	<enemy>
		<race value='Terran'/>
		<unitScore value='11150'/>
		<unitScore value='11150'/>
		<killScore value='16250'/>
		<buildingScore value='2300'/>
		<razingScore value='5925'/>
		<mineralScore value='12018'/>
		<gasScore value='4888'/>
		<totalScore value='52531'/>
	</enemy>

	<scoreRatio value='1.36952'/>
	<timeFitness value='0.688472'/>
	<unitsAverage value='64'/>
</results>
