<results>
	<result value='draw'/>
	<start value='2015-05-07.07:24:33'/>
	<end value='2015-05-07.07:25:36'/>
	<frames value='57601'/>
	<gameDuration value='3600'/>

	<player>
		<unitScore value='31275'/>
		<killScore value='32150'/>
		<buildingScore value='4925'/>
		<razingScore value='1200'/>
		<mineralScore value='36454'/>
		<gasScore value='5544'/>
		<totalScore value='111548'/>
	</player>

	<enemy>
		<race value='Terran'/>
		<unitScore value='24750'/>
		<unitScore value='24750'/>
		<killScore value='55050'/>
		<buildingScore value='4350'/>
		<razingScore value='6225'/>
		<mineralScore value='18678'/>
		<gasScore value='11678'/>
		<totalScore value='120731'/>
	</enemy>

	<scoreRatio value='0.923938'/>
	<timeFitness value='0.5'/>
	<unitsAverage value='106'/>
</results>
