<results>
	<result value='loss'/>
	<start value='2015-07-20.23:24:23'/>
	<end value='2015-07-20.23:24:59'/>
	<frames value='29855'/>
	<gameDuration value='1865'/>

	<player>
		<unitScore value='16750'/>
		<killScore value='12325'/>
		<buildingScore value='3550'/>
		<razingScore value='0'/>
		<mineralScore value='25730'/>
		<gasScore value='2704'/>
		<totalScore value='61059'/>
	</player>

	<enemy>
		<race value='Zerg'/>
		<unitScore value='14875'/>
		<killScore value='33500'/>
		<buildingScore value='3420'/>
		<razingScore value='10650'/>
		<mineralScore value='18690'/>
		<gasScore value='5576'/>
		<totalScore value='86711'/>
	</enemy>

	<scoreRatio value='0.704167'/>
	<timeFitness value='0.259028'/>
	<unitsAverage value='64'/>
</results>
