<results>
	<result value='loss'/>
	<start value='2015-07-20.23:29:29'/>
	<end value='2015-07-20.23:30:12'/>
	<frames value='31963'/>
	<gameDuration value='1997'/>

	<player>
		<unitScore value='18525'/>
		<killScore value='17300'/>
		<buildingScore value='2775'/>
		<razingScore value='0'/>
		<mineralScore value='23466'/>
		<gasScore value='2360'/>
		<totalScore value='64426'/>
	</player>

	<enemy>
		<race value='Zerg'/>
		<unitScore value='17150'/>
		<killScore value='30650'/>
		<buildingScore value='4195'/>
		<razingScore value='8325'/>
		<mineralScore value='20278'/>
		<gasScore value='7136'/>
		<totalScore value='87734'/>
	</enemy>

	<scoreRatio value='0.734333'/>
	<timeFitness value='0.277361'/>
	<unitsAverage value='75'/>
</results>
