<results>
	<result value='loss'/>
	<start value='2015-07-20.23:31:08'/>
	<end value='2015-07-20.23:31:36'/>
	<frames value='26972'/>
	<gameDuration value='1685'/>

	<player>
		<unitScore value='11400'/>
		<killScore value='4600'/>
		<buildingScore value='2950'/>
		<razingScore value='0'/>
		<mineralScore value='20322'/>
		<gasScore value='1832'/>
		<totalScore value='41104'/>
	</player>

	<enemy>
		<race value='Zerg'/>
		<unitScore value='15125'/>
		<killScore value='22800'/>
		<buildingScore value='3345'/>
		<razingScore value='8850'/>
		<mineralScore value='15890'/>
		<gasScore value='5232'/>
		<totalScore value='71242'/>
	</enemy>

	<scoreRatio value='0.576963'/>
	<timeFitness value='0.234028'/>
	<unitsAverage value='52'/>
</results>
