<results>
	<result value='draw'/>
	<start value='2015-07-20.23:34:17'/>
	<end value='2015-07-20.23:36:51'/>
	<frames value='57601'/>
	<gameDuration value='3600'/>

	<player>
		<unitScore value='40200'/>
		<killScore value='31715'/>
		<buildingScore value='3950'/>
		<razingScore value='4155'/>
		<mineralScore value='50514'/>
		<gasScore value='11448'/>
		<totalScore value='141982'/>
	</player>

	<enemy>
		<race value='Zerg'/>
		<unitScore value='14300'/>
		<killScore value='52650'/>
		<buildingScore value='1860'/>
		<razingScore value='0'/>
		<mineralScore value='12522'/>
		<gasScore value='5084'/>
		<totalScore value='86416'/>
	</enemy>

	<scoreRatio value='1.64301'/>
	<timeFitness value='0.5'/>
	<unitsAverage value='163'/>
</results>
