<results>
	<result value='draw'/>
	<start value='2015-05-09.23:38:56'/>
	<end value='2015-05-09.23:40:25'/>
	<frames value='57601'/>
	<gameDuration value='3600'/>

	<player>
		<unitScore value='35450'/>
		<killScore value='56100'/>
		<buildingScore value='4000'/>
		<razingScore value='5550'/>
		<mineralScore value='33650'/>
		<gasScore value='6560'/>
		<totalScore value='141310'/>
	</player>

	<enemy>
		<race value='Protoss'/>
		<unitScore value='33050'/>
		<unitScore value='33050'/>
		<killScore value='50700'/>
		<buildingScore value='6550'/>
		<razingScore value='1575'/>
		<mineralScore value='29306'/>
		<gasScore value='10342'/>
		<totalScore value='131523'/>
	</enemy>

	<scoreRatio value='1.07441'/>
	<timeFitness value='0.5'/>
	<unitsAverage value='123'/>
</results>
