<results>
	<result value='win'/>
	<start value='2015-05-09.23:58:26'/>
	<end value='2015-05-09.23:59:52'/>
	<frames value='47246'/>
	<gameDuration value='2952'/>

	<player>
		<unitScore value='27125'/>
		<killScore value='53650'/>
		<buildingScore value='5125'/>
		<razingScore value='21450'/>
		<mineralScore value='40434'/>
		<gasScore value='5144'/>
		<totalScore value='152928'/>
	</player>

	<enemy>
		<race value='Protoss'/>
		<unitScore value='30625'/>
		<unitScore value='30625'/>
		<killScore value='30650'/>
		<buildingScore value='7150'/>
		<razingScore value='300'/>
		<mineralScore value='21634'/>
		<gasScore value='10178'/>
		<totalScore value='100537'/>
	</enemy>

	<scoreRatio value='1.52111'/>
	<timeFitness value='0.59'/>
	<unitsAverage value='156'/>
</results>
