<results>
	<result value='loss'/>
	<start value='2014-07-06.03:20:20'/>
	<end value='2014-07-06.03:20:27'/>
	<frames value='14510'/>
	<gameDuration value='906'/>

	<player>
		<unitScore value='2950'/>
		<killScore value='800'/>
		<buildingScore value='1500'/>
		<razingScore value='0'/>
		<mineralScore value='4450'/>
		<gasScore value='728'/>
		<totalScore value='10428'/>
	</player>

	<enemy>
		<race value='Protoss'/>
		<unitScore value='3550'/>
		<unitScore value='3550'/>
		<killScore value='5900'/>
		<buildingScore value='2425'/>
		<razingScore value='4500'/>
		<mineralScore value='7538'/>
		<gasScore value='1304'/>
		<totalScore value='25217'/>
	</enemy>

	<scoreRatio value='0.413531'/>
</results>
