<results>
	<result value='draw'/>
	<start value='2014-07-06.03:24:00'/>
	<end value='2014-07-06.03:25:02'/>
	<frames value='57601'/>
	<gameDuration value='3600'/>

	<player>
		<unitScore value='29250'/>
		<killScore value='43400'/>
		<buildingScore value='3575'/>
		<razingScore value='8025'/>
		<mineralScore value='31606'/>
		<gasScore value='5290'/>
		<totalScore value='121146'/>
	</player>

	<enemy>
		<race value='Protoss'/>
		<unitScore value='33225'/>
		<unitScore value='33225'/>
		<killScore value='56500'/>
		<buildingScore value='8675'/>
		<razingScore value='4200'/>
		<mineralScore value='31358'/>
		<gasScore value='10926'/>
		<totalScore value='144884'/>
	</enemy>

	<scoreRatio value='0.836159'/>
</results>
