<results>
	<result value='loss'/>
	<start value='2014-07-06.03:35:33'/>
	<end value='2014-07-06.03:35:43'/>
	<frames value='17052'/>
	<gameDuration value='1065'/>

	<player>
		<unitScore value='4100'/>
		<killScore value='800'/>
		<buildingScore value='1375'/>
		<razingScore value='0'/>
		<mineralScore value='5226'/>
		<gasScore value='600'/>
		<totalScore value='12101'/>
	</player>

	<enemy>
		<race value='Protoss'/>
		<unitScore value='4225'/>
		<unitScore value='4225'/>
		<killScore value='5500'/>
		<buildingScore value='3325'/>
		<razingScore value='4125'/>
		<mineralScore value='8562'/>
		<gasScore value='2064'/>
		<totalScore value='27801'/>
	</enemy>

	<scoreRatio value='0.435272'/>
</results>
