<results>
	<result value='win'/>
	<start value='2014-07-12.22:17:40'/>
	<end value='2014-07-12.22:18:08'/>
	<frames value='35187'/>
	<gameDuration value='2199'/>

	<player>
		<unitScore value='18850'/>
		<killScore value='23640'/>
		<buildingScore value='3950'/>
		<razingScore value='8865'/>
		<mineralScore value='24698'/>
		<gasScore value='1840'/>
		<totalScore value='81843'/>
	</player>

	<enemy>
		<race value='Zerg'/>
		<unitScore value='12200'/>
		<unitScore value='12200'/>
		<killScore value='16000'/>
		<buildingScore value='2955'/>
		<razingScore value='0'/>
		<mineralScore value='12562'/>
		<gasScore value='3904'/>
		<totalScore value='47621'/>
	</enemy>

	<scoreRatio value='1.71863'/>
</results>
