<results>
	<result value='loss'/>
	<start value='2015-05-09.18:31:58'/>
	<end value='2015-05-09.18:32:13'/>
	<frames value='29607'/>
	<gameDuration value='1850'/>

	<player>
		<unitScore value='8750'/>
		<killScore value='3800'/>
		<buildingScore value='2750'/>
		<razingScore value='3450'/>
		<mineralScore value='11438'/>
		<gasScore value='2472'/>
		<totalScore value='32660'/>
	</player>

	<enemy>
		<race value='Protoss'/>
		<unitScore value='11950'/>
		<unitScore value='11950'/>
		<killScore value='17500'/>
		<buildingScore value='7975'/>
		<razingScore value='8250'/>
		<mineralScore value='19210'/>
		<gasScore value='6288'/>
		<totalScore value='71173'/>
	</enemy>

	<scoreRatio value='0.458882'/>
	<timeFitness value='0.256944'/>
	<unitsAverage value='34'/>
</results>
