<results>
	<result value='draw'/>
	<start value='2015-05-09.18:33:14'/>
	<end value='2015-05-09.18:33:51'/>
	<frames value='57601'/>
	<gameDuration value='3600'/>

	<player>
		<unitScore value='24600'/>
		<killScore value='53850'/>
		<buildingScore value='2175'/>
		<razingScore value='20475'/>
		<mineralScore value='25090'/>
		<gasScore value='4592'/>
		<totalScore value='130782'/>
	</player>

	<enemy>
		<race value='Protoss'/>
		<unitScore value='30800'/>
		<unitScore value='30800'/>
		<killScore value='43200'/>
		<buildingScore value='7525'/>
		<razingScore value='150'/>
		<mineralScore value='28758'/>
		<gasScore value='11680'/>
		<totalScore value='122113'/>
	</enemy>

	<scoreRatio value='1.07099'/>
	<timeFitness value='0.5'/>
	<unitsAverage value='72'/>
</results>
