<results>
	<result value='win'/>
	<start value='2015-05-09.18:37:20'/>
	<end value='2015-05-09.18:37:35'/>
	<frames value='22043'/>
	<gameDuration value='1377'/>

	<player>
		<unitScore value='8800'/>
		<killScore value='8200'/>
		<buildingScore value='3375'/>
		<razingScore value='8325'/>
		<mineralScore value='15358'/>
		<gasScore value='2304'/>
		<totalScore value='46362'/>
	</player>

	<enemy>
		<race value='Protoss'/>
		<unitScore value='4100'/>
		<unitScore value='4100'/>
		<killScore value='3900'/>
		<buildingScore value='2775'/>
		<razingScore value='150'/>
		<mineralScore value='7482'/>
		<gasScore value='1176'/>
		<totalScore value='19583'/>
	</enemy>

	<scoreRatio value='2.36746'/>
	<timeFitness value='0.80875'/>
	<unitsAverage value='67'/>
</results>
