<results>
	<result value='win'/>
	<start value='2015-05-09.18:39:06'/>
	<end value='2015-05-09.18:39:44'/>
	<frames value='37078'/>
	<gameDuration value='2317'/>

	<player>
		<unitScore value='27775'/>
		<killScore value='38400'/>
		<buildingScore value='4200'/>
		<razingScore value='21450'/>
		<mineralScore value='32110'/>
		<gasScore value='3264'/>
		<totalScore value='127199'/>
	</player>

	<enemy>
		<race value='Protoss'/>
		<unitScore value='20000'/>
		<unitScore value='20000'/>
		<killScore value='33550'/>
		<buildingScore value='7150'/>
		<razingScore value='300'/>
		<mineralScore value='23730'/>
		<gasScore value='6976'/>
		<totalScore value='91706'/>
	</enemy>

	<scoreRatio value='1.38703'/>
	<timeFitness value='0.678194'/>
	<unitsAverage value='114'/>
</results>
