<results>
	<result value='loss'/>
	<start value='2015-05-09.18:41:02'/>
	<end value='2015-05-09.18:41:31'/>
	<frames value='46130'/>
	<gameDuration value='2883'/>

	<player>
		<unitScore value='23800'/>
		<killScore value='36750'/>
		<buildingScore value='2575'/>
		<razingScore value='1350'/>
		<mineralScore value='23970'/>
		<gasScore value='4248'/>
		<totalScore value='92693'/>
	</player>

	<enemy>
		<race value='Protoss'/>
		<unitScore value='37950'/>
		<unitScore value='37950'/>
		<killScore value='47800'/>
		<buildingScore value='7575'/>
		<razingScore value='7725'/>
		<mineralScore value='32682'/>
		<gasScore value='12712'/>
		<totalScore value='146444'/>
	</enemy>

	<scoreRatio value='0.632959'/>
	<timeFitness value='0.400417'/>
	<unitsAverage value='60'/>
</results>
