<results>
	<result value='win'/>
	<start value='2015-05-02.17:19:34'/>
	<end value='2015-05-02.17:19:50'/>
	<frames value='25391'/>
	<gameDuration value='1586'/>

	<player>
		<unitScore value='11700'/>
		<killScore value='13800'/>
		<buildingScore value='3250'/>
		<razingScore value='13575'/>
		<mineralScore value='16246'/>
		<gasScore value='2176'/>
		<totalScore value='60747'/>
	</player>

	<enemy>
		<race value='Protoss'/>
		<unitScore value='7600'/>
		<unitScore value='7600'/>
		<killScore value='9000'/>
		<buildingScore value='4525'/>
		<razingScore value='1350'/>
		<mineralScore value='10522'/>
		<gasScore value='2456'/>
		<totalScore value='35453'/>
	</enemy>

	<scoreRatio value='1.71345'/>
	<timeFitness value='0.779722'/>
	<unitsAverage value='69'/>
</results>
