<results>
	<result value='loss'/>
	<start value='2015-05-02.17:20:23'/>
	<end value='2015-05-02.17:20:30'/>
	<frames value='16525'/>
	<gameDuration value='1032'/>

	<player>
		<unitScore value='2975'/>
		<killScore value='1400'/>
		<buildingScore value='1675'/>
		<razingScore value='0'/>
		<mineralScore value='4978'/>
		<gasScore value='672'/>
		<totalScore value='11700'/>
	</player>

	<enemy>
		<race value='Protoss'/>
		<unitScore value='3600'/>
		<unitScore value='3600'/>
		<killScore value='5950'/>
		<buildingScore value='3975'/>
		<razingScore value='5025'/>
		<mineralScore value='8626'/>
		<gasScore value='1584'/>
		<totalScore value='28760'/>
	</enemy>

	<scoreRatio value='0.406815'/>
	<timeFitness value='0.143333'/>
	<unitsAverage value='26'/>
</results>
