<results>
	<result value='loss'/>
	<start value='2015-05-21.16:11:05'/>
	<end value='2015-05-21.16:11:25'/>
	<frames value='30723'/>
	<gameDuration value='1920'/>

	<player>
		<unitScore value='8700'/>
		<killScore value='21450'/>
		<buildingScore value='1275'/>
		<razingScore value='240'/>
		<mineralScore value='12042'/>
		<gasScore value='1720'/>
		<totalScore value='45427'/>
	</player>

	<enemy>
		<race value='Zerg'/>
		<unitScore value='20000'/>
		<killScore value='17400'/>
		<buildingScore value='3425'/>
		<razingScore value='3825'/>
		<mineralScore value='19014'/>
		<gasScore value='6346'/>
		<totalScore value='70010'/>
	</enemy>

	<scoreRatio value='0.648864'/>
	<timeFitness value='0.266667'/>
	<unitsAverage value='46'/>
</results>
