<results>
	<result value='win'/>
	<start value='2015-05-17.01:39:08'/>
	<end value='2015-05-17.01:39:55'/>
	<frames value='27375'/>
	<gameDuration value='1710'/>

	<player>
		<unitScore value='14300'/>
		<killScore value='19770'/>
		<buildingScore value='3575'/>
		<razingScore value='7875'/>
		<mineralScore value='30674'/>
		<gasScore value='2600'/>
		<totalScore value='78794'/>
	</player>

	<enemy>
		<race value='Zerg'/>
		<unitScore value='9600'/>
		<unitScore value='9600'/>
		<killScore value='7200'/>
		<buildingScore value='2625'/>
		<razingScore value='0'/>
		<mineralScore value='10586'/>
		<gasScore value='3104'/>
		<totalScore value='33115'/>
	</enemy>

	<scoreRatio value='2.37941'/>
	<timeFitness value='0.7625'/>
	<unitsAverage value='106'/>
</results>
