<results>
	<result value='win'/>
	<start value='2015-05-17.01:42:34'/>
	<end value='2015-05-17.01:43:19'/>
	<frames value='26166'/>
	<gameDuration value='1635'/>

	<player>
		<unitScore value='17525'/>
		<killScore value='23750'/>
		<buildingScore value='3625'/>
		<razingScore value='5580'/>
		<mineralScore value='27010'/>
		<gasScore value='1784'/>
		<totalScore value='79274'/>
	</player>

	<enemy>
		<race value='Zerg'/>
		<unitScore value='11450'/>
		<unitScore value='11450'/>
		<killScore value='13550'/>
		<buildingScore value='1860'/>
		<razingScore value='0'/>
		<mineralScore value='10826'/>
		<gasScore value='3592'/>
		<totalScore value='41278'/>
	</enemy>

	<scoreRatio value='1.92049'/>
	<timeFitness value='0.772917'/>
	<unitsAverage value='104'/>
</results>
