<results>
	<result value='win'/>
	<start value='2015-05-17.01:49:25'/>
	<end value='2015-05-17.01:51:34'/>
	<frames value='46409'/>
	<gameDuration value='2900'/>

	<player>
		<unitScore value='22925'/>
		<killScore value='36285'/>
		<buildingScore value='5125'/>
		<razingScore value='11130'/>
		<mineralScore value='39986'/>
		<gasScore value='6840'/>
		<totalScore value='122291'/>
	</player>

	<enemy>
		<race value='Zerg'/>
		<unitScore value='16950'/>
		<unitScore value='16950'/>
		<killScore value='21650'/>
		<buildingScore value='3710'/>
		<razingScore value='1950'/>
		<mineralScore value='18222'/>
		<gasScore value='5280'/>
		<totalScore value='67762'/>
	</enemy>

	<scoreRatio value='1.80471'/>
	<timeFitness value='0.597222'/>
	<unitsAverage value='157'/>
</results>
