<results>
	<result value='win'/>
	<start value='2015-05-17.01:59:49'/>
	<end value='2015-05-17.02:00:39'/>
	<frames value='27530'/>
	<gameDuration value='1720'/>

	<player>
		<unitScore value='18425'/>
		<killScore value='24335'/>
		<buildingScore value='4050'/>
		<razingScore value='5340'/>
		<mineralScore value='31314'/>
		<gasScore value='1888'/>
		<totalScore value='85352'/>
	</player>

	<enemy>
		<race value='Zerg'/>
		<unitScore value='10900'/>
		<unitScore value='10900'/>
		<killScore value='13700'/>
		<buildingScore value='1780'/>
		<razingScore value='150'/>
		<mineralScore value='11090'/>
		<gasScore value='4016'/>
		<totalScore value='41636'/>
	</enemy>

	<scoreRatio value='2.04996'/>
	<timeFitness value='0.761111'/>
	<unitsAverage value='110'/>
</results>
