<results>
	<result value='loss'/>
	<start value='2015-05-10.16:56:59'/>
	<end value='2015-05-10.16:57:58'/>
	<frames value='54934'/>
	<gameDuration value='3433'/>

	<player>
		<unitScore value='28325'/>
		<killScore value='51250'/>
		<buildingScore value='3350'/>
		<razingScore value='2850'/>
		<mineralScore value='31518'/>
		<gasScore value='5352'/>
		<totalScore value='122645'/>
	</player>

	<enemy>
		<race value='Protoss'/>
		<unitScore value='32875'/>
		<unitScore value='32875'/>
		<killScore value='56750'/>
		<buildingScore value='7275'/>
		<razingScore value='10050'/>
		<mineralScore value='31518'/>
		<gasScore value='10916'/>
		<totalScore value='149384'/>
	</enemy>

	<scoreRatio value='0.821005'/>
	<timeFitness value='0.476806'/>
	<unitsAverage value='100'/>
</results>
