<results>
	<result value='loss'/>
	<start value='2015-04-12.18:38:29'/>
	<end value='2015-04-12.18:38:46'/>
	<frames value='31684'/>
	<gameDuration value='1980'/>

	<player>
		<unitScore value='10850'/>
		<killScore value='6300'/>
		<buildingScore value='2600'/>
		<razingScore value='600'/>
		<mineralScore value='18202'/>
		<gasScore value='2576'/>
		<totalScore value='41128'/>
	</player>

	<enemy>
		<race value='Protoss'/>
		<unitScore value='16850'/>
		<unitScore value='16850'/>
		<killScore value='21600'/>
		<buildingScore value='7125'/>
		<razingScore value='7800'/>
		<mineralScore value='20630'/>
		<gasScore value='8216'/>
		<totalScore value='82221'/>
	</enemy>

	<scoreRatio value='0.500213'/>
</results>
