<results>
	<result value='draw'/>
	<start value='2015-05-02.23:27:37'/>
	<end value='2015-05-02.23:29:23'/>
	<frames value='57601'/>
	<gameDuration value='3600'/>

	<player>
		<unitScore value='31150'/>
		<killScore value='69150'/>
		<buildingScore value='3750'/>
		<razingScore value='9375'/>
		<mineralScore value='31682'/>
		<gasScore value='9582'/>
		<totalScore value='154689'/>
	</player>

	<enemy>
		<race value='Protoss'/>
		<unitScore value='37275'/>
		<unitScore value='37275'/>
		<killScore value='49950'/>
		<buildingScore value='7100'/>
		<razingScore value='1725'/>
		<mineralScore value='31162'/>
		<gasScore value='10684'/>
		<totalScore value='137896'/>
	</enemy>

	<scoreRatio value='1.12178'/>
	<timeFitness value='0.5'/>
	<unitsAverage value='126'/>
</results>
