<results>
	<result value='loss'/>
	<start value='2015-05-02.23:39:04'/>
	<end value='2015-05-02.23:39:15'/>
	<frames value='17858'/>
	<gameDuration value='1116'/>

	<player>
		<unitScore value='3600'/>
		<killScore value='1800'/>
		<buildingScore value='1475'/>
		<razingScore value='150'/>
		<mineralScore value='4754'/>
		<gasScore value='840'/>
		<totalScore value='12619'/>
	</player>

	<enemy>
		<race value='Protoss'/>
		<unitScore value='4125'/>
		<unitScore value='4125'/>
		<killScore value='7200'/>
		<buildingScore value='4275'/>
		<razingScore value='4425'/>
		<mineralScore value='9722'/>
		<gasScore value='2016'/>
		<totalScore value='31763'/>
	</enemy>

	<scoreRatio value='0.397286'/>
	<timeFitness value='0.155'/>
	<unitsAverage value='23'/>
</results>
