<results>
	<result value='win'/>
	<start value='2015-05-10.07:57:30'/>
	<end value='2015-05-10.07:58:15'/>
	<frames value='36706'/>
	<gameDuration value='2294'/>

	<player>
		<unitScore value='24000'/>
		<killScore value='25100'/>
		<buildingScore value='4575'/>
		<razingScore value='14325'/>
		<mineralScore value='33606'/>
		<gasScore value='3688'/>
		<totalScore value='105294'/>
	</player>

	<enemy>
		<race value='Protoss'/>
		<unitScore value='13950'/>
		<unitScore value='13950'/>
		<killScore value='23350'/>
		<buildingScore value='4775'/>
		<razingScore value='1650'/>
		<mineralScore value='14290'/>
		<gasScore value='3832'/>
		<totalScore value='61847'/>
	</enemy>

	<scoreRatio value='1.70249'/>
	<timeFitness value='0.681389'/>
	<unitsAverage value='123'/>
</results>
