<results>
	<result value='win'/>
	<start value='2015-05-10.07:58:31'/>
	<end value='2015-05-10.07:58:58'/>
	<frames value='28894'/>
	<gameDuration value='1805'/>

	<player>
		<unitScore value='17725'/>
		<killScore value='15850'/>
		<buildingScore value='3775'/>
		<razingScore value='18150'/>
		<mineralScore value='22394'/>
		<gasScore value='2656'/>
		<totalScore value='80550'/>
	</player>

	<enemy>
		<race value='Protoss'/>
		<unitScore value='8125'/>
		<unitScore value='8125'/>
		<killScore value='13050'/>
		<buildingScore value='6050'/>
		<razingScore value='0'/>
		<mineralScore value='16546'/>
		<gasScore value='3016'/>
		<totalScore value='46787'/>
	</enemy>

	<scoreRatio value='1.72163'/>
	<timeFitness value='0.749306'/>
	<unitsAverage value='92'/>
</results>
