<results>
	<result value='win'/>
	<start value='2015-05-10.08:06:35'/>
	<end value='2015-05-10.08:07:41'/>
	<frames value='51989'/>
	<gameDuration value='3249'/>

	<player>
		<unitScore value='35025'/>
		<killScore value='50850'/>
		<buildingScore value='4400'/>
		<razingScore value='19575'/>
		<mineralScore value='37642'/>
		<gasScore value='6432'/>
		<totalScore value='153924'/>
	</player>

	<enemy>
		<race value='Protoss'/>
		<unitScore value='27725'/>
		<unitScore value='27725'/>
		<killScore value='46000'/>
		<buildingScore value='6525'/>
		<razingScore value='1950'/>
		<mineralScore value='25310'/>
		<gasScore value='10496'/>
		<totalScore value='118006'/>
	</enemy>

	<scoreRatio value='1.30437'/>
	<timeFitness value='0.54875'/>
	<unitsAverage value='130'/>
</results>
