<results>
	<result value='loss'/>
	<start value='2015-05-04.01:22:37'/>
	<end value='2015-05-04.01:23:14'/>
	<frames value='55678'/>
	<gameDuration value='3479'/>

	<player>
		<unitScore value='25025'/>
		<killScore value='32800'/>
		<buildingScore value='3200'/>
		<razingScore value='9375'/>
		<mineralScore value='27410'/>
		<gasScore value='3488'/>
		<totalScore value='101298'/>
	</player>

	<enemy>
		<race value='Protoss'/>
		<unitScore value='24200'/>
		<unitScore value='24200'/>
		<killScore value='50150'/>
		<buildingScore value='10750'/>
		<razingScore value='9600'/>
		<mineralScore value='30562'/>
		<gasScore value='11666'/>
		<totalScore value='136928'/>
	</enemy>

	<scoreRatio value='0.73979'/>
	<timeFitness value='0.483194'/>
	<unitsAverage value='72'/>
</results>
