<results>
	<result value='loss'/>
	<start value='2015-05-10.08:10:14'/>
	<end value='2015-05-10.08:10:23'/>
	<frames value='17486'/>
	<gameDuration value='1092'/>

	<player>
		<unitScore value='4200'/>
		<killScore value='800'/>
		<buildingScore value='1750'/>
		<razingScore value='0'/>
		<mineralScore value='6586'/>
		<gasScore value='688'/>
		<totalScore value='14024'/>
	</player>

	<enemy>
		<race value='Protoss'/>
		<unitScore value='3600'/>
		<unitScore value='3600'/>
		<killScore value='8400'/>
		<buildingScore value='4075'/>
		<razingScore value='5250'/>
		<mineralScore value='9354'/>
		<gasScore value='1640'/>
		<totalScore value='32319'/>
	</enemy>

	<scoreRatio value='0.433924'/>
	<timeFitness value='0.151667'/>
	<unitsAverage value='27'/>
</results>
