<results>
	<result value='loss'/>
	<start value='2015-05-10.20:02:37'/>
	<end value='2015-05-10.20:02:56'/>
	<frames value='22322'/>
	<gameDuration value='1395'/>

	<player>
		<unitScore value='9575'/>
		<killScore value='5250'/>
		<buildingScore value='2700'/>
		<razingScore value='0'/>
		<mineralScore value='10778'/>
		<gasScore value='1256'/>
		<totalScore value='29559'/>
	</player>

	<enemy>
		<race value='Zerg'/>
		<unitScore value='9150'/>
		<unitScore value='9150'/>
		<killScore value='19150'/>
		<buildingScore value='2890'/>
		<razingScore value='8100'/>
		<mineralScore value='11450'/>
		<gasScore value='3712'/>
		<totalScore value='54452'/>
	</enemy>

	<scoreRatio value='0.542845'/>
	<timeFitness value='0.19375'/>
	<unitsAverage value='44'/>
</results>
