<results>
	<result value='win'/>
	<start value='2015-05-10.20:15:53'/>
	<end value='2015-05-10.20:16:41'/>
	<frames value='33916'/>
	<gameDuration value='2119'/>

	<player>
		<unitScore value='21700'/>
		<killScore value='29120'/>
		<buildingScore value='3250'/>
		<razingScore value='9405'/>
		<mineralScore value='24054'/>
		<gasScore value='2872'/>
		<totalScore value='90401'/>
	</player>

	<enemy>
		<race value='Zerg'/>
		<unitScore value='14500'/>
		<unitScore value='14500'/>
		<killScore value='20050'/>
		<buildingScore value='3135'/>
		<razingScore value='0'/>
		<mineralScore value='14754'/>
		<gasScore value='4752'/>
		<totalScore value='57191'/>
	</enemy>

	<scoreRatio value='1.58069'/>
	<timeFitness value='0.705694'/>
	<unitsAverage value='123'/>
</results>
