<results>
	<result value='loss'/>
	<start value='2015-05-07.01:08:02'/>
	<end value='2015-05-07.01:08:15'/>
	<frames value='15099'/>
	<gameDuration value='943'/>

	<player>
		<unitScore value='3600'/>
		<killScore value='600'/>
		<buildingScore value='1550'/>
		<razingScore value='0'/>
		<mineralScore value='5322'/>
		<gasScore value='744'/>
		<totalScore value='11816'/>
	</player>

	<enemy>
		<race value='Protoss'/>
		<unitScore value='3550'/>
		<unitScore value='3550'/>
		<killScore value='7200'/>
		<buildingScore value='2825'/>
		<razingScore value='4650'/>
		<mineralScore value='7866'/>
		<gasScore value='1408'/>
		<totalScore value='27499'/>
	</enemy>

	<scoreRatio value='0.429688'/>
	<timeFitness value='0.130972'/>
	<unitsAverage value='24'/>
</results>
