<results>
	<result value='loss'/>
	<start value='2015-05-07.01:09:33'/>
	<end value='2015-05-07.01:09:46'/>
	<frames value='15657'/>
	<gameDuration value='978'/>

	<player>
		<unitScore value='3350'/>
		<killScore value='600'/>
		<buildingScore value='1875'/>
		<razingScore value='0'/>
		<mineralScore value='5402'/>
		<gasScore value='624'/>
		<totalScore value='11851'/>
	</player>

	<enemy>
		<race value='Protoss'/>
		<unitScore value='3550'/>
		<unitScore value='3550'/>
		<killScore value='6600'/>
		<buildingScore value='2925'/>
		<razingScore value='5625'/>
		<mineralScore value='7866'/>
		<gasScore value='1392'/>
		<totalScore value='27958'/>
	</enemy>

	<scoreRatio value='0.423886'/>
	<timeFitness value='0.135833'/>
	<unitsAverage value='25'/>
</results>
