<results>
	<result value='win'/>
	<start value='2015-05-07.01:14:18'/>
	<end value='2015-05-07.01:15:49'/>
	<frames value='55523'/>
	<gameDuration value='3470'/>

	<player>
		<unitScore value='33325'/>
		<killScore value='38900'/>
		<buildingScore value='3600'/>
		<razingScore value='21000'/>
		<mineralScore value='35846'/>
		<gasScore value='3224'/>
		<totalScore value='135895'/>
	</player>

	<enemy>
		<race value='Protoss'/>
		<unitScore value='21400'/>
		<unitScore value='21400'/>
		<killScore value='56550'/>
		<buildingScore value='7000'/>
		<razingScore value='3525'/>
		<mineralScore value='24842'/>
		<gasScore value='6460'/>
		<totalScore value='119777'/>
	</enemy>

	<scoreRatio value='1.13457'/>
	<timeFitness value='0.518056'/>
	<unitsAverage value='90'/>
</results>
