<results>
	<result value='win'/>
	<start value='2015-05-07.01:20:35'/>
	<end value='2015-05-07.01:21:49'/>
	<frames value='40116'/>
	<gameDuration value='2507'/>

	<player>
		<unitScore value='25025'/>
		<killScore value='33200'/>
		<buildingScore value='3625'/>
		<razingScore value='21675'/>
		<mineralScore value='31650'/>
		<gasScore value='3280'/>
		<totalScore value='118455'/>
	</player>

	<enemy>
		<race value='Protoss'/>
		<unitScore value='16950'/>
		<unitScore value='16950'/>
		<killScore value='28650'/>
		<buildingScore value='7225'/>
		<razingScore value='0'/>
		<mineralScore value='19554'/>
		<gasScore value='4952'/>
		<totalScore value='77331'/>
	</enemy>

	<scoreRatio value='1.53179'/>
	<timeFitness value='0.651806'/>
	<unitsAverage value='108'/>
</results>
