<results>
	<result value='win'/>
	<start value='2015-05-07.01:31:47'/>
	<end value='2015-05-07.01:32:47'/>
	<frames value='35404'/>
	<gameDuration value='2212'/>

	<player>
		<unitScore value='20025'/>
		<killScore value='26350'/>
		<buildingScore value='3350'/>
		<razingScore value='20175'/>
		<mineralScore value='27198'/>
		<gasScore value='2752'/>
		<totalScore value='99850'/>
	</player>

	<enemy>
		<race value='Protoss'/>
		<unitScore value='13875'/>
		<unitScore value='13875'/>
		<killScore value='21500'/>
		<buildingScore value='6725'/>
		<razingScore value='1425'/>
		<mineralScore value='17146'/>
		<gasScore value='3744'/>
		<totalScore value='64415'/>
	</enemy>

	<scoreRatio value='1.5501'/>
	<timeFitness value='0.692778'/>
	<unitsAverage value='95'/>
</results>
