<results>
	<result value='win'/>
	<start value='2015-05-07.01:45:46'/>
	<end value='2015-05-07.01:46:47'/>
	<frames value='31343'/>
	<gameDuration value='1958'/>

	<player>
		<unitScore value='21525'/>
		<killScore value='28200'/>
		<buildingScore value='4175'/>
		<razingScore value='15825'/>
		<mineralScore value='32662'/>
		<gasScore value='2176'/>
		<totalScore value='104563'/>
	</player>

	<enemy>
		<race value='Protoss'/>
		<unitScore value='14550'/>
		<unitScore value='14550'/>
		<killScore value='20800'/>
		<buildingScore value='5275'/>
		<razingScore value='0'/>
		<mineralScore value='17586'/>
		<gasScore value='3496'/>
		<totalScore value='61707'/>
	</enemy>

	<scoreRatio value='1.69451'/>
	<timeFitness value='0.728056'/>
	<unitsAverage value='112'/>
</results>
