<results>
	<result value='win'/>
	<start value='2015-05-07.01:48:45'/>
	<end value='2015-05-07.01:49:45'/>
	<frames value='34195'/>
	<gameDuration value='2137'/>

	<player>
		<unitScore value='19075'/>
		<killScore value='24000'/>
		<buildingScore value='4675'/>
		<razingScore value='15675'/>
		<mineralScore value='27194'/>
		<gasScore value='2536'/>
		<totalScore value='93155'/>
	</player>

	<enemy>
		<race value='Protoss'/>
		<unitScore value='12925'/>
		<unitScore value='12925'/>
		<killScore value='15000'/>
		<buildingScore value='5225'/>
		<razingScore value='1425'/>
		<mineralScore value='15202'/>
		<gasScore value='4416'/>
		<totalScore value='54193'/>
	</enemy>

	<scoreRatio value='1.71895'/>
	<timeFitness value='0.703194'/>
	<unitsAverage value='94'/>
</results>
