<results>
	<result value='win'/>
	<start value='2015-05-07.01:55:54'/>
	<end value='2015-05-07.01:57:09'/>
	<frames value='39434'/>
	<gameDuration value='2464'/>

	<player>
		<unitScore value='25050'/>
		<killScore value='30500'/>
		<buildingScore value='4175'/>
		<razingScore value='23325'/>
		<mineralScore value='32074'/>
		<gasScore value='4176'/>
		<totalScore value='119300'/>
	</player>

	<enemy>
		<race value='Protoss'/>
		<unitScore value='16500'/>
		<unitScore value='16500'/>
		<killScore value='27100'/>
		<buildingScore value='7775'/>
		<razingScore value='1500'/>
		<mineralScore value='20414'/>
		<gasScore value='7872'/>
		<totalScore value='81161'/>
	</enemy>

	<scoreRatio value='1.46992'/>
	<timeFitness value='0.657778'/>
	<unitsAverage value='104'/>
</results>
