<results>
	<result value='loss'/>
	<start value='2014-07-12.20:57:27'/>
	<end value='2014-07-12.20:57:40'/>
	<frames value='24182'/>
	<gameDuration value='1511'/>

	<player>
		<unitScore value='7925'/>
		<killScore value='3600'/>
		<buildingScore value='2800'/>
		<razingScore value='0'/>
		<mineralScore value='10362'/>
		<gasScore value='1848'/>
		<totalScore value='26535'/>
	</player>

	<enemy>
		<race value='Terran'/>
		<unitScore value='9950'/>
		<unitScore value='9950'/>
		<killScore value='15750'/>
		<buildingScore value='3675'/>
		<razingScore value='8400'/>
		<mineralScore value='12026'/>
		<gasScore value='5184'/>
		<totalScore value='54985'/>
	</enemy>

	<scoreRatio value='0.482586'/>
</results>
