<results>
	<result value='win'/>
	<start value='2015-04-30.22:23:16'/>
	<end value='2015-04-30.22:23:52'/>
	<frames value='29173'/>
	<gameDuration value='1823'/>

	<player>
		<unitScore value='14600'/>
		<killScore value='18000'/>
		<buildingScore value='3900'/>
		<razingScore value='6255'/>
		<mineralScore value='19618'/>
		<gasScore value='1768'/>
		<totalScore value='64141'/>
	</player>

	<enemy>
		<race value='Zerg'/>
		<unitScore value='8700'/>
		<unitScore value='8700'/>
		<killScore value='13950'/>
		<buildingScore value='2085'/>
		<razingScore value='0'/>
		<mineralScore value='9378'/>
		<gasScore value='2512'/>
		<totalScore value='36625'/>
	</enemy>

	<scoreRatio value='1.75129'/>
</results>
