<results>
	<result value='loss'/>
	<start value='2015-05-07.08:14:32'/>
	<end value='2015-05-07.08:14:41'/>
	<frames value='17331'/>
	<gameDuration value='1083'/>

	<player>
		<unitScore value='4400'/>
		<killScore value='1500'/>
		<buildingScore value='2150'/>
		<razingScore value='0'/>
		<mineralScore value='7122'/>
		<gasScore value='976'/>
		<totalScore value='16148'/>
	</player>

	<enemy>
		<race value='Protoss'/>
		<unitScore value='4225'/>
		<unitScore value='4225'/>
		<killScore value='8800'/>
		<buildingScore value='3475'/>
		<razingScore value='6450'/>
		<mineralScore value='8890'/>
		<gasScore value='2328'/>
		<totalScore value='34168'/>
	</enemy>

	<scoreRatio value='0.472606'/>
	<timeFitness value='0.150417'/>
	<unitsAverage value='32'/>
</results>
