<results>
	<result value='loss'/>
	<start value='2015-05-07.08:13:22'/>
	<end value='2015-05-07.08:13:59'/>
	<frames value='47184'/>
	<gameDuration value='2949'/>

	<player>
		<unitScore value='20775'/>
		<killScore value='25950'/>
		<buildingScore value='3075'/>
		<razingScore value='3750'/>
		<mineralScore value='23686'/>
		<gasScore value='2552'/>
		<totalScore value='79788'/>
	</player>

	<enemy>
		<race value='Protoss'/>
		<unitScore value='28025'/>
		<unitScore value='28025'/>
		<killScore value='41550'/>
		<buildingScore value='8425'/>
		<razingScore value='9225'/>
		<mineralScore value='30426'/>
		<gasScore value='9270'/>
		<totalScore value='126921'/>
	</enemy>

	<scoreRatio value='0.628643'/>
	<timeFitness value='0.409583'/>
	<unitsAverage value='66'/>
</results>
