<results>
	<result value='loss'/>
	<start value='2015-07-10.14:44:46'/>
	<end value='2015-07-10.14:45:26'/>
	<frames value='23376'/>
	<gameDuration value='1461'/>

	<player>
		<unitScore value='10350'/>
		<killScore value='3000'/>
		<buildingScore value='3100'/>
		<razingScore value='0'/>
		<mineralScore value='12426'/>
		<gasScore value='1424'/>
		<totalScore value='30300'/>
	</player>

	<enemy>
		<race value='Terran'/>
		<unitScore value='10075'/>
		<killScore value='15900'/>
		<buildingScore value='3275'/>
		<razingScore value='9300'/>
		<mineralScore value='11498'/>
		<gasScore value='4440'/>
		<totalScore value='54488'/>
	</enemy>

	<scoreRatio value='0.556086'/>
	<timeFitness value='0.202917'/>
	<unitsAverage value='47'/>
</results>
