<results>
	<result value='loss'/>
	<start value='2015-07-10.14:55:37'/>
	<end value='2015-07-10.14:56:35'/>
	<frames value='46905'/>
	<gameDuration value='2931'/>

	<player>
		<unitScore value='12125'/>
		<killScore value='11650'/>
		<buildingScore value='3375'/>
		<razingScore value='0'/>
		<mineralScore value='20554'/>
		<gasScore value='1144'/>
		<totalScore value='48848'/>
	</player>

	<enemy>
		<race value='Terran'/>
		<unitScore value='22950'/>
		<killScore value='22750'/>
		<buildingScore value='5325'/>
		<razingScore value='10275'/>
		<mineralScore value='28458'/>
		<gasScore value='11252'/>
		<totalScore value='101010'/>
	</enemy>

	<scoreRatio value='0.483596'/>
	<timeFitness value='0.407083'/>
	<unitsAverage value='41'/>
</results>
