<results>
	<result value='loss'/>
	<start value='2015-04-10.18:40:39'/>
	<end value='2015-04-10.18:41:24'/>
	<frames value='37171'/>
	<gameDuration value='2323'/>

	<player>
		<unitScore value='12000'/>
		<killScore value='10800'/>
		<buildingScore value='2575'/>
		<razingScore value='1725'/>
		<mineralScore value='17590'/>
		<gasScore value='1312'/>
		<totalScore value='46002'/>
	</player>

	<enemy>
		<race value='Protoss'/>
		<unitScore value='20400'/>
		<unitScore value='20400'/>
		<killScore value='24000'/>
		<buildingScore value='7650'/>
		<razingScore value='7725'/>
		<mineralScore value='23442'/>
		<gasScore value='8632'/>
		<totalScore value='91849'/>
	</enemy>

	<scoreRatio value='0.500844'/>
</results>
