<results>
	<result value='loss'/>
	<start value='2015-04-10.18:45:07'/>
	<end value='2015-04-10.18:45:20'/>
	<frames value='14851'/>
	<gameDuration value='928'/>

	<player>
		<unitScore value='2850'/>
		<killScore value='1200'/>
		<buildingScore value='1425'/>
		<razingScore value='0'/>
		<mineralScore value='4242'/>
		<gasScore value='680'/>
		<totalScore value='10397'/>
	</player>

	<enemy>
		<race value='Protoss'/>
		<unitScore value='3550'/>
		<unitScore value='3550'/>
		<killScore value='5700'/>
		<buildingScore value='2725'/>
		<razingScore value='4275'/>
		<mineralScore value='7890'/>
		<gasScore value='1456'/>
		<totalScore value='25596'/>
	</enemy>

	<scoreRatio value='0.406196'/>
</results>
