<results>
	<result value='loss'/>
	<start value='2015-05-11.15:37:55'/>
	<end value='2015-05-11.15:38:02'/>
	<frames value='14479'/>
	<gameDuration value='904'/>

	<player>
		<unitScore value='3100'/>
		<killScore value='1500'/>
		<buildingScore value='1475'/>
		<razingScore value='0'/>
		<mineralScore value='4594'/>
		<gasScore value='696'/>
		<totalScore value='11365'/>
	</player>

	<enemy>
		<race value='Protoss'/>
		<unitScore value='3550'/>
		<unitScore value='3550'/>
		<killScore value='5100'/>
		<buildingScore value='2725'/>
		<razingScore value='4425'/>
		<mineralScore value='7074'/>
		<gasScore value='1392'/>
		<totalScore value='24266'/>
	</enemy>

	<scoreRatio value='0.468351'/>
	<timeFitness value='0.125556'/>
	<unitsAverage value='25'/>
</results>
