<results>
	<result value='win'/>
	<start value='2015-05-03.05:08:48'/>
	<end value='2015-05-03.05:09:00'/>
	<frames value='21795'/>
	<gameDuration value='1362'/>

	<player>
		<unitScore value='12700'/>
		<killScore value='4800'/>
		<buildingScore value='2650'/>
		<razingScore value='8475'/>
		<mineralScore value='17702'/>
		<gasScore value='0'/>
		<totalScore value='46327'/>
	</player>

	<enemy>
		<race value='Protoss'/>
		<unitScore value='2500'/>
		<unitScore value='2500'/>
		<killScore value='14600'/>
		<buildingScore value='2825'/>
		<razingScore value='0'/>
		<mineralScore value='13578'/>
		<gasScore value='832'/>
		<totalScore value='34335'/>
	</enemy>

	<scoreRatio value='1.34926'/>
	<timeFitness value='0.810833'/>
	<unitsAverage value='66'/>
</results>
