<results>
	<result value='win'/>
	<start value='2015-05-11.23:35:16'/>
	<end value='2015-05-11.23:35:50'/>
	<frames value='31591'/>
	<gameDuration value='1974'/>

	<player>
		<unitScore value='16900'/>
		<killScore value='13400'/>
		<buildingScore value='3500'/>
		<razingScore value='19200'/>
		<mineralScore value='19914'/>
		<gasScore value='3352'/>
		<totalScore value='76266'/>
	</player>

	<enemy>
		<race value='Protoss'/>
		<unitScore value='6700'/>
		<unitScore value='6700'/>
		<killScore value='12900'/>
		<buildingScore value='6400'/>
		<razingScore value='150'/>
		<mineralScore value='14050'/>
		<gasScore value='3024'/>
		<totalScore value='43224'/>
	</enemy>

	<scoreRatio value='1.76444'/>
	<timeFitness value='0.725833'/>
	<unitsAverage value='82'/>
</results>
