<results>
	<result value='loss'/>
	<start value='2015-05-11.15:43:40'/>
	<end value='2015-05-11.15:44:05'/>
	<frames value='40147'/>
	<gameDuration value='2509'/>

	<player>
		<unitScore value='11250'/>
		<killScore value='12000'/>
		<buildingScore value='2300'/>
		<razingScore value='150'/>
		<mineralScore value='13234'/>
		<gasScore value='3312'/>
		<totalScore value='42246'/>
	</player>

	<enemy>
		<race value='Protoss'/>
		<unitScore value='25650'/>
		<unitScore value='25650'/>
		<killScore value='22500'/>
		<buildingScore value='7525'/>
		<razingScore value='6900'/>
		<mineralScore value='27210'/>
		<gasScore value='10536'/>
		<totalScore value='100321'/>
	</enemy>

	<scoreRatio value='0.421108'/>
	<timeFitness value='0.348472'/>
	<unitsAverage value='45'/>
</results>
