<results>
	<result value='win'/>
	<start value='2015-05-03.05:10:11'/>
	<end value='2015-05-03.05:10:32'/>
	<frames value='26569'/>
	<gameDuration value='1660'/>

	<player>
		<unitScore value='19650'/>
		<killScore value='13000'/>
		<buildingScore value='3625'/>
		<razingScore value='12900'/>
		<mineralScore value='25298'/>
		<gasScore value='0'/>
		<totalScore value='74473'/>
	</player>

	<enemy>
		<race value='Protoss'/>
		<unitScore value='6550'/>
		<unitScore value='6550'/>
		<killScore value='23500'/>
		<buildingScore value='4300'/>
		<razingScore value='0'/>
		<mineralScore value='16634'/>
		<gasScore value='928'/>
		<totalScore value='51912'/>
	</enemy>

	<scoreRatio value='1.4346'/>
	<timeFitness value='0.769444'/>
	<unitsAverage value='97'/>
</results>
