<results>
	<result value='loss'/>
	<start value='2015-05-03.05:10:46'/>
	<end value='2015-05-03.05:10:52'/>
	<frames value='15626'/>
	<gameDuration value='976'/>

	<player>
		<unitScore value='4450'/>
		<killScore value='600'/>
		<buildingScore value='1350'/>
		<razingScore value='0'/>
		<mineralScore value='5794'/>
		<gasScore value='0'/>
		<totalScore value='12194'/>
	</player>

	<enemy>
		<race value='Protoss'/>
		<unitScore value='3550'/>
		<unitScore value='3550'/>
		<killScore value='8900'/>
		<buildingScore value='3275'/>
		<razingScore value='4050'/>
		<mineralScore value='8346'/>
		<gasScore value='1512'/>
		<totalScore value='29633'/>
	</enemy>

	<scoreRatio value='0.411501'/>
	<timeFitness value='0.135556'/>
	<unitsAverage value='26'/>
</results>
