<results>
	<result value='loss'/>
	<start value='2015-05-11.23:42:16'/>
	<end value='2015-05-11.23:42:38'/>
	<frames value='34412'/>
	<gameDuration value='2150'/>

	<player>
		<unitScore value='11500'/>
		<killScore value='11650'/>
		<buildingScore value='1325'/>
		<razingScore value='600'/>
		<mineralScore value='12118'/>
		<gasScore value='2416'/>
		<totalScore value='39609'/>
	</player>

	<enemy>
		<race value='Protoss'/>
		<unitScore value='19125'/>
		<unitScore value='19125'/>
		<killScore value='23000'/>
		<buildingScore value='7375'/>
		<razingScore value='3975'/>
		<mineralScore value='22018'/>
		<gasScore value='7728'/>
		<totalScore value='83221'/>
	</enemy>

	<scoreRatio value='0.47595'/>
	<timeFitness value='0.298611'/>
	<unitsAverage value='42'/>
</results>
