<results>
	<result value='loss'/>
	<start value='2015-07-19.09:51:31'/>
	<end value='2015-07-19.09:52:20'/>
	<frames value='27561'/>
	<gameDuration value='1722'/>

	<player>
		<unitScore value='15175'/>
		<killScore value='9650'/>
		<buildingScore value='2400'/>
		<razingScore value='0'/>
		<mineralScore value='24402'/>
		<gasScore value='2344'/>
		<totalScore value='53971'/>
	</player>

	<enemy>
		<race value='Zerg'/>
		<unitScore value='16000'/>
		<killScore value='29650'/>
		<buildingScore value='3280'/>
		<razingScore value='7200'/>
		<mineralScore value='16066'/>
		<gasScore value='5592'/>
		<totalScore value='77788'/>
	</enemy>

	<scoreRatio value='0.693822'/>
	<timeFitness value='0.239167'/>
	<unitsAverage value='67'/>
</results>
