<results>
	<result value='loss'/>
	<start value='2015-07-09.03:43:12'/>
	<end value='2015-07-09.03:43:33'/>
	<frames value='20710'/>
	<gameDuration value='1294'/>

	<player>
		<unitScore value='6400'/>
		<killScore value='2500'/>
		<buildingScore value='2400'/>
		<razingScore value='0'/>
		<mineralScore value='8002'/>
		<gasScore value='1656'/>
		<totalScore value='20958'/>
	</player>

	<enemy>
		<race value='Terran'/>
		<unitScore value='7450'/>
		<killScore value='12550'/>
		<buildingScore value='3025'/>
		<razingScore value='7200'/>
		<mineralScore value='9858'/>
		<gasScore value='3680'/>
		<totalScore value='43763'/>
	</enemy>

	<scoreRatio value='0.478898'/>
	<timeFitness value='0.179722'/>
	<unitsAverage value='31'/>
</results>
