<results>
	<result value='loss'/>
	<start value='2015-07-09.03:48:44'/>
	<end value='2015-07-09.03:48:59'/>
	<frames value='15874'/>
	<gameDuration value='992'/>

	<player>
		<unitScore value='3875'/>
		<killScore value='300'/>
		<buildingScore value='1875'/>
		<razingScore value='0'/>
		<mineralScore value='5330'/>
		<gasScore value='728'/>
		<totalScore value='12108'/>
	</player>

	<enemy>
		<race value='Terran'/>
		<unitScore value='5100'/>
		<killScore value='7750'/>
		<buildingScore value='1800'/>
		<razingScore value='5625'/>
		<mineralScore value='7274'/>
		<gasScore value='2360'/>
		<totalScore value='29909'/>
	</enemy>

	<scoreRatio value='0.404828'/>
	<timeFitness value='0.137778'/>
	<unitsAverage value='21'/>
</results>
