<results>
	<result value='loss'/>
	<start value='2015-07-09.03:49:09'/>
	<end value='2015-07-09.03:49:45'/>
	<frames value='25701'/>
	<gameDuration value='1606'/>

	<player>
		<unitScore value='12100'/>
		<killScore value='5450'/>
		<buildingScore value='2800'/>
		<razingScore value='0'/>
		<mineralScore value='14054'/>
		<gasScore value='1576'/>
		<totalScore value='35980'/>
	</player>

	<enemy>
		<race value='Terran'/>
		<unitScore value='11700'/>
		<killScore value='20200'/>
		<buildingScore value='3325'/>
		<razingScore value='8400'/>
		<mineralScore value='12538'/>
		<gasScore value='4856'/>
		<totalScore value='61019'/>
	</enemy>

	<scoreRatio value='0.589652'/>
	<timeFitness value='0.223056'/>
	<unitsAverage value='49'/>
</results>
