<results>
	<result value='draw'/>
	<start value='2015-07-09.11:38:09'/>
	<end value='2015-07-09.11:41:12'/>
	<frames value='57601'/>
	<gameDuration value='3600'/>

	<player>
		<unitScore value='39100'/>
		<killScore value='11100'/>
		<buildingScore value='4525'/>
		<razingScore value='0'/>
		<mineralScore value='31430'/>
		<gasScore value='7444'/>
		<totalScore value='93599'/>
	</player>

	<enemy>
		<race value='Terran'/>
		<unitScore value='27575'/>
		<killScore value='53700'/>
		<buildingScore value='5525'/>
		<razingScore value='5175'/>
		<mineralScore value='31550'/>
		<gasScore value='12272'/>
		<totalScore value='135797'/>
	</enemy>

	<scoreRatio value='0.689257'/>
	<timeFitness value='0.5'/>
	<unitsAverage value='118'/>
</results>
