<results>
	<result value='draw'/>
	<start value='2015-07-09.11:49:22'/>
	<end value='2015-07-09.11:52:42'/>
	<frames value='57601'/>
	<gameDuration value='3600'/>

	<player>
		<unitScore value='40925'/>
		<killScore value='16150'/>
		<buildingScore value='4025'/>
		<razingScore value='600'/>
		<mineralScore value='31510'/>
		<gasScore value='9312'/>
		<totalScore value='102522'/>
	</player>

	<enemy>
		<race value='Terran'/>
		<unitScore value='27825'/>
		<killScore value='57550'/>
		<buildingScore value='5100'/>
		<razingScore value='1800'/>
		<mineralScore value='31550'/>
		<gasScore value='12318'/>
		<totalScore value='136143'/>
	</enemy>

	<scoreRatio value='0.753046'/>
	<timeFitness value='0.5'/>
	<unitsAverage value='128'/>
</results>
