<results>
	<result value='win'/>
	<start value='2015-07-09.04:11:26'/>
	<end value='2015-07-09.04:11:47'/>
	<frames value='20121'/>
	<gameDuration value='1257'/>

	<player>
		<unitScore value='5875'/>
		<killScore value='6600'/>
		<buildingScore value='2250'/>
		<razingScore value='3600'/>
		<mineralScore value='8434'/>
		<gasScore value='1872'/>
		<totalScore value='28631'/>
	</player>

	<enemy>
		<race value='Terran'/>
		<unitScore value='3300'/>
		<killScore value='4300'/>
		<buildingScore value='1200'/>
		<razingScore value='300'/>
		<mineralScore value='4442'/>
		<gasScore value='1152'/>
		<totalScore value='14694'/>
	</enemy>

	<scoreRatio value='1.94848'/>
	<timeFitness value='0.825417'/>
	<unitsAverage value='37'/>
</results>
