<results>
	<result value='loss'/>
	<start value='2015-07-09.04:18:21'/>
	<end value='2015-07-09.04:18:39'/>
	<frames value='17579'/>
	<gameDuration value='1098'/>

	<player>
		<unitScore value='6400'/>
		<killScore value='400'/>
		<buildingScore value='2100'/>
		<razingScore value='0'/>
		<mineralScore value='7962'/>
		<gasScore value='1424'/>
		<totalScore value='18286'/>
	</player>

	<enemy>
		<race value='Terran'/>
		<unitScore value='6400'/>
		<killScore value='12800'/>
		<buildingScore value='2800'/>
		<razingScore value='6300'/>
		<mineralScore value='8074'/>
		<gasScore value='2592'/>
		<totalScore value='38966'/>
	</enemy>

	<scoreRatio value='0.469281'/>
	<timeFitness value='0.1525'/>
	<unitsAverage value='29'/>
</results>
