<results>
	<result value='loss'/>
	<start value='2015-05-08.22:40:36'/>
	<end value='2015-05-08.22:40:59'/>
	<frames value='37760'/>
	<gameDuration value='2360'/>

	<player>
		<unitScore value='6850'/>
		<killScore value='7100'/>
		<buildingScore value='2200'/>
		<razingScore value='0'/>
		<mineralScore value='9002'/>
		<gasScore value='1472'/>
		<totalScore value='26624'/>
	</player>

	<enemy>
		<race value='Terran'/>
		<unitScore value='19800'/>
		<unitScore value='19800'/>
		<killScore value='13700'/>
		<buildingScore value='5425'/>
		<razingScore value='6600'/>
		<mineralScore value='20034'/>
		<gasScore value='11306'/>
		<totalScore value='76865'/>
	</enemy>

	<scoreRatio value='0.346373'/>
	<timeFitness value='0.327778'/>
	<unitsAverage value='21'/>
</results>
