<results>
	<result value='win'/>
	<start value='2015-05-08.22:44:35'/>
	<end value='2015-05-08.22:44:55'/>
	<frames value='23376'/>
	<gameDuration value='1461'/>

	<player>
		<unitScore value='10750'/>
		<killScore value='20050'/>
		<buildingScore value='3800'/>
		<razingScore value='8400'/>
		<mineralScore value='16478'/>
		<gasScore value='2256'/>
		<totalScore value='61734'/>
	</player>

	<enemy>
		<race value='Terran'/>
		<unitScore value='10425'/>
		<unitScore value='10425'/>
		<killScore value='7750'/>
		<buildingScore value='2800'/>
		<razingScore value='2100'/>
		<mineralScore value='9802'/>
		<gasScore value='3496'/>
		<totalScore value='36373'/>
	</enemy>

	<scoreRatio value='1.69725'/>
	<timeFitness value='0.797083'/>
	<unitsAverage value='62'/>
</results>
