<results>
	<result value='win'/>
	<start value='2015-04-27.07:50:42'/>
	<end value='2015-04-27.07:51:00'/>
	<frames value='21299'/>
	<gameDuration value='1331'/>

	<player>
		<unitScore value='7850'/>
		<killScore value='12550'/>
		<buildingScore value='3475'/>
		<razingScore value='4350'/>
		<mineralScore value='14422'/>
		<gasScore value='2176'/>
		<totalScore value='44823'/>
	</player>

	<enemy>
		<race value='Terran'/>
		<unitScore value='6275'/>
		<unitScore value='6275'/>
		<killScore value='3150'/>
		<buildingScore value='1450'/>
		<razingScore value='1500'/>
		<mineralScore value='8266'/>
		<gasScore value='2080'/>
		<totalScore value='22721'/>
	</enemy>

	<scoreRatio value='1.97276'/>
</results>
