<results>
	<result value='loss'/>
	<start value='2015-07-19.22:50:13'/>
	<end value='2015-07-19.22:51:01'/>
	<frames value='28553'/>
	<gameDuration value='1784'/>

	<player>
		<unitScore value='16975'/>
		<killScore value='10900'/>
		<buildingScore value='2975'/>
		<razingScore value='0'/>
		<mineralScore value='20518'/>
		<gasScore value='2584'/>
		<totalScore value='53952'/>
	</player>

	<enemy>
		<race value='Zerg'/>
		<unitScore value='16900'/>
		<killScore value='32150'/>
		<buildingScore value='3320'/>
		<razingScore value='8925'/>
		<mineralScore value='16890'/>
		<gasScore value='5752'/>
		<totalScore value='83937'/>
	</enemy>

	<scoreRatio value='0.642768'/>
	<timeFitness value='0.247778'/>
	<unitsAverage value='63'/>
</results>
