<results>
	<result value='loss'/>
	<start value='2014-07-11.21:14:19'/>
	<end value='2014-07-11.21:14:30'/>
	<frames value='20865'/>
	<gameDuration value='1304'/>

	<player>
		<unitScore value='6300'/>
		<killScore value='3200'/>
		<buildingScore value='2125'/>
		<razingScore value='0'/>
		<mineralScore value='8242'/>
		<gasScore value='1040'/>
		<totalScore value='20907'/>
	</player>

	<enemy>
		<race value='Terran'/>
		<unitScore value='8325'/>
		<unitScore value='8325'/>
		<killScore value='12600'/>
		<buildingScore value='3225'/>
		<razingScore value='6375'/>
		<mineralScore value='10010'/>
		<gasScore value='4016'/>
		<totalScore value='44551'/>
	</enemy>

	<scoreRatio value='0.469282'/>
</results>
