<results>
	<result value='win'/>
	<start value='2015-05-03.13:37:37'/>
	<end value='2015-05-03.13:37:59'/>
	<frames value='22663'/>
	<gameDuration value='1416'/>

	<player>
		<unitScore value='13275'/>
		<killScore value='17825'/>
		<buildingScore value='3050'/>
		<razingScore value='6180'/>
		<mineralScore value='19226'/>
		<gasScore value='1728'/>
		<totalScore value='61284'/>
	</player>

	<enemy>
		<race value='Zerg'/>
		<unitScore value='9350'/>
		<unitScore value='9350'/>
		<killScore value='10900'/>
		<buildingScore value='2060'/>
		<razingScore value='0'/>
		<mineralScore value='9266'/>
		<gasScore value='2712'/>
		<totalScore value='34288'/>
	</enemy>

	<scoreRatio value='1.78733'/>
	<timeFitness value='0.803333'/>
	<unitsAverage value='78'/>
</results>
