<results>
	<result value='loss'/>
	<start value='2015-04-13.05:30:34'/>
	<end value='2015-04-13.05:31:53'/>
	<frames value='46874'/>
	<gameDuration value='2929'/>

	<player>
		<unitScore value='23025'/>
		<killScore value='39450'/>
		<buildingScore value='2750'/>
		<razingScore value='1650'/>
		<mineralScore value='24018'/>
		<gasScore value='4416'/>
		<totalScore value='95309'/>
	</player>

	<enemy>
		<race value='Protoss'/>
		<unitScore value='36725'/>
		<unitScore value='36725'/>
		<killScore value='46050'/>
		<buildingScore value='7575'/>
		<razingScore value='8250'/>
		<mineralScore value='32630'/>
		<gasScore value='10810'/>
		<totalScore value='142040'/>
	</enemy>

	<scoreRatio value='0.671001'/>
</results>
