<results>
	<result value='loss'/>
	<start value='2015-04-13.05:34:47'/>
	<end value='2015-04-13.05:35:00'/>
	<frames value='15037'/>
	<gameDuration value='939'/>

	<player>
		<unitScore value='2300'/>
		<killScore value='800'/>
		<buildingScore value='1675'/>
		<razingScore value='0'/>
		<mineralScore value='4306'/>
		<gasScore value='736'/>
		<totalScore value='9817'/>
	</player>

	<enemy>
		<race value='Protoss'/>
		<unitScore value='3550'/>
		<unitScore value='3550'/>
		<killScore value='4600'/>
		<buildingScore value='2475'/>
		<razingScore value='5025'/>
		<mineralScore value='7834'/>
		<gasScore value='1368'/>
		<totalScore value='24852'/>
	</enemy>

	<scoreRatio value='0.395019'/>
</results>
