<results>
	<result value='win'/>
	<start value='2015-04-13.05:40:20'/>
	<end value='2015-04-13.05:41:56'/>
	<frames value='38938'/>
	<gameDuration value='2433'/>

	<player>
		<unitScore value='27500'/>
		<killScore value='40650'/>
		<buildingScore value='4625'/>
		<razingScore value='20250'/>
		<mineralScore value='33618'/>
		<gasScore value='3992'/>
		<totalScore value='130635'/>
	</player>

	<enemy>
		<race value='Protoss'/>
		<unitScore value='21575'/>
		<unitScore value='21575'/>
		<killScore value='31850'/>
		<buildingScore value='6750'/>
		<razingScore value='0'/>
		<mineralScore value='24122'/>
		<gasScore value='7240'/>
		<totalScore value='91537'/>
	</enemy>

	<scoreRatio value='1.42713'/>
</results>
