<results>
	<result value='loss'/>
	<start value='2015-04-13.05:54:58'/>
	<end value='2015-04-13.05:55:11'/>
	<frames value='15533'/>
	<gameDuration value='970'/>

	<player>
		<unitScore value='3075'/>
		<killScore value='600'/>
		<buildingScore value='1600'/>
		<razingScore value='0'/>
		<mineralScore value='4850'/>
		<gasScore value='704'/>
		<totalScore value='10829'/>
	</player>

	<enemy>
		<race value='Protoss'/>
		<unitScore value='3550'/>
		<unitScore value='3550'/>
		<killScore value='6150'/>
		<buildingScore value='3775'/>
		<razingScore value='4800'/>
		<mineralScore value='8314'/>
		<gasScore value='1560'/>
		<totalScore value='28149'/>
	</enemy>

	<scoreRatio value='0.384703'/>
</results>
