<results>
	<result value='win'/>
	<start value='2015-04-11.21:40:04'/>
	<end value='2015-04-11.21:40:49'/>
	<frames value='27499'/>
	<gameDuration value='1718'/>

	<player>
		<unitScore value='15700'/>
		<killScore value='16450'/>
		<buildingScore value='3750'/>
		<razingScore value='14925'/>
		<mineralScore value='21650'/>
		<gasScore value='2648'/>
		<totalScore value='75123'/>
	</player>

	<enemy>
		<race value='Protoss'/>
		<unitScore value='8575'/>
		<unitScore value='8575'/>
		<killScore value='12200'/>
		<buildingScore value='4975'/>
		<razingScore value='150'/>
		<mineralScore value='13490'/>
		<gasScore value='2064'/>
		<totalScore value='41454'/>
	</enemy>

	<scoreRatio value='1.8122'/>
</results>
