<results>
	<result value='win'/>
	<start value='2015-05-01.00:42:44'/>
	<end value='2015-05-01.00:43:30'/>
	<frames value='29576'/>
	<gameDuration value='1848'/>

	<player>
		<unitScore value='17975'/>
		<killScore value='23050'/>
		<buildingScore value='3675'/>
		<razingScore value='15525'/>
		<mineralScore value='29138'/>
		<gasScore value='3008'/>
		<totalScore value='92371'/>
	</player>

	<enemy>
		<race value='Protoss'/>
		<unitScore value='12175'/>
		<unitScore value='12175'/>
		<killScore value='14000'/>
		<buildingScore value='5175'/>
		<razingScore value='150'/>
		<mineralScore value='14166'/>
		<gasScore value='4920'/>
		<totalScore value='50586'/>
	</enemy>

	<scoreRatio value='1.82602'/>
</results>
