<results>
	<result value='loss'/>
	<start value='2015-05-01.00:59:09'/>
	<end value='2015-05-01.01:00:03'/>
	<frames value='50997'/>
	<gameDuration value='3187'/>

	<player>
		<unitScore value='20450'/>
		<killScore value='33900'/>
		<buildingScore value='2750'/>
		<razingScore value='0'/>
		<mineralScore value='24034'/>
		<gasScore value='1664'/>
		<totalScore value='82798'/>
	</player>

	<enemy>
		<race value='Protoss'/>
		<unitScore value='38800'/>
		<unitScore value='38800'/>
		<killScore value='40650'/>
		<buildingScore value='7175'/>
		<razingScore value='8250'/>
		<mineralScore value='32682'/>
		<gasScore value='12694'/>
		<totalScore value='140251'/>
	</enemy>

	<scoreRatio value='0.590356'/>
</results>
