<results>
	<result value='win'/>
	<start value='2015-04-10.12:54:13'/>
	<end value='2015-04-10.12:55:12'/>
	<frames value='43371'/>
	<gameDuration value='2710'/>

	<player>
		<unitScore value='26525'/>
		<killScore value='28000'/>
		<buildingScore value='4600'/>
		<razingScore value='14775'/>
		<mineralScore value='35662'/>
		<gasScore value='4424'/>
		<totalScore value='113986'/>
	</player>

	<enemy>
		<race value='Protoss'/>
		<unitScore value='14900'/>
		<unitScore value='14900'/>
		<killScore value='25850'/>
		<buildingScore value='4925'/>
		<razingScore value='0'/>
		<mineralScore value='14578'/>
		<gasScore value='3968'/>
		<totalScore value='64221'/>
	</enemy>

	<scoreRatio value='1.7749'/>
</results>
