<results>
	<result value='draw'/>
	<start value='2015-04-10.12:55:37'/>
	<end value='2015-04-10.12:57:28'/>
	<frames value='57601'/>
	<gameDuration value='3600'/>

	<player>
		<unitScore value='29700'/>
		<killScore value='32950'/>
		<buildingScore value='4325'/>
		<razingScore value='14175'/>
		<mineralScore value='38246'/>
		<gasScore value='6312'/>
		<totalScore value='125708'/>
	</player>

	<enemy>
		<race value='Protoss'/>
		<unitScore value='22400'/>
		<unitScore value='22400'/>
		<killScore value='32650'/>
		<buildingScore value='8050'/>
		<razingScore value='150'/>
		<mineralScore value='24782'/>
		<gasScore value='12348'/>
		<totalScore value='100380'/>
	</enemy>

	<scoreRatio value='1.25232'/>
</results>
