<results>
	<result value='win'/>
	<start value='2015-07-18.15:07:27'/>
	<end value='2015-07-18.15:08:34'/>
	<frames value='32211'/>
	<gameDuration value='2013'/>

	<player>
		<unitScore value='22100'/>
		<killScore value='17800'/>
		<buildingScore value='4275'/>
		<razingScore value='11775'/>
		<mineralScore value='24390'/>
		<gasScore value='3536'/>
		<totalScore value='83876'/>
	</player>

	<enemy>
		<race value='Protoss'/>
		<unitScore value='8900'/>
		<killScore value='16500'/>
		<buildingScore value='3925'/>
		<razingScore value='150'/>
		<mineralScore value='12726'/>
		<gasScore value='4104'/>
		<totalScore value='46305'/>
	</enemy>

	<scoreRatio value='1.81138'/>
	<timeFitness value='0.720417'/>
	<unitsAverage value='100'/>
</results>
