<results>
	<result value='loss'/>
	<start value='2015-07-18.15:14:39'/>
	<end value='2015-07-18.15:15:43'/>
	<frames value='45169'/>
	<gameDuration value='2823'/>

	<player>
		<unitScore value='27525'/>
		<killScore value='18350'/>
		<buildingScore value='3875'/>
		<razingScore value='3000'/>
		<mineralScore value='27050'/>
		<gasScore value='3712'/>
		<totalScore value='83512'/>
	</player>

	<enemy>
		<race value='Protoss'/>
		<unitScore value='23825'/>
		<killScore value='51850'/>
		<buildingScore value='7975'/>
		<razingScore value='11625'/>
		<mineralScore value='27386'/>
		<gasScore value='8954'/>
		<totalScore value='131615'/>
	</enemy>

	<scoreRatio value='0.634517'/>
	<timeFitness value='0.392083'/>
	<unitsAverage value='92'/>
</results>
