<results>
	<result value='loss'/>
	<start value='2015-07-18.15:18:49'/>
	<end value='2015-07-18.15:19:09'/>
	<frames value='31746'/>
	<gameDuration value='1984'/>

	<player>
		<unitScore value='7400'/>
		<killScore value='3700'/>
		<buildingScore value='2250'/>
		<razingScore value='300'/>
		<mineralScore value='10706'/>
		<gasScore value='1080'/>
		<totalScore value='25436'/>
	</player>

	<enemy>
		<race value='Protoss'/>
		<unitScore value='13800'/>
		<killScore value='14700'/>
		<buildingScore value='7075'/>
		<razingScore value='6750'/>
		<mineralScore value='18890'/>
		<gasScore value='7200'/>
		<totalScore value='68415'/>
	</enemy>

	<scoreRatio value='0.37179'/>
	<timeFitness value='0.275556'/>
	<unitsAverage value='36'/>
</results>
