<results>
	<result value='win'/>
	<start value='2015-05-07.17:13:17'/>
	<end value='2015-05-07.17:13:35'/>
	<frames value='22849'/>
	<gameDuration value='1428'/>

	<player>
		<unitScore value='10975'/>
		<killScore value='14860'/>
		<buildingScore value='3525'/>
		<razingScore value='6705'/>
		<mineralScore value='15778'/>
		<gasScore value='1296'/>
		<totalScore value='53139'/>
	</player>

	<enemy>
		<race value='Zerg'/>
		<unitScore value='7125'/>
		<unitScore value='7125'/>
		<killScore value='5650'/>
		<buildingScore value='2235'/>
		<razingScore value='0'/>
		<mineralScore value='8954'/>
		<gasScore value='2976'/>
		<totalScore value='26940'/>
	</enemy>

	<scoreRatio value='1.97249'/>
	<timeFitness value='0.801667'/>
	<unitsAverage value='70'/>
</results>
