<results>
	<result value='win'/>
	<start value='2015-05-07.17:14:59'/>
	<end value='2015-05-07.17:15:16'/>
	<frames value='21919'/>
	<gameDuration value='1369'/>

	<player>
		<unitScore value='12150'/>
		<killScore value='14865'/>
		<buildingScore value='2850'/>
		<razingScore value='5655'/>
		<mineralScore value='15674'/>
		<gasScore value='1160'/>
		<totalScore value='52354'/>
	</player>

	<enemy>
		<race value='Zerg'/>
		<unitScore value='7700'/>
		<unitScore value='7700'/>
		<killScore value='9550'/>
		<buildingScore value='1885'/>
		<razingScore value='0'/>
		<mineralScore value='8578'/>
		<gasScore value='2784'/>
		<totalScore value='30497'/>
	</enemy>

	<scoreRatio value='1.71669'/>
	<timeFitness value='0.809861'/>
	<unitsAverage value='69'/>
</results>
