<results>
	<result value='loss'/>
	<start value='2015-05-07.17:29:32'/>
	<end value='2015-05-07.17:29:36'/>
	<frames value='9023'/>
	<gameDuration value='563'/>

	<player>
		<unitScore value='900'/>
		<killScore value='200'/>
		<buildingScore value='625'/>
		<razingScore value='0'/>
		<mineralScore value='1154'/>
		<gasScore value='24'/>
		<totalScore value='2903'/>
	</player>

	<enemy>
		<race value='Zerg'/>
		<unitScore value='1600'/>
		<unitScore value='1600'/>
		<killScore value='1700'/>
		<buildingScore value='980'/>
		<razingScore value='1875'/>
		<mineralScore value='2730'/>
		<gasScore value='200'/>
		<totalScore value='9085'/>
	</enemy>

	<scoreRatio value='0.319538'/>
	<timeFitness value='0.0781944'/>
	<unitsAverage value='8'/>
</results>
