<results>
	<result value='win'/>
	<start value='2015-05-07.17:32:24'/>
	<end value='2015-05-07.17:32:52'/>
	<frames value='29979'/>
	<gameDuration value='1873'/>

	<player>
		<unitScore value='16475'/>
		<killScore value='27275'/>
		<buildingScore value='4325'/>
		<razingScore value='7035'/>
		<mineralScore value='25170'/>
		<gasScore value='3400'/>
		<totalScore value='83680'/>
	</player>

	<enemy>
		<race value='Zerg'/>
		<unitScore value='12150'/>
		<unitScore value='12150'/>
		<killScore value='13550'/>
		<buildingScore value='2345'/>
		<razingScore value='1800'/>
		<mineralScore value='12130'/>
		<gasScore value='3568'/>
		<totalScore value='45543'/>
	</enemy>

	<scoreRatio value='1.83738'/>
	<timeFitness value='0.739861'/>
	<unitsAverage value='90'/>
</results>
