<results>
	<result value='win'/>
	<start value='2015-05-07.17:41:03'/>
	<end value='2015-05-07.17:41:50'/>
	<frames value='30475'/>
	<gameDuration value='1904'/>

	<player>
		<unitScore value='19725'/>
		<killScore value='32845'/>
		<buildingScore value='5050'/>
		<razingScore value='8895'/>
		<mineralScore value='31194'/>
		<gasScore value='2624'/>
		<totalScore value='100333'/>
	</player>

	<enemy>
		<race value='Zerg'/>
		<unitScore value='15425'/>
		<unitScore value='15425'/>
		<killScore value='17600'/>
		<buildingScore value='2965'/>
		<razingScore value='1350'/>
		<mineralScore value='14806'/>
		<gasScore value='4464'/>
		<totalScore value='56610'/>
	</enemy>

	<scoreRatio value='1.77235'/>
	<timeFitness value='0.735556'/>
	<unitsAverage value='109'/>
</results>
