<results>
	<result value='loss'/>
	<start value='2015-04-10.18:02:03'/>
	<end value='2015-04-10.18:02:23'/>
	<frames value='24647'/>
	<gameDuration value='1540'/>

	<player>
		<unitScore value='3250'/>
		<killScore value='2200'/>
		<buildingScore value='1475'/>
		<razingScore value='0'/>
		<mineralScore value='4874'/>
		<gasScore value='864'/>
		<totalScore value='12663'/>
	</player>

	<enemy>
		<race value='Protoss'/>
		<unitScore value='8675'/>
		<unitScore value='8675'/>
		<killScore value='6500'/>
		<buildingScore value='6225'/>
		<razingScore value='4425'/>
		<mineralScore value='15058'/>
		<gasScore value='4696'/>
		<totalScore value='45579'/>
	</enemy>

	<scoreRatio value='0.277825'/>
</results>
