<results>
	<result value='win'/>
	<start value='2015-04-28.19:19:17'/>
	<end value='2015-04-28.19:19:54'/>
	<frames value='27034'/>
	<gameDuration value='1689'/>

	<player>
		<unitScore value='19875'/>
		<killScore value='18795'/>
		<buildingScore value='3775'/>
		<razingScore value='5730'/>
		<mineralScore value='25566'/>
		<gasScore value='1384'/>
		<totalScore value='75125'/>
	</player>

	<enemy>
		<race value='Zerg'/>
		<unitScore value='9675'/>
		<unitScore value='9675'/>
		<killScore value='24200'/>
		<buildingScore value='1910'/>
		<razingScore value='0'/>
		<mineralScore value='9402'/>
		<gasScore value='2944'/>
		<totalScore value='48131'/>
	</enemy>

	<scoreRatio value='1.56084'/>
</results>
