<results>
	<result value='win'/>
	<start value='2015-04-28.19:20:26'/>
	<end value='2015-04-28.19:20:51'/>
	<frames value='22818'/>
	<gameDuration value='1426'/>

	<player>
		<unitScore value='11150'/>
		<killScore value='17720'/>
		<buildingScore value='2850'/>
		<razingScore value='4800'/>
		<mineralScore value='15010'/>
		<gasScore value='1144'/>
		<totalScore value='52674'/>
	</player>

	<enemy>
		<race value='Zerg'/>
		<unitScore value='9750'/>
		<unitScore value='9750'/>
		<killScore value='8750'/>
		<buildingScore value='1600'/>
		<razingScore value='0'/>
		<mineralScore value='9602'/>
		<gasScore value='3080'/>
		<totalScore value='32782'/>
	</enemy>

	<scoreRatio value='1.6068'/>
</results>
