<results>
	<result value='win'/>
	<start value='2015-04-28.19:22:49'/>
	<end value='2015-04-28.19:23:18'/>
	<frames value='26569'/>
	<gameDuration value='1660'/>

	<player>
		<unitScore value='14775'/>
		<killScore value='24990'/>
		<buildingScore value='2950'/>
		<razingScore value='5700'/>
		<mineralScore value='18042'/>
		<gasScore value='2200'/>
		<totalScore value='68657'/>
	</player>

	<enemy>
		<race value='Zerg'/>
		<unitScore value='11150'/>
		<unitScore value='11150'/>
		<killScore value='16950'/>
		<buildingScore value='1900'/>
		<razingScore value='2475'/>
		<mineralScore value='10882'/>
		<gasScore value='3240'/>
		<totalScore value='46597'/>
	</enemy>

	<scoreRatio value='1.47342'/>
</results>
