<results>
	<result value='win'/>
	<start value='2015-04-28.19:23:22'/>
	<end value='2015-04-28.19:23:50'/>
	<frames value='23097'/>
	<gameDuration value='1443'/>

	<player>
		<unitScore value='11825'/>
		<killScore value='14710'/>
		<buildingScore value='3700'/>
		<razingScore value='7245'/>
		<mineralScore value='18230'/>
		<gasScore value='2056'/>
		<totalScore value='57766'/>
	</player>

	<enemy>
		<race value='Zerg'/>
		<unitScore value='7300'/>
		<unitScore value='7300'/>
		<killScore value='7000'/>
		<buildingScore value='2415'/>
		<razingScore value='0'/>
		<mineralScore value='8498'/>
		<gasScore value='2600'/>
		<totalScore value='27813'/>
	</enemy>

	<scoreRatio value='2.07694'/>
</results>
