<results>
	<result value='loss'/>
	<start value='2015-04-29.19:24:07'/>
	<end value='2015-04-29.19:25:18'/>
	<frames value='46347'/>
	<gameDuration value='2896'/>

	<player>
		<unitScore value='22050'/>
		<killScore value='26600'/>
		<buildingScore value='2375'/>
		<razingScore value='1875'/>
		<mineralScore value='24178'/>
		<gasScore value='1456'/>
		<totalScore value='78534'/>
	</player>

	<enemy>
		<race value='Protoss'/>
		<unitScore value='32375'/>
		<unitScore value='32375'/>
		<killScore value='43850'/>
		<buildingScore value='7625'/>
		<razingScore value='7125'/>
		<mineralScore value='31450'/>
		<gasScore value='10366'/>
		<totalScore value='132791'/>
	</enemy>

	<scoreRatio value='0.591411'/>
	<timeFitness value='0.402222'/>
	<unitsAverage value='82'/>
</results>
