<results>
	<result value='loss'/>
	<start value='2015-04-29.19:25:22'/>
	<end value='2015-04-29.19:25:36'/>
	<frames value='15378'/>
	<gameDuration value='961'/>

	<player>
		<unitScore value='4225'/>
		<killScore value='1800'/>
		<buildingScore value='1525'/>
		<razingScore value='0'/>
		<mineralScore value='5786'/>
		<gasScore value='952'/>
		<totalScore value='14288'/>
	</player>

	<enemy>
		<race value='Protoss'/>
		<unitScore value='3550'/>
		<unitScore value='3550'/>
		<killScore value='8450'/>
		<buildingScore value='2825'/>
		<razingScore value='4575'/>
		<mineralScore value='8018'/>
		<gasScore value='1224'/>
		<totalScore value='28642'/>
	</enemy>

	<scoreRatio value='0.498848'/>
	<timeFitness value='0.133472'/>
	<unitsAverage value='29'/>
</results>
