<results>
	<result value='win'/>
	<start value='2015-05-07.14:18:00'/>
	<end value='2015-05-07.14:18:29'/>
	<frames value='20834'/>
	<gameDuration value='1302'/>

	<player>
		<unitScore value='10500'/>
		<killScore value='12250'/>
		<buildingScore value='3825'/>
		<razingScore value='4200'/>
		<mineralScore value='18954'/>
		<gasScore value='1480'/>
		<totalScore value='51209'/>
	</player>

	<enemy>
		<race value='Terran'/>
		<unitScore value='6125'/>
		<unitScore value='6125'/>
		<killScore value='3800'/>
		<buildingScore value='1400'/>
		<razingScore value='0'/>
		<mineralScore value='9826'/>
		<gasScore value='2600'/>
		<totalScore value='23751'/>
	</enemy>

	<scoreRatio value='2.15608'/>
	<timeFitness value='0.819167'/>
	<unitsAverage value='75'/>
</results>
