<results>
	<result value='win'/>
	<start value='2015-05-07.14:18:33'/>
	<end value='2015-05-07.14:19:08'/>
	<frames value='28615'/>
	<gameDuration value='1788'/>

	<player>
		<unitScore value='11100'/>
		<killScore value='16850'/>
		<buildingScore value='3300'/>
		<razingScore value='8175'/>
		<mineralScore value='15338'/>
		<gasScore value='2384'/>
		<totalScore value='57147'/>
	</player>

	<enemy>
		<race value='Terran'/>
		<unitScore value='9025'/>
		<unitScore value='9025'/>
		<killScore value='10950'/>
		<buildingScore value='2725'/>
		<razingScore value='4125'/>
		<mineralScore value='10706'/>
		<gasScore value='4248'/>
		<totalScore value='41779'/>
	</enemy>

	<scoreRatio value='1.36784'/>
	<timeFitness value='0.751667'/>
	<unitsAverage value='58'/>
</results>
