<results>
	<result value='win'/>
	<start value='2015-05-07.14:19:57'/>
	<end value='2015-05-07.14:21:04'/>
	<frames value='32676'/>
	<gameDuration value='2042'/>

	<player>
		<unitScore value='19100'/>
		<killScore value='28700'/>
		<buildingScore value='4850'/>
		<razingScore value='10275'/>
		<mineralScore value='30102'/>
		<gasScore value='3840'/>
		<totalScore value='96867'/>
	</player>

	<enemy>
		<race value='Terran'/>
		<unitScore value='15150'/>
		<unitScore value='15150'/>
		<killScore value='14450'/>
		<buildingScore value='3500'/>
		<razingScore value='1650'/>
		<mineralScore value='12966'/>
		<gasScore value='5670'/>
		<totalScore value='53386'/>
	</enemy>

	<scoreRatio value='1.81446'/>
	<timeFitness value='0.716389'/>
	<unitsAverage value='110'/>
</results>
