<results>
	<result value='win'/>
	<start value='2015-05-07.14:33:54'/>
	<end value='2015-05-07.14:34:15'/>
	<frames value='19315'/>
	<gameDuration value='1207'/>

	<player>
		<unitScore value='7000'/>
		<killScore value='11600'/>
		<buildingScore value='2400'/>
		<razingScore value='4350'/>
		<mineralScore value='11186'/>
		<gasScore value='1848'/>
		<totalScore value='38384'/>
	</player>

	<enemy>
		<race value='Terran'/>
		<unitScore value='5800'/>
		<unitScore value='5800'/>
		<killScore value='4250'/>
		<buildingScore value='1450'/>
		<razingScore value='1350'/>
		<mineralScore value='8906'/>
		<gasScore value='2184'/>
		<totalScore value='23940'/>
	</enemy>

	<scoreRatio value='1.60334'/>
	<timeFitness value='0.832361'/>
	<unitsAverage value='50'/>
</results>
