<results>
	<result value='draw'/>
	<start value='2015-05-07.14:55:43'/>
	<end value='2015-05-07.14:58:36'/>
	<frames value='57601'/>
	<gameDuration value='3600'/>

	<player>
		<unitScore value='34875'/>
		<killScore value='45700'/>
		<buildingScore value='4850'/>
		<razingScore value='4650'/>
		<mineralScore value='43710'/>
		<gasScore value='5278'/>
		<totalScore value='139063'/>
	</player>

	<enemy>
		<race value='Terran'/>
		<unitScore value='26975'/>
		<unitScore value='26975'/>
		<killScore value='46450'/>
		<buildingScore value='4300'/>
		<razingScore value='1575'/>
		<mineralScore value='19246'/>
		<gasScore value='11484'/>
		<totalScore value='110030'/>
	</enemy>

	<scoreRatio value='1.26386'/>
	<timeFitness value='0.5'/>
	<unitsAverage value='162'/>
</results>
