<results>
	<result value='win'/>
	<start value='2015-05-02.22:36:37'/>
	<end value='2015-05-02.22:37:18'/>
	<frames value='32676'/>
	<gameDuration value='2042'/>

	<player>
		<unitScore value='27050'/>
		<killScore value='36685'/>
		<buildingScore value='4350'/>
		<razingScore value='3855'/>
		<mineralScore value='37266'/>
		<gasScore value='0'/>
		<totalScore value='109206'/>
	</player>

	<enemy>
		<race value='Zerg'/>
		<unitScore value='16150'/>
		<unitScore value='16150'/>
		<killScore value='38300'/>
		<buildingScore value='1285'/>
		<razingScore value='0'/>
		<mineralScore value='12050'/>
		<gasScore value='3688'/>
		<totalScore value='71473'/>
	</enemy>

	<scoreRatio value='1.52793'/>
	<timeFitness value='0.716389'/>
	<unitsAverage value='103'/>
</results>
