<results>
	<result value='win'/>
	<start value='2015-05-09.18:57:06'/>
	<end value='2015-05-09.18:57:50'/>
	<frames value='35683'/>
	<gameDuration value='2230'/>

	<player>
		<unitScore value='26625'/>
		<killScore value='38655'/>
		<buildingScore value='4225'/>
		<razingScore value='6495'/>
		<mineralScore value='32126'/>
		<gasScore value='3208'/>
		<totalScore value='111334'/>
	</player>

	<enemy>
		<race value='Zerg'/>
		<unitScore value='18275'/>
		<unitScore value='18275'/>
		<killScore value='27950'/>
		<buildingScore value='2165'/>
		<razingScore value='0'/>
		<mineralScore value='15410'/>
		<gasScore value='5532'/>
		<totalScore value='69332'/>
	</enemy>

	<scoreRatio value='1.60581'/>
	<timeFitness value='0.690278'/>
	<unitsAverage value='120'/>
</results>
