<results>
	<result value='win'/>
	<start value='2015-05-11.08:10:41'/>
	<end value='2015-05-11.08:11:33'/>
	<frames value='29483'/>
	<gameDuration value='1842'/>

	<player>
		<unitScore value='18025'/>
		<killScore value='25020'/>
		<buildingScore value='4225'/>
		<razingScore value='7170'/>
		<mineralScore value='30562'/>
		<gasScore value='3368'/>
		<totalScore value='88370'/>
	</player>

	<enemy>
		<race value='Zerg'/>
		<unitScore value='11700'/>
		<unitScore value='11700'/>
		<killScore value='13200'/>
		<buildingScore value='2390'/>
		<razingScore value='0'/>
		<mineralScore value='11406'/>
		<gasScore value='3736'/>
		<totalScore value='42432'/>
	</enemy>

	<scoreRatio value='2.08263'/>
	<timeFitness value='0.744167'/>
	<unitsAverage value='114'/>
</results>
