<results>
	<result value='win'/>
	<start value='2015-05-04.20:40:12'/>
	<end value='2015-05-04.20:40:30'/>
	<frames value='29173'/>
	<gameDuration value='1823'/>

	<player>
		<unitScore value='12975'/>
		<killScore value='21650'/>
		<buildingScore value='4000'/>
		<razingScore value='9900'/>
		<mineralScore value='18866'/>
		<gasScore value='2432'/>
		<totalScore value='69823'/>
	</player>

	<enemy>
		<race value='Terran'/>
		<unitScore value='12925'/>
		<unitScore value='12925'/>
		<killScore value='11400'/>
		<buildingScore value='3300'/>
		<razingScore value='1650'/>
		<mineralScore value='13090'/>
		<gasScore value='5976'/>
		<totalScore value='48341'/>
	</enemy>

	<scoreRatio value='1.44438'/>
	<timeFitness value='0.746806'/>
	<unitsAverage value='70'/>
</results>
