<results>
	<result value='loss'/>
	<start value='2015-05-08.20:46:20'/>
	<end value='2015-05-08.20:46:58'/>
	<frames value='53136'/>
	<gameDuration value='3321'/>

	<player>
		<unitScore value='21475'/>
		<killScore value='41150'/>
		<buildingScore value='3675'/>
		<razingScore value='1500'/>
		<mineralScore value='25106'/>
		<gasScore value='4120'/>
		<totalScore value='97026'/>
	</player>

	<enemy>
		<race value='Terran'/>
		<unitScore value='40750'/>
		<unitScore value='40750'/>
		<killScore value='42950'/>
		<buildingScore value='5250'/>
		<razingScore value='12450'/>
		<mineralScore value='26978'/>
		<gasScore value='16722'/>
		<totalScore value='145100'/>
	</enemy>

	<scoreRatio value='0.668684'/>
	<timeFitness value='0.46125'/>
	<unitsAverage value='66'/>
</results>
