<results>
	<result value='loss'/>
	<start value='2015-05-04.20:43:38'/>
	<end value='2015-05-04.20:43:45'/>
	<frames value='16835'/>
	<gameDuration value='1052'/>

	<player>
		<unitScore value='4075'/>
		<killScore value='500'/>
		<buildingScore value='1225'/>
		<razingScore value='0'/>
		<mineralScore value='4922'/>
		<gasScore value='720'/>
		<totalScore value='11442'/>
	</player>

	<enemy>
		<race value='Terran'/>
		<unitScore value='6350'/>
		<unitScore value='6350'/>
		<killScore value='8150'/>
		<buildingScore value='2625'/>
		<razingScore value='3675'/>
		<mineralScore value='7794'/>
		<gasScore value='2576'/>
		<totalScore value='31170'/>
	</enemy>

	<scoreRatio value='0.367084'/>
	<timeFitness value='0.146111'/>
	<unitsAverage value='26'/>
</results>
