<results>
	<result value='win'/>
	<start value='2015-04-27.22:21:55'/>
	<end value='2015-04-27.22:22:08'/>
	<frames value='20865'/>
	<gameDuration value='1304'/>

	<player>
		<unitScore value='10625'/>
		<killScore value='15400'/>
		<buildingScore value='2650'/>
		<razingScore value='6225'/>
		<mineralScore value='15318'/>
		<gasScore value='1472'/>
		<totalScore value='51690'/>
	</player>

	<enemy>
		<race value='Terran'/>
		<unitScore value='7700'/>
		<unitScore value='7700'/>
		<killScore value='8100'/>
		<buildingScore value='2150'/>
		<razingScore value='375'/>
		<mineralScore value='9170'/>
		<gasScore value='3040'/>
		<totalScore value='30535'/>
	</enemy>

	<scoreRatio value='1.69281'/>
</results>
