<results>
	<result value='win'/>
	<start value='2015-04-27.22:22:11'/>
	<end value='2015-04-27.22:22:20'/>
	<frames value='17176'/>
	<gameDuration value='1073'/>

	<player>
		<unitScore value='4900'/>
		<killScore value='9550'/>
		<buildingScore value='2100'/>
		<razingScore value='4125'/>
		<mineralScore value='7458'/>
		<gasScore value='1128'/>
		<totalScore value='29261'/>
	</player>

	<enemy>
		<race value='Terran'/>
		<unitScore value='4775'/>
		<unitScore value='4775'/>
		<killScore value='1800'/>
		<buildingScore value='1450'/>
		<razingScore value='1350'/>
		<mineralScore value='6386'/>
		<gasScore value='1776'/>
		<totalScore value='17537'/>
	</enemy>

	<scoreRatio value='1.66853'/>
</results>
