<results>
	<result value='loss'/>
	<start value='2015-04-27.22:22:54'/>
	<end value='2015-04-27.22:23:06'/>
	<frames value='23779'/>
	<gameDuration value='1486'/>

	<player>
		<unitScore value='6575'/>
		<killScore value='3400'/>
		<buildingScore value='2700'/>
		<razingScore value='0'/>
		<mineralScore value='9234'/>
		<gasScore value='1968'/>
		<totalScore value='23877'/>
	</player>

	<enemy>
		<race value='Terran'/>
		<unitScore value='9850'/>
		<unitScore value='9850'/>
		<killScore value='13050'/>
		<buildingScore value='3600'/>
		<razingScore value='8100'/>
		<mineralScore value='11970'/>
		<gasScore value='4784'/>
		<totalScore value='51354'/>
	</enemy>

	<scoreRatio value='0.464949'/>
</results>
