<results>
	<result value='win'/>
	<start value='2014-07-24.02:28:03'/>
	<end value='2014-07-24.02:28:13'/>
	<frames value='18912'/>
	<gameDuration value='1182'/>

	<player>
		<unitScore value='6825'/>
		<killScore value='11450'/>
		<buildingScore value='2025'/>
		<razingScore value='4350'/>
		<mineralScore value='9970'/>
		<gasScore value='1144'/>
		<totalScore value='35764'/>
	</player>

	<enemy>
		<race value='Terran'/>
		<unitScore value='5725'/>
		<unitScore value='5725'/>
		<killScore value='4400'/>
		<buildingScore value='1450'/>
		<razingScore value='375'/>
		<mineralScore value='8586'/>
		<gasScore value='2200'/>
		<totalScore value='22736'/>
	</enemy>

	<scoreRatio value='1.57301'/>
</results>
