<results>
	<result value='win'/>
	<start value='2015-05-04.09:17:17'/>
	<end value='2015-05-04.09:17:40'/>
	<frames value='26445'/>
	<gameDuration value='1652'/>

	<player>
		<unitScore value='13850'/>
		<killScore value='26350'/>
		<buildingScore value='3475'/>
		<razingScore value='8400'/>
		<mineralScore value='21058'/>
		<gasScore value='2240'/>
		<totalScore value='75373'/>
	</player>

	<enemy>
		<race value='Terran'/>
		<unitScore value='14275'/>
		<unitScore value='14275'/>
		<killScore value='10550'/>
		<buildingScore value='2875'/>
		<razingScore value='150'/>
		<mineralScore value='11674'/>
		<gasScore value='5104'/>
		<totalScore value='44628'/>
	</enemy>

	<scoreRatio value='1.68892'/>
	<timeFitness value='0.770556'/>
	<unitsAverage value='78'/>
</results>
