<results>
	<result value='loss'/>
	<start value='2015-05-04.09:18:37'/>
	<end value='2015-05-04.09:19:04'/>
	<frames value='45789'/>
	<gameDuration value='2861'/>

	<player>
		<unitScore value='10400'/>
		<killScore value='17400'/>
		<buildingScore value='2800'/>
		<razingScore value='2175'/>
		<mineralScore value='13954'/>
		<gasScore value='2656'/>
		<totalScore value='49385'/>
	</player>

	<enemy>
		<race value='Terran'/>
		<unitScore value='21650'/>
		<unitScore value='21650'/>
		<killScore value='20800'/>
		<buildingScore value='5125'/>
		<razingScore value='8400'/>
		<mineralScore value='19550'/>
		<gasScore value='11044'/>
		<totalScore value='86569'/>
	</enemy>

	<scoreRatio value='0.57047'/>
	<timeFitness value='0.397361'/>
	<unitsAverage value='35'/>
</results>
