<results>
	<result value='loss'/>
	<start value='2015-05-04.09:28:34'/>
	<end value='2015-05-04.09:28:45'/>
	<frames value='20617'/>
	<gameDuration value='1288'/>

	<player>
		<unitScore value='6200'/>
		<killScore value='3300'/>
		<buildingScore value='2150'/>
		<razingScore value='0'/>
		<mineralScore value='8458'/>
		<gasScore value='1488'/>
		<totalScore value='21596'/>
	</player>

	<enemy>
		<race value='Terran'/>
		<unitScore value='8100'/>
		<unitScore value='8100'/>
		<killScore value='12400'/>
		<buildingScore value='2925'/>
		<razingScore value='6450'/>
		<mineralScore value='9826'/>
		<gasScore value='3904'/>
		<totalScore value='43605'/>
	</enemy>

	<scoreRatio value='0.495264'/>
	<timeFitness value='0.178889'/>
	<unitsAverage value='34'/>
</results>
