<results>
	<result value='win'/>
	<start value='2015-05-05.08:45:00'/>
	<end value='2015-05-05.08:45:44'/>
	<frames value='34660'/>
	<gameDuration value='2166'/>

	<player>
		<unitScore value='23650'/>
		<killScore value='34650'/>
		<buildingScore value='4325'/>
		<razingScore value='17325'/>
		<mineralScore value='34182'/>
		<gasScore value='3808'/>
		<totalScore value='117940'/>
	</player>

	<enemy>
		<race value='Protoss'/>
		<unitScore value='18575'/>
		<unitScore value='18575'/>
		<killScore value='24000'/>
		<buildingScore value='5775'/>
		<razingScore value='300'/>
		<mineralScore value='17978'/>
		<gasScore value='5312'/>
		<totalScore value='71940'/>
	</enemy>

	<scoreRatio value='1.63942'/>
	<timeFitness value='0.699167'/>
	<unitsAverage value='104'/>
</results>
