<results>
	<result value='win'/>
	<start value='2015-05-05.09:19:30'/>
	<end value='2015-05-05.09:20:53'/>
	<frames value='42534'/>
	<gameDuration value='2658'/>

	<player>
		<unitScore value='30575'/>
		<killScore value='24650'/>
		<buildingScore value='3850'/>
		<razingScore value='17025'/>
		<mineralScore value='37054'/>
		<gasScore value='1800'/>
		<totalScore value='114954'/>
	</player>

	<enemy>
		<race value='Protoss'/>
		<unitScore value='14525'/>
		<unitScore value='14525'/>
		<killScore value='43850'/>
		<buildingScore value='5675'/>
		<razingScore value='1575'/>
		<mineralScore value='16682'/>
		<gasScore value='5170'/>
		<totalScore value='87477'/>
	</enemy>

	<scoreRatio value='1.31411'/>
	<timeFitness value='0.630833'/>
	<unitsAverage value='121'/>
</results>
