<results>
	<result value='win'/>
	<start value='2015-05-11.10:15:37'/>
	<end value='2015-05-11.10:16:19'/>
	<frames value='27344'/>
	<gameDuration value='1709'/>

	<player>
		<unitScore value='16750'/>
		<killScore value='23470'/>
		<buildingScore value='4400'/>
		<razingScore value='5460'/>
		<mineralScore value='26154'/>
		<gasScore value='2912'/>
		<totalScore value='79146'/>
	</player>

	<enemy>
		<race value='Zerg'/>
		<unitScore value='10625'/>
		<unitScore value='10625'/>
		<killScore value='13950'/>
		<buildingScore value='1820'/>
		<razingScore value='0'/>
		<mineralScore value='10074'/>
		<gasScore value='2976'/>
		<totalScore value='39445'/>
	</enemy>

	<scoreRatio value='2.00649'/>
	<timeFitness value='0.762639'/>
	<unitsAverage value='95'/>
</results>
