<results>
	<result value='loss'/>
	<start value='2015-05-11.10:35:42'/>
	<end value='2015-05-11.10:35:49'/>
	<frames value='11100'/>
	<gameDuration value='693'/>

	<player>
		<unitScore value='1050'/>
		<killScore value='200'/>
		<buildingScore value='625'/>
		<razingScore value='0'/>
		<mineralScore value='1506'/>
		<gasScore value='80'/>
		<totalScore value='3461'/>
	</player>

	<enemy>
		<race value='Zerg'/>
		<unitScore value='2900'/>
		<unitScore value='2900'/>
		<killScore value='2100'/>
		<buildingScore value='1220'/>
		<razingScore value='1875'/>
		<mineralScore value='3754'/>
		<gasScore value='568'/>
		<totalScore value='12417'/>
	</enemy>

	<scoreRatio value='0.278731'/>
	<timeFitness value='0.09625'/>
	<unitsAverage value='8'/>
</results>
