<results>
	<result value='loss'/>
	<start value='2015-07-18.01:26:29'/>
	<end value='2015-07-18.01:26:55'/>
	<frames value='26910'/>
	<gameDuration value='1681'/>

	<player>
		<unitScore value='9675'/>
		<killScore value='4650'/>
		<buildingScore value='3175'/>
		<razingScore value='0'/>
		<mineralScore value='13866'/>
		<gasScore value='1056'/>
		<totalScore value='32422'/>
	</player>

	<enemy>
		<race value='Terran'/>
		<unitScore value='12175'/>
		<killScore value='18300'/>
		<buildingScore value='4425'/>
		<razingScore value='9525'/>
		<mineralScore value='13438'/>
		<gasScore value='6320'/>
		<totalScore value='64183'/>
	</enemy>

	<scoreRatio value='0.505149'/>
	<timeFitness value='0.233472'/>
	<unitsAverage value='38'/>
</results>
