<results>
	<result value='loss'/>
	<start value='2015-04-16.23:15:26'/>
	<end value='2015-04-16.23:16:01'/>
	<frames value='35466'/>
	<gameDuration value='2216'/>

	<player>
		<unitScore value='10625'/>
		<killScore value='14200'/>
		<buildingScore value='1700'/>
		<razingScore value='300'/>
		<mineralScore value='12082'/>
		<gasScore value='2208'/>
		<totalScore value='41115'/>
	</player>

	<enemy>
		<race value='Protoss'/>
		<unitScore value='22800'/>
		<unitScore value='22800'/>
		<killScore value='21250'/>
		<buildingScore value='7025'/>
		<razingScore value='5100'/>
		<mineralScore value='23674'/>
		<gasScore value='8864'/>
		<totalScore value='88713'/>
	</enemy>

	<scoreRatio value='0.463461'/>
</results>
