<results>
	<result value='loss'/>
	<start value='2015-04-16.23:26:53'/>
	<end value='2015-04-16.23:27:08'/>
	<frames value='16959'/>
	<gameDuration value='1059'/>

	<player>
		<unitScore value='3050'/>
		<killScore value='1400'/>
		<buildingScore value='1600'/>
		<razingScore value='0'/>
		<mineralScore value='5026'/>
		<gasScore value='680'/>
		<totalScore value='11756'/>
	</player>

	<enemy>
		<race value='Protoss'/>
		<unitScore value='3600'/>
		<unitScore value='3600'/>
		<killScore value='6100'/>
		<buildingScore value='4025'/>
		<razingScore value='4800'/>
		<mineralScore value='9098'/>
		<gasScore value='1728'/>
		<totalScore value='29351'/>
	</enemy>

	<scoreRatio value='0.400532'/>
</results>
