<results>
	<result value='loss'/>
	<start value='2015-04-16.23:27:12'/>
	<end value='2015-04-16.23:27:22'/>
	<frames value='13208'/>
	<gameDuration value='825'/>

	<player>
		<unitScore value='1250'/>
		<killScore value='400'/>
		<buildingScore value='975'/>
		<razingScore value='0'/>
		<mineralScore value='2458'/>
		<gasScore value='512'/>
		<totalScore value='5595'/>
	</player>

	<enemy>
		<race value='Protoss'/>
		<unitScore value='3650'/>
		<unitScore value='3650'/>
		<killScore value='2500'/>
		<buildingScore value='2175'/>
		<razingScore value='2925'/>
		<mineralScore value='6586'/>
		<gasScore value='1176'/>
		<totalScore value='19012'/>
	</enemy>

	<scoreRatio value='0.294288'/>
</results>
