<results>
	<result value='win'/>
	<start value='2015-05-10.23:29:41'/>
	<end value='2015-05-10.23:30:07'/>
	<frames value='25763'/>
	<gameDuration value='1610'/>

	<player>
		<unitScore value='15875'/>
		<killScore value='29160'/>
		<buildingScore value='4025'/>
		<razingScore value='6060'/>
		<mineralScore value='24642'/>
		<gasScore value='2128'/>
		<totalScore value='81890'/>
	</player>

	<enemy>
		<race value='Zerg'/>
		<unitScore value='13575'/>
		<unitScore value='13575'/>
		<killScore value='12700'/>
		<buildingScore value='2020'/>
		<razingScore value='0'/>
		<mineralScore value='11986'/>
		<gasScore value='3768'/>
		<totalScore value='44049'/>
	</enemy>

	<scoreRatio value='1.85907'/>
	<timeFitness value='0.776389'/>
	<unitsAverage value='90'/>
</results>
