<results>
	<result value='loss'/>
	<start value='2015-04-28.10:42:21'/>
	<end value='2015-04-28.10:42:36'/>
	<frames value='20772'/>
	<gameDuration value='1298'/>

	<player>
		<unitScore value='6550'/>
		<killScore value='5200'/>
		<buildingScore value='1075'/>
		<razingScore value='0'/>
		<mineralScore value='7738'/>
		<gasScore value='1472'/>
		<totalScore value='22035'/>
	</player>

	<enemy>
		<race value='Terran'/>
		<unitScore value='7925'/>
		<unitScore value='7925'/>
		<killScore value='13100'/>
		<buildingScore value='3075'/>
		<razingScore value='3225'/>
		<mineralScore value='9834'/>
		<gasScore value='3792'/>
		<totalScore value='40951'/>
	</enemy>

	<scoreRatio value='0.538082'/>
</results>
