<results>
	<result value='win'/>
	<start value='2015-04-28.10:49:42'/>
	<end value='2015-04-28.10:50:18'/>
	<frames value='26073'/>
	<gameDuration value='1629'/>

	<player>
		<unitScore value='14200'/>
		<killScore value='21350'/>
		<buildingScore value='4200'/>
		<razingScore value='7875'/>
		<mineralScore value='22646'/>
		<gasScore value='2176'/>
		<totalScore value='72447'/>
	</player>

	<enemy>
		<race value='Terran'/>
		<unitScore value='10675'/>
		<unitScore value='10675'/>
		<killScore value='8650'/>
		<buildingScore value='2625'/>
		<razingScore value='0'/>
		<mineralScore value='11750'/>
		<gasScore value='4024'/>
		<totalScore value='37724'/>
	</enemy>

	<scoreRatio value='1.92045'/>
</results>
