<results>
	<result value='loss'/>
	<start value='2015-04-08.18:36:45'/>
	<end value='2015-04-08.18:36:57'/>
	<frames value='20989'/>
	<gameDuration value='1311'/>

	<player>
		<unitScore value='5875'/>
		<killScore value='3200'/>
		<buildingScore value='2250'/>
		<razingScore value='750'/>
		<mineralScore value='8178'/>
		<gasScore value='1080'/>
		<totalScore value='21333'/>
	</player>

	<enemy>
		<race value='Protoss'/>
		<unitScore value='6125'/>
		<unitScore value='6125'/>
		<killScore value='11800'/>
		<buildingScore value='4275'/>
		<razingScore value='6750'/>
		<mineralScore value='10882'/>
		<gasScore value='2616'/>
		<totalScore value='42448'/>
	</enemy>

	<scoreRatio value='0.502568'/>
</results>
