<results>
	<result value='win'/>
	<start value='2014-07-11.22:21:43'/>
	<end value='2014-07-11.22:22:00'/>
	<frames value='21671'/>
	<gameDuration value='1354'/>

	<player>
		<unitScore value='11550'/>
		<killScore value='18100'/>
		<buildingScore value='2950'/>
		<razingScore value='5535'/>
		<mineralScore value='17046'/>
		<gasScore value='1984'/>
		<totalScore value='57165'/>
	</player>

	<enemy>
		<race value='Zerg'/>
		<unitScore value='8350'/>
		<unitScore value='8350'/>
		<killScore value='6950'/>
		<buildingScore value='1845'/>
		<razingScore value='0'/>
		<mineralScore value='8226'/>
		<gasScore value='2120'/>
		<totalScore value='27491'/>
	</enemy>

	<scoreRatio value='2.07941'/>
</results>
