<results>
	<result value='win'/>
	<start value='2014-07-23.01:02:08'/>
	<end value='2014-07-23.01:03:00'/>
	<frames value='39527'/>
	<gameDuration value='2470'/>

	<player>
		<unitScore value='20900'/>
		<killScore value='22600'/>
		<buildingScore value='5225'/>
		<razingScore value='12525'/>
		<mineralScore value='41050'/>
		<gasScore value='3552'/>
		<totalScore value='105852'/>
	</player>

	<enemy>
		<race value='Protoss'/>
		<unitScore value='12000'/>
		<unitScore value='12000'/>
		<killScore value='15650'/>
		<buildingScore value='4175'/>
		<razingScore value='1575'/>
		<mineralScore value='12666'/>
		<gasScore value='3408'/>
		<totalScore value='49474'/>
	</enemy>

	<scoreRatio value='2.13955'/>
</results>
