<results>
	<result value='win'/>
	<start value='2015-05-11.05:20:03'/>
	<end value='2015-05-11.05:20:53'/>
	<frames value='29390'/>
	<gameDuration value='1836'/>

	<player>
		<unitScore value='19725'/>
		<killScore value='23450'/>
		<buildingScore value='4150'/>
		<razingScore value='8385'/>
		<mineralScore value='27866'/>
		<gasScore value='3832'/>
		<totalScore value='87408'/>
	</player>

	<enemy>
		<race value='Zerg'/>
		<unitScore value='10725'/>
		<unitScore value='10725'/>
		<killScore value='14600'/>
		<buildingScore value='2795'/>
		<razingScore value='300'/>
		<mineralScore value='11330'/>
		<gasScore value='3776'/>
		<totalScore value='43526'/>
	</enemy>

	<scoreRatio value='2.00818'/>
	<timeFitness value='0.745'/>
	<unitsAverage value='107'/>
</results>
