<results>
	<result value='loss'/>
	<start value='2015-07-18.04:18:44'/>
	<end value='2015-07-18.04:19:07'/>
	<frames value='20772'/>
	<gameDuration value='1298'/>

	<player>
		<unitScore value='8650'/>
		<killScore value='3950'/>
		<buildingScore value='1650'/>
		<razingScore value='0'/>
		<mineralScore value='8914'/>
		<gasScore value='1352'/>
		<totalScore value='24516'/>
	</player>

	<enemy>
		<race value='Terran'/>
		<unitScore value='7375'/>
		<killScore value='17300'/>
		<buildingScore value='2550'/>
		<razingScore value='4950'/>
		<mineralScore value='9682'/>
		<gasScore value='3456'/>
		<totalScore value='45313'/>
	</enemy>

	<scoreRatio value='0.541037'/>
	<timeFitness value='0.180278'/>
	<unitsAverage value='32'/>
</results>
