<results>
	<result value='loss'/>
	<start value='2015-07-18.04:34:08'/>
	<end value='2015-07-18.04:34:36'/>
	<frames value='24399'/>
	<gameDuration value='1524'/>

	<player>
		<unitScore value='10600'/>
		<killScore value='3700'/>
		<buildingScore value='2600'/>
		<razingScore value='150'/>
		<mineralScore value='10762'/>
		<gasScore value='2056'/>
		<totalScore value='29868'/>
	</player>

	<enemy>
		<race value='Terran'/>
		<unitScore value='7850'/>
		<killScore value='21200'/>
		<buildingScore value='2700'/>
		<razingScore value='7800'/>
		<mineralScore value='11310'/>
		<gasScore value='3984'/>
		<totalScore value='54844'/>
	</enemy>

	<scoreRatio value='0.544599'/>
	<timeFitness value='0.211667'/>
	<unitsAverage value='35'/>
</results>
