<results>
	<result value='draw'/>
	<start value='2015-07-18.04:37:11'/>
	<end value='2015-07-18.04:39:27'/>
	<frames value='57601'/>
	<gameDuration value='3600'/>

	<player>
		<unitScore value='48400'/>
		<killScore value='27250'/>
		<buildingScore value='4800'/>
		<razingScore value='1950'/>
		<mineralScore value='39090'/>
		<gasScore value='9906'/>
		<totalScore value='131396'/>
	</player>

	<enemy>
		<race value='Terran'/>
		<unitScore value='16250'/>
		<killScore value='83350'/>
		<buildingScore value='3575'/>
		<razingScore value='5025'/>
		<mineralScore value='22694'/>
		<gasScore value='5174'/>
		<totalScore value='136068'/>
	</enemy>

	<scoreRatio value='0.965664'/>
	<timeFitness value='0.5'/>
	<unitsAverage value='100'/>
</results>
