<results>
	<result value='draw'/>
	<start value='2015-07-19.21:58:00'/>
	<end value='2015-07-19.22:01:19'/>
	<frames value='57601'/>
	<gameDuration value='3600'/>

	<player>
		<unitScore value='38525'/>
		<killScore value='26250'/>
		<buildingScore value='3650'/>
		<razingScore value='0'/>
		<mineralScore value='31566'/>
		<gasScore value='7744'/>
		<totalScore value='107735'/>
	</player>

	<enemy>
		<race value='Zerg'/>
		<unitScore value='37200'/>
		<killScore value='64250'/>
		<buildingScore value='4135'/>
		<razingScore value='3375'/>
		<mineralScore value='31446'/>
		<gasScore value='11874'/>
		<totalScore value='152280'/>
	</enemy>

	<scoreRatio value='0.70748'/>
	<timeFitness value='0.5'/>
	<unitsAverage value='132'/>
</results>
