<results>
	<result value='loss'/>
	<start value='2015-04-09.01:01:32'/>
	<end value='2015-04-09.01:01:39'/>
	<frames value='15068'/>
	<gameDuration value='941'/>

	<player>
		<unitScore value='2875'/>
		<killScore value='1000'/>
		<buildingScore value='1475'/>
		<razingScore value='0'/>
		<mineralScore value='4482'/>
		<gasScore value='624'/>
		<totalScore value='10456'/>
	</player>

	<enemy>
		<race value='Protoss'/>
		<unitScore value='3550'/>
		<unitScore value='3550'/>
		<killScore value='4900'/>
		<buildingScore value='2875'/>
		<razingScore value='4425'/>
		<mineralScore value='7714'/>
		<gasScore value='1400'/>
		<totalScore value='24864'/>
	</enemy>

	<scoreRatio value='0.420528'/>
</results>
