<results>
	<result value='win'/>
	<start value='2015-05-09.10:03:24'/>
	<end value='2015-05-09.10:03:50'/>
	<frames value='30506'/>
	<gameDuration value='1906'/>

	<player>
		<unitScore value='18500'/>
		<killScore value='24800'/>
		<buildingScore value='3900'/>
		<razingScore value='9825'/>
		<mineralScore value='26238'/>
		<gasScore value='2952'/>
		<totalScore value='86215'/>
	</player>

	<enemy>
		<race value='Terran'/>
		<unitScore value='12400'/>
		<unitScore value='12400'/>
		<killScore value='16900'/>
		<buildingScore value='3425'/>
		<razingScore value='1575'/>
		<mineralScore value='11570'/>
		<gasScore value='5286'/>
		<totalScore value='51156'/>
	</enemy>

	<scoreRatio value='1.68534'/>
	<timeFitness value='0.735278'/>
	<unitsAverage value='94'/>
</results>
