<results>
	<result value='win'/>
	<start value='2015-05-09.10:06:26'/>
	<end value='2015-05-09.10:06:44'/>
	<frames value='27871'/>
	<gameDuration value='1741'/>

	<player>
		<unitScore value='12700'/>
		<killScore value='24600'/>
		<buildingScore value='3200'/>
		<razingScore value='10050'/>
		<mineralScore value='17370'/>
		<gasScore value='2488'/>
		<totalScore value='70408'/>
	</player>

	<enemy>
		<race value='Terran'/>
		<unitScore value='12300'/>
		<unitScore value='12300'/>
		<killScore value='9800'/>
		<buildingScore value='3350'/>
		<razingScore value='1575'/>
		<mineralScore value='11010'/>
		<gasScore value='4664'/>
		<totalScore value='42699'/>
	</enemy>

	<scoreRatio value='1.64894'/>
	<timeFitness value='0.758194'/>
	<unitsAverage value='71'/>
</results>
