<results>
	<result value='win'/>
	<start value='2015-05-05.08:37:40'/>
	<end value='2015-05-05.08:38:26'/>
	<frames value='41635'/>
	<gameDuration value='2602'/>

	<player>
		<unitScore value='32250'/>
		<killScore value='43500'/>
		<buildingScore value='4650'/>
		<razingScore value='12825'/>
		<mineralScore value='37490'/>
		<gasScore value='3544'/>
		<totalScore value='134259'/>
	</player>

	<enemy>
		<race value='Terran'/>
		<unitScore value='26475'/>
		<unitScore value='26475'/>
		<killScore value='38800'/>
		<buildingScore value='4275'/>
		<razingScore value='900'/>
		<mineralScore value='18958'/>
		<gasScore value='9906'/>
		<totalScore value='99314'/>
	</enemy>

	<scoreRatio value='1.35186'/>
	<timeFitness value='0.638611'/>
	<unitsAverage value='120'/>
</results>
