<results>
	<result value='win'/>
	<start value='2015-05-09.10:10:39'/>
	<end value='2015-05-09.10:11:13'/>
	<frames value='32707'/>
	<gameDuration value='2044'/>

	<player>
		<unitScore value='21050'/>
		<killScore value='25950'/>
		<buildingScore value='4375'/>
		<razingScore value='10725'/>
		<mineralScore value='35482'/>
		<gasScore value='3128'/>
		<totalScore value='100710'/>
	</player>

	<enemy>
		<race value='Terran'/>
		<unitScore value='12975'/>
		<unitScore value='12975'/>
		<killScore value='17900'/>
		<buildingScore value='3575'/>
		<razingScore value='450'/>
		<mineralScore value='12050'/>
		<gasScore value='5030'/>
		<totalScore value='51980'/>
	</enemy>

	<scoreRatio value='1.93748'/>
	<timeFitness value='0.716111'/>
	<unitsAverage value='121'/>
</results>
