<results>
	<result value='win'/>
	<start value='2015-05-09.10:16:05'/>
	<end value='2015-05-09.10:16:34'/>
	<frames value='32118'/>
	<gameDuration value='2007'/>

	<player>
		<unitScore value='18125'/>
		<killScore value='30900'/>
		<buildingScore value='4200'/>
		<razingScore value='10425'/>
		<mineralScore value='27202'/>
		<gasScore value='2784'/>
		<totalScore value='93636'/>
	</player>

	<enemy>
		<race value='Terran'/>
		<unitScore value='16250'/>
		<unitScore value='16250'/>
		<killScore value='12250'/>
		<buildingScore value='3475'/>
		<razingScore value='1575'/>
		<mineralScore value='14770'/>
		<gasScore value='7352'/>
		<totalScore value='55672'/>
	</enemy>

	<scoreRatio value='1.68192'/>
	<timeFitness value='0.72125'/>
	<unitsAverage value='95'/>
</results>
