<results>
	<result value='win'/>
	<start value='2015-05-05.03:46:30'/>
	<end value='2015-05-05.03:47:41'/>
	<frames value='33389'/>
	<gameDuration value='2086'/>

	<player>
		<unitScore value='20450'/>
		<killScore value='39100'/>
		<buildingScore value='4225'/>
		<razingScore value='8115'/>
		<mineralScore value='38974'/>
		<gasScore value='3856'/>
		<totalScore value='114720'/>
	</player>

	<enemy>
		<race value='Zerg'/>
		<unitScore value='17100'/>
		<unitScore value='17100'/>
		<killScore value='18200'/>
		<buildingScore value='2705'/>
		<razingScore value='0'/>
		<mineralScore value='16094'/>
		<gasScore value='4864'/>
		<totalScore value='58963'/>
	</enemy>

	<scoreRatio value='1.94563'/>
	<timeFitness value='0.710278'/>
	<unitsAverage value='124'/>
</results>
