<results>
	<result value='win'/>
	<start value='2015-05-05.04:00:17'/>
	<end value='2015-05-05.04:01:23'/>
	<frames value='30816'/>
	<gameDuration value='1926'/>

	<player>
		<unitScore value='22850'/>
		<killScore value='37840'/>
		<buildingScore value='5075'/>
		<razingScore value='6840'/>
		<mineralScore value='27810'/>
		<gasScore value='2288'/>
		<totalScore value='102703'/>
	</player>

	<enemy>
		<race value='Zerg'/>
		<unitScore value='16275'/>
		<unitScore value='16275'/>
		<killScore value='19550'/>
		<buildingScore value='2280'/>
		<razingScore value='0'/>
		<mineralScore value='14518'/>
		<gasScore value='4640'/>
		<totalScore value='57263'/>
	</enemy>

	<scoreRatio value='1.79353'/>
	<timeFitness value='0.7325'/>
	<unitsAverage value='110'/>
</results>
