<results>
	<result value='win'/>
	<start value='2015-05-05.04:17:41'/>
	<end value='2015-05-05.04:20:39'/>
	<frames value='53043'/>
	<gameDuration value='3315'/>

	<player>
		<unitScore value='29500'/>
		<killScore value='52380'/>
		<buildingScore value='5400'/>
		<razingScore value='6495'/>
		<mineralScore value='42082'/>
		<gasScore value='6232'/>
		<totalScore value='142089'/>
	</player>

	<enemy>
		<race value='Zerg'/>
		<unitScore value='22225'/>
		<unitScore value='22225'/>
		<killScore value='32150'/>
		<buildingScore value='2165'/>
		<razingScore value='0'/>
		<mineralScore value='18782'/>
		<gasScore value='7160'/>
		<totalScore value='82482'/>
	</enemy>

	<scoreRatio value='1.72267'/>
	<timeFitness value='0.539583'/>
	<unitsAverage value='173'/>
</results>
