<results>
	<result value='win'/>
	<start value='2015-05-05.04:27:12'/>
	<end value='2015-05-05.04:28:06'/>
	<frames value='29483'/>
	<gameDuration value='1842'/>

	<player>
		<unitScore value='17225'/>
		<killScore value='29160'/>
		<buildingScore value='3725'/>
		<razingScore value='6945'/>
		<mineralScore value='30850'/>
		<gasScore value='2280'/>
		<totalScore value='90185'/>
	</player>

	<enemy>
		<race value='Zerg'/>
		<unitScore value='13075'/>
		<unitScore value='13075'/>
		<killScore value='13350'/>
		<buildingScore value='2315'/>
		<razingScore value='0'/>
		<mineralScore value='13218'/>
		<gasScore value='3824'/>
		<totalScore value='45782'/>
	</enemy>

	<scoreRatio value='1.96988'/>
	<timeFitness value='0.744167'/>
	<unitsAverage value='100'/>
</results>
