<results>
	<result value='win'/>
	<start value='2015-05-05.04:28:11'/>
	<end value='2015-05-05.04:28:53'/>
	<frames value='24802'/>
	<gameDuration value='1550'/>

	<player>
		<unitScore value='13875'/>
		<killScore value='19460'/>
		<buildingScore value='3725'/>
		<razingScore value='5535'/>
		<mineralScore value='23462'/>
		<gasScore value='2128'/>
		<totalScore value='68185'/>
	</player>

	<enemy>
		<race value='Zerg'/>
		<unitScore value='9700'/>
		<unitScore value='9700'/>
		<killScore value='9000'/>
		<buildingScore value='1845'/>
		<razingScore value='0'/>
		<mineralScore value='9154'/>
		<gasScore value='2944'/>
		<totalScore value='32643'/>
	</enemy>

	<scoreRatio value='2.08881'/>
	<timeFitness value='0.784722'/>
	<unitsAverage value='90'/>
</results>
