<results>
	<result value='loss'/>
	<start value='2015-04-07.20:30:24'/>
	<end value='2015-04-07.20:30:49'/>
	<frames value='35683'/>
	<gameDuration value='2230'/>

	<player>
		<unitScore value='14875'/>
		<killScore value='10100'/>
		<buildingScore value='2150'/>
		<razingScore value='2700'/>
		<mineralScore value='18242'/>
		<gasScore value='2880'/>
		<totalScore value='50947'/>
	</player>

	<enemy>
		<race value='Protoss'/>
		<unitScore value='19150'/>
		<unitScore value='19150'/>
		<killScore value='29850'/>
		<buildingScore value='7925'/>
		<razingScore value='6450'/>
		<mineralScore value='23862'/>
		<gasScore value='8206'/>
		<totalScore value='95443'/>
	</enemy>

	<scoreRatio value='0.533795'/>
</results>
