<results>
	<result value='loss'/>
	<start value='2014-07-22.19:32:32'/>
	<end value='2014-07-22.19:32:42'/>
	<frames value='19129'/>
	<gameDuration value='1195'/>

	<player>
		<unitScore value='2575'/>
		<killScore value='5350'/>
		<buildingScore value='1900'/>
		<razingScore value='300'/>
		<mineralScore value='4514'/>
		<gasScore value='920'/>
		<totalScore value='15559'/>
	</player>

	<enemy>
		<race value='Terran'/>
		<unitScore value='6725'/>
		<unitScore value='6725'/>
		<killScore value='4200'/>
		<buildingScore value='2850'/>
		<razingScore value='5700'/>
		<mineralScore value='8650'/>
		<gasScore value='2976'/>
		<totalScore value='31101'/>
	</enemy>

	<scoreRatio value='0.500273'/>
</results>
