<results>
	<result value='loss'/>
	<start value='2014-07-22.19:32:45'/>
	<end value='2014-07-22.19:32:51'/>
	<frames value='14696'/>
	<gameDuration value='918'/>

	<player>
		<unitScore value='2050'/>
		<killScore value='550'/>
		<buildingScore value='1325'/>
		<razingScore value='0'/>
		<mineralScore value='3346'/>
		<gasScore value='0'/>
		<totalScore value='7271'/>
	</player>

	<enemy>
		<race value='Terran'/>
		<unitScore value='4500'/>
		<unitScore value='4500'/>
		<killScore value='4100'/>
		<buildingScore value='1450'/>
		<razingScore value='3975'/>
		<mineralScore value='6722'/>
		<gasScore value='2000'/>
		<totalScore value='22747'/>
	</enemy>

	<scoreRatio value='0.319647'/>
</results>
