<results>
	<result value='win'/>
	<start value='2015-05-03.10:34:22'/>
	<end value='2015-05-03.10:34:44'/>
	<frames value='22353'/>
	<gameDuration value='1397'/>

	<player>
		<unitScore value='14050'/>
		<killScore value='20790'/>
		<buildingScore value='3275'/>
		<razingScore value='4920'/>
		<mineralScore value='20930'/>
		<gasScore value='1264'/>
		<totalScore value='65229'/>
	</player>

	<enemy>
		<race value='Zerg'/>
		<unitScore value='9775'/>
		<unitScore value='9775'/>
		<killScore value='11800'/>
		<buildingScore value='1640'/>
		<razingScore value='0'/>
		<mineralScore value='9474'/>
		<gasScore value='2952'/>
		<totalScore value='35641'/>
	</enemy>

	<scoreRatio value='1.83017'/>
	<timeFitness value='0.805972'/>
	<unitsAverage value='79'/>
</results>
