<results>
	<result value='win'/>
	<start value='2015-05-03.10:43:36'/>
	<end value='2015-05-03.10:44:04'/>
	<frames value='27406'/>
	<gameDuration value='1712'/>

	<player>
		<unitScore value='16275'/>
		<killScore value='26190'/>
		<buildingScore value='2325'/>
		<razingScore value='4875'/>
		<mineralScore value='21378'/>
		<gasScore value='2816'/>
		<totalScore value='73859'/>
	</player>

	<enemy>
		<race value='Zerg'/>
		<unitScore value='11375'/>
		<unitScore value='11375'/>
		<killScore value='16800'/>
		<buildingScore value='1625'/>
		<razingScore value='0'/>
		<mineralScore value='10238'/>
		<gasScore value='2880'/>
		<totalScore value='42918'/>
	</enemy>

	<scoreRatio value='1.72093'/>
	<timeFitness value='0.762222'/>
	<unitsAverage value='82'/>
</results>
