<results>
	<result value='win'/>
	<start value='2015-04-08.18:20:05'/>
	<end value='2015-04-08.18:21:02'/>
	<frames value='44549'/>
	<gameDuration value='2784'/>

	<player>
		<unitScore value='34325'/>
		<killScore value='31900'/>
		<buildingScore value='3900'/>
		<razingScore value='20100'/>
		<mineralScore value='36302'/>
		<gasScore value='5160'/>
		<totalScore value='131687'/>
	</player>

	<enemy>
		<race value='Protoss'/>
		<unitScore value='17200'/>
		<unitScore value='17200'/>
		<killScore value='46600'/>
		<buildingScore value='6700'/>
		<razingScore value='150'/>
		<mineralScore value='23278'/>
		<gasScore value='6584'/>
		<totalScore value='100512'/>
	</enemy>

	<scoreRatio value='1.31016'/>
</results>
