<results>
	<result value='loss'/>
	<start value='2015-04-08.18:21:06'/>
	<end value='2015-04-08.18:21:15'/>
	<frames value='17021'/>
	<gameDuration value='1063'/>

	<player>
		<unitScore value='3650'/>
		<killScore value='1000'/>
		<buildingScore value='1675'/>
		<razingScore value='0'/>
		<mineralScore value='5482'/>
		<gasScore value='664'/>
		<totalScore value='12471'/>
	</player>

	<enemy>
		<race value='Protoss'/>
		<unitScore value='3700'/>
		<unitScore value='3700'/>
		<killScore value='7550'/>
		<buildingScore value='4075'/>
		<razingScore value='5025'/>
		<mineralScore value='9034'/>
		<gasScore value='1728'/>
		<totalScore value='31112'/>
	</enemy>

	<scoreRatio value='0.400842'/>
</results>
