<results>
	<result value='win'/>
	<start value='2014-07-07.18:41:59'/>
	<end value='2014-07-07.18:42:09'/>
	<frames value='17145'/>
	<gameDuration value='1071'/>

	<player>
		<unitScore value='8000'/>
		<killScore value='9850'/>
		<buildingScore value='3100'/>
		<razingScore value='3975'/>
		<mineralScore value='12554'/>
		<gasScore value='1168'/>
		<totalScore value='38647'/>
	</player>

	<enemy>
		<race value='Terran'/>
		<unitScore value='4925'/>
		<unitScore value='4925'/>
		<killScore value='1200'/>
		<buildingScore value='1400'/>
		<razingScore value='0'/>
		<mineralScore value='7658'/>
		<gasScore value='2080'/>
		<totalScore value='17263'/>
	</enemy>

	<scoreRatio value='2.23872'/>
</results>
