<results>
	<result value='win'/>
	<start value='2014-07-07.18:45:39'/>
	<end value='2014-07-07.18:45:47'/>
	<frames value='17517'/>
	<gameDuration value='1094'/>

	<player>
		<unitScore value='6625'/>
		<killScore value='10600'/>
		<buildingScore value='2275'/>
		<razingScore value='3975'/>
		<mineralScore value='10042'/>
		<gasScore value='1016'/>
		<totalScore value='34533'/>
	</player>

	<enemy>
		<race value='Terran'/>
		<unitScore value='5300'/>
		<unitScore value='5300'/>
		<killScore value='4100'/>
		<buildingScore value='1400'/>
		<razingScore value='150'/>
		<mineralScore value='7298'/>
		<gasScore value='2096'/>
		<totalScore value='20344'/>
	</enemy>

	<scoreRatio value='1.69745'/>
</results>
