<results>
	<result value='win'/>
	<start value='2015-05-04.06:37:48'/>
	<end value='2015-05-04.06:38:13'/>
	<frames value='31746'/>
	<gameDuration value='1984'/>

	<player>
		<unitScore value='16200'/>
		<killScore value='19000'/>
		<buildingScore value='2775'/>
		<razingScore value='21525'/>
		<mineralScore value='22370'/>
		<gasScore value='2496'/>
		<totalScore value='84366'/>
	</player>

	<enemy>
		<race value='Protoss'/>
		<unitScore value='9550'/>
		<unitScore value='9550'/>
		<killScore value='16150'/>
		<buildingScore value='7175'/>
		<razingScore value='150'/>
		<mineralScore value='18738'/>
		<gasScore value='3728'/>
		<totalScore value='55491'/>
	</enemy>

	<scoreRatio value='1.52035'/>
	<timeFitness value='0.724444'/>
	<unitsAverage value='80'/>
</results>
