<results>
	<result value='loss'/>
	<start value='2015-03-31.12:03:15'/>
	<end value='2015-03-31.12:04:02'/>
	<frames value='45789'/>
	<gameDuration value='2861'/>

	<player>
		<unitScore value='22100'/>
		<killScore value='30050'/>
		<buildingScore value='2775'/>
		<razingScore value='0'/>
		<mineralScore value='24026'/>
		<gasScore value='4950'/>
		<totalScore value='83901'/>
	</player>

	<enemy>
		<race value='Protoss'/>
		<unitScore value='35605'/>
		<unitScore value='35605'/>
		<killScore value='44200'/>
		<buildingScore value='7975'/>
		<razingScore value='8325'/>
		<mineralScore value='32166'/>
		<gasScore value='12352'/>
		<totalScore value='140623'/>
	</enemy>

	<scoreRatio value='0.596638'/>
</results>
