<results>
	<result value='draw'/>
	<start value='2015-03-31.12:08:54'/>
	<end value='2015-03-31.12:10:07'/>
	<frames value='57601'/>
	<gameDuration value='3600'/>

	<player>
		<unitScore value='29475'/>
		<killScore value='53250'/>
		<buildingScore value='3325'/>
		<razingScore value='3750'/>
		<mineralScore value='31894'/>
		<gasScore value='4392'/>
		<totalScore value='126086'/>
	</player>

	<enemy>
		<race value='Protoss'/>
		<unitScore value='33500'/>
		<unitScore value='33500'/>
		<killScore value='51600'/>
		<buildingScore value='6675'/>
		<razingScore value='375'/>
		<mineralScore value='28046'/>
		<gasScore value='11466'/>
		<totalScore value='131662'/>
	</enemy>

	<scoreRatio value='0.957649'/>
</results>
