<results>
	<result value='loss'/>
	<start value='2015-04-28.02:54:52'/>
	<end value='2015-04-28.02:55:02'/>
	<frames value='21330'/>
	<gameDuration value='1333'/>

	<player>
		<unitScore value='7425'/>
		<killScore value='3100'/>
		<buildingScore value='2175'/>
		<razingScore value='0'/>
		<mineralScore value='9674'/>
		<gasScore value='1320'/>
		<totalScore value='23694'/>
	</player>

	<enemy>
		<race value='Terran'/>
		<unitScore value='8575'/>
		<unitScore value='8575'/>
		<killScore value='14850'/>
		<buildingScore value='3225'/>
		<razingScore value='6525'/>
		<mineralScore value='10202'/>
		<gasScore value='4200'/>
		<totalScore value='47577'/>
	</enemy>

	<scoreRatio value='0.498014'/>
</results>
