<results>
	<result value='loss'/>
	<start value='2015-05-10.17:20:01'/>
	<end value='2015-05-10.17:21:00'/>
	<frames value='53012'/>
	<gameDuration value='3313'/>

	<player>
		<unitScore value='21925'/>
		<killScore value='41050'/>
		<buildingScore value='2175'/>
		<razingScore value='1800'/>
		<mineralScore value='24210'/>
		<gasScore value='5094'/>
		<totalScore value='96254'/>
	</player>

	<enemy>
		<race value='Protoss'/>
		<unitScore value='39850'/>
		<unitScore value='39850'/>
		<killScore value='43600'/>
		<buildingScore value='7975'/>
		<razingScore value='6525'/>
		<mineralScore value='33922'/>
		<gasScore value='13388'/>
		<totalScore value='145260'/>
	</enemy>

	<scoreRatio value='0.662633'/>
	<timeFitness value='0.460139'/>
	<unitsAverage value='92'/>
</results>
