<results>
	<result value='draw'/>
	<start value='2015-05-10.17:25:12'/>
	<end value='2015-05-10.17:26:29'/>
	<frames value='57601'/>
	<gameDuration value='3600'/>

	<player>
		<unitScore value='29975'/>
		<killScore value='61100'/>
		<buildingScore value='2875'/>
		<razingScore value='11700'/>
		<mineralScore value='31870'/>
		<gasScore value='7812'/>
		<totalScore value='145332'/>
	</player>

	<enemy>
		<race value='Protoss'/>
		<unitScore value='36850'/>
		<unitScore value='36850'/>
		<killScore value='52950'/>
		<buildingScore value='6800'/>
		<razingScore value='0'/>
		<mineralScore value='29930'/>
		<gasScore value='10422'/>
		<totalScore value='136952'/>
	</enemy>

	<scoreRatio value='1.06119'/>
	<timeFitness value='0.5'/>
	<unitsAverage value='118'/>
</results>
