<results>
	<result value='loss'/>
	<start value='2015-04-13.16:22:07'/>
	<end value='2015-04-13.16:22:23'/>
	<frames value='18075'/>
	<gameDuration value='1129'/>

	<player>
		<unitScore value='3025'/>
		<killScore value='1600'/>
		<buildingScore value='1600'/>
		<razingScore value='0'/>
		<mineralScore value='4938'/>
		<gasScore value='688'/>
		<totalScore value='11851'/>
	</player>

	<enemy>
		<race value='Protoss'/>
		<unitScore value='4000'/>
		<unitScore value='4000'/>
		<killScore value='6050'/>
		<buildingScore value='4175'/>
		<razingScore value='4800'/>
		<mineralScore value='9754'/>
		<gasScore value='1856'/>
		<totalScore value='30635'/>
	</enemy>

	<scoreRatio value='0.386845'/>
</results>
