<results>
	<result value='loss'/>
	<start value='2015-04-13.16:32:16'/>
	<end value='2015-04-13.16:32:50'/>
	<frames value='33017'/>
	<gameDuration value='2063'/>

	<player>
		<unitScore value='8350'/>
		<killScore value='5900'/>
		<buildingScore value='1950'/>
		<razingScore value='0'/>
		<mineralScore value='11074'/>
		<gasScore value='1400'/>
		<totalScore value='28674'/>
	</player>

	<enemy>
		<race value='Protoss'/>
		<unitScore value='16650'/>
		<unitScore value='16650'/>
		<killScore value='16700'/>
		<buildingScore value='6975'/>
		<razingScore value='5850'/>
		<mineralScore value='20786'/>
		<gasScore value='7784'/>
		<totalScore value='74745'/>
	</enemy>

	<scoreRatio value='0.383624'/>
</results>
