<results>
	<result value='draw'/>
	<start value='2015-03-31.10:54:54'/>
	<end value='2015-03-31.10:56:02'/>
	<frames value='57601'/>
	<gameDuration value='3600'/>

	<player>
		<unitScore value='29825'/>
		<killScore value='59900'/>
		<buildingScore value='3600'/>
		<razingScore value='300'/>
		<mineralScore value='31462'/>
		<gasScore value='9972'/>
		<totalScore value='135059'/>
	</player>

	<enemy>
		<race value='Protoss'/>
		<unitScore value='40875'/>
		<unitScore value='40875'/>
		<killScore value='50750'/>
		<buildingScore value='6500'/>
		<razingScore value='4350'/>
		<mineralScore value='31550'/>
		<gasScore value='12144'/>
		<totalScore value='146169'/>
	</enemy>

	<scoreRatio value='0.923992'/>
</results>
