<results>
	<result value='loss'/>
	<start value='2015-03-31.10:58:59'/>
	<end value='2015-03-31.10:59:21'/>
	<frames value='35404'/>
	<gameDuration value='2212'/>

	<player>
		<unitScore value='9950'/>
		<killScore value='10400'/>
		<buildingScore value='2400'/>
		<razingScore value='0'/>
		<mineralScore value='12054'/>
		<gasScore value='2192'/>
		<totalScore value='36996'/>
	</player>

	<enemy>
		<race value='Protoss'/>
		<unitScore value='20875'/>
		<unitScore value='20875'/>
		<killScore value='19900'/>
		<buildingScore value='6925'/>
		<razingScore value='7200'/>
		<mineralScore value='22658'/>
		<gasScore value='9136'/>
		<totalScore value='86694'/>
	</enemy>

	<scoreRatio value='0.426742'/>
</results>
