<results>
	<result value='win'/>
	<start value='2015-04-09.01:31:22'/>
	<end value='2015-04-09.01:32:10'/>
	<frames value='34970'/>
	<gameDuration value='2185'/>

	<player>
		<unitScore value='29350'/>
		<killScore value='39500'/>
		<buildingScore value='4125'/>
		<razingScore value='18150'/>
		<mineralScore value='35262'/>
		<gasScore value='3064'/>
		<totalScore value='129451'/>
	</player>

	<enemy>
		<race value='Protoss'/>
		<unitScore value='20450'/>
		<unitScore value='20450'/>
		<killScore value='35250'/>
		<buildingScore value='6050'/>
		<razingScore value='0'/>
		<mineralScore value='20002'/>
		<gasScore value='6056'/>
		<totalScore value='87808'/>
	</enemy>

	<scoreRatio value='1.47425'/>
</results>
