<results>
	<result value='win'/>
	<start value='2015-04-09.01:42:05'/>
	<end value='2015-04-09.01:42:56'/>
	<frames value='39124'/>
	<gameDuration value='2445'/>

	<player>
		<unitScore value='28475'/>
		<killScore value='31800'/>
		<buildingScore value='4700'/>
		<razingScore value='18675'/>
		<mineralScore value='37354'/>
		<gasScore value='3928'/>
		<totalScore value='124932'/>
	</player>

	<enemy>
		<race value='Protoss'/>
		<unitScore value='17600'/>
		<unitScore value='17600'/>
		<killScore value='33200'/>
		<buildingScore value='6225'/>
		<razingScore value='600'/>
		<mineralScore value='19274'/>
		<gasScore value='7456'/>
		<totalScore value='84355'/>
	</enemy>

	<scoreRatio value='1.48103'/>
</results>
