<results>
	<result value='loss'/>
	<start value='2014-07-05.23:40:16'/>
	<end value='2014-07-05.23:40:59'/>
	<frames value='51617'/>
	<gameDuration value='3226'/>

	<player>
		<unitScore value='24700'/>
		<killScore value='56100'/>
		<buildingScore value='2475'/>
		<razingScore value='0'/>
		<mineralScore value='23930'/>
		<gasScore value='4400'/>
		<totalScore value='111605'/>
	</player>

	<enemy>
		<race value='Protoss'/>
		<unitScore value='46575'/>
		<unitScore value='46575'/>
		<killScore value='49400'/>
		<buildingScore value='7125'/>
		<razingScore value='7425'/>
		<mineralScore value='35546'/>
		<gasScore value='14818'/>
		<totalScore value='160889'/>
	</enemy>

	<scoreRatio value='0.693677'/>
</results>
