<results>
	<result value='loss'/>
	<start value='2014-07-05.23:48:34'/>
	<end value='2014-07-05.23:49:43'/>
	<frames value='50253'/>
	<gameDuration value='3140'/>

	<player>
		<unitScore value='25075'/>
		<killScore value='32550'/>
		<buildingScore value='3125'/>
		<razingScore value='4050'/>
		<mineralScore value='24490'/>
		<gasScore value='3216'/>
		<totalScore value='92506'/>
	</player>

	<enemy>
		<race value='Protoss'/>
		<unitScore value='33425'/>
		<unitScore value='33425'/>
		<killScore value='50150'/>
		<buildingScore value='8525'/>
		<razingScore value='9375'/>
		<mineralScore value='32186'/>
		<gasScore value='10898'/>
		<totalScore value='144559'/>
	</enemy>

	<scoreRatio value='0.639919'/>
</results>
