<results>
	<result value='loss'/>
	<start value='2014-07-09.11:19:15'/>
	<end value='2014-07-09.11:19:33'/>
	<frames value='29731'/>
	<gameDuration value='1858'/>

	<player>
		<unitScore value='8900'/>
		<killScore value='5600'/>
		<buildingScore value='2075'/>
		<razingScore value='0'/>
		<mineralScore value='10518'/>
		<gasScore value='2424'/>
		<totalScore value='29517'/>
	</player>

	<enemy>
		<race value='Protoss'/>
		<unitScore value='15150'/>
		<unitScore value='15150'/>
		<killScore value='17800'/>
		<buildingScore value='6875'/>
		<razingScore value='6225'/>
		<mineralScore value='19306'/>
		<gasScore value='6880'/>
		<totalScore value='72236'/>
	</enemy>

	<scoreRatio value='0.408619'/>
</results>
