<results>
	<result value='loss'/>
	<start value='2015-07-15.01:15:37'/>
	<end value='2015-07-15.01:15:44'/>
	<frames value='16215'/>
	<gameDuration value='1013'/>

	<player>
		<unitScore value='3750'/>
		<killScore value='9400'/>
		<buildingScore value='1950'/>
		<razingScore value='525'/>
		<mineralScore value='5362'/>
		<gasScore value='1048'/>
		<totalScore value='22035'/>
	</player>

	<enemy>
		<race value='Protoss'/>
		<unitScore value='5850'/>
		<killScore value='6400'/>
		<buildingScore value='1975'/>
		<razingScore value='5850'/>
		<mineralScore value='7146'/>
		<gasScore value='1448'/>
		<totalScore value='28669'/>
	</enemy>

	<scoreRatio value='0.7686'/>
	<timeFitness value='0.140694'/>
	<unitsAverage value='26'/>
</results>
