<results>
	<result value='draw'/>
	<start value='2015-07-15.01:34:41'/>
	<end value='2015-07-15.01:35:59'/>
	<frames value='57601'/>
	<gameDuration value='3600'/>

	<player>
		<unitScore value='43475'/>
		<killScore value='34900'/>
		<buildingScore value='3050'/>
		<razingScore value='1950'/>
		<mineralScore value='35954'/>
		<gasScore value='5694'/>
		<totalScore value='125023'/>
	</player>

	<enemy>
		<race value='Protoss'/>
		<unitScore value='27550'/>
		<killScore value='73550'/>
		<buildingScore value='6675'/>
		<razingScore value='1125'/>
		<mineralScore value='26882'/>
		<gasScore value='13750'/>
		<totalScore value='149532'/>
	</enemy>

	<scoreRatio value='0.836095'/>
	<timeFitness value='0.5'/>
	<unitsAverage value='117'/>
</results>
