<results>
	<result value='loss'/>
	<start value='2015-04-12.05:36:55'/>
	<end value='2015-04-12.05:37:54'/>
	<frames value='46316'/>
	<gameDuration value='2894'/>

	<player>
		<unitScore value='21825'/>
		<killScore value='27900'/>
		<buildingScore value='2775'/>
		<razingScore value='0'/>
		<mineralScore value='23982'/>
		<gasScore value='1376'/>
		<totalScore value='77858'/>
	</player>

	<enemy>
		<race value='Protoss'/>
		<unitScore value='32325'/>
		<unitScore value='32325'/>
		<killScore value='43500'/>
		<buildingScore value='7025'/>
		<razingScore value='8325'/>
		<mineralScore value='30374'/>
		<gasScore value='11406'/>
		<totalScore value='132955'/>
	</enemy>

	<scoreRatio value='0.585597'/>
</results>
