<results>
	<result value='win'/>
	<start value='2015-04-26.15:42:34'/>
	<end value='2015-04-26.15:42:58'/>
	<frames value='26600'/>
	<gameDuration value='1662'/>

	<player>
		<unitScore value='14325'/>
		<killScore value='19250'/>
		<buildingScore value='3700'/>
		<razingScore value='8475'/>
		<mineralScore value='20162'/>
		<gasScore value='2528'/>
		<totalScore value='68440'/>
	</player>

	<enemy>
		<race value='Terran'/>
		<unitScore value='9925'/>
		<unitScore value='9925'/>
		<killScore value='11650'/>
		<buildingScore value='2900'/>
		<razingScore value='300'/>
		<mineralScore value='10154'/>
		<gasScore value='3688'/>
		<totalScore value='38617'/>
	</enemy>

	<scoreRatio value='1.77228'/>
</results>
