<results>
	<result value='loss'/>
	<start value='2014-07-22.19:37:13'/>
	<end value='2014-07-22.19:37:21'/>
	<frames value='15099'/>
	<gameDuration value='943'/>

	<player>
		<unitScore value='1450'/>
		<killScore value='750'/>
		<buildingScore value='1325'/>
		<razingScore value='0'/>
		<mineralScore value='2618'/>
		<gasScore value='760'/>
		<totalScore value='6903'/>
	</player>

	<enemy>
		<race value='Terran'/>
		<unitScore value='4950'/>
		<unitScore value='4950'/>
		<killScore value='2900'/>
		<buildingScore value='1500'/>
		<razingScore value='3975'/>
		<mineralScore value='6954'/>
		<gasScore value='1992'/>
		<totalScore value='22271'/>
	</enemy>

	<scoreRatio value='0.309955'/>
</results>
