<results>
	<result value='win'/>
	<start value='2015-05-11.04:55:26'/>
	<end value='2015-05-11.04:56:07'/>
	<frames value='27065'/>
	<gameDuration value='1691'/>

	<player>
		<unitScore value='17475'/>
		<killScore value='30490'/>
		<buildingScore value='3575'/>
		<razingScore value='6630'/>
		<mineralScore value='28378'/>
		<gasScore value='2848'/>
		<totalScore value='89396'/>
	</player>

	<enemy>
		<race value='Zerg'/>
		<unitScore value='13275'/>
		<unitScore value='13275'/>
		<killScore value='13300'/>
		<buildingScore value='2210'/>
		<razingScore value='150'/>
		<mineralScore value='12694'/>
		<gasScore value='3736'/>
		<totalScore value='45365'/>
	</enemy>

	<scoreRatio value='1.97059'/>
	<timeFitness value='0.765139'/>
	<unitsAverage value='98'/>
</results>
