<results>
	<result value='win'/>
	<start value='2015-05-05.20:21:42'/>
	<end value='2015-05-05.20:22:13'/>
	<frames value='30723'/>
	<gameDuration value='1920'/>

	<player>
		<unitScore value='18100'/>
		<killScore value='29350'/>
		<buildingScore value='4575'/>
		<razingScore value='10875'/>
		<mineralScore value='25834'/>
		<gasScore value='2984'/>
		<totalScore value='91718'/>
	</player>

	<enemy>
		<race value='Terran'/>
		<unitScore value='15475'/>
		<unitScore value='15475'/>
		<killScore value='14150'/>
		<buildingScore value='3625'/>
		<razingScore value='1500'/>
		<mineralScore value='13578'/>
		<gasScore value='6272'/>
		<totalScore value='54600'/>
	</enemy>

	<scoreRatio value='1.67982'/>
	<timeFitness value='0.733333'/>
	<unitsAverage value='89'/>
</results>
