<results>
	<result value='win'/>
	<start value='2015-05-05.20:31:05'/>
	<end value='2015-05-05.20:31:54'/>
	<frames value='44518'/>
	<gameDuration value='2782'/>

	<player>
		<unitScore value='23975'/>
		<killScore value='31850'/>
		<buildingScore value='5375'/>
		<razingScore value='10425'/>
		<mineralScore value='30994'/>
		<gasScore value='4424'/>
		<totalScore value='107043'/>
	</player>

	<enemy>
		<race value='Terran'/>
		<unitScore value='15925'/>
		<unitScore value='15925'/>
		<killScore value='23300'/>
		<buildingScore value='3475'/>
		<razingScore value='3675'/>
		<mineralScore value='14914'/>
		<gasScore value='5516'/>
		<totalScore value='66805'/>
	</enemy>

	<scoreRatio value='1.60232'/>
	<timeFitness value='0.613611'/>
	<unitsAverage value='93'/>
</results>
