<results>
	<result value='win'/>
	<start value='2015-05-05.20:38:27'/>
	<end value='2015-05-05.20:39:25'/>
	<frames value='50160'/>
	<gameDuration value='3135'/>

	<player>
		<unitScore value='29250'/>
		<killScore value='52250'/>
		<buildingScore value='3450'/>
		<razingScore value='14250'/>
		<mineralScore value='30970'/>
		<gasScore value='3896'/>
		<totalScore value='134066'/>
	</player>

	<enemy>
		<race value='Terran'/>
		<unitScore value='29325'/>
		<unitScore value='29325'/>
		<killScore value='39900'/>
		<buildingScore value='4750'/>
		<razingScore value='1725'/>
		<mineralScore value='26114'/>
		<gasScore value='10546'/>
		<totalScore value='112360'/>
	</enemy>

	<scoreRatio value='1.19318'/>
	<timeFitness value='0.564583'/>
	<unitsAverage value='99'/>
</results>
