<results>
	<result value='win'/>
	<start value='2015-05-05.20:45:09'/>
	<end value='2015-05-05.20:45:23'/>
	<frames value='22849'/>
	<gameDuration value='1428'/>

	<player>
		<unitScore value='7275'/>
		<killScore value='15100'/>
		<buildingScore value='2725'/>
		<razingScore value='5400'/>
		<mineralScore value='10790'/>
		<gasScore value='1968'/>
		<totalScore value='43258'/>
	</player>

	<enemy>
		<race value='Terran'/>
		<unitScore value='7550'/>
		<unitScore value='7550'/>
		<killScore value='5600'/>
		<buildingScore value='1800'/>
		<razingScore value='2925'/>
		<mineralScore value='7586'/>
		<gasScore value='2248'/>
		<totalScore value='27709'/>
	</enemy>

	<scoreRatio value='1.56115'/>
	<timeFitness value='0.801667'/>
	<unitsAverage value='48'/>
</results>
