<results>
	<result value='loss'/>
	<start value='2015-07-15.01:53:22'/>
	<end value='2015-07-15.01:53:40'/>
	<frames value='29545'/>
	<gameDuration value='1846'/>

	<player>
		<unitScore value='12900'/>
		<killScore value='6900'/>
		<buildingScore value='2425'/>
		<razingScore value='0'/>
		<mineralScore value='12490'/>
		<gasScore value='2112'/>
		<totalScore value='36827'/>
	</player>

	<enemy>
		<race value='Protoss'/>
		<unitScore value='14650'/>
		<killScore value='24400'/>
		<buildingScore value='6925'/>
		<razingScore value='7275'/>
		<mineralScore value='18966'/>
		<gasScore value='6280'/>
		<totalScore value='78496'/>
	</enemy>

	<scoreRatio value='0.469158'/>
	<timeFitness value='0.256389'/>
	<unitsAverage value='42'/>
</results>
