<results>
	<result value='loss'/>
	<start value='2015-04-28.01:20:11'/>
	<end value='2015-04-28.01:20:25'/>
	<frames value='17455'/>
	<gameDuration value='1090'/>

	<player>
		<unitScore value='4675'/>
		<killScore value='1300'/>
		<buildingScore value='1775'/>
		<razingScore value='0'/>
		<mineralScore value='6354'/>
		<gasScore value='872'/>
		<totalScore value='14976'/>
	</player>

	<enemy>
		<race value='Protoss'/>
		<unitScore value='5025'/>
		<unitScore value='5025'/>
		<killScore value='8500'/>
		<buildingScore value='3125'/>
		<razingScore value='5325'/>
		<mineralScore value='8842'/>
		<gasScore value='2200'/>
		<totalScore value='33017'/>
	</enemy>

	<scoreRatio value='0.453585'/>
</results>
