<results>
	<result value='loss'/>
	<start value='2015-04-16.17:21:52'/>
	<end value='2015-04-16.17:22:05'/>
	<frames value='14789'/>
	<gameDuration value='924'/>

	<player>
		<unitScore value='2400'/>
		<killScore value='400'/>
		<buildingScore value='1725'/>
		<razingScore value='0'/>
		<mineralScore value='4466'/>
		<gasScore value='672'/>
		<totalScore value='9663'/>
	</player>

	<enemy>
		<race value='Protoss'/>
		<unitScore value='3550'/>
		<unitScore value='3550'/>
		<killScore value='4700'/>
		<buildingScore value='2525'/>
		<razingScore value='5175'/>
		<mineralScore value='7698'/>
		<gasScore value='1320'/>
		<totalScore value='24968'/>
	</enemy>

	<scoreRatio value='0.387015'/>
</results>
