<results>
	<result value='win'/>
	<start value='2015-04-30.17:29:35'/>
	<end value='2015-04-30.17:30:01'/>
	<frames value='21702'/>
	<gameDuration value='1356'/>

	<player>
		<unitScore value='11600'/>
		<killScore value='20470'/>
		<buildingScore value='3325'/>
		<razingScore value='4800'/>
		<mineralScore value='19330'/>
		<gasScore value='1872'/>
		<totalScore value='61397'/>
	</player>

	<enemy>
		<race value='Zerg'/>
		<unitScore value='9350'/>
		<unitScore value='9350'/>
		<killScore value='6900'/>
		<buildingScore value='1600'/>
		<razingScore value='0'/>
		<mineralScore value='9018'/>
		<gasScore value='2680'/>
		<totalScore value='29548'/>
	</enemy>

	<scoreRatio value='2.07787'/>
</results>
