<results>
	<result value='loss'/>
	<start value='2015-05-01.19:52:21'/>
	<end value='2015-05-01.19:52:27'/>
	<frames value='18633'/>
	<gameDuration value='1164'/>

	<player>
		<unitScore value='900'/>
		<killScore value='300'/>
		<buildingScore value='625'/>
		<razingScore value='0'/>
		<mineralScore value='1218'/>
		<gasScore value='0'/>
		<totalScore value='3043'/>
	</player>

	<enemy>
		<race value='Zerg'/>
		<unitScore value='6900'/>
		<unitScore value='6900'/>
		<killScore value='1800'/>
		<buildingScore value='1520'/>
		<razingScore value='1875'/>
		<mineralScore value='7282'/>
		<gasScore value='2000'/>
		<totalScore value='21377'/>
	</enemy>

	<scoreRatio value='0.142349'/>
	<timeFitness value='0.161667'/>
	<unitsAverage value='8'/>
</results>
