<results>
	<result value='win'/>
	<start value='2014-07-24.03:20:29'/>
	<end value='2014-07-24.03:21:24'/>
	<frames value='46533'/>
	<gameDuration value='2908'/>

	<player>
		<unitScore value='25425'/>
		<killScore value='28850'/>
		<buildingScore value='6075'/>
		<razingScore value='11250'/>
		<mineralScore value='43714'/>
		<gasScore value='5688'/>
		<totalScore value='121002'/>
	</player>

	<enemy>
		<race value='Terran'/>
		<unitScore value='14725'/>
		<unitScore value='14725'/>
		<killScore value='31100'/>
		<buildingScore value='3750'/>
		<razingScore value='2025'/>
		<mineralScore value='12850'/>
		<gasScore value='6216'/>
		<totalScore value='70666'/>
	</enemy>

	<scoreRatio value='1.71231'/>
</results>
