<results>
	<result value='win'/>
	<start value='2015-07-18.08:34:51'/>
	<end value='2015-07-18.08:38:53'/>
	<frames value='56701'/>
	<gameDuration value='3543'/>

	<player>
		<unitScore value='46250'/>
		<killScore value='30700'/>
		<buildingScore value='4775'/>
		<razingScore value='10725'/>
		<mineralScore value='47678'/>
		<gasScore value='10454'/>
		<totalScore value='150582'/>
	</player>

	<enemy>
		<race value='Terran'/>
		<unitScore value='16650'/>
		<killScore value='63800'/>
		<buildingScore value='3575'/>
		<razingScore value='375'/>
		<mineralScore value='14610'/>
		<gasScore value='6312'/>
		<totalScore value='105322'/>
	</enemy>

	<scoreRatio value='1.42973'/>
	<timeFitness value='0.507917'/>
	<unitsAverage value='173'/>
</results>
