<results>
	<result value='win'/>
	<start value='2015-07-18.08:38:58'/>
	<end value='2015-07-18.08:41:01'/>
	<frames value='43216'/>
	<gameDuration value='2701'/>

	<player>
		<unitScore value='36650'/>
		<killScore value='23200'/>
		<buildingScore value='5325'/>
		<razingScore value='9600'/>
		<mineralScore value='41070'/>
		<gasScore value='4792'/>
		<totalScore value='120637'/>
	</player>

	<enemy>
		<race value='Terran'/>
		<unitScore value='12500'/>
		<killScore value='48550'/>
		<buildingScore value='3275'/>
		<razingScore value='3150'/>
		<mineralScore value='12050'/>
		<gasScore value='5670'/>
		<totalScore value='85195'/>
	</enemy>

	<scoreRatio value='1.41601'/>
	<timeFitness value='0.624861'/>
	<unitsAverage value='120'/>
</results>
