<results>
	<result value='win'/>
	<start value='2015-05-09.08:20:20'/>
	<end value='2015-05-09.08:20:42'/>
	<frames value='25763'/>
	<gameDuration value='1610'/>

	<player>
		<unitScore value='12500'/>
		<killScore value='18750'/>
		<buildingScore value='4050'/>
		<razingScore value='9900'/>
		<mineralScore value='18574'/>
		<gasScore value='2640'/>
		<totalScore value='66414'/>
	</player>

	<enemy>
		<race value='Terran'/>
		<unitScore value='9375'/>
		<unitScore value='9375'/>
		<killScore value='8200'/>
		<buildingScore value='3300'/>
		<razingScore value='1200'/>
		<mineralScore value='10258'/>
		<gasScore value='3776'/>
		<totalScore value='36109'/>
	</enemy>

	<scoreRatio value='1.83926'/>
	<timeFitness value='0.776389'/>
	<unitsAverage value='72'/>
</results>
