<results>
	<result value='loss'/>
	<start value='2015-04-17.06:18:24'/>
	<end value='2015-04-17.06:18:38'/>
	<frames value='16897'/>
	<gameDuration value='1056'/>

	<player>
		<unitScore value='3225'/>
		<killScore value='1400'/>
		<buildingScore value='1900'/>
		<razingScore value='0'/>
		<mineralScore value='5274'/>
		<gasScore value='984'/>
		<totalScore value='12783'/>
	</player>

	<enemy>
		<race value='Protoss'/>
		<unitScore value='3750'/>
		<unitScore value='3750'/>
		<killScore value='6450'/>
		<buildingScore value='4075'/>
		<razingScore value='5700'/>
		<mineralScore value='9298'/>
		<gasScore value='1856'/>
		<totalScore value='31129'/>
	</enemy>

	<scoreRatio value='0.410646'/>
</results>
