<results>
	<result value='loss'/>
	<start value='2015-07-17.03:56:37'/>
	<end value='2015-07-17.03:56:49'/>
	<frames value='18881'/>
	<gameDuration value='1180'/>

	<player>
		<unitScore value='5000'/>
		<killScore value='1100'/>
		<buildingScore value='2350'/>
		<razingScore value='0'/>
		<mineralScore value='6666'/>
		<gasScore value='880'/>
		<totalScore value='15996'/>
	</player>

	<enemy>
		<race value='Terran'/>
		<unitScore value='7175'/>
		<killScore value='9700'/>
		<buildingScore value='2900'/>
		<razingScore value='7050'/>
		<mineralScore value='8530'/>
		<gasScore value='3128'/>
		<totalScore value='38483'/>
	</enemy>

	<scoreRatio value='0.415664'/>
	<timeFitness value='0.163889'/>
	<unitsAverage value='27'/>
</results>
