<results>
	<result value='win'/>
	<start value='2014-07-11.16:18:00'/>
	<end value='2014-07-11.16:18:31'/>
	<frames value='32986'/>
	<gameDuration value='2061'/>

	<player>
		<unitScore value='20850'/>
		<killScore value='21850'/>
		<buildingScore value='4175'/>
		<razingScore value='20925'/>
		<mineralScore value='25934'/>
		<gasScore value='2752'/>
		<totalScore value='96486'/>
	</player>

	<enemy>
		<race value='Protoss'/>
		<unitScore value='11350'/>
		<unitScore value='11350'/>
		<killScore value='17200'/>
		<buildingScore value='6975'/>
		<razingScore value='1200'/>
		<mineralScore value='18062'/>
		<gasScore value='6112'/>
		<totalScore value='60899'/>
	</enemy>

	<scoreRatio value='1.58436'/>
</results>
