<results>
	<result value='win'/>
	<start value='2014-07-11.16:22:04'/>
	<end value='2014-07-11.16:22:42'/>
	<frames value='34753'/>
	<gameDuration value='2172'/>

	<player>
		<unitScore value='21375'/>
		<killScore value='27300'/>
		<buildingScore value='3925'/>
		<razingScore value='18825'/>
		<mineralScore value='28214'/>
		<gasScore value='3792'/>
		<totalScore value='103431'/>
	</player>

	<enemy>
		<race value='Protoss'/>
		<unitScore value='14325'/>
		<unitScore value='14325'/>
		<killScore value='17500'/>
		<buildingScore value='6275'/>
		<razingScore value='150'/>
		<mineralScore value='18230'/>
		<gasScore value='5816'/>
		<totalScore value='62296'/>
	</enemy>

	<scoreRatio value='1.66032'/>
</results>
