<results>
	<result value='win'/>
	<start value='2014-07-11.06:16:28'/>
	<end value='2014-07-11.06:16:59'/>
	<frames value='30971'/>
	<gameDuration value='1935'/>

	<player>
		<unitScore value='19500'/>
		<killScore value='14100'/>
		<buildingScore value='3925'/>
		<razingScore value='18075'/>
		<mineralScore value='25918'/>
		<gasScore value='3152'/>
		<totalScore value='84670'/>
	</player>

	<enemy>
		<race value='Protoss'/>
		<unitScore value='7400'/>
		<unitScore value='7400'/>
		<killScore value='14900'/>
		<buildingScore value='6025'/>
		<razingScore value='0'/>
		<mineralScore value='13354'/>
		<gasScore value='3440'/>
		<totalScore value='45119'/>
	</enemy>

	<scoreRatio value='1.87659'/>
</results>
