<results>
	<result value='win'/>
	<start value='2014-07-11.06:22:35'/>
	<end value='2014-07-11.06:22:51'/>
	<frames value='23221'/>
	<gameDuration value='1451'/>

	<player>
		<unitScore value='11025'/>
		<killScore value='10100'/>
		<buildingScore value='2900'/>
		<razingScore value='9225'/>
		<mineralScore value='15050'/>
		<gasScore value='2608'/>
		<totalScore value='50908'/>
	</player>

	<enemy>
		<race value='Protoss'/>
		<unitScore value='5050'/>
		<unitScore value='5050'/>
		<killScore value='7050'/>
		<buildingScore value='3075'/>
		<razingScore value='150'/>
		<mineralScore value='9626'/>
		<gasScore value='2200'/>
		<totalScore value='27151'/>
	</enemy>

	<scoreRatio value='1.875'/>
</results>
