<results>
	<result value='win'/>
	<start value='2014-07-11.06:27:25'/>
	<end value='2014-07-11.06:27:40'/>
	<frames value='22198'/>
	<gameDuration value='1387'/>

	<player>
		<unitScore value='9350'/>
		<killScore value='10700'/>
		<buildingScore value='3050'/>
		<razingScore value='10125'/>
		<mineralScore value='14886'/>
		<gasScore value='1832'/>
		<totalScore value='49943'/>
	</player>

	<enemy>
		<race value='Protoss'/>
		<unitScore value='5350'/>
		<unitScore value='5350'/>
		<killScore value='3900'/>
		<buildingScore value='3375'/>
		<razingScore value='300'/>
		<mineralScore value='9914'/>
		<gasScore value='2256'/>
		<totalScore value='25095'/>
	</enemy>

	<scoreRatio value='1.99016'/>
</results>
