<results>
	<result value='win'/>
	<start value='2014-07-11.06:40:57'/>
	<end value='2014-07-11.06:41:34'/>
	<frames value='34257'/>
	<gameDuration value='2141'/>

	<player>
		<unitScore value='22050'/>
		<killScore value='25000'/>
		<buildingScore value='4125'/>
		<razingScore value='18225'/>
		<mineralScore value='31850'/>
		<gasScore value='2424'/>
		<totalScore value='103674'/>
	</player>

	<enemy>
		<race value='Protoss'/>
		<unitScore value='12850'/>
		<unitScore value='12850'/>
		<killScore value='19550'/>
		<buildingScore value='6075'/>
		<razingScore value='375'/>
		<mineralScore value='15650'/>
		<gasScore value='4464'/>
		<totalScore value='58964'/>
	</enemy>

	<scoreRatio value='1.75826'/>
</results>
