<results>
	<result value='loss'/>
	<start value='2014-07-11.06:55:55'/>
	<end value='2014-07-11.06:56:03'/>
	<frames value='17455'/>
	<gameDuration value='1090'/>

	<player>
		<unitScore value='3125'/>
		<killScore value='1600'/>
		<buildingScore value='1650'/>
		<razingScore value='0'/>
		<mineralScore value='4746'/>
		<gasScore value='296'/>
		<totalScore value='11417'/>
	</player>

	<enemy>
		<race value='Protoss'/>
		<unitScore value='3550'/>
		<unitScore value='3550'/>
		<killScore value='6250'/>
		<buildingScore value='4125'/>
		<razingScore value='4950'/>
		<mineralScore value='9642'/>
		<gasScore value='1656'/>
		<totalScore value='30173'/>
	</enemy>

	<scoreRatio value='0.378385'/>
</results>
