<results>
	<result value='win'/>
	<start value='2014-07-11.07:00:42'/>
	<end value='2014-07-11.07:01:18'/>
	<frames value='34443'/>
	<gameDuration value='2152'/>

	<player>
		<unitScore value='20125'/>
		<killScore value='21450'/>
		<buildingScore value='4550'/>
		<razingScore value='18675'/>
		<mineralScore value='28458'/>
		<gasScore value='3912'/>
		<totalScore value='97170'/>
	</player>

	<enemy>
		<race value='Protoss'/>
		<unitScore value='11425'/>
		<unitScore value='11425'/>
		<killScore value='15600'/>
		<buildingScore value='6225'/>
		<razingScore value='0'/>
		<mineralScore value='16054'/>
		<gasScore value='2656'/>
		<totalScore value='51960'/>
	</enemy>

	<scoreRatio value='1.87009'/>
</results>
