<results>
	<result value='win'/>
	<start value='2015-05-08.23:25:51'/>
	<end value='2015-05-08.23:26:47'/>
	<frames value='40364'/>
	<gameDuration value='2522'/>

	<player>
		<unitScore value='27525'/>
		<killScore value='40150'/>
		<buildingScore value='4475'/>
		<razingScore value='13125'/>
		<mineralScore value='35454'/>
		<gasScore value='5912'/>
		<totalScore value='126641'/>
	</player>

	<enemy>
		<race value='Terran'/>
		<unitScore value='23700'/>
		<unitScore value='23700'/>
		<killScore value='28450'/>
		<buildingScore value='4375'/>
		<razingScore value='600'/>
		<mineralScore value='17442'/>
		<gasScore value='8884'/>
		<totalScore value='83451'/>
	</enemy>

	<scoreRatio value='1.51755'/>
	<timeFitness value='0.649722'/>
	<unitsAverage value='120'/>
</results>
