<results>
	<result value='draw'/>
	<start value='2015-07-13.05:01:44'/>
	<end value='2015-07-13.05:02:57'/>
	<frames value='57601'/>
	<gameDuration value='3600'/>

	<player>
		<unitScore value='33900'/>
		<killScore value='30600'/>
		<buildingScore value='3300'/>
		<razingScore value='4200'/>
		<mineralScore value='26634'/>
		<gasScore value='7496'/>
		<totalScore value='106130'/>
	</player>

	<enemy>
		<race value='Protoss'/>
		<unitScore value='27575'/>
		<killScore value='57350'/>
		<buildingScore value='7175'/>
		<razingScore value='2925'/>
		<mineralScore value='36314'/>
		<gasScore value='7542'/>
		<totalScore value='138881'/>
	</enemy>

	<scoreRatio value='0.764179'/>
	<timeFitness value='0.5'/>
	<unitsAverage value='101'/>
</results>
