<results>
	<result value='loss'/>
	<start value='2014-07-04.17:11:06'/>
	<end value='2014-07-04.17:11:08'/>
	<frames value='7907'/>
	<gameDuration value='494'/>

	<player>
		<unitScore value='1100'/>
		<killScore value='150'/>
		<buildingScore value='575'/>
		<razingScore value='0'/>
		<mineralScore value='1282'/>
		<gasScore value='96'/>
		<totalScore value='3203'/>
	</player>

	<enemy>
		<race value='Zerg'/>
		<unitScore value='1350'/>
		<unitScore value='1350'/>
		<killScore value='2100'/>
		<buildingScore value='780'/>
		<razingScore value='1725'/>
		<mineralScore value='2186'/>
		<gasScore value='56'/>
		<totalScore value='8197'/>
	</enemy>

	<scoreRatio value='0.390753'/>
</results>
