<results>
	<result value='loss'/>
	<start value='2015-05-08.19:00:01'/>
	<end value='2015-05-08.19:00:33'/>
	<frames value='56608'/>
	<gameDuration value='3538'/>

	<player>
		<unitScore value='12100'/>
		<killScore value='26000'/>
		<buildingScore value='2900'/>
		<razingScore value='2925'/>
		<mineralScore value='14818'/>
		<gasScore value='3648'/>
		<totalScore value='62391'/>
	</player>

	<enemy>
		<race value='Terran'/>
		<unitScore value='26150'/>
		<unitScore value='26150'/>
		<killScore value='24200'/>
		<buildingScore value='5375'/>
		<razingScore value='8700'/>
		<mineralScore value='21934'/>
		<gasScore value='13546'/>
		<totalScore value='99905'/>
	</enemy>

	<scoreRatio value='0.624503'/>
	<timeFitness value='0.491389'/>
	<unitsAverage value='47'/>
</results>
