<results>
	<result value='win'/>
	<start value='2015-05-04.19:38:40'/>
	<end value='2015-05-04.19:39:01'/>
	<frames value='32149'/>
	<gameDuration value='2009'/>

	<player>
		<unitScore value='12975'/>
		<killScore value='24750'/>
		<buildingScore value='3350'/>
		<razingScore value='10650'/>
		<mineralScore value='16074'/>
		<gasScore value='3112'/>
		<totalScore value='70911'/>
	</player>

	<enemy>
		<race value='Terran'/>
		<unitScore value='12675'/>
		<unitScore value='12675'/>
		<killScore value='13800'/>
		<buildingScore value='3550'/>
		<razingScore value='3675'/>
		<mineralScore value='12066'/>
		<gasScore value='5050'/>
		<totalScore value='50816'/>
	</enemy>

	<scoreRatio value='1.39545'/>
	<timeFitness value='0.720972'/>
	<unitsAverage value='61'/>
</results>
