<results>
	<result value='win'/>
	<start value='2015-05-04.19:39:37'/>
	<end value='2015-05-04.19:40:01'/>
	<frames value='26786'/>
	<gameDuration value='1674'/>

	<player>
		<unitScore value='15000'/>
		<killScore value='24150'/>
		<buildingScore value='3925'/>
		<razingScore value='9150'/>
		<mineralScore value='21778'/>
		<gasScore value='2704'/>
		<totalScore value='76707'/>
	</player>

	<enemy>
		<race value='Terran'/>
		<unitScore value='12075'/>
		<unitScore value='12075'/>
		<killScore value='11500'/>
		<buildingScore value='3050'/>
		<razingScore value='600'/>
		<mineralScore value='10978'/>
		<gasScore value='4608'/>
		<totalScore value='42811'/>
	</enemy>

	<scoreRatio value='1.79176'/>
	<timeFitness value='0.7675'/>
	<unitsAverage value='83'/>
</results>
