<results>
	<result value='win'/>
	<start value='2015-05-08.19:05:20'/>
	<end value='2015-05-08.19:05:43'/>
	<frames value='27902'/>
	<gameDuration value='1743'/>

	<player>
		<unitScore value='15200'/>
		<killScore value='20650'/>
		<buildingScore value='4275'/>
		<razingScore value='6975'/>
		<mineralScore value='21922'/>
		<gasScore value='2576'/>
		<totalScore value='71598'/>
	</player>

	<enemy>
		<race value='Terran'/>
		<unitScore value='10625'/>
		<unitScore value='10625'/>
		<killScore value='10450'/>
		<buildingScore value='2325'/>
		<razingScore value='1050'/>
		<mineralScore value='10674'/>
		<gasScore value='3112'/>
		<totalScore value='38236'/>
	</enemy>

	<scoreRatio value='1.87253'/>
	<timeFitness value='0.757917'/>
	<unitsAverage value='83'/>
</results>
