<results>
	<result value='win'/>
	<start value='2015-05-04.19:43:24'/>
	<end value='2015-05-04.19:43:42'/>
	<frames value='26786'/>
	<gameDuration value='1674'/>

	<player>
		<unitScore value='11700'/>
		<killScore value='23650'/>
		<buildingScore value='3000'/>
		<razingScore value='9825'/>
		<mineralScore value='16626'/>
		<gasScore value='1824'/>
		<totalScore value='66625'/>
	</player>

	<enemy>
		<race value='Terran'/>
		<unitScore value='13725'/>
		<unitScore value='13725'/>
		<killScore value='8750'/>
		<buildingScore value='3275'/>
		<razingScore value='375'/>
		<mineralScore value='11882'/>
		<gasScore value='5032'/>
		<totalScore value='43039'/>
	</enemy>

	<scoreRatio value='1.54801'/>
	<timeFitness value='0.7675'/>
	<unitsAverage value='61'/>
</results>
