<results>
	<result value='loss'/>
	<start value='2015-05-10.02:47:01'/>
	<end value='2015-05-10.02:47:10'/>
	<frames value='17641'/>
	<gameDuration value='1102'/>

	<player>
		<unitScore value='3500'/>
		<killScore value='1600'/>
		<buildingScore value='1600'/>
		<razingScore value='0'/>
		<mineralScore value='5090'/>
		<gasScore value='680'/>
		<totalScore value='12470'/>
	</player>

	<enemy>
		<race value='Protoss'/>
		<unitScore value='3650'/>
		<unitScore value='3650'/>
		<killScore value='7000'/>
		<buildingScore value='4075'/>
		<razingScore value='4800'/>
		<mineralScore value='9362'/>
		<gasScore value='1616'/>
		<totalScore value='30503'/>
	</enemy>

	<scoreRatio value='0.408812'/>
	<timeFitness value='0.153056'/>
	<unitsAverage value='23'/>
</results>
