<results>
	<result value='win'/>
	<start value='2015-05-10.02:47:38'/>
	<end value='2015-05-10.02:48:08'/>
	<frames value='30692'/>
	<gameDuration value='1918'/>

	<player>
		<unitScore value='14275'/>
		<killScore value='13600'/>
		<buildingScore value='3600'/>
		<razingScore value='19275'/>
		<mineralScore value='18658'/>
		<gasScore value='3096'/>
		<totalScore value='72504'/>
	</player>

	<enemy>
		<race value='Protoss'/>
		<unitScore value='7025'/>
		<unitScore value='7025'/>
		<killScore value='10100'/>
		<buildingScore value='6425'/>
		<razingScore value='1500'/>
		<mineralScore value='14618'/>
		<gasScore value='3496'/>
		<totalScore value='43164'/>
	</enemy>

	<scoreRatio value='1.67973'/>
	<timeFitness value='0.733611'/>
	<unitsAverage value='74'/>
</results>
