<results>
	<result value='loss'/>
	<start value='2015-05-10.02:58:41'/>
	<end value='2015-05-10.02:58:48'/>
	<frames value='13704'/>
	<gameDuration value='856'/>

	<player>
		<unitScore value='1850'/>
		<killScore value='1000'/>
		<buildingScore value='1325'/>
		<razingScore value='0'/>
		<mineralScore value='3114'/>
		<gasScore value='496'/>
		<totalScore value='7785'/>
	</player>

	<enemy>
		<race value='Protoss'/>
		<unitScore value='3500'/>
		<unitScore value='3500'/>
		<killScore value='3700'/>
		<buildingScore value='2375'/>
		<razingScore value='3975'/>
		<mineralScore value='6962'/>
		<gasScore value='1208'/>
		<totalScore value='21720'/>
	</enemy>

	<scoreRatio value='0.358425'/>
	<timeFitness value='0.118889'/>
	<unitsAverage value='16'/>
</results>
