<results>
	<result value='loss'/>
	<start value='2015-05-10.03:01:33'/>
	<end value='2015-05-10.03:01:40'/>
	<frames value='15037'/>
	<gameDuration value='939'/>

	<player>
		<unitScore value='2700'/>
		<killScore value='800'/>
		<buildingScore value='1625'/>
		<razingScore value='0'/>
		<mineralScore value='4482'/>
		<gasScore value='360'/>
		<totalScore value='9967'/>
	</player>

	<enemy>
		<race value='Protoss'/>
		<unitScore value='3550'/>
		<unitScore value='3550'/>
		<killScore value='5400'/>
		<buildingScore value='3025'/>
		<razingScore value='4875'/>
		<mineralScore value='7938'/>
		<gasScore value='1416'/>
		<totalScore value='26204'/>
	</enemy>

	<scoreRatio value='0.380362'/>
	<timeFitness value='0.130417'/>
	<unitsAverage value='20'/>
</results>
