<results>
	<result value='loss'/>
	<start value='2015-05-10.03:12:52'/>
	<end value='2015-05-10.03:13:00'/>
	<frames value='16587'/>
	<gameDuration value='1036'/>

	<player>
		<unitScore value='3250'/>
		<killScore value='1000'/>
		<buildingScore value='1275'/>
		<razingScore value='0'/>
		<mineralScore value='4986'/>
		<gasScore value='608'/>
		<totalScore value='11119'/>
	</player>

	<enemy>
		<race value='Protoss'/>
		<unitScore value='3925'/>
		<unitScore value='3925'/>
		<killScore value='6500'/>
		<buildingScore value='3975'/>
		<razingScore value='3825'/>
		<mineralScore value='8946'/>
		<gasScore value='1704'/>
		<totalScore value='28875'/>
	</enemy>

	<scoreRatio value='0.385074'/>
	<timeFitness value='0.143889'/>
	<unitsAverage value='21'/>
</results>
