<results>
	<result value='win'/>
	<start value='2015-05-09.06:47:19'/>
	<end value='2015-05-09.06:47:35'/>
	<frames value='25019'/>
	<gameDuration value='1563'/>

	<player>
		<unitScore value='12075'/>
		<killScore value='15300'/>
		<buildingScore value='3925'/>
		<razingScore value='7575'/>
		<mineralScore value='17894'/>
		<gasScore value='2464'/>
		<totalScore value='59233'/>
	</player>

	<enemy>
		<race value='Terran'/>
		<unitScore value='8050'/>
		<unitScore value='8050'/>
		<killScore value='4550'/>
		<buildingScore value='2525'/>
		<razingScore value='1800'/>
		<mineralScore value='8314'/>
		<gasScore value='2464'/>
		<totalScore value='27703'/>
	</enemy>

	<scoreRatio value='2.13814'/>
	<timeFitness value='0.782917'/>
	<unitsAverage value='69'/>
</results>
