<results>
	<result value='loss'/>
	<start value='2015-05-09.06:51:17'/>
	<end value='2015-05-09.06:51:25'/>
	<frames value='18509'/>
	<gameDuration value='1156'/>

	<player>
		<unitScore value='4050'/>
		<killScore value='2300'/>
		<buildingScore value='1525'/>
		<razingScore value='0'/>
		<mineralScore value='5250'/>
		<gasScore value='696'/>
		<totalScore value='13821'/>
	</player>

	<enemy>
		<race value='Terran'/>
		<unitScore value='6825'/>
		<unitScore value='6825'/>
		<killScore value='8100'/>
		<buildingScore value='2850'/>
		<razingScore value='4575'/>
		<mineralScore value='8530'/>
		<gasScore value='2888'/>
		<totalScore value='33768'/>
	</enemy>

	<scoreRatio value='0.409293'/>
	<timeFitness value='0.160556'/>
	<unitsAverage value='25'/>
</results>
