<results>
	<result value='win'/>
	<start value='2015-05-09.06:56:52'/>
	<end value='2015-05-09.06:57:00'/>
	<frames value='16153'/>
	<gameDuration value='1009'/>

	<player>
		<unitScore value='5550'/>
		<killScore value='6600'/>
		<buildingScore value='1825'/>
		<razingScore value='3900'/>
		<mineralScore value='8882'/>
		<gasScore value='1504'/>
		<totalScore value='28261'/>
	</player>

	<enemy>
		<race value='Terran'/>
		<unitScore value='3300'/>
		<unitScore value='3300'/>
		<killScore value='2400'/>
		<buildingScore value='1300'/>
		<razingScore value='150'/>
		<mineralScore value='7178'/>
		<gasScore value='1280'/>
		<totalScore value='15608'/>
	</enemy>

	<scoreRatio value='1.81067'/>
	<timeFitness value='0.859861'/>
	<unitsAverage value='45'/>
</results>
