<results>
	<result value='loss'/>
	<start value='2015-04-27.17:15:23'/>
	<end value='2015-04-27.17:15:34'/>
	<frames value='21051'/>
	<gameDuration value='1315'/>

	<player>
		<unitScore value='6200'/>
		<killScore value='5000'/>
		<buildingScore value='1650'/>
		<razingScore value='300'/>
		<mineralScore value='7858'/>
		<gasScore value='1576'/>
		<totalScore value='22584'/>
	</player>

	<enemy>
		<race value='Terran'/>
		<unitScore value='7025'/>
		<unitScore value='7025'/>
		<killScore value='12400'/>
		<buildingScore value='2400'/>
		<razingScore value='4950'/>
		<mineralScore value='9914'/>
		<gasScore value='3288'/>
		<totalScore value='39977'/>
	</enemy>

	<scoreRatio value='0.564925'/>
</results>
