<results>
	<result value='loss'/>
	<start value='2015-04-27.17:17:30'/>
	<end value='2015-04-27.17:17:42'/>
	<frames value='20152'/>
	<gameDuration value='1259'/>

	<player>
		<unitScore value='6575'/>
		<killScore value='2550'/>
		<buildingScore value='1950'/>
		<razingScore value='0'/>
		<mineralScore value='8362'/>
		<gasScore value='1312'/>
		<totalScore value='20749'/>
	</player>

	<enemy>
		<race value='Terran'/>
		<unitScore value='7425'/>
		<unitScore value='7425'/>
		<killScore value='13150'/>
		<buildingScore value='2925'/>
		<razingScore value='5850'/>
		<mineralScore value='9514'/>
		<gasScore value='3608'/>
		<totalScore value='42472'/>
	</enemy>

	<scoreRatio value='0.488534'/>
</results>
