<results>
	<result value='loss'/>
	<start value='2015-04-27.17:38:35'/>
	<end value='2015-04-27.17:38:45'/>
	<frames value='19129'/>
	<gameDuration value='1195'/>

	<player>
		<unitScore value='4275'/>
		<killScore value='2750'/>
		<buildingScore value='1550'/>
		<razingScore value='0'/>
		<mineralScore value='6074'/>
		<gasScore value='1160'/>
		<totalScore value='15809'/>
	</player>

	<enemy>
		<race value='Terran'/>
		<unitScore value='7275'/>
		<unitScore value='7275'/>
		<killScore value='8550'/>
		<buildingScore value='2850'/>
		<razingScore value='4650'/>
		<mineralScore value='8938'/>
		<gasScore value='3176'/>
		<totalScore value='35439'/>
	</enemy>

	<scoreRatio value='0.44609'/>
</results>
