<results>
	<result value='loss'/>
	<start value='2015-04-27.17:40:24'/>
	<end value='2015-04-27.17:40:36'/>
	<frames value='20555'/>
	<gameDuration value='1284'/>

	<player>
		<unitScore value='5150'/>
		<killScore value='3600'/>
		<buildingScore value='2075'/>
		<razingScore value='0'/>
		<mineralScore value='7562'/>
		<gasScore value='1248'/>
		<totalScore value='19635'/>
	</player>

	<enemy>
		<race value='Terran'/>
		<unitScore value='7925'/>
		<unitScore value='7925'/>
		<killScore value='10300'/>
		<buildingScore value='2925'/>
		<razingScore value='6000'/>
		<mineralScore value='9890'/>
		<gasScore value='3776'/>
		<totalScore value='40816'/>
	</enemy>

	<scoreRatio value='0.481061'/>
</results>
