<results>
	<result value='win'/>
	<start value='2015-04-27.17:43:55'/>
	<end value='2015-04-27.17:44:25'/>
	<frames value='36427'/>
	<gameDuration value='2276'/>

	<player>
		<unitScore value='16500'/>
		<killScore value='32700'/>
		<buildingScore value='4625'/>
		<razingScore value='12075'/>
		<mineralScore value='22586'/>
		<gasScore value='3768'/>
		<totalScore value='92254'/>
	</player>

	<enemy>
		<race value='Terran'/>
		<unitScore value='20250'/>
		<unitScore value='20250'/>
		<killScore value='17000'/>
		<buildingScore value='4025'/>
		<razingScore value='3900'/>
		<mineralScore value='17182'/>
		<gasScore value='8774'/>
		<totalScore value='71131'/>
	</enemy>

	<scoreRatio value='1.29696'/>
</results>
