<results>
	<result value='win'/>
	<start value='2015-05-10.23:08:50'/>
	<end value='2015-05-10.23:09:25'/>
	<frames value='37109'/>
	<gameDuration value='2319'/>

	<player>
		<unitScore value='24300'/>
		<killScore value='63735'/>
		<buildingScore value='3625'/>
		<razingScore value='7080'/>
		<mineralScore value='29890'/>
		<gasScore value='2840'/>
		<totalScore value='131470'/>
	</player>

	<enemy>
		<race value='Zerg'/>
		<unitScore value='25675'/>
		<unitScore value='25675'/>
		<killScore value='25450'/>
		<buildingScore value='2360'/>
		<razingScore value='0'/>
		<mineralScore value='20930'/>
		<gasScore value='7064'/>
		<totalScore value='81479'/>
	</enemy>

	<scoreRatio value='1.61354'/>
	<timeFitness value='0.677917'/>
	<unitsAverage value='103'/>
</results>
