<results>
	<result value='win'/>
	<start value='2015-04-28.04:06:48'/>
	<end value='2015-04-28.04:08:04'/>
	<frames value='50842'/>
	<gameDuration value='3177'/>

	<player>
		<unitScore value='25500'/>
		<killScore value='40600'/>
		<buildingScore value='5375'/>
		<razingScore value='14025'/>
		<mineralScore value='36438'/>
		<gasScore value='5096'/>
		<totalScore value='127034'/>
	</player>

	<enemy>
		<race value='Terran'/>
		<unitScore value='27225'/>
		<unitScore value='27225'/>
		<killScore value='26800'/>
		<buildingScore value='4675'/>
		<razingScore value='3150'/>
		<mineralScore value='20186'/>
		<gasScore value='10742'/>
		<totalScore value='92778'/>
	</enemy>

	<scoreRatio value='1.36923'/>
</results>
