<results>
	<result value='win'/>
	<start value='2015-04-28.04:09:22'/>
	<end value='2015-04-28.04:09:48'/>
	<frames value='23190'/>
	<gameDuration value='1449'/>

	<player>
		<unitScore value='13350'/>
		<killScore value='19750'/>
		<buildingScore value='3975'/>
		<razingScore value='6900'/>
		<mineralScore value='24442'/>
		<gasScore value='1728'/>
		<totalScore value='70145'/>
	</player>

	<enemy>
		<race value='Terran'/>
		<unitScore value='11075'/>
		<unitScore value='11075'/>
		<killScore value='7300'/>
		<buildingScore value='2300'/>
		<razingScore value='0'/>
		<mineralScore value='10378'/>
		<gasScore value='3704'/>
		<totalScore value='34757'/>
	</enemy>

	<scoreRatio value='2.01815'/>
</results>
