<results>
	<result value='win'/>
	<start value='2015-04-28.04:17:15'/>
	<end value='2015-04-28.04:17:35'/>
	<frames value='23903'/>
	<gameDuration value='1493'/>

	<player>
		<unitScore value='10625'/>
		<killScore value='18350'/>
		<buildingScore value='3475'/>
		<razingScore value='7500'/>
		<mineralScore value='15730'/>
		<gasScore value='2016'/>
		<totalScore value='57696'/>
	</player>

	<enemy>
		<race value='Terran'/>
		<unitScore value='9175'/>
		<unitScore value='9175'/>
		<killScore value='7550'/>
		<buildingScore value='2500'/>
		<razingScore value='1350'/>
		<mineralScore value='10018'/>
		<gasScore value='3512'/>
		<totalScore value='34105'/>
	</enemy>

	<scoreRatio value='1.69172'/>
</results>
