<results>
	<result value='loss'/>
	<start value='2015-04-28.04:22:48'/>
	<end value='2015-04-28.04:23:19'/>
	<frames value='45975'/>
	<gameDuration value='2873'/>

	<player>
		<unitScore value='10400'/>
		<killScore value='16550'/>
		<buildingScore value='2925'/>
		<razingScore value='450'/>
		<mineralScore value='13930'/>
		<gasScore value='4064'/>
		<totalScore value='48319'/>
	</player>

	<enemy>
		<race value='Terran'/>
		<unitScore value='22000'/>
		<unitScore value='22000'/>
		<killScore value='20800'/>
		<buildingScore value='5300'/>
		<razingScore value='8775'/>
		<mineralScore value='24002'/>
		<gasScore value='14636'/>
		<totalScore value='95513'/>
	</enemy>

	<scoreRatio value='0.505889'/>
</results>
