<results>
	<result value='win'/>
	<start value='2015-05-08.22:58:39'/>
	<end value='2015-05-08.22:59:12'/>
	<frames value='29359'/>
	<gameDuration value='1834'/>

	<player>
		<unitScore value='15925'/>
		<killScore value='27500'/>
		<buildingScore value='4150'/>
		<razingScore value='9975'/>
		<mineralScore value='25562'/>
		<gasScore value='2912'/>
		<totalScore value='86024'/>
	</player>

	<enemy>
		<race value='Terran'/>
		<unitScore value='14050'/>
		<unitScore value='14050'/>
		<killScore value='9550'/>
		<buildingScore value='3325'/>
		<razingScore value='1500'/>
		<mineralScore value='12298'/>
		<gasScore value='4912'/>
		<totalScore value='45635'/>
	</enemy>

	<scoreRatio value='1.88504'/>
	<timeFitness value='0.745278'/>
	<unitsAverage value='95'/>
</results>
