<results>
	<result value='win'/>
	<start value='2015-05-08.23:12:15'/>
	<end value='2015-05-08.23:12:54'/>
	<frames value='39651'/>
	<gameDuration value='2478'/>

	<player>
		<unitScore value='20075'/>
		<killScore value='27400'/>
		<buildingScore value='5000'/>
		<razingScore value='12675'/>
		<mineralScore value='26658'/>
		<gasScore value='2472'/>
		<totalScore value='94280'/>
	</player>

	<enemy>
		<race value='Terran'/>
		<unitScore value='15400'/>
		<unitScore value='15400'/>
		<killScore value='18600'/>
		<buildingScore value='4300'/>
		<razingScore value='2250'/>
		<mineralScore value='14818'/>
		<gasScore value='6360'/>
		<totalScore value='61728'/>
	</enemy>

	<scoreRatio value='1.52735'/>
	<timeFitness value='0.655833'/>
	<unitsAverage value='84'/>
</results>
