<results>
	<result value='win'/>
	<start value='2015-05-08.22:43:04'/>
	<end value='2015-05-08.22:43:44'/>
	<frames value='30351'/>
	<gameDuration value='1896'/>

	<player>
		<unitScore value='17675'/>
		<killScore value='28350'/>
		<buildingScore value='4500'/>
		<razingScore value='7650'/>
		<mineralScore value='27930'/>
		<gasScore value='3552'/>
		<totalScore value='89657'/>
	</player>

	<enemy>
		<race value='Terran'/>
		<unitScore value='14175'/>
		<unitScore value='14175'/>
		<killScore value='14450'/>
		<buildingScore value='2550'/>
		<razingScore value='600'/>
		<mineralScore value='12050'/>
		<gasScore value='4856'/>
		<totalScore value='48681'/>
	</enemy>

	<scoreRatio value='1.84172'/>
	<timeFitness value='0.736667'/>
	<unitsAverage value='95'/>
</results>
