<results>
	<result value='win'/>
	<start value='2015-05-08.22:49:15'/>
	<end value='2015-05-08.22:49:41'/>
	<frames value='29886'/>
	<gameDuration value='1867'/>

	<player>
		<unitScore value='12525'/>
		<killScore value='24850'/>
		<buildingScore value='3100'/>
		<razingScore value='7800'/>
		<mineralScore value='15762'/>
		<gasScore value='3168'/>
		<totalScore value='67205'/>
	</player>

	<enemy>
		<race value='Terran'/>
		<unitScore value='12825'/>
		<unitScore value='12825'/>
		<killScore value='14500'/>
		<buildingScore value='2600'/>
		<razingScore value='3150'/>
		<mineralScore value='12050'/>
		<gasScore value='4432'/>
		<totalScore value='49557'/>
	</enemy>

	<scoreRatio value='1.35612'/>
	<timeFitness value='0.740694'/>
	<unitsAverage value='60'/>
</results>
