<results>
	<result value='loss'/>
	<start value='2015-07-12.15:23:37'/>
	<end value='2015-07-12.15:24:22'/>
	<frames value='24895'/>
	<gameDuration value='1555'/>

	<player>
		<unitScore value='11350'/>
		<killScore value='3750'/>
		<buildingScore value='3325'/>
		<razingScore value='0'/>
		<mineralScore value='14458'/>
		<gasScore value='1536'/>
		<totalScore value='34419'/>
	</player>

	<enemy>
		<race value='Terran'/>
		<unitScore value='11450'/>
		<killScore value='21350'/>
		<buildingScore value='4075'/>
		<razingScore value='9975'/>
		<mineralScore value='12386'/>
		<gasScore value='5736'/>
		<totalScore value='64972'/>
	</enemy>

	<scoreRatio value='0.529751'/>
	<timeFitness value='0.215972'/>
	<unitsAverage value='44'/>
</results>
