<results>
	<result value='win'/>
	<start value='2015-04-08.01:21:19'/>
	<end value='2015-04-08.01:21:50'/>
	<frames value='32025'/>
	<gameDuration value='2001'/>

	<player>
		<unitScore value='20650'/>
		<killScore value='23700'/>
		<buildingScore value='3700'/>
		<razingScore value='18300'/>
		<mineralScore value='24466'/>
		<gasScore value='3152'/>
		<totalScore value='93968'/>
	</player>

	<enemy>
		<race value='Protoss'/>
		<unitScore value='13550'/>
		<unitScore value='13550'/>
		<killScore value='19850'/>
		<buildingScore value='6100'/>
		<razingScore value='0'/>
		<mineralScore value='15758'/>
		<gasScore value='4920'/>
		<totalScore value='60178'/>
	</enemy>

	<scoreRatio value='1.5615'/>
</results>
