<results>
	<result value='loss'/>
	<start value='2015-04-08.01:22:59'/>
	<end value='2015-04-08.01:23:08'/>
	<frames value='17269'/>
	<gameDuration value='1079'/>

	<player>
		<unitScore value='4550'/>
		<killScore value='1500'/>
		<buildingScore value='1575'/>
		<razingScore value='0'/>
		<mineralScore value='5954'/>
		<gasScore value='704'/>
		<totalScore value='14283'/>
	</player>

	<enemy>
		<race value='Protoss'/>
		<unitScore value='5525'/>
		<unitScore value='5525'/>
		<killScore value='9100'/>
		<buildingScore value='3475'/>
		<razingScore value='4725'/>
		<mineralScore value='8850'/>
		<gasScore value='2360'/>
		<totalScore value='34035'/>
	</enemy>

	<scoreRatio value='0.419656'/>
</results>
