<results>
	<result value='loss'/>
	<start value='2015-07-20.15:24:22'/>
	<end value='2015-07-20.15:24:51'/>
	<frames value='25081'/>
	<gameDuration value='1567'/>

	<player>
		<unitScore value='10300'/>
		<killScore value='5100'/>
		<buildingScore value='3075'/>
		<razingScore value='0'/>
		<mineralScore value='24230'/>
		<gasScore value='1384'/>
		<totalScore value='44089'/>
	</player>

	<enemy>
		<race value='Zerg'/>
		<unitScore value='12425'/>
		<killScore value='20600'/>
		<buildingScore value='3045'/>
		<razingScore value='9225'/>
		<mineralScore value='13658'/>
		<gasScore value='3864'/>
		<totalScore value='62817'/>
	</enemy>

	<scoreRatio value='0.701864'/>
	<timeFitness value='0.217639'/>
	<unitsAverage value='60'/>
</results>
