<results>
	<result value='win'/>
	<start value='2015-04-10.23:36:29'/>
	<end value='2015-04-10.23:36:58'/>
	<frames value='24771'/>
	<gameDuration value='1548'/>

	<player>
		<unitScore value='9175'/>
		<killScore value='11200'/>
		<buildingScore value='2625'/>
		<razingScore value='11475'/>
		<mineralScore value='12618'/>
		<gasScore value='1512'/>
		<totalScore value='48605'/>
	</player>

	<enemy>
		<race value='Protoss'/>
		<unitScore value='5600'/>
		<unitScore value='5600'/>
		<killScore value='8450'/>
		<buildingScore value='3825'/>
		<razingScore value='150'/>
		<mineralScore value='10914'/>
		<gasScore value='2800'/>
		<totalScore value='31739'/>
	</enemy>

	<scoreRatio value='1.5314'/>
</results>
