<results>
	<result value='win'/>
	<start value='2015-04-28.20:32:40'/>
	<end value='2015-04-28.20:33:04'/>
	<frames value='22074'/>
	<gameDuration value='1379'/>

	<player>
		<unitScore value='11600'/>
		<killScore value='21300'/>
		<buildingScore value='2175'/>
		<razingScore value='4800'/>
		<mineralScore value='15294'/>
		<gasScore value='1936'/>
		<totalScore value='57105'/>
	</player>

	<enemy>
		<race value='Zerg'/>
		<unitScore value='9525'/>
		<unitScore value='9525'/>
		<killScore value='10850'/>
		<buildingScore value='1600'/>
		<razingScore value='0'/>
		<mineralScore value='9066'/>
		<gasScore value='2464'/>
		<totalScore value='33505'/>
	</enemy>

	<scoreRatio value='1.70437'/>
</results>
