<results>
	<result value='win'/>
	<start value='2015-05-05.04:25:50'/>
	<end value='2015-05-05.04:27:03'/>
	<frames value='32397'/>
	<gameDuration value='2024'/>

	<player>
		<unitScore value='22300'/>
		<killScore value='28200'/>
		<buildingScore value='4075'/>
		<razingScore value='13725'/>
		<mineralScore value='36902'/>
		<gasScore value='3096'/>
		<totalScore value='108298'/>
	</player>

	<enemy>
		<race value='Protoss'/>
		<unitScore value='14875'/>
		<unitScore value='14875'/>
		<killScore value='21700'/>
		<buildingScore value='4575'/>
		<razingScore value='0'/>
		<mineralScore value='21690'/>
		<gasScore value='4112'/>
		<totalScore value='66952'/>
	</enemy>

	<scoreRatio value='1.61755'/>
	<timeFitness value='0.718889'/>
	<unitsAverage value='129'/>
</results>
