<results>
	<result value='loss'/>
	<start value='2015-05-05.05:05:05'/>
	<end value='2015-05-05.05:05:17'/>
	<frames value='20059'/>
	<gameDuration value='1253'/>

	<player>
		<unitScore value='4975'/>
		<killScore value='1200'/>
		<buildingScore value='2150'/>
		<razingScore value='0'/>
		<mineralScore value='7514'/>
		<gasScore value='1208'/>
		<totalScore value='17047'/>
	</player>

	<enemy>
		<race value='Protoss'/>
		<unitScore value='4925'/>
		<unitScore value='4925'/>
		<killScore value='9950'/>
		<buildingScore value='4425'/>
		<razingScore value='6450'/>
		<mineralScore value='10770'/>
		<gasScore value='2560'/>
		<totalScore value='39080'/>
	</enemy>

	<scoreRatio value='0.436208'/>
	<timeFitness value='0.174028'/>
	<unitsAverage value='31'/>
</results>
