<results>
	<result value='win'/>
	<start value='2015-05-05.05:11:11'/>
	<end value='2015-05-05.05:11:59'/>
	<frames value='31963'/>
	<gameDuration value='1997'/>

	<player>
		<unitScore value='23700'/>
		<killScore value='34050'/>
		<buildingScore value='4225'/>
		<razingScore value='17700'/>
		<mineralScore value='30346'/>
		<gasScore value='2664'/>
		<totalScore value='112685'/>
	</player>

	<enemy>
		<race value='Protoss'/>
		<unitScore value='17350'/>
		<unitScore value='17350'/>
		<killScore value='24350'/>
		<buildingScore value='5900'/>
		<razingScore value='0'/>
		<mineralScore value='21034'/>
		<gasScore value='4496'/>
		<totalScore value='73130'/>
	</enemy>

	<scoreRatio value='1.54089'/>
	<timeFitness value='0.722639'/>
	<unitsAverage value='119'/>
</results>
