<results>
	<result value='loss'/>
	<start value='2015-05-05.05:18:10'/>
	<end value='2015-05-05.05:18:18'/>
	<frames value='15626'/>
	<gameDuration value='976'/>

	<player>
		<unitScore value='3750'/>
		<killScore value='400'/>
		<buildingScore value='1575'/>
		<razingScore value='0'/>
		<mineralScore value='5354'/>
		<gasScore value='896'/>
		<totalScore value='11975'/>
	</player>

	<enemy>
		<race value='Protoss'/>
		<unitScore value='3550'/>
		<unitScore value='3550'/>
		<killScore value='7500'/>
		<buildingScore value='3475'/>
		<razingScore value='4725'/>
		<mineralScore value='8258'/>
		<gasScore value='1488'/>
		<totalScore value='28996'/>
	</enemy>

	<scoreRatio value='0.412988'/>
	<timeFitness value='0.135556'/>
	<unitsAverage value='23'/>
</results>
