<results>
	<result value='loss'/>
	<start value='2015-04-28.09:25:32'/>
	<end value='2015-04-28.09:25:46'/>
	<frames value='18447'/>
	<gameDuration value='1152'/>

	<player>
		<unitScore value='5450'/>
		<killScore value='850'/>
		<buildingScore value='2250'/>
		<razingScore value='0'/>
		<mineralScore value='7834'/>
		<gasScore value='1336'/>
		<totalScore value='17720'/>
	</player>

	<enemy>
		<race value='Terran'/>
		<unitScore value='6425'/>
		<unitScore value='6425'/>
		<killScore value='10900'/>
		<buildingScore value='2900'/>
		<razingScore value='6750'/>
		<mineralScore value='8490'/>
		<gasScore value='2728'/>
		<totalScore value='38193'/>
	</enemy>

	<scoreRatio value='0.463959'/>
</results>
