<results>
	<result value='win'/>
	<start value='2015-04-28.09:28:41'/>
	<end value='2015-04-28.09:28:56'/>
	<frames value='17920'/>
	<gameDuration value='1120'/>

	<player>
		<unitScore value='6325'/>
		<killScore value='8550'/>
		<buildingScore value='1950'/>
		<razingScore value='4950'/>
		<mineralScore value='9562'/>
		<gasScore value='1672'/>
		<totalScore value='33009'/>
	</player>

	<enemy>
		<race value='Terran'/>
		<unitScore value='4275'/>
		<unitScore value='4275'/>
		<killScore value='3850'/>
		<buildingScore value='1650'/>
		<razingScore value='300'/>
		<mineralScore value='7890'/>
		<gasScore value='1648'/>
		<totalScore value='19613'/>
	</enemy>

	<scoreRatio value='1.68302'/>
</results>
