<results>
	<result value='loss'/>
	<start value='2015-04-28.09:34:21'/>
	<end value='2015-04-28.09:34:35'/>
	<frames value='18788'/>
	<gameDuration value='1174'/>

	<player>
		<unitScore value='4100'/>
		<killScore value='2500'/>
		<buildingScore value='1950'/>
		<razingScore value='0'/>
		<mineralScore value='6042'/>
		<gasScore value='648'/>
		<totalScore value='15240'/>
	</player>

	<enemy>
		<race value='Terran'/>
		<unitScore value='6950'/>
		<unitScore value='6950'/>
		<killScore value='8200'/>
		<buildingScore value='2850'/>
		<razingScore value='5850'/>
		<mineralScore value='8770'/>
		<gasScore value='2992'/>
		<totalScore value='35612'/>
	</enemy>

	<scoreRatio value='0.427946'/>
</results>
