<results>
	<result value='loss'/>
	<start value='2015-05-06.08:48:57'/>
	<end value='2015-05-06.08:49:12'/>
	<frames value='30940'/>
	<gameDuration value='1933'/>

	<player>
		<unitScore value='10650'/>
		<killScore value='6200'/>
		<buildingScore value='1950'/>
		<razingScore value='0'/>
		<mineralScore value='12426'/>
		<gasScore value='2128'/>
		<totalScore value='33354'/>
	</player>

	<enemy>
		<race value='Protoss'/>
		<unitScore value='17425'/>
		<unitScore value='17425'/>
		<killScore value='21300'/>
		<buildingScore value='6775'/>
		<razingScore value='5850'/>
		<mineralScore value='20450'/>
		<gasScore value='7712'/>
		<totalScore value='79512'/>
	</enemy>

	<scoreRatio value='0.419484'/>
	<timeFitness value='0.268472'/>
	<unitsAverage value='37'/>
</results>
