<results>
	<result value='win'/>
	<start value='2015-05-06.08:50:20'/>
	<end value='2015-05-06.08:50:37'/>
	<frames value='24554'/>
	<gameDuration value='1534'/>

	<player>
		<unitScore value='12425'/>
		<killScore value='10100'/>
		<buildingScore value='3450'/>
		<razingScore value='12150'/>
		<mineralScore value='18234'/>
		<gasScore value='1808'/>
		<totalScore value='58167'/>
	</player>

	<enemy>
		<race value='Protoss'/>
		<unitScore value='5050'/>
		<unitScore value='5050'/>
		<killScore value='8900'/>
		<buildingScore value='4050'/>
		<razingScore value='0'/>
		<mineralScore value='12706'/>
		<gasScore value='2744'/>
		<totalScore value='33450'/>
	</enemy>

	<scoreRatio value='1.73892'/>
	<timeFitness value='0.786944'/>
	<unitsAverage value='70'/>
</results>
