<results>
	<result value='win'/>
	<start value='2015-05-06.09:07:01'/>
	<end value='2015-05-06.09:07:25'/>
	<frames value='29297'/>
	<gameDuration value='1831'/>

	<player>
		<unitScore value='19250'/>
		<killScore value='18800'/>
		<buildingScore value='3800'/>
		<razingScore value='16575'/>
		<mineralScore value='25074'/>
		<gasScore value='3112'/>
		<totalScore value='86611'/>
	</player>

	<enemy>
		<race value='Protoss'/>
		<unitScore value='9400'/>
		<unitScore value='9400'/>
		<killScore value='19750'/>
		<buildingScore value='5525'/>
		<razingScore value='0'/>
		<mineralScore value='16630'/>
		<gasScore value='3152'/>
		<totalScore value='54457'/>
	</enemy>

	<scoreRatio value='1.59045'/>
	<timeFitness value='0.745694'/>
	<unitsAverage value='89'/>
</results>
