<results>
	<result value='loss'/>
	<start value='2015-05-04.05:51:03'/>
	<end value='2015-05-04.05:51:18'/>
	<frames value='18757'/>
	<gameDuration value='1172'/>

	<player>
		<unitScore value='3350'/>
		<killScore value='1800'/>
		<buildingScore value='1275'/>
		<razingScore value='0'/>
		<mineralScore value='4938'/>
		<gasScore value='752'/>
		<totalScore value='12115'/>
	</player>

	<enemy>
		<race value='Protoss'/>
		<unitScore value='4800'/>
		<unitScore value='4800'/>
		<killScore value='6700'/>
		<buildingScore value='4425'/>
		<razingScore value='3825'/>
		<mineralScore value='10122'/>
		<gasScore value='2080'/>
		<totalScore value='31952'/>
	</enemy>

	<scoreRatio value='0.379162'/>
	<timeFitness value='0.162778'/>
	<unitsAverage value='22'/>
</results>
