<results>
	<result value='win'/>
	<start value='2015-05-04.06:29:14'/>
	<end value='2015-05-04.06:30:02'/>
	<frames value='34722'/>
	<gameDuration value='2170'/>

	<player>
		<unitScore value='17900'/>
		<killScore value='25350'/>
		<buildingScore value='2425'/>
		<razingScore value='21675'/>
		<mineralScore value='19310'/>
		<gasScore value='3008'/>
		<totalScore value='89668'/>
	</player>

	<enemy>
		<race value='Protoss'/>
		<unitScore value='13600'/>
		<unitScore value='13600'/>
		<killScore value='22450'/>
		<buildingScore value='7225'/>
		<razingScore value='150'/>
		<mineralScore value='17006'/>
		<gasScore value='4712'/>
		<totalScore value='65143'/>
	</enemy>

	<scoreRatio value='1.37648'/>
	<timeFitness value='0.698611'/>
	<unitsAverage value='69'/>
</results>
