<results>
	<result value='draw'/>
	<start value='2015-05-05.19:12:51'/>
	<end value='2015-05-05.19:14:17'/>
	<frames value='57601'/>
	<gameDuration value='3600'/>

	<player>
		<unitScore value='33875'/>
		<killScore value='53650'/>
		<buildingScore value='3200'/>
		<razingScore value='19275'/>
		<mineralScore value='33578'/>
		<gasScore value='6188'/>
		<totalScore value='149766'/>
	</player>

	<enemy>
		<race value='Protoss'/>
		<unitScore value='29450'/>
		<unitScore value='29450'/>
		<killScore value='45750'/>
		<buildingScore value='7425'/>
		<razingScore value='375'/>
		<mineralScore value='29174'/>
		<gasScore value='10704'/>
		<totalScore value='122878'/>
	</enemy>

	<scoreRatio value='1.21882'/>
	<timeFitness value='0.5'/>
	<unitsAverage value='143'/>
</results>
