<results>
	<result value='win'/>
	<start value='2015-05-09.17:24:58'/>
	<end value='2015-05-09.17:25:15'/>
	<frames value='23190'/>
	<gameDuration value='1449'/>

	<player>
		<unitScore value='13175'/>
		<killScore value='21405'/>
		<buildingScore value='2900'/>
		<razingScore value='6015'/>
		<mineralScore value='18390'/>
		<gasScore value='1728'/>
		<totalScore value='63613'/>
	</player>

	<enemy>
		<race value='Zerg'/>
		<unitScore value='10475'/>
		<unitScore value='10475'/>
		<killScore value='10700'/>
		<buildingScore value='2005'/>
		<razingScore value='0'/>
		<mineralScore value='9378'/>
		<gasScore value='2392'/>
		<totalScore value='34950'/>
	</enemy>

	<scoreRatio value='1.82011'/>
	<timeFitness value='0.79875'/>
	<unitsAverage value='74'/>
</results>
