<results>
	<result value='win'/>
	<start value='2015-05-09.17:26:54'/>
	<end value='2015-05-09.17:27:26'/>
	<frames value='30382'/>
	<gameDuration value='1898'/>

	<player>
		<unitScore value='19625'/>
		<killScore value='30370'/>
		<buildingScore value='4575'/>
		<razingScore value='5535'/>
		<mineralScore value='26666'/>
		<gasScore value='2312'/>
		<totalScore value='89083'/>
	</player>

	<enemy>
		<race value='Zerg'/>
		<unitScore value='12825'/>
		<unitScore value='12825'/>
		<killScore value='14100'/>
		<buildingScore value='1845'/>
		<razingScore value='0'/>
		<mineralScore value='10802'/>
		<gasScore value='3208'/>
		<totalScore value='42780'/>
	</enemy>

	<scoreRatio value='2.08235'/>
	<timeFitness value='0.736389'/>
	<unitsAverage value='101'/>
</results>
