<results>
	<result value='loss'/>
	<start value='2015-07-21.18:29:17'/>
	<end value='2015-07-21.18:29:41'/>
	<frames value='24771'/>
	<gameDuration value='1548'/>

	<player>
		<unitScore value='12250'/>
		<killScore value='4150'/>
		<buildingScore value='2925'/>
		<razingScore value='0'/>
		<mineralScore value='21130'/>
		<gasScore value='1784'/>
		<totalScore value='42239'/>
	</player>

	<enemy>
		<race value='Zerg'/>
		<unitScore value='11600'/>
		<killScore value='24500'/>
		<buildingScore value='3085'/>
		<razingScore value='8775'/>
		<mineralScore value='13802'/>
		<gasScore value='3976'/>
		<totalScore value='65738'/>
	</enemy>

	<scoreRatio value='0.642536'/>
	<timeFitness value='0.215'/>
	<unitsAverage value='54'/>
</results>
