<results>
	<result value='loss'/>
	<start value='2015-07-21.18:42:29'/>
	<end value='2015-07-21.18:42:57'/>
	<frames value='25887'/>
	<gameDuration value='1617'/>

	<player>
		<unitScore value='12525'/>
		<killScore value='5650'/>
		<buildingScore value='3275'/>
		<razingScore value='0'/>
		<mineralScore value='23498'/>
		<gasScore value='2032'/>
		<totalScore value='46980'/>
	</player>

	<enemy>
		<race value='Zerg'/>
		<unitScore value='13700'/>
		<killScore value='25050'/>
		<buildingScore value='3020'/>
		<razingScore value='9825'/>
		<mineralScore value='14346'/>
		<gasScore value='4288'/>
		<totalScore value='70229'/>
	</enemy>

	<scoreRatio value='0.668954'/>
	<timeFitness value='0.224583'/>
	<unitsAverage value='60'/>
</results>
