<results>
	<result value='win'/>
	<start value='2014-07-10.15:47:27'/>
	<end value='2014-07-10.15:47:43'/>
	<frames value='23128'/>
	<gameDuration value='1445'/>

	<player>
		<unitScore value='11900'/>
		<killScore value='9500'/>
		<buildingScore value='3275'/>
		<razingScore value='11100'/>
		<mineralScore value='17366'/>
		<gasScore value='2328'/>
		<totalScore value='55469'/>
	</player>

	<enemy>
		<race value='Protoss'/>
		<unitScore value='4750'/>
		<unitScore value='4750'/>
		<killScore value='8250'/>
		<buildingScore value='3700'/>
		<razingScore value='0'/>
		<mineralScore value='15834'/>
		<gasScore value='944'/>
		<totalScore value='33478'/>
	</enemy>

	<scoreRatio value='1.65688'/>
</results>
