<results>
	<result value='loss'/>
	<start value='2014-07-01.13:11:52'/>
	<end value='2014-07-01.13:12:05'/>
	<frames value='28708'/>
	<gameDuration value='1794'/>

	<player>
		<unitScore value='5925'/>
		<killScore value='6250'/>
		<buildingScore value='2000'/>
		<razingScore value='0'/>
		<mineralScore value='8370'/>
		<gasScore value='520'/>
		<totalScore value='23065'/>
	</player>

	<enemy>
		<race value='Protoss'/>
		<unitScore value='12550'/>
		<unitScore value='12550'/>
		<killScore value='11850'/>
		<buildingScore value='6875'/>
		<razingScore value='6000'/>
		<mineralScore value='17578'/>
		<gasScore value='6976'/>
		<totalScore value='61829'/>
	</enemy>

	<scoreRatio value='0.373045'/>
</results>
