<results>
	<result value='loss'/>
	<start value='2014-07-01.13:18:07'/>
	<end value='2014-07-01.13:18:23'/>
	<frames value='31126'/>
	<gameDuration value='1945'/>

	<player>
		<unitScore value='8775'/>
		<killScore value='4600'/>
		<buildingScore value='1875'/>
		<razingScore value='300'/>
		<mineralScore value='10082'/>
		<gasScore value='2216'/>
		<totalScore value='27848'/>
	</player>

	<enemy>
		<race value='Protoss'/>
		<unitScore value='15100'/>
		<unitScore value='15100'/>
		<killScore value='17750'/>
		<buildingScore value='6975'/>
		<razingScore value='5625'/>
		<mineralScore value='19406'/>
		<gasScore value='7784'/>
		<totalScore value='72640'/>
	</enemy>

	<scoreRatio value='0.38337'/>
</results>
