<results>
	<result value='loss'/>
	<start value='2015-05-04.07:19:05'/>
	<end value='2015-05-04.07:19:20'/>
	<frames value='29545'/>
	<gameDuration value='1846'/>

	<player>
		<unitScore value='3225'/>
		<killScore value='2800'/>
		<buildingScore value='1975'/>
		<razingScore value='0'/>
		<mineralScore value='5266'/>
		<gasScore value='520'/>
		<totalScore value='13786'/>
	</player>

	<enemy>
		<race value='Terran'/>
		<unitScore value='14925'/>
		<unitScore value='14925'/>
		<killScore value='6450'/>
		<buildingScore value='4875'/>
		<razingScore value='5925'/>
		<mineralScore value='15282'/>
		<gasScore value='8054'/>
		<totalScore value='55511'/>
	</enemy>

	<scoreRatio value='0.248347'/>
	<timeFitness value='0.256389'/>
	<unitsAverage value='16'/>
</results>
