<results>
	<result value='win'/>
	<start value='2015-05-09.09:54:15'/>
	<end value='2015-05-09.09:54:34'/>
	<frames value='22074'/>
	<gameDuration value='1379'/>

	<player>
		<unitScore value='10200'/>
		<killScore value='13800'/>
		<buildingScore value='2975'/>
		<razingScore value='8025'/>
		<mineralScore value='15762'/>
		<gasScore value='1544'/>
		<totalScore value='52306'/>
	</player>

	<enemy>
		<race value='Terran'/>
		<unitScore value='6900'/>
		<unitScore value='6900'/>
		<killScore value='6400'/>
		<buildingScore value='2675'/>
		<razingScore value='375'/>
		<mineralScore value='8818'/>
		<gasScore value='2696'/>
		<totalScore value='27864'/>
	</enemy>

	<scoreRatio value='1.87719'/>
	<timeFitness value='0.808472'/>
	<unitsAverage value='69'/>
</results>
