<results>
	<result value='win'/>
	<start value='2015-05-04.07:30:07'/>
	<end value='2015-05-04.07:30:37'/>
	<frames value='31498'/>
	<gameDuration value='1968'/>

	<player>
		<unitScore value='16125'/>
		<killScore value='28450'/>
		<buildingScore value='3875'/>
		<razingScore value='10050'/>
		<mineralScore value='21914'/>
		<gasScore value='3160'/>
		<totalScore value='83574'/>
	</player>

	<enemy>
		<race value='Terran'/>
		<unitScore value='14225'/>
		<unitScore value='14225'/>
		<killScore value='14650'/>
		<buildingScore value='3350'/>
		<razingScore value='150'/>
		<mineralScore value='12258'/>
		<gasScore value='5220'/>
		<totalScore value='49853'/>
	</enemy>

	<scoreRatio value='1.67641'/>
	<timeFitness value='0.726667'/>
	<unitsAverage value='88'/>
</results>
