<results>
	<result value='win'/>
	<start value='2015-05-10.19:52:41'/>
	<end value='2015-05-10.19:53:06'/>
	<frames value='26476'/>
	<gameDuration value='1654'/>

	<player>
		<unitScore value='16100'/>
		<killScore value='25020'/>
		<buildingScore value='3850'/>
		<razingScore value='4635'/>
		<mineralScore value='20650'/>
		<gasScore value='2808'/>
		<totalScore value='73063'/>
	</player>

	<enemy>
		<race value='Zerg'/>
		<unitScore value='11375'/>
		<unitScore value='11375'/>
		<killScore value='13500'/>
		<buildingScore value='1545'/>
		<razingScore value='0'/>
		<mineralScore value='9850'/>
		<gasScore value='3088'/>
		<totalScore value='39358'/>
	</enemy>

	<scoreRatio value='1.85637'/>
	<timeFitness value='0.770278'/>
	<unitsAverage value='85'/>
</results>
