<results>
	<result value='win'/>
	<start value='2015-04-28.21:28:27'/>
	<end value='2015-04-28.21:28:42'/>
	<frames value='22942'/>
	<gameDuration value='1433'/>

	<player>
		<unitScore value='13800'/>
		<killScore value='21075'/>
		<buildingScore value='2925'/>
		<razingScore value='6015'/>
		<mineralScore value='16794'/>
		<gasScore value='1200'/>
		<totalScore value='61809'/>
	</player>

	<enemy>
		<race value='Zerg'/>
		<unitScore value='9300'/>
		<unitScore value='9300'/>
		<killScore value='11350'/>
		<buildingScore value='2005'/>
		<razingScore value='0'/>
		<mineralScore value='9394'/>
		<gasScore value='2808'/>
		<totalScore value='34857'/>
	</enemy>

	<scoreRatio value='1.77322'/>
	<timeFitness value='0.800972'/>
	<unitsAverage value='73'/>
</results>
