<results>
	<result value='win'/>
	<start value='2015-04-28.21:32:24'/>
	<end value='2015-04-28.21:33:09'/>
	<frames value='37202'/>
	<gameDuration value='2325'/>

	<player>
		<unitScore value='20900'/>
		<killScore value='25625'/>
		<buildingScore value='5675'/>
		<razingScore value='4710'/>
		<mineralScore value='31294'/>
		<gasScore value='3304'/>
		<totalScore value='91508'/>
	</player>

	<enemy>
		<race value='Zerg'/>
		<unitScore value='11250'/>
		<unitScore value='11250'/>
		<killScore value='14700'/>
		<buildingScore value='1570'/>
		<razingScore value='0'/>
		<mineralScore value='10034'/>
		<gasScore value='2904'/>
		<totalScore value='40458'/>
	</enemy>

	<scoreRatio value='2.2618'/>
	<timeFitness value='0.677083'/>
	<unitsAverage value='127'/>
</results>
