<results>
	<result value='win'/>
	<start value='2014-07-01.04:24:12'/>
	<end value='2014-07-01.04:24:39'/>
	<frames value='33482'/>
	<gameDuration value='2092'/>

	<player>
		<unitScore value='17025'/>
		<killScore value='11400'/>
		<buildingScore value='2950'/>
		<razingScore value='14175'/>
		<mineralScore value='20954'/>
		<gasScore value='3544'/>
		<totalScore value='70048'/>
	</player>

	<enemy>
		<race value='Protoss'/>
		<unitScore value='5700'/>
		<unitScore value='5700'/>
		<killScore value='17300'/>
		<buildingScore value='4725'/>
		<razingScore value='150'/>
		<mineralScore value='14298'/>
		<gasScore value='2936'/>
		<totalScore value='45109'/>
	</enemy>

	<scoreRatio value='1.55286'/>
</results>
