<results>
	<result value='loss'/>
	<start value='2015-07-18.02:23:44'/>
	<end value='2015-07-18.02:24:08'/>
	<frames value='23221'/>
	<gameDuration value='1451'/>

	<player>
		<unitScore value='7675'/>
		<killScore value='2550'/>
		<buildingScore value='2425'/>
		<razingScore value='0'/>
		<mineralScore value='9354'/>
		<gasScore value='1528'/>
		<totalScore value='23532'/>
	</player>

	<enemy>
		<race value='Terran'/>
		<unitScore value='9550'/>
		<killScore value='12500'/>
		<buildingScore value='3600'/>
		<razingScore value='7275'/>
		<mineralScore value='11194'/>
		<gasScore value='4736'/>
		<totalScore value='48855'/>
	</enemy>

	<scoreRatio value='0.48167'/>
	<timeFitness value='0.201528'/>
	<unitsAverage value='39'/>
</results>
