<results>
	<result value='loss'/>
	<start value='2015-07-18.02:44:40'/>
	<end value='2015-07-18.02:44:56'/>
	<frames value='18571'/>
	<gameDuration value='1160'/>

	<player>
		<unitScore value='6175'/>
		<killScore value='1250'/>
		<buildingScore value='2125'/>
		<razingScore value='300'/>
		<mineralScore value='7090'/>
		<gasScore value='1176'/>
		<totalScore value='18116'/>
	</player>

	<enemy>
		<race value='Terran'/>
		<unitScore value='5125'/>
		<killScore value='12150'/>
		<buildingScore value='2200'/>
		<razingScore value='6375'/>
		<mineralScore value='8658'/>
		<gasScore value='2832'/>
		<totalScore value='37340'/>
	</enemy>

	<scoreRatio value='0.485163'/>
	<timeFitness value='0.161111'/>
	<unitsAverage value='29'/>
</results>
