<results>
	<result value='loss'/>
	<start value='2015-05-04.18:42:02'/>
	<end value='2015-05-04.18:42:16'/>
	<frames value='20245'/>
	<gameDuration value='1265'/>

	<player>
		<unitScore value='3925'/>
		<killScore value='2200'/>
		<buildingScore value='1550'/>
		<razingScore value='0'/>
		<mineralScore value='5370'/>
		<gasScore value='664'/>
		<totalScore value='13709'/>
	</player>

	<enemy>
		<race value='Terran'/>
		<unitScore value='7675'/>
		<unitScore value='7675'/>
		<killScore value='7850'/>
		<buildingScore value='3125'/>
		<razingScore value='4650'/>
		<mineralScore value='9538'/>
		<gasScore value='3800'/>
		<totalScore value='36638'/>
	</enemy>

	<scoreRatio value='0.374174'/>
	<timeFitness value='0.175694'/>
	<unitsAverage value='24'/>
</results>
