<results>
	<result value='draw'/>
	<start value='2015-07-11.15:23:23'/>
	<end value='2015-07-11.15:23:58'/>
	<frames value='57601'/>
	<gameDuration value='3600'/>

	<player>
		<unitScore value='8675'/>
		<killScore value='7850'/>
		<buildingScore value='3175'/>
		<razingScore value='0'/>
		<mineralScore value='11022'/>
		<gasScore value='2208'/>
		<totalScore value='32930'/>
	</player>

	<enemy>
		<race value='Terran'/>
		<unitScore value='24900'/>
		<killScore value='17350'/>
		<buildingScore value='5525'/>
		<razingScore value='8775'/>
		<mineralScore value='31282'/>
		<gasScore value='12232'/>
		<totalScore value='100064'/>
	</enemy>

	<scoreRatio value='0.329089'/>
	<timeFitness value='0.5'/>
	<unitsAverage value='30'/>
</results>
