<results>
	<result value='loss'/>
	<start value='2015-07-11.15:37:15'/>
	<end value='2015-07-11.15:37:25'/>
	<frames value='16990'/>
	<gameDuration value='1061'/>

	<player>
		<unitScore value='3925'/>
		<killScore value='850'/>
		<buildingScore value='1475'/>
		<razingScore value='0'/>
		<mineralScore value='5354'/>
		<gasScore value='1032'/>
		<totalScore value='12636'/>
	</player>

	<enemy>
		<race value='Terran'/>
		<unitScore value='6350'/>
		<killScore value='5850'/>
		<buildingScore value='2625'/>
		<razingScore value='4425'/>
		<mineralScore value='7890'/>
		<gasScore value='2376'/>
		<totalScore value='29516'/>
	</enemy>

	<scoreRatio value='0.428107'/>
	<timeFitness value='0.147361'/>
	<unitsAverage value='29'/>
</results>
