<results>
	<result value='loss'/>
	<start value='2015-07-11.15:39:05'/>
	<end value='2015-07-11.15:39:20'/>
	<frames value='22074'/>
	<gameDuration value='1379'/>

	<player>
		<unitScore value='6925'/>
		<killScore value='3700'/>
		<buildingScore value='2550'/>
		<razingScore value='0'/>
		<mineralScore value='9802'/>
		<gasScore value='1696'/>
		<totalScore value='24673'/>
	</player>

	<enemy>
		<race value='Terran'/>
		<unitScore value='8750'/>
		<killScore value='10200'/>
		<buildingScore value='3400'/>
		<razingScore value='7650'/>
		<mineralScore value='10506'/>
		<gasScore value='4304'/>
		<totalScore value='44810'/>
	</enemy>

	<scoreRatio value='0.550614'/>
	<timeFitness value='0.191528'/>
	<unitsAverage value='42'/>
</results>
