<results>
	<result value='win'/>
	<start value='2014-07-09.13:57:54'/>
	<end value='2014-07-09.13:58:55'/>
	<frames value='40519'/>
	<gameDuration value='2532'/>

	<player>
		<unitScore value='26375'/>
		<killScore value='35100'/>
		<buildingScore value='4375'/>
		<razingScore value='17400'/>
		<mineralScore value='38402'/>
		<gasScore value='3432'/>
		<totalScore value='125084'/>
	</player>

	<enemy>
		<race value='Protoss'/>
		<unitScore value='17900'/>
		<unitScore value='17900'/>
		<killScore value='28400'/>
		<buildingScore value='5800'/>
		<razingScore value='150'/>
		<mineralScore value='22970'/>
		<gasScore value='6112'/>
		<totalScore value='81332'/>
	</enemy>

	<scoreRatio value='1.53794'/>
</results>
