<results>
	<result value='loss'/>
	<start value='2015-05-10.01:55:55'/>
	<end value='2015-05-10.01:56:18'/>
	<frames value='38132'/>
	<gameDuration value='2383'/>

	<player>
		<unitScore value='11600'/>
		<killScore value='13350'/>
		<buildingScore value='2225'/>
		<razingScore value='450'/>
		<mineralScore value='12946'/>
		<gasScore value='2864'/>
		<totalScore value='43435'/>
	</player>

	<enemy>
		<race value='Protoss'/>
		<unitScore value='24675'/>
		<unitScore value='24675'/>
		<killScore value='23200'/>
		<buildingScore value='7225'/>
		<razingScore value='6675'/>
		<mineralScore value='25770'/>
		<gasScore value='9904'/>
		<totalScore value='97449'/>
	</enemy>

	<scoreRatio value='0.44572'/>
	<timeFitness value='0.330972'/>
	<unitsAverage value='36'/>
</results>
