<results>
	<result value='loss'/>
	<start value='2015-05-10.02:01:28'/>
	<end value='2015-05-10.02:01:38'/>
	<frames value='18354'/>
	<gameDuration value='1147'/>

	<player>
		<unitScore value='3725'/>
		<killScore value='2500'/>
		<buildingScore value='1125'/>
		<razingScore value='0'/>
		<mineralScore value='4770'/>
		<gasScore value='936'/>
		<totalScore value='13056'/>
	</player>

	<enemy>
		<race value='Protoss'/>
		<unitScore value='4600'/>
		<unitScore value='4600'/>
		<killScore value='7450'/>
		<buildingScore value='4475'/>
		<razingScore value='3375'/>
		<mineralScore value='10258'/>
		<gasScore value='2016'/>
		<totalScore value='32174'/>
	</enemy>

	<scoreRatio value='0.405793'/>
	<timeFitness value='0.159306'/>
	<unitsAverage value='24'/>
</results>
