<results>
	<result value='loss'/>
	<start value='2015-05-10.02:03:47'/>
	<end value='2015-05-10.02:03:56'/>
	<frames value='16215'/>
	<gameDuration value='1013'/>

	<player>
		<unitScore value='3250'/>
		<killScore value='800'/>
		<buildingScore value='1550'/>
		<razingScore value='0'/>
		<mineralScore value='4698'/>
		<gasScore value='656'/>
		<totalScore value='10954'/>
	</player>

	<enemy>
		<race value='Protoss'/>
		<unitScore value='3650'/>
		<unitScore value='3650'/>
		<killScore value='6500'/>
		<buildingScore value='3525'/>
		<razingScore value='4650'/>
		<mineralScore value='8402'/>
		<gasScore value='1624'/>
		<totalScore value='28351'/>
	</enemy>

	<scoreRatio value='0.386371'/>
	<timeFitness value='0.140694'/>
	<unitsAverage value='23'/>
</results>
