<results>
	<result value='loss'/>
	<start value='2015-05-10.02:11:51'/>
	<end value='2015-05-10.02:11:59'/>
	<frames value='15440'/>
	<gameDuration value='965'/>

	<player>
		<unitScore value='3200'/>
		<killScore value='1400'/>
		<buildingScore value='1425'/>
		<razingScore value='0'/>
		<mineralScore value='4594'/>
		<gasScore value='600'/>
		<totalScore value='11219'/>
	</player>

	<enemy>
		<race value='Protoss'/>
		<unitScore value='3550'/>
		<unitScore value='3550'/>
		<killScore value='6400'/>
		<buildingScore value='2975'/>
		<razingScore value='4275'/>
		<mineralScore value='7794'/>
		<gasScore value='1424'/>
		<totalScore value='26418'/>
	</enemy>

	<scoreRatio value='0.424673'/>
	<timeFitness value='0.134028'/>
	<unitsAverage value='21'/>
</results>
