<results>
	<result value='win'/>
	<start value='2015-04-27.21:55:16'/>
	<end value='2015-04-27.21:55:48'/>
	<frames value='34505'/>
	<gameDuration value='2156'/>

	<player>
		<unitScore value='16400'/>
		<killScore value='30450'/>
		<buildingScore value='4900'/>
		<razingScore value='11475'/>
		<mineralScore value='36898'/>
		<gasScore value='2672'/>
		<totalScore value='102795'/>
	</player>

	<enemy>
		<race value='Terran'/>
		<unitScore value='16325'/>
		<unitScore value='16325'/>
		<killScore value='10550'/>
		<buildingScore value='3900'/>
		<razingScore value='1800'/>
		<mineralScore value='13718'/>
		<gasScore value='6262'/>
		<totalScore value='52555'/>
	</enemy>

	<scoreRatio value='1.95595'/>
</results>
