<results>
	<result value='win'/>
	<start value='2015-04-27.22:04:11'/>
	<end value='2015-04-27.22:04:34'/>
	<frames value='35745'/>
	<gameDuration value='2234'/>

	<player>
		<unitScore value='15175'/>
		<killScore value='22600'/>
		<buildingScore value='2650'/>
		<razingScore value='9150'/>
		<mineralScore value='18074'/>
		<gasScore value='3664'/>
		<totalScore value='71313'/>
	</player>

	<enemy>
		<race value='Terran'/>
		<unitScore value='12200'/>
		<unitScore value='12200'/>
		<killScore value='16500'/>
		<buildingScore value='3050'/>
		<razingScore value='1725'/>
		<mineralScore value='12050'/>
		<gasScore value='5222'/>
		<totalScore value='50747'/>
	</enemy>

	<scoreRatio value='1.40527'/>
</results>
