<results>
	<result value='win'/>
	<start value='2015-05-11.01:39:47'/>
	<end value='2015-05-11.01:40:30'/>
	<frames value='31312'/>
	<gameDuration value='1957'/>

	<player>
		<unitScore value='20250'/>
		<killScore value='37655'/>
		<buildingScore value='4275'/>
		<razingScore value='6495'/>
		<mineralScore value='29410'/>
		<gasScore value='2848'/>
		<totalScore value='100933'/>
	</player>

	<enemy>
		<race value='Zerg'/>
		<unitScore value='15675'/>
		<unitScore value='15675'/>
		<killScore value='17500'/>
		<buildingScore value='2165'/>
		<razingScore value='0'/>
		<mineralScore value='14314'/>
		<gasScore value='4432'/>
		<totalScore value='54086'/>
	</enemy>

	<scoreRatio value='1.86616'/>
	<timeFitness value='0.728194'/>
	<unitsAverage value='112'/>
</results>
