<results>
	<result value='win'/>
	<start value='2015-05-11.01:46:11'/>
	<end value='2015-05-11.01:46:44'/>
	<frames value='28367'/>
	<gameDuration value='1772'/>

	<player>
		<unitScore value='19350'/>
		<killScore value='26300'/>
		<buildingScore value='4125'/>
		<razingScore value='5700'/>
		<mineralScore value='25034'/>
		<gasScore value='2864'/>
		<totalScore value='83373'/>
	</player>

	<enemy>
		<race value='Zerg'/>
		<unitScore value='11675'/>
		<unitScore value='11675'/>
		<killScore value='18250'/>
		<buildingScore value='1900'/>
		<razingScore value='0'/>
		<mineralScore value='11494'/>
		<gasScore value='3408'/>
		<totalScore value='46727'/>
	</enemy>

	<scoreRatio value='1.78426'/>
	<timeFitness value='0.753889'/>
	<unitsAverage value='98'/>
</results>
