<results>
	<result value='draw'/>
	<start value='2015-04-03.18:14:51'/>
	<end value='2015-04-03.18:15:59'/>
	<frames value='57601'/>
	<gameDuration value='3600'/>

	<player>
		<unitScore value='31250'/>
		<killScore value='64700'/>
		<buildingScore value='3450'/>
		<razingScore value='13575'/>
		<mineralScore value='31718'/>
		<gasScore value='5834'/>
		<totalScore value='150527'/>
	</player>

	<enemy>
		<race value='Protoss'/>
		<unitScore value='36650'/>
		<unitScore value='36650'/>
		<killScore value='56750'/>
		<buildingScore value='7250'/>
		<razingScore value='3450'/>
		<mineralScore value='31334'/>
		<gasScore value='10790'/>
		<totalScore value='146224'/>
	</enemy>

	<scoreRatio value='1.02943'/>
</results>
