<results>
	<result value='loss'/>
	<start value='2015-04-10.23:10:20'/>
	<end value='2015-04-10.23:10:33'/>
	<frames value='15595'/>
	<gameDuration value='974'/>

	<player>
		<unitScore value='2775'/>
		<killScore value='1000'/>
		<buildingScore value='1550'/>
		<razingScore value='0'/>
		<mineralScore value='4498'/>
		<gasScore value='624'/>
		<totalScore value='10447'/>
	</player>

	<enemy>
		<race value='Protoss'/>
		<unitScore value='3550'/>
		<unitScore value='3550'/>
		<killScore value='5550'/>
		<buildingScore value='3125'/>
		<razingScore value='4650'/>
		<mineralScore value='8178'/>
		<gasScore value='1568'/>
		<totalScore value='26621'/>
	</enemy>

	<scoreRatio value='0.392435'/>
</results>
