<results>
	<result value='win'/>
	<start value='2015-04-10.05:31:01'/>
	<end value='2015-04-10.05:31:25'/>
	<frames value='28057'/>
	<gameDuration value='1753'/>

	<player>
		<unitScore value='14025'/>
		<killScore value='9700'/>
		<buildingScore value='3575'/>
		<razingScore value='16050'/>
		<mineralScore value='19050'/>
		<gasScore value='1872'/>
		<totalScore value='64272'/>
	</player>

	<enemy>
		<race value='Protoss'/>
		<unitScore value='4850'/>
		<unitScore value='4850'/>
		<killScore value='12000'/>
		<buildingScore value='5350'/>
		<razingScore value='300'/>
		<mineralScore value='13474'/>
		<gasScore value='2056'/>
		<totalScore value='38030'/>
	</enemy>

	<scoreRatio value='1.69003'/>
</results>
