<results>
	<result value='win'/>
	<start value='2015-04-10.05:35:29'/>
	<end value='2015-04-10.05:36:01'/>
	<frames value='30289'/>
	<gameDuration value='1893'/>

	<player>
		<unitScore value='18050'/>
		<killScore value='30450'/>
		<buildingScore value='3800'/>
		<razingScore value='17775'/>
		<mineralScore value='28466'/>
		<gasScore value='2880'/>
		<totalScore value='101421'/>
	</player>

	<enemy>
		<race value='Protoss'/>
		<unitScore value='15800'/>
		<unitScore value='15800'/>
		<killScore value='15000'/>
		<buildingScore value='5925'/>
		<razingScore value='0'/>
		<mineralScore value='17114'/>
		<gasScore value='4072'/>
		<totalScore value='57911'/>
	</enemy>

	<scoreRatio value='1.75133'/>
</results>
