<results>
	<result value='win'/>
	<start value='2015-05-10.16:04:28'/>
	<end value='2015-05-10.16:04:54'/>
	<frames value='21299'/>
	<gameDuration value='1331'/>

	<player>
		<unitScore value='11150'/>
		<killScore value='16870'/>
		<buildingScore value='2850'/>
		<razingScore value='4560'/>
		<mineralScore value='16666'/>
		<gasScore value='1176'/>
		<totalScore value='53272'/>
	</player>

	<enemy>
		<race value='Zerg'/>
		<unitScore value='8300'/>
		<unitScore value='8300'/>
		<killScore value='7700'/>
		<buildingScore value='1520'/>
		<razingScore value='0'/>
		<mineralScore value='8562'/>
		<gasScore value='2744'/>
		<totalScore value='28826'/>
	</enemy>

	<scoreRatio value='1.84805'/>
	<timeFitness value='0.815139'/>
	<unitsAverage value='72'/>
</results>
