<results>
	<result value='win'/>
	<start value='2015-05-03.13:24:50'/>
	<end value='2015-05-03.13:25:10'/>
	<frames value='23128'/>
	<gameDuration value='1445'/>

	<player>
		<unitScore value='14125'/>
		<killScore value='20070'/>
		<buildingScore value='3075'/>
		<razingScore value='3780'/>
		<mineralScore value='19018'/>
		<gasScore value='1560'/>
		<totalScore value='61628'/>
	</player>

	<enemy>
		<race value='Zerg'/>
		<unitScore value='9225'/>
		<unitScore value='9225'/>
		<killScore value='12600'/>
		<buildingScore value='1260'/>
		<razingScore value='0'/>
		<mineralScore value='8810'/>
		<gasScore value='2752'/>
		<totalScore value='34647'/>
	</enemy>

	<scoreRatio value='1.77874'/>
	<timeFitness value='0.799306'/>
	<unitsAverage value='78'/>
</results>
