<results>
	<result value='loss'/>
	<start value='2015-05-08.04:32:12'/>
	<end value='2015-05-08.04:32:20'/>
	<frames value='19904'/>
	<gameDuration value='1244'/>

	<player>
		<unitScore value='5100'/>
		<killScore value='1400'/>
		<buildingScore value='1800'/>
		<razingScore value='0'/>
		<mineralScore value='7282'/>
		<gasScore value='864'/>
		<totalScore value='16446'/>
	</player>

	<enemy>
		<race value='Terran'/>
		<unitScore value='7325'/>
		<unitScore value='7325'/>
		<killScore value='10200'/>
		<buildingScore value='2925'/>
		<razingScore value='5400'/>
		<mineralScore value='9322'/>
		<gasScore value='3520'/>
		<totalScore value='38692'/>
	</enemy>

	<scoreRatio value='0.425049'/>
	<timeFitness value='0.172778'/>
	<unitsAverage value='26'/>
</results>
