<results>
	<result value='draw'/>
	<start value='2015-05-08.04:36:24'/>
	<end value='2015-05-08.04:37:29'/>
	<frames value='57601'/>
	<gameDuration value='3600'/>

	<player>
		<unitScore value='27300'/>
		<killScore value='32850'/>
		<buildingScore value='5925'/>
		<razingScore value='9600'/>
		<mineralScore value='46202'/>
		<gasScore value='6984'/>
		<totalScore value='128861'/>
	</player>

	<enemy>
		<race value='Terran'/>
		<unitScore value='17225'/>
		<unitScore value='17225'/>
		<killScore value='30850'/>
		<buildingScore value='3350'/>
		<razingScore value='3000'/>
		<mineralScore value='13890'/>
		<gasScore value='6644'/>
		<totalScore value='74959'/>
	</enemy>

	<scoreRatio value='1.71909'/>
	<timeFitness value='0.5'/>
	<unitsAverage value='129'/>
</results>
