<results>
	<result value='win'/>
	<start value='2015-05-08.04:37:42'/>
	<end value='2015-05-08.04:37:52'/>
	<frames value='19129'/>
	<gameDuration value='1195'/>

	<player>
		<unitScore value='7375'/>
		<killScore value='8650'/>
		<buildingScore value='2825'/>
		<razingScore value='3900'/>
		<mineralScore value='12450'/>
		<gasScore value='1520'/>
		<totalScore value='36720'/>
	</player>

	<enemy>
		<race value='Terran'/>
		<unitScore value='4325'/>
		<unitScore value='4325'/>
		<killScore value='3400'/>
		<buildingScore value='1375'/>
		<razingScore value='1200'/>
		<mineralScore value='8266'/>
		<gasScore value='1600'/>
		<totalScore value='20166'/>
	</enemy>

	<scoreRatio value='1.82089'/>
	<timeFitness value='0.834028'/>
	<unitsAverage value='54'/>
</results>
