<results>
	<result value='draw'/>
	<start value='2015-05-09.19:44:08'/>
	<end value='2015-05-09.19:45:53'/>
	<frames value='57601'/>
	<gameDuration value='3600'/>

	<player>
		<unitScore value='29650'/>
		<killScore value='55400'/>
		<buildingScore value='2975'/>
		<razingScore value='1050'/>
		<mineralScore value='31478'/>
		<gasScore value='6696'/>
		<totalScore value='127249'/>
	</player>

	<enemy>
		<race value='Protoss'/>
		<unitScore value='37525'/>
		<unitScore value='37525'/>
		<killScore value='52950'/>
		<buildingScore value='6425'/>
		<razingScore value='3450'/>
		<mineralScore value='31550'/>
		<gasScore value='11962'/>
		<totalScore value='143862'/>
	</enemy>

	<scoreRatio value='0.884521'/>
	<timeFitness value='0.5'/>
	<unitsAverage value='96'/>
</results>
