<results>
	<result value='loss'/>
	<start value='2015-05-09.19:49:48'/>
	<end value='2015-05-09.19:50:06'/>
	<frames value='18540'/>
	<gameDuration value='1158'/>

	<player>
		<unitScore value='4925'/>
		<killScore value='1600'/>
		<buildingScore value='1750'/>
		<razingScore value='0'/>
		<mineralScore value='7018'/>
		<gasScore value='1320'/>
		<totalScore value='16613'/>
	</player>

	<enemy>
		<race value='Protoss'/>
		<unitScore value='5175'/>
		<unitScore value='5175'/>
		<killScore value='9850'/>
		<buildingScore value='3375'/>
		<razingScore value='5250'/>
		<mineralScore value='9410'/>
		<gasScore value='2184'/>
		<totalScore value='35244'/>
	</enemy>

	<scoreRatio value='0.471371'/>
	<timeFitness value='0.160833'/>
	<unitsAverage value='30'/>
</results>
