<results>
	<result value='draw'/>
	<start value='2015-05-09.20:04:48'/>
	<end value='2015-05-09.20:07:16'/>
	<frames value='57601'/>
	<gameDuration value='3600'/>

	<player>
		<unitScore value='31400'/>
		<killScore value='60750'/>
		<buildingScore value='3400'/>
		<razingScore value='18000'/>
		<mineralScore value='34770'/>
		<gasScore value='5628'/>
		<totalScore value='153948'/>
	</player>

	<enemy>
		<race value='Protoss'/>
		<unitScore value='33450'/>
		<unitScore value='33450'/>
		<killScore value='45150'/>
		<buildingScore value='6525'/>
		<razingScore value='600'/>
		<mineralScore value='28130'/>
		<gasScore value='10500'/>
		<totalScore value='124355'/>
	</enemy>

	<scoreRatio value='1.23797'/>
	<timeFitness value='0.5'/>
	<unitsAverage value='137'/>
</results>
