<results>
	<result value='loss'/>
	<start value='2015-05-09.20:08:56'/>
	<end value='2015-05-09.20:10:15'/>
	<frames value='49044'/>
	<gameDuration value='3065'/>

	<player>
		<unitScore value='17950'/>
		<killScore value='26750'/>
		<buildingScore value='2850'/>
		<razingScore value='5550'/>
		<mineralScore value='20694'/>
		<gasScore value='6488'/>
		<totalScore value='80282'/>
	</player>

	<enemy>
		<race value='Protoss'/>
		<unitScore value='24250'/>
		<unitScore value='24250'/>
		<killScore value='35900'/>
		<buildingScore value='8775'/>
		<razingScore value='8550'/>
		<mineralScore value='30166'/>
		<gasScore value='7642'/>
		<totalScore value='115283'/>
	</enemy>

	<scoreRatio value='0.696391'/>
	<timeFitness value='0.425694'/>
	<unitsAverage value='79'/>
</results>
