<results>
	<result value='loss'/>
	<start value='2015-07-19.04:08:35'/>
	<end value='2015-07-19.04:08:52'/>
	<frames value='19563'/>
	<gameDuration value='1222'/>

	<player>
		<unitScore value='8925'/>
		<killScore value='1450'/>
		<buildingScore value='2125'/>
		<razingScore value='0'/>
		<mineralScore value='7842'/>
		<gasScore value='1920'/>
		<totalScore value='22262'/>
	</player>

	<enemy>
		<race value='Zerg'/>
		<unitScore value='7375'/>
		<killScore value='13000'/>
		<buildingScore value='2495'/>
		<razingScore value='6375'/>
		<mineralScore value='9130'/>
		<gasScore value='3120'/>
		<totalScore value='41495'/>
	</enemy>

	<scoreRatio value='0.536498'/>
	<timeFitness value='0.169722'/>
	<unitsAverage value='43'/>
</results>
