<results>
	<result value='loss'/>
	<start value='2015-07-19.04:09:58'/>
	<end value='2015-07-19.04:10:07'/>
	<frames value='18199'/>
	<gameDuration value='1137'/>

	<player>
		<unitScore value='950'/>
		<killScore value='650'/>
		<buildingScore value='675'/>
		<razingScore value='0'/>
		<mineralScore value='1338'/>
		<gasScore value='48'/>
		<totalScore value='3661'/>
	</player>

	<enemy>
		<race value='Zerg'/>
		<unitScore value='7200'/>
		<killScore value='1900'/>
		<buildingScore value='1220'/>
		<razingScore value='2025'/>
		<mineralScore value='7122'/>
		<gasScore value='1976'/>
		<totalScore value='21443'/>
	</enemy>

	<scoreRatio value='0.170732'/>
	<timeFitness value='0.157917'/>
	<unitsAverage value='8'/>
</results>
