<results>
	<result value='loss'/>
	<start value='2015-07-18.01:58:51'/>
	<end value='2015-07-18.01:59:24'/>
	<frames value='46192'/>
	<gameDuration value='2887'/>

	<player>
		<unitScore value='12125'/>
		<killScore value='9550'/>
		<buildingScore value='2950'/>
		<razingScore value='0'/>
		<mineralScore value='13514'/>
		<gasScore value='1552'/>
		<totalScore value='39691'/>
	</player>

	<enemy>
		<race value='Terran'/>
		<unitScore value='24050'/>
		<killScore value='24250'/>
		<buildingScore value='6175'/>
		<razingScore value='8850'/>
		<mineralScore value='21266'/>
		<gasScore value='14328'/>
		<totalScore value='98919'/>
	</enemy>

	<scoreRatio value='0.401247'/>
	<timeFitness value='0.400972'/>
	<unitsAverage value='30'/>
</results>
