<results>
	<result value='loss'/>
	<start value='2015-07-18.01:59:33'/>
	<end value='2015-07-18.01:59:45'/>
	<frames value='17641'/>
	<gameDuration value='1102'/>

	<player>
		<unitScore value='5625'/>
		<killScore value='600'/>
		<buildingScore value='2100'/>
		<razingScore value='0'/>
		<mineralScore value='7170'/>
		<gasScore value='968'/>
		<totalScore value='16463'/>
	</player>

	<enemy>
		<race value='Terran'/>
		<unitScore value='6100'/>
		<killScore value='11250'/>
		<buildingScore value='2700'/>
		<razingScore value='6300'/>
		<mineralScore value='8194'/>
		<gasScore value='2432'/>
		<totalScore value='36976'/>
	</enemy>

	<scoreRatio value='0.445235'/>
	<timeFitness value='0.153056'/>
	<unitsAverage value='29'/>
</results>
