<results>
	<result value='draw'/>
	<start value='2015-07-18.02:10:39'/>
	<end value='2015-07-18.02:12:58'/>
	<frames value='57601'/>
	<gameDuration value='3600'/>

	<player>
		<unitScore value='38350'/>
		<killScore value='20250'/>
		<buildingScore value='4275'/>
		<razingScore value='0'/>
		<mineralScore value='31702'/>
		<gasScore value='7054'/>
		<totalScore value='101631'/>
	</player>

	<enemy>
		<race value='Terran'/>
		<unitScore value='25700'/>
		<killScore value='57650'/>
		<buildingScore value='4200'/>
		<razingScore value='3525'/>
		<mineralScore value='19550'/>
		<gasScore value='12298'/>
		<totalScore value='122923'/>
	</enemy>

	<scoreRatio value='0.826786'/>
	<timeFitness value='0.5'/>
	<unitsAverage value='137'/>
</results>
