<results>
	<result value='win'/>
	<start value='2015-04-09.21:09:06'/>
	<end value='2015-04-09.21:09:40'/>
	<frames value='31932'/>
	<gameDuration value='1995'/>

	<player>
		<unitScore value='20375'/>
		<killScore value='17550'/>
		<buildingScore value='3175'/>
		<razingScore value='18975'/>
		<mineralScore value='23726'/>
		<gasScore value='3120'/>
		<totalScore value='86921'/>
	</player>

	<enemy>
		<race value='Protoss'/>
		<unitScore value='8775'/>
		<unitScore value='8775'/>
		<killScore value='17400'/>
		<buildingScore value='6325'/>
		<razingScore value='150'/>
		<mineralScore value='18146'/>
		<gasScore value='3888'/>
		<totalScore value='54684'/>
	</enemy>

	<scoreRatio value='1.58951'/>
</results>
