<results>
	<result value='draw'/>
	<start value='2015-04-09.21:18:47'/>
	<end value='2015-04-09.21:19:53'/>
	<frames value='57601'/>
	<gameDuration value='3600'/>

	<player>
		<unitScore value='31650'/>
		<killScore value='44190'/>
		<buildingScore value='3375'/>
		<razingScore value='15375'/>
		<mineralScore value='32294'/>
		<gasScore value='6794'/>
		<totalScore value='133678'/>
	</player>

	<enemy>
		<race value='Protoss'/>
		<unitScore value='25385'/>
		<unitScore value='25385'/>
		<killScore value='54550'/>
		<buildingScore value='8500'/>
		<razingScore value='375'/>
		<mineralScore value='30438'/>
		<gasScore value='9678'/>
		<totalScore value='128926'/>
	</enemy>

	<scoreRatio value='1.03686'/>
</results>
