<results>
	<result value='win'/>
	<start value='2015-05-10.13:48:01'/>
	<end value='2015-05-10.13:48:40'/>
	<frames value='34908'/>
	<gameDuration value='2181'/>

	<player>
		<unitScore value='19550'/>
		<killScore value='16300'/>
		<buildingScore value='4225'/>
		<razingScore value='18900'/>
		<mineralScore value='26914'/>
		<gasScore value='3464'/>
		<totalScore value='89353'/>
	</player>

	<enemy>
		<race value='Protoss'/>
		<unitScore value='8150'/>
		<unitScore value='8150'/>
		<killScore value='15800'/>
		<buildingScore value='6300'/>
		<razingScore value='150'/>
		<mineralScore value='16986'/>
		<gasScore value='5152'/>
		<totalScore value='52538'/>
	</enemy>

	<scoreRatio value='1.70073'/>
	<timeFitness value='0.697083'/>
	<unitsAverage value='100'/>
</results>
