<results>
	<result value='loss'/>
	<start value='2015-03-31.12:26:11'/>
	<end value='2015-03-31.12:26:18'/>
	<frames value='15316'/>
	<gameDuration value='957'/>

	<player>
		<unitScore value='3225'/>
		<killScore value='600'/>
		<buildingScore value='1600'/>
		<razingScore value='0'/>
		<mineralScore value='4538'/>
		<gasScore value='408'/>
		<totalScore value='10371'/>
	</player>

	<enemy>
		<race value='Protoss'/>
		<unitScore value='3550'/>
		<unitScore value='3550'/>
		<killScore value='6450'/>
		<buildingScore value='2825'/>
		<razingScore value='4800'/>
		<mineralScore value='7842'/>
		<gasScore value='1216'/>
		<totalScore value='26683'/>
	</enemy>

	<scoreRatio value='0.388674'/>
</results>
