<results>
	<result value='loss'/>
	<start value='2015-03-31.12:32:46'/>
	<end value='2015-03-31.12:33:01'/>
	<frames value='28739'/>
	<gameDuration value='1796'/>

	<player>
		<unitScore value='3150'/>
		<killScore value='2800'/>
		<buildingScore value='1250'/>
		<razingScore value='0'/>
		<mineralScore value='4050'/>
		<gasScore value='1144'/>
		<totalScore value='12394'/>
	</player>

	<enemy>
		<race value='Protoss'/>
		<unitScore value='13400'/>
		<unitScore value='13400'/>
		<killScore value='6300'/>
		<buildingScore value='6875'/>
		<razingScore value='3750'/>
		<mineralScore value='17486'/>
		<gasScore value='6936'/>
		<totalScore value='54747'/>
	</enemy>

	<scoreRatio value='0.226387'/>
</results>
