<results>
	<result value='loss'/>
	<start value='2015-04-08.04:04:50'/>
	<end value='2015-04-08.04:04:57'/>
	<frames value='15564'/>
	<gameDuration value='972'/>

	<player>
		<unitScore value='3250'/>
		<killScore value='1200'/>
		<buildingScore value='1525'/>
		<razingScore value='0'/>
		<mineralScore value='4658'/>
		<gasScore value='592'/>
		<totalScore value='11225'/>
	</player>

	<enemy>
		<race value='Protoss'/>
		<unitScore value='3550'/>
		<unitScore value='3550'/>
		<killScore value='6500'/>
		<buildingScore value='3125'/>
		<razingScore value='4575'/>
		<mineralScore value='7978'/>
		<gasScore value='1448'/>
		<totalScore value='27176'/>
	</enemy>

	<scoreRatio value='0.413048'/>
</results>
