<results>
	<result value='loss'/>
	<start value='2015-04-08.04:07:51'/>
	<end value='2015-04-08.04:07:59'/>
	<frames value='16432'/>
	<gameDuration value='1027'/>

	<player>
		<unitScore value='2850'/>
		<killScore value='1600'/>
		<buildingScore value='1425'/>
		<razingScore value='0'/>
		<mineralScore value='4082'/>
		<gasScore value='480'/>
		<totalScore value='10437'/>
	</player>

	<enemy>
		<race value='Protoss'/>
		<unitScore value='3600'/>
		<unitScore value='3600'/>
		<killScore value='5700'/>
		<buildingScore value='3825'/>
		<razingScore value='4275'/>
		<mineralScore value='8794'/>
		<gasScore value='1424'/>
		<totalScore value='27618'/>
	</enemy>

	<scoreRatio value='0.377906'/>
</results>
