<results>
	<result value='win'/>
	<start value='2015-05-03.21:54:20'/>
	<end value='2015-05-03.21:54:58'/>
	<frames value='28677'/>
	<gameDuration value='1792'/>

	<player>
		<unitScore value='23200'/>
		<killScore value='24620'/>
		<buildingScore value='4075'/>
		<razingScore value='5820'/>
		<mineralScore value='29970'/>
		<gasScore value='0'/>
		<totalScore value='87685'/>
	</player>

	<enemy>
		<race value='Zerg'/>
		<unitScore value='11625'/>
		<unitScore value='11625'/>
		<killScore value='27700'/>
		<buildingScore value='1940'/>
		<razingScore value='0'/>
		<mineralScore value='11230'/>
		<gasScore value='3624'/>
		<totalScore value='56119'/>
	</enemy>

	<scoreRatio value='1.56248'/>
	<timeFitness value='0.751111'/>
	<unitsAverage value='102'/>
</results>
