<results>
	<result value='loss'/>
	<start value='2015-05-10.23:25:52'/>
	<end value='2015-05-10.23:26:10'/>
	<frames value='19563'/>
	<gameDuration value='1222'/>

	<player>
		<unitScore value='2950'/>
		<killScore value='1100'/>
		<buildingScore value='900'/>
		<razingScore value='0'/>
		<mineralScore value='7242'/>
		<gasScore value='0'/>
		<totalScore value='12192'/>
	</player>

	<enemy>
		<race value='Zerg'/>
		<unitScore value='7050'/>
		<unitScore value='7050'/>
		<killScore value='5900'/>
		<buildingScore value='1735'/>
		<razingScore value='2700'/>
		<mineralScore value='7682'/>
		<gasScore value='2200'/>
		<totalScore value='27267'/>
	</enemy>

	<scoreRatio value='0.447134'/>
	<timeFitness value='0.169722'/>
	<unitsAverage value='23'/>
</results>
