<results>
	<result value='win'/>
	<start value='2015-04-10.17:36:58'/>
	<end value='2015-04-10.17:37:30'/>
	<frames value='34102'/>
	<gameDuration value='2131'/>

	<player>
		<unitScore value='17050'/>
		<killScore value='14100'/>
		<buildingScore value='4425'/>
		<razingScore value='17250'/>
		<mineralScore value='25130'/>
		<gasScore value='3496'/>
		<totalScore value='81451'/>
	</player>

	<enemy>
		<race value='Protoss'/>
		<unitScore value='7050'/>
		<unitScore value='7050'/>
		<killScore value='11500'/>
		<buildingScore value='5750'/>
		<razingScore value='1500'/>
		<mineralScore value='18290'/>
		<gasScore value='3192'/>
		<totalScore value='47282'/>
	</enemy>

	<scoreRatio value='1.72266'/>
</results>
