<results>
	<result value='loss'/>
	<start value='2015-04-10.17:40:15'/>
	<end value='2015-04-10.17:40:25'/>
	<frames value='19656'/>
	<gameDuration value='1228'/>

	<player>
		<unitScore value='5225'/>
		<killScore value='1800'/>
		<buildingScore value='2400'/>
		<razingScore value='0'/>
		<mineralScore value='7666'/>
		<gasScore value='1448'/>
		<totalScore value='18539'/>
	</player>

	<enemy>
		<race value='Protoss'/>
		<unitScore value='5975'/>
		<unitScore value='5975'/>
		<killScore value='10450'/>
		<buildingScore value='4125'/>
		<razingScore value='7200'/>
		<mineralScore value='9858'/>
		<gasScore value='2944'/>
		<totalScore value='40552'/>
	</enemy>

	<scoreRatio value='0.457166'/>
</results>
