<results>
	<result value='loss'/>
	<start value='2015-07-19.04:37:27'/>
	<end value='2015-07-19.04:38:42'/>
	<frames value='55833'/>
	<gameDuration value='3489'/>

	<player>
		<unitScore value='37450'/>
		<killScore value='16850'/>
		<buildingScore value='3400'/>
		<razingScore value='300'/>
		<mineralScore value='35462'/>
		<gasScore value='7314'/>
		<totalScore value='100776'/>
	</player>

	<enemy>
		<race value='Protoss'/>
		<unitScore value='28935'/>
		<killScore value='75100'/>
		<buildingScore value='6625'/>
		<razingScore value='10200'/>
		<mineralScore value='27470'/>
		<gasScore value='11116'/>
		<totalScore value='159446'/>
	</enemy>

	<scoreRatio value='0.632038'/>
	<timeFitness value='0.484583'/>
	<unitsAverage value='69'/>
</results>
