<results>
	<result value='loss'/>
	<start value='2015-07-19.04:50:13'/>
	<end value='2015-07-19.04:51:15'/>
	<frames value='43774'/>
	<gameDuration value='2735'/>

	<player>
		<unitScore value='20150'/>
		<killScore value='14700'/>
		<buildingScore value='3350'/>
		<razingScore value='2100'/>
		<mineralScore value='40186'/>
		<gasScore value='3568'/>
		<totalScore value='84054'/>
	</player>

	<enemy>
		<race value='Protoss'/>
		<unitScore value='16500'/>
		<killScore value='40300'/>
		<buildingScore value='7375'/>
		<razingScore value='10050'/>
		<mineralScore value='22254'/>
		<gasScore value='7484'/>
		<totalScore value='103963'/>
	</enemy>

	<scoreRatio value='0.808499'/>
	<timeFitness value='0.379861'/>
	<unitsAverage value='74'/>
</results>
