<results>
	<result value='win'/>
	<start value='2015-05-07.20:53:15'/>
	<end value='2015-05-07.20:55:12'/>
	<frames value='52051'/>
	<gameDuration value='3253'/>

	<player>
		<unitScore value='17850'/>
		<killScore value='24535'/>
		<buildingScore value='5225'/>
		<razingScore value='4140'/>
		<mineralScore value='51462'/>
		<gasScore value='6990'/>
		<totalScore value='110202'/>
	</player>

	<enemy>
		<race value='Zerg'/>
		<unitScore value='11075'/>
		<unitScore value='11075'/>
		<killScore value='14750'/>
		<buildingScore value='1380'/>
		<razingScore value='0'/>
		<mineralScore value='9866'/>
		<gasScore value='3016'/>
		<totalScore value='40087'/>
	</enemy>

	<scoreRatio value='2.74907'/>
	<timeFitness value='0.548194'/>
	<unitsAverage value='169'/>
</results>
