<results>
	<result value='win'/>
	<start value='2015-05-07.21:03:58'/>
	<end value='2015-05-07.21:04:29'/>
	<frames value='25484'/>
	<gameDuration value='1592'/>

	<player>
		<unitScore value='14400'/>
		<killScore value='24885'/>
		<buildingScore value='3925'/>
		<razingScore value='4680'/>
		<mineralScore value='24682'/>
		<gasScore value='3048'/>
		<totalScore value='75620'/>
	</player>

	<enemy>
		<race value='Zerg'/>
		<unitScore value='11125'/>
		<unitScore value='11125'/>
		<killScore value='10100'/>
		<buildingScore value='1560'/>
		<razingScore value='0'/>
		<mineralScore value='9898'/>
		<gasScore value='2952'/>
		<totalScore value='35635'/>
	</enemy>

	<scoreRatio value='2.12207'/>
	<timeFitness value='0.778889'/>
	<unitsAverage value='92'/>
</results>
