<results>
	<result value='win'/>
	<start value='2015-05-07.21:12:56'/>
	<end value='2015-05-07.21:13:30'/>
	<frames value='26817'/>
	<gameDuration value='1676'/>

	<player>
		<unitScore value='15975'/>
		<killScore value='22590'/>
		<buildingScore value='3425'/>
		<razingScore value='6495'/>
		<mineralScore value='25694'/>
		<gasScore value='1688'/>
		<totalScore value='75867'/>
	</player>

	<enemy>
		<race value='Zerg'/>
		<unitScore value='10425'/>
		<unitScore value='10425'/>
		<killScore value='13300'/>
		<buildingScore value='2165'/>
		<razingScore value='0'/>
		<mineralScore value='10602'/>
		<gasScore value='3336'/>
		<totalScore value='39828'/>
	</enemy>

	<scoreRatio value='1.90487'/>
	<timeFitness value='0.767222'/>
	<unitsAverage value='92'/>
</results>
