<results>
	<result value='draw'/>
	<start value='2015-05-07.21:30:56'/>
	<end value='2015-05-07.21:33:25'/>
	<frames value='57601'/>
	<gameDuration value='3600'/>

	<player>
		<unitScore value='16325'/>
		<killScore value='20980'/>
		<buildingScore value='5525'/>
		<razingScore value='6825'/>
		<mineralScore value='52306'/>
		<gasScore value='11198'/>
		<totalScore value='113159'/>
	</player>

	<enemy>
		<race value='Zerg'/>
		<unitScore value='10050'/>
		<unitScore value='10050'/>
		<killScore value='9800'/>
		<buildingScore value='2340'/>
		<razingScore value='1800'/>
		<mineralScore value='10698'/>
		<gasScore value='3232'/>
		<totalScore value='37920'/>
	</enemy>

	<scoreRatio value='2.98415'/>
	<timeFitness value='0.5'/>
	<unitsAverage value='178'/>
</results>
