<results>
	<result value='win'/>
	<start value='2015-05-09.00:33:09'/>
	<end value='2015-05-09.00:33:53'/>
	<frames value='30444'/>
	<gameDuration value='1902'/>

	<player>
		<unitScore value='20925'/>
		<killScore value='27400'/>
		<buildingScore value='4275'/>
		<razingScore value='7350'/>
		<mineralScore value='31814'/>
		<gasScore value='2576'/>
		<totalScore value='94340'/>
	</player>

	<enemy>
		<race value='Terran'/>
		<unitScore value='13700'/>
		<unitScore value='13700'/>
		<killScore value='16300'/>
		<buildingScore value='2450'/>
		<razingScore value='150'/>
		<mineralScore value='12050'/>
		<gasScore value='5014'/>
		<totalScore value='49664'/>
	</enemy>

	<scoreRatio value='1.89957'/>
	<timeFitness value='0.735833'/>
	<unitsAverage value='114'/>
</results>
