<results>
	<result value='loss'/>
	<start value='2015-07-19.06:00:25'/>
	<end value='2015-07-19.06:00:40'/>
	<frames value='19315'/>
	<gameDuration value='1207'/>

	<player>
		<unitScore value='6525'/>
		<killScore value='1200'/>
		<buildingScore value='2325'/>
		<razingScore value='300'/>
		<mineralScore value='8154'/>
		<gasScore value='1040'/>
		<totalScore value='19544'/>
	</player>

	<enemy>
		<race value='Protoss'/>
		<unitScore value='6075'/>
		<killScore value='13050'/>
		<buildingScore value='4325'/>
		<razingScore value='6975'/>
		<mineralScore value='10162'/>
		<gasScore value='2800'/>
		<totalScore value='43387'/>
	</enemy>

	<scoreRatio value='0.450458'/>
	<timeFitness value='0.167639'/>
	<unitsAverage value='30'/>
</results>
