<results>
	<result value='win'/>
	<start value='2015-05-04.05:48:18'/>
	<end value='2015-05-04.05:49:22'/>
	<frames value='38814'/>
	<gameDuration value='2425'/>

	<player>
		<unitScore value='23075'/>
		<killScore value='28170'/>
		<buildingScore value='4175'/>
		<razingScore value='7320'/>
		<mineralScore value='39050'/>
		<gasScore value='3440'/>
		<totalScore value='105230'/>
	</player>

	<enemy>
		<race value='Zerg'/>
		<unitScore value='13050'/>
		<unitScore value='13050'/>
		<killScore value='18200'/>
		<buildingScore value='2440'/>
		<razingScore value='0'/>
		<mineralScore value='12850'/>
		<gasScore value='4896'/>
		<totalScore value='51436'/>
	</enemy>

	<scoreRatio value='2.04584'/>
	<timeFitness value='0.663194'/>
	<unitsAverage value='139'/>
</results>
