<results>
	<result value='win'/>
	<start value='2015-05-04.05:51:18'/>
	<end value='2015-05-04.05:53:17'/>
	<frames value='54035'/>
	<gameDuration value='3377'/>

	<player>
		<unitScore value='37525'/>
		<killScore value='53605'/>
		<buildingScore value='4425'/>
		<razingScore value='11130'/>
		<mineralScore value='38390'/>
		<gasScore value='5652'/>
		<totalScore value='150727'/>
	</player>

	<enemy>
		<race value='Zerg'/>
		<unitScore value='24725'/>
		<unitScore value='24725'/>
		<killScore value='46200'/>
		<buildingScore value='3710'/>
		<razingScore value='0'/>
		<mineralScore value='23662'/>
		<gasScore value='7754'/>
		<totalScore value='106051'/>
	</enemy>

	<scoreRatio value='1.42127'/>
	<timeFitness value='0.530972'/>
	<unitsAverage value='169'/>
</results>
