<results>
	<result value='win'/>
	<start value='2015-05-10.18:40:37'/>
	<end value='2015-05-10.18:41:08'/>
	<frames value='28491'/>
	<gameDuration value='1780'/>

	<player>
		<unitScore value='20250'/>
		<killScore value='32310'/>
		<buildingScore value='4025'/>
		<razingScore value='4800'/>
		<mineralScore value='28082'/>
		<gasScore value='2992'/>
		<totalScore value='92459'/>
	</player>

	<enemy>
		<race value='Zerg'/>
		<unitScore value='13550'/>
		<unitScore value='13550'/>
		<killScore value='20800'/>
		<buildingScore value='1600'/>
		<razingScore value='0'/>
		<mineralScore value='11642'/>
		<gasScore value='3424'/>
		<totalScore value='51016'/>
	</enemy>

	<scoreRatio value='1.81235'/>
	<timeFitness value='0.752778'/>
	<unitsAverage value='97'/>
</results>
