<results>
	<result value='win'/>
	<start value='2015-05-04.06:02:22'/>
	<end value='2015-05-04.06:03:33'/>
	<frames value='38876'/>
	<gameDuration value='2429'/>

	<player>
		<unitScore value='21350'/>
		<killScore value='20730'/>
		<buildingScore value='3200'/>
		<razingScore value='8310'/>
		<mineralScore value='31298'/>
		<gasScore value='3400'/>
		<totalScore value='88288'/>
	</player>

	<enemy>
		<race value='Zerg'/>
		<unitScore value='10525'/>
		<unitScore value='10525'/>
		<killScore value='13500'/>
		<buildingScore value='2770'/>
		<razingScore value='225'/>
		<mineralScore value='11582'/>
		<gasScore value='3176'/>
		<totalScore value='41778'/>
	</enemy>

	<scoreRatio value='2.11327'/>
	<timeFitness value='0.662639'/>
	<unitsAverage value='143'/>
</results>
