<results>
	<result value='win'/>
	<start value='2015-05-10.18:42:16'/>
	<end value='2015-05-10.18:42:48'/>
	<frames value='33296'/>
	<gameDuration value='2081'/>

	<player>
		<unitScore value='18475'/>
		<killScore value='36970'/>
		<buildingScore value='3375'/>
		<razingScore value='6405'/>
		<mineralScore value='26506'/>
		<gasScore value='2560'/>
		<totalScore value='94291'/>
	</player>

	<enemy>
		<race value='Zerg'/>
		<unitScore value='15800'/>
		<unitScore value='15800'/>
		<killScore value='19300'/>
		<buildingScore value='2135'/>
		<razingScore value='0'/>
		<mineralScore value='14110'/>
		<gasScore value='4368'/>
		<totalScore value='55713'/>
	</enemy>

	<scoreRatio value='1.69244'/>
	<timeFitness value='0.710972'/>
	<unitsAverage value='80'/>
</results>
