<results>
	<result value='win'/>
	<start value='2015-05-06.13:09:34'/>
	<end value='2015-05-06.13:10:12'/>
	<frames value='31157'/>
	<gameDuration value='1947'/>

	<player>
		<unitScore value='18500'/>
		<killScore value='20750'/>
		<buildingScore value='4025'/>
		<razingScore value='10650'/>
		<mineralScore value='26770'/>
		<gasScore value='3224'/>
		<totalScore value='83919'/>
	</player>

	<enemy>
		<race value='Terran'/>
		<unitScore value='10775'/>
		<unitScore value='10775'/>
		<killScore value='12400'/>
		<buildingScore value='3550'/>
		<razingScore value='2175'/>
		<mineralScore value='10726'/>
		<gasScore value='4496'/>
		<totalScore value='44122'/>
	</enemy>

	<scoreRatio value='1.90198'/>
	<timeFitness value='0.729583'/>
	<unitsAverage value='110'/>
</results>
