<results>
	<result value='draw'/>
	<start value='2015-05-06.13:24:42'/>
	<end value='2015-05-06.13:26:20'/>
	<frames value='57601'/>
	<gameDuration value='3600'/>

	<player>
		<unitScore value='35975'/>
		<killScore value='26450'/>
		<buildingScore value='4525'/>
		<razingScore value='10650'/>
		<mineralScore value='40546'/>
		<gasScore value='6168'/>
		<totalScore value='124314'/>
	</player>

	<enemy>
		<race value='Terran'/>
		<unitScore value='13225'/>
		<unitScore value='13225'/>
		<killScore value='47300'/>
		<buildingScore value='4350'/>
		<razingScore value='1500'/>
		<mineralScore value='13218'/>
		<gasScore value='6278'/>
		<totalScore value='85871'/>
	</enemy>

	<scoreRatio value='1.44768'/>
	<timeFitness value='0.5'/>
	<unitsAverage value='158'/>
</results>
