<results>
	<result value='win'/>
	<start value='2015-05-06.13:34:53'/>
	<end value='2015-05-06.13:35:11'/>
	<frames value='21609'/>
	<gameDuration value='1350'/>

	<player>
		<unitScore value='9675'/>
		<killScore value='18900'/>
		<buildingScore value='2900'/>
		<razingScore value='8400'/>
		<mineralScore value='14250'/>
		<gasScore value='2360'/>
		<totalScore value='56485'/>
	</player>

	<enemy>
		<race value='Terran'/>
		<unitScore value='9450'/>
		<unitScore value='9450'/>
		<killScore value='3900'/>
		<buildingScore value='2800'/>
		<razingScore value='225'/>
		<mineralScore value='9442'/>
		<gasScore value='2880'/>
		<totalScore value='28697'/>
	</enemy>

	<scoreRatio value='1.96832'/>
	<timeFitness value='0.8125'/>
	<unitsAverage value='66'/>
</results>
