<results>
	<result value='loss'/>
	<start value='2015-05-06.13:43:43'/>
	<end value='2015-05-06.13:44:19'/>
	<frames value='50687'/>
	<gameDuration value='3167'/>

	<player>
		<unitScore value='14700'/>
		<killScore value='18600'/>
		<buildingScore value='2825'/>
		<razingScore value='1425'/>
		<mineralScore value='18410'/>
		<gasScore value='3208'/>
		<totalScore value='59168'/>
	</player>

	<enemy>
		<race value='Terran'/>
		<unitScore value='23850'/>
		<unitScore value='23850'/>
		<killScore value='29400'/>
		<buildingScore value='4775'/>
		<razingScore value='7275'/>
		<mineralScore value='19614'/>
		<gasScore value='11684'/>
		<totalScore value='96598'/>
	</enemy>

	<scoreRatio value='0.612518'/>
	<timeFitness value='0.439861'/>
	<unitsAverage value='54'/>
</results>
