<results>
	<result value='loss'/>
	<start value='2015-04-29.12:09:05'/>
	<end value='2015-04-29.12:09:17'/>
	<frames value='18292'/>
	<gameDuration value='1143'/>

	<player>
		<unitScore value='5375'/>
		<killScore value='1600'/>
		<buildingScore value='1625'/>
		<razingScore value='0'/>
		<mineralScore value='6722'/>
		<gasScore value='1456'/>
		<totalScore value='16778'/>
	</player>

	<enemy>
		<race value='Protoss'/>
		<unitScore value='4175'/>
		<unitScore value='4175'/>
		<killScore value='10250'/>
		<buildingScore value='4075'/>
		<razingScore value='4875'/>
		<mineralScore value='9554'/>
		<gasScore value='2296'/>
		<totalScore value='35225'/>
	</enemy>

	<scoreRatio value='0.476309'/>
</results>
