<results>
	<result value='loss'/>
	<start value='2014-07-22.21:40:33'/>
	<end value='2014-07-22.21:40:36'/>
	<frames value='7070'/>
	<gameDuration value='441'/>

	<player>
		<unitScore value='950'/>
		<killScore value='100'/>
		<buildingScore value='625'/>
		<razingScore value='0'/>
		<mineralScore value='1226'/>
		<gasScore value='16'/>
		<totalScore value='2917'/>
	</player>

	<enemy>
		<race value='Zerg'/>
		<unitScore value='1200'/>
		<unitScore value='1200'/>
		<killScore value='1900'/>
		<buildingScore value='415'/>
		<razingScore value='1875'/>
		<mineralScore value='1826'/>
		<gasScore value='0'/>
		<totalScore value='7216'/>
	</enemy>

	<scoreRatio value='0.404241'/>
</results>
