<results>
	<result value='win'/>
	<start value='2015-04-28.07:30:11'/>
	<end value='2015-04-28.07:30:35'/>
	<frames value='22570'/>
	<gameDuration value='1410'/>

	<player>
		<unitScore value='10075'/>
		<killScore value='17050'/>
		<buildingScore value='2550'/>
		<razingScore value='6525'/>
		<mineralScore value='16362'/>
		<gasScore value='2392'/>
		<totalScore value='54954'/>
	</player>

	<enemy>
		<race value='Terran'/>
		<unitScore value='8525'/>
		<unitScore value='8525'/>
		<killScore value='6750'/>
		<buildingScore value='2175'/>
		<razingScore value='225'/>
		<mineralScore value='10210'/>
		<gasScore value='3208'/>
		<totalScore value='31093'/>
	</enemy>

	<scoreRatio value='1.76741'/>
</results>
