<results>
	<result value='loss'/>
	<start value='2015-04-28.07:31:35'/>
	<end value='2015-04-28.07:31:56'/>
	<frames value='24182'/>
	<gameDuration value='1511'/>

	<player>
		<unitScore value='7100'/>
		<killScore value='3550'/>
		<buildingScore value='2125'/>
		<razingScore value='0'/>
		<mineralScore value='9266'/>
		<gasScore value='1840'/>
		<totalScore value='23881'/>
	</player>

	<enemy>
		<race value='Terran'/>
		<unitScore value='10175'/>
		<unitScore value='10175'/>
		<killScore value='14200'/>
		<buildingScore value='3625'/>
		<razingScore value='6375'/>
		<mineralScore value='12018'/>
		<gasScore value='5168'/>
		<totalScore value='51561'/>
	</enemy>

	<scoreRatio value='0.46316'/>
</results>
