<results>
	<result value='win'/>
	<start value='2015-04-28.07:32:52'/>
	<end value='2015-04-28.07:33:33'/>
	<frames value='31901'/>
	<gameDuration value='1993'/>

	<player>
		<unitScore value='19225'/>
		<killScore value='27350'/>
		<buildingScore value='4075'/>
		<razingScore value='10275'/>
		<mineralScore value='24594'/>
		<gasScore value='2488'/>
		<totalScore value='88007'/>
	</player>

	<enemy>
		<race value='Terran'/>
		<unitScore value='13675'/>
		<unitScore value='13675'/>
		<killScore value='17600'/>
		<buildingScore value='3425'/>
		<razingScore value='150'/>
		<mineralScore value='12102'/>
		<gasScore value='5410'/>
		<totalScore value='52362'/>
	</enemy>

	<scoreRatio value='1.68074'/>
</results>
