<results>
	<result value='loss'/>
	<start value='2014-07-22.19:52:43'/>
	<end value='2014-07-22.19:52:52'/>
	<frames value='19966'/>
	<gameDuration value='1247'/>

	<player>
		<unitScore value='3150'/>
		<killScore value='3900'/>
		<buildingScore value='975'/>
		<razingScore value='0'/>
		<mineralScore value='4834'/>
		<gasScore value='8'/>
		<totalScore value='12867'/>
	</player>

	<enemy>
		<race value='Zerg'/>
		<unitScore value='8600'/>
		<unitScore value='8600'/>
		<killScore value='6200'/>
		<buildingScore value='1520'/>
		<razingScore value='2925'/>
		<mineralScore value='8010'/>
		<gasScore value='2232'/>
		<totalScore value='29487'/>
	</enemy>

	<scoreRatio value='0.436362'/>
</results>
