<results>
	<result value='draw'/>
	<start value='2015-04-14.04:32:49'/>
	<end value='2015-04-14.04:34:28'/>
	<frames value='57601'/>
	<gameDuration value='3600'/>

	<player>
		<unitScore value='28525'/>
		<killScore value='46850'/>
		<buildingScore value='2475'/>
		<razingScore value='24600'/>
		<mineralScore value='28842'/>
		<gasScore value='5260'/>
		<totalScore value='136552'/>
	</player>

	<enemy>
		<race value='Protoss'/>
		<unitScore value='25575'/>
		<unitScore value='25575'/>
		<killScore value='44750'/>
		<buildingScore value='8550'/>
		<razingScore value='300'/>
		<mineralScore value='27270'/>
		<gasScore value='10408'/>
		<totalScore value='116853'/>
	</enemy>

	<scoreRatio value='1.16858'/>
</results>
