<results>
	<result value='draw'/>
	<start value='2015-05-08.15:44:59'/>
	<end value='2015-05-08.15:46:07'/>
	<frames value='57601'/>
	<gameDuration value='3600'/>

	<player>
		<unitScore value='34650'/>
		<killScore value='47650'/>
		<buildingScore value='3275'/>
		<razingScore value='2475'/>
		<mineralScore value='41962'/>
		<gasScore value='5266'/>
		<totalScore value='135278'/>
	</player>

	<enemy>
		<race value='Terran'/>
		<unitScore value='26650'/>
		<unitScore value='26650'/>
		<killScore value='47350'/>
		<buildingScore value='4150'/>
		<razingScore value='300'/>
		<mineralScore value='19550'/>
		<gasScore value='11574'/>
		<totalScore value='109574'/>
	</enemy>

	<scoreRatio value='1.23458'/>
	<timeFitness value='0.5'/>
	<unitsAverage value='110'/>
</results>
