<results>
	<result value='win'/>
	<start value='2015-05-08.15:51:22'/>
	<end value='2015-05-08.15:51:40'/>
	<frames value='25050'/>
	<gameDuration value='1565'/>

	<player>
		<unitScore value='10475'/>
		<killScore value='15750'/>
		<buildingScore value='2800'/>
		<razingScore value='6525'/>
		<mineralScore value='14054'/>
		<gasScore value='2512'/>
		<totalScore value='52116'/>
	</player>

	<enemy>
		<race value='Terran'/>
		<unitScore value='7875'/>
		<unitScore value='7875'/>
		<killScore value='7700'/>
		<buildingScore value='2175'/>
		<razingScore value='2025'/>
		<mineralScore value='8434'/>
		<gasScore value='2592'/>
		<totalScore value='30801'/>
	</enemy>

	<scoreRatio value='1.69202'/>
	<timeFitness value='0.782639'/>
	<unitsAverage value='63'/>
</results>
