<results>
	<result value='win'/>
	<start value='2015-05-08.15:54:19'/>
	<end value='2015-05-08.15:54:45'/>
	<frames value='28181'/>
	<gameDuration value='1761'/>

	<player>
		<unitScore value='15800'/>
		<killScore value='26350'/>
		<buildingScore value='3850'/>
		<razingScore value='9825'/>
		<mineralScore value='22642'/>
		<gasScore value='2096'/>
		<totalScore value='80563'/>
	</player>

	<enemy>
		<race value='Terran'/>
		<unitScore value='13975'/>
		<unitScore value='13975'/>
		<killScore value='10500'/>
		<buildingScore value='3275'/>
		<razingScore value='300'/>
		<mineralScore value='12362'/>
		<gasScore value='5496'/>
		<totalScore value='45908'/>
	</enemy>

	<scoreRatio value='1.75488'/>
	<timeFitness value='0.755417'/>
	<unitsAverage value='90'/>
</results>
