<results>
	<result value='win'/>
	<start value='2015-04-30.20:53:14'/>
	<end value='2015-04-30.20:54:09'/>
	<frames value='32242'/>
	<gameDuration value='2015'/>

	<player>
		<unitScore value='20650'/>
		<killScore value='23920'/>
		<buildingScore value='4225'/>
		<razingScore value='6495'/>
		<mineralScore value='28430'/>
		<gasScore value='2112'/>
		<totalScore value='85832'/>
	</player>

	<enemy>
		<race value='Zerg'/>
		<unitScore value='11250'/>
		<unitScore value='11250'/>
		<killScore value='18950'/>
		<buildingScore value='2165'/>
		<razingScore value='150'/>
		<mineralScore value='11370'/>
		<gasScore value='3128'/>
		<totalScore value='47013'/>
	</enemy>

	<scoreRatio value='1.82571'/>
</results>
