<results>
	<result value='win'/>
	<start value='2015-05-10.05:52:51'/>
	<end value='2015-05-10.05:53:44'/>
	<frames value='34164'/>
	<gameDuration value='2135'/>

	<player>
		<unitScore value='21550'/>
		<killScore value='27450'/>
		<buildingScore value='4175'/>
		<razingScore value='18000'/>
		<mineralScore value='30994'/>
		<gasScore value='2296'/>
		<totalScore value='104465'/>
	</player>

	<enemy>
		<race value='Protoss'/>
		<unitScore value='14775'/>
		<unitScore value='14775'/>
		<killScore value='20700'/>
		<buildingScore value='6000'/>
		<razingScore value='0'/>
		<mineralScore value='15958'/>
		<gasScore value='3912'/>
		<totalScore value='61345'/>
	</enemy>

	<scoreRatio value='1.70291'/>
	<timeFitness value='0.703472'/>
	<unitsAverage value='102'/>
</results>
