<results>
	<result value='win'/>
	<start value='2015-05-10.06:03:16'/>
	<end value='2015-05-10.06:04:08'/>
	<frames value='30475'/>
	<gameDuration value='1904'/>

	<player>
		<unitScore value='22100'/>
		<killScore value='20400'/>
		<buildingScore value='4925'/>
		<razingScore value='15225'/>
		<mineralScore value='29522'/>
		<gasScore value='3104'/>
		<totalScore value='95276'/>
	</player>

	<enemy>
		<race value='Protoss'/>
		<unitScore value='11075'/>
		<unitScore value='11075'/>
		<killScore value='18500'/>
		<buildingScore value='5075'/>
		<razingScore value='1125'/>
		<mineralScore value='12138'/>
		<gasScore value='4496'/>
		<totalScore value='52409'/>
	</enemy>

	<scoreRatio value='1.81793'/>
	<timeFitness value='0.735556'/>
	<unitsAverage value='105'/>
</results>
