<results>
	<result value='draw'/>
	<start value='2015-05-10.06:15:27'/>
	<end value='2015-05-10.06:17:04'/>
	<frames value='57601'/>
	<gameDuration value='3600'/>

	<player>
		<unitScore value='29225'/>
		<killScore value='36700'/>
		<buildingScore value='3425'/>
		<razingScore value='6600'/>
		<mineralScore value='30518'/>
		<gasScore value='5036'/>
		<totalScore value='111504'/>
	</player>

	<enemy>
		<race value='Protoss'/>
		<unitScore value='34650'/>
		<unitScore value='34650'/>
		<killScore value='54250'/>
		<buildingScore value='8075'/>
		<razingScore value='4800'/>
		<mineralScore value='31222'/>
		<gasScore value='11338'/>
		<totalScore value='144335'/>
	</enemy>

	<scoreRatio value='0.772536'/>
	<timeFitness value='0.5'/>
	<unitsAverage value='107'/>
</results>
