<results>
	<result value='loss'/>
	<start value='2015-05-04.18:54:35'/>
	<end value='2015-05-04.18:54:50'/>
	<frames value='21175'/>
	<gameDuration value='1323'/>

	<player>
		<unitScore value='6800'/>
		<killScore value='3450'/>
		<buildingScore value='2100'/>
		<razingScore value='0'/>
		<mineralScore value='9074'/>
		<gasScore value='1512'/>
		<totalScore value='22936'/>
	</player>

	<enemy>
		<race value='Terran'/>
		<unitScore value='7600'/>
		<unitScore value='7600'/>
		<killScore value='13600'/>
		<buildingScore value='2350'/>
		<razingScore value='6300'/>
		<mineralScore value='10050'/>
		<gasScore value='3560'/>
		<totalScore value='43460'/>
	</enemy>

	<scoreRatio value='0.52775'/>
	<timeFitness value='0.18375'/>
	<unitsAverage value='35'/>
</results>
