<results>
	<result value='loss'/>
	<start value='2015-05-06.04:52:08'/>
	<end value='2015-05-06.04:52:27'/>
	<frames value='30444'/>
	<gameDuration value='1902'/>

	<player>
		<unitScore value='7950'/>
		<killScore value='4200'/>
		<buildingScore value='1450'/>
		<razingScore value='0'/>
		<mineralScore value='8874'/>
		<gasScore value='1648'/>
		<totalScore value='24122'/>
	</player>

	<enemy>
		<race value='Protoss'/>
		<unitScore value='15150'/>
		<unitScore value='15150'/>
		<killScore value='15900'/>
		<buildingScore value='6875'/>
		<razingScore value='4350'/>
		<mineralScore value='19122'/>
		<gasScore value='7448'/>
		<totalScore value='68845'/>
	</enemy>

	<scoreRatio value='0.350381'/>
	<timeFitness value='0.264167'/>
	<unitsAverage value='27'/>
</results>
