<results>
	<result value='win'/>
	<start value='2015-05-06.04:53:38'/>
	<end value='2015-05-06.04:54:25'/>
	<frames value='43433'/>
	<gameDuration value='2714'/>

	<player>
		<unitScore value='18600'/>
		<killScore value='27000'/>
		<buildingScore value='2325'/>
		<razingScore value='20175'/>
		<mineralScore value='24042'/>
		<gasScore value='704'/>
		<totalScore value='92846'/>
	</player>

	<enemy>
		<race value='Protoss'/>
		<unitScore value='13850'/>
		<unitScore value='13850'/>
		<killScore value='28400'/>
		<buildingScore value='6725'/>
		<razingScore value='750'/>
		<mineralScore value='17602'/>
		<gasScore value='4152'/>
		<totalScore value='71479'/>
	</enemy>

	<scoreRatio value='1.29893'/>
	<timeFitness value='0.623056'/>
	<unitsAverage value='79'/>
</results>
