<results>
	<result value='win'/>
	<start value='2015-05-06.04:56:43'/>
	<end value='2015-05-06.04:59:51'/>
	<frames value='57538'/>
	<gameDuration value='3596'/>

	<player>
		<unitScore value='22475'/>
		<killScore value='15200'/>
		<buildingScore value='4100'/>
		<razingScore value='12525'/>
		<mineralScore value='44806'/>
		<gasScore value='7136'/>
		<totalScore value='106242'/>
	</player>

	<enemy>
		<race value='Protoss'/>
		<unitScore value='7600'/>
		<unitScore value='7600'/>
		<killScore value='20150'/>
		<buildingScore value='4175'/>
		<razingScore value='0'/>
		<mineralScore value='18202'/>
		<gasScore value='1136'/>
		<totalScore value='51263'/>
	</enemy>

	<scoreRatio value='2.07249'/>
	<timeFitness value='0.500556'/>
	<unitsAverage value='178'/>
</results>
