<results>
	<result value='win'/>
	<start value='2015-05-06.05:01:09'/>
	<end value='2015-05-06.05:01:48'/>
	<frames value='26910'/>
	<gameDuration value='1681'/>

	<player>
		<unitScore value='17300'/>
		<killScore value='12600'/>
		<buildingScore value='4050'/>
		<razingScore value='11775'/>
		<mineralScore value='23926'/>
		<gasScore value='1800'/>
		<totalScore value='71451'/>
	</player>

	<enemy>
		<race value='Protoss'/>
		<unitScore value='6300'/>
		<unitScore value='6300'/>
		<killScore value='10050'/>
		<buildingScore value='3925'/>
		<razingScore value='0'/>
		<mineralScore value='10050'/>
		<gasScore value='2288'/>
		<totalScore value='32613'/>
	</enemy>

	<scoreRatio value='2.19087'/>
	<timeFitness value='0.766528'/>
	<unitsAverage value='99'/>
</results>
