<results>
	<result value='win'/>
	<start value='2015-05-06.05:13:34'/>
	<end value='2015-05-06.05:14:19'/>
	<frames value='32707'/>
	<gameDuration value='2044'/>

	<player>
		<unitScore value='21000'/>
		<killScore value='23550'/>
		<buildingScore value='3350'/>
		<razingScore value='19275'/>
		<mineralScore value='24970'/>
		<gasScore value='2664'/>
		<totalScore value='94809'/>
	</player>

	<enemy>
		<race value='Protoss'/>
		<unitScore value='12900'/>
		<unitScore value='12900'/>
		<killScore value='18100'/>
		<buildingScore value='6425'/>
		<razingScore value='300'/>
		<mineralScore value='17130'/>
		<gasScore value='5008'/>
		<totalScore value='59863'/>
	</enemy>

	<scoreRatio value='1.58377'/>
	<timeFitness value='0.716111'/>
	<unitsAverage value='95'/>
</results>
