<results>
	<result value='loss'/>
	<start value='2015-07-19.13:18:08'/>
	<end value='2015-07-19.13:18:46'/>
	<frames value='25298'/>
	<gameDuration value='1581'/>

	<player>
		<unitScore value='13050'/>
		<killScore value='10000'/>
		<buildingScore value='3000'/>
		<razingScore value='0'/>
		<mineralScore value='17482'/>
		<gasScore value='1752'/>
		<totalScore value='45284'/>
	</player>

	<enemy>
		<race value='Zerg'/>
		<unitScore value='9225'/>
		<killScore value='23450'/>
		<buildingScore value='2875'/>
		<razingScore value='9000'/>
		<mineralScore value='12722'/>
		<gasScore value='3704'/>
		<totalScore value='60976'/>
	</enemy>

	<scoreRatio value='0.742653'/>
	<timeFitness value='0.219583'/>
	<unitsAverage value='57'/>
</results>
