<results>
	<result value='win'/>
	<start value='2015-04-10.02:51:35'/>
	<end value='2015-04-10.02:51:49'/>
	<frames value='19780'/>
	<gameDuration value='1236'/>

	<player>
		<unitScore value='9375'/>
		<killScore value='8600'/>
		<buildingScore value='2750'/>
		<razingScore value='8625'/>
		<mineralScore value='13682'/>
		<gasScore value='1176'/>
		<totalScore value='44208'/>
	</player>

	<enemy>
		<race value='Protoss'/>
		<unitScore value='4300'/>
		<unitScore value='4300'/>
		<killScore value='6100'/>
		<buildingScore value='2875'/>
		<razingScore value='0'/>
		<mineralScore value='11434'/>
		<gasScore value='984'/>
		<totalScore value='25693'/>
	</enemy>

	<scoreRatio value='1.72062'/>
</results>
