<results>
	<result value='loss'/>
	<start value='2015-04-10.02:56:44'/>
	<end value='2015-04-10.02:56:58'/>
	<frames value='27995'/>
	<gameDuration value='1749'/>

	<player>
		<unitScore value='3175'/>
		<killScore value='2400'/>
		<buildingScore value='1600'/>
		<razingScore value='0'/>
		<mineralScore value='4978'/>
		<gasScore value='608'/>
		<totalScore value='12761'/>
	</player>

	<enemy>
		<race value='Protoss'/>
		<unitScore value='13250'/>
		<unitScore value='13250'/>
		<killScore value='6250'/>
		<buildingScore value='6875'/>
		<razingScore value='4800'/>
		<mineralScore value='17206'/>
		<gasScore value='6352'/>
		<totalScore value='54733'/>
	</enemy>

	<scoreRatio value='0.23315'/>
</results>
