<results>
	<result value='loss'/>
	<start value='2015-04-10.03:00:45'/>
	<end value='2015-04-10.03:01:31'/>
	<frames value='52826'/>
	<gameDuration value='3301'/>

	<player>
		<unitScore value='23825'/>
		<killScore value='39050'/>
		<buildingScore value='3500'/>
		<razingScore value='10200'/>
		<mineralScore value='27214'/>
		<gasScore value='5120'/>
		<totalScore value='108909'/>
	</player>

	<enemy>
		<race value='Protoss'/>
		<unitScore value='25350'/>
		<unitScore value='25350'/>
		<killScore value='47650'/>
		<buildingScore value='8025'/>
		<razingScore value='10500'/>
		<mineralScore value='27534'/>
		<gasScore value='10156'/>
		<totalScore value='129215'/>
	</enemy>

	<scoreRatio value='0.842851'/>
</results>
