<results>
	<result value='draw'/>
	<start value='2015-04-10.03:01:46'/>
	<end value='2015-04-10.03:02:37'/>
	<frames value='57601'/>
	<gameDuration value='3600'/>

	<player>
		<unitScore value='30125'/>
		<killScore value='56250'/>
		<buildingScore value='3500'/>
		<razingScore value='600'/>
		<mineralScore value='31478'/>
		<gasScore value='5664'/>
		<totalScore value='127617'/>
	</player>

	<enemy>
		<race value='Protoss'/>
		<unitScore value='39225'/>
		<unitScore value='39225'/>
		<killScore value='58900'/>
		<buildingScore value='6325'/>
		<razingScore value='4650'/>
		<mineralScore value='31550'/>
		<gasScore value='12044'/>
		<totalScore value='152694'/>
	</enemy>

	<scoreRatio value='0.83577'/>
</results>
