<results>
	<result value='win'/>
	<start value='2014-07-12.20:07:50'/>
	<end value='2014-07-12.20:08:17'/>
	<frames value='39992'/>
	<gameDuration value='2499'/>

	<player>
		<unitScore value='17500'/>
		<killScore value='24700'/>
		<buildingScore value='5200'/>
		<razingScore value='12600'/>
		<mineralScore value='26626'/>
		<gasScore value='1506'/>
		<totalScore value='88132'/>
	</player>

	<enemy>
		<race value='Terran'/>
		<unitScore value='12975'/>
		<unitScore value='12975'/>
		<killScore value='18400'/>
		<buildingScore value='4200'/>
		<razingScore value='6750'/>
		<mineralScore value='13050'/>
		<gasScore value='5926'/>
		<totalScore value='61301'/>
	</enemy>

	<scoreRatio value='1.43769'/>
</results>
