<results>
	<result value='win'/>
	<start value='2014-07-12.20:08:59'/>
	<end value='2014-07-12.20:09:20'/>
	<frames value='30599'/>
	<gameDuration value='1912'/>

	<player>
		<unitScore value='13100'/>
		<killScore value='24850'/>
		<buildingScore value='3475'/>
		<razingScore value='9450'/>
		<mineralScore value='23218'/>
		<gasScore value='3384'/>
		<totalScore value='77477'/>
	</player>

	<enemy>
		<race value='Terran'/>
		<unitScore value='12425'/>
		<unitScore value='12425'/>
		<killScore value='10550'/>
		<buildingScore value='3150'/>
		<razingScore value='1650'/>
		<mineralScore value='10930'/>
		<gasScore value='4928'/>
		<totalScore value='43633'/>
	</enemy>

	<scoreRatio value='1.77565'/>
</results>
