<results>
	<result value='loss'/>
	<start value='2015-07-20.02:20:11'/>
	<end value='2015-07-20.02:20:48'/>
	<frames value='25670'/>
	<gameDuration value='1604'/>

	<player>
		<unitScore value='10700'/>
		<killScore value='5185'/>
		<buildingScore value='3125'/>
		<razingScore value='0'/>
		<mineralScore value='12634'/>
		<gasScore value='1312'/>
		<totalScore value='32956'/>
	</player>

	<enemy>
		<race value='Zerg'/>
		<unitScore value='11600'/>
		<killScore value='21400'/>
		<buildingScore value='3385'/>
		<razingScore value='9375'/>
		<mineralScore value='14122'/>
		<gasScore value='4008'/>
		<totalScore value='63890'/>
	</enemy>

	<scoreRatio value='0.515824'/>
	<timeFitness value='0.222778'/>
	<unitsAverage value='46'/>
</results>
