<results>
	<result value='win'/>
	<start value='2015-04-28.01:35:50'/>
	<end value='2015-04-28.01:36:52'/>
	<frames value='34381'/>
	<gameDuration value='2148'/>

	<player>
		<unitScore value='19800'/>
		<killScore value='18800'/>
		<buildingScore value='3850'/>
		<razingScore value='19125'/>
		<mineralScore value='24326'/>
		<gasScore value='3552'/>
		<totalScore value='89453'/>
	</player>

	<enemy>
		<race value='Protoss'/>
		<unitScore value='9850'/>
		<unitScore value='9850'/>
		<killScore value='14750'/>
		<buildingScore value='6375'/>
		<razingScore value='450'/>
		<mineralScore value='19890'/>
		<gasScore value='6576'/>
		<totalScore value='57891'/>
	</enemy>

	<scoreRatio value='1.5452'/>
</results>
