<results>
	<result value='loss'/>
	<start value='2015-04-28.01:40:00'/>
	<end value='2015-04-28.01:40:43'/>
	<frames value='40116'/>
	<gameDuration value='2507'/>

	<player>
		<unitScore value='14000'/>
		<killScore value='17950'/>
		<buildingScore value='2575'/>
		<razingScore value='300'/>
		<mineralScore value='15834'/>
		<gasScore value='2312'/>
		<totalScore value='52971'/>
	</player>

	<enemy>
		<race value='Protoss'/>
		<unitScore value='28425'/>
		<unitScore value='28425'/>
		<killScore value='28000'/>
		<buildingScore value='7575'/>
		<razingScore value='7500'/>
		<mineralScore value='27770'/>
		<gasScore value='11244'/>
		<totalScore value='110514'/>
	</enemy>

	<scoreRatio value='0.479315'/>
</results>
