<results>
	<result value='win'/>
	<start value='2015-04-28.11:05:49'/>
	<end value='2015-04-28.11:06:25'/>
	<frames value='26011'/>
	<gameDuration value='1625'/>

	<player>
		<unitScore value='14575'/>
		<killScore value='21750'/>
		<buildingScore value='3650'/>
		<razingScore value='7875'/>
		<mineralScore value='24578'/>
		<gasScore value='2032'/>
		<totalScore value='74460'/>
	</player>

	<enemy>
		<race value='Terran'/>
		<unitScore value='10875'/>
		<unitScore value='10875'/>
		<killScore value='9350'/>
		<buildingScore value='2625'/>
		<razingScore value='525'/>
		<mineralScore value='11262'/>
		<gasScore value='3792'/>
		<totalScore value='38429'/>
	</enemy>

	<scoreRatio value='1.9376'/>
</results>
