<results>
	<result value='win'/>
	<start value='2015-04-28.11:14:28'/>
	<end value='2015-04-28.11:14:54'/>
	<frames value='26290'/>
	<gameDuration value='1643'/>

	<player>
		<unitScore value='11425'/>
		<killScore value='19150'/>
		<buildingScore value='3575'/>
		<razingScore value='8550'/>
		<mineralScore value='15642'/>
		<gasScore value='2656'/>
		<totalScore value='60998'/>
	</player>

	<enemy>
		<race value='Terran'/>
		<unitScore value='9975'/>
		<unitScore value='9975'/>
		<killScore value='10650'/>
		<buildingScore value='2850'/>
		<razingScore value='3375'/>
		<mineralScore value='10618'/>
		<gasScore value='4496'/>
		<totalScore value='41964'/>
	</enemy>

	<scoreRatio value='1.45358'/>
</results>
