<results>
	<result value='win'/>
	<start value='2015-05-03.06:15:31'/>
	<end value='2015-05-03.06:16:08'/>
	<frames value='29700'/>
	<gameDuration value='1856'/>

	<player>
		<unitScore value='17075'/>
		<killScore value='23000'/>
		<buildingScore value='3700'/>
		<razingScore value='15825'/>
		<mineralScore value='22114'/>
		<gasScore value='2936'/>
		<totalScore value='84650'/>
	</player>

	<enemy>
		<race value='Protoss'/>
		<unitScore value='12900'/>
		<unitScore value='12900'/>
		<killScore value='12350'/>
		<buildingScore value='5275'/>
		<razingScore value='150'/>
		<mineralScore value='13038'/>
		<gasScore value='3416'/>
		<totalScore value='47129'/>
	</enemy>

	<scoreRatio value='1.79613'/>
	<timeFitness value='0.742222'/>
	<unitsAverage value='99'/>
</results>
