<results>
	<result value='loss'/>
	<start value='2015-07-18.02:36:24'/>
	<end value='2015-07-18.02:37:04'/>
	<frames value='26445'/>
	<gameDuration value='1652'/>

	<player>
		<unitScore value='9700'/>
		<killScore value='4500'/>
		<buildingScore value='3450'/>
		<razingScore value='0'/>
		<mineralScore value='12294'/>
		<gasScore value='2088'/>
		<totalScore value='32032'/>
	</player>

	<enemy>
		<race value='Terran'/>
		<unitScore value='10625'/>
		<killScore value='15350'/>
		<buildingScore value='3450'/>
		<razingScore value='10350'/>
		<mineralScore value='13174'/>
		<gasScore value='4592'/>
		<totalScore value='57541'/>
	</enemy>

	<scoreRatio value='0.556681'/>
	<timeFitness value='0.229444'/>
	<unitsAverage value='45'/>
</results>
