<results>
	<result value='loss'/>
	<start value='2015-07-18.02:46:36'/>
	<end value='2015-07-18.02:46:53'/>
	<frames value='17579'/>
	<gameDuration value='1098'/>

	<player>
		<unitScore value='4775'/>
		<killScore value='1550'/>
		<buildingScore value='1525'/>
		<razingScore value='0'/>
		<mineralScore value='5410'/>
		<gasScore value='904'/>
		<totalScore value='14164'/>
	</player>

	<enemy>
		<race value='Terran'/>
		<unitScore value='6675'/>
		<killScore value='9550'/>
		<buildingScore value='2700'/>
		<razingScore value='4575'/>
		<mineralScore value='8082'/>
		<gasScore value='2632'/>
		<totalScore value='34214'/>
	</enemy>

	<scoreRatio value='0.413983'/>
	<timeFitness value='0.1525'/>
	<unitsAverage value='23'/>
</results>
