<results>
	<result value='loss'/>
	<start value='2015-05-21.20:16:12'/>
	<end value='2015-05-21.20:16:32'/>
	<frames value='34350'/>
	<gameDuration value='2146'/>

	<player>
		<unitScore value='8450'/>
		<killScore value='20450'/>
		<buildingScore value='2825'/>
		<razingScore value='0'/>
		<mineralScore value='11294'/>
		<gasScore value='2328'/>
		<totalScore value='45347'/>
	</player>

	<enemy>
		<race value='Zerg'/>
		<unitScore value='21675'/>
		<killScore value='17150'/>
		<buildingScore value='4100'/>
		<razingScore value='8475'/>
		<mineralScore value='20970'/>
		<gasScore value='8184'/>
		<totalScore value='80554'/>
	</enemy>

	<scoreRatio value='0.562939'/>
	<timeFitness value='0.298056'/>
	<unitsAverage value='39'/>
</results>
