<results>
	<result value='win'/>
	<start value='2015-05-03.20:25:01'/>
	<end value='2015-05-03.20:25:48'/>
	<frames value='27840'/>
	<gameDuration value='1740'/>

	<player>
		<unitScore value='16050'/>
		<killScore value='26960'/>
		<buildingScore value='4350'/>
		<razingScore value='3660'/>
		<mineralScore value='26410'/>
		<gasScore value='2736'/>
		<totalScore value='80166'/>
	</player>

	<enemy>
		<race value='Zerg'/>
		<unitScore value='11450'/>
		<unitScore value='11450'/>
		<killScore value='11650'/>
		<buildingScore value='1220'/>
		<razingScore value='0'/>
		<mineralScore value='10018'/>
		<gasScore value='2888'/>
		<totalScore value='37226'/>
	</enemy>

	<scoreRatio value='2.15349'/>
	<timeFitness value='0.758333'/>
	<unitsAverage value='87'/>
</results>
