<results>
	<result value='win'/>
	<start value='2015-05-03.20:33:59'/>
	<end value='2015-05-03.20:34:56'/>
	<frames value='29235'/>
	<gameDuration value='1827'/>

	<player>
		<unitScore value='20325'/>
		<killScore value='29760'/>
		<buildingScore value='4550'/>
		<razingScore value='7080'/>
		<mineralScore value='30442'/>
		<gasScore value='2328'/>
		<totalScore value='94485'/>
	</player>

	<enemy>
		<race value='Zerg'/>
		<unitScore value='13650'/>
		<unitScore value='13650'/>
		<killScore value='17450'/>
		<buildingScore value='2360'/>
		<razingScore value='0'/>
		<mineralScore value='13010'/>
		<gasScore value='3936'/>
		<totalScore value='50406'/>
	</enemy>

	<scoreRatio value='1.87448'/>
	<timeFitness value='0.74625'/>
	<unitsAverage value='106'/>
</results>
