<results>
	<result value='win'/>
	<start value='2015-05-03.20:36:22'/>
	<end value='2015-05-03.20:37:02'/>
	<frames value='24430'/>
	<gameDuration value='1526'/>

	<player>
		<unitScore value='16500'/>
		<killScore value='21350'/>
		<buildingScore value='3750'/>
		<razingScore value='4920'/>
		<mineralScore value='20626'/>
		<gasScore value='2240'/>
		<totalScore value='69386'/>
	</player>

	<enemy>
		<race value='Zerg'/>
		<unitScore value='9500'/>
		<unitScore value='9500'/>
		<killScore value='12500'/>
		<buildingScore value='1640'/>
		<razingScore value='0'/>
		<mineralScore value='9234'/>
		<gasScore value='2632'/>
		<totalScore value='35506'/>
	</enemy>

	<scoreRatio value='1.9542'/>
	<timeFitness value='0.788056'/>
	<unitsAverage value='86'/>
</results>
