<results>
	<result value='loss'/>
	<start value='2015-05-21.20:29:58'/>
	<end value='2015-05-21.20:30:01'/>
	<frames value='9333'/>
	<gameDuration value='583'/>

	<player>
		<unitScore value='1150'/>
		<killScore value='150'/>
		<buildingScore value='750'/>
		<razingScore value='0'/>
		<mineralScore value='1682'/>
		<gasScore value='152'/>
		<totalScore value='3884'/>
	</player>

	<enemy>
		<race value='Zerg'/>
		<unitScore value='1650'/>
		<killScore value='2200'/>
		<buildingScore value='1020'/>
		<razingScore value='2250'/>
		<mineralScore value='2906'/>
		<gasScore value='232'/>
		<totalScore value='10258'/>
	</enemy>

	<scoreRatio value='0.378631'/>
	<timeFitness value='0.0809722'/>
	<unitsAverage value='10'/>
</results>
