<results>
	<result value='win'/>
	<start value='2014-07-01.05:15:01'/>
	<end value='2014-07-01.05:15:34'/>
	<frames value='32242'/>
	<gameDuration value='2015'/>

	<player>
		<unitScore value='21175'/>
		<killScore value='22450'/>
		<buildingScore value='3825'/>
		<razingScore value='18525'/>
		<mineralScore value='29338'/>
		<gasScore value='3512'/>
		<totalScore value='98825'/>
	</player>

	<enemy>
		<race value='Protoss'/>
		<unitScore value='11775'/>
		<unitScore value='11775'/>
		<killScore value='19150'/>
		<buildingScore value='6175'/>
		<razingScore value='150'/>
		<mineralScore value='17930'/>
		<gasScore value='3704'/>
		<totalScore value='58884'/>
	</enemy>

	<scoreRatio value='1.6783'/>
</results>
