<results>
	<result value='win'/>
	<start value='2015-05-10.09:48:00'/>
	<end value='2015-05-10.09:48:31'/>
	<frames value='28584'/>
	<gameDuration value='1786'/>

	<player>
		<unitScore value='16225'/>
		<killScore value='18000'/>
		<buildingScore value='4550'/>
		<razingScore value='17925'/>
		<mineralScore value='23042'/>
		<gasScore value='1872'/>
		<totalScore value='81614'/>
	</player>

	<enemy>
		<race value='Protoss'/>
		<unitScore value='9925'/>
		<unitScore value='9925'/>
		<killScore value='14100'/>
		<buildingScore value='5975'/>
		<razingScore value='150'/>
		<mineralScore value='13826'/>
		<gasScore value='2936'/>
		<totalScore value='46912'/>
	</enemy>

	<scoreRatio value='1.73973'/>
	<timeFitness value='0.751944'/>
	<unitsAverage value='81'/>
</results>
