<results>
	<result value='win'/>
	<start value='2015-05-10.09:59:57'/>
	<end value='2015-05-10.10:00:26'/>
	<frames value='29731'/>
	<gameDuration value='1858'/>

	<player>
		<unitScore value='16475'/>
		<killScore value='17200'/>
		<buildingScore value='3175'/>
		<razingScore value='16575'/>
		<mineralScore value='21234'/>
		<gasScore value='2728'/>
		<totalScore value='77387'/>
	</player>

	<enemy>
		<race value='Protoss'/>
		<unitScore value='8600'/>
		<unitScore value='8600'/>
		<killScore value='16650'/>
		<buildingScore value='5525'/>
		<razingScore value='300'/>
		<mineralScore value='14670'/>
		<gasScore value='2408'/>
		<totalScore value='48153'/>
	</enemy>

	<scoreRatio value='1.60711'/>
	<timeFitness value='0.741944'/>
	<unitsAverage value='77'/>
</results>
