<results>
	<result value='win'/>
	<start value='2015-05-10.10:06:19'/>
	<end value='2015-05-10.10:06:44'/>
	<frames value='27282'/>
	<gameDuration value='1705'/>

	<player>
		<unitScore value='12350'/>
		<killScore value='13150'/>
		<buildingScore value='4175'/>
		<razingScore value='17100'/>
		<mineralScore value='19658'/>
		<gasScore value='2768'/>
		<totalScore value='69201'/>
	</player>

	<enemy>
		<race value='Protoss'/>
		<unitScore value='6575'/>
		<unitScore value='6575'/>
		<killScore value='8000'/>
		<buildingScore value='5700'/>
		<razingScore value='1500'/>
		<mineralScore value='12266'/>
		<gasScore value='3072'/>
		<totalScore value='37113'/>
	</enemy>

	<scoreRatio value='1.8646'/>
	<timeFitness value='0.763194'/>
	<unitsAverage value='72'/>
</results>
