<results>
	<result value='loss'/>
	<start value='2015-05-03.04:05:15'/>
	<end value='2015-05-03.04:05:23'/>
	<frames value='16990'/>
	<gameDuration value='1061'/>

	<player>
		<unitScore value='3150'/>
		<killScore value='1800'/>
		<buildingScore value='1450'/>
		<razingScore value='0'/>
		<mineralScore value='4778'/>
		<gasScore value='552'/>
		<totalScore value='11730'/>
	</player>

	<enemy>
		<race value='Protoss'/>
		<unitScore value='4300'/>
		<unitScore value='4300'/>
		<killScore value='6300'/>
		<buildingScore value='4025'/>
		<razingScore value='4350'/>
		<mineralScore value='8834'/>
		<gasScore value='1936'/>
		<totalScore value='29745'/>
	</enemy>

	<scoreRatio value='0.394352'/>
	<timeFitness value='0.147361'/>
	<unitsAverage value='20'/>
</results>
