<results>
	<result value='loss'/>
	<start value='2015-05-03.04:05:25'/>
	<end value='2015-05-03.04:05:32'/>
	<frames value='17021'/>
	<gameDuration value='1063'/>

	<player>
		<unitScore value='4225'/>
		<killScore value='800'/>
		<buildingScore value='1975'/>
		<razingScore value='0'/>
		<mineralScore value='6306'/>
		<gasScore value='544'/>
		<totalScore value='13850'/>
	</player>

	<enemy>
		<race value='Protoss'/>
		<unitScore value='3700'/>
		<unitScore value='3700'/>
		<killScore value='8450'/>
		<buildingScore value='4025'/>
		<razingScore value='5925'/>
		<mineralScore value='8906'/>
		<gasScore value='1864'/>
		<totalScore value='32870'/>
	</enemy>

	<scoreRatio value='0.421357'/>
	<timeFitness value='0.147639'/>
	<unitsAverage value='25'/>
</results>
