<results>
	<result value='loss'/>
	<start value='2015-05-10.08:22:45'/>
	<end value='2015-05-10.08:22:51'/>
	<frames value='15068'/>
	<gameDuration value='941'/>

	<player>
		<unitScore value='2800'/>
		<killScore value='1200'/>
		<buildingScore value='1475'/>
		<razingScore value='0'/>
		<mineralScore value='4674'/>
		<gasScore value='616'/>
		<totalScore value='10765'/>
	</player>

	<enemy>
		<race value='Protoss'/>
		<unitScore value='3550'/>
		<unitScore value='3550'/>
		<killScore value='5600'/>
		<buildingScore value='2475'/>
		<razingScore value='4425'/>
		<mineralScore value='7794'/>
		<gasScore value='1192'/>
		<totalScore value='25036'/>
	</enemy>

	<scoreRatio value='0.429981'/>
	<timeFitness value='0.130694'/>
	<unitsAverage value='22'/>
</results>
