<results>
	<result value='loss'/>
	<start value='2015-05-03.04:07:36'/>
	<end value='2015-05-03.04:07:42'/>
	<frames value='15192'/>
	<gameDuration value='949'/>

	<player>
		<unitScore value='3200'/>
		<killScore value='800'/>
		<buildingScore value='1375'/>
		<razingScore value='0'/>
		<mineralScore value='4770'/>
		<gasScore value='576'/>
		<totalScore value='10721'/>
	</player>

	<enemy>
		<race value='Protoss'/>
		<unitScore value='3550'/>
		<unitScore value='3550'/>
		<killScore value='6400'/>
		<buildingScore value='3125'/>
		<razingScore value='4125'/>
		<mineralScore value='8066'/>
		<gasScore value='1520'/>
		<totalScore value='26786'/>
	</enemy>

	<scoreRatio value='0.400246'/>
	<timeFitness value='0.131806'/>
	<unitsAverage value='22'/>
</results>
