<results>
	<result value='win'/>
	<start value='2015-05-03.04:09:08'/>
	<end value='2015-05-03.04:09:30'/>
	<frames value='30351'/>
	<gameDuration value='1896'/>

	<player>
		<unitScore value='14975'/>
		<killScore value='18150'/>
		<buildingScore value='3725'/>
		<razingScore value='20700'/>
		<mineralScore value='21346'/>
		<gasScore value='2216'/>
		<totalScore value='81112'/>
	</player>

	<enemy>
		<race value='Protoss'/>
		<unitScore value='9075'/>
		<unitScore value='9075'/>
		<killScore value='13350'/>
		<buildingScore value='6900'/>
		<razingScore value='2775'/>
		<mineralScore value='16778'/>
		<gasScore value='4176'/>
		<totalScore value='53054'/>
	</enemy>

	<scoreRatio value='1.52886'/>
	<timeFitness value='0.736667'/>
	<unitsAverage value='76'/>
</results>
