<results>
	<result value='draw'/>
	<start value='2015-05-10.08:28:29'/>
	<end value='2015-05-10.08:29:17'/>
	<frames value='57601'/>
	<gameDuration value='3600'/>

	<player>
		<unitScore value='28950'/>
		<killScore value='49750'/>
		<buildingScore value='3325'/>
		<razingScore value='5250'/>
		<mineralScore value='30414'/>
		<gasScore value='6086'/>
		<totalScore value='123775'/>
	</player>

	<enemy>
		<race value='Protoss'/>
		<unitScore value='34625'/>
		<unitScore value='34625'/>
		<killScore value='57500'/>
		<buildingScore value='8025'/>
		<razingScore value='8025'/>
		<mineralScore value='32622'/>
		<gasScore value='10490'/>
		<totalScore value='151287'/>
	</enemy>

	<scoreRatio value='0.818147'/>
	<timeFitness value='0.5'/>
	<unitsAverage value='85'/>
</results>
