<results>
	<result value='loss'/>
	<start value='2015-05-03.04:09:35'/>
	<end value='2015-05-03.04:09:47'/>
	<frames value='29514'/>
	<gameDuration value='1844'/>

	<player>
		<unitScore value='4350'/>
		<killScore value='6400'/>
		<buildingScore value='1625'/>
		<razingScore value='0'/>
		<mineralScore value='5874'/>
		<gasScore value='560'/>
		<totalScore value='18809'/>
	</player>

	<enemy>
		<race value='Protoss'/>
		<unitScore value='14200'/>
		<unitScore value='14200'/>
		<killScore value='8700'/>
		<buildingScore value='6875'/>
		<razingScore value='4875'/>
		<mineralScore value='18854'/>
		<gasScore value='5896'/>
		<totalScore value='59400'/>
	</enemy>

	<scoreRatio value='0.31665'/>
	<timeFitness value='0.256111'/>
	<unitsAverage value='25'/>
</results>
