<results>
	<result value='loss'/>
	<start value='2015-04-10.06:16:14'/>
	<end value='2015-04-10.06:16:22'/>
	<frames value='16556'/>
	<gameDuration value='1034'/>

	<player>
		<unitScore value='4400'/>
		<killScore value='800'/>
		<buildingScore value='1750'/>
		<razingScore value='0'/>
		<mineralScore value='6714'/>
		<gasScore value='976'/>
		<totalScore value='14640'/>
	</player>

	<enemy>
		<race value='Protoss'/>
		<unitScore value='4325'/>
		<unitScore value='4325'/>
		<killScore value='8200'/>
		<buildingScore value='3375'/>
		<razingScore value='5250'/>
		<mineralScore value='8370'/>
		<gasScore value='2176'/>
		<totalScore value='31696'/>
	</enemy>

	<scoreRatio value='0.461888'/>
</results>
