<results>
	<result value='win'/>
	<start value='2015-04-29.14:40:04'/>
	<end value='2015-04-29.14:40:36'/>
	<frames value='23872'/>
	<gameDuration value='1492'/>

	<player>
		<unitScore value='13125'/>
		<killScore value='25080'/>
		<buildingScore value='3750'/>
		<razingScore value='6240'/>
		<mineralScore value='22222'/>
		<gasScore value='1672'/>
		<totalScore value='72089'/>
	</player>

	<enemy>
		<race value='Zerg'/>
		<unitScore value='11775'/>
		<unitScore value='11775'/>
		<killScore value='8200'/>
		<buildingScore value='2080'/>
		<razingScore value='0'/>
		<mineralScore value='11194'/>
		<gasScore value='3480'/>
		<totalScore value='36729'/>
	</enemy>

	<scoreRatio value='1.96273'/>
</results>
