<results>
	<result value='win'/>
	<start value='2015-04-29.14:41:15'/>
	<end value='2015-04-29.14:41:42'/>
	<frames value='22291'/>
	<gameDuration value='1393'/>

	<player>
		<unitScore value='12675'/>
		<killScore value='20150'/>
		<buildingScore value='3475'/>
		<razingScore value='4920'/>
		<mineralScore value='19426'/>
		<gasScore value='1648'/>
		<totalScore value='62294'/>
	</player>

	<enemy>
		<race value='Zerg'/>
		<unitScore value='9225'/>
		<unitScore value='9225'/>
		<killScore value='8900'/>
		<buildingScore value='1640'/>
		<razingScore value='0'/>
		<mineralScore value='9538'/>
		<gasScore value='2952'/>
		<totalScore value='32255'/>
	</enemy>

	<scoreRatio value='1.9313'/>
</results>
