<results>
	<result value='win'/>
	<start value='2015-04-29.14:44:23'/>
	<end value='2015-04-29.14:45:13'/>
	<frames value='30847'/>
	<gameDuration value='1927'/>

	<player>
		<unitScore value='25400'/>
		<killScore value='30200'/>
		<buildingScore value='3825'/>
		<razingScore value='7395'/>
		<mineralScore value='28686'/>
		<gasScore value='2464'/>
		<totalScore value='97970'/>
	</player>

	<enemy>
		<race value='Zerg'/>
		<unitScore value='14800'/>
		<unitScore value='14800'/>
		<killScore value='29750'/>
		<buildingScore value='2465'/>
		<razingScore value='0'/>
		<mineralScore value='14218'/>
		<gasScore value='4560'/>
		<totalScore value='65793'/>
	</enemy>

	<scoreRatio value='1.48906'/>
</results>
