<results>
	<result value='draw'/>
	<start value='2015-05-05.23:42:29'/>
	<end value='2015-05-05.23:43:41'/>
	<frames value='57601'/>
	<gameDuration value='3600'/>

	<player>
		<unitScore value='22700'/>
		<killScore value='30095'/>
		<buildingScore value='3425'/>
		<razingScore value='6015'/>
		<mineralScore value='24798'/>
		<gasScore value='6580'/>
		<totalScore value='93613'/>
	</player>

	<enemy>
		<race value='Zerg'/>
		<unitScore value='15650'/>
		<unitScore value='15650'/>
		<killScore value='30350'/>
		<buildingScore value='3660'/>
		<razingScore value='3000'/>
		<mineralScore value='15602'/>
		<gasScore value='6668'/>
		<totalScore value='74930'/>
	</enemy>

	<scoreRatio value='1.24934'/>
	<timeFitness value='0.5'/>
	<unitsAverage value='92'/>
</results>
