<results>
	<result value='win'/>
	<start value='2015-05-05.23:59:06'/>
	<end value='2015-05-05.23:59:50'/>
	<frames value='29979'/>
	<gameDuration value='1873'/>

	<player>
		<unitScore value='20000'/>
		<killScore value='30020'/>
		<buildingScore value='4150'/>
		<razingScore value='7035'/>
		<mineralScore value='26250'/>
		<gasScore value='3072'/>
		<totalScore value='90527'/>
	</player>

	<enemy>
		<race value='Zerg'/>
		<unitScore value='13325'/>
		<unitScore value='13325'/>
		<killScore value='16900'/>
		<buildingScore value='2345'/>
		<razingScore value='0'/>
		<mineralScore value='12718'/>
		<gasScore value='3936'/>
		<totalScore value='49224'/>
	</enemy>

	<scoreRatio value='1.83908'/>
	<timeFitness value='0.739861'/>
	<unitsAverage value='105'/>
</results>
