<results>
	<result value='win'/>
	<start value='2015-05-06.00:20:05'/>
	<end value='2015-05-06.00:20:42'/>
	<frames value='26848'/>
	<gameDuration value='1678'/>

	<player>
		<unitScore value='18450'/>
		<killScore value='22845'/>
		<buildingScore value='4850'/>
		<razingScore value='5115'/>
		<mineralScore value='27234'/>
		<gasScore value='2616'/>
		<totalScore value='81110'/>
	</player>

	<enemy>
		<race value='Zerg'/>
		<unitScore value='10400'/>
		<unitScore value='10400'/>
		<killScore value='14200'/>
		<buildingScore value='1705'/>
		<razingScore value='0'/>
		<mineralScore value='10530'/>
		<gasScore value='3472'/>
		<totalScore value='40307'/>
	</enemy>

	<scoreRatio value='2.01231'/>
	<timeFitness value='0.766944'/>
	<unitsAverage value='102'/>
</results>
