<results>
	<result value='loss'/>
	<start value='2015-04-26.05:13:04'/>
	<end value='2015-04-26.05:13:13'/>
	<frames value='17455'/>
	<gameDuration value='1090'/>

	<player>
		<unitScore value='3775'/>
		<killScore value='1550'/>
		<buildingScore value='1575'/>
		<razingScore value='0'/>
		<mineralScore value='5626'/>
		<gasScore value='776'/>
		<totalScore value='13302'/>
	</player>

	<enemy>
		<race value='Terran'/>
		<unitScore value='5925'/>
		<unitScore value='5925'/>
		<killScore value='7550'/>
		<buildingScore value='2650'/>
		<razingScore value='4725'/>
		<mineralScore value='7954'/>
		<gasScore value='2768'/>
		<totalScore value='31572'/>
	</enemy>

	<scoreRatio value='0.421323'/>
</results>
