<results>
	<result value='win'/>
	<start value='2015-04-26.05:14:03'/>
	<end value='2015-04-26.05:14:17'/>
	<frames value='22601'/>
	<gameDuration value='1412'/>

	<player>
		<unitScore value='9375'/>
		<killScore value='11000'/>
		<buildingScore value='2325'/>
		<razingScore value='5250'/>
		<mineralScore value='11922'/>
		<gasScore value='1688'/>
		<totalScore value='41560'/>
	</player>

	<enemy>
		<race value='Terran'/>
		<unitScore value='5500'/>
		<unitScore value='5500'/>
		<killScore value='11700'/>
		<buildingScore value='1750'/>
		<razingScore value='2100'/>
		<mineralScore value='7834'/>
		<gasScore value='2424'/>
		<totalScore value='31308'/>
	</enemy>

	<scoreRatio value='1.32746'/>
</results>
