<results>
	<result value='loss'/>
	<start value='2015-04-26.05:15:48'/>
	<end value='2015-04-26.05:15:59'/>
	<frames value='19439'/>
	<gameDuration value='1214'/>

	<player>
		<unitScore value='4600'/>
		<killScore value='2750'/>
		<buildingScore value='2075'/>
		<razingScore value='0'/>
		<mineralScore value='6778'/>
		<gasScore value='1024'/>
		<totalScore value='17227'/>
	</player>

	<enemy>
		<race value='Terran'/>
		<unitScore value='7500'/>
		<unitScore value='7500'/>
		<killScore value='9200'/>
		<buildingScore value='2900'/>
		<razingScore value='6225'/>
		<mineralScore value='9122'/>
		<gasScore value='3344'/>
		<totalScore value='38291'/>
	</enemy>

	<scoreRatio value='0.449897'/>
</results>
