<results>
	<result value='win'/>
	<start value='2015-04-26.05:16:17'/>
	<end value='2015-04-26.05:17:01'/>
	<frames value='36613'/>
	<gameDuration value='2288'/>

	<player>
		<unitScore value='23150'/>
		<killScore value='33300'/>
		<buildingScore value='5125'/>
		<razingScore value='12075'/>
		<mineralScore value='38354'/>
		<gasScore value='3816'/>
		<totalScore value='115820'/>
	</player>

	<enemy>
		<race value='Terran'/>
		<unitScore value='17450'/>
		<unitScore value='17450'/>
		<killScore value='23300'/>
		<buildingScore value='4025'/>
		<razingScore value='1575'/>
		<mineralScore value='15874'/>
		<gasScore value='7176'/>
		<totalScore value='69400'/>
	</enemy>

	<scoreRatio value='1.66888'/>
</results>
