<results>
	<result value='win'/>
	<start value='2015-04-26.05:19:15'/>
	<end value='2015-04-26.05:19:43'/>
	<frames value='28460'/>
	<gameDuration value='1778'/>

	<player>
		<unitScore value='14900'/>
		<killScore value='27650'/>
		<buildingScore value='4975'/>
		<razingScore value='9075'/>
		<mineralScore value='22682'/>
		<gasScore value='2168'/>
		<totalScore value='81450'/>
	</player>

	<enemy>
		<race value='Terran'/>
		<unitScore value='13825'/>
		<unitScore value='13825'/>
		<killScore value='8100'/>
		<buildingScore value='3025'/>
		<razingScore value='1350'/>
		<mineralScore value='12030'/>
		<gasScore value='5360'/>
		<totalScore value='43690'/>
	</enemy>

	<scoreRatio value='1.86427'/>
</results>
