<results>
	<result value='loss'/>
	<start value='2015-04-08.00:00:05'/>
	<end value='2015-04-08.00:00:14'/>
	<frames value='16866'/>
	<gameDuration value='1054'/>

	<player>
		<unitScore value='2750'/>
		<killScore value='800'/>
		<buildingScore value='1625'/>
		<razingScore value='0'/>
		<mineralScore value='4602'/>
		<gasScore value='592'/>
		<totalScore value='10369'/>
	</player>

	<enemy>
		<race value='Protoss'/>
		<unitScore value='3700'/>
		<unitScore value='3700'/>
		<killScore value='5500'/>
		<buildingScore value='3825'/>
		<razingScore value='4875'/>
		<mineralScore value='8858'/>
		<gasScore value='1504'/>
		<totalScore value='28262'/>
	</enemy>

	<scoreRatio value='0.366888'/>
</results>
