<results>
	<result value='win'/>
	<start value='2014-07-09.17:03:30'/>
	<end value='2014-07-09.17:04:03'/>
	<frames value='30227'/>
	<gameDuration value='1889'/>

	<player>
		<unitScore value='16675'/>
		<killScore value='19150'/>
		<buildingScore value='3825'/>
		<razingScore value='17175'/>
		<mineralScore value='23882'/>
		<gasScore value='3400'/>
		<totalScore value='84107'/>
	</player>

	<enemy>
		<race value='Protoss'/>
		<unitScore value='9775'/>
		<unitScore value='9775'/>
		<killScore value='8700'/>
		<buildingScore value='5725'/>
		<razingScore value='450'/>
		<mineralScore value='15890'/>
		<gasScore value='4432'/>
		<totalScore value='44972'/>
	</enemy>

	<scoreRatio value='1.87021'/>
</results>
