<results>
	<result value='loss'/>
	<start value='2015-03-27.16:56:39'/>
	<end value='2015-03-27.16:57:16'/>
	<frames value='45882'/>
	<gameDuration value='2867'/>

	<player>
		<unitScore value='21025'/>
		<killScore value='31100'/>
		<buildingScore value='3125'/>
		<razingScore value='450'/>
		<mineralScore value='23754'/>
		<gasScore value='2240'/>
		<totalScore value='81694'/>
	</player>

	<enemy>
		<race value='Protoss'/>
		<unitScore value='28875'/>
		<unitScore value='28875'/>
		<killScore value='42050'/>
		<buildingScore value='7925'/>
		<razingScore value='9375'/>
		<mineralScore value='29738'/>
		<gasScore value='9598'/>
		<totalScore value='127561'/>
	</enemy>

	<scoreRatio value='0.640431'/>
</results>
