<results>
	<result value='win'/>
	<start value='2015-03-27.17:02:57'/>
	<end value='2015-03-27.17:03:41'/>
	<frames value='38349'/>
	<gameDuration value='2396'/>

	<player>
		<unitScore value='24900'/>
		<killScore value='26250'/>
		<buildingScore value='3825'/>
		<razingScore value='22275'/>
		<mineralScore value='29566'/>
		<gasScore value='2488'/>
		<totalScore value='109304'/>
	</player>

	<enemy>
		<race value='Protoss'/>
		<unitScore value='13125'/>
		<unitScore value='13125'/>
		<killScore value='26250'/>
		<buildingScore value='7425'/>
		<razingScore value='150'/>
		<mineralScore value='19042'/>
		<gasScore value='4840'/>
		<totalScore value='70832'/>
	</enemy>

	<scoreRatio value='1.54314'/>
</results>
