<results>
	<result value='win'/>
	<start value='2015-05-07.10:05:53'/>
	<end value='2015-05-07.10:06:31'/>
	<frames value='32056'/>
	<gameDuration value='2003'/>

	<player>
		<unitScore value='24400'/>
		<killScore value='31960'/>
		<buildingScore value='4175'/>
		<razingScore value='6255'/>
		<mineralScore value='29182'/>
		<gasScore value='2464'/>
		<totalScore value='98436'/>
	</player>

	<enemy>
		<race value='Zerg'/>
		<unitScore value='15450'/>
		<unitScore value='15450'/>
		<killScore value='20800'/>
		<buildingScore value='2085'/>
		<razingScore value='0'/>
		<mineralScore value='13746'/>
		<gasScore value='4776'/>
		<totalScore value='56857'/>
	</enemy>

	<scoreRatio value='1.73129'/>
	<timeFitness value='0.721806'/>
	<unitsAverage value='112'/>
</results>
