<results>
	<result value='win'/>
	<start value='2015-05-07.10:07:11'/>
	<end value='2015-05-07.10:08:00'/>
	<frames value='34877'/>
	<gameDuration value='2179'/>

	<player>
		<unitScore value='24025'/>
		<killScore value='37245'/>
		<buildingScore value='4325'/>
		<razingScore value='7215'/>
		<mineralScore value='36074'/>
		<gasScore value='2616'/>
		<totalScore value='111500'/>
	</player>

	<enemy>
		<race value='Zerg'/>
		<unitScore value='18025'/>
		<unitScore value='18025'/>
		<killScore value='20400'/>
		<buildingScore value='2405'/>
		<razingScore value='0'/>
		<mineralScore value='15338'/>
		<gasScore value='5960'/>
		<totalScore value='62128'/>
	</enemy>

	<scoreRatio value='1.79468'/>
	<timeFitness value='0.697361'/>
	<unitsAverage value='133'/>
</results>
