<results>
	<result value='win'/>
	<start value='2015-05-07.10:47:56'/>
	<end value='2015-05-07.10:48:30'/>
	<frames value='29731'/>
	<gameDuration value='1858'/>

	<player>
		<unitScore value='22275'/>
		<killScore value='24820'/>
		<buildingScore value='4100'/>
		<razingScore value='7485'/>
		<mineralScore value='31866'/>
		<gasScore value='2240'/>
		<totalScore value='92786'/>
	</player>

	<enemy>
		<race value='Zerg'/>
		<unitScore value='12325'/>
		<unitScore value='12325'/>
		<killScore value='16950'/>
		<buildingScore value='2495'/>
		<razingScore value='0'/>
		<mineralScore value='13158'/>
		<gasScore value='3992'/>
		<totalScore value='48920'/>
	</enemy>

	<scoreRatio value='1.89669'/>
	<timeFitness value='0.741944'/>
	<unitsAverage value='112'/>
</results>
