<results>
	<result value='win'/>
	<start value='2014-07-24.02:04:07'/>
	<end value='2014-07-24.02:04:29'/>
	<frames value='24678'/>
	<gameDuration value='1542'/>

	<player>
		<unitScore value='15175'/>
		<killScore value='19415'/>
		<buildingScore value='4025'/>
		<razingScore value='5220'/>
		<mineralScore value='25874'/>
		<gasScore value='1848'/>
		<totalScore value='71557'/>
	</player>

	<enemy>
		<race value='Zerg'/>
		<unitScore value='9500'/>
		<unitScore value='9500'/>
		<killScore value='9700'/>
		<buildingScore value='1740'/>
		<razingScore value='0'/>
		<mineralScore value='8722'/>
		<gasScore value='2576'/>
		<totalScore value='32238'/>
	</enemy>

	<scoreRatio value='2.21965'/>
</results>
