<results>
	<result value='loss'/>
	<start value='2014-07-23.20:26:43'/>
	<end value='2014-07-23.20:26:51'/>
	<frames value='17021'/>
	<gameDuration value='1063'/>

	<player>
		<unitScore value='3100'/>
		<killScore value='700'/>
		<buildingScore value='1750'/>
		<razingScore value='0'/>
		<mineralScore value='4818'/>
		<gasScore value='512'/>
		<totalScore value='10880'/>
	</player>

	<enemy>
		<race value='Terran'/>
		<unitScore value='5950'/>
		<unitScore value='5950'/>
		<killScore value='6200'/>
		<buildingScore value='2625'/>
		<razingScore value='5250'/>
		<mineralScore value='7850'/>
		<gasScore value='2728'/>
		<totalScore value='30603'/>
	</enemy>

	<scoreRatio value='0.355521'/>
</results>
