<results>
	<result value='win'/>
	<start value='2015-04-30.18:37:09'/>
	<end value='2015-04-30.18:37:36'/>
	<frames value='22849'/>
	<gameDuration value='1428'/>

	<player>
		<unitScore value='9075'/>
		<killScore value='9000'/>
		<buildingScore value='2475'/>
		<razingScore value='10575'/>
		<mineralScore value='11962'/>
		<gasScore value='2112'/>
		<totalScore value='45199'/>
	</player>

	<enemy>
		<race value='Protoss'/>
		<unitScore value='4500'/>
		<unitScore value='4500'/>
		<killScore value='5750'/>
		<buildingScore value='3525'/>
		<razingScore value='1500'/>
		<mineralScore value='10034'/>
		<gasScore value='2072'/>
		<totalScore value='27381'/>
	</enemy>

	<scoreRatio value='1.65074'/>
	<timeFitness value='0.801667'/>
	<unitsAverage value='59'/>
</results>
