<results>
	<result value='loss'/>
	<start value='2015-04-30.18:56:04'/>
	<end value='2015-04-30.18:56:46'/>
	<frames value='35528'/>
	<gameDuration value='2220'/>

	<player>
		<unitScore value='10925'/>
		<killScore value='11600'/>
		<buildingScore value='1625'/>
		<razingScore value='0'/>
		<mineralScore value='12026'/>
		<gasScore value='2504'/>
		<totalScore value='38680'/>
	</player>

	<enemy>
		<race value='Protoss'/>
		<unitScore value='21175'/>
		<unitScore value='21175'/>
		<killScore value='21850'/>
		<buildingScore value='6925'/>
		<razingScore value='4875'/>
		<mineralScore value='22810'/>
		<gasScore value='8976'/>
		<totalScore value='86611'/>
	</enemy>

	<scoreRatio value='0.446595'/>
	<timeFitness value='0.308333'/>
	<unitsAverage value='44'/>
</results>
