<results>
	<result value='win'/>
	<start value='2015-04-13.20:15:13'/>
	<end value='2015-04-13.20:15:59'/>
	<frames value='40085'/>
	<gameDuration value='2505'/>

	<player>
		<unitScore value='25950'/>
		<killScore value='31550'/>
		<buildingScore value='4225'/>
		<razingScore value='24150'/>
		<mineralScore value='31926'/>
		<gasScore value='3392'/>
		<totalScore value='121193'/>
	</player>

	<enemy>
		<race value='Protoss'/>
		<unitScore value='17275'/>
		<unitScore value='17275'/>
		<killScore value='28450'/>
		<buildingScore value='8050'/>
		<razingScore value='450'/>
		<mineralScore value='22270'/>
		<gasScore value='7816'/>
		<totalScore value='84311'/>
	</enemy>

	<scoreRatio value='1.43745'/>
</results>
