<results>
	<result value='loss'/>
	<start value='2015-04-13.20:17:32'/>
	<end value='2015-04-13.20:17:39'/>
	<frames value='16463'/>
	<gameDuration value='1028'/>

	<player>
		<unitScore value='3350'/>
		<killScore value='800'/>
		<buildingScore value='1650'/>
		<razingScore value='0'/>
		<mineralScore value='5418'/>
		<gasScore value='936'/>
		<totalScore value='12154'/>
	</player>

	<enemy>
		<race value='Protoss'/>
		<unitScore value='3650'/>
		<unitScore value='3650'/>
		<killScore value='6700'/>
		<buildingScore value='4025'/>
		<razingScore value='4950'/>
		<mineralScore value='8746'/>
		<gasScore value='1776'/>
		<totalScore value='29847'/>
	</enemy>

	<scoreRatio value='0.40721'/>
</results>
