<results>
	<result value='win'/>
	<start value='2015-05-21.21:25:34'/>
	<end value='2015-05-21.21:25:58'/>
	<frames value='26104'/>
	<gameDuration value='1631'/>

	<player>
		<unitScore value='17450'/>
		<killScore value='25520'/>
		<buildingScore value='4200'/>
		<razingScore value='5580'/>
		<mineralScore value='22726'/>
		<gasScore value='2032'/>
		<totalScore value='77508'/>
	</player>

	<enemy>
		<race value='Zerg'/>
		<unitScore value='11150'/>
		<killScore value='13350'/>
		<buildingScore value='1860'/>
		<razingScore value='0'/>
		<mineralScore value='10514'/>
		<gasScore value='3168'/>
		<totalScore value='40042'/>
	</enemy>

	<scoreRatio value='1.93567'/>
	<timeFitness value='0.773472'/>
	<unitsAverage value='89'/>
</results>
