<results>
	<result value='loss'/>
	<start value='2015-05-03.18:44:50'/>
	<end value='2015-05-03.18:45:44'/>
	<frames value='47494'/>
	<gameDuration value='2968'/>

	<player>
		<unitScore value='31500'/>
		<killScore value='60200'/>
		<buildingScore value='3075'/>
		<razingScore value='240'/>
		<mineralScore value='35914'/>
		<gasScore value='0'/>
		<totalScore value='130929'/>
	</player>

	<enemy>
		<race value='Zerg'/>
		<unitScore value='33425'/>
		<unitScore value='33425'/>
		<killScore value='63000'/>
		<buildingScore value='3385'/>
		<razingScore value='9225'/>
		<mineralScore value='26194'/>
		<gasScore value='9368'/>
		<totalScore value='144597'/>
	</enemy>

	<scoreRatio value='0.905475'/>
	<timeFitness value='0.412222'/>
	<unitsAverage value='94'/>
</results>
