<results>
	<result value='loss'/>
	<start value='2015-05-03.18:47:46'/>
	<end value='2015-05-03.18:48:06'/>
	<frames value='23872'/>
	<gameDuration value='1492'/>

	<player>
		<unitScore value='8950'/>
		<killScore value='4050'/>
		<buildingScore value='2425'/>
		<razingScore value='0'/>
		<mineralScore value='18410'/>
		<gasScore value='0'/>
		<totalScore value='33835'/>
	</player>

	<enemy>
		<race value='Zerg'/>
		<unitScore value='10800'/>
		<unitScore value='10800'/>
		<killScore value='17900'/>
		<buildingScore value='3020'/>
		<razingScore value='7275'/>
		<mineralScore value='13818'/>
		<gasScore value='3904'/>
		<totalScore value='56717'/>
	</enemy>

	<scoreRatio value='0.596558'/>
	<timeFitness value='0.207222'/>
	<unitsAverage value='46'/>
</results>
