<results>
	<result value='win'/>
	<start value='2015-05-21.21:31:56'/>
	<end value='2015-05-21.21:32:23'/>
	<frames value='33296'/>
	<gameDuration value='2081'/>

	<player>
		<unitScore value='16850'/>
		<killScore value='26050'/>
		<buildingScore value='2775'/>
		<razingScore value='8070'/>
		<mineralScore value='18338'/>
		<gasScore value='2744'/>
		<totalScore value='74827'/>
	</player>

	<enemy>
		<race value='Zerg'/>
		<unitScore value='11900'/>
		<killScore value='17600'/>
		<buildingScore value='2690'/>
		<razingScore value='1350'/>
		<mineralScore value='13418'/>
		<gasScore value='4344'/>
		<totalScore value='51302'/>
	</enemy>

	<scoreRatio value='1.45856'/>
	<timeFitness value='0.710972'/>
	<unitsAverage value='78'/>
</results>
