<results>
	<result value='loss'/>
	<start value='2015-04-30.06:43:55'/>
	<end value='2015-04-30.06:44:12'/>
	<frames value='25918'/>
	<gameDuration value='1619'/>

	<player>
		<unitScore value='3250'/>
		<killScore value='2400'/>
		<buildingScore value='1875'/>
		<razingScore value='0'/>
		<mineralScore value='5818'/>
		<gasScore value='1096'/>
		<totalScore value='14439'/>
	</player>

	<enemy>
		<race value='Protoss'/>
		<unitScore value='11225'/>
		<unitScore value='11225'/>
		<killScore value='6500'/>
		<buildingScore value='5975'/>
		<razingScore value='5625'/>
		<mineralScore value='16926'/>
		<gasScore value='5576'/>
		<totalScore value='51827'/>
	</enemy>

	<scoreRatio value='0.2786'/>
</results>
