<results>
	<result value='loss'/>
	<start value='2015-05-06.15:35:07'/>
	<end value='2015-05-06.15:35:22'/>
	<frames value='30382'/>
	<gameDuration value='1898'/>

	<player>
		<unitScore value='8675'/>
		<killScore value='3700'/>
		<buildingScore value='2425'/>
		<razingScore value='600'/>
		<mineralScore value='11410'/>
		<gasScore value='1232'/>
		<totalScore value='28042'/>
	</player>

	<enemy>
		<race value='Protoss'/>
		<unitScore value='14200'/>
		<unitScore value='14200'/>
		<killScore value='17350'/>
		<buildingScore value='6375'/>
		<razingScore value='7275'/>
		<mineralScore value='18794'/>
		<gasScore value='6848'/>
		<totalScore value='70842'/>
	</enemy>

	<scoreRatio value='0.395839'/>
	<timeFitness value='0.263611'/>
	<unitsAverage value='34'/>
</results>
