<results>
	<result value='win'/>
	<start value='2015-05-06.15:42:59'/>
	<end value='2015-05-06.15:43:31'/>
	<frames value='32614'/>
	<gameDuration value='2038'/>

	<player>
		<unitScore value='21425'/>
		<killScore value='26950'/>
		<buildingScore value='4050'/>
		<razingScore value='16725'/>
		<mineralScore value='25750'/>
		<gasScore value='2696'/>
		<totalScore value='97596'/>
	</player>

	<enemy>
		<race value='Protoss'/>
		<unitScore value='14050'/>
		<unitScore value='14050'/>
		<killScore value='20250'/>
		<buildingScore value='5575'/>
		<razingScore value='450'/>
		<mineralScore value='15590'/>
		<gasScore value='4720'/>
		<totalScore value='60635'/>
	</enemy>

	<scoreRatio value='1.60957'/>
	<timeFitness value='0.716944'/>
	<unitsAverage value='100'/>
</results>
