<results>
	<result value='loss'/>
	<start value='2015-05-10.04:31:13'/>
	<end value='2015-05-10.04:31:24'/>
	<frames value='15626'/>
	<gameDuration value='976'/>

	<player>
		<unitScore value='2925'/>
		<killScore value='800'/>
		<buildingScore value='1800'/>
		<razingScore value='0'/>
		<mineralScore value='4754'/>
		<gasScore value='720'/>
		<totalScore value='10999'/>
	</player>

	<enemy>
		<race value='Protoss'/>
		<unitScore value='3550'/>
		<unitScore value='3550'/>
		<killScore value='5750'/>
		<buildingScore value='3475'/>
		<razingScore value='5400'/>
		<mineralScore value='8242'/>
		<gasScore value='1568'/>
		<totalScore value='27985'/>
	</enemy>

	<scoreRatio value='0.393032'/>
	<timeFitness value='0.135556'/>
	<unitsAverage value='20'/>
</results>
