<results>
	<result value='loss'/>
	<start value='2014-07-10.14:52:08'/>
	<end value='2014-07-10.14:52:16'/>
	<frames value='16153'/>
	<gameDuration value='1009'/>

	<player>
		<unitScore value='4900'/>
		<killScore value='400'/>
		<buildingScore value='1350'/>
		<razingScore value='0'/>
		<mineralScore value='6370'/>
		<gasScore value='1312'/>
		<totalScore value='14332'/>
	</player>

	<enemy>
		<race value='Protoss'/>
		<unitScore value='5025'/>
		<unitScore value='5025'/>
		<killScore value='9800'/>
		<buildingScore value='2975'/>
		<razingScore value='4050'/>
		<mineralScore value='8306'/>
		<gasScore value='2152'/>
		<totalScore value='32308'/>
	</enemy>

	<scoreRatio value='0.443605'/>
</results>
