<results>
	<result value='loss'/>
	<start value='2014-07-10.14:53:28'/>
	<end value='2014-07-10.14:53:34'/>
	<frames value='14882'/>
	<gameDuration value='930'/>

	<player>
		<unitScore value='2800'/>
		<killScore value='800'/>
		<buildingScore value='1525'/>
		<razingScore value='0'/>
		<mineralScore value='4402'/>
		<gasScore value='1024'/>
		<totalScore value='10551'/>
	</player>

	<enemy>
		<race value='Protoss'/>
		<unitScore value='3550'/>
		<unitScore value='3550'/>
		<killScore value='5200'/>
		<buildingScore value='2875'/>
		<razingScore value='4575'/>
		<mineralScore value='7754'/>
		<gasScore value='1408'/>
		<totalScore value='25362'/>
	</enemy>

	<scoreRatio value='0.416016'/>
</results>
