<results>
	<result value='win'/>
	<start value='2015-04-30.09:17:33'/>
	<end value='2015-04-30.09:17:59'/>
	<frames value='25391'/>
	<gameDuration value='1586'/>

	<player>
		<unitScore value='12325'/>
		<killScore value='21950'/>
		<buildingScore value='4000'/>
		<razingScore value='8625'/>
		<mineralScore value='19482'/>
		<gasScore value='2208'/>
		<totalScore value='68590'/>
	</player>

	<enemy>
		<race value='Terran'/>
		<unitScore value='10975'/>
		<unitScore value='10975'/>
		<killScore value='8850'/>
		<buildingScore value='2875'/>
		<razingScore value='1500'/>
		<mineralScore value='10738'/>
		<gasScore value='4176'/>
		<totalScore value='39114'/>
	</enemy>

	<scoreRatio value='1.75359'/>
	<timeFitness value='0.779722'/>
	<unitsAverage value='74'/>
</results>
