<results>
	<result value='win'/>
	<start value='2015-04-07.15:31:42'/>
	<end value='2015-04-07.15:32:24'/>
	<frames value='34443'/>
	<gameDuration value='2152'/>

	<player>
		<unitScore value='21300'/>
		<killScore value='15500'/>
		<buildingScore value='4000'/>
		<razingScore value='20700'/>
		<mineralScore value='24266'/>
		<gasScore value='3392'/>
		<totalScore value='89158'/>
	</player>

	<enemy>
		<race value='Protoss'/>
		<unitScore value='8150'/>
		<unitScore value='8150'/>
		<killScore value='16000'/>
		<buildingScore value='6900'/>
		<razingScore value='300'/>
		<mineralScore value='18922'/>
		<gasScore value='4624'/>
		<totalScore value='54896'/>
	</enemy>

	<scoreRatio value='1.62413'/>
</results>
