<results>
	<result value='loss'/>
	<start value='2015-04-07.16:11:12'/>
	<end value='2015-04-07.16:11:40'/>
	<frames value='35001'/>
	<gameDuration value='2187'/>

	<player>
		<unitScore value='12125'/>
		<killScore value='12100'/>
		<buildingScore value='2825'/>
		<razingScore value='0'/>
		<mineralScore value='13034'/>
		<gasScore value='2696'/>
		<totalScore value='42780'/>
	</player>

	<enemy>
		<race value='Protoss'/>
		<unitScore value='22850'/>
		<unitScore value='22850'/>
		<killScore value='24350'/>
		<buildingScore value='6925'/>
		<razingScore value='8475'/>
		<mineralScore value='23126'/>
		<gasScore value='9520'/>
		<totalScore value='95246'/>
	</enemy>

	<scoreRatio value='0.449153'/>
</results>
