<results>
	<result value='loss'/>
	<start value='2015-05-10.11:00:30'/>
	<end value='2015-05-10.11:00:39'/>
	<frames value='17300'/>
	<gameDuration value='1081'/>

	<player>
		<unitScore value='3000'/>
		<killScore value='1600'/>
		<buildingScore value='1825'/>
		<razingScore value='0'/>
		<mineralScore value='4818'/>
		<gasScore value='680'/>
		<totalScore value='11923'/>
	</player>

	<enemy>
		<race value='Protoss'/>
		<unitScore value='3600'/>
		<unitScore value='3600'/>
		<killScore value='6000'/>
		<buildingScore value='4025'/>
		<razingScore value='5475'/>
		<mineralScore value='9154'/>
		<gasScore value='1616'/>
		<totalScore value='29870'/>
	</enemy>

	<scoreRatio value='0.399163'/>
	<timeFitness value='0.150139'/>
	<unitsAverage value='21'/>
</results>
