<results>
	<result value='loss'/>
	<start value='2015-07-07.11:13:50'/>
	<end value='2015-07-07.11:14:14'/>
	<frames value='20679'/>
	<gameDuration value='1292'/>

	<player>
		<unitScore value='6300'/>
		<killScore value='3500'/>
		<buildingScore value='1600'/>
		<razingScore value='0'/>
		<mineralScore value='6610'/>
		<gasScore value='1112'/>
		<totalScore value='19122'/>
	</player>

	<enemy>
		<race value='Terran'/>
		<unitScore value='8000'/>
		<killScore value='12600'/>
		<buildingScore value='2850'/>
		<razingScore value='4800'/>
		<mineralScore value='9706'/>
		<gasScore value='3824'/>
		<totalScore value='41780'/>
	</enemy>

	<scoreRatio value='0.457683'/>
	<timeFitness value='0.179444'/>
	<unitsAverage value='29'/>
</results>
