<results>
	<result value='win'/>
	<start value='2015-05-10.20:56:20'/>
	<end value='2015-05-10.20:57:19'/>
	<frames value='43433'/>
	<gameDuration value='2714'/>

	<player>
		<unitScore value='29775'/>
		<killScore value='48860'/>
		<buildingScore value='4850'/>
		<razingScore value='9405'/>
		<mineralScore value='36998'/>
		<gasScore value='3462'/>
		<totalScore value='133350'/>
	</player>

	<enemy>
		<race value='Zerg'/>
		<unitScore value='23025'/>
		<unitScore value='23025'/>
		<killScore value='36100'/>
		<buildingScore value='3135'/>
		<razingScore value='300'/>
		<mineralScore value='21786'/>
		<gasScore value='7910'/>
		<totalScore value='92256'/>
	</enemy>

	<scoreRatio value='1.44543'/>
	<timeFitness value='0.623056'/>
	<unitsAverage value='143'/>
</results>
