<results>
	<result value='win'/>
	<start value='2015-05-03.22:25:28'/>
	<end value='2015-05-03.22:26:32'/>
	<frames value='45138'/>
	<gameDuration value='2821'/>

	<player>
		<unitScore value='33800'/>
		<killScore value='44360'/>
		<buildingScore value='3500'/>
		<razingScore value='6810'/>
		<mineralScore value='38862'/>
		<gasScore value='3680'/>
		<totalScore value='131012'/>
	</player>

	<enemy>
		<race value='Zerg'/>
		<unitScore value='20625'/>
		<unitScore value='20625'/>
		<killScore value='54700'/>
		<buildingScore value='2270'/>
		<razingScore value='0'/>
		<mineralScore value='16986'/>
		<gasScore value='5432'/>
		<totalScore value='100013'/>
	</enemy>

	<scoreRatio value='1.30995'/>
	<timeFitness value='0.608194'/>
	<unitsAverage value='120'/>
</results>
