<results>
	<result value='win'/>
	<start value='2015-05-03.19:33:10'/>
	<end value='2015-05-03.19:33:38'/>
	<frames value='28770'/>
	<gameDuration value='1798'/>

	<player>
		<unitScore value='13725'/>
		<killScore value='27100'/>
		<buildingScore value='3925'/>
		<razingScore value='9825'/>
		<mineralScore value='26498'/>
		<gasScore value='2856'/>
		<totalScore value='83929'/>
	</player>

	<enemy>
		<race value='Terran'/>
		<unitScore value='14350'/>
		<unitScore value='14350'/>
		<killScore value='7300'/>
		<buildingScore value='3275'/>
		<razingScore value='1875'/>
		<mineralScore value='12362'/>
		<gasScore value='5752'/>
		<totalScore value='44914'/>
	</enemy>

	<scoreRatio value='1.86866'/>
	<timeFitness value='0.750278'/>
	<unitsAverage value='84'/>
</results>
