<results>
	<result value='win'/>
	<start value='2015-05-03.19:34:08'/>
	<end value='2015-05-03.19:34:33'/>
	<frames value='28863'/>
	<gameDuration value='1803'/>

	<player>
		<unitScore value='12800'/>
		<killScore value='28050'/>
		<buildingScore value='3125'/>
		<razingScore value='9300'/>
		<mineralScore value='20594'/>
		<gasScore value='1944'/>
		<totalScore value='75813'/>
	</player>

	<enemy>
		<race value='Terran'/>
		<unitScore value='14025'/>
		<unitScore value='14025'/>
		<killScore value='8700'/>
		<buildingScore value='3175'/>
		<razingScore value='1575'/>
		<mineralScore value='12226'/>
		<gasScore value='5640'/>
		<totalScore value='45341'/>
	</enemy>

	<scoreRatio value='1.67206'/>
	<timeFitness value='0.749583'/>
	<unitsAverage value='77'/>
</results>
