<results>
	<result value='win'/>
	<start value='2015-05-03.19:38:59'/>
	<end value='2015-05-03.19:39:11'/>
	<frames value='18230'/>
	<gameDuration value='1139'/>

	<player>
		<unitScore value='6400'/>
		<killScore value='10700'/>
		<buildingScore value='2725'/>
		<razingScore value='4125'/>
		<mineralScore value='10610'/>
		<gasScore value='944'/>
		<totalScore value='35504'/>
	</player>

	<enemy>
		<race value='Terran'/>
		<unitScore value='5350'/>
		<unitScore value='5350'/>
		<killScore value='2800'/>
		<buildingScore value='1450'/>
		<razingScore value='1575'/>
		<mineralScore value='7186'/>
		<gasScore value='2080'/>
		<totalScore value='20441'/>
	</enemy>

	<scoreRatio value='1.7369'/>
	<timeFitness value='0.841806'/>
	<unitsAverage value='46'/>
</results>
