<results>
	<result value='loss'/>
	<start value='2015-07-20.01:09:58'/>
	<end value='2015-07-20.01:10:24'/>
	<frames value='23252'/>
	<gameDuration value='1453'/>

	<player>
		<unitScore value='9600'/>
		<killScore value='3900'/>
		<buildingScore value='2350'/>
		<razingScore value='0'/>
		<mineralScore value='11394'/>
		<gasScore value='1456'/>
		<totalScore value='28700'/>
	</player>

	<enemy>
		<race value='Zerg'/>
		<unitScore value='8525'/>
		<killScore value='19200'/>
		<buildingScore value='3085'/>
		<razingScore value='7050'/>
		<mineralScore value='11802'/>
		<gasScore value='3544'/>
		<totalScore value='53206'/>
	</enemy>

	<scoreRatio value='0.539413'/>
	<timeFitness value='0.201806'/>
	<unitsAverage value='46'/>
</results>
