<results>
	<result value='loss'/>
	<start value='2015-07-11.19:33:54'/>
	<end value='2015-07-11.19:34:19'/>
	<frames value='44239'/>
	<gameDuration value='2764'/>

	<player>
		<unitScore value='13875'/>
		<killScore value='8850'/>
		<buildingScore value='3550'/>
		<razingScore value='0'/>
		<mineralScore value='14146'/>
		<gasScore value='2416'/>
		<totalScore value='42837'/>
	</player>

	<enemy>
		<race value='Terran'/>
		<unitScore value='22200'/>
		<killScore value='27750'/>
		<buildingScore value='6025'/>
		<razingScore value='10650'/>
		<mineralScore value='23378'/>
		<gasScore value='13562'/>
		<totalScore value='103565'/>
	</enemy>

	<scoreRatio value='0.413624'/>
	<timeFitness value='0.383889'/>
	<unitsAverage value='37'/>
</results>
