<results>
	<result value='win'/>
	<start value='2015-03-29.04:26:11'/>
	<end value='2015-03-29.04:27:03'/>
	<frames value='32707'/>
	<gameDuration value='2044'/>

	<player>
		<unitScore value='20225'/>
		<killScore value='19000'/>
		<buildingScore value='4300'/>
		<razingScore value='22350'/>
		<mineralScore value='27646'/>
		<gasScore value='3784'/>
		<totalScore value='97305'/>
	</player>

	<enemy>
		<race value='Protoss'/>
		<unitScore value='9700'/>
		<unitScore value='9700'/>
		<killScore value='16400'/>
		<buildingScore value='7450'/>
		<razingScore value='0'/>
		<mineralScore value='18202'/>
		<gasScore value='5176'/>
		<totalScore value='56928'/>
	</enemy>

	<scoreRatio value='1.70926'/>
</results>
