<results>
	<result value='loss'/>
	<start value='2015-03-29.04:28:08'/>
	<end value='2015-03-29.04:28:24'/>
	<frames value='24399'/>
	<gameDuration value='1524'/>

	<player>
		<unitScore value='5575'/>
		<killScore value='4200'/>
		<buildingScore value='1750'/>
		<razingScore value='0'/>
		<mineralScore value='7738'/>
		<gasScore value='1240'/>
		<totalScore value='20503'/>
	</player>

	<enemy>
		<race value='Protoss'/>
		<unitScore value='8825'/>
		<unitScore value='8825'/>
		<killScore value='11150'/>
		<buildingScore value='6075'/>
		<razingScore value='5250'/>
		<mineralScore value='13802'/>
		<gasScore value='4712'/>
		<totalScore value='49814'/>
	</enemy>

	<scoreRatio value='0.411591'/>
</results>
