<results>
	<result value='win'/>
	<start value='2015-04-11.22:24:19'/>
	<end value='2015-04-11.22:24:49'/>
	<frames value='21547'/>
	<gameDuration value='1346'/>

	<player>
		<unitScore value='11050'/>
		<killScore value='10700'/>
		<buildingScore value='3400'/>
		<razingScore value='8400'/>
		<mineralScore value='15806'/>
		<gasScore value='2248'/>
		<totalScore value='51604'/>
	</player>

	<enemy>
		<race value='Protoss'/>
		<unitScore value='5350'/>
		<unitScore value='5350'/>
		<killScore value='6700'/>
		<buildingScore value='2800'/>
		<razingScore value='150'/>
		<mineralScore value='9554'/>
		<gasScore value='2256'/>
		<totalScore value='26810'/>
	</enemy>

	<scoreRatio value='1.9248'/>
</results>
