<results>
	<result value='win'/>
	<start value='2015-05-05.19:45:55'/>
	<end value='2015-05-05.19:46:16'/>
	<frames value='27034'/>
	<gameDuration value='1689'/>

	<player>
		<unitScore value='14950'/>
		<killScore value='26995'/>
		<buildingScore value='3300'/>
		<razingScore value='7080'/>
		<mineralScore value='22974'/>
		<gasScore value='2392'/>
		<totalScore value='77691'/>
	</player>

	<enemy>
		<race value='Zerg'/>
		<unitScore value='12225'/>
		<unitScore value='12225'/>
		<killScore value='11300'/>
		<buildingScore value='2360'/>
		<razingScore value='0'/>
		<mineralScore value='11842'/>
		<gasScore value='3488'/>
		<totalScore value='41215'/>
	</enemy>

	<scoreRatio value='1.88502'/>
	<timeFitness value='0.765417'/>
	<unitsAverage value='89'/>
</results>
