<results>
	<result value='win'/>
	<start value='2015-05-05.19:47:39'/>
	<end value='2015-05-05.19:47:55'/>
	<frames value='22353'/>
	<gameDuration value='1397'/>

	<player>
		<unitScore value='12100'/>
		<killScore value='17160'/>
		<buildingScore value='3325'/>
		<razingScore value='5460'/>
		<mineralScore value='19530'/>
		<gasScore value='1496'/>
		<totalScore value='59071'/>
	</player>

	<enemy>
		<race value='Zerg'/>
		<unitScore value='8475'/>
		<unitScore value='8475'/>
		<killScore value='7250'/>
		<buildingScore value='1820'/>
		<razingScore value='150'/>
		<mineralScore value='8490'/>
		<gasScore value='2648'/>
		<totalScore value='28833'/>
	</enemy>

	<scoreRatio value='2.04873'/>
	<timeFitness value='0.805972'/>
	<unitsAverage value='76'/>
</results>
