<results>
	<result value='win'/>
	<start value='2015-05-05.19:49:50'/>
	<end value='2015-05-05.19:50:18'/>
	<frames value='30599'/>
	<gameDuration value='1912'/>

	<player>
		<unitScore value='22625'/>
		<killScore value='33410'/>
		<buildingScore value='4450'/>
		<razingScore value='6915'/>
		<mineralScore value='28218'/>
		<gasScore value='1952'/>
		<totalScore value='97570'/>
	</player>

	<enemy>
		<race value='Zerg'/>
		<unitScore value='15475'/>
		<unitScore value='15475'/>
		<killScore value='20300'/>
		<buildingScore value='2305'/>
		<razingScore value='0'/>
		<mineralScore value='13710'/>
		<gasScore value='4272'/>
		<totalScore value='56062'/>
	</enemy>

	<scoreRatio value='1.74039'/>
	<timeFitness value='0.734444'/>
	<unitsAverage value='110'/>
</results>
