<results>
	<result value='win'/>
	<start value='2015-05-05.19:55:16'/>
	<end value='2015-05-05.19:55:36'/>
	<frames value='32118'/>
	<gameDuration value='2007'/>

	<player>
		<unitScore value='16800'/>
		<killScore value='27175'/>
		<buildingScore value='2825'/>
		<razingScore value='8985'/>
		<mineralScore value='19250'/>
		<gasScore value='2576'/>
		<totalScore value='77611'/>
	</player>

	<enemy>
		<race value='Zerg'/>
		<unitScore value='13200'/>
		<unitScore value='13200'/>
		<killScore value='20500'/>
		<buildingScore value='2995'/>
		<razingScore value='150'/>
		<mineralScore value='14630'/>
		<gasScore value='5056'/>
		<totalScore value='56531'/>
	</enemy>

	<scoreRatio value='1.37289'/>
	<timeFitness value='0.72125'/>
	<unitsAverage value='72'/>
</results>
