<results>
	<result value='win'/>
	<start value='2015-05-05.20:04:31'/>
	<end value='2015-05-05.20:05:03'/>
	<frames value='35187'/>
	<gameDuration value='2199'/>

	<player>
		<unitScore value='24525'/>
		<killScore value='41065'/>
		<buildingScore value='3575'/>
		<razingScore value='7875'/>
		<mineralScore value='31690'/>
		<gasScore value='3600'/>
		<totalScore value='112330'/>
	</player>

	<enemy>
		<race value='Zerg'/>
		<unitScore value='19000'/>
		<unitScore value='19000'/>
		<killScore value='27500'/>
		<buildingScore value='2625'/>
		<razingScore value='0'/>
		<mineralScore value='17246'/>
		<gasScore value='5768'/>
		<totalScore value='72139'/>
	</enemy>

	<scoreRatio value='1.55713'/>
	<timeFitness value='0.694583'/>
	<unitsAverage value='110'/>
</results>
