<results>
	<result value='loss'/>
	<start value='2015-05-10.02:31:26'/>
	<end value='2015-05-10.02:32:13'/>
	<frames value='52578'/>
	<gameDuration value='3286'/>

	<player>
		<unitScore value='22800'/>
		<killScore value='39610'/>
		<buildingScore value='2700'/>
		<razingScore value='600'/>
		<mineralScore value='24022'/>
		<gasScore value='5002'/>
		<totalScore value='94734'/>
	</player>

	<enemy>
		<race value='Protoss'/>
		<unitScore value='43585'/>
		<unitScore value='43585'/>
		<killScore value='45450'/>
		<buildingScore value='8125'/>
		<razingScore value='8100'/>
		<mineralScore value='36370'/>
		<gasScore value='15396'/>
		<totalScore value='157026'/>
	</enemy>

	<scoreRatio value='0.603301'/>
	<timeFitness value='0.456389'/>
	<unitsAverage value='73'/>
</results>
