<results>
	<result value='draw'/>
	<start value='2015-05-10.02:37:28'/>
	<end value='2015-05-10.02:38:39'/>
	<frames value='57601'/>
	<gameDuration value='3600'/>

	<player>
		<unitScore value='30400'/>
		<killScore value='51940'/>
		<buildingScore value='3675'/>
		<razingScore value='1575'/>
		<mineralScore value='31486'/>
		<gasScore value='9902'/>
		<totalScore value='128978'/>
	</player>

	<enemy>
		<race value='Protoss'/>
		<unitScore value='36225'/>
		<unitScore value='36225'/>
		<killScore value='51400'/>
		<buildingScore value='7325'/>
		<razingScore value='2250'/>
		<mineralScore value='31550'/>
		<gasScore value='11440'/>
		<totalScore value='140190'/>
	</enemy>

	<scoreRatio value='0.920023'/>
	<timeFitness value='0.5'/>
	<unitsAverage value='115'/>
</results>
