<results>
	<result value='win'/>
	<start value='2015-05-10.05:09:55'/>
	<end value='2015-05-10.05:10:16'/>
	<frames value='24461'/>
	<gameDuration value='1528'/>

	<player>
		<unitScore value='14200'/>
		<killScore value='18920'/>
		<buildingScore value='3350'/>
		<razingScore value='5895'/>
		<mineralScore value='18790'/>
		<gasScore value='2392'/>
		<totalScore value='63547'/>
	</player>

	<enemy>
		<race value='Zerg'/>
		<unitScore value='8575'/>
		<unitScore value='8575'/>
		<killScore value='12750'/>
		<buildingScore value='1965'/>
		<razingScore value='0'/>
		<mineralScore value='9346'/>
		<gasScore value='2712'/>
		<totalScore value='35348'/>
	</enemy>

	<scoreRatio value='1.79775'/>
	<timeFitness value='0.787778'/>
	<unitsAverage value='74'/>
</results>
