<results>
	<result value='loss'/>
	<start value='2014-07-01.03:00:30'/>
	<end value='2014-07-01.03:01:06'/>
	<frames value='54562'/>
	<gameDuration value='3410'/>

	<player>
		<unitScore value='22525'/>
		<killScore value='36650'/>
		<buildingScore value='2275'/>
		<razingScore value='13125'/>
		<mineralScore value='24322'/>
		<gasScore value='4080'/>
		<totalScore value='102977'/>
	</player>

	<enemy>
		<race value='Protoss'/>
		<unitScore value='23975'/>
		<unitScore value='23975'/>
		<killScore value='45150'/>
		<buildingScore value='11750'/>
		<razingScore value='6825'/>
		<mineralScore value='33458'/>
		<gasScore value='9770'/>
		<totalScore value='130928'/>
	</enemy>

	<scoreRatio value='0.786516'/>
</results>
