<results>
	<result value='loss'/>
	<start value='2015-05-03.17:25:09'/>
	<end value='2015-05-03.17:25:16'/>
	<frames value='16277'/>
	<gameDuration value='1017'/>

	<player>
		<unitScore value='3600'/>
		<killScore value='800'/>
		<buildingScore value='2050'/>
		<razingScore value='0'/>
		<mineralScore value='5962'/>
		<gasScore value='568'/>
		<totalScore value='12980'/>
	</player>

	<enemy>
		<race value='Protoss'/>
		<unitScore value='3600'/>
		<unitScore value='3600'/>
		<killScore value='7100'/>
		<buildingScore value='3525'/>
		<razingScore value='6150'/>
		<mineralScore value='8378'/>
		<gasScore value='1576'/>
		<totalScore value='30329'/>
	</enemy>

	<scoreRatio value='0.427973'/>
	<timeFitness value='0.14125'/>
	<unitsAverage value='25'/>
</results>
