<results>
	<result value='loss'/>
	<start value='2015-05-09.20:22:35'/>
	<end value='2015-05-09.20:23:02'/>
	<frames value='38256'/>
	<gameDuration value='2391'/>

	<player>
		<unitScore value='9925'/>
		<killScore value='12650'/>
		<buildingScore value='1925'/>
		<razingScore value='450'/>
		<mineralScore value='13290'/>
		<gasScore value='912'/>
		<totalScore value='39152'/>
	</player>

	<enemy>
		<race value='Protoss'/>
		<unitScore value='23325'/>
		<unitScore value='23325'/>
		<killScore value='19850'/>
		<buildingScore value='7125'/>
		<razingScore value='5775'/>
		<mineralScore value='25738'/>
		<gasScore value='9370'/>
		<totalScore value='91183'/>
	</enemy>

	<scoreRatio value='0.429378'/>
	<timeFitness value='0.332083'/>
	<unitsAverage value='46'/>
</results>
