<results>
	<result value='win'/>
	<start value='2015-05-09.20:23:06'/>
	<end value='2015-05-09.20:24:10'/>
	<frames value='49912'/>
	<gameDuration value='3119'/>

	<player>
		<unitScore value='32600'/>
		<killScore value='36000'/>
		<buildingScore value='3350'/>
		<razingScore value='27375'/>
		<mineralScore value='35546'/>
		<gasScore value='5394'/>
		<totalScore value='140265'/>
	</player>

	<enemy>
		<race value='Protoss'/>
		<unitScore value='19100'/>
		<unitScore value='19100'/>
		<killScore value='46850'/>
		<buildingScore value='9125'/>
		<razingScore value='900'/>
		<mineralScore value='27042'/>
		<gasScore value='8560'/>
		<totalScore value='111577'/>
	</enemy>

	<scoreRatio value='1.25711'/>
	<timeFitness value='0.566806'/>
	<unitsAverage value='118'/>
</results>
