<results>
	<result value='loss'/>
	<start value='2015-05-03.17:34:02'/>
	<end value='2015-05-03.17:34:10'/>
	<frames value='16711'/>
	<gameDuration value='1044'/>

	<player>
		<unitScore value='3775'/>
		<killScore value='1600'/>
		<buildingScore value='1925'/>
		<razingScore value='0'/>
		<mineralScore value='5570'/>
		<gasScore value='584'/>
		<totalScore value='13454'/>
	</player>

	<enemy>
		<race value='Protoss'/>
		<unitScore value='3600'/>
		<unitScore value='3600'/>
		<killScore value='7550'/>
		<buildingScore value='3775'/>
		<razingScore value='5775'/>
		<mineralScore value='8706'/>
		<gasScore value='1472'/>
		<totalScore value='30878'/>
	</enemy>

	<scoreRatio value='0.435715'/>
	<timeFitness value='0.145'/>
	<unitsAverage value='26'/>
</results>
