<results>
	<result value='loss'/>
	<start value='2015-05-11.06:22:39'/>
	<end value='2015-05-11.06:23:02'/>
	<frames value='37388'/>
	<gameDuration value='2336'/>

	<player>
		<unitScore value='15300'/>
		<killScore value='12400'/>
		<buildingScore value='2925'/>
		<razingScore value='0'/>
		<mineralScore value='16490'/>
		<gasScore value='2960'/>
		<totalScore value='50075'/>
	</player>

	<enemy>
		<race value='Protoss'/>
		<unitScore value='23300'/>
		<unitScore value='23300'/>
		<killScore value='30800'/>
		<buildingScore value='6925'/>
		<razingScore value='8775'/>
		<mineralScore value='25398'/>
		<gasScore value='9312'/>
		<totalScore value='104510'/>
	</enemy>

	<scoreRatio value='0.479141'/>
	<timeFitness value='0.324444'/>
	<unitsAverage value='47'/>
</results>
