<results>
	<result value='win'/>
	<start value='2015-05-11.20:40:16'/>
	<end value='2015-05-11.20:40:41'/>
	<frames value='23934'/>
	<gameDuration value='1495'/>

	<player>
		<unitScore value='13950'/>
		<killScore value='10800'/>
		<buildingScore value='3575'/>
		<razingScore value='13200'/>
		<mineralScore value='20218'/>
		<gasScore value='2400'/>
		<totalScore value='64143'/>
	</player>

	<enemy>
		<race value='Protoss'/>
		<unitScore value='5400'/>
		<unitScore value='5400'/>
		<killScore value='8500'/>
		<buildingScore value='4400'/>
		<razingScore value='0'/>
		<mineralScore value='16170'/>
		<gasScore value='936'/>
		<totalScore value='35406'/>
	</enemy>

	<scoreRatio value='1.81164'/>
	<timeFitness value='0.792361'/>
	<unitsAverage value='87'/>
</results>
