<results>
	<result value='loss'/>
	<start value='2015-07-11.15:41:43'/>
	<end value='2015-07-11.15:41:54'/>
	<frames value='17579'/>
	<gameDuration value='1098'/>

	<player>
		<unitScore value='4850'/>
		<killScore value='950'/>
		<buildingScore value='2125'/>
		<razingScore value='0'/>
		<mineralScore value='6250'/>
		<gasScore value='824'/>
		<totalScore value='14999'/>
	</player>

	<enemy>
		<race value='Terran'/>
		<unitScore value='6025'/>
		<killScore value='9600'/>
		<buildingScore value='2700'/>
		<razingScore value='6375'/>
		<mineralScore value='8034'/>
		<gasScore value='2808'/>
		<totalScore value='35542'/>
	</enemy>

	<scoreRatio value='0.422008'/>
	<timeFitness value='0.1525'/>
	<unitsAverage value='26'/>
</results>
