<results>
	<result value='loss'/>
	<start value='2015-07-11.15:52:33'/>
	<end value='2015-07-11.15:52:48'/>
	<frames value='21950'/>
	<gameDuration value='1371'/>

	<player>
		<unitScore value='6800'/>
		<killScore value='3900'/>
		<buildingScore value='2725'/>
		<razingScore value='0'/>
		<mineralScore value='9610'/>
		<gasScore value='1336'/>
		<totalScore value='24371'/>
	</player>

	<enemy>
		<race value='Terran'/>
		<unitScore value='8325'/>
		<killScore value='11600'/>
		<buildingScore value='3275'/>
		<razingScore value='8175'/>
		<mineralScore value='10626'/>
		<gasScore value='4232'/>
		<totalScore value='46233'/>
	</enemy>

	<scoreRatio value='0.527134'/>
	<timeFitness value='0.190417'/>
	<unitsAverage value='37'/>
</results>
