<results>
	<result value='loss'/>
	<start value='2015-04-12.19:24:26'/>
	<end value='2015-04-12.19:24:33'/>
	<frames value='17083'/>
	<gameDuration value='1067'/>

	<player>
		<unitScore value='2975'/>
		<killScore value='1800'/>
		<buildingScore value='1675'/>
		<razingScore value='0'/>
		<mineralScore value='5002'/>
		<gasScore value='952'/>
		<totalScore value='12404'/>
	</player>

	<enemy>
		<race value='Protoss'/>
		<unitScore value='3550'/>
		<unitScore value='3550'/>
		<killScore value='5950'/>
		<buildingScore value='4125'/>
		<razingScore value='5025'/>
		<mineralScore value='9282'/>
		<gasScore value='1584'/>
		<totalScore value='29516'/>
	</enemy>

	<scoreRatio value='0.420247'/>
</results>
