<results>
	<result value='win'/>
	<start value='2015-04-12.19:24:59'/>
	<end value='2015-04-12.19:25:23'/>
	<frames value='28925'/>
	<gameDuration value='1807'/>

	<player>
		<unitScore value='16550'/>
		<killScore value='19250'/>
		<buildingScore value='3775'/>
		<razingScore value='16575'/>
		<mineralScore value='25154'/>
		<gasScore value='2288'/>
		<totalScore value='83592'/>
	</player>

	<enemy>
		<race value='Protoss'/>
		<unitScore value='9625'/>
		<unitScore value='9625'/>
		<killScore value='16400'/>
		<buildingScore value='5525'/>
		<razingScore value='150'/>
		<mineralScore value='15126'/>
		<gasScore value='4416'/>
		<totalScore value='51242'/>
	</enemy>

	<scoreRatio value='1.63132'/>
</results>
