<results>
	<result value='loss'/>
	<start value='2015-04-12.19:27:20'/>
	<end value='2015-04-12.19:27:28'/>
	<frames value='17982'/>
	<gameDuration value='1123'/>

	<player>
		<unitScore value='4800'/>
		<killScore value='1000'/>
		<buildingScore value='2100'/>
		<razingScore value='0'/>
		<mineralScore value='7050'/>
		<gasScore value='1320'/>
		<totalScore value='16270'/>
	</player>

	<enemy>
		<race value='Protoss'/>
		<unitScore value='3975'/>
		<unitScore value='3975'/>
		<killScore value='9600'/>
		<buildingScore value='3575'/>
		<razingScore value='6300'/>
		<mineralScore value='9370'/>
		<gasScore value='2272'/>
		<totalScore value='35092'/>
	</enemy>

	<scoreRatio value='0.463638'/>
</results>
