<results>
	<result value='loss'/>
	<start value='2015-04-11.19:52:01'/>
	<end value='2015-04-11.19:52:53'/>
	<frames value='39961'/>
	<gameDuration value='2497'/>

	<player>
		<unitScore value='17900'/>
		<killScore value='15900'/>
		<buildingScore value='2325'/>
		<razingScore value='300'/>
		<mineralScore value='19314'/>
		<gasScore value='2512'/>
		<totalScore value='58251'/>
	</player>

	<enemy>
		<race value='Protoss'/>
		<unitScore value='25950'/>
		<unitScore value='25950'/>
		<killScore value='35800'/>
		<buildingScore value='7325'/>
		<razingScore value='6975'/>
		<mineralScore value='27562'/>
		<gasScore value='10432'/>
		<totalScore value='114044'/>
	</enemy>

	<scoreRatio value='0.510777'/>
</results>
