<results>
	<result value='win'/>
	<start value='2014-07-04.04:40:14'/>
	<end value='2014-07-04.04:41:24'/>
	<frames value='45603'/>
	<gameDuration value='2850'/>

	<player>
		<unitScore value='27925'/>
		<killScore value='45600'/>
		<buildingScore value='4575'/>
		<razingScore value='22875'/>
		<mineralScore value='32658'/>
		<gasScore value='4528'/>
		<totalScore value='138161'/>
	</player>

	<enemy>
		<race value='Protoss'/>
		<unitScore value='23950'/>
		<unitScore value='23950'/>
		<killScore value='30650'/>
		<buildingScore value='7625'/>
		<razingScore value='1650'/>
		<mineralScore value='22986'/>
		<gasScore value='7720'/>
		<totalScore value='94581'/>
	</enemy>

	<scoreRatio value='1.46077'/>
</results>
