<results>
	<result value='win'/>
	<start value='2014-07-04.04:43:18'/>
	<end value='2014-07-04.04:43:55'/>
	<frames value='37233'/>
	<gameDuration value='2327'/>

	<player>
		<unitScore value='23125'/>
		<killScore value='28000'/>
		<buildingScore value='4025'/>
		<razingScore value='18825'/>
		<mineralScore value='27966'/>
		<gasScore value='4688'/>
		<totalScore value='106629'/>
	</player>

	<enemy>
		<race value='Protoss'/>
		<unitScore value='14800'/>
		<unitScore value='14800'/>
		<killScore value='25550'/>
		<buildingScore value='6275'/>
		<razingScore value='300'/>
		<mineralScore value='17946'/>
		<gasScore value='5384'/>
		<totalScore value='70255'/>
	</enemy>

	<scoreRatio value='1.51774'/>
</results>
