<results>
	<result value='loss'/>
	<start value='2015-05-05.04:36:33'/>
	<end value='2015-05-05.04:36:42'/>
	<frames value='17951'/>
	<gameDuration value='1121'/>

	<player>
		<unitScore value='4450'/>
		<killScore value='1350'/>
		<buildingScore value='1450'/>
		<razingScore value='300'/>
		<mineralScore value='5714'/>
		<gasScore value='640'/>
		<totalScore value='13904'/>
	</player>

	<enemy>
		<race value='Terran'/>
		<unitScore value='5925'/>
		<unitScore value='5925'/>
		<killScore value='8900'/>
		<buildingScore value='2275'/>
		<razingScore value='4350'/>
		<mineralScore value='8306'/>
		<gasScore value='2904'/>
		<totalScore value='32660'/>
	</enemy>

	<scoreRatio value='0.42572'/>
	<timeFitness value='0.155694'/>
	<unitsAverage value='25'/>
</results>
