<results>
	<result value='win'/>
	<start value='2015-05-05.04:37:17'/>
	<end value='2015-05-05.04:37:45'/>
	<frames value='29855'/>
	<gameDuration value='1865'/>

	<player>
		<unitScore value='18900'/>
		<killScore value='28600'/>
		<buildingScore value='4575'/>
		<razingScore value='7800'/>
		<mineralScore value='27546'/>
		<gasScore value='3160'/>
		<totalScore value='90581'/>
	</player>

	<enemy>
		<race value='Terran'/>
		<unitScore value='14300'/>
		<unitScore value='14300'/>
		<killScore value='15300'/>
		<buildingScore value='2600'/>
		<razingScore value='1500'/>
		<mineralScore value='12050'/>
		<gasScore value='4744'/>
		<totalScore value='50494'/>
	</enemy>

	<scoreRatio value='1.7939'/>
	<timeFitness value='0.740972'/>
	<unitsAverage value='93'/>
</results>
