<results>
	<result value='win'/>
	<start value='2015-05-05.04:40:17'/>
	<end value='2015-05-05.04:40:44'/>
	<frames value='29328'/>
	<gameDuration value='1833'/>

	<player>
		<unitScore value='18550'/>
		<killScore value='29200'/>
		<buildingScore value='4200'/>
		<razingScore value='7575'/>
		<mineralScore value='28274'/>
		<gasScore value='3080'/>
		<totalScore value='90879'/>
	</player>

	<enemy>
		<race value='Terran'/>
		<unitScore value='14600'/>
		<unitScore value='14600'/>
		<killScore value='15550'/>
		<buildingScore value='2525'/>
		<razingScore value='300'/>
		<mineralScore value='12050'/>
		<gasScore value='4664'/>
		<totalScore value='49689'/>
	</enemy>

	<scoreRatio value='1.82896'/>
	<timeFitness value='0.745417'/>
	<unitsAverage value='92'/>
</results>
