<results>
	<result value='win'/>
	<start value='2015-05-05.04:40:47'/>
	<end value='2015-05-05.04:41:33'/>
	<frames value='40891'/>
	<gameDuration value='2555'/>

	<player>
		<unitScore value='23875'/>
		<killScore value='27750'/>
		<buildingScore value='4725'/>
		<razingScore value='7500'/>
		<mineralScore value='34994'/>
		<gasScore value='3208'/>
		<totalScore value='102052'/>
	</player>

	<enemy>
		<race value='Terran'/>
		<unitScore value='14475'/>
		<unitScore value='14475'/>
		<killScore value='22800'/>
		<buildingScore value='2500'/>
		<razingScore value='1800'/>
		<mineralScore value='12050'/>
		<gasScore value='5236'/>
		<totalScore value='58861'/>
	</enemy>

	<scoreRatio value='1.73378'/>
	<timeFitness value='0.645139'/>
	<unitsAverage value='103'/>
</results>
