<results>
	<result value='win'/>
	<start value='2015-05-05.04:51:32'/>
	<end value='2015-05-05.04:51:53'/>
	<frames value='26259'/>
	<gameDuration value='1641'/>

	<player>
		<unitScore value='13500'/>
		<killScore value='20500'/>
		<buildingScore value='3875'/>
		<razingScore value='8850'/>
		<mineralScore value='20050'/>
		<gasScore value='2656'/>
		<totalScore value='69431'/>
	</player>

	<enemy>
		<race value='Terran'/>
		<unitScore value='10250'/>
		<unitScore value='10250'/>
		<killScore value='8250'/>
		<buildingScore value='2950'/>
		<razingScore value='2025'/>
		<mineralScore value='11706'/>
		<gasScore value='4824'/>
		<totalScore value='40005'/>
	</enemy>

	<scoreRatio value='1.73556'/>
	<timeFitness value='0.772083'/>
	<unitsAverage value='74'/>
</results>
