<results>
	<result value='win'/>
	<start value='2015-04-27.03:08:46'/>
	<end value='2015-04-27.03:09:07'/>
	<frames value='25701'/>
	<gameDuration value='1606'/>

	<player>
		<unitScore value='12025'/>
		<killScore value='22800'/>
		<buildingScore value='3175'/>
		<razingScore value='9900'/>
		<mineralScore value='18742'/>
		<gasScore value='2768'/>
		<totalScore value='69410'/>
	</player>

	<enemy>
		<race value='Terran'/>
		<unitScore value='12200'/>
		<unitScore value='12200'/>
		<killScore value='9650'/>
		<buildingScore value='3300'/>
		<razingScore value='300'/>
		<mineralScore value='11570'/>
		<gasScore value='4728'/>
		<totalScore value='41748'/>
	</enemy>

	<scoreRatio value='1.66259'/>
</results>
