<results>
	<result value='win'/>
	<start value='2015-04-27.12:03:57'/>
	<end value='2015-04-27.12:04:22'/>
	<frames value='26755'/>
	<gameDuration value='1672'/>

	<player>
		<unitScore value='14300'/>
		<killScore value='23250'/>
		<buildingScore value='3750'/>
		<razingScore value='9225'/>
		<mineralScore value='19354'/>
		<gasScore value='1872'/>
		<totalScore value='71751'/>
	</player>

	<enemy>
		<race value='Terran'/>
		<unitScore value='11625'/>
		<unitScore value='11625'/>
		<killScore value='7950'/>
		<buildingScore value='3075'/>
		<razingScore value='1200'/>
		<mineralScore value='10826'/>
		<gasScore value='4840'/>
		<totalScore value='39516'/>
	</enemy>

	<scoreRatio value='1.81575'/>
</results>
