<results>
	<result value='loss'/>
	<start value='2015-04-26.06:28:46'/>
	<end value='2015-04-26.06:29:01'/>
	<frames value='25267'/>
	<gameDuration value='1579'/>

	<player>
		<unitScore value='7100'/>
		<killScore value='6100'/>
		<buildingScore value='2175'/>
		<razingScore value='0'/>
		<mineralScore value='9138'/>
		<gasScore value='1168'/>
		<totalScore value='25681'/>
	</player>

	<enemy>
		<race value='Terran'/>
		<unitScore value='11325'/>
		<unitScore value='11325'/>
		<killScore value='14200'/>
		<buildingScore value='4425'/>
		<razingScore value='6525'/>
		<mineralScore value='12626'/>
		<gasScore value='5776'/>
		<totalScore value='54877'/>
	</enemy>

	<scoreRatio value='0.467974'/>
</results>
