<results>
	<result value='draw'/>
	<start value='2015-04-26.06:37:23'/>
	<end value='2015-04-26.06:38:14'/>
	<frames value='57601'/>
	<gameDuration value='3600'/>

	<player>
		<unitScore value='30100'/>
		<killScore value='37950'/>
		<buildingScore value='4350'/>
		<razingScore value='3675'/>
		<mineralScore value='32970'/>
		<gasScore value='5080'/>
		<totalScore value='114125'/>
	</player>

	<enemy>
		<race value='Terran'/>
		<unitScore value='26650'/>
		<unitScore value='26650'/>
		<killScore value='48050'/>
		<buildingScore value='3675'/>
		<razingScore value='3525'/>
		<mineralScore value='17970'/>
		<gasScore value='10988'/>
		<totalScore value='110858'/>
	</enemy>

	<scoreRatio value='1.02947'/>
</results>
