<results>
	<result value='win'/>
	<start value='2015-04-29.12:12:48'/>
	<end value='2015-04-29.12:13:54'/>
	<frames value='35993'/>
	<gameDuration value='2249'/>

	<player>
		<unitScore value='24275'/>
		<killScore value='37990'/>
		<buildingScore value='4125'/>
		<razingScore value='9615'/>
		<mineralScore value='28990'/>
		<gasScore value='2824'/>
		<totalScore value='107819'/>
	</player>

	<enemy>
		<race value='Zerg'/>
		<unitScore value='18125'/>
		<unitScore value='18125'/>
		<killScore value='26200'/>
		<buildingScore value='3205'/>
		<razingScore value='150'/>
		<mineralScore value='16990'/>
		<gasScore value='5496'/>
		<totalScore value='70166'/>
	</enemy>

	<scoreRatio value='1.53663'/>
</results>
