<results>
	<result value='win'/>
	<start value='2015-04-29.12:13:57'/>
	<end value='2015-04-29.12:15:01'/>
	<frames value='33668'/>
	<gameDuration value='2104'/>

	<player>
		<unitScore value='23450'/>
		<killScore value='32370'/>
		<buildingScore value='4350'/>
		<razingScore value='8505'/>
		<mineralScore value='34458'/>
		<gasScore value='3040'/>
		<totalScore value='106173'/>
	</player>

	<enemy>
		<race value='Zerg'/>
		<unitScore value='15800'/>
		<unitScore value='15800'/>
		<killScore value='24050'/>
		<buildingScore value='2835'/>
		<razingScore value='225'/>
		<mineralScore value='15698'/>
		<gasScore value='4568'/>
		<totalScore value='63176'/>
	</enemy>

	<scoreRatio value='1.68059'/>
</results>
