<results>
	<result value='win'/>
	<start value='2015-04-13.10:48:36'/>
	<end value='2015-04-13.10:48:59'/>
	<frames value='25205'/>
	<gameDuration value='1575'/>

	<player>
		<unitScore value='13300'/>
		<killScore value='12400'/>
		<buildingScore value='3600'/>
		<razingScore value='14325'/>
		<mineralScore value='22202'/>
		<gasScore value='2688'/>
		<totalScore value='68515'/>
	</player>

	<enemy>
		<race value='Protoss'/>
		<unitScore value='6600'/>
		<unitScore value='6600'/>
		<killScore value='8500'/>
		<buildingScore value='4775'/>
		<razingScore value='0'/>
		<mineralScore value='12882'/>
		<gasScore value='3128'/>
		<totalScore value='35885'/>
	</enemy>

	<scoreRatio value='1.90929'/>
</results>
