<results>
	<result value='loss'/>
	<start value='2015-04-13.10:49:03'/>
	<end value='2015-04-13.10:49:11'/>
	<frames value='18509'/>
	<gameDuration value='1156'/>

	<player>
		<unitScore value='5250'/>
		<killScore value='1800'/>
		<buildingScore value='1775'/>
		<razingScore value='0'/>
		<mineralScore value='7506'/>
		<gasScore value='1104'/>
		<totalScore value='17435'/>
	</player>

	<enemy>
		<race value='Protoss'/>
		<unitScore value='4775'/>
		<unitScore value='4775'/>
		<killScore value='10500'/>
		<buildingScore value='3475'/>
		<razingScore value='5325'/>
		<mineralScore value='9482'/>
		<gasScore value='2464'/>
		<totalScore value='36021'/>
	</enemy>

	<scoreRatio value='0.484023'/>
</results>
