<results>
	<result value='draw'/>
	<start value='2015-07-18.04:26:27'/>
	<end value='2015-07-18.04:27:28'/>
	<frames value='57601'/>
	<gameDuration value='3600'/>

	<player>
		<unitScore value='28900'/>
		<killScore value='12650'/>
		<buildingScore value='4600'/>
		<razingScore value='600'/>
		<mineralScore value='29106'/>
		<gasScore value='4496'/>
		<totalScore value='80352'/>
	</player>

	<enemy>
		<race value='Terran'/>
		<unitScore value='12925'/>
		<killScore value='50800'/>
		<buildingScore value='4125'/>
		<razingScore value='6150'/>
		<mineralScore value='24050'/>
		<gasScore value='6478'/>
		<totalScore value='104528'/>
	</enemy>

	<scoreRatio value='0.768713'/>
	<timeFitness value='0.5'/>
	<unitsAverage value='76'/>
</results>
