<results>
	<result value='draw'/>
	<start value='2015-07-18.04:33:53'/>
	<end value='2015-07-18.04:36:54'/>
	<frames value='57601'/>
	<gameDuration value='3600'/>

	<player>
		<unitScore value='41350'/>
		<killScore value='30000'/>
		<buildingScore value='5350'/>
		<razingScore value='300'/>
		<mineralScore value='37790'/>
		<gasScore value='6688'/>
		<totalScore value='121478'/>
	</player>

	<enemy>
		<race value='Terran'/>
		<unitScore value='27200'/>
		<killScore value='54400'/>
		<buildingScore value='4200'/>
		<razingScore value='4275'/>
		<mineralScore value='19518'/>
		<gasScore value='11992'/>
		<totalScore value='121585'/>
	</enemy>

	<scoreRatio value='0.99912'/>
	<timeFitness value='0.5'/>
	<unitsAverage value='158'/>
</results>
