<results>
	<result value='win'/>
	<start value='2015-04-30.00:41:58'/>
	<end value='2015-04-30.00:42:38'/>
	<frames value='31002'/>
	<gameDuration value='1937'/>

	<player>
		<unitScore value='23950'/>
		<killScore value='20550'/>
		<buildingScore value='3275'/>
		<razingScore value='5895'/>
		<mineralScore value='30138'/>
		<gasScore value='0'/>
		<totalScore value='83808'/>
	</player>

	<enemy>
		<race value='Zerg'/>
		<unitScore value='9975'/>
		<unitScore value='9975'/>
		<killScore value='32700'/>
		<buildingScore value='1965'/>
		<razingScore value='0'/>
		<mineralScore value='10162'/>
		<gasScore value='2944'/>
		<totalScore value='57746'/>
	</enemy>

	<scoreRatio value='1.45132'/>
	<timeFitness value='0.730972'/>
	<unitsAverage value='90'/>
</results>
