<results>
	<result value='win'/>
	<start value='2015-05-01.23:36:20'/>
	<end value='2015-05-01.23:36:43'/>
	<frames value='22942'/>
	<gameDuration value='1433'/>

	<player>
		<unitScore value='11875'/>
		<killScore value='20900'/>
		<buildingScore value='3450'/>
		<razingScore value='5535'/>
		<mineralScore value='18614'/>
		<gasScore value='2328'/>
		<totalScore value='62702'/>
	</player>

	<enemy>
		<race value='Zerg'/>
		<unitScore value='9225'/>
		<unitScore value='9225'/>
		<killScore value='8550'/>
		<buildingScore value='1845'/>
		<razingScore value='0'/>
		<mineralScore value='8898'/>
		<gasScore value='2504'/>
		<totalScore value='31022'/>
	</enemy>

	<scoreRatio value='2.02121'/>
	<timeFitness value='0.800972'/>
	<unitsAverage value='76'/>
</results>
