<results>
	<result value='win'/>
	<start value='2015-05-01.23:46:18'/>
	<end value='2015-05-01.23:46:56'/>
	<frames value='30475'/>
	<gameDuration value='1904'/>

	<player>
		<unitScore value='20100'/>
		<killScore value='26980'/>
		<buildingScore value='4375'/>
		<razingScore value='6135'/>
		<mineralScore value='26202'/>
		<gasScore value='2464'/>
		<totalScore value='86256'/>
	</player>

	<enemy>
		<race value='Zerg'/>
		<unitScore value='12100'/>
		<unitScore value='12100'/>
		<killScore value='19800'/>
		<buildingScore value='2045'/>
		<razingScore value='0'/>
		<mineralScore value='11902'/>
		<gasScore value='3592'/>
		<totalScore value='49439'/>
	</enemy>

	<scoreRatio value='1.7447'/>
	<timeFitness value='0.735556'/>
	<unitsAverage value='99'/>
</results>
