<results>
	<result value='win'/>
	<start value='2015-05-01.23:47:46'/>
	<end value='2015-05-01.23:48:12'/>
	<frames value='23624'/>
	<gameDuration value='1476'/>

	<player>
		<unitScore value='15000'/>
		<killScore value='21370'/>
		<buildingScore value='3725'/>
		<razingScore value='4800'/>
		<mineralScore value='22186'/>
		<gasScore value='2304'/>
		<totalScore value='69385'/>
	</player>

	<enemy>
		<race value='Zerg'/>
		<unitScore value='9975'/>
		<unitScore value='9975'/>
		<killScore value='12150'/>
		<buildingScore value='1600'/>
		<razingScore value='0'/>
		<mineralScore value='10066'/>
		<gasScore value='2456'/>
		<totalScore value='36247'/>
	</enemy>

	<scoreRatio value='1.91423'/>
	<timeFitness value='0.795'/>
	<unitsAverage value='86'/>
</results>
