<results>
	<result value='win'/>
	<start value='2015-04-10.17:21:32'/>
	<end value='2015-04-10.17:21:49'/>
	<frames value='26941'/>
	<gameDuration value='1683'/>

	<player>
		<unitScore value='10925'/>
		<killScore value='9600'/>
		<buildingScore value='2925'/>
		<razingScore value='10800'/>
		<mineralScore value='15846'/>
		<gasScore value='2704'/>
		<totalScore value='52800'/>
	</player>

	<enemy>
		<race value='Protoss'/>
		<unitScore value='4850'/>
		<unitScore value='4850'/>
		<killScore value='9000'/>
		<buildingScore value='3600'/>
		<razingScore value='600'/>
		<mineralScore value='11458'/>
		<gasScore value='2376'/>
		<totalScore value='31884'/>
	</enemy>

	<scoreRatio value='1.656'/>
</results>
