<results>
	<result value='loss'/>
	<start value='2015-05-10.12:11:45'/>
	<end value='2015-05-10.12:11:53'/>
	<frames value='15223'/>
	<gameDuration value='951'/>

	<player>
		<unitScore value='2850'/>
		<killScore value='1800'/>
		<buildingScore value='1425'/>
		<razingScore value='0'/>
		<mineralScore value='3786'/>
		<gasScore value='584'/>
		<totalScore value='10445'/>
	</player>

	<enemy>
		<race value='Protoss'/>
		<unitScore value='3550'/>
		<unitScore value='3550'/>
		<killScore value='4450'/>
		<buildingScore value='2825'/>
		<razingScore value='4275'/>
		<mineralScore value='7970'/>
		<gasScore value='1328'/>
		<totalScore value='24398'/>
	</enemy>

	<scoreRatio value='0.428109'/>
	<timeFitness value='0.132083'/>
	<unitsAverage value='20'/>
</results>
