<results>
	<result value='loss'/>
	<start value='2015-05-04.01:36:45'/>
	<end value='2015-05-04.01:37:24'/>
	<frames value='48858'/>
	<gameDuration value='3053'/>

	<player>
		<unitScore value='22925'/>
		<killScore value='33550'/>
		<buildingScore value='3575'/>
		<razingScore value='900'/>
		<mineralScore value='31446'/>
		<gasScore value='4000'/>
		<totalScore value='96396'/>
	</player>

	<enemy>
		<race value='Protoss'/>
		<unitScore value='34175'/>
		<unitScore value='34175'/>
		<killScore value='45600'/>
		<buildingScore value='6525'/>
		<razingScore value='10725'/>
		<mineralScore value='30850'/>
		<gasScore value='11030'/>
		<totalScore value='138905'/>
	</enemy>

	<scoreRatio value='0.693971'/>
	<timeFitness value='0.424028'/>
	<unitsAverage value='67'/>
</results>
