<results>
	<result value='draw'/>
	<start value='2015-05-04.01:37:28'/>
	<end value='2015-05-04.01:38:51'/>
	<frames value='57601'/>
	<gameDuration value='3600'/>

	<player>
		<unitScore value='33175'/>
		<killScore value='53870'/>
		<buildingScore value='3450'/>
		<razingScore value='6825'/>
		<mineralScore value='34162'/>
		<gasScore value='7966'/>
		<totalScore value='139448'/>
	</player>

	<enemy>
		<race value='Protoss'/>
		<unitScore value='32505'/>
		<unitScore value='32505'/>
		<killScore value='52050'/>
		<buildingScore value='6875'/>
		<razingScore value='300'/>
		<mineralScore value='28566'/>
		<gasScore value='10588'/>
		<totalScore value='130884'/>
	</enemy>

	<scoreRatio value='1.06543'/>
	<timeFitness value='0.5'/>
	<unitsAverage value='138'/>
</results>
