<results>
	<result value='loss'/>
	<start value='2015-05-10.12:18:54'/>
	<end value='2015-05-10.12:19:11'/>
	<frames value='28429'/>
	<gameDuration value='1776'/>

	<player>
		<unitScore value='4425'/>
		<killScore value='5600'/>
		<buildingScore value='2125'/>
		<razingScore value='0'/>
		<mineralScore value='6658'/>
		<gasScore value='840'/>
		<totalScore value='19648'/>
	</player>

	<enemy>
		<race value='Protoss'/>
		<unitScore value='13900'/>
		<unitScore value='13900'/>
		<killScore value='8850'/>
		<buildingScore value='6575'/>
		<razingScore value='6375'/>
		<mineralScore value='18422'/>
		<gasScore value='6144'/>
		<totalScore value='60266'/>
	</enemy>

	<scoreRatio value='0.326021'/>
	<timeFitness value='0.246667'/>
	<unitsAverage value='25'/>
</results>
