<results>
	<result value='loss'/>
	<start value='2015-05-04.01:40:18'/>
	<end value='2015-05-04.01:40:58'/>
	<frames value='48207'/>
	<gameDuration value='3012'/>

	<player>
		<unitScore value='20750'/>
		<killScore value='39250'/>
		<buildingScore value='2375'/>
		<razingScore value='0'/>
		<mineralScore value='23738'/>
		<gasScore value='4296'/>
		<totalScore value='90409'/>
	</player>

	<enemy>
		<race value='Protoss'/>
		<unitScore value='39025'/>
		<unitScore value='39025'/>
		<killScore value='41700'/>
		<buildingScore value='7425'/>
		<razingScore value='7125'/>
		<mineralScore value='33698'/>
		<gasScore value='14280'/>
		<totalScore value='143253'/>
	</enemy>

	<scoreRatio value='0.631114'/>
	<timeFitness value='0.418333'/>
	<unitsAverage value='63'/>
</results>
