<results>
	<result value='loss'/>
	<start value='2015-05-04.01:43:22'/>
	<end value='2015-05-04.01:43:26'/>
	<frames value='10511'/>
	<gameDuration value='656'/>

	<player>
		<unitScore value='450'/>
		<killScore value='0'/>
		<buildingScore value='525'/>
		<razingScore value='0'/>
		<mineralScore value='3074'/>
		<gasScore value='0'/>
		<totalScore value='4049'/>
	</player>

	<enemy>
		<race value='Protoss'/>
		<unitScore value='2750'/>
		<unitScore value='2750'/>
		<killScore value='800'/>
		<buildingScore value='1275'/>
		<razingScore value='1575'/>
		<mineralScore value='5114'/>
		<gasScore value='680'/>
		<totalScore value='12194'/>
	</enemy>

	<scoreRatio value='0.332049'/>
	<timeFitness value='0.0911111'/>
	<unitsAverage value='9'/>
</results>
