<results>
	<result value='win'/>
	<start value='2015-04-28.09:36:31'/>
	<end value='2015-04-28.09:37:06'/>
	<frames value='24461'/>
	<gameDuration value='1528'/>

	<player>
		<unitScore value='15975'/>
		<killScore value='19300'/>
		<buildingScore value='4150'/>
		<razingScore value='4350'/>
		<mineralScore value='25330'/>
		<gasScore value='2560'/>
		<totalScore value='71665'/>
	</player>

	<enemy>
		<race value='Terran'/>
		<unitScore value='9650'/>
		<unitScore value='9650'/>
		<killScore value='10900'/>
		<buildingScore value='1450'/>
		<razingScore value='0'/>
		<mineralScore value='11698'/>
		<gasScore value='3112'/>
		<totalScore value='36810'/>
	</enemy>

	<scoreRatio value='1.94689'/>
</results>
