<results>
	<result value='loss'/>
	<start value='2015-04-28.09:45:16'/>
	<end value='2015-04-28.09:45:28'/>
	<frames value='17052'/>
	<gameDuration value='1065'/>

	<player>
		<unitScore value='3650'/>
		<killScore value='700'/>
		<buildingScore value='1900'/>
		<razingScore value='0'/>
		<mineralScore value='5594'/>
		<gasScore value='792'/>
		<totalScore value='12636'/>
	</player>

	<enemy>
		<race value='Terran'/>
		<unitScore value='5350'/>
		<unitScore value='5350'/>
		<killScore value='7300'/>
		<buildingScore value='1800'/>
		<razingScore value='5700'/>
		<mineralScore value='7882'/>
		<gasScore value='2664'/>
		<totalScore value='30696'/>
	</enemy>

	<scoreRatio value='0.41165'/>
</results>
