<results>
	<result value='loss'/>
	<start value='2015-04-17.05:28:19'/>
	<end value='2015-04-17.05:29:33'/>
	<frames value='46874'/>
	<gameDuration value='2929'/>

	<player>
		<unitScore value='22775'/>
		<killScore value='28750'/>
		<buildingScore value='2175'/>
		<razingScore value='3000'/>
		<mineralScore value='23942'/>
		<gasScore value='3112'/>
		<totalScore value='83754'/>
	</player>

	<enemy>
		<race value='Protoss'/>
		<unitScore value='33925'/>
		<unitScore value='33925'/>
		<killScore value='45550'/>
		<buildingScore value='8475'/>
		<razingScore value='6525'/>
		<mineralScore value='32994'/>
		<gasScore value='11036'/>
		<totalScore value='138505'/>
	</enemy>

	<scoreRatio value='0.6047'/>
</results>
