<results>
	<result value='loss'/>
	<start value='2015-04-08.20:33:00'/>
	<end value='2015-04-08.20:33:06'/>
	<frames value='14138'/>
	<gameDuration value='883'/>

	<player>
		<unitScore value='2900'/>
		<killScore value='400'/>
		<buildingScore value='1525'/>
		<razingScore value='0'/>
		<mineralScore value='4458'/>
		<gasScore value='760'/>
		<totalScore value='10043'/>
	</player>

	<enemy>
		<race value='Protoss'/>
		<unitScore value='3550'/>
		<unitScore value='3550'/>
		<killScore value='5700'/>
		<buildingScore value='2375'/>
		<razingScore value='4575'/>
		<mineralScore value='7330'/>
		<gasScore value='1240'/>
		<totalScore value='24770'/>
	</enemy>

	<scoreRatio value='0.40545'/>
</results>
