<results>
	<result value='win'/>
	<start value='2015-04-08.20:38:40'/>
	<end value='2015-04-08.20:39:17'/>
	<frames value='40271'/>
	<gameDuration value='2516'/>

	<player>
		<unitScore value='20725'/>
		<killScore value='27000'/>
		<buildingScore value='2800'/>
		<razingScore value='32925'/>
		<mineralScore value='23182'/>
		<gasScore value='2960'/>
		<totalScore value='109592'/>
	</player>

	<enemy>
		<race value='Protoss'/>
		<unitScore value='14200'/>
		<unitScore value='14200'/>
		<killScore value='26000'/>
		<buildingScore value='10975'/>
		<razingScore value='1650'/>
		<mineralScore value='23042'/>
		<gasScore value='6512'/>
		<totalScore value='82379'/>
	</enemy>

	<scoreRatio value='1.33034'/>
</results>
