<results>
	<result value='loss'/>
	<start value='2015-05-08.15:29:21'/>
	<end value='2015-05-08.15:29:25'/>
	<frames value='9551'/>
	<gameDuration value='596'/>

	<player>
		<unitScore value='200'/>
		<killScore value='0'/>
		<buildingScore value='500'/>
		<razingScore value='0'/>
		<mineralScore value='1018'/>
		<gasScore value='456'/>
		<totalScore value='2174'/>
	</player>

	<enemy>
		<race value='Terran'/>
		<unitScore value='2375'/>
		<unitScore value='2375'/>
		<killScore value='0'/>
		<buildingScore value='1200'/>
		<razingScore value='0'/>
		<mineralScore value='3970'/>
		<gasScore value='936'/>
		<totalScore value='8481'/>
	</enemy>

	<scoreRatio value='0.256338'/>
	<timeFitness value='0.0827778'/>
	<unitsAverage value='6'/>
</results>
