<results>
	<result value='loss'/>
	<start value='2015-05-04.18:06:15'/>
	<end value='2015-05-04.18:06:27'/>
	<frames value='17393'/>
	<gameDuration value='1087'/>

	<player>
		<unitScore value='4150'/>
		<killScore value='600'/>
		<buildingScore value='1600'/>
		<razingScore value='0'/>
		<mineralScore value='5762'/>
		<gasScore value='752'/>
		<totalScore value='12864'/>
	</player>

	<enemy>
		<race value='Terran'/>
		<unitScore value='6350'/>
		<unitScore value='6350'/>
		<killScore value='8300'/>
		<buildingScore value='2350'/>
		<razingScore value='4800'/>
		<mineralScore value='8138'/>
		<gasScore value='2376'/>
		<totalScore value='32314'/>
	</enemy>

	<scoreRatio value='0.398094'/>
	<timeFitness value='0.150972'/>
	<unitsAverage value='26'/>
</results>
