<results>
	<result value='win'/>
	<start value='2015-05-04.18:15:25'/>
	<end value='2015-05-04.18:16:03'/>
	<frames value='35900'/>
	<gameDuration value='2243'/>

	<player>
		<unitScore value='16025'/>
		<killScore value='23250'/>
		<buildingScore value='3175'/>
		<razingScore value='9675'/>
		<mineralScore value='19266'/>
		<gasScore value='2960'/>
		<totalScore value='74351'/>
	</player>

	<enemy>
		<race value='Terran'/>
		<unitScore value='12325'/>
		<unitScore value='12325'/>
		<killScore value='17550'/>
		<buildingScore value='3325'/>
		<razingScore value='1800'/>
		<mineralScore value='12098'/>
		<gasScore value='5192'/>
		<totalScore value='52290'/>
	</enemy>

	<scoreRatio value='1.4219'/>
	<timeFitness value='0.688472'/>
	<unitsAverage value='66'/>
</results>
