<results>
	<result value='draw'/>
	<start value='2015-05-04.18:16:06'/>
	<end value='2015-05-04.18:17:44'/>
	<frames value='57601'/>
	<gameDuration value='3600'/>

	<player>
		<unitScore value='30700'/>
		<killScore value='39600'/>
		<buildingScore value='3900'/>
		<razingScore value='1950'/>
		<mineralScore value='34166'/>
		<gasScore value='7510'/>
		<totalScore value='117826'/>
	</player>

	<enemy>
		<race value='Terran'/>
		<unitScore value='29850'/>
		<unitScore value='29850'/>
		<killScore value='47300'/>
		<buildingScore value='4250'/>
		<razingScore value='2250'/>
		<mineralScore value='19550'/>
		<gasScore value='12362'/>
		<totalScore value='115562'/>
	</enemy>

	<scoreRatio value='1.01959'/>
	<timeFitness value='0.5'/>
	<unitsAverage value='120'/>
</results>
