<results>
	<result value='win'/>
	<start value='2015-05-04.18:19:08'/>
	<end value='2015-05-04.18:19:38'/>
	<frames value='30196'/>
	<gameDuration value='1887'/>

	<player>
		<unitScore value='13875'/>
		<killScore value='25750'/>
		<buildingScore value='2725'/>
		<razingScore value='10350'/>
		<mineralScore value='16770'/>
		<gasScore value='3360'/>
		<totalScore value='72830'/>
	</player>

	<enemy>
		<race value='Terran'/>
		<unitScore value='13675'/>
		<unitScore value='13675'/>
		<killScore value='14250'/>
		<buildingScore value='3450'/>
		<razingScore value='2100'/>
		<mineralScore value='12186'/>
		<gasScore value='5296'/>
		<totalScore value='50957'/>
	</enemy>

	<scoreRatio value='1.42924'/>
	<timeFitness value='0.737917'/>
	<unitsAverage value='59'/>
</results>
