<results>
	<result value='loss'/>
	<start value='2015-05-01.06:01:35'/>
	<end value='2015-05-01.06:01:44'/>
	<frames value='14293'/>
	<gameDuration value='893'/>

	<player>
		<unitScore value='3100'/>
		<killScore value='1000'/>
		<buildingScore value='1450'/>
		<razingScore value='0'/>
		<mineralScore value='4514'/>
		<gasScore value='736'/>
		<totalScore value='10800'/>
	</player>

	<enemy>
		<race value='Protoss'/>
		<unitScore value='3300'/>
		<unitScore value='3300'/>
		<killScore value='6200'/>
		<buildingScore value='2125'/>
		<razingScore value='4350'/>
		<mineralScore value='7130'/>
		<gasScore value='1112'/>
		<totalScore value='24217'/>
	</enemy>

	<scoreRatio value='0.445968'/>
</results>
