<results>
	<result value='loss'/>
	<start value='2015-05-01.06:13:39'/>
	<end value='2015-05-01.06:14:00'/>
	<frames value='28801'/>
	<gameDuration value='1800'/>

	<player>
		<unitScore value='7275'/>
		<killScore value='7300'/>
		<buildingScore value='2075'/>
		<razingScore value='0'/>
		<mineralScore value='9786'/>
		<gasScore value='696'/>
		<totalScore value='27132'/>
	</player>

	<enemy>
		<race value='Protoss'/>
		<unitScore value='12700'/>
		<unitScore value='12700'/>
		<killScore value='14550'/>
		<buildingScore value='6925'/>
		<razingScore value='6225'/>
		<mineralScore value='17826'/>
		<gasScore value='6424'/>
		<totalScore value='64650'/>
	</enemy>

	<scoreRatio value='0.419675'/>
</results>
