<results>
	<result value='loss'/>
	<start value='2015-07-19.08:41:16'/>
	<end value='2015-07-19.08:42:12'/>
	<frames value='34288'/>
	<gameDuration value='2143'/>

	<player>
		<unitScore value='19375'/>
		<killScore value='15875'/>
		<buildingScore value='3600'/>
		<razingScore value='0'/>
		<mineralScore value='24702'/>
		<gasScore value='3440'/>
		<totalScore value='66992'/>
	</player>

	<enemy>
		<race value='Zerg'/>
		<unitScore value='19450'/>
		<killScore value='38750'/>
		<buildingScore value='4960'/>
		<razingScore value='10800'/>
		<mineralScore value='20762'/>
		<gasScore value='7342'/>
		<totalScore value='102064'/>
	</enemy>

	<scoreRatio value='0.656372'/>
	<timeFitness value='0.297639'/>
	<unitsAverage value='79'/>
</results>
