<results>
	<result value='win'/>
	<start value='2015-04-13.03:30:29'/>
	<end value='2015-04-13.03:33:00'/>
	<frames value='57259'/>
	<gameDuration value='3578'/>

	<player>
		<unitScore value='31475'/>
		<killScore value='57700'/>
		<buildingScore value='4375'/>
		<razingScore value='20250'/>
		<mineralScore value='35274'/>
		<gasScore value='7568'/>
		<totalScore value='156642'/>
	</player>

	<enemy>
		<race value='Protoss'/>
		<unitScore value='31350'/>
		<unitScore value='31350'/>
		<killScore value='48100'/>
		<buildingScore value='6750'/>
		<razingScore value='1875'/>
		<mineralScore value='27714'/>
		<gasScore value='10022'/>
		<totalScore value='125811'/>
	</enemy>

	<scoreRatio value='1.24506'/>
</results>
