<results>
	<result value='loss'/>
	<start value='2014-07-01.02:41:10'/>
	<end value='2014-07-01.02:41:18'/>
	<frames value='20028'/>
	<gameDuration value='1251'/>

	<player>
		<unitScore value='3600'/>
		<killScore value='2000'/>
		<buildingScore value='1600'/>
		<razingScore value='0'/>
		<mineralScore value='5210'/>
		<gasScore value='496'/>
		<totalScore value='12906'/>
	</player>

	<enemy>
		<race value='Protoss'/>
		<unitScore value='4600'/>
		<unitScore value='4600'/>
		<killScore value='7200'/>
		<buildingScore value='5375'/>
		<razingScore value='4800'/>
		<mineralScore value='11330'/>
		<gasScore value='2552'/>
		<totalScore value='35857'/>
	</enemy>

	<scoreRatio value='0.35993'/>
</results>
