<results>
	<result value='loss'/>
	<start value='2014-07-01.02:44:40'/>
	<end value='2014-07-01.02:44:49'/>
	<frames value='20152'/>
	<gameDuration value='1259'/>

	<player>
		<unitScore value='4050'/>
		<killScore value='2000'/>
		<buildingScore value='1650'/>
		<razingScore value='0'/>
		<mineralScore value='5930'/>
		<gasScore value='408'/>
		<totalScore value='14038'/>
	</player>

	<enemy>
		<race value='Protoss'/>
		<unitScore value='4650'/>
		<unitScore value='4650'/>
		<killScore value='8100'/>
		<buildingScore value='5125'/>
		<razingScore value='4950'/>
		<mineralScore value='11354'/>
		<gasScore value='2144'/>
		<totalScore value='36323'/>
	</enemy>

	<scoreRatio value='0.386477'/>
</results>
