<results>
	<result value='win'/>
	<start value='2014-07-01.02:45:09'/>
	<end value='2014-07-01.02:45:29'/>
	<frames value='25608'/>
	<gameDuration value='1600'/>

	<player>
		<unitScore value='13625'/>
		<killScore value='11000'/>
		<buildingScore value='3575'/>
		<razingScore value='13875'/>
		<mineralScore value='17998'/>
		<gasScore value='2440'/>
		<totalScore value='62513'/>
	</player>

	<enemy>
		<race value='Protoss'/>
		<unitScore value='5550'/>
		<unitScore value='5550'/>
		<killScore value='7950'/>
		<buildingScore value='4625'/>
		<razingScore value='0'/>
		<mineralScore value='12866'/>
		<gasScore value='3112'/>
		<totalScore value='34103'/>
	</enemy>

	<scoreRatio value='1.83306'/>
</results>
