<results>
	<result value='win'/>
	<start value='2015-04-28.04:14:35'/>
	<end value='2015-04-28.04:15:10'/>
	<frames value='25856'/>
	<gameDuration value='1616'/>

	<player>
		<unitScore value='18000'/>
		<killScore value='22295'/>
		<buildingScore value='3775'/>
		<razingScore value='5460'/>
		<mineralScore value='22018'/>
		<gasScore value='2960'/>
		<totalScore value='74508'/>
	</player>

	<enemy>
		<race value='Zerg'/>
		<unitScore value='10225'/>
		<unitScore value='10225'/>
		<killScore value='17600'/>
		<buildingScore value='1820'/>
		<razingScore value='0'/>
		<mineralScore value='10082'/>
		<gasScore value='2984'/>
		<totalScore value='42711'/>
	</enemy>

	<scoreRatio value='1.74447'/>
</results>
