<results>
	<result value='win'/>
	<start value='2015-04-28.04:16:58'/>
	<end value='2015-04-28.04:17:35'/>
	<frames value='26910'/>
	<gameDuration value='1681'/>

	<player>
		<unitScore value='16850'/>
		<killScore value='24700'/>
		<buildingScore value='2925'/>
		<razingScore value='6015'/>
		<mineralScore value='20522'/>
		<gasScore value='2368'/>
		<totalScore value='73380'/>
	</player>

	<enemy>
		<race value='Zerg'/>
		<unitScore value='11200'/>
		<unitScore value='11200'/>
		<killScore value='19250'/>
		<buildingScore value='2005'/>
		<razingScore value='150'/>
		<mineralScore value='11530'/>
		<gasScore value='3896'/>
		<totalScore value='48031'/>
	</enemy>

	<scoreRatio value='1.52776'/>
</results>
