<results>
	<result value='win'/>
	<start value='2015-05-07.14:58:13'/>
	<end value='2015-05-07.14:58:39'/>
	<frames value='32738'/>
	<gameDuration value='2046'/>

	<player>
		<unitScore value='14625'/>
		<killScore value='27050'/>
		<buildingScore value='3775'/>
		<razingScore value='10125'/>
		<mineralScore value='26690'/>
		<gasScore value='2072'/>
		<totalScore value='84337'/>
	</player>

	<enemy>
		<race value='Terran'/>
		<unitScore value='16225'/>
		<unitScore value='16225'/>
		<killScore value='10650'/>
		<buildingScore value='3450'/>
		<razingScore value='1650'/>
		<mineralScore value='14274'/>
		<gasScore value='6928'/>
		<totalScore value='53177'/>
	</enemy>

	<scoreRatio value='1.58597'/>
	<timeFitness value='0.715833'/>
	<unitsAverage value='86'/>
</results>
