<results>
	<result value='loss'/>
	<start value='2015-05-07.15:05:19'/>
	<end value='2015-05-07.15:05:28'/>
	<frames value='19005'/>
	<gameDuration value='1187'/>

	<player>
		<unitScore value='3700'/>
		<killScore value='4550'/>
		<buildingScore value='1950'/>
		<razingScore value='0'/>
		<mineralScore value='5778'/>
		<gasScore value='792'/>
		<totalScore value='16770'/>
	</player>

	<enemy>
		<race value='Terran'/>
		<unitScore value='7325'/>
		<unitScore value='7325'/>
		<killScore value='6500'/>
		<buildingScore value='2850'/>
		<razingScore value='5850'/>
		<mineralScore value='8866'/>
		<gasScore value='3144'/>
		<totalScore value='34535'/>
	</enemy>

	<scoreRatio value='0.485594'/>
	<timeFitness value='0.164861'/>
	<unitsAverage value='29'/>
</results>
