<results>
	<result value='win'/>
	<start value='2015-05-05.23:25:37'/>
	<end value='2015-05-05.23:26:08'/>
	<frames value='28553'/>
	<gameDuration value='1784'/>

	<player>
		<unitScore value='16325'/>
		<killScore value='24610'/>
		<buildingScore value='4025'/>
		<razingScore value='5400'/>
		<mineralScore value='24234'/>
		<gasScore value='1880'/>
		<totalScore value='76474'/>
	</player>

	<enemy>
		<race value='Zerg'/>
		<unitScore value='12350'/>
		<unitScore value='12350'/>
		<killScore value='12800'/>
		<buildingScore value='1800'/>
		<razingScore value='0'/>
		<mineralScore value='10830'/>
		<gasScore value='3672'/>
		<totalScore value='41452'/>
	</enemy>

	<scoreRatio value='1.84488'/>
	<timeFitness value='0.752222'/>
	<unitsAverage value='80'/>
</results>
