<results>
	<result value='win'/>
	<start value='2015-05-05.23:26:12'/>
	<end value='2015-05-05.23:27:01'/>
	<frames value='30537'/>
	<gameDuration value='1908'/>

	<player>
		<unitScore value='21825'/>
		<killScore value='44180'/>
		<buildingScore value='4150'/>
		<razingScore value='5040'/>
		<mineralScore value='31306'/>
		<gasScore value='2760'/>
		<totalScore value='109261'/>
	</player>

	<enemy>
		<race value='Zerg'/>
		<unitScore value='18500'/>
		<unitScore value='18500'/>
		<killScore value='21050'/>
		<buildingScore value='1680'/>
		<razingScore value='0'/>
		<mineralScore value='14910'/>
		<gasScore value='4168'/>
		<totalScore value='60308'/>
	</enemy>

	<scoreRatio value='1.81172'/>
	<timeFitness value='0.735'/>
	<unitsAverage value='115'/>
</results>
