<results>
	<result value='loss'/>
	<start value='2015-05-11.22:12:42'/>
	<end value='2015-05-11.22:12:51'/>
	<frames value='16990'/>
	<gameDuration value='1061'/>

	<player>
		<unitScore value='4350'/>
		<killScore value='1100'/>
		<buildingScore value='1600'/>
		<razingScore value='0'/>
		<mineralScore value='5994'/>
		<gasScore value='896'/>
		<totalScore value='13940'/>
	</player>

	<enemy>
		<race value='Protoss'/>
		<unitScore value='4625'/>
		<unitScore value='4625'/>
		<killScore value='8700'/>
		<buildingScore value='3325'/>
		<razingScore value='4800'/>
		<mineralScore value='8586'/>
		<gasScore value='2312'/>
		<totalScore value='32348'/>
	</enemy>

	<scoreRatio value='0.430939'/>
	<timeFitness value='0.147361'/>
	<unitsAverage value='30'/>
</results>
