<results>
	<result value='loss'/>
	<start value='2015-05-03.03:58:40'/>
	<end value='2015-05-03.03:59:03'/>
	<frames value='42162'/>
	<gameDuration value='2635'/>

	<player>
		<unitScore value='19800'/>
		<killScore value='25200'/>
		<buildingScore value='2750'/>
		<razingScore value='300'/>
		<mineralScore value='21450'/>
		<gasScore value='2576'/>
		<totalScore value='72076'/>
	</player>

	<enemy>
		<race value='Protoss'/>
		<unitScore value='31700'/>
		<unitScore value='31700'/>
		<killScore value='39600'/>
		<buildingScore value='7175'/>
		<razingScore value='8250'/>
		<mineralScore value='30222'/>
		<gasScore value='11180'/>
		<totalScore value='128127'/>
	</enemy>

	<scoreRatio value='0.562536'/>
	<timeFitness value='0.365972'/>
	<unitsAverage value='49'/>
</results>
