<results>
	<result value='draw'/>
	<start value='2015-05-11.22:22:05'/>
	<end value='2015-05-11.22:23:12'/>
	<frames value='57601'/>
	<gameDuration value='3600'/>

	<player>
		<unitScore value='29775'/>
		<killScore value='56350'/>
		<buildingScore value='3025'/>
		<razingScore value='750'/>
		<mineralScore value='31438'/>
		<gasScore value='8650'/>
		<totalScore value='129988'/>
	</player>

	<enemy>
		<race value='Protoss'/>
		<unitScore value='38375'/>
		<unitScore value='38375'/>
		<killScore value='54850'/>
		<buildingScore value='6275'/>
		<razingScore value='2550'/>
		<mineralScore value='31498'/>
		<gasScore value='11664'/>
		<totalScore value='145212'/>
	</enemy>

	<scoreRatio value='0.89516'/>
	<timeFitness value='0.5'/>
	<unitsAverage value='99'/>
</results>
