<results>
	<result value='win'/>
	<start value='2015-05-10.23:20:22'/>
	<end value='2015-05-10.23:20:48'/>
	<frames value='24027'/>
	<gameDuration value='1501'/>

	<player>
		<unitScore value='16050'/>
		<killScore value='17880'/>
		<buildingScore value='3975'/>
		<razingScore value='4635'/>
		<mineralScore value='24714'/>
		<gasScore value='1288'/>
		<totalScore value='68542'/>
	</player>

	<enemy>
		<race value='Zerg'/>
		<unitScore value='9775'/>
		<unitScore value='9775'/>
		<killScore value='13900'/>
		<buildingScore value='1545'/>
		<razingScore value='0'/>
		<mineralScore value='8570'/>
		<gasScore value='2624'/>
		<totalScore value='36414'/>
	</enemy>

	<scoreRatio value='1.8823'/>
	<timeFitness value='0.791528'/>
	<unitsAverage value='90'/>
</results>
