<results>
	<result value='loss'/>
	<start value='2015-05-03.13:19:02'/>
	<end value='2015-05-03.13:19:11'/>
	<frames value='15068'/>
	<gameDuration value='941'/>

	<player>
		<unitScore value='3625'/>
		<killScore value='800'/>
		<buildingScore value='1525'/>
		<razingScore value='0'/>
		<mineralScore value='4658'/>
		<gasScore value='408'/>
		<totalScore value='11016'/>
	</player>

	<enemy>
		<race value='Protoss'/>
		<unitScore value='3550'/>
		<unitScore value='3550'/>
		<killScore value='4900'/>
		<buildingScore value='2675'/>
		<razingScore value='4575'/>
		<mineralScore value='7722'/>
		<gasScore value='1192'/>
		<totalScore value='24614'/>
	</enemy>

	<scoreRatio value='0.44755'/>
	<timeFitness value='0.130694'/>
	<unitsAverage value='26'/>
</results>
