<results>
	<result value='win'/>
	<start value='2015-04-29.13:38:30'/>
	<end value='2015-04-29.13:39:08'/>
	<frames value='24399'/>
	<gameDuration value='1524'/>

	<player>
		<unitScore value='14825'/>
		<killScore value='20470'/>
		<buildingScore value='3675'/>
		<razingScore value='5775'/>
		<mineralScore value='22226'/>
		<gasScore value='1928'/>
		<totalScore value='68899'/>
	</player>

	<enemy>
		<race value='Zerg'/>
		<unitScore value='9975'/>
		<unitScore value='9975'/>
		<killScore value='10950'/>
		<buildingScore value='1925'/>
		<razingScore value='0'/>
		<mineralScore value='9314'/>
		<gasScore value='2896'/>
		<totalScore value='35060'/>
	</enemy>

	<scoreRatio value='1.96517'/>
	<timeFitness value='0.788333'/>
	<unitsAverage value='89'/>
</results>
