<results>
	<result value='win'/>
	<start value='2015-05-11.01:20:06'/>
	<end value='2015-05-11.01:20:38'/>
	<frames value='26228'/>
	<gameDuration value='1639'/>

	<player>
		<unitScore value='19325'/>
		<killScore value='28020'/>
		<buildingScore value='3925'/>
		<razingScore value='5115'/>
		<mineralScore value='28006'/>
		<gasScore value='1648'/>
		<totalScore value='86039'/>
	</player>

	<enemy>
		<race value='Zerg'/>
		<unitScore value='13400'/>
		<unitScore value='13400'/>
		<killScore value='15050'/>
		<buildingScore value='1705'/>
		<razingScore value='0'/>
		<mineralScore value='12262'/>
		<gasScore value='4608'/>
		<totalScore value='47025'/>
	</enemy>

	<scoreRatio value='1.82964'/>
	<timeFitness value='0.772361'/>
	<unitsAverage value='104'/>
</results>
