<results>
	<result value='win'/>
	<start value='2015-05-11.01:23:35'/>
	<end value='2015-05-11.01:24:08'/>
	<frames value='26662'/>
	<gameDuration value='1666'/>

	<player>
		<unitScore value='21525'/>
		<killScore value='30130'/>
		<buildingScore value='4000'/>
		<razingScore value='6015'/>
		<mineralScore value='26494'/>
		<gasScore value='1704'/>
		<totalScore value='89868'/>
	</player>

	<enemy>
		<race value='Zerg'/>
		<unitScore value='13000'/>
		<unitScore value='13000'/>
		<killScore value='20300'/>
		<buildingScore value='2005'/>
		<razingScore value='150'/>
		<mineralScore value='12166'/>
		<gasScore value='3800'/>
		<totalScore value='51421'/>
	</enemy>

	<scoreRatio value='1.74769'/>
	<timeFitness value='0.768611'/>
	<unitsAverage value='102'/>
</results>
