<results>
	<result value='win'/>
	<start value='2015-05-11.01:24:36'/>
	<end value='2015-05-11.01:25:11'/>
	<frames value='32304'/>
	<gameDuration value='2019'/>

	<player>
		<unitScore value='18150'/>
		<killScore value='28540'/>
		<buildingScore value='4225'/>
		<razingScore value='6900'/>
		<mineralScore value='34322'/>
		<gasScore value='2480'/>
		<totalScore value='94617'/>
	</player>

	<enemy>
		<race value='Zerg'/>
		<unitScore value='13200'/>
		<unitScore value='13200'/>
		<killScore value='16050'/>
		<buildingScore value='2300'/>
		<razingScore value='1725'/>
		<mineralScore value='13394'/>
		<gasScore value='4072'/>
		<totalScore value='50741'/>
	</enemy>

	<scoreRatio value='1.86471'/>
	<timeFitness value='0.719583'/>
	<unitsAverage value='97'/>
</results>
