<results>
	<result value='win'/>
	<start value='2015-04-30.07:18:18'/>
	<end value='2015-04-30.07:18:50'/>
	<frames value='28274'/>
	<gameDuration value='1767'/>

	<player>
		<unitScore value='15625'/>
		<killScore value='25050'/>
		<buildingScore value='3750'/>
		<razingScore value='10650'/>
		<mineralScore value='21642'/>
		<gasScore value='3072'/>
		<totalScore value='79789'/>
	</player>

	<enemy>
		<race value='Terran'/>
		<unitScore value='12525'/>
		<unitScore value='12525'/>
		<killScore value='12350'/>
		<buildingScore value='3725'/>
		<razingScore value='150'/>
		<mineralScore value='11710'/>
		<gasScore value='5296'/>
		<totalScore value='45756'/>
	</enemy>

	<scoreRatio value='1.74379'/>
	<timeFitness value='0.754583'/>
	<unitsAverage value='88'/>
</results>
