<results>
	<result value='win'/>
	<start value='2015-04-30.07:23:25'/>
	<end value='2015-04-30.07:23:44'/>
	<frames value='21361'/>
	<gameDuration value='1335'/>

	<player>
		<unitScore value='9200'/>
		<killScore value='17300'/>
		<buildingScore value='3475'/>
		<razingScore value='6375'/>
		<mineralScore value='15310'/>
		<gasScore value='1976'/>
		<totalScore value='53636'/>
	</player>

	<enemy>
		<race value='Terran'/>
		<unitScore value='9450'/>
		<unitScore value='9450'/>
		<killScore value='4900'/>
		<buildingScore value='2125'/>
		<razingScore value='0'/>
		<mineralScore value='8602'/>
		<gasScore value='2736'/>
		<totalScore value='27813'/>
	</enemy>

	<scoreRatio value='1.92845'/>
	<timeFitness value='0.814583'/>
	<unitsAverage value='63'/>
</results>
