<results>
	<result value='loss'/>
	<start value='2015-04-27.15:46:28'/>
	<end value='2015-04-27.15:46:40'/>
	<frames value='18137'/>
	<gameDuration value='1133'/>

	<player>
		<unitScore value='3975'/>
		<killScore value='1050'/>
		<buildingScore value='1975'/>
		<razingScore value='0'/>
		<mineralScore value='6010'/>
		<gasScore value='856'/>
		<totalScore value='13866'/>
	</player>

	<enemy>
		<race value='Terran'/>
		<unitScore value='6800'/>
		<unitScore value='6800'/>
		<killScore value='7950'/>
		<buildingScore value='2850'/>
		<razingScore value='5925'/>
		<mineralScore value='8162'/>
		<gasScore value='2936'/>
		<totalScore value='34623'/>
	</enemy>

	<scoreRatio value='0.400485'/>
</results>
