<results>
	<result value='loss'/>
	<start value='2015-04-27.15:50:48'/>
	<end value='2015-04-27.15:50:57'/>
	<frames value='16556'/>
	<gameDuration value='1034'/>

	<player>
		<unitScore value='3550'/>
		<killScore value='600'/>
		<buildingScore value='1950'/>
		<razingScore value='0'/>
		<mineralScore value='5354'/>
		<gasScore value='872'/>
		<totalScore value='12326'/>
	</player>

	<enemy>
		<race value='Terran'/>
		<unitScore value='5350'/>
		<unitScore value='5350'/>
		<killScore value='7100'/>
		<buildingScore value='2175'/>
		<razingScore value='5850'/>
		<mineralScore value='7634'/>
		<gasScore value='2336'/>
		<totalScore value='30445'/>
	</enemy>

	<scoreRatio value='0.404861'/>
</results>
