<results>
	<result value='win'/>
	<start value='2015-04-27.15:53:06'/>
	<end value='2015-04-27.15:53:22'/>
	<frames value='20307'/>
	<gameDuration value='1269'/>

	<player>
		<unitScore value='9350'/>
		<killScore value='12500'/>
		<buildingScore value='3100'/>
		<razingScore value='4125'/>
		<mineralScore value='14242'/>
		<gasScore value='1616'/>
		<totalScore value='44933'/>
	</player>

	<enemy>
		<race value='Terran'/>
		<unitScore value='6250'/>
		<unitScore value='6250'/>
		<killScore value='5900'/>
		<buildingScore value='1450'/>
		<razingScore value='150'/>
		<mineralScore value='7938'/>
		<gasScore value='2160'/>
		<totalScore value='23848'/>
	</enemy>

	<scoreRatio value='1.88414'/>
</results>
