<results>
	<result value='win'/>
	<start value='2015-04-27.15:53:26'/>
	<end value='2015-04-27.15:53:53'/>
	<frames value='28925'/>
	<gameDuration value='1807'/>

	<player>
		<unitScore value='12125'/>
		<killScore value='23050'/>
		<buildingScore value='3725'/>
		<razingScore value='10350'/>
		<mineralScore value='17842'/>
		<gasScore value='2960'/>
		<totalScore value='70052'/>
	</player>

	<enemy>
		<race value='Terran'/>
		<unitScore value='13125'/>
		<unitScore value='13125'/>
		<killScore value='10100'/>
		<buildingScore value='3450'/>
		<razingScore value='2100'/>
		<mineralScore value='13138'/>
		<gasScore value='5760'/>
		<totalScore value='47673'/>
	</enemy>

	<scoreRatio value='1.46943'/>
</results>
