<results>
	<result value='loss'/>
	<start value='2015-04-27.15:54:13'/>
	<end value='2015-04-27.15:54:23'/>
	<frames value='15998'/>
	<gameDuration value='999'/>

	<player>
		<unitScore value='4025'/>
		<killScore value='750'/>
		<buildingScore value='1525'/>
		<razingScore value='0'/>
		<mineralScore value='5394'/>
		<gasScore value='752'/>
		<totalScore value='12446'/>
	</player>

	<enemy>
		<race value='Terran'/>
		<unitScore value='5125'/>
		<unitScore value='5125'/>
		<killScore value='8050'/>
		<buildingScore value='1800'/>
		<razingScore value='4575'/>
		<mineralScore value='7282'/>
		<gasScore value='2472'/>
		<totalScore value='29304'/>
	</enemy>

	<scoreRatio value='0.42472'/>
</results>
