<results>
	<result value='draw'/>
	<start value='2015-07-18.11:50:53'/>
	<end value='2015-07-18.11:53:57'/>
	<frames value='57601'/>
	<gameDuration value='3600'/>

	<player>
		<unitScore value='37900'/>
		<killScore value='26400'/>
		<buildingScore value='3350'/>
		<razingScore value='0'/>
		<mineralScore value='32790'/>
		<gasScore value='5224'/>
		<totalScore value='105664'/>
	</player>

	<enemy>
		<race value='Protoss'/>
		<unitScore value='33675'/>
		<killScore value='59100'/>
		<buildingScore value='7125'/>
		<razingScore value='2775'/>
		<mineralScore value='30002'/>
		<gasScore value='15658'/>
		<totalScore value='148335'/>
	</enemy>

	<scoreRatio value='0.712334'/>
	<timeFitness value='0.5'/>
	<unitsAverage value='131'/>
</results>
