<results>
	<result value='loss'/>
	<start value='2015-04-30.02:02:42'/>
	<end value='2015-04-30.02:02:53'/>
	<frames value='18447'/>
	<gameDuration value='1152'/>

	<player>
		<unitScore value='3550'/>
		<killScore value='1100'/>
		<buildingScore value='2075'/>
		<razingScore value='0'/>
		<mineralScore value='6074'/>
		<gasScore value='672'/>
		<totalScore value='13471'/>
	</player>

	<enemy>
		<race value='Terran'/>
		<unitScore value='6825'/>
		<unitScore value='6825'/>
		<killScore value='7100'/>
		<buildingScore value='2700'/>
		<razingScore value='6225'/>
		<mineralScore value='8450'/>
		<gasScore value='3024'/>
		<totalScore value='34324'/>
	</enemy>

	<scoreRatio value='0.392466'/>
	<timeFitness value='0.16'/>
	<unitsAverage value='27'/>
</results>
