<results>
	<result value='win'/>
	<start value='2015-04-30.02:11:59'/>
	<end value='2015-04-30.02:13:04'/>
	<frames value='44177'/>
	<gameDuration value='2761'/>

	<player>
		<unitScore value='23325'/>
		<killScore value='29350'/>
		<buildingScore value='4600'/>
		<razingScore value='10425'/>
		<mineralScore value='41386'/>
		<gasScore value='5872'/>
		<totalScore value='114958'/>
	</player>

	<enemy>
		<race value='Terran'/>
		<unitScore value='14675'/>
		<unitScore value='14675'/>
		<killScore value='21400'/>
		<buildingScore value='3475'/>
		<razingScore value='1875'/>
		<mineralScore value='13426'/>
		<gasScore value='5794'/>
		<totalScore value='60645'/>
	</enemy>

	<scoreRatio value='1.89559'/>
	<timeFitness value='0.616528'/>
	<unitsAverage value='117'/>
</results>
