<results>
	<result value='win'/>
	<start value='2015-05-03.13:49:07'/>
	<end value='2015-05-03.13:50:45'/>
	<frames value='55988'/>
	<gameDuration value='3499'/>

	<player>
		<unitScore value='25525'/>
		<killScore value='32700'/>
		<buildingScore value='4700'/>
		<razingScore value='18675'/>
		<mineralScore value='40446'/>
		<gasScore value='4208'/>
		<totalScore value='126254'/>
	</player>

	<enemy>
		<race value='Protoss'/>
		<unitScore value='18175'/>
		<unitScore value='18175'/>
		<killScore value='23500'/>
		<buildingScore value='6225'/>
		<razingScore value='150'/>
		<mineralScore value='22074'/>
		<gasScore value='8192'/>
		<totalScore value='78316'/>
	</enemy>

	<scoreRatio value='1.61211'/>
	<timeFitness value='0.514028'/>
	<unitsAverage value='153'/>
</results>
