<results>
	<result value='loss'/>
	<start value='2015-05-09.18:53:39'/>
	<end value='2015-05-09.18:53:49'/>
	<frames value='16029'/>
	<gameDuration value='1001'/>

	<player>
		<unitScore value='3675'/>
		<killScore value='1200'/>
		<buildingScore value='1300'/>
		<razingScore value='0'/>
		<mineralScore value='4522'/>
		<gasScore value='736'/>
		<totalScore value='11433'/>
	</player>

	<enemy>
		<race value='Protoss'/>
		<unitScore value='3550'/>
		<unitScore value='3550'/>
		<killScore value='7350'/>
		<buildingScore value='3475'/>
		<razingScore value='3900'/>
		<mineralScore value='8178'/>
		<gasScore value='1488'/>
		<totalScore value='27941'/>
	</enemy>

	<scoreRatio value='0.409184'/>
	<timeFitness value='0.139028'/>
	<unitsAverage value='23'/>
</results>
