<results>
	<result value='win'/>
	<start value='2014-07-04.10:42:51'/>
	<end value='2014-07-04.10:43:16'/>
	<frames value='28305'/>
	<gameDuration value='1769'/>

	<player>
		<unitScore value='14950'/>
		<killScore value='16500'/>
		<buildingScore value='3825'/>
		<razingScore value='10875'/>
		<mineralScore value='21386'/>
		<gasScore value='2616'/>
		<totalScore value='70152'/>
	</player>

	<enemy>
		<race value='Protoss'/>
		<unitScore value='8600'/>
		<unitScore value='8600'/>
		<killScore value='9200'/>
		<buildingScore value='3625'/>
		<razingScore value='0'/>
		<mineralScore value='11426'/>
		<gasScore value='2808'/>
		<totalScore value='35659'/>
	</enemy>

	<scoreRatio value='1.9673'/>
</results>
