<results>
	<result value='loss'/>
	<start value='2015-05-11.00:13:40'/>
	<end value='2015-05-11.00:15:23'/>
	<frames value='49788'/>
	<gameDuration value='3111'/>

	<player>
		<unitScore value='28900'/>
		<killScore value='48950'/>
		<buildingScore value='3700'/>
		<razingScore value='870'/>
		<mineralScore value='31566'/>
		<gasScore value='3888'/>
		<totalScore value='117874'/>
	</player>

	<enemy>
		<race value='Zerg'/>
		<unitScore value='34175'/>
		<unitScore value='34175'/>
		<killScore value='57550'/>
		<buildingScore value='3700'/>
		<razingScore value='11100'/>
		<mineralScore value='28418'/>
		<gasScore value='10022'/>
		<totalScore value='144965'/>
	</enemy>

	<scoreRatio value='0.81312'/>
	<timeFitness value='0.432083'/>
	<unitsAverage value='122'/>
</results>
