<results>
	<result value='win'/>
	<start value='2014-07-10.16:33:35'/>
	<end value='2014-07-10.16:34:09'/>
	<frames value='33420'/>
	<gameDuration value='2088'/>

	<player>
		<unitScore value='19875'/>
		<killScore value='21850'/>
		<buildingScore value='4675'/>
		<razingScore value='18225'/>
		<mineralScore value='31938'/>
		<gasScore value='4136'/>
		<totalScore value='100699'/>
	</player>

	<enemy>
		<race value='Protoss'/>
		<unitScore value='11625'/>
		<unitScore value='11625'/>
		<killScore value='13000'/>
		<buildingScore value='6075'/>
		<razingScore value='300'/>
		<mineralScore value='14998'/>
		<gasScore value='5192'/>
		<totalScore value='51190'/>
	</enemy>

	<scoreRatio value='1.96716'/>
</results>
