<results>
	<result value='win'/>
	<start value='2015-05-06.10:39:48'/>
	<end value='2015-05-06.10:40:27'/>
	<frames value='32986'/>
	<gameDuration value='2061'/>

	<player>
		<unitScore value='22625'/>
		<killScore value='22300'/>
		<buildingScore value='3875'/>
		<razingScore value='16200'/>
		<mineralScore value='30654'/>
		<gasScore value='3752'/>
		<totalScore value='99406'/>
	</player>

	<enemy>
		<race value='Protoss'/>
		<unitScore value='11150'/>
		<unitScore value='11150'/>
		<killScore value='20900'/>
		<buildingScore value='5400'/>
		<razingScore value='0'/>
		<mineralScore value='21622'/>
		<gasScore value='3088'/>
		<totalScore value='62160'/>
	</enemy>

	<scoreRatio value='1.5992'/>
	<timeFitness value='0.71375'/>
	<unitsAverage value='124'/>
</results>
