<results>
	<result value='loss'/>
	<start value='2015-05-06.10:57:49'/>
	<end value='2015-05-06.10:57:57'/>
	<frames value='17393'/>
	<gameDuration value='1087'/>

	<player>
		<unitScore value='3250'/>
		<killScore value='1200'/>
		<buildingScore value='1500'/>
		<razingScore value='0'/>
		<mineralScore value='5042'/>
		<gasScore value='728'/>
		<totalScore value='11720'/>
	</player>

	<enemy>
		<race value='Protoss'/>
		<unitScore value='3600'/>
		<unitScore value='3600'/>
		<killScore value='6500'/>
		<buildingScore value='4075'/>
		<razingScore value='4500'/>
		<mineralScore value='9354'/>
		<gasScore value='1584'/>
		<totalScore value='29613'/>
	</enemy>

	<scoreRatio value='0.395772'/>
	<timeFitness value='0.150972'/>
	<unitsAverage value='22'/>
</results>
