<results>
	<result value='win'/>
	<start value='2015-05-06.11:23:00'/>
	<end value='2015-05-06.11:23:33'/>
	<frames value='30847'/>
	<gameDuration value='1927'/>

	<player>
		<unitScore value='20275'/>
		<killScore value='21900'/>
		<buildingScore value='4600'/>
		<razingScore value='11775'/>
		<mineralScore value='27906'/>
		<gasScore value='2672'/>
		<totalScore value='89128'/>
	</player>

	<enemy>
		<race value='Protoss'/>
		<unitScore value='12000'/>
		<unitScore value='12000'/>
		<killScore value='16350'/>
		<buildingScore value='3925'/>
		<razingScore value='0'/>
		<mineralScore value='12290'/>
		<gasScore value='2688'/>
		<totalScore value='47253'/>
	</enemy>

	<scoreRatio value='1.88619'/>
	<timeFitness value='0.732361'/>
	<unitsAverage value='106'/>
</results>
