<results>
	<result value='loss'/>
	<start value='2015-04-09.16:28:11'/>
	<end value='2015-04-09.16:28:18'/>
	<frames value='13518'/>
	<gameDuration value='844'/>

	<player>
		<unitScore value='3400'/>
		<killScore value='400'/>
		<buildingScore value='1525'/>
		<razingScore value='0'/>
		<mineralScore value='5186'/>
		<gasScore value='584'/>
		<totalScore value='11095'/>
	</player>

	<enemy>
		<race value='Protoss'/>
		<unitScore value='3500'/>
		<unitScore value='3500'/>
		<killScore value='7050'/>
		<buildingScore value='2375'/>
		<razingScore value='4575'/>
		<mineralScore value='6826'/>
		<gasScore value='1176'/>
		<totalScore value='25502'/>
	</enemy>

	<scoreRatio value='0.435064'/>
</results>
