<results>
	<result value='loss'/>
	<start value='2015-04-09.16:28:56'/>
	<end value='2015-04-09.16:29:10'/>
	<frames value='26631'/>
	<gameDuration value='1664'/>

	<player>
		<unitScore value='3350'/>
		<killScore value='2900'/>
		<buildingScore value='2050'/>
		<razingScore value='0'/>
		<mineralScore value='5546'/>
		<gasScore value='1240'/>
		<totalScore value='15086'/>
	</player>

	<enemy>
		<race value='Protoss'/>
		<unitScore value='11400'/>
		<unitScore value='11400'/>
		<killScore value='6700'/>
		<buildingScore value='5975'/>
		<razingScore value='6150'/>
		<mineralScore value='17426'/>
		<gasScore value='5264'/>
		<totalScore value='52915'/>
	</enemy>

	<scoreRatio value='0.285099'/>
</results>
