<results>
	<result value='win'/>
	<start value='2015-04-09.16:29:45'/>
	<end value='2015-04-09.16:30:59'/>
	<frames value='56701'/>
	<gameDuration value='3543'/>

	<player>
		<unitScore value='30600'/>
		<killScore value='42850'/>
		<buildingScore value='3550'/>
		<razingScore value='30750'/>
		<mineralScore value='33698'/>
		<gasScore value='5554'/>
		<totalScore value='147002'/>
	</player>

	<enemy>
		<race value='Protoss'/>
		<unitScore value='21650'/>
		<unitScore value='21650'/>
		<killScore value='40200'/>
		<buildingScore value='10250'/>
		<razingScore value='150'/>
		<mineralScore value='29274'/>
		<gasScore value='9016'/>
		<totalScore value='110540'/>
	</enemy>

	<scoreRatio value='1.32985'/>
</results>
