<results>
	<result value='loss'/>
	<start value='2015-07-07.21:01:30'/>
	<end value='2015-07-07.21:01:47'/>
	<frames value='17021'/>
	<gameDuration value='1063'/>

	<player>
		<unitScore value='4925'/>
		<killScore value='300'/>
		<buildingScore value='2150'/>
		<razingScore value='0'/>
		<mineralScore value='6658'/>
		<gasScore value='1096'/>
		<totalScore value='15129'/>
	</player>

	<enemy>
		<race value='Terran'/>
		<unitScore value='6050'/>
		<killScore value='9850'/>
		<buildingScore value='2625'/>
		<razingScore value='6450'/>
		<mineralScore value='7906'/>
		<gasScore value='2368'/>
		<totalScore value='35249'/>
	</enemy>

	<scoreRatio value='0.429204'/>
	<timeFitness value='0.147639'/>
	<unitsAverage value='27'/>
</results>
