<results>
	<result value='loss'/>
	<start value='2015-07-07.21:07:17'/>
	<end value='2015-07-07.21:07:37'/>
	<frames value='19284'/>
	<gameDuration value='1205'/>

	<player>
		<unitScore value='5700'/>
		<killScore value='1450'/>
		<buildingScore value='2075'/>
		<razingScore value='0'/>
		<mineralScore value='7122'/>
		<gasScore value='768'/>
		<totalScore value='17115'/>
	</player>

	<enemy>
		<race value='Terran'/>
		<unitScore value='6850'/>
		<killScore value='11400'/>
		<buildingScore value='2850'/>
		<razingScore value='6225'/>
		<mineralScore value='8994'/>
		<gasScore value='3128'/>
		<totalScore value='39447'/>
	</enemy>

	<scoreRatio value='0.433873'/>
	<timeFitness value='0.167361'/>
	<unitsAverage value='29'/>
</results>
