<results>
	<result value='win'/>
	<start value='2014-07-23.01:36:05'/>
	<end value='2014-07-23.01:36:33'/>
	<frames value='28522'/>
	<gameDuration value='1782'/>

	<player>
		<unitScore value='13900'/>
		<killScore value='9300'/>
		<buildingScore value='4625'/>
		<razingScore value='12900'/>
		<mineralScore value='23666'/>
		<gasScore value='2616'/>
		<totalScore value='67007'/>
	</player>

	<enemy>
		<race value='Protoss'/>
		<unitScore value='4650'/>
		<unitScore value='4650'/>
		<killScore value='7700'/>
		<buildingScore value='4300'/>
		<razingScore value='225'/>
		<mineralScore value='9978'/>
		<gasScore value='2040'/>
		<totalScore value='28893'/>
	</enemy>

	<scoreRatio value='2.31914'/>
</results>
