<results>
	<result value='draw'/>
	<start value='2014-07-11.16:35:04'/>
	<end value='2014-07-11.16:37:09'/>
	<frames value='57601'/>
	<gameDuration value='3600'/>

	<player>
		<unitScore value='32475'/>
		<killScore value='23700'/>
		<buildingScore value='3350'/>
		<razingScore value='195'/>
		<mineralScore value='31426'/>
		<gasScore value='2288'/>
		<totalScore value='93434'/>
	</player>

	<enemy>
		<race value='Zerg'/>
		<unitScore value='30600'/>
		<unitScore value='30600'/>
		<killScore value='45650'/>
		<buildingScore value='4200'/>
		<razingScore value='5025'/>
		<mineralScore value='30150'/>
		<gasScore value='11750'/>
		<totalScore value='127375'/>
	</enemy>

	<scoreRatio value='0.733535'/>
</results>
