<results>
	<result value='win'/>
	<start value='2015-05-10.13:24:39'/>
	<end value='2015-05-10.13:25:05'/>
	<frames value='28553'/>
	<gameDuration value='1784'/>

	<player>
		<unitScore value='16975'/>
		<killScore value='18050'/>
		<buildingScore value='4025'/>
		<razingScore value='13125'/>
		<mineralScore value='22986'/>
		<gasScore value='2696'/>
		<totalScore value='77857'/>
	</player>

	<enemy>
		<race value='Protoss'/>
		<unitScore value='9725'/>
		<unitScore value='9725'/>
		<killScore value='15150'/>
		<buildingScore value='4375'/>
		<razingScore value='1500'/>
		<mineralScore value='11634'/>
		<gasScore value='3456'/>
		<totalScore value='45840'/>
	</enemy>

	<scoreRatio value='1.69845'/>
	<timeFitness value='0.752222'/>
	<unitsAverage value='87'/>
</results>
