<results>
	<result value='loss'/>
	<start value='2015-05-10.13:36:02'/>
	<end value='2015-05-10.13:36:09'/>
	<frames value='13022'/>
	<gameDuration value='813'/>

	<player>
		<unitScore value='3150'/>
		<killScore value='600'/>
		<buildingScore value='1450'/>
		<razingScore value='0'/>
		<mineralScore value='4778'/>
		<gasScore value='608'/>
		<totalScore value='10586'/>
	</player>

	<enemy>
		<race value='Protoss'/>
		<unitScore value='3550'/>
		<unitScore value='3550'/>
		<killScore value='6300'/>
		<buildingScore value='2175'/>
		<razingScore value='4350'/>
		<mineralScore value='6578'/>
		<gasScore value='1184'/>
		<totalScore value='24137'/>
	</enemy>

	<scoreRatio value='0.43858'/>
	<timeFitness value='0.112917'/>
	<unitsAverage value='25'/>
</results>
