<results>
	<result value='loss'/>
	<start value='2015-05-10.13:37:10'/>
	<end value='2015-05-10.13:37:19'/>
	<frames value='18044'/>
	<gameDuration value='1127'/>

	<player>
		<unitScore value='2900'/>
		<killScore value='1600'/>
		<buildingScore value='1550'/>
		<razingScore value='0'/>
		<mineralScore value='4754'/>
		<gasScore value='344'/>
		<totalScore value='11148'/>
	</player>

	<enemy>
		<race value='Protoss'/>
		<unitScore value='3650'/>
		<unitScore value='3650'/>
		<killScore value='5800'/>
		<buildingScore value='4125'/>
		<razingScore value='4650'/>
		<mineralScore value='9882'/>
		<gasScore value='1856'/>
		<totalScore value='29963'/>
	</enemy>

	<scoreRatio value='0.372059'/>
	<timeFitness value='0.156528'/>
	<unitsAverage value='20'/>
</results>
