<results>
	<result value='win'/>
	<start value='2015-04-08.02:48:46'/>
	<end value='2015-04-08.02:49:08'/>
	<frames value='27189'/>
	<gameDuration value='1699'/>

	<player>
		<unitScore value='12825'/>
		<killScore value='10400'/>
		<buildingScore value='2475'/>
		<razingScore value='8925'/>
		<mineralScore value='15394'/>
		<gasScore value='2424'/>
		<totalScore value='52443'/>
	</player>

	<enemy>
		<race value='Protoss'/>
		<unitScore value='5200'/>
		<unitScore value='5200'/>
		<killScore value='9350'/>
		<buildingScore value='2975'/>
		<razingScore value='150'/>
		<mineralScore value='9650'/>
		<gasScore value='1088'/>
		<totalScore value='28413'/>
	</enemy>

	<scoreRatio value='1.84574'/>
</results>
