<results>
	<result value='win'/>
	<start value='2015-07-11.20:40:55'/>
	<end value='2015-07-11.20:42:01'/>
	<frames value='44363'/>
	<gameDuration value='2772'/>

	<player>
		<unitScore value='41250'/>
		<killScore value='21850'/>
		<buildingScore value='5525'/>
		<razingScore value='8550'/>
		<mineralScore value='48162'/>
		<gasScore value='6816'/>
		<totalScore value='132153'/>
	</player>

	<enemy>
		<race value='Terran'/>
		<unitScore value='12625'/>
		<killScore value='56250'/>
		<buildingScore value='2950'/>
		<razingScore value='3600'/>
		<mineralScore value='12050'/>
		<gasScore value='5478'/>
		<totalScore value='92953'/>
	</enemy>

	<scoreRatio value='1.42172'/>
	<timeFitness value='0.615'/>
	<unitsAverage value='145'/>
</results>
