<results>
	<result value='loss'/>
	<start value='2015-04-13.03:18:23'/>
	<end value='2015-04-13.03:19:48'/>
	<frames value='51059'/>
	<gameDuration value='3191'/>

	<player>
		<unitScore value='27950'/>
		<killScore value='32000'/>
		<buildingScore value='3700'/>
		<razingScore value='0'/>
		<mineralScore value='29674'/>
		<gasScore value='4192'/>
		<totalScore value='97516'/>
	</player>

	<enemy>
		<race value='Protoss'/>
		<unitScore value='36175'/>
		<unitScore value='36175'/>
		<killScore value='56100'/>
		<buildingScore value='7125'/>
		<razingScore value='11100'/>
		<mineralScore value='31986'/>
		<gasScore value='12210'/>
		<totalScore value='154696'/>
	</enemy>

	<scoreRatio value='0.630372'/>
</results>
