<results>
	<result value='win'/>
	<start value='2015-05-10.19:24:28'/>
	<end value='2015-05-10.19:25:30'/>
	<frames value='37264'/>
	<gameDuration value='2329'/>

	<player>
		<unitScore value='21600'/>
		<killScore value='34600'/>
		<buildingScore value='4300'/>
		<razingScore value='9135'/>
		<mineralScore value='32426'/>
		<gasScore value='4056'/>
		<totalScore value='106117'/>
	</player>

	<enemy>
		<race value='Zerg'/>
		<unitScore value='15425'/>
		<unitScore value='15425'/>
		<killScore value='19450'/>
		<buildingScore value='3045'/>
		<razingScore value='1875'/>
		<mineralScore value='15106'/>
		<gasScore value='4384'/>
		<totalScore value='59285'/>
	</enemy>

	<scoreRatio value='1.78995'/>
	<timeFitness value='0.676528'/>
	<unitsAverage value='126'/>
</results>
