<results>
	<result value='win'/>
	<start value='2015-05-10.19:31:24'/>
	<end value='2015-05-10.19:31:56'/>
	<frames value='36055'/>
	<gameDuration value='2253'/>

	<player>
		<unitScore value='16400'/>
		<killScore value='45885'/>
		<buildingScore value='3150'/>
		<razingScore value='7875'/>
		<mineralScore value='18206'/>
		<gasScore value='2384'/>
		<totalScore value='93900'/>
	</player>

	<enemy>
		<race value='Zerg'/>
		<unitScore value='19050'/>
		<unitScore value='19050'/>
		<killScore value='16350'/>
		<buildingScore value='2625'/>
		<razingScore value='0'/>
		<mineralScore value='16766'/>
		<gasScore value='5088'/>
		<totalScore value='59879'/>
	</enemy>

	<scoreRatio value='1.56816'/>
	<timeFitness value='0.687083'/>
	<unitsAverage value='62'/>
</results>
