<results>
	<result value='loss'/>
	<start value='2015-05-10.19:35:57'/>
	<end value='2015-05-10.19:36:00'/>
	<frames value='7566'/>
	<gameDuration value='472'/>

	<player>
		<unitScore value='850'/>
		<killScore value='100'/>
		<buildingScore value='700'/>
		<razingScore value='0'/>
		<mineralScore value='1298'/>
		<gasScore value='0'/>
		<totalScore value='2948'/>
	</player>

	<enemy>
		<race value='Zerg'/>
		<unitScore value='1250'/>
		<unitScore value='1250'/>
		<killScore value='1600'/>
		<buildingScore value='480'/>
		<razingScore value='2100'/>
		<mineralScore value='1938'/>
		<gasScore value='40'/>
		<totalScore value='7408'/>
	</enemy>

	<scoreRatio value='0.397948'/>
	<timeFitness value='0.0655556'/>
	<unitsAverage value='9'/>
</results>
