<results>
	<result value='loss'/>
	<start value='2015-04-16.18:26:19'/>
	<end value='2015-04-16.18:26:34'/>
	<frames value='17052'/>
	<gameDuration value='1065'/>

	<player>
		<unitScore value='3025'/>
		<killScore value='1000'/>
		<buildingScore value='1500'/>
		<razingScore value='0'/>
		<mineralScore value='4810'/>
		<gasScore value='536'/>
		<totalScore value='10871'/>
	</player>

	<enemy>
		<race value='Protoss'/>
		<unitScore value='3750'/>
		<unitScore value='3750'/>
		<killScore value='6050'/>
		<buildingScore value='3825'/>
		<razingScore value='4500'/>
		<mineralScore value='9058'/>
		<gasScore value='1672'/>
		<totalScore value='28855'/>
	</enemy>

	<scoreRatio value='0.376746'/>
</results>
