<results>
	<result value='loss'/>
	<start value='2014-07-10.14:44:45'/>
	<end value='2014-07-10.14:44:59'/>
	<frames value='28088'/>
	<gameDuration value='1755'/>

	<player>
		<unitScore value='5875'/>
		<killScore value='3000'/>
		<buildingScore value='1650'/>
		<razingScore value='0'/>
		<mineralScore value='9442'/>
		<gasScore value='744'/>
		<totalScore value='20711'/>
	</player>

	<enemy>
		<race value='Protoss'/>
		<unitScore value='13450'/>
		<unitScore value='13450'/>
		<killScore value='11750'/>
		<buildingScore value='6875'/>
		<razingScore value='4950'/>
		<mineralScore value='17362'/>
		<gasScore value='6264'/>
		<totalScore value='60651'/>
	</enemy>

	<scoreRatio value='0.341478'/>
</results>
