<results>
	<result value='loss'/>
	<start value='2014-07-10.14:55:17'/>
	<end value='2014-07-10.14:55:42'/>
	<frames value='36489'/>
	<gameDuration value='2280'/>

	<player>
		<unitScore value='13775'/>
		<killScore value='18950'/>
		<buildingScore value='2575'/>
		<razingScore value='2550'/>
		<mineralScore value='16570'/>
		<gasScore value='3888'/>
		<totalScore value='58308'/>
	</player>

	<enemy>
		<race value='Protoss'/>
		<unitScore value='20725'/>
		<unitScore value='20725'/>
		<killScore value='27550'/>
		<buildingScore value='7825'/>
		<razingScore value='7725'/>
		<mineralScore value='24818'/>
		<gasScore value='7064'/>
		<totalScore value='95707'/>
	</enemy>

	<scoreRatio value='0.609234'/>
</results>
