<results>
	<result value='loss'/>
	<start value='2015-07-17.14:49:46'/>
	<end value='2015-07-17.14:50:34'/>
	<frames value='27933'/>
	<gameDuration value='1745'/>

	<player>
		<unitScore value='13300'/>
		<killScore value='5150'/>
		<buildingScore value='3325'/>
		<razingScore value='0'/>
		<mineralScore value='15238'/>
		<gasScore value='1736'/>
		<totalScore value='38749'/>
	</player>

	<enemy>
		<race value='Terran'/>
		<unitScore value='12300'/>
		<killScore value='20150'/>
		<buildingScore value='4100'/>
		<razingScore value='9975'/>
		<mineralScore value='13314'/>
		<gasScore value='5536'/>
		<totalScore value='65375'/>
	</enemy>

	<scoreRatio value='0.592719'/>
	<timeFitness value='0.242361'/>
	<unitsAverage value='66'/>
</results>
