<results>
	<result value='win'/>
	<start value='2014-07-12.20:07:33'/>
	<end value='2014-07-12.20:08:23'/>
	<frames value='37047'/>
	<gameDuration value='2315'/>

	<player>
		<unitScore value='25025'/>
		<killScore value='46830'/>
		<buildingScore value='4425'/>
		<razingScore value='10290'/>
		<mineralScore value='31978'/>
		<gasScore value='3720'/>
		<totalScore value='122268'/>
	</player>

	<enemy>
		<race value='Zerg'/>
		<unitScore value='21050'/>
		<unitScore value='21050'/>
		<killScore value='25100'/>
		<buildingScore value='3430'/>
		<razingScore value='150'/>
		<mineralScore value='20034'/>
		<gasScore value='5536'/>
		<totalScore value='75300'/>
	</enemy>

	<scoreRatio value='1.62374'/>
</results>
