<results>
	<result value='win'/>
	<start value='2014-07-12.20:08:57'/>
	<end value='2014-07-12.20:09:19'/>
	<frames value='33885'/>
	<gameDuration value='2117'/>

	<player>
		<unitScore value='14650'/>
		<killScore value='20070'/>
		<buildingScore value='3300'/>
		<razingScore value='9750'/>
		<mineralScore value='17698'/>
		<gasScore value='3312'/>
		<totalScore value='68780'/>
	</player>

	<enemy>
		<race value='Zerg'/>
		<unitScore value='10425'/>
		<unitScore value='10425'/>
		<killScore value='18550'/>
		<buildingScore value='3250'/>
		<razingScore value='3375'/>
		<mineralScore value='12506'/>
		<gasScore value='3800'/>
		<totalScore value='51906'/>
	</enemy>

	<scoreRatio value='1.32509'/>
</results>
