<results>
	<result value='win'/>
	<start value='2015-07-11.22:23:32'/>
	<end value='2015-07-11.22:23:55'/>
	<frames value='19656'/>
	<gameDuration value='1228'/>

	<player>
		<unitScore value='9525'/>
		<killScore value='8500'/>
		<buildingScore value='3550'/>
		<razingScore value='3825'/>
		<mineralScore value='15226'/>
		<gasScore value='1248'/>
		<totalScore value='41874'/>
	</player>

	<enemy>
		<race value='Terran'/>
		<unitScore value='4250'/>
		<killScore value='2050'/>
		<buildingScore value='1275'/>
		<razingScore value='150'/>
		<mineralScore value='5554'/>
		<gasScore value='1368'/>
		<totalScore value='14647'/>
	</enemy>

	<scoreRatio value='2.85888'/>
	<timeFitness value='0.829444'/>
	<unitsAverage value='70'/>
</results>
