<results>
	<result value='loss'/>
	<start value='2015-07-11.22:31:02'/>
	<end value='2015-07-11.22:32:39'/>
	<frames value='56267'/>
	<gameDuration value='3516'/>

	<player>
		<unitScore value='38800'/>
		<killScore value='17300'/>
		<buildingScore value='4025'/>
		<razingScore value='525'/>
		<mineralScore value='37126'/>
		<gasScore value='7546'/>
		<totalScore value='105322'/>
	</player>

	<enemy>
		<race value='Terran'/>
		<unitScore value='20450'/>
		<killScore value='75250'/>
		<buildingScore value='4550'/>
		<razingScore value='12075'/>
		<mineralScore value='19550'/>
		<gasScore value='11276'/>
		<totalScore value='143151'/>
	</enemy>

	<scoreRatio value='0.735741'/>
	<timeFitness value='0.488333'/>
	<unitsAverage value='97'/>
</results>
