<results>
	<result value='loss'/>
	<start value='2015-07-19.19:56:20'/>
	<end value='2015-07-19.19:56:35'/>
	<frames value='22105'/>
	<gameDuration value='1381'/>

	<player>
		<unitScore value='5250'/>
		<killScore value='2350'/>
		<buildingScore value='2150'/>
		<razingScore value='0'/>
		<mineralScore value='7026'/>
		<gasScore value='1720'/>
		<totalScore value='18496'/>
	</player>

	<enemy>
		<race value='Zerg'/>
		<unitScore value='7950'/>
		<killScore value='9800'/>
		<buildingScore value='2470'/>
		<razingScore value='6450'/>
		<mineralScore value='8970'/>
		<gasScore value='2872'/>
		<totalScore value='38512'/>
	</enemy>

	<scoreRatio value='0.480266'/>
	<timeFitness value='0.191806'/>
	<unitsAverage value='24'/>
</results>
