<results>
	<result value='loss'/>
	<start value='2015-05-09.14:42:39'/>
	<end value='2015-05-09.14:42:54'/>
	<frames value='22632'/>
	<gameDuration value='1414'/>

	<player>
		<unitScore value='5850'/>
		<killScore value='5550'/>
		<buildingScore value='2000'/>
		<razingScore value='150'/>
		<mineralScore value='7586'/>
		<gasScore value='1320'/>
		<totalScore value='22456'/>
	</player>

	<enemy>
		<race value='Terran'/>
		<unitScore value='9625'/>
		<unitScore value='9625'/>
		<killScore value='11700'/>
		<buildingScore value='3225'/>
		<razingScore value='6000'/>
		<mineralScore value='10498'/>
		<gasScore value='4688'/>
		<totalScore value='45736'/>
	</enemy>

	<scoreRatio value='0.490992'/>
	<timeFitness value='0.196389'/>
	<unitsAverage value='29'/>
</results>
