<results>
	<result value='loss'/>
	<start value='2015-07-09.01:11:34'/>
	<end value='2015-07-09.01:12:10'/>
	<frames value='26786'/>
	<gameDuration value='1674'/>

	<player>
		<unitScore value='14175'/>
		<killScore value='3800'/>
		<buildingScore value='2800'/>
		<razingScore value='0'/>
		<mineralScore value='14310'/>
		<gasScore value='2224'/>
		<totalScore value='37309'/>
	</player>

	<enemy>
		<race value='Terran'/>
		<unitScore value='8475'/>
		<killScore value='24600'/>
		<buildingScore value='3250'/>
		<razingScore value='8400'/>
		<mineralScore value='11902'/>
		<gasScore value='4376'/>
		<totalScore value='61003'/>
	</enemy>

	<scoreRatio value='0.611593'/>
	<timeFitness value='0.2325'/>
	<unitsAverage value='49'/>
</results>
