<results>
	<result value='loss'/>
	<start value='2015-07-09.01:31:40'/>
	<end value='2015-07-09.01:31:57'/>
	<frames value='18106'/>
	<gameDuration value='1131'/>

	<player>
		<unitScore value='5075'/>
		<killScore value='800'/>
		<buildingScore value='1300'/>
		<razingScore value='0'/>
		<mineralScore value='5370'/>
		<gasScore value='800'/>
		<totalScore value='13345'/>
	</player>

	<enemy>
		<race value='Terran'/>
		<unitScore value='6800'/>
		<killScore value='10150'/>
		<buildingScore value='2850'/>
		<razingScore value='3900'/>
		<mineralScore value='8314'/>
		<gasScore value='2808'/>
		<totalScore value='34822'/>
	</enemy>

	<scoreRatio value='0.383235'/>
	<timeFitness value='0.157083'/>
	<unitsAverage value='23'/>
</results>
