<results>
	<result value='loss'/>
	<start value='2015-05-02.16:41:35'/>
	<end value='2015-05-02.16:41:42'/>
	<frames value='18633'/>
	<gameDuration value='1164'/>

	<player>
		<unitScore value='2850'/>
		<killScore value='2000'/>
		<buildingScore value='1100'/>
		<razingScore value='0'/>
		<mineralScore value='4202'/>
		<gasScore value='752'/>
		<totalScore value='10904'/>
	</player>

	<enemy>
		<race value='Protoss'/>
		<unitScore value='4000'/>
		<unitScore value='4000'/>
		<killScore value='5700'/>
		<buildingScore value='4525'/>
		<razingScore value='3300'/>
		<mineralScore value='10306'/>
		<gasScore value='1888'/>
		<totalScore value='29719'/>
	</enemy>

	<scoreRatio value='0.366903'/>
	<timeFitness value='0.161667'/>
	<unitsAverage value='18'/>
</results>
