<results>
	<result value='loss'/>
	<start value='2015-05-11.18:35:25'/>
	<end value='2015-05-11.18:35:36'/>
	<frames value='18416'/>
	<gameDuration value='1151'/>

	<player>
		<unitScore value='6600'/>
		<killScore value='2500'/>
		<buildingScore value='1900'/>
		<razingScore value='0'/>
		<mineralScore value='8722'/>
		<gasScore value='1560'/>
		<totalScore value='21282'/>
	</player>

	<enemy>
		<race value='Protoss'/>
		<unitScore value='5675'/>
		<unitScore value='5675'/>
		<killScore value='13300'/>
		<buildingScore value='3575'/>
		<razingScore value='5700'/>
		<mineralScore value='9514'/>
		<gasScore value='2648'/>
		<totalScore value='40412'/>
	</enemy>

	<scoreRatio value='0.526626'/>
	<timeFitness value='0.159861'/>
	<unitsAverage value='36'/>
</results>
