<results>
	<result value='loss'/>
	<start value='2015-07-19.20:42:17'/>
	<end value='2015-07-19.20:42:29'/>
	<frames value='19284'/>
	<gameDuration value='1205'/>

	<player>
		<unitScore value='4100'/>
		<killScore value='1350'/>
		<buildingScore value='1600'/>
		<razingScore value='0'/>
		<mineralScore value='4266'/>
		<gasScore value='1592'/>
		<totalScore value='12908'/>
	</player>

	<enemy>
		<race value='Zerg'/>
		<unitScore value='6975'/>
		<killScore value='8200'/>
		<buildingScore value='2285'/>
		<razingScore value='4800'/>
		<mineralScore value='8210'/>
		<gasScore value='2480'/>
		<totalScore value='32950'/>
	</enemy>

	<scoreRatio value='0.391745'/>
	<timeFitness value='0.167361'/>
	<unitsAverage value='21'/>
</results>
