<results>
	<result value='loss'/>
	<start value='2015-07-19.20:55:49'/>
	<end value='2015-07-19.20:56:10'/>
	<frames value='23717'/>
	<gameDuration value='1482'/>

	<player>
		<unitScore value='4925'/>
		<killScore value='2150'/>
		<buildingScore value='3400'/>
		<razingScore value='0'/>
		<mineralScore value='9058'/>
		<gasScore value='1624'/>
		<totalScore value='21157'/>
	</player>

	<enemy>
		<race value='Zerg'/>
		<unitScore value='12725'/>
		<killScore value='9250'/>
		<buildingScore value='3215'/>
		<razingScore value='10200'/>
		<mineralScore value='14130'/>
		<gasScore value='4520'/>
		<totalScore value='54040'/>
	</enemy>

	<scoreRatio value='0.391506'/>
	<timeFitness value='0.205833'/>
	<unitsAverage value='43'/>
</results>
