<results>
	<result value='loss'/>
	<start value='2015-07-11.23:04:10'/>
	<end value='2015-07-11.23:04:48'/>
	<frames value='24151'/>
	<gameDuration value='1509'/>

	<player>
		<unitScore value='12175'/>
		<killScore value='1750'/>
		<buildingScore value='2700'/>
		<razingScore value='0'/>
		<mineralScore value='13762'/>
		<gasScore value='1976'/>
		<totalScore value='32363'/>
	</player>

	<enemy>
		<race value='Terran'/>
		<unitScore value='7200'/>
		<killScore value='21800'/>
		<buildingScore value='2975'/>
		<razingScore value='8100'/>
		<mineralScore value='11194'/>
		<gasScore value='4104'/>
		<totalScore value='55373'/>
	</enemy>

	<scoreRatio value='0.584455'/>
	<timeFitness value='0.209583'/>
	<unitsAverage value='48'/>
</results>
