<results>
	<result value='loss'/>
	<start value='2015-07-11.23:09:30'/>
	<end value='2015-07-11.23:10:47'/>
	<frames value='29762'/>
	<gameDuration value='1860'/>

	<player>
		<unitScore value='13475'/>
		<killScore value='9950'/>
		<buildingScore value='4550'/>
		<razingScore value='0'/>
		<mineralScore value='20042'/>
		<gasScore value='1728'/>
		<totalScore value='49745'/>
	</player>

	<enemy>
		<race value='Terran'/>
		<unitScore value='12350'/>
		<killScore value='23650'/>
		<buildingScore value='2975'/>
		<razingScore value='13650'/>
		<mineralScore value='12554'/>
		<gasScore value='5312'/>
		<totalScore value='70491'/>
	</enemy>

	<scoreRatio value='0.705693'/>
	<timeFitness value='0.258333'/>
	<unitsAverage value='58'/>
</results>
