<results>
	<result value='win'/>
	<start value='2015-05-02.18:15:57'/>
	<end value='2015-05-02.18:16:36'/>
	<frames value='31033'/>
	<gameDuration value='1939'/>

	<player>
		<unitScore value='13975'/>
		<killScore value='28450'/>
		<buildingScore value='3900'/>
		<razingScore value='8325'/>
		<mineralScore value='18546'/>
		<gasScore value='2872'/>
		<totalScore value='76068'/>
	</player>

	<enemy>
		<race value='Terran'/>
		<unitScore value='14225'/>
		<unitScore value='14225'/>
		<killScore value='12550'/>
		<buildingScore value='2775'/>
		<razingScore value='3000'/>
		<mineralScore value='15022'/>
		<gasScore value='5560'/>
		<totalScore value='53132'/>
	</enemy>

	<scoreRatio value='1.43168'/>
	<timeFitness value='0.730694'/>
	<unitsAverage value='67'/>
</results>
