<results>
	<result value='win'/>
	<start value='2015-05-02.18:18:10'/>
	<end value='2015-05-02.18:18:54'/>
	<frames value='35745'/>
	<gameDuration value='2234'/>

	<player>
		<unitScore value='19950'/>
		<killScore value='27650'/>
		<buildingScore value='5750'/>
		<razingScore value='11625'/>
		<mineralScore value='26950'/>
		<gasScore value='4280'/>
		<totalScore value='96205'/>
	</player>

	<enemy>
		<race value='Terran'/>
		<unitScore value='13825'/>
		<unitScore value='13825'/>
		<killScore value='18350'/>
		<buildingScore value='3875'/>
		<razingScore value='2550'/>
		<mineralScore value='12526'/>
		<gasScore value='5444'/>
		<totalScore value='56570'/>
	</enemy>

	<scoreRatio value='1.70064'/>
	<timeFitness value='0.689722'/>
	<unitsAverage value='93'/>
</results>
