<results>
	<result value='win'/>
	<start value='2015-05-02.18:27:02'/>
	<end value='2015-05-02.18:28:26'/>
	<frames value='45293'/>
	<gameDuration value='2830'/>

	<player>
		<unitScore value='21650'/>
		<killScore value='33650'/>
		<buildingScore value='4400'/>
		<razingScore value='12225'/>
		<mineralScore value='44790'/>
		<gasScore value='6630'/>
		<totalScore value='123345'/>
	</player>

	<enemy>
		<race value='Terran'/>
		<unitScore value='19325'/>
		<unitScore value='19325'/>
		<killScore value='16850'/>
		<buildingScore value='4075'/>
		<razingScore value='1500'/>
		<mineralScore value='15642'/>
		<gasScore value='7502'/>
		<totalScore value='64894'/>
	</enemy>

	<scoreRatio value='1.90071'/>
	<timeFitness value='0.606944'/>
	<unitsAverage value='137'/>
</results>
