<results>
	<result value='loss'/>
	<start value='2015-05-02.18:35:39'/>
	<end value='2015-05-02.18:36:23'/>
	<frames value='48393'/>
	<gameDuration value='3024'/>

	<player>
		<unitScore value='10800'/>
		<killScore value='9550'/>
		<buildingScore value='3425'/>
		<razingScore value='0'/>
		<mineralScore value='32066'/>
		<gasScore value='3712'/>
		<totalScore value='59553'/>
	</player>

	<enemy>
		<race value='Terran'/>
		<unitScore value='24275'/>
		<unitScore value='24275'/>
		<killScore value='21600'/>
		<buildingScore value='4175'/>
		<razingScore value='10275'/>
		<mineralScore value='19550'/>
		<gasScore value='11434'/>
		<totalScore value='91309'/>
	</enemy>

	<scoreRatio value='0.652214'/>
	<timeFitness value='0.42'/>
	<unitsAverage value='64'/>
</results>
