<results>
	<result value='loss'/>
	<start value='2015-04-16.15:06:23'/>
	<end value='2015-04-16.15:07:33'/>
	<frames value='44301'/>
	<gameDuration value='2768'/>

	<player>
		<unitScore value='22325'/>
		<killScore value='17350'/>
		<buildingScore value='4300'/>
		<razingScore value='1650'/>
		<mineralScore value='27510'/>
		<gasScore value='3448'/>
		<totalScore value='76583'/>
	</player>

	<enemy>
		<race value='Protoss'/>
		<unitScore value='28275'/>
		<unitScore value='28275'/>
		<killScore value='44850'/>
		<buildingScore value='7425'/>
		<razingScore value='12900'/>
		<mineralScore value='28094'/>
		<gasScore value='10390'/>
		<totalScore value='131934'/>
	</enemy>

	<scoreRatio value='0.580464'/>
</results>
