<results>
	<result value='win'/>
	<start value='2014-07-11.22:26:09'/>
	<end value='2014-07-11.22:26:32'/>
	<frames value='25019'/>
	<gameDuration value='1563'/>

	<player>
		<unitScore value='17700'/>
		<killScore value='24660'/>
		<buildingScore value='3925'/>
		<razingScore value='4800'/>
		<mineralScore value='25710'/>
		<gasScore value='2576'/>
		<totalScore value='79371'/>
	</player>

	<enemy>
		<race value='Zerg'/>
		<unitScore value='11700'/>
		<unitScore value='11700'/>
		<killScore value='14250'/>
		<buildingScore value='1600'/>
		<razingScore value='0'/>
		<mineralScore value='9626'/>
		<gasScore value='2904'/>
		<totalScore value='40080'/>
	</enemy>

	<scoreRatio value='1.98031'/>
</results>
