<results>
	<result value='loss'/>
	<start value='2014-07-11.22:33:19'/>
	<end value='2014-07-11.22:33:22'/>
	<frames value='8558'/>
	<gameDuration value='534'/>

	<player>
		<unitScore value='950'/>
		<killScore value='150'/>
		<buildingScore value='725'/>
		<razingScore value='0'/>
		<mineralScore value='1434'/>
		<gasScore value='40'/>
		<totalScore value='3299'/>
	</player>

	<enemy>
		<race value='Zerg'/>
		<unitScore value='1450'/>
		<unitScore value='1450'/>
		<killScore value='1800'/>
		<buildingScore value='900'/>
		<razingScore value='2175'/>
		<mineralScore value='2490'/>
		<gasScore value='128'/>
		<totalScore value='8943'/>
	</enemy>

	<scoreRatio value='0.368892'/>
</results>
