<results>
	<result value='loss'/>
	<start value='2015-05-04.01:21:08'/>
	<end value='2015-05-04.01:21:53'/>
	<frames value='44921'/>
	<gameDuration value='2807'/>

	<player>
		<unitScore value='23600'/>
		<killScore value='25850'/>
		<buildingScore value='2650'/>
		<razingScore value='1050'/>
		<mineralScore value='24010'/>
		<gasScore value='3640'/>
		<totalScore value='80800'/>
	</player>

	<enemy>
		<race value='Protoss'/>
		<unitScore value='33150'/>
		<unitScore value='33150'/>
		<killScore value='47200'/>
		<buildingScore value='8225'/>
		<razingScore value='7950'/>
		<mineralScore value='31218'/>
		<gasScore value='11428'/>
		<totalScore value='139171'/>
	</enemy>

	<scoreRatio value='0.580581'/>
	<timeFitness value='0.389861'/>
	<unitsAverage value='73'/>
</results>
