<results>
	<result value='win'/>
	<start value='2015-05-04.01:23:42'/>
	<end value='2015-05-04.01:24:20'/>
	<frames value='31281'/>
	<gameDuration value='1955'/>

	<player>
		<unitScore value='17300'/>
		<killScore value='17300'/>
		<buildingScore value='3150'/>
		<razingScore value='19650'/>
		<mineralScore value='24086'/>
		<gasScore value='3128'/>
		<totalScore value='84614'/>
	</player>

	<enemy>
		<race value='Protoss'/>
		<unitScore value='8850'/>
		<unitScore value='8850'/>
		<killScore value='14700'/>
		<buildingScore value='6550'/>
		<razingScore value='450'/>
		<mineralScore value='16074'/>
		<gasScore value='3808'/>
		<totalScore value='50432'/>
	</enemy>

	<scoreRatio value='1.67778'/>
	<timeFitness value='0.728472'/>
	<unitsAverage value='93'/>
</results>
