<results>
	<result value='loss'/>
	<start value='2015-05-04.01:30:59'/>
	<end value='2015-05-04.01:31:35'/>
	<frames value='38318'/>
	<gameDuration value='2394'/>

	<player>
		<unitScore value='15850'/>
		<killScore value='13700'/>
		<buildingScore value='3050'/>
		<razingScore value='0'/>
		<mineralScore value='19194'/>
		<gasScore value='3120'/>
		<totalScore value='54914'/>
	</player>

	<enemy>
		<race value='Protoss'/>
		<unitScore value='25625'/>
		<unitScore value='25625'/>
		<killScore value='31200'/>
		<buildingScore value='7375'/>
		<razingScore value='9150'/>
		<mineralScore value='27050'/>
		<gasScore value='9828'/>
		<totalScore value='110228'/>
	</enemy>

	<scoreRatio value='0.498186'/>
	<timeFitness value='0.3325'/>
	<unitsAverage value='60'/>
</results>
