<results>
	<result value='loss'/>
	<start value='2015-05-04.01:39:48'/>
	<end value='2015-05-04.01:40:44'/>
	<frames value='48083'/>
	<gameDuration value='3005'/>

	<player>
		<unitScore value='29075'/>
		<killScore value='29250'/>
		<buildingScore value='3200'/>
		<razingScore value='1200'/>
		<mineralScore value='31470'/>
		<gasScore value='6424'/>
		<totalScore value='100619'/>
	</player>

	<enemy>
		<race value='Protoss'/>
		<unitScore value='34900'/>
		<unitScore value='34900'/>
		<killScore value='58000'/>
		<buildingScore value='6575'/>
		<razingScore value='9600'/>
		<mineralScore value='30454'/>
		<gasScore value='10944'/>
		<totalScore value='150473'/>
	</enemy>

	<scoreRatio value='0.668685'/>
	<timeFitness value='0.417361'/>
	<unitsAverage value='93'/>
</results>
