<results>
	<result value='draw'/>
	<start value='2015-05-04.02:02:22'/>
	<end value='2015-05-04.02:03:47'/>
	<frames value='57601'/>
	<gameDuration value='3600'/>

	<player>
		<unitScore value='32475'/>
		<killScore value='37300'/>
		<buildingScore value='3250'/>
		<razingScore value='14625'/>
		<mineralScore value='32902'/>
		<gasScore value='7734'/>
		<totalScore value='128286'/>
	</player>

	<enemy>
		<race value='Protoss'/>
		<unitScore value='20725'/>
		<unitScore value='20725'/>
		<killScore value='49850'/>
		<buildingScore value='6675'/>
		<razingScore value='300'/>
		<mineralScore value='22802'/>
		<gasScore value='7134'/>
		<totalScore value='107486'/>
	</enemy>

	<scoreRatio value='1.19351'/>
	<timeFitness value='0.5'/>
	<unitsAverage value='118'/>
</results>
