<results>
	<result value='draw'/>
	<start value='2015-07-16.09:07:22'/>
	<end value='2015-07-16.09:08:48'/>
	<frames value='57601'/>
	<gameDuration value='3600'/>

	<player>
		<unitScore value='38300'/>
		<killScore value='22350'/>
		<buildingScore value='3775'/>
		<razingScore value='600'/>
		<mineralScore value='31470'/>
		<gasScore value='7440'/>
		<totalScore value='103935'/>
	</player>

	<enemy>
		<race value='Terran'/>
		<unitScore value='25225'/>
		<killScore value='67900'/>
		<buildingScore value='4500'/>
		<razingScore value='3225'/>
		<mineralScore value='19550'/>
		<gasScore value='12218'/>
		<totalScore value='132618'/>
	</enemy>

	<scoreRatio value='0.783717'/>
	<timeFitness value='0.5'/>
	<unitsAverage value='88'/>
</results>
