<results>
	<result value='loss'/>
	<start value='2015-04-11.20:50:22'/>
	<end value='2015-04-11.20:50:37'/>
	<frames value='16463'/>
	<gameDuration value='1028'/>

	<player>
		<unitScore value='3575'/>
		<killScore value='800'/>
		<buildingScore value='1625'/>
		<razingScore value='0'/>
		<mineralScore value='5298'/>
		<gasScore value='720'/>
		<totalScore value='12018'/>
	</player>

	<enemy>
		<race value='Protoss'/>
		<unitScore value='3600'/>
		<unitScore value='3600'/>
		<killScore value='7150'/>
		<buildingScore value='4025'/>
		<razingScore value='4875'/>
		<mineralScore value='8802'/>
		<gasScore value='1632'/>
		<totalScore value='30084'/>
	</enemy>

	<scoreRatio value='0.399481'/>
</results>
