<results>
	<result value='loss'/>
	<start value='2014-07-24.04:06:43'/>
	<end value='2014-07-24.04:06:52'/>
	<frames value='19501'/>
	<gameDuration value='1218'/>

	<player>
		<unitScore value='4350'/>
		<killScore value='3100'/>
		<buildingScore value='2050'/>
		<razingScore value='0'/>
		<mineralScore value='6514'/>
		<gasScore value='1032'/>
		<totalScore value='17046'/>
	</player>

	<enemy>
		<race value='Terran'/>
		<unitScore value='7725'/>
		<unitScore value='7725'/>
		<killScore value='8700'/>
		<buildingScore value='2850'/>
		<razingScore value='6150'/>
		<mineralScore value='9122'/>
		<gasScore value='3360'/>
		<totalScore value='37907'/>
	</enemy>

	<scoreRatio value='0.449679'/>
</results>
