<results>
	<result value='loss'/>
	<start value='2015-04-27.14:16:08'/>
	<end value='2015-04-27.14:16:18'/>
	<frames value='20617'/>
	<gameDuration value='1288'/>

	<player>
		<unitScore value='6625'/>
		<killScore value='2900'/>
		<buildingScore value='1750'/>
		<razingScore value='0'/>
		<mineralScore value='8018'/>
		<gasScore value='1816'/>
		<totalScore value='21109'/>
	</player>

	<enemy>
		<race value='Terran'/>
		<unitScore value='7800'/>
		<unitScore value='7800'/>
		<killScore value='13250'/>
		<buildingScore value='3175'/>
		<razingScore value='5250'/>
		<mineralScore value='9778'/>
		<gasScore value='3824'/>
		<totalScore value='43077'/>
	</enemy>

	<scoreRatio value='0.490029'/>
</results>
