<results>
	<result value='loss'/>
	<start value='2015-04-27.14:19:36'/>
	<end value='2015-04-27.14:19:45'/>
	<frames value='20431'/>
	<gameDuration value='1276'/>

	<player>
		<unitScore value='3600'/>
		<killScore value='2500'/>
		<buildingScore value='1925'/>
		<razingScore value='0'/>
		<mineralScore value='5594'/>
		<gasScore value='760'/>
		<totalScore value='14379'/>
	</player>

	<enemy>
		<race value='Terran'/>
		<unitScore value='7400'/>
		<unitScore value='7400'/>
		<killScore value='7200'/>
		<buildingScore value='2600'/>
		<razingScore value='5775'/>
		<mineralScore value='9650'/>
		<gasScore value='3424'/>
		<totalScore value='36049'/>
	</enemy>

	<scoreRatio value='0.398874'/>
</results>
