<results>
	<result value='win'/>
	<start value='2015-04-29.15:17:44'/>
	<end value='2015-04-29.15:18:23'/>
	<frames value='24740'/>
	<gameDuration value='1546'/>

	<player>
		<unitScore value='14150'/>
		<killScore value='18190'/>
		<buildingScore value='3775'/>
		<razingScore value='5535'/>
		<mineralScore value='23058'/>
		<gasScore value='1784'/>
		<totalScore value='66492'/>
	</player>

	<enemy>
		<race value='Zerg'/>
		<unitScore value='8400'/>
		<unitScore value='8400'/>
		<killScore value='9100'/>
		<buildingScore value='1845'/>
		<razingScore value='0'/>
		<mineralScore value='8722'/>
		<gasScore value='2792'/>
		<totalScore value='30859'/>
	</enemy>

	<scoreRatio value='2.1547'/>
	<timeFitness value='0.785278'/>
	<unitsAverage value='90'/>
</results>
