<results>
	<result value='loss'/>
	<start value='2014-07-23.20:59:49'/>
	<end value='2014-07-23.21:00:15'/>
	<frames value='39961'/>
	<gameDuration value='2497'/>

	<player>
		<unitScore value='13250'/>
		<killScore value='20000'/>
		<buildingScore value='2225'/>
		<razingScore value='600'/>
		<mineralScore value='17050'/>
		<gasScore value='672'/>
		<totalScore value='53797'/>
	</player>

	<enemy>
		<race value='Protoss'/>
		<unitScore value='28425'/>
		<unitScore value='28425'/>
		<killScore value='26500'/>
		<buildingScore value='7275'/>
		<razingScore value='6675'/>
		<mineralScore value='28378'/>
		<gasScore value='9850'/>
		<totalScore value='107103'/>
	</enemy>

	<scoreRatio value='0.502292'/>
</results>
