<results>
	<result value='loss'/>
	<start value='2014-07-23.21:00:18'/>
	<end value='2014-07-23.21:00:25'/>
	<frames value='16184'/>
	<gameDuration value='1011'/>

	<player>
		<unitScore value='3175'/>
		<killScore value='1000'/>
		<buildingScore value='1550'/>
		<razingScore value='0'/>
		<mineralScore value='5034'/>
		<gasScore value='776'/>
		<totalScore value='11535'/>
	</player>

	<enemy>
		<race value='Protoss'/>
		<unitScore value='3550'/>
		<unitScore value='3550'/>
		<killScore value='6400'/>
		<buildingScore value='3825'/>
		<razingScore value='4650'/>
		<mineralScore value='8594'/>
		<gasScore value='1584'/>
		<totalScore value='28603'/>
	</enemy>

	<scoreRatio value='0.403279'/>
</results>
