<results>
	<result value='win'/>
	<start value='2015-05-06.20:25:20'/>
	<end value='2015-05-06.20:25:34'/>
	<frames value='21175'/>
	<gameDuration value='1323'/>

	<player>
		<unitScore value='8650'/>
		<killScore value='12300'/>
		<buildingScore value='3475'/>
		<razingScore value='6450'/>
		<mineralScore value='14510'/>
		<gasScore value='1648'/>
		<totalScore value='47033'/>
	</player>

	<enemy>
		<race value='Terran'/>
		<unitScore value='6150'/>
		<unitScore value='6150'/>
		<killScore value='3200'/>
		<buildingScore value='2150'/>
		<razingScore value='525'/>
		<mineralScore value='7570'/>
		<gasScore value='2408'/>
		<totalScore value='22003'/>
	</enemy>

	<scoreRatio value='2.13757'/>
	<timeFitness value='0.81625'/>
	<unitsAverage value='66'/>
</results>
