<results>
	<result value='win'/>
	<start value='2015-05-06.20:27:46'/>
	<end value='2015-05-06.20:27:59'/>
	<frames value='22663'/>
	<gameDuration value='1416'/>

	<player>
		<unitScore value='9100'/>
		<killScore value='16950'/>
		<buildingScore value='2575'/>
		<razingScore value='6300'/>
		<mineralScore value='12566'/>
		<gasScore value='1520'/>
		<totalScore value='49011'/>
	</player>

	<enemy>
		<race value='Terran'/>
		<unitScore value='9075'/>
		<unitScore value='9075'/>
		<killScore value='7850'/>
		<buildingScore value='2100'/>
		<razingScore value='1350'/>
		<mineralScore value='9570'/>
		<gasScore value='2776'/>
		<totalScore value='32721'/>
	</enemy>

	<scoreRatio value='1.49785'/>
	<timeFitness value='0.803333'/>
	<unitsAverage value='48'/>
</results>
