<results>
	<result value='win'/>
	<start value='2015-04-26.04:58:58'/>
	<end value='2015-04-26.04:59:22'/>
	<frames value='34505'/>
	<gameDuration value='2156'/>

	<player>
		<unitScore value='13750'/>
		<killScore value='29600'/>
		<buildingScore value='3325'/>
		<razingScore value='12675'/>
		<mineralScore value='17434'/>
		<gasScore value='1976'/>
		<totalScore value='78760'/>
	</player>

	<enemy>
		<race value='Terran'/>
		<unitScore value='16900'/>
		<unitScore value='16900'/>
		<killScore value='17150'/>
		<buildingScore value='4300'/>
		<razingScore value='4050'/>
		<mineralScore value='15422'/>
		<gasScore value='7808'/>
		<totalScore value='65630'/>
	</enemy>

	<scoreRatio value='1.20006'/>
</results>
