<results>
	<result value='win'/>
	<start value='2015-04-16.14:06:01'/>
	<end value='2015-04-16.14:06:44'/>
	<frames value='27096'/>
	<gameDuration value='1693'/>

	<player>
		<unitScore value='15075'/>
		<killScore value='15750'/>
		<buildingScore value='3775'/>
		<razingScore value='15075'/>
		<mineralScore value='20954'/>
		<gasScore value='2056'/>
		<totalScore value='72685'/>
	</player>

	<enemy>
		<race value='Protoss'/>
		<unitScore value='7875'/>
		<unitScore value='7875'/>
		<killScore value='11850'/>
		<buildingScore value='5025'/>
		<razingScore value='150'/>
		<mineralScore value='12402'/>
		<gasScore value='2864'/>
		<totalScore value='40166'/>
	</enemy>

	<scoreRatio value='1.80962'/>
</results>
