<results>
	<result value='loss'/>
	<start value='2014-07-24.16:46:09'/>
	<end value='2014-07-24.16:46:16'/>
	<frames value='15502'/>
	<gameDuration value='968'/>

	<player>
		<unitScore value='2475'/>
		<killScore value='1200'/>
		<buildingScore value='1575'/>
		<razingScore value='0'/>
		<mineralScore value='4098'/>
		<gasScore value='680'/>
		<totalScore value='10028'/>
	</player>

	<enemy>
		<race value='Protoss'/>
		<unitScore value='3550'/>
		<unitScore value='3550'/>
		<killScore value='4350'/>
		<buildingScore value='3225'/>
		<razingScore value='4725'/>
		<mineralScore value='8106'/>
		<gasScore value='1304'/>
		<totalScore value='25260'/>
	</enemy>

	<scoreRatio value='0.396991'/>
</results>
