<results>
	<result value='win'/>
	<start value='2014-07-24.16:48:14'/>
	<end value='2014-07-24.16:48:38'/>
	<frames value='31281'/>
	<gameDuration value='1955'/>

	<player>
		<unitScore value='16775'/>
		<killScore value='17300'/>
		<buildingScore value='3725'/>
		<razingScore value='19725'/>
		<mineralScore value='22590'/>
		<gasScore value='3544'/>
		<totalScore value='83659'/>
	</player>

	<enemy>
		<race value='Protoss'/>
		<unitScore value='8850'/>
		<unitScore value='8850'/>
		<killScore value='16950'/>
		<buildingScore value='6575'/>
		<razingScore value='1350'/>
		<mineralScore value='17114'/>
		<gasScore value='4496'/>
		<totalScore value='55335'/>
	</enemy>

	<scoreRatio value='1.51186'/>
</results>
