<results>
	<result value='win'/>
	<start value='2014-07-24.16:51:54'/>
	<end value='2014-07-24.16:52:22'/>
	<frames value='27809'/>
	<gameDuration value='1738'/>

	<player>
		<unitScore value='19200'/>
		<killScore value='19600'/>
		<buildingScore value='4150'/>
		<razingScore value='12900'/>
		<mineralScore value='25642'/>
		<gasScore value='2232'/>
		<totalScore value='83724'/>
	</player>

	<enemy>
		<race value='Protoss'/>
		<unitScore value='9800'/>
		<unitScore value='9800'/>
		<killScore value='15400'/>
		<buildingScore value='4300'/>
		<razingScore value='0'/>
		<mineralScore value='19290'/>
		<gasScore value='2032'/>
		<totalScore value='50822'/>
	</enemy>

	<scoreRatio value='1.6474'/>
</results>
