<results>
	<result value='loss'/>
	<start value='2014-07-24.16:54:25'/>
	<end value='2014-07-24.16:54:34'/>
	<frames value='19656'/>
	<gameDuration value='1228'/>

	<player>
		<unitScore value='3375'/>
		<killScore value='1800'/>
		<buildingScore value='1575'/>
		<razingScore value='0'/>
		<mineralScore value='5226'/>
		<gasScore value='920'/>
		<totalScore value='12896'/>
	</player>

	<enemy>
		<race value='Protoss'/>
		<unitScore value='4975'/>
		<unitScore value='4975'/>
		<killScore value='6150'/>
		<buildingScore value='4325'/>
		<razingScore value='4725'/>
		<mineralScore value='10674'/>
		<gasScore value='2728'/>
		<totalScore value='33577'/>
	</enemy>

	<scoreRatio value='0.384072'/>
</results>
