<results>
	<result value='win'/>
	<start value='2015-04-27.22:49:43'/>
	<end value='2015-04-27.22:50:21'/>
	<frames value='41294'/>
	<gameDuration value='2580'/>

	<player>
		<unitScore value='18150'/>
		<killScore value='21700'/>
		<buildingScore value='4725'/>
		<razingScore value='10425'/>
		<mineralScore value='25798'/>
		<gasScore value='4120'/>
		<totalScore value='84918'/>
	</player>

	<enemy>
		<race value='Terran'/>
		<unitScore value='10850'/>
		<unitScore value='10850'/>
		<killScore value='12850'/>
		<buildingScore value='3475'/>
		<razingScore value='3000'/>
		<mineralScore value='12462'/>
		<gasScore value='4200'/>
		<totalScore value='46837'/>
	</enemy>

	<scoreRatio value='1.81305'/>
</results>
