<results>
	<result value='win'/>
	<start value='2015-07-19.14:37:22'/>
	<end value='2015-07-19.14:39:38'/>
	<frames value='40798'/>
	<gameDuration value='2549'/>

	<player>
		<unitScore value='38225'/>
		<killScore value='40150'/>
		<buildingScore value='4500'/>
		<razingScore value='8235'/>
		<mineralScore value='43122'/>
		<gasScore value='5888'/>
		<totalScore value='140120'/>
	</player>

	<enemy>
		<race value='Zerg'/>
		<unitScore value='17275'/>
		<killScore value='48650'/>
		<buildingScore value='2745'/>
		<razingScore value='525'/>
		<mineralScore value='16178'/>
		<gasScore value='6104'/>
		<totalScore value='91477'/>
	</enemy>

	<scoreRatio value='1.53175'/>
	<timeFitness value='0.645972'/>
	<unitsAverage value='142'/>
</results>
