<results>
	<result value='draw'/>
	<start value='2015-07-19.14:41:19'/>
	<end value='2015-07-19.14:44:54'/>
	<frames value='57601'/>
	<gameDuration value='3600'/>

	<player>
		<unitScore value='42875'/>
		<killScore value='54550'/>
		<buildingScore value='3375'/>
		<razingScore value='75'/>
		<mineralScore value='35850'/>
		<gasScore value='5120'/>
		<totalScore value='141845'/>
	</player>

	<enemy>
		<race value='Zerg'/>
		<unitScore value='35250'/>
		<killScore value='56300'/>
		<buildingScore value='4185'/>
		<razingScore value='750'/>
		<mineralScore value='26306'/>
		<gasScore value='15346'/>
		<totalScore value='138137'/>
	</enemy>

	<scoreRatio value='1.02684'/>
	<timeFitness value='0.5'/>
	<unitsAverage value='133'/>
</results>
