<results>
	<result value='loss'/>
	<start value='2015-07-19.15:00:10'/>
	<end value='2015-07-19.15:00:56'/>
	<frames value='26507'/>
	<gameDuration value='1656'/>

	<player>
		<unitScore value='8650'/>
		<killScore value='5250'/>
		<buildingScore value='3250'/>
		<razingScore value='0'/>
		<mineralScore value='24350'/>
		<gasScore value='1824'/>
		<totalScore value='43324'/>
	</player>

	<enemy>
		<race value='Zerg'/>
		<unitScore value='14000'/>
		<killScore value='17400'/>
		<buildingScore value='2940'/>
		<razingScore value='9750'/>
		<mineralScore value='14846'/>
		<gasScore value='4184'/>
		<totalScore value='63120'/>
	</enemy>

	<scoreRatio value='0.686375'/>
	<timeFitness value='0.23'/>
	<unitsAverage value='63'/>
</results>
