<results>
	<result value='win'/>
	<start value='2015-04-29.03:48:50'/>
	<end value='2015-04-29.03:49:57'/>
	<frames value='37481'/>
	<gameDuration value='2342'/>

	<player>
		<unitScore value='25025'/>
		<killScore value='23950'/>
		<buildingScore value='4925'/>
		<razingScore value='18825'/>
		<mineralScore value='31898'/>
		<gasScore value='2776'/>
		<totalScore value='107399'/>
	</player>

	<enemy>
		<race value='Protoss'/>
		<unitScore value='12425'/>
		<unitScore value='12425'/>
		<killScore value='24950'/>
		<buildingScore value='6175'/>
		<razingScore value='750'/>
		<mineralScore value='17510'/>
		<gasScore value='5440'/>
		<totalScore value='67250'/>
	</enemy>

	<scoreRatio value='1.59701'/>
</results>
