<results>
	<result value='loss'/>
	<start value='2015-03-31.15:04:04'/>
	<end value='2015-03-31.15:04:13'/>
	<frames value='15967'/>
	<gameDuration value='997'/>

	<player>
		<unitScore value='3375'/>
		<killScore value='1000'/>
		<buildingScore value='1850'/>
		<razingScore value='0'/>
		<mineralScore value='5162'/>
		<gasScore value='664'/>
		<totalScore value='12051'/>
	</player>

	<enemy>
		<race value='Protoss'/>
		<unitScore value='3550'/>
		<unitScore value='3550'/>
		<killScore value='6750'/>
		<buildingScore value='3475'/>
		<razingScore value='5550'/>
		<mineralScore value='8178'/>
		<gasScore value='1512'/>
		<totalScore value='29015'/>
	</enemy>

	<scoreRatio value='0.415337'/>
</results>
