<results>
	<result value='loss'/>
	<start value='2015-03-31.15:05:32'/>
	<end value='2015-03-31.15:06:13'/>
	<frames value='47029'/>
	<gameDuration value='2939'/>

	<player>
		<unitScore value='21700'/>
		<killScore value='29450'/>
		<buildingScore value='2550'/>
		<razingScore value='3150'/>
		<mineralScore value='24058'/>
		<gasScore value='4544'/>
		<totalScore value='85452'/>
	</player>

	<enemy>
		<race value='Protoss'/>
		<unitScore value='34325'/>
		<unitScore value='34325'/>
		<killScore value='43400'/>
		<buildingScore value='8525'/>
		<razingScore value='7650'/>
		<mineralScore value='33038'/>
		<gasScore value='11142'/>
		<totalScore value='138080'/>
	</enemy>

	<scoreRatio value='0.618859'/>
</results>
