<results>
	<result value='draw'/>
	<start value='2015-03-31.15:12:49'/>
	<end value='2015-03-31.15:13:49'/>
	<frames value='57601'/>
	<gameDuration value='3600'/>

	<player>
		<unitScore value='26900'/>
		<killScore value='29900'/>
		<buildingScore value='3800'/>
		<razingScore value='600'/>
		<mineralScore value='29258'/>
		<gasScore value='5664'/>
		<totalScore value='96122'/>
	</player>

	<enemy>
		<race value='Protoss'/>
		<unitScore value='34350'/>
		<unitScore value='34350'/>
		<killScore value='46500'/>
		<buildingScore value='7275'/>
		<razingScore value='8175'/>
		<mineralScore value='32486'/>
		<gasScore value='12038'/>
		<totalScore value='140824'/>
	</enemy>

	<scoreRatio value='0.682568'/>
</results>
