<results>
	<result value='draw'/>
	<start value='2014-07-06.23:31:38'/>
	<end value='2014-07-06.23:32:40'/>
	<frames value='57601'/>
	<gameDuration value='3600'/>

	<player>
		<unitScore value='26675'/>
		<killScore value='58780'/>
		<buildingScore value='3500'/>
		<razingScore value='4395'/>
		<mineralScore value='35234'/>
		<gasScore value='2080'/>
		<totalScore value='130664'/>
	</player>

	<enemy>
		<race value='Zerg'/>
		<unitScore value='31875'/>
		<unitScore value='31875'/>
		<killScore value='44450'/>
		<buildingScore value='5010'/>
		<razingScore value='2850'/>
		<mineralScore value='25886'/>
		<gasScore value='11386'/>
		<totalScore value='121457'/>
	</enemy>

	<scoreRatio value='1.0758'/>
</results>
