<results>
	<result value='draw'/>
	<start value='2015-07-20.13:42:33'/>
	<end value='2015-07-20.13:44:23'/>
	<frames value='57601'/>
	<gameDuration value='3600'/>

	<player>
		<unitScore value='44100'/>
		<killScore value='37750'/>
		<buildingScore value='3900'/>
		<razingScore value='0'/>
		<mineralScore value='34974'/>
		<gasScore value='8554'/>
		<totalScore value='129278'/>
	</player>

	<enemy>
		<race value='Zerg'/>
		<unitScore value='35550'/>
		<killScore value='78550'/>
		<buildingScore value='4070'/>
		<razingScore value='2700'/>
		<mineralScore value='27866'/>
		<gasScore value='11330'/>
		<totalScore value='160066'/>
	</enemy>

	<scoreRatio value='0.807654'/>
	<timeFitness value='0.5'/>
	<unitsAverage value='107'/>
</results>
