<results>
	<result value='loss'/>
	<start value='2015-07-18.01:46:19'/>
	<end value='2015-07-18.01:46:39'/>
	<frames value='29452'/>
	<gameDuration value='1840'/>

	<player>
		<unitScore value='3475'/>
		<killScore value='7050'/>
		<buildingScore value='1975'/>
		<razingScore value='300'/>
		<mineralScore value='4834'/>
		<gasScore value='752'/>
		<totalScore value='18386'/>
	</player>

	<enemy>
		<race value='Terran'/>
		<unitScore value='8775'/>
		<killScore value='6800'/>
		<buildingScore value='2850'/>
		<razingScore value='5925'/>
		<mineralScore value='10134'/>
		<gasScore value='3080'/>
		<totalScore value='37564'/>
	</enemy>

	<scoreRatio value='0.489458'/>
	<timeFitness value='0.255556'/>
	<unitsAverage value='17'/>
</results>
