<results>
	<result value='loss'/>
	<start value='2015-07-18.02:00:03'/>
	<end value='2015-07-18.02:00:39'/>
	<frames value='27995'/>
	<gameDuration value='1749'/>

	<player>
		<unitScore value='9250'/>
		<killScore value='9200'/>
		<buildingScore value='3100'/>
		<razingScore value='3825'/>
		<mineralScore value='11954'/>
		<gasScore value='1592'/>
		<totalScore value='38921'/>
	</player>

	<enemy>
		<race value='Terran'/>
		<unitScore value='7525'/>
		<killScore value='16600'/>
		<buildingScore value='2450'/>
		<razingScore value='9300'/>
		<mineralScore value='11090'/>
		<gasScore value='2648'/>
		<totalScore value='49613'/>
	</enemy>

	<scoreRatio value='0.784492'/>
	<timeFitness value='0.242917'/>
	<unitsAverage value='42'/>
</results>
