<results>
	<result value='loss'/>
	<start value='2015-07-18.02:02:06'/>
	<end value='2015-07-18.02:02:26'/>
	<frames value='23035'/>
	<gameDuration value='1439'/>

	<player>
		<unitScore value='8650'/>
		<killScore value='3400'/>
		<buildingScore value='2425'/>
		<razingScore value='0'/>
		<mineralScore value='9978'/>
		<gasScore value='1760'/>
		<totalScore value='26213'/>
	</player>

	<enemy>
		<race value='Terran'/>
		<unitScore value='9150'/>
		<killScore value='15650'/>
		<buildingScore value='3550'/>
		<razingScore value='7275'/>
		<mineralScore value='11298'/>
		<gasScore value='4696'/>
		<totalScore value='51619'/>
	</enemy>

	<scoreRatio value='0.507817'/>
	<timeFitness value='0.199861'/>
	<unitsAverage value='37'/>
</results>
