<results>
	<result value='loss'/>
	<start value='2015-04-16.18:35:57'/>
	<end value='2015-04-16.18:37:03'/>
	<frames value='47184'/>
	<gameDuration value='2949'/>

	<player>
		<unitScore value='19600'/>
		<killScore value='26250'/>
		<buildingScore value='2550'/>
		<razingScore value='2550'/>
		<mineralScore value='23950'/>
		<gasScore value='704'/>
		<totalScore value='75604'/>
	</player>

	<enemy>
		<race value='Protoss'/>
		<unitScore value='31425'/>
		<unitScore value='31425'/>
		<killScore value='39200'/>
		<buildingScore value='7925'/>
		<razingScore value='7650'/>
		<mineralScore value='30474'/>
		<gasScore value='11396'/>
		<totalScore value='128070'/>
	</enemy>

	<scoreRatio value='0.590333'/>
</results>
