<results>
	<result value='win'/>
	<start value='2015-04-27.14:36:03'/>
	<end value='2015-04-27.14:36:22'/>
	<frames value='26631'/>
	<gameDuration value='1664'/>

	<player>
		<unitScore value='11500'/>
		<killScore value='14300'/>
		<buildingScore value='3850'/>
		<razingScore value='9075'/>
		<mineralScore value='16282'/>
		<gasScore value='3296'/>
		<totalScore value='58303'/>
	</player>

	<enemy>
		<race value='Terran'/>
		<unitScore value='7850'/>
		<unitScore value='7850'/>
		<killScore value='9400'/>
		<buildingScore value='3025'/>
		<razingScore value='3675'/>
		<mineralScore value='10330'/>
		<gasScore value='3632'/>
		<totalScore value='37912'/>
	</enemy>

	<scoreRatio value='1.53785'/>
</results>
