<results>
	<result value='win'/>
	<start value='2015-04-27.14:44:00'/>
	<end value='2015-04-27.14:44:26'/>
	<frames value='29669'/>
	<gameDuration value='1854'/>

	<player>
		<unitScore value='13875'/>
		<killScore value='17600'/>
		<buildingScore value='4825'/>
		<razingScore value='8175'/>
		<mineralScore value='22770'/>
		<gasScore value='3536'/>
		<totalScore value='70781'/>
	</player>

	<enemy>
		<race value='Terran'/>
		<unitScore value='8800'/>
		<unitScore value='8800'/>
		<killScore value='7750'/>
		<buildingScore value='2725'/>
		<razingScore value='2400'/>
		<mineralScore value='9618'/>
		<gasScore value='2992'/>
		<totalScore value='34285'/>
	</enemy>

	<scoreRatio value='2.06449'/>
</results>
