<results>
	<result value='loss'/>
	<start value='2015-04-13.17:26:28'/>
	<end value='2015-04-13.17:26:54'/>
	<frames value='38690'/>
	<gameDuration value='2418'/>

	<player>
		<unitScore value='14050'/>
		<killScore value='15800'/>
		<buildingScore value='4725'/>
		<razingScore value='300'/>
		<mineralScore value='23154'/>
		<gasScore value='2368'/>
		<totalScore value='60397'/>
	</player>

	<enemy>
		<race value='Protoss'/>
		<unitScore value='27150'/>
		<unitScore value='27150'/>
		<killScore value='27850'/>
		<buildingScore value='7750'/>
		<razingScore value='14175'/>
		<mineralScore value='28382'/>
		<gasScore value='10506'/>
		<totalScore value='115813'/>
	</enemy>

	<scoreRatio value='0.521505'/>
</results>
