<results>
	<result value='loss'/>
	<start value='2015-05-11.03:32:19'/>
	<end value='2015-05-11.03:32:22'/>
	<frames value='7256'/>
	<gameDuration value='453'/>

	<player>
		<unitScore value='950'/>
		<killScore value='0'/>
		<buildingScore value='700'/>
		<razingScore value='0'/>
		<mineralScore value='1394'/>
		<gasScore value='80'/>
		<totalScore value='3124'/>
	</player>

	<enemy>
		<race value='Zerg'/>
		<unitScore value='1150'/>
		<unitScore value='1150'/>
		<killScore value='1900'/>
		<buildingScore value='375'/>
		<razingScore value='2100'/>
		<mineralScore value='1906'/>
		<gasScore value='0'/>
		<totalScore value='7431'/>
	</enemy>

	<scoreRatio value='0.420401'/>
	<timeFitness value='0.0629167'/>
	<unitsAverage value='10'/>
</results>
