<results>
	<result value='win'/>
	<start value='2015-05-11.03:32:54'/>
	<end value='2015-05-11.03:33:24'/>
	<frames value='26662'/>
	<gameDuration value='1666'/>

	<player>
		<unitScore value='16350'/>
		<killScore value='28840'/>
		<buildingScore value='3775'/>
		<razingScore value='6375'/>
		<mineralScore value='24810'/>
		<gasScore value='1968'/>
		<totalScore value='82118'/>
	</player>

	<enemy>
		<race value='Zerg'/>
		<unitScore value='13250'/>
		<unitScore value='13250'/>
		<killScore value='14600'/>
		<buildingScore value='2125'/>
		<razingScore value='0'/>
		<mineralScore value='12294'/>
		<gasScore value='3808'/>
		<totalScore value='46077'/>
	</enemy>

	<scoreRatio value='1.78219'/>
	<timeFitness value='0.768611'/>
	<unitsAverage value='95'/>
</results>
