<results>
	<result value='win'/>
	<start value='2015-05-11.03:34:09'/>
	<end value='2015-05-11.03:34:48'/>
	<frames value='29142'/>
	<gameDuration value='1821'/>

	<player>
		<unitScore value='18675'/>
		<killScore value='28635'/>
		<buildingScore value='4125'/>
		<razingScore value='6495'/>
		<mineralScore value='28930'/>
		<gasScore value='2104'/>
		<totalScore value='88964'/>
	</player>

	<enemy>
		<race value='Zerg'/>
		<unitScore value='12675'/>
		<unitScore value='12675'/>
		<killScore value='16000'/>
		<buildingScore value='2165'/>
		<razingScore value='0'/>
		<mineralScore value='12494'/>
		<gasScore value='4432'/>
		<totalScore value='47766'/>
	</enemy>

	<scoreRatio value='1.8625'/>
	<timeFitness value='0.747083'/>
	<unitsAverage value='106'/>
</results>
