<results>
	<result value='loss'/>
	<start value='2015-07-09.04:51:04'/>
	<end value='2015-07-09.04:51:28'/>
	<frames value='22167'/>
	<gameDuration value='1385'/>

	<player>
		<unitScore value='8925'/>
		<killScore value='2800'/>
		<buildingScore value='2525'/>
		<razingScore value='0'/>
		<mineralScore value='9218'/>
		<gasScore value='1584'/>
		<totalScore value='25052'/>
	</player>

	<enemy>
		<race value='Terran'/>
		<unitScore value='8425'/>
		<killScore value='16400'/>
		<buildingScore value='3300'/>
		<razingScore value='7575'/>
		<mineralScore value='10738'/>
		<gasScore value='4240'/>
		<totalScore value='50678'/>
	</enemy>

	<scoreRatio value='0.494337'/>
	<timeFitness value='0.192361'/>
	<unitsAverage value='35'/>
</results>
