<results>
	<result value='win'/>
	<start value='2015-07-09.13:03:31'/>
	<end value='2015-07-09.13:04:00'/>
	<frames value='21051'/>
	<gameDuration value='1315'/>

	<player>
		<unitScore value='11025'/>
		<killScore value='11050'/>
		<buildingScore value='3250'/>
		<razingScore value='4200'/>
		<mineralScore value='13946'/>
		<gasScore value='1952'/>
		<totalScore value='45423'/>
	</player>

	<enemy>
		<race value='Terran'/>
		<unitScore value='5525'/>
		<killScore value='6000'/>
		<buildingScore value='1400'/>
		<razingScore value='0'/>
		<mineralScore value='6666'/>
		<gasScore value='1608'/>
		<totalScore value='21199'/>
	</enemy>

	<scoreRatio value='2.1427'/>
	<timeFitness value='0.817361'/>
	<unitsAverage value='59'/>
</results>
