<results>
	<result value='loss'/>
	<start value='2015-07-09.04:57:57'/>
	<end value='2015-07-09.04:58:27'/>
	<frames value='23314'/>
	<gameDuration value='1457'/>

	<player>
		<unitScore value='9325'/>
		<killScore value='3500'/>
		<buildingScore value='2225'/>
		<razingScore value='0'/>
		<mineralScore value='9994'/>
		<gasScore value='1304'/>
		<totalScore value='26348'/>
	</player>

	<enemy>
		<race value='Terran'/>
		<unitScore value='7850'/>
		<killScore value='17550'/>
		<buildingScore value='2925'/>
		<razingScore value='6675'/>
		<mineralScore value='10990'/>
		<gasScore value='4072'/>
		<totalScore value='50062'/>
	</enemy>

	<scoreRatio value='0.526307'/>
	<timeFitness value='0.202361'/>
	<unitsAverage value='39'/>
</results>
