<results>
	<result value='loss'/>
	<start value='2015-07-09.04:59:22'/>
	<end value='2015-07-09.04:59:40'/>
	<frames value='18230'/>
	<gameDuration value='1139'/>

	<player>
		<unitScore value='5400'/>
		<killScore value='2300'/>
		<buildingScore value='2100'/>
		<razingScore value='0'/>
		<mineralScore value='7354'/>
		<gasScore value='776'/>
		<totalScore value='17930'/>
	</player>

	<enemy>
		<race value='Terran'/>
		<unitScore value='6200'/>
		<killScore value='10800'/>
		<buildingScore value='2250'/>
		<razingScore value='6300'/>
		<mineralScore value='8442'/>
		<gasScore value='2744'/>
		<totalScore value='36736'/>
	</enemy>

	<scoreRatio value='0.488077'/>
	<timeFitness value='0.158194'/>
	<unitsAverage value='28'/>
</results>
