<results>
	<result value='draw'/>
	<start value='2015-07-09.05:13:37'/>
	<end value='2015-07-09.05:15:13'/>
	<frames value='57601'/>
	<gameDuration value='3600'/>

	<player>
		<unitScore value='26975'/>
		<killScore value='14500'/>
		<buildingScore value='3250'/>
		<razingScore value='0'/>
		<mineralScore value='22010'/>
		<gasScore value='5848'/>
		<totalScore value='72583'/>
	</player>

	<enemy>
		<race value='Terran'/>
		<unitScore value='25225'/>
		<killScore value='45350'/>
		<buildingScore value='5275'/>
		<razingScore value='6450'/>
		<mineralScore value='28006'/>
		<gasScore value='11984'/>
		<totalScore value='122290'/>
	</enemy>

	<scoreRatio value='0.593532'/>
	<timeFitness value='0.5'/>
	<unitsAverage value='75'/>
</results>
