<results>
	<result value='draw'/>
	<start value='2014-07-04.12:05:15'/>
	<end value='2014-07-04.12:06:20'/>
	<frames value='57601'/>
	<gameDuration value='3600'/>

	<player>
		<unitScore value='26400'/>
		<killScore value='31400'/>
		<buildingScore value='3425'/>
		<razingScore value='20775'/>
		<mineralScore value='27602'/>
		<gasScore value='4728'/>
		<totalScore value='114330'/>
	</player>

	<enemy>
		<race value='Protoss'/>
		<unitScore value='15975'/>
		<unitScore value='15975'/>
		<killScore value='41850'/>
		<buildingScore value='7700'/>
		<razingScore value='2550'/>
		<mineralScore value='19270'/>
		<gasScore value='5592'/>
		<totalScore value='92937'/>
	</enemy>

	<scoreRatio value='1.23019'/>
</results>
