<results>
	<result value='win'/>
	<start value='2015-05-04.03:43:35'/>
	<end value='2015-05-04.03:46:05'/>
	<frames value='52919'/>
	<gameDuration value='3307'/>

	<player>
		<unitScore value='28675'/>
		<killScore value='34900'/>
		<buildingScore value='4600'/>
		<razingScore value='20850'/>
		<mineralScore value='42558'/>
		<gasScore value='5480'/>
		<totalScore value='137063'/>
	</player>

	<enemy>
		<race value='Protoss'/>
		<unitScore value='18575'/>
		<unitScore value='18575'/>
		<killScore value='30900'/>
		<buildingScore value='6950'/>
		<razingScore value='675'/>
		<mineralScore value='20282'/>
		<gasScore value='6976'/>
		<totalScore value='84358'/>
	</enemy>

	<scoreRatio value='1.62478'/>
	<timeFitness value='0.540694'/>
	<unitsAverage value='150'/>
</results>
