<results>
	<result value='loss'/>
	<start value='2015-05-04.03:50:05'/>
	<end value='2015-05-04.03:50:55'/>
	<frames value='41759'/>
	<gameDuration value='2609'/>

	<player>
		<unitScore value='17700'/>
		<killScore value='20450'/>
		<buildingScore value='2375'/>
		<razingScore value='900'/>
		<mineralScore value='19438'/>
		<gasScore value='5104'/>
		<totalScore value='65967'/>
	</player>

	<enemy>
		<race value='Protoss'/>
		<unitScore value='28425'/>
		<unitScore value='28425'/>
		<killScore value='35500'/>
		<buildingScore value='7275'/>
		<razingScore value='7125'/>
		<mineralScore value='28690'/>
		<gasScore value='10056'/>
		<totalScore value='117071'/>
	</enemy>

	<scoreRatio value='0.563479'/>
	<timeFitness value='0.362361'/>
	<unitsAverage value='53'/>
</results>
