<results>
	<result value='loss'/>
	<start value='2015-05-04.03:53:27'/>
	<end value='2015-05-04.03:53:59'/>
	<frames value='29762'/>
	<gameDuration value='1860'/>

	<player>
		<unitScore value='11525'/>
		<killScore value='3000'/>
		<buildingScore value='2625'/>
		<razingScore value='0'/>
		<mineralScore value='15230'/>
		<gasScore value='1608'/>
		<totalScore value='33988'/>
	</player>

	<enemy>
		<race value='Protoss'/>
		<unitScore value='13250'/>
		<unitScore value='13250'/>
		<killScore value='23050'/>
		<buildingScore value='6075'/>
		<razingScore value='7875'/>
		<mineralScore value='18466'/>
		<gasScore value='6640'/>
		<totalScore value='75356'/>
	</enemy>

	<scoreRatio value='0.451032'/>
	<timeFitness value='0.258333'/>
	<unitsAverage value='39'/>
</results>
