<results>
	<result value='draw'/>
	<start value='2015-05-04.04:00:17'/>
	<end value='2015-05-04.04:02:03'/>
	<frames value='57601'/>
	<gameDuration value='3600'/>

	<player>
		<unitScore value='30825'/>
		<killScore value='38450'/>
		<buildingScore value='3800'/>
		<razingScore value='3900'/>
		<mineralScore value='32142'/>
		<gasScore value='5048'/>
		<totalScore value='114165'/>
	</player>

	<enemy>
		<race value='Protoss'/>
		<unitScore value='23450'/>
		<unitScore value='23450'/>
		<killScore value='55600'/>
		<buildingScore value='6575'/>
		<razingScore value='8625'/>
		<mineralScore value='25918'/>
		<gasScore value='10906'/>
		<totalScore value='131074'/>
	</enemy>

	<scoreRatio value='0.870997'/>
	<timeFitness value='0.5'/>
	<unitsAverage value='97'/>
</results>
