<results>
	<result value='loss'/>
	<start value='2015-05-04.04:24:39'/>
	<end value='2015-05-04.04:24:53'/>
	<frames value='15781'/>
	<gameDuration value='986'/>

	<player>
		<unitScore value='3225'/>
		<killScore value='1300'/>
		<buildingScore value='1175'/>
		<razingScore value='0'/>
		<mineralScore value='5106'/>
		<gasScore value='776'/>
		<totalScore value='11582'/>
	</player>

	<enemy>
		<race value='Protoss'/>
		<unitScore value='4300'/>
		<unitScore value='4300'/>
		<killScore value='5950'/>
		<buildingScore value='3025'/>
		<razingScore value='3525'/>
		<mineralScore value='8010'/>
		<gasScore value='1496'/>
		<totalScore value='26306'/>
	</enemy>

	<scoreRatio value='0.44028'/>
	<timeFitness value='0.136944'/>
	<unitsAverage value='25'/>
</results>
