<results>
	<result value='loss'/>
	<start value='2015-05-04.04:25:11'/>
	<end value='2015-05-04.04:25:26'/>
	<frames value='17362'/>
	<gameDuration value='1085'/>

	<player>
		<unitScore value='3050'/>
		<killScore value='2400'/>
		<buildingScore value='1875'/>
		<razingScore value='0'/>
		<mineralScore value='4906'/>
		<gasScore value='704'/>
		<totalScore value='12935'/>
	</player>

	<enemy>
		<race value='Protoss'/>
		<unitScore value='3550'/>
		<unitScore value='3550'/>
		<killScore value='6100'/>
		<buildingScore value='4125'/>
		<razingScore value='5625'/>
		<mineralScore value='9154'/>
		<gasScore value='1616'/>
		<totalScore value='30170'/>
	</enemy>

	<scoreRatio value='0.428737'/>
	<timeFitness value='0.150694'/>
	<unitsAverage value='22'/>
</results>
