<results>
	<result value='draw'/>
	<start value='2015-05-04.04:30:19'/>
	<end value='2015-05-04.04:31:45'/>
	<frames value='57601'/>
	<gameDuration value='3600'/>

	<player>
		<unitScore value='29475'/>
		<killScore value='59000'/>
		<buildingScore value='3225'/>
		<razingScore value='2700'/>
		<mineralScore value='31602'/>
		<gasScore value='7168'/>
		<totalScore value='133170'/>
	</player>

	<enemy>
		<race value='Protoss'/>
		<unitScore value='36200'/>
		<unitScore value='36200'/>
		<killScore value='58950'/>
		<buildingScore value='6175'/>
		<razingScore value='8550'/>
		<mineralScore value='31310'/>
		<gasScore value='11434'/>
		<totalScore value='152619'/>
	</enemy>

	<scoreRatio value='0.872565'/>
	<timeFitness value='0.5'/>
	<unitsAverage value='77'/>
</results>
