<results>
	<result value='win'/>
	<start value='2015-04-08.16:49:27'/>
	<end value='2015-04-08.16:50:28'/>
	<frames value='40581'/>
	<gameDuration value='2536'/>

	<player>
		<unitScore value='31550'/>
		<killScore value='54450'/>
		<buildingScore value='3400'/>
		<razingScore value='19875'/>
		<mineralScore value='32190'/>
		<gasScore value='3504'/>
		<totalScore value='144969'/>
	</player>

	<enemy>
		<race value='Protoss'/>
		<unitScore value='27575'/>
		<unitScore value='27575'/>
		<killScore value='41150'/>
		<buildingScore value='6625'/>
		<razingScore value='0'/>
		<mineralScore value='26066'/>
		<gasScore value='9442'/>
		<totalScore value='110858'/>
	</enemy>

	<scoreRatio value='1.3077'/>
</results>
