<results>
	<result value='loss'/>
	<start value='2015-05-04.04:09:56'/>
	<end value='2015-05-04.04:10:40'/>
	<frames value='47990'/>
	<gameDuration value='2999'/>

	<player>
		<unitScore value='21975'/>
		<killScore value='36500'/>
		<buildingScore value='3475'/>
		<razingScore value='450'/>
		<mineralScore value='24034'/>
		<gasScore value='4920'/>
		<totalScore value='91354'/>
	</player>

	<enemy>
		<race value='Protoss'/>
		<unitScore value='37225'/>
		<unitScore value='37225'/>
		<killScore value='43950'/>
		<buildingScore value='7175'/>
		<razingScore value='10425'/>
		<mineralScore value='33166'/>
		<gasScore value='12244'/>
		<totalScore value='144185'/>
	</enemy>

	<scoreRatio value='0.633589'/>
	<timeFitness value='0.416528'/>
	<unitsAverage value='76'/>
</results>
