<results>
	<result value='loss'/>
	<start value='2015-05-04.04:10:43'/>
	<end value='2015-05-04.04:10:51'/>
	<frames value='17238'/>
	<gameDuration value='1077'/>

	<player>
		<unitScore value='3475'/>
		<killScore value='800'/>
		<buildingScore value='1550'/>
		<razingScore value='0'/>
		<mineralScore value='5522'/>
		<gasScore value='768'/>
		<totalScore value='12115'/>
	</player>

	<enemy>
		<race value='Protoss'/>
		<unitScore value='3600'/>
		<unitScore value='3600'/>
		<killScore value='6950'/>
		<buildingScore value='3975'/>
		<razingScore value='4650'/>
		<mineralScore value='9458'/>
		<gasScore value='1592'/>
		<totalScore value='30225'/>
	</enemy>

	<scoreRatio value='0.400827'/>
	<timeFitness value='0.149583'/>
	<unitsAverage value='22'/>
</results>
