<results>
	<result value='loss'/>
	<start value='2015-04-26.02:35:11'/>
	<end value='2015-04-26.02:35:41'/>
	<frames value='46905'/>
	<gameDuration value='2931'/>

	<player>
		<unitScore value='14350'/>
		<killScore value='22450'/>
		<buildingScore value='2600'/>
		<razingScore value='1125'/>
		<mineralScore value='16690'/>
		<gasScore value='2512'/>
		<totalScore value='59727'/>
	</player>

	<enemy>
		<race value='Terran'/>
		<unitScore value='32325'/>
		<unitScore value='32325'/>
		<killScore value='28700'/>
		<buildingScore value='5500'/>
		<razingScore value='7950'/>
		<mineralScore value='23122'/>
		<gasScore value='13854'/>
		<totalScore value='111451'/>
	</enemy>

	<scoreRatio value='0.535904'/>
</results>
