<results>
	<result value='win'/>
	<start value='2015-04-26.02:34:12'/>
	<end value='2015-04-26.02:34:40'/>
	<frames value='27840'/>
	<gameDuration value='1740'/>

	<player>
		<unitScore value='15025'/>
		<killScore value='23200'/>
		<buildingScore value='4500'/>
		<razingScore value='7875'/>
		<mineralScore value='26378'/>
		<gasScore value='2392'/>
		<totalScore value='79370'/>
	</player>

	<enemy>
		<race value='Terran'/>
		<unitScore value='11600'/>
		<unitScore value='11600'/>
		<killScore value='8900'/>
		<buildingScore value='2625'/>
		<razingScore value='150'/>
		<mineralScore value='11374'/>
		<gasScore value='3488'/>
		<totalScore value='38137'/>
	</enemy>

	<scoreRatio value='2.08118'/>
</results>
