<results>
	<result value='win'/>
	<start value='2015-04-26.02:45:54'/>
	<end value='2015-04-26.02:46:11'/>
	<frames value='22849'/>
	<gameDuration value='1428'/>

	<player>
		<unitScore value='9050'/>
		<killScore value='15000'/>
		<buildingScore value='2650'/>
		<razingScore value='8250'/>
		<mineralScore value='13346'/>
		<gasScore value='1744'/>
		<totalScore value='50040'/>
	</player>

	<enemy>
		<race value='Terran'/>
		<unitScore value='7500'/>
		<unitScore value='7500'/>
		<killScore value='5900'/>
		<buildingScore value='2750'/>
		<razingScore value='1575'/>
		<mineralScore value='9874'/>
		<gasScore value='3360'/>
		<totalScore value='30959'/>
	</enemy>

	<scoreRatio value='1.61633'/>
</results>
