<results>
	<result value='loss'/>
	<start value='2015-04-13.02:23:51'/>
	<end value='2015-04-13.02:23:59'/>
	<frames value='18447'/>
	<gameDuration value='1152'/>

	<player>
		<unitScore value='3300'/>
		<killScore value='1500'/>
		<buildingScore value='1525'/>
		<razingScore value='0'/>
		<mineralScore value='5034'/>
		<gasScore value='776'/>
		<totalScore value='12135'/>
	</player>

	<enemy>
		<race value='Protoss'/>
		<unitScore value='3900'/>
		<unitScore value='3900'/>
		<killScore value='6600'/>
		<buildingScore value='4475'/>
		<razingScore value='4575'/>
		<mineralScore value='10266'/>
		<gasScore value='1984'/>
		<totalScore value='31800'/>
	</enemy>

	<scoreRatio value='0.381604'/>
</results>
