<results>
	<result value='loss'/>
	<start value='2015-04-07.23:53:04'/>
	<end value='2015-04-07.23:53:16'/>
	<frames value='24771'/>
	<gameDuration value='1548'/>

	<player>
		<unitScore value='3125'/>
		<killScore value='2800'/>
		<buildingScore value='1600'/>
		<razingScore value='0'/>
		<mineralScore value='4722'/>
		<gasScore value='720'/>
		<totalScore value='12967'/>
	</player>

	<enemy>
		<race value='Protoss'/>
		<unitScore value='11025'/>
		<unitScore value='11025'/>
		<killScore value='6250'/>
		<buildingScore value='5625'/>
		<razingScore value='4800'/>
		<mineralScore value='16338'/>
		<gasScore value='4696'/>
		<totalScore value='48734'/>
	</enemy>

	<scoreRatio value='0.266077'/>
</results>
