<results>
	<result value='loss'/>
	<start value='2015-04-07.23:56:08'/>
	<end value='2015-04-07.23:56:48'/>
	<frames value='41046'/>
	<gameDuration value='2565'/>

	<player>
		<unitScore value='17800'/>
		<killScore value='14100'/>
		<buildingScore value='2925'/>
		<razingScore value='0'/>
		<mineralScore value='21558'/>
		<gasScore value='4832'/>
		<totalScore value='61215'/>
	</player>

	<enemy>
		<race value='Protoss'/>
		<unitScore value='26875'/>
		<unitScore value='26875'/>
		<killScore value='35800'/>
		<buildingScore value='7175'/>
		<razingScore value='8775'/>
		<mineralScore value='28098'/>
		<gasScore value='10382'/>
		<totalScore value='117105'/>
	</enemy>

	<scoreRatio value='0.522736'/>
</results>
