<results>
	<result value='loss'/>
	<start value='2015-04-07.23:56:53'/>
	<end value='2015-04-07.23:57:36'/>
	<frames value='44146'/>
	<gameDuration value='2759'/>

	<player>
		<unitScore value='15250'/>
		<killScore value='25450'/>
		<buildingScore value='3100'/>
		<razingScore value='0'/>
		<mineralScore value='23978'/>
		<gasScore value='3768'/>
		<totalScore value='71546'/>
	</player>

	<enemy>
		<race value='Protoss'/>
		<unitScore value='32845'/>
		<unitScore value='32845'/>
		<killScore value='30350'/>
		<buildingScore value='7875'/>
		<razingScore value='9300'/>
		<mineralScore value='30174'/>
		<gasScore value='12996'/>
		<totalScore value='123540'/>
	</enemy>

	<scoreRatio value='0.579132'/>
</results>
