<results>
	<result value='loss'/>
	<start value='2015-04-08.16:11:48'/>
	<end value='2015-04-08.16:11:59'/>
	<frames value='18850'/>
	<gameDuration value='1178'/>

	<player>
		<unitScore value='5450'/>
		<killScore value='1600'/>
		<buildingScore value='2125'/>
		<razingScore value='0'/>
		<mineralScore value='7458'/>
		<gasScore value='888'/>
		<totalScore value='17521'/>
	</player>

	<enemy>
		<race value='Protoss'/>
		<unitScore value='4575'/>
		<unitScore value='4575'/>
		<killScore value='10900'/>
		<buildingScore value='4175'/>
		<razingScore value='6375'/>
		<mineralScore value='9586'/>
		<gasScore value='2536'/>
		<totalScore value='38147'/>
	</enemy>

	<scoreRatio value='0.459302'/>
</results>
