<results>
	<result value='win'/>
	<start value='2015-04-28.23:21:28'/>
	<end value='2015-04-28.23:22:01'/>
	<frames value='25515'/>
	<gameDuration value='1594'/>

	<player>
		<unitScore value='17100'/>
		<killScore value='26390'/>
		<buildingScore value='4300'/>
		<razingScore value='3735'/>
		<mineralScore value='24262'/>
		<gasScore value='2328'/>
		<totalScore value='78115'/>
	</player>

	<enemy>
		<race value='Zerg'/>
		<unitScore value='11575'/>
		<unitScore value='11575'/>
		<killScore value='14650'/>
		<buildingScore value='1245'/>
		<razingScore value='0'/>
		<mineralScore value='10030'/>
		<gasScore value='2824'/>
		<totalScore value='40324'/>
	</enemy>

	<scoreRatio value='1.93718'/>
</results>
