<results>
	<result value='win'/>
	<start value='2015-04-07.19:22:40'/>
	<end value='2015-04-07.19:23:45'/>
	<frames value='54593'/>
	<gameDuration value='3412'/>

	<player>
		<unitScore value='32325'/>
		<killScore value='50050'/>
		<buildingScore value='3150'/>
		<razingScore value='25125'/>
		<mineralScore value='33242'/>
		<gasScore value='4536'/>
		<totalScore value='148428'/>
	</player>

	<enemy>
		<race value='Protoss'/>
		<unitScore value='27350'/>
		<unitScore value='27350'/>
		<killScore value='47600'/>
		<buildingScore value='8375'/>
		<razingScore value='150'/>
		<mineralScore value='27046'/>
		<gasScore value='8864'/>
		<totalScore value='119385'/>
	</enemy>

	<scoreRatio value='1.24327'/>
</results>
