<results>
	<result value='loss'/>
	<start value='2015-04-13.09:33:24'/>
	<end value='2015-04-13.09:33:40'/>
	<frames value='17858'/>
	<gameDuration value='1116'/>

	<player>
		<unitScore value='3050'/>
		<killScore value='1400'/>
		<buildingScore value='1350'/>
		<razingScore value='0'/>
		<mineralScore value='4794'/>
		<gasScore value='824'/>
		<totalScore value='11418'/>
	</player>

	<enemy>
		<race value='Protoss'/>
		<unitScore value='4000'/>
		<unitScore value='4000'/>
		<killScore value='6100'/>
		<buildingScore value='3775'/>
		<razingScore value='4050'/>
		<mineralScore value='9530'/>
		<gasScore value='1680'/>
		<totalScore value='29135'/>
	</enemy>

	<scoreRatio value='0.3919'/>
</results>
