<results>
	<result value='win'/>
	<start value='2015-07-09.10:04:29'/>
	<end value='2015-07-09.10:05:40'/>
	<frames value='40147'/>
	<gameDuration value='2509'/>

	<player>
		<unitScore value='23525'/>
		<killScore value='20150'/>
		<buildingScore value='4375'/>
		<razingScore value='10125'/>
		<mineralScore value='31446'/>
		<gasScore value='4464'/>
		<totalScore value='94085'/>
	</player>

	<enemy>
		<race value='Terran'/>
		<unitScore value='11075'/>
		<killScore value='25050'/>
		<buildingScore value='3375'/>
		<razingScore value='5325'/>
		<mineralScore value='12050'/>
		<gasScore value='5332'/>
		<totalScore value='62207'/>
	</enemy>

	<scoreRatio value='1.51245'/>
	<timeFitness value='0.651528'/>
	<unitsAverage value='82'/>
</results>
