<results>
	<result value='draw'/>
	<start value='2015-07-09.02:36:26'/>
	<end value='2015-07-09.02:38:50'/>
	<frames value='57601'/>
	<gameDuration value='3600'/>

	<player>
		<unitScore value='29825'/>
		<killScore value='14650'/>
		<buildingScore value='4675'/>
		<razingScore value='150'/>
		<mineralScore value='38494'/>
		<gasScore value='3328'/>
		<totalScore value='91122'/>
	</player>

	<enemy>
		<race value='Terran'/>
		<unitScore value='15600'/>
		<killScore value='44100'/>
		<buildingScore value='3950'/>
		<razingScore value='5700'/>
		<mineralScore value='24050'/>
		<gasScore value='6596'/>
		<totalScore value='99996'/>
	</enemy>

	<scoreRatio value='0.911256'/>
	<timeFitness value='0.5'/>
	<unitsAverage value='116'/>
</results>
