<results>
	<result value='loss'/>
	<start value='2015-07-09.02:55:03'/>
	<end value='2015-07-09.02:55:27'/>
	<frames value='20369'/>
	<gameDuration value='1273'/>

	<player>
		<unitScore value='8200'/>
		<killScore value='2700'/>
		<buildingScore value='1850'/>
		<razingScore value='0'/>
		<mineralScore value='9146'/>
		<gasScore value='1256'/>
		<totalScore value='23152'/>
	</player>

	<enemy>
		<race value='Terran'/>
		<unitScore value='7750'/>
		<killScore value='15800'/>
		<buildingScore value='2925'/>
		<razingScore value='5550'/>
		<mineralScore value='9658'/>
		<gasScore value='3808'/>
		<totalScore value='45491'/>
	</enemy>

	<scoreRatio value='0.508936'/>
	<timeFitness value='0.176806'/>
	<unitsAverage value='37'/>
</results>
