<results>
	<result value='draw'/>
	<start value='2015-07-09.03:02:31'/>
	<end value='2015-07-09.03:05:41'/>
	<frames value='57601'/>
	<gameDuration value='3600'/>

	<player>
		<unitScore value='48100'/>
		<killScore value='22050'/>
		<buildingScore value='6825'/>
		<razingScore value='3450'/>
		<mineralScore value='44610'/>
		<gasScore value='9240'/>
		<totalScore value='134275'/>
	</player>

	<enemy>
		<race value='Terran'/>
		<unitScore value='12125'/>
		<killScore value='71400'/>
		<buildingScore value='2800'/>
		<razingScore value='5100'/>
		<mineralScore value='12050'/>
		<gasScore value='6404'/>
		<totalScore value='109879'/>
	</enemy>

	<scoreRatio value='1.22203'/>
	<timeFitness value='0.5'/>
	<unitsAverage value='124'/>
</results>
