<results>
	<result value='win'/>
	<start value='2014-07-22.19:49:29'/>
	<end value='2014-07-22.19:50:00'/>
	<frames value='41976'/>
	<gameDuration value='2623'/>

	<player>
		<unitScore value='17450'/>
		<killScore value='25450'/>
		<buildingScore value='5375'/>
		<razingScore value='14925'/>
		<mineralScore value='24970'/>
		<gasScore value='3108'/>
		<totalScore value='91278'/>
	</player>

	<enemy>
		<race value='Terran'/>
		<unitScore value='13925'/>
		<unitScore value='13925'/>
		<killScore value='22050'/>
		<buildingScore value='4975'/>
		<razingScore value='7950'/>
		<mineralScore value='15130'/>
		<gasScore value='7366'/>
		<totalScore value='71396'/>
	</enemy>

	<scoreRatio value='1.27847'/>
</results>
