<results>
	<result value='draw'/>
	<start value='2015-05-03.14:03:35'/>
	<end value='2015-05-03.14:05:32'/>
	<frames value='57601'/>
	<gameDuration value='3600'/>

	<player>
		<unitScore value='18150'/>
		<killScore value='31000'/>
		<buildingScore value='3350'/>
		<razingScore value='360'/>
		<mineralScore value='20054'/>
		<gasScore value='2008'/>
		<totalScore value='74922'/>
	</player>

	<enemy>
		<race value='Zerg'/>
		<unitScore value='36800'/>
		<unitScore value='36800'/>
		<killScore value='23550'/>
		<buildingScore value='4910'/>
		<razingScore value='3075'/>
		<mineralScore value='40218'/>
		<gasScore value='11826'/>
		<totalScore value='120379'/>
	</enemy>

	<scoreRatio value='0.622384'/>
	<timeFitness value='0.5'/>
	<unitsAverage value='97'/>
</results>
