<results>
	<result value='win'/>
	<start value='2015-05-21.15:51:40'/>
	<end value='2015-05-21.15:52:42'/>
	<frames value='42999'/>
	<gameDuration value='2687'/>

	<player>
		<unitScore value='27350'/>
		<killScore value='53790'/>
		<buildingScore value='4975'/>
		<razingScore value='12045'/>
		<mineralScore value='33266'/>
		<gasScore value='5152'/>
		<totalScore value='136578'/>
	</player>

	<enemy>
		<race value='Zerg'/>
		<unitScore value='25350'/>
		<killScore value='25700'/>
		<buildingScore value='4015'/>
		<razingScore value='2100'/>
		<mineralScore value='21074'/>
		<gasScore value='8894'/>
		<totalScore value='87133'/>
	</enemy>

	<scoreRatio value='1.56747'/>
	<timeFitness value='0.626806'/>
	<unitsAverage value='125'/>
</results>
