<results>
	<result value='win'/>
	<start value='2015-05-02.22:21:51'/>
	<end value='2015-05-02.22:22:47'/>
	<frames value='32707'/>
	<gameDuration value='2044'/>

	<player>
		<unitScore value='19700'/>
		<killScore value='15950'/>
		<buildingScore value='3725'/>
		<razingScore value='12975'/>
		<mineralScore value='28746'/>
		<gasScore value='2880'/>
		<totalScore value='83976'/>
	</player>

	<enemy>
		<race value='Protoss'/>
		<unitScore value='7975'/>
		<unitScore value='7975'/>
		<killScore value='18500'/>
		<buildingScore value='4325'/>
		<razingScore value='450'/>
		<mineralScore value='12602'/>
		<gasScore value='2256'/>
		<totalScore value='46108'/>
	</enemy>

	<scoreRatio value='1.82129'/>
	<timeFitness value='0.716111'/>
	<unitsAverage value='98'/>
</results>
