<results>
	<result value='loss'/>
	<start value='2014-07-10.10:54:57'/>
	<end value='2014-07-10.10:55:16'/>
	<frames value='35528'/>
	<gameDuration value='2220'/>

	<player>
		<unitScore value='13000'/>
		<killScore value='11900'/>
		<buildingScore value='3050'/>
		<razingScore value='0'/>
		<mineralScore value='19442'/>
		<gasScore value='2192'/>
		<totalScore value='49584'/>
	</player>

	<enemy>
		<race value='Protoss'/>
		<unitScore value='22000'/>
		<unitScore value='22000'/>
		<killScore value='26000'/>
		<buildingScore value='7125'/>
		<razingScore value='9150'/>
		<mineralScore value='24258'/>
		<gasScore value='8680'/>
		<totalScore value='97213'/>
	</enemy>

	<scoreRatio value='0.510055'/>
</results>
