<results>
	<result value='loss'/>
	<start value='2015-05-02.15:49:02'/>
	<end value='2015-05-02.15:49:30'/>
	<frames value='36272'/>
	<gameDuration value='2267'/>

	<player>
		<unitScore value='14375'/>
		<killScore value='12750'/>
		<buildingScore value='1725'/>
		<razingScore value='150'/>
		<mineralScore value='14106'/>
		<gasScore value='2440'/>
		<totalScore value='45546'/>
	</player>

	<enemy>
		<race value='Protoss'/>
		<unitScore value='22075'/>
		<unitScore value='22075'/>
		<killScore value='28950'/>
		<buildingScore value='6975'/>
		<razingScore value='5175'/>
		<mineralScore value='24406'/>
		<gasScore value='9296'/>
		<totalScore value='96877'/>
	</enemy>

	<scoreRatio value='0.470143'/>
	<timeFitness value='0.314861'/>
	<unitsAverage value='46'/>
</results>
