<results>
	<result value='loss'/>
	<start value='2015-05-02.15:49:33'/>
	<end value='2015-05-02.15:49:41'/>
	<frames value='16277'/>
	<gameDuration value='1017'/>

	<player>
		<unitScore value='2950'/>
		<killScore value='800'/>
		<buildingScore value='1625'/>
		<razingScore value='0'/>
		<mineralScore value='4826'/>
		<gasScore value='800'/>
		<totalScore value='11001'/>
	</player>

	<enemy>
		<race value='Protoss'/>
		<unitScore value='3650'/>
		<unitScore value='3650'/>
		<killScore value='5900'/>
		<buildingScore value='3875'/>
		<razingScore value='4875'/>
		<mineralScore value='8698'/>
		<gasScore value='1664'/>
		<totalScore value='28662'/>
	</enemy>

	<scoreRatio value='0.383818'/>
	<timeFitness value='0.14125'/>
	<unitsAverage value='21'/>
</results>
