<results>
	<result value='loss'/>
	<start value='2015-04-13.05:09:56'/>
	<end value='2015-04-13.05:10:54'/>
	<frames value='47153'/>
	<gameDuration value='2947'/>

	<player>
		<unitScore value='21000'/>
		<killScore value='33800'/>
		<buildingScore value='3050'/>
		<razingScore value='900'/>
		<mineralScore value='23090'/>
		<gasScore value='1224'/>
		<totalScore value='83064'/>
	</player>

	<enemy>
		<race value='Protoss'/>
		<unitScore value='36175'/>
		<unitScore value='36175'/>
		<killScore value='42000'/>
		<buildingScore value='7525'/>
		<razingScore value='9150'/>
		<mineralScore value='32670'/>
		<gasScore value='12592'/>
		<totalScore value='140112'/>
	</enemy>

	<scoreRatio value='0.59284'/>
</results>
