<results>
	<result value='win'/>
	<start value='2015-05-10.07:38:51'/>
	<end value='2015-05-10.07:39:24'/>
	<frames value='27282'/>
	<gameDuration value='1705'/>

	<player>
		<unitScore value='16925'/>
		<killScore value='23215'/>
		<buildingScore value='4250'/>
		<razingScore value='6615'/>
		<mineralScore value='24762'/>
		<gasScore value='2312'/>
		<totalScore value='78079'/>
	</player>

	<enemy>
		<race value='Zerg'/>
		<unitScore value='10800'/>
		<unitScore value='10800'/>
		<killScore value='14300'/>
		<buildingScore value='2205'/>
		<razingScore value='0'/>
		<mineralScore value='11834'/>
		<gasScore value='3320'/>
		<totalScore value='42459'/>
	</enemy>

	<scoreRatio value='1.83893'/>
	<timeFitness value='0.763194'/>
	<unitsAverage value='98'/>
</results>
