<results>
	<result value='win'/>
	<start value='2015-05-10.07:51:25'/>
	<end value='2015-05-10.07:51:52'/>
	<frames value='25360'/>
	<gameDuration value='1585'/>

	<player>
		<unitScore value='14700'/>
		<killScore value='19510'/>
		<buildingScore value='4175'/>
		<razingScore value='6375'/>
		<mineralScore value='23110'/>
		<gasScore value='1752'/>
		<totalScore value='69622'/>
	</player>

	<enemy>
		<race value='Zerg'/>
		<unitScore value='9875'/>
		<unitScore value='9875'/>
		<killScore value='11400'/>
		<buildingScore value='2125'/>
		<razingScore value='0'/>
		<mineralScore value='10178'/>
		<gasScore value='2616'/>
		<totalScore value='36194'/>
	</enemy>

	<scoreRatio value='1.92358'/>
	<timeFitness value='0.779861'/>
	<unitsAverage value='88'/>
</results>
