<results>
	<result value='loss'/>
	<start value='2015-05-10.07:55:19'/>
	<end value='2015-05-10.07:55:31'/>
	<frames value='20710'/>
	<gameDuration value='1294'/>

	<player>
		<unitScore value='5375'/>
		<killScore value='7550'/>
		<buildingScore value='1600'/>
		<razingScore value='0'/>
		<mineralScore value='6938'/>
		<gasScore value='1608'/>
		<totalScore value='23071'/>
	</player>

	<enemy>
		<race value='Zerg'/>
		<unitScore value='8075'/>
		<unitScore value='8075'/>
		<killScore value='10750'/>
		<buildingScore value='1735'/>
		<razingScore value='4800'/>
		<mineralScore value='8338'/>
		<gasScore value='2368'/>
		<totalScore value='36066'/>
	</enemy>

	<scoreRatio value='0.639688'/>
	<timeFitness value='0.179722'/>
	<unitsAverage value='26'/>
</results>
