<results>
	<result value='win'/>
	<start value='2015-05-02.18:37:43'/>
	<end value='2015-05-02.18:38:00'/>
	<frames value='22849'/>
	<gameDuration value='1428'/>

	<player>
		<unitScore value='12825'/>
		<killScore value='11700'/>
		<buildingScore value='4200'/>
		<razingScore value='10275'/>
		<mineralScore value='19570'/>
		<gasScore value='1584'/>
		<totalScore value='60154'/>
	</player>

	<enemy>
		<race value='Protoss'/>
		<unitScore value='5850'/>
		<unitScore value='5850'/>
		<killScore value='9150'/>
		<buildingScore value='3425'/>
		<razingScore value='0'/>
		<mineralScore value='15754'/>
		<gasScore value='936'/>
		<totalScore value='35115'/>
	</enemy>

	<scoreRatio value='1.71306'/>
	<timeFitness value='0.801667'/>
	<unitsAverage value='80'/>
</results>
