<results>
	<result value='win'/>
	<start value='2015-04-08.11:28:53'/>
	<end value='2015-04-08.11:29:35'/>
	<frames value='34009'/>
	<gameDuration value='2125'/>

	<player>
		<unitScore value='21425'/>
		<killScore value='35000'/>
		<buildingScore value='3125'/>
		<razingScore value='18075'/>
		<mineralScore value='30866'/>
		<gasScore value='3192'/>
		<totalScore value='111683'/>
	</player>

	<enemy>
		<race value='Protoss'/>
		<unitScore value='17725'/>
		<unitScore value='17725'/>
		<killScore value='20500'/>
		<buildingScore value='6025'/>
		<razingScore value='0'/>
		<mineralScore value='19898'/>
		<gasScore value='4064'/>
		<totalScore value='68212'/>
	</enemy>

	<scoreRatio value='1.63729'/>
</results>
