<results>
	<result value='loss'/>
	<start value='2015-05-08.23:05:38'/>
	<end value='2015-05-08.23:05:50'/>
	<frames value='18974'/>
	<gameDuration value='1185'/>

	<player>
		<unitScore value='3450'/>
		<killScore value='2900'/>
		<buildingScore value='1750'/>
		<razingScore value='0'/>
		<mineralScore value='5626'/>
		<gasScore value='904'/>
		<totalScore value='14630'/>
	</player>

	<enemy>
		<race value='Terran'/>
		<unitScore value='6975'/>
		<unitScore value='6975'/>
		<killScore value='6900'/>
		<buildingScore value='2850'/>
		<razingScore value='5250'/>
		<mineralScore value='8994'/>
		<gasScore value='3016'/>
		<totalScore value='33985'/>
	</enemy>

	<scoreRatio value='0.430484'/>
	<timeFitness value='0.164583'/>
	<unitsAverage value='27'/>
</results>
