<results>
	<result value='win'/>
	<start value='2014-07-12.20:54:52'/>
	<end value='2014-07-12.20:55:05'/>
	<frames value='22043'/>
	<gameDuration value='1377'/>

	<player>
		<unitScore value='8300'/>
		<killScore value='17050'/>
		<buildingScore value='2675'/>
		<razingScore value='5400'/>
		<mineralScore value='13270'/>
		<gasScore value='1992'/>
		<totalScore value='48687'/>
	</player>

	<enemy>
		<race value='Terran'/>
		<unitScore value='8525'/>
		<unitScore value='8525'/>
		<killScore value='5150'/>
		<buildingScore value='1800'/>
		<razingScore value='450'/>
		<mineralScore value='8850'/>
		<gasScore value='2568'/>
		<totalScore value='27343'/>
	</enemy>

	<scoreRatio value='1.7806'/>
</results>
