<results>
	<result value='loss'/>
	<start value='2014-07-12.20:58:44'/>
	<end value='2014-07-12.20:58:53'/>
	<frames value='19408'/>
	<gameDuration value='1213'/>

	<player>
		<unitScore value='3525'/>
		<killScore value='2800'/>
		<buildingScore value='1925'/>
		<razingScore value='0'/>
		<mineralScore value='5386'/>
		<gasScore value='696'/>
		<totalScore value='14332'/>
	</player>

	<enemy>
		<race value='Terran'/>
		<unitScore value='7425'/>
		<unitScore value='7425'/>
		<killScore value='7050'/>
		<buildingScore value='2850'/>
		<razingScore value='5775'/>
		<mineralScore value='9042'/>
		<gasScore value='3360'/>
		<totalScore value='35502'/>
	</enemy>

	<scoreRatio value='0.403696'/>
</results>
