<results>
	<result value='win'/>
	<start value='2014-07-12.21:06:14'/>
	<end value='2014-07-12.21:06:40'/>
	<frames value='30506'/>
	<gameDuration value='1906'/>

	<player>
		<unitScore value='16650'/>
		<killScore value='30750'/>
		<buildingScore value='3275'/>
		<razingScore value='10950'/>
		<mineralScore value='20666'/>
		<gasScore value='2632'/>
		<totalScore value='84923'/>
	</player>

	<enemy>
		<race value='Terran'/>
		<unitScore value='15375'/>
		<unitScore value='15375'/>
		<killScore value='14200'/>
		<buildingScore value='3650'/>
		<razingScore value='1200'/>
		<mineralScore value='13006'/>
		<gasScore value='5608'/>
		<totalScore value='53039'/>
	</enemy>

	<scoreRatio value='1.60114'/>
</results>
