<results>
	<result value='win'/>
	<start value='2014-07-01.00:03:32'/>
	<end value='2014-07-01.00:04:27'/>
	<frames value='44518'/>
	<gameDuration value='2782'/>

	<player>
		<unitScore value='30075'/>
		<killScore value='54500'/>
		<buildingScore value='3900'/>
		<razingScore value='24600'/>
		<mineralScore value='33022'/>
		<gasScore value='5152'/>
		<totalScore value='151249'/>
	</player>

	<enemy>
		<race value='Protoss'/>
		<unitScore value='28450'/>
		<unitScore value='28450'/>
		<killScore value='36500'/>
		<buildingScore value='8200'/>
		<razingScore value='150'/>
		<mineralScore value='26886'/>
		<gasScore value='9454'/>
		<totalScore value='109640'/>
	</enemy>

	<scoreRatio value='1.37951'/>
</results>
