<results>
	<result value='win'/>
	<start value='2014-07-22.20:05:44'/>
	<end value='2014-07-22.20:07:03'/>
	<frames value='48827'/>
	<gameDuration value='3051'/>

	<player>
		<unitScore value='31200'/>
		<killScore value='47850'/>
		<buildingScore value='5450'/>
		<razingScore value='12015'/>
		<mineralScore value='38430'/>
		<gasScore value='4278'/>
		<totalScore value='139223'/>
	</player>

	<enemy>
		<race value='Zerg'/>
		<unitScore value='22975'/>
		<unitScore value='22975'/>
		<killScore value='34300'/>
		<buildingScore value='4005'/>
		<razingScore value='1950'/>
		<mineralScore value='21386'/>
		<gasScore value='7506'/>
		<totalScore value='92122'/>
	</enemy>

	<scoreRatio value='1.51129'/>
</results>
