<results>
	<result value='win'/>
	<start value='2014-07-22.20:11:42'/>
	<end value='2014-07-22.20:12:28'/>
	<frames value='31095'/>
	<gameDuration value='1943'/>

	<player>
		<unitScore value='22400'/>
		<killScore value='29900'/>
		<buildingScore value='3975'/>
		<razingScore value='7275'/>
		<mineralScore value='29306'/>
		<gasScore value='2352'/>
		<totalScore value='95208'/>
	</player>

	<enemy>
		<race value='Zerg'/>
		<unitScore value='13050'/>
		<unitScore value='13050'/>
		<killScore value='18000'/>
		<buildingScore value='2425'/>
		<razingScore value='0'/>
		<mineralScore value='13282'/>
		<gasScore value='4072'/>
		<totalScore value='50829'/>
	</enemy>

	<scoreRatio value='1.8731'/>
</results>
