<results>
	<result value='loss'/>
	<start value='2014-07-24.01:58:27'/>
	<end value='2014-07-24.01:58:41'/>
	<frames value='26972'/>
	<gameDuration value='1685'/>

	<player>
		<unitScore value='7325'/>
		<killScore value='5400'/>
		<buildingScore value='3475'/>
		<razingScore value='0'/>
		<mineralScore value='12218'/>
		<gasScore value='1464'/>
		<totalScore value='29882'/>
	</player>

	<enemy>
		<race value='Terran'/>
		<unitScore value='12800'/>
		<unitScore value='12800'/>
		<killScore value='14650'/>
		<buildingScore value='4425'/>
		<razingScore value='10425'/>
		<mineralScore value='13714'/>
		<gasScore value='6256'/>
		<totalScore value='62270'/>
	</enemy>

	<scoreRatio value='0.479878'/>
</results>
