<results>
	<result value='draw'/>
	<start value='2014-07-24.01:59:34'/>
	<end value='2014-07-24.02:00:30'/>
	<frames value='57601'/>
	<gameDuration value='3600'/>

	<player>
		<unitScore value='24750'/>
		<killScore value='28850'/>
		<buildingScore value='6000'/>
		<razingScore value='10575'/>
		<mineralScore value='39394'/>
		<gasScore value='7494'/>
		<totalScore value='117063'/>
	</player>

	<enemy>
		<race value='Terran'/>
		<unitScore value='16825'/>
		<unitScore value='16825'/>
		<killScore value='25900'/>
		<buildingScore value='3975'/>
		<razingScore value='3900'/>
		<mineralScore value='14786'/>
		<gasScore value='8320'/>
		<totalScore value='73706'/>
	</enemy>

	<scoreRatio value='1.58824'/>
</results>
