<results>
	<result value='win'/>
	<start value='2014-07-22.18:55:24'/>
	<end value='2014-07-22.18:56:11'/>
	<frames value='42999'/>
	<gameDuration value='2687'/>

	<player>
		<unitScore value='22800'/>
		<killScore value='40650'/>
		<buildingScore value='4750'/>
		<razingScore value='14250'/>
		<mineralScore value='29798'/>
		<gasScore value='3576'/>
		<totalScore value='115824'/>
	</player>

	<enemy>
		<race value='Terran'/>
		<unitScore value='22725'/>
		<unitScore value='22725'/>
		<killScore value='21400'/>
		<buildingScore value='4750'/>
		<razingScore value='2325'/>
		<mineralScore value='17770'/>
		<gasScore value='9732'/>
		<totalScore value='78702'/>
	</enemy>

	<scoreRatio value='1.47168'/>
</results>
