<results>
	<result value='draw'/>
	<start value='2014-07-24.02:02:16'/>
	<end value='2014-07-24.02:02:56'/>
	<frames value='57601'/>
	<gameDuration value='3600'/>

	<player>
		<unitScore value='17300'/>
		<killScore value='32450'/>
		<buildingScore value='3825'/>
		<razingScore value='5025'/>
		<mineralScore value='21662'/>
		<gasScore value='5032'/>
		<totalScore value='85294'/>
	</player>

	<enemy>
		<race value='Terran'/>
		<unitScore value='25725'/>
		<unitScore value='25725'/>
		<killScore value='26900'/>
		<buildingScore value='4075'/>
		<razingScore value='4875'/>
		<mineralScore value='18270'/>
		<gasScore value='11598'/>
		<totalScore value='91443'/>
	</enemy>

	<scoreRatio value='0.932756'/>
</results>
