<results>
	<result value='win'/>
	<start value='2015-05-09.03:45:26'/>
	<end value='2015-05-09.03:47:03'/>
	<frames value='36303'/>
	<gameDuration value='2268'/>

	<player>
		<unitScore value='27050'/>
		<killScore value='38500'/>
		<buildingScore value='4650'/>
		<razingScore value='12525'/>
		<mineralScore value='34458'/>
		<gasScore value='3088'/>
		<totalScore value='120271'/>
	</player>

	<enemy>
		<race value='Terran'/>
		<unitScore value='22575'/>
		<unitScore value='22575'/>
		<killScore value='30500'/>
		<buildingScore value='4175'/>
		<razingScore value='2025'/>
		<mineralScore value='17066'/>
		<gasScore value='8446'/>
		<totalScore value='84787'/>
	</enemy>

	<scoreRatio value='1.41851'/>
	<timeFitness value='0.685'/>
	<unitsAverage value='130'/>
</results>
