<results>
	<result value='loss'/>
	<start value='2015-05-09.03:47:06'/>
	<end value='2015-05-09.03:47:26'/>
	<frames value='19625'/>
	<gameDuration value='1226'/>

	<player>
		<unitScore value='4675'/>
		<killScore value='2900'/>
		<buildingScore value='1650'/>
		<razingScore value='0'/>
		<mineralScore value='6546'/>
		<gasScore value='1200'/>
		<totalScore value='16971'/>
	</player>

	<enemy>
		<race value='Terran'/>
		<unitScore value='6900'/>
		<unitScore value='6900'/>
		<killScore value='9250'/>
		<buildingScore value='2350'/>
		<razingScore value='4950'/>
		<mineralScore value='9122'/>
		<gasScore value='3208'/>
		<totalScore value='35780'/>
	</enemy>

	<scoreRatio value='0.474315'/>
	<timeFitness value='0.170278'/>
	<unitsAverage value='32'/>
</results>
