<results>
	<result value='draw'/>
	<start value='2015-05-09.04:06:24'/>
	<end value='2015-05-09.04:08:29'/>
	<frames value='57601'/>
	<gameDuration value='3600'/>

	<player>
		<unitScore value='40700'/>
		<killScore value='42550'/>
		<buildingScore value='4050'/>
		<razingScore value='750'/>
		<mineralScore value='43446'/>
		<gasScore value='9202'/>
		<totalScore value='140698'/>
	</player>

	<enemy>
		<race value='Terran'/>
		<unitScore value='30650'/>
		<unitScore value='30650'/>
		<killScore value='71800'/>
		<buildingScore value='4100'/>
		<razingScore value='600'/>
		<mineralScore value='19550'/>
		<gasScore value='12330'/>
		<totalScore value='139030'/>
	</enemy>

	<scoreRatio value='1.012'/>
	<timeFitness value='0.5'/>
	<unitsAverage value='122'/>
</results>
