<results>
	<result value='loss'/>
	<start value='2014-07-10.12:37:36'/>
	<end value='2014-07-10.12:37:59'/>
	<frames value='34412'/>
	<gameDuration value='2150'/>

	<player>
		<unitScore value='11000'/>
		<killScore value='14400'/>
		<buildingScore value='2250'/>
		<razingScore value='0'/>
		<mineralScore value='16778'/>
		<gasScore value='2688'/>
		<totalScore value='47116'/>
	</player>

	<enemy>
		<race value='Protoss'/>
		<unitScore value='21800'/>
		<unitScore value='21800'/>
		<killScore value='22000'/>
		<buildingScore value='6775'/>
		<razingScore value='6750'/>
		<mineralScore value='23618'/>
		<gasScore value='7350'/>
		<totalScore value='88293'/>
	</enemy>

	<scoreRatio value='0.533632'/>
</results>
