<results>
	<result value='win'/>
	<start value='2015-07-18.06:18:19'/>
	<end value='2015-07-18.06:18:37'/>
	<frames value='18974'/>
	<gameDuration value='1185'/>

	<player>
		<unitScore value='8375'/>
		<killScore value='7050'/>
		<buildingScore value='2775'/>
		<razingScore value='3825'/>
		<mineralScore value='10930'/>
		<gasScore value='1216'/>
		<totalScore value='34171'/>
	</player>

	<enemy>
		<race value='Terran'/>
		<unitScore value='3525'/>
		<killScore value='3950'/>
		<buildingScore value='1275'/>
		<razingScore value='1200'/>
		<mineralScore value='5530'/>
		<gasScore value='1312'/>
		<totalScore value='16792'/>
	</enemy>

	<scoreRatio value='2.03496'/>
	<timeFitness value='0.835417'/>
	<unitsAverage value='53'/>
</results>
