<results>
	<result value='loss'/>
	<start value='2015-07-14.16:35:25'/>
	<end value='2015-07-14.16:36:16'/>
	<frames value='37667'/>
	<gameDuration value='2354'/>

	<player>
		<unitScore value='17400'/>
		<killScore value='13600'/>
		<buildingScore value='3475'/>
		<razingScore value='300'/>
		<mineralScore value='30958'/>
		<gasScore value='3616'/>
		<totalScore value='69349'/>
	</player>

	<enemy>
		<race value='Protoss'/>
		<unitScore value='24350'/>
		<killScore value='35000'/>
		<buildingScore value='7500'/>
		<razingScore value='10425'/>
		<mineralScore value='27218'/>
		<gasScore value='8260'/>
		<totalScore value='112753'/>
	</enemy>

	<scoreRatio value='0.615052'/>
	<timeFitness value='0.326944'/>
	<unitsAverage value='66'/>
</results>
