<results>
	<result value='loss'/>
	<start value='2015-05-08.23:04:16'/>
	<end value='2015-05-08.23:04:45'/>
	<frames value='42100'/>
	<gameDuration value='2631'/>

	<player>
		<unitScore value='11750'/>
		<killScore value='7950'/>
		<buildingScore value='2925'/>
		<razingScore value='0'/>
		<mineralScore value='14290'/>
		<gasScore value='2984'/>
		<totalScore value='39899'/>
	</player>

	<enemy>
		<race value='Terran'/>
		<unitScore value='25100'/>
		<unitScore value='25100'/>
		<killScore value='23500'/>
		<buildingScore value='5025'/>
		<razingScore value='8775'/>
		<mineralScore value='20930'/>
		<gasScore value='12416'/>
		<totalScore value='95746'/>
	</enemy>

	<scoreRatio value='0.416717'/>
	<timeFitness value='0.365417'/>
	<unitsAverage value='39'/>
</results>
