<results>
	<result value='loss'/>
	<start value='2015-05-08.23:13:42'/>
	<end value='2015-05-08.23:13:55'/>
	<frames value='23252'/>
	<gameDuration value='1453'/>

	<player>
		<unitScore value='6900'/>
		<killScore value='4250'/>
		<buildingScore value='2600'/>
		<razingScore value='0'/>
		<mineralScore value='9586'/>
		<gasScore value='1280'/>
		<totalScore value='24616'/>
	</player>

	<enemy>
		<race value='Terran'/>
		<unitScore value='9600'/>
		<unitScore value='9600'/>
		<killScore value='13800'/>
		<buildingScore value='3600'/>
		<razingScore value='7800'/>
		<mineralScore value='11666'/>
		<gasScore value='4760'/>
		<totalScore value='51226'/>
	</enemy>

	<scoreRatio value='0.480537'/>
	<timeFitness value='0.201806'/>
	<unitsAverage value='32'/>
</results>
