<results>
	<result value='loss'/>
	<start value='2015-07-21.02:18:34'/>
	<end value='2015-07-21.02:20:11'/>
	<frames value='47401'/>
	<gameDuration value='2962'/>

	<player>
		<unitScore value='30900'/>
		<killScore value='20650'/>
		<buildingScore value='3650'/>
		<razingScore value='0'/>
		<mineralScore value='33934'/>
		<gasScore value='5664'/>
		<totalScore value='94798'/>
	</player>

	<enemy>
		<race value='Zerg'/>
		<unitScore value='27100'/>
		<killScore value='60350'/>
		<buildingScore value='4135'/>
		<razingScore value='10950'/>
		<mineralScore value='27842'/>
		<gasScore value='8988'/>
		<totalScore value='139365'/>
	</enemy>

	<scoreRatio value='0.680214'/>
	<timeFitness value='0.411389'/>
	<unitsAverage value='73'/>
</results>
