<results>
	<result value='loss'/>
	<start value='2015-07-21.02:28:17'/>
	<end value='2015-07-21.02:29:13'/>
	<frames value='27127'/>
	<gameDuration value='1695'/>

	<player>
		<unitScore value='18425'/>
		<killScore value='8350'/>
		<buildingScore value='2775'/>
		<razingScore value='0'/>
		<mineralScore value='21786'/>
		<gasScore value='2544'/>
		<totalScore value='53880'/>
	</player>

	<enemy>
		<race value='Zerg'/>
		<unitScore value='13375'/>
		<killScore value='34250'/>
		<buildingScore value='3160'/>
		<razingScore value='8325'/>
		<mineralScore value='15566'/>
		<gasScore value='5384'/>
		<totalScore value='80060'/>
	</enemy>

	<scoreRatio value='0.672995'/>
	<timeFitness value='0.235417'/>
	<unitsAverage value='74'/>
</results>
