<results>
	<result value='win'/>
	<start value='2014-07-23.01:26:54'/>
	<end value='2014-07-23.01:27:38'/>
	<frames value='33203'/>
	<gameDuration value='2075'/>

	<player>
		<unitScore value='21550'/>
		<killScore value='31160'/>
		<buildingScore value='4875'/>
		<razingScore value='7530'/>
		<mineralScore value='35250'/>
		<gasScore value='3336'/>
		<totalScore value='103701'/>
	</player>

	<enemy>
		<race value='Zerg'/>
		<unitScore value='14550'/>
		<unitScore value='14550'/>
		<killScore value='19650'/>
		<buildingScore value='2510'/>
		<razingScore value='1800'/>
		<mineralScore value='14966'/>
		<gasScore value='4384'/>
		<totalScore value='57860'/>
	</enemy>

	<scoreRatio value='1.79227'/>
</results>
