<results>
	<result value='win'/>
	<start value='2014-07-23.01:28:05'/>
	<end value='2014-07-23.01:29:00'/>
	<frames value='39589'/>
	<gameDuration value='2474'/>

	<player>
		<unitScore value='24075'/>
		<killScore value='35720'/>
		<buildingScore value='5050'/>
		<razingScore value='10185'/>
		<mineralScore value='35494'/>
		<gasScore value='5064'/>
		<totalScore value='115588'/>
	</player>

	<enemy>
		<race value='Zerg'/>
		<unitScore value='17525'/>
		<unitScore value='17525'/>
		<killScore value='24800'/>
		<buildingScore value='3395'/>
		<razingScore value='2100'/>
		<mineralScore value='19138'/>
		<gasScore value='6952'/>
		<totalScore value='73910'/>
	</enemy>

	<scoreRatio value='1.5639'/>
</results>
