<results>
	<result value='draw'/>
	<start value='2015-04-27.02:52:21'/>
	<end value='2015-04-27.02:53:12'/>
	<frames value='57601'/>
	<gameDuration value='3600'/>

	<player>
		<unitScore value='24500'/>
		<killScore value='33950'/>
		<buildingScore value='3150'/>
		<razingScore value='4950'/>
		<mineralScore value='25546'/>
		<gasScore value='4504'/>
		<totalScore value='96600'/>
	</player>

	<enemy>
		<race value='Terran'/>
		<unitScore value='24875'/>
		<unitScore value='24875'/>
		<killScore value='43650'/>
		<buildingScore value='5575'/>
		<razingScore value='3075'/>
		<mineralScore value='19622'/>
		<gasScore value='12060'/>
		<totalScore value='108857'/>
	</enemy>

	<scoreRatio value='0.887403'/>
</results>
