<results>
	<result value='draw'/>
	<start value='2015-04-26.22:48:09'/>
	<end value='2015-04-26.22:49:17'/>
	<frames value='57601'/>
	<gameDuration value='3600'/>

	<player>
		<unitScore value='12875'/>
		<killScore value='17150'/>
		<buildingScore value='5250'/>
		<razingScore value='1875'/>
		<mineralScore value='47974'/>
		<gasScore value='5152'/>
		<totalScore value='90276'/>
	</player>

	<enemy>
		<race value='Terran'/>
		<unitScore value='14150'/>
		<unitScore value='14150'/>
		<killScore value='9100'/>
		<buildingScore value='3550'/>
		<razingScore value='3150'/>
		<mineralScore value='13602'/>
		<gasScore value='7488'/>
		<totalScore value='51040'/>
	</enemy>

	<scoreRatio value='1.76873'/>
</results>
