<results>
	<result value='win'/>
	<start value='2015-04-26.22:51:21'/>
	<end value='2015-04-26.22:51:43'/>
	<frames value='26352'/>
	<gameDuration value='1647'/>

	<player>
		<unitScore value='12500'/>
		<killScore value='20600'/>
		<buildingScore value='3850'/>
		<razingScore value='7575'/>
		<mineralScore value='16906'/>
		<gasScore value='2368'/>
		<totalScore value='63799'/>
	</player>

	<enemy>
		<race value='Terran'/>
		<unitScore value='10300'/>
		<unitScore value='10300'/>
		<killScore value='7350'/>
		<buildingScore value='2525'/>
		<razingScore value='600'/>
		<mineralScore value='11670'/>
		<gasScore value='3704'/>
		<totalScore value='36149'/>
	</enemy>

	<scoreRatio value='1.76489'/>
</results>
