<results>
	<result value='win'/>
	<start value='2015-04-26.23:02:23'/>
	<end value='2015-04-26.23:02:59'/>
	<frames value='39713'/>
	<gameDuration value='2482'/>

	<player>
		<unitScore value='20250'/>
		<killScore value='26050'/>
		<buildingScore value='3400'/>
		<razingScore value='11925'/>
		<mineralScore value='24330'/>
		<gasScore value='3432'/>
		<totalScore value='89387'/>
	</player>

	<enemy>
		<race value='Terran'/>
		<unitScore value='13425'/>
		<unitScore value='13425'/>
		<killScore value='24600'/>
		<buildingScore value='3975'/>
		<razingScore value='1950'/>
		<mineralScore value='13330'/>
		<gasScore value='6026'/>
		<totalScore value='63306'/>
	</enemy>

	<scoreRatio value='1.41198'/>
</results>
