<results>
	<result value='draw'/>
	<start value='2015-05-04.21:45:26'/>
	<end value='2015-05-04.21:46:40'/>
	<frames value='57601'/>
	<gameDuration value='3600'/>

	<player>
		<unitScore value='28175'/>
		<killScore value='18150'/>
		<buildingScore value='5750'/>
		<razingScore value='0'/>
		<mineralScore value='31634'/>
		<gasScore value='8720'/>
		<totalScore value='92429'/>
	</player>

	<enemy>
		<race value='Terran'/>
		<unitScore value='26300'/>
		<unitScore value='26300'/>
		<killScore value='46550'/>
		<buildingScore value='4125'/>
		<razingScore value='9375'/>
		<mineralScore value='19534'/>
		<gasScore value='12350'/>
		<totalScore value='118234'/>
	</enemy>

	<scoreRatio value='0.781746'/>
	<timeFitness value='0.5'/>
	<unitsAverage value='95'/>
</results>
