<results>
	<result value='loss'/>
	<start value='2015-05-04.22:10:43'/>
	<end value='2015-05-04.22:10:53'/>
	<frames value='18788'/>
	<gameDuration value='1174'/>

	<player>
		<unitScore value='4375'/>
		<killScore value='1350'/>
		<buildingScore value='1700'/>
		<razingScore value='0'/>
		<mineralScore value='6290'/>
		<gasScore value='640'/>
		<totalScore value='14355'/>
	</player>

	<enemy>
		<race value='Terran'/>
		<unitScore value='6750'/>
		<unitScore value='6750'/>
		<killScore value='8750'/>
		<buildingScore value='2900'/>
		<razingScore value='5100'/>
		<mineralScore value='8666'/>
		<gasScore value='2808'/>
		<totalScore value='34974'/>
	</enemy>

	<scoreRatio value='0.410448'/>
	<timeFitness value='0.163056'/>
	<unitsAverage value='27'/>
</results>
