<results>
	<result value='loss'/>
	<start value='2014-07-10.15:07:33'/>
	<end value='2014-07-10.15:07:40'/>
	<frames value='15936'/>
	<gameDuration value='996'/>

	<player>
		<unitScore value='2850'/>
		<killScore value='600'/>
		<buildingScore value='1600'/>
		<razingScore value='0'/>
		<mineralScore value='4538'/>
		<gasScore value='688'/>
		<totalScore value='10276'/>
	</player>

	<enemy>
		<race value='Protoss'/>
		<unitScore value='3550'/>
		<unitScore value='3550'/>
		<killScore value='5700'/>
		<buildingScore value='3525'/>
		<razingScore value='4800'/>
		<mineralScore value='8226'/>
		<gasScore value='1632'/>
		<totalScore value='27433'/>
	</enemy>

	<scoreRatio value='0.374585'/>
</results>
