<results>
	<result value='draw'/>
	<start value='2015-05-04.04:30:03'/>
	<end value='2015-05-04.04:31:20'/>
	<frames value='57601'/>
	<gameDuration value='3600'/>

	<player>
		<unitScore value='33450'/>
		<killScore value='46400'/>
		<buildingScore value='3525'/>
		<razingScore value='21225'/>
		<mineralScore value='34310'/>
		<gasScore value='4986'/>
		<totalScore value='143896'/>
	</player>

	<enemy>
		<race value='Protoss'/>
		<unitScore value='23975'/>
		<unitScore value='23975'/>
		<killScore value='51600'/>
		<buildingScore value='7075'/>
		<razingScore value='300'/>
		<mineralScore value='27194'/>
		<gasScore value='9504'/>
		<totalScore value='119648'/>
	</enemy>

	<scoreRatio value='1.20266'/>
	<timeFitness value='0.5'/>
	<unitsAverage value='134'/>
</results>
