<results>
	<result value='loss'/>
	<start value='2015-05-04.04:34:28'/>
	<end value='2015-05-04.04:34:37'/>
	<frames value='19408'/>
	<gameDuration value='1213'/>

	<player>
		<unitScore value='3975'/>
		<killScore value='1800'/>
		<buildingScore value='1750'/>
		<razingScore value='0'/>
		<mineralScore value='5826'/>
		<gasScore value='776'/>
		<totalScore value='14127'/>
	</player>

	<enemy>
		<race value='Protoss'/>
		<unitScore value='4650'/>
		<unitScore value='4650'/>
		<killScore value='8050'/>
		<buildingScore value='5225'/>
		<razingScore value='5250'/>
		<mineralScore value='11522'/>
		<gasScore value='2096'/>
		<totalScore value='36793'/>
	</enemy>

	<scoreRatio value='0.383959'/>
	<timeFitness value='0.168472'/>
	<unitsAverage value='23'/>
</results>
