<results>
	<result value='win'/>
	<start value='2015-05-11.15:18:07'/>
	<end value='2015-05-11.15:18:36'/>
	<frames value='28336'/>
	<gameDuration value='1771'/>

	<player>
		<unitScore value='19300'/>
		<killScore value='29925'/>
		<buildingScore value='3950'/>
		<razingScore value='6840'/>
		<mineralScore value='25706'/>
		<gasScore value='2760'/>
		<totalScore value='88481'/>
	</player>

	<enemy>
		<race value='Zerg'/>
		<unitScore value='13925'/>
		<unitScore value='13925'/>
		<killScore value='15550'/>
		<buildingScore value='2280'/>
		<razingScore value='0'/>
		<mineralScore value='13914'/>
		<gasScore value='4416'/>
		<totalScore value='50085'/>
	</enemy>

	<scoreRatio value='1.76662'/>
	<timeFitness value='0.754028'/>
	<unitsAverage value='102'/>
</results>
