<results>
	<result value='draw'/>
	<start value='2015-05-05.13:46:11'/>
	<end value='2015-05-05.13:48:20'/>
	<frames value='57601'/>
	<gameDuration value='3600'/>

	<player>
		<unitScore value='28700'/>
		<killScore value='32300'/>
		<buildingScore value='4550'/>
		<razingScore value='5055'/>
		<mineralScore value='49778'/>
		<gasScore value='3264'/>
		<totalScore value='123647'/>
	</player>

	<enemy>
		<race value='Zerg'/>
		<unitScore value='14750'/>
		<unitScore value='14750'/>
		<killScore value='37400'/>
		<buildingScore value='1940'/>
		<razingScore value='0'/>
		<mineralScore value='12978'/>
		<gasScore value='3992'/>
		<totalScore value='71060'/>
	</enemy>

	<scoreRatio value='1.74004'/>
	<timeFitness value='0.5'/>
	<unitsAverage value='171'/>
</results>
