<results>
	<result value='win'/>
	<start value='2015-05-11.15:25:52'/>
	<end value='2015-05-11.15:26:23'/>
	<frames value='30072'/>
	<gameDuration value='1879'/>

	<player>
		<unitScore value='21825'/>
		<killScore value='34390'/>
		<buildingScore value='3950'/>
		<razingScore value='6015'/>
		<mineralScore value='27610'/>
		<gasScore value='3024'/>
		<totalScore value='96814'/>
	</player>

	<enemy>
		<race value='Zerg'/>
		<unitScore value='15025'/>
		<unitScore value='15025'/>
		<killScore value='22550'/>
		<buildingScore value='2005'/>
		<razingScore value='0'/>
		<mineralScore value='12866'/>
		<gasScore value='3816'/>
		<totalScore value='56262'/>
	</enemy>

	<scoreRatio value='1.72077'/>
	<timeFitness value='0.739028'/>
	<unitsAverage value='104'/>
</results>
