<results>
	<result value='loss'/>
	<start value='2015-05-03.20:38:50'/>
	<end value='2015-05-03.20:39:44'/>
	<frames value='50315'/>
	<gameDuration value='3144'/>

	<player>
		<unitScore value='28100'/>
		<killScore value='64290'/>
		<buildingScore value='2625'/>
		<razingScore value='2475'/>
		<mineralScore value='31662'/>
		<gasScore value='0'/>
		<totalScore value='129152'/>
	</player>

	<enemy>
		<race value='Zerg'/>
		<unitScore value='34850'/>
		<unitScore value='34850'/>
		<killScore value='56200'/>
		<buildingScore value='2990'/>
		<razingScore value='7875'/>
		<mineralScore value='26402'/>
		<gasScore value='8584'/>
		<totalScore value='136901'/>
	</enemy>

	<scoreRatio value='0.943397'/>
	<timeFitness value='0.436667'/>
	<unitsAverage value='86'/>
</results>
