<results>
	<result value='loss'/>
	<start value='2015-07-19.09:42:03'/>
	<end value='2015-07-19.09:42:22'/>
	<frames value='26569'/>
	<gameDuration value='1660'/>

	<player>
		<unitScore value='5625'/>
		<killScore value='2900'/>
		<buildingScore value='1800'/>
		<razingScore value='0'/>
		<mineralScore value='7338'/>
		<gasScore value='688'/>
		<totalScore value='18351'/>
	</player>

	<enemy>
		<race value='Protoss'/>
		<unitScore value='11150'/>
		<killScore value='10900'/>
		<buildingScore value='6525'/>
		<razingScore value='5400'/>
		<mineralScore value='16318'/>
		<gasScore value='5872'/>
		<totalScore value='56165'/>
	</enemy>

	<scoreRatio value='0.326734'/>
	<timeFitness value='0.230556'/>
	<unitsAverage value='21'/>
</results>
