<results>
	<result value='loss'/>
	<start value='2015-07-19.09:48:33'/>
	<end value='2015-07-19.09:49:29'/>
	<frames value='37760'/>
	<gameDuration value='2360'/>

	<player>
		<unitScore value='20775'/>
		<killScore value='14300'/>
		<buildingScore value='4075'/>
		<razingScore value='300'/>
		<mineralScore value='25338'/>
		<gasScore value='2736'/>
		<totalScore value='67524'/>
	</player>

	<enemy>
		<race value='Protoss'/>
		<unitScore value='25680'/>
		<killScore value='41550'/>
		<buildingScore value='8350'/>
		<razingScore value='12225'/>
		<mineralScore value='27430'/>
		<gasScore value='9462'/>
		<totalScore value='124697'/>
	</enemy>

	<scoreRatio value='0.541505'/>
	<timeFitness value='0.327778'/>
	<unitsAverage value='76'/>
</results>
