<results>
	<result value='win'/>
	<start value='2015-05-08.20:18:06'/>
	<end value='2015-05-08.20:18:17'/>
	<frames value='17176'/>
	<gameDuration value='1073'/>

	<player>
		<unitScore value='6250'/>
		<killScore value='10600'/>
		<buildingScore value='2325'/>
		<razingScore value='4350'/>
		<mineralScore value='9994'/>
		<gasScore value='1480'/>
		<totalScore value='34999'/>
	</player>

	<enemy>
		<race value='Terran'/>
		<unitScore value='5300'/>
		<unitScore value='5300'/>
		<killScore value='1800'/>
		<buildingScore value='1450'/>
		<razingScore value='1350'/>
		<mineralScore value='7090'/>
		<gasScore value='1928'/>
		<totalScore value='18918'/>
	</enemy>

	<scoreRatio value='1.85004'/>
	<timeFitness value='0.850972'/>
	<unitsAverage value='50'/>
</results>
