<results>
	<result value='win'/>
	<start value='2015-05-08.20:19:56'/>
	<end value='2015-05-08.20:20:31'/>
	<frames value='28677'/>
	<gameDuration value='1792'/>

	<player>
		<unitScore value='14425'/>
		<killScore value='23600'/>
		<buildingScore value='4225'/>
		<razingScore value='9750'/>
		<mineralScore value='27202'/>
		<gasScore value='3072'/>
		<totalScore value='82274'/>
	</player>

	<enemy>
		<race value='Terran'/>
		<unitScore value='11800'/>
		<unitScore value='11800'/>
		<killScore value='8800'/>
		<buildingScore value='3250'/>
		<razingScore value='450'/>
		<mineralScore value='11350'/>
		<gasScore value='4480'/>
		<totalScore value='40130'/>
	</enemy>

	<scoreRatio value='2.05019'/>
	<timeFitness value='0.751111'/>
	<unitsAverage value='102'/>
</results>
