<results>
	<result value='win'/>
	<start value='2015-05-04.19:05:49'/>
	<end value='2015-05-04.19:06:11'/>
	<frames value='26476'/>
	<gameDuration value='1654'/>

	<player>
		<unitScore value='11725'/>
		<killScore value='21500'/>
		<buildingScore value='3800'/>
		<razingScore value='9300'/>
		<mineralScore value='16998'/>
		<gasScore value='1912'/>
		<totalScore value='65235'/>
	</player>

	<enemy>
		<race value='Terran'/>
		<unitScore value='10750'/>
		<unitScore value='10750'/>
		<killScore value='5600'/>
		<buildingScore value='3100'/>
		<razingScore value='1575'/>
		<mineralScore value='11258'/>
		<gasScore value='4944'/>
		<totalScore value='37227'/>
	</enemy>

	<scoreRatio value='1.75236'/>
	<timeFitness value='0.770278'/>
	<unitsAverage value='73'/>
</results>
