<results>
	<result value='win'/>
	<start value='2015-05-04.19:10:56'/>
	<end value='2015-05-04.19:11:15'/>
	<frames value='22694'/>
	<gameDuration value='1418'/>

	<player>
		<unitScore value='9775'/>
		<killScore value='16850'/>
		<buildingScore value='3350'/>
		<razingScore value='6900'/>
		<mineralScore value='15690'/>
		<gasScore value='2056'/>
		<totalScore value='54621'/>
	</player>

	<enemy>
		<race value='Terran'/>
		<unitScore value='8425'/>
		<unitScore value='8425'/>
		<killScore value='5350'/>
		<buildingScore value='2300'/>
		<razingScore value='1500'/>
		<mineralScore value='9418'/>
		<gasScore value='2808'/>
		<totalScore value='29801'/>
	</enemy>

	<scoreRatio value='1.83286'/>
	<timeFitness value='0.803056'/>
	<unitsAverage value='64'/>
</results>
