<results>
	<result value='loss'/>
	<start value='2015-05-04.19:11:19'/>
	<end value='2015-05-04.19:12:06'/>
	<frames value='55244'/>
	<gameDuration value='3452'/>

	<player>
		<unitScore value='21125'/>
		<killScore value='22600'/>
		<buildingScore value='3200'/>
		<razingScore value='0'/>
		<mineralScore value='25002'/>
		<gasScore value='4696'/>
		<totalScore value='76623'/>
	</player>

	<enemy>
		<race value='Terran'/>
		<unitScore value='38600'/>
		<unitScore value='38600'/>
		<killScore value='42250'/>
		<buildingScore value='5425'/>
		<razingScore value='9600'/>
		<mineralScore value='26658'/>
		<gasScore value='16202'/>
		<totalScore value='138735'/>
	</enemy>

	<scoreRatio value='0.552298'/>
	<timeFitness value='0.479444'/>
	<unitsAverage value='69'/>
</results>
