<results>
	<result value='loss'/>
	<start value='2014-07-03.03:57:36'/>
	<end value='2014-07-03.03:58:03'/>
	<frames value='46719'/>
	<gameDuration value='2919'/>

	<player>
		<unitScore value='14300'/>
		<killScore value='29000'/>
		<buildingScore value='2325'/>
		<razingScore value='1800'/>
		<mineralScore value='16418'/>
		<gasScore value='4008'/>
		<totalScore value='67851'/>
	</player>

	<enemy>
		<race value='Protoss'/>
		<unitScore value='34750'/>
		<unitScore value='34750'/>
		<killScore value='28900'/>
		<buildingScore value='8075'/>
		<razingScore value='6975'/>
		<mineralScore value='34074'/>
		<gasScore value='11130'/>
		<totalScore value='123904'/>
	</enemy>

	<scoreRatio value='0.547609'/>
</results>
