<results>
	<result value='loss'/>
	<start value='2015-07-20.07:56:01'/>
	<end value='2015-07-20.07:56:21'/>
	<frames value='21795'/>
	<gameDuration value='1362'/>

	<player>
		<unitScore value='7125'/>
		<killScore value='800'/>
		<buildingScore value='2900'/>
		<razingScore value='0'/>
		<mineralScore value='20226'/>
		<gasScore value='432'/>
		<totalScore value='31483'/>
	</player>

	<enemy>
		<race value='Zerg'/>
		<unitScore value='7900'/>
		<killScore value='14250'/>
		<buildingScore value='2680'/>
		<razingScore value='8700'/>
		<mineralScore value='10210'/>
		<gasScore value='3624'/>
		<totalScore value='47364'/>
	</enemy>

	<scoreRatio value='0.664703'/>
	<timeFitness value='0.189167'/>
	<unitsAverage value='48'/>
</results>
