<results>
	<result value='loss'/>
	<start value='2015-07-17.22:14:02'/>
	<end value='2015-07-17.22:14:16'/>
	<frames value='15533'/>
	<gameDuration value='970'/>

	<player>
		<unitScore value='3575'/>
		<killScore value='350'/>
		<buildingScore value='1325'/>
		<razingScore value='0'/>
		<mineralScore value='4378'/>
		<gasScore value='1024'/>
		<totalScore value='10652'/>
	</player>

	<enemy>
		<race value='Terran'/>
		<unitScore value='5125'/>
		<killScore value='5100'/>
		<buildingScore value='1500'/>
		<razingScore value='3975'/>
		<mineralScore value='7090'/>
		<gasScore value='2072'/>
		<totalScore value='24862'/>
	</enemy>

	<scoreRatio value='0.428445'/>
	<timeFitness value='0.134722'/>
	<unitsAverage value='27'/>
</results>
