<results>
	<result value='loss'/>
	<start value='2015-07-17.22:20:43'/>
	<end value='2015-07-17.22:21:40'/>
	<frames value='46347'/>
	<gameDuration value='2896'/>

	<player>
		<unitScore value='17150'/>
		<killScore value='10800'/>
		<buildingScore value='4100'/>
		<razingScore value='900'/>
		<mineralScore value='20430'/>
		<gasScore value='1560'/>
		<totalScore value='54940'/>
	</player>

	<enemy>
		<race value='Terran'/>
		<unitScore value='21800'/>
		<killScore value='34300'/>
		<buildingScore value='5475'/>
		<razingScore value='12300'/>
		<mineralScore value='28142'/>
		<gasScore value='11184'/>
		<totalScore value='113201'/>
	</enemy>

	<scoreRatio value='0.485331'/>
	<timeFitness value='0.402222'/>
	<unitsAverage value='39'/>
</results>
