<results>
	<result value='loss'/>
	<start value='2015-07-17.22:24:07'/>
	<end value='2015-07-17.22:24:34'/>
	<frames value='25856'/>
	<gameDuration value='1616'/>

	<player>
		<unitScore value='5325'/>
		<killScore value='5600'/>
		<buildingScore value='2300'/>
		<razingScore value='450'/>
		<mineralScore value='6586'/>
		<gasScore value='1688'/>
		<totalScore value='21949'/>
	</player>

	<enemy>
		<race value='Terran'/>
		<unitScore value='8300'/>
		<killScore value='9350'/>
		<buildingScore value='3000'/>
		<razingScore value='6900'/>
		<mineralScore value='9578'/>
		<gasScore value='3280'/>
		<totalScore value='40408'/>
	</enemy>

	<scoreRatio value='0.543185'/>
	<timeFitness value='0.224444'/>
	<unitsAverage value='28'/>
</results>
