<results>
	<result value='win'/>
	<start value='2015-04-16.20:28:13'/>
	<end value='2015-04-16.20:29:42'/>
	<frames value='38318'/>
	<gameDuration value='2394'/>

	<player>
		<unitScore value='30625'/>
		<killScore value='28200'/>
		<buildingScore value='4175'/>
		<razingScore value='15450'/>
		<mineralScore value='34902'/>
		<gasScore value='4168'/>
		<totalScore value='117520'/>
	</player>

	<enemy>
		<race value='Protoss'/>
		<unitScore value='14150'/>
		<unitScore value='14150'/>
		<killScore value='39750'/>
		<buildingScore value='5150'/>
		<razingScore value='150'/>
		<mineralScore value='23790'/>
		<gasScore value='3664'/>
		<totalScore value='86654'/>
	</enemy>

	<scoreRatio value='1.3562'/>
</results>
