<results>
	<result value='loss'/>
	<start value='2015-07-07.18:39:57'/>
	<end value='2015-07-07.18:40:18'/>
	<frames value='19284'/>
	<gameDuration value='1205'/>

	<player>
		<unitScore value='5550'/>
		<killScore value='1750'/>
		<buildingScore value='2075'/>
		<razingScore value='0'/>
		<mineralScore value='6562'/>
		<gasScore value='792'/>
		<totalScore value='16729'/>
	</player>

	<enemy>
		<race value='Terran'/>
		<unitScore value='7125'/>
		<killScore value='11100'/>
		<buildingScore value='2400'/>
		<razingScore value='6225'/>
		<mineralScore value='9082'/>
		<gasScore value='3096'/>
		<totalScore value='39028'/>
	</enemy>

	<scoreRatio value='0.428641'/>
	<timeFitness value='0.167361'/>
	<unitsAverage value='30'/>
</results>
