<results>
	<result value='loss'/>
	<start value='2015-07-07.18:54:43'/>
	<end value='2015-07-07.18:55:03'/>
	<frames value='18509'/>
	<gameDuration value='1156'/>

	<player>
		<unitScore value='4675'/>
		<killScore value='1400'/>
		<buildingScore value='1950'/>
		<razingScore value='0'/>
		<mineralScore value='6130'/>
		<gasScore value='608'/>
		<totalScore value='14763'/>
	</player>

	<enemy>
		<race value='Terran'/>
		<unitScore value='7275'/>
		<killScore value='9350'/>
		<buildingScore value='2900'/>
		<razingScore value='5850'/>
		<mineralScore value='8538'/>
		<gasScore value='3008'/>
		<totalScore value='36921'/>
	</enemy>

	<scoreRatio value='0.399854'/>
	<timeFitness value='0.160556'/>
	<unitsAverage value='24'/>
</results>
