<results>
	<result value='loss'/>
	<start value='2015-04-13.23:53:50'/>
	<end value='2015-04-13.23:54:03'/>
	<frames value='14665'/>
	<gameDuration value='916'/>

	<player>
		<unitScore value='2900'/>
		<killScore value='600'/>
		<buildingScore value='1500'/>
		<razingScore value='0'/>
		<mineralScore value='4602'/>
		<gasScore value='848'/>
		<totalScore value='10450'/>
	</player>

	<enemy>
		<race value='Protoss'/>
		<unitScore value='3550'/>
		<unitScore value='3550'/>
		<killScore value='5800'/>
		<buildingScore value='2675'/>
		<razingScore value='4500'/>
		<mineralScore value='7690'/>
		<gasScore value='1288'/>
		<totalScore value='25503'/>
	</enemy>

	<scoreRatio value='0.409756'/>
</results>
