<results>
	<result value='loss'/>
	<start value='2015-05-02.16:15:01'/>
	<end value='2015-05-02.16:15:24'/>
	<frames value='45510'/>
	<gameDuration value='2844'/>

	<player>
		<unitScore value='11375'/>
		<killScore value='17100'/>
		<buildingScore value='1350'/>
		<razingScore value='5850'/>
		<mineralScore value='12226'/>
		<gasScore value='3376'/>
		<totalScore value='51277'/>
	</player>

	<enemy>
		<race value='Protoss'/>
		<unitScore value='12800'/>
		<unitScore value='12800'/>
		<killScore value='22750'/>
		<buildingScore value='7825'/>
		<razingScore value='4050'/>
		<mineralScore value='32090'/>
		<gasScore value='8876'/>
		<totalScore value='88391'/>
	</enemy>

	<scoreRatio value='0.580116'/>
	<timeFitness value='0.395'/>
	<unitsAverage value='34'/>
</results>
