<results>
	<result value='draw'/>
	<start value='2015-05-11.17:53:00'/>
	<end value='2015-05-11.17:54:07'/>
	<frames value='57601'/>
	<gameDuration value='3600'/>

	<player>
		<unitScore value='13400'/>
		<killScore value='18300'/>
		<buildingScore value='1775'/>
		<razingScore value='15825'/>
		<mineralScore value='15562'/>
		<gasScore value='3840'/>
		<totalScore value='68702'/>
	</player>

	<enemy>
		<race value='Protoss'/>
		<unitScore value='10400'/>
		<unitScore value='10400'/>
		<killScore value='13000'/>
		<buildingScore value='6725'/>
		<razingScore value='225'/>
		<mineralScore value='25434'/>
		<gasScore value='9220'/>
		<totalScore value='65004'/>
	</enemy>

	<scoreRatio value='1.05689'/>
	<timeFitness value='0.5'/>
	<unitsAverage value='89'/>
</results>
