<results>
	<result value='win'/>
	<start value='2015-05-11.17:58:27'/>
	<end value='2015-05-11.17:58:50'/>
	<frames value='24678'/>
	<gameDuration value='1542'/>

	<player>
		<unitScore value='12375'/>
		<killScore value='12900'/>
		<buildingScore value='3550'/>
		<razingScore value='11025'/>
		<mineralScore value='17410'/>
		<gasScore value='1752'/>
		<totalScore value='59012'/>
	</player>

	<enemy>
		<race value='Protoss'/>
		<unitScore value='6450'/>
		<unitScore value='6450'/>
		<killScore value='10300'/>
		<buildingScore value='3675'/>
		<razingScore value='0'/>
		<mineralScore value='15722'/>
		<gasScore value='1104'/>
		<totalScore value='37251'/>
	</enemy>

	<scoreRatio value='1.58417'/>
	<timeFitness value='0.785833'/>
	<unitsAverage value='74'/>
</results>
