<results>
	<result value='draw'/>
	<start value='2015-05-06.02:29:37'/>
	<end value='2015-05-06.02:31:07'/>
	<frames value='57601'/>
	<gameDuration value='3600'/>

	<player>
		<unitScore value='24375'/>
		<killScore value='26350'/>
		<buildingScore value='3425'/>
		<razingScore value='450'/>
		<mineralScore value='32942'/>
		<gasScore value='5388'/>
		<totalScore value='92930'/>
	</player>

	<enemy>
		<race value='Terran'/>
		<unitScore value='26725'/>
		<unitScore value='26725'/>
		<killScore value='39350'/>
		<buildingScore value='4225'/>
		<razingScore value='2400'/>
		<mineralScore value='19550'/>
		<gasScore value='12268'/>
		<totalScore value='104518'/>
	</enemy>

	<scoreRatio value='0.889129'/>
	<timeFitness value='0.5'/>
	<unitsAverage value='104'/>
</results>
