<results>
	<result value='win'/>
	<start value='2015-05-06.03:17:21'/>
	<end value='2015-05-06.03:18:25'/>
	<frames value='41015'/>
	<gameDuration value='2563'/>

	<player>
		<unitScore value='22100'/>
		<killScore value='27800'/>
		<buildingScore value='5025'/>
		<razingScore value='11550'/>
		<mineralScore value='33782'/>
		<gasScore value='5480'/>
		<totalScore value='105737'/>
	</player>

	<enemy>
		<race value='Terran'/>
		<unitScore value='13900'/>
		<unitScore value='13900'/>
		<killScore value='21800'/>
		<buildingScore value='3850'/>
		<razingScore value='3600'/>
		<mineralScore value='22298'/>
		<gasScore value='5512'/>
		<totalScore value='70960'/>
	</enemy>

	<scoreRatio value='1.49009'/>
	<timeFitness value='0.644028'/>
	<unitsAverage value='98'/>
</results>
