<results>
	<result value='win'/>
	<start value='2015-05-06.03:30:45'/>
	<end value='2015-05-06.03:31:46'/>
	<frames value='38907'/>
	<gameDuration value='2431'/>

	<player>
		<unitScore value='22800'/>
		<killScore value='28650'/>
		<buildingScore value='4950'/>
		<razingScore value='11475'/>
		<mineralScore value='32922'/>
		<gasScore value='4772'/>
		<totalScore value='105569'/>
	</player>

	<enemy>
		<race value='Terran'/>
		<unitScore value='17025'/>
		<unitScore value='17025'/>
		<killScore value='23300'/>
		<buildingScore value='3825'/>
		<razingScore value='3825'/>
		<mineralScore value='14526'/>
		<gasScore value='6928'/>
		<totalScore value='69429'/>
	</enemy>

	<scoreRatio value='1.52053'/>
	<timeFitness value='0.662361'/>
	<unitsAverage value='99'/>
</results>
