<results>
	<result value='loss'/>
	<start value='2015-05-06.03:34:13'/>
	<end value='2015-05-06.03:34:28'/>
	<frames value='18354'/>
	<gameDuration value='1147'/>

	<player>
		<unitScore value='4950'/>
		<killScore value='1050'/>
		<buildingScore value='2050'/>
		<razingScore value='0'/>
		<mineralScore value='7546'/>
		<gasScore value='1864'/>
		<totalScore value='17460'/>
	</player>

	<enemy>
		<race value='Terran'/>
		<unitScore value='6450'/>
		<unitScore value='6450'/>
		<killScore value='9900'/>
		<buildingScore value='2950'/>
		<razingScore value='6150'/>
		<mineralScore value='8434'/>
		<gasScore value='2680'/>
		<totalScore value='36564'/>
	</enemy>

	<scoreRatio value='0.477519'/>
	<timeFitness value='0.159306'/>
	<unitsAverage value='31'/>
</results>
