<results>
	<result value='loss'/>
	<start value='2014-07-06.04:31:27'/>
	<end value='2014-07-06.04:31:34'/>
	<frames value='14696'/>
	<gameDuration value='918'/>

	<player>
		<unitScore value='2750'/>
		<killScore value='800'/>
		<buildingScore value='1575'/>
		<razingScore value='0'/>
		<mineralScore value='4370'/>
		<gasScore value='648'/>
		<totalScore value='10143'/>
	</player>

	<enemy>
		<race value='Protoss'/>
		<unitScore value='3550'/>
		<unitScore value='3550'/>
		<killScore value='5600'/>
		<buildingScore value='2625'/>
		<razingScore value='4725'/>
		<mineralScore value='7674'/>
		<gasScore value='1384'/>
		<totalScore value='25558'/>
	</enemy>

	<scoreRatio value='0.396862'/>
</results>
