<results>
	<result value='loss'/>
	<start value='2014-07-06.04:35:38'/>
	<end value='2014-07-06.04:35:48'/>
	<frames value='19594'/>
	<gameDuration value='1224'/>

	<player>
		<unitScore value='4975'/>
		<killScore value='600'/>
		<buildingScore value='2400'/>
		<razingScore value='0'/>
		<mineralScore value='7954'/>
		<gasScore value='840'/>
		<totalScore value='16769'/>
	</player>

	<enemy>
		<race value='Protoss'/>
		<unitScore value='5175'/>
		<unitScore value='5175'/>
		<killScore value='9950'/>
		<buildingScore value='4375'/>
		<razingScore value='7200'/>
		<mineralScore value='10178'/>
		<gasScore value='2536'/>
		<totalScore value='39414'/>
	</enemy>

	<scoreRatio value='0.425458'/>
</results>
