<results>
	<result value='loss'/>
	<start value='2014-07-06.04:36:47'/>
	<end value='2014-07-06.04:37:26'/>
	<frames value='48269'/>
	<gameDuration value='3016'/>

	<player>
		<unitScore value='23400'/>
		<killScore value='30850'/>
		<buildingScore value='2775'/>
		<razingScore value='4200'/>
		<mineralScore value='24034'/>
		<gasScore value='3080'/>
		<totalScore value='88339'/>
	</player>

	<enemy>
		<race value='Protoss'/>
		<unitScore value='35025'/>
		<unitScore value='35025'/>
		<killScore value='46800'/>
		<buildingScore value='8525'/>
		<razingScore value='8325'/>
		<mineralScore value='33046'/>
		<gasScore value='10584'/>
		<totalScore value='142305'/>
	</enemy>

	<scoreRatio value='0.620772'/>
</results>
