<results>
	<result value='draw'/>
	<start value='2015-05-02.22:46:02'/>
	<end value='2015-05-02.22:50:13'/>
	<frames value='57601'/>
	<gameDuration value='3600'/>

	<player>
		<unitScore value='23150'/>
		<killScore value='19650'/>
		<buildingScore value='3525'/>
		<razingScore value='18075'/>
		<mineralScore value='39370'/>
		<gasScore value='4312'/>
		<totalScore value='108082'/>
	</player>

	<enemy>
		<race value='Protoss'/>
		<unitScore value='11800'/>
		<unitScore value='11800'/>
		<killScore value='19400'/>
		<buildingScore value='7875'/>
		<razingScore value='525'/>
		<mineralScore value='23062'/>
		<gasScore value='7560'/>
		<totalScore value='70222'/>
	</enemy>

	<scoreRatio value='1.53915'/>
	<timeFitness value='0.5'/>
	<unitsAverage value='159'/>
</results>
