<results>
	<result value='loss'/>
	<start value='2015-05-02.22:50:39'/>
	<end value='2015-05-02.22:51:53'/>
	<frames value='48486'/>
	<gameDuration value='3030'/>

	<player>
		<unitScore value='24300'/>
		<killScore value='43300'/>
		<buildingScore value='2700'/>
		<razingScore value='1800'/>
		<mineralScore value='24002'/>
		<gasScore value='4856'/>
		<totalScore value='100958'/>
	</player>

	<enemy>
		<race value='Protoss'/>
		<unitScore value='40425'/>
		<unitScore value='40425'/>
		<killScore value='48600'/>
		<buildingScore value='7725'/>
		<razingScore value='8100'/>
		<mineralScore value='33418'/>
		<gasScore value='13054'/>
		<totalScore value='151322'/>
	</enemy>

	<scoreRatio value='0.667173'/>
	<timeFitness value='0.420833'/>
	<unitsAverage value='78'/>
</results>
