<results>
	<result value='draw'/>
	<start value='2015-05-08.07:32:03'/>
	<end value='2015-05-08.07:33:21'/>
	<frames value='57601'/>
	<gameDuration value='3600'/>

	<player>
		<unitScore value='21375'/>
		<killScore value='40955'/>
		<buildingScore value='4225'/>
		<razingScore value='11220'/>
		<mineralScore value='24386'/>
		<gasScore value='4992'/>
		<totalScore value='107153'/>
	</player>

	<enemy>
		<race value='Zerg'/>
		<unitScore value='20075'/>
		<unitScore value='20075'/>
		<killScore value='32750'/>
		<buildingScore value='4860'/>
		<razingScore value='5775'/>
		<mineralScore value='21806'/>
		<gasScore value='8170'/>
		<totalScore value='93436'/>
	</enemy>

	<scoreRatio value='1.14681'/>
	<timeFitness value='0.5'/>
	<unitsAverage value='78'/>
</results>
