<results>
	<result value='win'/>
	<start value='2015-05-08.07:59:22'/>
	<end value='2015-05-08.08:00:35'/>
	<frames value='36086'/>
	<gameDuration value='2255'/>

	<player>
		<unitScore value='22625'/>
		<killScore value='42040'/>
		<buildingScore value='5325'/>
		<razingScore value='9540'/>
		<mineralScore value='32722'/>
		<gasScore value='3232'/>
		<totalScore value='115484'/>
	</player>

	<enemy>
		<race value='Zerg'/>
		<unitScore value='18500'/>
		<unitScore value='18500'/>
		<killScore value='21800'/>
		<buildingScore value='3180'/>
		<razingScore value='450'/>
		<mineralScore value='17766'/>
		<gasScore value='5736'/>
		<totalScore value='67432'/>
	</enemy>

	<scoreRatio value='1.7126'/>
	<timeFitness value='0.686806'/>
	<unitsAverage value='120'/>
</results>
