<results>
	<result value='loss'/>
	<start value='2015-07-13.04:37:01'/>
	<end value='2015-07-13.04:37:12'/>
	<frames value='20958'/>
	<gameDuration value='1309'/>

	<player>
		<unitScore value='7850'/>
		<killScore value='1500'/>
		<buildingScore value='2225'/>
		<razingScore value='0'/>
		<mineralScore value='9034'/>
		<gasScore value='1176'/>
		<totalScore value='21785'/>
	</player>

	<enemy>
		<race value='Protoss'/>
		<unitScore value='5725'/>
		<killScore value='15400'/>
		<buildingScore value='4075'/>
		<razingScore value='6675'/>
		<mineralScore value='10642'/>
		<gasScore value='2712'/>
		<totalScore value='45229'/>
	</enemy>

	<scoreRatio value='0.48166'/>
	<timeFitness value='0.181806'/>
	<unitsAverage value='35'/>
</results>
