<results>
	<result value='loss'/>
	<start value='2015-07-13.04:57:33'/>
	<end value='2015-07-13.04:57:47'/>
	<frames value='28398'/>
	<gameDuration value='1774'/>

	<player>
		<unitScore value='7075'/>
		<killScore value='4650'/>
		<buildingScore value='2225'/>
		<razingScore value='0'/>
		<mineralScore value='8266'/>
		<gasScore value='1416'/>
		<totalScore value='23632'/>
	</player>

	<enemy>
		<race value='Protoss'/>
		<unitScore value='11725'/>
		<killScore value='14350'/>
		<buildingScore value='5675'/>
		<razingScore value='6675'/>
		<mineralScore value='17442'/>
		<gasScore value='5824'/>
		<totalScore value='61691'/>
	</enemy>

	<scoreRatio value='0.38307'/>
	<timeFitness value='0.246389'/>
	<unitsAverage value='29'/>
</results>
