<results>
	<result value='loss'/>
	<start value='2015-07-17.09:16:45'/>
	<end value='2015-07-17.09:17:06'/>
	<frames value='26631'/>
	<gameDuration value='1664'/>

	<player>
		<unitScore value='10425'/>
		<killScore value='5800'/>
		<buildingScore value='2900'/>
		<razingScore value='0'/>
		<mineralScore value='11542'/>
		<gasScore value='1600'/>
		<totalScore value='32267'/>
	</player>

	<enemy>
		<race value='Terran'/>
		<unitScore value='9075'/>
		<killScore value='20850'/>
		<buildingScore value='3200'/>
		<razingScore value='8700'/>
		<mineralScore value='12050'/>
		<gasScore value='4464'/>
		<totalScore value='58339'/>
	</enemy>

	<scoreRatio value='0.553095'/>
	<timeFitness value='0.231111'/>
	<unitsAverage value='43'/>
</results>
