<results>
	<result value='win'/>
	<start value='2015-05-02.18:12:52'/>
	<end value='2015-05-02.18:14:48'/>
	<frames value='43371'/>
	<gameDuration value='2710'/>

	<player>
		<unitScore value='29400'/>
		<killScore value='35800'/>
		<buildingScore value='5000'/>
		<razingScore value='12375'/>
		<mineralScore value='33350'/>
		<gasScore value='5048'/>
		<totalScore value='120973'/>
	</player>

	<enemy>
		<race value='Terran'/>
		<unitScore value='22575'/>
		<unitScore value='22575'/>
		<killScore value='28600'/>
		<buildingScore value='4125'/>
		<razingScore value='2700'/>
		<mineralScore value='16906'/>
		<gasScore value='9302'/>
		<totalScore value='84208'/>
	</enemy>

	<scoreRatio value='1.4366'/>
	<timeFitness value='0.623611'/>
	<unitsAverage value='151'/>
</results>
