<results>
	<result value='loss'/>
	<start value='2015-05-07.13:29:19'/>
	<end value='2015-05-07.13:29:55'/>
	<frames value='54841'/>
	<gameDuration value='3427'/>

	<player>
		<unitScore value='18150'/>
		<killScore value='28400'/>
		<buildingScore value='3500'/>
		<razingScore value='2400'/>
		<mineralScore value='23846'/>
		<gasScore value='5920'/>
		<totalScore value='82216'/>
	</player>

	<enemy>
		<race value='Terran'/>
		<unitScore value='24625'/>
		<unitScore value='24625'/>
		<killScore value='36300'/>
		<buildingScore value='4700'/>
		<razingScore value='10500'/>
		<mineralScore value='19346'/>
		<gasScore value='11666'/>
		<totalScore value='107137'/>
	</enemy>

	<scoreRatio value='0.767391'/>
	<timeFitness value='0.475972'/>
	<unitsAverage value='54'/>
</results>
