<results>
	<result value='loss'/>
	<start value='2015-04-12.05:34:05'/>
	<end value='2015-04-12.05:34:45'/>
	<frames value='37078'/>
	<gameDuration value='2317'/>

	<player>
		<unitScore value='10000'/>
		<killScore value='10000'/>
		<buildingScore value='2950'/>
		<razingScore value='0'/>
		<mineralScore value='12842'/>
		<gasScore value='3248'/>
		<totalScore value='39040'/>
	</player>

	<enemy>
		<race value='Protoss'/>
		<unitScore value='22775'/>
		<unitScore value='22775'/>
		<killScore value='19750'/>
		<buildingScore value='7125'/>
		<razingScore value='8850'/>
		<mineralScore value='25106'/>
		<gasScore value='9448'/>
		<totalScore value='93054'/>
	</enemy>

	<scoreRatio value='0.419541'/>
</results>
