<results>
	<result value='loss'/>
	<start value='2015-04-12.05:51:22'/>
	<end value='2015-04-12.05:52:46'/>
	<frames value='54004'/>
	<gameDuration value='3375'/>

	<player>
		<unitScore value='24175'/>
		<killScore value='44750'/>
		<buildingScore value='3100'/>
		<razingScore value='900'/>
		<mineralScore value='32342'/>
		<gasScore value='3144'/>
		<totalScore value='108411'/>
	</player>

	<enemy>
		<race value='Protoss'/>
		<unitScore value='36000'/>
		<unitScore value='36000'/>
		<killScore value='48350'/>
		<buildingScore value='6825'/>
		<razingScore value='9300'/>
		<mineralScore value='29658'/>
		<gasScore value='14060'/>
		<totalScore value='144193'/>
	</enemy>

	<scoreRatio value='0.751846'/>
</results>
