<results>
	<result value='loss'/>
	<start value='2015-04-14.05:01:53'/>
	<end value='2015-04-14.05:02:14'/>
	<frames value='25515'/>
	<gameDuration value='1594'/>

	<player>
		<unitScore value='2700'/>
		<killScore value='2200'/>
		<buildingScore value='1525'/>
		<razingScore value='0'/>
		<mineralScore value='4466'/>
		<gasScore value='648'/>
		<totalScore value='11539'/>
	</player>

	<enemy>
		<race value='Protoss'/>
		<unitScore value='9775'/>
		<unitScore value='9775'/>
		<killScore value='5400'/>
		<buildingScore value='6525'/>
		<razingScore value='4575'/>
		<mineralScore value='15574'/>
		<gasScore value='5000'/>
		<totalScore value='46849'/>
	</enemy>

	<scoreRatio value='0.246302'/>
</results>
