<results>
	<result value='loss'/>
	<start value='2015-04-14.05:02:18'/>
	<end value='2015-04-14.05:02:32'/>
	<frames value='16184'/>
	<gameDuration value='1011'/>

	<player>
		<unitScore value='3375'/>
		<killScore value='1400'/>
		<buildingScore value='1950'/>
		<razingScore value='0'/>
		<mineralScore value='5346'/>
		<gasScore value='680'/>
		<totalScore value='12751'/>
	</player>

	<enemy>
		<race value='Protoss'/>
		<unitScore value='3600'/>
		<unitScore value='3600'/>
		<killScore value='6750'/>
		<buildingScore value='3575'/>
		<razingScore value='5850'/>
		<mineralScore value='8450'/>
		<gasScore value='1576'/>
		<totalScore value='29801'/>
	</enemy>

	<scoreRatio value='0.427872'/>
</results>
