<results>
	<result value='win'/>
	<start value='2015-04-14.05:12:30'/>
	<end value='2015-04-14.05:13:20'/>
	<frames value='31901'/>
	<gameDuration value='1993'/>

	<player>
		<unitScore value='17050'/>
		<killScore value='21300'/>
		<buildingScore value='3725'/>
		<razingScore value='11025'/>
		<mineralScore value='21446'/>
		<gasScore value='3248'/>
		<totalScore value='77794'/>
	</player>

	<enemy>
		<race value='Protoss'/>
		<unitScore value='10650'/>
		<unitScore value='10650'/>
		<killScore value='13750'/>
		<buildingScore value='3675'/>
		<razingScore value='150'/>
		<mineralScore value='13334'/>
		<gasScore value='3856'/>
		<totalScore value='45415'/>
	</enemy>

	<scoreRatio value='1.71296'/>
</results>
