<results>
	<result value='win'/>
	<start value='2015-05-06.07:47:14'/>
	<end value='2015-05-06.07:47:33'/>
	<frames value='24647'/>
	<gameDuration value='1540'/>

	<player>
		<unitScore value='12375'/>
		<killScore value='18300'/>
		<buildingScore value='3375'/>
		<razingScore value='6450'/>
		<mineralScore value='17570'/>
		<gasScore value='1640'/>
		<totalScore value='59710'/>
	</player>

	<enemy>
		<race value='Terran'/>
		<unitScore value='9150'/>
		<unitScore value='9150'/>
		<killScore value='7950'/>
		<buildingScore value='2150'/>
		<razingScore value='150'/>
		<mineralScore value='9626'/>
		<gasScore value='2856'/>
		<totalScore value='31882'/>
	</enemy>

	<scoreRatio value='1.87284'/>
	<timeFitness value='0.786111'/>
	<unitsAverage value='69'/>
</results>
