<results>
	<result value='loss'/>
	<start value='2015-05-06.07:54:03'/>
	<end value='2015-05-06.07:54:20'/>
	<frames value='27003'/>
	<gameDuration value='1687'/>

	<player>
		<unitScore value='7525'/>
		<killScore value='6600'/>
		<buildingScore value='2750'/>
		<razingScore value='0'/>
		<mineralScore value='10194'/>
		<gasScore value='1752'/>
		<totalScore value='28821'/>
	</player>

	<enemy>
		<race value='Terran'/>
		<unitScore value='10100'/>
		<unitScore value='10100'/>
		<killScore value='15050'/>
		<buildingScore value='3500'/>
		<razingScore value='8250'/>
		<mineralScore value='13834'/>
		<gasScore value='6176'/>
		<totalScore value='56910'/>
	</enemy>

	<scoreRatio value='0.506431'/>
	<timeFitness value='0.234306'/>
	<unitsAverage value='33'/>
</results>
