<results>
	<result value='win'/>
	<start value='2015-05-06.07:53:47'/>
	<end value='2015-05-06.07:54:00'/>
	<frames value='18633'/>
	<gameDuration value='1164'/>

	<player>
		<unitScore value='7375'/>
		<killScore value='12300'/>
		<buildingScore value='1975'/>
		<razingScore value='5250'/>
		<mineralScore value='10082'/>
		<gasScore value='1672'/>
		<totalScore value='38654'/>
	</player>

	<enemy>
		<race value='Terran'/>
		<unitScore value='6150'/>
		<unitScore value='6150'/>
		<killScore value='4600'/>
		<buildingScore value='1750'/>
		<razingScore value='150'/>
		<mineralScore value='7842'/>
		<gasScore value='2168'/>
		<totalScore value='22660'/>
	</enemy>

	<scoreRatio value='1.70583'/>
	<timeFitness value='0.838333'/>
	<unitsAverage value='53'/>
</results>
