<results>
	<result value='loss'/>
	<start value='2015-07-18.19:54:07'/>
	<end value='2015-07-18.19:54:19'/>
	<frames value='15998'/>
	<gameDuration value='999'/>

	<player>
		<unitScore value='3300'/>
		<killScore value='400'/>
		<buildingScore value='1775'/>
		<razingScore value='0'/>
		<mineralScore value='4802'/>
		<gasScore value='896'/>
		<totalScore value='11173'/>
	</player>

	<enemy>
		<race value='Protoss'/>
		<unitScore value='3550'/>
		<killScore value='6600'/>
		<buildingScore value='3525'/>
		<razingScore value='5325'/>
		<mineralScore value='8226'/>
		<gasScore value='1624'/>
		<totalScore value='28850'/>
	</enemy>

	<scoreRatio value='0.387279'/>
	<timeFitness value='0.13875'/>
	<unitsAverage value='24'/>
</results>
