<results>
	<result value='loss'/>
	<start value='2015-07-18.19:54:49'/>
	<end value='2015-07-18.19:55:22'/>
	<frames value='30196'/>
	<gameDuration value='1887'/>

	<player>
		<unitScore value='11275'/>
		<killScore value='3400'/>
		<buildingScore value='2500'/>
		<razingScore value='0'/>
		<mineralScore value='11078'/>
		<gasScore value='1896'/>
		<totalScore value='30149'/>
	</player>

	<enemy>
		<race value='Protoss'/>
		<unitScore value='15075'/>
		<killScore value='22450'/>
		<buildingScore value='6875'/>
		<razingScore value='7500'/>
		<mineralScore value='19142'/>
		<gasScore value='7824'/>
		<totalScore value='78866'/>
	</enemy>

	<scoreRatio value='0.382281'/>
	<timeFitness value='0.262083'/>
	<unitsAverage value='40'/>
</results>
