<results>
	<result value='loss'/>
	<start value='2015-07-18.19:56:30'/>
	<end value='2015-07-18.19:57:07'/>
	<frames value='35962'/>
	<gameDuration value='2247'/>

	<player>
		<unitScore value='18425'/>
		<killScore value='8400'/>
		<buildingScore value='2875'/>
		<razingScore value='0'/>
		<mineralScore value='18310'/>
		<gasScore value='2968'/>
		<totalScore value='50978'/>
	</player>

	<enemy>
		<race value='Protoss'/>
		<unitScore value='23000'/>
		<killScore value='36850'/>
		<buildingScore value='7175'/>
		<razingScore value='8625'/>
		<mineralScore value='24210'/>
		<gasScore value='10000'/>
		<totalScore value='109860'/>
	</enemy>

	<scoreRatio value='0.464027'/>
	<timeFitness value='0.312083'/>
	<unitsAverage value='51'/>
</results>
