<results>
	<result value='loss'/>
	<start value='2015-07-18.19:58:01'/>
	<end value='2015-07-18.19:58:14'/>
	<frames value='20183'/>
	<gameDuration value='1261'/>

	<player>
		<unitScore value='3775'/>
		<killScore value='800'/>
		<buildingScore value='1825'/>
		<razingScore value='0'/>
		<mineralScore value='5514'/>
		<gasScore value='1112'/>
		<totalScore value='13026'/>
	</player>

	<enemy>
		<race value='Protoss'/>
		<unitScore value='4550'/>
		<killScore value='7550'/>
		<buildingScore value='5025'/>
		<razingScore value='5475'/>
		<mineralScore value='11314'/>
		<gasScore value='2384'/>
		<totalScore value='36298'/>
	</enemy>

	<scoreRatio value='0.358863'/>
	<timeFitness value='0.175139'/>
	<unitsAverage value='23'/>
</results>
