<results>
	<result value='loss'/>
	<start value='2015-07-18.20:02:21'/>
	<end value='2015-07-18.20:02:32'/>
	<frames value='14417'/>
	<gameDuration value='901'/>

	<player>
		<unitScore value='950'/>
		<killScore value='0'/>
		<buildingScore value='775'/>
		<razingScore value='0'/>
		<mineralScore value='4482'/>
		<gasScore value='0'/>
		<totalScore value='6207'/>
	</player>

	<enemy>
		<race value='Protoss'/>
		<unitScore value='4275'/>
		<killScore value='1600'/>
		<buildingScore value='2325'/>
		<razingScore value='2325'/>
		<mineralScore value='7250'/>
		<gasScore value='1904'/>
		<totalScore value='19679'/>
	</enemy>

	<scoreRatio value='0.315412'/>
	<timeFitness value='0.125139'/>
	<unitsAverage value='17'/>
</results>
