<results>
	<result value='win'/>
	<start value='2015-05-06.01:09:10'/>
	<end value='2015-05-06.01:09:38'/>
	<frames value='22880'/>
	<gameDuration value='1430'/>

	<player>
		<unitScore value='11675'/>
		<killScore value='17930'/>
		<buildingScore value='3000'/>
		<razingScore value='5445'/>
		<mineralScore value='16158'/>
		<gasScore value='1840'/>
		<totalScore value='56048'/>
	</player>

	<enemy>
		<race value='Zerg'/>
		<unitScore value='8525'/>
		<unitScore value='8525'/>
		<killScore value='6600'/>
		<buildingScore value='1815'/>
		<razingScore value='0'/>
		<mineralScore value='8698'/>
		<gasScore value='2512'/>
		<totalScore value='28150'/>
	</enemy>

	<scoreRatio value='1.99105'/>
	<timeFitness value='0.801389'/>
	<unitsAverage value='74'/>
</results>
