<results>
	<result value='win'/>
	<start value='2015-05-06.01:23:50'/>
	<end value='2015-05-06.01:24:32'/>
	<frames value='29080'/>
	<gameDuration value='1817'/>

	<player>
		<unitScore value='19575'/>
		<killScore value='28270'/>
		<buildingScore value='3700'/>
		<razingScore value='6015'/>
		<mineralScore value='23926'/>
		<gasScore value='1968'/>
		<totalScore value='83454'/>
	</player>

	<enemy>
		<race value='Zerg'/>
		<unitScore value='12975'/>
		<unitScore value='12975'/>
		<killScore value='19550'/>
		<buildingScore value='2005'/>
		<razingScore value='0'/>
		<mineralScore value='12214'/>
		<gasScore value='3400'/>
		<totalScore value='50144'/>
	</enemy>

	<scoreRatio value='1.66429'/>
	<timeFitness value='0.747639'/>
	<unitsAverage value='92'/>
</results>
