<results>
	<result value='win'/>
	<start value='2015-05-06.01:29:42'/>
	<end value='2015-05-06.01:30:25'/>
	<frames value='28119'/>
	<gameDuration value='1757'/>

	<player>
		<unitScore value='18325'/>
		<killScore value='26135'/>
		<buildingScore value='5100'/>
		<razingScore value='5160'/>
		<mineralScore value='28122'/>
		<gasScore value='2888'/>
		<totalScore value='85730'/>
	</player>

	<enemy>
		<race value='Zerg'/>
		<unitScore value='11375'/>
		<unitScore value='11375'/>
		<killScore value='13500'/>
		<buildingScore value='1720'/>
		<razingScore value='0'/>
		<mineralScore value='10362'/>
		<gasScore value='2952'/>
		<totalScore value='39909'/>
	</enemy>

	<scoreRatio value='2.14814'/>
	<timeFitness value='0.755972'/>
	<unitsAverage value='105'/>
</results>
