<results>
	<result value='win'/>
	<start value='2015-05-06.01:48:28'/>
	<end value='2015-05-06.01:48:57'/>
	<frames value='24399'/>
	<gameDuration value='1524'/>

	<player>
		<unitScore value='15200'/>
		<killScore value='20970'/>
		<buildingScore value='3625'/>
		<razingScore value='4830'/>
		<mineralScore value='21134'/>
		<gasScore value='2360'/>
		<totalScore value='68119'/>
	</player>

	<enemy>
		<race value='Zerg'/>
		<unitScore value='9725'/>
		<unitScore value='9725'/>
		<killScore value='12650'/>
		<buildingScore value='1610'/>
		<razingScore value='0'/>
		<mineralScore value='9410'/>
		<gasScore value='2576'/>
		<totalScore value='35971'/>
	</enemy>

	<scoreRatio value='1.89372'/>
	<timeFitness value='0.788333'/>
	<unitsAverage value='77'/>
</results>
