<results>
	<result value='loss'/>
	<start value='2015-04-15.04:36:52'/>
	<end value='2015-04-15.04:37:11'/>
	<frames value='20803'/>
	<gameDuration value='1300'/>

	<player>
		<unitScore value='3225'/>
		<killScore value='2000'/>
		<buildingScore value='1975'/>
		<razingScore value='0'/>
		<mineralScore value='5394'/>
		<gasScore value='600'/>
		<totalScore value='13194'/>
	</player>

	<enemy>
		<race value='Protoss'/>
		<unitScore value='6800'/>
		<unitScore value='6800'/>
		<killScore value='6450'/>
		<buildingScore value='5275'/>
		<razingScore value='5925'/>
		<mineralScore value='12290'/>
		<gasScore value='3176'/>
		<totalScore value='39916'/>
	</enemy>

	<scoreRatio value='0.330544'/>
</results>
