<results>
	<result value='win'/>
	<start value='2014-07-12.21:59:18'/>
	<end value='2014-07-12.21:59:24'/>
	<frames value='12402'/>
	<gameDuration value='775'/>

	<player>
		<unitScore value='3025'/>
		<killScore value='2060'/>
		<buildingScore value='1150'/>
		<razingScore value='2340'/>
		<mineralScore value='4874'/>
		<gasScore value='424'/>
		<totalScore value='13873'/>
	</player>

	<enemy>
		<race value='Zerg'/>
		<unitScore value='1250'/>
		<unitScore value='1250'/>
		<killScore value='1100'/>
		<buildingScore value='780'/>
		<razingScore value='0'/>
		<mineralScore value='2458'/>
		<gasScore value='128'/>
		<totalScore value='5716'/>
	</enemy>

	<scoreRatio value='2.42705'/>
</results>
