<results>
	<result value='draw'/>
	<start value='2015-05-02.19:41:54'/>
	<end value='2015-05-02.19:42:58'/>
	<frames value='57601'/>
	<gameDuration value='3600'/>

	<player>
		<unitScore value='33700'/>
		<killScore value='54025'/>
		<buildingScore value='2675'/>
		<razingScore value='7155'/>
		<mineralScore value='37398'/>
		<gasScore value='0'/>
		<totalScore value='134953'/>
	</player>

	<enemy>
		<race value='Zerg'/>
		<unitScore value='24975'/>
		<unitScore value='24975'/>
		<killScore value='58900'/>
		<buildingScore value='3145'/>
		<razingScore value='0'/>
		<mineralScore value='20974'/>
		<gasScore value='7712'/>
		<totalScore value='115706'/>
	</enemy>

	<scoreRatio value='1.16634'/>
	<timeFitness value='0.5'/>
	<unitsAverage value='102'/>
</results>
