<results>
	<result value='draw'/>
	<start value='2015-05-02.19:56:35'/>
	<end value='2015-05-02.19:58:41'/>
	<frames value='57601'/>
	<gameDuration value='3600'/>

	<player>
		<unitScore value='24900'/>
		<killScore value='24700'/>
		<buildingScore value='4550'/>
		<razingScore value='5580'/>
		<mineralScore value='44454'/>
		<gasScore value='0'/>
		<totalScore value='104184'/>
	</player>

	<enemy>
		<race value='Zerg'/>
		<unitScore value='12675'/>
		<unitScore value='12675'/>
		<killScore value='29800'/>
		<buildingScore value='2185'/>
		<razingScore value='150'/>
		<mineralScore value='12722'/>
		<gasScore value='3792'/>
		<totalScore value='61324'/>
	</enemy>

	<scoreRatio value='1.69891'/>
	<timeFitness value='0.5'/>
	<unitsAverage value='148'/>
</results>
