<results>
	<result value='win'/>
	<start value='2015-05-09.17:10:41'/>
	<end value='2015-05-09.17:11:02'/>
	<frames value='26104'/>
	<gameDuration value='1631'/>

	<player>
		<unitScore value='15900'/>
		<killScore value='25280'/>
		<buildingScore value='3475'/>
		<razingScore value='5775'/>
		<mineralScore value='19194'/>
		<gasScore value='2200'/>
		<totalScore value='71824'/>
	</player>

	<enemy>
		<race value='Zerg'/>
		<unitScore value='11900'/>
		<unitScore value='11900'/>
		<killScore value='16800'/>
		<buildingScore value='1925'/>
		<razingScore value='1575'/>
		<mineralScore value='11714'/>
		<gasScore value='3544'/>
		<totalScore value='47458'/>
	</enemy>

	<scoreRatio value='1.51342'/>
	<timeFitness value='0.773472'/>
	<unitsAverage value='81'/>
</results>
