<results>
	<result value='loss'/>
	<start value='2015-07-15.09:43:39'/>
	<end value='2015-07-15.09:43:57'/>
	<frames value='25608'/>
	<gameDuration value='1600'/>

	<player>
		<unitScore value='11375'/>
		<killScore value='5800'/>
		<buildingScore value='2600'/>
		<razingScore value='0'/>
		<mineralScore value='12358'/>
		<gasScore value='2080'/>
		<totalScore value='34213'/>
	</player>

	<enemy>
		<race value='Terran'/>
		<unitScore value='8650'/>
		<killScore value='20450'/>
		<buildingScore value='2700'/>
		<razingScore value='7800'/>
		<mineralScore value='11866'/>
		<gasScore value='3808'/>
		<totalScore value='55274'/>
	</enemy>

	<scoreRatio value='0.618971'/>
	<timeFitness value='0.222222'/>
	<unitsAverage value='45'/>
</results>
