<results>
	<result value='loss'/>
	<start value='2015-07-15.09:49:57'/>
	<end value='2015-07-15.09:50:24'/>
	<frames value='28522'/>
	<gameDuration value='1782'/>

	<player>
		<unitScore value='12375'/>
		<killScore value='4550'/>
		<buildingScore value='4225'/>
		<razingScore value='0'/>
		<mineralScore value='15222'/>
		<gasScore value='2240'/>
		<totalScore value='38612'/>
	</player>

	<enemy>
		<race value='Terran'/>
		<unitScore value='8375'/>
		<killScore value='22650'/>
		<buildingScore value='2975'/>
		<razingScore value='12675'/>
		<mineralScore value='12014'/>
		<gasScore value='4680'/>
		<totalScore value='63369'/>
	</enemy>

	<scoreRatio value='0.60932'/>
	<timeFitness value='0.2475'/>
	<unitsAverage value='49'/>
</results>
