<results>
	<result value='loss'/>
	<start value='2015-05-11.11:16:38'/>
	<end value='2015-05-11.11:17:25'/>
	<frames value='56019'/>
	<gameDuration value='3501'/>

	<player>
		<unitScore value='16375'/>
		<killScore value='39795'/>
		<buildingScore value='4300'/>
		<razingScore value='900'/>
		<mineralScore value='31330'/>
		<gasScore value='5936'/>
		<totalScore value='98636'/>
	</player>

	<enemy>
		<race value='Zerg'/>
		<unitScore value='33500'/>
		<unitScore value='33500'/>
		<killScore value='32750'/>
		<buildingScore value='4960'/>
		<razingScore value='12900'/>
		<mineralScore value='30794'/>
		<gasScore value='12474'/>
		<totalScore value='127378'/>
	</enemy>

	<scoreRatio value='0.774357'/>
	<timeFitness value='0.48625'/>
	<unitsAverage value='70'/>
</results>
