<results>
	<result value='loss'/>
	<start value='2015-07-18.04:11:06'/>
	<end value='2015-07-18.04:11:26'/>
	<frames value='19067'/>
	<gameDuration value='1191'/>

	<player>
		<unitScore value='5650'/>
		<killScore value='3350'/>
		<buildingScore value='2325'/>
		<razingScore value='0'/>
		<mineralScore value='7266'/>
		<gasScore value='936'/>
		<totalScore value='19527'/>
	</player>

	<enemy>
		<race value='Terran'/>
		<unitScore value='6325'/>
		<killScore value='10450'/>
		<buildingScore value='2250'/>
		<razingScore value='6975'/>
		<mineralScore value='8394'/>
		<gasScore value='3072'/>
		<totalScore value='37466'/>
	</enemy>

	<scoreRatio value='0.521193'/>
	<timeFitness value='0.165417'/>
	<unitsAverage value='28'/>
</results>
