<results>
	<result value='win'/>
	<start value='2015-05-06.09:49:20'/>
	<end value='2015-05-06.09:49:52'/>
	<frames value='32459'/>
	<gameDuration value='2028'/>

	<player>
		<unitScore value='23475'/>
		<killScore value='27760'/>
		<buildingScore value='2925'/>
		<razingScore value='6675'/>
		<mineralScore value='26634'/>
		<gasScore value='1912'/>
		<totalScore value='89381'/>
	</player>

	<enemy>
		<race value='Zerg'/>
		<unitScore value='12850'/>
		<unitScore value='12850'/>
		<killScore value='31000'/>
		<buildingScore value='2225'/>
		<razingScore value='0'/>
		<mineralScore value='12582'/>
		<gasScore value='3968'/>
		<totalScore value='62625'/>
	</enemy>

	<scoreRatio value='1.42724'/>
	<timeFitness value='0.718333'/>
	<unitsAverage value='84'/>
</results>
