<results>
	<result value='win'/>
	<start value='2015-05-06.09:56:41'/>
	<end value='2015-05-06.09:57:22'/>
	<frames value='29700'/>
	<gameDuration value='1856'/>

	<player>
		<unitScore value='21425'/>
		<killScore value='32580'/>
		<buildingScore value='3925'/>
		<razingScore value='6255'/>
		<mineralScore value='30198'/>
		<gasScore value='1632'/>
		<totalScore value='96015'/>
	</player>

	<enemy>
		<race value='Zerg'/>
		<unitScore value='14800'/>
		<unitScore value='14800'/>
		<killScore value='19150'/>
		<buildingScore value='2085'/>
		<razingScore value='0'/>
		<mineralScore value='13482'/>
		<gasScore value='4984'/>
		<totalScore value='54501'/>
	</enemy>

	<scoreRatio value='1.76171'/>
	<timeFitness value='0.742222'/>
	<unitsAverage value='115'/>
</results>
