<results>
	<result value='win'/>
	<start value='2015-05-06.10:08:19'/>
	<end value='2015-05-06.10:08:51'/>
	<frames value='26786'/>
	<gameDuration value='1674'/>

	<player>
		<unitScore value='20000'/>
		<killScore value='27170'/>
		<buildingScore value='3625'/>
		<razingScore value='4560'/>
		<mineralScore value='28730'/>
		<gasScore value='2440'/>
		<totalScore value='86525'/>
	</player>

	<enemy>
		<race value='Zerg'/>
		<unitScore value='12075'/>
		<unitScore value='12075'/>
		<killScore value='17500'/>
		<buildingScore value='1520'/>
		<razingScore value='0'/>
		<mineralScore value='10866'/>
		<gasScore value='3328'/>
		<totalScore value='45289'/>
	</enemy>

	<scoreRatio value='1.91051'/>
	<timeFitness value='0.7675'/>
	<unitsAverage value='102'/>
</results>
