<results>
	<result value='win'/>
	<start value='2015-05-06.10:22:20'/>
	<end value='2015-05-06.10:22:53'/>
	<frames value='26135'/>
	<gameDuration value='1633'/>

	<player>
		<unitScore value='18025'/>
		<killScore value='25110'/>
		<buildingScore value='4325'/>
		<razingScore value='4875'/>
		<mineralScore value='26282'/>
		<gasScore value='1752'/>
		<totalScore value='80369'/>
	</player>

	<enemy>
		<race value='Zerg'/>
		<unitScore value='10850'/>
		<unitScore value='10850'/>
		<killScore value='13100'/>
		<buildingScore value='1625'/>
		<razingScore value='0'/>
		<mineralScore value='10418'/>
		<gasScore value='3008'/>
		<totalScore value='39001'/>
	</enemy>

	<scoreRatio value='2.06069'/>
	<timeFitness value='0.773194'/>
	<unitsAverage value='103'/>
</results>
