<results>
	<result value='win'/>
	<start value='2015-05-06.10:34:26'/>
	<end value='2015-05-06.10:35:00'/>
	<frames value='28274'/>
	<gameDuration value='1767'/>

	<player>
		<unitScore value='21550'/>
		<killScore value='19420'/>
		<buildingScore value='3825'/>
		<razingScore value='5580'/>
		<mineralScore value='27722'/>
		<gasScore value='1720'/>
		<totalScore value='79817'/>
	</player>

	<enemy>
		<race value='Zerg'/>
		<unitScore value='8850'/>
		<unitScore value='8850'/>
		<killScore value='21250'/>
		<buildingScore value='1860'/>
		<razingScore value='0'/>
		<mineralScore value='9274'/>
		<gasScore value='2832'/>
		<totalScore value='44066'/>
	</enemy>

	<scoreRatio value='1.81131'/>
	<timeFitness value='0.754583'/>
	<unitsAverage value='105'/>
</results>
