<results>
	<result value='loss'/>
	<start value='2015-07-14.15:25:20'/>
	<end value='2015-07-14.15:25:30'/>
	<frames value='16432'/>
	<gameDuration value='1027'/>

	<player>
		<unitScore value='4250'/>
		<killScore value='1500'/>
		<buildingScore value='1300'/>
		<razingScore value='0'/>
		<mineralScore value='5306'/>
		<gasScore value='680'/>
		<totalScore value='13036'/>
	</player>

	<enemy>
		<race value='Protoss'/>
		<unitScore value='3800'/>
		<killScore value='7950'/>
		<buildingScore value='2725'/>
		<razingScore value='3900'/>
		<mineralScore value='8546'/>
		<gasScore value='1432'/>
		<totalScore value='28353'/>
	</enemy>

	<scoreRatio value='0.459775'/>
	<timeFitness value='0.142639'/>
	<unitsAverage value='25'/>
</results>
