<results>
	<result value='loss'/>
	<start value='2015-07-14.15:36:55'/>
	<end value='2015-07-14.15:37:06'/>
	<frames value='19253'/>
	<gameDuration value='1203'/>

	<player>
		<unitScore value='5675'/>
		<killScore value='1200'/>
		<buildingScore value='1825'/>
		<razingScore value='0'/>
		<mineralScore value='6842'/>
		<gasScore value='784'/>
		<totalScore value='16326'/>
	</player>

	<enemy>
		<race value='Protoss'/>
		<unitScore value='4250'/>
		<killScore value='11350'/>
		<buildingScore value='5275'/>
		<razingScore value='5475'/>
		<mineralScore value='11178'/>
		<gasScore value='2256'/>
		<totalScore value='39784'/>
	</enemy>

	<scoreRatio value='0.410366'/>
	<timeFitness value='0.167083'/>
	<unitsAverage value='22'/>
</results>
