<results>
	<result value='loss'/>
	<start value='2015-07-14.15:38:14'/>
	<end value='2015-07-14.15:39:05'/>
	<frames value='40860'/>
	<gameDuration value='2553'/>

	<player>
		<unitScore value='19775'/>
		<killScore value='15600'/>
		<buildingScore value='3275'/>
		<razingScore value='450'/>
		<mineralScore value='23850'/>
		<gasScore value='4016'/>
		<totalScore value='66966'/>
	</player>

	<enemy>
		<race value='Protoss'/>
		<unitScore value='25500'/>
		<killScore value='39550'/>
		<buildingScore value='7125'/>
		<razingScore value='9825'/>
		<mineralScore value='25650'/>
		<gasScore value='9952'/>
		<totalScore value='117602'/>
	</enemy>

	<scoreRatio value='0.569429'/>
	<timeFitness value='0.354583'/>
	<unitsAverage value='58'/>
</results>
