<results>
	<result value='win'/>
	<start value='2015-05-06.11:37:38'/>
	<end value='2015-05-06.11:38:18'/>
	<frames value='29359'/>
	<gameDuration value='1834'/>

	<player>
		<unitScore value='22600'/>
		<killScore value='33080'/>
		<buildingScore value='4400'/>
		<razingScore value='5115'/>
		<mineralScore value='33862'/>
		<gasScore value='1616'/>
		<totalScore value='100673'/>
	</player>

	<enemy>
		<race value='Zerg'/>
		<unitScore value='14675'/>
		<unitScore value='14675'/>
		<killScore value='21750'/>
		<buildingScore value='1705'/>
		<razingScore value='0'/>
		<mineralScore value='12794'/>
		<gasScore value='4848'/>
		<totalScore value='55772'/>
	</enemy>

	<scoreRatio value='1.80508'/>
	<timeFitness value='0.745278'/>
	<unitsAverage value='116'/>
</results>
