<results>
	<result value='win'/>
	<start value='2015-05-06.11:43:57'/>
	<end value='2015-05-06.11:44:13'/>
	<frames value='19935'/>
	<gameDuration value='1245'/>

	<player>
		<unitScore value='8550'/>
		<killScore value='13970'/>
		<buildingScore value='2875'/>
		<razingScore value='5460'/>
		<mineralScore value='13090'/>
		<gasScore value='1496'/>
		<totalScore value='45441'/>
	</player>

	<enemy>
		<race value='Zerg'/>
		<unitScore value='7025'/>
		<unitScore value='7025'/>
		<killScore value='5100'/>
		<buildingScore value='1820'/>
		<razingScore value='0'/>
		<mineralScore value='7538'/>
		<gasScore value='2192'/>
		<totalScore value='23675'/>
	</enemy>

	<scoreRatio value='1.91937'/>
	<timeFitness value='0.827083'/>
	<unitsAverage value='58'/>
</results>
