<results>
	<result value='win'/>
	<start value='2015-05-06.12:05:27'/>
	<end value='2015-05-06.12:06:01'/>
	<frames value='26259'/>
	<gameDuration value='1641'/>

	<player>
		<unitScore value='17075'/>
		<killScore value='24000'/>
		<buildingScore value='4175'/>
		<razingScore value='5700'/>
		<mineralScore value='26442'/>
		<gasScore value='1752'/>
		<totalScore value='79144'/>
	</player>

	<enemy>
		<race value='Zerg'/>
		<unitScore value='11175'/>
		<unitScore value='11175'/>
		<killScore value='10900'/>
		<buildingScore value='1900'/>
		<razingScore value='0'/>
		<mineralScore value='10390'/>
		<gasScore value='3408'/>
		<totalScore value='37773'/>
	</enemy>

	<scoreRatio value='2.09525'/>
	<timeFitness value='0.772083'/>
	<unitsAverage value='104'/>
</results>
