<results>
	<result value='loss'/>
	<start value='2015-05-02.19:28:13'/>
	<end value='2015-05-02.19:28:18'/>
	<frames value='14231'/>
	<gameDuration value='889'/>

	<player>
		<unitScore value='2750'/>
		<killScore value='800'/>
		<buildingScore value='1025'/>
		<razingScore value='0'/>
		<mineralScore value='3754'/>
		<gasScore value='728'/>
		<totalScore value='9057'/>
	</player>

	<enemy>
		<race value='Protoss'/>
		<unitScore value='3500'/>
		<unitScore value='3500'/>
		<killScore value='5400'/>
		<buildingScore value='2375'/>
		<razingScore value='3075'/>
		<mineralScore value='7106'/>
		<gasScore value='1200'/>
		<totalScore value='22656'/>
	</enemy>

	<scoreRatio value='0.399762'/>
	<timeFitness value='0.123472'/>
	<unitsAverage value='20'/>
</results>
