<results>
	<result value='win'/>
	<start value='2015-05-09.22:50:49'/>
	<end value='2015-05-09.22:51:19'/>
	<frames value='27437'/>
	<gameDuration value='1714'/>

	<player>
		<unitScore value='15950'/>
		<killScore value='17350'/>
		<buildingScore value='4325'/>
		<razingScore value='12900'/>
		<mineralScore value='26026'/>
		<gasScore value='3048'/>
		<totalScore value='79599'/>
	</player>

	<enemy>
		<race value='Protoss'/>
		<unitScore value='9075'/>
		<unitScore value='9075'/>
		<killScore value='10650'/>
		<buildingScore value='4300'/>
		<razingScore value='450'/>
		<mineralScore value='11610'/>
		<gasScore value='2880'/>
		<totalScore value='38965'/>
	</enemy>

	<scoreRatio value='2.04283'/>
	<timeFitness value='0.761944'/>
	<unitsAverage value='90'/>
</results>
