<results>
	<result value='loss'/>
	<start value='2015-05-09.22:55:32'/>
	<end value='2015-05-09.22:55:42'/>
	<frames value='16742'/>
	<gameDuration value='1046'/>

	<player>
		<unitScore value='2900'/>
		<killScore value='1200'/>
		<buildingScore value='1500'/>
		<razingScore value='0'/>
		<mineralScore value='4618'/>
		<gasScore value='752'/>
		<totalScore value='10970'/>
	</player>

	<enemy>
		<race value='Protoss'/>
		<unitScore value='3750'/>
		<unitScore value='3750'/>
		<killScore value='5400'/>
		<buildingScore value='4075'/>
		<razingScore value='4500'/>
		<mineralScore value='9114'/>
		<gasScore value='1760'/>
		<totalScore value='28599'/>
	</enemy>

	<scoreRatio value='0.38358'/>
	<timeFitness value='0.145278'/>
	<unitsAverage value='21'/>
</results>
