<results>
	<result value='win'/>
	<start value='2015-05-09.22:56:43'/>
	<end value='2015-05-09.22:57:12'/>
	<frames value='27778'/>
	<gameDuration value='1736'/>

	<player>
		<unitScore value='14800'/>
		<killScore value='13500'/>
		<buildingScore value='3725'/>
		<razingScore value='13950'/>
		<mineralScore value='21002'/>
		<gasScore value='2152'/>
		<totalScore value='69129'/>
	</player>

	<enemy>
		<race value='Protoss'/>
		<unitScore value='6800'/>
		<unitScore value='6800'/>
		<killScore value='10200'/>
		<buildingScore value='4650'/>
		<razingScore value='0'/>
		<mineralScore value='13138'/>
		<gasScore value='1384'/>
		<totalScore value='36172'/>
	</enemy>

	<scoreRatio value='1.91112'/>
	<timeFitness value='0.758889'/>
	<unitsAverage value='83'/>
</results>
