<results>
	<result value='loss'/>
	<start value='2015-05-10.07:23:04'/>
	<end value='2015-05-10.07:23:26'/>
	<frames value='26600'/>
	<gameDuration value='1662'/>

	<player>
		<unitScore value='3275'/>
		<killScore value='3100'/>
		<buildingScore value='1125'/>
		<razingScore value='0'/>
		<mineralScore value='4722'/>
		<gasScore value='824'/>
		<totalScore value='13046'/>
	</player>

	<enemy>
		<race value='Protoss'/>
		<unitScore value='11800'/>
		<unitScore value='11800'/>
		<killScore value='6550'/>
		<buildingScore value='5625'/>
		<razingScore value='3375'/>
		<mineralScore value='17362'/>
		<gasScore value='5488'/>
		<totalScore value='50200'/>
	</enemy>

	<scoreRatio value='0.25988'/>
	<timeFitness value='0.230833'/>
	<unitsAverage value='22'/>
</results>
