<results>
	<result value='win'/>
	<start value='2015-05-10.07:25:48'/>
	<end value='2015-05-10.07:26:38'/>
	<frames value='30878'/>
	<gameDuration value='1929'/>

	<player>
		<unitScore value='16000'/>
		<killScore value='18400'/>
		<buildingScore value='4400'/>
		<razingScore value='9075'/>
		<mineralScore value='23954'/>
		<gasScore value='2472'/>
		<totalScore value='74301'/>
	</player>

	<enemy>
		<race value='Protoss'/>
		<unitScore value='9200'/>
		<unitScore value='9200'/>
		<killScore value='10550'/>
		<buildingScore value='3025'/>
		<razingScore value='1200'/>
		<mineralScore value='11706'/>
		<gasScore value='3416'/>
		<totalScore value='39097'/>
	</enemy>

	<scoreRatio value='1.90043'/>
	<timeFitness value='0.732083'/>
	<unitsAverage value='87'/>
</results>
