<results>
	<result value='loss'/>
	<start value='2015-05-10.07:31:58'/>
	<end value='2015-05-10.07:32:40'/>
	<frames value='40333'/>
	<gameDuration value='2520'/>

	<player>
		<unitScore value='11375'/>
		<killScore value='16250'/>
		<buildingScore value='1500'/>
		<razingScore value='2850'/>
		<mineralScore value='12306'/>
		<gasScore value='2656'/>
		<totalScore value='46937'/>
	</player>

	<enemy>
		<race value='Protoss'/>
		<unitScore value='20950'/>
		<unitScore value='20950'/>
		<killScore value='22750'/>
		<buildingScore value='7825'/>
		<razingScore value='4500'/>
		<mineralScore value='25442'/>
		<gasScore value='8312'/>
		<totalScore value='89779'/>
	</enemy>

	<scoreRatio value='0.522806'/>
	<timeFitness value='0.35'/>
	<unitsAverage value='47'/>
</results>
