<results>
	<result value='win'/>
	<start value='2015-05-10.07:49:24'/>
	<end value='2015-05-10.07:50:29'/>
	<frames value='44921'/>
	<gameDuration value='2807'/>

	<player>
		<unitScore value='18625'/>
		<killScore value='21100'/>
		<buildingScore value='2500'/>
		<razingScore value='29475'/>
		<mineralScore value='21258'/>
		<gasScore value='3064'/>
		<totalScore value='96022'/>
	</player>

	<enemy>
		<race value='Protoss'/>
		<unitScore value='10550'/>
		<unitScore value='10550'/>
		<killScore value='19800'/>
		<buildingScore value='9825'/>
		<razingScore value='375'/>
		<mineralScore value='22058'/>
		<gasScore value='4536'/>
		<totalScore value='67144'/>
	</enemy>

	<scoreRatio value='1.43009'/>
	<timeFitness value='0.610139'/>
	<unitsAverage value='74'/>
</results>
