<results>
	<result value='loss'/>
	<start value='2015-05-06.15:55:11'/>
	<end value='2015-05-06.15:55:18'/>
	<frames value='15192'/>
	<gameDuration value='949'/>

	<player>
		<unitScore value='2450'/>
		<killScore value='1000'/>
		<buildingScore value='1550'/>
		<razingScore value='0'/>
		<mineralScore value='4082'/>
		<gasScore value='752'/>
		<totalScore value='9834'/>
	</player>

	<enemy>
		<race value='Protoss'/>
		<unitScore value='3550'/>
		<unitScore value='3550'/>
		<killScore value='5000'/>
		<buildingScore value='2925'/>
		<razingScore value='4650'/>
		<mineralScore value='7882'/>
		<gasScore value='1408'/>
		<totalScore value='25415'/>
	</enemy>

	<scoreRatio value='0.386937'/>
	<timeFitness value='0.131806'/>
	<unitsAverage value='20'/>
</results>
