<results>
	<result value='win'/>
	<start value='2015-05-06.16:05:41'/>
	<end value='2015-05-06.16:06:21'/>
	<frames value='36272'/>
	<gameDuration value='2267'/>

	<player>
		<unitScore value='26650'/>
		<killScore value='34950'/>
		<buildingScore value='3825'/>
		<razingScore value='15300'/>
		<mineralScore value='33814'/>
		<gasScore value='4600'/>
		<totalScore value='119139'/>
	</player>

	<enemy>
		<race value='Protoss'/>
		<unitScore value='18750'/>
		<unitScore value='18750'/>
		<killScore value='27600'/>
		<buildingScore value='5100'/>
		<razingScore value='450'/>
		<mineralScore value='17386'/>
		<gasScore value='6976'/>
		<totalScore value='76262'/>
	</enemy>

	<scoreRatio value='1.56223'/>
	<timeFitness value='0.685139'/>
	<unitsAverage value='118'/>
</results>
