<results>
	<result value='win'/>
	<start value='2015-05-06.16:18:44'/>
	<end value='2015-05-06.16:19:02'/>
	<frames value='23686'/>
	<gameDuration value='1480'/>

	<player>
		<unitScore value='11175'/>
		<killScore value='9600'/>
		<buildingScore value='3475'/>
		<razingScore value='8775'/>
		<mineralScore value='19182'/>
		<gasScore value='2536'/>
		<totalScore value='54743'/>
	</player>

	<enemy>
		<race value='Protoss'/>
		<unitScore value='4800'/>
		<unitScore value='4800'/>
		<killScore value='5300'/>
		<buildingScore value='2925'/>
		<razingScore value='450'/>
		<mineralScore value='9490'/>
		<gasScore value='2048'/>
		<totalScore value='25013'/>
	</enemy>

	<scoreRatio value='2.18858'/>
	<timeFitness value='0.794444'/>
	<unitsAverage value='77'/>
</results>
