<results>
	<result value='win'/>
	<start value='2015-05-06.16:24:53'/>
	<end value='2015-05-06.16:25:25'/>
	<frames value='33048'/>
	<gameDuration value='2065'/>

	<player>
		<unitScore value='19775'/>
		<killScore value='19650'/>
		<buildingScore value='3750'/>
		<razingScore value='20625'/>
		<mineralScore value='26482'/>
		<gasScore value='3936'/>
		<totalScore value='94218'/>
	</player>

	<enemy>
		<race value='Protoss'/>
		<unitScore value='10800'/>
		<unitScore value='10800'/>
		<killScore value='17400'/>
		<buildingScore value='6875'/>
		<razingScore value='150'/>
		<mineralScore value='18818'/>
		<gasScore value='4848'/>
		<totalScore value='58891'/>
	</enemy>

	<scoreRatio value='1.59987'/>
	<timeFitness value='0.713194'/>
	<unitsAverage value='103'/>
</results>
