<results>
	<result value='loss'/>
	<start value='2015-07-14.03:13:28'/>
	<end value='2015-07-14.03:14:11'/>
	<frames value='33203'/>
	<gameDuration value='2075'/>

	<player>
		<unitScore value='17550'/>
		<killScore value='8400'/>
		<buildingScore value='2875'/>
		<razingScore value='0'/>
		<mineralScore value='26178'/>
		<gasScore value='3392'/>
		<totalScore value='58395'/>
	</player>

	<enemy>
		<race value='Protoss'/>
		<unitScore value='17800'/>
		<killScore value='35300'/>
		<buildingScore value='6825'/>
		<razingScore value='8625'/>
		<mineralScore value='22542'/>
		<gasScore value='7464'/>
		<totalScore value='98556'/>
	</enemy>

	<scoreRatio value='0.592506'/>
	<timeFitness value='0.288194'/>
	<unitsAverage value='60'/>
</results>
