<results>
	<result value='loss'/>
	<start value='2015-07-18.03:08:55'/>
	<end value='2015-07-18.03:09:10'/>
	<frames value='20028'/>
	<gameDuration value='1251'/>

	<player>
		<unitScore value='4925'/>
		<killScore value='2500'/>
		<buildingScore value='2275'/>
		<razingScore value='0'/>
		<mineralScore value='6658'/>
		<gasScore value='1144'/>
		<totalScore value='17502'/>
	</player>

	<enemy>
		<race value='Terran'/>
		<unitScore value='7350'/>
		<killScore value='8450'/>
		<buildingScore value='2900'/>
		<razingScore value='6825'/>
		<mineralScore value='9282'/>
		<gasScore value='3288'/>
		<totalScore value='38095'/>
	</enemy>

	<scoreRatio value='0.45943'/>
	<timeFitness value='0.17375'/>
	<unitsAverage value='30'/>
</results>
