<results>
	<result value='loss'/>
	<start value='2015-07-18.03:17:28'/>
	<end value='2015-07-18.03:17:44'/>
	<frames value='19315'/>
	<gameDuration value='1207'/>

	<player>
		<unitScore value='4350'/>
		<killScore value='2200'/>
		<buildingScore value='2025'/>
		<razingScore value='0'/>
		<mineralScore value='5514'/>
		<gasScore value='528'/>
		<totalScore value='14617'/>
	</player>

	<enemy>
		<race value='Terran'/>
		<unitScore value='7200'/>
		<killScore value='8200'/>
		<buildingScore value='2700'/>
		<razingScore value='6075'/>
		<mineralScore value='8802'/>
		<gasScore value='3104'/>
		<totalScore value='36081'/>
	</enemy>

	<scoreRatio value='0.405116'/>
	<timeFitness value='0.167639'/>
	<unitsAverage value='24'/>
</results>
