<results>
	<result value='win'/>
	<start value='2015-04-13.00:11:32'/>
	<end value='2015-04-13.00:12:05'/>
	<frames value='36148'/>
	<gameDuration value='2259'/>

	<player>
		<unitScore value='20100'/>
		<killScore value='28450'/>
		<buildingScore value='4775'/>
		<razingScore value='19500'/>
		<mineralScore value='26150'/>
		<gasScore value='3664'/>
		<totalScore value='102639'/>
	</player>

	<enemy>
		<race value='Protoss'/>
		<unitScore value='14575'/>
		<unitScore value='14575'/>
		<killScore value='21700'/>
		<buildingScore value='6500'/>
		<razingScore value='1650'/>
		<mineralScore value='18470'/>
		<gasScore value='5720'/>
		<totalScore value='68615'/>
	</enemy>

	<scoreRatio value='1.49587'/>
</results>
