<results>
	<result value='win'/>
	<start value='2015-05-07.08:11:29'/>
	<end value='2015-05-07.08:12:02'/>
	<frames value='28925'/>
	<gameDuration value='1807'/>

	<player>
		<unitScore value='18650'/>
		<killScore value='28500'/>
		<buildingScore value='4150'/>
		<razingScore value='5580'/>
		<mineralScore value='33754'/>
		<gasScore value='2696'/>
		<totalScore value='93330'/>
	</player>

	<enemy>
		<race value='Zerg'/>
		<unitScore value='12525'/>
		<unitScore value='12525'/>
		<killScore value='14900'/>
		<buildingScore value='1860'/>
		<razingScore value='0'/>
		<mineralScore value='11306'/>
		<gasScore value='3400'/>
		<totalScore value='43991'/>
	</enemy>

	<scoreRatio value='2.12157'/>
	<timeFitness value='0.749028'/>
	<unitsAverage value='113'/>
</results>
