<results>
	<result value='win'/>
	<start value='2015-05-07.08:41:15'/>
	<end value='2015-05-07.08:41:46'/>
	<frames value='29049'/>
	<gameDuration value='1815'/>

	<player>
		<unitScore value='19825'/>
		<killScore value='31435'/>
		<buildingScore value='4800'/>
		<razingScore value='7965'/>
		<mineralScore value='27634'/>
		<gasScore value='3032'/>
		<totalScore value='94691'/>
	</player>

	<enemy>
		<race value='Zerg'/>
		<unitScore value='14075'/>
		<unitScore value='14075'/>
		<killScore value='12650'/>
		<buildingScore value='2655'/>
		<razingScore value='1950'/>
		<mineralScore value='13966'/>
		<gasScore value='3880'/>
		<totalScore value='49176'/>
	</enemy>

	<scoreRatio value='1.92555'/>
	<timeFitness value='0.747917'/>
	<unitsAverage value='105'/>
</results>
