<results>
	<result value='win'/>
	<start value='2015-04-15.01:08:47'/>
	<end value='2015-04-15.01:10:28'/>
	<frames value='41759'/>
	<gameDuration value='2609'/>

	<player>
		<unitScore value='28850'/>
		<killScore value='54400'/>
		<buildingScore value='4275'/>
		<razingScore value='20475'/>
		<mineralScore value='32830'/>
		<gasScore value='4864'/>
		<totalScore value='145694'/>
	</player>

	<enemy>
		<race value='Protoss'/>
		<unitScore value='29025'/>
		<unitScore value='29025'/>
		<killScore value='35550'/>
		<buildingScore value='6825'/>
		<razingScore value='300'/>
		<mineralScore value='27114'/>
		<gasScore value='7992'/>
		<totalScore value='106806'/>
	</enemy>

	<scoreRatio value='1.3641'/>
</results>
