<results>
	<result value='loss'/>
	<start value='2015-04-15.01:19:11'/>
	<end value='2015-04-15.01:20:23'/>
	<frames value='47525'/>
	<gameDuration value='2970'/>

	<player>
		<unitScore value='24475'/>
		<killScore value='39150'/>
		<buildingScore value='2075'/>
		<razingScore value='1200'/>
		<mineralScore value='24058'/>
		<gasScore value='5156'/>
		<totalScore value='96114'/>
	</player>

	<enemy>
		<race value='Protoss'/>
		<unitScore value='38850'/>
		<unitScore value='38850'/>
		<killScore value='48950'/>
		<buildingScore value='7875'/>
		<razingScore value='6225'/>
		<mineralScore value='32710'/>
		<gasScore value='12956'/>
		<totalScore value='147566'/>
	</enemy>

	<scoreRatio value='0.651329'/>
</results>
