<results>
	<result value='loss'/>
	<start value='2015-04-15.01:22:37'/>
	<end value='2015-04-15.01:24:00'/>
	<frames value='49540'/>
	<gameDuration value='3096'/>

	<player>
		<unitScore value='29600'/>
		<killScore value='36500'/>
		<buildingScore value='4050'/>
		<razingScore value='0'/>
		<mineralScore value='30622'/>
		<gasScore value='5984'/>
		<totalScore value='106756'/>
	</player>

	<enemy>
		<race value='Protoss'/>
		<unitScore value='35900'/>
		<unitScore value='35900'/>
		<killScore value='58800'/>
		<buildingScore value='7225'/>
		<razingScore value='12300'/>
		<mineralScore value='30902'/>
		<gasScore value='12166'/>
		<totalScore value='157293'/>
	</enemy>

	<scoreRatio value='0.678708'/>
</results>
