<results>
	<result value='loss'/>
	<start value='2015-05-03.15:01:35'/>
	<end value='2015-05-03.15:01:48'/>
	<frames value='17207'/>
	<gameDuration value='1075'/>

	<player>
		<unitScore value='3300'/>
		<killScore value='500'/>
		<buildingScore value='2225'/>
		<razingScore value='0'/>
		<mineralScore value='5922'/>
		<gasScore value='800'/>
		<totalScore value='12747'/>
	</player>

	<enemy>
		<race value='Terran'/>
		<unitScore value='6400'/>
		<unitScore value='6400'/>
		<killScore value='6600'/>
		<buildingScore value='2625'/>
		<razingScore value='6675'/>
		<mineralScore value='7874'/>
		<gasScore value='2760'/>
		<totalScore value='32934'/>
	</enemy>

	<scoreRatio value='0.387047'/>
	<timeFitness value='0.149306'/>
	<unitsAverage value='26'/>
</results>
