<results>
	<result value='loss'/>
	<start value='2015-05-08.00:46:11'/>
	<end value='2015-05-08.00:46:22'/>
	<frames value='22043'/>
	<gameDuration value='1377'/>

	<player>
		<unitScore value='6925'/>
		<killScore value='3450'/>
		<buildingScore value='2500'/>
		<razingScore value='0'/>
		<mineralScore value='8618'/>
		<gasScore value='1648'/>
		<totalScore value='23141'/>
	</player>

	<enemy>
		<race value='Terran'/>
		<unitScore value='8500'/>
		<unitScore value='8500'/>
		<killScore value='13850'/>
		<buildingScore value='3400'/>
		<razingScore value='7500'/>
		<mineralScore value='10674'/>
		<gasScore value='4320'/>
		<totalScore value='48244'/>
	</enemy>

	<scoreRatio value='0.479666'/>
	<timeFitness value='0.19125'/>
	<unitsAverage value='39'/>
</results>
