<results>
	<result value='win'/>
	<start value='2015-05-08.00:46:39'/>
	<end value='2015-05-08.00:47:26'/>
	<frames value='51400'/>
	<gameDuration value='3212'/>

	<player>
		<unitScore value='33475'/>
		<killScore value='57500'/>
		<buildingScore value='3675'/>
		<razingScore value='15225'/>
		<mineralScore value='31734'/>
		<gasScore value='5120'/>
		<totalScore value='146729'/>
	</player>

	<enemy>
		<race value='Terran'/>
		<unitScore value='33950'/>
		<unitScore value='33950'/>
		<killScore value='42700'/>
		<buildingScore value='5075'/>
		<razingScore value='2100'/>
		<mineralScore value='25410'/>
		<gasScore value='10942'/>
		<totalScore value='120177'/>
	</enemy>

	<scoreRatio value='1.22094'/>
	<timeFitness value='0.553889'/>
	<unitsAverage value='101'/>
</results>
