<results>
	<result value='loss'/>
	<start value='2015-05-08.00:47:41'/>
	<end value='2015-05-08.00:47:47'/>
	<frames value='15781'/>
	<gameDuration value='986'/>

	<player>
		<unitScore value='3400'/>
		<killScore value='400'/>
		<buildingScore value='1475'/>
		<razingScore value='0'/>
		<mineralScore value='4658'/>
		<gasScore value='912'/>
		<totalScore value='10845'/>
	</player>

	<enemy>
		<race value='Terran'/>
		<unitScore value='4800'/>
		<unitScore value='4800'/>
		<killScore value='6800'/>
		<buildingScore value='1600'/>
		<razingScore value='4425'/>
		<mineralScore value='7266'/>
		<gasScore value='2208'/>
		<totalScore value='27099'/>
	</enemy>

	<scoreRatio value='0.400199'/>
	<timeFitness value='0.136944'/>
	<unitsAverage value='22'/>
</results>
