<results>
	<result value='draw'/>
	<start value='2015-07-10.10:29:44'/>
	<end value='2015-07-10.10:31:11'/>
	<frames value='57601'/>
	<gameDuration value='3600'/>

	<player>
		<unitScore value='24700'/>
		<killScore value='12000'/>
		<buildingScore value='5075'/>
		<razingScore value='900'/>
		<mineralScore value='35738'/>
		<gasScore value='2376'/>
		<totalScore value='80789'/>
	</player>

	<enemy>
		<race value='Terran'/>
		<unitScore value='22725'/>
		<killScore value='44000'/>
		<buildingScore value='4600'/>
		<razingScore value='7875'/>
		<mineralScore value='18030'/>
		<gasScore value='11832'/>
		<totalScore value='109062'/>
	</enemy>

	<scoreRatio value='0.740762'/>
	<timeFitness value='0.5'/>
	<unitsAverage value='75'/>
</results>
