<results>
	<result value='win'/>
	<start value='2015-05-11.04:39:02'/>
	<end value='2015-05-11.04:39:58'/>
	<frames value='34908'/>
	<gameDuration value='2181'/>

	<player>
		<unitScore value='24025'/>
		<killScore value='45890'/>
		<buildingScore value='3675'/>
		<razingScore value='7875'/>
		<mineralScore value='30930'/>
		<gasScore value='3704'/>
		<totalScore value='116099'/>
	</player>

	<enemy>
		<race value='Zerg'/>
		<unitScore value='19575'/>
		<unitScore value='19575'/>
		<killScore value='24250'/>
		<buildingScore value='2625'/>
		<razingScore value='0'/>
		<mineralScore value='17866'/>
		<gasScore value='6008'/>
		<totalScore value='70324'/>
	</enemy>

	<scoreRatio value='1.65092'/>
	<timeFitness value='0.697083'/>
	<unitsAverage value='127'/>
</results>
