<results>
	<result value='loss'/>
	<start value='2015-05-09.14:55:57'/>
	<end value='2015-05-09.14:56:03'/>
	<frames value='15068'/>
	<gameDuration value='941'/>

	<player>
		<unitScore value='1775'/>
		<killScore value='800'/>
		<buildingScore value='1050'/>
		<razingScore value='0'/>
		<mineralScore value='2946'/>
		<gasScore value='928'/>
		<totalScore value='7499'/>
	</player>

	<enemy>
		<race value='Protoss'/>
		<unitScore value='3550'/>
		<unitScore value='3550'/>
		<killScore value='3550'/>
		<buildingScore value='2875'/>
		<razingScore value='3150'/>
		<mineralScore value='7834'/>
		<gasScore value='1416'/>
		<totalScore value='22375'/>
	</enemy>

	<scoreRatio value='0.335151'/>
	<timeFitness value='0.130694'/>
	<unitsAverage value='16'/>
</results>
