<results>
	<result value='loss'/>
	<start value='2015-05-02.14:11:53'/>
	<end value='2015-05-02.14:11:59'/>
	<frames value='14169'/>
	<gameDuration value='885'/>

	<player>
		<unitScore value='1475'/>
		<killScore value='0'/>
		<buildingScore value='1400'/>
		<razingScore value='0'/>
		<mineralScore value='2754'/>
		<gasScore value='888'/>
		<totalScore value='6517'/>
	</player>

	<enemy>
		<race value='Protoss'/>
		<unitScore value='3550'/>
		<unitScore value='3550'/>
		<killScore value='2950'/>
		<buildingScore value='2375'/>
		<razingScore value='4200'/>
		<mineralScore value='7338'/>
		<gasScore value='1192'/>
		<totalScore value='21605'/>
	</enemy>

	<scoreRatio value='0.301643'/>
	<timeFitness value='0.122917'/>
	<unitsAverage value='15'/>
</results>
