<results>
	<result value='loss'/>
	<start value='2015-05-02.14:13:12'/>
	<end value='2015-05-02.14:13:16'/>
	<frames value='12619'/>
	<gameDuration value='788'/>

	<player>
		<unitScore value='1600'/>
		<killScore value='200'/>
		<buildingScore value='1375'/>
		<razingScore value='0'/>
		<mineralScore value='3290'/>
		<gasScore value='136'/>
		<totalScore value='6601'/>
	</player>

	<enemy>
		<race value='Protoss'/>
		<unitScore value='3550'/>
		<unitScore value='3550'/>
		<killScore value='3200'/>
		<buildingScore value='2075'/>
		<razingScore value='4125'/>
		<mineralScore value='6314'/>
		<gasScore value='1080'/>
		<totalScore value='20344'/>
	</enemy>

	<scoreRatio value='0.324469'/>
	<timeFitness value='0.109444'/>
	<unitsAverage value='17'/>
</results>
