<results>
	<result value='loss'/>
	<start value='2015-05-09.14:58:34'/>
	<end value='2015-05-09.14:59:03'/>
	<frames value='49602'/>
	<gameDuration value='3100'/>

	<player>
		<unitScore value='12225'/>
		<killScore value='15600'/>
		<buildingScore value='2825'/>
		<razingScore value='1500'/>
		<mineralScore value='18138'/>
		<gasScore value='2944'/>
		<totalScore value='53232'/>
	</player>

	<enemy>
		<race value='Protoss'/>
		<unitScore value='34800'/>
		<unitScore value='34800'/>
		<killScore value='24550'/>
		<buildingScore value='9325'/>
		<razingScore value='8475'/>
		<mineralScore value='35430'/>
		<gasScore value='14212'/>
		<totalScore value='126792'/>
	</enemy>

	<scoreRatio value='0.419837'/>
	<timeFitness value='0.430556'/>
	<unitsAverage value='39'/>
</results>
