<results>
	<result value='win'/>
	<start value='2015-05-02.14:21:01'/>
	<end value='2015-05-02.14:21:21'/>
	<frames value='25453'/>
	<gameDuration value='1590'/>

	<player>
		<unitScore value='14575'/>
		<killScore value='15100'/>
		<buildingScore value='3200'/>
		<razingScore value='15300'/>
		<mineralScore value='18466'/>
		<gasScore value='2280'/>
		<totalScore value='68921'/>
	</player>

	<enemy>
		<race value='Protoss'/>
		<unitScore value='7550'/>
		<unitScore value='7550'/>
		<killScore value='11700'/>
		<buildingScore value='5100'/>
		<razingScore value='0'/>
		<mineralScore value='16322'/>
		<gasScore value='2496'/>
		<totalScore value='43168'/>
	</enemy>

	<scoreRatio value='1.59658'/>
	<timeFitness value='0.779167'/>
	<unitsAverage value='80'/>
</results>
