<results>
	<result value='win'/>
	<start value='2015-05-06.07:12:16'/>
	<end value='2015-05-06.07:12:52'/>
	<frames value='30506'/>
	<gameDuration value='1906'/>

	<player>
		<unitScore value='19575'/>
		<killScore value='19750'/>
		<buildingScore value='4575'/>
		<razingScore value='15075'/>
		<mineralScore value='30778'/>
		<gasScore value='2600'/>
		<totalScore value='92353'/>
	</player>

	<enemy>
		<race value='Protoss'/>
		<unitScore value='10225'/>
		<unitScore value='10225'/>
		<killScore value='14450'/>
		<buildingScore value='5025'/>
		<razingScore value='375'/>
		<mineralScore value='14462'/>
		<gasScore value='4536'/>
		<totalScore value='49073'/>
	</enemy>

	<scoreRatio value='1.88195'/>
	<timeFitness value='0.735278'/>
	<unitsAverage value='113'/>
</results>
