<results>
	<result value='loss'/>
	<start value='2015-05-06.07:18:47'/>
	<end value='2015-05-06.07:18:56'/>
	<frames value='16866'/>
	<gameDuration value='1054'/>

	<player>
		<unitScore value='3675'/>
		<killScore value='1000'/>
		<buildingScore value='1975'/>
		<razingScore value='0'/>
		<mineralScore value='5674'/>
		<gasScore value='656'/>
		<totalScore value='12980'/>
	</player>

	<enemy>
		<race value='Protoss'/>
		<unitScore value='3550'/>
		<unitScore value='3550'/>
		<killScore value='7350'/>
		<buildingScore value='4025'/>
		<razingScore value='5925'/>
		<mineralScore value='8834'/>
		<gasScore value='1584'/>
		<totalScore value='31268'/>
	</enemy>

	<scoreRatio value='0.415121'/>
	<timeFitness value='0.146389'/>
	<unitsAverage value='25'/>
</results>
