<results>
	<result value='loss'/>
	<start value='2015-05-09.10:13:19'/>
	<end value='2015-05-09.10:13:30'/>
	<frames value='22446'/>
	<gameDuration value='1402'/>

	<player>
		<unitScore value='6700'/>
		<killScore value='5400'/>
		<buildingScore value='2150'/>
		<razingScore value='0'/>
		<mineralScore value='8410'/>
		<gasScore value='928'/>
		<totalScore value='23588'/>
	</player>

	<enemy>
		<race value='Terran'/>
		<unitScore value='9600'/>
		<unitScore value='9600'/>
		<killScore value='13400'/>
		<buildingScore value='3675'/>
		<razingScore value='6450'/>
		<mineralScore value='10810'/>
		<gasScore value='4576'/>
		<totalScore value='48511'/>
	</enemy>

	<scoreRatio value='0.48624'/>
	<timeFitness value='0.194722'/>
	<unitsAverage value='32'/>
</results>
