<results>
	<result value='loss'/>
	<start value='2015-05-05.08:43:35'/>
	<end value='2015-05-05.08:43:46'/>
	<frames value='20152'/>
	<gameDuration value='1259'/>

	<player>
		<unitScore value='4350'/>
		<killScore value='3850'/>
		<buildingScore value='2175'/>
		<razingScore value='0'/>
		<mineralScore value='6194'/>
		<gasScore value='928'/>
		<totalScore value='17497'/>
	</player>

	<enemy>
		<race value='Terran'/>
		<unitScore value='7225'/>
		<unitScore value='7225'/>
		<killScore value='8700'/>
		<buildingScore value='2925'/>
		<razingScore value='6525'/>
		<mineralScore value='9506'/>
		<gasScore value='3608'/>
		<totalScore value='38489'/>
	</enemy>

	<scoreRatio value='0.454597'/>
	<timeFitness value='0.174861'/>
	<unitsAverage value='27'/>
</results>
