<results>
	<result value='loss'/>
	<start value='2015-05-09.10:16:36'/>
	<end value='2015-05-09.10:16:45'/>
	<frames value='17827'/>
	<gameDuration value='1114'/>

	<player>
		<unitScore value='4275'/>
		<killScore value='700'/>
		<buildingScore value='1925'/>
		<razingScore value='0'/>
		<mineralScore value='6098'/>
		<gasScore value='960'/>
		<totalScore value='13958'/>
	</player>

	<enemy>
		<race value='Terran'/>
		<unitScore value='6750'/>
		<unitScore value='6750'/>
		<killScore value='8550'/>
		<buildingScore value='2750'/>
		<razingScore value='5775'/>
		<mineralScore value='8234'/>
		<gasScore value='2752'/>
		<totalScore value='34811'/>
	</enemy>

	<scoreRatio value='0.400965'/>
	<timeFitness value='0.154722'/>
	<unitsAverage value='26'/>
</results>
