<results>
	<result value='loss'/>
	<start value='2015-05-05.16:18:22'/>
	<end value='2015-05-05.16:18:31'/>
	<frames value='16897'/>
	<gameDuration value='1056'/>

	<player>
		<unitScore value='3800'/>
		<killScore value='200'/>
		<buildingScore value='1575'/>
		<razingScore value='0'/>
		<mineralScore value='5754'/>
		<gasScore value='616'/>
		<totalScore value='11945'/>
	</player>

	<enemy>
		<race value='Protoss'/>
		<unitScore value='3700'/>
		<unitScore value='3700'/>
		<killScore value='7500'/>
		<buildingScore value='4125'/>
		<razingScore value='4725'/>
		<mineralScore value='8954'/>
		<gasScore value='1856'/>
		<totalScore value='30860'/>
	</enemy>

	<scoreRatio value='0.387071'/>
	<timeFitness value='0.146667'/>
	<unitsAverage value='26'/>
</results>
