<results>
	<result value='win'/>
	<start value='2015-05-05.16:18:47'/>
	<end value='2015-05-05.16:19:19'/>
	<frames value='33699'/>
	<gameDuration value='2106'/>

	<player>
		<unitScore value='15900'/>
		<killScore value='21900'/>
		<buildingScore value='4025'/>
		<razingScore value='17175'/>
		<mineralScore value='21778'/>
		<gasScore value='3112'/>
		<totalScore value='83890'/>
	</player>

	<enemy>
		<race value='Protoss'/>
		<unitScore value='11650'/>
		<unitScore value='11650'/>
		<killScore value='15550'/>
		<buildingScore value='5725'/>
		<razingScore value='1500'/>
		<mineralScore value='14082'/>
		<gasScore value='5344'/>
		<totalScore value='53851'/>
	</enemy>

	<scoreRatio value='1.55782'/>
	<timeFitness value='0.7075'/>
	<unitsAverage value='81'/>
</results>
