<results>
	<result value='loss'/>
	<start value='2015-07-19.06:58:42'/>
	<end value='2015-07-19.07:00:09'/>
	<frames value='43278'/>
	<gameDuration value='2704'/>

	<player>
		<unitScore value='26975'/>
		<killScore value='21450'/>
		<buildingScore value='3000'/>
		<razingScore value='1800'/>
		<mineralScore value='23974'/>
		<gasScore value='4256'/>
		<totalScore value='81455'/>
	</player>

	<enemy>
		<race value='Protoss'/>
		<unitScore value='30205'/>
		<killScore value='53650'/>
		<buildingScore value='8075'/>
		<razingScore value='9000'/>
		<mineralScore value='29778'/>
		<gasScore value='11308'/>
		<totalScore value='142016'/>
	</enemy>

	<scoreRatio value='0.573562'/>
	<timeFitness value='0.375556'/>
	<unitsAverage value='95'/>
</results>
