<results>
	<result value='win'/>
	<start value='2015-07-19.07:00:19'/>
	<end value='2015-07-19.07:00:56'/>
	<frames value='25670'/>
	<gameDuration value='1604'/>

	<player>
		<unitScore value='16350'/>
		<killScore value='11100'/>
		<buildingScore value='4475'/>
		<razingScore value='9975'/>
		<mineralScore value='22714'/>
		<gasScore value='2608'/>
		<totalScore value='67222'/>
	</player>

	<enemy>
		<race value='Protoss'/>
		<unitScore value='5550'/>
		<killScore value='13300'/>
		<buildingScore value='3325'/>
		<razingScore value='300'/>
		<mineralScore value='10146'/>
		<gasScore value='2680'/>
		<totalScore value='35301'/>
	</enemy>

	<scoreRatio value='1.90425'/>
	<timeFitness value='0.777222'/>
	<unitsAverage value='84'/>
</results>
