<results>
	<result value='win'/>
	<start value='2015-04-16.16:29:19'/>
	<end value='2015-04-16.16:30:05'/>
	<frames value='26755'/>
	<gameDuration value='1672'/>

	<player>
		<unitScore value='16175'/>
		<killScore value='22700'/>
		<buildingScore value='3225'/>
		<razingScore value='17175'/>
		<mineralScore value='20114'/>
		<gasScore value='1584'/>
		<totalScore value='80973'/>
	</player>

	<enemy>
		<race value='Protoss'/>
		<unitScore value='12000'/>
		<unitScore value='12000'/>
		<killScore value='14700'/>
		<buildingScore value='5725'/>
		<razingScore value='0'/>
		<mineralScore value='16978'/>
		<gasScore value='3048'/>
		<totalScore value='52451'/>
	</enemy>

	<scoreRatio value='1.54378'/>
</results>
