<results>
	<result value='loss'/>
	<start value='2015-04-11.04:05:49'/>
	<end value='2015-04-11.04:06:07'/>
	<frames value='20493'/>
	<gameDuration value='1280'/>

	<player>
		<unitScore value='3950'/>
		<killScore value='1900'/>
		<buildingScore value='1525'/>
		<razingScore value='0'/>
		<mineralScore value='5650'/>
		<gasScore value='664'/>
		<totalScore value='13689'/>
	</player>

	<enemy>
		<race value='Protoss'/>
		<unitScore value='6650'/>
		<unitScore value='6650'/>
		<killScore value='7700'/>
		<buildingScore value='4625'/>
		<razingScore value='4575'/>
		<mineralScore value='11354'/>
		<gasScore value='2808'/>
		<totalScore value='37712'/>
	</enemy>

	<scoreRatio value='0.362988'/>
</results>
