<results>
	<result value='win'/>
	<start value='2015-04-11.04:06:27'/>
	<end value='2015-04-11.04:07:02'/>
	<frames value='23562'/>
	<gameDuration value='1472'/>

	<player>
		<unitScore value='12575'/>
		<killScore value='12200'/>
		<buildingScore value='3350'/>
		<razingScore value='9225'/>
		<mineralScore value='16782'/>
		<gasScore value='1728'/>
		<totalScore value='55860'/>
	</player>

	<enemy>
		<race value='Protoss'/>
		<unitScore value='6100'/>
		<unitScore value='6100'/>
		<killScore value='8700'/>
		<buildingScore value='3075'/>
		<razingScore value='0'/>
		<mineralScore value='14890'/>
		<gasScore value='1024'/>
		<totalScore value='33789'/>
	</enemy>

	<scoreRatio value='1.6532'/>
</results>
