<results>
	<result value='loss'/>
	<start value='2015-03-27.14:29:09'/>
	<end value='2015-03-27.14:29:19'/>
	<frames value='20989'/>
	<gameDuration value='1311'/>

	<player>
		<unitScore value='5550'/>
		<killScore value='3500'/>
		<buildingScore value='2225'/>
		<razingScore value='0'/>
		<mineralScore value='7650'/>
		<gasScore value='928'/>
		<totalScore value='19853'/>
	</player>

	<enemy>
		<race value='Protoss'/>
		<unitScore value='6175'/>
		<unitScore value='6175'/>
		<killScore value='11100'/>
		<buildingScore value='5275'/>
		<razingScore value='6675'/>
		<mineralScore value='12786'/>
		<gasScore value='3328'/>
		<totalScore value='45339'/>
	</enemy>

	<scoreRatio value='0.437879'/>
</results>
