<results>
	<result value='loss'/>
	<start value='2015-03-27.14:39:53'/>
	<end value='2015-03-27.14:40:08'/>
	<frames value='27561'/>
	<gameDuration value='1722'/>

	<player>
		<unitScore value='5150'/>
		<killScore value='2500'/>
		<buildingScore value='2100'/>
		<razingScore value='0'/>
		<mineralScore value='8242'/>
		<gasScore value='1160'/>
		<totalScore value='19152'/>
	</player>

	<enemy>
		<race value='Protoss'/>
		<unitScore value='12650'/>
		<unitScore value='12650'/>
		<killScore value='10300'/>
		<buildingScore value='5975'/>
		<razingScore value='6300'/>
		<mineralScore value='17250'/>
		<gasScore value='6168'/>
		<totalScore value='58643'/>
	</enemy>

	<scoreRatio value='0.326586'/>
</results>
