<results>
	<result value='loss'/>
	<start value='2015-05-08.02:56:44'/>
	<end value='2015-05-08.02:56:52'/>
	<frames value='18850'/>
	<gameDuration value='1178'/>

	<player>
		<unitScore value='4175'/>
		<killScore value='2550'/>
		<buildingScore value='1600'/>
		<razingScore value='0'/>
		<mineralScore value='6354'/>
		<gasScore value='1304'/>
		<totalScore value='15983'/>
	</player>

	<enemy>
		<race value='Terran'/>
		<unitScore value='7275'/>
		<unitScore value='7275'/>
		<killScore value='8350'/>
		<buildingScore value='2850'/>
		<razingScore value='4800'/>
		<mineralScore value='8690'/>
		<gasScore value='3192'/>
		<totalScore value='35157'/>
	</enemy>

	<scoreRatio value='0.454618'/>
	<timeFitness value='0.163611'/>
	<unitsAverage value='28'/>
</results>
