<results>
	<result value='win'/>
	<start value='2015-05-08.03:00:58'/>
	<end value='2015-05-08.03:01:18'/>
	<frames value='32769'/>
	<gameDuration value='2048'/>

	<player>
		<unitScore value='11450'/>
		<killScore value='19400'/>
		<buildingScore value='2725'/>
		<razingScore value='8025'/>
		<mineralScore value='16022'/>
		<gasScore value='1320'/>
		<totalScore value='58942'/>
	</player>

	<enemy>
		<race value='Terran'/>
		<unitScore value='9700'/>
		<unitScore value='9700'/>
		<killScore value='11550'/>
		<buildingScore value='2675'/>
		<razingScore value='2550'/>
		<mineralScore value='9138'/>
		<gasScore value='3216'/>
		<totalScore value='38829'/>
	</enemy>

	<scoreRatio value='1.51799'/>
	<timeFitness value='0.715556'/>
	<unitsAverage value='63'/>
</results>
