<results>
	<result value='win'/>
	<start value='2015-05-08.03:02:58'/>
	<end value='2015-05-08.03:03:18'/>
	<frames value='25732'/>
	<gameDuration value='1608'/>

	<player>
		<unitScore value='14450'/>
		<killScore value='14600'/>
		<buildingScore value='3975'/>
		<razingScore value='6000'/>
		<mineralScore value='27866'/>
		<gasScore value='2256'/>
		<totalScore value='69147'/>
	</player>

	<enemy>
		<race value='Terran'/>
		<unitScore value='7300'/>
		<unitScore value='7300'/>
		<killScore value='9350'/>
		<buildingScore value='2000'/>
		<razingScore value='0'/>
		<mineralScore value='10146'/>
		<gasScore value='2168'/>
		<totalScore value='30964'/>
	</enemy>

	<scoreRatio value='2.23314'/>
	<timeFitness value='0.776667'/>
	<unitsAverage value='93'/>
</results>
