<results>
	<result value='loss'/>
	<start value='2015-07-19.04:49:38'/>
	<end value='2015-07-19.04:50:00'/>
	<frames value='25763'/>
	<gameDuration value='1610'/>

	<player>
		<unitScore value='10475'/>
		<killScore value='3600'/>
		<buildingScore value='3375'/>
		<razingScore value='0'/>
		<mineralScore value='11874'/>
		<gasScore value='2312'/>
		<totalScore value='31636'/>
	</player>

	<enemy>
		<race value='Zerg'/>
		<unitScore value='10675'/>
		<killScore value='20000'/>
		<buildingScore value='2995'/>
		<razingScore value='10125'/>
		<mineralScore value='12986'/>
		<gasScore value='4136'/>
		<totalScore value='60917'/>
	</enemy>

	<scoreRatio value='0.51933'/>
	<timeFitness value='0.223611'/>
	<unitsAverage value='35'/>
</results>
