<results>
	<result value='loss'/>
	<start value='2015-04-30.16:15:43'/>
	<end value='2015-04-30.16:16:30'/>
	<frames value='47060'/>
	<gameDuration value='2941'/>

	<player>
		<unitScore value='23125'/>
		<killScore value='36000'/>
		<buildingScore value='2675'/>
		<razingScore value='600'/>
		<mineralScore value='23502'/>
		<gasScore value='2800'/>
		<totalScore value='88702'/>
	</player>

	<enemy>
		<race value='Protoss'/>
		<unitScore value='36850'/>
		<unitScore value='36850'/>
		<killScore value='46000'/>
		<buildingScore value='7425'/>
		<razingScore value='8025'/>
		<mineralScore value='32146'/>
		<gasScore value='12402'/>
		<totalScore value='142848'/>
	</enemy>

	<scoreRatio value='0.620954'/>
</results>
