<results>
	<result value='loss'/>
	<start value='2015-05-10.16:30:12'/>
	<end value='2015-05-10.16:30:41'/>
	<frames value='46967'/>
	<gameDuration value='2935'/>

	<player>
		<unitScore value='14225'/>
		<killScore value='18800'/>
		<buildingScore value='1425'/>
		<razingScore value='7275'/>
		<mineralScore value='14770'/>
		<gasScore value='3128'/>
		<totalScore value='59623'/>
	</player>

	<enemy>
		<race value='Protoss'/>
		<unitScore value='18150'/>
		<unitScore value='18150'/>
		<killScore value='28450'/>
		<buildingScore value='9075'/>
		<razingScore value='4275'/>
		<mineralScore value='27454'/>
		<gasScore value='6952'/>
		<totalScore value='94356'/>
	</enemy>

	<scoreRatio value='0.631894'/>
	<timeFitness value='0.407639'/>
	<unitsAverage value='54'/>
</results>
