<results>
	<result value='loss'/>
	<start value='2015-05-04.05:59:20'/>
	<end value='2015-05-04.06:00:01'/>
	<frames value='47215'/>
	<gameDuration value='2950'/>

	<player>
		<unitScore value='22925'/>
		<killScore value='27400'/>
		<buildingScore value='3025'/>
		<razingScore value='300'/>
		<mineralScore value='24090'/>
		<gasScore value='5024'/>
		<totalScore value='82764'/>
	</player>

	<enemy>
		<race value='Protoss'/>
		<unitScore value='33625'/>
		<unitScore value='33625'/>
		<killScore value='45850'/>
		<buildingScore value='7625'/>
		<razingScore value='9075'/>
		<mineralScore value='31702'/>
		<gasScore value='11768'/>
		<totalScore value='139645'/>
	</enemy>

	<scoreRatio value='0.592674'/>
	<timeFitness value='0.409722'/>
	<unitsAverage value='86'/>
</results>
