<results>
	<result value='win'/>
	<start value='2015-05-04.06:02:26'/>
	<end value='2015-05-04.06:02:55'/>
	<frames value='34877'/>
	<gameDuration value='2179'/>

	<player>
		<unitScore value='20525'/>
		<killScore value='18000'/>
		<buildingScore value='3400'/>
		<razingScore value='17325'/>
		<mineralScore value='27706'/>
		<gasScore value='3536'/>
		<totalScore value='90492'/>
	</player>

	<enemy>
		<race value='Protoss'/>
		<unitScore value='9000'/>
		<unitScore value='9000'/>
		<killScore value='22350'/>
		<buildingScore value='5775'/>
		<razingScore value='150'/>
		<mineralScore value='14658'/>
		<gasScore value='3640'/>
		<totalScore value='55573'/>
	</enemy>

	<scoreRatio value='1.62834'/>
	<timeFitness value='0.697361'/>
	<unitsAverage value='92'/>
</results>
