<results>
	<result value='win'/>
	<start value='2015-05-04.06:07:32'/>
	<end value='2015-05-04.06:08:06'/>
	<frames value='33792'/>
	<gameDuration value='2112'/>

	<player>
		<unitScore value='22000'/>
		<killScore value='22650'/>
		<buildingScore value='3775'/>
		<razingScore value='18825'/>
		<mineralScore value='29742'/>
		<gasScore value='3328'/>
		<totalScore value='100320'/>
	</player>

	<enemy>
		<race value='Protoss'/>
		<unitScore value='12325'/>
		<unitScore value='12325'/>
		<killScore value='21550'/>
		<buildingScore value='6275'/>
		<razingScore value='450'/>
		<mineralScore value='17226'/>
		<gasScore value='5168'/>
		<totalScore value='62994'/>
	</enemy>

	<scoreRatio value='1.59253'/>
	<timeFitness value='0.706667'/>
	<unitsAverage value='102'/>
</results>
