<results>
	<result value='loss'/>
	<start value='2015-05-10.16:44:12'/>
	<end value='2015-05-10.16:44:26'/>
	<frames value='28336'/>
	<gameDuration value='1771'/>

	<player>
		<unitScore value='3675'/>
		<killScore value='3000'/>
		<buildingScore value='1350'/>
		<razingScore value='0'/>
		<mineralScore value='5074'/>
		<gasScore value='1624'/>
		<totalScore value='14723'/>
	</player>

	<enemy>
		<race value='Protoss'/>
		<unitScore value='12900'/>
		<unitScore value='12900'/>
		<killScore value='7350'/>
		<buildingScore value='6925'/>
		<razingScore value='4050'/>
		<mineralScore value='17538'/>
		<gasScore value='6536'/>
		<totalScore value='55299'/>
	</enemy>

	<scoreRatio value='0.266244'/>
	<timeFitness value='0.245972'/>
	<unitsAverage value='30'/>
</results>
