<results>
	<result value='win'/>
	<start value='2015-05-08.02:09:03'/>
	<end value='2015-05-08.02:09:42'/>
	<frames value='27685'/>
	<gameDuration value='1730'/>

	<player>
		<unitScore value='13375'/>
		<killScore value='18010'/>
		<buildingScore value='3000'/>
		<razingScore value='8070'/>
		<mineralScore value='16754'/>
		<gasScore value='1472'/>
		<totalScore value='60681'/>
	</player>

	<enemy>
		<race value='Zerg'/>
		<unitScore value='8950'/>
		<unitScore value='8950'/>
		<killScore value='12600'/>
		<buildingScore value='2690'/>
		<razingScore value='0'/>
		<mineralScore value='10898'/>
		<gasScore value='3464'/>
		<totalScore value='38602'/>
	</enemy>

	<scoreRatio value='1.57197'/>
	<timeFitness value='0.759722'/>
	<unitsAverage value='68'/>
</results>
