<results>
	<result value='win'/>
	<start value='2015-05-08.02:20:00'/>
	<end value='2015-05-08.02:20:40'/>
	<frames value='26290'/>
	<gameDuration value='1643'/>

	<player>
		<unitScore value='14650'/>
		<killScore value='24020'/>
		<buildingScore value='3075'/>
		<razingScore value='6015'/>
		<mineralScore value='18430'/>
		<gasScore value='1432'/>
		<totalScore value='67622'/>
	</player>

	<enemy>
		<race value='Zerg'/>
		<unitScore value='10825'/>
		<unitScore value='10825'/>
		<killScore value='12350'/>
		<buildingScore value='2005'/>
		<razingScore value='0'/>
		<mineralScore value='10186'/>
		<gasScore value='3512'/>
		<totalScore value='38878'/>
	</enemy>

	<scoreRatio value='1.73934'/>
	<timeFitness value='0.771806'/>
	<unitsAverage value='79'/>
</results>
