<results>
	<result value='loss'/>
	<start value='2015-04-28.12:46:58'/>
	<end value='2015-04-28.12:47:06'/>
	<frames value='13239'/>
	<gameDuration value='827'/>

	<player>
		<unitScore value='2675'/>
		<killScore value='500'/>
		<buildingScore value='1300'/>
		<razingScore value='0'/>
		<mineralScore value='4058'/>
		<gasScore value='624'/>
		<totalScore value='9157'/>
	</player>

	<enemy>
		<race value='Protoss'/>
		<unitScore value='3500'/>
		<unitScore value='3500'/>
		<killScore value='5350'/>
		<buildingScore value='1875'/>
		<razingScore value='3900'/>
		<mineralScore value='6682'/>
		<gasScore value='1272'/>
		<totalScore value='22579'/>
	</enemy>

	<scoreRatio value='0.405554'/>
</results>
