<results>
	<result value='win'/>
	<start value='2015-05-10.04:26:22'/>
	<end value='2015-05-10.04:27:30'/>
	<frames value='36644'/>
	<gameDuration value='2290'/>

	<player>
		<unitScore value='24550'/>
		<killScore value='24200'/>
		<buildingScore value='4875'/>
		<razingScore value='24975'/>
		<mineralScore value='30758'/>
		<gasScore value='3032'/>
		<totalScore value='112390'/>
	</player>

	<enemy>
		<race value='Protoss'/>
		<unitScore value='12750'/>
		<unitScore value='12750'/>
		<killScore value='21100'/>
		<buildingScore value='8325'/>
		<razingScore value='0'/>
		<mineralScore value='17006'/>
		<gasScore value='5632'/>
		<totalScore value='64813'/>
	</enemy>

	<scoreRatio value='1.73407'/>
	<timeFitness value='0.681944'/>
	<unitsAverage value='113'/>
</results>
