<results>
	<result value='win'/>
	<start value='2015-04-30.01:06:04'/>
	<end value='2015-04-30.01:06:43'/>
	<frames value='25732'/>
	<gameDuration value='1608'/>

	<player>
		<unitScore value='15050'/>
		<killScore value='21230'/>
		<buildingScore value='3900'/>
		<razingScore value='6135'/>
		<mineralScore value='24630'/>
		<gasScore value='2000'/>
		<totalScore value='72945'/>
	</player>

	<enemy>
		<race value='Zerg'/>
		<unitScore value='10100'/>
		<unitScore value='10100'/>
		<killScore value='7350'/>
		<buildingScore value='2045'/>
		<razingScore value='0'/>
		<mineralScore value='10714'/>
		<gasScore value='3856'/>
		<totalScore value='34065'/>
	</enemy>

	<scoreRatio value='2.14135'/>
	<timeFitness value='0.776667'/>
	<unitsAverage value='97'/>
</results>
