<results>
	<result value='loss'/>
	<start value='2015-04-13.05:08:58'/>
	<end value='2015-04-13.05:09:07'/>
	<frames value='18540'/>
	<gameDuration value='1158'/>

	<player>
		<unitScore value='3825'/>
		<killScore value='1000'/>
		<buildingScore value='1725'/>
		<razingScore value='0'/>
		<mineralScore value='5970'/>
		<gasScore value='752'/>
		<totalScore value='13272'/>
	</player>

	<enemy>
		<race value='Protoss'/>
		<unitScore value='5200'/>
		<unitScore value='5200'/>
		<killScore value='7650'/>
		<buildingScore value='4325'/>
		<razingScore value='5175'/>
		<mineralScore value='10290'/>
		<gasScore value='2368'/>
		<totalScore value='35008'/>
	</enemy>

	<scoreRatio value='0.379113'/>
</results>
