<results>
	<result value='loss'/>
	<start value='2015-07-18.08:18:19'/>
	<end value='2015-07-18.08:19:38'/>
	<frames value='44425'/>
	<gameDuration value='2776'/>

	<player>
		<unitScore value='26250'/>
		<killScore value='14900'/>
		<buildingScore value='2550'/>
		<razingScore value='2700'/>
		<mineralScore value='24106'/>
		<gasScore value='4312'/>
		<totalScore value='74818'/>
	</player>

	<enemy>
		<race value='Protoss'/>
		<unitScore value='22700'/>
		<killScore value='46300'/>
		<buildingScore value='7875'/>
		<razingScore value='7650'/>
		<mineralScore value='32002'/>
		<gasScore value='8368'/>
		<totalScore value='124895'/>
	</enemy>

	<scoreRatio value='0.599047'/>
	<timeFitness value='0.385556'/>
	<unitsAverage value='79'/>
</results>
