<results>
	<result value='loss'/>
	<start value='2015-04-08.02:33:02'/>
	<end value='2015-04-08.02:33:09'/>
	<frames value='15161'/>
	<gameDuration value='947'/>

	<player>
		<unitScore value='3325'/>
		<killScore value='1000'/>
		<buildingScore value='1500'/>
		<razingScore value='0'/>
		<mineralScore value='4962'/>
		<gasScore value='584'/>
		<totalScore value='11371'/>
	</player>

	<enemy>
		<race value='Protoss'/>
		<unitScore value='3550'/>
		<unitScore value='3550'/>
		<killScore value='6650'/>
		<buildingScore value='2575'/>
		<razingScore value='4500'/>
		<mineralScore value='7650'/>
		<gasScore value='1312'/>
		<totalScore value='26237'/>
	</enemy>

	<scoreRatio value='0.433396'/>
</results>
