<results>
	<result value='win'/>
	<start value='2015-04-12.00:30:45'/>
	<end value='2015-04-12.00:31:32'/>
	<frames value='27902'/>
	<gameDuration value='1743'/>

	<player>
		<unitScore value='14875'/>
		<killScore value='16950'/>
		<buildingScore value='3725'/>
		<razingScore value='13275'/>
		<mineralScore value='20570'/>
		<gasScore value='2664'/>
		<totalScore value='72059'/>
	</player>

	<enemy>
		<race value='Protoss'/>
		<unitScore value='9175'/>
		<unitScore value='9175'/>
		<killScore value='8250'/>
		<buildingScore value='4425'/>
		<razingScore value='300'/>
		<mineralScore value='12018'/>
		<gasScore value='2328'/>
		<totalScore value='36496'/>
	</enemy>

	<scoreRatio value='1.97444'/>
</results>
