<results>
	<result value='win'/>
	<start value='2015-05-09.17:33:29'/>
	<end value='2015-05-09.17:34:00'/>
	<frames value='41604'/>
	<gameDuration value='2600'/>

	<player>
		<unitScore value='17400'/>
		<killScore value='20450'/>
		<buildingScore value='2375'/>
		<razingScore value='25800'/>
		<mineralScore value='23798'/>
		<gasScore value='736'/>
		<totalScore value='90559'/>
	</player>

	<enemy>
		<race value='Protoss'/>
		<unitScore value='10225'/>
		<unitScore value='10225'/>
		<killScore value='19850'/>
		<buildingScore value='8600'/>
		<razingScore value='450'/>
		<mineralScore value='21090'/>
		<gasScore value='4784'/>
		<totalScore value='64999'/>
	</enemy>

	<scoreRatio value='1.39324'/>
	<timeFitness value='0.638889'/>
	<unitsAverage value='86'/>
</results>
