<results>
	<result value='loss'/>
	<start value='2015-05-09.17:35:44'/>
	<end value='2015-05-09.17:36:00'/>
	<frames value='33389'/>
	<gameDuration value='2086'/>

	<player>
		<unitScore value='8650'/>
		<killScore value='4600'/>
		<buildingScore value='1775'/>
		<razingScore value='0'/>
		<mineralScore value='13118'/>
		<gasScore value='1104'/>
		<totalScore value='29247'/>
	</player>

	<enemy>
		<race value='Protoss'/>
		<unitScore value='17300'/>
		<unitScore value='17300'/>
		<killScore value='17300'/>
		<buildingScore value='6975'/>
		<razingScore value='5325'/>
		<mineralScore value='20986'/>
		<gasScore value='8432'/>
		<totalScore value='76318'/>
	</enemy>

	<scoreRatio value='0.383225'/>
	<timeFitness value='0.289722'/>
	<unitsAverage value='43'/>
</results>
