<results>
	<result value='loss'/>
	<start value='2015-05-03.12:16:58'/>
	<end value='2015-05-03.12:17:06'/>
	<frames value='18323'/>
	<gameDuration value='1145'/>

	<player>
		<unitScore value='3225'/>
		<killScore value='1900'/>
		<buildingScore value='1475'/>
		<razingScore value='0'/>
		<mineralScore value='4634'/>
		<gasScore value='792'/>
		<totalScore value='12026'/>
	</player>

	<enemy>
		<race value='Protoss'/>
		<unitScore value='4650'/>
		<unitScore value='4650'/>
		<killScore value='6450'/>
		<buildingScore value='3975'/>
		<razingScore value='4425'/>
		<mineralScore value='9202'/>
		<gasScore value='2272'/>
		<totalScore value='30974'/>
	</enemy>

	<scoreRatio value='0.388261'/>
	<timeFitness value='0.159028'/>
	<unitsAverage value='22'/>
</results>
