<results>
	<result value='win'/>
	<start value='2015-05-03.12:20:15'/>
	<end value='2015-05-03.12:20:48'/>
	<frames value='32800'/>
	<gameDuration value='2050'/>

	<player>
		<unitScore value='21250'/>
		<killScore value='21850'/>
		<buildingScore value='4225'/>
		<razingScore value='17850'/>
		<mineralScore value='26374'/>
		<gasScore value='2504'/>
		<totalScore value='94053'/>
	</player>

	<enemy>
		<race value='Protoss'/>
		<unitScore value='11500'/>
		<unitScore value='11500'/>
		<killScore value='17400'/>
		<buildingScore value='5950'/>
		<razingScore value='0'/>
		<mineralScore value='16866'/>
		<gasScore value='5184'/>
		<totalScore value='56900'/>
	</enemy>

	<scoreRatio value='1.65295'/>
	<timeFitness value='0.715278'/>
	<unitsAverage value='104'/>
</results>
