<results>
	<result value='loss'/>
	<start value='2015-04-07.18:16:45'/>
	<end value='2015-04-07.18:17:42'/>
	<frames value='54624'/>
	<gameDuration value='3414'/>

	<player>
		<unitScore value='29075'/>
		<killScore value='46850'/>
		<buildingScore value='3675'/>
		<razingScore value='300'/>
		<mineralScore value='31534'/>
		<gasScore value='8182'/>
		<totalScore value='119616'/>
	</player>

	<enemy>
		<race value='Protoss'/>
		<unitScore value='37165'/>
		<unitScore value='37165'/>
		<killScore value='58150'/>
		<buildingScore value='6850'/>
		<razingScore value='11025'/>
		<mineralScore value='31546'/>
		<gasScore value='11784'/>
		<totalScore value='156520'/>
	</enemy>

	<scoreRatio value='0.764222'/>
</results>
