<results>
	<result value='loss'/>
	<start value='2015-07-11.20:41:08'/>
	<end value='2015-07-11.20:41:27'/>
	<frames value='20462'/>
	<gameDuration value='1278'/>

	<player>
		<unitScore value='7550'/>
		<killScore value='5250'/>
		<buildingScore value='2050'/>
		<razingScore value='0'/>
		<mineralScore value='8242'/>
		<gasScore value='1136'/>
		<totalScore value='24228'/>
	</player>

	<enemy>
		<race value='Terran'/>
		<unitScore value='8125'/>
		<killScore value='13750'/>
		<buildingScore value='3050'/>
		<razingScore value='6150'/>
		<mineralScore value='9314'/>
		<gasScore value='3808'/>
		<totalScore value='44197'/>
	</enemy>

	<scoreRatio value='0.548182'/>
	<timeFitness value='0.1775'/>
	<unitsAverage value='29'/>
</results>
