<results>
	<result value='loss'/>
	<start value='2015-07-19.02:38:50'/>
	<end value='2015-07-19.02:39:01'/>
	<frames value='16277'/>
	<gameDuration value='1017'/>

	<player>
		<unitScore value='3600'/>
		<killScore value='1400'/>
		<buildingScore value='1650'/>
		<razingScore value='0'/>
		<mineralScore value='5314'/>
		<gasScore value='552'/>
		<totalScore value='12516'/>
	</player>

	<enemy>
		<race value='Protoss'/>
		<unitScore value='3600'/>
		<killScore value='7200'/>
		<buildingScore value='3975'/>
		<razingScore value='4950'/>
		<mineralScore value='8738'/>
		<gasScore value='1696'/>
		<totalScore value='30159'/>
	</enemy>

	<scoreRatio value='0.415'/>
	<timeFitness value='0.14125'/>
	<unitsAverage value='23'/>
</results>
