<results>
	<result value='loss'/>
	<start value='2015-07-19.02:59:28'/>
	<end value='2015-07-19.03:00:22'/>
	<frames value='38690'/>
	<gameDuration value='2418'/>

	<player>
		<unitScore value='17650'/>
		<killScore value='15000'/>
		<buildingScore value='3200'/>
		<razingScore value='300'/>
		<mineralScore value='32606'/>
		<gasScore value='2888'/>
		<totalScore value='71644'/>
	</player>

	<enemy>
		<race value='Protoss'/>
		<unitScore value='19550'/>
		<killScore value='35300'/>
		<buildingScore value='6675'/>
		<razingScore value='9600'/>
		<mineralScore value='22126'/>
		<gasScore value='7840'/>
		<totalScore value='101091'/>
	</enemy>

	<scoreRatio value='0.708708'/>
	<timeFitness value='0.335833'/>
	<unitsAverage value='73'/>
</results>
