<results>
	<result value='win'/>
	<start value='2015-05-03.14:28:29'/>
	<end value='2015-05-03.14:29:22'/>
	<frames value='40674'/>
	<gameDuration value='2542'/>

	<player>
		<unitScore value='23175'/>
		<killScore value='25400'/>
		<buildingScore value='5100'/>
		<razingScore value='10125'/>
		<mineralScore value='43442'/>
		<gasScore value='3672'/>
		<totalScore value='110914'/>
	</player>

	<enemy>
		<race value='Terran'/>
		<unitScore value='12700'/>
		<unitScore value='12700'/>
		<killScore value='20650'/>
		<buildingScore value='3375'/>
		<razingScore value='3525'/>
		<mineralScore value='12050'/>
		<gasScore value='5250'/>
		<totalScore value='57550'/>
	</enemy>

	<scoreRatio value='1.92726'/>
	<timeFitness value='0.646944'/>
	<unitsAverage value='117'/>
</results>
