<results>
	<result value='win'/>
	<start value='2015-05-08.18:42:19'/>
	<end value='2015-05-08.18:43:10'/>
	<frames value='42007'/>
	<gameDuration value='2625'/>

	<player>
		<unitScore value='25025'/>
		<killScore value='34050'/>
		<buildingScore value='5175'/>
		<razingScore value='10800'/>
		<mineralScore value='32122'/>
		<gasScore value='4912'/>
		<totalScore value='112084'/>
	</player>

	<enemy>
		<race value='Terran'/>
		<unitScore value='19325'/>
		<unitScore value='19325'/>
		<killScore value='26750'/>
		<buildingScore value='3600'/>
		<razingScore value='3150'/>
		<mineralScore value='15610'/>
		<gasScore value='7820'/>
		<totalScore value='76255'/>
	</enemy>

	<scoreRatio value='1.46986'/>
	<timeFitness value='0.635417'/>
	<unitsAverage value='98'/>
</results>
