<results>
	<result value='loss'/>
	<start value='2015-05-08.18:46:43'/>
	<end value='2015-05-08.18:47:24'/>
	<frames value='46254'/>
	<gameDuration value='2890'/>

	<player>
		<unitScore value='15825'/>
		<killScore value='15450'/>
		<buildingScore value='3375'/>
		<razingScore value='0'/>
		<mineralScore value='19882'/>
		<gasScore value='3864'/>
		<totalScore value='58396'/>
	</player>

	<enemy>
		<race value='Terran'/>
		<unitScore value='31850'/>
		<unitScore value='31850'/>
		<killScore value='31650'/>
		<buildingScore value='6175'/>
		<razingScore value='10350'/>
		<mineralScore value='24594'/>
		<gasScore value='14782'/>
		<totalScore value='119401'/>
	</enemy>

	<scoreRatio value='0.489075'/>
	<timeFitness value='0.401389'/>
	<unitsAverage value='51'/>
</results>
