<results>
	<result value='win'/>
	<start value='2015-05-08.18:56:44'/>
	<end value='2015-05-08.18:58:03'/>
	<frames value='55647'/>
	<gameDuration value='3477'/>

	<player>
		<unitScore value='31300'/>
		<killScore value='57950'/>
		<buildingScore value='3775'/>
		<razingScore value='16200'/>
		<mineralScore value='33358'/>
		<gasScore value='6276'/>
		<totalScore value='148859'/>
	</player>

	<enemy>
		<race value='Terran'/>
		<unitScore value='32975'/>
		<unitScore value='32975'/>
		<killScore value='44500'/>
		<buildingScore value='5400'/>
		<razingScore value='2775'/>
		<mineralScore value='27738'/>
		<gasScore value='11350'/>
		<totalScore value='124738'/>
	</enemy>

	<scoreRatio value='1.19337'/>
	<timeFitness value='0.517083'/>
	<unitsAverage value='110'/>
</results>
