<results>
	<result value='win'/>
	<start value='2015-05-03.14:46:26'/>
	<end value='2015-05-03.14:47:07'/>
	<frames value='35993'/>
	<gameDuration value='2249'/>

	<player>
		<unitScore value='21550'/>
		<killScore value='27650'/>
		<buildingScore value='4750'/>
		<razingScore value='9900'/>
		<mineralScore value='36114'/>
		<gasScore value='4896'/>
		<totalScore value='104860'/>
	</player>

	<enemy>
		<race value='Terran'/>
		<unitScore value='13825'/>
		<unitScore value='13825'/>
		<killScore value='18300'/>
		<buildingScore value='3300'/>
		<razingScore value='2400'/>
		<mineralScore value='12050'/>
		<gasScore value='5230'/>
		<totalScore value='55105'/>
	</enemy>

	<scoreRatio value='1.90291'/>
	<timeFitness value='0.687639'/>
	<unitsAverage value='101'/>
</results>
