<results>
	<result value='draw'/>
	<start value='2015-05-03.14:50:34'/>
	<end value='2015-05-03.14:51:17'/>
	<frames value='57601'/>
	<gameDuration value='3600'/>

	<player>
		<unitScore value='18600'/>
		<killScore value='48150'/>
		<buildingScore value='3375'/>
		<razingScore value='6975'/>
		<mineralScore value='24750'/>
		<gasScore value='5080'/>
		<totalScore value='106930'/>
	</player>

	<enemy>
		<race value='Terran'/>
		<unitScore value='26950'/>
		<unitScore value='26950'/>
		<killScore value='30850'/>
		<buildingScore value='5950'/>
		<razingScore value='4800'/>
		<mineralScore value='22806'/>
		<gasScore value='11254'/>
		<totalScore value='102610'/>
	</enemy>

	<scoreRatio value='1.0421'/>
	<timeFitness value='0.5'/>
	<unitsAverage value='59'/>
</results>
