<results>
	<result value='win'/>
	<start value='2015-04-30.06:43:03'/>
	<end value='2015-04-30.06:43:56'/>
	<frames value='36892'/>
	<gameDuration value='2305'/>

	<player>
		<unitScore value='28000'/>
		<killScore value='31710'/>
		<buildingScore value='3600'/>
		<razingScore value='5040'/>
		<mineralScore value='40402'/>
		<gasScore value='1032'/>
		<totalScore value='109784'/>
	</player>

	<enemy>
		<race value='Zerg'/>
		<unitScore value='14600'/>
		<unitScore value='14600'/>
		<killScore value='39100'/>
		<buildingScore value='1680'/>
		<razingScore value='0'/>
		<mineralScore value='12850'/>
		<gasScore value='3480'/>
		<totalScore value='71710'/>
	</enemy>

	<scoreRatio value='1.53094'/>
</results>
