<results>
	<result value='win'/>
	<start value='2015-04-27.13:59:47'/>
	<end value='2015-04-27.14:00:25'/>
	<frames value='50873'/>
	<gameDuration value='3179'/>

	<player>
		<unitScore value='21825'/>
		<killScore value='31250'/>
		<buildingScore value='4275'/>
		<razingScore value='12000'/>
		<mineralScore value='27806'/>
		<gasScore value='4576'/>
		<totalScore value='101732'/>
	</player>

	<enemy>
		<race value='Terran'/>
		<unitScore value='17225'/>
		<unitScore value='17225'/>
		<killScore value='25250'/>
		<buildingScore value='4000'/>
		<razingScore value='2325'/>
		<mineralScore value='14930'/>
		<gasScore value='7896'/>
		<totalScore value='71626'/>
	</enemy>

	<scoreRatio value='1.42032'/>
</results>
