<results>
	<result value='win'/>
	<start value='2015-04-27.14:05:44'/>
	<end value='2015-04-27.14:05:52'/>
	<frames value='17269'/>
	<gameDuration value='1079'/>

	<player>
		<unitScore value='4900'/>
		<killScore value='9250'/>
		<buildingScore value='1700'/>
		<razingScore value='4350'/>
		<mineralScore value='6874'/>
		<gasScore value='1144'/>
		<totalScore value='28218'/>
	</player>

	<enemy>
		<race value='Terran'/>
		<unitScore value='4625'/>
		<unitScore value='4625'/>
		<killScore value='2700'/>
		<buildingScore value='1450'/>
		<razingScore value='150'/>
		<mineralScore value='7698'/>
		<gasScore value='1904'/>
		<totalScore value='18527'/>
	</enemy>

	<scoreRatio value='1.52307'/>
</results>
