<results>
	<result value='draw'/>
	<start value='2015-04-27.14:10:58'/>
	<end value='2015-04-27.14:11:54'/>
	<frames value='57601'/>
	<gameDuration value='3600'/>

	<player>
		<unitScore value='22275'/>
		<killScore value='26350'/>
		<buildingScore value='2925'/>
		<razingScore value='1725'/>
		<mineralScore value='24034'/>
		<gasScore value='5630'/>
		<totalScore value='82939'/>
	</player>

	<enemy>
		<race value='Terran'/>
		<unitScore value='33250'/>
		<unitScore value='33250'/>
		<killScore value='34350'/>
		<buildingScore value='5500'/>
		<razingScore value='4275'/>
		<mineralScore value='23430'/>
		<gasScore value='12864'/>
		<totalScore value='113669'/>
	</enemy>

	<scoreRatio value='0.729654'/>
</results>
