<results>
	<result value='win'/>
	<start value='2014-07-15.15:00:29'/>
	<end value='2014-07-15.15:00:49'/>
	<frames value='27065'/>
	<gameDuration value='1691'/>

	<player>
		<unitScore value='14675'/>
		<killScore value='15100'/>
		<buildingScore value='3825'/>
		<razingScore value='18075'/>
		<mineralScore value='19930'/>
		<gasScore value='2696'/>
		<totalScore value='74301'/>
	</player>

	<enemy>
		<race value='Protoss'/>
		<unitScore value='7750'/>
		<unitScore value='7750'/>
		<killScore value='11050'/>
		<buildingScore value='6025'/>
		<razingScore value='300'/>
		<mineralScore value='13458'/>
		<gasScore value='4208'/>
		<totalScore value='42791'/>
	</enemy>

	<scoreRatio value='1.73637'/>
</results>
