<results>
	<result value='loss'/>
	<start value='2014-07-15.15:01:31'/>
	<end value='2014-07-15.15:01:58'/>
	<frames value='46285'/>
	<gameDuration value='2892'/>

	<player>
		<unitScore value='23675'/>
		<killScore value='31300'/>
		<buildingScore value='2175'/>
		<razingScore value='600'/>
		<mineralScore value='23910'/>
		<gasScore value='3856'/>
		<totalScore value='85516'/>
	</player>

	<enemy>
		<race value='Protoss'/>
		<unitScore value='37600'/>
		<unitScore value='37600'/>
		<killScore value='47100'/>
		<buildingScore value='7625'/>
		<razingScore value='6525'/>
		<mineralScore value='32750'/>
		<gasScore value='12784'/>
		<totalScore value='144384'/>
	</enemy>

	<scoreRatio value='0.592282'/>
</results>
