<results>
	<result value='loss'/>
	<start value='2014-07-15.15:21:49'/>
	<end value='2014-07-15.15:22:13'/>
	<frames value='44828'/>
	<gameDuration value='2801'/>

	<player>
		<unitScore value='17200'/>
		<killScore value='18200'/>
		<buildingScore value='3075'/>
		<razingScore value='3300'/>
		<mineralScore value='20942'/>
		<gasScore value='3480'/>
		<totalScore value='66197'/>
	</player>

	<enemy>
		<race value='Protoss'/>
		<unitScore value='25375'/>
		<unitScore value='25375'/>
		<killScore value='34400'/>
		<buildingScore value='8025'/>
		<razingScore value='9225'/>
		<mineralScore value='31478'/>
		<gasScore value='9082'/>
		<totalScore value='117585'/>
	</enemy>

	<scoreRatio value='0.562971'/>
</results>
