<results>
	<result value='loss'/>
	<start value='2014-07-15.15:26:14'/>
	<end value='2014-07-15.15:26:22'/>
	<frames value='19129'/>
	<gameDuration value='1195'/>

	<player>
		<unitScore value='6175'/>
		<killScore value='1900'/>
		<buildingScore value='1750'/>
		<razingScore value='0'/>
		<mineralScore value='7890'/>
		<gasScore value='1496'/>
		<totalScore value='19211'/>
	</player>

	<enemy>
		<race value='Protoss'/>
		<unitScore value='5275'/>
		<unitScore value='5275'/>
		<killScore value='12350'/>
		<buildingScore value='4275'/>
		<razingScore value='5250'/>
		<mineralScore value='10186'/>
		<gasScore value='2936'/>
		<totalScore value='40272'/>
	</enemy>

	<scoreRatio value='0.477031'/>
</results>
