<results>
	<result value='loss'/>
	<start value='2015-04-07.16:19:28'/>
	<end value='2015-04-07.16:20:10'/>
	<frames value='51214'/>
	<gameDuration value='3200'/>

	<player>
		<unitScore value='24000'/>
		<killScore value='50600'/>
		<buildingScore value='2075'/>
		<razingScore value='2700'/>
		<mineralScore value='24138'/>
		<gasScore value='4994'/>
		<totalScore value='108507'/>
	</player>

	<enemy>
		<race value='Protoss'/>
		<unitScore value='40775'/>
		<unitScore value='40775'/>
		<killScore value='48000'/>
		<buildingScore value='7975'/>
		<razingScore value='6225'/>
		<mineralScore value='35474'/>
		<gasScore value='12396'/>
		<totalScore value='150845'/>
	</enemy>

	<scoreRatio value='0.719328'/>
</results>
