<results>
	<result value='loss'/>
	<start value='2015-05-04.02:34:51'/>
	<end value='2015-05-04.02:35:12'/>
	<frames value='20369'/>
	<gameDuration value='1273'/>

	<player>
		<unitScore value='5025'/>
		<killScore value='3100'/>
		<buildingScore value='2125'/>
		<razingScore value='0'/>
		<mineralScore value='7290'/>
		<gasScore value='1040'/>
		<totalScore value='18580'/>
	</player>

	<enemy>
		<race value='Terran'/>
		<unitScore value='7975'/>
		<unitScore value='7975'/>
		<killScore value='10050'/>
		<buildingScore value='2925'/>
		<razingScore value='6375'/>
		<mineralScore value='9626'/>
		<gasScore value='3768'/>
		<totalScore value='40719'/>
	</enemy>

	<scoreRatio value='0.456298'/>
	<timeFitness value='0.176806'/>
	<unitsAverage value='31'/>
</results>
