<results>
	<result value='loss'/>
	<start value='2015-05-04.03:04:42'/>
	<end value='2015-05-04.03:05:05'/>
	<frames value='21547'/>
	<gameDuration value='1346'/>

	<player>
		<unitScore value='5900'/>
		<killScore value='2850'/>
		<buildingScore value='2575'/>
		<razingScore value='0'/>
		<mineralScore value='9034'/>
		<gasScore value='1432'/>
		<totalScore value='21791'/>
	</player>

	<enemy>
		<race value='Terran'/>
		<unitScore value='8200'/>
		<unitScore value='8200'/>
		<killScore value='11800'/>
		<buildingScore value='3200'/>
		<razingScore value='7725'/>
		<mineralScore value='10554'/>
		<gasScore value='4048'/>
		<totalScore value='45527'/>
	</enemy>

	<scoreRatio value='0.478639'/>
	<timeFitness value='0.186944'/>
	<unitsAverage value='34'/>
</results>
