<results>
	<result value='loss'/>
	<start value='2015-04-13.07:23:37'/>
	<end value='2015-04-13.07:24:00'/>
	<frames value='34629'/>
	<gameDuration value='2164'/>

	<player>
		<unitScore value='12700'/>
		<killScore value='11950'/>
		<buildingScore value='2475'/>
		<razingScore value='300'/>
		<mineralScore value='14218'/>
		<gasScore value='1992'/>
		<totalScore value='43635'/>
	</player>

	<enemy>
		<race value='Protoss'/>
		<unitScore value='19950'/>
		<unitScore value='19950'/>
		<killScore value='25400'/>
		<buildingScore value='7725'/>
		<razingScore value='7425'/>
		<mineralScore value='21970'/>
		<gasScore value='8480'/>
		<totalScore value='90950'/>
	</enemy>

	<scoreRatio value='0.479769'/>
</results>
