<results>
	<result value='draw'/>
	<start value='2015-04-13.07:26:41'/>
	<end value='2015-04-13.07:27:35'/>
	<frames value='57601'/>
	<gameDuration value='3600'/>

	<player>
		<unitScore value='24475'/>
		<killScore value='45500'/>
		<buildingScore value='2700'/>
		<razingScore value='18225'/>
		<mineralScore value='25538'/>
		<gasScore value='5296'/>
		<totalScore value='121734'/>
	</player>

	<enemy>
		<race value='Protoss'/>
		<unitScore value='27150'/>
		<unitScore value='27150'/>
		<killScore value='38900'/>
		<buildingScore value='10900'/>
		<razingScore value='375'/>
		<mineralScore value='30258'/>
		<gasScore value='12460'/>
		<totalScore value='120043'/>
	</enemy>

	<scoreRatio value='1.01409'/>
</results>
