<results>
	<result value='win'/>
	<start value='2015-05-04.16:35:06'/>
	<end value='2015-05-04.16:35:47'/>
	<frames value='38783'/>
	<gameDuration value='2423'/>

	<player>
		<unitScore value='25450'/>
		<killScore value='29250'/>
		<buildingScore value='4075'/>
		<razingScore value='21375'/>
		<mineralScore value='33186'/>
		<gasScore value='4432'/>
		<totalScore value='117768'/>
	</player>

	<enemy>
		<race value='Protoss'/>
		<unitScore value='15775'/>
		<unitScore value='15775'/>
		<killScore value='27900'/>
		<buildingScore value='7125'/>
		<razingScore value='300'/>
		<mineralScore value='20490'/>
		<gasScore value='5528'/>
		<totalScore value='77118'/>
	</enemy>

	<scoreRatio value='1.52711'/>
	<timeFitness value='0.663472'/>
	<unitsAverage value='119'/>
</results>
