<results>
	<result value='loss'/>
	<start value='2015-05-10.11:14:07'/>
	<end value='2015-05-10.11:14:16'/>
	<frames value='18168'/>
	<gameDuration value='1135'/>

	<player>
		<unitScore value='4700'/>
		<killScore value='1400'/>
		<buildingScore value='1700'/>
		<razingScore value='0'/>
		<mineralScore value='6402'/>
		<gasScore value='1416'/>
		<totalScore value='15618'/>
	</player>

	<enemy>
		<race value='Protoss'/>
		<unitScore value='4725'/>
		<unitScore value='4725'/>
		<killScore value='9600'/>
		<buildingScore value='3625'/>
		<razingScore value='5100'/>
		<mineralScore value='9522'/>
		<gasScore value='2176'/>
		<totalScore value='34748'/>
	</enemy>

	<scoreRatio value='0.449465'/>
	<timeFitness value='0.157639'/>
	<unitsAverage value='30'/>
</results>
