<results>
	<result value='loss'/>
	<start value='2015-05-04.16:41:54'/>
	<end value='2015-05-04.16:42:07'/>
	<frames value='27344'/>
	<gameDuration value='1709'/>

	<player>
		<unitScore value='4225'/>
		<killScore value='2600'/>
		<buildingScore value='1850'/>
		<razingScore value='0'/>
		<mineralScore value='6850'/>
		<gasScore value='664'/>
		<totalScore value='16189'/>
	</player>

	<enemy>
		<race value='Protoss'/>
		<unitScore value='11575'/>
		<unitScore value='11575'/>
		<killScore value='8450'/>
		<buildingScore value='6875'/>
		<razingScore value='5550'/>
		<mineralScore value='16570'/>
		<gasScore value='6464'/>
		<totalScore value='55484'/>
	</enemy>

	<scoreRatio value='0.291778'/>
	<timeFitness value='0.237361'/>
	<unitsAverage value='22'/>
</results>
