<results>
	<result value='draw'/>
	<start value='2015-05-04.16:42:11'/>
	<end value='2015-05-04.16:43:05'/>
	<frames value='57601'/>
	<gameDuration value='3600'/>

	<player>
		<unitScore value='32700'/>
		<killScore value='56100'/>
		<buildingScore value='3350'/>
		<razingScore value='15825'/>
		<mineralScore value='34482'/>
		<gasScore value='6472'/>
		<totalScore value='148929'/>
	</player>

	<enemy>
		<race value='Protoss'/>
		<unitScore value='31650'/>
		<unitScore value='31650'/>
		<killScore value='54350'/>
		<buildingScore value='6125'/>
		<razingScore value='975'/>
		<mineralScore value='28286'/>
		<gasScore value='11162'/>
		<totalScore value='132548'/>
	</enemy>

	<scoreRatio value='1.12359'/>
	<timeFitness value='0.5'/>
	<unitsAverage value='105'/>
</results>
