<results>
	<result value='win'/>
	<start value='2015-05-05.07:46:06'/>
	<end value='2015-05-05.07:46:45'/>
	<frames value='29421'/>
	<gameDuration value='1838'/>

	<player>
		<unitScore value='17125'/>
		<killScore value='23350'/>
		<buildingScore value='4625'/>
		<razingScore value='15375'/>
		<mineralScore value='25706'/>
		<gasScore value='2864'/>
		<totalScore value='89045'/>
	</player>

	<enemy>
		<race value='Protoss'/>
		<unitScore value='13175'/>
		<unitScore value='13175'/>
		<killScore value='11750'/>
		<buildingScore value='5125'/>
		<razingScore value='1350'/>
		<mineralScore value='13958'/>
		<gasScore value='4088'/>
		<totalScore value='49446'/>
	</enemy>

	<scoreRatio value='1.80085'/>
	<timeFitness value='0.744722'/>
	<unitsAverage value='89'/>
</results>
