<results>
	<result value='loss'/>
	<start value='2015-05-05.07:51:58'/>
	<end value='2015-05-05.07:52:22'/>
	<frames value='31870'/>
	<gameDuration value='1991'/>

	<player>
		<unitScore value='9600'/>
		<killScore value='3500'/>
		<buildingScore value='2325'/>
		<razingScore value='0'/>
		<mineralScore value='14582'/>
		<gasScore value='1464'/>
		<totalScore value='31471'/>
	</player>

	<enemy>
		<race value='Protoss'/>
		<unitScore value='16100'/>
		<unitScore value='16100'/>
		<killScore value='19200'/>
		<buildingScore value='6925'/>
		<razingScore value='6975'/>
		<mineralScore value='19430'/>
		<gasScore value='8000'/>
		<totalScore value='76630'/>
	</enemy>

	<scoreRatio value='0.410688'/>
	<timeFitness value='0.276528'/>
	<unitsAverage value='43'/>
</results>
