<results>
	<result value='loss'/>
	<start value='2015-05-05.08:25:54'/>
	<end value='2015-05-05.08:26:10'/>
	<frames value='18013'/>
	<gameDuration value='1125'/>

	<player>
		<unitScore value='4525'/>
		<killScore value='3450'/>
		<buildingScore value='1775'/>
		<razingScore value='0'/>
		<mineralScore value='6322'/>
		<gasScore value='1264'/>
		<totalScore value='17336'/>
	</player>

	<enemy>
		<race value='Protoss'/>
		<unitScore value='4625'/>
		<unitScore value='4625'/>
		<killScore value='9050'/>
		<buildingScore value='3725'/>
		<razingScore value='5325'/>
		<mineralScore value='9418'/>
		<gasScore value='2448'/>
		<totalScore value='34591'/>
	</enemy>

	<scoreRatio value='0.501171'/>
	<timeFitness value='0.15625'/>
	<unitsAverage value='30'/>
</results>
