<results>
	<result value='loss'/>
	<start value='2014-07-23.18:59:38'/>
	<end value='2014-07-23.18:59:51'/>
	<frames value='28429'/>
	<gameDuration value='1776'/>

	<player>
		<unitScore value='5700'/>
		<killScore value='3000'/>
		<buildingScore value='2125'/>
		<razingScore value='0'/>
		<mineralScore value='8690'/>
		<gasScore value='560'/>
		<totalScore value='20075'/>
	</player>

	<enemy>
		<race value='Protoss'/>
		<unitScore value='13250'/>
		<unitScore value='13250'/>
		<killScore value='11400'/>
		<buildingScore value='6875'/>
		<razingScore value='6375'/>
		<mineralScore value='17622'/>
		<gasScore value='6824'/>
		<totalScore value='62346'/>
	</enemy>

	<scoreRatio value='0.321993'/>
</results>
