<results>
	<result value='loss'/>
	<start value='2015-07-19.08:11:16'/>
	<end value='2015-07-19.08:12:33'/>
	<frames value='35807'/>
	<gameDuration value='2237'/>

	<player>
		<unitScore value='21400'/>
		<killScore value='24250'/>
		<buildingScore value='4175'/>
		<razingScore value='195'/>
		<mineralScore value='21370'/>
		<gasScore value='3272'/>
		<totalScore value='74662'/>
	</player>

	<enemy>
		<race value='Zerg'/>
		<unitScore value='23675'/>
		<killScore value='36500'/>
		<buildingScore value='4340'/>
		<razingScore value='12525'/>
		<mineralScore value='23294'/>
		<gasScore value='7528'/>
		<totalScore value='107862'/>
	</enemy>

	<scoreRatio value='0.692199'/>
	<timeFitness value='0.310694'/>
	<unitsAverage value='84'/>
</results>
