<results>
	<result value='loss'/>
	<start value='2015-07-07.11:41:45'/>
	<end value='2015-07-07.11:42:00'/>
	<frames value='15998'/>
	<gameDuration value='999'/>

	<player>
		<unitScore value='3300'/>
		<killScore value='500'/>
		<buildingScore value='1550'/>
		<razingScore value='0'/>
		<mineralScore value='4458'/>
		<gasScore value='968'/>
		<totalScore value='10776'/>
	</player>

	<enemy>
		<race value='Terran'/>
		<unitScore value='5575'/>
		<killScore value='6600'/>
		<buildingScore value='1850'/>
		<razingScore value='4650'/>
		<mineralScore value='7378'/>
		<gasScore value='2288'/>
		<totalScore value='28341'/>
	</enemy>

	<scoreRatio value='0.380227'/>
	<timeFitness value='0.13875'/>
	<unitsAverage value='22'/>
</results>
