<results>
	<result value='loss'/>
	<start value='2015-07-07.11:43:52'/>
	<end value='2015-07-07.11:44:11'/>
	<frames value='18106'/>
	<gameDuration value='1131'/>

	<player>
		<unitScore value='3550'/>
		<killScore value='900'/>
		<buildingScore value='1525'/>
		<razingScore value='0'/>
		<mineralScore value='4474'/>
		<gasScore value='896'/>
		<totalScore value='11345'/>
	</player>

	<enemy>
		<race value='Terran'/>
		<unitScore value='6225'/>
		<killScore value='7100'/>
		<buildingScore value='2700'/>
		<razingScore value='4575'/>
		<mineralScore value='8242'/>
		<gasScore value='2832'/>
		<totalScore value='31674'/>
	</enemy>

	<scoreRatio value='0.35818'/>
	<timeFitness value='0.157083'/>
	<unitsAverage value='21'/>
</results>
