<results>
	<result value='win'/>
	<start value='2015-04-28.01:50:52'/>
	<end value='2015-04-28.01:51:01'/>
	<frames value='17641'/>
	<gameDuration value='1102'/>

	<player>
		<unitScore value='6425'/>
		<killScore value='7000'/>
		<buildingScore value='2425'/>
		<razingScore value='3825'/>
		<mineralScore value='10426'/>
		<gasScore value='1112'/>
		<totalScore value='31213'/>
	</player>

	<enemy>
		<race value='Terran'/>
		<unitScore value='3500'/>
		<unitScore value='3500'/>
		<killScore value='3600'/>
		<buildingScore value='1275'/>
		<razingScore value='150'/>
		<mineralScore value='5266'/>
		<gasScore value='1336'/>
		<totalScore value='15127'/>
	</enemy>

	<scoreRatio value='2.0634'/>
</results>
