<results>
	<result value='win'/>
	<start value='2015-04-28.01:56:02'/>
	<end value='2015-04-28.01:56:30'/>
	<frames value='35714'/>
	<gameDuration value='2232'/>

	<player>
		<unitScore value='19450'/>
		<killScore value='32800'/>
		<buildingScore value='4600'/>
		<razingScore value='10200'/>
		<mineralScore value='24274'/>
		<gasScore value='3176'/>
		<totalScore value='94500'/>
	</player>

	<enemy>
		<race value='Terran'/>
		<unitScore value='17600'/>
		<unitScore value='17600'/>
		<killScore value='20150'/>
		<buildingScore value='3400'/>
		<razingScore value='3675'/>
		<mineralScore value='14070'/>
		<gasScore value='6656'/>
		<totalScore value='65551'/>
	</enemy>

	<scoreRatio value='1.44163'/>
</results>
