<results>
	<result value='win'/>
	<start value='2015-04-29.17:02:29'/>
	<end value='2015-04-29.17:03:03'/>
	<frames value='30878'/>
	<gameDuration value='1929'/>

	<player>
		<unitScore value='15225'/>
		<killScore value='29100'/>
		<buildingScore value='4425'/>
		<razingScore value='10050'/>
		<mineralScore value='24842'/>
		<gasScore value='3672'/>
		<totalScore value='87314'/>
	</player>

	<enemy>
		<race value='Terran'/>
		<unitScore value='16150'/>
		<unitScore value='16150'/>
		<killScore value='11950'/>
		<buildingScore value='3350'/>
		<razingScore value='2850'/>
		<mineralScore value='13394'/>
		<gasScore value='5704'/>
		<totalScore value='53398'/>
	</enemy>

	<scoreRatio value='1.63515'/>
	<timeFitness value='0.732083'/>
	<unitsAverage value='86'/>
</results>
