<results>
	<result value='win'/>
	<start value='2015-04-29.17:07:20'/>
	<end value='2015-04-29.17:07:39'/>
	<frames value='21888'/>
	<gameDuration value='1368'/>

	<player>
		<unitScore value='10725'/>
		<killScore value='16800'/>
		<buildingScore value='2725'/>
		<razingScore value='6975'/>
		<mineralScore value='17950'/>
		<gasScore value='2168'/>
		<totalScore value='57343'/>
	</player>

	<enemy>
		<race value='Terran'/>
		<unitScore value='8400'/>
		<unitScore value='8400'/>
		<killScore value='7050'/>
		<buildingScore value='2325'/>
		<razingScore value='300'/>
		<mineralScore value='9634'/>
		<gasScore value='2872'/>
		<totalScore value='30581'/>
	</enemy>

	<scoreRatio value='1.87512'/>
	<timeFitness value='0.81'/>
	<unitsAverage value='67'/>
</results>
