<results>
	<result value='loss'/>
	<start value='2015-04-16.23:46:09'/>
	<end value='2015-04-16.23:46:23'/>
	<frames value='15254'/>
	<gameDuration value='953'/>

	<player>
		<unitScore value='2900'/>
		<killScore value='800'/>
		<buildingScore value='1675'/>
		<razingScore value='0'/>
		<mineralScore value='4786'/>
		<gasScore value='632'/>
		<totalScore value='10793'/>
	</player>

	<enemy>
		<race value='Protoss'/>
		<unitScore value='3550'/>
		<unitScore value='3550'/>
		<killScore value='5700'/>
		<buildingScore value='2525'/>
		<razingScore value='5025'/>
		<mineralScore value='7554'/>
		<gasScore value='1192'/>
		<totalScore value='25546'/>
	</enemy>

	<scoreRatio value='0.422493'/>
</results>
