<results>
	<result value='win'/>
	<start value='2015-04-16.16:29:07'/>
	<end value='2015-04-16.16:29:56'/>
	<frames value='32211'/>
	<gameDuration value='2013'/>

	<player>
		<unitScore value='14800'/>
		<killScore value='12050'/>
		<buildingScore value='2475'/>
		<razingScore value='18825'/>
		<mineralScore value='17650'/>
		<gasScore value='3056'/>
		<totalScore value='68856'/>
	</player>

	<enemy>
		<race value='Protoss'/>
		<unitScore value='6025'/>
		<unitScore value='6025'/>
		<killScore value='12700'/>
		<buildingScore value='6275'/>
		<razingScore value='150'/>
		<mineralScore value='13050'/>
		<gasScore value='1968'/>
		<totalScore value='40168'/>
	</enemy>

	<scoreRatio value='1.7142'/>
</results>
