<results>
	<result value='draw'/>
	<start value='2015-04-30.08:08:05'/>
	<end value='2015-04-30.08:09:31'/>
	<frames value='57601'/>
	<gameDuration value='3600'/>

	<player>
		<unitScore value='32075'/>
		<killScore value='41550'/>
		<buildingScore value='6300'/>
		<razingScore value='15075'/>
		<mineralScore value='42246'/>
		<gasScore value='5252'/>
		<totalScore value='142498'/>
	</player>

	<enemy>
		<race value='Terran'/>
		<unitScore value='25575'/>
		<unitScore value='25575'/>
		<killScore value='40100'/>
		<buildingScore value='5175'/>
		<razingScore value='4275'/>
		<mineralScore value='19550'/>
		<gasScore value='11272'/>
		<totalScore value='105947'/>
	</enemy>

	<scoreRatio value='1.34499'/>
	<timeFitness value='0.5'/>
	<unitsAverage value='108'/>
</results>
