<results>
	<result value='win'/>
	<start value='2015-04-30.08:09:34'/>
	<end value='2015-04-30.08:10:20'/>
	<frames value='36055'/>
	<gameDuration value='2253'/>

	<player>
		<unitScore value='23750'/>
		<killScore value='25600'/>
		<buildingScore value='4725'/>
		<razingScore value='11325'/>
		<mineralScore value='33278'/>
		<gasScore value='2928'/>
		<totalScore value='101606'/>
	</player>

	<enemy>
		<race value='Terran'/>
		<unitScore value='12800'/>
		<unitScore value='12800'/>
		<killScore value='23600'/>
		<buildingScore value='3775'/>
		<razingScore value='1725'/>
		<mineralScore value='12450'/>
		<gasScore value='5174'/>
		<totalScore value='59524'/>
	</enemy>

	<scoreRatio value='1.70698'/>
	<timeFitness value='0.687083'/>
	<unitsAverage value='102'/>
</results>
