<results>
	<result value='win'/>
	<start value='2015-05-04.07:54:41'/>
	<end value='2015-05-04.07:55:27'/>
	<frames value='29142'/>
	<gameDuration value='1821'/>

	<player>
		<unitScore value='17225'/>
		<killScore value='20600'/>
		<buildingScore value='2625'/>
		<razingScore value='12825'/>
		<mineralScore value='19282'/>
		<gasScore value='2712'/>
		<totalScore value='75269'/>
	</player>

	<enemy>
		<race value='Protoss'/>
		<unitScore value='11000'/>
		<unitScore value='11000'/>
		<killScore value='16500'/>
		<buildingScore value='4275'/>
		<razingScore value='150'/>
		<mineralScore value='12866'/>
		<gasScore value='3696'/>
		<totalScore value='48487'/>
	</enemy>

	<scoreRatio value='1.55235'/>
	<timeFitness value='0.747083'/>
	<unitsAverage value='81'/>
</results>
