<results>
	<result value='loss'/>
	<start value='2015-05-04.08:12:10'/>
	<end value='2015-05-04.08:12:30'/>
	<frames value='26631'/>
	<gameDuration value='1664'/>

	<player>
		<unitScore value='2600'/>
		<killScore value='2400'/>
		<buildingScore value='1100'/>
		<razingScore value='0'/>
		<mineralScore value='3562'/>
		<gasScore value='664'/>
		<totalScore value='10326'/>
	</player>

	<enemy>
		<race value='Protoss'/>
		<unitScore value='11550'/>
		<unitScore value='11550'/>
		<killScore value='5200'/>
		<buildingScore value='6875'/>
		<razingScore value='3300'/>
		<mineralScore value='16966'/>
		<gasScore value='5392'/>
		<totalScore value='49283'/>
	</enemy>

	<scoreRatio value='0.209525'/>
	<timeFitness value='0.231111'/>
	<unitsAverage value='16'/>
</results>
