<results>
	<result value='loss'/>
	<start value='2015-05-04.08:18:53'/>
	<end value='2015-05-04.08:19:07'/>
	<frames value='15936'/>
	<gameDuration value='996'/>

	<player>
		<unitScore value='3050'/>
		<killScore value='1200'/>
		<buildingScore value='1650'/>
		<razingScore value='0'/>
		<mineralScore value='4722'/>
		<gasScore value='536'/>
		<totalScore value='11158'/>
	</player>

	<enemy>
		<race value='Protoss'/>
		<unitScore value='3550'/>
		<unitScore value='3550'/>
		<killScore value='6100'/>
		<buildingScore value='3425'/>
		<razingScore value='4950'/>
		<mineralScore value='8026'/>
		<gasScore value='1624'/>
		<totalScore value='27675'/>
	</enemy>

	<scoreRatio value='0.40318'/>
	<timeFitness value='0.138333'/>
	<unitsAverage value='23'/>
</results>
