<results>
	<result value='loss'/>
	<start value='2015-05-04.08:25:50'/>
	<end value='2015-05-04.08:26:22'/>
	<frames value='32273'/>
	<gameDuration value='2017'/>

	<player>
		<unitScore value='8975'/>
		<killScore value='8950'/>
		<buildingScore value='1725'/>
		<razingScore value='0'/>
		<mineralScore value='10794'/>
		<gasScore value='2240'/>
		<totalScore value='32684'/>
	</player>

	<enemy>
		<race value='Protoss'/>
		<unitScore value='16900'/>
		<unitScore value='16900'/>
		<killScore value='17950'/>
		<buildingScore value='6925'/>
		<razingScore value='5175'/>
		<mineralScore value='20878'/>
		<gasScore value='7464'/>
		<totalScore value='75292'/>
	</enemy>

	<scoreRatio value='0.434097'/>
	<timeFitness value='0.280139'/>
	<unitsAverage value='34'/>
</results>
