<results>
	<result value='loss'/>
	<start value='2015-07-21.08:28:50'/>
	<end value='2015-07-21.08:29:42'/>
	<frames value='28553'/>
	<gameDuration value='1784'/>

	<player>
		<unitScore value='14675'/>
		<killScore value='10425'/>
		<buildingScore value='4150'/>
		<razingScore value='0'/>
		<mineralScore value='25946'/>
		<gasScore value='2384'/>
		<totalScore value='57580'/>
	</player>

	<enemy>
		<race value='Zerg'/>
		<unitScore value='15725'/>
		<killScore value='29350'/>
		<buildingScore value='3280'/>
		<razingScore value='12450'/>
		<mineralScore value='17174'/>
		<gasScore value='5008'/>
		<totalScore value='82987'/>
	</enemy>

	<scoreRatio value='0.693844'/>
	<timeFitness value='0.247778'/>
	<unitsAverage value='66'/>
</results>
