<results>
	<result value='loss'/>
	<start value='2015-07-21.08:35:07'/>
	<end value='2015-07-21.08:36:10'/>
	<frames value='31839'/>
	<gameDuration value='1989'/>

	<player>
		<unitScore value='19225'/>
		<killScore value='20100'/>
		<buildingScore value='2775'/>
		<razingScore value='0'/>
		<mineralScore value='24082'/>
		<gasScore value='2512'/>
		<totalScore value='68694'/>
	</player>

	<enemy>
		<race value='Zerg'/>
		<unitScore value='17625'/>
		<killScore value='38450'/>
		<buildingScore value='3960'/>
		<razingScore value='8325'/>
		<mineralScore value='19710'/>
		<gasScore value='6360'/>
		<totalScore value='94430'/>
	</enemy>

	<scoreRatio value='0.727459'/>
	<timeFitness value='0.27625'/>
	<unitsAverage value='75'/>
</results>
