<results>
	<result value='loss'/>
	<start value='2015-07-21.08:43:22'/>
	<end value='2015-07-21.08:44:09'/>
	<frames value='26507'/>
	<gameDuration value='1656'/>

	<player>
		<unitScore value='14375'/>
		<killScore value='7650'/>
		<buildingScore value='3400'/>
		<razingScore value='0'/>
		<mineralScore value='24758'/>
		<gasScore value='2304'/>
		<totalScore value='52487'/>
	</player>

	<enemy>
		<race value='Zerg'/>
		<unitScore value='13650'/>
		<killScore value='28100'/>
		<buildingScore value='3085'/>
		<razingScore value='10200'/>
		<mineralScore value='15646'/>
		<gasScore value='4264'/>
		<totalScore value='74945'/>
	</enemy>

	<scoreRatio value='0.70034'/>
	<timeFitness value='0.23'/>
	<unitsAverage value='67'/>
</results>
