<results>
	<result value='draw'/>
	<start value='2015-07-21.08:47:49'/>
	<end value='2015-07-21.08:50:40'/>
	<frames value='57601'/>
	<gameDuration value='3600'/>

	<player>
		<unitScore value='35250'/>
		<killScore value='35100'/>
		<buildingScore value='3025'/>
		<razingScore value='315'/>
		<mineralScore value='31486'/>
		<gasScore value='6240'/>
		<totalScore value='111416'/>
	</player>

	<enemy>
		<race value='Zerg'/>
		<unitScore value='34250'/>
		<killScore value='61700'/>
		<buildingScore value='4175'/>
		<razingScore value='1950'/>
		<mineralScore value='29862'/>
		<gasScore value='11692'/>
		<totalScore value='143629'/>
	</enemy>

	<scoreRatio value='0.775721'/>
	<timeFitness value='0.5'/>
	<unitsAverage value='112'/>
</results>
