<results>
	<result value='loss'/>
	<start value='2015-05-03.02:22:38'/>
	<end value='2015-05-03.02:22:48'/>
	<frames value='18633'/>
	<gameDuration value='1164'/>

	<player>
		<unitScore value='3875'/>
		<killScore value='1600'/>
		<buildingScore value='1900'/>
		<razingScore value='0'/>
		<mineralScore value='5858'/>
		<gasScore value='720'/>
		<totalScore value='13953'/>
	</player>

	<enemy>
		<race value='Protoss'/>
		<unitScore value='4750'/>
		<unitScore value='4750'/>
		<killScore value='7750'/>
		<buildingScore value='4375'/>
		<razingScore value='5700'/>
		<mineralScore value='10346'/>
		<gasScore value='2088'/>
		<totalScore value='35009'/>
	</enemy>

	<scoreRatio value='0.398555'/>
	<timeFitness value='0.161667'/>
	<unitsAverage value='24'/>
</results>
