<results>
	<result value='draw'/>
	<start value='2015-05-03.02:33:42'/>
	<end value='2015-05-03.02:35:05'/>
	<frames value='57601'/>
	<gameDuration value='3600'/>

	<player>
		<unitScore value='31575'/>
		<killScore value='56000'/>
		<buildingScore value='3325'/>
		<razingScore value='20175'/>
		<mineralScore value='31914'/>
		<gasScore value='4744'/>
		<totalScore value='147733'/>
	</player>

	<enemy>
		<race value='Protoss'/>
		<unitScore value='31650'/>
		<unitScore value='31650'/>
		<killScore value='50250'/>
		<buildingScore value='7675'/>
		<razingScore value='1500'/>
		<mineralScore value='30810'/>
		<gasScore value='9790'/>
		<totalScore value='131675'/>
	</enemy>

	<scoreRatio value='1.12195'/>
	<timeFitness value='0.5'/>
	<unitsAverage value='95'/>
</results>
