<results>
	<result value='loss'/>
	<start value='2015-05-03.02:30:01'/>
	<end value='2015-05-03.02:30:54'/>
	<frames value='50005'/>
	<gameDuration value='3125'/>

	<player>
		<unitScore value='22550'/>
		<killScore value='33750'/>
		<buildingScore value='2275'/>
		<razingScore value='4950'/>
		<mineralScore value='24122'/>
		<gasScore value='5046'/>
		<totalScore value='92693'/>
	</player>

	<enemy>
		<race value='Protoss'/>
		<unitScore value='33600'/>
		<unitScore value='33600'/>
		<killScore value='45200'/>
		<buildingScore value='8625'/>
		<razingScore value='6825'/>
		<mineralScore value='32110'/>
		<gasScore value='10866'/>
		<totalScore value='137226'/>
	</enemy>

	<scoreRatio value='0.675477'/>
	<timeFitness value='0.434028'/>
	<unitsAverage value='79'/>
</results>
