<results>
	<result value='loss'/>
	<start value='2015-05-03.02:53:32'/>
	<end value='2015-05-03.02:53:52'/>
	<frames value='28181'/>
	<gameDuration value='1761'/>

	<player>
		<unitScore value='8175'/>
		<killScore value='4100'/>
		<buildingScore value='2600'/>
		<razingScore value='0'/>
		<mineralScore value='10786'/>
		<gasScore value='1488'/>
		<totalScore value='27149'/>
	</player>

	<enemy>
		<race value='Protoss'/>
		<unitScore value='13125'/>
		<unitScore value='13125'/>
		<killScore value='16350'/>
		<buildingScore value='5975'/>
		<razingScore value='7800'/>
		<mineralScore value='18034'/>
		<gasScore value='6216'/>
		<totalScore value='67500'/>
	</enemy>

	<scoreRatio value='0.402207'/>
	<timeFitness value='0.244583'/>
	<unitsAverage value='34'/>
</results>
