<results>
	<result value='win'/>
	<start value='2015-05-09.04:35:29'/>
	<end value='2015-05-09.04:36:00'/>
	<frames value='29049'/>
	<gameDuration value='1815'/>

	<player>
		<unitScore value='20975'/>
		<killScore value='31620'/>
		<buildingScore value='3975'/>
		<razingScore value='4680'/>
		<mineralScore value='25470'/>
		<gasScore value='1736'/>
		<totalScore value='88456'/>
	</player>

	<enemy>
		<race value='Zerg'/>
		<unitScore value='14300'/>
		<unitScore value='14300'/>
		<killScore value='21000'/>
		<buildingScore value='1560'/>
		<razingScore value='0'/>
		<mineralScore value='12170'/>
		<gasScore value='4096'/>
		<totalScore value='53126'/>
	</enemy>

	<scoreRatio value='1.66502'/>
	<timeFitness value='0.747917'/>
	<unitsAverage value='100'/>
</results>
