<results>
	<result value='win'/>
	<start value='2015-05-09.05:09:56'/>
	<end value='2015-05-09.05:10:33'/>
	<frames value='32769'/>
	<gameDuration value='2048'/>

	<player>
		<unitScore value='22000'/>
		<killScore value='39280'/>
		<buildingScore value='4325'/>
		<razingScore value='8895'/>
		<mineralScore value='28194'/>
		<gasScore value='2808'/>
		<totalScore value='105502'/>
	</player>

	<enemy>
		<race value='Zerg'/>
		<unitScore value='17300'/>
		<unitScore value='17300'/>
		<killScore value='22300'/>
		<buildingScore value='2965'/>
		<razingScore value='600'/>
		<mineralScore value='16386'/>
		<gasScore value='4360'/>
		<totalScore value='63911'/>
	</enemy>

	<scoreRatio value='1.65076'/>
	<timeFitness value='0.715556'/>
	<unitsAverage value='102'/>
</results>
