<results>
	<result value='win'/>
	<start value='2015-05-09.05:12:45'/>
	<end value='2015-05-09.05:13:36'/>
	<frames value='36489'/>
	<gameDuration value='2280'/>

	<player>
		<unitScore value='20850'/>
		<killScore value='27750'/>
		<buildingScore value='4950'/>
		<razingScore value='8655'/>
		<mineralScore value='35482'/>
		<gasScore value='3608'/>
		<totalScore value='101295'/>
	</player>

	<enemy>
		<race value='Zerg'/>
		<unitScore value='13525'/>
		<unitScore value='13525'/>
		<killScore value='18600'/>
		<buildingScore value='2885'/>
		<razingScore value='150'/>
		<mineralScore value='15534'/>
		<gasScore value='5616'/>
		<totalScore value='56310'/>
	</enemy>

	<scoreRatio value='1.79888'/>
	<timeFitness value='0.683333'/>
	<unitsAverage value='129'/>
</results>
