<results>
	<result value='draw'/>
	<start value='2015-05-09.05:14:19'/>
	<end value='2015-05-09.05:16:11'/>
	<frames value='57601'/>
	<gameDuration value='3600'/>

	<player>
		<unitScore value='20350'/>
		<killScore value='27955'/>
		<buildingScore value='4325'/>
		<razingScore value='2895'/>
		<mineralScore value='43522'/>
		<gasScore value='6472'/>
		<totalScore value='105519'/>
	</player>

	<enemy>
		<race value='Zerg'/>
		<unitScore value='11900'/>
		<unitScore value='11900'/>
		<killScore value='17700'/>
		<buildingScore value='1220'/>
		<razingScore value='0'/>
		<mineralScore value='10818'/>
		<gasScore value='3248'/>
		<totalScore value='44886'/>
	</enemy>

	<scoreRatio value='2.35082'/>
	<timeFitness value='0.5'/>
	<unitsAverage value='173'/>
</results>
