<results>
	<result value='win'/>
	<start value='2015-05-09.05:21:22'/>
	<end value='2015-05-09.05:21:53'/>
	<frames value='29638'/>
	<gameDuration value='1852'/>

	<player>
		<unitScore value='17350'/>
		<killScore value='21960'/>
		<buildingScore value='3850'/>
		<razingScore value='7875'/>
		<mineralScore value='21786'/>
		<gasScore value='1792'/>
		<totalScore value='74613'/>
	</player>

	<enemy>
		<race value='Zerg'/>
		<unitScore value='10950'/>
		<unitScore value='10950'/>
		<killScore value='14100'/>
		<buildingScore value='2625'/>
		<razingScore value='0'/>
		<mineralScore value='11910'/>
		<gasScore value='4304'/>
		<totalScore value='43889'/>
	</enemy>

	<scoreRatio value='1.70004'/>
	<timeFitness value='0.742778'/>
	<unitsAverage value='92'/>
</results>
