<results>
	<result value='loss'/>
	<start value='2015-05-01.20:01:31'/>
	<end value='2015-05-01.20:01:41'/>
	<frames value='19222'/>
	<gameDuration value='1201'/>

	<player>
		<unitScore value='2200'/>
		<killScore value='2300'/>
		<buildingScore value='1050'/>
		<razingScore value='0'/>
		<mineralScore value='3826'/>
		<gasScore value='32'/>
		<totalScore value='9408'/>
	</player>

	<enemy>
		<race value='Zerg'/>
		<unitScore value='6875'/>
		<unitScore value='6875'/>
		<killScore value='4400'/>
		<buildingScore value='1520'/>
		<razingScore value='3150'/>
		<mineralScore value='7450'/>
		<gasScore value='2176'/>
		<totalScore value='25571'/>
	</enemy>

	<scoreRatio value='0.367917'/>
	<timeFitness value='0.166806'/>
	<unitsAverage value='13'/>
</results>
