<results>
	<result value='loss'/>
	<start value='2014-07-22.21:33:37'/>
	<end value='2014-07-22.21:33:47'/>
	<frames value='22508'/>
	<gameDuration value='1406'/>

	<player>
		<unitScore value='3275'/>
		<killScore value='3600'/>
		<buildingScore value='1875'/>
		<razingScore value='0'/>
		<mineralScore value='5090'/>
		<gasScore value='968'/>
		<totalScore value='14808'/>
	</player>

	<enemy>
		<race value='Protoss'/>
		<unitScore value='8300'/>
		<unitScore value='8300'/>
		<killScore value='6550'/>
		<buildingScore value='5325'/>
		<razingScore value='5625'/>
		<mineralScore value='12746'/>
		<gasScore value='4224'/>
		<totalScore value='42770'/>
	</enemy>

	<scoreRatio value='0.346224'/>
</results>
