<results>
	<result value='loss'/>
	<start value='2014-07-22.21:40:47'/>
	<end value='2014-07-22.21:40:54'/>
	<frames value='14138'/>
	<gameDuration value='883'/>

	<player>
		<unitScore value='2525'/>
		<killScore value='800'/>
		<buildingScore value='1425'/>
		<razingScore value='0'/>
		<mineralScore value='3802'/>
		<gasScore value='544'/>
		<totalScore value='9096'/>
	</player>

	<enemy>
		<race value='Protoss'/>
		<unitScore value='3550'/>
		<unitScore value='3550'/>
		<killScore value='5050'/>
		<buildingScore value='2175'/>
		<razingScore value='4275'/>
		<mineralScore value='7194'/>
		<gasScore value='1136'/>
		<totalScore value='23380'/>
	</enemy>

	<scoreRatio value='0.38905'/>
</results>
