<results>
	<result value='loss'/>
	<start value='2015-05-21.19:58:40'/>
	<end value='2015-05-21.19:58:58'/>
	<frames value='30475'/>
	<gameDuration value='1904'/>

	<player>
		<unitScore value='8825'/>
		<killScore value='13550'/>
		<buildingScore value='2075'/>
		<razingScore value='315'/>
		<mineralScore value='10654'/>
		<gasScore value='2384'/>
		<totalScore value='37803'/>
	</player>

	<enemy>
		<race value='Zerg'/>
		<unitScore value='19650'/>
		<killScore value='17650'/>
		<buildingScore value='3815'/>
		<razingScore value='6225'/>
		<mineralScore value='19474'/>
		<gasScore value='6432'/>
		<totalScore value='73246'/>
	</enemy>

	<scoreRatio value='0.51611'/>
	<timeFitness value='0.264444'/>
	<unitsAverage value='43'/>
</results>
