<results>
	<result value='win'/>
	<start value='2015-05-05.10:32:55'/>
	<end value='2015-05-05.10:33:20'/>
	<frames value='21857'/>
	<gameDuration value='1366'/>

	<player>
		<unitScore value='11675'/>
		<killScore value='11300'/>
		<buildingScore value='3925'/>
		<razingScore value='4500'/>
		<mineralScore value='19186'/>
		<gasScore value='1584'/>
		<totalScore value='52170'/>
	</player>

	<enemy>
		<race value='Terran'/>
		<unitScore value='5700'/>
		<unitScore value='5700'/>
		<killScore value='3300'/>
		<buildingScore value='1500'/>
		<razingScore value='150'/>
		<mineralScore value='9914'/>
		<gasScore value='2224'/>
		<totalScore value='22788'/>
	</enemy>

	<scoreRatio value='2.28936'/>
	<timeFitness value='0.810278'/>
	<unitsAverage value='77'/>
</results>
