<results>
	<result value='draw'/>
	<start value='2015-05-09.06:09:34'/>
	<end value='2015-05-09.06:10:32'/>
	<frames value='57601'/>
	<gameDuration value='3600'/>

	<player>
		<unitScore value='23025'/>
		<killScore value='31150'/>
		<buildingScore value='3925'/>
		<razingScore value='2550'/>
		<mineralScore value='26626'/>
		<gasScore value='4696'/>
		<totalScore value='91972'/>
	</player>

	<enemy>
		<race value='Terran'/>
		<unitScore value='31775'/>
		<unitScore value='31775'/>
		<killScore value='43050'/>
		<buildingScore value='5100'/>
		<razingScore value='10875'/>
		<mineralScore value='25954'/>
		<gasScore value='16252'/>
		<totalScore value='133006'/>
	</enemy>

	<scoreRatio value='0.691488'/>
	<timeFitness value='0.5'/>
	<unitsAverage value='78'/>
</results>
