<results>
	<result value='loss'/>
	<start value='2015-05-05.10:43:55'/>
	<end value='2015-05-05.10:44:16'/>
	<frames value='26724'/>
	<gameDuration value='1670'/>

	<player>
		<unitScore value='9250'/>
		<killScore value='6800'/>
		<buildingScore value='2675'/>
		<razingScore value='0'/>
		<mineralScore value='11338'/>
		<gasScore value='1408'/>
		<totalScore value='31471'/>
	</player>

	<enemy>
		<race value='Terran'/>
		<unitScore value='11925'/>
		<unitScore value='11925'/>
		<killScore value='18500'/>
		<buildingScore value='4350'/>
		<razingScore value='8025'/>
		<mineralScore value='13094'/>
		<gasScore value='6568'/>
		<totalScore value='62462'/>
	</enemy>

	<scoreRatio value='0.503842'/>
	<timeFitness value='0.231944'/>
	<unitsAverage value='42'/>
</results>
