<results>
	<result value='loss'/>
	<start value='2014-07-22.23:44:28'/>
	<end value='2014-07-22.23:44:35'/>
	<frames value='17145'/>
	<gameDuration value='1071'/>

	<player>
		<unitScore value='3150'/>
		<killScore value='3100'/>
		<buildingScore value='1650'/>
		<razingScore value='0'/>
		<mineralScore value='5058'/>
		<gasScore value='1120'/>
		<totalScore value='14078'/>
	</player>

	<enemy>
		<race value='Protoss'/>
		<unitScore value='4025'/>
		<unitScore value='4025'/>
		<killScore value='6300'/>
		<buildingScore value='4175'/>
		<razingScore value='4950'/>
		<mineralScore value='9290'/>
		<gasScore value='1792'/>
		<totalScore value='30532'/>
	</enemy>

	<scoreRatio value='0.46109'/>
</results>
