<results>
	<result value='loss'/>
	<start value='2015-05-06.07:58:39'/>
	<end value='2015-05-06.07:58:45'/>
	<frames value='16091'/>
	<gameDuration value='1005'/>

	<player>
		<unitScore value='2675'/>
		<killScore value='1700'/>
		<buildingScore value='1675'/>
		<razingScore value='0'/>
		<mineralScore value='4730'/>
		<gasScore value='608'/>
		<totalScore value='11388'/>
	</player>

	<enemy>
		<race value='Protoss'/>
		<unitScore value='3650'/>
		<unitScore value='3650'/>
		<killScore value='5350'/>
		<buildingScore value='3525'/>
		<razingScore value='5025'/>
		<mineralScore value='8546'/>
		<gasScore value='1624'/>
		<totalScore value='27720'/>
	</enemy>

	<scoreRatio value='0.410823'/>
	<timeFitness value='0.139583'/>
	<unitsAverage value='22'/>
</results>
