<results>
	<result value='loss'/>
	<start value='2015-05-06.08:32:29'/>
	<end value='2015-05-06.08:32:45'/>
	<frames value='31963'/>
	<gameDuration value='1997'/>

	<player>
		<unitScore value='5950'/>
		<killScore value='6300'/>
		<buildingScore value='2200'/>
		<razingScore value='0'/>
		<mineralScore value='9386'/>
		<gasScore value='504'/>
		<totalScore value='24340'/>
	</player>

	<enemy>
		<race value='Protoss'/>
		<unitScore value='16450'/>
		<unitScore value='16450'/>
		<killScore value='11900'/>
		<buildingScore value='6875'/>
		<razingScore value='6600'/>
		<mineralScore value='20198'/>
		<gasScore value='8024'/>
		<totalScore value='70047'/>
	</enemy>

	<scoreRatio value='0.347481'/>
	<timeFitness value='0.277361'/>
	<unitsAverage value='28'/>
</results>
