<results>
	<result value='win'/>
	<start value='2015-05-01.08:20:36'/>
	<end value='2015-05-01.08:21:42'/>
	<frames value='34629'/>
	<gameDuration value='2164'/>

	<player>
		<unitScore value='18450'/>
		<killScore value='31110'/>
		<buildingScore value='5025'/>
		<razingScore value='6540'/>
		<mineralScore value='34814'/>
		<gasScore value='3304'/>
		<totalScore value='99243'/>
	</player>

	<enemy>
		<race value='Zerg'/>
		<unitScore value='14700'/>
		<unitScore value='14700'/>
		<killScore value='13200'/>
		<buildingScore value='2180'/>
		<razingScore value='300'/>
		<mineralScore value='12946'/>
		<gasScore value='4848'/>
		<totalScore value='48174'/>
	</enemy>

	<scoreRatio value='2.06009'/>
</results>
