<results>
	<result value='win'/>
	<start value='2015-05-01.08:35:01'/>
	<end value='2015-05-01.08:35:42'/>
	<frames value='27096'/>
	<gameDuration value='1693'/>

	<player>
		<unitScore value='16525'/>
		<killScore value='32235'/>
		<buildingScore value='3575'/>
		<razingScore value='6060'/>
		<mineralScore value='26410'/>
		<gasScore value='1968'/>
		<totalScore value='86773'/>
	</player>

	<enemy>
		<race value='Zerg'/>
		<unitScore value='13900'/>
		<unitScore value='13900'/>
		<killScore value='12350'/>
		<buildingScore value='2020'/>
		<razingScore value='0'/>
		<mineralScore value='12642'/>
		<gasScore value='3928'/>
		<totalScore value='44840'/>
	</enemy>

	<scoreRatio value='1.93517'/>
</results>
