<results>
	<result value='loss'/>
	<start value='2015-04-27.13:21:40'/>
	<end value='2015-04-27.13:21:51'/>
	<frames value='22291'/>
	<gameDuration value='1393'/>

	<player>
		<unitScore value='8875'/>
		<killScore value='4200'/>
		<buildingScore value='1775'/>
		<razingScore value='0'/>
		<mineralScore value='10114'/>
		<gasScore value='1360'/>
		<totalScore value='26324'/>
	</player>

	<enemy>
		<race value='Terran'/>
		<unitScore value='10000'/>
		<unitScore value='10000'/>
		<killScore value='17500'/>
		<buildingScore value='3475'/>
		<razingScore value='5475'/>
		<mineralScore value='10762'/>
		<gasScore value='4648'/>
		<totalScore value='51860'/>
	</enemy>

	<scoreRatio value='0.507597'/>
</results>
