<results>
	<result value='win'/>
	<start value='2015-05-04.05:28:42'/>
	<end value='2015-05-04.05:29:32'/>
	<frames value='42906'/>
	<gameDuration value='2681'/>

	<player>
		<unitScore value='34000'/>
		<killScore value='39300'/>
		<buildingScore value='4625'/>
		<razingScore value='20700'/>
		<mineralScore value='38730'/>
		<gasScore value='4480'/>
		<totalScore value='141835'/>
	</player>

	<enemy>
		<race value='Protoss'/>
		<unitScore value='20450'/>
		<unitScore value='20450'/>
		<killScore value='43900'/>
		<buildingScore value='6900'/>
		<razingScore value='0'/>
		<mineralScore value='23878'/>
		<gasScore value='5258'/>
		<totalScore value='100386'/>
	</enemy>

	<scoreRatio value='1.4129'/>
	<timeFitness value='0.627639'/>
	<unitsAverage value='129'/>
</results>
