<results>
	<result value='loss'/>
	<start value='2015-05-04.05:34:15'/>
	<end value='2015-05-04.05:34:47'/>
	<frames value='44115'/>
	<gameDuration value='2757'/>

	<player>
		<unitScore value='21575'/>
		<killScore value='23700'/>
		<buildingScore value='2925'/>
		<razingScore value='900'/>
		<mineralScore value='23986'/>
		<gasScore value='5008'/>
		<totalScore value='78094'/>
	</player>

	<enemy>
		<race value='Protoss'/>
		<unitScore value='34760'/>
		<unitScore value='34760'/>
		<killScore value='43600'/>
		<buildingScore value='8225'/>
		<razingScore value='8775'/>
		<mineralScore value='31622'/>
		<gasScore value='12476'/>
		<totalScore value='139458'/>
	</enemy>

	<scoreRatio value='0.559982'/>
	<timeFitness value='0.382917'/>
	<unitsAverage value='74'/>
</results>
