<results>
	<result value='loss'/>
	<start value='2015-05-03.03:38:00'/>
	<end value='2015-05-03.03:38:56'/>
	<frames value='44425'/>
	<gameDuration value='2776'/>

	<player>
		<unitScore value='18300'/>
		<killScore value='18000'/>
		<buildingScore value='3125'/>
		<razingScore value='450'/>
		<mineralScore value='21062'/>
		<gasScore value='2784'/>
		<totalScore value='63721'/>
	</player>

	<enemy>
		<race value='Protoss'/>
		<unitScore value='28590'/>
		<unitScore value='28590'/>
		<killScore value='36600'/>
		<buildingScore value='7475'/>
		<razingScore value='9375'/>
		<mineralScore value='31862'/>
		<gasScore value='9678'/>
		<totalScore value='123580'/>
	</enemy>

	<scoreRatio value='0.515625'/>
	<timeFitness value='0.385556'/>
	<unitsAverage value='57'/>
</results>
