<results>
	<result value='draw'/>
	<start value='2015-04-07.15:34:40'/>
	<end value='2015-04-07.15:35:44'/>
	<frames value='57601'/>
	<gameDuration value='3600'/>

	<player>
		<unitScore value='24275'/>
		<killScore value='46800'/>
		<buildingScore value='2425'/>
		<razingScore value='5400'/>
		<mineralScore value='24466'/>
		<gasScore value='5016'/>
		<totalScore value='108382'/>
	</player>

	<enemy>
		<race value='Protoss'/>
		<unitScore value='34100'/>
		<unitScore value='34100'/>
		<killScore value='44550'/>
		<buildingScore value='8850'/>
		<razingScore value='3675'/>
		<mineralScore value='33706'/>
		<gasScore value='14626'/>
		<totalScore value='139507'/>
	</enemy>

	<scoreRatio value='0.776893'/>
</results>
