<results>
	<result value='loss'/>
	<start value='2015-07-16.01:22:24'/>
	<end value='2015-07-16.01:22:42'/>
	<frames value='19315'/>
	<gameDuration value='1207'/>

	<player>
		<unitScore value='3725'/>
		<killScore value='1500'/>
		<buildingScore value='2275'/>
		<razingScore value='0'/>
		<mineralScore value='5970'/>
		<gasScore value='800'/>
		<totalScore value='14270'/>
	</player>

	<enemy>
		<race value='Terran'/>
		<unitScore value='7850'/>
		<killScore value='7450'/>
		<buildingScore value='2950'/>
		<razingScore value='6825'/>
		<mineralScore value='8986'/>
		<gasScore value='3336'/>
		<totalScore value='37397'/>
	</enemy>

	<scoreRatio value='0.381581'/>
	<timeFitness value='0.167639'/>
	<unitsAverage value='30'/>
</results>
