<results>
	<result value='loss'/>
	<start value='2014-07-22.19:02:41'/>
	<end value='2014-07-22.19:02:48'/>
	<frames value='15595'/>
	<gameDuration value='974'/>

	<player>
		<unitScore value='2225'/>
		<killScore value='600'/>
		<buildingScore value='1325'/>
		<razingScore value='0'/>
		<mineralScore value='3714'/>
		<gasScore value='912'/>
		<totalScore value='8776'/>
	</player>

	<enemy>
		<race value='Terran'/>
		<unitScore value='5175'/>
		<unitScore value='5175'/>
		<killScore value='4350'/>
		<buildingScore value='1500'/>
		<razingScore value='3975'/>
		<mineralScore value='7154'/>
		<gasScore value='2224'/>
		<totalScore value='24378'/>
	</enemy>

	<scoreRatio value='0.359997'/>
</results>
