<results>
	<result value='win'/>
	<start value='2015-05-09.00:57:29'/>
	<end value='2015-05-09.00:58:09'/>
	<frames value='30196'/>
	<gameDuration value='1887'/>

	<player>
		<unitScore value='16650'/>
		<killScore value='25450'/>
		<buildingScore value='3300'/>
		<razingScore value='6930'/>
		<mineralScore value='20882'/>
		<gasScore value='3304'/>
		<totalScore value='76516'/>
	</player>

	<enemy>
		<race value='Zerg'/>
		<unitScore value='12200'/>
		<unitScore value='12200'/>
		<killScore value='19150'/>
		<buildingScore value='2310'/>
		<razingScore value='0'/>
		<mineralScore value='11226'/>
		<gasScore value='3568'/>
		<totalScore value='48454'/>
	</enemy>

	<scoreRatio value='1.57915'/>
	<timeFitness value='0.737917'/>
	<unitsAverage value='83'/>
</results>
