<results>
	<result value='loss'/>
	<start value='2015-05-09.01:14:38'/>
	<end value='2015-05-09.01:14:42'/>
	<frames value='7659'/>
	<gameDuration value='478'/>

	<player>
		<unitScore value='900'/>
		<killScore value='150'/>
		<buildingScore value='575'/>
		<razingScore value='0'/>
		<mineralScore value='1226'/>
		<gasScore value='56'/>
		<totalScore value='2907'/>
	</player>

	<enemy>
		<race value='Zerg'/>
		<unitScore value='1250'/>
		<unitScore value='1250'/>
		<killScore value='1700'/>
		<buildingScore value='780'/>
		<razingScore value='1725'/>
		<mineralScore value='2130'/>
		<gasScore value='40'/>
		<totalScore value='7625'/>
	</enemy>

	<scoreRatio value='0.381246'/>
	<timeFitness value='0.0663889'/>
	<unitsAverage value='9'/>
</results>
