<results>
	<result value='win'/>
	<start value='2015-05-09.01:29:35'/>
	<end value='2015-05-09.01:30:02'/>
	<frames value='23531'/>
	<gameDuration value='1470'/>

	<player>
		<unitScore value='10775'/>
		<killScore value='19290'/>
		<buildingScore value='2950'/>
		<razingScore value='5775'/>
		<mineralScore value='16010'/>
		<gasScore value='1800'/>
		<totalScore value='56600'/>
	</player>

	<enemy>
		<race value='Zerg'/>
		<unitScore value='9350'/>
		<unitScore value='9350'/>
		<killScore value='7500'/>
		<buildingScore value='1925'/>
		<razingScore value='0'/>
		<mineralScore value='9170'/>
		<gasScore value='2288'/>
		<totalScore value='30233'/>
	</enemy>

	<scoreRatio value='1.87213'/>
	<timeFitness value='0.795833'/>
	<unitsAverage value='68'/>
</results>
