<results>
	<result value='win'/>
	<start value='2015-04-08.07:50:31'/>
	<end value='2015-04-08.07:51:53'/>
	<frames value='49292'/>
	<gameDuration value='3080'/>

	<player>
		<unitScore value='20450'/>
		<killScore value='23800'/>
		<buildingScore value='4925'/>
		<razingScore value='22350'/>
		<mineralScore value='39314'/>
		<gasScore value='4912'/>
		<totalScore value='115751'/>
	</player>

	<enemy>
		<race value='Protoss'/>
		<unitScore value='12450'/>
		<unitScore value='12450'/>
		<killScore value='16900'/>
		<buildingScore value='7450'/>
		<razingScore value='150'/>
		<mineralScore value='18482'/>
		<gasScore value='4864'/>
		<totalScore value='60296'/>
	</enemy>

	<scoreRatio value='1.91971'/>
</results>
