<results>
	<result value='loss'/>
	<start value='2015-05-10.01:31:45'/>
	<end value='2015-05-10.01:32:27'/>
	<frames value='51927'/>
	<gameDuration value='3245'/>

	<player>
		<unitScore value='21100'/>
		<killScore value='42800'/>
		<buildingScore value='2575'/>
		<razingScore value='5475'/>
		<mineralScore value='24002'/>
		<gasScore value='5168'/>
		<totalScore value='101120'/>
	</player>

	<enemy>
		<race value='Protoss'/>
		<unitScore value='40350'/>
		<unitScore value='40350'/>
		<killScore value='42200'/>
		<buildingScore value='9275'/>
		<razingScore value='7725'/>
		<mineralScore value='36930'/>
		<gasScore value='11894'/>
		<totalScore value='148374'/>
	</enemy>

	<scoreRatio value='0.681521'/>
	<timeFitness value='0.450694'/>
	<unitsAverage value='85'/>
</results>
