<results>
	<result value='win'/>
	<start value='2015-05-08.13:12:07'/>
	<end value='2015-05-08.13:12:54'/>
	<frames value='44208'/>
	<gameDuration value='2763'/>

	<player>
		<unitScore value='21600'/>
		<killScore value='26800'/>
		<buildingScore value='5075'/>
		<razingScore value='11625'/>
		<mineralScore value='34606'/>
		<gasScore value='5896'/>
		<totalScore value='105602'/>
	</player>

	<enemy>
		<race value='Terran'/>
		<unitScore value='15350'/>
		<unitScore value='15350'/>
		<killScore value='21900'/>
		<buildingScore value='3875'/>
		<razingScore value='5400'/>
		<mineralScore value='13418'/>
		<gasScore value='6570'/>
		<totalScore value='66513'/>
	</enemy>

	<scoreRatio value='1.58769'/>
	<timeFitness value='0.61625'/>
	<unitsAverage value='93'/>
</results>
