<results>
	<result value='loss'/>
	<start value='2015-05-03.10:29:13'/>
	<end value='2015-05-03.10:29:22'/>
	<frames value='18385'/>
	<gameDuration value='1149'/>

	<player>
		<unitScore value='2750'/>
		<killScore value='500'/>
		<buildingScore value='2150'/>
		<razingScore value='0'/>
		<mineralScore value='5314'/>
		<gasScore value='0'/>
		<totalScore value='10714'/>
	</player>

	<enemy>
		<race value='Terran'/>
		<unitScore value='6975'/>
		<unitScore value='6975'/>
		<killScore value='5500'/>
		<buildingScore value='2900'/>
		<razingScore value='6450'/>
		<mineralScore value='8378'/>
		<gasScore value='2768'/>
		<totalScore value='32971'/>
	</enemy>

	<scoreRatio value='0.324952'/>
	<timeFitness value='0.159583'/>
	<unitsAverage value='20'/>
</results>
