<results>
	<result value='loss'/>
	<start value='2015-05-08.13:21:19'/>
	<end value='2015-05-08.13:21:56'/>
	<frames value='47060'/>
	<gameDuration value='2941'/>

	<player>
		<unitScore value='11700'/>
		<killScore value='19800'/>
		<buildingScore value='2450'/>
		<razingScore value='3225'/>
		<mineralScore value='23434'/>
		<gasScore value='552'/>
		<totalScore value='61161'/>
	</player>

	<enemy>
		<race value='Terran'/>
		<unitScore value='28450'/>
		<unitScore value='28450'/>
		<killScore value='23400'/>
		<buildingScore value='7050'/>
		<razingScore value='7350'/>
		<mineralScore value='24750'/>
		<gasScore value='15096'/>
		<totalScore value='106096'/>
	</enemy>

	<scoreRatio value='0.576468'/>
	<timeFitness value='0.408472'/>
	<unitsAverage value='61'/>
</results>
