<results>
	<result value='draw'/>
	<start value='2015-04-07.22:29:23'/>
	<end value='2015-04-07.22:30:08'/>
	<frames value='57601'/>
	<gameDuration value='3600'/>

	<player>
		<unitScore value='21325'/>
		<killScore value='25600'/>
		<buildingScore value='3175'/>
		<razingScore value='12825'/>
		<mineralScore value='24086'/>
		<gasScore value='4928'/>
		<totalScore value='91939'/>
	</player>

	<enemy>
		<race value='Protoss'/>
		<unitScore value='13925'/>
		<unitScore value='13925'/>
		<killScore value='38300'/>
		<buildingScore value='5725'/>
		<razingScore value='3000'/>
		<mineralScore value='18830'/>
		<gasScore value='4632'/>
		<totalScore value='84412'/>
	</enemy>

	<scoreRatio value='1.08917'/>
</results>
