<results>
	<result value='win'/>
	<start value='2014-07-22.21:12:44'/>
	<end value='2014-07-22.21:12:54'/>
	<frames value='16804'/>
	<gameDuration value='1050'/>

	<player>
		<unitScore value='6750'/>
		<killScore value='8700'/>
		<buildingScore value='2575'/>
		<razingScore value='3750'/>
		<mineralScore value='11778'/>
		<gasScore value='928'/>
		<totalScore value='34481'/>
	</player>

	<enemy>
		<race value='Terran'/>
		<unitScore value='4350'/>
		<unitScore value='4350'/>
		<killScore value='1950'/>
		<buildingScore value='1325'/>
		<razingScore value='0'/>
		<mineralScore value='7122'/>
		<gasScore value='1720'/>
		<totalScore value='16467'/>
	</enemy>

	<scoreRatio value='2.09395'/>
</results>
