<results>
	<result value='win'/>
	<start value='2015-04-27.22:07:18'/>
	<end value='2015-04-27.22:07:53'/>
	<frames value='39558'/>
	<gameDuration value='2472'/>

	<player>
		<unitScore value='21575'/>
		<killScore value='25050'/>
		<buildingScore value='5200'/>
		<razingScore value='13500'/>
		<mineralScore value='28238'/>
		<gasScore value='4360'/>
		<totalScore value='97923'/>
	</player>

	<enemy>
		<race value='Terran'/>
		<unitScore value='13325'/>
		<unitScore value='13325'/>
		<killScore value='19000'/>
		<buildingScore value='4500'/>
		<razingScore value='2250'/>
		<mineralScore value='13538'/>
		<gasScore value='6214'/>
		<totalScore value='58827'/>
	</enemy>

	<scoreRatio value='1.66459'/>
</results>
