<results>
	<result value='win'/>
	<start value='2015-05-05.18:52:27'/>
	<end value='2015-05-05.18:52:38'/>
	<frames value='16432'/>
	<gameDuration value='1027'/>

	<player>
		<unitScore value='5650'/>
		<killScore value='9400'/>
		<buildingScore value='2175'/>
		<razingScore value='3975'/>
		<mineralScore value='8650'/>
		<gasScore value='936'/>
		<totalScore value='30786'/>
	</player>

	<enemy>
		<race value='Terran'/>
		<unitScore value='4700'/>
		<unitScore value='4700'/>
		<killScore value='3300'/>
		<buildingScore value='1400'/>
		<razingScore value='1350'/>
		<mineralScore value='6914'/>
		<gasScore value='2008'/>
		<totalScore value='19672'/>
	</enemy>

	<scoreRatio value='1.56497'/>
	<timeFitness value='0.857361'/>
	<unitsAverage value='44'/>
</results>
