<results>
	<result value='win'/>
	<start value='2015-05-05.18:57:15'/>
	<end value='2015-05-05.18:57:37'/>
	<frames value='25701'/>
	<gameDuration value='1606'/>

	<player>
		<unitScore value='13050'/>
		<killScore value='22100'/>
		<buildingScore value='3325'/>
		<razingScore value='8550'/>
		<mineralScore value='19722'/>
		<gasScore value='2112'/>
		<totalScore value='68859'/>
	</player>

	<enemy>
		<race value='Terran'/>
		<unitScore value='11450'/>
		<unitScore value='11450'/>
		<killScore value='10100'/>
		<buildingScore value='2850'/>
		<razingScore value='150'/>
		<mineralScore value='11258'/>
		<gasScore value='4736'/>
		<totalScore value='40544'/>
	</enemy>

	<scoreRatio value='1.69838'/>
	<timeFitness value='0.776944'/>
	<unitsAverage value='71'/>
</results>
