<results>
	<result value='win'/>
	<start value='2015-05-05.18:58:05'/>
	<end value='2015-05-05.18:58:27'/>
	<frames value='25422'/>
	<gameDuration value='1588'/>

	<player>
		<unitScore value='12450'/>
		<killScore value='19300'/>
		<buildingScore value='3675'/>
		<razingScore value='8850'/>
		<mineralScore value='17918'/>
		<gasScore value='2176'/>
		<totalScore value='64369'/>
	</player>

	<enemy>
		<race value='Terran'/>
		<unitScore value='9650'/>
		<unitScore value='9650'/>
		<killScore value='7550'/>
		<buildingScore value='2950'/>
		<razingScore value='1350'/>
		<mineralScore value='10714'/>
		<gasScore value='3712'/>
		<totalScore value='35926'/>
	</enemy>

	<scoreRatio value='1.79171'/>
	<timeFitness value='0.779444'/>
	<unitsAverage value='67'/>
</results>
