<results>
	<result value='win'/>
	<start value='2014-07-23.01:38:04'/>
	<end value='2014-07-23.01:39:04'/>
	<frames value='43030'/>
	<gameDuration value='2689'/>

	<player>
		<unitScore value='31600'/>
		<killScore value='36100'/>
		<buildingScore value='4675'/>
		<razingScore value='19350'/>
		<mineralScore value='39778'/>
		<gasScore value='6038'/>
		<totalScore value='137541'/>
	</player>

	<enemy>
		<race value='Protoss'/>
		<unitScore value='21475'/>
		<unitScore value='21475'/>
		<killScore value='39300'/>
		<buildingScore value='6450'/>
		<razingScore value='1800'/>
		<mineralScore value='20154'/>
		<gasScore value='8096'/>
		<totalScore value='97275'/>
	</enemy>

	<scoreRatio value='1.41394'/>
</results>
