<results>
	<result value='loss'/>
	<start value='2015-03-29.08:47:00'/>
	<end value='2015-03-29.08:48:03'/>
	<frames value='50284'/>
	<gameDuration value='3142'/>

	<player>
		<unitScore value='23025'/>
		<killScore value='42900'/>
		<buildingScore value='2575'/>
		<razingScore value='4350'/>
		<mineralScore value='24018'/>
		<gasScore value='5014'/>
		<totalScore value='101882'/>
	</player>

	<enemy>
		<race value='Protoss'/>
		<unitScore value='37800'/>
		<unitScore value='37800'/>
		<killScore value='46150'/>
		<buildingScore value='8425'/>
		<razingScore value='7725'/>
		<mineralScore value='34026'/>
		<gasScore value='12374'/>
		<totalScore value='146500'/>
	</enemy>

	<scoreRatio value='0.69544'/>
</results>
