<results>
	<result value='draw'/>
	<start value='2015-03-29.08:48:07'/>
	<end value='2015-03-29.08:49:37'/>
	<frames value='57601'/>
	<gameDuration value='3600'/>

	<player>
		<unitScore value='29675'/>
		<killScore value='55950'/>
		<buildingScore value='3425'/>
		<razingScore value='6600'/>
		<mineralScore value='32394'/>
		<gasScore value='9432'/>
		<totalScore value='137476'/>
	</player>

	<enemy>
		<race value='Protoss'/>
		<unitScore value='33650'/>
		<unitScore value='33650'/>
		<killScore value='51150'/>
		<buildingScore value='7375'/>
		<razingScore value='0'/>
		<mineralScore value='30650'/>
		<gasScore value='10888'/>
		<totalScore value='133713'/>
	</enemy>

	<scoreRatio value='1.02814'/>
</results>
