<results>
	<result value='loss'/>
	<start value='2015-03-29.08:50:06'/>
	<end value='2015-03-29.08:50:16'/>
	<frames value='15285'/>
	<gameDuration value='955'/>

	<player>
		<unitScore value='3175'/>
		<killScore value='1000'/>
		<buildingScore value='1325'/>
		<razingScore value='0'/>
		<mineralScore value='4666'/>
		<gasScore value='592'/>
		<totalScore value='10758'/>
	</player>

	<enemy>
		<race value='Protoss'/>
		<unitScore value='3550'/>
		<unitScore value='3550'/>
		<killScore value='6350'/>
		<buildingScore value='2725'/>
		<razingScore value='3975'/>
		<mineralScore value='7882'/>
		<gasScore value='1208'/>
		<totalScore value='25690'/>
	</enemy>

	<scoreRatio value='0.418762'/>
</results>
