<results>
	<result value='win'/>
	<start value='2015-04-07.23:18:28'/>
	<end value='2015-04-07.23:19:12'/>
	<frames value='33575'/>
	<gameDuration value='2098'/>

	<player>
		<unitScore value='22700'/>
		<killScore value='26000'/>
		<buildingScore value='4225'/>
		<razingScore value='15075'/>
		<mineralScore value='39938'/>
		<gasScore value='3632'/>
		<totalScore value='111570'/>
	</player>

	<enemy>
		<race value='Protoss'/>
		<unitScore value='13625'/>
		<unitScore value='13625'/>
		<killScore value='23000'/>
		<buildingScore value='5025'/>
		<razingScore value='0'/>
		<mineralScore value='17222'/>
		<gasScore value='3128'/>
		<totalScore value='62000'/>
	</enemy>

	<scoreRatio value='1.79952'/>
</results>
