<results>
	<result value='loss'/>
	<start value='2015-05-03.01:13:20'/>
	<end value='2015-05-03.01:13:40'/>
	<frames value='39031'/>
	<gameDuration value='2439'/>

	<player>
		<unitScore value='11625'/>
		<killScore value='13400'/>
		<buildingScore value='2400'/>
		<razingScore value='750'/>
		<mineralScore value='19066'/>
		<gasScore value='3112'/>
		<totalScore value='50353'/>
	</player>

	<enemy>
		<race value='Protoss'/>
		<unitScore value='25775'/>
		<unitScore value='25775'/>
		<killScore value='22300'/>
		<buildingScore value='7325'/>
		<razingScore value='7200'/>
		<mineralScore value='27414'/>
		<gasScore value='9910'/>
		<totalScore value='99924'/>
	</enemy>

	<scoreRatio value='0.503913'/>
	<timeFitness value='0.33875'/>
	<unitsAverage value='51'/>
</results>
