<results>
	<result value='loss'/>
	<start value='2015-05-03.01:13:56'/>
	<end value='2015-05-03.01:14:09'/>
	<frames value='28150'/>
	<gameDuration value='1759'/>

	<player>
		<unitScore value='6025'/>
		<killScore value='3400'/>
		<buildingScore value='1900'/>
		<razingScore value='0'/>
		<mineralScore value='7562'/>
		<gasScore value='752'/>
		<totalScore value='19639'/>
	</player>

	<enemy>
		<race value='Protoss'/>
		<unitScore value='13050'/>
		<unitScore value='13050'/>
		<killScore value='12050'/>
		<buildingScore value='6875'/>
		<razingScore value='5700'/>
		<mineralScore value='18418'/>
		<gasScore value='6208'/>
		<totalScore value='62301'/>
	</enemy>

	<scoreRatio value='0.315228'/>
	<timeFitness value='0.244306'/>
	<unitsAverage value='22'/>
</results>
