<results>
	<result value='loss'/>
	<start value='2015-05-03.01:14:31'/>
	<end value='2015-05-03.01:14:38'/>
	<frames value='17269'/>
	<gameDuration value='1079'/>

	<player>
		<unitScore value='3475'/>
		<killScore value='2000'/>
		<buildingScore value='1950'/>
		<razingScore value='0'/>
		<mineralScore value='5474'/>
		<gasScore value='712'/>
		<totalScore value='13611'/>
	</player>

	<enemy>
		<race value='Protoss'/>
		<unitScore value='4100'/>
		<unitScore value='4100'/>
		<killScore value='6950'/>
		<buildingScore value='4175'/>
		<razingScore value='5850'/>
		<mineralScore value='9282'/>
		<gasScore value='1816'/>
		<totalScore value='32173'/>
	</enemy>

	<scoreRatio value='0.423057'/>
	<timeFitness value='0.149861'/>
	<unitsAverage value='23'/>
</results>
