<results>
	<result value='loss'/>
	<start value='2015-05-06.12:37:26'/>
	<end value='2015-05-06.12:37:35'/>
	<frames value='11503'/>
	<gameDuration value='718'/>

	<player>
		<unitScore value='1425'/>
		<killScore value='200'/>
		<buildingScore value='850'/>
		<razingScore value='0'/>
		<mineralScore value='3402'/>
		<gasScore value='632'/>
		<totalScore value='6509'/>
	</player>

	<enemy>
		<race value='Protoss'/>
		<unitScore value='3250'/>
		<unitScore value='3250'/>
		<killScore value='2850'/>
		<buildingScore value='1425'/>
		<razingScore value='2550'/>
		<mineralScore value='5666'/>
		<gasScore value='992'/>
		<totalScore value='16733'/>
	</enemy>

	<scoreRatio value='0.388992'/>
	<timeFitness value='0.0997222'/>
	<unitsAverage value='17'/>
</results>
