<results>
	<result value='loss'/>
	<start value='2015-05-06.12:41:44'/>
	<end value='2015-05-06.12:42:48'/>
	<frames value='47463'/>
	<gameDuration value='2966'/>

	<player>
		<unitScore value='22400'/>
		<killScore value='38950'/>
		<buildingScore value='2525'/>
		<razingScore value='300'/>
		<mineralScore value='23994'/>
		<gasScore value='3144'/>
		<totalScore value='91313'/>
	</player>

	<enemy>
		<race value='Protoss'/>
		<unitScore value='40150'/>
		<unitScore value='40150'/>
		<killScore value='44900'/>
		<buildingScore value='7575'/>
		<razingScore value='7575'/>
		<mineralScore value='33362'/>
		<gasScore value='13468'/>
		<totalScore value='147030'/>
	</enemy>

	<scoreRatio value='0.62105'/>
	<timeFitness value='0.411944'/>
	<unitsAverage value='68'/>
</results>
