<results>
	<result value='loss'/>
	<start value='2015-05-06.12:50:36'/>
	<end value='2015-05-06.12:51:19'/>
	<frames value='37481'/>
	<gameDuration value='2342'/>

	<player>
		<unitScore value='11175'/>
		<killScore value='20950'/>
		<buildingScore value='2850'/>
		<razingScore value='300'/>
		<mineralScore value='18282'/>
		<gasScore value='3536'/>
		<totalScore value='57093'/>
	</player>

	<enemy>
		<race value='Protoss'/>
		<unitScore value='25650'/>
		<unitScore value='25650'/>
		<killScore value='22100'/>
		<buildingScore value='7225'/>
		<razingScore value='8550'/>
		<mineralScore value='25930'/>
		<gasScore value='10196'/>
		<totalScore value='99651'/>
	</enemy>

	<scoreRatio value='0.57293'/>
	<timeFitness value='0.325278'/>
	<unitsAverage value='47'/>
</results>
