<results>
	<result value='win'/>
	<start value='2015-04-11.09:45:30'/>
	<end value='2015-04-11.09:46:16'/>
	<frames value='27282'/>
	<gameDuration value='1705'/>

	<player>
		<unitScore value='13725'/>
		<killScore value='11400'/>
		<buildingScore value='3900'/>
		<razingScore value='13275'/>
		<mineralScore value='22298'/>
		<gasScore value='3152'/>
		<totalScore value='67750'/>
	</player>

	<enemy>
		<race value='Protoss'/>
		<unitScore value='5700'/>
		<unitScore value='5700'/>
		<killScore value='8150'/>
		<buildingScore value='4425'/>
		<razingScore value='300'/>
		<mineralScore value='11498'/>
		<gasScore value='2616'/>
		<totalScore value='32689'/>
	</enemy>

	<scoreRatio value='2.07256'/>
</results>
