<results>
	<result value='loss'/>
	<start value='2015-04-11.09:48:21'/>
	<end value='2015-04-11.09:48:39'/>
	<frames value='18478'/>
	<gameDuration value='1154'/>

	<player>
		<unitScore value='4475'/>
		<killScore value='1600'/>
		<buildingScore value='1975'/>
		<razingScore value='0'/>
		<mineralScore value='6970'/>
		<gasScore value='1104'/>
		<totalScore value='16124'/>
	</player>

	<enemy>
		<race value='Protoss'/>
		<unitScore value='5625'/>
		<unitScore value='5625'/>
		<killScore value='8950'/>
		<buildingScore value='3775'/>
		<razingScore value='5925'/>
		<mineralScore value='9458'/>
		<gasScore value='2608'/>
		<totalScore value='36341'/>
	</enemy>

	<scoreRatio value='0.443686'/>
</results>
