<results>
	<result value='loss'/>
	<start value='2015-04-11.09:54:43'/>
	<end value='2015-04-11.09:55:08'/>
	<frames value='27685'/>
	<gameDuration value='1730'/>

	<player>
		<unitScore value='3100'/>
		<killScore value='4600'/>
		<buildingScore value='1575'/>
		<razingScore value='0'/>
		<mineralScore value='4354'/>
		<gasScore value='408'/>
		<totalScore value='14037'/>
	</player>

	<enemy>
		<race value='Protoss'/>
		<unitScore value='12650'/>
		<unitScore value='12650'/>
		<killScore value='6200'/>
		<buildingScore value='6875'/>
		<razingScore value='4725'/>
		<mineralScore value='17082'/>
		<gasScore value='6176'/>
		<totalScore value='53708'/>
	</enemy>

	<scoreRatio value='0.261358'/>
</results>
