<results>
	<result value='win'/>
	<start value='2015-05-05.22:28:02'/>
	<end value='2015-05-05.22:29:20'/>
	<frames value='42906'/>
	<gameDuration value='2681'/>

	<player>
		<unitScore value='23575'/>
		<killScore value='28545'/>
		<buildingScore value='5850'/>
		<razingScore value='9945'/>
		<mineralScore value='32702'/>
		<gasScore value='5000'/>
		<totalScore value='105617'/>
	</player>

	<enemy>
		<race value='Zerg'/>
		<unitScore value='14350'/>
		<unitScore value='14350'/>
		<killScore value='22950'/>
		<buildingScore value='3315'/>
		<razingScore value='2025'/>
		<mineralScore value='14714'/>
		<gasScore value='4616'/>
		<totalScore value='61970'/>
	</enemy>

	<scoreRatio value='1.70432'/>
	<timeFitness value='0.627639'/>
	<unitsAverage value='121'/>
</results>
