<results>
	<result value='win'/>
	<start value='2015-05-05.22:58:46'/>
	<end value='2015-05-05.22:59:12'/>
	<frames value='23810'/>
	<gameDuration value='1488'/>

	<player>
		<unitScore value='14350'/>
		<killScore value='21370'/>
		<buildingScore value='3625'/>
		<razingScore value='6180'/>
		<mineralScore value='18978'/>
		<gasScore value='1416'/>
		<totalScore value='65919'/>
	</player>

	<enemy>
		<race value='Zerg'/>
		<unitScore value='9700'/>
		<unitScore value='9700'/>
		<killScore value='11100'/>
		<buildingScore value='2060'/>
		<razingScore value='0'/>
		<mineralScore value='10298'/>
		<gasScore value='3216'/>
		<totalScore value='36374'/>
	</enemy>

	<scoreRatio value='1.81226'/>
	<timeFitness value='0.793333'/>
	<unitsAverage value='77'/>
</results>
