<results>
	<result value='loss'/>
	<start value='2015-04-12.04:04:24'/>
	<end value='2015-04-12.04:05:24'/>
	<frames value='30227'/>
	<gameDuration value='1889'/>

	<player>
		<unitScore value='14350'/>
		<killScore value='7000'/>
		<buildingScore value='3750'/>
		<razingScore value='525'/>
		<mineralScore value='17646'/>
		<gasScore value='1488'/>
		<totalScore value='44759'/>
	</player>

	<enemy>
		<race value='Protoss'/>
		<unitScore value='14850'/>
		<unitScore value='14850'/>
		<killScore value='21100'/>
		<buildingScore value='7000'/>
		<razingScore value='11400'/>
		<mineralScore value='22806'/>
		<gasScore value='6736'/>
		<totalScore value='83892'/>
	</enemy>

	<scoreRatio value='0.533531'/>
</results>
