<results>
	<result value='draw'/>
	<start value='2015-07-13.06:59:38'/>
	<end value='2015-07-13.07:01:10'/>
	<frames value='57601'/>
	<gameDuration value='3600'/>

	<player>
		<unitScore value='38375'/>
		<killScore value='32650'/>
		<buildingScore value='3500'/>
		<razingScore value='300'/>
		<mineralScore value='33490'/>
		<gasScore value='5312'/>
		<totalScore value='113627'/>
	</player>

	<enemy>
		<race value='Protoss'/>
		<unitScore value='34850'/>
		<killScore value='63600'/>
		<buildingScore value='7125'/>
		<razingScore value='3825'/>
		<mineralScore value='29410'/>
		<gasScore value='15836'/>
		<totalScore value='154646'/>
	</enemy>

	<scoreRatio value='0.734756'/>
	<timeFitness value='0.5'/>
	<unitsAverage value='118'/>
</results>
