<results>
	<result value='win'/>
	<start value='2015-05-10.15:15:10'/>
	<end value='2015-05-10.15:15:43'/>
	<frames value='27840'/>
	<gameDuration value='1740'/>

	<player>
		<unitScore value='18500'/>
		<killScore value='35550'/>
		<buildingScore value='4550'/>
		<razingScore value='3660'/>
		<mineralScore value='30266'/>
		<gasScore value='3120'/>
		<totalScore value='95646'/>
	</player>

	<enemy>
		<race value='Zerg'/>
		<unitScore value='14675'/>
		<unitScore value='14675'/>
		<killScore value='14850'/>
		<buildingScore value='1220'/>
		<razingScore value='0'/>
		<mineralScore value='11826'/>
		<gasScore value='3752'/>
		<totalScore value='46323'/>
	</enemy>

	<scoreRatio value='2.06476'/>
	<timeFitness value='0.758333'/>
	<unitsAverage value='109'/>
</results>
