<results>
	<result value='win'/>
	<start value='2015-05-03.13:29:04'/>
	<end value='2015-05-03.13:29:35'/>
	<frames value='28677'/>
	<gameDuration value='1792'/>

	<player>
		<unitScore value='17700'/>
		<killScore value='31085'/>
		<buildingScore value='3150'/>
		<razingScore value='7215'/>
		<mineralScore value='26514'/>
		<gasScore value='3248'/>
		<totalScore value='88912'/>
	</player>

	<enemy>
		<race value='Zerg'/>
		<unitScore value='14075'/>
		<unitScore value='14075'/>
		<killScore value='16400'/>
		<buildingScore value='2405'/>
		<razingScore value='0'/>
		<mineralScore value='14450'/>
		<gasScore value='4000'/>
		<totalScore value='51330'/>
	</enemy>

	<scoreRatio value='1.73216'/>
	<timeFitness value='0.751111'/>
	<unitsAverage value='95'/>
</results>
