<results>
	<result value='win'/>
	<start value='2015-05-10.15:16:09'/>
	<end value='2015-05-10.15:16:40'/>
	<frames value='30351'/>
	<gameDuration value='1896'/>

	<player>
		<unitScore value='16925'/>
		<killScore value='29765'/>
		<buildingScore value='3775'/>
		<razingScore value='5940'/>
		<mineralScore value='27842'/>
		<gasScore value='2800'/>
		<totalScore value='87047'/>
	</player>

	<enemy>
		<race value='Zerg'/>
		<unitScore value='13125'/>
		<unitScore value='13125'/>
		<killScore value='15000'/>
		<buildingScore value='1980'/>
		<razingScore value='0'/>
		<mineralScore value='12170'/>
		<gasScore value='3656'/>
		<totalScore value='45931'/>
	</enemy>

	<scoreRatio value='1.89517'/>
	<timeFitness value='0.736667'/>
	<unitsAverage value='89'/>
</results>
