<results>
	<result value='win'/>
	<start value='2015-05-10.15:17:39'/>
	<end value='2015-05-10.15:18:04'/>
	<frames value='29297'/>
	<gameDuration value='1831'/>

	<player>
		<unitScore value='16150'/>
		<killScore value='34825'/>
		<buildingScore value='2875'/>
		<razingScore value='7635'/>
		<mineralScore value='19542'/>
		<gasScore value='1824'/>
		<totalScore value='82851'/>
	</player>

	<enemy>
		<race value='Zerg'/>
		<unitScore value='14950'/>
		<unitScore value='14950'/>
		<killScore value='18250'/>
		<buildingScore value='2545'/>
		<razingScore value='0'/>
		<mineralScore value='14298'/>
		<gasScore value='4472'/>
		<totalScore value='54515'/>
	</enemy>

	<scoreRatio value='1.51978'/>
	<timeFitness value='0.745694'/>
	<unitsAverage value='74'/>
</results>
