<results>
	<result value='win'/>
	<start value='2015-05-03.13:40:59'/>
	<end value='2015-05-03.13:41:31'/>
	<frames value='29638'/>
	<gameDuration value='1852'/>

	<player>
		<unitScore value='19475'/>
		<killScore value='25580'/>
		<buildingScore value='4025'/>
		<razingScore value='7155'/>
		<mineralScore value='30650'/>
		<gasScore value='2472'/>
		<totalScore value='89357'/>
	</player>

	<enemy>
		<race value='Zerg'/>
		<unitScore value='11825'/>
		<unitScore value='11825'/>
		<killScore value='16050'/>
		<buildingScore value='2385'/>
		<razingScore value='0'/>
		<mineralScore value='12482'/>
		<gasScore value='4400'/>
		<totalScore value='47142'/>
	</enemy>

	<scoreRatio value='1.89549'/>
	<timeFitness value='0.742778'/>
	<unitsAverage value='111'/>
</results>
