<results>
	<result value='loss'/>
	<start value='2015-04-29.10:12:37'/>
	<end value='2015-04-29.10:12:49'/>
	<frames value='27623'/>
	<gameDuration value='1726'/>

	<player>
		<unitScore value='6600'/>
		<killScore value='3500'/>
		<buildingScore value='1925'/>
		<razingScore value='0'/>
		<mineralScore value='9026'/>
		<gasScore value='1576'/>
		<totalScore value='22627'/>
	</player>

	<enemy>
		<race value='Protoss'/>
		<unitScore value='11775'/>
		<unitScore value='11775'/>
		<killScore value='13200'/>
		<buildingScore value='6575'/>
		<razingScore value='5775'/>
		<mineralScore value='16518'/>
		<gasScore value='5952'/>
		<totalScore value='59795'/>
	</enemy>

	<scoreRatio value='0.37841'/>
	<timeFitness value='0.239722'/>
	<unitsAverage value='29'/>
</results>
