<results>
	<result value='win'/>
	<start value='2015-04-29.10:22:08'/>
	<end value='2015-04-29.10:22:40'/>
	<frames value='33203'/>
	<gameDuration value='2075'/>

	<player>
		<unitScore value='19650'/>
		<killScore value='24850'/>
		<buildingScore value='4075'/>
		<razingScore value='17325'/>
		<mineralScore value='25866'/>
		<gasScore value='3232'/>
		<totalScore value='94998'/>
	</player>

	<enemy>
		<race value='Protoss'/>
		<unitScore value='13000'/>
		<unitScore value='13000'/>
		<killScore value='16500'/>
		<buildingScore value='5775'/>
		<razingScore value='300'/>
		<mineralScore value='15538'/>
		<gasScore value='4744'/>
		<totalScore value='55857'/>
	</enemy>

	<scoreRatio value='1.70074'/>
	<timeFitness value='0.711806'/>
	<unitsAverage value='98'/>
</results>
