<results>
	<result value='loss'/>
	<start value='2015-07-13.21:23:54'/>
	<end value='2015-07-13.21:24:13'/>
	<frames value='23748'/>
	<gameDuration value='1484'/>

	<player>
		<unitScore value='8450'/>
		<killScore value='1600'/>
		<buildingScore value='1925'/>
		<razingScore value='0'/>
		<mineralScore value='7322'/>
		<gasScore value='1912'/>
		<totalScore value='21209'/>
	</player>

	<enemy>
		<race value='Protoss'/>
		<unitScore value='9475'/>
		<killScore value='15600'/>
		<buildingScore value='7100'/>
		<razingScore value='5775'/>
		<mineralScore value='17770'/>
		<gasScore value='4584'/>
		<totalScore value='60304'/>
	</enemy>

	<scoreRatio value='0.351701'/>
	<timeFitness value='0.206111'/>
	<unitsAverage value='32'/>
</results>
