<results>
	<result value='win'/>
	<start value='2015-05-07.21:36:30'/>
	<end value='2015-05-07.21:37:14'/>
	<frames value='30630'/>
	<gameDuration value='1914'/>

	<player>
		<unitScore value='19800'/>
		<killScore value='33700'/>
		<buildingScore value='4525'/>
		<razingScore value='7140'/>
		<mineralScore value='29902'/>
		<gasScore value='2952'/>
		<totalScore value='98019'/>
	</player>

	<enemy>
		<race value='Zerg'/>
		<unitScore value='14525'/>
		<unitScore value='14525'/>
		<killScore value='16750'/>
		<buildingScore value='2380'/>
		<razingScore value='0'/>
		<mineralScore value='14082'/>
		<gasScore value='4352'/>
		<totalScore value='52089'/>
	</enemy>

	<scoreRatio value='1.88176'/>
	<timeFitness value='0.734167'/>
	<unitsAverage value='113'/>
</results>
