<results>
	<result value='win'/>
	<start value='2015-05-07.21:38:47'/>
	<end value='2015-05-07.21:39:14'/>
	<frames value='24585'/>
	<gameDuration value='1536'/>

	<player>
		<unitScore value='13550'/>
		<killScore value='18180'/>
		<buildingScore value='4825'/>
		<razingScore value='4800'/>
		<mineralScore value='22702'/>
		<gasScore value='2632'/>
		<totalScore value='66689'/>
	</player>

	<enemy>
		<race value='Zerg'/>
		<unitScore value='8575'/>
		<unitScore value='8575'/>
		<killScore value='9300'/>
		<buildingScore value='1600'/>
		<razingScore value='0'/>
		<mineralScore value='8490'/>
		<gasScore value='2368'/>
		<totalScore value='30333'/>
	</enemy>

	<scoreRatio value='2.19856'/>
	<timeFitness value='0.786667'/>
	<unitsAverage value='87'/>
</results>
