<results>
	<result value='win'/>
	<start value='2015-05-07.22:09:56'/>
	<end value='2015-05-07.22:10:39'/>
	<frames value='30537'/>
	<gameDuration value='1908'/>

	<player>
		<unitScore value='20825'/>
		<killScore value='26255'/>
		<buildingScore value='4725'/>
		<razingScore value='5820'/>
		<mineralScore value='31478'/>
		<gasScore value='3840'/>
		<totalScore value='92943'/>
	</player>

	<enemy>
		<race value='Zerg'/>
		<unitScore value='11725'/>
		<unitScore value='11725'/>
		<killScore value='19500'/>
		<buildingScore value='1940'/>
		<razingScore value='1500'/>
		<mineralScore value='11186'/>
		<gasScore value='3272'/>
		<totalScore value='49123'/>
	</enemy>

	<scoreRatio value='1.89205'/>
	<timeFitness value='0.735'/>
	<unitsAverage value='107'/>
</results>
