<results>
	<result value='win'/>
	<start value='2015-05-07.22:16:29'/>
	<end value='2015-05-07.22:17:28'/>
	<frames value='41387'/>
	<gameDuration value='2586'/>

	<player>
		<unitScore value='28350'/>
		<killScore value='60275'/>
		<buildingScore value='3525'/>
		<razingScore value='6735'/>
		<mineralScore value='35550'/>
		<gasScore value='5208'/>
		<totalScore value='139643'/>
	</player>

	<enemy>
		<race value='Zerg'/>
		<unitScore value='25825'/>
		<unitScore value='25825'/>
		<killScore value='42400'/>
		<buildingScore value='2245'/>
		<razingScore value='150'/>
		<mineralScore value='20158'/>
		<gasScore value='6756'/>
		<totalScore value='97534'/>
	</enemy>

	<scoreRatio value='1.43174'/>
	<timeFitness value='0.640833'/>
	<unitsAverage value='117'/>
</results>
