<results>
	<result value='win'/>
	<start value='2014-07-04.04:22:27'/>
	<end value='2014-07-04.04:23:02'/>
	<frames value='32831'/>
	<gameDuration value='2051'/>

	<player>
		<unitScore value='18500'/>
		<killScore value='27850'/>
		<buildingScore value='3825'/>
		<razingScore value='18975'/>
		<mineralScore value='27330'/>
		<gasScore value='3360'/>
		<totalScore value='99840'/>
	</player>

	<enemy>
		<race value='Protoss'/>
		<unitScore value='15425'/>
		<unitScore value='15425'/>
		<killScore value='16400'/>
		<buildingScore value='6325'/>
		<razingScore value='0'/>
		<mineralScore value='18058'/>
		<gasScore value='5760'/>
		<totalScore value='61968'/>
	</enemy>

	<scoreRatio value='1.61115'/>
</results>
