<results>
	<result value='win'/>
	<start value='2014-07-23.03:34:47'/>
	<end value='2014-07-23.03:35:31'/>
	<frames value='34505'/>
	<gameDuration value='2156'/>

	<player>
		<unitScore value='20500'/>
		<killScore value='31610'/>
		<buildingScore value='4325'/>
		<razingScore value='8895'/>
		<mineralScore value='36862'/>
		<gasScore value='3960'/>
		<totalScore value='106152'/>
	</player>

	<enemy>
		<race value='Zerg'/>
		<unitScore value='14475'/>
		<unitScore value='14475'/>
		<killScore value='14550'/>
		<buildingScore value='2965'/>
		<razingScore value='300'/>
		<mineralScore value='14730'/>
		<gasScore value='4888'/>
		<totalScore value='51908'/>
	</enemy>

	<scoreRatio value='2.045'/>
</results>
