<results>
	<result value='draw'/>
	<start value='2014-07-23.03:37:03'/>
	<end value='2014-07-23.03:38:35'/>
	<frames value='57601'/>
	<gameDuration value='3600'/>

	<player>
		<unitScore value='28550'/>
		<killScore value='50230'/>
		<buildingScore value='4400'/>
		<razingScore value='9435'/>
		<mineralScore value='38862'/>
		<gasScore value='9158'/>
		<totalScore value='140635'/>
	</player>

	<enemy>
		<race value='Zerg'/>
		<unitScore value='26200'/>
		<unitScore value='26200'/>
		<killScore value='33350'/>
		<buildingScore value='3600'/>
		<razingScore value='225'/>
		<mineralScore value='24182'/>
		<gasScore value='9772'/>
		<totalScore value='97329'/>
	</enemy>

	<scoreRatio value='1.44494'/>
</results>
