<results>
	<result value='draw'/>
	<start value='2015-07-18.04:02:17'/>
	<end value='2015-07-18.04:04:26'/>
	<frames value='57601'/>
	<gameDuration value='3600'/>

	<player>
		<unitScore value='35400'/>
		<killScore value='26950'/>
		<buildingScore value='3375'/>
		<razingScore value='2850'/>
		<mineralScore value='28382'/>
		<gasScore value='7646'/>
		<totalScore value='104603'/>
	</player>

	<enemy>
		<race value='Protoss'/>
		<unitScore value='32675'/>
		<killScore value='59000'/>
		<buildingScore value='7225'/>
		<razingScore value='2775'/>
		<mineralScore value='31534'/>
		<gasScore value='11610'/>
		<totalScore value='144819'/>
	</enemy>

	<scoreRatio value='0.722302'/>
	<timeFitness value='0.5'/>
	<unitsAverage value='107'/>
</results>
