<results>
	<result value='loss'/>
	<start value='2015-07-21.13:50:40'/>
	<end value='2015-07-21.13:51:22'/>
	<frames value='37667'/>
	<gameDuration value='2354'/>

	<player>
		<unitScore value='20650'/>
		<killScore value='26950'/>
		<buildingScore value='3150'/>
		<razingScore value='0'/>
		<mineralScore value='29674'/>
		<gasScore value='2184'/>
		<totalScore value='82608'/>
	</player>

	<enemy>
		<race value='Zerg'/>
		<unitScore value='23450'/>
		<killScore value='41100'/>
		<buildingScore value='4125'/>
		<razingScore value='9450'/>
		<mineralScore value='22354'/>
		<gasScore value='8006'/>
		<totalScore value='108485'/>
	</enemy>

	<scoreRatio value='0.761469'/>
	<timeFitness value='0.326944'/>
	<unitsAverage value='62'/>
</results>
