<results>
	<result value='draw'/>
	<start value='2015-07-21.14:13:31'/>
	<end value='2015-07-21.14:16:02'/>
	<frames value='57601'/>
	<gameDuration value='3600'/>

	<player>
		<unitScore value='43050'/>
		<killScore value='26775'/>
		<buildingScore value='4150'/>
		<razingScore value='0'/>
		<mineralScore value='43470'/>
		<gasScore value='10144'/>
		<totalScore value='127589'/>
	</player>

	<enemy>
		<race value='Zerg'/>
		<unitScore value='27150'/>
		<killScore value='69700'/>
		<buildingScore value='3480'/>
		<razingScore value='5775'/>
		<mineralScore value='19542'/>
		<gasScore value='11832'/>
		<totalScore value='137479'/>
	</enemy>

	<scoreRatio value='0.928062'/>
	<timeFitness value='0.5'/>
	<unitsAverage value='150'/>
</results>
