<results>
	<result value='loss'/>
	<start value='2015-04-08.15:48:11'/>
	<end value='2015-04-08.15:48:55'/>
	<frames value='51090'/>
	<gameDuration value='3193'/>

	<player>
		<unitScore value='26000'/>
		<killScore value='41950'/>
		<buildingScore value='2800'/>
		<razingScore value='600'/>
		<mineralScore value='27370'/>
		<gasScore value='3480'/>
		<totalScore value='102200'/>
	</player>

	<enemy>
		<race value='Protoss'/>
		<unitScore value='37475'/>
		<unitScore value='37475'/>
		<killScore value='52100'/>
		<buildingScore value='7025'/>
		<razingScore value='8400'/>
		<mineralScore value='31458'/>
		<gasScore value='11240'/>
		<totalScore value='147698'/>
	</enemy>

	<scoreRatio value='0.691953'/>
</results>
