<results>
	<result value='win'/>
	<start value='2015-04-28.19:50:58'/>
	<end value='2015-04-28.19:52:19'/>
	<frames value='56856'/>
	<gameDuration value='3553'/>

	<player>
		<unitScore value='32575'/>
		<killScore value='42150'/>
		<buildingScore value='3750'/>
		<razingScore value='10470'/>
		<mineralScore value='35926'/>
		<gasScore value='4664'/>
		<totalScore value='129535'/>
	</player>

	<enemy>
		<race value='Zerg'/>
		<unitScore value='21900'/>
		<unitScore value='21900'/>
		<killScore value='42400'/>
		<buildingScore value='3490'/>
		<razingScore value='525'/>
		<mineralScore value='20098'/>
		<gasScore value='7352'/>
		<totalScore value='95765'/>
	</enemy>

	<scoreRatio value='1.35263'/>
</results>
