<results>
	<result value='draw'/>
	<start value='2015-07-17.12:39:36'/>
	<end value='2015-07-17.12:42:10'/>
	<frames value='57601'/>
	<gameDuration value='3600'/>

	<player>
		<unitScore value='25725'/>
		<killScore value='15900'/>
		<buildingScore value='4850'/>
		<razingScore value='450'/>
		<mineralScore value='51018'/>
		<gasScore value='9766'/>
		<totalScore value='107709'/>
	</player>

	<enemy>
		<race value='Terran'/>
		<unitScore value='14200'/>
		<killScore value='27550'/>
		<buildingScore value='2050'/>
		<razingScore value='600'/>
		<mineralScore value='12042'/>
		<gasScore value='5884'/>
		<totalScore value='62326'/>
	</enemy>

	<scoreRatio value='1.72816'/>
	<timeFitness value='0.5'/>
	<unitsAverage value='166'/>
</results>
