<results>
	<result value='win'/>
	<start value='2015-05-01.17:42:03'/>
	<end value='2015-05-01.17:43:12'/>
	<frames value='37202'/>
	<gameDuration value='2325'/>

	<player>
		<unitScore value='19500'/>
		<killScore value='27010'/>
		<buildingScore value='5025'/>
		<razingScore value='3660'/>
		<mineralScore value='36762'/>
		<gasScore value='3272'/>
		<totalScore value='95229'/>
	</player>

	<enemy>
		<race value='Zerg'/>
		<unitScore value='11600'/>
		<unitScore value='11600'/>
		<killScore value='15250'/>
		<buildingScore value='1220'/>
		<razingScore value='0'/>
		<mineralScore value='10122'/>
		<gasScore value='2752'/>
		<totalScore value='40944'/>
	</enemy>

	<scoreRatio value='2.32584'/>
	<timeFitness value='0.677083'/>
	<unitsAverage value='138'/>
</results>
