<results>
	<result value='loss'/>
	<start value='2015-07-17.21:55:00'/>
	<end value='2015-07-17.21:55:26'/>
	<frames value='20648'/>
	<gameDuration value='1290'/>

	<player>
		<unitScore value='8150'/>
		<killScore value='3000'/>
		<buildingScore value='1750'/>
		<razingScore value='0'/>
		<mineralScore value='10138'/>
		<gasScore value='1744'/>
		<totalScore value='24782'/>
	</player>

	<enemy>
		<race value='Terran'/>
		<unitScore value='7500'/>
		<killScore value='16300'/>
		<buildingScore value='2350'/>
		<razingScore value='5250'/>
		<mineralScore value='9602'/>
		<gasScore value='3240'/>
		<totalScore value='44242'/>
	</enemy>

	<scoreRatio value='0.560146'/>
	<timeFitness value='0.179167'/>
	<unitsAverage value='39'/>
</results>
