<results>
	<result value='loss'/>
	<start value='2015-05-10.16:02:02'/>
	<end value='2015-05-10.16:02:47'/>
	<frames value='51710'/>
	<gameDuration value='3231'/>

	<player>
		<unitScore value='22300'/>
		<killScore value='34300'/>
		<buildingScore value='2225'/>
		<razingScore value='3675'/>
		<mineralScore value='24106'/>
		<gasScore value='4888'/>
		<totalScore value='91494'/>
	</player>

	<enemy>
		<race value='Protoss'/>
		<unitScore value='33025'/>
		<unitScore value='33025'/>
		<killScore value='44600'/>
		<buildingScore value='8175'/>
		<razingScore value='6675'/>
		<mineralScore value='37486'/>
		<gasScore value='10756'/>
		<totalScore value='140717'/>
	</enemy>

	<scoreRatio value='0.650199'/>
	<timeFitness value='0.44875'/>
	<unitsAverage value='78'/>
</results>
