<results>
	<result value='loss'/>
	<start value='2015-05-10.16:13:54'/>
	<end value='2015-05-10.16:14:49'/>
	<frames value='51524'/>
	<gameDuration value='3220'/>

	<player>
		<unitScore value='30025'/>
		<killScore value='47700'/>
		<buildingScore value='3525'/>
		<razingScore value='1050'/>
		<mineralScore value='31598'/>
		<gasScore value='6720'/>
		<totalScore value='120618'/>
	</player>

	<enemy>
		<race value='Protoss'/>
		<unitScore value='37700'/>
		<unitScore value='37700'/>
		<killScore value='60050'/>
		<buildingScore value='6375'/>
		<razingScore value='10575'/>
		<mineralScore value='31446'/>
		<gasScore value='11082'/>
		<totalScore value='157228'/>
	</enemy>

	<scoreRatio value='0.767153'/>
	<timeFitness value='0.447222'/>
	<unitsAverage value='101'/>
</results>
