<results>
	<result value='loss'/>
	<start value='2015-04-26.15:24:48'/>
	<end value='2015-04-26.15:24:58'/>
	<frames value='18354'/>
	<gameDuration value='1147'/>

	<player>
		<unitScore value='3425'/>
		<killScore value='2500'/>
		<buildingScore value='1500'/>
		<razingScore value='0'/>
		<mineralScore value='5002'/>
		<gasScore value='864'/>
		<totalScore value='13291'/>
	</player>

	<enemy>
		<race value='Terran'/>
		<unitScore value='6750'/>
		<unitScore value='6750'/>
		<killScore value='6850'/>
		<buildingScore value='2850'/>
		<razingScore value='4500'/>
		<mineralScore value='8410'/>
		<gasScore value='2960'/>
		<totalScore value='32320'/>
	</enemy>

	<scoreRatio value='0.411231'/>
</results>
