<results>
	<result value='win'/>
	<start value='2015-04-26.15:26:57'/>
	<end value='2015-04-26.15:27:39'/>
	<frames value='36737'/>
	<gameDuration value='2296'/>

	<player>
		<unitScore value='20550'/>
		<killScore value='28600'/>
		<buildingScore value='3925'/>
		<razingScore value='10050'/>
		<mineralScore value='29418'/>
		<gasScore value='4072'/>
		<totalScore value='96615'/>
	</player>

	<enemy>
		<race value='Terran'/>
		<unitScore value='15050'/>
		<unitScore value='15050'/>
		<killScore value='18800'/>
		<buildingScore value='3350'/>
		<razingScore value='150'/>
		<mineralScore value='13802'/>
		<gasScore value='6100'/>
		<totalScore value='57252'/>
	</enemy>

	<scoreRatio value='1.68754'/>
</results>
