<results>
	<result value='loss'/>
	<start value='2015-04-26.15:28:05'/>
	<end value='2015-04-26.15:28:21'/>
	<frames value='25856'/>
	<gameDuration value='1616'/>

	<player>
		<unitScore value='10625'/>
		<killScore value='7750'/>
		<buildingScore value='1375'/>
		<razingScore value='150'/>
		<mineralScore value='11266'/>
		<gasScore value='1928'/>
		<totalScore value='33094'/>
	</player>

	<enemy>
		<race value='Terran'/>
		<unitScore value='10800'/>
		<unitScore value='10800'/>
		<killScore value='21250'/>
		<buildingScore value='3550'/>
		<razingScore value='4125'/>
		<mineralScore value='12894'/>
		<gasScore value='4976'/>
		<totalScore value='57595'/>
	</enemy>

	<scoreRatio value='0.574598'/>
</results>
