<results>
	<result value='loss'/>
	<start value='2015-04-26.15:29:56'/>
	<end value='2015-04-26.15:30:06'/>
	<frames value='19935'/>
	<gameDuration value='1245'/>

	<player>
		<unitScore value='5175'/>
		<killScore value='4900'/>
		<buildingScore value='1200'/>
		<razingScore value='0'/>
		<mineralScore value='6322'/>
		<gasScore value='1288'/>
		<totalScore value='18885'/>
	</player>

	<enemy>
		<race value='Terran'/>
		<unitScore value='7875'/>
		<unitScore value='7875'/>
		<killScore value='10350'/>
		<buildingScore value='2850'/>
		<razingScore value='3600'/>
		<mineralScore value='9410'/>
		<gasScore value='3384'/>
		<totalScore value='37469'/>
	</enemy>

	<scoreRatio value='0.504017'/>
</results>
