<results>
	<result value='loss'/>
	<start value='2015-04-08.15:36:58'/>
	<end value='2015-04-08.15:37:06'/>
	<frames value='15285'/>
	<gameDuration value='955'/>

	<player>
		<unitScore value='3150'/>
		<killScore value='800'/>
		<buildingScore value='1625'/>
		<razingScore value='0'/>
		<mineralScore value='4922'/>
		<gasScore value='656'/>
		<totalScore value='11153'/>
	</player>

	<enemy>
		<race value='Protoss'/>
		<unitScore value='3550'/>
		<unitScore value='3550'/>
		<killScore value='6300'/>
		<buildingScore value='2975'/>
		<razingScore value='4875'/>
		<mineralScore value='7890'/>
		<gasScore value='1408'/>
		<totalScore value='26998'/>
	</enemy>

	<scoreRatio value='0.413105'/>
</results>
