<results>
	<result value='win'/>
	<start value='2015-05-10.23:39:17'/>
	<end value='2015-05-10.23:39:39'/>
	<frames value='25639'/>
	<gameDuration value='1602'/>

	<player>
		<unitScore value='16600'/>
		<killScore value='23410'/>
		<buildingScore value='3475'/>
		<razingScore value='5940'/>
		<mineralScore value='22370'/>
		<gasScore value='1712'/>
		<totalScore value='73507'/>
	</player>

	<enemy>
		<race value='Zerg'/>
		<unitScore value='10675'/>
		<unitScore value='10675'/>
		<killScore value='11950'/>
		<buildingScore value='1980'/>
		<razingScore value='0'/>
		<mineralScore value='10754'/>
		<gasScore value='3344'/>
		<totalScore value='38703'/>
	</enemy>

	<scoreRatio value='1.89926'/>
	<timeFitness value='0.7775'/>
	<unitsAverage value='90'/>
</results>
