<results>
	<result value='draw'/>
	<start value='2015-04-13.20:07:44'/>
	<end value='2015-04-13.20:08:41'/>
	<frames value='57601'/>
	<gameDuration value='3600'/>

	<player>
		<unitScore value='29400'/>
		<killScore value='41640'/>
		<buildingScore value='3650'/>
		<razingScore value='300'/>
		<mineralScore value='31454'/>
		<gasScore value='6082'/>
		<totalScore value='112526'/>
	</player>

	<enemy>
		<race value='Protoss'/>
		<unitScore value='34010'/>
		<unitScore value='34010'/>
		<killScore value='58200'/>
		<buildingScore value='7575'/>
		<razingScore value='7650'/>
		<mineralScore value='31550'/>
		<gasScore value='12568'/>
		<totalScore value='151553'/>
	</enemy>

	<scoreRatio value='0.742486'/>
</results>
