<results>
	<result value='loss'/>
	<start value='2015-04-27.20:57:59'/>
	<end value='2015-04-27.20:58:27'/>
	<frames value='37977'/>
	<gameDuration value='2373'/>

	<player>
		<unitScore value='11500'/>
		<killScore value='14800'/>
		<buildingScore value='1525'/>
		<razingScore value='300'/>
		<mineralScore value='12042'/>
		<gasScore value='3032'/>
		<totalScore value='43199'/>
	</player>

	<enemy>
		<race value='Protoss'/>
		<unitScore value='24075'/>
		<unitScore value='24075'/>
		<killScore value='23000'/>
		<buildingScore value='7125'/>
		<razingScore value='4575'/>
		<mineralScore value='25938'/>
		<gasScore value='9746'/>
		<totalScore value='94459'/>
	</enemy>

	<scoreRatio value='0.457331'/>
</results>
