<results>
	<result value='loss'/>
	<start value='2015-04-27.21:02:51'/>
	<end value='2015-04-27.21:03:14'/>
	<frames value='32335'/>
	<gameDuration value='2020'/>

	<player>
		<unitScore value='5950'/>
		<killScore value='12150'/>
		<buildingScore value='1100'/>
		<razingScore value='0'/>
		<mineralScore value='12010'/>
		<gasScore value='1952'/>
		<totalScore value='33162'/>
	</player>

	<enemy>
		<race value='Protoss'/>
		<unitScore value='22700'/>
		<unitScore value='22700'/>
		<killScore value='11900'/>
		<buildingScore value='7200'/>
		<razingScore value='3300'/>
		<mineralScore value='25598'/>
		<gasScore value='7992'/>
		<totalScore value='78690'/>
	</enemy>

	<scoreRatio value='0.421426'/>
</results>
