<results>
	<result value='loss'/>
	<start value='2015-04-27.21:05:19'/>
	<end value='2015-04-27.21:05:46'/>
	<frames value='29049'/>
	<gameDuration value='1815'/>

	<player>
		<unitScore value='11725'/>
		<killScore value='3900'/>
		<buildingScore value='2275'/>
		<razingScore value='0'/>
		<mineralScore value='14298'/>
		<gasScore value='1216'/>
		<totalScore value='33414'/>
	</player>

	<enemy>
		<race value='Protoss'/>
		<unitScore value='14250'/>
		<unitScore value='14250'/>
		<killScore value='23550'/>
		<buildingScore value='6575'/>
		<razingScore value='6825'/>
		<mineralScore value='19446'/>
		<gasScore value='6456'/>
		<totalScore value='77102'/>
	</enemy>

	<scoreRatio value='0.433374'/>
</results>
