<results>
	<result value='draw'/>
	<start value='2015-04-27.21:07:53'/>
	<end value='2015-04-27.21:10:14'/>
	<frames value='57601'/>
	<gameDuration value='3600'/>

	<player>
		<unitScore value='31375'/>
		<killScore value='42300'/>
		<buildingScore value='5200'/>
		<razingScore value='18225'/>
		<mineralScore value='34402'/>
		<gasScore value='4232'/>
		<totalScore value='135734'/>
	</player>

	<enemy>
		<race value='Protoss'/>
		<unitScore value='22900'/>
		<unitScore value='22900'/>
		<killScore value='35250'/>
		<buildingScore value='6525'/>
		<razingScore value='5700'/>
		<mineralScore value='22522'/>
		<gasScore value='7736'/>
		<totalScore value='100633'/>
	</enemy>

	<scoreRatio value='1.3488'/>
</results>
