<results>
	<result value='win'/>
	<start value='2015-04-27.19:29:43'/>
	<end value='2015-04-27.19:30:19'/>
	<frames value='30661'/>
	<gameDuration value='1916'/>

	<player>
		<unitScore value='17050'/>
		<killScore value='23600'/>
		<buildingScore value='3875'/>
		<razingScore value='7950'/>
		<mineralScore value='22714'/>
		<gasScore value='3632'/>
		<totalScore value='78821'/>
	</player>

	<enemy>
		<race value='Terran'/>
		<unitScore value='12500'/>
		<unitScore value='12500'/>
		<killScore value='20200'/>
		<buildingScore value='2650'/>
		<razingScore value='2325'/>
		<mineralScore value='12050'/>
		<gasScore value='4800'/>
		<totalScore value='54525'/>
	</enemy>

	<scoreRatio value='1.44559'/>
</results>
