<results>
	<result value='win'/>
	<start value='2015-04-27.19:39:10'/>
	<end value='2015-04-27.19:39:33'/>
	<frames value='24647'/>
	<gameDuration value='1540'/>

	<player>
		<unitScore value='10050'/>
		<killScore value='13950'/>
		<buildingScore value='3425'/>
		<razingScore value='5550'/>
		<mineralScore value='13438'/>
		<gasScore value='2376'/>
		<totalScore value='48789'/>
	</player>

	<enemy>
		<race value='Terran'/>
		<unitScore value='6975'/>
		<unitScore value='6975'/>
		<killScore value='12000'/>
		<buildingScore value='1850'/>
		<razingScore value='4950'/>
		<mineralScore value='9154'/>
		<gasScore value='2464'/>
		<totalScore value='37393'/>
	</enemy>

	<scoreRatio value='1.30476'/>
</results>
