<results>
	<result value='loss'/>
	<start value='2015-04-27.19:41:21'/>
	<end value='2015-04-27.19:41:35'/>
	<frames value='19811'/>
	<gameDuration value='1238'/>

	<player>
		<unitScore value='3775'/>
		<killScore value='2900'/>
		<buildingScore value='1925'/>
		<razingScore value='0'/>
		<mineralScore value='5962'/>
		<gasScore value='832'/>
		<totalScore value='15394'/>
	</player>

	<enemy>
		<race value='Terran'/>
		<unitScore value='7800'/>
		<unitScore value='7800'/>
		<killScore value='7550'/>
		<buildingScore value='2850'/>
		<razingScore value='5775'/>
		<mineralScore value='9274'/>
		<gasScore value='3568'/>
		<totalScore value='36817'/>
	</enemy>

	<scoreRatio value='0.418122'/>
</results>
