<results>
	<result value='loss'/>
	<start value='2015-04-27.14:00:33'/>
	<end value='2015-04-27.14:00:43'/>
	<frames value='20555'/>
	<gameDuration value='1284'/>

	<player>
		<unitScore value='6350'/>
		<killScore value='2700'/>
		<buildingScore value='1975'/>
		<razingScore value='0'/>
		<mineralScore value='8178'/>
		<gasScore value='1136'/>
		<totalScore value='20339'/>
	</player>

	<enemy>
		<race value='Terran'/>
		<unitScore value='7725'/>
		<unitScore value='7725'/>
		<killScore value='12600'/>
		<buildingScore value='2925'/>
		<razingScore value='5925'/>
		<mineralScore value='9666'/>
		<gasScore value='3808'/>
		<totalScore value='42649'/>
	</enemy>

	<scoreRatio value='0.476893'/>
</results>
