<results>
	<result value='draw'/>
	<start value='2015-04-27.14:01:18'/>
	<end value='2015-04-27.14:02:11'/>
	<frames value='57601'/>
	<gameDuration value='3600'/>

	<player>
		<unitScore value='18925'/>
		<killScore value='21150'/>
		<buildingScore value='3800'/>
		<razingScore value='525'/>
		<mineralScore value='21174'/>
		<gasScore value='7384'/>
		<totalScore value='72958'/>
	</player>

	<enemy>
		<race value='Terran'/>
		<unitScore value='22675'/>
		<unitScore value='22675'/>
		<killScore value='27350'/>
		<buildingScore value='4200'/>
		<razingScore value='5025'/>
		<mineralScore value='18926'/>
		<gasScore value='11764'/>
		<totalScore value='89940'/>
	</enemy>

	<scoreRatio value='0.811185'/>
</results>
