<results>
	<result value='win'/>
	<start value='2015-04-29.17:00:58'/>
	<end value='2015-04-29.17:01:26'/>
	<frames value='21764'/>
	<gameDuration value='1360'/>

	<player>
		<unitScore value='10075'/>
		<killScore value='10100'/>
		<buildingScore value='3100'/>
		<razingScore value='8100'/>
		<mineralScore value='15886'/>
		<gasScore value='1872'/>
		<totalScore value='49133'/>
	</player>

	<enemy>
		<race value='Protoss'/>
		<unitScore value='5100'/>
		<unitScore value='5100'/>
		<killScore value='5800'/>
		<buildingScore value='2700'/>
		<razingScore value='600'/>
		<mineralScore value='8930'/>
		<gasScore value='1136'/>
		<totalScore value='24266'/>
	</enemy>

	<scoreRatio value='2.02477'/>
	<timeFitness value='0.811111'/>
	<unitsAverage value='66'/>
</results>
