<results>
	<result value='loss'/>
	<start value='2015-04-28.18:13:58'/>
	<end value='2015-04-28.18:14:11'/>
	<frames value='17021'/>
	<gameDuration value='1063'/>

	<player>
		<unitScore value='5775'/>
		<killScore value='2900'/>
		<buildingScore value='1650'/>
		<razingScore value='0'/>
		<mineralScore value='7050'/>
		<gasScore value='728'/>
		<totalScore value='18103'/>
	</player>

	<enemy>
		<race value='Protoss'/>
		<unitScore value='3875'/>
		<unitScore value='3875'/>
		<killScore value='8800'/>
		<buildingScore value='3475'/>
		<razingScore value='4950'/>
		<mineralScore value='8890'/>
		<gasScore value='2064'/>
		<totalScore value='32054'/>
	</enemy>

	<scoreRatio value='0.564766'/>
</results>
