<results>
	<result value='loss'/>
	<start value='2015-04-28.18:14:14'/>
	<end value='2015-04-28.18:14:25'/>
	<frames value='16432'/>
	<gameDuration value='1027'/>

	<player>
		<unitScore value='2925'/>
		<killScore value='1200'/>
		<buildingScore value='1275'/>
		<razingScore value='0'/>
		<mineralScore value='4418'/>
		<gasScore value='624'/>
		<totalScore value='10442'/>
	</player>

	<enemy>
		<race value='Protoss'/>
		<unitScore value='3650'/>
		<unitScore value='3650'/>
		<killScore value='4850'/>
		<buildingScore value='4025'/>
		<razingScore value='3825'/>
		<mineralScore value='8738'/>
		<gasScore value='1712'/>
		<totalScore value='26800'/>
	</enemy>

	<scoreRatio value='0.389627'/>
</results>
