<results>
	<result value='loss'/>
	<start value='2015-04-28.18:16:19'/>
	<end value='2015-04-28.18:16:37'/>
	<frames value='28739'/>
	<gameDuration value='1796'/>

	<player>
		<unitScore value='5650'/>
		<killScore value='4200'/>
		<buildingScore value='1500'/>
		<razingScore value='0'/>
		<mineralScore value='7434'/>
		<gasScore value='1040'/>
		<totalScore value='19824'/>
	</player>

	<enemy>
		<race value='Protoss'/>
		<unitScore value='11400'/>
		<unitScore value='11400'/>
		<killScore value='11300'/>
		<buildingScore value='6525'/>
		<razingScore value='4500'/>
		<mineralScore value='17630'/>
		<gasScore value='5936'/>
		<totalScore value='57291'/>
	</enemy>

	<scoreRatio value='0.346023'/>
</results>
