<results>
	<result value='loss'/>
	<start value='2015-04-28.18:26:22'/>
	<end value='2015-04-28.18:26:31'/>
	<frames value='16184'/>
	<gameDuration value='1011'/>

	<player>
		<unitScore value='2725'/>
		<killScore value='1400'/>
		<buildingScore value='1500'/>
		<razingScore value='0'/>
		<mineralScore value='4626'/>
		<gasScore value='672'/>
		<totalScore value='10923'/>
	</player>

	<enemy>
		<race value='Protoss'/>
		<unitScore value='3850'/>
		<unitScore value='3850'/>
		<killScore value='5350'/>
		<buildingScore value='3925'/>
		<razingScore value='4500'/>
		<mineralScore value='8770'/>
		<gasScore value='1552'/>
		<totalScore value='27947'/>
	</enemy>

	<scoreRatio value='0.390847'/>
</results>
