<results>
	<result value='win'/>
	<start value='2015-04-28.18:29:13'/>
	<end value='2015-04-28.18:29:37'/>
	<frames value='21423'/>
	<gameDuration value='1338'/>

	<player>
		<unitScore value='11150'/>
		<killScore value='10000'/>
		<buildingScore value='3650'/>
		<razingScore value='8775'/>
		<mineralScore value='18278'/>
		<gasScore value='2592'/>
		<totalScore value='54445'/>
	</player>

	<enemy>
		<race value='Protoss'/>
		<unitScore value='5000'/>
		<unitScore value='5000'/>
		<killScore value='7200'/>
		<buildingScore value='2925'/>
		<razingScore value='0'/>
		<mineralScore value='13482'/>
		<gasScore value='992'/>
		<totalScore value='29599'/>
	</enemy>

	<scoreRatio value='1.83942'/>
</results>
