<results>
	<result value='win'/>
	<start value='2015-04-08.11:18:53'/>
	<end value='2015-04-08.11:19:40'/>
	<frames value='46998'/>
	<gameDuration value='2937'/>

	<player>
		<unitScore value='31075'/>
		<killScore value='33250'/>
		<buildingScore value='4225'/>
		<razingScore value='18525'/>
		<mineralScore value='34326'/>
		<gasScore value='3576'/>
		<totalScore value='124977'/>
	</player>

	<enemy>
		<race value='Protoss'/>
		<unitScore value='18825'/>
		<unitScore value='18825'/>
		<killScore value='43000'/>
		<buildingScore value='6175'/>
		<razingScore value='2250'/>
		<mineralScore value='20386'/>
		<gasScore value='5462'/>
		<totalScore value='96098'/>
	</enemy>

	<scoreRatio value='1.30052'/>
</results>
