<results>
	<result value='win'/>
	<start value='2015-05-11.09:38:40'/>
	<end value='2015-05-11.09:39:06'/>
	<frames value='21547'/>
	<gameDuration value='1346'/>

	<player>
		<unitScore value='10700'/>
		<killScore value='21260'/>
		<buildingScore value='3000'/>
		<razingScore value='4560'/>
		<mineralScore value='15594'/>
		<gasScore value='2016'/>
		<totalScore value='57130'/>
	</player>

	<enemy>
		<race value='Zerg'/>
		<unitScore value='9650'/>
		<unitScore value='9650'/>
		<killScore value='7700'/>
		<buildingScore value='1520'/>
		<razingScore value='0'/>
		<mineralScore value='8642'/>
		<gasScore value='2512'/>
		<totalScore value='30024'/>
	</enemy>

	<scoreRatio value='1.90281'/>
	<timeFitness value='0.813056'/>
	<unitsAverage value='68'/>
</results>
