<results>
	<result value='loss'/>
	<start value='2015-04-09.03:14:08'/>
	<end value='2015-04-09.03:14:16'/>
	<frames value='17238'/>
	<gameDuration value='1077'/>

	<player>
		<unitScore value='3100'/>
		<killScore value='1800'/>
		<buildingScore value='1875'/>
		<razingScore value='0'/>
		<mineralScore value='5202'/>
		<gasScore value='656'/>
		<totalScore value='12633'/>
	</player>

	<enemy>
		<race value='Protoss'/>
		<unitScore value='3600'/>
		<unitScore value='3600'/>
		<killScore value='6200'/>
		<buildingScore value='4025'/>
		<razingScore value='5625'/>
		<mineralScore value='9218'/>
		<gasScore value='1608'/>
		<totalScore value='30276'/>
	</enemy>

	<scoreRatio value='0.417261'/>
</results>
