<results>
	<result value='draw'/>
	<start value='2015-04-09.03:16:14'/>
	<end value='2015-04-09.03:17:17'/>
	<frames value='57601'/>
	<gameDuration value='3600'/>

	<player>
		<unitScore value='29700'/>
		<killScore value='63150'/>
		<buildingScore value='3275'/>
		<razingScore value='10200'/>
		<mineralScore value='31550'/>
		<gasScore value='6866'/>
		<totalScore value='144741'/>
	</player>

	<enemy>
		<race value='Protoss'/>
		<unitScore value='37600'/>
		<unitScore value='37600'/>
		<killScore value='52750'/>
		<buildingScore value='6575'/>
		<razingScore value='900'/>
		<mineralScore value='31290'/>
		<gasScore value='11596'/>
		<totalScore value='140711'/>
	</enemy>

	<scoreRatio value='1.02864'/>
</results>
