<results>
	<result value='draw'/>
	<start value='2015-04-27.13:41:19'/>
	<end value='2015-04-27.13:42:05'/>
	<frames value='57601'/>
	<gameDuration value='3600'/>

	<player>
		<unitScore value='21950'/>
		<killScore value='34000'/>
		<buildingScore value='3625'/>
		<razingScore value='6150'/>
		<mineralScore value='22190'/>
		<gasScore value='6178'/>
		<totalScore value='94093'/>
	</player>

	<enemy>
		<race value='Terran'/>
		<unitScore value='22100'/>
		<unitScore value='22100'/>
		<killScore value='34250'/>
		<buildingScore value='4775'/>
		<razingScore value='4800'/>
		<mineralScore value='19330'/>
		<gasScore value='7956'/>
		<totalScore value='93211'/>
	</enemy>

	<scoreRatio value='1.00946'/>
</results>
