<results>
	<result value='draw'/>
	<start value='2015-07-10.04:44:33'/>
	<end value='2015-07-10.04:46:45'/>
	<frames value='57601'/>
	<gameDuration value='3600'/>

	<player>
		<unitScore value='28325'/>
		<killScore value='10450'/>
		<buildingScore value='3625'/>
		<razingScore value='0'/>
		<mineralScore value='24746'/>
		<gasScore value='5434'/>
		<totalScore value='72580'/>
	</player>

	<enemy>
		<race value='Terran'/>
		<unitScore value='11950'/>
		<killScore value='43250'/>
		<buildingScore value='3375'/>
		<razingScore value='2250'/>
		<mineralScore value='12050'/>
		<gasScore value='6508'/>
		<totalScore value='79383'/>
	</enemy>

	<scoreRatio value='0.914302'/>
	<timeFitness value='0.5'/>
	<unitsAverage value='92'/>
</results>
