<results>
	<result value='loss'/>
	<start value='2015-05-21.22:51:36'/>
	<end value='2015-05-21.22:51:39'/>
	<frames value='7349'/>
	<gameDuration value='459'/>

	<player>
		<unitScore value='900'/>
		<killScore value='50'/>
		<buildingScore value='700'/>
		<razingScore value='0'/>
		<mineralScore value='1322'/>
		<gasScore value='16'/>
		<totalScore value='2988'/>
	</player>

	<enemy>
		<race value='Zerg'/>
		<unitScore value='1250'/>
		<killScore value='1700'/>
		<buildingScore value='440'/>
		<razingScore value='2100'/>
		<mineralScore value='1922'/>
		<gasScore value='16'/>
		<totalScore value='7428'/>
	</enemy>

	<scoreRatio value='0.402262'/>
	<timeFitness value='0.06375'/>
	<unitsAverage value='9'/>
</results>
