<results>
	<result value='win'/>
	<start value='2015-05-04.00:08:00'/>
	<end value='2015-05-04.00:08:26'/>
	<frames value='21361'/>
	<gameDuration value='1335'/>

	<player>
		<unitScore value='11975'/>
		<killScore value='22960'/>
		<buildingScore value='2750'/>
		<razingScore value='3660'/>
		<mineralScore value='15962'/>
		<gasScore value='1368'/>
		<totalScore value='58675'/>
	</player>

	<enemy>
		<race value='Zerg'/>
		<unitScore value='10400'/>
		<unitScore value='10400'/>
		<killScore value='9750'/>
		<buildingScore value='1220'/>
		<razingScore value='0'/>
		<mineralScore value='8354'/>
		<gasScore value='2408'/>
		<totalScore value='32132'/>
	</enemy>

	<scoreRatio value='1.82606'/>
	<timeFitness value='0.814583'/>
	<unitsAverage value='65'/>
</results>
