<results>
	<result value='win'/>
	<start value='2015-05-21.23:00:47'/>
	<end value='2015-05-21.23:01:18'/>
	<frames value='30940'/>
	<gameDuration value='1933'/>

	<player>
		<unitScore value='23050'/>
		<killScore value='32860'/>
		<buildingScore value='4700'/>
		<razingScore value='8040'/>
		<mineralScore value='32790'/>
		<gasScore value='2264'/>
		<totalScore value='103704'/>
	</player>

	<enemy>
		<race value='Zerg'/>
		<unitScore value='15050'/>
		<killScore value='23150'/>
		<buildingScore value='2680'/>
		<razingScore value='1875'/>
		<mineralScore value='14606'/>
		<gasScore value='4208'/>
		<totalScore value='61569'/>
	</enemy>

	<scoreRatio value='1.68435'/>
	<timeFitness value='0.731528'/>
	<unitsAverage value='106'/>
</results>
