<results>
	<result value='loss'/>
	<start value='2014-07-12.20:47:26'/>
	<end value='2014-07-12.20:47:34'/>
	<frames value='17300'/>
	<gameDuration value='1081'/>

	<player>
		<unitScore value='3775'/>
		<killScore value='700'/>
		<buildingScore value='1400'/>
		<razingScore value='0'/>
		<mineralScore value='5130'/>
		<gasScore value='520'/>
		<totalScore value='11525'/>
	</player>

	<enemy>
		<race value='Terran'/>
		<unitScore value='5475'/>
		<unitScore value='5475'/>
		<killScore value='7550'/>
		<buildingScore value='2175'/>
		<razingScore value='4200'/>
		<mineralScore value='7994'/>
		<gasScore value='2720'/>
		<totalScore value='30114'/>
	</enemy>

	<scoreRatio value='0.382712'/>
</results>
