<results>
	<result value='win'/>
	<start value='2014-07-12.20:49:19'/>
	<end value='2014-07-12.20:49:36'/>
	<frames value='24151'/>
	<gameDuration value='1509'/>

	<player>
		<unitScore value='11725'/>
		<killScore value='18800'/>
		<buildingScore value='3125'/>
		<razingScore value='9075'/>
		<mineralScore value='15270'/>
		<gasScore value='1952'/>
		<totalScore value='59947'/>
	</player>

	<enemy>
		<race value='Terran'/>
		<unitScore value='10200'/>
		<unitScore value='10200'/>
		<killScore value='9050'/>
		<buildingScore value='3025'/>
		<razingScore value='1350'/>
		<mineralScore value='10674'/>
		<gasScore value='4448'/>
		<totalScore value='38747'/>
	</enemy>

	<scoreRatio value='1.54714'/>
</results>
