<results>
	<result value='win'/>
	<start value='2015-04-13.08:22:07'/>
	<end value='2015-04-13.08:22:38'/>
	<frames value='21082'/>
	<gameDuration value='1317'/>

	<player>
		<unitScore value='10400'/>
		<killScore value='10200'/>
		<buildingScore value='2900'/>
		<razingScore value='10275'/>
		<mineralScore value='14778'/>
		<gasScore value='1904'/>
		<totalScore value='50457'/>
	</player>

	<enemy>
		<race value='Protoss'/>
		<unitScore value='5100'/>
		<unitScore value='5100'/>
		<killScore value='6100'/>
		<buildingScore value='3425'/>
		<razingScore value='0'/>
		<mineralScore value='14650'/>
		<gasScore value='1032'/>
		<totalScore value='30307'/>
	</enemy>

	<scoreRatio value='1.66486'/>
</results>
