<results>
	<result value='loss'/>
	<start value='2015-04-13.08:26:29'/>
	<end value='2015-04-13.08:27:52'/>
	<frames value='48889'/>
	<gameDuration value='3055'/>

	<player>
		<unitScore value='22025'/>
		<killScore value='32800'/>
		<buildingScore value='2575'/>
		<razingScore value='4050'/>
		<mineralScore value='24010'/>
		<gasScore value='4424'/>
		<totalScore value='89884'/>
	</player>

	<enemy>
		<race value='Protoss'/>
		<unitScore value='35225'/>
		<unitScore value='35225'/>
		<killScore value='44050'/>
		<buildingScore value='8825'/>
		<razingScore value='7725'/>
		<mineralScore value='34478'/>
		<gasScore value='11390'/>
		<totalScore value='141693'/>
	</enemy>

	<scoreRatio value='0.634357'/>
</results>
