<results>
	<result value='loss'/>
	<start value='2015-07-14.03:32:26'/>
	<end value='2015-07-14.03:32:37'/>
	<frames value='15471'/>
	<gameDuration value='966'/>

	<player>
		<unitScore value='5175'/>
		<killScore value='3000'/>
		<buildingScore value='1475'/>
		<razingScore value='0'/>
		<mineralScore value='5802'/>
		<gasScore value='776'/>
		<totalScore value='16228'/>
	</player>

	<enemy>
		<race value='Protoss'/>
		<unitScore value='3950'/>
		<killScore value='9600'/>
		<buildingScore value='2725'/>
		<razingScore value='4425'/>
		<mineralScore value='7858'/>
		<gasScore value='1464'/>
		<totalScore value='30022'/>
	</enemy>

	<scoreRatio value='0.540537'/>
	<timeFitness value='0.134167'/>
	<unitsAverage value='27'/>
</results>
