<results>
	<result value='loss'/>
	<start value='2015-07-14.03:38:16'/>
	<end value='2015-07-14.03:38:55'/>
	<frames value='34443'/>
	<gameDuration value='2152'/>

	<player>
		<unitScore value='15425'/>
		<killScore value='6900'/>
		<buildingScore value='2750'/>
		<razingScore value='750'/>
		<mineralScore value='25034'/>
		<gasScore value='2504'/>
		<totalScore value='53363'/>
	</player>

	<enemy>
		<race value='Protoss'/>
		<unitScore value='16275'/>
		<killScore value='30300'/>
		<buildingScore value='7025'/>
		<razingScore value='8250'/>
		<mineralScore value='22842'/>
		<gasScore value='7712'/>
		<totalScore value='92404'/>
	</enemy>

	<scoreRatio value='0.577497'/>
	<timeFitness value='0.298889'/>
	<unitsAverage value='63'/>
</results>
