<results>
	<result value='loss'/>
	<start value='2015-05-04.14:59:49'/>
	<end value='2015-05-04.15:00:04'/>
	<frames value='29607'/>
	<gameDuration value='1850'/>

	<player>
		<unitScore value='4675'/>
		<killScore value='5100'/>
		<buildingScore value='2175'/>
		<razingScore value='0'/>
		<mineralScore value='6786'/>
		<gasScore value='1216'/>
		<totalScore value='19952'/>
	</player>

	<enemy>
		<race value='Protoss'/>
		<unitScore value='14275'/>
		<unitScore value='14275'/>
		<killScore value='9350'/>
		<buildingScore value='6925'/>
		<razingScore value='6525'/>
		<mineralScore value='18998'/>
		<gasScore value='6272'/>
		<totalScore value='62345'/>
	</enemy>

	<scoreRatio value='0.320026'/>
	<timeFitness value='0.256944'/>
	<unitsAverage value='22'/>
</results>
