<results>
	<result value='loss'/>
	<start value='2015-05-04.15:07:29'/>
	<end value='2015-05-04.15:07:37'/>
	<frames value='15130'/>
	<gameDuration value='945'/>

	<player>
		<unitScore value='2425'/>
		<killScore value='1200'/>
		<buildingScore value='1525'/>
		<razingScore value='0'/>
		<mineralScore value='3562'/>
		<gasScore value='328'/>
		<totalScore value='9040'/>
	</player>

	<enemy>
		<race value='Protoss'/>
		<unitScore value='3550'/>
		<unitScore value='3550'/>
		<killScore value='4750'/>
		<buildingScore value='2625'/>
		<razingScore value='4575'/>
		<mineralScore value='7610'/>
		<gasScore value='1368'/>
		<totalScore value='24478'/>
	</enemy>

	<scoreRatio value='0.369311'/>
	<timeFitness value='0.13125'/>
	<unitsAverage value='19'/>
</results>
