<results>
	<result value='loss'/>
	<start value='2015-05-04.15:10:04'/>
	<end value='2015-05-04.15:11:17'/>
	<frames value='54841'/>
	<gameDuration value='3427'/>

	<player>
		<unitScore value='22650'/>
		<killScore value='24720'/>
		<buildingScore value='4150'/>
		<razingScore value='450'/>
		<mineralScore value='31502'/>
		<gasScore value='9314'/>
		<totalScore value='92786'/>
	</player>

	<enemy>
		<race value='Protoss'/>
		<unitScore value='32480'/>
		<unitScore value='32480'/>
		<killScore value='45050'/>
		<buildingScore value='7450'/>
		<razingScore value='12450'/>
		<mineralScore value='31538'/>
		<gasScore value='11766'/>
		<totalScore value='140734'/>
	</enemy>

	<scoreRatio value='0.659301'/>
	<timeFitness value='0.475972'/>
	<unitsAverage value='116'/>
</results>
