<results>
	<result value='loss'/>
	<start value='2015-04-15.02:24:41'/>
	<end value='2015-04-15.02:24:54'/>
	<frames value='14665'/>
	<gameDuration value='916'/>

	<player>
		<unitScore value='2525'/>
		<killScore value='800'/>
		<buildingScore value='1575'/>
		<razingScore value='0'/>
		<mineralScore value='4250'/>
		<gasScore value='720'/>
		<totalScore value='9870'/>
	</player>

	<enemy>
		<race value='Protoss'/>
		<unitScore value='3550'/>
		<unitScore value='3550'/>
		<killScore value='5050'/>
		<buildingScore value='2575'/>
		<razingScore value='4725'/>
		<mineralScore value='7690'/>
		<gasScore value='1304'/>
		<totalScore value='24894'/>
	</enemy>

	<scoreRatio value='0.396481'/>
</results>
