<results>
	<result value='win'/>
	<start value='2015-04-15.02:48:19'/>
	<end value='2015-04-15.02:49:28'/>
	<frames value='30599'/>
	<gameDuration value='1912'/>

	<player>
		<unitScore value='22175'/>
		<killScore value='29250'/>
		<buildingScore value='3925'/>
		<razingScore value='19050'/>
		<mineralScore value='29558'/>
		<gasScore value='2200'/>
		<totalScore value='106158'/>
	</player>

	<enemy>
		<race value='Protoss'/>
		<unitScore value='14850'/>
		<unitScore value='14850'/>
		<killScore value='19550'/>
		<buildingScore value='6350'/>
		<razingScore value='0'/>
		<mineralScore value='19030'/>
		<gasScore value='4200'/>
		<totalScore value='63980'/>
	</enemy>

	<scoreRatio value='1.65924'/>
</results>
