<results>
	<result value='win'/>
	<start value='2015-05-11.02:39:11'/>
	<end value='2015-05-11.02:39:28'/>
	<frames value='18199'/>
	<gameDuration value='1137'/>

	<player>
		<unitScore value='8400'/>
		<killScore value='11650'/>
		<buildingScore value='2650'/>
		<razingScore value='5100'/>
		<mineralScore value='12946'/>
		<gasScore value='1520'/>
		<totalScore value='42266'/>
	</player>

	<enemy>
		<race value='Terran'/>
		<unitScore value='5825'/>
		<unitScore value='5825'/>
		<killScore value='3700'/>
		<buildingScore value='1700'/>
		<razingScore value='375'/>
		<mineralScore value='7618'/>
		<gasScore value='2192'/>
		<totalScore value='21410'/>
	</enemy>

	<scoreRatio value='1.97412'/>
	<timeFitness value='0.842083'/>
	<unitsAverage value='56'/>
</results>
