<results>
	<result value='win'/>
	<start value='2015-05-11.02:50:01'/>
	<end value='2015-05-11.02:50:23'/>
	<frames value='22570'/>
	<gameDuration value='1410'/>

	<player>
		<unitScore value='10550'/>
		<killScore value='16600'/>
		<buildingScore value='3225'/>
		<razingScore value='5925'/>
		<mineralScore value='17482'/>
		<gasScore value='1576'/>
		<totalScore value='55358'/>
	</player>

	<enemy>
		<race value='Terran'/>
		<unitScore value='8300'/>
		<unitScore value='8300'/>
		<killScore value='6950'/>
		<buildingScore value='2050'/>
		<razingScore value='150'/>
		<mineralScore value='9058'/>
		<gasScore value='3000'/>
		<totalScore value='29508'/>
	</enemy>

	<scoreRatio value='1.87603'/>
	<timeFitness value='0.804167'/>
	<unitsAverage value='66'/>
</results>
