<results>
	<result value='win'/>
	<start value='2015-05-11.03:17:22'/>
	<end value='2015-05-11.03:18:58'/>
	<frames value='50098'/>
	<gameDuration value='3131'/>

	<player>
		<unitScore value='38100'/>
		<killScore value='48150'/>
		<buildingScore value='4325'/>
		<razingScore value='13050'/>
		<mineralScore value='43282'/>
		<gasScore value='5162'/>
		<totalScore value='152069'/>
	</player>

	<enemy>
		<race value='Terran'/>
		<unitScore value='28250'/>
		<unitScore value='28250'/>
		<killScore value='53200'/>
		<buildingScore value='4350'/>
		<razingScore value='1875'/>
		<mineralScore value='18874'/>
		<gasScore value='10264'/>
		<totalScore value='116813'/>
	</enemy>

	<scoreRatio value='1.30182'/>
	<timeFitness value='0.565139'/>
	<unitsAverage value='140'/>
</results>
