<results>
	<result value='win'/>
	<start value='2015-05-11.03:19:36'/>
	<end value='2015-05-11.03:20:46'/>
	<frames value='36830'/>
	<gameDuration value='2301'/>

	<player>
		<unitScore value='19200'/>
		<killScore value='30400'/>
		<buildingScore value='4875'/>
		<razingScore value='12450'/>
		<mineralScore value='36958'/>
		<gasScore value='2976'/>
		<totalScore value='106859'/>
	</player>

	<enemy>
		<race value='Terran'/>
		<unitScore value='20000'/>
		<unitScore value='20000'/>
		<killScore value='15550'/>
		<buildingScore value='4150'/>
		<razingScore value='1725'/>
		<mineralScore value='16470'/>
		<gasScore value='8160'/>
		<totalScore value='66055'/>
	</enemy>

	<scoreRatio value='1.61773'/>
	<timeFitness value='0.680417'/>
	<unitsAverage value='122'/>
</results>
