<results>
	<result value='loss'/>
	<start value='2015-05-11.21:11:31'/>
	<end value='2015-05-11.21:12:07'/>
	<frames value='37729'/>
	<gameDuration value='2358'/>

	<player>
		<unitScore value='14550'/>
		<killScore value='10800'/>
		<buildingScore value='2675'/>
		<razingScore value='3300'/>
		<mineralScore value='18582'/>
		<gasScore value='2136'/>
		<totalScore value='52043'/>
	</player>

	<enemy>
		<race value='Protoss'/>
		<unitScore value='17450'/>
		<unitScore value='17450'/>
		<killScore value='29100'/>
		<buildingScore value='7625'/>
		<razingScore value='8025'/>
		<mineralScore value='23906'/>
		<gasScore value='6944'/>
		<totalScore value='93050'/>
	</enemy>

	<scoreRatio value='0.559301'/>
	<timeFitness value='0.3275'/>
	<unitsAverage value='60'/>
</results>
