<results>
	<result value='win'/>
	<start value='2015-05-03.03:15:07'/>
	<end value='2015-05-03.03:15:34'/>
	<frames value='37512'/>
	<gameDuration value='2344'/>

	<player>
		<unitScore value='20575'/>
		<killScore value='24550'/>
		<buildingScore value='2575'/>
		<razingScore value='18675'/>
		<mineralScore value='23610'/>
		<gasScore value='2584'/>
		<totalScore value='92569'/>
	</player>

	<enemy>
		<race value='Protoss'/>
		<unitScore value='12275'/>
		<unitScore value='12275'/>
		<killScore value='26100'/>
		<buildingScore value='6225'/>
		<razingScore value='0'/>
		<mineralScore value='17394'/>
		<gasScore value='3784'/>
		<totalScore value='65778'/>
	</enemy>

	<scoreRatio value='1.40729'/>
	<timeFitness value='0.674444'/>
	<unitsAverage value='88'/>
</results>
