<results>
	<result value='loss'/>
	<start value='2015-05-03.03:23:13'/>
	<end value='2015-05-03.03:23:19'/>
	<frames value='17083'/>
	<gameDuration value='1067'/>

	<player>
		<unitScore value='3000'/>
		<killScore value='1000'/>
		<buildingScore value='1725'/>
		<razingScore value='0'/>
		<mineralScore value='5042'/>
		<gasScore value='872'/>
		<totalScore value='11639'/>
	</player>

	<enemy>
		<race value='Protoss'/>
		<unitScore value='3550'/>
		<unitScore value='3550'/>
		<killScore value='6000'/>
		<buildingScore value='4125'/>
		<razingScore value='5175'/>
		<mineralScore value='9154'/>
		<gasScore value='1776'/>
		<totalScore value='29780'/>
	</enemy>

	<scoreRatio value='0.390833'/>
	<timeFitness value='0.148194'/>
	<unitsAverage value='23'/>
</results>
