<results>
	<result value='loss'/>
	<start value='2015-05-03.03:24:12'/>
	<end value='2015-05-03.03:24:55'/>
	<frames value='54934'/>
	<gameDuration value='3433'/>

	<player>
		<unitScore value='30350'/>
		<killScore value='51200'/>
		<buildingScore value='3325'/>
		<razingScore value='300'/>
		<mineralScore value='31486'/>
		<gasScore value='5496'/>
		<totalScore value='122157'/>
	</player>

	<enemy>
		<race value='Protoss'/>
		<unitScore value='38675'/>
		<unitScore value='38675'/>
		<killScore value='60650'/>
		<buildingScore value='6275'/>
		<razingScore value='9975'/>
		<mineralScore value='31254'/>
		<gasScore value='11742'/>
		<totalScore value='158571'/>
	</enemy>

	<scoreRatio value='0.770362'/>
	<timeFitness value='0.476806'/>
	<unitsAverage value='90'/>
</results>
