<results>
	<result value='draw'/>
	<start value='2015-04-27.21:22:21'/>
	<end value='2015-04-27.21:24:16'/>
	<frames value='57601'/>
	<gameDuration value='3600'/>

	<player>
		<unitScore value='29575'/>
		<killScore value='38500'/>
		<buildingScore value='2725'/>
		<razingScore value='22650'/>
		<mineralScore value='29906'/>
		<gasScore value='4870'/>
		<totalScore value='128226'/>
	</player>

	<enemy>
		<race value='Protoss'/>
		<unitScore value='21125'/>
		<unitScore value='21125'/>
		<killScore value='37600'/>
		<buildingScore value='9125'/>
		<razingScore value='150'/>
		<mineralScore value='27570'/>
		<gasScore value='11724'/>
		<totalScore value='107294'/>
	</enemy>

	<scoreRatio value='1.19509'/>
</results>
