<results>
	<result value='draw'/>
	<start value='2015-04-27.21:24:18'/>
	<end value='2015-04-27.21:26:11'/>
	<frames value='57601'/>
	<gameDuration value='3600'/>

	<player>
		<unitScore value='33900'/>
		<killScore value='40150'/>
		<buildingScore value='3125'/>
		<razingScore value='18750'/>
		<mineralScore value='35914'/>
		<gasScore value='5230'/>
		<totalScore value='137069'/>
	</player>

	<enemy>
		<race value='Protoss'/>
		<unitScore value='20875'/>
		<unitScore value='20875'/>
		<killScore value='46100'/>
		<buildingScore value='7800'/>
		<razingScore value='300'/>
		<mineralScore value='27050'/>
		<gasScore value='11328'/>
		<totalScore value='113453'/>
	</enemy>

	<scoreRatio value='1.20816'/>
</results>
