<results>
	<result value='loss'/>
	<start value='2015-04-27.21:35:40'/>
	<end value='2015-04-27.21:36:57'/>
	<frames value='50935'/>
	<gameDuration value='3183'/>

	<player>
		<unitScore value='22475'/>
		<killScore value='44250'/>
		<buildingScore value='2525'/>
		<razingScore value='3600'/>
		<mineralScore value='24498'/>
		<gasScore value='5216'/>
		<totalScore value='102564'/>
	</player>

	<enemy>
		<race value='Protoss'/>
		<unitScore value='37475'/>
		<unitScore value='37475'/>
		<killScore value='44950'/>
		<buildingScore value='8175'/>
		<razingScore value='7575'/>
		<mineralScore value='33794'/>
		<gasScore value='11276'/>
		<totalScore value='143245'/>
	</enemy>

	<scoreRatio value='0.716004'/>
</results>
