<results>
	<result value='win'/>
	<start value='2014-07-22.19:34:26'/>
	<end value='2014-07-22.19:35:32'/>
	<frames value='39496'/>
	<gameDuration value='2468'/>

	<player>
		<unitScore value='27125'/>
		<killScore value='54860'/>
		<buildingScore value='4075'/>
		<razingScore value='7095'/>
		<mineralScore value='33654'/>
		<gasScore value='3104'/>
		<totalScore value='129913'/>
	</player>

	<enemy>
		<race value='Zerg'/>
		<unitScore value='24250'/>
		<unitScore value='24250'/>
		<killScore value='26950'/>
		<buildingScore value='2365'/>
		<razingScore value='0'/>
		<mineralScore value='19482'/>
		<gasScore value='6372'/>
		<totalScore value='79419'/>
	</enemy>

	<scoreRatio value='1.63579'/>
</results>
