<results>
	<result value='loss'/>
	<start value='2014-07-22.19:20:51'/>
	<end value='2014-07-22.19:20:58'/>
	<frames value='16122'/>
	<gameDuration value='1007'/>

	<player>
		<unitScore value='2125'/>
		<killScore value='700'/>
		<buildingScore value='1050'/>
		<razingScore value='0'/>
		<mineralScore value='3042'/>
		<gasScore value='456'/>
		<totalScore value='7373'/>
	</player>

	<enemy>
		<race value='Terran'/>
		<unitScore value='5150'/>
		<unitScore value='5150'/>
		<killScore value='4250'/>
		<buildingScore value='1800'/>
		<razingScore value='3150'/>
		<mineralScore value='7202'/>
		<gasScore value='2512'/>
		<totalScore value='24064'/>
	</enemy>

	<scoreRatio value='0.306391'/>
</results>
