<results>
	<result value='loss'/>
	<start value='2015-05-10.02:13:32'/>
	<end value='2015-05-10.02:14:07'/>
	<frames value='39155'/>
	<gameDuration value='2447'/>

	<player>
		<unitScore value='11875'/>
		<killScore value='15250'/>
		<buildingScore value='1875'/>
		<razingScore value='0'/>
		<mineralScore value='15042'/>
		<gasScore value='488'/>
		<totalScore value='44530'/>
	</player>

	<enemy>
		<race value='Protoss'/>
		<unitScore value='26575'/>
		<unitScore value='26575'/>
		<killScore value='23750'/>
		<buildingScore value='7275'/>
		<razingScore value='5625'/>
		<mineralScore value='27318'/>
		<gasScore value='10104'/>
		<totalScore value='100647'/>
	</enemy>

	<scoreRatio value='0.442437'/>
	<timeFitness value='0.339861'/>
	<unitsAverage value='40'/>
</results>
