<results>
	<result value='loss'/>
	<start value='2015-05-10.02:20:04'/>
	<end value='2015-05-10.02:20:25'/>
	<frames value='28925'/>
	<gameDuration value='1807'/>

	<player>
		<unitScore value='5550'/>
		<killScore value='2400'/>
		<buildingScore value='1625'/>
		<razingScore value='0'/>
		<mineralScore value='6842'/>
		<gasScore value='1016'/>
		<totalScore value='17433'/>
	</player>

	<enemy>
		<race value='Protoss'/>
		<unitScore value='12900'/>
		<unitScore value='12900'/>
		<killScore value='11100'/>
		<buildingScore value='6875'/>
		<razingScore value='4875'/>
		<mineralScore value='17126'/>
		<gasScore value='6616'/>
		<totalScore value='59492'/>
	</enemy>

	<scoreRatio value='0.293031'/>
	<timeFitness value='0.250972'/>
	<unitsAverage value='20'/>
</results>
