<results>
	<result value='win'/>
	<start value='2015-05-10.02:29:51'/>
	<end value='2015-05-10.02:30:22'/>
	<frames value='23686'/>
	<gameDuration value='1480'/>

	<player>
		<unitScore value='12100'/>
		<killScore value='13500'/>
		<buildingScore value='3600'/>
		<razingScore value='14625'/>
		<mineralScore value='17846'/>
		<gasScore value='2280'/>
		<totalScore value='63951'/>
	</player>

	<enemy>
		<race value='Protoss'/>
		<unitScore value='6750'/>
		<unitScore value='6750'/>
		<killScore value='6300'/>
		<buildingScore value='4875'/>
		<razingScore value='150'/>
		<mineralScore value='10738'/>
		<gasScore value='2712'/>
		<totalScore value='31525'/>
	</enemy>

	<scoreRatio value='2.02858'/>
	<timeFitness value='0.794444'/>
	<unitsAverage value='76'/>
</results>
