<results>
	<result value='loss'/>
	<start value='2015-04-29.20:10:38'/>
	<end value='2015-04-29.20:10:48'/>
	<frames value='16432'/>
	<gameDuration value='1027'/>

	<player>
		<unitScore value='3525'/>
		<killScore value='700'/>
		<buildingScore value='1925'/>
		<razingScore value='0'/>
		<mineralScore value='5642'/>
		<gasScore value='896'/>
		<totalScore value='12688'/>
	</player>

	<enemy>
		<race value='Terran'/>
		<unitScore value='5700'/>
		<unitScore value='5700'/>
		<killScore value='7050'/>
		<buildingScore value='1900'/>
		<razingScore value='5775'/>
		<mineralScore value='7578'/>
		<gasScore value='2456'/>
		<totalScore value='30459'/>
	</enemy>

	<scoreRatio value='0.41656'/>
	<timeFitness value='0.142639'/>
	<unitsAverage value='25'/>
</results>
