<results>
	<result value='loss'/>
	<start value='2015-04-29.20:14:35'/>
	<end value='2015-04-29.20:14:47'/>
	<frames value='17982'/>
	<gameDuration value='1123'/>

	<player>
		<unitScore value='4000'/>
		<killScore value='800'/>
		<buildingScore value='1975'/>
		<razingScore value='0'/>
		<mineralScore value='5962'/>
		<gasScore value='792'/>
		<totalScore value='13529'/>
	</player>

	<enemy>
		<race value='Terran'/>
		<unitScore value='6800'/>
		<unitScore value='6800'/>
		<killScore value='8000'/>
		<buildingScore value='2700'/>
		<razingScore value='5925'/>
		<mineralScore value='8138'/>
		<gasScore value='2896'/>
		<totalScore value='34459'/>
	</enemy>

	<scoreRatio value='0.392612'/>
	<timeFitness value='0.155972'/>
	<unitsAverage value='26'/>
</results>
