<results>
	<result value='win'/>
	<start value='2015-04-29.20:19:44'/>
	<end value='2015-04-29.20:20:18'/>
	<frames value='27933'/>
	<gameDuration value='1745'/>

	<player>
		<unitScore value='17250'/>
		<killScore value='27200'/>
		<buildingScore value='4000'/>
		<razingScore value='8550'/>
		<mineralScore value='23490'/>
		<gasScore value='3384'/>
		<totalScore value='83874'/>
	</player>

	<enemy>
		<race value='Terran'/>
		<unitScore value='13600'/>
		<unitScore value='13600'/>
		<killScore value='12150'/>
		<buildingScore value='2850'/>
		<razingScore value='1800'/>
		<mineralScore value='12526'/>
		<gasScore value='5880'/>
		<totalScore value='48806'/>
	</enemy>

	<scoreRatio value='1.71852'/>
	<timeFitness value='0.757639'/>
	<unitsAverage value='91'/>
</results>
