<results>
	<result value='win'/>
	<start value='2015-04-29.20:20:48'/>
	<end value='2015-04-29.20:21:14'/>
	<frames value='25081'/>
	<gameDuration value='1567'/>

	<player>
		<unitScore value='13950'/>
		<killScore value='20400'/>
		<buildingScore value='3425'/>
		<razingScore value='8400'/>
		<mineralScore value='18634'/>
		<gasScore value='2080'/>
		<totalScore value='66889'/>
	</player>

	<enemy>
		<race value='Terran'/>
		<unitScore value='10200'/>
		<unitScore value='10200'/>
		<killScore value='9250'/>
		<buildingScore value='2800'/>
		<razingScore value='150'/>
		<mineralScore value='10002'/>
		<gasScore value='4088'/>
		<totalScore value='36490'/>
	</enemy>

	<scoreRatio value='1.83308'/>
	<timeFitness value='0.782361'/>
	<unitsAverage value='73'/>
</results>
