<results>
	<result value='win'/>
	<start value='2015-04-30.03:48:08'/>
	<end value='2015-04-30.03:48:35'/>
	<frames value='26507'/>
	<gameDuration value='1656'/>

	<player>
		<unitScore value='17450'/>
		<killScore value='24700'/>
		<buildingScore value='4100'/>
		<razingScore value='7800'/>
		<mineralScore value='25938'/>
		<gasScore value='2008'/>
		<totalScore value='81996'/>
	</player>

	<enemy>
		<race value='Terran'/>
		<unitScore value='12650'/>
		<unitScore value='12650'/>
		<killScore value='14750'/>
		<buildingScore value='2700'/>
		<razingScore value='0'/>
		<mineralScore value='11662'/>
		<gasScore value='4144'/>
		<totalScore value='45906'/>
	</enemy>

	<scoreRatio value='1.78617'/>
</results>
