<results>
	<result value='loss'/>
	<start value='2015-04-30.04:01:32'/>
	<end value='2015-04-30.04:01:42'/>
	<frames value='18509'/>
	<gameDuration value='1156'/>

	<player>
		<unitScore value='4700'/>
		<killScore value='2600'/>
		<buildingScore value='1650'/>
		<razingScore value='0'/>
		<mineralScore value='6610'/>
		<gasScore value='1072'/>
		<totalScore value='16632'/>
	</player>

	<enemy>
		<race value='Terran'/>
		<unitScore value='6725'/>
		<unitScore value='6725'/>
		<killScore value='9400'/>
		<buildingScore value='2850'/>
		<razingScore value='4950'/>
		<mineralScore value='8594'/>
		<gasScore value='2800'/>
		<totalScore value='35319'/>
	</enemy>

	<scoreRatio value='0.470908'/>
</results>
