<results>
	<result value='draw'/>
	<start value='2015-04-30.04:14:28'/>
	<end value='2015-04-30.04:15:30'/>
	<frames value='57601'/>
	<gameDuration value='3600'/>

	<player>
		<unitScore value='23850'/>
		<killScore value='42700'/>
		<buildingScore value='2975'/>
		<razingScore value='11925'/>
		<mineralScore value='25938'/>
		<gasScore value='5440'/>
		<totalScore value='112828'/>
	</player>

	<enemy>
		<race value='Terran'/>
		<unitScore value='24400'/>
		<unitScore value='24400'/>
		<killScore value='31500'/>
		<buildingScore value='5250'/>
		<razingScore value='2100'/>
		<mineralScore value='19978'/>
		<gasScore value='11602'/>
		<totalScore value='94830'/>
	</enemy>

	<scoreRatio value='1.18979'/>
</results>
