<results>
	<result value='win'/>
	<start value='2015-04-30.04:16:32'/>
	<end value='2015-04-30.04:16:44'/>
	<frames value='17920'/>
	<gameDuration value='1120'/>

	<player>
		<unitScore value='6000'/>
		<killScore value='11100'/>
		<buildingScore value='2225'/>
		<razingScore value='4125'/>
		<mineralScore value='9698'/>
		<gasScore value='1320'/>
		<totalScore value='34468'/>
	</player>

	<enemy>
		<race value='Terran'/>
		<unitScore value='5550'/>
		<unitScore value='5550'/>
		<killScore value='3200'/>
		<buildingScore value='1450'/>
		<razingScore value='1200'/>
		<mineralScore value='8250'/>
		<gasScore value='2080'/>
		<totalScore value='21730'/>
	</enemy>

	<scoreRatio value='1.58619'/>
</results>
