<results>
	<result value='win'/>
	<start value='2015-04-30.04:17:01'/>
	<end value='2015-04-30.04:17:19'/>
	<frames value='22446'/>
	<gameDuration value='1402'/>

	<player>
		<unitScore value='9875'/>
		<killScore value='15050'/>
		<buildingScore value='3050'/>
		<razingScore value='5250'/>
		<mineralScore value='15342'/>
		<gasScore value='2200'/>
		<totalScore value='50767'/>
	</player>

	<enemy>
		<race value='Terran'/>
		<unitScore value='7525'/>
		<unitScore value='7525'/>
		<killScore value='4400'/>
		<buildingScore value='1750'/>
		<razingScore value='150'/>
		<mineralScore value='8954'/>
		<gasScore value='2704'/>
		<totalScore value='25483'/>
	</enemy>

	<scoreRatio value='1.99219'/>
</results>
