<results>
	<result value='win'/>
	<start value='2015-04-30.04:21:29'/>
	<end value='2015-04-30.04:21:49'/>
	<frames value='25453'/>
	<gameDuration value='1590'/>

	<player>
		<unitScore value='11875'/>
		<killScore value='21350'/>
		<buildingScore value='2725'/>
		<razingScore value='8700'/>
		<mineralScore value='15534'/>
		<gasScore value='1856'/>
		<totalScore value='62040'/>
	</player>

	<enemy>
		<race value='Terran'/>
		<unitScore value='10675'/>
		<unitScore value='10675'/>
		<killScore value='8450'/>
		<buildingScore value='2900'/>
		<razingScore value='300'/>
		<mineralScore value='10298'/>
		<gasScore value='4088'/>
		<totalScore value='36711'/>
	</enemy>

	<scoreRatio value='1.68996'/>
</results>
