<results>
	<result value='win'/>
	<start value='2015-04-30.04:22:41'/>
	<end value='2015-04-30.04:23:02'/>
	<frames value='25174'/>
	<gameDuration value='1573'/>

	<player>
		<unitScore value='10875'/>
		<killScore value='19550'/>
		<buildingScore value='4250'/>
		<razingScore value='7875'/>
		<mineralScore value='19538'/>
		<gasScore value='2408'/>
		<totalScore value='64496'/>
	</player>

	<enemy>
		<race value='Terran'/>
		<unitScore value='10075'/>
		<unitScore value='10075'/>
		<killScore value='4900'/>
		<buildingScore value='2700'/>
		<razingScore value='1350'/>
		<mineralScore value='9546'/>
		<gasScore value='3176'/>
		<totalScore value='31747'/>
	</enemy>

	<scoreRatio value='2.03156'/>
</results>
