<results>
	<result value='win'/>
	<start value='2015-05-11.19:36:00'/>
	<end value='2015-05-11.19:36:23'/>
	<frames value='24771'/>
	<gameDuration value='1548'/>

	<player>
		<unitScore value='14625'/>
		<killScore value='20270'/>
		<buildingScore value='3875'/>
		<razingScore value='5700'/>
		<mineralScore value='18738'/>
		<gasScore value='1568'/>
		<totalScore value='64776'/>
	</player>

	<enemy>
		<race value='Zerg'/>
		<unitScore value='9325'/>
		<unitScore value='9325'/>
		<killScore value='12900'/>
		<buildingScore value='1900'/>
		<razingScore value='0'/>
		<mineralScore value='9522'/>
		<gasScore value='3064'/>
		<totalScore value='36711'/>
	</enemy>

	<scoreRatio value='1.76448'/>
	<timeFitness value='0.785'/>
	<unitsAverage value='74'/>
</results>
