<results>
	<result value='win'/>
	<start value='2015-05-11.19:38:50'/>
	<end value='2015-05-11.19:39:13'/>
	<frames value='25577'/>
	<gameDuration value='1598'/>

	<player>
		<unitScore value='17775'/>
		<killScore value='18820'/>
		<buildingScore value='3175'/>
		<razingScore value='4680'/>
		<mineralScore value='25738'/>
		<gasScore value='984'/>
		<totalScore value='71172'/>
	</player>

	<enemy>
		<race value='Zerg'/>
		<unitScore value='9850'/>
		<unitScore value='9850'/>
		<killScore value='20700'/>
		<buildingScore value='1560'/>
		<razingScore value='0'/>
		<mineralScore value='9290'/>
		<gasScore value='2864'/>
		<totalScore value='44264'/>
	</enemy>

	<scoreRatio value='1.6079'/>
	<timeFitness value='0.778056'/>
	<unitsAverage value='77'/>
</results>
