<results>
	<result value='win'/>
	<start value='2015-05-11.19:43:16'/>
	<end value='2015-05-11.19:43:46'/>
	<frames value='27189'/>
	<gameDuration value='1699'/>

	<player>
		<unitScore value='18925'/>
		<killScore value='25140'/>
		<buildingScore value='3825'/>
		<razingScore value='5655'/>
		<mineralScore value='25082'/>
		<gasScore value='2912'/>
		<totalScore value='81539'/>
	</player>

	<enemy>
		<race value='Zerg'/>
		<unitScore value='11375'/>
		<unitScore value='11375'/>
		<killScore value='16750'/>
		<buildingScore value='1885'/>
		<razingScore value='0'/>
		<mineralScore value='10674'/>
		<gasScore value='3424'/>
		<totalScore value='44108'/>
	</enemy>

	<scoreRatio value='1.84862'/>
	<timeFitness value='0.764028'/>
	<unitsAverage value='94'/>
</results>
