<results>
	<result value='win'/>
	<start value='2015-05-11.19:45:54'/>
	<end value='2015-05-11.19:46:24'/>
	<frames value='32924'/>
	<gameDuration value='2057'/>

	<player>
		<unitScore value='18200'/>
		<killScore value='31815'/>
		<buildingScore value='3425'/>
		<razingScore value='7230'/>
		<mineralScore value='23842'/>
		<gasScore value='3160'/>
		<totalScore value='87672'/>
	</player>

	<enemy>
		<race value='Zerg'/>
		<unitScore value='13775'/>
		<unitScore value='13775'/>
		<killScore value='20700'/>
		<buildingScore value='2410'/>
		<razingScore value='525'/>
		<mineralScore value='13390'/>
		<gasScore value='3944'/>
		<totalScore value='54744'/>
	</enemy>

	<scoreRatio value='1.60149'/>
	<timeFitness value='0.714306'/>
	<unitsAverage value='69'/>
</results>
