<results>
	<result value='win'/>
	<start value='2015-05-11.19:53:41'/>
	<end value='2015-05-11.19:54:14'/>
	<frames value='31126'/>
	<gameDuration value='1945'/>

	<player>
		<unitScore value='15225'/>
		<killScore value='30000'/>
		<buildingScore value='3075'/>
		<razingScore value='6015'/>
		<mineralScore value='27970'/>
		<gasScore value='3400'/>
		<totalScore value='85685'/>
	</player>

	<enemy>
		<race value='Zerg'/>
		<unitScore value='12800'/>
		<unitScore value='12800'/>
		<killScore value='17850'/>
		<buildingScore value='2005'/>
		<razingScore value='0'/>
		<mineralScore value='12498'/>
		<gasScore value='4040'/>
		<totalScore value='49193'/>
	</enemy>

	<scoreRatio value='1.74181'/>
	<timeFitness value='0.729861'/>
	<unitsAverage value='88'/>
</results>
