<results>
	<result value='loss'/>
	<start value='2015-04-09.13:58:54'/>
	<end value='2015-04-09.13:59:28'/>
	<frames value='42162'/>
	<gameDuration value='2635'/>

	<player>
		<unitScore value='20000'/>
		<killScore value='31450'/>
		<buildingScore value='2625'/>
		<razingScore value='300'/>
		<mineralScore value='23846'/>
		<gasScore value='3520'/>
		<totalScore value='81741'/>
	</player>

	<enemy>
		<race value='Protoss'/>
		<unitScore value='31550'/>
		<unitScore value='31550'/>
		<killScore value='40000'/>
		<buildingScore value='7075'/>
		<razingScore value='7875'/>
		<mineralScore value='29702'/>
		<gasScore value='10726'/>
		<totalScore value='126928'/>
	</enemy>

	<scoreRatio value='0.643995'/>
</results>
