<results>
	<result value='win'/>
	<start value='2015-07-13.16:49:52'/>
	<end value='2015-07-13.16:50:56'/>
	<frames value='38535'/>
	<gameDuration value='2408'/>

	<player>
		<unitScore value='29200'/>
		<killScore value='39550'/>
		<buildingScore value='4875'/>
		<razingScore value='13875'/>
		<mineralScore value='39930'/>
		<gasScore value='5080'/>
		<totalScore value='132510'/>
	</player>

	<enemy>
		<race value='Protoss'/>
		<unitScore value='23625'/>
		<killScore value='32950'/>
		<buildingScore value='4625'/>
		<razingScore value='450'/>
		<mineralScore value='15430'/>
		<gasScore value='6736'/>
		<totalScore value='83816'/>
	</enemy>

	<scoreRatio value='1.58096'/>
	<timeFitness value='0.665556'/>
	<unitsAverage value='130'/>
</results>
