<results>
	<result value='draw'/>
	<start value='2015-07-13.17:03:09'/>
	<end value='2015-07-13.17:05:04'/>
	<frames value='57601'/>
	<gameDuration value='3600'/>

	<player>
		<unitScore value='35525'/>
		<killScore value='31700'/>
		<buildingScore value='4675'/>
		<razingScore value='1350'/>
		<mineralScore value='34630'/>
		<gasScore value='6280'/>
		<totalScore value='114160'/>
	</player>

	<enemy>
		<race value='Protoss'/>
		<unitScore value='29350'/>
		<killScore value='59950'/>
		<buildingScore value='5925'/>
		<razingScore value='7725'/>
		<mineralScore value='23226'/>
		<gasScore value='11130'/>
		<totalScore value='137306'/>
	</enemy>

	<scoreRatio value='0.831428'/>
	<timeFitness value='0.5'/>
	<unitsAverage value='132'/>
</results>
