<results>
	<result value='loss'/>
	<start value='2015-04-29.08:54:38'/>
	<end value='2015-04-29.08:55:08'/>
	<frames value='48610'/>
	<gameDuration value='3038'/>

	<player>
		<unitScore value='24300'/>
		<killScore value='37400'/>
		<buildingScore value='2150'/>
		<razingScore value='1500'/>
		<mineralScore value='23954'/>
		<gasScore value='4240'/>
		<totalScore value='93544'/>
	</player>

	<enemy>
		<race value='Protoss'/>
		<unitScore value='36950'/>
		<unitScore value='36950'/>
		<killScore value='48200'/>
		<buildingScore value='7525'/>
		<razingScore value='6450'/>
		<mineralScore value='33358'/>
		<gasScore value='11716'/>
		<totalScore value='144199'/>
	</enemy>

	<scoreRatio value='0.648715'/>
	<timeFitness value='0.421944'/>
	<unitsAverage value='63'/>
</results>
