<results>
	<result value='loss'/>
	<start value='2015-04-29.09:00:56'/>
	<end value='2015-04-29.09:01:07'/>
	<frames value='28026'/>
	<gameDuration value='1751'/>

	<player>
		<unitScore value='3675'/>
		<killScore value='2400'/>
		<buildingScore value='2000'/>
		<razingScore value='0'/>
		<mineralScore value='5850'/>
		<gasScore value='840'/>
		<totalScore value='14765'/>
	</player>

	<enemy>
		<race value='Protoss'/>
		<unitScore value='13250'/>
		<unitScore value='13250'/>
		<killScore value='7450'/>
		<buildingScore value='6925'/>
		<razingScore value='6000'/>
		<mineralScore value='17310'/>
		<gasScore value='6640'/>
		<totalScore value='57575'/>
	</enemy>

	<scoreRatio value='0.256448'/>
	<timeFitness value='0.243194'/>
	<unitsAverage value='22'/>
</results>
