<results>
	<result value='draw'/>
	<start value='2015-04-29.09:05:29'/>
	<end value='2015-04-29.09:06:20'/>
	<frames value='57601'/>
	<gameDuration value='3600'/>

	<player>
		<unitScore value='32625'/>
		<killScore value='38800'/>
		<buildingScore value='3500'/>
		<razingScore value='13725'/>
		<mineralScore value='35242'/>
		<gasScore value='4568'/>
		<totalScore value='128460'/>
	</player>

	<enemy>
		<race value='Protoss'/>
		<unitScore value='21100'/>
		<unitScore value='21100'/>
		<killScore value='55250'/>
		<buildingScore value='8650'/>
		<razingScore value='2625'/>
		<mineralScore value='27682'/>
		<gasScore value='10764'/>
		<totalScore value='126071'/>
	</enemy>

	<scoreRatio value='1.01895'/>
	<timeFitness value='0.5'/>
	<unitsAverage value='96'/>
</results>
