<results>
	<result value='loss'/>
	<start value='2015-04-29.09:06:22'/>
	<end value='2015-04-29.09:06:42'/>
	<frames value='38287'/>
	<gameDuration value='2392'/>

	<player>
		<unitScore value='13700'/>
		<killScore value='15300'/>
		<buildingScore value='3025'/>
		<razingScore value='0'/>
		<mineralScore value='16690'/>
		<gasScore value='3664'/>
		<totalScore value='52379'/>
	</player>

	<enemy>
		<race value='Protoss'/>
		<unitScore value='25625'/>
		<unitScore value='25625'/>
		<killScore value='27400'/>
		<buildingScore value='7125'/>
		<razingScore value='9075'/>
		<mineralScore value='26010'/>
		<gasScore value='10344'/>
		<totalScore value='105579'/>
	</enemy>

	<scoreRatio value='0.496112'/>
	<timeFitness value='0.332222'/>
	<unitsAverage value='46'/>
</results>
