<results>
	<result value='win'/>
	<start value='2015-04-29.09:06:45'/>
	<end value='2015-04-29.09:07:13'/>
	<frames value='32986'/>
	<gameDuration value='2061'/>

	<player>
		<unitScore value='20875'/>
		<killScore value='16400'/>
		<buildingScore value='3575'/>
		<razingScore value='16350'/>
		<mineralScore value='31518'/>
		<gasScore value='2984'/>
		<totalScore value='91702'/>
	</player>

	<enemy>
		<race value='Protoss'/>
		<unitScore value='8250'/>
		<unitScore value='8250'/>
		<killScore value='22100'/>
		<buildingScore value='5450'/>
		<razingScore value='0'/>
		<mineralScore value='23786'/>
		<gasScore value='936'/>
		<totalScore value='60522'/>
	</enemy>

	<scoreRatio value='1.51518'/>
	<timeFitness value='0.71375'/>
	<unitsAverage value='105'/>
</results>
