<results>
	<result value='win'/>
	<start value='2015-04-14.14:46:33'/>
	<end value='2015-04-14.14:47:08'/>
	<frames value='43092'/>
	<gameDuration value='2693'/>

	<player>
		<unitScore value='26375'/>
		<killScore value='38400'/>
		<buildingScore value='3650'/>
		<razingScore value='20175'/>
		<mineralScore value='29410'/>
		<gasScore value='3592'/>
		<totalScore value='121602'/>
	</player>

	<enemy>
		<race value='Protoss'/>
		<unitScore value='21050'/>
		<unitScore value='21050'/>
		<killScore value='34800'/>
		<buildingScore value='6725'/>
		<razingScore value='1350'/>
		<mineralScore value='20634'/>
		<gasScore value='5738'/>
		<totalScore value='90297'/>
	</enemy>

	<scoreRatio value='1.34669'/>
</results>
