<results>
	<result value='loss'/>
	<start value='2015-04-30.05:48:17'/>
	<end value='2015-04-30.05:48:29'/>
	<frames value='19501'/>
	<gameDuration value='1218'/>

	<player>
		<unitScore value='4175'/>
		<killScore value='2500'/>
		<buildingScore value='2050'/>
		<razingScore value='0'/>
		<mineralScore value='6274'/>
		<gasScore value='1184'/>
		<totalScore value='16183'/>
	</player>

	<enemy>
		<race value='Terran'/>
		<unitScore value='7800'/>
		<unitScore value='7800'/>
		<killScore value='8350'/>
		<buildingScore value='2850'/>
		<razingScore value='6150'/>
		<mineralScore value='8986'/>
		<gasScore value='3352'/>
		<totalScore value='37488'/>
	</enemy>

	<scoreRatio value='0.431685'/>
	<timeFitness value='0.169167'/>
	<unitsAverage value='28'/>
</results>
