<results>
	<result value='draw'/>
	<start value='2015-04-30.05:54:58'/>
	<end value='2015-04-30.05:55:47'/>
	<frames value='57601'/>
	<gameDuration value='3600'/>

	<player>
		<unitScore value='20125'/>
		<killScore value='27550'/>
		<buildingScore value='3250'/>
		<razingScore value='2175'/>
		<mineralScore value='22734'/>
		<gasScore value='7950'/>
		<totalScore value='83784'/>
	</player>

	<enemy>
		<race value='Terran'/>
		<unitScore value='20075'/>
		<unitScore value='20075'/>
		<killScore value='33550'/>
		<buildingScore value='4650'/>
		<razingScore value='3975'/>
		<mineralScore value='18374'/>
		<gasScore value='10918'/>
		<totalScore value='91542'/>
	</enemy>

	<scoreRatio value='0.915252'/>
	<timeFitness value='0.5'/>
	<unitsAverage value='68'/>
</results>
