<results>
	<result value='win'/>
	<start value='2015-04-30.05:56:10'/>
	<end value='2015-04-30.05:56:22'/>
	<frames value='16742'/>
	<gameDuration value='1046'/>

	<player>
		<unitScore value='5450'/>
		<killScore value='9000'/>
		<buildingScore value='1875'/>
		<razingScore value='4350'/>
		<mineralScore value='8698'/>
		<gasScore value='1168'/>
		<totalScore value='30541'/>
	</player>

	<enemy>
		<race value='Terran'/>
		<unitScore value='4500'/>
		<unitScore value='4500'/>
		<killScore value='1600'/>
		<buildingScore value='1450'/>
		<razingScore value='0'/>
		<mineralScore value='7626'/>
		<gasScore value='1880'/>
		<totalScore value='17056'/>
	</enemy>

	<scoreRatio value='1.79063'/>
	<timeFitness value='0.854722'/>
	<unitsAverage value='44'/>
</results>
