<results>
	<result value='loss'/>
	<start value='2015-04-14.06:05:22'/>
	<end value='2015-04-14.06:05:49'/>
	<frames value='28522'/>
	<gameDuration value='1782'/>

	<player>
		<unitScore value='7200'/>
		<killScore value='3300'/>
		<buildingScore value='1775'/>
		<razingScore value='0'/>
		<mineralScore value='8698'/>
		<gasScore value='1800'/>
		<totalScore value='22773'/>
	</player>

	<enemy>
		<race value='Protoss'/>
		<unitScore value='13375'/>
		<unitScore value='13375'/>
		<killScore value='14400'/>
		<buildingScore value='6875'/>
		<razingScore value='5325'/>
		<mineralScore value='17582'/>
		<gasScore value='6784'/>
		<totalScore value='64341'/>
	</enemy>

	<scoreRatio value='0.353942'/>
</results>
