<results>
	<result value='loss'/>
	<start value='2015-07-14.04:20:47'/>
	<end value='2015-07-14.04:21:00'/>
	<frames value='16091'/>
	<gameDuration value='1005'/>

	<player>
		<unitScore value='4275'/>
		<killScore value='400'/>
		<buildingScore value='1450'/>
		<razingScore value='0'/>
		<mineralScore value='5338'/>
		<gasScore value='784'/>
		<totalScore value='12247'/>
	</player>

	<enemy>
		<race value='Protoss'/>
		<unitScore value='3800'/>
		<killScore value='7750'/>
		<buildingScore value='3375'/>
		<razingScore value='4350'/>
		<mineralScore value='8514'/>
		<gasScore value='1360'/>
		<totalScore value='29149'/>
	</enemy>

	<scoreRatio value='0.420152'/>
	<timeFitness value='0.139583'/>
	<unitsAverage value='27'/>
</results>
