<results>
	<result value='win'/>
	<start value='2015-04-17.04:10:21'/>
	<end value='2015-04-17.04:11:12'/>
	<frames value='28212'/>
	<gameDuration value='1763'/>

	<player>
		<unitScore value='16900'/>
		<killScore value='18400'/>
		<buildingScore value='3950'/>
		<razingScore value='13875'/>
		<mineralScore value='21586'/>
		<gasScore value='2808'/>
		<totalScore value='77519'/>
	</player>

	<enemy>
		<race value='Protoss'/>
		<unitScore value='9900'/>
		<unitScore value='9900'/>
		<killScore value='13300'/>
		<buildingScore value='4625'/>
		<razingScore value='0'/>
		<mineralScore value='12114'/>
		<gasScore value='4288'/>
		<totalScore value='44227'/>
	</enemy>

	<scoreRatio value='1.75275'/>
</results>
