<results>
	<result value='loss'/>
	<start value='2014-07-04.03:17:48'/>
	<end value='2014-07-04.03:17:56'/>
	<frames value='16246'/>
	<gameDuration value='1015'/>

	<player>
		<unitScore value='4125'/>
		<killScore value='600'/>
		<buildingScore value='1475'/>
		<razingScore value='0'/>
		<mineralScore value='5354'/>
		<gasScore value='1072'/>
		<totalScore value='12626'/>
	</player>

	<enemy>
		<race value='Protoss'/>
		<unitScore value='4625'/>
		<unitScore value='4625'/>
		<killScore value='8250'/>
		<buildingScore value='3375'/>
		<razingScore value='4425'/>
		<mineralScore value='8146'/>
		<gasScore value='2176'/>
		<totalScore value='30997'/>
	</enemy>

	<scoreRatio value='0.40733'/>
</results>
