<results>
	<result value='win'/>
	<start value='2015-04-25.04:24:18'/>
	<end value='2015-04-25.04:24:49'/>
	<frames value='34722'/>
	<gameDuration value='2170'/>

	<player>
		<unitScore value='17550'/>
		<killScore value='26750'/>
		<buildingScore value='3925'/>
		<razingScore value='11250'/>
		<mineralScore value='22314'/>
		<gasScore value='3008'/>
		<totalScore value='84797'/>
	</player>

	<enemy>
		<race value='Terran'/>
		<unitScore value='13375'/>
		<unitScore value='13375'/>
		<killScore value='17650'/>
		<buildingScore value='3900'/>
		<razingScore value='3150'/>
		<mineralScore value='14866'/>
		<gasScore value='5180'/>
		<totalScore value='58121'/>
	</enemy>

	<scoreRatio value='1.45897'/>
</results>
