<results>
	<result value='win'/>
	<start value='2015-04-25.04:33:29'/>
	<end value='2015-04-25.04:33:44'/>
	<frames value='21144'/>
	<gameDuration value='1321'/>

	<player>
		<unitScore value='8600'/>
		<killScore value='14400'/>
		<buildingScore value='3075'/>
		<razingScore value='5250'/>
		<mineralScore value='14178'/>
		<gasScore value='1648'/>
		<totalScore value='47151'/>
	</player>

	<enemy>
		<race value='Terran'/>
		<unitScore value='7200'/>
		<unitScore value='7200'/>
		<killScore value='4250'/>
		<buildingScore value='1750'/>
		<razingScore value='1350'/>
		<mineralScore value='8658'/>
		<gasScore value='2728'/>
		<totalScore value='25936'/>
	</enemy>

	<scoreRatio value='1.81798'/>
</results>
