<results>
	<result value='loss'/>
	<start value='2015-07-14.12:52:23'/>
	<end value='2015-07-14.12:53:22'/>
	<frames value='46719'/>
	<gameDuration value='2919'/>

	<player>
		<unitScore value='24200'/>
		<killScore value='16500'/>
		<buildingScore value='3275'/>
		<razingScore value='3450'/>
		<mineralScore value='32334'/>
		<gasScore value='3640'/>
		<totalScore value='83399'/>
	</player>

	<enemy>
		<race value='Protoss'/>
		<unitScore value='26825'/>
		<killScore value='46750'/>
		<buildingScore value='7575'/>
		<razingScore value='9825'/>
		<mineralScore value='27026'/>
		<gasScore value='10718'/>
		<totalScore value='128719'/>
	</enemy>

	<scoreRatio value='0.647915'/>
	<timeFitness value='0.405417'/>
	<unitsAverage value='84'/>
</results>
