<results>
	<result value='win'/>
	<start value='2015-04-29.23:15:12'/>
	<end value='2015-04-29.23:15:37'/>
	<frames value='24988'/>
	<gameDuration value='1561'/>

	<player>
		<unitScore value='15225'/>
		<killScore value='20660'/>
		<buildingScore value='4275'/>
		<razingScore value='5655'/>
		<mineralScore value='21002'/>
		<gasScore value='1656'/>
		<totalScore value='68473'/>
	</player>

	<enemy>
		<race value='Zerg'/>
		<unitScore value='9575'/>
		<unitScore value='9575'/>
		<killScore value='10300'/>
		<buildingScore value='1885'/>
		<razingScore value='0'/>
		<mineralScore value='9530'/>
		<gasScore value='3320'/>
		<totalScore value='34610'/>
	</enemy>

	<scoreRatio value='1.97842'/>
	<timeFitness value='0.783194'/>
	<unitsAverage value='83'/>
</results>
