<results>
	<result value='win'/>
	<start value='2015-05-03.20:12:24'/>
	<end value='2015-05-03.20:12:57'/>
	<frames value='25174'/>
	<gameDuration value='1573'/>

	<player>
		<unitScore value='16375'/>
		<killScore value='22030'/>
		<buildingScore value='4650'/>
		<razingScore value='4560'/>
		<mineralScore value='22394'/>
		<gasScore value='1928'/>
		<totalScore value='71937'/>
	</player>

	<enemy>
		<race value='Zerg'/>
		<unitScore value='9775'/>
		<unitScore value='9775'/>
		<killScore value='8100'/>
		<buildingScore value='1520'/>
		<razingScore value='0'/>
		<mineralScore value='9010'/>
		<gasScore value='2616'/>
		<totalScore value='31021'/>
	</enemy>

	<scoreRatio value='2.31898'/>
	<timeFitness value='0.781528'/>
	<unitsAverage value='99'/>
</results>
