<results>
	<result value='loss'/>
	<start value='2015-04-15.02:58:11'/>
	<end value='2015-04-15.02:58:25'/>
	<frames value='16556'/>
	<gameDuration value='1034'/>

	<player>
		<unitScore value='3225'/>
		<killScore value='1400'/>
		<buildingScore value='1750'/>
		<razingScore value='0'/>
		<mineralScore value='5162'/>
		<gasScore value='472'/>
		<totalScore value='12009'/>
	</player>

	<enemy>
		<race value='Protoss'/>
		<unitScore value='3600'/>
		<unitScore value='3600'/>
		<killScore value='6450'/>
		<buildingScore value='4025'/>
		<razingScore value='5250'/>
		<mineralScore value='8850'/>
		<gasScore value='1768'/>
		<totalScore value='29943'/>
	</enemy>

	<scoreRatio value='0.401062'/>
</results>
