<results>
	<result value='loss'/>
	<start value='2015-04-29.22:08:09'/>
	<end value='2015-04-29.22:08:20'/>
	<frames value='16060'/>
	<gameDuration value='1003'/>

	<player>
		<unitScore value='3600'/>
		<killScore value='2900'/>
		<buildingScore value='1625'/>
		<razingScore value='0'/>
		<mineralScore value='5818'/>
		<gasScore value='616'/>
		<totalScore value='14559'/>
	</player>

	<enemy>
		<race value='Protoss'/>
		<unitScore value='3550'/>
		<unitScore value='3550'/>
		<killScore value='6950'/>
		<buildingScore value='3525'/>
		<razingScore value='4875'/>
		<mineralScore value='8306'/>
		<gasScore value='1640'/>
		<totalScore value='28846'/>
	</enemy>

	<scoreRatio value='0.504715'/>
</results>
