<results>
	<result value='loss'/>
	<start value='2015-07-19.06:16:30'/>
	<end value='2015-07-19.06:16:54'/>
	<frames value='24988'/>
	<gameDuration value='1561'/>

	<player>
		<unitScore value='11950'/>
		<killScore value='7300'/>
		<buildingScore value='3350'/>
		<razingScore value='0'/>
		<mineralScore value='15434'/>
		<gasScore value='2040'/>
		<totalScore value='40074'/>
	</player>

	<enemy>
		<race value='Zerg'/>
		<unitScore value='9425'/>
		<killScore value='20150'/>
		<buildingScore value='3085'/>
		<razingScore value='10050'/>
		<mineralScore value='13978'/>
		<gasScore value='4312'/>
		<totalScore value='61000'/>
	</enemy>

	<scoreRatio value='0.656951'/>
	<timeFitness value='0.216806'/>
	<unitsAverage value='58'/>
</results>
