<results>
	<result value='loss'/>
	<start value='2015-07-19.06:31:23'/>
	<end value='2015-07-19.06:31:57'/>
	<frames value='23965'/>
	<gameDuration value='1497'/>

	<player>
		<unitScore value='9075'/>
		<killScore value='4700'/>
		<buildingScore value='3075'/>
		<razingScore value='0'/>
		<mineralScore value='14850'/>
		<gasScore value='1168'/>
		<totalScore value='32868'/>
	</player>

	<enemy>
		<race value='Zerg'/>
		<unitScore value='11525'/>
		<killScore value='14800'/>
		<buildingScore value='3150'/>
		<razingScore value='9225'/>
		<mineralScore value='13218'/>
		<gasScore value='4144'/>
		<totalScore value='56062'/>
	</enemy>

	<scoreRatio value='0.586279'/>
	<timeFitness value='0.207917'/>
	<unitsAverage value='53'/>
</results>
