<results>
	<result value='draw'/>
	<start value='2015-07-12.23:29:59'/>
	<end value='2015-07-12.23:32:07'/>
	<frames value='57601'/>
	<gameDuration value='3600'/>

	<player>
		<unitScore value='30725'/>
		<killScore value='17800'/>
		<buildingScore value='3075'/>
		<razingScore value='300'/>
		<mineralScore value='24042'/>
		<gasScore value='5686'/>
		<totalScore value='81628'/>
	</player>

	<enemy>
		<race value='Protoss'/>
		<unitScore value='19850'/>
		<killScore value='47850'/>
		<buildingScore value='5750'/>
		<razingScore value='600'/>
		<mineralScore value='38802'/>
		<gasScore value='16364'/>
		<totalScore value='129216'/>
	</enemy>

	<scoreRatio value='0.631717'/>
	<timeFitness value='0.5'/>
	<unitsAverage value='102'/>
</results>
