<results>
	<result value='loss'/>
	<start value='2014-07-11.16:13:09'/>
	<end value='2014-07-11.16:13:22'/>
	<frames value='24027'/>
	<gameDuration value='1501'/>

	<player>
		<unitScore value='7725'/>
		<killScore value='5150'/>
		<buildingScore value='1950'/>
		<razingScore value='0'/>
		<mineralScore value='10018'/>
		<gasScore value='1264'/>
		<totalScore value='26107'/>
	</player>

	<enemy>
		<race value='Terran'/>
		<unitScore value='10700'/>
		<unitScore value='10700'/>
		<killScore value='15450'/>
		<buildingScore value='3900'/>
		<razingScore value='5850'/>
		<mineralScore value='11826'/>
		<gasScore value='5424'/>
		<totalScore value='53150'/>
	</enemy>

	<scoreRatio value='0.491195'/>
</results>
