<results>
	<result value='loss'/>
	<start value='2014-07-11.16:16:29'/>
	<end value='2014-07-11.16:16:38'/>
	<frames value='17269'/>
	<gameDuration value='1079'/>

	<player>
		<unitScore value='3400'/>
		<killScore value='550'/>
		<buildingScore value='1975'/>
		<razingScore value='0'/>
		<mineralScore value='5114'/>
		<gasScore value='472'/>
		<totalScore value='11511'/>
	</player>

	<enemy>
		<race value='Terran'/>
		<unitScore value='5600'/>
		<unitScore value='5600'/>
		<killScore value='6800'/>
		<buildingScore value='1800'/>
		<razingScore value='5925'/>
		<mineralScore value='7986'/>
		<gasScore value='2696'/>
		<totalScore value='30807'/>
	</enemy>

	<scoreRatio value='0.373649'/>
</results>
