<results>
	<result value='draw'/>
	<start value='2015-05-05.17:10:17'/>
	<end value='2015-05-05.17:11:28'/>
	<frames value='57601'/>
	<gameDuration value='3600'/>

	<player>
		<unitScore value='20875'/>
		<killScore value='34000'/>
		<buildingScore value='3250'/>
		<razingScore value='7050'/>
		<mineralScore value='24050'/>
		<gasScore value='3920'/>
		<totalScore value='93145'/>
	</player>

	<enemy>
		<race value='Terran'/>
		<unitScore value='25925'/>
		<unitScore value='25925'/>
		<killScore value='31000'/>
		<buildingScore value='5425'/>
		<razingScore value='3225'/>
		<mineralScore value='21958'/>
		<gasScore value='12122'/>
		<totalScore value='99655'/>
	</enemy>

	<scoreRatio value='0.934675'/>
	<timeFitness value='0.5'/>
	<unitsAverage value='58'/>
</results>
