<results>
	<result value='draw'/>
	<start value='2015-05-05.17:07:11'/>
	<end value='2015-05-05.17:08:54'/>
	<frames value='57601'/>
	<gameDuration value='3600'/>

	<player>
		<unitScore value='23775'/>
		<killScore value='49400'/>
		<buildingScore value='3475'/>
		<razingScore value='11250'/>
		<mineralScore value='25826'/>
		<gasScore value='4816'/>
		<totalScore value='118542'/>
	</player>

	<enemy>
		<race value='Terran'/>
		<unitScore value='25200'/>
		<unitScore value='25200'/>
		<killScore value='29300'/>
		<buildingScore value='4600'/>
		<razingScore value='3300'/>
		<mineralScore value='19342'/>
		<gasScore value='10594'/>
		<totalScore value='92336'/>
	</enemy>

	<scoreRatio value='1.28381'/>
	<timeFitness value='0.5'/>
	<unitsAverage value='93'/>
</results>
