<results>
	<result value='win'/>
	<start value='2015-05-05.17:16:19'/>
	<end value='2015-05-05.17:16:41'/>
	<frames value='19191'/>
	<gameDuration value='1199'/>

	<player>
		<unitScore value='6950'/>
		<killScore value='13050'/>
		<buildingScore value='2475'/>
		<razingScore value='5025'/>
		<mineralScore value='11146'/>
		<gasScore value='1632'/>
		<totalScore value='40278'/>
	</player>

	<enemy>
		<race value='Terran'/>
		<unitScore value='6525'/>
		<unitScore value='6525'/>
		<killScore value='4300'/>
		<buildingScore value='1750'/>
		<razingScore value='1350'/>
		<mineralScore value='8122'/>
		<gasScore value='2664'/>
		<totalScore value='24711'/>
	</enemy>

	<scoreRatio value='1.62996'/>
	<timeFitness value='0.833472'/>
	<unitsAverage value='49'/>
</results>
