<results>
	<result value='win'/>
	<start value='2015-05-05.17:34:36'/>
	<end value='2015-05-05.17:35:23'/>
	<frames value='26507'/>
	<gameDuration value='1656'/>

	<player>
		<unitScore value='14300'/>
		<killScore value='20300'/>
		<buildingScore value='4575'/>
		<razingScore value='8400'/>
		<mineralScore value='23802'/>
		<gasScore value='2800'/>
		<totalScore value='74177'/>
	</player>

	<enemy>
		<race value='Terran'/>
		<unitScore value='10150'/>
		<unitScore value='10150'/>
		<killScore value='6700'/>
		<buildingScore value='2800'/>
		<razingScore value='375'/>
		<mineralScore value='11146'/>
		<gasScore value='4048'/>
		<totalScore value='35219'/>
	</enemy>

	<scoreRatio value='2.10616'/>
	<timeFitness value='0.77'/>
	<unitsAverage value='94'/>
</results>
