<results>
	<result value='win'/>
	<start value='2015-05-05.17:43:57'/>
	<end value='2015-05-05.17:44:45'/>
	<frames value='27065'/>
	<gameDuration value='1691'/>

	<player>
		<unitScore value='15775'/>
		<killScore value='19800'/>
		<buildingScore value='5400'/>
		<razingScore value='5850'/>
		<mineralScore value='26882'/>
		<gasScore value='2760'/>
		<totalScore value='76467'/>
	</player>

	<enemy>
		<race value='Terran'/>
		<unitScore value='9900'/>
		<unitScore value='9900'/>
		<killScore value='11750'/>
		<buildingScore value='1950'/>
		<razingScore value='2625'/>
		<mineralScore value='8810'/>
		<gasScore value='2848'/>
		<totalScore value='37883'/>
	</enemy>

	<scoreRatio value='2.0185'/>
	<timeFitness value='0.765139'/>
	<unitsAverage value='95'/>
</results>
