<results>
	<result value='win'/>
	<start value='2015-05-11.05:24:43'/>
	<end value='2015-05-11.05:25:09'/>
	<frames value='22229'/>
	<gameDuration value='1389'/>

	<player>
		<unitScore value='9600'/>
		<killScore value='16790'/>
		<buildingScore value='2725'/>
		<razingScore value='5535'/>
		<mineralScore value='12810'/>
		<gasScore value='2168'/>
		<totalScore value='49628'/>
	</player>

	<enemy>
		<race value='Zerg'/>
		<unitScore value='7700'/>
		<unitScore value='7700'/>
		<killScore value='5500'/>
		<buildingScore value='1845'/>
		<razingScore value='375'/>
		<mineralScore value='8146'/>
		<gasScore value='2064'/>
		<totalScore value='25630'/>
	</enemy>

	<scoreRatio value='1.93632'/>
	<timeFitness value='0.807083'/>
	<unitsAverage value='64'/>
</results>
