<results>
	<result value='win'/>
	<start value='2015-05-11.05:38:31'/>
	<end value='2015-05-11.05:40:01'/>
	<frames value='37946'/>
	<gameDuration value='2371'/>

	<player>
		<unitScore value='21100'/>
		<killScore value='27695'/>
		<buildingScore value='4500'/>
		<razingScore value='6255'/>
		<mineralScore value='35294'/>
		<gasScore value='3480'/>
		<totalScore value='98324'/>
	</player>

	<enemy>
		<race value='Zerg'/>
		<unitScore value='12625'/>
		<unitScore value='12625'/>
		<killScore value='16950'/>
		<buildingScore value='2085'/>
		<razingScore value='0'/>
		<mineralScore value='12722'/>
		<gasScore value='4040'/>
		<totalScore value='48422'/>
	</enemy>

	<scoreRatio value='2.03056'/>
	<timeFitness value='0.670694'/>
	<unitsAverage value='136'/>
</results>
