<results>
	<result value='win'/>
	<start value='2015-05-11.09:14:32'/>
	<end value='2015-05-11.09:16:23'/>
	<frames value='43123'/>
	<gameDuration value='2695'/>

	<player>
		<unitScore value='30375'/>
		<killScore value='40630'/>
		<buildingScore value='4325'/>
		<razingScore value='6975'/>
		<mineralScore value='41358'/>
		<gasScore value='4224'/>
		<totalScore value='127887'/>
	</player>

	<enemy>
		<race value='Zerg'/>
		<unitScore value='19725'/>
		<unitScore value='19725'/>
		<killScore value='35350'/>
		<buildingScore value='2325'/>
		<razingScore value='150'/>
		<mineralScore value='15866'/>
		<gasScore value='6414'/>
		<totalScore value='79830'/>
	</enemy>

	<scoreRatio value='1.60199'/>
	<timeFitness value='0.625694'/>
	<unitsAverage value='153'/>
</results>
