<results>
	<result value='win'/>
	<start value='2015-05-11.09:19:29'/>
	<end value='2015-05-11.09:20:23'/>
	<frames value='30971'/>
	<gameDuration value='1935'/>

	<player>
		<unitScore value='17125'/>
		<killScore value='18555'/>
		<buildingScore value='4800'/>
		<razingScore value='8715'/>
		<mineralScore value='27130'/>
		<gasScore value='2264'/>
		<totalScore value='78589'/>
	</player>

	<enemy>
		<race value='Zerg'/>
		<unitScore value='9275'/>
		<unitScore value='9275'/>
		<killScore value='11200'/>
		<buildingScore value='2905'/>
		<razingScore value='1350'/>
		<mineralScore value='11426'/>
		<gasScore value='3952'/>
		<totalScore value='40108'/>
	</enemy>

	<scoreRatio value='1.95943'/>
	<timeFitness value='0.73125'/>
	<unitsAverage value='106'/>
</results>
