<results>
	<result value='win'/>
	<start value='2015-05-11.09:21:11'/>
	<end value='2015-05-11.09:22:04'/>
	<frames value='30072'/>
	<gameDuration value='1879'/>

	<player>
		<unitScore value='19325'/>
		<killScore value='28540'/>
		<buildingScore value='3625'/>
		<razingScore value='9615'/>
		<mineralScore value='28906'/>
		<gasScore value='2624'/>
		<totalScore value='92635'/>
	</player>

	<enemy>
		<race value='Zerg'/>
		<unitScore value='13950'/>
		<unitScore value='13950'/>
		<killScore value='14700'/>
		<buildingScore value='3205'/>
		<razingScore value='150'/>
		<mineralScore value='15826'/>
		<gasScore value='5304'/>
		<totalScore value='53135'/>
	</enemy>

	<scoreRatio value='1.74339'/>
	<timeFitness value='0.739028'/>
	<unitsAverage value='109'/>
</results>
