<results>
	<result value='win'/>
	<start value='2015-05-11.09:24:18'/>
	<end value='2015-05-11.09:25:00'/>
	<frames value='26476'/>
	<gameDuration value='1654'/>

	<player>
		<unitScore value='16650'/>
		<killScore value='21190'/>
		<buildingScore value='3575'/>
		<razingScore value='7290'/>
		<mineralScore value='23374'/>
		<gasScore value='2160'/>
		<totalScore value='74239'/>
	</player>

	<enemy>
		<race value='Zerg'/>
		<unitScore value='10450'/>
		<unitScore value='10450'/>
		<killScore value='9200'/>
		<buildingScore value='2430'/>
		<razingScore value='0'/>
		<mineralScore value='11098'/>
		<gasScore value='3592'/>
		<totalScore value='36770'/>
	</enemy>

	<scoreRatio value='2.01901'/>
	<timeFitness value='0.770278'/>
	<unitsAverage value='95'/>
</results>
