<results>
	<result value='win'/>
	<start value='2015-05-11.09:26:33'/>
	<end value='2015-05-11.09:28:04'/>
	<frames value='50315'/>
	<gameDuration value='3144'/>

	<player>
		<unitScore value='25575'/>
		<killScore value='61315'/>
		<buildingScore value='2950'/>
		<razingScore value='14295'/>
		<mineralScore value='26578'/>
		<gasScore value='5172'/>
		<totalScore value='135885'/>
	</player>

	<enemy>
		<race value='Zerg'/>
		<unitScore value='28800'/>
		<unitScore value='28800'/>
		<killScore value='32750'/>
		<buildingScore value='4765'/>
		<razingScore value='2325'/>
		<mineralScore value='25114'/>
		<gasScore value='9992'/>
		<totalScore value='103746'/>
	</enemy>

	<scoreRatio value='1.30979'/>
	<timeFitness value='0.563333'/>
	<unitsAverage value='113'/>
</results>
