<results>
	<result value='loss'/>
	<start value='2015-05-10.01:12:50'/>
	<end value='2015-05-10.01:13:41'/>
	<frames value='49788'/>
	<gameDuration value='3111'/>

	<player>
		<unitScore value='24575'/>
		<killScore value='42000'/>
		<buildingScore value='2500'/>
		<razingScore value='1200'/>
		<mineralScore value='24050'/>
		<gasScore value='5034'/>
		<totalScore value='99359'/>
	</player>

	<enemy>
		<race value='Protoss'/>
		<unitScore value='39140'/>
		<unitScore value='39140'/>
		<killScore value='49150'/>
		<buildingScore value='7875'/>
		<razingScore value='7500'/>
		<mineralScore value='34086'/>
		<gasScore value='13652'/>
		<totalScore value='151403'/>
	</enemy>

	<scoreRatio value='0.656255'/>
	<timeFitness value='0.432083'/>
	<unitsAverage value='84'/>
</results>
