<results>
	<result value='loss'/>
	<start value='2015-05-10.01:17:12'/>
	<end value='2015-05-10.01:17:25'/>
	<frames value='27747'/>
	<gameDuration value='1734'/>

	<player>
		<unitScore value='6300'/>
		<killScore value='3250'/>
		<buildingScore value='1875'/>
		<razingScore value='0'/>
		<mineralScore value='8594'/>
		<gasScore value='920'/>
		<totalScore value='20939'/>
	</player>

	<enemy>
		<race value='Protoss'/>
		<unitScore value='11350'/>
		<unitScore value='11350'/>
		<killScore value='12600'/>
		<buildingScore value='6525'/>
		<razingScore value='5625'/>
		<mineralScore value='16194'/>
		<gasScore value='5688'/>
		<totalScore value='57982'/>
	</enemy>

	<scoreRatio value='0.361129'/>
	<timeFitness value='0.240833'/>
	<unitsAverage value='27'/>
</results>
