<results>
	<result value='win'/>
	<start value='2015-04-27.15:25:51'/>
	<end value='2015-04-27.15:26:16'/>
	<frames value='33172'/>
	<gameDuration value='2073'/>

	<player>
		<unitScore value='19825'/>
		<killScore value='25450'/>
		<buildingScore value='4050'/>
		<razingScore value='10125'/>
		<mineralScore value='25606'/>
		<gasScore value='3240'/>
		<totalScore value='88296'/>
	</player>

	<enemy>
		<race value='Terran'/>
		<unitScore value='13025'/>
		<unitScore value='13025'/>
		<killScore value='21250'/>
		<buildingScore value='3375'/>
		<razingScore value='1725'/>
		<mineralScore value='11850'/>
		<gasScore value='5318'/>
		<totalScore value='56543'/>
	</enemy>

	<scoreRatio value='1.56157'/>
</results>
