<results>
	<result value='win'/>
	<start value='2015-04-27.15:28:25'/>
	<end value='2015-04-27.15:28:49'/>
	<frames value='30444'/>
	<gameDuration value='1902'/>

	<player>
		<unitScore value='18625'/>
		<killScore value='24450'/>
		<buildingScore value='4175'/>
		<razingScore value='8625'/>
		<mineralScore value='29326'/>
		<gasScore value='3344'/>
		<totalScore value='88545'/>
	</player>

	<enemy>
		<race value='Terran'/>
		<unitScore value='12825'/>
		<unitScore value='12825'/>
		<killScore value='17350'/>
		<buildingScore value='2875'/>
		<razingScore value='300'/>
		<mineralScore value='12050'/>
		<gasScore value='4768'/>
		<totalScore value='50168'/>
	</enemy>

	<scoreRatio value='1.76497'/>
</results>
