<results>
	<result value='draw'/>
	<start value='2015-04-27.12:56:45'/>
	<end value='2015-04-27.12:57:36'/>
	<frames value='57601'/>
	<gameDuration value='3600'/>

	<player>
		<unitScore value='22875'/>
		<killScore value='27000'/>
		<buildingScore value='2725'/>
		<razingScore value='900'/>
		<mineralScore value='25002'/>
		<gasScore value='5730'/>
		<totalScore value='84232'/>
	</player>

	<enemy>
		<race value='Terran'/>
		<unitScore value='27575'/>
		<unitScore value='27575'/>
		<killScore value='37950'/>
		<buildingScore value='4375'/>
		<razingScore value='2325'/>
		<mineralScore value='19550'/>
		<gasScore value='12236'/>
		<totalScore value='104011'/>
	</enemy>

	<scoreRatio value='0.809837'/>
</results>
