<results>
	<result value='win'/>
	<start value='2015-04-08.02:25:55'/>
	<end value='2015-04-08.02:26:31'/>
	<frames value='32769'/>
	<gameDuration value='2048'/>

	<player>
		<unitScore value='22475'/>
		<killScore value='23500'/>
		<buildingScore value='4075'/>
		<razingScore value='17025'/>
		<mineralScore value='29938'/>
		<gasScore value='3192'/>
		<totalScore value='100205'/>
	</player>

	<enemy>
		<race value='Protoss'/>
		<unitScore value='12675'/>
		<unitScore value='12675'/>
		<killScore value='22100'/>
		<buildingScore value='5675'/>
		<razingScore value='450'/>
		<mineralScore value='16114'/>
		<gasScore value='5592'/>
		<totalScore value='62606'/>
	</enemy>

	<scoreRatio value='1.60057'/>
</results>
