<results>
	<result value='win'/>
	<start value='2015-05-08.23:39:48'/>
	<end value='2015-05-08.23:40:14'/>
	<frames value='26507'/>
	<gameDuration value='1656'/>

	<player>
		<unitScore value='13650'/>
		<killScore value='18450'/>
		<buildingScore value='3525'/>
		<razingScore value='8400'/>
		<mineralScore value='20146'/>
		<gasScore value='2912'/>
		<totalScore value='67083'/>
	</player>

	<enemy>
		<race value='Terran'/>
		<unitScore value='9225'/>
		<unitScore value='9225'/>
		<killScore value='10550'/>
		<buildingScore value='2800'/>
		<razingScore value='600'/>
		<mineralScore value='9314'/>
		<gasScore value='3328'/>
		<totalScore value='35817'/>
	</enemy>

	<scoreRatio value='1.87294'/>
	<timeFitness value='0.77'/>
	<unitsAverage value='72'/>
</results>
