<results>
	<result value='loss'/>
	<start value='2015-05-08.23:40:37'/>
	<end value='2015-05-08.23:40:47'/>
	<frames value='16587'/>
	<gameDuration value='1036'/>

	<player>
		<unitScore value='3400'/>
		<killScore value='700'/>
		<buildingScore value='1525'/>
		<razingScore value='0'/>
		<mineralScore value='4770'/>
		<gasScore value='784'/>
		<totalScore value='11179'/>
	</player>

	<enemy>
		<race value='Terran'/>
		<unitScore value='5700'/>
		<unitScore value='5700'/>
		<killScore value='6800'/>
		<buildingScore value='2225'/>
		<razingScore value='4575'/>
		<mineralScore value='7538'/>
		<gasScore value='2560'/>
		<totalScore value='29398'/>
	</enemy>

	<scoreRatio value='0.380264'/>
	<timeFitness value='0.143889'/>
	<unitsAverage value='24'/>
</results>
