<results>
	<result value='win'/>
	<start value='2015-04-12.14:41:58'/>
	<end value='2015-04-12.14:42:15'/>
	<frames value='23748'/>
	<gameDuration value='1484'/>

	<player>
		<unitScore value='12350'/>
		<killScore value='10800'/>
		<buildingScore value='3625'/>
		<razingScore value='11475'/>
		<mineralScore value='18598'/>
		<gasScore value='2296'/>
		<totalScore value='59144'/>
	</player>

	<enemy>
		<race value='Protoss'/>
		<unitScore value='5400'/>
		<unitScore value='5400'/>
		<killScore value='7600'/>
		<buildingScore value='3825'/>
		<razingScore value='0'/>
		<mineralScore value='10330'/>
		<gasScore value='1640'/>
		<totalScore value='28795'/>
	</enemy>

	<scoreRatio value='2.05397'/>
</results>
