<results>
	<result value='loss'/>
	<start value='2015-07-20.23:23:57'/>
	<end value='2015-07-20.23:24:18'/>
	<frames value='26414'/>
	<gameDuration value='1650'/>

	<player>
		<unitScore value='13275'/>
		<killScore value='8250'/>
		<buildingScore value='3600'/>
		<razingScore value='0'/>
		<mineralScore value='14706'/>
		<gasScore value='2104'/>
		<totalScore value='41935'/>
	</player>

	<enemy>
		<race value='Zerg'/>
		<unitScore value='12425'/>
		<killScore value='23300'/>
		<buildingScore value='3255'/>
		<razingScore value='10800'/>
		<mineralScore value='14766'/>
		<gasScore value='4376'/>
		<totalScore value='68922'/>
	</enemy>

	<scoreRatio value='0.608441'/>
	<timeFitness value='0.229167'/>
	<unitsAverage value='52'/>
</results>
