<results>
	<result value='loss'/>
	<start value='2015-07-20.23:25:53'/>
	<end value='2015-07-20.23:26:05'/>
	<frames value='17517'/>
	<gameDuration value='1094'/>

	<player>
		<unitScore value='5875'/>
		<killScore value='400'/>
		<buildingScore value='1400'/>
		<razingScore value='0'/>
		<mineralScore value='6258'/>
		<gasScore value='1248'/>
		<totalScore value='15181'/>
	</player>

	<enemy>
		<race value='Zerg'/>
		<unitScore value='6925'/>
		<killScore value='6200'/>
		<buildingScore value='1735'/>
		<razingScore value='4200'/>
		<mineralScore value='7938'/>
		<gasScore value='2248'/>
		<totalScore value='29246'/>
	</enemy>

	<scoreRatio value='0.51908'/>
	<timeFitness value='0.151944'/>
	<unitsAverage value='41'/>
</results>
