<results>
	<result value='loss'/>
	<start value='2015-04-13.03:03:45'/>
	<end value='2015-04-13.03:03:53'/>
	<frames value='16122'/>
	<gameDuration value='1007'/>

	<player>
		<unitScore value='3875'/>
		<killScore value='600'/>
		<buildingScore value='1850'/>
		<razingScore value='0'/>
		<mineralScore value='6162'/>
		<gasScore value='672'/>
		<totalScore value='13159'/>
	</player>

	<enemy>
		<race value='Protoss'/>
		<unitScore value='3600'/>
		<unitScore value='3600'/>
		<killScore value='7750'/>
		<buildingScore value='3275'/>
		<razingScore value='5550'/>
		<mineralScore value='8450'/>
		<gasScore value='1368'/>
		<totalScore value='29993'/>
	</enemy>

	<scoreRatio value='0.438736'/>
</results>
