<results>
	<result value='loss'/>
	<start value='2015-04-13.03:05:16'/>
	<end value='2015-04-13.03:05:23'/>
	<frames value='16804'/>
	<gameDuration value='1050'/>

	<player>
		<unitScore value='3800'/>
		<killScore value='200'/>
		<buildingScore value='1650'/>
		<razingScore value='0'/>
		<mineralScore value='6082'/>
		<gasScore value='0'/>
		<totalScore value='11732'/>
	</player>

	<enemy>
		<race value='Protoss'/>
		<unitScore value='3600'/>
		<unitScore value='3600'/>
		<killScore value='7600'/>
		<buildingScore value='3975'/>
		<razingScore value='4950'/>
		<mineralScore value='8858'/>
		<gasScore value='1664'/>
		<totalScore value='30647'/>
	</enemy>

	<scoreRatio value='0.382811'/>
</results>
