<results>
	<result value='loss'/>
	<start value='2015-04-13.03:06:38'/>
	<end value='2015-04-13.03:06:44'/>
	<frames value='14448'/>
	<gameDuration value='903'/>

	<player>
		<unitScore value='2025'/>
		<killScore value='800'/>
		<buildingScore value='1325'/>
		<razingScore value='0'/>
		<mineralScore value='3138'/>
		<gasScore value='432'/>
		<totalScore value='7720'/>
	</player>

	<enemy>
		<race value='Protoss'/>
		<unitScore value='4275'/>
		<unitScore value='4275'/>
		<killScore value='4050'/>
		<buildingScore value='2275'/>
		<razingScore value='3975'/>
		<mineralScore value='7210'/>
		<gasScore value='1944'/>
		<totalScore value='23729'/>
	</enemy>

	<scoreRatio value='0.32534'/>
</results>
