<results>
	<result value='win'/>
	<start value='2015-04-13.03:07:35'/>
	<end value='2015-04-13.03:07:57'/>
	<frames value='25856'/>
	<gameDuration value='1616'/>

	<player>
		<unitScore value='15225'/>
		<killScore value='16700'/>
		<buildingScore value='3725'/>
		<razingScore value='13725'/>
		<mineralScore value='22250'/>
		<gasScore value='2064'/>
		<totalScore value='73689'/>
	</player>

	<enemy>
		<race value='Protoss'/>
		<unitScore value='8350'/>
		<unitScore value='8350'/>
		<killScore value='11750'/>
		<buildingScore value='4575'/>
		<razingScore value='0'/>
		<mineralScore value='16098'/>
		<gasScore value='2496'/>
		<totalScore value='43269'/>
	</enemy>

	<scoreRatio value='1.70304'/>
</results>
