<results>
	<result value='loss'/>
	<start value='2015-05-09.22:05:58'/>
	<end value='2015-05-09.22:06:08'/>
	<frames value='17765'/>
	<gameDuration value='1110'/>

	<player>
		<unitScore value='5125'/>
		<killScore value='200'/>
		<buildingScore value='1950'/>
		<razingScore value='0'/>
		<mineralScore value='7570'/>
		<gasScore value='976'/>
		<totalScore value='15821'/>
	</player>

	<enemy>
		<race value='Protoss'/>
		<unitScore value='4575'/>
		<unitScore value='4575'/>
		<killScore value='10250'/>
		<buildingScore value='3275'/>
		<razingScore value='5850'/>
		<mineralScore value='9082'/>
		<gasScore value='2280'/>
		<totalScore value='35312'/>
	</enemy>

	<scoreRatio value='0.448035'/>
	<timeFitness value='0.154167'/>
	<unitsAverage value='33'/>
</results>
