<results>
	<result value='loss'/>
	<start value='2015-05-03.18:44:33'/>
	<end value='2015-05-03.18:44:40'/>
	<frames value='15037'/>
	<gameDuration value='939'/>

	<player>
		<unitScore value='2900'/>
		<killScore value='600'/>
		<buildingScore value='1575'/>
		<razingScore value='0'/>
		<mineralScore value='4690'/>
		<gasScore value='648'/>
		<totalScore value='10413'/>
	</player>

	<enemy>
		<race value='Protoss'/>
		<unitScore value='3550'/>
		<unitScore value='3550'/>
		<killScore value='5700'/>
		<buildingScore value='2875'/>
		<razingScore value='4725'/>
		<mineralScore value='7850'/>
		<gasScore value='1400'/>
		<totalScore value='26100'/>
	</enemy>

	<scoreRatio value='0.398966'/>
	<timeFitness value='0.130417'/>
	<unitsAverage value='22'/>
</results>
