<results>
	<result value='win'/>
	<start value='2015-05-09.21:30:43'/>
	<end value='2015-05-09.21:31:36'/>
	<frames value='33017'/>
	<gameDuration value='2063'/>

	<player>
		<unitScore value='21300'/>
		<killScore value='35400'/>
		<buildingScore value='4325'/>
		<razingScore value='17025'/>
		<mineralScore value='31046'/>
		<gasScore value='3440'/>
		<totalScore value='112536'/>
	</player>

	<enemy>
		<race value='Protoss'/>
		<unitScore value='17700'/>
		<unitScore value='17700'/>
		<killScore value='18250'/>
		<buildingScore value='5675'/>
		<razingScore value='0'/>
		<mineralScore value='18450'/>
		<gasScore value='4176'/>
		<totalScore value='64251'/>
	</enemy>

	<scoreRatio value='1.75151'/>
	<timeFitness value='0.713472'/>
	<unitsAverage value='130'/>
</results>
