<results>
	<result value='win'/>
	<start value='2015-05-03.15:44:41'/>
	<end value='2015-05-03.15:45:18'/>
	<frames value='41976'/>
	<gameDuration value='2623'/>

	<player>
		<unitScore value='21475'/>
		<killScore value='36450'/>
		<buildingScore value='2775'/>
		<razingScore value='24675'/>
		<mineralScore value='23154'/>
		<gasScore value='3800'/>
		<totalScore value='112329'/>
	</player>

	<enemy>
		<race value='Protoss'/>
		<unitScore value='18900'/>
		<unitScore value='18900'/>
		<killScore value='28700'/>
		<buildingScore value='8225'/>
		<razingScore value='1500'/>
		<mineralScore value='22642'/>
		<gasScore value='8280'/>
		<totalScore value='88247'/>
	</enemy>

	<scoreRatio value='1.27289'/>
	<timeFitness value='0.635694'/>
	<unitsAverage value='74'/>
</results>
