<results>
	<result value='loss'/>
	<start value='2015-05-03.15:47:53'/>
	<end value='2015-05-03.15:48:00'/>
	<frames value='15285'/>
	<gameDuration value='955'/>

	<player>
		<unitScore value='3250'/>
		<killScore value='400'/>
		<buildingScore value='1900'/>
		<razingScore value='0'/>
		<mineralScore value='5298'/>
		<gasScore value='24'/>
		<totalScore value='10872'/>
	</player>

	<enemy>
		<race value='Protoss'/>
		<unitScore value='3550'/>
		<unitScore value='3550'/>
		<killScore value='6400'/>
		<buildingScore value='2825'/>
		<razingScore value='5700'/>
		<mineralScore value='8138'/>
		<gasScore value='1272'/>
		<totalScore value='27885'/>
	</enemy>

	<scoreRatio value='0.389887'/>
	<timeFitness value='0.132639'/>
	<unitsAverage value='22'/>
</results>
