<results>
	<result value='win'/>
	<start value='2015-05-03.15:48:38'/>
	<end value='2015-05-03.15:49:12'/>
	<frames value='31250'/>
	<gameDuration value='1953'/>

	<player>
		<unitScore value='18525'/>
		<killScore value='19100'/>
		<buildingScore value='3400'/>
		<razingScore value='15825'/>
		<mineralScore value='25134'/>
		<gasScore value='2272'/>
		<totalScore value='84256'/>
	</player>

	<enemy>
		<race value='Protoss'/>
		<unitScore value='9900'/>
		<unitScore value='9900'/>
		<killScore value='14700'/>
		<buildingScore value='5275'/>
		<razingScore value='0'/>
		<mineralScore value='15638'/>
		<gasScore value='4712'/>
		<totalScore value='50225'/>
	</enemy>

	<scoreRatio value='1.67757'/>
	<timeFitness value='0.72875'/>
	<unitsAverage value='101'/>
</results>
