<results>
	<result value='loss'/>
	<start value='2015-05-09.21:38:49'/>
	<end value='2015-05-09.21:38:58'/>
	<frames value='18044'/>
	<gameDuration value='1127'/>

	<player>
		<unitScore value='2375'/>
		<killScore value='1800'/>
		<buildingScore value='1450'/>
		<razingScore value='0'/>
		<mineralScore value='3866'/>
		<gasScore value='624'/>
		<totalScore value='10115'/>
	</player>

	<enemy>
		<race value='Protoss'/>
		<unitScore value='4200'/>
		<unitScore value='4200'/>
		<killScore value='4750'/>
		<buildingScore value='4325'/>
		<razingScore value='4350'/>
		<mineralScore value='10010'/>
		<gasScore value='2032'/>
		<totalScore value='29667'/>
	</enemy>

	<scoreRatio value='0.340951'/>
	<timeFitness value='0.156528'/>
	<unitsAverage value='17'/>
</results>
