<results>
	<result value='loss'/>
	<start value='2015-05-10.05:04:50'/>
	<end value='2015-05-10.05:05:05'/>
	<frames value='19532'/>
	<gameDuration value='1220'/>

	<player>
		<unitScore value='4925'/>
		<killScore value='1400'/>
		<buildingScore value='2075'/>
		<razingScore value='0'/>
		<mineralScore value='7066'/>
		<gasScore value='1616'/>
		<totalScore value='17082'/>
	</player>

	<enemy>
		<race value='Protoss'/>
		<unitScore value='6250'/>
		<unitScore value='6250'/>
		<killScore value='9750'/>
		<buildingScore value='4375'/>
		<razingScore value='6225'/>
		<mineralScore value='10170'/>
		<gasScore value='2944'/>
		<totalScore value='39714'/>
	</enemy>

	<scoreRatio value='0.430125'/>
	<timeFitness value='0.169444'/>
	<unitsAverage value='29'/>
</results>
