<results>
	<result value='loss'/>
	<start value='2015-04-12.21:59:23'/>
	<end value='2015-04-12.21:59:47'/>
	<frames value='28119'/>
	<gameDuration value='1757'/>

	<player>
		<unitScore value='3075'/>
		<killScore value='3000'/>
		<buildingScore value='1875'/>
		<razingScore value='0'/>
		<mineralScore value='5042'/>
		<gasScore value='816'/>
		<totalScore value='13808'/>
	</player>

	<enemy>
		<race value='Protoss'/>
		<unitScore value='12575'/>
		<unitScore value='12575'/>
		<killScore value='6150'/>
		<buildingScore value='6875'/>
		<razingScore value='5625'/>
		<mineralScore value='17282'/>
		<gasScore value='6632'/>
		<totalScore value='55139'/>
	</enemy>

	<scoreRatio value='0.250422'/>
</results>
