<results>
	<result value='loss'/>
	<start value='2015-04-12.22:16:02'/>
	<end value='2015-04-12.22:17:22'/>
	<frames value='43929'/>
	<gameDuration value='2745'/>

	<player>
		<unitScore value='21200'/>
		<killScore value='26100'/>
		<buildingScore value='2875'/>
		<razingScore value='1800'/>
		<mineralScore value='24114'/>
		<gasScore value='4992'/>
		<totalScore value='81081'/>
	</player>

	<enemy>
		<race value='Protoss'/>
		<unitScore value='32655'/>
		<unitScore value='32655'/>
		<killScore value='42400'/>
		<buildingScore value='8075'/>
		<razingScore value='8625'/>
		<mineralScore value='31810'/>
		<gasScore value='10448'/>
		<totalScore value='134013'/>
	</enemy>

	<scoreRatio value='0.605023'/>
</results>
