<results>
	<result value='win'/>
	<start value='2015-05-10.11:58:09'/>
	<end value='2015-05-10.11:58:38'/>
	<frames value='35559'/>
	<gameDuration value='2222'/>

	<player>
		<unitScore value='17850'/>
		<killScore value='34705'/>
		<buildingScore value='2775'/>
		<razingScore value='8910'/>
		<mineralScore value='20490'/>
		<gasScore value='3040'/>
		<totalScore value='87770'/>
	</player>

	<enemy>
		<race value='Zerg'/>
		<unitScore value='16575'/>
		<unitScore value='16575'/>
		<killScore value='26300'/>
		<buildingScore value='2970'/>
		<razingScore value='2775'/>
		<mineralScore value='16554'/>
		<gasScore value='5560'/>
		<totalScore value='70734'/>
	</enemy>

	<scoreRatio value='1.24085'/>
	<timeFitness value='0.691389'/>
	<unitsAverage value='66'/>
</results>
