<results>
	<result value='win'/>
	<start value='2015-05-10.11:59:23'/>
	<end value='2015-05-10.11:59:43'/>
	<frames value='25112'/>
	<gameDuration value='1569'/>

	<player>
		<unitScore value='12850'/>
		<killScore value='19900'/>
		<buildingScore value='3375'/>
		<razingScore value='4560'/>
		<mineralScore value='17294'/>
		<gasScore value='2000'/>
		<totalScore value='59979'/>
	</player>

	<enemy>
		<race value='Zerg'/>
		<unitScore value='8950'/>
		<unitScore value='8950'/>
		<killScore value='10500'/>
		<buildingScore value='1520'/>
		<razingScore value='0'/>
		<mineralScore value='8330'/>
		<gasScore value='2216'/>
		<totalScore value='31516'/>
	</enemy>

	<scoreRatio value='1.90313'/>
	<timeFitness value='0.782083'/>
	<unitsAverage value='62'/>
</results>
