<results>
	<result value='win'/>
	<start value='2015-05-10.12:00:20'/>
	<end value='2015-05-10.12:00:41'/>
	<frames value='24647'/>
	<gameDuration value='1540'/>

	<player>
		<unitScore value='12925'/>
		<killScore value='19540'/>
		<buildingScore value='2225'/>
		<razingScore value='7155'/>
		<mineralScore value='16370'/>
		<gasScore value='1472'/>
		<totalScore value='59687'/>
	</player>

	<enemy>
		<race value='Zerg'/>
		<unitScore value='9425'/>
		<unitScore value='9425'/>
		<killScore value='11450'/>
		<buildingScore value='2385'/>
		<razingScore value='0'/>
		<mineralScore value='9978'/>
		<gasScore value='3344'/>
		<totalScore value='36582'/>
	</enemy>

	<scoreRatio value='1.63159'/>
	<timeFitness value='0.786111'/>
	<unitsAverage value='66'/>
</results>
