<results>
	<result value='loss'/>
	<start value='2015-07-20.22:30:16'/>
	<end value='2015-07-20.22:31:47'/>
	<frames value='50222'/>
	<gameDuration value='3138'/>

	<player>
		<unitScore value='32925'/>
		<killScore value='21800'/>
		<buildingScore value='4625'/>
		<razingScore value='195'/>
		<mineralScore value='29414'/>
		<gasScore value='7024'/>
		<totalScore value='95983'/>
	</player>

	<enemy>
		<race value='Zerg'/>
		<unitScore value='32450'/>
		<killScore value='65850'/>
		<buildingScore value='4475'/>
		<razingScore value='13875'/>
		<mineralScore value='30786'/>
		<gasScore value='11352'/>
		<totalScore value='158788'/>
	</enemy>

	<scoreRatio value='0.604473'/>
	<timeFitness value='0.435833'/>
	<unitsAverage value='94'/>
</results>
