<results>
	<result value='loss'/>
	<start value='2015-05-08.19:21:42'/>
	<end value='2015-05-08.19:21:54'/>
	<frames value='16835'/>
	<gameDuration value='1052'/>

	<player>
		<unitScore value='3600'/>
		<killScore value='200'/>
		<buildingScore value='1775'/>
		<razingScore value='0'/>
		<mineralScore value='5722'/>
		<gasScore value='944'/>
		<totalScore value='12241'/>
	</player>

	<enemy>
		<race value='Terran'/>
		<unitScore value='6000'/>
		<unitScore value='6000'/>
		<killScore value='7200'/>
		<buildingScore value='2225'/>
		<razingScore value='5325'/>
		<mineralScore value='7754'/>
		<gasScore value='2416'/>
		<totalScore value='30920'/>
	</enemy>

	<scoreRatio value='0.395893'/>
	<timeFitness value='0.146111'/>
	<unitsAverage value='26'/>
</results>
