<results>
	<result value='draw'/>
	<start value='2015-03-28.13:37:05'/>
	<end value='2015-03-28.13:38:45'/>
	<frames value='57601'/>
	<gameDuration value='3600'/>

	<player>
		<unitScore value='31925'/>
		<killScore value='41300'/>
		<buildingScore value='4375'/>
		<razingScore value='22875'/>
		<mineralScore value='35678'/>
		<gasScore value='5640'/>
		<totalScore value='141793'/>
	</player>

	<enemy>
		<race value='Protoss'/>
		<unitScore value='23475'/>
		<unitScore value='23475'/>
		<killScore value='41450'/>
		<buildingScore value='9025'/>
		<razingScore value='150'/>
		<mineralScore value='27358'/>
		<gasScore value='12112'/>
		<totalScore value='113570'/>
	</enemy>

	<scoreRatio value='1.24851'/>
</results>
