<results>
	<result value='win'/>
	<start value='2015-04-29.16:34:44'/>
	<end value='2015-04-29.16:35:06'/>
	<frames value='24709'/>
	<gameDuration value='1544'/>

	<player>
		<unitScore value='13125'/>
		<killScore value='20750'/>
		<buildingScore value='2675'/>
		<razingScore value='7050'/>
		<mineralScore value='15602'/>
		<gasScore value='1912'/>
		<totalScore value='61114'/>
	</player>

	<enemy>
		<race value='Terran'/>
		<unitScore value='10775'/>
		<unitScore value='10775'/>
		<killScore value='11300'/>
		<buildingScore value='2350'/>
		<razingScore value='150'/>
		<mineralScore value='11030'/>
		<gasScore value='3888'/>
		<totalScore value='39493'/>
	</enemy>

	<scoreRatio value='1.54746'/>
	<timeFitness value='0.785556'/>
	<unitsAverage value='64'/>
</results>
