<results>
	<result value='loss'/>
	<start value='2015-04-29.16:39:32'/>
	<end value='2015-04-29.16:40:10'/>
	<frames value='45696'/>
	<gameDuration value='2856'/>

	<player>
		<unitScore value='12000'/>
		<killScore value='10050'/>
		<buildingScore value='3400'/>
		<razingScore value='0'/>
		<mineralScore value='15554'/>
		<gasScore value='2752'/>
		<totalScore value='43756'/>
	</player>

	<enemy>
		<race value='Terran'/>
		<unitScore value='28075'/>
		<unitScore value='28075'/>
		<killScore value='24000'/>
		<buildingScore value='5200'/>
		<razingScore value='10200'/>
		<mineralScore value='21674'/>
		<gasScore value='14114'/>
		<totalScore value='103263'/>
	</enemy>

	<scoreRatio value='0.423734'/>
	<timeFitness value='0.396667'/>
	<unitsAverage value='41'/>
</results>
