<results>
	<result value='win'/>
	<start value='2015-04-29.16:47:42'/>
	<end value='2015-04-29.16:48:02'/>
	<frames value='25918'/>
	<gameDuration value='1619'/>

	<player>
		<unitScore value='8900'/>
		<killScore value='16000'/>
		<buildingScore value='2325'/>
		<razingScore value='6600'/>
		<mineralScore value='11242'/>
		<gasScore value='1936'/>
		<totalScore value='47003'/>
	</player>

	<enemy>
		<race value='Terran'/>
		<unitScore value='8000'/>
		<unitScore value='8000'/>
		<killScore value='10100'/>
		<buildingScore value='2200'/>
		<razingScore value='2250'/>
		<mineralScore value='8450'/>
		<gasScore value='2632'/>
		<totalScore value='33632'/>
	</enemy>

	<scoreRatio value='1.39757'/>
	<timeFitness value='0.775139'/>
	<unitsAverage value='44'/>
</results>
