<results>
	<result value='win'/>
	<start value='2015-05-06.01:47:51'/>
	<end value='2015-05-06.01:48:22'/>
	<frames value='25639'/>
	<gameDuration value='1602'/>

	<player>
		<unitScore value='17300'/>
		<killScore value='23480'/>
		<buildingScore value='3425'/>
		<razingScore value='6015'/>
		<mineralScore value='24658'/>
		<gasScore value='1696'/>
		<totalScore value='76574'/>
	</player>

	<enemy>
		<race value='Zerg'/>
		<unitScore value='10650'/>
		<unitScore value='10650'/>
		<killScore value='14900'/>
		<buildingScore value='2005'/>
		<razingScore value='0'/>
		<mineralScore value='11378'/>
		<gasScore value='3144'/>
		<totalScore value='42077'/>
	</enemy>

	<scoreRatio value='1.81985'/>
	<timeFitness value='0.7775'/>
	<unitsAverage value='91'/>
</results>
