<results>
	<result value='win'/>
	<start value='2015-05-06.02:00:35'/>
	<end value='2015-05-06.02:01:19'/>
	<frames value='32490'/>
	<gameDuration value='2030'/>

	<player>
		<unitScore value='20550'/>
		<killScore value='32840'/>
		<buildingScore value='4225'/>
		<razingScore value='9885'/>
		<mineralScore value='25986'/>
		<gasScore value='3576'/>
		<totalScore value='97062'/>
	</player>

	<enemy>
		<race value='Zerg'/>
		<unitScore value='15350'/>
		<unitScore value='15350'/>
		<killScore value='20150'/>
		<buildingScore value='3295'/>
		<razingScore value='1950'/>
		<mineralScore value='16762'/>
		<gasScore value='5184'/>
		<totalScore value='62691'/>
	</enemy>

	<scoreRatio value='1.54826'/>
	<timeFitness value='0.718056'/>
	<unitsAverage value='96'/>
</results>
