<results>
	<result value='loss'/>
	<start value='2015-04-30.05:09:37'/>
	<end value='2015-04-30.05:09:41'/>
	<frames value='7287'/>
	<gameDuration value='455'/>

	<player>
		<unitScore value='900'/>
		<killScore value='100'/>
		<buildingScore value='675'/>
		<razingScore value='0'/>
		<mineralScore value='1354'/>
		<gasScore value='16'/>
		<totalScore value='3045'/>
	</player>

	<enemy>
		<race value='Zerg'/>
		<unitScore value='1250'/>
		<unitScore value='1250'/>
		<killScore value='1700'/>
		<buildingScore value='440'/>
		<razingScore value='2250'/>
		<mineralScore value='1946'/>
		<gasScore value='8'/>
		<totalScore value='7594'/>
	</enemy>

	<scoreRatio value='0.400974'/>
</results>
