<results>
	<result value='win'/>
	<start value='2015-04-08.12:17:13'/>
	<end value='2015-04-08.12:17:38'/>
	<frames value='30816'/>
	<gameDuration value='1926'/>

	<player>
		<unitScore value='16175'/>
		<killScore value='10950'/>
		<buildingScore value='3300'/>
		<razingScore value='17625'/>
		<mineralScore value='19914'/>
		<gasScore value='2848'/>
		<totalScore value='70812'/>
	</player>

	<enemy>
		<race value='Protoss'/>
		<unitScore value='5475'/>
		<unitScore value='5475'/>
		<killScore value='16150'/>
		<buildingScore value='5875'/>
		<razingScore value='2775'/>
		<mineralScore value='13778'/>
		<gasScore value='3304'/>
		<totalScore value='47357'/>
	</enemy>

	<scoreRatio value='1.49528'/>
</results>
