<results>
	<result value='loss'/>
	<start value='2015-07-20.01:00:04'/>
	<end value='2015-07-20.01:00:59'/>
	<frames value='27592'/>
	<gameDuration value='1724'/>

	<player>
		<unitScore value='11900'/>
		<killScore value='7050'/>
		<buildingScore value='3250'/>
		<razingScore value='0'/>
		<mineralScore value='20078'/>
		<gasScore value='1768'/>
		<totalScore value='44046'/>
	</player>

	<enemy>
		<race value='Zerg'/>
		<unitScore value='16125'/>
		<killScore value='20550'/>
		<buildingScore value='3280'/>
		<razingScore value='9750'/>
		<mineralScore value='16430'/>
		<gasScore value='5208'/>
		<totalScore value='71343'/>
	</enemy>

	<scoreRatio value='0.617384'/>
	<timeFitness value='0.239444'/>
	<unitsAverage value='63'/>
</results>
