<results>
	<result value='loss'/>
	<start value='2015-07-20.01:18:23'/>
	<end value='2015-07-20.01:19:19'/>
	<frames value='26569'/>
	<gameDuration value='1660'/>

	<player>
		<unitScore value='10525'/>
		<killScore value='4550'/>
		<buildingScore value='3475'/>
		<razingScore value='0'/>
		<mineralScore value='21942'/>
		<gasScore value='1512'/>
		<totalScore value='42004'/>
	</player>

	<enemy>
		<race value='Zerg'/>
		<unitScore value='15325'/>
		<killScore value='21050'/>
		<buildingScore value='3255'/>
		<razingScore value='10425'/>
		<mineralScore value='15370'/>
		<gasScore value='4776'/>
		<totalScore value='70201'/>
	</enemy>

	<scoreRatio value='0.598339'/>
	<timeFitness value='0.230556'/>
	<unitsAverage value='59'/>
</results>
