<results>
	<result value='loss'/>
	<start value='2015-07-20.01:19:28'/>
	<end value='2015-07-20.01:19:51'/>
	<frames value='23407'/>
	<gameDuration value='1462'/>

	<player>
		<unitScore value='9850'/>
		<killScore value='2800'/>
		<buildingScore value='3075'/>
		<razingScore value='0'/>
		<mineralScore value='14186'/>
		<gasScore value='1960'/>
		<totalScore value='31871'/>
	</player>

	<enemy>
		<race value='Zerg'/>
		<unitScore value='9775'/>
		<killScore value='19700'/>
		<buildingScore value='2825'/>
		<razingScore value='9225'/>
		<mineralScore value='12606'/>
		<gasScore value='3488'/>
		<totalScore value='57619'/>
	</enemy>

	<scoreRatio value='0.553133'/>
	<timeFitness value='0.203056'/>
	<unitsAverage value='44'/>
</results>
