<results>
	<result value='win'/>
	<start value='2014-07-24.15:40:39'/>
	<end value='2014-07-24.15:41:00'/>
	<frames value='26693'/>
	<gameDuration value='1668'/>

	<player>
		<unitScore value='14200'/>
		<killScore value='24850'/>
		<buildingScore value='4025'/>
		<razingScore value='6675'/>
		<mineralScore value='22874'/>
		<gasScore value='1952'/>
		<totalScore value='74576'/>
	</player>

	<enemy>
		<race value='Terran'/>
		<unitScore value='12425'/>
		<unitScore value='12425'/>
		<killScore value='9300'/>
		<buildingScore value='2400'/>
		<razingScore value='0'/>
		<mineralScore value='12010'/>
		<gasScore value='4456'/>
		<totalScore value='40591'/>
	</enemy>

	<scoreRatio value='1.83725'/>
</results>
