<results>
	<result value='loss'/>
	<start value='2014-07-24.15:41:03'/>
	<end value='2014-07-24.15:41:13'/>
	<frames value='20865'/>
	<gameDuration value='1304'/>

	<player>
		<unitScore value='5350'/>
		<killScore value='2700'/>
		<buildingScore value='1950'/>
		<razingScore value='0'/>
		<mineralScore value='7842'/>
		<gasScore value='968'/>
		<totalScore value='18810'/>
	</player>

	<enemy>
		<race value='Terran'/>
		<unitScore value='8450'/>
		<unitScore value='8450'/>
		<killScore value='10700'/>
		<buildingScore value='3125'/>
		<razingScore value='5850'/>
		<mineralScore value='9890'/>
		<gasScore value='4056'/>
		<totalScore value='42071'/>
	</enemy>

	<scoreRatio value='0.447101'/>
</results>
