<results>
	<result value='draw'/>
	<start value='2014-07-24.15:51:07'/>
	<end value='2014-07-24.15:51:49'/>
	<frames value='57601'/>
	<gameDuration value='3600'/>

	<player>
		<unitScore value='12250'/>
		<killScore value='14250'/>
		<buildingScore value='4825'/>
		<razingScore value='1125'/>
		<mineralScore value='36350'/>
		<gasScore value='7176'/>
		<totalScore value='75976'/>
	</player>

	<enemy>
		<race value='Terran'/>
		<unitScore value='24325'/>
		<unitScore value='24325'/>
		<killScore value='24500'/>
		<buildingScore value='4825'/>
		<razingScore value='12450'/>
		<mineralScore value='19134'/>
		<gasScore value='11616'/>
		<totalScore value='96850'/>
	</enemy>

	<scoreRatio value='0.784471'/>
</results>
