<results>
	<result value='loss'/>
	<start value='2014-07-24.15:57:16'/>
	<end value='2014-07-24.15:57:27'/>
	<frames value='21950'/>
	<gameDuration value='1371'/>

	<player>
		<unitScore value='5875'/>
		<killScore value='2850'/>
		<buildingScore value='3300'/>
		<razingScore value='0'/>
		<mineralScore value='9770'/>
		<gasScore value='1480'/>
		<totalScore value='23275'/>
	</player>

	<enemy>
		<race value='Terran'/>
		<unitScore value='8950'/>
		<unitScore value='8950'/>
		<killScore value='11650'/>
		<buildingScore value='3350'/>
		<razingScore value='9900'/>
		<mineralScore value='10594'/>
		<gasScore value='4240'/>
		<totalScore value='48684'/>
	</enemy>

	<scoreRatio value='0.478083'/>
</results>
