<results>
	<result value='win'/>
	<start value='2014-07-24.15:59:13'/>
	<end value='2014-07-24.15:59:33'/>
	<frames value='29049'/>
	<gameDuration value='1815'/>

	<player>
		<unitScore value='14575'/>
		<killScore value='21900'/>
		<buildingScore value='3950'/>
		<razingScore value='7200'/>
		<mineralScore value='18898'/>
		<gasScore value='2656'/>
		<totalScore value='69179'/>
	</player>

	<enemy>
		<race value='Terran'/>
		<unitScore value='11850'/>
		<unitScore value='11850'/>
		<killScore value='11750'/>
		<buildingScore value='2400'/>
		<razingScore value='2250'/>
		<mineralScore value='11778'/>
		<gasScore value='4080'/>
		<totalScore value='44108'/>
	</enemy>

	<scoreRatio value='1.5684'/>
</results>
