<results>
	<result value='win'/>
	<start value='2014-07-24.16:01:07'/>
	<end value='2014-07-24.16:01:39'/>
	<frames value='35249'/>
	<gameDuration value='2203'/>

	<player>
		<unitScore value='17825'/>
		<killScore value='31850'/>
		<buildingScore value='4700'/>
		<razingScore value='10650'/>
		<mineralScore value='28138'/>
		<gasScore value='2456'/>
		<totalScore value='95619'/>
	</player>

	<enemy>
		<race value='Terran'/>
		<unitScore value='16225'/>
		<unitScore value='16225'/>
		<killScore value='12400'/>
		<buildingScore value='3625'/>
		<razingScore value='1575'/>
		<mineralScore value='13698'/>
		<gasScore value='6210'/>
		<totalScore value='53733'/>
	</enemy>

	<scoreRatio value='1.77952'/>
</results>
