<results>
	<result value='loss'/>
	<start value='2014-07-24.16:04:51'/>
	<end value='2014-07-24.16:04:59'/>
	<frames value='18912'/>
	<gameDuration value='1182'/>

	<player>
		<unitScore value='4100'/>
		<killScore value='2250'/>
		<buildingScore value='1875'/>
		<razingScore value='0'/>
		<mineralScore value='6002'/>
		<gasScore value='976'/>
		<totalScore value='15203'/>
	</player>

	<enemy>
		<race value='Terran'/>
		<unitScore value='7375'/>
		<unitScore value='7375'/>
		<killScore value='8200'/>
		<buildingScore value='2850'/>
		<razingScore value='5625'/>
		<mineralScore value='8706'/>
		<gasScore value='3160'/>
		<totalScore value='35916'/>
	</enemy>

	<scoreRatio value='0.423293'/>
</results>
