<results>
	<result value='win'/>
	<start value='2015-05-02.18:59:54'/>
	<end value='2015-05-02.19:00:23'/>
	<frames value='32397'/>
	<gameDuration value='2024'/>

	<player>
		<unitScore value='20100'/>
		<killScore value='22800'/>
		<buildingScore value='4025'/>
		<razingScore value='15975'/>
		<mineralScore value='31482'/>
		<gasScore value='2744'/>
		<totalScore value='97126'/>
	</player>

	<enemy>
		<race value='Protoss'/>
		<unitScore value='12400'/>
		<unitScore value='12400'/>
		<killScore value='17500'/>
		<buildingScore value='5325'/>
		<razingScore value='300'/>
		<mineralScore value='14398'/>
		<gasScore value='4640'/>
		<totalScore value='54563'/>
	</enemy>

	<scoreRatio value='1.78007'/>
	<timeFitness value='0.718889'/>
	<unitsAverage value='105'/>
</results>
