<results>
	<result value='loss'/>
	<start value='2015-05-02.19:00:26'/>
	<end value='2015-05-02.19:00:32'/>
	<frames value='15130'/>
	<gameDuration value='945'/>

	<player>
		<unitScore value='2775'/>
		<killScore value='900'/>
		<buildingScore value='1550'/>
		<razingScore value='0'/>
		<mineralScore value='4346'/>
		<gasScore value='832'/>
		<totalScore value='10403'/>
	</player>

	<enemy>
		<race value='Protoss'/>
		<unitScore value='3600'/>
		<unitScore value='3600'/>
		<killScore value='4700'/>
		<buildingScore value='2825'/>
		<razingScore value='4650'/>
		<mineralScore value='7802'/>
		<gasScore value='1408'/>
		<totalScore value='24985'/>
	</enemy>

	<scoreRatio value='0.41637'/>
	<timeFitness value='0.13125'/>
	<unitsAverage value='23'/>
</results>
