<results>
	<result value='loss'/>
	<start value='2015-05-09.22:13:44'/>
	<end value='2015-05-09.22:14:09'/>
	<frames value='33823'/>
	<gameDuration value='2113'/>

	<player>
		<unitScore value='11650'/>
		<killScore value='7400'/>
		<buildingScore value='3000'/>
		<razingScore value='300'/>
		<mineralScore value='14666'/>
		<gasScore value='2488'/>
		<totalScore value='39504'/>
	</player>

	<enemy>
		<race value='Protoss'/>
		<unitScore value='19375'/>
		<unitScore value='19375'/>
		<killScore value='23550'/>
		<buildingScore value='7025'/>
		<razingScore value='9000'/>
		<mineralScore value='22386'/>
		<gasScore value='8704'/>
		<totalScore value='90040'/>
	</enemy>

	<scoreRatio value='0.438738'/>
	<timeFitness value='0.293472'/>
	<unitsAverage value='49'/>
</results>
