<results>
	<result value='win'/>
	<start value='2015-04-30.11:26:03'/>
	<end value='2015-04-30.11:26:40'/>
	<frames value='35776'/>
	<gameDuration value='2236'/>

	<player>
		<unitScore value='29075'/>
		<killScore value='49250'/>
		<buildingScore value='3450'/>
		<razingScore value='6495'/>
		<mineralScore value='31350'/>
		<gasScore value='2648'/>
		<totalScore value='122268'/>
	</player>

	<enemy>
		<race value='Zerg'/>
		<unitScore value='20750'/>
		<unitScore value='20750'/>
		<killScore value='41200'/>
		<buildingScore value='2165'/>
		<razingScore value='0'/>
		<mineralScore value='17106'/>
		<gasScore value='5488'/>
		<totalScore value='86709'/>
	</enemy>

	<scoreRatio value='1.4101'/>
	<timeFitness value='0.689444'/>
	<unitsAverage value='102'/>
</results>
