<results>
	<result value='win'/>
	<start value='2015-04-30.11:31:31'/>
	<end value='2015-04-30.11:33:25'/>
	<frames value='54376'/>
	<gameDuration value='3398'/>

	<player>
		<unitScore value='21150'/>
		<killScore value='27775'/>
		<buildingScore value='5425'/>
		<razingScore value='4635'/>
		<mineralScore value='52466'/>
		<gasScore value='7288'/>
		<totalScore value='118739'/>
	</player>

	<enemy>
		<race value='Zerg'/>
		<unitScore value='11950'/>
		<unitScore value='11950'/>
		<killScore value='18400'/>
		<buildingScore value='1545'/>
		<razingScore value='0'/>
		<mineralScore value='10586'/>
		<gasScore value='3248'/>
		<totalScore value='45729'/>
	</enemy>

	<scoreRatio value='2.59658'/>
	<timeFitness value='0.528056'/>
	<unitsAverage value='173'/>
</results>
