<results>
	<result value='loss'/>
	<start value='2015-04-13.05:46:30'/>
	<end value='2015-04-13.05:46:45'/>
	<frames value='30444'/>
	<gameDuration value='1902'/>

	<player>
		<unitScore value='7725'/>
		<killScore value='4700'/>
		<buildingScore value='2425'/>
		<razingScore value='0'/>
		<mineralScore value='10338'/>
		<gasScore value='2296'/>
		<totalScore value='27484'/>
	</player>

	<enemy>
		<race value='Protoss'/>
		<unitScore value='13125'/>
		<unitScore value='13125'/>
		<killScore value='15450'/>
		<buildingScore value='6875'/>
		<razingScore value='7275'/>
		<mineralScore value='18586'/>
		<gasScore value='7232'/>
		<totalScore value='68543'/>
	</enemy>

	<scoreRatio value='0.400975'/>
</results>
