<results>
	<result value='loss'/>
	<start value='2015-04-13.05:51:02'/>
	<end value='2015-04-13.05:51:12'/>
	<frames value='18602'/>
	<gameDuration value='1162'/>

	<player>
		<unitScore value='4925'/>
		<killScore value='3600'/>
		<buildingScore value='1775'/>
		<razingScore value='0'/>
		<mineralScore value='7010'/>
		<gasScore value='1008'/>
		<totalScore value='18318'/>
	</player>

	<enemy>
		<race value='Protoss'/>
		<unitScore value='5675'/>
		<unitScore value='5675'/>
		<killScore value='9550'/>
		<buildingScore value='3125'/>
		<razingScore value='5325'/>
		<mineralScore value='9394'/>
		<gasScore value='2456'/>
		<totalScore value='35525'/>
	</enemy>

	<scoreRatio value='0.515637'/>
</results>
