<results>
	<result value='loss'/>
	<start value='2015-07-16.01:49:42'/>
	<end value='2015-07-16.01:50:00'/>
	<frames value='18168'/>
	<gameDuration value='1135'/>

	<player>
		<unitScore value='4550'/>
		<killScore value='1000'/>
		<buildingScore value='2075'/>
		<razingScore value='0'/>
		<mineralScore value='5746'/>
		<gasScore value='928'/>
		<totalScore value='14299'/>
	</player>

	<enemy>
		<race value='Terran'/>
		<unitScore value='6850'/>
		<killScore value='8950'/>
		<buildingScore value='2700'/>
		<razingScore value='6225'/>
		<mineralScore value='8346'/>
		<gasScore value='2960'/>
		<totalScore value='36031'/>
	</enemy>

	<scoreRatio value='0.396853'/>
	<timeFitness value='0.157639'/>
	<unitsAverage value='24'/>
</results>
