<results>
	<result value='loss'/>
	<start value='2015-05-06.23:57:47'/>
	<end value='2015-05-06.23:59:05'/>
	<frames value='53105'/>
	<gameDuration value='3319'/>

	<player>
		<unitScore value='23225'/>
		<killScore value='38850'/>
		<buildingScore value='2600'/>
		<razingScore value='3300'/>
		<mineralScore value='24178'/>
		<gasScore value='5440'/>
		<totalScore value='97593'/>
	</player>

	<enemy>
		<race value='Protoss'/>
		<unitScore value='39525'/>
		<unitScore value='39525'/>
		<killScore value='46550'/>
		<buildingScore value='8575'/>
		<razingScore value='7800'/>
		<mineralScore value='37626'/>
		<gasScore value='11998'/>
		<totalScore value='152074'/>
	</enemy>

	<scoreRatio value='0.641747'/>
	<timeFitness value='0.460972'/>
	<unitsAverage value='79'/>
</results>
