<results>
	<result value='draw'/>
	<start value='2015-05-09.18:59:23'/>
	<end value='2015-05-09.19:00:32'/>
	<frames value='57601'/>
	<gameDuration value='3600'/>

	<player>
		<unitScore value='22700'/>
		<killScore value='51950'/>
		<buildingScore value='3325'/>
		<razingScore value='5700'/>
		<mineralScore value='24354'/>
		<gasScore value='5144'/>
		<totalScore value='113173'/>
	</player>

	<enemy>
		<race value='Protoss'/>
		<unitScore value='34775'/>
		<unitScore value='34775'/>
		<killScore value='44900'/>
		<buildingScore value='8875'/>
		<razingScore value='6150'/>
		<mineralScore value='33522'/>
		<gasScore value='13242'/>
		<totalScore value='141464'/>
	</enemy>

	<scoreRatio value='0.800013'/>
	<timeFitness value='0.5'/>
	<unitsAverage value='70'/>
</results>
