<results>
	<result value='loss'/>
	<start value='2015-05-03.15:27:29'/>
	<end value='2015-05-03.15:27:35'/>
	<frames value='15068'/>
	<gameDuration value='941'/>

	<player>
		<unitScore value='2325'/>
		<killScore value='400'/>
		<buildingScore value='1675'/>
		<razingScore value='0'/>
		<mineralScore value='4306'/>
		<gasScore value='856'/>
		<totalScore value='9562'/>
	</player>

	<enemy>
		<race value='Protoss'/>
		<unitScore value='3550'/>
		<unitScore value='3550'/>
		<killScore value='4650'/>
		<buildingScore value='3025'/>
		<razingScore value='5025'/>
		<mineralScore value='7826'/>
		<gasScore value='1448'/>
		<totalScore value='25524'/>
	</enemy>

	<scoreRatio value='0.374628'/>
	<timeFitness value='0.130694'/>
	<unitsAverage value='21'/>
</results>
