<results>
	<result value='win'/>
	<start value='2015-05-03.15:31:53'/>
	<end value='2015-05-03.15:32:15'/>
	<frames value='29018'/>
	<gameDuration value='1813'/>

	<player>
		<unitScore value='14750'/>
		<killScore value='12750'/>
		<buildingScore value='3375'/>
		<razingScore value='17925'/>
		<mineralScore value='20010'/>
		<gasScore value='3048'/>
		<totalScore value='71858'/>
	</player>

	<enemy>
		<race value='Protoss'/>
		<unitScore value='6600'/>
		<unitScore value='6600'/>
		<killScore value='11300'/>
		<buildingScore value='5975'/>
		<razingScore value='150'/>
		<mineralScore value='13746'/>
		<gasScore value='3816'/>
		<totalScore value='41587'/>
	</enemy>

	<scoreRatio value='1.7279'/>
	<timeFitness value='0.748194'/>
	<unitsAverage value='81'/>
</results>
