<results>
	<result value='loss'/>
	<start value='2015-04-26.06:48:08'/>
	<end value='2015-04-26.06:48:18'/>
	<frames value='18850'/>
	<gameDuration value='1178'/>

	<player>
		<unitScore value='5025'/>
		<killScore value='1650'/>
		<buildingScore value='1750'/>
		<razingScore value='0'/>
		<mineralScore value='6834'/>
		<gasScore value='768'/>
		<totalScore value='16027'/>
	</player>

	<enemy>
		<race value='Terran'/>
		<unitScore value='6450'/>
		<unitScore value='6450'/>
		<killScore value='10050'/>
		<buildingScore value='2900'/>
		<razingScore value='5250'/>
		<mineralScore value='8906'/>
		<gasScore value='2784'/>
		<totalScore value='36340'/>
	</enemy>

	<scoreRatio value='0.441029'/>
</results>
