<results>
	<result value='win'/>
	<start value='2015-04-26.06:48:20'/>
	<end value='2015-04-26.06:48:48'/>
	<frames value='32366'/>
	<gameDuration value='2022'/>

	<player>
		<unitScore value='16775'/>
		<killScore value='29400'/>
		<buildingScore value='3725'/>
		<razingScore value='11700'/>
		<mineralScore value='20850'/>
		<gasScore value='2904'/>
		<totalScore value='85354'/>
	</player>

	<enemy>
		<race value='Terran'/>
		<unitScore value='16075'/>
		<unitScore value='16075'/>
		<killScore value='18800'/>
		<buildingScore value='3900'/>
		<razingScore value='3150'/>
		<mineralScore value='13730'/>
		<gasScore value='6264'/>
		<totalScore value='61919'/>
	</enemy>

	<scoreRatio value='1.37848'/>
</results>
