<results>
	<result value='loss'/>
	<start value='2015-04-26.07:04:45'/>
	<end value='2015-04-26.07:05:19'/>
	<frames value='47463'/>
	<gameDuration value='2966'/>

	<player>
		<unitScore value='18400'/>
		<killScore value='25700'/>
		<buildingScore value='3250'/>
		<razingScore value='225'/>
		<mineralScore value='21938'/>
		<gasScore value='3368'/>
		<totalScore value='72881'/>
	</player>

	<enemy>
		<race value='Terran'/>
		<unitScore value='35525'/>
		<unitScore value='35525'/>
		<killScore value='36800'/>
		<buildingScore value='4900'/>
		<razingScore value='10125'/>
		<mineralScore value='24970'/>
		<gasScore value='15654'/>
		<totalScore value='127974'/>
	</enemy>

	<scoreRatio value='0.569498'/>
</results>
