<results>
	<result value='loss'/>
	<start value='2015-04-26.07:14:04'/>
	<end value='2015-04-26.07:14:13'/>
	<frames value='18199'/>
	<gameDuration value='1137'/>

	<player>
		<unitScore value='3900'/>
		<killScore value='1550'/>
		<buildingScore value='1925'/>
		<razingScore value='0'/>
		<mineralScore value='5850'/>
		<gasScore value='800'/>
		<totalScore value='14025'/>
	</player>

	<enemy>
		<race value='Terran'/>
		<unitScore value='6750'/>
		<unitScore value='6750'/>
		<killScore value='7800'/>
		<buildingScore value='2900'/>
		<razingScore value='5775'/>
		<mineralScore value='8434'/>
		<gasScore value='2856'/>
		<totalScore value='34515'/>
	</enemy>

	<scoreRatio value='0.406345'/>
</results>
