<results>
	<result value='win'/>
	<start value='2015-04-26.07:16:52'/>
	<end value='2015-04-26.07:17:11'/>
	<frames value='23810'/>
	<gameDuration value='1488'/>

	<player>
		<unitScore value='10625'/>
		<killScore value='16000'/>
		<buildingScore value='3825'/>
		<razingScore value='6525'/>
		<mineralScore value='17538'/>
		<gasScore value='2424'/>
		<totalScore value='56937'/>
	</player>

	<enemy>
		<race value='Terran'/>
		<unitScore value='8000'/>
		<unitScore value='8000'/>
		<killScore value='3850'/>
		<buildingScore value='2175'/>
		<razingScore value='1500'/>
		<mineralScore value='10314'/>
		<gasScore value='3216'/>
		<totalScore value='29055'/>
	</enemy>

	<scoreRatio value='1.95963'/>
</results>
