<results>
	<result value='loss'/>
	<start value='2015-04-26.07:17:14'/>
	<end value='2015-04-26.07:17:27'/>
	<frames value='20710'/>
	<gameDuration value='1294'/>

	<player>
		<unitScore value='5925'/>
		<killScore value='3400'/>
		<buildingScore value='2100'/>
		<razingScore value='0'/>
		<mineralScore value='7898'/>
		<gasScore value='1056'/>
		<totalScore value='20379'/>
	</player>

	<enemy>
		<race value='Terran'/>
		<unitScore value='8150'/>
		<unitScore value='8150'/>
		<killScore value='11850'/>
		<buildingScore value='3125'/>
		<razingScore value='6300'/>
		<mineralScore value='9834'/>
		<gasScore value='3920'/>
		<totalScore value='43179'/>
	</enemy>

	<scoreRatio value='0.471966'/>
</results>
