<results>
	<result value='win'/>
	<start value='2015-04-26.07:30:24'/>
	<end value='2015-04-26.07:30:47'/>
	<frames value='27034'/>
	<gameDuration value='1689'/>

	<player>
		<unitScore value='13500'/>
		<killScore value='19850'/>
		<buildingScore value='4025'/>
		<razingScore value='9150'/>
		<mineralScore value='21258'/>
		<gasScore value='2760'/>
		<totalScore value='70543'/>
	</player>

	<enemy>
		<race value='Terran'/>
		<unitScore value='11625'/>
		<unitScore value='11625'/>
		<killScore value='10550'/>
		<buildingScore value='3125'/>
		<razingScore value='1950'/>
		<mineralScore value='12114'/>
		<gasScore value='4944'/>
		<totalScore value='44308'/>
	</enemy>

	<scoreRatio value='1.59211'/>
</results>
