<results>
	<result value='loss'/>
	<start value='2015-04-28.20:25:54'/>
	<end value='2015-04-28.20:26:45'/>
	<frames value='43340'/>
	<gameDuration value='2708'/>

	<player>
		<unitScore value='22025'/>
		<killScore value='25000'/>
		<buildingScore value='3425'/>
		<razingScore value='3675'/>
		<mineralScore value='25374'/>
		<gasScore value='4280'/>
		<totalScore value='83779'/>
	</player>

	<enemy>
		<race value='Protoss'/>
		<unitScore value='19575'/>
		<unitScore value='19575'/>
		<killScore value='43450'/>
		<buildingScore value='7750'/>
		<razingScore value='10275'/>
		<mineralScore value='26390'/>
		<gasScore value='6410'/>
		<totalScore value='113850'/>
	</enemy>

	<scoreRatio value='0.735872'/>
</results>
