<results>
	<result value='loss'/>
	<start value='2015-04-28.20:31:14'/>
	<end value='2015-04-28.20:32:03'/>
	<frames value='46905'/>
	<gameDuration value='2931'/>

	<player>
		<unitScore value='23150'/>
		<killScore value='30150'/>
		<buildingScore value='2900'/>
		<razingScore value='1800'/>
		<mineralScore value='25122'/>
		<gasScore value='4970'/>
		<totalScore value='88092'/>
	</player>

	<enemy>
		<race value='Protoss'/>
		<unitScore value='34675'/>
		<unitScore value='34675'/>
		<killScore value='46400'/>
		<buildingScore value='8525'/>
		<razingScore value='8850'/>
		<mineralScore value='33098'/>
		<gasScore value='12638'/>
		<totalScore value='144186'/>
	</enemy>

	<scoreRatio value='0.610961'/>
</results>
