<results>
	<result value='loss'/>
	<start value='2015-04-28.20:33:38'/>
	<end value='2015-04-28.20:33:49'/>
	<frames value='15998'/>
	<gameDuration value='999'/>

	<player>
		<unitScore value='3375'/>
		<killScore value='600'/>
		<buildingScore value='1550'/>
		<razingScore value='0'/>
		<mineralScore value='5226'/>
		<gasScore value='760'/>
		<totalScore value='11511'/>
	</player>

	<enemy>
		<race value='Protoss'/>
		<unitScore value='3550'/>
		<unitScore value='3550'/>
		<killScore value='6750'/>
		<buildingScore value='3225'/>
		<razingScore value='4650'/>
		<mineralScore value='8330'/>
		<gasScore value='1304'/>
		<totalScore value='27809'/>
	</enemy>

	<scoreRatio value='0.413931'/>
</results>
