<results>
	<result value='loss'/>
	<start value='2015-04-28.20:36:19'/>
	<end value='2015-04-28.20:36:31'/>
	<frames value='17207'/>
	<gameDuration value='1075'/>

	<player>
		<unitScore value='3650'/>
		<killScore value='1800'/>
		<buildingScore value='1475'/>
		<razingScore value='0'/>
		<mineralScore value='5250'/>
		<gasScore value='896'/>
		<totalScore value='13071'/>
	</player>

	<enemy>
		<race value='Protoss'/>
		<unitScore value='3600'/>
		<unitScore value='3600'/>
		<killScore value='7300'/>
		<buildingScore value='4025'/>
		<razingScore value='4425'/>
		<mineralScore value='9154'/>
		<gasScore value='1632'/>
		<totalScore value='30136'/>
	</enemy>

	<scoreRatio value='0.433734'/>
</results>
