<results>
	<result value='loss'/>
	<start value='2015-05-22.03:31:52'/>
	<end value='2015-05-22.03:32:24'/>
	<frames value='41325'/>
	<gameDuration value='2582'/>

	<player>
		<unitScore value='11475'/>
		<killScore value='19500'/>
		<buildingScore value='1400'/>
		<razingScore value='2550'/>
		<mineralScore value='12282'/>
		<gasScore value='2792'/>
		<totalScore value='49999'/>
	</player>

	<enemy>
		<race value='Protoss'/>
		<unitScore value='27000'/>
		<killScore value='22950'/>
		<buildingScore value='7975'/>
		<razingScore value='4200'/>
		<mineralScore value='28766'/>
		<gasScore value='8968'/>
		<totalScore value='99859'/>
	</enemy>

	<scoreRatio value='0.500696'/>
	<timeFitness value='0.358611'/>
	<unitsAverage value='45'/>
</results>
