<results>
	<result value='loss'/>
	<start value='2015-05-22.03:38:24'/>
	<end value='2015-05-22.03:38:52'/>
	<frames value='39031'/>
	<gameDuration value='2439'/>

	<player>
		<unitScore value='15900'/>
		<killScore value='17850'/>
		<buildingScore value='2550'/>
		<razingScore value='0'/>
		<mineralScore value='17558'/>
		<gasScore value='2624'/>
		<totalScore value='56482'/>
	</player>

	<enemy>
		<race value='Protoss'/>
		<unitScore value='25275'/>
		<killScore value='31800'/>
		<buildingScore value='7125'/>
		<razingScore value='7650'/>
		<mineralScore value='26710'/>
		<gasScore value='10344'/>
		<totalScore value='108904'/>
	</enemy>

	<scoreRatio value='0.51864'/>
	<timeFitness value='0.33875'/>
	<unitsAverage value='44'/>
</results>
