<results>
	<result value='win'/>
	<start value='2014-07-23.23:04:16'/>
	<end value='2014-07-23.23:04:38'/>
	<frames value='27809'/>
	<gameDuration value='1738'/>

	<player>
		<unitScore value='13150'/>
		<killScore value='23300'/>
		<buildingScore value='3975'/>
		<razingScore value='9000'/>
		<mineralScore value='20194'/>
		<gasScore value='2256'/>
		<totalScore value='71875'/>
	</player>

	<enemy>
		<race value='Terran'/>
		<unitScore value='13250'/>
		<unitScore value='13250'/>
		<killScore value='6850'/>
		<buildingScore value='3075'/>
		<razingScore value='1875'/>
		<mineralScore value='12210'/>
		<gasScore value='5416'/>
		<totalScore value='42676'/>
	</enemy>

	<scoreRatio value='1.6842'/>
</results>
