<results>
	<result value='loss'/>
	<start value='2015-07-17.03:20:08'/>
	<end value='2015-07-17.03:20:24'/>
	<frames value='22229'/>
	<gameDuration value='1389'/>

	<player>
		<unitScore value='8525'/>
		<killScore value='4500'/>
		<buildingScore value='1825'/>
		<razingScore value='0'/>
		<mineralScore value='8410'/>
		<gasScore value='1544'/>
		<totalScore value='24804'/>
	</player>

	<enemy>
		<race value='Terran'/>
		<unitScore value='8600'/>
		<killScore value='15150'/>
		<buildingScore value='3400'/>
		<razingScore value='5475'/>
		<mineralScore value='10762'/>
		<gasScore value='4368'/>
		<totalScore value='47755'/>
	</enemy>

	<scoreRatio value='0.519401'/>
	<timeFitness value='0.192917'/>
	<unitsAverage value='40'/>
</results>
