<results>
	<result value='draw'/>
	<start value='2015-07-17.03:29:16'/>
	<end value='2015-07-17.03:31:11'/>
	<frames value='57601'/>
	<gameDuration value='3600'/>

	<player>
		<unitScore value='25125'/>
		<killScore value='15900'/>
		<buildingScore value='3900'/>
		<razingScore value='225'/>
		<mineralScore value='24498'/>
		<gasScore value='3224'/>
		<totalScore value='72872'/>
	</player>

	<enemy>
		<race value='Terran'/>
		<unitScore value='28225'/>
		<killScore value='40100'/>
		<buildingScore value='3850'/>
		<razingScore value='7875'/>
		<mineralScore value='19550'/>
		<gasScore value='12200'/>
		<totalScore value='111800'/>
	</enemy>

	<scoreRatio value='0.651807'/>
	<timeFitness value='0.5'/>
	<unitsAverage value='92'/>
</results>
