<results>
	<result value='loss'/>
	<start value='2015-07-17.03:37:43'/>
	<end value='2015-07-17.03:37:55'/>
	<frames value='21113'/>
	<gameDuration value='1319'/>

	<player>
		<unitScore value='3175'/>
		<killScore value='3800'/>
		<buildingScore value='1325'/>
		<razingScore value='0'/>
		<mineralScore value='3730'/>
		<gasScore value='968'/>
		<totalScore value='12998'/>
	</player>

	<enemy>
		<race value='Terran'/>
		<unitScore value='7750'/>
		<killScore value='6200'/>
		<buildingScore value='2800'/>
		<razingScore value='3975'/>
		<mineralScore value='9042'/>
		<gasScore value='3328'/>
		<totalScore value='33095'/>
	</enemy>

	<scoreRatio value='0.392748'/>
	<timeFitness value='0.183194'/>
	<unitsAverage value='17'/>
</results>
