<results>
	<result value='loss'/>
	<start value='2015-03-29.21:40:14'/>
	<end value='2015-03-29.21:41:30'/>
	<frames value='52640'/>
	<gameDuration value='3290'/>

	<player>
		<unitScore value='26425'/>
		<killScore value='54150'/>
		<buildingScore value='2375'/>
		<razingScore value='2100'/>
		<mineralScore value='23986'/>
		<gasScore value='3440'/>
		<totalScore value='112476'/>
	</player>

	<enemy>
		<race value='Protoss'/>
		<unitScore value='43300'/>
		<unitScore value='43300'/>
		<killScore value='53100'/>
		<buildingScore value='7675'/>
		<razingScore value='7125'/>
		<mineralScore value='35818'/>
		<gasScore value='13648'/>
		<totalScore value='160666'/>
	</enemy>

	<scoreRatio value='0.700061'/>
</results>
