<results>
	<result value='win'/>
	<start value='2015-05-02.21:00:29'/>
	<end value='2015-05-02.21:01:00'/>
	<frames value='25143'/>
	<gameDuration value='1571'/>

	<player>
		<unitScore value='12825'/>
		<killScore value='11900'/>
		<buildingScore value='4350'/>
		<razingScore value='5700'/>
		<mineralScore value='20702'/>
		<gasScore value='2232'/>
		<totalScore value='57709'/>
	</player>

	<enemy>
		<race value='Terran'/>
		<unitScore value='5950'/>
		<unitScore value='5950'/>
		<killScore value='5950'/>
		<buildingScore value='1900'/>
		<razingScore value='1350'/>
		<mineralScore value='9010'/>
		<gasScore value='2648'/>
		<totalScore value='26808'/>
	</enemy>

	<scoreRatio value='2.15268'/>
	<timeFitness value='0.781806'/>
	<unitsAverage value='85'/>
</results>
