<results>
	<result value='loss'/>
	<start value='2015-05-02.21:04:22'/>
	<end value='2015-05-02.21:04:37'/>
	<frames value='19935'/>
	<gameDuration value='1245'/>

	<player>
		<unitScore value='4425'/>
		<killScore value='1950'/>
		<buildingScore value='1525'/>
		<razingScore value='0'/>
		<mineralScore value='5594'/>
		<gasScore value='552'/>
		<totalScore value='14046'/>
	</player>

	<enemy>
		<race value='Terran'/>
		<unitScore value='7850'/>
		<unitScore value='7850'/>
		<killScore value='8850'/>
		<buildingScore value='2850'/>
		<razingScore value='4575'/>
		<mineralScore value='9250'/>
		<gasScore value='3520'/>
		<totalScore value='36895'/>
	</enemy>

	<scoreRatio value='0.380702'/>
	<timeFitness value='0.172917'/>
	<unitsAverage value='26'/>
</results>
