<results>
	<result value='loss'/>
	<start value='2015-05-02.21:14:44'/>
	<end value='2015-05-02.21:14:59'/>
	<frames value='19594'/>
	<gameDuration value='1224'/>

	<player>
		<unitScore value='4200'/>
		<killScore value='2850'/>
		<buildingScore value='1575'/>
		<razingScore value='0'/>
		<mineralScore value='6018'/>
		<gasScore value='696'/>
		<totalScore value='15339'/>
	</player>

	<enemy>
		<race value='Terran'/>
		<unitScore value='6975'/>
		<unitScore value='6975'/>
		<killScore value='8400'/>
		<buildingScore value='2850'/>
		<razingScore value='4725'/>
		<mineralScore value='9210'/>
		<gasScore value='3176'/>
		<totalScore value='35336'/>
	</enemy>

	<scoreRatio value='0.43409'/>
	<timeFitness value='0.17'/>
	<unitsAverage value='27'/>
</results>
