<results>
	<result value='loss'/>
	<start value='2015-05-02.21:17:11'/>
	<end value='2015-05-02.21:17:23'/>
	<frames value='18013'/>
	<gameDuration value='1125'/>

	<player>
		<unitScore value='5850'/>
		<killScore value='1150'/>
		<buildingScore value='1600'/>
		<razingScore value='0'/>
		<mineralScore value='7282'/>
		<gasScore value='776'/>
		<totalScore value='16658'/>
	</player>

	<enemy>
		<race value='Terran'/>
		<unitScore value='6450'/>
		<unitScore value='6450'/>
		<killScore value='11700'/>
		<buildingScore value='2700'/>
		<razingScore value='4800'/>
		<mineralScore value='8234'/>
		<gasScore value='2736'/>
		<totalScore value='36620'/>
	</enemy>

	<scoreRatio value='0.454888'/>
	<timeFitness value='0.15625'/>
	<unitsAverage value='28'/>
</results>
