<results>
	<result value='win'/>
	<start value='2015-05-03.07:36:12'/>
	<end value='2015-05-03.07:36:44'/>
	<frames value='26352'/>
	<gameDuration value='1647'/>

	<player>
		<unitScore value='15850'/>
		<killScore value='16610'/>
		<buildingScore value='5125'/>
		<razingScore value='6975'/>
		<mineralScore value='23614'/>
		<gasScore value='2248'/>
		<totalScore value='70422'/>
	</player>

	<enemy>
		<race value='Zerg'/>
		<unitScore value='7900'/>
		<unitScore value='7900'/>
		<killScore value='11700'/>
		<buildingScore value='2325'/>
		<razingScore value='1425'/>
		<mineralScore value='8898'/>
		<gasScore value='3112'/>
		<totalScore value='35360'/>
	</enemy>

	<scoreRatio value='1.99157'/>
	<timeFitness value='0.77125'/>
	<unitsAverage value='96'/>
</results>
