<results>
	<result value='loss'/>
	<start value='2015-04-26.21:22:13'/>
	<end value='2015-04-26.21:22:43'/>
	<frames value='44704'/>
	<gameDuration value='2794'/>

	<player>
		<unitScore value='12925'/>
		<killScore value='22750'/>
		<buildingScore value='3075'/>
		<razingScore value='1050'/>
		<mineralScore value='15162'/>
		<gasScore value='3496'/>
		<totalScore value='58458'/>
	</player>

	<enemy>
		<race value='Terran'/>
		<unitScore value='33875'/>
		<unitScore value='33875'/>
		<killScore value='25850'/>
		<buildingScore value='5300'/>
		<razingScore value='9225'/>
		<mineralScore value='23394'/>
		<gasScore value='13686'/>
		<totalScore value='111330'/>
	</enemy>

	<scoreRatio value='0.525088'/>
</results>
