<results>
	<result value='loss'/>
	<start value='2015-04-26.21:24:34'/>
	<end value='2015-04-26.21:24:44'/>
	<frames value='17393'/>
	<gameDuration value='1087'/>

	<player>
		<unitScore value='4025'/>
		<killScore value='1100'/>
		<buildingScore value='1925'/>
		<razingScore value='0'/>
		<mineralScore value='5978'/>
		<gasScore value='720'/>
		<totalScore value='13748'/>
	</player>

	<enemy>
		<race value='Terran'/>
		<unitScore value='6175'/>
		<unitScore value='6175'/>
		<killScore value='8050'/>
		<buildingScore value='2700'/>
		<razingScore value='5775'/>
		<mineralScore value='8098'/>
		<gasScore value='2360'/>
		<totalScore value='33158'/>
	</enemy>

	<scoreRatio value='0.414621'/>
</results>
