<results>
	<result value='win'/>
	<start value='2014-07-12.04:01:07'/>
	<end value='2014-07-12.04:01:36'/>
	<frames value='33451'/>
	<gameDuration value='2090'/>

	<player>
		<unitScore value='18775'/>
		<killScore value='28350'/>
		<buildingScore value='3950'/>
		<razingScore value='21825'/>
		<mineralScore value='29042'/>
		<gasScore value='3304'/>
		<totalScore value='105246'/>
	</player>

	<enemy>
		<race value='Protoss'/>
		<unitScore value='14175'/>
		<unitScore value='14175'/>
		<killScore value='14500'/>
		<buildingScore value='7275'/>
		<razingScore value='375'/>
		<mineralScore value='18530'/>
		<gasScore value='6104'/>
		<totalScore value='60959'/>
	</enemy>

	<scoreRatio value='1.7265'/>
</results>
