<results>
	<result value='win'/>
	<start value='2015-04-30.11:01:28'/>
	<end value='2015-04-30.11:02:13'/>
	<frames value='34846'/>
	<gameDuration value='2177'/>

	<player>
		<unitScore value='24800'/>
		<killScore value='32260'/>
		<buildingScore value='3450'/>
		<razingScore value='4755'/>
		<mineralScore value='30142'/>
		<gasScore value='0'/>
		<totalScore value='95407'/>
	</player>

	<enemy>
		<race value='Zerg'/>
		<unitScore value='14950'/>
		<unitScore value='14950'/>
		<killScore value='33300'/>
		<buildingScore value='1585'/>
		<razingScore value='0'/>
		<mineralScore value='13286'/>
		<gasScore value='4912'/>
		<totalScore value='68033'/>
	</enemy>

	<scoreRatio value='1.40236'/>
</results>
