<results>
	<result value='draw'/>
	<start value='2015-04-30.11:19:01'/>
	<end value='2015-04-30.11:21:41'/>
	<frames value='57601'/>
	<gameDuration value='3600'/>

	<player>
		<unitScore value='28300'/>
		<killScore value='33860'/>
		<buildingScore value='4450'/>
		<razingScore value='2895'/>
		<mineralScore value='50766'/>
		<gasScore value='0'/>
		<totalScore value='120271'/>
	</player>

	<enemy>
		<race value='Zerg'/>
		<unitScore value='15100'/>
		<unitScore value='15100'/>
		<killScore value='36600'/>
		<buildingScore value='1380'/>
		<razingScore value='0'/>
		<mineralScore value='12050'/>
		<gasScore value='3912'/>
		<totalScore value='69042'/>
	</enemy>

	<scoreRatio value='1.742'/>
</results>
