<results>
	<result value='loss'/>
	<start value='2015-07-13.17:16:46'/>
	<end value='2015-07-13.17:17:01'/>
	<frames value='28925'/>
	<gameDuration value='1807'/>

	<player>
		<unitScore value='7250'/>
		<killScore value='4800'/>
		<buildingScore value='2050'/>
		<razingScore value='0'/>
		<mineralScore value='8778'/>
		<gasScore value='1440'/>
		<totalScore value='24318'/>
	</player>

	<enemy>
		<race value='Protoss'/>
		<unitScore value='12225'/>
		<killScore value='14200'/>
		<buildingScore value='6925'/>
		<razingScore value='6150'/>
		<mineralScore value='17774'/>
		<gasScore value='5792'/>
		<totalScore value='63066'/>
	</enemy>

	<scoreRatio value='0.385596'/>
	<timeFitness value='0.250972'/>
	<unitsAverage value='29'/>
</results>
