<results>
	<result value='loss'/>
	<start value='2015-07-13.17:25:00'/>
	<end value='2015-07-13.17:25:08'/>
	<frames value='15905'/>
	<gameDuration value='994'/>

	<player>
		<unitScore value='4250'/>
		<killScore value='4800'/>
		<buildingScore value='1650'/>
		<razingScore value='675'/>
		<mineralScore value='5010'/>
		<gasScore value='712'/>
		<totalScore value='17097'/>
	</player>

	<enemy>
		<race value='Protoss'/>
		<unitScore value='3600'/>
		<killScore value='7500'/>
		<buildingScore value='1875'/>
		<razingScore value='4950'/>
		<mineralScore value='5754'/>
		<gasScore value='728'/>
		<totalScore value='24407'/>
	</enemy>

	<scoreRatio value='0.700496'/>
	<timeFitness value='0.138056'/>
	<unitsAverage value='25'/>
</results>
