<results>
	<result value='loss'/>
	<start value='2014-07-04.05:40:04'/>
	<end value='2014-07-04.05:40:14'/>
	<frames value='18943'/>
	<gameDuration value='1183'/>

	<player>
		<unitScore value='3950'/>
		<killScore value='2400'/>
		<buildingScore value='2025'/>
		<razingScore value='0'/>
		<mineralScore value='6426'/>
		<gasScore value='720'/>
		<totalScore value='15521'/>
	</player>

	<enemy>
		<race value='Protoss'/>
		<unitScore value='5325'/>
		<unitScore value='5325'/>
		<killScore value='8000'/>
		<buildingScore value='4475'/>
		<razingScore value='6075'/>
		<mineralScore value='10090'/>
		<gasScore value='2824'/>
		<totalScore value='36789'/>
	</enemy>

	<scoreRatio value='0.421892'/>
</results>
