<results>
	<result value='win'/>
	<start value='2014-07-04.05:44:19'/>
	<end value='2014-07-04.05:44:55'/>
	<frames value='30661'/>
	<gameDuration value='1916'/>

	<player>
		<unitScore value='18000'/>
		<killScore value='24350'/>
		<buildingScore value='4250'/>
		<razingScore value='14625'/>
		<mineralScore value='31370'/>
		<gasScore value='3472'/>
		<totalScore value='96067'/>
	</player>

	<enemy>
		<race value='Protoss'/>
		<unitScore value='13925'/>
		<unitScore value='13925'/>
		<killScore value='12700'/>
		<buildingScore value='4875'/>
		<razingScore value='300'/>
		<mineralScore value='14466'/>
		<gasScore value='5504'/>
		<totalScore value='51770'/>
	</enemy>

	<scoreRatio value='1.85565'/>
</results>
