<results>
	<result value='loss'/>
	<start value='2014-07-04.05:46:57'/>
	<end value='2014-07-04.05:47:05'/>
	<frames value='14944'/>
	<gameDuration value='934'/>

	<player>
		<unitScore value='3050'/>
		<killScore value='600'/>
		<buildingScore value='1400'/>
		<razingScore value='0'/>
		<mineralScore value='4362'/>
		<gasScore value='664'/>
		<totalScore value='10076'/>
	</player>

	<enemy>
		<race value='Protoss'/>
		<unitScore value='3550'/>
		<unitScore value='3550'/>
		<killScore value='6350'/>
		<buildingScore value='2575'/>
		<razingScore value='4200'/>
		<mineralScore value='7586'/>
		<gasScore value='1280'/>
		<totalScore value='25541'/>
	</enemy>

	<scoreRatio value='0.394503'/>
</results>
