<results>
	<result value='loss'/>
	<start value='2015-04-14.06:52:19'/>
	<end value='2015-04-14.06:52:36'/>
	<frames value='30816'/>
	<gameDuration value='1926'/>

	<player>
		<unitScore value='6575'/>
		<killScore value='3600'/>
		<buildingScore value='3100'/>
		<razingScore value='0'/>
		<mineralScore value='10962'/>
		<gasScore value='2456'/>
		<totalScore value='26693'/>
	</player>

	<enemy>
		<race value='Protoss'/>
		<unitScore value='11800'/>
		<unitScore value='11800'/>
		<killScore value='12500'/>
		<buildingScore value='5975'/>
		<razingScore value='9300'/>
		<mineralScore value='20162'/>
		<gasScore value='7096'/>
		<totalScore value='66833'/>
	</enemy>

	<scoreRatio value='0.399399'/>
</results>
