<results>
	<result value='win'/>
	<start value='2015-04-14.06:55:33'/>
	<end value='2015-04-14.06:56:01'/>
	<frames value='29545'/>
	<gameDuration value='1846'/>

	<player>
		<unitScore value='18925'/>
		<killScore value='19700'/>
		<buildingScore value='4250'/>
		<razingScore value='13575'/>
		<mineralScore value='27174'/>
		<gasScore value='2656'/>
		<totalScore value='86280'/>
	</player>

	<enemy>
		<race value='Protoss'/>
		<unitScore value='9850'/>
		<unitScore value='9850'/>
		<killScore value='16800'/>
		<buildingScore value='4525'/>
		<razingScore value='0'/>
		<mineralScore value='23474'/>
		<gasScore value='944'/>
		<totalScore value='55593'/>
	</enemy>

	<scoreRatio value='1.55199'/>
</results>
