<results>
	<result value='draw'/>
	<start value='2014-07-11.20:55:16'/>
	<end value='2014-07-11.20:56:17'/>
	<frames value='57601'/>
	<gameDuration value='3600'/>

	<player>
		<unitScore value='26600'/>
		<killScore value='28200'/>
		<buildingScore value='5100'/>
		<razingScore value='2850'/>
		<mineralScore value='31478'/>
		<gasScore value='5864'/>
		<totalScore value='100092'/>
	</player>

	<enemy>
		<race value='Terran'/>
		<unitScore value='25800'/>
		<unitScore value='25800'/>
		<killScore value='46100'/>
		<buildingScore value='5075'/>
		<razingScore value='8925'/>
		<mineralScore value='19510'/>
		<gasScore value='11816'/>
		<totalScore value='117226'/>
	</enemy>

	<scoreRatio value='0.853838'/>
</results>
