<results>
	<result value='win'/>
	<start value='2014-07-11.21:06:56'/>
	<end value='2014-07-11.21:07:30'/>
	<frames value='33172'/>
	<gameDuration value='2073'/>

	<player>
		<unitScore value='19975'/>
		<killScore value='32650'/>
		<buildingScore value='4750'/>
		<razingScore value='11625'/>
		<mineralScore value='26658'/>
		<gasScore value='2728'/>
		<totalScore value='98386'/>
	</player>

	<enemy>
		<race value='Terran'/>
		<unitScore value='18425'/>
		<unitScore value='18425'/>
		<killScore value='16950'/>
		<buildingScore value='4050'/>
		<razingScore value='1575'/>
		<mineralScore value='14266'/>
		<gasScore value='6846'/>
		<totalScore value='62112'/>
	</enemy>

	<scoreRatio value='1.58401'/>
</results>
