<results>
	<result value='win'/>
	<start value='2014-07-11.21:10:18'/>
	<end value='2014-07-11.21:10:34'/>
	<frames value='21330'/>
	<gameDuration value='1333'/>

	<player>
		<unitScore value='7850'/>
		<killScore value='13900'/>
		<buildingScore value='2675'/>
		<razingScore value='5250'/>
		<mineralScore value='13542'/>
		<gasScore value='2152'/>
		<totalScore value='45369'/>
	</player>

	<enemy>
		<race value='Terran'/>
		<unitScore value='6950'/>
		<unitScore value='6950'/>
		<killScore value='1800'/>
		<buildingScore value='1750'/>
		<razingScore value='150'/>
		<mineralScore value='8354'/>
		<gasScore value='2544'/>
		<totalScore value='21548'/>
	</enemy>

	<scoreRatio value='2.10549'/>
</results>
