<results>
	<result value='win'/>
	<start value='2015-03-31.13:10:49'/>
	<end value='2015-03-31.13:11:54'/>
	<frames value='43433'/>
	<gameDuration value='2714'/>

	<player>
		<unitScore value='29050'/>
		<killScore value='39850'/>
		<buildingScore value='3975'/>
		<razingScore value='19950'/>
		<mineralScore value='35658'/>
		<gasScore value='5326'/>
		<totalScore value='133809'/>
	</player>

	<enemy>
		<race value='Protoss'/>
		<unitScore value='22325'/>
		<unitScore value='22325'/>
		<killScore value='31050'/>
		<buildingScore value='6650'/>
		<razingScore value='300'/>
		<mineralScore value='24566'/>
		<gasScore value='10400'/>
		<totalScore value='95291'/>
	</enemy>

	<scoreRatio value='1.40421'/>
</results>
