<results>
	<result value='loss'/>
	<start value='2015-04-24.22:58:29'/>
	<end value='2015-04-24.22:58:48'/>
	<frames value='32273'/>
	<gameDuration value='2017'/>

	<player>
		<unitScore value='6375'/>
		<killScore value='4850'/>
		<buildingScore value='1400'/>
		<razingScore value='0'/>
		<mineralScore value='11954'/>
		<gasScore value='696'/>
		<totalScore value='25275'/>
	</player>

	<enemy>
		<race value='Terran'/>
		<unitScore value='16250'/>
		<unitScore value='16250'/>
		<killScore value='12750'/>
		<buildingScore value='4875'/>
		<razingScore value='4200'/>
		<mineralScore value='17014'/>
		<gasScore value='9094'/>
		<totalScore value='64183'/>
	</enemy>

	<scoreRatio value='0.393796'/>
</results>
