<results>
	<result value='loss'/>
	<start value='2015-04-24.23:02:02'/>
	<end value='2015-04-24.23:02:12'/>
	<frames value='18850'/>
	<gameDuration value='1178'/>

	<player>
		<unitScore value='5025'/>
		<killScore value='200'/>
		<buildingScore value='2425'/>
		<razingScore value='0'/>
		<mineralScore value='8034'/>
		<gasScore value='904'/>
		<totalScore value='16588'/>
	</player>

	<enemy>
		<race value='Terran'/>
		<unitScore value='7150'/>
		<unitScore value='7150'/>
		<killScore value='10050'/>
		<buildingScore value='2950'/>
		<razingScore value='7275'/>
		<mineralScore value='8730'/>
		<gasScore value='3136'/>
		<totalScore value='39291'/>
	</enemy>

	<scoreRatio value='0.422183'/>
</results>
