<results>
	<result value='loss'/>
	<start value='2015-04-24.23:09:12'/>
	<end value='2015-04-24.23:09:20'/>
	<frames value='16308'/>
	<gameDuration value='1019'/>

	<player>
		<unitScore value='2500'/>
		<killScore value='400'/>
		<buildingScore value='1625'/>
		<razingScore value='0'/>
		<mineralScore value='4130'/>
		<gasScore value='808'/>
		<totalScore value='9463'/>
	</player>

	<enemy>
		<race value='Terran'/>
		<unitScore value='5050'/>
		<unitScore value='5050'/>
		<killScore value='5000'/>
		<buildingScore value='1900'/>
		<razingScore value='4875'/>
		<mineralScore value='7538'/>
		<gasScore value='2256'/>
		<totalScore value='26619'/>
	</enemy>

	<scoreRatio value='0.355498'/>
</results>
