<results>
	<result value='loss'/>
	<start value='2015-04-24.23:11:01'/>
	<end value='2015-04-24.23:11:10'/>
	<frames value='17300'/>
	<gameDuration value='1081'/>

	<player>
		<unitScore value='3750'/>
		<killScore value='2850'/>
		<buildingScore value='1775'/>
		<razingScore value='0'/>
		<mineralScore value='5578'/>
		<gasScore value='840'/>
		<totalScore value='14793'/>
	</player>

	<enemy>
		<race value='Terran'/>
		<unitScore value='6125'/>
		<unitScore value='6125'/>
		<killScore value='7500'/>
		<buildingScore value='2625'/>
		<razingScore value='5325'/>
		<mineralScore value='7978'/>
		<gasScore value='2520'/>
		<totalScore value='32073'/>
	</enemy>

	<scoreRatio value='0.461229'/>
</results>
