<results>
	<result value='loss'/>
	<start value='2015-04-27.11:44:01'/>
	<end value='2015-04-27.11:44:14'/>
	<frames value='23717'/>
	<gameDuration value='1482'/>

	<player>
		<unitScore value='7750'/>
		<killScore value='4250'/>
		<buildingScore value='2750'/>
		<razingScore value='0'/>
		<mineralScore value='11250'/>
		<gasScore value='1376'/>
		<totalScore value='27376'/>
	</player>

	<enemy>
		<race value='Terran'/>
		<unitScore value='9825'/>
		<unitScore value='9825'/>
		<killScore value='15500'/>
		<buildingScore value='3550'/>
		<razingScore value='8250'/>
		<mineralScore value='11858'/>
		<gasScore value='4984'/>
		<totalScore value='53967'/>
	</enemy>

	<scoreRatio value='0.507273'/>
</results>
