<results>
	<result value='loss'/>
	<start value='2015-04-27.11:46:37'/>
	<end value='2015-04-27.11:46:42'/>
	<frames value='14541'/>
	<gameDuration value='908'/>

	<player>
		<unitScore value='2750'/>
		<killScore value='500'/>
		<buildingScore value='1125'/>
		<razingScore value='0'/>
		<mineralScore value='3634'/>
		<gasScore value='0'/>
		<totalScore value='8009'/>
	</player>

	<enemy>
		<race value='Terran'/>
		<unitScore value='4475'/>
		<unitScore value='4475'/>
		<killScore value='5500'/>
		<buildingScore value='1500'/>
		<razingScore value='3375'/>
		<mineralScore value='6458'/>
		<gasScore value='2192'/>
		<totalScore value='23500'/>
	</enemy>

	<scoreRatio value='0.340809'/>
</results>
