<results>
	<result value='loss'/>
	<start value='2015-05-03.23:45:16'/>
	<end value='2015-05-03.23:47:21'/>
	<frames value='50501'/>
	<gameDuration value='3156'/>

	<player>
		<unitScore value='25075'/>
		<killScore value='47450'/>
		<buildingScore value='3300'/>
		<razingScore value='1650'/>
		<mineralScore value='25034'/>
		<gasScore value='4456'/>
		<totalScore value='106965'/>
	</player>

	<enemy>
		<race value='Protoss'/>
		<unitScore value='43225'/>
		<unitScore value='43225'/>
		<killScore value='50150'/>
		<buildingScore value='7675'/>
		<razingScore value='9900'/>
		<mineralScore value='33758'/>
		<gasScore value='14278'/>
		<totalScore value='158986'/>
	</enemy>

	<scoreRatio value='0.672795'/>
	<timeFitness value='0.438333'/>
	<unitsAverage value='107'/>
</results>
