<results>
	<result value='win'/>
	<start value='2015-05-04.06:43:46'/>
	<end value='2015-05-04.06:43:59'/>
	<frames value='19532'/>
	<gameDuration value='1220'/>

	<player>
		<unitScore value='7075'/>
		<killScore value='13950'/>
		<buildingScore value='1925'/>
		<razingScore value='5250'/>
		<mineralScore value='9370'/>
		<gasScore value='2120'/>
		<totalScore value='39690'/>
	</player>

	<enemy>
		<race value='Terran'/>
		<unitScore value='6975'/>
		<unitScore value='6975'/>
		<killScore value='5700'/>
		<buildingScore value='1750'/>
		<razingScore value='150'/>
		<mineralScore value='7474'/>
		<gasScore value='2184'/>
		<totalScore value='24233'/>
	</enemy>

	<scoreRatio value='1.63785'/>
	<timeFitness value='0.830556'/>
	<unitsAverage value='46'/>
</results>
