<results>
	<result value='loss'/>
	<start value='2015-04-27.01:40:09'/>
	<end value='2015-04-27.01:40:23'/>
	<frames value='23748'/>
	<gameDuration value='1484'/>

	<player>
		<unitScore value='5525'/>
		<killScore value='4900'/>
		<buildingScore value='2625'/>
		<razingScore value='0'/>
		<mineralScore value='8178'/>
		<gasScore value='1560'/>
		<totalScore value='22788'/>
	</player>

	<enemy>
		<race value='Terran'/>
		<unitScore value='9850'/>
		<unitScore value='9850'/>
		<killScore value='11050'/>
		<buildingScore value='3600'/>
		<razingScore value='7875'/>
		<mineralScore value='11754'/>
		<gasScore value='4832'/>
		<totalScore value='48961'/>
	</enemy>

	<scoreRatio value='0.465432'/>
</results>
