<results>
	<result value='win'/>
	<start value='2014-07-05.14:08:50'/>
	<end value='2014-07-05.14:09:08'/>
	<frames value='23934'/>
	<gameDuration value='1495'/>

	<player>
		<unitScore value='13875'/>
		<killScore value='14640'/>
		<buildingScore value='3900'/>
		<razingScore value='5700'/>
		<mineralScore value='21418'/>
		<gasScore value='2544'/>
		<totalScore value='62077'/>
	</player>

	<enemy>
		<race value='Zerg'/>
		<unitScore value='7700'/>
		<unitScore value='7700'/>
		<killScore value='8050'/>
		<buildingScore value='1900'/>
		<razingScore value='0'/>
		<mineralScore value='8106'/>
		<gasScore value='2216'/>
		<totalScore value='27972'/>
	</enemy>

	<scoreRatio value='2.21925'/>
</results>
