<results>
	<result value='loss'/>
	<start value='2015-07-20.07:05:38'/>
	<end value='2015-07-20.07:05:59'/>
	<frames value='24399'/>
	<gameDuration value='1524'/>

	<player>
		<unitScore value='4250'/>
		<killScore value='0'/>
		<buildingScore value='2575'/>
		<razingScore value='0'/>
		<mineralScore value='20842'/>
		<gasScore value='744'/>
		<totalScore value='28411'/>
	</player>

	<enemy>
		<race value='Zerg'/>
		<unitScore value='11800'/>
		<killScore value='8500'/>
		<buildingScore value='3190'/>
		<razingScore value='7725'/>
		<mineralScore value='13490'/>
		<gasScore value='4424'/>
		<totalScore value='49129'/>
	</enemy>

	<scoreRatio value='0.578294'/>
	<timeFitness value='0.211667'/>
	<unitsAverage value='44'/>
</results>
