<results>
	<result value='loss'/>
	<start value='2015-07-20.07:13:08'/>
	<end value='2015-07-20.07:13:28'/>
	<frames value='20307'/>
	<gameDuration value='1269'/>

	<player>
		<unitScore value='8025'/>
		<killScore value='100'/>
		<buildingScore value='2675'/>
		<razingScore value='0'/>
		<mineralScore value='17426'/>
		<gasScore value='872'/>
		<totalScore value='29098'/>
	</player>

	<enemy>
		<race value='Zerg'/>
		<unitScore value='7675'/>
		<killScore value='13200'/>
		<buildingScore value='2550'/>
		<razingScore value='8025'/>
		<mineralScore value='9722'/>
		<gasScore value='2904'/>
		<totalScore value='44076'/>
	</enemy>

	<scoreRatio value='0.660178'/>
	<timeFitness value='0.17625'/>
	<unitsAverage value='50'/>
</results>
