<results>
	<result value='win'/>
	<start value='2015-05-06.20:15:34'/>
	<end value='2015-05-06.20:16:27'/>
	<frames value='29111'/>
	<gameDuration value='1819'/>

	<player>
		<unitScore value='17475'/>
		<killScore value='38265'/>
		<buildingScore value='3475'/>
		<razingScore value='5040'/>
		<mineralScore value='31634'/>
		<gasScore value='3064'/>
		<totalScore value='98953'/>
	</player>

	<enemy>
		<race value='Zerg'/>
		<unitScore value='16075'/>
		<unitScore value='16075'/>
		<killScore value='14950'/>
		<buildingScore value='1680'/>
		<razingScore value='0'/>
		<mineralScore value='13786'/>
		<gasScore value='3952'/>
		<totalScore value='50443'/>
	</enemy>

	<scoreRatio value='1.96168'/>
	<timeFitness value='0.747361'/>
	<unitsAverage value='97'/>
</results>
