<results>
	<result value='draw'/>
	<start value='2015-07-19.02:08:54'/>
	<end value='2015-07-19.02:10:30'/>
	<frames value='57601'/>
	<gameDuration value='3600'/>

	<player>
		<unitScore value='44175'/>
		<killScore value='42500'/>
		<buildingScore value='4175'/>
		<razingScore value='6525'/>
		<mineralScore value='39754'/>
		<gasScore value='9778'/>
		<totalScore value='146907'/>
	</player>

	<enemy>
		<race value='Protoss'/>
		<unitScore value='26250'/>
		<killScore value='82150'/>
		<buildingScore value='5500'/>
		<razingScore value='150'/>
		<mineralScore value='20770'/>
		<gasScore value='6126'/>
		<totalScore value='140946'/>
	</enemy>

	<scoreRatio value='1.04229'/>
	<timeFitness value='0.5'/>
	<unitsAverage value='99'/>
</results>
