<results>
	<result value='loss'/>
	<start value='2015-07-19.02:33:11'/>
	<end value='2015-07-19.02:33:24'/>
	<frames value='16060'/>
	<gameDuration value='1003'/>

	<player>
		<unitScore value='4675'/>
		<killScore value='200'/>
		<buildingScore value='1625'/>
		<razingScore value='0'/>
		<mineralScore value='5386'/>
		<gasScore value='688'/>
		<totalScore value='12574'/>
	</player>

	<enemy>
		<race value='Protoss'/>
		<unitScore value='3550'/>
		<killScore value='9350'/>
		<buildingScore value='3525'/>
		<razingScore value='4875'/>
		<mineralScore value='8274'/>
		<gasScore value='1632'/>
		<totalScore value='31206'/>
	</enemy>

	<scoreRatio value='0.402935'/>
	<timeFitness value='0.139306'/>
	<unitsAverage value='25'/>
</results>
