<results>
	<result value='loss'/>
	<start value='2015-03-29.09:15:57'/>
	<end value='2015-03-29.09:16:21'/>
	<frames value='31622'/>
	<gameDuration value='1976'/>

	<player>
		<unitScore value='9900'/>
		<killScore value='5100'/>
		<buildingScore value='2525'/>
		<razingScore value='0'/>
		<mineralScore value='13078'/>
		<gasScore value='2160'/>
		<totalScore value='32763'/>
	</player>

	<enemy>
		<race value='Protoss'/>
		<unitScore value='17325'/>
		<unitScore value='17325'/>
		<killScore value='19550'/>
		<buildingScore value='6875'/>
		<razingScore value='7575'/>
		<mineralScore value='21042'/>
		<gasScore value='7624'/>
		<totalScore value='79991'/>
	</enemy>

	<scoreRatio value='0.409584'/>
</results>
