<results>
	<result value='win'/>
	<start value='2015-05-11.08:46:17'/>
	<end value='2015-05-11.08:46:46'/>
	<frames value='23221'/>
	<gameDuration value='1451'/>

	<player>
		<unitScore value='12300'/>
		<killScore value='15840'/>
		<buildingScore value='4175'/>
		<razingScore value='5460'/>
		<mineralScore value='19178'/>
		<gasScore value='1408'/>
		<totalScore value='58361'/>
	</player>

	<enemy>
		<race value='Zerg'/>
		<unitScore value='7850'/>
		<unitScore value='7850'/>
		<killScore value='7500'/>
		<buildingScore value='1820'/>
		<razingScore value='0'/>
		<mineralScore value='8882'/>
		<gasScore value='2832'/>
		<totalScore value='28884'/>
	</enemy>

	<scoreRatio value='2.02053'/>
	<timeFitness value='0.798472'/>
	<unitsAverage value='79'/>
</results>
