<results>
	<result value='loss'/>
	<start value='2015-05-03.05:39:53'/>
	<end value='2015-05-03.05:40:08'/>
	<frames value='28305'/>
	<gameDuration value='1769'/>

	<player>
		<unitScore value='2975'/>
		<killScore value='3300'/>
		<buildingScore value='1075'/>
		<razingScore value='300'/>
		<mineralScore value='3986'/>
		<gasScore value='464'/>
		<totalScore value='12100'/>
	</player>

	<enemy>
		<race value='Protoss'/>
		<unitScore value='13400'/>
		<unitScore value='13400'/>
		<killScore value='5950'/>
		<buildingScore value='6975'/>
		<razingScore value='3225'/>
		<mineralScore value='17530'/>
		<gasScore value='6248'/>
		<totalScore value='53328'/>
	</enemy>

	<scoreRatio value='0.226898'/>
	<timeFitness value='0.245694'/>
	<unitsAverage value='18'/>
</results>
