<results>
	<result value='loss'/>
	<start value='2015-05-03.05:42:31'/>
	<end value='2015-05-03.05:42:55'/>
	<frames value='33947'/>
	<gameDuration value='2121'/>

	<player>
		<unitScore value='10500'/>
		<killScore value='12300'/>
		<buildingScore value='1525'/>
		<razingScore value='750'/>
		<mineralScore value='12058'/>
		<gasScore value='2136'/>
		<totalScore value='39269'/>
	</player>

	<enemy>
		<race value='Protoss'/>
		<unitScore value='16100'/>
		<unitScore value='16100'/>
		<killScore value='21000'/>
		<buildingScore value='6675'/>
		<razingScore value='4575'/>
		<mineralScore value='22378'/>
		<gasScore value='6736'/>
		<totalScore value='77464'/>
	</enemy>

	<scoreRatio value='0.506932'/>
	<timeFitness value='0.294583'/>
	<unitsAverage value='47'/>
</results>
