<results>
	<result value='win'/>
	<start value='2015-05-03.05:47:01'/>
	<end value='2015-05-03.05:47:25'/>
	<frames value='26941'/>
	<gameDuration value='1683'/>

	<player>
		<unitScore value='12325'/>
		<killScore value='11150'/>
		<buildingScore value='2925'/>
		<razingScore value='11925'/>
		<mineralScore value='15842'/>
		<gasScore value='2704'/>
		<totalScore value='56871'/>
	</player>

	<enemy>
		<race value='Protoss'/>
		<unitScore value='5575'/>
		<unitScore value='5575'/>
		<killScore value='9300'/>
		<buildingScore value='3975'/>
		<razingScore value='600'/>
		<mineralScore value='10794'/>
		<gasScore value='1416'/>
		<totalScore value='31660'/>
	</enemy>

	<scoreRatio value='1.7963'/>
	<timeFitness value='0.76625'/>
	<unitsAverage value='71'/>
</results>
