<results>
	<result value='loss'/>
	<start value='2015-04-14.05:34:06'/>
	<end value='2015-04-14.05:34:26'/>
	<frames value='26569'/>
	<gameDuration value='1660'/>

	<player>
		<unitScore value='3325'/>
		<killScore value='2400'/>
		<buildingScore value='1550'/>
		<razingScore value='0'/>
		<mineralScore value='5010'/>
		<gasScore value='976'/>
		<totalScore value='13261'/>
	</player>

	<enemy>
		<race value='Protoss'/>
		<unitScore value='11375'/>
		<unitScore value='11375'/>
		<killScore value='6650'/>
		<buildingScore value='6525'/>
		<razingScore value='4650'/>
		<mineralScore value='16490'/>
		<gasScore value='6016'/>
		<totalScore value='51706'/>
	</enemy>

	<scoreRatio value='0.256469'/>
</results>
