<results>
	<result value='loss'/>
	<start value='2015-05-01.23:38:51'/>
	<end value='2015-05-01.23:39:43'/>
	<frames value='48393'/>
	<gameDuration value='3024'/>

	<player>
		<unitScore value='21375'/>
		<killScore value='33440'/>
		<buildingScore value='2675'/>
		<razingScore value='6150'/>
		<mineralScore value='23954'/>
		<gasScore value='3896'/>
		<totalScore value='91490'/>
	</player>

	<enemy>
		<race value='Protoss'/>
		<unitScore value='27060'/>
		<unitScore value='27060'/>
		<killScore value='42750'/>
		<buildingScore value='8425'/>
		<razingScore value='8025'/>
		<mineralScore value='29118'/>
		<gasScore value='9252'/>
		<totalScore value='124630'/>
	</enemy>

	<scoreRatio value='0.734093'/>
</results>
