<results>
	<result value='loss'/>
	<start value='2015-07-18.10:09:50'/>
	<end value='2015-07-18.10:10:23'/>
	<frames value='28243'/>
	<gameDuration value='1765'/>

	<player>
		<unitScore value='12900'/>
		<killScore value='6400'/>
		<buildingScore value='4200'/>
		<razingScore value='150'/>
		<mineralScore value='14642'/>
		<gasScore value='2040'/>
		<totalScore value='40332'/>
	</player>

	<enemy>
		<race value='Terran'/>
		<unitScore value='10350'/>
		<killScore value='25800'/>
		<buildingScore value='4550'/>
		<razingScore value='12600'/>
		<mineralScore value='13922'/>
		<gasScore value='6368'/>
		<totalScore value='73590'/>
	</enemy>

	<scoreRatio value='0.548064'/>
	<timeFitness value='0.245139'/>
	<unitsAverage value='37'/>
</results>
