<results>
	<result value='win'/>
	<start value='2015-04-11.20:54:04'/>
	<end value='2015-04-11.20:54:45'/>
	<frames value='27406'/>
	<gameDuration value='1712'/>

	<player>
		<unitScore value='13950'/>
		<killScore value='16000'/>
		<buildingScore value='3625'/>
		<razingScore value='16425'/>
		<mineralScore value='19170'/>
		<gasScore value='2632'/>
		<totalScore value='71802'/>
	</player>

	<enemy>
		<race value='Protoss'/>
		<unitScore value='8450'/>
		<unitScore value='8450'/>
		<killScore value='10450'/>
		<buildingScore value='5475'/>
		<razingScore value='0'/>
		<mineralScore value='14802'/>
		<gasScore value='2400'/>
		<totalScore value='41577'/>
	</enemy>

	<scoreRatio value='1.72696'/>
</results>
