<results>
	<result value='loss'/>
	<start value='2015-04-17.07:05:27'/>
	<end value='2015-04-17.07:06:01'/>
	<frames value='33544'/>
	<gameDuration value='2096'/>

	<player>
		<unitScore value='8625'/>
		<killScore value='5400'/>
		<buildingScore value='2150'/>
		<razingScore value='0'/>
		<mineralScore value='12898'/>
		<gasScore value='1304'/>
		<totalScore value='30377'/>
	</player>

	<enemy>
		<race value='Protoss'/>
		<unitScore value='17700'/>
		<unitScore value='17700'/>
		<killScore value='17250'/>
		<buildingScore value='6925'/>
		<razingScore value='6450'/>
		<mineralScore value='21090'/>
		<gasScore value='8080'/>
		<totalScore value='77495'/>
	</enemy>

	<scoreRatio value='0.391987'/>
</results>
