<results>
	<result value='draw'/>
	<start value='2015-05-03.12:21:19'/>
	<end value='2015-05-03.12:22:55'/>
	<frames value='57601'/>
	<gameDuration value='3600'/>

	<player>
		<unitScore value='17200'/>
		<killScore value='28600'/>
		<buildingScore value='5050'/>
		<razingScore value='9225'/>
		<mineralScore value='43438'/>
		<gasScore value='5842'/>
		<totalScore value='109355'/>
	</player>

	<enemy>
		<race value='Terran'/>
		<unitScore value='14300'/>
		<unitScore value='14300'/>
		<killScore value='11100'/>
		<buildingScore value='3225'/>
		<razingScore value='3300'/>
		<mineralScore value='13266'/>
		<gasScore value='5968'/>
		<totalScore value='51159'/>
	</enemy>

	<scoreRatio value='2.13755'/>
	<timeFitness value='0.5'/>
	<unitsAverage value='148'/>
</results>
