<results>
	<result value='win'/>
	<start value='2015-05-08.16:04:07'/>
	<end value='2015-05-08.16:05:26'/>
	<frames value='54097'/>
	<gameDuration value='3381'/>

	<player>
		<unitScore value='26025'/>
		<killScore value='45800'/>
		<buildingScore value='4700'/>
		<razingScore value='12450'/>
		<mineralScore value='32930'/>
		<gasScore value='8750'/>
		<totalScore value='130655'/>
	</player>

	<enemy>
		<race value='Terran'/>
		<unitScore value='25600'/>
		<unitScore value='25600'/>
		<killScore value='28600'/>
		<buildingScore value='4150'/>
		<razingScore value='2400'/>
		<mineralScore value='19250'/>
		<gasScore value='10676'/>
		<totalScore value='90676'/>
	</enemy>

	<scoreRatio value='1.4409'/>
	<timeFitness value='0.530417'/>
	<unitsAverage value='117'/>
</results>
