<results>
	<result value='win'/>
	<start value='2015-05-03.12:25:15'/>
	<end value='2015-05-03.12:26:11'/>
	<frames value='44952'/>
	<gameDuration value='2809'/>

	<player>
		<unitScore value='21300'/>
		<killScore value='38500'/>
		<buildingScore value='4875'/>
		<razingScore value='11775'/>
		<mineralScore value='39698'/>
		<gasScore value='2754'/>
		<totalScore value='118902'/>
	</player>

	<enemy>
		<race value='Terran'/>
		<unitScore value='22625'/>
		<unitScore value='22625'/>
		<killScore value='19000'/>
		<buildingScore value='4075'/>
		<razingScore value='4500'/>
		<mineralScore value='17190'/>
		<gasScore value='8882'/>
		<totalScore value='76272'/>
	</enemy>

	<scoreRatio value='1.55892'/>
	<timeFitness value='0.609861'/>
	<unitsAverage value='112'/>
</results>
