<results>
	<result value='draw'/>
	<start value='2015-05-03.12:28:47'/>
	<end value='2015-05-03.12:29:30'/>
	<frames value='57601'/>
	<gameDuration value='3600'/>

	<player>
		<unitScore value='27575'/>
		<killScore value='30550'/>
		<buildingScore value='4450'/>
		<razingScore value='3525'/>
		<mineralScore value='35334'/>
		<gasScore value='3544'/>
		<totalScore value='104978'/>
	</player>

	<enemy>
		<race value='Terran'/>
		<unitScore value='31700'/>
		<unitScore value='31700'/>
		<killScore value='50300'/>
		<buildingScore value='5850'/>
		<razingScore value='6900'/>
		<mineralScore value='23358'/>
		<gasScore value='16258'/>
		<totalScore value='134366'/>
	</enemy>

	<scoreRatio value='0.781284'/>
	<timeFitness value='0.5'/>
	<unitsAverage value='64'/>
</results>
