<results>
	<result value='loss'/>
	<start value='2015-05-08.16:14:32'/>
	<end value='2015-05-08.16:15:12'/>
	<frames value='47773'/>
	<gameDuration value='2985'/>

	<player>
		<unitScore value='17600'/>
		<killScore value='13950'/>
		<buildingScore value='3225'/>
		<razingScore value='0'/>
		<mineralScore value='21086'/>
		<gasScore value='6336'/>
		<totalScore value='62197'/>
	</player>

	<enemy>
		<race value='Terran'/>
		<unitScore value='22875'/>
		<unitScore value='22875'/>
		<killScore value='35200'/>
		<buildingScore value='5275'/>
		<razingScore value='9675'/>
		<mineralScore value='29442'/>
		<gasScore value='11344'/>
		<totalScore value='113811'/>
	</enemy>

	<scoreRatio value='0.546494'/>
	<timeFitness value='0.414583'/>
	<unitsAverage value='61'/>
</results>
