<results>
	<result value='loss'/>
	<start value='2015-07-19.20:17:33'/>
	<end value='2015-07-19.20:18:40'/>
	<frames value='33823'/>
	<gameDuration value='2113'/>

	<player>
		<unitScore value='16350'/>
		<killScore value='20125'/>
		<buildingScore value='3600'/>
		<razingScore value='390'/>
		<mineralScore value='21898'/>
		<gasScore value='2384'/>
		<totalScore value='64747'/>
	</player>

	<enemy>
		<race value='Zerg'/>
		<unitScore value='21675'/>
		<killScore value='32700'/>
		<buildingScore value='4155'/>
		<razingScore value='10800'/>
		<mineralScore value='20586'/>
		<gasScore value='7344'/>
		<totalScore value='97260'/>
	</enemy>

	<scoreRatio value='0.66571'/>
	<timeFitness value='0.293472'/>
	<unitsAverage value='71'/>
</results>
