<results>
	<result value='draw'/>
	<start value='2015-07-19.20:18:50'/>
	<end value='2015-07-19.20:23:06'/>
	<frames value='57601'/>
	<gameDuration value='3600'/>

	<player>
		<unitScore value='39025'/>
		<killScore value='54250'/>
		<buildingScore value='3725'/>
		<razingScore value='0'/>
		<mineralScore value='43526'/>
		<gasScore value='10274'/>
		<totalScore value='150800'/>
	</player>

	<enemy>
		<race value='Zerg'/>
		<unitScore value='26800'/>
		<killScore value='50850'/>
		<buildingScore value='1705'/>
		<razingScore value='150'/>
		<mineralScore value='19542'/>
		<gasScore value='11370'/>
		<totalScore value='110417'/>
	</enemy>

	<scoreRatio value='1.36573'/>
	<timeFitness value='0.5'/>
	<unitsAverage value='174'/>
</results>
