<results>
	<result value='loss'/>
	<start value='2015-07-19.20:28:58'/>
	<end value='2015-07-19.20:29:29'/>
	<frames value='22291'/>
	<gameDuration value='1393'/>

	<player>
		<unitScore value='12625'/>
		<killScore value='6000'/>
		<buildingScore value='2450'/>
		<razingScore value='0'/>
		<mineralScore value='15050'/>
		<gasScore value='1736'/>
		<totalScore value='37861'/>
	</player>

	<enemy>
		<race value='Zerg'/>
		<unitScore value='8750'/>
		<killScore value='23550'/>
		<buildingScore value='2575'/>
		<razingScore value='7350'/>
		<mineralScore value='10986'/>
		<gasScore value='3528'/>
		<totalScore value='56739'/>
	</enemy>

	<scoreRatio value='0.667284'/>
	<timeFitness value='0.193472'/>
	<unitsAverage value='49'/>
</results>
