<results>
	<result value='loss'/>
	<start value='2015-07-12.19:52:24'/>
	<end value='2015-07-12.19:52:52'/>
	<frames value='45324'/>
	<gameDuration value='2832'/>

	<player>
		<unitScore value='16525'/>
		<killScore value='13900'/>
		<buildingScore value='3050'/>
		<razingScore value='150'/>
		<mineralScore value='15778'/>
		<gasScore value='3424'/>
		<totalScore value='52827'/>
	</player>

	<enemy>
		<race value='Terran'/>
		<unitScore value='27150'/>
		<killScore value='31500'/>
		<buildingScore value='5475'/>
		<razingScore value='9150'/>
		<mineralScore value='22866'/>
		<gasScore value='13144'/>
		<totalScore value='109285'/>
	</enemy>

	<scoreRatio value='0.483387'/>
	<timeFitness value='0.393333'/>
	<unitsAverage value='48'/>
</results>
