<results>
	<result value='loss'/>
	<start value='2015-07-20.05:02:23'/>
	<end value='2015-07-20.05:03:13'/>
	<frames value='38473'/>
	<gameDuration value='2404'/>

	<player>
		<unitScore value='21450'/>
		<killScore value='22750'/>
		<buildingScore value='3650'/>
		<razingScore value='0'/>
		<mineralScore value='32786'/>
		<gasScore value='2640'/>
		<totalScore value='83276'/>
	</player>

	<enemy>
		<race value='Zerg'/>
		<unitScore value='20925'/>
		<killScore value='42900'/>
		<buildingScore value='3640'/>
		<razingScore value='10950'/>
		<mineralScore value='20102'/>
		<gasScore value='7640'/>
		<totalScore value='106157'/>
	</enemy>

	<scoreRatio value='0.784461'/>
	<timeFitness value='0.333889'/>
	<unitsAverage value='66'/>
</results>
