<results>
	<result value='loss'/>
	<start value='2015-04-30.07:14:45'/>
	<end value='2015-04-30.07:15:04'/>
	<frames value='27375'/>
	<gameDuration value='1710'/>

	<player>
		<unitScore value='2975'/>
		<killScore value='2800'/>
		<buildingScore value='1575'/>
		<razingScore value='0'/>
		<mineralScore value='4898'/>
		<gasScore value='864'/>
		<totalScore value='13112'/>
	</player>

	<enemy>
		<race value='Protoss'/>
		<unitScore value='12325'/>
		<unitScore value='12325'/>
		<killScore value='5950'/>
		<buildingScore value='5975'/>
		<razingScore value='4725'/>
		<mineralScore value='17606'/>
		<gasScore value='6072'/>
		<totalScore value='52653'/>
	</enemy>

	<scoreRatio value='0.249027'/>
</results>
