<results>
	<result value='win'/>
	<start value='2015-04-30.07:21:49'/>
	<end value='2015-04-30.07:22:41'/>
	<frames value='32893'/>
	<gameDuration value='2055'/>

	<player>
		<unitScore value='21175'/>
		<killScore value='23500'/>
		<buildingScore value='3675'/>
		<razingScore value='18075'/>
		<mineralScore value='28350'/>
		<gasScore value='4024'/>
		<totalScore value='98799'/>
	</player>

	<enemy>
		<race value='Protoss'/>
		<unitScore value='12300'/>
		<unitScore value='12300'/>
		<killScore value='20350'/>
		<buildingScore value='6025'/>
		<razingScore value='150'/>
		<mineralScore value='16682'/>
		<gasScore value='4544'/>
		<totalScore value='60051'/>
	</enemy>

	<scoreRatio value='1.64525'/>
</results>
