<results>
	<result value='win'/>
	<start value='2014-07-04.03:06:12'/>
	<end value='2014-07-04.03:07:24'/>
	<frames value='47432'/>
	<gameDuration value='2964'/>

	<player>
		<unitScore value='23675'/>
		<killScore value='27800'/>
		<buildingScore value='4375'/>
		<razingScore value='19275'/>
		<mineralScore value='35550'/>
		<gasScore value='4752'/>
		<totalScore value='115427'/>
	</player>

	<enemy>
		<race value='Protoss'/>
		<unitScore value='14350'/>
		<unitScore value='14350'/>
		<killScore value='22500'/>
		<buildingScore value='6425'/>
		<razingScore value='300'/>
		<mineralScore value='20490'/>
		<gasScore value='5024'/>
		<totalScore value='69089'/>
	</enemy>

	<scoreRatio value='1.6707'/>
</results>
