<results>
	<result value='win'/>
	<start value='2015-04-09.21:39:23'/>
	<end value='2015-04-09.21:39:55'/>
	<frames value='29731'/>
	<gameDuration value='1858'/>

	<player>
		<unitScore value='19025'/>
		<killScore value='18650'/>
		<buildingScore value='4075'/>
		<razingScore value='18075'/>
		<mineralScore value='26138'/>
		<gasScore value='2208'/>
		<totalScore value='88171'/>
	</player>

	<enemy>
		<race value='Protoss'/>
		<unitScore value='9675'/>
		<unitScore value='9675'/>
		<killScore value='13000'/>
		<buildingScore value='6025'/>
		<razingScore value='450'/>
		<mineralScore value='15310'/>
		<gasScore value='3736'/>
		<totalScore value='48196'/>
	</enemy>

	<scoreRatio value='1.82943'/>
</results>
