<results>
	<result value='win'/>
	<start value='2015-04-09.21:48:19'/>
	<end value='2015-04-09.21:49:11'/>
	<frames value='36427'/>
	<gameDuration value='2276'/>

	<player>
		<unitScore value='24450'/>
		<killScore value='36000'/>
		<buildingScore value='4075'/>
		<razingScore value='13725'/>
		<mineralScore value='38814'/>
		<gasScore value='4672'/>
		<totalScore value='121736'/>
	</player>

	<enemy>
		<race value='Protoss'/>
		<unitScore value='18350'/>
		<unitScore value='18350'/>
		<killScore value='24400'/>
		<buildingScore value='4575'/>
		<razingScore value='0'/>
		<mineralScore value='23802'/>
		<gasScore value='4368'/>
		<totalScore value='75495'/>
	</enemy>

	<scoreRatio value='1.6125'/>
</results>
