<results>
	<result value='draw'/>
	<start value='2015-07-13.21:03:27'/>
	<end value='2015-07-13.21:04:17'/>
	<frames value='57601'/>
	<gameDuration value='3600'/>

	<player>
		<unitScore value='18425'/>
		<killScore value='2400'/>
		<buildingScore value='3750'/>
		<razingScore value='0'/>
		<mineralScore value='17178'/>
		<gasScore value='5086'/>
		<totalScore value='46839'/>
	</player>

	<enemy>
		<race value='Protoss'/>
		<unitScore value='12150'/>
		<killScore value='8150'/>
		<buildingScore value='5525'/>
		<razingScore value='1275'/>
		<mineralScore value='38702'/>
		<gasScore value='16332'/>
		<totalScore value='82134'/>
	</enemy>

	<scoreRatio value='0.570275'/>
	<timeFitness value='0.5'/>
	<unitsAverage value='80'/>
</results>
