<results>
	<result value='loss'/>
	<start value='2015-07-13.21:09:28'/>
	<end value='2015-07-13.21:09:36'/>
	<frames value='16401'/>
	<gameDuration value='1025'/>

	<player>
		<unitScore value='3625'/>
		<killScore value='400'/>
		<buildingScore value='2100'/>
		<razingScore value='0'/>
		<mineralScore value='4818'/>
		<gasScore value='936'/>
		<totalScore value='11879'/>
	</player>

	<enemy>
		<race value='Protoss'/>
		<unitScore value='3925'/>
		<killScore value='7000'/>
		<buildingScore value='3325'/>
		<razingScore value='6300'/>
		<mineralScore value='8354'/>
		<gasScore value='2024'/>
		<totalScore value='30928'/>
	</enemy>

	<scoreRatio value='0.384086'/>
	<timeFitness value='0.142361'/>
	<unitsAverage value='23'/>
</results>
