<results>
	<result value='loss'/>
	<start value='2015-04-11.14:32:37'/>
	<end value='2015-04-11.14:33:49'/>
	<frames value='49075'/>
	<gameDuration value='3067'/>

	<player>
		<unitScore value='23600'/>
		<killScore value='37600'/>
		<buildingScore value='2500'/>
		<razingScore value='2250'/>
		<mineralScore value='24090'/>
		<gasScore value='4432'/>
		<totalScore value='94472'/>
	</player>

	<enemy>
		<race value='Protoss'/>
		<unitScore value='38400'/>
		<unitScore value='38400'/>
		<killScore value='46950'/>
		<buildingScore value='7925'/>
		<razingScore value='7500'/>
		<mineralScore value='34050'/>
		<gasScore value='11998'/>
		<totalScore value='146823'/>
	</enemy>

	<scoreRatio value='0.643441'/>
</results>
