<results>
	<result value='win'/>
	<start value='2015-04-25.02:47:36'/>
	<end value='2015-04-25.02:47:51'/>
	<frames value='22043'/>
	<gameDuration value='1377'/>

	<player>
		<unitScore value='8800'/>
		<killScore value='16200'/>
		<buildingScore value='3050'/>
		<razingScore value='6675'/>
		<mineralScore value='12650'/>
		<gasScore value='1400'/>
		<totalScore value='48775'/>
	</player>

	<enemy>
		<race value='Terran'/>
		<unitScore value='8100'/>
		<unitScore value='8100'/>
		<killScore value='5150'/>
		<buildingScore value='2225'/>
		<razingScore value='1575'/>
		<mineralScore value='9466'/>
		<gasScore value='3216'/>
		<totalScore value='29732'/>
	</enemy>

	<scoreRatio value='1.64049'/>
</results>
