<results>
	<result value='loss'/>
	<start value='2015-04-28.00:11:18'/>
	<end value='2015-04-28.00:11:42'/>
	<frames value='48548'/>
	<gameDuration value='3034'/>

	<player>
		<unitScore value='11975'/>
		<killScore value='20000'/>
		<buildingScore value='2400'/>
		<razingScore value='0'/>
		<mineralScore value='14130'/>
		<gasScore value='2984'/>
		<totalScore value='51489'/>
	</player>

	<enemy>
		<race value='Terran'/>
		<unitScore value='18650'/>
		<unitScore value='18650'/>
		<killScore value='23950'/>
		<buildingScore value='4025'/>
		<razingScore value='7200'/>
		<mineralScore value='18186'/>
		<gasScore value='10122'/>
		<totalScore value='82133'/>
	</enemy>

	<scoreRatio value='0.626898'/>
</results>
