<results>
	<result value='win'/>
	<start value='2015-05-06.08:39:44'/>
	<end value='2015-05-06.08:39:53'/>
	<frames value='14169'/>
	<gameDuration value='885'/>

	<player>
		<unitScore value='4150'/>
		<killScore value='6550'/>
		<buildingScore value='1675'/>
		<razingScore value='3825'/>
		<mineralScore value='6722'/>
		<gasScore value='1208'/>
		<totalScore value='24130'/>
	</player>

	<enemy>
		<race value='Terran'/>
		<unitScore value='3275'/>
		<unitScore value='3275'/>
		<killScore value='1000'/>
		<buildingScore value='1275'/>
		<razingScore value='150'/>
		<mineralScore value='4794'/>
		<gasScore value='1240'/>
		<totalScore value='11734'/>
	</enemy>

	<scoreRatio value='2.05642'/>
	<timeFitness value='0.877083'/>
	<unitsAverage value='40'/>
</results>
