<results>
	<result value='win'/>
	<start value='2015-05-06.08:40:38'/>
	<end value='2015-05-06.08:40:59'/>
	<frames value='23810'/>
	<gameDuration value='1488'/>

	<player>
		<unitScore value='12625'/>
		<killScore value='20600'/>
		<buildingScore value='3850'/>
		<razingScore value='8175'/>
		<mineralScore value='21230'/>
		<gasScore value='1608'/>
		<totalScore value='68088'/>
	</player>

	<enemy>
		<race value='Terran'/>
		<unitScore value='10300'/>
		<unitScore value='10300'/>
		<killScore value='6500'/>
		<buildingScore value='2800'/>
		<razingScore value='0'/>
		<mineralScore value='9770'/>
		<gasScore value='3752'/>
		<totalScore value='33122'/>
	</enemy>

	<scoreRatio value='2.05567'/>
	<timeFitness value='0.793333'/>
	<unitsAverage value='82'/>
</results>
