<results>
	<result value='win'/>
	<start value='2015-05-06.08:47:03'/>
	<end value='2015-05-06.08:47:27'/>
	<frames value='39961'/>
	<gameDuration value='2497'/>

	<player>
		<unitScore value='9600'/>
		<killScore value='18950'/>
		<buildingScore value='2075'/>
		<razingScore value='8925'/>
		<mineralScore value='13886'/>
		<gasScore value='456'/>
		<totalScore value='53892'/>
	</player>

	<enemy>
		<race value='Terran'/>
		<unitScore value='9475'/>
		<unitScore value='9475'/>
		<killScore value='10200'/>
		<buildingScore value='2975'/>
		<razingScore value='2250'/>
		<mineralScore value='12410'/>
		<gasScore value='3808'/>
		<totalScore value='41118'/>
	</enemy>

	<scoreRatio value='1.31067'/>
	<timeFitness value='0.653194'/>
	<unitsAverage value='47'/>
</results>
