<results>
	<result value='loss'/>
	<start value='2015-04-08.08:37:40'/>
	<end value='2015-04-08.08:37:50'/>
	<frames value='18540'/>
	<gameDuration value='1158'/>

	<player>
		<unitScore value='4325'/>
		<killScore value='1000'/>
		<buildingScore value='1725'/>
		<razingScore value='0'/>
		<mineralScore value='6330'/>
		<gasScore value='696'/>
		<totalScore value='14076'/>
	</player>

	<enemy>
		<race value='Protoss'/>
		<unitScore value='3850'/>
		<unitScore value='3850'/>
		<killScore value='8550'/>
		<buildingScore value='4175'/>
		<razingScore value='5175'/>
		<mineralScore value='10290'/>
		<gasScore value='1760'/>
		<totalScore value='33800'/>
	</enemy>

	<scoreRatio value='0.41645'/>
</results>
