<results>
	<result value='loss'/>
	<start value='2015-04-14.06:06:27'/>
	<end value='2015-04-14.06:06:42'/>
	<frames value='30041'/>
	<gameDuration value='1877'/>

	<player>
		<unitScore value='5325'/>
		<killScore value='3400'/>
		<buildingScore value='1500'/>
		<razingScore value='0'/>
		<mineralScore value='9018'/>
		<gasScore value='1152'/>
		<totalScore value='20395'/>
	</player>

	<enemy>
		<race value='Protoss'/>
		<unitScore value='14100'/>
		<unitScore value='14100'/>
		<killScore value='10650'/>
		<buildingScore value='6875'/>
		<razingScore value='4500'/>
		<mineralScore value='18602'/>
		<gasScore value='7024'/>
		<totalScore value='61751'/>
	</enemy>

	<scoreRatio value='0.330278'/>
</results>
