<results>
	<result value='loss'/>
	<start value='2015-04-14.06:13:07'/>
	<end value='2015-04-14.06:13:24'/>
	<frames value='29793'/>
	<gameDuration value='1862'/>

	<player>
		<unitScore value='11375'/>
		<killScore value='5800'/>
		<buildingScore value='1750'/>
		<razingScore value='0'/>
		<mineralScore value='14034'/>
		<gasScore value='952'/>
		<totalScore value='33911'/>
	</player>

	<enemy>
		<race value='Protoss'/>
		<unitScore value='13925'/>
		<unitScore value='13925'/>
		<killScore value='22750'/>
		<buildingScore value='6575'/>
		<razingScore value='5250'/>
		<mineralScore value='19786'/>
		<gasScore value='5936'/>
		<totalScore value='74222'/>
	</enemy>

	<scoreRatio value='0.456886'/>
</results>
