<results>
	<result value='loss'/>
	<start value='2015-05-09.11:17:00'/>
	<end value='2015-05-09.11:17:03'/>
	<frames value='6667'/>
	<gameDuration value='416'/>

	<player>
		<unitScore value='850'/>
		<killScore value='50'/>
		<buildingScore value='675'/>
		<razingScore value='0'/>
		<mineralScore value='1234'/>
		<gasScore value='32'/>
		<totalScore value='2841'/>
	</player>

	<enemy>
		<race value='Zerg'/>
		<unitScore value='1150'/>
		<unitScore value='1150'/>
		<killScore value='1700'/>
		<buildingScore value='375'/>
		<razingScore value='2025'/>
		<mineralScore value='1706'/>
		<gasScore value='0'/>
		<totalScore value='6956'/>
	</enemy>

	<scoreRatio value='0.408424'/>
	<timeFitness value='0.0577778'/>
	<unitsAverage value='9'/>
</results>
