<results>
	<result value='win'/>
	<start value='2015-05-09.11:32:49'/>
	<end value='2015-05-09.11:33:15'/>
	<frames value='29080'/>
	<gameDuration value='1817'/>

	<player>
		<unitScore value='15725'/>
		<killScore value='24185'/>
		<buildingScore value='3125'/>
		<razingScore value='8325'/>
		<mineralScore value='19838'/>
		<gasScore value='2336'/>
		<totalScore value='73534'/>
	</player>

	<enemy>
		<race value='Zerg'/>
		<unitScore value='11525'/>
		<unitScore value='11525'/>
		<killScore value='17700'/>
		<buildingScore value='2775'/>
		<razingScore value='150'/>
		<mineralScore value='12666'/>
		<gasScore value='4336'/>
		<totalScore value='49152'/>
	</enemy>

	<scoreRatio value='1.49605'/>
	<timeFitness value='0.747639'/>
	<unitsAverage value='71'/>
</results>
