<results>
	<result value='win'/>
	<start value='2015-05-09.11:40:11'/>
	<end value='2015-05-09.11:40:32'/>
	<frames value='23314'/>
	<gameDuration value='1457'/>

	<player>
		<unitScore value='12775'/>
		<killScore value='16920'/>
		<buildingScore value='2975'/>
		<razingScore value='5820'/>
		<mineralScore value='17178'/>
		<gasScore value='1568'/>
		<totalScore value='57236'/>
	</player>

	<enemy>
		<race value='Zerg'/>
		<unitScore value='8175'/>
		<unitScore value='8175'/>
		<killScore value='9900'/>
		<buildingScore value='1940'/>
		<razingScore value='0'/>
		<mineralScore value='8818'/>
		<gasScore value='2832'/>
		<totalScore value='31665'/>
	</enemy>

	<scoreRatio value='1.80755'/>
	<timeFitness value='0.797639'/>
	<unitsAverage value='74'/>
</results>
