<results>
	<result value='win'/>
	<start value='2015-05-09.11:43:44'/>
	<end value='2015-05-09.11:44:05'/>
	<frames value='23841'/>
	<gameDuration value='1490'/>

	<player>
		<unitScore value='11675'/>
		<killScore value='23550'/>
		<buildingScore value='3150'/>
		<razingScore value='4560'/>
		<mineralScore value='18542'/>
		<gasScore value='2408'/>
		<totalScore value='63885'/>
	</player>

	<enemy>
		<race value='Zerg'/>
		<unitScore value='10600'/>
		<unitScore value='10600'/>
		<killScore value='9750'/>
		<buildingScore value='1520'/>
		<razingScore value='0'/>
		<mineralScore value='9658'/>
		<gasScore value='2952'/>
		<totalScore value='34480'/>
	</enemy>

	<scoreRatio value='1.85281'/>
	<timeFitness value='0.793056'/>
	<unitsAverage value='70'/>
</results>
