<results>
	<result value='win'/>
	<start value='2015-05-08.05:41:04'/>
	<end value='2015-05-08.05:41:42'/>
	<frames value='34567'/>
	<gameDuration value='2160'/>

	<player>
		<unitScore value='17550'/>
		<killScore value='24650'/>
		<buildingScore value='5100'/>
		<razingScore value='11700'/>
		<mineralScore value='25474'/>
		<gasScore value='3480'/>
		<totalScore value='87954'/>
	</player>

	<enemy>
		<race value='Terran'/>
		<unitScore value='13075'/>
		<unitScore value='13075'/>
		<killScore value='13250'/>
		<buildingScore value='3900'/>
		<razingScore value='975'/>
		<mineralScore value='12366'/>
		<gasScore value='5576'/>
		<totalScore value='49142'/>
	</enemy>

	<scoreRatio value='1.78979'/>
	<timeFitness value='0.7'/>
	<unitsAverage value='90'/>
</results>
