<results>
	<result value='loss'/>
	<start value='2015-05-04.19:50:03'/>
	<end value='2015-05-04.19:50:37'/>
	<frames value='44084'/>
	<gameDuration value='2755'/>

	<player>
		<unitScore value='9625'/>
		<killScore value='8050'/>
		<buildingScore value='2700'/>
		<razingScore value='0'/>
		<mineralScore value='12490'/>
		<gasScore value='1304'/>
		<totalScore value='34169'/>
	</player>

	<enemy>
		<race value='Terran'/>
		<unitScore value='22175'/>
		<unitScore value='22175'/>
		<killScore value='19250'/>
		<buildingScore value='6225'/>
		<razingScore value='8100'/>
		<mineralScore value='21882'/>
		<gasScore value='14078'/>
		<totalScore value='91710'/>
	</enemy>

	<scoreRatio value='0.372577'/>
	<timeFitness value='0.382639'/>
	<unitsAverage value='29'/>
</results>
