<results>
	<result value='draw'/>
	<start value='2015-05-04.19:56:44'/>
	<end value='2015-05-04.19:57:30'/>
	<frames value='57601'/>
	<gameDuration value='3600'/>

	<player>
		<unitScore value='18825'/>
		<killScore value='22250'/>
		<buildingScore value='3150'/>
		<razingScore value='3900'/>
		<mineralScore value='22182'/>
		<gasScore value='1280'/>
		<totalScore value='71587'/>
	</player>

	<enemy>
		<race value='Terran'/>
		<unitScore value='23500'/>
		<unitScore value='23500'/>
		<killScore value='35750'/>
		<buildingScore value='5750'/>
		<razingScore value='5325'/>
		<mineralScore value='26126'/>
		<gasScore value='11032'/>
		<totalScore value='107483'/>
	</enemy>

	<scoreRatio value='0.666031'/>
	<timeFitness value='0.5'/>
	<unitsAverage value='45'/>
</results>
