<results>
	<result value='win'/>
	<start value='2015-04-27.14:05:31'/>
	<end value='2015-04-27.14:05:49'/>
	<frames value='30940'/>
	<gameDuration value='1933'/>

	<player>
		<unitScore value='12600'/>
		<killScore value='25100'/>
		<buildingScore value='4400'/>
		<razingScore value='12525'/>
		<mineralScore value='20466'/>
		<gasScore value='2304'/>
		<totalScore value='77395'/>
	</player>

	<enemy>
		<race value='Terran'/>
		<unitScore value='12550'/>
		<unitScore value='12550'/>
		<killScore value='7600'/>
		<buildingScore value='4175'/>
		<razingScore value='1725'/>
		<mineralScore value='12418'/>
		<gasScore value='5672'/>
		<totalScore value='44140'/>
	</enemy>

	<scoreRatio value='1.7534'/>
</results>
