<results>
	<result value='win'/>
	<start value='2015-04-30.10:16:56'/>
	<end value='2015-04-30.10:17:17'/>
	<frames value='22570'/>
	<gameDuration value='1410'/>

	<player>
		<unitScore value='12725'/>
		<killScore value='19790'/>
		<buildingScore value='3525'/>
		<razingScore value='5700'/>
		<mineralScore value='18430'/>
		<gasScore value='2144'/>
		<totalScore value='62314'/>
	</player>

	<enemy>
		<race value='Zerg'/>
		<unitScore value='8750'/>
		<unitScore value='8750'/>
		<killScore value='8100'/>
		<buildingScore value='1900'/>
		<razingScore value='0'/>
		<mineralScore value='9354'/>
		<gasScore value='2576'/>
		<totalScore value='30680'/>
	</enemy>

	<scoreRatio value='2.0311'/>
	<timeFitness value='0.804167'/>
	<unitsAverage value='79'/>
</results>
