<results>
	<result value='win'/>
	<start value='2015-04-30.10:18:00'/>
	<end value='2015-04-30.10:18:18'/>
	<frames value='23283'/>
	<gameDuration value='1455'/>

	<player>
		<unitScore value='14825'/>
		<killScore value='20020'/>
		<buildingScore value='3575'/>
		<razingScore value='4560'/>
		<mineralScore value='18738'/>
		<gasScore value='1176'/>
		<totalScore value='62894'/>
	</player>

	<enemy>
		<race value='Zerg'/>
		<unitScore value='9225'/>
		<unitScore value='9225'/>
		<killScore value='12500'/>
		<buildingScore value='1520'/>
		<razingScore value='0'/>
		<mineralScore value='8642'/>
		<gasScore value='2816'/>
		<totalScore value='34703'/>
	</enemy>

	<scoreRatio value='1.81235'/>
	<timeFitness value='0.797917'/>
	<unitsAverage value='76'/>
</results>
