<results>
	<result value='draw'/>
	<start value='2015-04-08.23:17:48'/>
	<end value='2015-04-08.23:19:40'/>
	<frames value='57601'/>
	<gameDuration value='3600'/>

	<player>
		<unitScore value='19500'/>
		<killScore value='12100'/>
		<buildingScore value='4800'/>
		<razingScore value='15075'/>
		<mineralScore value='44010'/>
		<gasScore value='4968'/>
		<totalScore value='100453'/>
	</player>

	<enemy>
		<race value='Protoss'/>
		<unitScore value='6200'/>
		<unitScore value='6200'/>
		<killScore value='13450'/>
		<buildingScore value='5725'/>
		<razingScore value='0'/>
		<mineralScore value='16922'/>
		<gasScore value='4840'/>
		<totalScore value='47137'/>
	</enemy>

	<scoreRatio value='2.13109'/>
</results>
