<results>
	<result value='loss'/>
	<start value='2015-04-08.23:24:15'/>
	<end value='2015-04-08.23:24:39'/>
	<frames value='39527'/>
	<gameDuration value='2470'/>

	<player>
		<unitScore value='12150'/>
		<killScore value='13900'/>
		<buildingScore value='2425'/>
		<razingScore value='0'/>
		<mineralScore value='15274'/>
		<gasScore value='752'/>
		<totalScore value='44501'/>
	</player>

	<enemy>
		<race value='Protoss'/>
		<unitScore value='25250'/>
		<unitScore value='25250'/>
		<killScore value='24550'/>
		<buildingScore value='7775'/>
		<razingScore value='7275'/>
		<mineralScore value='27346'/>
		<gasScore value='9078'/>
		<totalScore value='101274'/>
	</enemy>

	<scoreRatio value='0.439412'/>
</results>
