<results>
	<result value='draw'/>
	<start value='2015-04-28.20:46:15'/>
	<end value='2015-04-28.20:48:10'/>
	<frames value='57601'/>
	<gameDuration value='3600'/>

	<player>
		<unitScore value='26850'/>
		<killScore value='38390'/>
		<buildingScore value='5075'/>
		<razingScore value='5040'/>
		<mineralScore value='48050'/>
		<gasScore value='5560'/>
		<totalScore value='128965'/>
	</player>

	<enemy>
		<race value='Zerg'/>
		<unitScore value='17850'/>
		<unitScore value='17850'/>
		<killScore value='26950'/>
		<buildingScore value='1940'/>
		<razingScore value='0'/>
		<mineralScore value='14994'/>
		<gasScore value='5116'/>
		<totalScore value='66850'/>
	</enemy>

	<scoreRatio value='1.92917'/>
	<timeFitness value='0.5'/>
	<unitsAverage value='166'/>
</results>
