<results>
	<result value='loss'/>
	<start value='2015-04-28.20:55:30'/>
	<end value='2015-04-28.20:55:41'/>
	<frames value='23500'/>
	<gameDuration value='1468'/>

	<player>
		<unitScore value='6850'/>
		<killScore value='5150'/>
		<buildingScore value='1950'/>
		<razingScore value='0'/>
		<mineralScore value='8282'/>
		<gasScore value='592'/>
		<totalScore value='22824'/>
	</player>

	<enemy>
		<race value='Zerg'/>
		<unitScore value='10575'/>
		<unitScore value='10575'/>
		<killScore value='13700'/>
		<buildingScore value='2165'/>
		<razingScore value='5850'/>
		<mineralScore value='10426'/>
		<gasScore value='3264'/>
		<totalScore value='45980'/>
	</enemy>

	<scoreRatio value='0.49639'/>
	<timeFitness value='0.203889'/>
	<unitsAverage value='32'/>
</results>
