<results>
	<result value='win'/>
	<start value='2015-05-01.19:35:51'/>
	<end value='2015-05-01.19:36:03'/>
	<frames value='20834'/>
	<gameDuration value='1302'/>

	<player>
		<unitScore value='9550'/>
		<killScore value='16585'/>
		<buildingScore value='3275'/>
		<razingScore value='4560'/>
		<mineralScore value='13834'/>
		<gasScore value='1424'/>
		<totalScore value='49228'/>
	</player>

	<enemy>
		<race value='Zerg'/>
		<unitScore value='7975'/>
		<unitScore value='7975'/>
		<killScore value='6650'/>
		<buildingScore value='1520'/>
		<razingScore value='0'/>
		<mineralScore value='8074'/>
		<gasScore value='2560'/>
		<totalScore value='26779'/>
	</enemy>

	<scoreRatio value='1.83831'/>
	<timeFitness value='0.819167'/>
	<unitsAverage value='60'/>
</results>
