<results>
	<result value='loss'/>
	<start value='2014-07-22.17:35:14'/>
	<end value='2014-07-22.17:35:21'/>
	<frames value='15657'/>
	<gameDuration value='978'/>

	<player>
		<unitScore value='1475'/>
		<killScore value='600'/>
		<buildingScore value='1075'/>
		<razingScore value='0'/>
		<mineralScore value='2522'/>
		<gasScore value='544'/>
		<totalScore value='6216'/>
	</player>

	<enemy>
		<race value='Terran'/>
		<unitScore value='5000'/>
		<unitScore value='5000'/>
		<killScore value='2950'/>
		<buildingScore value='1800'/>
		<razingScore value='3225'/>
		<mineralScore value='7066'/>
		<gasScore value='2368'/>
		<totalScore value='22409'/>
	</enemy>

	<scoreRatio value='0.277389'/>
</results>
