<results>
	<result value='win'/>
	<start value='2015-05-06.10:06:17'/>
	<end value='2015-05-06.10:06:33'/>
	<frames value='22508'/>
	<gameDuration value='1406'/>

	<player>
		<unitScore value='9900'/>
		<killScore value='14600'/>
		<buildingScore value='2900'/>
		<razingScore value='6450'/>
		<mineralScore value='14862'/>
		<gasScore value='1568'/>
		<totalScore value='50280'/>
	</player>

	<enemy>
		<race value='Terran'/>
		<unitScore value='7350'/>
		<unitScore value='7350'/>
		<killScore value='4500'/>
		<buildingScore value='2150'/>
		<razingScore value='150'/>
		<mineralScore value='8362'/>
		<gasScore value='2464'/>
		<totalScore value='24976'/>
	</enemy>

	<scoreRatio value='2.01313'/>
	<timeFitness value='0.804722'/>
	<unitsAverage value='63'/>
</results>
