<results>
	<result value='win'/>
	<start value='2015-05-06.10:06:37'/>
	<end value='2015-05-06.10:07:58'/>
	<frames value='48610'/>
	<gameDuration value='3038'/>

	<player>
		<unitScore value='23550'/>
		<killScore value='28900'/>
		<buildingScore value='4925'/>
		<razingScore value='7650'/>
		<mineralScore value='49490'/>
		<gasScore value='6016'/>
		<totalScore value='120531'/>
	</player>

	<enemy>
		<race value='Terran'/>
		<unitScore value='14450'/>
		<unitScore value='14450'/>
		<killScore value='23350'/>
		<buildingScore value='2550'/>
		<razingScore value='300'/>
		<mineralScore value='12050'/>
		<gasScore value='5744'/>
		<totalScore value='58444'/>
	</enemy>

	<scoreRatio value='2.06233'/>
	<timeFitness value='0.578056'/>
	<unitsAverage value='160'/>
</results>
