<results>
	<result value='loss'/>
	<start value='2015-05-10.08:43:27'/>
	<end value='2015-05-10.08:43:37'/>
	<frames value='26538'/>
	<gameDuration value='1658'/>

	<player>
		<unitScore value='3450'/>
		<killScore value='2600'/>
		<buildingScore value='1475'/>
		<razingScore value='0'/>
		<mineralScore value='5170'/>
		<gasScore value='536'/>
		<totalScore value='13231'/>
	</player>

	<enemy>
		<race value='Protoss'/>
		<unitScore value='9850'/>
		<unitScore value='9850'/>
		<killScore value='6900'/>
		<buildingScore value='5975'/>
		<razingScore value='4425'/>
		<mineralScore value='17322'/>
		<gasScore value='5136'/>
		<totalScore value='49608'/>
	</enemy>

	<scoreRatio value='0.266711'/>
	<timeFitness value='0.230278'/>
	<unitsAverage value='20'/>
</results>
