<results>
	<result value='win'/>
	<start value='2015-05-04.01:58:07'/>
	<end value='2015-05-04.01:58:28'/>
	<frames value='28491'/>
	<gameDuration value='1780'/>

	<player>
		<unitScore value='14125'/>
		<killScore value='16500'/>
		<buildingScore value='4225'/>
		<razingScore value='19350'/>
		<mineralScore value='21322'/>
		<gasScore value='2696'/>
		<totalScore value='78218'/>
	</player>

	<enemy>
		<race value='Protoss'/>
		<unitScore value='8250'/>
		<unitScore value='8250'/>
		<killScore value='11400'/>
		<buildingScore value='6450'/>
		<razingScore value='300'/>
		<mineralScore value='14698'/>
		<gasScore value='3368'/>
		<totalScore value='44466'/>
	</enemy>

	<scoreRatio value='1.75905'/>
	<timeFitness value='0.752778'/>
	<unitsAverage value='83'/>
</results>
