<results>
	<result value='draw'/>
	<start value='2015-05-04.02:02:04'/>
	<end value='2015-05-04.02:03:35'/>
	<frames value='57601'/>
	<gameDuration value='3600'/>

	<player>
		<unitScore value='21725'/>
		<killScore value='25550'/>
		<buildingScore value='5100'/>
		<razingScore value='24300'/>
		<mineralScore value='41734'/>
		<gasScore value='6344'/>
		<totalScore value='124753'/>
	</player>

	<enemy>
		<race value='Protoss'/>
		<unitScore value='13325'/>
		<unitScore value='13325'/>
		<killScore value='20100'/>
		<buildingScore value='8250'/>
		<razingScore value='1575'/>
		<mineralScore value='19946'/>
		<gasScore value='6360'/>
		<totalScore value='69556'/>
	</enemy>

	<scoreRatio value='1.79356'/>
	<timeFitness value='0.5'/>
	<unitsAverage value='150'/>
</results>
