<results>
	<result value='win'/>
	<start value='2015-05-01.20:03:45'/>
	<end value='2015-05-01.20:04:26'/>
	<frames value='34443'/>
	<gameDuration value='2152'/>

	<player>
		<unitScore value='21050'/>
		<killScore value='20400'/>
		<buildingScore value='4425'/>
		<razingScore value='15900'/>
		<mineralScore value='26722'/>
		<gasScore value='3976'/>
		<totalScore value='92473'/>
	</player>

	<enemy>
		<race value='Protoss'/>
		<unitScore value='10550'/>
		<unitScore value='10550'/>
		<killScore value='20250'/>
		<buildingScore value='5300'/>
		<razingScore value='1350'/>
		<mineralScore value='14998'/>
		<gasScore value='2992'/>
		<totalScore value='55440'/>
	</enemy>

	<scoreRatio value='1.66798'/>
	<timeFitness value='0.701111'/>
	<unitsAverage value='93'/>
</results>
