<results>
	<result value='draw'/>
	<start value='2015-07-12.18:06:16'/>
	<end value='2015-07-12.18:08:25'/>
	<frames value='57601'/>
	<gameDuration value='3600'/>

	<player>
		<unitScore value='38775'/>
		<killScore value='21250'/>
		<buildingScore value='4250'/>
		<razingScore value='0'/>
		<mineralScore value='39050'/>
		<gasScore value='9284'/>
		<totalScore value='112609'/>
	</player>

	<enemy>
		<race value='Terran'/>
		<unitScore value='16175'/>
		<killScore value='51850'/>
		<buildingScore value='3650'/>
		<razingScore value='1350'/>
		<mineralScore value='23970'/>
		<gasScore value='6290'/>
		<totalScore value='103285'/>
	</enemy>

	<scoreRatio value='1.09027'/>
	<timeFitness value='0.5'/>
	<unitsAverage value='162'/>
</results>
