<results>
	<result value='loss'/>
	<start value='2015-07-20.00:22:33'/>
	<end value='2015-07-20.00:23:28'/>
	<frames value='30692'/>
	<gameDuration value='1918'/>

	<player>
		<unitScore value='18000'/>
		<killScore value='14125'/>
		<buildingScore value='2525'/>
		<razingScore value='0'/>
		<mineralScore value='18610'/>
		<gasScore value='2808'/>
		<totalScore value='56068'/>
	</player>

	<enemy>
		<race value='Zerg'/>
		<unitScore value='18375'/>
		<killScore value='36000'/>
		<buildingScore value='3785'/>
		<razingScore value='7575'/>
		<mineralScore value='18326'/>
		<gasScore value='6384'/>
		<totalScore value='90445'/>
	</enemy>

	<scoreRatio value='0.619913'/>
	<timeFitness value='0.266389'/>
	<unitsAverage value='69'/>
</results>
