<results>
	<result value='draw'/>
	<start value='2014-07-23.00:31:29'/>
	<end value='2014-07-23.00:32:35'/>
	<frames value='57601'/>
	<gameDuration value='3600'/>

	<player>
		<unitScore value='30625'/>
		<killScore value='53190'/>
		<buildingScore value='3525'/>
		<razingScore value='13350'/>
		<mineralScore value='33862'/>
		<gasScore value='9544'/>
		<totalScore value='144096'/>
	</player>

	<enemy>
		<race value='Protoss'/>
		<unitScore value='32035'/>
		<unitScore value='32035'/>
		<killScore value='54350'/>
		<buildingScore value='8100'/>
		<razingScore value='150'/>
		<mineralScore value='29166'/>
		<gasScore value='10736'/>
		<totalScore value='134537'/>
	</enemy>

	<scoreRatio value='1.07105'/>
</results>
