<results>
	<result value='draw'/>
	<start value='2014-07-23.00:37:37'/>
	<end value='2014-07-23.00:38:44'/>
	<frames value='57601'/>
	<gameDuration value='3600'/>

	<player>
		<unitScore value='33850'/>
		<killScore value='57450'/>
		<buildingScore value='4550'/>
		<razingScore value='6825'/>
		<mineralScore value='37254'/>
		<gasScore value='5840'/>
		<totalScore value='145769'/>
	</player>

	<enemy>
		<race value='Protoss'/>
		<unitScore value='34425'/>
		<unitScore value='34425'/>
		<killScore value='63750'/>
		<buildingScore value='6900'/>
		<razingScore value='1725'/>
		<mineralScore value='25790'/>
		<gasScore value='11398'/>
		<totalScore value='143988'/>
	</enemy>

	<scoreRatio value='1.01237'/>
</results>
