<results>
	<result value='loss'/>
	<start value='2014-07-05.11:05:13'/>
	<end value='2014-07-05.11:05:21'/>
	<frames value='19811'/>
	<gameDuration value='1238'/>

	<player>
		<unitScore value='5050'/>
		<killScore value='6550'/>
		<buildingScore value='2100'/>
		<razingScore value='750'/>
		<mineralScore value='7402'/>
		<gasScore value='720'/>
		<totalScore value='22572'/>
	</player>

	<enemy>
		<race value='Terran'/>
		<unitScore value='5425'/>
		<unitScore value='5425'/>
		<killScore value='9300'/>
		<buildingScore value='1800'/>
		<razingScore value='6300'/>
		<mineralScore value='8706'/>
		<gasScore value='2728'/>
		<totalScore value='34259'/>
	</enemy>

	<scoreRatio value='0.658863'/>
</results>
