<results>
	<result value='loss'/>
	<start value='2014-07-05.11:08:38'/>
	<end value='2014-07-05.11:08:48'/>
	<frames value='21268'/>
	<gameDuration value='1329'/>

	<player>
		<unitScore value='5250'/>
		<killScore value='3100'/>
		<buildingScore value='1775'/>
		<razingScore value='0'/>
		<mineralScore value='7146'/>
		<gasScore value='1104'/>
		<totalScore value='18375'/>
	</player>

	<enemy>
		<race value='Terran'/>
		<unitScore value='8225'/>
		<unitScore value='8225'/>
		<killScore value='10500'/>
		<buildingScore value='3275'/>
		<razingScore value='5325'/>
		<mineralScore value='10130'/>
		<gasScore value='4168'/>
		<totalScore value='41623'/>
	</enemy>

	<scoreRatio value='0.441463'/>
</results>
