<results>
	<result value='draw'/>
	<start value='2015-07-14.02:00:14'/>
	<end value='2015-07-14.02:01:56'/>
	<frames value='57601'/>
	<gameDuration value='3600'/>

	<player>
		<unitScore value='49525'/>
		<killScore value='35100'/>
		<buildingScore value='4375'/>
		<razingScore value='9750'/>
		<mineralScore value='43454'/>
		<gasScore value='9528'/>
		<totalScore value='151732'/>
	</player>

	<enemy>
		<race value='Protoss'/>
		<unitScore value='19850'/>
		<killScore value='74450'/>
		<buildingScore value='5775'/>
		<razingScore value='450'/>
		<mineralScore value='19550'/>
		<gasScore value='10254'/>
		<totalScore value='130329'/>
	</enemy>

	<scoreRatio value='1.16422'/>
	<timeFitness value='0.5'/>
	<unitsAverage value='121'/>
</results>
