<results>
	<result value='win'/>
	<start value='2015-05-10.11:07:16'/>
	<end value='2015-05-10.11:08:29'/>
	<frames value='38070'/>
	<gameDuration value='2379'/>

	<player>
		<unitScore value='25450'/>
		<killScore value='24850'/>
		<buildingScore value='4125'/>
		<razingScore value='17475'/>
		<mineralScore value='33686'/>
		<gasScore value='5744'/>
		<totalScore value='111330'/>
	</player>

	<enemy>
		<race value='Protoss'/>
		<unitScore value='12425'/>
		<unitScore value='12425'/>
		<killScore value='23400'/>
		<buildingScore value='5825'/>
		<razingScore value='0'/>
		<mineralScore value='24118'/>
		<gasScore value='2968'/>
		<totalScore value='68736'/>
	</enemy>

	<scoreRatio value='1.61968'/>
	<timeFitness value='0.669583'/>
	<unitsAverage value='140'/>
</results>
