<results>
	<result value='win'/>
	<start value='2015-05-10.11:14:05'/>
	<end value='2015-05-10.11:15:13'/>
	<frames value='40953'/>
	<gameDuration value='2559'/>

	<player>
		<unitScore value='26425'/>
		<killScore value='30850'/>
		<buildingScore value='3300'/>
		<razingScore value='22650'/>
		<mineralScore value='27514'/>
		<gasScore value='4064'/>
		<totalScore value='114803'/>
	</player>

	<enemy>
		<race value='Protoss'/>
		<unitScore value='16400'/>
		<unitScore value='16400'/>
		<killScore value='26250'/>
		<buildingScore value='7550'/>
		<razingScore value='150'/>
		<mineralScore value='24250'/>
		<gasScore value='7304'/>
		<totalScore value='81904'/>
	</enemy>

	<scoreRatio value='1.40168'/>
	<timeFitness value='0.644583'/>
	<unitsAverage value='115'/>
</results>
