<results>
	<result value='win'/>
	<start value='2015-05-08.21:19:59'/>
	<end value='2015-05-08.21:20:27'/>
	<frames value='28801'/>
	<gameDuration value='1800'/>

	<player>
		<unitScore value='14575'/>
		<killScore value='25550'/>
		<buildingScore value='3500'/>
		<razingScore value='8850'/>
		<mineralScore value='18874'/>
		<gasScore value='2424'/>
		<totalScore value='73773'/>
	</player>

	<enemy>
		<race value='Terran'/>
		<unitScore value='12775'/>
		<unitScore value='12775'/>
		<killScore value='11850'/>
		<buildingScore value='2950'/>
		<razingScore value='3300'/>
		<mineralScore value='12014'/>
		<gasScore value='3840'/>
		<totalScore value='46729'/>
	</enemy>

	<scoreRatio value='1.57874'/>
	<timeFitness value='0.75'/>
	<unitsAverage value='79'/>
</results>
