<results>
	<result value='loss'/>
	<start value='2015-05-09.22:02:37'/>
	<end value='2015-05-09.22:02:49'/>
	<frames value='16618'/>
	<gameDuration value='1038'/>

	<player>
		<unitScore value='3825'/>
		<killScore value='1600'/>
		<buildingScore value='1175'/>
		<razingScore value='0'/>
		<mineralScore value='5394'/>
		<gasScore value='824'/>
		<totalScore value='12818'/>
	</player>

	<enemy>
		<race value='Protoss'/>
		<unitScore value='3600'/>
		<unitScore value='3600'/>
		<killScore value='7900'/>
		<buildingScore value='4075'/>
		<razingScore value='3525'/>
		<mineralScore value='8754'/>
		<gasScore value='1584'/>
		<totalScore value='29438'/>
	</enemy>

	<scoreRatio value='0.435424'/>
	<timeFitness value='0.144167'/>
	<unitsAverage value='26'/>
</results>
