<results>
	<result value='loss'/>
	<start value='2015-05-09.22:13:58'/>
	<end value='2015-05-09.22:14:10'/>
	<frames value='17176'/>
	<gameDuration value='1073'/>

	<player>
		<unitScore value='4075'/>
		<killScore value='800'/>
		<buildingScore value='1700'/>
		<razingScore value='0'/>
		<mineralScore value='5858'/>
		<gasScore value='592'/>
		<totalScore value='13025'/>
	</player>

	<enemy>
		<race value='Protoss'/>
		<unitScore value='3550'/>
		<unitScore value='3550'/>
		<killScore value='8150'/>
		<buildingScore value='3725'/>
		<razingScore value='5100'/>
		<mineralScore value='8978'/>
		<gasScore value='1584'/>
		<totalScore value='31087'/>
	</enemy>

	<scoreRatio value='0.418985'/>
	<timeFitness value='0.149028'/>
	<unitsAverage value='25'/>
</results>
