<results>
	<result value='draw'/>
	<start value='2015-05-09.22:16:46'/>
	<end value='2015-05-09.22:19:13'/>
	<frames value='57601'/>
	<gameDuration value='3600'/>

	<player>
		<unitScore value='33925'/>
		<killScore value='52750'/>
		<buildingScore value='4850'/>
		<razingScore value='5400'/>
		<mineralScore value='37774'/>
		<gasScore value='6616'/>
		<totalScore value='141315'/>
	</player>

	<enemy>
		<race value='Protoss'/>
		<unitScore value='33975'/>
		<unitScore value='33975'/>
		<killScore value='46950'/>
		<buildingScore value='6675'/>
		<razingScore value='2550'/>
		<mineralScore value='24742'/>
		<gasScore value='12074'/>
		<totalScore value='126966'/>
	</enemy>

	<scoreRatio value='1.11301'/>
	<timeFitness value='0.5'/>
	<unitsAverage value='145'/>
</results>
