<results>
	<result value='loss'/>
	<start value='2015-07-11.21:04:52'/>
	<end value='2015-07-11.21:05:05'/>
	<frames value='19315'/>
	<gameDuration value='1207'/>

	<player>
		<unitScore value='5025'/>
		<killScore value='1300'/>
		<buildingScore value='1925'/>
		<razingScore value='0'/>
		<mineralScore value='5914'/>
		<gasScore value='880'/>
		<totalScore value='15044'/>
	</player>

	<enemy>
		<race value='Terran'/>
		<unitScore value='6625'/>
		<killScore value='10050'/>
		<buildingScore value='2850'/>
		<razingScore value='5775'/>
		<mineralScore value='8866'/>
		<gasScore value='3224'/>
		<totalScore value='37390'/>
	</enemy>

	<scoreRatio value='0.402354'/>
	<timeFitness value='0.167639'/>
	<unitsAverage value='27'/>
</results>
