<results>
	<result value='win'/>
	<start value='2015-07-11.21:21:46'/>
	<end value='2015-07-11.21:22:10'/>
	<frames value='22539'/>
	<gameDuration value='1408'/>

	<player>
		<unitScore value='12350'/>
		<killScore value='15850'/>
		<buildingScore value='3700'/>
		<razingScore value='5250'/>
		<mineralScore value='15898'/>
		<gasScore value='1944'/>
		<totalScore value='54992'/>
	</player>

	<enemy>
		<race value='Terran'/>
		<unitScore value='8725'/>
		<killScore value='7000'/>
		<buildingScore value='1750'/>
		<razingScore value='1575'/>
		<mineralScore value='8978'/>
		<gasScore value='3160'/>
		<totalScore value='31188'/>
	</enemy>

	<scoreRatio value='1.76324'/>
	<timeFitness value='0.804444'/>
	<unitsAverage value='64'/>
</results>
