<results>
	<result value='loss'/>
	<start value='2015-07-11.21:24:12'/>
	<end value='2015-07-11.21:24:25'/>
	<frames value='18354'/>
	<gameDuration value='1147'/>

	<player>
		<unitScore value='6025'/>
		<killScore value='2700'/>
		<buildingScore value='1875'/>
		<razingScore value='0'/>
		<mineralScore value='6610'/>
		<gasScore value='1168'/>
		<totalScore value='18378'/>
	</player>

	<enemy>
		<race value='Terran'/>
		<unitScore value='6450'/>
		<killScore value='11750'/>
		<buildingScore value='2800'/>
		<razingScore value='5625'/>
		<mineralScore value='8586'/>
		<gasScore value='2768'/>
		<totalScore value='37979'/>
	</enemy>

	<scoreRatio value='0.483899'/>
	<timeFitness value='0.159306'/>
	<unitsAverage value='27'/>
</results>
