<results>
	<result value='win'/>
	<start value='2015-04-27.21:41:13'/>
	<end value='2015-04-27.21:42:29'/>
	<frames value='35621'/>
	<gameDuration value='2226'/>

	<player>
		<unitScore value='24650'/>
		<killScore value='46570'/>
		<buildingScore value='4900'/>
		<razingScore value='7215'/>
		<mineralScore value='33250'/>
		<gasScore value='3312'/>
		<totalScore value='119897'/>
	</player>

	<enemy>
		<race value='Zerg'/>
		<unitScore value='20900'/>
		<unitScore value='20900'/>
		<killScore value='25300'/>
		<buildingScore value='2405'/>
		<razingScore value='0'/>
		<mineralScore value='17286'/>
		<gasScore value='6256'/>
		<totalScore value='72147'/>
	</enemy>

	<scoreRatio value='1.66184'/>
</results>
