<results>
	<result value='loss'/>
	<start value='2015-04-16.20:16:56'/>
	<end value='2015-04-16.20:17:09'/>
	<frames value='15564'/>
	<gameDuration value='972'/>

	<player>
		<unitScore value='3050'/>
		<killScore value='600'/>
		<buildingScore value='1625'/>
		<razingScore value='0'/>
		<mineralScore value='4882'/>
		<gasScore value='840'/>
		<totalScore value='10997'/>
	</player>

	<enemy>
		<race value='Protoss'/>
		<unitScore value='3550'/>
		<unitScore value='3550'/>
		<killScore value='6100'/>
		<buildingScore value='3775'/>
		<razingScore value='4875'/>
		<mineralScore value='8346'/>
		<gasScore value='1512'/>
		<totalScore value='28158'/>
	</enemy>

	<scoreRatio value='0.390546'/>
</results>
