<results>
	<result value='loss'/>
	<start value='2015-04-10.20:02:03'/>
	<end value='2015-04-10.20:02:13'/>
	<frames value='19904'/>
	<gameDuration value='1244'/>

	<player>
		<unitScore value='4275'/>
		<killScore value='1200'/>
		<buildingScore value='1625'/>
		<razingScore value='0'/>
		<mineralScore value='6514'/>
		<gasScore value='408'/>
		<totalScore value='14022'/>
	</player>

	<enemy>
		<race value='Protoss'/>
		<unitScore value='3900'/>
		<unitScore value='3900'/>
		<killScore value='8650'/>
		<buildingScore value='5275'/>
		<razingScore value='4875'/>
		<mineralScore value='11258'/>
		<gasScore value='2208'/>
		<totalScore value='36166'/>
	</enemy>

	<scoreRatio value='0.387712'/>
</results>
