<results>
	<result value='loss'/>
	<start value='2015-04-10.20:08:59'/>
	<end value='2015-04-10.20:09:07'/>
	<frames value='17734'/>
	<gameDuration value='1108'/>

	<player>
		<unitScore value='3225'/>
		<killScore value='3200'/>
		<buildingScore value='1400'/>
		<razingScore value='0'/>
		<mineralScore value='5274'/>
		<gasScore value='1088'/>
		<totalScore value='14187'/>
	</player>

	<enemy>
		<race value='Protoss'/>
		<unitScore value='3500'/>
		<unitScore value='3500'/>
		<killScore value='6550'/>
		<buildingScore value='2375'/>
		<razingScore value='4200'/>
		<mineralScore value='9562'/>
		<gasScore value='1984'/>
		<totalScore value='28171'/>
	</enemy>

	<scoreRatio value='0.503603'/>
</results>
