<results>
	<result value='win'/>
	<start value='2014-07-23.00:51:39'/>
	<end value='2014-07-23.00:52:17'/>
	<frames value='31250'/>
	<gameDuration value='1953'/>

	<player>
		<unitScore value='20725'/>
		<killScore value='33860'/>
		<buildingScore value='3750'/>
		<razingScore value='7095'/>
		<mineralScore value='28454'/>
		<gasScore value='2912'/>
		<totalScore value='96796'/>
	</player>

	<enemy>
		<race value='Zerg'/>
		<unitScore value='16175'/>
		<unitScore value='16175'/>
		<killScore value='18050'/>
		<buildingScore value='2365'/>
		<razingScore value='0'/>
		<mineralScore value='15346'/>
		<gasScore value='5160'/>
		<totalScore value='57096'/>
	</enemy>

	<scoreRatio value='1.69532'/>
</results>
