<results>
	<result value='win'/>
	<start value='2014-07-23.01:00:26'/>
	<end value='2014-07-23.01:01:00'/>
	<frames value='29824'/>
	<gameDuration value='1864'/>

	<player>
		<unitScore value='19500'/>
		<killScore value='25170'/>
		<buildingScore value='3975'/>
		<razingScore value='8475'/>
		<mineralScore value='27650'/>
		<gasScore value='3032'/>
		<totalScore value='87802'/>
	</player>

	<enemy>
		<race value='Zerg'/>
		<unitScore value='12175'/>
		<unitScore value='12175'/>
		<killScore value='18550'/>
		<buildingScore value='2825'/>
		<razingScore value='1500'/>
		<mineralScore value='12702'/>
		<gasScore value='3872'/>
		<totalScore value='51624'/>
	</enemy>

	<scoreRatio value='1.7008'/>
</results>
