<results>
	<result value='loss'/>
	<start value='2015-07-11.15:51:23'/>
	<end value='2015-07-11.15:51:44'/>
	<frames value='23066'/>
	<gameDuration value='1441'/>

	<player>
		<unitScore value='8850'/>
		<killScore value='3100'/>
		<buildingScore value='2425'/>
		<razingScore value='0'/>
		<mineralScore value='9434'/>
		<gasScore value='1888'/>
		<totalScore value='25697'/>
	</player>

	<enemy>
		<race value='Terran'/>
		<unitScore value='7425'/>
		<killScore value='17400'/>
		<buildingScore value='2650'/>
		<razingScore value='7275'/>
		<mineralScore value='10950'/>
		<gasScore value='3632'/>
		<totalScore value='49332'/>
	</enemy>

	<scoreRatio value='0.520899'/>
	<timeFitness value='0.200139'/>
	<unitsAverage value='37'/>
</results>
