<results>
	<result value='win'/>
	<start value='2015-05-11.13:03:21'/>
	<end value='2015-05-11.13:04:04'/>
	<frames value='25329'/>
	<gameDuration value='1583'/>

	<player>
		<unitScore value='15725'/>
		<killScore value='18330'/>
		<buildingScore value='3425'/>
		<razingScore value='6300'/>
		<mineralScore value='24286'/>
		<gasScore value='1784'/>
		<totalScore value='69850'/>
	</player>

	<enemy>
		<race value='Zerg'/>
		<unitScore value='8800'/>
		<unitScore value='8800'/>
		<killScore value='13050'/>
		<buildingScore value='2100'/>
		<razingScore value='0'/>
		<mineralScore value='9602'/>
		<gasScore value='2848'/>
		<totalScore value='36400'/>
	</enemy>

	<scoreRatio value='1.91896'/>
	<timeFitness value='0.780139'/>
	<unitsAverage value='89'/>
</results>
