<results>
	<result value='win'/>
	<start value='2015-05-11.13:07:55'/>
	<end value='2015-05-11.13:08:32'/>
	<frames value='23190'/>
	<gameDuration value='1449'/>

	<player>
		<unitScore value='14150'/>
		<killScore value='19375'/>
		<buildingScore value='4000'/>
		<razingScore value='4920'/>
		<mineralScore value='22018'/>
		<gasScore value='1696'/>
		<totalScore value='66159'/>
	</player>

	<enemy>
		<race value='Zerg'/>
		<unitScore value='9475'/>
		<unitScore value='9475'/>
		<killScore value='9750'/>
		<buildingScore value='1640'/>
		<razingScore value='0'/>
		<mineralScore value='9250'/>
		<gasScore value='2968'/>
		<totalScore value='33083'/>
	</enemy>

	<scoreRatio value='1.99979'/>
	<timeFitness value='0.79875'/>
	<unitsAverage value='83'/>
</results>
