<results>
	<result value='win'/>
	<start value='2015-05-11.13:09:26'/>
	<end value='2015-05-11.13:10:12'/>
	<frames value='27623'/>
	<gameDuration value='1726'/>

	<player>
		<unitScore value='16200'/>
		<killScore value='19100'/>
		<buildingScore value='3950'/>
		<razingScore value='5700'/>
		<mineralScore value='24442'/>
		<gasScore value='2088'/>
		<totalScore value='71480'/>
	</player>

	<enemy>
		<race value='Zerg'/>
		<unitScore value='9525'/>
		<unitScore value='9525'/>
		<killScore value='12500'/>
		<buildingScore value='1900'/>
		<razingScore value='0'/>
		<mineralScore value='9586'/>
		<gasScore value='3000'/>
		<totalScore value='36511'/>
	</enemy>

	<scoreRatio value='1.95777'/>
	<timeFitness value='0.760278'/>
	<unitsAverage value='86'/>
</results>
