<results>
	<result value='win'/>
	<start value='2015-05-11.13:10:15'/>
	<end value='2015-05-11.13:10:48'/>
	<frames value='22477'/>
	<gameDuration value='1404'/>

	<player>
		<unitScore value='12325'/>
		<killScore value='18650'/>
		<buildingScore value='3175'/>
		<razingScore value='5580'/>
		<mineralScore value='17266'/>
		<gasScore value='2112'/>
		<totalScore value='59108'/>
	</player>

	<enemy>
		<race value='Zerg'/>
		<unitScore value='9100'/>
		<unitScore value='9100'/>
		<killScore value='8450'/>
		<buildingScore value='1860'/>
		<razingScore value='0'/>
		<mineralScore value='8826'/>
		<gasScore value='2472'/>
		<totalScore value='30708'/>
	</enemy>

	<scoreRatio value='1.92484'/>
	<timeFitness value='0.805'/>
	<unitsAverage value='74'/>
</results>
