<results>
	<result value='win'/>
	<start value='2015-04-27.13:17:58'/>
	<end value='2015-04-27.13:18:21'/>
	<frames value='23500'/>
	<gameDuration value='1468'/>

	<player>
		<unitScore value='11500'/>
		<killScore value='20100'/>
		<buildingScore value='3550'/>
		<razingScore value='8700'/>
		<mineralScore value='16562'/>
		<gasScore value='2000'/>
		<totalScore value='62412'/>
	</player>

	<enemy>
		<race value='Terran'/>
		<unitScore value='10050'/>
		<unitScore value='10050'/>
		<killScore value='7450'/>
		<buildingScore value='2900'/>
		<razingScore value='300'/>
		<mineralScore value='10050'/>
		<gasScore value='4000'/>
		<totalScore value='34750'/>
	</enemy>

	<scoreRatio value='1.79603'/>
</results>
