<results>
	<result value='win'/>
	<start value='2015-05-09.05:35:11'/>
	<end value='2015-05-09.05:35:34'/>
	<frames value='27158'/>
	<gameDuration value='1697'/>

	<player>
		<unitScore value='15825'/>
		<killScore value='18560'/>
		<buildingScore value='2900'/>
		<razingScore value='6345'/>
		<mineralScore value='19226'/>
		<gasScore value='2296'/>
		<totalScore value='65152'/>
	</player>

	<enemy>
		<race value='Zerg'/>
		<unitScore value='9200'/>
		<unitScore value='9200'/>
		<killScore value='17600'/>
		<buildingScore value='2115'/>
		<razingScore value='1350'/>
		<mineralScore value='9378'/>
		<gasScore value='2928'/>
		<totalScore value='42571'/>
	</enemy>

	<scoreRatio value='1.53043'/>
	<timeFitness value='0.764306'/>
	<unitsAverage value='81'/>
</results>
