<results>
	<result value='win'/>
	<start value='2015-05-09.05:40:11'/>
	<end value='2015-05-09.05:40:47'/>
	<frames value='25577'/>
	<gameDuration value='1598'/>

	<player>
		<unitScore value='16500'/>
		<killScore value='22790'/>
		<buildingScore value='3325'/>
		<razingScore value='5460'/>
		<mineralScore value='21742'/>
		<gasScore value='1360'/>
		<totalScore value='71177'/>
	</player>

	<enemy>
		<race value='Zerg'/>
		<unitScore value='10400'/>
		<unitScore value='10400'/>
		<killScore value='14700'/>
		<buildingScore value='1820'/>
		<razingScore value='0'/>
		<mineralScore value='8538'/>
		<gasScore value='2424'/>
		<totalScore value='37882'/>
	</enemy>

	<scoreRatio value='1.87891'/>
	<timeFitness value='0.778056'/>
	<unitsAverage value='88'/>
</results>
