<results>
	<result value='loss'/>
	<start value='2015-05-09.05:54:10'/>
	<end value='2015-05-09.05:54:14'/>
	<frames value='8620'/>
	<gameDuration value='538'/>

	<player>
		<unitScore value='900'/>
		<killScore value='150'/>
		<buildingScore value='675'/>
		<razingScore value='0'/>
		<mineralScore value='1282'/>
		<gasScore value='0'/>
		<totalScore value='3007'/>
	</player>

	<enemy>
		<race value='Zerg'/>
		<unitScore value='1600'/>
		<unitScore value='1600'/>
		<killScore value='1800'/>
		<buildingScore value='940'/>
		<razingScore value='2025'/>
		<mineralScore value='2570'/>
		<gasScore value='160'/>
		<totalScore value='9095'/>
	</enemy>

	<scoreRatio value='0.330621'/>
	<timeFitness value='0.0747222'/>
	<unitsAverage value='8'/>
</results>
