<results>
	<result value='loss'/>
	<start value='2015-05-09.05:57:24'/>
	<end value='2015-05-09.05:57:27'/>
	<frames value='8372'/>
	<gameDuration value='523'/>

	<player>
		<unitScore value='1050'/>
		<killScore value='50'/>
		<buildingScore value='650'/>
		<razingScore value='0'/>
		<mineralScore value='1570'/>
		<gasScore value='56'/>
		<totalScore value='3376'/>
	</player>

	<enemy>
		<race value='Zerg'/>
		<unitScore value='1350'/>
		<unitScore value='1350'/>
		<killScore value='2000'/>
		<buildingScore value='780'/>
		<razingScore value='1950'/>
		<mineralScore value='2338'/>
		<gasScore value='120'/>
		<totalScore value='8538'/>
	</enemy>

	<scoreRatio value='0.395409'/>
	<timeFitness value='0.0726389'/>
	<unitsAverage value='10'/>
</results>
