<results>
	<result value='win'/>
	<start value='2015-05-09.06:08:42'/>
	<end value='2015-05-09.06:09:17'/>
	<frames value='30227'/>
	<gameDuration value='1889'/>

	<player>
		<unitScore value='21550'/>
		<killScore value='40580'/>
		<buildingScore value='3825'/>
		<razingScore value='6855'/>
		<mineralScore value='25358'/>
		<gasScore value='1816'/>
		<totalScore value='99984'/>
	</player>

	<enemy>
		<race value='Zerg'/>
		<unitScore value='17650'/>
		<unitScore value='17650'/>
		<killScore value='21400'/>
		<buildingScore value='2285'/>
		<razingScore value='0'/>
		<mineralScore value='15646'/>
		<gasScore value='5240'/>
		<totalScore value='62221'/>
	</enemy>

	<scoreRatio value='1.60692'/>
	<timeFitness value='0.737639'/>
	<unitsAverage value='104'/>
</results>
