<results>
	<result value='win'/>
	<start value='2015-05-01.04:41:31'/>
	<end value='2015-05-01.04:42:17'/>
	<frames value='29452'/>
	<gameDuration value='1840'/>

	<player>
		<unitScore value='17225'/>
		<killScore value='26945'/>
		<buildingScore value='3525'/>
		<razingScore value='6495'/>
		<mineralScore value='26042'/>
		<gasScore value='1888'/>
		<totalScore value='82120'/>
	</player>

	<enemy>
		<race value='Zerg'/>
		<unitScore value='11725'/>
		<unitScore value='11725'/>
		<killScore value='11900'/>
		<buildingScore value='2165'/>
		<razingScore value='0'/>
		<mineralScore value='12178'/>
		<gasScore value='4208'/>
		<totalScore value='42176'/>
	</enemy>

	<scoreRatio value='1.94708'/>
</results>
