<results>
	<result value='loss'/>
	<start value='2015-05-01.04:53:46'/>
	<end value='2015-05-01.04:53:51'/>
	<frames value='8279'/>
	<gameDuration value='517'/>

	<player>
		<unitScore value='1200'/>
		<killScore value='150'/>
		<buildingScore value='625'/>
		<razingScore value='0'/>
		<mineralScore value='1626'/>
		<gasScore value='80'/>
		<totalScore value='3681'/>
	</player>

	<enemy>
		<race value='Zerg'/>
		<unitScore value='1400'/>
		<unitScore value='1400'/>
		<killScore value='2300'/>
		<buildingScore value='860'/>
		<razingScore value='1875'/>
		<mineralScore value='2410'/>
		<gasScore value='112'/>
		<totalScore value='8957'/>
	</enemy>

	<scoreRatio value='0.410964'/>
</results>
