<results>
	<result value='loss'/>
	<start value='2015-05-05.03:42:37'/>
	<end value='2015-05-05.03:42:50'/>
	<frames value='15254'/>
	<gameDuration value='953'/>

	<player>
		<unitScore value='2875'/>
		<killScore value='600'/>
		<buildingScore value='1550'/>
		<razingScore value='0'/>
		<mineralScore value='4554'/>
		<gasScore value='560'/>
		<totalScore value='10139'/>
	</player>

	<enemy>
		<race value='Protoss'/>
		<unitScore value='3550'/>
		<unitScore value='3550'/>
		<killScore value='5500'/>
		<buildingScore value='2825'/>
		<razingScore value='4650'/>
		<mineralScore value='7850'/>
		<gasScore value='1376'/>
		<totalScore value='25751'/>
	</enemy>

	<scoreRatio value='0.393732'/>
	<timeFitness value='0.132361'/>
	<unitsAverage value='23'/>
</results>
