<results>
	<result value='win'/>
	<start value='2015-04-27.14:10:38'/>
	<end value='2015-04-27.14:11:07'/>
	<frames value='33234'/>
	<gameDuration value='2077'/>

	<player>
		<unitScore value='20450'/>
		<killScore value='28850'/>
		<buildingScore value='4225'/>
		<razingScore value='7350'/>
		<mineralScore value='28770'/>
		<gasScore value='2080'/>
		<totalScore value='91725'/>
	</player>

	<enemy>
		<race value='Terran'/>
		<unitScore value='14425'/>
		<unitScore value='14425'/>
		<killScore value='17350'/>
		<buildingScore value='2450'/>
		<razingScore value='300'/>
		<mineralScore value='12050'/>
		<gasScore value='5170'/>
		<totalScore value='51745'/>
	</enemy>

	<scoreRatio value='1.77263'/>
</results>
