<results>
	<result value='win'/>
	<start value='2015-04-27.14:13:29'/>
	<end value='2015-04-27.14:14:50'/>
	<frames value='54407'/>
	<gameDuration value='3400'/>

	<player>
		<unitScore value='25575'/>
		<killScore value='37900'/>
		<buildingScore value='4900'/>
		<razingScore value='11625'/>
		<mineralScore value='46018'/>
		<gasScore value='5018'/>
		<totalScore value='131036'/>
	</player>

	<enemy>
		<race value='Terran'/>
		<unitScore value='21925'/>
		<unitScore value='21925'/>
		<killScore value='25000'/>
		<buildingScore value='3875'/>
		<razingScore value='1875'/>
		<mineralScore value='15926'/>
		<gasScore value='7944'/>
		<totalScore value='76545'/>
	</enemy>

	<scoreRatio value='1.71188'/>
</results>
