<results>
	<result value='draw'/>
	<start value='2015-05-04.06:45:51'/>
	<end value='2015-05-04.06:47:50'/>
	<frames value='57601'/>
	<gameDuration value='3600'/>

	<player>
		<unitScore value='32750'/>
		<killScore value='43500'/>
		<buildingScore value='4300'/>
		<razingScore value='14700'/>
		<mineralScore value='34974'/>
		<gasScore value='6320'/>
		<totalScore value='136544'/>
	</player>

	<enemy>
		<race value='Protoss'/>
		<unitScore value='25225'/>
		<unitScore value='25225'/>
		<killScore value='39000'/>
		<buildingScore value='6875'/>
		<razingScore value='0'/>
		<mineralScore value='24802'/>
		<gasScore value='7844'/>
		<totalScore value='103746'/>
	</enemy>

	<scoreRatio value='1.31614'/>
	<timeFitness value='0.5'/>
	<unitsAverage value='168'/>
</results>
