<results>
	<result value='loss'/>
	<start value='2015-05-10.19:49:47'/>
	<end value='2015-05-10.19:50:25'/>
	<frames value='41573'/>
	<gameDuration value='2598'/>

	<player>
		<unitScore value='17325'/>
		<killScore value='20900'/>
		<buildingScore value='2075'/>
		<razingScore value='1950'/>
		<mineralScore value='19558'/>
		<gasScore value='4800'/>
		<totalScore value='66608'/>
	</player>

	<enemy>
		<race value='Protoss'/>
		<unitScore value='29400'/>
		<unitScore value='29400'/>
		<killScore value='34650'/>
		<buildingScore value='7825'/>
		<razingScore value='6225'/>
		<mineralScore value='30290'/>
		<gasScore value='9754'/>
		<totalScore value='118144'/>
	</enemy>

	<scoreRatio value='0.563787'/>
	<timeFitness value='0.360833'/>
	<unitsAverage value='64'/>
</results>
