<results>
	<result value='loss'/>
	<start value='2015-04-30.05:30:48'/>
	<end value='2015-04-30.05:30:58'/>
	<frames value='14665'/>
	<gameDuration value='916'/>

	<player>
		<unitScore value='2500'/>
		<killScore value='400'/>
		<buildingScore value='1625'/>
		<razingScore value='0'/>
		<mineralScore value='4410'/>
		<gasScore value='704'/>
		<totalScore value='9639'/>
	</player>

	<enemy>
		<race value='Protoss'/>
		<unitScore value='3550'/>
		<unitScore value='3550'/>
		<killScore value='5100'/>
		<buildingScore value='2125'/>
		<razingScore value='4875'/>
		<mineralScore value='7210'/>
		<gasScore value='1160'/>
		<totalScore value='24020'/>
	</enemy>

	<scoreRatio value='0.401291'/>
</results>
