<results>
	<result value='win'/>
	<start value='2015-05-04.21:14:58'/>
	<end value='2015-05-04.21:15:54'/>
	<frames value='36861'/>
	<gameDuration value='2303'/>

	<player>
		<unitScore value='25225'/>
		<killScore value='24350'/>
		<buildingScore value='4400'/>
		<razingScore value='6150'/>
		<mineralScore value='35650'/>
		<gasScore value='3176'/>
		<totalScore value='98951'/>
	</player>

	<enemy>
		<race value='Terran'/>
		<unitScore value='12175'/>
		<unitScore value='12175'/>
		<killScore value='26700'/>
		<buildingScore value='2125'/>
		<razingScore value='525'/>
		<mineralScore value='12050'/>
		<gasScore value='4112'/>
		<totalScore value='57687'/>
	</enemy>

	<scoreRatio value='1.71531'/>
	<timeFitness value='0.680139'/>
	<unitsAverage value='106'/>
</results>
