<results>
	<result value='win'/>
	<start value='2015-05-08.18:13:08'/>
	<end value='2015-05-08.18:13:19'/>
	<frames value='16153'/>
	<gameDuration value='1009'/>

	<player>
		<unitScore value='5775'/>
		<killScore value='9300'/>
		<buildingScore value='2000'/>
		<razingScore value='4350'/>
		<mineralScore value='9850'/>
		<gasScore value='1040'/>
		<totalScore value='32315'/>
	</player>

	<enemy>
		<race value='Terran'/>
		<unitScore value='4650'/>
		<unitScore value='4650'/>
		<killScore value='2100'/>
		<buildingScore value='1450'/>
		<razingScore value='150'/>
		<mineralScore value='7114'/>
		<gasScore value='1936'/>
		<totalScore value='17400'/>
	</enemy>

	<scoreRatio value='1.85718'/>
	<timeFitness value='0.859861'/>
	<unitsAverage value='50'/>
</results>
