<results>
	<result value='win'/>
	<start value='2015-04-07.15:07:19'/>
	<end value='2015-04-07.15:08:25'/>
	<frames value='45572'/>
	<gameDuration value='2848'/>

	<player>
		<unitScore value='27050'/>
		<killScore value='40150'/>
		<buildingScore value='4250'/>
		<razingScore value='23850'/>
		<mineralScore value='35138'/>
		<gasScore value='4024'/>
		<totalScore value='134462'/>
	</player>

	<enemy>
		<race value='Protoss'/>
		<unitScore value='20875'/>
		<unitScore value='20875'/>
		<killScore value='31350'/>
		<buildingScore value='7950'/>
		<razingScore value='0'/>
		<mineralScore value='25426'/>
		<gasScore value='7616'/>
		<totalScore value='93217'/>
	</enemy>

	<scoreRatio value='1.44246'/>
</results>
