<results>
	<result value='win'/>
	<start value='2015-05-11.01:18:44'/>
	<end value='2015-05-11.01:19:22'/>
	<frames value='30599'/>
	<gameDuration value='1912'/>

	<player>
		<unitScore value='22400'/>
		<killScore value='32600'/>
		<buildingScore value='4550'/>
		<razingScore value='5595'/>
		<mineralScore value='33878'/>
		<gasScore value='2816'/>
		<totalScore value='101839'/>
	</player>

	<enemy>
		<race value='Zerg'/>
		<unitScore value='15925'/>
		<unitScore value='15925'/>
		<killScore value='22350'/>
		<buildingScore value='1865'/>
		<razingScore value='0'/>
		<mineralScore value='13306'/>
		<gasScore value='4080'/>
		<totalScore value='57526'/>
	</enemy>

	<scoreRatio value='1.77031'/>
	<timeFitness value='0.734444'/>
	<unitsAverage value='113'/>
</results>
