<results>
	<result value='loss'/>
	<start value='2015-07-12.14:28:10'/>
	<end value='2015-07-12.14:28:22'/>
	<frames value='21671'/>
	<gameDuration value='1354'/>

	<player>
		<unitScore value='9350'/>
		<killScore value='4400'/>
		<buildingScore value='2175'/>
		<razingScore value='0'/>
		<mineralScore value='10106'/>
		<gasScore value='1976'/>
		<totalScore value='28007'/>
	</player>

	<enemy>
		<race value='Terran'/>
		<unitScore value='8600'/>
		<killScore value='18150'/>
		<buildingScore value='2850'/>
		<razingScore value='6525'/>
		<mineralScore value='10354'/>
		<gasScore value='3424'/>
		<totalScore value='49903'/>
	</enemy>

	<scoreRatio value='0.561229'/>
	<timeFitness value='0.188056'/>
	<unitsAverage value='35'/>
</results>
