<results>
	<result value='loss'/>
	<start value='2015-07-12.14:30:53'/>
	<end value='2015-07-12.14:31:02'/>
	<frames value='19532'/>
	<gameDuration value='1220'/>

	<player>
		<unitScore value='6725'/>
		<killScore value='2800'/>
		<buildingScore value='1725'/>
		<razingScore value='0'/>
		<mineralScore value='7674'/>
		<gasScore value='1456'/>
		<totalScore value='20380'/>
	</player>

	<enemy>
		<race value='Terran'/>
		<unitScore value='7100'/>
		<killScore value='12500'/>
		<buildingScore value='2850'/>
		<razingScore value='5175'/>
		<mineralScore value='9186'/>
		<gasScore value='3280'/>
		<totalScore value='40091'/>
	</enemy>

	<scoreRatio value='0.508344'/>
	<timeFitness value='0.169444'/>
	<unitsAverage value='30'/>
</results>
