<results>
	<result value='draw'/>
	<start value='2015-07-12.14:31:11'/>
	<end value='2015-07-12.14:33:09'/>
	<frames value='57601'/>
	<gameDuration value='3600'/>

	<player>
		<unitScore value='34800'/>
		<killScore value='16400'/>
		<buildingScore value='4825'/>
		<razingScore value='0'/>
		<mineralScore value='50978'/>
		<gasScore value='11802'/>
		<totalScore value='118805'/>
	</player>

	<enemy>
		<race value='Terran'/>
		<unitScore value='10150'/>
		<killScore value='44950'/>
		<buildingScore value='1000'/>
		<razingScore value='1650'/>
		<mineralScore value='12010'/>
		<gasScore value='5418'/>
		<totalScore value='75178'/>
	</enemy>

	<scoreRatio value='1.58032'/>
	<timeFitness value='0.5'/>
	<unitsAverage value='162'/>
</results>
