<results>
	<result value='draw'/>
	<start value='2015-07-12.14:35:54'/>
	<end value='2015-07-12.14:36:46'/>
	<frames value='57601'/>
	<gameDuration value='3600'/>

	<player>
		<unitScore value='32350'/>
		<killScore value='20950'/>
		<buildingScore value='4700'/>
		<razingScore value='150'/>
		<mineralScore value='33986'/>
		<gasScore value='6136'/>
		<totalScore value='98272'/>
	</player>

	<enemy>
		<race value='Terran'/>
		<unitScore value='16750'/>
		<killScore value='46550'/>
		<buildingScore value='3050'/>
		<razingScore value='5025'/>
		<mineralScore value='24034'/>
		<gasScore value='6410'/>
		<totalScore value='101819'/>
	</enemy>

	<scoreRatio value='0.965164'/>
	<timeFitness value='0.5'/>
	<unitsAverage value='82'/>
</results>
