<results>
	<result value='loss'/>
	<start value='2015-05-09.18:09:19'/>
	<end value='2015-05-09.18:09:28'/>
	<frames value='16742'/>
	<gameDuration value='1046'/>

	<player>
		<unitScore value='2800'/>
		<killScore value='1200'/>
		<buildingScore value='1775'/>
		<razingScore value='0'/>
		<mineralScore value='4826'/>
		<gasScore value='536'/>
		<totalScore value='11137'/>
	</player>

	<enemy>
		<race value='Protoss'/>
		<unitScore value='3600'/>
		<unitScore value='3600'/>
		<killScore value='5600'/>
		<buildingScore value='4025'/>
		<razingScore value='5325'/>
		<mineralScore value='8794'/>
		<gasScore value='1632'/>
		<totalScore value='28976'/>
	</enemy>

	<scoreRatio value='0.384353'/>
	<timeFitness value='0.145278'/>
	<unitsAverage value='22'/>
</results>
