<results>
	<result value='win'/>
	<start value='2015-05-09.18:13:16'/>
	<end value='2015-05-09.18:14:34'/>
	<frames value='50594'/>
	<gameDuration value='3162'/>

	<player>
		<unitScore value='28250'/>
		<killScore value='42800'/>
		<buildingScore value='3525'/>
		<razingScore value='22950'/>
		<mineralScore value='30782'/>
		<gasScore value='5552'/>
		<totalScore value='133859'/>
	</player>

	<enemy>
		<race value='Protoss'/>
		<unitScore value='22075'/>
		<unitScore value='22075'/>
		<killScore value='34350'/>
		<buildingScore value='7650'/>
		<razingScore value='150'/>
		<mineralScore value='25150'/>
		<gasScore value='8192'/>
		<totalScore value='97567'/>
	</enemy>

	<scoreRatio value='1.37197'/>
	<timeFitness value='0.560833'/>
	<unitsAverage value='126'/>
</results>
