<results>
	<result value='win'/>
	<start value='2015-05-11.16:26:02'/>
	<end value='2015-05-11.16:26:28'/>
	<frames value='28274'/>
	<gameDuration value='1767'/>

	<player>
		<unitScore value='18725'/>
		<killScore value='28405'/>
		<buildingScore value='3825'/>
		<razingScore value='5820'/>
		<mineralScore value='22450'/>
		<gasScore value='2776'/>
		<totalScore value='82001'/>
	</player>

	<enemy>
		<race value='Zerg'/>
		<unitScore value='12525'/>
		<unitScore value='12525'/>
		<killScore value='16350'/>
		<buildingScore value='1940'/>
		<razingScore value='0'/>
		<mineralScore value='11598'/>
		<gasScore value='3328'/>
		<totalScore value='45741'/>
	</enemy>

	<scoreRatio value='1.79272'/>
	<timeFitness value='0.754583'/>
	<unitsAverage value='85'/>
</results>
