<results>
	<result value='loss'/>
	<start value='2015-05-11.16:29:04'/>
	<end value='2015-05-11.16:29:12'/>
	<frames value='18974'/>
	<gameDuration value='1185'/>

	<player>
		<unitScore value='2325'/>
		<killScore value='1300'/>
		<buildingScore value='1225'/>
		<razingScore value='0'/>
		<mineralScore value='4138'/>
		<gasScore value='1464'/>
		<totalScore value='10452'/>
	</player>

	<enemy>
		<race value='Zerg'/>
		<unitScore value='7200'/>
		<unitScore value='7200'/>
		<killScore value='4650'/>
		<buildingScore value='1435'/>
		<razingScore value='3675'/>
		<mineralScore value='7498'/>
		<gasScore value='2112'/>
		<totalScore value='26570'/>
	</enemy>

	<scoreRatio value='0.393376'/>
	<timeFitness value='0.164583'/>
	<unitsAverage value='17'/>
</results>
