<results>
	<result value='win'/>
	<start value='2015-05-05.15:52:32'/>
	<end value='2015-05-05.15:53:20'/>
	<frames value='31684'/>
	<gameDuration value='1980'/>

	<player>
		<unitScore value='25850'/>
		<killScore value='33410'/>
		<buildingScore value='4450'/>
		<razingScore value='3810'/>
		<mineralScore value='37346'/>
		<gasScore value='0'/>
		<totalScore value='104866'/>
	</player>

	<enemy>
		<race value='Zerg'/>
		<unitScore value='14800'/>
		<unitScore value='14800'/>
		<killScore value='31800'/>
		<buildingScore value='1270'/>
		<razingScore value='0'/>
		<mineralScore value='11958'/>
		<gasScore value='3832'/>
		<totalScore value='63660'/>
	</enemy>

	<scoreRatio value='1.64728'/>
	<timeFitness value='0.725'/>
	<unitsAverage value='119'/>
</results>
