<results>
	<result value='win'/>
	<start value='2015-05-05.15:59:14'/>
	<end value='2015-05-05.16:00:09'/>
	<frames value='32211'/>
	<gameDuration value='2013'/>

	<player>
		<unitScore value='31850'/>
		<killScore value='32780'/>
		<buildingScore value='4125'/>
		<razingScore value='5655'/>
		<mineralScore value='39014'/>
		<gasScore value='424'/>
		<totalScore value='113848'/>
	</player>

	<enemy>
		<race value='Zerg'/>
		<unitScore value='14625'/>
		<unitScore value='14625'/>
		<killScore value='46400'/>
		<buildingScore value='1885'/>
		<razingScore value='0'/>
		<mineralScore value='12494'/>
		<gasScore value='3560'/>
		<totalScore value='78964'/>
	</enemy>

	<scoreRatio value='1.44177'/>
	<timeFitness value='0.720417'/>
	<unitsAverage value='122'/>
</results>
