<results>
	<result value='win'/>
	<start value='2015-04-30.18:35:17'/>
	<end value='2015-04-30.18:36:04'/>
	<frames value='29731'/>
	<gameDuration value='1858'/>

	<player>
		<unitScore value='22975'/>
		<killScore value='32120'/>
		<buildingScore value='4150'/>
		<razingScore value='6180'/>
		<mineralScore value='31594'/>
		<gasScore value='3480'/>
		<totalScore value='100499'/>
	</player>

	<enemy>
		<race value='Zerg'/>
		<unitScore value='14275'/>
		<unitScore value='14275'/>
		<killScore value='23850'/>
		<buildingScore value='2060'/>
		<razingScore value='0'/>
		<mineralScore value='13166'/>
		<gasScore value='3872'/>
		<totalScore value='57223'/>
	</enemy>

	<scoreRatio value='1.75627'/>
	<timeFitness value='0.741944'/>
	<unitsAverage value='107'/>
</results>
