<results>
	<result value='win'/>
	<start value='2015-04-30.18:37:59'/>
	<end value='2015-04-30.18:38:39'/>
	<frames value='27747'/>
	<gameDuration value='1734'/>

	<player>
		<unitScore value='19800'/>
		<killScore value='29530'/>
		<buildingScore value='4250'/>
		<razingScore value='6015'/>
		<mineralScore value='24518'/>
		<gasScore value='2024'/>
		<totalScore value='86137'/>
	</player>

	<enemy>
		<race value='Zerg'/>
		<unitScore value='12775'/>
		<unitScore value='12775'/>
		<killScore value='16900'/>
		<buildingScore value='2005'/>
		<razingScore value='300'/>
		<mineralScore value='12258'/>
		<gasScore value='3872'/>
		<totalScore value='48110'/>
	</enemy>

	<scoreRatio value='1.79042'/>
	<timeFitness value='0.759167'/>
	<unitsAverage value='93'/>
</results>
