<results>
	<result value='win'/>
	<start value='2015-04-30.18:51:37'/>
	<end value='2015-04-30.18:52:16'/>
	<frames value='26476'/>
	<gameDuration value='1654'/>

	<player>
		<unitScore value='19775'/>
		<killScore value='26040'/>
		<buildingScore value='4125'/>
		<razingScore value='4800'/>
		<mineralScore value='27842'/>
		<gasScore value='2392'/>
		<totalScore value='84974'/>
	</player>

	<enemy>
		<race value='Zerg'/>
		<unitScore value='11150'/>
		<unitScore value='11150'/>
		<killScore value='16450'/>
		<buildingScore value='1600'/>
		<razingScore value='0'/>
		<mineralScore value='10458'/>
		<gasScore value='3336'/>
		<totalScore value='42994'/>
	</enemy>

	<scoreRatio value='1.97642'/>
	<timeFitness value='0.770278'/>
	<unitsAverage value='103'/>
</results>
