<results>
	<result value='draw'/>
	<start value='2015-05-11.19:16:27'/>
	<end value='2015-05-11.19:18:07'/>
	<frames value='57601'/>
	<gameDuration value='3600'/>

	<player>
		<unitScore value='30275'/>
		<killScore value='48800'/>
		<buildingScore value='3450'/>
		<razingScore value='600'/>
		<mineralScore value='31510'/>
		<gasScore value='8394'/>
		<totalScore value='123029'/>
	</player>

	<enemy>
		<race value='Protoss'/>
		<unitScore value='38100'/>
		<unitScore value='38100'/>
		<killScore value='44900'/>
		<buildingScore value='6550'/>
		<razingScore value='150'/>
		<mineralScore value='31534'/>
		<gasScore value='12116'/>
		<totalScore value='133350'/>
	</enemy>

	<scoreRatio value='0.922602'/>
	<timeFitness value='0.5'/>
	<unitsAverage value='143'/>
</results>
