<results>
	<result value='loss'/>
	<start value='2015-07-13.00:36:03'/>
	<end value='2015-07-13.00:36:31'/>
	<frames value='33482'/>
	<gameDuration value='2092'/>

	<player>
		<unitScore value='15800'/>
		<killScore value='8300'/>
		<buildingScore value='3300'/>
		<razingScore value='0'/>
		<mineralScore value='20670'/>
		<gasScore value='2840'/>
		<totalScore value='50910'/>
	</player>

	<enemy>
		<race value='Protoss'/>
		<unitScore value='19500'/>
		<killScore value='31800'/>
		<buildingScore value='6325'/>
		<razingScore value='9900'/>
		<mineralScore value='22186'/>
		<gasScore value='8176'/>
		<totalScore value='97887'/>
	</enemy>

	<scoreRatio value='0.52009'/>
	<timeFitness value='0.290556'/>
	<unitsAverage value='45'/>
</results>
