<results>
	<result value='win'/>
	<start value='2015-05-01.22:02:22'/>
	<end value='2015-05-01.22:03:12'/>
	<frames value='34040'/>
	<gameDuration value='2127'/>

	<player>
		<unitScore value='23175'/>
		<killScore value='38630'/>
		<buildingScore value='4675'/>
		<razingScore value='8355'/>
		<mineralScore value='29738'/>
		<gasScore value='2448'/>
		<totalScore value='107021'/>
	</player>

	<enemy>
		<race value='Zerg'/>
		<unitScore value='16900'/>
		<unitScore value='16900'/>
		<killScore value='23200'/>
		<buildingScore value='2785'/>
		<razingScore value='0'/>
		<mineralScore value='16266'/>
		<gasScore value='4600'/>
		<totalScore value='63751'/>
	</enemy>

	<scoreRatio value='1.67873'/>
	<timeFitness value='0.704583'/>
	<unitsAverage value='116'/>
</results>
