<results>
	<result value='win'/>
	<start value='2015-05-01.22:08:16'/>
	<end value='2015-05-01.22:08:46'/>
	<frames value='26228'/>
	<gameDuration value='1639'/>

	<player>
		<unitScore value='16275'/>
		<killScore value='22440'/>
		<buildingScore value='4200'/>
		<razingScore value='5040'/>
		<mineralScore value='23306'/>
		<gasScore value='2496'/>
		<totalScore value='73757'/>
	</player>

	<enemy>
		<race value='Zerg'/>
		<unitScore value='10675'/>
		<unitScore value='10675'/>
		<killScore value='14550'/>
		<buildingScore value='1680'/>
		<razingScore value='0'/>
		<mineralScore value='9794'/>
		<gasScore value='2792'/>
		<totalScore value='39491'/>
	</enemy>

	<scoreRatio value='1.86769'/>
	<timeFitness value='0.772361'/>
	<unitsAverage value='90'/>
</results>
