<results>
	<result value='draw'/>
	<start value='2015-04-29.18:37:18'/>
	<end value='2015-04-29.18:38:07'/>
	<frames value='57601'/>
	<gameDuration value='3600'/>

	<player>
		<unitScore value='23900'/>
		<killScore value='29950'/>
		<buildingScore value='3500'/>
		<razingScore value='1425'/>
		<mineralScore value='27334'/>
		<gasScore value='4512'/>
		<totalScore value='90621'/>
	</player>

	<enemy>
		<race value='Terran'/>
		<unitScore value='26825'/>
		<unitScore value='26825'/>
		<killScore value='45500'/>
		<buildingScore value='4550'/>
		<razingScore value='4650'/>
		<mineralScore value='19550'/>
		<gasScore value='12324'/>
		<totalScore value='113399'/>
	</enemy>

	<scoreRatio value='0.799134'/>
	<timeFitness value='0.5'/>
	<unitsAverage value='63'/>
</results>
