<results>
	<result value='loss'/>
	<start value='2015-04-29.18:41:16'/>
	<end value='2015-04-29.18:41:36'/>
	<frames value='27623'/>
	<gameDuration value='1726'/>

	<player>
		<unitScore value='5950'/>
		<killScore value='7600'/>
		<buildingScore value='1800'/>
		<razingScore value='0'/>
		<mineralScore value='7674'/>
		<gasScore value='1232'/>
		<totalScore value='24256'/>
	</player>

	<enemy>
		<race value='Terran'/>
		<unitScore value='13025'/>
		<unitScore value='13025'/>
		<killScore value='11500'/>
		<buildingScore value='4500'/>
		<razingScore value='5400'/>
		<mineralScore value='13978'/>
		<gasScore value='7064'/>
		<totalScore value='55467'/>
	</enemy>

	<scoreRatio value='0.437305'/>
	<timeFitness value='0.239722'/>
	<unitsAverage value='34'/>
</results>
