<results>
	<result value='loss'/>
	<start value='2015-07-12.16:06:09'/>
	<end value='2015-07-12.16:06:21'/>
	<frames value='21888'/>
	<gameDuration value='1368'/>

	<player>
		<unitScore value='9125'/>
		<killScore value='2800'/>
		<buildingScore value='2550'/>
		<razingScore value='0'/>
		<mineralScore value='9850'/>
		<gasScore value='1480'/>
		<totalScore value='25805'/>
	</player>

	<enemy>
		<race value='Terran'/>
		<unitScore value='9300'/>
		<killScore value='17750'/>
		<buildingScore value='3400'/>
		<razingScore value='7650'/>
		<mineralScore value='10714'/>
		<gasScore value='4368'/>
		<totalScore value='53182'/>
	</enemy>

	<scoreRatio value='0.485221'/>
	<timeFitness value='0.19'/>
	<unitsAverage value='34'/>
</results>
