<results>
	<result value='loss'/>
	<start value='2015-05-09.19:55:23'/>
	<end value='2015-05-09.19:55:31'/>
	<frames value='14138'/>
	<gameDuration value='883'/>

	<player>
		<unitScore value='3050'/>
		<killScore value='1000'/>
		<buildingScore value='1100'/>
		<razingScore value='0'/>
		<mineralScore value='4418'/>
		<gasScore value='624'/>
		<totalScore value='10192'/>
	</player>

	<enemy>
		<race value='Protoss'/>
		<unitScore value='3550'/>
		<unitScore value='3550'/>
		<killScore value='5600'/>
		<buildingScore value='2175'/>
		<razingScore value='3300'/>
		<mineralScore value='7098'/>
		<gasScore value='1096'/>
		<totalScore value='22819'/>
	</enemy>

	<scoreRatio value='0.446645'/>
	<timeFitness value='0.122639'/>
	<unitsAverage value='23'/>
</results>
