<results>
	<result value='loss'/>
	<start value='2015-05-09.20:01:58'/>
	<end value='2015-05-09.20:02:04'/>
	<frames value='13146'/>
	<gameDuration value='821'/>

	<player>
		<unitScore value='2600'/>
		<killScore value='500'/>
		<buildingScore value='1300'/>
		<razingScore value='0'/>
		<mineralScore value='4226'/>
		<gasScore value='0'/>
		<totalScore value='8626'/>
	</player>

	<enemy>
		<race value='Protoss'/>
		<unitScore value='3500'/>
		<unitScore value='3500'/>
		<killScore value='5200'/>
		<buildingScore value='1875'/>
		<razingScore value='3900'/>
		<mineralScore value='6522'/>
		<gasScore value='1224'/>
		<totalScore value='22221'/>
	</enemy>

	<scoreRatio value='0.388191'/>
	<timeFitness value='0.114028'/>
	<unitsAverage value='20'/>
</results>
