<results>
	<result value='win'/>
	<start value='2015-05-16.22:24:03'/>
	<end value='2015-05-16.22:25:17'/>
	<frames value='42224'/>
	<gameDuration value='2639'/>

	<player>
		<unitScore value='23650'/>
		<killScore value='50780'/>
		<buildingScore value='5025'/>
		<razingScore value='10770'/>
		<mineralScore value='36118'/>
		<gasScore value='6636'/>
		<totalScore value='132979'/>
	</player>

	<enemy>
		<race value='Zerg'/>
		<unitScore value='23800'/>
		<unitScore value='23800'/>
		<killScore value='19350'/>
		<buildingScore value='3590'/>
		<razingScore value='1950'/>
		<mineralScore value='19194'/>
		<gasScore value='7854'/>
		<totalScore value='75738'/>
	</enemy>

	<scoreRatio value='1.75578'/>
	<timeFitness value='0.633472'/>
	<unitsAverage value='137'/>
</results>
