<results>
	<result value='win'/>
	<start value='2015-05-16.22:33:36'/>
	<end value='2015-05-16.22:34:12'/>
	<frames value='38566'/>
	<gameDuration value='2410'/>

	<player>
		<unitScore value='19175'/>
		<killScore value='36970'/>
		<buildingScore value='3075'/>
		<razingScore value='9810'/>
		<mineralScore value='21874'/>
		<gasScore value='4200'/>
		<totalScore value='95104'/>
	</player>

	<enemy>
		<race value='Zerg'/>
		<unitScore value='16950'/>
		<unitScore value='16950'/>
		<killScore value='24450'/>
		<buildingScore value='3270'/>
		<razingScore value='2700'/>
		<mineralScore value='17662'/>
		<gasScore value='5320'/>
		<totalScore value='70352'/>
	</enemy>

	<scoreRatio value='1.35183'/>
	<timeFitness value='0.665278'/>
	<unitsAverage value='83'/>
</results>
