<results>
	<result value='loss'/>
	<start value='2015-05-10.00:25:10'/>
	<end value='2015-05-10.00:25:19'/>
	<frames value='17734'/>
	<gameDuration value='1108'/>

	<player>
		<unitScore value='3725'/>
		<killScore value='1400'/>
		<buildingScore value='1825'/>
		<razingScore value='0'/>
		<mineralScore value='5626'/>
		<gasScore value='784'/>
		<totalScore value='13360'/>
	</player>

	<enemy>
		<race value='Protoss'/>
		<unitScore value='3875'/>
		<unitScore value='3875'/>
		<killScore value='7450'/>
		<buildingScore value='3725'/>
		<razingScore value='5475'/>
		<mineralScore value='9130'/>
		<gasScore value='2176'/>
		<totalScore value='31831'/>
	</enemy>

	<scoreRatio value='0.419717'/>
	<timeFitness value='0.153889'/>
	<unitsAverage value='26'/>
</results>
