<results>
	<result value='draw'/>
	<start value='2015-05-10.00:33:07'/>
	<end value='2015-05-10.00:33:52'/>
	<frames value='57601'/>
	<gameDuration value='3600'/>

	<player>
		<unitScore value='20375'/>
		<killScore value='27150'/>
		<buildingScore value='2325'/>
		<razingScore value='8700'/>
		<mineralScore value='20674'/>
		<gasScore value='5050'/>
		<totalScore value='84274'/>
	</player>

	<enemy>
		<race value='Protoss'/>
		<unitScore value='15975'/>
		<unitScore value='15975'/>
		<killScore value='37250'/>
		<buildingScore value='7175'/>
		<razingScore value='450'/>
		<mineralScore value='21326'/>
		<gasScore value='10186'/>
		<totalScore value='92362'/>
	</enemy>

	<scoreRatio value='0.912432'/>
	<timeFitness value='0.5'/>
	<unitsAverage value='61'/>
</results>
