<results>
	<result value='win'/>
	<start value='2015-05-10.00:33:55'/>
	<end value='2015-05-10.00:34:24'/>
	<frames value='27313'/>
	<gameDuration value='1707'/>

	<player>
		<unitScore value='16225'/>
		<killScore value='22950'/>
		<buildingScore value='3925'/>
		<razingScore value='16800'/>
		<mineralScore value='21250'/>
		<gasScore value='1720'/>
		<totalScore value='82870'/>
	</player>

	<enemy>
		<race value='Protoss'/>
		<unitScore value='11700'/>
		<unitScore value='11700'/>
		<killScore value='13000'/>
		<buildingScore value='5600'/>
		<razingScore value='0'/>
		<mineralScore value='17810'/>
		<gasScore value='2568'/>
		<totalScore value='50678'/>
	</enemy>

	<scoreRatio value='1.63523'/>
	<timeFitness value='0.762917'/>
	<unitsAverage value='88'/>
</results>
