<results>
	<result value='win'/>
	<start value='2015-04-28.09:27:11'/>
	<end value='2015-04-28.09:27:25'/>
	<frames value='16463'/>
	<gameDuration value='1028'/>

	<player>
		<unitScore value='5475'/>
		<killScore value='9700'/>
		<buildingScore value='2275'/>
		<razingScore value='4350'/>
		<mineralScore value='8930'/>
		<gasScore value='1776'/>
		<totalScore value='32506'/>
	</player>

	<enemy>
		<race value='Terran'/>
		<unitScore value='4850'/>
		<unitScore value='4850'/>
		<killScore value='2000'/>
		<buildingScore value='1450'/>
		<razingScore value='1350'/>
		<mineralScore value='6594'/>
		<gasScore value='1800'/>
		<totalScore value='18044'/>
	</enemy>

	<scoreRatio value='1.80149'/>
</results>
