<results>
	<result value='win'/>
	<start value='2015-05-08.22:35:37'/>
	<end value='2015-05-08.22:36:26'/>
	<frames value='29328'/>
	<gameDuration value='1833'/>

	<player>
		<unitScore value='18925'/>
		<killScore value='23850'/>
		<buildingScore value='4775'/>
		<razingScore value='7485'/>
		<mineralScore value='29474'/>
		<gasScore value='3024'/>
		<totalScore value='87533'/>
	</player>

	<enemy>
		<race value='Zerg'/>
		<unitScore value='11175'/>
		<unitScore value='11175'/>
		<killScore value='13200'/>
		<buildingScore value='2495'/>
		<razingScore value='1800'/>
		<mineralScore value='11778'/>
		<gasScore value='3360'/>
		<totalScore value='43808'/>
	</enemy>

	<scoreRatio value='1.99811'/>
	<timeFitness value='0.745417'/>
	<unitsAverage value='108'/>
</results>
