<results>
	<result value='win'/>
	<start value='2015-05-08.22:32:31'/>
	<end value='2015-05-08.22:33:58'/>
	<frames value='39155'/>
	<gameDuration value='2447'/>

	<player>
		<unitScore value='20075'/>
		<killScore value='30520'/>
		<buildingScore value='4800'/>
		<razingScore value='8535'/>
		<mineralScore value='35410'/>
		<gasScore value='4128'/>
		<totalScore value='103468'/>
	</player>

	<enemy>
		<race value='Zerg'/>
		<unitScore value='15325'/>
		<unitScore value='15325'/>
		<killScore value='15200'/>
		<buildingScore value='2845'/>
		<razingScore value='1950'/>
		<mineralScore value='15038'/>
		<gasScore value='4520'/>
		<totalScore value='54878'/>
	</enemy>

	<scoreRatio value='1.88542'/>
	<timeFitness value='0.660139'/>
	<unitsAverage value='135'/>
</results>
