<results>
	<result value='win'/>
	<start value='2015-05-08.22:43:54'/>
	<end value='2015-05-08.22:44:21'/>
	<frames value='23748'/>
	<gameDuration value='1484'/>

	<player>
		<unitScore value='13175'/>
		<killScore value='15920'/>
		<buildingScore value='3325'/>
		<razingScore value='4560'/>
		<mineralScore value='19786'/>
		<gasScore value='1328'/>
		<totalScore value='58094'/>
	</player>

	<enemy>
		<race value='Zerg'/>
		<unitScore value='7700'/>
		<unitScore value='7700'/>
		<killScore value='8100'/>
		<buildingScore value='1520'/>
		<razingScore value='0'/>
		<mineralScore value='7858'/>
		<gasScore value='2360'/>
		<totalScore value='27538'/>
	</enemy>

	<scoreRatio value='2.10959'/>
	<timeFitness value='0.793889'/>
	<unitsAverage value='75'/>
</results>
