<results>
	<result value='win'/>
	<start value='2015-05-08.22:46:55'/>
	<end value='2015-05-08.22:47:32'/>
	<frames value='26569'/>
	<gameDuration value='1660'/>

	<player>
		<unitScore value='19275'/>
		<killScore value='21540'/>
		<buildingScore value='4075'/>
		<razingScore value='5040'/>
		<mineralScore value='26402'/>
		<gasScore value='1808'/>
		<totalScore value='78140'/>
	</player>

	<enemy>
		<race value='Zerg'/>
		<unitScore value='9575'/>
		<unitScore value='9575'/>
		<killScore value='17100'/>
		<buildingScore value='1680'/>
		<razingScore value='0'/>
		<mineralScore value='9802'/>
		<gasScore value='2952'/>
		<totalScore value='41109'/>
	</enemy>

	<scoreRatio value='1.9008'/>
	<timeFitness value='0.769444'/>
	<unitsAverage value='96'/>
</results>
