<results>
	<result value='win'/>
	<start value='2015-05-08.23:08:04'/>
	<end value='2015-05-08.23:08:53'/>
	<frames value='29080'/>
	<gameDuration value='1817'/>

	<player>
		<unitScore value='19325'/>
		<killScore value='29330'/>
		<buildingScore value='3575'/>
		<razingScore value='6495'/>
		<mineralScore value='28202'/>
		<gasScore value='1928'/>
		<totalScore value='88855'/>
	</player>

	<enemy>
		<race value='Zerg'/>
		<unitScore value='14075'/>
		<unitScore value='14075'/>
		<killScore value='14800'/>
		<buildingScore value='2165'/>
		<razingScore value='0'/>
		<mineralScore value='13710'/>
		<gasScore value='5056'/>
		<totalScore value='49806'/>
	</enemy>

	<scoreRatio value='1.78402'/>
	<timeFitness value='0.747639'/>
	<unitsAverage value='106'/>
</results>
