<results>
	<result value='win'/>
	<start value='2015-05-08.23:06:32'/>
	<end value='2015-05-08.23:07:15'/>
	<frames value='29731'/>
	<gameDuration value='1858'/>

	<player>
		<unitScore value='18750'/>
		<killScore value='37510'/>
		<buildingScore value='3425'/>
		<razingScore value='6180'/>
		<mineralScore value='25986'/>
		<gasScore value='2368'/>
		<totalScore value='94219'/>
	</player>

	<enemy>
		<race value='Zerg'/>
		<unitScore value='16125'/>
		<unitScore value='16125'/>
		<killScore value='16800'/>
		<buildingScore value='2060'/>
		<razingScore value='0'/>
		<mineralScore value='14646'/>
		<gasScore value='3832'/>
		<totalScore value='53463'/>
	</enemy>

	<scoreRatio value='1.76232'/>
	<timeFitness value='0.741944'/>
	<unitsAverage value='96'/>
</results>
