<results>
	<result value='win'/>
	<start value='2015-05-08.23:15:12'/>
	<end value='2015-05-08.23:15:58'/>
	<frames value='28088'/>
	<gameDuration value='1755'/>

	<player>
		<unitScore value='20625'/>
		<killScore value='28900'/>
		<buildingScore value='4250'/>
		<razingScore value='5940'/>
		<mineralScore value='28294'/>
		<gasScore value='1696'/>
		<totalScore value='89705'/>
	</player>

	<enemy>
		<race value='Zerg'/>
		<unitScore value='13075'/>
		<unitScore value='13075'/>
		<killScore value='17800'/>
		<buildingScore value='1980'/>
		<razingScore value='150'/>
		<mineralScore value='12070'/>
		<gasScore value='4016'/>
		<totalScore value='49091'/>
	</enemy>

	<scoreRatio value='1.82732'/>
	<timeFitness value='0.75625'/>
	<unitsAverage value='105'/>
</results>
