<results>
	<result value='loss'/>
	<start value='2015-07-19.18:23:43'/>
	<end value='2015-07-19.18:25:30'/>
	<frames value='51648'/>
	<gameDuration value='3228'/>

	<player>
		<unitScore value='27575'/>
		<killScore value='35125'/>
		<buildingScore value='4775'/>
		<razingScore value='195'/>
		<mineralScore value='38262'/>
		<gasScore value='2480'/>
		<totalScore value='108412'/>
	</player>

	<enemy>
		<race value='Zerg'/>
		<unitScore value='33850'/>
		<killScore value='55150'/>
		<buildingScore value='4225'/>
		<razingScore value='14325'/>
		<mineralScore value='24450'/>
		<gasScore value='14258'/>
		<totalScore value='146258'/>
	</enemy>

	<scoreRatio value='0.741238'/>
	<timeFitness value='0.448333'/>
	<unitsAverage value='86'/>
</results>
