<results>
	<result value='win'/>
	<start value='2014-07-05.15:36:09'/>
	<end value='2014-07-05.15:36:33'/>
	<frames value='26352'/>
	<gameDuration value='1647'/>

	<player>
		<unitScore value='15775'/>
		<killScore value='20950'/>
		<buildingScore value='4450'/>
		<razingScore value='5895'/>
		<mineralScore value='25030'/>
		<gasScore value='2016'/>
		<totalScore value='74116'/>
	</player>

	<enemy>
		<race value='Zerg'/>
		<unitScore value='9500'/>
		<unitScore value='9500'/>
		<killScore value='7850'/>
		<buildingScore value='1965'/>
		<razingScore value='0'/>
		<mineralScore value='9474'/>
		<gasScore value='2920'/>
		<totalScore value='31709'/>
	</enemy>

	<scoreRatio value='2.33738'/>
</results>
