<results>
	<result value='win'/>
	<start value='2015-05-03.16:49:11'/>
	<end value='2015-05-03.16:50:00'/>
	<frames value='34226'/>
	<gameDuration value='2139'/>

	<player>
		<unitScore value='24775'/>
		<killScore value='32755'/>
		<buildingScore value='4600'/>
		<razingScore value='5235'/>
		<mineralScore value='36558'/>
		<gasScore value='3152'/>
		<totalScore value='107075'/>
	</player>

	<enemy>
		<race value='Zerg'/>
		<unitScore value='14525'/>
		<unitScore value='14525'/>
		<killScore value='24800'/>
		<buildingScore value='1745'/>
		<razingScore value='0'/>
		<mineralScore value='12858'/>
		<gasScore value='3848'/>
		<totalScore value='57776'/>
	</enemy>

	<scoreRatio value='1.85328'/>
	<timeFitness value='0.702917'/>
	<unitsAverage value='132'/>
</results>
