<results>
	<result value='win'/>
	<start value='2015-05-17.02:49:26'/>
	<end value='2015-05-17.02:50:34'/>
	<frames value='33389'/>
	<gameDuration value='2086'/>

	<player>
		<unitScore value='23775'/>
		<killScore value='28185'/>
		<buildingScore value='4350'/>
		<razingScore value='9570'/>
		<mineralScore value='35066'/>
		<gasScore value='3224'/>
		<totalScore value='104170'/>
	</player>

	<enemy>
		<race value='Zerg'/>
		<unitScore value='12800'/>
		<unitScore value='12800'/>
		<killScore value='23200'/>
		<buildingScore value='3190'/>
		<razingScore value='2175'/>
		<mineralScore value='14018'/>
		<gasScore value='4224'/>
		<totalScore value='59607'/>
	</enemy>

	<scoreRatio value='1.74761'/>
	<timeFitness value='0.710278'/>
	<unitsAverage value='122'/>
</results>
