<results>
	<result value='win'/>
	<start value='2015-05-07.07:05:28'/>
	<end value='2015-05-07.07:06:01'/>
	<frames value='32676'/>
	<gameDuration value='2042'/>

	<player>
		<unitScore value='18500'/>
		<killScore value='22300'/>
		<buildingScore value='3700'/>
		<razingScore value='18375'/>
		<mineralScore value='23114'/>
		<gasScore value='2640'/>
		<totalScore value='88629'/>
	</player>

	<enemy>
		<race value='Protoss'/>
		<unitScore value='11600'/>
		<unitScore value='11600'/>
		<killScore value='18650'/>
		<buildingScore value='6125'/>
		<razingScore value='1500'/>
		<mineralScore value='17474'/>
		<gasScore value='4448'/>
		<totalScore value='59797'/>
	</enemy>

	<scoreRatio value='1.48216'/>
	<timeFitness value='0.716389'/>
	<unitsAverage value='88'/>
</results>
