<results>
	<result value='loss'/>
	<start value='2015-05-07.07:07:51'/>
	<end value='2015-05-07.07:08:01'/>
	<frames value='20989'/>
	<gameDuration value='1311'/>

	<player>
		<unitScore value='3425'/>
		<killScore value='2000'/>
		<buildingScore value='2000'/>
		<razingScore value='0'/>
		<mineralScore value='5546'/>
		<gasScore value='592'/>
		<totalScore value='13563'/>
	</player>

	<enemy>
		<race value='Protoss'/>
		<unitScore value='4850'/>
		<unitScore value='4850'/>
		<killScore value='6850'/>
		<buildingScore value='5925'/>
		<razingScore value='6000'/>
		<mineralScore value='12514'/>
		<gasScore value='2336'/>
		<totalScore value='38475'/>
	</enemy>

	<scoreRatio value='0.352515'/>
	<timeFitness value='0.182083'/>
	<unitsAverage value='23'/>
</results>
