<results>
	<result value='loss'/>
	<start value='2015-05-07.07:10:21'/>
	<end value='2015-05-07.07:10:41'/>
	<frames value='35187'/>
	<gameDuration value='2199'/>

	<player>
		<unitScore value='11550'/>
		<killScore value='6900'/>
		<buildingScore value='3025'/>
		<razingScore value='0'/>
		<mineralScore value='16494'/>
		<gasScore value='656'/>
		<totalScore value='38625'/>
	</player>

	<enemy>
		<race value='Protoss'/>
		<unitScore value='18800'/>
		<unitScore value='18800'/>
		<killScore value='23200'/>
		<buildingScore value='6975'/>
		<razingScore value='9075'/>
		<mineralScore value='22066'/>
		<gasScore value='8632'/>
		<totalScore value='88748'/>
	</enemy>

	<scoreRatio value='0.435221'/>
	<timeFitness value='0.305417'/>
	<unitsAverage value='38'/>
</results>
