<results>
	<result value='win'/>
	<start value='2015-05-07.07:12:23'/>
	<end value='2015-05-07.07:12:43'/>
	<frames value='22725'/>
	<gameDuration value='1420'/>

	<player>
		<unitScore value='13775'/>
		<killScore value='7800'/>
		<buildingScore value='3875'/>
		<razingScore value='9975'/>
		<mineralScore value='20022'/>
		<gasScore value='1328'/>
		<totalScore value='56775'/>
	</player>

	<enemy>
		<race value='Protoss'/>
		<unitScore value='3900'/>
		<unitScore value='3900'/>
		<killScore value='10450'/>
		<buildingScore value='3325'/>
		<razingScore value='0'/>
		<mineralScore value='11258'/>
		<gasScore value='944'/>
		<totalScore value='29877'/>
	</enemy>

	<scoreRatio value='1.90029'/>
	<timeFitness value='0.802778'/>
	<unitsAverage value='81'/>
</results>
