<results>
	<result value='win'/>
	<start value='2015-05-05.19:54:18'/>
	<end value='2015-05-05.19:54:39'/>
	<frames value='24864'/>
	<gameDuration value='1554'/>

	<player>
		<unitScore value='13925'/>
		<killScore value='18750'/>
		<buildingScore value='3825'/>
		<razingScore value='8025'/>
		<mineralScore value='20686'/>
		<gasScore value='1352'/>
		<totalScore value='66563'/>
	</player>

	<enemy>
		<race value='Terran'/>
		<unitScore value='9375'/>
		<unitScore value='9375'/>
		<killScore value='9050'/>
		<buildingScore value='2675'/>
		<razingScore value='0'/>
		<mineralScore value='11186'/>
		<gasScore value='3448'/>
		<totalScore value='35734'/>
	</enemy>

	<scoreRatio value='1.86274'/>
	<timeFitness value='0.784167'/>
	<unitsAverage value='76'/>
</results>
