<results>
	<result value='loss'/>
	<start value='2015-05-05.19:55:36'/>
	<end value='2015-05-05.19:55:46'/>
	<frames value='17982'/>
	<gameDuration value='1123'/>

	<player>
		<unitScore value='4600'/>
		<killScore value='1400'/>
		<buildingScore value='1400'/>
		<razingScore value='0'/>
		<mineralScore value='5658'/>
		<gasScore value='824'/>
		<totalScore value='13882'/>
	</player>

	<enemy>
		<race value='Terran'/>
		<unitScore value='6000'/>
		<unitScore value='6000'/>
		<killScore value='9200'/>
		<buildingScore value='2700'/>
		<razingScore value='4200'/>
		<mineralScore value='8282'/>
		<gasScore value='2840'/>
		<totalScore value='33222'/>
	</enemy>

	<scoreRatio value='0.417856'/>
	<timeFitness value='0.155972'/>
	<unitsAverage value='27'/>
</results>
