<results>
	<result value='loss'/>
	<start value='2015-05-05.19:57:19'/>
	<end value='2015-05-05.19:57:28'/>
	<frames value='18137'/>
	<gameDuration value='1133'/>

	<player>
		<unitScore value='3800'/>
		<killScore value='2700'/>
		<buildingScore value='1425'/>
		<razingScore value='0'/>
		<mineralScore value='5098'/>
		<gasScore value='784'/>
		<totalScore value='13807'/>
	</player>

	<enemy>
		<race value='Terran'/>
		<unitScore value='6950'/>
		<unitScore value='6950'/>
		<killScore value='7500'/>
		<buildingScore value='2700'/>
		<razingScore value='4275'/>
		<mineralScore value='8314'/>
		<gasScore value='2920'/>
		<totalScore value='32659'/>
	</enemy>

	<scoreRatio value='0.422762'/>
	<timeFitness value='0.157361'/>
	<unitsAverage value='23'/>
</results>
