<results>
	<result value='loss'/>
	<start value='2015-05-05.19:58:33'/>
	<end value='2015-05-05.19:58:42'/>
	<frames value='17920'/>
	<gameDuration value='1120'/>

	<player>
		<unitScore value='4150'/>
		<killScore value='1600'/>
		<buildingScore value='1600'/>
		<razingScore value='0'/>
		<mineralScore value='5626'/>
		<gasScore value='1080'/>
		<totalScore value='14056'/>
	</player>

	<enemy>
		<race value='Terran'/>
		<unitScore value='6750'/>
		<unitScore value='6750'/>
		<killScore value='6700'/>
		<buildingScore value='2700'/>
		<razingScore value='4800'/>
		<mineralScore value='8162'/>
		<gasScore value='2728'/>
		<totalScore value='31840'/>
	</enemy>

	<scoreRatio value='0.441457'/>
	<timeFitness value='0.155556'/>
	<unitsAverage value='27'/>
</results>
