<results>
	<result value='win'/>
	<start value='2015-05-05.22:11:29'/>
	<end value='2015-05-05.22:11:59'/>
	<frames value='29700'/>
	<gameDuration value='1856'/>

	<player>
		<unitScore value='15900'/>
		<killScore value='23100'/>
		<buildingScore value='4425'/>
		<razingScore value='6675'/>
		<mineralScore value='24050'/>
		<gasScore value='2352'/>
		<totalScore value='76502'/>
	</player>

	<enemy>
		<race value='Terran'/>
		<unitScore value='11550'/>
		<unitScore value='11550'/>
		<killScore value='14300'/>
		<buildingScore value='2225'/>
		<razingScore value='1350'/>
		<mineralScore value='12050'/>
		<gasScore value='4152'/>
		<totalScore value='45627'/>
	</enemy>

	<scoreRatio value='1.67668'/>
	<timeFitness value='0.742222'/>
	<unitsAverage value='81'/>
</results>
