<results>
	<result value='win'/>
	<start value='2015-05-05.22:22:51'/>
	<end value='2015-05-05.22:23:17'/>
	<frames value='25825'/>
	<gameDuration value='1614'/>

	<player>
		<unitScore value='14775'/>
		<killScore value='25800'/>
		<buildingScore value='4100'/>
		<razingScore value='8400'/>
		<mineralScore value='22622'/>
		<gasScore value='1872'/>
		<totalScore value='77569'/>
	</player>

	<enemy>
		<race value='Terran'/>
		<unitScore value='12900'/>
		<unitScore value='12900'/>
		<killScore value='12400'/>
		<buildingScore value='2800'/>
		<razingScore value='300'/>
		<mineralScore value='11318'/>
		<gasScore value='4120'/>
		<totalScore value='43838'/>
	</enemy>

	<scoreRatio value='1.76945'/>
	<timeFitness value='0.775833'/>
	<unitsAverage value='80'/>
</results>
