<results>
	<result value='win'/>
	<start value='2015-05-05.22:32:01'/>
	<end value='2015-05-05.22:32:16'/>
	<frames value='18571'/>
	<gameDuration value='1160'/>

	<player>
		<unitScore value='8575'/>
		<killScore value='11050'/>
		<buildingScore value='2625'/>
		<razingScore value='3975'/>
		<mineralScore value='13202'/>
		<gasScore value='1312'/>
		<totalScore value='40739'/>
	</player>

	<enemy>
		<race value='Terran'/>
		<unitScore value='5525'/>
		<unitScore value='5525'/>
		<killScore value='3250'/>
		<buildingScore value='1400'/>
		<razingScore value='0'/>
		<mineralScore value='7594'/>
		<gasScore value='1896'/>
		<totalScore value='19665'/>
	</enemy>

	<scoreRatio value='2.07165'/>
	<timeFitness value='0.838889'/>
	<unitsAverage value='61'/>
</results>
