<results>
	<result value='loss'/>
	<start value='2015-05-08.18:14:21'/>
	<end value='2015-05-08.18:14:36'/>
	<frames value='26383'/>
	<gameDuration value='1648'/>

	<player>
		<unitScore value='7875'/>
		<killScore value='8900'/>
		<buildingScore value='2900'/>
		<razingScore value='300'/>
		<mineralScore value='10946'/>
		<gasScore value='1152'/>
		<totalScore value='32073'/>
	</player>

	<enemy>
		<race value='Terran'/>
		<unitScore value='8500'/>
		<unitScore value='8500'/>
		<killScore value='15750'/>
		<buildingScore value='4375'/>
		<razingScore value='8700'/>
		<mineralScore value='12110'/>
		<gasScore value='5288'/>
		<totalScore value='54723'/>
	</enemy>

	<scoreRatio value='0.586097'/>
	<timeFitness value='0.228889'/>
	<unitsAverage value='36'/>
</results>
