<results>
	<result value='win'/>
	<start value='2015-05-08.18:27:17'/>
	<end value='2015-05-08.18:27:37'/>
	<frames value='24709'/>
	<gameDuration value='1544'/>

	<player>
		<unitScore value='12425'/>
		<killScore value='22300'/>
		<buildingScore value='3825'/>
		<razingScore value='8550'/>
		<mineralScore value='18118'/>
		<gasScore value='1808'/>
		<totalScore value='67026'/>
	</player>

	<enemy>
		<race value='Terran'/>
		<unitScore value='11150'/>
		<unitScore value='11150'/>
		<killScore value='6650'/>
		<buildingScore value='2850'/>
		<razingScore value='1725'/>
		<mineralScore value='10818'/>
		<gasScore value='4640'/>
		<totalScore value='37833'/>
	</enemy>

	<scoreRatio value='1.77163'/>
	<timeFitness value='0.785556'/>
	<unitsAverage value='71'/>
</results>
