<results>
	<result value='win'/>
	<start value='2015-05-08.18:27:41'/>
	<end value='2015-05-08.18:28:09'/>
	<frames value='34784'/>
	<gameDuration value='2174'/>

	<player>
		<unitScore value='15800'/>
		<killScore value='25600'/>
		<buildingScore value='4375'/>
		<razingScore value='11400'/>
		<mineralScore value='21762'/>
		<gasScore value='3752'/>
		<totalScore value='82689'/>
	</player>

	<enemy>
		<race value='Terran'/>
		<unitScore value='13100'/>
		<unitScore value='13100'/>
		<killScore value='16750'/>
		<buildingScore value='3800'/>
		<razingScore value='3750'/>
		<mineralScore value='12482'/>
		<gasScore value='5028'/>
		<totalScore value='54910'/>
	</enemy>

	<scoreRatio value='1.5059'/>
	<timeFitness value='0.698056'/>
	<unitsAverage value='71'/>
</results>
