<results>
	<result value='draw'/>
	<start value='2015-07-14.04:04:43'/>
	<end value='2015-07-14.04:05:49'/>
	<frames value='57601'/>
	<gameDuration value='3600'/>

	<player>
		<unitScore value='32625'/>
		<killScore value='29350'/>
		<buildingScore value='3125'/>
		<razingScore value='300'/>
		<mineralScore value='32338'/>
		<gasScore value='5104'/>
		<totalScore value='102842'/>
	</player>

	<enemy>
		<race value='Protoss'/>
		<unitScore value='33425'/>
		<killScore value='55850'/>
		<buildingScore value='7075'/>
		<razingScore value='2700'/>
		<mineralScore value='30542'/>
		<gasScore value='14598'/>
		<totalScore value='144190'/>
	</enemy>

	<scoreRatio value='0.713239'/>
	<timeFitness value='0.5'/>
	<unitsAverage value='96'/>
</results>
