<results>
	<result value='loss'/>
	<start value='2015-07-14.04:16:06'/>
	<end value='2015-07-14.04:16:14'/>
	<frames value='18075'/>
	<gameDuration value='1129'/>

	<player>
		<unitScore value='5375'/>
		<killScore value='1800'/>
		<buildingScore value='1575'/>
		<razingScore value='0'/>
		<mineralScore value='6082'/>
		<gasScore value='976'/>
		<totalScore value='15808'/>
	</player>

	<enemy>
		<race value='Protoss'/>
		<unitScore value='3850'/>
		<killScore value='10750'/>
		<buildingScore value='3825'/>
		<razingScore value='4725'/>
		<mineralScore value='9722'/>
		<gasScore value='1632'/>
		<totalScore value='34504'/>
	</enemy>

	<scoreRatio value='0.45815'/>
	<timeFitness value='0.156806'/>
	<unitsAverage value='23'/>
</results>
