<results>
	<result value='loss'/>
	<start value='2015-04-08.18:32:01'/>
	<end value='2015-04-08.18:32:45'/>
	<frames value='48238'/>
	<gameDuration value='3014'/>

	<player>
		<unitScore value='23400'/>
		<killScore value='32400'/>
		<buildingScore value='3050'/>
		<razingScore value='3600'/>
		<mineralScore value='25290'/>
		<gasScore value='3360'/>
		<totalScore value='91100'/>
	</player>

	<enemy>
		<race value='Protoss'/>
		<unitScore value='26375'/>
		<unitScore value='26375'/>
		<killScore value='46550'/>
		<buildingScore value='7775'/>
		<razingScore value='9150'/>
		<mineralScore value='27938'/>
		<gasScore value='9796'/>
		<totalScore value='127584'/>
	</enemy>

	<scoreRatio value='0.714039'/>
</results>
