<results>
	<result value='loss'/>
	<start value='2015-07-13.06:40:11'/>
	<end value='2015-07-13.06:40:42'/>
	<frames value='34753'/>
	<gameDuration value='2172'/>

	<player>
		<unitScore value='21925'/>
		<killScore value='11200'/>
		<buildingScore value='3000'/>
		<razingScore value='600'/>
		<mineralScore value='19874'/>
		<gasScore value='3608'/>
		<totalScore value='60207'/>
	</player>

	<enemy>
		<race value='Protoss'/>
		<unitScore value='18725'/>
		<killScore value='39950'/>
		<buildingScore value='6875'/>
		<razingScore value='9000'/>
		<mineralScore value='22162'/>
		<gasScore value='7566'/>
		<totalScore value='104278'/>
	</enemy>

	<scoreRatio value='0.57737'/>
	<timeFitness value='0.301667'/>
	<unitsAverage value='73'/>
</results>
