<results>
	<result value='win'/>
	<start value='2015-07-11.18:31:33'/>
	<end value='2015-07-11.18:32:01'/>
	<frames value='27189'/>
	<gameDuration value='1699'/>

	<player>
		<unitScore value='19825'/>
		<killScore value='20000'/>
		<buildingScore value='3650'/>
		<razingScore value='8400'/>
		<mineralScore value='27018'/>
		<gasScore value='3064'/>
		<totalScore value='81957'/>
	</player>

	<enemy>
		<race value='Terran'/>
		<unitScore value='10600'/>
		<killScore value='17250'/>
		<buildingScore value='2800'/>
		<razingScore value='225'/>
		<mineralScore value='10162'/>
		<gasScore value='4080'/>
		<totalScore value='45117'/>
	</enemy>

	<scoreRatio value='1.81654'/>
	<timeFitness value='0.764028'/>
	<unitsAverage value='94'/>
</results>
