<results>
	<result value='loss'/>
	<start value='2015-05-10.12:48:20'/>
	<end value='2015-05-10.12:48:22'/>
	<frames value='5006'/>
	<gameDuration value='312'/>

	<player>
		<unitScore value='200'/>
		<killScore value='0'/>
		<buildingScore value='450'/>
		<razingScore value='0'/>
		<mineralScore value='674'/>
		<gasScore value='104'/>
		<totalScore value='1428'/>
	</player>

	<enemy>
		<race value='Zerg'/>
		<unitScore value='1200'/>
		<unitScore value='1200'/>
		<killScore value='0'/>
		<buildingScore value='820'/>
		<razingScore value='0'/>
		<mineralScore value='1890'/>
		<gasScore value='72'/>
		<totalScore value='3982'/>
	</enemy>

	<scoreRatio value='0.358614'/>
	<timeFitness value='0.0433333'/>
	<unitsAverage value='5'/>
</results>
