<results>
	<result value='win'/>
	<start value='2015-05-10.12:40:56'/>
	<end value='2015-05-10.12:41:53'/>
	<frames value='32583'/>
	<gameDuration value='2036'/>

	<player>
		<unitScore value='20600'/>
		<killScore value='28575'/>
		<buildingScore value='4200'/>
		<razingScore value='6360'/>
		<mineralScore value='25118'/>
		<gasScore value='2168'/>
		<totalScore value='87021'/>
	</player>

	<enemy>
		<race value='Zerg'/>
		<unitScore value='13200'/>
		<unitScore value='13200'/>
		<killScore value='19500'/>
		<buildingScore value='2120'/>
		<razingScore value='0'/>
		<mineralScore value='11866'/>
		<gasScore value='4120'/>
		<totalScore value='50806'/>
	</enemy>

	<scoreRatio value='1.71281'/>
	<timeFitness value='0.717222'/>
	<unitsAverage value='103'/>
</results>
