<results>
	<result value='loss'/>
	<start value='2015-07-19.09:46:32'/>
	<end value='2015-07-19.09:46:36'/>
	<frames value='8899'/>
	<gameDuration value='556'/>

	<player>
		<unitScore value='1200'/>
		<killScore value='50'/>
		<buildingScore value='700'/>
		<razingScore value='0'/>
		<mineralScore value='1650'/>
		<gasScore value='112'/>
		<totalScore value='3712'/>
	</player>

	<enemy>
		<race value='Zerg'/>
		<unitScore value='1550'/>
		<killScore value='2300'/>
		<buildingScore value='900'/>
		<razingScore value='2100'/>
		<mineralScore value='2610'/>
		<gasScore value='152'/>
		<totalScore value='9612'/>
	</enemy>

	<scoreRatio value='0.386184'/>
	<timeFitness value='0.0772222'/>
	<unitsAverage value='10'/>
</results>
