<results>
	<result value='loss'/>
	<start value='2015-04-10.16:46:30'/>
	<end value='2015-04-10.16:46:41'/>
	<frames value='13363'/>
	<gameDuration value='835'/>

	<player>
		<unitScore value='2825'/>
		<killScore value='400'/>
		<buildingScore value='1500'/>
		<razingScore value='0'/>
		<mineralScore value='4258'/>
		<gasScore value='648'/>
		<totalScore value='9631'/>
	</player>

	<enemy>
		<race value='Protoss'/>
		<unitScore value='3550'/>
		<unitScore value='3550'/>
		<killScore value='5650'/>
		<buildingScore value='2275'/>
		<razingScore value='4500'/>
		<mineralScore value='6634'/>
		<gasScore value='1184'/>
		<totalScore value='23793'/>
	</enemy>

	<scoreRatio value='0.404783'/>
</results>
