<results>
	<result value='loss'/>
	<start value='2015-04-10.16:46:45'/>
	<end value='2015-04-10.16:46:54'/>
	<frames value='11937'/>
	<gameDuration value='746'/>

	<player>
		<unitScore value='1175'/>
		<killScore value='300'/>
		<buildingScore value='1050'/>
		<razingScore value='0'/>
		<mineralScore value='2306'/>
		<gasScore value='784'/>
		<totalScore value='5615'/>
	</player>

	<enemy>
		<race value='Protoss'/>
		<unitScore value='3500'/>
		<unitScore value='3500'/>
		<killScore value='2350'/>
		<buildingScore value='1425'/>
		<razingScore value='3150'/>
		<mineralScore value='5978'/>
		<gasScore value='1104'/>
		<totalScore value='17507'/>
	</enemy>

	<scoreRatio value='0.320729'/>
</results>
