<results>
	<result value='draw'/>
	<start value='2015-07-20.22:05:41'/>
	<end value='2015-07-20.22:07:31'/>
	<frames value='57601'/>
	<gameDuration value='3600'/>

	<player>
		<unitScore value='34875'/>
		<killScore value='33425'/>
		<buildingScore value='4400'/>
		<razingScore value='1800'/>
		<mineralScore value='33722'/>
		<gasScore value='4688'/>
		<totalScore value='112910'/>
	</player>

	<enemy>
		<race value='Zerg'/>
		<unitScore value='30750'/>
		<killScore value='49150'/>
		<buildingScore value='4735'/>
		<razingScore value='4575'/>
		<mineralScore value='28962'/>
		<gasScore value='10952'/>
		<totalScore value='129124'/>
	</enemy>

	<scoreRatio value='0.874431'/>
	<timeFitness value='0.5'/>
	<unitsAverage value='127'/>
</results>
