<results>
	<result value='loss'/>
	<start value='2015-04-27.05:46:24'/>
	<end value='2015-04-27.05:46:34'/>
	<frames value='18354'/>
	<gameDuration value='1147'/>

	<player>
		<unitScore value='4200'/>
		<killScore value='700'/>
		<buildingScore value='1950'/>
		<razingScore value='0'/>
		<mineralScore value='6306'/>
		<gasScore value='0'/>
		<totalScore value='13156'/>
	</player>

	<enemy>
		<race value='Terran'/>
		<unitScore value='6150'/>
		<unitScore value='6150'/>
		<killScore value='8400'/>
		<buildingScore value='2625'/>
		<razingScore value='5850'/>
		<mineralScore value='8522'/>
		<gasScore value='2736'/>
		<totalScore value='34283'/>
	</enemy>

	<scoreRatio value='0.383747'/>
</results>
