<results>
	<result value='win'/>
	<start value='2015-04-27.06:01:53'/>
	<end value='2015-04-27.06:02:16'/>
	<frames value='25546'/>
	<gameDuration value='1596'/>

	<player>
		<unitScore value='12225'/>
		<killScore value='21750'/>
		<buildingScore value='3725'/>
		<razingScore value='8625'/>
		<mineralScore value='20850'/>
		<gasScore value='2152'/>
		<totalScore value='69327'/>
	</player>

	<enemy>
		<race value='Terran'/>
		<unitScore value='10875'/>
		<unitScore value='10875'/>
		<killScore value='7000'/>
		<buildingScore value='2875'/>
		<razingScore value='1200'/>
		<mineralScore value='10418'/>
		<gasScore value='3952'/>
		<totalScore value='36320'/>
	</enemy>

	<scoreRatio value='1.90878'/>
</results>
