<results>
	<result value='loss'/>
	<start value='2015-04-27.06:06:29'/>
	<end value='2015-04-27.06:06:41'/>
	<frames value='20679'/>
	<gameDuration value='1292'/>

	<player>
		<unitScore value='5400'/>
		<killScore value='2400'/>
		<buildingScore value='1725'/>
		<razingScore value='0'/>
		<mineralScore value='7338'/>
		<gasScore value='784'/>
		<totalScore value='17647'/>
	</player>

	<enemy>
		<race value='Terran'/>
		<unitScore value='8300'/>
		<unitScore value='8300'/>
		<killScore value='9200'/>
		<buildingScore value='3125'/>
		<razingScore value='5175'/>
		<mineralScore value='9698'/>
		<gasScore value='3936'/>
		<totalScore value='39434'/>
	</enemy>

	<scoreRatio value='0.447507'/>
</results>
