<results>
	<result value='loss'/>
	<start value='2015-04-27.06:14:03'/>
	<end value='2015-04-27.06:14:12'/>
	<frames value='17610'/>
	<gameDuration value='1100'/>

	<player>
		<unitScore value='3375'/>
		<killScore value='1950'/>
		<buildingScore value='1900'/>
		<razingScore value='0'/>
		<mineralScore value='5354'/>
		<gasScore value='808'/>
		<totalScore value='13387'/>
	</player>

	<enemy>
		<race value='Terran'/>
		<unitScore value='6450'/>
		<unitScore value='6450'/>
		<killScore value='6750'/>
		<buildingScore value='2700'/>
		<razingScore value='5700'/>
		<mineralScore value='8130'/>
		<gasScore value='2728'/>
		<totalScore value='32458'/>
	</enemy>

	<scoreRatio value='0.412441'/>
</results>
