<results>
	<result value='draw'/>
	<start value='2015-04-27.06:17:42'/>
	<end value='2015-04-27.06:19:00'/>
	<frames value='57601'/>
	<gameDuration value='3600'/>

	<player>
		<unitScore value='28775'/>
		<killScore value='27200'/>
		<buildingScore value='3400'/>
		<razingScore value='6225'/>
		<mineralScore value='28042'/>
		<gasScore value='5210'/>
		<totalScore value='98852'/>
	</player>

	<enemy>
		<race value='Terran'/>
		<unitScore value='14200'/>
		<unitScore value='14200'/>
		<killScore value='35300'/>
		<buildingScore value='3100'/>
		<razingScore value='2925'/>
		<mineralScore value='12106'/>
		<gasScore value='6078'/>
		<totalScore value='73709'/>
	</enemy>

	<scoreRatio value='1.34111'/>
</results>
