<results>
	<result value='loss'/>
	<start value='2015-04-27.06:23:08'/>
	<end value='2015-04-27.06:23:25'/>
	<frames value='24027'/>
	<gameDuration value='1501'/>

	<player>
		<unitScore value='8450'/>
		<killScore value='3650'/>
		<buildingScore value='2100'/>
		<razingScore value='0'/>
		<mineralScore value='9802'/>
		<gasScore value='1544'/>
		<totalScore value='25546'/>
	</player>

	<enemy>
		<race value='Terran'/>
		<unitScore value='10075'/>
		<unitScore value='10075'/>
		<killScore value='14100'/>
		<buildingScore value='3950'/>
		<razingScore value='6300'/>
		<mineralScore value='11954'/>
		<gasScore value='5224'/>
		<totalScore value='51603'/>
	</enemy>

	<scoreRatio value='0.495049'/>
</results>
