<results>
	<result value='win'/>
	<start value='2015-05-11.15:04:35'/>
	<end value='2015-05-11.15:04:54'/>
	<frames value='25515'/>
	<gameDuration value='1594'/>

	<player>
		<unitScore value='13550'/>
		<killScore value='16190'/>
		<buildingScore value='3850'/>
		<razingScore value='5820'/>
		<mineralScore value='20002'/>
		<gasScore value='2112'/>
		<totalScore value='61524'/>
	</player>

	<enemy>
		<race value='Zerg'/>
		<unitScore value='8250'/>
		<unitScore value='8250'/>
		<killScore value='10300'/>
		<buildingScore value='1940'/>
		<razingScore value='0'/>
		<mineralScore value='8818'/>
		<gasScore value='2136'/>
		<totalScore value='31444'/>
	</enemy>

	<scoreRatio value='1.95662'/>
	<timeFitness value='0.778611'/>
	<unitsAverage value='71'/>
</results>
