<results>
	<result value='win'/>
	<start value='2015-05-11.15:16:03'/>
	<end value='2015-05-11.15:16:27'/>
	<frames value='25918'/>
	<gameDuration value='1619'/>

	<player>
		<unitScore value='15800'/>
		<killScore value='23260'/>
		<buildingScore value='4750'/>
		<razingScore value='6600'/>
		<mineralScore value='21834'/>
		<gasScore value='2352'/>
		<totalScore value='74596'/>
	</player>

	<enemy>
		<race value='Zerg'/>
		<unitScore value='10475'/>
		<unitScore value='10475'/>
		<killScore value='14450'/>
		<buildingScore value='2200'/>
		<razingScore value='0'/>
		<mineralScore value='10586'/>
		<gasScore value='3104'/>
		<totalScore value='40815'/>
	</enemy>

	<scoreRatio value='1.82766'/>
	<timeFitness value='0.775139'/>
	<unitsAverage value='87'/>
</results>
