<results>
	<result value='loss'/>
	<start value='2015-04-12.23:26:37'/>
	<end value='2015-04-12.23:26:45'/>
	<frames value='16184'/>
	<gameDuration value='1011'/>

	<player>
		<unitScore value='2775'/>
		<killScore value='800'/>
		<buildingScore value='1950'/>
		<razingScore value='0'/>
		<mineralScore value='4866'/>
		<gasScore value='624'/>
		<totalScore value='11015'/>
	</player>

	<enemy>
		<race value='Protoss'/>
		<unitScore value='3600'/>
		<unitScore value='3600'/>
		<killScore value='5400'/>
		<buildingScore value='3625'/>
		<razingScore value='5850'/>
		<mineralScore value='8458'/>
		<gasScore value='1624'/>
		<totalScore value='28557'/>
	</enemy>

	<scoreRatio value='0.38572'/>
</results>
