<results>
	<result value='loss'/>
	<start value='2015-04-11.14:12:23'/>
	<end value='2015-04-11.14:12:37'/>
	<frames value='15192'/>
	<gameDuration value='949'/>

	<player>
		<unitScore value='3250'/>
		<killScore value='600'/>
		<buildingScore value='1575'/>
		<razingScore value='0'/>
		<mineralScore value='4754'/>
		<gasScore value='792'/>
		<totalScore value='10971'/>
	</player>

	<enemy>
		<race value='Protoss'/>
		<unitScore value='3550'/>
		<unitScore value='3550'/>
		<killScore value='4900'/>
		<buildingScore value='3025'/>
		<razingScore value='4725'/>
		<mineralScore value='7938'/>
		<gasScore value='1448'/>
		<totalScore value='25586'/>
	</enemy>

	<scoreRatio value='0.428789'/>
</results>
