<results>
	<result value='loss'/>
	<start value='2015-04-25.03:08:57'/>
	<end value='2015-04-25.03:09:09'/>
	<frames value='21702'/>
	<gameDuration value='1356'/>

	<player>
		<unitScore value='6525'/>
		<killScore value='2850'/>
		<buildingScore value='2350'/>
		<razingScore value='0'/>
		<mineralScore value='9178'/>
		<gasScore value='1120'/>
		<totalScore value='22023'/>
	</player>

	<enemy>
		<race value='Terran'/>
		<unitScore value='8500'/>
		<unitScore value='8500'/>
		<killScore value='11950'/>
		<buildingScore value='3200'/>
		<razingScore value='7050'/>
		<mineralScore value='10458'/>
		<gasScore value='4112'/>
		<totalScore value='45270'/>
	</enemy>

	<scoreRatio value='0.486481'/>
</results>
