<results>
	<result value='win'/>
	<start value='2015-05-11.17:56:36'/>
	<end value='2015-05-11.17:57:03'/>
	<frames value='27096'/>
	<gameDuration value='1693'/>

	<player>
		<unitScore value='19725'/>
		<killScore value='25405'/>
		<buildingScore value='3925'/>
		<razingScore value='4680'/>
		<mineralScore value='22786'/>
		<gasScore value='1744'/>
		<totalScore value='78265'/>
	</player>

	<enemy>
		<race value='Zerg'/>
		<unitScore value='11975'/>
		<unitScore value='11975'/>
		<killScore value='21950'/>
		<buildingScore value='1560'/>
		<razingScore value='0'/>
		<mineralScore value='10266'/>
		<gasScore value='3464'/>
		<totalScore value='49215'/>
	</enemy>

	<scoreRatio value='1.59027'/>
	<timeFitness value='0.764861'/>
	<unitsAverage value='81'/>
</results>
