<results>
	<result value='win'/>
	<start value='2015-05-11.18:04:56'/>
	<end value='2015-05-11.18:05:20'/>
	<frames value='24461'/>
	<gameDuration value='1528'/>

	<player>
		<unitScore value='15175'/>
		<killScore value='20850'/>
		<buildingScore value='3925'/>
		<razingScore value='4560'/>
		<mineralScore value='22658'/>
		<gasScore value='2376'/>
		<totalScore value='69544'/>
	</player>

	<enemy>
		<race value='Zerg'/>
		<unitScore value='9450'/>
		<unitScore value='9450'/>
		<killScore value='12700'/>
		<buildingScore value='1520'/>
		<razingScore value='0'/>
		<mineralScore value='9242'/>
		<gasScore value='2640'/>
		<totalScore value='35552'/>
	</enemy>

	<scoreRatio value='1.95612'/>
	<timeFitness value='0.787778'/>
	<unitsAverage value='82'/>
</results>
