<results>
	<result value='win'/>
	<start value='2015-05-11.18:04:34'/>
	<end value='2015-05-11.18:04:53'/>
	<frames value='21609'/>
	<gameDuration value='1350'/>

	<player>
		<unitScore value='10900'/>
		<killScore value='14390'/>
		<buildingScore value='3225'/>
		<razingScore value='5040'/>
		<mineralScore value='18378'/>
		<gasScore value='1416'/>
		<totalScore value='53349'/>
	</player>

	<enemy>
		<race value='Zerg'/>
		<unitScore value='6875'/>
		<unitScore value='6875'/>
		<killScore value='7400'/>
		<buildingScore value='1680'/>
		<razingScore value='0'/>
		<mineralScore value='7738'/>
		<gasScore value='2232'/>
		<totalScore value='25925'/>
	</enemy>

	<scoreRatio value='2.05782'/>
	<timeFitness value='0.8125'/>
	<unitsAverage value='72'/>
</results>
