<results>
	<result value='win'/>
	<start value='2015-05-11.18:10:48'/>
	<end value='2015-05-11.18:11:42'/>
	<frames value='34443'/>
	<gameDuration value='2152'/>

	<player>
		<unitScore value='21025'/>
		<killScore value='26010'/>
		<buildingScore value='5150'/>
		<razingScore value='6615'/>
		<mineralScore value='34930'/>
		<gasScore value='2808'/>
		<totalScore value='96538'/>
	</player>

	<enemy>
		<race value='Zerg'/>
		<unitScore value='12100'/>
		<unitScore value='12100'/>
		<killScore value='17700'/>
		<buildingScore value='2205'/>
		<razingScore value='0'/>
		<mineralScore value='12082'/>
		<gasScore value='4024'/>
		<totalScore value='48111'/>
	</enemy>

	<scoreRatio value='2.00657'/>
	<timeFitness value='0.701111'/>
	<unitsAverage value='123'/>
</results>
