<results>
	<result value='loss'/>
	<start value='2015-07-14.01:02:29'/>
	<end value='2015-07-14.01:02:38'/>
	<frames value='17827'/>
	<gameDuration value='1114'/>

	<player>
		<unitScore value='3650'/>
		<killScore value='1600'/>
		<buildingScore value='1625'/>
		<razingScore value='0'/>
		<mineralScore value='4938'/>
		<gasScore value='456'/>
		<totalScore value='12269'/>
	</player>

	<enemy>
		<race value='Protoss'/>
		<unitScore value='4150'/>
		<killScore value='7300'/>
		<buildingScore value='4175'/>
		<razingScore value='4875'/>
		<mineralScore value='9682'/>
		<gasScore value='1944'/>
		<totalScore value='32126'/>
	</enemy>

	<scoreRatio value='0.381903'/>
	<timeFitness value='0.154722'/>
	<unitsAverage value='20'/>
</results>
