<results>
	<result value='loss'/>
	<start value='2015-07-14.01:07:13'/>
	<end value='2015-07-14.01:08:23'/>
	<frames value='43588'/>
	<gameDuration value='2724'/>

	<player>
		<unitScore value='31850'/>
		<killScore value='13600'/>
		<buildingScore value='4950'/>
		<razingScore value='0'/>
		<mineralScore value='31486'/>
		<gasScore value='4752'/>
		<totalScore value='86638'/>
	</player>

	<enemy>
		<race value='Protoss'/>
		<unitScore value='28970'/>
		<killScore value='63200'/>
		<buildingScore value='8100'/>
		<razingScore value='14850'/>
		<mineralScore value='29258'/>
		<gasScore value='10616'/>
		<totalScore value='154994'/>
	</enemy>

	<scoreRatio value='0.558976'/>
	<timeFitness value='0.378333'/>
	<unitsAverage value='87'/>
</results>
