<results>
	<result value='loss'/>
	<start value='2015-07-14.01:24:47'/>
	<end value='2015-07-14.01:25:17'/>
	<frames value='36210'/>
	<gameDuration value='2263'/>

	<player>
		<unitScore value='20250'/>
		<killScore value='15700'/>
		<buildingScore value='2650'/>
		<razingScore value='0'/>
		<mineralScore value='19702'/>
		<gasScore value='3400'/>
		<totalScore value='61702'/>
	</player>

	<enemy>
		<race value='Protoss'/>
		<unitScore value='22150'/>
		<killScore value='38100'/>
		<buildingScore value='6875'/>
		<razingScore value='7950'/>
		<mineralScore value='25066'/>
		<gasScore value='7960'/>
		<totalScore value='108101'/>
	</enemy>

	<scoreRatio value='0.570781'/>
	<timeFitness value='0.314306'/>
	<unitsAverage value='57'/>
</results>
