<results>
	<result value='win'/>
	<start value='2015-04-13.04:48:49'/>
	<end value='2015-04-13.04:50:17'/>
	<frames value='37574'/>
	<gameDuration value='2348'/>

	<player>
		<unitScore value='23050'/>
		<killScore value='34200'/>
		<buildingScore value='4025'/>
		<razingScore value='18225'/>
		<mineralScore value='31606'/>
		<gasScore value='4520'/>
		<totalScore value='115626'/>
	</player>

	<enemy>
		<race value='Protoss'/>
		<unitScore value='18950'/>
		<unitScore value='18950'/>
		<killScore value='22500'/>
		<buildingScore value='6075'/>
		<razingScore value='150'/>
		<mineralScore value='18090'/>
		<gasScore value='5650'/>
		<totalScore value='71415'/>
	</enemy>

	<scoreRatio value='1.61907'/>
</results>
