<results>
	<result value='win'/>
	<start value='2014-07-01.02:23:30'/>
	<end value='2014-07-01.02:23:56'/>
	<frames value='31033'/>
	<gameDuration value='1939'/>

	<player>
		<unitScore value='17800'/>
		<killScore value='15800'/>
		<buildingScore value='3050'/>
		<razingScore value='15375'/>
		<mineralScore value='21674'/>
		<gasScore value='2224'/>
		<totalScore value='75923'/>
	</player>

	<enemy>
		<race value='Protoss'/>
		<unitScore value='8250'/>
		<unitScore value='8250'/>
		<killScore value='17400'/>
		<buildingScore value='5125'/>
		<razingScore value='450'/>
		<mineralScore value='14626'/>
		<gasScore value='3336'/>
		<totalScore value='49187'/>
	</enemy>

	<scoreRatio value='1.54356'/>
</results>
