<results>
	<result value='loss'/>
	<start value='2014-07-01.02:33:29'/>
	<end value='2014-07-01.02:34:14'/>
	<frames value='56205'/>
	<gameDuration value='3512'/>

	<player>
		<unitScore value='25875'/>
		<killScore value='68300'/>
		<buildingScore value='2225'/>
		<razingScore value='0'/>
		<mineralScore value='23994'/>
		<gasScore value='5002'/>
		<totalScore value='125396'/>
	</player>

	<enemy>
		<race value='Protoss'/>
		<unitScore value='48925'/>
		<unitScore value='48925'/>
		<killScore value='51750'/>
		<buildingScore value='7175'/>
		<razingScore value='6675'/>
		<mineralScore value='37622'/>
		<gasScore value='15212'/>
		<totalScore value='167359'/>
	</enemy>

	<scoreRatio value='0.749264'/>
</results>
