<results>
	<result value='win'/>
	<start value='2014-07-01.02:34:30'/>
	<end value='2014-07-01.02:35:15'/>
	<frames value='49788'/>
	<gameDuration value='3111'/>

	<player>
		<unitScore value='22850'/>
		<killScore value='41050'/>
		<buildingScore value='2625'/>
		<razingScore value='22425'/>
		<mineralScore value='25002'/>
		<gasScore value='4978'/>
		<totalScore value='118930'/>
	</player>

	<enemy>
		<race value='Protoss'/>
		<unitScore value='21675'/>
		<unitScore value='21675'/>
		<killScore value='33400'/>
		<buildingScore value='7475'/>
		<razingScore value='1200'/>
		<mineralScore value='27878'/>
		<gasScore value='8024'/>
		<totalScore value='99652'/>
	</enemy>

	<scoreRatio value='1.19345'/>
</results>
