<results>
	<result value='loss'/>
	<start value='2015-04-28.19:58:31'/>
	<end value='2015-04-28.19:58:37'/>
	<frames value='11286'/>
	<gameDuration value='705'/>

	<player>
		<unitScore value='900'/>
		<killScore value='200'/>
		<buildingScore value='675'/>
		<razingScore value='0'/>
		<mineralScore value='1362'/>
		<gasScore value='0'/>
		<totalScore value='3137'/>
	</player>

	<enemy>
		<race value='Zerg'/>
		<unitScore value='2825'/>
		<unitScore value='2825'/>
		<killScore value='1800'/>
		<buildingScore value='1220'/>
		<razingScore value='2025'/>
		<mineralScore value='3754'/>
		<gasScore value='624'/>
		<totalScore value='12248'/>
	</enemy>

	<scoreRatio value='0.256123'/>
</results>
