<results>
	<result value='win'/>
	<start value='2015-03-29.03:01:23'/>
	<end value='2015-03-29.03:01:59'/>
	<frames value='25391'/>
	<gameDuration value='1586'/>

	<player>
		<unitScore value='13700'/>
		<killScore value='6900'/>
		<buildingScore value='3475'/>
		<razingScore value='10950'/>
		<mineralScore value='24590'/>
		<gasScore value='2896'/>
		<totalScore value='62511'/>
	</player>

	<enemy>
		<race value='Protoss'/>
		<unitScore value='3450'/>
		<unitScore value='3450'/>
		<killScore value='7300'/>
		<buildingScore value='3650'/>
		<razingScore value='0'/>
		<mineralScore value='13730'/>
		<gasScore value='936'/>
		<totalScore value='29066'/>
	</enemy>

	<scoreRatio value='2.15066'/>
</results>
