<results>
	<result value='win'/>
	<start value='2015-04-15.00:02:10'/>
	<end value='2015-04-15.00:03:05'/>
	<frames value='29483'/>
	<gameDuration value='1842'/>

	<player>
		<unitScore value='16800'/>
		<killScore value='12400'/>
		<buildingScore value='3875'/>
		<razingScore value='16800'/>
		<mineralScore value='23730'/>
		<gasScore value='2704'/>
		<totalScore value='76309'/>
	</player>

	<enemy>
		<race value='Protoss'/>
		<unitScore value='6200'/>
		<unitScore value='6200'/>
		<killScore value='13100'/>
		<buildingScore value='5600'/>
		<razingScore value='150'/>
		<mineralScore value='15394'/>
		<gasScore value='3040'/>
		<totalScore value='43484'/>
	</enemy>

	<scoreRatio value='1.75488'/>
</results>
