<results>
	<result value='win'/>
	<start value='2015-05-05.20:28:27'/>
	<end value='2015-05-05.20:29:10'/>
	<frames value='38783'/>
	<gameDuration value='2423'/>

	<player>
		<unitScore value='22675'/>
		<killScore value='35950'/>
		<buildingScore value='2775'/>
		<razingScore value='21225'/>
		<mineralScore value='25146'/>
		<gasScore value='4176'/>
		<totalScore value='111947'/>
	</player>

	<enemy>
		<race value='Protoss'/>
		<unitScore value='18425'/>
		<unitScore value='18425'/>
		<killScore value='29500'/>
		<buildingScore value='7075'/>
		<razingScore value='0'/>
		<mineralScore value='22958'/>
		<gasScore value='4528'/>
		<totalScore value='82486'/>
	</enemy>

	<scoreRatio value='1.35716'/>
	<timeFitness value='0.663472'/>
	<unitsAverage value='108'/>
</results>
