<results>
	<result value='loss'/>
	<start value='2015-05-05.20:33:58'/>
	<end value='2015-05-05.20:34:44'/>
	<frames value='52330'/>
	<gameDuration value='3270'/>

	<player>
		<unitScore value='22350'/>
		<killScore value='40600'/>
		<buildingScore value='2475'/>
		<razingScore value='7200'/>
		<mineralScore value='24346'/>
		<gasScore value='4200'/>
		<totalScore value='101171'/>
	</player>

	<enemy>
		<race value='Protoss'/>
		<unitScore value='26400'/>
		<unitScore value='26400'/>
		<killScore value='44700'/>
		<buildingScore value='8825'/>
		<razingScore value='7425'/>
		<mineralScore value='28786'/>
		<gasScore value='11324'/>
		<totalScore value='127460'/>
	</enemy>

	<scoreRatio value='0.793747'/>
	<timeFitness value='0.454167'/>
	<unitsAverage value='72'/>
</results>
