<results>
	<result value='draw'/>
	<start value='2015-07-13.14:35:02'/>
	<end value='2015-07-13.14:36:05'/>
	<frames value='57601'/>
	<gameDuration value='3600'/>

	<player>
		<unitScore value='31500'/>
		<killScore value='15550'/>
		<buildingScore value='4300'/>
		<razingScore value='12225'/>
		<mineralScore value='46770'/>
		<gasScore value='6806'/>
		<totalScore value='117151'/>
	</player>

	<enemy>
		<race value='Protoss'/>
		<unitScore value='8950'/>
		<killScore value='44300'/>
		<buildingScore value='4275'/>
		<razingScore value='1350'/>
		<mineralScore value='13338'/>
		<gasScore value='5446'/>
		<totalScore value='77659'/>
	</enemy>

	<scoreRatio value='1.50853'/>
	<timeFitness value='0.5'/>
	<unitsAverage value='92'/>
</results>
