<results>
	<result value='loss'/>
	<start value='2015-07-13.14:42:14'/>
	<end value='2015-07-13.14:42:47'/>
	<frames value='35993'/>
	<gameDuration value='2249'/>

	<player>
		<unitScore value='18450'/>
		<killScore value='10550'/>
		<buildingScore value='2650'/>
		<razingScore value='450'/>
		<mineralScore value='23402'/>
		<gasScore value='2856'/>
		<totalScore value='58358'/>
	</player>

	<enemy>
		<race value='Protoss'/>
		<unitScore value='22725'/>
		<killScore value='36900'/>
		<buildingScore value='7025'/>
		<razingScore value='7950'/>
		<mineralScore value='23618'/>
		<gasScore value='9372'/>
		<totalScore value='107590'/>
	</enemy>

	<scoreRatio value='0.542411'/>
	<timeFitness value='0.312361'/>
	<unitsAverage value='65'/>
</results>
