<results>
	<result value='win'/>
	<start value='2015-05-08.19:53:09'/>
	<end value='2015-05-08.19:53:37'/>
	<frames value='36179'/>
	<gameDuration value='2261'/>

	<player>
		<unitScore value='19150'/>
		<killScore value='31240'/>
		<buildingScore value='3000'/>
		<razingScore value='5460'/>
		<mineralScore value='22194'/>
		<gasScore value='4368'/>
		<totalScore value='85412'/>
	</player>

	<enemy>
		<race value='Zerg'/>
		<unitScore value='13325'/>
		<unitScore value='13325'/>
		<killScore value='20750'/>
		<buildingScore value='1820'/>
		<razingScore value='0'/>
		<mineralScore value='11906'/>
		<gasScore value='3784'/>
		<totalScore value='51585'/>
	</enemy>

	<scoreRatio value='1.65575'/>
	<timeFitness value='0.685972'/>
	<unitsAverage value='81'/>
</results>
