<results>
	<result value='win'/>
	<start value='2015-05-08.19:55:18'/>
	<end value='2015-05-08.19:55:54'/>
	<frames value='29917'/>
	<gameDuration value='1869'/>

	<player>
		<unitScore value='20450'/>
		<killScore value='30980'/>
		<buildingScore value='3575'/>
		<razingScore value='6015'/>
		<mineralScore value='31926'/>
		<gasScore value='2288'/>
		<totalScore value='95234'/>
	</player>

	<enemy>
		<race value='Zerg'/>
		<unitScore value='13825'/>
		<unitScore value='13825'/>
		<killScore value='19850'/>
		<buildingScore value='2005'/>
		<razingScore value='0'/>
		<mineralScore value='12594'/>
		<gasScore value='4416'/>
		<totalScore value='52690'/>
	</enemy>

	<scoreRatio value='1.80744'/>
	<timeFitness value='0.740417'/>
	<unitsAverage value='110'/>
</results>
