<results>
	<result value='win'/>
	<start value='2015-05-08.20:05:32'/>
	<end value='2015-05-08.20:06:15'/>
	<frames value='29080'/>
	<gameDuration value='1817'/>

	<player>
		<unitScore value='19775'/>
		<killScore value='23920'/>
		<buildingScore value='4075'/>
		<razingScore value='5460'/>
		<mineralScore value='28354'/>
		<gasScore value='2824'/>
		<totalScore value='84408'/>
	</player>

	<enemy>
		<race value='Zerg'/>
		<unitScore value='11150'/>
		<unitScore value='11150'/>
		<killScore value='19300'/>
		<buildingScore value='1820'/>
		<razingScore value='0'/>
		<mineralScore value='10090'/>
		<gasScore value='2904'/>
		<totalScore value='45264'/>
	</enemy>

	<scoreRatio value='1.86479'/>
	<timeFitness value='0.747639'/>
	<unitsAverage value='100'/>
</results>
