<results>
	<result value='win'/>
	<start value='2015-05-08.20:17:26'/>
	<end value='2015-05-08.20:17:49'/>
	<frames value='25918'/>
	<gameDuration value='1619'/>

	<player>
		<unitScore value='15075'/>
		<killScore value='24355'/>
		<buildingScore value='3425'/>
		<razingScore value='5820'/>
		<mineralScore value='23754'/>
		<gasScore value='2120'/>
		<totalScore value='74549'/>
	</player>

	<enemy>
		<race value='Zerg'/>
		<unitScore value='11050'/>
		<unitScore value='11050'/>
		<killScore value='13050'/>
		<buildingScore value='1940'/>
		<razingScore value='0'/>
		<mineralScore value='10986'/>
		<gasScore value='3440'/>
		<totalScore value='40466'/>
	</enemy>

	<scoreRatio value='1.84226'/>
	<timeFitness value='0.775139'/>
	<unitsAverage value='89'/>
</results>
