<results>
	<result value='loss'/>
	<start value='2015-05-08.20:21:21'/>
	<end value='2015-05-08.20:21:40'/>
	<frames value='22229'/>
	<gameDuration value='1389'/>

	<player>
		<unitScore value='5300'/>
		<killScore value='10500'/>
		<buildingScore value='1775'/>
		<razingScore value='0'/>
		<mineralScore value='7394'/>
		<gasScore value='968'/>
		<totalScore value='25937'/>
	</player>

	<enemy>
		<race value='Zerg'/>
		<unitScore value='8625'/>
		<unitScore value='8625'/>
		<killScore value='10500'/>
		<buildingScore value='2035'/>
		<razingScore value='5325'/>
		<mineralScore value='9322'/>
		<gasScore value='2632'/>
		<totalScore value='38439'/>
	</enemy>

	<scoreRatio value='0.674757'/>
	<timeFitness value='0.192917'/>
	<unitsAverage value='25'/>
</results>
