<results>
	<result value='loss'/>
	<start value='2015-03-29.06:12:21'/>
	<end value='2015-03-29.06:12:32'/>
	<frames value='14789'/>
	<gameDuration value='924'/>

	<player>
		<unitScore value='3500'/>
		<killScore value='400'/>
		<buildingScore value='1600'/>
		<razingScore value='0'/>
		<mineralScore value='5386'/>
		<gasScore value='880'/>
		<totalScore value='11766'/>
	</player>

	<enemy>
		<race value='Protoss'/>
		<unitScore value='3550'/>
		<unitScore value='3550'/>
		<killScore value='7250'/>
		<buildingScore value='2375'/>
		<razingScore value='4800'/>
		<mineralScore value='7554'/>
		<gasScore value='1192'/>
		<totalScore value='26721'/>
	</enemy>

	<scoreRatio value='0.440328'/>
</results>
