<results>
	<result value='loss'/>
	<start value='2015-03-29.06:16:56'/>
	<end value='2015-03-29.06:17:08'/>
	<frames value='17889'/>
	<gameDuration value='1118'/>

	<player>
		<unitScore value='4400'/>
		<killScore value='1600'/>
		<buildingScore value='2025'/>
		<razingScore value='0'/>
		<mineralScore value='6498'/>
		<gasScore value='1064'/>
		<totalScore value='15587'/>
	</player>

	<enemy>
		<race value='Protoss'/>
		<unitScore value='5225'/>
		<unitScore value='5225'/>
		<killScore value='8800'/>
		<buildingScore value='3475'/>
		<razingScore value='6075'/>
		<mineralScore value='9258'/>
		<gasScore value='2600'/>
		<totalScore value='35433'/>
	</enemy>

	<scoreRatio value='0.439901'/>
</results>
