<results>
	<result value='loss'/>
	<start value='2015-05-10.03:00:56'/>
	<end value='2015-05-10.03:01:36'/>
	<frames value='37357'/>
	<gameDuration value='2334'/>

	<player>
		<unitScore value='16675'/>
		<killScore value='10800'/>
		<buildingScore value='3325'/>
		<razingScore value='0'/>
		<mineralScore value='19610'/>
		<gasScore value='3232'/>
		<totalScore value='53642'/>
	</player>

	<enemy>
		<race value='Protoss'/>
		<unitScore value='24300'/>
		<unitScore value='24300'/>
		<killScore value='33350'/>
		<buildingScore value='7375'/>
		<razingScore value='9975'/>
		<mineralScore value='25626'/>
		<gasScore value='9114'/>
		<totalScore value='109740'/>
	</enemy>

	<scoreRatio value='0.48881'/>
	<timeFitness value='0.324167'/>
	<unitsAverage value='58'/>
</results>
