<results>
	<result value='win'/>
	<start value='2015-05-07.23:30:32'/>
	<end value='2015-05-07.23:31:19'/>
	<frames value='30227'/>
	<gameDuration value='1889'/>

	<player>
		<unitScore value='20625'/>
		<killScore value='30160'/>
		<buildingScore value='4275'/>
		<razingScore value='4560'/>
		<mineralScore value='35086'/>
		<gasScore value='3376'/>
		<totalScore value='98082'/>
	</player>

	<enemy>
		<race value='Zerg'/>
		<unitScore value='14225'/>
		<unitScore value='14225'/>
		<killScore value='16600'/>
		<buildingScore value='1520'/>
		<razingScore value='150'/>
		<mineralScore value='11634'/>
		<gasScore value='3912'/>
		<totalScore value='48041'/>
	</enemy>

	<scoreRatio value='2.04163'/>
	<timeFitness value='0.737639'/>
	<unitsAverage value='118'/>
</results>
