<results>
	<result value='win'/>
	<start value='2015-05-07.23:35:47'/>
	<end value='2015-05-07.23:36:31'/>
	<frames value='29638'/>
	<gameDuration value='1852'/>

	<player>
		<unitScore value='19300'/>
		<killScore value='31460'/>
		<buildingScore value='4175'/>
		<razingScore value='5760'/>
		<mineralScore value='33642'/>
		<gasScore value='3128'/>
		<totalScore value='97465'/>
	</player>

	<enemy>
		<race value='Zerg'/>
		<unitScore value='14125'/>
		<unitScore value='14125'/>
		<killScore value='15900'/>
		<buildingScore value='1920'/>
		<razingScore value='0'/>
		<mineralScore value='13098'/>
		<gasScore value='3520'/>
		<totalScore value='48563'/>
	</enemy>

	<scoreRatio value='2.00698'/>
	<timeFitness value='0.742778'/>
	<unitsAverage value='114'/>
</results>
