<results>
	<result value='loss'/>
	<start value='2015-05-07.23:43:05'/>
	<end value='2015-05-07.23:43:18'/>
	<frames value='19997'/>
	<gameDuration value='1249'/>

	<player>
		<unitScore value='4375'/>
		<killScore value='3850'/>
		<buildingScore value='1475'/>
		<razingScore value='0'/>
		<mineralScore value='6066'/>
		<gasScore value='1032'/>
		<totalScore value='16798'/>
	</player>

	<enemy>
		<race value='Zerg'/>
		<unitScore value='7300'/>
		<unitScore value='7300'/>
		<killScore value='8550'/>
		<buildingScore value='2035'/>
		<razingScore value='4425'/>
		<mineralScore value='7698'/>
		<gasScore value='2296'/>
		<totalScore value='32304'/>
	</enemy>

	<scoreRatio value='0.519998'/>
	<timeFitness value='0.173472'/>
	<unitsAverage value='23'/>
</results>
