<results>
	<result value='win'/>
	<start value='2015-05-07.23:56:42'/>
	<end value='2015-05-07.23:57:04'/>
	<frames value='21795'/>
	<gameDuration value='1362'/>

	<player>
		<unitScore value='11950'/>
		<killScore value='14500'/>
		<buildingScore value='3375'/>
		<razingScore value='4680'/>
		<mineralScore value='18626'/>
		<gasScore value='1496'/>
		<totalScore value='54627'/>
	</player>

	<enemy>
		<race value='Zerg'/>
		<unitScore value='7325'/>
		<unitScore value='7325'/>
		<killScore value='5400'/>
		<buildingScore value='1560'/>
		<razingScore value='0'/>
		<mineralScore value='7458'/>
		<gasScore value='2000'/>
		<totalScore value='23743'/>
	</enemy>

	<scoreRatio value='2.30076'/>
	<timeFitness value='0.810833'/>
	<unitsAverage value='73'/>
</results>
