<results>
	<result value='loss'/>
	<start value='2014-07-23.20:53:53'/>
	<end value='2014-07-23.20:54:36'/>
	<frames value='47928'/>
	<gameDuration value='2995'/>

	<player>
		<unitScore value='24275'/>
		<killScore value='30850'/>
		<buildingScore value='2975'/>
		<razingScore value='9450'/>
		<mineralScore value='26266'/>
		<gasScore value='4232'/>
		<totalScore value='98048'/>
	</player>

	<enemy>
		<race value='Protoss'/>
		<unitScore value='18775'/>
		<unitScore value='18775'/>
		<killScore value='48550'/>
		<buildingScore value='6425'/>
		<razingScore value='8925'/>
		<mineralScore value='22106'/>
		<gasScore value='7148'/>
		<totalScore value='111929'/>
	</enemy>

	<scoreRatio value='0.875984'/>
</results>
