<results>
	<result value='win'/>
	<start value='2015-04-17.04:08:02'/>
	<end value='2015-04-17.04:09:40'/>
	<frames value='41852'/>
	<gameDuration value='2615'/>

	<player>
		<unitScore value='28425'/>
		<killScore value='42400'/>
		<buildingScore value='3300'/>
		<razingScore value='23025'/>
		<mineralScore value='31518'/>
		<gasScore value='3880'/>
		<totalScore value='132548'/>
	</player>

	<enemy>
		<race value='Protoss'/>
		<unitScore value='22250'/>
		<unitScore value='22250'/>
		<killScore value='40650'/>
		<buildingScore value='7675'/>
		<razingScore value='450'/>
		<mineralScore value='25794'/>
		<gasScore value='8328'/>
		<totalScore value='105147'/>
	</enemy>

	<scoreRatio value='1.2606'/>
</results>
