<results>
	<result value='win'/>
	<start value='2015-05-06.21:12:23'/>
	<end value='2015-05-06.21:13:13'/>
	<frames value='43092'/>
	<gameDuration value='2693'/>

	<player>
		<unitScore value='29975'/>
		<killScore value='44810'/>
		<buildingScore value='4850'/>
		<razingScore value='9135'/>
		<mineralScore value='33566'/>
		<gasScore value='5168'/>
		<totalScore value='127504'/>
	</player>

	<enemy>
		<race value='Zerg'/>
		<unitScore value='20300'/>
		<unitScore value='20300'/>
		<killScore value='39550'/>
		<buildingScore value='3045'/>
		<razingScore value='3975'/>
		<mineralScore value='19410'/>
		<gasScore value='5172'/>
		<totalScore value='91452'/>
	</enemy>

	<scoreRatio value='1.39422'/>
	<timeFitness value='0.625972'/>
	<unitsAverage value='104'/>
</results>
