<results>
	<result value='win'/>
	<start value='2015-05-06.21:34:33'/>
	<end value='2015-05-06.21:36:20'/>
	<frames value='50129'/>
	<gameDuration value='3133'/>

	<player>
		<unitScore value='21250'/>
		<killScore value='35010'/>
		<buildingScore value='4975'/>
		<razingScore value='9615'/>
		<mineralScore value='42218'/>
		<gasScore value='6636'/>
		<totalScore value='119704'/>
	</player>

	<enemy>
		<race value='Zerg'/>
		<unitScore value='16375'/>
		<unitScore value='16375'/>
		<killScore value='18900'/>
		<buildingScore value='3205'/>
		<razingScore value='0'/>
		<mineralScore value='16294'/>
		<gasScore value='4792'/>
		<totalScore value='59566'/>
	</enemy>

	<scoreRatio value='2.0096'/>
	<timeFitness value='0.564861'/>
	<unitsAverage value='164'/>
</results>
