<results>
	<result value='draw'/>
	<start value='2015-05-06.21:56:18'/>
	<end value='2015-05-06.21:57:00'/>
	<frames value='57601'/>
	<gameDuration value='3600'/>

	<player>
		<unitScore value='21150'/>
		<killScore value='31640'/>
		<buildingScore value='2150'/>
		<razingScore value='3090'/>
		<mineralScore value='24086'/>
		<gasScore value='5198'/>
		<totalScore value='87314'/>
	</player>

	<enemy>
		<race value='Zerg'/>
		<unitScore value='15050'/>
		<unitScore value='15050'/>
		<killScore value='41100'/>
		<buildingScore value='1610'/>
		<razingScore value='0'/>
		<mineralScore value='12094'/>
		<gasScore value='3544'/>
		<totalScore value='73398'/>
	</enemy>

	<scoreRatio value='1.1896'/>
	<timeFitness value='0.5'/>
	<unitsAverage value='64'/>
</results>
