<results>
	<result value='win'/>
	<start value='2015-05-06.22:02:11'/>
	<end value='2015-05-06.22:02:16'/>
	<frames value='11441'/>
	<gameDuration value='715'/>

	<player>
		<unitScore value='1650'/>
		<killScore value='2100'/>
		<buildingScore value='750'/>
		<razingScore value='1125'/>
		<mineralScore value='2562'/>
		<gasScore value='728'/>
		<totalScore value='8915'/>
	</player>

	<enemy>
		<race value='Zerg'/>
		<unitScore value='1200'/>
		<unitScore value='1200'/>
		<killScore value='1500'/>
		<buildingScore value='375'/>
		<razingScore value='0'/>
		<mineralScore value='1802'/>
		<gasScore value='0'/>
		<totalScore value='4877'/>
	</enemy>

	<scoreRatio value='1.82797'/>
	<timeFitness value='0.900694'/>
	<unitsAverage value='16'/>
</results>
