<results>
	<result value='loss'/>
	<start value='2014-07-04.11:11:57'/>
	<end value='2014-07-04.11:12:10'/>
	<frames value='23934'/>
	<gameDuration value='1495'/>

	<player>
		<unitScore value='6525'/>
		<killScore value='3600'/>
		<buildingScore value='1600'/>
		<razingScore value='0'/>
		<mineralScore value='7282'/>
		<gasScore value='984'/>
		<totalScore value='19991'/>
	</player>

	<enemy>
		<race value='Protoss'/>
		<unitScore value='7525'/>
		<unitScore value='7525'/>
		<killScore value='13050'/>
		<buildingScore value='5650'/>
		<razingScore value='4800'/>
		<mineralScore value='13402'/>
		<gasScore value='3704'/>
		<totalScore value='48131'/>
	</enemy>

	<scoreRatio value='0.415346'/>
</results>
