<results>
	<result value='win'/>
	<start value='2015-05-11.06:32:35'/>
	<end value='2015-05-11.06:33:16'/>
	<frames value='29886'/>
	<gameDuration value='1867'/>

	<player>
		<unitScore value='17300'/>
		<killScore value='29460'/>
		<buildingScore value='3850'/>
		<razingScore value='7290'/>
		<mineralScore value='25162'/>
		<gasScore value='3200'/>
		<totalScore value='86262'/>
	</player>

	<enemy>
		<race value='Zerg'/>
		<unitScore value='13225'/>
		<unitScore value='13225'/>
		<killScore value='10500'/>
		<buildingScore value='2430'/>
		<razingScore value='225'/>
		<mineralScore value='13674'/>
		<gasScore value='3800'/>
		<totalScore value='43854'/>
	</enemy>

	<scoreRatio value='1.96703'/>
	<timeFitness value='0.740694'/>
	<unitsAverage value='109'/>
</results>
