<results>
	<result value='loss'/>
	<start value='2015-04-14.22:25:01'/>
	<end value='2015-04-14.22:25:07'/>
	<frames value='14572'/>
	<gameDuration value='910'/>

	<player>
		<unitScore value='2300'/>
		<killScore value='200'/>
		<buildingScore value='1350'/>
		<razingScore value='0'/>
		<mineralScore value='4314'/>
		<gasScore value='504'/>
		<totalScore value='8668'/>
	</player>

	<enemy>
		<race value='Protoss'/>
		<unitScore value='3550'/>
		<unitScore value='3550'/>
		<killScore value='4600'/>
		<buildingScore value='2425'/>
		<razingScore value='4050'/>
		<mineralScore value='7626'/>
		<gasScore value='1248'/>
		<totalScore value='23499'/>
	</enemy>

	<scoreRatio value='0.368867'/>
</results>
