<results>
	<result value='win'/>
	<start value='2015-04-14.22:28:17'/>
	<end value='2015-04-14.22:28:51'/>
	<frames value='32645'/>
	<gameDuration value='2040'/>

	<player>
		<unitScore value='21975'/>
		<killScore value='33950'/>
		<buildingScore value='3975'/>
		<razingScore value='15375'/>
		<mineralScore value='31446'/>
		<gasScore value='3832'/>
		<totalScore value='110553'/>
	</player>

	<enemy>
		<race value='Protoss'/>
		<unitScore value='17475'/>
		<unitScore value='17475'/>
		<killScore value='20800'/>
		<buildingScore value='5125'/>
		<razingScore value='150'/>
		<mineralScore value='19258'/>
		<gasScore value='4224'/>
		<totalScore value='67032'/>
	</enemy>

	<scoreRatio value='1.64926'/>
</results>
