<results>
	<result value='loss'/>
	<start value='2015-04-14.22:30:18'/>
	<end value='2015-04-14.22:30:25'/>
	<frames value='16587'/>
	<gameDuration value='1036'/>

	<player>
		<unitScore value='4275'/>
		<killScore value='600'/>
		<buildingScore value='1550'/>
		<razingScore value='0'/>
		<mineralScore value='6106'/>
		<gasScore value='656'/>
		<totalScore value='13187'/>
	</player>

	<enemy>
		<race value='Protoss'/>
		<unitScore value='3975'/>
		<unitScore value='3975'/>
		<killScore value='8650'/>
		<buildingScore value='3325'/>
		<razingScore value='4650'/>
		<mineralScore value='8490'/>
		<gasScore value='1928'/>
		<totalScore value='31018'/>
	</enemy>

	<scoreRatio value='0.42514'/>
</results>
