<results>
	<result value='loss'/>
	<start value='2015-04-14.22:33:37'/>
	<end value='2015-04-14.22:33:58'/>
	<frames value='30475'/>
	<gameDuration value='1904'/>

	<player>
		<unitScore value='9350'/>
		<killScore value='7150'/>
		<buildingScore value='2800'/>
		<razingScore value='0'/>
		<mineralScore value='15298'/>
		<gasScore value='2608'/>
		<totalScore value='37206'/>
	</player>

	<enemy>
		<race value='Protoss'/>
		<unitScore value='16125'/>
		<unitScore value='16125'/>
		<killScore value='18700'/>
		<buildingScore value='6875'/>
		<razingScore value='8400'/>
		<mineralScore value='19458'/>
		<gasScore value='7904'/>
		<totalScore value='77462'/>
	</enemy>

	<scoreRatio value='0.480313'/>
</results>
