<results>
	<result value='loss'/>
	<start value='2015-04-14.22:34:12'/>
	<end value='2015-04-14.22:34:20'/>
	<frames value='17765'/>
	<gameDuration value='1110'/>

	<player>
		<unitScore value='5150'/>
		<killScore value='1600'/>
		<buildingScore value='1450'/>
		<razingScore value='0'/>
		<mineralScore value='7066'/>
		<gasScore value='0'/>
		<totalScore value='15266'/>
	</player>

	<enemy>
		<race value='Protoss'/>
		<unitScore value='4400'/>
		<unitScore value='4400'/>
		<killScore value='10300'/>
		<buildingScore value='3675'/>
		<razingScore value='4350'/>
		<mineralScore value='9474'/>
		<gasScore value='1768'/>
		<totalScore value='33967'/>
	</enemy>

	<scoreRatio value='0.449436'/>
</results>
