<results>
	<result value='draw'/>
	<start value='2015-07-12.14:54:21'/>
	<end value='2015-07-12.14:55:11'/>
	<frames value='57601'/>
	<gameDuration value='3600'/>

	<player>
		<unitScore value='37075'/>
		<killScore value='19100'/>
		<buildingScore value='3700'/>
		<razingScore value='1725'/>
		<mineralScore value='43034'/>
		<gasScore value='6428'/>
		<totalScore value='111062'/>
	</player>

	<enemy>
		<race value='Terran'/>
		<unitScore value='12100'/>
		<killScore value='62400'/>
		<buildingScore value='3275'/>
		<razingScore value='2625'/>
		<mineralScore value='12050'/>
		<gasScore value='6474'/>
		<totalScore value='98924'/>
	</enemy>

	<scoreRatio value='1.1227'/>
	<timeFitness value='0.5'/>
	<unitsAverage value='85'/>
</results>
