<results>
	<result value='loss'/>
	<start value='2015-04-27.03:11:50'/>
	<end value='2015-04-27.03:11:57'/>
	<frames value='13952'/>
	<gameDuration value='872'/>

	<player>
		<unitScore value='1725'/>
		<killScore value='100'/>
		<buildingScore value='1325'/>
		<razingScore value='0'/>
		<mineralScore value='2810'/>
		<gasScore value='624'/>
		<totalScore value='6584'/>
	</player>

	<enemy>
		<race value='Terran'/>
		<unitScore value='3875'/>
		<unitScore value='3875'/>
		<killScore value='3450'/>
		<buildingScore value='1450'/>
		<razingScore value='3975'/>
		<mineralScore value='6370'/>
		<gasScore value='1872'/>
		<totalScore value='20992'/>
	</enemy>

	<scoreRatio value='0.313643'/>
</results>
