<results>
	<result value='loss'/>
	<start value='2015-04-27.03:16:41'/>
	<end value='2015-04-27.03:16:51'/>
	<frames value='17610'/>
	<gameDuration value='1100'/>

	<player>
		<unitScore value='3200'/>
		<killScore value='1100'/>
		<buildingScore value='1475'/>
		<razingScore value='0'/>
		<mineralScore value='4778'/>
		<gasScore value='816'/>
		<totalScore value='11369'/>
	</player>

	<enemy>
		<race value='Terran'/>
		<unitScore value='5700'/>
		<unitScore value='5700'/>
		<killScore value='6400'/>
		<buildingScore value='2650'/>
		<razingScore value='4425'/>
		<mineralScore value='8274'/>
		<gasScore value='2416'/>
		<totalScore value='29865'/>
	</enemy>

	<scoreRatio value='0.38068'/>
</results>
