<results>
	<result value='draw'/>
	<start value='2015-04-12.07:03:32'/>
	<end value='2015-04-12.07:05:52'/>
	<frames value='57601'/>
	<gameDuration value='3600'/>

	<player>
		<unitScore value='33725'/>
		<killScore value='51900'/>
		<buildingScore value='3400'/>
		<razingScore value='18300'/>
		<mineralScore value='34706'/>
		<gasScore value='8554'/>
		<totalScore value='150585'/>
	</player>

	<enemy>
		<race value='Protoss'/>
		<unitScore value='28050'/>
		<unitScore value='28050'/>
		<killScore value='47450'/>
		<buildingScore value='6650'/>
		<razingScore value='150'/>
		<mineralScore value='26778'/>
		<gasScore value='8504'/>
		<totalScore value='117582'/>
	</enemy>

	<scoreRatio value='1.28068'/>
</results>
