<results>
	<result value='loss'/>
	<start value='2015-04-12.07:07:54'/>
	<end value='2015-04-12.07:08:41'/>
	<frames value='36179'/>
	<gameDuration value='2261'/>

	<player>
		<unitScore value='12975'/>
		<killScore value='13550'/>
		<buildingScore value='2125'/>
		<razingScore value='900'/>
		<mineralScore value='18122'/>
		<gasScore value='680'/>
		<totalScore value='48352'/>
	</player>

	<enemy>
		<race value='Protoss'/>
		<unitScore value='20150'/>
		<unitScore value='20150'/>
		<killScore value='25950'/>
		<buildingScore value='7025'/>
		<razingScore value='6375'/>
		<mineralScore value='23362'/>
		<gasScore value='8324'/>
		<totalScore value='91186'/>
	</enemy>

	<scoreRatio value='0.530257'/>
</results>
