<results>
	<result value='loss'/>
	<start value='2015-04-12.07:13:20'/>
	<end value='2015-04-12.07:14:12'/>
	<frames value='40519'/>
	<gameDuration value='2532'/>

	<player>
		<unitScore value='16025'/>
		<killScore value='19900'/>
		<buildingScore value='2775'/>
		<razingScore value='450'/>
		<mineralScore value='19098'/>
		<gasScore value='3008'/>
		<totalScore value='61256'/>
	</player>

	<enemy>
		<race value='Protoss'/>
		<unitScore value='22650'/>
		<unitScore value='22650'/>
		<killScore value='31800'/>
		<buildingScore value='7075'/>
		<razingScore value='8325'/>
		<mineralScore value='30462'/>
		<gasScore value='7856'/>
		<totalScore value='108168'/>
	</enemy>

	<scoreRatio value='0.566304'/>
</results>
