<results>
	<result value='loss'/>
	<start value='2015-04-08.05:27:06'/>
	<end value='2015-04-08.05:27:57'/>
	<frames value='45727'/>
	<gameDuration value='2857'/>

	<player>
		<unitScore value='23200'/>
		<killScore value='43300'/>
		<buildingScore value='2475'/>
		<razingScore value='2475'/>
		<mineralScore value='23866'/>
		<gasScore value='2288'/>
		<totalScore value='97604'/>
	</player>

	<enemy>
		<race value='Protoss'/>
		<unitScore value='36325'/>
		<unitScore value='36325'/>
		<killScore value='46400'/>
		<buildingScore value='8350'/>
		<razingScore value='7425'/>
		<mineralScore value='34470'/>
		<gasScore value='10578'/>
		<totalScore value='143548'/>
	</enemy>

	<scoreRatio value='0.67994'/>
</results>
