<results>
	<result value='draw'/>
	<start value='2015-04-09.16:36:48'/>
	<end value='2015-04-09.16:38:36'/>
	<frames value='57601'/>
	<gameDuration value='3600'/>

	<player>
		<unitScore value='25025'/>
		<killScore value='34500'/>
		<buildingScore value='4550'/>
		<razingScore value='26550'/>
		<mineralScore value='40514'/>
		<gasScore value='5128'/>
		<totalScore value='136267'/>
	</player>

	<enemy>
		<race value='Protoss'/>
		<unitScore value='17475'/>
		<unitScore value='17475'/>
		<killScore value='26550'/>
		<buildingScore value='9200'/>
		<razingScore value='375'/>
		<mineralScore value='22482'/>
		<gasScore value='9664'/>
		<totalScore value='85746'/>
	</enemy>

	<scoreRatio value='1.58919'/>
</results>
