<results>
	<result value='win'/>
	<start value='2015-04-09.16:50:49'/>
	<end value='2015-04-09.16:52:16'/>
	<frames value='52640'/>
	<gameDuration value='3290'/>

	<player>
		<unitScore value='37675'/>
		<killScore value='52650'/>
		<buildingScore value='3950'/>
		<razingScore value='21600'/>
		<mineralScore value='39318'/>
		<gasScore value='5008'/>
		<totalScore value='160201'/>
	</player>

	<enemy>
		<race value='Protoss'/>
		<unitScore value='30600'/>
		<unitScore value='30600'/>
		<killScore value='53550'/>
		<buildingScore value='7200'/>
		<razingScore value='450'/>
		<mineralScore value='23646'/>
		<gasScore value='11428'/>
		<totalScore value='126874'/>
	</enemy>

	<scoreRatio value='1.26268'/>
</results>
