<results>
	<result value='loss'/>
	<start value='2014-07-03.01:46:20'/>
	<end value='2014-07-03.01:46:28'/>
	<frames value='17517'/>
	<gameDuration value='1094'/>

	<player>
		<unitScore value='3750'/>
		<killScore value='800'/>
		<buildingScore value='1875'/>
		<razingScore value='0'/>
		<mineralScore value='6002'/>
		<gasScore value='1048'/>
		<totalScore value='13475'/>
	</player>

	<enemy>
		<race value='Protoss'/>
		<unitScore value='5025'/>
		<unitScore value='5025'/>
		<killScore value='7000'/>
		<buildingScore value='3225'/>
		<razingScore value='5625'/>
		<mineralScore value='9058'/>
		<gasScore value='2184'/>
		<totalScore value='32117'/>
	</enemy>

	<scoreRatio value='0.41956'/>
</results>
