<results>
	<result value='loss'/>
	<start value='2014-07-04.04:50:29'/>
	<end value='2014-07-04.04:50:36'/>
	<frames value='14727'/>
	<gameDuration value='920'/>

	<player>
		<unitScore value='2800'/>
		<killScore value='1000'/>
		<buildingScore value='1525'/>
		<razingScore value='0'/>
		<mineralScore value='4538'/>
		<gasScore value='600'/>
		<totalScore value='10463'/>
	</player>

	<enemy>
		<race value='Protoss'/>
		<unitScore value='3550'/>
		<unitScore value='3550'/>
		<killScore value='5600'/>
		<buildingScore value='2575'/>
		<razingScore value='4575'/>
		<mineralScore value='7618'/>
		<gasScore value='1336'/>
		<totalScore value='25254'/>
	</enemy>

	<scoreRatio value='0.414311'/>
</results>
