<results>
	<result value='loss'/>
	<start value='2015-05-02.14:06:00'/>
	<end value='2015-05-02.14:06:05'/>
	<frames value='14448'/>
	<gameDuration value='903'/>

	<player>
		<unitScore value='2350'/>
		<killScore value='200'/>
		<buildingScore value='1425'/>
		<razingScore value='0'/>
		<mineralScore value='3930'/>
		<gasScore value='344'/>
		<totalScore value='8249'/>
	</player>

	<enemy>
		<race value='Protoss'/>
		<unitScore value='3550'/>
		<unitScore value='3550'/>
		<killScore value='4700'/>
		<buildingScore value='2375'/>
		<razingScore value='4275'/>
		<mineralScore value='7378'/>
		<gasScore value='1232'/>
		<totalScore value='23510'/>
	</enemy>

	<scoreRatio value='0.350872'/>
	<timeFitness value='0.125417'/>
	<unitsAverage value='16'/>
</results>
