<results>
	<result value='loss'/>
	<start value='2015-05-09.14:56:27'/>
	<end value='2015-05-09.14:56:39'/>
	<frames value='17331'/>
	<gameDuration value='1083'/>

	<player>
		<unitScore value='4725'/>
		<killScore value='1800'/>
		<buildingScore value='1900'/>
		<razingScore value='0'/>
		<mineralScore value='7170'/>
		<gasScore value='1496'/>
		<totalScore value='17091'/>
	</player>

	<enemy>
		<race value='Protoss'/>
		<unitScore value='4325'/>
		<unitScore value='4325'/>
		<killScore value='9450'/>
		<buildingScore value='3525'/>
		<razingScore value='5700'/>
		<mineralScore value='9082'/>
		<gasScore value='2280'/>
		<totalScore value='34362'/>
	</enemy>

	<scoreRatio value='0.497381'/>
	<timeFitness value='0.150417'/>
	<unitsAverage value='34'/>
</results>
