<results>
	<result value='win'/>
	<start value='2015-05-09.14:56:44'/>
	<end value='2015-05-09.14:57:17'/>
	<frames value='29514'/>
	<gameDuration value='1844'/>

	<player>
		<unitScore value='13325'/>
		<killScore value='9900'/>
		<buildingScore value='3500'/>
		<razingScore value='16125'/>
		<mineralScore value='18226'/>
		<gasScore value='2592'/>
		<totalScore value='63668'/>
	</player>

	<enemy>
		<race value='Protoss'/>
		<unitScore value='5275'/>
		<unitScore value='5275'/>
		<killScore value='8500'/>
		<buildingScore value='5375'/>
		<razingScore value='525'/>
		<mineralScore value='12146'/>
		<gasScore value='3368'/>
		<totalScore value='35189'/>
	</enemy>

	<scoreRatio value='1.80932'/>
	<timeFitness value='0.743889'/>
	<unitsAverage value='77'/>
</results>
