<results>
	<result value='loss'/>
	<start value='2015-05-02.14:12:00'/>
	<end value='2015-05-02.14:12:07'/>
	<frames value='16556'/>
	<gameDuration value='1034'/>

	<player>
		<unitScore value='2700'/>
		<killScore value='2200'/>
		<buildingScore value='1625'/>
		<razingScore value='0'/>
		<mineralScore value='4650'/>
		<gasScore value='984'/>
		<totalScore value='12159'/>
	</player>

	<enemy>
		<race value='Protoss'/>
		<unitScore value='4225'/>
		<unitScore value='4225'/>
		<killScore value='5400'/>
		<buildingScore value='3275'/>
		<razingScore value='4875'/>
		<mineralScore value='8626'/>
		<gasScore value='2064'/>
		<totalScore value='28465'/>
	</enemy>

	<scoreRatio value='0.427156'/>
	<timeFitness value='0.143611'/>
	<unitsAverage value='26'/>
</results>
