<results>
	<result value='win'/>
	<start value='2015-04-25.02:48:41'/>
	<end value='2015-04-25.02:48:56'/>
	<frames value='23624'/>
	<gameDuration value='1476'/>

	<player>
		<unitScore value='7625'/>
		<killScore value='12700'/>
		<buildingScore value='2675'/>
		<razingScore value='6300'/>
		<mineralScore value='11022'/>
		<gasScore value='1768'/>
		<totalScore value='42090'/>
	</player>

	<enemy>
		<race value='Terran'/>
		<unitScore value='6350'/>
		<unitScore value='6350'/>
		<killScore value='6450'/>
		<buildingScore value='2100'/>
		<razingScore value='2775'/>
		<mineralScore value='7514'/>
		<gasScore value='2264'/>
		<totalScore value='27453'/>
	</enemy>

	<scoreRatio value='1.53317'/>
</results>
