<results>
	<result value='win'/>
	<start value='2015-04-25.02:50:01'/>
	<end value='2015-04-25.02:50:14'/>
	<frames value='19594'/>
	<gameDuration value='1224'/>

	<player>
		<unitScore value='7425'/>
		<killScore value='11000'/>
		<buildingScore value='2025'/>
		<razingScore value='4500'/>
		<mineralScore value='10514'/>
		<gasScore value='1392'/>
		<totalScore value='36856'/>
	</player>

	<enemy>
		<race value='Terran'/>
		<unitScore value='5500'/>
		<unitScore value='5500'/>
		<killScore value='5450'/>
		<buildingScore value='1500'/>
		<razingScore value='0'/>
		<mineralScore value='8338'/>
		<gasScore value='1728'/>
		<totalScore value='22516'/>
	</enemy>

	<scoreRatio value='1.63688'/>
</results>
