<results>
	<result value='win'/>
	<start value='2015-05-11.04:03:17'/>
	<end value='2015-05-11.04:04:13'/>
	<frames value='29390'/>
	<gameDuration value='1836'/>

	<player>
		<unitScore value='19350'/>
		<killScore value='32620'/>
		<buildingScore value='3875'/>
		<razingScore value='6840'/>
		<mineralScore value='23430'/>
		<gasScore value='3176'/>
		<totalScore value='89291'/>
	</player>

	<enemy>
		<race value='Zerg'/>
		<unitScore value='14025'/>
		<unitScore value='14025'/>
		<killScore value='14450'/>
		<buildingScore value='2280'/>
		<razingScore value='0'/>
		<mineralScore value='13210'/>
		<gasScore value='3960'/>
		<totalScore value='47925'/>
	</enemy>

	<scoreRatio value='1.86314'/>
	<timeFitness value='0.745'/>
	<unitsAverage value='93'/>
</results>
