<results>
	<result value='win'/>
	<start value='2015-05-11.04:17:21'/>
	<end value='2015-05-11.04:18:15'/>
	<frames value='30382'/>
	<gameDuration value='1898'/>

	<player>
		<unitScore value='19000'/>
		<killScore value='18040'/>
		<buildingScore value='4275'/>
		<razingScore value='7635'/>
		<mineralScore value='27282'/>
		<gasScore value='3336'/>
		<totalScore value='79568'/>
	</player>

	<enemy>
		<race value='Zerg'/>
		<unitScore value='9000'/>
		<unitScore value='9000'/>
		<killScore value='13950'/>
		<buildingScore value='2545'/>
		<razingScore value='1950'/>
		<mineralScore value='9778'/>
		<gasScore value='2936'/>
		<totalScore value='40159'/>
	</enemy>

	<scoreRatio value='1.98132'/>
	<timeFitness value='0.736389'/>
	<unitsAverage value='107'/>
</results>
