<results>
	<result value='win'/>
	<start value='2015-05-11.04:31:31'/>
	<end value='2015-05-11.04:32:37'/>
	<frames value='32118'/>
	<gameDuration value='2007'/>

	<player>
		<unitScore value='20575'/>
		<killScore value='34160'/>
		<buildingScore value='4275'/>
		<razingScore value='7920'/>
		<mineralScore value='37842'/>
		<gasScore value='3936'/>
		<totalScore value='108708'/>
	</player>

	<enemy>
		<race value='Zerg'/>
		<unitScore value='15425'/>
		<unitScore value='15425'/>
		<killScore value='15750'/>
		<buildingScore value='2640'/>
		<razingScore value='150'/>
		<mineralScore value='14866'/>
		<gasScore value='4168'/>
		<totalScore value='52999'/>
	</enemy>

	<scoreRatio value='2.05113'/>
	<timeFitness value='0.72125'/>
	<unitsAverage value='125'/>
</results>
