<results>
	<result value='win'/>
	<start value='2015-05-11.04:32:40'/>
	<end value='2015-05-11.04:33:10'/>
	<frames value='24089'/>
	<gameDuration value='1505'/>

	<player>
		<unitScore value='14225'/>
		<killScore value='22620'/>
		<buildingScore value='3325'/>
		<razingScore value='5040'/>
		<mineralScore value='18502'/>
		<gasScore value='2224'/>
		<totalScore value='65936'/>
	</player>

	<enemy>
		<race value='Zerg'/>
		<unitScore value='10300'/>
		<unitScore value='10300'/>
		<killScore value='10550'/>
		<buildingScore value='1680'/>
		<razingScore value='0'/>
		<mineralScore value='10098'/>
		<gasScore value='2880'/>
		<totalScore value='35508'/>
	</enemy>

	<scoreRatio value='1.85693'/>
	<timeFitness value='0.790972'/>
	<unitsAverage value='75'/>
</results>
