<results>
	<result value='win'/>
	<start value='2015-05-04.16:43:17'/>
	<end value='2015-05-04.16:44:23'/>
	<frames value='41108'/>
	<gameDuration value='2569'/>

	<player>
		<unitScore value='27825'/>
		<killScore value='42700'/>
		<buildingScore value='3975'/>
		<razingScore value='21825'/>
		<mineralScore value='31742'/>
		<gasScore value='3368'/>
		<totalScore value='131435'/>
	</player>

	<enemy>
		<race value='Protoss'/>
		<unitScore value='22375'/>
		<unitScore value='22375'/>
		<killScore value='32500'/>
		<buildingScore value='7275'/>
		<razingScore value='0'/>
		<mineralScore value='26690'/>
		<gasScore value='7344'/>
		<totalScore value='96184'/>
	</enemy>

	<scoreRatio value='1.3665'/>
	<timeFitness value='0.643194'/>
	<unitsAverage value='120'/>
</results>
