<results>
	<result value='draw'/>
	<start value='2015-05-04.16:48:35'/>
	<end value='2015-05-04.16:50:02'/>
	<frames value='57601'/>
	<gameDuration value='3600'/>

	<player>
		<unitScore value='35300'/>
		<killScore value='46200'/>
		<buildingScore value='3550'/>
		<razingScore value='19350'/>
		<mineralScore value='35670'/>
		<gasScore value='4320'/>
		<totalScore value='144390'/>
	</player>

	<enemy>
		<race value='Protoss'/>
		<unitScore value='25325'/>
		<unitScore value='25325'/>
		<killScore value='59900'/>
		<buildingScore value='8300'/>
		<razingScore value='0'/>
		<mineralScore value='27270'/>
		<gasScore value='10528'/>
		<totalScore value='131323'/>
	</enemy>

	<scoreRatio value='1.0995'/>
	<timeFitness value='0.5'/>
	<unitsAverage value='127'/>
</results>
