<results>
	<result value='win'/>
	<start value='2015-05-10.20:35:40'/>
	<end value='2015-05-10.20:36:16'/>
	<frames value='30692'/>
	<gameDuration value='1918'/>

	<player>
		<unitScore value='18650'/>
		<killScore value='18150'/>
		<buildingScore value='3275'/>
		<razingScore value='18825'/>
		<mineralScore value='22050'/>
		<gasScore value='2240'/>
		<totalScore value='83190'/>
	</player>

	<enemy>
		<race value='Protoss'/>
		<unitScore value='9625'/>
		<unitScore value='9625'/>
		<killScore value='18300'/>
		<buildingScore value='6275'/>
		<razingScore value='225'/>
		<mineralScore value='16050'/>
		<gasScore value='5008'/>
		<totalScore value='55483'/>
	</enemy>

	<scoreRatio value='1.49938'/>
	<timeFitness value='0.733611'/>
	<unitsAverage value='92'/>
</results>
