<results>
	<result value='draw'/>
	<start value='2015-05-10.20:40:49'/>
	<end value='2015-05-10.20:42:35'/>
	<frames value='57601'/>
	<gameDuration value='3600'/>

	<player>
		<unitScore value='27325'/>
		<killScore value='44700'/>
		<buildingScore value='4850'/>
		<razingScore value='18375'/>
		<mineralScore value='34450'/>
		<gasScore value='4392'/>
		<totalScore value='134092'/>
	</player>

	<enemy>
		<race value='Protoss'/>
		<unitScore value='23800'/>
		<unitScore value='23800'/>
		<killScore value='30450'/>
		<buildingScore value='7125'/>
		<razingScore value='2925'/>
		<mineralScore value='28554'/>
		<gasScore value='12306'/>
		<totalScore value='105160'/>
	</enemy>

	<scoreRatio value='1.27512'/>
	<timeFitness value='0.5'/>
	<unitsAverage value='125'/>
</results>
