<results>
	<result value='win'/>
	<start value='2015-05-10.06:28:13'/>
	<end value='2015-05-10.06:28:42'/>
	<frames value='27561'/>
	<gameDuration value='1722'/>

	<player>
		<unitScore value='16950'/>
		<killScore value='30140'/>
		<buildingScore value='3650'/>
		<razingScore value='6255'/>
		<mineralScore value='24770'/>
		<gasScore value='2960'/>
		<totalScore value='84725'/>
	</player>

	<enemy>
		<race value='Zerg'/>
		<unitScore value='13050'/>
		<unitScore value='13050'/>
		<killScore value='14400'/>
		<buildingScore value='2085'/>
		<razingScore value='0'/>
		<mineralScore value='12066'/>
		<gasScore value='3696'/>
		<totalScore value='45297'/>
	</enemy>

	<scoreRatio value='1.87043'/>
	<timeFitness value='0.760833'/>
	<unitsAverage value='89'/>
</results>
