<results>
	<result value='loss'/>
	<start value='2015-05-03.11:24:29'/>
	<end value='2015-05-03.11:24:33'/>
	<frames value='7473'/>
	<gameDuration value='467'/>

	<player>
		<unitScore value='1000'/>
		<killScore value='100'/>
		<buildingScore value='700'/>
		<razingScore value='0'/>
		<mineralScore value='1442'/>
		<gasScore value='96'/>
		<totalScore value='3338'/>
	</player>

	<enemy>
		<race value='Zerg'/>
		<unitScore value='1250'/>
		<unitScore value='1250'/>
		<killScore value='1900'/>
		<buildingScore value='480'/>
		<razingScore value='2100'/>
		<mineralScore value='2058'/>
		<gasScore value='40'/>
		<totalScore value='7828'/>
	</enemy>

	<scoreRatio value='0.426418'/>
	<timeFitness value='0.0648611'/>
	<unitsAverage value='10'/>
</results>
