<results>
	<result value='win'/>
	<start value='2015-05-03.11:24:42'/>
	<end value='2015-05-03.11:25:05'/>
	<frames value='22880'/>
	<gameDuration value='1430'/>

	<player>
		<unitScore value='12850'/>
		<killScore value='22935'/>
		<buildingScore value='3750'/>
		<razingScore value='4560'/>
		<mineralScore value='18066'/>
		<gasScore value='1840'/>
		<totalScore value='64001'/>
	</player>

	<enemy>
		<race value='Zerg'/>
		<unitScore value='10125'/>
		<unitScore value='10125'/>
		<killScore value='10150'/>
		<buildingScore value='1520'/>
		<razingScore value='0'/>
		<mineralScore value='9250'/>
		<gasScore value='2616'/>
		<totalScore value='33661'/>
	</enemy>

	<scoreRatio value='1.90134'/>
	<timeFitness value='0.801389'/>
	<unitsAverage value='74'/>
</results>
