<results>
	<result value='win'/>
	<start value='2015-05-03.11:30:50'/>
	<end value='2015-05-03.11:31:26'/>
	<frames value='27251'/>
	<gameDuration value='1703'/>

	<player>
		<unitScore value='20850'/>
		<killScore value='29975'/>
		<buildingScore value='4550'/>
		<razingScore value='3660'/>
		<mineralScore value='28386'/>
		<gasScore value='2752'/>
		<totalScore value='90173'/>
	</player>

	<enemy>
		<race value='Zerg'/>
		<unitScore value='13100'/>
		<unitScore value='13100'/>
		<killScore value='19950'/>
		<buildingScore value='1220'/>
		<razingScore value='0'/>
		<mineralScore value='11054'/>
		<gasScore value='3464'/>
		<totalScore value='48788'/>
	</enemy>

	<scoreRatio value='1.84826'/>
	<timeFitness value='0.763472'/>
	<unitsAverage value='103'/>
</results>
