<results>
	<result value='win'/>
	<start value='2015-04-25.03:31:17'/>
	<end value='2015-04-25.03:31:42'/>
	<frames value='34288'/>
	<gameDuration value='2143'/>

	<player>
		<unitScore value='14675'/>
		<killScore value='35750'/>
		<buildingScore value='2875'/>
		<razingScore value='10950'/>
		<mineralScore value='18194'/>
		<gasScore value='3576'/>
		<totalScore value='86020'/>
	</player>

	<enemy>
		<race value='Terran'/>
		<unitScore value='19875'/>
		<unitScore value='19875'/>
		<killScore value='18650'/>
		<buildingScore value='3650'/>
		<razingScore value='2400'/>
		<mineralScore value='15222'/>
		<gasScore value='7190'/>
		<totalScore value='66987'/>
	</enemy>

	<scoreRatio value='1.28413'/>
</results>
