<results>
	<result value='draw'/>
	<start value='2015-04-25.03:39:42'/>
	<end value='2015-04-25.03:41:55'/>
	<frames value='57601'/>
	<gameDuration value='3600'/>

	<player>
		<unitScore value='19750'/>
		<killScore value='31800'/>
		<buildingScore value='5925'/>
		<razingScore value='10350'/>
		<mineralScore value='47594'/>
		<gasScore value='5888'/>
		<totalScore value='121307'/>
	</player>

	<enemy>
		<race value='Terran'/>
		<unitScore value='16700'/>
		<unitScore value='16700'/>
		<killScore value='15750'/>
		<buildingScore value='3500'/>
		<razingScore value='1350'/>
		<mineralScore value='14458'/>
		<gasScore value='7110'/>
		<totalScore value='58868'/>
	</enemy>

	<scoreRatio value='2.06066'/>
</results>
