<results>
	<result value='win'/>
	<start value='2015-04-28.04:35:22'/>
	<end value='2015-04-28.04:35:53'/>
	<frames value='27158'/>
	<gameDuration value='1697'/>

	<player>
		<unitScore value='10100'/>
		<killScore value='18650'/>
		<buildingScore value='3775'/>
		<razingScore value='6675'/>
		<mineralScore value='29346'/>
		<gasScore value='2776'/>
		<totalScore value='71322'/>
	</player>

	<enemy>
		<race value='Terran'/>
		<unitScore value='9625'/>
		<unitScore value='9625'/>
		<killScore value='5700'/>
		<buildingScore value='2300'/>
		<razingScore value='150'/>
		<mineralScore value='9314'/>
		<gasScore value='3176'/>
		<totalScore value='30265'/>
	</enemy>

	<scoreRatio value='2.35658'/>
</results>
