<results>
	<result value='win'/>
	<start value='2015-05-06.08:27:10'/>
	<end value='2015-05-06.08:27:33'/>
	<frames value='23934'/>
	<gameDuration value='1495'/>

	<player>
		<unitScore value='13825'/>
		<killScore value='19660'/>
		<buildingScore value='3825'/>
		<razingScore value='5580'/>
		<mineralScore value='22654'/>
		<gasScore value='2056'/>
		<totalScore value='67600'/>
	</player>

	<enemy>
		<race value='Zerg'/>
		<unitScore value='8800'/>
		<unitScore value='8800'/>
		<killScore value='10650'/>
		<buildingScore value='1860'/>
		<razingScore value='0'/>
		<mineralScore value='9206'/>
		<gasScore value='2648'/>
		<totalScore value='33164'/>
	</enemy>

	<scoreRatio value='2.03835'/>
	<timeFitness value='0.792361'/>
	<unitsAverage value='81'/>
</results>
