<results>
	<result value='win'/>
	<start value='2015-05-06.08:32:26'/>
	<end value='2015-05-06.08:32:59'/>
	<frames value='29607'/>
	<gameDuration value='1850'/>

	<player>
		<unitScore value='19350'/>
		<killScore value='21920'/>
		<buildingScore value='3325'/>
		<razingScore value='7155'/>
		<mineralScore value='23682'/>
		<gasScore value='2280'/>
		<totalScore value='77712'/>
	</player>

	<enemy>
		<race value='Zerg'/>
		<unitScore value='11075'/>
		<unitScore value='11075'/>
		<killScore value='19600'/>
		<buildingScore value='2385'/>
		<razingScore value='0'/>
		<mineralScore value='11418'/>
		<gasScore value='4312'/>
		<totalScore value='48790'/>
	</enemy>

	<scoreRatio value='1.59279'/>
	<timeFitness value='0.743056'/>
	<unitsAverage value='90'/>
</results>
