<results>
	<result value='win'/>
	<start value='2015-07-19.11:39:40'/>
	<end value='2015-07-19.11:42:31'/>
	<frames value='48703'/>
	<gameDuration value='3043'/>

	<player>
		<unitScore value='40525'/>
		<killScore value='29740'/>
		<buildingScore value='4675'/>
		<razingScore value='5760'/>
		<mineralScore value='50214'/>
		<gasScore value='7776'/>
		<totalScore value='138690'/>
	</player>

	<enemy>
		<race value='Zerg'/>
		<unitScore value='13750'/>
		<killScore value='54450'/>
		<buildingScore value='1920'/>
		<razingScore value='2175'/>
		<mineralScore value='12050'/>
		<gasScore value='5582'/>
		<totalScore value='89927'/>
	</enemy>

	<scoreRatio value='1.54225'/>
	<timeFitness value='0.577361'/>
	<unitsAverage value='152'/>
</results>
