<results>
	<result value='loss'/>
	<start value='2015-07-19.11:56:53'/>
	<end value='2015-07-19.11:57:41'/>
	<frames value='30568'/>
	<gameDuration value='1910'/>

	<player>
		<unitScore value='17475'/>
		<killScore value='10600'/>
		<buildingScore value='3975'/>
		<razingScore value='0'/>
		<mineralScore value='22498'/>
		<gasScore value='2984'/>
		<totalScore value='57532'/>
	</player>

	<enemy>
		<race value='Zerg'/>
		<unitScore value='13250'/>
		<killScore value='34950'/>
		<buildingScore value='3090'/>
		<razingScore value='11925'/>
		<mineralScore value='18322'/>
		<gasScore value='5256'/>
		<totalScore value='86793'/>
	</enemy>

	<scoreRatio value='0.662865'/>
	<timeFitness value='0.265278'/>
	<unitsAverage value='56'/>
</results>
