<results>
	<result value='loss'/>
	<start value='2015-07-13.21:26:47'/>
	<end value='2015-07-13.21:27:01'/>
	<frames value='19439'/>
	<gameDuration value='1214'/>

	<player>
		<unitScore value='5225'/>
		<killScore value='0'/>
		<buildingScore value='1975'/>
		<razingScore value='0'/>
		<mineralScore value='6482'/>
		<gasScore value='1664'/>
		<totalScore value='15346'/>
	</player>

	<enemy>
		<race value='Protoss'/>
		<unitScore value='5650'/>
		<killScore value='8900'/>
		<buildingScore value='4375'/>
		<razingScore value='5925'/>
		<mineralScore value='10322'/>
		<gasScore value='2784'/>
		<totalScore value='37956'/>
	</enemy>

	<scoreRatio value='0.40431'/>
	<timeFitness value='0.168611'/>
	<unitsAverage value='30'/>
</results>
