<results>
	<result value='loss'/>
	<start value='2015-07-13.21:35:51'/>
	<end value='2015-07-13.21:37:16'/>
	<frames value='54283'/>
	<gameDuration value='3392'/>

	<player>
		<unitScore value='29775'/>
		<killScore value='32500'/>
		<buildingScore value='2725'/>
		<razingScore value='5850'/>
		<mineralScore value='24074'/>
		<gasScore value='4996'/>
		<totalScore value='99920'/>
	</player>

	<enemy>
		<race value='Protoss'/>
		<unitScore value='31425'/>
		<killScore value='54650'/>
		<buildingScore value='8675'/>
		<razingScore value='8175'/>
		<mineralScore value='37702'/>
		<gasScore value='10486'/>
		<totalScore value='151113'/>
	</enemy>

	<scoreRatio value='0.661227'/>
	<timeFitness value='0.471111'/>
	<unitsAverage value='79'/>
</results>
