<results>
	<result value='loss'/>
	<start value='2015-07-13.21:39:29'/>
	<end value='2015-07-13.21:39:39'/>
	<frames value='15192'/>
	<gameDuration value='949'/>

	<player>
		<unitScore value='3600'/>
		<killScore value='1200'/>
		<buildingScore value='1450'/>
		<razingScore value='0'/>
		<mineralScore value='4610'/>
		<gasScore value='632'/>
		<totalScore value='11492'/>
	</player>

	<enemy>
		<race value='Protoss'/>
		<unitScore value='3800'/>
		<killScore value='6850'/>
		<buildingScore value='2725'/>
		<razingScore value='4350'/>
		<mineralScore value='7602'/>
		<gasScore value='1584'/>
		<totalScore value='26911'/>
	</enemy>

	<scoreRatio value='0.427037'/>
	<timeFitness value='0.131806'/>
	<unitsAverage value='22'/>
</results>
