<results>
	<result value='loss'/>
	<start value='2015-04-03.20:19:39'/>
	<end value='2015-04-03.20:20:07'/>
	<frames value='39186'/>
	<gameDuration value='2449'/>

	<player>
		<unitScore value='15075'/>
		<killScore value='17050'/>
		<buildingScore value='3025'/>
		<razingScore value='300'/>
		<mineralScore value='17666'/>
		<gasScore value='3632'/>
		<totalScore value='56748'/>
	</player>

	<enemy>
		<race value='Protoss'/>
		<unitScore value='26825'/>
		<unitScore value='26825'/>
		<killScore value='29950'/>
		<buildingScore value='7575'/>
		<razingScore value='9075'/>
		<mineralScore value='27218'/>
		<gasScore value='10808'/>
		<totalScore value='111451'/>
	</enemy>

	<scoreRatio value='0.509174'/>
</results>
