<results>
	<result value='loss'/>
	<start value='2015-04-08.18:12:12'/>
	<end value='2015-04-08.18:12:19'/>
	<frames value='14758'/>
	<gameDuration value='922'/>

	<player>
		<unitScore value='2825'/>
		<killScore value='1200'/>
		<buildingScore value='1475'/>
		<razingScore value='0'/>
		<mineralScore value='4394'/>
		<gasScore value='824'/>
		<totalScore value='10718'/>
	</player>

	<enemy>
		<race value='Protoss'/>
		<unitScore value='3550'/>
		<unitScore value='3550'/>
		<killScore value='5650'/>
		<buildingScore value='2525'/>
		<razingScore value='4425'/>
		<mineralScore value='7682'/>
		<gasScore value='1280'/>
		<totalScore value='25112'/>
	</enemy>

	<scoreRatio value='0.426808'/>
</results>
