<results>
	<result value='win'/>
	<start value='2015-05-02.22:23:21'/>
	<end value='2015-05-02.22:24:06'/>
	<frames value='32397'/>
	<gameDuration value='2024'/>

	<player>
		<unitScore value='21450'/>
		<killScore value='31290'/>
		<buildingScore value='4125'/>
		<razingScore value='8310'/>
		<mineralScore value='32286'/>
		<gasScore value='2600'/>
		<totalScore value='100061'/>
	</player>

	<enemy>
		<race value='Zerg'/>
		<unitScore value='14550'/>
		<unitScore value='14550'/>
		<killScore value='22350'/>
		<buildingScore value='2770'/>
		<razingScore value='1800'/>
		<mineralScore value='14298'/>
		<gasScore value='4272'/>
		<totalScore value='60040'/>
	</enemy>

	<scoreRatio value='1.66657'/>
	<timeFitness value='0.718889'/>
	<unitsAverage value='109'/>
</results>
