<results>
	<result value='win'/>
	<start value='2015-04-11.00:28:38'/>
	<end value='2015-04-11.00:30:01'/>
	<frames value='48424'/>
	<gameDuration value='3026'/>

	<player>
		<unitScore value='23225'/>
		<killScore value='34350'/>
		<buildingScore value='2275'/>
		<razingScore value='28425'/>
		<mineralScore value='24490'/>
		<gasScore value='3320'/>
		<totalScore value='116085'/>
	</player>

	<enemy>
		<race value='Protoss'/>
		<unitScore value='17875'/>
		<unitScore value='17875'/>
		<killScore value='33150'/>
		<buildingScore value='9475'/>
		<razingScore value='0'/>
		<mineralScore value='24698'/>
		<gasScore value='7728'/>
		<totalScore value='92926'/>
	</enemy>

	<scoreRatio value='1.24922'/>
</results>
