<results>
	<result value='win'/>
	<start value='2015-04-11.00:30:32'/>
	<end value='2015-04-11.00:32:21'/>
	<frames value='40023'/>
	<gameDuration value='2501'/>

	<player>
		<unitScore value='29300'/>
		<killScore value='55500'/>
		<buildingScore value='3925'/>
		<razingScore value='18900'/>
		<mineralScore value='32634'/>
		<gasScore value='4128'/>
		<totalScore value='144387'/>
	</player>

	<enemy>
		<race value='Protoss'/>
		<unitScore value='29150'/>
		<unitScore value='29150'/>
		<killScore value='36500'/>
		<buildingScore value='6300'/>
		<razingScore value='150'/>
		<mineralScore value='26514'/>
		<gasScore value='9612'/>
		<totalScore value='108226'/>
	</enemy>

	<scoreRatio value='1.33412'/>
</results>
