<results>
	<result value='win'/>
	<start value='2015-04-27.12:36:34'/>
	<end value='2015-04-27.12:37:12'/>
	<frames value='33885'/>
	<gameDuration value='2117'/>

	<player>
		<unitScore value='17950'/>
		<killScore value='30350'/>
		<buildingScore value='3850'/>
		<razingScore value='10875'/>
		<mineralScore value='28206'/>
		<gasScore value='3376'/>
		<totalScore value='94607'/>
	</player>

	<enemy>
		<race value='Terran'/>
		<unitScore value='18125'/>
		<unitScore value='18125'/>
		<killScore value='14100'/>
		<buildingScore value='3675'/>
		<razingScore value='525'/>
		<mineralScore value='15038'/>
		<gasScore value='7472'/>
		<totalScore value='58935'/>
	</enemy>

	<scoreRatio value='1.60528'/>
</results>
