<results>
	<result value='win'/>
	<start value='2015-04-10.05:18:33'/>
	<end value='2015-04-10.05:19:03'/>
	<frames value='32614'/>
	<gameDuration value='2038'/>

	<player>
		<unitScore value='19425'/>
		<killScore value='21950'/>
		<buildingScore value='2425'/>
		<razingScore value='18375'/>
		<mineralScore value='21786'/>
		<gasScore value='1088'/>
		<totalScore value='85049'/>
	</player>

	<enemy>
		<race value='Protoss'/>
		<unitScore value='12375'/>
		<unitScore value='12375'/>
		<killScore value='24100'/>
		<buildingScore value='6125'/>
		<razingScore value='900'/>
		<mineralScore value='14354'/>
		<gasScore value='4968'/>
		<totalScore value='62822'/>
	</enemy>

	<scoreRatio value='1.35381'/>
</results>
