<results>
	<result value='win'/>
	<start value='2014-07-01.05:43:47'/>
	<end value='2014-07-01.05:44:23'/>
	<frames value='35590'/>
	<gameDuration value='2224'/>

	<player>
		<unitScore value='21025'/>
		<killScore value='32250'/>
		<buildingScore value='4125'/>
		<razingScore value='19950'/>
		<mineralScore value='30178'/>
		<gasScore value='2880'/>
		<totalScore value='110408'/>
	</player>

	<enemy>
		<race value='Protoss'/>
		<unitScore value='17500'/>
		<unitScore value='17500'/>
		<killScore value='19300'/>
		<buildingScore value='6650'/>
		<razingScore value='1500'/>
		<mineralScore value='18274'/>
		<gasScore value='6672'/>
		<totalScore value='69896'/>
	</enemy>

	<scoreRatio value='1.5796'/>
</results>
