<results>
	<result value='loss'/>
	<start value='2014-07-01.05:45:41'/>
	<end value='2014-07-01.05:45:47'/>
	<frames value='14820'/>
	<gameDuration value='926'/>

	<player>
		<unitScore value='3150'/>
		<killScore value='400'/>
		<buildingScore value='1525'/>
		<razingScore value='0'/>
		<mineralScore value='4882'/>
		<gasScore value='712'/>
		<totalScore value='10669'/>
	</player>

	<enemy>
		<race value='Protoss'/>
		<unitScore value='3300'/>
		<unitScore value='3300'/>
		<killScore value='6300'/>
		<buildingScore value='2475'/>
		<razingScore value='4575'/>
		<mineralScore value='7522'/>
		<gasScore value='1160'/>
		<totalScore value='25332'/>
	</enemy>

	<scoreRatio value='0.421167'/>
</results>
