<results>
	<result value='loss'/>
	<start value='2015-05-10.07:01:05'/>
	<end value='2015-05-10.07:01:48'/>
	<frames value='44735'/>
	<gameDuration value='2795'/>

	<player>
		<unitScore value='12500'/>
		<killScore value='15850'/>
		<buildingScore value='1400'/>
		<razingScore value='6675'/>
		<mineralScore value='12154'/>
		<gasScore value='4104'/>
		<totalScore value='52683'/>
	</player>

	<enemy>
		<race value='Protoss'/>
		<unitScore value='21650'/>
		<unitScore value='21650'/>
		<killScore value='24750'/>
		<buildingScore value='10450'/>
		<razingScore value='4200'/>
		<mineralScore value='32806'/>
		<gasScore value='8952'/>
		<totalScore value='102808'/>
	</enemy>

	<scoreRatio value='0.512441'/>
	<timeFitness value='0.388194'/>
	<unitsAverage value='47'/>
</results>
