<results>
	<result value='win'/>
	<start value='2015-05-01.00:31:39'/>
	<end value='2015-05-01.00:32:13'/>
	<frames value='25670'/>
	<gameDuration value='1604'/>

	<player>
		<unitScore value='14575'/>
		<killScore value='19950'/>
		<buildingScore value='3975'/>
		<razingScore value='5580'/>
		<mineralScore value='23502'/>
		<gasScore value='2392'/>
		<totalScore value='69974'/>
	</player>

	<enemy>
		<race value='Zerg'/>
		<unitScore value='9125'/>
		<unitScore value='9125'/>
		<killScore value='11400'/>
		<buildingScore value='1860'/>
		<razingScore value='0'/>
		<mineralScore value='9386'/>
		<gasScore value='2664'/>
		<totalScore value='34435'/>
	</enemy>

	<scoreRatio value='2.03206'/>
</results>
