<results>
	<result value='loss'/>
	<start value='2015-04-25.04:31:56'/>
	<end value='2015-04-25.04:32:12'/>
	<frames value='30351'/>
	<gameDuration value='1896'/>

	<player>
		<unitScore value='4600'/>
		<killScore value='2400'/>
		<buildingScore value='1875'/>
		<razingScore value='0'/>
		<mineralScore value='6578'/>
		<gasScore value='1144'/>
		<totalScore value='16597'/>
	</player>

	<enemy>
		<race value='Terran'/>
		<unitScore value='15100'/>
		<unitScore value='15100'/>
		<killScore value='9200'/>
		<buildingScore value='4675'/>
		<razingScore value='5625'/>
		<mineralScore value='16738'/>
		<gasScore value='7574'/>
		<totalScore value='58912'/>
	</enemy>

	<scoreRatio value='0.281725'/>
</results>
