<results>
	<result value='win'/>
	<start value='2015-04-25.04:39:55'/>
	<end value='2015-04-25.04:40:20'/>
	<frames value='36985'/>
	<gameDuration value='2311'/>

	<player>
		<unitScore value='13250'/>
		<killScore value='28250'/>
		<buildingScore value='2800'/>
		<razingScore value='12600'/>
		<mineralScore value='15722'/>
		<gasScore value='2744'/>
		<totalScore value='75366'/>
	</player>

	<enemy>
		<race value='Terran'/>
		<unitScore value='15725'/>
		<unitScore value='15725'/>
		<killScore value='19050'/>
		<buildingScore value='4200'/>
		<razingScore value='3600'/>
		<mineralScore value='15258'/>
		<gasScore value='6896'/>
		<totalScore value='64729'/>
	</enemy>

	<scoreRatio value='1.16433'/>
</results>
