<results>
	<result value='win'/>
	<start value='2015-04-25.04:48:12'/>
	<end value='2015-04-25.04:48:35'/>
	<frames value='25856'/>
	<gameDuration value='1616'/>

	<player>
		<unitScore value='11625'/>
		<killScore value='18350'/>
		<buildingScore value='4525'/>
		<razingScore value='9225'/>
		<mineralScore value='20682'/>
		<gasScore value='2480'/>
		<totalScore value='66887'/>
	</player>

	<enemy>
		<race value='Terran'/>
		<unitScore value='9975'/>
		<unitScore value='9975'/>
		<killScore value='4800'/>
		<buildingScore value='3075'/>
		<razingScore value='1650'/>
		<mineralScore value='11018'/>
		<gasScore value='4360'/>
		<totalScore value='34878'/>
	</enemy>

	<scoreRatio value='1.91774'/>
</results>
