<results>
	<result value='loss'/>
	<start value='2015-07-20.03:20:29'/>
	<end value='2015-07-20.03:21:04'/>
	<frames value='29018'/>
	<gameDuration value='1813'/>

	<player>
		<unitScore value='14550'/>
		<killScore value='10050'/>
		<buildingScore value='4475'/>
		<razingScore value='0'/>
		<mineralScore value='20862'/>
		<gasScore value='2376'/>
		<totalScore value='52313'/>
	</player>

	<enemy>
		<race value='Zerg'/>
		<unitScore value='15475'/>
		<killScore value='29100'/>
		<buildingScore value='3485'/>
		<razingScore value='13425'/>
		<mineralScore value='17646'/>
		<gasScore value='6160'/>
		<totalScore value='85291'/>
	</enemy>

	<scoreRatio value='0.613347'/>
	<timeFitness value='0.251806'/>
	<unitsAverage value='66'/>
</results>
