<results>
	<result value='loss'/>
	<start value='2015-05-09.21:37:40'/>
	<end value='2015-05-09.21:38:01'/>
	<frames value='20617'/>
	<gameDuration value='1288'/>

	<player>
		<unitScore value='6325'/>
		<killScore value='3300'/>
		<buildingScore value='2250'/>
		<razingScore value='0'/>
		<mineralScore value='8754'/>
		<gasScore value='1216'/>
		<totalScore value='21845'/>
	</player>

	<enemy>
		<race value='Terran'/>
		<unitScore value='8150'/>
		<unitScore value='8150'/>
		<killScore value='12650'/>
		<buildingScore value='2925'/>
		<razingScore value='6750'/>
		<mineralScore value='9802'/>
		<gasScore value='3888'/>
		<totalScore value='44165'/>
	</enemy>

	<scoreRatio value='0.494622'/>
	<timeFitness value='0.178889'/>
	<unitsAverage value='35'/>
</results>
