<results>
	<result value='win'/>
	<start value='2015-05-04.09:22:57'/>
	<end value='2015-05-04.09:23:22'/>
	<frames value='25112'/>
	<gameDuration value='1569'/>

	<player>
		<unitScore value='12950'/>
		<killScore value='18300'/>
		<buildingScore value='4350'/>
		<razingScore value='9300'/>
		<mineralScore value='22674'/>
		<gasScore value='2752'/>
		<totalScore value='70326'/>
	</player>

	<enemy>
		<race value='Terran'/>
		<unitScore value='9150'/>
		<unitScore value='9150'/>
		<killScore value='6400'/>
		<buildingScore value='3100'/>
		<razingScore value='1575'/>
		<mineralScore value='10538'/>
		<gasScore value='4328'/>
		<totalScore value='35091'/>
	</enemy>

	<scoreRatio value='2.0041'/>
	<timeFitness value='0.782083'/>
	<unitsAverage value='90'/>
</results>
