<results>
	<result value='loss'/>
	<start value='2015-05-04.09:23:26'/>
	<end value='2015-05-04.09:23:37'/>
	<frames value='19687'/>
	<gameDuration value='1230'/>

	<player>
		<unitScore value='5625'/>
		<killScore value='2200'/>
		<buildingScore value='1650'/>
		<razingScore value='0'/>
		<mineralScore value='7378'/>
		<gasScore value='1176'/>
		<totalScore value='18029'/>
	</player>

	<enemy>
		<race value='Terran'/>
		<unitScore value='7400'/>
		<unitScore value='7400'/>
		<killScore value='11250'/>
		<buildingScore value='2850'/>
		<razingScore value='4950'/>
		<mineralScore value='9146'/>
		<gasScore value='3432'/>
		<totalScore value='39028'/>
	</enemy>

	<scoreRatio value='0.46195'/>
	<timeFitness value='0.170833'/>
	<unitsAverage value='30'/>
</results>
