<results>
	<result value='loss'/>
	<start value='2015-05-09.21:42:17'/>
	<end value='2015-05-09.21:42:41'/>
	<frames value='22260'/>
	<gameDuration value='1391'/>

	<player>
		<unitScore value='6300'/>
		<killScore value='3700'/>
		<buildingScore value='2750'/>
		<razingScore value='0'/>
		<mineralScore value='9674'/>
		<gasScore value='1512'/>
		<totalScore value='23936'/>
	</player>

	<enemy>
		<race value='Terran'/>
		<unitScore value='7550'/>
		<unitScore value='7550'/>
		<killScore value='12600'/>
		<buildingScore value='2700'/>
		<razingScore value='8250'/>
		<mineralScore value='10522'/>
		<gasScore value='3776'/>
		<totalScore value='45398'/>
	</enemy>

	<scoreRatio value='0.527248'/>
	<timeFitness value='0.193194'/>
	<unitsAverage value='34'/>
</results>
