<results>
	<result value='win'/>
	<start value='2015-05-09.21:43:14'/>
	<end value='2015-05-09.21:45:12'/>
	<frames value='44115'/>
	<gameDuration value='2757'/>

	<player>
		<unitScore value='22675'/>
		<killScore value='41500'/>
		<buildingScore value='6400'/>
		<razingScore value='10125'/>
		<mineralScore value='37346'/>
		<gasScore value='5496'/>
		<totalScore value='123542'/>
	</player>

	<enemy>
		<race value='Terran'/>
		<unitScore value='25050'/>
		<unitScore value='25050'/>
		<killScore value='21600'/>
		<buildingScore value='3375'/>
		<razingScore value='525'/>
		<mineralScore value='18186'/>
		<gasScore value='9292'/>
		<totalScore value='78028'/>
	</enemy>

	<scoreRatio value='1.5833'/>
	<timeFitness value='0.617083'/>
	<unitsAverage value='134'/>
</results>
