<results>
	<result value='loss'/>
	<start value='2015-05-07.16:21:17'/>
	<end value='2015-05-07.16:21:26'/>
	<frames value='17827'/>
	<gameDuration value='1114'/>

	<player>
		<unitScore value='5025'/>
		<killScore value='700'/>
		<buildingScore value='1525'/>
		<razingScore value='0'/>
		<mineralScore value='6674'/>
		<gasScore value='768'/>
		<totalScore value='14692'/>
	</player>

	<enemy>
		<race value='Terran'/>
		<unitScore value='6050'/>
		<unitScore value='6050'/>
		<killScore value='10050'/>
		<buildingScore value='2700'/>
		<razingScore value='4575'/>
		<mineralScore value='8154'/>
		<gasScore value='2864'/>
		<totalScore value='34393'/>
	</enemy>

	<scoreRatio value='0.42718'/>
	<timeFitness value='0.154722'/>
	<unitsAverage value='28'/>
</results>
