<results>
	<result value='loss'/>
	<start value='2015-04-09.01:19:44'/>
	<end value='2015-04-09.01:19:55'/>
	<frames value='20989'/>
	<gameDuration value='1311'/>

	<player>
		<unitScore value='4650'/>
		<killScore value='3800'/>
		<buildingScore value='1800'/>
		<razingScore value='0'/>
		<mineralScore value='6970'/>
		<gasScore value='1200'/>
		<totalScore value='18420'/>
	</player>

	<enemy>
		<race value='Protoss'/>
		<unitScore value='6150'/>
		<unitScore value='6150'/>
		<killScore value='9300'/>
		<buildingScore value='5275'/>
		<razingScore value='5400'/>
		<mineralScore value='12754'/>
		<gasScore value='3248'/>
		<totalScore value='42127'/>
	</enemy>

	<scoreRatio value='0.437249'/>
</results>
