<results>
	<result value='loss'/>
	<start value='2015-04-09.01:30:02'/>
	<end value='2015-04-09.01:30:25'/>
	<frames value='36055'/>
	<gameDuration value='2253'/>

	<player>
		<unitScore value='12925'/>
		<killScore value='9700'/>
		<buildingScore value='3050'/>
		<razingScore value='450'/>
		<mineralScore value='15450'/>
		<gasScore value='2040'/>
		<totalScore value='43615'/>
	</player>

	<enemy>
		<race value='Protoss'/>
		<unitScore value='21175'/>
		<unitScore value='21175'/>
		<killScore value='26100'/>
		<buildingScore value='7125'/>
		<razingScore value='9150'/>
		<mineralScore value='24510'/>
		<gasScore value='8474'/>
		<totalScore value='96534'/>
	</enemy>

	<scoreRatio value='0.45181'/>
</results>
