<results>
	<result value='win'/>
	<start value='2015-05-01.06:37:31'/>
	<end value='2015-05-01.06:38:05'/>
	<frames value='24430'/>
	<gameDuration value='1526'/>

	<player>
		<unitScore value='14375'/>
		<killScore value='26530'/>
		<buildingScore value='4125'/>
		<razingScore value='4560'/>
		<mineralScore value='22934'/>
		<gasScore value='2480'/>
		<totalScore value='75004'/>
	</player>

	<enemy>
		<race value='Zerg'/>
		<unitScore value='12225'/>
		<unitScore value='12225'/>
		<killScore value='7950'/>
		<buildingScore value='1520'/>
		<razingScore value='0'/>
		<mineralScore value='9594'/>
		<gasScore value='2960'/>
		<totalScore value='34249'/>
	</enemy>

	<scoreRatio value='2.18996'/>
</results>
