<results>
	<result value='loss'/>
	<start value='2015-04-07.16:29:14'/>
	<end value='2015-04-07.16:29:23'/>
	<frames value='18881'/>
	<gameDuration value='1180'/>

	<player>
		<unitScore value='5025'/>
		<killScore value='2700'/>
		<buildingScore value='1575'/>
		<razingScore value='0'/>
		<mineralScore value='6578'/>
		<gasScore value='648'/>
		<totalScore value='16526'/>
	</player>

	<enemy>
		<race value='Protoss'/>
		<unitScore value='5275'/>
		<unitScore value='5275'/>
		<killScore value='10050'/>
		<buildingScore value='3475'/>
		<razingScore value='4725'/>
		<mineralScore value='9762'/>
		<gasScore value='2392'/>
		<totalScore value='35679'/>
	</enemy>

	<scoreRatio value='0.463186'/>
</results>
