<results>
	<result value='loss'/>
	<start value='2015-04-07.16:29:36'/>
	<end value='2015-04-07.16:29:46'/>
	<frames value='16618'/>
	<gameDuration value='1038'/>

	<player>
		<unitScore value='4425'/>
		<killScore value='1500'/>
		<buildingScore value='1800'/>
		<razingScore value='0'/>
		<mineralScore value='6410'/>
		<gasScore value='512'/>
		<totalScore value='14647'/>
	</player>

	<enemy>
		<race value='Protoss'/>
		<unitScore value='3650'/>
		<unitScore value='3650'/>
		<killScore value='8850'/>
		<buildingScore value='3625'/>
		<razingScore value='5400'/>
		<mineralScore value='8530'/>
		<gasScore value='1608'/>
		<totalScore value='31663'/>
	</enemy>

	<scoreRatio value='0.46259'/>
</results>
