<results>
	<result value='win'/>
	<start value='2015-05-05.20:57:02'/>
	<end value='2015-05-05.20:57:17'/>
	<frames value='23097'/>
	<gameDuration value='1443'/>

	<player>
		<unitScore value='11700'/>
		<killScore value='17960'/>
		<buildingScore value='3175'/>
		<razingScore value='5580'/>
		<mineralScore value='15946'/>
		<gasScore value='1168'/>
		<totalScore value='55529'/>
	</player>

	<enemy>
		<race value='Zerg'/>
		<unitScore value='8825'/>
		<unitScore value='8825'/>
		<killScore value='9750'/>
		<buildingScore value='1860'/>
		<razingScore value='0'/>
		<mineralScore value='9098'/>
		<gasScore value='2624'/>
		<totalScore value='32157'/>
	</enemy>

	<scoreRatio value='1.72681'/>
	<timeFitness value='0.799583'/>
	<unitsAverage value='70'/>
</results>
