<results>
	<result value='win'/>
	<start value='2015-05-05.20:59:35'/>
	<end value='2015-05-05.21:00:17'/>
	<frames value='35280'/>
	<gameDuration value='2205'/>

	<player>
		<unitScore value='24875'/>
		<killScore value='36230'/>
		<buildingScore value='4225'/>
		<razingScore value='5280'/>
		<mineralScore value='42546'/>
		<gasScore value='3712'/>
		<totalScore value='116868'/>
	</player>

	<enemy>
		<race value='Zerg'/>
		<unitScore value='15925'/>
		<unitScore value='15925'/>
		<killScore value='26750'/>
		<buildingScore value='1760'/>
		<razingScore value='150'/>
		<mineralScore value='13794'/>
		<gasScore value='4368'/>
		<totalScore value='62747'/>
	</enemy>

	<scoreRatio value='1.86253'/>
	<timeFitness value='0.69375'/>
	<unitsAverage value='137'/>
</results>
