<results>
	<result value='win'/>
	<start value='2015-05-05.21:04:55'/>
	<end value='2015-05-05.21:05:34'/>
	<frames value='38349'/>
	<gameDuration value='2396'/>

	<player>
		<unitScore value='30700'/>
		<killScore value='42140'/>
		<buildingScore value='4175'/>
		<razingScore value='6660'/>
		<mineralScore value='36958'/>
		<gasScore value='3160'/>
		<totalScore value='123793'/>
	</player>

	<enemy>
		<race value='Zerg'/>
		<unitScore value='20425'/>
		<unitScore value='20425'/>
		<killScore value='38450'/>
		<buildingScore value='2220'/>
		<razingScore value='0'/>
		<mineralScore value='16578'/>
		<gasScore value='5234'/>
		<totalScore value='82907'/>
	</enemy>

	<scoreRatio value='1.49316'/>
	<timeFitness value='0.667222'/>
	<unitsAverage value='118'/>
</results>
