<results>
	<result value='win'/>
	<start value='2015-05-05.21:12:04'/>
	<end value='2015-05-05.21:12:34'/>
	<frames value='31591'/>
	<gameDuration value='1974'/>

	<player>
		<unitScore value='19675'/>
		<killScore value='32370'/>
		<buildingScore value='3575'/>
		<razingScore value='6330'/>
		<mineralScore value='30030'/>
		<gasScore value='3296'/>
		<totalScore value='95276'/>
	</player>

	<enemy>
		<race value='Zerg'/>
		<unitScore value='14750'/>
		<unitScore value='14750'/>
		<killScore value='17200'/>
		<buildingScore value='2110'/>
		<razingScore value='0'/>
		<mineralScore value='13806'/>
		<gasScore value='4288'/>
		<totalScore value='52154'/>
	</enemy>

	<scoreRatio value='1.82682'/>
	<timeFitness value='0.725833'/>
	<unitsAverage value='106'/>
</results>
