<results>
	<result value='win'/>
	<start value='2015-05-05.21:15:52'/>
	<end value='2015-05-05.21:16:10'/>
	<frames value='24678'/>
	<gameDuration value='1542'/>

	<player>
		<unitScore value='15200'/>
		<killScore value='23180'/>
		<buildingScore value='4050'/>
		<razingScore value='6015'/>
		<mineralScore value='20526'/>
		<gasScore value='1408'/>
		<totalScore value='70379'/>
	</player>

	<enemy>
		<race value='Zerg'/>
		<unitScore value='10650'/>
		<unitScore value='10650'/>
		<killScore value='11950'/>
		<buildingScore value='2005'/>
		<razingScore value='1350'/>
		<mineralScore value='10634'/>
		<gasScore value='3336'/>
		<totalScore value='39925'/>
	</enemy>

	<scoreRatio value='1.76278'/>
	<timeFitness value='0.785833'/>
	<unitsAverage value='82'/>
</results>
