<results>
	<result value='win'/>
	<start value='2015-04-12.10:25:05'/>
	<end value='2015-04-12.10:26:00'/>
	<frames value='28832'/>
	<gameDuration value='1802'/>

	<player>
		<unitScore value='16800'/>
		<killScore value='15800'/>
		<buildingScore value='3975'/>
		<razingScore value='9675'/>
		<mineralScore value='23810'/>
		<gasScore value='2984'/>
		<totalScore value='73044'/>
	</player>

	<enemy>
		<race value='Protoss'/>
		<unitScore value='7900'/>
		<unitScore value='7900'/>
		<killScore value='9600'/>
		<buildingScore value='3225'/>
		<razingScore value='150'/>
		<mineralScore value='10802'/>
		<gasScore value='3192'/>
		<totalScore value='34869'/>
	</enemy>

	<scoreRatio value='2.09481'/>
</results>
