<results>
	<result value='win'/>
	<start value='2015-04-10.18:32:02'/>
	<end value='2015-04-10.18:32:53'/>
	<frames value='42875'/>
	<gameDuration value='2679'/>

	<player>
		<unitScore value='25750'/>
		<killScore value='26550'/>
		<buildingScore value='3525'/>
		<razingScore value='22275'/>
		<mineralScore value='30034'/>
		<gasScore value='3088'/>
		<totalScore value='111222'/>
	</player>

	<enemy>
		<race value='Protoss'/>
		<unitScore value='13725'/>
		<unitScore value='13725'/>
		<killScore value='29500'/>
		<buildingScore value='7425'/>
		<razingScore value='0'/>
		<mineralScore value='24258'/>
		<gasScore value='7584'/>
		<totalScore value='82492'/>
	</enemy>

	<scoreRatio value='1.34828'/>
</results>
