<results>
	<result value='win'/>
	<start value='2015-04-10.18:38:50'/>
	<end value='2015-04-10.18:39:31'/>
	<frames value='37233'/>
	<gameDuration value='2327'/>

	<player>
		<unitScore value='23650'/>
		<killScore value='23300'/>
		<buildingScore value='3725'/>
		<razingScore value='19575'/>
		<mineralScore value='33402'/>
		<gasScore value='3496'/>
		<totalScore value='107148'/>
	</player>

	<enemy>
		<race value='Protoss'/>
		<unitScore value='13400'/>
		<unitScore value='13400'/>
		<killScore value='25400'/>
		<buildingScore value='6525'/>
		<razingScore value='150'/>
		<mineralScore value='14770'/>
		<gasScore value='3952'/>
		<totalScore value='64197'/>
	</enemy>

	<scoreRatio value='1.66905'/>
</results>
