<results>
	<result value='draw'/>
	<start value='2015-04-10.18:46:05'/>
	<end value='2015-04-10.18:47:06'/>
	<frames value='57601'/>
	<gameDuration value='3600'/>

	<player>
		<unitScore value='29875'/>
		<killScore value='56150'/>
		<buildingScore value='3500'/>
		<razingScore value='900'/>
		<mineralScore value='31478'/>
		<gasScore value='6896'/>
		<totalScore value='128799'/>
	</player>

	<enemy>
		<race value='Protoss'/>
		<unitScore value='38725'/>
		<unitScore value='38725'/>
		<killScore value='49950'/>
		<buildingScore value='6275'/>
		<razingScore value='4575'/>
		<mineralScore value='31550'/>
		<gasScore value='12022'/>
		<totalScore value='143097'/>
	</enemy>

	<scoreRatio value='0.900082'/>
</results>
