<results>
	<result value='loss'/>
	<start value='2015-05-03.22:13:28'/>
	<end value='2015-05-03.22:13:58'/>
	<frames value='30599'/>
	<gameDuration value='1912'/>

	<player>
		<unitScore value='9625'/>
		<killScore value='3900'/>
		<buildingScore value='1700'/>
		<razingScore value='450'/>
		<mineralScore value='10214'/>
		<gasScore value='1864'/>
		<totalScore value='27753'/>
	</player>

	<enemy>
		<race value='Protoss'/>
		<unitScore value='14675'/>
		<unitScore value='14675'/>
		<killScore value='19250'/>
		<buildingScore value='7075'/>
		<razingScore value='5100'/>
		<mineralScore value='19202'/>
		<gasScore value='7640'/>
		<totalScore value='72942'/>
	</enemy>

	<scoreRatio value='0.38048'/>
	<timeFitness value='0.265556'/>
	<unitsAverage value='34'/>
</results>
