<results>
	<result value='loss'/>
	<start value='2015-05-03.22:22:56'/>
	<end value='2015-05-03.22:23:13'/>
	<frames value='17827'/>
	<gameDuration value='1114'/>

	<player>
		<unitScore value='4525'/>
		<killScore value='2300'/>
		<buildingScore value='1300'/>
		<razingScore value='0'/>
		<mineralScore value='6402'/>
		<gasScore value='816'/>
		<totalScore value='15343'/>
	</player>

	<enemy>
		<race value='Protoss'/>
		<unitScore value='4550'/>
		<unitScore value='4550'/>
		<killScore value='9050'/>
		<buildingScore value='3025'/>
		<razingScore value='3900'/>
		<mineralScore value='9258'/>
		<gasScore value='2000'/>
		<totalScore value='31783'/>
	</enemy>

	<scoreRatio value='0.482742'/>
	<timeFitness value='0.154722'/>
	<unitsAverage value='30'/>
</results>
