<results>
	<result value='win'/>
	<start value='2015-05-03.22:32:54'/>
	<end value='2015-05-03.22:34:44'/>
	<frames value='49881'/>
	<gameDuration value='3117'/>

	<player>
		<unitScore value='29350'/>
		<killScore value='51400'/>
		<buildingScore value='5000'/>
		<razingScore value='19425'/>
		<mineralScore value='35410'/>
		<gasScore value='4600'/>
		<totalScore value='145185'/>
	</player>

	<enemy>
		<race value='Protoss'/>
		<unitScore value='29250'/>
		<unitScore value='29250'/>
		<killScore value='34850'/>
		<buildingScore value='6475'/>
		<razingScore value='2475'/>
		<mineralScore value='24402'/>
		<gasScore value='9866'/>
		<totalScore value='107318'/>
	</enemy>

	<scoreRatio value='1.35285'/>
	<timeFitness value='0.567083'/>
	<unitsAverage value='115'/>
</results>
