<results>
	<result value='win'/>
	<start value='2015-05-07.19:17:51'/>
	<end value='2015-05-07.19:19:20'/>
	<frames value='45789'/>
	<gameDuration value='2861'/>

	<player>
		<unitScore value='25350'/>
		<killScore value='63965'/>
		<buildingScore value='4575'/>
		<razingScore value='9075'/>
		<mineralScore value='36054'/>
		<gasScore value='4430'/>
		<totalScore value='143449'/>
	</player>

	<enemy>
		<race value='Zerg'/>
		<unitScore value='29875'/>
		<unitScore value='29875'/>
		<killScore value='21700'/>
		<buildingScore value='3025'/>
		<razingScore value='150'/>
		<mineralScore value='22098'/>
		<gasScore value='9256'/>
		<totalScore value='86104'/>
	</enemy>

	<scoreRatio value='1.666'/>
	<timeFitness value='0.602639'/>
	<unitsAverage value='155'/>
</results>
