<results>
	<result value='loss'/>
	<start value='2015-05-07.19:29:39'/>
	<end value='2015-05-07.19:29:54'/>
	<frames value='24771'/>
	<gameDuration value='1548'/>

	<player>
		<unitScore value='4850'/>
		<killScore value='9000'/>
		<buildingScore value='1875'/>
		<razingScore value='0'/>
		<mineralScore value='6322'/>
		<gasScore value='528'/>
		<totalScore value='22575'/>
	</player>

	<enemy>
		<race value='Zerg'/>
		<unitScore value='12675'/>
		<unitScore value='12675'/>
		<killScore value='9700'/>
		<buildingScore value='3295'/>
		<razingScore value='5625'/>
		<mineralScore value='14218'/>
		<gasScore value='4840'/>
		<totalScore value='50353'/>
	</enemy>

	<scoreRatio value='0.448335'/>
	<timeFitness value='0.215'/>
	<unitsAverage value='28'/>
</results>
