<results>
	<result value='loss'/>
	<start value='2015-05-07.19:49:14'/>
	<end value='2015-05-07.19:49:33'/>
	<frames value='22942'/>
	<gameDuration value='1433'/>

	<player>
		<unitScore value='9550'/>
		<killScore value='4300'/>
		<buildingScore value='2250'/>
		<razingScore value='0'/>
		<mineralScore value='23982'/>
		<gasScore value='0'/>
		<totalScore value='40082'/>
	</player>

	<enemy>
		<race value='Zerg'/>
		<unitScore value='10825'/>
		<unitScore value='10825'/>
		<killScore value='19100'/>
		<buildingScore value='2405'/>
		<razingScore value='6750'/>
		<mineralScore value='12162'/>
		<gasScore value='3448'/>
		<totalScore value='54690'/>
	</enemy>

	<scoreRatio value='0.732894'/>
	<timeFitness value='0.199028'/>
	<unitsAverage value='56'/>
</results>
