<results>
	<result value='win'/>
	<start value='2014-07-23.22:12:05'/>
	<end value='2014-07-23.22:12:18'/>
	<frames value='19780'/>
	<gameDuration value='1236'/>

	<player>
		<unitScore value='10250'/>
		<killScore value='12950'/>
		<buildingScore value='2850'/>
		<razingScore value='4125'/>
		<mineralScore value='14586'/>
		<gasScore value='1576'/>
		<totalScore value='46337'/>
	</player>

	<enemy>
		<race value='Terran'/>
		<unitScore value='6475'/>
		<unitScore value='6475'/>
		<killScore value='6050'/>
		<buildingScore value='1450'/>
		<razingScore value='0'/>
		<mineralScore value='9338'/>
		<gasScore value='2576'/>
		<totalScore value='25889'/>
	</enemy>

	<scoreRatio value='1.78983'/>
</results>
