<results>
	<result value='loss'/>
	<start value='2015-04-16.18:56:35'/>
	<end value='2015-04-16.18:58:08'/>
	<frames value='49602'/>
	<gameDuration value='3100'/>

	<player>
		<unitScore value='22600'/>
		<killScore value='37600'/>
		<buildingScore value='2425'/>
		<razingScore value='900'/>
		<mineralScore value='24034'/>
		<gasScore value='5220'/>
		<totalScore value='92779'/>
	</player>

	<enemy>
		<race value='Protoss'/>
		<unitScore value='42330'/>
		<unitScore value='42330'/>
		<killScore value='45200'/>
		<buildingScore value='8225'/>
		<razingScore value='7275'/>
		<mineralScore value='35530'/>
		<gasScore value='13806'/>
		<totalScore value='152366'/>
	</enemy>

	<scoreRatio value='0.608922'/>
</results>
