<results>
	<result value='win'/>
	<start value='2014-07-11.19:47:05'/>
	<end value='2014-07-11.19:47:44'/>
	<frames value='36768'/>
	<gameDuration value='2298'/>

	<player>
		<unitScore value='21650'/>
		<killScore value='48820'/>
		<buildingScore value='3525'/>
		<razingScore value='7215'/>
		<mineralScore value='33142'/>
		<gasScore value='4680'/>
		<totalScore value='119032'/>
	</player>

	<enemy>
		<race value='Zerg'/>
		<unitScore value='20475'/>
		<unitScore value='20475'/>
		<killScore value='23000'/>
		<buildingScore value='2405'/>
		<razingScore value='0'/>
		<mineralScore value='18514'/>
		<gasScore value='5544'/>
		<totalScore value='69938'/>
	</enemy>

	<scoreRatio value='1.70196'/>
</results>
