<results>
	<result value='loss'/>
	<start value='2015-05-08.13:27:23'/>
	<end value='2015-05-08.13:27:36'/>
	<frames value='22787'/>
	<gameDuration value='1424'/>

	<player>
		<unitScore value='7200'/>
		<killScore value='3600'/>
		<buildingScore value='2575'/>
		<razingScore value='0'/>
		<mineralScore value='9754'/>
		<gasScore value='1136'/>
		<totalScore value='24265'/>
	</player>

	<enemy>
		<race value='Terran'/>
		<unitScore value='8075'/>
		<unitScore value='8075'/>
		<killScore value='14400'/>
		<buildingScore value='2650'/>
		<razingScore value='7725'/>
		<mineralScore value='10878'/>
		<gasScore value='3856'/>
		<totalScore value='47584'/>
	</enemy>

	<scoreRatio value='0.50994'/>
	<timeFitness value='0.197778'/>
	<unitsAverage value='35'/>
</results>
