<results>
	<result value='loss'/>
	<start value='2015-07-10.14:15:15'/>
	<end value='2015-07-10.14:15:33'/>
	<frames value='18416'/>
	<gameDuration value='1151'/>

	<player>
		<unitScore value='5750'/>
		<killScore value='1600'/>
		<buildingScore value='2150'/>
		<razingScore value='0'/>
		<mineralScore value='7618'/>
		<gasScore value='1408'/>
		<totalScore value='18526'/>
	</player>

	<enemy>
		<race value='Terran'/>
		<unitScore value='6550'/>
		<killScore value='10700'/>
		<buildingScore value='2700'/>
		<razingScore value='6450'/>
		<mineralScore value='8530'/>
		<gasScore value='2688'/>
		<totalScore value='37618'/>
	</enemy>

	<scoreRatio value='0.492477'/>
	<timeFitness value='0.159861'/>
	<unitsAverage value='29'/>
</results>
