<results>
	<result value='loss'/>
	<start value='2015-07-20.17:59:12'/>
	<end value='2015-07-20.17:59:52'/>
	<frames value='45293'/>
	<gameDuration value='2830'/>

	<player>
		<unitScore value='18675'/>
		<killScore value='27180'/>
		<buildingScore value='3000'/>
		<razingScore value='1800'/>
		<mineralScore value='16978'/>
		<gasScore value='3688'/>
		<totalScore value='71321'/>
	</player>

	<enemy>
		<race value='Zerg'/>
		<unitScore value='29225'/>
		<killScore value='37350'/>
		<buildingScore value='5915'/>
		<razingScore value='8700'/>
		<mineralScore value='26678'/>
		<gasScore value='10828'/>
		<totalScore value='118696'/>
	</enemy>

	<scoreRatio value='0.600871'/>
	<timeFitness value='0.393056'/>
	<unitsAverage value='57'/>
</results>
