<results>
	<result value='loss'/>
	<start value='2015-07-20.18:03:46'/>
	<end value='2015-07-20.18:04:22'/>
	<frames value='34474'/>
	<gameDuration value='2154'/>

	<player>
		<unitScore value='19125'/>
		<killScore value='20250'/>
		<buildingScore value='2725'/>
		<razingScore value='0'/>
		<mineralScore value='23514'/>
		<gasScore value='3328'/>
		<totalScore value='68942'/>
	</player>

	<enemy>
		<race value='Zerg'/>
		<unitScore value='19250'/>
		<killScore value='38250'/>
		<buildingScore value='3850'/>
		<razingScore value='8175'/>
		<mineralScore value='18734'/>
		<gasScore value='6316'/>
		<totalScore value='94575'/>
	</enemy>

	<scoreRatio value='0.728966'/>
	<timeFitness value='0.299167'/>
	<unitsAverage value='64'/>
</results>
