<results>
	<result value='loss'/>
	<start value='2015-04-10.23:16:20'/>
	<end value='2015-04-10.23:17:26'/>
	<frames value='46037'/>
	<gameDuration value='2877'/>

	<player>
		<unitScore value='23075'/>
		<killScore value='26850'/>
		<buildingScore value='2600'/>
		<razingScore value='3075'/>
		<mineralScore value='23994'/>
		<gasScore value='4176'/>
		<totalScore value='83770'/>
	</player>

	<enemy>
		<race value='Protoss'/>
		<unitScore value='31725'/>
		<unitScore value='31725'/>
		<killScore value='46150'/>
		<buildingScore value='8350'/>
		<razingScore value='7800'/>
		<mineralScore value='31386'/>
		<gasScore value='11108'/>
		<totalScore value='136519'/>
	</enemy>

	<scoreRatio value='0.613614'/>
</results>
