<results>
	<result value='loss'/>
	<start value='2015-04-03.17:24:41'/>
	<end value='2015-04-03.17:24:49'/>
	<frames value='15936'/>
	<gameDuration value='996'/>

	<player>
		<unitScore value='3200'/>
		<killScore value='1600'/>
		<buildingScore value='1400'/>
		<razingScore value='0'/>
		<mineralScore value='4210'/>
		<gasScore value='448'/>
		<totalScore value='10858'/>
	</player>

	<enemy>
		<race value='Protoss'/>
		<unitScore value='3850'/>
		<unitScore value='3850'/>
		<killScore value='6400'/>
		<buildingScore value='3975'/>
		<razingScore value='4200'/>
		<mineralScore value='8634'/>
		<gasScore value='1600'/>
		<totalScore value='28659'/>
	</enemy>

	<scoreRatio value='0.378869'/>
</results>
