<results>
	<result value='win'/>
	<start value='2014-07-07.18:47:56'/>
	<end value='2014-07-07.18:48:29'/>
	<frames value='32583'/>
	<gameDuration value='2036'/>

	<player>
		<unitScore value='22650'/>
		<killScore value='30480'/>
		<buildingScore value='4475'/>
		<razingScore value='8550'/>
		<mineralScore value='26830'/>
		<gasScore value='3664'/>
		<totalScore value='96649'/>
	</player>

	<enemy>
		<race value='Zerg'/>
		<unitScore value='14400'/>
		<unitScore value='14400'/>
		<killScore value='20300'/>
		<buildingScore value='2850'/>
		<razingScore value='1950'/>
		<mineralScore value='14998'/>
		<gasScore value='4304'/>
		<totalScore value='58802'/>
	</enemy>

	<scoreRatio value='1.64363'/>
</results>
