<results>
	<result value='win'/>
	<start value='2014-07-07.18:48:33'/>
	<end value='2014-07-07.18:49:02'/>
	<frames value='29266'/>
	<gameDuration value='1829'/>

	<player>
		<unitScore value='19575'/>
		<killScore value='26380'/>
		<buildingScore value='3925'/>
		<razingScore value='6255'/>
		<mineralScore value='28762'/>
		<gasScore value='2608'/>
		<totalScore value='87505'/>
	</player>

	<enemy>
		<race value='Zerg'/>
		<unitScore value='13000'/>
		<unitScore value='13000'/>
		<killScore value='14400'/>
		<buildingScore value='2085'/>
		<razingScore value='0'/>
		<mineralScore value='12722'/>
		<gasScore value='4296'/>
		<totalScore value='46503'/>
	</enemy>

	<scoreRatio value='1.88171'/>
</results>
