<results>
	<result value='loss'/>
	<start value='2014-07-07.18:57:24'/>
	<end value='2014-07-07.18:57:26'/>
	<frames value='6667'/>
	<gameDuration value='416'/>

	<player>
		<unitScore value='1000'/>
		<killScore value='0'/>
		<buildingScore value='575'/>
		<razingScore value='0'/>
		<mineralScore value='1338'/>
		<gasScore value='40'/>
		<totalScore value='2953'/>
	</player>

	<enemy>
		<race value='Zerg'/>
		<unitScore value='1150'/>
		<unitScore value='1150'/>
		<killScore value='1900'/>
		<buildingScore value='375'/>
		<razingScore value='1725'/>
		<mineralScore value='1730'/>
		<gasScore value='0'/>
		<totalScore value='6880'/>
	</enemy>

	<scoreRatio value='0.429215'/>
</results>
