<results>
	<result value='win'/>
	<start value='2014-07-07.18:58:19'/>
	<end value='2014-07-07.18:58:39'/>
	<frames value='26538'/>
	<gameDuration value='1658'/>

	<player>
		<unitScore value='11975'/>
		<killScore value='22380'/>
		<buildingScore value='2250'/>
		<razingScore value='6855'/>
		<mineralScore value='14010'/>
		<gasScore value='2840'/>
		<totalScore value='60310'/>
	</player>

	<enemy>
		<race value='Zerg'/>
		<unitScore value='10425'/>
		<unitScore value='10425'/>
		<killScore value='13700'/>
		<buildingScore value='2285'/>
		<razingScore value='1950'/>
		<mineralScore value='10322'/>
		<gasScore value='3032'/>
		<totalScore value='41714'/>
	</enemy>

	<scoreRatio value='1.4458'/>
</results>
