<results>
	<result value='loss'/>
	<start value='2015-03-29.08:12:58'/>
	<end value='2015-03-29.08:13:07'/>
	<frames value='14014'/>
	<gameDuration value='875'/>

	<player>
		<unitScore value='3050'/>
		<killScore value='1200'/>
		<buildingScore value='1050'/>
		<razingScore value='0'/>
		<mineralScore value='4202'/>
		<gasScore value='320'/>
		<totalScore value='9822'/>
	</player>

	<enemy>
		<race value='Protoss'/>
		<unitScore value='3550'/>
		<unitScore value='3550'/>
		<killScore value='6100'/>
		<buildingScore value='2375'/>
		<razingScore value='3150'/>
		<mineralScore value='7010'/>
		<gasScore value='1168'/>
		<totalScore value='23353'/>
	</enemy>

	<scoreRatio value='0.420588'/>
</results>
