<results>
	<result value='win'/>
	<start value='2014-07-05.13:55:46'/>
	<end value='2014-07-05.13:56:13'/>
	<frames value='32614'/>
	<gameDuration value='2038'/>

	<player>
		<unitScore value='18475'/>
		<killScore value='24330'/>
		<buildingScore value='4550'/>
		<razingScore value='9210'/>
		<mineralScore value='28890'/>
		<gasScore value='2688'/>
		<totalScore value='88143'/>
	</player>

	<enemy>
		<race value='Zerg'/>
		<unitScore value='11825'/>
		<unitScore value='11825'/>
		<killScore value='12450'/>
		<buildingScore value='3070'/>
		<razingScore value='0'/>
		<mineralScore value='13042'/>
		<gasScore value='3776'/>
		<totalScore value='44163'/>
	</enemy>

	<scoreRatio value='1.99586'/>
</results>
