<results>
	<result value='win'/>
	<start value='2014-07-05.13:59:14'/>
	<end value='2014-07-05.14:00:37'/>
	<frames value='56298'/>
	<gameDuration value='3518'/>

	<player>
		<unitScore value='31250'/>
		<killScore value='43700'/>
		<buildingScore value='5075'/>
		<razingScore value='6840'/>
		<mineralScore value='46778'/>
		<gasScore value='8278'/>
		<totalScore value='141921'/>
	</player>

	<enemy>
		<race value='Zerg'/>
		<unitScore value='18900'/>
		<unitScore value='18900'/>
		<killScore value='35150'/>
		<buildingScore value='2280'/>
		<razingScore value='0'/>
		<mineralScore value='16274'/>
		<gasScore value='4592'/>
		<totalScore value='77196'/>
	</enemy>

	<scoreRatio value='1.83845'/>
</results>
