<results>
	<result value='loss'/>
	<start value='2015-03-31.12:33:27'/>
	<end value='2015-03-31.12:34:18'/>
	<frames value='45696'/>
	<gameDuration value='2856'/>

	<player>
		<unitScore value='22175'/>
		<killScore value='35200'/>
		<buildingScore value='2625'/>
		<razingScore value='300'/>
		<mineralScore value='23986'/>
		<gasScore value='4896'/>
		<totalScore value='89182'/>
	</player>

	<enemy>
		<race value='Protoss'/>
		<unitScore value='37805'/>
		<unitScore value='37805'/>
		<killScore value='44350'/>
		<buildingScore value='7575'/>
		<razingScore value='7875'/>
		<mineralScore value='33070'/>
		<gasScore value='11682'/>
		<totalScore value='142357'/>
	</enemy>

	<scoreRatio value='0.626467'/>
</results>
