<results>
	<result value='loss'/>
	<start value='2015-03-31.12:35:19'/>
	<end value='2015-03-31.12:35:50'/>
	<frames value='39310'/>
	<gameDuration value='2456'/>

	<player>
		<unitScore value='17300'/>
		<killScore value='18000'/>
		<buildingScore value='3450'/>
		<razingScore value='3600'/>
		<mineralScore value='21226'/>
		<gasScore value='1168'/>
		<totalScore value='64744'/>
	</player>

	<enemy>
		<race value='Protoss'/>
		<unitScore value='21650'/>
		<unitScore value='21650'/>
		<killScore value='34600'/>
		<buildingScore value='7925'/>
		<razingScore value='10350'/>
		<mineralScore value='25546'/>
		<gasScore value='8110'/>
		<totalScore value='108181'/>
	</enemy>

	<scoreRatio value='0.598478'/>
</results>
