<results>
	<result value='win'/>
	<start value='2015-04-12.11:33:00'/>
	<end value='2015-04-12.11:33:52'/>
	<frames value='31653'/>
	<gameDuration value='1978'/>

	<player>
		<unitScore value='19575'/>
		<killScore value='15700'/>
		<buildingScore value='3750'/>
		<razingScore value='12675'/>
		<mineralScore value='25146'/>
		<gasScore value='3576'/>
		<totalScore value='80422'/>
	</player>

	<enemy>
		<race value='Protoss'/>
		<unitScore value='8200'/>
		<unitScore value='8200'/>
		<killScore value='22600'/>
		<buildingScore value='4225'/>
		<razingScore value='225'/>
		<mineralScore value='11318'/>
		<gasScore value='2568'/>
		<totalScore value='49136'/>
	</enemy>

	<scoreRatio value='1.63672'/>
</results>
