<results>
	<result value='win'/>
	<start value='2015-05-06.06:47:50'/>
	<end value='2015-05-06.06:48:28'/>
	<frames value='37853'/>
	<gameDuration value='2365'/>

	<player>
		<unitScore value='25975'/>
		<killScore value='31650'/>
		<buildingScore value='4050'/>
		<razingScore value='15525'/>
		<mineralScore value='30782'/>
		<gasScore value='3592'/>
		<totalScore value='111574'/>
	</player>

	<enemy>
		<race value='Protoss'/>
		<unitScore value='17100'/>
		<unitScore value='17100'/>
		<killScore value='30900'/>
		<buildingScore value='5175'/>
		<razingScore value='300'/>
		<mineralScore value='16118'/>
		<gasScore value='5408'/>
		<totalScore value='75001'/>
	</enemy>

	<scoreRatio value='1.48763'/>
	<timeFitness value='0.671528'/>
	<unitsAverage value='106'/>
</results>
