<results>
	<result value='loss'/>
	<start value='2015-05-06.06:57:36'/>
	<end value='2015-05-06.06:57:42'/>
	<frames value='15502'/>
	<gameDuration value='968'/>

	<player>
		<unitScore value='2750'/>
		<killScore value='1200'/>
		<buildingScore value='1250'/>
		<razingScore value='0'/>
		<mineralScore value='4298'/>
		<gasScore value='776'/>
		<totalScore value='10274'/>
	</player>

	<enemy>
		<race value='Protoss'/>
		<unitScore value='3550'/>
		<unitScore value='3550'/>
		<killScore value='5500'/>
		<buildingScore value='3025'/>
		<razingScore value='3750'/>
		<mineralScore value='8082'/>
		<gasScore value='1568'/>
		<totalScore value='25475'/>
	</enemy>

	<scoreRatio value='0.403297'/>
	<timeFitness value='0.134444'/>
	<unitsAverage value='21'/>
</results>
