<results>
	<result value='loss'/>
	<start value='2015-05-06.07:11:00'/>
	<end value='2015-05-06.07:11:07'/>
	<frames value='16091'/>
	<gameDuration value='1005'/>

	<player>
		<unitScore value='3025'/>
		<killScore value='1000'/>
		<buildingScore value='1875'/>
		<razingScore value='0'/>
		<mineralScore value='5050'/>
		<gasScore value='664'/>
		<totalScore value='11614'/>
	</player>

	<enemy>
		<race value='Protoss'/>
		<unitScore value='3600'/>
		<unitScore value='3600'/>
		<killScore value='6050'/>
		<buildingScore value='3575'/>
		<razingScore value='5625'/>
		<mineralScore value='8354'/>
		<gasScore value='1560'/>
		<totalScore value='28764'/>
	</enemy>

	<scoreRatio value='0.403769'/>
	<timeFitness value='0.139583'/>
	<unitsAverage value='23'/>
</results>
