<results>
	<result value='win'/>
	<start value='2015-04-28.19:12:59'/>
	<end value='2015-04-28.19:13:36'/>
	<frames value='28026'/>
	<gameDuration value='1751'/>

	<player>
		<unitScore value='19725'/>
		<killScore value='30810'/>
		<buildingScore value='4025'/>
		<razingScore value='5160'/>
		<mineralScore value='23778'/>
		<gasScore value='1880'/>
		<totalScore value='85378'/>
	</player>

	<enemy>
		<race value='Zerg'/>
		<unitScore value='13900'/>
		<unitScore value='13900'/>
		<killScore value='23250'/>
		<buildingScore value='1720'/>
		<razingScore value='0'/>
		<mineralScore value='12002'/>
		<gasScore value='3648'/>
		<totalScore value='54520'/>
	</enemy>

	<scoreRatio value='1.56599'/>
</results>
