<results>
	<result value='loss'/>
	<start value='2015-04-10.12:03:15'/>
	<end value='2015-04-10.12:03:38'/>
	<frames value='31033'/>
	<gameDuration value='1939'/>

	<player>
		<unitScore value='9550'/>
		<killScore value='4100'/>
		<buildingScore value='3650'/>
		<razingScore value='0'/>
		<mineralScore value='18738'/>
		<gasScore value='2744'/>
		<totalScore value='38782'/>
	</player>

	<enemy>
		<race value='Protoss'/>
		<unitScore value='17150'/>
		<unitScore value='17150'/>
		<killScore value='19100'/>
		<buildingScore value='6725'/>
		<razingScore value='10950'/>
		<mineralScore value='21046'/>
		<gasScore value='7616'/>
		<totalScore value='82587'/>
	</enemy>

	<scoreRatio value='0.46959'/>
</results>
