<results>
	<result value='win'/>
	<start value='2015-05-06.03:10:54'/>
	<end value='2015-05-06.03:11:32'/>
	<frames value='25949'/>
	<gameDuration value='1621'/>

	<player>
		<unitScore value='11275'/>
		<killScore value='21800'/>
		<buildingScore value='3875'/>
		<razingScore value='8700'/>
		<mineralScore value='19274'/>
		<gasScore value='1912'/>
		<totalScore value='66836'/>
	</player>

	<enemy>
		<race value='Terran'/>
		<unitScore value='10900'/>
		<unitScore value='10900'/>
		<killScore value='6050'/>
		<buildingScore value='2900'/>
		<razingScore value='1650'/>
		<mineralScore value='10178'/>
		<gasScore value='4256'/>
		<totalScore value='35934'/>
	</enemy>

	<scoreRatio value='1.85997'/>
	<timeFitness value='0.774861'/>
	<unitsAverage value='71'/>
</results>
