<results>
	<result value='win'/>
	<start value='2015-05-06.03:21:16'/>
	<end value='2015-05-06.03:21:38'/>
	<frames value='18788'/>
	<gameDuration value='1174'/>

	<player>
		<unitScore value='8000'/>
		<killScore value='12100'/>
		<buildingScore value='2675'/>
		<razingScore value='4500'/>
		<mineralScore value='12026'/>
		<gasScore value='1664'/>
		<totalScore value='40965'/>
	</player>

	<enemy>
		<race value='Terran'/>
		<unitScore value='6050'/>
		<unitScore value='6050'/>
		<killScore value='3500'/>
		<buildingScore value='1500'/>
		<razingScore value='150'/>
		<mineralScore value='8426'/>
		<gasScore value='2168'/>
		<totalScore value='21794'/>
	</enemy>

	<scoreRatio value='1.87965'/>
	<timeFitness value='0.836944'/>
	<unitsAverage value='54'/>
</results>
