<results>
	<result value='win'/>
	<start value='2015-05-06.03:24:52'/>
	<end value='2015-05-06.03:25:35'/>
	<frames value='31808'/>
	<gameDuration value='1988'/>

	<player>
		<unitScore value='14450'/>
		<killScore value='27900'/>
		<buildingScore value='3775'/>
		<razingScore value='9900'/>
		<mineralScore value='19530'/>
		<gasScore value='2240'/>
		<totalScore value='77795'/>
	</player>

	<enemy>
		<race value='Terran'/>
		<unitScore value='15550'/>
		<unitScore value='15550'/>
		<killScore value='16250'/>
		<buildingScore value='3300'/>
		<razingScore value='1950'/>
		<mineralScore value='14614'/>
		<gasScore value='6152'/>
		<totalScore value='57816'/>
	</enemy>

	<scoreRatio value='1.34556'/>
	<timeFitness value='0.723889'/>
	<unitsAverage value='61'/>
</results>
