<results>
	<result value='loss'/>
	<start value='2015-05-06.03:45:06'/>
	<end value='2015-05-06.03:45:24'/>
	<frames value='20121'/>
	<gameDuration value='1257'/>

	<player>
		<unitScore value='5150'/>
		<killScore value='3200'/>
		<buildingScore value='1600'/>
		<razingScore value='0'/>
		<mineralScore value='6570'/>
		<gasScore value='1616'/>
		<totalScore value='18136'/>
	</player>

	<enemy>
		<race value='Terran'/>
		<unitScore value='7625'/>
		<unitScore value='7625'/>
		<killScore value='10300'/>
		<buildingScore value='2925'/>
		<razingScore value='4800'/>
		<mineralScore value='9570'/>
		<gasScore value='3608'/>
		<totalScore value='38828'/>
	</enemy>

	<scoreRatio value='0.467086'/>
	<timeFitness value='0.174583'/>
	<unitsAverage value='28'/>
</results>
