<results>
	<result value='draw'/>
	<start value='2015-05-04.07:47:51'/>
	<end value='2015-05-04.07:48:50'/>
	<frames value='57601'/>
	<gameDuration value='3600'/>

	<player>
		<unitScore value='27400'/>
		<killScore value='28970'/>
		<buildingScore value='2975'/>
		<razingScore value='5835'/>
		<mineralScore value='31558'/>
		<gasScore value='0'/>
		<totalScore value='96738'/>
	</player>

	<enemy>
		<race value='Zerg'/>
		<unitScore value='14225'/>
		<unitScore value='14225'/>
		<killScore value='44100'/>
		<buildingScore value='2525'/>
		<razingScore value='0'/>
		<mineralScore value='14582'/>
		<gasScore value='4312'/>
		<totalScore value='79744'/>
	</enemy>

	<scoreRatio value='1.21311'/>
	<timeFitness value='0.5'/>
	<unitsAverage value='110'/>
</results>
