<results>
	<result value='win'/>
	<start value='2015-05-04.07:52:43'/>
	<end value='2015-05-04.07:53:04'/>
	<frames value='26042'/>
	<gameDuration value='1627'/>

	<player>
		<unitScore value='16800'/>
		<killScore value='27690'/>
		<buildingScore value='3400'/>
		<razingScore value='4560'/>
		<mineralScore value='23306'/>
		<gasScore value='0'/>
		<totalScore value='75756'/>
	</player>

	<enemy>
		<race value='Zerg'/>
		<unitScore value='11650'/>
		<unitScore value='11650'/>
		<killScore value='20000'/>
		<buildingScore value='1520'/>
		<razingScore value='0'/>
		<mineralScore value='10530'/>
		<gasScore value='2920'/>
		<totalScore value='46620'/>
	</enemy>

	<scoreRatio value='1.62497'/>
	<timeFitness value='0.774028'/>
	<unitsAverage value='75'/>
</results>
