<results>
	<result value='win'/>
	<start value='2015-05-10.20:13:33'/>
	<end value='2015-05-10.20:14:13'/>
	<frames value='29421'/>
	<gameDuration value='1838'/>

	<player>
		<unitScore value='19150'/>
		<killScore value='25590'/>
		<buildingScore value='3675'/>
		<razingScore value='6735'/>
		<mineralScore value='27882'/>
		<gasScore value='2072'/>
		<totalScore value='85104'/>
	</player>

	<enemy>
		<race value='Zerg'/>
		<unitScore value='12125'/>
		<unitScore value='12125'/>
		<killScore value='11550'/>
		<buildingScore value='2245'/>
		<razingScore value='150'/>
		<mineralScore value='12094'/>
		<gasScore value='4384'/>
		<totalScore value='42548'/>
	</enemy>

	<scoreRatio value='2.00019'/>
	<timeFitness value='0.744722'/>
	<unitsAverage value='110'/>
</results>
