<results>
	<result value='win'/>
	<start value='2014-07-04.05:12:09'/>
	<end value='2014-07-04.05:12:46'/>
	<frames value='32211'/>
	<gameDuration value='2013'/>

	<player>
		<unitScore value='22650'/>
		<killScore value='24850'/>
		<buildingScore value='4525'/>
		<razingScore value='17175'/>
		<mineralScore value='33090'/>
		<gasScore value='2688'/>
		<totalScore value='104978'/>
	</player>

	<enemy>
		<race value='Protoss'/>
		<unitScore value='13575'/>
		<unitScore value='13575'/>
		<killScore value='22550'/>
		<buildingScore value='5725'/>
		<razingScore value='225'/>
		<mineralScore value='15378'/>
		<gasScore value='5136'/>
		<totalScore value='62589'/>
	</enemy>

	<scoreRatio value='1.67726'/>
</results>
