<results>
	<result value='loss'/>
	<start value='2015-04-14.07:14:49'/>
	<end value='2015-04-14.07:15:59'/>
	<frames value='49292'/>
	<gameDuration value='3080'/>

	<player>
		<unitScore value='23450'/>
		<killScore value='41700'/>
		<buildingScore value='2550'/>
		<razingScore value='0'/>
		<mineralScore value='24010'/>
		<gasScore value='4712'/>
		<totalScore value='96422'/>
	</player>

	<enemy>
		<race value='Protoss'/>
		<unitScore value='38525'/>
		<unitScore value='38525'/>
		<killScore value='47000'/>
		<buildingScore value='7075'/>
		<razingScore value='7650'/>
		<mineralScore value='33086'/>
		<gasScore value='12168'/>
		<totalScore value='145504'/>
	</enemy>

	<scoreRatio value='0.662676'/>
</results>
