<results>
	<result value='win'/>
	<start value='2015-04-26.01:43:57'/>
	<end value='2015-04-26.01:44:07'/>
	<frames value='17114'/>
	<gameDuration value='1069'/>

	<player>
		<unitScore value='5275'/>
		<killScore value='10050'/>
		<buildingScore value='2175'/>
		<razingScore value='4350'/>
		<mineralScore value='8338'/>
		<gasScore value='1496'/>
		<totalScore value='31684'/>
	</player>

	<enemy>
		<race value='Terran'/>
		<unitScore value='5025'/>
		<unitScore value='5025'/>
		<killScore value='2200'/>
		<buildingScore value='1450'/>
		<razingScore value='1200'/>
		<mineralScore value='7618'/>
		<gasScore value='1904'/>
		<totalScore value='19397'/>
	</enemy>

	<scoreRatio value='1.63345'/>
</results>
