<results>
	<result value='loss'/>
	<start value='2015-04-26.02:00:44'/>
	<end value='2015-04-26.02:01:17'/>
	<frames value='50377'/>
	<gameDuration value='3148'/>

	<player>
		<unitScore value='18075'/>
		<killScore value='28850'/>
		<buildingScore value='2900'/>
		<razingScore value='0'/>
		<mineralScore value='20202'/>
		<gasScore value='4520'/>
		<totalScore value='74547'/>
	</player>

	<enemy>
		<race value='Terran'/>
		<unitScore value='26475'/>
		<unitScore value='26475'/>
		<killScore value='36400'/>
		<buildingScore value='4950'/>
		<razingScore value='8925'/>
		<mineralScore value='30642'/>
		<gasScore value='11524'/>
		<totalScore value='118916'/>
	</enemy>

	<scoreRatio value='0.626888'/>
</results>
