<results>
	<result value='loss'/>
	<start value='2015-04-26.02:00:30'/>
	<end value='2015-04-26.02:00:40'/>
	<frames value='19594'/>
	<gameDuration value='1224'/>

	<player>
		<unitScore value='4400'/>
		<killScore value='3000'/>
		<buildingScore value='1875'/>
		<razingScore value='0'/>
		<mineralScore value='6346'/>
		<gasScore value='768'/>
		<totalScore value='16389'/>
	</player>

	<enemy>
		<race value='Terran'/>
		<unitScore value='7500'/>
		<unitScore value='7500'/>
		<killScore value='8800'/>
		<buildingScore value='2850'/>
		<razingScore value='5625'/>
		<mineralScore value='9106'/>
		<gasScore value='3376'/>
		<totalScore value='37257'/>
	</enemy>

	<scoreRatio value='0.439891'/>
</results>
