<results>
	<result value='win'/>
	<start value='2015-04-26.02:17:37'/>
	<end value='2015-04-26.02:17:56'/>
	<frames value='26693'/>
	<gameDuration value='1668'/>

	<player>
		<unitScore value='10425'/>
		<killScore value='20350'/>
		<buildingScore value='2925'/>
		<razingScore value='9450'/>
		<mineralScore value='15390'/>
		<gasScore value='1880'/>
		<totalScore value='60420'/>
	</player>

	<enemy>
		<race value='Terran'/>
		<unitScore value='12075'/>
		<unitScore value='12075'/>
		<killScore value='9100'/>
		<buildingScore value='3150'/>
		<razingScore value='1575'/>
		<mineralScore value='11562'/>
		<gasScore value='5448'/>
		<totalScore value='42910'/>
	</enemy>

	<scoreRatio value='1.40806'/>
</results>
