<results>
	<result value='loss'/>
	<start value='2015-05-04.05:30:16'/>
	<end value='2015-05-04.05:30:24'/>
	<frames value='16897'/>
	<gameDuration value='1056'/>

	<player>
		<unitScore value='4550'/>
		<killScore value='1600'/>
		<buildingScore value='1425'/>
		<razingScore value='0'/>
		<mineralScore value='5930'/>
		<gasScore value='912'/>
		<totalScore value='14417'/>
	</player>

	<enemy>
		<race value='Protoss'/>
		<unitScore value='4475'/>
		<unitScore value='4475'/>
		<killScore value='9100'/>
		<buildingScore value='3375'/>
		<razingScore value='4275'/>
		<mineralScore value='8354'/>
		<gasScore value='2032'/>
		<totalScore value='31611'/>
	</enemy>

	<scoreRatio value='0.456075'/>
	<timeFitness value='0.146667'/>
	<unitsAverage value='29'/>
</results>
