<results>
	<result value='win'/>
	<start value='2015-05-04.05:30:27'/>
	<end value='2015-05-04.05:31:00'/>
	<frames value='45200'/>
	<gameDuration value='2825'/>

	<player>
		<unitScore value='23325'/>
		<killScore value='21400'/>
		<buildingScore value='2725'/>
		<razingScore value='20325'/>
		<mineralScore value='24402'/>
		<gasScore value='3704'/>
		<totalScore value='95881'/>
	</player>

	<enemy>
		<race value='Protoss'/>
		<unitScore value='11800'/>
		<unitScore value='11800'/>
		<killScore value='35850'/>
		<buildingScore value='6775'/>
		<razingScore value='1500'/>
		<mineralScore value='17746'/>
		<gasScore value='5500'/>
		<totalScore value='79171'/>
	</enemy>

	<scoreRatio value='1.21106'/>
	<timeFitness value='0.607639'/>
	<unitsAverage value='78'/>
</results>
