<results>
	<result value='loss'/>
	<start value='2015-05-10.21:40:47'/>
	<end value='2015-05-10.21:41:06'/>
	<frames value='21702'/>
	<gameDuration value='1356'/>

	<player>
		<unitScore value='5875'/>
		<killScore value='2200'/>
		<buildingScore value='1925'/>
		<razingScore value='0'/>
		<mineralScore value='8194'/>
		<gasScore value='1176'/>
		<totalScore value='19370'/>
	</player>

	<enemy>
		<race value='Protoss'/>
		<unitScore value='5425'/>
		<unitScore value='5425'/>
		<killScore value='11750'/>
		<buildingScore value='4625'/>
		<razingScore value='5775'/>
		<mineralScore value='11682'/>
		<gasScore value='2896'/>
		<totalScore value='42153'/>
	</enemy>

	<scoreRatio value='0.459517'/>
	<timeFitness value='0.188333'/>
	<unitsAverage value='36'/>
</results>
