<results>
	<result value='win'/>
	<start value='2015-05-04.05:37:53'/>
	<end value='2015-05-04.05:38:30'/>
	<frames value='40085'/>
	<gameDuration value='2505'/>

	<player>
		<unitScore value='27500'/>
		<killScore value='38600'/>
		<buildingScore value='3225'/>
		<razingScore value='21375'/>
		<mineralScore value='30050'/>
		<gasScore value='3440'/>
		<totalScore value='124190'/>
	</player>

	<enemy>
		<race value='Protoss'/>
		<unitScore value='19650'/>
		<unitScore value='19650'/>
		<killScore value='38700'/>
		<buildingScore value='7125'/>
		<razingScore value='0'/>
		<mineralScore value='23606'/>
		<gasScore value='5432'/>
		<totalScore value='94513'/>
	</enemy>

	<scoreRatio value='1.314'/>
	<timeFitness value='0.652083'/>
	<unitsAverage value='104'/>
</results>
