<results>
	<result value='win'/>
	<start value='2015-04-08.08:46:51'/>
	<end value='2015-04-08.08:47:35'/>
	<frames value='38473'/>
	<gameDuration value='2404'/>

	<player>
		<unitScore value='24975'/>
		<killScore value='43170'/>
		<buildingScore value='3800'/>
		<razingScore value='20325'/>
		<mineralScore value='28530'/>
		<gasScore value='3360'/>
		<totalScore value='124160'/>
	</player>

	<enemy>
		<race value='Protoss'/>
		<unitScore value='22710'/>
		<unitScore value='22710'/>
		<killScore value='36000'/>
		<buildingScore value='6775'/>
		<razingScore value='2700'/>
		<mineralScore value='22858'/>
		<gasScore value='7136'/>
		<totalScore value='98179'/>
	</enemy>

	<scoreRatio value='1.26463'/>
</results>
