<results>
	<result value='win'/>
	<start value='2015-04-08.08:51:50'/>
	<end value='2015-04-08.08:52:27'/>
	<frames value='30103'/>
	<gameDuration value='1881'/>

	<player>
		<unitScore value='23350'/>
		<killScore value='19300'/>
		<buildingScore value='4150'/>
		<razingScore value='13500'/>
		<mineralScore value='28578'/>
		<gasScore value='2648'/>
		<totalScore value='91526'/>
	</player>

	<enemy>
		<race value='Protoss'/>
		<unitScore value='9650'/>
		<unitScore value='9650'/>
		<killScore value='23350'/>
		<buildingScore value='4500'/>
		<razingScore value='0'/>
		<mineralScore value='21426'/>
		<gasScore value='1160'/>
		<totalScore value='60086'/>
	</enemy>

	<scoreRatio value='1.52325'/>
</results>
