<results>
	<result value='loss'/>
	<start value='2015-04-07.16:58:21'/>
	<end value='2015-04-07.16:58:30'/>
	<frames value='16928'/>
	<gameDuration value='1058'/>

	<player>
		<unitScore value='4300'/>
		<killScore value='1000'/>
		<buildingScore value='1750'/>
		<razingScore value='0'/>
		<mineralScore value='6514'/>
		<gasScore value='1000'/>
		<totalScore value='14564'/>
	</player>

	<enemy>
		<race value='Protoss'/>
		<unitScore value='4675'/>
		<unitScore value='4675'/>
		<killScore value='8600'/>
		<buildingScore value='3125'/>
		<razingScore value='5250'/>
		<mineralScore value='8794'/>
		<gasScore value='2280'/>
		<totalScore value='32724'/>
	</enemy>

	<scoreRatio value='0.445056'/>
</results>
