<results>
	<result value='loss'/>
	<start value='2015-04-16.17:50:47'/>
	<end value='2015-04-16.17:51:49'/>
	<frames value='43185'/>
	<gameDuration value='2699'/>

	<player>
		<unitScore value='22350'/>
		<killScore value='20250'/>
		<buildingScore value='2325'/>
		<razingScore value='1500'/>
		<mineralScore value='24002'/>
		<gasScore value='4824'/>
		<totalScore value='75251'/>
	</player>

	<enemy>
		<race value='Protoss'/>
		<unitScore value='32985'/>
		<unitScore value='32985'/>
		<killScore value='44800'/>
		<buildingScore value='8475'/>
		<razingScore value='6975'/>
		<mineralScore value='31394'/>
		<gasScore value='11918'/>
		<totalScore value='136547'/>
	</enemy>

	<scoreRatio value='0.5511'/>
</results>
