<results>
	<result value='win'/>
	<start value='2015-05-07.07:01:53'/>
	<end value='2015-05-07.07:02:25'/>
	<frames value='29793'/>
	<gameDuration value='1862'/>

	<player>
		<unitScore value='13900'/>
		<killScore value='24400'/>
		<buildingScore value='4175'/>
		<razingScore value='8550'/>
		<mineralScore value='23034'/>
		<gasScore value='2512'/>
		<totalScore value='76571'/>
	</player>

	<enemy>
		<race value='Terran'/>
		<unitScore value='12200'/>
		<unitScore value='12200'/>
		<killScore value='7500'/>
		<buildingScore value='2850'/>
		<razingScore value='300'/>
		<mineralScore value='11042'/>
		<gasScore value='4416'/>
		<totalScore value='38308'/>
	</enemy>

	<scoreRatio value='1.99883'/>
	<timeFitness value='0.741389'/>
	<unitsAverage value='81'/>
</results>
