<results>
	<result value='win'/>
	<start value='2015-05-07.07:04:13'/>
	<end value='2015-05-07.07:04:31'/>
	<frames value='25453'/>
	<gameDuration value='1590'/>

	<player>
		<unitScore value='8950'/>
		<killScore value='19900'/>
		<buildingScore value='3050'/>
		<razingScore value='8100'/>
		<mineralScore value='13098'/>
		<gasScore value='1640'/>
		<totalScore value='54738'/>
	</player>

	<enemy>
		<race value='Terran'/>
		<unitScore value='9950'/>
		<unitScore value='9950'/>
		<killScore value='5750'/>
		<buildingScore value='2700'/>
		<razingScore value='1500'/>
		<mineralScore value='9330'/>
		<gasScore value='3584'/>
		<totalScore value='32814'/>
	</enemy>

	<scoreRatio value='1.66813'/>
	<timeFitness value='0.779167'/>
	<unitsAverage value='48'/>
</results>
