<results>
	<result value='loss'/>
	<start value='2015-05-07.07:08:54'/>
	<end value='2015-05-07.07:09:04'/>
	<frames value='18540'/>
	<gameDuration value='1158'/>

	<player>
		<unitScore value='2925'/>
		<killScore value='1550'/>
		<buildingScore value='1750'/>
		<razingScore value='0'/>
		<mineralScore value='4634'/>
		<gasScore value='736'/>
		<totalScore value='11595'/>
	</player>

	<enemy>
		<race value='Terran'/>
		<unitScore value='6975'/>
		<unitScore value='6975'/>
		<killScore value='5850'/>
		<buildingScore value='2850'/>
		<razingScore value='5250'/>
		<mineralScore value='8522'/>
		<gasScore value='2864'/>
		<totalScore value='32311'/>
	</enemy>

	<scoreRatio value='0.358856'/>
	<timeFitness value='0.160833'/>
	<unitsAverage value='22'/>
</results>
