<results>
	<result value='win'/>
	<start value='2015-05-07.07:11:03'/>
	<end value='2015-05-07.07:11:43'/>
	<frames value='46285'/>
	<gameDuration value='2892'/>

	<player>
		<unitScore value='17450'/>
		<killScore value='27900'/>
		<buildingScore value='3300'/>
		<razingScore value='12975'/>
		<mineralScore value='20310'/>
		<gasScore value='4760'/>
		<totalScore value='86695'/>
	</player>

	<enemy>
		<race value='Terran'/>
		<unitScore value='15750'/>
		<unitScore value='15750'/>
		<killScore value='21400'/>
		<buildingScore value='4325'/>
		<razingScore value='3225'/>
		<mineralScore value='14450'/>
		<gasScore value='6860'/>
		<totalScore value='66010'/>
	</enemy>

	<scoreRatio value='1.31336'/>
	<timeFitness value='0.598333'/>
	<unitsAverage value='64'/>
</results>
