<results>
	<result value='loss'/>
	<start value='2015-05-07.07:23:30'/>
	<end value='2015-05-07.07:23:41'/>
	<frames value='19873'/>
	<gameDuration value='1242'/>

	<player>
		<unitScore value='3575'/>
		<killScore value='2900'/>
		<buildingScore value='2100'/>
		<razingScore value='0'/>
		<mineralScore value='5826'/>
		<gasScore value='696'/>
		<totalScore value='15097'/>
	</player>

	<enemy>
		<race value='Terran'/>
		<unitScore value='8050'/>
		<unitScore value='8050'/>
		<killScore value='7150'/>
		<buildingScore value='2850'/>
		<razingScore value='6300'/>
		<mineralScore value='9234'/>
		<gasScore value='3688'/>
		<totalScore value='37272'/>
	</enemy>

	<scoreRatio value='0.405049'/>
	<timeFitness value='0.1725'/>
	<unitsAverage value='25'/>
</results>
