<results>
	<result value='win'/>
	<start value='2015-05-07.07:28:53'/>
	<end value='2015-05-07.07:29:51'/>
	<frames value='43278'/>
	<gameDuration value='2704'/>

	<player>
		<unitScore value='25900'/>
		<killScore value='29000'/>
		<buildingScore value='5375'/>
		<razingScore value='11775'/>
		<mineralScore value='34006'/>
		<gasScore value='5816'/>
		<totalScore value='111872'/>
	</player>

	<enemy>
		<race value='Terran'/>
		<unitScore value='15300'/>
		<unitScore value='15300'/>
		<killScore value='27600'/>
		<buildingScore value='3925'/>
		<razingScore value='3450'/>
		<mineralScore value='13866'/>
		<gasScore value='6480'/>
		<totalScore value='70621'/>
	</enemy>

	<scoreRatio value='1.58412'/>
	<timeFitness value='0.624444'/>
	<unitsAverage value='101'/>
</results>
