<results>
	<result value='loss'/>
	<start value='2015-05-07.07:31:20'/>
	<end value='2015-05-07.07:31:32'/>
	<frames value='19129'/>
	<gameDuration value='1195'/>

	<player>
		<unitScore value='4725'/>
		<killScore value='2750'/>
		<buildingScore value='1925'/>
		<razingScore value='0'/>
		<mineralScore value='6786'/>
		<gasScore value='1048'/>
		<totalScore value='17234'/>
	</player>

	<enemy>
		<race value='Terran'/>
		<unitScore value='6950'/>
		<unitScore value='6950'/>
		<killScore value='9450'/>
		<buildingScore value='2350'/>
		<razingScore value='5775'/>
		<mineralScore value='8794'/>
		<gasScore value='3040'/>
		<totalScore value='36359'/>
	</enemy>

	<scoreRatio value='0.473995'/>
	<timeFitness value='0.165972'/>
	<unitsAverage value='29'/>
</results>
