<results>
	<result value='win'/>
	<start value='2015-05-02.22:57:37'/>
	<end value='2015-05-02.22:58:02'/>
	<frames value='25980'/>
	<gameDuration value='1623'/>

	<player>
		<unitScore value='12250'/>
		<killScore value='20500'/>
		<buildingScore value='3925'/>
		<razingScore value='6675'/>
		<mineralScore value='22126'/>
		<gasScore value='1912'/>
		<totalScore value='67388'/>
	</player>

	<enemy>
		<race value='Terran'/>
		<unitScore value='10250'/>
		<unitScore value='10250'/>
		<killScore value='6100'/>
		<buildingScore value='2225'/>
		<razingScore value='1350'/>
		<mineralScore value='10694'/>
		<gasScore value='3768'/>
		<totalScore value='34387'/>
	</enemy>

	<scoreRatio value='1.95969'/>
	<timeFitness value='0.774583'/>
	<unitsAverage value='81'/>
</results>
