<results>
	<result value='win'/>
	<start value='2015-05-02.23:42:43'/>
	<end value='2015-05-02.23:43:05'/>
	<frames value='23779'/>
	<gameDuration value='1486'/>

	<player>
		<unitScore value='10325'/>
		<killScore value='17000'/>
		<buildingScore value='3800'/>
		<razingScore value='5400'/>
		<mineralScore value='17682'/>
		<gasScore value='2344'/>
		<totalScore value='56551'/>
	</player>

	<enemy>
		<race value='Terran'/>
		<unitScore value='8500'/>
		<unitScore value='8500'/>
		<killScore value='5900'/>
		<buildingScore value='1800'/>
		<razingScore value='525'/>
		<mineralScore value='10438'/>
		<gasScore value='3016'/>
		<totalScore value='30179'/>
	</enemy>

	<scoreRatio value='1.87385'/>
	<timeFitness value='0.793611'/>
	<unitsAverage value='69'/>
</results>
