<results>
	<result value='win'/>
	<start value='2015-05-02.23:05:58'/>
	<end value='2015-05-02.23:06:16'/>
	<frames value='23097'/>
	<gameDuration value='1443'/>

	<player>
		<unitScore value='10025'/>
		<killScore value='14400'/>
		<buildingScore value='3125'/>
		<razingScore value='6900'/>
		<mineralScore value='14246'/>
		<gasScore value='1944'/>
		<totalScore value='50640'/>
	</player>

	<enemy>
		<race value='Terran'/>
		<unitScore value='7200'/>
		<unitScore value='7200'/>
		<killScore value='6750'/>
		<buildingScore value='2300'/>
		<razingScore value='1800'/>
		<mineralScore value='8178'/>
		<gasScore value='2432'/>
		<totalScore value='28660'/>
	</enemy>

	<scoreRatio value='1.76692'/>
	<timeFitness value='0.799583'/>
	<unitsAverage value='62'/>
</results>
