<results>
	<result value='win'/>
	<start value='2015-05-02.23:11:15'/>
	<end value='2015-05-02.23:11:42'/>
	<frames value='28460'/>
	<gameDuration value='1778'/>

	<player>
		<unitScore value='16050'/>
		<killScore value='23000'/>
		<buildingScore value='4375'/>
		<razingScore value='7950'/>
		<mineralScore value='23882'/>
		<gasScore value='2984'/>
		<totalScore value='78241'/>
	</player>

	<enemy>
		<race value='Terran'/>
		<unitScore value='11500'/>
		<unitScore value='11500'/>
		<killScore value='14600'/>
		<buildingScore value='2650'/>
		<razingScore value='1200'/>
		<mineralScore value='12050'/>
		<gasScore value='4432'/>
		<totalScore value='46432'/>
	</enemy>

	<scoreRatio value='1.68507'/>
	<timeFitness value='0.753056'/>
	<unitsAverage value='78'/>
</results>
