<results>
	<result value='win'/>
	<start value='2015-05-04.00:12:06'/>
	<end value='2015-05-04.00:12:26'/>
	<frames value='27809'/>
	<gameDuration value='1738'/>

	<player>
		<unitScore value='9300'/>
		<killScore value='13700'/>
		<buildingScore value='1975'/>
		<razingScore value='7725'/>
		<mineralScore value='11454'/>
		<gasScore value='1552'/>
		<totalScore value='45706'/>
	</player>

	<enemy>
		<race value='Terran'/>
		<unitScore value='8000'/>
		<unitScore value='8000'/>
		<killScore value='12850'/>
		<buildingScore value='2575'/>
		<razingScore value='2550'/>
		<mineralScore value='7962'/>
		<gasScore value='2496'/>
		<totalScore value='36433'/>
	</enemy>

	<scoreRatio value='1.25452'/>
	<timeFitness value='0.758611'/>
	<unitsAverage value='44'/>
</results>
