<results>
	<result value='loss'/>
	<start value='2015-05-03.00:16:19'/>
	<end value='2015-05-03.00:16:39'/>
	<frames value='19935'/>
	<gameDuration value='1245'/>

	<player>
		<unitScore value='5000'/>
		<killScore value='2500'/>
		<buildingScore value='2175'/>
		<razingScore value='0'/>
		<mineralScore value='7466'/>
		<gasScore value='848'/>
		<totalScore value='17989'/>
	</player>

	<enemy>
		<race value='Terran'/>
		<unitScore value='8025'/>
		<unitScore value='8025'/>
		<killScore value='10000'/>
		<buildingScore value='2850'/>
		<razingScore value='6525'/>
		<mineralScore value='9330'/>
		<gasScore value='3768'/>
		<totalScore value='40498'/>
	</enemy>

	<scoreRatio value='0.444195'/>
	<timeFitness value='0.172917'/>
	<unitsAverage value='33'/>
</results>
