<results>
	<result value='win'/>
	<start value='2015-05-03.00:19:16'/>
	<end value='2015-05-03.00:19:46'/>
	<frames value='23376'/>
	<gameDuration value='1461'/>

	<player>
		<unitScore value='9200'/>
		<killScore value='17200'/>
		<buildingScore value='3300'/>
		<razingScore value='6675'/>
		<mineralScore value='15290'/>
		<gasScore value='2488'/>
		<totalScore value='54153'/>
	</player>

	<enemy>
		<race value='Terran'/>
		<unitScore value='8600'/>
		<unitScore value='8600'/>
		<killScore value='4800'/>
		<buildingScore value='2225'/>
		<razingScore value='1350'/>
		<mineralScore value='8938'/>
		<gasScore value='2800'/>
		<totalScore value='28713'/>
	</enemy>

	<scoreRatio value='1.88601'/>
	<timeFitness value='0.797083'/>
	<unitsAverage value='63'/>
</results>
