<results>
	<result value='win'/>
	<start value='2015-05-02.23:29:50'/>
	<end value='2015-05-02.23:30:50'/>
	<frames value='44239'/>
	<gameDuration value='2764'/>

	<player>
		<unitScore value='32150'/>
		<killScore value='43500'/>
		<buildingScore value='5025'/>
		<razingScore value='14700'/>
		<mineralScore value='39118'/>
		<gasScore value='6536'/>
		<totalScore value='141029'/>
	</player>

	<enemy>
		<race value='Terran'/>
		<unitScore value='25925'/>
		<unitScore value='25925'/>
		<killScore value='40700'/>
		<buildingScore value='4900'/>
		<razingScore value='2475'/>
		<mineralScore value='18854'/>
		<gasScore value='10096'/>
		<totalScore value='102950'/>
	</enemy>

	<scoreRatio value='1.36988'/>
	<timeFitness value='0.616111'/>
	<unitsAverage value='117'/>
</results>
