<results>
	<result value='win'/>
	<start value='2015-05-02.23:29:16'/>
	<end value='2015-05-02.23:29:47'/>
	<frames value='39062'/>
	<gameDuration value='2441'/>

	<player>
		<unitScore value='15625'/>
		<killScore value='35950'/>
		<buildingScore value='3175'/>
		<razingScore value='15225'/>
		<mineralScore value='19050'/>
		<gasScore value='4464'/>
		<totalScore value='93489'/>
	</player>

	<enemy>
		<race value='Terran'/>
		<unitScore value='18775'/>
		<unitScore value='18775'/>
		<killScore value='17750'/>
		<buildingScore value='5075'/>
		<razingScore value='3300'/>
		<mineralScore value='17186'/>
		<gasScore value='7484'/>
		<totalScore value='69570'/>
	</enemy>

	<scoreRatio value='1.34381'/>
	<timeFitness value='0.660972'/>
	<unitsAverage value='64'/>
</results>
