<results>
	<result value='loss'/>
	<start value='2015-05-03.00:26:55'/>
	<end value='2015-05-03.00:27:13'/>
	<frames value='20586'/>
	<gameDuration value='1286'/>

	<player>
		<unitScore value='4650'/>
		<killScore value='5050'/>
		<buildingScore value='2175'/>
		<razingScore value='150'/>
		<mineralScore value='7178'/>
		<gasScore value='1480'/>
		<totalScore value='20683'/>
	</player>

	<enemy>
		<race value='Terran'/>
		<unitScore value='7475'/>
		<unitScore value='7475'/>
		<killScore value='9300'/>
		<buildingScore value='2925'/>
		<razingScore value='6525'/>
		<mineralScore value='9914'/>
		<gasScore value='3608'/>
		<totalScore value='39747'/>
	</enemy>

	<scoreRatio value='0.520366'/>
	<timeFitness value='0.178611'/>
	<unitsAverage value='30'/>
</results>
