<results>
	<result value='draw'/>
	<start value='2015-05-05.16:11:40'/>
	<end value='2015-05-05.16:13:12'/>
	<frames value='57601'/>
	<gameDuration value='3600'/>

	<player>
		<unitScore value='31750'/>
		<killScore value='50050'/>
		<buildingScore value='3050'/>
		<razingScore value='900'/>
		<mineralScore value='31510'/>
		<gasScore value='10182'/>
		<totalScore value='127442'/>
	</player>

	<enemy>
		<race value='Protoss'/>
		<unitScore value='36450'/>
		<unitScore value='36450'/>
		<killScore value='50400'/>
		<buildingScore value='6600'/>
		<razingScore value='975'/>
		<mineralScore value='31550'/>
		<gasScore value='11460'/>
		<totalScore value='137435'/>
	</enemy>

	<scoreRatio value='0.927289'/>
	<timeFitness value='0.5'/>
	<unitsAverage value='129'/>
</results>
