<results>
	<result value='loss'/>
	<start value='2015-05-05.16:28:21'/>
	<end value='2015-05-05.16:28:28'/>
	<frames value='15099'/>
	<gameDuration value='943'/>

	<player>
		<unitScore value='3275'/>
		<killScore value='1000'/>
		<buildingScore value='1450'/>
		<razingScore value='0'/>
		<mineralScore value='4482'/>
		<gasScore value='864'/>
		<totalScore value='11071'/>
	</player>

	<enemy>
		<race value='Protoss'/>
		<unitScore value='3550'/>
		<unitScore value='3550'/>
		<killScore value='6250'/>
		<buildingScore value='2875'/>
		<razingScore value='4350'/>
		<mineralScore value='7882'/>
		<gasScore value='1392'/>
		<totalScore value='26299'/>
	</enemy>

	<scoreRatio value='0.420967'/>
	<timeFitness value='0.130972'/>
	<unitsAverage value='23'/>
</results>
