<results>
	<result value='loss'/>
	<start value='2015-07-21.01:23:23'/>
	<end value='2015-07-21.01:23:50'/>
	<frames value='28305'/>
	<gameDuration value='1769'/>

	<player>
		<unitScore value='15850'/>
		<killScore value='12500'/>
		<buildingScore value='2125'/>
		<razingScore value='0'/>
		<mineralScore value='19250'/>
		<gasScore value='2248'/>
		<totalScore value='51973'/>
	</player>

	<enemy>
		<race value='Zerg'/>
		<unitScore value='17450'/>
		<killScore value='27350'/>
		<buildingScore value='3255'/>
		<razingScore value='6375'/>
		<mineralScore value='16398'/>
		<gasScore value='5880'/>
		<totalScore value='76708'/>
	</enemy>

	<scoreRatio value='0.677543'/>
	<timeFitness value='0.245694'/>
	<unitsAverage value='67'/>
</results>
