<results>
	<result value='loss'/>
	<start value='2015-07-21.01:25:16'/>
	<end value='2015-07-21.01:25:49'/>
	<frames value='33203'/>
	<gameDuration value='2075'/>

	<player>
		<unitScore value='18450'/>
		<killScore value='18650'/>
		<buildingScore value='3975'/>
		<razingScore value='0'/>
		<mineralScore value='23294'/>
		<gasScore value='2848'/>
		<totalScore value='67217'/>
	</player>

	<enemy>
		<race value='Zerg'/>
		<unitScore value='21250'/>
		<killScore value='36900'/>
		<buildingScore value='4435'/>
		<razingScore value='11925'/>
		<mineralScore value='20994'/>
		<gasScore value='7560'/>
		<totalScore value='103064'/>
	</enemy>

	<scoreRatio value='0.652187'/>
	<timeFitness value='0.288194'/>
	<unitsAverage value='67'/>
</results>
