<results>
	<result value='loss'/>
	<start value='2015-07-21.01:30:59'/>
	<end value='2015-07-21.01:31:36'/>
	<frames value='34908'/>
	<gameDuration value='2181'/>

	<player>
		<unitScore value='19375'/>
		<killScore value='22850'/>
		<buildingScore value='3825'/>
		<razingScore value='195'/>
		<mineralScore value='25546'/>
		<gasScore value='2784'/>
		<totalScore value='74575'/>
	</player>

	<enemy>
		<race value='Zerg'/>
		<unitScore value='21675'/>
		<killScore value='38750'/>
		<buildingScore value='4025'/>
		<razingScore value='11475'/>
		<mineralScore value='21658'/>
		<gasScore value='7588'/>
		<totalScore value='105171'/>
	</enemy>

	<scoreRatio value='0.709083'/>
	<timeFitness value='0.302917'/>
	<unitsAverage value='70'/>
</results>
