<results>
	<result value='draw'/>
	<start value='2015-07-21.01:33:46'/>
	<end value='2015-07-21.01:35:30'/>
	<frames value='57601'/>
	<gameDuration value='3600'/>

	<player>
		<unitScore value='47275'/>
		<killScore value='47635'/>
		<buildingScore value='5450'/>
		<razingScore value='5190'/>
		<mineralScore value='39218'/>
		<gasScore value='7678'/>
		<totalScore value='152446'/>
	</player>

	<enemy>
		<race value='Zerg'/>
		<unitScore value='21700'/>
		<killScore value='79400'/>
		<buildingScore value='3450'/>
		<razingScore value='6375'/>
		<mineralScore value='20210'/>
		<gasScore value='5608'/>
		<totalScore value='136743'/>
	</enemy>

	<scoreRatio value='1.11484'/>
	<timeFitness value='0.5'/>
	<unitsAverage value='129'/>
</results>
