<results>
	<result value='loss'/>
	<start value='2015-05-08.22:50:47'/>
	<end value='2015-05-08.22:51:29'/>
	<frames value='52113'/>
	<gameDuration value='3257'/>

	<player>
		<unitScore value='15775'/>
		<killScore value='28050'/>
		<buildingScore value='2450'/>
		<razingScore value='2025'/>
		<mineralScore value='23962'/>
		<gasScore value='728'/>
		<totalScore value='72990'/>
	</player>

	<enemy>
		<race value='Terran'/>
		<unitScore value='24700'/>
		<unitScore value='24700'/>
		<killScore value='31550'/>
		<buildingScore value='4575'/>
		<razingScore value='7350'/>
		<mineralScore value='18886'/>
		<gasScore value='10314'/>
		<totalScore value='97375'/>
	</enemy>

	<scoreRatio value='0.749576'/>
	<timeFitness value='0.452361'/>
	<unitsAverage value='66'/>
</results>
