<results>
	<result value='win'/>
	<start value='2015-04-27.14:27:20'/>
	<end value='2015-04-27.14:27:46'/>
	<frames value='36117'/>
	<gameDuration value='2257'/>

	<player>
		<unitScore value='19900'/>
		<killScore value='34350'/>
		<buildingScore value='4625'/>
		<razingScore value='13425'/>
		<mineralScore value='25298'/>
		<gasScore value='2392'/>
		<totalScore value='99990'/>
	</player>

	<enemy>
		<race value='Terran'/>
		<unitScore value='19575'/>
		<unitScore value='19575'/>
		<killScore value='20150'/>
		<buildingScore value='4475'/>
		<razingScore value='3450'/>
		<mineralScore value='16990'/>
		<gasScore value='8756'/>
		<totalScore value='73396'/>
	</enemy>

	<scoreRatio value='1.36234'/>
</results>
