<results>
	<result value='loss'/>
	<start value='2015-04-27.21:44:44'/>
	<end value='2015-04-27.21:45:54'/>
	<frames value='42875'/>
	<gameDuration value='2679'/>

	<player>
		<unitScore value='17150'/>
		<killScore value='27525'/>
		<buildingScore value='3350'/>
		<razingScore value='0'/>
		<mineralScore value='19250'/>
		<gasScore value='2936'/>
		<totalScore value='70211'/>
	</player>

	<enemy>
		<race value='Zerg'/>
		<unitScore value='28225'/>
		<unitScore value='28225'/>
		<killScore value='34300'/>
		<buildingScore value='4790'/>
		<razingScore value='10050'/>
		<mineralScore value='30834'/>
		<gasScore value='10118'/>
		<totalScore value='118317'/>
	</enemy>

	<scoreRatio value='0.593414'/>
</results>
