<results>
	<result value='win'/>
	<start value='2015-04-27.22:07:34'/>
	<end value='2015-04-27.22:08:28'/>
	<frames value='36272'/>
	<gameDuration value='2267'/>

	<player>
		<unitScore value='31500'/>
		<killScore value='34760'/>
		<buildingScore value='3700'/>
		<razingScore value='4560'/>
		<mineralScore value='37714'/>
		<gasScore value='0'/>
		<totalScore value='112234'/>
	</player>

	<enemy>
		<race value='Zerg'/>
		<unitScore value='15050'/>
		<unitScore value='15050'/>
		<killScore value='47000'/>
		<buildingScore value='1520'/>
		<razingScore value='0'/>
		<mineralScore value='12050'/>
		<gasScore value='3840'/>
		<totalScore value='79460'/>
	</enemy>

	<scoreRatio value='1.41246'/>
</results>
