<results>
	<result value='loss'/>
	<start value='2015-07-19.20:19:23'/>
	<end value='2015-07-19.20:19:50'/>
	<frames value='25391'/>
	<gameDuration value='1586'/>

	<player>
		<unitScore value='11925'/>
		<killScore value='4100'/>
		<buildingScore value='2400'/>
		<razingScore value='0'/>
		<mineralScore value='21370'/>
		<gasScore value='1880'/>
		<totalScore value='41675'/>
	</player>

	<enemy>
		<race value='Zerg'/>
		<unitScore value='15050'/>
		<killScore value='22600'/>
		<buildingScore value='3255'/>
		<razingScore value='7200'/>
		<mineralScore value='14738'/>
		<gasScore value='5128'/>
		<totalScore value='67971'/>
	</enemy>

	<scoreRatio value='0.613129'/>
	<timeFitness value='0.220278'/>
	<unitsAverage value='64'/>
</results>
