<results>
	<result value='loss'/>
	<start value='2015-07-19.16:55:36'/>
	<end value='2015-07-19.16:56:32'/>
	<frames value='30072'/>
	<gameDuration value='1879'/>

	<player>
		<unitScore value='18400'/>
		<killScore value='12900'/>
		<buildingScore value='2800'/>
		<razingScore value='0'/>
		<mineralScore value='24970'/>
		<gasScore value='2840'/>
		<totalScore value='61910'/>
	</player>

	<enemy>
		<race value='Zerg'/>
		<unitScore value='18725'/>
		<killScore value='36600'/>
		<buildingScore value='3280'/>
		<razingScore value='8400'/>
		<mineralScore value='17570'/>
		<gasScore value='6048'/>
		<totalScore value='90623'/>
	</enemy>

	<scoreRatio value='0.68316'/>
	<timeFitness value='0.260972'/>
	<unitsAverage value='72'/>
</results>
