<results>
	<result value='loss'/>
	<start value='2015-07-19.17:07:28'/>
	<end value='2015-07-19.17:07:52'/>
	<frames value='20524'/>
	<gameDuration value='1282'/>

	<player>
		<unitScore value='9950'/>
		<killScore value='4150'/>
		<buildingScore value='1900'/>
		<razingScore value='0'/>
		<mineralScore value='8698'/>
		<gasScore value='1936'/>
		<totalScore value='26634'/>
	</player>

	<enemy>
		<race value='Zerg'/>
		<unitScore value='7775'/>
		<killScore value='17300'/>
		<buildingScore value='2760'/>
		<razingScore value='5700'/>
		<mineralScore value='10522'/>
		<gasScore value='3360'/>
		<totalScore value='47417'/>
	</enemy>

	<scoreRatio value='0.561697'/>
	<timeFitness value='0.178056'/>
	<unitsAverage value='42'/>
</results>
