<results>
	<result value='loss'/>
	<start value='2015-07-09.06:56:38'/>
	<end value='2015-07-09.06:57:52'/>
	<frames value='43588'/>
	<gameDuration value='2724'/>

	<player>
		<unitScore value='12700'/>
		<killScore value='6850'/>
		<buildingScore value='3800'/>
		<razingScore value='0'/>
		<mineralScore value='15294'/>
		<gasScore value='1872'/>
		<totalScore value='40516'/>
	</player>

	<enemy>
		<race value='Terran'/>
		<unitScore value='20975'/>
		<killScore value='22700'/>
		<buildingScore value='5350'/>
		<razingScore value='11400'/>
		<mineralScore value='25698'/>
		<gasScore value='10818'/>
		<totalScore value='96941'/>
	</enemy>

	<scoreRatio value='0.417945'/>
	<timeFitness value='0.378333'/>
	<unitsAverage value='45'/>
</results>
