<results>
	<result value='loss'/>
	<start value='2015-07-09.07:00:37'/>
	<end value='2015-07-09.07:01:03'/>
	<frames value='23500'/>
	<gameDuration value='1468'/>

	<player>
		<unitScore value='9375'/>
		<killScore value='4350'/>
		<buildingScore value='2100'/>
		<razingScore value='0'/>
		<mineralScore value='8562'/>
		<gasScore value='1872'/>
		<totalScore value='26259'/>
	</player>

	<enemy>
		<race value='Terran'/>
		<unitScore value='7725'/>
		<killScore value='18550'/>
		<buildingScore value='2650'/>
		<razingScore value='6300'/>
		<mineralScore value='11086'/>
		<gasScore value='3760'/>
		<totalScore value='50071'/>
	</enemy>

	<scoreRatio value='0.524435'/>
	<timeFitness value='0.203889'/>
	<unitsAverage value='32'/>
</results>
