<results>
	<result value='loss'/>
	<start value='2015-07-09.07:15:59'/>
	<end value='2015-07-09.07:16:14'/>
	<frames value='16184'/>
	<gameDuration value='1011'/>

	<player>
		<unitScore value='4500'/>
		<killScore value='300'/>
		<buildingScore value='1925'/>
		<razingScore value='0'/>
		<mineralScore value='5818'/>
		<gasScore value='880'/>
		<totalScore value='13423'/>
	</player>

	<enemy>
		<race value='Terran'/>
		<unitScore value='4550'/>
		<killScore value='8900'/>
		<buildingScore value='1500'/>
		<razingScore value='5775'/>
		<mineralScore value='7514'/>
		<gasScore value='2280'/>
		<totalScore value='30519'/>
	</enemy>

	<scoreRatio value='0.439824'/>
	<timeFitness value='0.140417'/>
	<unitsAverage value='24'/>
</results>
