<results>
	<result value='win'/>
	<start value='2015-05-01.05:12:44'/>
	<end value='2015-05-01.05:13:28'/>
	<frames value='29266'/>
	<gameDuration value='1829'/>

	<player>
		<unitScore value='18150'/>
		<killScore value='25680'/>
		<buildingScore value='4025'/>
		<razingScore value='8670'/>
		<mineralScore value='26362'/>
		<gasScore value='2944'/>
		<totalScore value='85831'/>
	</player>

	<enemy>
		<race value='Zerg'/>
		<unitScore value='12175'/>
		<unitScore value='12175'/>
		<killScore value='14250'/>
		<buildingScore value='2890'/>
		<razingScore value='150'/>
		<mineralScore value='13434'/>
		<gasScore value='3824'/>
		<totalScore value='46723'/>
	</enemy>

	<scoreRatio value='1.83702'/>
</results>
