<results>
	<result value='win'/>
	<start value='2015-05-01.05:27:32'/>
	<end value='2015-05-01.05:28:43'/>
	<frames value='41108'/>
	<gameDuration value='2569'/>

	<player>
		<unitScore value='26250'/>
		<killScore value='47355'/>
		<buildingScore value='4275'/>
		<razingScore value='6720'/>
		<mineralScore value='33370'/>
		<gasScore value='3848'/>
		<totalScore value='121818'/>
	</player>

	<enemy>
		<race value='Zerg'/>
		<unitScore value='21600'/>
		<unitScore value='21600'/>
		<killScore value='28800'/>
		<buildingScore value='2240'/>
		<razingScore value='0'/>
		<mineralScore value='18850'/>
		<gasScore value='7126'/>
		<totalScore value='78616'/>
	</enemy>

	<scoreRatio value='1.54953'/>
</results>
