<results>
	<result value='loss'/>
	<start value='2015-04-08.17:01:43'/>
	<end value='2015-04-08.17:02:33'/>
	<frames value='50594'/>
	<gameDuration value='3162'/>

	<player>
		<unitScore value='23100'/>
		<killScore value='29800'/>
		<buildingScore value='2425'/>
		<razingScore value='5550'/>
		<mineralScore value='24378'/>
		<gasScore value='5042'/>
		<totalScore value='90295'/>
	</player>

	<enemy>
		<race value='Protoss'/>
		<unitScore value='33100'/>
		<unitScore value='33100'/>
		<killScore value='46200'/>
		<buildingScore value='9025'/>
		<razingScore value='7275'/>
		<mineralScore value='34042'/>
		<gasScore value='10544'/>
		<totalScore value='140186'/>
	</enemy>

	<scoreRatio value='0.644109'/>
</results>
