<results>
	<result value='win'/>
	<start value='2015-04-08.04:38:23'/>
	<end value='2015-04-08.04:39:25'/>
	<frames value='44890'/>
	<gameDuration value='2805'/>

	<player>
		<unitScore value='27650'/>
		<killScore value='51850'/>
		<buildingScore value='3850'/>
		<razingScore value='21750'/>
		<mineralScore value='34982'/>
		<gasScore value='6056'/>
		<totalScore value='146138'/>
	</player>

	<enemy>
		<race value='Protoss'/>
		<unitScore value='26850'/>
		<unitScore value='26850'/>
		<killScore value='28350'/>
		<buildingScore value='7250'/>
		<razingScore value='150'/>
		<mineralScore value='26234'/>
		<gasScore value='7398'/>
		<totalScore value='96232'/>
	</enemy>

	<scoreRatio value='1.5186'/>
</results>
