<results>
	<result value='draw'/>
	<start value='2015-07-18.04:55:51'/>
	<end value='2015-07-18.04:57:59'/>
	<frames value='57601'/>
	<gameDuration value='3600'/>

	<player>
		<unitScore value='37050'/>
		<killScore value='14000'/>
		<buildingScore value='4275'/>
		<razingScore value='450'/>
		<mineralScore value='31710'/>
		<gasScore value='10430'/>
		<totalScore value='97915'/>
	</player>

	<enemy>
		<race value='Terran'/>
		<unitScore value='25725'/>
		<killScore value='65500'/>
		<buildingScore value='5025'/>
		<razingScore value='5475'/>
		<mineralScore value='31098'/>
		<gasScore value='12088'/>
		<totalScore value='144911'/>
	</enemy>

	<scoreRatio value='0.675691'/>
	<timeFitness value='0.5'/>
	<unitsAverage value='94'/>
</results>
