<results>
	<result value='loss'/>
	<start value='2015-07-18.05:00:26'/>
	<end value='2015-07-18.05:00:48'/>
	<frames value='20400'/>
	<gameDuration value='1275'/>

	<player>
		<unitScore value='6725'/>
		<killScore value='2250'/>
		<buildingScore value='1525'/>
		<razingScore value='0'/>
		<mineralScore value='8002'/>
		<gasScore value='1736'/>
		<totalScore value='20238'/>
	</player>

	<enemy>
		<race value='Terran'/>
		<unitScore value='7250'/>
		<killScore value='13450'/>
		<buildingScore value='2925'/>
		<razingScore value='4575'/>
		<mineralScore value='9618'/>
		<gasScore value='3568'/>
		<totalScore value='41386'/>
	</enemy>

	<scoreRatio value='0.489006'/>
	<timeFitness value='0.177083'/>
	<unitsAverage value='29'/>
</results>
