<results>
	<result value='loss'/>
	<start value='2015-07-18.05:01:37'/>
	<end value='2015-07-18.05:02:16'/>
	<frames value='27561'/>
	<gameDuration value='1722'/>

	<player>
		<unitScore value='16550'/>
		<killScore value='5900'/>
		<buildingScore value='2775'/>
		<razingScore value='1500'/>
		<mineralScore value='15462'/>
		<gasScore value='2536'/>
		<totalScore value='44723'/>
	</player>

	<enemy>
		<race value='Terran'/>
		<unitScore value='8975'/>
		<killScore value='31300'/>
		<buildingScore value='3350'/>
		<razingScore value='8325'/>
		<mineralScore value='11998'/>
		<gasScore value='4912'/>
		<totalScore value='68860'/>
	</enemy>

	<scoreRatio value='0.649477'/>
	<timeFitness value='0.239167'/>
	<unitsAverage value='52'/>
</results>
