<results>
	<result value='loss'/>
	<start value='2015-07-18.05:21:17'/>
	<end value='2015-07-18.05:21:34'/>
	<frames value='17021'/>
	<gameDuration value='1063'/>

	<player>
		<unitScore value='2775'/>
		<killScore value='850'/>
		<buildingScore value='1900'/>
		<razingScore value='0'/>
		<mineralScore value='4722'/>
		<gasScore value='872'/>
		<totalScore value='11119'/>
	</player>

	<enemy>
		<race value='Terran'/>
		<unitScore value='6350'/>
		<killScore value='5550'/>
		<buildingScore value='2625'/>
		<razingScore value='5700'/>
		<mineralScore value='7914'/>
		<gasScore value='2432'/>
		<totalScore value='30571'/>
	</enemy>

	<scoreRatio value='0.363711'/>
	<timeFitness value='0.147639'/>
	<unitsAverage value='23'/>
</results>
