<results>
	<result value='win'/>
	<start value='2015-04-25.21:51:38'/>
	<end value='2015-04-25.21:52:36'/>
	<frames value='40426'/>
	<gameDuration value='2526'/>

	<player>
		<unitScore value='19125'/>
		<killScore value='27400'/>
		<buildingScore value='5400'/>
		<razingScore value='12600'/>
		<mineralScore value='42646'/>
		<gasScore value='3584'/>
		<totalScore value='110755'/>
	</player>

	<enemy>
		<race value='Terran'/>
		<unitScore value='15400'/>
		<unitScore value='15400'/>
		<killScore value='14950'/>
		<buildingScore value='4200'/>
		<razingScore value='300'/>
		<mineralScore value='13450'/>
		<gasScore value='6180'/>
		<totalScore value='54480'/>
	</enemy>

	<scoreRatio value='2.03295'/>
</results>
