<results>
	<result value='loss'/>
	<start value='2015-04-25.21:57:37'/>
	<end value='2015-04-25.21:57:46'/>
	<frames value='18478'/>
	<gameDuration value='1154'/>

	<player>
		<unitScore value='3025'/>
		<killScore value='5300'/>
		<buildingScore value='1425'/>
		<razingScore value='525'/>
		<mineralScore value='4098'/>
		<gasScore value='616'/>
		<totalScore value='14989'/>
	</player>

	<enemy>
		<race value='Terran'/>
		<unitScore value='5600'/>
		<unitScore value='5600'/>
		<killScore value='4650'/>
		<buildingScore value='2350'/>
		<razingScore value='4275'/>
		<mineralScore value='8322'/>
		<gasScore value='2752'/>
		<totalScore value='27949'/>
	</enemy>

	<scoreRatio value='0.536298'/>
</results>
