<results>
	<result value='win'/>
	<start value='2015-04-25.22:06:08'/>
	<end value='2015-04-25.22:06:46'/>
	<frames value='34846'/>
	<gameDuration value='2177'/>

	<player>
		<unitScore value='20200'/>
		<killScore value='28000'/>
		<buildingScore value='4775'/>
		<razingScore value='7200'/>
		<mineralScore value='36518'/>
		<gasScore value='3184'/>
		<totalScore value='99877'/>
	</player>

	<enemy>
		<race value='Terran'/>
		<unitScore value='14000'/>
		<unitScore value='14000'/>
		<killScore value='17650'/>
		<buildingScore value='2400'/>
		<razingScore value='2925'/>
		<mineralScore value='12050'/>
		<gasScore value='5086'/>
		<totalScore value='54111'/>
	</enemy>

	<scoreRatio value='1.84578'/>
</results>
