<results>
	<result value='loss'/>
	<start value='2015-04-25.22:23:22'/>
	<end value='2015-04-25.22:23:31'/>
	<frames value='17238'/>
	<gameDuration value='1077'/>

	<player>
		<unitScore value='4325'/>
		<killScore value='600'/>
		<buildingScore value='1375'/>
		<razingScore value='0'/>
		<mineralScore value='5858'/>
		<gasScore value='800'/>
		<totalScore value='12958'/>
	</player>

	<enemy>
		<race value='Terran'/>
		<unitScore value='6350'/>
		<unitScore value='6350'/>
		<killScore value='8650'/>
		<buildingScore value='2675'/>
		<razingScore value='4125'/>
		<mineralScore value='8082'/>
		<gasScore value='2392'/>
		<totalScore value='32274'/>
	</enemy>

	<scoreRatio value='0.4015'/>
</results>
