<results>
	<result value='win'/>
	<start value='2015-04-11.05:30:18'/>
	<end value='2015-04-11.05:31:09'/>
	<frames value='31436'/>
	<gameDuration value='1964'/>

	<player>
		<unitScore value='18450'/>
		<killScore value='19450'/>
		<buildingScore value='3725'/>
		<razingScore value='19725'/>
		<mineralScore value='23306'/>
		<gasScore value='3136'/>
		<totalScore value='87792'/>
	</player>

	<enemy>
		<race value='Protoss'/>
		<unitScore value='10575'/>
		<unitScore value='10575'/>
		<killScore value='18300'/>
		<buildingScore value='6575'/>
		<razingScore value='450'/>
		<mineralScore value='17022'/>
		<gasScore value='3144'/>
		<totalScore value='56066'/>
	</enemy>

	<scoreRatio value='1.56587'/>
</results>
