<results>
	<result value='loss'/>
	<start value='2015-07-21.10:41:59'/>
	<end value='2015-07-21.10:43:03'/>
	<frames value='38535'/>
	<gameDuration value='2408'/>

	<player>
		<unitScore value='22425'/>
		<killScore value='30600'/>
		<buildingScore value='4650'/>
		<razingScore value='240'/>
		<mineralScore value='26482'/>
		<gasScore value='3632'/>
		<totalScore value='88029'/>
	</player>

	<enemy>
		<race value='Zerg'/>
		<unitScore value='23350'/>
		<killScore value='43750'/>
		<buildingScore value='4670'/>
		<razingScore value='13950'/>
		<mineralScore value='24050'/>
		<gasScore value='7686'/>
		<totalScore value='117456'/>
	</enemy>

	<scoreRatio value='0.749464'/>
	<timeFitness value='0.334444'/>
	<unitsAverage value='87'/>
</results>
