<results>
	<result value='win'/>
	<start value='2015-05-06.00:11:20'/>
	<end value='2015-05-06.00:11:55'/>
	<frames value='23593'/>
	<gameDuration value='1474'/>

	<player>
		<unitScore value='11650'/>
		<killScore value='19450'/>
		<buildingScore value='4125'/>
		<razingScore value='6825'/>
		<mineralScore value='22858'/>
		<gasScore value='1576'/>
		<totalScore value='66484'/>
	</player>

	<enemy>
		<race value='Terran'/>
		<unitScore value='9725'/>
		<unitScore value='9725'/>
		<killScore value='5250'/>
		<buildingScore value='2350'/>
		<razingScore value='1725'/>
		<mineralScore value='9378'/>
		<gasScore value='3352'/>
		<totalScore value='31780'/>
	</enemy>

	<scoreRatio value='2.09201'/>
	<timeFitness value='0.795278'/>
	<unitsAverage value='80'/>
</results>
