<results>
	<result value='win'/>
	<start value='2015-05-06.00:11:59'/>
	<end value='2015-05-06.00:12:30'/>
	<frames value='27158'/>
	<gameDuration value='1697'/>

	<player>
		<unitScore value='10475'/>
		<killScore value='18000'/>
		<buildingScore value='2500'/>
		<razingScore value='7950'/>
		<mineralScore value='13994'/>
		<gasScore value='2480'/>
		<totalScore value='55399'/>
	</player>

	<enemy>
		<race value='Terran'/>
		<unitScore value='9000'/>
		<unitScore value='9000'/>
		<killScore value='11850'/>
		<buildingScore value='2650'/>
		<razingScore value='1725'/>
		<mineralScore value='9882'/>
		<gasScore value='3264'/>
		<totalScore value='38371'/>
	</enemy>

	<scoreRatio value='1.44377'/>
	<timeFitness value='0.764306'/>
	<unitsAverage value='52'/>
</results>
