<results>
	<result value='win'/>
	<start value='2015-05-06.00:23:56'/>
	<end value='2015-05-06.00:25:05'/>
	<frames value='38752'/>
	<gameDuration value='2422'/>

	<player>
		<unitScore value='18125'/>
		<killScore value='24950'/>
		<buildingScore value='4900'/>
		<razingScore value='11325'/>
		<mineralScore value='35662'/>
		<gasScore value='4344'/>
		<totalScore value='99306'/>
	</player>

	<enemy>
		<race value='Terran'/>
		<unitScore value='12475'/>
		<unitScore value='12475'/>
		<killScore value='13150'/>
		<buildingScore value='3775'/>
		<razingScore value='3300'/>
		<mineralScore value='12418'/>
		<gasScore value='5804'/>
		<totalScore value='50922'/>
	</enemy>

	<scoreRatio value='1.95016'/>
	<timeFitness value='0.663611'/>
	<unitsAverage value='94'/>
</results>
