<results>
	<result value='win'/>
	<start value='2015-05-10.07:30:16'/>
	<end value='2015-05-10.07:31:23'/>
	<frames value='33265'/>
	<gameDuration value='2079'/>

	<player>
		<unitScore value='22375'/>
		<killScore value='27750'/>
		<buildingScore value='4600'/>
		<razingScore value='16125'/>
		<mineralScore value='37090'/>
		<gasScore value='2496'/>
		<totalScore value='110436'/>
	</player>

	<enemy>
		<race value='Protoss'/>
		<unitScore value='14500'/>
		<unitScore value='14500'/>
		<killScore value='20550'/>
		<buildingScore value='5375'/>
		<razingScore value='150'/>
		<mineralScore value='17490'/>
		<gasScore value='3400'/>
		<totalScore value='61465'/>
	</enemy>

	<scoreRatio value='1.79673'/>
	<timeFitness value='0.71125'/>
	<unitsAverage value='126'/>
</results>
