<results>
	<result value='win'/>
	<start value='2014-07-12.21:06:12'/>
	<end value='2014-07-12.21:06:45'/>
	<frames value='37078'/>
	<gameDuration value='2317'/>

	<player>
		<unitScore value='20125'/>
		<killScore value='27950'/>
		<buildingScore value='4550'/>
		<razingScore value='11775'/>
		<mineralScore value='36430'/>
		<gasScore value='2976'/>
		<totalScore value='103806'/>
	</player>

	<enemy>
		<race value='Terran'/>
		<unitScore value='14775'/>
		<unitScore value='14775'/>
		<killScore value='18500'/>
		<buildingScore value='3925'/>
		<razingScore value='2700'/>
		<mineralScore value='20202'/>
		<gasScore value='5316'/>
		<totalScore value='65418'/>
	</enemy>

	<scoreRatio value='1.58681'/>
</results>
