<results>
	<result value='loss'/>
	<start value='2014-07-12.21:11:12'/>
	<end value='2014-07-12.21:11:20'/>
	<frames value='18478'/>
	<gameDuration value='1154'/>

	<player>
		<unitScore value='4450'/>
		<killScore value='800'/>
		<buildingScore value='2525'/>
		<razingScore value='0'/>
		<mineralScore value='7050'/>
		<gasScore value='976'/>
		<totalScore value='15801'/>
	</player>

	<enemy>
		<race value='Terran'/>
		<unitScore value='6850'/>
		<unitScore value='6850'/>
		<killScore value='8900'/>
		<buildingScore value='2900'/>
		<razingScore value='7575'/>
		<mineralScore value='8434'/>
		<gasScore value='2968'/>
		<totalScore value='37627'/>
	</enemy>

	<scoreRatio value='0.419938'/>
</results>
