<results>
	<result value='draw'/>
	<start value='2015-07-18.18:19:21'/>
	<end value='2015-07-18.18:22:01'/>
	<frames value='57601'/>
	<gameDuration value='3600'/>

	<player>
		<unitScore value='50975'/>
		<killScore value='42100'/>
		<buildingScore value='5050'/>
		<razingScore value='14475'/>
		<mineralScore value='43398'/>
		<gasScore value='10082'/>
		<totalScore value='166080'/>
	</player>

	<enemy>
		<race value='Protoss'/>
		<unitScore value='25025'/>
		<killScore value='71300'/>
		<buildingScore value='4875'/>
		<razingScore value='525'/>
		<mineralScore value='19534'/>
		<gasScore value='10038'/>
		<totalScore value='131297'/>
	</enemy>

	<scoreRatio value='1.26492'/>
	<timeFitness value='0.5'/>
	<unitsAverage value='135'/>
</results>
