<results>
	<result value='win'/>
	<start value='2015-04-27.12:25:25'/>
	<end value='2015-04-27.12:26:00'/>
	<frames value='30847'/>
	<gameDuration value='1927'/>

	<player>
		<unitScore value='18500'/>
		<killScore value='26100'/>
		<buildingScore value='3950'/>
		<razingScore value='11475'/>
		<mineralScore value='23150'/>
		<gasScore value='2784'/>
		<totalScore value='85959'/>
	</player>

	<enemy>
		<race value='Terran'/>
		<unitScore value='14550'/>
		<unitScore value='14550'/>
		<killScore value='21000'/>
		<buildingScore value='3825'/>
		<razingScore value='2175'/>
		<mineralScore value='13118'/>
		<gasScore value='5576'/>
		<totalScore value='60244'/>
	</enemy>

	<scoreRatio value='1.42685'/>
</results>
