<results>
	<result value='win'/>
	<start value='2015-04-27.12:33:13'/>
	<end value='2015-04-27.12:33:31'/>
	<frames value='18974'/>
	<gameDuration value='1185'/>

	<player>
		<unitScore value='6375'/>
		<killScore value='10200'/>
		<buildingScore value='2775'/>
		<razingScore value='3825'/>
		<mineralScore value='9746'/>
		<gasScore value='1672'/>
		<totalScore value='34593'/>
	</player>

	<enemy>
		<race value='Terran'/>
		<unitScore value='5100'/>
		<unitScore value='5100'/>
		<killScore value='2100'/>
		<buildingScore value='1275'/>
		<razingScore value='1350'/>
		<mineralScore value='6850'/>
		<gasScore value='1488'/>
		<totalScore value='18163'/>
	</enemy>

	<scoreRatio value='1.90459'/>
</results>
