<results>
	<result value='loss'/>
	<start value='2015-05-08.18:21:08'/>
	<end value='2015-05-08.18:21:21'/>
	<frames value='22415'/>
	<gameDuration value='1400'/>

	<player>
		<unitScore value='5725'/>
		<killScore value='3500'/>
		<buildingScore value='2275'/>
		<razingScore value='0'/>
		<mineralScore value='8602'/>
		<gasScore value='1344'/>
		<totalScore value='21446'/>
	</player>

	<enemy>
		<race value='Terran'/>
		<unitScore value='9050'/>
		<unitScore value='9050'/>
		<killScore value='11450'/>
		<buildingScore value='3300'/>
		<razingScore value='6825'/>
		<mineralScore value='11202'/>
		<gasScore value='4040'/>
		<totalScore value='45867'/>
	</enemy>

	<scoreRatio value='0.467569'/>
	<timeFitness value='0.194444'/>
	<unitsAverage value='29'/>
</results>
