<results>
	<result value='draw'/>
	<start value='2015-05-08.18:25:01'/>
	<end value='2015-05-08.18:25:52'/>
	<frames value='57601'/>
	<gameDuration value='3600'/>

	<player>
		<unitScore value='25950'/>
		<killScore value='27850'/>
		<buildingScore value='5150'/>
		<razingScore value='2550'/>
		<mineralScore value='32174'/>
		<gasScore value='6520'/>
		<totalScore value='100194'/>
	</player>

	<enemy>
		<race value='Terran'/>
		<unitScore value='25125'/>
		<unitScore value='25125'/>
		<killScore value='36950'/>
		<buildingScore value='4125'/>
		<razingScore value='6000'/>
		<mineralScore value='19534'/>
		<gasScore value='11898'/>
		<totalScore value='103632'/>
	</enemy>

	<scoreRatio value='0.966825'/>
	<timeFitness value='0.5'/>
	<unitsAverage value='83'/>
</results>
