<results>
	<result value='loss'/>
	<start value='2015-07-12.00:13:53'/>
	<end value='2015-07-12.00:14:07'/>
	<frames value='18168'/>
	<gameDuration value='1135'/>

	<player>
		<unitScore value='5425'/>
		<killScore value='1400'/>
		<buildingScore value='1750'/>
		<razingScore value='0'/>
		<mineralScore value='6354'/>
		<gasScore value='984'/>
		<totalScore value='15913'/>
	</player>

	<enemy>
		<race value='Terran'/>
		<unitScore value='6950'/>
		<killScore value='10850'/>
		<buildingScore value='2400'/>
		<razingScore value='5250'/>
		<mineralScore value='8330'/>
		<gasScore value='2880'/>
		<totalScore value='36660'/>
	</enemy>

	<scoreRatio value='0.43407'/>
	<timeFitness value='0.157639'/>
	<unitsAverage value='29'/>
</results>
