<results>
	<result value='win'/>
	<start value='2015-05-03.14:32:41'/>
	<end value='2015-05-03.14:32:55'/>
	<frames value='20369'/>
	<gameDuration value='1273'/>

	<player>
		<unitScore value='11650'/>
		<killScore value='19340'/>
		<buildingScore value='3375'/>
		<razingScore value='3660'/>
		<mineralScore value='16250'/>
		<gasScore value='1048'/>
		<totalScore value='55323'/>
	</player>

	<enemy>
		<race value='Zerg'/>
		<unitScore value='9250'/>
		<unitScore value='9250'/>
		<killScore value='8400'/>
		<buildingScore value='1220'/>
		<razingScore value='0'/>
		<mineralScore value='8330'/>
		<gasScore value='2592'/>
		<totalScore value='29792'/>
	</enemy>

	<scoreRatio value='1.85698'/>
	<timeFitness value='0.823194'/>
	<unitsAverage value='71'/>
</results>
