<results>
	<result value='win'/>
	<start value='2015-05-10.16:29:14'/>
	<end value='2015-05-10.16:29:38'/>
	<frames value='25174'/>
	<gameDuration value='1573'/>

	<player>
		<unitScore value='15675'/>
		<killScore value='23890'/>
		<buildingScore value='3000'/>
		<razingScore value='6015'/>
		<mineralScore value='21602'/>
		<gasScore value='2688'/>
		<totalScore value='72870'/>
	</player>

	<enemy>
		<race value='Zerg'/>
		<unitScore value='10875'/>
		<unitScore value='10875'/>
		<killScore value='13950'/>
		<buildingScore value='2005'/>
		<razingScore value='0'/>
		<mineralScore value='11082'/>
		<gasScore value='3208'/>
		<totalScore value='41120'/>
	</enemy>

	<scoreRatio value='1.77213'/>
	<timeFitness value='0.781528'/>
	<unitsAverage value='84'/>
</results>
