<results>
	<result value='draw'/>
	<start value='2015-04-29.08:44:23'/>
	<end value='2015-04-29.08:45:55'/>
	<frames value='57601'/>
	<gameDuration value='3600'/>

	<player>
		<unitScore value='23350'/>
		<killScore value='22810'/>
		<buildingScore value='4475'/>
		<razingScore value='1290'/>
		<mineralScore value='22754'/>
		<gasScore value='4592'/>
		<totalScore value='79271'/>
	</player>

	<enemy>
		<race value='Zerg'/>
		<unitScore value='22675'/>
		<unitScore value='22675'/>
		<killScore value='32100'/>
		<buildingScore value='4115'/>
		<razingScore value='7350'/>
		<mineralScore value='32882'/>
		<gasScore value='6470'/>
		<totalScore value='105592'/>
	</enemy>

	<scoreRatio value='0.750729'/>
</results>
