<results>
	<result value='win'/>
	<start value='2015-05-05.23:25:09'/>
	<end value='2015-05-05.23:25:20'/>
	<frames value='16029'/>
	<gameDuration value='1001'/>

	<player>
		<unitScore value='5800'/>
		<killScore value='7500'/>
		<buildingScore value='1700'/>
		<razingScore value='3975'/>
		<mineralScore value='8074'/>
		<gasScore value='1360'/>
		<totalScore value='28409'/>
	</player>

	<enemy>
		<race value='Terran'/>
		<unitScore value='3750'/>
		<unitScore value='3750'/>
		<killScore value='2950'/>
		<buildingScore value='1325'/>
		<razingScore value='0'/>
		<mineralScore value='6922'/>
		<gasScore value='1376'/>
		<totalScore value='16323'/>
	</enemy>

	<scoreRatio value='1.74043'/>
	<timeFitness value='0.860972'/>
	<unitsAverage value='43'/>
</results>
