<results>
	<result value='win'/>
	<start value='2015-05-05.23:27:19'/>
	<end value='2015-05-05.23:27:47'/>
	<frames value='27375'/>
	<gameDuration value='1710'/>

	<player>
		<unitScore value='16300'/>
		<killScore value='25250'/>
		<buildingScore value='3725'/>
		<razingScore value='8175'/>
		<mineralScore value='20586'/>
		<gasScore value='2024'/>
		<totalScore value='76060'/>
	</player>

	<enemy>
		<race value='Terran'/>
		<unitScore value='12625'/>
		<unitScore value='12625'/>
		<killScore value='16600'/>
		<buildingScore value='2800'/>
		<razingScore value='1350'/>
		<mineralScore value='11738'/>
		<gasScore value='4616'/>
		<totalScore value='49729'/>
	</enemy>

	<scoreRatio value='1.52949'/>
	<timeFitness value='0.7625'/>
	<unitsAverage value='73'/>
</results>
