<results>
	<result value='win'/>
	<start value='2015-05-05.23:29:46'/>
	<end value='2015-05-05.23:30:13'/>
	<frames value='26445'/>
	<gameDuration value='1652'/>

	<player>
		<unitScore value='15850'/>
		<killScore value='22400'/>
		<buildingScore value='4725'/>
		<razingScore value='7050'/>
		<mineralScore value='23850'/>
		<gasScore value='2656'/>
		<totalScore value='76531'/>
	</player>

	<enemy>
		<race value='Terran'/>
		<unitScore value='11200'/>
		<unitScore value='11200'/>
		<killScore value='12450'/>
		<buildingScore value='2350'/>
		<razingScore value='1950'/>
		<mineralScore value='11286'/>
		<gasScore value='3800'/>
		<totalScore value='43036'/>
	</enemy>

	<scoreRatio value='1.7783'/>
	<timeFitness value='0.770556'/>
	<unitsAverage value='84'/>
</results>
