<results>
	<result value='win'/>
	<start value='2015-05-05.23:41:36'/>
	<end value='2015-05-05.23:42:02'/>
	<frames value='25825'/>
	<gameDuration value='1614'/>

	<player>
		<unitScore value='12750'/>
		<killScore value='17700'/>
		<buildingScore value='3375'/>
		<razingScore value='8025'/>
		<mineralScore value='20274'/>
		<gasScore value='2104'/>
		<totalScore value='64228'/>
	</player>

	<enemy>
		<race value='Terran'/>
		<unitScore value='8850'/>
		<unitScore value='8850'/>
		<killScore value='7300'/>
		<buildingScore value='2675'/>
		<razingScore value='150'/>
		<mineralScore value='9810'/>
		<gasScore value='3296'/>
		<totalScore value='32081'/>
	</enemy>

	<scoreRatio value='2.00206'/>
	<timeFitness value='0.775833'/>
	<unitsAverage value='79'/>
</results>
