<results>
	<result value='loss'/>
	<start value='2015-05-10.03:59:54'/>
	<end value='2015-05-10.04:00:02'/>
	<frames value='15967'/>
	<gameDuration value='997'/>

	<player>
		<unitScore value='3200'/>
		<killScore value='800'/>
		<buildingScore value='1600'/>
		<razingScore value='0'/>
		<mineralScore value='4474'/>
		<gasScore value='672'/>
		<totalScore value='10746'/>
	</player>

	<enemy>
		<race value='Protoss'/>
		<unitScore value='3600'/>
		<unitScore value='3600'/>
		<killScore value='6300'/>
		<buildingScore value='3625'/>
		<razingScore value='4800'/>
		<mineralScore value='8602'/>
		<gasScore value='1616'/>
		<totalScore value='28543'/>
	</enemy>

	<scoreRatio value='0.376485'/>
	<timeFitness value='0.138472'/>
	<unitsAverage value='21'/>
</results>
