<results>
	<result value='win'/>
	<start value='2015-05-10.04:14:40'/>
	<end value='2015-05-10.04:14:59'/>
	<frames value='24275'/>
	<gameDuration value='1517'/>

	<player>
		<unitScore value='11325'/>
		<killScore value='16950'/>
		<buildingScore value='2800'/>
		<razingScore value='12375'/>
		<mineralScore value='14726'/>
		<gasScore value='2056'/>
		<totalScore value='60232'/>
	</player>

	<enemy>
		<race value='Protoss'/>
		<unitScore value='9525'/>
		<unitScore value='9525'/>
		<killScore value='9400'/>
		<buildingScore value='4125'/>
		<razingScore value='1650'/>
		<mineralScore value='10642'/>
		<gasScore value='2832'/>
		<totalScore value='38174'/>
	</enemy>

	<scoreRatio value='1.57783'/>
	<timeFitness value='0.789306'/>
	<unitsAverage value='63'/>
</results>
