<results>
	<result value='win'/>
	<start value='2014-07-11.16:28:52'/>
	<end value='2014-07-11.16:29:13'/>
	<frames value='25112'/>
	<gameDuration value='1569'/>

	<player>
		<unitScore value='16225'/>
		<killScore value='14400'/>
		<buildingScore value='3675'/>
		<razingScore value='10275'/>
		<mineralScore value='21374'/>
		<gasScore value='1936'/>
		<totalScore value='67885'/>
	</player>

	<enemy>
		<race value='Protoss'/>
		<unitScore value='7200'/>
		<unitScore value='7200'/>
		<killScore value='13950'/>
		<buildingScore value='3425'/>
		<razingScore value='0'/>
		<mineralScore value='17334'/>
		<gasScore value='1016'/>
		<totalScore value='42925'/>
	</enemy>

	<scoreRatio value='1.58148'/>
</results>
