<results>
	<result value='draw'/>
	<start value='2015-05-11.00:21:21'/>
	<end value='2015-05-11.00:22:47'/>
	<frames value='57601'/>
	<gameDuration value='3600'/>

	<player>
		<unitScore value='32275'/>
		<killScore value='58050'/>
		<buildingScore value='3525'/>
		<razingScore value='900'/>
		<mineralScore value='31478'/>
		<gasScore value='8912'/>
		<totalScore value='135140'/>
	</player>

	<enemy>
		<race value='Protoss'/>
		<unitScore value='40875'/>
		<unitScore value='40875'/>
		<killScore value='63950'/>
		<buildingScore value='6325'/>
		<razingScore value='6675'/>
		<mineralScore value='31550'/>
		<gasScore value='11458'/>
		<totalScore value='160833'/>
	</enemy>

	<scoreRatio value='0.84025'/>
	<timeFitness value='0.5'/>
	<unitsAverage value='82'/>
</results>
