<results>
	<result value='win'/>
	<start value='2015-05-04.06:49:41'/>
	<end value='2015-05-04.06:50:15'/>
	<frames value='39093'/>
	<gameDuration value='2443'/>

	<player>
		<unitScore value='22000'/>
		<killScore value='37150'/>
		<buildingScore value='2675'/>
		<razingScore value='20325'/>
		<mineralScore value='24090'/>
		<gasScore value='3960'/>
		<totalScore value='110200'/>
	</player>

	<enemy>
		<race value='Protoss'/>
		<unitScore value='19850'/>
		<unitScore value='19850'/>
		<killScore value='28450'/>
		<buildingScore value='6775'/>
		<razingScore value='450'/>
		<mineralScore value='21850'/>
		<gasScore value='7144'/>
		<totalScore value='84519'/>
	</enemy>

	<scoreRatio value='1.30385'/>
	<timeFitness value='0.660694'/>
	<unitsAverage value='96'/>
</results>
