<results>
	<result value='loss'/>
	<start value='2015-05-11.00:26:13'/>
	<end value='2015-05-11.00:26:33'/>
	<frames value='21640'/>
	<gameDuration value='1352'/>

	<player>
		<unitScore value='6600'/>
		<killScore value='2400'/>
		<buildingScore value='2325'/>
		<razingScore value='0'/>
		<mineralScore value='8954'/>
		<gasScore value='1232'/>
		<totalScore value='21511'/>
	</player>

	<enemy>
		<race value='Protoss'/>
		<unitScore value='7100'/>
		<unitScore value='7100'/>
		<killScore value='13200'/>
		<buildingScore value='4525'/>
		<razingScore value='6975'/>
		<mineralScore value='11738'/>
		<gasScore value='3264'/>
		<totalScore value='46802'/>
	</enemy>

	<scoreRatio value='0.459617'/>
	<timeFitness value='0.187778'/>
	<unitsAverage value='37'/>
</results>
