<results>
	<result value='draw'/>
	<start value='2015-07-12.15:14:54'/>
	<end value='2015-07-12.15:15:50'/>
	<frames value='57601'/>
	<gameDuration value='3600'/>

	<player>
		<unitScore value='31575'/>
		<killScore value='14000'/>
		<buildingScore value='3375'/>
		<razingScore value='225'/>
		<mineralScore value='24870'/>
		<gasScore value='7622'/>
		<totalScore value='81667'/>
	</player>

	<enemy>
		<race value='Terran'/>
		<unitScore value='14500'/>
		<killScore value='50050'/>
		<buildingScore value='4025'/>
		<razingScore value='4050'/>
		<mineralScore value='24042'/>
		<gasScore value='6200'/>
		<totalScore value='102867'/>
	</enemy>

	<scoreRatio value='0.793909'/>
	<timeFitness value='0.5'/>
	<unitsAverage value='87'/>
</results>
