<results>
	<result value='loss'/>
	<start value='2015-07-12.15:20:40'/>
	<end value='2015-07-12.15:20:49'/>
	<frames value='18168'/>
	<gameDuration value='1135'/>

	<player>
		<unitScore value='5925'/>
		<killScore value='850'/>
		<buildingScore value='2325'/>
		<razingScore value='0'/>
		<mineralScore value='7338'/>
		<gasScore value='864'/>
		<totalScore value='17302'/>
	</player>

	<enemy>
		<race value='Terran'/>
		<unitScore value='6875'/>
		<killScore value='11750'/>
		<buildingScore value='2850'/>
		<razingScore value='6975'/>
		<mineralScore value='8154'/>
		<gasScore value='2944'/>
		<totalScore value='39548'/>
	</enemy>

	<scoreRatio value='0.437494'/>
	<timeFitness value='0.157639'/>
	<unitsAverage value='27'/>
</results>
