<results>
	<result value='win'/>
	<start value='2015-05-09.12:46:02'/>
	<end value='2015-05-09.12:46:26'/>
	<frames value='26693'/>
	<gameDuration value='1668'/>

	<player>
		<unitScore value='13375'/>
		<killScore value='21505'/>
		<buildingScore value='3275'/>
		<razingScore value='5460'/>
		<mineralScore value='17882'/>
		<gasScore value='1816'/>
		<totalScore value='63313'/>
	</player>

	<enemy>
		<race value='Zerg'/>
		<unitScore value='9950'/>
		<unitScore value='9950'/>
		<killScore value='12400'/>
		<buildingScore value='1820'/>
		<razingScore value='0'/>
		<mineralScore value='9746'/>
		<gasScore value='2960'/>
		<totalScore value='36876'/>
	</enemy>

	<scoreRatio value='1.71692'/>
	<timeFitness value='0.768333'/>
	<unitsAverage value='64'/>
</results>
