<results>
	<result value='win'/>
	<start value='2015-05-09.12:49:52'/>
	<end value='2015-05-09.12:50:12'/>
	<frames value='22880'/>
	<gameDuration value='1430'/>

	<player>
		<unitScore value='11625'/>
		<killScore value='21860'/>
		<buildingScore value='2725'/>
		<razingScore value='4800'/>
		<mineralScore value='15270'/>
		<gasScore value='2120'/>
		<totalScore value='58400'/>
	</player>

	<enemy>
		<race value='Zerg'/>
		<unitScore value='9600'/>
		<unitScore value='9600'/>
		<killScore value='10600'/>
		<buildingScore value='1600'/>
		<razingScore value='0'/>
		<mineralScore value='9178'/>
		<gasScore value='2576'/>
		<totalScore value='33554'/>
	</enemy>

	<scoreRatio value='1.74048'/>
	<timeFitness value='0.801389'/>
	<unitsAverage value='65'/>
</results>
