<results>
	<result value='win'/>
	<start value='2015-05-09.12:48:55'/>
	<end value='2015-05-09.12:49:13'/>
	<frames value='22229'/>
	<gameDuration value='1389'/>

	<player>
		<unitScore value='12675'/>
		<killScore value='18670'/>
		<buildingScore value='2275'/>
		<razingScore value='4560'/>
		<mineralScore value='16026'/>
		<gasScore value='1992'/>
		<totalScore value='56198'/>
	</player>

	<enemy>
		<race value='Zerg'/>
		<unitScore value='8400'/>
		<unitScore value='8400'/>
		<killScore value='13700'/>
		<buildingScore value='1520'/>
		<razingScore value='0'/>
		<mineralScore value='8322'/>
		<gasScore value='2320'/>
		<totalScore value='34262'/>
	</enemy>

	<scoreRatio value='1.64024'/>
	<timeFitness value='0.807083'/>
	<unitsAverage value='64'/>
</results>
