<results>
	<result value='win'/>
	<start value='2015-05-09.12:56:30'/>
	<end value='2015-05-09.12:56:51'/>
	<frames value='24554'/>
	<gameDuration value='1534'/>

	<player>
		<unitScore value='12800'/>
		<killScore value='21270'/>
		<buildingScore value='2475'/>
		<razingScore value='5775'/>
		<mineralScore value='16190'/>
		<gasScore value='2376'/>
		<totalScore value='60886'/>
	</player>

	<enemy>
		<race value='Zerg'/>
		<unitScore value='9650'/>
		<unitScore value='9650'/>
		<killScore value='12050'/>
		<buildingScore value='1925'/>
		<razingScore value='0'/>
		<mineralScore value='9394'/>
		<gasScore value='2752'/>
		<totalScore value='35771'/>
	</enemy>

	<scoreRatio value='1.70211'/>
	<timeFitness value='0.786944'/>
	<unitsAverage value='65'/>
</results>
