<results>
	<result value='loss'/>
	<start value='2015-04-03.20:49:08'/>
	<end value='2015-04-03.20:49:36'/>
	<frames value='38101'/>
	<gameDuration value='2381'/>

	<player>
		<unitScore value='14625'/>
		<killScore value='12550'/>
		<buildingScore value='2525'/>
		<razingScore value='600'/>
		<mineralScore value='17434'/>
		<gasScore value='3144'/>
		<totalScore value='50878'/>
	</player>

	<enemy>
		<race value='Protoss'/>
		<unitScore value='24675'/>
		<unitScore value='24675'/>
		<killScore value='29450'/>
		<buildingScore value='7975'/>
		<razingScore value='7575'/>
		<mineralScore value='26786'/>
		<gasScore value='10048'/>
		<totalScore value='106509'/>
	</enemy>

	<scoreRatio value='0.477687'/>
</results>
