<results>
	<result value='win'/>
	<start value='2014-07-22.23:50:51'/>
	<end value='2014-07-22.23:51:11'/>
	<frames value='25701'/>
	<gameDuration value='1606'/>

	<player>
		<unitScore value='14325'/>
		<killScore value='20600'/>
		<buildingScore value='4350'/>
		<razingScore value='12075'/>
		<mineralScore value='20486'/>
		<gasScore value='2352'/>
		<totalScore value='74188'/>
	</player>

	<enemy>
		<race value='Protoss'/>
		<unitScore value='11400'/>
		<unitScore value='11400'/>
		<killScore value='11400'/>
		<buildingScore value='4025'/>
		<razingScore value='300'/>
		<mineralScore value='11582'/>
		<gasScore value='2976'/>
		<totalScore value='41683'/>
	</enemy>

	<scoreRatio value='1.77981'/>
</results>
