<results>
	<result value='loss'/>
	<start value='2015-07-14.01:03:20'/>
	<end value='2015-07-14.01:03:30'/>
	<frames value='15626'/>
	<gameDuration value='976'/>

	<player>
		<unitScore value='3575'/>
		<killScore value='1000'/>
		<buildingScore value='1775'/>
		<razingScore value='0'/>
		<mineralScore value='4770'/>
		<gasScore value='832'/>
		<totalScore value='11952'/>
	</player>

	<enemy>
		<race value='Protoss'/>
		<unitScore value='3550'/>
		<killScore value='7000'/>
		<buildingScore value='3275'/>
		<razingScore value='5325'/>
		<mineralScore value='8314'/>
		<gasScore value='1336'/>
		<totalScore value='28800'/>
	</enemy>

	<scoreRatio value='0.415'/>
	<timeFitness value='0.135556'/>
	<unitsAverage value='22'/>
</results>
