<results>
	<result value='loss'/>
	<start value='2015-07-14.01:05:22'/>
	<end value='2015-07-14.01:05:51'/>
	<frames value='32583'/>
	<gameDuration value='2036'/>

	<player>
		<unitScore value='15050'/>
		<killScore value='5800'/>
		<buildingScore value='3375'/>
		<razingScore value='0'/>
		<mineralScore value='19530'/>
		<gasScore value='2472'/>
		<totalScore value='46227'/>
	</player>

	<enemy>
		<race value='Protoss'/>
		<unitScore value='20150'/>
		<killScore value='30000'/>
		<buildingScore value='6975'/>
		<razingScore value='10125'/>
		<mineralScore value='21714'/>
		<gasScore value='7968'/>
		<totalScore value='96932'/>
	</enemy>

	<scoreRatio value='0.476901'/>
	<timeFitness value='0.282778'/>
	<unitsAverage value='47'/>
</results>
