<results>
	<result value='loss'/>
	<start value='2015-07-19.05:13:00'/>
	<end value='2015-07-19.05:13:30'/>
	<frames value='32273'/>
	<gameDuration value='2017'/>

	<player>
		<unitScore value='15100'/>
		<killScore value='7300'/>
		<buildingScore value='2325'/>
		<razingScore value='0'/>
		<mineralScore value='17266'/>
		<gasScore value='2560'/>
		<totalScore value='44551'/>
	</player>

	<enemy>
		<race value='Protoss'/>
		<unitScore value='17600'/>
		<killScore value='30200'/>
		<buildingScore value='6875'/>
		<razingScore value='6975'/>
		<mineralScore value='20614'/>
		<gasScore value='7344'/>
		<totalScore value='89608'/>
	</enemy>

	<scoreRatio value='0.497177'/>
	<timeFitness value='0.280139'/>
	<unitsAverage value='41'/>
</results>
