<results>
	<result value='win'/>
	<start value='2015-05-09.10:29:18'/>
	<end value='2015-05-09.10:29:32'/>
	<frames value='22384'/>
	<gameDuration value='1399'/>

	<player>
		<unitScore value='10925'/>
		<killScore value='16500'/>
		<buildingScore value='2675'/>
		<razingScore value='8025'/>
		<mineralScore value='16342'/>
		<gasScore value='1344'/>
		<totalScore value='55811'/>
	</player>

	<enemy>
		<race value='Terran'/>
		<unitScore value='8250'/>
		<unitScore value='8250'/>
		<killScore value='7300'/>
		<buildingScore value='2675'/>
		<razingScore value='1200'/>
		<mineralScore value='8738'/>
		<gasScore value='2840'/>
		<totalScore value='31003'/>
	</enemy>

	<scoreRatio value='1.80018'/>
	<timeFitness value='0.805694'/>
	<unitsAverage value='69'/>
</results>
