<results>
	<result value='win'/>
	<start value='2015-03-31.13:56:18'/>
	<end value='2015-03-31.13:56:44'/>
	<frames value='28026'/>
	<gameDuration value='1751'/>

	<player>
		<unitScore value='13325'/>
		<killScore value='16800'/>
		<buildingScore value='4125'/>
		<razingScore value='12075'/>
		<mineralScore value='19222'/>
		<gasScore value='2056'/>
		<totalScore value='67603'/>
	</player>

	<enemy>
		<race value='Protoss'/>
		<unitScore value='8800'/>
		<unitScore value='8800'/>
		<killScore value='8900'/>
		<buildingScore value='4025'/>
		<razingScore value='1500'/>
		<mineralScore value='11554'/>
		<gasScore value='1992'/>
		<totalScore value='36771'/>
	</enemy>

	<scoreRatio value='1.83849'/>
</results>
