<results>
	<result value='win'/>
	<start value='2015-05-10.05:00:39'/>
	<end value='2015-05-10.05:02:30'/>
	<frames value='44146'/>
	<gameDuration value='2759'/>

	<player>
		<unitScore value='32375'/>
		<killScore value='59440'/>
		<buildingScore value='3775'/>
		<razingScore value='19500'/>
		<mineralScore value='32990'/>
		<gasScore value='3952'/>
		<totalScore value='152032'/>
	</player>

	<enemy>
		<race value='Protoss'/>
		<unitScore value='29750'/>
		<unitScore value='29750'/>
		<killScore value='39200'/>
		<buildingScore value='6500'/>
		<razingScore value='150'/>
		<mineralScore value='28658'/>
		<gasScore value='9332'/>
		<totalScore value='113590'/>
	</enemy>

	<scoreRatio value='1.33843'/>
	<timeFitness value='0.616806'/>
	<unitsAverage value='133'/>
</results>
