<results>
	<result value='loss'/>
	<start value='2015-05-10.05:18:23'/>
	<end value='2015-05-10.05:19:34'/>
	<frames value='51431'/>
	<gameDuration value='3214'/>

	<player>
		<unitScore value='23650'/>
		<killScore value='43350'/>
		<buildingScore value='2725'/>
		<razingScore value='1650'/>
		<mineralScore value='24018'/>
		<gasScore value='4528'/>
		<totalScore value='99921'/>
	</player>

	<enemy>
		<race value='Protoss'/>
		<unitScore value='40725'/>
		<unitScore value='40725'/>
		<killScore value='47300'/>
		<buildingScore value='7575'/>
		<razingScore value='8175'/>
		<mineralScore value='35042'/>
		<gasScore value='12658'/>
		<totalScore value='151475'/>
	</enemy>

	<scoreRatio value='0.659653'/>
	<timeFitness value='0.446389'/>
	<unitsAverage value='80'/>
</results>
