<results>
	<result value='win'/>
	<start value='2015-05-10.06:17:53'/>
	<end value='2015-05-10.06:18:20'/>
	<frames value='29638'/>
	<gameDuration value='1852'/>

	<player>
		<unitScore value='17775'/>
		<killScore value='31215'/>
		<buildingScore value='2875'/>
		<razingScore value='6255'/>
		<mineralScore value='20794'/>
		<gasScore value='3272'/>
		<totalScore value='82186'/>
	</player>

	<enemy>
		<race value='Zerg'/>
		<unitScore value='13575'/>
		<unitScore value='13575'/>
		<killScore value='21450'/>
		<buildingScore value='2085'/>
		<razingScore value='525'/>
		<mineralScore value='12682'/>
		<gasScore value='4016'/>
		<totalScore value='54333'/>
	</enemy>

	<scoreRatio value='1.51263'/>
	<timeFitness value='0.742778'/>
	<unitsAverage value='77'/>
</results>
