<results>
	<result value='win'/>
	<start value='2015-05-10.06:18:23'/>
	<end value='2015-05-10.06:19:00'/>
	<frames value='28615'/>
	<gameDuration value='1788'/>

	<player>
		<unitScore value='17425'/>
		<killScore value='25250'/>
		<buildingScore value='4850'/>
		<razingScore value='5895'/>
		<mineralScore value='26810'/>
		<gasScore value='2096'/>
		<totalScore value='82326'/>
	</player>

	<enemy>
		<race value='Zerg'/>
		<unitScore value='11925'/>
		<unitScore value='11925'/>
		<killScore value='12050'/>
		<buildingScore value='1965'/>
		<razingScore value='0'/>
		<mineralScore value='11698'/>
		<gasScore value='3960'/>
		<totalScore value='41598'/>
	</enemy>

	<scoreRatio value='1.97909'/>
	<timeFitness value='0.751667'/>
	<unitsAverage value='108'/>
</results>
