<results>
	<result value='win'/>
	<start value='2015-04-27.11:49:17'/>
	<end value='2015-04-27.11:49:35'/>
	<frames value='26538'/>
	<gameDuration value='1658'/>

	<player>
		<unitScore value='12825'/>
		<killScore value='25000'/>
		<buildingScore value='4450'/>
		<razingScore value='8250'/>
		<mineralScore value='20402'/>
		<gasScore value='2432'/>
		<totalScore value='73359'/>
	</player>

	<enemy>
		<race value='Terran'/>
		<unitScore value='12500'/>
		<unitScore value='12500'/>
		<killScore value='8400'/>
		<buildingScore value='2750'/>
		<razingScore value='1425'/>
		<mineralScore value='10614'/>
		<gasScore value='3744'/>
		<totalScore value='39433'/>
	</enemy>

	<scoreRatio value='1.86035'/>
</results>
