<results>
	<result value='loss'/>
	<start value='2015-07-14.01:13:15'/>
	<end value='2015-07-14.01:13:28'/>
	<frames value='18695'/>
	<gameDuration value='1168'/>

	<player>
		<unitScore value='6425'/>
		<killScore value='1000'/>
		<buildingScore value='2125'/>
		<razingScore value='0'/>
		<mineralScore value='8218'/>
		<gasScore value='936'/>
		<totalScore value='18704'/>
	</player>

	<enemy>
		<race value='Protoss'/>
		<unitScore value='5075'/>
		<killScore value='11800'/>
		<buildingScore value='3575'/>
		<razingScore value='6375'/>
		<mineralScore value='9562'/>
		<gasScore value='2376'/>
		<totalScore value='38763'/>
	</enemy>

	<scoreRatio value='0.482522'/>
	<timeFitness value='0.162222'/>
	<unitsAverage value='32'/>
</results>
