<results>
	<result value='loss'/>
	<start value='2015-07-14.01:28:41'/>
	<end value='2015-07-14.01:28:56'/>
	<frames value='21299'/>
	<gameDuration value='1331'/>

	<player>
		<unitScore value='4900'/>
		<killScore value='5100'/>
		<buildingScore value='2375'/>
		<razingScore value='375'/>
		<mineralScore value='6378'/>
		<gasScore value='856'/>
		<totalScore value='19984'/>
	</player>

	<enemy>
		<race value='Protoss'/>
		<unitScore value='7200'/>
		<killScore value='9550'/>
		<buildingScore value='4450'/>
		<razingScore value='7125'/>
		<mineralScore value='12482'/>
		<gasScore value='2872'/>
		<totalScore value='43679'/>
	</enemy>

	<scoreRatio value='0.45752'/>
	<timeFitness value='0.184861'/>
	<unitsAverage value='24'/>
</results>
