<results>
	<result value='loss'/>
	<start value='2015-07-14.01:29:05'/>
	<end value='2015-07-14.01:29:59'/>
	<frames value='35497'/>
	<gameDuration value='2218'/>

	<player>
		<unitScore value='16925'/>
		<killScore value='7300'/>
		<buildingScore value='3225'/>
		<razingScore value='300'/>
		<mineralScore value='24386'/>
		<gasScore value='3008'/>
		<totalScore value='55144'/>
	</player>

	<enemy>
		<race value='Protoss'/>
		<unitScore value='21500'/>
		<killScore value='32350'/>
		<buildingScore value='7650'/>
		<razingScore value='9675'/>
		<mineralScore value='26450'/>
		<gasScore value='8176'/>
		<totalScore value='105801'/>
	</enemy>

	<scoreRatio value='0.521205'/>
	<timeFitness value='0.308056'/>
	<unitsAverage value='62'/>
</results>
