<results>
	<result value='win'/>
	<start value='2014-07-11.20:27:42'/>
	<end value='2014-07-11.20:28:14'/>
	<frames value='30351'/>
	<gameDuration value='1896'/>

	<player>
		<unitScore value='17775'/>
		<killScore value='27160'/>
		<buildingScore value='3575'/>
		<razingScore value='9615'/>
		<mineralScore value='28646'/>
		<gasScore value='4336'/>
		<totalScore value='91107'/>
	</player>

	<enemy>
		<race value='Zerg'/>
		<unitScore value='13625'/>
		<unitScore value='13625'/>
		<killScore value='16000'/>
		<buildingScore value='3205'/>
		<razingScore value='150'/>
		<mineralScore value='14498'/>
		<gasScore value='4312'/>
		<totalScore value='51790'/>
	</enemy>

	<scoreRatio value='1.75916'/>
</results>
