<results>
	<result value='loss'/>
	<start value='2015-04-25.03:47:55'/>
	<end value='2015-04-25.03:48:04'/>
	<frames value='18168'/>
	<gameDuration value='1135'/>

	<player>
		<unitScore value='3650'/>
		<killScore value='700'/>
		<buildingScore value='2000'/>
		<razingScore value='0'/>
		<mineralScore value='5938'/>
		<gasScore value='616'/>
		<totalScore value='12904'/>
	</player>

	<enemy>
		<race value='Terran'/>
		<unitScore value='6400'/>
		<unitScore value='6400'/>
		<killScore value='7300'/>
		<buildingScore value='2850'/>
		<razingScore value='6000'/>
		<mineralScore value='8298'/>
		<gasScore value='2720'/>
		<totalScore value='33568'/>
	</enemy>

	<scoreRatio value='0.384414'/>
</results>
