<results>
	<result value='loss'/>
	<start value='2015-04-25.03:49:17'/>
	<end value='2015-04-25.03:49:27'/>
	<frames value='18478'/>
	<gameDuration value='1154'/>

	<player>
		<unitScore value='4025'/>
		<killScore value='1950'/>
		<buildingScore value='2000'/>
		<razingScore value='0'/>
		<mineralScore value='6018'/>
		<gasScore value='912'/>
		<totalScore value='14905'/>
	</player>

	<enemy>
		<race value='Terran'/>
		<unitScore value='7025'/>
		<unitScore value='7025'/>
		<killScore value='7950'/>
		<buildingScore value='2850'/>
		<razingScore value='6000'/>
		<mineralScore value='8562'/>
		<gasScore value='2936'/>
		<totalScore value='35323'/>
	</enemy>

	<scoreRatio value='0.421963'/>
</results>
