<results>
	<result value='loss'/>
	<start value='2015-04-25.04:02:04'/>
	<end value='2015-04-25.04:02:15'/>
	<frames value='20028'/>
	<gameDuration value='1251'/>

	<player>
		<unitScore value='4475'/>
		<killScore value='2600'/>
		<buildingScore value='1875'/>
		<razingScore value='0'/>
		<mineralScore value='6226'/>
		<gasScore value='1008'/>
		<totalScore value='16184'/>
	</player>

	<enemy>
		<race value='Terran'/>
		<unitScore value='7675'/>
		<unitScore value='7675'/>
		<killScore value='8950'/>
		<buildingScore value='2850'/>
		<razingScore value='5625'/>
		<mineralScore value='9490'/>
		<gasScore value='3664'/>
		<totalScore value='38254'/>
	</enemy>

	<scoreRatio value='0.423067'/>
</results>
