<results>
	<result value='loss'/>
	<start value='2015-04-26.10:44:08'/>
	<end value='2015-04-26.10:44:17'/>
	<frames value='18788'/>
	<gameDuration value='1174'/>

	<player>
		<unitScore value='2825'/>
		<killScore value='2350'/>
		<buildingScore value='1050'/>
		<razingScore value='0'/>
		<mineralScore value='4402'/>
		<gasScore value='280'/>
		<totalScore value='10907'/>
	</player>

	<enemy>
		<race value='Terran'/>
		<unitScore value='7100'/>
		<unitScore value='7100'/>
		<killScore value='5650'/>
		<buildingScore value='2850'/>
		<razingScore value='3150'/>
		<mineralScore value='8546'/>
		<gasScore value='3216'/>
		<totalScore value='30512'/>
	</enemy>

	<scoreRatio value='0.357466'/>
</results>
