<results>
	<result value='win'/>
	<start value='2015-07-12.19:43:52'/>
	<end value='2015-07-12.19:44:22'/>
	<frames value='27809'/>
	<gameDuration value='1738'/>

	<player>
		<unitScore value='17600'/>
		<killScore value='17250'/>
		<buildingScore value='3675'/>
		<razingScore value='8400'/>
		<mineralScore value='26658'/>
		<gasScore value='2416'/>
		<totalScore value='75999'/>
	</player>

	<enemy>
		<race value='Terran'/>
		<unitScore value='9325'/>
		<killScore value='11100'/>
		<buildingScore value='2800'/>
		<razingScore value='150'/>
		<mineralScore value='9394'/>
		<gasScore value='3160'/>
		<totalScore value='35929'/>
	</enemy>

	<scoreRatio value='2.11526'/>
	<timeFitness value='0.758611'/>
	<unitsAverage value='99'/>
</results>
