<results>
	<result value='loss'/>
	<start value='2015-04-16.13:11:14'/>
	<end value='2015-04-16.13:13:09'/>
	<frames value='54004'/>
	<gameDuration value='3375'/>

	<player>
		<unitScore value='22950'/>
		<killScore value='45880'/>
		<buildingScore value='2775'/>
		<razingScore value='7500'/>
		<mineralScore value='25090'/>
		<gasScore value='2904'/>
		<totalScore value='107099'/>
	</player>

	<enemy>
		<race value='Protoss'/>
		<unitScore value='31215'/>
		<unitScore value='31215'/>
		<killScore value='45900'/>
		<buildingScore value='9350'/>
		<razingScore value='8325'/>
		<mineralScore value='33358'/>
		<gasScore value='9476'/>
		<totalScore value='137624'/>
	</enemy>

	<scoreRatio value='0.7782'/>
</results>
