<results>
	<result value='win'/>
	<start value='2014-07-22.21:32:19'/>
	<end value='2014-07-22.21:32:35'/>
	<frames value='24957'/>
	<gameDuration value='1559'/>

	<player>
		<unitScore value='11425'/>
		<killScore value='15600'/>
		<buildingScore value='3075'/>
		<razingScore value='6600'/>
		<mineralScore value='16486'/>
		<gasScore value='2272'/>
		<totalScore value='55458'/>
	</player>

	<enemy>
		<race value='Terran'/>
		<unitScore value='7800'/>
		<unitScore value='7800'/>
		<killScore value='10350'/>
		<buildingScore value='2200'/>
		<razingScore value='1650'/>
		<mineralScore value='10966'/>
		<gasScore value='3576'/>
		<totalScore value='36542'/>
	</enemy>

	<scoreRatio value='1.51765'/>
</results>
