<results>
	<result value='win'/>
	<start value='2015-05-10.05:29:05'/>
	<end value='2015-05-10.05:30:03'/>
	<frames value='44766'/>
	<gameDuration value='2797'/>

	<player>
		<unitScore value='28700'/>
		<killScore value='52810'/>
		<buildingScore value='3500'/>
		<razingScore value='7380'/>
		<mineralScore value='31338'/>
		<gasScore value='3496'/>
		<totalScore value='127224'/>
	</player>

	<enemy>
		<race value='Zerg'/>
		<unitScore value='24400'/>
		<unitScore value='24400'/>
		<killScore value='38050'/>
		<buildingScore value='2460'/>
		<razingScore value='0'/>
		<mineralScore value='20010'/>
		<gasScore value='7364'/>
		<totalScore value='92284'/>
	</enemy>

	<scoreRatio value='1.37861'/>
	<timeFitness value='0.611528'/>
	<unitsAverage value='117'/>
</results>
