<results>
	<result value='win'/>
	<start value='2015-05-10.05:32:52'/>
	<end value='2015-05-10.05:33:25'/>
	<frames value='27685'/>
	<gameDuration value='1730'/>

	<player>
		<unitScore value='17800'/>
		<killScore value='20300'/>
		<buildingScore value='4025'/>
		<razingScore value='6375'/>
		<mineralScore value='24570'/>
		<gasScore value='1968'/>
		<totalScore value='75038'/>
	</player>

	<enemy>
		<race value='Zerg'/>
		<unitScore value='10050'/>
		<unitScore value='10050'/>
		<killScore value='13600'/>
		<buildingScore value='2125'/>
		<razingScore value='0'/>
		<mineralScore value='10434'/>
		<gasScore value='3360'/>
		<totalScore value='39569'/>
	</enemy>

	<scoreRatio value='1.89638'/>
	<timeFitness value='0.759722'/>
	<unitsAverage value='102'/>
</results>
