<results>
	<result value='win'/>
	<start value='2015-05-10.05:33:29'/>
	<end value='2015-05-10.05:34:01'/>
	<frames value='34133'/>
	<gameDuration value='2133'/>

	<player>
		<unitScore value='17625'/>
		<killScore value='26620'/>
		<buildingScore value='3550'/>
		<razingScore value='9255'/>
		<mineralScore value='21354'/>
		<gasScore value='3552'/>
		<totalScore value='81956'/>
	</player>

	<enemy>
		<race value='Zerg'/>
		<unitScore value='12500'/>
		<unitScore value='12500'/>
		<killScore value='19950'/>
		<buildingScore value='3085'/>
		<razingScore value='2325'/>
		<mineralScore value='14130'/>
		<gasScore value='4232'/>
		<totalScore value='56222'/>
	</enemy>

	<scoreRatio value='1.45772'/>
	<timeFitness value='0.70375'/>
	<unitsAverage value='75'/>
</results>
