<results>
	<result value='win'/>
	<start value='2015-05-10.05:34:50'/>
	<end value='2015-05-10.05:36:10'/>
	<frames value='42131'/>
	<gameDuration value='2633'/>

	<player>
		<unitScore value='26425'/>
		<killScore value='43490'/>
		<buildingScore value='4375'/>
		<razingScore value='6015'/>
		<mineralScore value='40246'/>
		<gasScore value='5904'/>
		<totalScore value='126455'/>
	</player>

	<enemy>
		<race value='Zerg'/>
		<unitScore value='18550'/>
		<unitScore value='18550'/>
		<killScore value='29650'/>
		<buildingScore value='2005'/>
		<razingScore value='0'/>
		<mineralScore value='16050'/>
		<gasScore value='4672'/>
		<totalScore value='70927'/>
	</enemy>

	<scoreRatio value='1.78289'/>
	<timeFitness value='0.634306'/>
	<unitsAverage value='145'/>
</results>
