<results>
	<result value='draw'/>
	<start value='2015-05-10.05:36:13'/>
	<end value='2015-05-10.05:38:57'/>
	<frames value='57601'/>
	<gameDuration value='3600'/>

	<player>
		<unitScore value='22525'/>
		<killScore value='38850'/>
		<buildingScore value='4650'/>
		<razingScore value='1860'/>
		<mineralScore value='48690'/>
		<gasScore value='7858'/>
		<totalScore value='124433'/>
	</player>

	<enemy>
		<race value='Zerg'/>
		<unitScore value='17750'/>
		<unitScore value='17750'/>
		<killScore value='22450'/>
		<buildingScore value='1680'/>
		<razingScore value='0'/>
		<mineralScore value='14322'/>
		<gasScore value='6206'/>
		<totalScore value='62408'/>
	</enemy>

	<scoreRatio value='1.99386'/>
	<timeFitness value='0.5'/>
	<unitsAverage value='175'/>
</results>
