<results>
	<result value='loss'/>
	<start value='2015-05-10.07:12:12'/>
	<end value='2015-05-10.07:12:19'/>
	<frames value='15378'/>
	<gameDuration value='961'/>

	<player>
		<unitScore value='2850'/>
		<killScore value='700'/>
		<buildingScore value='1625'/>
		<razingScore value='0'/>
		<mineralScore value='4618'/>
		<gasScore value='504'/>
		<totalScore value='10297'/>
	</player>

	<enemy>
		<race value='Protoss'/>
		<unitScore value='3600'/>
		<unitScore value='3600'/>
		<killScore value='5700'/>
		<buildingScore value='2925'/>
		<razingScore value='4875'/>
		<mineralScore value='7962'/>
		<gasScore value='1520'/>
		<totalScore value='26582'/>
	</enemy>

	<scoreRatio value='0.387367'/>
	<timeFitness value='0.133472'/>
	<unitsAverage value='22'/>
</results>
