<results>
	<result value='loss'/>
	<start value='2015-05-03.03:31:45'/>
	<end value='2015-05-03.03:31:54'/>
	<frames value='18881'/>
	<gameDuration value='1180'/>

	<player>
		<unitScore value='5200'/>
		<killScore value='200'/>
		<buildingScore value='1650'/>
		<razingScore value='0'/>
		<mineralScore value='7834'/>
		<gasScore value='616'/>
		<totalScore value='15500'/>
	</player>

	<enemy>
		<race value='Protoss'/>
		<unitScore value='5300'/>
		<unitScore value='5300'/>
		<killScore value='9700'/>
		<buildingScore value='4225'/>
		<razingScore value='4950'/>
		<mineralScore value='9666'/>
		<gasScore value='2616'/>
		<totalScore value='36457'/>
	</enemy>

	<scoreRatio value='0.425158'/>
	<timeFitness value='0.163889'/>
	<unitsAverage value='34'/>
</results>
