<results>
	<result value='loss'/>
	<start value='2015-05-03.03:32:34'/>
	<end value='2015-05-03.03:32:43'/>
	<frames value='21485'/>
	<gameDuration value='1342'/>

	<player>
		<unitScore value='3800'/>
		<killScore value='1900'/>
		<buildingScore value='2175'/>
		<razingScore value='0'/>
		<mineralScore value='6402'/>
		<gasScore value='424'/>
		<totalScore value='14701'/>
	</player>

	<enemy>
		<race value='Protoss'/>
		<unitScore value='6075'/>
		<unitScore value='6075'/>
		<killScore value='7600'/>
		<buildingScore value='5375'/>
		<razingScore value='6525'/>
		<mineralScore value='12506'/>
		<gasScore value='3104'/>
		<totalScore value='41185'/>
	</enemy>

	<scoreRatio value='0.35695'/>
	<timeFitness value='0.186389'/>
	<unitsAverage value='23'/>
</results>
