<results>
	<result value='loss'/>
	<start value='2015-05-06.13:42:55'/>
	<end value='2015-05-06.13:43:01'/>
	<frames value='15192'/>
	<gameDuration value='949'/>

	<player>
		<unitScore value='1625'/>
		<killScore value='200'/>
		<buildingScore value='1400'/>
		<razingScore value='0'/>
		<mineralScore value='2898'/>
		<gasScore value='528'/>
		<totalScore value='6651'/>
	</player>

	<enemy>
		<race value='Terran'/>
		<unitScore value='5000'/>
		<unitScore value='5000'/>
		<killScore value='3150'/>
		<buildingScore value='1700'/>
		<razingScore value='4200'/>
		<mineralScore value='6890'/>
		<gasScore value='2056'/>
		<totalScore value='22996'/>
	</enemy>

	<scoreRatio value='0.289224'/>
	<timeFitness value='0.131806'/>
	<unitsAverage value='15'/>
</results>
