<results>
	<result value='loss'/>
	<start value='2015-05-06.13:45:06'/>
	<end value='2015-05-06.13:45:15'/>
	<frames value='19501'/>
	<gameDuration value='1218'/>

	<player>
		<unitScore value='4500'/>
		<killScore value='1900'/>
		<buildingScore value='1975'/>
		<razingScore value='0'/>
		<mineralScore value='6666'/>
		<gasScore value='1040'/>
		<totalScore value='16081'/>
	</player>

	<enemy>
		<race value='Terran'/>
		<unitScore value='7550'/>
		<unitScore value='7550'/>
		<killScore value='9000'/>
		<buildingScore value='2850'/>
		<razingScore value='5925'/>
		<mineralScore value='9058'/>
		<gasScore value='3400'/>
		<totalScore value='37783'/>
	</enemy>

	<scoreRatio value='0.425615'/>
	<timeFitness value='0.169167'/>
	<unitsAverage value='28'/>
</results>
