<results>
	<result value='win'/>
	<start value='2015-05-06.13:50:35'/>
	<end value='2015-05-06.13:51:05'/>
	<frames value='33358'/>
	<gameDuration value='2084'/>

	<player>
		<unitScore value='19900'/>
		<killScore value='29350'/>
		<buildingScore value='3675'/>
		<razingScore value='11550'/>
		<mineralScore value='23442'/>
		<gasScore value='3288'/>
		<totalScore value='91205'/>
	</player>

	<enemy>
		<race value='Terran'/>
		<unitScore value='17275'/>
		<unitScore value='17275'/>
		<killScore value='19950'/>
		<buildingScore value='3925'/>
		<razingScore value='525'/>
		<mineralScore value='14398'/>
		<gasScore value='6840'/>
		<totalScore value='62913'/>
	</enemy>

	<scoreRatio value='1.4497'/>
	<timeFitness value='0.710556'/>
	<unitsAverage value='83'/>
</results>
