<results>
	<result value='loss'/>
	<start value='2015-05-06.14:06:55'/>
	<end value='2015-05-06.14:06:59'/>
	<frames value='10790'/>
	<gameDuration value='674'/>

	<player>
		<unitScore value='500'/>
		<killScore value='0'/>
		<buildingScore value='525'/>
		<razingScore value='0'/>
		<mineralScore value='3074'/>
		<gasScore value='0'/>
		<totalScore value='4099'/>
	</player>

	<enemy>
		<race value='Terran'/>
		<unitScore value='2600'/>
		<unitScore value='2600'/>
		<killScore value='1000'/>
		<buildingScore value='1400'/>
		<razingScore value='1575'/>
		<mineralScore value='4546'/>
		<gasScore value='1368'/>
		<totalScore value='12489'/>
	</enemy>

	<scoreRatio value='0.328209'/>
	<timeFitness value='0.0936111'/>
	<unitsAverage value='9'/>
</results>
