<results>
	<result value='loss'/>
	<start value='2015-07-20.23:05:08'/>
	<end value='2015-07-20.23:05:35'/>
	<frames value='25763'/>
	<gameDuration value='1610'/>

	<player>
		<unitScore value='13100'/>
		<killScore value='7400'/>
		<buildingScore value='2900'/>
		<razingScore value='0'/>
		<mineralScore value='23002'/>
		<gasScore value='2488'/>
		<totalScore value='48890'/>
	</player>

	<enemy>
		<race value='Zerg'/>
		<unitScore value='13200'/>
		<killScore value='26200'/>
		<buildingScore value='3085'/>
		<razingScore value='8700'/>
		<mineralScore value='14602'/>
		<gasScore value='3992'/>
		<totalScore value='69779'/>
	</enemy>

	<scoreRatio value='0.700641'/>
	<timeFitness value='0.223611'/>
	<unitsAverage value='54'/>
</results>
