<results>
	<result value='draw'/>
	<start value='2015-07-20.23:11:43'/>
	<end value='2015-07-20.23:13:25'/>
	<frames value='57601'/>
	<gameDuration value='3600'/>

	<player>
		<unitScore value='45600'/>
		<killScore value='36240'/>
		<buildingScore value='4375'/>
		<razingScore value='2790'/>
		<mineralScore value='43310'/>
		<gasScore value='8998'/>
		<totalScore value='141313'/>
	</player>

	<enemy>
		<race value='Zerg'/>
		<unitScore value='22525'/>
		<killScore value='68550'/>
		<buildingScore value='3330'/>
		<razingScore value='3600'/>
		<mineralScore value='19558'/>
		<gasScore value='10736'/>
		<totalScore value='128299'/>
	</enemy>

	<scoreRatio value='1.10143'/>
	<timeFitness value='0.5'/>
	<unitsAverage value='115'/>
</results>
