<results>
	<result value='loss'/>
	<start value='2015-05-05.04:57:38'/>
	<end value='2015-05-05.04:57:44'/>
	<frames value='16277'/>
	<gameDuration value='1017'/>

	<player>
		<unitScore value='2450'/>
		<killScore value='1600'/>
		<buildingScore value='1575'/>
		<razingScore value='0'/>
		<mineralScore value='4034'/>
		<gasScore value='560'/>
		<totalScore value='10219'/>
	</player>

	<enemy>
		<race value='Protoss'/>
		<unitScore value='3600'/>
		<unitScore value='3600'/>
		<killScore value='4900'/>
		<buildingScore value='4025'/>
		<razingScore value='4725'/>
		<mineralScore value='8802'/>
		<gasScore value='1624'/>
		<totalScore value='27676'/>
	</enemy>

	<scoreRatio value='0.369237'/>
	<timeFitness value='0.14125'/>
	<unitsAverage value='18'/>
</results>
