<results>
	<result value='win'/>
	<start value='2015-05-05.05:22:07'/>
	<end value='2015-05-05.05:22:33'/>
	<frames value='28801'/>
	<gameDuration value='1800'/>

	<player>
		<unitScore value='19925'/>
		<killScore value='23500'/>
		<buildingScore value='4175'/>
		<razingScore value='17025'/>
		<mineralScore value='26674'/>
		<gasScore value='2368'/>
		<totalScore value='93667'/>
	</player>

	<enemy>
		<race value='Protoss'/>
		<unitScore value='11750'/>
		<unitScore value='11750'/>
		<killScore value='17150'/>
		<buildingScore value='5675'/>
		<razingScore value='0'/>
		<mineralScore value='19034'/>
		<gasScore value='3712'/>
		<totalScore value='57321'/>
	</enemy>

	<scoreRatio value='1.63408'/>
	<timeFitness value='0.75'/>
	<unitsAverage value='105'/>
</results>
