<results>
	<result value='win'/>
	<start value='2015-05-05.05:22:50'/>
	<end value='2015-05-05.05:23:13'/>
	<frames value='27716'/>
	<gameDuration value='1732'/>

	<player>
		<unitScore value='17400'/>
		<killScore value='19600'/>
		<buildingScore value='4800'/>
		<razingScore value='14625'/>
		<mineralScore value='24570'/>
		<gasScore value='3168'/>
		<totalScore value='84163'/>
	</player>

	<enemy>
		<race value='Protoss'/>
		<unitScore value='11200'/>
		<unitScore value='11200'/>
		<killScore value='13050'/>
		<buildingScore value='4875'/>
		<razingScore value='0'/>
		<mineralScore value='11630'/>
		<gasScore value='3536'/>
		<totalScore value='44291'/>
	</enemy>

	<scoreRatio value='1.90023'/>
	<timeFitness value='0.759444'/>
	<unitsAverage value='98'/>
</results>
