<results>
	<result value='loss'/>
	<start value='2015-03-30.01:41:48'/>
	<end value='2015-03-30.01:41:58'/>
	<frames value='15843'/>
	<gameDuration value='990'/>

	<player>
		<unitScore value='3150'/>
		<killScore value='1600'/>
		<buildingScore value='1400'/>
		<razingScore value='0'/>
		<mineralScore value='4482'/>
		<gasScore value='600'/>
		<totalScore value='11232'/>
	</player>

	<enemy>
		<race value='Protoss'/>
		<unitScore value='3550'/>
		<unitScore value='3550'/>
		<killScore value='6300'/>
		<buildingScore value='3525'/>
		<razingScore value='4200'/>
		<mineralScore value='8418'/>
		<gasScore value='1584'/>
		<totalScore value='27577'/>
	</enemy>

	<scoreRatio value='0.407296'/>
</results>
