<results>
	<result value='loss'/>
	<start value='2015-07-11.20:19:41'/>
	<end value='2015-07-11.20:20:25'/>
	<frames value='36644'/>
	<gameDuration value='2290'/>

	<player>
		<unitScore value='15025'/>
		<killScore value='4700'/>
		<buildingScore value='5475'/>
		<razingScore value='0'/>
		<mineralScore value='19650'/>
		<gasScore value='2408'/>
		<totalScore value='47258'/>
	</player>

	<enemy>
		<race value='Terran'/>
		<unitScore value='11050'/>
		<killScore value='30050'/>
		<buildingScore value='4025'/>
		<razingScore value='16425'/>
		<mineralScore value='12658'/>
		<gasScore value='6272'/>
		<totalScore value='80480'/>
	</enemy>

	<scoreRatio value='0.587202'/>
	<timeFitness value='0.318056'/>
	<unitsAverage value='52'/>
</results>
