<results>
	<result value='loss'/>
	<start value='2015-07-11.20:24:52'/>
	<end value='2015-07-11.20:25:06'/>
	<frames value='18416'/>
	<gameDuration value='1151'/>

	<player>
		<unitScore value='7525'/>
		<killScore value='600'/>
		<buildingScore value='2000'/>
		<razingScore value='0'/>
		<mineralScore value='7866'/>
		<gasScore value='1176'/>
		<totalScore value='19167'/>
	</player>

	<enemy>
		<race value='Terran'/>
		<unitScore value='7100'/>
		<killScore value='15050'/>
		<buildingScore value='2900'/>
		<razingScore value='6000'/>
		<mineralScore value='8394'/>
		<gasScore value='3056'/>
		<totalScore value='42500'/>
	</enemy>

	<scoreRatio value='0.450988'/>
	<timeFitness value='0.159861'/>
	<unitsAverage value='31'/>
</results>
