<results>
	<result value='win'/>
	<start value='2015-05-02.15:51:29'/>
	<end value='2015-05-02.15:51:46'/>
	<frames value='21609'/>
	<gameDuration value='1350'/>

	<player>
		<unitScore value='8450'/>
		<killScore value='11200'/>
		<buildingScore value='1475'/>
		<razingScore value='9675'/>
		<mineralScore value='9770'/>
		<gasScore value='1768'/>
		<totalScore value='42338'/>
	</player>

	<enemy>
		<race value='Protoss'/>
		<unitScore value='5600'/>
		<unitScore value='5600'/>
		<killScore value='5800'/>
		<buildingScore value='3225'/>
		<razingScore value='0'/>
		<mineralScore value='9106'/>
		<gasScore value='1720'/>
		<totalScore value='25451'/>
	</enemy>

	<scoreRatio value='1.66351'/>
	<timeFitness value='0.8125'/>
	<unitsAverage value='52'/>
</results>
