<results>
	<result value='loss'/>
	<start value='2015-05-02.15:56:39'/>
	<end value='2015-05-02.15:56:49'/>
	<frames value='16029'/>
	<gameDuration value='1001'/>

	<player>
		<unitScore value='4175'/>
		<killScore value='400'/>
		<buildingScore value='1150'/>
		<razingScore value='0'/>
		<mineralScore value='5618'/>
		<gasScore value='640'/>
		<totalScore value='11983'/>
	</player>

	<enemy>
		<race value='Protoss'/>
		<unitScore value='3550'/>
		<unitScore value='3550'/>
		<killScore value='8250'/>
		<buildingScore value='3125'/>
		<razingScore value='3450'/>
		<mineralScore value='7930'/>
		<gasScore value='1696'/>
		<totalScore value='28001'/>
	</enemy>

	<scoreRatio value='0.427949'/>
	<timeFitness value='0.139028'/>
	<unitsAverage value='27'/>
</results>
