<results>
	<result value='loss'/>
	<start value='2015-05-02.15:56:52'/>
	<end value='2015-05-02.15:57:00'/>
	<frames value='15409'/>
	<gameDuration value='963'/>

	<player>
		<unitScore value='2750'/>
		<killScore value='400'/>
		<buildingScore value='1725'/>
		<razingScore value='0'/>
		<mineralScore value='4642'/>
		<gasScore value='480'/>
		<totalScore value='9997'/>
	</player>

	<enemy>
		<race value='Protoss'/>
		<unitScore value='3550'/>
		<unitScore value='3550'/>
		<killScore value='5500'/>
		<buildingScore value='2975'/>
		<razingScore value='5175'/>
		<mineralScore value='7866'/>
		<gasScore value='1424'/>
		<totalScore value='26490'/>
	</enemy>

	<scoreRatio value='0.377388'/>
	<timeFitness value='0.13375'/>
	<unitsAverage value='22'/>
</results>
