<results>
	<result value='draw'/>
	<start value='2014-07-07.22:20:16'/>
	<end value='2014-07-07.22:21:02'/>
	<frames value='57601'/>
	<gameDuration value='3600'/>

	<player>
		<unitScore value='22825'/>
		<killScore value='48150'/>
		<buildingScore value='2225'/>
		<razingScore value='6750'/>
		<mineralScore value='24090'/>
		<gasScore value='5364'/>
		<totalScore value='109404'/>
	</player>

	<enemy>
		<race value='Protoss'/>
		<unitScore value='40575'/>
		<unitScore value='40575'/>
		<killScore value='45650'/>
		<buildingScore value='9125'/>
		<razingScore value='4650'/>
		<mineralScore value='37286'/>
		<gasScore value='11474'/>
		<totalScore value='148760'/>
	</enemy>

	<scoreRatio value='0.73544'/>
</results>
