<results>
	<result value='loss'/>
	<start value='2014-07-07.22:36:22'/>
	<end value='2014-07-07.22:36:31'/>
	<frames value='23004'/>
	<gameDuration value='1437'/>

	<player>
		<unitScore value='3350'/>
		<killScore value='2900'/>
		<buildingScore value='1725'/>
		<razingScore value='0'/>
		<mineralScore value='5442'/>
		<gasScore value='696'/>
		<totalScore value='14113'/>
	</player>

	<enemy>
		<race value='Protoss'/>
		<unitScore value='6575'/>
		<unitScore value='6575'/>
		<killScore value='6700'/>
		<buildingScore value='6275'/>
		<razingScore value='5175'/>
		<mineralScore value='14082'/>
		<gasScore value='3560'/>
		<totalScore value='42367'/>
	</enemy>

	<scoreRatio value='0.333113'/>
</results>
