<results>
	<result value='draw'/>
	<start value='2014-07-07.22:43:41'/>
	<end value='2014-07-07.22:44:31'/>
	<frames value='57601'/>
	<gameDuration value='3600'/>

	<player>
		<unitScore value='32175'/>
		<killScore value='44500'/>
		<buildingScore value='3775'/>
		<razingScore value='4650'/>
		<mineralScore value='34210'/>
		<gasScore value='7104'/>
		<totalScore value='126414'/>
	</player>

	<enemy>
		<race value='Protoss'/>
		<unitScore value='25275'/>
		<unitScore value='25275'/>
		<killScore value='60200'/>
		<buildingScore value='5675'/>
		<razingScore value='1500'/>
		<mineralScore value='25062'/>
		<gasScore value='10750'/>
		<totalScore value='128462'/>
	</enemy>

	<scoreRatio value='0.984058'/>
</results>
