<results>
	<result value='win'/>
	<start value='2014-07-07.22:44:34'/>
	<end value='2014-07-07.22:44:58'/>
	<frames value='29266'/>
	<gameDuration value='1829'/>

	<player>
		<unitScore value='15875'/>
		<killScore value='20750'/>
		<buildingScore value='3350'/>
		<razingScore value='12525'/>
		<mineralScore value='22186'/>
		<gasScore value='2576'/>
		<totalScore value='77262'/>
	</player>

	<enemy>
		<race value='Protoss'/>
		<unitScore value='11075'/>
		<unitScore value='11075'/>
		<killScore value='13350'/>
		<buildingScore value='4175'/>
		<razingScore value='750'/>
		<mineralScore value='13498'/>
		<gasScore value='4664'/>
		<totalScore value='47512'/>
	</enemy>

	<scoreRatio value='1.62616'/>
</results>
