<results>
	<result value='loss'/>
	<start value='2014-07-07.22:57:41'/>
	<end value='2014-07-07.22:58:08'/>
	<frames value='34815'/>
	<gameDuration value='2175'/>

	<player>
		<unitScore value='14575'/>
		<killScore value='10000'/>
		<buildingScore value='3325'/>
		<razingScore value='300'/>
		<mineralScore value='26266'/>
		<gasScore value='2760'/>
		<totalScore value='57226'/>
	</player>

	<enemy>
		<race value='Protoss'/>
		<unitScore value='23075'/>
		<unitScore value='23075'/>
		<killScore value='29150'/>
		<buildingScore value='6700'/>
		<razingScore value='9975'/>
		<mineralScore value='25790'/>
		<gasScore value='8622'/>
		<totalScore value='103312'/>
	</enemy>

	<scoreRatio value='0.553914'/>
</results>
