<results>
	<result value='draw'/>
	<start value='2014-07-07.23:03:31'/>
	<end value='2014-07-07.23:04:36'/>
	<frames value='57601'/>
	<gameDuration value='3600'/>

	<player>
		<unitScore value='29400'/>
		<killScore value='55450'/>
		<buildingScore value='3550'/>
		<razingScore value='13950'/>
		<mineralScore value='32166'/>
		<gasScore value='6960'/>
		<totalScore value='141476'/>
	</player>

	<enemy>
		<race value='Protoss'/>
		<unitScore value='31600'/>
		<unitScore value='31600'/>
		<killScore value='50450'/>
		<buildingScore value='6600'/>
		<razingScore value='600'/>
		<mineralScore value='28978'/>
		<gasScore value='9530'/>
		<totalScore value='127758'/>
	</enemy>

	<scoreRatio value='1.10737'/>
</results>
