<results>
	<result value='draw'/>
	<start value='2014-07-07.23:07:04'/>
	<end value='2014-07-07.23:08:29'/>
	<frames value='57601'/>
	<gameDuration value='3600'/>

	<player>
		<unitScore value='21250'/>
		<killScore value='20800'/>
		<buildingScore value='4725'/>
		<razingScore value='20025'/>
		<mineralScore value='44818'/>
		<gasScore value='8938'/>
		<totalScore value='120556'/>
	</player>

	<enemy>
		<race value='Protoss'/>
		<unitScore value='12300'/>
		<unitScore value='12300'/>
		<killScore value='19200'/>
		<buildingScore value='7625'/>
		<razingScore value='1350'/>
		<mineralScore value='16514'/>
		<gasScore value='4616'/>
		<totalScore value='61605'/>
	</enemy>

	<scoreRatio value='1.95692'/>
</results>
