<results>
	<result value='loss'/>
	<start value='2015-07-21.22:16:26'/>
	<end value='2015-07-21.22:16:52'/>
	<frames value='27623'/>
	<gameDuration value='1726'/>

	<player>
		<unitScore value='13000'/>
		<killScore value='7100'/>
		<buildingScore value='2950'/>
		<razingScore value='0'/>
		<mineralScore value='17698'/>
		<gasScore value='2016'/>
		<totalScore value='42764'/>
	</player>

	<enemy>
		<race value='Zerg'/>
		<unitScore value='11700'/>
		<killScore value='22450'/>
		<buildingScore value='2930'/>
		<razingScore value='8850'/>
		<mineralScore value='13398'/>
		<gasScore value='3928'/>
		<totalScore value='63256'/>
	</enemy>

	<scoreRatio value='0.676047'/>
	<timeFitness value='0.239722'/>
	<unitsAverage value='54'/>
</results>
