<results>
	<result value='loss'/>
	<start value='2015-07-21.22:18:28'/>
	<end value='2015-07-21.22:18:52'/>
	<frames value='26042'/>
	<gameDuration value='1627'/>

	<player>
		<unitScore value='11450'/>
		<killScore value='6000'/>
		<buildingScore value='2250'/>
		<razingScore value='0'/>
		<mineralScore value='22270'/>
		<gasScore value='1832'/>
		<totalScore value='43802'/>
	</player>

	<enemy>
		<race value='Zerg'/>
		<unitScore value='14250'/>
		<killScore value='22500'/>
		<buildingScore value='3165'/>
		<razingScore value='6750'/>
		<mineralScore value='14470'/>
		<gasScore value='5024'/>
		<totalScore value='66159'/>
	</enemy>

	<scoreRatio value='0.662072'/>
	<timeFitness value='0.225972'/>
	<unitsAverage value='58'/>
</results>
