<results>
	<result value='loss'/>
	<start value='2015-05-05.21:12:30'/>
	<end value='2015-05-05.21:12:39'/>
	<frames value='16897'/>
	<gameDuration value='1056'/>

	<player>
		<unitScore value='4425'/>
		<killScore value='700'/>
		<buildingScore value='1975'/>
		<razingScore value='0'/>
		<mineralScore value='7050'/>
		<gasScore value='1336'/>
		<totalScore value='15486'/>
	</player>

	<enemy>
		<race value='Protoss'/>
		<unitScore value='4425'/>
		<unitScore value='4425'/>
		<killScore value='8850'/>
		<buildingScore value='3325'/>
		<razingScore value='5925'/>
		<mineralScore value='8562'/>
		<gasScore value='2304'/>
		<totalScore value='33391'/>
	</enemy>

	<scoreRatio value='0.463778'/>
	<timeFitness value='0.146667'/>
	<unitsAverage value='31'/>
</results>
