<results>
	<result value='loss'/>
	<start value='2015-05-05.21:21:51'/>
	<end value='2015-05-05.21:21:58'/>
	<frames value='15037'/>
	<gameDuration value='939'/>

	<player>
		<unitScore value='3525'/>
		<killScore value='600'/>
		<buildingScore value='1475'/>
		<razingScore value='0'/>
		<mineralScore value='5082'/>
		<gasScore value='488'/>
		<totalScore value='11170'/>
	</player>

	<enemy>
		<race value='Protoss'/>
		<unitScore value='3550'/>
		<unitScore value='3550'/>
		<killScore value='6000'/>
		<buildingScore value='2875'/>
		<razingScore value='4425'/>
		<mineralScore value='7858'/>
		<gasScore value='1464'/>
		<totalScore value='26172'/>
	</enemy>

	<scoreRatio value='0.426792'/>
	<timeFitness value='0.130417'/>
	<unitsAverage value='24'/>
</results>
