<results>
	<result value='loss'/>
	<start value='2015-05-05.21:25:15'/>
	<end value='2015-05-05.21:25:24'/>
	<frames value='16494'/>
	<gameDuration value='1030'/>

	<player>
		<unitScore value='3700'/>
		<killScore value='2300'/>
		<buildingScore value='1550'/>
		<razingScore value='0'/>
		<mineralScore value='5426'/>
		<gasScore value='1176'/>
		<totalScore value='14152'/>
	</player>

	<enemy>
		<race value='Protoss'/>
		<unitScore value='3850'/>
		<unitScore value='3850'/>
		<killScore value='7400'/>
		<buildingScore value='3225'/>
		<razingScore value='4650'/>
		<mineralScore value='8770'/>
		<gasScore value='1624'/>
		<totalScore value='29519'/>
	</enemy>

	<scoreRatio value='0.47942'/>
	<timeFitness value='0.143056'/>
	<unitsAverage value='27'/>
</results>
