<results>
	<result value='win'/>
	<start value='2015-05-05.21:34:29'/>
	<end value='2015-05-05.21:35:15'/>
	<frames value='35807'/>
	<gameDuration value='2237'/>

	<player>
		<unitScore value='23425'/>
		<killScore value='27900'/>
		<buildingScore value='4275'/>
		<razingScore value='17325'/>
		<mineralScore value='35222'/>
		<gasScore value='4512'/>
		<totalScore value='112659'/>
	</player>

	<enemy>
		<race value='Protoss'/>
		<unitScore value='16150'/>
		<unitScore value='16150'/>
		<killScore value='24150'/>
		<buildingScore value='5775'/>
		<razingScore value='150'/>
		<mineralScore value='15562'/>
		<gasScore value='5048'/>
		<totalScore value='66835'/>
	</enemy>

	<scoreRatio value='1.68563'/>
	<timeFitness value='0.689306'/>
	<unitsAverage value='115'/>
</results>
