<results>
	<result value='loss'/>
	<start value='2015-05-05.21:45:19'/>
	<end value='2015-05-05.21:45:30'/>
	<frames value='20214'/>
	<gameDuration value='1263'/>

	<player>
		<unitScore value='5925'/>
		<killScore value='2600'/>
		<buildingScore value='1925'/>
		<razingScore value='0'/>
		<mineralScore value='8314'/>
		<gasScore value='1472'/>
		<totalScore value='20236'/>
	</player>

	<enemy>
		<race value='Protoss'/>
		<unitScore value='5525'/>
		<unitScore value='5525'/>
		<killScore value='11850'/>
		<buildingScore value='4525'/>
		<razingScore value='5775'/>
		<mineralScore value='11050'/>
		<gasScore value='2824'/>
		<totalScore value='41549'/>
	</enemy>

	<scoreRatio value='0.487039'/>
	<timeFitness value='0.175417'/>
	<unitsAverage value='34'/>
</results>
