<results>
	<result value='loss'/>
	<start value='2015-05-05.21:54:47'/>
	<end value='2015-05-05.21:54:58'/>
	<frames value='21454'/>
	<gameDuration value='1340'/>

	<player>
		<unitScore value='4700'/>
		<killScore value='2300'/>
		<buildingScore value='1800'/>
		<razingScore value='0'/>
		<mineralScore value='7338'/>
		<gasScore value='1008'/>
		<totalScore value='17146'/>
	</player>

	<enemy>
		<race value='Protoss'/>
		<unitScore value='6075'/>
		<unitScore value='6075'/>
		<killScore value='9100'/>
		<buildingScore value='4625'/>
		<razingScore value='5400'/>
		<mineralScore value='11698'/>
		<gasScore value='3136'/>
		<totalScore value='40034'/>
	</enemy>

	<scoreRatio value='0.428286'/>
	<timeFitness value='0.186111'/>
	<unitsAverage value='31'/>
</results>
