<results>
	<result value='win'/>
	<start value='2015-04-13.08:20:17'/>
	<end value='2015-04-13.08:22:23'/>
	<frames value='45169'/>
	<gameDuration value='2823'/>

	<player>
		<unitScore value='22625'/>
		<killScore value='39600'/>
		<buildingScore value='4700'/>
		<razingScore value='19650'/>
		<mineralScore value='37138'/>
		<gasScore value='5296'/>
		<totalScore value='129009'/>
	</player>

	<enemy>
		<race value='Protoss'/>
		<unitScore value='22000'/>
		<unitScore value='22000'/>
		<killScore value='20550'/>
		<buildingScore value='6550'/>
		<razingScore value='0'/>
		<mineralScore value='21198'/>
		<gasScore value='7432'/>
		<totalScore value='77730'/>
	</enemy>

	<scoreRatio value='1.65971'/>
</results>
