<results>
	<result value='draw'/>
	<start value='2015-05-03.14:33:29'/>
	<end value='2015-05-03.14:35:04'/>
	<frames value='57601'/>
	<gameDuration value='3600'/>

	<player>
		<unitScore value='25800'/>
		<killScore value='14600'/>
		<buildingScore value='4325'/>
		<razingScore value='0'/>
		<mineralScore value='26314'/>
		<gasScore value='5048'/>
		<totalScore value='76087'/>
	</player>

	<enemy>
		<race value='Terran'/>
		<unitScore value='27525'/>
		<unitScore value='27525'/>
		<killScore value='26400'/>
		<buildingScore value='4875'/>
		<razingScore value='4125'/>
		<mineralScore value='31266'/>
		<gasScore value='12290'/>
		<totalScore value='106481'/>
	</enemy>

	<scoreRatio value='0.714559'/>
	<timeFitness value='0.5'/>
	<unitsAverage value='122'/>
</results>
