<results>
	<result value='win'/>
	<start value='2015-05-03.14:37:21'/>
	<end value='2015-05-03.14:38:48'/>
	<frames value='56112'/>
	<gameDuration value='3507'/>

	<player>
		<unitScore value='32800'/>
		<killScore value='44050'/>
		<buildingScore value='4625'/>
		<razingScore value='10200'/>
		<mineralScore value='39026'/>
		<gasScore value='8832'/>
		<totalScore value='139533'/>
	</player>

	<enemy>
		<race value='Terran'/>
		<unitScore value='22025'/>
		<unitScore value='22025'/>
		<killScore value='36800'/>
		<buildingScore value='3550'/>
		<razingScore value='2475'/>
		<mineralScore value='23938'/>
		<gasScore value='6270'/>
		<totalScore value='95058'/>
	</enemy>

	<scoreRatio value='1.46787'/>
	<timeFitness value='0.512917'/>
	<unitsAverage value='134'/>
</results>
