<results>
	<result value='win'/>
	<start value='2015-05-03.14:39:35'/>
	<end value='2015-05-03.14:40:03'/>
	<frames value='37915'/>
	<gameDuration value='2369'/>

	<player>
		<unitScore value='14025'/>
		<killScore value='26950'/>
		<buildingScore value='2775'/>
		<razingScore value='10350'/>
		<mineralScore value='19082'/>
		<gasScore value='944'/>
		<totalScore value='74126'/>
	</player>

	<enemy>
		<race value='Terran'/>
		<unitScore value='14575'/>
		<unitScore value='14575'/>
		<killScore value='13400'/>
		<buildingScore value='3450'/>
		<razingScore value='2025'/>
		<mineralScore value='14898'/>
		<gasScore value='5784'/>
		<totalScore value='54132'/>
	</enemy>

	<scoreRatio value='1.36936'/>
	<timeFitness value='0.670972'/>
	<unitsAverage value='71'/>
</results>
