<results>
	<result value='loss'/>
	<start value='2014-07-11.16:40:41'/>
	<end value='2014-07-11.16:40:57'/>
	<frames value='24120'/>
	<gameDuration value='1507'/>

	<player>
		<unitScore value='7775'/>
		<killScore value='8300'/>
		<buildingScore value='2525'/>
		<razingScore value='0'/>
		<mineralScore value='16302'/>
		<gasScore value='1824'/>
		<totalScore value='36726'/>
	</player>

	<enemy>
		<race value='Zerg'/>
		<unitScore value='9925'/>
		<unitScore value='9925'/>
		<killScore value='15550'/>
		<buildingScore value='3020'/>
		<razingScore value='7575'/>
		<mineralScore value='12138'/>
		<gasScore value='3952'/>
		<totalScore value='52160'/>
	</enemy>

	<scoreRatio value='0.704103'/>
</results>
