<results>
	<result value='draw'/>
	<start value='2014-07-11.16:52:34'/>
	<end value='2014-07-11.16:53:51'/>
	<frames value='57601'/>
	<gameDuration value='3600'/>

	<player>
		<unitScore value='33350'/>
		<killScore value='52170'/>
		<buildingScore value='3325'/>
		<razingScore value='2865'/>
		<mineralScore value='31598'/>
		<gasScore value='4720'/>
		<totalScore value='128028'/>
	</player>

	<enemy>
		<race value='Zerg'/>
		<unitScore value='35475'/>
		<unitScore value='35475'/>
		<killScore value='53900'/>
		<buildingScore value='4365'/>
		<razingScore value='0'/>
		<mineralScore value='30306'/>
		<gasScore value='10736'/>
		<totalScore value='134782'/>
	</enemy>

	<scoreRatio value='0.949889'/>
</results>
