<results>
	<result value='loss'/>
	<start value='2015-05-01.12:41:52'/>
	<end value='2015-05-01.12:42:44'/>
	<frames value='48145'/>
	<gameDuration value='3009'/>

	<player>
		<unitScore value='23075'/>
		<killScore value='32450'/>
		<buildingScore value='2625'/>
		<razingScore value='900'/>
		<mineralScore value='24018'/>
		<gasScore value='5102'/>
		<totalScore value='88170'/>
	</player>

	<enemy>
		<race value='Protoss'/>
		<unitScore value='34975'/>
		<unitScore value='34975'/>
		<killScore value='46350'/>
		<buildingScore value='7875'/>
		<razingScore value='7875'/>
		<mineralScore value='32666'/>
		<gasScore value='11790'/>
		<totalScore value='141531'/>
	</enemy>

	<scoreRatio value='0.622973'/>
</results>
