<results>
	<result value='win'/>
	<start value='2015-05-11.10:31:20'/>
	<end value='2015-05-11.10:32:16'/>
	<frames value='32273'/>
	<gameDuration value='2017'/>

	<player>
		<unitScore value='20050'/>
		<killScore value='24800'/>
		<buildingScore value='4200'/>
		<razingScore value='10800'/>
		<mineralScore value='29714'/>
		<gasScore value='3536'/>
		<totalScore value='93100'/>
	</player>

	<enemy>
		<race value='Zerg'/>
		<unitScore value='12425'/>
		<unitScore value='12425'/>
		<killScore value='18000'/>
		<buildingScore value='3600'/>
		<razingScore value='2250'/>
		<mineralScore value='14594'/>
		<gasScore value='4064'/>
		<totalScore value='54933'/>
	</enemy>

	<scoreRatio value='1.69479'/>
	<timeFitness value='0.719861'/>
	<unitsAverage value='103'/>
</results>
