<results>
	<result value='win'/>
	<start value='2014-07-23.00:50:14'/>
	<end value='2014-07-23.00:50:59'/>
	<frames value='34815'/>
	<gameDuration value='2175'/>

	<player>
		<unitScore value='22650'/>
		<killScore value='35695'/>
		<buildingScore value='4425'/>
		<razingScore value='7830'/>
		<mineralScore value='31806'/>
		<gasScore value='2800'/>
		<totalScore value='105206'/>
	</player>

	<enemy>
		<race value='Zerg'/>
		<unitScore value='16900'/>
		<unitScore value='16900'/>
		<killScore value='20900'/>
		<buildingScore value='2610'/>
		<razingScore value='0'/>
		<mineralScore value='15626'/>
		<gasScore value='5240'/>
		<totalScore value='61276'/>
	</enemy>

	<scoreRatio value='1.71692'/>
</results>
