<results>
	<result value='win'/>
	<start value='2015-04-28.07:24:11'/>
	<end value='2015-04-28.07:24:59'/>
	<frames value='38597'/>
	<gameDuration value='2412'/>

	<player>
		<unitScore value='21875'/>
		<killScore value='31000'/>
		<buildingScore value='4175'/>
		<razingScore value='14100'/>
		<mineralScore value='25302'/>
		<gasScore value='2536'/>
		<totalScore value='98988'/>
	</player>

	<enemy>
		<race value='Terran'/>
		<unitScore value='16300'/>
		<unitScore value='16300'/>
		<killScore value='22550'/>
		<buildingScore value='4700'/>
		<razingScore value='2475'/>
		<mineralScore value='14834'/>
		<gasScore value='7072'/>
		<totalScore value='67931'/>
	</enemy>

	<scoreRatio value='1.45718'/>
</results>
