<results>
	<result value='win'/>
	<start value='2015-04-17.02:53:51'/>
	<end value='2015-04-17.02:55:08'/>
	<frames value='37140'/>
	<gameDuration value='2321'/>

	<player>
		<unitScore value='23575'/>
		<killScore value='25450'/>
		<buildingScore value='4000'/>
		<razingScore value='18975'/>
		<mineralScore value='29446'/>
		<gasScore value='2936'/>
		<totalScore value='104382'/>
	</player>

	<enemy>
		<race value='Protoss'/>
		<unitScore value='13050'/>
		<unitScore value='13050'/>
		<killScore value='23950'/>
		<buildingScore value='6325'/>
		<razingScore value='225'/>
		<mineralScore value='21322'/>
		<gasScore value='7080'/>
		<totalScore value='71952'/>
	</enemy>

	<scoreRatio value='1.45072'/>
</results>
