<results>
	<result value='win'/>
	<start value='2014-07-11.21:57:58'/>
	<end value='2014-07-11.21:58:40'/>
	<frames value='37295'/>
	<gameDuration value='2330'/>

	<player>
		<unitScore value='18200'/>
		<killScore value='32400'/>
		<buildingScore value='4975'/>
		<razingScore value='8925'/>
		<mineralScore value='34454'/>
		<gasScore value='4004'/>
		<totalScore value='102958'/>
	</player>

	<enemy>
		<race value='Terran'/>
		<unitScore value='18600'/>
		<unitScore value='18600'/>
		<killScore value='12200'/>
		<buildingScore value='2975'/>
		<razingScore value='1875'/>
		<mineralScore value='14986'/>
		<gasScore value='7296'/>
		<totalScore value='57932'/>
	</enemy>

	<scoreRatio value='1.77722'/>
</results>
