<results>
	<result value='win'/>
	<start value='2014-07-11.22:03:29'/>
	<end value='2014-07-11.22:03:47'/>
	<frames value='21330'/>
	<gameDuration value='1333'/>

	<player>
		<unitScore value='11625'/>
		<killScore value='13600'/>
		<buildingScore value='3850'/>
		<razingScore value='4350'/>
		<mineralScore value='19166'/>
		<gasScore value='1536'/>
		<totalScore value='54127'/>
	</player>

	<enemy>
		<race value='Terran'/>
		<unitScore value='6800'/>
		<unitScore value='6800'/>
		<killScore value='5250'/>
		<buildingScore value='1450'/>
		<razingScore value='0'/>
		<mineralScore value='10058'/>
		<gasScore value='2312'/>
		<totalScore value='25870'/>
	</enemy>

	<scoreRatio value='2.09227'/>
</results>
