<results>
	<result value='loss'/>
	<start value='2015-04-27.00:03:37'/>
	<end value='2015-04-27.00:03:46'/>
	<frames value='17765'/>
	<gameDuration value='1110'/>

	<player>
		<unitScore value='3000'/>
		<killScore value='1950'/>
		<buildingScore value='1850'/>
		<razingScore value='0'/>
		<mineralScore value='4978'/>
		<gasScore value='600'/>
		<totalScore value='12378'/>
	</player>

	<enemy>
		<race value='Terran'/>
		<unitScore value='6525'/>
		<unitScore value='6525'/>
		<killScore value='6000'/>
		<buildingScore value='2700'/>
		<razingScore value='5550'/>
		<mineralScore value='8154'/>
		<gasScore value='2776'/>
		<totalScore value='31705'/>
	</enemy>

	<scoreRatio value='0.390412'/>
</results>
