<results>
	<result value='draw'/>
	<start value='2015-04-09.13:35:59'/>
	<end value='2015-04-09.13:37:07'/>
	<frames value='57601'/>
	<gameDuration value='3600'/>

	<player>
		<unitScore value='31150'/>
		<killScore value='48550'/>
		<buildingScore value='3350'/>
		<razingScore value='13425'/>
		<mineralScore value='32330'/>
		<gasScore value='6392'/>
		<totalScore value='135197'/>
	</player>

	<enemy>
		<race value='Protoss'/>
		<unitScore value='26525'/>
		<unitScore value='26525'/>
		<killScore value='53700'/>
		<buildingScore value='8100'/>
		<razingScore value='225'/>
		<mineralScore value='29094'/>
		<gasScore value='6956'/>
		<totalScore value='124600'/>
	</enemy>

	<scoreRatio value='1.08505'/>
</results>
