<results>
	<result value='win'/>
	<start value='2015-07-12.18:48:29'/>
	<end value='2015-07-12.18:49:01'/>
	<frames value='38690'/>
	<gameDuration value='2418'/>

	<player>
		<unitScore value='16025'/>
		<killScore value='15950'/>
		<buildingScore value='5150'/>
		<razingScore value='6600'/>
		<mineralScore value='29174'/>
		<gasScore value='1504'/>
		<totalScore value='74403'/>
	</player>

	<enemy>
		<race value='Terran'/>
		<unitScore value='7975'/>
		<killScore value='15650'/>
		<buildingScore value='2300'/>
		<razingScore value='5550'/>
		<mineralScore value='9314'/>
		<gasScore value='2880'/>
		<totalScore value='43669'/>
	</enemy>

	<scoreRatio value='1.70379'/>
	<timeFitness value='0.664167'/>
	<unitsAverage value='73'/>
</results>
