<results>
	<result value='loss'/>
	<start value='2015-04-12.17:55:12'/>
	<end value='2015-04-12.17:55:19'/>
	<frames value='15626'/>
	<gameDuration value='976'/>

	<player>
		<unitScore value='3350'/>
		<killScore value='1300'/>
		<buildingScore value='1850'/>
		<razingScore value='0'/>
		<mineralScore value='5258'/>
		<gasScore value='704'/>
		<totalScore value='12462'/>
	</player>

	<enemy>
		<race value='Protoss'/>
		<unitScore value='3600'/>
		<unitScore value='3600'/>
		<killScore value='5750'/>
		<buildingScore value='2825'/>
		<razingScore value='5550'/>
		<mineralScore value='7882'/>
		<gasScore value='1552'/>
		<totalScore value='27159'/>
	</enemy>

	<scoreRatio value='0.458853'/>
</results>
