<results>
	<result value='win'/>
	<start value='2015-04-30.20:58:48'/>
	<end value='2015-04-30.20:59:21'/>
	<frames value='26135'/>
	<gameDuration value='1633'/>

	<player>
		<unitScore value='14350'/>
		<killScore value='16100'/>
		<buildingScore value='3850'/>
		<razingScore value='12225'/>
		<mineralScore value='20582'/>
		<gasScore value='2504'/>
		<totalScore value='69611'/>
	</player>

	<enemy>
		<race value='Protoss'/>
		<unitScore value='9450'/>
		<unitScore value='9450'/>
		<killScore value='10300'/>
		<buildingScore value='4075'/>
		<razingScore value='450'/>
		<mineralScore value='10554'/>
		<gasScore value='2664'/>
		<totalScore value='37493'/>
	</enemy>

	<scoreRatio value='1.85664'/>
</results>
