<results>
	<result value='loss'/>
	<start value='2015-04-30.21:00:28'/>
	<end value='2015-04-30.21:00:38'/>
	<frames value='15409'/>
	<gameDuration value='963'/>

	<player>
		<unitScore value='2400'/>
		<killScore value='1200'/>
		<buildingScore value='1475'/>
		<razingScore value='0'/>
		<mineralScore value='3994'/>
		<gasScore value='624'/>
		<totalScore value='9693'/>
	</player>

	<enemy>
		<race value='Protoss'/>
		<unitScore value='3550'/>
		<unitScore value='3550'/>
		<killScore value='4800'/>
		<buildingScore value='2825'/>
		<razingScore value='4425'/>
		<mineralScore value='8146'/>
		<gasScore value='1216'/>
		<totalScore value='24962'/>
	</enemy>

	<scoreRatio value='0.38831'/>
</results>
