<results>
	<result value='loss'/>
	<start value='2015-04-30.21:05:17'/>
	<end value='2015-04-30.21:05:48'/>
	<frames value='37791'/>
	<gameDuration value='2361'/>

	<player>
		<unitScore value='11025'/>
		<killScore value='12300'/>
		<buildingScore value='2900'/>
		<razingScore value='1650'/>
		<mineralScore value='15618'/>
		<gasScore value='1608'/>
		<totalScore value='45101'/>
	</player>

	<enemy>
		<race value='Protoss'/>
		<unitScore value='20950'/>
		<unitScore value='20950'/>
		<killScore value='22050'/>
		<buildingScore value='7625'/>
		<razingScore value='8550'/>
		<mineralScore value='24362'/>
		<gasScore value='8916'/>
		<totalScore value='92453'/>
	</enemy>

	<scoreRatio value='0.487826'/>
</results>
