<results>
	<result value='win'/>
	<start value='2014-07-05.03:58:31'/>
	<end value='2014-07-05.03:58:59'/>
	<frames value='33265'/>
	<gameDuration value='2079'/>

	<player>
		<unitScore value='22050'/>
		<killScore value='20900'/>
		<buildingScore value='3625'/>
		<razingScore value='15375'/>
		<mineralScore value='29114'/>
		<gasScore value='3368'/>
		<totalScore value='94432'/>
	</player>

	<enemy>
		<race value='Protoss'/>
		<unitScore value='11500'/>
		<unitScore value='11500'/>
		<killScore value='22400'/>
		<buildingScore value='5125'/>
		<razingScore value='150'/>
		<mineralScore value='13526'/>
		<gasScore value='3512'/>
		<totalScore value='56213'/>
	</enemy>

	<scoreRatio value='1.6799'/>
</results>
