<results>
	<result value='win'/>
	<start value='2014-07-05.04:02:36'/>
	<end value='2014-07-05.04:03:10'/>
	<frames value='35466'/>
	<gameDuration value='2216'/>

	<player>
		<unitScore value='20400'/>
		<killScore value='16300'/>
		<buildingScore value='3725'/>
		<razingScore value='18375'/>
		<mineralScore value='31310'/>
		<gasScore value='2808'/>
		<totalScore value='92918'/>
	</player>

	<enemy>
		<race value='Protoss'/>
		<unitScore value='8150'/>
		<unitScore value='8150'/>
		<killScore value='17250'/>
		<buildingScore value='6125'/>
		<razingScore value='150'/>
		<mineralScore value='15394'/>
		<gasScore value='3032'/>
		<totalScore value='50101'/>
	</enemy>

	<scoreRatio value='1.85461'/>
</results>
