<results>
	<result value='win'/>
	<start value='2014-07-05.04:03:13'/>
	<end value='2014-07-05.04:03:45'/>
	<frames value='34474'/>
	<gameDuration value='2154'/>

	<player>
		<unitScore value='18575'/>
		<killScore value='23550'/>
		<buildingScore value='3025'/>
		<razingScore value='18525'/>
		<mineralScore value='29702'/>
		<gasScore value='4104'/>
		<totalScore value='97481'/>
	</player>

	<enemy>
		<race value='Protoss'/>
		<unitScore value='12225'/>
		<unitScore value='12225'/>
		<killScore value='15350'/>
		<buildingScore value='6175'/>
		<razingScore value='0'/>
		<mineralScore value='17826'/>
		<gasScore value='5664'/>
		<totalScore value='57240'/>
	</enemy>

	<scoreRatio value='1.70302'/>
</results>
