<results>
	<result value='loss'/>
	<start value='2014-07-05.04:05:21'/>
	<end value='2014-07-05.04:05:28'/>
	<frames value='16277'/>
	<gameDuration value='1017'/>

	<player>
		<unitScore value='2825'/>
		<killScore value='1600'/>
		<buildingScore value='1125'/>
		<razingScore value='0'/>
		<mineralScore value='3954'/>
		<gasScore value='576'/>
		<totalScore value='10080'/>
	</player>

	<enemy>
		<race value='Protoss'/>
		<unitScore value='3600'/>
		<unitScore value='3600'/>
		<killScore value='5650'/>
		<buildingScore value='3525'/>
		<razingScore value='3375'/>
		<mineralScore value='8306'/>
		<gasScore value='1648'/>
		<totalScore value='26104'/>
	</enemy>

	<scoreRatio value='0.386148'/>
</results>
