<results>
	<result value='win'/>
	<start value='2014-07-24.00:50:31'/>
	<end value='2014-07-24.00:51:18'/>
	<frames value='49912'/>
	<gameDuration value='3119'/>

	<player>
		<unitScore value='22750'/>
		<killScore value='43350'/>
		<buildingScore value='5275'/>
		<razingScore value='16200'/>
		<mineralScore value='33954'/>
		<gasScore value='4662'/>
		<totalScore value='126191'/>
	</player>

	<enemy>
		<race value='Terran'/>
		<unitScore value='25675'/>
		<unitScore value='25675'/>
		<killScore value='22050'/>
		<buildingScore value='5400'/>
		<razingScore value='4125'/>
		<mineralScore value='21122'/>
		<gasScore value='12428'/>
		<totalScore value='90800'/>
	</enemy>

	<scoreRatio value='1.38977'/>
</results>
