<results>
	<result value='win'/>
	<start value='2015-04-29.14:09:01'/>
	<end value='2015-04-29.14:09:39'/>
	<frames value='28987'/>
	<gameDuration value='1811'/>

	<player>
		<unitScore value='20450'/>
		<killScore value='29390'/>
		<buildingScore value='4550'/>
		<razingScore value='5115'/>
		<mineralScore value='33950'/>
		<gasScore value='2768'/>
		<totalScore value='96223'/>
	</player>

	<enemy>
		<race value='Zerg'/>
		<unitScore value='13300'/>
		<unitScore value='13300'/>
		<killScore value='18100'/>
		<buildingScore value='1705'/>
		<razingScore value='0'/>
		<mineralScore value='11334'/>
		<gasScore value='3512'/>
		<totalScore value='47951'/>
	</enemy>

	<scoreRatio value='2.00669'/>
</results>
