<results>
	<result value='win'/>
	<start value='2015-04-29.14:10:25'/>
	<end value='2015-04-29.14:10:46'/>
	<frames value='23810'/>
	<gameDuration value='1488'/>

	<player>
		<unitScore value='14075'/>
		<killScore value='23500'/>
		<buildingScore value='3275'/>
		<razingScore value='5160'/>
		<mineralScore value='22202'/>
		<gasScore value='2448'/>
		<totalScore value='70660'/>
	</player>

	<enemy>
		<race value='Zerg'/>
		<unitScore value='10850'/>
		<unitScore value='10850'/>
		<killScore value='11200'/>
		<buildingScore value='1720'/>
		<razingScore value='0'/>
		<mineralScore value='10434'/>
		<gasScore value='2912'/>
		<totalScore value='37116'/>
	</enemy>

	<scoreRatio value='1.90376'/>
</results>
