<results>
	<result value='win'/>
	<start value='2015-07-10.13:05:45'/>
	<end value='2015-07-10.13:06:42'/>
	<frames value='20865'/>
	<gameDuration value='1304'/>

	<player>
		<unitScore value='9600'/>
		<killScore value='8800'/>
		<buildingScore value='3775'/>
		<razingScore value='3825'/>
		<mineralScore value='15618'/>
		<gasScore value='1616'/>
		<totalScore value='43234'/>
	</player>

	<enemy>
		<race value='Terran'/>
		<unitScore value='4400'/>
		<killScore value='6550'/>
		<buildingScore value='1275'/>
		<razingScore value='1575'/>
		<mineralScore value='8026'/>
		<gasScore value='1312'/>
		<totalScore value='23138'/>
	</enemy>

	<scoreRatio value='1.86853'/>
	<timeFitness value='0.818889'/>
	<unitsAverage value='51'/>
</results>
