<results>
	<result value='win'/>
	<start value='2015-05-08.04:57:48'/>
	<end value='2015-05-08.04:58:36'/>
	<frames value='33451'/>
	<gameDuration value='2090'/>

	<player>
		<unitScore value='17625'/>
		<killScore value='20980'/>
		<buildingScore value='4800'/>
		<razingScore value='7410'/>
		<mineralScore value='26274'/>
		<gasScore value='2784'/>
		<totalScore value='79873'/>
	</player>

	<enemy>
		<race value='Zerg'/>
		<unitScore value='9925'/>
		<unitScore value='9925'/>
		<killScore value='13500'/>
		<buildingScore value='2470'/>
		<razingScore value='150'/>
		<mineralScore value='11258'/>
		<gasScore value='3960'/>
		<totalScore value='41263'/>
	</enemy>

	<scoreRatio value='1.93571'/>
	<timeFitness value='0.709722'/>
	<unitsAverage value='86'/>
</results>
