<results>
	<result value='win'/>
	<start value='2015-05-08.04:56:02'/>
	<end value='2015-05-08.04:57:08'/>
	<frames value='33110'/>
	<gameDuration value='2069'/>

	<player>
		<unitScore value='20925'/>
		<killScore value='28590'/>
		<buildingScore value='4825'/>
		<razingScore value='6015'/>
		<mineralScore value='34198'/>
		<gasScore value='3056'/>
		<totalScore value='97609'/>
	</player>

	<enemy>
		<race value='Zerg'/>
		<unitScore value='14200'/>
		<unitScore value='14200'/>
		<killScore value='18750'/>
		<buildingScore value='2005'/>
		<razingScore value='0'/>
		<mineralScore value='12794'/>
		<gasScore value='4568'/>
		<totalScore value='52317'/>
	</enemy>

	<scoreRatio value='1.86572'/>
	<timeFitness value='0.712639'/>
	<unitsAverage value='121'/>
</results>
