<results>
	<result value='win'/>
	<start value='2015-05-08.05:05:04'/>
	<end value='2015-05-08.05:06:05'/>
	<frames value='31932'/>
	<gameDuration value='1995'/>

	<player>
		<unitScore value='20850'/>
		<killScore value='30345'/>
		<buildingScore value='4275'/>
		<razingScore value='9495'/>
		<mineralScore value='28566'/>
		<gasScore value='3616'/>
		<totalScore value='97147'/>
	</player>

	<enemy>
		<race value='Zerg'/>
		<unitScore value='14225'/>
		<unitScore value='14225'/>
		<killScore value='18250'/>
		<buildingScore value='3165'/>
		<razingScore value='1950'/>
		<mineralScore value='15818'/>
		<gasScore value='4360'/>
		<totalScore value='57768'/>
	</enemy>

	<scoreRatio value='1.68167'/>
	<timeFitness value='0.722917'/>
	<unitsAverage value='107'/>
</results>
