<results>
	<result value='win'/>
	<start value='2015-05-08.05:19:55'/>
	<end value='2015-05-08.05:20:38'/>
	<frames value='26476'/>
	<gameDuration value='1654'/>

	<player>
		<unitScore value='16450'/>
		<killScore value='20570'/>
		<buildingScore value='4050'/>
		<razingScore value='6405'/>
		<mineralScore value='24314'/>
		<gasScore value='2224'/>
		<totalScore value='74013'/>
	</player>

	<enemy>
		<race value='Zerg'/>
		<unitScore value='9775'/>
		<unitScore value='9775'/>
		<killScore value='11800'/>
		<buildingScore value='2135'/>
		<razingScore value='0'/>
		<mineralScore value='10106'/>
		<gasScore value='2784'/>
		<totalScore value='36600'/>
	</enemy>

	<scoreRatio value='2.02221'/>
	<timeFitness value='0.770278'/>
	<unitsAverage value='97'/>
</results>
