<results>
	<result value='win'/>
	<start value='2015-05-08.05:42:41'/>
	<end value='2015-05-08.05:43:16'/>
	<frames value='23872'/>
	<gameDuration value='1492'/>

	<player>
		<unitScore value='13925'/>
		<killScore value='22190'/>
		<buildingScore value='3875'/>
		<razingScore value='6540'/>
		<mineralScore value='19098'/>
		<gasScore value='2280'/>
		<totalScore value='67908'/>
	</player>

	<enemy>
		<race value='Zerg'/>
		<unitScore value='10900'/>
		<unitScore value='10900'/>
		<killScore value='9400'/>
		<buildingScore value='2180'/>
		<razingScore value='150'/>
		<mineralScore value='10226'/>
		<gasScore value='2904'/>
		<totalScore value='35760'/>
	</enemy>

	<scoreRatio value='1.89899'/>
	<timeFitness value='0.792778'/>
	<unitsAverage value='83'/>
</results>
