<results>
	<result value='loss'/>
	<start value='2015-05-08.05:59:26'/>
	<end value='2015-05-08.05:59:32'/>
	<frames value='7628'/>
	<gameDuration value='476'/>

	<player>
		<unitScore value='850'/>
		<killScore value='100'/>
		<buildingScore value='700'/>
		<razingScore value='0'/>
		<mineralScore value='1250'/>
		<gasScore value='8'/>
		<totalScore value='2908'/>
	</player>

	<enemy>
		<race value='Zerg'/>
		<unitScore value='1300'/>
		<unitScore value='1300'/>
		<killScore value='1600'/>
		<buildingScore value='780'/>
		<razingScore value='2100'/>
		<mineralScore value='2034'/>
		<gasScore value='48'/>
		<totalScore value='7862'/>
	</enemy>

	<scoreRatio value='0.36988'/>
	<timeFitness value='0.0661111'/>
	<unitsAverage value='9'/>
</results>
