<results>
	<result value='win'/>
	<start value='2015-05-08.05:58:39'/>
	<end value='2015-05-08.05:59:24'/>
	<frames value='27623'/>
	<gameDuration value='1726'/>

	<player>
		<unitScore value='13575'/>
		<killScore value='17250'/>
		<buildingScore value='4025'/>
		<razingScore value='5700'/>
		<mineralScore value='20970'/>
		<gasScore value='2464'/>
		<totalScore value='63984'/>
	</player>

	<enemy>
		<race value='Zerg'/>
		<unitScore value='8475'/>
		<unitScore value='8475'/>
		<killScore value='8350'/>
		<buildingScore value='1900'/>
		<razingScore value='0'/>
		<mineralScore value='8914'/>
		<gasScore value='2464'/>
		<totalScore value='30103'/>
	</enemy>

	<scoreRatio value='2.1255'/>
	<timeFitness value='0.760278'/>
	<unitsAverage value='85'/>
</results>
