<results>
	<result value='loss'/>
	<start value='2014-07-01.02:41:07'/>
	<end value='2014-07-01.02:41:21'/>
	<frames value='29297'/>
	<gameDuration value='1831'/>

	<player>
		<unitScore value='6375'/>
		<killScore value='3050'/>
		<buildingScore value='1975'/>
		<razingScore value='0'/>
		<mineralScore value='11782'/>
		<gasScore value='656'/>
		<totalScore value='23838'/>
	</player>

	<enemy>
		<race value='Protoss'/>
		<unitScore value='13575'/>
		<unitScore value='13575'/>
		<killScore value='12750'/>
		<buildingScore value='6925'/>
		<razingScore value='5925'/>
		<mineralScore value='17502'/>
		<gasScore value='6976'/>
		<totalScore value='63653'/>
	</enemy>

	<scoreRatio value='0.374499'/>
</results>
