<results>
	<result value='win'/>
	<start value='2015-04-16.15:48:35'/>
	<end value='2015-04-16.15:49:32'/>
	<frames value='32769'/>
	<gameDuration value='2048'/>

	<player>
		<unitScore value='21150'/>
		<killScore value='31100'/>
		<buildingScore value='4075'/>
		<razingScore value='15525'/>
		<mineralScore value='27042'/>
		<gasScore value='2784'/>
		<totalScore value='101676'/>
	</player>

	<enemy>
		<race value='Protoss'/>
		<unitScore value='15900'/>
		<unitScore value='15900'/>
		<killScore value='21100'/>
		<buildingScore value='5175'/>
		<razingScore value='300'/>
		<mineralScore value='16142'/>
		<gasScore value='3592'/>
		<totalScore value='62209'/>
	</enemy>

	<scoreRatio value='1.63443'/>
</results>
