<results>
	<result value='draw'/>
	<start value='2015-04-28.00:26:51'/>
	<end value='2015-04-28.00:29:54'/>
	<frames value='57601'/>
	<gameDuration value='3600'/>

	<player>
		<unitScore value='27900'/>
		<killScore value='49500'/>
		<buildingScore value='4625'/>
		<razingScore value='9975'/>
		<mineralScore value='40754'/>
		<gasScore value='6184'/>
		<totalScore value='138938'/>
	</player>

	<enemy>
		<race value='Protoss'/>
		<unitScore value='28600'/>
		<unitScore value='28600'/>
		<killScore value='30100'/>
		<buildingScore value='5975'/>
		<razingScore value='300'/>
		<mineralScore value='20642'/>
		<gasScore value='9190'/>
		<totalScore value='94807'/>
	</enemy>

	<scoreRatio value='1.46548'/>
</results>
