<results>
	<result value='loss'/>
	<start value='2015-04-28.00:29:57'/>
	<end value='2015-04-28.00:31:08'/>
	<frames value='48672'/>
	<gameDuration value='3042'/>

	<player>
		<unitScore value='24000'/>
		<killScore value='36900'/>
		<buildingScore value='2575'/>
		<razingScore value='150'/>
		<mineralScore value='23962'/>
		<gasScore value='4784'/>
		<totalScore value='92371'/>
	</player>

	<enemy>
		<race value='Protoss'/>
		<unitScore value='38665'/>
		<unitScore value='38665'/>
		<killScore value='48300'/>
		<buildingScore value='7925'/>
		<razingScore value='7725'/>
		<mineralScore value='33294'/>
		<gasScore value='14152'/>
		<totalScore value='150061'/>
	</enemy>

	<scoreRatio value='0.615556'/>
</results>
