<results>
	<result value='loss'/>
	<start value='2015-04-28.00:33:29'/>
	<end value='2015-04-28.00:33:42'/>
	<frames value='18602'/>
	<gameDuration value='1162'/>

	<player>
		<unitScore value='3100'/>
		<killScore value='1600'/>
		<buildingScore value='1600'/>
		<razingScore value='0'/>
		<mineralScore value='4954'/>
		<gasScore value='712'/>
		<totalScore value='11966'/>
	</player>

	<enemy>
		<race value='Protoss'/>
		<unitScore value='5275'/>
		<unitScore value='5275'/>
		<killScore value='6200'/>
		<buildingScore value='4425'/>
		<razingScore value='4800'/>
		<mineralScore value='10346'/>
		<gasScore value='2360'/>
		<totalScore value='33406'/>
	</enemy>

	<scoreRatio value='0.358199'/>
</results>
