<results>
	<result value='loss'/>
	<start value='2015-04-07.15:42:22'/>
	<end value='2015-04-07.15:43:12'/>
	<frames value='48734'/>
	<gameDuration value='3045'/>

	<player>
		<unitScore value='29000'/>
		<killScore value='40850'/>
		<buildingScore value='3150'/>
		<razingScore value='3375'/>
		<mineralScore value='31526'/>
		<gasScore value='4696'/>
		<totalScore value='112597'/>
	</player>

	<enemy>
		<race value='Protoss'/>
		<unitScore value='30875'/>
		<unitScore value='30875'/>
		<killScore value='58000'/>
		<buildingScore value='7375'/>
		<razingScore value='9450'/>
		<mineralScore value='31434'/>
		<gasScore value='9656'/>
		<totalScore value='146790'/>
	</enemy>

	<scoreRatio value='0.767062'/>
</results>
