<results>
	<result value='loss'/>
	<start value='2014-07-23.00:15:33'/>
	<end value='2014-07-23.00:15:47'/>
	<frames value='24709'/>
	<gameDuration value='1544'/>

	<player>
		<unitScore value='5200'/>
		<killScore value='4000'/>
		<buildingScore value='1500'/>
		<razingScore value='0'/>
		<mineralScore value='6178'/>
		<gasScore value='864'/>
		<totalScore value='17742'/>
	</player>

	<enemy>
		<race value='Protoss'/>
		<unitScore value='6225'/>
		<unitScore value='6225'/>
		<killScore value='10400'/>
		<buildingScore value='5375'/>
		<razingScore value='4500'/>
		<mineralScore value='14198'/>
		<gasScore value='3304'/>
		<totalScore value='44002'/>
	</enemy>

	<scoreRatio value='0.403209'/>
</results>
