<results>
	<result value='win'/>
	<start value='2015-05-03.02:51:10'/>
	<end value='2015-05-03.02:51:43'/>
	<frames value='22942'/>
	<gameDuration value='1433'/>

	<player>
		<unitScore value='13000'/>
		<killScore value='20130'/>
		<buildingScore value='3550'/>
		<razingScore value='4920'/>
		<mineralScore value='19426'/>
		<gasScore value='1424'/>
		<totalScore value='62450'/>
	</player>

	<enemy>
		<race value='Zerg'/>
		<unitScore value='9725'/>
		<unitScore value='9725'/>
		<killScore value='10400'/>
		<buildingScore value='1640'/>
		<razingScore value='0'/>
		<mineralScore value='9618'/>
		<gasScore value='2952'/>
		<totalScore value='34335'/>
	</enemy>

	<scoreRatio value='1.81884'/>
	<timeFitness value='0.800972'/>
	<unitsAverage value='74'/>
</results>
