<results>
	<result value='win'/>
	<start value='2015-05-03.02:56:11'/>
	<end value='2015-05-03.02:56:48'/>
	<frames value='24802'/>
	<gameDuration value='1550'/>

	<player>
		<unitScore value='13750'/>
		<killScore value='23970'/>
		<buildingScore value='4175'/>
		<razingScore value='4560'/>
		<mineralScore value='21178'/>
		<gasScore value='2880'/>
		<totalScore value='70513'/>
	</player>

	<enemy>
		<race value='Zerg'/>
		<unitScore value='10500'/>
		<unitScore value='10500'/>
		<killScore value='10550'/>
		<buildingScore value='1520'/>
		<razingScore value='0'/>
		<mineralScore value='9674'/>
		<gasScore value='2808'/>
		<totalScore value='35052'/>
	</enemy>

	<scoreRatio value='2.01167'/>
	<timeFitness value='0.784722'/>
	<unitsAverage value='80'/>
</results>
