<results>
	<result value='loss'/>
	<start value='2015-07-19.03:23:33'/>
	<end value='2015-07-19.03:24:21'/>
	<frames value='36210'/>
	<gameDuration value='2263'/>

	<player>
		<unitScore value='15700'/>
		<killScore value='12400'/>
		<buildingScore value='3350'/>
		<razingScore value='300'/>
		<mineralScore value='24658'/>
		<gasScore value='2472'/>
		<totalScore value='58880'/>
	</player>

	<enemy>
		<race value='Protoss'/>
		<unitScore value='19650'/>
		<killScore value='30400'/>
		<buildingScore value='6925'/>
		<razingScore value='10050'/>
		<mineralScore value='22946'/>
		<gasScore value='7648'/>
		<totalScore value='97619'/>
	</enemy>

	<scoreRatio value='0.603161'/>
	<timeFitness value='0.314306'/>
	<unitsAverage value='63'/>
</results>
