<results>
	<result value='loss'/>
	<start value='2015-07-20.00:07:23'/>
	<end value='2015-07-20.00:08:01'/>
	<frames value='25298'/>
	<gameDuration value='1581'/>

	<player>
		<unitScore value='9900'/>
		<killScore value='2450'/>
		<buildingScore value='2800'/>
		<razingScore value='0'/>
		<mineralScore value='16826'/>
		<gasScore value='1384'/>
		<totalScore value='33360'/>
	</player>

	<enemy>
		<race value='Zerg'/>
		<unitScore value='13925'/>
		<killScore value='18150'/>
		<buildingScore value='3215'/>
		<razingScore value='8550'/>
		<mineralScore value='14322'/>
		<gasScore value='4704'/>
		<totalScore value='62866'/>
	</enemy>

	<scoreRatio value='0.530653'/>
	<timeFitness value='0.219583'/>
	<unitsAverage value='50'/>
</results>
