<results>
	<result value='win'/>
	<start value='2015-05-03.00:56:00'/>
	<end value='2015-05-03.00:57:00'/>
	<frames value='52392'/>
	<gameDuration value='3274'/>

	<player>
		<unitScore value='19700'/>
		<killScore value='29550'/>
		<buildingScore value='5425'/>
		<razingScore value='13125'/>
		<mineralScore value='43998'/>
		<gasScore value='5512'/>
		<totalScore value='117310'/>
	</player>

	<enemy>
		<race value='Terran'/>
		<unitScore value='15625'/>
		<unitScore value='15625'/>
		<killScore value='15950'/>
		<buildingScore value='4375'/>
		<razingScore value='1800'/>
		<mineralScore value='13642'/>
		<gasScore value='6404'/>
		<totalScore value='57796'/>
	</enemy>

	<scoreRatio value='2.02973'/>
	<timeFitness value='0.545278'/>
	<unitsAverage value='101'/>
</results>
