<results>
	<result value='win'/>
	<start value='2015-05-03.02:26:21'/>
	<end value='2015-05-03.02:26:59'/>
	<frames value='25484'/>
	<gameDuration value='1592'/>

	<player>
		<unitScore value='11075'/>
		<killScore value='13050'/>
		<buildingScore value='4375'/>
		<razingScore value='7725'/>
		<mineralScore value='18930'/>
		<gasScore value='2768'/>
		<totalScore value='57923'/>
	</player>

	<enemy>
		<race value='Terran'/>
		<unitScore value='6525'/>
		<unitScore value='6525'/>
		<killScore value='5500'/>
		<buildingScore value='2575'/>
		<razingScore value='1575'/>
		<mineralScore value='8706'/>
		<gasScore value='2800'/>
		<totalScore value='27681'/>
	</enemy>

	<scoreRatio value='2.09252'/>
	<timeFitness value='0.778889'/>
	<unitsAverage value='75'/>
</results>
