<results>
	<result value='win'/>
	<start value='2015-05-04.02:18:25'/>
	<end value='2015-05-04.02:19:11'/>
	<frames value='36148'/>
	<gameDuration value='2259'/>

	<player>
		<unitScore value='24275'/>
		<killScore value='28800'/>
		<buildingScore value='3700'/>
		<razingScore value='11175'/>
		<mineralScore value='30822'/>
		<gasScore value='4032'/>
		<totalScore value='102804'/>
	</player>

	<enemy>
		<race value='Terran'/>
		<unitScore value='14400'/>
		<unitScore value='14400'/>
		<killScore value='26850'/>
		<buildingScore value='3725'/>
		<razingScore value='375'/>
		<mineralScore value='13594'/>
		<gasScore value='5198'/>
		<totalScore value='64142'/>
	</enemy>

	<scoreRatio value='1.60276'/>
	<timeFitness value='0.68625'/>
	<unitsAverage value='96'/>
</results>
