<results>
	<result value='loss'/>
	<start value='2015-05-03.01:11:53'/>
	<end value='2015-05-03.01:12:02'/>
	<frames value='16463'/>
	<gameDuration value='1028'/>

	<player>
		<unitScore value='4125'/>
		<killScore value='400'/>
		<buildingScore value='1600'/>
		<razingScore value='0'/>
		<mineralScore value='5962'/>
		<gasScore value='864'/>
		<totalScore value='12951'/>
	</player>

	<enemy>
		<race value='Terran'/>
		<unitScore value='5700'/>
		<unitScore value='5700'/>
		<killScore value='8250'/>
		<buildingScore value='1950'/>
		<razingScore value='4575'/>
		<mineralScore value='7434'/>
		<gasScore value='2568'/>
		<totalScore value='30477'/>
	</enemy>

	<scoreRatio value='0.424943'/>
	<timeFitness value='0.142778'/>
	<unitsAverage value='29'/>
</results>
