<results>
	<result value='win'/>
	<start value='2015-05-03.01:13:24'/>
	<end value='2015-05-03.01:13:59'/>
	<frames value='29111'/>
	<gameDuration value='1819'/>

	<player>
		<unitScore value='17800'/>
		<killScore value='27100'/>
		<buildingScore value='4200'/>
		<razingScore value='10350'/>
		<mineralScore value='26194'/>
		<gasScore value='2352'/>
		<totalScore value='87996'/>
	</player>

	<enemy>
		<race value='Terran'/>
		<unitScore value='14350'/>
		<unitScore value='14350'/>
		<killScore value='14500'/>
		<buildingScore value='3450'/>
		<razingScore value='1875'/>
		<mineralScore value='13574'/>
		<gasScore value='5640'/>
		<totalScore value='53389'/>
	</enemy>

	<scoreRatio value='1.6482'/>
	<timeFitness value='0.747361'/>
	<unitsAverage value='100'/>
</results>
