<results>
	<result value='draw'/>
	<start value='2015-05-04.02:42:20'/>
	<end value='2015-05-04.02:43:25'/>
	<frames value='57601'/>
	<gameDuration value='3600'/>

	<player>
		<unitScore value='25025'/>
		<killScore value='36500'/>
		<buildingScore value='3325'/>
		<razingScore value='5175'/>
		<mineralScore value='28406'/>
		<gasScore value='7190'/>
		<totalScore value='105621'/>
	</player>

	<enemy>
		<race value='Terran'/>
		<unitScore value='23500'/>
		<unitScore value='23500'/>
		<killScore value='40350'/>
		<buildingScore value='4050'/>
		<razingScore value='3225'/>
		<mineralScore value='17082'/>
		<gasScore value='10190'/>
		<totalScore value='98397'/>
	</enemy>

	<scoreRatio value='1.07342'/>
	<timeFitness value='0.5'/>
	<unitsAverage value='97'/>
</results>
