<results>
	<result value='win'/>
	<start value='2015-05-03.01:33:40'/>
	<end value='2015-05-03.01:34:12'/>
	<frames value='28057'/>
	<gameDuration value='1753'/>

	<player>
		<unitScore value='13675'/>
		<killScore value='22800'/>
		<buildingScore value='4475'/>
		<razingScore value='9975'/>
		<mineralScore value='24178'/>
		<gasScore value='2304'/>
		<totalScore value='77407'/>
	</player>

	<enemy>
		<race value='Terran'/>
		<unitScore value='13300'/>
		<unitScore value='13300'/>
		<killScore value='6100'/>
		<buildingScore value='3325'/>
		<razingScore value='1950'/>
		<mineralScore value='12250'/>
		<gasScore value='6000'/>
		<totalScore value='42925'/>
	</enemy>

	<scoreRatio value='1.80331'/>
	<timeFitness value='0.756528'/>
	<unitsAverage value='94'/>
</results>
