<results>
	<result value='win'/>
	<start value='2015-05-09.08:53:34'/>
	<end value='2015-05-09.08:53:51'/>
	<frames value='25515'/>
	<gameDuration value='1594'/>

	<player>
		<unitScore value='11150'/>
		<killScore value='20200'/>
		<buildingScore value='2750'/>
		<razingScore value='7050'/>
		<mineralScore value='14642'/>
		<gasScore value='2704'/>
		<totalScore value='58496'/>
	</player>

	<enemy>
		<race value='Terran'/>
		<unitScore value='10100'/>
		<unitScore value='10100'/>
		<killScore value='9550'/>
		<buildingScore value='2350'/>
		<razingScore value='2100'/>
		<mineralScore value='11122'/>
		<gasScore value='3616'/>
		<totalScore value='38838'/>
	</enemy>

	<scoreRatio value='1.50615'/>
	<timeFitness value='0.778611'/>
	<unitsAverage value='64'/>
</results>
