<results>
	<result value='loss'/>
	<start value='2015-05-03.22:34:17'/>
	<end value='2015-05-03.22:34:34'/>
	<frames value='19997'/>
	<gameDuration value='1249'/>

	<player>
		<unitScore value='5450'/>
		<killScore value='3250'/>
		<buildingScore value='2050'/>
		<razingScore value='0'/>
		<mineralScore value='7002'/>
		<gasScore value='1264'/>
		<totalScore value='19016'/>
	</player>

	<enemy>
		<race value='Terran'/>
		<unitScore value='7425'/>
		<unitScore value='7425'/>
		<killScore value='10900'/>
		<buildingScore value='2850'/>
		<razingScore value='6150'/>
		<mineralScore value='9410'/>
		<gasScore value='3512'/>
		<totalScore value='40247'/>
	</enemy>

	<scoreRatio value='0.472482'/>
	<timeFitness value='0.173472'/>
	<unitsAverage value='33'/>
</results>
