<results>
	<result value='loss'/>
	<start value='2015-05-09.08:57:40'/>
	<end value='2015-05-09.08:57:47'/>
	<frames value='17145'/>
	<gameDuration value='1071'/>

	<player>
		<unitScore value='3750'/>
		<killScore value='900'/>
		<buildingScore value='1475'/>
		<razingScore value='0'/>
		<mineralScore value='5050'/>
		<gasScore value='584'/>
		<totalScore value='11759'/>
	</player>

	<enemy>
		<race value='Terran'/>
		<unitScore value='5650'/>
		<unitScore value='5650'/>
		<killScore value='7500'/>
		<buildingScore value='2650'/>
		<razingScore value='4425'/>
		<mineralScore value='7834'/>
		<gasScore value='2712'/>
		<totalScore value='30771'/>
	</enemy>

	<scoreRatio value='0.382146'/>
	<timeFitness value='0.14875'/>
	<unitsAverage value='23'/>
</results>
