<results>
	<result value='loss'/>
	<start value='2015-05-03.22:40:19'/>
	<end value='2015-05-03.22:41:21'/>
	<frames value='53198'/>
	<gameDuration value='3324'/>

	<player>
		<unitScore value='22950'/>
		<killScore value='13550'/>
		<buildingScore value='4400'/>
		<razingScore value='450'/>
		<mineralScore value='25394'/>
		<gasScore value='4200'/>
		<totalScore value='70944'/>
	</player>

	<enemy>
		<race value='Terran'/>
		<unitScore value='24025'/>
		<unitScore value='24025'/>
		<killScore value='45900'/>
		<buildingScore value='5375'/>
		<razingScore value='13200'/>
		<mineralScore value='31006'/>
		<gasScore value='11976'/>
		<totalScore value='131482'/>
	</enemy>

	<scoreRatio value='0.539572'/>
	<timeFitness value='0.461667'/>
	<unitsAverage value='60'/>
</results>
