<results>
	<result value='win'/>
	<start value='2014-07-11.21:48:15'/>
	<end value='2014-07-11.21:48:51'/>
	<frames value='31777'/>
	<gameDuration value='1986'/>

	<player>
		<unitScore value='23150'/>
		<killScore value='35320'/>
		<buildingScore value='4075'/>
		<razingScore value='5835'/>
		<mineralScore value='35058'/>
		<gasScore value='3664'/>
		<totalScore value='107102'/>
	</player>

	<enemy>
		<race value='Zerg'/>
		<unitScore value='16050'/>
		<unitScore value='16050'/>
		<killScore value='25000'/>
		<buildingScore value='1945'/>
		<razingScore value='0'/>
		<mineralScore value='14154'/>
		<gasScore value='4896'/>
		<totalScore value='62045'/>
	</enemy>

	<scoreRatio value='1.7262'/>
</results>
