<results>
	<result value='win'/>
	<start value='2014-07-11.21:49:23'/>
	<end value='2014-07-11.21:49:54'/>
	<frames value='29855'/>
	<gameDuration value='1865'/>

	<player>
		<unitScore value='21075'/>
		<killScore value='33110'/>
		<buildingScore value='4050'/>
		<razingScore value='7020'/>
		<mineralScore value='33970'/>
		<gasScore value='2152'/>
		<totalScore value='101377'/>
	</player>

	<enemy>
		<race value='Zerg'/>
		<unitScore value='14300'/>
		<unitScore value='14300'/>
		<killScore value='20450'/>
		<buildingScore value='2340'/>
		<razingScore value='150'/>
		<mineralScore value='13954'/>
		<gasScore value='4184'/>
		<totalScore value='55378'/>
	</enemy>

	<scoreRatio value='1.83064'/>
</results>
