<results>
	<result value='win'/>
	<start value='2014-07-11.21:52:30'/>
	<end value='2014-07-11.21:53:02'/>
	<frames value='30010'/>
	<gameDuration value='1875'/>

	<player>
		<unitScore value='19225'/>
		<killScore value='31680'/>
		<buildingScore value='3525'/>
		<razingScore value='6180'/>
		<mineralScore value='30374'/>
		<gasScore value='2600'/>
		<totalScore value='93584'/>
	</player>

	<enemy>
		<race value='Zerg'/>
		<unitScore value='13850'/>
		<unitScore value='13850'/>
		<killScore value='19150'/>
		<buildingScore value='2060'/>
		<razingScore value='0'/>
		<mineralScore value='13022'/>
		<gasScore value='4048'/>
		<totalScore value='52130'/>
	</enemy>

	<scoreRatio value='1.7952'/>
</results>
