<results>
	<result value='loss'/>
	<start value='2015-05-10.10:23:26'/>
	<end value='2015-05-10.10:23:38'/>
	<frames value='15037'/>
	<gameDuration value='939'/>

	<player>
		<unitScore value='3275'/>
		<killScore value='700'/>
		<buildingScore value='1350'/>
		<razingScore value='0'/>
		<mineralScore value='4578'/>
		<gasScore value='704'/>
		<totalScore value='10607'/>
	</player>

	<enemy>
		<race value='Protoss'/>
		<unitScore value='3850'/>
		<unitScore value='3850'/>
		<killScore value='6550'/>
		<buildingScore value='2475'/>
		<razingScore value='4050'/>
		<mineralScore value='7802'/>
		<gasScore value='1392'/>
		<totalScore value='26119'/>
	</enemy>

	<scoreRatio value='0.406103'/>
	<timeFitness value='0.130417'/>
	<unitsAverage value='20'/>
</results>
