<results>
	<result value='loss'/>
	<start value='2015-05-10.10:25:29'/>
	<end value='2015-05-10.10:25:41'/>
	<frames value='15068'/>
	<gameDuration value='941'/>

	<player>
		<unitScore value='3400'/>
		<killScore value='1200'/>
		<buildingScore value='1450'/>
		<razingScore value='0'/>
		<mineralScore value='4994'/>
		<gasScore value='600'/>
		<totalScore value='11644'/>
	</player>

	<enemy>
		<race value='Protoss'/>
		<unitScore value='3550'/>
		<unitScore value='3550'/>
		<killScore value='6800'/>
		<buildingScore value='2475'/>
		<razingScore value='4350'/>
		<mineralScore value='7698'/>
		<gasScore value='1304'/>
		<totalScore value='26177'/>
	</enemy>

	<scoreRatio value='0.444818'/>
	<timeFitness value='0.130694'/>
	<unitsAverage value='25'/>
</results>
