<results>
	<result value='win'/>
	<start value='2015-05-01.06:04:01'/>
	<end value='2015-05-01.06:04:35'/>
	<frames value='24709'/>
	<gameDuration value='1544'/>

	<player>
		<unitScore value='14900'/>
		<killScore value='20430'/>
		<buildingScore value='3525'/>
		<razingScore value='6015'/>
		<mineralScore value='22810'/>
		<gasScore value='1784'/>
		<totalScore value='69464'/>
	</player>

	<enemy>
		<race value='Zerg'/>
		<unitScore value='9250'/>
		<unitScore value='9250'/>
		<killScore value='9900'/>
		<buildingScore value='2005'/>
		<razingScore value='150'/>
		<mineralScore value='10106'/>
		<gasScore value='3448'/>
		<totalScore value='34859'/>
	</enemy>

	<scoreRatio value='1.99271'/>
</results>
