<results>
	<result value='win'/>
	<start value='2015-05-01.06:17:32'/>
	<end value='2015-05-01.06:18:14'/>
	<frames value='27499'/>
	<gameDuration value='1718'/>

	<player>
		<unitScore value='15875'/>
		<killScore value='20040'/>
		<buildingScore value='4500'/>
		<razingScore value='8820'/>
		<mineralScore value='25402'/>
		<gasScore value='2984'/>
		<totalScore value='77621'/>
	</player>

	<enemy>
		<race value='Zerg'/>
		<unitScore value='9525'/>
		<unitScore value='9525'/>
		<killScore value='10850'/>
		<buildingScore value='2940'/>
		<razingScore value='375'/>
		<mineralScore value='11034'/>
		<gasScore value='3344'/>
		<totalScore value='38068'/>
	</enemy>

	<scoreRatio value='2.03901'/>
</results>
