<results>
	<result value='win'/>
	<start value='2015-05-11.00:14:26'/>
	<end value='2015-05-11.00:15:37'/>
	<frames value='50284'/>
	<gameDuration value='3142'/>

	<player>
		<unitScore value='29850'/>
		<killScore value='57160'/>
		<buildingScore value='4550'/>
		<razingScore value='12090'/>
		<mineralScore value='36526'/>
		<gasScore value='8738'/>
		<totalScore value='148914'/>
	</player>

	<enemy>
		<race value='Zerg'/>
		<unitScore value='27075'/>
		<unitScore value='27075'/>
		<killScore value='34800'/>
		<buildingScore value='4030'/>
		<razingScore value='1575'/>
		<mineralScore value='26438'/>
		<gasScore value='6726'/>
		<totalScore value='100644'/>
	</enemy>

	<scoreRatio value='1.47961'/>
	<timeFitness value='0.563611'/>
	<unitsAverage value='124'/>
</results>
