<results>
	<result value='loss'/>
	<start value='2015-05-11.00:16:50'/>
	<end value='2015-05-11.00:17:22'/>
	<frames value='33761'/>
	<gameDuration value='2110'/>

	<player>
		<unitScore value='13700'/>
		<killScore value='22800'/>
		<buildingScore value='2850'/>
		<razingScore value='0'/>
		<mineralScore value='16018'/>
		<gasScore value='2072'/>
		<totalScore value='57440'/>
	</player>

	<enemy>
		<race value='Zerg'/>
		<unitScore value='22175'/>
		<unitScore value='22175'/>
		<killScore value='27400'/>
		<buildingScore value='4065'/>
		<razingScore value='8550'/>
		<mineralScore value='21694'/>
		<gasScore value='8106'/>
		<totalScore value='91990'/>
	</enemy>

	<scoreRatio value='0.624416'/>
	<timeFitness value='0.293056'/>
	<unitsAverage value='64'/>
</results>
