<results>
	<result value='loss'/>
	<start value='2015-04-10.11:02:53'/>
	<end value='2015-04-10.11:03:01'/>
	<frames value='15781'/>
	<gameDuration value='986'/>

	<player>
		<unitScore value='3275'/>
		<killScore value='800'/>
		<buildingScore value='1475'/>
		<razingScore value='0'/>
		<mineralScore value='5114'/>
		<gasScore value='624'/>
		<totalScore value='11288'/>
	</player>

	<enemy>
		<race value='Protoss'/>
		<unitScore value='3550'/>
		<unitScore value='3550'/>
		<killScore value='6550'/>
		<buildingScore value='3525'/>
		<razingScore value='4425'/>
		<mineralScore value='8314'/>
		<gasScore value='1504'/>
		<totalScore value='27868'/>
	</enemy>

	<scoreRatio value='0.405052'/>
</results>
