<results>
	<result value='win'/>
	<start value='2015-05-10.07:08:21'/>
	<end value='2015-05-10.07:08:56'/>
	<frames value='28057'/>
	<gameDuration value='1753'/>

	<player>
		<unitScore value='19200'/>
		<killScore value='22810'/>
		<buildingScore value='4500'/>
		<razingScore value='5970'/>
		<mineralScore value='28562'/>
		<gasScore value='2208'/>
		<totalScore value='83250'/>
	</player>

	<enemy>
		<race value='Zerg'/>
		<unitScore value='10600'/>
		<unitScore value='10600'/>
		<killScore value='16450'/>
		<buildingScore value='1990'/>
		<razingScore value='0'/>
		<mineralScore value='10518'/>
		<gasScore value='3264'/>
		<totalScore value='42822'/>
	</enemy>

	<scoreRatio value='1.94409'/>
	<timeFitness value='0.756528'/>
	<unitsAverage value='103'/>
</results>
