<results>
	<result value='win'/>
	<start value='2015-05-07.07:43:41'/>
	<end value='2015-05-07.07:44:10'/>
	<frames value='29452'/>
	<gameDuration value='1840'/>

	<player>
		<unitScore value='13025'/>
		<killScore value='21100'/>
		<buildingScore value='4475'/>
		<razingScore value='8325'/>
		<mineralScore value='19514'/>
		<gasScore value='1840'/>
		<totalScore value='68279'/>
	</player>

	<enemy>
		<race value='Terran'/>
		<unitScore value='10550'/>
		<unitScore value='10550'/>
		<killScore value='6250'/>
		<buildingScore value='2850'/>
		<razingScore value='1575'/>
		<mineralScore value='10130'/>
		<gasScore value='4048'/>
		<totalScore value='35403'/>
	</enemy>

	<scoreRatio value='1.92862'/>
	<timeFitness value='0.744444'/>
	<unitsAverage value='75'/>
</results>
