<results>
	<result value='win'/>
	<start value='2015-05-07.07:49:56'/>
	<end value='2015-05-07.07:50:21'/>
	<frames value='31312'/>
	<gameDuration value='1957'/>

	<player>
		<unitScore value='10925'/>
		<killScore value='27600'/>
		<buildingScore value='3425'/>
		<razingScore value='9450'/>
		<mineralScore value='15170'/>
		<gasScore value='2032'/>
		<totalScore value='68602'/>
	</player>

	<enemy>
		<race value='Terran'/>
		<unitScore value='16000'/>
		<unitScore value='16000'/>
		<killScore value='9700'/>
		<buildingScore value='3150'/>
		<razingScore value='2700'/>
		<mineralScore value='13546'/>
		<gasScore value='6912'/>
		<totalScore value='52008'/>
	</enemy>

	<scoreRatio value='1.31907'/>
	<timeFitness value='0.728194'/>
	<unitsAverage value='50'/>
</results>
