<results>
	<result value='loss'/>
	<start value='2015-05-07.07:54:16'/>
	<end value='2015-05-07.07:54:28'/>
	<frames value='19904'/>
	<gameDuration value='1244'/>

	<player>
		<unitScore value='5200'/>
		<killScore value='3150'/>
		<buildingScore value='1975'/>
		<razingScore value='0'/>
		<mineralScore value='7514'/>
		<gasScore value='1360'/>
		<totalScore value='19199'/>
	</player>

	<enemy>
		<race value='Terran'/>
		<unitScore value='7250'/>
		<unitScore value='7250'/>
		<killScore value='10300'/>
		<buildingScore value='2825'/>
		<razingScore value='5925'/>
		<mineralScore value='9466'/>
		<gasScore value='3336'/>
		<totalScore value='39102'/>
	</enemy>

	<scoreRatio value='0.490998'/>
	<timeFitness value='0.172778'/>
	<unitsAverage value='32'/>
</results>
