<results>
	<result value='win'/>
	<start value='2014-07-22.21:29:20'/>
	<end value='2014-07-22.21:29:40'/>
	<frames value='24523'/>
	<gameDuration value='1532'/>

	<player>
		<unitScore value='16275'/>
		<killScore value='23030'/>
		<buildingScore value='2425'/>
		<razingScore value='4560'/>
		<mineralScore value='18126'/>
		<gasScore value='2256'/>
		<totalScore value='66672'/>
	</player>

	<enemy>
		<race value='Zerg'/>
		<unitScore value='10475'/>
		<unitScore value='10475'/>
		<killScore value='17850'/>
		<buildingScore value='1520'/>
		<razingScore value='0'/>
		<mineralScore value='9650'/>
		<gasScore value='2720'/>
		<totalScore value='42215'/>
	</enemy>

	<scoreRatio value='1.57934'/>
</results>
