<results>
	<result value='loss'/>
	<start value='2015-05-07.09:57:00'/>
	<end value='2015-05-07.09:57:21'/>
	<frames value='34412'/>
	<gameDuration value='2150'/>

	<player>
		<unitScore value='9550'/>
		<killScore value='11400'/>
		<buildingScore value='2225'/>
		<razingScore value='0'/>
		<mineralScore value='11890'/>
		<gasScore value='2632'/>
		<totalScore value='37697'/>
	</player>

	<enemy>
		<race value='Protoss'/>
		<unitScore value='20050'/>
		<unitScore value='20050'/>
		<killScore value='19100'/>
		<buildingScore value='6925'/>
		<razingScore value='6675'/>
		<mineralScore value='22346'/>
		<gasScore value='8744'/>
		<totalScore value='83840'/>
	</enemy>

	<scoreRatio value='0.44963'/>
	<timeFitness value='0.298611'/>
	<unitsAverage value='45'/>
</results>
