<results>
	<result value='loss'/>
	<start value='2014-07-24.02:32:44'/>
	<end value='2014-07-24.02:33:19'/>
	<frames value='49261'/>
	<gameDuration value='3078'/>

	<player>
		<unitScore value='15825'/>
		<killScore value='12300'/>
		<buildingScore value='2650'/>
		<razingScore value='0'/>
		<mineralScore value='19886'/>
		<gasScore value='1056'/>
		<totalScore value='51717'/>
	</player>

	<enemy>
		<race value='Terran'/>
		<unitScore value='24450'/>
		<unitScore value='24450'/>
		<killScore value='31650'/>
		<buildingScore value='4725'/>
		<razingScore value='7950'/>
		<mineralScore value='30226'/>
		<gasScore value='11554'/>
		<totalScore value='110555'/>
	</enemy>

	<scoreRatio value='0.467794'/>
</results>
