<results>
	<result value='loss'/>
	<start value='2015-07-10.15:17:51'/>
	<end value='2015-07-10.15:18:09'/>
	<frames value='17176'/>
	<gameDuration value='1073'/>

	<player>
		<unitScore value='4475'/>
		<killScore value='500'/>
		<buildingScore value='2175'/>
		<razingScore value='0'/>
		<mineralScore value='6546'/>
		<gasScore value='728'/>
		<totalScore value='14424'/>
	</player>

	<enemy>
		<race value='Terran'/>
		<unitScore value='5200'/>
		<killScore value='8800'/>
		<buildingScore value='1800'/>
		<razingScore value='6525'/>
		<mineralScore value='7938'/>
		<gasScore value='2720'/>
		<totalScore value='32983'/>
	</enemy>

	<scoreRatio value='0.437316'/>
	<timeFitness value='0.149028'/>
	<unitsAverage value='25'/>
</results>
