<results>
	<result value='loss'/>
	<start value='2015-07-10.15:23:36'/>
	<end value='2015-07-10.15:23:59'/>
	<frames value='22756'/>
	<gameDuration value='1422'/>

	<player>
		<unitScore value='7525'/>
		<killScore value='3300'/>
		<buildingScore value='3000'/>
		<razingScore value='0'/>
		<mineralScore value='9794'/>
		<gasScore value='904'/>
		<totalScore value='24523'/>
	</player>

	<enemy>
		<race value='Terran'/>
		<unitScore value='9925'/>
		<killScore value='14150'/>
		<buildingScore value='3325'/>
		<razingScore value='9000'/>
		<mineralScore value='11274'/>
		<gasScore value='4424'/>
		<totalScore value='52098'/>
	</enemy>

	<scoreRatio value='0.470709'/>
	<timeFitness value='0.1975'/>
	<unitsAverage value='33'/>
</results>
