<results>
	<result value='loss'/>
	<start value='2015-07-10.15:27:13'/>
	<end value='2015-07-10.15:27:45'/>
	<frames value='26290'/>
	<gameDuration value='1643'/>

	<player>
		<unitScore value='9950'/>
		<killScore value='7050'/>
		<buildingScore value='3500'/>
		<razingScore value='5025'/>
		<mineralScore value='14322'/>
		<gasScore value='1488'/>
		<totalScore value='41335'/>
	</player>

	<enemy>
		<race value='Terran'/>
		<unitScore value='8075'/>
		<killScore value='17750'/>
		<buildingScore value='2625'/>
		<razingScore value='10500'/>
		<mineralScore value='12826'/>
		<gasScore value='3448'/>
		<totalScore value='55224'/>
	</enemy>

	<scoreRatio value='0.748497'/>
	<timeFitness value='0.228194'/>
	<unitsAverage value='41'/>
</results>
