<results>
	<result value='loss'/>
	<start value='2014-07-06.02:22:32'/>
	<end value='2014-07-06.02:22:39'/>
	<frames value='15657'/>
	<gameDuration value='978'/>

	<player>
		<unitScore value='3350'/>
		<killScore value='1400'/>
		<buildingScore value='1525'/>
		<razingScore value='0'/>
		<mineralScore value='4946'/>
		<gasScore value='768'/>
		<totalScore value='11989'/>
	</player>

	<enemy>
		<race value='Protoss'/>
		<unitScore value='3550'/>
		<unitScore value='3550'/>
		<killScore value='6700'/>
		<buildingScore value='3375'/>
		<razingScore value='4575'/>
		<mineralScore value='8202'/>
		<gasScore value='1544'/>
		<totalScore value='27946'/>
	</enemy>

	<scoreRatio value='0.429006'/>
</results>
