<results>
	<result value='loss'/>
	<start value='2014-07-06.02:36:08'/>
	<end value='2014-07-06.02:36:16'/>
	<frames value='16587'/>
	<gameDuration value='1036'/>

	<player>
		<unitScore value='2950'/>
		<killScore value='1200'/>
		<buildingScore value='1550'/>
		<razingScore value='0'/>
		<mineralScore value='4754'/>
		<gasScore value='728'/>
		<totalScore value='11182'/>
	</player>

	<enemy>
		<race value='Protoss'/>
		<unitScore value='3975'/>
		<unitScore value='3975'/>
		<killScore value='5400'/>
		<buildingScore value='4075'/>
		<razingScore value='4650'/>
		<mineralScore value='9002'/>
		<gasScore value='1720'/>
		<totalScore value='28822'/>
	</enemy>

	<scoreRatio value='0.387968'/>
</results>
