<results>
	<result value='loss'/>
	<start value='2015-07-11.19:52:45'/>
	<end value='2015-07-11.19:52:57'/>
	<frames value='18013'/>
	<gameDuration value='1125'/>

	<player>
		<unitScore value='5550'/>
		<killScore value='700'/>
		<buildingScore value='2050'/>
		<razingScore value='0'/>
		<mineralScore value='6514'/>
		<gasScore value='992'/>
		<totalScore value='15806'/>
	</player>

	<enemy>
		<race value='Terran'/>
		<unitScore value='5800'/>
		<killScore value='10900'/>
		<buildingScore value='2350'/>
		<razingScore value='6150'/>
		<mineralScore value='8410'/>
		<gasScore value='2664'/>
		<totalScore value='36274'/>
	</enemy>

	<scoreRatio value='0.435739'/>
	<timeFitness value='0.15625'/>
	<unitsAverage value='26'/>
</results>
