<results>
	<result value='loss'/>
	<start value='2015-07-11.19:57:01'/>
	<end value='2015-07-11.19:57:20'/>
	<frames value='22105'/>
	<gameDuration value='1381'/>

	<player>
		<unitScore value='10975'/>
		<killScore value='2750'/>
		<buildingScore value='2375'/>
		<razingScore value='0'/>
		<mineralScore value='11362'/>
		<gasScore value='1784'/>
		<totalScore value='29246'/>
	</player>

	<enemy>
		<race value='Terran'/>
		<unitScore value='9300'/>
		<killScore value='21950'/>
		<buildingScore value='3575'/>
		<razingScore value='7125'/>
		<mineralScore value='10554'/>
		<gasScore value='4552'/>
		<totalScore value='57056'/>
	</enemy>

	<scoreRatio value='0.512584'/>
	<timeFitness value='0.191806'/>
	<unitsAverage value='37'/>
</results>
