<results>
	<result value='win'/>
	<start value='2015-05-11.05:30:55'/>
	<end value='2015-05-11.05:31:27'/>
	<frames value='25887'/>
	<gameDuration value='1617'/>

	<player>
		<unitScore value='15725'/>
		<killScore value='22440'/>
		<buildingScore value='4075'/>
		<razingScore value='4755'/>
		<mineralScore value='27142'/>
		<gasScore value='1952'/>
		<totalScore value='76089'/>
	</player>

	<enemy>
		<race value='Zerg'/>
		<unitScore value='10900'/>
		<unitScore value='10900'/>
		<killScore value='8350'/>
		<buildingScore value='1585'/>
		<razingScore value='0'/>
		<mineralScore value='9954'/>
		<gasScore value='3176'/>
		<totalScore value='33965'/>
	</enemy>

	<scoreRatio value='2.24022'/>
	<timeFitness value='0.775417'/>
	<unitsAverage value='96'/>
</results>
