<results>
	<result value='win'/>
	<start value='2015-05-11.05:34:34'/>
	<end value='2015-05-11.05:35:32'/>
	<frames value='33637'/>
	<gameDuration value='2102'/>

	<player>
		<unitScore value='15100'/>
		<killScore value='21740'/>
		<buildingScore value='5225'/>
		<razingScore value='6105'/>
		<mineralScore value='39014'/>
		<gasScore value='3208'/>
		<totalScore value='90392'/>
	</player>

	<enemy>
		<race value='Zerg'/>
		<unitScore value='9800'/>
		<unitScore value='9800'/>
		<killScore value='4950'/>
		<buildingScore value='2035'/>
		<razingScore value='0'/>
		<mineralScore value='9186'/>
		<gasScore value='2824'/>
		<totalScore value='28795'/>
	</enemy>

	<scoreRatio value='3.13916'/>
	<timeFitness value='0.708056'/>
	<unitsAverage value='141'/>
</results>
