<results>
	<result value='loss'/>
	<start value='2015-05-09.08:57:36'/>
	<end value='2015-05-09.08:57:45'/>
	<frames value='16804'/>
	<gameDuration value='1050'/>

	<player>
		<unitScore value='4250'/>
		<killScore value='600'/>
		<buildingScore value='1950'/>
		<razingScore value='0'/>
		<mineralScore value='5698'/>
		<gasScore value='752'/>
		<totalScore value='13250'/>
	</player>

	<enemy>
		<race value='Terran'/>
		<unitScore value='5350'/>
		<unitScore value='5350'/>
		<killScore value='8500'/>
		<buildingScore value='2175'/>
		<razingScore value='5850'/>
		<mineralScore value='7666'/>
		<gasScore value='2632'/>
		<totalScore value='32173'/>
	</enemy>

	<scoreRatio value='0.411836'/>
	<timeFitness value='0.145833'/>
	<unitsAverage value='27'/>
</results>
