<results>
	<result value='loss'/>
	<start value='2015-05-09.09:01:49'/>
	<end value='2015-05-09.09:02:00'/>
	<frames value='18633'/>
	<gameDuration value='1164'/>

	<player>
		<unitScore value='4425'/>
		<killScore value='800'/>
		<buildingScore value='2100'/>
		<razingScore value='0'/>
		<mineralScore value='6034'/>
		<gasScore value='1288'/>
		<totalScore value='14647'/>
	</player>

	<enemy>
		<race value='Terran'/>
		<unitScore value='6500'/>
		<unitScore value='6500'/>
		<killScore value='8850'/>
		<buildingScore value='2850'/>
		<razingScore value='6300'/>
		<mineralScore value='8618'/>
		<gasScore value='2896'/>
		<totalScore value='36014'/>
	</enemy>

	<scoreRatio value='0.406703'/>
	<timeFitness value='0.161667'/>
	<unitsAverage value='30'/>
</results>
