<results>
	<result value='loss'/>
	<start value='2015-05-04.09:34:48'/>
	<end value='2015-05-04.09:35:13'/>
	<frames value='40209'/>
	<gameDuration value='2513'/>

	<player>
		<unitScore value='9400'/>
		<killScore value='9850'/>
		<buildingScore value='3250'/>
		<razingScore value='225'/>
		<mineralScore value='13034'/>
		<gasScore value='2432'/>
		<totalScore value='38191'/>
	</player>

	<enemy>
		<race value='Terran'/>
		<unitScore value='22825'/>
		<unitScore value='22825'/>
		<killScore value='18800'/>
		<buildingScore value='4950'/>
		<razingScore value='9450'/>
		<mineralScore value='20306'/>
		<gasScore value='12914'/>
		<totalScore value='89245'/>
	</enemy>

	<scoreRatio value='0.427934'/>
	<timeFitness value='0.349028'/>
	<unitsAverage value='36'/>
</results>
