<results>
	<result value='win'/>
	<start value='2015-05-04.09:35:16'/>
	<end value='2015-05-04.09:35:28'/>
	<frames value='16773'/>
	<gameDuration value='1048'/>

	<player>
		<unitScore value='5925'/>
		<killScore value='10000'/>
		<buildingScore value='2375'/>
		<razingScore value='4350'/>
		<mineralScore value='9786'/>
		<gasScore value='1560'/>
		<totalScore value='33996'/>
	</player>

	<enemy>
		<race value='Terran'/>
		<unitScore value='5000'/>
		<unitScore value='5000'/>
		<killScore value='1200'/>
		<buildingScore value='1450'/>
		<razingScore value='1350'/>
		<mineralScore value='7466'/>
		<gasScore value='1928'/>
		<totalScore value='18394'/>
	</enemy>

	<scoreRatio value='1.84821'/>
	<timeFitness value='0.854444'/>
	<unitsAverage value='49'/>
</results>
