<results>
	<result value='loss'/>
	<start value='2015-04-17.02:27:28'/>
	<end value='2015-04-17.02:27:40'/>
	<frames value='15254'/>
	<gameDuration value='953'/>

	<player>
		<unitScore value='2750'/>
		<killScore value='800'/>
		<buildingScore value='1425'/>
		<razingScore value='0'/>
		<mineralScore value='4346'/>
		<gasScore value='640'/>
		<totalScore value='9961'/>
	</player>

	<enemy>
		<race value='Protoss'/>
		<unitScore value='3550'/>
		<unitScore value='3550'/>
		<killScore value='5500'/>
		<buildingScore value='2925'/>
		<razingScore value='4275'/>
		<mineralScore value='7786'/>
		<gasScore value='1384'/>
		<totalScore value='25420'/>
	</enemy>

	<scoreRatio value='0.391857'/>
</results>
