<results>
	<result value='win'/>
	<start value='2015-04-26.15:44:14'/>
	<end value='2015-04-26.15:44:36'/>
	<frames value='26476'/>
	<gameDuration value='1654'/>

	<player>
		<unitScore value='11425'/>
		<killScore value='21950'/>
		<buildingScore value='2575'/>
		<razingScore value='9000'/>
		<mineralScore value='17610'/>
		<gasScore value='2696'/>
		<totalScore value='65256'/>
	</player>

	<enemy>
		<race value='Terran'/>
		<unitScore value='12625'/>
		<unitScore value='12625'/>
		<killScore value='8150'/>
		<buildingScore value='3075'/>
		<razingScore value='1350'/>
		<mineralScore value='12234'/>
		<gasScore value='5424'/>
		<totalScore value='42858'/>
	</enemy>

	<scoreRatio value='1.52261'/>
</results>
