<results>
	<result value='loss'/>
	<start value='2015-04-26.15:46:42'/>
	<end value='2015-04-26.15:46:57'/>
	<frames value='26073'/>
	<gameDuration value='1629'/>

	<player>
		<unitScore value='4075'/>
		<killScore value='7200'/>
		<buildingScore value='2100'/>
		<razingScore value='450'/>
		<mineralScore value='6322'/>
		<gasScore value='720'/>
		<totalScore value='20867'/>
	</player>

	<enemy>
		<race value='Terran'/>
		<unitScore value='8300'/>
		<unitScore value='8300'/>
		<killScore value='8150'/>
		<buildingScore value='2800'/>
		<razingScore value='6300'/>
		<mineralScore value='12058'/>
		<gasScore value='3520'/>
		<totalScore value='41128'/>
	</enemy>

	<scoreRatio value='0.507367'/>
</results>
