<results>
	<result value='draw'/>
	<start value='2015-04-26.15:56:26'/>
	<end value='2015-04-26.15:57:23'/>
	<frames value='57601'/>
	<gameDuration value='3600'/>

	<player>
		<unitScore value='29050'/>
		<killScore value='46300'/>
		<buildingScore value='3150'/>
		<razingScore value='4650'/>
		<mineralScore value='31542'/>
		<gasScore value='6472'/>
		<totalScore value='121164'/>
	</player>

	<enemy>
		<race value='Terran'/>
		<unitScore value='32725'/>
		<unitScore value='32725'/>
		<killScore value='51950'/>
		<buildingScore value='5525'/>
		<razingScore value='1125'/>
		<mineralScore value='25930'/>
		<gasScore value='11922'/>
		<totalScore value='129177'/>
	</enemy>

	<scoreRatio value='0.937969'/>
</results>
