<results>
	<result value='win'/>
	<start value='2015-05-11.01:12:42'/>
	<end value='2015-05-11.01:13:55'/>
	<frames value='41759'/>
	<gameDuration value='2609'/>

	<player>
		<unitScore value='22900'/>
		<killScore value='48890'/>
		<buildingScore value='4425'/>
		<razingScore value='10650'/>
		<mineralScore value='36566'/>
		<gasScore value='5548'/>
		<totalScore value='128979'/>
	</player>

	<enemy>
		<race value='Zerg'/>
		<unitScore value='23950'/>
		<unitScore value='23950'/>
		<killScore value='20400'/>
		<buildingScore value='3550'/>
		<razingScore value='0'/>
		<mineralScore value='18418'/>
		<gasScore value='8082'/>
		<totalScore value='74400'/>
	</enemy>

	<scoreRatio value='1.73359'/>
	<timeFitness value='0.637639'/>
	<unitsAverage value='137'/>
</results>
