<results>
	<result value='win'/>
	<start value='2015-05-11.01:27:50'/>
	<end value='2015-05-11.01:29:16'/>
	<frames value='43712'/>
	<gameDuration value='2732'/>

	<player>
		<unitScore value='30075'/>
		<killScore value='60560'/>
		<buildingScore value='4425'/>
		<razingScore value='7035'/>
		<mineralScore value='35430'/>
		<gasScore value='4120'/>
		<totalScore value='141645'/>
	</player>

	<enemy>
		<race value='Zerg'/>
		<unitScore value='27550'/>
		<unitScore value='27550'/>
		<killScore value='33600'/>
		<buildingScore value='2345'/>
		<razingScore value='0'/>
		<mineralScore value='22418'/>
		<gasScore value='7400'/>
		<totalScore value='93313'/>
	</enemy>

	<scoreRatio value='1.51796'/>
	<timeFitness value='0.620556'/>
	<unitsAverage value='149'/>
</results>
