<results>
	<result value='win'/>
	<start value='2015-05-11.01:29:20'/>
	<end value='2015-05-11.01:30:24'/>
	<frames value='38442'/>
	<gameDuration value='2402'/>

	<player>
		<unitScore value='24750'/>
		<killScore value='39600'/>
		<buildingScore value='5250'/>
		<razingScore value='9135'/>
		<mineralScore value='36310'/>
		<gasScore value='2704'/>
		<totalScore value='117749'/>
	</player>

	<enemy>
		<race value='Zerg'/>
		<unitScore value='19175'/>
		<unitScore value='19175'/>
		<killScore value='25600'/>
		<buildingScore value='3045'/>
		<razingScore value='1575'/>
		<mineralScore value='16926'/>
		<gasScore value='6608'/>
		<totalScore value='72929'/>
	</enemy>

	<scoreRatio value='1.61457'/>
	<timeFitness value='0.666389'/>
	<unitsAverage value='134'/>
</results>
