<results>
	<result value='loss'/>
	<start value='2015-05-09.21:30:06'/>
	<end value='2015-05-09.21:30:17'/>
	<frames value='19718'/>
	<gameDuration value='1232'/>

	<player>
		<unitScore value='3500'/>
		<killScore value='2000'/>
		<buildingScore value='2000'/>
		<razingScore value='0'/>
		<mineralScore value='5714'/>
		<gasScore value='888'/>
		<totalScore value='14102'/>
	</player>

	<enemy>
		<race value='Protoss'/>
		<unitScore value='4650'/>
		<unitScore value='4650'/>
		<killScore value='7000'/>
		<buildingScore value='5225'/>
		<razingScore value='6000'/>
		<mineralScore value='11322'/>
		<gasScore value='1984'/>
		<totalScore value='36181'/>
	</enemy>

	<scoreRatio value='0.389763'/>
	<timeFitness value='0.171111'/>
	<unitsAverage value='23'/>
</results>
