<results>
	<result value='win'/>
	<start value='2015-05-03.18:21:51'/>
	<end value='2015-05-03.18:22:27'/>
	<frames value='37853'/>
	<gameDuration value='2365'/>

	<player>
		<unitScore value='25175'/>
		<killScore value='23200'/>
		<buildingScore value='3625'/>
		<razingScore value='13500'/>
		<mineralScore value='35478'/>
		<gasScore value='3312'/>
		<totalScore value='104290'/>
	</player>

	<enemy>
		<race value='Protoss'/>
		<unitScore value='11600'/>
		<unitScore value='11600'/>
		<killScore value='28750'/>
		<buildingScore value='4500'/>
		<razingScore value='0'/>
		<mineralScore value='24266'/>
		<gasScore value='1016'/>
		<totalScore value='70132'/>
	</enemy>

	<scoreRatio value='1.48705'/>
	<timeFitness value='0.671528'/>
	<unitsAverage value='118'/>
</results>
