<results>
	<result value='loss'/>
	<start value='2015-07-18.21:04:27'/>
	<end value='2015-07-18.21:05:18'/>
	<frames value='41201'/>
	<gameDuration value='2575'/>

	<player>
		<unitScore value='20175'/>
		<killScore value='20450'/>
		<buildingScore value='2675'/>
		<razingScore value='1950'/>
		<mineralScore value='20298'/>
		<gasScore value='3632'/>
		<totalScore value='69180'/>
	</player>

	<enemy>
		<race value='Protoss'/>
		<unitScore value='29175'/>
		<killScore value='40350'/>
		<buildingScore value='7825'/>
		<razingScore value='8025'/>
		<mineralScore value='28838'/>
		<gasScore value='10492'/>
		<totalScore value='124705'/>
	</enemy>

	<scoreRatio value='0.554749'/>
	<timeFitness value='0.357639'/>
	<unitsAverage value='63'/>
</results>
