<results>
	<result value='win'/>
	<start value='2015-05-08.20:48:23'/>
	<end value='2015-05-08.20:48:54'/>
	<frames value='27034'/>
	<gameDuration value='1689'/>

	<player>
		<unitScore value='12000'/>
		<killScore value='20500'/>
		<buildingScore value='4450'/>
		<razingScore value='8400'/>
		<mineralScore value='21750'/>
		<gasScore value='2336'/>
		<totalScore value='69436'/>
	</player>

	<enemy>
		<race value='Terran'/>
		<unitScore value='10550'/>
		<unitScore value='10550'/>
		<killScore value='5400'/>
		<buildingScore value='2800'/>
		<razingScore value='1575'/>
		<mineralScore value='10322'/>
		<gasScore value='3688'/>
		<totalScore value='34335'/>
	</enemy>

	<scoreRatio value='2.02231'/>
	<timeFitness value='0.765417'/>
	<unitsAverage value='77'/>
</results>
