<results>
	<result value='loss'/>
	<start value='2015-05-03.16:30:56'/>
	<end value='2015-05-03.16:31:09'/>
	<frames value='21175'/>
	<gameDuration value='1323'/>

	<player>
		<unitScore value='6325'/>
		<killScore value='2450'/>
		<buildingScore value='2550'/>
		<razingScore value='0'/>
		<mineralScore value='8258'/>
		<gasScore value='992'/>
		<totalScore value='20575'/>
	</player>

	<enemy>
		<race value='Terran'/>
		<unitScore value='7950'/>
		<unitScore value='7950'/>
		<killScore value='12650'/>
		<buildingScore value='2800'/>
		<razingScore value='7650'/>
		<mineralScore value='10882'/>
		<gasScore value='3488'/>
		<totalScore value='45420'/>
	</enemy>

	<scoreRatio value='0.452994'/>
	<timeFitness value='0.18375'/>
	<unitsAverage value='33'/>
</results>
