<results>
	<result value='loss'/>
	<start value='2015-05-03.16:32:42'/>
	<end value='2015-05-03.16:33:25'/>
	<frames value='55895'/>
	<gameDuration value='3493'/>

	<player>
		<unitScore value='19650'/>
		<killScore value='21350'/>
		<buildingScore value='3475'/>
		<razingScore value='1200'/>
		<mineralScore value='22622'/>
		<gasScore value='2576'/>
		<totalScore value='70873'/>
	</player>

	<enemy>
		<race value='Terran'/>
		<unitScore value='24000'/>
		<unitScore value='24000'/>
		<killScore value='39300'/>
		<buildingScore value='4475'/>
		<razingScore value='10425'/>
		<mineralScore value='19542'/>
		<gasScore value='11672'/>
		<totalScore value='109414'/>
	</enemy>

	<scoreRatio value='0.647751'/>
	<timeFitness value='0.485139'/>
	<unitsAverage value='64'/>
</results>
