<results>
	<result value='loss'/>
	<start value='2015-03-27.17:02:03'/>
	<end value='2015-03-27.17:02:36'/>
	<frames value='40116'/>
	<gameDuration value='2507'/>

	<player>
		<unitScore value='16800'/>
		<killScore value='16900'/>
		<buildingScore value='2425'/>
		<razingScore value='300'/>
		<mineralScore value='21370'/>
		<gasScore value='3776'/>
		<totalScore value='61571'/>
	</player>

	<enemy>
		<race value='Protoss'/>
		<unitScore value='27625'/>
		<unitScore value='27625'/>
		<killScore value='33450'/>
		<buildingScore value='7325'/>
		<razingScore value='7275'/>
		<mineralScore value='27570'/>
		<gasScore value='10548'/>
		<totalScore value='113793'/>
	</enemy>

	<scoreRatio value='0.541079'/>
</results>
