<results>
	<result value='win'/>
	<start value='2015-03-27.17:05:21'/>
	<end value='2015-03-27.17:05:59'/>
	<frames value='35528'/>
	<gameDuration value='2220'/>

	<player>
		<unitScore value='19350'/>
		<killScore value='20700'/>
		<buildingScore value='3900'/>
		<razingScore value='20475'/>
		<mineralScore value='24458'/>
		<gasScore value='3432'/>
		<totalScore value='92315'/>
	</player>

	<enemy>
		<race value='Protoss'/>
		<unitScore value='10575'/>
		<unitScore value='10575'/>
		<killScore value='16550'/>
		<buildingScore value='6825'/>
		<razingScore value='1350'/>
		<mineralScore value='20138'/>
		<gasScore value='3952'/>
		<totalScore value='59390'/>
	</enemy>

	<scoreRatio value='1.55439'/>
</results>
