<results>
	<result value='loss'/>
	<start value='2015-03-27.17:06:02'/>
	<end value='2015-03-27.17:07:10'/>
	<frames value='53818'/>
	<gameDuration value='3363'/>

	<player>
		<unitScore value='32700'/>
		<killScore value='37350'/>
		<buildingScore value='2925'/>
		<razingScore value='5475'/>
		<mineralScore value='31558'/>
		<gasScore value='5840'/>
		<totalScore value='115848'/>
	</player>

	<enemy>
		<race value='Protoss'/>
		<unitScore value='32900'/>
		<unitScore value='32900'/>
		<killScore value='65500'/>
		<buildingScore value='8600'/>
		<razingScore value='8775'/>
		<mineralScore value='31478'/>
		<gasScore value='10364'/>
		<totalScore value='157617'/>
	</enemy>

	<scoreRatio value='0.734997'/>
</results>
