<results>
	<result value='loss'/>
	<start value='2015-03-27.17:07:13'/>
	<end value='2015-03-27.17:07:20'/>
	<frames value='13952'/>
	<gameDuration value='872'/>

	<player>
		<unitScore value='3325'/>
		<killScore value='600'/>
		<buildingScore value='1350'/>
		<razingScore value='0'/>
		<mineralScore value='4186'/>
		<gasScore value='392'/>
		<totalScore value='9853'/>
	</player>

	<enemy>
		<race value='Protoss'/>
		<unitScore value='3650'/>
		<unitScore value='3650'/>
		<killScore value='6650'/>
		<buildingScore value='2375'/>
		<razingScore value='4050'/>
		<mineralScore value='6882'/>
		<gasScore value='1184'/>
		<totalScore value='24791'/>
	</enemy>

	<scoreRatio value='0.397443'/>
</results>
