<results>
	<result value='loss'/>
	<start value='2015-05-10.01:53:36'/>
	<end value='2015-05-10.01:53:43'/>
	<frames value='13084'/>
	<gameDuration value='817'/>

	<player>
		<unitScore value='2675'/>
		<killScore value='600'/>
		<buildingScore value='925'/>
		<razingScore value='0'/>
		<mineralScore value='4698'/>
		<gasScore value='656'/>
		<totalScore value='9554'/>
	</player>

	<enemy>
		<race value='Protoss'/>
		<unitScore value='3550'/>
		<unitScore value='3550'/>
		<killScore value='5350'/>
		<buildingScore value='2175'/>
		<razingScore value='2775'/>
		<mineralScore value='6626'/>
		<gasScore value='1168'/>
		<totalScore value='21644'/>
	</enemy>

	<scoreRatio value='0.441416'/>
	<timeFitness value='0.113472'/>
	<unitsAverage value='23'/>
</results>
