<results>
	<result value='win'/>
	<start value='2015-05-10.01:54:50'/>
	<end value='2015-05-10.01:56:56'/>
	<frames value='54438'/>
	<gameDuration value='3402'/>

	<player>
		<unitScore value='32025'/>
		<killScore value='46500'/>
		<buildingScore value='4950'/>
		<razingScore value='17325'/>
		<mineralScore value='41354'/>
		<gasScore value='5792'/>
		<totalScore value='147946'/>
	</player>

	<enemy>
		<race value='Protoss'/>
		<unitScore value='24650'/>
		<unitScore value='24650'/>
		<killScore value='39850'/>
		<buildingScore value='5775'/>
		<razingScore value='300'/>
		<mineralScore value='21654'/>
		<gasScore value='6176'/>
		<totalScore value='98405'/>
	</enemy>

	<scoreRatio value='1.50344'/>
	<timeFitness value='0.5275'/>
	<unitsAverage value='160'/>
</results>
