<results>
	<result value='win'/>
	<start value='2015-05-10.02:03:25'/>
	<end value='2015-05-10.02:04:00'/>
	<frames value='28150'/>
	<gameDuration value='1759'/>

	<player>
		<unitScore value='16975'/>
		<killScore value='15050'/>
		<buildingScore value='3825'/>
		<razingScore value='13575'/>
		<mineralScore value='22082'/>
		<gasScore value='3152'/>
		<totalScore value='74659'/>
	</player>

	<enemy>
		<race value='Protoss'/>
		<unitScore value='7575'/>
		<unitScore value='7575'/>
		<killScore value='11350'/>
		<buildingScore value='4525'/>
		<razingScore value='0'/>
		<mineralScore value='14306'/>
		<gasScore value='3536'/>
		<totalScore value='41292'/>
	</enemy>

	<scoreRatio value='1.80807'/>
	<timeFitness value='0.755694'/>
	<unitsAverage value='89'/>
</results>
