<results>
	<result value='loss'/>
	<start value='2015-05-10.02:10:08'/>
	<end value='2015-05-10.02:10:35'/>
	<frames value='39093'/>
	<gameDuration value='2443'/>

	<player>
		<unitScore value='10375'/>
		<killScore value='10950'/>
		<buildingScore value='2100'/>
		<razingScore value='450'/>
		<mineralScore value='12490'/>
		<gasScore value='2808'/>
		<totalScore value='39173'/>
	</player>

	<enemy>
		<race value='Protoss'/>
		<unitScore value='23775'/>
		<unitScore value='23775'/>
		<killScore value='20750'/>
		<buildingScore value='8075'/>
		<razingScore value='6300'/>
		<mineralScore value='25954'/>
		<gasScore value='9204'/>
		<totalScore value='94058'/>
	</enemy>

	<scoreRatio value='0.416477'/>
	<timeFitness value='0.339306'/>
	<unitsAverage value='38'/>
</results>
