<results>
	<result value='loss'/>
	<start value='2015-04-15.00:21:45'/>
	<end value='2015-04-15.00:22:18'/>
	<frames value='30444'/>
	<gameDuration value='1902'/>

	<player>
		<unitScore value='9050'/>
		<killScore value='8150'/>
		<buildingScore value='2000'/>
		<razingScore value='0'/>
		<mineralScore value='12098'/>
		<gasScore value='2848'/>
		<totalScore value='34146'/>
	</player>

	<enemy>
		<race value='Protoss'/>
		<unitScore value='15500'/>
		<unitScore value='15500'/>
		<killScore value='18100'/>
		<buildingScore value='6875'/>
		<razingScore value='6000'/>
		<mineralScore value='19590'/>
		<gasScore value='7280'/>
		<totalScore value='73345'/>
	</enemy>

	<scoreRatio value='0.465553'/>
</results>
