<results>
	<result value='win'/>
	<start value='2015-05-03.03:45:19'/>
	<end value='2015-05-03.03:45:38'/>
	<frames value='28398'/>
	<gameDuration value='1774'/>

	<player>
		<unitScore value='14750'/>
		<killScore value='11600'/>
		<buildingScore value='3125'/>
		<razingScore value='13875'/>
		<mineralScore value='19050'/>
		<gasScore value='0'/>
		<totalScore value='62400'/>
	</player>

	<enemy>
		<race value='Protoss'/>
		<unitScore value='5800'/>
		<unitScore value='5800'/>
		<killScore value='16800'/>
		<buildingScore value='4625'/>
		<razingScore value='1425'/>
		<mineralScore value='14346'/>
		<gasScore value='3256'/>
		<totalScore value='46252'/>
	</enemy>

	<scoreRatio value='1.34913'/>
	<timeFitness value='0.753611'/>
	<unitsAverage value='71'/>
</results>
