<results>
	<result value='loss'/>
	<start value='2015-05-03.03:45:42'/>
	<end value='2015-05-03.03:45:48'/>
	<frames value='16432'/>
	<gameDuration value='1027'/>

	<player>
		<unitScore value='4000'/>
		<killScore value='1600'/>
		<buildingScore value='1950'/>
		<razingScore value='0'/>
		<mineralScore value='6130'/>
		<gasScore value='0'/>
		<totalScore value='13680'/>
	</player>

	<enemy>
		<race value='Protoss'/>
		<unitScore value='4150'/>
		<unitScore value='4150'/>
		<killScore value='8000'/>
		<buildingScore value='2975'/>
		<razingScore value='5850'/>
		<mineralScore value='8314'/>
		<gasScore value='1688'/>
		<totalScore value='30977'/>
	</enemy>

	<scoreRatio value='0.441618'/>
	<timeFitness value='0.142639'/>
	<unitsAverage value='27'/>
</results>
