<results>
	<result value='draw'/>
	<start value='2015-04-07.18:32:24'/>
	<end value='2015-04-07.18:33:33'/>
	<frames value='57601'/>
	<gameDuration value='3600'/>

	<player>
		<unitScore value='31400'/>
		<killScore value='46600'/>
		<buildingScore value='3350'/>
		<razingScore value='4950'/>
		<mineralScore value='32214'/>
		<gasScore value='6890'/>
		<totalScore value='125404'/>
	</player>

	<enemy>
		<race value='Protoss'/>
		<unitScore value='34765'/>
		<unitScore value='34765'/>
		<killScore value='51000'/>
		<buildingScore value='7075'/>
		<razingScore value='150'/>
		<mineralScore value='30614'/>
		<gasScore value='11228'/>
		<totalScore value='134832'/>
	</enemy>

	<scoreRatio value='0.930076'/>
</results>
