<results>
	<result value='win'/>
	<start value='2015-05-03.10:13:46'/>
	<end value='2015-05-03.10:14:25'/>
	<frames value='37543'/>
	<gameDuration value='2346'/>

	<player>
		<unitScore value='18675'/>
		<killScore value='28150'/>
		<buildingScore value='4375'/>
		<razingScore value='10500'/>
		<mineralScore value='28586'/>
		<gasScore value='4296'/>
		<totalScore value='94582'/>
	</player>

	<enemy>
		<race value='Terran'/>
		<unitScore value='14875'/>
		<unitScore value='14875'/>
		<killScore value='11200'/>
		<buildingScore value='3500'/>
		<razingScore value='300'/>
		<mineralScore value='13202'/>
		<gasScore value='5784'/>
		<totalScore value='48861'/>
	</enemy>

	<scoreRatio value='1.93574'/>
	<timeFitness value='0.674167'/>
	<unitsAverage value='106'/>
</results>
