<results>
	<result value='draw'/>
	<start value='2015-05-08.13:08:09'/>
	<end value='2015-05-08.13:09:06'/>
	<frames value='57601'/>
	<gameDuration value='3600'/>

	<player>
		<unitScore value='25075'/>
		<killScore value='31050'/>
		<buildingScore value='3125'/>
		<razingScore value='3450'/>
		<mineralScore value='26506'/>
		<gasScore value='5824'/>
		<totalScore value='95030'/>
	</player>

	<enemy>
		<race value='Terran'/>
		<unitScore value='26000'/>
		<unitScore value='26000'/>
		<killScore value='42750'/>
		<buildingScore value='5100'/>
		<razingScore value='2700'/>
		<mineralScore value='19510'/>
		<gasScore value='11616'/>
		<totalScore value='107676'/>
	</enemy>

	<scoreRatio value='0.882555'/>
	<timeFitness value='0.5'/>
	<unitsAverage value='89'/>
</results>
