<results>
	<result value='win'/>
	<start value='2015-05-08.13:09:09'/>
	<end value='2015-05-08.13:10:28'/>
	<frames value='49199'/>
	<gameDuration value='3074'/>

	<player>
		<unitScore value='22425'/>
		<killScore value='32800'/>
		<buildingScore value='4625'/>
		<razingScore value='11775'/>
		<mineralScore value='39338'/>
		<gasScore value='8600'/>
		<totalScore value='119563'/>
	</player>

	<enemy>
		<race value='Terran'/>
		<unitScore value='17500'/>
		<unitScore value='17500'/>
		<killScore value='15950'/>
		<buildingScore value='3925'/>
		<razingScore value='2325'/>
		<mineralScore value='23674'/>
		<gasScore value='5970'/>
		<totalScore value='69344'/>
	</enemy>

	<scoreRatio value='1.7242'/>
	<timeFitness value='0.573056'/>
	<unitsAverage value='127'/>
</results>
