<results>
	<result value='loss'/>
	<start value='2015-04-11.02:38:02'/>
	<end value='2015-04-11.02:38:15'/>
	<frames value='16215'/>
	<gameDuration value='1013'/>

	<player>
		<unitScore value='2000'/>
		<killScore value='100'/>
		<buildingScore value='1725'/>
		<razingScore value='0'/>
		<mineralScore value='4314'/>
		<gasScore value='0'/>
		<totalScore value='8139'/>
	</player>

	<enemy>
		<race value='Protoss'/>
		<unitScore value='3600'/>
		<unitScore value='3600'/>
		<killScore value='4000'/>
		<buildingScore value='3075'/>
		<razingScore value='5175'/>
		<mineralScore value='8170'/>
		<gasScore value='1880'/>
		<totalScore value='25900'/>
	</enemy>

	<scoreRatio value='0.314247'/>
</results>
