<results>
	<result value='loss'/>
	<start value='2015-04-11.02:42:51'/>
	<end value='2015-04-11.02:43:02'/>
	<frames value='13859'/>
	<gameDuration value='866'/>

	<player>
		<unitScore value='1600'/>
		<killScore value='200'/>
		<buildingScore value='1225'/>
		<razingScore value='0'/>
		<mineralScore value='2882'/>
		<gasScore value='808'/>
		<totalScore value='6715'/>
	</player>

	<enemy>
		<race value='Protoss'/>
		<unitScore value='3550'/>
		<unitScore value='3550'/>
		<killScore value='2750'/>
		<buildingScore value='2275'/>
		<razingScore value='3675'/>
		<mineralScore value='7202'/>
		<gasScore value='1232'/>
		<totalScore value='20684'/>
	</enemy>

	<scoreRatio value='0.324647'/>
</results>
