<results>
	<result value='loss'/>
	<start value='2015-05-04.19:32:40'/>
	<end value='2015-05-04.19:32:49'/>
	<frames value='17145'/>
	<gameDuration value='1071'/>

	<player>
		<unitScore value='3925'/>
		<killScore value='850'/>
		<buildingScore value='1875'/>
		<razingScore value='0'/>
		<mineralScore value='5754'/>
		<gasScore value='736'/>
		<totalScore value='13140'/>
	</player>

	<enemy>
		<race value='Terran'/>
		<unitScore value='6075'/>
		<unitScore value='6075'/>
		<killScore value='7850'/>
		<buildingScore value='2625'/>
		<razingScore value='5625'/>
		<mineralScore value='7882'/>
		<gasScore value='2688'/>
		<totalScore value='32745'/>
	</enemy>

	<scoreRatio value='0.401283'/>
	<timeFitness value='0.14875'/>
	<unitsAverage value='27'/>
</results>
