<results>
	<result value='loss'/>
	<start value='2015-07-15.08:53:34'/>
	<end value='2015-07-15.08:54:01'/>
	<frames value='33110'/>
	<gameDuration value='2069'/>

	<player>
		<unitScore value='12350'/>
		<killScore value='8450'/>
		<buildingScore value='3900'/>
		<razingScore value='0'/>
		<mineralScore value='21142'/>
		<gasScore value='1624'/>
		<totalScore value='47466'/>
	</player>

	<enemy>
		<race value='Terran'/>
		<unitScore value='11850'/>
		<killScore value='24000'/>
		<buildingScore value='3450'/>
		<razingScore value='11700'/>
		<mineralScore value='16042'/>
		<gasScore value='5184'/>
		<totalScore value='72226'/>
	</enemy>

	<scoreRatio value='0.657187'/>
	<timeFitness value='0.287361'/>
	<unitsAverage value='48'/>
</results>
