<results>
	<result value='win'/>
	<start value='2014-07-06.02:03:40'/>
	<end value='2014-07-06.02:03:54'/>
	<frames value='23438'/>
	<gameDuration value='1464'/>

	<player>
		<unitScore value='11800'/>
		<killScore value='21100'/>
		<buildingScore value='3200'/>
		<razingScore value='8175'/>
		<mineralScore value='17814'/>
		<gasScore value='2544'/>
		<totalScore value='64633'/>
	</player>

	<enemy>
		<race value='Terran'/>
		<unitScore value='10550'/>
		<unitScore value='10550'/>
		<killScore value='7600'/>
		<buildingScore value='2800'/>
		<razingScore value='150'/>
		<mineralScore value='10178'/>
		<gasScore value='3632'/>
		<totalScore value='34910'/>
	</enemy>

	<scoreRatio value='1.85142'/>
</results>
