<results>
	<result value='win'/>
	<start value='2014-07-06.02:06:19'/>
	<end value='2014-07-06.02:07:01'/>
	<frames value='39682'/>
	<gameDuration value='2480'/>

	<player>
		<unitScore value='24200'/>
		<killScore value='30950'/>
		<buildingScore value='4850'/>
		<razingScore value='9975'/>
		<mineralScore value='37794'/>
		<gasScore value='4504'/>
		<totalScore value='112273'/>
	</player>

	<enemy>
		<race value='Terran'/>
		<unitScore value='17425'/>
		<unitScore value='17425'/>
		<killScore value='24650'/>
		<buildingScore value='3325'/>
		<razingScore value='1500'/>
		<mineralScore value='14154'/>
		<gasScore value='6836'/>
		<totalScore value='67890'/>
	</enemy>

	<scoreRatio value='1.65375'/>
</results>
