<results>
	<result value='loss'/>
	<start value='2015-04-13.06:53:57'/>
	<end value='2015-04-13.06:54:41'/>
	<frames value='52981'/>
	<gameDuration value='3311'/>

	<player>
		<unitScore value='29375'/>
		<killScore value='43900'/>
		<buildingScore value='3175'/>
		<razingScore value='900'/>
		<mineralScore value='31526'/>
		<gasScore value='7700'/>
		<totalScore value='116576'/>
	</player>

	<enemy>
		<race value='Protoss'/>
		<unitScore value='37975'/>
		<unitScore value='37975'/>
		<killScore value='58850'/>
		<buildingScore value='6425'/>
		<razingScore value='9525'/>
		<mineralScore value='31550'/>
		<gasScore value='11076'/>
		<totalScore value='155401'/>
	</enemy>

	<scoreRatio value='0.750162'/>
</results>
