<results>
	<result value='loss'/>
	<start value='2015-04-13.06:56:00'/>
	<end value='2015-04-13.06:56:11'/>
	<frames value='19377'/>
	<gameDuration value='1211'/>

	<player>
		<unitScore value='3850'/>
		<killScore value='1200'/>
		<buildingScore value='1700'/>
		<razingScore value='0'/>
		<mineralScore value='6282'/>
		<gasScore value='952'/>
		<totalScore value='13984'/>
	</player>

	<enemy>
		<race value='Protoss'/>
		<unitScore value='5350'/>
		<unitScore value='5350'/>
		<killScore value='7700'/>
		<buildingScore value='4425'/>
		<razingScore value='5100'/>
		<mineralScore value='10994'/>
		<gasScore value='2448'/>
		<totalScore value='36017'/>
	</enemy>

	<scoreRatio value='0.388261'/>
</results>
