<results>
	<result value='loss'/>
	<start value='2015-07-12.11:36:10'/>
	<end value='2015-07-12.11:36:18'/>
	<frames value='17920'/>
	<gameDuration value='1120'/>

	<player>
		<unitScore value='5625'/>
		<killScore value='300'/>
		<buildingScore value='2175'/>
		<razingScore value='0'/>
		<mineralScore value='7346'/>
		<gasScore value='968'/>
		<totalScore value='16414'/>
	</player>

	<enemy>
		<race value='Terran'/>
		<unitScore value='6450'/>
		<killScore value='11250'/>
		<buildingScore value='2850'/>
		<razingScore value='6525'/>
		<mineralScore value='8098'/>
		<gasScore value='2568'/>
		<totalScore value='37741'/>
	</enemy>

	<scoreRatio value='0.434912'/>
	<timeFitness value='0.155556'/>
	<unitsAverage value='29'/>
</results>
