<results>
	<result value='loss'/>
	<start value='2015-07-12.11:44:15'/>
	<end value='2015-07-12.11:44:23'/>
	<frames value='17021'/>
	<gameDuration value='1063'/>

	<player>
		<unitScore value='4525'/>
		<killScore value='500'/>
		<buildingScore value='2075'/>
		<razingScore value='0'/>
		<mineralScore value='6362'/>
		<gasScore value='816'/>
		<totalScore value='14278'/>
	</player>

	<enemy>
		<race value='Terran'/>
		<unitScore value='5450'/>
		<killScore value='9050'/>
		<buildingScore value='1950'/>
		<razingScore value='6225'/>
		<mineralScore value='7746'/>
		<gasScore value='2720'/>
		<totalScore value='33141'/>
	</enemy>

	<scoreRatio value='0.430826'/>
	<timeFitness value='0.147639'/>
	<unitsAverage value='28'/>
</results>
