<results>
	<result value='loss'/>
	<start value='2015-07-12.11:49:41'/>
	<end value='2015-07-12.11:49:49'/>
	<frames value='18168'/>
	<gameDuration value='1135'/>

	<player>
		<unitScore value='5950'/>
		<killScore value='1300'/>
		<buildingScore value='2375'/>
		<razingScore value='0'/>
		<mineralScore value='7850'/>
		<gasScore value='824'/>
		<totalScore value='18299'/>
	</player>

	<enemy>
		<race value='Terran'/>
		<unitScore value='6750'/>
		<killScore value='11900'/>
		<buildingScore value='2750'/>
		<razingScore value='7125'/>
		<mineralScore value='8186'/>
		<gasScore value='2904'/>
		<totalScore value='39615'/>
	</enemy>

	<scoreRatio value='0.461921'/>
	<timeFitness value='0.157639'/>
	<unitsAverage value='29'/>
</results>
