<results>
	<result value='loss'/>
	<start value='2015-04-17.00:46:29'/>
	<end value='2015-04-17.00:46:47'/>
	<frames value='18726'/>
	<gameDuration value='1170'/>

	<player>
		<unitScore value='5650'/>
		<killScore value='2100'/>
		<buildingScore value='2175'/>
		<razingScore value='0'/>
		<mineralScore value='8354'/>
		<gasScore value='1032'/>
		<totalScore value='19311'/>
	</player>

	<enemy>
		<race value='Protoss'/>
		<unitScore value='5225'/>
		<unitScore value='5225'/>
		<killScore value='11300'/>
		<buildingScore value='3475'/>
		<razingScore value='6525'/>
		<mineralScore value='9370'/>
		<gasScore value='2544'/>
		<totalScore value='38439'/>
	</enemy>

	<scoreRatio value='0.50238'/>
</results>
