<results>
	<result value='loss'/>
	<start value='2015-04-17.00:49:47'/>
	<end value='2015-04-17.00:51:01'/>
	<frames value='46192'/>
	<gameDuration value='2887'/>

	<player>
		<unitScore value='23100'/>
		<killScore value='32100'/>
		<buildingScore value='2375'/>
		<razingScore value='300'/>
		<mineralScore value='24002'/>
		<gasScore value='5130'/>
		<totalScore value='87007'/>
	</player>

	<enemy>
		<race value='Protoss'/>
		<unitScore value='36000'/>
		<unitScore value='36000'/>
		<killScore value='46200'/>
		<buildingScore value='7575'/>
		<razingScore value='7125'/>
		<mineralScore value='32402'/>
		<gasScore value='12526'/>
		<totalScore value='141828'/>
	</enemy>

	<scoreRatio value='0.613468'/>
</results>
