<results>
	<result value='win'/>
	<start value='2015-05-11.06:13:27'/>
	<end value='2015-05-11.06:14:23'/>
	<frames value='33947'/>
	<gameDuration value='2121'/>

	<player>
		<unitScore value='22600'/>
		<killScore value='46640'/>
		<buildingScore value='3375'/>
		<razingScore value='6615'/>
		<mineralScore value='26362'/>
		<gasScore value='2792'/>
		<totalScore value='108384'/>
	</player>

	<enemy>
		<race value='Zerg'/>
		<unitScore value='20525'/>
		<unitScore value='20525'/>
		<killScore value='23350'/>
		<buildingScore value='2205'/>
		<razingScore value='0'/>
		<mineralScore value='17882'/>
		<gasScore value='6256'/>
		<totalScore value='70218'/>
	</enemy>

	<scoreRatio value='1.54354'/>
	<timeFitness value='0.705417'/>
	<unitsAverage value='97'/>
</results>
