<results>
	<result value='draw'/>
	<start value='2015-05-07.11:15:25'/>
	<end value='2015-05-07.11:16:02'/>
	<frames value='57601'/>
	<gameDuration value='3600'/>

	<player>
		<unitScore value='20925'/>
		<killScore value='35650'/>
		<buildingScore value='2875'/>
		<razingScore value='2625'/>
		<mineralScore value='23946'/>
		<gasScore value='5134'/>
		<totalScore value='91155'/>
	</player>

	<enemy>
		<race value='Terran'/>
		<unitScore value='29750'/>
		<unitScore value='29750'/>
		<killScore value='38200'/>
		<buildingScore value='4850'/>
		<razingScore value='2025'/>
		<mineralScore value='21982'/>
		<gasScore value='13506'/>
		<totalScore value='110313'/>
	</enemy>

	<scoreRatio value='0.826331'/>
	<timeFitness value='0.5'/>
	<unitsAverage value='58'/>
</results>
