<results>
	<result value='draw'/>
	<start value='2015-05-02.15:01:53'/>
	<end value='2015-05-02.15:03:43'/>
	<frames value='57601'/>
	<gameDuration value='3600'/>

	<player>
		<unitScore value='37700'/>
		<killScore value='34600'/>
		<buildingScore value='6350'/>
		<razingScore value='12300'/>
		<mineralScore value='43070'/>
		<gasScore value='7196'/>
		<totalScore value='141216'/>
	</player>

	<enemy>
		<race value='Terran'/>
		<unitScore value='25100'/>
		<unitScore value='25100'/>
		<killScore value='43800'/>
		<buildingScore value='5100'/>
		<razingScore value='8775'/>
		<mineralScore value='19550'/>
		<gasScore value='11474'/>
		<totalScore value='113799'/>
	</enemy>

	<scoreRatio value='1.24092'/>
	<timeFitness value='0.5'/>
	<unitsAverage value='121'/>
</results>
