<results>
	<result value='loss'/>
	<start value='2015-05-07.11:21:13'/>
	<end value='2015-05-07.11:21:20'/>
	<frames value='16587'/>
	<gameDuration value='1036'/>

	<player>
		<unitScore value='4750'/>
		<killScore value='1350'/>
		<buildingScore value='1825'/>
		<razingScore value='0'/>
		<mineralScore value='6626'/>
		<gasScore value='0'/>
		<totalScore value='14551'/>
	</player>

	<enemy>
		<race value='Terran'/>
		<unitScore value='5750'/>
		<unitScore value='5750'/>
		<killScore value='9500'/>
		<buildingScore value='1900'/>
		<razingScore value='5475'/>
		<mineralScore value='7498'/>
		<gasScore value='2640'/>
		<totalScore value='32763'/>
	</enemy>

	<scoreRatio value='0.444129'/>
	<timeFitness value='0.143889'/>
	<unitsAverage value='27'/>
</results>
