<results>
	<result value='draw'/>
	<start value='2015-04-07.18:19:49'/>
	<end value='2015-04-07.18:20:34'/>
	<frames value='57601'/>
	<gameDuration value='3600'/>

	<player>
		<unitScore value='24525'/>
		<killScore value='41300'/>
		<buildingScore value='3125'/>
		<razingScore value='13200'/>
		<mineralScore value='26914'/>
		<gasScore value='4248'/>
		<totalScore value='113312'/>
	</player>

	<enemy>
		<race value='Protoss'/>
		<unitScore value='24400'/>
		<unitScore value='24400'/>
		<killScore value='44100'/>
		<buildingScore value='10750'/>
		<razingScore value='5325'/>
		<mineralScore value='29506'/>
		<gasScore value='12960'/>
		<totalScore value='127041'/>
	</enemy>

	<scoreRatio value='0.891933'/>
</results>
