<results>
	<result value='win'/>
	<start value='2015-05-10.05:39:52'/>
	<end value='2015-05-10.05:40:15'/>
	<frames value='25856'/>
	<gameDuration value='1616'/>

	<player>
		<unitScore value='16175'/>
		<killScore value='26170'/>
		<buildingScore value='2900'/>
		<razingScore value='5040'/>
		<mineralScore value='19066'/>
		<gasScore value='2808'/>
		<totalScore value='72159'/>
	</player>

	<enemy>
		<race value='Zerg'/>
		<unitScore value='11500'/>
		<unitScore value='11500'/>
		<killScore value='18550'/>
		<buildingScore value='1680'/>
		<razingScore value='0'/>
		<mineralScore value='10822'/>
		<gasScore value='3136'/>
		<totalScore value='45688'/>
	</enemy>

	<scoreRatio value='1.57939'/>
	<timeFitness value='0.775556'/>
	<unitsAverage value='72'/>
</results>
