<results>
	<result value='win'/>
	<start value='2015-05-10.05:42:39'/>
	<end value='2015-05-10.05:43:02'/>
	<frames value='25887'/>
	<gameDuration value='1617'/>

	<player>
		<unitScore value='16175'/>
		<killScore value='20480'/>
		<buildingScore value='3725'/>
		<razingScore value='4710'/>
		<mineralScore value='19954'/>
		<gasScore value='2224'/>
		<totalScore value='67268'/>
	</player>

	<enemy>
		<race value='Zerg'/>
		<unitScore value='9600'/>
		<unitScore value='9600'/>
		<killScore value='16300'/>
		<buildingScore value='1570'/>
		<razingScore value='0'/>
		<mineralScore value='9290'/>
		<gasScore value='2504'/>
		<totalScore value='39264'/>
	</enemy>

	<scoreRatio value='1.71322'/>
	<timeFitness value='0.775417'/>
	<unitsAverage value='75'/>
</results>
