<results>
	<result value='win'/>
	<start value='2015-05-10.05:45:42'/>
	<end value='2015-05-10.05:45:57'/>
	<frames value='20369'/>
	<gameDuration value='1273'/>

	<player>
		<unitScore value='8350'/>
		<killScore value='18550'/>
		<buildingScore value='2225'/>
		<razingScore value='4560'/>
		<mineralScore value='12674'/>
		<gasScore value='2176'/>
		<totalScore value='48535'/>
	</player>

	<enemy>
		<race value='Zerg'/>
		<unitScore value='8925'/>
		<unitScore value='8925'/>
		<killScore value='5550'/>
		<buildingScore value='1520'/>
		<razingScore value='0'/>
		<mineralScore value='8562'/>
		<gasScore value='2560'/>
		<totalScore value='27117'/>
	</enemy>

	<scoreRatio value='1.78984'/>
	<timeFitness value='0.823194'/>
	<unitsAverage value='57'/>
</results>
