<results>
	<result value='loss'/>
	<start value='2015-04-26.10:37:24'/>
	<end value='2015-04-26.10:37:34'/>
	<frames value='17641'/>
	<gameDuration value='1102'/>

	<player>
		<unitScore value='4150'/>
		<killScore value='950'/>
		<buildingScore value='1000'/>
		<razingScore value='0'/>
		<mineralScore value='6386'/>
		<gasScore value='0'/>
		<totalScore value='12486'/>
	</player>

	<enemy>
		<race value='Terran'/>
		<unitScore value='6475'/>
		<unitScore value='6475'/>
		<killScore value='8300'/>
		<buildingScore value='2700'/>
		<razingScore value='3000'/>
		<mineralScore value='8154'/>
		<gasScore value='2792'/>
		<totalScore value='31421'/>
	</enemy>

	<scoreRatio value='0.397378'/>
</results>
