<results>
	<result value='win'/>
	<start value='2015-04-26.10:46:06'/>
	<end value='2015-04-26.10:46:37'/>
	<frames value='26104'/>
	<gameDuration value='1631'/>

	<player>
		<unitScore value='14575'/>
		<killScore value='23300'/>
		<buildingScore value='4025'/>
		<razingScore value='6900'/>
		<mineralScore value='18918'/>
		<gasScore value='2120'/>
		<totalScore value='69838'/>
	</player>

	<enemy>
		<race value='Terran'/>
		<unitScore value='11650'/>
		<unitScore value='11650'/>
		<killScore value='5850'/>
		<buildingScore value='2300'/>
		<razingScore value='1875'/>
		<mineralScore value='11226'/>
		<gasScore value='3752'/>
		<totalScore value='36653'/>
	</enemy>

	<scoreRatio value='1.90538'/>
</results>
