<results>
	<result value='win'/>
	<start value='2015-04-26.10:48:26'/>
	<end value='2015-04-26.10:49:56'/>
	<frames value='49788'/>
	<gameDuration value='3111'/>

	<player>
		<unitScore value='26675'/>
		<killScore value='48400'/>
		<buildingScore value='4375'/>
		<razingScore value='10800'/>
		<mineralScore value='39426'/>
		<gasScore value='5280'/>
		<totalScore value='134956'/>
	</player>

	<enemy>
		<race value='Terran'/>
		<unitScore value='24200'/>
		<unitScore value='24200'/>
		<killScore value='29500'/>
		<buildingScore value='3600'/>
		<razingScore value='1575'/>
		<mineralScore value='21738'/>
		<gasScore value='5948'/>
		<totalScore value='86561'/>
	</enemy>

	<scoreRatio value='1.55909'/>
</results>
