<results>
	<result value='loss'/>
	<start value='2015-04-28.15:05:25'/>
	<end value='2015-04-28.15:05:56'/>
	<frames value='28460'/>
	<gameDuration value='1778'/>

	<player>
		<unitScore value='7450'/>
		<killScore value='10775'/>
		<buildingScore value='2200'/>
		<razingScore value='0'/>
		<mineralScore value='8594'/>
		<gasScore value='1104'/>
		<totalScore value='30123'/>
	</player>

	<enemy>
		<race value='Zerg'/>
		<unitScore value='16800'/>
		<unitScore value='16800'/>
		<killScore value='14900'/>
		<buildingScore value='3410'/>
		<razingScore value='6600'/>
		<mineralScore value='17586'/>
		<gasScore value='6200'/>
		<totalScore value='65496'/>
	</enemy>

	<scoreRatio value='0.459921'/>
</results>
