<results>
	<result value='win'/>
	<start value='2015-04-28.15:06:00'/>
	<end value='2015-04-28.15:06:31'/>
	<frames value='28646'/>
	<gameDuration value='1790'/>

	<player>
		<unitScore value='18150'/>
		<killScore value='32340'/>
		<buildingScore value='2100'/>
		<razingScore value='4560'/>
		<mineralScore value='21390'/>
		<gasScore value='0'/>
		<totalScore value='78540'/>
	</player>

	<enemy>
		<race value='Zerg'/>
		<unitScore value='13925'/>
		<unitScore value='13925'/>
		<killScore value='25500'/>
		<buildingScore value='1520'/>
		<razingScore value='0'/>
		<mineralScore value='10970'/>
		<gasScore value='3248'/>
		<totalScore value='55163'/>
	</enemy>

	<scoreRatio value='1.42378'/>
</results>
