<results>
	<result value='draw'/>
	<start value='2015-04-28.15:16:06'/>
	<end value='2015-04-28.15:18:12'/>
	<frames value='57601'/>
	<gameDuration value='3600'/>

	<player>
		<unitScore value='33075'/>
		<killScore value='70780'/>
		<buildingScore value='4075'/>
		<razingScore value='6330'/>
		<mineralScore value='33038'/>
		<gasScore value='5864'/>
		<totalScore value='153162'/>
	</player>

	<enemy>
		<race value='Zerg'/>
		<unitScore value='34550'/>
		<unitScore value='34550'/>
		<killScore value='54450'/>
		<buildingScore value='4275'/>
		<razingScore value='2250'/>
		<mineralScore value='28658'/>
		<gasScore value='11508'/>
		<totalScore value='135691'/>
	</enemy>

	<scoreRatio value='1.12876'/>
</results>
