<results>
	<result value='loss'/>
	<start value='2015-05-10.03:31:03'/>
	<end value='2015-05-10.03:31:15'/>
	<frames value='15905'/>
	<gameDuration value='994'/>

	<player>
		<unitScore value='3700'/>
		<killScore value='3700'/>
		<buildingScore value='1200'/>
		<razingScore value='300'/>
		<mineralScore value='4906'/>
		<gasScore value='576'/>
		<totalScore value='14382'/>
	</player>

	<enemy>
		<race value='Protoss'/>
		<unitScore value='3500'/>
		<unitScore value='3500'/>
		<killScore value='5900'/>
		<buildingScore value='3525'/>
		<razingScore value='3600'/>
		<mineralScore value='7690'/>
		<gasScore value='1496'/>
		<totalScore value='25711'/>
	</enemy>

	<scoreRatio value='0.559371'/>
	<timeFitness value='0.138056'/>
	<unitsAverage value='27'/>
</results>
