<results>
	<result value='loss'/>
	<start value='2015-05-10.03:41:50'/>
	<end value='2015-05-10.03:42:27'/>
	<frames value='35373'/>
	<gameDuration value='2210'/>

	<player>
		<unitScore value='13050'/>
		<killScore value='9950'/>
		<buildingScore value='2725'/>
		<razingScore value='900'/>
		<mineralScore value='18858'/>
		<gasScore value='776'/>
		<totalScore value='46259'/>
	</player>

	<enemy>
		<race value='Protoss'/>
		<unitScore value='19375'/>
		<unitScore value='19375'/>
		<killScore value='25800'/>
		<buildingScore value='7325'/>
		<razingScore value='8175'/>
		<mineralScore value='22210'/>
		<gasScore value='7994'/>
		<totalScore value='90879'/>
	</enemy>

	<scoreRatio value='0.509017'/>
	<timeFitness value='0.306944'/>
	<unitsAverage value='59'/>
</results>
