<results>
	<result value='win'/>
	<start value='2015-05-03.19:20:46'/>
	<end value='2015-05-03.19:21:34'/>
	<frames value='37233'/>
	<gameDuration value='2327'/>

	<player>
		<unitScore value='24200'/>
		<killScore value='25450'/>
		<buildingScore value='4575'/>
		<razingScore value='8700'/>
		<mineralScore value='40170'/>
		<gasScore value='4296'/>
		<totalScore value='107391'/>
	</player>

	<enemy>
		<race value='Terran'/>
		<unitScore value='12725'/>
		<unitScore value='12725'/>
		<killScore value='24350'/>
		<buildingScore value='2900'/>
		<razingScore value='750'/>
		<mineralScore value='12050'/>
		<gasScore value='5316'/>
		<totalScore value='58091'/>
	</enemy>

	<scoreRatio value='1.84867'/>
	<timeFitness value='0.676806'/>
	<unitsAverage value='122'/>
</results>
