<results>
	<result value='loss'/>
	<start value='2015-05-03.19:30:14'/>
	<end value='2015-05-03.19:30:22'/>
	<frames value='15316'/>
	<gameDuration value='957'/>

	<player>
		<unitScore value='3350'/>
		<killScore value='100'/>
		<buildingScore value='1500'/>
		<razingScore value='0'/>
		<mineralScore value='4410'/>
		<gasScore value='888'/>
		<totalScore value='10248'/>
	</player>

	<enemy>
		<race value='Terran'/>
		<unitScore value='5000'/>
		<unitScore value='5000'/>
		<killScore value='6700'/>
		<buildingScore value='1600'/>
		<razingScore value='4500'/>
		<mineralScore value='6954'/>
		<gasScore value='2176'/>
		<totalScore value='26930'/>
	</enemy>

	<scoreRatio value='0.380542'/>
	<timeFitness value='0.132917'/>
	<unitsAverage value='22'/>
</results>
