<results>
	<result value='loss'/>
	<start value='2015-05-03.19:37:00'/>
	<end value='2015-05-03.19:37:13'/>
	<frames value='22725'/>
	<gameDuration value='1420'/>

	<player>
		<unitScore value='8100'/>
		<killScore value='4750'/>
		<buildingScore value='1975'/>
		<razingScore value='0'/>
		<mineralScore value='10610'/>
		<gasScore value='0'/>
		<totalScore value='25435'/>
	</player>

	<enemy>
		<race value='Terran'/>
		<unitScore value='8375'/>
		<unitScore value='8375'/>
		<killScore value='16200'/>
		<buildingScore value='3225'/>
		<razingScore value='5925'/>
		<mineralScore value='10974'/>
		<gasScore value='4312'/>
		<totalScore value='49011'/>
	</enemy>

	<scoreRatio value='0.518965'/>
	<timeFitness value='0.197222'/>
	<unitsAverage value='33'/>
</results>
