<results>
	<result value='loss'/>
	<start value='2015-07-14.22:25:39'/>
	<end value='2015-07-14.22:27:23'/>
	<frames value='55802'/>
	<gameDuration value='3487'/>

	<player>
		<unitScore value='39650'/>
		<killScore value='41600'/>
		<buildingScore value='3800'/>
		<razingScore value='900'/>
		<mineralScore value='31562'/>
		<gasScore value='7552'/>
		<totalScore value='125064'/>
	</player>

	<enemy>
		<race value='Protoss'/>
		<unitScore value='33950'/>
		<killScore value='69250'/>
		<buildingScore value='7675'/>
		<razingScore value='11400'/>
		<mineralScore value='30674'/>
		<gasScore value='11950'/>
		<totalScore value='164899'/>
	</enemy>

	<scoreRatio value='0.758428'/>
	<timeFitness value='0.484306'/>
	<unitsAverage value='130'/>
</results>
