<results>
	<result value='loss'/>
	<start value='2015-07-14.22:34:59'/>
	<end value='2015-07-14.22:36:03'/>
	<frames value='52082'/>
	<gameDuration value='3255'/>

	<player>
		<unitScore value='29375'/>
		<killScore value='25350'/>
		<buildingScore value='3075'/>
		<razingScore value='2400'/>
		<mineralScore value='24258'/>
		<gasScore value='5122'/>
		<totalScore value='89580'/>
	</player>

	<enemy>
		<race value='Protoss'/>
		<unitScore value='34435'/>
		<killScore value='45750'/>
		<buildingScore value='8125'/>
		<razingScore value='9225'/>
		<mineralScore value='36370'/>
		<gasScore value='11200'/>
		<totalScore value='145105'/>
	</enemy>

	<scoreRatio value='0.617346'/>
	<timeFitness value='0.452083'/>
	<unitsAverage value='110'/>
</results>
