<results>
	<result value='loss'/>
	<start value='2015-07-14.22:39:11'/>
	<end value='2015-07-14.22:39:20'/>
	<frames value='19377'/>
	<gameDuration value='1211'/>

	<player>
		<unitScore value='6550'/>
		<killScore value='2250'/>
		<buildingScore value='2000'/>
		<razingScore value='0'/>
		<mineralScore value='7242'/>
		<gasScore value='1136'/>
		<totalScore value='19178'/>
	</player>

	<enemy>
		<race value='Protoss'/>
		<unitScore value='5475'/>
		<killScore value='12800'/>
		<buildingScore value='4275'/>
		<razingScore value='6000'/>
		<mineralScore value='10066'/>
		<gasScore value='2896'/>
		<totalScore value='41512'/>
	</enemy>

	<scoreRatio value='0.461987'/>
	<timeFitness value='0.168194'/>
	<unitsAverage value='30'/>
</results>
