<results>
	<result value='win'/>
	<start value='2015-05-04.01:24:17'/>
	<end value='2015-05-04.01:24:31'/>
	<frames value='20617'/>
	<gameDuration value='1288'/>

	<player>
		<unitScore value='8175'/>
		<killScore value='14000'/>
		<buildingScore value='2750'/>
		<razingScore value='4575'/>
		<mineralScore value='13418'/>
		<gasScore value='1536'/>
		<totalScore value='44454'/>
	</player>

	<enemy>
		<race value='Terran'/>
		<unitScore value='7000'/>
		<unitScore value='7000'/>
		<killScore value='4650'/>
		<buildingScore value='1600'/>
		<razingScore value='0'/>
		<mineralScore value='7594'/>
		<gasScore value='2392'/>
		<totalScore value='23236'/>
	</enemy>

	<scoreRatio value='1.91315'/>
	<timeFitness value='0.821111'/>
	<unitsAverage value='57'/>
</results>
