<results>
	<result value='loss'/>
	<start value='2015-05-04.01:34:28'/>
	<end value='2015-05-04.01:34:39'/>
	<frames value='19594'/>
	<gameDuration value='1224'/>

	<player>
		<unitScore value='5225'/>
		<killScore value='3900'/>
		<buildingScore value='1925'/>
		<razingScore value='0'/>
		<mineralScore value='7178'/>
		<gasScore value='912'/>
		<totalScore value='19140'/>
	</player>

	<enemy>
		<race value='Terran'/>
		<unitScore value='7275'/>
		<unitScore value='7275'/>
		<killScore value='10450'/>
		<buildingScore value='2800'/>
		<razingScore value='5775'/>
		<mineralScore value='9138'/>
		<gasScore value='3392'/>
		<totalScore value='38830'/>
	</enemy>

	<scoreRatio value='0.492918'/>
	<timeFitness value='0.17'/>
	<unitsAverage value='27'/>
</results>
