<results>
	<result value='win'/>
	<start value='2015-05-04.01:38:20'/>
	<end value='2015-05-04.01:38:42'/>
	<frames value='24089'/>
	<gameDuration value='1505'/>

	<player>
		<unitScore value='14750'/>
		<killScore value='20450'/>
		<buildingScore value='3050'/>
		<razingScore value='8550'/>
		<mineralScore value='18506'/>
		<gasScore value='1432'/>
		<totalScore value='66738'/>
	</player>

	<enemy>
		<race value='Terran'/>
		<unitScore value='10225'/>
		<unitScore value='10225'/>
		<killScore value='10750'/>
		<buildingScore value='2850'/>
		<razingScore value='0'/>
		<mineralScore value='10466'/>
		<gasScore value='4208'/>
		<totalScore value='38499'/>
	</enemy>

	<scoreRatio value='1.7335'/>
	<timeFitness value='0.790972'/>
	<unitsAverage value='79'/>
</results>
