<results>
	<result value='loss'/>
	<start value='2015-04-10.22:14:51'/>
	<end value='2015-04-10.22:16:06'/>
	<frames value='48145'/>
	<gameDuration value='3009'/>

	<player>
		<unitScore value='22550'/>
		<killScore value='48300'/>
		<buildingScore value='2750'/>
		<razingScore value='1350'/>
		<mineralScore value='23994'/>
		<gasScore value='4888'/>
		<totalScore value='103832'/>
	</player>

	<enemy>
		<race value='Protoss'/>
		<unitScore value='43175'/>
		<unitScore value='43175'/>
		<killScore value='45100'/>
		<buildingScore value='7625'/>
		<razingScore value='8250'/>
		<mineralScore value='34670'/>
		<gasScore value='12156'/>
		<totalScore value='150976'/>
	</enemy>

	<scoreRatio value='0.687738'/>
</results>
