<results>
	<result value='loss'/>
	<start value='2015-04-10.22:16:10'/>
	<end value='2015-04-10.22:16:25'/>
	<frames value='16618'/>
	<gameDuration value='1038'/>

	<player>
		<unitScore value='4250'/>
		<killScore value='1200'/>
		<buildingScore value='1375'/>
		<razingScore value='0'/>
		<mineralScore value='5690'/>
		<gasScore value='712'/>
		<totalScore value='13227'/>
	</player>

	<enemy>
		<race value='Protoss'/>
		<unitScore value='3600'/>
		<unitScore value='3600'/>
		<killScore value='8500'/>
		<buildingScore value='3975'/>
		<razingScore value='4125'/>
		<mineralScore value='8770'/>
		<gasScore value='1584'/>
		<totalScore value='30554'/>
	</enemy>

	<scoreRatio value='0.432906'/>
</results>
