<results>
	<result value='loss'/>
	<start value='2015-05-11.10:46:41'/>
	<end value='2015-05-11.10:46:57'/>
	<frames value='20772'/>
	<gameDuration value='1298'/>

	<player>
		<unitScore value='4000'/>
		<killScore value='3400'/>
		<buildingScore value='1675'/>
		<razingScore value='0'/>
		<mineralScore value='6066'/>
		<gasScore value='1408'/>
		<totalScore value='16549'/>
	</player>

	<enemy>
		<race value='Zerg'/>
		<unitScore value='7775'/>
		<unitScore value='7775'/>
		<killScore value='8000'/>
		<buildingScore value='1735'/>
		<razingScore value='5025'/>
		<mineralScore value='8146'/>
		<gasScore value='2376'/>
		<totalScore value='33057'/>
	</enemy>

	<scoreRatio value='0.50062'/>
	<timeFitness value='0.180278'/>
	<unitsAverage value='22'/>
</results>
