<results>
	<result value='win'/>
	<start value='2015-04-30.17:08:13'/>
	<end value='2015-04-30.17:08:40'/>
	<frames value='23221'/>
	<gameDuration value='1451'/>

	<player>
		<unitScore value='15225'/>
		<killScore value='20390'/>
		<buildingScore value='3050'/>
		<razingScore value='5805'/>
		<mineralScore value='20194'/>
		<gasScore value='1424'/>
		<totalScore value='66088'/>
	</player>

	<enemy>
		<race value='Zerg'/>
		<unitScore value='10025'/>
		<unitScore value='10025'/>
		<killScore value='13850'/>
		<buildingScore value='1935'/>
		<razingScore value='0'/>
		<mineralScore value='9314'/>
		<gasScore value='2336'/>
		<totalScore value='37460'/>
	</enemy>

	<scoreRatio value='1.76423'/>
	<timeFitness value='0.798472'/>
	<unitsAverage value='82'/>
</results>
