<results>
	<result value='win'/>
	<start value='2014-07-23.22:57:30'/>
	<end value='2014-07-23.22:57:48'/>
	<frames value='24244'/>
	<gameDuration value='1515'/>

	<player>
		<unitScore value='12275'/>
		<killScore value='19850'/>
		<buildingScore value='4200'/>
		<razingScore value='6900'/>
		<mineralScore value='18158'/>
		<gasScore value='2576'/>
		<totalScore value='63959'/>
	</player>

	<enemy>
		<race value='Terran'/>
		<unitScore value='10325'/>
		<unitScore value='10325'/>
		<killScore value='8400'/>
		<buildingScore value='2300'/>
		<razingScore value='1725'/>
		<mineralScore value='10234'/>
		<gasScore value='3152'/>
		<totalScore value='36136'/>
	</enemy>

	<scoreRatio value='1.76995'/>
</results>
