<results>
	<result value='loss'/>
	<start value='2015-07-11.15:46:39'/>
	<end value='2015-07-11.15:46:54'/>
	<frames value='22105'/>
	<gameDuration value='1381'/>

	<player>
		<unitScore value='8100'/>
		<killScore value='3050'/>
		<buildingScore value='2900'/>
		<razingScore value='0'/>
		<mineralScore value='9346'/>
		<gasScore value='1640'/>
		<totalScore value='25036'/>
	</player>

	<enemy>
		<race value='Terran'/>
		<unitScore value='9425'/>
		<killScore value='13700'/>
		<buildingScore value='3550'/>
		<razingScore value='8700'/>
		<mineralScore value='10786'/>
		<gasScore value='4224'/>
		<totalScore value='50385'/>
	</enemy>

	<scoreRatio value='0.496894'/>
	<timeFitness value='0.191806'/>
	<unitsAverage value='40'/>
</results>
