<results>
	<result value='loss'/>
	<start value='2015-04-27.19:10:39'/>
	<end value='2015-04-27.19:10:52'/>
	<frames value='17827'/>
	<gameDuration value='1114'/>

	<player>
		<unitScore value='4850'/>
		<killScore value='700'/>
		<buildingScore value='2050'/>
		<razingScore value='0'/>
		<mineralScore value='7250'/>
		<gasScore value='992'/>
		<totalScore value='15842'/>
	</player>

	<enemy>
		<race value='Terran'/>
		<unitScore value='6050'/>
		<unitScore value='6050'/>
		<killScore value='9700'/>
		<buildingScore value='2625'/>
		<razingScore value='6150'/>
		<mineralScore value='8178'/>
		<gasScore value='2496'/>
		<totalScore value='35199'/>
	</enemy>

	<scoreRatio value='0.45007'/>
</results>
