<results>
	<result value='loss'/>
	<start value='2015-04-27.19:25:54'/>
	<end value='2015-04-27.19:26:08'/>
	<frames value='18943'/>
	<gameDuration value='1183'/>

	<player>
		<unitScore value='3750'/>
		<killScore value='1450'/>
		<buildingScore value='1925'/>
		<razingScore value='0'/>
		<mineralScore value='5818'/>
		<gasScore value='920'/>
		<totalScore value='13863'/>
	</player>

	<enemy>
		<race value='Terran'/>
		<unitScore value='7200'/>
		<unitScore value='7200'/>
		<killScore value='7500'/>
		<buildingScore value='2850'/>
		<razingScore value='5775'/>
		<mineralScore value='8762'/>
		<gasScore value='3320'/>
		<totalScore value='35407'/>
	</enemy>

	<scoreRatio value='0.391533'/>
</results>
