<results>
	<result value='win'/>
	<start value='2015-04-11.20:18:18'/>
	<end value='2015-04-11.20:19:10'/>
	<frames value='28584'/>
	<gameDuration value='1786'/>

	<player>
		<unitScore value='16350'/>
		<killScore value='16900'/>
		<buildingScore value='2775'/>
		<razingScore value='14925'/>
		<mineralScore value='21938'/>
		<gasScore value='2992'/>
		<totalScore value='75880'/>
	</player>

	<enemy>
		<race value='Protoss'/>
		<unitScore value='8450'/>
		<unitScore value='8450'/>
		<killScore value='9500'/>
		<buildingScore value='4975'/>
		<razingScore value='0'/>
		<mineralScore value='16330'/>
		<gasScore value='2296'/>
		<totalScore value='41551'/>
	</enemy>

	<scoreRatio value='1.82619'/>
</results>
