<results>
	<result value='loss'/>
	<start value='2015-04-17.03:41:22'/>
	<end value='2015-04-17.03:41:40'/>
	<frames value='19129'/>
	<gameDuration value='1195'/>

	<player>
		<unitScore value='4900'/>
		<killScore value='1200'/>
		<buildingScore value='2000'/>
		<razingScore value='0'/>
		<mineralScore value='6666'/>
		<gasScore value='752'/>
		<totalScore value='15518'/>
	</player>

	<enemy>
		<race value='Protoss'/>
		<unitScore value='5425'/>
		<unitScore value='5425'/>
		<killScore value='9800'/>
		<buildingScore value='4375'/>
		<razingScore value='6000'/>
		<mineralScore value='9938'/>
		<gasScore value='2688'/>
		<totalScore value='38226'/>
	</enemy>

	<scoreRatio value='0.405954'/>
</results>
