<results>
	<result value='loss'/>
	<start value='2015-04-12.13:19:13'/>
	<end value='2015-04-12.13:19:26'/>
	<frames value='16215'/>
	<gameDuration value='1013'/>

	<player>
		<unitScore value='3025'/>
		<killScore value='1600'/>
		<buildingScore value='1500'/>
		<razingScore value='0'/>
		<mineralScore value='4642'/>
		<gasScore value='608'/>
		<totalScore value='11375'/>
	</player>

	<enemy>
		<race value='Protoss'/>
		<unitScore value='3600'/>
		<unitScore value='3600'/>
		<killScore value='6050'/>
		<buildingScore value='3525'/>
		<razingScore value='4500'/>
		<mineralScore value='8410'/>
		<gasScore value='1624'/>
		<totalScore value='27709'/>
	</enemy>

	<scoreRatio value='0.410516'/>
</results>
