<results>
	<result value='draw'/>
	<start value='2015-04-12.13:22:36'/>
	<end value='2015-04-12.13:24:52'/>
	<frames value='57601'/>
	<gameDuration value='3600'/>

	<player>
		<unitScore value='28350'/>
		<killScore value='47150'/>
		<buildingScore value='3375'/>
		<razingScore value='4200'/>
		<mineralScore value='31566'/>
		<gasScore value='5440'/>
		<totalScore value='120081'/>
	</player>

	<enemy>
		<race value='Protoss'/>
		<unitScore value='34175'/>
		<unitScore value='34175'/>
		<killScore value='46950'/>
		<buildingScore value='7600'/>
		<razingScore value='525'/>
		<mineralScore value='31510'/>
		<gasScore value='11554'/>
		<totalScore value='132314'/>
	</enemy>

	<scoreRatio value='0.907546'/>
</results>
