<results>
	<result value='draw'/>
	<start value='2015-04-12.13:26:06'/>
	<end value='2015-04-12.13:28:32'/>
	<frames value='57601'/>
	<gameDuration value='3600'/>

	<player>
		<unitScore value='28175'/>
		<killScore value='42770'/>
		<buildingScore value='3400'/>
		<razingScore value='1200'/>
		<mineralScore value='31518'/>
		<gasScore value='9160'/>
		<totalScore value='116223'/>
	</player>

	<enemy>
		<race value='Protoss'/>
		<unitScore value='38305'/>
		<unitScore value='38305'/>
		<killScore value='44300'/>
		<buildingScore value='6525'/>
		<razingScore value='300'/>
		<mineralScore value='31550'/>
		<gasScore value='12118'/>
		<totalScore value='133098'/>
	</enemy>

	<scoreRatio value='0.873214'/>
</results>
