<results>
	<result value='win'/>
	<start value='2015-04-12.13:33:38'/>
	<end value='2015-04-12.13:35:29'/>
	<frames value='43650'/>
	<gameDuration value='2728'/>

	<player>
		<unitScore value='24000'/>
		<killScore value='25500'/>
		<buildingScore value='3600'/>
		<razingScore value='19125'/>
		<mineralScore value='30278'/>
		<gasScore value='3520'/>
		<totalScore value='106023'/>
	</player>

	<enemy>
		<race value='Protoss'/>
		<unitScore value='13100'/>
		<unitScore value='13100'/>
		<killScore value='24600'/>
		<buildingScore value='6375'/>
		<razingScore value='450'/>
		<mineralScore value='16578'/>
		<gasScore value='4968'/>
		<totalScore value='66071'/>
	</enemy>

	<scoreRatio value='1.60468'/>
</results>
