<results>
	<result value='win'/>
	<start value='2015-04-17.00:34:20'/>
	<end value='2015-04-17.00:35:51'/>
	<frames value='36179'/>
	<gameDuration value='2261'/>

	<player>
		<unitScore value='22000'/>
		<killScore value='31800'/>
		<buildingScore value='4325'/>
		<razingScore value='15975'/>
		<mineralScore value='35478'/>
		<gasScore value='4792'/>
		<totalScore value='114370'/>
	</player>

	<enemy>
		<race value='Protoss'/>
		<unitScore value='17525'/>
		<unitScore value='17525'/>
		<killScore value='16800'/>
		<buildingScore value='5325'/>
		<razingScore value='375'/>
		<mineralScore value='16530'/>
		<gasScore value='5744'/>
		<totalScore value='62299'/>
	</enemy>

	<scoreRatio value='1.83582'/>
</results>
