<results>
	<result value='win'/>
	<start value='2015-04-17.00:40:59'/>
	<end value='2015-04-17.00:41:31'/>
	<frames value='24182'/>
	<gameDuration value='1511'/>

	<player>
		<unitScore value='10400'/>
		<killScore value='11200'/>
		<buildingScore value='1625'/>
		<razingScore value='9825'/>
		<mineralScore value='11814'/>
		<gasScore value='2544'/>
		<totalScore value='47408'/>
	</player>

	<enemy>
		<race value='Protoss'/>
		<unitScore value='5600'/>
		<unitScore value='5600'/>
		<killScore value='5950'/>
		<buildingScore value='3275'/>
		<razingScore value='0'/>
		<mineralScore value='8850'/>
		<gasScore value='1480'/>
		<totalScore value='25155'/>
	</enemy>

	<scoreRatio value='1.88464'/>
</results>
