<results>
	<result value='loss'/>
	<start value='2015-07-18.00:35:10'/>
	<end value='2015-07-18.00:35:39'/>
	<frames value='25825'/>
	<gameDuration value='1614'/>

	<player>
		<unitScore value='8975'/>
		<killScore value='6450'/>
		<buildingScore value='1725'/>
		<razingScore value='150'/>
		<mineralScore value='11118'/>
		<gasScore value='1688'/>
		<totalScore value='30106'/>
	</player>

	<enemy>
		<race value='Terran'/>
		<unitScore value='9875'/>
		<killScore value='13550'/>
		<buildingScore value='2950'/>
		<razingScore value='5175'/>
		<mineralScore value='12306'/>
		<gasScore value='3536'/>
		<totalScore value='47392'/>
	</enemy>

	<scoreRatio value='0.635255'/>
	<timeFitness value='0.224167'/>
	<unitsAverage value='46'/>
</results>
