<results>
	<result value='loss'/>
	<start value='2015-07-18.00:52:23'/>
	<end value='2015-07-18.00:52:39'/>
	<frames value='19346'/>
	<gameDuration value='1209'/>

	<player>
		<unitScore value='6375'/>
		<killScore value='3550'/>
		<buildingScore value='1125'/>
		<razingScore value='0'/>
		<mineralScore value='6258'/>
		<gasScore value='872'/>
		<totalScore value='18180'/>
	</player>

	<enemy>
		<race value='Terran'/>
		<unitScore value='7275'/>
		<killScore value='12750'/>
		<buildingScore value='2350'/>
		<razingScore value='3375'/>
		<mineralScore value='8954'/>
		<gasScore value='3168'/>
		<totalScore value='37872'/>
	</enemy>

	<scoreRatio value='0.480038'/>
	<timeFitness value='0.167917'/>
	<unitsAverage value='28'/>
</results>
