<results>
	<result value='loss'/>
	<start value='2015-07-18.00:54:22'/>
	<end value='2015-07-18.00:55:06'/>
	<frames value='39248'/>
	<gameDuration value='2453'/>

	<player>
		<unitScore value='18550'/>
		<killScore value='8550'/>
		<buildingScore value='4025'/>
		<razingScore value='375'/>
		<mineralScore value='20354'/>
		<gasScore value='2960'/>
		<totalScore value='54814'/>
	</player>

	<enemy>
		<race value='Terran'/>
		<unitScore value='11500'/>
		<killScore value='37100'/>
		<buildingScore value='3975'/>
		<razingScore value='12075'/>
		<mineralScore value='13258'/>
		<gasScore value='5934'/>
		<totalScore value='83842'/>
	</enemy>

	<scoreRatio value='0.653777'/>
	<timeFitness value='0.340694'/>
	<unitsAverage value='52'/>
</results>
