<results>
	<result value='win'/>
	<start value='2014-07-23.01:59:08'/>
	<end value='2014-07-23.01:59:52'/>
	<frames value='33885'/>
	<gameDuration value='2117'/>

	<player>
		<unitScore value='19825'/>
		<killScore value='27730'/>
		<buildingScore value='3700'/>
		<razingScore value='5700'/>
		<mineralScore value='24834'/>
		<gasScore value='3320'/>
		<totalScore value='85109'/>
	</player>

	<enemy>
		<race value='Zerg'/>
		<unitScore value='12375'/>
		<unitScore value='12375'/>
		<killScore value='14100'/>
		<buildingScore value='1900'/>
		<razingScore value='0'/>
		<mineralScore value='11610'/>
		<gasScore value='3240'/>
		<totalScore value='43225'/>
	</enemy>

	<scoreRatio value='1.96898'/>
</results>
