<results>
	<result value='win'/>
	<start value='2014-07-04.03:45:38'/>
	<end value='2014-07-04.03:46:25'/>
	<frames value='42007'/>
	<gameDuration value='2625'/>

	<player>
		<unitScore value='28150'/>
		<killScore value='33350'/>
		<buildingScore value='3325'/>
		<razingScore value='25350'/>
		<mineralScore value='29362'/>
		<gasScore value='3112'/>
		<totalScore value='122649'/>
	</player>

	<enemy>
		<race value='Protoss'/>
		<unitScore value='16900'/>
		<unitScore value='16900'/>
		<killScore value='35050'/>
		<buildingScore value='8450'/>
		<razingScore value='225'/>
		<mineralScore value='23570'/>
		<gasScore value='6608'/>
		<totalScore value='90803'/>
	</enemy>

	<scoreRatio value='1.35072'/>
</results>
