<results>
	<result value='loss'/>
	<start value='2014-07-04.03:46:29'/>
	<end value='2014-07-04.03:46:38'/>
	<frames value='17269'/>
	<gameDuration value='1079'/>

	<player>
		<unitScore value='4000'/>
		<killScore value='400'/>
		<buildingScore value='1350'/>
		<razingScore value='0'/>
		<mineralScore value='5738'/>
		<gasScore value='1152'/>
		<totalScore value='12640'/>
	</player>

	<enemy>
		<race value='Protoss'/>
		<unitScore value='5025'/>
		<unitScore value='5025'/>
		<killScore value='7000'/>
		<buildingScore value='3225'/>
		<razingScore value='3900'/>
		<mineralScore value='8994'/>
		<gasScore value='2152'/>
		<totalScore value='30296'/>
	</enemy>

	<scoreRatio value='0.417217'/>
</results>
