<results>
	<result value='loss'/>
	<start value='2015-04-08.18:18:24'/>
	<end value='2015-04-08.18:18:41'/>
	<frames value='30165'/>
	<gameDuration value='1885'/>

	<player>
		<unitScore value='7875'/>
		<killScore value='3100'/>
		<buildingScore value='1800'/>
		<razingScore value='0'/>
		<mineralScore value='10382'/>
		<gasScore value='2256'/>
		<totalScore value='25413'/>
	</player>

	<enemy>
		<race value='Protoss'/>
		<unitScore value='13625'/>
		<unitScore value='13625'/>
		<killScore value='15750'/>
		<buildingScore value='6875'/>
		<razingScore value='5400'/>
		<mineralScore value='18258'/>
		<gasScore value='7200'/>
		<totalScore value='67108'/>
	</enemy>

	<scoreRatio value='0.378688'/>
</results>
