<results>
	<result value='win'/>
	<start value='2015-04-29.15:12:02'/>
	<end value='2015-04-29.15:12:33'/>
	<frames value='26197'/>
	<gameDuration value='1637'/>

	<player>
		<unitScore value='11425'/>
		<killScore value='18980'/>
		<buildingScore value='2700'/>
		<razingScore value='6105'/>
		<mineralScore value='15414'/>
		<gasScore value='2672'/>
		<totalScore value='57296'/>
	</player>

	<enemy>
		<race value='Zerg'/>
		<unitScore value='8750'/>
		<unitScore value='8750'/>
		<killScore value='10150'/>
		<buildingScore value='2035'/>
		<razingScore value='150'/>
		<mineralScore value='8562'/>
		<gasScore value='2352'/>
		<totalScore value='31999'/>
	</enemy>

	<scoreRatio value='1.79056'/>
	<timeFitness value='0.772639'/>
	<unitsAverage value='57'/>
</results>
