<results>
	<result value='win'/>
	<start value='2014-07-23.07:13:44'/>
	<end value='2014-07-23.07:14:19'/>
	<frames value='33482'/>
	<gameDuration value='2092'/>

	<player>
		<unitScore value='19600'/>
		<killScore value='42385'/>
		<buildingScore value='4050'/>
		<razingScore value='7845'/>
		<mineralScore value='37402'/>
		<gasScore value='2528'/>
		<totalScore value='113810'/>
	</player>

	<enemy>
		<race value='Zerg'/>
		<unitScore value='18500'/>
		<unitScore value='18500'/>
		<killScore value='16450'/>
		<buildingScore value='2615'/>
		<razingScore value='1125'/>
		<mineralScore value='16554'/>
		<gasScore value='4936'/>
		<totalScore value='60180'/>
	</enemy>

	<scoreRatio value='1.89116'/>
</results>
