<results>
	<result value='win'/>
	<start value='2015-04-08.06:42:41'/>
	<end value='2015-04-08.06:43:10'/>
	<frames value='27561'/>
	<gameDuration value='1722'/>

	<player>
		<unitScore value='16900'/>
		<killScore value='24300'/>
		<buildingScore value='4000'/>
		<razingScore value='12675'/>
		<mineralScore value='24998'/>
		<gasScore value='1904'/>
		<totalScore value='84777'/>
	</player>

	<enemy>
		<race value='Protoss'/>
		<unitScore value='12500'/>
		<unitScore value='12500'/>
		<killScore value='10350'/>
		<buildingScore value='4225'/>
		<razingScore value='0'/>
		<mineralScore value='18866'/>
		<gasScore value='2776'/>
		<totalScore value='48717'/>
	</enemy>

	<scoreRatio value='1.74019'/>
</results>
