<results>
	<result value='loss'/>
	<start value='2015-04-14.13:43:55'/>
	<end value='2015-04-14.13:44:31'/>
	<frames value='47339'/>
	<gameDuration value='2958'/>

	<player>
		<unitScore value='21925'/>
		<killScore value='45050'/>
		<buildingScore value='2725'/>
		<razingScore value='450'/>
		<mineralScore value='24042'/>
		<gasScore value='4184'/>
		<totalScore value='98376'/>
	</player>

	<enemy>
		<race value='Protoss'/>
		<unitScore value='39850'/>
		<unitScore value='39850'/>
		<killScore value='44100'/>
		<buildingScore value='7175'/>
		<razingScore value='8175'/>
		<mineralScore value='33606'/>
		<gasScore value='12446'/>
		<totalScore value='145352'/>
	</enemy>

	<scoreRatio value='0.676812'/>
</results>
