<results>
	<result value='loss'/>
	<start value='2015-04-14.13:49:26'/>
	<end value='2015-04-14.13:49:34'/>
	<frames value='18199'/>
	<gameDuration value='1137'/>

	<player>
		<unitScore value='2450'/>
		<killScore value='1600'/>
		<buildingScore value='1425'/>
		<razingScore value='0'/>
		<mineralScore value='4130'/>
		<gasScore value='392'/>
		<totalScore value='9997'/>
	</player>

	<enemy>
		<race value='Protoss'/>
		<unitScore value='3850'/>
		<unitScore value='3850'/>
		<killScore value='4650'/>
		<buildingScore value='4375'/>
		<razingScore value='4275'/>
		<mineralScore value='10306'/>
		<gasScore value='1944'/>
		<totalScore value='29400'/>
	</enemy>

	<scoreRatio value='0.340034'/>
</results>
