<results>
	<result value='win'/>
	<start value='2014-07-12.19:31:02'/>
	<end value='2014-07-12.19:31:17'/>
	<frames value='23066'/>
	<gameDuration value='1441'/>

	<player>
		<unitScore value='10475'/>
		<killScore value='16100'/>
		<buildingScore value='3700'/>
		<razingScore value='6450'/>
		<mineralScore value='17554'/>
		<gasScore value='2192'/>
		<totalScore value='56471'/>
	</player>

	<enemy>
		<race value='Terran'/>
		<unitScore value='8050'/>
		<unitScore value='8050'/>
		<killScore value='5250'/>
		<buildingScore value='2150'/>
		<razingScore value='1500'/>
		<mineralScore value='8978'/>
		<gasScore value='2728'/>
		<totalScore value='28656'/>
	</enemy>

	<scoreRatio value='1.97065'/>
</results>
