<results>
	<result value='win'/>
	<start value='2014-07-12.19:33:05'/>
	<end value='2014-07-12.19:33:45'/>
	<frames value='34846'/>
	<gameDuration value='2177'/>

	<player>
		<unitScore value='17100'/>
		<killScore value='25250'/>
		<buildingScore value='4450'/>
		<razingScore value='11100'/>
		<mineralScore value='36230'/>
		<gasScore value='3480'/>
		<totalScore value='97610'/>
	</player>

	<enemy>
		<race value='Terran'/>
		<unitScore value='13025'/>
		<unitScore value='13025'/>
		<killScore value='11500'/>
		<buildingScore value='3700'/>
		<razingScore value='300'/>
		<mineralScore value='12082'/>
		<gasScore value='5076'/>
		<totalScore value='45683'/>
	</enemy>

	<scoreRatio value='2.13668'/>
</results>
