<results>
	<result value='win'/>
	<start value='2014-07-07.21:24:02'/>
	<end value='2014-07-07.21:24:23'/>
	<frames value='25081'/>
	<gameDuration value='1567'/>

	<player>
		<unitScore value='16100'/>
		<killScore value='11300'/>
		<buildingScore value='4250'/>
		<razingScore value='10950'/>
		<mineralScore value='22322'/>
		<gasScore value='2232'/>
		<totalScore value='67154'/>
	</player>

	<enemy>
		<race value='Protoss'/>
		<unitScore value='5650'/>
		<unitScore value='5650'/>
		<killScore value='12000'/>
		<buildingScore value='3650'/>
		<razingScore value='0'/>
		<mineralScore value='16842'/>
		<gasScore value='936'/>
		<totalScore value='39078'/>
	</enemy>

	<scoreRatio value='1.71846'/>
</results>
