<results>
	<result value='loss'/>
	<start value='2014-07-07.21:24:26'/>
	<end value='2014-07-07.21:25:29'/>
	<frames value='52454'/>
	<gameDuration value='3278'/>

	<player>
		<unitScore value='23250'/>
		<killScore value='49690'/>
		<buildingScore value='2625'/>
		<razingScore value='1350'/>
		<mineralScore value='24066'/>
		<gasScore value='3864'/>
		<totalScore value='104845'/>
	</player>

	<enemy>
		<race value='Protoss'/>
		<unitScore value='45360'/>
		<unitScore value='45360'/>
		<killScore value='46500'/>
		<buildingScore value='7475'/>
		<razingScore value='7875'/>
		<mineralScore value='35262'/>
		<gasScore value='14598'/>
		<totalScore value='157070'/>
	</enemy>

	<scoreRatio value='0.667505'/>
</results>
