<results>
	<result value='win'/>
	<start value='2014-07-07.21:52:07'/>
	<end value='2014-07-07.21:52:33'/>
	<frames value='31653'/>
	<gameDuration value='1978'/>

	<player>
		<unitScore value='21800'/>
		<killScore value='19300'/>
		<buildingScore value='3125'/>
		<razingScore value='15525'/>
		<mineralScore value='24962'/>
		<gasScore value='3288'/>
		<totalScore value='88000'/>
	</player>

	<enemy>
		<race value='Protoss'/>
		<unitScore value='10650'/>
		<unitScore value='10650'/>
		<killScore value='27950'/>
		<buildingScore value='5175'/>
		<razingScore value='150'/>
		<mineralScore value='13530'/>
		<gasScore value='3064'/>
		<totalScore value='60519'/>
	</enemy>

	<scoreRatio value='1.45409'/>
</results>
