<results>
	<result value='loss'/>
	<start value='2014-07-07.21:52:54'/>
	<end value='2014-07-07.21:53:29'/>
	<frames value='48424'/>
	<gameDuration value='3026'/>

	<player>
		<unitScore value='23475'/>
		<killScore value='47200'/>
		<buildingScore value='2125'/>
		<razingScore value='150'/>
		<mineralScore value='23990'/>
		<gasScore value='4928'/>
		<totalScore value='101868'/>
	</player>

	<enemy>
		<race value='Protoss'/>
		<unitScore value='41925'/>
		<unitScore value='41925'/>
		<killScore value='46700'/>
		<buildingScore value='7075'/>
		<razingScore value='6375'/>
		<mineralScore value='33822'/>
		<gasScore value='13134'/>
		<totalScore value='149031'/>
	</enemy>

	<scoreRatio value='0.683536'/>
</results>
