<results>
	<result value='loss'/>
	<start value='2015-07-14.00:33:00'/>
	<end value='2015-07-14.00:34:23'/>
	<frames value='44797'/>
	<gameDuration value='2799'/>

	<player>
		<unitScore value='23550'/>
		<killScore value='24600'/>
		<buildingScore value='3875'/>
		<razingScore value='0'/>
		<mineralScore value='22746'/>
		<gasScore value='3584'/>
		<totalScore value='78355'/>
	</player>

	<enemy>
		<race value='Protoss'/>
		<unitScore value='37920'/>
		<killScore value='47100'/>
		<buildingScore value='9325'/>
		<razingScore value='11625'/>
		<mineralScore value='34990'/>
		<gasScore value='11994'/>
		<totalScore value='152954'/>
	</enemy>

	<scoreRatio value='0.512278'/>
	<timeFitness value='0.38875'/>
	<unitsAverage value='81'/>
</results>
