<results>
	<result value='loss'/>
	<start value='2015-07-14.00:43:40'/>
	<end value='2015-07-14.00:44:00'/>
	<frames value='27437'/>
	<gameDuration value='1714'/>

	<player>
		<unitScore value='8550'/>
		<killScore value='3300'/>
		<buildingScore value='1575'/>
		<razingScore value='150'/>
		<mineralScore value='10594'/>
		<gasScore value='1376'/>
		<totalScore value='25545'/>
	</player>

	<enemy>
		<race value='Protoss'/>
		<unitScore value='10825'/>
		<killScore value='16700'/>
		<buildingScore value='6700'/>
		<razingScore value='4725'/>
		<mineralScore value='21018'/>
		<gasScore value='4696'/>
		<totalScore value='64664'/>
	</enemy>

	<scoreRatio value='0.395042'/>
	<timeFitness value='0.238056'/>
	<unitsAverage value='32'/>
</results>
