<results>
	<result value='loss'/>
	<start value='2015-07-20.04:46:46'/>
	<end value='2015-07-20.04:47:54'/>
	<frames value='46812'/>
	<gameDuration value='2925'/>

	<player>
		<unitScore value='23200'/>
		<killScore value='18300'/>
		<buildingScore value='4200'/>
		<razingScore value='120'/>
		<mineralScore value='24546'/>
		<gasScore value='2424'/>
		<totalScore value='72790'/>
	</player>

	<enemy>
		<race value='Zerg'/>
		<unitScore value='26350'/>
		<killScore value='40650'/>
		<buildingScore value='4700'/>
		<razingScore value='12600'/>
		<mineralScore value='32170'/>
		<gasScore value='9876'/>
		<totalScore value='126346'/>
	</enemy>

	<scoreRatio value='0.576116'/>
	<timeFitness value='0.40625'/>
	<unitsAverage value='76'/>
</results>
