<results>
	<result value='loss'/>
	<start value='2015-07-20.05:03:43'/>
	<end value='2015-07-20.05:04:12'/>
	<frames value='28491'/>
	<gameDuration value='1780'/>

	<player>
		<unitScore value='9450'/>
		<killScore value='9550'/>
		<buildingScore value='2400'/>
		<razingScore value='0'/>
		<mineralScore value='17490'/>
		<gasScore value='2528'/>
		<totalScore value='41418'/>
	</player>

	<enemy>
		<race value='Zerg'/>
		<unitScore value='14450'/>
		<killScore value='14400'/>
		<buildingScore value='3385'/>
		<razingScore value='7200'/>
		<mineralScore value='15246'/>
		<gasScore value='5376'/>
		<totalScore value='60057'/>
	</enemy>

	<scoreRatio value='0.689645'/>
	<timeFitness value='0.247222'/>
	<unitsAverage value='61'/>
</results>
