<results>
	<result value='loss'/>
	<start value='2015-07-20.05:06:22'/>
	<end value='2015-07-20.05:07:34'/>
	<frames value='45324'/>
	<gameDuration value='2832'/>

	<player>
		<unitScore value='21125'/>
		<killScore value='22600'/>
		<buildingScore value='4225'/>
		<razingScore value='195'/>
		<mineralScore value='22066'/>
		<gasScore value='3280'/>
		<totalScore value='73491'/>
	</player>

	<enemy>
		<race value='Zerg'/>
		<unitScore value='40200'/>
		<killScore value='42250'/>
		<buildingScore value='4880'/>
		<razingScore value='12675'/>
		<mineralScore value='30326'/>
		<gasScore value='13198'/>
		<totalScore value='143529'/>
	</enemy>

	<scoreRatio value='0.512029'/>
	<timeFitness value='0.393333'/>
	<unitsAverage value='80'/>
</results>
