<results>
	<result value='loss'/>
	<start value='2015-04-29.15:01:29'/>
	<end value='2015-04-29.15:01:37'/>
	<frames value='14479'/>
	<gameDuration value='904'/>

	<player>
		<unitScore value='2900'/>
		<killScore value='1400'/>
		<buildingScore value='1150'/>
		<razingScore value='0'/>
		<mineralScore value='4146'/>
		<gasScore value='760'/>
		<totalScore value='10356'/>
	</player>

	<enemy>
		<race value='Protoss'/>
		<unitScore value='3550'/>
		<unitScore value='3550'/>
		<killScore value='5800'/>
		<buildingScore value='2475'/>
		<razingScore value='3450'/>
		<mineralScore value='7554'/>
		<gasScore value='1408'/>
		<totalScore value='24237'/>
	</enemy>

	<scoreRatio value='0.427281'/>
</results>
