<results>
	<result value='win'/>
	<start value='2015-04-29.15:10:57'/>
	<end value='2015-04-29.15:11:33'/>
	<frames value='26569'/>
	<gameDuration value='1660'/>

	<player>
		<unitScore value='16675'/>
		<killScore value='11000'/>
		<buildingScore value='4475'/>
		<razingScore value='12600'/>
		<mineralScore value='23922'/>
		<gasScore value='2544'/>
		<totalScore value='71216'/>
	</player>

	<enemy>
		<race value='Protoss'/>
		<unitScore value='5500'/>
		<unitScore value='5500'/>
		<killScore value='10200'/>
		<buildingScore value='4200'/>
		<razingScore value='0'/>
		<mineralScore value='15426'/>
		<gasScore value='936'/>
		<totalScore value='36262'/>
	</enemy>

	<scoreRatio value='1.96393'/>
</results>
