<results>
	<result value='win'/>
	<start value='2015-05-06.21:10:11'/>
	<end value='2015-05-06.21:10:59'/>
	<frames value='34443'/>
	<gameDuration value='2152'/>

	<player>
		<unitScore value='17075'/>
		<killScore value='14750'/>
		<buildingScore value='3350'/>
		<razingScore value='19125'/>
		<mineralScore value='23066'/>
		<gasScore value='3248'/>
		<totalScore value='80614'/>
	</player>

	<enemy>
		<race value='Protoss'/>
		<unitScore value='7600'/>
		<unitScore value='7600'/>
		<killScore value='18250'/>
		<buildingScore value='6375'/>
		<razingScore value='1575'/>
		<mineralScore value='16490'/>
		<gasScore value='4440'/>
		<totalScore value='54730'/>
	</enemy>

	<scoreRatio value='1.47294'/>
	<timeFitness value='0.701111'/>
	<unitsAverage value='77'/>
</results>
