<results>
	<result value='loss'/>
	<start value='2015-05-06.22:13:00'/>
	<end value='2015-05-06.22:13:31'/>
	<frames value='30134'/>
	<gameDuration value='1883'/>

	<player>
		<unitScore value='8750'/>
		<killScore value='3600'/>
		<buildingScore value='2325'/>
		<razingScore value='600'/>
		<mineralScore value='11318'/>
		<gasScore value='2248'/>
		<totalScore value='28841'/>
	</player>

	<enemy>
		<race value='Protoss'/>
		<unitScore value='14500'/>
		<unitScore value='14500'/>
		<killScore value='17400'/>
		<buildingScore value='7125'/>
		<razingScore value='6975'/>
		<mineralScore value='18782'/>
		<gasScore value='7096'/>
		<totalScore value='71878'/>
	</enemy>

	<scoreRatio value='0.401249'/>
	<timeFitness value='0.261528'/>
	<unitsAverage value='33'/>
</results>
