<results>
	<result value='win'/>
	<start value='2015-05-06.22:11:17'/>
	<end value='2015-05-06.22:12:55'/>
	<frames value='52082'/>
	<gameDuration value='3255'/>

	<player>
		<unitScore value='33500'/>
		<killScore value='56050'/>
		<buildingScore value='3950'/>
		<razingScore value='20175'/>
		<mineralScore value='35762'/>
		<gasScore value='4520'/>
		<totalScore value='153957'/>
	</player>

	<enemy>
		<race value='Protoss'/>
		<unitScore value='29825'/>
		<unitScore value='29825'/>
		<killScore value='51950'/>
		<buildingScore value='6725'/>
		<razingScore value='1425'/>
		<mineralScore value='27190'/>
		<gasScore value='10278'/>
		<totalScore value='127393'/>
	</enemy>

	<scoreRatio value='1.20852'/>
	<timeFitness value='0.547917'/>
	<unitsAverage value='108'/>
</results>
