<results>
	<result value='loss'/>
	<start value='2015-04-16.23:59:01'/>
	<end value='2015-04-16.23:59:48'/>
	<frames value='33916'/>
	<gameDuration value='2119'/>

	<player>
		<unitScore value='12525'/>
		<killScore value='6950'/>
		<buildingScore value='3500'/>
		<razingScore value='0'/>
		<mineralScore value='25154'/>
		<gasScore value='2384'/>
		<totalScore value='50513'/>
	</player>

	<enemy>
		<race value='Protoss'/>
		<unitScore value='19775'/>
		<unitScore value='19775'/>
		<killScore value='25050'/>
		<buildingScore value='7200'/>
		<razingScore value='10500'/>
		<mineralScore value='25886'/>
		<gasScore value='8520'/>
		<totalScore value='96931'/>
	</enemy>

	<scoreRatio value='0.521123'/>
</results>
