<results>
	<result value='win'/>
	<start value='2015-05-03.19:43:09'/>
	<end value='2015-05-03.19:43:39'/>
	<frames value='27251'/>
	<gameDuration value='1703'/>

	<player>
		<unitScore value='19600'/>
		<killScore value='23030'/>
		<buildingScore value='3825'/>
		<razingScore value='5460'/>
		<mineralScore value='26810'/>
		<gasScore value='0'/>
		<totalScore value='78725'/>
	</player>

	<enemy>
		<race value='Zerg'/>
		<unitScore value='10550'/>
		<unitScore value='10550'/>
		<killScore value='23800'/>
		<buildingScore value='1820'/>
		<razingScore value='0'/>
		<mineralScore value='10362'/>
		<gasScore value='2992'/>
		<totalScore value='49524'/>
	</enemy>

	<scoreRatio value='1.58963'/>
	<timeFitness value='0.763472'/>
	<unitsAverage value='84'/>
</results>
