<results>
	<result value='win'/>
	<start value='2015-05-03.19:51:47'/>
	<end value='2015-05-03.19:52:19'/>
	<frames value='27220'/>
	<gameDuration value='1701'/>

	<player>
		<unitScore value='18650'/>
		<killScore value='20380'/>
		<buildingScore value='3300'/>
		<razingScore value='6630'/>
		<mineralScore value='26378'/>
		<gasScore value='0'/>
		<totalScore value='75338'/>
	</player>

	<enemy>
		<race value='Zerg'/>
		<unitScore value='9475'/>
		<unitScore value='9475'/>
		<killScore value='20500'/>
		<buildingScore value='2210'/>
		<razingScore value='0'/>
		<mineralScore value='9354'/>
		<gasScore value='3064'/>
		<totalScore value='44603'/>
	</enemy>

	<scoreRatio value='1.68908'/>
	<timeFitness value='0.76375'/>
	<unitsAverage value='91'/>
</results>
