<results>
	<result value='win'/>
	<start value='2015-05-09.00:51:24'/>
	<end value='2015-05-09.00:52:26'/>
	<frames value='35838'/>
	<gameDuration value='2239'/>

	<player>
		<unitScore value='26750'/>
		<killScore value='47490'/>
		<buildingScore value='3800'/>
		<razingScore value='9420'/>
		<mineralScore value='31466'/>
		<gasScore value='2504'/>
		<totalScore value='121430'/>
	</player>

	<enemy>
		<race value='Zerg'/>
		<unitScore value='20825'/>
		<unitScore value='20825'/>
		<killScore value='31350'/>
		<buildingScore value='3140'/>
		<razingScore value='375'/>
		<mineralScore value='19210'/>
		<gasScore value='6064'/>
		<totalScore value='80964'/>
	</enemy>

	<scoreRatio value='1.4998'/>
	<timeFitness value='0.689028'/>
	<unitsAverage value='110'/>
</results>
