<results>
	<result value='win'/>
	<start value='2015-05-02.21:22:25'/>
	<end value='2015-05-02.21:22:58'/>
	<frames value='31622'/>
	<gameDuration value='1976'/>

	<player>
		<unitScore value='23750'/>
		<killScore value='22670'/>
		<buildingScore value='4300'/>
		<razingScore value='4680'/>
		<mineralScore value='31442'/>
		<gasScore value='0'/>
		<totalScore value='86842'/>
	</player>

	<enemy>
		<race value='Zerg'/>
		<unitScore value='10200'/>
		<unitScore value='10200'/>
		<killScore value='31200'/>
		<buildingScore value='1560'/>
		<razingScore value='0'/>
		<mineralScore value='9622'/>
		<gasScore value='2480'/>
		<totalScore value='55062'/>
	</enemy>

	<scoreRatio value='1.57717'/>
	<timeFitness value='0.725556'/>
	<unitsAverage value='88'/>
</results>
