<results>
	<result value='loss'/>
	<start value='2015-05-02.21:29:31'/>
	<end value='2015-05-02.21:30:23'/>
	<frames value='49168'/>
	<gameDuration value='3073'/>

	<player>
		<unitScore value='27650'/>
		<killScore value='66500'/>
		<buildingScore value='2900'/>
		<razingScore value='840'/>
		<mineralScore value='31662'/>
		<gasScore value='0'/>
		<totalScore value='129552'/>
	</player>

	<enemy>
		<race value='Zerg'/>
		<unitScore value='36675'/>
		<unitScore value='36675'/>
		<killScore value='55300'/>
		<buildingScore value='3235'/>
		<razingScore value='8700'/>
		<mineralScore value='29158'/>
		<gasScore value='8882'/>
		<totalScore value='141950'/>
	</enemy>

	<scoreRatio value='0.912659'/>
	<timeFitness value='0.426806'/>
	<unitsAverage value='88'/>
</results>
