<results>
	<result value='win'/>
	<start value='2014-07-22.18:24:31'/>
	<end value='2014-07-22.18:24:56'/>
	<frames value='25205'/>
	<gameDuration value='1575'/>

	<player>
		<unitScore value='15475'/>
		<killScore value='27240'/>
		<buildingScore value='3825'/>
		<razingScore value='4800'/>
		<mineralScore value='24874'/>
		<gasScore value='2208'/>
		<totalScore value='78422'/>
	</player>

	<enemy>
		<race value='Zerg'/>
		<unitScore value='11150'/>
		<unitScore value='11150'/>
		<killScore value='9850'/>
		<buildingScore value='1600'/>
		<razingScore value='0'/>
		<mineralScore value='10394'/>
		<gasScore value='2976'/>
		<totalScore value='35970'/>
	</enemy>

	<scoreRatio value='2.18021'/>
</results>
