<results>
	<result value='loss'/>
	<start value='2015-05-10.03:12:19'/>
	<end value='2015-05-10.03:12:38'/>
	<frames value='30599'/>
	<gameDuration value='1912'/>

	<player>
		<unitScore value='9400'/>
		<killScore value='5700'/>
		<buildingScore value='2225'/>
		<razingScore value='0'/>
		<mineralScore value='11806'/>
		<gasScore value='1968'/>
		<totalScore value='31099'/>
	</player>

	<enemy>
		<race value='Protoss'/>
		<unitScore value='15200'/>
		<unitScore value='15200'/>
		<killScore value='18800'/>
		<buildingScore value='6925'/>
		<razingScore value='6675'/>
		<mineralScore value='19466'/>
		<gasScore value='6984'/>
		<totalScore value='74050'/>
	</enemy>

	<scoreRatio value='0.419973'/>
	<timeFitness value='0.265556'/>
	<unitsAverage value='33'/>
</results>
