<results>
	<result value='draw'/>
	<start value='2015-05-10.03:15:33'/>
	<end value='2015-05-10.03:16:49'/>
	<frames value='57601'/>
	<gameDuration value='3600'/>

	<player>
		<unitScore value='32125'/>
		<killScore value='49800'/>
		<buildingScore value='2975'/>
		<razingScore value='600'/>
		<mineralScore value='31518'/>
		<gasScore value='8816'/>
		<totalScore value='125834'/>
	</player>

	<enemy>
		<race value='Protoss'/>
		<unitScore value='36650'/>
		<unitScore value='36650'/>
		<killScore value='51400'/>
		<buildingScore value='6325'/>
		<razingScore value='300'/>
		<mineralScore value='31542'/>
		<gasScore value='11814'/>
		<totalScore value='138031'/>
	</enemy>

	<scoreRatio value='0.911636'/>
	<timeFitness value='0.5'/>
	<unitsAverage value='121'/>
</results>
