<results>
	<result value='loss'/>
	<start value='2015-04-29.05:50:26'/>
	<end value='2015-04-29.05:50:32'/>
	<frames value='16525'/>
	<gameDuration value='1032'/>

	<player>
		<unitScore value='3550'/>
		<killScore value='600'/>
		<buildingScore value='1875'/>
		<razingScore value='0'/>
		<mineralScore value='5562'/>
		<gasScore value='0'/>
		<totalScore value='11587'/>
	</player>

	<enemy>
		<race value='Protoss'/>
		<unitScore value='3650'/>
		<unitScore value='3650'/>
		<killScore value='7100'/>
		<buildingScore value='4025'/>
		<razingScore value='5625'/>
		<mineralScore value='8882'/>
		<gasScore value='1664'/>
		<totalScore value='30946'/>
	</enemy>

	<scoreRatio value='0.374426'/>
	<timeFitness value='0.143333'/>
	<unitsAverage value='25'/>
</results>
