<results>
	<result value='loss'/>
	<start value='2015-04-29.05:55:45'/>
	<end value='2015-04-29.05:55:50'/>
	<frames value='12340'/>
	<gameDuration value='771'/>

	<player>
		<unitScore value='1275'/>
		<killScore value='200'/>
		<buildingScore value='1075'/>
		<razingScore value='0'/>
		<mineralScore value='2306'/>
		<gasScore value='592'/>
		<totalScore value='5448'/>
	</player>

	<enemy>
		<race value='Protoss'/>
		<unitScore value='3250'/>
		<unitScore value='3250'/>
		<killScore value='2550'/>
		<buildingScore value='1975'/>
		<razingScore value='3225'/>
		<mineralScore value='6146'/>
		<gasScore value='1088'/>
		<totalScore value='18234'/>
	</enemy>

	<scoreRatio value='0.298782'/>
	<timeFitness value='0.107083'/>
	<unitsAverage value='14'/>
</results>
