<results>
	<result value='win'/>
	<start value='2015-04-29.05:58:18'/>
	<end value='2015-04-29.05:58:41'/>
	<frames value='30723'/>
	<gameDuration value='1920'/>

	<player>
		<unitScore value='15100'/>
		<killScore value='17950'/>
		<buildingScore value='3875'/>
		<razingScore value='16725'/>
		<mineralScore value='19914'/>
		<gasScore value='3112'/>
		<totalScore value='76676'/>
	</player>

	<enemy>
		<race value='Protoss'/>
		<unitScore value='9325'/>
		<unitScore value='9325'/>
		<killScore value='11400'/>
		<buildingScore value='5575'/>
		<razingScore value='0'/>
		<mineralScore value='13714'/>
		<gasScore value='3640'/>
		<totalScore value='43654'/>
	</enemy>

	<scoreRatio value='1.75645'/>
	<timeFitness value='0.733333'/>
	<unitsAverage value='80'/>
</results>
