<results>
	<result value='loss'/>
	<start value='2015-04-27.22:04:25'/>
	<end value='2015-04-27.22:04:34'/>
	<frames value='18974'/>
	<gameDuration value='1185'/>

	<player>
		<unitScore value='3550'/>
		<killScore value='900'/>
		<buildingScore value='2000'/>
		<razingScore value='0'/>
		<mineralScore value='5690'/>
		<gasScore value='1176'/>
		<totalScore value='13316'/>
	</player>

	<enemy>
		<race value='Terran'/>
		<unitScore value='6950'/>
		<unitScore value='6950'/>
		<killScore value='7100'/>
		<buildingScore value='2900'/>
		<razingScore value='6000'/>
		<mineralScore value='8826'/>
		<gasScore value='2952'/>
		<totalScore value='34728'/>
	</enemy>

	<scoreRatio value='0.383437'/>
</results>
