<results>
	<result value='win'/>
	<start value='2015-04-27.22:13:53'/>
	<end value='2015-04-27.22:14:12'/>
	<frames value='29855'/>
	<gameDuration value='1865'/>

	<player>
		<unitScore value='13525'/>
		<killScore value='23600'/>
		<buildingScore value='3375'/>
		<razingScore value='10275'/>
		<mineralScore value='17318'/>
		<gasScore value='2440'/>
		<totalScore value='70533'/>
	</player>

	<enemy>
		<race value='Terran'/>
		<unitScore value='12400'/>
		<unitScore value='12400'/>
		<killScore value='14100'/>
		<buildingScore value='3425'/>
		<razingScore value='2400'/>
		<mineralScore value='11594'/>
		<gasScore value='4944'/>
		<totalScore value='48863'/>
	</enemy>

	<scoreRatio value='1.44348'/>
</results>
