<results>
	<result value='loss'/>
	<start value='2015-04-26.14:57:32'/>
	<end value='2015-04-26.14:57:43'/>
	<frames value='20338'/>
	<gameDuration value='1271'/>

	<player>
		<unitScore value='5025'/>
		<killScore value='2700'/>
		<buildingScore value='1550'/>
		<razingScore value='0'/>
		<mineralScore value='7098'/>
		<gasScore value='1224'/>
		<totalScore value='17597'/>
	</player>

	<enemy>
		<race value='Terran'/>
		<unitScore value='7925'/>
		<unitScore value='7925'/>
		<killScore value='10050'/>
		<buildingScore value='2925'/>
		<razingScore value='4650'/>
		<mineralScore value='9730'/>
		<gasScore value='3696'/>
		<totalScore value='38976'/>
	</enemy>

	<scoreRatio value='0.451483'/>
</results>
