<results>
	<result value='loss'/>
	<start value='2015-05-03.17:48:33'/>
	<end value='2015-05-03.17:48:43'/>
	<frames value='16773'/>
	<gameDuration value='1048'/>

	<player>
		<unitScore value='2925'/>
		<killScore value='950'/>
		<buildingScore value='1275'/>
		<razingScore value='0'/>
		<mineralScore value='4154'/>
		<gasScore value='632'/>
		<totalScore value='9936'/>
	</player>

	<enemy>
		<race value='Terran'/>
		<unitScore value='5225'/>
		<unitScore value='5225'/>
		<killScore value='5850'/>
		<buildingScore value='2175'/>
		<razingScore value='3825'/>
		<mineralScore value='7722'/>
		<gasScore value='2560'/>
		<totalScore value='27357'/>
	</enemy>

	<scoreRatio value='0.363198'/>
	<timeFitness value='0.145556'/>
	<unitsAverage value='21'/>
</results>
