<results>
	<result value='win'/>
	<start value='2015-05-03.17:48:48'/>
	<end value='2015-05-03.17:49:24'/>
	<frames value='31467'/>
	<gameDuration value='1966'/>

	<player>
		<unitScore value='15400'/>
		<killScore value='26500'/>
		<buildingScore value='3700'/>
		<razingScore value='10050'/>
		<mineralScore value='20586'/>
		<gasScore value='2464'/>
		<totalScore value='78700'/>
	</player>

	<enemy>
		<race value='Terran'/>
		<unitScore value='13250'/>
		<unitScore value='13250'/>
		<killScore value='10600'/>
		<buildingScore value='3350'/>
		<razingScore value='2100'/>
		<mineralScore value='12050'/>
		<gasScore value='4992'/>
		<totalScore value='46342'/>
	</enemy>

	<scoreRatio value='1.69824'/>
	<timeFitness value='0.726944'/>
	<unitsAverage value='74'/>
</results>
