<results>
	<result value='win'/>
	<start value='2015-05-03.17:53:35'/>
	<end value='2015-05-03.17:54:03'/>
	<frames value='24647'/>
	<gameDuration value='1540'/>

	<player>
		<unitScore value='11675'/>
		<killScore value='18000'/>
		<buildingScore value='3700'/>
		<razingScore value='7425'/>
		<mineralScore value='17586'/>
		<gasScore value='2576'/>
		<totalScore value='60962'/>
	</player>

	<enemy>
		<race value='Terran'/>
		<unitScore value='9700'/>
		<unitScore value='9700'/>
		<killScore value='7050'/>
		<buildingScore value='2475'/>
		<razingScore value='150'/>
		<mineralScore value='10994'/>
		<gasScore value='4392'/>
		<totalScore value='34761'/>
	</enemy>

	<scoreRatio value='1.75375'/>
	<timeFitness value='0.786111'/>
	<unitsAverage value='69'/>
</results>
