<results>
	<result value='loss'/>
	<start value='2015-05-03.17:54:45'/>
	<end value='2015-05-03.17:55:00'/>
	<frames value='20276'/>
	<gameDuration value='1267'/>

	<player>
		<unitScore value='4775'/>
		<killScore value='3500'/>
		<buildingScore value='2150'/>
		<razingScore value='1200'/>
		<mineralScore value='7042'/>
		<gasScore value='1304'/>
		<totalScore value='19971'/>
	</player>

	<enemy>
		<race value='Terran'/>
		<unitScore value='7725'/>
		<unitScore value='7725'/>
		<killScore value='9550'/>
		<buildingScore value='2750'/>
		<razingScore value='6450'/>
		<mineralScore value='9562'/>
		<gasScore value='3336'/>
		<totalScore value='39373'/>
	</enemy>

	<scoreRatio value='0.507226'/>
	<timeFitness value='0.175972'/>
	<unitsAverage value='32'/>
</results>
