<results>
	<result value='win'/>
	<start value='2015-05-03.17:59:57'/>
	<end value='2015-05-03.18:01:13'/>
	<frames value='52764'/>
	<gameDuration value='3297'/>

	<player>
		<unitScore value='31100'/>
		<killScore value='40600'/>
		<buildingScore value='4875'/>
		<razingScore value='16725'/>
		<mineralScore value='31302'/>
		<gasScore value='5046'/>
		<totalScore value='129648'/>
	</player>

	<enemy>
		<race value='Terran'/>
		<unitScore value='26700'/>
		<unitScore value='26700'/>
		<killScore value='31400'/>
		<buildingScore value='5575'/>
		<razingScore value='4200'/>
		<mineralScore value='24726'/>
		<gasScore value='14196'/>
		<totalScore value='106797'/>
	</enemy>

	<scoreRatio value='1.21397'/>
	<timeFitness value='0.542083'/>
	<unitsAverage value='90'/>
</results>
