<results>
	<result value='loss'/>
	<start value='2015-04-29.19:36:24'/>
	<end value='2015-04-29.19:36:47'/>
	<frames value='26569'/>
	<gameDuration value='1660'/>

	<player>
		<unitScore value='4750'/>
		<killScore value='3000'/>
		<buildingScore value='2000'/>
		<razingScore value='0'/>
		<mineralScore value='7162'/>
		<gasScore value='568'/>
		<totalScore value='17480'/>
	</player>

	<enemy>
		<race value='Protoss'/>
		<unitScore value='11075'/>
		<unitScore value='11075'/>
		<killScore value='9500'/>
		<buildingScore value='6875'/>
		<razingScore value='6000'/>
		<mineralScore value='16402'/>
		<gasScore value='5640'/>
		<totalScore value='55492'/>
	</enemy>

	<scoreRatio value='0.315'/>
	<timeFitness value='0.230556'/>
	<unitsAverage value='22'/>
</results>
