<results>
	<result value='win'/>
	<start value='2015-04-29.19:39:21'/>
	<end value='2015-04-29.19:40:52'/>
	<frames value='38690'/>
	<gameDuration value='2418'/>

	<player>
		<unitScore value='25200'/>
		<killScore value='33950'/>
		<buildingScore value='4200'/>
		<razingScore value='20550'/>
		<mineralScore value='31258'/>
		<gasScore value='2896'/>
		<totalScore value='118054'/>
	</player>

	<enemy>
		<race value='Protoss'/>
		<unitScore value='18800'/>
		<unitScore value='18800'/>
		<killScore value='24900'/>
		<buildingScore value='6850'/>
		<razingScore value='300'/>
		<mineralScore value='20546'/>
		<gasScore value='8312'/>
		<totalScore value='79708'/>
	</enemy>

	<scoreRatio value='1.48108'/>
	<timeFitness value='0.664167'/>
	<unitsAverage value='121'/>
</results>
