<results>
	<result value='loss'/>
	<start value='2015-04-29.19:52:40'/>
	<end value='2015-04-29.19:53:57'/>
	<frames value='46998'/>
	<gameDuration value='2937'/>

	<player>
		<unitScore value='21425'/>
		<killScore value='19950'/>
		<buildingScore value='2875'/>
		<razingScore value='5925'/>
		<mineralScore value='24034'/>
		<gasScore value='3240'/>
		<totalScore value='77449'/>
	</player>

	<enemy>
		<race value='Protoss'/>
		<unitScore value='21600'/>
		<unitScore value='21600'/>
		<killScore value='42850'/>
		<buildingScore value='8550'/>
		<razingScore value='8625'/>
		<mineralScore value='31802'/>
		<gasScore value='8460'/>
		<totalScore value='121887'/>
	</enemy>

	<scoreRatio value='0.635416'/>
	<timeFitness value='0.407917'/>
	<unitsAverage value='82'/>
</results>
