<results>
	<result value='loss'/>
	<start value='2015-07-07.18:13:21'/>
	<end value='2015-07-07.18:13:21'/>
	<frames value='1'/>
	<gameDuration value='0'/>

	<player>
		<unitScore value='200'/>
		<killScore value='0'/>
		<buildingScore value='400'/>
		<razingScore value='0'/>
		<mineralScore value='50'/>
		<gasScore value='0'/>
		<totalScore value='650'/>
	</player>

	<enemy>
		<race value='Terran'/>
		<unitScore value='200'/>
		<killScore value='0'/>
		<buildingScore value='400'/>
		<razingScore value='0'/>
		<mineralScore value='50'/>
		<gasScore value='0'/>
		<totalScore value='650'/>
	</enemy>

	<scoreRatio value='1'/>
	<timeFitness value='0'/>
	<unitsAverage value='10'/>
</results>
