<results>
	<result value='loss'/>
	<start value='2015-07-07.17:49:57'/>
	<end value='2015-07-07.17:50:38'/>
	<frames value='25856'/>
	<gameDuration value='1616'/>

	<player>
		<unitScore value='8775'/>
		<killScore value='5550'/>
		<buildingScore value='3475'/>
		<razingScore value='0'/>
		<mineralScore value='11106'/>
		<gasScore value='1360'/>
		<totalScore value='30266'/>
	</player>

	<enemy>
		<race value='Terran'/>
		<unitScore value='11125'/>
		<killScore value='14100'/>
		<buildingScore value='3950'/>
		<razingScore value='10425'/>
		<mineralScore value='12918'/>
		<gasScore value='5760'/>
		<totalScore value='58278'/>
	</enemy>

	<scoreRatio value='0.519338'/>
	<timeFitness value='0.224444'/>
	<unitsAverage value='44'/>
</results>
