<results>
	<result value='win'/>
	<start value='2015-05-09.19:42:37'/>
	<end value='2015-05-09.19:43:06'/>
	<frames value='32490'/>
	<gameDuration value='2030'/>

	<player>
		<unitScore value='14425'/>
		<killScore value='31150'/>
		<buildingScore value='4300'/>
		<razingScore value='9450'/>
		<mineralScore value='23722'/>
		<gasScore value='3432'/>
		<totalScore value='86479'/>
	</player>

	<enemy>
		<race value='Terran'/>
		<unitScore value='17875'/>
		<unitScore value='17875'/>
		<killScore value='11400'/>
		<buildingScore value='3150'/>
		<razingScore value='1875'/>
		<mineralScore value='13918'/>
		<gasScore value='6088'/>
		<totalScore value='54306'/>
	</enemy>

	<scoreRatio value='1.59244'/>
	<timeFitness value='0.718056'/>
	<unitsAverage value='78'/>
</results>
