<results>
	<result value='loss'/>
	<start value='2015-05-09.19:47:33'/>
	<end value='2015-05-09.19:47:44'/>
	<frames value='18695'/>
	<gameDuration value='1168'/>

	<player>
		<unitScore value='3775'/>
		<killScore value='1500'/>
		<buildingScore value='1625'/>
		<razingScore value='0'/>
		<mineralScore value='5706'/>
		<gasScore value='816'/>
		<totalScore value='13422'/>
	</player>

	<enemy>
		<race value='Terran'/>
		<unitScore value='7025'/>
		<unitScore value='7025'/>
		<killScore value='7550'/>
		<buildingScore value='2900'/>
		<razingScore value='4875'/>
		<mineralScore value='8586'/>
		<gasScore value='2944'/>
		<totalScore value='33880'/>
	</enemy>

	<scoreRatio value='0.396163'/>
	<timeFitness value='0.162222'/>
	<unitsAverage value='28'/>
</results>
