<results>
	<result value='loss'/>
	<start value='2015-05-03.00:39:58'/>
	<end value='2015-05-03.00:41:40'/>
	<frames value='56298'/>
	<gameDuration value='3518'/>

	<player>
		<unitScore value='29600'/>
		<killScore value='43300'/>
		<buildingScore value='3225'/>
		<razingScore value='0'/>
		<mineralScore value='31454'/>
		<gasScore value='6470'/>
		<totalScore value='114049'/>
	</player>

	<enemy>
		<race value='Protoss'/>
		<unitScore value='37725'/>
		<unitScore value='37725'/>
		<killScore value='58950'/>
		<buildingScore value='6325'/>
		<razingScore value='9675'/>
		<mineralScore value='31550'/>
		<gasScore value='11960'/>
		<totalScore value='156185'/>
	</enemy>

	<scoreRatio value='0.730217'/>
	<timeFitness value='0.488611'/>
	<unitsAverage value='98'/>
</results>
