<results>
	<result value='win'/>
	<start value='2015-05-08.20:09:59'/>
	<end value='2015-05-08.20:10:34'/>
	<frames value='39961'/>
	<gameDuration value='2497'/>

	<player>
		<unitScore value='17350'/>
		<killScore value='32850'/>
		<buildingScore value='3900'/>
		<razingScore value='12075'/>
		<mineralScore value='20710'/>
		<gasScore value='5280'/>
		<totalScore value='92165'/>
	</player>

	<enemy>
		<race value='Terran'/>
		<unitScore value='18825'/>
		<unitScore value='18825'/>
		<killScore value='15100'/>
		<buildingScore value='4025'/>
		<razingScore value='3675'/>
		<mineralScore value='16126'/>
		<gasScore value='8208'/>
		<totalScore value='65959'/>
	</enemy>

	<scoreRatio value='1.39731'/>
	<timeFitness value='0.653194'/>
	<unitsAverage value='88'/>
</results>
