<results>
	<result value='loss'/>
	<start value='2015-05-08.20:10:48'/>
	<end value='2015-05-08.20:10:58'/>
	<frames value='19346'/>
	<gameDuration value='1209'/>

	<player>
		<unitScore value='5200'/>
		<killScore value='1850'/>
		<buildingScore value='2000'/>
		<razingScore value='0'/>
		<mineralScore value='7170'/>
		<gasScore value='800'/>
		<totalScore value='17020'/>
	</player>

	<enemy>
		<race value='Terran'/>
		<unitScore value='7050'/>
		<unitScore value='7050'/>
		<killScore value='10150'/>
		<buildingScore value='2850'/>
		<razingScore value='6000'/>
		<mineralScore value='8826'/>
		<gasScore value='3192'/>
		<totalScore value='38068'/>
	</enemy>

	<scoreRatio value='0.447095'/>
	<timeFitness value='0.167917'/>
	<unitsAverage value='29'/>
</results>
