<results>
	<result value='win'/>
	<start value='2015-05-08.20:21:21'/>
	<end value='2015-05-08.20:21:42'/>
	<frames value='25453'/>
	<gameDuration value='1590'/>

	<player>
		<unitScore value='13425'/>
		<killScore value='16200'/>
		<buildingScore value='4500'/>
		<razingScore value='4800'/>
		<mineralScore value='21674'/>
		<gasScore value='2832'/>
		<totalScore value='63431'/>
	</player>

	<enemy>
		<race value='Terran'/>
		<unitScore value='8100'/>
		<unitScore value='8100'/>
		<killScore value='7900'/>
		<buildingScore value='1600'/>
		<razingScore value='1575'/>
		<mineralScore value='11682'/>
		<gasScore value='2504'/>
		<totalScore value='33361'/>
	</enemy>

	<scoreRatio value='1.90135'/>
	<timeFitness value='0.779167'/>
	<unitsAverage value='84'/>
</results>
