<results>
	<result value='loss'/>
	<start value='2015-07-18.05:21:52'/>
	<end value='2015-07-18.05:22:19'/>
	<frames value='27747'/>
	<gameDuration value='1734'/>

	<player>
		<unitScore value='10925'/>
		<killScore value='6850'/>
		<buildingScore value='2375'/>
		<razingScore value='0'/>
		<mineralScore value='10970'/>
		<gasScore value='1600'/>
		<totalScore value='32720'/>
	</player>

	<enemy>
		<race value='Terran'/>
		<unitScore value='8325'/>
		<killScore value='21000'/>
		<buildingScore value='3850'/>
		<razingScore value='7125'/>
		<mineralScore value='12682'/>
		<gasScore value='5280'/>
		<totalScore value='58262'/>
	</enemy>

	<scoreRatio value='0.561601'/>
	<timeFitness value='0.240833'/>
	<unitsAverage value='38'/>
</results>
