<results>
	<result value='loss'/>
	<start value='2015-07-18.05:27:21'/>
	<end value='2015-07-18.05:27:43'/>
	<frames value='23190'/>
	<gameDuration value='1449'/>

	<player>
		<unitScore value='11525'/>
		<killScore value='3000'/>
		<buildingScore value='2225'/>
		<razingScore value='0'/>
		<mineralScore value='11218'/>
		<gasScore value='2208'/>
		<totalScore value='30176'/>
	</player>

	<enemy>
		<race value='Terran'/>
		<unitScore value='8925'/>
		<killScore value='23050'/>
		<buildingScore value='3600'/>
		<razingScore value='6675'/>
		<mineralScore value='11562'/>
		<gasScore value='4584'/>
		<totalScore value='58396'/>
	</enemy>

	<scoreRatio value='0.516748'/>
	<timeFitness value='0.20125'/>
	<unitsAverage value='37'/>
</results>
