<results>
	<result value='loss'/>
	<start value='2015-07-18.05:31:50'/>
	<end value='2015-07-18.05:32:35'/>
	<frames value='49323'/>
	<gameDuration value='3082'/>

	<player>
		<unitScore value='19425'/>
		<killScore value='16350'/>
		<buildingScore value='3850'/>
		<razingScore value='1050'/>
		<mineralScore value='20014'/>
		<gasScore value='2736'/>
		<totalScore value='63425'/>
	</player>

	<enemy>
		<race value='Terran'/>
		<unitScore value='23450'/>
		<killScore value='38850'/>
		<buildingScore value='5775'/>
		<razingScore value='11550'/>
		<mineralScore value='22190'/>
		<gasScore value='15070'/>
		<totalScore value='116885'/>
	</enemy>

	<scoreRatio value='0.542627'/>
	<timeFitness value='0.428056'/>
	<unitsAverage value='41'/>
</results>
