<results>
	<result value='loss'/>
	<start value='2015-07-18.05:40:00'/>
	<end value='2015-07-18.05:40:20'/>
	<frames value='22043'/>
	<gameDuration value='1377'/>

	<player>
		<unitScore value='8800'/>
		<killScore value='3950'/>
		<buildingScore value='2450'/>
		<razingScore value='0'/>
		<mineralScore value='8730'/>
		<gasScore value='1680'/>
		<totalScore value='25610'/>
	</player>

	<enemy>
		<race value='Terran'/>
		<unitScore value='7575'/>
		<killScore value='17600'/>
		<buildingScore value='2350'/>
		<razingScore value='7350'/>
		<mineralScore value='10518'/>
		<gasScore value='3496'/>
		<totalScore value='48889'/>
	</enemy>

	<scoreRatio value='0.52384'/>
	<timeFitness value='0.19125'/>
	<unitsAverage value='33'/>
</results>
