<results>
	<result value='win'/>
	<start value='2015-05-04.22:31:30'/>
	<end value='2015-05-04.22:32:29'/>
	<frames value='34505'/>
	<gameDuration value='2156'/>

	<player>
		<unitScore value='22125'/>
		<killScore value='26800'/>
		<buildingScore value='4325'/>
		<razingScore value='21525'/>
		<mineralScore value='29810'/>
		<gasScore value='2368'/>
		<totalScore value='106953'/>
	</player>

	<enemy>
		<race value='Protoss'/>
		<unitScore value='14125'/>
		<unitScore value='14125'/>
		<killScore value='22600'/>
		<buildingScore value='7175'/>
		<razingScore value='300'/>
		<mineralScore value='18378'/>
		<gasScore value='6096'/>
		<totalScore value='68674'/>
	</enemy>

	<scoreRatio value='1.5574'/>
	<timeFitness value='0.700556'/>
	<unitsAverage value='97'/>
</results>
