<results>
	<result value='win'/>
	<start value='2015-05-04.22:39:28'/>
	<end value='2015-05-04.22:39:46'/>
	<frames value='16835'/>
	<gameDuration value='1052'/>

	<player>
		<unitScore value='6300'/>
		<killScore value='4400'/>
		<buildingScore value='2100'/>
		<razingScore value='6000'/>
		<mineralScore value='10082'/>
		<gasScore value='1144'/>
		<totalScore value='30026'/>
	</player>

	<enemy>
		<race value='Protoss'/>
		<unitScore value='2200'/>
		<unitScore value='2200'/>
		<killScore value='3300'/>
		<buildingScore value='2000'/>
		<razingScore value='0'/>
		<mineralScore value='7834'/>
		<gasScore value='832'/>
		<totalScore value='16166'/>
	</enemy>

	<scoreRatio value='1.85735'/>
	<timeFitness value='0.853889'/>
	<unitsAverage value='52'/>
</results>
