<results>
	<result value='loss'/>
	<start value='2015-05-04.22:44:42'/>
	<end value='2015-05-04.22:44:56'/>
	<frames value='15967'/>
	<gameDuration value='997'/>

	<player>
		<unitScore value='3175'/>
		<killScore value='1400'/>
		<buildingScore value='1450'/>
		<razingScore value='0'/>
		<mineralScore value='4690'/>
		<gasScore value='720'/>
		<totalScore value='11435'/>
	</player>

	<enemy>
		<race value='Protoss'/>
		<unitScore value='3550'/>
		<unitScore value='3550'/>
		<killScore value='6350'/>
		<buildingScore value='3525'/>
		<razingScore value='4350'/>
		<mineralScore value='8282'/>
		<gasScore value='1632'/>
		<totalScore value='27689'/>
	</enemy>

	<scoreRatio value='0.41298'/>
	<timeFitness value='0.138472'/>
	<unitsAverage value='22'/>
</results>
