<results>
	<result value='loss'/>
	<start value='2015-05-04.22:48:15'/>
	<end value='2015-05-04.22:48:27'/>
	<frames value='14913'/>
	<gameDuration value='932'/>

	<player>
		<unitScore value='3225'/>
		<killScore value='1900'/>
		<buildingScore value='1600'/>
		<razingScore value='0'/>
		<mineralScore value='4866'/>
		<gasScore value='768'/>
		<totalScore value='12359'/>
	</player>

	<enemy>
		<race value='Protoss'/>
		<unitScore value='3600'/>
		<unitScore value='3600'/>
		<killScore value='6450'/>
		<buildingScore value='2725'/>
		<razingScore value='4800'/>
		<mineralScore value='7626'/>
		<gasScore value='1392'/>
		<totalScore value='26593'/>
	</enemy>

	<scoreRatio value='0.464746'/>
	<timeFitness value='0.129444'/>
	<unitsAverage value='25'/>
</results>
