<results>
	<result value='win'/>
	<start value='2015-04-25.02:26:22'/>
	<end value='2015-04-25.02:26:51'/>
	<frames value='36923'/>
	<gameDuration value='2307'/>

	<player>
		<unitScore value='17575'/>
		<killScore value='27500'/>
		<buildingScore value='3800'/>
		<razingScore value='11625'/>
		<mineralScore value='21682'/>
		<gasScore value='3464'/>
		<totalScore value='85646'/>
	</player>

	<enemy>
		<race value='Terran'/>
		<unitScore value='14950'/>
		<unitScore value='14950'/>
		<killScore value='19500'/>
		<buildingScore value='3875'/>
		<razingScore value='3375'/>
		<mineralScore value='14018'/>
		<gasScore value='6568'/>
		<totalScore value='62286'/>
	</enemy>

	<scoreRatio value='1.37504'/>
</results>
