<results>
	<result value='win'/>
	<start value='2015-04-25.02:33:04'/>
	<end value='2015-04-25.02:33:42'/>
	<frames value='37977'/>
	<gameDuration value='2373'/>

	<player>
		<unitScore value='20200'/>
		<killScore value='26000'/>
		<buildingScore value='5025'/>
		<razingScore value='10950'/>
		<mineralScore value='30162'/>
		<gasScore value='3776'/>
		<totalScore value='96113'/>
	</player>

	<enemy>
		<race value='Terran'/>
		<unitScore value='13300'/>
		<unitScore value='13300'/>
		<killScore value='19350'/>
		<buildingScore value='3650'/>
		<razingScore value='3375'/>
		<mineralScore value='12098'/>
		<gasScore value='5362'/>
		<totalScore value='57135'/>
	</enemy>

	<scoreRatio value='1.68221'/>
</results>
