<results>
	<result value='draw'/>
	<start value='2015-05-06.04:31:13'/>
	<end value='2015-05-06.04:32:41'/>
	<frames value='57601'/>
	<gameDuration value='3600'/>

	<player>
		<unitScore value='21100'/>
		<killScore value='17550'/>
		<buildingScore value='4050'/>
		<razingScore value='17025'/>
		<mineralScore value='37118'/>
		<gasScore value='5048'/>
		<totalScore value='101891'/>
	</player>

	<enemy>
		<race value='Protoss'/>
		<unitScore value='9025'/>
		<unitScore value='9025'/>
		<killScore value='19100'/>
		<buildingScore value='6825'/>
		<razingScore value='0'/>
		<mineralScore value='19658'/>
		<gasScore value='7448'/>
		<totalScore value='62056'/>
	</enemy>

	<scoreRatio value='1.64192'/>
	<timeFitness value='0.5'/>
	<unitsAverage value='143'/>
</results>
