<results>
	<result value='loss'/>
	<start value='2015-05-06.05:01:21'/>
	<end value='2015-05-06.05:01:29'/>
	<frames value='18292'/>
	<gameDuration value='1143'/>

	<player>
		<unitScore value='4950'/>
		<killScore value='1500'/>
		<buildingScore value='1950'/>
		<razingScore value='0'/>
		<mineralScore value='7250'/>
		<gasScore value='1088'/>
		<totalScore value='16738'/>
	</player>

	<enemy>
		<race value='Protoss'/>
		<unitScore value='5275'/>
		<unitScore value='5275'/>
		<killScore value='9550'/>
		<buildingScore value='3275'/>
		<razingScore value='5850'/>
		<mineralScore value='8986'/>
		<gasScore value='2688'/>
		<totalScore value='35624'/>
	</enemy>

	<scoreRatio value='0.469852'/>
	<timeFitness value='0.15875'/>
	<unitsAverage value='34'/>
</results>
