<results>
	<result value='loss'/>
	<start value='2015-04-29.17:26:39'/>
	<end value='2015-04-29.17:27:08'/>
	<frames value='31250'/>
	<gameDuration value='1953'/>

	<player>
		<unitScore value='10975'/>
		<killScore value='5100'/>
		<buildingScore value='3175'/>
		<razingScore value='300'/>
		<mineralScore value='17026'/>
		<gasScore value='2480'/>
		<totalScore value='39056'/>
	</player>

	<enemy>
		<race value='Protoss'/>
		<unitScore value='16900'/>
		<unitScore value='16900'/>
		<killScore value='21950'/>
		<buildingScore value='6225'/>
		<razingScore value='9525'/>
		<mineralScore value='19362'/>
		<gasScore value='7416'/>
		<totalScore value='81378'/>
	</enemy>

	<scoreRatio value='0.479933'/>
</results>
