<results>
	<result value='loss'/>
	<start value='2015-07-18.05:22:08'/>
	<end value='2015-07-18.05:23:13'/>
	<frames value='41077'/>
	<gameDuration value='2567'/>

	<player>
		<unitScore value='22600'/>
		<killScore value='9800'/>
		<buildingScore value='2850'/>
		<razingScore value='0'/>
		<mineralScore value='31430'/>
		<gasScore value='4120'/>
		<totalScore value='70800'/>
	</player>

	<enemy>
		<race value='Protoss'/>
		<unitScore value='25880'/>
		<killScore value='45000'/>
		<buildingScore value='7300'/>
		<razingScore value='8550'/>
		<mineralScore value='28666'/>
		<gasScore value='9684'/>
		<totalScore value='125080'/>
	</enemy>

	<scoreRatio value='0.566038'/>
	<timeFitness value='0.356528'/>
	<unitsAverage value='75'/>
</results>
