<results>
	<result value='win'/>
	<start value='2015-04-12.16:23:04'/>
	<end value='2015-04-12.16:24:44'/>
	<frames value='54283'/>
	<gameDuration value='3392'/>

	<player>
		<unitScore value='28625'/>
		<killScore value='35800'/>
		<buildingScore value='4850'/>
		<razingScore value='18225'/>
		<mineralScore value='39654'/>
		<gasScore value='3312'/>
		<totalScore value='130466'/>
	</player>

	<enemy>
		<race value='Protoss'/>
		<unitScore value='19375'/>
		<unitScore value='19375'/>
		<killScore value='36300'/>
		<buildingScore value='6075'/>
		<razingScore value='4275'/>
		<mineralScore value='19550'/>
		<gasScore value='12844'/>
		<totalScore value='98419'/>
	</enemy>

	<scoreRatio value='1.32562'/>
</results>
