<results>
	<result value='win'/>
	<start value='2015-05-02.16:59:58'/>
	<end value='2015-05-02.17:00:38'/>
	<frames value='29762'/>
	<gameDuration value='1860'/>

	<player>
		<unitScore value='19200'/>
		<killScore value='17300'/>
		<buildingScore value='4525'/>
		<razingScore value='12225'/>
		<mineralScore value='24254'/>
		<gasScore value='2104'/>
		<totalScore value='79608'/>
	</player>

	<enemy>
		<race value='Protoss'/>
		<unitScore value='8650'/>
		<unitScore value='8650'/>
		<killScore value='16850'/>
		<buildingScore value='4075'/>
		<razingScore value='0'/>
		<mineralScore value='19850'/>
		<gasScore value='1040'/>
		<totalScore value='50465'/>
	</enemy>

	<scoreRatio value='1.57749'/>
	<timeFitness value='0.741667'/>
	<unitsAverage value='88'/>
</results>
