<results>
	<result value='loss'/>
	<start value='2015-05-02.17:04:54'/>
	<end value='2015-05-02.17:05:04'/>
	<frames value='17951'/>
	<gameDuration value='1121'/>

	<player>
		<unitScore value='5025'/>
		<killScore value='1800'/>
		<buildingScore value='1375'/>
		<razingScore value='0'/>
		<mineralScore value='6250'/>
		<gasScore value='960'/>
		<totalScore value='15410'/>
	</player>

	<enemy>
		<race value='Protoss'/>
		<unitScore value='4975'/>
		<unitScore value='4975'/>
		<killScore value='10050'/>
		<buildingScore value='3275'/>
		<razingScore value='4125'/>
		<mineralScore value='9394'/>
		<gasScore value='2344'/>
		<totalScore value='34163'/>
	</enemy>

	<scoreRatio value='0.451073'/>
	<timeFitness value='0.155694'/>
	<unitsAverage value='26'/>
</results>
