<results>
	<result value='win'/>
	<start value='2015-05-08.19:11:04'/>
	<end value='2015-05-08.19:11:30'/>
	<frames value='30816'/>
	<gameDuration value='1926'/>

	<player>
		<unitScore value='17525'/>
		<killScore value='11700'/>
		<buildingScore value='3825'/>
		<razingScore value='15225'/>
		<mineralScore value='23674'/>
		<gasScore value='1992'/>
		<totalScore value='73941'/>
	</player>

	<enemy>
		<race value='Protoss'/>
		<unitScore value='5850'/>
		<unitScore value='5850'/>
		<killScore value='13950'/>
		<buildingScore value='5075'/>
		<razingScore value='0'/>
		<mineralScore value='13266'/>
		<gasScore value='3176'/>
		<totalScore value='41317'/>
	</enemy>

	<scoreRatio value='1.7896'/>
	<timeFitness value='0.7325'/>
	<unitsAverage value='88'/>
</results>
