<results>
	<result value='win'/>
	<start value='2015-05-08.19:14:43'/>
	<end value='2015-05-08.19:15:14'/>
	<frames value='32118'/>
	<gameDuration value='2007'/>

	<player>
		<unitScore value='18375'/>
		<killScore value='16300'/>
		<buildingScore value='3750'/>
		<razingScore value='17925'/>
		<mineralScore value='23754'/>
		<gasScore value='3304'/>
		<totalScore value='83408'/>
	</player>

	<enemy>
		<race value='Protoss'/>
		<unitScore value='8200'/>
		<unitScore value='8200'/>
		<killScore value='14950'/>
		<buildingScore value='5975'/>
		<razingScore value='0'/>
		<mineralScore value='14706'/>
		<gasScore value='4048'/>
		<totalScore value='47879'/>
	</enemy>

	<scoreRatio value='1.74206'/>
	<timeFitness value='0.72125'/>
	<unitsAverage value='97'/>
</results>
