<results>
	<result value='loss'/>
	<start value='2015-05-08.19:17:40'/>
	<end value='2015-05-08.19:17:52'/>
	<frames value='29328'/>
	<gameDuration value='1833'/>

	<player>
		<unitScore value='2875'/>
		<killScore value='2600'/>
		<buildingScore value='1475'/>
		<razingScore value='0'/>
		<mineralScore value='4458'/>
		<gasScore value='432'/>
		<totalScore value='11840'/>
	</player>

	<enemy>
		<race value='Protoss'/>
		<unitScore value='13050'/>
		<unitScore value='13050'/>
		<killScore value='5750'/>
		<buildingScore value='6875'/>
		<razingScore value='4425'/>
		<mineralScore value='17426'/>
		<gasScore value='6968'/>
		<totalScore value='54494'/>
	</enemy>

	<scoreRatio value='0.217272'/>
	<timeFitness value='0.254583'/>
	<unitsAverage value='18'/>
</results>
