<results>
	<result value='win'/>
	<start value='2015-05-08.19:17:54'/>
	<end value='2015-05-08.19:18:44'/>
	<frames value='40364'/>
	<gameDuration value='2522'/>

	<player>
		<unitScore value='28600'/>
		<killScore value='53950'/>
		<buildingScore value='3800'/>
		<razingScore value='19650'/>
		<mineralScore value='31606'/>
		<gasScore value='4400'/>
		<totalScore value='142006'/>
	</player>

	<enemy>
		<race value='Protoss'/>
		<unitScore value='28725'/>
		<unitScore value='28725'/>
		<killScore value='35300'/>
		<buildingScore value='6550'/>
		<razingScore value='1200'/>
		<mineralScore value='27238'/>
		<gasScore value='9304'/>
		<totalScore value='108317'/>
	</enemy>

	<scoreRatio value='1.31102'/>
	<timeFitness value='0.649722'/>
	<unitsAverage value='132'/>
</results>
