<results>
	<result value='loss'/>
	<start value='2015-05-08.19:22:28'/>
	<end value='2015-05-08.19:22:37'/>
	<frames value='18292'/>
	<gameDuration value='1143'/>

	<player>
		<unitScore value='4200'/>
		<killScore value='2800'/>
		<buildingScore value='2000'/>
		<razingScore value='150'/>
		<mineralScore value='6922'/>
		<gasScore value='928'/>
		<totalScore value='17000'/>
	</player>

	<enemy>
		<race value='Protoss'/>
		<unitScore value='5475'/>
		<unitScore value='5475'/>
		<killScore value='8400'/>
		<buildingScore value='3875'/>
		<razingScore value='6000'/>
		<mineralScore value='9186'/>
		<gasScore value='2592'/>
		<totalScore value='35528'/>
	</enemy>

	<scoreRatio value='0.478496'/>
	<timeFitness value='0.15875'/>
	<unitsAverage value='32'/>
</results>
