<results>
	<result value='win'/>
	<start value='2015-05-08.19:42:56'/>
	<end value='2015-05-08.19:43:33'/>
	<frames value='32428'/>
	<gameDuration value='2026'/>

	<player>
		<unitScore value='20850'/>
		<killScore value='22350'/>
		<buildingScore value='4750'/>
		<razingScore value='15150'/>
		<mineralScore value='32474'/>
		<gasScore value='2312'/>
		<totalScore value='97886'/>
	</player>

	<enemy>
		<race value='Protoss'/>
		<unitScore value='12575'/>
		<unitScore value='12575'/>
		<killScore value='18100'/>
		<buildingScore value='5050'/>
		<razingScore value='150'/>
		<mineralScore value='14966'/>
		<gasScore value='5344'/>
		<totalScore value='56185'/>
	</enemy>

	<scoreRatio value='1.74221'/>
	<timeFitness value='0.718611'/>
	<unitsAverage value='121'/>
</results>
