<results>
	<result value='win'/>
	<start value='2015-04-30.13:49:19'/>
	<end value='2015-04-30.13:50:01'/>
	<frames value='26755'/>
	<gameDuration value='1672'/>

	<player>
		<unitScore value='16375'/>
		<killScore value='23920'/>
		<buildingScore value='3225'/>
		<razingScore value='6180'/>
		<mineralScore value='22994'/>
		<gasScore value='1856'/>
		<totalScore value='74550'/>
	</player>

	<enemy>
		<race value='Zerg'/>
		<unitScore value='10850'/>
		<unitScore value='10850'/>
		<killScore value='15000'/>
		<buildingScore value='2060'/>
		<razingScore value='0'/>
		<mineralScore value='10786'/>
		<gasScore value='3368'/>
		<totalScore value='42064'/>
	</enemy>

	<scoreRatio value='1.7723'/>
	<timeFitness value='0.767778'/>
	<unitsAverage value='86'/>
</results>
