<results>
	<result value='win'/>
	<start value='2015-04-30.13:50:04'/>
	<end value='2015-04-30.13:50:49'/>
	<frames value='27096'/>
	<gameDuration value='1693'/>

	<player>
		<unitScore value='17450'/>
		<killScore value='22115'/>
		<buildingScore value='4075'/>
		<razingScore value='5115'/>
		<mineralScore value='24414'/>
		<gasScore value='2048'/>
		<totalScore value='75217'/>
	</player>

	<enemy>
		<race value='Zerg'/>
		<unitScore value='10200'/>
		<unitScore value='10200'/>
		<killScore value='14150'/>
		<buildingScore value='1705'/>
		<razingScore value='0'/>
		<mineralScore value='10642'/>
		<gasScore value='3072'/>
		<totalScore value='39769'/>
	</enemy>

	<scoreRatio value='1.89135'/>
	<timeFitness value='0.764861'/>
	<unitsAverage value='88'/>
</results>
