<results>
	<result value='loss'/>
	<start value='2015-05-04.22:00:57'/>
	<end value='2015-05-04.22:01:06'/>
	<frames value='17734'/>
	<gameDuration value='1108'/>

	<player>
		<unitScore value='4250'/>
		<killScore value='1200'/>
		<buildingScore value='1925'/>
		<razingScore value='0'/>
		<mineralScore value='5706'/>
		<gasScore value='680'/>
		<totalScore value='13761'/>
	</player>

	<enemy>
		<race value='Protoss'/>
		<unitScore value='3700'/>
		<unitScore value='3700'/>
		<killScore value='8500'/>
		<buildingScore value='4125'/>
		<razingScore value='5775'/>
		<mineralScore value='9562'/>
		<gasScore value='1624'/>
		<totalScore value='33286'/>
	</enemy>

	<scoreRatio value='0.413417'/>
	<timeFitness value='0.153889'/>
	<unitsAverage value='27'/>
</results>
