<results>
	<result value='win'/>
	<start value='2015-05-04.22:05:04'/>
	<end value='2015-05-04.22:05:44'/>
	<frames value='42658'/>
	<gameDuration value='2666'/>

	<player>
		<unitScore value='22650'/>
		<killScore value='36350'/>
		<buildingScore value='2700'/>
		<razingScore value='21825'/>
		<mineralScore value='25314'/>
		<gasScore value='3336'/>
		<totalScore value='112175'/>
	</player>

	<enemy>
		<race value='Protoss'/>
		<unitScore value='18750'/>
		<unitScore value='18750'/>
		<killScore value='30750'/>
		<buildingScore value='7275'/>
		<razingScore value='375'/>
		<mineralScore value='23330'/>
		<gasScore value='7632'/>
		<totalScore value='88112'/>
	</enemy>

	<scoreRatio value='1.2731'/>
	<timeFitness value='0.629722'/>
	<unitsAverage value='105'/>
</results>
