<results>
	<result value='loss'/>
	<start value='2015-05-04.22:13:35'/>
	<end value='2015-05-04.22:14:09'/>
	<frames value='49943'/>
	<gameDuration value='3121'/>

	<player>
		<unitScore value='19050'/>
		<killScore value='18300'/>
		<buildingScore value='3150'/>
		<razingScore value='150'/>
		<mineralScore value='27646'/>
		<gasScore value='4160'/>
		<totalScore value='72456'/>
	</player>

	<enemy>
		<race value='Protoss'/>
		<unitScore value='27975'/>
		<unitScore value='27975'/>
		<killScore value='37850'/>
		<buildingScore value='8225'/>
		<razingScore value='9450'/>
		<mineralScore value='30810'/>
		<gasScore value='12022'/>
		<totalScore value='126332'/>
	</enemy>

	<scoreRatio value='0.573536'/>
	<timeFitness value='0.433472'/>
	<unitsAverage value='62'/>
</results>
