<results>
	<result value='win'/>
	<start value='2014-07-23.04:00:23'/>
	<end value='2014-07-23.04:00:55'/>
	<frames value='30723'/>
	<gameDuration value='1920'/>

	<player>
		<unitScore value='19000'/>
		<killScore value='28565'/>
		<buildingScore value='3625'/>
		<razingScore value='7320'/>
		<mineralScore value='30794'/>
		<gasScore value='3464'/>
		<totalScore value='92768'/>
	</player>

	<enemy>
		<race value='Zerg'/>
		<unitScore value='13200'/>
		<unitScore value='13200'/>
		<killScore value='15500'/>
		<buildingScore value='2440'/>
		<razingScore value='150'/>
		<mineralScore value='12854'/>
		<gasScore value='4320'/>
		<totalScore value='48464'/>
	</enemy>

	<scoreRatio value='1.91416'/>
</results>
