<results>
	<result value='win'/>
	<start value='2015-05-04.07:11:32'/>
	<end value='2015-05-04.07:12:01'/>
	<frames value='31498'/>
	<gameDuration value='1968'/>

	<player>
		<unitScore value='19500'/>
		<killScore value='21250'/>
		<buildingScore value='4275'/>
		<razingScore value='15075'/>
		<mineralScore value='28994'/>
		<gasScore value='2704'/>
		<totalScore value='91798'/>
	</player>

	<enemy>
		<race value='Protoss'/>
		<unitScore value='10625'/>
		<unitScore value='10625'/>
		<killScore value='16150'/>
		<buildingScore value='5025'/>
		<razingScore value='150'/>
		<mineralScore value='13834'/>
		<gasScore value='2320'/>
		<totalScore value='48104'/>
	</enemy>

	<scoreRatio value='1.90832'/>
	<timeFitness value='0.726667'/>
	<unitsAverage value='101'/>
</results>
