<results>
	<result value='loss'/>
	<start value='2015-05-10.18:13:33'/>
	<end value='2015-05-10.18:14:16'/>
	<frames value='50284'/>
	<gameDuration value='3142'/>

	<player>
		<unitScore value='23800'/>
		<killScore value='36250'/>
		<buildingScore value='2625'/>
		<razingScore value='0'/>
		<mineralScore value='24010'/>
		<gasScore value='5166'/>
		<totalScore value='91851'/>
	</player>

	<enemy>
		<race value='Protoss'/>
		<unitScore value='39725'/>
		<unitScore value='39725'/>
		<killScore value='47600'/>
		<buildingScore value='7975'/>
		<razingScore value='7875'/>
		<mineralScore value='34726'/>
		<gasScore value='13860'/>
		<totalScore value='151761'/>
	</enemy>

	<scoreRatio value='0.605235'/>
	<timeFitness value='0.436389'/>
	<unitsAverage value='72'/>
</results>
