<results>
	<result value='loss'/>
	<start value='2015-05-04.07:28:14'/>
	<end value='2015-05-04.07:28:22'/>
	<frames value='16742'/>
	<gameDuration value='1046'/>

	<player>
		<unitScore value='3525'/>
		<killScore value='1000'/>
		<buildingScore value='1200'/>
		<razingScore value='0'/>
		<mineralScore value='5186'/>
		<gasScore value='744'/>
		<totalScore value='11655'/>
	</player>

	<enemy>
		<race value='Protoss'/>
		<unitScore value='3650'/>
		<unitScore value='3650'/>
		<killScore value='7050'/>
		<buildingScore value='4075'/>
		<razingScore value='3600'/>
		<mineralScore value='8714'/>
		<gasScore value='1680'/>
		<totalScore value='28769'/>
	</enemy>

	<scoreRatio value='0.405124'/>
	<timeFitness value='0.145278'/>
	<unitsAverage value='25'/>
</results>
