<results>
	<result value='loss'/>
	<start value='2015-05-10.18:23:55'/>
	<end value='2015-05-10.18:24:01'/>
	<frames value='14045'/>
	<gameDuration value='877'/>

	<player>
		<unitScore value='3100'/>
		<killScore value='800'/>
		<buildingScore value='1125'/>
		<razingScore value='0'/>
		<mineralScore value='4218'/>
		<gasScore value='616'/>
		<totalScore value='9859'/>
	</player>

	<enemy>
		<race value='Protoss'/>
		<unitScore value='3500'/>
		<unitScore value='3500'/>
		<killScore value='6200'/>
		<buildingScore value='2375'/>
		<razingScore value='3375'/>
		<mineralScore value='7154'/>
		<gasScore value='1184'/>
		<totalScore value='23788'/>
	</enemy>

	<scoreRatio value='0.414453'/>
	<timeFitness value='0.121806'/>
	<unitsAverage value='22'/>
</results>
