<results>
	<result value='win'/>
	<start value='2015-05-03.03:12:35'/>
	<end value='2015-05-03.03:12:57'/>
	<frames value='19656'/>
	<gameDuration value='1228'/>

	<player>
		<unitScore value='6175'/>
		<killScore value='14000'/>
		<buildingScore value='2850'/>
		<razingScore value='5250'/>
		<mineralScore value='11594'/>
		<gasScore value='1408'/>
		<totalScore value='41277'/>
	</player>

	<enemy>
		<race value='Terran'/>
		<unitScore value='7000'/>
		<unitScore value='7000'/>
		<killScore value='3650'/>
		<buildingScore value='1750'/>
		<razingScore value='1800'/>
		<mineralScore value='7986'/>
		<gasScore value='2408'/>
		<totalScore value='24594'/>
	</enemy>

	<scoreRatio value='1.67834'/>
	<timeFitness value='0.829444'/>
	<unitsAverage value='49'/>
</results>
