<results>
	<result value='loss'/>
	<start value='2015-05-03.03:32:02'/>
	<end value='2015-05-03.03:32:45'/>
	<frames value='46440'/>
	<gameDuration value='2902'/>

	<player>
		<unitScore value='17275'/>
		<killScore value='21050'/>
		<buildingScore value='3075'/>
		<razingScore value='0'/>
		<mineralScore value='19994'/>
		<gasScore value='1880'/>
		<totalScore value='63274'/>
	</player>

	<enemy>
		<race value='Terran'/>
		<unitScore value='33750'/>
		<unitScore value='33750'/>
		<killScore value='34550'/>
		<buildingScore value='5475'/>
		<razingScore value='9225'/>
		<mineralScore value='24498'/>
		<gasScore value='14966'/>
		<totalScore value='122464'/>
	</enemy>

	<scoreRatio value='0.516674'/>
	<timeFitness value='0.403056'/>
	<unitsAverage value='47'/>
</results>
