<results>
	<result value='win'/>
	<start value='2015-05-03.01:56:49'/>
	<end value='2015-05-03.01:57:15'/>
	<frames value='27623'/>
	<gameDuration value='1726'/>

	<player>
		<unitScore value='12950'/>
		<killScore value='24250'/>
		<buildingScore value='3950'/>
		<razingScore value='8925'/>
		<mineralScore value='22794'/>
		<gasScore value='2744'/>
		<totalScore value='75613'/>
	</player>

	<enemy>
		<race value='Terran'/>
		<unitScore value='12125'/>
		<unitScore value='12125'/>
		<killScore value='7650'/>
		<buildingScore value='2975'/>
		<razingScore value='1500'/>
		<mineralScore value='11082'/>
		<gasScore value='4528'/>
		<totalScore value='39860'/>
	</enemy>

	<scoreRatio value='1.89696'/>
	<timeFitness value='0.760278'/>
	<unitsAverage value='81'/>
</results>
