<results>
	<result value='win'/>
	<start value='2015-05-04.03:10:37'/>
	<end value='2015-05-04.03:11:03'/>
	<frames value='28677'/>
	<gameDuration value='1792'/>

	<player>
		<unitScore value='13850'/>
		<killScore value='16200'/>
		<buildingScore value='3175'/>
		<razingScore value='8550'/>
		<mineralScore value='17418'/>
		<gasScore value='2824'/>
		<totalScore value='62017'/>
	</player>

	<enemy>
		<race value='Terran'/>
		<unitScore value='8100'/>
		<unitScore value='8100'/>
		<killScore value='13300'/>
		<buildingScore value='2850'/>
		<razingScore value='2100'/>
		<mineralScore value='12010'/>
		<gasScore value='3528'/>
		<totalScore value='41888'/>
	</enemy>

	<scoreRatio value='1.48054'/>
	<timeFitness value='0.751111'/>
	<unitsAverage value='64'/>
</results>
