<results>
	<result value='loss'/>
	<start value='2015-05-04.03:13:02'/>
	<end value='2015-05-04.03:13:13'/>
	<frames value='18323'/>
	<gameDuration value='1145'/>

	<player>
		<unitScore value='3800'/>
		<killScore value='1950'/>
		<buildingScore value='1850'/>
		<razingScore value='0'/>
		<mineralScore value='5714'/>
		<gasScore value='800'/>
		<totalScore value='14114'/>
	</player>

	<enemy>
		<race value='Terran'/>
		<unitScore value='6800'/>
		<unitScore value='6800'/>
		<killScore value='7600'/>
		<buildingScore value='2850'/>
		<razingScore value='5550'/>
		<mineralScore value='8346'/>
		<gasScore value='2928'/>
		<totalScore value='34074'/>
	</enemy>

	<scoreRatio value='0.414216'/>
	<timeFitness value='0.159028'/>
	<unitsAverage value='25'/>
</results>
