<results>
	<result value='win'/>
	<start value='2015-05-03.02:00:32'/>
	<end value='2015-05-03.02:00:50'/>
	<frames value='20307'/>
	<gameDuration value='1269'/>

	<player>
		<unitScore value='9750'/>
		<killScore value='14150'/>
		<buildingScore value='3425'/>
		<razingScore value='6600'/>
		<mineralScore value='18546'/>
		<gasScore value='1576'/>
		<totalScore value='54047'/>
	</player>

	<enemy>
		<race value='Terran'/>
		<unitScore value='7075'/>
		<unitScore value='7075'/>
		<killScore value='2200'/>
		<buildingScore value='2200'/>
		<razingScore value='150'/>
		<mineralScore value='8018'/>
		<gasScore value='2520'/>
		<totalScore value='22163'/>
	</enemy>

	<scoreRatio value='2.43861'/>
	<timeFitness value='0.82375'/>
	<unitsAverage value='76'/>
</results>
