<results>
	<result value='win'/>
	<start value='2015-05-03.04:01:43'/>
	<end value='2015-05-03.04:02:35'/>
	<frames value='28615'/>
	<gameDuration value='1788'/>

	<player>
		<unitScore value='17650'/>
		<killScore value='27950'/>
		<buildingScore value='4650'/>
		<razingScore value='7200'/>
		<mineralScore value='25762'/>
		<gasScore value='2248'/>
		<totalScore value='85460'/>
	</player>

	<enemy>
		<race value='Terran'/>
		<unitScore value='13975'/>
		<unitScore value='13975'/>
		<killScore value='14750'/>
		<buildingScore value='2400'/>
		<razingScore value='1725'/>
		<mineralScore value='12050'/>
		<gasScore value='4392'/>
		<totalScore value='49292'/>
	</enemy>

	<scoreRatio value='1.73375'/>
	<timeFitness value='0.751667'/>
	<unitsAverage value='92'/>
</results>
