<results>
	<result value='win'/>
	<start value='2015-05-04.03:26:15'/>
	<end value='2015-05-04.03:26:51'/>
	<frames value='27778'/>
	<gameDuration value='1736'/>

	<player>
		<unitScore value='16900'/>
		<killScore value='22900'/>
		<buildingScore value='3575'/>
		<razingScore value='7650'/>
		<mineralScore value='27434'/>
		<gasScore value='2912'/>
		<totalScore value='81371'/>
	</player>

	<enemy>
		<race value='Terran'/>
		<unitScore value='11750'/>
		<unitScore value='11750'/>
		<killScore value='13500'/>
		<buildingScore value='2650'/>
		<razingScore value='150'/>
		<mineralScore value='11934'/>
		<gasScore value='4176'/>
		<totalScore value='44160'/>
	</enemy>

	<scoreRatio value='1.84264'/>
	<timeFitness value='0.758889'/>
	<unitsAverage value='96'/>
</results>
