<results>
	<result value='draw'/>
	<start value='2015-05-05.05:27:19'/>
	<end value='2015-05-05.05:28:08'/>
	<frames value='57601'/>
	<gameDuration value='3600'/>

	<player>
		<unitScore value='25550'/>
		<killScore value='28450'/>
		<buildingScore value='5725'/>
		<razingScore value='19875'/>
		<mineralScore value='32362'/>
		<gasScore value='4208'/>
		<totalScore value='116170'/>
	</player>

	<enemy>
		<race value='Terran'/>
		<unitScore value='21250'/>
		<unitScore value='21250'/>
		<killScore value='30250'/>
		<buildingScore value='6750'/>
		<razingScore value='7725'/>
		<mineralScore value='20682'/>
		<gasScore value='13624'/>
		<totalScore value='100281'/>
	</enemy>

	<scoreRatio value='1.15844'/>
	<timeFitness value='0.5'/>
	<unitsAverage value='74'/>
</results>
