<results>
	<result value='win'/>
	<start value='2015-05-05.05:35:21'/>
	<end value='2015-05-05.05:35:45'/>
	<frames value='30134'/>
	<gameDuration value='1883'/>

	<player>
		<unitScore value='14500'/>
		<killScore value='23150'/>
		<buildingScore value='4000'/>
		<razingScore value='9075'/>
		<mineralScore value='23754'/>
		<gasScore value='3648'/>
		<totalScore value='78127'/>
	</player>

	<enemy>
		<race value='Terran'/>
		<unitScore value='12675'/>
		<unitScore value='12675'/>
		<killScore value='9250'/>
		<buildingScore value='3025'/>
		<razingScore value='1575'/>
		<mineralScore value='12178'/>
		<gasScore value='4664'/>
		<totalScore value='43367'/>
	</enemy>

	<scoreRatio value='1.80153'/>
	<timeFitness value='0.738472'/>
	<unitsAverage value='79'/>
</results>
