<results>
	<result value='win'/>
	<start value='2015-05-05.05:42:00'/>
	<end value='2015-05-05.05:42:14'/>
	<frames value='23779'/>
	<gameDuration value='1486'/>

	<player>
		<unitScore value='8950'/>
		<killScore value='15350'/>
		<buildingScore value='3000'/>
		<razingScore value='5400'/>
		<mineralScore value='12710'/>
		<gasScore value='2024'/>
		<totalScore value='47434'/>
	</player>

	<enemy>
		<race value='Terran'/>
		<unitScore value='7675'/>
		<unitScore value='7675'/>
		<killScore value='9750'/>
		<buildingScore value='1800'/>
		<razingScore value='3825'/>
		<mineralScore value='7930'/>
		<gasScore value='2312'/>
		<totalScore value='33292'/>
	</enemy>

	<scoreRatio value='1.42479'/>
	<timeFitness value='0.793611'/>
	<unitsAverage value='46'/>
</results>
