<results>
	<result value='win'/>
	<start value='2015-05-05.05:47:26'/>
	<end value='2015-05-05.05:47:41'/>
	<frames value='23531'/>
	<gameDuration value='1470'/>

	<player>
		<unitScore value='10500'/>
		<killScore value='19400'/>
		<buildingScore value='3175'/>
		<razingScore value='6525'/>
		<mineralScore value='15354'/>
		<gasScore value='1688'/>
		<totalScore value='56642'/>
	</player>

	<enemy>
		<race value='Terran'/>
		<unitScore value='9700'/>
		<unitScore value='9700'/>
		<killScore value='8700'/>
		<buildingScore value='2250'/>
		<razingScore value='1350'/>
		<mineralScore value='10290'/>
		<gasScore value='3432'/>
		<totalScore value='35722'/>
	</enemy>

	<scoreRatio value='1.58563'/>
	<timeFitness value='0.795833'/>
	<unitsAverage value='59'/>
</results>
