<results>
	<result value='win'/>
	<start value='2015-05-11.00:53:34'/>
	<end value='2015-05-11.00:54:15'/>
	<frames value='31343'/>
	<gameDuration value='1958'/>

	<player>
		<unitScore value='27575'/>
		<killScore value='27380'/>
		<buildingScore value='4075'/>
		<razingScore value='6165'/>
		<mineralScore value='33314'/>
		<gasScore value='2600'/>
		<totalScore value='101109'/>
	</player>

	<enemy>
		<race value='Zerg'/>
		<unitScore value='14675'/>
		<unitScore value='14675'/>
		<killScore value='32800'/>
		<buildingScore value='2055'/>
		<razingScore value='0'/>
		<mineralScore value='11978'/>
		<gasScore value='4424'/>
		<totalScore value='65932'/>
	</enemy>

	<scoreRatio value='1.53353'/>
	<timeFitness value='0.728056'/>
	<unitsAverage value='118'/>
</results>
