<results>
	<result value='win'/>
	<start value='2015-05-11.00:55:16'/>
	<end value='2015-05-11.00:55:41'/>
	<frames value='25546'/>
	<gameDuration value='1596'/>

	<player>
		<unitScore value='15325'/>
		<killScore value='24250'/>
		<buildingScore value='4150'/>
		<razingScore value='5535'/>
		<mineralScore value='22154'/>
		<gasScore value='2576'/>
		<totalScore value='73990'/>
	</player>

	<enemy>
		<race value='Zerg'/>
		<unitScore value='10800'/>
		<unitScore value='10800'/>
		<killScore value='10100'/>
		<buildingScore value='1845'/>
		<razingScore value='0'/>
		<mineralScore value='10154'/>
		<gasScore value='2880'/>
		<totalScore value='35779'/>
	</enemy>

	<scoreRatio value='2.06797'/>
	<timeFitness value='0.778333'/>
	<unitsAverage value='86'/>
</results>
