<results>
	<result value='loss'/>
	<start value='2015-03-29.09:05:53'/>
	<end value='2015-03-29.09:06:02'/>
	<frames value='15657'/>
	<gameDuration value='978'/>

	<player>
		<unitScore value='2950'/>
		<killScore value='1600'/>
		<buildingScore value='1150'/>
		<razingScore value='0'/>
		<mineralScore value='4050'/>
		<gasScore value='544'/>
		<totalScore value='10294'/>
	</player>

	<enemy>
		<race value='Protoss'/>
		<unitScore value='3550'/>
		<unitScore value='3550'/>
		<killScore value='5900'/>
		<buildingScore value='2925'/>
		<razingScore value='3450'/>
		<mineralScore value='8018'/>
		<gasScore value='1480'/>
		<totalScore value='25323'/>
	</enemy>

	<scoreRatio value='0.406508'/>
</results>
