<results>
	<result value='loss'/>
	<start value='2015-07-19.22:27:45'/>
	<end value='2015-07-19.22:28:12'/>
	<frames value='27313'/>
	<gameDuration value='1707'/>

	<player>
		<unitScore value='13900'/>
		<killScore value='9500'/>
		<buildingScore value='2300'/>
		<razingScore value='0'/>
		<mineralScore value='23234'/>
		<gasScore value='2808'/>
		<totalScore value='51742'/>
	</player>

	<enemy>
		<race value='Zerg'/>
		<unitScore value='16125'/>
		<killScore value='27800'/>
		<buildingScore value='3255'/>
		<razingScore value='6900'/>
		<mineralScore value='16006'/>
		<gasScore value='5432'/>
		<totalScore value='75518'/>
	</enemy>

	<scoreRatio value='0.685161'/>
	<timeFitness value='0.237083'/>
	<unitsAverage value='61'/>
</results>
