<results>
	<result value='loss'/>
	<start value='2015-07-19.22:33:53'/>
	<end value='2015-07-19.22:34:17'/>
	<frames value='28956'/>
	<gameDuration value='1809'/>

	<player>
		<unitScore value='15275'/>
		<killScore value='7250'/>
		<buildingScore value='4025'/>
		<razingScore value='0'/>
		<mineralScore value='17062'/>
		<gasScore value='2352'/>
		<totalScore value='45964'/>
	</player>

	<enemy>
		<race value='Zerg'/>
		<unitScore value='18400'/>
		<killScore value='30550'/>
		<buildingScore value='3410'/>
		<razingScore value='12225'/>
		<mineralScore value='18430'/>
		<gasScore value='5984'/>
		<totalScore value='88999'/>
	</enemy>

	<scoreRatio value='0.516455'/>
	<timeFitness value='0.25125'/>
	<unitsAverage value='48'/>
</results>
