<results>
	<result value='loss'/>
	<start value='2015-07-20.21:07:48'/>
	<end value='2015-07-20.21:08:23'/>
	<frames value='36241'/>
	<gameDuration value='2265'/>

	<player>
		<unitScore value='19950'/>
		<killScore value='17175'/>
		<buildingScore value='3600'/>
		<razingScore value='1725'/>
		<mineralScore value='22730'/>
		<gasScore value='2848'/>
		<totalScore value='68028'/>
	</player>

	<enemy>
		<race value='Zerg'/>
		<unitScore value='19950'/>
		<killScore value='40000'/>
		<buildingScore value='4575'/>
		<razingScore value='10800'/>
		<mineralScore value='22102'/>
		<gasScore value='6120'/>
		<totalScore value='103547'/>
	</enemy>

	<scoreRatio value='0.656977'/>
	<timeFitness value='0.314583'/>
	<unitsAverage value='65'/>
</results>
