<results>
	<result value='loss'/>
	<start value='2015-07-20.21:17:24'/>
	<end value='2015-07-20.21:18:01'/>
	<frames value='31405'/>
	<gameDuration value='1962'/>

	<player>
		<unitScore value='19875'/>
		<killScore value='18600'/>
		<buildingScore value='3125'/>
		<razingScore value='0'/>
		<mineralScore value='22418'/>
		<gasScore value='2736'/>
		<totalScore value='66754'/>
	</player>

	<enemy>
		<race value='Zerg'/>
		<unitScore value='20225'/>
		<killScore value='34200'/>
		<buildingScore value='3785'/>
		<razingScore value='9375'/>
		<mineralScore value='19166'/>
		<gasScore value='6746'/>
		<totalScore value='93497'/>
	</enemy>

	<scoreRatio value='0.713969'/>
	<timeFitness value='0.2725'/>
	<unitsAverage value='81'/>
</results>
