<results>
	<result value='loss'/>
	<start value='2015-04-12.23:07:09'/>
	<end value='2015-04-12.23:07:47'/>
	<frames value='54407'/>
	<gameDuration value='3400'/>

	<player>
		<unitScore value='31025'/>
		<killScore value='45950'/>
		<buildingScore value='2875'/>
		<razingScore value='1350'/>
		<mineralScore value='31298'/>
		<gasScore value='5872'/>
		<totalScore value='118370'/>
	</player>

	<enemy>
		<race value='Protoss'/>
		<unitScore value='37175'/>
		<unitScore value='37175'/>
		<killScore value='62050'/>
		<buildingScore value='6575'/>
		<razingScore value='8625'/>
		<mineralScore value='31518'/>
		<gasScore value='11290'/>
		<totalScore value='157233'/>
	</enemy>

	<scoreRatio value='0.752832'/>
</results>
