<results>
	<result value='loss'/>
	<start value='2015-05-01.01:04:35'/>
	<end value='2015-05-01.01:04:41'/>
	<frames value='9395'/>
	<gameDuration value='587'/>

	<player>
		<unitScore value='900'/>
		<killScore value='200'/>
		<buildingScore value='650'/>
		<razingScore value='0'/>
		<mineralScore value='1210'/>
		<gasScore value='16'/>
		<totalScore value='2976'/>
	</player>

	<enemy>
		<race value='Zerg'/>
		<unitScore value='1650'/>
		<unitScore value='1650'/>
		<killScore value='1700'/>
		<buildingScore value='1020'/>
		<razingScore value='1950'/>
		<mineralScore value='2882'/>
		<gasScore value='248'/>
		<totalScore value='9450'/>
	</enemy>

	<scoreRatio value='0.314921'/>
</results>
