<results>
	<result value='win'/>
	<start value='2015-04-28.03:28:30'/>
	<end value='2015-04-28.03:29:03'/>
	<frames value='26910'/>
	<gameDuration value='1681'/>

	<player>
		<unitScore value='16350'/>
		<killScore value='26755'/>
		<buildingScore value='2850'/>
		<razingScore value='6135'/>
		<mineralScore value='18482'/>
		<gasScore value='1720'/>
		<totalScore value='72292'/>
	</player>

	<enemy>
		<race value='Zerg'/>
		<unitScore value='11575'/>
		<unitScore value='11575'/>
		<killScore value='17400'/>
		<buildingScore value='2045'/>
		<razingScore value='0'/>
		<mineralScore value='10962'/>
		<gasScore value='3256'/>
		<totalScore value='45238'/>
	</enemy>

	<scoreRatio value='1.59804'/>
</results>
