<results>
	<result value='win'/>
	<start value='2015-04-28.03:39:07'/>
	<end value='2015-04-28.03:39:34'/>
	<frames value='22787'/>
	<gameDuration value='1424'/>

	<player>
		<unitScore value='12125'/>
		<killScore value='19585'/>
		<buildingScore value='2900'/>
		<razingScore value='5460'/>
		<mineralScore value='15042'/>
		<gasScore value='1576'/>
		<totalScore value='56688'/>
	</player>

	<enemy>
		<race value='Zerg'/>
		<unitScore value='9150'/>
		<unitScore value='9150'/>
		<killScore value='10100'/>
		<buildingScore value='1820'/>
		<razingScore value='0'/>
		<mineralScore value='8762'/>
		<gasScore value='2832'/>
		<totalScore value='32664'/>
	</enemy>

	<scoreRatio value='1.73549'/>
</results>
