<results>
	<result value='draw'/>
	<start value='2015-05-04.01:53:06'/>
	<end value='2015-05-04.01:54:08'/>
	<frames value='57601'/>
	<gameDuration value='3600'/>

	<player>
		<unitScore value='25775'/>
		<killScore value='53080'/>
		<buildingScore value='4325'/>
		<razingScore value='6690'/>
		<mineralScore value='32030'/>
		<gasScore value='5688'/>
		<totalScore value='127588'/>
	</player>

	<enemy>
		<race value='Zerg'/>
		<unitScore value='31350'/>
		<unitScore value='31350'/>
		<killScore value='38350'/>
		<buildingScore value='5085'/>
		<razingScore value='4500'/>
		<mineralScore value='26566'/>
		<gasScore value='10592'/>
		<totalScore value='116443'/>
	</enemy>

	<scoreRatio value='1.09571'/>
	<timeFitness value='0.5'/>
	<unitsAverage value='96'/>
</results>
