<results>
	<result value='loss'/>
	<start value='2015-05-04.02:15:25'/>
	<end value='2015-05-04.02:15:37'/>
	<frames value='22756'/>
	<gameDuration value='1422'/>

	<player>
		<unitScore value='4650'/>
		<killScore value='6300'/>
		<buildingScore value='2050'/>
		<razingScore value='0'/>
		<mineralScore value='6786'/>
		<gasScore value='592'/>
		<totalScore value='20378'/>
	</player>

	<enemy>
		<race value='Zerg'/>
		<unitScore value='8050'/>
		<unitScore value='8050'/>
		<killScore value='9100'/>
		<buildingScore value='2605'/>
		<razingScore value='6150'/>
		<mineralScore value='9394'/>
		<gasScore value='2840'/>
		<totalScore value='38139'/>
	</enemy>

	<scoreRatio value='0.534309'/>
	<timeFitness value='0.1975'/>
	<unitsAverage value='23'/>
</results>
