<results>
	<result value='win'/>
	<start value='2014-07-24.16:44:13'/>
	<end value='2014-07-24.16:44:32'/>
	<frames value='25546'/>
	<gameDuration value='1596'/>

	<player>
		<unitScore value='13725'/>
		<killScore value='20900'/>
		<buildingScore value='3850'/>
		<razingScore value='8025'/>
		<mineralScore value='20850'/>
		<gasScore value='1800'/>
		<totalScore value='69150'/>
	</player>

	<enemy>
		<race value='Terran'/>
		<unitScore value='11050'/>
		<unitScore value='11050'/>
		<killScore value='9050'/>
		<buildingScore value='2750'/>
		<razingScore value='1575'/>
		<mineralScore value='10002'/>
		<gasScore value='3544'/>
		<totalScore value='37971'/>
	</enemy>

	<scoreRatio value='1.82113'/>
</results>
