<results>
	<result value='win'/>
	<start value='2014-07-24.16:46:38'/>
	<end value='2014-07-24.16:47:30'/>
	<frames value='43371'/>
	<gameDuration value='2710'/>

	<player>
		<unitScore value='20425'/>
		<killScore value='34450'/>
		<buildingScore value='5350'/>
		<razingScore value='11475'/>
		<mineralScore value='34550'/>
		<gasScore value='6024'/>
		<totalScore value='112274'/>
	</player>

	<enemy>
		<race value='Terran'/>
		<unitScore value='18025'/>
		<unitScore value='18025'/>
		<killScore value='15750'/>
		<buildingScore value='3825'/>
		<razingScore value='1650'/>
		<mineralScore value='16874'/>
		<gasScore value='8178'/>
		<totalScore value='64302'/>
	</enemy>

	<scoreRatio value='1.74604'/>
</results>
