<results>
	<result value='loss'/>
	<start value='2015-05-04.17:08:18'/>
	<end value='2015-05-04.17:08:27'/>
	<frames value='17579'/>
	<gameDuration value='1098'/>

	<player>
		<unitScore value='4300'/>
		<killScore value='950'/>
		<buildingScore value='1925'/>
		<razingScore value='0'/>
		<mineralScore value='6914'/>
		<gasScore value='1232'/>
		<totalScore value='15321'/>
	</player>

	<enemy>
		<race value='Terran'/>
		<unitScore value='6175'/>
		<unitScore value='6175'/>
		<killScore value='8600'/>
		<buildingScore value='2700'/>
		<razingScore value='5775'/>
		<mineralScore value='7930'/>
		<gasScore value='2608'/>
		<totalScore value='33788'/>
	</enemy>

	<scoreRatio value='0.453445'/>
	<timeFitness value='0.1525'/>
	<unitsAverage value='28'/>
</results>
