<results>
	<result value='win'/>
	<start value='2015-05-08.17:54:05'/>
	<end value='2015-05-08.17:54:43'/>
	<frames value='33265'/>
	<gameDuration value='2079'/>

	<player>
		<unitScore value='17500'/>
		<killScore value='33050'/>
		<buildingScore value='4000'/>
		<razingScore value='8775'/>
		<mineralScore value='38530'/>
		<gasScore value='3152'/>
		<totalScore value='105007'/>
	</player>

	<enemy>
		<race value='Terran'/>
		<unitScore value='17125'/>
		<unitScore value='17125'/>
		<killScore value='12600'/>
		<buildingScore value='3000'/>
		<razingScore value='300'/>
		<mineralScore value='16278'/>
		<gasScore value='5136'/>
		<totalScore value='54439'/>
	</enemy>

	<scoreRatio value='1.92889'/>
	<timeFitness value='0.71125'/>
	<unitsAverage value='122'/>
</results>
