<results>
	<result value='loss'/>
	<start value='2015-04-28.10:33:32'/>
	<end value='2015-04-28.10:33:45'/>
	<frames value='17827'/>
	<gameDuration value='1114'/>

	<player>
		<unitScore value='3475'/>
		<killScore value='1600'/>
		<buildingScore value='1375'/>
		<razingScore value='0'/>
		<mineralScore value='5194'/>
		<gasScore value='872'/>
		<totalScore value='12516'/>
	</player>

	<enemy>
		<race value='Terran'/>
		<unitScore value='5050'/>
		<unitScore value='5050'/>
		<killScore value='6650'/>
		<buildingScore value='1750'/>
		<razingScore value='4125'/>
		<mineralScore value='6850'/>
		<gasScore value='1736'/>
		<totalScore value='26161'/>
	</enemy>

	<scoreRatio value='0.478422'/>
</results>
