<results>
	<result value='win'/>
	<start value='2015-04-28.10:41:44'/>
	<end value='2015-04-28.10:42:11'/>
	<frames value='24740'/>
	<gameDuration value='1546'/>

	<player>
		<unitScore value='12350'/>
		<killScore value='21400'/>
		<buildingScore value='3125'/>
		<razingScore value='8550'/>
		<mineralScore value='15910'/>
		<gasScore value='1752'/>
		<totalScore value='63087'/>
	</player>

	<enemy>
		<race value='Terran'/>
		<unitScore value='10700'/>
		<unitScore value='10700'/>
		<killScore value='11250'/>
		<buildingScore value='2850'/>
		<razingScore value='1200'/>
		<mineralScore value='10442'/>
		<gasScore value='4144'/>
		<totalScore value='40586'/>
	</enemy>

	<scoreRatio value='1.5544'/>
</results>
