<results>
	<result value='loss'/>
	<start value='2014-07-06.03:04:24'/>
	<end value='2014-07-06.03:05:04'/>
	<frames value='48703'/>
	<gameDuration value='3043'/>

	<player>
		<unitScore value='22050'/>
		<killScore value='35800'/>
		<buildingScore value='2525'/>
		<razingScore value='1200'/>
		<mineralScore value='24026'/>
		<gasScore value='4248'/>
		<totalScore value='89849'/>
	</player>

	<enemy>
		<race value='Protoss'/>
		<unitScore value='38650'/>
		<unitScore value='38650'/>
		<killScore value='43850'/>
		<buildingScore value='7875'/>
		<razingScore value='7575'/>
		<mineralScore value='34318'/>
		<gasScore value='13730'/>
		<totalScore value='145998'/>
	</enemy>

	<scoreRatio value='0.615413'/>
</results>
