<results>
	<result value='draw'/>
	<start value='2014-07-06.03:06:20'/>
	<end value='2014-07-06.03:08:01'/>
	<frames value='57601'/>
	<gameDuration value='3600'/>

	<player>
		<unitScore value='30725'/>
		<killScore value='48920'/>
		<buildingScore value='4400'/>
		<razingScore value='7050'/>
		<mineralScore value='32666'/>
		<gasScore value='5050'/>
		<totalScore value='128811'/>
	</player>

	<enemy>
		<race value='Protoss'/>
		<unitScore value='35975'/>
		<unitScore value='35975'/>
		<killScore value='38350'/>
		<buildingScore value='7550'/>
		<razingScore value='2100'/>
		<mineralScore value='30086'/>
		<gasScore value='11532'/>
		<totalScore value='125593'/>
	</enemy>

	<scoreRatio value='1.02562'/>
</results>
