<results>
	<result value='win'/>
	<start value='2014-07-06.03:08:46'/>
	<end value='2014-07-06.03:09:05'/>
	<frames value='25608'/>
	<gameDuration value='1600'/>

	<player>
		<unitScore value='12150'/>
		<killScore value='12850'/>
		<buildingScore value='2925'/>
		<razingScore value='14475'/>
		<mineralScore value='16402'/>
		<gasScore value='1664'/>
		<totalScore value='60466'/>
	</player>

	<enemy>
		<race value='Protoss'/>
		<unitScore value='7100'/>
		<unitScore value='7100'/>
		<killScore value='10400'/>
		<buildingScore value='4825'/>
		<razingScore value='225'/>
		<mineralScore value='12074'/>
		<gasScore value='3784'/>
		<totalScore value='38408'/>
	</enemy>

	<scoreRatio value='1.57431'/>
</results>
