<results>
	<result value='win'/>
	<start value='2014-07-06.03:14:23'/>
	<end value='2014-07-06.03:14:59'/>
	<frames value='34815'/>
	<gameDuration value='2175'/>

	<player>
		<unitScore value='19625'/>
		<killScore value='13000'/>
		<buildingScore value='3700'/>
		<razingScore value='20925'/>
		<mineralScore value='24166'/>
		<gasScore value='3736'/>
		<totalScore value='85152'/>
	</player>

	<enemy>
		<race value='Protoss'/>
		<unitScore value='6925'/>
		<unitScore value='6925'/>
		<killScore value='17250'/>
		<buildingScore value='6975'/>
		<razingScore value='300'/>
		<mineralScore value='17978'/>
		<gasScore value='3064'/>
		<totalScore value='52492'/>
	</enemy>

	<scoreRatio value='1.62219'/>
</results>
