<results>
	<result value='win'/>
	<start value='2015-05-10.20:38:06'/>
	<end value='2015-05-10.20:38:33'/>
	<frames value='25701'/>
	<gameDuration value='1606'/>

	<player>
		<unitScore value='15075'/>
		<killScore value='21870'/>
		<buildingScore value='4325'/>
		<razingScore value='4560'/>
		<mineralScore value='25010'/>
		<gasScore value='2824'/>
		<totalScore value='73664'/>
	</player>

	<enemy>
		<race value='Zerg'/>
		<unitScore value='10275'/>
		<unitScore value='10275'/>
		<killScore value='9350'/>
		<buildingScore value='1520'/>
		<razingScore value='0'/>
		<mineralScore value='9578'/>
		<gasScore value='2784'/>
		<totalScore value='33507'/>
	</enemy>

	<scoreRatio value='2.19847'/>
	<timeFitness value='0.776944'/>
	<unitsAverage value='95'/>
</results>
