<results>
	<result value='win'/>
	<start value='2015-05-10.20:42:00'/>
	<end value='2015-05-10.20:42:16'/>
	<frames value='20214'/>
	<gameDuration value='1263'/>

	<player>
		<unitScore value='10825'/>
		<killScore value='17060'/>
		<buildingScore value='2975'/>
		<razingScore value='4560'/>
		<mineralScore value='14986'/>
		<gasScore value='1480'/>
		<totalScore value='51886'/>
	</player>

	<enemy>
		<race value='Zerg'/>
		<unitScore value='7850'/>
		<unitScore value='7850'/>
		<killScore value='8050'/>
		<buildingScore value='1520'/>
		<razingScore value='0'/>
		<mineralScore value='7290'/>
		<gasScore value='1992'/>
		<totalScore value='26702'/>
	</enemy>

	<scoreRatio value='1.94315'/>
	<timeFitness value='0.824583'/>
	<unitsAverage value='65'/>
</results>
