<results>
	<result value='win'/>
	<start value='2015-05-10.20:46:54'/>
	<end value='2015-05-10.20:47:22'/>
	<frames value='26476'/>
	<gameDuration value='1654'/>

	<player>
		<unitScore value='15575'/>
		<killScore value='19790'/>
		<buildingScore value='4675'/>
		<razingScore value='6720'/>
		<mineralScore value='23150'/>
		<gasScore value='2152'/>
		<totalScore value='72062'/>
	</player>

	<enemy>
		<race value='Zerg'/>
		<unitScore value='9225'/>
		<unitScore value='9225'/>
		<killScore value='10400'/>
		<buildingScore value='2240'/>
		<razingScore value='0'/>
		<mineralScore value='10062'/>
		<gasScore value='3120'/>
		<totalScore value='35047'/>
	</enemy>

	<scoreRatio value='2.05615'/>
	<timeFitness value='0.770278'/>
	<unitsAverage value='93'/>
</results>
