<results>
	<result value='loss'/>
	<start value='2015-04-14.04:46:47'/>
	<end value='2015-04-14.04:48:25'/>
	<frames value='56856'/>
	<gameDuration value='3553'/>

	<player>
		<unitScore value='29575'/>
		<killScore value='45300'/>
		<buildingScore value='3250'/>
		<razingScore value='300'/>
		<mineralScore value='31382'/>
		<gasScore value='5374'/>
		<totalScore value='115181'/>
	</player>

	<enemy>
		<race value='Protoss'/>
		<unitScore value='37225'/>
		<unitScore value='37225'/>
		<killScore value='59150'/>
		<buildingScore value='6225'/>
		<razingScore value='9750'/>
		<mineralScore value='31090'/>
		<gasScore value='11970'/>
		<totalScore value='155410'/>
	</enemy>

	<scoreRatio value='0.741143'/>
</results>
