<results>
	<result value='win'/>
	<start value='2015-05-05.21:10:33'/>
	<end value='2015-05-05.21:11:07'/>
	<frames value='27158'/>
	<gameDuration value='1697'/>

	<player>
		<unitScore value='11150'/>
		<killScore value='22500'/>
		<buildingScore value='2700'/>
		<razingScore value='9375'/>
		<mineralScore value='14154'/>
		<gasScore value='3072'/>
		<totalScore value='62951'/>
	</player>

	<enemy>
		<race value='Terran'/>
		<unitScore value='11650'/>
		<unitScore value='11650'/>
		<killScore value='12400'/>
		<buildingScore value='3200'/>
		<razingScore value='2475'/>
		<mineralScore value='11530'/>
		<gasScore value='5024'/>
		<totalScore value='46279'/>
	</enemy>

	<scoreRatio value='1.36025'/>
	<timeFitness value='0.764306'/>
	<unitsAverage value='58'/>
</results>
