<results>
	<result value='loss'/>
	<start value='2015-05-09.20:24:47'/>
	<end value='2015-05-09.20:25:01'/>
	<frames value='23469'/>
	<gameDuration value='1466'/>

	<player>
		<unitScore value='8850'/>
		<killScore value='4900'/>
		<buildingScore value='2200'/>
		<razingScore value='0'/>
		<mineralScore value='10634'/>
		<gasScore value='1424'/>
		<totalScore value='28008'/>
	</player>

	<enemy>
		<race value='Terran'/>
		<unitScore value='9750'/>
		<unitScore value='9750'/>
		<killScore value='17700'/>
		<buildingScore value='3850'/>
		<razingScore value='6600'/>
		<mineralScore value='11522'/>
		<gasScore value='5112'/>
		<totalScore value='54534'/>
	</enemy>

	<scoreRatio value='0.513588'/>
	<timeFitness value='0.203611'/>
	<unitsAverage value='36'/>
</results>
