<results>
	<result value='win'/>
	<start value='2015-04-28.15:08:48'/>
	<end value='2015-04-28.15:09:33'/>
	<frames value='25701'/>
	<gameDuration value='1606'/>

	<player>
		<unitScore value='17525'/>
		<killScore value='24560'/>
		<buildingScore value='3625'/>
		<razingScore value='4920'/>
		<mineralScore value='28322'/>
		<gasScore value='1688'/>
		<totalScore value='80640'/>
	</player>

	<enemy>
		<race value='Zerg'/>
		<unitScore value='11200'/>
		<unitScore value='11200'/>
		<killScore value='11600'/>
		<buildingScore value='1640'/>
		<razingScore value='0'/>
		<mineralScore value='10130'/>
		<gasScore value='3416'/>
		<totalScore value='37986'/>
	</enemy>

	<scoreRatio value='2.12289'/>
</results>
