<results>
	<result value='loss'/>
	<start value='2015-04-28.15:17:20'/>
	<end value='2015-04-28.15:17:25'/>
	<frames value='8248'/>
	<gameDuration value='515'/>

	<player>
		<unitScore value='850'/>
		<killScore value='100'/>
		<buildingScore value='625'/>
		<razingScore value='0'/>
		<mineralScore value='1290'/>
		<gasScore value='16'/>
		<totalScore value='2881'/>
	</player>

	<enemy>
		<race value='Zerg'/>
		<unitScore value='1400'/>
		<unitScore value='1400'/>
		<killScore value='1700'/>
		<buildingScore value='820'/>
		<razingScore value='1875'/>
		<mineralScore value='2378'/>
		<gasScore value='80'/>
		<totalScore value='8253'/>
	</enemy>

	<scoreRatio value='0.349085'/>
</results>
