<results>
	<result value='draw'/>
	<start value='2015-04-28.15:25:23'/>
	<end value='2015-04-28.15:26:40'/>
	<frames value='57601'/>
	<gameDuration value='3600'/>

	<player>
		<unitScore value='19975'/>
		<killScore value='49225'/>
		<buildingScore value='3700'/>
		<razingScore value='945'/>
		<mineralScore value='34642'/>
		<gasScore value='7198'/>
		<totalScore value='115685'/>
	</player>

	<enemy>
		<race value='Zerg'/>
		<unitScore value='35175'/>
		<unitScore value='35175'/>
		<killScore value='32650'/>
		<buildingScore value='4450'/>
		<razingScore value='3825'/>
		<mineralScore value='27598'/>
		<gasScore value='11322'/>
		<totalScore value='115020'/>
	</enemy>

	<scoreRatio value='1.00578'/>
</results>
