<results>
	<result value='loss'/>
	<start value='2015-07-13.06:22:46'/>
	<end value='2015-07-13.06:23:20'/>
	<frames value='35435'/>
	<gameDuration value='2214'/>

	<player>
		<unitScore value='19175'/>
		<killScore value='10050'/>
		<buildingScore value='2825'/>
		<razingScore value='0'/>
		<mineralScore value='24994'/>
		<gasScore value='2728'/>
		<totalScore value='59772'/>
	</player>

	<enemy>
		<race value='Protoss'/>
		<unitScore value='22050'/>
		<killScore value='38350'/>
		<buildingScore value='7125'/>
		<razingScore value='8475'/>
		<mineralScore value='23874'/>
		<gasScore value='8272'/>
		<totalScore value='108146'/>
	</enemy>

	<scoreRatio value='0.552697'/>
	<timeFitness value='0.3075'/>
	<unitsAverage value='63'/>
</results>
