<results>
	<result value='win'/>
	<start value='2015-04-26.02:39:24'/>
	<end value='2015-04-26.02:39:52'/>
	<frames value='28646'/>
	<gameDuration value='1790'/>

	<player>
		<unitScore value='17800'/>
		<killScore value='27450'/>
		<buildingScore value='3700'/>
		<razingScore value='8175'/>
		<mineralScore value='24266'/>
		<gasScore value='1888'/>
		<totalScore value='83279'/>
	</player>

	<enemy>
		<race value='Terran'/>
		<unitScore value='13725'/>
		<unitScore value='13725'/>
		<killScore value='14600'/>
		<buildingScore value='2800'/>
		<razingScore value='150'/>
		<mineralScore value='11510'/>
		<gasScore value='4960'/>
		<totalScore value='47745'/>
	</enemy>

	<scoreRatio value='1.74425'/>
</results>
