<results>
	<result value='loss'/>
	<start value='2015-07-16.10:44:14'/>
	<end value='2015-07-16.10:44:25'/>
	<frames value='19501'/>
	<gameDuration value='1218'/>

	<player>
		<unitScore value='4950'/>
		<killScore value='2450'/>
		<buildingScore value='2375'/>
		<razingScore value='0'/>
		<mineralScore value='6330'/>
		<gasScore value='1176'/>
		<totalScore value='17281'/>
	</player>

	<enemy>
		<race value='Terran'/>
		<unitScore value='7150'/>
		<killScore value='9500'/>
		<buildingScore value='2850'/>
		<razingScore value='7125'/>
		<mineralScore value='9106'/>
		<gasScore value='3272'/>
		<totalScore value='39003'/>
	</enemy>

	<scoreRatio value='0.443068'/>
	<timeFitness value='0.169167'/>
	<unitsAverage value='27'/>
</results>
