<results>
	<result value='loss'/>
	<start value='2015-07-16.11:04:25'/>
	<end value='2015-07-16.11:04:40'/>
	<frames value='17796'/>
	<gameDuration value='1112'/>

	<player>
		<unitScore value='4425'/>
		<killScore value='2050'/>
		<buildingScore value='1575'/>
		<razingScore value='0'/>
		<mineralScore value='5010'/>
		<gasScore value='912'/>
		<totalScore value='13972'/>
	</player>

	<enemy>
		<race value='Terran'/>
		<unitScore value='6050'/>
		<killScore value='8850'/>
		<buildingScore value='2650'/>
		<razingScore value='4725'/>
		<mineralScore value='8218'/>
		<gasScore value='2776'/>
		<totalScore value='33269'/>
	</enemy>

	<scoreRatio value='0.419971'/>
	<timeFitness value='0.154444'/>
	<unitsAverage value='24'/>
</results>
