<results>
	<result value='win'/>
	<start value='2015-04-26.13:08:34'/>
	<end value='2015-04-26.13:08:46'/>
	<frames value='18509'/>
	<gameDuration value='1156'/>

	<player>
		<unitScore value='6050'/>
		<killScore value='10700'/>
		<buildingScore value='2475'/>
		<razingScore value='4125'/>
		<mineralScore value='10066'/>
		<gasScore value='1264'/>
		<totalScore value='34680'/>
	</player>

	<enemy>
		<race value='Terran'/>
		<unitScore value='5350'/>
		<unitScore value='5350'/>
		<killScore value='2700'/>
		<buildingScore value='1450'/>
		<razingScore value='1500'/>
		<mineralScore value='7106'/>
		<gasScore value='1928'/>
		<totalScore value='20034'/>
	</enemy>

	<scoreRatio value='1.73106'/>
</results>
