<results>
	<result value='win'/>
	<start value='2015-05-04.18:55:53'/>
	<end value='2015-05-04.18:57:22'/>
	<frames value='39930'/>
	<gameDuration value='2495'/>

	<player>
		<unitScore value='22225'/>
		<killScore value='25370'/>
		<buildingScore value='4700'/>
		<razingScore value='6360'/>
		<mineralScore value='39758'/>
		<gasScore value='3968'/>
		<totalScore value='102381'/>
	</player>

	<enemy>
		<race value='Zerg'/>
		<unitScore value='12200'/>
		<unitScore value='12200'/>
		<killScore value='18750'/>
		<buildingScore value='2120'/>
		<razingScore value='0'/>
		<mineralScore value='13962'/>
		<gasScore value='4176'/>
		<totalScore value='51208'/>
	</enemy>

	<scoreRatio value='1.99932'/>
	<timeFitness value='0.653472'/>
	<unitsAverage value='154'/>
</results>
