<results>
	<result value='win'/>
	<start value='2015-05-04.19:01:00'/>
	<end value='2015-05-04.19:01:46'/>
	<frames value='29018'/>
	<gameDuration value='1813'/>

	<player>
		<unitScore value='22875'/>
		<killScore value='30880'/>
		<buildingScore value='4575'/>
		<razingScore value='5940'/>
		<mineralScore value='27714'/>
		<gasScore value='2384'/>
		<totalScore value='94368'/>
	</player>

	<enemy>
		<race value='Zerg'/>
		<unitScore value='13625'/>
		<unitScore value='13625'/>
		<killScore value='20250'/>
		<buildingScore value='1980'/>
		<razingScore value='0'/>
		<mineralScore value='12274'/>
		<gasScore value='3800'/>
		<totalScore value='51929'/>
	</enemy>

	<scoreRatio value='1.81725'/>
	<timeFitness value='0.748194'/>
	<unitsAverage value='114'/>
</results>
