<results>
	<result value='win'/>
	<start value='2015-05-04.19:10:04'/>
	<end value='2015-05-04.19:11:07'/>
	<frames value='35218'/>
	<gameDuration value='2201'/>

	<player>
		<unitScore value='23025'/>
		<killScore value='32090'/>
		<buildingScore value='5100'/>
		<razingScore value='9180'/>
		<mineralScore value='32778'/>
		<gasScore value='3112'/>
		<totalScore value='105285'/>
	</player>

	<enemy>
		<race value='Zerg'/>
		<unitScore value='14875'/>
		<unitScore value='14875'/>
		<killScore value='20000'/>
		<buildingScore value='3060'/>
		<razingScore value='0'/>
		<mineralScore value='15698'/>
		<gasScore value='4600'/>
		<totalScore value='58233'/>
	</enemy>

	<scoreRatio value='1.808'/>
	<timeFitness value='0.694306'/>
	<unitsAverage value='130'/>
</results>
