<results>
	<result value='win'/>
	<start value='2015-05-04.19:13:53'/>
	<end value='2015-05-04.19:14:41'/>
	<frames value='28956'/>
	<gameDuration value='1809'/>

	<player>
		<unitScore value='19775'/>
		<killScore value='30330'/>
		<buildingScore value='4550'/>
		<razingScore value='5355'/>
		<mineralScore value='31410'/>
		<gasScore value='3360'/>
		<totalScore value='94780'/>
	</player>

	<enemy>
		<race value='Zerg'/>
		<unitScore value='13100'/>
		<unitScore value='13100'/>
		<killScore value='14450'/>
		<buildingScore value='1785'/>
		<razingScore value='0'/>
		<mineralScore value='11674'/>
		<gasScore value='3480'/>
		<totalScore value='44489'/>
	</enemy>

	<scoreRatio value='2.13041'/>
	<timeFitness value='0.74875'/>
	<unitsAverage value='109'/>
</results>
