<results>
	<result value='loss'/>
	<start value='2015-05-02.20:31:39'/>
	<end value='2015-05-02.20:33:39'/>
	<frames value='51679'/>
	<gameDuration value='3229'/>

	<player>
		<unitScore value='23975'/>
		<killScore value='43650'/>
		<buildingScore value='2725'/>
		<razingScore value='6150'/>
		<mineralScore value='24026'/>
		<gasScore value='4408'/>
		<totalScore value='104934'/>
	</player>

	<enemy>
		<race value='Protoss'/>
		<unitScore value='40900'/>
		<unitScore value='40900'/>
		<killScore value='47950'/>
		<buildingScore value='8925'/>
		<razingScore value='8175'/>
		<mineralScore value='33838'/>
		<gasScore value='12788'/>
		<totalScore value='152576'/>
	</enemy>

	<scoreRatio value='0.687749'/>
	<timeFitness value='0.448472'/>
	<unitsAverage value='100'/>
</results>
