<results>
	<result value='draw'/>
	<start value='2015-05-02.20:33:42'/>
	<end value='2015-05-02.20:35:41'/>
	<frames value='57601'/>
	<gameDuration value='3600'/>

	<player>
		<unitScore value='24800'/>
		<killScore value='32700'/>
		<buildingScore value='2625'/>
		<razingScore value='16725'/>
		<mineralScore value='26186'/>
		<gasScore value='4264'/>
		<totalScore value='107300'/>
	</player>

	<enemy>
		<race value='Protoss'/>
		<unitScore value='17425'/>
		<unitScore value='17425'/>
		<killScore value='34200'/>
		<buildingScore value='6725'/>
		<razingScore value='0'/>
		<mineralScore value='28010'/>
		<gasScore value='10654'/>
		<totalScore value='97014'/>
	</enemy>

	<scoreRatio value='1.10603'/>
	<timeFitness value='0.5'/>
	<unitsAverage value='113'/>
</results>
