<results>
	<result value='win'/>
	<start value='2015-05-02.20:56:07'/>
	<end value='2015-05-02.20:57:05'/>
	<frames value='29514'/>
	<gameDuration value='1844'/>

	<player>
		<unitScore value='19000'/>
		<killScore value='14400'/>
		<buildingScore value='4250'/>
		<razingScore value='15075'/>
		<mineralScore value='22370'/>
		<gasScore value='1880'/>
		<totalScore value='76975'/>
	</player>

	<enemy>
		<race value='Protoss'/>
		<unitScore value='7550'/>
		<unitScore value='7550'/>
		<killScore value='10650'/>
		<buildingScore value='5025'/>
		<razingScore value='450'/>
		<mineralScore value='12434'/>
		<gasScore value='2056'/>
		<totalScore value='38165'/>
	</enemy>

	<scoreRatio value='2.0169'/>
	<timeFitness value='0.743889'/>
	<unitsAverage value='102'/>
</results>
