<results>
	<result value='loss'/>
	<start value='2015-05-03.23:07:06'/>
	<end value='2015-05-03.23:07:43'/>
	<frames value='42782'/>
	<gameDuration value='2673'/>

	<player>
		<unitScore value='18950'/>
		<killScore value='19800'/>
		<buildingScore value='3375'/>
		<razingScore value='0'/>
		<mineralScore value='20214'/>
		<gasScore value='2792'/>
		<totalScore value='65131'/>
	</player>

	<enemy>
		<race value='Protoss'/>
		<unitScore value='29175'/>
		<unitScore value='29175'/>
		<killScore value='37900'/>
		<buildingScore value='7575'/>
		<razingScore value='10125'/>
		<mineralScore value='30130'/>
		<gasScore value='10378'/>
		<totalScore value='125283'/>
	</enemy>

	<scoreRatio value='0.519871'/>
	<timeFitness value='0.37125'/>
	<unitsAverage value='74'/>
</results>
