<results>
	<result value='win'/>
	<start value='2015-04-08.03:00:12'/>
	<end value='2015-04-08.03:00:40'/>
	<frames value='30692'/>
	<gameDuration value='1918'/>

	<player>
		<unitScore value='15275'/>
		<killScore value='17600'/>
		<buildingScore value='4300'/>
		<razingScore value='16050'/>
		<mineralScore value='21562'/>
		<gasScore value='2176'/>
		<totalScore value='76963'/>
	</player>

	<enemy>
		<race value='Protoss'/>
		<unitScore value='9000'/>
		<unitScore value='9000'/>
		<killScore value='9750'/>
		<buildingScore value='5350'/>
		<razingScore value='1350'/>
		<mineralScore value='13350'/>
		<gasScore value='3928'/>
		<totalScore value='42728'/>
	</enemy>

	<scoreRatio value='1.80123'/>
</results>
