<results>
	<result value='loss'/>
	<start value='2015-07-18.04:54:41'/>
	<end value='2015-07-18.04:55:03'/>
	<frames value='19594'/>
	<gameDuration value='1224'/>

	<player>
		<unitScore value='6975'/>
		<killScore value='2450'/>
		<buildingScore value='2150'/>
		<razingScore value='0'/>
		<mineralScore value='8946'/>
		<gasScore value='616'/>
		<totalScore value='21137'/>
	</player>

	<enemy>
		<race value='Terran'/>
		<unitScore value='7025'/>
		<killScore value='12450'/>
		<buildingScore value='2850'/>
		<razingScore value='6450'/>
		<mineralScore value='9242'/>
		<gasScore value='3224'/>
		<totalScore value='41241'/>
	</enemy>

	<scoreRatio value='0.512524'/>
	<timeFitness value='0.17'/>
	<unitsAverage value='31'/>
</results>
