<results>
	<result value='loss'/>
	<start value='2015-07-18.05:04:15'/>
	<end value='2015-07-18.05:04:39'/>
	<frames value='21547'/>
	<gameDuration value='1346'/>

	<player>
		<unitScore value='8075'/>
		<killScore value='3600'/>
		<buildingScore value='2125'/>
		<razingScore value='0'/>
		<mineralScore value='8274'/>
		<gasScore value='1496'/>
		<totalScore value='23570'/>
	</player>

	<enemy>
		<race value='Terran'/>
		<unitScore value='8525'/>
		<killScore value='15850'/>
		<buildingScore value='3225'/>
		<razingScore value='6375'/>
		<mineralScore value='10338'/>
		<gasScore value='4112'/>
		<totalScore value='48425'/>
	</enemy>

	<scoreRatio value='0.486732'/>
	<timeFitness value='0.186944'/>
	<unitsAverage value='31'/>
</results>
