<results>
	<result value='loss'/>
	<start value='2015-07-18.05:04:47'/>
	<end value='2015-07-18.05:05:06'/>
	<frames value='17734'/>
	<gameDuration value='1108'/>

	<player>
		<unitScore value='4400'/>
		<killScore value='7000'/>
		<buildingScore value='2075'/>
		<razingScore value='2850'/>
		<mineralScore value='5402'/>
		<gasScore value='832'/>
		<totalScore value='22559'/>
	</player>

	<enemy>
		<race value='Terran'/>
		<unitScore value='3975'/>
		<killScore value='6500'/>
		<buildingScore value='1275'/>
		<razingScore value='6225'/>
		<mineralScore value='5066'/>
		<gasScore value='1352'/>
		<totalScore value='24393'/>
	</enemy>

	<scoreRatio value='0.924815'/>
	<timeFitness value='0.153889'/>
	<unitsAverage value='27'/>
</results>
