<results>
	<result value='loss'/>
	<start value='2015-07-18.05:08:42'/>
	<end value='2015-07-18.05:09:12'/>
	<frames value='25019'/>
	<gameDuration value='1563'/>

	<player>
		<unitScore value='10125'/>
		<killScore value='4250'/>
		<buildingScore value='2350'/>
		<razingScore value='0'/>
		<mineralScore value='9938'/>
		<gasScore value='1824'/>
		<totalScore value='28487'/>
	</player>

	<enemy>
		<race value='Terran'/>
		<unitScore value='10500'/>
		<killScore value='20250'/>
		<buildingScore value='3950'/>
		<razingScore value='7050'/>
		<mineralScore value='12214'/>
		<gasScore value='5304'/>
		<totalScore value='59268'/>
	</enemy>

	<scoreRatio value='0.480647'/>
	<timeFitness value='0.217083'/>
	<unitsAverage value='38'/>
</results>
