<results>
	<result value='loss'/>
	<start value='2015-07-14.02:29:38'/>
	<end value='2015-07-14.02:29:48'/>
	<frames value='18602'/>
	<gameDuration value='1162'/>

	<player>
		<unitScore value='4750'/>
		<killScore value='700'/>
		<buildingScore value='1525'/>
		<razingScore value='0'/>
		<mineralScore value='5898'/>
		<gasScore value='1168'/>
		<totalScore value='14041'/>
	</player>

	<enemy>
		<race value='Protoss'/>
		<unitScore value='4850'/>
		<killScore value='9150'/>
		<buildingScore value='4325'/>
		<razingScore value='4575'/>
		<mineralScore value='9930'/>
		<gasScore value='2608'/>
		<totalScore value='35438'/>
	</enemy>

	<scoreRatio value='0.396213'/>
	<timeFitness value='0.161389'/>
	<unitsAverage value='23'/>
</results>
