<results>
	<result value='loss'/>
	<start value='2015-07-14.02:37:07'/>
	<end value='2015-07-14.02:38:26'/>
	<frames value='42441'/>
	<gameDuration value='2652'/>

	<player>
		<unitScore value='16750'/>
		<killScore value='7550'/>
		<buildingScore value='7025'/>
		<razingScore value='0'/>
		<mineralScore value='22930'/>
		<gasScore value='3160'/>
		<totalScore value='57415'/>
	</player>

	<enemy>
		<race value='Protoss'/>
		<unitScore value='26995'/>
		<killScore value='33500'/>
		<buildingScore value='8150'/>
		<razingScore value='21075'/>
		<mineralScore value='28834'/>
		<gasScore value='10538'/>
		<totalScore value='129092'/>
	</enemy>

	<scoreRatio value='0.44476'/>
	<timeFitness value='0.368333'/>
	<unitsAverage value='82'/>
</results>
