<results>
	<result value='loss'/>
	<start value='2014-07-24.01:19:57'/>
	<end value='2014-07-24.01:20:07'/>
	<frames value='18881'/>
	<gameDuration value='1180'/>

	<player>
		<unitScore value='5075'/>
		<killScore value='2700'/>
		<buildingScore value='1925'/>
		<razingScore value='0'/>
		<mineralScore value='6842'/>
		<gasScore value='1032'/>
		<totalScore value='17574'/>
	</player>

	<enemy>
		<race value='Terran'/>
		<unitScore value='7450'/>
		<unitScore value='7450'/>
		<killScore value='10150'/>
		<buildingScore value='2850'/>
		<razingScore value='5775'/>
		<mineralScore value='8594'/>
		<gasScore value='3240'/>
		<totalScore value='38059'/>
	</enemy>

	<scoreRatio value='0.461757'/>
</results>
