<results>
	<result value='loss'/>
	<start value='2015-05-02.13:56:09'/>
	<end value='2015-05-02.13:56:17'/>
	<frames value='17920'/>
	<gameDuration value='1120'/>

	<player>
		<unitScore value='5100'/>
		<killScore value='1600'/>
		<buildingScore value='1925'/>
		<razingScore value='0'/>
		<mineralScore value='7602'/>
		<gasScore value='0'/>
		<totalScore value='16227'/>
	</player>

	<enemy>
		<race value='Protoss'/>
		<unitScore value='5775'/>
		<unitScore value='5775'/>
		<killScore value='10200'/>
		<buildingScore value='3375'/>
		<razingScore value='5775'/>
		<mineralScore value='9186'/>
		<gasScore value='2464'/>
		<totalScore value='36775'/>
	</enemy>

	<scoreRatio value='0.441251'/>
	<timeFitness value='0.155556'/>
	<unitsAverage value='31'/>
</results>
