<results>
	<result value='loss'/>
	<start value='2015-05-02.13:57:23'/>
	<end value='2015-05-02.13:57:48'/>
	<frames value='37791'/>
	<gameDuration value='2361'/>

	<player>
		<unitScore value='18175'/>
		<killScore value='18800'/>
		<buildingScore value='3575'/>
		<razingScore value='300'/>
		<mineralScore value='22042'/>
		<gasScore value='3408'/>
		<totalScore value='66300'/>
	</player>

	<enemy>
		<race value='Protoss'/>
		<unitScore value='27000'/>
		<unitScore value='27000'/>
		<killScore value='36450'/>
		<buildingScore value='6975'/>
		<razingScore value='10725'/>
		<mineralScore value='25910'/>
		<gasScore value='9246'/>
		<totalScore value='116306'/>
	</enemy>

	<scoreRatio value='0.570048'/>
	<timeFitness value='0.327917'/>
	<unitsAverage value='62'/>
</results>
