<results>
	<result value='win'/>
	<start value='2015-05-11.15:07:55'/>
	<end value='2015-05-11.15:08:51'/>
	<frames value='43867'/>
	<gameDuration value='2741'/>

	<player>
		<unitScore value='29950'/>
		<killScore value='49800'/>
		<buildingScore value='4050'/>
		<razingScore value='21900'/>
		<mineralScore value='33158'/>
		<gasScore value='4608'/>
		<totalScore value='143466'/>
	</player>

	<enemy>
		<race value='Protoss'/>
		<unitScore value='26725'/>
		<unitScore value='26725'/>
		<killScore value='43700'/>
		<buildingScore value='7300'/>
		<razingScore value='1950'/>
		<mineralScore value='26218'/>
		<gasScore value='8018'/>
		<totalScore value='113911'/>
	</enemy>

	<scoreRatio value='1.25946'/>
	<timeFitness value='0.619306'/>
	<unitsAverage value='116'/>
</results>
