<results>
	<result value='win'/>
	<start value='2014-07-11.20:19:06'/>
	<end value='2014-07-11.20:19:32'/>
	<frames value='30444'/>
	<gameDuration value='1902'/>

	<player>
		<unitScore value='13850'/>
		<killScore value='26250'/>
		<buildingScore value='3550'/>
		<razingScore value='10275'/>
		<mineralScore value='19842'/>
		<gasScore value='2416'/>
		<totalScore value='76183'/>
	</player>

	<enemy>
		<race value='Terran'/>
		<unitScore value='13925'/>
		<unitScore value='13925'/>
		<killScore value='10200'/>
		<buildingScore value='3425'/>
		<razingScore value='675'/>
		<mineralScore value='11690'/>
		<gasScore value='5272'/>
		<totalScore value='45187'/>
	</enemy>

	<scoreRatio value='1.68595'/>
</results>
