<results>
	<result value='loss'/>
	<start value='2015-05-03.03:48:38'/>
	<end value='2015-05-03.03:48:51'/>
	<frames value='27592'/>
	<gameDuration value='1724'/>

	<player>
		<unitScore value='10000'/>
		<killScore value='3100'/>
		<buildingScore value='1975'/>
		<razingScore value='0'/>
		<mineralScore value='12638'/>
		<gasScore value='0'/>
		<totalScore value='27713'/>
	</player>

	<enemy>
		<race value='Protoss'/>
		<unitScore value='12625'/>
		<unitScore value='12625'/>
		<killScore value='20000'/>
		<buildingScore value='6925'/>
		<razingScore value='5925'/>
		<mineralScore value='17314'/>
		<gasScore value='6344'/>
		<totalScore value='69133'/>
	</enemy>

	<scoreRatio value='0.400865'/>
	<timeFitness value='0.239444'/>
	<unitsAverage value='34'/>
</results>
