<results>
	<result value='loss'/>
	<start value='2015-05-03.03:48:55'/>
	<end value='2015-05-03.03:49:01'/>
	<frames value='15905'/>
	<gameDuration value='994'/>

	<player>
		<unitScore value='3550'/>
		<killScore value='700'/>
		<buildingScore value='1750'/>
		<razingScore value='0'/>
		<mineralScore value='5306'/>
		<gasScore value='0'/>
		<totalScore value='11306'/>
	</player>

	<enemy>
		<race value='Protoss'/>
		<unitScore value='3850'/>
		<unitScore value='3850'/>
		<killScore value='7100'/>
		<buildingScore value='3125'/>
		<razingScore value='5250'/>
		<mineralScore value='8162'/>
		<gasScore value='1784'/>
		<totalScore value='29271'/>
	</enemy>

	<scoreRatio value='0.386253'/>
	<timeFitness value='0.138056'/>
	<unitsAverage value='23'/>
</results>
