<results>
	<result value='loss'/>
	<start value='2015-05-11.05:48:51'/>
	<end value='2015-05-11.05:49:11'/>
	<frames value='35435'/>
	<gameDuration value='2214'/>

	<player>
		<unitScore value='11175'/>
		<killScore value='13050'/>
		<buildingScore value='1850'/>
		<razingScore value='5250'/>
		<mineralScore value='12194'/>
		<gasScore value='3672'/>
		<totalScore value='47191'/>
	</player>

	<enemy>
		<race value='Protoss'/>
		<unitScore value='18450'/>
		<unitScore value='18450'/>
		<killScore value='22350'/>
		<buildingScore value='7725'/>
		<razingScore value='5550'/>
		<mineralScore value='23754'/>
		<gasScore value='6792'/>
		<totalScore value='84621'/>
	</enemy>

	<scoreRatio value='0.557675'/>
	<timeFitness value='0.3075'/>
	<unitsAverage value='45'/>
</results>
