<results>
	<result value='draw'/>
	<start value='2015-05-11.20:02:34'/>
	<end value='2015-05-11.20:04:02'/>
	<frames value='57601'/>
	<gameDuration value='3600'/>

	<player>
		<unitScore value='31950'/>
		<killScore value='61000'/>
		<buildingScore value='3750'/>
		<razingScore value='13875'/>
		<mineralScore value='33470'/>
		<gasScore value='5074'/>
		<totalScore value='149119'/>
	</player>

	<enemy>
		<race value='Protoss'/>
		<unitScore value='33150'/>
		<unitScore value='33150'/>
		<killScore value='51350'/>
		<buildingScore value='6300'/>
		<razingScore value='0'/>
		<mineralScore value='27598'/>
		<gasScore value='9698'/>
		<totalScore value='128096'/>
	</enemy>

	<scoreRatio value='1.16412'/>
	<timeFitness value='0.5'/>
	<unitsAverage value='139'/>
</results>
