<results>
	<result value='loss'/>
	<start value='2015-05-03.03:49:52'/>
	<end value='2015-05-03.03:49:59'/>
	<frames value='17145'/>
	<gameDuration value='1071'/>

	<player>
		<unitScore value='5150'/>
		<killScore value='1300'/>
		<buildingScore value='1500'/>
		<razingScore value='0'/>
		<mineralScore value='6946'/>
		<gasScore value='0'/>
		<totalScore value='14896'/>
	</player>

	<enemy>
		<race value='Protoss'/>
		<unitScore value='3850'/>
		<unitScore value='3850'/>
		<killScore value='10300'/>
		<buildingScore value='4025'/>
		<razingScore value='4500'/>
		<mineralScore value='9202'/>
		<gasScore value='2016'/>
		<totalScore value='33893'/>
	</enemy>

	<scoreRatio value='0.439501'/>
	<timeFitness value='0.14875'/>
	<unitsAverage value='29'/>
</results>
