<results>
	<result value='loss'/>
	<start value='2015-05-03.03:51:09'/>
	<end value='2015-05-03.03:51:16'/>
	<frames value='15502'/>
	<gameDuration value='968'/>

	<player>
		<unitScore value='4500'/>
		<killScore value='800'/>
		<buildingScore value='1350'/>
		<razingScore value='0'/>
		<mineralScore value='6226'/>
		<gasScore value='0'/>
		<totalScore value='12876'/>
	</player>

	<enemy>
		<race value='Protoss'/>
		<unitScore value='3550'/>
		<unitScore value='3550'/>
		<killScore value='9000'/>
		<buildingScore value='2875'/>
		<razingScore value='4050'/>
		<mineralScore value='7850'/>
		<gasScore value='1560'/>
		<totalScore value='28885'/>
	</enemy>

	<scoreRatio value='0.445768'/>
	<timeFitness value='0.134444'/>
	<unitsAverage value='29'/>
</results>
