<results>
	<result value='loss'/>
	<start value='2015-05-11.05:57:43'/>
	<end value='2015-05-11.05:57:51'/>
	<frames value='17610'/>
	<gameDuration value='1100'/>

	<player>
		<unitScore value='3550'/>
		<killScore value='1200'/>
		<buildingScore value='1875'/>
		<razingScore value='0'/>
		<mineralScore value='5586'/>
		<gasScore value='592'/>
		<totalScore value='12803'/>
	</player>

	<enemy>
		<race value='Protoss'/>
		<unitScore value='3550'/>
		<unitScore value='3550'/>
		<killScore value='7100'/>
		<buildingScore value='4025'/>
		<razingScore value='5625'/>
		<mineralScore value='9426'/>
		<gasScore value='1768'/>
		<totalScore value='31494'/>
	</enemy>

	<scoreRatio value='0.406522'/>
	<timeFitness value='0.152778'/>
	<unitsAverage value='25'/>
</results>
