<results>
	<result value='loss'/>
	<start value='2015-05-03.03:52:41'/>
	<end value='2015-05-03.03:52:47'/>
	<frames value='14758'/>
	<gameDuration value='922'/>

	<player>
		<unitScore value='3950'/>
		<killScore value='1000'/>
		<buildingScore value='1300'/>
		<razingScore value='0'/>
		<mineralScore value='5210'/>
		<gasScore value='0'/>
		<totalScore value='11460'/>
	</player>

	<enemy>
		<race value='Protoss'/>
		<unitScore value='3550'/>
		<unitScore value='3550'/>
		<killScore value='7900'/>
		<buildingScore value='2425'/>
		<razingScore value='3900'/>
		<mineralScore value='7538'/>
		<gasScore value='1280'/>
		<totalScore value='26593'/>
	</enemy>

	<scoreRatio value='0.43094'/>
	<timeFitness value='0.128056'/>
	<unitsAverage value='24'/>
</results>
