<results>
	<result value='win'/>
	<start value='2015-04-28.21:25:39'/>
	<end value='2015-04-28.21:26:09'/>
	<frames value='23314'/>
	<gameDuration value='1457'/>

	<player>
		<unitScore value='14025'/>
		<killScore value='18080'/>
		<buildingScore value='3725'/>
		<razingScore value='5820'/>
		<mineralScore value='20650'/>
		<gasScore value='1616'/>
		<totalScore value='63916'/>
	</player>

	<enemy>
		<race value='Zerg'/>
		<unitScore value='8325'/>
		<unitScore value='8325'/>
		<killScore value='9750'/>
		<buildingScore value='1940'/>
		<razingScore value='0'/>
		<mineralScore value='8954'/>
		<gasScore value='2760'/>
		<totalScore value='31729'/>
	</enemy>

	<scoreRatio value='2.01443'/>
</results>
