<results>
	<result value='win'/>
	<start value='2015-04-28.21:37:34'/>
	<end value='2015-04-28.21:38:05'/>
	<frames value='22942'/>
	<gameDuration value='1433'/>

	<player>
		<unitScore value='13225'/>
		<killScore value='23700'/>
		<buildingScore value='3625'/>
		<razingScore value='4800'/>
		<mineralScore value='20286'/>
		<gasScore value='1912'/>
		<totalScore value='67548'/>
	</player>

	<enemy>
		<race value='Zerg'/>
		<unitScore value='10550'/>
		<unitScore value='10550'/>
		<killScore value='8850'/>
		<buildingScore value='1600'/>
		<razingScore value='0'/>
		<mineralScore value='9898'/>
		<gasScore value='2880'/>
		<totalScore value='33778'/>
	</enemy>

	<scoreRatio value='1.99976'/>
</results>
