<results>
	<result value='win'/>
	<start value='2015-04-28.21:41:39'/>
	<end value='2015-04-28.21:42:14'/>
	<frames value='24027'/>
	<gameDuration value='1501'/>

	<player>
		<unitScore value='16175'/>
		<killScore value='19560'/>
		<buildingScore value='3725'/>
		<razingScore value='4635'/>
		<mineralScore value='23458'/>
		<gasScore value='2120'/>
		<totalScore value='69673'/>
	</player>

	<enemy>
		<race value='Zerg'/>
		<unitScore value='9275'/>
		<unitScore value='9275'/>
		<killScore value='13000'/>
		<buildingScore value='1545'/>
		<razingScore value='0'/>
		<mineralScore value='8602'/>
		<gasScore value='2328'/>
		<totalScore value='34750'/>
	</enemy>

	<scoreRatio value='2.00498'/>
</results>
