<results>
	<result value='win'/>
	<start value='2015-05-10.19:38:39'/>
	<end value='2015-05-10.19:40:20'/>
	<frames value='42100'/>
	<gameDuration value='2631'/>

	<player>
		<unitScore value='30200'/>
		<killScore value='51025'/>
		<buildingScore value='4275'/>
		<razingScore value='7215'/>
		<mineralScore value='36166'/>
		<gasScore value='4152'/>
		<totalScore value='133033'/>
	</player>

	<enemy>
		<race value='Zerg'/>
		<unitScore value='24400'/>
		<unitScore value='24400'/>
		<killScore value='37000'/>
		<buildingScore value='2405'/>
		<razingScore value='1800'/>
		<mineralScore value='20162'/>
		<gasScore value='7628'/>
		<totalScore value='93395'/>
	</enemy>

	<scoreRatio value='1.42441'/>
	<timeFitness value='0.634583'/>
	<unitsAverage value='124'/>
</results>
