<results>
	<result value='win'/>
	<start value='2015-05-10.19:49:14'/>
	<end value='2015-05-10.19:50:44'/>
	<frames value='38101'/>
	<gameDuration value='2381'/>

	<player>
		<unitScore value='27825'/>
		<killScore value='40490'/>
		<buildingScore value='3775'/>
		<razingScore value='8295'/>
		<mineralScore value='33862'/>
		<gasScore value='4768'/>
		<totalScore value='119015'/>
	</player>

	<enemy>
		<race value='Zerg'/>
		<unitScore value='17775'/>
		<unitScore value='17775'/>
		<killScore value='33900'/>
		<buildingScore value='2765'/>
		<razingScore value='0'/>
		<mineralScore value='16090'/>
		<gasScore value='5040'/>
		<totalScore value='75570'/>
	</enemy>

	<scoreRatio value='1.5749'/>
	<timeFitness value='0.669306'/>
	<unitsAverage value='126'/>
</results>
