<results>
	<result value='win'/>
	<start value='2015-05-03.19:14:30'/>
	<end value='2015-05-03.19:15:22'/>
	<frames value='34660'/>
	<gameDuration value='2166'/>

	<player>
		<unitScore value='29950'/>
		<killScore value='35330'/>
		<buildingScore value='3600'/>
		<razingScore value='3900'/>
		<mineralScore value='45482'/>
		<gasScore value='0'/>
		<totalScore value='118262'/>
	</player>

	<enemy>
		<race value='Zerg'/>
		<unitScore value='15175'/>
		<unitScore value='15175'/>
		<killScore value='41300'/>
		<buildingScore value='1300'/>
		<razingScore value='0'/>
		<mineralScore value='12050'/>
		<gasScore value='3768'/>
		<totalScore value='73593'/>
	</enemy>

	<scoreRatio value='1.60697'/>
	<timeFitness value='0.699167'/>
	<unitsAverage value='117'/>
</results>
