<results>
	<result value='win'/>
	<start value='2015-05-03.19:16:56'/>
	<end value='2015-05-03.19:17:43'/>
	<frames value='32583'/>
	<gameDuration value='2036'/>

	<player>
		<unitScore value='30600'/>
		<killScore value='31740'/>
		<buildingScore value='3975'/>
		<razingScore value='4560'/>
		<mineralScore value='37126'/>
		<gasScore value='0'/>
		<totalScore value='108001'/>
	</player>

	<enemy>
		<race value='Zerg'/>
		<unitScore value='15475'/>
		<unitScore value='15475'/>
		<killScore value='43700'/>
		<buildingScore value='1520'/>
		<razingScore value='0'/>
		<mineralScore value='12550'/>
		<gasScore value='4472'/>
		<totalScore value='77717'/>
	</enemy>

	<scoreRatio value='1.38967'/>
	<timeFitness value='0.717222'/>
	<unitsAverage value='108'/>
</results>
