<results>
	<result value='win'/>
	<start value='2014-07-11.16:55:14'/>
	<end value='2014-07-11.16:55:46'/>
	<frames value='31684'/>
	<gameDuration value='1980'/>

	<player>
		<unitScore value='20275'/>
		<killScore value='29460'/>
		<buildingScore value='4050'/>
		<razingScore value='7920'/>
		<mineralScore value='25706'/>
		<gasScore value='2912'/>
		<totalScore value='90323'/>
	</player>

	<enemy>
		<race value='Zerg'/>
		<unitScore value='13250'/>
		<unitScore value='13250'/>
		<killScore value='14700'/>
		<buildingScore value='2640'/>
		<razingScore value='375'/>
		<mineralScore value='13486'/>
		<gasScore value='3808'/>
		<totalScore value='48259'/>
	</enemy>

	<scoreRatio value='1.87163'/>
</results>
