<results>
	<result value='loss'/>
	<start value='2014-07-11.17:08:03'/>
	<end value='2014-07-11.17:08:20'/>
	<frames value='30196'/>
	<gameDuration value='1887'/>

	<player>
		<unitScore value='6700'/>
		<killScore value='12700'/>
		<buildingScore value='2350'/>
		<razingScore value='0'/>
		<mineralScore value='9386'/>
		<gasScore value='840'/>
		<totalScore value='31976'/>
	</player>

	<enemy>
		<race value='Zerg'/>
		<unitScore value='17975'/>
		<unitScore value='17975'/>
		<killScore value='13400'/>
		<buildingScore value='3410'/>
		<razingScore value='7050'/>
		<mineralScore value='18622'/>
		<gasScore value='6952'/>
		<totalScore value='67409'/>
	</enemy>

	<scoreRatio value='0.474358'/>
</results>
