<results>
	<result value='draw'/>
	<start value='2014-07-11.17:10:56'/>
	<end value='2014-07-11.17:11:40'/>
	<frames value='57601'/>
	<gameDuration value='3600'/>

	<player>
		<unitScore value='18725'/>
		<killScore value='45610'/>
		<buildingScore value='2925'/>
		<razingScore value='8655'/>
		<mineralScore value='21870'/>
		<gasScore value='4688'/>
		<totalScore value='102473'/>
	</player>

	<enemy>
		<race value='Zerg'/>
		<unitScore value='25825'/>
		<unitScore value='25825'/>
		<killScore value='35350'/>
		<buildingScore value='6470'/>
		<razingScore value='3150'/>
		<mineralScore value='29802'/>
		<gasScore value='10542'/>
		<totalScore value='111139'/>
	</enemy>

	<scoreRatio value='0.922026'/>
</results>
