<results>
	<result value='loss'/>
	<start value='2015-04-11.06:56:08'/>
	<end value='2015-04-11.06:56:33'/>
	<frames value='28429'/>
	<gameDuration value='1776'/>

	<player>
		<unitScore value='6750'/>
		<killScore value='2500'/>
		<buildingScore value='2000'/>
		<razingScore value='300'/>
		<mineralScore value='8730'/>
		<gasScore value='1752'/>
		<totalScore value='22032'/>
	</player>

	<enemy>
		<race value='Protoss'/>
		<unitScore value='12925'/>
		<unitScore value='12925'/>
		<killScore value='13400'/>
		<buildingScore value='6125'/>
		<razingScore value='6000'/>
		<mineralScore value='18050'/>
		<gasScore value='6112'/>
		<totalScore value='62612'/>
	</enemy>

	<scoreRatio value='0.351881'/>
</results>
