<results>
	<result value='win'/>
	<start value='2015-04-11.07:03:46'/>
	<end value='2015-04-11.07:04:56'/>
	<frames value='35962'/>
	<gameDuration value='2247'/>

	<player>
		<unitScore value='21475'/>
		<killScore value='26400'/>
		<buildingScore value='4525'/>
		<razingScore value='20925'/>
		<mineralScore value='26206'/>
		<gasScore value='3504'/>
		<totalScore value='103035'/>
	</player>

	<enemy>
		<race value='Protoss'/>
		<unitScore value='13625'/>
		<unitScore value='13625'/>
		<killScore value='17750'/>
		<buildingScore value='6975'/>
		<razingScore value='0'/>
		<mineralScore value='18902'/>
		<gasScore value='5904'/>
		<totalScore value='63156'/>
	</enemy>

	<scoreRatio value='1.63144'/>
</results>
