<results>
	<result value='loss'/>
	<start value='2015-05-11.07:30:35'/>
	<end value='2015-05-11.07:30:58'/>
	<frames value='24678'/>
	<gameDuration value='1542'/>

	<player>
		<unitScore value='7850'/>
		<killScore value='6400'/>
		<buildingScore value='1175'/>
		<razingScore value='0'/>
		<mineralScore value='12042'/>
		<gasScore value='1864'/>
		<totalScore value='29331'/>
	</player>

	<enemy>
		<race value='Zerg'/>
		<unitScore value='12525'/>
		<unitScore value='12525'/>
		<killScore value='15950'/>
		<buildingScore value='3020'/>
		<razingScore value='3525'/>
		<mineralScore value='13602'/>
		<gasScore value='4352'/>
		<totalScore value='52974'/>
	</enemy>

	<scoreRatio value='0.553687'/>
	<timeFitness value='0.214167'/>
	<unitsAverage value='44'/>
</results>
