<results>
	<result value='win'/>
	<start value='2015-04-30.01:12:54'/>
	<end value='2015-04-30.01:13:21'/>
	<frames value='24027'/>
	<gameDuration value='1501'/>

	<player>
		<unitScore value='13150'/>
		<killScore value='22125'/>
		<buildingScore value='3075'/>
		<razingScore value='5700'/>
		<mineralScore value='18062'/>
		<gasScore value='2264'/>
		<totalScore value='64376'/>
	</player>

	<enemy>
		<race value='Zerg'/>
		<unitScore value='9850'/>
		<unitScore value='9850'/>
		<killScore value='10700'/>
		<buildingScore value='1900'/>
		<razingScore value='0'/>
		<mineralScore value='9338'/>
		<gasScore value='2648'/>
		<totalScore value='34436'/>
	</enemy>

	<scoreRatio value='1.86944'/>
	<timeFitness value='0.791528'/>
	<unitsAverage value='72'/>
</results>
