<results>
	<result value='loss'/>
	<start value='2015-03-31.13:05:08'/>
	<end value='2015-03-31.13:05:45'/>
	<frames value='43185'/>
	<gameDuration value='2699'/>

	<player>
		<unitScore value='20650'/>
		<killScore value='30500'/>
		<buildingScore value='3400'/>
		<razingScore value='450'/>
		<mineralScore value='22502'/>
		<gasScore value='4432'/>
		<totalScore value='81934'/>
	</player>

	<enemy>
		<race value='Protoss'/>
		<unitScore value='31800'/>
		<unitScore value='31800'/>
		<killScore value='41400'/>
		<buildingScore value='6925'/>
		<razingScore value='10200'/>
		<mineralScore value='28382'/>
		<gasScore value='10368'/>
		<totalScore value='129075'/>
	</enemy>

	<scoreRatio value='0.634778'/>
</results>
