<results>
	<result value='win'/>
	<start value='2015-07-11.19:51:18'/>
	<end value='2015-07-11.19:51:54'/>
	<frames value='30754'/>
	<gameDuration value='1922'/>

	<player>
		<unitScore value='17950'/>
		<killScore value='19500'/>
		<buildingScore value='4175'/>
		<razingScore value='8700'/>
		<mineralScore value='19050'/>
		<gasScore value='3600'/>
		<totalScore value='72975'/>
	</player>

	<enemy>
		<race value='Terran'/>
		<unitScore value='11050'/>
		<killScore value='14500'/>
		<buildingScore value='2900'/>
		<razingScore value='3375'/>
		<mineralScore value='10382'/>
		<gasScore value='4192'/>
		<totalScore value='46399'/>
	</enemy>

	<scoreRatio value='1.57277'/>
	<timeFitness value='0.733056'/>
	<unitsAverage value='76'/>
</results>
