<results>
	<result value='loss'/>
	<start value='2015-07-11.19:53:06'/>
	<end value='2015-07-11.19:53:22'/>
	<frames value='21609'/>
	<gameDuration value='1350'/>

	<player>
		<unitScore value='9025'/>
		<killScore value='3300'/>
		<buildingScore value='2400'/>
		<razingScore value='0'/>
		<mineralScore value='9658'/>
		<gasScore value='1288'/>
		<totalScore value='25671'/>
	</player>

	<enemy>
		<race value='Terran'/>
		<unitScore value='6725'/>
		<killScore value='17050'/>
		<buildingScore value='2300'/>
		<razingScore value='7200'/>
		<mineralScore value='10322'/>
		<gasScore value='3256'/>
		<totalScore value='46853'/>
	</enemy>

	<scoreRatio value='0.547905'/>
	<timeFitness value='0.1875'/>
	<unitsAverage value='35'/>
</results>
