<results>
	<result value='loss'/>
	<start value='2015-05-03.19:29:56'/>
	<end value='2015-05-03.19:30:54'/>
	<frames value='56608'/>
	<gameDuration value='3538'/>

	<player>
		<unitScore value='31300'/>
		<killScore value='67800'/>
		<buildingScore value='3375'/>
		<razingScore value='1065'/>
		<mineralScore value='35938'/>
		<gasScore value='456'/>
		<totalScore value='139934'/>
	</player>

	<enemy>
		<race value='Zerg'/>
		<unitScore value='34875'/>
		<unitScore value='34875'/>
		<killScore value='62600'/>
		<buildingScore value='4190'/>
		<razingScore value='10125'/>
		<mineralScore value='27050'/>
		<gasScore value='13084'/>
		<totalScore value='151924'/>
	</enemy>

	<scoreRatio value='0.921079'/>
	<timeFitness value='0.491389'/>
	<unitsAverage value='82'/>
</results>
