<results>
	<result value='win'/>
	<start value='2015-05-21.21:58:07'/>
	<end value='2015-05-21.21:58:32'/>
	<frames value='28057'/>
	<gameDuration value='1753'/>

	<player>
		<unitScore value='15500'/>
		<killScore value='23490'/>
		<buildingScore value='2675'/>
		<razingScore value='5850'/>
		<mineralScore value='21874'/>
		<gasScore value='3176'/>
		<totalScore value='72565'/>
	</player>

	<enemy>
		<race value='Zerg'/>
		<unitScore value='11050'/>
		<killScore value='11850'/>
		<buildingScore value='1950'/>
		<razingScore value='0'/>
		<mineralScore value='10386'/>
		<gasScore value='3192'/>
		<totalScore value='38428'/>
	</enemy>

	<scoreRatio value='1.88834'/>
	<timeFitness value='0.756528'/>
	<unitsAverage value='89'/>
</results>
