<results>
	<result value='loss'/>
	<start value='2015-05-03.19:36:11'/>
	<end value='2015-05-03.19:36:24'/>
	<frames value='22353'/>
	<gameDuration value='1397'/>

	<player>
		<unitScore value='5550'/>
		<killScore value='4950'/>
		<buildingScore value='1600'/>
		<razingScore value='0'/>
		<mineralScore value='7842'/>
		<gasScore value='0'/>
		<totalScore value='19942'/>
	</player>

	<enemy>
		<race value='Zerg'/>
		<unitScore value='8500'/>
		<unitScore value='8500'/>
		<killScore value='11100'/>
		<buildingScore value='2115'/>
		<razingScore value='4800'/>
		<mineralScore value='9610'/>
		<gasScore value='2656'/>
		<totalScore value='38781'/>
	</enemy>

	<scoreRatio value='0.514221'/>
	<timeFitness value='0.194028'/>
	<unitsAverage value='25'/>
</results>
