<results>
	<result value='win'/>
	<start value='2015-05-03.19:39:37'/>
	<end value='2015-05-03.19:40:13'/>
	<frames value='29948'/>
	<gameDuration value='1871'/>

	<player>
		<unitScore value='23250'/>
		<killScore value='27800'/>
		<buildingScore value='4025'/>
		<razingScore value='5820'/>
		<mineralScore value='31806'/>
		<gasScore value='0'/>
		<totalScore value='92701'/>
	</player>

	<enemy>
		<race value='Zerg'/>
		<unitScore value='12325'/>
		<unitScore value='12325'/>
		<killScore value='29500'/>
		<buildingScore value='1940'/>
		<razingScore value='0'/>
		<mineralScore value='11334'/>
		<gasScore value='3256'/>
		<totalScore value='58355'/>
	</enemy>

	<scoreRatio value='1.58857'/>
	<timeFitness value='0.740139'/>
	<unitsAverage value='104'/>
</results>
