<results>
	<result value='win'/>
	<start value='2015-05-03.22:32:34'/>
	<end value='2015-05-03.22:33:51'/>
	<frames value='37760'/>
	<gameDuration value='2360'/>

	<player>
		<unitScore value='28175'/>
		<killScore value='33700'/>
		<buildingScore value='5050'/>
		<razingScore value='9300'/>
		<mineralScore value='33310'/>
		<gasScore value='3432'/>
		<totalScore value='112967'/>
	</player>

	<enemy>
		<race value='Terran'/>
		<unitScore value='16850'/>
		<unitScore value='16850'/>
		<killScore value='30200'/>
		<buildingScore value='3100'/>
		<razingScore value='3000'/>
		<mineralScore value='15442'/>
		<gasScore value='5384'/>
		<totalScore value='73976'/>
	</enemy>

	<scoreRatio value='1.52708'/>
	<timeFitness value='0.672222'/>
	<unitsAverage value='123'/>
</results>
