<results>
	<result value='win'/>
	<start value='2015-05-08.05:12:48'/>
	<end value='2015-05-08.05:13:11'/>
	<frames value='40705'/>
	<gameDuration value='2544'/>

	<player>
		<unitScore value='15575'/>
		<killScore value='27800'/>
		<buildingScore value='3250'/>
		<razingScore value='14625'/>
		<mineralScore value='19498'/>
		<gasScore value='4208'/>
		<totalScore value='84956'/>
	</player>

	<enemy>
		<race value='Terran'/>
		<unitScore value='15500'/>
		<unitScore value='15500'/>
		<killScore value='18450'/>
		<buildingScore value='4875'/>
		<razingScore value='3675'/>
		<mineralScore value='15322'/>
		<gasScore value='7040'/>
		<totalScore value='64862'/>
	</enemy>

	<scoreRatio value='1.3098'/>
	<timeFitness value='0.646667'/>
	<unitsAverage value='58'/>
</results>
