<results>
	<result value='win'/>
	<start value='2015-04-08.09:51:59'/>
	<end value='2015-04-08.09:52:30'/>
	<frames value='28708'/>
	<gameDuration value='1794'/>

	<player>
		<unitScore value='18775'/>
		<killScore value='15100'/>
		<buildingScore value='4225'/>
		<razingScore value='12750'/>
		<mineralScore value='25674'/>
		<gasScore value='2128'/>
		<totalScore value='78652'/>
	</player>

	<enemy>
		<race value='Protoss'/>
		<unitScore value='7550'/>
		<unitScore value='7550'/>
		<killScore value='17450'/>
		<buildingScore value='4250'/>
		<razingScore value='0'/>
		<mineralScore value='20122'/>
		<gasScore value='968'/>
		<totalScore value='50340'/>
	</enemy>

	<scoreRatio value='1.56242'/>
</results>
