<results>
	<result value='win'/>
	<start value='2015-04-12.15:20:40'/>
	<end value='2015-04-12.15:20:58'/>
	<frames value='23097'/>
	<gameDuration value='1443'/>

	<player>
		<unitScore value='14125'/>
		<killScore value='9000'/>
		<buildingScore value='3650'/>
		<razingScore value='10950'/>
		<mineralScore value='19838'/>
		<gasScore value='1680'/>
		<totalScore value='59243'/>
	</player>

	<enemy>
		<race value='Protoss'/>
		<unitScore value='4550'/>
		<unitScore value='4550'/>
		<killScore value='8750'/>
		<buildingScore value='3650'/>
		<razingScore value='0'/>
		<mineralScore value='12606'/>
		<gasScore value='984'/>
		<totalScore value='30540'/>
	</enemy>

	<scoreRatio value='1.93985'/>
</results>
