<results>
	<result value='win'/>
	<start value='2015-05-11.03:18:53'/>
	<end value='2015-05-11.03:19:29'/>
	<frames value='36241'/>
	<gameDuration value='2265'/>

	<player>
		<unitScore value='21300'/>
		<killScore value='43220'/>
		<buildingScore value='2575'/>
		<razingScore value='7635'/>
		<mineralScore value='23010'/>
		<gasScore value='3528'/>
		<totalScore value='101268'/>
	</player>

	<enemy>
		<race value='Zerg'/>
		<unitScore value='18975'/>
		<unitScore value='18975'/>
		<killScore value='27200'/>
		<buildingScore value='2545'/>
		<razingScore value='0'/>
		<mineralScore value='16738'/>
		<gasScore value='5920'/>
		<totalScore value='71378'/>
	</enemy>

	<scoreRatio value='1.41876'/>
	<timeFitness value='0.685417'/>
	<unitsAverage value='82'/>
</results>
