<results>
	<result value='win'/>
	<start value='2015-05-11.03:19:33'/>
	<end value='2015-05-11.03:20:13'/>
	<frames value='28956'/>
	<gameDuration value='1809'/>

	<player>
		<unitScore value='19900'/>
		<killScore value='34420'/>
		<buildingScore value='4225'/>
		<razingScore value='5040'/>
		<mineralScore value='29978'/>
		<gasScore value='1976'/>
		<totalScore value='95539'/>
	</player>

	<enemy>
		<race value='Zerg'/>
		<unitScore value='15500'/>
		<unitScore value='15500'/>
		<killScore value='17450'/>
		<buildingScore value='1680'/>
		<razingScore value='0'/>
		<mineralScore value='13206'/>
		<gasScore value='4136'/>
		<totalScore value='51972'/>
	</enemy>

	<scoreRatio value='1.83828'/>
	<timeFitness value='0.74875'/>
	<unitsAverage value='110'/>
</results>
