<results>
	<result value='win'/>
	<start value='2015-05-11.03:24:01'/>
	<end value='2015-05-11.03:24:37'/>
	<frames value='28336'/>
	<gameDuration value='1771'/>

	<player>
		<unitScore value='18025'/>
		<killScore value='28290'/>
		<buildingScore value='5025'/>
		<razingScore value='4800'/>
		<mineralScore value='30074'/>
		<gasScore value='2784'/>
		<totalScore value='88998'/>
	</player>

	<enemy>
		<race value='Zerg'/>
		<unitScore value='12200'/>
		<unitScore value='12200'/>
		<killScore value='13550'/>
		<buildingScore value='1600'/>
		<razingScore value='0'/>
		<mineralScore value='11222'/>
		<gasScore value='3408'/>
		<totalScore value='41980'/>
	</enemy>

	<scoreRatio value='2.12001'/>
	<timeFitness value='0.754028'/>
	<unitsAverage value='109'/>
</results>
