<results>
	<result value='win'/>
	<start value='2015-05-10.08:01:13'/>
	<end value='2015-05-10.08:02:00'/>
	<frames value='34598'/>
	<gameDuration value='2162'/>

	<player>
		<unitScore value='22500'/>
		<killScore value='24000'/>
		<buildingScore value='4250'/>
		<razingScore value='17625'/>
		<mineralScore value='33830'/>
		<gasScore value='4184'/>
		<totalScore value='106389'/>
	</player>

	<enemy>
		<race value='Protoss'/>
		<unitScore value='12100'/>
		<unitScore value='12100'/>
		<killScore value='22300'/>
		<buildingScore value='5875'/>
		<razingScore value='0'/>
		<mineralScore value='21350'/>
		<gasScore value='1568'/>
		<totalScore value='63193'/>
	</enemy>

	<scoreRatio value='1.68356'/>
	<timeFitness value='0.699722'/>
	<unitsAverage value='124'/>
</results>
