<results>
	<result value='loss'/>
	<start value='2015-05-10.08:11:14'/>
	<end value='2015-05-10.08:12:01'/>
	<frames value='54190'/>
	<gameDuration value='3386'/>

	<player>
		<unitScore value='21625'/>
		<killScore value='37800'/>
		<buildingScore value='2575'/>
		<razingScore value='4950'/>
		<mineralScore value='23986'/>
		<gasScore value='4864'/>
		<totalScore value='95800'/>
	</player>

	<enemy>
		<race value='Protoss'/>
		<unitScore value='22800'/>
		<unitScore value='22800'/>
		<killScore value='43250'/>
		<buildingScore value='6225'/>
		<razingScore value='7725'/>
		<mineralScore value='32810'/>
		<gasScore value='14014'/>
		<totalScore value='126824'/>
	</enemy>

	<scoreRatio value='0.755378'/>
	<timeFitness value='0.470278'/>
	<unitsAverage value='72'/>
</results>
