<results>
	<result value='draw'/>
	<start value='2015-07-14.05:11:23'/>
	<end value='2015-07-14.05:12:29'/>
	<frames value='57601'/>
	<gameDuration value='3600'/>

	<player>
		<unitScore value='39250'/>
		<killScore value='28700'/>
		<buildingScore value='7375'/>
		<razingScore value='2475'/>
		<mineralScore value='39982'/>
		<gasScore value='5856'/>
		<totalScore value='123638'/>
	</player>

	<enemy>
		<race value='Protoss'/>
		<unitScore value='18750'/>
		<killScore value='68850'/>
		<buildingScore value='5750'/>
		<razingScore value='12150'/>
		<mineralScore value='19550'/>
		<gasScore value='11130'/>
		<totalScore value='136180'/>
	</enemy>

	<scoreRatio value='0.907901'/>
	<timeFitness value='0.5'/>
	<unitsAverage value='98'/>
</results>
