<results>
	<result value='win'/>
	<start value='2015-04-28.02:16:39'/>
	<end value='2015-04-28.02:17:49'/>
	<frames value='39000'/>
	<gameDuration value='2437'/>

	<player>
		<unitScore value='23800'/>
		<killScore value='27850'/>
		<buildingScore value='4100'/>
		<razingScore value='24075'/>
		<mineralScore value='29878'/>
		<gasScore value='3624'/>
		<totalScore value='113327'/>
	</player>

	<enemy>
		<race value='Protoss'/>
		<unitScore value='14375'/>
		<unitScore value='14375'/>
		<killScore value='22250'/>
		<buildingScore value='8025'/>
		<razingScore value='300'/>
		<mineralScore value='21426'/>
		<gasScore value='5800'/>
		<totalScore value='72176'/>
	</enemy>

	<scoreRatio value='1.57015'/>
</results>
