<results>
	<result value='win'/>
	<start value='2015-05-01.20:16:05'/>
	<end value='2015-05-01.20:16:22'/>
	<frames value='29111'/>
	<gameDuration value='1819'/>

	<player>
		<unitScore value='12875'/>
		<killScore value='18430'/>
		<buildingScore value='2750'/>
		<razingScore value='9135'/>
		<mineralScore value='16494'/>
		<gasScore value='3088'/>
		<totalScore value='62772'/>
	</player>

	<enemy>
		<race value='Zerg'/>
		<unitScore value='9075'/>
		<unitScore value='9075'/>
		<killScore value='14400'/>
		<buildingScore value='3045'/>
		<razingScore value='2250'/>
		<mineralScore value='10590'/>
		<gasScore value='3216'/>
		<totalScore value='42576'/>
	</enemy>

	<scoreRatio value='1.47435'/>
	<timeFitness value='0.747361'/>
	<unitsAverage value='63'/>
</results>
