<results>
	<result value='win'/>
	<start value='2015-05-01.20:22:26'/>
	<end value='2015-05-01.20:22:45'/>
	<frames value='24678'/>
	<gameDuration value='1542'/>

	<player>
		<unitScore value='15975'/>
		<killScore value='25000'/>
		<buildingScore value='4275'/>
		<razingScore value='4635'/>
		<mineralScore value='22794'/>
		<gasScore value='2552'/>
		<totalScore value='75231'/>
	</player>

	<enemy>
		<race value='Zerg'/>
		<unitScore value='10650'/>
		<unitScore value='10650'/>
		<killScore value='12550'/>
		<buildingScore value='1545'/>
		<razingScore value='0'/>
		<mineralScore value='9634'/>
		<gasScore value='2680'/>
		<totalScore value='37059'/>
	</enemy>

	<scoreRatio value='2.03003'/>
	<timeFitness value='0.785833'/>
	<unitsAverage value='86'/>
</results>
