<results>
	<result value='win'/>
	<start value='2015-04-11.11:43:34'/>
	<end value='2015-04-11.11:44:08'/>
	<frames value='22787'/>
	<gameDuration value='1424'/>

	<player>
		<unitScore value='11350'/>
		<killScore value='11600'/>
		<buildingScore value='3000'/>
		<razingScore value='9825'/>
		<mineralScore value='19286'/>
		<gasScore value='1768'/>
		<totalScore value='56829'/>
	</player>

	<enemy>
		<race value='Protoss'/>
		<unitScore value='5800'/>
		<unitScore value='5800'/>
		<killScore value='5600'/>
		<buildingScore value='3275'/>
		<razingScore value='150'/>
		<mineralScore value='9370'/>
		<gasScore value='2728'/>
		<totalScore value='26923'/>
	</enemy>

	<scoreRatio value='2.1108'/>
</results>
