<results>
	<result value='loss'/>
	<start value='2015-04-11.11:45:02'/>
	<end value='2015-04-11.11:45:16'/>
	<frames value='15130'/>
	<gameDuration value='945'/>

	<player>
		<unitScore value='3275'/>
		<killScore value='1100'/>
		<buildingScore value='1450'/>
		<razingScore value='0'/>
		<mineralScore value='4522'/>
		<gasScore value='632'/>
		<totalScore value='10979'/>
	</player>

	<enemy>
		<race value='Protoss'/>
		<unitScore value='3550'/>
		<unitScore value='3550'/>
		<killScore value='5550'/>
		<buildingScore value='2725'/>
		<razingScore value='4350'/>
		<mineralScore value='7586'/>
		<gasScore value='1432'/>
		<totalScore value='25193'/>
	</enemy>

	<scoreRatio value='0.435796'/>
</results>
