<results>
	<result value='draw'/>
	<start value='2015-07-17.13:41:31'/>
	<end value='2015-07-17.13:45:50'/>
	<frames value='57601'/>
	<gameDuration value='3600'/>

	<player>
		<unitScore value='43100'/>
		<killScore value='24200'/>
		<buildingScore value='4825'/>
		<razingScore value='0'/>
		<mineralScore value='39018'/>
		<gasScore value='10244'/>
		<totalScore value='121387'/>
	</player>

	<enemy>
		<race value='Terran'/>
		<unitScore value='17025'/>
		<killScore value='56550'/>
		<buildingScore value='3975'/>
		<razingScore value='1950'/>
		<mineralScore value='23922'/>
		<gasScore value='6120'/>
		<totalScore value='109542'/>
	</enemy>

	<scoreRatio value='1.10813'/>
	<timeFitness value='0.5'/>
	<unitsAverage value='168'/>
</results>
