<results>
	<result value='loss'/>
	<start value='2015-07-17.13:45:53'/>
	<end value='2015-07-17.13:46:05'/>
	<frames value='19842'/>
	<gameDuration value='1240'/>

	<player>
		<unitScore value='5325'/>
		<killScore value='4900'/>
		<buildingScore value='2000'/>
		<razingScore value='0'/>
		<mineralScore value='7066'/>
		<gasScore value='1320'/>
		<totalScore value='20611'/>
	</player>

	<enemy>
		<race value='Terran'/>
		<unitScore value='6725'/>
		<killScore value='9600'/>
		<buildingScore value='2300'/>
		<razingScore value='6000'/>
		<mineralScore value='8658'/>
		<gasScore value='3008'/>
		<totalScore value='36291'/>
	</enemy>

	<scoreRatio value='0.567937'/>
	<timeFitness value='0.172222'/>
	<unitsAverage value='30'/>
</results>
