<results>
	<result value='loss'/>
	<start value='2015-07-17.13:58:30'/>
	<end value='2015-07-17.13:58:43'/>
	<frames value='18447'/>
	<gameDuration value='1152'/>

	<player>
		<unitScore value='6200'/>
		<killScore value='700'/>
		<buildingScore value='2175'/>
		<razingScore value='0'/>
		<mineralScore value='7642'/>
		<gasScore value='984'/>
		<totalScore value='17701'/>
	</player>

	<enemy>
		<race value='Terran'/>
		<unitScore value='6550'/>
		<killScore value='12400'/>
		<buildingScore value='2750'/>
		<razingScore value='6525'/>
		<mineralScore value='8442'/>
		<gasScore value='2680'/>
		<totalScore value='39347'/>
	</enemy>

	<scoreRatio value='0.449869'/>
	<timeFitness value='0.16'/>
	<unitsAverage value='30'/>
</results>
