<results>
	<result value='win'/>
	<start value='2015-04-27.19:46:44'/>
	<end value='2015-04-27.19:47:13'/>
	<frames value='27685'/>
	<gameDuration value='1730'/>

	<player>
		<unitScore value='12275'/>
		<killScore value='23600'/>
		<buildingScore value='3875'/>
		<razingScore value='8775'/>
		<mineralScore value='18522'/>
		<gasScore value='2552'/>
		<totalScore value='69599'/>
	</player>

	<enemy>
		<race value='Terran'/>
		<unitScore value='12600'/>
		<unitScore value='12600'/>
		<killScore value='8750'/>
		<buildingScore value='2925'/>
		<razingScore value='2100'/>
		<mineralScore value='11290'/>
		<gasScore value='4648'/>
		<totalScore value='42313'/>
	</enemy>

	<scoreRatio value='1.64486'/>
</results>
