<results>
	<result value='win'/>
	<start value='2015-04-08.05:54:35'/>
	<end value='2015-04-08.05:55:49'/>
	<frames value='57476'/>
	<gameDuration value='3592'/>

	<player>
		<unitScore value='35250'/>
		<killScore value='54350'/>
		<buildingScore value='3800'/>
		<razingScore value='19725'/>
		<mineralScore value='36366'/>
		<gasScore value='6312'/>
		<totalScore value='155803'/>
	</player>

	<enemy>
		<race value='Protoss'/>
		<unitScore value='30550'/>
		<unitScore value='30550'/>
		<killScore value='49600'/>
		<buildingScore value='6575'/>
		<razingScore value='1200'/>
		<mineralScore value='25502'/>
		<gasScore value='10416'/>
		<totalScore value='123843'/>
	</enemy>

	<scoreRatio value='1.25807'/>
</results>
