<results>
	<result value='win'/>
	<start value='2015-05-06.03:54:05'/>
	<end value='2015-05-06.03:55:01'/>
	<frames value='29266'/>
	<gameDuration value='1829'/>

	<player>
		<unitScore value='16800'/>
		<killScore value='25700'/>
		<buildingScore value='4125'/>
		<razingScore value='8100'/>
		<mineralScore value='30314'/>
		<gasScore value='2888'/>
		<totalScore value='87927'/>
	</player>

	<enemy>
		<race value='Terran'/>
		<unitScore value='12850'/>
		<unitScore value='12850'/>
		<killScore value='10300'/>
		<buildingScore value='2700'/>
		<razingScore value='0'/>
		<mineralScore value='11870'/>
		<gasScore value='4104'/>
		<totalScore value='41824'/>
	</enemy>

	<scoreRatio value='2.10231'/>
	<timeFitness value='0.745972'/>
	<unitsAverage value='101'/>
</results>
