<results>
	<result value='draw'/>
	<start value='2015-05-06.03:55:06'/>
	<end value='2015-05-06.03:57:36'/>
	<frames value='57601'/>
	<gameDuration value='3600'/>

	<player>
		<unitScore value='22325'/>
		<killScore value='26550'/>
		<buildingScore value='6050'/>
		<razingScore value='11625'/>
		<mineralScore value='34054'/>
		<gasScore value='6996'/>
		<totalScore value='107600'/>
	</player>

	<enemy>
		<race value='Terran'/>
		<unitScore value='13275'/>
		<unitScore value='13275'/>
		<killScore value='18650'/>
		<buildingScore value='3925'/>
		<razingScore value='3150'/>
		<mineralScore value='17194'/>
		<gasScore value='7990'/>
		<totalScore value='64184'/>
	</enemy>

	<scoreRatio value='1.67643'/>
	<timeFitness value='0.5'/>
	<unitsAverage value='121'/>
</results>
