<results>
	<result value='draw'/>
	<start value='2015-05-06.03:52:45'/>
	<end value='2015-05-06.03:54:02'/>
	<frames value='57601'/>
	<gameDuration value='3600'/>

	<player>
		<unitScore value='26525'/>
		<killScore value='33300'/>
		<buildingScore value='3975'/>
		<razingScore value='2550'/>
		<mineralScore value='29698'/>
		<gasScore value='5256'/>
		<totalScore value='101304'/>
	</player>

	<enemy>
		<race value='Terran'/>
		<unitScore value='26375'/>
		<unitScore value='26375'/>
		<killScore value='43200'/>
		<buildingScore value='4475'/>
		<razingScore value='5100'/>
		<mineralScore value='19550'/>
		<gasScore value='11704'/>
		<totalScore value='110404'/>
	</enemy>

	<scoreRatio value='0.917575'/>
	<timeFitness value='0.5'/>
	<unitsAverage value='68'/>
</results>
