<results>
	<result value='win'/>
	<start value='2015-05-06.04:06:20'/>
	<end value='2015-05-06.04:06:39'/>
	<frames value='17424'/>
	<gameDuration value='1089'/>

	<player>
		<unitScore value='5975'/>
		<killScore value='7800'/>
		<buildingScore value='2375'/>
		<razingScore value='3600'/>
		<mineralScore value='9482'/>
		<gasScore value='1456'/>
		<totalScore value='30688'/>
	</player>

	<enemy>
		<race value='Terran'/>
		<unitScore value='3900'/>
		<unitScore value='3900'/>
		<killScore value='1900'/>
		<buildingScore value='1200'/>
		<razingScore value='1500'/>
		<mineralScore value='4858'/>
		<gasScore value='1472'/>
		<totalScore value='14830'/>
	</enemy>

	<scoreRatio value='2.06932'/>
	<timeFitness value='0.84875'/>
	<unitsAverage value='47'/>
</results>
