<results>
	<result value='win'/>
	<start value='2015-05-06.04:24:02'/>
	<end value='2015-05-06.04:24:43'/>
	<frames value='30754'/>
	<gameDuration value='1922'/>

	<player>
		<unitScore value='13200'/>
		<killScore value='27300'/>
		<buildingScore value='3550'/>
		<razingScore value='10500'/>
		<mineralScore value='17594'/>
		<gasScore value='2648'/>
		<totalScore value='74792'/>
	</player>

	<enemy>
		<race value='Terran'/>
		<unitScore value='14450'/>
		<unitScore value='14450'/>
		<killScore value='10900'/>
		<buildingScore value='3500'/>
		<razingScore value='2775'/>
		<mineralScore value='12510'/>
		<gasScore value='5512'/>
		<totalScore value='49647'/>
	</enemy>

	<scoreRatio value='1.50648'/>
	<timeFitness value='0.733056'/>
	<unitsAverage value='62'/>
</results>
