<results>
	<result value='win'/>
	<start value='2015-05-08.22:04:28'/>
	<end value='2015-05-08.22:05:17'/>
	<frames value='36675'/>
	<gameDuration value='2292'/>

	<player>
		<unitScore value='21000'/>
		<killScore value='34800'/>
		<buildingScore value='4575'/>
		<razingScore value='13050'/>
		<mineralScore value='27026'/>
		<gasScore value='3056'/>
		<totalScore value='103507'/>
	</player>

	<enemy>
		<race value='Terran'/>
		<unitScore value='20275'/>
		<unitScore value='20275'/>
		<killScore value='18300'/>
		<buildingScore value='4350'/>
		<razingScore value='3000'/>
		<mineralScore value='15790'/>
		<gasScore value='7822'/>
		<totalScore value='69537'/>
	</enemy>

	<scoreRatio value='1.48852'/>
	<timeFitness value='0.681667'/>
	<unitsAverage value='94'/>
</results>
