<results>
	<result value='win'/>
	<start value='2015-05-01.19:26:23'/>
	<end value='2015-05-01.19:27:20'/>
	<frames value='36272'/>
	<gameDuration value='2267'/>

	<player>
		<unitScore value='24075'/>
		<killScore value='48155'/>
		<buildingScore value='3725'/>
		<razingScore value='9870'/>
		<mineralScore value='32414'/>
		<gasScore value='3840'/>
		<totalScore value='122079'/>
	</player>

	<enemy>
		<race value='Zerg'/>
		<unitScore value='20900'/>
		<unitScore value='20900'/>
		<killScore value='25500'/>
		<buildingScore value='3290'/>
		<razingScore value='0'/>
		<mineralScore value='20770'/>
		<gasScore value='6470'/>
		<totalScore value='76930'/>
	</enemy>

	<scoreRatio value='1.58688'/>
	<timeFitness value='0.685139'/>
	<unitsAverage value='123'/>
</results>
