<results>
	<result value='win'/>
	<start value='2015-05-01.19:28:15'/>
	<end value='2015-05-01.19:29:22'/>
	<frames value='38690'/>
	<gameDuration value='2418'/>

	<player>
		<unitScore value='26700'/>
		<killScore value='50970'/>
		<buildingScore value='5225'/>
		<razingScore value='7335'/>
		<mineralScore value='36462'/>
		<gasScore value='4184'/>
		<totalScore value='130876'/>
	</player>

	<enemy>
		<race value='Zerg'/>
		<unitScore value='23775'/>
		<unitScore value='23775'/>
		<killScore value='30250'/>
		<buildingScore value='2445'/>
		<razingScore value='0'/>
		<mineralScore value='19774'/>
		<gasScore value='6812'/>
		<totalScore value='83056'/>
	</enemy>

	<scoreRatio value='1.57576'/>
	<timeFitness value='0.664167'/>
	<unitsAverage value='135'/>
</results>
