<results>
	<result value='win'/>
	<start value='2015-04-27.22:45:01'/>
	<end value='2015-04-27.22:45:20'/>
	<frames value='25546'/>
	<gameDuration value='1596'/>

	<player>
		<unitScore value='13450'/>
		<killScore value='14350'/>
		<buildingScore value='4125'/>
		<razingScore value='7575'/>
		<mineralScore value='20650'/>
		<gasScore value='3160'/>
		<totalScore value='63310'/>
	</player>

	<enemy>
		<race value='Terran'/>
		<unitScore value='8275'/>
		<unitScore value='8275'/>
		<killScore value='6800'/>
		<buildingScore value='2525'/>
		<razingScore value='1800'/>
		<mineralScore value='8370'/>
		<gasScore value='2640'/>
		<totalScore value='30410'/>
	</enemy>

	<scoreRatio value='2.08188'/>
</results>
