<results>
	<result value='win'/>
	<start value='2015-04-27.22:49:02'/>
	<end value='2015-04-27.22:49:12'/>
	<frames value='17703'/>
	<gameDuration value='1106'/>

	<player>
		<unitScore value='6100'/>
		<killScore value='10200'/>
		<buildingScore value='2325'/>
		<razingScore value='4350'/>
		<mineralScore value='9914'/>
		<gasScore value='1528'/>
		<totalScore value='34417'/>
	</player>

	<enemy>
		<race value='Terran'/>
		<unitScore value='5100'/>
		<unitScore value='5100'/>
		<killScore value='2300'/>
		<buildingScore value='1450'/>
		<razingScore value='1350'/>
		<mineralScore value='8034'/>
		<gasScore value='2056'/>
		<totalScore value='20290'/>
	</enemy>

	<scoreRatio value='1.69625'/>
</results>
