<results>
	<result value='win'/>
	<start value='2015-04-28.00:05:07'/>
	<end value='2015-04-28.00:05:16'/>
	<frames value='18416'/>
	<gameDuration value='1151'/>

	<player>
		<unitScore value='6150'/>
		<killScore value='12200'/>
		<buildingScore value='2000'/>
		<razingScore value='4650'/>
		<mineralScore value='10074'/>
		<gasScore value='1152'/>
		<totalScore value='36226'/>
	</player>

	<enemy>
		<race value='Terran'/>
		<unitScore value='6100'/>
		<unitScore value='6100'/>
		<killScore value='4250'/>
		<buildingScore value='1550'/>
		<razingScore value='300'/>
		<mineralScore value='7746'/>
		<gasScore value='2496'/>
		<totalScore value='22442'/>
	</enemy>

	<scoreRatio value='1.61421'/>
</results>
