<results>
	<result value='draw'/>
	<start value='2015-04-28.00:05:19'/>
	<end value='2015-04-28.00:05:57'/>
	<frames value='57601'/>
	<gameDuration value='3600'/>

	<player>
		<unitScore value='24350'/>
		<killScore value='28150'/>
		<buildingScore value='2925'/>
		<razingScore value='3975'/>
		<mineralScore value='25454'/>
		<gasScore value='6268'/>
		<totalScore value='91122'/>
	</player>

	<enemy>
		<race value='Terran'/>
		<unitScore value='16550'/>
		<unitScore value='16550'/>
		<killScore value='40250'/>
		<buildingScore value='3825'/>
		<razingScore value='2250'/>
		<mineralScore value='13730'/>
		<gasScore value='6818'/>
		<totalScore value='83423'/>
	</enemy>

	<scoreRatio value='1.09229'/>
</results>
