<results>
	<result value='loss'/>
	<start value='2015-04-28.00:06:45'/>
	<end value='2015-04-28.00:06:55'/>
	<frames value='21206'/>
	<gameDuration value='1325'/>

	<player>
		<unitScore value='7250'/>
		<killScore value='3700'/>
		<buildingScore value='2475'/>
		<razingScore value='0'/>
		<mineralScore value='9474'/>
		<gasScore value='1520'/>
		<totalScore value='24419'/>
	</player>

	<enemy>
		<race value='Terran'/>
		<unitScore value='8150'/>
		<unitScore value='8150'/>
		<killScore value='14500'/>
		<buildingScore value='3225'/>
		<razingScore value='7425'/>
		<mineralScore value='10218'/>
		<gasScore value='4120'/>
		<totalScore value='47638'/>
	</enemy>

	<scoreRatio value='0.512595'/>
</results>
