<results>
	<result value='win'/>
	<start value='2015-04-28.00:06:59'/>
	<end value='2015-04-28.00:07:50'/>
	<frames value='50036'/>
	<gameDuration value='3127'/>

	<player>
		<unitScore value='28925'/>
		<killScore value='52000'/>
		<buildingScore value='4925'/>
		<razingScore value='14325'/>
		<mineralScore value='37374'/>
		<gasScore value='6928'/>
		<totalScore value='144477'/>
	</player>

	<enemy>
		<race value='Terran'/>
		<unitScore value='28700'/>
		<unitScore value='28700'/>
		<killScore value='33600'/>
		<buildingScore value='4775'/>
		<razingScore value='3375'/>
		<mineralScore value='20934'/>
		<gasScore value='10974'/>
		<totalScore value='102358'/>
	</enemy>

	<scoreRatio value='1.41149'/>
</results>
