<results>
	<result value='loss'/>
	<start value='2015-05-08.17:46:24'/>
	<end value='2015-05-08.17:46:41'/>
	<frames value='32521'/>
	<gameDuration value='2032'/>

	<player>
		<unitScore value='7050'/>
		<killScore value='4900'/>
		<buildingScore value='3300'/>
		<razingScore value='0'/>
		<mineralScore value='16234'/>
		<gasScore value='3072'/>
		<totalScore value='34556'/>
	</player>

	<enemy>
		<race value='Terran'/>
		<unitScore value='16475'/>
		<unitScore value='16475'/>
		<killScore value='14100'/>
		<buildingScore value='4600'/>
		<razingScore value='10200'/>
		<mineralScore value='18366'/>
		<gasScore value='8236'/>
		<totalScore value='71977'/>
	</enemy>

	<scoreRatio value='0.480098'/>
	<timeFitness value='0.282222'/>
	<unitsAverage value='42'/>
</results>
