<results>
	<result value='win'/>
	<start value='2015-05-08.17:47:45'/>
	<end value='2015-05-08.17:48:09'/>
	<frames value='27158'/>
	<gameDuration value='1697'/>

	<player>
		<unitScore value='13600'/>
		<killScore value='25250'/>
		<buildingScore value='4675'/>
		<razingScore value='9825'/>
		<mineralScore value='21290'/>
		<gasScore value='1960'/>
		<totalScore value='76600'/>
	</player>

	<enemy>
		<race value='Terran'/>
		<unitScore value='14825'/>
		<unitScore value='14825'/>
		<killScore value='6900'/>
		<buildingScore value='3275'/>
		<razingScore value='1875'/>
		<mineralScore value='12450'/>
		<gasScore value='5632'/>
		<totalScore value='44957'/>
	</enemy>

	<scoreRatio value='1.70385'/>
	<timeFitness value='0.764306'/>
	<unitsAverage value='87'/>
</results>
