<results>
	<result value='draw'/>
	<start value='2015-04-08.03:52:27'/>
	<end value='2015-04-08.03:54:06'/>
	<frames value='57601'/>
	<gameDuration value='3600'/>

	<player>
		<unitScore value='24925'/>
		<killScore value='42300'/>
		<buildingScore value='5100'/>
		<razingScore value='21075'/>
		<mineralScore value='38366'/>
		<gasScore value='5880'/>
		<totalScore value='137646'/>
	</player>

	<enemy>
		<race value='Protoss'/>
		<unitScore value='21825'/>
		<unitScore value='21825'/>
		<killScore value='23550'/>
		<buildingScore value='7075'/>
		<razingScore value='150'/>
		<mineralScore value='21414'/>
		<gasScore value='5936'/>
		<totalScore value='79950'/>
	</enemy>

	<scoreRatio value='1.72165'/>
</results>
