<results>
	<result value='win'/>
	<start value='2015-07-10.12:46:50'/>
	<end value='2015-07-10.12:47:27'/>
	<frames value='17362'/>
	<gameDuration value='1085'/>

	<player>
		<unitScore value='7700'/>
		<killScore value='8150'/>
		<buildingScore value='2875'/>
		<razingScore value='3600'/>
		<mineralScore value='11946'/>
		<gasScore value='1312'/>
		<totalScore value='35583'/>
	</player>

	<enemy>
		<race value='Terran'/>
		<unitScore value='4075'/>
		<killScore value='1650'/>
		<buildingScore value='1200'/>
		<razingScore value='0'/>
		<mineralScore value='5122'/>
		<gasScore value='1304'/>
		<totalScore value='13351'/>
	</enemy>

	<scoreRatio value='2.66519'/>
	<timeFitness value='0.849306'/>
	<unitsAverage value='54'/>
</results>
