<results>
	<result value='loss'/>
	<start value='2015-05-01.04:57:32'/>
	<end value='2015-05-01.04:57:42'/>
	<frames value='15998'/>
	<gameDuration value='999'/>

	<player>
		<unitScore value='3725'/>
		<killScore value='1400'/>
		<buildingScore value='1500'/>
		<razingScore value='0'/>
		<mineralScore value='5226'/>
		<gasScore value='576'/>
		<totalScore value='12427'/>
	</player>

	<enemy>
		<race value='Protoss'/>
		<unitScore value='3550'/>
		<unitScore value='3550'/>
		<killScore value='7450'/>
		<buildingScore value='3525'/>
		<razingScore value='4500'/>
		<mineralScore value='8298'/>
		<gasScore value='1512'/>
		<totalScore value='28835'/>
	</enemy>

	<scoreRatio value='0.430969'/>
</results>
