<results>
	<result value='win'/>
	<start value='2015-05-12.02:30:41'/>
	<end value='2015-05-12.02:31:26'/>
	<frames value='31281'/>
	<gameDuration value='1955'/>

	<player>
		<unitScore value='23075'/>
		<killScore value='30400'/>
		<buildingScore value='4350'/>
		<razingScore value='4755'/>
		<mineralScore value='36226'/>
		<gasScore value='2392'/>
		<totalScore value='101198'/>
	</player>

	<enemy>
		<race value='Zerg'/>
		<unitScore value='14300'/>
		<unitScore value='14300'/>
		<killScore value='25100'/>
		<buildingScore value='1585'/>
		<razingScore value='0'/>
		<mineralScore value='12078'/>
		<gasScore value='4240'/>
		<totalScore value='57303'/>
	</enemy>

	<scoreRatio value='1.76602'/>
	<timeFitness value='0.728472'/>
	<unitsAverage value='113'/>
</results>
