<results>
	<result value='loss'/>
	<start value='2015-05-12.02:36:18'/>
	<end value='2015-05-12.02:36:21'/>
	<frames value='7349'/>
	<gameDuration value='459'/>

	<player>
		<unitScore value='750'/>
		<killScore value='100'/>
		<buildingScore value='625'/>
		<razingScore value='0'/>
		<mineralScore value='1194'/>
		<gasScore value='0'/>
		<totalScore value='2669'/>
	</player>

	<enemy>
		<race value='Zerg'/>
		<unitScore value='1250'/>
		<unitScore value='1250'/>
		<killScore value='1500'/>
		<buildingScore value='440'/>
		<razingScore value='1875'/>
		<mineralScore value='2002'/>
		<gasScore value='8'/>
		<totalScore value='7075'/>
	</enemy>

	<scoreRatio value='0.377244'/>
	<timeFitness value='0.06375'/>
	<unitsAverage value='8'/>
</results>
