<results>
	<result value='win'/>
	<start value='2015-05-12.03:00:05'/>
	<end value='2015-05-12.03:00:39'/>
	<frames value='25856'/>
	<gameDuration value='1616'/>

	<player>
		<unitScore value='16650'/>
		<killScore value='24010'/>
		<buildingScore value='4050'/>
		<razingScore value='5925'/>
		<mineralScore value='26186'/>
		<gasScore value='2872'/>
		<totalScore value='79693'/>
	</player>

	<enemy>
		<race value='Zerg'/>
		<unitScore value='11000'/>
		<unitScore value='11000'/>
		<killScore value='13350'/>
		<buildingScore value='1975'/>
		<razingScore value='150'/>
		<mineralScore value='10954'/>
		<gasScore value='3128'/>
		<totalScore value='40557'/>
	</enemy>

	<scoreRatio value='1.96496'/>
	<timeFitness value='0.775556'/>
	<unitsAverage value='93'/>
</results>
