<results>
	<result value='win'/>
	<start value='2015-05-12.03:05:26'/>
	<end value='2015-05-12.03:06:08'/>
	<frames value='29018'/>
	<gameDuration value='1813'/>

	<player>
		<unitScore value='18975'/>
		<killScore value='31365'/>
		<buildingScore value='3625'/>
		<razingScore value='9585'/>
		<mineralScore value='29498'/>
		<gasScore value='2520'/>
		<totalScore value='95568'/>
	</player>

	<enemy>
		<race value='Zerg'/>
		<unitScore value='14350'/>
		<unitScore value='14350'/>
		<killScore value='19950'/>
		<buildingScore value='3195'/>
		<razingScore value='2025'/>
		<mineralScore value='15266'/>
		<gasScore value='4128'/>
		<totalScore value='58914'/>
	</enemy>

	<scoreRatio value='1.62216'/>
	<timeFitness value='0.748194'/>
	<unitsAverage value='100'/>
</results>
