<results>
	<result value='loss'/>
	<start value='2015-05-05.12:04:09'/>
	<end value='2015-05-05.12:04:24'/>
	<frames value='23469'/>
	<gameDuration value='1466'/>

	<player>
		<unitScore value='7300'/>
		<killScore value='4300'/>
		<buildingScore value='2100'/>
		<razingScore value='0'/>
		<mineralScore value='8666'/>
		<gasScore value='1200'/>
		<totalScore value='23566'/>
	</player>

	<enemy>
		<race value='Terran'/>
		<unitScore value='7500'/>
		<unitScore value='7500'/>
		<killScore value='14600'/>
		<buildingScore value='2850'/>
		<razingScore value='6300'/>
		<mineralScore value='11126'/>
		<gasScore value='3928'/>
		<totalScore value='46304'/>
	</enemy>

	<scoreRatio value='0.508941'/>
	<timeFitness value='0.203611'/>
	<unitsAverage value='37'/>
</results>
