<results>
	<result value='draw'/>
	<start value='2015-05-05.12:11:08'/>
	<end value='2015-05-05.12:12:16'/>
	<frames value='57601'/>
	<gameDuration value='3600'/>

	<player>
		<unitScore value='28925'/>
		<killScore value='22950'/>
		<buildingScore value='4575'/>
		<razingScore value='1050'/>
		<mineralScore value='30078'/>
		<gasScore value='4664'/>
		<totalScore value='92242'/>
	</player>

	<enemy>
		<race value='Terran'/>
		<unitScore value='27050'/>
		<unitScore value='27050'/>
		<killScore value='44350'/>
		<buildingScore value='4425'/>
		<razingScore value='8100'/>
		<mineralScore value='19550'/>
		<gasScore value='12340'/>
		<totalScore value='115815'/>
	</enemy>

	<scoreRatio value='0.79646'/>
	<timeFitness value='0.5'/>
	<unitsAverage value='103'/>
</results>
