<results>
	<result value='win'/>
	<start value='2015-05-05.12:12:18'/>
	<end value='2015-05-05.12:12:38'/>
	<frames value='24337'/>
	<gameDuration value='1521'/>

	<player>
		<unitScore value='11275'/>
		<killScore value='16800'/>
		<buildingScore value='3450'/>
		<razingScore value='8025'/>
		<mineralScore value='15962'/>
		<gasScore value='1792'/>
		<totalScore value='57304'/>
	</player>

	<enemy>
		<race value='Terran'/>
		<unitScore value='8700'/>
		<unitScore value='8700'/>
		<killScore value='6700'/>
		<buildingScore value='2675'/>
		<razingScore value='675'/>
		<mineralScore value='9402'/>
		<gasScore value='3432'/>
		<totalScore value='31584'/>
	</enemy>

	<scoreRatio value='1.81434'/>
	<timeFitness value='0.78875'/>
	<unitsAverage value='69'/>
</results>
