<results>
	<result value='win'/>
	<start value='2015-05-05.12:13:16'/>
	<end value='2015-05-05.12:13:29'/>
	<frames value='20152'/>
	<gameDuration value='1259'/>

	<player>
		<unitScore value='8825'/>
		<killScore value='12750'/>
		<buildingScore value='3175'/>
		<razingScore value='5250'/>
		<mineralScore value='13634'/>
		<gasScore value='1976'/>
		<totalScore value='45610'/>
	</player>

	<enemy>
		<race value='Terran'/>
		<unitScore value='6375'/>
		<unitScore value='6375'/>
		<killScore value='3750'/>
		<buildingScore value='1750'/>
		<razingScore value='0'/>
		<mineralScore value='7818'/>
		<gasScore value='2472'/>
		<totalScore value='22165'/>
	</enemy>

	<scoreRatio value='2.05775'/>
	<timeFitness value='0.825139'/>
	<unitsAverage value='58'/>
</results>
