<results>
	<result value='loss'/>
	<start value='2015-04-12.15:32:38'/>
	<end value='2015-04-12.15:32:51'/>
	<frames value='15564'/>
	<gameDuration value='972'/>

	<player>
		<unitScore value='3325'/>
		<killScore value='2300'/>
		<buildingScore value='1575'/>
		<razingScore value='0'/>
		<mineralScore value='5234'/>
		<gasScore value='1120'/>
		<totalScore value='13554'/>
	</player>

	<enemy>
		<race value='Protoss'/>
		<unitScore value='3925'/>
		<unitScore value='3925'/>
		<killScore value='6750'/>
		<buildingScore value='3225'/>
		<razingScore value='4725'/>
		<mineralScore value='7906'/>
		<gasScore value='1888'/>
		<totalScore value='28419'/>
	</enemy>

	<scoreRatio value='0.476934'/>
</results>
