<results>
	<result value='loss'/>
	<start value='2015-04-12.15:32:54'/>
	<end value='2015-04-12.15:33:07'/>
	<frames value='15130'/>
	<gameDuration value='945'/>

	<player>
		<unitScore value='2900'/>
		<killScore value='1500'/>
		<buildingScore value='1425'/>
		<razingScore value='0'/>
		<mineralScore value='4282'/>
		<gasScore value='800'/>
		<totalScore value='10907'/>
	</player>

	<enemy>
		<race value='Protoss'/>
		<unitScore value='3750'/>
		<unitScore value='3750'/>
		<killScore value='5800'/>
		<buildingScore value='3025'/>
		<razingScore value='4275'/>
		<mineralScore value='7594'/>
		<gasScore value='1648'/>
		<totalScore value='26092'/>
	</enemy>

	<scoreRatio value='0.418021'/>
</results>
