<results>
	<result value='loss'/>
	<start value='2015-04-12.15:35:17'/>
	<end value='2015-04-12.15:35:45'/>
	<frames value='27778'/>
	<gameDuration value='1736'/>

	<player>
		<unitScore value='9150'/>
		<killScore value='3300'/>
		<buildingScore value='2425'/>
		<razingScore value='0'/>
		<mineralScore value='11202'/>
		<gasScore value='1192'/>
		<totalScore value='27269'/>
	</player>

	<enemy>
		<race value='Protoss'/>
		<unitScore value='12675'/>
		<unitScore value='12675'/>
		<killScore value='18300'/>
		<buildingScore value='6875'/>
		<razingScore value='7275'/>
		<mineralScore value='17898'/>
		<gasScore value='6536'/>
		<totalScore value='69559'/>
	</enemy>

	<scoreRatio value='0.392027'/>
</results>
