<results>
	<result value='win'/>
	<start value='2015-04-28.20:22:55'/>
	<end value='2015-04-28.20:23:16'/>
	<frames value='29452'/>
	<gameDuration value='1840'/>

	<player>
		<unitScore value='18400'/>
		<killScore value='29880'/>
		<buildingScore value='3575'/>
		<razingScore value='5115'/>
		<mineralScore value='21170'/>
		<gasScore value='2552'/>
		<totalScore value='80692'/>
	</player>

	<enemy>
		<race value='Zerg'/>
		<unitScore value='12925'/>
		<unitScore value='12925'/>
		<killScore value='19050'/>
		<buildingScore value='1705'/>
		<razingScore value='0'/>
		<mineralScore value='11694'/>
		<gasScore value='3080'/>
		<totalScore value='48454'/>
	</enemy>

	<scoreRatio value='1.66533'/>
	<timeFitness value='0.744444'/>
	<unitsAverage value='79'/>
</results>
