<results>
	<result value='win'/>
	<start value='2015-04-16.21:19:27'/>
	<end value='2015-04-16.21:20:15'/>
	<frames value='28739'/>
	<gameDuration value='1796'/>

	<player>
		<unitScore value='17500'/>
		<killScore value='13600'/>
		<buildingScore value='3050'/>
		<razingScore value='15300'/>
		<mineralScore value='19982'/>
		<gasScore value='1552'/>
		<totalScore value='70984'/>
	</player>

	<enemy>
		<race value='Protoss'/>
		<unitScore value='6800'/>
		<unitScore value='6800'/>
		<killScore value='14800'/>
		<buildingScore value='5100'/>
		<razingScore value='0'/>
		<mineralScore value='19218'/>
		<gasScore value='952'/>
		<totalScore value='46870'/>
	</enemy>

	<scoreRatio value='1.51449'/>
</results>
