<results>
	<result value='win'/>
	<start value='2015-04-16.21:23:08'/>
	<end value='2015-04-16.21:23:43'/>
	<frames value='25081'/>
	<gameDuration value='1567'/>

	<player>
		<unitScore value='12650'/>
		<killScore value='11700'/>
		<buildingScore value='2775'/>
		<razingScore value='12225'/>
		<mineralScore value='15578'/>
		<gasScore value='2000'/>
		<totalScore value='56928'/>
	</player>

	<enemy>
		<race value='Protoss'/>
		<unitScore value='5850'/>
		<unitScore value='5850'/>
		<killScore value='10800'/>
		<buildingScore value='4075'/>
		<razingScore value='150'/>
		<mineralScore value='11818'/>
		<gasScore value='1808'/>
		<totalScore value='34501'/>
	</enemy>

	<scoreRatio value='1.65004'/>
</results>
