<results>
	<result value='win'/>
	<start value='2015-05-09.00:34:55'/>
	<end value='2015-05-09.00:35:20'/>
	<frames value='30165'/>
	<gameDuration value='1885'/>

	<player>
		<unitScore value='12175'/>
		<killScore value='23650'/>
		<buildingScore value='3400'/>
		<razingScore value='10350'/>
		<mineralScore value='19674'/>
		<gasScore value='3176'/>
		<totalScore value='72425'/>
	</player>

	<enemy>
		<race value='Terran'/>
		<unitScore value='14025'/>
		<unitScore value='14025'/>
		<killScore value='11550'/>
		<buildingScore value='3450'/>
		<razingScore value='2475'/>
		<mineralScore value='13234'/>
		<gasScore value='5984'/>
		<totalScore value='50718'/>
	</enemy>

	<scoreRatio value='1.42799'/>
	<timeFitness value='0.738194'/>
	<unitsAverage value='60'/>
</results>
