<results>
	<result value='loss'/>
	<start value='2015-07-07.15:01:37'/>
	<end value='2015-07-07.15:02:06'/>
	<frames value='26290'/>
	<gameDuration value='1643'/>

	<player>
		<unitScore value='7675'/>
		<killScore value='12900'/>
		<buildingScore value='2350'/>
		<razingScore value='525'/>
		<mineralScore value='7946'/>
		<gasScore value='1808'/>
		<totalScore value='33204'/>
	</player>

	<enemy>
		<race value='Terran'/>
		<unitScore value='9175'/>
		<killScore value='15350'/>
		<buildingScore value='2475'/>
		<razingScore value='7050'/>
		<mineralScore value='9986'/>
		<gasScore value='3008'/>
		<totalScore value='47044'/>
	</enemy>

	<scoreRatio value='0.705807'/>
	<timeFitness value='0.228194'/>
	<unitsAverage value='36'/>
</results>
