<results>
	<result value='loss'/>
	<start value='2015-07-07.15:19:21'/>
	<end value='2015-07-07.15:19:47'/>
	<frames value='22849'/>
	<gameDuration value='1428'/>

	<player>
		<unitScore value='10025'/>
		<killScore value='4500'/>
		<buildingScore value='1950'/>
		<razingScore value='0'/>
		<mineralScore value='9442'/>
		<gasScore value='1928'/>
		<totalScore value='27845'/>
	</player>

	<enemy>
		<race value='Terran'/>
		<unitScore value='9300'/>
		<killScore value='17700'/>
		<buildingScore value='3350'/>
		<razingScore value='5850'/>
		<mineralScore value='11242'/>
		<gasScore value='4064'/>
		<totalScore value='51506'/>
	</enemy>

	<scoreRatio value='0.540617'/>
	<timeFitness value='0.198333'/>
	<unitsAverage value='42'/>
</results>
