<results>
	<result value='win'/>
	<start value='2015-05-21.23:21:34'/>
	<end value='2015-05-21.23:21:56'/>
	<frames value='26290'/>
	<gameDuration value='1643'/>

	<player>
		<unitScore value='17175'/>
		<killScore value='18070'/>
		<buildingScore value='3950'/>
		<razingScore value='5655'/>
		<mineralScore value='23362'/>
		<gasScore value='1808'/>
		<totalScore value='70020'/>
	</player>

	<enemy>
		<race value='Zerg'/>
		<unitScore value='9025'/>
		<killScore value='14650'/>
		<buildingScore value='1885'/>
		<razingScore value='150'/>
		<mineralScore value='9650'/>
		<gasScore value='3168'/>
		<totalScore value='38528'/>
	</enemy>

	<scoreRatio value='1.81738'/>
	<timeFitness value='0.771806'/>
	<unitsAverage value='88'/>
</results>
