<results>
	<result value='win'/>
	<start value='2015-05-21.23:30:30'/>
	<end value='2015-05-21.23:30:49'/>
	<frames value='22694'/>
	<gameDuration value='1418'/>

	<player>
		<unitScore value='14975'/>
		<killScore value='18840'/>
		<buildingScore value='3925'/>
		<razingScore value='4560'/>
		<mineralScore value='21934'/>
		<gasScore value='1272'/>
		<totalScore value='65506'/>
	</player>

	<enemy>
		<race value='Zerg'/>
		<unitScore value='9075'/>
		<killScore value='10450'/>
		<buildingScore value='1520'/>
		<razingScore value='0'/>
		<mineralScore value='8442'/>
		<gasScore value='2432'/>
		<totalScore value='31919'/>
	</enemy>

	<scoreRatio value='2.05226'/>
	<timeFitness value='0.803056'/>
	<unitsAverage value='84'/>
</results>
