<results>
	<result value='win'/>
	<start value='2015-05-04.01:02:48'/>
	<end value='2015-05-04.01:03:33'/>
	<frames value='26445'/>
	<gameDuration value='1652'/>

	<player>
		<unitScore value='18100'/>
		<killScore value='33620'/>
		<buildingScore value='3875'/>
		<razingScore value='5940'/>
		<mineralScore value='23190'/>
		<gasScore value='2560'/>
		<totalScore value='87285'/>
	</player>

	<enemy>
		<race value='Zerg'/>
		<unitScore value='14150'/>
		<unitScore value='14150'/>
		<killScore value='16450'/>
		<buildingScore value='1980'/>
		<razingScore value='0'/>
		<mineralScore value='12954'/>
		<gasScore value='3440'/>
		<totalScore value='48974'/>
	</enemy>

	<scoreRatio value='1.78227'/>
	<timeFitness value='0.770556'/>
	<unitsAverage value='88'/>
</results>
