<results>
	<result value='win'/>
	<start value='2015-05-04.01:06:34'/>
	<end value='2015-05-04.01:07:28'/>
	<frames value='27778'/>
	<gameDuration value='1736'/>

	<player>
		<unitScore value='24575'/>
		<killScore value='23475'/>
		<buildingScore value='4550'/>
		<razingScore value='4680'/>
		<mineralScore value='31010'/>
		<gasScore value='1128'/>
		<totalScore value='89418'/>
	</player>

	<enemy>
		<race value='Zerg'/>
		<unitScore value='11200'/>
		<unitScore value='11200'/>
		<killScore value='25400'/>
		<buildingScore value='1560'/>
		<razingScore value='0'/>
		<mineralScore value='10706'/>
		<gasScore value='3352'/>
		<totalScore value='52218'/>
	</enemy>

	<scoreRatio value='1.7124'/>
	<timeFitness value='0.758889'/>
	<unitsAverage value='107'/>
</results>
