<results>
	<result value='win'/>
	<start value='2015-05-21.23:32:27'/>
	<end value='2015-05-21.23:32:58'/>
	<frames value='30940'/>
	<gameDuration value='1933'/>

	<player>
		<unitScore value='20275'/>
		<killScore value='28835'/>
		<buildingScore value='4200'/>
		<razingScore value='6195'/>
		<mineralScore value='31282'/>
		<gasScore value='2136'/>
		<totalScore value='92923'/>
	</player>

	<enemy>
		<race value='Zerg'/>
		<unitScore value='14275'/>
		<killScore value='17050'/>
		<buildingScore value='2065'/>
		<razingScore value='0'/>
		<mineralScore value='13626'/>
		<gasScore value='5016'/>
		<totalScore value='52032'/>
	</enemy>

	<scoreRatio value='1.78588'/>
	<timeFitness value='0.731528'/>
	<unitsAverage value='106'/>
</results>
