<results>
	<result value='loss'/>
	<start value='2015-05-21.23:34:26'/>
	<end value='2015-05-21.23:34:29'/>
	<frames value='8000'/>
	<gameDuration value='500'/>

	<player>
		<unitScore value='1000'/>
		<killScore value='50'/>
		<buildingScore value='775'/>
		<razingScore value='0'/>
		<mineralScore value='1682'/>
		<gasScore value='64'/>
		<totalScore value='3571'/>
	</player>

	<enemy>
		<race value='Zerg'/>
		<unitScore value='1350'/>
		<killScore value='1900'/>
		<buildingScore value='780'/>
		<razingScore value='2325'/>
		<mineralScore value='2290'/>
		<gasScore value='88'/>
		<totalScore value='8733'/>
	</enemy>

	<scoreRatio value='0.408909'/>
	<timeFitness value='0.0694444'/>
	<unitsAverage value='11'/>
</results>
