<results>
	<result value='loss'/>
	<start value='2015-05-05.11:28:10'/>
	<end value='2015-05-05.11:28:33'/>
	<frames value='42720'/>
	<gameDuration value='2670'/>

	<player>
		<unitScore value='6700'/>
		<killScore value='7900'/>
		<buildingScore value='1725'/>
		<razingScore value='0'/>
		<mineralScore value='8058'/>
		<gasScore value='1496'/>
		<totalScore value='25879'/>
	</player>

	<enemy>
		<race value='Terran'/>
		<unitScore value='25000'/>
		<unitScore value='25000'/>
		<killScore value='13400'/>
		<buildingScore value='5525'/>
		<razingScore value='5175'/>
		<mineralScore value='23074'/>
		<gasScore value='13440'/>
		<totalScore value='85614'/>
	</enemy>

	<scoreRatio value='0.302275'/>
	<timeFitness value='0.370833'/>
	<unitsAverage value='25'/>
</results>
