<results>
	<result value='win'/>
	<start value='2015-05-05.11:31:34'/>
	<end value='2015-05-05.11:32:13'/>
	<frames value='49664'/>
	<gameDuration value='3104'/>

	<player>
		<unitScore value='20050'/>
		<killScore value='37500'/>
		<buildingScore value='3075'/>
		<razingScore value='14325'/>
		<mineralScore value='22342'/>
		<gasScore value='3432'/>
		<totalScore value='100724'/>
	</player>

	<enemy>
		<race value='Terran'/>
		<unitScore value='20150'/>
		<unitScore value='20150'/>
		<killScore value='29500'/>
		<buildingScore value='4775'/>
		<razingScore value='3075'/>
		<mineralScore value='17122'/>
		<gasScore value='7946'/>
		<totalScore value='82568'/>
	</enemy>

	<scoreRatio value='1.21989'/>
	<timeFitness value='0.568889'/>
	<unitsAverage value='73'/>
</results>
