<results>
	<result value='draw'/>
	<start value='2015-05-05.11:35:15'/>
	<end value='2015-05-05.11:35:58'/>
	<frames value='57601'/>
	<gameDuration value='3600'/>

	<player>
		<unitScore value='21875'/>
		<killScore value='23300'/>
		<buildingScore value='2625'/>
		<razingScore value='2550'/>
		<mineralScore value='23970'/>
		<gasScore value='5058'/>
		<totalScore value='79378'/>
	</player>

	<enemy>
		<race value='Terran'/>
		<unitScore value='26000'/>
		<unitScore value='26000'/>
		<killScore value='43750'/>
		<buildingScore value='4800'/>
		<razingScore value='7575'/>
		<mineralScore value='20806'/>
		<gasScore value='12490'/>
		<totalScore value='115421'/>
	</enemy>

	<scoreRatio value='0.687726'/>
	<timeFitness value='0.5'/>
	<unitsAverage value='55'/>
</results>
