<results>
	<result value='loss'/>
	<start value='2015-05-05.11:42:16'/>
	<end value='2015-05-05.11:42:22'/>
	<frames value='12526'/>
	<gameDuration value='782'/>

	<player>
		<unitScore value='1850'/>
		<killScore value='0'/>
		<buildingScore value='800'/>
		<razingScore value='0'/>
		<mineralScore value='5010'/>
		<gasScore value='216'/>
		<totalScore value='7876'/>
	</player>

	<enemy>
		<race value='Terran'/>
		<unitScore value='3650'/>
		<unitScore value='3650'/>
		<killScore value='3700'/>
		<buildingScore value='1450'/>
		<razingScore value='2400'/>
		<mineralScore value='5490'/>
		<gasScore value='1784'/>
		<totalScore value='18474'/>
	</enemy>

	<scoreRatio value='0.426329'/>
	<timeFitness value='0.108611'/>
	<unitsAverage value='21'/>
</results>
