<results>
	<result value='loss'/>
	<start value='2015-05-05.11:50:07'/>
	<end value='2015-05-05.11:50:40'/>
	<frames value='48889'/>
	<gameDuration value='3055'/>

	<player>
		<unitScore value='15375'/>
		<killScore value='13750'/>
		<buildingScore value='3350'/>
		<razingScore value='150'/>
		<mineralScore value='23482'/>
		<gasScore value='904'/>
		<totalScore value='57011'/>
	</player>

	<enemy>
		<race value='Terran'/>
		<unitScore value='20200'/>
		<unitScore value='20200'/>
		<killScore value='30850'/>
		<buildingScore value='4175'/>
		<razingScore value='10050'/>
		<mineralScore value='19290'/>
		<gasScore value='10786'/>
		<totalScore value='95351'/>
	</enemy>

	<scoreRatio value='0.597907'/>
	<timeFitness value='0.424306'/>
	<unitsAverage value='42'/>
</results>
