<results>
	<result value='loss'/>
	<start value='2015-05-03.14:30:18'/>
	<end value='2015-05-03.14:31:03'/>
	<frames value='57197'/>
	<gameDuration value='3574'/>

	<player>
		<unitScore value='11150'/>
		<killScore value='22150'/>
		<buildingScore value='1700'/>
		<razingScore value='3750'/>
		<mineralScore value='13042'/>
		<gasScore value='3224'/>
		<totalScore value='55016'/>
	</player>

	<enemy>
		<race value='Terran'/>
		<unitScore value='24200'/>
		<unitScore value='24200'/>
		<killScore value='22300'/>
		<buildingScore value='6125'/>
		<razingScore value='5100'/>
		<mineralScore value='26818'/>
		<gasScore value='16156'/>
		<totalScore value='100699'/>
	</enemy>

	<scoreRatio value='0.546341'/>
	<timeFitness value='0.496389'/>
	<unitsAverage value='40'/>
</results>
