<results>
	<result value='loss'/>
	<start value='2015-05-09.03:47:54'/>
	<end value='2015-05-09.03:48:06'/>
	<frames value='18478'/>
	<gameDuration value='1154'/>

	<player>
		<unitScore value='3375'/>
		<killScore value='600'/>
		<buildingScore value='2175'/>
		<razingScore value='0'/>
		<mineralScore value='5642'/>
		<gasScore value='1232'/>
		<totalScore value='13024'/>
	</player>

	<enemy>
		<race value='Terran'/>
		<unitScore value='6675'/>
		<unitScore value='6675'/>
		<killScore value='6750'/>
		<buildingScore value='2900'/>
		<razingScore value='6525'/>
		<mineralScore value='8530'/>
		<gasScore value='2840'/>
		<totalScore value='34220'/>
	</enemy>

	<scoreRatio value='0.380596'/>
	<timeFitness value='0.160278'/>
	<unitsAverage value='25'/>
</results>
