<results>
	<result value='loss'/>
	<start value='2015-05-03.14:33:55'/>
	<end value='2015-05-03.14:34:04'/>
	<frames value='13983'/>
	<gameDuration value='873'/>

	<player>
		<unitScore value='2350'/>
		<killScore value='200'/>
		<buildingScore value='1300'/>
		<razingScore value='0'/>
		<mineralScore value='3666'/>
		<gasScore value='664'/>
		<totalScore value='8180'/>
	</player>

	<enemy>
		<race value='Terran'/>
		<unitScore value='4350'/>
		<unitScore value='4350'/>
		<killScore value='4350'/>
		<buildingScore value='1450'/>
		<razingScore value='3900'/>
		<mineralScore value='6426'/>
		<gasScore value='1904'/>
		<totalScore value='22380'/>
	</enemy>

	<scoreRatio value='0.365505'/>
	<timeFitness value='0.12125'/>
	<unitsAverage value='18'/>
</results>
