<results>
	<result value='loss'/>
	<start value='2015-05-09.03:53:12'/>
	<end value='2015-05-09.03:53:21'/>
	<frames value='19470'/>
	<gameDuration value='1216'/>

	<player>
		<unitScore value='5350'/>
		<killScore value='500'/>
		<buildingScore value='2025'/>
		<razingScore value='0'/>
		<mineralScore value='7842'/>
		<gasScore value='0'/>
		<totalScore value='15717'/>
	</player>

	<enemy>
		<race value='Terran'/>
		<unitScore value='7725'/>
		<unitScore value='7725'/>
		<killScore value='10700'/>
		<buildingScore value='2900'/>
		<razingScore value='6075'/>
		<mineralScore value='8978'/>
		<gasScore value='3448'/>
		<totalScore value='39826'/>
	</enemy>

	<scoreRatio value='0.394642'/>
	<timeFitness value='0.168889'/>
	<unitsAverage value='25'/>
</results>
