<results>
	<result value='win'/>
	<start value='2014-07-24.04:47:23'/>
	<end value='2014-07-24.04:47:53'/>
	<frames value='38101'/>
	<gameDuration value='2381'/>

	<player>
		<unitScore value='21600'/>
		<killScore value='32400'/>
		<buildingScore value='4300'/>
		<razingScore value='13500'/>
		<mineralScore value='25242'/>
		<gasScore value='3576'/>
		<totalScore value='100618'/>
	</player>

	<enemy>
		<race value='Terran'/>
		<unitScore value='18900'/>
		<unitScore value='18900'/>
		<killScore value='21200'/>
		<buildingScore value='4500'/>
		<razingScore value='3450'/>
		<mineralScore value='15426'/>
		<gasScore value='7080'/>
		<totalScore value='70556'/>
	</enemy>

	<scoreRatio value='1.42607'/>
</results>
