<results>
	<result value='win'/>
	<start value='2015-04-07.23:21:08'/>
	<end value='2015-04-07.23:21:45'/>
	<frames value='33761'/>
	<gameDuration value='2110'/>

	<player>
		<unitScore value='20125'/>
		<killScore value='23150'/>
		<buildingScore value='5725'/>
		<razingScore value='19425'/>
		<mineralScore value='30398'/>
		<gasScore value='2680'/>
		<totalScore value='101503'/>
	</player>

	<enemy>
		<race value='Protoss'/>
		<unitScore value='12575'/>
		<unitScore value='12575'/>
		<killScore value='17300'/>
		<buildingScore value='6475'/>
		<razingScore value='375'/>
		<mineralScore value='16338'/>
		<gasScore value='4504'/>
		<totalScore value='57567'/>
	</enemy>

	<scoreRatio value='1.76322'/>
</results>
