<results>
	<result value='loss'/>
	<start value='2015-04-28.03:07:42'/>
	<end value='2015-04-28.03:07:50'/>
	<frames value='15316'/>
	<gameDuration value='957'/>

	<player>
		<unitScore value='3175'/>
		<killScore value='600'/>
		<buildingScore value='1350'/>
		<razingScore value='0'/>
		<mineralScore value='4194'/>
		<gasScore value='608'/>
		<totalScore value='9927'/>
	</player>

	<enemy>
		<race value='Terran'/>
		<unitScore value='5000'/>
		<unitScore value='5000'/>
		<killScore value='6350'/>
		<buildingScore value='1450'/>
		<razingScore value='4050'/>
		<mineralScore value='7002'/>
		<gasScore value='2192'/>
		<totalScore value='26044'/>
	</enemy>

	<scoreRatio value='0.381163'/>
</results>
