<results>
	<result value='win'/>
	<start value='2015-05-06.15:15:23'/>
	<end value='2015-05-06.15:15:56'/>
	<frames value='35993'/>
	<gameDuration value='2249'/>

	<player>
		<unitScore value='21725'/>
		<killScore value='22100'/>
		<buildingScore value='2750'/>
		<razingScore value='21675'/>
		<mineralScore value='23866'/>
		<gasScore value='3656'/>
		<totalScore value='95772'/>
	</player>

	<enemy>
		<race value='Protoss'/>
		<unitScore value='11050'/>
		<unitScore value='11050'/>
		<killScore value='24100'/>
		<buildingScore value='7225'/>
		<razingScore value='375'/>
		<mineralScore value='19830'/>
		<gasScore value='4152'/>
		<totalScore value='66732'/>
	</enemy>

	<scoreRatio value='1.43517'/>
	<timeFitness value='0.687639'/>
	<unitsAverage value='90'/>
</results>
