<results>
	<result value='loss'/>
	<start value='2015-05-06.15:16:40'/>
	<end value='2015-05-06.15:17:00'/>
	<frames value='35559'/>
	<gameDuration value='2222'/>

	<player>
		<unitScore value='13150'/>
		<killScore value='13550'/>
		<buildingScore value='2275'/>
		<razingScore value='0'/>
		<mineralScore value='15342'/>
		<gasScore value='2648'/>
		<totalScore value='46965'/>
	</player>

	<enemy>
		<race value='Protoss'/>
		<unitScore value='23200'/>
		<unitScore value='23200'/>
		<killScore value='26300'/>
		<buildingScore value='6875'/>
		<razingScore value='6825'/>
		<mineralScore value='25094'/>
		<gasScore value='8594'/>
		<totalScore value='96888'/>
	</enemy>

	<scoreRatio value='0.484735'/>
	<timeFitness value='0.308611'/>
	<unitsAverage value='40'/>
</results>
