<results>
	<result value='loss'/>
	<start value='2015-05-06.15:34:06'/>
	<end value='2015-05-06.15:34:14'/>
	<frames value='17889'/>
	<gameDuration value='1118'/>

	<player>
		<unitScore value='3050'/>
		<killScore value='1600'/>
		<buildingScore value='1650'/>
		<razingScore value='0'/>
		<mineralScore value='5130'/>
		<gasScore value='784'/>
		<totalScore value='12214'/>
	</player>

	<enemy>
		<race value='Protoss'/>
		<unitScore value='4550'/>
		<unitScore value='4550'/>
		<killScore value='6100'/>
		<buildingScore value='4325'/>
		<razingScore value='4950'/>
		<mineralScore value='9746'/>
		<gasScore value='2096'/>
		<totalScore value='31767'/>
	</enemy>

	<scoreRatio value='0.384487'/>
	<timeFitness value='0.155278'/>
	<unitsAverage value='23'/>
</results>
