<results>
	<result value='loss'/>
	<start value='2015-05-06.15:50:04'/>
	<end value='2015-05-06.15:50:26'/>
	<frames value='39155'/>
	<gameDuration value='2447'/>

	<player>
		<unitScore value='11150'/>
		<killScore value='10400'/>
		<buildingScore value='2175'/>
		<razingScore value='1725'/>
		<mineralScore value='15026'/>
		<gasScore value='1456'/>
		<totalScore value='41932'/>
	</player>

	<enemy>
		<race value='Protoss'/>
		<unitScore value='18900'/>
		<unitScore value='18900'/>
		<killScore value='22300'/>
		<buildingScore value='7650'/>
		<razingScore value='6300'/>
		<mineralScore value='25210'/>
		<gasScore value='8442'/>
		<totalScore value='88802'/>
	</enemy>

	<scoreRatio value='0.472197'/>
	<timeFitness value='0.339861'/>
	<unitsAverage value='46'/>
</results>
