<results>
	<result value='loss'/>
	<start value='2015-07-18.02:38:44'/>
	<end value='2015-07-18.02:39:18'/>
	<frames value='25918'/>
	<gameDuration value='1619'/>

	<player>
		<unitScore value='12075'/>
		<killScore value='3600'/>
		<buildingScore value='3575'/>
		<razingScore value='0'/>
		<mineralScore value='14726'/>
		<gasScore value='1992'/>
		<totalScore value='35968'/>
	</player>

	<enemy>
		<race value='Terran'/>
		<unitScore value='11075'/>
		<killScore value='22800'/>
		<buildingScore value='4025'/>
		<razingScore value='10725'/>
		<mineralScore value='12754'/>
		<gasScore value='5960'/>
		<totalScore value='67339'/>
	</enemy>

	<scoreRatio value='0.534133'/>
	<timeFitness value='0.224861'/>
	<unitsAverage value='46'/>
</results>
