<results>
	<result value='loss'/>
	<start value='2015-07-18.02:41:12'/>
	<end value='2015-07-18.02:41:38'/>
	<frames value='21609'/>
	<gameDuration value='1350'/>

	<player>
		<unitScore value='8825'/>
		<killScore value='2350'/>
		<buildingScore value='2400'/>
		<razingScore value='0'/>
		<mineralScore value='10594'/>
		<gasScore value='1336'/>
		<totalScore value='25505'/>
	</player>

	<enemy>
		<race value='Terran'/>
		<unitScore value='8725'/>
		<killScore value='14800'/>
		<buildingScore value='3100'/>
		<razingScore value='7200'/>
		<mineralScore value='10346'/>
		<gasScore value='3880'/>
		<totalScore value='48051'/>
	</enemy>

	<scoreRatio value='0.53079'/>
	<timeFitness value='0.1875'/>
	<unitsAverage value='42'/>
</results>
