<results>
	<result value='draw'/>
	<start value='2015-07-18.02:51:01'/>
	<end value='2015-07-18.02:53:04'/>
	<frames value='57601'/>
	<gameDuration value='3600'/>

	<player>
		<unitScore value='26825'/>
		<killScore value='10950'/>
		<buildingScore value='6625'/>
		<razingScore value='0'/>
		<mineralScore value='30838'/>
		<gasScore value='5400'/>
		<totalScore value='80638'/>
	</player>

	<enemy>
		<race value='Terran'/>
		<unitScore value='11400'/>
		<killScore value='39850'/>
		<buildingScore value='3075'/>
		<razingScore value='10725'/>
		<mineralScore value='12050'/>
		<gasScore value='6006'/>
		<totalScore value='83106'/>
	</enemy>

	<scoreRatio value='0.970303'/>
	<timeFitness value='0.5'/>
	<unitsAverage value='77'/>
</results>
