<results>
	<result value='win'/>
	<start value='2015-05-04.22:55:39'/>
	<end value='2015-05-04.22:56:12'/>
	<frames value='24213'/>
	<gameDuration value='1513'/>

	<player>
		<unitScore value='13550'/>
		<killScore value='18270'/>
		<buildingScore value='3500'/>
		<razingScore value='5895'/>
		<mineralScore value='20802'/>
		<gasScore value='1848'/>
		<totalScore value='63865'/>
	</player>

	<enemy>
		<race value='Zerg'/>
		<unitScore value='8875'/>
		<unitScore value='8875'/>
		<killScore value='7450'/>
		<buildingScore value='1965'/>
		<razingScore value='0'/>
		<mineralScore value='9258'/>
		<gasScore value='2384'/>
		<totalScore value='29932'/>
	</enemy>

	<scoreRatio value='2.13367'/>
	<timeFitness value='0.789861'/>
	<unitsAverage value='84'/>
</results>
