<results>
	<result value='win'/>
	<start value='2015-05-04.23:01:58'/>
	<end value='2015-05-04.23:02:43'/>
	<frames value='38504'/>
	<gameDuration value='2406'/>

	<player>
		<unitScore value='21400'/>
		<killScore value='22675'/>
		<buildingScore value='2075'/>
		<razingScore value='5655'/>
		<mineralScore value='24346'/>
		<gasScore value='0'/>
		<totalScore value='76151'/>
	</player>

	<enemy>
		<race value='Zerg'/>
		<unitScore value='10900'/>
		<unitScore value='10900'/>
		<killScore value='31900'/>
		<buildingScore value='1885'/>
		<razingScore value='0'/>
		<mineralScore value='10994'/>
		<gasScore value='3520'/>
		<totalScore value='59199'/>
	</enemy>

	<scoreRatio value='1.28636'/>
	<timeFitness value='0.665833'/>
	<unitsAverage value='77'/>
</results>
