<results>
	<result value='win'/>
	<start value='2015-05-10.17:03:09'/>
	<end value='2015-05-10.17:03:53'/>
	<frames value='25825'/>
	<gameDuration value='1614'/>

	<player>
		<unitScore value='15175'/>
		<killScore value='19610'/>
		<buildingScore value='4275'/>
		<razingScore value='5940'/>
		<mineralScore value='20414'/>
		<gasScore value='1744'/>
		<totalScore value='67158'/>
	</player>

	<enemy>
		<race value='Zerg'/>
		<unitScore value='8925'/>
		<unitScore value='8925'/>
		<killScore value='10700'/>
		<buildingScore value='1980'/>
		<razingScore value='0'/>
		<mineralScore value='9218'/>
		<gasScore value='2800'/>
		<totalScore value='33623'/>
	</enemy>

	<scoreRatio value='1.99738'/>
	<timeFitness value='0.775833'/>
	<unitsAverage value='86'/>
</results>
