<results>
	<result value='loss'/>
	<start value='2015-05-04.23:10:01'/>
	<end value='2015-05-04.23:10:44'/>
	<frames value='37047'/>
	<gameDuration value='2315'/>

	<player>
		<unitScore value='23000'/>
		<killScore value='32250'/>
		<buildingScore value='2425'/>
		<razingScore value='480'/>
		<mineralScore value='28902'/>
		<gasScore value='0'/>
		<totalScore value='87057'/>
	</player>

	<enemy>
		<race value='Zerg'/>
		<unitScore value='27050'/>
		<unitScore value='27050'/>
		<killScore value='46000'/>
		<buildingScore value='3585'/>
		<razingScore value='7275'/>
		<mineralScore value='22458'/>
		<gasScore value='7416'/>
		<totalScore value='113784'/>
	</enemy>

	<scoreRatio value='0.765108'/>
	<timeFitness value='0.321528'/>
	<unitsAverage value='70'/>
</results>
