<results>
	<result value='loss'/>
	<start value='2015-04-16.15:11:11'/>
	<end value='2015-04-16.15:11:28'/>
	<frames value='18354'/>
	<gameDuration value='1147'/>

	<player>
		<unitScore value='3750'/>
		<killScore value='3100'/>
		<buildingScore value='1850'/>
		<razingScore value='0'/>
		<mineralScore value='5482'/>
		<gasScore value='928'/>
		<totalScore value='15110'/>
	</player>

	<enemy>
		<race value='Protoss'/>
		<unitScore value='4725'/>
		<unitScore value='4725'/>
		<killScore value='7400'/>
		<buildingScore value='4425'/>
		<razingScore value='5550'/>
		<mineralScore value='10426'/>
		<gasScore value='2176'/>
		<totalScore value='34702'/>
	</enemy>

	<scoreRatio value='0.435422'/>
</results>
