<results>
	<result value='loss'/>
	<start value='2015-05-11.13:46:54'/>
	<end value='2015-05-11.13:47:08'/>
	<frames value='20431'/>
	<gameDuration value='1276'/>

	<player>
		<unitScore value='6950'/>
		<killScore value='4050'/>
		<buildingScore value='2225'/>
		<razingScore value='0'/>
		<mineralScore value='12802'/>
		<gasScore value='1512'/>
		<totalScore value='27539'/>
	</player>

	<enemy>
		<race value='Zerg'/>
		<unitScore value='7700'/>
		<unitScore value='7700'/>
		<killScore value='13900'/>
		<buildingScore value='2430'/>
		<razingScore value='6675'/>
		<mineralScore value='9322'/>
		<gasScore value='3232'/>
		<totalScore value='43259'/>
	</enemy>

	<scoreRatio value='0.636607'/>
	<timeFitness value='0.177222'/>
	<unitsAverage value='46'/>
</results>
