<results>
	<result value='win'/>
	<start value='2015-05-11.02:30:08'/>
	<end value='2015-05-11.02:31:12'/>
	<frames value='39558'/>
	<gameDuration value='2472'/>

	<player>
		<unitScore value='23675'/>
		<killScore value='41400'/>
		<buildingScore value='4575'/>
		<razingScore value='7020'/>
		<mineralScore value='30098'/>
		<gasScore value='4904'/>
		<totalScore value='111672'/>
	</player>

	<enemy>
		<race value='Zerg'/>
		<unitScore value='18725'/>
		<unitScore value='18725'/>
		<killScore value='23450'/>
		<buildingScore value='2340'/>
		<razingScore value='0'/>
		<mineralScore value='18082'/>
		<gasScore value='6264'/>
		<totalScore value='68861'/>
	</enemy>

	<scoreRatio value='1.6217'/>
	<timeFitness value='0.656667'/>
	<unitsAverage value='127'/>
</results>
