<results>
	<result value='loss'/>
	<start value='2015-05-01.10:02:45'/>
	<end value='2015-05-01.10:03:45'/>
	<frames value='53911'/>
	<gameDuration value='3369'/>

	<player>
		<unitScore value='21950'/>
		<killScore value='31100'/>
		<buildingScore value='2725'/>
		<razingScore value='24150'/>
		<mineralScore value='24098'/>
		<gasScore value='3976'/>
		<totalScore value='107999'/>
	</player>

	<enemy>
		<race value='Protoss'/>
		<unitScore value='18750'/>
		<unitScore value='18750'/>
		<killScore value='41050'/>
		<buildingScore value='11150'/>
		<razingScore value='8175'/>
		<mineralScore value='27354'/>
		<gasScore value='9664'/>
		<totalScore value='116143'/>
	</enemy>

	<scoreRatio value='0.92988'/>
</results>
