<results>
	<result value='draw'/>
	<start value='2015-05-01.10:15:57'/>
	<end value='2015-05-01.10:18:11'/>
	<frames value='57601'/>
	<gameDuration value='3600'/>

	<player>
		<unitScore value='29200'/>
		<killScore value='38650'/>
		<buildingScore value='5150'/>
		<razingScore value='18825'/>
		<mineralScore value='37414'/>
		<gasScore value='6236'/>
		<totalScore value='135475'/>
	</player>

	<enemy>
		<race value='Protoss'/>
		<unitScore value='21400'/>
		<unitScore value='21400'/>
		<killScore value='33450'/>
		<buildingScore value='6825'/>
		<razingScore value='1350'/>
		<mineralScore value='21994'/>
		<gasScore value='8760'/>
		<totalScore value='93779'/>
	</enemy>

	<scoreRatio value='1.44462'/>
</results>
