<results>
	<result value='win'/>
	<start value='2015-05-06.03:07:08'/>
	<end value='2015-05-06.03:07:43'/>
	<frames value='28522'/>
	<gameDuration value='1782'/>

	<player>
		<unitScore value='18525'/>
		<killScore value='17000'/>
		<buildingScore value='3650'/>
		<razingScore value='13800'/>
		<mineralScore value='25530'/>
		<gasScore value='2936'/>
		<totalScore value='81441'/>
	</player>

	<enemy>
		<race value='Protoss'/>
		<unitScore value='8500'/>
		<unitScore value='8500'/>
		<killScore value='14450'/>
		<buildingScore value='4600'/>
		<razingScore value='0'/>
		<mineralScore value='19218'/>
		<gasScore value='944'/>
		<totalScore value='47712'/>
	</enemy>

	<scoreRatio value='1.70693'/>
	<timeFitness value='0.7525'/>
	<unitsAverage value='104'/>
</results>
