<results>
	<result value='win'/>
	<start value='2015-05-06.03:08:49'/>
	<end value='2015-05-06.03:09:35'/>
	<frames value='40302'/>
	<gameDuration value='2518'/>

	<player>
		<unitScore value='24000'/>
		<killScore value='31200'/>
		<buildingScore value='4475'/>
		<razingScore value='19875'/>
		<mineralScore value='28090'/>
		<gasScore value='4496'/>
		<totalScore value='112136'/>
	</player>

	<enemy>
		<race value='Protoss'/>
		<unitScore value='15950'/>
		<unitScore value='15950'/>
		<killScore value='23850'/>
		<buildingScore value='6625'/>
		<razingScore value='1500'/>
		<mineralScore value='20818'/>
		<gasScore value='5384'/>
		<totalScore value='74127'/>
	</enemy>

	<scoreRatio value='1.51276'/>
	<timeFitness value='0.650278'/>
	<unitsAverage value='96'/>
</results>
