<results>
	<result value='loss'/>
	<start value='2015-05-06.03:11:12'/>
	<end value='2015-05-06.03:11:34'/>
	<frames value='36551'/>
	<gameDuration value='2284'/>

	<player>
		<unitScore value='11575'/>
		<killScore value='8700'/>
		<buildingScore value='2200'/>
		<razingScore value='0'/>
		<mineralScore value='12618'/>
		<gasScore value='3000'/>
		<totalScore value='38093'/>
	</player>

	<enemy>
		<race value='Protoss'/>
		<unitScore value='21900'/>
		<unitScore value='21900'/>
		<killScore value='23250'/>
		<buildingScore value='7025'/>
		<razingScore value='6600'/>
		<mineralScore value='24674'/>
		<gasScore value='9408'/>
		<totalScore value='92857'/>
	</enemy>

	<scoreRatio value='0.410233'/>
	<timeFitness value='0.317222'/>
	<unitsAverage value='34'/>
</results>
