<results>
	<result value='loss'/>
	<start value='2015-05-06.03:29:41'/>
	<end value='2015-05-06.03:29:56'/>
	<frames value='27716'/>
	<gameDuration value='1732'/>

	<player>
		<unitScore value='4400'/>
		<killScore value='2400'/>
		<buildingScore value='1675'/>
		<razingScore value='0'/>
		<mineralScore value='6018'/>
		<gasScore value='792'/>
		<totalScore value='15285'/>
	</player>

	<enemy>
		<race value='Protoss'/>
		<unitScore value='12550'/>
		<unitScore value='12550'/>
		<killScore value='8800'/>
		<buildingScore value='6925'/>
		<razingScore value='5025'/>
		<mineralScore value='16722'/>
		<gasScore value='6128'/>
		<totalScore value='56150'/>
	</enemy>

	<scoreRatio value='0.272217'/>
	<timeFitness value='0.240556'/>
	<unitsAverage value='23'/>
</results>
