<results>
	<result value='win'/>
	<start value='2015-05-06.03:50:57'/>
	<end value='2015-05-06.03:51:25'/>
	<frames value='26352'/>
	<gameDuration value='1647'/>

	<player>
		<unitScore value='14675'/>
		<killScore value='16650'/>
		<buildingScore value='3775'/>
		<razingScore value='17100'/>
		<mineralScore value='21978'/>
		<gasScore value='2776'/>
		<totalScore value='76954'/>
	</player>

	<enemy>
		<race value='Protoss'/>
		<unitScore value='8525'/>
		<unitScore value='8525'/>
		<killScore value='8900'/>
		<buildingScore value='5700'/>
		<razingScore value='150'/>
		<mineralScore value='13898'/>
		<gasScore value='2632'/>
		<totalScore value='39805'/>
	</enemy>

	<scoreRatio value='1.93327'/>
	<timeFitness value='0.77125'/>
	<unitsAverage value='87'/>
</results>
