<results>
	<result value='win'/>
	<start value='2015-03-29.01:49:04'/>
	<end value='2015-03-29.01:49:32'/>
	<frames value='24771'/>
	<gameDuration value='1548'/>

	<player>
		<unitScore value='11625'/>
		<killScore value='10300'/>
		<buildingScore value='3050'/>
		<razingScore value='14100'/>
		<mineralScore value='17462'/>
		<gasScore value='1616'/>
		<totalScore value='58153'/>
	</player>

	<enemy>
		<race value='Protoss'/>
		<unitScore value='5150'/>
		<unitScore value='5150'/>
		<killScore value='6900'/>
		<buildingScore value='4700'/>
		<razingScore value='0'/>
		<mineralScore value='12346'/>
		<gasScore value='2536'/>
		<totalScore value='31632'/>
	</enemy>

	<scoreRatio value='1.83842'/>
</results>
