<results>
	<result value='loss'/>
	<start value='2015-04-10.09:58:58'/>
	<end value='2015-04-10.09:59:42'/>
	<frames value='49788'/>
	<gameDuration value='3111'/>

	<player>
		<unitScore value='28600'/>
		<killScore value='42450'/>
		<buildingScore value='3550'/>
		<razingScore value='0'/>
		<mineralScore value='30658'/>
		<gasScore value='5352'/>
		<totalScore value='110610'/>
	</player>

	<enemy>
		<race value='Protoss'/>
		<unitScore value='36050'/>
		<unitScore value='36050'/>
		<killScore value='57150'/>
		<buildingScore value='6875'/>
		<razingScore value='10650'/>
		<mineralScore value='30650'/>
		<gasScore value='11356'/>
		<totalScore value='152731'/>
	</enemy>

	<scoreRatio value='0.724214'/>
</results>
