<results>
	<result value='loss'/>
	<start value='2015-04-10.10:01:29'/>
	<end value='2015-04-10.10:01:39'/>
	<frames value='19935'/>
	<gameDuration value='1245'/>

	<player>
		<unitScore value='4275'/>
		<killScore value='3700'/>
		<buildingScore value='1250'/>
		<razingScore value='0'/>
		<mineralScore value='5794'/>
		<gasScore value='776'/>
		<totalScore value='15795'/>
	</player>

	<enemy>
		<race value='Protoss'/>
		<unitScore value='5725'/>
		<unitScore value='5725'/>
		<killScore value='8550'/>
		<buildingScore value='4325'/>
		<razingScore value='3750'/>
		<mineralScore value='10634'/>
		<gasScore value='2640'/>
		<totalScore value='35624'/>
	</enemy>

	<scoreRatio value='0.443381'/>
</results>
