<results>
	<result value='loss'/>
	<start value='2015-04-10.10:08:39'/>
	<end value='2015-04-10.10:09:09'/>
	<frames value='40240'/>
	<gameDuration value='2515'/>

	<player>
		<unitScore value='16850'/>
		<killScore value='17250'/>
		<buildingScore value='2925'/>
		<razingScore value='600'/>
		<mineralScore value='24490'/>
		<gasScore value='2816'/>
		<totalScore value='64931'/>
	</player>

	<enemy>
		<race value='Protoss'/>
		<unitScore value='28875'/>
		<unitScore value='28875'/>
		<killScore value='33700'/>
		<buildingScore value='6475'/>
		<razingScore value='8775'/>
		<mineralScore value='27270'/>
		<gasScore value='10252'/>
		<totalScore value='115347'/>
	</enemy>

	<scoreRatio value='0.562919'/>
</results>
