<results>
	<result value='loss'/>
	<start value='2015-05-10.05:29:01'/>
	<end value='2015-05-10.05:29:12'/>
	<frames value='14758'/>
	<gameDuration value='922'/>

	<player>
		<unitScore value='3575'/>
		<killScore value='700'/>
		<buildingScore value='1450'/>
		<razingScore value='0'/>
		<mineralScore value='5162'/>
		<gasScore value='880'/>
		<totalScore value='11767'/>
	</player>

	<enemy>
		<race value='Protoss'/>
		<unitScore value='3600'/>
		<unitScore value='3600'/>
		<killScore value='7150'/>
		<buildingScore value='2525'/>
		<razingScore value='4350'/>
		<mineralScore value='7426'/>
		<gasScore value='1224'/>
		<totalScore value='26275'/>
	</enemy>

	<scoreRatio value='0.44784'/>
	<timeFitness value='0.128056'/>
	<unitsAverage value='25'/>
</results>
