<results>
	<result value='win'/>
	<start value='2015-04-30.10:50:02'/>
	<end value='2015-04-30.10:50:39'/>
	<frames value='28677'/>
	<gameDuration value='1792'/>

	<player>
		<unitScore value='15350'/>
		<killScore value='24200'/>
		<buildingScore value='4775'/>
		<razingScore value='9075'/>
		<mineralScore value='25738'/>
		<gasScore value='2920'/>
		<totalScore value='82058'/>
	</player>

	<enemy>
		<race value='Terran'/>
		<unitScore value='12100'/>
		<unitScore value='12100'/>
		<killScore value='11650'/>
		<buildingScore value='2625'/>
		<razingScore value='2700'/>
		<mineralScore value='11646'/>
		<gasScore value='4120'/>
		<totalScore value='44841'/>
	</enemy>

	<scoreRatio value='1.82998'/>
	<timeFitness value='0.751111'/>
	<unitsAverage value='95'/>
</results>
