<results>
	<result value='win'/>
	<start value='2015-04-30.10:58:29'/>
	<end value='2015-04-30.10:58:55'/>
	<frames value='26445'/>
	<gameDuration value='1652'/>

	<player>
		<unitScore value='11975'/>
		<killScore value='18900'/>
		<buildingScore value='3550'/>
		<razingScore value='9450'/>
		<mineralScore value='17490'/>
		<gasScore value='2960'/>
		<totalScore value='64325'/>
	</player>

	<enemy>
		<race value='Terran'/>
		<unitScore value='11450'/>
		<unitScore value='11450'/>
		<killScore value='9600'/>
		<buildingScore value='3150'/>
		<razingScore value='1950'/>
		<mineralScore value='11842'/>
		<gasScore value='4720'/>
		<totalScore value='42712'/>
	</enemy>

	<scoreRatio value='1.50602'/>
	<timeFitness value='0.770556'/>
	<unitsAverage value='69'/>
</results>
