<results>
	<result value='draw'/>
	<start value='2015-07-15.10:41:42'/>
	<end value='2015-07-15.10:43:33'/>
	<frames value='57601'/>
	<gameDuration value='3600'/>

	<player>
		<unitScore value='34575'/>
		<killScore value='12000'/>
		<buildingScore value='4100'/>
		<razingScore value='0'/>
		<mineralScore value='31430'/>
		<gasScore value='5060'/>
		<totalScore value='87165'/>
	</player>

	<enemy>
		<race value='Terran'/>
		<unitScore value='25250'/>
		<killScore value='54750'/>
		<buildingScore value='5375'/>
		<razingScore value='4875'/>
		<mineralScore value='31410'/>
		<gasScore value='12242'/>
		<totalScore value='133902'/>
	</enemy>

	<scoreRatio value='0.650961'/>
	<timeFitness value='0.5'/>
	<unitsAverage value='94'/>
</results>
