<results>
	<result value='loss'/>
	<start value='2014-07-04.04:43:35'/>
	<end value='2014-07-04.04:44:03'/>
	<frames value='39682'/>
	<gameDuration value='2480'/>

	<player>
		<unitScore value='18475'/>
		<killScore value='23400'/>
		<buildingScore value='2225'/>
		<razingScore value='600'/>
		<mineralScore value='19470'/>
		<gasScore value='3656'/>
		<totalScore value='67826'/>
	</player>

	<enemy>
		<race value='Protoss'/>
		<unitScore value='28600'/>
		<unitScore value='28600'/>
		<killScore value='36950'/>
		<buildingScore value='6975'/>
		<razingScore value='6675'/>
		<mineralScore value='27818'/>
		<gasScore value='9004'/>
		<totalScore value='116022'/>
	</enemy>

	<scoreRatio value='0.584596'/>
</results>
