<results>
	<result value='win'/>
	<start value='2014-07-04.04:44:45'/>
	<end value='2014-07-04.04:45:26'/>
	<frames value='33389'/>
	<gameDuration value='2086'/>

	<player>
		<unitScore value='23875'/>
		<killScore value='26500'/>
		<buildingScore value='3450'/>
		<razingScore value='16875'/>
		<mineralScore value='29246'/>
		<gasScore value='4184'/>
		<totalScore value='104130'/>
	</player>

	<enemy>
		<race value='Protoss'/>
		<unitScore value='13475'/>
		<unitScore value='13475'/>
		<killScore value='24150'/>
		<buildingScore value='5625'/>
		<razingScore value='0'/>
		<mineralScore value='18002'/>
		<gasScore value='2736'/>
		<totalScore value='63988'/>
	</enemy>

	<scoreRatio value='1.62734'/>
</results>
