<results>
	<result value='loss'/>
	<start value='2015-07-19.06:29:25'/>
	<end value='2015-07-19.06:29:53'/>
	<frames value='26383'/>
	<gameDuration value='1648'/>

	<player>
		<unitScore value='10800'/>
		<killScore value='6400'/>
		<buildingScore value='3000'/>
		<razingScore value='0'/>
		<mineralScore value='25722'/>
		<gasScore value='1696'/>
		<totalScore value='47618'/>
	</player>

	<enemy>
		<race value='Zerg'/>
		<unitScore value='13575'/>
		<killScore value='21600'/>
		<buildingScore value='3005'/>
		<razingScore value='9000'/>
		<mineralScore value='14434'/>
		<gasScore value='4288'/>
		<totalScore value='65902'/>
	</enemy>

	<scoreRatio value='0.722558'/>
	<timeFitness value='0.228889'/>
	<unitsAverage value='64'/>
</results>
