<results>
	<result value='loss'/>
	<start value='2015-07-19.06:36:10'/>
	<end value='2015-07-19.06:36:30'/>
	<frames value='22942'/>
	<gameDuration value='1433'/>

	<player>
		<unitScore value='8600'/>
		<killScore value='2350'/>
		<buildingScore value='2225'/>
		<razingScore value='0'/>
		<mineralScore value='15274'/>
		<gasScore value='1168'/>
		<totalScore value='29617'/>
	</player>

	<enemy>
		<race value='Zerg'/>
		<unitScore value='8825'/>
		<killScore value='17200'/>
		<buildingScore value='2680'/>
		<razingScore value='6675'/>
		<mineralScore value='10850'/>
		<gasScore value='3752'/>
		<totalScore value='49982'/>
	</enemy>

	<scoreRatio value='0.592553'/>
	<timeFitness value='0.199028'/>
	<unitsAverage value='44'/>
</results>
