<results>
	<result value='loss'/>
	<start value='2015-05-09.18:49:26'/>
	<end value='2015-05-09.18:49:33'/>
	<frames value='15688'/>
	<gameDuration value='980'/>

	<player>
		<unitScore value='2200'/>
		<killScore value='0'/>
		<buildingScore value='1625'/>
		<razingScore value='0'/>
		<mineralScore value='3850'/>
		<gasScore value='1040'/>
		<totalScore value='8715'/>
	</player>

	<enemy>
		<race value='Protoss'/>
		<unitScore value='4575'/>
		<unitScore value='4575'/>
		<killScore value='4400'/>
		<buildingScore value='2975'/>
		<razingScore value='4875'/>
		<mineralScore value='7970'/>
		<gasScore value='2184'/>
		<totalScore value='26979'/>
	</enemy>

	<scoreRatio value='0.323029'/>
	<timeFitness value='0.136111'/>
	<unitsAverage value='19'/>
</results>
