<results>
	<result value='win'/>
	<start value='2015-04-27.11:30:16'/>
	<end value='2015-04-27.11:30:56'/>
	<frames value='35466'/>
	<gameDuration value='2216'/>

	<player>
		<unitScore value='23175'/>
		<killScore value='28650'/>
		<buildingScore value='4250'/>
		<razingScore value='6750'/>
		<mineralScore value='29910'/>
		<gasScore value='3184'/>
		<totalScore value='95919'/>
	</player>

	<enemy>
		<race value='Terran'/>
		<unitScore value='14325'/>
		<unitScore value='14325'/>
		<killScore value='14950'/>
		<buildingScore value='2250'/>
		<razingScore value='1350'/>
		<mineralScore value='12050'/>
		<gasScore value='5062'/>
		<totalScore value='49987'/>
	</enemy>

	<scoreRatio value='1.91888'/>
</results>
