<results>
	<result value='draw'/>
	<start value='2015-04-03.19:04:23'/>
	<end value='2015-04-03.19:05:52'/>
	<frames value='57601'/>
	<gameDuration value='3600'/>

	<player>
		<unitScore value='31700'/>
		<killScore value='34800'/>
		<buildingScore value='3875'/>
		<razingScore value='15450'/>
		<mineralScore value='41054'/>
		<gasScore value='3344'/>
		<totalScore value='130223'/>
	</player>

	<enemy>
		<race value='Protoss'/>
		<unitScore value='19775'/>
		<unitScore value='19775'/>
		<killScore value='36950'/>
		<buildingScore value='6500'/>
		<razingScore value='600'/>
		<mineralScore value='21934'/>
		<gasScore value='9666'/>
		<totalScore value='95425'/>
	</enemy>

	<scoreRatio value='1.36466'/>
</results>
