<results>
	<result value='loss'/>
	<start value='2015-04-03.20:31:56'/>
	<end value='2015-04-03.20:32:08'/>
	<frames value='25453'/>
	<gameDuration value='1590'/>

	<player>
		<unitScore value='3100'/>
		<killScore value='2700'/>
		<buildingScore value='1450'/>
		<razingScore value='0'/>
		<mineralScore value='4514'/>
		<gasScore value='904'/>
		<totalScore value='12668'/>
	</player>

	<enemy>
		<race value='Protoss'/>
		<unitScore value='9725'/>
		<unitScore value='9725'/>
		<killScore value='5700'/>
		<buildingScore value='6525'/>
		<razingScore value='4350'/>
		<mineralScore value='15842'/>
		<gasScore value='5272'/>
		<totalScore value='47414'/>
	</enemy>

	<scoreRatio value='0.267178'/>
</results>
