<results>
	<result value='win'/>
	<start value='2015-04-03.20:34:34'/>
	<end value='2015-04-03.20:34:54'/>
	<frames value='24740'/>
	<gameDuration value='1546'/>

	<player>
		<unitScore value='11775'/>
		<killScore value='9700'/>
		<buildingScore value='3325'/>
		<razingScore value='6225'/>
		<mineralScore value='20834'/>
		<gasScore value='2064'/>
		<totalScore value='53923'/>
	</player>

	<enemy>
		<race value='Protoss'/>
		<unitScore value='4850'/>
		<unitScore value='4850'/>
		<killScore value='5200'/>
		<buildingScore value='2075'/>
		<razingScore value='0'/>
		<mineralScore value='6826'/>
		<gasScore value='936'/>
		<totalScore value='19887'/>
	</enemy>

	<scoreRatio value='2.71147'/>
</results>
