<results>
	<result value='loss'/>
	<start value='2014-07-03.02:02:43'/>
	<end value='2014-07-03.02:02:52'/>
	<frames value='20555'/>
	<gameDuration value='1284'/>

	<player>
		<unitScore value='4350'/>
		<killScore value='1800'/>
		<buildingScore value='2125'/>
		<razingScore value='0'/>
		<mineralScore value='6482'/>
		<gasScore value='888'/>
		<totalScore value='15645'/>
	</player>

	<enemy>
		<race value='Protoss'/>
		<unitScore value='6600'/>
		<unitScore value='6600'/>
		<killScore value='8350'/>
		<buildingScore value='5275'/>
		<razingScore value='6375'/>
		<mineralScore value='11874'/>
		<gasScore value='3136'/>
		<totalScore value='41610'/>
	</enemy>

	<scoreRatio value='0.375991'/>
</results>
