<results>
	<result value='loss'/>
	<start value='2014-07-03.02:02:55'/>
	<end value='2014-07-03.02:03:05'/>
	<frames value='19191'/>
	<gameDuration value='1199'/>

	<player>
		<unitScore value='5250'/>
		<killScore value='1900'/>
		<buildingScore value='2200'/>
		<razingScore value='0'/>
		<mineralScore value='7394'/>
		<gasScore value='1112'/>
		<totalScore value='17856'/>
	</player>

	<enemy>
		<race value='Protoss'/>
		<unitScore value='5675'/>
		<unitScore value='5675'/>
		<killScore value='10500'/>
		<buildingScore value='3675'/>
		<razingScore value='6600'/>
		<mineralScore value='9506'/>
		<gasScore value='3000'/>
		<totalScore value='38956'/>
	</enemy>

	<scoreRatio value='0.458363'/>
</results>
