<results>
	<result value='draw'/>
	<start value='2015-07-19.20:49:11'/>
	<end value='2015-07-19.20:53:01'/>
	<frames value='57601'/>
	<gameDuration value='3600'/>

	<player>
		<unitScore value='34250'/>
		<killScore value='39450'/>
		<buildingScore value='3400'/>
		<razingScore value='675'/>
		<mineralScore value='31494'/>
		<gasScore value='5682'/>
		<totalScore value='114951'/>
	</player>

	<enemy>
		<race value='Zerg'/>
		<unitScore value='31625'/>
		<killScore value='47600'/>
		<buildingScore value='4360'/>
		<razingScore value='300'/>
		<mineralScore value='31262'/>
		<gasScore value='11496'/>
		<totalScore value='126643'/>
	</enemy>

	<scoreRatio value='0.907677'/>
	<timeFitness value='0.5'/>
	<unitsAverage value='152'/>
</results>
