<results>
	<result value='win'/>
	<start value='2015-05-11.05:10:30'/>
	<end value='2015-05-11.05:10:58'/>
	<frames value='24895'/>
	<gameDuration value='1555'/>

	<player>
		<unitScore value='12950'/>
		<killScore value='18880'/>
		<buildingScore value='3525'/>
		<razingScore value='7170'/>
		<mineralScore value='25426'/>
		<gasScore value='2592'/>
		<totalScore value='70543'/>
	</player>

	<enemy>
		<race value='Zerg'/>
		<unitScore value='9075'/>
		<unitScore value='9075'/>
		<killScore value='5550'/>
		<buildingScore value='2390'/>
		<razingScore value='0'/>
		<mineralScore value='10410'/>
		<gasScore value='3680'/>
		<totalScore value='31105'/>
	</enemy>

	<scoreRatio value='2.2679'/>
	<timeFitness value='0.784028'/>
	<unitsAverage value='95'/>
</results>
