<results>
	<result value='draw'/>
	<start value='2015-07-14.04:41:37'/>
	<end value='2015-07-14.04:43:41'/>
	<frames value='57601'/>
	<gameDuration value='3600'/>

	<player>
		<unitScore value='19875'/>
		<killScore value='15300'/>
		<buildingScore value='4275'/>
		<razingScore value='3750'/>
		<mineralScore value='50994'/>
		<gasScore value='13174'/>
		<totalScore value='107368'/>
	</player>

	<enemy>
		<race value='Protoss'/>
		<unitScore value='13800'/>
		<killScore value='17500'/>
		<buildingScore value='3425'/>
		<razingScore value='0'/>
		<mineralScore value='12074'/>
		<gasScore value='6336'/>
		<totalScore value='53135'/>
	</enemy>

	<scoreRatio value='2.02066'/>
	<timeFitness value='0.5'/>
	<unitsAverage value='175'/>
</results>
