<results>
	<result value='draw'/>
	<start value='2015-07-14.05:06:04'/>
	<end value='2015-07-14.05:08:16'/>
	<frames value='57601'/>
	<gameDuration value='3600'/>

	<player>
		<unitScore value='48950'/>
		<killScore value='25550'/>
		<buildingScore value='4475'/>
		<razingScore value='3450'/>
		<mineralScore value='46662'/>
		<gasScore value='9054'/>
		<totalScore value='138141'/>
	</player>

	<enemy>
		<race value='Protoss'/>
		<unitScore value='15450'/>
		<killScore value='73600'/>
		<buildingScore value='4525'/>
		<razingScore value='450'/>
		<mineralScore value='14250'/>
		<gasScore value='6872'/>
		<totalScore value='115147'/>
	</enemy>

	<scoreRatio value='1.19969'/>
	<timeFitness value='0.5'/>
	<unitsAverage value='164'/>
</results>
