<results>
	<result value='draw'/>
	<start value='2015-04-10.00:57:19'/>
	<end value='2015-04-10.00:58:15'/>
	<frames value='57601'/>
	<gameDuration value='3600'/>

	<player>
		<unitScore value='28100'/>
		<killScore value='47350'/>
		<buildingScore value='3950'/>
		<razingScore value='5850'/>
		<mineralScore value='29638'/>
		<gasScore value='7080'/>
		<totalScore value='121968'/>
	</player>

	<enemy>
		<race value='Protoss'/>
		<unitScore value='37600'/>
		<unitScore value='37600'/>
		<killScore value='44400'/>
		<buildingScore value='8125'/>
		<razingScore value='3825'/>
		<mineralScore value='33302'/>
		<gasScore value='11422'/>
		<totalScore value='138674'/>
	</enemy>

	<scoreRatio value='0.87953'/>
</results>
