<results>
	<result value='win'/>
	<start value='2015-04-10.00:59:53'/>
	<end value='2015-04-10.01:00:48'/>
	<frames value='38411'/>
	<gameDuration value='2400'/>

	<player>
		<unitScore value='31275'/>
		<killScore value='48600'/>
		<buildingScore value='3850'/>
		<razingScore value='17250'/>
		<mineralScore value='33442'/>
		<gasScore value='2584'/>
		<totalScore value='137001'/>
	</player>

	<enemy>
		<race value='Protoss'/>
		<unitScore value='24875'/>
		<unitScore value='24875'/>
		<killScore value='36150'/>
		<buildingScore value='5750'/>
		<razingScore value='0'/>
		<mineralScore value='22242'/>
		<gasScore value='7504'/>
		<totalScore value='96521'/>
	</enemy>

	<scoreRatio value='1.41939'/>
</results>
