<results>
	<result value='loss'/>
	<start value='2015-04-26.10:53:31'/>
	<end value='2015-04-26.10:53:40'/>
	<frames value='16246'/>
	<gameDuration value='1015'/>

	<player>
		<unitScore value='3600'/>
		<killScore value='400'/>
		<buildingScore value='1125'/>
		<razingScore value='0'/>
		<mineralScore value='5602'/>
		<gasScore value='728'/>
		<totalScore value='11455'/>
	</player>

	<enemy>
		<race value='Terran'/>
		<unitScore value='5450'/>
		<unitScore value='5450'/>
		<killScore value='7200'/>
		<buildingScore value='1850'/>
		<razingScore value='3375'/>
		<mineralScore value='7346'/>
		<gasScore value='2528'/>
		<totalScore value='27749'/>
	</enemy>

	<scoreRatio value='0.412808'/>
</results>
