<results>
	<result value='win'/>
	<start value='2015-04-26.10:54:04'/>
	<end value='2015-04-26.10:54:38'/>
	<frames value='30754'/>
	<gameDuration value='1922'/>

	<player>
		<unitScore value='15550'/>
		<killScore value='27650'/>
		<buildingScore value='4350'/>
		<razingScore value='7050'/>
		<mineralScore value='28366'/>
		<gasScore value='3952'/>
		<totalScore value='86918'/>
	</player>

	<enemy>
		<race value='Terran'/>
		<unitScore value='13825'/>
		<unitScore value='13825'/>
		<killScore value='14200'/>
		<buildingScore value='2350'/>
		<razingScore value='3675'/>
		<mineralScore value='12042'/>
		<gasScore value='4760'/>
		<totalScore value='50852'/>
	</enemy>

	<scoreRatio value='1.70923'/>
</results>
