<results>
	<result value='loss'/>
	<start value='2014-07-23.20:45:06'/>
	<end value='2014-07-23.20:45:49'/>
	<frames value='44642'/>
	<gameDuration value='2790'/>

	<player>
		<unitScore value='21750'/>
		<killScore value='28250'/>
		<buildingScore value='3300'/>
		<razingScore value='750'/>
		<mineralScore value='25150'/>
		<gasScore value='4248'/>
		<totalScore value='83448'/>
	</player>

	<enemy>
		<race value='Protoss'/>
		<unitScore value='32065'/>
		<unitScore value='32065'/>
		<killScore value='43100'/>
		<buildingScore value='6825'/>
		<razingScore value='9900'/>
		<mineralScore value='30014'/>
		<gasScore value='10930'/>
		<totalScore value='132834'/>
	</enemy>

	<scoreRatio value='0.628213'/>
</results>
