<results>
	<result value='loss'/>
	<start value='2015-04-29.16:12:56'/>
	<end value='2015-04-29.16:13:09'/>
	<frames value='18447'/>
	<gameDuration value='1152'/>

	<player>
		<unitScore value='4725'/>
		<killScore value='900'/>
		<buildingScore value='1975'/>
		<razingScore value='0'/>
		<mineralScore value='6226'/>
		<gasScore value='776'/>
		<totalScore value='14602'/>
	</player>

	<enemy>
		<race value='Terran'/>
		<unitScore value='6975'/>
		<unitScore value='6975'/>
		<killScore value='9450'/>
		<buildingScore value='2900'/>
		<razingScore value='5925'/>
		<mineralScore value='8434'/>
		<gasScore value='3016'/>
		<totalScore value='36700'/>
	</enemy>

	<scoreRatio value='0.397875'/>
	<timeFitness value='0.16'/>
	<unitsAverage value='32'/>
</results>
