<results>
	<result value='loss'/>
	<start value='2015-04-14.01:25:28'/>
	<end value='2015-04-14.01:26:38'/>
	<frames value='48052'/>
	<gameDuration value='3003'/>

	<player>
		<unitScore value='23100'/>
		<killScore value='29050'/>
		<buildingScore value='2550'/>
		<razingScore value='4950'/>
		<mineralScore value='24154'/>
		<gasScore value='5014'/>
		<totalScore value='88818'/>
	</player>

	<enemy>
		<race value='Protoss'/>
		<unitScore value='31200'/>
		<unitScore value='31200'/>
		<killScore value='46200'/>
		<buildingScore value='8625'/>
		<razingScore value='7650'/>
		<mineralScore value='30670'/>
		<gasScore value='10578'/>
		<totalScore value='134923'/>
	</enemy>

	<scoreRatio value='0.658287'/>
</results>
