<results>
	<result value='win'/>
	<start value='2015-04-08.20:48:18'/>
	<end value='2015-04-08.20:48:55'/>
	<frames value='31963'/>
	<gameDuration value='1997'/>

	<player>
		<unitScore value='19750'/>
		<killScore value='14000'/>
		<buildingScore value='3925'/>
		<razingScore value='14400'/>
		<mineralScore value='29194'/>
		<gasScore value='3408'/>
		<totalScore value='84677'/>
	</player>

	<enemy>
		<race value='Protoss'/>
		<unitScore value='7000'/>
		<unitScore value='7000'/>
		<killScore value='17300'/>
		<buildingScore value='4800'/>
		<razingScore value='0'/>
		<mineralScore value='18902'/>
		<gasScore value='936'/>
		<totalScore value='48938'/>
	</enemy>

	<scoreRatio value='1.73029'/>
</results>
