<results>
	<result value='win'/>
	<start value='2015-04-28.04:32:09'/>
	<end value='2015-04-28.04:34:05'/>
	<frames value='46161'/>
	<gameDuration value='2885'/>

	<player>
		<unitScore value='18375'/>
		<killScore value='25680'/>
		<buildingScore value='5375'/>
		<razingScore value='4560'/>
		<mineralScore value='52798'/>
		<gasScore value='6536'/>
		<totalScore value='113324'/>
	</player>

	<enemy>
		<race value='Zerg'/>
		<unitScore value='11150'/>
		<unitScore value='11150'/>
		<killScore value='13000'/>
		<buildingScore value='1520'/>
		<razingScore value='0'/>
		<mineralScore value='9670'/>
		<gasScore value='2624'/>
		<totalScore value='37964'/>
	</enemy>

	<scoreRatio value='2.98504'/>
</results>
