<results>
	<result value='loss'/>
	<start value='2015-03-31.11:00:41'/>
	<end value='2015-03-31.11:00:49'/>
	<frames value='14727'/>
	<gameDuration value='920'/>

	<player>
		<unitScore value='3300'/>
		<killScore value='600'/>
		<buildingScore value='1500'/>
		<razingScore value='0'/>
		<mineralScore value='4834'/>
		<gasScore value='544'/>
		<totalScore value='10778'/>
	</player>

	<enemy>
		<race value='Protoss'/>
		<unitScore value='3550'/>
		<unitScore value='3550'/>
		<killScore value='6600'/>
		<buildingScore value='2425'/>
		<razingScore value='4500'/>
		<mineralScore value='7442'/>
		<gasScore value='1232'/>
		<totalScore value='25749'/>
	</enemy>

	<scoreRatio value='0.418579'/>
</results>
