<results>
	<result value='loss'/>
	<start value='2015-07-19.09:31:13'/>
	<end value='2015-07-19.09:31:34'/>
	<frames value='24709'/>
	<gameDuration value='1544'/>

	<player>
		<unitScore value='8875'/>
		<killScore value='4150'/>
		<buildingScore value='2925'/>
		<razingScore value='0'/>
		<mineralScore value='15766'/>
		<gasScore value='1264'/>
		<totalScore value='32980'/>
	</player>

	<enemy>
		<race value='Zerg'/>
		<unitScore value='10300'/>
		<killScore value='17750'/>
		<buildingScore value='3060'/>
		<razingScore value='8775'/>
		<mineralScore value='13354'/>
		<gasScore value='4264'/>
		<totalScore value='57503'/>
	</enemy>

	<scoreRatio value='0.573535'/>
	<timeFitness value='0.214444'/>
	<unitsAverage value='45'/>
</results>
