<results>
	<result value='loss'/>
	<start value='2015-07-19.09:36:35'/>
	<end value='2015-07-19.09:36:57'/>
	<frames value='23128'/>
	<gameDuration value='1445'/>

	<player>
		<unitScore value='10400'/>
		<killScore value='2500'/>
		<buildingScore value='2825'/>
		<razingScore value='0'/>
		<mineralScore value='17946'/>
		<gasScore value='1720'/>
		<totalScore value='35391'/>
	</player>

	<enemy>
		<race value='Zerg'/>
		<unitScore value='8525'/>
		<killScore value='20800'/>
		<buildingScore value='2680'/>
		<razingScore value='8475'/>
		<mineralScore value='11098'/>
		<gasScore value='3360'/>
		<totalScore value='54938'/>
	</enemy>

	<scoreRatio value='0.644199'/>
	<timeFitness value='0.200694'/>
	<unitsAverage value='47'/>
</results>
