<results>
	<result value='loss'/>
	<start value='2015-07-19.09:37:06'/>
	<end value='2015-07-19.09:37:09'/>
	<frames value='7473'/>
	<gameDuration value='467'/>

	<player>
		<unitScore value='1100'/>
		<killScore value='0'/>
		<buildingScore value='625'/>
		<razingScore value='0'/>
		<mineralScore value='1354'/>
		<gasScore value='8'/>
		<totalScore value='3087'/>
	</player>

	<enemy>
		<race value='Zerg'/>
		<unitScore value='1300'/>
		<killScore value='1700'/>
		<buildingScore value='440'/>
		<razingScore value='1875'/>
		<mineralScore value='2002'/>
		<gasScore value='0'/>
		<totalScore value='7317'/>
	</enemy>

	<scoreRatio value='0.421894'/>
	<timeFitness value='0.0648611'/>
	<unitsAverage value='11'/>
</results>
