<results>
	<result value='loss'/>
	<start value='2015-04-11.23:23:21'/>
	<end value='2015-04-11.23:23:48'/>
	<frames value='27592'/>
	<gameDuration value='1724'/>

	<player>
		<unitScore value='7250'/>
		<killScore value='4500'/>
		<buildingScore value='2150'/>
		<razingScore value='300'/>
		<mineralScore value='9642'/>
		<gasScore value='1824'/>
		<totalScore value='25666'/>
	</player>

	<enemy>
		<race value='Protoss'/>
		<unitScore value='10950'/>
		<unitScore value='10950'/>
		<killScore value='14500'/>
		<buildingScore value='7025'/>
		<razingScore value='6450'/>
		<mineralScore value='17326'/>
		<gasScore value='5224'/>
		<totalScore value='61475'/>
	</enemy>

	<scoreRatio value='0.417503'/>
</results>
