<results>
	<result value='win'/>
	<start value='2015-05-11.07:00:41'/>
	<end value='2015-05-11.07:01:26'/>
	<frames value='27747'/>
	<gameDuration value='1734'/>

	<player>
		<unitScore value='16900'/>
		<killScore value='25855'/>
		<buildingScore value='3475'/>
		<razingScore value='5895'/>
		<mineralScore value='25898'/>
		<gasScore value='1824'/>
		<totalScore value='79847'/>
	</player>

	<enemy>
		<race value='Zerg'/>
		<unitScore value='12375'/>
		<unitScore value='12375'/>
		<killScore value='12950'/>
		<buildingScore value='1965'/>
		<razingScore value='0'/>
		<mineralScore value='11670'/>
		<gasScore value='4104'/>
		<totalScore value='43064'/>
	</enemy>

	<scoreRatio value='1.85415'/>
	<timeFitness value='0.759167'/>
	<unitsAverage value='104'/>
</results>
