<results>
	<result value='loss'/>
	<start value='2015-07-10.06:40:17'/>
	<end value='2015-07-10.06:40:32'/>
	<frames value='17641'/>
	<gameDuration value='1102'/>

	<player>
		<unitScore value='3125'/>
		<killScore value='1100'/>
		<buildingScore value='1475'/>
		<razingScore value='0'/>
		<mineralScore value='4290'/>
		<gasScore value='656'/>
		<totalScore value='10646'/>
	</player>

	<enemy>
		<race value='Terran'/>
		<unitScore value='5850'/>
		<killScore value='6250'/>
		<buildingScore value='1900'/>
		<razingScore value='4425'/>
		<mineralScore value='8210'/>
		<gasScore value='2728'/>
		<totalScore value='29363'/>
	</enemy>

	<scoreRatio value='0.362565'/>
	<timeFitness value='0.153056'/>
	<unitsAverage value='20'/>
</results>
