<results>
	<result value='loss'/>
	<start value='2015-07-10.06:54:01'/>
	<end value='2015-07-10.06:54:29'/>
	<frames value='22539'/>
	<gameDuration value='1408'/>

	<player>
		<unitScore value='9725'/>
		<killScore value='3300'/>
		<buildingScore value='2425'/>
		<razingScore value='0'/>
		<mineralScore value='9802'/>
		<gasScore value='2144'/>
		<totalScore value='27396'/>
	</player>

	<enemy>
		<race value='Terran'/>
		<unitScore value='8375'/>
		<killScore value='17950'/>
		<buildingScore value='3400'/>
		<razingScore value='7275'/>
		<mineralScore value='11050'/>
		<gasScore value='4128'/>
		<totalScore value='52178'/>
	</enemy>

	<scoreRatio value='0.525049'/>
	<timeFitness value='0.195556'/>
	<unitsAverage value='37'/>
</results>
