<results>
	<result value='win'/>
	<start value='2015-04-28.09:03:54'/>
	<end value='2015-04-28.09:04:31'/>
	<frames value='32831'/>
	<gameDuration value='2051'/>

	<player>
		<unitScore value='13650'/>
		<killScore value='30050'/>
		<buildingScore value='3150'/>
		<razingScore value='10500'/>
		<mineralScore value='19894'/>
		<gasScore value='1648'/>
		<totalScore value='78892'/>
	</player>

	<enemy>
		<race value='Terran'/>
		<unitScore value='18400'/>
		<unitScore value='18400'/>
		<killScore value='9800'/>
		<buildingScore value='3500'/>
		<razingScore value='1425'/>
		<mineralScore value='14698'/>
		<gasScore value='7328'/>
		<totalScore value='55151'/>
	</enemy>

	<scoreRatio value='1.43047'/>
</results>
