<results>
	<result value='win'/>
	<start value='2015-05-03.17:13:15'/>
	<end value='2015-05-03.17:13:36'/>
	<frames value='27065'/>
	<gameDuration value='1691'/>

	<player>
		<unitScore value='13400'/>
		<killScore value='20050'/>
		<buildingScore value='4350'/>
		<razingScore value='15300'/>
		<mineralScore value='22986'/>
		<gasScore value='2600'/>
		<totalScore value='78686'/>
	</player>

	<enemy>
		<race value='Protoss'/>
		<unitScore value='10025'/>
		<unitScore value='10025'/>
		<killScore value='8750'/>
		<buildingScore value='5100'/>
		<razingScore value='1725'/>
		<mineralScore value='13426'/>
		<gasScore value='3792'/>
		<totalScore value='42818'/>
	</enemy>

	<scoreRatio value='1.83769'/>
	<timeFitness value='0.765139'/>
	<unitsAverage value='77'/>
</results>
