<results>
	<result value='win'/>
	<start value='2015-05-03.17:14:55'/>
	<end value='2015-05-03.17:15:25'/>
	<frames value='34691'/>
	<gameDuration value='2168'/>

	<player>
		<unitScore value='21300'/>
		<killScore value='23700'/>
		<buildingScore value='3975'/>
		<razingScore value='16425'/>
		<mineralScore value='25702'/>
		<gasScore value='4616'/>
		<totalScore value='95718'/>
	</player>

	<enemy>
		<race value='Protoss'/>
		<unitScore value='12400'/>
		<unitScore value='12400'/>
		<killScore value='24750'/>
		<buildingScore value='5475'/>
		<razingScore value='150'/>
		<mineralScore value='20370'/>
		<gasScore value='4480'/>
		<totalScore value='67625'/>
	</enemy>

	<scoreRatio value='1.41542'/>
	<timeFitness value='0.698889'/>
	<unitsAverage value='89'/>
</results>
