<results>
	<result value='loss'/>
	<start value='2015-05-09.20:04:31'/>
	<end value='2015-05-09.20:04:55'/>
	<frames value='34598'/>
	<gameDuration value='2162'/>

	<player>
		<unitScore value='12625'/>
		<killScore value='6100'/>
		<buildingScore value='3000'/>
		<razingScore value='0'/>
		<mineralScore value='16802'/>
		<gasScore value='2416'/>
		<totalScore value='40943'/>
	</player>

	<enemy>
		<race value='Protoss'/>
		<unitScore value='20050'/>
		<unitScore value='20050'/>
		<killScore value='25250'/>
		<buildingScore value='6875'/>
		<razingScore value='9000'/>
		<mineralScore value='22690'/>
		<gasScore value='9162'/>
		<totalScore value='93027'/>
	</enemy>

	<scoreRatio value='0.44012'/>
	<timeFitness value='0.300278'/>
	<unitsAverage value='42'/>
</results>
