<results>
	<result value='win'/>
	<start value='2015-05-09.20:11:41'/>
	<end value='2015-05-09.20:12:17'/>
	<frames value='34350'/>
	<gameDuration value='2146'/>

	<player>
		<unitScore value='20425'/>
		<killScore value='22850'/>
		<buildingScore value='3575'/>
		<razingScore value='17475'/>
		<mineralScore value='29594'/>
		<gasScore value='3552'/>
		<totalScore value='97471'/>
	</player>

	<enemy>
		<race value='Protoss'/>
		<unitScore value='11775'/>
		<unitScore value='11775'/>
		<killScore value='19750'/>
		<buildingScore value='5825'/>
		<razingScore value='150'/>
		<mineralScore value='17070'/>
		<gasScore value='3960'/>
		<totalScore value='58530'/>
	</enemy>

	<scoreRatio value='1.66532'/>
	<timeFitness value='0.701944'/>
	<unitsAverage value='100'/>
</results>
