<results>
	<result value='loss'/>
	<start value='2015-05-03.15:17:09'/>
	<end value='2015-05-03.15:17:18'/>
	<frames value='17207'/>
	<gameDuration value='1075'/>

	<player>
		<unitScore value='4200'/>
		<killScore value='650'/>
		<buildingScore value='2400'/>
		<razingScore value='0'/>
		<mineralScore value='6298'/>
		<gasScore value='368'/>
		<totalScore value='13916'/>
	</player>

	<enemy>
		<race value='Terran'/>
		<unitScore value='5125'/>
		<unitScore value='5125'/>
		<killScore value='8400'/>
		<buildingScore value='1600'/>
		<razingScore value='7200'/>
		<mineralScore value='7962'/>
		<gasScore value='2712'/>
		<totalScore value='32999'/>
	</enemy>

	<scoreRatio value='0.42171'/>
	<timeFitness value='0.149306'/>
	<unitsAverage value='25'/>
</results>
