<results>
	<result value='draw'/>
	<start value='2015-05-03.15:18:00'/>
	<end value='2015-05-03.15:19:01'/>
	<frames value='57601'/>
	<gameDuration value='3600'/>

	<player>
		<unitScore value='27925'/>
		<killScore value='36900'/>
		<buildingScore value='4200'/>
		<razingScore value='3000'/>
		<mineralScore value='31570'/>
		<gasScore value='6996'/>
		<totalScore value='110591'/>
	</player>

	<enemy>
		<race value='Terran'/>
		<unitScore value='24775'/>
		<unitScore value='24775'/>
		<killScore value='37850'/>
		<buildingScore value='4850'/>
		<razingScore value='5100'/>
		<mineralScore value='19526'/>
		<gasScore value='11732'/>
		<totalScore value='103833'/>
	</enemy>

	<scoreRatio value='1.06509'/>
	<timeFitness value='0.5'/>
	<unitsAverage value='91'/>
</results>
