<results>
	<result value='win'/>
	<start value='2015-05-08.19:50:06'/>
	<end value='2015-05-08.19:50:26'/>
	<frames value='22973'/>
	<gameDuration value='1435'/>

	<player>
		<unitScore value='8300'/>
		<killScore value='12200'/>
		<buildingScore value='3725'/>
		<razingScore value='4350'/>
		<mineralScore value='16798'/>
		<gasScore value='1848'/>
		<totalScore value='47221'/>
	</player>

	<enemy>
		<race value='Terran'/>
		<unitScore value='6100'/>
		<unitScore value='6100'/>
		<killScore value='2800'/>
		<buildingScore value='1450'/>
		<razingScore value='1500'/>
		<mineralScore value='6626'/>
		<gasScore value='1920'/>
		<totalScore value='20396'/>
	</enemy>

	<scoreRatio value='2.31521'/>
	<timeFitness value='0.800694'/>
	<unitsAverage value='63'/>
</results>
