<results>
	<result value='loss'/>
	<start value='2015-04-10.04:04:42'/>
	<end value='2015-04-10.04:04:50'/>
	<frames value='14727'/>
	<gameDuration value='920'/>

	<player>
		<unitScore value='3250'/>
		<killScore value='1800'/>
		<buildingScore value='1175'/>
		<razingScore value='0'/>
		<mineralScore value='4322'/>
		<gasScore value='336'/>
		<totalScore value='10883'/>
	</player>

	<enemy>
		<race value='Protoss'/>
		<unitScore value='3550'/>
		<unitScore value='3550'/>
		<killScore value='6400'/>
		<buildingScore value='2375'/>
		<razingScore value='3525'/>
		<mineralScore value='7546'/>
		<gasScore value='1184'/>
		<totalScore value='24580'/>
	</enemy>

	<scoreRatio value='0.442758'/>
</results>
