<results>
	<result value='win'/>
	<start value='2015-05-05.22:00:10'/>
	<end value='2015-05-05.22:00:54'/>
	<frames value='29452'/>
	<gameDuration value='1840'/>

	<player>
		<unitScore value='20875'/>
		<killScore value='25210'/>
		<buildingScore value='4925'/>
		<razingScore value='5775'/>
		<mineralScore value='29218'/>
		<gasScore value='1896'/>
		<totalScore value='87899'/>
	</player>

	<enemy>
		<race value='Zerg'/>
		<unitScore value='12125'/>
		<unitScore value='12125'/>
		<killScore value='18550'/>
		<buildingScore value='1925'/>
		<razingScore value='0'/>
		<mineralScore value='10918'/>
		<gasScore value='3624'/>
		<totalScore value='47142'/>
	</enemy>

	<scoreRatio value='1.86456'/>
	<timeFitness value='0.744444'/>
	<unitsAverage value='113'/>
</results>
