<results>
	<result value='win'/>
	<start value='2015-05-05.22:17:38'/>
	<end value='2015-05-05.22:18:19'/>
	<frames value='28336'/>
	<gameDuration value='1771'/>

	<player>
		<unitScore value='18175'/>
		<killScore value='29790'/>
		<buildingScore value='4150'/>
		<razingScore value='6960'/>
		<mineralScore value='24722'/>
		<gasScore value='2264'/>
		<totalScore value='86061'/>
	</player>

	<enemy>
		<race value='Zerg'/>
		<unitScore value='14200'/>
		<unitScore value='14200'/>
		<killScore value='12700'/>
		<buildingScore value='2320'/>
		<razingScore value='0'/>
		<mineralScore value='13722'/>
		<gasScore value='4648'/>
		<totalScore value='47590'/>
	</enemy>

	<scoreRatio value='1.80838'/>
	<timeFitness value='0.754028'/>
	<unitsAverage value='106'/>
</results>
