<results>
	<result value='win'/>
	<start value='2015-05-05.22:16:01'/>
	<end value='2015-05-05.22:16:46'/>
	<frames value='29824'/>
	<gameDuration value='1864'/>

	<player>
		<unitScore value='17800'/>
		<killScore value='24085'/>
		<buildingScore value='4350'/>
		<razingScore value='6330'/>
		<mineralScore value='28882'/>
		<gasScore value='2272'/>
		<totalScore value='83719'/>
	</player>

	<enemy>
		<race value='Zerg'/>
		<unitScore value='11275'/>
		<unitScore value='11275'/>
		<killScore value='11850'/>
		<buildingScore value='2110'/>
		<razingScore value='0'/>
		<mineralScore value='11882'/>
		<gasScore value='3992'/>
		<totalScore value='41109'/>
	</enemy>

	<scoreRatio value='2.03651'/>
	<timeFitness value='0.741111'/>
	<unitsAverage value='110'/>
</results>
