<results>
	<result value='loss'/>
	<start value='2015-04-28.21:26:02'/>
	<end value='2015-04-28.21:26:06'/>
	<frames value='6946'/>
	<gameDuration value='434'/>

	<player>
		<unitScore value='900'/>
		<killScore value='100'/>
		<buildingScore value='625'/>
		<razingScore value='0'/>
		<mineralScore value='1306'/>
		<gasScore value='56'/>
		<totalScore value='2987'/>
	</player>

	<enemy>
		<race value='Zerg'/>
		<unitScore value='1200'/>
		<unitScore value='1200'/>
		<killScore value='1700'/>
		<buildingScore value='375'/>
		<razingScore value='1875'/>
		<mineralScore value='1834'/>
		<gasScore value='0'/>
		<totalScore value='6984'/>
	</enemy>

	<scoreRatio value='0.427692'/>
</results>
