<results>
	<result value='loss'/>
	<start value='2015-04-27.09:42:44'/>
	<end value='2015-04-27.09:43:00'/>
	<frames value='26507'/>
	<gameDuration value='1656'/>

	<player>
		<unitScore value='8525'/>
		<killScore value='4800'/>
		<buildingScore value='2225'/>
		<razingScore value='0'/>
		<mineralScore value='11138'/>
		<gasScore value='2144'/>
		<totalScore value='28832'/>
	</player>

	<enemy>
		<race value='Terran'/>
		<unitScore value='7450'/>
		<unitScore value='7450'/>
		<killScore value='17050'/>
		<buildingScore value='3100'/>
		<razingScore value='6675'/>
		<mineralScore value='12022'/>
		<gasScore value='4240'/>
		<totalScore value='50537'/>
	</enemy>

	<scoreRatio value='0.570513'/>
</results>
