<results>
	<result value='loss'/>
	<start value='2015-07-12.15:28:45'/>
	<end value='2015-07-12.15:28:58'/>
	<frames value='24616'/>
	<gameDuration value='1538'/>

	<player>
		<unitScore value='8650'/>
		<killScore value='3900'/>
		<buildingScore value='2525'/>
		<razingScore value='0'/>
		<mineralScore value='9626'/>
		<gasScore value='1736'/>
		<totalScore value='26437'/>
	</player>

	<enemy>
		<race value='Terran'/>
		<unitScore value='7850'/>
		<killScore value='17300'/>
		<buildingScore value='3325'/>
		<razingScore value='7725'/>
		<mineralScore value='11734'/>
		<gasScore value='4312'/>
		<totalScore value='52246'/>
	</enemy>

	<scoreRatio value='0.50601'/>
	<timeFitness value='0.213611'/>
	<unitsAverage value='33'/>
</results>
