<results>
	<result value='loss'/>
	<start value='2015-04-14.20:15:52'/>
	<end value='2015-04-14.20:16:05'/>
	<frames value='16029'/>
	<gameDuration value='1001'/>

	<player>
		<unitScore value='2775'/>
		<killScore value='1200'/>
		<buildingScore value='1575'/>
		<razingScore value='0'/>
		<mineralScore value='4266'/>
		<gasScore value='832'/>
		<totalScore value='10648'/>
	</player>

	<enemy>
		<race value='Protoss'/>
		<unitScore value='3600'/>
		<unitScore value='3600'/>
		<killScore value='5550'/>
		<buildingScore value='3975'/>
		<razingScore value='4725'/>
		<mineralScore value='8634'/>
		<gasScore value='1672'/>
		<totalScore value='28156'/>
	</enemy>

	<scoreRatio value='0.378179'/>
</results>
