<results>
	<result value='loss'/>
	<start value='2015-04-14.20:17:18'/>
	<end value='2015-04-14.20:17:47'/>
	<frames value='30537'/>
	<gameDuration value='1908'/>

	<player>
		<unitScore value='6875'/>
		<killScore value='3700'/>
		<buildingScore value='2425'/>
		<razingScore value='0'/>
		<mineralScore value='9218'/>
		<gasScore value='1280'/>
		<totalScore value='23498'/>
	</player>

	<enemy>
		<race value='Protoss'/>
		<unitScore value='14900'/>
		<unitScore value='14900'/>
		<killScore value='13750'/>
		<buildingScore value='6025'/>
		<razingScore value='7275'/>
		<mineralScore value='18978'/>
		<gasScore value='7176'/>
		<totalScore value='68104'/>
	</enemy>

	<scoreRatio value='0.345031'/>
</results>
