<results>
	<result value='loss'/>
	<start value='2015-04-14.20:22:21'/>
	<end value='2015-04-14.20:23:24'/>
	<frames value='41573'/>
	<gameDuration value='2598'/>

	<player>
		<unitScore value='17800'/>
		<killScore value='23000'/>
		<buildingScore value='2875'/>
		<razingScore value='300'/>
		<mineralScore value='20670'/>
		<gasScore value='6140'/>
		<totalScore value='70785'/>
	</player>

	<enemy>
		<race value='Protoss'/>
		<unitScore value='29025'/>
		<unitScore value='29025'/>
		<killScore value='35600'/>
		<buildingScore value='7125'/>
		<razingScore value='8625'/>
		<mineralScore value='29894'/>
		<gasScore value='10128'/>
		<totalScore value='120397'/>
	</enemy>

	<scoreRatio value='0.58793'/>
</results>
