<results>
	<result value='loss'/>
	<start value='2015-07-21.06:18:52'/>
	<end value='2015-07-21.06:19:09'/>
	<frames value='20896'/>
	<gameDuration value='1306'/>

	<player>
		<unitScore value='7925'/>
		<killScore value='6230'/>
		<buildingScore value='2000'/>
		<razingScore value='900'/>
		<mineralScore value='8458'/>
		<gasScore value='1848'/>
		<totalScore value='27361'/>
	</player>

	<enemy>
		<race value='Zerg'/>
		<unitScore value='7025'/>
		<killScore value='11900'/>
		<buildingScore value='2325'/>
		<razingScore value='6000'/>
		<mineralScore value='8770'/>
		<gasScore value='2760'/>
		<totalScore value='38780'/>
	</enemy>

	<scoreRatio value='0.705544'/>
	<timeFitness value='0.181389'/>
	<unitsAverage value='46'/>
</results>
