<results>
	<result value='loss'/>
	<start value='2015-07-21.06:34:47'/>
	<end value='2015-07-21.06:34:51'/>
	<frames value='7752'/>
	<gameDuration value='484'/>

	<player>
		<unitScore value='1050'/>
		<killScore value='0'/>
		<buildingScore value='725'/>
		<razingScore value='0'/>
		<mineralScore value='1578'/>
		<gasScore value='80'/>
		<totalScore value='3433'/>
	</player>

	<enemy>
		<race value='Zerg'/>
		<unitScore value='1350'/>
		<killScore value='2000'/>
		<buildingScore value='740'/>
		<razingScore value='2175'/>
		<mineralScore value='2202'/>
		<gasScore value='24'/>
		<totalScore value='8491'/>
	</enemy>

	<scoreRatio value='0.40431'/>
	<timeFitness value='0.0672222'/>
	<unitsAverage value='10'/>
</results>
