<results>
	<result value='loss'/>
	<start value='2015-07-21.06:38:13'/>
	<end value='2015-07-21.06:38:46'/>
	<frames value='28646'/>
	<gameDuration value='1790'/>

	<player>
		<unitScore value='15200'/>
		<killScore value='11950'/>
		<buildingScore value='2850'/>
		<razingScore value='0'/>
		<mineralScore value='22298'/>
		<gasScore value='2576'/>
		<totalScore value='54874'/>
	</player>

	<enemy>
		<race value='Zerg'/>
		<unitScore value='18025'/>
		<killScore value='28500'/>
		<buildingScore value='3280'/>
		<razingScore value='8550'/>
		<mineralScore value='17142'/>
		<gasScore value='5896'/>
		<totalScore value='81393'/>
	</enemy>

	<scoreRatio value='0.674186'/>
	<timeFitness value='0.248611'/>
	<unitsAverage value='68'/>
</results>
