<results>
	<result value='draw'/>
	<start value='2015-05-04.10:11:38'/>
	<end value='2015-05-04.10:12:48'/>
	<frames value='57601'/>
	<gameDuration value='3600'/>

	<player>
		<unitScore value='30850'/>
		<killScore value='42600'/>
		<buildingScore value='4125'/>
		<razingScore value='4800'/>
		<mineralScore value='33566'/>
		<gasScore value='6024'/>
		<totalScore value='121965'/>
	</player>

	<enemy>
		<race value='Terran'/>
		<unitScore value='26800'/>
		<unitScore value='26800'/>
		<killScore value='43900'/>
		<buildingScore value='4450'/>
		<razingScore value='3300'/>
		<mineralScore value='19550'/>
		<gasScore value='12326'/>
		<totalScore value='110326'/>
	</enemy>

	<scoreRatio value='1.1055'/>
	<timeFitness value='0.5'/>
	<unitsAverage value='112'/>
</results>
