<results>
	<result value='win'/>
	<start value='2015-05-04.10:16:07'/>
	<end value='2015-05-04.10:16:24'/>
	<frames value='21547'/>
	<gameDuration value='1346'/>

	<player>
		<unitScore value='10000'/>
		<killScore value='13850'/>
		<buildingScore value='2950'/>
		<razingScore value='6450'/>
		<mineralScore value='14706'/>
		<gasScore value='2152'/>
		<totalScore value='50108'/>
	</player>

	<enemy>
		<race value='Terran'/>
		<unitScore value='6975'/>
		<unitScore value='6975'/>
		<killScore value='4350'/>
		<buildingScore value='2150'/>
		<razingScore value='150'/>
		<mineralScore value='8658'/>
		<gasScore value='2656'/>
		<totalScore value='24939'/>
	</enemy>

	<scoreRatio value='2.00922'/>
	<timeFitness value='0.813056'/>
	<unitsAverage value='67'/>
</results>
