<results>
	<result value='draw'/>
	<start value='2015-05-04.10:23:00'/>
	<end value='2015-05-04.10:23:58'/>
	<frames value='57601'/>
	<gameDuration value='3600'/>

	<player>
		<unitScore value='28350'/>
		<killScore value='34800'/>
		<buildingScore value='3775'/>
		<razingScore value='375'/>
		<mineralScore value='28762'/>
		<gasScore value='5538'/>
		<totalScore value='101600'/>
	</player>

	<enemy>
		<race value='Terran'/>
		<unitScore value='31050'/>
		<unitScore value='31050'/>
		<killScore value='49700'/>
		<buildingScore value='4750'/>
		<razingScore value='4800'/>
		<mineralScore value='31550'/>
		<gasScore value='12370'/>
		<totalScore value='134220'/>
	</enemy>

	<scoreRatio value='0.756966'/>
	<timeFitness value='0.5'/>
	<unitsAverage value='91'/>
</results>
