<results>
	<result value='loss'/>
	<start value='2015-05-06.22:11:18'/>
	<end value='2015-05-06.22:11:26'/>
	<frames value='16773'/>
	<gameDuration value='1048'/>

	<player>
		<unitScore value='3450'/>
		<killScore value='100'/>
		<buildingScore value='1800'/>
		<razingScore value='0'/>
		<mineralScore value='5274'/>
		<gasScore value='400'/>
		<totalScore value='11024'/>
	</player>

	<enemy>
		<race value='Terran'/>
		<unitScore value='5650'/>
		<unitScore value='5650'/>
		<killScore value='6900'/>
		<buildingScore value='1950'/>
		<razingScore value='5400'/>
		<mineralScore value='7610'/>
		<gasScore value='2632'/>
		<totalScore value='30142'/>
	</enemy>

	<scoreRatio value='0.365736'/>
	<timeFitness value='0.145556'/>
	<unitsAverage value='24'/>
</results>
