<results>
	<result value='loss'/>
	<start value='2015-05-06.22:12:44'/>
	<end value='2015-05-06.22:13:15'/>
	<frames value='47153'/>
	<gameDuration value='2947'/>

	<player>
		<unitScore value='11375'/>
		<killScore value='10800'/>
		<buildingScore value='3175'/>
		<razingScore value='0'/>
		<mineralScore value='16426'/>
		<gasScore value='1016'/>
		<totalScore value='42792'/>
	</player>

	<enemy>
		<race value='Terran'/>
		<unitScore value='30000'/>
		<unitScore value='30000'/>
		<killScore value='22750'/>
		<buildingScore value='6225'/>
		<razingScore value='9525'/>
		<mineralScore value='25490'/>
		<gasScore value='15228'/>
		<totalScore value='109218'/>
	</enemy>

	<scoreRatio value='0.391804'/>
	<timeFitness value='0.409306'/>
	<unitsAverage value='44'/>
</results>
