<results>
	<result value='draw'/>
	<start value='2015-05-06.22:31:44'/>
	<end value='2015-05-06.22:32:40'/>
	<frames value='57601'/>
	<gameDuration value='3600'/>

	<player>
		<unitScore value='26075'/>
		<killScore value='44650'/>
		<buildingScore value='4150'/>
		<razingScore value='2925'/>
		<mineralScore value='31430'/>
		<gasScore value='8040'/>
		<totalScore value='117270'/>
	</player>

	<enemy>
		<race value='Terran'/>
		<unitScore value='33775'/>
		<unitScore value='33775'/>
		<killScore value='41100'/>
		<buildingScore value='5000'/>
		<razingScore value='4650'/>
		<mineralScore value='31550'/>
		<gasScore value='12360'/>
		<totalScore value='128435'/>
	</enemy>

	<scoreRatio value='0.913069'/>
	<timeFitness value='0.5'/>
	<unitsAverage value='92'/>
</results>
