<results>
	<result value='win'/>
	<start value='2015-04-14.08:29:55'/>
	<end value='2015-04-14.08:30:45'/>
	<frames value='30165'/>
	<gameDuration value='1885'/>

	<player>
		<unitScore value='17850'/>
		<killScore value='20300'/>
		<buildingScore value='3775'/>
		<razingScore value='15075'/>
		<mineralScore value='22834'/>
		<gasScore value='3280'/>
		<totalScore value='83114'/>
	</player>

	<enemy>
		<race value='Protoss'/>
		<unitScore value='11200'/>
		<unitScore value='11200'/>
		<killScore value='14450'/>
		<buildingScore value='5025'/>
		<razingScore value='150'/>
		<mineralScore value='12330'/>
		<gasScore value='3056'/>
		<totalScore value='46211'/>
	</enemy>

	<scoreRatio value='1.79858'/>
</results>
