<results>
	<result value='win'/>
	<start value='2015-04-14.08:30:50'/>
	<end value='2015-04-14.08:31:43'/>
	<frames value='30847'/>
	<gameDuration value='1927'/>

	<player>
		<unitScore value='19850'/>
		<killScore value='21550'/>
		<buildingScore value='3975'/>
		<razingScore value='16500'/>
		<mineralScore value='24930'/>
		<gasScore value='3080'/>
		<totalScore value='89885'/>
	</player>

	<enemy>
		<race value='Protoss'/>
		<unitScore value='11275'/>
		<unitScore value='11275'/>
		<killScore value='18200'/>
		<buildingScore value='5500'/>
		<razingScore value='150'/>
		<mineralScore value='15150'/>
		<gasScore value='4624'/>
		<totalScore value='54899'/>
	</enemy>

	<scoreRatio value='1.63728'/>
</results>
