<results>
	<result value='win'/>
	<start value='2015-04-14.01:23:40'/>
	<end value='2015-04-14.01:24:35'/>
	<frames value='27871'/>
	<gameDuration value='1741'/>

	<player>
		<unitScore value='16150'/>
		<killScore value='13900'/>
		<buildingScore value='3750'/>
		<razingScore value='15225'/>
		<mineralScore value='25098'/>
		<gasScore value='3184'/>
		<totalScore value='77307'/>
	</player>

	<enemy>
		<race value='Protoss'/>
		<unitScore value='7000'/>
		<unitScore value='7000'/>
		<killScore value='11600'/>
		<buildingScore value='5075'/>
		<razingScore value='0'/>
		<mineralScore value='18622'/>
		<gasScore value='936'/>
		<totalScore value='43233'/>
	</enemy>

	<scoreRatio value='1.78815'/>
</results>
