<results>
	<result value='loss'/>
	<start value='2015-04-14.01:35:53'/>
	<end value='2015-04-14.01:37:03'/>
	<frames value='47494'/>
	<gameDuration value='2968'/>

	<player>
		<unitScore value='23175'/>
		<killScore value='38550'/>
		<buildingScore value='2725'/>
		<razingScore value='900'/>
		<mineralScore value='24106'/>
		<gasScore value='4064'/>
		<totalScore value='93520'/>
	</player>

	<enemy>
		<race value='Protoss'/>
		<unitScore value='36425'/>
		<unitScore value='36425'/>
		<killScore value='46350'/>
		<buildingScore value='7475'/>
		<razingScore value='8175'/>
		<mineralScore value='32590'/>
		<gasScore value='11480'/>
		<totalScore value='142495'/>
	</enemy>

	<scoreRatio value='0.656304'/>
</results>
