<results>
	<result value='win'/>
	<start value='2015-04-26.11:14:38'/>
	<end value='2015-04-26.11:15:02'/>
	<frames value='31870'/>
	<gameDuration value='1991'/>

	<player>
		<unitScore value='13250'/>
		<killScore value='19800'/>
		<buildingScore value='3000'/>
		<razingScore value='10650'/>
		<mineralScore value='17082'/>
		<gasScore value='2968'/>
		<totalScore value='66750'/>
	</player>

	<enemy>
		<race value='Terran'/>
		<unitScore value='11200'/>
		<unitScore value='11200'/>
		<killScore value='14400'/>
		<buildingScore value='3550'/>
		<razingScore value='1875'/>
		<mineralScore value='11998'/>
		<gasScore value='4152'/>
		<totalScore value='47175'/>
	</enemy>

	<scoreRatio value='1.41494'/>
</results>
