<results>
	<result value='loss'/>
	<start value='2015-04-08.07:55:02'/>
	<end value='2015-04-08.07:55:09'/>
	<frames value='14696'/>
	<gameDuration value='918'/>

	<player>
		<unitScore value='2275'/>
		<killScore value='600'/>
		<buildingScore value='1675'/>
		<razingScore value='0'/>
		<mineralScore value='4170'/>
		<gasScore value='552'/>
		<totalScore value='9272'/>
	</player>

	<enemy>
		<race value='Protoss'/>
		<unitScore value='3550'/>
		<unitScore value='3550'/>
		<killScore value='4550'/>
		<buildingScore value='2275'/>
		<razingScore value='5025'/>
		<mineralScore value='7498'/>
		<gasScore value='1192'/>
		<totalScore value='24090'/>
	</enemy>

	<scoreRatio value='0.38489'/>
</results>
