<results>
	<result value='draw'/>
	<start value='2015-07-13.06:09:59'/>
	<end value='2015-07-13.06:11:33'/>
	<frames value='57601'/>
	<gameDuration value='3600'/>

	<player>
		<unitScore value='43075'/>
		<killScore value='32550'/>
		<buildingScore value='4175'/>
		<razingScore value='3000'/>
		<mineralScore value='37514'/>
		<gasScore value='10960'/>
		<totalScore value='131274'/>
	</player>

	<enemy>
		<race value='Protoss'/>
		<unitScore value='25400'/>
		<killScore value='73700'/>
		<buildingScore value='6275'/>
		<razingScore value='8775'/>
		<mineralScore value='25442'/>
		<gasScore value='7180'/>
		<totalScore value='146772'/>
	</enemy>

	<scoreRatio value='0.894408'/>
	<timeFitness value='0.5'/>
	<unitsAverage value='146'/>
</results>
