<results>
	<result value='win'/>
	<start value='2014-07-04.16:17:07'/>
	<end value='2014-07-04.16:17:23'/>
	<frames value='24120'/>
	<gameDuration value='1507'/>

	<player>
		<unitScore value='10550'/>
		<killScore value='15700'/>
		<buildingScore value='3475'/>
		<razingScore value='6675'/>
		<mineralScore value='15486'/>
		<gasScore value='2464'/>
		<totalScore value='54350'/>
	</player>

	<enemy>
		<race value='Terran'/>
		<unitScore value='8750'/>
		<unitScore value='8750'/>
		<killScore value='7350'/>
		<buildingScore value='2300'/>
		<razingScore value='2400'/>
		<mineralScore value='9794'/>
		<gasScore value='3024'/>
		<totalScore value='33618'/>
	</enemy>

	<scoreRatio value='1.61669'/>
</results>
