<results>
	<result value='win'/>
	<start value='2015-04-15.05:38:19'/>
	<end value='2015-04-15.05:39:17'/>
	<frames value='29018'/>
	<gameDuration value='1813'/>

	<player>
		<unitScore value='17675'/>
		<killScore value='19950'/>
		<buildingScore value='3675'/>
		<razingScore value='11025'/>
		<mineralScore value='27442'/>
		<gasScore value='1944'/>
		<totalScore value='81711'/>
	</player>

	<enemy>
		<race value='Protoss'/>
		<unitScore value='11025'/>
		<unitScore value='11025'/>
		<killScore value='11250'/>
		<buildingScore value='3675'/>
		<razingScore value='150'/>
		<mineralScore value='12170'/>
		<gasScore value='3944'/>
		<totalScore value='42214'/>
	</enemy>

	<scoreRatio value='1.93564'/>
</results>
