<results>
	<result value='loss'/>
	<start value='2015-04-15.05:58:29'/>
	<end value='2015-04-15.05:58:46'/>
	<frames value='18943'/>
	<gameDuration value='1183'/>

	<player>
		<unitScore value='3575'/>
		<killScore value='1800'/>
		<buildingScore value='1500'/>
		<razingScore value='0'/>
		<mineralScore value='5106'/>
		<gasScore value='784'/>
		<totalScore value='12765'/>
	</player>

	<enemy>
		<race value='Protoss'/>
		<unitScore value='3850'/>
		<unitScore value='3850'/>
		<killScore value='7400'/>
		<buildingScore value='4575'/>
		<razingScore value='4500'/>
		<mineralScore value='10442'/>
		<gasScore value='1848'/>
		<totalScore value='32615'/>
	</enemy>

	<scoreRatio value='0.391384'/>
</results>
