<results>
	<result value='win'/>
	<start value='2015-05-03.23:38:08'/>
	<end value='2015-05-03.23:38:39'/>
	<frames value='21671'/>
	<gameDuration value='1354'/>

	<player>
		<unitScore value='12725'/>
		<killScore value='21065'/>
		<buildingScore value='2950'/>
		<razingScore value='4560'/>
		<mineralScore value='16734'/>
		<gasScore value='1768'/>
		<totalScore value='59802'/>
	</player>

	<enemy>
		<race value='Zerg'/>
		<unitScore value='9375'/>
		<unitScore value='9375'/>
		<killScore value='8200'/>
		<buildingScore value='1520'/>
		<razingScore value='0'/>
		<mineralScore value='8770'/>
		<gasScore value='2432'/>
		<totalScore value='30297'/>
	</enemy>

	<scoreRatio value='1.97386'/>
	<timeFitness value='0.811944'/>
	<unitsAverage value='75'/>
</results>
