<results>
	<result value='win'/>
	<start value='2015-05-21.22:43:59'/>
	<end value='2015-05-21.22:44:22'/>
	<frames value='26445'/>
	<gameDuration value='1652'/>

	<player>
		<unitScore value='16575'/>
		<killScore value='25540'/>
		<buildingScore value='3375'/>
		<razingScore value='6255'/>
		<mineralScore value='23714'/>
		<gasScore value='2624'/>
		<totalScore value='78083'/>
	</player>

	<enemy>
		<race value='Zerg'/>
		<unitScore value='11825'/>
		<killScore value='11600'/>
		<buildingScore value='2085'/>
		<razingScore value='0'/>
		<mineralScore value='11698'/>
		<gasScore value='3424'/>
		<totalScore value='40632'/>
	</enemy>

	<scoreRatio value='1.92171'/>
	<timeFitness value='0.770556'/>
	<unitsAverage value='95'/>
</results>
