<results>
	<result value='loss'/>
	<start value='2014-07-22.17:38:16'/>
	<end value='2014-07-22.17:39:07'/>
	<frames value='50346'/>
	<gameDuration value='3146'/>

	<player>
		<unitScore value='23425'/>
		<killScore value='23750'/>
		<buildingScore value='3400'/>
		<razingScore value='0'/>
		<mineralScore value='25418'/>
		<gasScore value='4848'/>
		<totalScore value='80841'/>
	</player>

	<enemy>
		<race value='Terran'/>
		<unitScore value='34450'/>
		<unitScore value='34450'/>
		<killScore value='46850'/>
		<buildingScore value='4875'/>
		<razingScore value='10350'/>
		<mineralScore value='24038'/>
		<gasScore value='15158'/>
		<totalScore value='135721'/>
	</enemy>

	<scoreRatio value='0.595641'/>
</results>
