<results>
	<result value='loss'/>
	<start value='2015-07-17.11:01:26'/>
	<end value='2015-07-17.11:01:37'/>
	<frames value='17858'/>
	<gameDuration value='1116'/>

	<player>
		<unitScore value='4925'/>
		<killScore value='2200'/>
		<buildingScore value='2100'/>
		<razingScore value='0'/>
		<mineralScore value='6122'/>
		<gasScore value='936'/>
		<totalScore value='16283'/>
	</player>

	<enemy>
		<race value='Terran'/>
		<unitScore value='6900'/>
		<killScore value='9850'/>
		<buildingScore value='2650'/>
		<razingScore value='6300'/>
		<mineralScore value='8082'/>
		<gasScore value='2848'/>
		<totalScore value='36630'/>
	</enemy>

	<scoreRatio value='0.444526'/>
	<timeFitness value='0.155'/>
	<unitsAverage value='27'/>
</results>
