<results>
	<result value='win'/>
	<start value='2015-07-17.11:12:20'/>
	<end value='2015-07-17.11:13:08'/>
	<frames value='25856'/>
	<gameDuration value='1616'/>

	<player>
		<unitScore value='14150'/>
		<killScore value='12100'/>
		<buildingScore value='3950'/>
		<razingScore value='7575'/>
		<mineralScore value='17998'/>
		<gasScore value='1848'/>
		<totalScore value='57621'/>
	</player>

	<enemy>
		<race value='Terran'/>
		<unitScore value='6350'/>
		<killScore value='8750'/>
		<buildingScore value='2525'/>
		<razingScore value='1425'/>
		<mineralScore value='7194'/>
		<gasScore value='2392'/>
		<totalScore value='28636'/>
	</enemy>

	<scoreRatio value='2.01219'/>
	<timeFitness value='0.775556'/>
	<unitsAverage value='71'/>
</results>
