<results>
	<result value='loss'/>
	<start value='2015-07-17.11:15:23'/>
	<end value='2015-07-17.11:15:36'/>
	<frames value='15006'/>
	<gameDuration value='937'/>

	<player>
		<unitScore value='3650'/>
		<killScore value='100'/>
		<buildingScore value='1300'/>
		<razingScore value='0'/>
		<mineralScore value='4722'/>
		<gasScore value='632'/>
		<totalScore value='10404'/>
	</player>

	<enemy>
		<race value='Terran'/>
		<unitScore value='4900'/>
		<killScore value='7300'/>
		<buildingScore value='1500'/>
		<razingScore value='3900'/>
		<mineralScore value='6834'/>
		<gasScore value='2304'/>
		<totalScore value='26738'/>
	</enemy>

	<scoreRatio value='0.389109'/>
	<timeFitness value='0.130139'/>
	<unitsAverage value='21'/>
</results>
