<results>
	<result value='loss'/>
	<start value='2015-07-17.11:19:48'/>
	<end value='2015-07-17.11:20:05'/>
	<frames value='20586'/>
	<gameDuration value='1286'/>

	<player>
		<unitScore value='5875'/>
		<killScore value='3300'/>
		<buildingScore value='2050'/>
		<razingScore value='0'/>
		<mineralScore value='7570'/>
		<gasScore value='808'/>
		<totalScore value='19603'/>
	</player>

	<enemy>
		<race value='Terran'/>
		<unitScore value='7850'/>
		<killScore value='11600'/>
		<buildingScore value='3175'/>
		<razingScore value='6150'/>
		<mineralScore value='9690'/>
		<gasScore value='3904'/>
		<totalScore value='42369'/>
	</enemy>

	<scoreRatio value='0.462673'/>
	<timeFitness value='0.178611'/>
	<unitsAverage value='30'/>
</results>
