<results>
	<result value='win'/>
	<start value='2015-05-10.07:25:32'/>
	<end value='2015-05-10.07:26:15'/>
	<frames value='30258'/>
	<gameDuration value='1891'/>

	<player>
		<unitScore value='22275'/>
		<killScore value='45555'/>
		<buildingScore value='3925'/>
		<razingScore value='6180'/>
		<mineralScore value='27982'/>
		<gasScore value='3200'/>
		<totalScore value='109117'/>
	</player>

	<enemy>
		<race value='Zerg'/>
		<unitScore value='18500'/>
		<unitScore value='18500'/>
		<killScore value='21250'/>
		<buildingScore value='2060'/>
		<razingScore value='0'/>
		<mineralScore value='15694'/>
		<gasScore value='4416'/>
		<totalScore value='61920'/>
	</enemy>

	<scoreRatio value='1.76223'/>
	<timeFitness value='0.737361'/>
	<unitsAverage value='109'/>
</results>
