<results>
	<result value='win'/>
	<start value='2014-07-04.12:20:52'/>
	<end value='2014-07-04.12:21:58'/>
	<frames value='44115'/>
	<gameDuration value='2757'/>

	<player>
		<unitScore value='38425'/>
		<killScore value='39500'/>
		<buildingScore value='4325'/>
		<razingScore value='19800'/>
		<mineralScore value='38302'/>
		<gasScore value='4510'/>
		<totalScore value='144862'/>
	</player>

	<enemy>
		<race value='Protoss'/>
		<unitScore value='20875'/>
		<unitScore value='20875'/>
		<killScore value='54600'/>
		<buildingScore value='6600'/>
		<razingScore value='0'/>
		<mineralScore value='23314'/>
		<gasScore value='7702'/>
		<totalScore value='113091'/>
	</enemy>

	<scoreRatio value='1.28093'/>
</results>
