<results>
	<result value='win'/>
	<start value='2014-07-11.19:42:50'/>
	<end value='2014-07-11.19:43:47'/>
	<frames value='44332'/>
	<gameDuration value='2770'/>

	<player>
		<unitScore value='28250'/>
		<killScore value='42100'/>
		<buildingScore value='3875'/>
		<razingScore value='12000'/>
		<mineralScore value='31694'/>
		<gasScore value='3264'/>
		<totalScore value='121183'/>
	</player>

	<enemy>
		<race value='Terran'/>
		<unitScore value='22650'/>
		<unitScore value='22650'/>
		<killScore value='34350'/>
		<buildingScore value='4000'/>
		<razingScore value='300'/>
		<mineralScore value='17170'/>
		<gasScore value='9010'/>
		<totalScore value='87480'/>
	</enemy>

	<scoreRatio value='1.38527'/>
</results>
