<results>
	<result value='loss'/>
	<start value='2014-07-11.19:48:21'/>
	<end value='2014-07-11.19:48:44'/>
	<frames value='43495'/>
	<gameDuration value='2718'/>

	<player>
		<unitScore value='4275'/>
		<killScore value='10900'/>
		<buildingScore value='1700'/>
		<razingScore value='1500'/>
		<mineralScore value='6114'/>
		<gasScore value='960'/>
		<totalScore value='25449'/>
	</player>

	<enemy>
		<race value='Terran'/>
		<unitScore value='15650'/>
		<unitScore value='15650'/>
		<killScore value='7700'/>
		<buildingScore value='4550'/>
		<razingScore value='5100'/>
		<mineralScore value='15706'/>
		<gasScore value='7976'/>
		<totalScore value='56682'/>
	</enemy>

	<scoreRatio value='0.448979'/>
</results>
