<results>
	<result value='loss'/>
	<start value='2015-04-10.03:15:42'/>
	<end value='2015-04-10.03:15:52'/>
	<frames value='18292'/>
	<gameDuration value='1143'/>

	<player>
		<unitScore value='4100'/>
		<killScore value='4800'/>
		<buildingScore value='2100'/>
		<razingScore value='2400'/>
		<mineralScore value='6338'/>
		<gasScore value='792'/>
		<totalScore value='20530'/>
	</player>

	<enemy>
		<race value='Protoss'/>
		<unitScore value='4325'/>
		<unitScore value='4325'/>
		<killScore value='8200'/>
		<buildingScore value='3375'/>
		<razingScore value='6300'/>
		<mineralScore value='9114'/>
		<gasScore value='1840'/>
		<totalScore value='33154'/>
	</enemy>

	<scoreRatio value='0.619231'/>
</results>
