<results>
	<result value='loss'/>
	<start value='2015-04-12.15:17:50'/>
	<end value='2015-04-12.15:18:04'/>
	<frames value='29080'/>
	<gameDuration value='1817'/>

	<player>
		<unitScore value='9825'/>
		<killScore value='4200'/>
		<buildingScore value='2175'/>
		<razingScore value='0'/>
		<mineralScore value='11206'/>
		<gasScore value='1904'/>
		<totalScore value='29310'/>
	</player>

	<enemy>
		<race value='Protoss'/>
		<unitScore value='13200'/>
		<unitScore value='13200'/>
		<killScore value='19750'/>
		<buildingScore value='6875'/>
		<razingScore value='6525'/>
		<mineralScore value='18378'/>
		<gasScore value='6616'/>
		<totalScore value='71344'/>
	</enemy>

	<scoreRatio value='0.410826'/>
</results>
