<results>
	<result value='win'/>
	<start value='2015-05-02.16:27:54'/>
	<end value='2015-05-02.16:30:09'/>
	<frames value='46161'/>
	<gameDuration value='2885'/>

	<player>
		<unitScore value='31100'/>
		<killScore value='38645'/>
		<buildingScore value='5450'/>
		<razingScore value='10635'/>
		<mineralScore value='38586'/>
		<gasScore value='4904'/>
		<totalScore value='129320'/>
	</player>

	<enemy>
		<race value='Zerg'/>
		<unitScore value='19425'/>
		<unitScore value='19425'/>
		<killScore value='35100'/>
		<buildingScore value='3545'/>
		<razingScore value='2025'/>
		<mineralScore value='20990'/>
		<gasScore value='8408'/>
		<totalScore value='89493'/>
	</enemy>

	<scoreRatio value='1.44503'/>
	<timeFitness value='0.599306'/>
	<unitsAverage value='152'/>
</results>
