<results>
	<result value='win'/>
	<start value='2015-05-02.16:38:24'/>
	<end value='2015-05-02.16:38:50'/>
	<frames value='22973'/>
	<gameDuration value='1435'/>

	<player>
		<unitScore value='10650'/>
		<killScore value='21070'/>
		<buildingScore value='1500'/>
		<razingScore value='4560'/>
		<mineralScore value='11838'/>
		<gasScore value='2288'/>
		<totalScore value='51906'/>
	</player>

	<enemy>
		<race value='Zerg'/>
		<unitScore value='9650'/>
		<unitScore value='9650'/>
		<killScore value='13050'/>
		<buildingScore value='1520'/>
		<razingScore value='0'/>
		<mineralScore value='8906'/>
		<gasScore value='2440'/>
		<totalScore value='35566'/>
	</enemy>

	<scoreRatio value='1.45943'/>
	<timeFitness value='0.800694'/>
	<unitsAverage value='56'/>
</results>
