<results>
	<result value='draw'/>
	<start value='2015-05-02.16:47:16'/>
	<end value='2015-05-02.16:49:22'/>
	<frames value='57601'/>
	<gameDuration value='3600'/>

	<player>
		<unitScore value='23100'/>
		<killScore value='44550'/>
		<buildingScore value='3425'/>
		<razingScore value='630'/>
		<mineralScore value='22142'/>
		<gasScore value='6722'/>
		<totalScore value='100569'/>
	</player>

	<enemy>
		<race value='Zerg'/>
		<unitScore value='34300'/>
		<unitScore value='34300'/>
		<killScore value='33950'/>
		<buildingScore value='5000'/>
		<razingScore value='6150'/>
		<mineralScore value='38558'/>
		<gasScore value='11784'/>
		<totalScore value='129742'/>
	</enemy>

	<scoreRatio value='0.775146'/>
	<timeFitness value='0.5'/>
	<unitsAverage value='102'/>
</results>
