<results>
	<result value='loss'/>
	<start value='2015-05-05.01:27:16'/>
	<end value='2015-05-05.01:27:31'/>
	<frames value='17703'/>
	<gameDuration value='1106'/>

	<player>
		<unitScore value='2675'/>
		<killScore value='1600'/>
		<buildingScore value='1725'/>
		<razingScore value='0'/>
		<mineralScore value='4930'/>
		<gasScore value='664'/>
		<totalScore value='11594'/>
	</player>

	<enemy>
		<race value='Protoss'/>
		<unitScore value='4425'/>
		<unitScore value='4425'/>
		<killScore value='5250'/>
		<buildingScore value='4125'/>
		<razingScore value='5175'/>
		<mineralScore value='9330'/>
		<gasScore value='2064'/>
		<totalScore value='30369'/>
	</enemy>

	<scoreRatio value='0.381771'/>
	<timeFitness value='0.153611'/>
	<unitsAverage value='20'/>
</results>
