<results>
	<result value='loss'/>
	<start value='2015-05-05.01:39:53'/>
	<end value='2015-05-05.01:40:07'/>
	<frames value='16835'/>
	<gameDuration value='1052'/>

	<player>
		<unitScore value='3200'/>
		<killScore value='1500'/>
		<buildingScore value='1500'/>
		<razingScore value='0'/>
		<mineralScore value='4882'/>
		<gasScore value='400'/>
		<totalScore value='11482'/>
	</player>

	<enemy>
		<race value='Protoss'/>
		<unitScore value='3650'/>
		<unitScore value='3650'/>
		<killScore value='6300'/>
		<buildingScore value='3925'/>
		<razingScore value='4500'/>
		<mineralScore value='8834'/>
		<gasScore value='1632'/>
		<totalScore value='28841'/>
	</enemy>

	<scoreRatio value='0.398114'/>
	<timeFitness value='0.146111'/>
	<unitsAverage value='21'/>
</results>
