<results>
	<result value='loss'/>
	<start value='2015-07-12.23:55:07'/>
	<end value='2015-07-12.23:55:51'/>
	<frames value='40271'/>
	<gameDuration value='2516'/>

	<player>
		<unitScore value='21875'/>
		<killScore value='11800'/>
		<buildingScore value='3600'/>
		<razingScore value='1350'/>
		<mineralScore value='34254'/>
		<gasScore value='2960'/>
		<totalScore value='75839'/>
	</player>

	<enemy>
		<race value='Protoss'/>
		<unitScore value='15975'/>
		<killScore value='43750'/>
		<buildingScore value='8225'/>
		<razingScore value='10800'/>
		<mineralScore value='25510'/>
		<gasScore value='6074'/>
		<totalScore value='110334'/>
	</enemy>

	<scoreRatio value='0.687358'/>
	<timeFitness value='0.349444'/>
	<unitsAverage value='71'/>
</results>
