<results>
	<result value='loss'/>
	<start value='2014-07-12.21:38:06'/>
	<end value='2014-07-12.21:38:24'/>
	<frames value='37915'/>
	<gameDuration value='2369'/>

	<player>
		<unitScore value='6525'/>
		<killScore value='7700'/>
		<buildingScore value='2100'/>
		<razingScore value='0'/>
		<mineralScore value='8378'/>
		<gasScore value='1536'/>
		<totalScore value='26239'/>
	</player>

	<enemy>
		<race value='Terran'/>
		<unitScore value='20350'/>
		<unitScore value='20350'/>
		<killScore value='13050'/>
		<buildingScore value='4975'/>
		<razingScore value='6300'/>
		<mineralScore value='19810'/>
		<gasScore value='11462'/>
		<totalScore value='75947'/>
	</enemy>

	<scoreRatio value='0.345491'/>
</results>
