<results>
	<result value='loss'/>
	<start value='2014-07-10.17:05:36'/>
	<end value='2014-07-10.17:06:09'/>
	<frames value='43433'/>
	<gameDuration value='2714'/>

	<player>
		<unitScore value='22325'/>
		<killScore value='25150'/>
		<buildingScore value='2450'/>
		<razingScore value='1800'/>
		<mineralScore value='24066'/>
		<gasScore value='4088'/>
		<totalScore value='79879'/>
	</player>

	<enemy>
		<race value='Protoss'/>
		<unitScore value='30875'/>
		<unitScore value='30875'/>
		<killScore value='44750'/>
		<buildingScore value='7725'/>
		<razingScore value='7350'/>
		<mineralScore value='29938'/>
		<gasScore value='10354'/>
		<totalScore value='130992'/>
	</enemy>

	<scoreRatio value='0.609801'/>
</results>
