<results>
	<result value='win'/>
	<start value='2014-07-10.17:11:52'/>
	<end value='2014-07-10.17:12:22'/>
	<frames value='36241'/>
	<gameDuration value='2265'/>

	<player>
		<unitScore value='16625'/>
		<killScore value='11950'/>
		<buildingScore value='4225'/>
		<razingScore value='22275'/>
		<mineralScore value='24602'/>
		<gasScore value='3208'/>
		<totalScore value='82885'/>
	</player>

	<enemy>
		<race value='Protoss'/>
		<unitScore value='5975'/>
		<unitScore value='5975'/>
		<killScore value='12800'/>
		<buildingScore value='7425'/>
		<razingScore value='300'/>
		<mineralScore value='16946'/>
		<gasScore value='3616'/>
		<totalScore value='47062'/>
	</enemy>

	<scoreRatio value='1.76119'/>
</results>
