<results>
	<result value='win'/>
	<start value='2014-07-01.03:47:31'/>
	<end value='2014-07-01.03:48:13'/>
	<frames value='37078'/>
	<gameDuration value='2317'/>

	<player>
		<unitScore value='27225'/>
		<killScore value='39700'/>
		<buildingScore value='4600'/>
		<razingScore value='18525'/>
		<mineralScore value='36730'/>
		<gasScore value='3600'/>
		<totalScore value='130380'/>
	</player>

	<enemy>
		<race value='Protoss'/>
		<unitScore value='20300'/>
		<unitScore value='20300'/>
		<killScore value='31300'/>
		<buildingScore value='6175'/>
		<razingScore value='0'/>
		<mineralScore value='21826'/>
		<gasScore value='5320'/>
		<totalScore value='84921'/>
	</enemy>

	<scoreRatio value='1.53531'/>
</results>
