<results>
	<result value='win'/>
	<start value='2014-07-01.03:54:49'/>
	<end value='2014-07-01.03:55:24'/>
	<frames value='47866'/>
	<gameDuration value='2991'/>

	<player>
		<unitScore value='22175'/>
		<killScore value='36350'/>
		<buildingScore value='2725'/>
		<razingScore value='27000'/>
		<mineralScore value='24770'/>
		<gasScore value='3920'/>
		<totalScore value='116940'/>
	</player>

	<enemy>
		<race value='Protoss'/>
		<unitScore value='18400'/>
		<unitScore value='18400'/>
		<killScore value='37900'/>
		<buildingScore value='9000'/>
		<razingScore value='1875'/>
		<mineralScore value='24466'/>
		<gasScore value='7912'/>
		<totalScore value='99553'/>
	</enemy>

	<scoreRatio value='1.17465'/>
</results>
