<results>
	<result value='loss'/>
	<start value='2015-05-09.22:49:39'/>
	<end value='2015-05-09.22:50:37'/>
	<frames value='53012'/>
	<gameDuration value='3313'/>

	<player>
		<unitScore value='25500'/>
		<killScore value='32650'/>
		<buildingScore value='3675'/>
		<razingScore value='20325'/>
		<mineralScore value='28506'/>
		<gasScore value='4104'/>
		<totalScore value='114760'/>
	</player>

	<enemy>
		<race value='Protoss'/>
		<unitScore value='19925'/>
		<unitScore value='19925'/>
		<killScore value='40050'/>
		<buildingScore value='7275'/>
		<razingScore value='11025'/>
		<mineralScore value='23214'/>
		<gasScore value='6584'/>
		<totalScore value='108073'/>
	</enemy>

	<scoreRatio value='1.06187'/>
	<timeFitness value='0.460139'/>
	<unitsAverage value='106'/>
</results>
