<results>
	<result value='draw'/>
	<start value='2015-07-11.21:32:35'/>
	<end value='2015-07-11.21:33:44'/>
	<frames value='57601'/>
	<gameDuration value='3600'/>

	<player>
		<unitScore value='29700'/>
		<killScore value='22100'/>
		<buildingScore value='2850'/>
		<razingScore value='0'/>
		<mineralScore value='24154'/>
		<gasScore value='5336'/>
		<totalScore value='84140'/>
	</player>

	<enemy>
		<race value='Protoss'/>
		<unitScore value='15900'/>
		<killScore value='51050'/>
		<buildingScore value='5800'/>
		<razingScore value='4725'/>
		<mineralScore value='38814'/>
		<gasScore value='15506'/>
		<totalScore value='131795'/>
	</enemy>

	<scoreRatio value='0.638416'/>
	<timeFitness value='0.5'/>
	<unitsAverage value='93'/>
</results>
