<results>
	<result value='loss'/>
	<start value='2015-07-11.21:39:50'/>
	<end value='2015-07-11.21:40:05'/>
	<frames value='29328'/>
	<gameDuration value='1833'/>

	<player>
		<unitScore value='6750'/>
		<killScore value='3300'/>
		<buildingScore value='1650'/>
		<razingScore value='0'/>
		<mineralScore value='12330'/>
		<gasScore value='896'/>
		<totalScore value='24926'/>
	</player>

	<enemy>
		<race value='Protoss'/>
		<unitScore value='11950'/>
		<killScore value='12450'/>
		<buildingScore value='6925'/>
		<razingScore value='4950'/>
		<mineralScore value='17054'/>
		<gasScore value='6392'/>
		<totalScore value='59721'/>
	</enemy>

	<scoreRatio value='0.417374'/>
	<timeFitness value='0.254583'/>
	<unitsAverage value='36'/>
</results>
