<results>
	<result value='loss'/>
	<start value='2015-07-11.21:52:36'/>
	<end value='2015-07-11.21:52:46'/>
	<frames value='21361'/>
	<gameDuration value='1335'/>

	<player>
		<unitScore value='7450'/>
		<killScore value='3000'/>
		<buildingScore value='2150'/>
		<razingScore value='0'/>
		<mineralScore value='8138'/>
		<gasScore value='1296'/>
		<totalScore value='22034'/>
	</player>

	<enemy>
		<race value='Protoss'/>
		<unitScore value='6425'/>
		<killScore value='14900'/>
		<buildingScore value='4725'/>
		<razingScore value='6450'/>
		<mineralScore value='11818'/>
		<gasScore value='3304'/>
		<totalScore value='47622'/>
	</enemy>

	<scoreRatio value='0.462685'/>
	<timeFitness value='0.185417'/>
	<unitsAverage value='29'/>
</results>
