<results>
	<result value='loss'/>
	<start value='2015-07-11.21:56:27'/>
	<end value='2015-07-11.21:56:48'/>
	<frames value='30630'/>
	<gameDuration value='1914'/>

	<player>
		<unitScore value='14225'/>
		<killScore value='6000'/>
		<buildingScore value='2350'/>
		<razingScore value='300'/>
		<mineralScore value='17426'/>
		<gasScore value='2088'/>
		<totalScore value='42389'/>
	</player>

	<enemy>
		<race value='Protoss'/>
		<unitScore value='14550'/>
		<killScore value='26100'/>
		<buildingScore value='7075'/>
		<razingScore value='7050'/>
		<mineralScore value='19630'/>
		<gasScore value='6968'/>
		<totalScore value='81373'/>
	</enemy>

	<scoreRatio value='0.520922'/>
	<timeFitness value='0.265833'/>
	<unitsAverage value='57'/>
</results>
