<results>
	<result value='loss'/>
	<start value='2015-07-20.01:36:48'/>
	<end value='2015-07-20.01:37:25'/>
	<frames value='30692'/>
	<gameDuration value='1918'/>

	<player>
		<unitScore value='15100'/>
		<killScore value='10000'/>
		<buildingScore value='3150'/>
		<razingScore value='0'/>
		<mineralScore value='15738'/>
		<gasScore value='2496'/>
		<totalScore value='46484'/>
	</player>

	<enemy>
		<race value='Zerg'/>
		<unitScore value='16125'/>
		<killScore value='30200'/>
		<buildingScore value='3960'/>
		<razingScore value='9450'/>
		<mineralScore value='18362'/>
		<gasScore value='6816'/>
		<totalScore value='84913'/>
	</enemy>

	<scoreRatio value='0.547431'/>
	<timeFitness value='0.266389'/>
	<unitsAverage value='61'/>
</results>
