<results>
	<result value='loss'/>
	<start value='2015-04-28.07:33:54'/>
	<end value='2015-04-28.07:34:18'/>
	<frames value='31126'/>
	<gameDuration value='1945'/>

	<player>
		<unitScore value='7875'/>
		<killScore value='6500'/>
		<buildingScore value='2150'/>
		<razingScore value='750'/>
		<mineralScore value='11146'/>
		<gasScore value='1224'/>
		<totalScore value='29645'/>
	</player>

	<enemy>
		<race value='Protoss'/>
		<unitScore value='14650'/>
		<unitScore value='14650'/>
		<killScore value='15750'/>
		<buildingScore value='7175'/>
		<razingScore value='6450'/>
		<mineralScore value='18682'/>
		<gasScore value='7232'/>
		<totalScore value='69939'/>
	</enemy>

	<scoreRatio value='0.423869'/>
</results>
