<results>
	<result value='win'/>
	<start value='2015-04-10.23:32:28'/>
	<end value='2015-04-10.23:33:12'/>
	<frames value='30041'/>
	<gameDuration value='1877'/>

	<player>
		<unitScore value='14175'/>
		<killScore value='15000'/>
		<buildingScore value='2900'/>
		<razingScore value='17100'/>
		<mineralScore value='17250'/>
		<gasScore value='2880'/>
		<totalScore value='69305'/>
	</player>

	<enemy>
		<race value='Protoss'/>
		<unitScore value='7500'/>
		<unitScore value='7500'/>
		<killScore value='13200'/>
		<buildingScore value='5700'/>
		<razingScore value='300'/>
		<mineralScore value='15802'/>
		<gasScore value='3040'/>
		<totalScore value='45542'/>
	</enemy>

	<scoreRatio value='1.52178'/>
</results>
