<results>
	<result value='win'/>
	<start value='2015-05-04.04:42:38'/>
	<end value='2015-05-04.04:43:23'/>
	<frames value='36086'/>
	<gameDuration value='2255'/>

	<player>
		<unitScore value='24325'/>
		<killScore value='37620'/>
		<buildingScore value='4050'/>
		<razingScore value='9300'/>
		<mineralScore value='34994'/>
		<gasScore value='2920'/>
		<totalScore value='113209'/>
	</player>

	<enemy>
		<race value='Zerg'/>
		<unitScore value='17375'/>
		<unitScore value='17375'/>
		<killScore value='23400'/>
		<buildingScore value='3100'/>
		<razingScore value='0'/>
		<mineralScore value='17366'/>
		<gasScore value='6000'/>
		<totalScore value='67241'/>
	</enemy>

	<scoreRatio value='1.68363'/>
	<timeFitness value='0.686806'/>
	<unitsAverage value='132'/>
</results>
