<results>
	<result value='win'/>
	<start value='2015-05-04.04:40:44'/>
	<end value='2015-05-04.04:41:34'/>
	<frames value='39434'/>
	<gameDuration value='2464'/>

	<player>
		<unitScore value='26150'/>
		<killScore value='34650'/>
		<buildingScore value='4975'/>
		<razingScore value='12015'/>
		<mineralScore value='32666'/>
		<gasScore value='5104'/>
		<totalScore value='115560'/>
	</player>

	<enemy>
		<race value='Zerg'/>
		<unitScore value='17525'/>
		<unitScore value='17525'/>
		<killScore value='26700'/>
		<buildingScore value='4005'/>
		<razingScore value='2550'/>
		<mineralScore value='18722'/>
		<gasScore value='5744'/>
		<totalScore value='75246'/>
	</enemy>

	<scoreRatio value='1.53576'/>
	<timeFitness value='0.657778'/>
	<unitsAverage value='124'/>
</results>
