<results>
	<result value='win'/>
	<start value='2015-05-04.04:56:25'/>
	<end value='2015-05-04.04:56:46'/>
	<frames value='25236'/>
	<gameDuration value='1577'/>

	<player>
		<unitScore value='15025'/>
		<killScore value='20205'/>
		<buildingScore value='4025'/>
		<razingScore value='5460'/>
		<mineralScore value='24970'/>
		<gasScore value='2192'/>
		<totalScore value='71877'/>
	</player>

	<enemy>
		<race value='Zerg'/>
		<unitScore value='8900'/>
		<unitScore value='8900'/>
		<killScore value='8950'/>
		<buildingScore value='1820'/>
		<razingScore value='0'/>
		<mineralScore value='8826'/>
		<gasScore value='2480'/>
		<totalScore value='30976'/>
	</enemy>

	<scoreRatio value='2.32041'/>
	<timeFitness value='0.780972'/>
	<unitsAverage value='93'/>
</results>
