<results>
	<result value='win'/>
	<start value='2015-05-04.05:18:49'/>
	<end value='2015-05-04.05:19:15'/>
	<frames value='26538'/>
	<gameDuration value='1658'/>

	<player>
		<unitScore value='18075'/>
		<killScore value='22935'/>
		<buildingScore value='4225'/>
		<razingScore value='4830'/>
		<mineralScore value='30130'/>
		<gasScore value='1968'/>
		<totalScore value='82163'/>
	</player>

	<enemy>
		<race value='Zerg'/>
		<unitScore value='10425'/>
		<unitScore value='10425'/>
		<killScore value='13550'/>
		<buildingScore value='1610'/>
		<razingScore value='150'/>
		<mineralScore value='10330'/>
		<gasScore value='3176'/>
		<totalScore value='39241'/>
	</enemy>

	<scoreRatio value='2.0938'/>
	<timeFitness value='0.769722'/>
	<unitsAverage value='109'/>
</results>
