<results>
	<result value='win'/>
	<start value='2014-07-09.16:02:30'/>
	<end value='2014-07-09.16:02:58'/>
	<frames value='36675'/>
	<gameDuration value='2292'/>

	<player>
		<unitScore value='13825'/>
		<killScore value='13100'/>
		<buildingScore value='3850'/>
		<razingScore value='15000'/>
		<mineralScore value='21858'/>
		<gasScore value='2712'/>
		<totalScore value='70345'/>
	</player>

	<enemy>
		<race value='Protoss'/>
		<unitScore value='6550'/>
		<unitScore value='6550'/>
		<killScore value='8200'/>
		<buildingScore value='5000'/>
		<razingScore value='1650'/>
		<mineralScore value='20082'/>
		<gasScore value='2248'/>
		<totalScore value='43730'/>
	</enemy>

	<scoreRatio value='1.60862'/>
</results>
