<results>
	<result value='loss'/>
	<start value='2015-07-21.20:17:43'/>
	<end value='2015-07-21.20:18:04'/>
	<frames value='23531'/>
	<gameDuration value='1470'/>

	<player>
		<unitScore value='10500'/>
		<killScore value='4110'/>
		<buildingScore value='3075'/>
		<razingScore value='1095'/>
		<mineralScore value='16578'/>
		<gasScore value='1704'/>
		<totalScore value='37062'/>
	</player>

	<enemy>
		<race value='Zerg'/>
		<unitScore value='7950'/>
		<killScore value='20250'/>
		<buildingScore value='2785'/>
		<razingScore value='9225'/>
		<mineralScore value='12690'/>
		<gasScore value='3440'/>
		<totalScore value='56340'/>
	</enemy>

	<scoreRatio value='0.657827'/>
	<timeFitness value='0.204167'/>
	<unitsAverage value='49'/>
</results>
