<results>
	<result value='loss'/>
	<start value='2015-07-21.20:18:14'/>
	<end value='2015-07-21.20:18:41'/>
	<frames value='26414'/>
	<gameDuration value='1650'/>

	<player>
		<unitScore value='14975'/>
		<killScore value='8350'/>
		<buildingScore value='3450'/>
		<razingScore value='0'/>
		<mineralScore value='22746'/>
		<gasScore value='2064'/>
		<totalScore value='51585'/>
	</player>

	<enemy>
		<race value='Zerg'/>
		<unitScore value='13150'/>
		<killScore value='28500'/>
		<buildingScore value='3230'/>
		<razingScore value='10350'/>
		<mineralScore value='15206'/>
		<gasScore value='4456'/>
		<totalScore value='74892'/>
	</enemy>

	<scoreRatio value='0.688792'/>
	<timeFitness value='0.229167'/>
	<unitsAverage value='60'/>
</results>
