<results>
	<result value='draw'/>
	<start value='2015-04-08.20:56:04'/>
	<end value='2015-04-08.20:57:26'/>
	<frames value='57601'/>
	<gameDuration value='3600'/>

	<player>
		<unitScore value='25825'/>
		<killScore value='34350'/>
		<buildingScore value='3750'/>
		<razingScore value='20550'/>
		<mineralScore value='28974'/>
		<gasScore value='5688'/>
		<totalScore value='119137'/>
	</player>

	<enemy>
		<race value='Protoss'/>
		<unitScore value='17525'/>
		<unitScore value='17525'/>
		<killScore value='33150'/>
		<buildingScore value='7350'/>
		<razingScore value='1200'/>
		<mineralScore value='23318'/>
		<gasScore value='5976'/>
		<totalScore value='88519'/>
	</enemy>

	<scoreRatio value='1.34589'/>
</results>
