<results>
	<result value='win'/>
	<start value='2015-04-07.15:42:28'/>
	<end value='2015-04-07.15:42:57'/>
	<frames value='27747'/>
	<gameDuration value='1734'/>

	<player>
		<unitScore value='16350'/>
		<killScore value='13500'/>
		<buildingScore value='3575'/>
		<razingScore value='10425'/>
		<mineralScore value='25098'/>
		<gasScore value='2360'/>
		<totalScore value='71308'/>
	</player>

	<enemy>
		<race value='Protoss'/>
		<unitScore value='6850'/>
		<unitScore value='6850'/>
		<killScore value='12200'/>
		<buildingScore value='3475'/>
		<razingScore value='0'/>
		<mineralScore value='18554'/>
		<gasScore value='1752'/>
		<totalScore value='42831'/>
	</enemy>

	<scoreRatio value='1.66487'/>
</results>
