<results>
	<result value='win'/>
	<start value='2015-05-17.00:43:18'/>
	<end value='2015-05-17.00:43:53'/>
	<frames value='24089'/>
	<gameDuration value='1505'/>

	<player>
		<unitScore value='15750'/>
		<killScore value='22790'/>
		<buildingScore value='3900'/>
		<razingScore value='4710'/>
		<mineralScore value='23358'/>
		<gasScore value='2232'/>
		<totalScore value='72740'/>
	</player>

	<enemy>
		<race value='Zerg'/>
		<unitScore value='10325'/>
		<unitScore value='10325'/>
		<killScore value='10450'/>
		<buildingScore value='1570'/>
		<razingScore value='0'/>
		<mineralScore value='9962'/>
		<gasScore value='2984'/>
		<totalScore value='35291'/>
	</enemy>

	<scoreRatio value='2.06115'/>
	<timeFitness value='0.790972'/>
	<unitsAverage value='93'/>
</results>
