<results>
	<result value='win'/>
	<start value='2015-05-17.00:45:51'/>
	<end value='2015-05-17.00:46:25'/>
	<frames value='24647'/>
	<gameDuration value='1540'/>

	<player>
		<unitScore value='14000'/>
		<killScore value='16800'/>
		<buildingScore value='4075'/>
		<razingScore value='6975'/>
		<mineralScore value='19882'/>
		<gasScore value='2248'/>
		<totalScore value='63980'/>
	</player>

	<enemy>
		<race value='Zerg'/>
		<unitScore value='7850'/>
		<unitScore value='7850'/>
		<killScore value='9650'/>
		<buildingScore value='2325'/>
		<razingScore value='1950'/>
		<mineralScore value='8634'/>
		<gasScore value='2912'/>
		<totalScore value='33321'/>
	</enemy>

	<scoreRatio value='1.92011'/>
	<timeFitness value='0.786111'/>
	<unitsAverage value='85'/>
</results>
