<results>
	<result value='win'/>
	<start value='2015-05-03.15:44:31'/>
	<end value='2015-05-03.15:45:17'/>
	<frames value='34443'/>
	<gameDuration value='2152'/>

	<player>
		<unitScore value='23325'/>
		<killScore value='30790'/>
		<buildingScore value='3425'/>
		<razingScore value='10200'/>
		<mineralScore value='29610'/>
		<gasScore value='3528'/>
		<totalScore value='100878'/>
	</player>

	<enemy>
		<race value='Zerg'/>
		<unitScore value='15200'/>
		<unitScore value='15200'/>
		<killScore value='21100'/>
		<buildingScore value='3400'/>
		<razingScore value='0'/>
		<mineralScore value='16986'/>
		<gasScore value='5064'/>
		<totalScore value='61750'/>
	</enemy>

	<scoreRatio value='1.63365'/>
	<timeFitness value='0.701111'/>
	<unitsAverage value='118'/>
</results>
