<results>
	<result value='loss'/>
	<start value='2015-05-03.15:45:45'/>
	<end value='2015-05-03.15:46:05'/>
	<frames value='31405'/>
	<gameDuration value='1962'/>

	<player>
		<unitScore value='10475'/>
		<killScore value='10000'/>
		<buildingScore value='2950'/>
		<razingScore value='0'/>
		<mineralScore value='13290'/>
		<gasScore value='1416'/>
		<totalScore value='38131'/>
	</player>

	<enemy>
		<race value='Zerg'/>
		<unitScore value='16825'/>
		<unitScore value='16825'/>
		<killScore value='20950'/>
		<buildingScore value='3410'/>
		<razingScore value='8850'/>
		<mineralScore value='16966'/>
		<gasScore value='5928'/>
		<totalScore value='72929'/>
	</enemy>

	<scoreRatio value='0.522851'/>
	<timeFitness value='0.2725'/>
	<unitsAverage value='38'/>
</results>
