<results>
	<result value='win'/>
	<start value='2015-05-17.00:49:34'/>
	<end value='2015-05-17.00:50:29'/>
	<frames value='31498'/>
	<gameDuration value='1968'/>

	<player>
		<unitScore value='21725'/>
		<killScore value='27820'/>
		<buildingScore value='3075'/>
		<razingScore value='10395'/>
		<mineralScore value='30202'/>
		<gasScore value='3112'/>
		<totalScore value='96329'/>
	</player>

	<enemy>
		<race value='Zerg'/>
		<unitScore value='13325'/>
		<unitScore value='13325'/>
		<killScore value='22300'/>
		<buildingScore value='3465'/>
		<razingScore value='150'/>
		<mineralScore value='15342'/>
		<gasScore value='4816'/>
		<totalScore value='59398'/>
	</enemy>

	<scoreRatio value='1.62175'/>
	<timeFitness value='0.726667'/>
	<unitsAverage value='108'/>
</results>
