<results>
	<result value='win'/>
	<start value='2015-05-03.15:53:40'/>
	<end value='2015-05-03.15:54:25'/>
	<frames value='33792'/>
	<gameDuration value='2112'/>

	<player>
		<unitScore value='25600'/>
		<killScore value='29980'/>
		<buildingScore value='4550'/>
		<razingScore value='4680'/>
		<mineralScore value='36286'/>
		<gasScore value='2320'/>
		<totalScore value='103416'/>
	</player>

	<enemy>
		<race value='Zerg'/>
		<unitScore value='15200'/>
		<unitScore value='15200'/>
		<killScore value='26750'/>
		<buildingScore value='1560'/>
		<razingScore value='0'/>
		<mineralScore value='12202'/>
		<gasScore value='4560'/>
		<totalScore value='60272'/>
	</enemy>

	<scoreRatio value='1.71582'/>
	<timeFitness value='0.706667'/>
	<unitsAverage value='123'/>
</results>
