<results>
	<result value='win'/>
	<start value='2015-05-21.19:11:38'/>
	<end value='2015-05-21.19:11:56'/>
	<frames value='21175'/>
	<gameDuration value='1323'/>

	<player>
		<unitScore value='9900'/>
		<killScore value='15120'/>
		<buildingScore value='3300'/>
		<razingScore value='3735'/>
		<mineralScore value='16310'/>
		<gasScore value='1928'/>
		<totalScore value='50293'/>
	</player>

	<enemy>
		<race value='Zerg'/>
		<unitScore value='7000'/>
		<killScore value='4500'/>
		<buildingScore value='1245'/>
		<razingScore value='1725'/>
		<mineralScore value='6906'/>
		<gasScore value='1808'/>
		<totalScore value='23184'/>
	</enemy>

	<scoreRatio value='2.1693'/>
	<timeFitness value='0.81625'/>
	<unitsAverage value='69'/>
</results>
