<results>
	<result value='win'/>
	<start value='2015-05-03.19:11:52'/>
	<end value='2015-05-03.19:13:15'/>
	<frames value='37047'/>
	<gameDuration value='2315'/>

	<player>
		<unitScore value='26500'/>
		<killScore value='46030'/>
		<buildingScore value='4075'/>
		<razingScore value='9375'/>
		<mineralScore value='33278'/>
		<gasScore value='2888'/>
		<totalScore value='122146'/>
	</player>

	<enemy>
		<race value='Zerg'/>
		<unitScore value='20050'/>
		<unitScore value='20050'/>
		<killScore value='28050'/>
		<buildingScore value='3125'/>
		<razingScore value='0'/>
		<mineralScore value='18922'/>
		<gasScore value='5736'/>
		<totalScore value='75883'/>
	</enemy>

	<scoreRatio value='1.60966'/>
	<timeFitness value='0.678472'/>
	<unitsAverage value='114'/>
</results>
