<results>
	<result value='win'/>
	<start value='2015-05-03.19:16:25'/>
	<end value='2015-05-03.19:17:16'/>
	<frames value='26662'/>
	<gameDuration value='1666'/>

	<player>
		<unitScore value='19825'/>
		<killScore value='25595'/>
		<buildingScore value='3775'/>
		<razingScore value='6390'/>
		<mineralScore value='25790'/>
		<gasScore value='1264'/>
		<totalScore value='82639'/>
	</player>

	<enemy>
		<race value='Zerg'/>
		<unitScore value='12275'/>
		<unitScore value='12275'/>
		<killScore value='18300'/>
		<buildingScore value='2130'/>
		<razingScore value='0'/>
		<mineralScore value='11826'/>
		<gasScore value='3840'/>
		<totalScore value='48371'/>
	</enemy>

	<scoreRatio value='1.70844'/>
	<timeFitness value='0.768611'/>
	<unitsAverage value='91'/>
</results>
