<results>
	<result value='loss'/>
	<start value='2015-04-07.21:18:55'/>
	<end value='2015-04-07.21:20:03'/>
	<frames value='53353'/>
	<gameDuration value='3334'/>

	<player>
		<unitScore value='24950'/>
		<killScore value='50850'/>
		<buildingScore value='2850'/>
		<razingScore value='1050'/>
		<mineralScore value='24050'/>
		<gasScore value='5198'/>
		<totalScore value='108948'/>
	</player>

	<enemy>
		<race value='Protoss'/>
		<unitScore value='44200'/>
		<unitScore value='44200'/>
		<killScore value='49900'/>
		<buildingScore value='7425'/>
		<razingScore value='8550'/>
		<mineralScore value='36066'/>
		<gasScore value='13724'/>
		<totalScore value='159865'/>
	</enemy>

	<scoreRatio value='0.6815'/>
</results>
