<results>
	<result value='loss'/>
	<start value='2015-04-07.21:20:08'/>
	<end value='2015-04-07.21:21:01'/>
	<frames value='46130'/>
	<gameDuration value='2883'/>

	<player>
		<unitScore value='24725'/>
		<killScore value='29600'/>
		<buildingScore value='4125'/>
		<razingScore value='0'/>
		<mineralScore value='28422'/>
		<gasScore value='4376'/>
		<totalScore value='91248'/>
	</player>

	<enemy>
		<race value='Protoss'/>
		<unitScore value='35820'/>
		<unitScore value='35820'/>
		<killScore value='48950'/>
		<buildingScore value='7525'/>
		<razingScore value='12525'/>
		<mineralScore value='32830'/>
		<gasScore value='12752'/>
		<totalScore value='150402'/>
	</enemy>

	<scoreRatio value='0.606694'/>
</results>
