<results>
	<result value='win'/>
	<start value='2014-07-23.00:00:03'/>
	<end value='2014-07-23.00:00:23'/>
	<frames value='23872'/>
	<gameDuration value='1492'/>

	<player>
		<unitScore value='11300'/>
		<killScore value='9800'/>
		<buildingScore value='2875'/>
		<razingScore value='9525'/>
		<mineralScore value='15638'/>
		<gasScore value='1688'/>
		<totalScore value='50826'/>
	</player>

	<enemy>
		<race value='Protoss'/>
		<unitScore value='4900'/>
		<unitScore value='4900'/>
		<killScore value='5700'/>
		<buildingScore value='3175'/>
		<razingScore value='0'/>
		<mineralScore value='8314'/>
		<gasScore value='1408'/>
		<totalScore value='23497'/>
	</enemy>

	<scoreRatio value='2.16308'/>
</results>
