<results>
	<result value='draw'/>
	<start value='2015-05-03.13:05:56'/>
	<end value='2015-05-03.13:07:03'/>
	<frames value='57601'/>
	<gameDuration value='3600'/>

	<player>
		<unitScore value='26850'/>
		<killScore value='29200'/>
		<buildingScore value='3175'/>
		<razingScore value='150'/>
		<mineralScore value='31726'/>
		<gasScore value='6632'/>
		<totalScore value='97733'/>
	</player>

	<enemy>
		<race value='Terran'/>
		<unitScore value='29800'/>
		<unitScore value='29800'/>
		<killScore value='40550'/>
		<buildingScore value='4775'/>
		<razingScore value='3375'/>
		<mineralScore value='31058'/>
		<gasScore value='11666'/>
		<totalScore value='121224'/>
	</enemy>

	<scoreRatio value='0.806218'/>
	<timeFitness value='0.5'/>
	<unitsAverage value='101'/>
</results>
