<results>
	<result value='win'/>
	<start value='2015-05-03.13:12:35'/>
	<end value='2015-05-03.13:12:50'/>
	<frames value='21981'/>
	<gameDuration value='1373'/>

	<player>
		<unitScore value='9700'/>
		<killScore value='12050'/>
		<buildingScore value='2175'/>
		<razingScore value='6375'/>
		<mineralScore value='11682'/>
		<gasScore value='1688'/>
		<totalScore value='43670'/>
	</player>

	<enemy>
		<race value='Terran'/>
		<unitScore value='6025'/>
		<unitScore value='6025'/>
		<killScore value='5200'/>
		<buildingScore value='2200'/>
		<razingScore value='300'/>
		<mineralScore value='8418'/>
		<gasScore value='2696'/>
		<totalScore value='24839'/>
	</enemy>

	<scoreRatio value='1.75812'/>
	<timeFitness value='0.809306'/>
	<unitsAverage value='58'/>
</results>
