<results>
	<result value='win'/>
	<start value='2014-07-23.15:26:40'/>
	<end value='2014-07-23.15:27:02'/>
	<frames value='23996'/>
	<gameDuration value='1499'/>

	<player>
		<unitScore value='14750'/>
		<killScore value='23220'/>
		<buildingScore value='3500'/>
		<razingScore value='6420'/>
		<mineralScore value='22402'/>
		<gasScore value='2072'/>
		<totalScore value='72364'/>
	</player>

	<enemy>
		<race value='Zerg'/>
		<unitScore value='10200'/>
		<unitScore value='10200'/>
		<killScore value='9500'/>
		<buildingScore value='2140'/>
		<razingScore value='375'/>
		<mineralScore value='10658'/>
		<gasScore value='3064'/>
		<totalScore value='35937'/>
	</enemy>

	<scoreRatio value='2.01363'/>
</results>
