<results>
	<result value='win'/>
	<start value='2014-07-23.15:31:45'/>
	<end value='2014-07-23.15:33:04'/>
	<frames value='48455'/>
	<gameDuration value='3028'/>

	<player>
		<unitScore value='26350'/>
		<killScore value='52060'/>
		<buildingScore value='4325'/>
		<razingScore value='6975'/>
		<mineralScore value='40338'/>
		<gasScore value='7318'/>
		<totalScore value='137366'/>
	</player>

	<enemy>
		<race value='Zerg'/>
		<unitScore value='23375'/>
		<unitScore value='23375'/>
		<killScore value='30150'/>
		<buildingScore value='2325'/>
		<razingScore value='0'/>
		<mineralScore value='22458'/>
		<gasScore value='6492'/>
		<totalScore value='84800'/>
	</enemy>

	<scoreRatio value='1.61988'/>
</results>
