<results>
	<result value='win'/>
	<start value='2014-07-23.15:45:04'/>
	<end value='2014-07-23.15:46:00'/>
	<frames value='39744'/>
	<gameDuration value='2484'/>

	<player>
		<unitScore value='22850'/>
		<killScore value='52960'/>
		<buildingScore value='3850'/>
		<razingScore value='10890'/>
		<mineralScore value='32078'/>
		<gasScore value='4496'/>
		<totalScore value='127124'/>
	</player>

	<enemy>
		<race value='Zerg'/>
		<unitScore value='25850'/>
		<unitScore value='25850'/>
		<killScore value='19950'/>
		<buildingScore value='3630'/>
		<razingScore value='375'/>
		<mineralScore value='21250'/>
		<gasScore value='8350'/>
		<totalScore value='79405'/>
	</enemy>

	<scoreRatio value='1.60096'/>
</results>
