<results>
	<result value='loss'/>
	<start value='2015-07-20.06:02:33'/>
	<end value='2015-07-20.06:03:40'/>
	<frames value='40054'/>
	<gameDuration value='2503'/>

	<player>
		<unitScore value='23100'/>
		<killScore value='26960'/>
		<buildingScore value='3400'/>
		<razingScore value='2355'/>
		<mineralScore value='24578'/>
		<gasScore value='2976'/>
		<totalScore value='83369'/>
	</player>

	<enemy>
		<race value='Zerg'/>
		<unitScore value='22150'/>
		<killScore value='43950'/>
		<buildingScore value='4465'/>
		<razingScore value='10200'/>
		<mineralScore value='26010'/>
		<gasScore value='7154'/>
		<totalScore value='113929'/>
	</enemy>

	<scoreRatio value='0.731763'/>
	<timeFitness value='0.347639'/>
	<unitsAverage value='94'/>
</results>
