<results>
	<result value='loss'/>
	<start value='2015-07-20.06:13:08'/>
	<end value='2015-07-20.06:13:51'/>
	<frames value='30475'/>
	<gameDuration value='1904'/>

	<player>
		<unitScore value='15600'/>
		<killScore value='10050'/>
		<buildingScore value='4325'/>
		<razingScore value='0'/>
		<mineralScore value='17930'/>
		<gasScore value='2776'/>
		<totalScore value='50681'/>
	</player>

	<enemy>
		<race value='Zerg'/>
		<unitScore value='16900'/>
		<killScore value='31200'/>
		<buildingScore value='3895'/>
		<razingScore value='12975'/>
		<mineralScore value='18394'/>
		<gasScore value='6720'/>
		<totalScore value='90084'/>
	</enemy>

	<scoreRatio value='0.562597'/>
	<timeFitness value='0.264444'/>
	<unitsAverage value='71'/>
</results>
