<results>
	<result value='loss'/>
	<start value='2015-04-30.16:36:23'/>
	<end value='2015-04-30.16:37:14'/>
	<frames value='47742'/>
	<gameDuration value='2983'/>

	<player>
		<unitScore value='22400'/>
		<killScore value='31500'/>
		<buildingScore value='3200'/>
		<razingScore value='3900'/>
		<mineralScore value='24322'/>
		<gasScore value='3296'/>
		<totalScore value='88618'/>
	</player>

	<enemy>
		<race value='Protoss'/>
		<unitScore value='33575'/>
		<unitScore value='33575'/>
		<killScore value='44800'/>
		<buildingScore value='8525'/>
		<razingScore value='9600'/>
		<mineralScore value='32654'/>
		<gasScore value='10070'/>
		<totalScore value='139224'/>
	</enemy>

	<scoreRatio value='0.636514'/>
</results>
