<results>
	<result value='draw'/>
	<start value='2015-04-30.16:42:10'/>
	<end value='2015-04-30.16:43:38'/>
	<frames value='57601'/>
	<gameDuration value='3600'/>

	<player>
		<unitScore value='35000'/>
		<killScore value='59400'/>
		<buildingScore value='3000'/>
		<razingScore value='11100'/>
		<mineralScore value='35922'/>
		<gasScore value='5168'/>
		<totalScore value='149590'/>
	</player>

	<enemy>
		<race value='Protoss'/>
		<unitScore value='35925'/>
		<unitScore value='35925'/>
		<killScore value='53150'/>
		<buildingScore value='6575'/>
		<razingScore value='0'/>
		<mineralScore value='27050'/>
		<gasScore value='10670'/>
		<totalScore value='133370'/>
	</enemy>

	<scoreRatio value='1.12162'/>
</results>
