<results>
	<result value='draw'/>
	<start value='2015-07-12.21:17:53'/>
	<end value='2015-07-12.21:19:39'/>
	<frames value='57601'/>
	<gameDuration value='3600'/>

	<player>
		<unitScore value='37075'/>
		<killScore value='16450'/>
		<buildingScore value='4250'/>
		<razingScore value='225'/>
		<mineralScore value='31454'/>
		<gasScore value='6506'/>
		<totalScore value='95960'/>
	</player>

	<enemy>
		<race value='Terran'/>
		<unitScore value='25600'/>
		<killScore value='65450'/>
		<buildingScore value='5350'/>
		<razingScore value='3600'/>
		<mineralScore value='30446'/>
		<gasScore value='11636'/>
		<totalScore value='142082'/>
	</enemy>

	<scoreRatio value='0.675385'/>
	<timeFitness value='0.5'/>
	<unitsAverage value='93'/>
</results>
