<results>
	<result value='loss'/>
	<start value='2015-07-12.21:23:11'/>
	<end value='2015-07-12.21:23:26'/>
	<frames value='21795'/>
	<gameDuration value='1362'/>

	<player>
		<unitScore value='9350'/>
		<killScore value='3550'/>
		<buildingScore value='2200'/>
		<razingScore value='0'/>
		<mineralScore value='10322'/>
		<gasScore value='1464'/>
		<totalScore value='26886'/>
	</player>

	<enemy>
		<race value='Terran'/>
		<unitScore value='7950'/>
		<killScore value='17450'/>
		<buildingScore value='2550'/>
		<razingScore value='6600'/>
		<mineralScore value='10210'/>
		<gasScore value='3672'/>
		<totalScore value='48432'/>
	</enemy>

	<scoreRatio value='0.555129'/>
	<timeFitness value='0.189167'/>
	<unitsAverage value='39'/>
</results>
