<results>
	<result value='loss'/>
	<start value='2015-07-12.21:30:51'/>
	<end value='2015-07-12.21:31:05'/>
	<frames value='24182'/>
	<gameDuration value='1511'/>

	<player>
		<unitScore value='7625'/>
		<killScore value='5400'/>
		<buildingScore value='1750'/>
		<razingScore value='0'/>
		<mineralScore value='7506'/>
		<gasScore value='1400'/>
		<totalScore value='23681'/>
	</player>

	<enemy>
		<race value='Terran'/>
		<unitScore value='9900'/>
		<killScore value='15250'/>
		<buildingScore value='3575'/>
		<razingScore value='5250'/>
		<mineralScore value='12122'/>
		<gasScore value='5160'/>
		<totalScore value='51257'/>
	</enemy>

	<scoreRatio value='0.462005'/>
	<timeFitness value='0.209861'/>
	<unitsAverage value='29'/>
</results>
