<results>
	<result value='win'/>
	<start value='2015-04-27.15:30:19'/>
	<end value='2015-04-27.15:31:06'/>
	<frames value='45138'/>
	<gameDuration value='2821'/>

	<player>
		<unitScore value='23325'/>
		<killScore value='35700'/>
		<buildingScore value='3025'/>
		<razingScore value='12900'/>
		<mineralScore value='24146'/>
		<gasScore value='3464'/>
		<totalScore value='102560'/>
	</player>

	<enemy>
		<race value='Terran'/>
		<unitScore value='20250'/>
		<unitScore value='20250'/>
		<killScore value='34700'/>
		<buildingScore value='4475'/>
		<razingScore value='2700'/>
		<mineralScore value='16482'/>
		<gasScore value='8192'/>
		<totalScore value='86799'/>
	</enemy>

	<scoreRatio value='1.18158'/>
</results>
