<results>
	<result value='win'/>
	<start value='2015-04-27.15:34:11'/>
	<end value='2015-04-27.15:34:41'/>
	<frames value='24895'/>
	<gameDuration value='1555'/>

	<player>
		<unitScore value='13475'/>
		<killScore value='19550'/>
		<buildingScore value='3725'/>
		<razingScore value='8325'/>
		<mineralScore value='24730'/>
		<gasScore value='1936'/>
		<totalScore value='71741'/>
	</player>

	<enemy>
		<race value='Terran'/>
		<unitScore value='9775'/>
		<unitScore value='9775'/>
		<killScore value='7000'/>
		<buildingScore value='2850'/>
		<razingScore value='0'/>
		<mineralScore value='9578'/>
		<gasScore value='3680'/>
		<totalScore value='32883'/>
	</enemy>

	<scoreRatio value='2.1817'/>
</results>
