<results>
	<result value='win'/>
	<start value='2015-04-27.15:37:00'/>
	<end value='2015-04-27.15:37:29'/>
	<frames value='26910'/>
	<gameDuration value='1681'/>

	<player>
		<unitScore value='14350'/>
		<killScore value='24600'/>
		<buildingScore value='3450'/>
		<razingScore value='7200'/>
		<mineralScore value='21706'/>
		<gasScore value='2072'/>
		<totalScore value='73378'/>
	</player>

	<enemy>
		<race value='Terran'/>
		<unitScore value='12700'/>
		<unitScore value='12700'/>
		<killScore value='10650'/>
		<buildingScore value='2400'/>
		<razingScore value='225'/>
		<mineralScore value='11262'/>
		<gasScore value='3992'/>
		<totalScore value='41229'/>
	</enemy>

	<scoreRatio value='1.77977'/>
</results>
