<results>
	<result value='loss'/>
	<start value='2015-07-21.01:52:53'/>
	<end value='2015-07-21.01:53:36'/>
	<frames value='31157'/>
	<gameDuration value='1947'/>

	<player>
		<unitScore value='14400'/>
		<killScore value='14650'/>
		<buildingScore value='3450'/>
		<razingScore value='0'/>
		<mineralScore value='15778'/>
		<gasScore value='1984'/>
		<totalScore value='50262'/>
	</player>

	<enemy>
		<race value='Zerg'/>
		<unitScore value='17900'/>
		<killScore value='28800'/>
		<buildingScore value='3935'/>
		<razingScore value='10350'/>
		<mineralScore value='19014'/>
		<gasScore value='6814'/>
		<totalScore value='86813'/>
	</enemy>

	<scoreRatio value='0.578969'/>
	<timeFitness value='0.270417'/>
	<unitsAverage value='59'/>
</results>
