<results>
	<result value='loss'/>
	<start value='2015-07-21.01:55:29'/>
	<end value='2015-07-21.01:55:42'/>
	<frames value='17889'/>
	<gameDuration value='1118'/>

	<player>
		<unitScore value='5125'/>
		<killScore value='2000'/>
		<buildingScore value='1350'/>
		<razingScore value='0'/>
		<mineralScore value='4506'/>
		<gasScore value='1416'/>
		<totalScore value='14397'/>
	</player>

	<enemy>
		<race value='Zerg'/>
		<unitScore value='7825'/>
		<killScore value='10250'/>
		<buildingScore value='1735'/>
		<razingScore value='4050'/>
		<mineralScore value='8074'/>
		<gasScore value='2392'/>
		<totalScore value='34326'/>
	</enemy>

	<scoreRatio value='0.41942'/>
	<timeFitness value='0.155278'/>
	<unitsAverage value='23'/>
</results>
