<results>
	<result value='win'/>
	<start value='2015-05-08.19:33:04'/>
	<end value='2015-05-08.19:34:28'/>
	<frames value='48176'/>
	<gameDuration value='3011'/>

	<player>
		<unitScore value='20050'/>
		<killScore value='34750'/>
		<buildingScore value='5325'/>
		<razingScore value='13800'/>
		<mineralScore value='30330'/>
		<gasScore value='6256'/>
		<totalScore value='110511'/>
	</player>

	<enemy>
		<race value='Terran'/>
		<unitScore value='18175'/>
		<unitScore value='18175'/>
		<killScore value='20650'/>
		<buildingScore value='4600'/>
		<razingScore value='6600'/>
		<mineralScore value='20754'/>
		<gasScore value='6662'/>
		<totalScore value='77441'/>
	</enemy>

	<scoreRatio value='1.42703'/>
	<timeFitness value='0.581806'/>
	<unitsAverage value='86'/>
</results>
