<results>
	<result value='win'/>
	<start value='2015-05-08.19:38:00'/>
	<end value='2015-05-08.19:38:25'/>
	<frames value='18447'/>
	<gameDuration value='1152'/>

	<player>
		<unitScore value='8875'/>
		<killScore value='10800'/>
		<buildingScore value='2800'/>
		<razingScore value='4350'/>
		<mineralScore value='13450'/>
		<gasScore value='1072'/>
		<totalScore value='41347'/>
	</player>

	<enemy>
		<race value='Terran'/>
		<unitScore value='5400'/>
		<unitScore value='5400'/>
		<killScore value='3850'/>
		<buildingScore value='1450'/>
		<razingScore value='0'/>
		<mineralScore value='8666'/>
		<gasScore value='2176'/>
		<totalScore value='21542'/>
	</enemy>

	<scoreRatio value='1.91937'/>
	<timeFitness value='0.84'/>
	<unitsAverage value='62'/>
</results>
