<results>
	<result value='win'/>
	<start value='2015-04-30.21:10:35'/>
	<end value='2015-04-30.21:11:15'/>
	<frames value='27406'/>
	<gameDuration value='1712'/>

	<player>
		<unitScore value='17375'/>
		<killScore value='23600'/>
		<buildingScore value='4475'/>
		<razingScore value='16425'/>
		<mineralScore value='26262'/>
		<gasScore value='1816'/>
		<totalScore value='89953'/>
	</player>

	<enemy>
		<race value='Protoss'/>
		<unitScore value='12250'/>
		<unitScore value='12250'/>
		<killScore value='14350'/>
		<buildingScore value='5475'/>
		<razingScore value='0'/>
		<mineralScore value='17554'/>
		<gasScore value='3272'/>
		<totalScore value='52901'/>
	</enemy>

	<scoreRatio value='1.7004'/>
</results>
