<results>
	<result value='loss'/>
	<start value='2014-07-24.00:50:14'/>
	<end value='2014-07-24.00:50:50'/>
	<frames value='51276'/>
	<gameDuration value='3204'/>

	<player>
		<unitScore value='21350'/>
		<killScore value='27300'/>
		<buildingScore value='3300'/>
		<razingScore value='0'/>
		<mineralScore value='24090'/>
		<gasScore value='4224'/>
		<totalScore value='80264'/>
	</player>

	<enemy>
		<race value='Terran'/>
		<unitScore value='40100'/>
		<unitScore value='40100'/>
		<killScore value='42700'/>
		<buildingScore value='5075'/>
		<razingScore value='9900'/>
		<mineralScore value='26362'/>
		<gasScore value='16476'/>
		<totalScore value='140613'/>
	</enemy>

	<scoreRatio value='0.570815'/>
</results>
