<results>
	<result value='draw'/>
	<start value='2014-07-24.00:51:09'/>
	<end value='2014-07-24.00:52:15'/>
	<frames value='57601'/>
	<gameDuration value='3600'/>

	<player>
		<unitScore value='33650'/>
		<killScore value='33850'/>
		<buildingScore value='4300'/>
		<razingScore value='2175'/>
		<mineralScore value='31614'/>
		<gasScore value='4792'/>
		<totalScore value='110381'/>
	</player>

	<enemy>
		<race value='Terran'/>
		<unitScore value='29125'/>
		<unitScore value='29125'/>
		<killScore value='52450'/>
		<buildingScore value='4800'/>
		<razingScore value='4200'/>
		<mineralScore value='21350'/>
		<gasScore value='13310'/>
		<totalScore value='125235'/>
	</enemy>

	<scoreRatio value='0.881391'/>
</results>
