<results>
	<result value='win'/>
	<start value='2014-07-24.00:59:04'/>
	<end value='2014-07-24.00:59:31'/>
	<frames value='32366'/>
	<gameDuration value='2022'/>

	<player>
		<unitScore value='15900'/>
		<killScore value='28700'/>
		<buildingScore value='4375'/>
		<razingScore value='8025'/>
		<mineralScore value='26306'/>
		<gasScore value='2616'/>
		<totalScore value='85922'/>
	</player>

	<enemy>
		<race value='Terran'/>
		<unitScore value='14350'/>
		<unitScore value='14350'/>
		<killScore value='11650'/>
		<buildingScore value='2750'/>
		<razingScore value='1800'/>
		<mineralScore value='12098'/>
		<gasScore value='4832'/>
		<totalScore value='47480'/>
	</enemy>

	<scoreRatio value='1.80965'/>
</results>
