<results>
	<result value='loss'/>
	<start value='2015-07-14.11:57:04'/>
	<end value='2015-07-14.11:58:00'/>
	<frames value='37047'/>
	<gameDuration value='2315'/>

	<player>
		<unitScore value='24675'/>
		<killScore value='10700'/>
		<buildingScore value='3700'/>
		<razingScore value='0'/>
		<mineralScore value='28162'/>
		<gasScore value='3416'/>
		<totalScore value='70653'/>
	</player>

	<enemy>
		<race value='Protoss'/>
		<unitScore value='25600'/>
		<killScore value='47300'/>
		<buildingScore value='7500'/>
		<razingScore value='11100'/>
		<mineralScore value='27374'/>
		<gasScore value='9500'/>
		<totalScore value='128374'/>
	</enemy>

	<scoreRatio value='0.550368'/>
	<timeFitness value='0.321528'/>
	<unitsAverage value='79'/>
</results>
