<results>
	<result value='win'/>
	<start value='2015-05-10.22:36:50'/>
	<end value='2015-05-10.22:37:31'/>
	<frames value='24585'/>
	<gameDuration value='1536'/>

	<player>
		<unitScore value='15675'/>
		<killScore value='21270'/>
		<buildingScore value='3700'/>
		<razingScore value='5895'/>
		<mineralScore value='21186'/>
		<gasScore value='2176'/>
		<totalScore value='69902'/>
	</player>

	<enemy>
		<race value='Zerg'/>
		<unitScore value='9775'/>
		<unitScore value='9775'/>
		<killScore value='10900'/>
		<buildingScore value='1965'/>
		<razingScore value='0'/>
		<mineralScore value='9490'/>
		<gasScore value='2744'/>
		<totalScore value='34874'/>
	</enemy>

	<scoreRatio value='2.00442'/>
	<timeFitness value='0.786667'/>
	<unitsAverage value='86'/>
</results>
