<results>
	<result value='win'/>
	<start value='2015-05-10.22:37:35'/>
	<end value='2015-05-10.22:38:15'/>
	<frames value='23717'/>
	<gameDuration value='1482'/>

	<player>
		<unitScore value='16375'/>
		<killScore value='22910'/>
		<buildingScore value='4450'/>
		<razingScore value='4680'/>
		<mineralScore value='22530'/>
		<gasScore value='1536'/>
		<totalScore value='72481'/>
	</player>

	<enemy>
		<race value='Zerg'/>
		<unitScore value='10450'/>
		<unitScore value='10450'/>
		<killScore value='11500'/>
		<buildingScore value='1560'/>
		<razingScore value='0'/>
		<mineralScore value='9530'/>
		<gasScore value='3224'/>
		<totalScore value='36264'/>
	</enemy>

	<scoreRatio value='1.9987'/>
	<timeFitness value='0.794167'/>
	<unitsAverage value='90'/>
</results>
