<results>
	<result value='win'/>
	<start value='2014-07-24.02:20:41'/>
	<end value='2014-07-24.02:20:57'/>
	<frames value='23128'/>
	<gameDuration value='1445'/>

	<player>
		<unitScore value='9675'/>
		<killScore value='16700'/>
		<buildingScore value='3500'/>
		<razingScore value='7725'/>
		<mineralScore value='16918'/>
		<gasScore value='2096'/>
		<totalScore value='56614'/>
	</player>

	<enemy>
		<race value='Terran'/>
		<unitScore value='8350'/>
		<unitScore value='8350'/>
		<killScore value='4100'/>
		<buildingScore value='2575'/>
		<razingScore value='300'/>
		<mineralScore value='10602'/>
		<gasScore value='3224'/>
		<totalScore value='29151'/>
	</enemy>

	<scoreRatio value='1.94209'/>
</results>
