<results>
	<result value='draw'/>
	<start value='2015-05-06.03:59:52'/>
	<end value='2015-05-06.04:01:25'/>
	<frames value='57601'/>
	<gameDuration value='3600'/>

	<player>
		<unitScore value='24425'/>
		<killScore value='30350'/>
		<buildingScore value='4700'/>
		<razingScore value='18675'/>
		<mineralScore value='43138'/>
		<gasScore value='5728'/>
		<totalScore value='127016'/>
	</player>

	<enemy>
		<race value='Protoss'/>
		<unitScore value='15975'/>
		<unitScore value='15975'/>
		<killScore value='25400'/>
		<buildingScore value='6675'/>
		<razingScore value='150'/>
		<mineralScore value='18086'/>
		<gasScore value='4768'/>
		<totalScore value='71054'/>
	</enemy>

	<scoreRatio value='1.7876'/>
	<timeFitness value='0.5'/>
	<unitsAverage value='163'/>
</results>
