<results>
	<result value='win'/>
	<start value='2015-05-06.04:03:44'/>
	<end value='2015-05-06.04:04:20'/>
	<frames value='37388'/>
	<gameDuration value='2336'/>

	<player>
		<unitScore value='21525'/>
		<killScore value='24150'/>
		<buildingScore value='3800'/>
		<razingScore value='20025'/>
		<mineralScore value='25298'/>
		<gasScore value='3728'/>
		<totalScore value='98526'/>
	</player>

	<enemy>
		<race value='Protoss'/>
		<unitScore value='13500'/>
		<unitScore value='13500'/>
		<killScore value='22500'/>
		<buildingScore value='6675'/>
		<razingScore value='150'/>
		<mineralScore value='18498'/>
		<gasScore value='4584'/>
		<totalScore value='65907'/>
	</enemy>

	<scoreRatio value='1.49492'/>
	<timeFitness value='0.675556'/>
	<unitsAverage value='99'/>
</results>
