<results>
	<result value='loss'/>
	<start value='2015-07-15.00:03:07'/>
	<end value='2015-07-15.00:04:21'/>
	<frames value='45479'/>
	<gameDuration value='2842'/>

	<player>
		<unitScore value='28050'/>
		<killScore value='13500'/>
		<buildingScore value='3550'/>
		<razingScore value='300'/>
		<mineralScore value='31434'/>
		<gasScore value='3856'/>
		<totalScore value='80690'/>
	</player>

	<enemy>
		<race value='Protoss'/>
		<unitScore value='26330'/>
		<killScore value='56100'/>
		<buildingScore value='7400'/>
		<razingScore value='10650'/>
		<mineralScore value='30130'/>
		<gasScore value='10460'/>
		<totalScore value='141070'/>
	</enemy>

	<scoreRatio value='0.571986'/>
	<timeFitness value='0.394722'/>
	<unitsAverage value='125'/>
</results>
