<results>
	<result value='loss'/>
	<start value='2015-05-07.14:01:08'/>
	<end value='2015-05-07.14:01:43'/>
	<frames value='43557'/>
	<gameDuration value='2722'/>

	<player>
		<unitScore value='19375'/>
		<killScore value='20550'/>
		<buildingScore value='2400'/>
		<razingScore value='2100'/>
		<mineralScore value='23994'/>
		<gasScore value='1744'/>
		<totalScore value='70163'/>
	</player>

	<enemy>
		<race value='Protoss'/>
		<unitScore value='30775'/>
		<unitScore value='30775'/>
		<killScore value='38750'/>
		<buildingScore value='8225'/>
		<razingScore value='7200'/>
		<mineralScore value='30162'/>
		<gasScore value='10938'/>
		<totalScore value='126050'/>
	</enemy>

	<scoreRatio value='0.556628'/>
	<timeFitness value='0.378056'/>
	<unitsAverage value='76'/>
</results>
