<results>
	<result value='win'/>
	<start value='2015-04-27.13:42:33'/>
	<end value='2015-04-27.13:42:43'/>
	<frames value='19408'/>
	<gameDuration value='1213'/>

	<player>
		<unitScore value='9450'/>
		<killScore value='12700'/>
		<buildingScore value='2600'/>
		<razingScore value='4350'/>
		<mineralScore value='12762'/>
		<gasScore value='1752'/>
		<totalScore value='43614'/>
	</player>

	<enemy>
		<race value='Terran'/>
		<unitScore value='6350'/>
		<unitScore value='6350'/>
		<killScore value='7300'/>
		<buildingScore value='1450'/>
		<razingScore value='150'/>
		<mineralScore value='8890'/>
		<gasScore value='2304'/>
		<totalScore value='26444'/>
	</enemy>

	<scoreRatio value='1.6493'/>
</results>
