<results>
	<result value='loss'/>
	<start value='2015-05-09.13:55:55'/>
	<end value='2015-05-09.13:56:12'/>
	<frames value='23190'/>
	<gameDuration value='1449'/>

	<player>
		<unitScore value='6575'/>
		<killScore value='4600'/>
		<buildingScore value='2300'/>
		<razingScore value='1200'/>
		<mineralScore value='9098'/>
		<gasScore value='1360'/>
		<totalScore value='25133'/>
	</player>

	<enemy>
		<race value='Terran'/>
		<unitScore value='7825'/>
		<unitScore value='7825'/>
		<killScore value='13150'/>
		<buildingScore value='3100'/>
		<razingScore value='6900'/>
		<mineralScore value='11010'/>
		<gasScore value='3992'/>
		<totalScore value='45977'/>
	</enemy>

	<scoreRatio value='0.546643'/>
	<timeFitness value='0.20125'/>
	<unitsAverage value='33'/>
</results>
