<results>
	<result value='win'/>
	<start value='2015-05-03.02:02:54'/>
	<end value='2015-05-03.02:03:20'/>
	<frames value='21392'/>
	<gameDuration value='1337'/>

	<player>
		<unitScore value='10400'/>
		<killScore value='20010'/>
		<buildingScore value='2700'/>
		<razingScore value='4920'/>
		<mineralScore value='12826'/>
		<gasScore value='1992'/>
		<totalScore value='52848'/>
	</player>

	<enemy>
		<race value='Zerg'/>
		<unitScore value='9175'/>
		<unitScore value='9175'/>
		<killScore value='8900'/>
		<buildingScore value='1640'/>
		<razingScore value='0'/>
		<mineralScore value='8954'/>
		<gasScore value='2536'/>
		<totalScore value='31205'/>
	</enemy>

	<scoreRatio value='1.69357'/>
	<timeFitness value='0.814306'/>
	<unitsAverage value='56'/>
</results>
