<results>
	<result value='win'/>
	<start value='2015-07-09.05:38:01'/>
	<end value='2015-07-09.05:38:26'/>
	<frames value='19718'/>
	<gameDuration value='1232'/>

	<player>
		<unitScore value='8600'/>
		<killScore value='9700'/>
		<buildingScore value='3025'/>
		<razingScore value='3975'/>
		<mineralScore value='10250'/>
		<gasScore value='1504'/>
		<totalScore value='37054'/>
	</player>

	<enemy>
		<race value='Terran'/>
		<unitScore value='4850'/>
		<killScore value='4750'/>
		<buildingScore value='1325'/>
		<razingScore value='1350'/>
		<mineralScore value='7474'/>
		<gasScore value='1328'/>
		<totalScore value='21077'/>
	</enemy>

	<scoreRatio value='1.75803'/>
	<timeFitness value='0.828889'/>
	<unitsAverage value='49'/>
</results>
