<results>
	<result value='win'/>
	<start value='2015-04-30.02:33:09'/>
	<end value='2015-04-30.02:34:01'/>
	<frames value='30723'/>
	<gameDuration value='1920'/>

	<player>
		<unitScore value='24550'/>
		<killScore value='30080'/>
		<buildingScore value='4625'/>
		<razingScore value='4560'/>
		<mineralScore value='30586'/>
		<gasScore value='3264'/>
		<totalScore value='97665'/>
	</player>

	<enemy>
		<race value='Zerg'/>
		<unitScore value='14750'/>
		<unitScore value='14750'/>
		<killScore value='24300'/>
		<buildingScore value='1520'/>
		<razingScore value='0'/>
		<mineralScore value='11974'/>
		<gasScore value='4232'/>
		<totalScore value='56776'/>
	</enemy>

	<scoreRatio value='1.72018'/>
	<timeFitness value='0.733333'/>
	<unitsAverage value='111'/>
</results>
