<results>
	<result value='loss'/>
	<start value='2015-04-07.19:16:18'/>
	<end value='2015-04-07.19:16:28'/>
	<frames value='16215'/>
	<gameDuration value='1013'/>

	<player>
		<unitScore value='3375'/>
		<killScore value='2200'/>
		<buildingScore value='1475'/>
		<razingScore value='0'/>
		<mineralScore value='4770'/>
		<gasScore value='680'/>
		<totalScore value='12500'/>
	</player>

	<enemy>
		<race value='Protoss'/>
		<unitScore value='3550'/>
		<unitScore value='3550'/>
		<killScore value='6750'/>
		<buildingScore value='3375'/>
		<razingScore value='4425'/>
		<mineralScore value='8458'/>
		<gasScore value='1376'/>
		<totalScore value='27934'/>
	</enemy>

	<scoreRatio value='0.447483'/>
</results>
