<results>
	<result value='loss'/>
	<start value='2015-05-03.04:46:05'/>
	<end value='2015-05-03.04:46:11'/>
	<frames value='16277'/>
	<gameDuration value='1017'/>

	<player>
		<unitScore value='3900'/>
		<killScore value='800'/>
		<buildingScore value='1825'/>
		<razingScore value='0'/>
		<mineralScore value='5802'/>
		<gasScore value='0'/>
		<totalScore value='12327'/>
	</player>

	<enemy>
		<race value='Protoss'/>
		<unitScore value='3650'/>
		<unitScore value='3650'/>
		<killScore value='7800'/>
		<buildingScore value='3825'/>
		<razingScore value='5475'/>
		<mineralScore value='8618'/>
		<gasScore value='1440'/>
		<totalScore value='30808'/>
	</enemy>

	<scoreRatio value='0.400123'/>
	<timeFitness value='0.14125'/>
	<unitsAverage value='24'/>
</results>
