<results>
	<result value='win'/>
	<start value='2014-07-22.18:19:29'/>
	<end value='2014-07-22.18:20:41'/>
	<frames value='56856'/>
	<gameDuration value='3553'/>

	<player>
		<unitScore value='35025'/>
		<killScore value='47050'/>
		<buildingScore value='4300'/>
		<razingScore value='13425'/>
		<mineralScore value='42206'/>
		<gasScore value='6402'/>
		<totalScore value='148408'/>
	</player>

	<enemy>
		<race value='Terran'/>
		<unitScore value='29150'/>
		<unitScore value='29150'/>
		<killScore value='51750'/>
		<buildingScore value='4475'/>
		<razingScore value='1950'/>
		<mineralScore value='19550'/>
		<gasScore value='11616'/>
		<totalScore value='118491'/>
	</enemy>

	<scoreRatio value='1.25248'/>
</results>
