<results>
	<result value='win'/>
	<start value='2015-05-05.00:13:44'/>
	<end value='2015-05-05.00:14:23'/>
	<frames value='30723'/>
	<gameDuration value='1920'/>

	<player>
		<unitScore value='19300'/>
		<killScore value='27600'/>
		<buildingScore value='3925'/>
		<razingScore value='13425'/>
		<mineralScore value='34214'/>
		<gasScore value='3096'/>
		<totalScore value='101560'/>
	</player>

	<enemy>
		<race value='Protoss'/>
		<unitScore value='14025'/>
		<unitScore value='14025'/>
		<killScore value='15900'/>
		<buildingScore value='4475'/>
		<razingScore value='0'/>
		<mineralScore value='18966'/>
		<gasScore value='2800'/>
		<totalScore value='56166'/>
	</enemy>

	<scoreRatio value='1.80821'/>
	<timeFitness value='0.733333'/>
	<unitsAverage value='121'/>
</results>
