<results>
	<result value='loss'/>
	<start value='2015-05-05.03:33:14'/>
	<end value='2015-05-05.03:33:23'/>
	<frames value='18974'/>
	<gameDuration value='1185'/>

	<player>
		<unitScore value='3375'/>
		<killScore value='2500'/>
		<buildingScore value='1825'/>
		<razingScore value='0'/>
		<mineralScore value='5426'/>
		<gasScore value='704'/>
		<totalScore value='13830'/>
	</player>

	<enemy>
		<race value='Terran'/>
		<unitScore value='7125'/>
		<unitScore value='7125'/>
		<killScore value='6750'/>
		<buildingScore value='2850'/>
		<razingScore value='5475'/>
		<mineralScore value='8714'/>
		<gasScore value='3176'/>
		<totalScore value='34090'/>
	</enemy>

	<scoreRatio value='0.405691'/>
	<timeFitness value='0.164583'/>
	<unitsAverage value='27'/>
</results>
