<results>
	<result value='win'/>
	<start value='2015-05-05.03:35:21'/>
	<end value='2015-05-05.03:35:36'/>
	<frames value='23841'/>
	<gameDuration value='1490'/>

	<player>
		<unitScore value='9700'/>
		<killScore value='21600'/>
		<buildingScore value='2650'/>
		<razingScore value='7050'/>
		<mineralScore value='13510'/>
		<gasScore value='2008'/>
		<totalScore value='56518'/>
	</player>

	<enemy>
		<race value='Terran'/>
		<unitScore value='10800'/>
		<unitScore value='10800'/>
		<killScore value='9400'/>
		<buildingScore value='2350'/>
		<razingScore value='1500'/>
		<mineralScore value='10462'/>
		<gasScore value='3512'/>
		<totalScore value='38024'/>
	</enemy>

	<scoreRatio value='1.48638'/>
	<timeFitness value='0.793056'/>
	<unitsAverage value='55'/>
</results>
