<results>
	<result value='draw'/>
	<start value='2015-07-09.01:06:08'/>
	<end value='2015-07-09.01:09:35'/>
	<frames value='57601'/>
	<gameDuration value='3600'/>

	<player>
		<unitScore value='39825'/>
		<killScore value='17600'/>
		<buildingScore value='4425'/>
		<razingScore value='1350'/>
		<mineralScore value='44186'/>
		<gasScore value='9410'/>
		<totalScore value='116796'/>
	</player>

	<enemy>
		<race value='Terran'/>
		<unitScore value='11950'/>
		<killScore value='44400'/>
		<buildingScore value='3625'/>
		<razingScore value='1950'/>
		<mineralScore value='12042'/>
		<gasScore value='6444'/>
		<totalScore value='80411'/>
	</enemy>

	<scoreRatio value='1.45249'/>
	<timeFitness value='0.5'/>
	<unitsAverage value='129'/>
</results>
