<results>
	<result value='loss'/>
	<start value='2015-07-09.01:14:52'/>
	<end value='2015-07-09.01:15:12'/>
	<frames value='19563'/>
	<gameDuration value='1222'/>

	<player>
		<unitScore value='5875'/>
		<killScore value='2700'/>
		<buildingScore value='1825'/>
		<razingScore value='0'/>
		<mineralScore value='6442'/>
		<gasScore value='1664'/>
		<totalScore value='18506'/>
	</player>

	<enemy>
		<race value='Terran'/>
		<unitScore value='7925'/>
		<killScore value='11050'/>
		<buildingScore value='2850'/>
		<razingScore value='5475'/>
		<mineralScore value='9122'/>
		<gasScore value='3360'/>
		<totalScore value='39782'/>
	</enemy>

	<scoreRatio value='0.465185'/>
	<timeFitness value='0.169722'/>
	<unitsAverage value='29'/>
</results>
