<results>
	<result value='loss'/>
	<start value='2015-07-08.18:33:36'/>
	<end value='2015-07-08.18:34:17'/>
	<frames value='19563'/>
	<gameDuration value='1222'/>

	<player>
		<unitScore value='4250'/>
		<killScore value='0'/>
		<buildingScore value='3225'/>
		<razingScore value='0'/>
		<mineralScore value='8762'/>
		<gasScore value='0'/>
		<totalScore value='16237'/>
	</player>

	<enemy>
		<race value='Terran'/>
		<unitScore value='7150'/>
		<killScore value='8100'/>
		<buildingScore value='2900'/>
		<razingScore value='9675'/>
		<mineralScore value='9226'/>
		<gasScore value='3408'/>
		<totalScore value='40459'/>
	</enemy>

	<scoreRatio value='0.40132'/>
	<timeFitness value='0.169722'/>
	<unitsAverage value='27'/>
</results>
