<results>
	<result value='draw'/>
	<start value='2015-04-28.22:39:15'/>
	<end value='2015-04-28.22:40:45'/>
	<frames value='57601'/>
	<gameDuration value='3600'/>

	<player>
		<unitScore value='29925'/>
		<killScore value='40400'/>
		<buildingScore value='4800'/>
		<razingScore value='16500'/>
		<mineralScore value='37346'/>
		<gasScore value='9018'/>
		<totalScore value='137989'/>
	</player>

	<enemy>
		<race value='Protoss'/>
		<unitScore value='22150'/>
		<unitScore value='22150'/>
		<killScore value='34600'/>
		<buildingScore value='6350'/>
		<razingScore value='0'/>
		<mineralScore value='25698'/>
		<gasScore value='9896'/>
		<totalScore value='98694'/>
	</enemy>

	<scoreRatio value='1.39815'/>
	<timeFitness value='0.5'/>
	<unitsAverage value='179'/>
</results>
