<results>
	<result value='loss'/>
	<start value='2015-07-14.00:13:16'/>
	<end value='2015-07-14.00:13:28'/>
	<frames value='17734'/>
	<gameDuration value='1108'/>

	<player>
		<unitScore value='4900'/>
		<killScore value='0'/>
		<buildingScore value='2025'/>
		<razingScore value='0'/>
		<mineralScore value='6602'/>
		<gasScore value='920'/>
		<totalScore value='14447'/>
	</player>

	<enemy>
		<race value='Protoss'/>
		<unitScore value='4500'/>
		<killScore value='9700'/>
		<buildingScore value='4225'/>
		<razingScore value='6075'/>
		<mineralScore value='9722'/>
		<gasScore value='1888'/>
		<totalScore value='36110'/>
	</enemy>

	<scoreRatio value='0.400083'/>
	<timeFitness value='0.153889'/>
	<unitsAverage value='26'/>
</results>
