<results>
	<result value='loss'/>
	<start value='2015-07-14.00:20:39'/>
	<end value='2015-07-14.00:20:49'/>
	<frames value='14851'/>
	<gameDuration value='928'/>

	<player>
		<unitScore value='3725'/>
		<killScore value='400'/>
		<buildingScore value='1850'/>
		<razingScore value='0'/>
		<mineralScore value='4994'/>
		<gasScore value='880'/>
		<totalScore value='11849'/>
	</player>

	<enemy>
		<race value='Protoss'/>
		<unitScore value='3550'/>
		<killScore value='6950'/>
		<buildingScore value='2675'/>
		<razingScore value='5550'/>
		<mineralScore value='7594'/>
		<gasScore value='1296'/>
		<totalScore value='27615'/>
	</enemy>

	<scoreRatio value='0.429078'/>
	<timeFitness value='0.128889'/>
	<unitsAverage value='23'/>
</results>
