<results>
	<result value='loss'/>
	<start value='2015-07-14.00:24:15'/>
	<end value='2015-07-14.00:24:59'/>
	<frames value='34567'/>
	<gameDuration value='2160'/>

	<player>
		<unitScore value='17225'/>
		<killScore value='5600'/>
		<buildingScore value='2475'/>
		<razingScore value='150'/>
		<mineralScore value='20834'/>
		<gasScore value='2640'/>
		<totalScore value='48924'/>
	</player>

	<enemy>
		<race value='Protoss'/>
		<unitScore value='20150'/>
		<killScore value='31300'/>
		<buildingScore value='7025'/>
		<razingScore value='7425'/>
		<mineralScore value='22466'/>
		<gasScore value='8984'/>
		<totalScore value='97350'/>
	</enemy>

	<scoreRatio value='0.502558'/>
	<timeFitness value='0.3'/>
	<unitsAverage value='56'/>
</results>
