<results>
	<result value='draw'/>
	<start value='2015-04-26.11:44:45'/>
	<end value='2015-04-26.11:46:26'/>
	<frames value='57601'/>
	<gameDuration value='3600'/>

	<player>
		<unitScore value='31125'/>
		<killScore value='28650'/>
		<buildingScore value='4725'/>
		<razingScore value='1275'/>
		<mineralScore value='31510'/>
		<gasScore value='5528'/>
		<totalScore value='102813'/>
	</player>

	<enemy>
		<race value='Terran'/>
		<unitScore value='26975'/>
		<unitScore value='26975'/>
		<killScore value='53850'/>
		<buildingScore value='4575'/>
		<razingScore value='4275'/>
		<mineralScore value='19550'/>
		<gasScore value='11606'/>
		<totalScore value='120831'/>
	</enemy>

	<scoreRatio value='0.850883'/>
</results>
