<results>
	<result value='loss'/>
	<start value='2015-04-26.11:50:11'/>
	<end value='2015-04-26.11:50:21'/>
	<frames value='19377'/>
	<gameDuration value='1211'/>

	<player>
		<unitScore value='2900'/>
		<killScore value='2800'/>
		<buildingScore value='1400'/>
		<razingScore value='0'/>
		<mineralScore value='4482'/>
		<gasScore value='664'/>
		<totalScore value='12246'/>
	</player>

	<enemy>
		<race value='Terran'/>
		<unitScore value='7625'/>
		<unitScore value='7625'/>
		<killScore value='5700'/>
		<buildingScore value='2850'/>
		<razingScore value='4200'/>
		<mineralScore value='8898'/>
		<gasScore value='3352'/>
		<totalScore value='32625'/>
	</enemy>

	<scoreRatio value='0.375356'/>
</results>
