<results>
	<result value='win'/>
	<start value='2015-04-26.04:53:35'/>
	<end value='2015-04-26.04:54:08'/>
	<frames value='34846'/>
	<gameDuration value='2177'/>

	<player>
		<unitScore value='21200'/>
		<killScore value='32300'/>
		<buildingScore value='3975'/>
		<razingScore value='12300'/>
		<mineralScore value='25946'/>
		<gasScore value='2688'/>
		<totalScore value='98409'/>
	</player>

	<enemy>
		<race value='Terran'/>
		<unitScore value='19175'/>
		<unitScore value='19175'/>
		<killScore value='22800'/>
		<buildingScore value='4100'/>
		<razingScore value='1650'/>
		<mineralScore value='15046'/>
		<gasScore value='7168'/>
		<totalScore value='69939'/>
	</enemy>

	<scoreRatio value='1.40707'/>
</results>
