<results>
	<result value='loss'/>
	<start value='2015-04-26.05:06:32'/>
	<end value='2015-04-26.05:06:42'/>
	<frames value='18664'/>
	<gameDuration value='1166'/>

	<player>
		<unitScore value='4550'/>
		<killScore value='1150'/>
		<buildingScore value='1900'/>
		<razingScore value='0'/>
		<mineralScore value='6394'/>
		<gasScore value='728'/>
		<totalScore value='14722'/>
	</player>

	<enemy>
		<race value='Terran'/>
		<unitScore value='7275'/>
		<unitScore value='7275'/>
		<killScore value='9100'/>
		<buildingScore value='2900'/>
		<razingScore value='5700'/>
		<mineralScore value='8426'/>
		<gasScore value='3080'/>
		<totalScore value='36481'/>
	</enemy>

	<scoreRatio value='0.403553'/>
</results>
