<results>
	<result value='loss'/>
	<start value='2015-04-26.05:32:43'/>
	<end value='2015-04-26.05:32:56'/>
	<frames value='21857'/>
	<gameDuration value='1366'/>

	<player>
		<unitScore value='6525'/>
		<killScore value='3650'/>
		<buildingScore value='2400'/>
		<razingScore value='0'/>
		<mineralScore value='8922'/>
		<gasScore value='1272'/>
		<totalScore value='22769'/>
	</player>

	<enemy>
		<race value='Terran'/>
		<unitScore value='8500'/>
		<unitScore value='8500'/>
		<killScore value='11950'/>
		<buildingScore value='3350'/>
		<razingScore value='7200'/>
		<mineralScore value='10602'/>
		<gasScore value='4256'/>
		<totalScore value='45858'/>
	</enemy>

	<scoreRatio value='0.496511'/>
</results>
