<results>
	<result value='loss'/>
	<start value='2015-05-05.23:08:48'/>
	<end value='2015-05-05.23:08:59'/>
	<frames value='21640'/>
	<gameDuration value='1352'/>

	<player>
		<unitScore value='4950'/>
		<killScore value='850'/>
		<buildingScore value='2125'/>
		<razingScore value='0'/>
		<mineralScore value='7162'/>
		<gasScore value='1160'/>
		<totalScore value='16247'/>
	</player>

	<enemy>
		<race value='Terran'/>
		<unitScore value='8175'/>
		<unitScore value='8175'/>
		<killScore value='9050'/>
		<buildingScore value='3225'/>
		<razingScore value='6375'/>
		<mineralScore value='10314'/>
		<gasScore value='4128'/>
		<totalScore value='41267'/>
	</enemy>

	<scoreRatio value='0.393704'/>
	<timeFitness value='0.187778'/>
	<unitsAverage value='28'/>
</results>
