<results>
	<result value='draw'/>
	<start value='2015-05-05.23:10:51'/>
	<end value='2015-05-05.23:12:02'/>
	<frames value='57601'/>
	<gameDuration value='3600'/>

	<player>
		<unitScore value='28425'/>
		<killScore value='45450'/>
		<buildingScore value='3475'/>
		<razingScore value='3075'/>
		<mineralScore value='31494'/>
		<gasScore value='6356'/>
		<totalScore value='118275'/>
	</player>

	<enemy>
		<race value='Terran'/>
		<unitScore value='32325'/>
		<unitScore value='32325'/>
		<killScore value='49300'/>
		<buildingScore value='5925'/>
		<razingScore value='1950'/>
		<mineralScore value='31186'/>
		<gasScore value='11894'/>
		<totalScore value='132580'/>
	</enemy>

	<scoreRatio value='0.892103'/>
	<timeFitness value='0.5'/>
	<unitsAverage value='105'/>
</results>
