<results>
	<result value='win'/>
	<start value='2015-05-05.23:22:32'/>
	<end value='2015-05-05.23:22:52'/>
	<frames value='26383'/>
	<gameDuration value='1648'/>

	<player>
		<unitScore value='10050'/>
		<killScore value='21100'/>
		<buildingScore value='3100'/>
		<razingScore value='9450'/>
		<mineralScore value='14942'/>
		<gasScore value='1744'/>
		<totalScore value='60386'/>
	</player>

	<enemy>
		<race value='Terran'/>
		<unitScore value='11350'/>
		<unitScore value='11350'/>
		<killScore value='7000'/>
		<buildingScore value='3150'/>
		<razingScore value='1575'/>
		<mineralScore value='11498'/>
		<gasScore value='4832'/>
		<totalScore value='39405'/>
	</enemy>

	<scoreRatio value='1.53245'/>
	<timeFitness value='0.771111'/>
	<unitsAverage value='57'/>
</results>
