<results>
	<result value='win'/>
	<start value='2015-05-05.23:24:06'/>
	<end value='2015-05-05.23:24:33'/>
	<frames value='30227'/>
	<gameDuration value='1889'/>

	<player>
		<unitScore value='14375'/>
		<killScore value='29200'/>
		<buildingScore value='4050'/>
		<razingScore value='9450'/>
		<mineralScore value='19326'/>
		<gasScore value='2040'/>
		<totalScore value='78441'/>
	</player>

	<enemy>
		<race value='Terran'/>
		<unitScore value='16200'/>
		<unitScore value='16200'/>
		<killScore value='10400'/>
		<buildingScore value='3300'/>
		<razingScore value='2025'/>
		<mineralScore value='12530'/>
		<gasScore value='5784'/>
		<totalScore value='50239'/>
	</enemy>

	<scoreRatio value='1.56136'/>
	<timeFitness value='0.737639'/>
	<unitsAverage value='75'/>
</results>
