<results>
	<result value='loss'/>
	<start value='2015-07-19.01:06:46'/>
	<end value='2015-07-19.01:07:11'/>
	<frames value='23469'/>
	<gameDuration value='1466'/>

	<player>
		<unitScore value='10275'/>
		<killScore value='2800'/>
		<buildingScore value='3525'/>
		<razingScore value='0'/>
		<mineralScore value='14686'/>
		<gasScore value='1896'/>
		<totalScore value='33182'/>
	</player>

	<enemy>
		<race value='Zerg'/>
		<unitScore value='11075'/>
		<killScore value='18400'/>
		<buildingScore value='2890'/>
		<razingScore value='10575'/>
		<mineralScore value='12170'/>
		<gasScore value='4152'/>
		<totalScore value='59262'/>
	</enemy>

	<scoreRatio value='0.55992'/>
	<timeFitness value='0.203611'/>
	<unitsAverage value='54'/>
</results>
