<results>
	<result value='loss'/>
	<start value='2015-04-16.18:51:24'/>
	<end value='2015-04-16.18:51:38'/>
	<frames value='15905'/>
	<gameDuration value='994'/>

	<player>
		<unitScore value='3275'/>
		<killScore value='1200'/>
		<buildingScore value='1075'/>
		<razingScore value='0'/>
		<mineralScore value='4642'/>
		<gasScore value='696'/>
		<totalScore value='10888'/>
	</player>

	<enemy>
		<race value='Protoss'/>
		<unitScore value='3550'/>
		<unitScore value='3550'/>
		<killScore value='6550'/>
		<buildingScore value='3075'/>
		<razingScore value='3225'/>
		<mineralScore value='8202'/>
		<gasScore value='1520'/>
		<totalScore value='26122'/>
	</enemy>

	<scoreRatio value='0.416813'/>
</results>
