<results>
	<result value='win'/>
	<start value='2015-04-16.18:51:41'/>
	<end value='2015-04-16.18:52:47'/>
	<frames value='36055'/>
	<gameDuration value='2253'/>

	<player>
		<unitScore value='19850'/>
		<killScore value='26350'/>
		<buildingScore value='4050'/>
		<razingScore value='18975'/>
		<mineralScore value='26794'/>
		<gasScore value='3128'/>
		<totalScore value='99147'/>
	</player>

	<enemy>
		<race value='Protoss'/>
		<unitScore value='13500'/>
		<unitScore value='13500'/>
		<killScore value='17400'/>
		<buildingScore value='6325'/>
		<razingScore value='375'/>
		<mineralScore value='16402'/>
		<gasScore value='5000'/>
		<totalScore value='59002'/>
	</enemy>

	<scoreRatio value='1.6804'/>
</results>
