<results>
	<result value='loss'/>
	<start value='2015-05-10.01:05:38'/>
	<end value='2015-05-10.01:06:29'/>
	<frames value='51617'/>
	<gameDuration value='3226'/>

	<player>
		<unitScore value='31125'/>
		<killScore value='42750'/>
		<buildingScore value='3425'/>
		<razingScore value='0'/>
		<mineralScore value='31574'/>
		<gasScore value='6248'/>
		<totalScore value='115122'/>
	</player>

	<enemy>
		<race value='Protoss'/>
		<unitScore value='36600'/>
		<unitScore value='36600'/>
		<killScore value='62250'/>
		<buildingScore value='6625'/>
		<razingScore value='10275'/>
		<mineralScore value='30374'/>
		<gasScore value='11220'/>
		<totalScore value='157344'/>
	</enemy>

	<scoreRatio value='0.731658'/>
	<timeFitness value='0.448056'/>
	<unitsAverage value='103'/>
</results>
