<results>
	<result value='win'/>
	<start value='2015-05-10.01:06:32'/>
	<end value='2015-05-10.01:07:06'/>
	<frames value='30568'/>
	<gameDuration value='1910'/>

	<player>
		<unitScore value='17750'/>
		<killScore value='28300'/>
		<buildingScore value='4025'/>
		<razingScore value='15900'/>
		<mineralScore value='31358'/>
		<gasScore value='3040'/>
		<totalScore value='100373'/>
	</player>

	<enemy>
		<race value='Protoss'/>
		<unitScore value='15000'/>
		<unitScore value='15000'/>
		<killScore value='11750'/>
		<buildingScore value='5300'/>
		<razingScore value='0'/>
		<mineralScore value='19982'/>
		<gasScore value='4280'/>
		<totalScore value='56312'/>
	</enemy>

	<scoreRatio value='1.78244'/>
	<timeFitness value='0.734722'/>
	<unitsAverage value='115'/>
</results>
