<results>
	<result value='loss'/>
	<start value='2015-05-10.01:12:01'/>
	<end value='2015-05-10.01:12:39'/>
	<frames value='50098'/>
	<gameDuration value='3131'/>

	<player>
		<unitScore value='23150'/>
		<killScore value='41800'/>
		<buildingScore value='2475'/>
		<razingScore value='6450'/>
		<mineralScore value='24050'/>
		<gasScore value='3672'/>
		<totalScore value='101597'/>
	</player>

	<enemy>
		<race value='Protoss'/>
		<unitScore value='33225'/>
		<unitScore value='33225'/>
		<killScore value='46050'/>
		<buildingScore value='8675'/>
		<razingScore value='7425'/>
		<mineralScore value='35138'/>
		<gasScore value='9850'/>
		<totalScore value='140363'/>
	</enemy>

	<scoreRatio value='0.723816'/>
	<timeFitness value='0.434861'/>
	<unitsAverage value='72'/>
</results>
