<results>
	<result value='draw'/>
	<start value='2015-05-10.21:31:58'/>
	<end value='2015-05-10.21:35:40'/>
	<frames value='57601'/>
	<gameDuration value='3600'/>

	<player>
		<unitScore value='22875'/>
		<killScore value='52050'/>
		<buildingScore value='4325'/>
		<razingScore value='3315'/>
		<mineralScore value='42474'/>
		<gasScore value='9494'/>
		<totalScore value='134533'/>
	</player>

	<enemy>
		<race value='Zerg'/>
		<unitScore value='25200'/>
		<unitScore value='25200'/>
		<killScore value='22450'/>
		<buildingScore value='2325'/>
		<razingScore value='0'/>
		<mineralScore value='19666'/>
		<gasScore value='7232'/>
		<totalScore value='76873'/>
	</enemy>

	<scoreRatio value='1.75007'/>
	<timeFitness value='0.5'/>
	<unitsAverage value='165'/>
</results>
