<results>
	<result value='win'/>
	<start value='2015-05-10.21:40:14'/>
	<end value='2015-05-10.21:41:09'/>
	<frames value='28119'/>
	<gameDuration value='1757'/>

	<player>
		<unitScore value='16800'/>
		<killScore value='20490'/>
		<buildingScore value='3525'/>
		<razingScore value='7380'/>
		<mineralScore value='26682'/>
		<gasScore value='2176'/>
		<totalScore value='77053'/>
	</player>

	<enemy>
		<race value='Zerg'/>
		<unitScore value='10525'/>
		<unitScore value='10525'/>
		<killScore value='12350'/>
		<buildingScore value='2460'/>
		<razingScore value='0'/>
		<mineralScore value='11318'/>
		<gasScore value='3872'/>
		<totalScore value='40525'/>
	</enemy>

	<scoreRatio value='1.90137'/>
	<timeFitness value='0.755972'/>
	<unitsAverage value='99'/>
</results>
