<results>
	<result value='win'/>
	<start value='2015-05-10.21:53:45'/>
	<end value='2015-05-10.21:54:52'/>
	<frames value='31777'/>
	<gameDuration value='1986'/>

	<player>
		<unitScore value='17850'/>
		<killScore value='25945'/>
		<buildingScore value='3675'/>
		<razingScore value='9255'/>
		<mineralScore value='29142'/>
		<gasScore value='3960'/>
		<totalScore value='89827'/>
	</player>

	<enemy>
		<race value='Zerg'/>
		<unitScore value='12350'/>
		<unitScore value='12350'/>
		<killScore value='14700'/>
		<buildingScore value='3085'/>
		<razingScore value='150'/>
		<mineralScore value='13986'/>
		<gasScore value='4696'/>
		<totalScore value='48967'/>
	</enemy>

	<scoreRatio value='1.83444'/>
	<timeFitness value='0.724167'/>
	<unitsAverage value='108'/>
</results>
