<results>
	<result value='loss'/>
	<start value='2015-07-20.08:53:24'/>
	<end value='2015-07-20.08:54:21'/>
	<frames value='40085'/>
	<gameDuration value='2505'/>

	<player>
		<unitScore value='24925'/>
		<killScore value='26400'/>
		<buildingScore value='3900'/>
		<razingScore value='195'/>
		<mineralScore value='31658'/>
		<gasScore value='4624'/>
		<totalScore value='91702'/>
	</player>

	<enemy>
		<race value='Zerg'/>
		<unitScore value='20575'/>
		<killScore value='49850'/>
		<buildingScore value='5340'/>
		<razingScore value='11700'/>
		<mineralScore value='25966'/>
		<gasScore value='8010'/>
		<totalScore value='121441'/>
	</enemy>

	<scoreRatio value='0.755116'/>
	<timeFitness value='0.347917'/>
	<unitsAverage value='75'/>
</results>
