<results>
	<result value='loss'/>
	<start value='2015-07-20.09:05:17'/>
	<end value='2015-07-20.09:05:49'/>
	<frames value='26972'/>
	<gameDuration value='1685'/>

	<player>
		<unitScore value='16700'/>
		<killScore value='8200'/>
		<buildingScore value='2725'/>
		<razingScore value='0'/>
		<mineralScore value='22726'/>
		<gasScore value='2376'/>
		<totalScore value='52727'/>
	</player>

	<enemy>
		<race value='Zerg'/>
		<unitScore value='15950'/>
		<killScore value='29550'/>
		<buildingScore value='3280'/>
		<razingScore value='8175'/>
		<mineralScore value='15610'/>
		<gasScore value='5280'/>
		<totalScore value='77845'/>
	</enemy>

	<scoreRatio value='0.677333'/>
	<timeFitness value='0.234028'/>
	<unitsAverage value='66'/>
</results>
