<results>
	<result value='win'/>
	<start value='2015-07-20.09:21:36'/>
	<end value='2015-07-20.09:23:17'/>
	<frames value='39527'/>
	<gameDuration value='2470'/>

	<player>
		<unitScore value='35100'/>
		<killScore value='30570'/>
		<buildingScore value='5025'/>
		<razingScore value='6270'/>
		<mineralScore value='40926'/>
		<gasScore value='4768'/>
		<totalScore value='122659'/>
	</player>

	<enemy>
		<race value='Zerg'/>
		<unitScore value='13800'/>
		<killScore value='42950'/>
		<buildingScore value='2090'/>
		<razingScore value='2475'/>
		<mineralScore value='12082'/>
		<gasScore value='4988'/>
		<totalScore value='78385'/>
	</enemy>

	<scoreRatio value='1.56483'/>
	<timeFitness value='0.656944'/>
	<unitsAverage value='146'/>
</results>
