<results>
	<result value='loss'/>
	<start value='2015-07-20.09:30:37'/>
	<end value='2015-07-20.09:31:11'/>
	<frames value='27530'/>
	<gameDuration value='1720'/>

	<player>
		<unitScore value='15700'/>
		<killScore value='9850'/>
		<buildingScore value='3100'/>
		<razingScore value='120'/>
		<mineralScore value='21694'/>
		<gasScore value='2192'/>
		<totalScore value='52656'/>
	</player>

	<enemy>
		<race value='Zerg'/>
		<unitScore value='14600'/>
		<killScore value='29750'/>
		<buildingScore value='3320'/>
		<razingScore value='9300'/>
		<mineralScore value='16558'/>
		<gasScore value='5448'/>
		<totalScore value='78976'/>
	</enemy>

	<scoreRatio value='0.666734'/>
	<timeFitness value='0.238889'/>
	<unitsAverage value='63'/>
</results>
