<results>
	<result value='loss'/>
	<start value='2014-07-22.23:34:09'/>
	<end value='2014-07-22.23:34:51'/>
	<frames value='44983'/>
	<gameDuration value='2811'/>

	<player>
		<unitScore value='22150'/>
		<killScore value='24650'/>
		<buildingScore value='2850'/>
		<razingScore value='2700'/>
		<mineralScore value='24018'/>
		<gasScore value='4912'/>
		<totalScore value='81280'/>
	</player>

	<enemy>
		<race value='Protoss'/>
		<unitScore value='32950'/>
		<unitScore value='32950'/>
		<killScore value='44300'/>
		<buildingScore value='8325'/>
		<razingScore value='8550'/>
		<mineralScore value='31350'/>
		<gasScore value='11574'/>
		<totalScore value='137049'/>
	</enemy>

	<scoreRatio value='0.593073'/>
</results>
