<results>
	<result value='loss'/>
	<start value='2014-07-22.23:38:29'/>
	<end value='2014-07-22.23:38:39'/>
	<frames value='16649'/>
	<gameDuration value='1040'/>

	<player>
		<unitScore value='3550'/>
		<killScore value='400'/>
		<buildingScore value='1825'/>
		<razingScore value='0'/>
		<mineralScore value='5754'/>
		<gasScore value='832'/>
		<totalScore value='12361'/>
	</player>

	<enemy>
		<race value='Protoss'/>
		<unitScore value='3600'/>
		<unitScore value='3600'/>
		<killScore value='7100'/>
		<buildingScore value='3975'/>
		<razingScore value='5475'/>
		<mineralScore value='9074'/>
		<gasScore value='1776'/>
		<totalScore value='31000'/>
	</enemy>

	<scoreRatio value='0.398742'/>
</results>
