<results>
	<result value='win'/>
	<start value='2014-07-22.23:41:41'/>
	<end value='2014-07-22.23:42:17'/>
	<frames value='39620'/>
	<gameDuration value='2476'/>

	<player>
		<unitScore value='21600'/>
		<killScore value='23650'/>
		<buildingScore value='3125'/>
		<razingScore value='22500'/>
		<mineralScore value='24002'/>
		<gasScore value='3440'/>
		<totalScore value='98317'/>
	</player>

	<enemy>
		<race value='Protoss'/>
		<unitScore value='12050'/>
		<unitScore value='12050'/>
		<killScore value='27100'/>
		<buildingScore value='7500'/>
		<razingScore value='150'/>
		<mineralScore value='23630'/>
		<gasScore value='5712'/>
		<totalScore value='76142'/>
	</enemy>

	<scoreRatio value='1.29123'/>
</results>
