<results>
	<result value='win'/>
	<start value='2015-05-01.07:33:09'/>
	<end value='2015-05-01.07:34:00'/>
	<frames value='34908'/>
	<gameDuration value='2181'/>

	<player>
		<unitScore value='13825'/>
		<killScore value='31740'/>
		<buildingScore value='4275'/>
		<razingScore value='6180'/>
		<mineralScore value='30818'/>
		<gasScore value='3496'/>
		<totalScore value='90334'/>
	</player>

	<enemy>
		<race value='Zerg'/>
		<unitScore value='14875'/>
		<unitScore value='14875'/>
		<killScore value='13650'/>
		<buildingScore value='2060'/>
		<razingScore value='1800'/>
		<mineralScore value='13002'/>
		<gasScore value='5232'/>
		<totalScore value='50619'/>
	</enemy>

	<scoreRatio value='1.78459'/>
</results>
