<results>
	<result value='win'/>
	<start value='2015-05-01.07:37:36'/>
	<end value='2015-05-01.07:38:05'/>
	<frames value='24306'/>
	<gameDuration value='1519'/>

	<player>
		<unitScore value='11500'/>
		<killScore value='15610'/>
		<buildingScore value='2850'/>
		<razingScore value='4635'/>
		<mineralScore value='17286'/>
		<gasScore value='2256'/>
		<totalScore value='54137'/>
	</player>

	<enemy>
		<race value='Zerg'/>
		<unitScore value='7500'/>
		<unitScore value='7500'/>
		<killScore value='8400'/>
		<buildingScore value='1545'/>
		<razingScore value='1800'/>
		<mineralScore value='7378'/>
		<gasScore value='1952'/>
		<totalScore value='28575'/>
	</enemy>

	<scoreRatio value='1.89456'/>
</results>
