<results>
	<result value='loss'/>
	<start value='2015-04-25.18:08:09'/>
	<end value='2015-04-25.18:08:48'/>
	<frames value='55368'/>
	<gameDuration value='3460'/>

	<player>
		<unitScore value='13125'/>
		<killScore value='27700'/>
		<buildingScore value='1550'/>
		<razingScore value='375'/>
		<mineralScore value='14250'/>
		<gasScore value='4144'/>
		<totalScore value='61144'/>
	</player>

	<enemy>
		<race value='Terran'/>
		<unitScore value='30300'/>
		<unitScore value='30300'/>
		<killScore value='26250'/>
		<buildingScore value='4700'/>
		<razingScore value='4650'/>
		<mineralScore value='22826'/>
		<gasScore value='13714'/>
		<totalScore value='102440'/>
	</enemy>

	<scoreRatio value='0.596876'/>
</results>
