<results>
	<result value='loss'/>
	<start value='2015-04-25.18:16:05'/>
	<end value='2015-04-25.18:16:47'/>
	<frames value='47308'/>
	<gameDuration value='2956'/>

	<player>
		<unitScore value='12425'/>
		<killScore value='9000'/>
		<buildingScore value='2700'/>
		<razingScore value='0'/>
		<mineralScore value='15002'/>
		<gasScore value='4288'/>
		<totalScore value='43415'/>
	</player>

	<enemy>
		<race value='Terran'/>
		<unitScore value='24950'/>
		<unitScore value='24950'/>
		<killScore value='24850'/>
		<buildingScore value='4825'/>
		<razingScore value='8100'/>
		<mineralScore value='29110'/>
		<gasScore value='11278'/>
		<totalScore value='103113'/>
	</enemy>

	<scoreRatio value='0.421043'/>
</results>
