<results>
	<result value='loss'/>
	<start value='2015-04-25.18:24:29'/>
	<end value='2015-04-25.18:24:56'/>
	<frames value='45448'/>
	<gameDuration value='2840'/>

	<player>
		<unitScore value='12775'/>
		<killScore value='9050'/>
		<buildingScore value='2375'/>
		<razingScore value='0'/>
		<mineralScore value='14338'/>
		<gasScore value='2040'/>
		<totalScore value='40578'/>
	</player>

	<enemy>
		<race value='Terran'/>
		<unitScore value='27725'/>
		<unitScore value='27725'/>
		<killScore value='25550'/>
		<buildingScore value='6125'/>
		<razingScore value='7125'/>
		<mineralScore value='23946'/>
		<gasScore value='14836'/>
		<totalScore value='105307'/>
	</enemy>

	<scoreRatio value='0.38533'/>
</results>
