<results>
	<result value='win'/>
	<start value='2015-04-25.18:34:11'/>
	<end value='2015-04-25.18:34:35'/>
	<frames value='32211'/>
	<gameDuration value='2013'/>

	<player>
		<unitScore value='10450'/>
		<killScore value='26650'/>
		<buildingScore value='2900'/>
		<razingScore value='8625'/>
		<mineralScore value='14290'/>
		<gasScore value='2664'/>
		<totalScore value='65579'/>
	</player>

	<enemy>
		<race value='Terran'/>
		<unitScore value='13725'/>
		<unitScore value='13725'/>
		<killScore value='9200'/>
		<buildingScore value='2950'/>
		<razingScore value='2025'/>
		<mineralScore value='12734'/>
		<gasScore value='5384'/>
		<totalScore value='46018'/>
	</enemy>

	<scoreRatio value='1.42507'/>
</results>
