<results>
	<result value='win'/>
	<start value='2015-05-11.01:58:53'/>
	<end value='2015-05-11.01:59:19'/>
	<frames value='25794'/>
	<gameDuration value='1612'/>

	<player>
		<unitScore value='17975'/>
		<killScore value='22030'/>
		<buildingScore value='4125'/>
		<razingScore value='4800'/>
		<mineralScore value='26702'/>
		<gasScore value='1864'/>
		<totalScore value='77496'/>
	</player>

	<enemy>
		<race value='Zerg'/>
		<unitScore value='10400'/>
		<unitScore value='10400'/>
		<killScore value='12950'/>
		<buildingScore value='1600'/>
		<razingScore value='0'/>
		<mineralScore value='10306'/>
		<gasScore value='3104'/>
		<totalScore value='38360'/>
	</enemy>

	<scoreRatio value='2.02023'/>
	<timeFitness value='0.776111'/>
	<unitsAverage value='100'/>
</results>
