<results>
	<result value='loss'/>
	<start value='2015-05-11.02:01:21'/>
	<end value='2015-05-11.02:01:31'/>
	<frames value='21516'/>
	<gameDuration value='1344'/>

	<player>
		<unitScore value='5175'/>
		<killScore value='7050'/>
		<buildingScore value='1650'/>
		<razingScore value='0'/>
		<mineralScore value='6658'/>
		<gasScore value='1064'/>
		<totalScore value='21597'/>
	</player>

	<enemy>
		<race value='Zerg'/>
		<unitScore value='8125'/>
		<unitScore value='8125'/>
		<killScore value='10350'/>
		<buildingScore value='2060'/>
		<razingScore value='4950'/>
		<mineralScore value='8426'/>
		<gasScore value='2632'/>
		<totalScore value='36543'/>
	</enemy>

	<scoreRatio value='0.591002'/>
	<timeFitness value='0.186667'/>
	<unitsAverage value='26'/>
</results>
