<results>
	<result value='win'/>
	<start value='2015-04-30.08:17:42'/>
	<end value='2015-04-30.08:18:16'/>
	<frames value='33885'/>
	<gameDuration value='2117'/>

	<player>
		<unitScore value='14325'/>
		<killScore value='30300'/>
		<buildingScore value='3975'/>
		<razingScore value='12675'/>
		<mineralScore value='19970'/>
		<gasScore value='2984'/>
		<totalScore value='84229'/>
	</player>

	<enemy>
		<race value='Terran'/>
		<unitScore value='16750'/>
		<unitScore value='16750'/>
		<killScore value='12250'/>
		<buildingScore value='4300'/>
		<razingScore value='1500'/>
		<mineralScore value='14370'/>
		<gasScore value='7104'/>
		<totalScore value='56274'/>
	</enemy>

	<scoreRatio value='1.49677'/>
	<timeFitness value='0.705972'/>
	<unitsAverage value='71'/>
</results>
