<results>
	<result value='win'/>
	<start value='2015-04-30.08:19:32'/>
	<end value='2015-04-30.08:20:03'/>
	<frames value='30661'/>
	<gameDuration value='1916'/>

	<player>
		<unitScore value='14950'/>
		<killScore value='31550'/>
		<buildingScore value='3675'/>
		<razingScore value='9900'/>
		<mineralScore value='20018'/>
		<gasScore value='2840'/>
		<totalScore value='82933'/>
	</player>

	<enemy>
		<race value='Terran'/>
		<unitScore value='16575'/>
		<unitScore value='16575'/>
		<killScore value='14400'/>
		<buildingScore value='3300'/>
		<razingScore value='1950'/>
		<mineralScore value='13458'/>
		<gasScore value='6000'/>
		<totalScore value='55683'/>
	</enemy>

	<scoreRatio value='1.48938'/>
	<timeFitness value='0.733889'/>
	<unitsAverage value='71'/>
</results>
