<results>
	<result value='draw'/>
	<start value='2015-04-10.05:07:12'/>
	<end value='2015-04-10.05:07:59'/>
	<frames value='57601'/>
	<gameDuration value='3600'/>

	<player>
		<unitScore value='28025'/>
		<killScore value='64600'/>
		<buildingScore value='2900'/>
		<razingScore value='4650'/>
		<mineralScore value='28238'/>
		<gasScore value='4900'/>
		<totalScore value='133313'/>
	</player>

	<enemy>
		<race value='Protoss'/>
		<unitScore value='40650'/>
		<unitScore value='40650'/>
		<killScore value='53150'/>
		<buildingScore value='7475'/>
		<razingScore value='3225'/>
		<mineralScore value='34734'/>
		<gasScore value='12184'/>
		<totalScore value='151418'/>
	</enemy>

	<scoreRatio value='0.88043'/>
</results>
