<results>
	<result value='win'/>
	<start value='2015-04-10.22:42:12'/>
	<end value='2015-04-10.22:43:06'/>
	<frames value='29979'/>
	<gameDuration value='1873'/>

	<player>
		<unitScore value='16925'/>
		<killScore value='17600'/>
		<buildingScore value='3625'/>
		<razingScore value='16050'/>
		<mineralScore value='21266'/>
		<gasScore value='2664'/>
		<totalScore value='78130'/>
	</player>

	<enemy>
		<race value='Protoss'/>
		<unitScore value='9050'/>
		<unitScore value='9050'/>
		<killScore value='14400'/>
		<buildingScore value='5350'/>
		<razingScore value='0'/>
		<mineralScore value='16586'/>
		<gasScore value='4704'/>
		<totalScore value='50090'/>
	</enemy>

	<scoreRatio value='1.55979'/>
</results>
