<results>
	<result value='loss'/>
	<start value='2015-05-10.00:05:10'/>
	<end value='2015-05-10.00:05:18'/>
	<frames value='15967'/>
	<gameDuration value='997'/>

	<player>
		<unitScore value='2750'/>
		<killScore value='1400'/>
		<buildingScore value='1200'/>
		<razingScore value='0'/>
		<mineralScore value='4290'/>
		<gasScore value='760'/>
		<totalScore value='10400'/>
	</player>

	<enemy>
		<race value='Protoss'/>
		<unitScore value='3550'/>
		<unitScore value='3550'/>
		<killScore value='4800'/>
		<buildingScore value='3875'/>
		<razingScore value='3600'/>
		<mineralScore value='8474'/>
		<gasScore value='1640'/>
		<totalScore value='25939'/>
	</enemy>

	<scoreRatio value='0.400941'/>
	<timeFitness value='0.138472'/>
	<unitsAverage value='22'/>
</results>
