<results>
	<result value='loss'/>
	<start value='2015-05-04.21:11:32'/>
	<end value='2015-05-04.21:11:46'/>
	<frames value='19935'/>
	<gameDuration value='1245'/>

	<player>
		<unitScore value='4375'/>
		<killScore value='2150'/>
		<buildingScore value='2475'/>
		<razingScore value='0'/>
		<mineralScore value='7258'/>
		<gasScore value='976'/>
		<totalScore value='17234'/>
	</player>

	<enemy>
		<race value='Terran'/>
		<unitScore value='7550'/>
		<unitScore value='7550'/>
		<killScore value='8750'/>
		<buildingScore value='2900'/>
		<razingScore value='7425'/>
		<mineralScore value='9402'/>
		<gasScore value='3592'/>
		<totalScore value='39619'/>
	</enemy>

	<scoreRatio value='0.434993'/>
	<timeFitness value='0.172917'/>
	<unitsAverage value='30'/>
</results>
