<results>
	<result value='win'/>
	<start value='2015-05-04.21:13:46'/>
	<end value='2015-05-04.21:14:02'/>
	<frames value='18013'/>
	<gameDuration value='1125'/>

	<player>
		<unitScore value='7050'/>
		<killScore value='10600'/>
		<buildingScore value='2700'/>
		<razingScore value='4350'/>
		<mineralScore value='11994'/>
		<gasScore value='1432'/>
		<totalScore value='38126'/>
	</player>

	<enemy>
		<race value='Terran'/>
		<unitScore value='5300'/>
		<unitScore value='5300'/>
		<killScore value='1900'/>
		<buildingScore value='1450'/>
		<razingScore value='1350'/>
		<mineralScore value='7354'/>
		<gasScore value='2008'/>
		<totalScore value='19362'/>
	</enemy>

	<scoreRatio value='1.96911'/>
	<timeFitness value='0.84375'/>
	<unitsAverage value='52'/>
</results>
