<results>
	<result value='loss'/>
	<start value='2015-07-11.19:58:49'/>
	<end value='2015-07-11.19:58:58'/>
	<frames value='15130'/>
	<gameDuration value='945'/>

	<player>
		<unitScore value='4700'/>
		<killScore value='300'/>
		<buildingScore value='1900'/>
		<razingScore value='0'/>
		<mineralScore value='6226'/>
		<gasScore value='672'/>
		<totalScore value='13798'/>
	</player>

	<enemy>
		<race value='Terran'/>
		<unitScore value='5250'/>
		<killScore value='9300'/>
		<buildingScore value='1550'/>
		<razingScore value='5700'/>
		<mineralScore value='6930'/>
		<gasScore value='1928'/>
		<totalScore value='30658'/>
	</enemy>

	<scoreRatio value='0.450062'/>
	<timeFitness value='0.13125'/>
	<unitsAverage value='26'/>
</results>
