<results>
	<result value='loss'/>
	<start value='2015-07-11.20:11:56'/>
	<end value='2015-07-11.20:12:40'/>
	<frames value='42100'/>
	<gameDuration value='2631'/>

	<player>
		<unitScore value='18675'/>
		<killScore value='11250'/>
		<buildingScore value='3125'/>
		<razingScore value='0'/>
		<mineralScore value='17978'/>
		<gasScore value='2752'/>
		<totalScore value='53780'/>
	</player>

	<enemy>
		<race value='Terran'/>
		<unitScore value='26025'/>
		<killScore value='32550'/>
		<buildingScore value='4925'/>
		<razingScore value='9375'/>
		<mineralScore value='21994'/>
		<gasScore value='12932'/>
		<totalScore value='107801'/>
	</enemy>

	<scoreRatio value='0.498882'/>
	<timeFitness value='0.365417'/>
	<unitsAverage value='53'/>
</results>
