<results>
	<result value='draw'/>
	<start value='2015-07-11.20:21:57'/>
	<end value='2015-07-11.20:23:09'/>
	<frames value='57601'/>
	<gameDuration value='3600'/>

	<player>
		<unitScore value='28225'/>
		<killScore value='14250'/>
		<buildingScore value='3625'/>
		<razingScore value='0'/>
		<mineralScore value='29030'/>
		<gasScore value='3048'/>
		<totalScore value='78178'/>
	</player>

	<enemy>
		<race value='Terran'/>
		<unitScore value='25000'/>
		<killScore value='49650'/>
		<buildingScore value='4125'/>
		<razingScore value='4425'/>
		<mineralScore value='19550'/>
		<gasScore value='12368'/>
		<totalScore value='115118'/>
	</enemy>

	<scoreRatio value='0.679112'/>
	<timeFitness value='0.5'/>
	<unitsAverage value='79'/>
</results>
