<results>
	<result value='win'/>
	<start value='2015-04-28.21:27:07'/>
	<end value='2015-04-28.21:27:58'/>
	<frames value='28522'/>
	<gameDuration value='1782'/>

	<player>
		<unitScore value='17775'/>
		<killScore value='17450'/>
		<buildingScore value='4225'/>
		<razingScore value='13725'/>
		<mineralScore value='26682'/>
		<gasScore value='2384'/>
		<totalScore value='82241'/>
	</player>

	<enemy>
		<race value='Protoss'/>
		<unitScore value='9500'/>
		<unitScore value='9500'/>
		<killScore value='14000'/>
		<buildingScore value='4575'/>
		<razingScore value='375'/>
		<mineralScore value='12914'/>
		<gasScore value='4864'/>
		<totalScore value='46228'/>
	</enemy>

	<scoreRatio value='1.77903'/>
</results>
