<results>
	<result value='loss'/>
	<start value='2015-04-28.21:34:32'/>
	<end value='2015-04-28.21:34:43'/>
	<frames value='16556'/>
	<gameDuration value='1034'/>

	<player>
		<unitScore value='2675'/>
		<killScore value='1200'/>
		<buildingScore value='1725'/>
		<razingScore value='0'/>
		<mineralScore value='4722'/>
		<gasScore value='648'/>
		<totalScore value='10970'/>
	</player>

	<enemy>
		<race value='Protoss'/>
		<unitScore value='3600'/>
		<unitScore value='3600'/>
		<killScore value='5450'/>
		<buildingScore value='3625'/>
		<razingScore value='5175'/>
		<mineralScore value='8570'/>
		<gasScore value='1624'/>
		<totalScore value='28044'/>
	</enemy>

	<scoreRatio value='0.391171'/>
</results>
