<results>
	<result value='loss'/>
	<start value='2015-04-12.20:17:13'/>
	<end value='2015-04-12.20:17:44'/>
	<frames value='46533'/>
	<gameDuration value='2908'/>

	<player>
		<unitScore value='22250'/>
		<killScore value='34950'/>
		<buildingScore value='2025'/>
		<razingScore value='300'/>
		<mineralScore value='22714'/>
		<gasScore value='3784'/>
		<totalScore value='86023'/>
	</player>

	<enemy>
		<race value='Protoss'/>
		<unitScore value='36625'/>
		<unitScore value='36625'/>
		<killScore value='44500'/>
		<buildingScore value='7275'/>
		<razingScore value='6075'/>
		<mineralScore value='32862'/>
		<gasScore value='12164'/>
		<totalScore value='139501'/>
	</enemy>

	<scoreRatio value='0.616648'/>
</results>
