<results>
	<result value='win'/>
	<start value='2015-04-27.03:38:11'/>
	<end value='2015-04-27.03:39:37'/>
	<frames value='42937'/>
	<gameDuration value='2683'/>

	<player>
		<unitScore value='23275'/>
		<killScore value='42300'/>
		<buildingScore value='4650'/>
		<razingScore value='8700'/>
		<mineralScore value='42730'/>
		<gasScore value='5544'/>
		<totalScore value='127199'/>
	</player>

	<enemy>
		<race value='Terran'/>
		<unitScore value='21950'/>
		<unitScore value='21950'/>
		<killScore value='24150'/>
		<buildingScore value='3050'/>
		<razingScore value='150'/>
		<mineralScore value='18890'/>
		<gasScore value='5708'/>
		<totalScore value='73898'/>
	</enemy>

	<scoreRatio value='1.72128'/>
</results>
