<results>
	<result value='win'/>
	<start value='2015-04-27.03:40:58'/>
	<end value='2015-04-27.03:41:19'/>
	<frames value='20679'/>
	<gameDuration value='1292'/>

	<player>
		<unitScore value='10875'/>
		<killScore value='11450'/>
		<buildingScore value='3350'/>
		<razingScore value='4275'/>
		<mineralScore value='17874'/>
		<gasScore value='1624'/>
		<totalScore value='49448'/>
	</player>

	<enemy>
		<race value='Terran'/>
		<unitScore value='5725'/>
		<unitScore value='5725'/>
		<killScore value='3550'/>
		<buildingScore value='1500'/>
		<razingScore value='150'/>
		<mineralScore value='9194'/>
		<gasScore value='2096'/>
		<totalScore value='22215'/>
	</enemy>

	<scoreRatio value='2.22588'/>
</results>
