<results>
	<result value='loss'/>
	<start value='2015-05-07.01:10:09'/>
	<end value='2015-05-07.01:10:21'/>
	<frames value='14169'/>
	<gameDuration value='885'/>

	<player>
		<unitScore value='2725'/>
		<killScore value='600'/>
		<buildingScore value='1500'/>
		<razingScore value='0'/>
		<mineralScore value='4330'/>
		<gasScore value='840'/>
		<totalScore value='9995'/>
	</player>

	<enemy>
		<race value='Protoss'/>
		<unitScore value='3550'/>
		<unitScore value='3550'/>
		<killScore value='5450'/>
		<buildingScore value='2425'/>
		<razingScore value='4500'/>
		<mineralScore value='7386'/>
		<gasScore value='1232'/>
		<totalScore value='24543'/>
	</enemy>

	<scoreRatio value='0.407244'/>
	<timeFitness value='0.122917'/>
	<unitsAverage value='22'/>
</results>
