<results>
	<result value='win'/>
	<start value='2015-05-07.01:12:06'/>
	<end value='2015-05-07.01:13:30'/>
	<frames value='39155'/>
	<gameDuration value='2447'/>

	<player>
		<unitScore value='27250'/>
		<killScore value='32450'/>
		<buildingScore value='4425'/>
		<razingScore value='21375'/>
		<mineralScore value='32594'/>
		<gasScore value='4400'/>
		<totalScore value='122494'/>
	</player>

	<enemy>
		<race value='Protoss'/>
		<unitScore value='17250'/>
		<unitScore value='17250'/>
		<killScore value='29250'/>
		<buildingScore value='7125'/>
		<razingScore value='450'/>
		<mineralScore value='20090'/>
		<gasScore value='5600'/>
		<totalScore value='79765'/>
	</enemy>

	<scoreRatio value='1.53569'/>
	<timeFitness value='0.660139'/>
	<unitsAverage value='113'/>
</results>
