<results>
	<result value='win'/>
	<start value='2015-05-07.01:25:33'/>
	<end value='2015-05-07.01:26:14'/>
	<frames value='26507'/>
	<gameDuration value='1656'/>

	<player>
		<unitScore value='12600'/>
		<killScore value='12950'/>
		<buildingScore value='3250'/>
		<razingScore value='12975'/>
		<mineralScore value='17698'/>
		<gasScore value='2256'/>
		<totalScore value='61729'/>
	</player>

	<enemy>
		<race value='Protoss'/>
		<unitScore value='6675'/>
		<unitScore value='6675'/>
		<killScore value='8800'/>
		<buildingScore value='4325'/>
		<razingScore value='150'/>
		<mineralScore value='11810'/>
		<gasScore value='2296'/>
		<totalScore value='34056'/>
	</enemy>

	<scoreRatio value='1.81257'/>
	<timeFitness value='0.77'/>
	<unitsAverage value='72'/>
</results>
