<results>
	<result value='draw'/>
	<start value='2015-05-07.01:51:53'/>
	<end value='2015-05-07.01:54:08'/>
	<frames value='57601'/>
	<gameDuration value='3600'/>

	<player>
		<unitScore value='34625'/>
		<killScore value='39950'/>
		<buildingScore value='4375'/>
		<razingScore value='7800'/>
		<mineralScore value='36270'/>
		<gasScore value='5108'/>
		<totalScore value='128128'/>
	</player>

	<enemy>
		<race value='Protoss'/>
		<unitScore value='27300'/>
		<unitScore value='27300'/>
		<killScore value='61800'/>
		<buildingScore value='6200'/>
		<razingScore value='0'/>
		<mineralScore value='26718'/>
		<gasScore value='10870'/>
		<totalScore value='132888'/>
	</enemy>

	<scoreRatio value='0.96418'/>
	<timeFitness value='0.5'/>
	<unitsAverage value='129'/>
</results>
