<results>
	<result value='loss'/>
	<start value='2015-05-07.01:56:51'/>
	<end value='2015-05-07.01:57:02'/>
	<frames value='13890'/>
	<gameDuration value='868'/>

	<player>
		<unitScore value='2450'/>
		<killScore value='200'/>
		<buildingScore value='1500'/>
		<razingScore value='0'/>
		<mineralScore value='4162'/>
		<gasScore value='616'/>
		<totalScore value='8928'/>
	</player>

	<enemy>
		<race value='Protoss'/>
		<unitScore value='3550'/>
		<unitScore value='3550'/>
		<killScore value='4900'/>
		<buildingScore value='2375'/>
		<razingScore value='4500'/>
		<mineralScore value='7042'/>
		<gasScore value='1184'/>
		<totalScore value='23551'/>
	</enemy>

	<scoreRatio value='0.379092'/>
	<timeFitness value='0.120556'/>
	<unitsAverage value='21'/>
</results>
