<results>
	<result value='win'/>
	<start value='2015-04-26.15:41:44'/>
	<end value='2015-04-26.15:42:16'/>
	<frames value='30165'/>
	<gameDuration value='1885'/>

	<player>
		<unitScore value='20125'/>
		<killScore value='26300'/>
		<buildingScore value='4375'/>
		<razingScore value='7350'/>
		<mineralScore value='26770'/>
		<gasScore value='2344'/>
		<totalScore value='87264'/>
	</player>

	<enemy>
		<race value='Terran'/>
		<unitScore value='13850'/>
		<unitScore value='13850'/>
		<killScore value='20900'/>
		<buildingScore value='2450'/>
		<razingScore value='150'/>
		<mineralScore value='12050'/>
		<gasScore value='4704'/>
		<totalScore value='54104'/>
	</enemy>

	<scoreRatio value='1.61289'/>
</results>
