<results>
	<result value='draw'/>
	<start value='2015-03-28.16:01:51'/>
	<end value='2015-03-28.16:03:08'/>
	<frames value='57601'/>
	<gameDuration value='3600'/>

	<player>
		<unitScore value='19825'/>
		<killScore value='34970'/>
		<buildingScore value='2350'/>
		<razingScore value='9600'/>
		<mineralScore value='22246'/>
		<gasScore value='7614'/>
		<totalScore value='96605'/>
	</player>

	<enemy>
		<race value='Protoss'/>
		<unitScore value='21930'/>
		<unitScore value='21930'/>
		<killScore value='31800'/>
		<buildingScore value='8275'/>
		<razingScore value='450'/>
		<mineralScore value='24142'/>
		<gasScore value='10970'/>
		<totalScore value='97567'/>
	</enemy>

	<scoreRatio value='0.99014'/>
</results>
