<results>
	<result value='win'/>
	<start value='2015-05-03.17:20:13'/>
	<end value='2015-05-03.17:20:45'/>
	<frames value='29917'/>
	<gameDuration value='1869'/>

	<player>
		<unitScore value='17900'/>
		<killScore value='26050'/>
		<buildingScore value='4725'/>
		<razingScore value='8025'/>
		<mineralScore value='30178'/>
		<gasScore value='1728'/>
		<totalScore value='88606'/>
	</player>

	<enemy>
		<race value='Terran'/>
		<unitScore value='13025'/>
		<unitScore value='13025'/>
		<killScore value='16100'/>
		<buildingScore value='2675'/>
		<razingScore value='3225'/>
		<mineralScore value='12374'/>
		<gasScore value='4080'/>
		<totalScore value='51479'/>
	</enemy>

	<scoreRatio value='1.72121'/>
	<timeFitness value='0.740417'/>
	<unitsAverage value='97'/>
</results>
