<results>
	<result value='win'/>
	<start value='2015-05-03.17:20:48'/>
	<end value='2015-05-03.17:21:20'/>
	<frames value='35032'/>
	<gameDuration value='2189'/>

	<player>
		<unitScore value='16375'/>
		<killScore value='32000'/>
		<buildingScore value='4475'/>
		<razingScore value='12975'/>
		<mineralScore value='27350'/>
		<gasScore value='3032'/>
		<totalScore value='96207'/>
	</player>

	<enemy>
		<race value='Terran'/>
		<unitScore value='19500'/>
		<unitScore value='19500'/>
		<killScore value='14050'/>
		<buildingScore value='4400'/>
		<razingScore value='2700'/>
		<mineralScore value='16814'/>
		<gasScore value='8362'/>
		<totalScore value='65826'/>
	</enemy>

	<scoreRatio value='1.46153'/>
	<timeFitness value='0.695972'/>
	<unitsAverage value='85'/>
</results>
