<results>
	<result value='loss'/>
	<start value='2015-05-08.16:07:59'/>
	<end value='2015-05-08.16:08:16'/>
	<frames value='18354'/>
	<gameDuration value='1147'/>

	<player>
		<unitScore value='3800'/>
		<killScore value='1000'/>
		<buildingScore value='1875'/>
		<razingScore value='0'/>
		<mineralScore value='5522'/>
		<gasScore value='824'/>
		<totalScore value='13021'/>
	</player>

	<enemy>
		<race value='Terran'/>
		<unitScore value='6975'/>
		<unitScore value='6975'/>
		<killScore value='7600'/>
		<buildingScore value='2850'/>
		<razingScore value='5625'/>
		<mineralScore value='8306'/>
		<gasScore value='2984'/>
		<totalScore value='34340'/>
	</enemy>

	<scoreRatio value='0.379179'/>
	<timeFitness value='0.159306'/>
	<unitsAverage value='24'/>
</results>
