<results>
	<result value='win'/>
	<start value='2015-05-03.17:26:17'/>
	<end value='2015-05-03.17:26:39'/>
	<frames value='26879'/>
	<gameDuration value='1679'/>

	<player>
		<unitScore value='11350'/>
		<killScore value='24950'/>
		<buildingScore value='3525'/>
		<razingScore value='8700'/>
		<mineralScore value='20238'/>
		<gasScore value='1800'/>
		<totalScore value='70563'/>
	</player>

	<enemy>
		<race value='Terran'/>
		<unitScore value='12475'/>
		<unitScore value='12475'/>
		<killScore value='8000'/>
		<buildingScore value='3050'/>
		<razingScore value='3075'/>
		<mineralScore value='12858'/>
		<gasScore value='4160'/>
		<totalScore value='43618'/>
	</enemy>

	<scoreRatio value='1.61775'/>
	<timeFitness value='0.766806'/>
	<unitsAverage value='68'/>
</results>
