<results>
	<result value='win'/>
	<start value='2015-05-05.03:21:12'/>
	<end value='2015-05-05.03:21:30'/>
	<frames value='25546'/>
	<gameDuration value='1596'/>

	<player>
		<unitScore value='11150'/>
		<killScore value='21800'/>
		<buildingScore value='3125'/>
		<razingScore value='8625'/>
		<mineralScore value='18462'/>
		<gasScore value='2528'/>
		<totalScore value='65690'/>
	</player>

	<enemy>
		<race value='Terran'/>
		<unitScore value='11500'/>
		<unitScore value='11500'/>
		<killScore value='7450'/>
		<buildingScore value='2875'/>
		<razingScore value='1350'/>
		<mineralScore value='10650'/>
		<gasScore value='4448'/>
		<totalScore value='38273'/>
	</enemy>

	<scoreRatio value='1.71635'/>
	<timeFitness value='0.778333'/>
	<unitsAverage value='64'/>
</results>
