<results>
	<result value='win'/>
	<start value='2015-05-05.03:23:22'/>
	<end value='2015-05-05.03:23:37'/>
	<frames value='26538'/>
	<gameDuration value='1658'/>

	<player>
		<unitScore value='9275'/>
		<killScore value='16650'/>
		<buildingScore value='2825'/>
		<razingScore value='6675'/>
		<mineralScore value='13122'/>
		<gasScore value='2360'/>
		<totalScore value='50907'/>
	</player>

	<enemy>
		<race value='Terran'/>
		<unitScore value='8725'/>
		<unitScore value='8725'/>
		<killScore value='10700'/>
		<buildingScore value='2225'/>
		<razingScore value='3375'/>
		<mineralScore value='8690'/>
		<gasScore value='2656'/>
		<totalScore value='36371'/>
	</enemy>

	<scoreRatio value='1.39966'/>
	<timeFitness value='0.769722'/>
	<unitsAverage value='46'/>
</results>
