<results>
	<result value='loss'/>
	<start value='2015-05-05.03:34:03'/>
	<end value='2015-05-05.03:34:11'/>
	<frames value='16060'/>
	<gameDuration value='1003'/>

	<player>
		<unitScore value='2925'/>
		<killScore value='300'/>
		<buildingScore value='1350'/>
		<razingScore value='0'/>
		<mineralScore value='4706'/>
		<gasScore value='848'/>
		<totalScore value='10129'/>
	</player>

	<enemy>
		<race value='Terran'/>
		<unitScore value='5250'/>
		<unitScore value='5250'/>
		<killScore value='5850'/>
		<buildingScore value='1850'/>
		<razingScore value='4050'/>
		<mineralScore value='7258'/>
		<gasScore value='2320'/>
		<totalScore value='26578'/>
	</enemy>

	<scoreRatio value='0.381105'/>
	<timeFitness value='0.139306'/>
	<unitsAverage value='24'/>
</results>
