<results>
	<result value='win'/>
	<start value='2015-05-05.03:40:33'/>
	<end value='2015-05-05.03:40:47'/>
	<frames value='25267'/>
	<gameDuration value='1579'/>

	<player>
		<unitScore value='8875'/>
		<killScore value='15050'/>
		<buildingScore value='2625'/>
		<razingScore value='5250'/>
		<mineralScore value='12614'/>
		<gasScore value='1912'/>
		<totalScore value='46326'/>
	</player>

	<enemy>
		<race value='Terran'/>
		<unitScore value='7525'/>
		<unitScore value='7525'/>
		<killScore value='8950'/>
		<buildingScore value='1750'/>
		<razingScore value='2550'/>
		<mineralScore value='10382'/>
		<gasScore value='3096'/>
		<totalScore value='34253'/>
	</enemy>

	<scoreRatio value='1.35247'/>
	<timeFitness value='0.780694'/>
	<unitsAverage value='43'/>
</results>
