<results>
	<result value='win'/>
	<start value='2015-05-05.03:44:00'/>
	<end value='2015-05-05.03:44:22'/>
	<frames value='30258'/>
	<gameDuration value='1891'/>

	<player>
		<unitScore value='15250'/>
		<killScore value='27650'/>
		<buildingScore value='3900'/>
		<razingScore value='10125'/>
		<mineralScore value='20530'/>
		<gasScore value='1896'/>
		<totalScore value='79351'/>
	</player>

	<enemy>
		<race value='Terran'/>
		<unitScore value='14225'/>
		<unitScore value='14225'/>
		<killScore value='13550'/>
		<buildingScore value='3375'/>
		<razingScore value='2025'/>
		<mineralScore value='12446'/>
		<gasScore value='5500'/>
		<totalScore value='51121'/>
	</enemy>

	<scoreRatio value='1.55222'/>
	<timeFitness value='0.737361'/>
	<unitsAverage value='71'/>
</results>
