<results>
	<result value='win'/>
	<start value='2015-04-28.00:04:04'/>
	<end value='2015-04-28.00:04:31'/>
	<frames value='28305'/>
	<gameDuration value='1769'/>

	<player>
		<unitScore value='15575'/>
		<killScore value='23950'/>
		<buildingScore value='4800'/>
		<razingScore value='9900'/>
		<mineralScore value='22258'/>
		<gasScore value='2904'/>
		<totalScore value='79387'/>
	</player>

	<enemy>
		<race value='Terran'/>
		<unitScore value='12375'/>
		<unitScore value='12375'/>
		<killScore value='10200'/>
		<buildingScore value='3450'/>
		<razingScore value='2175'/>
		<mineralScore value='11530'/>
		<gasScore value='4696'/>
		<totalScore value='44426'/>
	</enemy>

	<scoreRatio value='1.78695'/>
</results>
