<results>
	<result value='win'/>
	<start value='2015-04-28.00:31:19'/>
	<end value='2015-04-28.00:31:40'/>
	<frames value='27840'/>
	<gameDuration value='1740'/>

	<player>
		<unitScore value='11700'/>
		<killScore value='23300'/>
		<buildingScore value='3350'/>
		<razingScore value='10050'/>
		<mineralScore value='15370'/>
		<gasScore value='2552'/>
		<totalScore value='66322'/>
	</player>

	<enemy>
		<race value='Terran'/>
		<unitScore value='12850'/>
		<unitScore value='12850'/>
		<killScore value='9700'/>
		<buildingScore value='3350'/>
		<razingScore value='2550'/>
		<mineralScore value='11762'/>
		<gasScore value='5072'/>
		<totalScore value='45284'/>
	</enemy>

	<scoreRatio value='1.46458'/>
</results>
