<results>
	<result value='loss'/>
	<start value='2015-04-28.00:36:32'/>
	<end value='2015-04-28.00:36:45'/>
	<frames value='22074'/>
	<gameDuration value='1379'/>

	<player>
		<unitScore value='7500'/>
		<killScore value='5700'/>
		<buildingScore value='2050'/>
		<razingScore value='150'/>
		<mineralScore value='9266'/>
		<gasScore value='1352'/>
		<totalScore value='26018'/>
	</player>

	<enemy>
		<race value='Terran'/>
		<unitScore value='7825'/>
		<unitScore value='7825'/>
		<killScore value='15000'/>
		<buildingScore value='2600'/>
		<razingScore value='6150'/>
		<mineralScore value='10418'/>
		<gasScore value='3736'/>
		<totalScore value='45729'/>
	</enemy>

	<scoreRatio value='0.568961'/>
</results>
