<results>
	<result value='loss'/>
	<start value='2015-04-28.00:39:36'/>
	<end value='2015-04-28.00:39:49'/>
	<frames value='21268'/>
	<gameDuration value='1329'/>

	<player>
		<unitScore value='6900'/>
		<killScore value='4500'/>
		<buildingScore value='2100'/>
		<razingScore value='0'/>
		<mineralScore value='9002'/>
		<gasScore value='1136'/>
		<totalScore value='23638'/>
	</player>

	<enemy>
		<race value='Terran'/>
		<unitScore value='8400'/>
		<unitScore value='8400'/>
		<killScore value='13800'/>
		<buildingScore value='3225'/>
		<razingScore value='6300'/>
		<mineralScore value='9978'/>
		<gasScore value='4232'/>
		<totalScore value='45935'/>
	</enemy>

	<scoreRatio value='0.514597'/>
</results>
