<results>
	<result value='win'/>
	<start value='2015-04-28.00:50:57'/>
	<end value='2015-04-28.00:51:49'/>
	<frames value='45820'/>
	<gameDuration value='2863'/>

	<player>
		<unitScore value='30225'/>
		<killScore value='39700'/>
		<buildingScore value='4700'/>
		<razingScore value='13275'/>
		<mineralScore value='36278'/>
		<gasScore value='5406'/>
		<totalScore value='129584'/>
	</player>

	<enemy>
		<race value='Terran'/>
		<unitScore value='23175'/>
		<unitScore value='23175'/>
		<killScore value='37650'/>
		<buildingScore value='4500'/>
		<razingScore value='2925'/>
		<mineralScore value='19550'/>
		<gasScore value='10788'/>
		<totalScore value='98588'/>
	</enemy>

	<scoreRatio value='1.3144'/>
</results>
