<results>
	<result value='win'/>
	<start value='2015-04-28.00:53:42'/>
	<end value='2015-04-28.00:53:57'/>
	<frames value='20462'/>
	<gameDuration value='1278'/>

	<player>
		<unitScore value='8400'/>
		<killScore value='12950'/>
		<buildingScore value='2650'/>
		<razingScore value='6600'/>
		<mineralScore value='14106'/>
		<gasScore value='1624'/>
		<totalScore value='46330'/>
	</player>

	<enemy>
		<race value='Terran'/>
		<unitScore value='6475'/>
		<unitScore value='6475'/>
		<killScore value='5100'/>
		<buildingScore value='2200'/>
		<razingScore value='150'/>
		<mineralScore value='7842'/>
		<gasScore value='2552'/>
		<totalScore value='24319'/>
	</enemy>

	<scoreRatio value='1.90509'/>
</results>
