<results>
	<result value='loss'/>
	<start value='2015-04-27.15:37:21'/>
	<end value='2015-04-27.15:37:31'/>
	<frames value='20245'/>
	<gameDuration value='1265'/>

	<player>
		<unitScore value='6050'/>
		<killScore value='2500'/>
		<buildingScore value='1600'/>
		<razingScore value='0'/>
		<mineralScore value='7466'/>
		<gasScore value='1280'/>
		<totalScore value='18896'/>
	</player>

	<enemy>
		<race value='Terran'/>
		<unitScore value='7600'/>
		<unitScore value='7600'/>
		<killScore value='12100'/>
		<buildingScore value='2850'/>
		<razingScore value='4800'/>
		<mineralScore value='9490'/>
		<gasScore value='3608'/>
		<totalScore value='40448'/>
	</enemy>

	<scoreRatio value='0.467168'/>
</results>
