<results>
	<result value='win'/>
	<start value='2015-04-11.06:07:52'/>
	<end value='2015-04-11.06:08:21'/>
	<frames value='20555'/>
	<gameDuration value='1284'/>

	<player>
		<unitScore value='9550'/>
		<killScore value='7500'/>
		<buildingScore value='3475'/>
		<razingScore value='9150'/>
		<mineralScore value='16678'/>
		<gasScore value='2328'/>
		<totalScore value='48681'/>
	</player>

	<enemy>
		<race value='Protoss'/>
		<unitScore value='3750'/>
		<unitScore value='3750'/>
		<killScore value='4700'/>
		<buildingScore value='3050'/>
		<razingScore value='0'/>
		<mineralScore value='13330'/>
		<gasScore value='936'/>
		<totalScore value='25766'/>
	</enemy>

	<scoreRatio value='1.88935'/>
</results>
