<results>
	<result value='loss'/>
	<start value='2015-04-11.10:22:12'/>
	<end value='2015-04-11.10:22:27'/>
	<frames value='16339'/>
	<gameDuration value='1021'/>

	<player>
		<unitScore value='3850'/>
		<killScore value='1000'/>
		<buildingScore value='1550'/>
		<razingScore value='0'/>
		<mineralScore value='5042'/>
		<gasScore value='984'/>
		<totalScore value='12426'/>
	</player>

	<enemy>
		<race value='Protoss'/>
		<unitScore value='3550'/>
		<unitScore value='3550'/>
		<killScore value='7600'/>
		<buildingScore value='4025'/>
		<razingScore value='4650'/>
		<mineralScore value='8714'/>
		<gasScore value='1624'/>
		<totalScore value='30163'/>
	</enemy>

	<scoreRatio value='0.411962'/>
</results>
