<results>
	<result value='draw'/>
	<start value='2015-04-09.00:36:13'/>
	<end value='2015-04-09.00:37:08'/>
	<frames value='57601'/>
	<gameDuration value='3600'/>

	<player>
		<unitScore value='31750'/>
		<killScore value='44750'/>
		<buildingScore value='3275'/>
		<razingScore value='17625'/>
		<mineralScore value='33998'/>
		<gasScore value='7064'/>
		<totalScore value='138462'/>
	</player>

	<enemy>
		<race value='Protoss'/>
		<unitScore value='26700'/>
		<unitScore value='26700'/>
		<killScore value='54600'/>
		<buildingScore value='7225'/>
		<razingScore value='825'/>
		<mineralScore value='24086'/>
		<gasScore value='10410'/>
		<totalScore value='123846'/>
	</enemy>

	<scoreRatio value='1.11802'/>
</results>
