<results>
	<result value='loss'/>
	<start value='2015-05-10.01:30:48'/>
	<end value='2015-05-10.01:31:09'/>
	<frames value='26817'/>
	<gameDuration value='1676'/>

	<player>
		<unitScore value='6000'/>
		<killScore value='2400'/>
		<buildingScore value='1775'/>
		<razingScore value='0'/>
		<mineralScore value='7610'/>
		<gasScore value='1056'/>
		<totalScore value='18841'/>
	</player>

	<enemy>
		<race value='Protoss'/>
		<unitScore value='9800'/>
		<unitScore value='9800'/>
		<killScore value='12000'/>
		<buildingScore value='6525'/>
		<razingScore value='5325'/>
		<mineralScore value='15990'/>
		<gasScore value='4760'/>
		<totalScore value='54400'/>
	</enemy>

	<scoreRatio value='0.346342'/>
	<timeFitness value='0.232778'/>
	<unitsAverage value='24'/>
</results>
