<results>
	<result value='loss'/>
	<start value='2015-07-07.18:20:51'/>
	<end value='2015-07-07.18:21:10'/>
	<frames value='19067'/>
	<gameDuration value='1191'/>

	<player>
		<unitScore value='4850'/>
		<killScore value='1750'/>
		<buildingScore value='2025'/>
		<razingScore value='0'/>
		<mineralScore value='6434'/>
		<gasScore value='1024'/>
		<totalScore value='16083'/>
	</player>

	<enemy>
		<race value='Terran'/>
		<unitScore value='6700'/>
		<killScore value='9400'/>
		<buildingScore value='2850'/>
		<razingScore value='6075'/>
		<mineralScore value='8522'/>
		<gasScore value='2840'/>
		<totalScore value='36387'/>
	</enemy>

	<scoreRatio value='0.441999'/>
	<timeFitness value='0.165417'/>
	<unitsAverage value='30'/>
</results>
