<results>
	<result value='loss'/>
	<start value='2015-05-02.17:35:07'/>
	<end value='2015-05-02.17:35:32'/>
	<frames value='39713'/>
	<gameDuration value='2482'/>

	<player>
		<unitScore value='11275'/>
		<killScore value='17425'/>
		<buildingScore value='1950'/>
		<razingScore value='195'/>
		<mineralScore value='12650'/>
		<gasScore value='2768'/>
		<totalScore value='46263'/>
	</player>

	<enemy>
		<race value='Zerg'/>
		<unitScore value='19500'/>
		<unitScore value='19500'/>
		<killScore value='22550'/>
		<buildingScore value='4405'/>
		<razingScore value='5850'/>
		<mineralScore value='22418'/>
		<gasScore value='9240'/>
		<totalScore value='83963'/>
	</enemy>

	<scoreRatio value='0.550993'/>
	<timeFitness value='0.344722'/>
	<unitsAverage value='35'/>
</results>
