<results>
	<result value='win'/>
	<start value='2015-05-02.17:48:57'/>
	<end value='2015-05-02.17:49:20'/>
	<frames value='25019'/>
	<gameDuration value='1563'/>

	<player>
		<unitScore value='16475'/>
		<killScore value='21140'/>
		<buildingScore value='3050'/>
		<razingScore value='5460'/>
		<mineralScore value='19914'/>
		<gasScore value='1576'/>
		<totalScore value='67615'/>
	</player>

	<enemy>
		<race value='Zerg'/>
		<unitScore value='9575'/>
		<unitScore value='9575'/>
		<killScore value='16100'/>
		<buildingScore value='1820'/>
		<razingScore value='0'/>
		<mineralScore value='8986'/>
		<gasScore value='2800'/>
		<totalScore value='39281'/>
	</enemy>

	<scoreRatio value='1.72132'/>
	<timeFitness value='0.782917'/>
	<unitsAverage value='80'/>
</results>
