<results>
	<result value='draw'/>
	<start value='2015-04-11.08:49:31'/>
	<end value='2015-04-11.08:50:59'/>
	<frames value='57601'/>
	<gameDuration value='3600'/>

	<player>
		<unitScore value='23325'/>
		<killScore value='27850'/>
		<buildingScore value='3450'/>
		<razingScore value='11325'/>
		<mineralScore value='26346'/>
		<gasScore value='2848'/>
		<totalScore value='95144'/>
	</player>

	<enemy>
		<race value='Protoss'/>
		<unitScore value='20475'/>
		<unitScore value='20475'/>
		<killScore value='46650'/>
		<buildingScore value='9825'/>
		<razingScore value='9150'/>
		<mineralScore value='31306'/>
		<gasScore value='8996'/>
		<totalScore value='126402'/>
	</enemy>

	<scoreRatio value='0.75271'/>
</results>
