<results>
	<result value='loss'/>
	<start value='2015-04-11.09:03:03'/>
	<end value='2015-04-11.09:04:25'/>
	<frames value='50842'/>
	<gameDuration value='3177'/>

	<player>
		<unitScore value='22675'/>
		<killScore value='42200'/>
		<buildingScore value='2225'/>
		<razingScore value='900'/>
		<mineralScore value='23978'/>
		<gasScore value='5372'/>
		<totalScore value='97350'/>
	</player>

	<enemy>
		<race value='Protoss'/>
		<unitScore value='42955'/>
		<unitScore value='42955'/>
		<killScore value='45250'/>
		<buildingScore value='7775'/>
		<razingScore value='6675'/>
		<mineralScore value='35750'/>
		<gasScore value='13868'/>
		<totalScore value='152273'/>
	</enemy>

	<scoreRatio value='0.639312'/>
</results>
