<results>
	<result value='loss'/>
	<start value='2015-04-30.03:57:08'/>
	<end value='2015-04-30.03:57:17'/>
	<frames value='16432'/>
	<gameDuration value='1027'/>

	<player>
		<unitScore value='2925'/>
		<killScore value='0'/>
		<buildingScore value='1400'/>
		<razingScore value='0'/>
		<mineralScore value='5866'/>
		<gasScore value='528'/>
		<totalScore value='10719'/>
	</player>

	<enemy>
		<race value='Terran'/>
		<unitScore value='5250'/>
		<unitScore value='5250'/>
		<killScore value='5850'/>
		<buildingScore value='1950'/>
		<razingScore value='4200'/>
		<mineralScore value='7570'/>
		<gasScore value='2432'/>
		<totalScore value='27252'/>
	</enemy>

	<scoreRatio value='0.393329'/>
	<timeFitness value='0.142639'/>
	<unitsAverage value='21'/>
</results>
