<results>
	<result value='loss'/>
	<start value='2015-04-30.03:58:46'/>
	<end value='2015-04-30.03:59:02'/>
	<frames value='23345'/>
	<gameDuration value='1459'/>

	<player>
		<unitScore value='7850'/>
		<killScore value='3500'/>
		<buildingScore value='2500'/>
		<razingScore value='0'/>
		<mineralScore value='10826'/>
		<gasScore value='1288'/>
		<totalScore value='25964'/>
	</player>

	<enemy>
		<race value='Terran'/>
		<unitScore value='9550'/>
		<unitScore value='9550'/>
		<killScore value='15600'/>
		<buildingScore value='3600'/>
		<razingScore value='7500'/>
		<mineralScore value='11538'/>
		<gasScore value='4752'/>
		<totalScore value='52540'/>
	</enemy>

	<scoreRatio value='0.494176'/>
	<timeFitness value='0.202639'/>
	<unitsAverage value='35'/>
</results>
