<results>
	<result value='win'/>
	<start value='2015-05-07.12:38:52'/>
	<end value='2015-05-07.12:39:35'/>
	<frames value='27282'/>
	<gameDuration value='1705'/>

	<player>
		<unitScore value='19200'/>
		<killScore value='22440'/>
		<buildingScore value='4400'/>
		<razingScore value='7680'/>
		<mineralScore value='23270'/>
		<gasScore value='2264'/>
		<totalScore value='79254'/>
	</player>

	<enemy>
		<race value='Zerg'/>
		<unitScore value='10850'/>
		<unitScore value='10850'/>
		<killScore value='15450'/>
		<buildingScore value='2560'/>
		<razingScore value='1575'/>
		<mineralScore value='11570'/>
		<gasScore value='3616'/>
		<totalScore value='45621'/>
	</enemy>

	<scoreRatio value='1.73723'/>
	<timeFitness value='0.763194'/>
	<unitsAverage value='91'/>
</results>
