<results>
	<result value='win'/>
	<start value='2015-05-07.12:44:31'/>
	<end value='2015-05-07.12:45:09'/>
	<frames value='30723'/>
	<gameDuration value='1920'/>

	<player>
		<unitScore value='23725'/>
		<killScore value='39255'/>
		<buildingScore value='4175'/>
		<razingScore value='6060'/>
		<mineralScore value='30034'/>
		<gasScore value='3360'/>
		<totalScore value='106609'/>
	</player>

	<enemy>
		<race value='Zerg'/>
		<unitScore value='16750'/>
		<unitScore value='16750'/>
		<killScore value='19750'/>
		<buildingScore value='2020'/>
		<razingScore value='0'/>
		<mineralScore value='14686'/>
		<gasScore value='4328'/>
		<totalScore value='57534'/>
	</enemy>

	<scoreRatio value='1.85297'/>
	<timeFitness value='0.733333'/>
	<unitsAverage value='113'/>
</results>
