<results>
	<result value='win'/>
	<start value='2015-05-10.01:20:06'/>
	<end value='2015-05-10.01:20:28'/>
	<frames value='24058'/>
	<gameDuration value='1503'/>

	<player>
		<unitScore value='8350'/>
		<killScore value='12900'/>
		<buildingScore value='1425'/>
		<razingScore value='9150'/>
		<mineralScore value='10138'/>
		<gasScore value='1776'/>
		<totalScore value='43739'/>
	</player>

	<enemy>
		<race value='Protoss'/>
		<unitScore value='6450'/>
		<unitScore value='6450'/>
		<killScore value='9050'/>
		<buildingScore value='3050'/>
		<razingScore value='150'/>
		<mineralScore value='9850'/>
		<gasScore value='2056'/>
		<totalScore value='30606'/>
	</enemy>

	<scoreRatio value='1.4291'/>
	<timeFitness value='0.79125'/>
	<unitsAverage value='45'/>
</results>
