<results>
	<result value='loss'/>
	<start value='2015-05-10.01:23:51'/>
	<end value='2015-05-10.01:24:49'/>
	<frames value='44146'/>
	<gameDuration value='2759'/>

	<player>
		<unitScore value='19050'/>
		<killScore value='30500'/>
		<buildingScore value='2575'/>
		<razingScore value='300'/>
		<mineralScore value='23986'/>
		<gasScore value='4568'/>
		<totalScore value='80979'/>
	</player>

	<enemy>
		<race value='Protoss'/>
		<unitScore value='34225'/>
		<unitScore value='34225'/>
		<killScore value='38100'/>
		<buildingScore value='7625'/>
		<razingScore value='7725'/>
		<mineralScore value='31170'/>
		<gasScore value='12638'/>
		<totalScore value='131483'/>
	</enemy>

	<scoreRatio value='0.615889'/>
	<timeFitness value='0.383194'/>
	<unitsAverage value='73'/>
</results>
