<results>
	<result value='draw'/>
	<start value='2015-05-10.01:27:14'/>
	<end value='2015-05-10.01:28:52'/>
	<frames value='57601'/>
	<gameDuration value='3600'/>

	<player>
		<unitScore value='29700'/>
		<killScore value='49400'/>
		<buildingScore value='3750'/>
		<razingScore value='5475'/>
		<mineralScore value='31738'/>
		<gasScore value='4624'/>
		<totalScore value='124687'/>
	</player>

	<enemy>
		<race value='Protoss'/>
		<unitScore value='32625'/>
		<unitScore value='32625'/>
		<killScore value='53000'/>
		<buildingScore value='6850'/>
		<razingScore value='4725'/>
		<mineralScore value='30978'/>
		<gasScore value='11170'/>
		<totalScore value='139348'/>
	</enemy>

	<scoreRatio value='0.894789'/>
	<timeFitness value='0.5'/>
	<unitsAverage value='109'/>
</results>
