<results>
	<result value='win'/>
	<start value='2015-04-09.18:41:53'/>
	<end value='2015-04-09.18:42:17'/>
	<frames value='26135'/>
	<gameDuration value='1633'/>

	<player>
		<unitScore value='14200'/>
		<killScore value='10800'/>
		<buildingScore value='3975'/>
		<razingScore value='12525'/>
		<mineralScore value='22530'/>
		<gasScore value='1560'/>
		<totalScore value='65590'/>
	</player>

	<enemy>
		<race value='Protoss'/>
		<unitScore value='5400'/>
		<unitScore value='5400'/>
		<killScore value='8500'/>
		<buildingScore value='4175'/>
		<razingScore value='1200'/>
		<mineralScore value='10866'/>
		<gasScore value='2440'/>
		<totalScore value='32581'/>
	</enemy>

	<scoreRatio value='2.01314'/>
</results>
