<results>
	<result value='draw'/>
	<start value='2015-07-13.21:12:58'/>
	<end value='2015-07-13.21:15:30'/>
	<frames value='57601'/>
	<gameDuration value='3600'/>

	<player>
		<unitScore value='32975'/>
		<killScore value='26750'/>
		<buildingScore value='5350'/>
		<razingScore value='600'/>
		<mineralScore value='34678'/>
		<gasScore value='5612'/>
		<totalScore value='105965'/>
	</player>

	<enemy>
		<race value='Protoss'/>
		<unitScore value='32375'/>
		<killScore value='49900'/>
		<buildingScore value='6675'/>
		<razingScore value='8175'/>
		<mineralScore value='28246'/>
		<gasScore value='10588'/>
		<totalScore value='135959'/>
	</enemy>

	<scoreRatio value='0.779389'/>
	<timeFitness value='0.5'/>
	<unitsAverage value='117'/>
</results>
