<results>
	<result value='loss'/>
	<start value='2015-07-19.22:10:15'/>
	<end value='2015-07-19.22:10:43'/>
	<frames value='26290'/>
	<gameDuration value='1643'/>

	<player>
		<unitScore value='14525'/>
		<killScore value='10950'/>
		<buildingScore value='2650'/>
		<razingScore value='0'/>
		<mineralScore value='21686'/>
		<gasScore value='2568'/>
		<totalScore value='52379'/>
	</player>

	<enemy>
		<race value='Zerg'/>
		<unitScore value='16325'/>
		<killScore value='27800'/>
		<buildingScore value='2795'/>
		<razingScore value='7950'/>
		<mineralScore value='15830'/>
		<gasScore value='5240'/>
		<totalScore value='75940'/>
	</enemy>

	<scoreRatio value='0.689742'/>
	<timeFitness value='0.228194'/>
	<unitsAverage value='62'/>
</results>
