<results>
	<result value='loss'/>
	<start value='2015-05-09.21:37:16'/>
	<end value='2015-05-09.21:38:08'/>
	<frames value='40147'/>
	<gameDuration value='2509'/>

	<player>
		<unitScore value='11925'/>
		<killScore value='18700'/>
		<buildingScore value='2475'/>
		<razingScore value='2475'/>
		<mineralScore value='23242'/>
		<gasScore value='3536'/>
		<totalScore value='62353'/>
	</player>

	<enemy>
		<race value='Protoss'/>
		<unitScore value='25800'/>
		<unitScore value='25800'/>
		<killScore value='23850'/>
		<buildingScore value='7850'/>
		<razingScore value='7425'/>
		<mineralScore value='27970'/>
		<gasScore value='9984'/>
		<totalScore value='102879'/>
	</enemy>

	<scoreRatio value='0.606081'/>
	<timeFitness value='0.348472'/>
	<unitsAverage value='60'/>
</results>
