<results>
	<result value='loss'/>
	<start value='2015-05-09.21:40:00'/>
	<end value='2015-05-09.21:40:51'/>
	<frames value='38721'/>
	<gameDuration value='2420'/>

	<player>
		<unitScore value='16750'/>
		<killScore value='31550'/>
		<buildingScore value='2350'/>
		<razingScore value='1050'/>
		<mineralScore value='18366'/>
		<gasScore value='3720'/>
		<totalScore value='73786'/>
	</player>

	<enemy>
		<race value='Protoss'/>
		<unitScore value='30025'/>
		<unitScore value='30025'/>
		<killScore value='33500'/>
		<buildingScore value='7775'/>
		<razingScore value='7050'/>
		<mineralScore value='31258'/>
		<gasScore value='8768'/>
		<totalScore value='118376'/>
	</enemy>

	<scoreRatio value='0.623319'/>
	<timeFitness value='0.336111'/>
	<unitsAverage value='61'/>
</results>
