<results>
	<result value='win'/>
	<start value='2015-04-11.18:04:55'/>
	<end value='2015-04-11.18:05:49'/>
	<frames value='27406'/>
	<gameDuration value='1712'/>

	<player>
		<unitScore value='19475'/>
		<killScore value='17500'/>
		<buildingScore value='3775'/>
		<razingScore value='14175'/>
		<mineralScore value='25466'/>
		<gasScore value='2008'/>
		<totalScore value='82399'/>
	</player>

	<enemy>
		<race value='Protoss'/>
		<unitScore value='8750'/>
		<unitScore value='8750'/>
		<killScore value='17150'/>
		<buildingScore value='4725'/>
		<razingScore value='0'/>
		<mineralScore value='20466'/>
		<gasScore value='1008'/>
		<totalScore value='52099'/>
	</enemy>

	<scoreRatio value='1.58159'/>
</results>
