<results>
	<result value='loss'/>
	<start value='2015-07-09.06:05:00'/>
	<end value='2015-07-09.06:05:28'/>
	<frames value='25670'/>
	<gameDuration value='1604'/>

	<player>
		<unitScore value='11175'/>
		<killScore value='4400'/>
		<buildingScore value='2950'/>
		<razingScore value='0'/>
		<mineralScore value='11838'/>
		<gasScore value='1864'/>
		<totalScore value='32227'/>
	</player>

	<enemy>
		<race value='Terran'/>
		<unitScore value='7725'/>
		<killScore value='22350'/>
		<buildingScore value='2925'/>
		<razingScore value='8850'/>
		<mineralScore value='11890'/>
		<gasScore value='4208'/>
		<totalScore value='57948'/>
	</enemy>

	<scoreRatio value='0.556137'/>
	<timeFitness value='0.222778'/>
	<unitsAverage value='34'/>
</results>
