<results>
	<result value='loss'/>
	<start value='2015-07-08.23:18:51'/>
	<end value='2015-07-08.23:19:18'/>
	<frames value='24244'/>
	<gameDuration value='1515'/>

	<player>
		<unitScore value='7150'/>
		<killScore value='4750'/>
		<buildingScore value='2425'/>
		<razingScore value='0'/>
		<mineralScore value='8962'/>
		<gasScore value='1136'/>
		<totalScore value='24423'/>
	</player>

	<enemy>
		<race value='Terran'/>
		<unitScore value='10350'/>
		<killScore value='12950'/>
		<buildingScore value='3400'/>
		<razingScore value='7275'/>
		<mineralScore value='11882'/>
		<gasScore value='4888'/>
		<totalScore value='50745'/>
	</enemy>

	<scoreRatio value='0.481289'/>
	<timeFitness value='0.210417'/>
	<unitsAverage value='32'/>
</results>
