<results>
	<result value='loss'/>
	<start value='2015-07-09.06:13:34'/>
	<end value='2015-07-09.06:14:01'/>
	<frames value='21516'/>
	<gameDuration value='1344'/>

	<player>
		<unitScore value='8850'/>
		<killScore value='6150'/>
		<buildingScore value='2200'/>
		<razingScore value='2625'/>
		<mineralScore value='9026'/>
		<gasScore value='1824'/>
		<totalScore value='30675'/>
	</player>

	<enemy>
		<race value='Terran'/>
		<unitScore value='6425'/>
		<killScore value='14750'/>
		<buildingScore value='2300'/>
		<razingScore value='6600'/>
		<mineralScore value='8938'/>
		<gasScore value='2768'/>
		<totalScore value='41781'/>
	</enemy>

	<scoreRatio value='0.734185'/>
	<timeFitness value='0.186667'/>
	<unitsAverage value='37'/>
</results>
