<results>
	<result value='loss'/>
	<start value='2015-07-20.15:20:37'/>
	<end value='2015-07-20.15:21:19'/>
	<frames value='35528'/>
	<gameDuration value='2220'/>

	<player>
		<unitScore value='18025'/>
		<killScore value='22200'/>
		<buildingScore value='3575'/>
		<razingScore value='0'/>
		<mineralScore value='23074'/>
		<gasScore value='2536'/>
		<totalScore value='69410'/>
	</player>

	<enemy>
		<race value='Zerg'/>
		<unitScore value='21850'/>
		<killScore value='36050'/>
		<buildingScore value='4275'/>
		<razingScore value='10725'/>
		<mineralScore value='21858'/>
		<gasScore value='7722'/>
		<totalScore value='102480'/>
	</enemy>

	<scoreRatio value='0.677303'/>
	<timeFitness value='0.308333'/>
	<unitsAverage value='58'/>
</results>
