<results>
	<result value='win'/>
	<start value='2015-05-04.22:56:24'/>
	<end value='2015-05-04.22:57:15'/>
	<frames value='47246'/>
	<gameDuration value='2952'/>

	<player>
		<unitScore value='25700'/>
		<killScore value='40850'/>
		<buildingScore value='3975'/>
		<razingScore value='12375'/>
		<mineralScore value='34290'/>
		<gasScore value='4512'/>
		<totalScore value='121702'/>
	</player>

	<enemy>
		<race value='Terran'/>
		<unitScore value='25225'/>
		<unitScore value='25225'/>
		<killScore value='36150'/>
		<buildingScore value='4125'/>
		<razingScore value='2775'/>
		<mineralScore value='19450'/>
		<gasScore value='10632'/>
		<totalScore value='98357'/>
	</enemy>

	<scoreRatio value='1.23735'/>
	<timeFitness value='0.59'/>
	<unitsAverage value='97'/>
</results>
