<results>
	<result value='win'/>
	<start value='2015-05-09.18:09:48'/>
	<end value='2015-05-09.18:10:17'/>
	<frames value='32366'/>
	<gameDuration value='2022'/>

	<player>
		<unitScore value='18575'/>
		<killScore value='15950'/>
		<buildingScore value='3200'/>
		<razingScore value='16275'/>
		<mineralScore value='25430'/>
		<gasScore value='2808'/>
		<totalScore value='82238'/>
	</player>

	<enemy>
		<race value='Protoss'/>
		<unitScore value='7975'/>
		<unitScore value='7975'/>
		<killScore value='15200'/>
		<buildingScore value='5425'/>
		<razingScore value='0'/>
		<mineralScore value='18166'/>
		<gasScore value='5712'/>
		<totalScore value='52478'/>
	</enemy>

	<scoreRatio value='1.56709'/>
	<timeFitness value='0.719167'/>
	<unitsAverage value='99'/>
</results>
