<results>
	<result value='loss'/>
	<start value='2015-04-16.18:19:06'/>
	<end value='2015-04-16.18:19:19'/>
	<frames value='15378'/>
	<gameDuration value='961'/>

	<player>
		<unitScore value='3150'/>
		<killScore value='700'/>
		<buildingScore value='1550'/>
		<razingScore value='0'/>
		<mineralScore value='4858'/>
		<gasScore value='672'/>
		<totalScore value='10930'/>
	</player>

	<enemy>
		<race value='Protoss'/>
		<unitScore value='3600'/>
		<unitScore value='3600'/>
		<killScore value='6300'/>
		<buildingScore value='2825'/>
		<razingScore value='4650'/>
		<mineralScore value='7954'/>
		<gasScore value='1448'/>
		<totalScore value='26777'/>
	</enemy>

	<scoreRatio value='0.408186'/>
</results>
