<results>
	<result value='win'/>
	<start value='2014-07-04.04:23:45'/>
	<end value='2014-07-04.04:23:53'/>
	<frames value='14231'/>
	<gameDuration value='889'/>

	<player>
		<unitScore value='4075'/>
		<killScore value='6950'/>
		<buildingScore value='1225'/>
		<razingScore value='4200'/>
		<mineralScore value='6162'/>
		<gasScore value='1488'/>
		<totalScore value='24100'/>
	</player>

	<enemy>
		<race value='Terran'/>
		<unitScore value='3475'/>
		<unitScore value='3475'/>
		<killScore value='1300'/>
		<buildingScore value='1400'/>
		<razingScore value='150'/>
		<mineralScore value='5778'/>
		<gasScore value='1456'/>
		<totalScore value='13559'/>
	</enemy>

	<scoreRatio value='1.77742'/>
</results>
