<results>
	<result value='win'/>
	<start value='2014-07-04.04:24:20'/>
	<end value='2014-07-04.04:24:45'/>
	<frames value='28925'/>
	<gameDuration value='1807'/>

	<player>
		<unitScore value='14375'/>
		<killScore value='25250'/>
		<buildingScore value='3825'/>
		<razingScore value='9600'/>
		<mineralScore value='22306'/>
		<gasScore value='3400'/>
		<totalScore value='78756'/>
	</player>

	<enemy>
		<race value='Terran'/>
		<unitScore value='14225'/>
		<unitScore value='14225'/>
		<killScore value='9400'/>
		<buildingScore value='3200'/>
		<razingScore value='150'/>
		<mineralScore value='12586'/>
		<gasScore value='5952'/>
		<totalScore value='45513'/>
	</enemy>

	<scoreRatio value='1.73041'/>
</results>
