<results>
	<result value='win'/>
	<start value='2014-07-04.04:32:02'/>
	<end value='2014-07-04.04:32:33'/>
	<frames value='29018'/>
	<gameDuration value='1813'/>

	<player>
		<unitScore value='14625'/>
		<killScore value='19500'/>
		<buildingScore value='4550'/>
		<razingScore value='8550'/>
		<mineralScore value='29210'/>
		<gasScore value='3096'/>
		<totalScore value='79531'/>
	</player>

	<enemy>
		<race value='Terran'/>
		<unitScore value='9750'/>
		<unitScore value='9750'/>
		<killScore value='6550'/>
		<buildingScore value='2850'/>
		<razingScore value='0'/>
		<mineralScore value='10546'/>
		<gasScore value='4072'/>
		<totalScore value='33768'/>
	</enemy>

	<scoreRatio value='2.35522'/>
</results>
