<results>
	<result value='loss'/>
	<start value='2015-07-12.00:50:25'/>
	<end value='2015-07-12.00:50:43'/>
	<frames value='21578'/>
	<gameDuration value='1348'/>

	<player>
		<unitScore value='9250'/>
		<killScore value='5600'/>
		<buildingScore value='2125'/>
		<razingScore value='0'/>
		<mineralScore value='9954'/>
		<gasScore value='1536'/>
		<totalScore value='28465'/>
	</player>

	<enemy>
		<race value='Terran'/>
		<unitScore value='7975'/>
		<killScore value='18150'/>
		<buildingScore value='2850'/>
		<razingScore value='6375'/>
		<mineralScore value='9794'/>
		<gasScore value='3648'/>
		<totalScore value='48792'/>
	</enemy>

	<scoreRatio value='0.583395'/>
	<timeFitness value='0.187222'/>
	<unitsAverage value='35'/>
</results>
