<results>
	<result value='win'/>
	<start value='2015-07-12.01:06:42'/>
	<end value='2015-07-12.01:08:05'/>
	<frames value='41604'/>
	<gameDuration value='2600'/>

	<player>
		<unitScore value='37225'/>
		<killScore value='25000'/>
		<buildingScore value='5675'/>
		<razingScore value='10050'/>
		<mineralScore value='46442'/>
		<gasScore value='4424'/>
		<totalScore value='128816'/>
	</player>

	<enemy>
		<race value='Terran'/>
		<unitScore value='12800'/>
		<killScore value='50450'/>
		<buildingScore value='3350'/>
		<razingScore value='4350'/>
		<mineralScore value='12050'/>
		<gasScore value='5470'/>
		<totalScore value='88470'/>
	</enemy>

	<scoreRatio value='1.45604'/>
	<timeFitness value='0.638889'/>
	<unitsAverage value='114'/>
</results>
