<results>
	<result value='loss'/>
	<start value='2015-05-05.23:51:34'/>
	<end value='2015-05-05.23:51:49'/>
	<frames value='16587'/>
	<gameDuration value='1036'/>

	<player>
		<unitScore value='2850'/>
		<killScore value='600'/>
		<buildingScore value='1975'/>
		<razingScore value='0'/>
		<mineralScore value='5114'/>
		<gasScore value='672'/>
		<totalScore value='11211'/>
	</player>

	<enemy>
		<race value='Protoss'/>
		<unitScore value='3700'/>
		<unitScore value='3700'/>
		<killScore value='5200'/>
		<buildingScore value='3975'/>
		<razingScore value='5925'/>
		<mineralScore value='9026'/>
		<gasScore value='1720'/>
		<totalScore value='29546'/>
	</enemy>

	<scoreRatio value='0.379442'/>
	<timeFitness value='0.143889'/>
	<unitsAverage value='23'/>
</results>
