<results>
	<result value='draw'/>
	<start value='2015-05-05.23:57:13'/>
	<end value='2015-05-05.23:59:42'/>
	<frames value='57601'/>
	<gameDuration value='3600'/>

	<player>
		<unitScore value='26600'/>
		<killScore value='36150'/>
		<buildingScore value='4975'/>
		<razingScore value='21975'/>
		<mineralScore value='40922'/>
		<gasScore value='5004'/>
		<totalScore value='135626'/>
	</player>

	<enemy>
		<race value='Protoss'/>
		<unitScore value='18075'/>
		<unitScore value='18075'/>
		<killScore value='27800'/>
		<buildingScore value='7775'/>
		<razingScore value='300'/>
		<mineralScore value='21730'/>
		<gasScore value='6976'/>
		<totalScore value='82656'/>
	</enemy>

	<scoreRatio value='1.64085'/>
	<timeFitness value='0.5'/>
	<unitsAverage value='131'/>
</results>
