<results>
	<result value='loss'/>
	<start value='2015-05-06.00:05:54'/>
	<end value='2015-05-06.00:06:48'/>
	<frames value='49013'/>
	<gameDuration value='3063'/>

	<player>
		<unitScore value='23050'/>
		<killScore value='19350'/>
		<buildingScore value='2900'/>
		<razingScore value='1350'/>
		<mineralScore value='23918'/>
		<gasScore value='4928'/>
		<totalScore value='75496'/>
	</player>

	<enemy>
		<race value='Protoss'/>
		<unitScore value='35115'/>
		<unitScore value='35115'/>
		<killScore value='46100'/>
		<buildingScore value='8575'/>
		<razingScore value='8700'/>
		<mineralScore value='34242'/>
		<gasScore value='12594'/>
		<totalScore value='145326'/>
	</enemy>

	<scoreRatio value='0.519494'/>
	<timeFitness value='0.425417'/>
	<unitsAverage value='67'/>
</results>
