<results>
	<result value='loss'/>
	<start value='2015-05-06.00:21:46'/>
	<end value='2015-05-06.00:21:55'/>
	<frames value='16277'/>
	<gameDuration value='1017'/>

	<player>
		<unitScore value='3075'/>
		<killScore value='1400'/>
		<buildingScore value='1575'/>
		<razingScore value='0'/>
		<mineralScore value='4818'/>
		<gasScore value='816'/>
		<totalScore value='11684'/>
	</player>

	<enemy>
		<race value='Protoss'/>
		<unitScore value='3750'/>
		<unitScore value='3750'/>
		<killScore value='6150'/>
		<buildingScore value='3925'/>
		<razingScore value='4725'/>
		<mineralScore value='8802'/>
		<gasScore value='1776'/>
		<totalScore value='29128'/>
	</enemy>

	<scoreRatio value='0.401126'/>
	<timeFitness value='0.14125'/>
	<unitsAverage value='26'/>
</results>
