<results>
	<result value='loss'/>
	<start value='2015-05-06.00:29:04'/>
	<end value='2015-05-06.00:29:18'/>
	<frames value='22880'/>
	<gameDuration value='1430'/>

	<player>
		<unitScore value='4850'/>
		<killScore value='2600'/>
		<buildingScore value='1875'/>
		<razingScore value='0'/>
		<mineralScore value='7458'/>
		<gasScore value='680'/>
		<totalScore value='17463'/>
	</player>

	<enemy>
		<race value='Protoss'/>
		<unitScore value='7675'/>
		<unitScore value='7675'/>
		<killScore value='9700'/>
		<buildingScore value='6025'/>
		<razingScore value='5625'/>
		<mineralScore value='13618'/>
		<gasScore value='4096'/>
		<totalScore value='46739'/>
	</enemy>

	<scoreRatio value='0.373628'/>
	<timeFitness value='0.198611'/>
	<unitsAverage value='24'/>
</results>
