<results>
	<result value='win'/>
	<start value='2015-05-06.00:33:45'/>
	<end value='2015-05-06.00:34:21'/>
	<frames value='36551'/>
	<gameDuration value='2284'/>

	<player>
		<unitScore value='16425'/>
		<killScore value='16000'/>
		<buildingScore value='3650'/>
		<razingScore value='21300'/>
		<mineralScore value='23690'/>
		<gasScore value='3568'/>
		<totalScore value='84633'/>
	</player>

	<enemy>
		<race value='Protoss'/>
		<unitScore value='8200'/>
		<unitScore value='8200'/>
		<killScore value='14350'/>
		<buildingScore value='7100'/>
		<razingScore value='525'/>
		<mineralScore value='20850'/>
		<gasScore value='4024'/>
		<totalScore value='55049'/>
	</enemy>

	<scoreRatio value='1.53741'/>
	<timeFitness value='0.682778'/>
	<unitsAverage value='75'/>
</results>
