<results>
	<result value='win'/>
	<start value='2015-05-10.07:12:26'/>
	<end value='2015-05-10.07:13:59'/>
	<frames value='50408'/>
	<gameDuration value='3150'/>

	<player>
		<unitScore value='24850'/>
		<killScore value='37900'/>
		<buildingScore value='3150'/>
		<razingScore value='26100'/>
		<mineralScore value='26190'/>
		<gasScore value='5084'/>
		<totalScore value='123274'/>
	</player>

	<enemy>
		<race value='Protoss'/>
		<unitScore value='19400'/>
		<unitScore value='19400'/>
		<killScore value='33000'/>
		<buildingScore value='8700'/>
		<razingScore value='1425'/>
		<mineralScore value='24134'/>
		<gasScore value='7552'/>
		<totalScore value='94211'/>
	</enemy>

	<scoreRatio value='1.30849'/>
	<timeFitness value='0.5625'/>
	<unitsAverage value='120'/>
</results>
