<results>
	<result value='loss'/>
	<start value='2015-05-08.19:56:00'/>
	<end value='2015-05-08.19:56:07'/>
	<frames value='18230'/>
	<gameDuration value='1139'/>

	<player>
		<unitScore value='3250'/>
		<killScore value='1600'/>
		<buildingScore value='1500'/>
		<razingScore value='0'/>
		<mineralScore value='4938'/>
		<gasScore value='544'/>
		<totalScore value='11832'/>
	</player>

	<enemy>
		<race value='Protoss'/>
		<unitScore value='4550'/>
		<unitScore value='4550'/>
		<killScore value='6500'/>
		<buildingScore value='4475'/>
		<razingScore value='4500'/>
		<mineralScore value='10362'/>
		<gasScore value='1824'/>
		<totalScore value='32211'/>
	</enemy>

	<scoreRatio value='0.367328'/>
	<timeFitness value='0.158194'/>
	<unitsAverage value='21'/>
</results>
