<results>
	<result value='loss'/>
	<start value='2015-05-08.20:01:47'/>
	<end value='2015-05-08.20:01:59'/>
	<frames value='28429'/>
	<gameDuration value='1776'/>

	<player>
		<unitScore value='2975'/>
		<killScore value='2700'/>
		<buildingScore value='1525'/>
		<razingScore value='0'/>
		<mineralScore value='4730'/>
		<gasScore value='656'/>
		<totalScore value='12586'/>
	</player>

	<enemy>
		<race value='Protoss'/>
		<unitScore value='13100'/>
		<unitScore value='13100'/>
		<killScore value='5950'/>
		<buildingScore value='6875'/>
		<razingScore value='4575'/>
		<mineralScore value='17558'/>
		<gasScore value='6744'/>
		<totalScore value='54802'/>
	</enemy>

	<scoreRatio value='0.229663'/>
	<timeFitness value='0.246667'/>
	<unitsAverage value='20'/>
</results>
