<results>
	<result value='win'/>
	<start value='2015-05-08.20:03:57'/>
	<end value='2015-05-08.20:04:40'/>
	<frames value='47990'/>
	<gameDuration value='2999'/>

	<player>
		<unitScore value='28550'/>
		<killScore value='35100'/>
		<buildingScore value='3525'/>
		<razingScore value='18825'/>
		<mineralScore value='31226'/>
		<gasScore value='6202'/>
		<totalScore value='123428'/>
	</player>

	<enemy>
		<race value='Protoss'/>
		<unitScore value='18550'/>
		<unitScore value='18550'/>
		<killScore value='42550'/>
		<buildingScore value='6275'/>
		<razingScore value='1500'/>
		<mineralScore value='19862'/>
		<gasScore value='8902'/>
		<totalScore value='97639'/>
	</enemy>

	<scoreRatio value='1.26413'/>
	<timeFitness value='0.583472'/>
	<unitsAverage value='98'/>
</results>
