<results>
	<result value='loss'/>
	<start value='2015-05-08.20:10:49'/>
	<end value='2015-05-08.20:11:02'/>
	<frames value='28584'/>
	<gameDuration value='1786'/>

	<player>
		<unitScore value='7475'/>
		<killScore value='2500'/>
		<buildingScore value='2250'/>
		<razingScore value='0'/>
		<mineralScore value='9770'/>
		<gasScore value='1696'/>
		<totalScore value='23691'/>
	</player>

	<enemy>
		<race value='Protoss'/>
		<unitScore value='12950'/>
		<unitScore value='12950'/>
		<killScore value='14950'/>
		<buildingScore value='6675'/>
		<razingScore value='6750'/>
		<mineralScore value='18478'/>
		<gasScore value='6152'/>
		<totalScore value='65955'/>
	</enemy>

	<scoreRatio value='0.359199'/>
	<timeFitness value='0.248056'/>
	<unitsAverage value='34'/>
</results>
