<results>
	<result value='loss'/>
	<start value='2015-04-11.06:18:44'/>
	<end value='2015-04-11.06:19:19'/>
	<frames value='32707'/>
	<gameDuration value='2044'/>

	<player>
		<unitScore value='9975'/>
		<killScore value='5800'/>
		<buildingScore value='2450'/>
		<razingScore value='0'/>
		<mineralScore value='12578'/>
		<gasScore value='2040'/>
		<totalScore value='32843'/>
	</player>

	<enemy>
		<race value='Protoss'/>
		<unitScore value='18250'/>
		<unitScore value='18250'/>
		<killScore value='19950'/>
		<buildingScore value='6925'/>
		<razingScore value='7350'/>
		<mineralScore value='20862'/>
		<gasScore value='8600'/>
		<totalScore value='81937'/>
	</enemy>

	<scoreRatio value='0.400832'/>
</results>
