<results>
	<result value='win'/>
	<start value='2015-05-08.22:40:21'/>
	<end value='2015-05-08.22:40:52'/>
	<frames value='25484'/>
	<gameDuration value='1592'/>

	<player>
		<unitScore value='13425'/>
		<killScore value='20350'/>
		<buildingScore value='4075'/>
		<razingScore value='8550'/>
		<mineralScore value='23474'/>
		<gasScore value='2640'/>
		<totalScore value='72514'/>
	</player>

	<enemy>
		<race value='Terran'/>
		<unitScore value='10175'/>
		<unitScore value='10175'/>
		<killScore value='6950'/>
		<buildingScore value='2850'/>
		<razingScore value='0'/>
		<mineralScore value='10106'/>
		<gasScore value='3808'/>
		<totalScore value='33889'/>
	</enemy>

	<scoreRatio value='2.13975'/>
	<timeFitness value='0.778889'/>
	<unitsAverage value='87'/>
</results>
