<results>
	<result value='win'/>
	<start value='2015-04-29.23:45:36'/>
	<end value='2015-04-29.23:46:15'/>
	<frames value='26879'/>
	<gameDuration value='1679'/>

	<player>
		<unitScore value='15550'/>
		<killScore value='18980'/>
		<buildingScore value='4475'/>
		<razingScore value='5460'/>
		<mineralScore value='27018'/>
		<gasScore value='2144'/>
		<totalScore value='73627'/>
	</player>

	<enemy>
		<race value='Zerg'/>
		<unitScore value='8825'/>
		<unitScore value='8825'/>
		<killScore value='9800'/>
		<buildingScore value='1820'/>
		<razingScore value='0'/>
		<mineralScore value='9330'/>
		<gasScore value='3000'/>
		<totalScore value='32775'/>
	</enemy>

	<scoreRatio value='2.24644'/>
	<timeFitness value='0.766806'/>
	<unitsAverage value='95'/>
</results>
