<results>
	<result value='win'/>
	<start value='2015-04-29.23:57:54'/>
	<end value='2015-04-29.23:58:23'/>
	<frames value='23376'/>
	<gameDuration value='1461'/>

	<player>
		<unitScore value='14150'/>
		<killScore value='22370'/>
		<buildingScore value='4000'/>
		<razingScore value='4755'/>
		<mineralScore value='19486'/>
		<gasScore value='1496'/>
		<totalScore value='66257'/>
	</player>

	<enemy>
		<race value='Zerg'/>
		<unitScore value='10200'/>
		<unitScore value='10200'/>
		<killScore value='11800'/>
		<buildingScore value='1585'/>
		<razingScore value='0'/>
		<mineralScore value='9314'/>
		<gasScore value='2720'/>
		<totalScore value='35619'/>
	</enemy>

	<scoreRatio value='1.86016'/>
	<timeFitness value='0.797083'/>
	<unitsAverage value='76'/>
</results>
