<results>
	<result value='win'/>
	<start value='2015-04-30.00:00:20'/>
	<end value='2015-04-30.00:00:50'/>
	<frames value='23531'/>
	<gameDuration value='1470'/>

	<player>
		<unitScore value='13225'/>
		<killScore value='17480'/>
		<buildingScore value='3050'/>
		<razingScore value='5460'/>
		<mineralScore value='18950'/>
		<gasScore value='2272'/>
		<totalScore value='60437'/>
	</player>

	<enemy>
		<race value='Zerg'/>
		<unitScore value='8525'/>
		<unitScore value='8525'/>
		<killScore value='7700'/>
		<buildingScore value='1820'/>
		<razingScore value='0'/>
		<mineralScore value='8714'/>
		<gasScore value='2504'/>
		<totalScore value='29263'/>
	</enemy>

	<scoreRatio value='2.0653'/>
	<timeFitness value='0.795833'/>
	<unitsAverage value='82'/>
</results>
