<results>
	<result value='loss'/>
	<start value='2015-04-16.22:37:49'/>
	<end value='2015-04-16.22:38:31'/>
	<frames value='46068'/>
	<gameDuration value='2879'/>

	<player>
		<unitScore value='2725'/>
		<killScore value='2400'/>
		<buildingScore value='1450'/>
		<razingScore value='0'/>
		<mineralScore value='3882'/>
		<gasScore value='2896'/>
		<totalScore value='13353'/>
	</player>

	<enemy>
		<race value='Protoss'/>
		<unitScore value='5650'/>
		<unitScore value='5650'/>
		<killScore value='5450'/>
		<buildingScore value='5325'/>
		<razingScore value='4350'/>
		<mineralScore value='33294'/>
		<gasScore value='12470'/>
		<totalScore value='66539'/>
	</enemy>

	<scoreRatio value='0.200679'/>
</results>
