<results>
	<result value='win'/>
	<start value='2015-04-10.19:29:34'/>
	<end value='2015-04-10.19:29:59'/>
	<frames value='19997'/>
	<gameDuration value='1249'/>

	<player>
		<unitScore value='9100'/>
		<killScore value='8800'/>
		<buildingScore value='2850'/>
		<razingScore value='7125'/>
		<mineralScore value='14714'/>
		<gasScore value='2120'/>
		<totalScore value='44709'/>
	</player>

	<enemy>
		<race value='Protoss'/>
		<unitScore value='4400'/>
		<unitScore value='4400'/>
		<killScore value='6000'/>
		<buildingScore value='2375'/>
		<razingScore value='150'/>
		<mineralScore value='6906'/>
		<gasScore value='1120'/>
		<totalScore value='20951'/>
	</enemy>

	<scoreRatio value='2.13398'/>
</results>
