<results>
	<result value='loss'/>
	<start value='2015-07-21.09:08:25'/>
	<end value='2015-07-21.09:08:29'/>
	<frames value='7814'/>
	<gameDuration value='488'/>

	<player>
		<unitScore value='950'/>
		<killScore value='0'/>
		<buildingScore value='1025'/>
		<razingScore value='0'/>
		<mineralScore value='1658'/>
		<gasScore value='0'/>
		<totalScore value='3633'/>
	</player>

	<enemy>
		<race value='Zerg'/>
		<unitScore value='1350'/>
		<killScore value='1800'/>
		<buildingScore value='780'/>
		<razingScore value='3075'/>
		<mineralScore value='2122'/>
		<gasScore value='24'/>
		<totalScore value='9151'/>
	</enemy>

	<scoreRatio value='0.397006'/>
	<timeFitness value='0.0677778'/>
	<unitsAverage value='10'/>
</results>
