<results>
	<result value='loss'/>
	<start value='2015-07-21.09:09:23'/>
	<end value='2015-07-21.09:09:51'/>
	<frames value='26290'/>
	<gameDuration value='1643'/>

	<player>
		<unitScore value='14325'/>
		<killScore value='8750'/>
		<buildingScore value='3175'/>
		<razingScore value='0'/>
		<mineralScore value='22950'/>
		<gasScore value='2320'/>
		<totalScore value='51520'/>
	</player>

	<enemy>
		<race value='Zerg'/>
		<unitScore value='12700'/>
		<killScore value='28650'/>
		<buildingScore value='3100'/>
		<razingScore value='9525'/>
		<mineralScore value='15658'/>
		<gasScore value='3960'/>
		<totalScore value='73593'/>
	</enemy>

	<scoreRatio value='0.700067'/>
	<timeFitness value='0.228194'/>
	<unitsAverage value='57'/>
</results>
