<results>
	<result value='loss'/>
	<start value='2015-07-21.09:15:10'/>
	<end value='2015-07-21.09:15:36'/>
	<frames value='25546'/>
	<gameDuration value='1596'/>

	<player>
		<unitScore value='10900'/>
		<killScore value='6450'/>
		<buildingScore value='2875'/>
		<razingScore value='0'/>
		<mineralScore value='22554'/>
		<gasScore value='1096'/>
		<totalScore value='43875'/>
	</player>

	<enemy>
		<race value='Zerg'/>
		<unitScore value='12550'/>
		<killScore value='20600'/>
		<buildingScore value='3255'/>
		<razingScore value='8475'/>
		<mineralScore value='14442'/>
		<gasScore value='5096'/>
		<totalScore value='64418'/>
	</enemy>

	<scoreRatio value='0.681098'/>
	<timeFitness value='0.221667'/>
	<unitsAverage value='62'/>
</results>
