<results>
	<result value='loss'/>
	<start value='2015-07-18.07:23:25'/>
	<end value='2015-07-18.07:24:26'/>
	<frames value='50377'/>
	<gameDuration value='3148'/>

	<player>
		<unitScore value='21375'/>
		<killScore value='9100'/>
		<buildingScore value='3800'/>
		<razingScore value='0'/>
		<mineralScore value='27678'/>
		<gasScore value='6544'/>
		<totalScore value='68497'/>
	</player>

	<enemy>
		<race value='Protoss'/>
		<unitScore value='27985'/>
		<killScore value='42900'/>
		<buildingScore value='8800'/>
		<razingScore value='11400'/>
		<mineralScore value='33298'/>
		<gasScore value='11374'/>
		<totalScore value='135757'/>
	</enemy>

	<scoreRatio value='0.504556'/>
	<timeFitness value='0.437222'/>
	<unitsAverage value='77'/>
</results>
