<results>
	<result value='loss'/>
	<start value='2015-07-18.07:37:58'/>
	<end value='2015-07-18.07:38:43'/>
	<frames value='41356'/>
	<gameDuration value='2584'/>

	<player>
		<unitScore value='20575'/>
		<killScore value='14300'/>
		<buildingScore value='3225'/>
		<razingScore value='0'/>
		<mineralScore value='24502'/>
		<gasScore value='3488'/>
		<totalScore value='66090'/>
	</player>

	<enemy>
		<race value='Protoss'/>
		<unitScore value='27370'/>
		<killScore value='41350'/>
		<buildingScore value='7275'/>
		<razingScore value='9675'/>
		<mineralScore value='27498'/>
		<gasScore value='10558'/>
		<totalScore value='123726'/>
	</enemy>

	<scoreRatio value='0.534164'/>
	<timeFitness value='0.358889'/>
	<unitsAverage value='67'/>
</results>
