<results>
	<result value='loss'/>
	<start value='2015-04-28.17:59:04'/>
	<end value='2015-04-28.17:59:55'/>
	<frames value='48052'/>
	<gameDuration value='3003'/>

	<player>
		<unitScore value='20100'/>
		<killScore value='23350'/>
		<buildingScore value='2550'/>
		<razingScore value='4875'/>
		<mineralScore value='23910'/>
		<gasScore value='960'/>
		<totalScore value='75745'/>
	</player>

	<enemy>
		<race value='Protoss'/>
		<unitScore value='27375'/>
		<unitScore value='27375'/>
		<killScore value='40200'/>
		<buildingScore value='9125'/>
		<razingScore value='7650'/>
		<mineralScore value='30194'/>
		<gasScore value='10092'/>
		<totalScore value='124636'/>
	</enemy>

	<scoreRatio value='0.60773'/>
</results>
