<results>
	<result value='win'/>
	<start value='2015-05-07.16:38:41'/>
	<end value='2015-05-07.16:39:14'/>
	<frames value='23717'/>
	<gameDuration value='1482'/>

	<player>
		<unitScore value='10525'/>
		<killScore value='15250'/>
		<buildingScore value='3250'/>
		<razingScore value='4500'/>
		<mineralScore value='16738'/>
		<gasScore value='2472'/>
		<totalScore value='52735'/>
	</player>

	<enemy>
		<race value='Terran'/>
		<unitScore value='7625'/>
		<unitScore value='7625'/>
		<killScore value='6650'/>
		<buildingScore value='1500'/>
		<razingScore value='150'/>
		<mineralScore value='9986'/>
		<gasScore value='2056'/>
		<totalScore value='27967'/>
	</enemy>

	<scoreRatio value='1.88562'/>
	<timeFitness value='0.794167'/>
	<unitsAverage value='71'/>
</results>
