<results>
	<result value='win'/>
	<start value='2015-05-07.16:46:09'/>
	<end value='2015-05-07.16:46:53'/>
	<frames value='28336'/>
	<gameDuration value='1771'/>

	<player>
		<unitScore value='14975'/>
		<killScore value='21100'/>
		<buildingScore value='4250'/>
		<razingScore value='9300'/>
		<mineralScore value='20874'/>
		<gasScore value='1744'/>
		<totalScore value='72243'/>
	</player>

	<enemy>
		<race value='Terran'/>
		<unitScore value='10550'/>
		<unitScore value='10550'/>
		<killScore value='10950'/>
		<buildingScore value='3175'/>
		<razingScore value='2400'/>
		<mineralScore value='10714'/>
		<gasScore value='3912'/>
		<totalScore value='41701'/>
	</enemy>

	<scoreRatio value='1.7324'/>
	<timeFitness value='0.754028'/>
	<unitsAverage value='80'/>
</results>
