<results>
	<result value='win'/>
	<start value='2015-05-07.16:44:51'/>
	<end value='2015-05-07.16:46:04'/>
	<frames value='33792'/>
	<gameDuration value='2112'/>

	<player>
		<unitScore value='19075'/>
		<killScore value='31550'/>
		<buildingScore value='4825'/>
		<razingScore value='11850'/>
		<mineralScore value='31274'/>
		<gasScore value='3240'/>
		<totalScore value='101814'/>
	</player>

	<enemy>
		<race value='Terran'/>
		<unitScore value='16575'/>
		<unitScore value='16575'/>
		<killScore value='14700'/>
		<buildingScore value='3950'/>
		<razingScore value='1800'/>
		<mineralScore value='13910'/>
		<gasScore value='6688'/>
		<totalScore value='57623'/>
	</enemy>

	<scoreRatio value='1.7669'/>
	<timeFitness value='0.706667'/>
	<unitsAverage value='114'/>
</results>
