<results>
	<result value='loss'/>
	<start value='2015-05-07.16:56:56'/>
	<end value='2015-05-07.16:57:16'/>
	<frames value='19842'/>
	<gameDuration value='1240'/>

	<player>
		<unitScore value='4025'/>
		<killScore value='2200'/>
		<buildingScore value='2100'/>
		<razingScore value='0'/>
		<mineralScore value='6522'/>
		<gasScore value='728'/>
		<totalScore value='15575'/>
	</player>

	<enemy>
		<race value='Terran'/>
		<unitScore value='7725'/>
		<unitScore value='7725'/>
		<killScore value='8050'/>
		<buildingScore value='2850'/>
		<razingScore value='6300'/>
		<mineralScore value='9450'/>
		<gasScore value='3576'/>
		<totalScore value='37951'/>
	</enemy>

	<scoreRatio value='0.410398'/>
	<timeFitness value='0.172222'/>
	<unitsAverage value='28'/>
</results>
