<results>
	<result value='loss'/>
	<start value='2015-05-11.03:15:30'/>
	<end value='2015-05-11.03:15:36'/>
	<frames value='14541'/>
	<gameDuration value='908'/>

	<player>
		<unitScore value='2450'/>
		<killScore value='800'/>
		<buildingScore value='1400'/>
		<razingScore value='0'/>
		<mineralScore value='3730'/>
		<gasScore value='696'/>
		<totalScore value='9076'/>
	</player>

	<enemy>
		<race value='Protoss'/>
		<unitScore value='3550'/>
		<unitScore value='3550'/>
		<killScore value='4900'/>
		<buildingScore value='2575'/>
		<razingScore value='4200'/>
		<mineralScore value='7554'/>
		<gasScore value='1328'/>
		<totalScore value='24107'/>
	</enemy>

	<scoreRatio value='0.376488'/>
	<timeFitness value='0.126111'/>
	<unitsAverage value='17'/>
</results>
