<results>
	<result value='loss'/>
	<start value='2015-05-03.02:20:30'/>
	<end value='2015-05-03.02:20:38'/>
	<frames value='16990'/>
	<gameDuration value='1061'/>

	<player>
		<unitScore value='4275'/>
		<killScore value='600'/>
		<buildingScore value='2100'/>
		<razingScore value='0'/>
		<mineralScore value='6402'/>
		<gasScore value='1264'/>
		<totalScore value='14641'/>
	</player>

	<enemy>
		<race value='Protoss'/>
		<unitScore value='5275'/>
		<unitScore value='5275'/>
		<killScore value='8550'/>
		<buildingScore value='3375'/>
		<razingScore value='6300'/>
		<mineralScore value='8762'/>
		<gasScore value='2512'/>
		<totalScore value='34774'/>
	</enemy>

	<scoreRatio value='0.421033'/>
	<timeFitness value='0.147361'/>
	<unitsAverage value='31'/>
</results>
