<results>
	<result value='loss'/>
	<start value='2015-05-11.17:03:47'/>
	<end value='2015-05-11.17:04:59'/>
	<frames value='44766'/>
	<gameDuration value='2797'/>

	<player>
		<unitScore value='23775'/>
		<killScore value='30650'/>
		<buildingScore value='2825'/>
		<razingScore value='300'/>
		<mineralScore value='24026'/>
		<gasScore value='4962'/>
		<totalScore value='86538'/>
	</player>

	<enemy>
		<race value='Protoss'/>
		<unitScore value='37210'/>
		<unitScore value='37210'/>
		<killScore value='47550'/>
		<buildingScore value='7575'/>
		<razingScore value='8475'/>
		<mineralScore value='31530'/>
		<gasScore value='12978'/>
		<totalScore value='145318'/>
	</enemy>

	<scoreRatio value='0.595508'/>
	<timeFitness value='0.388472'/>
	<unitsAverage value='105'/>
</results>
