<results>
	<result value='loss'/>
	<start value='2015-05-11.03:20:15'/>
	<end value='2015-05-11.03:20:24'/>
	<frames value='18540'/>
	<gameDuration value='1158'/>

	<player>
		<unitScore value='3425'/>
		<killScore value='2000'/>
		<buildingScore value='1625'/>
		<razingScore value='0'/>
		<mineralScore value='5058'/>
		<gasScore value='984'/>
		<totalScore value='13092'/>
	</player>

	<enemy>
		<race value='Protoss'/>
		<unitScore value='4100'/>
		<unitScore value='4100'/>
		<killScore value='6850'/>
		<buildingScore value='4525'/>
		<razingScore value='4650'/>
		<mineralScore value='10562'/>
		<gasScore value='1872'/>
		<totalScore value='32559'/>
	</enemy>

	<scoreRatio value='0.402101'/>
	<timeFitness value='0.160833'/>
	<unitsAverage value='22'/>
</results>
