<results>
	<result value='draw'/>
	<start value='2015-05-11.17:06:38'/>
	<end value='2015-05-11.17:08:46'/>
	<frames value='57601'/>
	<gameDuration value='3600'/>

	<player>
		<unitScore value='31075'/>
		<killScore value='66000'/>
		<buildingScore value='4150'/>
		<razingScore value='5025'/>
		<mineralScore value='31510'/>
		<gasScore value='8806'/>
		<totalScore value='146566'/>
	</player>

	<enemy>
		<race value='Protoss'/>
		<unitScore value='41430'/>
		<unitScore value='41430'/>
		<killScore value='45200'/>
		<buildingScore value='7600'/>
		<razingScore value='1050'/>
		<mineralScore value='31542'/>
		<gasScore value='12252'/>
		<totalScore value='139074'/>
	</enemy>

	<scoreRatio value='1.05387'/>
	<timeFitness value='0.5'/>
	<unitsAverage value='155'/>
</results>
