<results>
	<result value='loss'/>
	<start value='2015-05-11.03:22:49'/>
	<end value='2015-05-11.03:22:56'/>
	<frames value='15688'/>
	<gameDuration value='980'/>

	<player>
		<unitScore value='3100'/>
		<killScore value='400'/>
		<buildingScore value='1575'/>
		<razingScore value='0'/>
		<mineralScore value='4626'/>
		<gasScore value='496'/>
		<totalScore value='10197'/>
	</player>

	<enemy>
		<race value='Protoss'/>
		<unitScore value='3550'/>
		<unitScore value='3550'/>
		<killScore value='6200'/>
		<buildingScore value='3375'/>
		<razingScore value='4725'/>
		<mineralScore value='8042'/>
		<gasScore value='1496'/>
		<totalScore value='27388'/>
	</enemy>

	<scoreRatio value='0.372316'/>
	<timeFitness value='0.136111'/>
	<unitsAverage value='23'/>
</results>
