<results>
	<result value='loss'/>
	<start value='2015-07-20.23:39:07'/>
	<end value='2015-07-20.23:39:30'/>
	<frames value='23593'/>
	<gameDuration value='1474'/>

	<player>
		<unitScore value='10475'/>
		<killScore value='6650'/>
		<buildingScore value='2900'/>
		<razingScore value='0'/>
		<mineralScore value='18466'/>
		<gasScore value='1480'/>
		<totalScore value='39971'/>
	</player>

	<enemy>
		<race value='Zerg'/>
		<unitScore value='9250'/>
		<killScore value='21050'/>
		<buildingScore value='2905'/>
		<razingScore value='8700'/>
		<mineralScore value='12250'/>
		<gasScore value='3648'/>
		<totalScore value='57803'/>
	</enemy>

	<scoreRatio value='0.691504'/>
	<timeFitness value='0.204722'/>
	<unitsAverage value='48'/>
</results>
