<results>
	<result value='loss'/>
	<start value='2015-07-20.23:46:18'/>
	<end value='2015-07-20.23:46:58'/>
	<frames value='34412'/>
	<gameDuration value='2150'/>

	<player>
		<unitScore value='19175'/>
		<killScore value='17300'/>
		<buildingScore value='3525'/>
		<razingScore value='195'/>
		<mineralScore value='29986'/>
		<gasScore value='3056'/>
		<totalScore value='73237'/>
	</player>

	<enemy>
		<race value='Zerg'/>
		<unitScore value='18175'/>
		<killScore value='38350'/>
		<buildingScore value='3775'/>
		<razingScore value='10575'/>
		<mineralScore value='17890'/>
		<gasScore value='6520'/>
		<totalScore value='95285'/>
	</enemy>

	<scoreRatio value='0.76861'/>
	<timeFitness value='0.298611'/>
	<unitsAverage value='60'/>
</results>
