<results>
	<result value='loss'/>
	<start value='2015-05-10.12:57:27'/>
	<end value='2015-05-10.12:57:35'/>
	<frames value='15998'/>
	<gameDuration value='999'/>

	<player>
		<unitScore value='3475'/>
		<killScore value='1200'/>
		<buildingScore value='1600'/>
		<razingScore value='0'/>
		<mineralScore value='5250'/>
		<gasScore value='584'/>
		<totalScore value='12109'/>
	</player>

	<enemy>
		<race value='Protoss'/>
		<unitScore value='3550'/>
		<unitScore value='3550'/>
		<killScore value='6850'/>
		<buildingScore value='3875'/>
		<razingScore value='4800'/>
		<mineralScore value='8538'/>
		<gasScore value='1552'/>
		<totalScore value='29165'/>
	</enemy>

	<scoreRatio value='0.415189'/>
	<timeFitness value='0.13875'/>
	<unitsAverage value='25'/>
</results>
