<results>
	<result value='draw'/>
	<start value='2015-07-14.04:02:45'/>
	<end value='2015-07-14.04:04:21'/>
	<frames value='57601'/>
	<gameDuration value='3600'/>

	<player>
		<unitScore value='28200'/>
		<killScore value='21200'/>
		<buildingScore value='3100'/>
		<razingScore value='4200'/>
		<mineralScore value='23942'/>
		<gasScore value='4496'/>
		<totalScore value='85138'/>
	</player>

	<enemy>
		<race value='Protoss'/>
		<unitScore value='22350'/>
		<killScore value='47350'/>
		<buildingScore value='8825'/>
		<razingScore value='8925'/>
		<mineralScore value='39014'/>
		<gasScore value='9920'/>
		<totalScore value='136384'/>
	</enemy>

	<scoreRatio value='0.624252'/>
	<timeFitness value='0.5'/>
	<unitsAverage value='88'/>
</results>
