<results>
	<result value='loss'/>
	<start value='2015-07-14.04:06:03'/>
	<end value='2015-07-14.04:06:13'/>
	<frames value='15037'/>
	<gameDuration value='939'/>

	<player>
		<unitScore value='2900'/>
		<killScore value='800'/>
		<buildingScore value='1625'/>
		<razingScore value='0'/>
		<mineralScore value='4426'/>
		<gasScore value='824'/>
		<totalScore value='10575'/>
	</player>

	<enemy>
		<race value='Protoss'/>
		<unitScore value='3550'/>
		<killScore value='5800'/>
		<buildingScore value='2725'/>
		<razingScore value='4875'/>
		<mineralScore value='7946'/>
		<gasScore value='1416'/>
		<totalScore value='26312'/>
	</enemy>

	<scoreRatio value='0.401908'/>
	<timeFitness value='0.130417'/>
	<unitsAverage value='21'/>
</results>
