<results>
	<result value='loss'/>
	<start value='2015-07-14.04:20:53'/>
	<end value='2015-07-14.04:21:09'/>
	<frames value='21609'/>
	<gameDuration value='1350'/>

	<player>
		<unitScore value='7150'/>
		<killScore value='1600'/>
		<buildingScore value='1950'/>
		<razingScore value='0'/>
		<mineralScore value='8634'/>
		<gasScore value='968'/>
		<totalScore value='20302'/>
	</player>

	<enemy>
		<race value='Protoss'/>
		<unitScore value='6225'/>
		<killScore value='14200'/>
		<buildingScore value='5475'/>
		<razingScore value='5850'/>
		<mineralScore value='12546'/>
		<gasScore value='3040'/>
		<totalScore value='47336'/>
	</enemy>

	<scoreRatio value='0.428891'/>
	<timeFitness value='0.1875'/>
	<unitsAverage value='27'/>
</results>
