<results>
	<result value='draw'/>
	<start value='2015-04-25.03:05:34'/>
	<end value='2015-04-25.03:06:39'/>
	<frames value='57601'/>
	<gameDuration value='3600'/>

	<player>
		<unitScore value='26625'/>
		<killScore value='19300'/>
		<buildingScore value='4075'/>
		<razingScore value='1200'/>
		<mineralScore value='28658'/>
		<gasScore value='5222'/>
		<totalScore value='85080'/>
	</player>

	<enemy>
		<race value='Terran'/>
		<unitScore value='11900'/>
		<unitScore value='11900'/>
		<killScore value='40450'/>
		<buildingScore value='3000'/>
		<razingScore value='5100'/>
		<mineralScore value='12050'/>
		<gasScore value='6508'/>
		<totalScore value='79008'/>
	</enemy>

	<scoreRatio value='1.07685'/>
</results>
