<results>
	<result value='draw'/>
	<start value='2015-04-25.03:10:43'/>
	<end value='2015-04-25.03:11:59'/>
	<frames value='57601'/>
	<gameDuration value='3600'/>

	<player>
		<unitScore value='30925'/>
		<killScore value='22000'/>
		<buildingScore value='3775'/>
		<razingScore value='0'/>
		<mineralScore value='31454'/>
		<gasScore value='7070'/>
		<totalScore value='95224'/>
	</player>

	<enemy>
		<race value='Terran'/>
		<unitScore value='29525'/>
		<unitScore value='29525'/>
		<killScore value='51250'/>
		<buildingScore value='4775'/>
		<razingScore value='5175'/>
		<mineralScore value='31378'/>
		<gasScore value='12338'/>
		<totalScore value='134441'/>
	</enemy>

	<scoreRatio value='0.708296'/>
</results>
