<results>
	<result value='draw'/>
	<start value='2015-04-25.03:20:41'/>
	<end value='2015-04-25.03:21:39'/>
	<frames value='57601'/>
	<gameDuration value='3600'/>

	<player>
		<unitScore value='30200'/>
		<killScore value='36050'/>
		<buildingScore value='3475'/>
		<razingScore value='0'/>
		<mineralScore value='31470'/>
		<gasScore value='7840'/>
		<totalScore value='109035'/>
	</player>

	<enemy>
		<race value='Terran'/>
		<unitScore value='31000'/>
		<unitScore value='31000'/>
		<killScore value='56150'/>
		<buildingScore value='4625'/>
		<razingScore value='2925'/>
		<mineralScore value='31314'/>
		<gasScore value='12364'/>
		<totalScore value='138378'/>
	</enemy>

	<scoreRatio value='0.78795'/>
</results>
