<results>
	<result value='win'/>
	<start value='2015-04-25.05:08:21'/>
	<end value='2015-04-25.05:09:05'/>
	<frames value='36458'/>
	<gameDuration value='2278'/>

	<player>
		<unitScore value='23050'/>
		<killScore value='36900'/>
		<buildingScore value='4575'/>
		<razingScore value='11850'/>
		<mineralScore value='29734'/>
		<gasScore value='3008'/>
		<totalScore value='109117'/>
	</player>

	<enemy>
		<race value='Terran'/>
		<unitScore value='21650'/>
		<unitScore value='21650'/>
		<killScore value='22500'/>
		<buildingScore value='3950'/>
		<razingScore value='2550'/>
		<mineralScore value='16682'/>
		<gasScore value='8240'/>
		<totalScore value='75572'/>
	</enemy>

	<scoreRatio value='1.44388'/>
</results>
