<results>
	<result value='draw'/>
	<start value='2015-04-25.05:10:07'/>
	<end value='2015-04-25.05:11:12'/>
	<frames value='57601'/>
	<gameDuration value='3600'/>

	<player>
		<unitScore value='34800'/>
		<killScore value='50100'/>
		<buildingScore value='4775'/>
		<razingScore value='13500'/>
		<mineralScore value='38950'/>
		<gasScore value='7818'/>
		<totalScore value='149943'/>
	</player>

	<enemy>
		<race value='Terran'/>
		<unitScore value='31375'/>
		<unitScore value='31375'/>
		<killScore value='51050'/>
		<buildingScore value='5075'/>
		<razingScore value='3975'/>
		<mineralScore value='22694'/>
		<gasScore value='11856'/>
		<totalScore value='126025'/>
	</enemy>

	<scoreRatio value='1.18979'/>
</results>
