<results>
	<result value='loss'/>
	<start value='2015-05-10.01:14:23'/>
	<end value='2015-05-10.01:14:59'/>
	<frames value='42720'/>
	<gameDuration value='2670'/>

	<player>
		<unitScore value='19100'/>
		<killScore value='23000'/>
		<buildingScore value='2700'/>
		<razingScore value='0'/>
		<mineralScore value='21226'/>
		<gasScore value='2640'/>
		<totalScore value='68666'/>
	</player>

	<enemy>
		<race value='Protoss'/>
		<unitScore value='32835'/>
		<unitScore value='32835'/>
		<killScore value='38200'/>
		<buildingScore value='7575'/>
		<razingScore value='8100'/>
		<mineralScore value='29702'/>
		<gasScore value='11630'/>
		<totalScore value='128042'/>
	</enemy>

	<scoreRatio value='0.536277'/>
	<timeFitness value='0.370833'/>
	<unitsAverage value='65'/>
</results>
