<results>
	<result value='loss'/>
	<start value='2015-05-10.01:15:03'/>
	<end value='2015-05-10.01:15:41'/>
	<frames value='48238'/>
	<gameDuration value='3014'/>

	<player>
		<unitScore value='22450'/>
		<killScore value='36600'/>
		<buildingScore value='2500'/>
		<razingScore value='750'/>
		<mineralScore value='24026'/>
		<gasScore value='4320'/>
		<totalScore value='90646'/>
	</player>

	<enemy>
		<race value='Protoss'/>
		<unitScore value='37700'/>
		<unitScore value='37700'/>
		<killScore value='44650'/>
		<buildingScore value='7375'/>
		<razingScore value='7500'/>
		<mineralScore value='34066'/>
		<gasScore value='13196'/>
		<totalScore value='144487'/>
	</enemy>

	<scoreRatio value='0.627364'/>
	<timeFitness value='0.418611'/>
	<unitsAverage value='58'/>
</results>
