<results>
	<result value='win'/>
	<start value='2015-05-10.01:17:15'/>
	<end value='2015-05-10.01:18:51'/>
	<frames value='51803'/>
	<gameDuration value='3237'/>

	<player>
		<unitScore value='20950'/>
		<killScore value='12850'/>
		<buildingScore value='3775'/>
		<razingScore value='16875'/>
		<mineralScore value='40070'/>
		<gasScore value='5282'/>
		<totalScore value='99802'/>
	</player>

	<enemy>
		<race value='Protoss'/>
		<unitScore value='6425'/>
		<unitScore value='6425'/>
		<killScore value='15900'/>
		<buildingScore value='5625'/>
		<razingScore value='300'/>
		<mineralScore value='14874'/>
		<gasScore value='3456'/>
		<totalScore value='46580'/>
	</enemy>

	<scoreRatio value='2.14259'/>
	<timeFitness value='0.550417'/>
	<unitsAverage value='145'/>
</results>
