<results>
	<result value='win'/>
	<start value='2014-07-04.03:41:44'/>
	<end value='2014-07-04.03:42:22'/>
	<frames value='45789'/>
	<gameDuration value='2861'/>

	<player>
		<unitScore value='28400'/>
		<killScore value='30250'/>
		<buildingScore value='3825'/>
		<razingScore value='10350'/>
		<mineralScore value='30322'/>
		<gasScore value='5064'/>
		<totalScore value='108211'/>
	</player>

	<enemy>
		<race value='Terran'/>
		<unitScore value='15125'/>
		<unitScore value='15125'/>
		<killScore value='44950'/>
		<buildingScore value='3450'/>
		<razingScore value='3225'/>
		<mineralScore value='13066'/>
		<gasScore value='6432'/>
		<totalScore value='86248'/>
	</enemy>

	<scoreRatio value='1.25465'/>
</results>
