<results>
	<result value='win'/>
	<start value='2014-07-04.03:45:22'/>
	<end value='2014-07-04.03:45:57'/>
	<frames value='31591'/>
	<gameDuration value='1974'/>

	<player>
		<unitScore value='21375'/>
		<killScore value='29750'/>
		<buildingScore value='4950'/>
		<razingScore value='7050'/>
		<mineralScore value='25778'/>
		<gasScore value='3528'/>
		<totalScore value='92431'/>
	</player>

	<enemy>
		<race value='Terran'/>
		<unitScore value='14875'/>
		<unitScore value='14875'/>
		<killScore value='20250'/>
		<buildingScore value='2350'/>
		<razingScore value='1950'/>
		<mineralScore value='12050'/>
		<gasScore value='5020'/>
		<totalScore value='56495'/>
	</enemy>

	<scoreRatio value='1.63609'/>
</results>
