<results>
	<result value='loss'/>
	<start value='2015-05-07.13:21:29'/>
	<end value='2015-05-07.13:21:36'/>
	<frames value='16339'/>
	<gameDuration value='1021'/>

	<player>
		<unitScore value='3550'/>
		<killScore value='1000'/>
		<buildingScore value='1825'/>
		<razingScore value='0'/>
		<mineralScore value='5362'/>
		<gasScore value='448'/>
		<totalScore value='12185'/>
	</player>

	<enemy>
		<race value='Protoss'/>
		<unitScore value='3900'/>
		<unitScore value='3900'/>
		<killScore value='7100'/>
		<buildingScore value='3325'/>
		<razingScore value='5475'/>
		<mineralScore value='8554'/>
		<gasScore value='1408'/>
		<totalScore value='29762'/>
	</enemy>

	<scoreRatio value='0.409415'/>
	<timeFitness value='0.141806'/>
	<unitsAverage value='23'/>
</results>
