<results>
	<result value='win'/>
	<start value='2015-05-07.13:28:16'/>
	<end value='2015-05-07.13:28:30'/>
	<frames value='20059'/>
	<gameDuration value='1253'/>

	<player>
		<unitScore value='9850'/>
		<killScore value='8600'/>
		<buildingScore value='3625'/>
		<razingScore value='8775'/>
		<mineralScore value='16378'/>
		<gasScore value='1944'/>
		<totalScore value='49172'/>
	</player>

	<enemy>
		<race value='Protoss'/>
		<unitScore value='4300'/>
		<unitScore value='4300'/>
		<killScore value='4500'/>
		<buildingScore value='2925'/>
		<razingScore value='0'/>
		<mineralScore value='12282'/>
		<gasScore value='936'/>
		<totalScore value='24943'/>
	</enemy>

	<scoreRatio value='1.97137'/>
	<timeFitness value='0.825972'/>
	<unitsAverage value='68'/>
</results>
