<results>
	<result value='loss'/>
	<start value='2015-04-11.14:19:10'/>
	<end value='2015-04-11.14:19:42'/>
	<frames value='29917'/>
	<gameDuration value='1869'/>

	<player>
		<unitScore value='8350'/>
		<killScore value='4500'/>
		<buildingScore value='2350'/>
		<razingScore value='0'/>
		<mineralScore value='10130'/>
		<gasScore value='2216'/>
		<totalScore value='27546'/>
	</player>

	<enemy>
		<race value='Protoss'/>
		<unitScore value='14850'/>
		<unitScore value='14850'/>
		<killScore value='16700'/>
		<buildingScore value='6025'/>
		<razingScore value='7050'/>
		<mineralScore value='18774'/>
		<gasScore value='6840'/>
		<totalScore value='70239'/>
	</enemy>

	<scoreRatio value='0.392175'/>
</results>
