<results>
	<result value='win'/>
	<start value='2015-04-11.14:24:55'/>
	<end value='2015-04-11.14:25:44'/>
	<frames value='28150'/>
	<gameDuration value='1759'/>

	<player>
		<unitScore value='15875'/>
		<killScore value='9900'/>
		<buildingScore value='2375'/>
		<razingScore value='13725'/>
		<mineralScore value='17462'/>
		<gasScore value='2832'/>
		<totalScore value='62169'/>
	</player>

	<enemy>
		<race value='Protoss'/>
		<unitScore value='4950'/>
		<unitScore value='4950'/>
		<killScore value='12350'/>
		<buildingScore value='4575'/>
		<razingScore value='0'/>
		<mineralScore value='16178'/>
		<gasScore value='944'/>
		<totalScore value='38997'/>
	</enemy>

	<scoreRatio value='1.5942'/>
</results>
