<results>
	<result value='win'/>
	<start value='2014-07-07.20:03:39'/>
	<end value='2014-07-07.20:04:17'/>
	<frames value='32614'/>
	<gameDuration value='2038'/>

	<player>
		<unitScore value='20650'/>
		<killScore value='33490'/>
		<buildingScore value='4025'/>
		<razingScore value='8160'/>
		<mineralScore value='30274'/>
		<gasScore value='3936'/>
		<totalScore value='100535'/>
	</player>

	<enemy>
		<race value='Zerg'/>
		<unitScore value='15175'/>
		<unitScore value='15175'/>
		<killScore value='16350'/>
		<buildingScore value='2720'/>
		<razingScore value='300'/>
		<mineralScore value='14894'/>
		<gasScore value='4584'/>
		<totalScore value='54023'/>
	</enemy>

	<scoreRatio value='1.86097'/>
</results>
