<results>
	<result value='win'/>
	<start value='2014-07-07.20:07:29'/>
	<end value='2014-07-07.20:07:53'/>
	<frames value='26848'/>
	<gameDuration value='1678'/>

	<player>
		<unitScore value='14850'/>
		<killScore value='19410'/>
		<buildingScore value='4325'/>
		<razingScore value='6030'/>
		<mineralScore value='21046'/>
		<gasScore value='2248'/>
		<totalScore value='67909'/>
	</player>

	<enemy>
		<race value='Zerg'/>
		<unitScore value='9050'/>
		<unitScore value='9050'/>
		<killScore value='11650'/>
		<buildingScore value='2010'/>
		<razingScore value='1800'/>
		<mineralScore value='9394'/>
		<gasScore value='3080'/>
		<totalScore value='36984'/>
	</enemy>

	<scoreRatio value='1.83617'/>
</results>
