<results>
	<result value='win'/>
	<start value='2014-07-07.20:13:29'/>
	<end value='2014-07-07.20:13:52'/>
	<frames value='26414'/>
	<gameDuration value='1650'/>

	<player>
		<unitScore value='16725'/>
		<killScore value='28880'/>
		<buildingScore value='4125'/>
		<razingScore value='5040'/>
		<mineralScore value='21110'/>
		<gasScore value='2080'/>
		<totalScore value='77960'/>
	</player>

	<enemy>
		<race value='Zerg'/>
		<unitScore value='13150'/>
		<unitScore value='13150'/>
		<killScore value='15950'/>
		<buildingScore value='1680'/>
		<razingScore value='2025'/>
		<mineralScore value='11498'/>
		<gasScore value='3816'/>
		<totalScore value='48119'/>
	</enemy>

	<scoreRatio value='1.62015'/>
</results>
