<results>
	<result value='draw'/>
	<start value='2015-04-16.21:38:34'/>
	<end value='2015-04-16.21:40:31'/>
	<frames value='57601'/>
	<gameDuration value='3600'/>

	<player>
		<unitScore value='30000'/>
		<killScore value='54800'/>
		<buildingScore value='3025'/>
		<razingScore value='900'/>
		<mineralScore value='31478'/>
		<gasScore value='5634'/>
		<totalScore value='125837'/>
	</player>

	<enemy>
		<race value='Protoss'/>
		<unitScore value='37550'/>
		<unitScore value='37550'/>
		<killScore value='59900'/>
		<buildingScore value='6425'/>
		<razingScore value='5100'/>
		<mineralScore value='31550'/>
		<gasScore value='11688'/>
		<totalScore value='152213'/>
	</enemy>

	<scoreRatio value='0.826716'/>
</results>
