<results>
	<result value='win'/>
	<start value='2015-05-09.07:41:11'/>
	<end value='2015-05-09.07:41:17'/>
	<frames value='14076'/>
	<gameDuration value='879'/>

	<player>
		<unitScore value='4600'/>
		<killScore value='7500'/>
		<buildingScore value='1550'/>
		<razingScore value='4050'/>
		<mineralScore value='7010'/>
		<gasScore value='1184'/>
		<totalScore value='25894'/>
	</player>

	<enemy>
		<race value='Terran'/>
		<unitScore value='3750'/>
		<unitScore value='3750'/>
		<killScore value='2200'/>
		<buildingScore value='1350'/>
		<razingScore value='1350'/>
		<mineralScore value='5002'/>
		<gasScore value='1296'/>
		<totalScore value='14948'/>
	</enemy>

	<scoreRatio value='1.73227'/>
	<timeFitness value='0.877917'/>
	<unitsAverage value='40'/>
</results>
