<results>
	<result value='win'/>
	<start value='2015-05-09.07:44:01'/>
	<end value='2015-05-09.07:44:12'/>
	<frames value='17889'/>
	<gameDuration value='1118'/>

	<player>
		<unitScore value='7975'/>
		<killScore value='12200'/>
		<buildingScore value='3225'/>
		<razingScore value='4350'/>
		<mineralScore value='14082'/>
		<gasScore value='1776'/>
		<totalScore value='43608'/>
	</player>

	<enemy>
		<race value='Terran'/>
		<unitScore value='6100'/>
		<unitScore value='6100'/>
		<killScore value='1350'/>
		<buildingScore value='1450'/>
		<razingScore value='150'/>
		<mineralScore value='7826'/>
		<gasScore value='2080'/>
		<totalScore value='18956'/>
	</enemy>

	<scoreRatio value='2.30049'/>
	<timeFitness value='0.844722'/>
	<unitsAverage value='65'/>
</results>
