<results>
	<result value='loss'/>
	<start value='2015-05-09.07:45:14'/>
	<end value='2015-05-09.07:45:22'/>
	<frames value='18323'/>
	<gameDuration value='1145'/>

	<player>
		<unitScore value='4275'/>
		<killScore value='2450'/>
		<buildingScore value='1775'/>
		<razingScore value='0'/>
		<mineralScore value='6346'/>
		<gasScore value='752'/>
		<totalScore value='15598'/>
	</player>

	<enemy>
		<race value='Terran'/>
		<unitScore value='6400'/>
		<unitScore value='6400'/>
		<killScore value='8550'/>
		<buildingScore value='2800'/>
		<razingScore value='5325'/>
		<mineralScore value='8370'/>
		<gasScore value='2864'/>
		<totalScore value='34309'/>
	</enemy>

	<scoreRatio value='0.454633'/>
	<timeFitness value='0.159028'/>
	<unitsAverage value='28'/>
</results>
