<results>
	<result value='win'/>
	<start value='2014-07-23.00:42:53'/>
	<end value='2014-07-23.00:43:16'/>
	<frames value='25608'/>
	<gameDuration value='1600'/>

	<player>
		<unitScore value='15100'/>
		<killScore value='20330'/>
		<buildingScore value='4075'/>
		<razingScore value='6780'/>
		<mineralScore value='21898'/>
		<gasScore value='2464'/>
		<totalScore value='70647'/>
	</player>

	<enemy>
		<race value='Zerg'/>
		<unitScore value='9900'/>
		<unitScore value='9900'/>
		<killScore value='9150'/>
		<buildingScore value='2260'/>
		<razingScore value='225'/>
		<mineralScore value='10498'/>
		<gasScore value='3072'/>
		<totalScore value='35105'/>
	</enemy>

	<scoreRatio value='2.01245'/>
</results>
