<results>
	<result value='win'/>
	<start value='2014-07-04.02:34:44'/>
	<end value='2014-07-04.02:35:26'/>
	<frames value='34784'/>
	<gameDuration value='2174'/>

	<player>
		<unitScore value='21150'/>
		<killScore value='29350'/>
		<buildingScore value='3650'/>
		<razingScore value='23625'/>
		<mineralScore value='32046'/>
		<gasScore value='3344'/>
		<totalScore value='113165'/>
	</player>

	<enemy>
		<race value='Protoss'/>
		<unitScore value='15475'/>
		<unitScore value='15475'/>
		<killScore value='19950'/>
		<buildingScore value='7875'/>
		<razingScore value='0'/>
		<mineralScore value='18730'/>
		<gasScore value='6824'/>
		<totalScore value='68854'/>
	</enemy>

	<scoreRatio value='1.64355'/>
</results>
