<results>
	<result value='loss'/>
	<start value='2015-04-16.21:18:56'/>
	<end value='2015-04-16.21:19:12'/>
	<frames value='15967'/>
	<gameDuration value='997'/>

	<player>
		<unitScore value='4075'/>
		<killScore value='600'/>
		<buildingScore value='2050'/>
		<razingScore value='0'/>
		<mineralScore value='6322'/>
		<gasScore value='1024'/>
		<totalScore value='14071'/>
	</player>

	<enemy>
		<race value='Protoss'/>
		<unitScore value='3550'/>
		<unitScore value='3550'/>
		<killScore value='7600'/>
		<buildingScore value='3825'/>
		<razingScore value='6150'/>
		<mineralScore value='8466'/>
		<gasScore value='1600'/>
		<totalScore value='31191'/>
	</enemy>

	<scoreRatio value='0.451124'/>
</results>
