<results>
	<result value='win'/>
	<start value='2015-04-30.15:39:53'/>
	<end value='2015-04-30.15:40:40'/>
	<frames value='28212'/>
	<gameDuration value='1763'/>

	<player>
		<unitScore value='19525'/>
		<killScore value='24700'/>
		<buildingScore value='4375'/>
		<razingScore value='16650'/>
		<mineralScore value='27242'/>
		<gasScore value='2000'/>
		<totalScore value='94492'/>
	</player>

	<enemy>
		<race value='Protoss'/>
		<unitScore value='12800'/>
		<unitScore value='12800'/>
		<killScore value='15600'/>
		<buildingScore value='5550'/>
		<razingScore value='0'/>
		<mineralScore value='18222'/>
		<gasScore value='3696'/>
		<totalScore value='55868'/>
	</enemy>

	<scoreRatio value='1.69134'/>
</results>
