<results>
	<result value='loss'/>
	<start value='2015-05-10.03:08:51'/>
	<end value='2015-05-10.03:09:00'/>
	<frames value='18106'/>
	<gameDuration value='1131'/>

	<player>
		<unitScore value='4250'/>
		<killScore value='700'/>
		<buildingScore value='1700'/>
		<razingScore value='0'/>
		<mineralScore value='6194'/>
		<gasScore value='704'/>
		<totalScore value='13548'/>
	</player>

	<enemy>
		<race value='Terran'/>
		<unitScore value='6050'/>
		<unitScore value='6050'/>
		<killScore value='8400'/>
		<buildingScore value='2225'/>
		<razingScore value='5100'/>
		<mineralScore value='8442'/>
		<gasScore value='2888'/>
		<totalScore value='33105'/>
	</enemy>

	<scoreRatio value='0.409243'/>
	<timeFitness value='0.157083'/>
	<unitsAverage value='26'/>
</results>
