<results>
	<result value='loss'/>
	<start value='2015-05-10.03:14:41'/>
	<end value='2015-05-10.03:14:49'/>
	<frames value='16866'/>
	<gameDuration value='1054'/>

	<player>
		<unitScore value='2625'/>
		<killScore value='2400'/>
		<buildingScore value='1800'/>
		<razingScore value='0'/>
		<mineralScore value='4738'/>
		<gasScore value='848'/>
		<totalScore value='12411'/>
	</player>

	<enemy>
		<race value='Terran'/>
		<unitScore value='5700'/>
		<unitScore value='5700'/>
		<killScore value='5250'/>
		<buildingScore value='2225'/>
		<razingScore value='5400'/>
		<mineralScore value='7722'/>
		<gasScore value='2392'/>
		<totalScore value='28689'/>
	</enemy>

	<scoreRatio value='0.432605'/>
	<timeFitness value='0.146389'/>
	<unitsAverage value='26'/>
</results>
