<results>
	<result value='loss'/>
	<start value='2015-05-10.03:19:19'/>
	<end value='2015-05-10.03:19:28'/>
	<frames value='17176'/>
	<gameDuration value='1073'/>

	<player>
		<unitScore value='4450'/>
		<killScore value='700'/>
		<buildingScore value='1125'/>
		<razingScore value='0'/>
		<mineralScore value='5106'/>
		<gasScore value='856'/>
		<totalScore value='12237'/>
	</player>

	<enemy>
		<race value='Terran'/>
		<unitScore value='6400'/>
		<unitScore value='6400'/>
		<killScore value='8900'/>
		<buildingScore value='2700'/>
		<razingScore value='3375'/>
		<mineralScore value='7842'/>
		<gasScore value='2512'/>
		<totalScore value='31729'/>
	</enemy>

	<scoreRatio value='0.385672'/>
	<timeFitness value='0.149028'/>
	<unitsAverage value='24'/>
</results>
