<results>
	<result value='loss'/>
	<start value='2015-07-14.06:53:19'/>
	<end value='2015-07-14.06:53:31'/>
	<frames value='18850'/>
	<gameDuration value='1178'/>

	<player>
		<unitScore value='6725'/>
		<killScore value='1400'/>
		<buildingScore value='1875'/>
		<razingScore value='0'/>
		<mineralScore value='7906'/>
		<gasScore value='1208'/>
		<totalScore value='19114'/>
	</player>

	<enemy>
		<race value='Protoss'/>
		<unitScore value='6275'/>
		<killScore value='13450'/>
		<buildingScore value='3425'/>
		<razingScore value='5625'/>
		<mineralScore value='9658'/>
		<gasScore value='2776'/>
		<totalScore value='41209'/>
	</enemy>

	<scoreRatio value='0.463831'/>
	<timeFitness value='0.163611'/>
	<unitsAverage value='31'/>
</results>
