<results>
	<result value='loss'/>
	<start value='2015-07-14.07:00:08'/>
	<end value='2015-07-14.07:00:18'/>
	<frames value='16122'/>
	<gameDuration value='1007'/>

	<player>
		<unitScore value='3800'/>
		<killScore value='1300'/>
		<buildingScore value='1950'/>
		<razingScore value='0'/>
		<mineralScore value='5514'/>
		<gasScore value='752'/>
		<totalScore value='13316'/>
	</player>

	<enemy>
		<race value='Protoss'/>
		<unitScore value='3600'/>
		<killScore value='7600'/>
		<buildingScore value='2975'/>
		<razingScore value='5850'/>
		<mineralScore value='8130'/>
		<gasScore value='1624'/>
		<totalScore value='29779'/>
	</enemy>

	<scoreRatio value='0.447161'/>
	<timeFitness value='0.139861'/>
	<unitsAverage value='24'/>
</results>
