<results>
	<result value='win'/>
	<start value='2015-05-07.06:35:19'/>
	<end value='2015-05-07.06:35:45'/>
	<frames value='27034'/>
	<gameDuration value='1689'/>

	<player>
		<unitScore value='13325'/>
		<killScore value='22150'/>
		<buildingScore value='4075'/>
		<razingScore value='9450'/>
		<mineralScore value='22234'/>
		<gasScore value='3144'/>
		<totalScore value='74378'/>
	</player>

	<enemy>
		<race value='Terran'/>
		<unitScore value='13475'/>
		<unitScore value='13475'/>
		<killScore value='8750'/>
		<buildingScore value='3150'/>
		<razingScore value='2475'/>
		<mineralScore value='12306'/>
		<gasScore value='5480'/>
		<totalScore value='45636'/>
	</enemy>

	<scoreRatio value='1.62981'/>
	<timeFitness value='0.765417'/>
	<unitsAverage value='85'/>
</results>
