<results>
	<result value='win'/>
	<start value='2015-05-07.06:36:00'/>
	<end value='2015-05-07.06:36:44'/>
	<frames value='40395'/>
	<gameDuration value='2524'/>

	<player>
		<unitScore value='20450'/>
		<killScore value='39350'/>
		<buildingScore value='5275'/>
		<razingScore value='11025'/>
		<mineralScore value='32634'/>
		<gasScore value='4184'/>
		<totalScore value='112918'/>
	</player>

	<enemy>
		<race value='Terran'/>
		<unitScore value='22300'/>
		<unitScore value='22300'/>
		<killScore value='17000'/>
		<buildingScore value='3750'/>
		<razingScore value='3150'/>
		<mineralScore value='16898'/>
		<gasScore value='8694'/>
		<totalScore value='71792'/>
	</enemy>

	<scoreRatio value='1.57285'/>
	<timeFitness value='0.649444'/>
	<unitsAverage value='100'/>
</results>
