<results>
	<result value='win'/>
	<start value='2015-05-07.06:45:06'/>
	<end value='2015-05-07.06:45:40'/>
	<frames value='31715'/>
	<gameDuration value='1982'/>

	<player>
		<unitScore value='17925'/>
		<killScore value='24150'/>
		<buildingScore value='4825'/>
		<razingScore value='9450'/>
		<mineralScore value='29442'/>
		<gasScore value='3504'/>
		<totalScore value='89296'/>
	</player>

	<enemy>
		<race value='Terran'/>
		<unitScore value='12475'/>
		<unitScore value='12475'/>
		<killScore value='13950'/>
		<buildingScore value='3150'/>
		<razingScore value='2100'/>
		<mineralScore value='12262'/>
		<gasScore value='4968'/>
		<totalScore value='48905'/>
	</enemy>

	<scoreRatio value='1.82591'/>
	<timeFitness value='0.724722'/>
	<unitsAverage value='96'/>
</results>
