<results>
	<result value='loss'/>
	<start value='2015-05-07.06:59:29'/>
	<end value='2015-05-07.06:59:41'/>
	<frames value='21547'/>
	<gameDuration value='1346'/>

	<player>
		<unitScore value='6675'/>
		<killScore value='3950'/>
		<buildingScore value='2300'/>
		<razingScore value='0'/>
		<mineralScore value='9066'/>
		<gasScore value='1384'/>
		<totalScore value='23375'/>
	</player>

	<enemy>
		<race value='Terran'/>
		<unitScore value='8725'/>
		<unitScore value='8725'/>
		<killScore value='13350'/>
		<buildingScore value='3225'/>
		<razingScore value='6900'/>
		<mineralScore value='10554'/>
		<gasScore value='4272'/>
		<totalScore value='47026'/>
	</enemy>

	<scoreRatio value='0.497065'/>
	<timeFitness value='0.186944'/>
	<unitsAverage value='32'/>
</results>
