<results>
	<result value='win'/>
	<start value='2015-05-07.07:13:33'/>
	<end value='2015-05-07.07:14:14'/>
	<frames value='33606'/>
	<gameDuration value='2100'/>

	<player>
		<unitScore value='22475'/>
		<killScore value='30450'/>
		<buildingScore value='4625'/>
		<razingScore value='13875'/>
		<mineralScore value='29030'/>
		<gasScore value='3136'/>
		<totalScore value='103591'/>
	</player>

	<enemy>
		<race value='Terran'/>
		<unitScore value='16025'/>
		<unitScore value='16025'/>
		<killScore value='20750'/>
		<buildingScore value='4625'/>
		<razingScore value='3000'/>
		<mineralScore value='15074'/>
		<gasScore value='7674'/>
		<totalScore value='67148'/>
	</enemy>

	<scoreRatio value='1.54273'/>
	<timeFitness value='0.708333'/>
	<unitsAverage value='113'/>
</results>
