<results>
	<result value='win'/>
	<start value='2015-05-07.07:12:46'/>
	<end value='2015-05-07.07:13:30'/>
	<frames value='36582'/>
	<gameDuration value='2286'/>

	<player>
		<unitScore value='22125'/>
		<killScore value='29650'/>
		<buildingScore value='5075'/>
		<razingScore value='13425'/>
		<mineralScore value='31850'/>
		<gasScore value='4816'/>
		<totalScore value='106941'/>
	</player>

	<enemy>
		<race value='Terran'/>
		<unitScore value='17825'/>
		<unitScore value='17825'/>
		<killScore value='19900'/>
		<buildingScore value='4475'/>
		<razingScore value='2475'/>
		<mineralScore value='16186'/>
		<gasScore value='8094'/>
		<totalScore value='68955'/>
	</enemy>

	<scoreRatio value='1.55088'/>
	<timeFitness value='0.6825'/>
	<unitsAverage value='111'/>
</results>
