<results>
	<result value='loss'/>
	<start value='2014-07-01.13:49:30'/>
	<end value='2014-07-01.13:49:39'/>
	<frames value='17951'/>
	<gameDuration value='1121'/>

	<player>
		<unitScore value='4350'/>
		<killScore value='2000'/>
		<buildingScore value='1775'/>
		<razingScore value='0'/>
		<mineralScore value='6474'/>
		<gasScore value='752'/>
		<totalScore value='15351'/>
	</player>

	<enemy>
		<race value='Protoss'/>
		<unitScore value='5425'/>
		<unitScore value='5425'/>
		<killScore value='8700'/>
		<buildingScore value='3175'/>
		<razingScore value='5325'/>
		<mineralScore value='9274'/>
		<gasScore value='2184'/>
		<totalScore value='34083'/>
	</enemy>

	<scoreRatio value='0.450401'/>
</results>
