<results>
	<result value='win'/>
	<start value='2015-04-27.03:27:00'/>
	<end value='2015-04-27.03:28:31'/>
	<frames value='45696'/>
	<gameDuration value='2856'/>

	<player>
		<unitScore value='19550'/>
		<killScore value='30450'/>
		<buildingScore value='4550'/>
		<razingScore value='12300'/>
		<mineralScore value='37886'/>
		<gasScore value='4264'/>
		<totalScore value='109000'/>
	</player>

	<enemy>
		<race value='Terran'/>
		<unitScore value='16325'/>
		<unitScore value='16325'/>
		<killScore value='15950'/>
		<buildingScore value='4100'/>
		<razingScore value='825'/>
		<mineralScore value='15278'/>
		<gasScore value='7080'/>
		<totalScore value='59558'/>
	</enemy>

	<scoreRatio value='1.83015'/>
</results>
