<results>
	<result value='win'/>
	<start value='2014-07-23.02:14:22'/>
	<end value='2014-07-23.02:15:15'/>
	<frames value='36954'/>
	<gameDuration value='2309'/>

	<player>
		<unitScore value='24125'/>
		<killScore value='41070'/>
		<buildingScore value='4775'/>
		<razingScore value='8940'/>
		<mineralScore value='38126'/>
		<gasScore value='4400'/>
		<totalScore value='121436'/>
	</player>

	<enemy>
		<race value='Zerg'/>
		<unitScore value='17925'/>
		<unitScore value='17925'/>
		<killScore value='24950'/>
		<buildingScore value='2980'/>
		<razingScore value='1500'/>
		<mineralScore value='17290'/>
		<gasScore value='4982'/>
		<totalScore value='69627'/>
	</enemy>

	<scoreRatio value='1.74409'/>
</results>
