<results>
	<result value='loss'/>
	<start value='2015-04-27.14:49:42'/>
	<end value='2015-04-27.14:49:55'/>
	<frames value='17920'/>
	<gameDuration value='1120'/>

	<player>
		<unitScore value='4400'/>
		<killScore value='1400'/>
		<buildingScore value='2050'/>
		<razingScore value='0'/>
		<mineralScore value='6530'/>
		<gasScore value='744'/>
		<totalScore value='15124'/>
	</player>

	<enemy>
		<race value='Terran'/>
		<unitScore value='6750'/>
		<unitScore value='6750'/>
		<killScore value='8800'/>
		<buildingScore value='2750'/>
		<razingScore value='6150'/>
		<mineralScore value='8066'/>
		<gasScore value='2896'/>
		<totalScore value='35412'/>
	</enemy>

	<scoreRatio value='0.427087'/>
</results>
