<results>
	<result value='win'/>
	<start value='2015-04-27.14:56:37'/>
	<end value='2015-04-27.14:57:03'/>
	<frames value='25205'/>
	<gameDuration value='1575'/>

	<player>
		<unitScore value='13175'/>
		<killScore value='20500'/>
		<buildingScore value='3850'/>
		<razingScore value='8400'/>
		<mineralScore value='21562'/>
		<gasScore value='2592'/>
		<totalScore value='70079'/>
	</player>

	<enemy>
		<race value='Terran'/>
		<unitScore value='10650'/>
		<unitScore value='10650'/>
		<killScore value='7800'/>
		<buildingScore value='2800'/>
		<razingScore value='225'/>
		<mineralScore value='9754'/>
		<gasScore value='3432'/>
		<totalScore value='34661'/>
	</enemy>

	<scoreRatio value='2.02184'/>
</results>
