<results>
	<result value='loss'/>
	<start value='2015-04-27.14:57:24'/>
	<end value='2015-04-27.14:57:37'/>
	<frames value='19346'/>
	<gameDuration value='1209'/>

	<player>
		<unitScore value='4925'/>
		<killScore value='2850'/>
		<buildingScore value='2175'/>
		<razingScore value='0'/>
		<mineralScore value='6970'/>
		<gasScore value='1216'/>
		<totalScore value='18136'/>
	</player>

	<enemy>
		<race value='Terran'/>
		<unitScore value='7725'/>
		<unitScore value='7725'/>
		<killScore value='9850'/>
		<buildingScore value='2850'/>
		<razingScore value='6525'/>
		<mineralScore value='9122'/>
		<gasScore value='3304'/>
		<totalScore value='39376'/>
	</enemy>

	<scoreRatio value='0.460585'/>
</results>
