<results>
	<result value='draw'/>
	<start value='2014-07-23.19:57:16'/>
	<end value='2014-07-23.19:58:20'/>
	<frames value='57601'/>
	<gameDuration value='3600'/>

	<player>
		<unitScore value='24175'/>
		<killScore value='52000'/>
		<buildingScore value='3525'/>
		<razingScore value='4950'/>
		<mineralScore value='26862'/>
		<gasScore value='5302'/>
		<totalScore value='116814'/>
	</player>

	<enemy>
		<race value='Protoss'/>
		<unitScore value='43900'/>
		<unitScore value='43900'/>
		<killScore value='47850'/>
		<buildingScore value='8075'/>
		<razingScore value='8400'/>
		<mineralScore value='36134'/>
		<gasScore value='12610'/>
		<totalScore value='156969'/>
	</enemy>

	<scoreRatio value='0.744185'/>
</results>
