<results>
	<result value='win'/>
	<start value='2015-03-31.13:23:33'/>
	<end value='2015-03-31.13:24:14'/>
	<frames value='32087'/>
	<gameDuration value='2005'/>

	<player>
		<unitScore value='18875'/>
		<killScore value='26500'/>
		<buildingScore value='4025'/>
		<razingScore value='16875'/>
		<mineralScore value='28242'/>
		<gasScore value='3056'/>
		<totalScore value='97573'/>
	</player>

	<enemy>
		<race value='Protoss'/>
		<unitScore value='13600'/>
		<unitScore value='13600'/>
		<killScore value='14150'/>
		<buildingScore value='5625'/>
		<razingScore value='0'/>
		<mineralScore value='16054'/>
		<gasScore value='4256'/>
		<totalScore value='53685'/>
	</enemy>

	<scoreRatio value='1.81751'/>
</results>
