<results>
	<result value='draw'/>
	<start value='2015-07-18.08:43:46'/>
	<end value='2015-07-18.08:47:33'/>
	<frames value='57601'/>
	<gameDuration value='3600'/>

	<player>
		<unitScore value='40750'/>
		<killScore value='30100'/>
		<buildingScore value='5250'/>
		<razingScore value='6900'/>
		<mineralScore value='37490'/>
		<gasScore value='9624'/>
		<totalScore value='130114'/>
	</player>

	<enemy>
		<race value='Protoss'/>
		<unitScore value='18800'/>
		<killScore value='48800'/>
		<buildingScore value='4900'/>
		<razingScore value='1575'/>
		<mineralScore value='18690'/>
		<gasScore value='5660'/>
		<totalScore value='98425'/>
	</enemy>

	<scoreRatio value='1.32196'/>
	<timeFitness value='0.5'/>
	<unitsAverage value='160'/>
</results>
