<results>
	<result value='draw'/>
	<start value='2015-07-18.09:10:20'/>
	<end value='2015-07-18.09:12:23'/>
	<frames value='57601'/>
	<gameDuration value='3600'/>

	<player>
		<unitScore value='11625'/>
		<killScore value='8400'/>
		<buildingScore value='5225'/>
		<razingScore value='7725'/>
		<mineralScore value='35906'/>
		<gasScore value='1408'/>
		<totalScore value='70289'/>
	</player>

	<enemy>
		<race value='Protoss'/>
		<unitScore value='5975'/>
		<killScore value='21950'/>
		<buildingScore value='4350'/>
		<razingScore value='10800'/>
		<mineralScore value='27010'/>
		<gasScore value='11282'/>
		<totalScore value='81367'/>
	</enemy>

	<scoreRatio value='0.863851'/>
	<timeFitness value='0.5'/>
	<unitsAverage value='57'/>
</results>
