<results>
	<result value='loss'/>
	<start value='2015-07-18.09:12:25'/>
	<end value='2015-07-18.09:12:39'/>
	<frames value='16184'/>
	<gameDuration value='1011'/>

	<player>
		<unitScore value='4225'/>
		<killScore value='1600'/>
		<buildingScore value='1925'/>
		<razingScore value='150'/>
		<mineralScore value='5570'/>
		<gasScore value='720'/>
		<totalScore value='14190'/>
	</player>

	<enemy>
		<race value='Protoss'/>
		<unitScore value='3700'/>
		<killScore value='8350'/>
		<buildingScore value='3325'/>
		<razingScore value='5775'/>
		<mineralScore value='8410'/>
		<gasScore value='1344'/>
		<totalScore value='30904'/>
	</enemy>

	<scoreRatio value='0.459164'/>
	<timeFitness value='0.140417'/>
	<unitsAverage value='27'/>
</results>
