<results>
	<result value='loss'/>
	<start value='2015-05-05.05:38:13'/>
	<end value='2015-05-05.05:38:44'/>
	<frames value='40178'/>
	<gameDuration value='2511'/>

	<player>
		<unitScore value='16075'/>
		<killScore value='17700'/>
		<buildingScore value='2750'/>
		<razingScore value='300'/>
		<mineralScore value='19534'/>
		<gasScore value='3240'/>
		<totalScore value='59599'/>
	</player>

	<enemy>
		<race value='Protoss'/>
		<unitScore value='28575'/>
		<unitScore value='28575'/>
		<killScore value='32150'/>
		<buildingScore value='7175'/>
		<razingScore value='8250'/>
		<mineralScore value='28810'/>
		<gasScore value='9650'/>
		<totalScore value='114610'/>
	</enemy>

	<scoreRatio value='0.520016'/>
	<timeFitness value='0.34875'/>
	<unitsAverage value='54'/>
</results>
