<results>
	<result value='loss'/>
	<start value='2015-05-05.05:50:38'/>
	<end value='2015-05-05.05:51:03'/>
	<frames value='29855'/>
	<gameDuration value='1865'/>

	<player>
		<unitScore value='11225'/>
		<killScore value='4300'/>
		<buildingScore value='2550'/>
		<razingScore value='300'/>
		<mineralScore value='14866'/>
		<gasScore value='2304'/>
		<totalScore value='35545'/>
	</player>

	<enemy>
		<race value='Protoss'/>
		<unitScore value='15075'/>
		<unitScore value='15075'/>
		<killScore value='22450'/>
		<buildingScore value='6775'/>
		<razingScore value='7800'/>
		<mineralScore value='19834'/>
		<gasScore value='6712'/>
		<totalScore value='78646'/>
	</enemy>

	<scoreRatio value='0.451962'/>
	<timeFitness value='0.259028'/>
	<unitsAverage value='44'/>
</results>
