<results>
	<result value='loss'/>
	<start value='2015-05-05.06:13:16'/>
	<end value='2015-05-05.06:13:42'/>
	<frames value='29452'/>
	<gameDuration value='1840'/>

	<player>
		<unitScore value='8925'/>
		<killScore value='3900'/>
		<buildingScore value='2500'/>
		<razingScore value='0'/>
		<mineralScore value='12046'/>
		<gasScore value='1240'/>
		<totalScore value='28611'/>
	</player>

	<enemy>
		<race value='Protoss'/>
		<unitScore value='15650'/>
		<unitScore value='15650'/>
		<killScore value='17850'/>
		<buildingScore value='6025'/>
		<razingScore value='7500'/>
		<mineralScore value='18602'/>
		<gasScore value='7112'/>
		<totalScore value='72739'/>
	</enemy>

	<scoreRatio value='0.393338'/>
	<timeFitness value='0.255556'/>
	<unitsAverage value='31'/>
</results>
