<results>
	<result value='win'/>
	<start value='2015-05-05.07:24:57'/>
	<end value='2015-05-05.07:25:55'/>
	<frames value='38318'/>
	<gameDuration value='2394'/>

	<player>
		<unitScore value='20200'/>
		<killScore value='37490'/>
		<buildingScore value='3800'/>
		<razingScore value='5115'/>
		<mineralScore value='46758'/>
		<gasScore value='2832'/>
		<totalScore value='116195'/>
	</player>

	<enemy>
		<race value='Zerg'/>
		<unitScore value='16100'/>
		<unitScore value='16100'/>
		<killScore value='20900'/>
		<buildingScore value='1705'/>
		<razingScore value='150'/>
		<mineralScore value='13010'/>
		<gasScore value='5558'/>
		<totalScore value='57423'/>
	</enemy>

	<scoreRatio value='2.02349'/>
	<timeFitness value='0.6675'/>
	<unitsAverage value='123'/>
</results>
