<results>
	<result value='win'/>
	<start value='2015-05-05.07:47:15'/>
	<end value='2015-05-05.07:48:09'/>
	<frames value='37512'/>
	<gameDuration value='2344'/>

	<player>
		<unitScore value='27475'/>
		<killScore value='29260'/>
		<buildingScore value='4350'/>
		<razingScore value='9405'/>
		<mineralScore value='32494'/>
		<gasScore value='3480'/>
		<totalScore value='106464'/>
	</player>

	<enemy>
		<race value='Zerg'/>
		<unitScore value='15175'/>
		<unitScore value='15175'/>
		<killScore value='33900'/>
		<buildingScore value='3135'/>
		<razingScore value='2100'/>
		<mineralScore value='16058'/>
		<gasScore value='6352'/>
		<totalScore value='76720'/>
	</enemy>

	<scoreRatio value='1.3877'/>
	<timeFitness value='0.674444'/>
	<unitsAverage value='115'/>
</results>
