<results>
	<result value='loss'/>
	<start value='2015-07-18.13:09:29'/>
	<end value='2015-07-18.13:11:35'/>
	<frames value='45138'/>
	<gameDuration value='2821'/>

	<player>
		<unitScore value='30675'/>
		<killScore value='24900'/>
		<buildingScore value='3700'/>
		<razingScore value='3450'/>
		<mineralScore value='30234'/>
		<gasScore value='4904'/>
		<totalScore value='97863'/>
	</player>

	<enemy>
		<race value='Protoss'/>
		<unitScore value='28650'/>
		<killScore value='54550'/>
		<buildingScore value='7375'/>
		<razingScore value='11100'/>
		<mineralScore value='28470'/>
		<gasScore value='10440'/>
		<totalScore value='140585'/>
	</enemy>

	<scoreRatio value='0.696113'/>
	<timeFitness value='0.391806'/>
	<unitsAverage value='109'/>
</results>
