<results>
	<result value='draw'/>
	<start value='2015-05-04.22:20:54'/>
	<end value='2015-05-04.22:21:48'/>
	<frames value='57601'/>
	<gameDuration value='3600'/>

	<player>
		<unitScore value='24575'/>
		<killScore value='40800'/>
		<buildingScore value='2800'/>
		<razingScore value='18825'/>
		<mineralScore value='25538'/>
		<gasScore value='4792'/>
		<totalScore value='117330'/>
	</player>

	<enemy>
		<race value='Protoss'/>
		<unitScore value='22250'/>
		<unitScore value='22250'/>
		<killScore value='39200'/>
		<buildingScore value='11700'/>
		<razingScore value='4800'/>
		<mineralScore value='28474'/>
		<gasScore value='9002'/>
		<totalScore value='115426'/>
	</enemy>

	<scoreRatio value='1.0165'/>
	<timeFitness value='0.5'/>
	<unitsAverage value='102'/>
</results>
