<results>
	<result value='loss'/>
	<start value='2015-05-04.22:21:51'/>
	<end value='2015-05-04.22:22:53'/>
	<frames value='49292'/>
	<gameDuration value='3080'/>

	<player>
		<unitScore value='24275'/>
		<killScore value='33700'/>
		<buildingScore value='2825'/>
		<razingScore value='1050'/>
		<mineralScore value='24010'/>
		<gasScore value='5276'/>
		<totalScore value='91136'/>
	</player>

	<enemy>
		<race value='Protoss'/>
		<unitScore value='41335'/>
		<unitScore value='41335'/>
		<killScore value='48300'/>
		<buildingScore value='8275'/>
		<razingScore value='8475'/>
		<mineralScore value='34090'/>
		<gasScore value='14436'/>
		<totalScore value='154911'/>
	</enemy>

	<scoreRatio value='0.588312'/>
	<timeFitness value='0.427778'/>
	<unitsAverage value='111'/>
</results>
