<results>
	<result value='loss'/>
	<start value='2015-05-04.22:24:36'/>
	<end value='2015-05-04.22:24:48'/>
	<frames value='28274'/>
	<gameDuration value='1767'/>

	<player>
		<unitScore value='4850'/>
		<killScore value='5100'/>
		<buildingScore value='2700'/>
		<razingScore value='0'/>
		<mineralScore value='7730'/>
		<gasScore value='1256'/>
		<totalScore value='21636'/>
	</player>

	<enemy>
		<race value='Protoss'/>
		<unitScore value='13600'/>
		<unitScore value='13600'/>
		<killScore value='9700'/>
		<buildingScore value='5975'/>
		<razingScore value='8100'/>
		<mineralScore value='18514'/>
		<gasScore value='6048'/>
		<totalScore value='61937'/>
	</enemy>

	<scoreRatio value='0.349323'/>
	<timeFitness value='0.245417'/>
	<unitsAverage value='27'/>
</results>
