<results>
	<result value='win'/>
	<start value='2015-04-29.22:11:57'/>
	<end value='2015-04-29.22:12:20'/>
	<frames value='26135'/>
	<gameDuration value='1633'/>

	<player>
		<unitScore value='12225'/>
		<killScore value='21860'/>
		<buildingScore value='2600'/>
		<razingScore value='5580'/>
		<mineralScore value='16910'/>
		<gasScore value='2856'/>
		<totalScore value='62031'/>
	</player>

	<enemy>
		<race value='Zerg'/>
		<unitScore value='9850'/>
		<unitScore value='9850'/>
		<killScore value='9200'/>
		<buildingScore value='1860'/>
		<razingScore value='0'/>
		<mineralScore value='9578'/>
		<gasScore value='2664'/>
		<totalScore value='33152'/>
	</enemy>

	<scoreRatio value='1.87111'/>
	<timeFitness value='0.773194'/>
	<unitsAverage value='70'/>
</results>
