<results>
	<result value='win'/>
	<start value='2015-04-29.22:17:28'/>
	<end value='2015-04-29.22:17:57'/>
	<frames value='28181'/>
	<gameDuration value='1761'/>

	<player>
		<unitScore value='16825'/>
		<killScore value='25920'/>
		<buildingScore value='4375'/>
		<razingScore value='6495'/>
		<mineralScore value='22574'/>
		<gasScore value='1856'/>
		<totalScore value='78045'/>
	</player>

	<enemy>
		<race value='Zerg'/>
		<unitScore value='11950'/>
		<unitScore value='11950'/>
		<killScore value='14250'/>
		<buildingScore value='2165'/>
		<razingScore value='0'/>
		<mineralScore value='11930'/>
		<gasScore value='4088'/>
		<totalScore value='44383'/>
	</enemy>

	<scoreRatio value='1.75844'/>
	<timeFitness value='0.755417'/>
	<unitsAverage value='91'/>
</results>
