<results>
	<result value='win'/>
	<start value='2015-05-05.06:08:05'/>
	<end value='2015-05-05.06:09:12'/>
	<frames value='31715'/>
	<gameDuration value='1982'/>

	<player>
		<unitScore value='22625'/>
		<killScore value='35300'/>
		<buildingScore value='4750'/>
		<razingScore value='6660'/>
		<mineralScore value='32830'/>
		<gasScore value='2528'/>
		<totalScore value='104693'/>
	</player>

	<enemy>
		<race value='Zerg'/>
		<unitScore value='15150'/>
		<unitScore value='15150'/>
		<killScore value='22700'/>
		<buildingScore value='2220'/>
		<razingScore value='0'/>
		<mineralScore value='13914'/>
		<gasScore value='4128'/>
		<totalScore value='58112'/>
	</enemy>

	<scoreRatio value='1.80157'/>
	<timeFitness value='0.724722'/>
	<unitsAverage value='114'/>
</results>
