<results>
	<result value='win'/>
	<start value='2015-04-27.01:39:15'/>
	<end value='2015-04-27.01:39:37'/>
	<frames value='27189'/>
	<gameDuration value='1699'/>

	<player>
		<unitScore value='12475'/>
		<killScore value='20350'/>
		<buildingScore value='3675'/>
		<razingScore value='9225'/>
		<mineralScore value='18534'/>
		<gasScore value='1744'/>
		<totalScore value='66003'/>
	</player>

	<enemy>
		<race value='Terran'/>
		<unitScore value='12175'/>
		<unitScore value='12175'/>
		<killScore value='9250'/>
		<buildingScore value='3075'/>
		<razingScore value='1200'/>
		<mineralScore value='11826'/>
		<gasScore value='5024'/>
		<totalScore value='42550'/>
	</enemy>

	<scoreRatio value='1.55119'/>
</results>
