<results>
	<result value='loss'/>
	<start value='2015-07-12.14:19:41'/>
	<end value='2015-07-12.14:19:59'/>
	<frames value='30475'/>
	<gameDuration value='1904'/>

	<player>
		<unitScore value='13425'/>
		<killScore value='6550'/>
		<buildingScore value='3225'/>
		<razingScore value='0'/>
		<mineralScore value='15066'/>
		<gasScore value='2448'/>
		<totalScore value='40714'/>
	</player>

	<enemy>
		<race value='Terran'/>
		<unitScore value='7850'/>
		<killScore value='26850'/>
		<buildingScore value='3225'/>
		<razingScore value='9675'/>
		<mineralScore value='12050'/>
		<gasScore value='5052'/>
		<totalScore value='64702'/>
	</enemy>

	<scoreRatio value='0.629254'/>
	<timeFitness value='0.264444'/>
	<unitsAverage value='38'/>
</results>
