<results>
	<result value='loss'/>
	<start value='2015-04-28.01:30:06'/>
	<end value='2015-04-28.01:30:14'/>
	<frames value='17765'/>
	<gameDuration value='1110'/>

	<player>
		<unitScore value='3150'/>
		<killScore value='800'/>
		<buildingScore value='1450'/>
		<razingScore value='0'/>
		<mineralScore value='4570'/>
		<gasScore value='704'/>
		<totalScore value='10674'/>
	</player>

	<enemy>
		<race value='Terran'/>
		<unitScore value='6700'/>
		<unitScore value='6700'/>
		<killScore value='6300'/>
		<buildingScore value='2750'/>
		<razingScore value='4350'/>
		<mineralScore value='8050'/>
		<gasScore value='2880'/>
		<totalScore value='31030'/>
	</enemy>

	<scoreRatio value='0.34399'/>
</results>
