<results>
	<result value='draw'/>
	<start value='2015-07-12.18:33:03'/>
	<end value='2015-07-12.18:35:03'/>
	<frames value='57601'/>
	<gameDuration value='3600'/>

	<player>
		<unitScore value='34950'/>
		<killScore value='20900'/>
		<buildingScore value='4525'/>
		<razingScore value='0'/>
		<mineralScore value='33622'/>
		<gasScore value='4824'/>
		<totalScore value='98821'/>
	</player>

	<enemy>
		<race value='Terran'/>
		<unitScore value='23175'/>
		<killScore value='65350'/>
		<buildingScore value='4125'/>
		<razingScore value='6150'/>
		<mineralScore value='19550'/>
		<gasScore value='12068'/>
		<totalScore value='130418'/>
	</enemy>

	<scoreRatio value='0.757725'/>
	<timeFitness value='0.5'/>
	<unitsAverage value='87'/>
</results>
