<results>
	<result value='loss'/>
	<start value='2015-07-12.18:43:13'/>
	<end value='2015-07-12.18:43:34'/>
	<frames value='21578'/>
	<gameDuration value='1348'/>

	<player>
		<unitScore value='9750'/>
		<killScore value='3850'/>
		<buildingScore value='1925'/>
		<razingScore value='0'/>
		<mineralScore value='9450'/>
		<gasScore value='1616'/>
		<totalScore value='26591'/>
	</player>

	<enemy>
		<race value='Terran'/>
		<unitScore value='8225'/>
		<killScore value='17650'/>
		<buildingScore value='3400'/>
		<razingScore value='5775'/>
		<mineralScore value='10330'/>
		<gasScore value='4160'/>
		<totalScore value='49540'/>
	</enemy>

	<scoreRatio value='0.536758'/>
	<timeFitness value='0.187222'/>
	<unitsAverage value='37'/>
</results>
