<results>
	<result value='loss'/>
	<start value='2015-04-14.15:36:24'/>
	<end value='2015-04-14.15:36:42'/>
	<frames value='33823'/>
	<gameDuration value='2113'/>

	<player>
		<unitScore value='12275'/>
		<killScore value='8500'/>
		<buildingScore value='2775'/>
		<razingScore value='300'/>
		<mineralScore value='15490'/>
		<gasScore value='2224'/>
		<totalScore value='41564'/>
	</player>

	<enemy>
		<race value='Protoss'/>
		<unitScore value='19950'/>
		<unitScore value='19950'/>
		<killScore value='24550'/>
		<buildingScore value='7025'/>
		<razingScore value='8475'/>
		<mineralScore value='21950'/>
		<gasScore value='8792'/>
		<totalScore value='90742'/>
	</enemy>

	<scoreRatio value='0.458046'/>
</results>
