<results>
	<result value='loss'/>
	<start value='2015-04-14.15:39:02'/>
	<end value='2015-04-14.15:39:08'/>
	<frames value='14572'/>
	<gameDuration value='910'/>

	<player>
		<unitScore value='3050'/>
		<killScore value='800'/>
		<buildingScore value='1475'/>
		<razingScore value='0'/>
		<mineralScore value='4434'/>
		<gasScore value='576'/>
		<totalScore value='10335'/>
	</player>

	<enemy>
		<race value='Protoss'/>
		<unitScore value='3550'/>
		<unitScore value='3550'/>
		<killScore value='6100'/>
		<buildingScore value='2425'/>
		<razingScore value='4425'/>
		<mineralScore value='7482'/>
		<gasScore value='1256'/>
		<totalScore value='25238'/>
	</enemy>

	<scoreRatio value='0.409502'/>
</results>
