<results>
	<result value='loss'/>
	<start value='2015-04-14.15:39:12'/>
	<end value='2015-04-14.15:39:22'/>
	<frames value='20369'/>
	<gameDuration value='1273'/>

	<player>
		<unitScore value='5850'/>
		<killScore value='1800'/>
		<buildingScore value='1825'/>
		<razingScore value='0'/>
		<mineralScore value='7746'/>
		<gasScore value='912'/>
		<totalScore value='18133'/>
	</player>

	<enemy>
		<race value='Protoss'/>
		<unitScore value='6025'/>
		<unitScore value='6025'/>
		<killScore value='11700'/>
		<buildingScore value='4375'/>
		<razingScore value='5475'/>
		<mineralScore value='10562'/>
		<gasScore value='3184'/>
		<totalScore value='41321'/>
	</enemy>

	<scoreRatio value='0.438833'/>
</results>
