<results>
	<result value='draw'/>
	<start value='2015-04-15.02:37:07'/>
	<end value='2015-04-15.02:39:09'/>
	<frames value='57601'/>
	<gameDuration value='3600'/>

	<player>
		<unitScore value='32600'/>
		<killScore value='62900'/>
		<buildingScore value='3475'/>
		<razingScore value='16200'/>
		<mineralScore value='34134'/>
		<gasScore value='7568'/>
		<totalScore value='156877'/>
	</player>

	<enemy>
		<race value='Protoss'/>
		<unitScore value='35050'/>
		<unitScore value='35050'/>
		<killScore value='56800'/>
		<buildingScore value='6425'/>
		<razingScore value='150'/>
		<mineralScore value='27790'/>
		<gasScore value='10038'/>
		<totalScore value='136253'/>
	</enemy>

	<scoreRatio value='1.15137'/>
</results>
