<results>
	<result value='win'/>
	<start value='2014-07-03.01:01:24'/>
	<end value='2014-07-03.01:01:56'/>
	<frames value='33203'/>
	<gameDuration value='2075'/>

	<player>
		<unitScore value='22575'/>
		<killScore value='26050'/>
		<buildingScore value='3625'/>
		<razingScore value='18150'/>
		<mineralScore value='28718'/>
		<gasScore value='3088'/>
		<totalScore value='102206'/>
	</player>

	<enemy>
		<race value='Protoss'/>
		<unitScore value='13925'/>
		<unitScore value='13925'/>
		<killScore value='21900'/>
		<buildingScore value='6050'/>
		<razingScore value='150'/>
		<mineralScore value='18050'/>
		<gasScore value='5736'/>
		<totalScore value='65811'/>
	</enemy>

	<scoreRatio value='1.55302'/>
</results>
