<results>
	<result value='win'/>
	<start value='2015-05-10.20:15:16'/>
	<end value='2015-05-10.20:15:49'/>
	<frames value='23593'/>
	<gameDuration value='1474'/>

	<player>
		<unitScore value='12925'/>
		<killScore value='23450'/>
		<buildingScore value='2325'/>
		<razingScore value='4560'/>
		<mineralScore value='15934'/>
		<gasScore value='1600'/>
		<totalScore value='60794'/>
	</player>

	<enemy>
		<race value='Zerg'/>
		<unitScore value='10525'/>
		<unitScore value='10525'/>
		<killScore value='13700'/>
		<buildingScore value='1520'/>
		<razingScore value='0'/>
		<mineralScore value='9522'/>
		<gasScore value='2872'/>
		<totalScore value='38139'/>
	</enemy>

	<scoreRatio value='1.59401'/>
	<timeFitness value='0.795278'/>
	<unitsAverage value='69'/>
</results>
