<results>
	<result value='win'/>
	<start value='2015-05-10.20:19:03'/>
	<end value='2015-05-10.20:19:45'/>
	<frames value='24461'/>
	<gameDuration value='1528'/>

	<player>
		<unitScore value='14675'/>
		<killScore value='24065'/>
		<buildingScore value='4125'/>
		<razingScore value='4680'/>
		<mineralScore value='21678'/>
		<gasScore value='2152'/>
		<totalScore value='71375'/>
	</player>

	<enemy>
		<race value='Zerg'/>
		<unitScore value='10500'/>
		<unitScore value='10500'/>
		<killScore value='11100'/>
		<buildingScore value='1560'/>
		<razingScore value='0'/>
		<mineralScore value='9722'/>
		<gasScore value='2848'/>
		<totalScore value='35730'/>
	</enemy>

	<scoreRatio value='1.99762'/>
	<timeFitness value='0.787778'/>
	<unitsAverage value='87'/>
</results>
