<results>
	<result value='win'/>
	<start value='2015-05-09.03:08:03'/>
	<end value='2015-05-09.03:08:51'/>
	<frames value='29855'/>
	<gameDuration value='1865'/>

	<player>
		<unitScore value='19775'/>
		<killScore value='30950'/>
		<buildingScore value='4175'/>
		<razingScore value='7035'/>
		<mineralScore value='30234'/>
		<gasScore value='3192'/>
		<totalScore value='95361'/>
	</player>

	<enemy>
		<race value='Zerg'/>
		<unitScore value='14050'/>
		<unitScore value='14050'/>
		<killScore value='16550'/>
		<buildingScore value='2345'/>
		<razingScore value='0'/>
		<mineralScore value='12674'/>
		<gasScore value='3520'/>
		<totalScore value='49139'/>
	</enemy>

	<scoreRatio value='1.94064'/>
	<timeFitness value='0.740972'/>
	<unitsAverage value='104'/>
</results>
