<results>
	<result value='loss'/>
	<start value='2015-05-09.03:32:32'/>
	<end value='2015-05-09.03:33:11'/>
	<frames value='32769'/>
	<gameDuration value='2048'/>

	<player>
		<unitScore value='14625'/>
		<killScore value='17275'/>
		<buildingScore value='3250'/>
		<razingScore value='195'/>
		<mineralScore value='18738'/>
		<gasScore value='1584'/>
		<totalScore value='55667'/>
	</player>

	<enemy>
		<race value='Zerg'/>
		<unitScore value='17325'/>
		<unitScore value='17325'/>
		<killScore value='29250'/>
		<buildingScore value='4025'/>
		<razingScore value='9750'/>
		<mineralScore value='20850'/>
		<gasScore value='7188'/>
		<totalScore value='88388'/>
	</enemy>

	<scoreRatio value='0.629803'/>
	<timeFitness value='0.284444'/>
	<unitsAverage value='62'/>
</results>
