<results>
	<result value='win'/>
	<start value='2015-05-09.03:59:34'/>
	<end value='2015-05-09.04:02:12'/>
	<frames value='54252'/>
	<gameDuration value='3390'/>

	<player>
		<unitScore value='18175'/>
		<killScore value='19360'/>
		<buildingScore value='5050'/>
		<razingScore value='5535'/>
		<mineralScore value='50878'/>
		<gasScore value='6224'/>
		<totalScore value='105222'/>
	</player>

	<enemy>
		<race value='Zerg'/>
		<unitScore value='9200'/>
		<unitScore value='9200'/>
		<killScore value='12100'/>
		<buildingScore value='1845'/>
		<razingScore value='0'/>
		<mineralScore value='9250'/>
		<gasScore value='3200'/>
		<totalScore value='35595'/>
	</enemy>

	<scoreRatio value='2.95609'/>
	<timeFitness value='0.529167'/>
	<unitsAverage value='170'/>
</results>
