<results>
	<result value='win'/>
	<start value='2015-05-09.03:56:54'/>
	<end value='2015-05-09.03:57:50'/>
	<frames value='32273'/>
	<gameDuration value='2017'/>

	<player>
		<unitScore value='23450'/>
		<killScore value='38290'/>
		<buildingScore value='4375'/>
		<razingScore value='5160'/>
		<mineralScore value='28066'/>
		<gasScore value='3872'/>
		<totalScore value='103213'/>
	</player>

	<enemy>
		<race value='Zerg'/>
		<unitScore value='16625'/>
		<unitScore value='16625'/>
		<killScore value='23400'/>
		<buildingScore value='1720'/>
		<razingScore value='0'/>
		<mineralScore value='13730'/>
		<gasScore value='4608'/>
		<totalScore value='60083'/>
	</enemy>

	<scoreRatio value='1.71784'/>
	<timeFitness value='0.719861'/>
	<unitsAverage value='109'/>
</results>
