<results>
	<result value='win'/>
	<start value='2015-05-09.04:06:07'/>
	<end value='2015-05-09.04:06:42'/>
	<frames value='24616'/>
	<gameDuration value='1538'/>

	<player>
		<unitScore value='15375'/>
		<killScore value='18830'/>
		<buildingScore value='3500'/>
		<razingScore value='5700'/>
		<mineralScore value='21842'/>
		<gasScore value='1744'/>
		<totalScore value='66991'/>
	</player>

	<enemy>
		<race value='Zerg'/>
		<unitScore value='8525'/>
		<unitScore value='8525'/>
		<killScore value='11500'/>
		<buildingScore value='1900'/>
		<razingScore value='0'/>
		<mineralScore value='9482'/>
		<gasScore value='3136'/>
		<totalScore value='34543'/>
	</enemy>

	<scoreRatio value='1.93935'/>
	<timeFitness value='0.786389'/>
	<unitsAverage value='88'/>
</results>
