<results>
	<result value='loss'/>
	<start value='2015-05-09.06:02:42'/>
	<end value='2015-05-09.06:03:00'/>
	<frames value='19873'/>
	<gameDuration value='1242'/>

	<player>
		<unitScore value='4550'/>
		<killScore value='3500'/>
		<buildingScore value='1325'/>
		<razingScore value='0'/>
		<mineralScore value='6402'/>
		<gasScore value='736'/>
		<totalScore value='16513'/>
	</player>

	<enemy>
		<race value='Terran'/>
		<unitScore value='7150'/>
		<unitScore value='7150'/>
		<killScore value='9100'/>
		<buildingScore value='2750'/>
		<razingScore value='3975'/>
		<mineralScore value='7658'/>
		<gasScore value='2832'/>
		<totalScore value='33465'/>
	</enemy>

	<scoreRatio value='0.493441'/>
	<timeFitness value='0.1725'/>
	<unitsAverage value='28'/>
</results>
