<results>
	<result value='loss'/>
	<start value='2015-04-29.02:23:15'/>
	<end value='2015-04-29.02:23:25'/>
	<frames value='14789'/>
	<gameDuration value='924'/>

	<player>
		<unitScore value='2925'/>
		<killScore value='800'/>
		<buildingScore value='1575'/>
		<razingScore value='0'/>
		<mineralScore value='4642'/>
		<gasScore value='592'/>
		<totalScore value='10534'/>
	</player>

	<enemy>
		<race value='Protoss'/>
		<unitScore value='3550'/>
		<unitScore value='3550'/>
		<killScore value='5950'/>
		<buildingScore value='2425'/>
		<razingScore value='4725'/>
		<mineralScore value='7498'/>
		<gasScore value='1288'/>
		<totalScore value='25436'/>
	</enemy>

	<scoreRatio value='0.414137'/>
</results>
