<results>
	<result value='loss'/>
	<start value='2015-04-29.02:24:16'/>
	<end value='2015-04-29.02:24:28'/>
	<frames value='17238'/>
	<gameDuration value='1077'/>

	<player>
		<unitScore value='4400'/>
		<killScore value='1400'/>
		<buildingScore value='1675'/>
		<razingScore value='0'/>
		<mineralScore value='6258'/>
		<gasScore value='1144'/>
		<totalScore value='14877'/>
	</player>

	<enemy>
		<race value='Protoss'/>
		<unitScore value='4575'/>
		<unitScore value='4575'/>
		<killScore value='8800'/>
		<buildingScore value='3575'/>
		<razingScore value='5025'/>
		<mineralScore value='8978'/>
		<gasScore value='2248'/>
		<totalScore value='33201'/>
	</enemy>

	<scoreRatio value='0.448089'/>
</results>
