<results>
	<result value='win'/>
	<start value='2015-04-11.14:30:15'/>
	<end value='2015-04-11.14:31:14'/>
	<frames value='34691'/>
	<gameDuration value='2168'/>

	<player>
		<unitScore value='18375'/>
		<killScore value='16800'/>
		<buildingScore value='4025'/>
		<razingScore value='15075'/>
		<mineralScore value='24854'/>
		<gasScore value='3368'/>
		<totalScore value='82497'/>
	</player>

	<enemy>
		<race value='Protoss'/>
		<unitScore value='8400'/>
		<unitScore value='8400'/>
		<killScore value='16500'/>
		<buildingScore value='5025'/>
		<razingScore value='150'/>
		<mineralScore value='14026'/>
		<gasScore value='2288'/>
		<totalScore value='46389'/>
	</enemy>

	<scoreRatio value='1.77837'/>
</results>
