<results>
	<result value='loss'/>
	<start value='2015-05-05.15:51:42'/>
	<end value='2015-05-05.15:51:50'/>
	<frames value='15378'/>
	<gameDuration value='961'/>

	<player>
		<unitScore value='3275'/>
		<killScore value='1400'/>
		<buildingScore value='1400'/>
		<razingScore value='0'/>
		<mineralScore value='4530'/>
		<gasScore value='632'/>
		<totalScore value='11237'/>
	</player>

	<enemy>
		<race value='Protoss'/>
		<unitScore value='3550'/>
		<unitScore value='3550'/>
		<killScore value='6550'/>
		<buildingScore value='2725'/>
		<razingScore value='4200'/>
		<mineralScore value='8002'/>
		<gasScore value='1200'/>
		<totalScore value='26227'/>
	</enemy>

	<scoreRatio value='0.428452'/>
	<timeFitness value='0.133472'/>
	<unitsAverage value='24'/>
</results>
