<results>
	<result value='win'/>
	<start value='2015-05-05.15:56:32'/>
	<end value='2015-05-05.15:57:23'/>
	<frames value='36458'/>
	<gameDuration value='2278'/>

	<player>
		<unitScore value='22425'/>
		<killScore value='23950'/>
		<buildingScore value='4275'/>
		<razingScore value='16875'/>
		<mineralScore value='35174'/>
		<gasScore value='4312'/>
		<totalScore value='107011'/>
	</player>

	<enemy>
		<race value='Protoss'/>
		<unitScore value='13800'/>
		<unitScore value='13800'/>
		<killScore value='18700'/>
		<buildingScore value='5625'/>
		<razingScore value='0'/>
		<mineralScore value='14866'/>
		<gasScore value='5600'/>
		<totalScore value='58591'/>
	</enemy>

	<scoreRatio value='1.82641'/>
	<timeFitness value='0.683611'/>
	<unitsAverage value='123'/>
</results>
