<results>
	<result value='loss'/>
	<start value='2015-05-05.15:59:39'/>
	<end value='2015-05-05.16:00:21'/>
	<frames value='48858'/>
	<gameDuration value='3053'/>

	<player>
		<unitScore value='23100'/>
		<killScore value='43200'/>
		<buildingScore value='2575'/>
		<razingScore value='3000'/>
		<mineralScore value='23954'/>
		<gasScore value='4392'/>
		<totalScore value='100221'/>
	</player>

	<enemy>
		<race value='Protoss'/>
		<unitScore value='39400'/>
		<unitScore value='39400'/>
		<killScore value='45900'/>
		<buildingScore value='8025'/>
		<razingScore value='7725'/>
		<mineralScore value='33358'/>
		<gasScore value='12422'/>
		<totalScore value='146830'/>
	</enemy>

	<scoreRatio value='0.682565'/>
	<timeFitness value='0.424028'/>
	<unitsAverage value='71'/>
</results>
