<results>
	<result value='win'/>
	<start value='2014-07-04.04:44:54'/>
	<end value='2014-07-04.04:45:26'/>
	<frames value='33203'/>
	<gameDuration value='2075'/>

	<player>
		<unitScore value='22225'/>
		<killScore value='28200'/>
		<buildingScore value='3475'/>
		<razingScore value='10875'/>
		<mineralScore value='27002'/>
		<gasScore value='2824'/>
		<totalScore value='94601'/>
	</player>

	<enemy>
		<race value='Terran'/>
		<unitScore value='14500'/>
		<unitScore value='14500'/>
		<killScore value='23400'/>
		<buildingScore value='3625'/>
		<razingScore value='675'/>
		<mineralScore value='12598'/>
		<gasScore value='5572'/>
		<totalScore value='60370'/>
	</enemy>

	<scoreRatio value='1.56702'/>
</results>
