<results>
	<result value='loss'/>
	<start value='2014-07-04.04:48:09'/>
	<end value='2014-07-04.04:48:18'/>
	<frames value='17114'/>
	<gameDuration value='1069'/>

	<player>
		<unitScore value='3600'/>
		<killScore value='850'/>
		<buildingScore value='1475'/>
		<razingScore value='0'/>
		<mineralScore value='5098'/>
		<gasScore value='888'/>
		<totalScore value='11911'/>
	</player>

	<enemy>
		<race value='Terran'/>
		<unitScore value='6200'/>
		<unitScore value='6200'/>
		<killScore value='7200'/>
		<buildingScore value='2625'/>
		<razingScore value='4425'/>
		<mineralScore value='7834'/>
		<gasScore value='2584'/>
		<totalScore value='30868'/>
	</enemy>

	<scoreRatio value='0.385869'/>
</results>
