<results>
	<result value='win'/>
	<start value='2015-04-28.21:04:47'/>
	<end value='2015-04-28.21:05:05'/>
	<frames value='22074'/>
	<gameDuration value='1379'/>

	<player>
		<unitScore value='11875'/>
		<killScore value='19370'/>
		<buildingScore value='3925'/>
		<razingScore value='4560'/>
		<mineralScore value='18970'/>
		<gasScore value='1760'/>
		<totalScore value='60460'/>
	</player>

	<enemy>
		<race value='Zerg'/>
		<unitScore value='9000'/>
		<unitScore value='9000'/>
		<killScore value='7400'/>
		<buildingScore value='1520'/>
		<razingScore value='0'/>
		<mineralScore value='8642'/>
		<gasScore value='2784'/>
		<totalScore value='29346'/>
	</enemy>

	<scoreRatio value='2.06025'/>
</results>
