<results>
	<result value='win'/>
	<start value='2015-04-28.21:09:04'/>
	<end value='2015-04-28.21:11:08'/>
	<frames value='53229'/>
	<gameDuration value='3326'/>

	<player>
		<unitScore value='19600'/>
		<killScore value='21980'/>
		<buildingScore value='3625'/>
		<razingScore value='8175'/>
		<mineralScore value='31598'/>
		<gasScore value='5984'/>
		<totalScore value='90962'/>
	</player>

	<enemy>
		<race value='Zerg'/>
		<unitScore value='10375'/>
		<unitScore value='10375'/>
		<killScore value='14250'/>
		<buildingScore value='2725'/>
		<razingScore value='0'/>
		<mineralScore value='11098'/>
		<gasScore value='3672'/>
		<totalScore value='42120'/>
	</enemy>

	<scoreRatio value='2.15959'/>
</results>
