<results>
	<result value='win'/>
	<start value='2015-05-06.03:57:48'/>
	<end value='2015-05-06.03:58:22'/>
	<frames value='29700'/>
	<gameDuration value='1856'/>

	<player>
		<unitScore value='18350'/>
		<killScore value='16750'/>
		<buildingScore value='4025'/>
		<razingScore value='19575'/>
		<mineralScore value='23050'/>
		<gasScore value='3616'/>
		<totalScore value='85366'/>
	</player>

	<enemy>
		<race value='Protoss'/>
		<unitScore value='9175'/>
		<unitScore value='9175'/>
		<killScore value='14650'/>
		<buildingScore value='6525'/>
		<razingScore value='600'/>
		<mineralScore value='16898'/>
		<gasScore value='4240'/>
		<totalScore value='52088'/>
	</enemy>

	<scoreRatio value='1.63888'/>
	<timeFitness value='0.742222'/>
	<unitsAverage value='92'/>
</results>
