<results>
	<result value='loss'/>
	<start value='2015-04-16.22:29:56'/>
	<end value='2015-04-16.22:30:12'/>
	<frames value='17331'/>
	<gameDuration value='1083'/>

	<player>
		<unitScore value='4875'/>
		<killScore value='700'/>
		<buildingScore value='1875'/>
		<razingScore value='0'/>
		<mineralScore value='6938'/>
		<gasScore value='1296'/>
		<totalScore value='15684'/>
	</player>

	<enemy>
		<race value='Protoss'/>
		<unitScore value='5225'/>
		<unitScore value='5225'/>
		<killScore value='9750'/>
		<buildingScore value='3275'/>
		<razingScore value='5625'/>
		<mineralScore value='8674'/>
		<gasScore value='2536'/>
		<totalScore value='35085'/>
	</enemy>

	<scoreRatio value='0.447029'/>
</results>
