<results>
	<result value='win'/>
	<start value='2014-07-23.02:21:23'/>
	<end value='2014-07-23.02:21:52'/>
	<frames value='29638'/>
	<gameDuration value='1852'/>

	<player>
		<unitScore value='15250'/>
		<killScore value='10450'/>
		<buildingScore value='4100'/>
		<razingScore value='13275'/>
		<mineralScore value='19306'/>
		<gasScore value='2000'/>
		<totalScore value='64381'/>
	</player>

	<enemy>
		<race value='Protoss'/>
		<unitScore value='5225'/>
		<unitScore value='5225'/>
		<killScore value='8900'/>
		<buildingScore value='4425'/>
		<razingScore value='225'/>
		<mineralScore value='13010'/>
		<gasScore value='2128'/>
		<totalScore value='33913'/>
	</enemy>

	<scoreRatio value='1.89842'/>
</results>
