<results>
	<result value='loss'/>
	<start value='2015-05-06.02:26:57'/>
	<end value='2015-05-06.02:27:50'/>
	<frames value='49447'/>
	<gameDuration value='3090'/>

	<player>
		<unitScore value='25200'/>
		<killScore value='54000'/>
		<buildingScore value='3825'/>
		<razingScore value='300'/>
		<mineralScore value='27414'/>
		<gasScore value='6600'/>
		<totalScore value='117339'/>
	</player>

	<enemy>
		<race value='Protoss'/>
		<unitScore value='39625'/>
		<unitScore value='39625'/>
		<killScore value='50400'/>
		<buildingScore value='7450'/>
		<razingScore value='11475'/>
		<mineralScore value='34074'/>
		<gasScore value='11222'/>
		<totalScore value='154246'/>
	</enemy>

	<scoreRatio value='0.760726'/>
	<timeFitness value='0.429167'/>
	<unitsAverage value='93'/>
</results>
