<results>
	<result value='loss'/>
	<start value='2015-05-06.02:28:50'/>
	<end value='2015-05-06.02:29:10'/>
	<frames value='36582'/>
	<gameDuration value='2286'/>

	<player>
		<unitScore value='11550'/>
		<killScore value='11800'/>
		<buildingScore value='2525'/>
		<razingScore value='600'/>
		<mineralScore value='17474'/>
		<gasScore value='2152'/>
		<totalScore value='46101'/>
	</player>

	<enemy>
		<race value='Protoss'/>
		<unitScore value='22350'/>
		<unitScore value='22350'/>
		<killScore value='23100'/>
		<buildingScore value='7125'/>
		<razingScore value='7575'/>
		<mineralScore value='24378'/>
		<gasScore value='9200'/>
		<totalScore value='93728'/>
	</enemy>

	<scoreRatio value='0.491859'/>
	<timeFitness value='0.3175'/>
	<unitsAverage value='47'/>
</results>
