<results>
	<result value='loss'/>
	<start value='2015-05-06.02:29:47'/>
	<end value='2015-05-06.02:29:55'/>
	<frames value='18354'/>
	<gameDuration value='1147'/>

	<player>
		<unitScore value='4400'/>
		<killScore value='800'/>
		<buildingScore value='2200'/>
		<razingScore value='0'/>
		<mineralScore value='6618'/>
		<gasScore value='856'/>
		<totalScore value='14874'/>
	</player>

	<enemy>
		<race value='Protoss'/>
		<unitScore value='4150'/>
		<unitScore value='4150'/>
		<killScore value='8800'/>
		<buildingScore value='4325'/>
		<razingScore value='6600'/>
		<mineralScore value='10106'/>
		<gasScore value='2080'/>
		<totalScore value='36061'/>
	</enemy>

	<scoreRatio value='0.412468'/>
	<timeFitness value='0.159306'/>
	<unitsAverage value='25'/>
</results>
