<results>
	<result value='loss'/>
	<start value='2015-05-06.02:33:59'/>
	<end value='2015-05-06.02:34:36'/>
	<frames value='44022'/>
	<gameDuration value='2751'/>

	<player>
		<unitScore value='20225'/>
		<killScore value='20000'/>
		<buildingScore value='2325'/>
		<razingScore value='300'/>
		<mineralScore value='22250'/>
		<gasScore value='4384'/>
		<totalScore value='69484'/>
	</player>

	<enemy>
		<race value='Protoss'/>
		<unitScore value='32720'/>
		<unitScore value='32720'/>
		<killScore value='40450'/>
		<buildingScore value='8025'/>
		<razingScore value='6975'/>
		<mineralScore value='30750'/>
		<gasScore value='12792'/>
		<totalScore value='131712'/>
	</enemy>

	<scoreRatio value='0.527545'/>
	<timeFitness value='0.382083'/>
	<unitsAverage value='83'/>
</results>
