<results>
	<result value='loss'/>
	<start value='2015-05-06.02:36:15'/>
	<end value='2015-05-06.02:36:32'/>
	<frames value='36892'/>
	<gameDuration value='2305'/>

	<player>
		<unitScore value='10950'/>
		<killScore value='11800'/>
		<buildingScore value='1200'/>
		<razingScore value='600'/>
		<mineralScore value='11466'/>
		<gasScore value='1688'/>
		<totalScore value='37704'/>
	</player>

	<enemy>
		<race value='Protoss'/>
		<unitScore value='22250'/>
		<unitScore value='22250'/>
		<killScore value='22100'/>
		<buildingScore value='7275'/>
		<razingScore value='3375'/>
		<mineralScore value='24306'/>
		<gasScore value='9184'/>
		<totalScore value='88490'/>
	</enemy>

	<scoreRatio value='0.426082'/>
	<timeFitness value='0.320139'/>
	<unitsAverage value='34'/>
</results>
