<results>
	<result value='loss'/>
	<start value='2015-05-06.02:41:38'/>
	<end value='2015-05-06.02:41:53'/>
	<frames value='31281'/>
	<gameDuration value='1955'/>

	<player>
		<unitScore value='7950'/>
		<killScore value='10050'/>
		<buildingScore value='1825'/>
		<razingScore value='450'/>
		<mineralScore value='9758'/>
		<gasScore value='1872'/>
		<totalScore value='31905'/>
	</player>

	<enemy>
		<race value='Protoss'/>
		<unitScore value='16325'/>
		<unitScore value='16325'/>
		<killScore value='16000'/>
		<buildingScore value='7075'/>
		<razingScore value='5475'/>
		<mineralScore value='20278'/>
		<gasScore value='7224'/>
		<totalScore value='72377'/>
	</enemy>

	<scoreRatio value='0.440817'/>
	<timeFitness value='0.271528'/>
	<unitsAverage value='31'/>
</results>
