<results>
	<result value='loss'/>
	<start value='2015-05-06.02:42:44'/>
	<end value='2015-05-06.02:43:12'/>
	<frames value='40829'/>
	<gameDuration value='2551'/>

	<player>
		<unitScore value='17225'/>
		<killScore value='25100'/>
		<buildingScore value='2800'/>
		<razingScore value='150'/>
		<mineralScore value='18902'/>
		<gasScore value='2664'/>
		<totalScore value='66841'/>
	</player>

	<enemy>
		<race value='Protoss'/>
		<unitScore value='30175'/>
		<unitScore value='30175'/>
		<killScore value='34750'/>
		<buildingScore value='7225'/>
		<razingScore value='8400'/>
		<mineralScore value='29350'/>
		<gasScore value='9664'/>
		<totalScore value='119564'/>
	</enemy>

	<scoreRatio value='0.55904'/>
	<timeFitness value='0.354306'/>
	<unitsAverage value='70'/>
</results>
