<results>
	<result value='loss'/>
	<start value='2015-04-07.16:01:35'/>
	<end value='2015-04-07.16:01:42'/>
	<frames value='14944'/>
	<gameDuration value='934'/>

	<player>
		<unitScore value='2900'/>
		<killScore value='1000'/>
		<buildingScore value='1500'/>
		<razingScore value='0'/>
		<mineralScore value='4410'/>
		<gasScore value='984'/>
		<totalScore value='10794'/>
	</player>

	<enemy>
		<race value='Protoss'/>
		<unitScore value='3550'/>
		<unitScore value='3550'/>
		<killScore value='5800'/>
		<buildingScore value='2625'/>
		<razingScore value='4500'/>
		<mineralScore value='7722'/>
		<gasScore value='1352'/>
		<totalScore value='25549'/>
	</enemy>

	<scoreRatio value='0.422482'/>
</results>
