<results>
	<result value='draw'/>
	<start value='2015-07-20.05:43:45'/>
	<end value='2015-07-20.05:45:35'/>
	<frames value='57601'/>
	<gameDuration value='3600'/>

	<player>
		<unitScore value='42625'/>
		<killScore value='50700'/>
		<buildingScore value='3175'/>
		<razingScore value='195'/>
		<mineralScore value='31478'/>
		<gasScore value='6610'/>
		<totalScore value='134783'/>
	</player>

	<enemy>
		<race value='Zerg'/>
		<unitScore value='36400'/>
		<killScore value='85250'/>
		<buildingScore value='4070'/>
		<razingScore value='9300'/>
		<mineralScore value='31478'/>
		<gasScore value='11960'/>
		<totalScore value='178458'/>
	</enemy>

	<scoreRatio value='0.755265'/>
	<timeFitness value='0.5'/>
	<unitsAverage value='93'/>
</results>
