<results>
	<result value='loss'/>
	<start value='2015-07-20.06:01:40'/>
	<end value='2015-07-20.06:02:05'/>
	<frames value='26569'/>
	<gameDuration value='1660'/>

	<player>
		<unitScore value='12975'/>
		<killScore value='7250'/>
		<buildingScore value='3225'/>
		<razingScore value='0'/>
		<mineralScore value='16730'/>
		<gasScore value='2288'/>
		<totalScore value='42468'/>
	</player>

	<enemy>
		<race value='Zerg'/>
		<unitScore value='10175'/>
		<killScore value='25950'/>
		<buildingScore value='3230'/>
		<razingScore value='9675'/>
		<mineralScore value='13010'/>
		<gasScore value='3432'/>
		<totalScore value='65472'/>
	</enemy>

	<scoreRatio value='0.648644'/>
	<timeFitness value='0.230556'/>
	<unitsAverage value='42'/>
</results>
