<results>
	<result value='draw'/>
	<start value='2015-07-18.15:29:16'/>
	<end value='2015-07-18.15:31:08'/>
	<frames value='57601'/>
	<gameDuration value='3600'/>

	<player>
		<unitScore value='37500'/>
		<killScore value='26500'/>
		<buildingScore value='4675'/>
		<razingScore value='2850'/>
		<mineralScore value='35766'/>
		<gasScore value='6960'/>
		<totalScore value='114251'/>
	</player>

	<enemy>
		<race value='Protoss'/>
		<unitScore value='32050'/>
		<killScore value='66900'/>
		<buildingScore value='7125'/>
		<razingScore value='3900'/>
		<mineralScore value='26550'/>
		<gasScore value='11396'/>
		<totalScore value='147921'/>
	</enemy>

	<scoreRatio value='0.772379'/>
	<timeFitness value='0.5'/>
	<unitsAverage value='117'/>
</results>
