<results>
	<result value='loss'/>
	<start value='2015-07-18.15:36:26'/>
	<end value='2015-07-18.15:37:02'/>
	<frames value='34908'/>
	<gameDuration value='2181'/>

	<player>
		<unitScore value='14675'/>
		<killScore value='9700'/>
		<buildingScore value='3100'/>
		<razingScore value='0'/>
		<mineralScore value='17214'/>
		<gasScore value='1736'/>
		<totalScore value='46425'/>
	</player>

	<enemy>
		<race value='Protoss'/>
		<unitScore value='14875'/>
		<killScore value='27650'/>
		<buildingScore value='6175'/>
		<razingScore value='9300'/>
		<mineralScore value='21330'/>
		<gasScore value='6370'/>
		<totalScore value='85700'/>
	</enemy>

	<scoreRatio value='0.541715'/>
	<timeFitness value='0.302917'/>
	<unitsAverage value='53'/>
</results>
