<results>
	<result value='loss'/>
	<start value='2015-07-18.15:40:56'/>
	<end value='2015-07-18.15:42:39'/>
	<frames value='48021'/>
	<gameDuration value='3001'/>

	<player>
		<unitScore value='27575'/>
		<killScore value='34800'/>
		<buildingScore value='3700'/>
		<razingScore value='1500'/>
		<mineralScore value='28594'/>
		<gasScore value='4016'/>
		<totalScore value='100185'/>
	</player>

	<enemy>
		<race value='Protoss'/>
		<unitScore value='33350'/>
		<killScore value='49050'/>
		<buildingScore value='8025'/>
		<razingScore value='11100'/>
		<mineralScore value='32822'/>
		<gasScore value='11832'/>
		<totalScore value='146179'/>
	</enemy>

	<scoreRatio value='0.685358'/>
	<timeFitness value='0.416806'/>
	<unitsAverage value='113'/>
</results>
