<results>
	<result value='loss'/>
	<start value='2015-07-18.15:44:56'/>
	<end value='2015-07-18.15:45:33'/>
	<frames value='40674'/>
	<gameDuration value='2542'/>

	<player>
		<unitScore value='20425'/>
		<killScore value='14200'/>
		<buildingScore value='2875'/>
		<razingScore value='0'/>
		<mineralScore value='18666'/>
		<gasScore value='3032'/>
		<totalScore value='59198'/>
	</player>

	<enemy>
		<race value='Protoss'/>
		<unitScore value='24225'/>
		<killScore value='37200'/>
		<buildingScore value='7575'/>
		<razingScore value='8625'/>
		<mineralScore value='27178'/>
		<gasScore value='9062'/>
		<totalScore value='113865'/>
	</enemy>

	<scoreRatio value='0.519896'/>
	<timeFitness value='0.353056'/>
	<unitsAverage value='51'/>
</results>
