<results>
	<result value='draw'/>
	<start value='2015-07-18.15:48:20'/>
	<end value='2015-07-18.15:50:41'/>
	<frames value='57601'/>
	<gameDuration value='3600'/>

	<player>
		<unitScore value='34200'/>
		<killScore value='31100'/>
		<buildingScore value='4125'/>
		<razingScore value='600'/>
		<mineralScore value='31526'/>
		<gasScore value='5400'/>
		<totalScore value='106951'/>
	</player>

	<enemy>
		<race value='Protoss'/>
		<unitScore value='33600'/>
		<killScore value='59500'/>
		<buildingScore value='6575'/>
		<razingScore value='6300'/>
		<mineralScore value='31534'/>
		<gasScore value='10696'/>
		<totalScore value='148205'/>
	</enemy>

	<scoreRatio value='0.721642'/>
	<timeFitness value='0.5'/>
	<unitsAverage value='108'/>
</results>
