<results>
	<result value='win'/>
	<start value='2015-05-05.20:39:35'/>
	<end value='2015-05-05.20:40:15'/>
	<frames value='39837'/>
	<gameDuration value='2489'/>

	<player>
		<unitScore value='21175'/>
		<killScore value='22900'/>
		<buildingScore value='3950'/>
		<razingScore value='21900'/>
		<mineralScore value='24562'/>
		<gasScore value='3864'/>
		<totalScore value='98351'/>
	</player>

	<enemy>
		<race value='Protoss'/>
		<unitScore value='11450'/>
		<unitScore value='11450'/>
		<killScore value='17950'/>
		<buildingScore value='7300'/>
		<razingScore value='450'/>
		<mineralScore value='17870'/>
		<gasScore value='3872'/>
		<totalScore value='58892'/>
	</enemy>

	<scoreRatio value='1.67002'/>
	<timeFitness value='0.654306'/>
	<unitsAverage value='87'/>
</results>
