<results>
	<result value='loss'/>
	<start value='2015-05-05.21:01:50'/>
	<end value='2015-05-05.21:01:59'/>
	<frames value='15874'/>
	<gameDuration value='992'/>

	<player>
		<unitScore value='3250'/>
		<killScore value='1400'/>
		<buildingScore value='1475'/>
		<razingScore value='0'/>
		<mineralScore value='4578'/>
		<gasScore value='624'/>
		<totalScore value='11327'/>
	</player>

	<enemy>
		<race value='Protoss'/>
		<unitScore value='3550'/>
		<unitScore value='3550'/>
		<killScore value='6750'/>
		<buildingScore value='2725'/>
		<razingScore value='4425'/>
		<mineralScore value='7938'/>
		<gasScore value='1216'/>
		<totalScore value='26604'/>
	</enemy>

	<scoreRatio value='0.425763'/>
	<timeFitness value='0.137778'/>
	<unitsAverage value='23'/>
</results>
