<results>
	<result value='loss'/>
	<start value='2015-05-05.21:06:43'/>
	<end value='2015-05-05.21:07:34'/>
	<frames value='49943'/>
	<gameDuration value='3121'/>

	<player>
		<unitScore value='23400'/>
		<killScore value='35100'/>
		<buildingScore value='2275'/>
		<razingScore value='4500'/>
		<mineralScore value='24610'/>
		<gasScore value='3768'/>
		<totalScore value='93653'/>
	</player>

	<enemy>
		<race value='Protoss'/>
		<unitScore value='30625'/>
		<unitScore value='30625'/>
		<killScore value='46800'/>
		<buildingScore value='8475'/>
		<razingScore value='6825'/>
		<mineralScore value='31362'/>
		<gasScore value='9874'/>
		<totalScore value='133961'/>
	</enemy>

	<scoreRatio value='0.699106'/>
	<timeFitness value='0.433472'/>
	<unitsAverage value='80'/>
</results>
