<results>
	<result value='win'/>
	<start value='2015-05-05.21:11:14'/>
	<end value='2015-05-05.21:12:03'/>
	<frames value='38225'/>
	<gameDuration value='2389'/>

	<player>
		<unitScore value='23650'/>
		<killScore value='27450'/>
		<buildingScore value='3400'/>
		<razingScore value='26250'/>
		<mineralScore value='28470'/>
		<gasScore value='3168'/>
		<totalScore value='112388'/>
	</player>

	<enemy>
		<race value='Protoss'/>
		<unitScore value='14300'/>
		<unitScore value='14300'/>
		<killScore value='22050'/>
		<buildingScore value='8750'/>
		<razingScore value='150'/>
		<mineralScore value='19250'/>
		<gasScore value='6144'/>
		<totalScore value='70644'/>
	</enemy>

	<scoreRatio value='1.59091'/>
	<timeFitness value='0.668194'/>
	<unitsAverage value='101'/>
</results>
