<results>
	<result value='loss'/>
	<start value='2015-05-05.21:25:34'/>
	<end value='2015-05-05.21:25:42'/>
	<frames value='14107'/>
	<gameDuration value='881'/>

	<player>
		<unitScore value='3350'/>
		<killScore value='800'/>
		<buildingScore value='1025'/>
		<razingScore value='0'/>
		<mineralScore value='4178'/>
		<gasScore value='576'/>
		<totalScore value='9929'/>
	</player>

	<enemy>
		<race value='Protoss'/>
		<unitScore value='3500'/>
		<unitScore value='3500'/>
		<killScore value='6700'/>
		<buildingScore value='2375'/>
		<razingScore value='3075'/>
		<mineralScore value='7050'/>
		<gasScore value='1176'/>
		<totalScore value='23876'/>
	</enemy>

	<scoreRatio value='0.415857'/>
	<timeFitness value='0.122361'/>
	<unitsAverage value='23'/>
</results>
