<results>
	<result value='win'/>
	<start value='2015-05-05.21:26:26'/>
	<end value='2015-05-05.21:26:55'/>
	<frames value='29855'/>
	<gameDuration value='1865'/>

	<player>
		<unitScore value='16900'/>
		<killScore value='16350'/>
		<buildingScore value='3925'/>
		<razingScore value='19425'/>
		<mineralScore value='24258'/>
		<gasScore value='2320'/>
		<totalScore value='83178'/>
	</player>

	<enemy>
		<race value='Protoss'/>
		<unitScore value='8525'/>
		<unitScore value='8525'/>
		<killScore value='13200'/>
		<buildingScore value='6475'/>
		<razingScore value='450'/>
		<mineralScore value='14486'/>
		<gasScore value='2152'/>
		<totalScore value='45288'/>
	</enemy>

	<scoreRatio value='1.83665'/>
	<timeFitness value='0.740972'/>
	<unitsAverage value='86'/>
</results>
