<results>
	<result value='loss'/>
	<start value='2015-04-15.01:54:23'/>
	<end value='2015-04-15.01:54:37'/>
	<frames value='16215'/>
	<gameDuration value='1013'/>

	<player>
		<unitScore value='2925'/>
		<killScore value='1000'/>
		<buildingScore value='1875'/>
		<razingScore value='0'/>
		<mineralScore value='4778'/>
		<gasScore value='464'/>
		<totalScore value='11042'/>
	</player>

	<enemy>
		<race value='Protoss'/>
		<unitScore value='3600'/>
		<unitScore value='3600'/>
		<killScore value='5850'/>
		<buildingScore value='3775'/>
		<razingScore value='5625'/>
		<mineralScore value='8386'/>
		<gasScore value='1616'/>
		<totalScore value='28852'/>
	</enemy>

	<scoreRatio value='0.382712'/>
</results>
