<results>
	<result value='win'/>
	<start value='2015-04-15.02:07:31'/>
	<end value='2015-04-15.02:07:59'/>
	<frames value='22570'/>
	<gameDuration value='1410'/>

	<player>
		<unitScore value='9450'/>
		<killScore value='10900'/>
		<buildingScore value='3025'/>
		<razingScore value='9075'/>
		<mineralScore value='13942'/>
		<gasScore value='2120'/>
		<totalScore value='48512'/>
	</player>

	<enemy>
		<race value='Protoss'/>
		<unitScore value='5450'/>
		<unitScore value='5450'/>
		<killScore value='5000'/>
		<buildingScore value='3025'/>
		<razingScore value='1350'/>
		<mineralScore value='8450'/>
		<gasScore value='2136'/>
		<totalScore value='25411'/>
	</enemy>

	<scoreRatio value='1.90909'/>
</results>
