<results>
	<result value='loss'/>
	<start value='2015-05-09.21:45:03'/>
	<end value='2015-05-09.21:45:12'/>
	<frames value='18633'/>
	<gameDuration value='1164'/>

	<player>
		<unitScore value='3400'/>
		<killScore value='2100'/>
		<buildingScore value='1400'/>
		<razingScore value='0'/>
		<mineralScore value='4682'/>
		<gasScore value='656'/>
		<totalScore value='12238'/>
	</player>

	<enemy>
		<race value='Protoss'/>
		<unitScore value='5225'/>
		<unitScore value='5225'/>
		<killScore value='6800'/>
		<buildingScore value='4525'/>
		<razingScore value='4200'/>
		<mineralScore value='10882'/>
		<gasScore value='2280'/>
		<totalScore value='33912'/>
	</enemy>

	<scoreRatio value='0.360875'/>
	<timeFitness value='0.161667'/>
	<unitsAverage value='20'/>
</results>
