<results>
	<result value='win'/>
	<start value='2015-05-02.21:56:42'/>
	<end value='2015-05-02.21:57:22'/>
	<frames value='25422'/>
	<gameDuration value='1588'/>

	<player>
		<unitScore value='15450'/>
		<killScore value='22880'/>
		<buildingScore value='4400'/>
		<razingScore value='4755'/>
		<mineralScore value='23798'/>
		<gasScore value='2952'/>
		<totalScore value='74235'/>
	</player>

	<enemy>
		<race value='Zerg'/>
		<unitScore value='10275'/>
		<unitScore value='10275'/>
		<killScore value='11050'/>
		<buildingScore value='1585'/>
		<razingScore value='0'/>
		<mineralScore value='9330'/>
		<gasScore value='2400'/>
		<totalScore value='34640'/>
	</enemy>

	<scoreRatio value='2.14304'/>
	<timeFitness value='0.779444'/>
	<unitsAverage value='88'/>
</results>
