<results>
	<result value='win'/>
	<start value='2015-05-02.21:59:01'/>
	<end value='2015-05-02.21:59:33'/>
	<frames value='24027'/>
	<gameDuration value='1501'/>

	<player>
		<unitScore value='11775'/>
		<killScore value='17460'/>
		<buildingScore value='3600'/>
		<razingScore value='4560'/>
		<mineralScore value='16546'/>
		<gasScore value='1688'/>
		<totalScore value='55629'/>
	</player>

	<enemy>
		<race value='Zerg'/>
		<unitScore value='8450'/>
		<unitScore value='8450'/>
		<killScore value='7900'/>
		<buildingScore value='1520'/>
		<razingScore value='0'/>
		<mineralScore value='8378'/>
		<gasScore value='2616'/>
		<totalScore value='28864'/>
	</enemy>

	<scoreRatio value='1.92728'/>
	<timeFitness value='0.791528'/>
	<unitsAverage value='65'/>
</results>
