<results>
	<result value='win'/>
	<start value='2015-05-02.22:08:28'/>
	<end value='2015-05-02.22:09:02'/>
	<frames value='23934'/>
	<gameDuration value='1495'/>

	<player>
		<unitScore value='11975'/>
		<killScore value='20790'/>
		<buildingScore value='2850'/>
		<razingScore value='5775'/>
		<mineralScore value='16410'/>
		<gasScore value='1848'/>
		<totalScore value='59648'/>
	</player>

	<enemy>
		<race value='Zerg'/>
		<unitScore value='9275'/>
		<unitScore value='9275'/>
		<killScore value='8800'/>
		<buildingScore value='1925'/>
		<razingScore value='0'/>
		<mineralScore value='9514'/>
		<gasScore value='2936'/>
		<totalScore value='32450'/>
	</enemy>

	<scoreRatio value='1.83815'/>
	<timeFitness value='0.792361'/>
	<unitsAverage value='68'/>
</results>
