<results>
	<result value='win'/>
	<start value='2015-04-28.20:00:01'/>
	<end value='2015-04-28.20:00:23'/>
	<frames value='20989'/>
	<gameDuration value='1311'/>

	<player>
		<unitScore value='10650'/>
		<killScore value='16020'/>
		<buildingScore value='2800'/>
		<razingScore value='4755'/>
		<mineralScore value='14210'/>
		<gasScore value='1096'/>
		<totalScore value='49531'/>
	</player>

	<enemy>
		<race value='Zerg'/>
		<unitScore value='8100'/>
		<unitScore value='8100'/>
		<killScore value='8000'/>
		<buildingScore value='1585'/>
		<razingScore value='0'/>
		<mineralScore value='8186'/>
		<gasScore value='2224'/>
		<totalScore value='28095'/>
	</enemy>

	<scoreRatio value='1.76298'/>
</results>
