<results>
	<result value='win'/>
	<start value='2015-04-28.20:03:07'/>
	<end value='2015-04-28.20:03:40'/>
	<frames value='24399'/>
	<gameDuration value='1524'/>

	<player>
		<unitScore value='16275'/>
		<killScore value='20060'/>
		<buildingScore value='3675'/>
		<razingScore value='5775'/>
		<mineralScore value='21138'/>
		<gasScore value='1448'/>
		<totalScore value='68371'/>
	</player>

	<enemy>
		<race value='Zerg'/>
		<unitScore value='9850'/>
		<unitScore value='9850'/>
		<killScore value='14850'/>
		<buildingScore value='1925'/>
		<razingScore value='0'/>
		<mineralScore value='9610'/>
		<gasScore value='2968'/>
		<totalScore value='39203'/>
	</enemy>

	<scoreRatio value='1.74402'/>
</results>
