<results>
	<result value='win'/>
	<start value='2015-04-28.20:09:47'/>
	<end value='2015-04-28.20:10:16'/>
	<frames value='24461'/>
	<gameDuration value='1528'/>

	<player>
		<unitScore value='13275'/>
		<killScore value='19350'/>
		<buildingScore value='3025'/>
		<razingScore value='5460'/>
		<mineralScore value='18846'/>
		<gasScore value='1704'/>
		<totalScore value='61660'/>
	</player>

	<enemy>
		<race value='Zerg'/>
		<unitScore value='8775'/>
		<unitScore value='8775'/>
		<killScore value='11500'/>
		<buildingScore value='1820'/>
		<razingScore value='0'/>
		<mineralScore value='8498'/>
		<gasScore value='2616'/>
		<totalScore value='33209'/>
	</enemy>

	<scoreRatio value='1.85673'/>
</results>
