<results>
	<result value='win'/>
	<start value='2015-04-28.20:11:23'/>
	<end value='2015-04-28.20:11:52'/>
	<frames value='24120'/>
	<gameDuration value='1507'/>

	<player>
		<unitScore value='13000'/>
		<killScore value='15200'/>
		<buildingScore value='2950'/>
		<razingScore value='5730'/>
		<mineralScore value='17438'/>
		<gasScore value='1408'/>
		<totalScore value='55726'/>
	</player>

	<enemy>
		<race value='Zerg'/>
		<unitScore value='7875'/>
		<unitScore value='7875'/>
		<killScore value='10500'/>
		<buildingScore value='1910'/>
		<razingScore value='0'/>
		<mineralScore value='8378'/>
		<gasScore value='2320'/>
		<totalScore value='30983'/>
	</enemy>

	<scoreRatio value='1.7986'/>
</results>
