<results>
	<result value='loss'/>
	<start value='2015-04-27.09:23:33'/>
	<end value='2015-04-27.09:23:42'/>
	<frames value='18509'/>
	<gameDuration value='1156'/>

	<player>
		<unitScore value='1975'/>
		<killScore value='2150'/>
		<buildingScore value='1050'/>
		<razingScore value='0'/>
		<mineralScore value='3426'/>
		<gasScore value='376'/>
		<totalScore value='8977'/>
	</player>

	<enemy>
		<race value='Terran'/>
		<unitScore value='6925'/>
		<unitScore value='6925'/>
		<killScore value='3950'/>
		<buildingScore value='2850'/>
		<razingScore value='3150'/>
		<mineralScore value='8426'/>
		<gasScore value='3016'/>
		<totalScore value='28317'/>
	</enemy>

	<scoreRatio value='0.317018'/>
</results>
