<results>
	<result value='loss'/>
	<start value='2015-04-27.09:23:46'/>
	<end value='2015-04-27.09:24:17'/>
	<frames value='48455'/>
	<gameDuration value='3028'/>

	<player>
		<unitScore value='15125'/>
		<killScore value='21700'/>
		<buildingScore value='2900'/>
		<razingScore value='1275'/>
		<mineralScore value='18242'/>
		<gasScore value='4592'/>
		<totalScore value='63834'/>
	</player>

	<enemy>
		<race value='Terran'/>
		<unitScore value='26800'/>
		<unitScore value='26800'/>
		<killScore value='30250'/>
		<buildingScore value='5150'/>
		<razingScore value='8700'/>
		<mineralScore value='28278'/>
		<gasScore value='11336'/>
		<totalScore value='110514'/>
	</enemy>

	<scoreRatio value='0.57761'/>
</results>
