<results>
	<result value='loss'/>
	<start value='2015-04-27.09:27:43'/>
	<end value='2015-04-27.09:27:52'/>
	<frames value='18168'/>
	<gameDuration value='1135'/>

	<player>
		<unitScore value='4725'/>
		<killScore value='4050'/>
		<buildingScore value='1775'/>
		<razingScore value='0'/>
		<mineralScore value='6690'/>
		<gasScore value='976'/>
		<totalScore value='18216'/>
	</player>

	<enemy>
		<race value='Terran'/>
		<unitScore value='6375'/>
		<unitScore value='6375'/>
		<killScore value='8600'/>
		<buildingScore value='2125'/>
		<razingScore value='5325'/>
		<mineralScore value='8266'/>
		<gasScore value='2944'/>
		<totalScore value='33635'/>
	</enemy>

	<scoreRatio value='0.541579'/>
</results>
