<results>
	<result value='loss'/>
	<start value='2014-07-23.01:50:02'/>
	<end value='2014-07-23.01:50:14'/>
	<frames value='21392'/>
	<gameDuration value='1337'/>

	<player>
		<unitScore value='3875'/>
		<killScore value='4000'/>
		<buildingScore value='2000'/>
		<razingScore value='0'/>
		<mineralScore value='6482'/>
		<gasScore value='936'/>
		<totalScore value='17293'/>
	</player>

	<enemy>
		<race value='Protoss'/>
		<unitScore value='5700'/>
		<unitScore value='5700'/>
		<killScore value='7750'/>
		<buildingScore value='5525'/>
		<razingScore value='6000'/>
		<mineralScore value='12490'/>
		<gasScore value='2888'/>
		<totalScore value='40353'/>
	</enemy>

	<scoreRatio value='0.428543'/>
</results>
