<results>
	<result value='draw'/>
	<start value='2014-07-06.04:47:21'/>
	<end value='2014-07-06.04:49:03'/>
	<frames value='57601'/>
	<gameDuration value='3600'/>

	<player>
		<unitScore value='23400'/>
		<killScore value='25600'/>
		<buildingScore value='4800'/>
		<razingScore value='22800'/>
		<mineralScore value='36390'/>
		<gasScore value='7134'/>
		<totalScore value='120124'/>
	</player>

	<enemy>
		<race value='Protoss'/>
		<unitScore value='13025'/>
		<unitScore value='13025'/>
		<killScore value='21700'/>
		<buildingScore value='8800'/>
		<razingScore value='150'/>
		<mineralScore value='20554'/>
		<gasScore value='5688'/>
		<totalScore value='69917'/>
	</enemy>

	<scoreRatio value='1.71809'/>
</results>
