<results>
	<result value='win'/>
	<start value='2014-07-06.04:49:06'/>
	<end value='2014-07-06.04:49:43'/>
	<frames value='30568'/>
	<gameDuration value='1910'/>

	<player>
		<unitScore value='23875'/>
		<killScore value='29850'/>
		<buildingScore value='3975'/>
		<razingScore value='18375'/>
		<mineralScore value='29514'/>
		<gasScore value='2736'/>
		<totalScore value='108325'/>
	</player>

	<enemy>
		<race value='Protoss'/>
		<unitScore value='15150'/>
		<unitScore value='15150'/>
		<killScore value='23400'/>
		<buildingScore value='6125'/>
		<razingScore value='0'/>
		<mineralScore value='18466'/>
		<gasScore value='3424'/>
		<totalScore value='66565'/>
	</enemy>

	<scoreRatio value='1.62736'/>
</results>
