<results>
	<result value='win'/>
	<start value='2014-07-06.04:50:36'/>
	<end value='2014-07-06.04:50:51'/>
	<frames value='21268'/>
	<gameDuration value='1329'/>

	<player>
		<unitScore value='9225'/>
		<killScore value='8700'/>
		<buildingScore value='2700'/>
		<razingScore value='8775'/>
		<mineralScore value='15382'/>
		<gasScore value='2072'/>
		<totalScore value='46854'/>
	</player>

	<enemy>
		<race value='Protoss'/>
		<unitScore value='4350'/>
		<unitScore value='4350'/>
		<killScore value='4400'/>
		<buildingScore value='2925'/>
		<razingScore value='0'/>
		<mineralScore value='8578'/>
		<gasScore value='1448'/>
		<totalScore value='21701'/>
	</enemy>

	<scoreRatio value='2.15907'/>
</results>
