<results>
	<result value='draw'/>
	<start value='2015-05-03.10:01:00'/>
	<end value='2015-05-03.10:01:54'/>
	<frames value='57601'/>
	<gameDuration value='3600'/>

	<player>
		<unitScore value='29475'/>
		<killScore value='50200'/>
		<buildingScore value='3150'/>
		<razingScore value='300'/>
		<mineralScore value='31470'/>
		<gasScore value='5744'/>
		<totalScore value='120339'/>
	</player>

	<enemy>
		<race value='Protoss'/>
		<unitScore value='37100'/>
		<unitScore value='37100'/>
		<killScore value='51350'/>
		<buildingScore value='6450'/>
		<razingScore value='300'/>
		<mineralScore value='31550'/>
		<gasScore value='11456'/>
		<totalScore value='138206'/>
	</enemy>

	<scoreRatio value='0.870722'/>
	<timeFitness value='0.5'/>
	<unitsAverage value='109'/>
</results>
