<results>
	<result value='loss'/>
	<start value='2015-05-09.15:06:38'/>
	<end value='2015-05-09.15:06:43'/>
	<frames value='13270'/>
	<gameDuration value='829'/>

	<player>
		<unitScore value='2200'/>
		<killScore value='600'/>
		<buildingScore value='1375'/>
		<razingScore value='0'/>
		<mineralScore value='3194'/>
		<gasScore value='488'/>
		<totalScore value='7857'/>
	</player>

	<enemy>
		<race value='Protoss'/>
		<unitScore value='3550'/>
		<unitScore value='3550'/>
		<killScore value='4300'/>
		<buildingScore value='2175'/>
		<razingScore value='4125'/>
		<mineralScore value='6506'/>
		<gasScore value='1152'/>
		<totalScore value='21808'/>
	</enemy>

	<scoreRatio value='0.360281'/>
	<timeFitness value='0.115139'/>
	<unitsAverage value='19'/>
</results>
