<results>
	<result value='loss'/>
	<start value='2015-05-09.15:08:26'/>
	<end value='2015-05-09.15:09:06'/>
	<frames value='51803'/>
	<gameDuration value='3237'/>

	<player>
		<unitScore value='29100'/>
		<killScore value='49450'/>
		<buildingScore value='3025'/>
		<razingScore value='1350'/>
		<mineralScore value='28554'/>
		<gasScore value='4504'/>
		<totalScore value='115983'/>
	</player>

	<enemy>
		<race value='Protoss'/>
		<unitScore value='41975'/>
		<unitScore value='41975'/>
		<killScore value='58200'/>
		<buildingScore value='7425'/>
		<razingScore value='9075'/>
		<mineralScore value='34406'/>
		<gasScore value='13356'/>
		<totalScore value='164437'/>
	</enemy>

	<scoreRatio value='0.705334'/>
	<timeFitness value='0.449583'/>
	<unitsAverage value='72'/>
</results>
