<results>
	<result value='loss'/>
	<start value='2015-05-09.15:09:09'/>
	<end value='2015-05-09.15:09:40'/>
	<frames value='40519'/>
	<gameDuration value='2532'/>

	<player>
		<unitScore value='14775'/>
		<killScore value='13250'/>
		<buildingScore value='2525'/>
		<razingScore value='300'/>
		<mineralScore value='19314'/>
		<gasScore value='3408'/>
		<totalScore value='53572'/>
	</player>

	<enemy>
		<race value='Protoss'/>
		<unitScore value='27175'/>
		<unitScore value='27175'/>
		<killScore value='29300'/>
		<buildingScore value='8175'/>
		<razingScore value='7575'/>
		<mineralScore value='28166'/>
		<gasScore value='11692'/>
		<totalScore value='112083'/>
	</enemy>

	<scoreRatio value='0.477967'/>
	<timeFitness value='0.351667'/>
	<unitsAverage value='61'/>
</results>
