<results>
	<result value='loss'/>
	<start value='2015-05-09.15:14:34'/>
	<end value='2015-05-09.15:15:33'/>
	<frames value='54190'/>
	<gameDuration value='3386'/>

	<player>
		<unitScore value='29600'/>
		<killScore value='28500'/>
		<buildingScore value='3875'/>
		<razingScore value='1950'/>
		<mineralScore value='31542'/>
		<gasScore value='6232'/>
		<totalScore value='101699'/>
	</player>

	<enemy>
		<race value='Protoss'/>
		<unitScore value='33025'/>
		<unitScore value='33025'/>
		<killScore value='59200'/>
		<buildingScore value='7025'/>
		<razingScore value='11625'/>
		<mineralScore value='31382'/>
		<gasScore value='10402'/>
		<totalScore value='152659'/>
	</enemy>

	<scoreRatio value='0.666184'/>
	<timeFitness value='0.470278'/>
	<unitsAverage value='111'/>
</results>
