<results>
	<result value='loss'/>
	<start value='2015-04-28.18:24:26'/>
	<end value='2015-04-28.18:24:59'/>
	<frames value='47463'/>
	<gameDuration value='2966'/>

	<player>
		<unitScore value='22775'/>
		<killScore value='26750'/>
		<buildingScore value='2975'/>
		<razingScore value='2400'/>
		<mineralScore value='25586'/>
		<gasScore value='4160'/>
		<totalScore value='84646'/>
	</player>

	<enemy>
		<race value='Protoss'/>
		<unitScore value='28300'/>
		<unitScore value='28300'/>
		<killScore value='45650'/>
		<buildingScore value='7675'/>
		<razingScore value='8925'/>
		<mineralScore value='27222'/>
		<gasScore value='10566'/>
		<totalScore value='128338'/>
	</enemy>

	<scoreRatio value='0.659555'/>
	<timeFitness value='0.411944'/>
	<unitsAverage value='81'/>
</results>
