<results>
	<result value='win'/>
	<start value='2015-04-29.12:25:45'/>
	<end value='2015-04-29.12:26:13'/>
	<frames value='26445'/>
	<gameDuration value='1652'/>

	<player>
		<unitScore value='14550'/>
		<killScore value='10500'/>
		<buildingScore value='4250'/>
		<razingScore value='11775'/>
		<mineralScore value='21150'/>
		<gasScore value='1928'/>
		<totalScore value='64153'/>
	</player>

	<enemy>
		<race value='Protoss'/>
		<unitScore value='5250'/>
		<unitScore value='5250'/>
		<killScore value='10500'/>
		<buildingScore value='3925'/>
		<razingScore value='300'/>
		<mineralScore value='9794'/>
		<gasScore value='1976'/>
		<totalScore value='31745'/>
	</enemy>

	<scoreRatio value='2.02089'/>
</results>
