<results>
	<result value='win'/>
	<start value='2015-05-04.14:47:48'/>
	<end value='2015-05-04.14:48:18'/>
	<frames value='24616'/>
	<gameDuration value='1538'/>

	<player>
		<unitScore value='16025'/>
		<killScore value='22710'/>
		<buildingScore value='3825'/>
		<razingScore value='5775'/>
		<mineralScore value='24650'/>
		<gasScore value='2200'/>
		<totalScore value='75185'/>
	</player>

	<enemy>
		<race value='Zerg'/>
		<unitScore value='10900'/>
		<unitScore value='10900'/>
		<killScore value='10850'/>
		<buildingScore value='1925'/>
		<razingScore value='0'/>
		<mineralScore value='10466'/>
		<gasScore value='3552'/>
		<totalScore value='37693'/>
	</enemy>

	<scoreRatio value='1.99467'/>
	<timeFitness value='0.786389'/>
	<unitsAverage value='94'/>
</results>
