<results>
	<result value='win'/>
	<start value='2015-05-11.17:06:14'/>
	<end value='2015-05-11.17:07:07'/>
	<frames value='34505'/>
	<gameDuration value='2156'/>

	<player>
		<unitScore value='28500'/>
		<killScore value='47740'/>
		<buildingScore value='4275'/>
		<razingScore value='7215'/>
		<mineralScore value='33618'/>
		<gasScore value='3688'/>
		<totalScore value='125036'/>
	</player>

	<enemy>
		<race value='Zerg'/>
		<unitScore value='20950'/>
		<unitScore value='20950'/>
		<killScore value='35050'/>
		<buildingScore value='2405'/>
		<razingScore value='0'/>
		<mineralScore value='17522'/>
		<gasScore value='5846'/>
		<totalScore value='81773'/>
	</enemy>

	<scoreRatio value='1.52906'/>
	<timeFitness value='0.700556'/>
	<unitsAverage value='128'/>
</results>
