<results>
	<result value='win'/>
	<start value='2015-05-04.14:55:27'/>
	<end value='2015-05-04.14:55:57'/>
	<frames value='26476'/>
	<gameDuration value='1654'/>

	<player>
		<unitScore value='17625'/>
		<killScore value='23880'/>
		<buildingScore value='4200'/>
		<razingScore value='4755'/>
		<mineralScore value='22782'/>
		<gasScore value='2384'/>
		<totalScore value='75626'/>
	</player>

	<enemy>
		<race value='Zerg'/>
		<unitScore value='10700'/>
		<unitScore value='10700'/>
		<killScore value='15500'/>
		<buildingScore value='1585'/>
		<razingScore value='0'/>
		<mineralScore value='10306'/>
		<gasScore value='3272'/>
		<totalScore value='41363'/>
	</enemy>

	<scoreRatio value='1.82835'/>
	<timeFitness value='0.770278'/>
	<unitsAverage value='85'/>
</results>
