<results>
	<result value='win'/>
	<start value='2015-05-04.15:03:36'/>
	<end value='2015-05-04.15:04:31'/>
	<frames value='32583'/>
	<gameDuration value='2036'/>

	<player>
		<unitScore value='20275'/>
		<killScore value='22090'/>
		<buildingScore value='4550'/>
		<razingScore value='4560'/>
		<mineralScore value='35634'/>
		<gasScore value='3016'/>
		<totalScore value='90125'/>
	</player>

	<enemy>
		<race value='Zerg'/>
		<unitScore value='10150'/>
		<unitScore value='10150'/>
		<killScore value='16900'/>
		<buildingScore value='1520'/>
		<razingScore value='0'/>
		<mineralScore value='9034'/>
		<gasScore value='2624'/>
		<totalScore value='40228'/>
	</enemy>

	<scoreRatio value='2.24036'/>
	<timeFitness value='0.717222'/>
	<unitsAverage value='124'/>
</results>
