<results>
	<result value='win'/>
	<start value='2015-05-22.04:41:03'/>
	<end value='2015-05-22.04:41:29'/>
	<frames value='30599'/>
	<gameDuration value='1912'/>

	<player>
		<unitScore value='14300'/>
		<killScore value='13250'/>
		<buildingScore value='3375'/>
		<razingScore value='15900'/>
		<mineralScore value='18514'/>
		<gasScore value='2616'/>
		<totalScore value='67955'/>
	</player>

	<enemy>
		<race value='Protoss'/>
		<unitScore value='6625'/>
		<killScore value='12700'/>
		<buildingScore value='5300'/>
		<razingScore value='1425'/>
		<mineralScore value='14738'/>
		<gasScore value='2360'/>
		<totalScore value='43148'/>
	</enemy>

	<scoreRatio value='1.57493'/>
	<timeFitness value='0.734444'/>
	<unitsAverage value='65'/>
</results>
