<results>
	<result value='win'/>
	<start value='2015-05-09.10:48:44'/>
	<end value='2015-05-09.10:49:06'/>
	<frames value='30568'/>
	<gameDuration value='1910'/>

	<player>
		<unitScore value='17000'/>
		<killScore value='27600'/>
		<buildingScore value='3925'/>
		<razingScore value='8550'/>
		<mineralScore value='21290'/>
		<gasScore value='2696'/>
		<totalScore value='81061'/>
	</player>

	<enemy>
		<race value='Terran'/>
		<unitScore value='13800'/>
		<unitScore value='13800'/>
		<killScore value='14500'/>
		<buildingScore value='2850'/>
		<razingScore value='1875'/>
		<mineralScore value='12050'/>
		<gasScore value='4696'/>
		<totalScore value='49771'/>
	</enemy>

	<scoreRatio value='1.62868'/>
	<timeFitness value='0.734722'/>
	<unitsAverage value='76'/>
</results>
