<results>
	<result value='win'/>
	<start value='2015-04-30.15:11:30'/>
	<end value='2015-04-30.15:13:10'/>
	<frames value='41542'/>
	<gameDuration value='2596'/>

	<player>
		<unitScore value='31525'/>
		<killScore value='38800'/>
		<buildingScore value='3775'/>
		<razingScore value='18750'/>
		<mineralScore value='38198'/>
		<gasScore value='5800'/>
		<totalScore value='136848'/>
	</player>

	<enemy>
		<race value='Protoss'/>
		<unitScore value='20550'/>
		<unitScore value='20550'/>
		<killScore value='38500'/>
		<buildingScore value='6250'/>
		<razingScore value='150'/>
		<mineralScore value='20242'/>
		<gasScore value='5224'/>
		<totalScore value='90916'/>
	</enemy>

	<scoreRatio value='1.50521'/>
	<timeFitness value='0.639444'/>
	<unitsAverage value='135'/>
</results>
