<results>
	<result value='loss'/>
	<start value='2015-07-18.05:49:45'/>
	<end value='2015-07-18.05:50:28'/>
	<frames value='44921'/>
	<gameDuration value='2807'/>

	<player>
		<unitScore value='12975'/>
		<killScore value='13850'/>
		<buildingScore value='2050'/>
		<razingScore value='300'/>
		<mineralScore value='12842'/>
		<gasScore value='2112'/>
		<totalScore value='44129'/>
	</player>

	<enemy>
		<race value='Terran'/>
		<unitScore value='27550'/>
		<killScore value='24150'/>
		<buildingScore value='5075'/>
		<razingScore value='6150'/>
		<mineralScore value='23698'/>
		<gasScore value='13864'/>
		<totalScore value='100487'/>
	</enemy>

	<scoreRatio value='0.439151'/>
	<timeFitness value='0.389861'/>
	<unitsAverage value='42'/>
</results>
