<results>
	<result value='loss'/>
	<start value='2015-07-18.06:02:06'/>
	<end value='2015-07-18.06:02:54'/>
	<frames value='50160'/>
	<gameDuration value='3135'/>

	<player>
		<unitScore value='12925'/>
		<killScore value='13800'/>
		<buildingScore value='2000'/>
		<razingScore value='0'/>
		<mineralScore value='12130'/>
		<gasScore value='3344'/>
		<totalScore value='44199'/>
	</player>

	<enemy>
		<race value='Terran'/>
		<unitScore value='30650'/>
		<killScore value='24200'/>
		<buildingScore value='6275'/>
		<razingScore value='6000'/>
		<mineralScore value='24510'/>
		<gasScore value='14504'/>
		<totalScore value='106139'/>
	</enemy>

	<scoreRatio value='0.416426'/>
	<timeFitness value='0.435417'/>
	<unitsAverage value='39'/>
</results>
