<results>
	<result value='loss'/>
	<start value='2015-07-18.06:03:02'/>
	<end value='2015-07-18.06:03:29'/>
	<frames value='24058'/>
	<gameDuration value='1503'/>

	<player>
		<unitScore value='8275'/>
		<killScore value='4950'/>
		<buildingScore value='2050'/>
		<razingScore value='0'/>
		<mineralScore value='10738'/>
		<gasScore value='1632'/>
		<totalScore value='27645'/>
	</player>

	<enemy>
		<race value='Terran'/>
		<unitScore value='9975'/>
		<killScore value='13150'/>
		<buildingScore value='3000'/>
		<razingScore value='6150'/>
		<mineralScore value='11198'/>
		<gasScore value='3912'/>
		<totalScore value='47385'/>
	</enemy>

	<scoreRatio value='0.583412'/>
	<timeFitness value='0.20875'/>
	<unitsAverage value='42'/>
</results>
