<results>
	<result value='loss'/>
	<start value='2015-07-18.06:05:53'/>
	<end value='2015-07-18.06:06:06'/>
	<frames value='15719'/>
	<gameDuration value='982'/>

	<player>
		<unitScore value='3825'/>
		<killScore value='1500'/>
		<buildingScore value='1475'/>
		<razingScore value='150'/>
		<mineralScore value='5426'/>
		<gasScore value='688'/>
		<totalScore value='13064'/>
	</player>

	<enemy>
		<race value='Terran'/>
		<unitScore value='4175'/>
		<killScore value='7400'/>
		<buildingScore value='1500'/>
		<razingScore value='4425'/>
		<mineralScore value='6954'/>
		<gasScore value='2264'/>
		<totalScore value='26718'/>
	</enemy>

	<scoreRatio value='0.488959'/>
	<timeFitness value='0.136389'/>
	<unitsAverage value='24'/>
</results>
