<results>
	<result value='win'/>
	<start value='2015-07-11.23:08:20'/>
	<end value='2015-07-11.23:10:01'/>
	<frames value='42999'/>
	<gameDuration value='2687'/>

	<player>
		<unitScore value='40825'/>
		<killScore value='25250'/>
		<buildingScore value='4650'/>
		<razingScore value='7275'/>
		<mineralScore value='45178'/>
		<gasScore value='7024'/>
		<totalScore value='130202'/>
	</player>

	<enemy>
		<race value='Terran'/>
		<unitScore value='13625'/>
		<killScore value='55200'/>
		<buildingScore value='2425'/>
		<razingScore value='825'/>
		<mineralScore value='12050'/>
		<gasScore value='5524'/>
		<totalScore value='89649'/>
	</enemy>

	<scoreRatio value='1.45235'/>
	<timeFitness value='0.626806'/>
	<unitsAverage value='132'/>
</results>
