<results>
	<result value='win'/>
	<start value='2015-04-27.03:33:08'/>
	<end value='2015-04-27.03:33:29'/>
	<frames value='23500'/>
	<gameDuration value='1468'/>

	<player>
		<unitScore value='12600'/>
		<killScore value='19300'/>
		<buildingScore value='4025'/>
		<razingScore value='7950'/>
		<mineralScore value='19594'/>
		<gasScore value='1944'/>
		<totalScore value='65413'/>
	</player>

	<enemy>
		<race value='Terran'/>
		<unitScore value='9650'/>
		<unitScore value='9650'/>
		<killScore value='7900'/>
		<buildingScore value='2800'/>
		<razingScore value='0'/>
		<mineralScore value='9546'/>
		<gasScore value='3360'/>
		<totalScore value='33256'/>
	</enemy>

	<scoreRatio value='1.96695'/>
</results>
