<results>
	<result value='draw'/>
	<start value='2015-05-09.19:33:16'/>
	<end value='2015-05-09.19:35:07'/>
	<frames value='57601'/>
	<gameDuration value='3600'/>

	<player>
		<unitScore value='27800'/>
		<killScore value='23400'/>
		<buildingScore value='3650'/>
		<razingScore value='600'/>
		<mineralScore value='32054'/>
		<gasScore value='6736'/>
		<totalScore value='94240'/>
	</player>

	<enemy>
		<race value='Terran'/>
		<unitScore value='25950'/>
		<unitScore value='25950'/>
		<killScore value='47800'/>
		<buildingScore value='4250'/>
		<razingScore value='3675'/>
		<mineralScore value='19406'/>
		<gasScore value='11230'/>
		<totalScore value='112311'/>
	</enemy>

	<scoreRatio value='0.839099'/>
	<timeFitness value='0.5'/>
	<unitsAverage value='103'/>
</results>
