<results>
	<result value='loss'/>
	<start value='2015-03-29.22:33:14'/>
	<end value='2015-03-29.22:33:26'/>
	<frames value='17796'/>
	<gameDuration value='1112'/>

	<player>
		<unitScore value='4075'/>
		<killScore value='1800'/>
		<buildingScore value='1650'/>
		<razingScore value='0'/>
		<mineralScore value='5682'/>
		<gasScore value='744'/>
		<totalScore value='13951'/>
	</player>

	<enemy>
		<race value='Protoss'/>
		<unitScore value='3700'/>
		<unitScore value='3700'/>
		<killScore value='8150'/>
		<buildingScore value='4075'/>
		<razingScore value='4950'/>
		<mineralScore value='9914'/>
		<gasScore value='2008'/>
		<totalScore value='32797'/>
	</enemy>

	<scoreRatio value='0.425374'/>
</results>
