<results>
	<result value='loss'/>
	<start value='2015-07-18.06:25:24'/>
	<end value='2015-07-18.06:25:36'/>
	<frames value='20090'/>
	<gameDuration value='1255'/>

	<player>
		<unitScore value='4800'/>
		<killScore value='2300'/>
		<buildingScore value='1850'/>
		<razingScore value='0'/>
		<mineralScore value='5842'/>
		<gasScore value='848'/>
		<totalScore value='15640'/>
	</player>

	<enemy>
		<race value='Protoss'/>
		<unitScore value='5300'/>
		<killScore value='9600'/>
		<buildingScore value='4525'/>
		<razingScore value='5550'/>
		<mineralScore value='11122'/>
		<gasScore value='2472'/>
		<totalScore value='38569'/>
	</enemy>

	<scoreRatio value='0.405507'/>
	<timeFitness value='0.174306'/>
	<unitsAverage value='22'/>
</results>
