<results>
	<result value='loss'/>
	<start value='2015-07-18.06:44:07'/>
	<end value='2015-07-18.06:45:10'/>
	<frames value='52826'/>
	<gameDuration value='3301'/>

	<player>
		<unitScore value='36625'/>
		<killScore value='18000'/>
		<buildingScore value='4325'/>
		<razingScore value='3450'/>
		<mineralScore value='36218'/>
		<gasScore value='3952'/>
		<totalScore value='102570'/>
	</player>

	<enemy>
		<race value='Protoss'/>
		<unitScore value='16225'/>
		<killScore value='73250'/>
		<buildingScore value='7325'/>
		<razingScore value='12975'/>
		<mineralScore value='20770'/>
		<gasScore value='12202'/>
		<totalScore value='142747'/>
	</enemy>

	<scoreRatio value='0.718544'/>
	<timeFitness value='0.458472'/>
	<unitsAverage value='70'/>
</results>
