<results>
	<result value='win'/>
	<start value='2015-05-10.22:44:06'/>
	<end value='2015-05-10.22:45:02'/>
	<frames value='28274'/>
	<gameDuration value='1767'/>

	<player>
		<unitScore value='17500'/>
		<killScore value='25950'/>
		<buildingScore value='4075'/>
		<razingScore value='5595'/>
		<mineralScore value='29642'/>
		<gasScore value='1928'/>
		<totalScore value='84690'/>
	</player>

	<enemy>
		<race value='Zerg'/>
		<unitScore value='12225'/>
		<unitScore value='12225'/>
		<killScore value='13650'/>
		<buildingScore value='1865'/>
		<razingScore value='0'/>
		<mineralScore value='11834'/>
		<gasScore value='4264'/>
		<totalScore value='43838'/>
	</enemy>

	<scoreRatio value='1.93189'/>
	<timeFitness value='0.754583'/>
	<unitsAverage value='104'/>
</results>
