<results>
	<result value='win'/>
	<start value='2015-05-03.21:37:13'/>
	<end value='2015-05-03.21:37:44'/>
	<frames value='26941'/>
	<gameDuration value='1683'/>

	<player>
		<unitScore value='18450'/>
		<killScore value='19920'/>
		<buildingScore value='3250'/>
		<razingScore value='5610'/>
		<mineralScore value='24162'/>
		<gasScore value='0'/>
		<totalScore value='71392'/>
	</player>

	<enemy>
		<race value='Zerg'/>
		<unitScore value='9525'/>
		<unitScore value='9525'/>
		<killScore value='21200'/>
		<buildingScore value='1870'/>
		<razingScore value='0'/>
		<mineralScore value='9146'/>
		<gasScore value='2704'/>
		<totalScore value='44445'/>
	</enemy>

	<scoreRatio value='1.6063'/>
	<timeFitness value='0.76625'/>
	<unitsAverage value='86'/>
</results>
