<results>
	<result value='win'/>
	<start value='2014-07-24.02:24:17'/>
	<end value='2014-07-24.02:24:41'/>
	<frames value='31157'/>
	<gameDuration value='1947'/>

	<player>
		<unitScore value='13175'/>
		<killScore value='26550'/>
		<buildingScore value='3900'/>
		<razingScore value='7950'/>
		<mineralScore value='18058'/>
		<gasScore value='2640'/>
		<totalScore value='72273'/>
	</player>

	<enemy>
		<race value='Terran'/>
		<unitScore value='13275'/>
		<unitScore value='13275'/>
		<killScore value='9050'/>
		<buildingScore value='2650'/>
		<razingScore value='1950'/>
		<mineralScore value='11774'/>
		<gasScore value='4416'/>
		<totalScore value='43115'/>
	</enemy>

	<scoreRatio value='1.67628'/>
</results>
