<results>
	<result value='loss'/>
	<start value='2015-07-18.05:16:13'/>
	<end value='2015-07-18.05:16:26'/>
	<frames value='17331'/>
	<gameDuration value='1083'/>

	<player>
		<unitScore value='3500'/>
		<killScore value='1700'/>
		<buildingScore value='1700'/>
		<razingScore value='0'/>
		<mineralScore value='4818'/>
		<gasScore value='1096'/>
		<totalScore value='12814'/>
	</player>

	<enemy>
		<race value='Protoss'/>
		<unitScore value='4700'/>
		<killScore value='7000'/>
		<buildingScore value='4025'/>
		<razingScore value='5100'/>
		<mineralScore value='9274'/>
		<gasScore value='2064'/>
		<totalScore value='32163'/>
	</enemy>

	<scoreRatio value='0.398408'/>
	<timeFitness value='0.150417'/>
	<unitsAverage value='22'/>
</results>
