<results>
	<result value='draw'/>
	<start value='2015-07-18.05:17:01'/>
	<end value='2015-07-18.05:20:24'/>
	<frames value='57601'/>
	<gameDuration value='3600'/>

	<player>
		<unitScore value='39925'/>
		<killScore value='49450'/>
		<buildingScore value='3825'/>
		<razingScore value='5700'/>
		<mineralScore value='37682'/>
		<gasScore value='4992'/>
		<totalScore value='141574'/>
	</player>

	<enemy>
		<race value='Protoss'/>
		<unitScore value='30225'/>
		<killScore value='50300'/>
		<buildingScore value='5225'/>
		<razingScore value='525'/>
		<mineralScore value='18634'/>
		<gasScore value='7496'/>
		<totalScore value='112405'/>
	</enemy>

	<scoreRatio value='1.2595'/>
	<timeFitness value='0.5'/>
	<unitsAverage value='155'/>
</results>
