<results>
	<result value='win'/>
	<start value='2015-05-04.19:11:21'/>
	<end value='2015-05-04.19:11:35'/>
	<frames value='17734'/>
	<gameDuration value='1108'/>

	<player>
		<unitScore value='7300'/>
		<killScore value='9550'/>
		<buildingScore value='2525'/>
		<razingScore value='4350'/>
		<mineralScore value='11338'/>
		<gasScore value='1752'/>
		<totalScore value='36815'/>
	</player>

	<enemy>
		<race value='Terran'/>
		<unitScore value='4775'/>
		<unitScore value='4775'/>
		<killScore value='1600'/>
		<buildingScore value='1450'/>
		<razingScore value='0'/>
		<mineralScore value='6194'/>
		<gasScore value='1608'/>
		<totalScore value='15627'/>
	</enemy>

	<scoreRatio value='2.35586'/>
	<timeFitness value='0.846111'/>
	<unitsAverage value='56'/>
</results>
