<results>
	<result value='win'/>
	<start value='2015-05-08.16:17:28'/>
	<end value='2015-05-08.16:18:08'/>
	<frames value='33296'/>
	<gameDuration value='2081'/>

	<player>
		<unitScore value='20425'/>
		<killScore value='31450'/>
		<buildingScore value='4225'/>
		<razingScore value='10350'/>
		<mineralScore value='29954'/>
		<gasScore value='2400'/>
		<totalScore value='98804'/>
	</player>

	<enemy>
		<race value='Terran'/>
		<unitScore value='18975'/>
		<unitScore value='18975'/>
		<killScore value='16500'/>
		<buildingScore value='3450'/>
		<razingScore value='1350'/>
		<mineralScore value='15494'/>
		<gasScore value='7826'/>
		<totalScore value='63595'/>
	</enemy>

	<scoreRatio value='1.55364'/>
	<timeFitness value='0.710972'/>
	<unitsAverage value='109'/>
</results>
