<results>
	<result value='loss'/>
	<start value='2015-05-04.19:16:44'/>
	<end value='2015-05-04.19:16:57'/>
	<frames value='18137'/>
	<gameDuration value='1133'/>

	<player>
		<unitScore value='3775'/>
		<killScore value='2400'/>
		<buildingScore value='1450'/>
		<razingScore value='0'/>
		<mineralScore value='5122'/>
		<gasScore value='720'/>
		<totalScore value='13467'/>
	</player>

	<enemy>
		<race value='Terran'/>
		<unitScore value='6700'/>
		<unitScore value='6700'/>
		<killScore value='7550'/>
		<buildingScore value='2850'/>
		<razingScore value='4350'/>
		<mineralScore value='8298'/>
		<gasScore value='2928'/>
		<totalScore value='32676'/>
	</enemy>

	<scoreRatio value='0.412137'/>
	<timeFitness value='0.157361'/>
	<unitsAverage value='26'/>
</results>
