<results>
	<result value='draw'/>
	<start value='2015-05-04.19:17:00'/>
	<end value='2015-05-04.19:18:01'/>
	<frames value='57601'/>
	<gameDuration value='3600'/>

	<player>
		<unitScore value='37450'/>
		<killScore value='46800'/>
		<buildingScore value='3250'/>
		<razingScore value='9075'/>
		<mineralScore value='41882'/>
		<gasScore value='0'/>
		<totalScore value='138457'/>
	</player>

	<enemy>
		<race value='Terran'/>
		<unitScore value='28350'/>
		<unitScore value='28350'/>
		<killScore value='66300'/>
		<buildingScore value='4350'/>
		<razingScore value='2100'/>
		<mineralScore value='19550'/>
		<gasScore value='11964'/>
		<totalScore value='132614'/>
	</enemy>

	<scoreRatio value='1.04406'/>
	<timeFitness value='0.5'/>
	<unitsAverage value='73'/>
</results>
