<results>
	<result value='loss'/>
	<start value='2015-05-08.16:22:33'/>
	<end value='2015-05-08.16:22:42'/>
	<frames value='16215'/>
	<gameDuration value='1013'/>

	<player>
		<unitScore value='3700'/>
		<killScore value='600'/>
		<buildingScore value='1850'/>
		<razingScore value='0'/>
		<mineralScore value='5762'/>
		<gasScore value='872'/>
		<totalScore value='12784'/>
	</player>

	<enemy>
		<race value='Terran'/>
		<unitScore value='5100'/>
		<unitScore value='5100'/>
		<killScore value='7400'/>
		<buildingScore value='1900'/>
		<razingScore value='5550'/>
		<mineralScore value='7370'/>
		<gasScore value='2368'/>
		<totalScore value='29688'/>
	</enemy>

	<scoreRatio value='0.430612'/>
	<timeFitness value='0.140694'/>
	<unitsAverage value='26'/>
</results>
