<results>
	<result value='loss'/>
	<start value='2015-05-04.19:24:36'/>
	<end value='2015-05-04.19:24:49'/>
	<frames value='17207'/>
	<gameDuration value='1075'/>

	<player>
		<unitScore value='3925'/>
		<killScore value='2200'/>
		<buildingScore value='1525'/>
		<razingScore value='0'/>
		<mineralScore value='5410'/>
		<gasScore value='760'/>
		<totalScore value='13820'/>
	</player>

	<enemy>
		<race value='Terran'/>
		<unitScore value='6400'/>
		<unitScore value='6400'/>
		<killScore value='7850'/>
		<buildingScore value='2575'/>
		<razingScore value='4575'/>
		<mineralScore value='7978'/>
		<gasScore value='2664'/>
		<totalScore value='32042'/>
	</enemy>

	<scoreRatio value='0.431309'/>
	<timeFitness value='0.149306'/>
	<unitsAverage value='25'/>
</results>
