<results>
	<result value='loss'/>
	<start value='2015-04-07.18:36:43'/>
	<end value='2015-04-07.18:36:52'/>
	<frames value='19160'/>
	<gameDuration value='1197'/>

	<player>
		<unitScore value='2650'/>
		<killScore value='1900'/>
		<buildingScore value='2000'/>
		<razingScore value='0'/>
		<mineralScore value='4690'/>
		<gasScore value='960'/>
		<totalScore value='12200'/>
	</player>

	<enemy>
		<race value='Protoss'/>
		<unitScore value='4650'/>
		<unitScore value='4650'/>
		<killScore value='5300'/>
		<buildingScore value='4975'/>
		<razingScore value='6000'/>
		<mineralScore value='11034'/>
		<gasScore value='2416'/>
		<totalScore value='34375'/>
	</enemy>

	<scoreRatio value='0.354909'/>
</results>
