<results>
	<result value='loss'/>
	<start value='2015-05-09.22:15:45'/>
	<end value='2015-05-09.22:16:03'/>
	<frames value='20834'/>
	<gameDuration value='1302'/>

	<player>
		<unitScore value='4625'/>
		<killScore value='1800'/>
		<buildingScore value='2250'/>
		<razingScore value='0'/>
		<mineralScore value='7322'/>
		<gasScore value='936'/>
		<totalScore value='16933'/>
	</player>

	<enemy>
		<race value='Protoss'/>
		<unitScore value='4775'/>
		<unitScore value='4775'/>
		<killScore value='8050'/>
		<buildingScore value='4525'/>
		<razingScore value='7950'/>
		<mineralScore value='11010'/>
		<gasScore value='2648'/>
		<totalScore value='38958'/>
	</enemy>

	<scoreRatio value='0.434648'/>
	<timeFitness value='0.180833'/>
	<unitsAverage value='34'/>
</results>
