<results>
	<result value='loss'/>
	<start value='2015-05-09.22:28:50'/>
	<end value='2015-05-09.22:29:29'/>
	<frames value='36055'/>
	<gameDuration value='2253'/>

	<player>
		<unitScore value='12550'/>
		<killScore value='13200'/>
		<buildingScore value='1975'/>
		<razingScore value='2400'/>
		<mineralScore value='13002'/>
		<gasScore value='2712'/>
		<totalScore value='45839'/>
	</player>

	<enemy>
		<race value='Protoss'/>
		<unitScore value='19275'/>
		<unitScore value='19275'/>
		<killScore value='25100'/>
		<buildingScore value='6875'/>
		<razingScore value='5925'/>
		<mineralScore value='22538'/>
		<gasScore value='7872'/>
		<totalScore value='87585'/>
	</enemy>

	<scoreRatio value='0.523366'/>
	<timeFitness value='0.312917'/>
	<unitsAverage value='52'/>
</results>
