<results>
	<result value='win'/>
	<start value='2015-05-05.22:39:49'/>
	<end value='2015-05-05.22:40:11'/>
	<frames value='21671'/>
	<gameDuration value='1354'/>

	<player>
		<unitScore value='10275'/>
		<killScore value='14140'/>
		<buildingScore value='3175'/>
		<razingScore value='6000'/>
		<mineralScore value='17754'/>
		<gasScore value='1488'/>
		<totalScore value='52832'/>
	</player>

	<enemy>
		<race value='Zerg'/>
		<unitScore value='7300'/>
		<unitScore value='7300'/>
		<killScore value='4900'/>
		<buildingScore value='2000'/>
		<razingScore value='0'/>
		<mineralScore value='8522'/>
		<gasScore value='2352'/>
		<totalScore value='25074'/>
	</enemy>

	<scoreRatio value='2.10704'/>
	<timeFitness value='0.811944'/>
	<unitsAverage value='74'/>
</results>
