<results>
	<result value='loss'/>
	<start value='2015-05-05.22:40:44'/>
	<end value='2015-05-05.22:40:48'/>
	<frames value='9240'/>
	<gameDuration value='577'/>

	<player>
		<unitScore value='1150'/>
		<killScore value='150'/>
		<buildingScore value='750'/>
		<razingScore value='0'/>
		<mineralScore value='1746'/>
		<gasScore value='96'/>
		<totalScore value='3892'/>
	</player>

	<enemy>
		<race value='Zerg'/>
		<unitScore value='1650'/>
		<unitScore value='1650'/>
		<killScore value='2300'/>
		<buildingScore value='1020'/>
		<razingScore value='2250'/>
		<mineralScore value='2834'/>
		<gasScore value='224'/>
		<totalScore value='10278'/>
	</enemy>

	<scoreRatio value='0.378673'/>
	<timeFitness value='0.0801389'/>
	<unitsAverage value='10'/>
</results>
