<results>
	<result value='win'/>
	<start value='2015-05-05.23:02:45'/>
	<end value='2015-05-05.23:03:21'/>
	<frames value='27251'/>
	<gameDuration value='1703'/>

	<player>
		<unitScore value='16575'/>
		<killScore value='28325'/>
		<buildingScore value='4075'/>
		<razingScore value='4755'/>
		<mineralScore value='26170'/>
		<gasScore value='2792'/>
		<totalScore value='82692'/>
	</player>

	<enemy>
		<race value='Zerg'/>
		<unitScore value='12725'/>
		<unitScore value='12725'/>
		<killScore value='12550'/>
		<buildingScore value='1585'/>
		<razingScore value='0'/>
		<mineralScore value='11754'/>
		<gasScore value='4024'/>
		<totalScore value='42638'/>
	</enemy>

	<scoreRatio value='1.9394'/>
	<timeFitness value='0.763472'/>
	<unitsAverage value='96'/>
</results>
