<results>
	<result value='win'/>
	<start value='2015-05-05.23:10:46'/>
	<end value='2015-05-05.23:11:23'/>
	<frames value='26879'/>
	<gameDuration value='1679'/>

	<player>
		<unitScore value='17775'/>
		<killScore value='23320'/>
		<buildingScore value='4875'/>
		<razingScore value='6060'/>
		<mineralScore value='26138'/>
		<gasScore value='2680'/>
		<totalScore value='80848'/>
	</player>

	<enemy>
		<race value='Zerg'/>
		<unitScore value='10475'/>
		<unitScore value='10475'/>
		<killScore value='13200'/>
		<buildingScore value='2020'/>
		<razingScore value='0'/>
		<mineralScore value='10186'/>
		<gasScore value='2936'/>
		<totalScore value='38817'/>
	</enemy>

	<scoreRatio value='2.0828'/>
	<timeFitness value='0.766806'/>
	<unitsAverage value='102'/>
</results>
