<results>
	<result value='win'/>
	<start value='2015-05-05.23:12:57'/>
	<end value='2015-05-05.23:13:19'/>
	<frames value='21454'/>
	<gameDuration value='1340'/>

	<player>
		<unitScore value='11300'/>
		<killScore value='16920'/>
		<buildingScore value='2975'/>
		<razingScore value='4560'/>
		<mineralScore value='16242'/>
		<gasScore value='1712'/>
		<totalScore value='53709'/>
	</player>

	<enemy>
		<race value='Zerg'/>
		<unitScore value='8175'/>
		<unitScore value='8175'/>
		<killScore value='7850'/>
		<buildingScore value='1520'/>
		<razingScore value='0'/>
		<mineralScore value='7762'/>
		<gasScore value='2480'/>
		<totalScore value='27787'/>
	</enemy>

	<scoreRatio value='1.93288'/>
	<timeFitness value='0.813889'/>
	<unitsAverage value='74'/>
</results>
