<results>
	<result value='win'/>
	<start value='2015-05-05.23:15:01'/>
	<end value='2015-05-05.23:15:29'/>
	<frames value='25608'/>
	<gameDuration value='1600'/>

	<player>
		<unitScore value='14200'/>
		<killScore value='20370'/>
		<buildingScore value='3175'/>
		<razingScore value='7290'/>
		<mineralScore value='19434'/>
		<gasScore value='2696'/>
		<totalScore value='67165'/>
	</player>

	<enemy>
		<race value='Zerg'/>
		<unitScore value='9625'/>
		<unitScore value='9625'/>
		<killScore value='12600'/>
		<buildingScore value='2430'/>
		<razingScore value='150'/>
		<mineralScore value='10234'/>
		<gasScore value='3008'/>
		<totalScore value='38047'/>
	</enemy>

	<scoreRatio value='1.76532'/>
	<timeFitness value='0.777778'/>
	<unitsAverage value='78'/>
</results>
