<results>
	<result value='win'/>
	<start value='2015-05-05.23:23:14'/>
	<end value='2015-05-05.23:23:50'/>
	<frames value='28863'/>
	<gameDuration value='1803'/>

	<player>
		<unitScore value='17475'/>
		<killScore value='28130'/>
		<buildingScore value='3875'/>
		<razingScore value='7215'/>
		<mineralScore value='22970'/>
		<gasScore value='2872'/>
		<totalScore value='82537'/>
	</player>

	<enemy>
		<race value='Zerg'/>
		<unitScore value='12975'/>
		<unitScore value='12975'/>
		<killScore value='16150'/>
		<buildingScore value='2405'/>
		<razingScore value='1800'/>
		<mineralScore value='12586'/>
		<gasScore value='3792'/>
		<totalScore value='49708'/>
	</enemy>

	<scoreRatio value='1.66044'/>
	<timeFitness value='0.749583'/>
	<unitsAverage value='89'/>
</results>
