<results>
	<result value='loss'/>
	<start value='2015-07-19.08:41:25'/>
	<end value='2015-07-19.08:42:41'/>
	<frames value='42472'/>
	<gameDuration value='2654'/>

	<player>
		<unitScore value='33725'/>
		<killScore value='18850'/>
		<buildingScore value='3900'/>
		<razingScore value='0'/>
		<mineralScore value='31446'/>
		<gasScore value='4696'/>
		<totalScore value='92617'/>
	</player>

	<enemy>
		<race value='Protoss'/>
		<unitScore value='29235'/>
		<killScore value='60400'/>
		<buildingScore value='8100'/>
		<razingScore value='11700'/>
		<mineralScore value='29378'/>
		<gasScore value='10444'/>
		<totalScore value='149257'/>
	</enemy>

	<scoreRatio value='0.62052'/>
	<timeFitness value='0.368611'/>
	<unitsAverage value='108'/>
</results>
