<results>
	<result value='draw'/>
	<start value='2015-07-19.08:56:22'/>
	<end value='2015-07-19.08:58:12'/>
	<frames value='57601'/>
	<gameDuration value='3600'/>

	<player>
		<unitScore value='38700'/>
		<killScore value='22400'/>
		<buildingScore value='6650'/>
		<razingScore value='600'/>
		<mineralScore value='38970'/>
		<gasScore value='10440'/>
		<totalScore value='117760'/>
	</player>

	<enemy>
		<race value='Protoss'/>
		<unitScore value='21575'/>
		<killScore value='69450'/>
		<buildingScore value='6225'/>
		<razingScore value='12750'/>
		<mineralScore value='24050'/>
		<gasScore value='8030'/>
		<totalScore value='142080'/>
	</enemy>

	<scoreRatio value='0.828829'/>
	<timeFitness value='0.5'/>
	<unitsAverage value='125'/>
</results>
