<results>
	<result value='loss'/>
	<start value='2015-07-19.09:02:39'/>
	<end value='2015-07-19.09:02:51'/>
	<frames value='18757'/>
	<gameDuration value='1172'/>

	<player>
		<unitScore value='4400'/>
		<killScore value='1400'/>
		<buildingScore value='2325'/>
		<razingScore value='0'/>
		<mineralScore value='6178'/>
		<gasScore value='1032'/>
		<totalScore value='15335'/>
	</player>

	<enemy>
		<race value='Protoss'/>
		<unitScore value='3900'/>
		<killScore value='8800'/>
		<buildingScore value='4975'/>
		<razingScore value='6975'/>
		<mineralScore value='10546'/>
		<gasScore value='1800'/>
		<totalScore value='36996'/>
	</enemy>

	<scoreRatio value='0.414504'/>
	<timeFitness value='0.162778'/>
	<unitsAverage value='27'/>
</results>
