<results>
	<result value='win'/>
	<start value='2015-05-22.05:47:10'/>
	<end value='2015-05-22.05:47:44'/>
	<frames value='30289'/>
	<gameDuration value='1893'/>

	<player>
		<unitScore value='17725'/>
		<killScore value='25700'/>
		<buildingScore value='3775'/>
		<razingScore value='15675'/>
		<mineralScore value='24338'/>
		<gasScore value='3000'/>
		<totalScore value='90213'/>
	</player>

	<enemy>
		<race value='Protoss'/>
		<unitScore value='14250'/>
		<killScore value='14200'/>
		<buildingScore value='5225'/>
		<razingScore value='0'/>
		<mineralScore value='14718'/>
		<gasScore value='3976'/>
		<totalScore value='52369'/>
	</enemy>

	<scoreRatio value='1.72264'/>
	<timeFitness value='0.737083'/>
	<unitsAverage value='91'/>
</results>
