<results>
	<result value='loss'/>
	<start value='2015-05-05.05:12:43'/>
	<end value='2015-05-05.05:12:52'/>
	<frames value='18261'/>
	<gameDuration value='1141'/>

	<player>
		<unitScore value='3950'/>
		<killScore value='1000'/>
		<buildingScore value='2000'/>
		<razingScore value='0'/>
		<mineralScore value='6018'/>
		<gasScore value='768'/>
		<totalScore value='13736'/>
	</player>

	<enemy>
		<race value='Terran'/>
		<unitScore value='6800'/>
		<unitScore value='6800'/>
		<killScore value='7900'/>
		<buildingScore value='2900'/>
		<razingScore value='6000'/>
		<mineralScore value='8378'/>
		<gasScore value='2824'/>
		<totalScore value='34802'/>
	</enemy>

	<scoreRatio value='0.39469'/>
	<timeFitness value='0.158472'/>
	<unitsAverage value='26'/>
</results>
