<results>
	<result value='win'/>
	<start value='2015-05-05.05:35:48'/>
	<end value='2015-05-05.05:36:02'/>
	<frames value='21733'/>
	<gameDuration value='1358'/>

	<player>
		<unitScore value='8475'/>
		<killScore value='16050'/>
		<buildingScore value='3300'/>
		<razingScore value='7725'/>
		<mineralScore value='13678'/>
		<gasScore value='1888'/>
		<totalScore value='51116'/>
	</player>

	<enemy>
		<race value='Terran'/>
		<unitScore value='8025'/>
		<unitScore value='8025'/>
		<killScore value='4450'/>
		<buildingScore value='2575'/>
		<razingScore value='1500'/>
		<mineralScore value='9402'/>
		<gasScore value='2688'/>
		<totalScore value='28640'/>
	</enemy>

	<scoreRatio value='1.78478'/>
	<timeFitness value='0.811389'/>
	<unitsAverage value='58'/>
</results>
