<results>
	<result value='loss'/>
	<start value='2015-07-20.00:19:15'/>
	<end value='2015-07-20.00:19:35'/>
	<frames value='23190'/>
	<gameDuration value='1449'/>

	<player>
		<unitScore value='11025'/>
		<killScore value='6550'/>
		<buildingScore value='2300'/>
		<razingScore value='0'/>
		<mineralScore value='9714'/>
		<gasScore value='2320'/>
		<totalScore value='31909'/>
	</player>

	<enemy>
		<race value='Zerg'/>
		<unitScore value='11425'/>
		<killScore value='19850'/>
		<buildingScore value='2930'/>
		<razingScore value='8100'/>
		<mineralScore value='12178'/>
		<gasScore value='3880'/>
		<totalScore value='58363'/>
	</enemy>

	<scoreRatio value='0.546733'/>
	<timeFitness value='0.20125'/>
	<unitsAverage value='44'/>
</results>
