<results>
	<result value='loss'/>
	<start value='2015-07-20.00:25:28'/>
	<end value='2015-07-20.00:26:20'/>
	<frames value='22043'/>
	<gameDuration value='1377'/>

	<player>
		<unitScore value='8050'/>
		<killScore value='800'/>
		<buildingScore value='2600'/>
		<razingScore value='0'/>
		<mineralScore value='17090'/>
		<gasScore value='0'/>
		<totalScore value='28540'/>
	</player>

	<enemy>
		<race value='Zerg'/>
		<unitScore value='9850'/>
		<killScore value='13900'/>
		<buildingScore value='2875'/>
		<razingScore value='7800'/>
		<mineralScore value='11738'/>
		<gasScore value='3456'/>
		<totalScore value='49619'/>
	</enemy>

	<scoreRatio value='0.575183'/>
	<timeFitness value='0.19125'/>
	<unitsAverage value='51'/>
</results>
