<results>
	<result value='loss'/>
	<start value='2015-07-20.00:40:42'/>
	<end value='2015-07-20.00:41:21'/>
	<frames value='27840'/>
	<gameDuration value='1740'/>

	<player>
		<unitScore value='14475'/>
		<killScore value='4350'/>
		<buildingScore value='3625'/>
		<razingScore value='0'/>
		<mineralScore value='15794'/>
		<gasScore value='2296'/>
		<totalScore value='40540'/>
	</player>

	<enemy>
		<race value='Zerg'/>
		<unitScore value='16300'/>
		<killScore value='24250'/>
		<buildingScore value='3320'/>
		<razingScore value='10875'/>
		<mineralScore value='16490'/>
		<gasScore value='5928'/>
		<totalScore value='77163'/>
	</enemy>

	<scoreRatio value='0.525381'/>
	<timeFitness value='0.241667'/>
	<unitsAverage value='62'/>
</results>
