<results>
	<result value='win'/>
	<start value='2015-04-30.16:20:00'/>
	<end value='2015-04-30.16:20:27'/>
	<frames value='23128'/>
	<gameDuration value='1445'/>

	<player>
		<unitScore value='14400'/>
		<killScore value='18900'/>
		<buildingScore value='3625'/>
		<razingScore value='5460'/>
		<mineralScore value='20742'/>
		<gasScore value='2080'/>
		<totalScore value='65207'/>
	</player>

	<enemy>
		<race value='Zerg'/>
		<unitScore value='8325'/>
		<unitScore value='8325'/>
		<killScore value='11500'/>
		<buildingScore value='1820'/>
		<razingScore value='0'/>
		<mineralScore value='8650'/>
		<gasScore value='2480'/>
		<totalScore value='32775'/>
	</enemy>

	<scoreRatio value='1.98953'/>
	<timeFitness value='0.799306'/>
	<unitsAverage value='82'/>
</results>
