<results>
	<result value='win'/>
	<start value='2015-04-30.16:33:52'/>
	<end value='2015-04-30.16:34:14'/>
	<frames value='21454'/>
	<gameDuration value='1340'/>

	<player>
		<unitScore value='11900'/>
		<killScore value='23350'/>
		<buildingScore value='2975'/>
		<razingScore value='3660'/>
		<mineralScore value='16158'/>
		<gasScore value='1304'/>
		<totalScore value='59347'/>
	</player>

	<enemy>
		<race value='Zerg'/>
		<unitScore value='10300'/>
		<unitScore value='10300'/>
		<killScore value='8500'/>
		<buildingScore value='1220'/>
		<razingScore value='0'/>
		<mineralScore value='8938'/>
		<gasScore value='2608'/>
		<totalScore value='31566'/>
	</enemy>

	<scoreRatio value='1.88009'/>
	<timeFitness value='0.813889'/>
	<unitsAverage value='70'/>
</results>
