<results>
	<result value='win'/>
	<start value='2015-05-11.00:27:17'/>
	<end value='2015-05-11.00:27:44'/>
	<frames value='29793'/>
	<gameDuration value='1862'/>

	<player>
		<unitScore value='11275'/>
		<killScore value='17300'/>
		<buildingScore value='3850'/>
		<razingScore value='9000'/>
		<mineralScore value='16490'/>
		<gasScore value='2880'/>
		<totalScore value='60795'/>
	</player>

	<enemy>
		<race value='Terran'/>
		<unitScore value='8650'/>
		<unitScore value='8650'/>
		<killScore value='9900'/>
		<buildingScore value='3000'/>
		<razingScore value='3975'/>
		<mineralScore value='12530'/>
		<gasScore value='4104'/>
		<totalScore value='42159'/>
	</enemy>

	<scoreRatio value='1.44204'/>
	<timeFitness value='0.741389'/>
	<unitsAverage value='57'/>
</results>
