<results>
	<result value='win'/>
	<start value='2015-05-11.00:35:20'/>
	<end value='2015-05-11.00:36:29'/>
	<frames value='40302'/>
	<gameDuration value='2518'/>

	<player>
		<unitScore value='20800'/>
		<killScore value='27350'/>
		<buildingScore value='5400'/>
		<razingScore value='13350'/>
		<mineralScore value='31350'/>
		<gasScore value='2704'/>
		<totalScore value='100954'/>
	</player>

	<enemy>
		<race value='Terran'/>
		<unitScore value='15075'/>
		<unitScore value='15075'/>
		<killScore value='16200'/>
		<buildingScore value='4450'/>
		<razingScore value='3525'/>
		<mineralScore value='14926'/>
		<gasScore value='6984'/>
		<totalScore value='61160'/>
	</enemy>

	<scoreRatio value='1.65065'/>
	<timeFitness value='0.650278'/>
	<unitsAverage value='111'/>
</results>
