<results>
	<result value='win'/>
	<start value='2015-05-11.00:42:32'/>
	<end value='2015-05-11.00:43:01'/>
	<frames value='26724'/>
	<gameDuration value='1670'/>

	<player>
		<unitScore value='14875'/>
		<killScore value='19050'/>
		<buildingScore value='3900'/>
		<razingScore value='7050'/>
		<mineralScore value='19682'/>
		<gasScore value='2528'/>
		<totalScore value='67085'/>
	</player>

	<enemy>
		<race value='Terran'/>
		<unitScore value='11025'/>
		<unitScore value='11025'/>
		<killScore value='13900'/>
		<buildingScore value='2350'/>
		<razingScore value='3525'/>
		<mineralScore value='11278'/>
		<gasScore value='3944'/>
		<totalScore value='46022'/>
	</enemy>

	<scoreRatio value='1.45767'/>
	<timeFitness value='0.768056'/>
	<unitsAverage value='72'/>
</results>
