<results>
	<result value='win'/>
	<start value='2015-05-11.00:47:53'/>
	<end value='2015-05-11.00:48:33'/>
	<frames value='26011'/>
	<gameDuration value='1625'/>

	<player>
		<unitScore value='14450'/>
		<killScore value='22700'/>
		<buildingScore value='4250'/>
		<razingScore value='7350'/>
		<mineralScore value='28354'/>
		<gasScore value='2552'/>
		<totalScore value='79656'/>
	</player>

	<enemy>
		<race value='Terran'/>
		<unitScore value='11650'/>
		<unitScore value='11650'/>
		<killScore value='5050'/>
		<buildingScore value='2450'/>
		<razingScore value='225'/>
		<mineralScore value='11526'/>
		<gasScore value='3896'/>
		<totalScore value='34797'/>
	</enemy>

	<scoreRatio value='2.28916'/>
	<timeFitness value='0.774306'/>
	<unitsAverage value='104'/>
</results>
