<results>
	<result value='win'/>
	<start value='2015-05-11.00:58:38'/>
	<end value='2015-05-11.00:59:03'/>
	<frames value='23469'/>
	<gameDuration value='1466'/>

	<player>
		<unitScore value='12900'/>
		<killScore value='17800'/>
		<buildingScore value='3225'/>
		<razingScore value='8700'/>
		<mineralScore value='18558'/>
		<gasScore value='1688'/>
		<totalScore value='62871'/>
	</player>

	<enemy>
		<race value='Terran'/>
		<unitScore value='8900'/>
		<unitScore value='8900'/>
		<killScore value='9600'/>
		<buildingScore value='2900'/>
		<razingScore value='375'/>
		<mineralScore value='9586'/>
		<gasScore value='3328'/>
		<totalScore value='34689'/>
	</enemy>

	<scoreRatio value='1.81242'/>
	<timeFitness value='0.796389'/>
	<unitsAverage value='69'/>
</results>
