<results>
	<result value='win'/>
	<start value='2014-07-10.17:31:12'/>
	<end value='2014-07-10.17:31:27'/>
	<frames value='20834'/>
	<gameDuration value='1302'/>

	<player>
		<unitScore value='11125'/>
		<killScore value='8600'/>
		<buildingScore value='2900'/>
		<razingScore value='8325'/>
		<mineralScore value='16662'/>
		<gasScore value='2104'/>
		<totalScore value='49716'/>
	</player>

	<enemy>
		<race value='Protoss'/>
		<unitScore value='4300'/>
		<unitScore value='4300'/>
		<killScore value='7100'/>
		<buildingScore value='2775'/>
		<razingScore value='0'/>
		<mineralScore value='8962'/>
		<gasScore value='1952'/>
		<totalScore value='25089'/>
	</enemy>

	<scoreRatio value='1.98159'/>
</results>
