<results>
	<result value='loss'/>
	<start value='2014-07-10.17:32:09'/>
	<end value='2014-07-10.17:32:15'/>
	<frames value='14851'/>
	<gameDuration value='928'/>

	<player>
		<unitScore value='2525'/>
		<killScore value='200'/>
		<buildingScore value='1500'/>
		<razingScore value='0'/>
		<mineralScore value='4146'/>
		<gasScore value='760'/>
		<totalScore value='9131'/>
	</player>

	<enemy>
		<race value='Protoss'/>
		<unitScore value='3550'/>
		<unitScore value='3550'/>
		<killScore value='5050'/>
		<buildingScore value='2425'/>
		<razingScore value='4500'/>
		<mineralScore value='7594'/>
		<gasScore value='1296'/>
		<totalScore value='24415'/>
	</enemy>

	<scoreRatio value='0.373991'/>
</results>
