<results>
	<result value='win'/>
	<start value='2014-07-10.17:39:04'/>
	<end value='2014-07-10.17:39:32'/>
	<frames value='29204'/>
	<gameDuration value='1825'/>

	<player>
		<unitScore value='18025'/>
		<killScore value='15400'/>
		<buildingScore value='4050'/>
		<razingScore value='17625'/>
		<mineralScore value='25482'/>
		<gasScore value='3280'/>
		<totalScore value='83862'/>
	</player>

	<enemy>
		<race value='Protoss'/>
		<unitScore value='7700'/>
		<unitScore value='7700'/>
		<killScore value='13750'/>
		<buildingScore value='5875'/>
		<razingScore value='0'/>
		<mineralScore value='15922'/>
		<gasScore value='3992'/>
		<totalScore value='47239'/>
	</enemy>

	<scoreRatio value='1.77527'/>
</results>
