<results>
	<result value='loss'/>
	<start value='2015-07-19.13:09:58'/>
	<end value='2015-07-19.13:10:16'/>
	<frames value='19811'/>
	<gameDuration value='1238'/>

	<player>
		<unitScore value='6875'/>
		<killScore value='1300'/>
		<buildingScore value='1975'/>
		<razingScore value='300'/>
		<mineralScore value='7986'/>
		<gasScore value='1328'/>
		<totalScore value='19764'/>
	</player>

	<enemy>
		<race value='Protoss'/>
		<unitScore value='5250'/>
		<killScore value='13750'/>
		<buildingScore value='4275'/>
		<razingScore value='5925'/>
		<mineralScore value='10482'/>
		<gasScore value='2552'/>
		<totalScore value='42234'/>
	</enemy>

	<scoreRatio value='0.467964'/>
	<timeFitness value='0.171944'/>
	<unitsAverage value='36'/>
</results>
