<results>
	<result value='win'/>
	<start value='2014-07-05.11:11:10'/>
	<end value='2014-07-05.11:11:37'/>
	<frames value='29452'/>
	<gameDuration value='1840'/>

	<player>
		<unitScore value='15675'/>
		<killScore value='22320'/>
		<buildingScore value='3400'/>
		<razingScore value='8670'/>
		<mineralScore value='26510'/>
		<gasScore value='2408'/>
		<totalScore value='78983'/>
	</player>

	<enemy>
		<race value='Zerg'/>
		<unitScore value='10850'/>
		<unitScore value='10850'/>
		<killScore value='7100'/>
		<buildingScore value='2890'/>
		<razingScore value='0'/>
		<mineralScore value='12586'/>
		<gasScore value='4048'/>
		<totalScore value='37474'/>
	</enemy>

	<scoreRatio value='2.10767'/>
</results>
