<results>
	<result value='win'/>
	<start value='2015-04-08.03:19:36'/>
	<end value='2015-04-08.03:20:00'/>
	<frames value='24492'/>
	<gameDuration value='1530'/>

	<player>
		<unitScore value='14350'/>
		<killScore value='15900'/>
		<buildingScore value='3525'/>
		<razingScore value='12525'/>
		<mineralScore value='21834'/>
		<gasScore value='2240'/>
		<totalScore value='70374'/>
	</player>

	<enemy>
		<race value='Protoss'/>
		<unitScore value='7950'/>
		<unitScore value='7950'/>
		<killScore value='7700'/>
		<buildingScore value='4175'/>
		<razingScore value='0'/>
		<mineralScore value='15202'/>
		<gasScore value='1856'/>
		<totalScore value='36883'/>
	</enemy>

	<scoreRatio value='1.90803'/>
</results>
