<results>
	<result value='win'/>
	<start value='2015-04-13.19:03:16'/>
	<end value='2015-04-13.19:03:42'/>
	<frames value='29731'/>
	<gameDuration value='1858'/>

	<player>
		<unitScore value='17200'/>
		<killScore value='21400'/>
		<buildingScore value='4375'/>
		<razingScore value='15225'/>
		<mineralScore value='24142'/>
		<gasScore value='2256'/>
		<totalScore value='84598'/>
	</player>

	<enemy>
		<race value='Protoss'/>
		<unitScore value='11050'/>
		<unitScore value='11050'/>
		<killScore value='13150'/>
		<buildingScore value='5075'/>
		<razingScore value='150'/>
		<mineralScore value='12978'/>
		<gasScore value='3216'/>
		<totalScore value='45619'/>
	</enemy>

	<scoreRatio value='1.85445'/>
</results>
