<results>
	<result value='loss'/>
	<start value='2015-04-13.19:03:45'/>
	<end value='2015-04-13.19:04:13'/>
	<frames value='42193'/>
	<gameDuration value='2637'/>

	<player>
		<unitScore value='20475'/>
		<killScore value='20900'/>
		<buildingScore value='2350'/>
		<razingScore value='1050'/>
		<mineralScore value='21994'/>
		<gasScore value='3024'/>
		<totalScore value='69793'/>
	</player>

	<enemy>
		<race value='Protoss'/>
		<unitScore value='30800'/>
		<unitScore value='30800'/>
		<killScore value='41100'/>
		<buildingScore value='7825'/>
		<razingScore value='7050'/>
		<mineralScore value='29874'/>
		<gasScore value='11406'/>
		<totalScore value='128055'/>
	</enemy>

	<scoreRatio value='0.545024'/>
</results>
