<results>
	<result value='loss'/>
	<start value='2015-04-13.19:08:04'/>
	<end value='2015-04-13.19:08:14'/>
	<frames value='16897'/>
	<gameDuration value='1056'/>

	<player>
		<unitScore value='3175'/>
		<killScore value='400'/>
		<buildingScore value='1775'/>
		<razingScore value='0'/>
		<mineralScore value='5346'/>
		<gasScore value='992'/>
		<totalScore value='11688'/>
	</player>

	<enemy>
		<race value='Protoss'/>
		<unitScore value='3600'/>
		<unitScore value='3600'/>
		<killScore value='6350'/>
		<buildingScore value='4075'/>
		<razingScore value='5325'/>
		<mineralScore value='9114'/>
		<gasScore value='1584'/>
		<totalScore value='30048'/>
	</enemy>

	<scoreRatio value='0.388978'/>
</results>
