<results>
	<result value='win'/>
	<start value='2015-05-09.06:36:08'/>
	<end value='2015-05-09.06:36:42'/>
	<frames value='27127'/>
	<gameDuration value='1695'/>

	<player>
		<unitScore value='13400'/>
		<killScore value='17300'/>
		<buildingScore value='4125'/>
		<razingScore value='8775'/>
		<mineralScore value='20694'/>
		<gasScore value='2824'/>
		<totalScore value='67118'/>
	</player>

	<enemy>
		<race value='Terran'/>
		<unitScore value='8650'/>
		<unitScore value='8650'/>
		<killScore value='5950'/>
		<buildingScore value='2925'/>
		<razingScore value='900'/>
		<mineralScore value='12130'/>
		<gasScore value='4616'/>
		<totalScore value='35171'/>
	</enemy>

	<scoreRatio value='1.90833'/>
	<timeFitness value='0.764583'/>
	<unitsAverage value='84'/>
</results>
