<results>
	<result value='loss'/>
	<start value='2015-05-03.18:15:45'/>
	<end value='2015-05-03.18:17:05'/>
	<frames value='51772'/>
	<gameDuration value='3235'/>

	<player>
		<unitScore value='25575'/>
		<killScore value='28100'/>
		<buildingScore value='2725'/>
		<razingScore value='0'/>
		<mineralScore value='24018'/>
		<gasScore value='5046'/>
		<totalScore value='85464'/>
	</player>

	<enemy>
		<race value='Terran'/>
		<unitScore value='34200'/>
		<unitScore value='34200'/>
		<killScore value='51150'/>
		<buildingScore value='4925'/>
		<razingScore value='8175'/>
		<mineralScore value='26318'/>
		<gasScore value='15618'/>
		<totalScore value='140386'/>
	</enemy>

	<scoreRatio value='0.608779'/>
	<timeFitness value='0.449306'/>
	<unitsAverage value='90'/>
</results>
