<results>
	<result value='win'/>
	<start value='2015-05-09.18:34:03'/>
	<end value='2015-05-09.18:35:54'/>
	<frames value='42317'/>
	<gameDuration value='2644'/>

	<player>
		<unitScore value='26725'/>
		<killScore value='35050'/>
		<buildingScore value='4425'/>
		<razingScore value='19125'/>
		<mineralScore value='41422'/>
		<gasScore value='3772'/>
		<totalScore value='130519'/>
	</player>

	<enemy>
		<race value='Protoss'/>
		<unitScore value='19700'/>
		<unitScore value='19700'/>
		<killScore value='30550'/>
		<buildingScore value='6375'/>
		<razingScore value='450'/>
		<mineralScore value='18442'/>
		<gasScore value='7892'/>
		<totalScore value='83409'/>
	</enemy>

	<scoreRatio value='1.56481'/>
	<timeFitness value='0.632778'/>
	<unitsAverage value='136'/>
</results>
