<results>
	<result value='draw'/>
	<start value='2015-05-09.18:35:59'/>
	<end value='2015-05-09.18:37:27'/>
	<frames value='57601'/>
	<gameDuration value='3600'/>

	<player>
		<unitScore value='23450'/>
		<killScore value='49300'/>
		<buildingScore value='2075'/>
		<razingScore value='4275'/>
		<mineralScore value='24122'/>
		<gasScore value='4000'/>
		<totalScore value='107222'/>
	</player>

	<enemy>
		<race value='Protoss'/>
		<unitScore value='30275'/>
		<unitScore value='30275'/>
		<killScore value='43750'/>
		<buildingScore value='8150'/>
		<razingScore value='150'/>
		<mineralScore value='30850'/>
		<gasScore value='14128'/>
		<totalScore value='127303'/>
	</enemy>

	<scoreRatio value='0.842258'/>
	<timeFitness value='0.5'/>
	<unitsAverage value='76'/>
</results>
