<results>
	<result value='win'/>
	<start value='2015-05-09.18:49:48'/>
	<end value='2015-05-09.18:51:14'/>
	<frames value='39589'/>
	<gameDuration value='2474'/>

	<player>
		<unitScore value='23000'/>
		<killScore value='18550'/>
		<buildingScore value='3950'/>
		<razingScore value='22800'/>
		<mineralScore value='26886'/>
		<gasScore value='4136'/>
		<totalScore value='99322'/>
	</player>

	<enemy>
		<race value='Protoss'/>
		<unitScore value='9275'/>
		<unitScore value='9275'/>
		<killScore value='24050'/>
		<buildingScore value='7600'/>
		<razingScore value='1350'/>
		<mineralScore value='20950'/>
		<gasScore value='5024'/>
		<totalScore value='68249'/>
	</enemy>

	<scoreRatio value='1.45529'/>
	<timeFitness value='0.656389'/>
	<unitsAverage value='112'/>
</results>
