<results>
	<result value='win'/>
	<start value='2015-05-09.18:55:25'/>
	<end value='2015-05-09.18:56:30'/>
	<frames value='34133'/>
	<gameDuration value='2133'/>

	<player>
		<unitScore value='23525'/>
		<killScore value='27650'/>
		<buildingScore value='4225'/>
		<razingScore value='20325'/>
		<mineralScore value='30642'/>
		<gasScore value='3400'/>
		<totalScore value='109767'/>
	</player>

	<enemy>
		<race value='Protoss'/>
		<unitScore value='14875'/>
		<unitScore value='14875'/>
		<killScore value='24150'/>
		<buildingScore value='6775'/>
		<razingScore value='150'/>
		<mineralScore value='16846'/>
		<gasScore value='5576'/>
		<totalScore value='68372'/>
	</enemy>

	<scoreRatio value='1.60544'/>
	<timeFitness value='0.70375'/>
	<unitsAverage value='98'/>
</results>
