<results>
	<result value='win'/>
	<start value='2015-05-09.18:56:34'/>
	<end value='2015-05-09.18:58:13'/>
	<frames value='48517'/>
	<gameDuration value='3032'/>

	<player>
		<unitScore value='30625'/>
		<killScore value='42050'/>
		<buildingScore value='3575'/>
		<razingScore value='26025'/>
		<mineralScore value='33718'/>
		<gasScore value='3152'/>
		<totalScore value='139145'/>
	</player>

	<enemy>
		<race value='Protoss'/>
		<unitScore value='22950'/>
		<unitScore value='22950'/>
		<killScore value='44150'/>
		<buildingScore value='8675'/>
		<razingScore value='1875'/>
		<mineralScore value='27178'/>
		<gasScore value='9040'/>
		<totalScore value='113868'/>
	</enemy>

	<scoreRatio value='1.22199'/>
	<timeFitness value='0.578889'/>
	<unitsAverage value='108'/>
</results>
