<results>
	<result value='loss'/>
	<start value='2015-05-11.00:46:14'/>
	<end value='2015-05-11.00:47:15'/>
	<frames value='49199'/>
	<gameDuration value='3074'/>

	<player>
		<unitScore value='13400'/>
		<killScore value='23025'/>
		<buildingScore value='4100'/>
		<razingScore value='3270'/>
		<mineralScore value='31502'/>
		<gasScore value='6418'/>
		<totalScore value='81715'/>
	</player>

	<enemy>
		<race value='Zerg'/>
		<unitScore value='27300'/>
		<unitScore value='27300'/>
		<killScore value='26800'/>
		<buildingScore value='4540'/>
		<razingScore value='12300'/>
		<mineralScore value='29950'/>
		<gasScore value='8276'/>
		<totalScore value='109166'/>
	</enemy>

	<scoreRatio value='0.748539'/>
	<timeFitness value='0.426944'/>
	<unitsAverage value='96'/>
</results>
