<results>
	<result value='win'/>
	<start value='2015-04-09.04:50:22'/>
	<end value='2015-04-09.04:50:44'/>
	<frames value='25763'/>
	<gameDuration value='1610'/>

	<player>
		<unitScore value='13500'/>
		<killScore value='13400'/>
		<buildingScore value='3950'/>
		<razingScore value='14025'/>
		<mineralScore value='20534'/>
		<gasScore value='1848'/>
		<totalScore value='67257'/>
	</player>

	<enemy>
		<race value='Protoss'/>
		<unitScore value='7400'/>
		<unitScore value='7400'/>
		<killScore value='7800'/>
		<buildingScore value='4675'/>
		<razingScore value='375'/>
		<mineralScore value='9706'/>
		<gasScore value='1992'/>
		<totalScore value='31948'/>
	</enemy>

	<scoreRatio value='2.1052'/>
</results>
