<results>
	<result value='draw'/>
	<start value='2015-07-14.11:25:12'/>
	<end value='2015-07-14.11:27:57'/>
	<frames value='57601'/>
	<gameDuration value='3600'/>

	<player>
		<unitScore value='42175'/>
		<killScore value='24200'/>
		<buildingScore value='4375'/>
		<razingScore value='7200'/>
		<mineralScore value='49194'/>
		<gasScore value='13782'/>
		<totalScore value='140926'/>
	</player>

	<enemy>
		<race value='Protoss'/>
		<unitScore value='13500'/>
		<killScore value='58700'/>
		<buildingScore value='3625'/>
		<razingScore value='150'/>
		<mineralScore value='13826'/>
		<gasScore value='3584'/>
		<totalScore value='93385'/>
	</enemy>

	<scoreRatio value='1.50909'/>
	<timeFitness value='0.5'/>
	<unitsAverage value='166'/>
</results>
