<results>
	<result value='loss'/>
	<start value='2015-04-07.19:33:24'/>
	<end value='2015-04-07.19:33:51'/>
	<frames value='40209'/>
	<gameDuration value='2513'/>

	<player>
		<unitScore value='14400'/>
		<killScore value='25200'/>
		<buildingScore value='2850'/>
		<razingScore value='0'/>
		<mineralScore value='14842'/>
		<gasScore value='2928'/>
		<totalScore value='60220'/>
	</player>

	<enemy>
		<race value='Protoss'/>
		<unitScore value='27325'/>
		<unitScore value='27325'/>
		<killScore value='28800'/>
		<buildingScore value='7675'/>
		<razingScore value='8550'/>
		<mineralScore value='29190'/>
		<gasScore value='10238'/>
		<totalScore value='111778'/>
	</enemy>

	<scoreRatio value='0.538746'/>
</results>
