<results>
	<result value='loss'/>
	<start value='2015-07-12.01:07:32'/>
	<end value='2015-07-12.01:08:15'/>
	<frames value='40519'/>
	<gameDuration value='2532'/>

	<player>
		<unitScore value='15300'/>
		<killScore value='7350'/>
		<buildingScore value='3725'/>
		<razingScore value='0'/>
		<mineralScore value='16546'/>
		<gasScore value='2192'/>
		<totalScore value='45113'/>
	</player>

	<enemy>
		<race value='Terran'/>
		<unitScore value='21200'/>
		<killScore value='27250'/>
		<buildingScore value='5275'/>
		<razingScore value='11325'/>
		<mineralScore value='20498'/>
		<gasScore value='11814'/>
		<totalScore value='97362'/>
	</enemy>

	<scoreRatio value='0.463353'/>
	<timeFitness value='0.351667'/>
	<unitsAverage value='49'/>
</results>
