<results>
	<result value='loss'/>
	<start value='2015-07-12.01:26:24'/>
	<end value='2015-07-12.01:26:53'/>
	<frames value='27995'/>
	<gameDuration value='1749'/>

	<player>
		<unitScore value='15450'/>
		<killScore value='5000'/>
		<buildingScore value='2450'/>
		<razingScore value='0'/>
		<mineralScore value='15074'/>
		<gasScore value='2384'/>
		<totalScore value='40358'/>
	</player>

	<enemy>
		<race value='Terran'/>
		<unitScore value='12400'/>
		<killScore value='28650'/>
		<buildingScore value='4550'/>
		<razingScore value='7350'/>
		<mineralScore value='13986'/>
		<gasScore value='6440'/>
		<totalScore value='73376'/>
	</enemy>

	<scoreRatio value='0.550016'/>
	<timeFitness value='0.242917'/>
	<unitsAverage value='54'/>
</results>
