<results>
	<result value='win'/>
	<start value='2015-04-26.04:00:03'/>
	<end value='2015-04-26.04:00:28'/>
	<frames value='26569'/>
	<gameDuration value='1660'/>

	<player>
		<unitScore value='15925'/>
		<killScore value='24100'/>
		<buildingScore value='3975'/>
		<razingScore value='8850'/>
		<mineralScore value='22498'/>
		<gasScore value='2200'/>
		<totalScore value='77548'/>
	</player>

	<enemy>
		<race value='Terran'/>
		<unitScore value='12050'/>
		<unitScore value='12050'/>
		<killScore value='11750'/>
		<buildingScore value='3100'/>
		<razingScore value='1500'/>
		<mineralScore value='10650'/>
		<gasScore value='4440'/>
		<totalScore value='43490'/>
	</enemy>

	<scoreRatio value='1.78312'/>
</results>
