<results>
	<result value='win'/>
	<start value='2015-04-26.04:01:51'/>
	<end value='2015-04-26.04:02:27'/>
	<frames value='35032'/>
	<gameDuration value='2189'/>

	<player>
		<unitScore value='20100'/>
		<killScore value='26700'/>
		<buildingScore value='4200'/>
		<razingScore value='7950'/>
		<mineralScore value='30802'/>
		<gasScore value='3720'/>
		<totalScore value='93472'/>
	</player>

	<enemy>
		<race value='Terran'/>
		<unitScore value='14250'/>
		<unitScore value='14250'/>
		<killScore value='18050'/>
		<buildingScore value='2650'/>
		<razingScore value='1875'/>
		<mineralScore value='12050'/>
		<gasScore value='5202'/>
		<totalScore value='54077'/>
	</enemy>

	<scoreRatio value='1.7285'/>
</results>
