<results>
	<result value='loss'/>
	<start value='2015-07-14.21:50:50'/>
	<end value='2015-07-14.21:52:37'/>
	<frames value='56980'/>
	<gameDuration value='3561'/>

	<player>
		<unitScore value='37425'/>
		<killScore value='22100'/>
		<buildingScore value='4075'/>
		<razingScore value='600'/>
		<mineralScore value='31518'/>
		<gasScore value='6824'/>
		<totalScore value='102542'/>
	</player>

	<enemy>
		<race value='Protoss'/>
		<unitScore value='32600'/>
		<killScore value='73650'/>
		<buildingScore value='6875'/>
		<razingScore value='12225'/>
		<mineralScore value='31478'/>
		<gasScore value='11750'/>
		<totalScore value='168578'/>
	</enemy>

	<scoreRatio value='0.608276'/>
	<timeFitness value='0.494583'/>
	<unitsAverage value='144'/>
</results>
