<results>
	<result value='loss'/>
	<start value='2015-07-14.22:03:32'/>
	<end value='2015-07-14.22:04:37'/>
	<frames value='49354'/>
	<gameDuration value='3084'/>

	<player>
		<unitScore value='29500'/>
		<killScore value='26950'/>
		<buildingScore value='3125'/>
		<razingScore value='1500'/>
		<mineralScore value='25314'/>
		<gasScore value='5040'/>
		<totalScore value='91429'/>
	</player>

	<enemy>
		<race value='Protoss'/>
		<unitScore value='36520'/>
		<killScore value='58700'/>
		<buildingScore value='9625'/>
		<razingScore value='9375'/>
		<mineralScore value='34798'/>
		<gasScore value='12940'/>
		<totalScore value='161958'/>
	</enemy>

	<scoreRatio value='0.564523'/>
	<timeFitness value='0.428333'/>
	<unitsAverage value='92'/>
</results>
