<results>
	<result value='loss'/>
	<start value='2015-07-14.22:13:11'/>
	<end value='2015-07-14.22:13:40'/>
	<frames value='31901'/>
	<gameDuration value='1993'/>

	<player>
		<unitScore value='19600'/>
		<killScore value='5900'/>
		<buildingScore value='2925'/>
		<razingScore value='300'/>
		<mineralScore value='24890'/>
		<gasScore value='2520'/>
		<totalScore value='56135'/>
	</player>

	<enemy>
		<race value='Protoss'/>
		<unitScore value='16925'/>
		<killScore value='36150'/>
		<buildingScore value='6875'/>
		<razingScore value='8775'/>
		<mineralScore value='24194'/>
		<gasScore value='7048'/>
		<totalScore value='99967'/>
	</enemy>

	<scoreRatio value='0.561535'/>
	<timeFitness value='0.276806'/>
	<unitsAverage value='78'/>
</results>
