<results>
	<result value='loss'/>
	<start value='2015-07-18.03:42:54'/>
	<end value='2015-07-18.03:44:04'/>
	<frames value='29142'/>
	<gameDuration value='1821'/>

	<player>
		<unitScore value='13575'/>
		<killScore value='5050'/>
		<buildingScore value='4525'/>
		<razingScore value='0'/>
		<mineralScore value='17930'/>
		<gasScore value='1888'/>
		<totalScore value='42968'/>
	</player>

	<enemy>
		<race value='Terran'/>
		<unitScore value='13475'/>
		<killScore value='24450'/>
		<buildingScore value='4650'/>
		<razingScore value='13575'/>
		<mineralScore value='14662'/>
		<gasScore value='6918'/>
		<totalScore value='77730'/>
	</enemy>

	<scoreRatio value='0.552785'/>
	<timeFitness value='0.252917'/>
	<unitsAverage value='56'/>
</results>
