<results>
	<result value='win'/>
	<start value='2015-04-27.03:05:05'/>
	<end value='2015-04-27.03:05:47'/>
	<frames value='35373'/>
	<gameDuration value='2210'/>

	<player>
		<unitScore value='18350'/>
		<killScore value='38800'/>
		<buildingScore value='4575'/>
		<razingScore value='11925'/>
		<mineralScore value='33906'/>
		<gasScore value='3264'/>
		<totalScore value='110820'/>
	</player>

	<enemy>
		<race value='Terran'/>
		<unitScore value='21300'/>
		<unitScore value='21300'/>
		<killScore value='14000'/>
		<buildingScore value='3975'/>
		<razingScore value='1200'/>
		<mineralScore value='17038'/>
		<gasScore value='8244'/>
		<totalScore value='65757'/>
	</enemy>

	<scoreRatio value='1.6853'/>
</results>
