<results>
	<result value='loss'/>
	<start value='2015-05-08.03:14:00'/>
	<end value='2015-05-08.03:14:10'/>
	<frames value='16308'/>
	<gameDuration value='1019'/>

	<player>
		<unitScore value='2325'/>
		<killScore value='1400'/>
		<buildingScore value='950'/>
		<razingScore value='0'/>
		<mineralScore value='3186'/>
		<gasScore value='592'/>
		<totalScore value='8453'/>
	</player>

	<enemy>
		<race value='Protoss'/>
		<unitScore value='3550'/>
		<unitScore value='3550'/>
		<killScore value='4650'/>
		<buildingScore value='3775'/>
		<razingScore value='2850'/>
		<mineralScore value='8402'/>
		<gasScore value='1568'/>
		<totalScore value='24795'/>
	</enemy>

	<scoreRatio value='0.340916'/>
	<timeFitness value='0.141528'/>
	<unitsAverage value='20'/>
</results>
