<results>
	<result value='win'/>
	<start value='2015-05-08.03:15:02'/>
	<end value='2015-05-08.03:15:26'/>
	<frames value='24554'/>
	<gameDuration value='1534'/>

	<player>
		<unitScore value='11450'/>
		<killScore value='13400'/>
		<buildingScore value='2725'/>
		<razingScore value='10875'/>
		<mineralScore value='15370'/>
		<gasScore value='2440'/>
		<totalScore value='56260'/>
	</player>

	<enemy>
		<race value='Protoss'/>
		<unitScore value='6700'/>
		<unitScore value='6700'/>
		<killScore value='7100'/>
		<buildingScore value='3625'/>
		<razingScore value='150'/>
		<mineralScore value='10474'/>
		<gasScore value='2240'/>
		<totalScore value='30289'/>
	</enemy>

	<scoreRatio value='1.85744'/>
	<timeFitness value='0.786944'/>
	<unitsAverage value='72'/>
</results>
