<results>
	<result value='draw'/>
	<start value='2015-05-08.03:51:45'/>
	<end value='2015-05-08.03:53:14'/>
	<frames value='57601'/>
	<gameDuration value='3600'/>

	<player>
		<unitScore value='30275'/>
		<killScore value='42000'/>
		<buildingScore value='4500'/>
		<razingScore value='22275'/>
		<mineralScore value='32986'/>
		<gasScore value='5072'/>
		<totalScore value='137108'/>
	</player>

	<enemy>
		<race value='Protoss'/>
		<unitScore value='23425'/>
		<unitScore value='23425'/>
		<killScore value='35750'/>
		<buildingScore value='10725'/>
		<razingScore value='2250'/>
		<mineralScore value='28698'/>
		<gasScore value='11904'/>
		<totalScore value='112752'/>
	</enemy>

	<scoreRatio value='1.21601'/>
	<timeFitness value='0.5'/>
	<unitsAverage value='104'/>
</results>
