<results>
	<result value='win'/>
	<start value='2015-05-08.03:55:47'/>
	<end value='2015-05-08.03:56:55'/>
	<frames value='36768'/>
	<gameDuration value='2298'/>

	<player>
		<unitScore value='15125'/>
		<killScore value='15100'/>
		<buildingScore value='5000'/>
		<razingScore value='11175'/>
		<mineralScore value='23882'/>
		<gasScore value='4376'/>
		<totalScore value='74658'/>
	</player>

	<enemy>
		<race value='Protoss'/>
		<unitScore value='7550'/>
		<unitScore value='7550'/>
		<killScore value='5600'/>
		<buildingScore value='3725'/>
		<razingScore value='150'/>
		<mineralScore value='11470'/>
		<gasScore value='3440'/>
		<totalScore value='31935'/>
	</enemy>

	<scoreRatio value='2.33781'/>
	<timeFitness value='0.680833'/>
	<unitsAverage value='121'/>
</results>
