<results>
	<result value='loss'/>
	<start value='2015-05-03.16:07:11'/>
	<end value='2015-05-03.16:07:56'/>
	<frames value='48021'/>
	<gameDuration value='3001'/>

	<player>
		<unitScore value='29050'/>
		<killScore value='37500'/>
		<buildingScore value='3375'/>
		<razingScore value='0'/>
		<mineralScore value='34730'/>
		<gasScore value='0'/>
		<totalScore value='104655'/>
	</player>

	<enemy>
		<race value='Zerg'/>
		<unitScore value='25800'/>
		<unitScore value='25800'/>
		<killScore value='58100'/>
		<buildingScore value='4135'/>
		<razingScore value='10125'/>
		<mineralScore value='26082'/>
		<gasScore value='9248'/>
		<totalScore value='133490'/>
	</enemy>

	<scoreRatio value='0.783991'/>
	<timeFitness value='0.416806'/>
	<unitsAverage value='66'/>
</results>
