<results>
	<result value='loss'/>
	<start value='2015-05-03.16:09:54'/>
	<end value='2015-05-03.16:10:22'/>
	<frames value='31188'/>
	<gameDuration value='1949'/>

	<player>
		<unitScore value='15100'/>
		<killScore value='18575'/>
		<buildingScore value='2475'/>
		<razingScore value='0'/>
		<mineralScore value='26314'/>
		<gasScore value='0'/>
		<totalScore value='62464'/>
	</player>

	<enemy>
		<race value='Zerg'/>
		<unitScore value='19050'/>
		<unitScore value='19050'/>
		<killScore value='30200'/>
		<buildingScore value='3345'/>
		<razingScore value='7425'/>
		<mineralScore value='18378'/>
		<gasScore value='6000'/>
		<totalScore value='84398'/>
	</enemy>

	<scoreRatio value='0.740112'/>
	<timeFitness value='0.270694'/>
	<unitsAverage value='64'/>
</results>
