<results>
	<result value='loss'/>
	<start value='2015-05-21.19:27:13'/>
	<end value='2015-05-21.19:27:16'/>
	<frames value='7163'/>
	<gameDuration value='447'/>

	<player>
		<unitScore value='950'/>
		<killScore value='100'/>
		<buildingScore value='625'/>
		<razingScore value='0'/>
		<mineralScore value='1250'/>
		<gasScore value='16'/>
		<totalScore value='2941'/>
	</player>

	<enemy>
		<race value='Zerg'/>
		<unitScore value='1200'/>
		<killScore value='1800'/>
		<buildingScore value='440'/>
		<razingScore value='1875'/>
		<mineralScore value='1778'/>
		<gasScore value='0'/>
		<totalScore value='7093'/>
	</enemy>

	<scoreRatio value='0.414634'/>
	<timeFitness value='0.0620833'/>
	<unitsAverage value='10'/>
</results>
