<results>
	<result value='win'/>
	<start value='2015-05-02.20:07:50'/>
	<end value='2015-05-02.20:08:40'/>
	<frames value='35559'/>
	<gameDuration value='2222'/>

	<player>
		<unitScore value='25300'/>
		<killScore value='25650'/>
		<buildingScore value='3575'/>
		<razingScore value='8100'/>
		<mineralScore value='31974'/>
		<gasScore value='0'/>
		<totalScore value='94599'/>
	</player>

	<enemy>
		<race value='Terran'/>
		<unitScore value='12825'/>
		<unitScore value='12825'/>
		<killScore value='33000'/>
		<buildingScore value='2700'/>
		<razingScore value='1425'/>
		<mineralScore value='12050'/>
		<gasScore value='4912'/>
		<totalScore value='66912'/>
	</enemy>

	<scoreRatio value='1.41378'/>
	<timeFitness value='0.691389'/>
	<unitsAverage value='96'/>
</results>
