<results>
	<result value='win'/>
	<start value='2015-05-07.14:54:55'/>
	<end value='2015-05-07.14:55:16'/>
	<frames value='26848'/>
	<gameDuration value='1678'/>

	<player>
		<unitScore value='14200'/>
		<killScore value='24100'/>
		<buildingScore value='4125'/>
		<razingScore value='8775'/>
		<mineralScore value='20322'/>
		<gasScore value='2664'/>
		<totalScore value='74186'/>
	</player>

	<enemy>
		<race value='Terran'/>
		<unitScore value='12450'/>
		<unitScore value='12450'/>
		<killScore value='10000'/>
		<buildingScore value='2925'/>
		<razingScore value='1950'/>
		<mineralScore value='11090'/>
		<gasScore value='4560'/>
		<totalScore value='42975'/>
	</enemy>

	<scoreRatio value='1.72626'/>
	<timeFitness value='0.766944'/>
	<unitsAverage value='80'/>
</results>
