<results>
	<result value='loss'/>
	<start value='2015-04-11.19:08:23'/>
	<end value='2015-04-11.19:08:37'/>
	<frames value='16401'/>
	<gameDuration value='1025'/>

	<player>
		<unitScore value='4200'/>
		<killScore value='800'/>
		<buildingScore value='1525'/>
		<razingScore value='0'/>
		<mineralScore value='5570'/>
		<gasScore value='680'/>
		<totalScore value='12775'/>
	</player>

	<enemy>
		<race value='Protoss'/>
		<unitScore value='3600'/>
		<unitScore value='3600'/>
		<killScore value='8400'/>
		<buildingScore value='3825'/>
		<razingScore value='4575'/>
		<mineralScore value='8650'/>
		<gasScore value='1768'/>
		<totalScore value='30818'/>
	</enemy>

	<scoreRatio value='0.41453'/>
</results>
