<results>
	<result value='loss'/>
	<start value='2015-04-11.19:08:41'/>
	<end value='2015-04-11.19:08:59'/>
	<frames value='19098'/>
	<gameDuration value='1193'/>

	<player>
		<unitScore value='5150'/>
		<killScore value='1800'/>
		<buildingScore value='1650'/>
		<razingScore value='0'/>
		<mineralScore value='6922'/>
		<gasScore value='704'/>
		<totalScore value='16226'/>
	</player>

	<enemy>
		<race value='Protoss'/>
		<unitScore value='4250'/>
		<unitScore value='4250'/>
		<killScore value='10300'/>
		<buildingScore value='5075'/>
		<razingScore value='6150'/>
		<mineralScore value='10986'/>
		<gasScore value='2104'/>
		<totalScore value='38865'/>
	</enemy>

	<scoreRatio value='0.417496'/>
</results>
