<results>
	<result value='draw'/>
	<start value='2015-04-25.04:35:33'/>
	<end value='2015-04-25.04:36:17'/>
	<frames value='57601'/>
	<gameDuration value='3600'/>

	<player>
		<unitScore value='21825'/>
		<killScore value='22200'/>
		<buildingScore value='3150'/>
		<razingScore value='225'/>
		<mineralScore value='24330'/>
		<gasScore value='5458'/>
		<totalScore value='77188'/>
	</player>

	<enemy>
		<race value='Terran'/>
		<unitScore value='27850'/>
		<unitScore value='27850'/>
		<killScore value='41150'/>
		<buildingScore value='3850'/>
		<razingScore value='5850'/>
		<mineralScore value='19550'/>
		<gasScore value='12326'/>
		<totalScore value='110576'/>
	</enemy>

	<scoreRatio value='0.698054'/>
</results>
