<results>
	<result value='loss'/>
	<start value='2015-04-25.04:36:42'/>
	<end value='2015-04-25.04:37:15'/>
	<frames value='45293'/>
	<gameDuration value='2830'/>

	<player>
		<unitScore value='15525'/>
		<killScore value='31700'/>
		<buildingScore value='2975'/>
		<razingScore value='1350'/>
		<mineralScore value='18090'/>
		<gasScore value='2904'/>
		<totalScore value='72544'/>
	</player>

	<enemy>
		<race value='Terran'/>
		<unitScore value='35075'/>
		<unitScore value='35075'/>
		<killScore value='31050'/>
		<buildingScore value='5200'/>
		<razingScore value='8925'/>
		<mineralScore value='24178'/>
		<gasScore value='14272'/>
		<totalScore value='118700'/>
	</enemy>

	<scoreRatio value='0.611154'/>
</results>
