<results>
	<result value='win'/>
	<start value='2015-04-25.04:48:41'/>
	<end value='2015-04-25.04:48:52'/>
	<frames value='17796'/>
	<gameDuration value='1112'/>

	<player>
		<unitScore value='6275'/>
		<killScore value='11600'/>
		<buildingScore value='2325'/>
		<razingScore value='5250'/>
		<mineralScore value='9410'/>
		<gasScore value='1504'/>
		<totalScore value='36364'/>
	</player>

	<enemy>
		<race value='Terran'/>
		<unitScore value='5800'/>
		<unitScore value='5800'/>
		<killScore value='2750'/>
		<buildingScore value='1750'/>
		<razingScore value='1500'/>
		<mineralScore value='7378'/>
		<gasScore value='2104'/>
		<totalScore value='21282'/>
	</enemy>

	<scoreRatio value='1.70867'/>
</results>
