<results>
	<result value='draw'/>
	<start value='2015-04-25.04:50:01'/>
	<end value='2015-04-25.04:50:46'/>
	<frames value='57601'/>
	<gameDuration value='3600'/>

	<player>
		<unitScore value='13475'/>
		<killScore value='18700'/>
		<buildingScore value='3925'/>
		<razingScore value='5175'/>
		<mineralScore value='21022'/>
		<gasScore value='1528'/>
		<totalScore value='63825'/>
	</player>

	<enemy>
		<race value='Terran'/>
		<unitScore value='18275'/>
		<unitScore value='18275'/>
		<killScore value='11350'/>
		<buildingScore value='4750'/>
		<razingScore value='4650'/>
		<mineralScore value='18274'/>
		<gasScore value='8530'/>
		<totalScore value='65829'/>
	</enemy>

	<scoreRatio value='0.969557'/>
</results>
