<results>
	<result value='loss'/>
	<start value='2015-04-25.04:57:09'/>
	<end value='2015-04-25.04:57:20'/>
	<frames value='19966'/>
	<gameDuration value='1247'/>

	<player>
		<unitScore value='3775'/>
		<killScore value='2800'/>
		<buildingScore value='1850'/>
		<razingScore value='0'/>
		<mineralScore value='5962'/>
		<gasScore value='856'/>
		<totalScore value='15243'/>
	</player>

	<enemy>
		<race value='Terran'/>
		<unitScore value='7725'/>
		<unitScore value='7725'/>
		<killScore value='7550'/>
		<buildingScore value='2850'/>
		<razingScore value='5550'/>
		<mineralScore value='9466'/>
		<gasScore value='3592'/>
		<totalScore value='36733'/>
	</enemy>

	<scoreRatio value='0.414967'/>
</results>
