<results>
	<result value='win'/>
	<start value='2015-05-04.05:21:29'/>
	<end value='2015-05-04.05:22:19'/>
	<frames value='31932'/>
	<gameDuration value='1995'/>

	<player>
		<unitScore value='22550'/>
		<killScore value='36860'/>
		<buildingScore value='4975'/>
		<razingScore value='8310'/>
		<mineralScore value='35702'/>
		<gasScore value='3208'/>
		<totalScore value='111605'/>
	</player>

	<enemy>
		<race value='Zerg'/>
		<unitScore value='15650'/>
		<unitScore value='15650'/>
		<killScore value='22700'/>
		<buildingScore value='2770'/>
		<razingScore value='2250'/>
		<mineralScore value='15630'/>
		<gasScore value='4160'/>
		<totalScore value='63160'/>
	</enemy>

	<scoreRatio value='1.76702'/>
	<timeFitness value='0.722917'/>
	<unitsAverage value='123'/>
</results>
