<results>
	<result value='win'/>
	<start value='2015-05-04.05:24:28'/>
	<end value='2015-05-04.05:24:55'/>
	<frames value='27003'/>
	<gameDuration value='1687'/>

	<player>
		<unitScore value='16150'/>
		<killScore value='22900'/>
		<buildingScore value='3775'/>
		<razingScore value='4560'/>
		<mineralScore value='21370'/>
		<gasScore value='2744'/>
		<totalScore value='71499'/>
	</player>

	<enemy>
		<race value='Zerg'/>
		<unitScore value='10200'/>
		<unitScore value='10200'/>
		<killScore value='14850'/>
		<buildingScore value='1520'/>
		<razingScore value='0'/>
		<mineralScore value='9034'/>
		<gasScore value='2472'/>
		<totalScore value='38076'/>
	</enemy>

	<scoreRatio value='1.8778'/>
	<timeFitness value='0.765694'/>
	<unitsAverage value='77'/>
</results>
