<results>
	<result value='win'/>
	<start value='2015-05-04.05:42:14'/>
	<end value='2015-05-04.05:42:43'/>
	<frames value='25577'/>
	<gameDuration value='1598'/>

	<player>
		<unitScore value='15750'/>
		<killScore value='21620'/>
		<buildingScore value='3950'/>
		<razingScore value='4560'/>
		<mineralScore value='21294'/>
		<gasScore value='2088'/>
		<totalScore value='69262'/>
	</player>

	<enemy>
		<race value='Zerg'/>
		<unitScore value='9850'/>
		<unitScore value='9850'/>
		<killScore value='12150'/>
		<buildingScore value='1520'/>
		<razingScore value='0'/>
		<mineralScore value='9170'/>
		<gasScore value='2680'/>
		<totalScore value='35370'/>
	</enemy>

	<scoreRatio value='1.95821'/>
	<timeFitness value='0.778056'/>
	<unitsAverage value='86'/>
</results>
