<results>
	<result value='win'/>
	<start value='2015-05-04.05:46:21'/>
	<end value='2015-05-04.05:47:15'/>
	<frames value='33358'/>
	<gameDuration value='2084'/>

	<player>
		<unitScore value='21700'/>
		<killScore value='45415'/>
		<buildingScore value='3675'/>
		<razingScore value='6735'/>
		<mineralScore value='32690'/>
		<gasScore value='2592'/>
		<totalScore value='112807'/>
	</player>

	<enemy>
		<race value='Zerg'/>
		<unitScore value='19375'/>
		<unitScore value='19375'/>
		<killScore value='20850'/>
		<buildingScore value='2245'/>
		<razingScore value='0'/>
		<mineralScore value='16846'/>
		<gasScore value='5384'/>
		<totalScore value='64700'/>
	</enemy>

	<scoreRatio value='1.74354'/>
	<timeFitness value='0.710556'/>
	<unitsAverage value='125'/>
</results>
