<results>
	<result value='draw'/>
	<start value='2015-04-30.22:28:49'/>
	<end value='2015-04-30.22:29:54'/>
	<frames value='57601'/>
	<gameDuration value='3600'/>

	<player>
		<unitScore value='22600'/>
		<killScore value='33845'/>
		<buildingScore value='2900'/>
		<razingScore value='7035'/>
		<mineralScore value='24298'/>
		<gasScore value='4720'/>
		<totalScore value='95398'/>
	</player>

	<enemy>
		<race value='Zerg'/>
		<unitScore value='23375'/>
		<unitScore value='23375'/>
		<killScore value='40700'/>
		<buildingScore value='5950'/>
		<razingScore value='2025'/>
		<mineralScore value='26678'/>
		<gasScore value='7330'/>
		<totalScore value='106058'/>
	</enemy>

	<scoreRatio value='0.899489'/>
</results>
