<results>
	<result value='win'/>
	<start value='2015-04-30.22:36:39'/>
	<end value='2015-04-30.22:37:18'/>
	<frames value='26724'/>
	<gameDuration value='1670'/>

	<player>
		<unitScore value='15875'/>
		<killScore value='19070'/>
		<buildingScore value='3425'/>
		<razingScore value='5700'/>
		<mineralScore value='23990'/>
		<gasScore value='2512'/>
		<totalScore value='70572'/>
	</player>

	<enemy>
		<race value='Zerg'/>
		<unitScore value='9075'/>
		<unitScore value='9075'/>
		<killScore value='12350'/>
		<buildingScore value='1900'/>
		<razingScore value='0'/>
		<mineralScore value='9154'/>
		<gasScore value='2552'/>
		<totalScore value='35031'/>
	</enemy>

	<scoreRatio value='2.01456'/>
</results>
