<results>
	<result value='win'/>
	<start value='2015-04-30.22:44:09'/>
	<end value='2015-04-30.22:44:41'/>
	<frames value='23934'/>
	<gameDuration value='1495'/>

	<player>
		<unitScore value='15275'/>
		<killScore value='18430'/>
		<buildingScore value='3925'/>
		<razingScore value='4800'/>
		<mineralScore value='21166'/>
		<gasScore value='1328'/>
		<totalScore value='64924'/>
	</player>

	<enemy>
		<race value='Zerg'/>
		<unitScore value='8875'/>
		<unitScore value='8875'/>
		<killScore value='12450'/>
		<buildingScore value='1600'/>
		<razingScore value='0'/>
		<mineralScore value='8810'/>
		<gasScore value='2704'/>
		<totalScore value='34439'/>
	</enemy>

	<scoreRatio value='1.88519'/>
</results>
