<results>
	<result value='loss'/>
	<start value='2015-05-07.14:38:57'/>
	<end value='2015-05-07.14:39:05'/>
	<frames value='17827'/>
	<gameDuration value='1114'/>

	<player>
		<unitScore value='3550'/>
		<killScore value='800'/>
		<buildingScore value='1400'/>
		<razingScore value='0'/>
		<mineralScore value='5338'/>
		<gasScore value='1536'/>
		<totalScore value='12624'/>
	</player>

	<enemy>
		<race value='Protoss'/>
		<unitScore value='4325'/>
		<unitScore value='4325'/>
		<killScore value='7100'/>
		<buildingScore value='3475'/>
		<razingScore value='4200'/>
		<mineralScore value='9218'/>
		<gasScore value='2272'/>
		<totalScore value='30590'/>
	</enemy>

	<scoreRatio value='0.412684'/>
	<timeFitness value='0.154722'/>
	<unitsAverage value='28'/>
</results>
