<results>
	<result value='win'/>
	<start value='2015-05-07.14:46:38'/>
	<end value='2015-05-07.14:47:12'/>
	<frames value='39465'/>
	<gameDuration value='2466'/>

	<player>
		<unitScore value='25375'/>
		<killScore value='26450'/>
		<buildingScore value='3625'/>
		<razingScore value='21450'/>
		<mineralScore value='31506'/>
		<gasScore value='3368'/>
		<totalScore value='111774'/>
	</player>

	<enemy>
		<race value='Protoss'/>
		<unitScore value='13825'/>
		<unitScore value='13825'/>
		<killScore value='32500'/>
		<buildingScore value='7150'/>
		<razingScore value='525'/>
		<mineralScore value='18562'/>
		<gasScore value='5344'/>
		<totalScore value='77906'/>
	</enemy>

	<scoreRatio value='1.43473'/>
	<timeFitness value='0.6575'/>
	<unitsAverage value='89'/>
</results>
