<results>
	<result value='draw'/>
	<start value='2015-04-07.18:41:22'/>
	<end value='2015-04-07.18:42:22'/>
	<frames value='57601'/>
	<gameDuration value='3600'/>

	<player>
		<unitScore value='30025'/>
		<killScore value='61100'/>
		<buildingScore value='3075'/>
		<razingScore value='13650'/>
		<mineralScore value='31566'/>
		<gasScore value='6786'/>
		<totalScore value='146202'/>
	</player>

	<enemy>
		<race value='Protoss'/>
		<unitScore value='33600'/>
		<unitScore value='33600'/>
		<killScore value='49050'/>
		<buildingScore value='6400'/>
		<razingScore value='825'/>
		<mineralScore value='26598'/>
		<gasScore value='10502'/>
		<totalScore value='126975'/>
	</enemy>

	<scoreRatio value='1.15142'/>
</results>
