<results>
	<result value='win'/>
	<start value='2015-05-04.20:05:00'/>
	<end value='2015-05-04.20:05:31'/>
	<frames value='36737'/>
	<gameDuration value='2296'/>

	<player>
		<unitScore value='16500'/>
		<killScore value='33700'/>
		<buildingScore value='4475'/>
		<razingScore value='13800'/>
		<mineralScore value='22930'/>
		<gasScore value='3312'/>
		<totalScore value='94717'/>
	</player>

	<enemy>
		<race value='Terran'/>
		<unitScore value='21950'/>
		<unitScore value='21950'/>
		<killScore value='14350'/>
		<buildingScore value='4600'/>
		<razingScore value='3075'/>
		<mineralScore value='17674'/>
		<gasScore value='8972'/>
		<totalScore value='70621'/>
	</enemy>

	<scoreRatio value='1.3412'/>
	<timeFitness value='0.681111'/>
	<unitsAverage value='68'/>
</results>
