<results>
	<result value='win'/>
	<start value='2015-05-08.21:28:08'/>
	<end value='2015-05-08.21:28:43'/>
	<frames value='43216'/>
	<gameDuration value='2701'/>

	<player>
		<unitScore value='17550'/>
		<killScore value='30950'/>
		<buildingScore value='3875'/>
		<razingScore value='13950'/>
		<mineralScore value='21834'/>
		<gasScore value='2966'/>
		<totalScore value='91125'/>
	</player>

	<enemy>
		<race value='Terran'/>
		<unitScore value='16275'/>
		<unitScore value='16275'/>
		<killScore value='19650'/>
		<buildingScore value='4650'/>
		<razingScore value='3450'/>
		<mineralScore value='15394'/>
		<gasScore value='7458'/>
		<totalScore value='66877'/>
	</enemy>

	<scoreRatio value='1.36258'/>
	<timeFitness value='0.624861'/>
	<unitsAverage value='69'/>
</results>
