<results>
	<result value='win'/>
	<start value='2015-05-04.20:06:16'/>
	<end value='2015-05-04.20:06:37'/>
	<frames value='24151'/>
	<gameDuration value='1509'/>

	<player>
		<unitScore value='11200'/>
		<killScore value='18150'/>
		<buildingScore value='3975'/>
		<razingScore value='8100'/>
		<mineralScore value='18302'/>
		<gasScore value='2392'/>
		<totalScore value='62119'/>
	</player>

	<enemy>
		<race value='Terran'/>
		<unitScore value='9375'/>
		<unitScore value='9375'/>
		<killScore value='3700'/>
		<buildingScore value='2700'/>
		<razingScore value='1500'/>
		<mineralScore value='9298'/>
		<gasScore value='3312'/>
		<totalScore value='29885'/>
	</enemy>

	<scoreRatio value='2.0786'/>
	<timeFitness value='0.790417'/>
	<unitsAverage value='74'/>
</results>
