<results>
	<result value='win'/>
	<start value='2015-05-04.20:10:24'/>
	<end value='2015-05-04.20:10:45'/>
	<frames value='28429'/>
	<gameDuration value='1776'/>

	<player>
		<unitScore value='12575'/>
		<killScore value='25600'/>
		<buildingScore value='3175'/>
		<razingScore value='11475'/>
		<mineralScore value='16090'/>
		<gasScore value='2008'/>
		<totalScore value='70923'/>
	</player>

	<enemy>
		<race value='Terran'/>
		<unitScore value='14225'/>
		<unitScore value='14225'/>
		<killScore value='11800'/>
		<buildingScore value='3900'/>
		<razingScore value='3225'/>
		<mineralScore value='12982'/>
		<gasScore value='6096'/>
		<totalScore value='52228'/>
	</enemy>

	<scoreRatio value='1.35795'/>
	<timeFitness value='0.753333'/>
	<unitsAverage value='61'/>
</results>
