<results>
	<result value='win'/>
	<start value='2015-05-04.20:14:13'/>
	<end value='2015-05-04.20:14:38'/>
	<frames value='27902'/>
	<gameDuration value='1743'/>

	<player>
		<unitScore value='12300'/>
		<killScore value='14800'/>
		<buildingScore value='4475'/>
		<razingScore value='6600'/>
		<mineralScore value='23002'/>
		<gasScore value='2904'/>
		<totalScore value='64081'/>
	</player>

	<enemy>
		<race value='Terran'/>
		<unitScore value='7500'/>
		<unitScore value='7500'/>
		<killScore value='5800'/>
		<buildingScore value='2200'/>
		<razingScore value='1350'/>
		<mineralScore value='10650'/>
		<gasScore value='2904'/>
		<totalScore value='30404'/>
	</enemy>

	<scoreRatio value='2.10765'/>
	<timeFitness value='0.757917'/>
	<unitsAverage value='82'/>
</results>
