<results>
	<result value='draw'/>
	<start value='2015-05-08.21:40:08'/>
	<end value='2015-05-08.21:40:58'/>
	<frames value='57601'/>
	<gameDuration value='3600'/>

	<player>
		<unitScore value='21325'/>
		<killScore value='31650'/>
		<buildingScore value='3650'/>
		<razingScore value='4650'/>
		<mineralScore value='24890'/>
		<gasScore value='5080'/>
		<totalScore value='91245'/>
	</player>

	<enemy>
		<race value='Terran'/>
		<unitScore value='25475'/>
		<unitScore value='25475'/>
		<killScore value='38300'/>
		<buildingScore value='4925'/>
		<razingScore value='5475'/>
		<mineralScore value='18666'/>
		<gasScore value='9612'/>
		<totalScore value='102453'/>
	</enemy>

	<scoreRatio value='0.890603'/>
	<timeFitness value='0.5'/>
	<unitsAverage value='66'/>
</results>
