<results>
	<result value='loss'/>
	<start value='2015-04-28.05:01:43'/>
	<end value='2015-04-28.05:01:52'/>
	<frames value='14293'/>
	<gameDuration value='893'/>

	<player>
		<unitScore value='1425'/>
		<killScore value='300'/>
		<buildingScore value='1075'/>
		<razingScore value='0'/>
		<mineralScore value='2562'/>
		<gasScore value='968'/>
		<totalScore value='6330'/>
	</player>

	<enemy>
		<race value='Terran'/>
		<unitScore value='4350'/>
		<unitScore value='4350'/>
		<killScore value='2850'/>
		<buildingScore value='1450'/>
		<razingScore value='3225'/>
		<mineralScore value='6434'/>
		<gasScore value='2048'/>
		<totalScore value='20357'/>
	</enemy>

	<scoreRatio value='0.31095'/>
</results>
