<results>
	<result value='loss'/>
	<start value='2015-04-28.05:14:19'/>
	<end value='2015-04-28.05:14:31'/>
	<frames value='17331'/>
	<gameDuration value='1083'/>

	<player>
		<unitScore value='3400'/>
		<killScore value='1500'/>
		<buildingScore value='1325'/>
		<razingScore value='0'/>
		<mineralScore value='4754'/>
		<gasScore value='456'/>
		<totalScore value='11435'/>
	</player>

	<enemy>
		<race value='Terran'/>
		<unitScore value='6400'/>
		<unitScore value='6400'/>
		<killScore value='6800'/>
		<buildingScore value='2625'/>
		<razingScore value='3975'/>
		<mineralScore value='7890'/>
		<gasScore value='2472'/>
		<totalScore value='30162'/>
	</enemy>

	<scoreRatio value='0.379119'/>
</results>
