<results>
	<result value='win'/>
	<start value='2015-05-08.16:30:14'/>
	<end value='2015-05-08.16:31:05'/>
	<frames value='39527'/>
	<gameDuration value='2470'/>

	<player>
		<unitScore value='17250'/>
		<killScore value='36100'/>
		<buildingScore value='4475'/>
		<razingScore value='13200'/>
		<mineralScore value='32222'/>
		<gasScore value='5392'/>
		<totalScore value='108639'/>
	</player>

	<enemy>
		<race value='Terran'/>
		<unitScore value='21250'/>
		<unitScore value='21250'/>
		<killScore value='14700'/>
		<buildingScore value='4400'/>
		<razingScore value='2325'/>
		<mineralScore value='16998'/>
		<gasScore value='7852'/>
		<totalScore value='67525'/>
	</enemy>

	<scoreRatio value='1.60887'/>
	<timeFitness value='0.656944'/>
	<unitsAverage value='98'/>
</results>
