<results>
	<result value='win'/>
	<start value='2015-05-08.16:34:25'/>
	<end value='2015-05-08.16:31:31'/>
	<frames value='27065'/>
	<gameDuration value='1691'/>

	<player>
		<unitScore value='12075'/>
		<killScore value='18900'/>
		<buildingScore value='3925'/>
		<razingScore value='8175'/>
		<mineralScore value='23882'/>
		<gasScore value='2768'/>
		<totalScore value='69725'/>
	</player>

	<enemy>
		<race value='Terran'/>
		<unitScore value='9450'/>
		<unitScore value='9450'/>
		<killScore value='4800'/>
		<buildingScore value='2800'/>
		<razingScore value='1350'/>
		<mineralScore value='9922'/>
		<gasScore value='3696'/>
		<totalScore value='32018'/>
	</enemy>

	<scoreRatio value='2.17768'/>
	<timeFitness value='0.765139'/>
	<unitsAverage value='87'/>
</results>
