<results>
	<result value='loss'/>
	<start value='2015-05-03.12:50:27'/>
	<end value='2015-05-03.12:50:38'/>
	<frames value='20059'/>
	<gameDuration value='1253'/>

	<player>
		<unitScore value='4325'/>
		<killScore value='2050'/>
		<buildingScore value='1900'/>
		<razingScore value='0'/>
		<mineralScore value='6586'/>
		<gasScore value='1280'/>
		<totalScore value='16141'/>
	</player>

	<enemy>
		<race value='Terran'/>
		<unitScore value='7750'/>
		<unitScore value='7750'/>
		<killScore value='8650'/>
		<buildingScore value='3050'/>
		<razingScore value='5700'/>
		<mineralScore value='9402'/>
		<gasScore value='3728'/>
		<totalScore value='38280'/>
	</enemy>

	<scoreRatio value='0.421656'/>
	<timeFitness value='0.174028'/>
	<unitsAverage value='30'/>
</results>
