<results>
	<result value='draw'/>
	<start value='2015-07-12.15:14:44'/>
	<end value='2015-07-12.15:16:08'/>
	<frames value='57601'/>
	<gameDuration value='3600'/>

	<player>
		<unitScore value='38550'/>
		<killScore value='21200'/>
		<buildingScore value='4800'/>
		<razingScore value='0'/>
		<mineralScore value='32230'/>
		<gasScore value='7852'/>
		<totalScore value='104632'/>
	</player>

	<enemy>
		<race value='Terran'/>
		<unitScore value='15100'/>
		<killScore value='53150'/>
		<buildingScore value='2400'/>
		<razingScore value='5175'/>
		<mineralScore value='12050'/>
		<gasScore value='6454'/>
		<totalScore value='94329'/>
	</enemy>

	<scoreRatio value='1.10922'/>
	<timeFitness value='0.5'/>
	<unitsAverage value='124'/>
</results>
