<results>
	<result value='loss'/>
	<start value='2015-07-12.15:22:38'/>
	<end value='2015-07-12.15:22:51'/>
	<frames value='23438'/>
	<gameDuration value='1464'/>

	<player>
		<unitScore value='9575'/>
		<killScore value='4300'/>
		<buildingScore value='2675'/>
		<razingScore value='0'/>
		<mineralScore value='11066'/>
		<gasScore value='1448'/>
		<totalScore value='29064'/>
	</player>

	<enemy>
		<race value='Terran'/>
		<unitScore value='8025'/>
		<killScore value='16850'/>
		<buildingScore value='2650'/>
		<razingScore value='8025'/>
		<mineralScore value='11110'/>
		<gasScore value='3808'/>
		<totalScore value='50468'/>
	</enemy>

	<scoreRatio value='0.57589'/>
	<timeFitness value='0.203333'/>
	<unitsAverage value='42'/>
</results>
