<results>
	<result value='loss'/>
	<start value='2015-07-12.15:28:39'/>
	<end value='2015-07-12.15:28:52'/>
	<frames value='23066'/>
	<gameDuration value='1441'/>

	<player>
		<unitScore value='10475'/>
		<killScore value='3000'/>
		<buildingScore value='2775'/>
		<razingScore value='0'/>
		<mineralScore value='11554'/>
		<gasScore value='1760'/>
		<totalScore value='29564'/>
	</player>

	<enemy>
		<race value='Terran'/>
		<unitScore value='9550'/>
		<killScore value='19950'/>
		<buildingScore value='3400'/>
		<razingScore value='8325'/>
		<mineralScore value='11282'/>
		<gasScore value='4712'/>
		<totalScore value='57219'/>
	</enemy>

	<scoreRatio value='0.516681'/>
	<timeFitness value='0.200139'/>
	<unitsAverage value='40'/>
</results>
