<results>
	<result value='draw'/>
	<start value='2015-07-12.15:30:40'/>
	<end value='2015-07-12.15:32:28'/>
	<frames value='57601'/>
	<gameDuration value='3600'/>

	<player>
		<unitScore value='26075'/>
		<killScore value='17050'/>
		<buildingScore value='5250'/>
		<razingScore value='5625'/>
		<mineralScore value='53002'/>
		<gasScore value='10578'/>
		<totalScore value='117580'/>
	</player>

	<enemy>
		<race value='Terran'/>
		<unitScore value='10625'/>
		<killScore value='25700'/>
		<buildingScore value='2125'/>
		<razingScore value='2325'/>
		<mineralScore value='9738'/>
		<gasScore value='3176'/>
		<totalScore value='53689'/>
	</enemy>

	<scoreRatio value='2.19002'/>
	<timeFitness value='0.5'/>
	<unitsAverage value='169'/>
</results>
