<results>
	<result value='loss'/>
	<start value='2015-05-09.22:38:21'/>
	<end value='2015-05-09.22:38:25'/>
	<frames value='8585'/>
	<gameDuration value='536'/>

	<player>
		<unitScore value='200'/>
		<killScore value='0'/>
		<buildingScore value='450'/>
		<razingScore value='0'/>
		<mineralScore value='794'/>
		<gasScore value='568'/>
		<totalScore value='2012'/>
	</player>

	<enemy>
		<race value='Protoss'/>
		<unitScore value='1675'/>
		<unitScore value='1675'/>
		<killScore value='0'/>
		<buildingScore value='1800'/>
		<razingScore value='0'/>
		<mineralScore value='3922'/>
		<gasScore value='1080'/>
		<totalScore value='8477'/>
	</enemy>

	<scoreRatio value='0.237348'/>
	<timeFitness value='0.0744444'/>
	<unitsAverage value='5'/>
</results>
