<results>
	<result value='win'/>
	<start value='2015-05-09.22:26:06'/>
	<end value='2015-05-09.22:26:49'/>
	<frames value='35683'/>
	<gameDuration value='2230'/>

	<player>
		<unitScore value='21600'/>
		<killScore value='27500'/>
		<buildingScore value='3300'/>
		<razingScore value='23550'/>
		<mineralScore value='24954'/>
		<gasScore value='3760'/>
		<totalScore value='104664'/>
	</player>

	<enemy>
		<race value='Protoss'/>
		<unitScore value='14000'/>
		<unitScore value='14000'/>
		<killScore value='19750'/>
		<buildingScore value='7850'/>
		<razingScore value='150'/>
		<mineralScore value='20366'/>
		<gasScore value='5432'/>
		<totalScore value='67548'/>
	</enemy>

	<scoreRatio value='1.54948'/>
	<timeFitness value='0.690278'/>
	<unitsAverage value='94'/>
</results>
