<results>
	<result value='loss'/>
	<start value='2015-05-02.19:18:13'/>
	<end value='2015-05-02.19:18:47'/>
	<frames value='49633'/>
	<gameDuration value='3102'/>

	<player>
		<unitScore value='21325'/>
		<killScore value='32800'/>
		<buildingScore value='2525'/>
		<razingScore value='16725'/>
		<mineralScore value='23790'/>
		<gasScore value='3008'/>
		<totalScore value='100173'/>
	</player>

	<enemy>
		<race value='Protoss'/>
		<unitScore value='18975'/>
		<unitScore value='18975'/>
		<killScore value='37600'/>
		<buildingScore value='8275'/>
		<razingScore value='7575'/>
		<mineralScore value='27362'/>
		<gasScore value='11272'/>
		<totalScore value='111059'/>
	</enemy>

	<scoreRatio value='0.90198'/>
	<timeFitness value='0.430833'/>
	<unitsAverage value='70'/>
</results>
