<results>
	<result value='loss'/>
	<start value='2015-05-09.20:42:40'/>
	<end value='2015-05-09.20:43:11'/>
	<frames value='46533'/>
	<gameDuration value='2908'/>

	<player>
		<unitScore value='22025'/>
		<killScore value='26050'/>
		<buildingScore value='3050'/>
		<razingScore value='600'/>
		<mineralScore value='23986'/>
		<gasScore value='3952'/>
		<totalScore value='79663'/>
	</player>

	<enemy>
		<race value='Protoss'/>
		<unitScore value='34555'/>
		<unitScore value='34555'/>
		<killScore value='44150'/>
		<buildingScore value='8125'/>
		<razingScore value='9150'/>
		<mineralScore value='32126'/>
		<gasScore value='12168'/>
		<totalScore value='140274'/>
	</enemy>

	<scoreRatio value='0.56791'/>
	<timeFitness value='0.403889'/>
	<unitsAverage value='63'/>
</results>
