<results>
	<result value='draw'/>
	<start value='2015-05-02.19:01:24'/>
	<end value='2015-05-02.19:02:47'/>
	<frames value='57601'/>
	<gameDuration value='3600'/>

	<player>
		<unitScore value='28225'/>
		<killScore value='28000'/>
		<buildingScore value='3700'/>
		<razingScore value='17625'/>
		<mineralScore value='37054'/>
		<gasScore value='3840'/>
		<totalScore value='118444'/>
	</player>

	<enemy>
		<race value='Protoss'/>
		<unitScore value='16850'/>
		<unitScore value='16850'/>
		<killScore value='32100'/>
		<buildingScore value='6925'/>
		<razingScore value='525'/>
		<mineralScore value='21766'/>
		<gasScore value='10066'/>
		<totalScore value='88232'/>
	</enemy>

	<scoreRatio value='1.34242'/>
	<timeFitness value='0.5'/>
	<unitsAverage value='143'/>
</results>
