<results>
	<result value='win'/>
	<start value='2015-04-30.12:50:46'/>
	<end value='2015-04-30.12:51:46'/>
	<frames value='32118'/>
	<gameDuration value='2007'/>

	<player>
		<unitScore value='22200'/>
		<killScore value='48800'/>
		<buildingScore value='4175'/>
		<razingScore value='6975'/>
		<mineralScore value='30566'/>
		<gasScore value='3152'/>
		<totalScore value='115868'/>
	</player>

	<enemy>
		<race value='Zerg'/>
		<unitScore value='20350'/>
		<unitScore value='20350'/>
		<killScore value='20100'/>
		<buildingScore value='2325'/>
		<razingScore value='0'/>
		<mineralScore value='17378'/>
		<gasScore value='5504'/>
		<totalScore value='65657'/>
	</enemy>

	<scoreRatio value='1.76475'/>
	<timeFitness value='0.72125'/>
	<unitsAverage value='124'/>
</results>
