<results>
	<result value='loss'/>
	<start value='2015-07-20.02:14:50'/>
	<end value='2015-07-20.02:15:50'/>
	<frames value='31064'/>
	<gameDuration value='1941'/>

	<player>
		<unitScore value='20850'/>
		<killScore value='13625'/>
		<buildingScore value='4175'/>
		<razingScore value='0'/>
		<mineralScore value='26106'/>
		<gasScore value='3488'/>
		<totalScore value='68244'/>
	</player>

	<enemy>
		<race value='Zerg'/>
		<unitScore value='15800'/>
		<killScore value='41700'/>
		<buildingScore value='3280'/>
		<razingScore value='12525'/>
		<mineralScore value='18414'/>
		<gasScore value='5336'/>
		<totalScore value='97055'/>
	</enemy>

	<scoreRatio value='0.703148'/>
	<timeFitness value='0.269583'/>
	<unitsAverage value='79'/>
</results>
