<results>
	<result value='loss'/>
	<start value='2015-07-20.02:34:17'/>
	<end value='2015-07-20.02:37:12'/>
	<frames value='54159'/>
	<gameDuration value='3384'/>

	<player>
		<unitScore value='26875'/>
		<killScore value='21925'/>
		<buildingScore value='4750'/>
		<razingScore value='0'/>
		<mineralScore value='31718'/>
		<gasScore value='4200'/>
		<totalScore value='89468'/>
	</player>

	<enemy>
		<race value='Zerg'/>
		<unitScore value='34050'/>
		<killScore value='41200'/>
		<buildingScore value='3585'/>
		<razingScore value='14250'/>
		<mineralScore value='29802'/>
		<gasScore value='11256'/>
		<totalScore value='134143'/>
	</enemy>

	<scoreRatio value='0.66696'/>
	<timeFitness value='0.47'/>
	<unitsAverage value='115'/>
</results>
