<results>
	<result value='draw'/>
	<start value='2015-04-10.18:59:31'/>
	<end value='2015-04-10.19:01:25'/>
	<frames value='57601'/>
	<gameDuration value='3600'/>

	<player>
		<unitScore value='29325'/>
		<killScore value='59150'/>
		<buildingScore value='3300'/>
		<razingScore value='1200'/>
		<mineralScore value='31534'/>
		<gasScore value='8420'/>
		<totalScore value='132929'/>
	</player>

	<enemy>
		<race value='Protoss'/>
		<unitScore value='38475'/>
		<unitScore value='38475'/>
		<killScore value='48950'/>
		<buildingScore value='6475'/>
		<razingScore value='450'/>
		<mineralScore value='31542'/>
		<gasScore value='12066'/>
		<totalScore value='137958'/>
	</enemy>

	<scoreRatio value='0.963547'/>
</results>
