<results>
	<result value='win'/>
	<start value='2015-04-27.07:29:57'/>
	<end value='2015-04-27.07:30:32'/>
	<frames value='34443'/>
	<gameDuration value='2152'/>

	<player>
		<unitScore value='18525'/>
		<killScore value='24300'/>
		<buildingScore value='4050'/>
		<razingScore value='13650'/>
		<mineralScore value='25218'/>
		<gasScore value='3424'/>
		<totalScore value='89167'/>
	</player>

	<enemy>
		<race value='Terran'/>
		<unitScore value='12950'/>
		<unitScore value='12950'/>
		<killScore value='17850'/>
		<buildingScore value='4550'/>
		<razingScore value='1725'/>
		<mineralScore value='13826'/>
		<gasScore value='6000'/>
		<totalScore value='56901'/>
	</enemy>

	<scoreRatio value='1.56706'/>
</results>
