<results>
	<result value='draw'/>
	<start value='2015-04-27.07:33:27'/>
	<end value='2015-04-27.07:34:31'/>
	<frames value='57601'/>
	<gameDuration value='3600'/>

	<player>
		<unitScore value='29175'/>
		<killScore value='45500'/>
		<buildingScore value='4400'/>
		<razingScore value='2775'/>
		<mineralScore value='33342'/>
		<gasScore value='7724'/>
		<totalScore value='122916'/>
	</player>

	<enemy>
		<race value='Terran'/>
		<unitScore value='31175'/>
		<unitScore value='31175'/>
		<killScore value='50100'/>
		<buildingScore value='5175'/>
		<razingScore value='4950'/>
		<mineralScore value='23246'/>
		<gasScore value='12198'/>
		<totalScore value='126844'/>
	</enemy>

	<scoreRatio value='0.969033'/>
</results>
