<results>
	<result value='draw'/>
	<start value='2015-05-08.17:45:58'/>
	<end value='2015-05-08.17:47:05'/>
	<frames value='57601'/>
	<gameDuration value='3600'/>

	<player>
		<unitScore value='18275'/>
		<killScore value='17100'/>
		<buildingScore value='4500'/>
		<razingScore value='0'/>
		<mineralScore value='24926'/>
		<gasScore value='2864'/>
		<totalScore value='67665'/>
	</player>

	<enemy>
		<race value='Terran'/>
		<unitScore value='26125'/>
		<unitScore value='26125'/>
		<killScore value='36550'/>
		<buildingScore value='4450'/>
		<razingScore value='13125'/>
		<mineralScore value='19550'/>
		<gasScore value='12446'/>
		<totalScore value='112246'/>
	</enemy>

	<scoreRatio value='0.602828'/>
	<timeFitness value='0.5'/>
	<unitsAverage value='43'/>
</results>
