<results>
	<result value='loss'/>
	<start value='2015-05-08.17:53:49'/>
	<end value='2015-05-08.17:54:06'/>
	<frames value='18416'/>
	<gameDuration value='1151'/>

	<player>
		<unitScore value='4100'/>
		<killScore value='2300'/>
		<buildingScore value='1925'/>
		<razingScore value='0'/>
		<mineralScore value='6082'/>
		<gasScore value='640'/>
		<totalScore value='15047'/>
	</player>

	<enemy>
		<race value='Terran'/>
		<unitScore value='7400'/>
		<unitScore value='7400'/>
		<killScore value='8200'/>
		<buildingScore value='2900'/>
		<razingScore value='5775'/>
		<mineralScore value='8346'/>
		<gasScore value='3088'/>
		<totalScore value='35709'/>
	</enemy>

	<scoreRatio value='0.421378'/>
	<timeFitness value='0.159861'/>
	<unitsAverage value='25'/>
</results>
