<results>
	<result value='win'/>
	<start value='2015-05-03.18:17:52'/>
	<end value='2015-05-03.18:18:18'/>
	<frames value='30227'/>
	<gameDuration value='1889'/>

	<player>
		<unitScore value='15475'/>
		<killScore value='30200'/>
		<buildingScore value='4200'/>
		<razingScore value='8400'/>
		<mineralScore value='29470'/>
		<gasScore value='2808'/>
		<totalScore value='90553'/>
	</player>

	<enemy>
		<race value='Terran'/>
		<unitScore value='15400'/>
		<unitScore value='15400'/>
		<killScore value='13600'/>
		<buildingScore value='2800'/>
		<razingScore value='2100'/>
		<mineralScore value='13878'/>
		<gasScore value='4800'/>
		<totalScore value='52578'/>
	</enemy>

	<scoreRatio value='1.72226'/>
	<timeFitness value='0.737639'/>
	<unitsAverage value='83'/>
</results>
