<results>
	<result value='win'/>
	<start value='2015-05-08.17:55:37'/>
	<end value='2015-05-08.17:56:27'/>
	<frames value='37016'/>
	<gameDuration value='2313'/>

	<player>
		<unitScore value='13325'/>
		<killScore value='33100'/>
		<buildingScore value='4500'/>
		<razingScore value='12900'/>
		<mineralScore value='21770'/>
		<gasScore value='3936'/>
		<totalScore value='89531'/>
	</player>

	<enemy>
		<race value='Terran'/>
		<unitScore value='19750'/>
		<unitScore value='19750'/>
		<killScore value='11450'/>
		<buildingScore value='4300'/>
		<razingScore value='4725'/>
		<mineralScore value='16410'/>
		<gasScore value='8248'/>
		<totalScore value='64883'/>
	</enemy>

	<scoreRatio value='1.37988'/>
	<timeFitness value='0.67875'/>
	<unitsAverage value='62'/>
</results>
