<results>
	<result value='win'/>
	<start value='2015-05-08.18:07:02'/>
	<end value='2015-05-08.18:07:32'/>
	<frames value='24554'/>
	<gameDuration value='1534'/>

	<player>
		<unitScore value='9675'/>
		<killScore value='19400'/>
		<buildingScore value='3475'/>
		<razingScore value='8400'/>
		<mineralScore value='14878'/>
		<gasScore value='2104'/>
		<totalScore value='57932'/>
	</player>

	<enemy>
		<race value='Terran'/>
		<unitScore value='10100'/>
		<unitScore value='10100'/>
		<killScore value='9400'/>
		<buildingScore value='2800'/>
		<razingScore value='1725'/>
		<mineralScore value='9802'/>
		<gasScore value='3600'/>
		<totalScore value='37427'/>
	</enemy>

	<scoreRatio value='1.54787'/>
	<timeFitness value='0.786944'/>
	<unitsAverage value='52'/>
</results>
