<results>
	<result value='win'/>
	<start value='2015-05-10.20:21:38'/>
	<end value='2015-05-10.20:23:05'/>
	<frames value='46688'/>
	<gameDuration value='2918'/>

	<player>
		<unitScore value='30725'/>
		<killScore value='45915'/>
		<buildingScore value='4375'/>
		<razingScore value='10980'/>
		<mineralScore value='36366'/>
		<gasScore value='5190'/>
		<totalScore value='133551'/>
	</player>

	<enemy>
		<race value='Zerg'/>
		<unitScore value='23075'/>
		<unitScore value='23075'/>
		<killScore value='36700'/>
		<buildingScore value='3660'/>
		<razingScore value='1800'/>
		<mineralScore value='22566'/>
		<gasScore value='8166'/>
		<totalScore value='95967'/>
	</enemy>

	<scoreRatio value='1.39163'/>
	<timeFitness value='0.594722'/>
	<unitsAverage value='150'/>
</results>
