<results>
	<result value='draw'/>
	<start value='2015-05-10.20:25:58'/>
	<end value='2015-05-10.20:28:05'/>
	<frames value='57601'/>
	<gameDuration value='3600'/>

	<player>
		<unitScore value='37275'/>
		<killScore value='50190'/>
		<buildingScore value='5050'/>
		<razingScore value='10185'/>
		<mineralScore value='39958'/>
		<gasScore value='8338'/>
		<totalScore value='150996'/>
	</player>

	<enemy>
		<race value='Zerg'/>
		<unitScore value='23925'/>
		<unitScore value='23925'/>
		<killScore value='47650'/>
		<buildingScore value='4015'/>
		<razingScore value='225'/>
		<mineralScore value='22974'/>
		<gasScore value='10088'/>
		<totalScore value='108877'/>
	</enemy>

	<scoreRatio value='1.38685'/>
	<timeFitness value='0.5'/>
	<unitsAverage value='157'/>
</results>
