<results>
	<result value='draw'/>
	<start value='2015-05-07.03:27:00'/>
	<end value='2015-05-07.03:28:43'/>
	<frames value='57601'/>
	<gameDuration value='3600'/>

	<player>
		<unitScore value='25225'/>
		<killScore value='41450'/>
		<buildingScore value='2750'/>
		<razingScore value='19275'/>
		<mineralScore value='26186'/>
		<gasScore value='5128'/>
		<totalScore value='120014'/>
	</player>

	<enemy>
		<race value='Protoss'/>
		<unitScore value='23300'/>
		<unitScore value='23300'/>
		<killScore value='40050'/>
		<buildingScore value='8825'/>
		<razingScore value='525'/>
		<mineralScore value='25870'/>
		<gasScore value='6184'/>
		<totalScore value='104754'/>
	</enemy>

	<scoreRatio value='1.14567'/>
	<timeFitness value='0.5'/>
	<unitsAverage value='94'/>
</results>
