<results>
	<result value='loss'/>
	<start value='2015-05-07.03:38:21'/>
	<end value='2015-05-07.03:38:37'/>
	<frames value='17145'/>
	<gameDuration value='1071'/>

	<player>
		<unitScore value='4600'/>
		<killScore value='1500'/>
		<buildingScore value='1850'/>
		<razingScore value='0'/>
		<mineralScore value='6570'/>
		<gasScore value='1192'/>
		<totalScore value='15712'/>
	</player>

	<enemy>
		<race value='Protoss'/>
		<unitScore value='5525'/>
		<unitScore value='5525'/>
		<killScore value='9200'/>
		<buildingScore value='3275'/>
		<razingScore value='5550'/>
		<mineralScore value='8578'/>
		<gasScore value='2536'/>
		<totalScore value='34664'/>
	</enemy>

	<scoreRatio value='0.453266'/>
	<timeFitness value='0.14875'/>
	<unitsAverage value='31'/>
</results>
