<results>
	<result value='win'/>
	<start value='2015-05-07.03:40:48'/>
	<end value='2015-05-07.03:42:56'/>
	<frames value='45386'/>
	<gameDuration value='2836'/>

	<player>
		<unitScore value='36950'/>
		<killScore value='31900'/>
		<buildingScore value='5025'/>
		<razingScore value='17475'/>
		<mineralScore value='42822'/>
		<gasScore value='6664'/>
		<totalScore value='140836'/>
	</player>

	<enemy>
		<race value='Protoss'/>
		<unitScore value='16575'/>
		<unitScore value='16575'/>
		<killScore value='50550'/>
		<buildingScore value='5825'/>
		<razingScore value='0'/>
		<mineralScore value='19806'/>
		<gasScore value='3520'/>
		<totalScore value='96276'/>
	</enemy>

	<scoreRatio value='1.46284'/>
	<timeFitness value='0.606111'/>
	<unitsAverage value='158'/>
</results>
