<results>
	<result value='win'/>
	<start value='2015-05-07.03:45:46'/>
	<end value='2015-05-07.03:46:54'/>
	<frames value='36954'/>
	<gameDuration value='2309'/>

	<player>
		<unitScore value='23950'/>
		<killScore value='31700'/>
		<buildingScore value='4125'/>
		<razingScore value='20625'/>
		<mineralScore value='29054'/>
		<gasScore value='3672'/>
		<totalScore value='113126'/>
	</player>

	<enemy>
		<race value='Protoss'/>
		<unitScore value='16650'/>
		<unitScore value='16650'/>
		<killScore value='26050'/>
		<buildingScore value='6875'/>
		<razingScore value='300'/>
		<mineralScore value='20142'/>
		<gasScore value='5616'/>
		<totalScore value='75633'/>
	</enemy>

	<scoreRatio value='1.49572'/>
	<timeFitness value='0.679306'/>
	<unitsAverage value='99'/>
</results>
