<results>
	<result value='win'/>
	<start value='2015-05-07.03:46:57'/>
	<end value='2015-05-07.03:47:38'/>
	<frames value='25329'/>
	<gameDuration value='1583'/>

	<player>
		<unitScore value='15125'/>
		<killScore value='10000'/>
		<buildingScore value='3875'/>
		<razingScore value='12975'/>
		<mineralScore value='21806'/>
		<gasScore value='2072'/>
		<totalScore value='65853'/>
	</player>

	<enemy>
		<race value='Protoss'/>
		<unitScore value='5000'/>
		<unitScore value='5000'/>
		<killScore value='11650'/>
		<buildingScore value='4325'/>
		<razingScore value='0'/>
		<mineralScore value='15074'/>
		<gasScore value='936'/>
		<totalScore value='36985'/>
	</enemy>

	<scoreRatio value='1.78053'/>
	<timeFitness value='0.780139'/>
	<unitsAverage value='86'/>
</results>
