<results>
	<result value='loss'/>
	<start value='2014-07-09.11:29:37'/>
	<end value='2014-07-09.11:29:42'/>
	<frames value='12402'/>
	<gameDuration value='775'/>

	<player>
		<unitScore value='1575'/>
		<killScore value='200'/>
		<buildingScore value='1250'/>
		<razingScore value='0'/>
		<mineralScore value='2546'/>
		<gasScore value='400'/>
		<totalScore value='5971'/>
	</player>

	<enemy>
		<race value='Protoss'/>
		<unitScore value='3250'/>
		<unitScore value='3250'/>
		<killScore value='3150'/>
		<buildingScore value='1975'/>
		<razingScore value='3750'/>
		<mineralScore value='6106'/>
		<gasScore value='1048'/>
		<totalScore value='19279'/>
	</enemy>

	<scoreRatio value='0.309715'/>
</results>
