<results>
	<result value='loss'/>
	<start value='2015-07-20.18:38:16'/>
	<end value='2015-07-20.18:38:55'/>
	<frames value='29328'/>
	<gameDuration value='1833'/>

	<player>
		<unitScore value='16300'/>
		<killScore value='10700'/>
		<buildingScore value='3650'/>
		<razingScore value='0'/>
		<mineralScore value='21038'/>
		<gasScore value='2200'/>
		<totalScore value='53888'/>
	</player>

	<enemy>
		<race value='Zerg'/>
		<unitScore value='17050'/>
		<killScore value='32600'/>
		<buildingScore value='3595'/>
		<razingScore value='10950'/>
		<mineralScore value='17446'/>
		<gasScore value='6360'/>
		<totalScore value='88001'/>
	</enemy>

	<scoreRatio value='0.612357'/>
	<timeFitness value='0.254583'/>
	<unitsAverage value='65'/>
</results>
