<results>
	<result value='loss'/>
	<start value='2015-07-20.18:41:12'/>
	<end value='2015-07-20.18:41:42'/>
	<frames value='27158'/>
	<gameDuration value='1697'/>

	<player>
		<unitScore value='10625'/>
		<killScore value='7600'/>
		<buildingScore value='2300'/>
		<razingScore value='0'/>
		<mineralScore value='23470'/>
		<gasScore value='1832'/>
		<totalScore value='45827'/>
	</player>

	<enemy>
		<race value='Zerg'/>
		<unitScore value='14425'/>
		<killScore value='21250'/>
		<buildingScore value='3215'/>
		<razingScore value='6900'/>
		<mineralScore value='15298'/>
		<gasScore value='4880'/>
		<totalScore value='65968'/>
	</enemy>

	<scoreRatio value='0.694685'/>
	<timeFitness value='0.235694'/>
	<unitsAverage value='54'/>
</results>
