<results>
	<result value='loss'/>
	<start value='2015-07-20.18:42:45'/>
	<end value='2015-07-20.18:43:23'/>
	<frames value='27871'/>
	<gameDuration value='1741'/>

	<player>
		<unitScore value='12800'/>
		<killScore value='16200'/>
		<buildingScore value='2700'/>
		<razingScore value='0'/>
		<mineralScore value='20382'/>
		<gasScore value='1784'/>
		<totalScore value='53866'/>
	</player>

	<enemy>
		<race value='Zerg'/>
		<unitScore value='16775'/>
		<killScore value='23150'/>
		<buildingScore value='3385'/>
		<razingScore value='8100'/>
		<mineralScore value='16634'/>
		<gasScore value='5680'/>
		<totalScore value='73724'/>
	</enemy>

	<scoreRatio value='0.730644'/>
	<timeFitness value='0.241806'/>
	<unitsAverage value='65'/>
</results>
