<results>
	<result value='loss'/>
	<start value='2015-07-20.18:54:53'/>
	<end value='2015-07-20.18:55:40'/>
	<frames value='29855'/>
	<gameDuration value='1865'/>

	<player>
		<unitScore value='17700'/>
		<killScore value='9950'/>
		<buildingScore value='2900'/>
		<razingScore value='0'/>
		<mineralScore value='17810'/>
		<gasScore value='3008'/>
		<totalScore value='51368'/>
	</player>

	<enemy>
		<race value='Zerg'/>
		<unitScore value='15750'/>
		<killScore value='27900'/>
		<buildingScore value='3870'/>
		<razingScore value='8700'/>
		<mineralScore value='16846'/>
		<gasScore value='5592'/>
		<totalScore value='78658'/>
	</enemy>

	<scoreRatio value='0.653055'/>
	<timeFitness value='0.259028'/>
	<unitsAverage value='71'/>
</results>
