<results>
	<result value='win'/>
	<start value='2015-04-27.00:25:08'/>
	<end value='2015-04-27.00:25:31'/>
	<frames value='24492'/>
	<gameDuration value='1530'/>

	<player>
		<unitScore value='12825'/>
		<killScore value='21500'/>
		<buildingScore value='4025'/>
		<razingScore value='6675'/>
		<mineralScore value='23402'/>
		<gasScore value='2032'/>
		<totalScore value='70459'/>
	</player>

	<enemy>
		<race value='Terran'/>
		<unitScore value='11450'/>
		<unitScore value='11450'/>
		<killScore value='8450'/>
		<buildingScore value='2300'/>
		<razingScore value='300'/>
		<mineralScore value='10674'/>
		<gasScore value='3864'/>
		<totalScore value='37038'/>
	</enemy>

	<scoreRatio value='1.90234'/>
</results>
