<results>
	<result value='win'/>
	<start value='2015-03-27.14:36:51'/>
	<end value='2015-03-27.14:37:13'/>
	<frames value='25949'/>
	<gameDuration value='1621'/>

	<player>
		<unitScore value='14800'/>
		<killScore value='16500'/>
		<buildingScore value='2450'/>
		<razingScore value='11325'/>
		<mineralScore value='17790'/>
		<gasScore value='2416'/>
		<totalScore value='65281'/>
	</player>

	<enemy>
		<race value='Protoss'/>
		<unitScore value='8250'/>
		<unitScore value='8250'/>
		<killScore value='14400'/>
		<buildingScore value='3775'/>
		<razingScore value='0'/>
		<mineralScore value='16286'/>
		<gasScore value='1456'/>
		<totalScore value='44167'/>
	</enemy>

	<scoreRatio value='1.47805'/>
</results>
