<results>
	<result value='loss'/>
	<start value='2015-03-27.14:43:23'/>
	<end value='2015-03-27.14:43:30'/>
	<frames value='15099'/>
	<gameDuration value='943'/>

	<player>
		<unitScore value='3400'/>
		<killScore value='600'/>
		<buildingScore value='1550'/>
		<razingScore value='0'/>
		<mineralScore value='5066'/>
		<gasScore value='936'/>
		<totalScore value='11552'/>
	</player>

	<enemy>
		<race value='Protoss'/>
		<unitScore value='3550'/>
		<unitScore value='3550'/>
		<killScore value='6800'/>
		<buildingScore value='2975'/>
		<razingScore value='4650'/>
		<mineralScore value='7922'/>
		<gasScore value='1392'/>
		<totalScore value='27289'/>
	</enemy>

	<scoreRatio value='0.423321'/>
</results>
