<results>
	<result value='loss'/>
	<start value='2015-03-27.14:45:12'/>
	<end value='2015-03-27.14:45:18'/>
	<frames value='14448'/>
	<gameDuration value='903'/>

	<player>
		<unitScore value='2850'/>
		<killScore value='800'/>
		<buildingScore value='1425'/>
		<razingScore value='0'/>
		<mineralScore value='4090'/>
		<gasScore value='800'/>
		<totalScore value='9965'/>
	</player>

	<enemy>
		<race value='Protoss'/>
		<unitScore value='3650'/>
		<unitScore value='3650'/>
		<killScore value='5700'/>
		<buildingScore value='2425'/>
		<razingScore value='4275'/>
		<mineralScore value='7530'/>
		<gasScore value='1232'/>
		<totalScore value='24812'/>
	</enemy>

	<scoreRatio value='0.40162'/>
</results>
