<results>
	<result value='win'/>
	<start value='2015-05-11.10:25:18'/>
	<end value='2015-05-11.10:25:48'/>
	<frames value='21516'/>
	<gameDuration value='1344'/>

	<player>
		<unitScore value='11825'/>
		<killScore value='15765'/>
		<buildingScore value='3450'/>
		<razingScore value='4800'/>
		<mineralScore value='16866'/>
		<gasScore value='1544'/>
		<totalScore value='54250'/>
	</player>

	<enemy>
		<race value='Zerg'/>
		<unitScore value='7625'/>
		<unitScore value='7625'/>
		<killScore value='9100'/>
		<buildingScore value='1600'/>
		<razingScore value='0'/>
		<mineralScore value='7354'/>
		<gasScore value='2216'/>
		<totalScore value='27895'/>
	</enemy>

	<scoreRatio value='1.94479'/>
	<timeFitness value='0.813333'/>
	<unitsAverage value='71'/>
</results>
