<results>
	<result value='win'/>
	<start value='2015-05-11.10:30:16'/>
	<end value='2015-05-11.10:30:51'/>
	<frames value='23066'/>
	<gameDuration value='1441'/>

	<player>
		<unitScore value='13300'/>
		<killScore value='19840'/>
		<buildingScore value='3375'/>
		<razingScore value='4680'/>
		<mineralScore value='21126'/>
		<gasScore value='1576'/>
		<totalScore value='63897'/>
	</player>

	<enemy>
		<race value='Zerg'/>
		<unitScore value='9725'/>
		<unitScore value='9725'/>
		<killScore value='9400'/>
		<buildingScore value='1560'/>
		<razingScore value='0'/>
		<mineralScore value='9202'/>
		<gasScore value='2936'/>
		<totalScore value='32823'/>
	</enemy>

	<scoreRatio value='1.94671'/>
	<timeFitness value='0.799861'/>
	<unitsAverage value='79'/>
</results>
