<results>
	<result value='win'/>
	<start value='2015-04-27.00:03:02'/>
	<end value='2015-04-27.00:03:40'/>
	<frames value='48238'/>
	<gameDuration value='3014'/>

	<player>
		<unitScore value='19600'/>
		<killScore value='34900'/>
		<buildingScore value='2625'/>
		<razingScore value='15075'/>
		<mineralScore value='20998'/>
		<gasScore value='3936'/>
		<totalScore value='97134'/>
	</player>

	<enemy>
		<race value='Terran'/>
		<unitScore value='18250'/>
		<unitScore value='18250'/>
		<killScore value='29300'/>
		<buildingScore value='5025'/>
		<razingScore value='2100'/>
		<mineralScore value='20930'/>
		<gasScore value='6676'/>
		<totalScore value='82281'/>
	</enemy>

	<scoreRatio value='1.18052'/>
</results>
