<results>
	<result value='loss'/>
	<start value='2015-04-27.00:08:31'/>
	<end value='2015-04-27.00:08:43'/>
	<frames value='20028'/>
	<gameDuration value='1251'/>

	<player>
		<unitScore value='4625'/>
		<killScore value='3550'/>
		<buildingScore value='2000'/>
		<razingScore value='0'/>
		<mineralScore value='6554'/>
		<gasScore value='1056'/>
		<totalScore value='17785'/>
	</player>

	<enemy>
		<race value='Terran'/>
		<unitScore value='7400'/>
		<unitScore value='7400'/>
		<killScore value='9250'/>
		<buildingScore value='2800'/>
		<razingScore value='6000'/>
		<mineralScore value='9442'/>
		<gasScore value='3536'/>
		<totalScore value='38428'/>
	</enemy>

	<scoreRatio value='0.462814'/>
</results>
