<results>
	<result value='loss'/>
	<start value='2015-05-08.18:39:41'/>
	<end value='2015-05-08.18:40:17'/>
	<frames value='52702'/>
	<gameDuration value='3293'/>

	<player>
		<unitScore value='20575'/>
		<killScore value='34150'/>
		<buildingScore value='3100'/>
		<razingScore value='2475'/>
		<mineralScore value='24122'/>
		<gasScore value='2976'/>
		<totalScore value='87398'/>
	</player>

	<enemy>
		<race value='Terran'/>
		<unitScore value='37075'/>
		<unitScore value='37075'/>
		<killScore value='41150'/>
		<buildingScore value='6000'/>
		<razingScore value='9300'/>
		<mineralScore value='26774'/>
		<gasScore value='15610'/>
		<totalScore value='135909'/>
	</enemy>

	<scoreRatio value='0.643063'/>
	<timeFitness value='0.457361'/>
	<unitsAverage value='63'/>
</results>
