<results>
	<result value='loss'/>
	<start value='2015-07-18.04:25:55'/>
	<end value='2015-07-18.04:26:36'/>
	<frames value='36148'/>
	<gameDuration value='2259'/>

	<player>
		<unitScore value='12925'/>
		<killScore value='7000'/>
		<buildingScore value='2425'/>
		<razingScore value='0'/>
		<mineralScore value='19626'/>
		<gasScore value='832'/>
		<totalScore value='42808'/>
	</player>

	<enemy>
		<race value='Protoss'/>
		<unitScore value='21700'/>
		<killScore value='25850'/>
		<buildingScore value='7175'/>
		<razingScore value='7275'/>
		<mineralScore value='24402'/>
		<gasScore value='9656'/>
		<totalScore value='96058'/>
	</enemy>

	<scoreRatio value='0.445647'/>
	<timeFitness value='0.31375'/>
	<unitsAverage value='67'/>
</results>
