<results>
	<result value='loss'/>
	<start value='2015-04-11.19:56:58'/>
	<end value='2015-04-11.19:57:14'/>
	<frames value='17827'/>
	<gameDuration value='1114'/>

	<player>
		<unitScore value='4000'/>
		<killScore value='1600'/>
		<buildingScore value='1700'/>
		<razingScore value='0'/>
		<mineralScore value='5866'/>
		<gasScore value='472'/>
		<totalScore value='13638'/>
	</player>

	<enemy>
		<race value='Protoss'/>
		<unitScore value='3700'/>
		<unitScore value='3700'/>
		<killScore value='8000'/>
		<buildingScore value='3925'/>
		<razingScore value='5100'/>
		<mineralScore value='9642'/>
		<gasScore value='1672'/>
		<totalScore value='32039'/>
	</enemy>

	<scoreRatio value='0.425669'/>
</results>
