<results>
	<result value='loss'/>
	<start value='2015-05-04.03:02:46'/>
	<end value='2015-05-04.03:04:02'/>
	<frames value='47029'/>
	<gameDuration value='2939'/>

	<player>
		<unitScore value='23200'/>
		<killScore value='37350'/>
		<buildingScore value='2125'/>
		<razingScore value='900'/>
		<mineralScore value='24034'/>
		<gasScore value='5202'/>
		<totalScore value='92811'/>
	</player>

	<enemy>
		<race value='Protoss'/>
		<unitScore value='38150'/>
		<unitScore value='38150'/>
		<killScore value='46150'/>
		<buildingScore value='7775'/>
		<razingScore value='6375'/>
		<mineralScore value='33174'/>
		<gasScore value='12632'/>
		<totalScore value='144256'/>
	</enemy>

	<scoreRatio value='0.643377'/>
	<timeFitness value='0.408194'/>
	<unitsAverage value='74'/>
</results>
