<results>
	<result value='win'/>
	<start value='2015-04-14.04:27:54'/>
	<end value='2015-04-14.04:28:22'/>
	<frames value='26600'/>
	<gameDuration value='1662'/>

	<player>
		<unitScore value='15950'/>
		<killScore value='10500'/>
		<buildingScore value='3050'/>
		<razingScore value='17025'/>
		<mineralScore value='19186'/>
		<gasScore value='2008'/>
		<totalScore value='67719'/>
	</player>

	<enemy>
		<race value='Protoss'/>
		<unitScore value='5250'/>
		<unitScore value='5250'/>
		<killScore value='14000'/>
		<buildingScore value='5675'/>
		<razingScore value='0'/>
		<mineralScore value='13290'/>
		<gasScore value='2888'/>
		<totalScore value='41103'/>
	</enemy>

	<scoreRatio value='1.64754'/>
</results>
