<results>
	<result value='loss'/>
	<start value='2015-07-20.02:45:59'/>
	<end value='2015-07-20.02:46:18'/>
	<frames value='23562'/>
	<gameDuration value='1472'/>

	<player>
		<unitScore value='7850'/>
		<killScore value='5100'/>
		<buildingScore value='2275'/>
		<razingScore value='0'/>
		<mineralScore value='11210'/>
		<gasScore value='1880'/>
		<totalScore value='28315'/>
	</player>

	<enemy>
		<race value='Zerg'/>
		<unitScore value='11625'/>
		<killScore value='13300'/>
		<buildingScore value='2955'/>
		<razingScore value='6825'/>
		<mineralScore value='13090'/>
		<gasScore value='3880'/>
		<totalScore value='51675'/>
	</enemy>

	<scoreRatio value='0.547944'/>
	<timeFitness value='0.204444'/>
	<unitsAverage value='49'/>
</results>
