<results>
	<result value='loss'/>
	<start value='2015-03-27.14:45:26'/>
	<end value='2015-03-27.14:45:41'/>
	<frames value='24213'/>
	<gameDuration value='1513'/>

	<player>
		<unitScore value='7950'/>
		<killScore value='5200'/>
		<buildingScore value='2300'/>
		<razingScore value='0'/>
		<mineralScore value='9578'/>
		<gasScore value='968'/>
		<totalScore value='25996'/>
	</player>

	<enemy>
		<race value='Protoss'/>
		<unitScore value='8725'/>
		<unitScore value='8725'/>
		<killScore value='15050'/>
		<buildingScore value='5325'/>
		<razingScore value='6900'/>
		<mineralScore value='13750'/>
		<gasScore value='4448'/>
		<totalScore value='54198'/>
	</enemy>

	<scoreRatio value='0.479649'/>
</results>
