<results>
	<result value='loss'/>
	<start value='2015-03-27.14:47:15'/>
	<end value='2015-03-27.14:47:57'/>
	<frames value='47649'/>
	<gameDuration value='2978'/>

	<player>
		<unitScore value='22500'/>
		<killScore value='40200'/>
		<buildingScore value='2775'/>
		<razingScore value='0'/>
		<mineralScore value='23946'/>
		<gasScore value='3256'/>
		<totalScore value='92677'/>
	</player>

	<enemy>
		<race value='Protoss'/>
		<unitScore value='39825'/>
		<unitScore value='39825'/>
		<killScore value='45100'/>
		<buildingScore value='7175'/>
		<razingScore value='8325'/>
		<mineralScore value='33294'/>
		<gasScore value='13016'/>
		<totalScore value='146735'/>
	</enemy>

	<scoreRatio value='0.631594'/>
</results>
