<results>
	<result value='loss'/>
	<start value='2015-03-27.14:52:50'/>
	<end value='2015-03-27.14:52:57'/>
	<frames value='15068'/>
	<gameDuration value='941'/>

	<player>
		<unitScore value='2325'/>
		<killScore value='400'/>
		<buildingScore value='1600'/>
		<razingScore value='0'/>
		<mineralScore value='4074'/>
		<gasScore value='768'/>
		<totalScore value='9167'/>
	</player>

	<enemy>
		<race value='Protoss'/>
		<unitScore value='3550'/>
		<unitScore value='3550'/>
		<killScore value='4650'/>
		<buildingScore value='2925'/>
		<razingScore value='4800'/>
		<mineralScore value='7946'/>
		<gasScore value='1432'/>
		<totalScore value='25303'/>
	</enemy>

	<scoreRatio value='0.362289'/>
</results>
