<results>
	<result value='win'/>
	<start value='2015-04-09.00:13:56'/>
	<end value='2015-04-09.00:14:54'/>
	<frames value='45727'/>
	<gameDuration value='2857'/>

	<player>
		<unitScore value='30475'/>
		<killScore value='49750'/>
		<buildingScore value='3250'/>
		<razingScore value='21225'/>
		<mineralScore value='29726'/>
		<gasScore value='4816'/>
		<totalScore value='139242'/>
	</player>

	<enemy>
		<race value='Protoss'/>
		<unitScore value='26700'/>
		<unitScore value='26700'/>
		<killScore value='38250'/>
		<buildingScore value='7075'/>
		<razingScore value='150'/>
		<mineralScore value='24738'/>
		<gasScore value='7656'/>
		<totalScore value='104569'/>
	</enemy>

	<scoreRatio value='1.33158'/>
</results>
