<results>
	<result value='win'/>
	<start value='2015-04-08.09:46:35'/>
	<end value='2015-04-08.09:47:04'/>
	<frames value='27530'/>
	<gameDuration value='1720'/>

	<player>
		<unitScore value='16075'/>
		<killScore value='16100'/>
		<buildingScore value='3525'/>
		<razingScore value='10425'/>
		<mineralScore value='23410'/>
		<gasScore value='2584'/>
		<totalScore value='72119'/>
	</player>

	<enemy>
		<race value='Protoss'/>
		<unitScore value='8050'/>
		<unitScore value='8050'/>
		<killScore value='10050'/>
		<buildingScore value='3475'/>
		<razingScore value='0'/>
		<mineralScore value='10806'/>
		<gasScore value='2232'/>
		<totalScore value='34613'/>
	</enemy>

	<scoreRatio value='2.08358'/>
</results>
