<results>
	<result value='win'/>
	<start value='2015-05-11.01:57:01'/>
	<end value='2015-05-11.01:57:32'/>
	<frames value='34102'/>
	<gameDuration value='2131'/>

	<player>
		<unitScore value='16800'/>
		<killScore value='28690'/>
		<buildingScore value='3875'/>
		<razingScore value='10080'/>
		<mineralScore value='21986'/>
		<gasScore value='3640'/>
		<totalScore value='85071'/>
	</player>

	<enemy>
		<race value='Zerg'/>
		<unitScore value='14100'/>
		<unitScore value='14100'/>
		<killScore value='17800'/>
		<buildingScore value='3360'/>
		<razingScore value='2625'/>
		<mineralScore value='15058'/>
		<gasScore value='4104'/>
		<totalScore value='57047'/>
	</enemy>

	<scoreRatio value='1.49124'/>
	<timeFitness value='0.704028'/>
	<unitsAverage value='69'/>
</results>
