<results>
	<result value='draw'/>
	<start value='2015-05-11.01:59:21'/>
	<end value='2015-05-11.02:01:00'/>
	<frames value='57601'/>
	<gameDuration value='3600'/>

	<player>
		<unitScore value='27450'/>
		<killScore value='52910'/>
		<buildingScore value='2725'/>
		<razingScore value='7410'/>
		<mineralScore value='28858'/>
		<gasScore value='5140'/>
		<totalScore value='124493'/>
	</player>

	<enemy>
		<race value='Zerg'/>
		<unitScore value='22775'/>
		<unitScore value='22775'/>
		<killScore value='30700'/>
		<buildingScore value='2770'/>
		<razingScore value='0'/>
		<mineralScore value='19158'/>
		<gasScore value='5258'/>
		<totalScore value='80661'/>
	</enemy>

	<scoreRatio value='1.54341'/>
	<timeFitness value='0.5'/>
	<unitsAverage value='134'/>
</results>
