<results>
	<result value='loss'/>
	<start value='2015-05-10.22:57:49'/>
	<end value='2015-05-10.22:58:23'/>
	<frames value='39186'/>
	<gameDuration value='2449'/>

	<player>
		<unitScore value='16850'/>
		<killScore value='20800'/>
		<buildingScore value='4825'/>
		<razingScore value='675'/>
		<mineralScore value='24358'/>
		<gasScore value='1104'/>
		<totalScore value='68612'/>
	</player>

	<enemy>
		<race value='Zerg'/>
		<unitScore value='21050'/>
		<unitScore value='21050'/>
		<killScore value='33950'/>
		<buildingScore value='4385'/>
		<razingScore value='14475'/>
		<mineralScore value='24426'/>
		<gasScore value='7548'/>
		<totalScore value='105834'/>
	</enemy>

	<scoreRatio value='0.648298'/>
	<timeFitness value='0.340139'/>
	<unitsAverage value='60'/>
</results>
