<results>
	<result value='win'/>
	<start value='2015-05-10.06:19:37'/>
	<end value='2015-05-10.06:20:10'/>
	<frames value='26104'/>
	<gameDuration value='1631'/>

	<player>
		<unitScore value='13075'/>
		<killScore value='12600'/>
		<buildingScore value='3450'/>
		<razingScore value='13275'/>
		<mineralScore value='20138'/>
		<gasScore value='1880'/>
		<totalScore value='64418'/>
	</player>

	<enemy>
		<race value='Protoss'/>
		<unitScore value='6500'/>
		<unitScore value='6500'/>
		<killScore value='8200'/>
		<buildingScore value='4425'/>
		<razingScore value='225'/>
		<mineralScore value='11250'/>
		<gasScore value='3184'/>
		<totalScore value='33784'/>
	</enemy>

	<scoreRatio value='1.90676'/>
	<timeFitness value='0.773472'/>
	<unitsAverage value='76'/>
</results>
