<results>
	<result value='win'/>
	<start value='2015-05-10.06:21:47'/>
	<end value='2015-05-10.06:22:33'/>
	<frames value='29452'/>
	<gameDuration value='1840'/>

	<player>
		<unitScore value='17200'/>
		<killScore value='21850'/>
		<buildingScore value='4450'/>
		<razingScore value='15375'/>
		<mineralScore value='28362'/>
		<gasScore value='3328'/>
		<totalScore value='90565'/>
	</player>

	<enemy>
		<race value='Protoss'/>
		<unitScore value='11850'/>
		<unitScore value='11850'/>
		<killScore value='12650'/>
		<buildingScore value='5125'/>
		<razingScore value='750'/>
		<mineralScore value='13602'/>
		<gasScore value='3712'/>
		<totalScore value='47689'/>
	</enemy>

	<scoreRatio value='1.89908'/>
	<timeFitness value='0.744444'/>
	<unitsAverage value='98'/>
</results>
