<results>
	<result value='loss'/>
	<start value='2015-04-11.03:25:59'/>
	<end value='2015-04-11.03:26:17'/>
	<frames value='19129'/>
	<gameDuration value='1195'/>

	<player>
		<unitScore value='5850'/>
		<killScore value='2200'/>
		<buildingScore value='1700'/>
		<razingScore value='0'/>
		<mineralScore value='6802'/>
		<gasScore value='1256'/>
		<totalScore value='17808'/>
	</player>

	<enemy>
		<race value='Protoss'/>
		<unitScore value='4825'/>
		<unitScore value='4825'/>
		<killScore value='9100'/>
		<buildingScore value='4325'/>
		<razingScore value='5100'/>
		<mineralScore value='10322'/>
		<gasScore value='2464'/>
		<totalScore value='36136'/>
	</enemy>

	<scoreRatio value='0.492805'/>
</results>
