<results>
	<result value='win'/>
	<start value='2015-05-16.23:43:27'/>
	<end value='2015-05-16.23:43:58'/>
	<frames value='23841'/>
	<gameDuration value='1490'/>

	<player>
		<unitScore value='15150'/>
		<killScore value='17140'/>
		<buildingScore value='3675'/>
		<razingScore value='5460'/>
		<mineralScore value='22546'/>
		<gasScore value='2144'/>
		<totalScore value='66115'/>
	</player>

	<enemy>
		<race value='Zerg'/>
		<unitScore value='8075'/>
		<unitScore value='8075'/>
		<killScore value='9250'/>
		<buildingScore value='1820'/>
		<razingScore value='0'/>
		<mineralScore value='8242'/>
		<gasScore value='2280'/>
		<totalScore value='29667'/>
	</enemy>

	<scoreRatio value='2.22857'/>
	<timeFitness value='0.793056'/>
	<unitsAverage value='92'/>
</results>
