<results>
	<result value='loss'/>
	<start value='2014-07-04.13:53:03'/>
	<end value='2014-07-04.13:53:06'/>
	<frames value='7473'/>
	<gameDuration value='467'/>

	<player>
		<unitScore value='1050'/>
		<killScore value='100'/>
		<buildingScore value='625'/>
		<razingScore value='0'/>
		<mineralScore value='1322'/>
		<gasScore value='8'/>
		<totalScore value='3105'/>
	</player>

	<enemy>
		<race value='Zerg'/>
		<unitScore value='1250'/>
		<unitScore value='1250'/>
		<killScore value='2000'/>
		<buildingScore value='440'/>
		<razingScore value='1875'/>
		<mineralScore value='2050'/>
		<gasScore value='24'/>
		<totalScore value='7639'/>
	</enemy>

	<scoreRatio value='0.406467'/>
</results>
