<results>
	<result value='loss'/>
	<start value='2015-05-05.21:31:47'/>
	<end value='2015-05-05.21:31:55'/>
	<frames value='15812'/>
	<gameDuration value='988'/>

	<player>
		<unitScore value='3150'/>
		<killScore value='800'/>
		<buildingScore value='1475'/>
		<razingScore value='0'/>
		<mineralScore value='4618'/>
		<gasScore value='576'/>
		<totalScore value='10619'/>
	</player>

	<enemy>
		<race value='Protoss'/>
		<unitScore value='3550'/>
		<unitScore value='3550'/>
		<killScore value='6300'/>
		<buildingScore value='3225'/>
		<razingScore value='4425'/>
		<mineralScore value='8194'/>
		<gasScore value='1248'/>
		<totalScore value='26942'/>
	</enemy>

	<scoreRatio value='0.394143'/>
	<timeFitness value='0.137222'/>
	<unitsAverage value='23'/>
</results>
