<results>
	<result value='win'/>
	<start value='2015-05-05.21:56:24'/>
	<end value='2015-05-05.21:56:44'/>
	<frames value='24585'/>
	<gameDuration value='1536'/>

	<player>
		<unitScore value='12275'/>
		<killScore value='11100'/>
		<buildingScore value='3475'/>
		<razingScore value='9375'/>
		<mineralScore value='17690'/>
		<gasScore value='2584'/>
		<totalScore value='56499'/>
	</player>

	<enemy>
		<race value='Protoss'/>
		<unitScore value='5550'/>
		<unitScore value='5550'/>
		<killScore value='7300'/>
		<buildingScore value='3125'/>
		<razingScore value='150'/>
		<mineralScore value='9434'/>
		<gasScore value='2376'/>
		<totalScore value='27935'/>
	</enemy>

	<scoreRatio value='2.02252'/>
	<timeFitness value='0.786667'/>
	<unitsAverage value='69'/>
</results>
