<results>
	<result value='loss'/>
	<start value='2015-05-05.21:59:27'/>
	<end value='2015-05-05.21:59:49'/>
	<frames value='32738'/>
	<gameDuration value='2046'/>

	<player>
		<unitScore value='12250'/>
		<killScore value='11300'/>
		<buildingScore value='1250'/>
		<razingScore value='675'/>
		<mineralScore value='12066'/>
		<gasScore value='2136'/>
		<totalScore value='39677'/>
	</player>

	<enemy>
		<race value='Protoss'/>
		<unitScore value='16900'/>
		<unitScore value='16900'/>
		<killScore value='24000'/>
		<buildingScore value='7150'/>
		<razingScore value='3750'/>
		<mineralScore value='21130'/>
		<gasScore value='6976'/>
		<totalScore value='79906'/>
	</enemy>

	<scoreRatio value='0.496546'/>
	<timeFitness value='0.284167'/>
	<unitsAverage value='44'/>
</results>
