<results>
	<result value='win'/>
	<start value='2014-07-23.14:42:54'/>
	<end value='2014-07-23.14:43:36'/>
	<frames value='31777'/>
	<gameDuration value='1986'/>

	<player>
		<unitScore value='19625'/>
		<killScore value='32410'/>
		<buildingScore value='4150'/>
		<razingScore value='6840'/>
		<mineralScore value='34902'/>
		<gasScore value='2208'/>
		<totalScore value='100135'/>
	</player>

	<enemy>
		<race value='Zerg'/>
		<unitScore value='15125'/>
		<unitScore value='15125'/>
		<killScore value='15100'/>
		<buildingScore value='2280'/>
		<razingScore value='0'/>
		<mineralScore value='13478'/>
		<gasScore value='4376'/>
		<totalScore value='50359'/>
	</enemy>

	<scoreRatio value='1.98842'/>
</results>
