<results>
	<result value='win'/>
	<start value='2014-07-23.14:51:54'/>
	<end value='2014-07-23.14:52:28'/>
	<frames value='30196'/>
	<gameDuration value='1887'/>

	<player>
		<unitScore value='20175'/>
		<killScore value='26740'/>
		<buildingScore value='4250'/>
		<razingScore value='6330'/>
		<mineralScore value='27974'/>
		<gasScore value='2080'/>
		<totalScore value='87549'/>
	</player>

	<enemy>
		<race value='Zerg'/>
		<unitScore value='12075'/>
		<unitScore value='12075'/>
		<killScore value='16450'/>
		<buildingScore value='2110'/>
		<razingScore value='150'/>
		<mineralScore value='12198'/>
		<gasScore value='4104'/>
		<totalScore value='47087'/>
	</enemy>

	<scoreRatio value='1.8593'/>
</results>
