<results>
	<result value='win'/>
	<start value='2014-07-23.14:53:46'/>
	<end value='2014-07-23.14:54:16'/>
	<frames value='27220'/>
	<gameDuration value='1701'/>

	<player>
		<unitScore value='19950'/>
		<killScore value='28700'/>
		<buildingScore value='3950'/>
		<razingScore value='6615'/>
		<mineralScore value='26578'/>
		<gasScore value='2608'/>
		<totalScore value='88401'/>
	</player>

	<enemy>
		<race value='Zerg'/>
		<unitScore value='13150'/>
		<unitScore value='13150'/>
		<killScore value='18650'/>
		<buildingScore value='2205'/>
		<razingScore value='0'/>
		<mineralScore value='12638'/>
		<gasScore value='3856'/>
		<totalScore value='50499'/>
	</enemy>

	<scoreRatio value='1.75055'/>
</results>
