<results>
	<result value='loss'/>
	<start value='2015-04-16.21:52:42'/>
	<end value='2015-04-16.21:53:00'/>
	<frames value='19439'/>
	<gameDuration value='1214'/>

	<player>
		<unitScore value='4325'/>
		<killScore value='1700'/>
		<buildingScore value='2075'/>
		<razingScore value='0'/>
		<mineralScore value='6642'/>
		<gasScore value='864'/>
		<totalScore value='15606'/>
	</player>

	<enemy>
		<race value='Protoss'/>
		<unitScore value='4950'/>
		<unitScore value='4950'/>
		<killScore value='8250'/>
		<buildingScore value='4225'/>
		<razingScore value='6225'/>
		<mineralScore value='9986'/>
		<gasScore value='2424'/>
		<totalScore value='36060'/>
	</enemy>

	<scoreRatio value='0.432779'/>
</results>
