<results>
	<result value='loss'/>
	<start value='2015-04-16.21:54:13'/>
	<end value='2015-04-16.21:54:26'/>
	<frames value='14758'/>
	<gameDuration value='922'/>

	<player>
		<unitScore value='2700'/>
		<killScore value='600'/>
		<buildingScore value='1750'/>
		<razingScore value='0'/>
		<mineralScore value='4770'/>
		<gasScore value='608'/>
		<totalScore value='10428'/>
	</player>

	<enemy>
		<race value='Protoss'/>
		<unitScore value='3550'/>
		<unitScore value='3550'/>
		<killScore value='5200'/>
		<buildingScore value='2425'/>
		<razingScore value='5250'/>
		<mineralScore value='7506'/>
		<gasScore value='1312'/>
		<totalScore value='25243'/>
	</enemy>

	<scoreRatio value='0.413105'/>
</results>
