<results>
	<result value='loss'/>
	<start value='2015-05-04.08:11:49'/>
	<end value='2015-05-04.08:11:53'/>
	<frames value='8682'/>
	<gameDuration value='542'/>

	<player>
		<unitScore value='1000'/>
		<killScore value='100'/>
		<buildingScore value='800'/>
		<razingScore value='0'/>
		<mineralScore value='1674'/>
		<gasScore value='0'/>
		<totalScore value='3574'/>
	</player>

	<enemy>
		<race value='Zerg'/>
		<unitScore value='1500'/>
		<unitScore value='1500'/>
		<killScore value='2000'/>
		<buildingScore value='860'/>
		<razingScore value='2400'/>
		<mineralScore value='2626'/>
		<gasScore value='136'/>
		<totalScore value='9522'/>
	</enemy>

	<scoreRatio value='0.375341'/>
	<timeFitness value='0.0752778'/>
	<unitsAverage value='10'/>
</results>
