<results>
	<result value='win'/>
	<start value='2015-04-29.19:03:14'/>
	<end value='2015-04-29.19:04:08'/>
	<frames value='35373'/>
	<gameDuration value='2210'/>

	<player>
		<unitScore value='21825'/>
		<killScore value='26450'/>
		<buildingScore value='4200'/>
		<razingScore value='15825'/>
		<mineralScore value='28258'/>
		<gasScore value='2328'/>
		<totalScore value='98886'/>
	</player>

	<enemy>
		<race value='Protoss'/>
		<unitScore value='13925'/>
		<unitScore value='13925'/>
		<killScore value='20600'/>
		<buildingScore value='5275'/>
		<razingScore value='1575'/>
		<mineralScore value='16198'/>
		<gasScore value='5480'/>
		<totalScore value='63053'/>
	</enemy>

	<scoreRatio value='1.5683'/>
</results>
