<results>
	<result value='loss'/>
	<start value='2015-04-29.19:09:08'/>
	<end value='2015-04-29.19:09:17'/>
	<frames value='15936'/>
	<gameDuration value='996'/>

	<player>
		<unitScore value='2650'/>
		<killScore value='1600'/>
		<buildingScore value='1475'/>
		<razingScore value='0'/>
		<mineralScore value='4114'/>
		<gasScore value='576'/>
		<totalScore value='10415'/>
	</player>

	<enemy>
		<race value='Protoss'/>
		<unitScore value='3600'/>
		<unitScore value='3600'/>
		<killScore value='5300'/>
		<buildingScore value='3875'/>
		<razingScore value='4425'/>
		<mineralScore value='8506'/>
		<gasScore value='1664'/>
		<totalScore value='27370'/>
	</enemy>

	<scoreRatio value='0.380526'/>
</results>
