<results>
	<result value='win'/>
	<start value='2015-04-29.19:10:28'/>
	<end value='2015-04-29.19:11:14'/>
	<frames value='33885'/>
	<gameDuration value='2117'/>

	<player>
		<unitScore value='20000'/>
		<killScore value='12450'/>
		<buildingScore value='3975'/>
		<razingScore value='19425'/>
		<mineralScore value='24554'/>
		<gasScore value='3136'/>
		<totalScore value='83540'/>
	</player>

	<enemy>
		<race value='Protoss'/>
		<unitScore value='6225'/>
		<unitScore value='6225'/>
		<killScore value='16800'/>
		<buildingScore value='6475'/>
		<razingScore value='1800'/>
		<mineralScore value='16250'/>
		<gasScore value='3192'/>
		<totalScore value='50742'/>
	</enemy>

	<scoreRatio value='1.64637'/>
</results>
