<results>
	<result value='loss'/>
	<start value='2015-04-26.03:22:25'/>
	<end value='2015-04-26.03:22:43'/>
	<frames value='27871'/>
	<gameDuration value='1741'/>

	<player>
		<unitScore value='7250'/>
		<killScore value='5950'/>
		<buildingScore value='2725'/>
		<razingScore value='1350'/>
		<mineralScore value='9978'/>
		<gasScore value='1392'/>
		<totalScore value='28645'/>
	</player>

	<enemy>
		<race value='Terran'/>
		<unitScore value='8650'/>
		<unitScore value='8650'/>
		<killScore value='14500'/>
		<buildingScore value='3375'/>
		<razingScore value='8175'/>
		<mineralScore value='11470'/>
		<gasScore value='5184'/>
		<totalScore value='51354'/>
	</enemy>

	<scoreRatio value='0.557795'/>
</results>
