<results>
	<result value='loss'/>
	<start value='2015-04-09.03:18:01'/>
	<end value='2015-04-09.03:18:40'/>
	<frames value='46502'/>
	<gameDuration value='2906'/>

	<player>
		<unitScore value='18725'/>
		<killScore value='20700'/>
		<buildingScore value='3275'/>
		<razingScore value='3300'/>
		<mineralScore value='21662'/>
		<gasScore value='4978'/>
		<totalScore value='72640'/>
	</player>

	<enemy>
		<race value='Protoss'/>
		<unitScore value='24400'/>
		<unitScore value='24400'/>
		<killScore value='37450'/>
		<buildingScore value='8125'/>
		<razingScore value='9825'/>
		<mineralScore value='26022'/>
		<gasScore value='8366'/>
		<totalScore value='114188'/>
	</enemy>

	<scoreRatio value='0.636144'/>
</results>
