<results>
	<result value='loss'/>
	<start value='2015-04-12.12:10:03'/>
	<end value='2015-04-12.12:10:30'/>
	<frames value='28243'/>
	<gameDuration value='1765'/>

	<player>
		<unitScore value='6150'/>
		<killScore value='3000'/>
		<buildingScore value='2050'/>
		<razingScore value='0'/>
		<mineralScore value='8466'/>
		<gasScore value='1712'/>
		<totalScore value='21378'/>
	</player>

	<enemy>
		<race value='Protoss'/>
		<unitScore value='13850'/>
		<unitScore value='13850'/>
		<killScore value='12300'/>
		<buildingScore value='5975'/>
		<razingScore value='6150'/>
		<mineralScore value='18606'/>
		<gasScore value='6696'/>
		<totalScore value='63577'/>
	</enemy>

	<scoreRatio value='0.336254'/>
</results>
