<results>
	<result value='loss'/>
	<start value='2015-04-12.12:10:33'/>
	<end value='2015-04-12.12:11:12'/>
	<frames value='33048'/>
	<gameDuration value='2065'/>

	<player>
		<unitScore value='10475'/>
		<killScore value='6000'/>
		<buildingScore value='2125'/>
		<razingScore value='1050'/>
		<mineralScore value='12478'/>
		<gasScore value='1248'/>
		<totalScore value='33376'/>
	</player>

	<enemy>
		<race value='Protoss'/>
		<unitScore value='18000'/>
		<unitScore value='18000'/>
		<killScore value='20950'/>
		<buildingScore value='7275'/>
		<razingScore value='6375'/>
		<mineralScore value='21802'/>
		<gasScore value='8504'/>
		<totalScore value='82906'/>
	</enemy>

	<scoreRatio value='0.402576'/>
</results>
