<results>
	<result value='loss'/>
	<start value='2015-04-12.12:14:06'/>
	<end value='2015-04-12.12:14:24'/>
	<frames value='19532'/>
	<gameDuration value='1220'/>

	<player>
		<unitScore value='4925'/>
		<killScore value='2900'/>
		<buildingScore value='1850'/>
		<razingScore value='0'/>
		<mineralScore value='6858'/>
		<gasScore value='1176'/>
		<totalScore value='17709'/>
	</player>

	<enemy>
		<race value='Protoss'/>
		<unitScore value='5675'/>
		<unitScore value='5675'/>
		<killScore value='9850'/>
		<buildingScore value='4275'/>
		<razingScore value='5550'/>
		<mineralScore value='10034'/>
		<gasScore value='3256'/>
		<totalScore value='38640'/>
	</enemy>

	<scoreRatio value='0.458307'/>
</results>
