<results>
	<result value='loss'/>
	<start value='2015-07-14.05:22:26'/>
	<end value='2015-07-14.05:23:18'/>
	<frames value='41728'/>
	<gameDuration value='2608'/>

	<player>
		<unitScore value='24950'/>
		<killScore value='15800'/>
		<buildingScore value='3025'/>
		<razingScore value='2400'/>
		<mineralScore value='27082'/>
		<gasScore value='4096'/>
		<totalScore value='77353'/>
	</player>

	<enemy>
		<race value='Protoss'/>
		<unitScore value='23350'/>
		<killScore value='49900'/>
		<buildingScore value='7575'/>
		<razingScore value='9075'/>
		<mineralScore value='28498'/>
		<gasScore value='8478'/>
		<totalScore value='126876'/>
	</enemy>

	<scoreRatio value='0.609674'/>
	<timeFitness value='0.362222'/>
	<unitsAverage value='65'/>
</results>
