<results>
	<result value='loss'/>
	<start value='2015-07-14.05:33:48'/>
	<end value='2015-07-14.05:34:36'/>
	<frames value='37078'/>
	<gameDuration value='2317'/>

	<player>
		<unitScore value='21800'/>
		<killScore value='13150'/>
		<buildingScore value='2700'/>
		<razingScore value='3150'/>
		<mineralScore value='24794'/>
		<gasScore value='2912'/>
		<totalScore value='68506'/>
	</player>

	<enemy>
		<race value='Protoss'/>
		<unitScore value='19125'/>
		<killScore value='40800'/>
		<buildingScore value='7875'/>
		<razingScore value='8100'/>
		<mineralScore value='23042'/>
		<gasScore value='8352'/>
		<totalScore value='107294'/>
	</enemy>

	<scoreRatio value='0.638489'/>
	<timeFitness value='0.321806'/>
	<unitsAverage value='67'/>
</results>
