<results>
	<result value='loss'/>
	<start value='2015-04-10.21:14:32'/>
	<end value='2015-04-10.21:15:40'/>
	<frames value='50222'/>
	<gameDuration value='3138'/>

	<player>
		<unitScore value='21500'/>
		<killScore value='45900'/>
		<buildingScore value='2850'/>
		<razingScore value='300'/>
		<mineralScore value='23854'/>
		<gasScore value='1744'/>
		<totalScore value='96148'/>
	</player>

	<enemy>
		<race value='Protoss'/>
		<unitScore value='42050'/>
		<unitScore value='42050'/>
		<killScore value='43000'/>
		<buildingScore value='7125'/>
		<razingScore value='8550'/>
		<mineralScore value='34482'/>
		<gasScore value='14820'/>
		<totalScore value='150027'/>
	</enemy>

	<scoreRatio value='0.640871'/>
</results>
