<results>
	<result value='win'/>
	<start value='2015-04-10.21:16:36'/>
	<end value='2015-04-10.21:17:49'/>
	<frames value='34071'/>
	<gameDuration value='2129'/>

	<player>
		<unitScore value='23900'/>
		<killScore value='31850'/>
		<buildingScore value='4250'/>
		<razingScore value='19350'/>
		<mineralScore value='31642'/>
		<gasScore value='3472'/>
		<totalScore value='114464'/>
	</player>

	<enemy>
		<race value='Protoss'/>
		<unitScore value='17025'/>
		<unitScore value='17025'/>
		<killScore value='23750'/>
		<buildingScore value='6450'/>
		<razingScore value='1200'/>
		<mineralScore value='23830'/>
		<gasScore value='6192'/>
		<totalScore value='78447'/>
	</enemy>

	<scoreRatio value='1.45913'/>
</results>
