<results>
	<result value='loss'/>
	<start value='2015-05-02.17:50:45'/>
	<end value='2015-05-02.17:51:27'/>
	<frames value='51214'/>
	<gameDuration value='3200'/>

	<player>
		<unitScore value='24650'/>
		<killScore value='52550'/>
		<buildingScore value='2325'/>
		<razingScore value='2700'/>
		<mineralScore value='24002'/>
		<gasScore value='5472'/>
		<totalScore value='111699'/>
	</player>

	<enemy>
		<race value='Protoss'/>
		<unitScore value='43350'/>
		<unitScore value='43350'/>
		<killScore value='49150'/>
		<buildingScore value='7875'/>
		<razingScore value='6975'/>
		<mineralScore value='35202'/>
		<gasScore value='13748'/>
		<totalScore value='156300'/>
	</enemy>

	<scoreRatio value='0.714645'/>
	<timeFitness value='0.444444'/>
	<unitsAverage value='79'/>
</results>
