<results>
	<result value='loss'/>
	<start value='2015-05-09.20:18:48'/>
	<end value='2015-05-09.20:18:56'/>
	<frames value='16060'/>
	<gameDuration value='1003'/>

	<player>
		<unitScore value='3075'/>
		<killScore value='1200'/>
		<buildingScore value='1450'/>
		<razingScore value='0'/>
		<mineralScore value='4586'/>
		<gasScore value='584'/>
		<totalScore value='10895'/>
	</player>

	<enemy>
		<race value='Protoss'/>
		<unitScore value='3550'/>
		<unitScore value='3550'/>
		<killScore value='6050'/>
		<buildingScore value='3775'/>
		<razingScore value='4350'/>
		<mineralScore value='8314'/>
		<gasScore value='1536'/>
		<totalScore value='27575'/>
	</enemy>

	<scoreRatio value='0.395104'/>
	<timeFitness value='0.139306'/>
	<unitsAverage value='20'/>
</results>
