<results>
	<result value='loss'/>
	<start value='2015-05-02.17:56:25'/>
	<end value='2015-05-02.17:56:30'/>
	<frames value='13611'/>
	<gameDuration value='850'/>

	<player>
		<unitScore value='2500'/>
		<killScore value='400'/>
		<buildingScore value='1475'/>
		<razingScore value='0'/>
		<mineralScore value='4138'/>
		<gasScore value='736'/>
		<totalScore value='9249'/>
	</player>

	<enemy>
		<race value='Protoss'/>
		<unitScore value='3550'/>
		<unitScore value='3550'/>
		<killScore value='5000'/>
		<buildingScore value='2375'/>
		<razingScore value='4425'/>
		<mineralScore value='6810'/>
		<gasScore value='1184'/>
		<totalScore value='23344'/>
	</enemy>

	<scoreRatio value='0.396205'/>
	<timeFitness value='0.118056'/>
	<unitsAverage value='22'/>
</results>
