<results>
	<result value='loss'/>
	<start value='2015-05-09.20:20:35'/>
	<end value='2015-05-09.20:20:43'/>
	<frames value='14727'/>
	<gameDuration value='920'/>

	<player>
		<unitScore value='2400'/>
		<killScore value='1400'/>
		<buildingScore value='1575'/>
		<razingScore value='0'/>
		<mineralScore value='4162'/>
		<gasScore value='568'/>
		<totalScore value='10105'/>
	</player>

	<enemy>
		<race value='Protoss'/>
		<unitScore value='3550'/>
		<unitScore value='3550'/>
		<killScore value='4800'/>
		<buildingScore value='2275'/>
		<razingScore value='4725'/>
		<mineralScore value='7378'/>
		<gasScore value='1192'/>
		<totalScore value='23920'/>
	</enemy>

	<scoreRatio value='0.42245'/>
	<timeFitness value='0.127778'/>
	<unitsAverage value='21'/>
</results>
