<results>
	<result value='loss'/>
	<start value='2015-04-26.11:27:39'/>
	<end value='2015-04-26.11:27:48'/>
	<frames value='18695'/>
	<gameDuration value='1168'/>

	<player>
		<unitScore value='4325'/>
		<killScore value='1050'/>
		<buildingScore value='1675'/>
		<razingScore value='0'/>
		<mineralScore value='6130'/>
		<gasScore value='800'/>
		<totalScore value='13980'/>
	</player>

	<enemy>
		<race value='Terran'/>
		<unitScore value='6850'/>
		<unitScore value='6850'/>
		<killScore value='8650'/>
		<buildingScore value='2900'/>
		<razingScore value='5025'/>
		<mineralScore value='8594'/>
		<gasScore value='2944'/>
		<totalScore value='34963'/>
	</enemy>

	<scoreRatio value='0.399851'/>
</results>
