<results>
	<result value='win'/>
	<start value='2015-04-26.11:29:54'/>
	<end value='2015-04-26.11:30:25'/>
	<frames value='30971'/>
	<gameDuration value='1935'/>

	<player>
		<unitScore value='16650'/>
		<killScore value='21700'/>
		<buildingScore value='4450'/>
		<razingScore value='5850'/>
		<mineralScore value='26770'/>
		<gasScore value='1816'/>
		<totalScore value='77236'/>
	</player>

	<enemy>
		<race value='Terran'/>
		<unitScore value='10850'/>
		<unitScore value='10850'/>
		<killScore value='13750'/>
		<buildingScore value='1950'/>
		<razingScore value='1425'/>
		<mineralScore value='12050'/>
		<gasScore value='3752'/>
		<totalScore value='43777'/>
	</enemy>

	<scoreRatio value='1.76431'/>
</results>
