<results>
	<result value='win'/>
	<start value='2014-07-22.22:03:12'/>
	<end value='2014-07-22.22:04:35'/>
	<frames value='50656'/>
	<gameDuration value='3166'/>

	<player>
		<unitScore value='28050'/>
		<killScore value='42650'/>
		<buildingScore value='4000'/>
		<razingScore value='15825'/>
		<mineralScore value='38986'/>
		<gasScore value='6488'/>
		<totalScore value='135999'/>
	</player>

	<enemy>
		<race value='Protoss'/>
		<unitScore value='22100'/>
		<unitScore value='22100'/>
		<killScore value='26800'/>
		<buildingScore value='5275'/>
		<razingScore value='300'/>
		<mineralScore value='24050'/>
		<gasScore value='5638'/>
		<totalScore value='84163'/>
	</enemy>

	<scoreRatio value='1.6159'/>
</results>
