<results>
	<result value='win'/>
	<start value='2014-07-22.22:11:03'/>
	<end value='2014-07-22.22:11:48'/>
	<frames value='36830'/>
	<gameDuration value='2301'/>

	<player>
		<unitScore value='24875'/>
		<killScore value='31650'/>
		<buildingScore value='4325'/>
		<razingScore value='23550'/>
		<mineralScore value='30734'/>
		<gasScore value='2896'/>
		<totalScore value='118030'/>
	</player>

	<enemy>
		<race value='Protoss'/>
		<unitScore value='16525'/>
		<unitScore value='16525'/>
		<killScore value='25700'/>
		<buildingScore value='7850'/>
		<razingScore value='300'/>
		<mineralScore value='19410'/>
		<gasScore value='7856'/>
		<totalScore value='77641'/>
	</enemy>

	<scoreRatio value='1.5202'/>
</results>
