<results>
	<result value='loss'/>
	<start value='2014-07-22.22:12:49'/>
	<end value='2014-07-22.22:12:55'/>
	<frames value='14944'/>
	<gameDuration value='934'/>

	<player>
		<unitScore value='1400'/>
		<killScore value='600'/>
		<buildingScore value='1400'/>
		<razingScore value='0'/>
		<mineralScore value='2714'/>
		<gasScore value='480'/>
		<totalScore value='6594'/>
	</player>

	<enemy>
		<race value='Protoss'/>
		<unitScore value='3550'/>
		<unitScore value='3550'/>
		<killScore value='2700'/>
		<buildingScore value='2475'/>
		<razingScore value='4200'/>
		<mineralScore value='7522'/>
		<gasScore value='1280'/>
		<totalScore value='21727'/>
	</enemy>

	<scoreRatio value='0.303493'/>
</results>
