<results>
	<result value='win'/>
	<start value='2015-04-13.22:44:30'/>
	<end value='2015-04-13.22:44:50'/>
	<frames value='27375'/>
	<gameDuration value='1710'/>

	<player>
		<unitScore value='14025'/>
		<killScore value='13750'/>
		<buildingScore value='4400'/>
		<razingScore value='10875'/>
		<mineralScore value='20442'/>
		<gasScore value='3040'/>
		<totalScore value='66532'/>
	</player>

	<enemy>
		<race value='Protoss'/>
		<unitScore value='7225'/>
		<unitScore value='7225'/>
		<killScore value='10700'/>
		<buildingScore value='3625'/>
		<razingScore value='150'/>
		<mineralScore value='9242'/>
		<gasScore value='2320'/>
		<totalScore value='33262'/>
	</enemy>

	<scoreRatio value='2.00024'/>
</results>
