<results>
	<result value='loss'/>
	<start value='2015-04-13.22:46:28'/>
	<end value='2015-04-13.22:47:01'/>
	<frames value='46905'/>
	<gameDuration value='2931'/>

	<player>
		<unitScore value='22100'/>
		<killScore value='32850'/>
		<buildingScore value='2950'/>
		<razingScore value='2850'/>
		<mineralScore value='24098'/>
		<gasScore value='3816'/>
		<totalScore value='88664'/>
	</player>

	<enemy>
		<race value='Protoss'/>
		<unitScore value='35850'/>
		<unitScore value='35850'/>
		<killScore value='44200'/>
		<buildingScore value='8425'/>
		<razingScore value='8850'/>
		<mineralScore value='32994'/>
		<gasScore value='11258'/>
		<totalScore value='141577'/>
	</enemy>

	<scoreRatio value='0.62626'/>
</results>
