<results>
	<result value='loss'/>
	<start value='2015-07-11.18:59:53'/>
	<end value='2015-07-11.19:00:39'/>
	<frames value='40860'/>
	<gameDuration value='2553'/>

	<player>
		<unitScore value='25400'/>
		<killScore value='13900'/>
		<buildingScore value='3225'/>
		<razingScore value='3600'/>
		<mineralScore value='26130'/>
		<gasScore value='3032'/>
		<totalScore value='75287'/>
	</player>

	<enemy>
		<race value='Protoss'/>
		<unitScore value='22650'/>
		<killScore value='41600'/>
		<buildingScore value='8725'/>
		<razingScore value='9675'/>
		<mineralScore value='27162'/>
		<gasScore value='8910'/>
		<totalScore value='118722'/>
	</enemy>

	<scoreRatio value='0.634145'/>
	<timeFitness value='0.354583'/>
	<unitsAverage value='89'/>
</results>
