<results>
	<result value='loss'/>
	<start value='2015-07-19.06:53:57'/>
	<end value='2015-07-19.06:54:33'/>
	<frames value='32955'/>
	<gameDuration value='2059'/>

	<player>
		<unitScore value='18325'/>
		<killScore value='11150'/>
		<buildingScore value='4575'/>
		<razingScore value='0'/>
		<mineralScore value='31770'/>
		<gasScore value='2704'/>
		<totalScore value='68524'/>
	</player>

	<enemy>
		<race value='Zerg'/>
		<unitScore value='13025'/>
		<killScore value='36650'/>
		<buildingScore value='2610'/>
		<razingScore value='13725'/>
		<mineralScore value='13786'/>
		<gasScore value='4680'/>
		<totalScore value='84476'/>
	</enemy>

	<scoreRatio value='0.811165'/>
	<timeFitness value='0.285972'/>
	<unitsAverage value='64'/>
</results>
