<results>
	<result value='win'/>
	<start value='2015-05-02.22:10:39'/>
	<end value='2015-05-02.22:10:54'/>
	<frames value='19532'/>
	<gameDuration value='1220'/>

	<player>
		<unitScore value='7050'/>
		<killScore value='9750'/>
		<buildingScore value='1175'/>
		<razingScore value='4500'/>
		<mineralScore value='7826'/>
		<gasScore value='800'/>
		<totalScore value='31101'/>
	</player>

	<enemy>
		<race value='Terran'/>
		<unitScore value='4875'/>
		<unitScore value='4875'/>
		<killScore value='6050'/>
		<buildingScore value='1500'/>
		<razingScore value='300'/>
		<mineralScore value='8378'/>
		<gasScore value='2200'/>
		<totalScore value='23303'/>
	</enemy>

	<scoreRatio value='1.33464'/>
	<timeFitness value='0.830556'/>
	<unitsAverage value='38'/>
</results>
