<results>
	<result value='win'/>
	<start value='2015-05-07.15:56:17'/>
	<end value='2015-05-07.15:56:35'/>
	<frames value='26073'/>
	<gameDuration value='1629'/>

	<player>
		<unitScore value='12325'/>
		<killScore value='18550'/>
		<buildingScore value='3225'/>
		<razingScore value='5850'/>
		<mineralScore value='19058'/>
		<gasScore value='2776'/>
		<totalScore value='61784'/>
	</player>

	<enemy>
		<race value='Terran'/>
		<unitScore value='9275'/>
		<unitScore value='9275'/>
		<killScore value='9150'/>
		<buildingScore value='1950'/>
		<razingScore value='1500'/>
		<mineralScore value='11082'/>
		<gasScore value='3056'/>
		<totalScore value='36013'/>
	</enemy>

	<scoreRatio value='1.7156'/>
	<timeFitness value='0.77375'/>
	<unitsAverage value='72'/>
</results>
