<results>
	<result value='loss'/>
	<start value='2015-05-07.15:58:51'/>
	<end value='2015-05-07.15:59:37'/>
	<frames value='55182'/>
	<gameDuration value='3448'/>

	<player>
		<unitScore value='20475'/>
		<killScore value='18950'/>
		<buildingScore value='3275'/>
		<razingScore value='2025'/>
		<mineralScore value='28458'/>
		<gasScore value='1208'/>
		<totalScore value='74391'/>
	</player>

	<enemy>
		<race value='Terran'/>
		<unitScore value='26525'/>
		<unitScore value='26525'/>
		<killScore value='40950'/>
		<buildingScore value='5200'/>
		<razingScore value='9825'/>
		<mineralScore value='30986'/>
		<gasScore value='12168'/>
		<totalScore value='125654'/>
	</enemy>

	<scoreRatio value='0.592031'/>
	<timeFitness value='0.478889'/>
	<unitsAverage value='69'/>
</results>
