<results>
	<result value='loss'/>
	<start value='2015-07-19.12:38:07'/>
	<end value='2015-07-19.12:38:38'/>
	<frames value='30382'/>
	<gameDuration value='1898'/>

	<player>
		<unitScore value='15575'/>
		<killScore value='10250'/>
		<buildingScore value='2925'/>
		<razingScore value='0'/>
		<mineralScore value='20230'/>
		<gasScore value='2760'/>
		<totalScore value='51740'/>
	</player>

	<enemy>
		<race value='Zerg'/>
		<unitScore value='16200'/>
		<killScore value='31150'/>
		<buildingScore value='3710'/>
		<razingScore value='8775'/>
		<mineralScore value='19234'/>
		<gasScore value='5848'/>
		<totalScore value='84917'/>
	</enemy>

	<scoreRatio value='0.609301'/>
	<timeFitness value='0.263611'/>
	<unitsAverage value='52'/>
</results>
