<results>
	<result value='win'/>
	<start value='2015-05-03.00:22:57'/>
	<end value='2015-05-03.00:23:08'/>
	<frames value='18230'/>
	<gameDuration value='1139'/>

	<player>
		<unitScore value='6625'/>
		<killScore value='11650'/>
		<buildingScore value='2100'/>
		<razingScore value='4125'/>
		<mineralScore value='9650'/>
		<gasScore value='1272'/>
		<totalScore value='35422'/>
	</player>

	<enemy>
		<race value='Terran'/>
		<unitScore value='5825'/>
		<unitScore value='5825'/>
		<killScore value='5500'/>
		<buildingScore value='1450'/>
		<razingScore value='1200'/>
		<mineralScore value='7746'/>
		<gasScore value='2440'/>
		<totalScore value='24161'/>
	</enemy>

	<scoreRatio value='1.46608'/>
	<timeFitness value='0.841806'/>
	<unitsAverage value='43'/>
</results>
