<results>
	<result value='win'/>
	<start value='2015-05-03.00:36:03'/>
	<end value='2015-05-03.00:37:00'/>
	<frames value='40085'/>
	<gameDuration value='2505'/>

	<player>
		<unitScore value='25400'/>
		<killScore value='25400'/>
		<buildingScore value='5225'/>
		<razingScore value='7350'/>
		<mineralScore value='41422'/>
		<gasScore value='4368'/>
		<totalScore value='109165'/>
	</player>

	<enemy>
		<race value='Terran'/>
		<unitScore value='12700'/>
		<unitScore value='12700'/>
		<killScore value='28100'/>
		<buildingScore value='2450'/>
		<razingScore value='1575'/>
		<mineralScore value='12042'/>
		<gasScore value='4648'/>
		<totalScore value='61515'/>
	</enemy>

	<scoreRatio value='1.77461'/>
	<timeFitness value='0.652083'/>
	<unitsAverage value='131'/>
</results>
