<results>
	<result value='loss'/>
	<start value='2015-04-10.19:38:51'/>
	<end value='2015-04-10.19:39:35'/>
	<frames value='38442'/>
	<gameDuration value='2402'/>

	<player>
		<unitScore value='13150'/>
		<killScore value='15100'/>
		<buildingScore value='2325'/>
		<razingScore value='1050'/>
		<mineralScore value='16026'/>
		<gasScore value='3376'/>
		<totalScore value='51027'/>
	</player>

	<enemy>
		<race value='Protoss'/>
		<unitScore value='25200'/>
		<unitScore value='25200'/>
		<killScore value='26400'/>
		<buildingScore value='7525'/>
		<razingScore value='6975'/>
		<mineralScore value='25978'/>
		<gasScore value='10126'/>
		<totalScore value='102204'/>
	</enemy>

	<scoreRatio value='0.499266'/>
</results>
