<results>
	<result value='win'/>
	<start value='2015-05-03.14:09:56'/>
	<end value='2015-05-03.14:10:24'/>
	<frames value='30320'/>
	<gameDuration value='1895'/>

	<player>
		<unitScore value='18000'/>
		<killScore value='35340'/>
		<buildingScore value='3925'/>
		<razingScore value='7200'/>
		<mineralScore value='22466'/>
		<gasScore value='3416'/>
		<totalScore value='90347'/>
	</player>

	<enemy>
		<race value='Zerg'/>
		<unitScore value='15525'/>
		<unitScore value='15525'/>
		<killScore value='17550'/>
		<buildingScore value='2400'/>
		<razingScore value='2025'/>
		<mineralScore value='13714'/>
		<gasScore value='3952'/>
		<totalScore value='55166'/>
	</enemy>

	<scoreRatio value='1.63773'/>
	<timeFitness value='0.736806'/>
	<unitsAverage value='85'/>
</results>
