<results>
	<result value='win'/>
	<start value='2015-05-03.14:11:59'/>
	<end value='2015-05-03.14:12:23'/>
	<frames value='27871'/>
	<gameDuration value='1741'/>

	<player>
		<unitScore value='14775'/>
		<killScore value='26900'/>
		<buildingScore value='4300'/>
		<razingScore value='4680'/>
		<mineralScore value='22218'/>
		<gasScore value='2504'/>
		<totalScore value='75377'/>
	</player>

	<enemy>
		<race value='Zerg'/>
		<unitScore value='11750'/>
		<unitScore value='11750'/>
		<killScore value='9900'/>
		<buildingScore value='1560'/>
		<razingScore value='0'/>
		<mineralScore value='10870'/>
		<gasScore value='3184'/>
		<totalScore value='37264'/>
	</enemy>

	<scoreRatio value='2.02278'/>
	<timeFitness value='0.758194'/>
	<unitsAverage value='74'/>
</results>
