<results>
	<result value='win'/>
	<start value='2015-05-03.14:17:16'/>
	<end value='2015-05-03.14:17:52'/>
	<frames value='31994'/>
	<gameDuration value='1999'/>

	<player>
		<unitScore value='20325'/>
		<killScore value='27240'/>
		<buildingScore value='4525'/>
		<razingScore value='6405'/>
		<mineralScore value='25958'/>
		<gasScore value='2256'/>
		<totalScore value='86709'/>
	</player>

	<enemy>
		<race value='Zerg'/>
		<unitScore value='11950'/>
		<unitScore value='11950'/>
		<killScore value='16750'/>
		<buildingScore value='2135'/>
		<razingScore value='0'/>
		<mineralScore value='12118'/>
		<gasScore value='3736'/>
		<totalScore value='46689'/>
	</enemy>

	<scoreRatio value='1.85716'/>
	<timeFitness value='0.722361'/>
	<unitsAverage value='101'/>
</results>
