<results>
	<result value='win'/>
	<start value='2015-05-03.14:23:16'/>
	<end value='2015-05-03.14:24:18'/>
	<frames value='52888'/>
	<gameDuration value='3305'/>

	<player>
		<unitScore value='23650'/>
		<killScore value='35650'/>
		<buildingScore value='3125'/>
		<razingScore value='13245'/>
		<mineralScore value='25738'/>
		<gasScore value='3424'/>
		<totalScore value='104832'/>
	</player>

	<enemy>
		<race value='Zerg'/>
		<unitScore value='17525'/>
		<unitScore value='17525'/>
		<killScore value='30200'/>
		<buildingScore value='4415'/>
		<razingScore value='2025'/>
		<mineralScore value='19398'/>
		<gasScore value='5744'/>
		<totalScore value='79307'/>
	</enemy>

	<scoreRatio value='1.32185'/>
	<timeFitness value='0.540972'/>
	<unitsAverage value='110'/>
</results>
