<results>
	<result value='loss'/>
	<start value='2014-07-24.02:17:56'/>
	<end value='2014-07-24.02:18:09'/>
	<frames value='23035'/>
	<gameDuration value='1439'/>

	<player>
		<unitScore value='7075'/>
		<killScore value='3750'/>
		<buildingScore value='2750'/>
		<razingScore value='0'/>
		<mineralScore value='9738'/>
		<gasScore value='1616'/>
		<totalScore value='24929'/>
	</player>

	<enemy>
		<race value='Terran'/>
		<unitScore value='9650'/>
		<unitScore value='9650'/>
		<killScore value='14150'/>
		<buildingScore value='3675'/>
		<razingScore value='8250'/>
		<mineralScore value='11178'/>
		<gasScore value='4928'/>
		<totalScore value='51831'/>
	</enemy>

	<scoreRatio value='0.480967'/>
</results>
