<results>
	<result value='loss'/>
	<start value='2015-05-02.18:24:17'/>
	<end value='2015-05-02.18:24:57'/>
	<frames value='33885'/>
	<gameDuration value='2117'/>

	<player>
		<unitScore value='11800'/>
		<killScore value='8900'/>
		<buildingScore value='1425'/>
		<razingScore value='1350'/>
		<mineralScore value='12290'/>
		<gasScore value='1896'/>
		<totalScore value='37661'/>
	</player>

	<enemy>
		<race value='Protoss'/>
		<unitScore value='18250'/>
		<unitScore value='18250'/>
		<killScore value='23600'/>
		<buildingScore value='7375'/>
		<razingScore value='4275'/>
		<mineralScore value='21482'/>
		<gasScore value='7880'/>
		<totalScore value='82862'/>
	</enemy>

	<scoreRatio value='0.454503'/>
	<timeFitness value='0.294028'/>
	<unitsAverage value='52'/>
</results>
