<results>
	<result value='loss'/>
	<start value='2015-05-02.18:28:16'/>
	<end value='2015-05-02.18:29:26'/>
	<frames value='45107'/>
	<gameDuration value='2819'/>

	<player>
		<unitScore value='21875'/>
		<killScore value='22500'/>
		<buildingScore value='2825'/>
		<razingScore value='300'/>
		<mineralScore value='24010'/>
		<gasScore value='5014'/>
		<totalScore value='76524'/>
	</player>

	<enemy>
		<race value='Protoss'/>
		<unitScore value='33810'/>
		<unitScore value='33810'/>
		<killScore value='43750'/>
		<buildingScore value='8225'/>
		<razingScore value='8475'/>
		<mineralScore value='32694'/>
		<gasScore value='12104'/>
		<totalScore value='139058'/>
	</enemy>

	<scoreRatio value='0.550303'/>
	<timeFitness value='0.391528'/>
	<unitsAverage value='82'/>
</results>
