<results>
	<result value='win'/>
	<start value='2015-07-15.08:59:51'/>
	<end value='2015-07-15.09:00:06'/>
	<frames value='19160'/>
	<gameDuration value='1197'/>

	<player>
		<unitScore value='7950'/>
		<killScore value='8250'/>
		<buildingScore value='2325'/>
		<razingScore value='3975'/>
		<mineralScore value='10002'/>
		<gasScore value='1368'/>
		<totalScore value='33870'/>
	</player>

	<enemy>
		<race value='Terran'/>
		<unitScore value='4125'/>
		<killScore value='4200'/>
		<buildingScore value='1325'/>
		<razingScore value='1350'/>
		<mineralScore value='6506'/>
		<gasScore value='1448'/>
		<totalScore value='18954'/>
	</enemy>

	<scoreRatio value='1.78696'/>
	<timeFitness value='0.83375'/>
	<unitsAverage value='47'/>
</results>
