<results>
	<result value='loss'/>
	<start value='2015-07-15.09:00:46'/>
	<end value='2015-07-15.09:01:00'/>
	<frames value='20710'/>
	<gameDuration value='1294'/>

	<player>
		<unitScore value='7600'/>
		<killScore value='2800'/>
		<buildingScore value='2500'/>
		<razingScore value='0'/>
		<mineralScore value='9250'/>
		<gasScore value='1704'/>
		<totalScore value='23854'/>
	</player>

	<enemy>
		<race value='Terran'/>
		<unitScore value='7475'/>
		<killScore value='13200'/>
		<buildingScore value='2925'/>
		<razingScore value='7500'/>
		<mineralScore value='9818'/>
		<gasScore value='3536'/>
		<totalScore value='44454'/>
	</enemy>

	<scoreRatio value='0.5366'/>
	<timeFitness value='0.179722'/>
	<unitsAverage value='38'/>
</results>
