<results>
	<result value='draw'/>
	<start value='2015-07-15.09:01:08'/>
	<end value='2015-07-15.09:02:33'/>
	<frames value='57601'/>
	<gameDuration value='3600'/>

	<player>
		<unitScore value='34725'/>
		<killScore value='27450'/>
		<buildingScore value='4425'/>
		<razingScore value='0'/>
		<mineralScore value='31138'/>
		<gasScore value='4986'/>
		<totalScore value='102724'/>
	</player>

	<enemy>
		<race value='Terran'/>
		<unitScore value='23125'/>
		<killScore value='58000'/>
		<buildingScore value='3850'/>
		<razingScore value='5700'/>
		<mineralScore value='18422'/>
		<gasScore value='10462'/>
		<totalScore value='119559'/>
	</enemy>

	<scoreRatio value='0.859191'/>
	<timeFitness value='0.5'/>
	<unitsAverage value='96'/>
</results>
