<results>
	<result value='loss'/>
	<start value='2015-07-15.09:02:35'/>
	<end value='2015-07-15.09:02:54'/>
	<frames value='24771'/>
	<gameDuration value='1548'/>

	<player>
		<unitScore value='11525'/>
		<killScore value='3450'/>
		<buildingScore value='3050'/>
		<razingScore value='0'/>
		<mineralScore value='13398'/>
		<gasScore value='2080'/>
		<totalScore value='33503'/>
	</player>

	<enemy>
		<race value='Terran'/>
		<unitScore value='10150'/>
		<killScore value='23050'/>
		<buildingScore value='3625'/>
		<razingScore value='9375'/>
		<mineralScore value='12326'/>
		<gasScore value='5216'/>
		<totalScore value='63742'/>
	</enemy>

	<scoreRatio value='0.525603'/>
	<timeFitness value='0.215'/>
	<unitsAverage value='39'/>
</results>
