<results>
	<result value='loss'/>
	<start value='2015-07-15.09:04:19'/>
	<end value='2015-07-15.09:04:34'/>
	<frames value='25546'/>
	<gameDuration value='1596'/>

	<player>
		<unitScore value='6850'/>
		<killScore value='1550'/>
		<buildingScore value='2600'/>
		<razingScore value='0'/>
		<mineralScore value='8818'/>
		<gasScore value='1336'/>
		<totalScore value='21154'/>
	</player>

	<enemy>
		<race value='Terran'/>
		<unitScore value='6075'/>
		<killScore value='13700'/>
		<buildingScore value='2900'/>
		<razingScore value='7800'/>
		<mineralScore value='12066'/>
		<gasScore value='2760'/>
		<totalScore value='45301'/>
	</enemy>

	<scoreRatio value='0.466965'/>
	<timeFitness value='0.221667'/>
	<unitsAverage value='24'/>
</results>
