<results>
	<result value='loss'/>
	<start value='2015-07-19.07:51:46'/>
	<end value='2015-07-19.07:52:41'/>
	<frames value='26507'/>
	<gameDuration value='1656'/>

	<player>
		<unitScore value='12825'/>
		<killScore value='5450'/>
		<buildingScore value='3525'/>
		<razingScore value='0'/>
		<mineralScore value='20818'/>
		<gasScore value='1352'/>
		<totalScore value='43970'/>
	</player>

	<enemy>
		<race value='Zerg'/>
		<unitScore value='15125'/>
		<killScore value='23100'/>
		<buildingScore value='3320'/>
		<razingScore value='10575'/>
		<mineralScore value='16298'/>
		<gasScore value='5000'/>
		<totalScore value='73418'/>
	</enemy>

	<scoreRatio value='0.598899'/>
	<timeFitness value='0.23'/>
	<unitsAverage value='62'/>
</results>
