<results>
	<result value='loss'/>
	<start value='2015-07-07.16:29:15'/>
	<end value='2015-07-07.16:29:41'/>
	<frames value='21578'/>
	<gameDuration value='1348'/>

	<player>
		<unitScore value='6750'/>
		<killScore value='1800'/>
		<buildingScore value='2425'/>
		<razingScore value='0'/>
		<mineralScore value='8642'/>
		<gasScore value='1384'/>
		<totalScore value='21001'/>
	</player>

	<enemy>
		<race value='Terran'/>
		<unitScore value='7750'/>
		<killScore value='12700'/>
		<buildingScore value='2600'/>
		<razingScore value='7275'/>
		<mineralScore value='10058'/>
		<gasScore value='3632'/>
		<totalScore value='44015'/>
	</enemy>

	<scoreRatio value='0.477133'/>
	<timeFitness value='0.187222'/>
	<unitsAverage value='31'/>
</results>
