<results>
	<result value='loss'/>
	<start value='2015-07-07.16:36:16'/>
	<end value='2015-07-07.16:36:44'/>
	<frames value='24926'/>
	<gameDuration value='1557'/>

	<player>
		<unitScore value='10350'/>
		<killScore value='5550'/>
		<buildingScore value='1925'/>
		<razingScore value='0'/>
		<mineralScore value='9450'/>
		<gasScore value='2128'/>
		<totalScore value='29403'/>
	</player>

	<enemy>
		<race value='Terran'/>
		<unitScore value='8950'/>
		<killScore value='20700'/>
		<buildingScore value='2650'/>
		<razingScore value='5775'/>
		<mineralScore value='11542'/>
		<gasScore value='4024'/>
		<totalScore value='53641'/>
	</enemy>

	<scoreRatio value='0.548144'/>
	<timeFitness value='0.21625'/>
	<unitsAverage value='38'/>
</results>
