<results>
	<result value='win'/>
	<start value='2015-07-07.16:43:17'/>
	<end value='2015-07-07.16:46:25'/>
	<frames value='47990'/>
	<gameDuration value='2999'/>

	<player>
		<unitScore value='37375'/>
		<killScore value='27000'/>
		<buildingScore value='6075'/>
		<razingScore value='8925'/>
		<mineralScore value='40490'/>
		<gasScore value='6712'/>
		<totalScore value='126577'/>
	</player>

	<enemy>
		<race value='Terran'/>
		<unitScore value='13500'/>
		<killScore value='46850'/>
		<buildingScore value='2975'/>
		<razingScore value='3075'/>
		<mineralScore value='12058'/>
		<gasScore value='5970'/>
		<totalScore value='84428'/>
	</enemy>

	<scoreRatio value='1.49923'/>
	<timeFitness value='0.583472'/>
	<unitsAverage value='115'/>
</results>
