<results>
	<result value='win'/>
	<start value='2015-04-13.22:11:59'/>
	<end value='2015-04-13.22:12:35'/>
	<frames value='31188'/>
	<gameDuration value='1949'/>

	<player>
		<unitScore value='21650'/>
		<killScore value='30550'/>
		<buildingScore value='4600'/>
		<razingScore value='15750'/>
		<mineralScore value='35822'/>
		<gasScore value='2576'/>
		<totalScore value='110948'/>
	</player>

	<enemy>
		<race value='Protoss'/>
		<unitScore value='15725'/>
		<unitScore value='15725'/>
		<killScore value='20000'/>
		<buildingScore value='5250'/>
		<razingScore value='0'/>
		<mineralScore value='17274'/>
		<gasScore value='3928'/>
		<totalScore value='62177'/>
	</enemy>

	<scoreRatio value='1.78439'/>
</results>
