<results>
	<result value='win'/>
	<start value='2015-05-05.05:50:06'/>
	<end value='2015-05-05.05:50:21'/>
	<frames value='22911'/>
	<gameDuration value='1431'/>

	<player>
		<unitScore value='11475'/>
		<killScore value='14950'/>
		<buildingScore value='3300'/>
		<razingScore value='6450'/>
		<mineralScore value='17418'/>
		<gasScore value='2216'/>
		<totalScore value='55809'/>
	</player>

	<enemy>
		<race value='Terran'/>
		<unitScore value='7525'/>
		<unitScore value='7525'/>
		<killScore value='3000'/>
		<buildingScore value='2150'/>
		<razingScore value='0'/>
		<mineralScore value='9114'/>
		<gasScore value='2816'/>
		<totalScore value='24605'/>
	</enemy>

	<scoreRatio value='2.2682'/>
	<timeFitness value='0.80125'/>
	<unitsAverage value='78'/>
</results>
