<results>
	<result value='win'/>
	<start value='2015-05-05.05:51:19'/>
	<end value='2015-05-05.05:51:33'/>
	<frames value='23903'/>
	<gameDuration value='1493'/>

	<player>
		<unitScore value='10475'/>
		<killScore value='12650'/>
		<buildingScore value='3000'/>
		<razingScore value='7500'/>
		<mineralScore value='13778'/>
		<gasScore value='2160'/>
		<totalScore value='49563'/>
	</player>

	<enemy>
		<race value='Terran'/>
		<unitScore value='6325'/>
		<unitScore value='6325'/>
		<killScore value='9050'/>
		<buildingScore value='2500'/>
		<razingScore value='3300'/>
		<mineralScore value='8482'/>
		<gasScore value='2344'/>
		<totalScore value='32001'/>
	</enemy>

	<scoreRatio value='1.5488'/>
	<timeFitness value='0.792639'/>
	<unitsAverage value='58'/>
</results>
