<results>
	<result value='loss'/>
	<start value='2015-05-09.07:32:17'/>
	<end value='2015-05-09.07:32:30'/>
	<frames value='27809'/>
	<gameDuration value='1738'/>

	<player>
		<unitScore value='8625'/>
		<killScore value='7700'/>
		<buildingScore value='3275'/>
		<razingScore value='0'/>
		<mineralScore value='12202'/>
		<gasScore value='1520'/>
		<totalScore value='33322'/>
	</player>

	<enemy>
		<race value='Terran'/>
		<unitScore value='13450'/>
		<unitScore value='13450'/>
		<killScore value='17250'/>
		<buildingScore value='4525'/>
		<razingScore value='9825'/>
		<mineralScore value='14338'/>
		<gasScore value='6952'/>
		<totalScore value='66340'/>
	</enemy>

	<scoreRatio value='0.502291'/>
	<timeFitness value='0.241389'/>
	<unitsAverage value='37'/>
</results>
