<results>
	<result value='win'/>
	<start value='2015-05-05.05:53:31'/>
	<end value='2015-05-05.05:53:50'/>
	<frames value='25019'/>
	<gameDuration value='1563'/>

	<player>
		<unitScore value='16550'/>
		<killScore value='22000'/>
		<buildingScore value='4575'/>
		<razingScore value='8550'/>
		<mineralScore value='23842'/>
		<gasScore value='1376'/>
		<totalScore value='76893'/>
	</player>

	<enemy>
		<race value='Terran'/>
		<unitScore value='11000'/>
		<unitScore value='11000'/>
		<killScore value='13150'/>
		<buildingScore value='2850'/>
		<razingScore value='1800'/>
		<mineralScore value='11050'/>
		<gasScore value='4072'/>
		<totalScore value='43922'/>
	</enemy>

	<scoreRatio value='1.75067'/>
	<timeFitness value='0.782917'/>
	<unitsAverage value='86'/>
</results>
