<results>
	<result value='loss'/>
	<start value='2015-04-12.11:52:46'/>
	<end value='2015-04-12.11:54:04'/>
	<frames value='49850'/>
	<gameDuration value='3115'/>

	<player>
		<unitScore value='30150'/>
		<killScore value='42300'/>
		<buildingScore value='3275'/>
		<razingScore value='450'/>
		<mineralScore value='29922'/>
		<gasScore value='2960'/>
		<totalScore value='109057'/>
	</player>

	<enemy>
		<race value='Protoss'/>
		<unitScore value='35600'/>
		<unitScore value='35600'/>
		<killScore value='60300'/>
		<buildingScore value='7225'/>
		<razingScore value='9825'/>
		<mineralScore value='31426'/>
		<gasScore value='11204'/>
		<totalScore value='155580'/>
	</enemy>

	<scoreRatio value='0.700971'/>
</results>
