<results>
	<result value='draw'/>
	<start value='2015-04-12.12:07:51'/>
	<end value='2015-04-12.12:09:41'/>
	<frames value='57601'/>
	<gameDuration value='3600'/>

	<player>
		<unitScore value='25025'/>
		<killScore value='44400'/>
		<buildingScore value='2450'/>
		<razingScore value='4200'/>
		<mineralScore value='32198'/>
		<gasScore value='7496'/>
		<totalScore value='115769'/>
	</player>

	<enemy>
		<race value='Protoss'/>
		<unitScore value='25500'/>
		<unitScore value='25500'/>
		<killScore value='40250'/>
		<buildingScore value='5500'/>
		<razingScore value='0'/>
		<mineralScore value='29306'/>
		<gasScore value='10972'/>
		<totalScore value='111528'/>
	</enemy>

	<scoreRatio value='1.03803'/>
</results>
