<results>
	<result value='win'/>
	<start value='2015-04-12.12:09:43'/>
	<end value='2015-04-12.12:11:03'/>
	<frames value='32707'/>
	<gameDuration value='2044'/>

	<player>
		<unitScore value='21725'/>
		<killScore value='26800'/>
		<buildingScore value='3975'/>
		<razingScore value='14775'/>
		<mineralScore value='34234'/>
		<gasScore value='2304'/>
		<totalScore value='103813'/>
	</player>

	<enemy>
		<race value='Protoss'/>
		<unitScore value='14675'/>
		<unitScore value='14675'/>
		<killScore value='18850'/>
		<buildingScore value='4925'/>
		<razingScore value='150'/>
		<mineralScore value='16954'/>
		<gasScore value='5920'/>
		<totalScore value='61474'/>
	</enemy>

	<scoreRatio value='1.68873'/>
</results>
