<results>
	<result value='win'/>
	<start value='2015-05-11.03:42:07'/>
	<end value='2015-05-11.03:42:35'/>
	<frames value='24461'/>
	<gameDuration value='1528'/>

	<player>
		<unitScore value='11750'/>
		<killScore value='16950'/>
		<buildingScore value='3900'/>
		<razingScore value='6375'/>
		<mineralScore value='20118'/>
		<gasScore value='1824'/>
		<totalScore value='60917'/>
	</player>

	<enemy>
		<race value='Terran'/>
		<unitScore value='8475'/>
		<unitScore value='8475'/>
		<killScore value='5550'/>
		<buildingScore value='2200'/>
		<razingScore value='1350'/>
		<mineralScore value='10218'/>
		<gasScore value='3216'/>
		<totalScore value='31009'/>
	</enemy>

	<scoreRatio value='1.96449'/>
	<timeFitness value='0.787778'/>
	<unitsAverage value='79'/>
</results>
