<results>
	<result value='loss'/>
	<start value='2015-05-11.03:49:54'/>
	<end value='2015-05-11.03:50:05'/>
	<frames value='17641'/>
	<gameDuration value='1102'/>

	<player>
		<unitScore value='3450'/>
		<killScore value='700'/>
		<buildingScore value='1675'/>
		<razingScore value='0'/>
		<mineralScore value='5202'/>
		<gasScore value='616'/>
		<totalScore value='11643'/>
	</player>

	<enemy>
		<race value='Terran'/>
		<unitScore value='6100'/>
		<unitScore value='6100'/>
		<killScore value='6900'/>
		<buildingScore value='2700'/>
		<razingScore value='5025'/>
		<mineralScore value='8074'/>
		<gasScore value='2768'/>
		<totalScore value='31567'/>
	</enemy>

	<scoreRatio value='0.368835'/>
	<timeFitness value='0.153056'/>
	<unitsAverage value='23'/>
</results>
