<results>
	<result value='win'/>
	<start value='2015-05-11.03:52:35'/>
	<end value='2015-05-11.03:52:52'/>
	<frames value='19191'/>
	<gameDuration value='1199'/>

	<player>
		<unitScore value='7250'/>
		<killScore value='12800'/>
		<buildingScore value='2500'/>
		<razingScore value='5250'/>
		<mineralScore value='10994'/>
		<gasScore value='1336'/>
		<totalScore value='40130'/>
	</player>

	<enemy>
		<race value='Terran'/>
		<unitScore value='6400'/>
		<unitScore value='6400'/>
		<killScore value='4200'/>
		<buildingScore value='1750'/>
		<razingScore value='300'/>
		<mineralScore value='7306'/>
		<gasScore value='2280'/>
		<totalScore value='22236'/>
	</enemy>

	<scoreRatio value='1.80473'/>
	<timeFitness value='0.833472'/>
	<unitsAverage value='50'/>
</results>
