<results>
	<result value='win'/>
	<start value='2015-05-11.04:08:01'/>
	<end value='2015-05-11.04:08:41'/>
	<frames value='33265'/>
	<gameDuration value='2079'/>

	<player>
		<unitScore value='17475'/>
		<killScore value='24450'/>
		<buildingScore value='4625'/>
		<razingScore value='9375'/>
		<mineralScore value='24242'/>
		<gasScore value='4544'/>
		<totalScore value='84711'/>
	</player>

	<enemy>
		<race value='Terran'/>
		<unitScore value='12925'/>
		<unitScore value='12925'/>
		<killScore value='16700'/>
		<buildingScore value='3125'/>
		<razingScore value='3450'/>
		<mineralScore value='12050'/>
		<gasScore value='5096'/>
		<totalScore value='53346'/>
	</enemy>

	<scoreRatio value='1.58795'/>
	<timeFitness value='0.71125'/>
	<unitsAverage value='82'/>
</results>
