<results>
	<result value='win'/>
	<start value='2015-07-11.23:18:11'/>
	<end value='2015-07-11.23:18:31'/>
	<frames value='25670'/>
	<gameDuration value='1604'/>

	<player>
		<unitScore value='14950'/>
		<killScore value='13300'/>
		<buildingScore value='3375'/>
		<razingScore value='6675'/>
		<mineralScore value='23978'/>
		<gasScore value='2552'/>
		<totalScore value='64830'/>
	</player>

	<enemy>
		<race value='Protoss'/>
		<unitScore value='6650'/>
		<killScore value='10700'/>
		<buildingScore value='2225'/>
		<razingScore value='150'/>
		<mineralScore value='8866'/>
		<gasScore value='2056'/>
		<totalScore value='30647'/>
	</enemy>

	<scoreRatio value='2.11538'/>
	<timeFitness value='0.777222'/>
	<unitsAverage value='79'/>
</results>
