<results>
	<result value='win'/>
	<start value='2015-05-09.20:44:07'/>
	<end value='2015-05-09.20:44:37'/>
	<frames value='21392'/>
	<gameDuration value='1337'/>

	<player>
		<unitScore value='10100'/>
		<killScore value='13850'/>
		<buildingScore value='3025'/>
		<razingScore value='6225'/>
		<mineralScore value='15474'/>
		<gasScore value='1672'/>
		<totalScore value='50346'/>
	</player>

	<enemy>
		<race value='Terran'/>
		<unitScore value='6925'/>
		<unitScore value='6925'/>
		<killScore value='6800'/>
		<buildingScore value='2150'/>
		<razingScore value='1425'/>
		<mineralScore value='7810'/>
		<gasScore value='2368'/>
		<totalScore value='27478'/>
	</enemy>

	<scoreRatio value='1.83223'/>
	<timeFitness value='0.814306'/>
	<unitsAverage value='68'/>
</results>
