<results>
	<result value='win'/>
	<start value='2015-05-04.08:44:44'/>
	<end value='2015-05-04.08:45:34'/>
	<frames value='40674'/>
	<gameDuration value='2542'/>

	<player>
		<unitScore value='24675'/>
		<killScore value='38750'/>
		<buildingScore value='5000'/>
		<razingScore value='14025'/>
		<mineralScore value='31530'/>
		<gasScore value='4072'/>
		<totalScore value='118052'/>
	</player>

	<enemy>
		<race value='Terran'/>
		<unitScore value='22750'/>
		<unitScore value='22750'/>
		<killScore value='27050'/>
		<buildingScore value='4750'/>
		<razingScore value='3600'/>
		<mineralScore value='17842'/>
		<gasScore value='9144'/>
		<totalScore value='85136'/>
	</enemy>

	<scoreRatio value='1.38663'/>
	<timeFitness value='0.646944'/>
	<unitsAverage value='110'/>
</results>
