<results>
	<result value='loss'/>
	<start value='2015-05-09.20:47:34'/>
	<end value='2015-05-09.20:48:20'/>
	<frames value='45324'/>
	<gameDuration value='2832'/>

	<player>
		<unitScore value='9775'/>
		<killScore value='11300'/>
		<buildingScore value='3550'/>
		<razingScore value='0'/>
		<mineralScore value='14874'/>
		<gasScore value='1984'/>
		<totalScore value='41483'/>
	</player>

	<enemy>
		<race value='Terran'/>
		<unitScore value='21700'/>
		<unitScore value='21700'/>
		<killScore value='18200'/>
		<buildingScore value='4400'/>
		<razingScore value='10650'/>
		<mineralScore value='19550'/>
		<gasScore value='11048'/>
		<totalScore value='85548'/>
	</enemy>

	<scoreRatio value='0.484909'/>
	<timeFitness value='0.393333'/>
	<unitsAverage value='32'/>
</results>
