<results>
	<result value='win'/>
	<start value='2015-05-04.08:47:45'/>
	<end value='2015-05-04.08:48:23'/>
	<frames value='32366'/>
	<gameDuration value='2022'/>

	<player>
		<unitScore value='21375'/>
		<killScore value='25500'/>
		<buildingScore value='4725'/>
		<razingScore value='11325'/>
		<mineralScore value='30562'/>
		<gasScore value='3152'/>
		<totalScore value='96639'/>
	</player>

	<enemy>
		<race value='Terran'/>
		<unitScore value='12750'/>
		<unitScore value='12750'/>
		<killScore value='18850'/>
		<buildingScore value='3775'/>
		<razingScore value='1650'/>
		<mineralScore value='12354'/>
		<gasScore value='4928'/>
		<totalScore value='54307'/>
	</enemy>

	<scoreRatio value='1.77949'/>
	<timeFitness value='0.719167'/>
	<unitsAverage value='102'/>
</results>
