<results>
	<result value='loss'/>
	<start value='2015-05-04.08:49:54'/>
	<end value='2015-05-04.08:50:14'/>
	<frames value='36706'/>
	<gameDuration value='2294'/>

	<player>
		<unitScore value='7250'/>
		<killScore value='10250'/>
		<buildingScore value='2125'/>
		<razingScore value='1650'/>
		<mineralScore value='9626'/>
		<gasScore value='1856'/>
		<totalScore value='32757'/>
	</player>

	<enemy>
		<race value='Terran'/>
		<unitScore value='12625'/>
		<unitScore value='12625'/>
		<killScore value='14500'/>
		<buildingScore value='4925'/>
		<razingScore value='6375'/>
		<mineralScore value='14418'/>
		<gasScore value='6336'/>
		<totalScore value='59179'/>
	</enemy>

	<scoreRatio value='0.553524'/>
	<timeFitness value='0.318611'/>
	<unitsAverage value='28'/>
</results>
