<results>
	<result value='win'/>
	<start value='2015-05-09.20:55:56'/>
	<end value='2015-05-09.20:57:32'/>
	<frames value='38411'/>
	<gameDuration value='2400'/>

	<player>
		<unitScore value='30475'/>
		<killScore value='26700'/>
		<buildingScore value='4875'/>
		<razingScore value='8250'/>
		<mineralScore value='44782'/>
		<gasScore value='4928'/>
		<totalScore value='120010'/>
	</player>

	<enemy>
		<race value='Terran'/>
		<unitScore value='13350'/>
		<unitScore value='13350'/>
		<killScore value='37950'/>
		<buildingScore value='2750'/>
		<razingScore value='1950'/>
		<mineralScore value='12050'/>
		<gasScore value='5030'/>
		<totalScore value='73080'/>
	</enemy>

	<scoreRatio value='1.64217'/>
	<timeFitness value='0.666667'/>
	<unitsAverage value='130'/>
</results>
