<results>
	<result value='loss'/>
	<start value='2015-05-09.21:00:48'/>
	<end value='2015-05-09.21:01:08'/>
	<frames value='20803'/>
	<gameDuration value='1300'/>

	<player>
		<unitScore value='5025'/>
		<killScore value='2650'/>
		<buildingScore value='1475'/>
		<razingScore value='0'/>
		<mineralScore value='7186'/>
		<gasScore value='1120'/>
		<totalScore value='17456'/>
	</player>

	<enemy>
		<race value='Terran'/>
		<unitScore value='8150'/>
		<unitScore value='8150'/>
		<killScore value='10050'/>
		<buildingScore value='2925'/>
		<razingScore value='4425'/>
		<mineralScore value='9874'/>
		<gasScore value='3960'/>
		<totalScore value='39384'/>
	</enemy>

	<scoreRatio value='0.443226'/>
	<timeFitness value='0.180556'/>
	<unitsAverage value='31'/>
</results>
