<results>
	<result value='win'/>
	<start value='2015-05-07.15:24:37'/>
	<end value='2015-05-07.15:25:01'/>
	<frames value='27902'/>
	<gameDuration value='1743'/>

	<player>
		<unitScore value='17100'/>
		<killScore value='25550'/>
		<buildingScore value='4325'/>
		<razingScore value='16650'/>
		<mineralScore value='24914'/>
		<gasScore value='2344'/>
		<totalScore value='90883'/>
	</player>

	<enemy>
		<race value='Protoss'/>
		<unitScore value='12775'/>
		<unitScore value='12775'/>
		<killScore value='14200'/>
		<buildingScore value='5550'/>
		<razingScore value='0'/>
		<mineralScore value='16786'/>
		<gasScore value='3304'/>
		<totalScore value='52615'/>
	</enemy>

	<scoreRatio value='1.72732'/>
	<timeFitness value='0.757917'/>
	<unitsAverage value='87'/>
</results>
