<results>
	<result value='draw'/>
	<start value='2015-05-07.15:44:31'/>
	<end value='2015-05-07.15:45:44'/>
	<frames value='57601'/>
	<gameDuration value='3600'/>

	<player>
		<unitScore value='27800'/>
		<killScore value='20100'/>
		<buildingScore value='4850'/>
		<razingScore value='10500'/>
		<mineralScore value='36186'/>
		<gasScore value='7944'/>
		<totalScore value='107380'/>
	</player>

	<enemy>
		<race value='Protoss'/>
		<unitScore value='11350'/>
		<unitScore value='11350'/>
		<killScore value='27500'/>
		<buildingScore value='6625'/>
		<razingScore value='1725'/>
		<mineralScore value='16082'/>
		<gasScore value='5694'/>
		<totalScore value='68976'/>
	</enemy>

	<scoreRatio value='1.55677'/>
	<timeFitness value='0.5'/>
	<unitsAverage value='120'/>
</results>
