<results>
	<result value='loss'/>
	<start value='2015-04-16.16:22:25'/>
	<end value='2015-04-16.16:23:35'/>
	<frames value='47556'/>
	<gameDuration value='2972'/>

	<player>
		<unitScore value='22175'/>
		<killScore value='30050'/>
		<buildingScore value='2750'/>
		<razingScore value='1350'/>
		<mineralScore value='24026'/>
		<gasScore value='4972'/>
		<totalScore value='85323'/>
	</player>

	<enemy>
		<race value='Protoss'/>
		<unitScore value='36380'/>
		<unitScore value='36380'/>
		<killScore value='44350'/>
		<buildingScore value='7925'/>
		<razingScore value='8250'/>
		<mineralScore value='33414'/>
		<gasScore value='12914'/>
		<totalScore value='143233'/>
	</enemy>

	<scoreRatio value='0.595694'/>
</results>
