<results>
	<result value='win'/>
	<start value='2015-04-16.16:24:57'/>
	<end value='2015-04-16.16:26:40'/>
	<frames value='51648'/>
	<gameDuration value='3228'/>

	<player>
		<unitScore value='31350'/>
		<killScore value='41000'/>
		<buildingScore value='3950'/>
		<razingScore value='28575'/>
		<mineralScore value='34218'/>
		<gasScore value='4712'/>
		<totalScore value='143805'/>
	</player>

	<enemy>
		<race value='Protoss'/>
		<unitScore value='23325'/>
		<unitScore value='23325'/>
		<killScore value='42350'/>
		<buildingScore value='9525'/>
		<razingScore value='1725'/>
		<mineralScore value='27618'/>
		<gasScore value='10280'/>
		<totalScore value='114823'/>
	</enemy>

	<scoreRatio value='1.25241'/>
</results>
