<results>
	<result value='draw'/>
	<start value='2015-03-28.13:52:07'/>
	<end value='2015-03-28.13:53:25'/>
	<frames value='57601'/>
	<gameDuration value='3600'/>

	<player>
		<unitScore value='31575'/>
		<killScore value='59600'/>
		<buildingScore value='3725'/>
		<razingScore value='19650'/>
		<mineralScore value='34118'/>
		<gasScore value='3624'/>
		<totalScore value='152292'/>
	</player>

	<enemy>
		<race value='Protoss'/>
		<unitScore value='31800'/>
		<unitScore value='31800'/>
		<killScore value='50200'/>
		<buildingScore value='7400'/>
		<razingScore value='1950'/>
		<mineralScore value='28590'/>
		<gasScore value='10216'/>
		<totalScore value='130156'/>
	</enemy>

	<scoreRatio value='1.17007'/>
</results>
