<results>
	<result value='draw'/>
	<start value='2015-07-17.04:06:39'/>
	<end value='2015-07-17.04:09:38'/>
	<frames value='57601'/>
	<gameDuration value='3600'/>

	<player>
		<unitScore value='36175'/>
		<killScore value='19100'/>
		<buildingScore value='3550'/>
		<razingScore value='0'/>
		<mineralScore value='31462'/>
		<gasScore value='6208'/>
		<totalScore value='96495'/>
	</player>

	<enemy>
		<race value='Terran'/>
		<unitScore value='28025'/>
		<killScore value='63250'/>
		<buildingScore value='4825'/>
		<razingScore value='3450'/>
		<mineralScore value='31202'/>
		<gasScore value='12366'/>
		<totalScore value='143118'/>
	</enemy>

	<scoreRatio value='0.674234'/>
	<timeFitness value='0.5'/>
	<unitsAverage value='113'/>
</results>
