<results>
	<result value='loss'/>
	<start value='2015-07-17.04:17:05'/>
	<end value='2015-07-17.04:18:09'/>
	<frames value='45758'/>
	<gameDuration value='2859'/>

	<player>
		<unitScore value='10500'/>
		<killScore value='6900'/>
		<buildingScore value='2250'/>
		<razingScore value='0'/>
		<mineralScore value='11222'/>
		<gasScore value='1456'/>
		<totalScore value='32328'/>
	</player>

	<enemy>
		<race value='Terran'/>
		<unitScore value='19650'/>
		<killScore value='16400'/>
		<buildingScore value='5375'/>
		<razingScore value='6750'/>
		<mineralScore value='27682'/>
		<gasScore value='10938'/>
		<totalScore value='86795'/>
	</enemy>

	<scoreRatio value='0.372464'/>
	<timeFitness value='0.397083'/>
	<unitsAverage value='49'/>
</results>
