<results>
	<result value='loss'/>
	<start value='2015-07-17.04:26:35'/>
	<end value='2015-07-17.04:26:47'/>
	<frames value='19501'/>
	<gameDuration value='1218'/>

	<player>
		<unitScore value='4225'/>
		<killScore value='1900'/>
		<buildingScore value='2025'/>
		<razingScore value='0'/>
		<mineralScore value='5626'/>
		<gasScore value='776'/>
		<totalScore value='14552'/>
	</player>

	<enemy>
		<race value='Terran'/>
		<unitScore value='7550'/>
		<killScore value='8250'/>
		<buildingScore value='2850'/>
		<razingScore value='6075'/>
		<mineralScore value='9058'/>
		<gasScore value='3368'/>
		<totalScore value='37151'/>
	</enemy>

	<scoreRatio value='0.391699'/>
	<timeFitness value='0.169167'/>
	<unitsAverage value='25'/>
</results>
