<results>
	<result value='win'/>
	<start value='2015-05-09.07:44:47'/>
	<end value='2015-05-09.07:45:05'/>
	<frames value='22415'/>
	<gameDuration value='1400'/>

	<player>
		<unitScore value='8300'/>
		<killScore value='14300'/>
		<buildingScore value='3050'/>
		<razingScore value='5025'/>
		<mineralScore value='11858'/>
		<gasScore value='1600'/>
		<totalScore value='44133'/>
	</player>

	<enemy>
		<race value='Terran'/>
		<unitScore value='7150'/>
		<unitScore value='7150'/>
		<killScore value='9850'/>
		<buildingScore value='1750'/>
		<razingScore value='4200'/>
		<mineralScore value='7594'/>
		<gasScore value='2664'/>
		<totalScore value='33208'/>
	</enemy>

	<scoreRatio value='1.32899'/>
	<timeFitness value='0.805556'/>
	<unitsAverage value='47'/>
</results>
