<results>
	<result value='loss'/>
	<start value='2015-05-04.04:43:30'/>
	<end value='2015-05-04.04:43:38'/>
	<frames value='16773'/>
	<gameDuration value='1048'/>

	<player>
		<unitScore value='3900'/>
		<killScore value='800'/>
		<buildingScore value='1400'/>
		<razingScore value='150'/>
		<mineralScore value='4962'/>
		<gasScore value='344'/>
		<totalScore value='11556'/>
	</player>

	<enemy>
		<race value='Terran'/>
		<unitScore value='5750'/>
		<unitScore value='5750'/>
		<killScore value='7800'/>
		<buildingScore value='2000'/>
		<razingScore value='4200'/>
		<mineralScore value='7770'/>
		<gasScore value='2488'/>
		<totalScore value='30008'/>
	</enemy>

	<scoreRatio value='0.385097'/>
	<timeFitness value='0.145556'/>
	<unitsAverage value='22'/>
</results>
