<results>
	<result value='loss'/>
	<start value='2015-05-09.07:49:26'/>
	<end value='2015-05-09.07:49:33'/>
	<frames value='24213'/>
	<gameDuration value='1513'/>

	<player>
		<unitScore value='6925'/>
		<killScore value='4950'/>
		<buildingScore value='2450'/>
		<razingScore value='0'/>
		<mineralScore value='9058'/>
		<gasScore value='1192'/>
		<totalScore value='24575'/>
	</player>

	<enemy>
		<race value='Terran'/>
		<unitScore value='7875'/>
		<unitScore value='7875'/>
		<killScore value='13850'/>
		<buildingScore value='3200'/>
		<razingScore value='7350'/>
		<mineralScore value='11430'/>
		<gasScore value='4272'/>
		<totalScore value='47977'/>
	</enemy>

	<scoreRatio value='0.512225'/>
	<timeFitness value='0.210139'/>
	<unitsAverage value='31'/>
</results>
