<results>
	<result value='loss'/>
	<start value='2015-04-16.17:51:38'/>
	<end value='2015-04-16.17:51:48'/>
	<frames value='15099'/>
	<gameDuration value='943'/>

	<player>
		<unitScore value='3350'/>
		<killScore value='800'/>
		<buildingScore value='1550'/>
		<razingScore value='0'/>
		<mineralScore value='4866'/>
		<gasScore value='472'/>
		<totalScore value='11038'/>
	</player>

	<enemy>
		<race value='Protoss'/>
		<unitScore value='3550'/>
		<unitScore value='3550'/>
		<killScore value='6700'/>
		<buildingScore value='2825'/>
		<razingScore value='4650'/>
		<mineralScore value='7650'/>
		<gasScore value='1376'/>
		<totalScore value='26751'/>
	</enemy>

	<scoreRatio value='0.41262'/>
</results>
