<results>
	<result value='loss'/>
	<start value='2014-07-01.02:01:43'/>
	<end value='2014-07-01.02:02:19'/>
	<frames value='53167'/>
	<gameDuration value='3322'/>

	<player>
		<unitScore value='22250'/>
		<killScore value='38050'/>
		<buildingScore value='2500'/>
		<razingScore value='1350'/>
		<mineralScore value='23970'/>
		<gasScore value='4920'/>
		<totalScore value='93040'/>
	</player>

	<enemy>
		<race value='Protoss'/>
		<unitScore value='38225'/>
		<unitScore value='38225'/>
		<killScore value='44500'/>
		<buildingScore value='7025'/>
		<razingScore value='7500'/>
		<mineralScore value='37022'/>
		<gasScore value='12790'/>
		<totalScore value='147062'/>
	</enemy>

	<scoreRatio value='0.632658'/>
</results>
