<results>
	<result value='loss'/>
	<start value='2014-07-01.02:03:28'/>
	<end value='2014-07-01.02:04:09'/>
	<frames value='47835'/>
	<gameDuration value='2989'/>

	<player>
		<unitScore value='23400'/>
		<killScore value='33300'/>
		<buildingScore value='2975'/>
		<razingScore value='900'/>
		<mineralScore value='24018'/>
		<gasScore value='4280'/>
		<totalScore value='88873'/>
	</player>

	<enemy>
		<race value='Protoss'/>
		<unitScore value='36375'/>
		<unitScore value='36375'/>
		<killScore value='46550'/>
		<buildingScore value='7925'/>
		<razingScore value='8925'/>
		<mineralScore value='32782'/>
		<gasScore value='12826'/>
		<totalScore value='145383'/>
	</enemy>

	<scoreRatio value='0.611303'/>
</results>
