<results>
	<result value='loss'/>
	<start value='2014-07-01.02:15:09'/>
	<end value='2014-07-01.02:15:17'/>
	<frames value='18013'/>
	<gameDuration value='1125'/>

	<player>
		<unitScore value='3200'/>
		<killScore value='1200'/>
		<buildingScore value='1700'/>
		<razingScore value='0'/>
		<mineralScore value='5026'/>
		<gasScore value='776'/>
		<totalScore value='11902'/>
	</player>

	<enemy>
		<race value='Protoss'/>
		<unitScore value='4900'/>
		<unitScore value='4900'/>
		<killScore value='6300'/>
		<buildingScore value='4325'/>
		<razingScore value='5100'/>
		<mineralScore value='9746'/>
		<gasScore value='2328'/>
		<totalScore value='32699'/>
	</enemy>

	<scoreRatio value='0.363987'/>
</results>
