<results>
	<result value='win'/>
	<start value='2015-05-05.03:37:51'/>
	<end value='2015-05-05.03:38:21'/>
	<frames value='27778'/>
	<gameDuration value='1736'/>

	<player>
		<unitScore value='19900'/>
		<killScore value='18025'/>
		<buildingScore value='3375'/>
		<razingScore value='5115'/>
		<mineralScore value='25206'/>
		<gasScore value='0'/>
		<totalScore value='71621'/>
	</player>

	<enemy>
		<race value='Zerg'/>
		<unitScore value='9150'/>
		<unitScore value='9150'/>
		<killScore value='26300'/>
		<buildingScore value='1705'/>
		<razingScore value='0'/>
		<mineralScore value='9942'/>
		<gasScore value='3328'/>
		<totalScore value='50425'/>
	</enemy>

	<scoreRatio value='1.42035'/>
	<timeFitness value='0.758889'/>
	<unitsAverage value='81'/>
</results>
