<results>
	<result value='win'/>
	<start value='2015-04-30.21:18:25'/>
	<end value='2015-04-30.21:18:58'/>
	<frames value='24306'/>
	<gameDuration value='1519'/>

	<player>
		<unitScore value='15450'/>
		<killScore value='21980'/>
		<buildingScore value='4075'/>
		<razingScore value='6015'/>
		<mineralScore value='22070'/>
		<gasScore value='2080'/>
		<totalScore value='71670'/>
	</player>

	<enemy>
		<race value='Zerg'/>
		<unitScore value='10150'/>
		<unitScore value='10150'/>
		<killScore value='11900'/>
		<buildingScore value='2005'/>
		<razingScore value='0'/>
		<mineralScore value='10162'/>
		<gasScore value='3128'/>
		<totalScore value='37345'/>
	</enemy>

	<scoreRatio value='1.91913'/>
	<timeFitness value='0.789028'/>
	<unitsAverage value='88'/>
</results>
