<results>
	<result value='win'/>
	<start value='2015-04-30.21:23:09'/>
	<end value='2015-04-30.21:23:59'/>
	<frames value='42286'/>
	<gameDuration value='2642'/>

	<player>
		<unitScore value='24275'/>
		<killScore value='42140'/>
		<buildingScore value='2475'/>
		<razingScore value='8145'/>
		<mineralScore value='26186'/>
		<gasScore value='3040'/>
		<totalScore value='106261'/>
	</player>

	<enemy>
		<race value='Zerg'/>
		<unitScore value='19500'/>
		<unitScore value='19500'/>
		<killScore value='42600'/>
		<buildingScore value='2715'/>
		<razingScore value='375'/>
		<mineralScore value='17914'/>
		<gasScore value='5456'/>
		<totalScore value='88560'/>
	</enemy>

	<scoreRatio value='1.19988'/>
	<timeFitness value='0.633056'/>
	<unitsAverage value='86'/>
</results>
