<results>
	<result value='win'/>
	<start value='2015-04-30.21:24:02'/>
	<end value='2015-04-30.21:24:52'/>
	<frames value='32087'/>
	<gameDuration value='2005'/>

	<player>
		<unitScore value='25975'/>
		<killScore value='42860'/>
		<buildingScore value='4175'/>
		<razingScore value='6540'/>
		<mineralScore value='32950'/>
		<gasScore value='2752'/>
		<totalScore value='115252'/>
	</player>

	<enemy>
		<race value='Zerg'/>
		<unitScore value='18775'/>
		<unitScore value='18775'/>
		<killScore value='28300'/>
		<buildingScore value='2180'/>
		<razingScore value='0'/>
		<mineralScore value='15498'/>
		<gasScore value='4720'/>
		<totalScore value='69473'/>
	</enemy>

	<scoreRatio value='1.65895'/>
	<timeFitness value='0.721528'/>
	<unitsAverage value='112'/>
</results>
