<results>
	<result value='win'/>
	<start value='2015-05-02.20:32:29'/>
	<end value='2015-05-02.20:33:05'/>
	<frames value='29514'/>
	<gameDuration value='1844'/>

	<player>
		<unitScore value='21575'/>
		<killScore value='33715'/>
		<buildingScore value='4425'/>
		<razingScore value='6495'/>
		<mineralScore value='26806'/>
		<gasScore value='2152'/>
		<totalScore value='95168'/>
	</player>

	<enemy>
		<race value='Zerg'/>
		<unitScore value='15550'/>
		<unitScore value='15550'/>
		<killScore value='23400'/>
		<buildingScore value='2165'/>
		<razingScore value='0'/>
		<mineralScore value='13538'/>
		<gasScore value='4256'/>
		<totalScore value='58909'/>
	</enemy>

	<scoreRatio value='1.61551'/>
	<timeFitness value='0.743889'/>
	<unitsAverage value='98'/>
</results>
