<results>
	<result value='win'/>
	<start value='2014-07-24.03:31:00'/>
	<end value='2014-07-24.03:31:40'/>
	<frames value='33823'/>
	<gameDuration value='2113'/>

	<player>
		<unitScore value='19625'/>
		<killScore value='28050'/>
		<buildingScore value='4750'/>
		<razingScore value='6975'/>
		<mineralScore value='29670'/>
		<gasScore value='3968'/>
		<totalScore value='93038'/>
	</player>

	<enemy>
		<race value='Terran'/>
		<unitScore value='14325'/>
		<unitScore value='14325'/>
		<killScore value='15650'/>
		<buildingScore value='2400'/>
		<razingScore value='1575'/>
		<mineralScore value='12050'/>
		<gasScore value='5176'/>
		<totalScore value='51176'/>
	</enemy>

	<scoreRatio value='1.818'/>
</results>
