<results>
	<result value='draw'/>
	<start value='2015-05-10.19:52:19'/>
	<end value='2015-05-10.19:54:44'/>
	<frames value='57601'/>
	<gameDuration value='3600'/>

	<player>
		<unitScore value='32850'/>
		<killScore value='68200'/>
		<buildingScore value='4000'/>
		<razingScore value='5475'/>
		<mineralScore value='31470'/>
		<gasScore value='8628'/>
		<totalScore value='150623'/>
	</player>

	<enemy>
		<race value='Protoss'/>
		<unitScore value='43150'/>
		<unitScore value='43150'/>
		<killScore value='41950'/>
		<buildingScore value='6800'/>
		<razingScore value='150'/>
		<mineralScore value='31546'/>
		<gasScore value='12138'/>
		<totalScore value='135734'/>
	</enemy>

	<scoreRatio value='1.10969'/>
	<timeFitness value='0.5'/>
	<unitsAverage value='162'/>
</results>
