<results>
	<result value='win'/>
	<start value='2015-05-04.16:10:36'/>
	<end value='2015-05-04.16:11:01'/>
	<frames value='25546'/>
	<gameDuration value='1596'/>

	<player>
		<unitScore value='13650'/>
		<killScore value='7700'/>
		<buildingScore value='3275'/>
		<razingScore value='11325'/>
		<mineralScore value='17626'/>
		<gasScore value='1328'/>
		<totalScore value='54904'/>
	</player>

	<enemy>
		<race value='Protoss'/>
		<unitScore value='3850'/>
		<unitScore value='3850'/>
		<killScore value='11350'/>
		<buildingScore value='3775'/>
		<razingScore value='0'/>
		<mineralScore value='12290'/>
		<gasScore value='920'/>
		<totalScore value='32185'/>
	</enemy>

	<scoreRatio value='1.70589'/>
	<timeFitness value='0.778333'/>
	<unitsAverage value='69'/>
</results>
