<results>
	<result value='win'/>
	<start value='2015-05-04.16:11:04'/>
	<end value='2015-05-04.16:11:35'/>
	<frames value='24647'/>
	<gameDuration value='1540'/>

	<player>
		<unitScore value='13575'/>
		<killScore value='11900'/>
		<buildingScore value='3475'/>
		<razingScore value='9675'/>
		<mineralScore value='24782'/>
		<gasScore value='2288'/>
		<totalScore value='65695'/>
	</player>

	<enemy>
		<race value='Protoss'/>
		<unitScore value='6000'/>
		<unitScore value='6000'/>
		<killScore value='7500'/>
		<buildingScore value='3225'/>
		<razingScore value='0'/>
		<mineralScore value='14658'/>
		<gasScore value='944'/>
		<totalScore value='32327'/>
	</enemy>

	<scoreRatio value='2.0322'/>
	<timeFitness value='0.786111'/>
	<unitsAverage value='91'/>
</results>
