<results>
	<result value='win'/>
	<start value='2015-05-04.16:17:28'/>
	<end value='2015-05-04.16:17:44'/>
	<frames value='19501'/>
	<gameDuration value='1218'/>

	<player>
		<unitScore value='8750'/>
		<killScore value='6200'/>
		<buildingScore value='2625'/>
		<razingScore value='8775'/>
		<mineralScore value='11690'/>
		<gasScore value='1848'/>
		<totalScore value='39888'/>
	</player>

	<enemy>
		<race value='Protoss'/>
		<unitScore value='3100'/>
		<unitScore value='3100'/>
		<killScore value='5000'/>
		<buildingScore value='2925'/>
		<razingScore value='0'/>
		<mineralScore value='11994'/>
		<gasScore value='832'/>
		<totalScore value='23851'/>
	</enemy>

	<scoreRatio value='1.67238'/>
	<timeFitness value='0.830833'/>
	<unitsAverage value='57'/>
</results>
