<results>
	<result value='loss'/>
	<start value='2015-05-04.16:18:59'/>
	<end value='2015-05-04.16:19:10'/>
	<frames value='15502'/>
	<gameDuration value='968'/>

	<player>
		<unitScore value='3000'/>
		<killScore value='1200'/>
		<buildingScore value='1900'/>
		<razingScore value='0'/>
		<mineralScore value='5106'/>
		<gasScore value='656'/>
		<totalScore value='11862'/>
	</player>

	<enemy>
		<race value='Protoss'/>
		<unitScore value='3550'/>
		<unitScore value='3550'/>
		<killScore value='5500'/>
		<buildingScore value='3375'/>
		<razingScore value='5700'/>
		<mineralScore value='8290'/>
		<gasScore value='1496'/>
		<totalScore value='27911'/>
	</enemy>

	<scoreRatio value='0.424994'/>
	<timeFitness value='0.134444'/>
	<unitsAverage value='25'/>
</results>
