<results>
	<result value='win'/>
	<start value='2015-05-12.00:51:24'/>
	<end value='2015-05-12.00:51:49'/>
	<frames value='26414'/>
	<gameDuration value='1650'/>

	<player>
		<unitScore value='16125'/>
		<killScore value='19290'/>
		<buildingScore value='3625'/>
		<razingScore value='6930'/>
		<mineralScore value='22198'/>
		<gasScore value='1536'/>
		<totalScore value='69704'/>
	</player>

	<enemy>
		<race value='Zerg'/>
		<unitScore value='10025'/>
		<unitScore value='10025'/>
		<killScore value='9850'/>
		<buildingScore value='2310'/>
		<razingScore value='0'/>
		<mineralScore value='10538'/>
		<gasScore value='2928'/>
		<totalScore value='35651'/>
	</enemy>

	<scoreRatio value='1.95518'/>
	<timeFitness value='0.770833'/>
	<unitsAverage value='90'/>
</results>
