<results>
	<result value='win'/>
	<start value='2015-05-12.01:08:55'/>
	<end value='2015-05-12.01:09:20'/>
	<frames value='25298'/>
	<gameDuration value='1581'/>

	<player>
		<unitScore value='16775'/>
		<killScore value='21540'/>
		<buildingScore value='4550'/>
		<razingScore value='4560'/>
		<mineralScore value='23670'/>
		<gasScore value='1488'/>
		<totalScore value='72583'/>
	</player>

	<enemy>
		<race value='Zerg'/>
		<unitScore value='9850'/>
		<unitScore value='9850'/>
		<killScore value='10600'/>
		<buildingScore value='1520'/>
		<razingScore value='150'/>
		<mineralScore value='9010'/>
		<gasScore value='3008'/>
		<totalScore value='34138'/>
	</enemy>

	<scoreRatio value='2.12616'/>
	<timeFitness value='0.780417'/>
	<unitsAverage value='93'/>
</results>
