<results>
	<result value='win'/>
	<start value='2015-05-12.01:13:42'/>
	<end value='2015-05-12.01:14:38'/>
	<frames value='36117'/>
	<gameDuration value='2257'/>

	<player>
		<unitScore value='22025'/>
		<killScore value='32490'/>
		<buildingScore value='4475'/>
		<razingScore value='5040'/>
		<mineralScore value='38774'/>
		<gasScore value='2632'/>
		<totalScore value='105436'/>
	</player>

	<enemy>
		<race value='Zerg'/>
		<unitScore value='15300'/>
		<unitScore value='15300'/>
		<killScore value='19100'/>
		<buildingScore value='1680'/>
		<razingScore value='0'/>
		<mineralScore value='13458'/>
		<gasScore value='3992'/>
		<totalScore value='53530'/>
	</enemy>

	<scoreRatio value='1.96966'/>
	<timeFitness value='0.686528'/>
	<unitsAverage value='134'/>
</results>
