<results>
	<result value='win'/>
	<start value='2015-04-25.03:16:11'/>
	<end value='2015-04-25.03:16:34'/>
	<frames value='24306'/>
	<gameDuration value='1519'/>

	<player>
		<unitScore value='14975'/>
		<killScore value='19000'/>
		<buildingScore value='3675'/>
		<razingScore value='8325'/>
		<mineralScore value='22290'/>
		<gasScore value='1560'/>
		<totalScore value='69825'/>
	</player>

	<enemy>
		<race value='Terran'/>
		<unitScore value='9900'/>
		<unitScore value='9900'/>
		<killScore value='9100'/>
		<buildingScore value='2850'/>
		<razingScore value='600'/>
		<mineralScore value='10434'/>
		<gasScore value='3632'/>
		<totalScore value='36516'/>
	</enemy>

	<scoreRatio value='1.91218'/>
</results>
