<results>
	<result value='loss'/>
	<start value='2015-07-20.05:37:13'/>
	<end value='2015-07-20.05:37:55'/>
	<frames value='30940'/>
	<gameDuration value='1933'/>

	<player>
		<unitScore value='10825'/>
		<killScore value='7350'/>
		<buildingScore value='4325'/>
		<razingScore value='0'/>
		<mineralScore value='16374'/>
		<gasScore value='2064'/>
		<totalScore value='40938'/>
	</player>

	<enemy>
		<race value='Zerg'/>
		<unitScore value='15600'/>
		<killScore value='21650'/>
		<buildingScore value='4580'/>
		<razingScore value='12975'/>
		<mineralScore value='19218'/>
		<gasScore value='6882'/>
		<totalScore value='80905'/>
	</enemy>

	<scoreRatio value='0.506001'/>
	<timeFitness value='0.268472'/>
	<unitsAverage value='55'/>
</results>
