<results>
	<result value='win'/>
	<start value='2015-05-10.22:29:12'/>
	<end value='2015-05-10.22:29:47'/>
	<frames value='33110'/>
	<gameDuration value='2069'/>

	<player>
		<unitScore value='22925'/>
		<killScore value='34790'/>
		<buildingScore value='3650'/>
		<razingScore value='6960'/>
		<mineralScore value='30986'/>
		<gasScore value='2408'/>
		<totalScore value='101719'/>
	</player>

	<enemy>
		<race value='Zerg'/>
		<unitScore value='15800'/>
		<unitScore value='15800'/>
		<killScore value='22350'/>
		<buildingScore value='2320'/>
		<razingScore value='0'/>
		<mineralScore value='14906'/>
		<gasScore value='4856'/>
		<totalScore value='60232'/>
	</enemy>

	<scoreRatio value='1.68879'/>
	<timeFitness value='0.712639'/>
	<unitsAverage value='106'/>
</results>
