<results>
	<result value='win'/>
	<start value='2015-05-10.22:33:00'/>
	<end value='2015-05-10.22:33:28'/>
	<frames value='28553'/>
	<gameDuration value='1784'/>

	<player>
		<unitScore value='20725'/>
		<killScore value='33970'/>
		<buildingScore value='4075'/>
		<razingScore value='5115'/>
		<mineralScore value='29030'/>
		<gasScore value='2000'/>
		<totalScore value='94915'/>
	</player>

	<enemy>
		<race value='Zerg'/>
		<unitScore value='14625'/>
		<unitScore value='14625'/>
		<killScore value='18450'/>
		<buildingScore value='1705'/>
		<razingScore value='0'/>
		<mineralScore value='12958'/>
		<gasScore value='4552'/>
		<totalScore value='52290'/>
	</enemy>

	<scoreRatio value='1.81517'/>
	<timeFitness value='0.752222'/>
	<unitsAverage value='102'/>
</results>
