<results>
	<result value='win'/>
	<start value='2015-05-10.22:43:01'/>
	<end value='2015-05-10.22:43:43'/>
	<frames value='34660'/>
	<gameDuration value='2166'/>

	<player>
		<unitScore value='24350'/>
		<killScore value='39180'/>
		<buildingScore value='4950'/>
		<razingScore value='8700'/>
		<mineralScore value='30678'/>
		<gasScore value='3512'/>
		<totalScore value='111370'/>
	</player>

	<enemy>
		<race value='Zerg'/>
		<unitScore value='17775'/>
		<unitScore value='17775'/>
		<killScore value='20000'/>
		<buildingScore value='2900'/>
		<razingScore value='2175'/>
		<mineralScore value='16898'/>
		<gasScore value='4576'/>
		<totalScore value='64324'/>
	</enemy>

	<scoreRatio value='1.73139'/>
	<timeFitness value='0.699167'/>
	<unitsAverage value='113'/>
</results>
