<results>
	<result value='draw'/>
	<start value='2015-07-13.05:07:44'/>
	<end value='2015-07-13.05:08:44'/>
	<frames value='57601'/>
	<gameDuration value='3600'/>

	<player>
		<unitScore value='32925'/>
		<killScore value='27400'/>
		<buildingScore value='2900'/>
		<razingScore value='0'/>
		<mineralScore value='31566'/>
		<gasScore value='6868'/>
		<totalScore value='101659'/>
	</player>

	<enemy>
		<race value='Protoss'/>
		<unitScore value='20650'/>
		<killScore value='65050'/>
		<buildingScore value='4525'/>
		<razingScore value='4800'/>
		<mineralScore value='31398'/>
		<gasScore value='11580'/>
		<totalScore value='138003'/>
	</enemy>

	<scoreRatio value='0.736643'/>
	<timeFitness value='0.5'/>
	<unitsAverage value='73'/>
</results>
