<results>
	<result value='draw'/>
	<start value='2015-07-13.05:09:21'/>
	<end value='2015-07-13.05:10:39'/>
	<frames value='57601'/>
	<gameDuration value='3600'/>

	<player>
		<unitScore value='28700'/>
		<killScore value='23550'/>
		<buildingScore value='2925'/>
		<razingScore value='3600'/>
		<mineralScore value='29490'/>
		<gasScore value='3952'/>
		<totalScore value='92217'/>
	</player>

	<enemy>
		<race value='Protoss'/>
		<unitScore value='28775'/>
		<killScore value='49650'/>
		<buildingScore value='7875'/>
		<razingScore value='6150'/>
		<mineralScore value='31558'/>
		<gasScore value='11432'/>
		<totalScore value='135440'/>
	</enemy>

	<scoreRatio value='0.68087'/>
	<timeFitness value='0.5'/>
	<unitsAverage value='88'/>
</results>
