<results>
	<result value='loss'/>
	<start value='2015-07-13.05:10:59'/>
	<end value='2015-07-13.05:11:36'/>
	<frames value='38318'/>
	<gameDuration value='2394'/>

	<player>
		<unitScore value='21550'/>
		<killScore value='15000'/>
		<buildingScore value='2200'/>
		<razingScore value='0'/>
		<mineralScore value='21562'/>
		<gasScore value='3888'/>
		<totalScore value='64200'/>
	</player>

	<enemy>
		<race value='Protoss'/>
		<unitScore value='24950'/>
		<killScore value='41200'/>
		<buildingScore value='7575'/>
		<razingScore value='6600'/>
		<mineralScore value='26378'/>
		<gasScore value='9466'/>
		<totalScore value='116169'/>
	</enemy>

	<scoreRatio value='0.552643'/>
	<timeFitness value='0.3325'/>
	<unitsAverage value='69'/>
</results>
