<results>
	<result value='loss'/>
	<start value='2015-03-28.18:45:49'/>
	<end value='2015-03-28.18:45:57'/>
	<frames value='12991'/>
	<gameDuration value='811'/>

	<player>
		<unitScore value='1550'/>
		<killScore value='1400'/>
		<buildingScore value='900'/>
		<razingScore value='0'/>
		<mineralScore value='2354'/>
		<gasScore value='624'/>
		<totalScore value='6828'/>
	</player>

	<enemy>
		<race value='Protoss'/>
		<unitScore value='3550'/>
		<unitScore value='3550'/>
		<killScore value='3100'/>
		<buildingScore value='2175'/>
		<razingScore value='2700'/>
		<mineralScore value='6522'/>
		<gasScore value='1184'/>
		<totalScore value='19231'/>
	</enemy>

	<scoreRatio value='0.355052'/>
</results>
