<results>
	<result value='loss'/>
	<start value='2015-04-11.20:06:25'/>
	<end value='2015-04-11.20:06:37'/>
	<frames value='14417'/>
	<gameDuration value='901'/>

	<player>
		<unitScore value='3025'/>
		<killScore value='1000'/>
		<buildingScore value='1150'/>
		<razingScore value='0'/>
		<mineralScore value='4170'/>
		<gasScore value='344'/>
		<totalScore value='9689'/>
	</player>

	<enemy>
		<race value='Protoss'/>
		<unitScore value='3550'/>
		<unitScore value='3550'/>
		<killScore value='6050'/>
		<buildingScore value='2375'/>
		<razingScore value='3450'/>
		<mineralScore value='7330'/>
		<gasScore value='1232'/>
		<totalScore value='23987'/>
	</enemy>

	<scoreRatio value='0.403927'/>
</results>
