<results>
	<result value='loss'/>
	<start value='2015-04-11.20:16:10'/>
	<end value='2015-04-11.20:16:23'/>
	<frames value='14634'/>
	<gameDuration value='914'/>

	<player>
		<unitScore value='3525'/>
		<killScore value='800'/>
		<buildingScore value='1225'/>
		<razingScore value='0'/>
		<mineralScore value='4858'/>
		<gasScore value='824'/>
		<totalScore value='11232'/>
	</player>

	<enemy>
		<race value='Protoss'/>
		<unitScore value='3550'/>
		<unitScore value='3550'/>
		<killScore value='7150'/>
		<buildingScore value='2825'/>
		<razingScore value='3525'/>
		<mineralScore value='7578'/>
		<gasScore value='1408'/>
		<totalScore value='26036'/>
	</enemy>

	<scoreRatio value='0.431403'/>
</results>
