<results>
	<result value='loss'/>
	<start value='2015-04-08.04:03:14'/>
	<end value='2015-04-08.04:03:32'/>
	<frames value='33296'/>
	<gameDuration value='2081'/>

	<player>
		<unitScore value='8700'/>
		<killScore value='6150'/>
		<buildingScore value='2050'/>
		<razingScore value='0'/>
		<mineralScore value='10542'/>
		<gasScore value='2168'/>
		<totalScore value='29610'/>
	</player>

	<enemy>
		<race value='Protoss'/>
		<unitScore value='16775'/>
		<unitScore value='16775'/>
		<killScore value='17400'/>
		<buildingScore value='6925'/>
		<razingScore value='6150'/>
		<mineralScore value='20610'/>
		<gasScore value='8184'/>
		<totalScore value='76044'/>
	</enemy>

	<scoreRatio value='0.38938'/>
</results>
