<results>
	<result value='win'/>
	<start value='2015-05-10.19:06:13'/>
	<end value='2015-05-10.19:06:35'/>
	<frames value='22973'/>
	<gameDuration value='1435'/>

	<player>
		<unitScore value='14675'/>
		<killScore value='17400'/>
		<buildingScore value='3575'/>
		<razingScore value='5460'/>
		<mineralScore value='19530'/>
		<gasScore value='1536'/>
		<totalScore value='62176'/>
	</player>

	<enemy>
		<race value='Zerg'/>
		<unitScore value='8575'/>
		<unitScore value='8575'/>
		<killScore value='13750'/>
		<buildingScore value='1820'/>
		<razingScore value='0'/>
		<mineralScore value='8946'/>
		<gasScore value='2880'/>
		<totalScore value='35971'/>
	</enemy>

	<scoreRatio value='1.7285'/>
	<timeFitness value='0.800694'/>
	<unitsAverage value='76'/>
</results>
