<results>
	<result value='win'/>
	<start value='2014-07-08.03:28:06'/>
	<end value='2014-07-08.03:28:28'/>
	<frames value='26414'/>
	<gameDuration value='1650'/>

	<player>
		<unitScore value='14000'/>
		<killScore value='12200'/>
		<buildingScore value='3550'/>
		<razingScore value='12600'/>
		<mineralScore value='20402'/>
		<gasScore value='3336'/>
		<totalScore value='66088'/>
	</player>

	<enemy>
		<race value='Protoss'/>
		<unitScore value='6100'/>
		<unitScore value='6100'/>
		<killScore value='9900'/>
		<buildingScore value='4200'/>
		<razingScore value='150'/>
		<mineralScore value='12298'/>
		<gasScore value='1872'/>
		<totalScore value='34520'/>
	</enemy>

	<scoreRatio value='1.91448'/>
</results>
