<results>
	<result value='draw'/>
	<start value='2014-07-08.03:39:56'/>
	<end value='2014-07-08.03:41:15'/>
	<frames value='57601'/>
	<gameDuration value='3600'/>

	<player>
		<unitScore value='35900'/>
		<killScore value='33400'/>
		<buildingScore value='3875'/>
		<razingScore value='9750'/>
		<mineralScore value='37158'/>
		<gasScore value='9404'/>
		<totalScore value='129487'/>
	</player>

	<enemy>
		<race value='Protoss'/>
		<unitScore value='19325'/>
		<unitScore value='19325'/>
		<killScore value='58100'/>
		<buildingScore value='7000'/>
		<razingScore value='150'/>
		<mineralScore value='25886'/>
		<gasScore value='10446'/>
		<totalScore value='120907'/>
	</enemy>

	<scoreRatio value='1.07096'/>
</results>
