<results>
	<result value='loss'/>
	<start value='2014-07-08.03:53:02'/>
	<end value='2014-07-08.03:53:08'/>
	<frames value='14417'/>
	<gameDuration value='901'/>

	<player>
		<unitScore value='2700'/>
		<killScore value='400'/>
		<buildingScore value='1625'/>
		<razingScore value='0'/>
		<mineralScore value='4338'/>
		<gasScore value='808'/>
		<totalScore value='9871'/>
	</player>

	<enemy>
		<race value='Protoss'/>
		<unitScore value='3550'/>
		<unitScore value='3550'/>
		<killScore value='5400'/>
		<buildingScore value='2425'/>
		<razingScore value='4875'/>
		<mineralScore value='7442'/>
		<gasScore value='1336'/>
		<totalScore value='25028'/>
	</enemy>

	<scoreRatio value='0.394398'/>
</results>
