<results>
	<result value='loss'/>
	<start value='2015-04-11.15:44:20'/>
	<end value='2015-04-11.15:45:11'/>
	<frames value='36055'/>
	<gameDuration value='2253'/>

	<player>
		<unitScore value='14125'/>
		<killScore value='8100'/>
		<buildingScore value='3975'/>
		<razingScore value='0'/>
		<mineralScore value='19850'/>
		<gasScore value='2112'/>
		<totalScore value='48162'/>
	</player>

	<enemy>
		<race value='Protoss'/>
		<unitScore value='21900'/>
		<unitScore value='21900'/>
		<killScore value='28500'/>
		<buildingScore value='7175'/>
		<razingScore value='11925'/>
		<mineralScore value='24130'/>
		<gasScore value='8774'/>
		<totalScore value='102404'/>
	</enemy>

	<scoreRatio value='0.470314'/>
</results>
