<results>
	<result value='loss'/>
	<start value='2015-04-11.06:24:14'/>
	<end value='2015-04-11.06:25:25'/>
	<frames value='47959'/>
	<gameDuration value='2997'/>

	<player>
		<unitScore value='20900'/>
		<killScore value='27100'/>
		<buildingScore value='2825'/>
		<razingScore value='1650'/>
		<mineralScore value='23914'/>
		<gasScore value='4280'/>
		<totalScore value='80669'/>
	</player>

	<enemy>
		<race value='Protoss'/>
		<unitScore value='37720'/>
		<unitScore value='37720'/>
		<killScore value='41550'/>
		<buildingScore value='8475'/>
		<razingScore value='8475'/>
		<mineralScore value='33942'/>
		<gasScore value='13426'/>
		<totalScore value='143588'/>
	</enemy>

	<scoreRatio value='0.561809'/>
</results>
