<results>
	<result value='win'/>
	<start value='2015-05-11.07:00:54'/>
	<end value='2015-05-11.07:01:37'/>
	<frames value='32738'/>
	<gameDuration value='2046'/>

	<player>
		<unitScore value='19175'/>
		<killScore value='34555'/>
		<buildingScore value='4750'/>
		<razingScore value='7080'/>
		<mineralScore value='25154'/>
		<gasScore value='2896'/>
		<totalScore value='93610'/>
	</player>

	<enemy>
		<race value='Zerg'/>
		<unitScore value='15400'/>
		<unitScore value='15400'/>
		<killScore value='19800'/>
		<buildingScore value='2360'/>
		<razingScore value='2100'/>
		<mineralScore value='14274'/>
		<gasScore value='4152'/>
		<totalScore value='58086'/>
	</enemy>

	<scoreRatio value='1.61158'/>
	<timeFitness value='0.715833'/>
	<unitsAverage value='81'/>
</results>
