<results>
	<result value='win'/>
	<start value='2015-05-11.07:21:57'/>
	<end value='2015-05-11.07:22:30'/>
	<frames value='26352'/>
	<gameDuration value='1647'/>

	<player>
		<unitScore value='16100'/>
		<killScore value='29260'/>
		<buildingScore value='3800'/>
		<razingScore value='5520'/>
		<mineralScore value='20366'/>
		<gasScore value='2688'/>
		<totalScore value='77734'/>
	</player>

	<enemy>
		<race value='Zerg'/>
		<unitScore value='13550'/>
		<unitScore value='13550'/>
		<killScore value='15550'/>
		<buildingScore value='1840'/>
		<razingScore value='0'/>
		<mineralScore value='12190'/>
		<gasScore value='3328'/>
		<totalScore value='46458'/>
	</enemy>

	<scoreRatio value='1.67321'/>
	<timeFitness value='0.77125'/>
	<unitsAverage value='77'/>
</results>
