<results>
	<result value='win'/>
	<start value='2015-05-06.12:26:42'/>
	<end value='2015-05-06.12:27:22'/>
	<frames value='31157'/>
	<gameDuration value='1947'/>

	<player>
		<unitScore value='20725'/>
		<killScore value='42430'/>
		<buildingScore value='3625'/>
		<razingScore value='6495'/>
		<mineralScore value='31242'/>
		<gasScore value='2872'/>
		<totalScore value='107389'/>
	</player>

	<enemy>
		<race value='Zerg'/>
		<unitScore value='17625'/>
		<unitScore value='17625'/>
		<killScore value='17750'/>
		<buildingScore value='2165'/>
		<razingScore value='0'/>
		<mineralScore value='15686'/>
		<gasScore value='4864'/>
		<totalScore value='58090'/>
	</enemy>

	<scoreRatio value='1.84867'/>
	<timeFitness value='0.729583'/>
	<unitsAverage value='109'/>
</results>
