<results>
	<result value='loss'/>
	<start value='2015-05-10.11:45:34'/>
	<end value='2015-05-10.11:45:38'/>
	<frames value='7814'/>
	<gameDuration value='488'/>

	<player>
		<unitScore value='1050'/>
		<killScore value='0'/>
		<buildingScore value='750'/>
		<razingScore value='0'/>
		<mineralScore value='1738'/>
		<gasScore value='224'/>
		<totalScore value='3762'/>
	</player>

	<enemy>
		<race value='Zerg'/>
		<unitScore value='1350'/>
		<unitScore value='1350'/>
		<killScore value='2000'/>
		<buildingScore value='700'/>
		<razingScore value='2475'/>
		<mineralScore value='1962'/>
		<gasScore value='16'/>
		<totalScore value='8503'/>
	</enemy>

	<scoreRatio value='0.442432'/>
	<timeFitness value='0.0677778'/>
	<unitsAverage value='13'/>
</results>
