<results>
	<result value='draw'/>
	<start value='2015-05-10.11:48:36'/>
	<end value='2015-05-10.11:49:46'/>
	<frames value='57601'/>
	<gameDuration value='3600'/>

	<player>
		<unitScore value='23275'/>
		<killScore value='46700'/>
		<buildingScore value='4850'/>
		<razingScore value='1965'/>
		<mineralScore value='26310'/>
		<gasScore value='3520'/>
		<totalScore value='106620'/>
	</player>

	<enemy>
		<race value='Zerg'/>
		<unitScore value='33300'/>
		<unitScore value='33300'/>
		<killScore value='30800'/>
		<buildingScore value='4725'/>
		<razingScore value='7725'/>
		<mineralScore value='28382'/>
		<gasScore value='11042'/>
		<totalScore value='115974'/>
	</enemy>

	<scoreRatio value='0.919344'/>
	<timeFitness value='0.5'/>
	<unitsAverage value='95'/>
</results>
