<results>
	<result value='draw'/>
	<start value='2015-05-04.01:51:25'/>
	<end value='2015-05-04.01:52:25'/>
	<frames value='57601'/>
	<gameDuration value='3600'/>

	<player>
		<unitScore value='21450'/>
		<killScore value='39425'/>
		<buildingScore value='3550'/>
		<razingScore value='3990'/>
		<mineralScore value='23086'/>
		<gasScore value='6216'/>
		<totalScore value='97717'/>
	</player>

	<enemy>
		<race value='Zerg'/>
		<unitScore value='22725'/>
		<unitScore value='22725'/>
		<killScore value='35600'/>
		<buildingScore value='4965'/>
		<razingScore value='2925'/>
		<mineralScore value='23566'/>
		<gasScore value='9852'/>
		<totalScore value='99633'/>
	</enemy>

	<scoreRatio value='0.980769'/>
	<timeFitness value='0.5'/>
	<unitsAverage value='93'/>
</results>
