<results>
	<result value='win'/>
	<start value='2015-04-28.00:48:04'/>
	<end value='2015-04-28.00:48:25'/>
	<frames value='29266'/>
	<gameDuration value='1829'/>

	<player>
		<unitScore value='14300'/>
		<killScore value='22800'/>
		<buildingScore value='4675'/>
		<razingScore value='10275'/>
		<mineralScore value='22090'/>
		<gasScore value='2656'/>
		<totalScore value='76796'/>
	</player>

	<enemy>
		<race value='Terran'/>
		<unitScore value='11800'/>
		<unitScore value='11800'/>
		<killScore value='11900'/>
		<buildingScore value='3425'/>
		<razingScore value='1950'/>
		<mineralScore value='11102'/>
		<gasScore value='4752'/>
		<totalScore value='44929'/>
	</enemy>

	<scoreRatio value='1.70927'/>
</results>
