<results>
	<result value='draw'/>
	<start value='2015-05-07.14:48:43'/>
	<end value='2015-05-07.14:49:38'/>
	<frames value='57601'/>
	<gameDuration value='3600'/>

	<player>
		<unitScore value='22325'/>
		<killScore value='44100'/>
		<buildingScore value='2175'/>
		<razingScore value='9825'/>
		<mineralScore value='24098'/>
		<gasScore value='4360'/>
		<totalScore value='106883'/>
	</player>

	<enemy>
		<race value='Protoss'/>
		<unitScore value='25550'/>
		<unitScore value='25550'/>
		<killScore value='40900'/>
		<buildingScore value='8775'/>
		<razingScore value='150'/>
		<mineralScore value='29258'/>
		<gasScore value='13206'/>
		<totalScore value='117839'/>
	</enemy>

	<scoreRatio value='0.907026'/>
	<timeFitness value='0.5'/>
	<unitsAverage value='85'/>
</results>
