<results>
	<result value='loss'/>
	<start value='2015-07-19.09:13:00'/>
	<end value='2015-07-19.09:14:05'/>
	<frames value='39620'/>
	<gameDuration value='2476'/>

	<player>
		<unitScore value='24650'/>
		<killScore value='17500'/>
		<buildingScore value='2525'/>
		<razingScore value='1800'/>
		<mineralScore value='22266'/>
		<gasScore value='3688'/>
		<totalScore value='72429'/>
	</player>

	<enemy>
		<race value='Protoss'/>
		<unitScore value='26050'/>
		<killScore value='41450'/>
		<buildingScore value='8325'/>
		<razingScore value='7575'/>
		<mineralScore value='28058'/>
		<gasScore value='9680'/>
		<totalScore value='121138'/>
	</enemy>

	<scoreRatio value='0.597905'/>
	<timeFitness value='0.343889'/>
	<unitsAverage value='93'/>
</results>
