<results>
	<result value='loss'/>
	<start value='2015-07-18.04:29:00'/>
	<end value='2015-07-18.04:29:40'/>
	<frames value='30413'/>
	<gameDuration value='1900'/>

	<player>
		<unitScore value='12925'/>
		<killScore value='7350'/>
		<buildingScore value='3550'/>
		<razingScore value='0'/>
		<mineralScore value='14914'/>
		<gasScore value='1760'/>
		<totalScore value='40499'/>
	</player>

	<enemy>
		<race value='Terran'/>
		<unitScore value='15700'/>
		<killScore value='25850'/>
		<buildingScore value='4125'/>
		<razingScore value='10650'/>
		<mineralScore value='15290'/>
		<gasScore value='7360'/>
		<totalScore value='78975'/>
	</enemy>

	<scoreRatio value='0.512808'/>
	<timeFitness value='0.263889'/>
	<unitsAverage value='42'/>
</results>
