<results>
	<result value='loss'/>
	<start value='2015-05-03.04:29:01'/>
	<end value='2015-05-03.04:29:12'/>
	<frames value='18788'/>
	<gameDuration value='1174'/>

	<player>
		<unitScore value='3950'/>
		<killScore value='3750'/>
		<buildingScore value='2050'/>
		<razingScore value='0'/>
		<mineralScore value='6226'/>
		<gasScore value='912'/>
		<totalScore value='16888'/>
	</player>

	<enemy>
		<race value='Terran'/>
		<unitScore value='7375'/>
		<unitScore value='7375'/>
		<killScore value='7900'/>
		<buildingScore value='2800'/>
		<razingScore value='6150'/>
		<mineralScore value='8770'/>
		<gasScore value='3128'/>
		<totalScore value='36123'/>
	</enemy>

	<scoreRatio value='0.467514'/>
	<timeFitness value='0.163056'/>
	<unitsAverage value='28'/>
</results>
