<results>
	<result value='win'/>
	<start value='2015-05-03.04:38:51'/>
	<end value='2015-05-03.04:39:19'/>
	<frames value='25484'/>
	<gameDuration value='1592'/>

	<player>
		<unitScore value='12850'/>
		<killScore value='19400'/>
		<buildingScore value='3950'/>
		<razingScore value='7500'/>
		<mineralScore value='19634'/>
		<gasScore value='2664'/>
		<totalScore value='65998'/>
	</player>

	<enemy>
		<race value='Terran'/>
		<unitScore value='9700'/>
		<unitScore value='9700'/>
		<killScore value='7650'/>
		<buildingScore value='2500'/>
		<razingScore value='1725'/>
		<mineralScore value='11554'/>
		<gasScore value='3744'/>
		<totalScore value='36873'/>
	</enemy>

	<scoreRatio value='1.78987'/>
	<timeFitness value='0.778889'/>
	<unitsAverage value='79'/>
</results>
