<results>
	<result value='loss'/>
	<start value='2015-05-03.04:40:07'/>
	<end value='2015-05-03.04:40:19'/>
	<frames value='17982'/>
	<gameDuration value='1123'/>

	<player>
		<unitScore value='4875'/>
		<killScore value='1850'/>
		<buildingScore value='2125'/>
		<razingScore value='0'/>
		<mineralScore value='7266'/>
		<gasScore value='944'/>
		<totalScore value='17060'/>
	</player>

	<enemy>
		<race value='Terran'/>
		<unitScore value='6225'/>
		<unitScore value='6225'/>
		<killScore value='9750'/>
		<buildingScore value='2850'/>
		<razingScore value='6375'/>
		<mineralScore value='8170'/>
		<gasScore value='2808'/>
		<totalScore value='36178'/>
	</enemy>

	<scoreRatio value='0.471557'/>
	<timeFitness value='0.155972'/>
	<unitsAverage value='33'/>
</results>
