<results>
	<result value='win'/>
	<start value='2014-07-05.11:27:55'/>
	<end value='2014-07-05.11:28:23'/>
	<frames value='32428'/>
	<gameDuration value='2026'/>

	<player>
		<unitScore value='18000'/>
		<killScore value='29150'/>
		<buildingScore value='4825'/>
		<razingScore value='10425'/>
		<mineralScore value='25614'/>
		<gasScore value='4096'/>
		<totalScore value='92110'/>
	</player>

	<enemy>
		<race value='Terran'/>
		<unitScore value='14575'/>
		<unitScore value='14575'/>
		<killScore value='11500'/>
		<buildingScore value='3475'/>
		<razingScore value='2250'/>
		<mineralScore value='12934'/>
		<gasScore value='5728'/>
		<totalScore value='50462'/>
	</enemy>

	<scoreRatio value='1.82533'/>
</results>
