<results>
	<result value='loss'/>
	<start value='2014-07-05.11:30:40'/>
	<end value='2014-07-05.11:30:52'/>
	<frames value='30320'/>
	<gameDuration value='1895'/>

	<player>
		<unitScore value='4900'/>
		<killScore value='3600'/>
		<buildingScore value='1500'/>
		<razingScore value='0'/>
		<mineralScore value='6018'/>
		<gasScore value='560'/>
		<totalScore value='16578'/>
	</player>

	<enemy>
		<race value='Terran'/>
		<unitScore value='14600'/>
		<unitScore value='14600'/>
		<killScore value='9800'/>
		<buildingScore value='4675'/>
		<razingScore value='4500'/>
		<mineralScore value='15726'/>
		<gasScore value='8242'/>
		<totalScore value='57543'/>
	</enemy>

	<scoreRatio value='0.288098'/>
</results>
