<results>
	<result value='loss'/>
	<start value='2015-04-09.02:57:18'/>
	<end value='2015-04-09.02:57:46'/>
	<frames value='41821'/>
	<gameDuration value='2613'/>

	<player>
		<unitScore value='14225'/>
		<killScore value='17500'/>
		<buildingScore value='2625'/>
		<razingScore value='2100'/>
		<mineralScore value='17474'/>
		<gasScore value='1696'/>
		<totalScore value='55620'/>
	</player>

	<enemy>
		<race value='Protoss'/>
		<unitScore value='25675'/>
		<unitScore value='25675'/>
		<killScore value='28450'/>
		<buildingScore value='7675'/>
		<razingScore value='7875'/>
		<mineralScore value='26618'/>
		<gasScore value='10090'/>
		<totalScore value='106383'/>
	</enemy>

	<scoreRatio value='0.522828'/>
</results>
