<results>
	<result value='win'/>
	<start value='2015-05-01.21:10:41'/>
	<end value='2015-05-01.21:11:02'/>
	<frames value='27375'/>
	<gameDuration value='1710'/>

	<player>
		<unitScore value='19950'/>
		<killScore value='26190'/>
		<buildingScore value='3700'/>
		<razingScore value='6255'/>
		<mineralScore value='25078'/>
		<gasScore value='2120'/>
		<totalScore value='83293'/>
	</player>

	<enemy>
		<race value='Zerg'/>
		<unitScore value='12325'/>
		<unitScore value='12325'/>
		<killScore value='19450'/>
		<buildingScore value='2085'/>
		<razingScore value='0'/>
		<mineralScore value='11362'/>
		<gasScore value='3448'/>
		<totalScore value='48670'/>
	</enemy>

	<scoreRatio value='1.71138'/>
	<timeFitness value='0.7625'/>
	<unitsAverage value='94'/>
</results>
