<results>
	<result value='win'/>
	<start value='2015-05-08.21:23:40'/>
	<end value='2015-05-08.21:24:22'/>
	<frames value='39899'/>
	<gameDuration value='2493'/>

	<player>
		<unitScore value='27050'/>
		<killScore value='43350'/>
		<buildingScore value='3900'/>
		<razingScore value='17625'/>
		<mineralScore value='30846'/>
		<gasScore value='3504'/>
		<totalScore value='126275'/>
	</player>

	<enemy>
		<race value='Protoss'/>
		<unitScore value='22475'/>
		<unitScore value='22475'/>
		<killScore value='31400'/>
		<buildingScore value='5875'/>
		<razingScore value='150'/>
		<mineralScore value='21394'/>
		<gasScore value='5916'/>
		<totalScore value='87210'/>
	</enemy>

	<scoreRatio value='1.44794'/>
	<timeFitness value='0.65375'/>
	<unitsAverage value='109'/>
</results>
