<results>
	<result value='draw'/>
	<start value='2015-05-08.21:25:53'/>
	<end value='2015-05-08.21:26:45'/>
	<frames value='57601'/>
	<gameDuration value='3600'/>

	<player>
		<unitScore value='26725'/>
		<killScore value='49800'/>
		<buildingScore value='3500'/>
		<razingScore value='22500'/>
		<mineralScore value='29790'/>
		<gasScore value='5250'/>
		<totalScore value='137565'/>
	</player>

	<enemy>
		<race value='Protoss'/>
		<unitScore value='26175'/>
		<unitScore value='26175'/>
		<killScore value='42250'/>
		<buildingScore value='8600'/>
		<razingScore value='1350'/>
		<mineralScore value='27654'/>
		<gasScore value='8514'/>
		<totalScore value='114543'/>
	</enemy>

	<scoreRatio value='1.20099'/>
	<timeFitness value='0.5'/>
	<unitsAverage value='99'/>
</results>
