<results>
	<result value='win'/>
	<start value='2015-05-04.02:14:43'/>
	<end value='2015-05-04.02:15:07'/>
	<frames value='22167'/>
	<gameDuration value='1385'/>

	<player>
		<unitScore value='12100'/>
		<killScore value='18035'/>
		<buildingScore value='3175'/>
		<razingScore value='4560'/>
		<mineralScore value='17754'/>
		<gasScore value='1272'/>
		<totalScore value='56896'/>
	</player>

	<enemy>
		<race value='Zerg'/>
		<unitScore value='8250'/>
		<unitScore value='8250'/>
		<killScore value='7900'/>
		<buildingScore value='1520'/>
		<razingScore value='0'/>
		<mineralScore value='7610'/>
		<gasScore value='2200'/>
		<totalScore value='27480'/>
	</enemy>

	<scoreRatio value='2.07045'/>
	<timeFitness value='0.807639'/>
	<unitsAverage value='79'/>
</results>
