<results>
	<result value='win'/>
	<start value='2015-05-04.02:19:25'/>
	<end value='2015-05-04.02:20:03'/>
	<frames value='28863'/>
	<gameDuration value='1803'/>

	<player>
		<unitScore value='20300'/>
		<killScore value='29080'/>
		<buildingScore value='3400'/>
		<razingScore value='5775'/>
		<mineralScore value='24602'/>
		<gasScore value='1776'/>
		<totalScore value='84933'/>
	</player>

	<enemy>
		<race value='Zerg'/>
		<unitScore value='13900'/>
		<unitScore value='13900'/>
		<killScore value='18950'/>
		<buildingScore value='1925'/>
		<razingScore value='0'/>
		<mineralScore value='11954'/>
		<gasScore value='3776'/>
		<totalScore value='50505'/>
	</enemy>

	<scoreRatio value='1.68168'/>
	<timeFitness value='0.749583'/>
	<unitsAverage value='102'/>
</results>
