<results>
	<result value='loss'/>
	<start value='2015-07-13.10:09:10'/>
	<end value='2015-07-13.10:09:16'/>
	<frames value='14014'/>
	<gameDuration value='875'/>

	<player>
		<unitScore value='2300'/>
		<killScore value='0'/>
		<buildingScore value='1600'/>
		<razingScore value='0'/>
		<mineralScore value='3882'/>
		<gasScore value='712'/>
		<totalScore value='8494'/>
	</player>

	<enemy>
		<race value='Protoss'/>
		<unitScore value='3550'/>
		<killScore value='4250'/>
		<buildingScore value='2375'/>
		<razingScore value='4800'/>
		<mineralScore value='7242'/>
		<gasScore value='1208'/>
		<totalScore value='23425'/>
	</enemy>

	<scoreRatio value='0.362604'/>
	<timeFitness value='0.121528'/>
	<unitsAverage value='21'/>
</results>
