<results>
	<result value='loss'/>
	<start value='2015-07-13.10:09:46'/>
	<end value='2015-07-13.10:09:54'/>
	<frames value='14448'/>
	<gameDuration value='903'/>

	<player>
		<unitScore value='2725'/>
		<killScore value='300'/>
		<buildingScore value='1625'/>
		<razingScore value='0'/>
		<mineralScore value='4090'/>
		<gasScore value='552'/>
		<totalScore value='9292'/>
	</player>

	<enemy>
		<race value='Protoss'/>
		<unitScore value='3600'/>
		<killScore value='5250'/>
		<buildingScore value='2375'/>
		<razingScore value='4875'/>
		<mineralScore value='7386'/>
		<gasScore value='1208'/>
		<totalScore value='24694'/>
	</enemy>

	<scoreRatio value='0.376286'/>
	<timeFitness value='0.125417'/>
	<unitsAverage value='20'/>
</results>
