<results>
	<result value='loss'/>
	<start value='2015-03-28.14:03:33'/>
	<end value='2015-03-28.14:04:11'/>
	<frames value='41852'/>
	<gameDuration value='2615'/>

	<player>
		<unitScore value='17075'/>
		<killScore value='16500'/>
		<buildingScore value='3175'/>
		<razingScore value='1050'/>
		<mineralScore value='19898'/>
		<gasScore value='3664'/>
		<totalScore value='61362'/>
	</player>

	<enemy>
		<race value='Protoss'/>
		<unitScore value='26700'/>
		<unitScore value='26700'/>
		<killScore value='33900'/>
		<buildingScore value='7525'/>
		<razingScore value='9525'/>
		<mineralScore value='27578'/>
		<gasScore value='9734'/>
		<totalScore value='114962'/>
	</enemy>

	<scoreRatio value='0.533759'/>
</results>
