<results>
	<result value='loss'/>
	<start value='2015-05-05.00:43:05'/>
	<end value='2015-05-05.00:43:12'/>
	<frames value='16029'/>
	<gameDuration value='1001'/>

	<player>
		<unitScore value='3350'/>
		<killScore value='1800'/>
		<buildingScore value='1425'/>
		<razingScore value='0'/>
		<mineralScore value='4570'/>
		<gasScore value='616'/>
		<totalScore value='11761'/>
	</player>

	<enemy>
		<race value='Protoss'/>
		<unitScore value='3750'/>
		<unitScore value='3750'/>
		<killScore value='6700'/>
		<buildingScore value='3425'/>
		<razingScore value='4275'/>
		<mineralScore value='8234'/>
		<gasScore value='1520'/>
		<totalScore value='27904'/>
	</enemy>

	<scoreRatio value='0.421481'/>
	<timeFitness value='0.139028'/>
	<unitsAverage value='22'/>
</results>
