<results>
	<result value='loss'/>
	<start value='2015-05-05.00:44:47'/>
	<end value='2015-05-05.00:44:54'/>
	<frames value='15471'/>
	<gameDuration value='966'/>

	<player>
		<unitScore value='2925'/>
		<killScore value='600'/>
		<buildingScore value='1600'/>
		<razingScore value='0'/>
		<mineralScore value='4802'/>
		<gasScore value='608'/>
		<totalScore value='10535'/>
	</player>

	<enemy>
		<race value='Protoss'/>
		<unitScore value='3550'/>
		<unitScore value='3550'/>
		<killScore value='5850'/>
		<buildingScore value='2875'/>
		<razingScore value='4800'/>
		<mineralScore value='7818'/>
		<gasScore value='1568'/>
		<totalScore value='26461'/>
	</enemy>

	<scoreRatio value='0.398133'/>
	<timeFitness value='0.134167'/>
	<unitsAverage value='23'/>
</results>
