<results>
	<result value='win'/>
	<start value='2015-05-05.00:55:43'/>
	<end value='2015-05-05.00:56:14'/>
	<frames value='28987'/>
	<gameDuration value='1811'/>

	<player>
		<unitScore value='18375'/>
		<killScore value='18400'/>
		<buildingScore value='3750'/>
		<razingScore value='14475'/>
		<mineralScore value='22586'/>
		<gasScore value='2104'/>
		<totalScore value='79690'/>
	</player>

	<enemy>
		<race value='Protoss'/>
		<unitScore value='9200'/>
		<unitScore value='9200'/>
		<killScore value='16650'/>
		<buildingScore value='4825'/>
		<razingScore value='0'/>
		<mineralScore value='21594'/>
		<gasScore value='936'/>
		<totalScore value='53205'/>
	</enemy>

	<scoreRatio value='1.49779'/>
	<timeFitness value='0.748472'/>
	<unitsAverage value='91'/>
</results>
