<results>
	<result value='win'/>
	<start value='2014-07-22.18:49:28'/>
	<end value='2014-07-22.18:49:50'/>
	<frames value='23314'/>
	<gameDuration value='1457'/>

	<player>
		<unitScore value='13400'/>
		<killScore value='21530'/>
		<buildingScore value='4825'/>
		<razingScore value='4710'/>
		<mineralScore value='21630'/>
		<gasScore value='2200'/>
		<totalScore value='68295'/>
	</player>

	<enemy>
		<race value='Zerg'/>
		<unitScore value='9800'/>
		<unitScore value='9800'/>
		<killScore value='5000'/>
		<buildingScore value='1570'/>
		<razingScore value='0'/>
		<mineralScore value='9410'/>
		<gasScore value='2400'/>
		<totalScore value='28180'/>
	</enemy>

	<scoreRatio value='2.42353'/>
</results>
