<results>
	<result value='win'/>
	<start value='2015-05-04.18:21:20'/>
	<end value='2015-05-04.18:21:52'/>
	<frames value='25577'/>
	<gameDuration value='1598'/>

	<player>
		<unitScore value='11175'/>
		<killScore value='12300'/>
		<buildingScore value='3100'/>
		<razingScore value='13125'/>
		<mineralScore value='15262'/>
		<gasScore value='1464'/>
		<totalScore value='56426'/>
	</player>

	<enemy>
		<race value='Protoss'/>
		<unitScore value='6150'/>
		<unitScore value='6150'/>
		<killScore value='7350'/>
		<buildingScore value='4375'/>
		<razingScore value='300'/>
		<mineralScore value='9994'/>
		<gasScore value='1368'/>
		<totalScore value='29537'/>
	</enemy>

	<scoreRatio value='1.91035'/>
	<timeFitness value='0.778056'/>
	<unitsAverage value='67'/>
</results>
