<results>
	<result value='win'/>
	<start value='2015-05-10.16:05:16'/>
	<end value='2015-05-10.16:05:39'/>
	<frames value='25453'/>
	<gameDuration value='1590'/>

	<player>
		<unitScore value='13600'/>
		<killScore value='26610'/>
		<buildingScore value='3925'/>
		<razingScore value='3660'/>
		<mineralScore value='24682'/>
		<gasScore value='2160'/>
		<totalScore value='74637'/>
	</player>

	<enemy>
		<race value='Zerg'/>
		<unitScore value='11500'/>
		<unitScore value='11500'/>
		<killScore value='8950'/>
		<buildingScore value='1220'/>
		<razingScore value='0'/>
		<mineralScore value='9546'/>
		<gasScore value='2712'/>
		<totalScore value='33928'/>
	</enemy>

	<scoreRatio value='2.19986'/>
	<timeFitness value='0.779167'/>
	<unitsAverage value='78'/>
</results>
