<results>
	<result value='win'/>
	<start value='2015-05-03.14:24:28'/>
	<end value='2015-05-03.14:24:49'/>
	<frames value='24802'/>
	<gameDuration value='1550'/>

	<player>
		<unitScore value='16075'/>
		<killScore value='27170'/>
		<buildingScore value='3675'/>
		<razingScore value='4680'/>
		<mineralScore value='23490'/>
		<gasScore value='2560'/>
		<totalScore value='77650'/>
	</player>

	<enemy>
		<race value='Zerg'/>
		<unitScore value='11875'/>
		<unitScore value='11875'/>
		<killScore value='13750'/>
		<buildingScore value='1560'/>
		<razingScore value='0'/>
		<mineralScore value='10570'/>
		<gasScore value='2936'/>
		<totalScore value='40691'/>
	</enemy>

	<scoreRatio value='1.90828'/>
	<timeFitness value='0.784722'/>
	<unitsAverage value='86'/>
</results>
