<results>
	<result value='win'/>
	<start value='2015-05-10.16:18:18'/>
	<end value='2015-05-10.16:18:51'/>
	<frames value='28677'/>
	<gameDuration value='1792'/>

	<player>
		<unitScore value='19325'/>
		<killScore value='19040'/>
		<buildingScore value='4500'/>
		<razingScore value='5700'/>
		<mineralScore value='28578'/>
		<gasScore value='2832'/>
		<totalScore value='79975'/>
	</player>

	<enemy>
		<race value='Zerg'/>
		<unitScore value='9325'/>
		<unitScore value='9325'/>
		<killScore value='16850'/>
		<buildingScore value='1900'/>
		<razingScore value='0'/>
		<mineralScore value='9266'/>
		<gasScore value='2664'/>
		<totalScore value='40005'/>
	</enemy>

	<scoreRatio value='1.99913'/>
	<timeFitness value='0.751111'/>
	<unitsAverage value='104'/>
</results>
