<results>
	<result value='draw'/>
	<start value='2015-05-04.04:15:11'/>
	<end value='2015-05-04.04:16:09'/>
	<frames value='57601'/>
	<gameDuration value='3600'/>

	<player>
		<unitScore value='30275'/>
		<killScore value='44550'/>
		<buildingScore value='3475'/>
		<razingScore value='5025'/>
		<mineralScore value='31682'/>
		<gasScore value='5566'/>
		<totalScore value='120573'/>
	</player>

	<enemy>
		<race value='Protoss'/>
		<unitScore value='32925'/>
		<unitScore value='32925'/>
		<killScore value='54150'/>
		<buildingScore value='7575'/>
		<razingScore value='1125'/>
		<mineralScore value='31258'/>
		<gasScore value='10388'/>
		<totalScore value='137421'/>
	</enemy>

	<scoreRatio value='0.877399'/>
	<timeFitness value='0.5'/>
	<unitsAverage value='114'/>
</results>
