<results>
	<result value='loss'/>
	<start value='2015-04-10.16:43:39'/>
	<end value='2015-04-10.16:44:12'/>
	<frames value='33978'/>
	<gameDuration value='2123'/>

	<player>
		<unitScore value='8725'/>
		<killScore value='7900'/>
		<buildingScore value='2500'/>
		<razingScore value='0'/>
		<mineralScore value='11530'/>
		<gasScore value='1504'/>
		<totalScore value='32159'/>
	</player>

	<enemy>
		<race value='Protoss'/>
		<unitScore value='17650'/>
		<unitScore value='17650'/>
		<killScore value='17450'/>
		<buildingScore value='6925'/>
		<razingScore value='7500'/>
		<mineralScore value='21506'/>
		<gasScore value='8296'/>
		<totalScore value='79327'/>
	</enemy>

	<scoreRatio value='0.405398'/>
</results>
