<results>
	<result value='loss'/>
	<start value='2014-07-22.23:05:19'/>
	<end value='2014-07-22.23:05:25'/>
	<frames value='14200'/>
	<gameDuration value='887'/>

	<player>
		<unitScore value='2725'/>
		<killScore value='1400'/>
		<buildingScore value='1400'/>
		<razingScore value='0'/>
		<mineralScore value='4106'/>
		<gasScore value='640'/>
		<totalScore value='10271'/>
	</player>

	<enemy>
		<race value='Protoss'/>
		<unitScore value='3800'/>
		<unitScore value='3800'/>
		<killScore value='5450'/>
		<buildingScore value='2725'/>
		<razingScore value='4200'/>
		<mineralScore value='7058'/>
		<gasScore value='1448'/>
		<totalScore value='24681'/>
	</enemy>

	<scoreRatio value='0.41615'/>
</results>
