<results>
	<result value='win'/>
	<start value='2015-05-03.14:42:36'/>
	<end value='2015-05-03.14:43:22'/>
	<frames value='30041'/>
	<gameDuration value='1877'/>

	<player>
		<unitScore value='20350'/>
		<killScore value='27000'/>
		<buildingScore value='4175'/>
		<razingScore value='7800'/>
		<mineralScore value='30202'/>
		<gasScore value='2360'/>
		<totalScore value='91887'/>
	</player>

	<enemy>
		<race value='Terran'/>
		<unitScore value='13500'/>
		<unitScore value='13500'/>
		<killScore value='19250'/>
		<buildingScore value='2600'/>
		<razingScore value='150'/>
		<mineralScore value='12050'/>
		<gasScore value='4752'/>
		<totalScore value='52302'/>
	</enemy>

	<scoreRatio value='1.75685'/>
	<timeFitness value='0.739306'/>
	<unitsAverage value='105'/>
</results>
