<results>
	<result value='loss'/>
	<start value='2015-05-08.00:38:05'/>
	<end value='2015-05-08.00:38:12'/>
	<frames value='16711'/>
	<gameDuration value='1044'/>

	<player>
		<unitScore value='3725'/>
		<killScore value='500'/>
		<buildingScore value='1550'/>
		<razingScore value='0'/>
		<mineralScore value='4994'/>
		<gasScore value='432'/>
		<totalScore value='11201'/>
	</player>

	<enemy>
		<race value='Terran'/>
		<unitScore value='5100'/>
		<unitScore value='5100'/>
		<killScore value='7150'/>
		<buildingScore value='1800'/>
		<razingScore value='4650'/>
		<mineralScore value='7650'/>
		<gasScore value='2560'/>
		<totalScore value='28910'/>
	</enemy>

	<scoreRatio value='0.387444'/>
	<timeFitness value='0.145'/>
	<unitsAverage value='25'/>
</results>
