<results>
	<result value='win'/>
	<start value='2014-07-05.10:53:55'/>
	<end value='2014-07-05.10:54:26'/>
	<frames value='29948'/>
	<gameDuration value='1871'/>

	<player>
		<unitScore value='15175'/>
		<killScore value='21620'/>
		<buildingScore value='4925'/>
		<razingScore value='5655'/>
		<mineralScore value='28794'/>
		<gasScore value='2752'/>
		<totalScore value='78921'/>
	</player>

	<enemy>
		<race value='Zerg'/>
		<unitScore value='10175'/>
		<unitScore value='10175'/>
		<killScore value='8750'/>
		<buildingScore value='1885'/>
		<razingScore value='0'/>
		<mineralScore value='10074'/>
		<gasScore value='2984'/>
		<totalScore value='33868'/>
	</enemy>

	<scoreRatio value='2.33025'/>
</results>
