<results>
	<result value='win'/>
	<start value='2015-04-30.21:57:19'/>
	<end value='2015-04-30.21:57:50'/>
	<frames value='25329'/>
	<gameDuration value='1583'/>

	<player>
		<unitScore value='14775'/>
		<killScore value='21395'/>
		<buildingScore value='3900'/>
		<razingScore value='4560'/>
		<mineralScore value='22306'/>
		<gasScore value='2024'/>
		<totalScore value='68960'/>
	</player>

	<enemy>
		<race value='Zerg'/>
		<unitScore value='9625'/>
		<unitScore value='9625'/>
		<killScore value='7850'/>
		<buildingScore value='1520'/>
		<razingScore value='0'/>
		<mineralScore value='9050'/>
		<gasScore value='2528'/>
		<totalScore value='30573'/>
	</enemy>

	<scoreRatio value='2.25558'/>
	<timeFitness value='0.780139'/>
	<unitsAverage value='79'/>
</results>
