<results>
	<result value='win'/>
	<start value='2015-04-30.21:58:45'/>
	<end value='2015-04-30.21:59:06'/>
	<frames value='20555'/>
	<gameDuration value='1284'/>

	<player>
		<unitScore value='10575'/>
		<killScore value='20540'/>
		<buildingScore value='2675'/>
		<razingScore value='4560'/>
		<mineralScore value='16930'/>
		<gasScore value='1560'/>
		<totalScore value='56840'/>
	</player>

	<enemy>
		<race value='Zerg'/>
		<unitScore value='8950'/>
		<unitScore value='8950'/>
		<killScore value='7200'/>
		<buildingScore value='1520'/>
		<razingScore value='0'/>
		<mineralScore value='8234'/>
		<gasScore value='2248'/>
		<totalScore value='28152'/>
	</enemy>

	<scoreRatio value='2.01904'/>
	<timeFitness value='0.821667'/>
	<unitsAverage value='70'/>
</results>
