<results>
	<result value='win'/>
	<start value='2015-04-08.21:22:17'/>
	<end value='2015-04-08.21:22:47'/>
	<frames value='27995'/>
	<gameDuration value='1749'/>

	<player>
		<unitScore value='19350'/>
		<killScore value='11900'/>
		<buildingScore value='3925'/>
		<razingScore value='14400'/>
		<mineralScore value='25650'/>
		<gasScore value='2016'/>
		<totalScore value='77241'/>
	</player>

	<enemy>
		<race value='Protoss'/>
		<unitScore value='5950'/>
		<unitScore value='5950'/>
		<killScore value='15050'/>
		<buildingScore value='4800'/>
		<razingScore value='0'/>
		<mineralScore value='15998'/>
		<gasScore value='920'/>
		<totalScore value='42718'/>
	</enemy>

	<scoreRatio value='1.80816'/>
</results>
