<results>
	<result value='win'/>
	<start value='2015-04-08.21:24:46'/>
	<end value='2015-04-08.21:25:14'/>
	<frames value='30444'/>
	<gameDuration value='1902'/>

	<player>
		<unitScore value='18100'/>
		<killScore value='17150'/>
		<buildingScore value='4175'/>
		<razingScore value='20400'/>
		<mineralScore value='24690'/>
		<gasScore value='3192'/>
		<totalScore value='87707'/>
	</player>

	<enemy>
		<race value='Protoss'/>
		<unitScore value='8575'/>
		<unitScore value='8575'/>
		<killScore value='17150'/>
		<buildingScore value='6800'/>
		<razingScore value='150'/>
		<mineralScore value='15234'/>
		<gasScore value='3136'/>
		<totalScore value='51045'/>
	</enemy>

	<scoreRatio value='1.71823'/>
</results>
