<results>
	<result value='win'/>
	<start value='2015-04-12.09:38:25'/>
	<end value='2015-04-12.09:39:24'/>
	<frames value='29917'/>
	<gameDuration value='1869'/>

	<player>
		<unitScore value='19775'/>
		<killScore value='18100'/>
		<buildingScore value='3925'/>
		<razingScore value='13500'/>
		<mineralScore value='29774'/>
		<gasScore value='2768'/>
		<totalScore value='87842'/>
	</player>

	<enemy>
		<race value='Protoss'/>
		<unitScore value='9050'/>
		<unitScore value='9050'/>
		<killScore value='18500'/>
		<buildingScore value='4500'/>
		<razingScore value='0'/>
		<mineralScore value='19794'/>
		<gasScore value='1224'/>
		<totalScore value='53068'/>
	</enemy>

	<scoreRatio value='1.65527'/>
</results>
