<results>
	<result value='win'/>
	<start value='2015-04-12.09:47:07'/>
	<end value='2015-04-12.09:48:00'/>
	<frames value='30816'/>
	<gameDuration value='1926'/>

	<player>
		<unitScore value='15700'/>
		<killScore value='13600'/>
		<buildingScore value='3275'/>
		<razingScore value='18300'/>
		<mineralScore value='20306'/>
		<gasScore value='3320'/>
		<totalScore value='74501'/>
	</player>

	<enemy>
		<race value='Protoss'/>
		<unitScore value='6800'/>
		<unitScore value='6800'/>
		<killScore value='12100'/>
		<buildingScore value='6100'/>
		<razingScore value='375'/>
		<mineralScore value='17394'/>
		<gasScore value='3632'/>
		<totalScore value='46401'/>
	</enemy>

	<scoreRatio value='1.60559'/>
</results>
