<results>
	<result value='win'/>
	<start value='2015-05-09.08:15:08'/>
	<end value='2015-05-09.08:15:28'/>
	<frames value='32924'/>
	<gameDuration value='2057'/>

	<player>
		<unitScore value='13250'/>
		<killScore value='21900'/>
		<buildingScore value='3050'/>
		<razingScore value='11700'/>
		<mineralScore value='16762'/>
		<gasScore value='2968'/>
		<totalScore value='69630'/>
	</player>

	<enemy>
		<race value='Terran'/>
		<unitScore value='11550'/>
		<unitScore value='11550'/>
		<killScore value='13750'/>
		<buildingScore value='3900'/>
		<razingScore value='3075'/>
		<mineralScore value='11854'/>
		<gasScore value='5400'/>
		<totalScore value='49529'/>
	</enemy>

	<scoreRatio value='1.40584'/>
	<timeFitness value='0.714306'/>
	<unitsAverage value='62'/>
</results>
