<results>
	<result value='win'/>
	<start value='2015-04-29.10:31:08'/>
	<end value='2015-04-29.10:31:32'/>
	<frames value='27995'/>
	<gameDuration value='1749'/>

	<player>
		<unitScore value='15975'/>
		<killScore value='11200'/>
		<buildingScore value='4100'/>
		<razingScore value='15525'/>
		<mineralScore value='26882'/>
		<gasScore value='3440'/>
		<totalScore value='77122'/>
	</player>

	<enemy>
		<race value='Protoss'/>
		<unitScore value='5800'/>
		<unitScore value='5800'/>
		<killScore value='10200'/>
		<buildingScore value='5175'/>
		<razingScore value='150'/>
		<mineralScore value='14218'/>
		<gasScore value='2552'/>
		<totalScore value='38095'/>
	</enemy>

	<scoreRatio value='2.02447'/>
	<timeFitness value='0.757083'/>
	<unitsAverage value='98'/>
</results>
