<results>
	<result value='draw'/>
	<start value='2015-04-29.10:31:35'/>
	<end value='2015-04-29.10:32:20'/>
	<frames value='57601'/>
	<gameDuration value='3600'/>

	<player>
		<unitScore value='29600'/>
		<killScore value='57400'/>
		<buildingScore value='3375'/>
		<razingScore value='12750'/>
		<mineralScore value='31486'/>
		<gasScore value='8144'/>
		<totalScore value='142755'/>
	</player>

	<enemy>
		<race value='Protoss'/>
		<unitScore value='33200'/>
		<unitScore value='33200'/>
		<killScore value='52100'/>
		<buildingScore value='6725'/>
		<razingScore value='1950'/>
		<mineralScore value='31526'/>
		<gasScore value='10894'/>
		<totalScore value='136395'/>
	</enemy>

	<scoreRatio value='1.04663'/>
	<timeFitness value='0.5'/>
	<unitsAverage value='97'/>
</results>
