<results>
	<result value='win'/>
	<start value='2015-04-13.03:46:55'/>
	<end value='2015-04-13.03:48:28'/>
	<frames value='37388'/>
	<gameDuration value='2336'/>

	<player>
		<unitScore value='29275'/>
		<killScore value='44000'/>
		<buildingScore value='4075'/>
		<razingScore value='17475'/>
		<mineralScore value='34722'/>
		<gasScore value='2584'/>
		<totalScore value='132131'/>
	</player>

	<enemy>
		<race value='Protoss'/>
		<unitScore value='22575'/>
		<unitScore value='22575'/>
		<killScore value='34450'/>
		<buildingScore value='5825'/>
		<razingScore value='150'/>
		<mineralScore value='22614'/>
		<gasScore value='7168'/>
		<totalScore value='92782'/>
	</enemy>

	<scoreRatio value='1.4241'/>
</results>
