<results>
	<result value='win'/>
	<start value='2015-04-13.03:53:16'/>
	<end value='2015-04-13.03:54:02'/>
	<frames value='29731'/>
	<gameDuration value='1858'/>

	<player>
		<unitScore value='15125'/>
		<killScore value='18600'/>
		<buildingScore value='3700'/>
		<razingScore value='16350'/>
		<mineralScore value='20282'/>
		<gasScore value='2160'/>
		<totalScore value='76217'/>
	</player>

	<enemy>
		<race value='Protoss'/>
		<unitScore value='9700'/>
		<unitScore value='9700'/>
		<killScore value='11900'/>
		<buildingScore value='5450'/>
		<razingScore value='600'/>
		<mineralScore value='13350'/>
		<gasScore value='2968'/>
		<totalScore value='43968'/>
	</enemy>

	<scoreRatio value='1.73347'/>
</results>
