<results>
	<result value='loss'/>
	<start value='2015-04-27.22:25:20'/>
	<end value='2015-04-27.22:25:46'/>
	<frames value='45138'/>
	<gameDuration value='2821'/>

	<player>
		<unitScore value='10625'/>
		<killScore value='10850'/>
		<buildingScore value='2950'/>
		<razingScore value='0'/>
		<mineralScore value='13210'/>
		<gasScore value='2920'/>
		<totalScore value='40555'/>
	</player>

	<enemy>
		<race value='Terran'/>
		<unitScore value='28950'/>
		<unitScore value='28950'/>
		<killScore value='21250'/>
		<buildingScore value='6275'/>
		<razingScore value='8850'/>
		<mineralScore value='24066'/>
		<gasScore value='14634'/>
		<totalScore value='104025'/>
	</enemy>

	<scoreRatio value='0.389858'/>
</results>
