<results>
	<result value='loss'/>
	<start value='2014-07-22.23:06:38'/>
	<end value='2014-07-22.23:06:48'/>
	<frames value='18602'/>
	<gameDuration value='1162'/>

	<player>
		<unitScore value='5425'/>
		<killScore value='4100'/>
		<buildingScore value='1800'/>
		<razingScore value='300'/>
		<mineralScore value='7274'/>
		<gasScore value='840'/>
		<totalScore value='19739'/>
	</player>

	<enemy>
		<race value='Protoss'/>
		<unitScore value='4625'/>
		<unitScore value='4625'/>
		<killScore value='10850'/>
		<buildingScore value='3875'/>
		<razingScore value='5400'/>
		<mineralScore value='9746'/>
		<gasScore value='2392'/>
		<totalScore value='36888'/>
	</enemy>

	<scoreRatio value='0.535106'/>
</results>
