<results>
	<result value='loss'/>
	<start value='2014-07-22.19:57:17'/>
	<end value='2014-07-22.19:57:26'/>
	<frames value='16990'/>
	<gameDuration value='1061'/>

	<player>
		<unitScore value='1875'/>
		<killScore value='600'/>
		<buildingScore value='1375'/>
		<razingScore value='0'/>
		<mineralScore value='3154'/>
		<gasScore value='896'/>
		<totalScore value='7900'/>
	</player>

	<enemy>
		<race value='Terran'/>
		<unitScore value='6000'/>
		<unitScore value='6000'/>
		<killScore value='3750'/>
		<buildingScore value='2625'/>
		<razingScore value='4125'/>
		<mineralScore value='7826'/>
		<gasScore value='2464'/>
		<totalScore value='26790'/>
	</enemy>

	<scoreRatio value='0.294886'/>
</results>
