<results>
	<result value='loss'/>
	<start value='2015-07-18.05:23:27'/>
	<end value='2015-07-18.05:24:38'/>
	<frames value='36892'/>
	<gameDuration value='2305'/>

	<player>
		<unitScore value='20850'/>
		<killScore value='8200'/>
		<buildingScore value='3400'/>
		<razingScore value='300'/>
		<mineralScore value='20666'/>
		<gasScore value='2464'/>
		<totalScore value='55880'/>
	</player>

	<enemy>
		<race value='Protoss'/>
		<unitScore value='15400'/>
		<killScore value='31750'/>
		<buildingScore value='7975'/>
		<razingScore value='10200'/>
		<mineralScore value='27998'/>
		<gasScore value='7016'/>
		<totalScore value='100339'/>
	</enemy>

	<scoreRatio value='0.556912'/>
	<timeFitness value='0.320139'/>
	<unitsAverage value='82'/>
</results>
