<results>
	<result value='loss'/>
	<start value='2015-07-18.05:27:05'/>
	<end value='2015-07-18.05:27:14'/>
	<frames value='16029'/>
	<gameDuration value='1001'/>

	<player>
		<unitScore value='4900'/>
		<killScore value='1000'/>
		<buildingScore value='1650'/>
		<razingScore value='0'/>
		<mineralScore value='5290'/>
		<gasScore value='1240'/>
		<totalScore value='14080'/>
	</player>

	<enemy>
		<race value='Protoss'/>
		<unitScore value='3550'/>
		<killScore value='9650'/>
		<buildingScore value='3225'/>
		<razingScore value='4950'/>
		<mineralScore value='8010'/>
		<gasScore value='1888'/>
		<totalScore value='31273'/>
	</enemy>

	<scoreRatio value='0.450229'/>
	<timeFitness value='0.139028'/>
	<unitsAverage value='22'/>
</results>
