<results>
	<result value='loss'/>
	<start value='2015-07-14.05:56:33'/>
	<end value='2015-07-14.05:56:44'/>
	<frames value='20524'/>
	<gameDuration value='1282'/>

	<player>
		<unitScore value='4500'/>
		<killScore value='1700'/>
		<buildingScore value='1850'/>
		<razingScore value='0'/>
		<mineralScore value='5618'/>
		<gasScore value='768'/>
		<totalScore value='14436'/>
	</player>

	<enemy>
		<race value='Protoss'/>
		<unitScore value='4900'/>
		<killScore value='9000'/>
		<buildingScore value='5325'/>
		<razingScore value='5550'/>
		<mineralScore value='12266'/>
		<gasScore value='1896'/>
		<totalScore value='38937'/>
	</enemy>

	<scoreRatio value='0.370753'/>
	<timeFitness value='0.178056'/>
	<unitsAverage value='19'/>
</results>
