<results>
	<result value='win'/>
	<start value='2015-04-27.05:00:46'/>
	<end value='2015-04-27.05:01:21'/>
	<frames value='27778'/>
	<gameDuration value='1736'/>

	<player>
		<unitScore value='15500'/>
		<killScore value='23100'/>
		<buildingScore value='4800'/>
		<razingScore value='9450'/>
		<mineralScore value='24586'/>
		<gasScore value='3120'/>
		<totalScore value='80556'/>
	</player>

	<enemy>
		<race value='Terran'/>
		<unitScore value='11550'/>
		<unitScore value='11550'/>
		<killScore value='7700'/>
		<buildingScore value='3150'/>
		<razingScore value='2025'/>
		<mineralScore value='10986'/>
		<gasScore value='4720'/>
		<totalScore value='40131'/>
	</enemy>

	<scoreRatio value='2.00733'/>
</results>
