<results>
	<result value='loss'/>
	<start value='2015-07-12.12:30:22'/>
	<end value='2015-07-12.12:30:58'/>
	<frames value='48021'/>
	<gameDuration value='3001'/>

	<player>
		<unitScore value='23750'/>
		<killScore value='10100'/>
		<buildingScore value='3850'/>
		<razingScore value='0'/>
		<mineralScore value='33342'/>
		<gasScore value='4056'/>
		<totalScore value='75098'/>
	</player>

	<enemy>
		<race value='Terran'/>
		<unitScore value='22525'/>
		<killScore value='47500'/>
		<buildingScore value='4125'/>
		<razingScore value='11550'/>
		<mineralScore value='19550'/>
		<gasScore value='11316'/>
		<totalScore value='116566'/>
	</enemy>

	<scoreRatio value='0.644253'/>
	<timeFitness value='0.416806'/>
	<unitsAverage value='65'/>
</results>
