<results>
	<result value='loss'/>
	<start value='2015-07-12.13:21:34'/>
	<end value='2015-07-12.13:21:48'/>
	<frames value='22136'/>
	<gameDuration value='1383'/>

	<player>
		<unitScore value='8100'/>
		<killScore value='11750'/>
		<buildingScore value='2500'/>
		<razingScore value='4275'/>
		<mineralScore value='9826'/>
		<gasScore value='2064'/>
		<totalScore value='38515'/>
	</player>

	<enemy>
		<race value='Terran'/>
		<unitScore value='7775'/>
		<killScore value='14000'/>
		<buildingScore value='1900'/>
		<razingScore value='7500'/>
		<mineralScore value='7298'/>
		<gasScore value='2200'/>
		<totalScore value='40673'/>
	</enemy>

	<scoreRatio value='0.946943'/>
	<timeFitness value='0.192083'/>
	<unitsAverage value='40'/>
</results>
