<results>
	<result value='draw'/>
	<start value='2015-04-29.20:56:53'/>
	<end value='2015-04-29.20:59:26'/>
	<frames value='57601'/>
	<gameDuration value='3600'/>

	<player>
		<unitScore value='20075'/>
		<killScore value='30700'/>
		<buildingScore value='4925'/>
		<razingScore value='14925'/>
		<mineralScore value='41822'/>
		<gasScore value='8296'/>
		<totalScore value='120743'/>
	</player>

	<enemy>
		<race value='Protoss'/>
		<unitScore value='16800'/>
		<unitScore value='16800'/>
		<killScore value='14900'/>
		<buildingScore value='5975'/>
		<razingScore value='450'/>
		<mineralScore value='21174'/>
		<gasScore value='9938'/>
		<totalScore value='69237'/>
	</enemy>

	<scoreRatio value='1.74391'/>
</results>
