<results>
	<result value='draw'/>
	<start value='2015-04-29.20:59:29'/>
	<end value='2015-04-29.21:01:23'/>
	<frames value='57601'/>
	<gameDuration value='3600'/>

	<player>
		<unitScore value='28575'/>
		<killScore value='39250'/>
		<buildingScore value='3825'/>
		<razingScore value='300'/>
		<mineralScore value='31494'/>
		<gasScore value='10240'/>
		<totalScore value='113684'/>
	</player>

	<enemy>
		<race value='Protoss'/>
		<unitScore value='36475'/>
		<unitScore value='36475'/>
		<killScore value='43850'/>
		<buildingScore value='6550'/>
		<razingScore value='4800'/>
		<mineralScore value='31550'/>
		<gasScore value='12198'/>
		<totalScore value='135423'/>
	</enemy>

	<scoreRatio value='0.839473'/>
</results>
