<results>
	<result value='win'/>
	<start value='2015-05-09.17:55:03'/>
	<end value='2015-05-09.17:56:19'/>
	<frames value='30506'/>
	<gameDuration value='1906'/>

	<player>
		<unitScore value='20100'/>
		<killScore value='28660'/>
		<buildingScore value='4825'/>
		<razingScore value='7410'/>
		<mineralScore value='35178'/>
		<gasScore value='2896'/>
		<totalScore value='99069'/>
	</player>

	<enemy>
		<race value='Zerg'/>
		<unitScore value='13700'/>
		<unitScore value='13700'/>
		<killScore value='16300'/>
		<buildingScore value='2470'/>
		<razingScore value='1800'/>
		<mineralScore value='13738'/>
		<gasScore value='4144'/>
		<totalScore value='52152'/>
	</enemy>

	<scoreRatio value='1.89962'/>
	<timeFitness value='0.735278'/>
	<unitsAverage value='122'/>
</results>
