<results>
	<result value='win'/>
	<start value='2015-05-09.18:14:32'/>
	<end value='2015-05-09.18:15:54'/>
	<frames value='39589'/>
	<gameDuration value='2474'/>

	<player>
		<unitScore value='26325'/>
		<killScore value='34940'/>
		<buildingScore value='4375'/>
		<razingScore value='10140'/>
		<mineralScore value='34766'/>
		<gasScore value='3432'/>
		<totalScore value='113978'/>
	</player>

	<enemy>
		<race value='Zerg'/>
		<unitScore value='17100'/>
		<unitScore value='17100'/>
		<killScore value='27500'/>
		<buildingScore value='3380'/>
		<razingScore value='2250'/>
		<mineralScore value='17402'/>
		<gasScore value='5632'/>
		<totalScore value='73264'/>
	</enemy>

	<scoreRatio value='1.55572'/>
	<timeFitness value='0.656389'/>
	<unitsAverage value='102'/>
</results>
