<results>
	<result value='win'/>
	<start value='2015-04-07.19:19:43'/>
	<end value='2015-04-07.19:20:44'/>
	<frames value='54717'/>
	<gameDuration value='3419'/>

	<player>
		<unitScore value='35125'/>
		<killScore value='40200'/>
		<buildingScore value='3025'/>
		<razingScore value='27150'/>
		<mineralScore value='35738'/>
		<gasScore value='4920'/>
		<totalScore value='146158'/>
	</player>

	<enemy>
		<race value='Protoss'/>
		<unitScore value='20875'/>
		<unitScore value='20875'/>
		<killScore value='52500'/>
		<buildingScore value='9050'/>
		<razingScore value='150'/>
		<mineralScore value='27258'/>
		<gasScore value='11728'/>
		<totalScore value='121561'/>
	</enemy>

	<scoreRatio value='1.20234'/>
</results>
