<results>
	<result value='win'/>
	<start value='2015-05-22.03:46:03'/>
	<end value='2015-05-22.03:46:58'/>
	<frames value='38845'/>
	<gameDuration value='2427'/>

	<player>
		<unitScore value='26925'/>
		<killScore value='44750'/>
		<buildingScore value='4175'/>
		<razingScore value='18225'/>
		<mineralScore value='33162'/>
		<gasScore value='4048'/>
		<totalScore value='131285'/>
	</player>

	<enemy>
		<race value='Protoss'/>
		<unitScore value='23650'/>
		<killScore value='33150'/>
		<buildingScore value='6075'/>
		<razingScore value='0'/>
		<mineralScore value='22394'/>
		<gasScore value='7616'/>
		<totalScore value='92885'/>
	</enemy>

	<scoreRatio value='1.41341'/>
	<timeFitness value='0.662917'/>
	<unitsAverage value='118'/>
</results>
