<results>
	<result value='win'/>
	<start value='2015-04-29.18:58:56'/>
	<end value='2015-04-29.18:59:14'/>
	<frames value='21981'/>
	<gameDuration value='1373'/>

	<player>
		<unitScore value='10175'/>
		<killScore value='14900'/>
		<buildingScore value='3250'/>
		<razingScore value='6675'/>
		<mineralScore value='15810'/>
		<gasScore value='1984'/>
		<totalScore value='52794'/>
	</player>

	<enemy>
		<race value='Terran'/>
		<unitScore value='7450'/>
		<unitScore value='7450'/>
		<killScore value='8750'/>
		<buildingScore value='2225'/>
		<razingScore value='1875'/>
		<mineralScore value='9154'/>
		<gasScore value='2848'/>
		<totalScore value='32302'/>
	</enemy>

	<scoreRatio value='1.63439'/>
	<timeFitness value='0.809306'/>
	<unitsAverage value='59'/>
</results>
