<results>
	<result value='win'/>
	<start value='2015-04-28.02:39:52'/>
	<end value='2015-04-28.02:40:26'/>
	<frames value='34567'/>
	<gameDuration value='2160'/>

	<player>
		<unitScore value='24950'/>
		<killScore value='31250'/>
		<buildingScore value='4950'/>
		<razingScore value='13350'/>
		<mineralScore value='33746'/>
		<gasScore value='3632'/>
		<totalScore value='111878'/>
	</player>

	<enemy>
		<race value='Terran'/>
		<unitScore value='18025'/>
		<unitScore value='18025'/>
		<killScore value='26300'/>
		<buildingScore value='4450'/>
		<razingScore value='1875'/>
		<mineralScore value='15358'/>
		<gasScore value='7266'/>
		<totalScore value='73274'/>
	</enemy>

	<scoreRatio value='1.52684'/>
</results>
