<results>
	<result value='draw'/>
	<start value='2015-04-28.02:41:55'/>
	<end value='2015-04-28.02:42:38'/>
	<frames value='57601'/>
	<gameDuration value='3600'/>

	<player>
		<unitScore value='24075'/>
		<killScore value='32050'/>
		<buildingScore value='3150'/>
		<razingScore value='2175'/>
		<mineralScore value='25738'/>
		<gasScore value='5034'/>
		<totalScore value='92222'/>
	</player>

	<enemy>
		<race value='Terran'/>
		<unitScore value='30625'/>
		<unitScore value='30625'/>
		<killScore value='41200'/>
		<buildingScore value='4850'/>
		<razingScore value='3825'/>
		<mineralScore value='22486'/>
		<gasScore value='14118'/>
		<totalScore value='117104'/>
	</enemy>

	<scoreRatio value='0.787522'/>
</results>
