<results>
	<result value='win'/>
	<start value='2015-04-28.22:16:43'/>
	<end value='2015-04-28.22:17:39'/>
	<frames value='56205'/>
	<gameDuration value='3512'/>

	<player>
		<unitScore value='23325'/>
		<killScore value='49785'/>
		<buildingScore value='2725'/>
		<razingScore value='15540'/>
		<mineralScore value='24362'/>
		<gasScore value='4368'/>
		<totalScore value='120105'/>
	</player>

	<enemy>
		<race value='Zerg'/>
		<unitScore value='23600'/>
		<unitScore value='23600'/>
		<killScore value='42450'/>
		<buildingScore value='5180'/>
		<razingScore value='1950'/>
		<mineralScore value='24658'/>
		<gasScore value='7036'/>
		<totalScore value='104874'/>
	</enemy>

	<scoreRatio value='1.14523'/>
</results>
