<results>
	<result value='win'/>
	<start value='2015-04-28.22:21:45'/>
	<end value='2015-04-28.22:22:07'/>
	<frames value='20834'/>
	<gameDuration value='1302'/>

	<player>
		<unitScore value='11625'/>
		<killScore value='17210'/>
		<buildingScore value='3375'/>
		<razingScore value='4680'/>
		<mineralScore value='15738'/>
		<gasScore value='1280'/>
		<totalScore value='53908'/>
	</player>

	<enemy>
		<race value='Zerg'/>
		<unitScore value='8550'/>
		<unitScore value='8550'/>
		<killScore value='9000'/>
		<buildingScore value='1560'/>
		<razingScore value='0'/>
		<mineralScore value='8194'/>
		<gasScore value='2528'/>
		<totalScore value='29832'/>
	</enemy>

	<scoreRatio value='1.80705'/>
</results>
