<results>
	<result value='loss'/>
	<start value='2015-04-09.19:23:52'/>
	<end value='2015-04-09.19:23:59'/>
	<frames value='15347'/>
	<gameDuration value='959'/>

	<player>
		<unitScore value='3400'/>
		<killScore value='400'/>
		<buildingScore value='1500'/>
		<razingScore value='0'/>
		<mineralScore value='5266'/>
		<gasScore value='544'/>
		<totalScore value='11110'/>
	</player>

	<enemy>
		<race value='Protoss'/>
		<unitScore value='3550'/>
		<unitScore value='3550'/>
		<killScore value='6550'/>
		<buildingScore value='2975'/>
		<razingScore value='4500'/>
		<mineralScore value='7930'/>
		<gasScore value='1432'/>
		<totalScore value='26937'/>
	</enemy>

	<scoreRatio value='0.412444'/>
</results>
