<results>
	<result value='loss'/>
	<start value='2015-04-09.19:31:00'/>
	<end value='2015-04-09.19:31:24'/>
	<frames value='34691'/>
	<gameDuration value='2168'/>

	<player>
		<unitScore value='14600'/>
		<killScore value='10000'/>
		<buildingScore value='2825'/>
		<razingScore value='1500'/>
		<mineralScore value='18530'/>
		<gasScore value='2800'/>
		<totalScore value='50255'/>
	</player>

	<enemy>
		<race value='Protoss'/>
		<unitScore value='20900'/>
		<unitScore value='20900'/>
		<killScore value='29400'/>
		<buildingScore value='7375'/>
		<razingScore value='8475'/>
		<mineralScore value='23870'/>
		<gasScore value='8266'/>
		<totalScore value='98286'/>
	</enemy>

	<scoreRatio value='0.511314'/>
</results>
