<results>
	<result value='win'/>
	<start value='2015-05-08.13:29:52'/>
	<end value='2015-05-08.13:30:28'/>
	<frames value='28367'/>
	<gameDuration value='1772'/>

	<player>
		<unitScore value='11150'/>
		<killScore value='21100'/>
		<buildingScore value='3125'/>
		<razingScore value='9600'/>
		<mineralScore value='14906'/>
		<gasScore value='3128'/>
		<totalScore value='63009'/>
	</player>

	<enemy>
		<race value='Terran'/>
		<unitScore value='12150'/>
		<unitScore value='12150'/>
		<killScore value='11200'/>
		<buildingScore value='3200'/>
		<razingScore value='1725'/>
		<mineralScore value='12290'/>
		<gasScore value='4984'/>
		<totalScore value='45549'/>
	</enemy>

	<scoreRatio value='1.38332'/>
	<timeFitness value='0.753889'/>
	<unitsAverage value='62'/>
</results>
