<results>
	<result value='loss'/>
	<start value='2015-05-08.13:35:28'/>
	<end value='2015-05-08.13:36:37'/>
	<frames value='56143'/>
	<gameDuration value='3508'/>

	<player>
		<unitScore value='21025'/>
		<killScore value='34450'/>
		<buildingScore value='3250'/>
		<razingScore value='675'/>
		<mineralScore value='23954'/>
		<gasScore value='3536'/>
		<totalScore value='86890'/>
	</player>

	<enemy>
		<race value='Terran'/>
		<unitScore value='39125'/>
		<unitScore value='39125'/>
		<killScore value='42050'/>
		<buildingScore value='4950'/>
		<razingScore value='9750'/>
		<mineralScore value='26958'/>
		<gasScore value='16972'/>
		<totalScore value='139805'/>
	</enemy>

	<scoreRatio value='0.621509'/>
	<timeFitness value='0.487222'/>
	<unitsAverage value='56'/>
</results>
