<results>
	<result value='loss'/>
	<start value='2015-05-08.13:43:53'/>
	<end value='2015-05-08.13:44:09'/>
	<frames value='17114'/>
	<gameDuration value='1069'/>

	<player>
		<unitScore value='3375'/>
		<killScore value='3100'/>
		<buildingScore value='1575'/>
		<razingScore value='0'/>
		<mineralScore value='5090'/>
		<gasScore value='1112'/>
		<totalScore value='14252'/>
	</player>

	<enemy>
		<race value='Terran'/>
		<unitScore value='6350'/>
		<unitScore value='6350'/>
		<killScore value='6750'/>
		<buildingScore value='2575'/>
		<razingScore value='4725'/>
		<mineralScore value='7866'/>
		<gasScore value='2520'/>
		<totalScore value='30786'/>
	</enemy>

	<scoreRatio value='0.462938'/>
	<timeFitness value='0.148472'/>
	<unitsAverage value='27'/>
</results>
