<results>
	<result value='loss'/>
	<start value='2015-05-08.13:53:14'/>
	<end value='2015-05-08.13:53:29'/>
	<frames value='16959'/>
	<gameDuration value='1059'/>

	<player>
		<unitScore value='3725'/>
		<killScore value='850'/>
		<buildingScore value='1600'/>
		<razingScore value='0'/>
		<mineralScore value='5546'/>
		<gasScore value='928'/>
		<totalScore value='12649'/>
	</player>

	<enemy>
		<race value='Terran'/>
		<unitScore value='6350'/>
		<unitScore value='6350'/>
		<killScore value='7450'/>
		<buildingScore value='2625'/>
		<razingScore value='4800'/>
		<mineralScore value='7698'/>
		<gasScore value='2584'/>
		<totalScore value='31507'/>
	</enemy>

	<scoreRatio value='0.401466'/>
	<timeFitness value='0.147083'/>
	<unitsAverage value='25'/>
</results>
