<results>
	<result value='draw'/>
	<start value='2015-05-08.14:01:20'/>
	<end value='2015-05-08.14:02:18'/>
	<frames value='57601'/>
	<gameDuration value='3600'/>

	<player>
		<unitScore value='14900'/>
		<killScore value='26250'/>
		<buildingScore value='2350'/>
		<razingScore value='2025'/>
		<mineralScore value='17346'/>
		<gasScore value='4488'/>
		<totalScore value='67359'/>
	</player>

	<enemy>
		<race value='Terran'/>
		<unitScore value='24425'/>
		<unitScore value='24425'/>
		<killScore value='29800'/>
		<buildingScore value='4700'/>
		<razingScore value='6750'/>
		<mineralScore value='19550'/>
		<gasScore value='12332'/>
		<totalScore value='97557'/>
	</enemy>

	<scoreRatio value='0.690458'/>
	<timeFitness value='0.5'/>
	<unitsAverage value='43'/>
</results>
