<results>
	<result value='loss'/>
	<start value='2015-05-08.23:06:49'/>
	<end value='2015-05-08.23:07:49'/>
	<frames value='50439'/>
	<gameDuration value='3152'/>

	<player>
		<unitScore value='33600'/>
		<killScore value='24650'/>
		<buildingScore value='3625'/>
		<razingScore value='600'/>
		<mineralScore value='33854'/>
		<gasScore value='4488'/>
		<totalScore value='100817'/>
	</player>

	<enemy>
		<race value='Terran'/>
		<unitScore value='28800'/>
		<unitScore value='28800'/>
		<killScore value='66800'/>
		<buildingScore value='4300'/>
		<razingScore value='10875'/>
		<mineralScore value='19550'/>
		<gasScore value='11558'/>
		<totalScore value='141883'/>
	</enemy>

	<scoreRatio value='0.710564'/>
	<timeFitness value='0.437778'/>
	<unitsAverage value='104'/>
</results>
