<results>
	<result value='loss'/>
	<start value='2015-05-06.09:43:37'/>
	<end value='2015-05-06.09:44:33'/>
	<frames value='53601'/>
	<gameDuration value='3350'/>

	<player>
		<unitScore value='32925'/>
		<killScore value='51900'/>
		<buildingScore value='2975'/>
		<razingScore value='600'/>
		<mineralScore value='31526'/>
		<gasScore value='5472'/>
		<totalScore value='125398'/>
	</player>

	<enemy>
		<race value='Protoss'/>
		<unitScore value='34925'/>
		<unitScore value='34925'/>
		<killScore value='66050'/>
		<buildingScore value='6600'/>
		<razingScore value='8925'/>
		<mineralScore value='31422'/>
		<gasScore value='10520'/>
		<totalScore value='158442'/>
	</enemy>

	<scoreRatio value='0.791444'/>
	<timeFitness value='0.465278'/>
	<unitsAverage value='95'/>
</results>
