<results>
	<result value='loss'/>
	<start value='2015-05-06.09:48:34'/>
	<end value='2015-05-06.09:48:46'/>
	<frames value='24771'/>
	<gameDuration value='1548'/>

	<player>
		<unitScore value='3375'/>
		<killScore value='2400'/>
		<buildingScore value='1900'/>
		<razingScore value='0'/>
		<mineralScore value='5314'/>
		<gasScore value='712'/>
		<totalScore value='13701'/>
	</player>

	<enemy>
		<race value='Protoss'/>
		<unitScore value='10500'/>
		<unitScore value='10500'/>
		<killScore value='6450'/>
		<buildingScore value='5625'/>
		<razingScore value='5700'/>
		<mineralScore value='15370'/>
		<gasScore value='4656'/>
		<totalScore value='48301'/>
	</enemy>

	<scoreRatio value='0.283659'/>
	<timeFitness value='0.215'/>
	<unitsAverage value='22'/>
</results>
