<results>
	<result value='win'/>
	<start value='2015-04-30.10:26:56'/>
	<end value='2015-04-30.10:27:17'/>
	<frames value='23159'/>
	<gameDuration value='1447'/>

	<player>
		<unitScore value='15925'/>
		<killScore value='24490'/>
		<buildingScore value='3675'/>
		<razingScore value='3660'/>
		<mineralScore value='20446'/>
		<gasScore value='2072'/>
		<totalScore value='70268'/>
	</player>

	<enemy>
		<race value='Zerg'/>
		<unitScore value='10250'/>
		<unitScore value='10250'/>
		<killScore value='14150'/>
		<buildingScore value='1220'/>
		<razingScore value='0'/>
		<mineralScore value='9186'/>
		<gasScore value='2672'/>
		<totalScore value='37478'/>
	</enemy>

	<scoreRatio value='1.87491'/>
	<timeFitness value='0.799028'/>
	<unitsAverage value='80'/>
</results>
