<results>
	<result value='loss'/>
	<start value='2015-04-28.22:09:57'/>
	<end value='2015-04-28.22:10:39'/>
	<frames value='49974'/>
	<gameDuration value='3123'/>

	<player>
		<unitScore value='26925'/>
		<killScore value='31350'/>
		<buildingScore value='3725'/>
		<razingScore value='5700'/>
		<mineralScore value='29202'/>
		<gasScore value='4456'/>
		<totalScore value='101358'/>
	</player>

	<enemy>
		<race value='Protoss'/>
		<unitScore value='27650'/>
		<unitScore value='27650'/>
		<killScore value='53850'/>
		<buildingScore value='7775'/>
		<razingScore value='11175'/>
		<mineralScore value='27466'/>
		<gasScore value='10776'/>
		<totalScore value='138692'/>
	</enemy>

	<scoreRatio value='0.730814'/>
	<timeFitness value='0.43375'/>
	<unitsAverage value='95'/>
</results>
