<results>
	<result value='loss'/>
	<start value='2015-04-28.22:14:44'/>
	<end value='2015-04-28.22:15:18'/>
	<frames value='44022'/>
	<gameDuration value='2751'/>

	<player>
		<unitScore value='22975'/>
		<killScore value='28150'/>
		<buildingScore value='2375'/>
		<razingScore value='0'/>
		<mineralScore value='23958'/>
		<gasScore value='4560'/>
		<totalScore value='82018'/>
	</player>

	<enemy>
		<race value='Protoss'/>
		<unitScore value='34025'/>
		<unitScore value='34025'/>
		<killScore value='45950'/>
		<buildingScore value='7350'/>
		<razingScore value='7125'/>
		<mineralScore value='31122'/>
		<gasScore value='12584'/>
		<totalScore value='138156'/>
	</enemy>

	<scoreRatio value='0.593662'/>
	<timeFitness value='0.382083'/>
	<unitsAverage value='85'/>
</results>
