<results>
	<result value='loss'/>
	<start value='2015-04-28.22:16:46'/>
	<end value='2015-04-28.22:16:51'/>
	<frames value='14572'/>
	<gameDuration value='910'/>

	<player>
		<unitScore value='2550'/>
		<killScore value='400'/>
		<buildingScore value='1425'/>
		<razingScore value='0'/>
		<mineralScore value='4098'/>
		<gasScore value='824'/>
		<totalScore value='9297'/>
	</player>

	<enemy>
		<race value='Protoss'/>
		<unitScore value='3550'/>
		<unitScore value='3550'/>
		<killScore value='5100'/>
		<buildingScore value='2825'/>
		<razingScore value='4275'/>
		<mineralScore value='7602'/>
		<gasScore value='1376'/>
		<totalScore value='24728'/>
	</enemy>

	<scoreRatio value='0.375971'/>
	<timeFitness value='0.126389'/>
	<unitsAverage value='19'/>
</results>
