<results>
	<result value='loss'/>
	<start value='2015-04-28.22:21:41'/>
	<end value='2015-04-28.22:21:47'/>
	<frames value='16215'/>
	<gameDuration value='1013'/>

	<player>
		<unitScore value='4100'/>
		<killScore value='800'/>
		<buildingScore value='1425'/>
		<razingScore value='0'/>
		<mineralScore value='5434'/>
		<gasScore value='792'/>
		<totalScore value='12551'/>
	</player>

	<enemy>
		<race value='Protoss'/>
		<unitScore value='4425'/>
		<unitScore value='4425'/>
		<killScore value='8200'/>
		<buildingScore value='3275'/>
		<razingScore value='4275'/>
		<mineralScore value='8274'/>
		<gasScore value='2032'/>
		<totalScore value='30481'/>
	</enemy>

	<scoreRatio value='0.411765'/>
	<timeFitness value='0.140694'/>
	<unitsAverage value='24'/>
</results>
