<results>
	<result value='loss'/>
	<start value='2015-07-14.01:15:51'/>
	<end value='2015-07-14.01:16:41'/>
	<frames value='45200'/>
	<gameDuration value='2825'/>

	<player>
		<unitScore value='23900'/>
		<killScore value='20150'/>
		<buildingScore value='3100'/>
		<razingScore value='300'/>
		<mineralScore value='21970'/>
		<gasScore value='3488'/>
		<totalScore value='72908'/>
	</player>

	<enemy>
		<race value='Protoss'/>
		<unitScore value='28375'/>
		<killScore value='44750'/>
		<buildingScore value='7225'/>
		<razingScore value='9300'/>
		<mineralScore value='28182'/>
		<gasScore value='10702'/>
		<totalScore value='128534'/>
	</enemy>

	<scoreRatio value='0.567227'/>
	<timeFitness value='0.392361'/>
	<unitsAverage value='83'/>
</results>
