<results>
	<result value='loss'/>
	<start value='2015-05-09.21:54:04'/>
	<end value='2015-05-09.21:54:23'/>
	<frames value='21671'/>
	<gameDuration value='1354'/>

	<player>
		<unitScore value='6050'/>
		<killScore value='1800'/>
		<buildingScore value='2550'/>
		<razingScore value='0'/>
		<mineralScore value='9170'/>
		<gasScore value='1552'/>
		<totalScore value='21122'/>
	</player>

	<enemy>
		<race value='Protoss'/>
		<unitScore value='6675'/>
		<unitScore value='6675'/>
		<killScore value='11600'/>
		<buildingScore value='5225'/>
		<razingScore value='7650'/>
		<mineralScore value='12250'/>
		<gasScore value='3616'/>
		<totalScore value='47016'/>
	</enemy>

	<scoreRatio value='0.449251'/>
	<timeFitness value='0.188056'/>
	<unitsAverage value='32'/>
</results>
