<results>
	<result value='loss'/>
	<start value='2015-05-09.22:01:16'/>
	<end value='2015-05-09.22:01:24'/>
	<frames value='12650'/>
	<gameDuration value='790'/>

	<player>
		<unitScore value='1700'/>
		<killScore value='200'/>
		<buildingScore value='1000'/>
		<razingScore value='0'/>
		<mineralScore value='2458'/>
		<gasScore value='312'/>
		<totalScore value='5670'/>
	</player>

	<enemy>
		<race value='Protoss'/>
		<unitScore value='3500'/>
		<unitScore value='3500'/>
		<killScore value='2650'/>
		<buildingScore value='2075'/>
		<razingScore value='3000'/>
		<mineralScore value='6266'/>
		<gasScore value='1080'/>
		<totalScore value='18571'/>
	</enemy>

	<scoreRatio value='0.305315'/>
	<timeFitness value='0.109722'/>
	<unitsAverage value='15'/>
</results>
