<results>
	<result value='loss'/>
	<start value='2015-07-17.21:46:18'/>
	<end value='2015-07-17.21:46:35'/>
	<frames value='25484'/>
	<gameDuration value='1592'/>

	<player>
		<unitScore value='7100'/>
		<killScore value='2200'/>
		<buildingScore value='1500'/>
		<razingScore value='0'/>
		<mineralScore value='5978'/>
		<gasScore value='1784'/>
		<totalScore value='18562'/>
	</player>

	<enemy>
		<race value='Protoss'/>
		<unitScore value='10400'/>
		<killScore value='13750'/>
		<buildingScore value='6650'/>
		<razingScore value='4500'/>
		<mineralScore value='19122'/>
		<gasScore value='4768'/>
		<totalScore value='59190'/>
	</enemy>

	<scoreRatio value='0.3136'/>
	<timeFitness value='0.221111'/>
	<unitsAverage value='27'/>
</results>
