<results>
	<result value='loss'/>
	<start value='2015-05-09.19:50:03'/>
	<end value='2015-05-09.19:50:13'/>
	<frames value='17238'/>
	<gameDuration value='1077'/>

	<player>
		<unitScore value='3700'/>
		<killScore value='2800'/>
		<buildingScore value='1600'/>
		<razingScore value='0'/>
		<mineralScore value='5322'/>
		<gasScore value='528'/>
		<totalScore value='13950'/>
	</player>

	<enemy>
		<race value='Protoss'/>
		<unitScore value='3600'/>
		<unitScore value='3600'/>
		<killScore value='7400'/>
		<buildingScore value='4075'/>
		<razingScore value='4800'/>
		<mineralScore value='9290'/>
		<gasScore value='1744'/>
		<totalScore value='30909'/>
	</enemy>

	<scoreRatio value='0.451325'/>
	<timeFitness value='0.149583'/>
	<unitsAverage value='24'/>
</results>
