<results>
	<result value='draw'/>
	<start value='2015-05-09.19:51:12'/>
	<end value='2015-05-09.19:52:27'/>
	<frames value='57601'/>
	<gameDuration value='3600'/>

	<player>
		<unitScore value='27150'/>
		<killScore value='37100'/>
		<buildingScore value='3675'/>
		<razingScore value='11550'/>
		<mineralScore value='29918'/>
		<gasScore value='5422'/>
		<totalScore value='114815'/>
	</player>

	<enemy>
		<race value='Protoss'/>
		<unitScore value='22500'/>
		<unitScore value='22500'/>
		<killScore value='48750'/>
		<buildingScore value='7275'/>
		<razingScore value='450'/>
		<mineralScore value='21082'/>
		<gasScore value='7746'/>
		<totalScore value='107803'/>
	</enemy>

	<scoreRatio value='1.06504'/>
	<timeFitness value='0.5'/>
	<unitsAverage value='107'/>
</results>
