<results>
	<result value='win'/>
	<start value='2015-05-21.23:05:25'/>
	<end value='2015-05-21.23:05:53'/>
	<frames value='32428'/>
	<gameDuration value='2026'/>

	<player>
		<unitScore value='17175'/>
		<killScore value='36350'/>
		<buildingScore value='3350'/>
		<razingScore value='6495'/>
		<mineralScore value='24946'/>
		<gasScore value='2312'/>
		<totalScore value='90628'/>
	</player>

	<enemy>
		<race value='Zerg'/>
		<unitScore value='16775'/>
		<killScore value='16350'/>
		<buildingScore value='2165'/>
		<razingScore value='0'/>
		<mineralScore value='14094'/>
		<gasScore value='4872'/>
		<totalScore value='54256'/>
	</enemy>

	<scoreRatio value='1.67038'/>
	<timeFitness value='0.718611'/>
	<unitsAverage value='80'/>
</results>
