<results>
	<result value='loss'/>
	<start value='2015-05-04.00:40:54'/>
	<end value='2015-05-04.00:41:35'/>
	<frames value='32955'/>
	<gameDuration value='2059'/>

	<player>
		<unitScore value='15150'/>
		<killScore value='24100'/>
		<buildingScore value='2575'/>
		<razingScore value='240'/>
		<mineralScore value='24874'/>
		<gasScore value='2088'/>
		<totalScore value='69027'/>
	</player>

	<enemy>
		<race value='Zerg'/>
		<unitScore value='22225'/>
		<unitScore value='22225'/>
		<killScore value='30300'/>
		<buildingScore value='3865'/>
		<razingScore value='7725'/>
		<mineralScore value='20254'/>
		<gasScore value='6856'/>
		<totalScore value='91225'/>
	</enemy>

	<scoreRatio value='0.756668'/>
	<timeFitness value='0.285972'/>
	<unitsAverage value='62'/>
</results>
