<results>
	<result value='win'/>
	<start value='2015-05-21.23:17:42'/>
	<end value='2015-05-21.23:18:14'/>
	<frames value='30599'/>
	<gameDuration value='1912'/>

	<player>
		<unitScore value='21125'/>
		<killScore value='34990'/>
		<buildingScore value='3875'/>
		<razingScore value='5040'/>
		<mineralScore value='33786'/>
		<gasScore value='1992'/>
		<totalScore value='100808'/>
	</player>

	<enemy>
		<race value='Zerg'/>
		<unitScore value='15275'/>
		<killScore value='20700'/>
		<buildingScore value='1680'/>
		<razingScore value='0'/>
		<mineralScore value='12982'/>
		<gasScore value='3984'/>
		<totalScore value='54621'/>
	</enemy>

	<scoreRatio value='1.84559'/>
	<timeFitness value='0.734444'/>
	<unitsAverage value='111'/>
</results>
