<results>
	<result value='win'/>
	<start value='2015-04-09.16:40:52'/>
	<end value='2015-04-09.16:41:45'/>
	<frames value='41294'/>
	<gameDuration value='2580'/>

	<player>
		<unitScore value='27350'/>
		<killScore value='33800'/>
		<buildingScore value='4250'/>
		<razingScore value='25050'/>
		<mineralScore value='32998'/>
		<gasScore value='5584'/>
		<totalScore value='129032'/>
	</player>

	<enemy>
		<race value='Protoss'/>
		<unitScore value='19400'/>
		<unitScore value='19400'/>
		<killScore value='30200'/>
		<buildingScore value='8350'/>
		<razingScore value='150'/>
		<mineralScore value='23990'/>
		<gasScore value='6760'/>
		<totalScore value='88850'/>
	</enemy>

	<scoreRatio value='1.45225'/>
</results>
