<results>
	<result value='win'/>
	<start value='2015-04-27.00:34:49'/>
	<end value='2015-04-27.00:35:50'/>
	<frames value='45479'/>
	<gameDuration value='2842'/>

	<player>
		<unitScore value='22375'/>
		<killScore value='36650'/>
		<buildingScore value='4875'/>
		<razingScore value='12975'/>
		<mineralScore value='36442'/>
		<gasScore value='4048'/>
		<totalScore value='117365'/>
	</player>

	<enemy>
		<race value='Terran'/>
		<unitScore value='22850'/>
		<unitScore value='22850'/>
		<killScore value='21350'/>
		<buildingScore value='4325'/>
		<razingScore value='3150'/>
		<mineralScore value='19550'/>
		<gasScore value='10726'/>
		<totalScore value='81951'/>
	</enemy>

	<scoreRatio value='1.43214'/>
</results>
