<results>
	<result value='win'/>
	<start value='2015-04-07.20:12:58'/>
	<end value='2015-04-07.20:13:25'/>
	<frames value='30878'/>
	<gameDuration value='1929'/>

	<player>
		<unitScore value='13850'/>
		<killScore value='17650'/>
		<buildingScore value='3275'/>
		<razingScore value='16575'/>
		<mineralScore value='21818'/>
		<gasScore value='3120'/>
		<totalScore value='76288'/>
	</player>

	<enemy>
		<race value='Protoss'/>
		<unitScore value='8825'/>
		<unitScore value='8825'/>
		<killScore value='10900'/>
		<buildingScore value='5525'/>
		<razingScore value='1350'/>
		<mineralScore value='13946'/>
		<gasScore value='3840'/>
		<totalScore value='44386'/>
	</enemy>

	<scoreRatio value='1.71874'/>
</results>
