<results>
	<result value='win'/>
	<start value='2015-07-11.21:33:27'/>
	<end value='2015-07-11.21:33:43'/>
	<frames value='17424'/>
	<gameDuration value='1089'/>

	<player>
		<unitScore value='7725'/>
		<killScore value='8150'/>
		<buildingScore value='2975'/>
		<razingScore value='3600'/>
		<mineralScore value='10586'/>
		<gasScore value='1736'/>
		<totalScore value='34772'/>
	</player>

	<enemy>
		<race value='Terran'/>
		<unitScore value='4075'/>
		<killScore value='3400'/>
		<buildingScore value='1200'/>
		<razingScore value='0'/>
		<mineralScore value='7146'/>
		<gasScore value='1304'/>
		<totalScore value='17125'/>
	</enemy>

	<scoreRatio value='2.03048'/>
	<timeFitness value='0.84875'/>
	<unitsAverage value='48'/>
</results>
