<results>
	<result value='loss'/>
	<start value='2015-04-16.14:46:39'/>
	<end value='2015-04-16.14:46:57'/>
	<frames value='18819'/>
	<gameDuration value='1176'/>

	<player>
		<unitScore value='4800'/>
		<killScore value='2800'/>
		<buildingScore value='1775'/>
		<razingScore value='0'/>
		<mineralScore value='6354'/>
		<gasScore value='968'/>
		<totalScore value='16697'/>
	</player>

	<enemy>
		<race value='Protoss'/>
		<unitScore value='4575'/>
		<unitScore value='4575'/>
		<killScore value='9600'/>
		<buildingScore value='4275'/>
		<razingScore value='5325'/>
		<mineralScore value='9602'/>
		<gasScore value='2584'/>
		<totalScore value='35961'/>
	</enemy>

	<scoreRatio value='0.464309'/>
</results>
