<results>
	<result value='draw'/>
	<start value='2015-03-30.05:28:22'/>
	<end value='2015-03-30.05:30:04'/>
	<frames value='57601'/>
	<gameDuration value='3600'/>

	<player>
		<unitScore value='30850'/>
		<killScore value='35600'/>
		<buildingScore value='2800'/>
		<razingScore value='19275'/>
		<mineralScore value='29762'/>
		<gasScore value='3896'/>
		<totalScore value='122183'/>
	</player>

	<enemy>
		<race value='Protoss'/>
		<unitScore value='18325'/>
		<unitScore value='18325'/>
		<killScore value='38100'/>
		<buildingScore value='7725'/>
		<razingScore value='300'/>
		<mineralScore value='28394'/>
		<gasScore value='9680'/>
		<totalScore value='102524'/>
	</enemy>

	<scoreRatio value='1.19175'/>
</results>
