<results>
	<result value='loss'/>
	<start value='2015-04-08.15:06:53'/>
	<end value='2015-04-08.15:07:03'/>
	<frames value='19346'/>
	<gameDuration value='1209'/>

	<player>
		<unitScore value='3700'/>
		<killScore value='1600'/>
		<buildingScore value='1700'/>
		<razingScore value='0'/>
		<mineralScore value='5658'/>
		<gasScore value='656'/>
		<totalScore value='13314'/>
	</player>

	<enemy>
		<race value='Protoss'/>
		<unitScore value='4250'/>
		<unitScore value='4250'/>
		<killScore value='7400'/>
		<buildingScore value='4975'/>
		<razingScore value='5100'/>
		<mineralScore value='10714'/>
		<gasScore value='2168'/>
		<totalScore value='34607'/>
	</enemy>

	<scoreRatio value='0.38472'/>
</results>
