<results>
	<result value='win'/>
	<start value='2014-07-24.10:25:06'/>
	<end value='2014-07-24.10:25:27'/>
	<frames value='26848'/>
	<gameDuration value='1678'/>

	<player>
		<unitScore value='12200'/>
		<killScore value='10400'/>
		<buildingScore value='3725'/>
		<razingScore value='10425'/>
		<mineralScore value='17254'/>
		<gasScore value='2120'/>
		<totalScore value='56124'/>
	</player>

	<enemy>
		<race value='Protoss'/>
		<unitScore value='5200'/>
		<unitScore value='5200'/>
		<killScore value='6400'/>
		<buildingScore value='3475'/>
		<razingScore value='1350'/>
		<mineralScore value='10754'/>
		<gasScore value='2160'/>
		<totalScore value='29339'/>
	</enemy>

	<scoreRatio value='1.91295'/>
</results>
