<results>
	<result value='win'/>
	<start value='2014-07-24.10:25:41'/>
	<end value='2014-07-24.10:26:18'/>
	<frames value='48486'/>
	<gameDuration value='3030'/>

	<player>
		<unitScore value='15225'/>
		<killScore value='18250'/>
		<buildingScore value='3900'/>
		<razingScore value='22575'/>
		<mineralScore value='24318'/>
		<gasScore value='3616'/>
		<totalScore value='87884'/>
	</player>

	<enemy>
		<race value='Protoss'/>
		<unitScore value='9125'/>
		<unitScore value='9125'/>
		<killScore value='17450'/>
		<buildingScore value='7525'/>
		<razingScore value='3300'/>
		<mineralScore value='25190'/>
		<gasScore value='5560'/>
		<totalScore value='68150'/>
	</enemy>

	<scoreRatio value='1.28957'/>
</results>
