<results>
	<result value='loss'/>
	<start value='2014-07-24.10:36:54'/>
	<end value='2014-07-24.10:37:02'/>
	<frames value='16060'/>
	<gameDuration value='1003'/>

	<player>
		<unitScore value='3200'/>
		<killScore value='1000'/>
		<buildingScore value='1850'/>
		<razingScore value='0'/>
		<mineralScore value='5178'/>
		<gasScore value='560'/>
		<totalScore value='11788'/>
	</player>

	<enemy>
		<race value='Protoss'/>
		<unitScore value='3600'/>
		<unitScore value='3600'/>
		<killScore value='6300'/>
		<buildingScore value='3575'/>
		<razingScore value='5550'/>
		<mineralScore value='8354'/>
		<gasScore value='1576'/>
		<totalScore value='28955'/>
	</enemy>

	<scoreRatio value='0.407114'/>
</results>
