<results>
	<result value='loss'/>
	<start value='2014-07-24.10:40:58'/>
	<end value='2014-07-24.10:41:03'/>
	<frames value='12712'/>
	<gameDuration value='794'/>

	<player>
		<unitScore value='1200'/>
		<killScore value='200'/>
		<buildingScore value='1325'/>
		<razingScore value='0'/>
		<mineralScore value='2466'/>
		<gasScore value='680'/>
		<totalScore value='5871'/>
	</player>

	<enemy>
		<race value='Protoss'/>
		<unitScore value='3500'/>
		<unitScore value='3500'/>
		<killScore value='2400'/>
		<buildingScore value='2175'/>
		<razingScore value='3975'/>
		<mineralScore value='6322'/>
		<gasScore value='1120'/>
		<totalScore value='19492'/>
	</enemy>

	<scoreRatio value='0.3012'/>
</results>
