<results>
	<result value='loss'/>
	<start value='2014-07-24.10:56:05'/>
	<end value='2014-07-24.10:56:11'/>
	<frames value='15192'/>
	<gameDuration value='949'/>

	<player>
		<unitScore value='2850'/>
		<killScore value='400'/>
		<buildingScore value='1950'/>
		<razingScore value='0'/>
		<mineralScore value='5090'/>
		<gasScore value='840'/>
		<totalScore value='11130'/>
	</player>

	<enemy>
		<race value='Protoss'/>
		<unitScore value='3550'/>
		<unitScore value='3550'/>
		<killScore value='5700'/>
		<buildingScore value='2675'/>
		<razingScore value='5850'/>
		<mineralScore value='7914'/>
		<gasScore value='1392'/>
		<totalScore value='27081'/>
	</enemy>

	<scoreRatio value='0.410989'/>
</results>
