<results>
	<result value='loss'/>
	<start value='2014-07-24.11:12:02'/>
	<end value='2014-07-24.11:12:38'/>
	<frames value='47835'/>
	<gameDuration value='2989'/>

	<player>
		<unitScore value='20300'/>
		<killScore value='31900'/>
		<buildingScore value='2250'/>
		<razingScore value='6000'/>
		<mineralScore value='21170'/>
		<gasScore value='4376'/>
		<totalScore value='85996'/>
	</player>

	<enemy>
		<race value='Protoss'/>
		<unitScore value='30400'/>
		<unitScore value='30400'/>
		<killScore value='40300'/>
		<buildingScore value='8625'/>
		<razingScore value='6750'/>
		<mineralScore value='32878'/>
		<gasScore value='9812'/>
		<totalScore value='128765'/>
	</enemy>

	<scoreRatio value='0.667852'/>
</results>
