<results>
	<result value='win'/>
	<start value='2015-04-29.18:27:13'/>
	<end value='2015-04-29.18:27:41'/>
	<frames value='26538'/>
	<gameDuration value='1658'/>

	<player>
		<unitScore value='17125'/>
		<killScore value='18100'/>
		<buildingScore value='3975'/>
		<razingScore value='4350'/>
		<mineralScore value='25158'/>
		<gasScore value='2112'/>
		<totalScore value='70820'/>
	</player>

	<enemy>
		<race value='Terran'/>
		<unitScore value='9050'/>
		<unitScore value='9050'/>
		<killScore value='15950'/>
		<buildingScore value='1450'/>
		<razingScore value='0'/>
		<mineralScore value='12050'/>
		<gasScore value='3064'/>
		<totalScore value='41564'/>
	</enemy>

	<scoreRatio value='1.70388'/>
	<timeFitness value='0.769722'/>
	<unitsAverage value='83'/>
</results>
