<results>
	<result value='win'/>
	<start value='2015-04-29.18:29:53'/>
	<end value='2015-04-29.18:30:17'/>
	<frames value='24895'/>
	<gameDuration value='1555'/>

	<player>
		<unitScore value='11550'/>
		<killScore value='22200'/>
		<buildingScore value='3725'/>
		<razingScore value='8775'/>
		<mineralScore value='20754'/>
		<gasScore value='1960'/>
		<totalScore value='68964'/>
	</player>

	<enemy>
		<race value='Terran'/>
		<unitScore value='11400'/>
		<unitScore value='11400'/>
		<killScore value='5800'/>
		<buildingScore value='3000'/>
		<razingScore value='1200'/>
		<mineralScore value='10202'/>
		<gasScore value='4184'/>
		<totalScore value='35786'/>
	</enemy>

	<scoreRatio value='1.92712'/>
	<timeFitness value='0.784028'/>
	<unitsAverage value='76'/>
</results>
