<results>
	<result value='loss'/>
	<start value='2015-04-29.18:37:06'/>
	<end value='2015-04-29.18:37:18'/>
	<frames value='19253'/>
	<gameDuration value='1203'/>

	<player>
		<unitScore value='3775'/>
		<killScore value='1700'/>
		<buildingScore value='2050'/>
		<razingScore value='0'/>
		<mineralScore value='6106'/>
		<gasScore value='936'/>
		<totalScore value='14567'/>
	</player>

	<enemy>
		<race value='Terran'/>
		<unitScore value='7150'/>
		<unitScore value='7150'/>
		<killScore value='6700'/>
		<buildingScore value='2850'/>
		<razingScore value='6150'/>
		<mineralScore value='8850'/>
		<gasScore value='3216'/>
		<totalScore value='34916'/>
	</enemy>

	<scoreRatio value='0.417201'/>
	<timeFitness value='0.167083'/>
	<unitsAverage value='28'/>
</results>
