<results>
	<result value='win'/>
	<start value='2015-04-29.18:37:35'/>
	<end value='2015-04-29.18:37:58'/>
	<frames value='24957'/>
	<gameDuration value='1559'/>

	<player>
		<unitScore value='10425'/>
		<killScore value='21400'/>
		<buildingScore value='3850'/>
		<razingScore value='8550'/>
		<mineralScore value='18274'/>
		<gasScore value='2248'/>
		<totalScore value='64747'/>
	</player>

	<enemy>
		<race value='Terran'/>
		<unitScore value='10700'/>
		<unitScore value='10700'/>
		<killScore value='7200'/>
		<buildingScore value='2850'/>
		<razingScore value='2025'/>
		<mineralScore value='10162'/>
		<gasScore value='3976'/>
		<totalScore value='36913'/>
	</enemy>

	<scoreRatio value='1.75404'/>
	<timeFitness value='0.783472'/>
	<unitsAverage value='62'/>
</results>
