<results>
	<result value='win'/>
	<start value='2015-04-29.18:38:16'/>
	<end value='2015-04-29.18:38:41'/>
	<frames value='26507'/>
	<gameDuration value='1656'/>

	<player>
		<unitScore value='12550'/>
		<killScore value='21750'/>
		<buildingScore value='4600'/>
		<razingScore value='7800'/>
		<mineralScore value='21874'/>
		<gasScore value='1888'/>
		<totalScore value='70462'/>
	</player>

	<enemy>
		<race value='Terran'/>
		<unitScore value='10875'/>
		<unitScore value='10875'/>
		<killScore value='8850'/>
		<buildingScore value='2600'/>
		<razingScore value='3300'/>
		<mineralScore value='11538'/>
		<gasScore value='4144'/>
		<totalScore value='41307'/>
	</enemy>

	<scoreRatio value='1.70581'/>
	<timeFitness value='0.77'/>
	<unitsAverage value='71'/>
</results>
