<results>
	<result value='win'/>
	<start value='2015-07-13.03:16:40'/>
	<end value='2015-07-13.03:17:14'/>
	<frames value='35404'/>
	<gameDuration value='2212'/>

	<player>
		<unitScore value='17175'/>
		<killScore value='23500'/>
		<buildingScore value='3725'/>
		<razingScore value='10875'/>
		<mineralScore value='24146'/>
		<gasScore value='3496'/>
		<totalScore value='82917'/>
	</player>

	<enemy>
		<race value='Protoss'/>
		<unitScore value='11750'/>
		<killScore value='16400'/>
		<buildingScore value='3625'/>
		<razingScore value='1500'/>
		<mineralScore value='14890'/>
		<gasScore value='4312'/>
		<totalScore value='52477'/>
	</enemy>

	<scoreRatio value='1.58006'/>
	<timeFitness value='0.692778'/>
	<unitsAverage value='69'/>
</results>
