<results>
	<result value='loss'/>
	<start value='2015-07-13.03:20:00'/>
	<end value='2015-07-13.03:20:30'/>
	<frames value='34567'/>
	<gameDuration value='2160'/>

	<player>
		<unitScore value='16325'/>
		<killScore value='10800'/>
		<buildingScore value='2875'/>
		<razingScore value='300'/>
		<mineralScore value='22898'/>
		<gasScore value='2688'/>
		<totalScore value='55886'/>
	</player>

	<enemy>
		<race value='Protoss'/>
		<unitScore value='18450'/>
		<killScore value='33250'/>
		<buildingScore value='6775'/>
		<razingScore value='8625'/>
		<mineralScore value='20986'/>
		<gasScore value='8240'/>
		<totalScore value='96326'/>
	</enemy>

	<scoreRatio value='0.580176'/>
	<timeFitness value='0.3'/>
	<unitsAverage value='49'/>
</results>
