<results>
	<result value='loss'/>
	<start value='2015-07-13.03:24:33'/>
	<end value='2015-07-13.03:25:23'/>
	<frames value='44797'/>
	<gameDuration value='2799'/>

	<player>
		<unitScore value='25225'/>
		<killScore value='20450'/>
		<buildingScore value='2825'/>
		<razingScore value='1275'/>
		<mineralScore value='27650'/>
		<gasScore value='3640'/>
		<totalScore value='81065'/>
	</player>

	<enemy>
		<race value='Protoss'/>
		<unitScore value='26775'/>
		<killScore value='48300'/>
		<buildingScore value='7525'/>
		<razingScore value='8475'/>
		<mineralScore value='27574'/>
		<gasScore value='9338'/>
		<totalScore value='127987'/>
	</enemy>

	<scoreRatio value='0.633385'/>
	<timeFitness value='0.38875'/>
	<unitsAverage value='70'/>
</results>
