<results>
	<result value='win'/>
	<start value='2015-05-05.18:59:16'/>
	<end value='2015-05-05.18:59:49'/>
	<frames value='27468'/>
	<gameDuration value='1716'/>

	<player>
		<unitScore value='11300'/>
		<killScore value='20100'/>
		<buildingScore value='3050'/>
		<razingScore value='9600'/>
		<mineralScore value='14386'/>
		<gasScore value='3176'/>
		<totalScore value='61612'/>
	</player>

	<enemy>
		<race value='Terran'/>
		<unitScore value='10750'/>
		<unitScore value='10750'/>
		<killScore value='11850'/>
		<buildingScore value='3200'/>
		<razingScore value='3150'/>
		<mineralScore value='10290'/>
		<gasScore value='3648'/>
		<totalScore value='42888'/>
	</enemy>

	<scoreRatio value='1.43658'/>
	<timeFitness value='0.761667'/>
	<unitsAverage value='57'/>
</results>
