<results>
	<result value='win'/>
	<start value='2015-05-05.19:05:17'/>
	<end value='2015-05-05.19:05:46'/>
	<frames value='22260'/>
	<gameDuration value='1391'/>

	<player>
		<unitScore value='10750'/>
		<killScore value='15450'/>
		<buildingScore value='2800'/>
		<razingScore value='6825'/>
		<mineralScore value='17290'/>
		<gasScore value='2072'/>
		<totalScore value='55187'/>
	</player>

	<enemy>
		<race value='Terran'/>
		<unitScore value='7725'/>
		<unitScore value='7725'/>
		<killScore value='7900'/>
		<buildingScore value='2350'/>
		<razingScore value='0'/>
		<mineralScore value='9122'/>
		<gasScore value='2720'/>
		<totalScore value='29817'/>
	</enemy>

	<scoreRatio value='1.85086'/>
	<timeFitness value='0.806806'/>
	<unitsAverage value='65'/>
</results>
