<results>
	<result value='win'/>
	<start value='2015-05-05.19:10:40'/>
	<end value='2015-05-05.19:11:59'/>
	<frames value='44828'/>
	<gameDuration value='2801'/>

	<player>
		<unitScore value='19925'/>
		<killScore value='34700'/>
		<buildingScore value='5450'/>
		<razingScore value='11250'/>
		<mineralScore value='37638'/>
		<gasScore value='4232'/>
		<totalScore value='113195'/>
	</player>

	<enemy>
		<race value='Terran'/>
		<unitScore value='18950'/>
		<unitScore value='18950'/>
		<killScore value='20600'/>
		<buildingScore value='3750'/>
		<razingScore value='600'/>
		<mineralScore value='15486'/>
		<gasScore value='7234'/>
		<totalScore value='66620'/>
	</enemy>

	<scoreRatio value='1.69911'/>
	<timeFitness value='0.610972'/>
	<unitsAverage value='96'/>
</results>
