<results>
	<result value='win'/>
	<start value='2015-05-04.08:41:53'/>
	<end value='2015-05-04.08:42:07'/>
	<frames value='20245'/>
	<gameDuration value='1265'/>

	<player>
		<unitScore value='8075'/>
		<killScore value='12550'/>
		<buildingScore value='3075'/>
		<razingScore value='6450'/>
		<mineralScore value='14070'/>
		<gasScore value='1864'/>
		<totalScore value='46084'/>
	</player>

	<enemy>
		<race value='Terran'/>
		<unitScore value='6325'/>
		<unitScore value='6325'/>
		<killScore value='4750'/>
		<buildingScore value='2150'/>
		<razingScore value='1800'/>
		<mineralScore value='8010'/>
		<gasScore value='2400'/>
		<totalScore value='25435'/>
	</enemy>

	<scoreRatio value='1.81183'/>
	<timeFitness value='0.824306'/>
	<unitsAverage value='55'/>
</results>
