<results>
	<result value='win'/>
	<start value='2015-05-09.10:51:40'/>
	<end value='2015-05-09.10:51:59'/>
	<frames value='24957'/>
	<gameDuration value='1559'/>

	<player>
		<unitScore value='9400'/>
		<killScore value='14300'/>
		<buildingScore value='3125'/>
		<razingScore value='7500'/>
		<mineralScore value='13386'/>
		<gasScore value='2272'/>
		<totalScore value='49983'/>
	</player>

	<enemy>
		<race value='Terran'/>
		<unitScore value='7750'/>
		<unitScore value='7750'/>
		<killScore value='9200'/>
		<buildingScore value='2500'/>
		<razingScore value='3300'/>
		<mineralScore value='9442'/>
		<gasScore value='3384'/>
		<totalScore value='35576'/>
	</enemy>

	<scoreRatio value='1.40496'/>
	<timeFitness value='0.783472'/>
	<unitsAverage value='50'/>
</results>
