<results>
	<result value='loss'/>
	<start value='2015-05-09.10:53:09'/>
	<end value='2015-05-09.10:53:16'/>
	<frames value='17145'/>
	<gameDuration value='1071'/>

	<player>
		<unitScore value='2925'/>
		<killScore value='1550'/>
		<buildingScore value='1575'/>
		<razingScore value='0'/>
		<mineralScore value='4610'/>
		<gasScore value='880'/>
		<totalScore value='11540'/>
	</player>

	<enemy>
		<race value='Terran'/>
		<unitScore value='5600'/>
		<unitScore value='5600'/>
		<killScore value='5150'/>
		<buildingScore value='1800'/>
		<razingScore value='4725'/>
		<mineralScore value='7986'/>
		<gasScore value='2552'/>
		<totalScore value='27813'/>
	</enemy>

	<scoreRatio value='0.414914'/>
	<timeFitness value='0.14875'/>
	<unitsAverage value='26'/>
</results>
