<results>
	<result value='win'/>
	<start value='2015-05-09.10:56:13'/>
	<end value='2015-05-09.10:56:46'/>
	<frames value='32862'/>
	<gameDuration value='2053'/>

	<player>
		<unitScore value='20900'/>
		<killScore value='27650'/>
		<buildingScore value='4825'/>
		<razingScore value='8775'/>
		<mineralScore value='31166'/>
		<gasScore value='3720'/>
		<totalScore value='97036'/>
	</player>

	<enemy>
		<race value='Terran'/>
		<unitScore value='13825'/>
		<unitScore value='13825'/>
		<killScore value='19700'/>
		<buildingScore value='2925'/>
		<razingScore value='1575'/>
		<mineralScore value='12050'/>
		<gasScore value='5064'/>
		<totalScore value='55139'/>
	</enemy>

	<scoreRatio value='1.75984'/>
	<timeFitness value='0.714861'/>
	<unitsAverage value='102'/>
</results>
