<results>
	<result value='win'/>
	<start value='2015-04-07.15:42:31'/>
	<end value='2015-04-07.15:42:52'/>
	<frames value='26104'/>
	<gameDuration value='1631'/>

	<player>
		<unitScore value='11800'/>
		<killScore value='10900'/>
		<buildingScore value='3250'/>
		<razingScore value='16500'/>
		<mineralScore value='18614'/>
		<gasScore value='2264'/>
		<totalScore value='63328'/>
	</player>

	<enemy>
		<race value='Protoss'/>
		<unitScore value='5650'/>
		<unitScore value='5650'/>
		<killScore value='7900'/>
		<buildingScore value='5500'/>
		<razingScore value='150'/>
		<mineralScore value='12802'/>
		<gasScore value='2632'/>
		<totalScore value='34634'/>
	</enemy>

	<scoreRatio value='1.82849'/>
</results>
