<results>
	<result value='loss'/>
	<start value='2015-07-07.14:34:00'/>
	<end value='2015-07-07.14:36:16'/>
	<frames value='48889'/>
	<gameDuration value='3055'/>

	<player>
		<unitScore value='30475'/>
		<killScore value='15150'/>
		<buildingScore value='3650'/>
		<razingScore value='0'/>
		<mineralScore value='29594'/>
		<gasScore value='2696'/>
		<totalScore value='81565'/>
	</player>

	<enemy>
		<race value='Terran'/>
		<unitScore value='24025'/>
		<killScore value='60050'/>
		<buildingScore value='4125'/>
		<razingScore value='11175'/>
		<mineralScore value='19550'/>
		<gasScore value='11476'/>
		<totalScore value='130401'/>
	</enemy>

	<scoreRatio value='0.625494'/>
	<timeFitness value='0.424306'/>
	<unitsAverage value='81'/>
</results>
