<results>
	<result value='loss'/>
	<start value='2015-07-07.14:37:27'/>
	<end value='2015-07-07.14:37:51'/>
	<frames value='21950'/>
	<gameDuration value='1371'/>

	<player>
		<unitScore value='8275'/>
		<killScore value='4650'/>
		<buildingScore value='1900'/>
		<razingScore value='150'/>
		<mineralScore value='9474'/>
		<gasScore value='1392'/>
		<totalScore value='25841'/>
	</player>

	<enemy>
		<race value='Terran'/>
		<unitScore value='7750'/>
		<killScore value='15350'/>
		<buildingScore value='2850'/>
		<razingScore value='5700'/>
		<mineralScore value='9626'/>
		<gasScore value='3776'/>
		<totalScore value='45052'/>
	</enemy>

	<scoreRatio value='0.573582'/>
	<timeFitness value='0.190417'/>
	<unitsAverage value='35'/>
</results>
