<results>
	<result value='loss'/>
	<start value='2015-07-07.14:41:25'/>
	<end value='2015-07-07.14:41:57'/>
	<frames value='22849'/>
	<gameDuration value='1428'/>

	<player>
		<unitScore value='8150'/>
		<killScore value='3400'/>
		<buildingScore value='2925'/>
		<razingScore value='0'/>
		<mineralScore value='9890'/>
		<gasScore value='1192'/>
		<totalScore value='25557'/>
	</player>

	<enemy>
		<race value='Terran'/>
		<unitScore value='8050'/>
		<killScore value='14800'/>
		<buildingScore value='2950'/>
		<razingScore value='8775'/>
		<mineralScore value='12250'/>
		<gasScore value='3696'/>
		<totalScore value='50521'/>
	</enemy>

	<scoreRatio value='0.505869'/>
	<timeFitness value='0.198333'/>
	<unitsAverage value='33'/>
</results>
