<results>
	<result value='win'/>
	<start value='2015-04-10.15:12:39'/>
	<end value='2015-04-10.15:13:04'/>
	<frames value='28708'/>
	<gameDuration value='1794'/>

	<player>
		<unitScore value='14800'/>
		<killScore value='11600'/>
		<buildingScore value='3525'/>
		<razingScore value='14625'/>
		<mineralScore value='21498'/>
		<gasScore value='2408'/>
		<totalScore value='68456'/>
	</player>

	<enemy>
		<race value='Protoss'/>
		<unitScore value='5850'/>
		<unitScore value='5850'/>
		<killScore value='10700'/>
		<buildingScore value='4875'/>
		<razingScore value='150'/>
		<mineralScore value='13050'/>
		<gasScore value='3112'/>
		<totalScore value='37737'/>
	</enemy>

	<scoreRatio value='1.81403'/>
</results>
