<results>
	<result value='loss'/>
	<start value='2015-04-10.15:16:19'/>
	<end value='2015-04-10.15:16:26'/>
	<frames value='14572'/>
	<gameDuration value='910'/>

	<player>
		<unitScore value='2725'/>
		<killScore value='1200'/>
		<buildingScore value='1450'/>
		<razingScore value='0'/>
		<mineralScore value='4202'/>
		<gasScore value='496'/>
		<totalScore value='10073'/>
	</player>

	<enemy>
		<race value='Protoss'/>
		<unitScore value='3550'/>
		<unitScore value='3550'/>
		<killScore value='5450'/>
		<buildingScore value='2275'/>
		<razingScore value='4350'/>
		<mineralScore value='7322'/>
		<gasScore value='1152'/>
		<totalScore value='24099'/>
	</enemy>

	<scoreRatio value='0.417984'/>
</results>
