<results>
	<result value='loss'/>
	<start value='2015-04-10.15:16:30'/>
	<end value='2015-04-10.15:17:07'/>
	<frames value='47773'/>
	<gameDuration value='2985'/>

	<player>
		<unitScore value='20275'/>
		<killScore value='21450'/>
		<buildingScore value='2775'/>
		<razingScore value='3600'/>
		<mineralScore value='23994'/>
		<gasScore value='4400'/>
		<totalScore value='76494'/>
	</player>

	<enemy>
		<race value='Protoss'/>
		<unitScore value='31800'/>
		<unitScore value='31800'/>
		<killScore value='40300'/>
		<buildingScore value='8825'/>
		<razingScore value='8325'/>
		<mineralScore value='33498'/>
		<gasScore value='11054'/>
		<totalScore value='133802'/>
	</enemy>

	<scoreRatio value='0.571696'/>
</results>
