<results>
	<result value='draw'/>
	<start value='2015-04-10.15:19:01'/>
	<end value='2015-04-10.15:20:09'/>
	<frames value='57601'/>
	<gameDuration value='3600'/>

	<player>
		<unitScore value='30250'/>
		<killScore value='42100'/>
		<buildingScore value='3675'/>
		<razingScore value='14700'/>
		<mineralScore value='31790'/>
		<gasScore value='4464'/>
		<totalScore value='126979'/>
	</player>

	<enemy>
		<race value='Protoss'/>
		<unitScore value='25550'/>
		<unitScore value='25550'/>
		<killScore value='50300'/>
		<buildingScore value='8725'/>
		<razingScore value='6750'/>
		<mineralScore value='25806'/>
		<gasScore value='11030'/>
		<totalScore value='128161'/>
	</enemy>

	<scoreRatio value='0.990777'/>
</results>
