<results>
	<result value='win'/>
	<start value='2015-04-27.01:44:25'/>
	<end value='2015-04-27.01:44:37'/>
	<frames value='18943'/>
	<gameDuration value='1183'/>

	<player>
		<unitScore value='6100'/>
		<killScore value='10850'/>
		<buildingScore value='2775'/>
		<razingScore value='4125'/>
		<mineralScore value='9186'/>
		<gasScore value='1336'/>
		<totalScore value='34372'/>
	</player>

	<enemy>
		<race value='Terran'/>
		<unitScore value='5425'/>
		<unitScore value='5425'/>
		<killScore value='3950'/>
		<buildingScore value='1450'/>
		<razingScore value='1200'/>
		<mineralScore value='8546'/>
		<gasScore value='2384'/>
		<totalScore value='22955'/>
	</enemy>

	<scoreRatio value='1.49736'/>
</results>
