<results>
	<result value='win'/>
	<start value='2015-04-13.09:31:09'/>
	<end value='2015-04-13.09:31:26'/>
	<frames value='25701'/>
	<gameDuration value='1606'/>

	<player>
		<unitScore value='11775'/>
		<killScore value='19500'/>
		<buildingScore value='2975'/>
		<razingScore value='14175'/>
		<mineralScore value='15326'/>
		<gasScore value='2824'/>
		<totalScore value='66575'/>
	</player>

	<enemy>
		<race value='Protoss'/>
		<unitScore value='10100'/>
		<unitScore value='10100'/>
		<killScore value='10200'/>
		<buildingScore value='4725'/>
		<razingScore value='300'/>
		<mineralScore value='13202'/>
		<gasScore value='2624'/>
		<totalScore value='41151'/>
	</enemy>

	<scoreRatio value='1.61782'/>
</results>
