<results>
	<result value='loss'/>
	<start value='2015-07-20.15:46:53'/>
	<end value='2015-07-20.15:47:21'/>
	<frames value='27530'/>
	<gameDuration value='1720'/>

	<player>
		<unitScore value='12475'/>
		<killScore value='4960'/>
		<buildingScore value='3650'/>
		<razingScore value='195'/>
		<mineralScore value='14754'/>
		<gasScore value='1816'/>
		<totalScore value='37850'/>
	</player>

	<enemy>
		<race value='Zerg'/>
		<unitScore value='10450'/>
		<killScore value='24950'/>
		<buildingScore value='3055'/>
		<razingScore value='10950'/>
		<mineralScore value='14238'/>
		<gasScore value='3680'/>
		<totalScore value='67323'/>
	</enemy>

	<scoreRatio value='0.562215'/>
	<timeFitness value='0.238889'/>
	<unitsAverage value='41'/>
</results>
