<results>
	<result value='draw'/>
	<start value='2015-07-10.10:46:48'/>
	<end value='2015-07-10.10:48:53'/>
	<frames value='57601'/>
	<gameDuration value='3600'/>

	<player>
		<unitScore value='34775'/>
		<killScore value='25450'/>
		<buildingScore value='3900'/>
		<razingScore value='150'/>
		<mineralScore value='37342'/>
		<gasScore value='5528'/>
		<totalScore value='107145'/>
	</player>

	<enemy>
		<race value='Terran'/>
		<unitScore value='19275'/>
		<killScore value='58400'/>
		<buildingScore value='3050'/>
		<razingScore value='4650'/>
		<mineralScore value='23978'/>
		<gasScore value='6504'/>
		<totalScore value='115857'/>
	</enemy>

	<scoreRatio value='0.924804'/>
	<timeFitness value='0.5'/>
	<unitsAverage value='95'/>
</results>
