<results>
	<result value='loss'/>
	<start value='2015-07-10.11:05:50'/>
	<end value='2015-07-10.11:06:12'/>
	<frames value='22198'/>
	<gameDuration value='1387'/>

	<player>
		<unitScore value='7750'/>
		<killScore value='2600'/>
		<buildingScore value='2500'/>
		<razingScore value='0'/>
		<mineralScore value='9778'/>
		<gasScore value='1104'/>
		<totalScore value='23732'/>
	</player>

	<enemy>
		<race value='Terran'/>
		<unitScore value='9450'/>
		<killScore value='15150'/>
		<buildingScore value='3450'/>
		<razingScore value='7500'/>
		<mineralScore value='10770'/>
		<gasScore value='4640'/>
		<totalScore value='50960'/>
	</enemy>

	<scoreRatio value='0.465699'/>
	<timeFitness value='0.192639'/>
	<unitsAverage value='30'/>
</results>
