<results>
	<result value='win'/>
	<start value='2015-04-08.00:50:33'/>
	<end value='2015-04-08.00:50:58'/>
	<frames value='31126'/>
	<gameDuration value='1945'/>

	<player>
		<unitScore value='14400'/>
		<killScore value='10900'/>
		<buildingScore value='2750'/>
		<razingScore value='12825'/>
		<mineralScore value='17750'/>
		<gasScore value='2152'/>
		<totalScore value='60777'/>
	</player>

	<enemy>
		<race value='Protoss'/>
		<unitScore value='5450'/>
		<unitScore value='5450'/>
		<killScore value='13000'/>
		<buildingScore value='4275'/>
		<razingScore value='0'/>
		<mineralScore value='12450'/>
		<gasScore value='1736'/>
		<totalScore value='36911'/>
	</enemy>

	<scoreRatio value='1.64658'/>
</results>
