<results>
	<result value='win'/>
	<start value='2015-04-13.11:39:08'/>
	<end value='2015-04-13.11:39:35'/>
	<frames value='29824'/>
	<gameDuration value='1864'/>

	<player>
		<unitScore value='17100'/>
		<killScore value='14700'/>
		<buildingScore value='3900'/>
		<razingScore value='20100'/>
		<mineralScore value='21450'/>
		<gasScore value='3088'/>
		<totalScore value='80338'/>
	</player>

	<enemy>
		<race value='Protoss'/>
		<unitScore value='7350'/>
		<unitScore value='7350'/>
		<killScore value='15200'/>
		<buildingScore value='6700'/>
		<razingScore value='450'/>
		<mineralScore value='16114'/>
		<gasScore value='4064'/>
		<totalScore value='49878'/>
	</enemy>

	<scoreRatio value='1.61069'/>
</results>
