<results>
	<result value='loss'/>
	<start value='2015-04-13.11:40:01'/>
	<end value='2015-04-13.11:40:11'/>
	<frames value='19284'/>
	<gameDuration value='1205'/>

	<player>
		<unitScore value='4350'/>
		<killScore value='1400'/>
		<buildingScore value='1650'/>
		<razingScore value='0'/>
		<mineralScore value='6250'/>
		<gasScore value='672'/>
		<totalScore value='14322'/>
	</player>

	<enemy>
		<race value='Protoss'/>
		<unitScore value='5000'/>
		<unitScore value='5000'/>
		<killScore value='8700'/>
		<buildingScore value='4525'/>
		<razingScore value='4950'/>
		<mineralScore value='11018'/>
		<gasScore value='2464'/>
		<totalScore value='36657'/>
	</enemy>

	<scoreRatio value='0.390703'/>
</results>
