<results>
	<result value='loss'/>
	<start value='2015-05-09.21:11:09'/>
	<end value='2015-05-09.21:11:24'/>
	<frames value='25205'/>
	<gameDuration value='1575'/>

	<player>
		<unitScore value='3525'/>
		<killScore value='2400'/>
		<buildingScore value='2025'/>
		<razingScore value='0'/>
		<mineralScore value='5818'/>
		<gasScore value='864'/>
		<totalScore value='14632'/>
	</player>

	<enemy>
		<race value='Protoss'/>
		<unitScore value='10225'/>
		<unitScore value='10225'/>
		<killScore value='6600'/>
		<buildingScore value='5975'/>
		<razingScore value='6075'/>
		<mineralScore value='15942'/>
		<gasScore value='5024'/>
		<totalScore value='49841'/>
	</enemy>

	<scoreRatio value='0.293574'/>
	<timeFitness value='0.21875'/>
	<unitsAverage value='23'/>
</results>
