<results>
	<result value='win'/>
	<start value='2015-05-09.21:18:17'/>
	<end value='2015-05-09.21:19:32'/>
	<frames value='47215'/>
	<gameDuration value='2950'/>

	<player>
		<unitScore value='32500'/>
		<killScore value='58250'/>
		<buildingScore value='4550'/>
		<razingScore value='19200'/>
		<mineralScore value='35770'/>
		<gasScore value='6638'/>
		<totalScore value='156908'/>
	</player>

	<enemy>
		<race value='Protoss'/>
		<unitScore value='29450'/>
		<unitScore value='29450'/>
		<killScore value='39300'/>
		<buildingScore value='6400'/>
		<razingScore value='675'/>
		<mineralScore value='26842'/>
		<gasScore value='8092'/>
		<totalScore value='110759'/>
	</enemy>

	<scoreRatio value='1.41666'/>
	<timeFitness value='0.590278'/>
	<unitsAverage value='136'/>
</results>
