<results>
	<result value='loss'/>
	<start value='2015-07-19.22:45:21'/>
	<end value='2015-07-19.22:46:11'/>
	<frames value='30878'/>
	<gameDuration value='1929'/>

	<player>
		<unitScore value='16500'/>
		<killScore value='9900'/>
		<buildingScore value='3375'/>
		<razingScore value='0'/>
		<mineralScore value='18778'/>
		<gasScore value='2000'/>
		<totalScore value='50553'/>
	</player>

	<enemy>
		<race value='Zerg'/>
		<unitScore value='17075'/>
		<killScore value='33000'/>
		<buildingScore value='4540'/>
		<razingScore value='10125'/>
		<mineralScore value='18626'/>
		<gasScore value='6888'/>
		<totalScore value='90254'/>
	</enemy>

	<scoreRatio value='0.560119'/>
	<timeFitness value='0.267917'/>
	<unitsAverage value='58'/>
</results>
