<results>
	<result value='win'/>
	<start value='2015-05-04.10:08:39'/>
	<end value='2015-05-04.10:09:21'/>
	<frames value='35559'/>
	<gameDuration value='2222'/>

	<player>
		<unitScore value='28850'/>
		<killScore value='32120'/>
		<buildingScore value='4125'/>
		<razingScore value='5040'/>
		<mineralScore value='41102'/>
		<gasScore value='2608'/>
		<totalScore value='113845'/>
	</player>

	<enemy>
		<race value='Zerg'/>
		<unitScore value='15575'/>
		<unitScore value='15575'/>
		<killScore value='31150'/>
		<buildingScore value='1680'/>
		<razingScore value='0'/>
		<mineralScore value='12450'/>
		<gasScore value='4080'/>
		<totalScore value='64935'/>
	</enemy>

	<scoreRatio value='1.75321'/>
	<timeFitness value='0.691389'/>
	<unitsAverage value='113'/>
</results>
