<results>
	<result value='win'/>
	<start value='2015-05-10.21:12:30'/>
	<end value='2015-05-10.21:13:11'/>
	<frames value='35373'/>
	<gameDuration value='2210'/>

	<player>
		<unitScore value='22875'/>
		<killScore value='37920'/>
		<buildingScore value='3575'/>
		<razingScore value='7830'/>
		<mineralScore value='31502'/>
		<gasScore value='2224'/>
		<totalScore value='105926'/>
	</player>

	<enemy>
		<race value='Zerg'/>
		<unitScore value='17425'/>
		<unitScore value='17425'/>
		<killScore value='25400'/>
		<buildingScore value='2610'/>
		<razingScore value='0'/>
		<mineralScore value='16470'/>
		<gasScore value='4792'/>
		<totalScore value='66697'/>
	</enemy>

	<scoreRatio value='1.58817'/>
	<timeFitness value='0.693056'/>
	<unitsAverage value='100'/>
</results>
