<results>
	<result value='loss'/>
	<start value='2015-07-14.09:54:19'/>
	<end value='2015-07-14.09:54:29'/>
	<frames value='14386'/>
	<gameDuration value='899'/>

	<player>
		<unitScore value='3725'/>
		<killScore value='800'/>
		<buildingScore value='1525'/>
		<razingScore value='0'/>
		<mineralScore value='4914'/>
		<gasScore value='912'/>
		<totalScore value='11876'/>
	</player>

	<enemy>
		<race value='Protoss'/>
		<unitScore value='3550'/>
		<killScore value='7650'/>
		<buildingScore value='2475'/>
		<razingScore value='4575'/>
		<mineralScore value='7498'/>
		<gasScore value='1280'/>
		<totalScore value='27028'/>
	</enemy>

	<scoreRatio value='0.439396'/>
	<timeFitness value='0.124861'/>
	<unitsAverage value='24'/>
</results>
