<results>
	<result value='loss'/>
	<start value='2015-07-14.09:57:06'/>
	<end value='2015-07-14.09:58:01'/>
	<frames value='34381'/>
	<gameDuration value='2148'/>

	<player>
		<unitScore value='20975'/>
		<killScore value='9100'/>
		<buildingScore value='2700'/>
		<razingScore value='0'/>
		<mineralScore value='28878'/>
		<gasScore value='2928'/>
		<totalScore value='64581'/>
	</player>

	<enemy>
		<race value='Protoss'/>
		<unitScore value='19475'/>
		<killScore value='37100'/>
		<buildingScore value='6775'/>
		<razingScore value='8100'/>
		<mineralScore value='23090'/>
		<gasScore value='7828'/>
		<totalScore value='102368'/>
	</enemy>

	<scoreRatio value='0.630871'/>
	<timeFitness value='0.298333'/>
	<unitsAverage value='83'/>
</results>
