<results>
	<result value='loss'/>
	<start value='2015-05-04.17:35:49'/>
	<end value='2015-05-04.17:35:59'/>
	<frames value='18943'/>
	<gameDuration value='1183'/>

	<player>
		<unitScore value='3175'/>
		<killScore value='2250'/>
		<buildingScore value='2050'/>
		<razingScore value='0'/>
		<mineralScore value='5330'/>
		<gasScore value='768'/>
		<totalScore value='13573'/>
	</player>

	<enemy>
		<race value='Terran'/>
		<unitScore value='7500'/>
		<unitScore value='7500'/>
		<killScore value='6350'/>
		<buildingScore value='2850'/>
		<razingScore value='6150'/>
		<mineralScore value='8634'/>
		<gasScore value='3184'/>
		<totalScore value='34668'/>
	</enemy>

	<scoreRatio value='0.391514'/>
	<timeFitness value='0.164306'/>
	<unitsAverage value='24'/>
</results>
