<results>
	<result value='win'/>
	<start value='2015-05-08.18:38:10'/>
	<end value='2015-05-08.18:38:37'/>
	<frames value='28894'/>
	<gameDuration value='1805'/>

	<player>
		<unitScore value='17000'/>
		<killScore value='26400'/>
		<buildingScore value='4200'/>
		<razingScore value='10275'/>
		<mineralScore value='24698'/>
		<gasScore value='2944'/>
		<totalScore value='85517'/>
	</player>

	<enemy>
		<race value='Terran'/>
		<unitScore value='14700'/>
		<unitScore value='14700'/>
		<killScore value='13800'/>
		<buildingScore value='3500'/>
		<razingScore value='375'/>
		<mineralScore value='12806'/>
		<gasScore value='5944'/>
		<totalScore value='51125'/>
	</enemy>

	<scoreRatio value='1.6727'/>
	<timeFitness value='0.749306'/>
	<unitsAverage value='91'/>
</results>
