<results>
	<result value='draw'/>
	<start value='2015-05-04.17:46:09'/>
	<end value='2015-05-04.17:47:57'/>
	<frames value='57601'/>
	<gameDuration value='3600'/>

	<player>
		<unitScore value='26700'/>
		<killScore value='29300'/>
		<buildingScore value='6200'/>
		<razingScore value='11775'/>
		<mineralScore value='48326'/>
		<gasScore value='7780'/>
		<totalScore value='130081'/>
	</player>

	<enemy>
		<race value='Terran'/>
		<unitScore value='14650'/>
		<unitScore value='14650'/>
		<killScore value='28750'/>
		<buildingScore value='3975'/>
		<razingScore value='2325'/>
		<mineralScore value='14030'/>
		<gasScore value='6264'/>
		<totalScore value='69994'/>
	</enemy>

	<scoreRatio value='1.85846'/>
	<timeFitness value='0.5'/>
	<unitsAverage value='173'/>
</results>
