<results>
	<result value='loss'/>
	<start value='2015-05-04.17:48:00'/>
	<end value='2015-05-04.17:48:12'/>
	<frames value='21020'/>
	<gameDuration value='1313'/>

	<player>
		<unitScore value='5625'/>
		<killScore value='3200'/>
		<buildingScore value='2000'/>
		<razingScore value='0'/>
		<mineralScore value='7746'/>
		<gasScore value='1216'/>
		<totalScore value='19787'/>
	</player>

	<enemy>
		<race value='Terran'/>
		<unitScore value='8300'/>
		<unitScore value='8300'/>
		<killScore value='11250'/>
		<buildingScore value='3125'/>
		<razingScore value='6000'/>
		<mineralScore value='10074'/>
		<gasScore value='4000'/>
		<totalScore value='42749'/>
	</enemy>

	<scoreRatio value='0.462865'/>
	<timeFitness value='0.182361'/>
	<unitsAverage value='32'/>
</results>
