<results>
	<result value='win'/>
	<start value='2015-05-04.17:48:29'/>
	<end value='2015-05-04.17:48:42'/>
	<frames value='19625'/>
	<gameDuration value='1226'/>

	<player>
		<unitScore value='7000'/>
		<killScore value='11900'/>
		<buildingScore value='2075'/>
		<razingScore value='4125'/>
		<mineralScore value='10074'/>
		<gasScore value='1408'/>
		<totalScore value='36582'/>
	</player>

	<enemy>
		<race value='Terran'/>
		<unitScore value='5950'/>
		<unitScore value='5950'/>
		<killScore value='4350'/>
		<buildingScore value='1450'/>
		<razingScore value='300'/>
		<mineralScore value='7418'/>
		<gasScore value='2272'/>
		<totalScore value='21740'/>
	</enemy>

	<scoreRatio value='1.6827'/>
	<timeFitness value='0.829722'/>
	<unitsAverage value='48'/>
</results>
