<results>
	<result value='loss'/>
	<start value='2015-05-04.17:50:36'/>
	<end value='2015-05-04.17:50:48'/>
	<frames value='19904'/>
	<gameDuration value='1244'/>

	<player>
		<unitScore value='6300'/>
		<killScore value='2550'/>
		<buildingScore value='2125'/>
		<razingScore value='0'/>
		<mineralScore value='8746'/>
		<gasScore value='1504'/>
		<totalScore value='21225'/>
	</player>

	<enemy>
		<race value='Terran'/>
		<unitScore value='7325'/>
		<unitScore value='7325'/>
		<killScore value='12600'/>
		<buildingScore value='2850'/>
		<razingScore value='6375'/>
		<mineralScore value='9370'/>
		<gasScore value='3320'/>
		<totalScore value='41840'/>
	</enemy>

	<scoreRatio value='0.50729'/>
	<timeFitness value='0.172778'/>
	<unitsAverage value='34'/>
</results>
