<results>
	<result value='win'/>
	<start value='2015-05-07.05:49:48'/>
	<end value='2015-05-07.05:50:10'/>
	<frames value='30134'/>
	<gameDuration value='1883'/>

	<player>
		<unitScore value='21200'/>
		<killScore value='29935'/>
		<buildingScore value='3350'/>
		<razingScore value='5520'/>
		<mineralScore value='28798'/>
		<gasScore value='0'/>
		<totalScore value='88803'/>
	</player>

	<enemy>
		<race value='Zerg'/>
		<unitScore value='13250'/>
		<unitScore value='13250'/>
		<killScore value='28700'/>
		<buildingScore value='1840'/>
		<razingScore value='0'/>
		<mineralScore value='11890'/>
		<gasScore value='3576'/>
		<totalScore value='59256'/>
	</enemy>

	<scoreRatio value='1.49863'/>
	<timeFitness value='0.738472'/>
	<unitsAverage value='74'/>
</results>
