<results>
	<result value='win'/>
	<start value='2015-05-07.05:58:18'/>
	<end value='2015-05-07.05:58:45'/>
	<frames value='41852'/>
	<gameDuration value='2615'/>

	<player>
		<unitScore value='32400'/>
		<killScore value='30830'/>
		<buildingScore value='3200'/>
		<razingScore value='4875'/>
		<mineralScore value='38674'/>
		<gasScore value='0'/>
		<totalScore value='109979'/>
	</player>

	<enemy>
		<race value='Zerg'/>
		<unitScore value='15775'/>
		<unitScore value='15775'/>
		<killScore value='53400'/>
		<buildingScore value='1625'/>
		<razingScore value='0'/>
		<mineralScore value='12362'/>
		<gasScore value='5382'/>
		<totalScore value='88544'/>
	</enemy>

	<scoreRatio value='1.24208'/>
	<timeFitness value='0.636806'/>
	<unitsAverage value='73'/>
</results>
