<results>
	<result value='draw'/>
	<start value='2015-04-11.02:52:00'/>
	<end value='2015-04-11.02:53:15'/>
	<frames value='57601'/>
	<gameDuration value='3600'/>

	<player>
		<unitScore value='30400'/>
		<killScore value='49850'/>
		<buildingScore value='3600'/>
		<razingScore value='10350'/>
		<mineralScore value='32374'/>
		<gasScore value='5888'/>
		<totalScore value='132462'/>
	</player>

	<enemy>
		<race value='Protoss'/>
		<unitScore value='28775'/>
		<unitScore value='28775'/>
		<killScore value='47800'/>
		<buildingScore value='8525'/>
		<razingScore value='900'/>
		<mineralScore value='29850'/>
		<gasScore value='10672'/>
		<totalScore value='126522'/>
	</enemy>

	<scoreRatio value='1.04695'/>
</results>
