<results>
	<result value='loss'/>
	<start value='2015-04-11.02:54:35'/>
	<end value='2015-04-11.02:54:50'/>
	<frames value='29297'/>
	<gameDuration value='1831'/>

	<player>
		<unitScore value='5025'/>
		<killScore value='5500'/>
		<buildingScore value='1825'/>
		<razingScore value='0'/>
		<mineralScore value='7010'/>
		<gasScore value='712'/>
		<totalScore value='20072'/>
	</player>

	<enemy>
		<race value='Protoss'/>
		<unitScore value='14950'/>
		<unitScore value='14950'/>
		<killScore value='10050'/>
		<buildingScore value='6925'/>
		<razingScore value='5475'/>
		<mineralScore value='18218'/>
		<gasScore value='7136'/>
		<totalScore value='62754'/>
	</enemy>

	<scoreRatio value='0.319852'/>
</results>
