<results>
	<result value='win'/>
	<start value='2015-04-26.14:38:43'/>
	<end value='2015-04-26.14:39:03'/>
	<frames value='24275'/>
	<gameDuration value='1517'/>

	<player>
		<unitScore value='12100'/>
		<killScore value='21400'/>
		<buildingScore value='3675'/>
		<razingScore value='7950'/>
		<mineralScore value='17650'/>
		<gasScore value='1720'/>
		<totalScore value='64495'/>
	</player>

	<enemy>
		<race value='Terran'/>
		<unitScore value='11100'/>
		<unitScore value='11100'/>
		<killScore value='7700'/>
		<buildingScore value='2800'/>
		<razingScore value='150'/>
		<mineralScore value='10122'/>
		<gasScore value='3808'/>
		<totalScore value='35680'/>
	</enemy>

	<scoreRatio value='1.8076'/>
</results>
