<results>
	<result value='win'/>
	<start value='2015-04-26.14:50:21'/>
	<end value='2015-04-26.14:50:39'/>
	<frames value='22787'/>
	<gameDuration value='1424'/>

	<player>
		<unitScore value='9600'/>
		<killScore value='16300'/>
		<buildingScore value='3675'/>
		<razingScore value='6450'/>
		<mineralScore value='15942'/>
		<gasScore value='2352'/>
		<totalScore value='54319'/>
	</player>

	<enemy>
		<race value='Terran'/>
		<unitScore value='8150'/>
		<unitScore value='8150'/>
		<killScore value='4800'/>
		<buildingScore value='2150'/>
		<razingScore value='1575'/>
		<mineralScore value='9490'/>
		<gasScore value='2656'/>
		<totalScore value='28821'/>
	</enemy>

	<scoreRatio value='1.8847'/>
</results>
