<results>
	<result value='loss'/>
	<start value='2015-05-03.13:02:42'/>
	<end value='2015-05-03.13:02:48'/>
	<frames value='14324'/>
	<gameDuration value='895'/>

	<player>
		<unitScore value='2850'/>
		<killScore value='1000'/>
		<buildingScore value='1400'/>
		<razingScore value='0'/>
		<mineralScore value='4586'/>
		<gasScore value='600'/>
		<totalScore value='10436'/>
	</player>

	<enemy>
		<race value='Protoss'/>
		<unitScore value='3550'/>
		<unitScore value='3550'/>
		<killScore value='5600'/>
		<buildingScore value='2375'/>
		<razingScore value='4200'/>
		<mineralScore value='7218'/>
		<gasScore value='1232'/>
		<totalScore value='24175'/>
	</enemy>

	<scoreRatio value='0.431686'/>
	<timeFitness value='0.124306'/>
	<unitsAverage value='21'/>
</results>
