<results>
	<result value='loss'/>
	<start value='2015-05-03.13:02:52'/>
	<end value='2015-05-03.13:03:39'/>
	<frames value='49912'/>
	<gameDuration value='3119'/>

	<player>
		<unitScore value='25125'/>
		<killScore value='45750'/>
		<buildingScore value='2775'/>
		<razingScore value='0'/>
		<mineralScore value='23978'/>
		<gasScore value='3704'/>
		<totalScore value='101332'/>
	</player>

	<enemy>
		<race value='Protoss'/>
		<unitScore value='42900'/>
		<unitScore value='42900'/>
		<killScore value='50250'/>
		<buildingScore value='7375'/>
		<razingScore value='8325'/>
		<mineralScore value='35450'/>
		<gasScore value='13542'/>
		<totalScore value='157842'/>
	</enemy>

	<scoreRatio value='0.641984'/>
	<timeFitness value='0.433194'/>
	<unitsAverage value='90'/>
</results>
