<results>
	<result value='loss'/>
	<start value='2015-05-09.14:58:21'/>
	<end value='2015-05-09.14:58:33'/>
	<frames value='15471'/>
	<gameDuration value='966'/>

	<player>
		<unitScore value='3400'/>
		<killScore value='2400'/>
		<buildingScore value='1550'/>
		<razingScore value='0'/>
		<mineralScore value='4898'/>
		<gasScore value='1040'/>
		<totalScore value='13288'/>
	</player>

	<enemy>
		<race value='Protoss'/>
		<unitScore value='3700'/>
		<unitScore value='3700'/>
		<killScore value='6800'/>
		<buildingScore value='2425'/>
		<razingScore value='4650'/>
		<mineralScore value='7994'/>
		<gasScore value='1168'/>
		<totalScore value='26737'/>
	</enemy>

	<scoreRatio value='0.496989'/>
	<timeFitness value='0.134167'/>
	<unitsAverage value='25'/>
</results>
