<results>
	<result value='loss'/>
	<start value='2015-05-09.15:10:42'/>
	<end value='2015-05-09.15:10:52'/>
	<frames value='14758'/>
	<gameDuration value='922'/>

	<player>
		<unitScore value='3100'/>
		<killScore value='1200'/>
		<buildingScore value='1350'/>
		<razingScore value='0'/>
		<mineralScore value='4314'/>
		<gasScore value='624'/>
		<totalScore value='10588'/>
	</player>

	<enemy>
		<race value='Protoss'/>
		<unitScore value='3550'/>
		<unitScore value='3550'/>
		<killScore value='6200'/>
		<buildingScore value='2575'/>
		<razingScore value='4050'/>
		<mineralScore value='7698'/>
		<gasScore value='1408'/>
		<totalScore value='25481'/>
	</enemy>

	<scoreRatio value='0.415525'/>
	<timeFitness value='0.128056'/>
	<unitsAverage value='21'/>
</results>
