<results>
	<result value='draw'/>
	<start value='2015-04-29.17:37:32'/>
	<end value='2015-04-29.17:39:50'/>
	<frames value='57601'/>
	<gameDuration value='3600'/>

	<player>
		<unitScore value='31750'/>
		<killScore value='21450'/>
		<buildingScore value='5150'/>
		<razingScore value='0'/>
		<mineralScore value='31446'/>
		<gasScore value='7100'/>
		<totalScore value='96896'/>
	</player>

	<enemy>
		<race value='Terran'/>
		<unitScore value='29550'/>
		<unitScore value='29550'/>
		<killScore value='41650'/>
		<buildingScore value='4825'/>
		<razingScore value='7500'/>
		<mineralScore value='31186'/>
		<gasScore value='12326'/>
		<totalScore value='127037'/>
	</enemy>

	<scoreRatio value='0.762738'/>
	<timeFitness value='0.5'/>
	<unitsAverage value='139'/>
</results>
