<results>
	<result value='win'/>
	<start value='2015-05-05.05:06:37'/>
	<end value='2015-05-05.05:06:55'/>
	<frames value='22012'/>
	<gameDuration value='1375'/>

	<player>
		<unitScore value='11425'/>
		<killScore value='15500'/>
		<buildingScore value='3325'/>
		<razingScore value='6600'/>
		<mineralScore value='20590'/>
		<gasScore value='1448'/>
		<totalScore value='58888'/>
	</player>

	<enemy>
		<race value='Terran'/>
		<unitScore value='7750'/>
		<unitScore value='7750'/>
		<killScore value='5350'/>
		<buildingScore value='2200'/>
		<razingScore value='0'/>
		<mineralScore value='9098'/>
		<gasScore value='3032'/>
		<totalScore value='27430'/>
	</enemy>

	<scoreRatio value='2.14685'/>
	<timeFitness value='0.809028'/>
	<unitsAverage value='78'/>
</results>
