<results>
	<result value='win'/>
	<start value='2015-05-05.05:18:48'/>
	<end value='2015-05-05.05:19:05'/>
	<frames value='23314'/>
	<gameDuration value='1457'/>

	<player>
		<unitScore value='12850'/>
		<killScore value='14950'/>
		<buildingScore value='3275'/>
		<razingScore value='6450'/>
		<mineralScore value='19214'/>
		<gasScore value='1416'/>
		<totalScore value='58155'/>
	</player>

	<enemy>
		<race value='Terran'/>
		<unitScore value='7525'/>
		<unitScore value='7525'/>
		<killScore value='8900'/>
		<buildingScore value='2150'/>
		<razingScore value='0'/>
		<mineralScore value='9626'/>
		<gasScore value='2840'/>
		<totalScore value='31041'/>
	</enemy>

	<scoreRatio value='1.87349'/>
	<timeFitness value='0.797639'/>
	<unitsAverage value='73'/>
</results>
