<results>
	<result value='draw'/>
	<start value='2015-04-13.01:39:10'/>
	<end value='2015-04-13.01:40:42'/>
	<frames value='57601'/>
	<gameDuration value='3600'/>

	<player>
		<unitScore value='22750'/>
		<killScore value='33150'/>
		<buildingScore value='5325'/>
		<razingScore value='18975'/>
		<mineralScore value='38382'/>
		<gasScore value='7032'/>
		<totalScore value='125614'/>
	</player>

	<enemy>
		<race value='Protoss'/>
		<unitScore value='24325'/>
		<unitScore value='24325'/>
		<killScore value='18450'/>
		<buildingScore value='9325'/>
		<razingScore value='1575'/>
		<mineralScore value='24630'/>
		<gasScore value='9998'/>
		<totalScore value='88303'/>
	</enemy>

	<scoreRatio value='1.42253'/>
</results>
