<results>
	<result value='loss'/>
	<start value='2015-07-18.23:54:18'/>
	<end value='2015-07-18.23:54:30'/>
	<frames value='15905'/>
	<gameDuration value='994'/>

	<player>
		<unitScore value='5025'/>
		<killScore value='1000'/>
		<buildingScore value='1600'/>
		<razingScore value='0'/>
		<mineralScore value='5586'/>
		<gasScore value='904'/>
		<totalScore value='14115'/>
	</player>

	<enemy>
		<race value='Protoss'/>
		<unitScore value='4725'/>
		<killScore value='8500'/>
		<buildingScore value='2975'/>
		<razingScore value='4575'/>
		<mineralScore value='8034'/>
		<gasScore value='2168'/>
		<totalScore value='30977'/>
	</enemy>

	<scoreRatio value='0.455661'/>
	<timeFitness value='0.138056'/>
	<unitsAverage value='28'/>
</results>
