<results>
	<result value='loss'/>
	<start value='2015-07-18.23:54:40'/>
	<end value='2015-07-18.23:54:53'/>
	<frames value='17734'/>
	<gameDuration value='1108'/>

	<player>
		<unitScore value='5450'/>
		<killScore value='800'/>
		<buildingScore value='1200'/>
		<razingScore value='0'/>
		<mineralScore value='6826'/>
		<gasScore value='504'/>
		<totalScore value='14780'/>
	</player>

	<enemy>
		<race value='Protoss'/>
		<unitScore value='3750'/>
		<killScore value='10900'/>
		<buildingScore value='4325'/>
		<razingScore value='3600'/>
		<mineralScore value='9770'/>
		<gasScore value='2000'/>
		<totalScore value='34345'/>
	</enemy>

	<scoreRatio value='0.430339'/>
	<timeFitness value='0.153889'/>
	<unitsAverage value='27'/>
</results>
