<results>
	<result value='loss'/>
	<start value='2015-04-03.18:57:18'/>
	<end value='2015-04-03.18:57:54'/>
	<frames value='43774'/>
	<gameDuration value='2735'/>

	<player>
		<unitScore value='21100'/>
		<killScore value='32650'/>
		<buildingScore value='2550'/>
		<razingScore value='0'/>
		<mineralScore value='24002'/>
		<gasScore value='4368'/>
		<totalScore value='84670'/>
	</player>

	<enemy>
		<race value='Protoss'/>
		<unitScore value='35950'/>
		<unitScore value='35950'/>
		<killScore value='42200'/>
		<buildingScore value='7125'/>
		<razingScore value='7650'/>
		<mineralScore value='30654'/>
		<gasScore value='12326'/>
		<totalScore value='135905'/>
	</enemy>

	<scoreRatio value='0.623009'/>
</results>
