<results>
	<result value='win'/>
	<start value='2015-04-10.23:43:25'/>
	<end value='2015-04-10.23:44:02'/>
	<frames value='30103'/>
	<gameDuration value='1881'/>

	<player>
		<unitScore value='19700'/>
		<killScore value='21300'/>
		<buildingScore value='4525'/>
		<razingScore value='16575'/>
		<mineralScore value='28066'/>
		<gasScore value='2928'/>
		<totalScore value='93094'/>
	</player>

	<enemy>
		<race value='Protoss'/>
		<unitScore value='10650'/>
		<unitScore value='10650'/>
		<killScore value='12900'/>
		<buildingScore value='5525'/>
		<razingScore value='0'/>
		<mineralScore value='16610'/>
		<gasScore value='2976'/>
		<totalScore value='48661'/>
	</enemy>

	<scoreRatio value='1.91311'/>
</results>
