<results>
	<result value='win'/>
	<start value='2015-05-10.05:32:25'/>
	<end value='2015-05-10.05:32:39'/>
	<frames value='21020'/>
	<gameDuration value='1313'/>

	<player>
		<unitScore value='8850'/>
		<killScore value='13650'/>
		<buildingScore value='2975'/>
		<razingScore value='6375'/>
		<mineralScore value='12822'/>
		<gasScore value='1384'/>
		<totalScore value='46056'/>
	</player>

	<enemy>
		<race value='Terran'/>
		<unitScore value='6875'/>
		<unitScore value='6875'/>
		<killScore value='3100'/>
		<buildingScore value='2200'/>
		<razingScore value='525'/>
		<mineralScore value='8314'/>
		<gasScore value='2840'/>
		<totalScore value='23854'/>
	</enemy>

	<scoreRatio value='1.93075'/>
	<timeFitness value='0.817639'/>
	<unitsAverage value='58'/>
</results>
