<results>
	<result value='loss'/>
	<start value='2015-04-12.23:15:07'/>
	<end value='2015-04-12.23:15:24'/>
	<frames value='19036'/>
	<gameDuration value='1189'/>

	<player>
		<unitScore value='3875'/>
		<killScore value='1200'/>
		<buildingScore value='1775'/>
		<razingScore value='0'/>
		<mineralScore value='6178'/>
		<gasScore value='840'/>
		<totalScore value='13868'/>
	</player>

	<enemy>
		<race value='Protoss'/>
		<unitScore value='4850'/>
		<unitScore value='4850'/>
		<killScore value='7750'/>
		<buildingScore value='4750'/>
		<razingScore value='5325'/>
		<mineralScore value='10906'/>
		<gasScore value='2192'/>
		<totalScore value='35773'/>
	</enemy>

	<scoreRatio value='0.387667'/>
</results>
