<results>
	<result value='win'/>
	<start value='2015-07-18.03:22:32'/>
	<end value='2015-07-18.03:22:50'/>
	<frames value='18385'/>
	<gameDuration value='1149'/>

	<player>
		<unitScore value='8825'/>
		<killScore value='7200'/>
		<buildingScore value='2950'/>
		<razingScore value='3600'/>
		<mineralScore value='11122'/>
		<gasScore value='1632'/>
		<totalScore value='35329'/>
	</player>

	<enemy>
		<race value='Terran'/>
		<unitScore value='3600'/>
		<killScore value='4450'/>
		<buildingScore value='1200'/>
		<razingScore value='1575'/>
		<mineralScore value='4826'/>
		<gasScore value='1336'/>
		<totalScore value='16987'/>
	</enemy>

	<scoreRatio value='2.07977'/>
	<timeFitness value='0.840417'/>
	<unitsAverage value='49'/>
</results>
