<results>
	<result value='loss'/>
	<start value='2015-07-18.03:34:47'/>
	<end value='2015-07-18.03:35:08'/>
	<frames value='25205'/>
	<gameDuration value='1575'/>

	<player>
		<unitScore value='9900'/>
		<killScore value='4400'/>
		<buildingScore value='2925'/>
		<razingScore value='300'/>
		<mineralScore value='11266'/>
		<gasScore value='1512'/>
		<totalScore value='30303'/>
	</player>

	<enemy>
		<race value='Terran'/>
		<unitScore value='10725'/>
		<killScore value='19150'/>
		<buildingScore value='3925'/>
		<razingScore value='8775'/>
		<mineralScore value='11858'/>
		<gasScore value='5160'/>
		<totalScore value='59593'/>
	</enemy>

	<scoreRatio value='0.508499'/>
	<timeFitness value='0.21875'/>
	<unitsAverage value='35'/>
</results>
