<results>
	<result value='loss'/>
	<start value='2014-07-07.20:48:47'/>
	<end value='2014-07-07.20:49:05'/>
	<frames value='30382'/>
	<gameDuration value='1898'/>

	<player>
		<unitScore value='8950'/>
		<killScore value='15250'/>
		<buildingScore value='2750'/>
		<razingScore value='0'/>
		<mineralScore value='11842'/>
		<gasScore value='2008'/>
		<totalScore value='40800'/>
	</player>

	<enemy>
		<race value='Zerg'/>
		<unitScore value='17600'/>
		<unitScore value='17600'/>
		<killScore value='18150'/>
		<buildingScore value='3710'/>
		<razingScore value='8250'/>
		<mineralScore value='18446'/>
		<gasScore value='6608'/>
		<totalScore value='72764'/>
	</enemy>

	<scoreRatio value='0.560717'/>
</results>
