<results>
	<result value='win'/>
	<start value='2014-07-07.20:54:04'/>
	<end value='2014-07-07.20:54:38'/>
	<frames value='31591'/>
	<gameDuration value='1974'/>

	<player>
		<unitScore value='21475'/>
		<killScore value='36305'/>
		<buildingScore value='3675'/>
		<razingScore value='8205'/>
		<mineralScore value='25290'/>
		<gasScore value='3408'/>
		<totalScore value='98358'/>
	</player>

	<enemy>
		<race value='Zerg'/>
		<unitScore value='15975'/>
		<unitScore value='15975'/>
		<killScore value='20850'/>
		<buildingScore value='2735'/>
		<razingScore value='150'/>
		<mineralScore value='14602'/>
		<gasScore value='4960'/>
		<totalScore value='59272'/>
	</enemy>

	<scoreRatio value='1.65943'/>
</results>
