<results>
	<result value='loss'/>
	<start value='2015-05-02.18:48:34'/>
	<end value='2015-05-02.18:48:42'/>
	<frames value='19253'/>
	<gameDuration value='1203'/>

	<player>
		<unitScore value='4225'/>
		<killScore value='1400'/>
		<buildingScore value='1625'/>
		<razingScore value='0'/>
		<mineralScore value='6170'/>
		<gasScore value='640'/>
		<totalScore value='14060'/>
	</player>

	<enemy>
		<race value='Protoss'/>
		<unitScore value='4850'/>
		<unitScore value='4850'/>
		<killScore value='8450'/>
		<buildingScore value='5025'/>
		<razingScore value='4875'/>
		<mineralScore value='11162'/>
		<gasScore value='2160'/>
		<totalScore value='36522'/>
	</enemy>

	<scoreRatio value='0.384973'/>
	<timeFitness value='0.167083'/>
	<unitsAverage value='26'/>
</results>
