<results>
	<result value='loss'/>
	<start value='2015-05-11.22:02:06'/>
	<end value='2015-05-11.22:02:46'/>
	<frames value='45138'/>
	<gameDuration value='2821'/>

	<player>
		<unitScore value='21700'/>
		<killScore value='26200'/>
		<buildingScore value='2950'/>
		<razingScore value='300'/>
		<mineralScore value='23194'/>
		<gasScore value='4096'/>
		<totalScore value='78440'/>
	</player>

	<enemy>
		<race value='Protoss'/>
		<unitScore value='35145'/>
		<unitScore value='35145'/>
		<killScore value='43500'/>
		<buildingScore value='8025'/>
		<razingScore value='8850'/>
		<mineralScore value='31806'/>
		<gasScore value='12044'/>
		<totalScore value='139370'/>
	</enemy>

	<scoreRatio value='0.562818'/>
	<timeFitness value='0.391806'/>
	<unitsAverage value='67'/>
</results>
