<results>
	<result value='draw'/>
	<start value='2015-05-11.02:31:43'/>
	<end value='2015-05-11.02:33:34'/>
	<frames value='57601'/>
	<gameDuration value='3600'/>

	<player>
		<unitScore value='21175'/>
		<killScore value='25470'/>
		<buildingScore value='5050'/>
		<razingScore value='8010'/>
		<mineralScore value='50186'/>
		<gasScore value='10804'/>
		<totalScore value='120695'/>
	</player>

	<enemy>
		<race value='Zerg'/>
		<unitScore value='11925'/>
		<unitScore value='11925'/>
		<killScore value='16650'/>
		<buildingScore value='2735'/>
		<razingScore value='375'/>
		<mineralScore value='12730'/>
		<gasScore value='3208'/>
		<totalScore value='47623'/>
	</enemy>

	<scoreRatio value='2.53438'/>
	<timeFitness value='0.5'/>
	<unitsAverage value='173'/>
</results>
