<results>
	<result value='loss'/>
	<start value='2015-04-29.02:33:14'/>
	<end value='2015-04-29.02:33:23'/>
	<frames value='14045'/>
	<gameDuration value='877'/>

	<player>
		<unitScore value='3075'/>
		<killScore value='1600'/>
		<buildingScore value='1175'/>
		<razingScore value='0'/>
		<mineralScore value='4202'/>
		<gasScore value='624'/>
		<totalScore value='10676'/>
	</player>

	<enemy>
		<race value='Protoss'/>
		<unitScore value='3550'/>
		<unitScore value='3550'/>
		<killScore value='6050'/>
		<buildingScore value='2175'/>
		<razingScore value='3525'/>
		<mineralScore value='7090'/>
		<gasScore value='1120'/>
		<totalScore value='23510'/>
	</enemy>

	<scoreRatio value='0.454105'/>
</results>
