<results>
	<result value='loss'/>
	<start value='2015-04-29.02:33:27'/>
	<end value='2015-04-29.02:34:10'/>
	<frames value='48858'/>
	<gameDuration value='3053'/>

	<player>
		<unitScore value='19200'/>
		<killScore value='28000'/>
		<buildingScore value='1950'/>
		<razingScore value='6000'/>
		<mineralScore value='19530'/>
		<gasScore value='2744'/>
		<totalScore value='77424'/>
	</player>

	<enemy>
		<race value='Protoss'/>
		<unitScore value='29800'/>
		<unitScore value='29800'/>
		<killScore value='38500'/>
		<buildingScore value='8925'/>
		<razingScore value='5850'/>
		<mineralScore value='33078'/>
		<gasScore value='9830'/>
		<totalScore value='125983'/>
	</enemy>

	<scoreRatio value='0.614559'/>
</results>
