<results>
	<result value='loss'/>
	<start value='2015-04-29.02:42:03'/>
	<end value='2015-04-29.02:43:07'/>
	<frames value='48238'/>
	<gameDuration value='3014'/>

	<player>
		<unitScore value='23775'/>
		<killScore value='47650'/>
		<buildingScore value='2325'/>
		<razingScore value='1500'/>
		<mineralScore value='24042'/>
		<gasScore value='4120'/>
		<totalScore value='103412'/>
	</player>

	<enemy>
		<race value='Protoss'/>
		<unitScore value='40900'/>
		<unitScore value='40900'/>
		<killScore value='47550'/>
		<buildingScore value='7475'/>
		<razingScore value='6975'/>
		<mineralScore value='33898'/>
		<gasScore value='12064'/>
		<totalScore value='148862'/>
	</enemy>

	<scoreRatio value='0.694684'/>
</results>
