<results>
	<result value='loss'/>
	<start value='2015-04-29.02:52:13'/>
	<end value='2015-04-29.02:52:20'/>
	<frames value='11410'/>
	<gameDuration value='713'/>

	<player>
		<unitScore value='1100'/>
		<killScore value='0'/>
		<buildingScore value='775'/>
		<razingScore value='0'/>
		<mineralScore value='4154'/>
		<gasScore value='0'/>
		<totalScore value='6029'/>
	</player>

	<enemy>
		<race value='Protoss'/>
		<unitScore value='3250'/>
		<unitScore value='3250'/>
		<killScore value='2200'/>
		<buildingScore value='1425'/>
		<razingScore value='2325'/>
		<mineralScore value='5682'/>
		<gasScore value='952'/>
		<totalScore value='15834'/>
	</enemy>

	<scoreRatio value='0.380763'/>
</results>
