<results>
	<result value='win'/>
	<start value='2015-04-30.09:04:35'/>
	<end value='2015-04-30.09:05:29'/>
	<frames value='35218'/>
	<gameDuration value='2201'/>

	<player>
		<unitScore value='20600'/>
		<killScore value='25400'/>
		<buildingScore value='3875'/>
		<razingScore value='19050'/>
		<mineralScore value='26122'/>
		<gasScore value='4064'/>
		<totalScore value='99111'/>
	</player>

	<enemy>
		<race value='Protoss'/>
		<unitScore value='12700'/>
		<unitScore value='12700'/>
		<killScore value='18400'/>
		<buildingScore value='6350'/>
		<razingScore value='300'/>
		<mineralScore value='17162'/>
		<gasScore value='5696'/>
		<totalScore value='60608'/>
	</enemy>

	<scoreRatio value='1.63528'/>
</results>
