<results>
	<result value='loss'/>
	<start value='2015-07-11.20:24:11'/>
	<end value='2015-07-11.20:24:23'/>
	<frames value='17579'/>
	<gameDuration value='1098'/>

	<player>
		<unitScore value='5000'/>
		<killScore value='1000'/>
		<buildingScore value='1900'/>
		<razingScore value='150'/>
		<mineralScore value='5818'/>
		<gasScore value='1024'/>
		<totalScore value='14892'/>
	</player>

	<enemy>
		<race value='Terran'/>
		<unitScore value='5825'/>
		<killScore value='9850'/>
		<buildingScore value='1850'/>
		<razingScore value='5700'/>
		<mineralScore value='8290'/>
		<gasScore value='2400'/>
		<totalScore value='33915'/>
	</enemy>

	<scoreRatio value='0.439098'/>
	<timeFitness value='0.1525'/>
	<unitsAverage value='25'/>
</results>
