<results>
	<result value='draw'/>
	<start value='2015-07-11.20:28:39'/>
	<end value='2015-07-11.20:31:57'/>
	<frames value='57601'/>
	<gameDuration value='3600'/>

	<player>
		<unitScore value='37350'/>
		<killScore value='20150'/>
		<buildingScore value='5975'/>
		<razingScore value='150'/>
		<mineralScore value='38954'/>
		<gasScore value='5962'/>
		<totalScore value='108541'/>
	</player>

	<enemy>
		<race value='Terran'/>
		<unitScore value='17800'/>
		<killScore value='51450'/>
		<buildingScore value='3150'/>
		<razingScore value='6000'/>
		<mineralScore value='24050'/>
		<gasScore value='6510'/>
		<totalScore value='108960'/>
	</enemy>

	<scoreRatio value='0.996155'/>
	<timeFitness value='0.5'/>
	<unitsAverage value='138'/>
</results>
