<results>
	<result value='win'/>
	<start value='2015-05-04.04:08:18'/>
	<end value='2015-05-04.04:08:30'/>
	<frames value='18819'/>
	<gameDuration value='1176'/>

	<player>
		<unitScore value='6425'/>
		<killScore value='11000'/>
		<buildingScore value='1525'/>
		<razingScore value='4425'/>
		<mineralScore value='8450'/>
		<gasScore value='864'/>
		<totalScore value='32689'/>
	</player>

	<enemy>
		<race value='Terran'/>
		<unitScore value='5500'/>
		<unitScore value='5500'/>
		<killScore value='6150'/>
		<buildingScore value='1550'/>
		<razingScore value='375'/>
		<mineralScore value='8634'/>
		<gasScore value='2296'/>
		<totalScore value='24505'/>
	</enemy>

	<scoreRatio value='1.33397'/>
	<timeFitness value='0.836667'/>
	<unitsAverage value='43'/>
</results>
