<results>
	<result value='draw'/>
	<start value='2015-05-09.03:50:26'/>
	<end value='2015-05-09.03:52:07'/>
	<frames value='57601'/>
	<gameDuration value='3600'/>

	<player>
		<unitScore value='18200'/>
		<killScore value='27150'/>
		<buildingScore value='5500'/>
		<razingScore value='10350'/>
		<mineralScore value='45682'/>
		<gasScore value='8112'/>
		<totalScore value='114994'/>
	</player>

	<enemy>
		<race value='Terran'/>
		<unitScore value='15800'/>
		<unitScore value='15800'/>
		<killScore value='10400'/>
		<buildingScore value='3650'/>
		<razingScore value='1875'/>
		<mineralScore value='13758'/>
		<gasScore value='6352'/>
		<totalScore value='51835'/>
	</enemy>

	<scoreRatio value='2.21846'/>
	<timeFitness value='0.5'/>
	<unitsAverage value='141'/>
</results>
