<results>
	<result value='win'/>
	<start value='2015-05-11.01:21:27'/>
	<end value='2015-05-11.01:21:53'/>
	<frames value='30351'/>
	<gameDuration value='1896'/>

	<player>
		<unitScore value='16575'/>
		<killScore value='22130'/>
		<buildingScore value='4125'/>
		<razingScore value='7410'/>
		<mineralScore value='26518'/>
		<gasScore value='2360'/>
		<totalScore value='79118'/>
	</player>

	<enemy>
		<race value='Zerg'/>
		<unitScore value='10425'/>
		<unitScore value='10425'/>
		<killScore value='8950'/>
		<buildingScore value='2470'/>
		<razingScore value='0'/>
		<mineralScore value='10606'/>
		<gasScore value='3672'/>
		<totalScore value='36123'/>
	</enemy>

	<scoreRatio value='2.19024'/>
	<timeFitness value='0.736667'/>
	<unitsAverage value='83'/>
</results>
