<results>
	<result value='win'/>
	<start value='2015-05-11.01:32:33'/>
	<end value='2015-05-11.01:32:55'/>
	<frames value='24988'/>
	<gameDuration value='1561'/>

	<player>
		<unitScore value='16425'/>
		<killScore value='21440'/>
		<buildingScore value='3575'/>
		<razingScore value='6135'/>
		<mineralScore value='20666'/>
		<gasScore value='1744'/>
		<totalScore value='69985'/>
	</player>

	<enemy>
		<race value='Zerg'/>
		<unitScore value='10075'/>
		<unitScore value='10075'/>
		<killScore value='11250'/>
		<buildingScore value='2045'/>
		<razingScore value='0'/>
		<mineralScore value='10434'/>
		<gasScore value='3400'/>
		<totalScore value='37204'/>
	</enemy>

	<scoreRatio value='1.88111'/>
	<timeFitness value='0.783194'/>
	<unitsAverage value='87'/>
</results>
