<results>
	<result value='win'/>
	<start value='2015-05-11.01:32:57'/>
	<end value='2015-05-11.01:33:26'/>
	<frames value='30506'/>
	<gameDuration value='1906'/>

	<player>
		<unitScore value='20675'/>
		<killScore value='31160'/>
		<buildingScore value='3850'/>
		<razingScore value='6855'/>
		<mineralScore value='24586'/>
		<gasScore value='3144'/>
		<totalScore value='90270'/>
	</player>

	<enemy>
		<race value='Zerg'/>
		<unitScore value='13875'/>
		<unitScore value='13875'/>
		<killScore value='21650'/>
		<buildingScore value='2285'/>
		<razingScore value='1350'/>
		<mineralScore value='11678'/>
		<gasScore value='3784'/>
		<totalScore value='54622'/>
	</enemy>

	<scoreRatio value='1.65263'/>
	<timeFitness value='0.735278'/>
	<unitsAverage value='92'/>
</results>
