<results>
	<result value='win'/>
	<start value='2015-05-01.23:46:12'/>
	<end value='2015-05-01.23:46:55'/>
	<frames value='33296'/>
	<gameDuration value='2081'/>

	<player>
		<unitScore value='16175'/>
		<killScore value='21700'/>
		<buildingScore value='4225'/>
		<razingScore value='21825'/>
		<mineralScore value='26134'/>
		<gasScore value='3504'/>
		<totalScore value='93563'/>
	</player>

	<enemy>
		<race value='Protoss'/>
		<unitScore value='11050'/>
		<unitScore value='11050'/>
		<killScore value='12700'/>
		<buildingScore value='7275'/>
		<razingScore value='450'/>
		<mineralScore value='16310'/>
		<gasScore value='4528'/>
		<totalScore value='52313'/>
	</enemy>

	<scoreRatio value='1.78852'/>
</results>
