<results>
	<result value='draw'/>
	<start value='2015-05-01.23:49:34'/>
	<end value='2015-05-01.23:50:53'/>
	<frames value='57601'/>
	<gameDuration value='3600'/>

	<player>
		<unitScore value='26825'/>
		<killScore value='36200'/>
		<buildingScore value='3100'/>
		<razingScore value='20700'/>
		<mineralScore value='28890'/>
		<gasScore value='5180'/>
		<totalScore value='120895'/>
	</player>

	<enemy>
		<race value='Protoss'/>
		<unitScore value='19800'/>
		<unitScore value='19800'/>
		<killScore value='35700'/>
		<buildingScore value='8625'/>
		<razingScore value='2025'/>
		<mineralScore value='24798'/>
		<gasScore value='9472'/>
		<totalScore value='100420'/>
	</enemy>

	<scoreRatio value='1.20389'/>
</results>
