<results>
	<result value='loss'/>
	<start value='2015-07-12.09:20:07'/>
	<end value='2015-07-12.09:20:16'/>
	<frames value='18509'/>
	<gameDuration value='1156'/>

	<player>
		<unitScore value='6225'/>
		<killScore value='600'/>
		<buildingScore value='1900'/>
		<razingScore value='0'/>
		<mineralScore value='7258'/>
		<gasScore value='1144'/>
		<totalScore value='17127'/>
	</player>

	<enemy>
		<race value='Terran'/>
		<unitScore value='6675'/>
		<killScore value='12450'/>
		<buildingScore value='2900'/>
		<razingScore value='5700'/>
		<mineralScore value='8586'/>
		<gasScore value='2840'/>
		<totalScore value='39151'/>
	</enemy>

	<scoreRatio value='0.43746'/>
	<timeFitness value='0.160556'/>
	<unitsAverage value='29'/>
</results>
