<results>
	<result value='loss'/>
	<start value='2015-07-12.09:25:00'/>
	<end value='2015-07-12.09:25:06'/>
	<frames value='15347'/>
	<gameDuration value='959'/>

	<player>
		<unitScore value='3475'/>
		<killScore value='300'/>
		<buildingScore value='1600'/>
		<razingScore value='0'/>
		<mineralScore value='3914'/>
		<gasScore value='960'/>
		<totalScore value='10249'/>
	</player>

	<enemy>
		<race value='Terran'/>
		<unitScore value='5000'/>
		<killScore value='6950'/>
		<buildingScore value='1500'/>
		<razingScore value='4800'/>
		<mineralScore value='7050'/>
		<gasScore value='2112'/>
		<totalScore value='27412'/>
	</enemy>

	<scoreRatio value='0.373887'/>
	<timeFitness value='0.133194'/>
	<unitsAverage value='19'/>
</results>
