<results>
	<result value='win'/>
	<start value='2015-05-03.08:41:31'/>
	<end value='2015-05-03.08:42:44'/>
	<frames value='36210'/>
	<gameDuration value='2263'/>

	<player>
		<unitScore value='22250'/>
		<killScore value='23250'/>
		<buildingScore value='4200'/>
		<razingScore value='19425'/>
		<mineralScore value='30318'/>
		<gasScore value='3688'/>
		<totalScore value='103131'/>
	</player>

	<enemy>
		<race value='Protoss'/>
		<unitScore value='12075'/>
		<unitScore value='12075'/>
		<killScore value='21200'/>
		<buildingScore value='6475'/>
		<razingScore value='150'/>
		<mineralScore value='20570'/>
		<gasScore value='4256'/>
		<totalScore value='64726'/>
	</enemy>

	<scoreRatio value='1.59335'/>
	<timeFitness value='0.685694'/>
	<unitsAverage value='102'/>
</results>
