<results>
	<result value='loss'/>
	<start value='2015-05-03.08:43:06'/>
	<end value='2015-05-03.08:43:57'/>
	<frames value='41232'/>
	<gameDuration value='2577'/>

	<player>
		<unitScore value='16975'/>
		<killScore value='17050'/>
		<buildingScore value='2925'/>
		<razingScore value='2400'/>
		<mineralScore value='19770'/>
		<gasScore value='2472'/>
		<totalScore value='61592'/>
	</player>

	<enemy>
		<race value='Protoss'/>
		<unitScore value='25400'/>
		<unitScore value='25400'/>
		<killScore value='33950'/>
		<buildingScore value='7725'/>
		<razingScore value='8775'/>
		<mineralScore value='27930'/>
		<gasScore value='9104'/>
		<totalScore value='112884'/>
	</enemy>

	<scoreRatio value='0.545622'/>
	<timeFitness value='0.357917'/>
	<unitsAverage value='55'/>
</results>
