<results>
	<result value='win'/>
	<start value='2015-05-03.08:44:01'/>
	<end value='2015-05-03.08:45:11'/>
	<frames value='30351'/>
	<gameDuration value='1896'/>

	<player>
		<unitScore value='22400'/>
		<killScore value='19300'/>
		<buildingScore value='4275'/>
		<razingScore value='16200'/>
		<mineralScore value='29622'/>
		<gasScore value='2240'/>
		<totalScore value='94037'/>
	</player>

	<enemy>
		<race value='Protoss'/>
		<unitScore value='9650'/>
		<unitScore value='9650'/>
		<killScore value='21750'/>
		<buildingScore value='5400'/>
		<razingScore value='150'/>
		<mineralScore value='15138'/>
		<gasScore value='2576'/>
		<totalScore value='54664'/>
	</enemy>

	<scoreRatio value='1.72027'/>
	<timeFitness value='0.736667'/>
	<unitsAverage value='117'/>
</results>
