<results>
	<result value='win'/>
	<start value='2015-05-03.08:45:15'/>
	<end value='2015-05-03.08:46:05'/>
	<frames value='31808'/>
	<gameDuration value='1988'/>

	<player>
		<unitScore value='16050'/>
		<killScore value='19350'/>
		<buildingScore value='3500'/>
		<razingScore value='18525'/>
		<mineralScore value='24562'/>
		<gasScore value='3552'/>
		<totalScore value='85539'/>
	</player>

	<enemy>
		<race value='Protoss'/>
		<unitScore value='10250'/>
		<unitScore value='10250'/>
		<killScore value='13100'/>
		<buildingScore value='6175'/>
		<razingScore value='300'/>
		<mineralScore value='15658'/>
		<gasScore value='5048'/>
		<totalScore value='50531'/>
	</enemy>

	<scoreRatio value='1.6928'/>
	<timeFitness value='0.723889'/>
	<unitsAverage value='94'/>
</results>
