<results>
	<result value='loss'/>
	<start value='2015-07-17.22:10:19'/>
	<end value='2015-07-17.22:10:46'/>
	<frames value='23686'/>
	<gameDuration value='1480'/>

	<player>
		<unitScore value='8175'/>
		<killScore value='5300'/>
		<buildingScore value='2275'/>
		<razingScore value='0'/>
		<mineralScore value='8762'/>
		<gasScore value='1888'/>
		<totalScore value='26400'/>
	</player>

	<enemy>
		<race value='Terran'/>
		<unitScore value='8325'/>
		<killScore value='13200'/>
		<buildingScore value='2550'/>
		<razingScore value='6825'/>
		<mineralScore value='11198'/>
		<gasScore value='3912'/>
		<totalScore value='46010'/>
	</enemy>

	<scoreRatio value='0.573788'/>
	<timeFitness value='0.205556'/>
	<unitsAverage value='39'/>
</results>
