<results>
	<result value='loss'/>
	<start value='2014-07-01.00:01:49'/>
	<end value='2014-07-01.00:01:57'/>
	<frames value='16060'/>
	<gameDuration value='1003'/>

	<player>
		<unitScore value='3375'/>
		<killScore value='1400'/>
		<buildingScore value='2375'/>
		<razingScore value='0'/>
		<mineralScore value='6018'/>
		<gasScore value='880'/>
		<totalScore value='14048'/>
	</player>

	<enemy>
		<race value='Protoss'/>
		<unitScore value='3550'/>
		<unitScore value='3550'/>
		<killScore value='6950'/>
		<buildingScore value='3525'/>
		<razingScore value='7125'/>
		<mineralScore value='8266'/>
		<gasScore value='1536'/>
		<totalScore value='30952'/>
	</enemy>

	<scoreRatio value='0.453864'/>
</results>
