<results>
	<result value='loss'/>
	<start value='2015-04-12.01:13:10'/>
	<end value='2015-04-12.01:13:21'/>
	<frames value='15316'/>
	<gameDuration value='957'/>

	<player>
		<unitScore value='2000'/>
		<killScore value='200'/>
		<buildingScore value='1425'/>
		<razingScore value='0'/>
		<mineralScore value='3634'/>
		<gasScore value='0'/>
		<totalScore value='7259'/>
	</player>

	<enemy>
		<race value='Protoss'/>
		<unitScore value='3550'/>
		<unitScore value='3550'/>
		<killScore value='4000'/>
		<buildingScore value='2825'/>
		<razingScore value='4275'/>
		<mineralScore value='8098'/>
		<gasScore value='1360'/>
		<totalScore value='24108'/>
	</enemy>

	<scoreRatio value='0.301103'/>
</results>
