<results>
	<result value='loss'/>
	<start value='2015-04-12.01:22:57'/>
	<end value='2015-04-12.01:23:06'/>
	<frames value='12433'/>
	<gameDuration value='777'/>

	<player>
		<unitScore value='2150'/>
		<killScore value='600'/>
		<buildingScore value='800'/>
		<razingScore value='0'/>
		<mineralScore value='2762'/>
		<gasScore value='456'/>
		<totalScore value='6768'/>
	</player>

	<enemy>
		<race value='Protoss'/>
		<unitScore value='3250'/>
		<unitScore value='3250'/>
		<killScore value='4300'/>
		<buildingScore value='2075'/>
		<razingScore value='2400'/>
		<mineralScore value='6194'/>
		<gasScore value='1080'/>
		<totalScore value='19299'/>
	</enemy>

	<scoreRatio value='0.350692'/>
</results>
