<results>
	<result value='draw'/>
	<start value='2015-04-27.15:31:40'/>
	<end value='2015-04-27.15:33:48'/>
	<frames value='57601'/>
	<gameDuration value='3600'/>

	<player>
		<unitScore value='17525'/>
		<killScore value='25100'/>
		<buildingScore value='6075'/>
		<razingScore value='9525'/>
		<mineralScore value='46158'/>
		<gasScore value='8554'/>
		<totalScore value='112937'/>
	</player>

	<enemy>
		<race value='Terran'/>
		<unitScore value='12950'/>
		<unitScore value='12950'/>
		<killScore value='11300'/>
		<buildingScore value='3325'/>
		<razingScore value='3600'/>
		<mineralScore value='12714'/>
		<gasScore value='5776'/>
		<totalScore value='49665'/>
	</enemy>

	<scoreRatio value='2.27398'/>
</results>
