<results>
	<result value='loss'/>
	<start value='2015-05-10.00:56:04'/>
	<end value='2015-05-10.00:56:41'/>
	<frames value='48796'/>
	<gameDuration value='3049'/>

	<player>
		<unitScore value='23800'/>
		<killScore value='29450'/>
		<buildingScore value='2150'/>
		<razingScore value='1200'/>
		<mineralScore value='23994'/>
		<gasScore value='4200'/>
		<totalScore value='84794'/>
	</player>

	<enemy>
		<race value='Protoss'/>
		<unitScore value='35750'/>
		<unitScore value='35750'/>
		<killScore value='47550'/>
		<buildingScore value='7825'/>
		<razingScore value='6450'/>
		<mineralScore value='32646'/>
		<gasScore value='12664'/>
		<totalScore value='142885'/>
	</enemy>

	<scoreRatio value='0.593442'/>
	<timeFitness value='0.423472'/>
	<unitsAverage value='75'/>
</results>
