<results>
	<result value='loss'/>
	<start value='2015-04-14.01:15:52'/>
	<end value='2015-04-14.01:16:05'/>
	<frames value='15161'/>
	<gameDuration value='947'/>

	<player>
		<unitScore value='3650'/>
		<killScore value='800'/>
		<buildingScore value='1525'/>
		<razingScore value='0'/>
		<mineralScore value='5082'/>
		<gasScore value='928'/>
		<totalScore value='11985'/>
	</player>

	<enemy>
		<race value='Protoss'/>
		<unitScore value='3550'/>
		<unitScore value='3550'/>
		<killScore value='7300'/>
		<buildingScore value='2875'/>
		<razingScore value='4575'/>
		<mineralScore value='7730'/>
		<gasScore value='1408'/>
		<totalScore value='27438'/>
	</enemy>

	<scoreRatio value='0.436803'/>
</results>
