<results>
	<result value='win'/>
	<start value='2015-04-14.01:39:18'/>
	<end value='2015-04-14.01:39:52'/>
	<frames value='24058'/>
	<gameDuration value='1503'/>

	<player>
		<unitScore value='11500'/>
		<killScore value='11900'/>
		<buildingScore value='3625'/>
		<razingScore value='8925'/>
		<mineralScore value='17226'/>
		<gasScore value='1968'/>
		<totalScore value='55144'/>
	</player>

	<enemy>
		<race value='Protoss'/>
		<unitScore value='5950'/>
		<unitScore value='5950'/>
		<killScore value='5600'/>
		<buildingScore value='2975'/>
		<razingScore value='0'/>
		<mineralScore value='9666'/>
		<gasScore value='1584'/>
		<totalScore value='25775'/>
	</enemy>

	<scoreRatio value='2.13944'/>
</results>
