<results>
	<result value='loss'/>
	<start value='2015-07-20.09:21:13'/>
	<end value='2015-07-20.09:21:24'/>
	<frames value='19315'/>
	<gameDuration value='1207'/>

	<player>
		<unitScore value='3925'/>
		<killScore value='400'/>
		<buildingScore value='1700'/>
		<razingScore value='0'/>
		<mineralScore value='4930'/>
		<gasScore value='608'/>
		<totalScore value='11563'/>
	</player>

	<enemy>
		<race value='Zerg'/>
		<unitScore value='7500'/>
		<killScore value='7400'/>
		<buildingScore value='2590'/>
		<razingScore value='5100'/>
		<mineralScore value='9250'/>
		<gasScore value='2816'/>
		<totalScore value='34656'/>
	</enemy>

	<scoreRatio value='0.333651'/>
	<timeFitness value='0.167639'/>
	<unitsAverage value='22'/>
</results>
