<results>
	<result value='win'/>
	<start value='2015-03-30.01:06:36'/>
	<end value='2015-03-30.01:07:52'/>
	<frames value='37915'/>
	<gameDuration value='2369'/>

	<player>
		<unitScore value='25100'/>
		<killScore value='43530'/>
		<buildingScore value='3775'/>
		<razingScore value='19950'/>
		<mineralScore value='32886'/>
		<gasScore value='3304'/>
		<totalScore value='128545'/>
	</player>

	<enemy>
		<race value='Protoss'/>
		<unitScore value='22405'/>
		<unitScore value='22405'/>
		<killScore value='23500'/>
		<buildingScore value='6650'/>
		<razingScore value='150'/>
		<mineralScore value='24378'/>
		<gasScore value='8592'/>
		<totalScore value='85675'/>
	</enemy>

	<scoreRatio value='1.50038'/>
</results>
