<results>
	<result value='loss'/>
	<start value='2015-04-30.03:25:07'/>
	<end value='2015-04-30.03:25:17'/>
	<frames value='20524'/>
	<gameDuration value='1282'/>

	<player>
		<unitScore value='4900'/>
		<killScore value='2200'/>
		<buildingScore value='1800'/>
		<razingScore value='0'/>
		<mineralScore value='6714'/>
		<gasScore value='584'/>
		<totalScore value='16198'/>
	</player>

	<enemy>
		<race value='Terran'/>
		<unitScore value='7925'/>
		<unitScore value='7925'/>
		<killScore value='9800'/>
		<buildingScore value='2925'/>
		<razingScore value='5400'/>
		<mineralScore value='9738'/>
		<gasScore value='3880'/>
		<totalScore value='39668'/>
	</enemy>

	<scoreRatio value='0.408339'/>
</results>
