<results>
	<result value='win'/>
	<start value='2015-04-30.03:45:34'/>
	<end value='2015-04-30.03:45:57'/>
	<frames value='26569'/>
	<gameDuration value='1660'/>

	<player>
		<unitScore value='12875'/>
		<killScore value='23800'/>
		<buildingScore value='3875'/>
		<razingScore value='9300'/>
		<mineralScore value='17562'/>
		<gasScore value='1928'/>
		<totalScore value='69340'/>
	</player>

	<enemy>
		<race value='Terran'/>
		<unitScore value='11900'/>
		<unitScore value='11900'/>
		<killScore value='9250'/>
		<buildingScore value='3100'/>
		<razingScore value='1500'/>
		<mineralScore value='11058'/>
		<gasScore value='4776'/>
		<totalScore value='41584'/>
	</enemy>

	<scoreRatio value='1.66747'/>
</results>
