<results>
	<result value='draw'/>
	<start value='2015-04-30.04:02:41'/>
	<end value='2015-04-30.04:04:23'/>
	<frames value='57601'/>
	<gameDuration value='3600'/>

	<player>
		<unitScore value='25325'/>
		<killScore value='34150'/>
		<buildingScore value='4850'/>
		<razingScore value='8850'/>
		<mineralScore value='40110'/>
		<gasScore value='5048'/>
		<totalScore value='118333'/>
	</player>

	<enemy>
		<race value='Terran'/>
		<unitScore value='19500'/>
		<unitScore value='19500'/>
		<killScore value='19100'/>
		<buildingScore value='4050'/>
		<razingScore value='3450'/>
		<mineralScore value='16754'/>
		<gasScore value='8604'/>
		<totalScore value='71458'/>
	</enemy>

	<scoreRatio value='1.65598'/>
</results>
