<results>
	<result value='loss'/>
	<start value='2015-04-30.04:05:51'/>
	<end value='2015-04-30.04:06:03'/>
	<frames value='19408'/>
	<gameDuration value='1213'/>

	<player>
		<unitScore value='6500'/>
		<killScore value='600'/>
		<buildingScore value='2700'/>
		<razingScore value='0'/>
		<mineralScore value='9354'/>
		<gasScore value='1192'/>
		<totalScore value='20346'/>
	</player>

	<enemy>
		<race value='Terran'/>
		<unitScore value='7325'/>
		<unitScore value='7325'/>
		<killScore value='13000'/>
		<buildingScore value='2900'/>
		<razingScore value='8100'/>
		<mineralScore value='9050'/>
		<gasScore value='3392'/>
		<totalScore value='43767'/>
	</enemy>

	<scoreRatio value='0.464871'/>
</results>
