<results>
	<result value='loss'/>
	<start value='2015-04-30.04:29:54'/>
	<end value='2015-04-30.04:30:04'/>
	<frames value='17858'/>
	<gameDuration value='1116'/>

	<player>
		<unitScore value='3575'/>
		<killScore value='500'/>
		<buildingScore value='2400'/>
		<razingScore value='0'/>
		<mineralScore value='6106'/>
		<gasScore value='960'/>
		<totalScore value='13541'/>
	</player>

	<enemy>
		<race value='Terran'/>
		<unitScore value='6750'/>
		<unitScore value='6750'/>
		<killScore value='7150'/>
		<buildingScore value='2750'/>
		<razingScore value='7200'/>
		<mineralScore value='8154'/>
		<gasScore value='2760'/>
		<totalScore value='34764'/>
	</enemy>

	<scoreRatio value='0.389512'/>
</results>
