<results>
	<result value='loss'/>
	<start value='2015-04-30.04:32:31'/>
	<end value='2015-04-30.04:32:41'/>
	<frames value='16959'/>
	<gameDuration value='1059'/>

	<player>
		<unitScore value='3975'/>
		<killScore value='400'/>
		<buildingScore value='1900'/>
		<razingScore value='0'/>
		<mineralScore value='5506'/>
		<gasScore value='584'/>
		<totalScore value='12365'/>
	</player>

	<enemy>
		<race value='Terran'/>
		<unitScore value='5650'/>
		<unitScore value='5650'/>
		<killScore value='7950'/>
		<buildingScore value='2625'/>
		<razingScore value='5700'/>
		<mineralScore value='7682'/>
		<gasScore value='2648'/>
		<totalScore value='32255'/>
	</enemy>

	<scoreRatio value='0.383351'/>
</results>
