<results>
	<result value='loss'/>
	<start value='2015-04-30.04:48:21'/>
	<end value='2015-04-30.04:48:48'/>
	<frames value='46161'/>
	<gameDuration value='2885'/>

	<player>
		<unitScore value='9850'/>
		<killScore value='9700'/>
		<buildingScore value='3275'/>
		<razingScore value='2100'/>
		<mineralScore value='14314'/>
		<gasScore value='2920'/>
		<totalScore value='42159'/>
	</player>

	<enemy>
		<race value='Terran'/>
		<unitScore value='23225'/>
		<unitScore value='23225'/>
		<killScore value='19700'/>
		<buildingScore value='5100'/>
		<razingScore value='9825'/>
		<mineralScore value='19490'/>
		<gasScore value='11044'/>
		<totalScore value='88384'/>
	</enemy>

	<scoreRatio value='0.476998'/>
</results>
