<results>
	<result value='loss'/>
	<start value='2015-04-30.04:53:09'/>
	<end value='2015-04-30.04:53:20'/>
	<frames value='18788'/>
	<gameDuration value='1174'/>

	<player>
		<unitScore value='5150'/>
		<killScore value='2600'/>
		<buildingScore value='2100'/>
		<razingScore value='0'/>
		<mineralScore value='7474'/>
		<gasScore value='1232'/>
		<totalScore value='18556'/>
	</player>

	<enemy>
		<race value='Terran'/>
		<unitScore value='7250'/>
		<unitScore value='7250'/>
		<killScore value='10300'/>
		<buildingScore value='2900'/>
		<razingScore value='6300'/>
		<mineralScore value='8666'/>
		<gasScore value='3168'/>
		<totalScore value='38584'/>
	</enemy>

	<scoreRatio value='0.480925'/>
</results>
