<results>
	<result value='win'/>
	<start value='2015-04-30.04:53:56'/>
	<end value='2015-04-30.04:54:36'/>
	<frames value='32831'/>
	<gameDuration value='2051'/>

	<player>
		<unitScore value='20500'/>
		<killScore value='29300'/>
		<buildingScore value='5000'/>
		<razingScore value='9150'/>
		<mineralScore value='29314'/>
		<gasScore value='2856'/>
		<totalScore value='96120'/>
	</player>

	<enemy>
		<race value='Terran'/>
		<unitScore value='14650'/>
		<unitScore value='14650'/>
		<killScore value='16050'/>
		<buildingScore value='3050'/>
		<razingScore value='1350'/>
		<mineralScore value='12122'/>
		<gasScore value='5018'/>
		<totalScore value='52240'/>
	</enemy>

	<scoreRatio value='1.83997'/>
</results>
