<results>
	<result value='loss'/>
	<start value='2015-04-27.05:40:59'/>
	<end value='2015-04-27.05:41:11'/>
	<frames value='19284'/>
	<gameDuration value='1205'/>

	<player>
		<unitScore value='4200'/>
		<killScore value='2550'/>
		<buildingScore value='2025'/>
		<razingScore value='0'/>
		<mineralScore value='6354'/>
		<gasScore value='792'/>
		<totalScore value='15921'/>
	</player>

	<enemy>
		<race value='Terran'/>
		<unitScore value='7725'/>
		<unitScore value='7725'/>
		<killScore value='8400'/>
		<buildingScore value='2900'/>
		<razingScore value='6075'/>
		<mineralScore value='8962'/>
		<gasScore value='3280'/>
		<totalScore value='37342'/>
	</enemy>

	<scoreRatio value='0.426356'/>
</results>
