<results>
	<result value='draw'/>
	<start value='2015-04-27.05:43:12'/>
	<end value='2015-04-27.05:44:36'/>
	<frames value='57601'/>
	<gameDuration value='3600'/>

	<player>
		<unitScore value='29225'/>
		<killScore value='39900'/>
		<buildingScore value='3625'/>
		<razingScore value='675'/>
		<mineralScore value='31734'/>
		<gasScore value='9734'/>
		<totalScore value='114893'/>
	</player>

	<enemy>
		<race value='Terran'/>
		<unitScore value='29800'/>
		<unitScore value='29800'/>
		<killScore value='44050'/>
		<buildingScore value='4125'/>
		<razingScore value='2475'/>
		<mineralScore value='19550'/>
		<gasScore value='12324'/>
		<totalScore value='112324'/>
	</enemy>

	<scoreRatio value='1.02287'/>
</results>
