<results>
	<result value='win'/>
	<start value='2015-04-27.05:54:36'/>
	<end value='2015-04-27.05:55:13'/>
	<frames value='29638'/>
	<gameDuration value='1852'/>

	<player>
		<unitScore value='14550'/>
		<killScore value='21050'/>
		<buildingScore value='4650'/>
		<razingScore value='8400'/>
		<mineralScore value='27218'/>
		<gasScore value='3912'/>
		<totalScore value='79780'/>
	</player>

	<enemy>
		<race value='Terran'/>
		<unitScore value='10525'/>
		<unitScore value='10525'/>
		<killScore value='7000'/>
		<buildingScore value='2800'/>
		<razingScore value='1500'/>
		<mineralScore value='10090'/>
		<gasScore value='3736'/>
		<totalScore value='35651'/>
	</enemy>

	<scoreRatio value='2.23781'/>
</results>
