<results>
	<result value='win'/>
	<start value='2015-04-27.06:00:39'/>
	<end value='2015-04-27.06:01:16'/>
	<frames value='40271'/>
	<gameDuration value='2516'/>

	<player>
		<unitScore value='18000'/>
		<killScore value='34800'/>
		<buildingScore value='2925'/>
		<razingScore value='13275'/>
		<mineralScore value='21002'/>
		<gasScore value='5128'/>
		<totalScore value='95130'/>
	</player>

	<enemy>
		<race value='Terran'/>
		<unitScore value='18200'/>
		<unitScore value='18200'/>
		<killScore value='22450'/>
		<buildingScore value='4425'/>
		<razingScore value='2400'/>
		<mineralScore value='16406'/>
		<gasScore value='6358'/>
		<totalScore value='70239'/>
	</enemy>

	<scoreRatio value='1.35438'/>
</results>
