<results>
	<result value='loss'/>
	<start value='2015-04-08.01:56:47'/>
	<end value='2015-04-08.01:56:58'/>
	<frames value='22756'/>
	<gameDuration value='1422'/>

	<player>
		<unitScore value='3375'/>
		<killScore value='2200'/>
		<buildingScore value='1150'/>
		<razingScore value='0'/>
		<mineralScore value='4418'/>
		<gasScore value='504'/>
		<totalScore value='11647'/>
	</player>

	<enemy>
		<race value='Protoss'/>
		<unitScore value='6375'/>
		<unitScore value='6375'/>
		<killScore value='6750'/>
		<buildingScore value='6075'/>
		<razingScore value='3450'/>
		<mineralScore value='13810'/>
		<gasScore value='3256'/>
		<totalScore value='39716'/>
	</enemy>

	<scoreRatio value='0.293257'/>
</results>
