<results>
	<result value='win'/>
	<start value='2015-05-01.15:11:55'/>
	<end value='2015-05-01.15:13:28'/>
	<frames value='40147'/>
	<gameDuration value='2509'/>

	<player>
		<unitScore value='27175'/>
		<killScore value='34200'/>
		<buildingScore value='3625'/>
		<razingScore value='16275'/>
		<mineralScore value='39286'/>
		<gasScore value='5680'/>
		<totalScore value='126241'/>
	</player>

	<enemy>
		<race value='Protoss'/>
		<unitScore value='17100'/>
		<unitScore value='17100'/>
		<killScore value='35100'/>
		<buildingScore value='5425'/>
		<razingScore value='0'/>
		<mineralScore value='23734'/>
		<gasScore value='4104'/>
		<totalScore value='85463'/>
	</enemy>

	<scoreRatio value='1.47714'/>
	<timeFitness value='0.651528'/>
	<unitsAverage value='133'/>
</results>
