<results>
	<result value='win'/>
	<start value='2015-05-01.15:16:10'/>
	<end value='2015-05-01.15:17:38'/>
	<frames value='38287'/>
	<gameDuration value='2392'/>

	<player>
		<unitScore value='29175'/>
		<killScore value='50140'/>
		<buildingScore value='3925'/>
		<razingScore value='18750'/>
		<mineralScore value='32878'/>
		<gasScore value='3360'/>
		<totalScore value='138228'/>
	</player>

	<enemy>
		<race value='Protoss'/>
		<unitScore value='25420'/>
		<unitScore value='25420'/>
		<killScore value='34250'/>
		<buildingScore value='6250'/>
		<razingScore value='0'/>
		<mineralScore value='23858'/>
		<gasScore value='8460'/>
		<totalScore value='98238'/>
	</enemy>

	<scoreRatio value='1.40707'/>
	<timeFitness value='0.667778'/>
	<unitsAverage value='128'/>
</results>
