<results>
	<result value='loss'/>
	<start value='2015-05-01.15:19:39'/>
	<end value='2015-05-01.15:20:14'/>
	<frames value='35745'/>
	<gameDuration value='2234'/>

	<player>
		<unitScore value='10725'/>
		<killScore value='8600'/>
		<buildingScore value='1550'/>
		<razingScore value='0'/>
		<mineralScore value='11986'/>
		<gasScore value='3336'/>
		<totalScore value='36197'/>
	</player>

	<enemy>
		<race value='Protoss'/>
		<unitScore value='21300'/>
		<unitScore value='21300'/>
		<killScore value='21450'/>
		<buildingScore value='6925'/>
		<razingScore value='4650'/>
		<mineralScore value='23586'/>
		<gasScore value='9368'/>
		<totalScore value='87279'/>
	</enemy>

	<scoreRatio value='0.414727'/>
	<timeFitness value='0.310278'/>
	<unitsAverage value='36'/>
</results>
