<results>
	<result value='loss'/>
	<start value='2015-04-09.19:21:47'/>
	<end value='2015-04-09.19:21:54'/>
	<frames value='15936'/>
	<gameDuration value='996'/>

	<player>
		<unitScore value='3175'/>
		<killScore value='1000'/>
		<buildingScore value='1700'/>
		<razingScore value='0'/>
		<mineralScore value='5010'/>
		<gasScore value='856'/>
		<totalScore value='11741'/>
	</player>

	<enemy>
		<race value='Protoss'/>
		<unitScore value='3600'/>
		<unitScore value='3600'/>
		<killScore value='6350'/>
		<buildingScore value='3625'/>
		<razingScore value='5100'/>
		<mineralScore value='8538'/>
		<gasScore value='1784'/>
		<totalScore value='28997'/>
	</enemy>

	<scoreRatio value='0.404904'/>
</results>
