<results>
	<result value='loss'/>
	<start value='2015-04-09.19:37:41'/>
	<end value='2015-04-09.19:38:24'/>
	<frames value='48827'/>
	<gameDuration value='3051'/>

	<player>
		<unitScore value='23075'/>
		<killScore value='35650'/>
		<buildingScore value='2225'/>
		<razingScore value='900'/>
		<mineralScore value='24002'/>
		<gasScore value='5122'/>
		<totalScore value='90974'/>
	</player>

	<enemy>
		<race value='Protoss'/>
		<unitScore value='40400'/>
		<unitScore value='40400'/>
		<killScore value='46000'/>
		<buildingScore value='8275'/>
		<razingScore value='6675'/>
		<mineralScore value='34262'/>
		<gasScore value='14672'/>
		<totalScore value='150284'/>
	</enemy>

	<scoreRatio value='0.605347'/>
</results>
