<results>
	<result value='loss'/>
	<start value='2015-05-04.17:16:03'/>
	<end value='2015-05-04.17:16:27'/>
	<frames value='35652'/>
	<gameDuration value='2228'/>

	<player>
		<unitScore value='10025'/>
		<killScore value='6900'/>
		<buildingScore value='1625'/>
		<razingScore value='300'/>
		<mineralScore value='12090'/>
		<gasScore value='32'/>
		<totalScore value='30972'/>
	</player>

	<enemy>
		<race value='Protoss'/>
		<unitScore value='22500'/>
		<unitScore value='22500'/>
		<killScore value='20050'/>
		<buildingScore value='7775'/>
		<razingScore value='4875'/>
		<mineralScore value='23762'/>
		<gasScore value='9696'/>
		<totalScore value='88658'/>
	</enemy>

	<scoreRatio value='0.349342'/>
	<timeFitness value='0.309444'/>
	<unitsAverage value='35'/>
</results>
