<results>
	<result value='loss'/>
	<start value='2015-05-06.09:15:28'/>
	<end value='2015-05-06.09:15:34'/>
	<frames value='15099'/>
	<gameDuration value='943'/>

	<player>
		<unitScore value='2575'/>
		<killScore value='1200'/>
		<buildingScore value='1675'/>
		<razingScore value='0'/>
		<mineralScore value='4402'/>
		<gasScore value='688'/>
		<totalScore value='10540'/>
	</player>

	<enemy>
		<race value='Protoss'/>
		<unitScore value='3800'/>
		<unitScore value='3800'/>
		<killScore value='5150'/>
		<buildingScore value='2825'/>
		<razingScore value='5025'/>
		<mineralScore value='7698'/>
		<gasScore value='1432'/>
		<totalScore value='25930'/>
	</enemy>

	<scoreRatio value='0.406479'/>
	<timeFitness value='0.130972'/>
	<unitsAverage value='21'/>
</results>
