<results>
	<result value='win'/>
	<start value='2015-05-06.09:21:02'/>
	<end value='2015-05-06.09:21:32'/>
	<frames value='30041'/>
	<gameDuration value='1877'/>

	<player>
		<unitScore value='18450'/>
		<killScore value='16700'/>
		<buildingScore value='4700'/>
		<razingScore value='17400'/>
		<mineralScore value='26154'/>
		<gasScore value='3920'/>
		<totalScore value='87324'/>
	</player>

	<enemy>
		<race value='Protoss'/>
		<unitScore value='9400'/>
		<unitScore value='9400'/>
		<killScore value='12700'/>
		<buildingScore value='5800'/>
		<razingScore value='300'/>
		<mineralScore value='14274'/>
		<gasScore value='3624'/>
		<totalScore value='46098'/>
	</enemy>

	<scoreRatio value='1.89431'/>
	<timeFitness value='0.739306'/>
	<unitsAverage value='103'/>
</results>
