<results>
	<result value='win'/>
	<start value='2015-05-06.09:22:07'/>
	<end value='2015-05-06.09:22:35'/>
	<frames value='31312'/>
	<gameDuration value='1957'/>

	<player>
		<unitScore value='18975'/>
		<killScore value='14700'/>
		<buildingScore value='3925'/>
		<razingScore value='17550'/>
		<mineralScore value='24378'/>
		<gasScore value='3064'/>
		<totalScore value='82592'/>
	</player>

	<enemy>
		<race value='Protoss'/>
		<unitScore value='7400'/>
		<unitScore value='7400'/>
		<killScore value='15150'/>
		<buildingScore value='5850'/>
		<razingScore value='150'/>
		<mineralScore value='17906'/>
		<gasScore value='5240'/>
		<totalScore value='51696'/>
	</enemy>

	<scoreRatio value='1.59765'/>
	<timeFitness value='0.728194'/>
	<unitsAverage value='96'/>
</results>
