<results>
	<result value='loss'/>
	<start value='2015-05-06.09:38:49'/>
	<end value='2015-05-06.09:39:29'/>
	<frames value='50594'/>
	<gameDuration value='3162'/>

	<player>
		<unitScore value='22075'/>
		<killScore value='32050'/>
		<buildingScore value='2700'/>
		<razingScore value='5100'/>
		<mineralScore value='24106'/>
		<gasScore value='3776'/>
		<totalScore value='89807'/>
	</player>

	<enemy>
		<race value='Protoss'/>
		<unitScore value='31900'/>
		<unitScore value='31900'/>
		<killScore value='44150'/>
		<buildingScore value='8675'/>
		<razingScore value='8100'/>
		<mineralScore value='31138'/>
		<gasScore value='9312'/>
		<totalScore value='133275'/>
	</enemy>

	<scoreRatio value='0.673847'/>
	<timeFitness value='0.439167'/>
	<unitsAverage value='76'/>
</results>
