<results>
	<result value='win'/>
	<start value='2014-07-22.22:54:30'/>
	<end value='2014-07-22.22:55:00'/>
	<frames value='29948'/>
	<gameDuration value='1871'/>

	<player>
		<unitScore value='17675'/>
		<killScore value='23050'/>
		<buildingScore value='4200'/>
		<razingScore value='17325'/>
		<mineralScore value='25698'/>
		<gasScore value='2992'/>
		<totalScore value='90940'/>
	</player>

	<enemy>
		<race value='Protoss'/>
		<unitScore value='12300'/>
		<unitScore value='12300'/>
		<killScore value='14600'/>
		<buildingScore value='5775'/>
		<razingScore value='150'/>
		<mineralScore value='15190'/>
		<gasScore value='4320'/>
		<totalScore value='52335'/>
	</enemy>

	<scoreRatio value='1.73765'/>
</results>
