<results>
	<result value='win'/>
	<start value='2015-04-27.11:24:57'/>
	<end value='2015-04-27.11:25:18'/>
	<frames value='25329'/>
	<gameDuration value='1583'/>

	<player>
		<unitScore value='11475'/>
		<killScore value='18150'/>
		<buildingScore value='3800'/>
		<razingScore value='8025'/>
		<mineralScore value='19782'/>
		<gasScore value='2160'/>
		<totalScore value='63392'/>
	</player>

	<enemy>
		<race value='Terran'/>
		<unitScore value='9375'/>
		<unitScore value='9375'/>
		<killScore value='6450'/>
		<buildingScore value='2675'/>
		<razingScore value='1575'/>
		<mineralScore value='9738'/>
		<gasScore value='3928'/>
		<totalScore value='33741'/>
	</enemy>

	<scoreRatio value='1.87878'/>
</results>
