<results>
	<result value='loss'/>
	<start value='2015-05-09.03:23:11'/>
	<end value='2015-05-09.03:23:19'/>
	<frames value='18323'/>
	<gameDuration value='1145'/>

	<player>
		<unitScore value='3300'/>
		<killScore value='1700'/>
		<buildingScore value='1425'/>
		<razingScore value='0'/>
		<mineralScore value='4882'/>
		<gasScore value='528'/>
		<totalScore value='11835'/>
	</player>

	<enemy>
		<race value='Terran'/>
		<unitScore value='6800'/>
		<unitScore value='6800'/>
		<killScore value='6600'/>
		<buildingScore value='2750'/>
		<razingScore value='4275'/>
		<mineralScore value='8346'/>
		<gasScore value='2928'/>
		<totalScore value='31699'/>
	</enemy>

	<scoreRatio value='0.373356'/>
	<timeFitness value='0.159028'/>
	<unitsAverage value='19'/>
</results>
