<results>
	<result value='win'/>
	<start value='2015-05-04.03:54:27'/>
	<end value='2015-05-04.03:54:49'/>
	<frames value='28460'/>
	<gameDuration value='1778'/>

	<player>
		<unitScore value='12750'/>
		<killScore value='18700'/>
		<buildingScore value='3225'/>
		<razingScore value='7875'/>
		<mineralScore value='17510'/>
		<gasScore value='2296'/>
		<totalScore value='62356'/>
	</player>

	<enemy>
		<race value='Terran'/>
		<unitScore value='9650'/>
		<unitScore value='9650'/>
		<killScore value='10850'/>
		<buildingScore value='2625'/>
		<razingScore value='1275'/>
		<mineralScore value='10026'/>
		<gasScore value='3352'/>
		<totalScore value='37778'/>
	</enemy>

	<scoreRatio value='1.65059'/>
	<timeFitness value='0.753056'/>
	<unitsAverage value='68'/>
</results>
