<results>
	<result value='win'/>
	<start value='2015-05-09.21:19:28'/>
	<end value='2015-05-09.21:20:25'/>
	<frames value='43743'/>
	<gameDuration value='2733'/>

	<player>
		<unitScore value='26950'/>
		<killScore value='39750'/>
		<buildingScore value='4025'/>
		<razingScore value='20325'/>
		<mineralScore value='31214'/>
		<gasScore value='5000'/>
		<totalScore value='127264'/>
	</player>

	<enemy>
		<race value='Protoss'/>
		<unitScore value='22400'/>
		<unitScore value='22400'/>
		<killScore value='29100'/>
		<buildingScore value='6375'/>
		<razingScore value='300'/>
		<mineralScore value='20994'/>
		<gasScore value='7816'/>
		<totalScore value='86985'/>
	</enemy>

	<scoreRatio value='1.46306'/>
	<timeFitness value='0.620417'/>
	<unitsAverage value='128'/>
</results>
