<results>
	<result value='loss'/>
	<start value='2015-05-09.21:27:43'/>
	<end value='2015-05-09.21:27:51'/>
	<frames value='18664'/>
	<gameDuration value='1166'/>

	<player>
		<unitScore value='3300'/>
		<killScore value='2000'/>
		<buildingScore value='1975'/>
		<razingScore value='0'/>
		<mineralScore value='5314'/>
		<gasScore value='872'/>
		<totalScore value='13461'/>
	</player>

	<enemy>
		<race value='Protoss'/>
		<unitScore value='5000'/>
		<unitScore value='5000'/>
		<killScore value='6600'/>
		<buildingScore value='4425'/>
		<razingScore value='5925'/>
		<mineralScore value='10594'/>
		<gasScore value='2384'/>
		<totalScore value='34928'/>
	</enemy>

	<scoreRatio value='0.385393'/>
	<timeFitness value='0.161944'/>
	<unitsAverage value='21'/>
</results>
