<results>
	<result value='loss'/>
	<start value='2015-07-19.21:28:19'/>
	<end value='2015-07-19.21:28:57'/>
	<frames value='34288'/>
	<gameDuration value='2143'/>

	<player>
		<unitScore value='15875'/>
		<killScore value='16125'/>
		<buildingScore value='2675'/>
		<razingScore value='0'/>
		<mineralScore value='13522'/>
		<gasScore value='3224'/>
		<totalScore value='51421'/>
	</player>

	<enemy>
		<race value='Zerg'/>
		<unitScore value='21225'/>
		<killScore value='31750'/>
		<buildingScore value='4655'/>
		<razingScore value='8025'/>
		<mineralScore value='21326'/>
		<gasScore value='7954'/>
		<totalScore value='94935'/>
	</enemy>

	<scoreRatio value='0.541644'/>
	<timeFitness value='0.297639'/>
	<unitsAverage value='64'/>
</results>
