<results>
	<result value='loss'/>
	<start value='2015-07-19.21:30:28'/>
	<end value='2015-07-19.21:31:08'/>
	<frames value='24771'/>
	<gameDuration value='1548'/>

	<player>
		<unitScore value='11600'/>
		<killScore value='3950'/>
		<buildingScore value='3475'/>
		<razingScore value='0'/>
		<mineralScore value='19058'/>
		<gasScore value='1776'/>
		<totalScore value='39859'/>
	</player>

	<enemy>
		<race value='Zerg'/>
		<unitScore value='10475'/>
		<killScore value='21400'/>
		<buildingScore value='2915'/>
		<razingScore value='10425'/>
		<mineralScore value='12210'/>
		<gasScore value='4304'/>
		<totalScore value='61729'/>
	</enemy>

	<scoreRatio value='0.645709'/>
	<timeFitness value='0.215'/>
	<unitsAverage value='54'/>
</results>
