<results>
	<result value='loss'/>
	<start value='2015-04-16.15:57:53'/>
	<end value='2015-04-16.15:58:08'/>
	<frames value='15471'/>
	<gameDuration value='966'/>

	<player>
		<unitScore value='3300'/>
		<killScore value='1000'/>
		<buildingScore value='1350'/>
		<razingScore value='0'/>
		<mineralScore value='4322'/>
		<gasScore value='568'/>
		<totalScore value='10540'/>
	</player>

	<enemy>
		<race value='Protoss'/>
		<unitScore value='3550'/>
		<unitScore value='3550'/>
		<killScore value='6600'/>
		<buildingScore value='2725'/>
		<razingScore value='4050'/>
		<mineralScore value='7954'/>
		<gasScore value='1152'/>
		<totalScore value='26031'/>
	</enemy>

	<scoreRatio value='0.404902'/>
</results>
