<results>
	<result value='loss'/>
	<start value='2014-07-06.02:47:12'/>
	<end value='2014-07-06.02:47:48'/>
	<frames value='39775'/>
	<gameDuration value='2485'/>

	<player>
		<unitScore value='15500'/>
		<killScore value='15550'/>
		<buildingScore value='2275'/>
		<razingScore value='1800'/>
		<mineralScore value='17090'/>
		<gasScore value='3184'/>
		<totalScore value='55399'/>
	</player>

	<enemy>
		<race value='Protoss'/>
		<unitScore value='26100'/>
		<unitScore value='26100'/>
		<killScore value='31200'/>
		<buildingScore value='8025'/>
		<razingScore value='6825'/>
		<mineralScore value='27170'/>
		<gasScore value='10412'/>
		<totalScore value='109732'/>
	</enemy>

	<scoreRatio value='0.504857'/>
</results>
