<results>
	<result value='loss'/>
	<start value='2015-05-03.03:15:57'/>
	<end value='2015-05-03.03:16:11'/>
	<frames value='21826'/>
	<gameDuration value='1364'/>

	<player>
		<unitScore value='6525'/>
		<killScore value='3750'/>
		<buildingScore value='2100'/>
		<razingScore value='0'/>
		<mineralScore value='8714'/>
		<gasScore value='1096'/>
		<totalScore value='22185'/>
	</player>

	<enemy>
		<race value='Terran'/>
		<unitScore value='8700'/>
		<unitScore value='8700'/>
		<killScore value='13050'/>
		<buildingScore value='3275'/>
		<razingScore value='6300'/>
		<mineralScore value='10522'/>
		<gasScore value='4472'/>
		<totalScore value='46319'/>
	</enemy>

	<scoreRatio value='0.478961'/>
	<timeFitness value='0.189444'/>
	<unitsAverage value='30'/>
</results>
