<results>
	<result value='win'/>
	<start value='2015-05-03.03:18:33'/>
	<end value='2015-05-03.03:18:50'/>
	<frames value='19067'/>
	<gameDuration value='1191'/>

	<player>
		<unitScore value='8050'/>
		<killScore value='11400'/>
		<buildingScore value='3450'/>
		<razingScore value='4350'/>
		<mineralScore value='18146'/>
		<gasScore value='2200'/>
		<totalScore value='47596'/>
	</player>

	<enemy>
		<race value='Terran'/>
		<unitScore value='5700'/>
		<unitScore value='5700'/>
		<killScore value='800'/>
		<buildingScore value='1450'/>
		<razingScore value='0'/>
		<mineralScore value='7834'/>
		<gasScore value='1920'/>
		<totalScore value='17704'/>
	</enemy>

	<scoreRatio value='2.68843'/>
	<timeFitness value='0.834583'/>
	<unitsAverage value='67'/>
</results>
