<results>
	<result value='loss'/>
	<start value='2015-05-03.03:21:08'/>
	<end value='2015-05-03.03:21:19'/>
	<frames value='18881'/>
	<gameDuration value='1180'/>

	<player>
		<unitScore value='4075'/>
		<killScore value='1350'/>
		<buildingScore value='2425'/>
		<razingScore value='0'/>
		<mineralScore value='6594'/>
		<gasScore value='944'/>
		<totalScore value='15388'/>
	</player>

	<enemy>
		<race value='Terran'/>
		<unitScore value='7450'/>
		<unitScore value='7450'/>
		<killScore value='8150'/>
		<buildingScore value='2900'/>
		<razingScore value='7275'/>
		<mineralScore value='8658'/>
		<gasScore value='3112'/>
		<totalScore value='37545'/>
	</enemy>

	<scoreRatio value='0.409855'/>
	<timeFitness value='0.163889'/>
	<unitsAverage value='27'/>
</results>
