<results>
	<result value='win'/>
	<start value='2015-05-03.03:22:51'/>
	<end value='2015-05-03.03:23:28'/>
	<frames value='27096'/>
	<gameDuration value='1693'/>

	<player>
		<unitScore value='18900'/>
		<killScore value='18800'/>
		<buildingScore value='4175'/>
		<razingScore value='4650'/>
		<mineralScore value='32186'/>
		<gasScore value='2416'/>
		<totalScore value='81127'/>
	</player>

	<enemy>
		<race value='Terran'/>
		<unitScore value='9400'/>
		<unitScore value='9400'/>
		<killScore value='16000'/>
		<buildingScore value='1550'/>
		<razingScore value='0'/>
		<mineralScore value='12050'/>
		<gasScore value='3008'/>
		<totalScore value='42008'/>
	</enemy>

	<scoreRatio value='1.93123'/>
	<timeFitness value='0.764861'/>
	<unitsAverage value='107'/>
</results>
