<results>
	<result value='win'/>
	<start value='2015-05-03.03:21:51'/>
	<end value='2015-05-03.03:22:12'/>
	<frames value='20524'/>
	<gameDuration value='1282'/>

	<player>
		<unitScore value='10425'/>
		<killScore value='14800'/>
		<buildingScore value='3675'/>
		<razingScore value='5250'/>
		<mineralScore value='18318'/>
		<gasScore value='1600'/>
		<totalScore value='54068'/>
	</player>

	<enemy>
		<race value='Terran'/>
		<unitScore value='7400'/>
		<unitScore value='7400'/>
		<killScore value='6550'/>
		<buildingScore value='1750'/>
		<razingScore value='300'/>
		<mineralScore value='8890'/>
		<gasScore value='2768'/>
		<totalScore value='27658'/>
	</enemy>

	<scoreRatio value='1.95488'/>
	<timeFitness value='0.821944'/>
	<unitsAverage value='71'/>
</results>
