<results>
	<result value='loss'/>
	<start value='2015-05-03.03:36:32'/>
	<end value='2015-05-03.03:36:45'/>
	<frames value='20090'/>
	<gameDuration value='1255'/>

	<player>
		<unitScore value='4325'/>
		<killScore value='2900'/>
		<buildingScore value='2075'/>
		<razingScore value='0'/>
		<mineralScore value='6850'/>
		<gasScore value='1128'/>
		<totalScore value='17278'/>
	</player>

	<enemy>
		<race value='Terran'/>
		<unitScore value='7900'/>
		<unitScore value='7900'/>
		<killScore value='8650'/>
		<buildingScore value='2900'/>
		<razingScore value='6225'/>
		<mineralScore value='9482'/>
		<gasScore value='3688'/>
		<totalScore value='38845'/>
	</enemy>

	<scoreRatio value='0.444793'/>
	<timeFitness value='0.174306'/>
	<unitsAverage value='30'/>
</results>
