<results>
	<result value='win'/>
	<start value='2015-05-03.03:44:22'/>
	<end value='2015-05-03.03:44:43'/>
	<frames value='23779'/>
	<gameDuration value='1486'/>

	<player>
		<unitScore value='9725'/>
		<killScore value='20100'/>
		<buildingScore value='3150'/>
		<razingScore value='8550'/>
		<mineralScore value='16046'/>
		<gasScore value='1904'/>
		<totalScore value='59475'/>
	</player>

	<enemy>
		<race value='Terran'/>
		<unitScore value='10050'/>
		<unitScore value='10050'/>
		<killScore value='5650'/>
		<buildingScore value='2850'/>
		<razingScore value='300'/>
		<mineralScore value='9650'/>
		<gasScore value='3912'/>
		<totalScore value='32412'/>
	</enemy>

	<scoreRatio value='1.83497'/>
	<timeFitness value='0.793611'/>
	<unitsAverage value='64'/>
</results>
