<results>
	<result value='win'/>
	<start value='2015-05-03.03:48:06'/>
	<end value='2015-05-03.03:48:17'/>
	<frames value='14696'/>
	<gameDuration value='918'/>

	<player>
		<unitScore value='5200'/>
		<killScore value='6100'/>
		<buildingScore value='2325'/>
		<razingScore value='3750'/>
		<mineralScore value='8738'/>
		<gasScore value='1040'/>
		<totalScore value='27153'/>
	</player>

	<enemy>
		<race value='Terran'/>
		<unitScore value='3050'/>
		<unitScore value='3050'/>
		<killScore value='1200'/>
		<buildingScore value='1250'/>
		<razingScore value='150'/>
		<mineralScore value='5002'/>
		<gasScore value='1312'/>
		<totalScore value='11964'/>
	</enemy>

	<scoreRatio value='2.26956'/>
	<timeFitness value='0.8725'/>
	<unitsAverage value='43'/>
</results>
