<results>
	<result value='win'/>
	<start value='2015-05-03.03:50:34'/>
	<end value='2015-05-03.03:50:55'/>
	<frames value='24275'/>
	<gameDuration value='1517'/>

	<player>
		<unitScore value='11025'/>
		<killScore value='19750'/>
		<buildingScore value='3625'/>
		<razingScore value='8700'/>
		<mineralScore value='16654'/>
		<gasScore value='2472'/>
		<totalScore value='62226'/>
	</player>

	<enemy>
		<race value='Terran'/>
		<unitScore value='10475'/>
		<unitScore value='10475'/>
		<killScore value='8400'/>
		<buildingScore value='2900'/>
		<razingScore value='1725'/>
		<mineralScore value='9906'/>
		<gasScore value='3912'/>
		<totalScore value='37318'/>
	</enemy>

	<scoreRatio value='1.66745'/>
	<timeFitness value='0.789306'/>
	<unitsAverage value='58'/>
</results>
