<results>
	<result value='loss'/>
	<start value='2015-04-10.00:54:36'/>
	<end value='2015-04-10.00:54:53'/>
	<frames value='29731'/>
	<gameDuration value='1858'/>

	<player>
		<unitScore value='8275'/>
		<killScore value='3700'/>
		<buildingScore value='2400'/>
		<razingScore value='300'/>
		<mineralScore value='12218'/>
		<gasScore value='1448'/>
		<totalScore value='28341'/>
	</player>

	<enemy>
		<race value='Protoss'/>
		<unitScore value='13700'/>
		<unitScore value='13700'/>
		<killScore value='16550'/>
		<buildingScore value='7025'/>
		<razingScore value='7200'/>
		<mineralScore value='18326'/>
		<gasScore value='7008'/>
		<totalScore value='69809'/>
	</enemy>

	<scoreRatio value='0.405979'/>
</results>
