<results>
	<result value='loss'/>
	<start value='2015-04-15.02:01:34'/>
	<end value='2015-04-15.02:01:46'/>
	<frames value='13518'/>
	<gameDuration value='844'/>

	<player>
		<unitScore value='2550'/>
		<killScore value='400'/>
		<buildingScore value='1425'/>
		<razingScore value='0'/>
		<mineralScore value='4106'/>
		<gasScore value='768'/>
		<totalScore value='9249'/>
	</player>

	<enemy>
		<race value='Protoss'/>
		<unitScore value='3550'/>
		<unitScore value='3550'/>
		<killScore value='5100'/>
		<buildingScore value='2375'/>
		<razingScore value='4275'/>
		<mineralScore value='6914'/>
		<gasScore value='1176'/>
		<totalScore value='23390'/>
	</enemy>

	<scoreRatio value='0.395425'/>
</results>
