<results>
	<result value='win'/>
	<start value='2015-04-15.02:04:13'/>
	<end value='2015-04-15.02:04:54'/>
	<frames value='26848'/>
	<gameDuration value='1678'/>

	<player>
		<unitScore value='12675'/>
		<killScore value='17350'/>
		<buildingScore value='3325'/>
		<razingScore value='15825'/>
		<mineralScore value='18058'/>
		<gasScore value='2296'/>
		<totalScore value='69529'/>
	</player>

	<enemy>
		<race value='Protoss'/>
		<unitScore value='9025'/>
		<unitScore value='9025'/>
		<killScore value='10550'/>
		<buildingScore value='5275'/>
		<razingScore value='0'/>
		<mineralScore value='12078'/>
		<gasScore value='3272'/>
		<totalScore value='40200'/>
	</enemy>

	<scoreRatio value='1.72958'/>
</results>
