<results>
	<result value='win'/>
	<start value='2015-05-07.01:18:39'/>
	<end value='2015-05-07.01:19:27'/>
	<frames value='33699'/>
	<gameDuration value='2106'/>

	<player>
		<unitScore value='21600'/>
		<killScore value='51710'/>
		<buildingScore value='3725'/>
		<razingScore value='7095'/>
		<mineralScore value='32834'/>
		<gasScore value='3360'/>
		<totalScore value='120324'/>
	</player>

	<enemy>
		<race value='Zerg'/>
		<unitScore value='21550'/>
		<unitScore value='21550'/>
		<killScore value='19600'/>
		<buildingScore value='2365'/>
		<razingScore value='0'/>
		<mineralScore value='18138'/>
		<gasScore value='6120'/>
		<totalScore value='67773'/>
	</enemy>

	<scoreRatio value='1.7754'/>
	<timeFitness value='0.7075'/>
	<unitsAverage value='123'/>
</results>
