<results>
	<result value='win'/>
	<start value='2015-05-07.01:38:41'/>
	<end value='2015-05-07.01:39:26'/>
	<frames value='33978'/>
	<gameDuration value='2123'/>

	<player>
		<unitScore value='22400'/>
		<killScore value='35570'/>
		<buildingScore value='4275'/>
		<razingScore value='5760'/>
		<mineralScore value='36754'/>
		<gasScore value='2536'/>
		<totalScore value='107295'/>
	</player>

	<enemy>
		<race value='Zerg'/>
		<unitScore value='14950'/>
		<unitScore value='14950'/>
		<killScore value='22050'/>
		<buildingScore value='1920'/>
		<razingScore value='0'/>
		<mineralScore value='13450'/>
		<gasScore value='3728'/>
		<totalScore value='56098'/>
	</enemy>

	<scoreRatio value='1.91264'/>
	<timeFitness value='0.705139'/>
	<unitsAverage value='114'/>
</results>
