<results>
	<result value='win'/>
	<start value='2015-05-07.01:47:38'/>
	<end value='2015-05-07.01:48:06'/>
	<frames value='25856'/>
	<gameDuration value='1616'/>

	<player>
		<unitScore value='14100'/>
		<killScore value='16735'/>
		<buildingScore value='4250'/>
		<razingScore value='5820'/>
		<mineralScore value='22354'/>
		<gasScore value='2408'/>
		<totalScore value='65667'/>
	</player>

	<enemy>
		<race value='Zerg'/>
		<unitScore value='7975'/>
		<unitScore value='7975'/>
		<killScore value='8650'/>
		<buildingScore value='1940'/>
		<razingScore value='0'/>
		<mineralScore value='8874'/>
		<gasScore value='2640'/>
		<totalScore value='30079'/>
	</enemy>

	<scoreRatio value='2.18315'/>
	<timeFitness value='0.775556'/>
	<unitsAverage value='92'/>
</results>
