<results>
	<result value='win'/>
	<start value='2015-05-07.02:02:12'/>
	<end value='2015-05-07.02:02:55'/>
	<frames value='31436'/>
	<gameDuration value='1964'/>

	<player>
		<unitScore value='20450'/>
		<killScore value='39160'/>
		<buildingScore value='4325'/>
		<razingScore value='5040'/>
		<mineralScore value='33466'/>
		<gasScore value='4448'/>
		<totalScore value='106889'/>
	</player>

	<enemy>
		<race value='Zerg'/>
		<unitScore value='16775'/>
		<unitScore value='16775'/>
		<killScore value='16800'/>
		<buildingScore value='1680'/>
		<razingScore value='150'/>
		<mineralScore value='13850'/>
		<gasScore value='3968'/>
		<totalScore value='53223'/>
	</enemy>

	<scoreRatio value='2.00832'/>
	<timeFitness value='0.727222'/>
	<unitsAverage value='116'/>
</results>
