<results>
	<result value='win'/>
	<start value='2015-04-27.15:41:19'/>
	<end value='2015-04-27.15:41:57'/>
	<frames value='44363'/>
	<gameDuration value='2772'/>

	<player>
		<unitScore value='13125'/>
		<killScore value='29600'/>
		<buildingScore value='3700'/>
		<razingScore value='15900'/>
		<mineralScore value='18022'/>
		<gasScore value='3344'/>
		<totalScore value='83691'/>
	</player>

	<enemy>
		<race value='Terran'/>
		<unitScore value='21550'/>
		<unitScore value='21550'/>
		<killScore value='19650'/>
		<buildingScore value='4900'/>
		<razingScore value='6300'/>
		<mineralScore value='19450'/>
		<gasScore value='10330'/>
		<totalScore value='82180'/>
	</enemy>

	<scoreRatio value='1.01839'/>
</results>
