<results>
	<result value='loss'/>
	<start value='2015-05-04.18:24:25'/>
	<end value='2015-05-04.18:24:39'/>
	<frames value='20245'/>
	<gameDuration value='1265'/>

	<player>
		<unitScore value='5400'/>
		<killScore value='1950'/>
		<buildingScore value='1850'/>
		<razingScore value='0'/>
		<mineralScore value='7602'/>
		<gasScore value='512'/>
		<totalScore value='17314'/>
	</player>

	<enemy>
		<race value='Terran'/>
		<unitScore value='7750'/>
		<unitScore value='7750'/>
		<killScore value='10800'/>
		<buildingScore value='2400'/>
		<razingScore value='5550'/>
		<mineralScore value='9314'/>
		<gasScore value='3440'/>
		<totalScore value='39254'/>
	</enemy>

	<scoreRatio value='0.441076'/>
	<timeFitness value='0.175694'/>
	<unitsAverage value='28'/>
</results>
