<results>
	<result value='win'/>
	<start value='2015-05-08.05:05:19'/>
	<end value='2015-05-08.05:06:05'/>
	<frames value='41542'/>
	<gameDuration value='2596'/>

	<player>
		<unitScore value='26250'/>
		<killScore value='25500'/>
		<buildingScore value='5600'/>
		<razingScore value='10500'/>
		<mineralScore value='34994'/>
		<gasScore value='4832'/>
		<totalScore value='107676'/>
	</player>

	<enemy>
		<race value='Terran'/>
		<unitScore value='13050'/>
		<unitScore value='13050'/>
		<killScore value='29800'/>
		<buildingScore value='3500'/>
		<razingScore value='3600'/>
		<mineralScore value='12762'/>
		<gasScore value='5864'/>
		<totalScore value='68576'/>
	</enemy>

	<scoreRatio value='1.57017'/>
	<timeFitness value='0.639444'/>
	<unitsAverage value='99'/>
</results>
