<results>
	<result value='loss'/>
	<start value='2015-05-04.18:35:34'/>
	<end value='2015-05-04.18:35:49'/>
	<frames value='19253'/>
	<gameDuration value='1203'/>

	<player>
		<unitScore value='5125'/>
		<killScore value='2800'/>
		<buildingScore value='2350'/>
		<razingScore value='0'/>
		<mineralScore value='7938'/>
		<gasScore value='1320'/>
		<totalScore value='19533'/>
	</player>

	<enemy>
		<race value='Terran'/>
		<unitScore value='7675'/>
		<unitScore value='7675'/>
		<killScore value='10250'/>
		<buildingScore value='2850'/>
		<razingScore value='7050'/>
		<mineralScore value='8922'/>
		<gasScore value='3352'/>
		<totalScore value='40099'/>
	</enemy>

	<scoreRatio value='0.487119'/>
	<timeFitness value='0.167083'/>
	<unitsAverage value='29'/>
</results>
