<results>
	<result value='win'/>
	<start value='2015-05-05.17:07:22'/>
	<end value='2015-05-05.17:08:25'/>
	<frames value='44828'/>
	<gameDuration value='2801'/>

	<player>
		<unitScore value='30800'/>
		<killScore value='36660'/>
		<buildingScore value='2875'/>
		<razingScore value='7770'/>
		<mineralScore value='35438'/>
		<gasScore value='0'/>
		<totalScore value='113543'/>
	</player>

	<enemy>
		<race value='Zerg'/>
		<unitScore value='18075'/>
		<unitScore value='18075'/>
		<killScore value='45400'/>
		<buildingScore value='2590'/>
		<razingScore value='0'/>
		<mineralScore value='17546'/>
		<gasScore value='7040'/>
		<totalScore value='90651'/>
	</enemy>

	<scoreRatio value='1.25253'/>
	<timeFitness value='0.610972'/>
	<unitsAverage value='115'/>
</results>
