<results>
	<result value='win'/>
	<start value='2015-05-05.17:13:20'/>
	<end value='2015-05-05.17:14:27'/>
	<frames value='42906'/>
	<gameDuration value='2681'/>

	<player>
		<unitScore value='35500'/>
		<killScore value='38730'/>
		<buildingScore value='3500'/>
		<razingScore value='6165'/>
		<mineralScore value='40566'/>
		<gasScore value='0'/>
		<totalScore value='124461'/>
	</player>

	<enemy>
		<race value='Zerg'/>
		<unitScore value='17625'/>
		<unitScore value='17625'/>
		<killScore value='57500'/>
		<buildingScore value='2055'/>
		<razingScore value='0'/>
		<mineralScore value='15850'/>
		<gasScore value='5176'/>
		<totalScore value='98206'/>
	</enemy>

	<scoreRatio value='1.26735'/>
	<timeFitness value='0.627639'/>
	<unitsAverage value='127'/>
</results>
