<results>
	<result value='loss'/>
	<start value='2015-05-05.17:26:13'/>
	<end value='2015-05-05.17:27:16'/>
	<frames value='43960'/>
	<gameDuration value='2747'/>

	<player>
		<unitScore value='27300'/>
		<killScore value='55450'/>
		<buildingScore value='3000'/>
		<razingScore value='480'/>
		<mineralScore value='31550'/>
		<gasScore value='0'/>
		<totalScore value='117780'/>
	</player>

	<enemy>
		<race value='Zerg'/>
		<unitScore value='33275'/>
		<unitScore value='33275'/>
		<killScore value='54500'/>
		<buildingScore value='3440'/>
		<razingScore value='9000'/>
		<mineralScore value='26562'/>
		<gasScore value='9374'/>
		<totalScore value='136151'/>
	</enemy>

	<scoreRatio value='0.865069'/>
	<timeFitness value='0.381528'/>
	<unitsAverage value='109'/>
</results>
