<results>
	<result value='win'/>
	<start value='2015-05-11.17:15:39'/>
	<end value='2015-05-11.17:15:59'/>
	<frames value='22632'/>
	<gameDuration value='1414'/>

	<player>
		<unitScore value='13325'/>
		<killScore value='15275'/>
		<buildingScore value='3775'/>
		<razingScore value='5700'/>
		<mineralScore value='19594'/>
		<gasScore value='1856'/>
		<totalScore value='59525'/>
	</player>

	<enemy>
		<race value='Zerg'/>
		<unitScore value='7500'/>
		<unitScore value='7500'/>
		<killScore value='9600'/>
		<buildingScore value='1900'/>
		<razingScore value='0'/>
		<mineralScore value='7802'/>
		<gasScore value='2416'/>
		<totalScore value='29218'/>
	</enemy>

	<scoreRatio value='2.03727'/>
	<timeFitness value='0.803611'/>
	<unitsAverage value='79'/>
</results>
