<results>
	<result value='win'/>
	<start value='2015-05-04.08:11:41'/>
	<end value='2015-05-04.08:12:38'/>
	<frames value='40302'/>
	<gameDuration value='2518'/>

	<player>
		<unitScore value='29425'/>
		<killScore value='37420'/>
		<buildingScore value='4350'/>
		<razingScore value='5595'/>
		<mineralScore value='42062'/>
		<gasScore value='2360'/>
		<totalScore value='121212'/>
	</player>

	<enemy>
		<race value='Zerg'/>
		<unitScore value='18500'/>
		<unitScore value='18500'/>
		<killScore value='30700'/>
		<buildingScore value='1865'/>
		<razingScore value='0'/>
		<mineralScore value='15274'/>
		<gasScore value='6680'/>
		<totalScore value='73019'/>
	</enemy>

	<scoreRatio value='1.66001'/>
	<timeFitness value='0.650278'/>
	<unitsAverage value='123'/>
</results>
