<results>
	<result value='loss'/>
	<start value='2015-05-04.03:30:23'/>
	<end value='2015-05-04.03:30:30'/>
	<frames value='17517'/>
	<gameDuration value='1094'/>

	<player>
		<unitScore value='3375'/>
		<killScore value='1200'/>
		<buildingScore value='1550'/>
		<razingScore value='0'/>
		<mineralScore value='5090'/>
		<gasScore value='608'/>
		<totalScore value='11823'/>
	</player>

	<enemy>
		<race value='Protoss'/>
		<unitScore value='3750'/>
		<unitScore value='3750'/>
		<killScore value='6750'/>
		<buildingScore value='4225'/>
		<razingScore value='4650'/>
		<mineralScore value='9274'/>
		<gasScore value='1832'/>
		<totalScore value='30481'/>
	</enemy>

	<scoreRatio value='0.387881'/>
	<timeFitness value='0.151944'/>
	<unitsAverage value='24'/>
</results>
