<results>
	<result value='win'/>
	<start value='2015-05-04.03:34:42'/>
	<end value='2015-05-04.03:34:58'/>
	<frames value='23035'/>
	<gameDuration value='1439'/>

	<player>
		<unitScore value='10700'/>
		<killScore value='9600'/>
		<buildingScore value='3425'/>
		<razingScore value='9975'/>
		<mineralScore value='16162'/>
		<gasScore value='1776'/>
		<totalScore value='51638'/>
	</player>

	<enemy>
		<race value='Protoss'/>
		<unitScore value='4800'/>
		<unitScore value='4800'/>
		<killScore value='6200'/>
		<buildingScore value='3325'/>
		<razingScore value='225'/>
		<mineralScore value='9066'/>
		<gasScore value='2064'/>
		<totalScore value='25680'/>
	</enemy>

	<scoreRatio value='2.01083'/>
	<timeFitness value='0.800139'/>
	<unitsAverage value='65'/>
</results>
