<results>
	<result value='win'/>
	<start value='2014-07-06.06:21:29'/>
	<end value='2014-07-06.06:22:02'/>
	<frames value='32769'/>
	<gameDuration value='2048'/>

	<player>
		<unitScore value='18200'/>
		<killScore value='19250'/>
		<buildingScore value='3875'/>
		<razingScore value='12825'/>
		<mineralScore value='25434'/>
		<gasScore value='2704'/>
		<totalScore value='82288'/>
	</player>

	<enemy>
		<race value='Protoss'/>
		<unitScore value='9675'/>
		<unitScore value='9675'/>
		<killScore value='13000'/>
		<buildingScore value='4275'/>
		<razingScore value='300'/>
		<mineralScore value='12962'/>
		<gasScore value='3472'/>
		<totalScore value='43684'/>
	</enemy>

	<scoreRatio value='1.88371'/>
</results>
