<results>
	<result value='win'/>
	<start value='2014-07-22.19:39:47'/>
	<end value='2014-07-22.19:40:11'/>
	<frames value='27437'/>
	<gameDuration value='1714'/>

	<player>
		<unitScore value='12600'/>
		<killScore value='23000'/>
		<buildingScore value='4200'/>
		<razingScore value='7200'/>
		<mineralScore value='26898'/>
		<gasScore value='1984'/>
		<totalScore value='75882'/>
	</player>

	<enemy>
		<race value='Terran'/>
		<unitScore value='12300'/>
		<unitScore value='12300'/>
		<killScore value='6450'/>
		<buildingScore value='2400'/>
		<razingScore value='1800'/>
		<mineralScore value='12046'/>
		<gasScore value='4416'/>
		<totalScore value='39412'/>
	</enemy>

	<scoreRatio value='1.92535'/>
</results>
