<results>
	<result value='loss'/>
	<start value='2015-05-03.01:03:53'/>
	<end value='2015-05-03.01:04:14'/>
	<frames value='25453'/>
	<gameDuration value='1590'/>

	<player>
		<unitScore value='3075'/>
		<killScore value='2200'/>
		<buildingScore value='1575'/>
		<razingScore value='0'/>
		<mineralScore value='4938'/>
		<gasScore value='776'/>
		<totalScore value='12564'/>
	</player>

	<enemy>
		<race value='Protoss'/>
		<unitScore value='10750'/>
		<unitScore value='10750'/>
		<killScore value='6150'/>
		<buildingScore value='5975'/>
		<razingScore value='4725'/>
		<mineralScore value='15890'/>
		<gasScore value='5184'/>
		<totalScore value='48674'/>
	</enemy>

	<scoreRatio value='0.258125'/>
	<timeFitness value='0.220833'/>
	<unitsAverage value='18'/>
</results>
