<results>
	<result value='win'/>
	<start value='2015-05-04.06:45:06'/>
	<end value='2015-05-04.06:46:42'/>
	<frames value='57135'/>
	<gameDuration value='3570'/>

	<player>
		<unitScore value='36050'/>
		<killScore value='43850'/>
		<buildingScore value='4900'/>
		<razingScore value='19125'/>
		<mineralScore value='34694'/>
		<gasScore value='6654'/>
		<totalScore value='145273'/>
	</player>

	<enemy>
		<race value='Protoss'/>
		<unitScore value='22275'/>
		<unitScore value='22275'/>
		<killScore value='39250'/>
		<buildingScore value='6375'/>
		<razingScore value='1500'/>
		<mineralScore value='22954'/>
		<gasScore value='7290'/>
		<totalScore value='99644'/>
	</enemy>

	<scoreRatio value='1.45792'/>
	<timeFitness value='0.504167'/>
	<unitsAverage value='150'/>
</results>
