<results>
	<result value='loss'/>
	<start value='2015-05-04.06:52:25'/>
	<end value='2015-05-04.06:52:38'/>
	<frames value='29514'/>
	<gameDuration value='1844'/>

	<player>
		<unitScore value='6125'/>
		<killScore value='2800'/>
		<buildingScore value='1725'/>
		<razingScore value='0'/>
		<mineralScore value='7962'/>
		<gasScore value='1728'/>
		<totalScore value='20340'/>
	</player>

	<enemy>
		<race value='Protoss'/>
		<unitScore value='14325'/>
		<unitScore value='14325'/>
		<killScore value='12250'/>
		<buildingScore value='6875'/>
		<razingScore value='5175'/>
		<mineralScore value='18506'/>
		<gasScore value='7328'/>
		<totalScore value='64459'/>
	</enemy>

	<scoreRatio value='0.315549'/>
	<timeFitness value='0.256111'/>
	<unitsAverage value='24'/>
</results>
