<results>
	<result value='loss'/>
	<start value='2015-05-04.06:53:40'/>
	<end value='2015-05-04.06:53:50'/>
	<frames value='20648'/>
	<gameDuration value='1290'/>

	<player>
		<unitScore value='5550'/>
		<killScore value='3000'/>
		<buildingScore value='1800'/>
		<razingScore value='0'/>
		<mineralScore value='7818'/>
		<gasScore value='656'/>
		<totalScore value='18824'/>
	</player>

	<enemy>
		<race value='Protoss'/>
		<unitScore value='5175'/>
		<unitScore value='5175'/>
		<killScore value='11100'/>
		<buildingScore value='4525'/>
		<razingScore value='5400'/>
		<mineralScore value='10962'/>
		<gasScore value='2656'/>
		<totalScore value='39818'/>
	</enemy>

	<scoreRatio value='0.472751'/>
	<timeFitness value='0.179167'/>
	<unitsAverage value='31'/>
</results>
