<results>
	<result value='win'/>
	<start value='2015-04-29.04:23:55'/>
	<end value='2015-04-29.04:24:16'/>
	<frames value='21950'/>
	<gameDuration value='1371'/>

	<player>
		<unitScore value='8675'/>
		<killScore value='9100'/>
		<buildingScore value='2750'/>
		<razingScore value='8475'/>
		<mineralScore value='12554'/>
		<gasScore value='1824'/>
		<totalScore value='43378'/>
	</player>

	<enemy>
		<race value='Protoss'/>
		<unitScore value='4550'/>
		<unitScore value='4550'/>
		<killScore value='3800'/>
		<buildingScore value='2825'/>
		<razingScore value='225'/>
		<mineralScore value='8394'/>
		<gasScore value='1840'/>
		<totalScore value='21634'/>
	</enemy>

	<scoreRatio value='2.00508'/>
</results>
