<results>
	<result value='loss'/>
	<start value='2015-04-29.04:36:10'/>
	<end value='2015-04-29.04:36:28'/>
	<frames value='25577'/>
	<gameDuration value='1598'/>

	<player>
		<unitScore value='4150'/>
		<killScore value='4200'/>
		<buildingScore value='1600'/>
		<razingScore value='0'/>
		<mineralScore value='5826'/>
		<gasScore value='936'/>
		<totalScore value='16712'/>
	</player>

	<enemy>
		<race value='Protoss'/>
		<unitScore value='10175'/>
		<unitScore value='10175'/>
		<killScore value='8300'/>
		<buildingScore value='6525'/>
		<razingScore value='4800'/>
		<mineralScore value='15906'/>
		<gasScore value='4520'/>
		<totalScore value='50226'/>
	</enemy>

	<scoreRatio value='0.332736'/>
</results>
