<results>
	<result value='loss'/>
	<start value='2015-07-19.02:48:02'/>
	<end value='2015-07-19.02:48:58'/>
	<frames value='37760'/>
	<gameDuration value='2360'/>

	<player>
		<unitScore value='25525'/>
		<killScore value='12900'/>
		<buildingScore value='3225'/>
		<razingScore value='0'/>
		<mineralScore value='22870'/>
		<gasScore value='3888'/>
		<totalScore value='68408'/>
	</player>

	<enemy>
		<race value='Protoss'/>
		<unitScore value='21400'/>
		<killScore value='48000'/>
		<buildingScore value='6625'/>
		<razingScore value='9675'/>
		<mineralScore value='25458'/>
		<gasScore value='8366'/>
		<totalScore value='119524'/>
	</enemy>

	<scoreRatio value='0.572337'/>
	<timeFitness value='0.327778'/>
	<unitsAverage value='81'/>
</results>
