<results>
	<result value='loss'/>
	<start value='2015-05-04.06:20:24'/>
	<end value='2015-05-04.06:21:07'/>
	<frames value='35311'/>
	<gameDuration value='2206'/>

	<player>
		<unitScore value='17125'/>
		<killScore value='11650'/>
		<buildingScore value='2525'/>
		<razingScore value='900'/>
		<mineralScore value='20514'/>
		<gasScore value='2536'/>
		<totalScore value='55250'/>
	</player>

	<enemy>
		<race value='Protoss'/>
		<unitScore value='21725'/>
		<unitScore value='21725'/>
		<killScore value='34250'/>
		<buildingScore value='7225'/>
		<razingScore value='7575'/>
		<mineralScore value='23486'/>
		<gasScore value='9088'/>
		<totalScore value='103349'/>
	</enemy>

	<scoreRatio value='0.534596'/>
	<timeFitness value='0.306389'/>
	<unitsAverage value='54'/>
</results>
