<results>
	<result value='loss'/>
	<start value='2015-05-04.06:41:07'/>
	<end value='2015-05-04.06:42:11'/>
	<frames value='48951'/>
	<gameDuration value='3059'/>

	<player>
		<unitScore value='22875'/>
		<killScore value='38700'/>
		<buildingScore value='2475'/>
		<razingScore value='300'/>
		<mineralScore value='23946'/>
		<gasScore value='4712'/>
		<totalScore value='93008'/>
	</player>

	<enemy>
		<race value='Protoss'/>
		<unitScore value='38950'/>
		<unitScore value='38950'/>
		<killScore value='45600'/>
		<buildingScore value='7575'/>
		<razingScore value='7425'/>
		<mineralScore value='34022'/>
		<gasScore value='12872'/>
		<totalScore value='146444'/>
	</enemy>

	<scoreRatio value='0.63511'/>
	<timeFitness value='0.424861'/>
	<unitsAverage value='60'/>
</results>
