<results>
	<result value='draw'/>
	<start value='2015-05-04.06:56:28'/>
	<end value='2015-05-04.06:58:13'/>
	<frames value='57601'/>
	<gameDuration value='3600'/>

	<player>
		<unitScore value='29500'/>
		<killScore value='55650'/>
		<buildingScore value='3475'/>
		<razingScore value='20025'/>
		<mineralScore value='32234'/>
		<gasScore value='4802'/>
		<totalScore value='145686'/>
	</player>

	<enemy>
		<race value='Protoss'/>
		<unitScore value='30025'/>
		<unitScore value='30025'/>
		<killScore value='39950'/>
		<buildingScore value='7675'/>
		<razingScore value='1650'/>
		<mineralScore value='30722'/>
		<gasScore value='11634'/>
		<totalScore value='121656'/>
	</enemy>

	<scoreRatio value='1.19752'/>
	<timeFitness value='0.5'/>
	<unitsAverage value='100'/>
</results>
