<results>
	<result value='win'/>
	<start value='2015-05-05.21:30:34'/>
	<end value='2015-05-05.21:30:54'/>
	<frames value='27189'/>
	<gameDuration value='1699'/>

	<player>
		<unitScore value='11650'/>
		<killScore value='19010'/>
		<buildingScore value='3725'/>
		<razingScore value='4560'/>
		<mineralScore value='26658'/>
		<gasScore value='1680'/>
		<totalScore value='67283'/>
	</player>

	<enemy>
		<race value='Zerg'/>
		<unitScore value='8875'/>
		<unitScore value='8875'/>
		<killScore value='8350'/>
		<buildingScore value='1520'/>
		<razingScore value='0'/>
		<mineralScore value='8402'/>
		<gasScore value='2648'/>
		<totalScore value='29795'/>
	</enemy>

	<scoreRatio value='2.2582'/>
	<timeFitness value='0.764028'/>
	<unitsAverage value='85'/>
</results>
