<results>
	<result value='win'/>
	<start value='2015-05-05.21:34:23'/>
	<end value='2015-05-05.21:34:41'/>
	<frames value='24461'/>
	<gameDuration value='1528'/>

	<player>
		<unitScore value='16000'/>
		<killScore value='19655'/>
		<buildingScore value='3525'/>
		<razingScore value='6930'/>
		<mineralScore value='21066'/>
		<gasScore value='2168'/>
		<totalScore value='69344'/>
	</player>

	<enemy>
		<race value='Zerg'/>
		<unitScore value='9750'/>
		<unitScore value='9750'/>
		<killScore value='12700'/>
		<buildingScore value='2310'/>
		<razingScore value='0'/>
		<mineralScore value='9730'/>
		<gasScore value='3088'/>
		<totalScore value='37578'/>
	</enemy>

	<scoreRatio value='1.84534'/>
	<timeFitness value='0.787778'/>
	<unitsAverage value='84'/>
</results>
