<results>
	<result value='loss'/>
	<start value='2015-05-05.21:40:26'/>
	<end value='2015-05-05.21:41:02'/>
	<frames value='54903'/>
	<gameDuration value='3431'/>

	<player>
		<unitScore value='21900'/>
		<killScore value='59600'/>
		<buildingScore value='3325'/>
		<razingScore value='3390'/>
		<mineralScore value='24378'/>
		<gasScore value='5036'/>
		<totalScore value='117629'/>
	</player>

	<enemy>
		<race value='Zerg'/>
		<unitScore value='34700'/>
		<unitScore value='34700'/>
		<killScore value='43800'/>
		<buildingScore value='5525'/>
		<razingScore value='9975'/>
		<mineralScore value='33830'/>
		<gasScore value='12936'/>
		<totalScore value='140766'/>
	</enemy>

	<scoreRatio value='0.835635'/>
	<timeFitness value='0.476528'/>
	<unitsAverage value='71'/>
</results>
