<results>
	<result value='win'/>
	<start value='2015-05-05.21:56:08'/>
	<end value='2015-05-05.21:56:46'/>
	<frames value='36799'/>
	<gameDuration value='2299'/>

	<player>
		<unitScore value='28050'/>
		<killScore value='40570'/>
		<buildingScore value='4900'/>
		<razingScore value='8670'/>
		<mineralScore value='36370'/>
		<gasScore value='3600'/>
		<totalScore value='122160'/>
	</player>

	<enemy>
		<race value='Zerg'/>
		<unitScore value='18625'/>
		<unitScore value='18625'/>
		<killScore value='32450'/>
		<buildingScore value='2890'/>
		<razingScore value='2175'/>
		<mineralScore value='17858'/>
		<gasScore value='5202'/>
		<totalScore value='79200'/>
	</enemy>

	<scoreRatio value='1.54242'/>
	<timeFitness value='0.680694'/>
	<unitsAverage value='117'/>
</results>
