<results>
	<result value='win'/>
	<start value='2015-05-11.07:59:19'/>
	<end value='2015-05-11.07:59:59'/>
	<frames value='28801'/>
	<gameDuration value='1800'/>

	<player>
		<unitScore value='16250'/>
		<killScore value='23210'/>
		<buildingScore value='2375'/>
		<razingScore value='6675'/>
		<mineralScore value='21130'/>
		<gasScore value='2656'/>
		<totalScore value='72296'/>
	</player>

	<enemy>
		<race value='Zerg'/>
		<unitScore value='11425'/>
		<unitScore value='11425'/>
		<killScore value='15950'/>
		<buildingScore value='2225'/>
		<razingScore value='0'/>
		<mineralScore value='11206'/>
		<gasScore value='3392'/>
		<totalScore value='44198'/>
	</enemy>

	<scoreRatio value='1.63573'/>
	<timeFitness value='0.75'/>
	<unitsAverage value='86'/>
</results>
