<results>
	<result value='draw'/>
	<start value='2015-07-18.06:38:38'/>
	<end value='2015-07-18.06:41:53'/>
	<frames value='57601'/>
	<gameDuration value='3600'/>

	<player>
		<unitScore value='43550'/>
		<killScore value='32550'/>
		<buildingScore value='4900'/>
		<razingScore value='0'/>
		<mineralScore value='38862'/>
		<gasScore value='6612'/>
		<totalScore value='126474'/>
	</player>

	<enemy>
		<race value='Terran'/>
		<unitScore value='29250'/>
		<killScore value='72850'/>
		<buildingScore value='4050'/>
		<razingScore value='6225'/>
		<mineralScore value='19542'/>
		<gasScore value='11924'/>
		<totalScore value='143841'/>
	</enemy>

	<scoreRatio value='0.879263'/>
	<timeFitness value='0.5'/>
	<unitsAverage value='138'/>
</results>
