<results>
	<result value='draw'/>
	<start value='2015-07-18.06:42:34'/>
	<end value='2015-07-18.06:44:12'/>
	<frames value='57601'/>
	<gameDuration value='3600'/>

	<player>
		<unitScore value='31350'/>
		<killScore value='20550'/>
		<buildingScore value='4475'/>
		<razingScore value='1500'/>
		<mineralScore value='36118'/>
		<gasScore value='4584'/>
		<totalScore value='98577'/>
	</player>

	<enemy>
		<race value='Terran'/>
		<unitScore value='15850'/>
		<killScore value='50500'/>
		<buildingScore value='3775'/>
		<razingScore value='6600'/>
		<mineralScore value='23386'/>
		<gasScore value='6462'/>
		<totalScore value='106573'/>
	</enemy>

	<scoreRatio value='0.924972'/>
	<timeFitness value='0.5'/>
	<unitsAverage value='67'/>
</results>
