<results>
	<result value='win'/>
	<start value='2015-04-29.23:14:45'/>
	<end value='2015-04-29.23:15:03'/>
	<frames value='22105'/>
	<gameDuration value='1381'/>

	<player>
		<unitScore value='12325'/>
		<killScore value='19320'/>
		<buildingScore value='3500'/>
		<razingScore value='4560'/>
		<mineralScore value='17690'/>
		<gasScore value='1888'/>
		<totalScore value='59283'/>
	</player>

	<enemy>
		<race value='Zerg'/>
		<unitScore value='8625'/>
		<unitScore value='8625'/>
		<killScore value='7550'/>
		<buildingScore value='1520'/>
		<razingScore value='0'/>
		<mineralScore value='8314'/>
		<gasScore value='2376'/>
		<totalScore value='28385'/>
	</enemy>

	<scoreRatio value='2.08853'/>
	<timeFitness value='0.808194'/>
	<unitsAverage value='72'/>
</results>
