<results>
	<result value='draw'/>
	<start value='2015-05-10.05:49:02'/>
	<end value='2015-05-10.05:51:01'/>
	<frames value='57601'/>
	<gameDuration value='3600'/>

	<player>
		<unitScore value='30950'/>
		<killScore value='55400'/>
		<buildingScore value='3900'/>
		<razingScore value='22575'/>
		<mineralScore value='34074'/>
		<gasScore value='5538'/>
		<totalScore value='152437'/>
	</player>

	<enemy>
		<race value='Protoss'/>
		<unitScore value='29150'/>
		<unitScore value='29150'/>
		<killScore value='39650'/>
		<buildingScore value='8175'/>
		<razingScore value='825'/>
		<mineralScore value='28890'/>
		<gasScore value='11956'/>
		<totalScore value='118646'/>
	</enemy>

	<scoreRatio value='1.28481'/>
	<timeFitness value='0.5'/>
	<unitsAverage value='112'/>
</results>
