<results>
	<result value='win'/>
	<start value='2015-05-10.05:56:54'/>
	<end value='2015-05-10.05:57:23'/>
	<frames value='24182'/>
	<gameDuration value='1511'/>

	<player>
		<unitScore value='11300'/>
		<killScore value='8800'/>
		<buildingScore value='2225'/>
		<razingScore value='10200'/>
		<mineralScore value='14314'/>
		<gasScore value='2392'/>
		<totalScore value='49231'/>
	</player>

	<enemy>
		<race value='Protoss'/>
		<unitScore value='4400'/>
		<unitScore value='4400'/>
		<killScore value='10650'/>
		<buildingScore value='3400'/>
		<razingScore value='150'/>
		<mineralScore value='11474'/>
		<gasScore value='1280'/>
		<totalScore value='31354'/>
	</enemy>

	<scoreRatio value='1.57017'/>
	<timeFitness value='0.790139'/>
	<unitsAverage value='63'/>
</results>
