<results>
	<result value='draw'/>
	<start value='2015-05-10.06:03:13'/>
	<end value='2015-05-10.06:05:36'/>
	<frames value='57601'/>
	<gameDuration value='3600'/>

	<player>
		<unitScore value='26450'/>
		<killScore value='62650'/>
		<buildingScore value='3075'/>
		<razingScore value='4575'/>
		<mineralScore value='25370'/>
		<gasScore value='5206'/>
		<totalScore value='127326'/>
	</player>

	<enemy>
		<race value='Protoss'/>
		<unitScore value='47375'/>
		<unitScore value='47375'/>
		<killScore value='52550'/>
		<buildingScore value='7950'/>
		<razingScore value='3300'/>
		<mineralScore value='35630'/>
		<gasScore value='13790'/>
		<totalScore value='160595'/>
	</enemy>

	<scoreRatio value='0.792839'/>
	<timeFitness value='0.5'/>
	<unitsAverage value='110'/>
</results>
