<results>
	<result value='win'/>
	<start value='2015-05-10.06:12:36'/>
	<end value='2015-05-10.06:13:44'/>
	<frames value='35528'/>
	<gameDuration value='2220'/>

	<player>
		<unitScore value='21050'/>
		<killScore value='19700'/>
		<buildingScore value='3975'/>
		<razingScore value='23775'/>
		<mineralScore value='25830'/>
		<gasScore value='3584'/>
		<totalScore value='97914'/>
	</player>

	<enemy>
		<race value='Protoss'/>
		<unitScore value='10175'/>
		<unitScore value='10175'/>
		<killScore value='21550'/>
		<buildingScore value='7925'/>
		<razingScore value='300'/>
		<mineralScore value='18582'/>
		<gasScore value='4136'/>
		<totalScore value='62668'/>
	</enemy>

	<scoreRatio value='1.56242'/>
	<timeFitness value='0.691667'/>
	<unitsAverage value='102'/>
</results>
