<results>
	<result value='win'/>
	<start value='2015-05-10.11:04:48'/>
	<end value='2015-05-10.11:05:25'/>
	<frames value='25112'/>
	<gameDuration value='1569'/>

	<player>
		<unitScore value='9350'/>
		<killScore value='9200'/>
		<buildingScore value='2475'/>
		<razingScore value='9075'/>
		<mineralScore value='13250'/>
		<gasScore value='1368'/>
		<totalScore value='44718'/>
	</player>

	<enemy>
		<race value='Protoss'/>
		<unitScore value='4600'/>
		<unitScore value='4600'/>
		<killScore value='3100'/>
		<buildingScore value='3025'/>
		<razingScore value='0'/>
		<mineralScore value='8450'/>
		<gasScore value='968'/>
		<totalScore value='20143'/>
	</enemy>

	<scoreRatio value='2.22003'/>
	<timeFitness value='0.782083'/>
	<unitsAverage value='75'/>
</results>
