<results>
	<result value='loss'/>
	<start value='2015-05-09.05:24:51'/>
	<end value='2015-05-09.05:24:59'/>
	<frames value='19656'/>
	<gameDuration value='1228'/>

	<player>
		<unitScore value='4975'/>
		<killScore value='2000'/>
		<buildingScore value='2000'/>
		<razingScore value='0'/>
		<mineralScore value='6586'/>
		<gasScore value='600'/>
		<totalScore value='16161'/>
	</player>

	<enemy>
		<race value='Terran'/>
		<unitScore value='7600'/>
		<unitScore value='7600'/>
		<killScore value='9950'/>
		<buildingScore value='2850'/>
		<razingScore value='6000'/>
		<mineralScore value='9266'/>
		<gasScore value='3440'/>
		<totalScore value='39106'/>
	</enemy>

	<scoreRatio value='0.413261'/>
	<timeFitness value='0.170556'/>
	<unitsAverage value='27'/>
</results>
