<results>
	<result value='loss'/>
	<start value='2015-05-05.03:52:10'/>
	<end value='2015-05-05.03:52:16'/>
	<frames value='18912'/>
	<gameDuration value='1182'/>

	<player>
		<unitScore value='3600'/>
		<killScore value='2650'/>
		<buildingScore value='1875'/>
		<razingScore value='0'/>
		<mineralScore value='5602'/>
		<gasScore value='592'/>
		<totalScore value='14319'/>
	</player>

	<enemy>
		<race value='Terran'/>
		<unitScore value='5700'/>
		<unitScore value='5700'/>
		<killScore value='7200'/>
		<buildingScore value='2750'/>
		<razingScore value='5625'/>
		<mineralScore value='8682'/>
		<gasScore value='3120'/>
		<totalScore value='33077'/>
	</enemy>

	<scoreRatio value='0.432899'/>
	<timeFitness value='0.164167'/>
	<unitsAverage value='22'/>
</results>
