<results>
	<result value='win'/>
	<start value='2015-05-05.03:54:40'/>
	<end value='2015-05-05.03:55:06'/>
	<frames value='37481'/>
	<gameDuration value='2342'/>

	<player>
		<unitScore value='16775'/>
		<killScore value='28150'/>
		<buildingScore value='3400'/>
		<razingScore value='12600'/>
		<mineralScore value='19602'/>
		<gasScore value='3448'/>
		<totalScore value='83975'/>
	</player>

	<enemy>
		<race value='Terran'/>
		<unitScore value='19175'/>
		<unitScore value='19175'/>
		<killScore value='16600'/>
		<buildingScore value='4200'/>
		<razingScore value='3150'/>
		<mineralScore value='16630'/>
		<gasScore value='8216'/>
		<totalScore value='67971'/>
	</enemy>

	<scoreRatio value='1.23545'/>
	<timeFitness value='0.674722'/>
	<unitsAverage value='69'/>
</results>
