<results>
	<result value='loss'/>
	<start value='2015-05-05.03:57:51'/>
	<end value='2015-05-05.03:57:56'/>
	<frames value='13549'/>
	<gameDuration value='846'/>

	<player>
		<unitScore value='2450'/>
		<killScore value='200'/>
		<buildingScore value='1100'/>
		<razingScore value='0'/>
		<mineralScore value='3618'/>
		<gasScore value='520'/>
		<totalScore value='7888'/>
	</player>

	<enemy>
		<race value='Terran'/>
		<unitScore value='3700'/>
		<unitScore value='3700'/>
		<killScore value='4900'/>
		<buildingScore value='1450'/>
		<razingScore value='3300'/>
		<mineralScore value='6026'/>
		<gasScore value='1832'/>
		<totalScore value='21208'/>
	</enemy>

	<scoreRatio value='0.371935'/>
	<timeFitness value='0.1175'/>
	<unitsAverage value='16'/>
</results>
