<results>
	<result value='win'/>
	<start value='2015-04-29.11:29:48'/>
	<end value='2015-04-29.11:30:10'/>
	<frames value='27437'/>
	<gameDuration value='1714'/>

	<player>
		<unitScore value='14950'/>
		<killScore value='14250'/>
		<buildingScore value='3500'/>
		<razingScore value='14175'/>
		<mineralScore value='19506'/>
		<gasScore value='2856'/>
		<totalScore value='69237'/>
	</player>

	<enemy>
		<race value='Protoss'/>
		<unitScore value='7475'/>
		<unitScore value='7475'/>
		<killScore value='11250'/>
		<buildingScore value='4725'/>
		<razingScore value='0'/>
		<mineralScore value='11222'/>
		<gasScore value='2416'/>
		<totalScore value='37088'/>
	</enemy>

	<scoreRatio value='1.86683'/>
	<timeFitness value='0.761944'/>
	<unitsAverage value='85'/>
</results>
