<results>
	<result value='win'/>
	<start value='2015-04-29.11:31:28'/>
	<end value='2015-04-29.11:31:52'/>
	<frames value='32211'/>
	<gameDuration value='2013'/>

	<player>
		<unitScore value='16850'/>
		<killScore value='19250'/>
		<buildingScore value='3850'/>
		<razingScore value='20625'/>
		<mineralScore value='23146'/>
		<gasScore value='3344'/>
		<totalScore value='87065'/>
	</player>

	<enemy>
		<race value='Protoss'/>
		<unitScore value='9825'/>
		<unitScore value='9825'/>
		<killScore value='14550'/>
		<buildingScore value='6875'/>
		<razingScore value='150'/>
		<mineralScore value='16374'/>
		<gasScore value='3432'/>
		<totalScore value='51206'/>
	</enemy>

	<scoreRatio value='1.70029'/>
	<timeFitness value='0.720417'/>
	<unitsAverage value='83'/>
</results>
