<results>
	<result value='win'/>
	<start value='2015-04-26.14:27:24'/>
	<end value='2015-04-26.14:27:35'/>
	<frames value='18323'/>
	<gameDuration value='1145'/>

	<player>
		<unitScore value='6025'/>
		<killScore value='10600'/>
		<buildingScore value='2800'/>
		<razingScore value='4350'/>
		<mineralScore value='9778'/>
		<gasScore value='1400'/>
		<totalScore value='34953'/>
	</player>

	<enemy>
		<race value='Terran'/>
		<unitScore value='5300'/>
		<unitScore value='5300'/>
		<killScore value='2600'/>
		<buildingScore value='1450'/>
		<razingScore value='1350'/>
		<mineralScore value='7690'/>
		<gasScore value='2024'/>
		<totalScore value='20414'/>
	</enemy>

	<scoreRatio value='1.71221'/>
</results>
