<results>
	<result value='win'/>
	<start value='2015-04-26.14:30:59'/>
	<end value='2015-04-26.14:31:24'/>
	<frames value='31033'/>
	<gameDuration value='1939'/>

	<player>
		<unitScore value='14350'/>
		<killScore value='27200'/>
		<buildingScore value='3275'/>
		<razingScore value='8700'/>
		<mineralScore value='17498'/>
		<gasScore value='2464'/>
		<totalScore value='73487'/>
	</player>

	<enemy>
		<race value='Terran'/>
		<unitScore value='13600'/>
		<unitScore value='13600'/>
		<killScore value='13400'/>
		<buildingScore value='2900'/>
		<razingScore value='2925'/>
		<mineralScore value='11270'/>
		<gasScore value='5048'/>
		<totalScore value='49143'/>
	</enemy>

	<scoreRatio value='1.49537'/>
</results>
