<results>
	<result value='win'/>
	<start value='2015-04-26.14:35:28'/>
	<end value='2015-04-26.14:36:07'/>
	<frames value='38256'/>
	<gameDuration value='2391'/>

	<player>
		<unitScore value='22075'/>
		<killScore value='39400'/>
		<buildingScore value='4825'/>
		<razingScore value='12375'/>
		<mineralScore value='27914'/>
		<gasScore value='4296'/>
		<totalScore value='110885'/>
	</player>

	<enemy>
		<race value='Terran'/>
		<unitScore value='22275'/>
		<unitScore value='22275'/>
		<killScore value='21600'/>
		<buildingScore value='4125'/>
		<razingScore value='1950'/>
		<mineralScore value='17934'/>
		<gasScore value='9178'/>
		<totalScore value='77062'/>
	</enemy>

	<scoreRatio value='1.43891'/>
</results>
