<results>
	<result value='win'/>
	<start value='2015-04-30.17:53:06'/>
	<end value='2015-04-30.17:53:33'/>
	<frames value='26352'/>
	<gameDuration value='1647'/>

	<player>
		<unitScore value='12975'/>
		<killScore value='22145'/>
		<buildingScore value='3000'/>
		<razingScore value='5895'/>
		<mineralScore value='19262'/>
		<gasScore value='1848'/>
		<totalScore value='65125'/>
	</player>

	<enemy>
		<race value='Zerg'/>
		<unitScore value='9750'/>
		<unitScore value='9750'/>
		<killScore value='10900'/>
		<buildingScore value='1965'/>
		<razingScore value='0'/>
		<mineralScore value='9850'/>
		<gasScore value='2816'/>
		<totalScore value='35281'/>
	</enemy>

	<scoreRatio value='1.84589'/>
	<timeFitness value='0.77125'/>
	<unitsAverage value='68'/>
</results>
