<results>
	<result value='loss'/>
	<start value='2015-05-03.19:51:33'/>
	<end value='2015-05-03.19:51:38'/>
	<frames value='9209'/>
	<gameDuration value='575'/>

	<player>
		<unitScore value='900'/>
		<killScore value='150'/>
		<buildingScore value='750'/>
		<razingScore value='0'/>
		<mineralScore value='1418'/>
		<gasScore value='0'/>
		<totalScore value='3218'/>
	</player>

	<enemy>
		<race value='Zerg'/>
		<unitScore value='1650'/>
		<unitScore value='1650'/>
		<killScore value='1800'/>
		<buildingScore value='1020'/>
		<razingScore value='2250'/>
		<mineralScore value='2754'/>
		<gasScore value='248'/>
		<totalScore value='9722'/>
	</enemy>

	<scoreRatio value='0.331002'/>
	<timeFitness value='0.0798611'/>
	<unitsAverage value='8'/>
</results>
