<results>
	<result value='loss'/>
	<start value='2015-05-03.19:51:42'/>
	<end value='2015-05-03.19:52:43'/>
	<frames value='53477'/>
	<gameDuration value='3342'/>

	<player>
		<unitScore value='31650'/>
		<killScore value='50870'/>
		<buildingScore value='3000'/>
		<razingScore value='1455'/>
		<mineralScore value='36002'/>
		<gasScore value='3312'/>
		<totalScore value='126289'/>
	</player>

	<enemy>
		<race value='Zerg'/>
		<unitScore value='28275'/>
		<unitScore value='28275'/>
		<killScore value='63200'/>
		<buildingScore value='3370'/>
		<razingScore value='9000'/>
		<mineralScore value='25606'/>
		<gasScore value='8514'/>
		<totalScore value='137965'/>
	</enemy>

	<scoreRatio value='0.91537'/>
	<timeFitness value='0.464167'/>
	<unitsAverage value='92'/>
</results>
