<results>
	<result value='draw'/>
	<start value='2015-05-04.04:29:18'/>
	<end value='2015-05-04.04:30:10'/>
	<frames value='57601'/>
	<gameDuration value='3600'/>

	<player>
		<unitScore value='31725'/>
		<killScore value='61060'/>
		<buildingScore value='2950'/>
		<razingScore value='16875'/>
		<mineralScore value='32162'/>
		<gasScore value='7122'/>
		<totalScore value='151894'/>
	</player>

	<enemy>
		<race value='Protoss'/>
		<unitScore value='34580'/>
		<unitScore value='34580'/>
		<killScore value='58050'/>
		<buildingScore value='6625'/>
		<razingScore value='150'/>
		<mineralScore value='30022'/>
		<gasScore value='10702'/>
		<totalScore value='140129'/>
	</enemy>

	<scoreRatio value='1.08396'/>
	<timeFitness value='0.5'/>
	<unitsAverage value='101'/>
</results>
