<results>
	<result value='draw'/>
	<start value='2015-05-10.14:42:58'/>
	<end value='2015-05-10.14:44:10'/>
	<frames value='57601'/>
	<gameDuration value='3600'/>

	<player>
		<unitScore value='30675'/>
		<killScore value='46010'/>
		<buildingScore value='4475'/>
		<razingScore value='17775'/>
		<mineralScore value='35698'/>
		<gasScore value='3904'/>
		<totalScore value='138537'/>
	</player>

	<enemy>
		<race value='Protoss'/>
		<unitScore value='24380'/>
		<unitScore value='24380'/>
		<killScore value='42700'/>
		<buildingScore value='7475'/>
		<razingScore value='6300'/>
		<mineralScore value='27194'/>
		<gasScore value='11294'/>
		<totalScore value='119343'/>
	</enemy>

	<scoreRatio value='1.16083'/>
	<timeFitness value='0.5'/>
	<unitsAverage value='111'/>
</results>
