<results>
	<result value='loss'/>
	<start value='2015-05-10.14:47:14'/>
	<end value='2015-05-10.14:47:26'/>
	<frames value='19284'/>
	<gameDuration value='1205'/>

	<player>
		<unitScore value='4375'/>
		<killScore value='3150'/>
		<buildingScore value='2100'/>
		<razingScore value='0'/>
		<mineralScore value='6930'/>
		<gasScore value='1040'/>
		<totalScore value='17595'/>
	</player>

	<enemy>
		<race value='Protoss'/>
		<unitScore value='4025'/>
		<unitScore value='4025'/>
		<killScore value='8650'/>
		<buildingScore value='4275'/>
		<razingScore value='6300'/>
		<mineralScore value='10018'/>
		<gasScore value='2296'/>
		<totalScore value='35564'/>
	</enemy>

	<scoreRatio value='0.494742'/>
	<timeFitness value='0.167361'/>
	<unitsAverage value='30'/>
</results>
