<results>
	<result value='win'/>
	<start value='2015-05-07.05:15:11'/>
	<end value='2015-05-07.05:16:09'/>
	<frames value='29328'/>
	<gameDuration value='1833'/>

	<player>
		<unitScore value='18100'/>
		<killScore value='22480'/>
		<buildingScore value='4300'/>
		<razingScore value='4635'/>
		<mineralScore value='33178'/>
		<gasScore value='2144'/>
		<totalScore value='84837'/>
	</player>

	<enemy>
		<race value='Zerg'/>
		<unitScore value='10300'/>
		<unitScore value='10300'/>
		<killScore value='13300'/>
		<buildingScore value='1545'/>
		<razingScore value='150'/>
		<mineralScore value='9442'/>
		<gasScore value='3008'/>
		<totalScore value='37745'/>
	</enemy>

	<scoreRatio value='2.24764'/>
	<timeFitness value='0.745417'/>
	<unitsAverage value='118'/>
</results>
