<results>
	<result value='loss'/>
	<start value='2015-04-29.16:12:38'/>
	<end value='2015-04-29.16:14:12'/>
	<frames value='50718'/>
	<gameDuration value='3169'/>

	<player>
		<unitScore value='24275'/>
		<killScore value='52000'/>
		<buildingScore value='3475'/>
		<razingScore value='0'/>
		<mineralScore value='24026'/>
		<gasScore value='4632'/>
		<totalScore value='108408'/>
	</player>

	<enemy>
		<race value='Protoss'/>
		<unitScore value='45925'/>
		<unitScore value='45925'/>
		<killScore value='48750'/>
		<buildingScore value='7375'/>
		<razingScore value='10425'/>
		<mineralScore value='35538'/>
		<gasScore value='13500'/>
		<totalScore value='161513'/>
	</enemy>

	<scoreRatio value='0.671203'/>
	<timeFitness value='0.440139'/>
	<unitsAverage value='87'/>
</results>
