<results>
	<result value='loss'/>
	<start value='2015-04-29.16:23:04'/>
	<end value='2015-04-29.16:23:20'/>
	<frames value='16990'/>
	<gameDuration value='1061'/>

	<player>
		<unitScore value='3950'/>
		<killScore value='1100'/>
		<buildingScore value='1200'/>
		<razingScore value='0'/>
		<mineralScore value='6058'/>
		<gasScore value='696'/>
		<totalScore value='13004'/>
	</player>

	<enemy>
		<race value='Protoss'/>
		<unitScore value='4775'/>
		<unitScore value='4775'/>
		<killScore value='7800'/>
		<buildingScore value='2825'/>
		<razingScore value='3600'/>
		<mineralScore value='8498'/>
		<gasScore value='2336'/>
		<totalScore value='29834'/>
	</enemy>

	<scoreRatio value='0.435879'/>
	<timeFitness value='0.147361'/>
	<unitsAverage value='31'/>
</results>
