<results>
	<result value='loss'/>
	<start value='2015-04-29.16:23:23'/>
	<end value='2015-04-29.16:24:57'/>
	<frames value='56608'/>
	<gameDuration value='3538'/>

	<player>
		<unitScore value='30425'/>
		<killScore value='35800'/>
		<buildingScore value='3700'/>
		<razingScore value='5550'/>
		<mineralScore value='31510'/>
		<gasScore value='6400'/>
		<totalScore value='113385'/>
	</player>

	<enemy>
		<race value='Protoss'/>
		<unitScore value='31025'/>
		<unitScore value='31025'/>
		<killScore value='60850'/>
		<buildingScore value='7725'/>
		<razingScore value='11100'/>
		<mineralScore value='31442'/>
		<gasScore value='10480'/>
		<totalScore value='152622'/>
	</enemy>

	<scoreRatio value='0.742914'/>
	<timeFitness value='0.491389'/>
	<unitsAverage value='91'/>
</results>
