<results>
	<result value='win'/>
	<start value='2014-07-07.02:55:23'/>
	<end value='2014-07-07.02:56:01'/>
	<frames value='41325'/>
	<gameDuration value='2582'/>

	<player>
		<unitScore value='22650'/>
		<killScore value='28050'/>
		<buildingScore value='4600'/>
		<razingScore value='10575'/>
		<mineralScore value='31198'/>
		<gasScore value='4160'/>
		<totalScore value='101233'/>
	</player>

	<enemy>
		<race value='Terran'/>
		<unitScore value='14025'/>
		<unitScore value='14025'/>
		<killScore value='21300'/>
		<buildingScore value='3525'/>
		<razingScore value='3075'/>
		<mineralScore value='12562'/>
		<gasScore value='5838'/>
		<totalScore value='60325'/>
	</enemy>

	<scoreRatio value='1.67813'/>
</results>
