<results>
	<result value='win'/>
	<start value='2014-07-07.02:58:05'/>
	<end value='2014-07-07.02:58:39'/>
	<frames value='35962'/>
	<gameDuration value='2247'/>

	<player>
		<unitScore value='20800'/>
		<killScore value='26000'/>
		<buildingScore value='4950'/>
		<razingScore value='9075'/>
		<mineralScore value='33238'/>
		<gasScore value='3432'/>
		<totalScore value='97495'/>
	</player>

	<enemy>
		<race value='Terran'/>
		<unitScore value='13000'/>
		<unitScore value='13000'/>
		<killScore value='19400'/>
		<buildingScore value='3025'/>
		<razingScore value='3300'/>
		<mineralScore value='12050'/>
		<gasScore value='5190'/>
		<totalScore value='55965'/>
	</enemy>

	<scoreRatio value='1.74207'/>
</results>
