<results>
	<result value='loss'/>
	<start value='2015-07-12.12:17:41'/>
	<end value='2015-07-12.12:17:52'/>
	<frames value='17672'/>
	<gameDuration value='1104'/>

	<player>
		<unitScore value='3200'/>
		<killScore value='1300'/>
		<buildingScore value='1475'/>
		<razingScore value='0'/>
		<mineralScore value='4298'/>
		<gasScore value='544'/>
		<totalScore value='10817'/>
	</player>

	<enemy>
		<race value='Terran'/>
		<unitScore value='6500'/>
		<killScore value='5950'/>
		<buildingScore value='2700'/>
		<razingScore value='4425'/>
		<mineralScore value='8122'/>
		<gasScore value='2808'/>
		<totalScore value='30505'/>
	</enemy>

	<scoreRatio value='0.354598'/>
	<timeFitness value='0.153333'/>
	<unitsAverage value='21'/>
</results>
