<results>
	<result value='win'/>
	<start value='2015-04-08.19:45:42'/>
	<end value='2015-04-08.19:45:58'/>
	<frames value='21609'/>
	<gameDuration value='1350'/>

	<player>
		<unitScore value='9775'/>
		<killScore value='3400'/>
		<buildingScore value='2325'/>
		<razingScore value='7425'/>
		<mineralScore value='13486'/>
		<gasScore value='2232'/>
		<totalScore value='38643'/>
	</player>

	<enemy>
		<race value='Protoss'/>
		<unitScore value='1900'/>
		<unitScore value='1900'/>
		<killScore value='5700'/>
		<buildingScore value='2475'/>
		<razingScore value='0'/>
		<mineralScore value='11122'/>
		<gasScore value='0'/>
		<totalScore value='21197'/>
	</enemy>

	<scoreRatio value='1.82304'/>
</results>
