<results>
	<result value='draw'/>
	<start value='2015-04-07.21:25:46'/>
	<end value='2015-04-07.21:27:36'/>
	<frames value='57601'/>
	<gameDuration value='3600'/>

	<player>
		<unitScore value='32100'/>
		<killScore value='61700'/>
		<buildingScore value='3800'/>
		<razingScore value='0'/>
		<mineralScore value='31470'/>
		<gasScore value='10250'/>
		<totalScore value='139320'/>
	</player>

	<enemy>
		<race value='Protoss'/>
		<unitScore value='43000'/>
		<unitScore value='43000'/>
		<killScore value='45800'/>
		<buildingScore value='6350'/>
		<razingScore value='3450'/>
		<mineralScore value='31550'/>
		<gasScore value='12136'/>
		<totalScore value='142286'/>
	</enemy>

	<scoreRatio value='0.979155'/>
</results>
