<results>
	<result value='loss'/>
	<start value='2015-05-10.05:01:45'/>
	<end value='2015-05-10.05:01:59'/>
	<frames value='27561'/>
	<gameDuration value='1722'/>

	<player>
		<unitScore value='2800'/>
		<killScore value='2400'/>
		<buildingScore value='1500'/>
		<razingScore value='0'/>
		<mineralScore value='4314'/>
		<gasScore value='1256'/>
		<totalScore value='12270'/>
	</player>

	<enemy>
		<race value='Protoss'/>
		<unitScore value='12950'/>
		<unitScore value='12950'/>
		<killScore value='5600'/>
		<buildingScore value='6925'/>
		<razingScore value='4500'/>
		<mineralScore value='17234'/>
		<gasScore value='6768'/>
		<totalScore value='53977'/>
	</enemy>

	<scoreRatio value='0.227319'/>
	<timeFitness value='0.239167'/>
	<unitsAverage value='18'/>
</results>
