<results>
	<result value='loss'/>
	<start value='2015-07-08.19:27:17'/>
	<end value='2015-07-08.19:27:43'/>
	<frames value='22477'/>
	<gameDuration value='1404'/>

	<player>
		<unitScore value='10150'/>
		<killScore value='4100'/>
		<buildingScore value='2600'/>
		<razingScore value='0'/>
		<mineralScore value='10266'/>
		<gasScore value='1744'/>
		<totalScore value='28860'/>
	</player>

	<enemy>
		<race value='Terran'/>
		<unitScore value='9850'/>
		<killScore value='19500'/>
		<buildingScore value='3550'/>
		<razingScore value='7800'/>
		<mineralScore value='10986'/>
		<gasScore value='4776'/>
		<totalScore value='56462'/>
	</enemy>

	<scoreRatio value='0.51114'/>
	<timeFitness value='0.195'/>
	<unitsAverage value='37'/>
</results>
