<results>
	<result value='loss'/>
	<start value='2015-07-08.20:02:42'/>
	<end value='2015-07-08.20:03:08'/>
	<frames value='22818'/>
	<gameDuration value='1426'/>

	<player>
		<unitScore value='8650'/>
		<killScore value='3950'/>
		<buildingScore value='2200'/>
		<razingScore value='150'/>
		<mineralScore value='9402'/>
		<gasScore value='1504'/>
		<totalScore value='25856'/>
	</player>

	<enemy>
		<race value='Terran'/>
		<unitScore value='9300'/>
		<killScore value='17300'/>
		<buildingScore value='3450'/>
		<razingScore value='6600'/>
		<mineralScore value='11258'/>
		<gasScore value='4544'/>
		<totalScore value='52452'/>
	</enemy>

	<scoreRatio value='0.492946'/>
	<timeFitness value='0.198056'/>
	<unitsAverage value='38'/>
</results>
