<results>
	<result value='win'/>
	<start value='2015-05-02.21:40:52'/>
	<end value='2015-05-02.21:42:04'/>
	<frames value='39341'/>
	<gameDuration value='2458'/>

	<player>
		<unitScore value='22025'/>
		<killScore value='30800'/>
		<buildingScore value='3625'/>
		<razingScore value='21300'/>
		<mineralScore value='27026'/>
		<gasScore value='4000'/>
		<totalScore value='108776'/>
	</player>

	<enemy>
		<race value='Protoss'/>
		<unitScore value='16300'/>
		<unitScore value='16300'/>
		<killScore value='21200'/>
		<buildingScore value='7100'/>
		<razingScore value='0'/>
		<mineralScore value='21434'/>
		<gasScore value='6576'/>
		<totalScore value='72610'/>
	</enemy>

	<scoreRatio value='1.49809'/>
	<timeFitness value='0.658611'/>
	<unitsAverage value='100'/>
</results>
