<results>
	<result value='loss'/>
	<start value='2015-04-09.03:46:29'/>
	<end value='2015-04-09.03:46:39'/>
	<frames value='19780'/>
	<gameDuration value='1236'/>

	<player>
		<unitScore value='4350'/>
		<killScore value='1600'/>
		<buildingScore value='1725'/>
		<razingScore value='0'/>
		<mineralScore value='6418'/>
		<gasScore value='720'/>
		<totalScore value='14813'/>
	</player>

	<enemy>
		<race value='Protoss'/>
		<unitScore value='5100'/>
		<unitScore value='5100'/>
		<killScore value='8950'/>
		<buildingScore value='5225'/>
		<razingScore value='5175'/>
		<mineralScore value='11530'/>
		<gasScore value='2424'/>
		<totalScore value='38404'/>
	</enemy>

	<scoreRatio value='0.385715'/>
</results>
