<results>
	<result value='win'/>
	<start value='2015-05-03.04:28:47'/>
	<end value='2015-05-03.04:30:25'/>
	<frames value='47804'/>
	<gameDuration value='2987'/>

	<player>
		<unitScore value='30100'/>
		<killScore value='52150'/>
		<buildingScore value='4400'/>
		<razingScore value='19425'/>
		<mineralScore value='36890'/>
		<gasScore value='4914'/>
		<totalScore value='147879'/>
	</player>

	<enemy>
		<race value='Protoss'/>
		<unitScore value='27875'/>
		<unitScore value='27875'/>
		<killScore value='36750'/>
		<buildingScore value='6475'/>
		<razingScore value='300'/>
		<mineralScore value='24994'/>
		<gasScore value='7734'/>
		<totalScore value='104128'/>
	</enemy>

	<scoreRatio value='1.42017'/>
	<timeFitness value='0.585139'/>
	<unitsAverage value='132'/>
</results>
