<results>
	<result value='loss'/>
	<start value='2015-05-03.04:27:32'/>
	<end value='2015-05-03.04:28:42'/>
	<frames value='49819'/>
	<gameDuration value='3113'/>

	<player>
		<unitScore value='20925'/>
		<killScore value='26950'/>
		<buildingScore value='3250'/>
		<razingScore value='6150'/>
		<mineralScore value='25534'/>
		<gasScore value='1256'/>
		<totalScore value='84065'/>
	</player>

	<enemy>
		<race value='Protoss'/>
		<unitScore value='23275'/>
		<unitScore value='23275'/>
		<killScore value='42050'/>
		<buildingScore value='8775'/>
		<razingScore value='9750'/>
		<mineralScore value='26358'/>
		<gasScore value='8682'/>
		<totalScore value='118890'/>
	</enemy>

	<scoreRatio value='0.707082'/>
	<timeFitness value='0.432361'/>
	<unitsAverage value='74'/>
</results>
