<results>
	<result value='loss'/>
	<start value='2015-05-03.05:00:21'/>
	<end value='2015-05-03.05:00:33'/>
	<frames value='15595'/>
	<gameDuration value='974'/>

	<player>
		<unitScore value='3075'/>
		<killScore value='800'/>
		<buildingScore value='1400'/>
		<razingScore value='0'/>
		<mineralScore value='4658'/>
		<gasScore value='592'/>
		<totalScore value='10525'/>
	</player>

	<enemy>
		<race value='Protoss'/>
		<unitScore value='3550'/>
		<unitScore value='3550'/>
		<killScore value='6050'/>
		<buildingScore value='3125'/>
		<razingScore value='4200'/>
		<mineralScore value='8050'/>
		<gasScore value='1456'/>
		<totalScore value='26431'/>
	</enemy>

	<scoreRatio value='0.398207'/>
	<timeFitness value='0.135278'/>
	<unitsAverage value='22'/>
</results>
