<results>
	<result value='loss'/>
	<start value='2015-05-10.11:40:46'/>
	<end value='2015-05-10.11:40:56'/>
	<frames value='17641'/>
	<gameDuration value='1102'/>

	<player>
		<unitScore value='3125'/>
		<killScore value='1200'/>
		<buildingScore value='1600'/>
		<razingScore value='0'/>
		<mineralScore value='4730'/>
		<gasScore value='688'/>
		<totalScore value='11343'/>
	</player>

	<enemy>
		<race value='Protoss'/>
		<unitScore value='4175'/>
		<unitScore value='4175'/>
		<killScore value='6250'/>
		<buildingScore value='4275'/>
		<razingScore value='4800'/>
		<mineralScore value='9938'/>
		<gasScore value='1968'/>
		<totalScore value='31406'/>
	</enemy>

	<scoreRatio value='0.361173'/>
	<timeFitness value='0.153056'/>
	<unitsAverage value='21'/>
</results>
