<results>
	<result value='loss'/>
	<start value='2015-05-10.12:11:27'/>
	<end value='2015-05-10.12:12:23'/>
	<frames value='47680'/>
	<gameDuration value='2980'/>

	<player>
		<unitScore value='24125'/>
		<killScore value='33800'/>
		<buildingScore value='2400'/>
		<razingScore value='3600'/>
		<mineralScore value='23954'/>
		<gasScore value='4908'/>
		<totalScore value='92787'/>
	</player>

	<enemy>
		<race value='Protoss'/>
		<unitScore value='36500'/>
		<unitScore value='36500'/>
		<killScore value='48350'/>
		<buildingScore value='8675'/>
		<razingScore value='7200'/>
		<mineralScore value='33526'/>
		<gasScore value='12480'/>
		<totalScore value='146731'/>
	</enemy>

	<scoreRatio value='0.632361'/>
	<timeFitness value='0.413889'/>
	<unitsAverage value='78'/>
</results>
