<results>
	<result value='draw'/>
	<start value='2015-05-10.12:18:02'/>
	<end value='2015-05-10.12:20:04'/>
	<frames value='57601'/>
	<gameDuration value='3600'/>

	<player>
		<unitScore value='32650'/>
		<killScore value='62450'/>
		<buildingScore value='3475'/>
		<razingScore value='12075'/>
		<mineralScore value='32834'/>
		<gasScore value='7016'/>
		<totalScore value='150500'/>
	</player>

	<enemy>
		<race value='Protoss'/>
		<unitScore value='32500'/>
		<unitScore value='32500'/>
		<killScore value='55250'/>
		<buildingScore value='6100'/>
		<razingScore value='0'/>
		<mineralScore value='30022'/>
		<gasScore value='10210'/>
		<totalScore value='134082'/>
	</enemy>

	<scoreRatio value='1.12245'/>
	<timeFitness value='0.5'/>
	<unitsAverage value='141'/>
</results>
