<results>
	<result value='loss'/>
	<start value='2015-05-10.12:25:17'/>
	<end value='2015-05-10.12:25:26'/>
	<frames value='16122'/>
	<gameDuration value='1007'/>

	<player>
		<unitScore value='4100'/>
		<killScore value='600'/>
		<buildingScore value='1750'/>
		<razingScore value='0'/>
		<mineralScore value='5882'/>
		<gasScore value='0'/>
		<totalScore value='12332'/>
	</player>

	<enemy>
		<race value='Protoss'/>
		<unitScore value='3650'/>
		<unitScore value='3650'/>
		<killScore value='7900'/>
		<buildingScore value='3475'/>
		<razingScore value='5250'/>
		<mineralScore value='8546'/>
		<gasScore value='1408'/>
		<totalScore value='30229'/>
	</enemy>

	<scoreRatio value='0.407953'/>
	<timeFitness value='0.139861'/>
	<unitsAverage value='24'/>
</results>
