<results>
	<result value='win'/>
	<start value='2015-05-10.12:29:49'/>
	<end value='2015-05-10.12:30:21'/>
	<frames value='28150'/>
	<gameDuration value='1759'/>

	<player>
		<unitScore value='13350'/>
		<killScore value='10600'/>
		<buildingScore value='3725'/>
		<razingScore value='10275'/>
		<mineralScore value='22102'/>
		<gasScore value='2960'/>
		<totalScore value='63012'/>
	</player>

	<enemy>
		<race value='Protoss'/>
		<unitScore value='5300'/>
		<unitScore value='5300'/>
		<killScore value='8000'/>
		<buildingScore value='3425'/>
		<razingScore value='150'/>
		<mineralScore value='10386'/>
		<gasScore value='2736'/>
		<totalScore value='29997'/>
	</enemy>

	<scoreRatio value='2.10061'/>
	<timeFitness value='0.755694'/>
	<unitsAverage value='77'/>
</results>
