<results>
	<result value='loss'/>
	<start value='2015-05-09.08:42:14'/>
	<end value='2015-05-09.08:42:25'/>
	<frames value='22663'/>
	<gameDuration value='1416'/>

	<player>
		<unitScore value='9125'/>
		<killScore value='3700'/>
		<buildingScore value='2675'/>
		<razingScore value='0'/>
		<mineralScore value='12266'/>
		<gasScore value='1072'/>
		<totalScore value='28838'/>
	</player>

	<enemy>
		<race value='Terran'/>
		<unitScore value='9475'/>
		<unitScore value='9475'/>
		<killScore value='18250'/>
		<buildingScore value='3550'/>
		<razingScore value='8025'/>
		<mineralScore value='11178'/>
		<gasScore value='4728'/>
		<totalScore value='55206'/>
	</enemy>

	<scoreRatio value='0.522371'/>
	<timeFitness value='0.196667'/>
	<unitsAverage value='37'/>
</results>
