<results>
	<result value='win'/>
	<start value='2015-05-09.08:48:28'/>
	<end value='2015-05-09.08:48:45'/>
	<frames value='28832'/>
	<gameDuration value='1802'/>

	<player>
		<unitScore value='12625'/>
		<killScore value='22000'/>
		<buildingScore value='3075'/>
		<razingScore value='8700'/>
		<mineralScore value='16298'/>
		<gasScore value='3312'/>
		<totalScore value='66010'/>
	</player>

	<enemy>
		<race value='Terran'/>
		<unitScore value='11000'/>
		<unitScore value='11000'/>
		<killScore value='12450'/>
		<buildingScore value='2900'/>
		<razingScore value='1950'/>
		<mineralScore value='10258'/>
		<gasScore value='3704'/>
		<totalScore value='42262'/>
	</enemy>

	<scoreRatio value='1.56192'/>
	<timeFitness value='0.749722'/>
	<unitsAverage value='63'/>
</results>
