<results>
	<result value='win'/>
	<start value='2015-05-10.06:37:51'/>
	<end value='2015-05-10.06:38:31'/>
	<frames value='28801'/>
	<gameDuration value='1800'/>

	<player>
		<unitScore value='15575'/>
		<killScore value='15100'/>
		<buildingScore value='3650'/>
		<razingScore value='18150'/>
		<mineralScore value='20826'/>
		<gasScore value='2912'/>
		<totalScore value='76213'/>
	</player>

	<enemy>
		<race value='Protoss'/>
		<unitScore value='7550'/>
		<unitScore value='7550'/>
		<killScore value='11400'/>
		<buildingScore value='6050'/>
		<razingScore value='150'/>
		<mineralScore value='15906'/>
		<gasScore value='3472'/>
		<totalScore value='44528'/>
	</enemy>

	<scoreRatio value='1.71157'/>
	<timeFitness value='0.75'/>
	<unitsAverage value='84'/>
</results>
