<results>
	<result value='draw'/>
	<start value='2015-04-12.07:30:45'/>
	<end value='2015-04-12.07:32:31'/>
	<frames value='57601'/>
	<gameDuration value='3600'/>

	<player>
		<unitScore value='29950'/>
		<killScore value='42300'/>
		<buildingScore value='3375'/>
		<razingScore value='13125'/>
		<mineralScore value='32010'/>
		<gasScore value='4856'/>
		<totalScore value='125616'/>
	</player>

	<enemy>
		<race value='Protoss'/>
		<unitScore value='23450'/>
		<unitScore value='23450'/>
		<killScore value='52650'/>
		<buildingScore value='7275'/>
		<razingScore value='300'/>
		<mineralScore value='24330'/>
		<gasScore value='7562'/>
		<totalScore value='115567'/>
	</enemy>

	<scoreRatio value='1.08695'/>
</results>
