<results>
	<result value='loss'/>
	<start value='2015-05-02.15:22:13'/>
	<end value='2015-05-02.15:22:22'/>
	<frames value='16339'/>
	<gameDuration value='1021'/>

	<player>
		<unitScore value='3875'/>
		<killScore value='800'/>
		<buildingScore value='1550'/>
		<razingScore value='0'/>
		<mineralScore value='5626'/>
		<gasScore value='488'/>
		<totalScore value='12339'/>
	</player>

	<enemy>
		<race value='Protoss'/>
		<unitScore value='3600'/>
		<unitScore value='3600'/>
		<killScore value='7750'/>
		<buildingScore value='3975'/>
		<razingScore value='4650'/>
		<mineralScore value='8602'/>
		<gasScore value='1608'/>
		<totalScore value='30185'/>
	</enemy>

	<scoreRatio value='0.408779'/>
	<timeFitness value='0.141806'/>
	<unitsAverage value='23'/>
</results>
