<results>
	<result value='win'/>
	<start value='2015-05-02.15:30:36'/>
	<end value='2015-05-02.15:31:10'/>
	<frames value='27220'/>
	<gameDuration value='1701'/>

	<player>
		<unitScore value='17800'/>
		<killScore value='15300'/>
		<buildingScore value='4525'/>
		<razingScore value='13650'/>
		<mineralScore value='22922'/>
		<gasScore value='2696'/>
		<totalScore value='76893'/>
	</player>

	<enemy>
		<race value='Protoss'/>
		<unitScore value='7650'/>
		<unitScore value='7650'/>
		<killScore value='13200'/>
		<buildingScore value='4550'/>
		<razingScore value='0'/>
		<mineralScore value='18402'/>
		<gasScore value='976'/>
		<totalScore value='44778'/>
	</enemy>

	<scoreRatio value='1.7172'/>
	<timeFitness value='0.76375'/>
	<unitsAverage value='96'/>
</results>
