<results>
	<result value='win'/>
	<start value='2015-05-08.15:35:27'/>
	<end value='2015-05-08.15:36:00'/>
	<frames value='24058'/>
	<gameDuration value='1503'/>

	<player>
		<unitScore value='10000'/>
		<killScore value='16350'/>
		<buildingScore value='3925'/>
		<razingScore value='7725'/>
		<mineralScore value='16726'/>
		<gasScore value='2336'/>
		<totalScore value='57062'/>
	</player>

	<enemy>
		<race value='Terran'/>
		<unitScore value='8175'/>
		<unitScore value='8175'/>
		<killScore value='5550'/>
		<buildingScore value='2575'/>
		<razingScore value='1350'/>
		<mineralScore value='9770'/>
		<gasScore value='3352'/>
		<totalScore value='30772'/>
	</enemy>

	<scoreRatio value='1.85435'/>
	<timeFitness value='0.79125'/>
	<unitsAverage value='70'/>
</results>
