<results>
	<result value='win'/>
	<start value='2015-05-08.15:55:02'/>
	<end value='2015-05-08.15:55:47'/>
	<frames value='32118'/>
	<gameDuration value='2007'/>

	<player>
		<unitScore value='14150'/>
		<killScore value='28600'/>
		<buildingScore value='3650'/>
		<razingScore value='10500'/>
		<mineralScore value='19434'/>
		<gasScore value='4304'/>
		<totalScore value='80638'/>
	</player>

	<enemy>
		<race value='Terran'/>
		<unitScore value='15900'/>
		<unitScore value='15900'/>
		<killScore value='13750'/>
		<buildingScore value='3500'/>
		<razingScore value='2100'/>
		<mineralScore value='13646'/>
		<gasScore value='6112'/>
		<totalScore value='55008'/>
	</enemy>

	<scoreRatio value='1.46593'/>
	<timeFitness value='0.72125'/>
	<unitsAverage value='74'/>
</results>
