<results>
	<result value='win'/>
	<start value='2015-05-06.11:19:47'/>
	<end value='2015-05-06.11:20:14'/>
	<frames value='28026'/>
	<gameDuration value='1751'/>

	<player>
		<unitScore value='13900'/>
		<killScore value='12600'/>
		<buildingScore value='4200'/>
		<razingScore value='10050'/>
		<mineralScore value='21878'/>
		<gasScore value='2336'/>
		<totalScore value='64964'/>
	</player>

	<enemy>
		<race value='Protoss'/>
		<unitScore value='6300'/>
		<unitScore value='6300'/>
		<killScore value='7800'/>
		<buildingScore value='3350'/>
		<razingScore value='150'/>
		<mineralScore value='11842'/>
		<gasScore value='2616'/>
		<totalScore value='32058'/>
	</enemy>

	<scoreRatio value='2.02645'/>
	<timeFitness value='0.756806'/>
	<unitsAverage value='81'/>
</results>
