<results>
	<result value='draw'/>
	<start value='2015-05-06.11:22:35'/>
	<end value='2015-05-06.11:23:30'/>
	<frames value='57601'/>
	<gameDuration value='3600'/>

	<player>
		<unitScore value='24400'/>
		<killScore value='31000'/>
		<buildingScore value='3625'/>
		<razingScore value='6600'/>
		<mineralScore value='26546'/>
		<gasScore value='7862'/>
		<totalScore value='100033'/>
	</player>

	<enemy>
		<race value='Protoss'/>
		<unitScore value='22125'/>
		<unitScore value='22125'/>
		<killScore value='46050'/>
		<buildingScore value='8200'/>
		<razingScore value='2775'/>
		<mineralScore value='34634'/>
		<gasScore value='6226'/>
		<totalScore value='120010'/>
	</enemy>

	<scoreRatio value='0.833539'/>
	<timeFitness value='0.5'/>
	<unitsAverage value='88'/>
</results>
