<results>
	<result value='loss'/>
	<start value='2015-05-06.11:24:11'/>
	<end value='2015-05-06.11:24:21'/>
	<frames value='18447'/>
	<gameDuration value='1152'/>

	<player>
		<unitScore value='3825'/>
		<killScore value='3800'/>
		<buildingScore value='1650'/>
		<razingScore value='0'/>
		<mineralScore value='5410'/>
		<gasScore value='1104'/>
		<totalScore value='15789'/>
	</player>

	<enemy>
		<race value='Protoss'/>
		<unitScore value='4750'/>
		<unitScore value='4750'/>
		<killScore value='5800'/>
		<buildingScore value='4375'/>
		<razingScore value='4725'/>
		<mineralScore value='10530'/>
		<gasScore value='2120'/>
		<totalScore value='32300'/>
	</enemy>

	<scoreRatio value='0.488824'/>
	<timeFitness value='0.16'/>
	<unitsAverage value='28'/>
</results>
