<results>
	<result value='loss'/>
	<start value='2015-04-07.20:53:10'/>
	<end value='2015-04-07.20:53:18'/>
	<frames value='16122'/>
	<gameDuration value='1007'/>

	<player>
		<unitScore value='3600'/>
		<killScore value='200'/>
		<buildingScore value='1475'/>
		<razingScore value='0'/>
		<mineralScore value='5034'/>
		<gasScore value='888'/>
		<totalScore value='11197'/>
	</player>

	<enemy>
		<race value='Protoss'/>
		<unitScore value='3600'/>
		<unitScore value='3600'/>
		<killScore value='7200'/>
		<buildingScore value='3575'/>
		<razingScore value='4425'/>
		<mineralScore value='8482'/>
		<gasScore value='1592'/>
		<totalScore value='28874'/>
	</enemy>

	<scoreRatio value='0.387788'/>
</results>
