<results>
	<result value='loss'/>
	<start value='2015-04-10.19:18:17'/>
	<end value='2015-04-10.19:19:10'/>
	<frames value='53818'/>
	<gameDuration value='3363'/>

	<player>
		<unitScore value='22175'/>
		<killScore value='38400'/>
		<buildingScore value='2250'/>
		<razingScore value='3900'/>
		<mineralScore value='23962'/>
		<gasScore value='5160'/>
		<totalScore value='95847'/>
	</player>

	<enemy>
		<race value='Protoss'/>
		<unitScore value='39690'/>
		<unitScore value='39690'/>
		<killScore value='44350'/>
		<buildingScore value='8025'/>
		<razingScore value='6750'/>
		<mineralScore value='36742'/>
		<gasScore value='14020'/>
		<totalScore value='149577'/>
	</enemy>

	<scoreRatio value='0.640787'/>
</results>
