<results>
	<result value='loss'/>
	<start value='2015-05-10.20:23:56'/>
	<end value='2015-05-10.20:24:06'/>
	<frames value='14913'/>
	<gameDuration value='932'/>

	<player>
		<unitScore value='3025'/>
		<killScore value='200'/>
		<buildingScore value='1600'/>
		<razingScore value='0'/>
		<mineralScore value='4818'/>
		<gasScore value='848'/>
		<totalScore value='10491'/>
	</player>

	<enemy>
		<race value='Protoss'/>
		<unitScore value='3550'/>
		<unitScore value='3550'/>
		<killScore value='6050'/>
		<buildingScore value='2875'/>
		<razingScore value='4800'/>
		<mineralScore value='7786'/>
		<gasScore value='1400'/>
		<totalScore value='26461'/>
	</enemy>

	<scoreRatio value='0.39647'/>
	<timeFitness value='0.129444'/>
	<unitsAverage value='22'/>
</results>
