<results>
	<result value='draw'/>
	<start value='2015-05-10.20:31:39'/>
	<end value='2015-05-10.20:33:37'/>
	<frames value='57601'/>
	<gameDuration value='3600'/>

	<player>
		<unitScore value='30675'/>
		<killScore value='47900'/>
		<buildingScore value='3125'/>
		<razingScore value='600'/>
		<mineralScore value='31406'/>
		<gasScore value='9376'/>
		<totalScore value='123082'/>
	</player>

	<enemy>
		<race value='Protoss'/>
		<unitScore value='36700'/>
		<unitScore value='36700'/>
		<killScore value='48850'/>
		<buildingScore value='6600'/>
		<razingScore value='750'/>
		<mineralScore value='31550'/>
		<gasScore value='11758'/>
		<totalScore value='136208'/>
	</enemy>

	<scoreRatio value='0.903633'/>
	<timeFitness value='0.5'/>
	<unitsAverage value='120'/>
</results>
