<results>
	<result value='loss'/>
	<start value='2015-05-01.19:03:08'/>
	<end value='2015-05-01.19:03:25'/>
	<frames value='28243'/>
	<gameDuration value='1765'/>

	<player>
		<unitScore value='5900'/>
		<killScore value='2700'/>
		<buildingScore value='1650'/>
		<razingScore value='0'/>
		<mineralScore value='10338'/>
		<gasScore value='864'/>
		<totalScore value='21452'/>
	</player>

	<enemy>
		<race value='Protoss'/>
		<unitScore value='11550'/>
		<unitScore value='11550'/>
		<killScore value='11800'/>
		<buildingScore value='6875'/>
		<razingScore value='4950'/>
		<mineralScore value='17078'/>
		<gasScore value='6528'/>
		<totalScore value='58781'/>
	</enemy>

	<scoreRatio value='0.364948'/>
	<timeFitness value='0.245139'/>
	<unitsAverage value='27'/>
</results>
