<results>
	<result value='win'/>
	<start value='2015-05-01.19:15:39'/>
	<end value='2015-05-01.19:17:16'/>
	<frames value='55771'/>
	<gameDuration value='3485'/>

	<player>
		<unitScore value='36775'/>
		<killScore value='52500'/>
		<buildingScore value='4250'/>
		<razingScore value='18825'/>
		<mineralScore value='37046'/>
		<gasScore value='8510'/>
		<totalScore value='157906'/>
	</player>

	<enemy>
		<race value='Protoss'/>
		<unitScore value='29075'/>
		<unitScore value='29075'/>
		<killScore value='47900'/>
		<buildingScore value='6275'/>
		<razingScore value='1575'/>
		<mineralScore value='25714'/>
		<gasScore value='8750'/>
		<totalScore value='119289'/>
	</enemy>

	<scoreRatio value='1.32373'/>
	<timeFitness value='0.515972'/>
	<unitsAverage value='128'/>
</results>
