<results>
	<result value='loss'/>
	<start value='2015-05-01.19:22:37'/>
	<end value='2015-05-01.19:23:24'/>
	<frames value='42193'/>
	<gameDuration value='2637'/>

	<player>
		<unitScore value='24600'/>
		<killScore value='27700'/>
		<buildingScore value='2775'/>
		<razingScore value='1875'/>
		<mineralScore value='26910'/>
		<gasScore value='3456'/>
		<totalScore value='87316'/>
	</player>

	<enemy>
		<race value='Protoss'/>
		<unitScore value='27200'/>
		<unitScore value='27200'/>
		<killScore value='49200'/>
		<buildingScore value='8350'/>
		<razingScore value='8325'/>
		<mineralScore value='29730'/>
		<gasScore value='8776'/>
		<totalScore value='131581'/>
	</enemy>

	<scoreRatio value='0.663591'/>
	<timeFitness value='0.36625'/>
	<unitsAverage value='78'/>
</results>
