<results>
	<result value='win'/>
	<start value='2015-05-09.06:35:46'/>
	<end value='2015-05-09.06:36:06'/>
	<frames value='23903'/>
	<gameDuration value='1493'/>

	<player>
		<unitScore value='10525'/>
		<killScore value='12950'/>
		<buildingScore value='3700'/>
		<razingScore value='6600'/>
		<mineralScore value='16146'/>
		<gasScore value='1656'/>
		<totalScore value='51577'/>
	</player>

	<enemy>
		<race value='Terran'/>
		<unitScore value='6525'/>
		<unitScore value='6525'/>
		<killScore value='3500'/>
		<buildingScore value='2200'/>
		<razingScore value='150'/>
		<mineralScore value='8522'/>
		<gasScore value='2752'/>
		<totalScore value='23649'/>
	</enemy>

	<scoreRatio value='2.18094'/>
	<timeFitness value='0.792639'/>
	<unitsAverage value='71'/>
</results>
