<results>
	<result value='win'/>
	<start value='2015-05-05.11:04:27'/>
	<end value='2015-05-05.11:04:54'/>
	<frames value='25205'/>
	<gameDuration value='1575'/>

	<player>
		<unitScore value='11400'/>
		<killScore value='21650'/>
		<buildingScore value='3550'/>
		<razingScore value='8775'/>
		<mineralScore value='16834'/>
		<gasScore value='2296'/>
		<totalScore value='64505'/>
	</player>

	<enemy>
		<race value='Terran'/>
		<unitScore value='11625'/>
		<unitScore value='11625'/>
		<killScore value='7200'/>
		<buildingScore value='2925'/>
		<razingScore value='1950'/>
		<mineralScore value='11554'/>
		<gasScore value='4736'/>
		<totalScore value='39990'/>
	</enemy>

	<scoreRatio value='1.61303'/>
	<timeFitness value='0.78125'/>
	<unitsAverage value='67'/>
</results>
