<results>
	<result value='win'/>
	<start value='2015-05-09.10:44:12'/>
	<end value='2015-05-09.10:44:31'/>
	<frames value='22105'/>
	<gameDuration value='1381'/>

	<player>
		<unitScore value='10925'/>
		<killScore value='18270'/>
		<buildingScore value='2900'/>
		<razingScore value='4560'/>
		<mineralScore value='15274'/>
		<gasScore value='2200'/>
		<totalScore value='54129'/>
	</player>

	<enemy>
		<race value='Zerg'/>
		<unitScore value='8300'/>
		<unitScore value='8300'/>
		<killScore value='9200'/>
		<buildingScore value='1520'/>
		<razingScore value='0'/>
		<mineralScore value='8218'/>
		<gasScore value='2344'/>
		<totalScore value='29582'/>
	</enemy>

	<scoreRatio value='1.8298'/>
	<timeFitness value='0.808194'/>
	<unitsAverage value='64'/>
</results>
