<results>
	<result value='win'/>
	<start value='2015-05-09.11:00:13'/>
	<end value='2015-05-09.11:00:31'/>
	<frames value='21950'/>
	<gameDuration value='1371'/>

	<player>
		<unitScore value='10725'/>
		<killScore value='21570'/>
		<buildingScore value='2375'/>
		<razingScore value='4560'/>
		<mineralScore value='13674'/>
		<gasScore value='1544'/>
		<totalScore value='54448'/>
	</player>

	<enemy>
		<race value='Zerg'/>
		<unitScore value='9550'/>
		<unitScore value='9550'/>
		<killScore value='10150'/>
		<buildingScore value='1520'/>
		<razingScore value='0'/>
		<mineralScore value='8242'/>
		<gasScore value='2376'/>
		<totalScore value='31838'/>
	</enemy>

	<scoreRatio value='1.71016'/>
	<timeFitness value='0.809583'/>
	<unitsAverage value='59'/>
</results>
