<results>
	<result value='win'/>
	<start value='2015-05-09.11:00:34'/>
	<end value='2015-05-09.11:00:54'/>
	<frames value='23283'/>
	<gameDuration value='1455'/>

	<player>
		<unitScore value='12725'/>
		<killScore value='15660'/>
		<buildingScore value='3075'/>
		<razingScore value='6360'/>
		<mineralScore value='17382'/>
		<gasScore value='1544'/>
		<totalScore value='56746'/>
	</player>

	<enemy>
		<race value='Zerg'/>
		<unitScore value='7500'/>
		<unitScore value='7500'/>
		<killScore value='10900'/>
		<buildingScore value='2120'/>
		<razingScore value='0'/>
		<mineralScore value='8274'/>
		<gasScore value='2640'/>
		<totalScore value='31434'/>
	</enemy>

	<scoreRatio value='1.80524'/>
	<timeFitness value='0.797917'/>
	<unitsAverage value='70'/>
</results>
