<results>
	<result value='loss'/>
	<start value='2015-05-09.11:07:32'/>
	<end value='2015-05-09.11:07:36'/>
	<frames value='8124'/>
	<gameDuration value='507'/>

	<player>
		<unitScore value='1100'/>
		<killScore value='150'/>
		<buildingScore value='625'/>
		<razingScore value='0'/>
		<mineralScore value='1530'/>
		<gasScore value='96'/>
		<totalScore value='3501'/>
	</player>

	<enemy>
		<race value='Zerg'/>
		<unitScore value='1400'/>
		<unitScore value='1400'/>
		<killScore value='2200'/>
		<buildingScore value='820'/>
		<razingScore value='1875'/>
		<mineralScore value='2338'/>
		<gasScore value='112'/>
		<totalScore value='8745'/>
	</enemy>

	<scoreRatio value='0.400343'/>
	<timeFitness value='0.0704167'/>
	<unitsAverage value='10'/>
</results>
