<results>
	<result value='win'/>
	<start value='2015-05-09.11:08:42'/>
	<end value='2015-05-09.11:09:02'/>
	<frames value='22756'/>
	<gameDuration value='1422'/>

	<player>
		<unitScore value='11050'/>
		<killScore value='15080'/>
		<buildingScore value='3075'/>
		<razingScore value='5580'/>
		<mineralScore value='16378'/>
		<gasScore value='1416'/>
		<totalScore value='52579'/>
	</player>

	<enemy>
		<race value='Zerg'/>
		<unitScore value='7400'/>
		<unitScore value='7400'/>
		<killScore value='8300'/>
		<buildingScore value='1860'/>
		<razingScore value='0'/>
		<mineralScore value='8194'/>
		<gasScore value='2608'/>
		<totalScore value='28362'/>
	</enemy>

	<scoreRatio value='1.85385'/>
	<timeFitness value='0.8025'/>
	<unitsAverage value='70'/>
</results>
