<results>
	<result value='win'/>
	<start value='2015-05-08.17:42:54'/>
	<end value='2015-05-08.17:43:28'/>
	<frames value='27561'/>
	<gameDuration value='1722'/>

	<player>
		<unitScore value='14900'/>
		<killScore value='22800'/>
		<buildingScore value='3300'/>
		<razingScore value='9150'/>
		<mineralScore value='19806'/>
		<gasScore value='1928'/>
		<totalScore value='71884'/>
	</player>

	<enemy>
		<race value='Terran'/>
		<unitScore value='11400'/>
		<unitScore value='11400'/>
		<killScore value='13300'/>
		<buildingScore value='3050'/>
		<razingScore value='300'/>
		<mineralScore value='10714'/>
		<gasScore value='4536'/>
		<totalScore value='43300'/>
	</enemy>

	<scoreRatio value='1.66014'/>
	<timeFitness value='0.760833'/>
	<unitsAverage value='72'/>
</results>
