<results>
	<result value='loss'/>
	<start value='2014-07-24.03:46:53'/>
	<end value='2014-07-24.03:47:01'/>
	<frames value='17393'/>
	<gameDuration value='1087'/>

	<player>
		<unitScore value='3700'/>
		<killScore value='1150'/>
		<buildingScore value='1650'/>
		<razingScore value='0'/>
		<mineralScore value='5362'/>
		<gasScore value='688'/>
		<totalScore value='12550'/>
	</player>

	<enemy>
		<race value='Terran'/>
		<unitScore value='6400'/>
		<unitScore value='6400'/>
		<killScore value='7400'/>
		<buildingScore value='2700'/>
		<razingScore value='4950'/>
		<mineralScore value='7986'/>
		<gasScore value='2768'/>
		<totalScore value='32204'/>
	</enemy>

	<scoreRatio value='0.389703'/>
</results>
