<results>
	<result value='win'/>
	<start value='2015-05-08.05:17:31'/>
	<end value='2015-05-08.05:18:03'/>
	<frames value='30847'/>
	<gameDuration value='1927'/>

	<player>
		<unitScore value='20050'/>
		<killScore value='27710'/>
		<buildingScore value='4175'/>
		<razingScore value='9495'/>
		<mineralScore value='25418'/>
		<gasScore value='2768'/>
		<totalScore value='89616'/>
	</player>

	<enemy>
		<race value='Zerg'/>
		<unitScore value='12775'/>
		<unitScore value='12775'/>
		<killScore value='19800'/>
		<buildingScore value='3165'/>
		<razingScore value='1950'/>
		<mineralScore value='13930'/>
		<gasScore value='4752'/>
		<totalScore value='56372'/>
	</enemy>

	<scoreRatio value='1.58973'/>
	<timeFitness value='0.732361'/>
	<unitsAverage value='88'/>
</results>
