<results>
	<result value='win'/>
	<start value='2015-05-08.05:25:00'/>
	<end value='2015-05-08.05:25:26'/>
	<frames value='25918'/>
	<gameDuration value='1619'/>

	<player>
		<unitScore value='17900'/>
		<killScore value='24730'/>
		<buildingScore value='3900'/>
		<razingScore value='5040'/>
		<mineralScore value='23622'/>
		<gasScore value='1792'/>
		<totalScore value='76984'/>
	</player>

	<enemy>
		<race value='Zerg'/>
		<unitScore value='10725'/>
		<unitScore value='10725'/>
		<killScore value='15000'/>
		<buildingScore value='1680'/>
		<razingScore value='0'/>
		<mineralScore value='10554'/>
		<gasScore value='3400'/>
		<totalScore value='41359'/>
	</enemy>

	<scoreRatio value='1.86136'/>
	<timeFitness value='0.775139'/>
	<unitsAverage value='84'/>
</results>
