<results>
	<result value='win'/>
	<start value='2015-05-08.05:33:53'/>
	<end value='2015-05-08.05:34:14'/>
	<frames value='25019'/>
	<gameDuration value='1563'/>

	<player>
		<unitScore value='13950'/>
		<killScore value='21830'/>
		<buildingScore value='3075'/>
		<razingScore value='5235'/>
		<mineralScore value='16534'/>
		<gasScore value='1408'/>
		<totalScore value='62032'/>
	</player>

	<enemy>
		<race value='Zerg'/>
		<unitScore value='9900'/>
		<unitScore value='9900'/>
		<killScore value='11650'/>
		<buildingScore value='1745'/>
		<razingScore value='0'/>
		<mineralScore value='9426'/>
		<gasScore value='2976'/>
		<totalScore value='35697'/>
	</enemy>

	<scoreRatio value='1.73774'/>
	<timeFitness value='0.782917'/>
	<unitsAverage value='66'/>
</results>
