<results>
	<result value='win'/>
	<start value='2015-05-08.05:38:37'/>
	<end value='2015-05-08.05:39:01'/>
	<frames value='25484'/>
	<gameDuration value='1592'/>

	<player>
		<unitScore value='16325'/>
		<killScore value='24080'/>
		<buildingScore value='2800'/>
		<razingScore value='5115'/>
		<mineralScore value='19790'/>
		<gasScore value='1584'/>
		<totalScore value='69694'/>
	</player>

	<enemy>
		<race value='Zerg'/>
		<unitScore value='10950'/>
		<unitScore value='10950'/>
		<killScore value='16900'/>
		<buildingScore value='1705'/>
		<razingScore value='150'/>
		<mineralScore value='10738'/>
		<gasScore value='2744'/>
		<totalScore value='43187'/>
	</enemy>

	<scoreRatio value='1.61377'/>
	<timeFitness value='0.778889'/>
	<unitsAverage value='76'/>
</results>
