<results>
	<result value='win'/>
	<start value='2015-05-08.05:46:08'/>
	<end value='2015-05-08.05:46:41'/>
	<frames value='29328'/>
	<gameDuration value='1833'/>

	<player>
		<unitScore value='19450'/>
		<killScore value='25380'/>
		<buildingScore value='4075'/>
		<razingScore value='5580'/>
		<mineralScore value='25970'/>
		<gasScore value='3136'/>
		<totalScore value='83591'/>
	</player>

	<enemy>
		<race value='Zerg'/>
		<unitScore value='11275'/>
		<unitScore value='11275'/>
		<killScore value='17400'/>
		<buildingScore value='1860'/>
		<razingScore value='0'/>
		<mineralScore value='11106'/>
		<gasScore value='3328'/>
		<totalScore value='44969'/>
	</enemy>

	<scoreRatio value='1.85886'/>
	<timeFitness value='0.745417'/>
	<unitsAverage value='96'/>
</results>
