<results>
	<result value='win'/>
	<start value='2015-07-15.09:51:52'/>
	<end value='2015-07-15.09:52:15'/>
	<frames value='17362'/>
	<gameDuration value='1085'/>

	<player>
		<unitScore value='8700'/>
		<killScore value='7450'/>
		<buildingScore value='3025'/>
		<razingScore value='3600'/>
		<mineralScore value='13314'/>
		<gasScore value='1368'/>
		<totalScore value='37457'/>
	</player>

	<enemy>
		<race value='Terran'/>
		<unitScore value='3725'/>
		<killScore value='2500'/>
		<buildingScore value='1200'/>
		<razingScore value='150'/>
		<mineralScore value='4882'/>
		<gasScore value='1288'/>
		<totalScore value='13745'/>
	</enemy>

	<scoreRatio value='2.72514'/>
	<timeFitness value='0.849306'/>
	<unitsAverage value='59'/>
</results>
