<results>
	<result value='draw'/>
	<start value='2015-05-11.03:18:17'/>
	<end value='2015-05-11.03:20:57'/>
	<frames value='57601'/>
	<gameDuration value='3600'/>

	<player>
		<unitScore value='27225'/>
		<killScore value='43610'/>
		<buildingScore value='5925'/>
		<razingScore value='8580'/>
		<mineralScore value='43166'/>
		<gasScore value='5456'/>
		<totalScore value='133962'/>
	</player>

	<enemy>
		<race value='Zerg'/>
		<unitScore value='19325'/>
		<unitScore value='19325'/>
		<killScore value='27850'/>
		<buildingScore value='3175'/>
		<razingScore value='0'/>
		<mineralScore value='18646'/>
		<gasScore value='5898'/>
		<totalScore value='74894'/>
	</enemy>

	<scoreRatio value='1.78869'/>
	<timeFitness value='0.5'/>
	<unitsAverage value='164'/>
</results>
