<results>
	<result value='win'/>
	<start value='2015-05-03.23:26:37'/>
	<end value='2015-05-03.23:28:04'/>
	<frames value='52082'/>
	<gameDuration value='3255'/>

	<player>
		<unitScore value='25450'/>
		<killScore value='38350'/>
		<buildingScore value='5225'/>
		<razingScore value='10200'/>
		<mineralScore value='36526'/>
		<gasScore value='5862'/>
		<totalScore value='121613'/>
	</player>

	<enemy>
		<race value='Terran'/>
		<unitScore value='21575'/>
		<unitScore value='21575'/>
		<killScore value='28100'/>
		<buildingScore value='3400'/>
		<razingScore value='6300'/>
		<mineralScore value='24050'/>
		<gasScore value='5992'/>
		<totalScore value='89417'/>
	</enemy>

	<scoreRatio value='1.36007'/>
	<timeFitness value='0.547917'/>
	<unitsAverage value='116'/>
</results>
