<results>
	<result value='win'/>
	<start value='2015-05-03.23:31:11'/>
	<end value='2015-05-03.23:32:25'/>
	<frames value='40674'/>
	<gameDuration value='2542'/>

	<player>
		<unitScore value='20550'/>
		<killScore value='27850'/>
		<buildingScore value='4775'/>
		<razingScore value='11775'/>
		<mineralScore value='39930'/>
		<gasScore value='6070'/>
		<totalScore value='110950'/>
	</player>

	<enemy>
		<race value='Terran'/>
		<unitScore value='14225'/>
		<unitScore value='14225'/>
		<killScore value='18800'/>
		<buildingScore value='3925'/>
		<razingScore value='2625'/>
		<mineralScore value='14706'/>
		<gasScore value='5428'/>
		<totalScore value='59709'/>
	</enemy>

	<scoreRatio value='1.85818'/>
	<timeFitness value='0.646944'/>
	<unitsAverage value='121'/>
</results>
