<results>
	<result value='win'/>
	<start value='2015-05-08.05:32:47'/>
	<end value='2015-05-08.05:33:04'/>
	<frames value='25484'/>
	<gameDuration value='1592'/>

	<player>
		<unitScore value='12475'/>
		<killScore value='19150'/>
		<buildingScore value='3500'/>
		<razingScore value='7800'/>
		<mineralScore value='21302'/>
		<gasScore value='2112'/>
		<totalScore value='66339'/>
	</player>

	<enemy>
		<race value='Terran'/>
		<unitScore value='9575'/>
		<unitScore value='9575'/>
		<killScore value='7200'/>
		<buildingScore value='2675'/>
		<razingScore value='375'/>
		<mineralScore value='9882'/>
		<gasScore value='3376'/>
		<totalScore value='33083'/>
	</enemy>

	<scoreRatio value='2.00523'/>
	<timeFitness value='0.778889'/>
	<unitsAverage value='80'/>
</results>
