<results>
	<result value='win'/>
	<start value='2015-05-05.00:10:54'/>
	<end value='2015-05-05.00:11:24'/>
	<frames value='30847'/>
	<gameDuration value='1927'/>

	<player>
		<unitScore value='20125'/>
		<killScore value='23800'/>
		<buildingScore value='3625'/>
		<razingScore value='18975'/>
		<mineralScore value='23802'/>
		<gasScore value='3288'/>
		<totalScore value='93615'/>
	</player>

	<enemy>
		<race value='Protoss'/>
		<unitScore value='12125'/>
		<unitScore value='12125'/>
		<killScore value='18850'/>
		<buildingScore value='6325'/>
		<razingScore value='0'/>
		<mineralScore value='16470'/>
		<gasScore value='3048'/>
		<totalScore value='56818'/>
	</enemy>

	<scoreRatio value='1.64763'/>
	<timeFitness value='0.732361'/>
	<unitsAverage value='89'/>
</results>
