<results>
	<result value='loss'/>
	<start value='2015-05-05.00:13:19'/>
	<end value='2015-05-05.00:13:29'/>
	<frames value='19563'/>
	<gameDuration value='1222'/>

	<player>
		<unitScore value='4250'/>
		<killScore value='2000'/>
		<buildingScore value='1750'/>
		<razingScore value='0'/>
		<mineralScore value='6290'/>
		<gasScore value='640'/>
		<totalScore value='14930'/>
	</player>

	<enemy>
		<race value='Protoss'/>
		<unitScore value='6025'/>
		<unitScore value='6025'/>
		<killScore value='8500'/>
		<buildingScore value='4375'/>
		<razingScore value='5250'/>
		<mineralScore value='10050'/>
		<gasScore value='2824'/>
		<totalScore value='37024'/>
	</enemy>

	<scoreRatio value='0.403252'/>
	<timeFitness value='0.169722'/>
	<unitsAverage value='28'/>
</results>
