<results>
	<result value='loss'/>
	<start value='2015-05-05.00:19:49'/>
	<end value='2015-05-05.00:20:19'/>
	<frames value='40581'/>
	<gameDuration value='2536'/>

	<player>
		<unitScore value='13300'/>
		<killScore value='11750'/>
		<buildingScore value='2425'/>
		<razingScore value='0'/>
		<mineralScore value='18050'/>
		<gasScore value='1248'/>
		<totalScore value='46773'/>
	</player>

	<enemy>
		<race value='Protoss'/>
		<unitScore value='23700'/>
		<unitScore value='23700'/>
		<killScore value='26600'/>
		<buildingScore value='7075'/>
		<razingScore value='7275'/>
		<mineralScore value='25698'/>
		<gasScore value='9652'/>
		<totalScore value='100000'/>
	</enemy>

	<scoreRatio value='0.46773'/>
	<timeFitness value='0.352222'/>
	<unitsAverage value='55'/>
</results>
