<results>
	<result value='win'/>
	<start value='2015-05-05.00:36:20'/>
	<end value='2015-05-05.00:36:54'/>
	<frames value='33544'/>
	<gameDuration value='2096'/>

	<player>
		<unitScore value='20700'/>
		<killScore value='24700'/>
		<buildingScore value='4375'/>
		<razingScore value='18225'/>
		<mineralScore value='26374'/>
		<gasScore value='2480'/>
		<totalScore value='96854'/>
	</player>

	<enemy>
		<race value='Protoss'/>
		<unitScore value='12925'/>
		<unitScore value='12925'/>
		<killScore value='20900'/>
		<buildingScore value='6075'/>
		<razingScore value='375'/>
		<mineralScore value='16210'/>
		<gasScore value='5816'/>
		<totalScore value='62301'/>
	</enemy>

	<scoreRatio value='1.55461'/>
	<timeFitness value='0.708889'/>
	<unitsAverage value='96'/>
</results>
