<results>
	<result value='win'/>
	<start value='2015-05-05.00:35:51'/>
	<end value='2015-05-05.00:36:17'/>
	<frames value='28212'/>
	<gameDuration value='1763'/>

	<player>
		<unitScore value='14925'/>
		<killScore value='16800'/>
		<buildingScore value='3425'/>
		<razingScore value='9525'/>
		<mineralScore value='19286'/>
		<gasScore value='2496'/>
		<totalScore value='66457'/>
	</player>

	<enemy>
		<race value='Protoss'/>
		<unitScore value='8400'/>
		<unitScore value='8400'/>
		<killScore value='12650'/>
		<buildingScore value='3175'/>
		<razingScore value='0'/>
		<mineralScore value='10954'/>
		<gasScore value='3472'/>
		<totalScore value='38651'/>
	</enemy>

	<scoreRatio value='1.71941'/>
	<timeFitness value='0.755139'/>
	<unitsAverage value='76'/>
</results>
