<results>
	<result value='loss'/>
	<start value='2015-05-05.00:40:58'/>
	<end value='2015-05-05.00:41:06'/>
	<frames value='16525'/>
	<gameDuration value='1032'/>

	<player>
		<unitScore value='4100'/>
		<killScore value='1200'/>
		<buildingScore value='1425'/>
		<razingScore value='0'/>
		<mineralScore value='5498'/>
		<gasScore value='1016'/>
		<totalScore value='13239'/>
	</player>

	<enemy>
		<race value='Protoss'/>
		<unitScore value='4575'/>
		<unitScore value='4575'/>
		<killScore value='7450'/>
		<buildingScore value='3275'/>
		<razingScore value='4275'/>
		<mineralScore value='8458'/>
		<gasScore value='2192'/>
		<totalScore value='30225'/>
	</enemy>

	<scoreRatio value='0.438015'/>
	<timeFitness value='0.143333'/>
	<unitsAverage value='26'/>
</results>
