<results>
	<result value='loss'/>
	<start value='2015-07-19.06:23:36'/>
	<end value='2015-07-19.06:24:00'/>
	<frames value='25143'/>
	<gameDuration value='1571'/>

	<player>
		<unitScore value='10600'/>
		<killScore value='5300'/>
		<buildingScore value='3025'/>
		<razingScore value='0'/>
		<mineralScore value='21802'/>
		<gasScore value='1208'/>
		<totalScore value='41935'/>
	</player>

	<enemy>
		<race value='Zerg'/>
		<unitScore value='9200'/>
		<killScore value='21200'/>
		<buildingScore value='2955'/>
		<razingScore value='9075'/>
		<mineralScore value='11738'/>
		<gasScore value='3616'/>
		<totalScore value='57784'/>
	</enemy>

	<scoreRatio value='0.72572'/>
	<timeFitness value='0.218194'/>
	<unitsAverage value='55'/>
</results>
