<results>
	<result value='win'/>
	<start value='2015-05-03.10:54:02'/>
	<end value='2015-05-03.10:54:31'/>
	<frames value='29359'/>
	<gameDuration value='1834'/>

	<player>
		<unitScore value='16400'/>
		<killScore value='27290'/>
		<buildingScore value='3175'/>
		<razingScore value='7395'/>
		<mineralScore value='19462'/>
		<gasScore value='1992'/>
		<totalScore value='75714'/>
	</player>

	<enemy>
		<race value='Zerg'/>
		<unitScore value='12500'/>
		<unitScore value='12500'/>
		<killScore value='17200'/>
		<buildingScore value='2465'/>
		<razingScore value='0'/>
		<mineralScore value='12902'/>
		<gasScore value='3096'/>
		<totalScore value='48163'/>
	</enemy>

	<scoreRatio value='1.57204'/>
	<timeFitness value='0.745278'/>
	<unitsAverage value='75'/>
</results>
