<results>
	<result value='win'/>
	<start value='2014-07-11.21:54:23'/>
	<end value='2014-07-11.21:54:36'/>
	<frames value='20741'/>
	<gameDuration value='1296'/>

	<player>
		<unitScore value='6450'/>
		<killScore value='13550'/>
		<buildingScore value='2100'/>
		<razingScore value='4500'/>
		<mineralScore value='9610'/>
		<gasScore value='1688'/>
		<totalScore value='37898'/>
	</player>

	<enemy>
		<race value='Terran'/>
		<unitScore value='6775'/>
		<unitScore value='6775'/>
		<killScore value='3100'/>
		<buildingScore value='1500'/>
		<razingScore value='450'/>
		<mineralScore value='8218'/>
		<gasScore value='2456'/>
		<totalScore value='22499'/>
	</enemy>

	<scoreRatio value='1.68443'/>
</results>
