<results>
	<result value='win'/>
	<start value='2015-05-09.10:38:35'/>
	<end value='2015-05-09.10:38:44'/>
	<frames value='17920'/>
	<gameDuration value='1120'/>

	<player>
		<unitScore value='5950'/>
		<killScore value='8800'/>
		<buildingScore value='1925'/>
		<razingScore value='4350'/>
		<mineralScore value='9530'/>
		<gasScore value='1496'/>
		<totalScore value='32051'/>
	</player>

	<enemy>
		<race value='Terran'/>
		<unitScore value='4400'/>
		<unitScore value='4400'/>
		<killScore value='2300'/>
		<buildingScore value='1450'/>
		<razingScore value='300'/>
		<mineralScore value='7850'/>
		<gasScore value='1928'/>
		<totalScore value='18228'/>
	</enemy>

	<scoreRatio value='1.75834'/>
	<timeFitness value='0.844444'/>
	<unitsAverage value='48'/>
</results>
