<results>
	<result value='win'/>
	<start value='2015-05-05.09:16:01'/>
	<end value='2015-05-05.09:16:17'/>
	<frames value='24585'/>
	<gameDuration value='1536'/>

	<player>
		<unitScore value='10325'/>
		<killScore value='19800'/>
		<buildingScore value='3275'/>
		<razingScore value='8025'/>
		<mineralScore value='14258'/>
		<gasScore value='2120'/>
		<totalScore value='57803'/>
	</player>

	<enemy>
		<race value='Terran'/>
		<unitScore value='9900'/>
		<unitScore value='9900'/>
		<killScore value='8100'/>
		<buildingScore value='2675'/>
		<razingScore value='4050'/>
		<mineralScore value='9866'/>
		<gasScore value='3928'/>
		<totalScore value='38519'/>
	</enemy>

	<scoreRatio value='1.50064'/>
	<timeFitness value='0.786667'/>
	<unitsAverage value='63'/>
</results>
