<results>
	<result value='draw'/>
	<start value='2015-04-28.10:46:02'/>
	<end value='2015-04-28.10:47:37'/>
	<frames value='57601'/>
	<gameDuration value='3600'/>

	<player>
		<unitScore value='29675'/>
		<killScore value='46450'/>
		<buildingScore value='3725'/>
		<razingScore value='225'/>
		<mineralScore value='31518'/>
		<gasScore value='8078'/>
		<totalScore value='119671'/>
	</player>

	<enemy>
		<race value='Terran'/>
		<unitScore value='35675'/>
		<unitScore value='35675'/>
		<killScore value='52550'/>
		<buildingScore value='5225'/>
		<razingScore value='4425'/>
		<mineralScore value='30806'/>
		<gasScore value='12298'/>
		<totalScore value='140979'/>
	</enemy>

	<scoreRatio value='0.848857'/>
</results>
