<results>
	<result value='win'/>
	<start value='2015-04-28.11:05:03'/>
	<end value='2015-04-28.11:06:02'/>
	<frames value='36148'/>
	<gameDuration value='2259'/>

	<player>
		<unitScore value='20700'/>
		<killScore value='26850'/>
		<buildingScore value='4825'/>
		<razingScore value='11100'/>
		<mineralScore value='38206'/>
		<gasScore value='3280'/>
		<totalScore value='104961'/>
	</player>

	<enemy>
		<race value='Terran'/>
		<unitScore value='13425'/>
		<unitScore value='13425'/>
		<killScore value='18550'/>
		<buildingScore value='3775'/>
		<razingScore value='2100'/>
		<mineralScore value='12150'/>
		<gasScore value='5288'/>
		<totalScore value='55288'/>
	</enemy>

	<scoreRatio value='1.89844'/>
</results>
