<results>
	<result value='loss'/>
	<start value='2015-07-20.17:23:27'/>
	<end value='2015-07-20.17:23:54'/>
	<frames value='23841'/>
	<gameDuration value='1490'/>

	<player>
		<unitScore value='11100'/>
		<killScore value='4550'/>
		<buildingScore value='3200'/>
		<razingScore value='0'/>
		<mineralScore value='17466'/>
		<gasScore value='1648'/>
		<totalScore value='37964'/>
	</player>

	<enemy>
		<race value='Zerg'/>
		<unitScore value='10000'/>
		<killScore value='22200'/>
		<buildingScore value='3085'/>
		<razingScore value='9600'/>
		<mineralScore value='13186'/>
		<gasScore value='3984'/>
		<totalScore value='62055'/>
	</enemy>

	<scoreRatio value='0.61178'/>
	<timeFitness value='0.206944'/>
	<unitsAverage value='50'/>
</results>
