<results>
	<result value='loss'/>
	<start value='2015-07-20.17:39:54'/>
	<end value='2015-07-20.17:40:26'/>
	<frames value='26352'/>
	<gameDuration value='1647'/>

	<player>
		<unitScore value='12025'/>
		<killScore value='6400'/>
		<buildingScore value='3475'/>
		<razingScore value='0'/>
		<mineralScore value='19762'/>
		<gasScore value='1608'/>
		<totalScore value='43270'/>
	</player>

	<enemy>
		<race value='Zerg'/>
		<unitScore value='12850'/>
		<killScore value='24350'/>
		<buildingScore value='3320'/>
		<razingScore value='10425'/>
		<mineralScore value='16194'/>
		<gasScore value='4416'/>
		<totalScore value='71555'/>
	</enemy>

	<scoreRatio value='0.60471'/>
	<timeFitness value='0.22875'/>
	<unitsAverage value='59'/>
</results>
