<results>
	<result value='loss'/>
	<start value='2015-07-20.17:42:31'/>
	<end value='2015-07-20.17:43:08'/>
	<frames value='28243'/>
	<gameDuration value='1765'/>

	<player>
		<unitScore value='12825'/>
		<killScore value='11450'/>
		<buildingScore value='3150'/>
		<razingScore value='0'/>
		<mineralScore value='28062'/>
		<gasScore value='1576'/>
		<totalScore value='57063'/>
	</player>

	<enemy>
		<race value='Zerg'/>
		<unitScore value='16125'/>
		<killScore value='25650'/>
		<buildingScore value='2310'/>
		<razingScore value='9450'/>
		<mineralScore value='14402'/>
		<gasScore value='6064'/>
		<totalScore value='74001'/>
	</enemy>

	<scoreRatio value='0.771111'/>
	<timeFitness value='0.245139'/>
	<unitsAverage value='66'/>
</results>
