<results>
	<result value='loss'/>
	<start value='2015-07-18.12:25:45'/>
	<end value='2015-07-18.12:26:05'/>
	<frames value='23593'/>
	<gameDuration value='1474'/>

	<player>
		<unitScore value='7725'/>
		<killScore value='1800'/>
		<buildingScore value='3050'/>
		<razingScore value='0'/>
		<mineralScore value='10082'/>
		<gasScore value='1632'/>
		<totalScore value='24289'/>
	</player>

	<enemy>
		<race value='Protoss'/>
		<unitScore value='8275'/>
		<killScore value='14550'/>
		<buildingScore value='5375'/>
		<razingScore value='9150'/>
		<mineralScore value='13274'/>
		<gasScore value='3992'/>
		<totalScore value='54616'/>
	</enemy>

	<scoreRatio value='0.444723'/>
	<timeFitness value='0.204722'/>
	<unitsAverage value='37'/>
</results>
