<results>
	<result value='draw'/>
	<start value='2015-04-30.18:06:44'/>
	<end value='2015-04-30.18:08:03'/>
	<frames value='57601'/>
	<gameDuration value='3600'/>

	<player>
		<unitScore value='28125'/>
		<killScore value='43600'/>
		<buildingScore value='4175'/>
		<razingScore value='7725'/>
		<mineralScore value='32294'/>
		<gasScore value='6300'/>
		<totalScore value='122219'/>
	</player>

	<enemy>
		<race value='Protoss'/>
		<unitScore value='26950'/>
		<unitScore value='26950'/>
		<killScore value='49000'/>
		<buildingScore value='7475'/>
		<razingScore value='3975'/>
		<mineralScore value='26478'/>
		<gasScore value='11094'/>
		<totalScore value='124972'/>
	</enemy>

	<scoreRatio value='0.977971'/>
</results>
