<results>
	<result value='loss'/>
	<start value='2015-05-10.16:39:51'/>
	<end value='2015-05-10.16:39:59'/>
	<frames value='15285'/>
	<gameDuration value='955'/>

	<player>
		<unitScore value='3150'/>
		<killScore value='600'/>
		<buildingScore value='1350'/>
		<razingScore value='0'/>
		<mineralScore value='4706'/>
		<gasScore value='728'/>
		<totalScore value='10534'/>
	</player>

	<enemy>
		<race value='Protoss'/>
		<unitScore value='3550'/>
		<unitScore value='3550'/>
		<killScore value='6300'/>
		<buildingScore value='2625'/>
		<razingScore value='4050'/>
		<mineralScore value='8026'/>
		<gasScore value='1400'/>
		<totalScore value='25951'/>
	</enemy>

	<scoreRatio value='0.405919'/>
	<timeFitness value='0.132639'/>
	<unitsAverage value='21'/>
</results>
