<results>
	<result value='win'/>
	<start value='2015-05-10.16:51:10'/>
	<end value='2015-05-10.16:51:30'/>
	<frames value='25639'/>
	<gameDuration value='1602'/>

	<player>
		<unitScore value='12850'/>
		<killScore value='9400'/>
		<buildingScore value='3900'/>
		<razingScore value='7875'/>
		<mineralScore value='19874'/>
		<gasScore value='2536'/>
		<totalScore value='56435'/>
	</player>

	<enemy>
		<race value='Protoss'/>
		<unitScore value='4700'/>
		<unitScore value='4700'/>
		<killScore value='7700'/>
		<buildingScore value='2625'/>
		<razingScore value='0'/>
		<mineralScore value='9410'/>
		<gasScore value='1888'/>
		<totalScore value='26323'/>
	</enemy>

	<scoreRatio value='2.14394'/>
	<timeFitness value='0.7775'/>
	<unitsAverage value='74'/>
</results>
