<results>
	<result value='win'/>
	<start value='2015-05-10.16:55:24'/>
	<end value='2015-05-10.16:56:13'/>
	<frames value='42100'/>
	<gameDuration value='2631'/>

	<player>
		<unitScore value='30075'/>
		<killScore value='31900'/>
		<buildingScore value='3625'/>
		<razingScore value='19800'/>
		<mineralScore value='33710'/>
		<gasScore value='4672'/>
		<totalScore value='123782'/>
	</player>

	<enemy>
		<race value='Protoss'/>
		<unitScore value='16275'/>
		<unitScore value='16275'/>
		<killScore value='46800'/>
		<buildingScore value='6600'/>
		<razingScore value='300'/>
		<mineralScore value='24706'/>
		<gasScore value='5344'/>
		<totalScore value='100025'/>
	</enemy>

	<scoreRatio value='1.23751'/>
	<timeFitness value='0.634583'/>
	<unitsAverage value='115'/>
</results>
