<results>
	<result value='win'/>
	<start value='2015-05-06.07:04:41'/>
	<end value='2015-05-06.07:04:59'/>
	<frames value='23066'/>
	<gameDuration value='1441'/>

	<player>
		<unitScore value='10925'/>
		<killScore value='18100'/>
		<buildingScore value='3550'/>
		<razingScore value='8400'/>
		<mineralScore value='16330'/>
		<gasScore value='1792'/>
		<totalScore value='59097'/>
	</player>

	<enemy>
		<race value='Terran'/>
		<unitScore value='9050'/>
		<unitScore value='9050'/>
		<killScore value='5300'/>
		<buildingScore value='2800'/>
		<razingScore value='150'/>
		<mineralScore value='9002'/>
		<gasScore value='3416'/>
		<totalScore value='29718'/>
	</enemy>

	<scoreRatio value='1.98859'/>
	<timeFitness value='0.799861'/>
	<unitsAverage value='71'/>
</results>
