<results>
	<result value='win'/>
	<start value='2015-05-06.07:09:13'/>
	<end value='2015-05-06.07:09:37'/>
	<frames value='27406'/>
	<gameDuration value='1712'/>

	<player>
		<unitScore value='14225'/>
		<killScore value='21650'/>
		<buildingScore value='3425'/>
		<razingScore value='6975'/>
		<mineralScore value='23186'/>
		<gasScore value='1888'/>
		<totalScore value='71349'/>
	</player>

	<enemy>
		<race value='Terran'/>
		<unitScore value='10825'/>
		<unitScore value='10825'/>
		<killScore value='11000'/>
		<buildingScore value='2400'/>
		<razingScore value='150'/>
		<mineralScore value='9578'/>
		<gasScore value='3488'/>
		<totalScore value='37441'/>
	</enemy>

	<scoreRatio value='1.90564'/>
	<timeFitness value='0.762222'/>
	<unitsAverage value='81'/>
</results>
