<results>
	<result value='win'/>
	<start value='2015-05-06.07:23:05'/>
	<end value='2015-05-06.07:23:42'/>
	<frames value='31591'/>
	<gameDuration value='1974'/>

	<player>
		<unitScore value='18600'/>
		<killScore value='24550'/>
		<buildingScore value='4350'/>
		<razingScore value='11475'/>
		<mineralScore value='31898'/>
		<gasScore value='2808'/>
		<totalScore value='93681'/>
	</player>

	<enemy>
		<race value='Terran'/>
		<unitScore value='12275'/>
		<unitScore value='12275'/>
		<killScore value='14050'/>
		<buildingScore value='3825'/>
		<razingScore value='150'/>
		<mineralScore value='12238'/>
		<gasScore value='5540'/>
		<totalScore value='48078'/>
	</enemy>

	<scoreRatio value='1.94852'/>
	<timeFitness value='0.725833'/>
	<unitsAverage value='110'/>
</results>
