<results>
	<result value='loss'/>
	<start value='2015-04-29.18:23:43'/>
	<end value='2015-04-29.18:23:55'/>
	<frames value='13704'/>
	<gameDuration value='856'/>

	<player>
		<unitScore value='2775'/>
		<killScore value='800'/>
		<buildingScore value='1025'/>
		<razingScore value='0'/>
		<mineralScore value='3650'/>
		<gasScore value='544'/>
		<totalScore value='8794'/>
	</player>

	<enemy>
		<race value='Protoss'/>
		<unitScore value='3600'/>
		<unitScore value='3600'/>
		<killScore value='5550'/>
		<buildingScore value='2375'/>
		<razingScore value='3075'/>
		<mineralScore value='6778'/>
		<gasScore value='1184'/>
		<totalScore value='22562'/>
	</enemy>

	<scoreRatio value='0.38977'/>
	<timeFitness value='0.118889'/>
	<unitsAverage value='23'/>
</results>
