<results>
	<result value='loss'/>
	<start value='2014-07-23.21:40:00'/>
	<end value='2014-07-23.21:41:25'/>
	<frames value='52857'/>
	<gameDuration value='3303'/>

	<player>
		<unitScore value='22600'/>
		<killScore value='46850'/>
		<buildingScore value='2875'/>
		<razingScore value='2700'/>
		<mineralScore value='24010'/>
		<gasScore value='5340'/>
		<totalScore value='104375'/>
	</player>

	<enemy>
		<race value='Protoss'/>
		<unitScore value='43615'/>
		<unitScore value='43615'/>
		<killScore value='45300'/>
		<buildingScore value='8075'/>
		<razingScore value='8625'/>
		<mineralScore value='35718'/>
		<gasScore value='14774'/>
		<totalScore value='156107'/>
	</enemy>

	<scoreRatio value='0.668612'/>
</results>
