<results>
	<result value='loss'/>
	<start value='2015-05-05.06:23:30'/>
	<end value='2015-05-05.06:23:39'/>
	<frames value='14975'/>
	<gameDuration value='935'/>

	<player>
		<unitScore value='1500'/>
		<killScore value='200'/>
		<buildingScore value='1475'/>
		<razingScore value='0'/>
		<mineralScore value='2994'/>
		<gasScore value='528'/>
		<totalScore value='6697'/>
	</player>

	<enemy>
		<race value='Terran'/>
		<unitScore value='4450'/>
		<unitScore value='4450'/>
		<killScore value='3000'/>
		<buildingScore value='1450'/>
		<razingScore value='4425'/>
		<mineralScore value='6778'/>
		<gasScore value='2224'/>
		<totalScore value='22327'/>
	</enemy>

	<scoreRatio value='0.299951'/>
	<timeFitness value='0.129861'/>
	<unitsAverage value='16'/>
</results>
