<results>
	<result value='loss'/>
	<start value='2015-05-05.06:24:59'/>
	<end value='2015-05-05.06:25:11'/>
	<frames value='19563'/>
	<gameDuration value='1222'/>

	<player>
		<unitScore value='2400'/>
		<killScore value='3850'/>
		<buildingScore value='1225'/>
		<razingScore value='0'/>
		<mineralScore value='3394'/>
		<gasScore value='672'/>
		<totalScore value='11541'/>
	</player>

	<enemy>
		<race value='Terran'/>
		<unitScore value='7600'/>
		<unitScore value='7600'/>
		<killScore value='4800'/>
		<buildingScore value='2800'/>
		<razingScore value='3675'/>
		<mineralScore value='8906'/>
		<gasScore value='3256'/>
		<totalScore value='31037'/>
	</enemy>

	<scoreRatio value='0.371846'/>
	<timeFitness value='0.169722'/>
	<unitsAverage value='18'/>
</results>
