<results>
	<result value='loss'/>
	<start value='2015-05-05.06:25:45'/>
	<end value='2015-05-05.06:25:54'/>
	<frames value='14820'/>
	<gameDuration value='926'/>

	<player>
		<unitScore value='2175'/>
		<killScore value='200'/>
		<buildingScore value='975'/>
		<razingScore value='0'/>
		<mineralScore value='3050'/>
		<gasScore value='776'/>
		<totalScore value='7176'/>
	</player>

	<enemy>
		<race value='Terran'/>
		<unitScore value='4450'/>
		<unitScore value='4450'/>
		<killScore value='4250'/>
		<buildingScore value='1450'/>
		<razingScore value='2925'/>
		<mineralScore value='6786'/>
		<gasScore value='2096'/>
		<totalScore value='21957'/>
	</enemy>

	<scoreRatio value='0.326821'/>
	<timeFitness value='0.128611'/>
	<unitsAverage value='16'/>
</results>
