<results>
	<result value='loss'/>
	<start value='2015-05-05.06:28:25'/>
	<end value='2015-05-05.06:28:38'/>
	<frames value='19408'/>
	<gameDuration value='1213'/>

	<player>
		<unitScore value='5300'/>
		<killScore value='3450'/>
		<buildingScore value='1850'/>
		<razingScore value='0'/>
		<mineralScore value='7386'/>
		<gasScore value='560'/>
		<totalScore value='18546'/>
	</player>

	<enemy>
		<race value='Terran'/>
		<unitScore value='7300'/>
		<unitScore value='7300'/>
		<killScore value='10600'/>
		<buildingScore value='2800'/>
		<razingScore value='5550'/>
		<mineralScore value='8954'/>
		<gasScore value='3080'/>
		<totalScore value='38284'/>
	</enemy>

	<scoreRatio value='0.484432'/>
	<timeFitness value='0.168472'/>
	<unitsAverage value='26'/>
</results>
