<results>
	<result value='win'/>
	<start value='2015-05-09.03:03:40'/>
	<end value='2015-05-09.03:03:55'/>
	<frames value='23748'/>
	<gameDuration value='1484'/>

	<player>
		<unitScore value='8975'/>
		<killScore value='16350'/>
		<buildingScore value='2775'/>
		<razingScore value='8700'/>
		<mineralScore value='13330'/>
		<gasScore value='1600'/>
		<totalScore value='51730'/>
	</player>

	<enemy>
		<race value='Terran'/>
		<unitScore value='8175'/>
		<unitScore value='8175'/>
		<killScore value='6300'/>
		<buildingScore value='2900'/>
		<razingScore value='1500'/>
		<mineralScore value='9842'/>
		<gasScore value='3888'/>
		<totalScore value='32605'/>
	</enemy>

	<scoreRatio value='1.58657'/>
	<timeFitness value='0.793889'/>
	<unitsAverage value='51'/>
</results>
