<results>
	<result value='draw'/>
	<start value='2015-05-05.06:37:05'/>
	<end value='2015-05-05.06:37:54'/>
	<frames value='57601'/>
	<gameDuration value='3600'/>

	<player>
		<unitScore value='22175'/>
		<killScore value='41050'/>
		<buildingScore value='2350'/>
		<razingScore value='4125'/>
		<mineralScore value='24898'/>
		<gasScore value='5216'/>
		<totalScore value='99814'/>
	</player>

	<enemy>
		<race value='Terran'/>
		<unitScore value='33450'/>
		<unitScore value='33450'/>
		<killScore value='42100'/>
		<buildingScore value='5325'/>
		<razingScore value='2175'/>
		<mineralScore value='25118'/>
		<gasScore value='14882'/>
		<totalScore value='123050'/>
	</enemy>

	<scoreRatio value='0.811166'/>
	<timeFitness value='0.5'/>
	<unitsAverage value='57'/>
</results>
