<results>
	<result value='draw'/>
	<start value='2015-07-15.13:29:18'/>
	<end value='2015-07-15.13:31:17'/>
	<frames value='57601'/>
	<gameDuration value='3600'/>

	<player>
		<unitScore value='29450'/>
		<killScore value='16900'/>
		<buildingScore value='4075'/>
		<razingScore value='0'/>
		<mineralScore value='26014'/>
		<gasScore value='8782'/>
		<totalScore value='85221'/>
	</player>

	<enemy>
		<race value='Terran'/>
		<unitScore value='11950'/>
		<killScore value='48650'/>
		<buildingScore value='3025'/>
		<razingScore value='4500'/>
		<mineralScore value='12050'/>
		<gasScore value='6488'/>
		<totalScore value='86663'/>
	</enemy>

	<scoreRatio value='0.983361'/>
	<timeFitness value='0.5'/>
	<unitsAverage value='94'/>
</results>
