<results>
	<result value='loss'/>
	<start value='2015-04-08.09:24:46'/>
	<end value='2015-04-08.09:24:54'/>
	<frames value='16587'/>
	<gameDuration value='1036'/>

	<player>
		<unitScore value='3375'/>
		<killScore value='800'/>
		<buildingScore value='1675'/>
		<razingScore value='0'/>
		<mineralScore value='5178'/>
		<gasScore value='608'/>
		<totalScore value='11636'/>
	</player>

	<enemy>
		<race value='Protoss'/>
		<unitScore value='3600'/>
		<unitScore value='3600'/>
		<killScore value='6750'/>
		<buildingScore value='3825'/>
		<razingScore value='5025'/>
		<mineralScore value='8762'/>
		<gasScore value='1576'/>
		<totalScore value='29538'/>
	</enemy>

	<scoreRatio value='0.393933'/>
</results>
