<results>
	<result value='loss'/>
	<start value='2015-05-09.21:25:39'/>
	<end value='2015-05-09.21:26:01'/>
	<frames value='34412'/>
	<gameDuration value='2150'/>

	<player>
		<unitScore value='10025'/>
		<killScore value='8550'/>
		<buildingScore value='2525'/>
		<razingScore value='0'/>
		<mineralScore value='12866'/>
		<gasScore value='2944'/>
		<totalScore value='36910'/>
	</player>

	<enemy>
		<race value='Protoss'/>
		<unitScore value='17650'/>
		<unitScore value='17650'/>
		<killScore value='20050'/>
		<buildingScore value='6975'/>
		<razingScore value='7575'/>
		<mineralScore value='21174'/>
		<gasScore value='8552'/>
		<totalScore value='81976'/>
	</enemy>

	<scoreRatio value='0.450254'/>
	<timeFitness value='0.298611'/>
	<unitsAverage value='34'/>
</results>
