<results>
	<result value='loss'/>
	<start value='2015-05-09.21:26:52'/>
	<end value='2015-05-09.21:27:00'/>
	<frames value='15378'/>
	<gameDuration value='961'/>

	<player>
		<unitScore value='3275'/>
		<killScore value='1600'/>
		<buildingScore value='1525'/>
		<razingScore value='0'/>
		<mineralScore value='4986'/>
		<gasScore value='864'/>
		<totalScore value='12250'/>
	</player>

	<enemy>
		<race value='Protoss'/>
		<unitScore value='3550'/>
		<unitScore value='3550'/>
		<killScore value='6300'/>
		<buildingScore value='2975'/>
		<razingScore value='4575'/>
		<mineralScore value='7906'/>
		<gasScore value='1480'/>
		<totalScore value='26786'/>
	</enemy>

	<scoreRatio value='0.457328'/>
	<timeFitness value='0.133472'/>
	<unitsAverage value='26'/>
</results>
