<results>
	<result value='loss'/>
	<start value='2015-05-02.18:40:38'/>
	<end value='2015-05-02.18:40:43'/>
	<frames value='14014'/>
	<gameDuration value='875'/>

	<player>
		<unitScore value='2750'/>
		<killScore value='600'/>
		<buildingScore value='1425'/>
		<razingScore value='0'/>
		<mineralScore value='4290'/>
		<gasScore value='552'/>
		<totalScore value='9617'/>
	</player>

	<enemy>
		<race value='Protoss'/>
		<unitScore value='3500'/>
		<unitScore value='3500'/>
		<killScore value='5500'/>
		<buildingScore value='2375'/>
		<razingScore value='4275'/>
		<mineralScore value='7066'/>
		<gasScore value='1192'/>
		<totalScore value='23908'/>
	</enemy>

	<scoreRatio value='0.40225'/>
	<timeFitness value='0.121528'/>
	<unitsAverage value='22'/>
</results>
