<results>
	<result value='loss'/>
	<start value='2015-05-09.21:29:23'/>
	<end value='2015-05-09.21:29:48'/>
	<frames value='36768'/>
	<gameDuration value='2298'/>

	<player>
		<unitScore value='10800'/>
		<killScore value='13200'/>
		<buildingScore value='1750'/>
		<razingScore value='600'/>
		<mineralScore value='11898'/>
		<gasScore value='2464'/>
		<totalScore value='40712'/>
	</player>

	<enemy>
		<race value='Protoss'/>
		<unitScore value='23600'/>
		<unitScore value='23600'/>
		<killScore value='21600'/>
		<buildingScore value='7175'/>
		<razingScore value='5250'/>
		<mineralScore value='24758'/>
		<gasScore value='9344'/>
		<totalScore value='91727'/>
	</enemy>

	<scoreRatio value='0.443839'/>
	<timeFitness value='0.319167'/>
	<unitsAverage value='38'/>
</results>
