<results>
	<result value='loss'/>
	<start value='2015-05-02.18:41:42'/>
	<end value='2015-05-02.18:41:47'/>
	<frames value='14169'/>
	<gameDuration value='885'/>

	<player>
		<unitScore value='3150'/>
		<killScore value='1000'/>
		<buildingScore value='1150'/>
		<razingScore value='0'/>
		<mineralScore value='4362'/>
		<gasScore value='664'/>
		<totalScore value='10326'/>
	</player>

	<enemy>
		<race value='Protoss'/>
		<unitScore value='3550'/>
		<unitScore value='3550'/>
		<killScore value='6400'/>
		<buildingScore value='2375'/>
		<razingScore value='3450'/>
		<mineralScore value='7194'/>
		<gasScore value='1208'/>
		<totalScore value='24177'/>
	</enemy>

	<scoreRatio value='0.4271'/>
	<timeFitness value='0.122917'/>
	<unitsAverage value='23'/>
</results>
