<results>
	<result value='win'/>
	<start value='2015-05-02.18:42:22'/>
	<end value='2015-05-02.18:42:45'/>
	<frames value='33017'/>
	<gameDuration value='2063'/>

	<player>
		<unitScore value='18525'/>
		<killScore value='13100'/>
		<buildingScore value='3900'/>
		<razingScore value='14625'/>
		<mineralScore value='24338'/>
		<gasScore value='2768'/>
		<totalScore value='77256'/>
	</player>

	<enemy>
		<race value='Protoss'/>
		<unitScore value='6900'/>
		<unitScore value='6900'/>
		<killScore value='18500'/>
		<buildingScore value='4875'/>
		<razingScore value='150'/>
		<mineralScore value='11650'/>
		<gasScore value='1896'/>
		<totalScore value='43971'/>
	</enemy>

	<scoreRatio value='1.75698'/>
	<timeFitness value='0.713472'/>
	<unitsAverage value='83'/>
</results>
