<results>
	<result value='loss'/>
	<start value='2015-05-16.23:35:18'/>
	<end value='2015-05-16.23:35:21'/>
	<frames value='7101'/>
	<gameDuration value='443'/>

	<player>
		<unitScore value='800'/>
		<killScore value='0'/>
		<buildingScore value='750'/>
		<razingScore value='0'/>
		<mineralScore value='1354'/>
		<gasScore value='168'/>
		<totalScore value='3072'/>
	</player>

	<enemy>
		<race value='Zerg'/>
		<unitScore value='1150'/>
		<unitScore value='1150'/>
		<killScore value='1500'/>
		<buildingScore value='375'/>
		<razingScore value='2250'/>
		<mineralScore value='1906'/>
		<gasScore value='0'/>
		<totalScore value='7181'/>
	</enemy>

	<scoreRatio value='0.427796'/>
	<timeFitness value='0.0615278'/>
	<unitsAverage value='10'/>
</results>
