<results>
	<result value='win'/>
	<start value='2015-05-10.04:19:02'/>
	<end value='2015-05-10.04:19:49'/>
	<frames value='31653'/>
	<gameDuration value='1978'/>

	<player>
		<unitScore value='18000'/>
		<killScore value='30650'/>
		<buildingScore value='3325'/>
		<razingScore value='17175'/>
		<mineralScore value='21306'/>
		<gasScore value='3176'/>
		<totalScore value='93632'/>
	</player>

	<enemy>
		<race value='Protoss'/>
		<unitScore value='16250'/>
		<unitScore value='16250'/>
		<killScore value='17100'/>
		<buildingScore value='5725'/>
		<razingScore value='1200'/>
		<mineralScore value='17422'/>
		<gasScore value='4168'/>
		<totalScore value='61865'/>
	</enemy>

	<scoreRatio value='1.51349'/>
	<timeFitness value='0.725278'/>
	<unitsAverage value='91'/>
</results>
