<results>
	<result value='loss'/>
	<start value='2015-05-10.04:26:32'/>
	<end value='2015-05-10.04:27:11'/>
	<frames value='40767'/>
	<gameDuration value='2547'/>

	<player>
		<unitScore value='14575'/>
		<killScore value='16800'/>
		<buildingScore value='2875'/>
		<razingScore value='2550'/>
		<mineralScore value='16538'/>
		<gasScore value='3720'/>
		<totalScore value='57058'/>
	</player>

	<enemy>
		<race value='Protoss'/>
		<unitScore value='21875'/>
		<unitScore value='21875'/>
		<killScore value='29150'/>
		<buildingScore value='7875'/>
		<razingScore value='8625'/>
		<mineralScore value='25250'/>
		<gasScore value='7928'/>
		<totalScore value='100703'/>
	</enemy>

	<scoreRatio value='0.566597'/>
	<timeFitness value='0.35375'/>
	<unitsAverage value='46'/>
</results>
