<results>
	<result value='loss'/>
	<start value='2015-05-10.04:28:14'/>
	<end value='2015-05-10.04:28:41'/>
	<frames value='32056'/>
	<gameDuration value='2003'/>

	<player>
		<unitScore value='8775'/>
		<killScore value='8700'/>
		<buildingScore value='1700'/>
		<razingScore value='0'/>
		<mineralScore value='10854'/>
		<gasScore value='1264'/>
		<totalScore value='31293'/>
	</player>

	<enemy>
		<race value='Protoss'/>
		<unitScore value='16750'/>
		<unitScore value='16750'/>
		<killScore value='17550'/>
		<buildingScore value='6925'/>
		<razingScore value='5100'/>
		<mineralScore value='20614'/>
		<gasScore value='8112'/>
		<totalScore value='75051'/>
	</enemy>

	<scoreRatio value='0.416956'/>
	<timeFitness value='0.278194'/>
	<unitsAverage value='32'/>
</results>
