<results>
	<result value='draw'/>
	<start value='2015-04-30.04:39:00'/>
	<end value='2015-04-30.04:39:40'/>
	<frames value='57601'/>
	<gameDuration value='3600'/>

	<player>
		<unitScore value='17775'/>
		<killScore value='27700'/>
		<buildingScore value='2200'/>
		<razingScore value='4575'/>
		<mineralScore value='20182'/>
		<gasScore value='2248'/>
		<totalScore value='74680'/>
	</player>

	<enemy>
		<race value='Terran'/>
		<unitScore value='24600'/>
		<unitScore value='24600'/>
		<killScore value='31850'/>
		<buildingScore value='4800'/>
		<razingScore value='1725'/>
		<mineralScore value='19462'/>
		<gasScore value='11642'/>
		<totalScore value='94079'/>
	</enemy>

	<scoreRatio value='0.793801'/>
	<timeFitness value='0.5'/>
	<unitsAverage value='47'/>
</results>
