<results>
	<result value='win'/>
	<start value='2015-04-30.04:41:16'/>
	<end value='2015-04-30.04:41:41'/>
	<frames value='24864'/>
	<gameDuration value='1554'/>

	<player>
		<unitScore value='11800'/>
		<killScore value='21650'/>
		<buildingScore value='4325'/>
		<razingScore value='8400'/>
		<mineralScore value='19210'/>
		<gasScore value='2440'/>
		<totalScore value='67825'/>
	</player>

	<enemy>
		<race value='Terran'/>
		<unitScore value='11125'/>
		<unitScore value='11125'/>
		<killScore value='5500'/>
		<buildingScore value='2800'/>
		<razingScore value='1575'/>
		<mineralScore value='10338'/>
		<gasScore value='3368'/>
		<totalScore value='34706'/>
	</enemy>

	<scoreRatio value='1.95427'/>
	<timeFitness value='0.784167'/>
	<unitsAverage value='74'/>
</results>
