<results>
	<result value='loss'/>
	<start value='2015-04-30.04:52:30'/>
	<end value='2015-04-30.04:52:41'/>
	<frames value='19129'/>
	<gameDuration value='1195'/>

	<player>
		<unitScore value='3800'/>
		<killScore value='2000'/>
		<buildingScore value='1625'/>
		<razingScore value='0'/>
		<mineralScore value='5554'/>
		<gasScore value='880'/>
		<totalScore value='13859'/>
	</player>

	<enemy>
		<race value='Terran'/>
		<unitScore value='6800'/>
		<unitScore value='6800'/>
		<killScore value='7600'/>
		<buildingScore value='2850'/>
		<razingScore value='4875'/>
		<mineralScore value='9074'/>
		<gasScore value='3120'/>
		<totalScore value='34319'/>
	</enemy>

	<scoreRatio value='0.403829'/>
	<timeFitness value='0.165972'/>
	<unitsAverage value='23'/>
</results>
