<results>
	<result value='win'/>
	<start value='2015-04-30.04:52:44'/>
	<end value='2015-04-30.04:53:05'/>
	<frames value='26352'/>
	<gameDuration value='1647'/>

	<player>
		<unitScore value='10525'/>
		<killScore value='20250'/>
		<buildingScore value='2675'/>
		<razingScore value='9600'/>
		<mineralScore value='14970'/>
		<gasScore value='1960'/>
		<totalScore value='59980'/>
	</player>

	<enemy>
		<race value='Terran'/>
		<unitScore value='11225'/>
		<unitScore value='11225'/>
		<killScore value='8900'/>
		<buildingScore value='3200'/>
		<razingScore value='450'/>
		<mineralScore value='11122'/>
		<gasScore value='4856'/>
		<totalScore value='39753'/>
	</enemy>

	<scoreRatio value='1.50882'/>
	<timeFitness value='0.77125'/>
	<unitsAverage value='54'/>
</results>
