<results>
	<result value='draw'/>
	<start value='2015-04-30.04:55:15'/>
	<end value='2015-04-30.04:57:01'/>
	<frames value='57601'/>
	<gameDuration value='3600'/>

	<player>
		<unitScore value='22900'/>
		<killScore value='26750'/>
		<buildingScore value='5250'/>
		<razingScore value='9825'/>
		<mineralScore value='50850'/>
		<gasScore value='6820'/>
		<totalScore value='122395'/>
	</player>

	<enemy>
		<race value='Terran'/>
		<unitScore value='13375'/>
		<unitScore value='13375'/>
		<killScore value='20250'/>
		<buildingScore value='3375'/>
		<razingScore value='2325'/>
		<mineralScore value='12050'/>
		<gasScore value='5354'/>
		<totalScore value='56729'/>
	</enemy>

	<scoreRatio value='2.15754'/>
	<timeFitness value='0.5'/>
	<unitsAverage value='148'/>
</results>
