<results>
	<result value='win'/>
	<start value='2014-07-04.16:41:33'/>
	<end value='2014-07-04.16:41:55'/>
	<frames value='26600'/>
	<gameDuration value='1662'/>

	<player>
		<unitScore value='15575'/>
		<killScore value='20040'/>
		<buildingScore value='3625'/>
		<razingScore value='6420'/>
		<mineralScore value='25294'/>
		<gasScore value='1848'/>
		<totalScore value='72802'/>
	</player>

	<enemy>
		<race value='Zerg'/>
		<unitScore value='9525'/>
		<unitScore value='9525'/>
		<killScore value='12700'/>
		<buildingScore value='2140'/>
		<razingScore value='0'/>
		<mineralScore value='10090'/>
		<gasScore value='3000'/>
		<totalScore value='37455'/>
	</enemy>

	<scoreRatio value='1.94372'/>
</results>
