<results>
	<result value='loss'/>
	<start value='2015-07-21.18:46:24'/>
	<end value='2015-07-21.18:47:04'/>
	<frames value='33327'/>
	<gameDuration value='2082'/>

	<player>
		<unitScore value='20425'/>
		<killScore value='17300'/>
		<buildingScore value='3900'/>
		<razingScore value='0'/>
		<mineralScore value='30530'/>
		<gasScore value='3920'/>
		<totalScore value='76075'/>
	</player>

	<enemy>
		<race value='Zerg'/>
		<unitScore value='18700'/>
		<killScore value='40850'/>
		<buildingScore value='3620'/>
		<razingScore value='11700'/>
		<mineralScore value='19430'/>
		<gasScore value='5652'/>
		<totalScore value='99952'/>
	</enemy>

	<scoreRatio value='0.761115'/>
	<timeFitness value='0.289167'/>
	<unitsAverage value='77'/>
</results>
