<results>
	<result value='loss'/>
	<start value='2015-07-21.18:48:27'/>
	<end value='2015-07-21.18:48:53'/>
	<frames value='25918'/>
	<gameDuration value='1619'/>

	<player>
		<unitScore value='12075'/>
		<killScore value='8450'/>
		<buildingScore value='3075'/>
		<razingScore value='0'/>
		<mineralScore value='23822'/>
		<gasScore value='1656'/>
		<totalScore value='49078'/>
	</player>

	<enemy>
		<race value='Zerg'/>
		<unitScore value='13225'/>
		<killScore value='22250'/>
		<buildingScore value='3085'/>
		<razingScore value='9225'/>
		<mineralScore value='14554'/>
		<gasScore value='4208'/>
		<totalScore value='66547'/>
	</enemy>

	<scoreRatio value='0.737494'/>
	<timeFitness value='0.224861'/>
	<unitsAverage value='65'/>
</results>
