<results>
	<result value='loss'/>
	<start value='2015-07-21.18:59:08'/>
	<end value='2015-07-21.18:59:29'/>
	<frames value='24306'/>
	<gameDuration value='1519'/>

	<player>
		<unitScore value='11400'/>
		<killScore value='5500'/>
		<buildingScore value='3250'/>
		<razingScore value='0'/>
		<mineralScore value='17986'/>
		<gasScore value='1776'/>
		<totalScore value='39912'/>
	</player>

	<enemy>
		<race value='Zerg'/>
		<unitScore value='10600'/>
		<killScore value='22800'/>
		<buildingScore value='2980'/>
		<razingScore value='9750'/>
		<mineralScore value='13338'/>
		<gasScore value='3520'/>
		<totalScore value='62988'/>
	</enemy>

	<scoreRatio value='0.633645'/>
	<timeFitness value='0.210972'/>
	<unitsAverage value='49'/>
</results>
