<results>
	<result value='loss'/>
	<start value='2015-07-21.19:03:48'/>
	<end value='2015-07-21.19:04:16'/>
	<frames value='26631'/>
	<gameDuration value='1664'/>

	<player>
		<unitScore value='14950'/>
		<killScore value='6100'/>
		<buildingScore value='3100'/>
		<razingScore value='0'/>
		<mineralScore value='24370'/>
		<gasScore value='2592'/>
		<totalScore value='51112'/>
	</player>

	<enemy>
		<race value='Zerg'/>
		<unitScore value='13425'/>
		<killScore value='29900'/>
		<buildingScore value='3045'/>
		<razingScore value='9300'/>
		<mineralScore value='15858'/>
		<gasScore value='3984'/>
		<totalScore value='75512'/>
	</enemy>

	<scoreRatio value='0.676873'/>
	<timeFitness value='0.231111'/>
	<unitsAverage value='61'/>
</results>
