<results>
	<result value='loss'/>
	<start value='2015-04-12.18:16:00'/>
	<end value='2015-04-12.18:16:28'/>
	<frames value='42782'/>
	<gameDuration value='2673'/>

	<player>
		<unitScore value='19875'/>
		<killScore value='21100'/>
		<buildingScore value='2375'/>
		<razingScore value='450'/>
		<mineralScore value='19546'/>
		<gasScore value='2904'/>
		<totalScore value='66250'/>
	</player>

	<enemy>
		<race value='Protoss'/>
		<unitScore value='30250'/>
		<unitScore value='30250'/>
		<killScore value='39850'/>
		<buildingScore value='7575'/>
		<razingScore value='7125'/>
		<mineralScore value='29150'/>
		<gasScore value='10312'/>
		<totalScore value='124262'/>
	</enemy>

	<scoreRatio value='0.533148'/>
</results>
