<results>
	<result value='win'/>
	<start value='2015-04-08.05:37:09'/>
	<end value='2015-04-08.05:37:44'/>
	<frames value='34815'/>
	<gameDuration value='2175'/>

	<player>
		<unitScore value='19450'/>
		<killScore value='23650'/>
		<buildingScore value='4050'/>
		<razingScore value='19275'/>
		<mineralScore value='24130'/>
		<gasScore value='3864'/>
		<totalScore value='94419'/>
	</player>

	<enemy>
		<race value='Protoss'/>
		<unitScore value='12525'/>
		<unitScore value='12525'/>
		<killScore value='19350'/>
		<buildingScore value='6425'/>
		<razingScore value='0'/>
		<mineralScore value='19742'/>
		<gasScore value='7904'/>
		<totalScore value='65946'/>
	</enemy>

	<scoreRatio value='1.43176'/>
</results>
