<results>
	<result value='loss'/>
	<start value='2014-07-10.14:28:57'/>
	<end value='2014-07-10.14:29:03'/>
	<frames value='14665'/>
	<gameDuration value='916'/>

	<player>
		<unitScore value='2775'/>
		<killScore value='1200'/>
		<buildingScore value='1075'/>
		<razingScore value='0'/>
		<mineralScore value='4018'/>
		<gasScore value='440'/>
		<totalScore value='9508'/>
	</player>

	<enemy>
		<race value='Protoss'/>
		<unitScore value='3550'/>
		<unitScore value='3550'/>
		<killScore value='5550'/>
		<buildingScore value='2425'/>
		<razingScore value='3225'/>
		<mineralScore value='7570'/>
		<gasScore value='1264'/>
		<totalScore value='23584'/>
	</enemy>

	<scoreRatio value='0.403155'/>
</results>
