<results>
	<result value='loss'/>
	<start value='2015-05-03.16:07:18'/>
	<end value='2015-05-03.16:07:53'/>
	<frames value='33792'/>
	<gameDuration value='2112'/>

	<player>
		<unitScore value='11275'/>
		<killScore value='9400'/>
		<buildingScore value='1425'/>
		<razingScore value='300'/>
		<mineralScore value='11902'/>
		<gasScore value='2296'/>
		<totalScore value='36598'/>
	</player>

	<enemy>
		<race value='Protoss'/>
		<unitScore value='19700'/>
		<unitScore value='19700'/>
		<killScore value='22550'/>
		<buildingScore value='7025'/>
		<razingScore value='4275'/>
		<mineralScore value='22406'/>
		<gasScore value='8264'/>
		<totalScore value='84220'/>
	</enemy>

	<scoreRatio value='0.434552'/>
	<timeFitness value='0.293333'/>
	<unitsAverage value='37'/>
</results>
