<results>
	<result value='loss'/>
	<start value='2015-05-03.16:06:59'/>
	<end value='2015-05-03.16:07:13'/>
	<frames value='15440'/>
	<gameDuration value='965'/>

	<player>
		<unitScore value='3250'/>
		<killScore value='600'/>
		<buildingScore value='2175'/>
		<razingScore value='0'/>
		<mineralScore value='5850'/>
		<gasScore value='744'/>
		<totalScore value='12619'/>
	</player>

	<enemy>
		<race value='Protoss'/>
		<unitScore value='3550'/>
		<unitScore value='3550'/>
		<killScore value='6400'/>
		<buildingScore value='3075'/>
		<razingScore value='6525'/>
		<mineralScore value='7994'/>
		<gasScore value='1432'/>
		<totalScore value='28976'/>
	</enemy>

	<scoreRatio value='0.435498'/>
	<timeFitness value='0.134028'/>
	<unitsAverage value='28'/>
</results>
