<results>
	<result value='win'/>
	<start value='2015-05-03.16:11:56'/>
	<end value='2015-05-03.16:13:03'/>
	<frames value='33885'/>
	<gameDuration value='2117'/>

	<player>
		<unitScore value='23650'/>
		<killScore value='23900'/>
		<buildingScore value='4225'/>
		<razingScore value='15975'/>
		<mineralScore value='27722'/>
		<gasScore value='3728'/>
		<totalScore value='99200'/>
	</player>

	<enemy>
		<race value='Protoss'/>
		<unitScore value='12650'/>
		<unitScore value='12650'/>
		<killScore value='23250'/>
		<buildingScore value='5325'/>
		<razingScore value='0'/>
		<mineralScore value='14398'/>
		<gasScore value='3416'/>
		<totalScore value='59039'/>
	</enemy>

	<scoreRatio value='1.68025'/>
	<timeFitness value='0.705972'/>
	<unitsAverage value='108'/>
</results>
