<results>
	<result value='loss'/>
	<start value='2015-05-03.16:16:30'/>
	<end value='2015-05-03.16:16:49'/>
	<frames value='18571'/>
	<gameDuration value='1160'/>

	<player>
		<unitScore value='4650'/>
		<killScore value='1200'/>
		<buildingScore value='2075'/>
		<razingScore value='0'/>
		<mineralScore value='7218'/>
		<gasScore value='888'/>
		<totalScore value='16031'/>
	</player>

	<enemy>
		<race value='Protoss'/>
		<unitScore value='4225'/>
		<unitScore value='4225'/>
		<killScore value='9300'/>
		<buildingScore value='4175'/>
		<razingScore value='6225'/>
		<mineralScore value='9530'/>
		<gasScore value='2224'/>
		<totalScore value='35679'/>
	</enemy>

	<scoreRatio value='0.449312'/>
	<timeFitness value='0.161111'/>
	<unitsAverage value='33'/>
</results>
