<results>
	<result value='loss'/>
	<start value='2015-05-03.16:30:01'/>
	<end value='2015-05-03.16:30:22'/>
	<frames value='24182'/>
	<gameDuration value='1511'/>

	<player>
		<unitScore value='4100'/>
		<killScore value='2000'/>
		<buildingScore value='1700'/>
		<razingScore value='0'/>
		<mineralScore value='5706'/>
		<gasScore value='760'/>
		<totalScore value='14266'/>
	</player>

	<enemy>
		<race value='Protoss'/>
		<unitScore value='8950'/>
		<unitScore value='8950'/>
		<killScore value='7950'/>
		<buildingScore value='6525'/>
		<razingScore value='5100'/>
		<mineralScore value='15202'/>
		<gasScore value='4528'/>
		<totalScore value='48255'/>
	</enemy>

	<scoreRatio value='0.295638'/>
	<timeFitness value='0.209861'/>
	<unitsAverage value='20'/>
</results>
