<results>
	<result value='loss'/>
	<start value='2015-05-03.16:40:33'/>
	<end value='2015-05-03.16:40:49'/>
	<frames value='17052'/>
	<gameDuration value='1065'/>

	<player>
		<unitScore value='2750'/>
		<killScore value='1200'/>
		<buildingScore value='2025'/>
		<razingScore value='0'/>
		<mineralScore value='5058'/>
		<gasScore value='680'/>
		<totalScore value='11713'/>
	</player>

	<enemy>
		<race value='Protoss'/>
		<unitScore value='3600'/>
		<unitScore value='3600'/>
		<killScore value='5750'/>
		<buildingScore value='3925'/>
		<razingScore value='6075'/>
		<mineralScore value='8962'/>
		<gasScore value='1632'/>
		<totalScore value='29944'/>
	</enemy>

	<scoreRatio value='0.391163'/>
	<timeFitness value='0.147917'/>
	<unitsAverage value='23'/>
</results>
