<results>
	<result value='win'/>
	<start value='2015-05-03.15:07:51'/>
	<end value='2015-05-03.15:08:40'/>
	<frames value='39279'/>
	<gameDuration value='2454'/>

	<player>
		<unitScore value='20375'/>
		<killScore value='25400'/>
		<buildingScore value='4075'/>
		<razingScore value='10125'/>
		<mineralScore value='31666'/>
		<gasScore value='4520'/>
		<totalScore value='96161'/>
	</player>

	<enemy>
		<race value='Terran'/>
		<unitScore value='12700'/>
		<unitScore value='12700'/>
		<killScore value='14750'/>
		<buildingScore value='3375'/>
		<razingScore value='2100'/>
		<mineralScore value='12050'/>
		<gasScore value='5462'/>
		<totalScore value='50437'/>
	</enemy>

	<scoreRatio value='1.90656'/>
	<timeFitness value='0.659167'/>
	<unitsAverage value='110'/>
</results>
