<results>
	<result value='loss'/>
	<start value='2015-03-31.10:53:09'/>
	<end value='2015-03-31.10:53:22'/>
	<frames value='26662'/>
	<gameDuration value='1666'/>

	<player>
		<unitScore value='2650'/>
		<killScore value='2400'/>
		<buildingScore value='1575'/>
		<razingScore value='0'/>
		<mineralScore value='4450'/>
		<gasScore value='736'/>
		<totalScore value='11811'/>
	</player>

	<enemy>
		<race value='Protoss'/>
		<unitScore value='11200'/>
		<unitScore value='11200'/>
		<killScore value='5300'/>
		<buildingScore value='5975'/>
		<razingScore value='4725'/>
		<mineralScore value='17290'/>
		<gasScore value='5488'/>
		<totalScore value='49978'/>
	</enemy>

	<scoreRatio value='0.236324'/>
</results>
