<results>
	<result value='win'/>
	<start value='2015-05-08.08:22:15'/>
	<end value='2015-05-08.08:23:11'/>
	<frames value='38318'/>
	<gameDuration value='2394'/>

	<player>
		<unitScore value='24525'/>
		<killScore value='28000'/>
		<buildingScore value='5325'/>
		<razingScore value='8400'/>
		<mineralScore value='36826'/>
		<gasScore value='3776'/>
		<totalScore value='106852'/>
	</player>

	<enemy>
		<race value='Terran'/>
		<unitScore value='14000'/>
		<unitScore value='14000'/>
		<killScore value='23950'/>
		<buildingScore value='2800'/>
		<razingScore value='3075'/>
		<mineralScore value='12050'/>
		<gasScore value='5366'/>
		<totalScore value='61241'/>
	</enemy>

	<scoreRatio value='1.74478'/>
	<timeFitness value='0.6675'/>
	<unitsAverage value='118'/>
</results>
