<results>
	<result value='win'/>
	<start value='2015-05-08.08:23:39'/>
	<end value='2015-05-08.08:24:11'/>
	<frames value='32273'/>
	<gameDuration value='2017'/>

	<player>
		<unitScore value='14875'/>
		<killScore value='31500'/>
		<buildingScore value='4075'/>
		<razingScore value='11400'/>
		<mineralScore value='25522'/>
		<gasScore value='3688'/>
		<totalScore value='91060'/>
	</player>

	<enemy>
		<race value='Terran'/>
		<unitScore value='17350'/>
		<unitScore value='17350'/>
		<killScore value='9150'/>
		<buildingScore value='3800'/>
		<razingScore value='1650'/>
		<mineralScore value='14890'/>
		<gasScore value='7496'/>
		<totalScore value='54336'/>
	</enemy>

	<scoreRatio value='1.67587'/>
	<timeFitness value='0.719861'/>
	<unitsAverage value='85'/>
</results>
