<results>
	<result value='loss'/>
	<start value='2015-05-05.00:33:45'/>
	<end value='2015-05-05.00:34:21'/>
	<frames value='45696'/>
	<gameDuration value='2856'/>

	<player>
		<unitScore value='9350'/>
		<killScore value='16400'/>
		<buildingScore value='3550'/>
		<razingScore value='4050'/>
		<mineralScore value='13442'/>
		<gasScore value='2896'/>
		<totalScore value='49688'/>
	</player>

	<enemy>
		<race value='Terran'/>
		<unitScore value='22425'/>
		<unitScore value='22425'/>
		<killScore value='18700'/>
		<buildingScore value='5650'/>
		<razingScore value='10650'/>
		<mineralScore value='20374'/>
		<gasScore value='11966'/>
		<totalScore value='89765'/>
	</enemy>

	<scoreRatio value='0.553534'/>
	<timeFitness value='0.396667'/>
	<unitsAverage value='37'/>
</results>
