<results>
	<result value='win'/>
	<start value='2015-05-08.08:30:39'/>
	<end value='2015-05-08.08:31:21'/>
	<frames value='36954'/>
	<gameDuration value='2309'/>

	<player>
		<unitScore value='19225'/>
		<killScore value='27900'/>
		<buildingScore value='5175'/>
		<razingScore value='9675'/>
		<mineralScore value='29770'/>
		<gasScore value='3872'/>
		<totalScore value='95617'/>
	</player>

	<enemy>
		<race value='Terran'/>
		<unitScore value='14750'/>
		<unitScore value='14750'/>
		<killScore value='16700'/>
		<buildingScore value='3225'/>
		<razingScore value='3600'/>
		<mineralScore value='13106'/>
		<gasScore value='5924'/>
		<totalScore value='57305'/>
	</enemy>

	<scoreRatio value='1.66856'/>
	<timeFitness value='0.679306'/>
	<unitsAverage value='96'/>
</results>
