<results>
	<result value='win'/>
	<start value='2015-05-08.08:32:39'/>
	<end value='2015-05-08.08:32:52'/>
	<frames value='17455'/>
	<gameDuration value='1090'/>

	<player>
		<unitScore value='7500'/>
		<killScore value='11100'/>
		<buildingScore value='2575'/>
		<razingScore value='4125'/>
		<mineralScore value='12434'/>
		<gasScore value='960'/>
		<totalScore value='38694'/>
	</player>

	<enemy>
		<race value='Terran'/>
		<unitScore value='5550'/>
		<unitScore value='5550'/>
		<killScore value='2500'/>
		<buildingScore value='1450'/>
		<razingScore value='0'/>
		<mineralScore value='7330'/>
		<gasScore value='2032'/>
		<totalScore value='18862'/>
	</enemy>

	<scoreRatio value='2.05143'/>
	<timeFitness value='0.848611'/>
	<unitsAverage value='57'/>
</results>
