<results>
	<result value='win'/>
	<start value='2015-05-05.00:54:52'/>
	<end value='2015-05-05.00:56:09'/>
	<frames value='49416'/>
	<gameDuration value='3088'/>

	<player>
		<unitScore value='21225'/>
		<killScore value='43800'/>
		<buildingScore value='4725'/>
		<razingScore value='12900'/>
		<mineralScore value='37858'/>
		<gasScore value='5360'/>
		<totalScore value='125868'/>
	</player>

	<enemy>
		<race value='Terran'/>
		<unitScore value='28100'/>
		<unitScore value='28100'/>
		<killScore value='16200'/>
		<buildingScore value='4300'/>
		<razingScore value='4200'/>
		<mineralScore value='19550'/>
		<gasScore value='10984'/>
		<totalScore value='83334'/>
	</enemy>

	<scoreRatio value='1.5104'/>
	<timeFitness value='0.571111'/>
	<unitsAverage value='105'/>
</results>
