<results>
	<result value='win'/>
	<start value='2015-04-30.11:44:45'/>
	<end value='2015-04-30.11:45:01'/>
	<frames value='21175'/>
	<gameDuration value='1323'/>

	<player>
		<unitScore value='11400'/>
		<killScore value='20290'/>
		<buildingScore value='2875'/>
		<razingScore value='4680'/>
		<mineralScore value='15218'/>
		<gasScore value='1048'/>
		<totalScore value='55511'/>
	</player>

	<enemy>
		<race value='Zerg'/>
		<unitScore value='9350'/>
		<unitScore value='9350'/>
		<killScore value='8900'/>
		<buildingScore value='1560'/>
		<razingScore value='0'/>
		<mineralScore value='8730'/>
		<gasScore value='2336'/>
		<totalScore value='30876'/>
	</enemy>

	<scoreRatio value='1.79787'/>
	<timeFitness value='0.81625'/>
	<unitsAverage value='63'/>
</results>
