<results>
	<result value='win'/>
	<start value='2015-04-30.11:46:52'/>
	<end value='2015-04-30.11:47:35'/>
	<frames value='28956'/>
	<gameDuration value='1809'/>

	<player>
		<unitScore value='20150'/>
		<killScore value='30020'/>
		<buildingScore value='4500'/>
		<razingScore value='4800'/>
		<mineralScore value='29506'/>
		<gasScore value='3280'/>
		<totalScore value='92256'/>
	</player>

	<enemy>
		<race value='Zerg'/>
		<unitScore value='14075'/>
		<unitScore value='14075'/>
		<killScore value='17500'/>
		<buildingScore value='1600'/>
		<razingScore value='0'/>
		<mineralScore value='11626'/>
		<gasScore value='3744'/>
		<totalScore value='48545'/>
	</enemy>

	<scoreRatio value='1.90042'/>
	<timeFitness value='0.74875'/>
	<unitsAverage value='102'/>
</results>
