<results>
	<result value='win'/>
	<start value='2015-04-30.11:49:26'/>
	<end value='2015-04-30.11:50:04'/>
	<frames value='28150'/>
	<gameDuration value='1759'/>

	<player>
		<unitScore value='18975'/>
		<killScore value='24920'/>
		<buildingScore value='4050'/>
		<razingScore value='7275'/>
		<mineralScore value='27770'/>
		<gasScore value='1936'/>
		<totalScore value='84926'/>
	</player>

	<enemy>
		<race value='Zerg'/>
		<unitScore value='11875'/>
		<unitScore value='11875'/>
		<killScore value='17500'/>
		<buildingScore value='2425'/>
		<razingScore value='0'/>
		<mineralScore value='11922'/>
		<gasScore value='4232'/>
		<totalScore value='47954'/>
	</enemy>

	<scoreRatio value='1.77099'/>
	<timeFitness value='0.755694'/>
	<unitsAverage value='106'/>
</results>
