<results>
	<result value='draw'/>
	<start value='2015-04-12.16:41:03'/>
	<end value='2015-04-12.16:42:47'/>
	<frames value='57601'/>
	<gameDuration value='3600'/>

	<player>
		<unitScore value='30125'/>
		<killScore value='32000'/>
		<buildingScore value='4375'/>
		<razingScore value='14550'/>
		<mineralScore value='42738'/>
		<gasScore value='7920'/>
		<totalScore value='131708'/>
	</player>

	<enemy>
		<race value='Protoss'/>
		<unitScore value='17350'/>
		<unitScore value='17350'/>
		<killScore value='32000'/>
		<buildingScore value='6075'/>
		<razingScore value='1950'/>
		<mineralScore value='20198'/>
		<gasScore value='9522'/>
		<totalScore value='87095'/>
	</enemy>

	<scoreRatio value='1.51223'/>
</results>
