<results>
	<result value='loss'/>
	<start value='2014-07-22.22:59:22'/>
	<end value='2014-07-22.23:00:00'/>
	<frames value='48548'/>
	<gameDuration value='3034'/>

	<player>
		<unitScore value='21325'/>
		<killScore value='47100'/>
		<buildingScore value='2825'/>
		<razingScore value='450'/>
		<mineralScore value='24050'/>
		<gasScore value='3824'/>
		<totalScore value='99574'/>
	</player>

	<enemy>
		<race value='Protoss'/>
		<unitScore value='40375'/>
		<unitScore value='40375'/>
		<killScore value='42750'/>
		<buildingScore value='7125'/>
		<razingScore value='8475'/>
		<mineralScore value='34338'/>
		<gasScore value='11588'/>
		<totalScore value='144651'/>
	</enemy>

	<scoreRatio value='0.688374'/>
</results>
