<results>
	<result value='loss'/>
	<start value='2015-04-10.03:22:22'/>
	<end value='2015-04-10.03:23:28'/>
	<frames value='50284'/>
	<gameDuration value='3142'/>

	<player>
		<unitScore value='23200'/>
		<killScore value='40400'/>
		<buildingScore value='2475'/>
		<razingScore value='3375'/>
		<mineralScore value='24066'/>
		<gasScore value='4928'/>
		<totalScore value='98444'/>
	</player>

	<enemy>
		<race value='Protoss'/>
		<unitScore value='38550'/>
		<unitScore value='38550'/>
		<killScore value='46500'/>
		<buildingScore value='8350'/>
		<razingScore value='7425'/>
		<mineralScore value='35390'/>
		<gasScore value='12620'/>
		<totalScore value='148835'/>
	</enemy>

	<scoreRatio value='0.66143'/>
</results>
