<results>
	<result value='loss'/>
	<start value='2015-04-10.03:25:29'/>
	<end value='2015-04-10.03:25:39'/>
	<frames value='19749'/>
	<gameDuration value='1234'/>

	<player>
		<unitScore value='4300'/>
		<killScore value='3200'/>
		<buildingScore value='1225'/>
		<razingScore value='0'/>
		<mineralScore value='6010'/>
		<gasScore value='1224'/>
		<totalScore value='15959'/>
	</player>

	<enemy>
		<race value='Protoss'/>
		<unitScore value='5175'/>
		<unitScore value='5175'/>
		<killScore value='8850'/>
		<buildingScore value='4375'/>
		<razingScore value='3675'/>
		<mineralScore value='10642'/>
		<gasScore value='2976'/>
		<totalScore value='35693'/>
	</enemy>

	<scoreRatio value='0.447118'/>
</results>
