<results>
	<result value='loss'/>
	<start value='2015-05-21.15:45:14'/>
	<end value='2015-05-21.15:45:39'/>
	<frames value='27716'/>
	<gameDuration value='1732'/>

	<player>
		<unitScore value='13675'/>
		<killScore value='9350'/>
		<buildingScore value='2275'/>
		<razingScore value='1215'/>
		<mineralScore value='13474'/>
		<gasScore value='1616'/>
		<totalScore value='41605'/>
	</player>

	<enemy>
		<race value='Zerg'/>
		<unitScore value='13750'/>
		<killScore value='27350'/>
		<buildingScore value='3450'/>
		<razingScore value='6825'/>
		<mineralScore value='16382'/>
		<gasScore value='4560'/>
		<totalScore value='72317'/>
	</enemy>

	<scoreRatio value='0.575314'/>
	<timeFitness value='0.240556'/>
	<unitsAverage value='57'/>
</results>
