<results>
	<result value='win'/>
	<start value='2015-05-03.11:35:18'/>
	<end value='2015-05-03.11:35:42'/>
	<frames value='23221'/>
	<gameDuration value='1451'/>

	<player>
		<unitScore value='11975'/>
		<killScore value='16560'/>
		<buildingScore value='3125'/>
		<razingScore value='6855'/>
		<mineralScore value='16394'/>
		<gasScore value='2400'/>
		<totalScore value='57309'/>
	</player>

	<enemy>
		<race value='Zerg'/>
		<unitScore value='7600'/>
		<unitScore value='7600'/>
		<killScore value='8100'/>
		<buildingScore value='2285'/>
		<razingScore value='0'/>
		<mineralScore value='7738'/>
		<gasScore value='2256'/>
		<totalScore value='27979'/>
	</enemy>

	<scoreRatio value='2.04829'/>
	<timeFitness value='0.798472'/>
	<unitsAverage value='75'/>
</results>
