<results>
	<result value='win'/>
	<start value='2015-04-29.09:28:14'/>
	<end value='2015-04-29.09:28:44'/>
	<frames value='32366'/>
	<gameDuration value='2022'/>

	<player>
		<unitScore value='20800'/>
		<killScore value='23650'/>
		<buildingScore value='4775'/>
		<razingScore value='14475'/>
		<mineralScore value='33450'/>
		<gasScore value='3736'/>
		<totalScore value='100886'/>
	</player>

	<enemy>
		<race value='Protoss'/>
		<unitScore value='13450'/>
		<unitScore value='13450'/>
		<killScore value='18450'/>
		<buildingScore value='4825'/>
		<razingScore value='1650'/>
		<mineralScore value='12950'/>
		<gasScore value='3992'/>
		<totalScore value='55317'/>
	</enemy>

	<scoreRatio value='1.82378'/>
	<timeFitness value='0.719167'/>
	<unitsAverage value='102'/>
</results>
