<results>
	<result value='loss'/>
	<start value='2015-05-09.07:19:41'/>
	<end value='2015-05-09.07:19:53'/>
	<frames value='23190'/>
	<gameDuration value='1449'/>

	<player>
		<unitScore value='6850'/>
		<killScore value='4200'/>
		<buildingScore value='2050'/>
		<razingScore value='0'/>
		<mineralScore value='8930'/>
		<gasScore value='1344'/>
		<totalScore value='23374'/>
	</player>

	<enemy>
		<race value='Terran'/>
		<unitScore value='10475'/>
		<unitScore value='10475'/>
		<killScore value='13700'/>
		<buildingScore value='3400'/>
		<razingScore value='6150'/>
		<mineralScore value='11362'/>
		<gasScore value='4728'/>
		<totalScore value='49815'/>
	</enemy>

	<scoreRatio value='0.469216'/>
	<timeFitness value='0.20125'/>
	<unitsAverage value='36'/>
</results>
