<results>
	<result value='win'/>
	<start value='2015-05-09.07:26:19'/>
	<end value='2015-05-09.07:26:37'/>
	<frames value='28894'/>
	<gameDuration value='1805'/>

	<player>
		<unitScore value='11550'/>
		<killScore value='24500'/>
		<buildingScore value='2625'/>
		<razingScore value='7275'/>
		<mineralScore value='14442'/>
		<gasScore value='2056'/>
		<totalScore value='62448'/>
	</player>

	<enemy>
		<race value='Terran'/>
		<unitScore value='12250'/>
		<unitScore value='12250'/>
		<killScore value='12950'/>
		<buildingScore value='2500'/>
		<razingScore value='2250'/>
		<mineralScore value='11950'/>
		<gasScore value='4472'/>
		<totalScore value='46372'/>
	</enemy>

	<scoreRatio value='1.34667'/>
	<timeFitness value='0.749306'/>
	<unitsAverage value='58'/>
</results>
