<results>
	<result value='draw'/>
	<start value='2015-07-17.11:17:25'/>
	<end value='2015-07-17.11:20:08'/>
	<frames value='57601'/>
	<gameDuration value='3600'/>

	<player>
		<unitScore value='40425'/>
		<killScore value='17200'/>
		<buildingScore value='4525'/>
		<razingScore value='150'/>
		<mineralScore value='33510'/>
		<gasScore value='8390'/>
		<totalScore value='104200'/>
	</player>

	<enemy>
		<race value='Terran'/>
		<unitScore value='22300'/>
		<killScore value='60250'/>
		<buildingScore value='4275'/>
		<razingScore value='2850'/>
		<mineralScore value='19550'/>
		<gasScore value='11914'/>
		<totalScore value='121139'/>
	</enemy>

	<scoreRatio value='0.860169'/>
	<timeFitness value='0.5'/>
	<unitsAverage value='145'/>
</results>
