<results>
	<result value='win'/>
	<start value='2014-07-05.16:26:09'/>
	<end value='2014-07-05.16:26:32'/>
	<frames value='28119'/>
	<gameDuration value='1757'/>

	<player>
		<unitScore value='14100'/>
		<killScore value='22980'/>
		<buildingScore value='4725'/>
		<razingScore value='5460'/>
		<mineralScore value='28522'/>
		<gasScore value='2904'/>
		<totalScore value='78691'/>
	</player>

	<enemy>
		<race value='Zerg'/>
		<unitScore value='10300'/>
		<unitScore value='10300'/>
		<killScore value='9100'/>
		<buildingScore value='1820'/>
		<razingScore value='0'/>
		<mineralScore value='10446'/>
		<gasScore value='3064'/>
		<totalScore value='34730'/>
	</enemy>

	<scoreRatio value='2.26579'/>
</results>
