<results>
	<result value='win'/>
	<start value='2015-05-03.20:43:26'/>
	<end value='2015-05-03.20:44:14'/>
	<frames value='35590'/>
	<gameDuration value='2224'/>

	<player>
		<unitScore value='34900'/>
		<killScore value='27845'/>
		<buildingScore value='4300'/>
		<razingScore value='5595'/>
		<mineralScore value='41946'/>
		<gasScore value='0'/>
		<totalScore value='114586'/>
	</player>

	<enemy>
		<race value='Zerg'/>
		<unitScore value='13750'/>
		<unitScore value='13750'/>
		<killScore value='53100'/>
		<buildingScore value='1865'/>
		<razingScore value='0'/>
		<mineralScore value='12746'/>
		<gasScore value='4016'/>
		<totalScore value='85477'/>
	</enemy>

	<scoreRatio value='1.34055'/>
	<timeFitness value='0.691111'/>
	<unitsAverage value='117'/>
</results>
