<results>
	<result value='win'/>
	<start value='2015-05-03.21:05:31'/>
	<end value='2015-05-03.21:06:04'/>
	<frames value='27499'/>
	<gameDuration value='1718'/>

	<player>
		<unitScore value='20250'/>
		<killScore value='24380'/>
		<buildingScore value='3975'/>
		<razingScore value='5535'/>
		<mineralScore value='28986'/>
		<gasScore value='0'/>
		<totalScore value='83126'/>
	</player>

	<enemy>
		<race value='Zerg'/>
		<unitScore value='11100'/>
		<unitScore value='11100'/>
		<killScore value='24400'/>
		<buildingScore value='1845'/>
		<razingScore value='0'/>
		<mineralScore value='10058'/>
		<gasScore value='3032'/>
		<totalScore value='50435'/>
	</enemy>

	<scoreRatio value='1.64818'/>
	<timeFitness value='0.761389'/>
	<unitsAverage value='98'/>
</results>
