<results>
	<result value='loss'/>
	<start value='2015-05-03.22:00:28'/>
	<end value='2015-05-03.22:01:25'/>
	<frames value='45510'/>
	<gameDuration value='2844'/>

	<player>
		<unitScore value='26500'/>
		<killScore value='43635'/>
		<buildingScore value='3625'/>
		<razingScore value='2010'/>
		<mineralScore value='31874'/>
		<gasScore value='1392'/>
		<totalScore value='109036'/>
	</player>

	<enemy>
		<race value='Zerg'/>
		<unitScore value='27800'/>
		<unitScore value='27800'/>
		<killScore value='53000'/>
		<buildingScore value='4315'/>
		<razingScore value='10875'/>
		<mineralScore value='25354'/>
		<gasScore value='7554'/>
		<totalScore value='128898'/>
	</enemy>

	<scoreRatio value='0.845909'/>
	<timeFitness value='0.395'/>
	<unitsAverage value='97'/>
</results>
