<results>
	<result value='win'/>
	<start value='2015-05-10.20:38:16'/>
	<end value='2015-05-10.20:38:50'/>
	<frames value='34939'/>
	<gameDuration value='2183'/>

	<player>
		<unitScore value='23700'/>
		<killScore value='38555'/>
		<buildingScore value='3725'/>
		<razingScore value='10590'/>
		<mineralScore value='28382'/>
		<gasScore value='3264'/>
		<totalScore value='108216'/>
	</player>

	<enemy>
		<race value='Zerg'/>
		<unitScore value='18225'/>
		<unitScore value='18225'/>
		<killScore value='27400'/>
		<buildingScore value='3530'/>
		<razingScore value='150'/>
		<mineralScore value='18370'/>
		<gasScore value='5152'/>
		<totalScore value='72827'/>
	</enemy>

	<scoreRatio value='1.48593'/>
	<timeFitness value='0.696806'/>
	<unitsAverage value='95'/>
</results>
