<results>
	<result value='win'/>
	<start value='2015-05-10.20:54:44'/>
	<end value='2015-05-10.20:55:13'/>
	<frames value='27375'/>
	<gameDuration value='1710'/>

	<player>
		<unitScore value='20975'/>
		<killScore value='32480'/>
		<buildingScore value='4775'/>
		<razingScore value='5940'/>
		<mineralScore value='26602'/>
		<gasScore value='1800'/>
		<totalScore value='92572'/>
	</player>

	<enemy>
		<race value='Zerg'/>
		<unitScore value='14400'/>
		<unitScore value='14400'/>
		<killScore value='18500'/>
		<buildingScore value='1980'/>
		<razingScore value='0'/>
		<mineralScore value='12298'/>
		<gasScore value='3880'/>
		<totalScore value='51058'/>
	</enemy>

	<scoreRatio value='1.81308'/>
	<timeFitness value='0.7625'/>
	<unitsAverage value='106'/>
</results>
