<results>
	<result value='loss'/>
	<start value='2015-07-21.11:13:30'/>
	<end value='2015-07-21.11:13:50'/>
	<frames value='19780'/>
	<gameDuration value='1236'/>

	<player>
		<unitScore value='6750'/>
		<killScore value='1200'/>
		<buildingScore value='2900'/>
		<razingScore value='0'/>
		<mineralScore value='8082'/>
		<gasScore value='1656'/>
		<totalScore value='20588'/>
	</player>

	<enemy>
		<race value='Zerg'/>
		<unitScore value='8125'/>
		<killScore value='13500'/>
		<buildingScore value='2310'/>
		<razingScore value='8700'/>
		<mineralScore value='9354'/>
		<gasScore value='2744'/>
		<totalScore value='44733'/>
	</enemy>

	<scoreRatio value='0.460242'/>
	<timeFitness value='0.171667'/>
	<unitsAverage value='38'/>
</results>
