<results>
	<result value='loss'/>
	<start value='2015-07-21.11:30:44'/>
	<end value='2015-07-21.11:31:45'/>
	<frames value='27065'/>
	<gameDuration value='1691'/>

	<player>
		<unitScore value='12850'/>
		<killScore value='1350'/>
		<buildingScore value='3750'/>
		<razingScore value='0'/>
		<mineralScore value='19110'/>
		<gasScore value='0'/>
		<totalScore value='37060'/>
	</player>

	<enemy>
		<race value='Zerg'/>
		<unitScore value='13475'/>
		<killScore value='21500'/>
		<buildingScore value='3295'/>
		<razingScore value='11250'/>
		<mineralScore value='15986'/>
		<gasScore value='5232'/>
		<totalScore value='70738'/>
	</enemy>

	<scoreRatio value='0.523905'/>
	<timeFitness value='0.234861'/>
	<unitsAverage value='75'/>
</results>
