<results>
	<result value='win'/>
	<start value='2015-04-10.18:18:19'/>
	<end value='2015-04-10.18:19:29'/>
	<frames value='33017'/>
	<gameDuration value='2063'/>

	<player>
		<unitScore value='22625'/>
		<killScore value='27300'/>
		<buildingScore value='4550'/>
		<razingScore value='16125'/>
		<mineralScore value='29494'/>
		<gasScore value='3464'/>
		<totalScore value='103558'/>
	</player>

	<enemy>
		<race value='Protoss'/>
		<unitScore value='15450'/>
		<unitScore value='15450'/>
		<killScore value='21200'/>
		<buildingScore value='5375'/>
		<razingScore value='150'/>
		<mineralScore value='15258'/>
		<gasScore value='5928'/>
		<totalScore value='63361'/>
	</enemy>

	<scoreRatio value='1.63441'/>
</results>
