<results>
	<result value='win'/>
	<start value='2015-05-04.03:29:41'/>
	<end value='2015-05-04.03:30:11'/>
	<frames value='30289'/>
	<gameDuration value='1893'/>

	<player>
		<unitScore value='13850'/>
		<killScore value='30250'/>
		<buildingScore value='3900'/>
		<razingScore value='8625'/>
		<mineralScore value='21242'/>
		<gasScore value='2896'/>
		<totalScore value='80763'/>
	</player>

	<enemy>
		<race value='Terran'/>
		<unitScore value='16900'/>
		<unitScore value='16900'/>
		<killScore value='10200'/>
		<buildingScore value='2875'/>
		<razingScore value='1950'/>
		<mineralScore value='13410'/>
		<gasScore value='5752'/>
		<totalScore value='51087'/>
	</enemy>

	<scoreRatio value='1.58089'/>
	<timeFitness value='0.737083'/>
	<unitsAverage value='77'/>
</results>
