<results>
	<result value='win'/>
	<start value='2015-05-04.03:32:34'/>
	<end value='2015-05-04.03:32:47'/>
	<frames value='17982'/>
	<gameDuration value='1123'/>

	<player>
		<unitScore value='5475'/>
		<killScore value='11550'/>
		<buildingScore value='2300'/>
		<razingScore value='4350'/>
		<mineralScore value='8866'/>
		<gasScore value='1608'/>
		<totalScore value='34149'/>
	</player>

	<enemy>
		<race value='Terran'/>
		<unitScore value='5775'/>
		<unitScore value='5775'/>
		<killScore value='2300'/>
		<buildingScore value='1450'/>
		<razingScore value='1350'/>
		<mineralScore value='7330'/>
		<gasScore value='2072'/>
		<totalScore value='20277'/>
	</enemy>

	<scoreRatio value='1.68412'/>
	<timeFitness value='0.844028'/>
	<unitsAverage value='44'/>
</results>
