<results>
	<result value='win'/>
	<start value='2015-05-03.02:24:26'/>
	<end value='2015-05-03.02:25:07'/>
	<frames value='34908'/>
	<gameDuration value='2181'/>

	<player>
		<unitScore value='21750'/>
		<killScore value='33550'/>
		<buildingScore value='3700'/>
		<razingScore value='12525'/>
		<mineralScore value='32362'/>
		<gasScore value='2784'/>
		<totalScore value='106671'/>
	</player>

	<enemy>
		<race value='Terran'/>
		<unitScore value='19175'/>
		<unitScore value='19175'/>
		<killScore value='21550'/>
		<buildingScore value='4175'/>
		<razingScore value='150'/>
		<mineralScore value='16558'/>
		<gasScore value='8292'/>
		<totalScore value='69900'/>
	</enemy>

	<scoreRatio value='1.52605'/>
	<timeFitness value='0.697083'/>
	<unitsAverage value='101'/>
</results>
