<results>
	<result value='win'/>
	<start value='2015-05-03.04:29:18'/>
	<end value='2015-05-03.04:29:39'/>
	<frames value='19284'/>
	<gameDuration value='1205'/>

	<player>
		<unitScore value='6325'/>
		<killScore value='14400'/>
		<buildingScore value='2200'/>
		<razingScore value='5250'/>
		<mineralScore value='9226'/>
		<gasScore value='1768'/>
		<totalScore value='39169'/>
	</player>

	<enemy>
		<race value='Terran'/>
		<unitScore value='7200'/>
		<unitScore value='7200'/>
		<killScore value='5700'/>
		<buildingScore value='1750'/>
		<razingScore value='2850'/>
		<mineralScore value='7514'/>
		<gasScore value='2240'/>
		<totalScore value='27254'/>
	</enemy>

	<scoreRatio value='1.43718'/>
	<timeFitness value='0.832639'/>
	<unitsAverage value='44'/>
</results>
