<results>
	<result value='win'/>
	<start value='2015-05-04.03:57:24'/>
	<end value='2015-05-04.03:57:38'/>
	<frames value='17765'/>
	<gameDuration value='1110'/>

	<player>
		<unitScore value='6450'/>
		<killScore value='10000'/>
		<buildingScore value='1975'/>
		<razingScore value='4125'/>
		<mineralScore value='9466'/>
		<gasScore value='1152'/>
		<totalScore value='33168'/>
	</player>

	<enemy>
		<race value='Terran'/>
		<unitScore value='5000'/>
		<unitScore value='5000'/>
		<killScore value='2200'/>
		<buildingScore value='1450'/>
		<razingScore value='150'/>
		<mineralScore value='6386'/>
		<gasScore value='1744'/>
		<totalScore value='16930'/>
	</enemy>

	<scoreRatio value='1.95913'/>
	<timeFitness value='0.845833'/>
	<unitsAverage value='48'/>
</results>
