<results>
	<result value='win'/>
	<start value='2015-05-03.02:32:02'/>
	<end value='2015-05-03.02:32:35'/>
	<frames value='32149'/>
	<gameDuration value='2009'/>

	<player>
		<unitScore value='16350'/>
		<killScore value='27200'/>
		<buildingScore value='4575'/>
		<razingScore value='9150'/>
		<mineralScore value='25514'/>
		<gasScore value='2512'/>
		<totalScore value='85301'/>
	</player>

	<enemy>
		<race value='Terran'/>
		<unitScore value='13600'/>
		<unitScore value='13600'/>
		<killScore value='11400'/>
		<buildingScore value='3050'/>
		<razingScore value='1500'/>
		<mineralScore value='11818'/>
		<gasScore value='5222'/>
		<totalScore value='46590'/>
	</enemy>

	<scoreRatio value='1.83089'/>
	<timeFitness value='0.720972'/>
	<unitsAverage value='88'/>
</results>
