<results>
	<result value='win'/>
	<start value='2015-03-31.11:47:51'/>
	<end value='2015-03-31.11:48:22'/>
	<frames value='31808'/>
	<gameDuration value='1988'/>

	<player>
		<unitScore value='18400'/>
		<killScore value='15800'/>
		<buildingScore value='4225'/>
		<razingScore value='17700'/>
		<mineralScore value='26838'/>
		<gasScore value='3568'/>
		<totalScore value='86531'/>
	</player>

	<enemy>
		<race value='Protoss'/>
		<unitScore value='7900'/>
		<unitScore value='7900'/>
		<killScore value='11900'/>
		<buildingScore value='5900'/>
		<razingScore value='300'/>
		<mineralScore value='15242'/>
		<gasScore value='2968'/>
		<totalScore value='44210'/>
	</enemy>

	<scoreRatio value='1.95727'/>
</results>
