<results>
	<result value='win'/>
	<start value='2015-05-05.18:06:27'/>
	<end value='2015-05-05.18:06:52'/>
	<frames value='27437'/>
	<gameDuration value='1714'/>

	<player>
		<unitScore value='13925'/>
		<killScore value='24000'/>
		<buildingScore value='4000'/>
		<razingScore value='9675'/>
		<mineralScore value='20138'/>
		<gasScore value='2696'/>
		<totalScore value='74434'/>
	</player>

	<enemy>
		<race value='Terran'/>
		<unitScore value='12800'/>
		<unitScore value='12800'/>
		<killScore value='10750'/>
		<buildingScore value='3225'/>
		<razingScore value='1350'/>
		<mineralScore value='12402'/>
		<gasScore value='5480'/>
		<totalScore value='46007'/>
	</enemy>

	<scoreRatio value='1.61788'/>
	<timeFitness value='0.761944'/>
	<unitsAverage value='76'/>
</results>
