<results>
	<result value='loss'/>
	<start value='2015-05-10.15:19:43'/>
	<end value='2015-05-10.15:19:52'/>
	<frames value='17362'/>
	<gameDuration value='1085'/>

	<player>
		<unitScore value='4500'/>
		<killScore value='600'/>
		<buildingScore value='1775'/>
		<razingScore value='0'/>
		<mineralScore value='6650'/>
		<gasScore value='440'/>
		<totalScore value='13965'/>
	</player>

	<enemy>
		<race value='Protoss'/>
		<unitScore value='3600'/>
		<unitScore value='3600'/>
		<killScore value='9000'/>
		<buildingScore value='4075'/>
		<razingScore value='5325'/>
		<mineralScore value='9498'/>
		<gasScore value='1744'/>
		<totalScore value='33242'/>
	</enemy>

	<scoreRatio value='0.420101'/>
	<timeFitness value='0.150694'/>
	<unitsAverage value='25'/>
</results>
