<results>
	<result value='win'/>
	<start value='2015-05-10.15:23:21'/>
	<end value='2015-05-10.15:24:35'/>
	<frames value='51152'/>
	<gameDuration value='3197'/>

	<player>
		<unitScore value='31475'/>
		<killScore value='55500'/>
		<buildingScore value='3800'/>
		<razingScore value='18975'/>
		<mineralScore value='35846'/>
		<gasScore value='5472'/>
		<totalScore value='151068'/>
	</player>

	<enemy>
		<race value='Protoss'/>
		<unitScore value='29500'/>
		<unitScore value='29500'/>
		<killScore value='40900'/>
		<buildingScore value='6325'/>
		<razingScore value='225'/>
		<mineralScore value='26578'/>
		<gasScore value='10632'/>
		<totalScore value='114160'/>
	</enemy>

	<scoreRatio value='1.3233'/>
	<timeFitness value='0.555972'/>
	<unitsAverage value='131'/>
</results>
