<results>
	<result value='loss'/>
	<start value='2015-05-10.15:27:16'/>
	<end value='2015-05-10.15:27:25'/>
	<frames value='16742'/>
	<gameDuration value='1046'/>

	<player>
		<unitScore value='3875'/>
		<killScore value='2600'/>
		<buildingScore value='1900'/>
		<razingScore value='0'/>
		<mineralScore value='5986'/>
		<gasScore value='848'/>
		<totalScore value='15209'/>
	</player>

	<enemy>
		<race value='Protoss'/>
		<unitScore value='3850'/>
		<unitScore value='3850'/>
		<killScore value='7750'/>
		<buildingScore value='3625'/>
		<razingScore value='5700'/>
		<mineralScore value='9002'/>
		<gasScore value='1720'/>
		<totalScore value='31647'/>
	</enemy>

	<scoreRatio value='0.480583'/>
	<timeFitness value='0.145278'/>
	<unitsAverage value='27'/>
</results>
