<results>
	<result value='loss'/>
	<start value='2015-05-10.15:27:59'/>
	<end value='2015-05-10.15:28:07'/>
	<frames value='16897'/>
	<gameDuration value='1056'/>

	<player>
		<unitScore value='2950'/>
		<killScore value='1400'/>
		<buildingScore value='1650'/>
		<razingScore value='0'/>
		<mineralScore value='5074'/>
		<gasScore value='440'/>
		<totalScore value='11514'/>
	</player>

	<enemy>
		<race value='Protoss'/>
		<unitScore value='3600'/>
		<unitScore value='3600'/>
		<killScore value='5900'/>
		<buildingScore value='4125'/>
		<razingScore value='4950'/>
		<mineralScore value='9122'/>
		<gasScore value='1616'/>
		<totalScore value='29313'/>
	</enemy>

	<scoreRatio value='0.392795'/>
	<timeFitness value='0.146667'/>
	<unitsAverage value='24'/>
</results>
