<results>
	<result value='win'/>
	<start value='2015-05-10.15:33:53'/>
	<end value='2015-05-10.15:34:44'/>
	<frames value='38504'/>
	<gameDuration value='2406'/>

	<player>
		<unitScore value='28800'/>
		<killScore value='35350'/>
		<buildingScore value='4550'/>
		<razingScore value='15225'/>
		<mineralScore value='36306'/>
		<gasScore value='4376'/>
		<totalScore value='124607'/>
	</player>

	<enemy>
		<race value='Protoss'/>
		<unitScore value='19275'/>
		<unitScore value='19275'/>
		<killScore value='34600'/>
		<buildingScore value='5075'/>
		<razingScore value='825'/>
		<mineralScore value='16962'/>
		<gasScore value='6192'/>
		<totalScore value='82929'/>
	</enemy>

	<scoreRatio value='1.50257'/>
	<timeFitness value='0.665833'/>
	<unitsAverage value='125'/>
</results>
