<results>
	<result value='win'/>
	<start value='2015-04-29.14:41:30'/>
	<end value='2015-04-29.14:42:21'/>
	<frames value='27282'/>
	<gameDuration value='1705'/>

	<player>
		<unitScore value='17975'/>
		<killScore value='23300'/>
		<buildingScore value='4400'/>
		<razingScore value='5340'/>
		<mineralScore value='27014'/>
		<gasScore value='1816'/>
		<totalScore value='79845'/>
	</player>

	<enemy>
		<race value='Zerg'/>
		<unitScore value='11450'/>
		<unitScore value='11450'/>
		<killScore value='12800'/>
		<buildingScore value='1780'/>
		<razingScore value='0'/>
		<mineralScore value='11594'/>
		<gasScore value='4048'/>
		<totalScore value='41672'/>
	</enemy>

	<scoreRatio value='1.91603'/>
	<timeFitness value='0.763194'/>
	<unitsAverage value='104'/>
</results>
