<results>
	<result value='win'/>
	<start value='2015-05-03.03:07:21'/>
	<end value='2015-05-03.03:07:46'/>
	<frames value='23841'/>
	<gameDuration value='1490'/>

	<player>
		<unitScore value='14575'/>
		<killScore value='23290'/>
		<buildingScore value='3625'/>
		<razingScore value='4560'/>
		<mineralScore value='19538'/>
		<gasScore value='1864'/>
		<totalScore value='67452'/>
	</player>

	<enemy>
		<race value='Zerg'/>
		<unitScore value='10325'/>
		<unitScore value='10325'/>
		<killScore value='11650'/>
		<buildingScore value='1520'/>
		<razingScore value='0'/>
		<mineralScore value='9282'/>
		<gasScore value='2512'/>
		<totalScore value='35289'/>
	</enemy>

	<scoreRatio value='1.91142'/>
	<timeFitness value='0.793056'/>
	<unitsAverage value='76'/>
</results>
