<results>
	<result value='win'/>
	<start value='2015-05-03.03:13:23'/>
	<end value='2015-05-03.03:13:46'/>
	<frames value='23438'/>
	<gameDuration value='1464'/>

	<player>
		<unitScore value='12700'/>
		<killScore value='17880'/>
		<buildingScore value='3450'/>
		<razingScore value='4755'/>
		<mineralScore value='20302'/>
		<gasScore value='1376'/>
		<totalScore value='60463'/>
	</player>

	<enemy>
		<race value='Zerg'/>
		<unitScore value='8675'/>
		<unitScore value='8675'/>
		<killScore value='10900'/>
		<buildingScore value='1585'/>
		<razingScore value='0'/>
		<mineralScore value='8586'/>
		<gasScore value='2720'/>
		<totalScore value='32466'/>
	</enemy>

	<scoreRatio value='1.86235'/>
	<timeFitness value='0.796667'/>
	<unitsAverage value='75'/>
</results>
