<results>
	<result value='win'/>
	<start value='2015-05-03.03:15:04'/>
	<end value='2015-05-03.03:15:35'/>
	<frames value='27561'/>
	<gameDuration value='1722'/>

	<player>
		<unitScore value='17750'/>
		<killScore value='28650'/>
		<buildingScore value='3625'/>
		<razingScore value='6495'/>
		<mineralScore value='23126'/>
		<gasScore value='1912'/>
		<totalScore value='81558'/>
	</player>

	<enemy>
		<race value='Zerg'/>
		<unitScore value='12525'/>
		<unitScore value='12525'/>
		<killScore value='19050'/>
		<buildingScore value='2165'/>
		<razingScore value='0'/>
		<mineralScore value='12122'/>
		<gasScore value='3744'/>
		<totalScore value='49606'/>
	</enemy>

	<scoreRatio value='1.64412'/>
	<timeFitness value='0.760833'/>
	<unitsAverage value='85'/>
</results>
