<results>
	<result value='win'/>
	<start value='2014-07-24.02:09:06'/>
	<end value='2014-07-24.02:10:05'/>
	<frames value='43619'/>
	<gameDuration value='2726'/>

	<player>
		<unitScore value='26925'/>
		<killScore value='43550'/>
		<buildingScore value='4875'/>
		<razingScore value='12900'/>
		<mineralScore value='37982'/>
		<gasScore value='6602'/>
		<totalScore value='132834'/>
	</player>

	<enemy>
		<race value='Terran'/>
		<unitScore value='24350'/>
		<unitScore value='24350'/>
		<killScore value='28900'/>
		<buildingScore value='4300'/>
		<razingScore value='3300'/>
		<mineralScore value='17250'/>
		<gasScore value='9116'/>
		<totalScore value='87216'/>
	</enemy>

	<scoreRatio value='1.52305'/>
</results>
