<results>
	<result value='loss'/>
	<start value='2015-05-09.03:13:12'/>
	<end value='2015-05-09.03:13:21'/>
	<frames value='16246'/>
	<gameDuration value='1015'/>

	<player>
		<unitScore value='3400'/>
		<killScore value='1150'/>
		<buildingScore value='1875'/>
		<razingScore value='0'/>
		<mineralScore value='5154'/>
		<gasScore value='800'/>
		<totalScore value='12379'/>
	</player>

	<enemy>
		<race value='Terran'/>
		<unitScore value='5550'/>
		<unitScore value='5550'/>
		<killScore value='5550'/>
		<buildingScore value='1900'/>
		<razingScore value='5625'/>
		<mineralScore value='7498'/>
		<gasScore value='2304'/>
		<totalScore value='28427'/>
	</enemy>

	<scoreRatio value='0.435466'/>
	<timeFitness value='0.140972'/>
	<unitsAverage value='26'/>
</results>
