<results>
	<result value='loss'/>
	<start value='2015-05-09.03:18:22'/>
	<end value='2015-05-09.03:18:32'/>
	<frames value='18230'/>
	<gameDuration value='1139'/>

	<player>
		<unitScore value='5900'/>
		<killScore value='500'/>
		<buildingScore value='1775'/>
		<razingScore value='0'/>
		<mineralScore value='7890'/>
		<gasScore value='0'/>
		<totalScore value='16065'/>
	</player>

	<enemy>
		<race value='Terran'/>
		<unitScore value='6450'/>
		<unitScore value='6450'/>
		<killScore value='11800'/>
		<buildingScore value='2750'/>
		<razingScore value='5325'/>
		<mineralScore value='8354'/>
		<gasScore value='2944'/>
		<totalScore value='37623'/>
	</enemy>

	<scoreRatio value='0.426999'/>
	<timeFitness value='0.158194'/>
	<unitsAverage value='28'/>
</results>
