<results>
	<result value='win'/>
	<start value='2015-04-27.02:35:40'/>
	<end value='2015-04-27.02:36:21'/>
	<frames value='33017'/>
	<gameDuration value='2063'/>

	<player>
		<unitScore value='14575'/>
		<killScore value='20800'/>
		<buildingScore value='4925'/>
		<razingScore value='8775'/>
		<mineralScore value='29446'/>
		<gasScore value='4288'/>
		<totalScore value='82809'/>
	</player>

	<enemy>
		<race value='Terran'/>
		<unitScore value='10800'/>
		<unitScore value='10800'/>
		<killScore value='7400'/>
		<buildingScore value='2925'/>
		<razingScore value='375'/>
		<mineralScore value='10970'/>
		<gasScore value='4128'/>
		<totalScore value='36598'/>
	</enemy>

	<scoreRatio value='2.26266'/>
</results>
