<results>
	<result value='loss'/>
	<start value='2015-04-27.02:38:53'/>
	<end value='2015-04-27.02:39:01'/>
	<frames value='16215'/>
	<gameDuration value='1013'/>

	<player>
		<unitScore value='2150'/>
		<killScore value='400'/>
		<buildingScore value='1525'/>
		<razingScore value='0'/>
		<mineralScore value='3922'/>
		<gasScore value='768'/>
		<totalScore value='8765'/>
	</player>

	<enemy>
		<race value='Terran'/>
		<unitScore value='5700'/>
		<unitScore value='5700'/>
		<killScore value='4300'/>
		<buildingScore value='1950'/>
		<razingScore value='4350'/>
		<mineralScore value='7402'/>
		<gasScore value='2288'/>
		<totalScore value='25990'/>
	</enemy>

	<scoreRatio value='0.337245'/>
</results>
