<results>
	<result value='win'/>
	<start value='2015-05-12.00:13:33'/>
	<end value='2015-05-12.00:14:05'/>
	<frames value='27344'/>
	<gameDuration value='1709'/>

	<player>
		<unitScore value='16625'/>
		<killScore value='14500'/>
		<buildingScore value='4500'/>
		<razingScore value='10575'/>
		<mineralScore value='25650'/>
		<gasScore value='2008'/>
		<totalScore value='73858'/>
	</player>

	<enemy>
		<race value='Protoss'/>
		<unitScore value='7250'/>
		<unitScore value='7250'/>
		<killScore value='9800'/>
		<buildingScore value='3525'/>
		<razingScore value='0'/>
		<mineralScore value='14106'/>
		<gasScore value='1016'/>
		<totalScore value='35697'/>
	</enemy>

	<scoreRatio value='2.06903'/>
	<timeFitness value='0.762639'/>
	<unitsAverage value='103'/>
</results>
