<results>
	<result value='win'/>
	<start value='2015-05-12.00:14:09'/>
	<end value='2015-05-12.00:14:44'/>
	<frames value='34257'/>
	<gameDuration value='2141'/>

	<player>
		<unitScore value='17925'/>
		<killScore value='10900'/>
		<buildingScore value='3850'/>
		<razingScore value='17175'/>
		<mineralScore value='22066'/>
		<gasScore value='3576'/>
		<totalScore value='75492'/>
	</player>

	<enemy>
		<race value='Protoss'/>
		<unitScore value='5450'/>
		<unitScore value='5450'/>
		<killScore value='14000'/>
		<buildingScore value='5725'/>
		<razingScore value='150'/>
		<mineralScore value='14978'/>
		<gasScore value='3640'/>
		<totalScore value='43943'/>
	</enemy>

	<scoreRatio value='1.71795'/>
	<timeFitness value='0.702639'/>
	<unitsAverage value='88'/>
</results>
