<results>
	<result value='loss'/>
	<start value='2015-05-03.05:22:49'/>
	<end value='2015-05-03.05:22:56'/>
	<frames value='17145'/>
	<gameDuration value='1071'/>

	<player>
		<unitScore value='3800'/>
		<killScore value='1800'/>
		<buildingScore value='1425'/>
		<razingScore value='0'/>
		<mineralScore value='5274'/>
		<gasScore value='0'/>
		<totalScore value='12299'/>
	</player>

	<enemy>
		<race value='Protoss'/>
		<unitScore value='3550'/>
		<unitScore value='3550'/>
		<killScore value='7600'/>
		<buildingScore value='4125'/>
		<razingScore value='4275'/>
		<mineralScore value='9034'/>
		<gasScore value='1616'/>
		<totalScore value='30200'/>
	</enemy>

	<scoreRatio value='0.407252'/>
	<timeFitness value='0.14875'/>
	<unitsAverage value='23'/>
</results>
