<results>
	<result value='loss'/>
	<start value='2015-05-03.05:23:31'/>
	<end value='2015-05-03.05:23:37'/>
	<frames value='16091'/>
	<gameDuration value='1005'/>

	<player>
		<unitScore value='3800'/>
		<killScore value='500'/>
		<buildingScore value='2025'/>
		<razingScore value='0'/>
		<mineralScore value='6882'/>
		<gasScore value='0'/>
		<totalScore value='13207'/>
	</player>

	<enemy>
		<race value='Protoss'/>
		<unitScore value='4250'/>
		<unitScore value='4250'/>
		<killScore value='7600'/>
		<buildingScore value='3075'/>
		<razingScore value='6075'/>
		<mineralScore value='7914'/>
		<gasScore value='1864'/>
		<totalScore value='30778'/>
	</enemy>

	<scoreRatio value='0.429105'/>
	<timeFitness value='0.139583'/>
	<unitsAverage value='26'/>
</results>
