<results>
	<result value='loss'/>
	<start value='2015-05-02.17:34:43'/>
	<end value='2015-05-02.17:35:19'/>
	<frames value='42131'/>
	<gameDuration value='2633'/>

	<player>
		<unitScore value='13075'/>
		<killScore value='13250'/>
		<buildingScore value='2950'/>
		<razingScore value='0'/>
		<mineralScore value='15954'/>
		<gasScore value='2416'/>
		<totalScore value='47645'/>
	</player>

	<enemy>
		<race value='Terran'/>
		<unitScore value='23600'/>
		<unitScore value='23600'/>
		<killScore value='26150'/>
		<buildingScore value='5325'/>
		<razingScore value='8850'/>
		<mineralScore value='22594'/>
		<gasScore value='13418'/>
		<totalScore value='99937'/>
	</enemy>

	<scoreRatio value='0.47675'/>
	<timeFitness value='0.365694'/>
	<unitsAverage value='48'/>
</results>
