<results>
	<result value='loss'/>
	<start value='2015-05-02.17:47:29'/>
	<end value='2015-05-02.17:47:39'/>
	<frames value='17145'/>
	<gameDuration value='1071'/>

	<player>
		<unitScore value='3550'/>
		<killScore value='650'/>
		<buildingScore value='1825'/>
		<razingScore value='0'/>
		<mineralScore value='5450'/>
		<gasScore value='912'/>
		<totalScore value='12387'/>
	</player>

	<enemy>
		<race value='Terran'/>
		<unitScore value='6075'/>
		<unitScore value='6075'/>
		<killScore value='7100'/>
		<buildingScore value='2625'/>
		<razingScore value='5475'/>
		<mineralScore value='7850'/>
		<gasScore value='2576'/>
		<totalScore value='31701'/>
	</enemy>

	<scoreRatio value='0.390745'/>
	<timeFitness value='0.14875'/>
	<unitsAverage value='22'/>
</results>
