<results>
	<result value='win'/>
	<start value='2015-05-08.15:14:48'/>
	<end value='2015-05-08.15:15:01'/>
	<frames value='18416'/>
	<gameDuration value='1151'/>

	<player>
		<unitScore value='7675'/>
		<killScore value='11550'/>
		<buildingScore value='2775'/>
		<razingScore value='4350'/>
		<mineralScore value='12442'/>
		<gasScore value='1272'/>
		<totalScore value='40064'/>
	</player>

	<enemy>
		<race value='Terran'/>
		<unitScore value='5775'/>
		<unitScore value='5775'/>
		<killScore value='3000'/>
		<buildingScore value='1450'/>
		<razingScore value='150'/>
		<mineralScore value='8290'/>
		<gasScore value='2320'/>
		<totalScore value='20985'/>
	</enemy>

	<scoreRatio value='1.90917'/>
	<timeFitness value='0.840139'/>
	<unitsAverage value='59'/>
</results>
