<results>
	<result value='win'/>
	<start value='2015-05-02.17:53:08'/>
	<end value='2015-05-02.17:53:57'/>
	<frames value='40922'/>
	<gameDuration value='2557'/>

	<player>
		<unitScore value='19225'/>
		<killScore value='36300'/>
		<buildingScore value='4600'/>
		<razingScore value='15375'/>
		<mineralScore value='24866'/>
		<gasScore value='3344'/>
		<totalScore value='103710'/>
	</player>

	<enemy>
		<race value='Terran'/>
		<unitScore value='23125'/>
		<unitScore value='23125'/>
		<killScore value='21200'/>
		<buildingScore value='5200'/>
		<razingScore value='4200'/>
		<mineralScore value='19134'/>
		<gasScore value='11288'/>
		<totalScore value='84147'/>
	</enemy>

	<scoreRatio value='1.23249'/>
	<timeFitness value='0.644861'/>
	<unitsAverage value='72'/>
</results>
