<results>
	<result value='win'/>
	<start value='2015-04-27.16:08:55'/>
	<end value='2015-04-27.16:09:14'/>
	<frames value='23562'/>
	<gameDuration value='1472'/>

	<player>
		<unitScore value='10150'/>
		<killScore value='17000'/>
		<buildingScore value='2825'/>
		<razingScore value='6225'/>
		<mineralScore value='16778'/>
		<gasScore value='1832'/>
		<totalScore value='54810'/>
	</player>

	<enemy>
		<race value='Terran'/>
		<unitScore value='8500'/>
		<unitScore value='8500'/>
		<killScore value='5600'/>
		<buildingScore value='2150'/>
		<razingScore value='150'/>
		<mineralScore value='8586'/>
		<gasScore value='2888'/>
		<totalScore value='27874'/>
	</enemy>

	<scoreRatio value='1.96635'/>
</results>
