<results>
	<result value='win'/>
	<start value='2015-04-27.16:15:27'/>
	<end value='2015-04-27.16:15:46'/>
	<frames value='22322'/>
	<gameDuration value='1395'/>

	<player>
		<unitScore value='11725'/>
		<killScore value='13800'/>
		<buildingScore value='3800'/>
		<razingScore value='4725'/>
		<mineralScore value='16706'/>
		<gasScore value='2048'/>
		<totalScore value='52804'/>
	</player>

	<enemy>
		<race value='Terran'/>
		<unitScore value='6900'/>
		<unitScore value='6900'/>
		<killScore value='7100'/>
		<buildingScore value='1575'/>
		<razingScore value='1350'/>
		<mineralScore value='10178'/>
		<gasScore value='2096'/>
		<totalScore value='29199'/>
	</enemy>

	<scoreRatio value='1.80842'/>
</results>
