<results>
	<result value='win'/>
	<start value='2015-04-27.16:23:10'/>
	<end value='2015-04-27.16:23:22'/>
	<frames value='18168'/>
	<gameDuration value='1135'/>

	<player>
		<unitScore value='6925'/>
		<killScore value='11450'/>
		<buildingScore value='2175'/>
		<razingScore value='4350'/>
		<mineralScore value='10690'/>
		<gasScore value='1736'/>
		<totalScore value='37326'/>
	</player>

	<enemy>
		<race value='Terran'/>
		<unitScore value='5725'/>
		<unitScore value='5725'/>
		<killScore value='3800'/>
		<buildingScore value='1450'/>
		<razingScore value='525'/>
		<mineralScore value='7714'/>
		<gasScore value='2064'/>
		<totalScore value='21278'/>
	</enemy>

	<scoreRatio value='1.75421'/>
</results>
