<results>
	<result value='win'/>
	<start value='2015-04-27.16:21:57'/>
	<end value='2015-04-27.16:23:07'/>
	<frames value='49013'/>
	<gameDuration value='3063'/>

	<player>
		<unitScore value='18075'/>
		<killScore value='34200'/>
		<buildingScore value='5250'/>
		<razingScore value='14625'/>
		<mineralScore value='37146'/>
		<gasScore value='5230'/>
		<totalScore value='114526'/>
	</player>

	<enemy>
		<race value='Terran'/>
		<unitScore value='19900'/>
		<unitScore value='19900'/>
		<killScore value='12550'/>
		<buildingScore value='4875'/>
		<razingScore value='2775'/>
		<mineralScore value='17070'/>
		<gasScore value='9466'/>
		<totalScore value='66636'/>
	</enemy>

	<scoreRatio value='1.71868'/>
</results>
