<results>
	<result value='win'/>
	<start value='2015-04-27.16:49:24'/>
	<end value='2015-04-27.16:49:42'/>
	<frames value='26259'/>
	<gameDuration value='1641'/>

	<player>
		<unitScore value='9825'/>
		<killScore value='20150'/>
		<buildingScore value='2950'/>
		<razingScore value='7425'/>
		<mineralScore value='14066'/>
		<gasScore value='2320'/>
		<totalScore value='56736'/>
	</player>

	<enemy>
		<race value='Terran'/>
		<unitScore value='10075'/>
		<unitScore value='10075'/>
		<killScore value='8700'/>
		<buildingScore value='2650'/>
		<razingScore value='1650'/>
		<mineralScore value='10506'/>
		<gasScore value='3800'/>
		<totalScore value='37381'/>
	</enemy>

	<scoreRatio value='1.51778'/>
</results>
