<results>
	<result value='win'/>
	<start value='2015-04-27.16:51:07'/>
	<end value='2015-04-27.16:51:26'/>
	<frames value='23965'/>
	<gameDuration value='1497'/>

	<player>
		<unitScore value='10825'/>
		<killScore value='16200'/>
		<buildingScore value='3625'/>
		<razingScore value='6600'/>
		<mineralScore value='18106'/>
		<gasScore value='2056'/>
		<totalScore value='57412'/>
	</player>

	<enemy>
		<race value='Terran'/>
		<unitScore value='8200'/>
		<unitScore value='8200'/>
		<killScore value='6400'/>
		<buildingScore value='2200'/>
		<razingScore value='300'/>
		<mineralScore value='9586'/>
		<gasScore value='3184'/>
		<totalScore value='29870'/>
	</enemy>

	<scoreRatio value='1.92206'/>
</results>
