<results>
	<result value='loss'/>
	<start value='2015-04-27.16:52:49'/>
	<end value='2015-04-27.16:53:01'/>
	<frames value='20059'/>
	<gameDuration value='1253'/>

	<player>
		<unitScore value='5325'/>
		<killScore value='3500'/>
		<buildingScore value='2100'/>
		<razingScore value='0'/>
		<mineralScore value='7522'/>
		<gasScore value='1136'/>
		<totalScore value='19583'/>
	</player>

	<enemy>
		<race value='Terran'/>
		<unitScore value='7025'/>
		<unitScore value='7025'/>
		<killScore value='10650'/>
		<buildingScore value='2400'/>
		<razingScore value='6300'/>
		<mineralScore value='9394'/>
		<gasScore value='3112'/>
		<totalScore value='38881'/>
	</enemy>

	<scoreRatio value='0.503665'/>
</results>
