<results>
	<result value='win'/>
	<start value='2015-04-27.16:54:51'/>
	<end value='2015-04-27.16:55:28'/>
	<frames value='37171'/>
	<gameDuration value='2323'/>

	<player>
		<unitScore value='23650'/>
		<killScore value='33700'/>
		<buildingScore value='4225'/>
		<razingScore value='10950'/>
		<mineralScore value='29218'/>
		<gasScore value='4528'/>
		<totalScore value='106271'/>
	</player>

	<enemy>
		<race value='Terran'/>
		<unitScore value='19550'/>
		<unitScore value='19550'/>
		<killScore value='27650'/>
		<buildingScore value='3650'/>
		<razingScore value='2025'/>
		<mineralScore value='14826'/>
		<gasScore value='6878'/>
		<totalScore value='74579'/>
	</enemy>

	<scoreRatio value='1.42495'/>
</results>
