<results>
	<result value='loss'/>
	<start value='2015-05-10.01:36:05'/>
	<end value='2015-05-10.01:36:16'/>
	<frames value='13208'/>
	<gameDuration value='825'/>

	<player>
		<unitScore value='1800'/>
		<killScore value='400'/>
		<buildingScore value='1300'/>
		<razingScore value='0'/>
		<mineralScore value='2978'/>
		<gasScore value='408'/>
		<totalScore value='6886'/>
	</player>

	<enemy>
		<race value='Protoss'/>
		<unitScore value='3500'/>
		<unitScore value='3500'/>
		<killScore value='3000'/>
		<buildingScore value='2175'/>
		<razingScore value='3900'/>
		<mineralScore value='6610'/>
		<gasScore value='1184'/>
		<totalScore value='20369'/>
	</enemy>

	<scoreRatio value='0.338063'/>
	<timeFitness value='0.114583'/>
	<unitsAverage value='17'/>
</results>
