<results>
	<result value='loss'/>
	<start value='2015-07-19.13:26:52'/>
	<end value='2015-07-19.13:27:56'/>
	<frames value='38628'/>
	<gameDuration value='2414'/>

	<player>
		<unitScore value='21350'/>
		<killScore value='33300'/>
		<buildingScore value='2850'/>
		<razingScore value='900'/>
		<mineralScore value='32782'/>
		<gasScore value='4664'/>
		<totalScore value='95846'/>
	</player>

	<enemy>
		<race value='Zerg'/>
		<unitScore value='20025'/>
		<killScore value='42700'/>
		<buildingScore value='3320'/>
		<razingScore value='8550'/>
		<mineralScore value='19026'/>
		<gasScore value='6360'/>
		<totalScore value='99981'/>
	</enemy>

	<scoreRatio value='0.958642'/>
	<timeFitness value='0.335278'/>
	<unitsAverage value='84'/>
</results>
