<results>
	<result value='loss'/>
	<start value='2015-05-05.08:23:26'/>
	<end value='2015-05-05.08:23:54'/>
	<frames value='22725'/>
	<gameDuration value='1420'/>

	<player>
		<unitScore value='7050'/>
		<killScore value='3600'/>
		<buildingScore value='1900'/>
		<razingScore value='150'/>
		<mineralScore value='8394'/>
		<gasScore value='1024'/>
		<totalScore value='22118'/>
	</player>

	<enemy>
		<race value='Terran'/>
		<unitScore value='7900'/>
		<unitScore value='7900'/>
		<killScore value='8450'/>
		<buildingScore value='2850'/>
		<razingScore value='5850'/>
		<mineralScore value='10834'/>
		<gasScore value='4200'/>
		<totalScore value='40084'/>
	</enemy>

	<scoreRatio value='0.551791'/>
	<timeFitness value='0.197222'/>
	<unitsAverage value='43'/>
</results>
