<results>
	<result value='loss'/>
	<start value='2015-05-05.08:32:32'/>
	<end value='2015-05-05.08:32:45'/>
	<frames value='15936'/>
	<gameDuration value='996'/>

	<player>
		<unitScore value='2100'/>
		<killScore value='500'/>
		<buildingScore value='1675'/>
		<razingScore value='0'/>
		<mineralScore value='3770'/>
		<gasScore value='544'/>
		<totalScore value='8589'/>
	</player>

	<enemy>
		<race value='Terran'/>
		<unitScore value='5100'/>
		<unitScore value='5100'/>
		<killScore value='4200'/>
		<buildingScore value='1800'/>
		<razingScore value='5025'/>
		<mineralScore value='7242'/>
		<gasScore value='2464'/>
		<totalScore value='25831'/>
	</enemy>

	<scoreRatio value='0.332507'/>
	<timeFitness value='0.138333'/>
	<unitsAverage value='17'/>
</results>
