<results>
	<result value='draw'/>
	<start value='2015-05-05.08:47:32'/>
	<end value='2015-05-05.08:49:57'/>
	<frames value='57601'/>
	<gameDuration value='3600'/>

	<player>
		<unitScore value='28575'/>
		<killScore value='17700'/>
		<buildingScore value='4175'/>
		<razingScore value='0'/>
		<mineralScore value='31446'/>
		<gasScore value='8742'/>
		<totalScore value='90638'/>
	</player>

	<enemy>
		<race value='Terran'/>
		<unitScore value='28600'/>
		<unitScore value='28600'/>
		<killScore value='47050'/>
		<buildingScore value='4825'/>
		<razingScore value='4950'/>
		<mineralScore value='31550'/>
		<gasScore value='12356'/>
		<totalScore value='129331'/>
	</enemy>

	<scoreRatio value='0.700822'/>
	<timeFitness value='0.5'/>
	<unitsAverage value='123'/>
</results>
