<results>
	<result value='loss'/>
	<start value='2015-05-05.08:47:11'/>
	<end value='2015-05-05.08:47:27'/>
	<frames value='17889'/>
	<gameDuration value='1118'/>

	<player>
		<unitScore value='3925'/>
		<killScore value='2050'/>
		<buildingScore value='1600'/>
		<razingScore value='0'/>
		<mineralScore value='5466'/>
		<gasScore value='776'/>
		<totalScore value='13817'/>
	</player>

	<enemy>
		<race value='Terran'/>
		<unitScore value='6275'/>
		<unitScore value='6275'/>
		<killScore value='7850'/>
		<buildingScore value='2700'/>
		<razingScore value='4800'/>
		<mineralScore value='8066'/>
		<gasScore value='2904'/>
		<totalScore value='32595'/>
	</enemy>

	<scoreRatio value='0.423899'/>
	<timeFitness value='0.155278'/>
	<unitsAverage value='26'/>
</results>
