<results>
	<result value='win'/>
	<start value='2015-05-03.16:51:35'/>
	<end value='2015-05-03.16:51:52'/>
	<frames value='20090'/>
	<gameDuration value='1255'/>

	<player>
		<unitScore value='10175'/>
		<killScore value='16770'/>
		<buildingScore value='2900'/>
		<razingScore value='4560'/>
		<mineralScore value='15170'/>
		<gasScore value='1344'/>
		<totalScore value='50919'/>
	</player>

	<enemy>
		<race value='Zerg'/>
		<unitScore value='7925'/>
		<unitScore value='7925'/>
		<killScore value='6250'/>
		<buildingScore value='1520'/>
		<razingScore value='0'/>
		<mineralScore value='8018'/>
		<gasScore value='2472'/>
		<totalScore value='26185'/>
	</enemy>

	<scoreRatio value='1.94459'/>
	<timeFitness value='0.825694'/>
	<unitsAverage value='67'/>
</results>
