<results>
	<result value='win'/>
	<start value='2015-05-03.16:51:55'/>
	<end value='2015-05-03.16:52:32'/>
	<frames value='29576'/>
	<gameDuration value='1848'/>

	<player>
		<unitScore value='18750'/>
		<killScore value='23250'/>
		<buildingScore value='4300'/>
		<razingScore value='8115'/>
		<mineralScore value='31410'/>
		<gasScore value='2104'/>
		<totalScore value='87929'/>
	</player>

	<enemy>
		<race value='Zerg'/>
		<unitScore value='11600'/>
		<unitScore value='11600'/>
		<killScore value='14500'/>
		<buildingScore value='2705'/>
		<razingScore value='525'/>
		<mineralScore value='12842'/>
		<gasScore value='4192'/>
		<totalScore value='46364'/>
	</enemy>

	<scoreRatio value='1.89649'/>
	<timeFitness value='0.743333'/>
	<unitsAverage value='113'/>
</results>
