<results>
	<result value='loss'/>
	<start value='2015-05-09.20:12:55'/>
	<end value='2015-05-09.20:13:01'/>
	<frames value='15099'/>
	<gameDuration value='943'/>

	<player>
		<unitScore value='1650'/>
		<killScore value='1800'/>
		<buildingScore value='850'/>
		<razingScore value='0'/>
		<mineralScore value='2482'/>
		<gasScore value='816'/>
		<totalScore value='7598'/>
	</player>

	<enemy>
		<race value='Protoss'/>
		<unitScore value='3550'/>
		<unitScore value='3550'/>
		<killScore value='3300'/>
		<buildingScore value='2975'/>
		<razingScore value='2550'/>
		<mineralScore value='7826'/>
		<gasScore value='1400'/>
		<totalScore value='21601'/>
	</enemy>

	<scoreRatio value='0.351743'/>
	<timeFitness value='0.130972'/>
	<unitsAverage value='13'/>
</results>
