<results>
	<result value='loss'/>
	<start value='2015-05-09.20:14:12'/>
	<end value='2015-05-09.20:14:21'/>
	<frames value='15595'/>
	<gameDuration value='974'/>

	<player>
		<unitScore value='3600'/>
		<killScore value='600'/>
		<buildingScore value='1475'/>
		<razingScore value='0'/>
		<mineralScore value='4930'/>
		<gasScore value='640'/>
		<totalScore value='11245'/>
	</player>

	<enemy>
		<race value='Protoss'/>
		<unitScore value='3550'/>
		<unitScore value='3550'/>
		<killScore value='7300'/>
		<buildingScore value='3025'/>
		<razingScore value='4425'/>
		<mineralScore value='7930'/>
		<gasScore value='1416'/>
		<totalScore value='27646'/>
	</enemy>

	<scoreRatio value='0.40675'/>
	<timeFitness value='0.135278'/>
	<unitsAverage value='24'/>
</results>
