<results>
	<result value='loss'/>
	<start value='2015-05-09.20:15:00'/>
	<end value='2015-05-09.20:15:30'/>
	<frames value='38783'/>
	<gameDuration value='2423'/>

	<player>
		<unitScore value='13775'/>
		<killScore value='19800'/>
		<buildingScore value='3275'/>
		<razingScore value='300'/>
		<mineralScore value='16942'/>
		<gasScore value='2224'/>
		<totalScore value='56316'/>
	</player>

	<enemy>
		<race value='Protoss'/>
		<unitScore value='25950'/>
		<unitScore value='25950'/>
		<killScore value='27550'/>
		<buildingScore value='7225'/>
		<razingScore value='9825'/>
		<mineralScore value='26338'/>
		<gasScore value='10248'/>
		<totalScore value='107136'/>
	</enemy>

	<scoreRatio value='0.52565'/>
	<timeFitness value='0.336528'/>
	<unitsAverage value='50'/>
</results>
