<results>
	<result value='draw'/>
	<start value='2015-05-09.20:16:09'/>
	<end value='2015-05-09.20:18:16'/>
	<frames value='57601'/>
	<gameDuration value='3600'/>

	<player>
		<unitScore value='31900'/>
		<killScore value='50750'/>
		<buildingScore value='3825'/>
		<razingScore value='19950'/>
		<mineralScore value='38962'/>
		<gasScore value='7796'/>
		<totalScore value='153183'/>
	</player>

	<enemy>
		<race value='Protoss'/>
		<unitScore value='26300'/>
		<unitScore value='26300'/>
		<killScore value='37900'/>
		<buildingScore value='6750'/>
		<razingScore value='0'/>
		<mineralScore value='24050'/>
		<gasScore value='7584'/>
		<totalScore value='102584'/>
	</enemy>

	<scoreRatio value='1.49324'/>
	<timeFitness value='0.5'/>
	<unitsAverage value='170'/>
</results>
