<results>
	<result value='draw'/>
	<start value='2015-05-09.20:26:43'/>
	<end value='2015-05-09.20:27:57'/>
	<frames value='57601'/>
	<gameDuration value='3600'/>

	<player>
		<unitScore value='30275'/>
		<killScore value='66850'/>
		<buildingScore value='3150'/>
		<razingScore value='5025'/>
		<mineralScore value='31534'/>
		<gasScore value='6828'/>
		<totalScore value='143662'/>
	</player>

	<enemy>
		<race value='Protoss'/>
		<unitScore value='40025'/>
		<unitScore value='40025'/>
		<killScore value='53450'/>
		<buildingScore value='7300'/>
		<razingScore value='225'/>
		<mineralScore value='31518'/>
		<gasScore value='12078'/>
		<totalScore value='144596'/>
	</enemy>

	<scoreRatio value='0.993541'/>
	<timeFitness value='0.5'/>
	<unitsAverage value='117'/>
</results>
