<results>
	<result value='win'/>
	<start value='2015-05-11.06:50:26'/>
	<end value='2015-05-11.06:50:58'/>
	<frames value='23376'/>
	<gameDuration value='1461'/>

	<player>
		<unitScore value='14175'/>
		<killScore value='17980'/>
		<buildingScore value='4050'/>
		<razingScore value='5460'/>
		<mineralScore value='19846'/>
		<gasScore value='1904'/>
		<totalScore value='63415'/>
	</player>

	<enemy>
		<race value='Zerg'/>
		<unitScore value='8775'/>
		<unitScore value='8775'/>
		<killScore value='9300'/>
		<buildingScore value='1820'/>
		<razingScore value='0'/>
		<mineralScore value='9002'/>
		<gasScore value='2640'/>
		<totalScore value='31537'/>
	</enemy>

	<scoreRatio value='2.01081'/>
	<timeFitness value='0.797083'/>
	<unitsAverage value='85'/>
</results>
