<results>
	<result value='win'/>
	<start value='2015-05-11.06:51:53'/>
	<end value='2015-05-11.06:53:37'/>
	<frames value='43929'/>
	<gameDuration value='2745'/>

	<player>
		<unitScore value='21825'/>
		<killScore value='24520'/>
		<buildingScore value='4625'/>
		<razingScore value='10695'/>
		<mineralScore value='38686'/>
		<gasScore value='3634'/>
		<totalScore value='103985'/>
	</player>

	<enemy>
		<race value='Zerg'/>
		<unitScore value='11750'/>
		<unitScore value='11750'/>
		<killScore value='19600'/>
		<buildingScore value='3565'/>
		<razingScore value='150'/>
		<mineralScore value='13810'/>
		<gasScore value='5382'/>
		<totalScore value='54257'/>
	</enemy>

	<scoreRatio value='1.91653'/>
	<timeFitness value='0.61875'/>
	<unitsAverage value='138'/>
</results>
