<results>
	<result value='loss'/>
	<start value='2015-07-18.13:38:50'/>
	<end value='2015-07-18.13:39:56'/>
	<frames value='42317'/>
	<gameDuration value='2644'/>

	<player>
		<unitScore value='20975'/>
		<killScore value='12900'/>
		<buildingScore value='3925'/>
		<razingScore value='0'/>
		<mineralScore value='21426'/>
		<gasScore value='3168'/>
		<totalScore value='62394'/>
	</player>

	<enemy>
		<race value='Protoss'/>
		<unitScore value='25825'/>
		<killScore value='41950'/>
		<buildingScore value='6325'/>
		<razingScore value='11775'/>
		<mineralScore value='24854'/>
		<gasScore value='9872'/>
		<totalScore value='120601'/>
	</enemy>

	<scoreRatio value='0.517359'/>
	<timeFitness value='0.367222'/>
	<unitsAverage value='65'/>
</results>
