<results>
	<result value='loss'/>
	<start value='2015-07-18.13:43:24'/>
	<end value='2015-07-18.13:43:33'/>
	<frames value='15254'/>
	<gameDuration value='953'/>

	<player>
		<unitScore value='3225'/>
		<killScore value='1400'/>
		<buildingScore value='1525'/>
		<razingScore value='0'/>
		<mineralScore value='4274'/>
		<gasScore value='680'/>
		<totalScore value='11104'/>
	</player>

	<enemy>
		<race value='Protoss'/>
		<unitScore value='3550'/>
		<killScore value='6450'/>
		<buildingScore value='2675'/>
		<razingScore value='4575'/>
		<mineralScore value='7754'/>
		<gasScore value='1392'/>
		<totalScore value='26396'/>
	</enemy>

	<scoreRatio value='0.42067'/>
	<timeFitness value='0.132361'/>
	<unitsAverage value='19'/>
</results>
