<results>
	<result value='loss'/>
	<start value='2015-07-20.06:36:18'/>
	<end value='2015-07-20.06:36:51'/>
	<frames value='25887'/>
	<gameDuration value='1617'/>

	<player>
		<unitScore value='10400'/>
		<killScore value='4150'/>
		<buildingScore value='3225'/>
		<razingScore value='0'/>
		<mineralScore value='13898'/>
		<gasScore value='1624'/>
		<totalScore value='33297'/>
	</player>

	<enemy>
		<race value='Zerg'/>
		<unitScore value='13675'/>
		<killScore value='16750'/>
		<buildingScore value='3345'/>
		<razingScore value='9675'/>
		<mineralScore value='15522'/>
		<gasScore value='5216'/>
		<totalScore value='64183'/>
	</enemy>

	<scoreRatio value='0.518782'/>
	<timeFitness value='0.224583'/>
	<unitsAverage value='53'/>
</results>
