<results>
	<result value='loss'/>
	<start value='2015-07-12.13:58:17'/>
	<end value='2015-07-12.13:58:45'/>
	<frames value='54562'/>
	<gameDuration value='3410'/>

	<player>
		<unitScore value='20300'/>
		<killScore value='12800'/>
		<buildingScore value='4750'/>
		<razingScore value='0'/>
		<mineralScore value='23886'/>
		<gasScore value='2416'/>
		<totalScore value='64152'/>
	</player>

	<enemy>
		<race value='Terran'/>
		<unitScore value='25150'/>
		<killScore value='40600'/>
		<buildingScore value='4375'/>
		<razingScore value='14250'/>
		<mineralScore value='18334'/>
		<gasScore value='11684'/>
		<totalScore value='114393'/>
	</enemy>

	<scoreRatio value='0.560804'/>
	<timeFitness value='0.473611'/>
	<unitsAverage value='35'/>
</results>
