<results>
	<result value='loss'/>
	<start value='2015-07-12.14:02:42'/>
	<end value='2015-07-12.14:02:55'/>
	<frames value='24120'/>
	<gameDuration value='1507'/>

	<player>
		<unitScore value='8950'/>
		<killScore value='3300'/>
		<buildingScore value='3200'/>
		<razingScore value='0'/>
		<mineralScore value='11622'/>
		<gasScore value='1576'/>
		<totalScore value='28648'/>
	</player>

	<enemy>
		<race value='Terran'/>
		<unitScore value='9600'/>
		<killScore value='16950'/>
		<buildingScore value='3625'/>
		<razingScore value='9600'/>
		<mineralScore value='12242'/>
		<gasScore value='4864'/>
		<totalScore value='56881'/>
	</enemy>

	<scoreRatio value='0.503648'/>
	<timeFitness value='0.209306'/>
	<unitsAverage value='40'/>
</results>
