<results>
	<result value='loss'/>
	<start value='2015-07-12.14:04:59'/>
	<end value='2015-07-12.14:05:11'/>
	<frames value='23128'/>
	<gameDuration value='1445'/>

	<player>
		<unitScore value='8500'/>
		<killScore value='4900'/>
		<buildingScore value='2575'/>
		<razingScore value='0'/>
		<mineralScore value='9874'/>
		<gasScore value='1440'/>
		<totalScore value='27289'/>
	</player>

	<enemy>
		<race value='Terran'/>
		<unitScore value='9525'/>
		<killScore value='16650'/>
		<buildingScore value='3625'/>
		<razingScore value='7725'/>
		<mineralScore value='11210'/>
		<gasScore value='4968'/>
		<totalScore value='53703'/>
	</enemy>

	<scoreRatio value='0.508147'/>
	<timeFitness value='0.200694'/>
	<unitsAverage value='33'/>
</results>
