<results>
	<result value='loss'/>
	<start value='2015-04-08.02:17:46'/>
	<end value='2015-04-08.02:17:53'/>
	<frames value='14572'/>
	<gameDuration value='910'/>

	<player>
		<unitScore value='3125'/>
		<killScore value='1400'/>
		<buildingScore value='1100'/>
		<razingScore value='0'/>
		<mineralScore value='4034'/>
		<gasScore value='552'/>
		<totalScore value='10211'/>
	</player>

	<enemy>
		<race value='Protoss'/>
		<unitScore value='3550'/>
		<unitScore value='3550'/>
		<killScore value='6250'/>
		<buildingScore value='2525'/>
		<razingScore value='3300'/>
		<mineralScore value='7458'/>
		<gasScore value='1296'/>
		<totalScore value='24379'/>
	</enemy>

	<scoreRatio value='0.418844'/>
</results>
