<results>
	<result value='win'/>
	<start value='2015-04-08.21:15:33'/>
	<end value='2015-04-08.21:16:11'/>
	<frames value='31002'/>
	<gameDuration value='1937'/>

	<player>
		<unitScore value='17350'/>
		<killScore value='22800'/>
		<buildingScore value='3825'/>
		<razingScore value='13725'/>
		<mineralScore value='28890'/>
		<gasScore value='3144'/>
		<totalScore value='89734'/>
	</player>

	<enemy>
		<race value='Protoss'/>
		<unitScore value='13150'/>
		<unitScore value='13150'/>
		<killScore value='11550'/>
		<buildingScore value='4575'/>
		<razingScore value='0'/>
		<mineralScore value='12342'/>
		<gasScore value='3904'/>
		<totalScore value='45521'/>
	</enemy>

	<scoreRatio value='1.97127'/>
</results>
