<results>
	<result value='win'/>
	<start value='2015-04-09.03:35:35'/>
	<end value='2015-04-09.03:36:03'/>
	<frames value='28150'/>
	<gameDuration value='1759'/>

	<player>
		<unitScore value='16450'/>
		<killScore value='22400'/>
		<buildingScore value='3875'/>
		<razingScore value='14325'/>
		<mineralScore value='24794'/>
		<gasScore value='3232'/>
		<totalScore value='85076'/>
	</player>

	<enemy>
		<race value='Protoss'/>
		<unitScore value='12600'/>
		<unitScore value='12600'/>
		<killScore value='12400'/>
		<buildingScore value='4775'/>
		<razingScore value='150'/>
		<mineralScore value='12674'/>
		<gasScore value='3784'/>
		<totalScore value='46383'/>
	</enemy>

	<scoreRatio value='1.83421'/>
</results>
