<results>
	<result value='loss'/>
	<start value='2015-07-18.05:57:14'/>
	<end value='2015-07-18.05:57:38'/>
	<frames value='31467'/>
	<gameDuration value='1966'/>

	<player>
		<unitScore value='13375'/>
		<killScore value='7900'/>
		<buildingScore value='2275'/>
		<razingScore value='0'/>
		<mineralScore value='11858'/>
		<gasScore value='2632'/>
		<totalScore value='38040'/>
	</player>

	<enemy>
		<race value='Protoss'/>
		<unitScore value='17000'/>
		<killScore value='25950'/>
		<buildingScore value='6875'/>
		<razingScore value='6825'/>
		<mineralScore value='19986'/>
		<gasScore value='7920'/>
		<totalScore value='84556'/>
	</enemy>

	<scoreRatio value='0.449879'/>
	<timeFitness value='0.273056'/>
	<unitsAverage value='37'/>
</results>
