<results>
	<result value='draw'/>
	<start value='2015-07-18.06:10:13'/>
	<end value='2015-07-18.06:12:48'/>
	<frames value='57601'/>
	<gameDuration value='3600'/>

	<player>
		<unitScore value='41575'/>
		<killScore value='26000'/>
		<buildingScore value='3625'/>
		<razingScore value='3150'/>
		<mineralScore value='30822'/>
		<gasScore value='8302'/>
		<totalScore value='113474'/>
	</player>

	<enemy>
		<race value='Protoss'/>
		<unitScore value='23950'/>
		<killScore value='63850'/>
		<buildingScore value='5325'/>
		<razingScore value='1950'/>
		<mineralScore value='32166'/>
		<gasScore value='11278'/>
		<totalScore value='138519'/>
	</enemy>

	<scoreRatio value='0.819194'/>
	<timeFitness value='0.5'/>
	<unitsAverage value='137'/>
</results>
