<results>
	<result value='win'/>
	<start value='2015-04-27.12:18:13'/>
	<end value='2015-04-27.12:18:28'/>
	<frames value='21888'/>
	<gameDuration value='1368'/>

	<player>
		<unitScore value='7125'/>
		<killScore value='12050'/>
		<buildingScore value='2750'/>
		<razingScore value='6750'/>
		<mineralScore value='10594'/>
		<gasScore value='1512'/>
		<totalScore value='40781'/>
	</player>

	<enemy>
		<race value='Terran'/>
		<unitScore value='6025'/>
		<unitScore value='6025'/>
		<killScore value='6000'/>
		<buildingScore value='2250'/>
		<razingScore value='975'/>
		<mineralScore value='7850'/>
		<gasScore value='2448'/>
		<totalScore value='25548'/>
	</enemy>

	<scoreRatio value='1.59625'/>
</results>
