<results>
	<result value='loss'/>
	<start value='2015-04-08.04:08:16'/>
	<end value='2015-04-08.04:08:24'/>
	<frames value='15223'/>
	<gameDuration value='951'/>

	<player>
		<unitScore value='3825'/>
		<killScore value='1000'/>
		<buildingScore value='1475'/>
		<razingScore value='0'/>
		<mineralScore value='5202'/>
		<gasScore value='592'/>
		<totalScore value='12094'/>
	</player>

	<enemy>
		<race value='Protoss'/>
		<unitScore value='3550'/>
		<unitScore value='3550'/>
		<killScore value='6900'/>
		<buildingScore value='2825'/>
		<razingScore value='4425'/>
		<mineralScore value='7914'/>
		<gasScore value='1192'/>
		<totalScore value='26806'/>
	</enemy>

	<scoreRatio value='0.451168'/>
</results>
