<results>
	<result value='loss'/>
	<start value='2015-05-09.23:03:03'/>
	<end value='2015-05-09.23:03:22'/>
	<frames value='25298'/>
	<gameDuration value='1581'/>

	<player>
		<unitScore value='3675'/>
		<killScore value='2400'/>
		<buildingScore value='1650'/>
		<razingScore value='0'/>
		<mineralScore value='5690'/>
		<gasScore value='1072'/>
		<totalScore value='14487'/>
	</player>

	<enemy>
		<race value='Protoss'/>
		<unitScore value='9475'/>
		<unitScore value='9475'/>
		<killScore value='7350'/>
		<buildingScore value='5975'/>
		<razingScore value='4950'/>
		<mineralScore value='16122'/>
		<gasScore value='4688'/>
		<totalScore value='48560'/>
	</enemy>

	<scoreRatio value='0.298332'/>
	<timeFitness value='0.219583'/>
	<unitsAverage value='23'/>
</results>
