<results>
	<result value='win'/>
	<start value='2015-05-03.17:31:50'/>
	<end value='2015-05-03.17:32:35'/>
	<frames value='36551'/>
	<gameDuration value='2284'/>

	<player>
		<unitScore value='26500'/>
		<killScore value='37250'/>
		<buildingScore value='4950'/>
		<razingScore value='16575'/>
		<mineralScore value='33838'/>
		<gasScore value='4192'/>
		<totalScore value='123305'/>
	</player>

	<enemy>
		<race value='Protoss'/>
		<unitScore value='19075'/>
		<unitScore value='19075'/>
		<killScore value='29050'/>
		<buildingScore value='5525'/>
		<razingScore value='0'/>
		<mineralScore value='19482'/>
		<gasScore value='4592'/>
		<totalScore value='77724'/>
	</enemy>

	<scoreRatio value='1.58645'/>
	<timeFitness value='0.682778'/>
	<unitsAverage value='138'/>
</results>
