<results>
	<result value='win'/>
	<start value='2015-04-28.20:03:14'/>
	<end value='2015-04-28.20:03:55'/>
	<frames value='34939'/>
	<gameDuration value='2183'/>

	<player>
		<unitScore value='24850'/>
		<killScore value='45730'/>
		<buildingScore value='4400'/>
		<razingScore value='7215'/>
		<mineralScore value='35186'/>
		<gasScore value='2928'/>
		<totalScore value='120309'/>
	</player>

	<enemy>
		<race value='Zerg'/>
		<unitScore value='20000'/>
		<unitScore value='20000'/>
		<killScore value='25600'/>
		<buildingScore value='2405'/>
		<razingScore value='0'/>
		<mineralScore value='17030'/>
		<gasScore value='5758'/>
		<totalScore value='70793'/>
	</enemy>

	<scoreRatio value='1.69945'/>
</results>
