<results>
	<result value='win'/>
	<start value='2015-04-28.20:03:58'/>
	<end value='2015-04-28.20:04:19'/>
	<frames value='24647'/>
	<gameDuration value='1540'/>

	<player>
		<unitScore value='14425'/>
		<killScore value='24320'/>
		<buildingScore value='3900'/>
		<razingScore value='5460'/>
		<mineralScore value='22794'/>
		<gasScore value='2520'/>
		<totalScore value='73419'/>
	</player>

	<enemy>
		<race value='Zerg'/>
		<unitScore value='10450'/>
		<unitScore value='10450'/>
		<killScore value='10750'/>
		<buildingScore value='1820'/>
		<razingScore value='0'/>
		<mineralScore value='9570'/>
		<gasScore value='2784'/>
		<totalScore value='35374'/>
	</enemy>

	<scoreRatio value='2.07551'/>
</results>
