<results>
	<result value='loss'/>
	<start value='2015-05-02.01:32:35'/>
	<end value='2015-05-02.01:33:31'/>
	<frames value='41418'/>
	<gameDuration value='2588'/>

	<player>
		<unitScore value='28425'/>
		<killScore value='26700'/>
		<buildingScore value='3175'/>
		<razingScore value='0'/>
		<mineralScore value='31378'/>
		<gasScore value='3600'/>
		<totalScore value='93278'/>
	</player>

	<enemy>
		<race value='Protoss'/>
		<unitScore value='32195'/>
		<unitScore value='32195'/>
		<killScore value='55950'/>
		<buildingScore value='6800'/>
		<razingScore value='9525'/>
		<mineralScore value='29018'/>
		<gasScore value='10416'/>
		<totalScore value='143904'/>
	</enemy>

	<scoreRatio value='0.648196'/>
</results>
