<results>
	<result value='loss'/>
	<start value='2015-04-07.22:32:37'/>
	<end value='2015-04-07.22:32:54'/>
	<frames value='29638'/>
	<gameDuration value='1852'/>

	<player>
		<unitScore value='7075'/>
		<killScore value='2900'/>
		<buildingScore value='2700'/>
		<razingScore value='0'/>
		<mineralScore value='11242'/>
		<gasScore value='1464'/>
		<totalScore value='25381'/>
	</player>

	<enemy>
		<race value='Protoss'/>
		<unitScore value='13525'/>
		<unitScore value='13525'/>
		<killScore value='14250'/>
		<buildingScore value='6975'/>
		<razingScore value='8100'/>
		<mineralScore value='18158'/>
		<gasScore value='7000'/>
		<totalScore value='68008'/>
	</enemy>

	<scoreRatio value='0.373206'/>
</results>
