<results>
	<result value='win'/>
	<start value='2015-05-04.21:33:51'/>
	<end value='2015-05-04.21:34:06'/>
	<frames value='23283'/>
	<gameDuration value='1455'/>

	<player>
		<unitScore value='8175'/>
		<killScore value='19400'/>
		<buildingScore value='3325'/>
		<razingScore value='7800'/>
		<mineralScore value='15302'/>
		<gasScore value='1536'/>
		<totalScore value='55538'/>
	</player>

	<enemy>
		<race value='Terran'/>
		<unitScore value='9700'/>
		<unitScore value='9700'/>
		<killScore value='3800'/>
		<buildingScore value='2750'/>
		<razingScore value='1725'/>
		<mineralScore value='9954'/>
		<gasScore value='3432'/>
		<totalScore value='31361'/>
	</enemy>

	<scoreRatio value='1.77093'/>
	<timeFitness value='0.797917'/>
	<unitsAverage value='57'/>
</results>
