<results>
	<result value='loss'/>
	<start value='2015-05-04.21:45:24'/>
	<end value='2015-05-04.21:45:35'/>
	<frames value='20028'/>
	<gameDuration value='1251'/>

	<player>
		<unitScore value='4550'/>
		<killScore value='2250'/>
		<buildingScore value='2150'/>
		<razingScore value='0'/>
		<mineralScore value='7074'/>
		<gasScore value='1288'/>
		<totalScore value='17312'/>
	</player>

	<enemy>
		<race value='Terran'/>
		<unitScore value='7750'/>
		<unitScore value='7750'/>
		<killScore value='9100'/>
		<buildingScore value='2950'/>
		<razingScore value='6450'/>
		<mineralScore value='9642'/>
		<gasScore value='3296'/>
		<totalScore value='39188'/>
	</enemy>

	<scoreRatio value='0.441768'/>
	<timeFitness value='0.17375'/>
	<unitsAverage value='30'/>
</results>
