<results>
	<result value='win'/>
	<start value='2015-05-04.21:51:46'/>
	<end value='2015-05-04.21:52:32'/>
	<frames value='37450'/>
	<gameDuration value='2340'/>

	<player>
		<unitScore value='21425'/>
		<killScore value='32200'/>
		<buildingScore value='4450'/>
		<razingScore value='10650'/>
		<mineralScore value='38934'/>
		<gasScore value='3608'/>
		<totalScore value='111267'/>
	</player>

	<enemy>
		<race value='Terran'/>
		<unitScore value='16100'/>
		<unitScore value='16100'/>
		<killScore value='19400'/>
		<buildingScore value='3550'/>
		<razingScore value='1725'/>
		<mineralScore value='13898'/>
		<gasScore value='5952'/>
		<totalScore value='60625'/>
	</enemy>

	<scoreRatio value='1.83533'/>
	<timeFitness value='0.675'/>
	<unitsAverage value='112'/>
</results>
