<results>
	<result value='win'/>
	<start value='2015-05-06.02:38:55'/>
	<end value='2015-05-06.02:39:24'/>
	<frames value='20617'/>
	<gameDuration value='1288'/>

	<player>
		<unitScore value='9900'/>
		<killScore value='11600'/>
		<buildingScore value='3875'/>
		<razingScore value='4500'/>
		<mineralScore value='16546'/>
		<gasScore value='1920'/>
		<totalScore value='48341'/>
	</player>

	<enemy>
		<race value='Terran'/>
		<unitScore value='5800'/>
		<unitScore value='5800'/>
		<killScore value='3800'/>
		<buildingScore value='1500'/>
		<razingScore value='225'/>
		<mineralScore value='8818'/>
		<gasScore value='1952'/>
		<totalScore value='22095'/>
	</enemy>

	<scoreRatio value='2.18787'/>
	<timeFitness value='0.821111'/>
	<unitsAverage value='69'/>
</results>
