<results>
	<result value='win'/>
	<start value='2015-05-06.02:48:23'/>
	<end value='2015-05-06.02:48:54'/>
	<frames value='22694'/>
	<gameDuration value='1418'/>

	<player>
		<unitScore value='10100'/>
		<killScore value='15550'/>
		<buildingScore value='2900'/>
		<razingScore value='7875'/>
		<mineralScore value='16518'/>
		<gasScore value='2152'/>
		<totalScore value='55095'/>
	</player>

	<enemy>
		<race value='Terran'/>
		<unitScore value='8525'/>
		<unitScore value='8525'/>
		<killScore value='6750'/>
		<buildingScore value='2625'/>
		<razingScore value='150'/>
		<mineralScore value='8402'/>
		<gasScore value='2504'/>
		<totalScore value='28956'/>
	</enemy>

	<scoreRatio value='1.90271'/>
	<timeFitness value='0.803056'/>
	<unitsAverage value='65'/>
</results>
