<results>
	<result value='loss'/>
	<start value='2015-05-06.02:51:58'/>
	<end value='2015-05-06.02:52:21'/>
	<frames value='23686'/>
	<gameDuration value='1480'/>

	<player>
		<unitScore value='6650'/>
		<killScore value='5650'/>
		<buildingScore value='2125'/>
		<razingScore value='0'/>
		<mineralScore value='8626'/>
		<gasScore value='1184'/>
		<totalScore value='24235'/>
	</player>

	<enemy>
		<race value='Terran'/>
		<unitScore value='9275'/>
		<unitScore value='9275'/>
		<killScore value='13300'/>
		<buildingScore value='3800'/>
		<razingScore value='6375'/>
		<mineralScore value='11754'/>
		<gasScore value='5208'/>
		<totalScore value='49712'/>
	</enemy>

	<scoreRatio value='0.487508'/>
	<timeFitness value='0.205556'/>
	<unitsAverage value='30'/>
</results>
