<results>
	<result value='win'/>
	<start value='2015-05-06.02:53:43'/>
	<end value='2015-05-06.02:54:19'/>
	<frames value='26631'/>
	<gameDuration value='1664'/>

	<player>
		<unitScore value='13925'/>
		<killScore value='20850'/>
		<buildingScore value='2925'/>
		<razingScore value='9450'/>
		<mineralScore value='17482'/>
		<gasScore value='1576'/>
		<totalScore value='66208'/>
	</player>

	<enemy>
		<race value='Terran'/>
		<unitScore value='12025'/>
		<unitScore value='12025'/>
		<killScore value='12650'/>
		<buildingScore value='3150'/>
		<razingScore value='300'/>
		<mineralScore value='11978'/>
		<gasScore value='5144'/>
		<totalScore value='45247'/>
	</enemy>

	<scoreRatio value='1.46326'/>
	<timeFitness value='0.768889'/>
	<unitsAverage value='64'/>
</results>
