<results>
	<result value='win'/>
	<start value='2015-05-06.02:56:09'/>
	<end value='2015-05-06.02:56:42'/>
	<frames value='27189'/>
	<gameDuration value='1699'/>

	<player>
		<unitScore value='10575'/>
		<killScore value='21300'/>
		<buildingScore value='2900'/>
		<razingScore value='9450'/>
		<mineralScore value='14654'/>
		<gasScore value='2216'/>
		<totalScore value='61095'/>
	</player>

	<enemy>
		<race value='Terran'/>
		<unitScore value='11450'/>
		<unitScore value='11450'/>
		<killScore value='8850'/>
		<buildingScore value='3150'/>
		<razingScore value='675'/>
		<mineralScore value='12074'/>
		<gasScore value='5032'/>
		<totalScore value='41231'/>
	</enemy>

	<scoreRatio value='1.48177'/>
	<timeFitness value='0.764028'/>
	<unitsAverage value='54'/>
</results>
