<results>
	<result value='win'/>
	<start value='2015-05-06.03:03:19'/>
	<end value='2015-05-06.03:03:39'/>
	<frames value='18354'/>
	<gameDuration value='1147'/>

	<player>
		<unitScore value='6675'/>
		<killScore value='11900'/>
		<buildingScore value='2400'/>
		<razingScore value='4125'/>
		<mineralScore value='9946'/>
		<gasScore value='1080'/>
		<totalScore value='36126'/>
	</player>

	<enemy>
		<race value='Terran'/>
		<unitScore value='5950'/>
		<unitScore value='5950'/>
		<killScore value='4600'/>
		<buildingScore value='1450'/>
		<razingScore value='1350'/>
		<mineralScore value='8082'/>
		<gasScore value='2280'/>
		<totalScore value='23712'/>
	</enemy>

	<scoreRatio value='1.52353'/>
	<timeFitness value='0.840694'/>
	<unitsAverage value='46'/>
</results>
