<results>
	<result value='win'/>
	<start value='2015-05-06.03:04:13'/>
	<end value='2015-05-06.03:04:42'/>
	<frames value='21578'/>
	<gameDuration value='1348'/>

	<player>
		<unitScore value='10425'/>
		<killScore value='14850'/>
		<buildingScore value='3275'/>
		<razingScore value='5700'/>
		<mineralScore value='16534'/>
		<gasScore value='1888'/>
		<totalScore value='52672'/>
	</player>

	<enemy>
		<race value='Terran'/>
		<unitScore value='7425'/>
		<unitScore value='7425'/>
		<killScore value='6400'/>
		<buildingScore value='1900'/>
		<razingScore value='0'/>
		<mineralScore value='9570'/>
		<gasScore value='2936'/>
		<totalScore value='28231'/>
	</enemy>

	<scoreRatio value='1.86575'/>
	<timeFitness value='0.812778'/>
	<unitsAverage value='64'/>
</results>
