<results>
	<result value='win'/>
	<start value='2015-05-04.01:16:24'/>
	<end value='2015-05-04.01:17:00'/>
	<frames value='23407'/>
	<gameDuration value='1462'/>

	<player>
		<unitScore value='17075'/>
		<killScore value='19820'/>
		<buildingScore value='3525'/>
		<razingScore value='4560'/>
		<mineralScore value='21582'/>
		<gasScore value='984'/>
		<totalScore value='67546'/>
	</player>

	<enemy>
		<race value='Zerg'/>
		<unitScore value='9575'/>
		<unitScore value='9575'/>
		<killScore value='16650'/>
		<buildingScore value='1520'/>
		<razingScore value='0'/>
		<mineralScore value='8978'/>
		<gasScore value='3008'/>
		<totalScore value='39731'/>
	</enemy>

	<scoreRatio value='1.70008'/>
	<timeFitness value='0.796944'/>
	<unitsAverage value='82'/>
</results>
