<results>
	<result value='loss'/>
	<start value='2015-07-20.20:07:23'/>
	<end value='2015-07-20.20:08:01'/>
	<frames value='29173'/>
	<gameDuration value='1823'/>

	<player>
		<unitScore value='14650'/>
		<killScore value='14550'/>
		<buildingScore value='2750'/>
		<razingScore value='0'/>
		<mineralScore value='26282'/>
		<gasScore value='2560'/>
		<totalScore value='60792'/>
	</player>

	<enemy>
		<race value='Zerg'/>
		<unitScore value='16575'/>
		<killScore value='29300'/>
		<buildingScore value='3165'/>
		<razingScore value='8250'/>
		<mineralScore value='17002'/>
		<gasScore value='5240'/>
		<totalScore value='79532'/>
	</enemy>

	<scoreRatio value='0.764372'/>
	<timeFitness value='0.253194'/>
	<unitsAverage value='65'/>
</results>
