<results>
	<result value='loss'/>
	<start value='2015-07-11.21:01:17'/>
	<end value='2015-07-11.21:01:32'/>
	<frames value='18943'/>
	<gameDuration value='1183'/>

	<player>
		<unitScore value='5525'/>
		<killScore value='1650'/>
		<buildingScore value='1775'/>
		<razingScore value='0'/>
		<mineralScore value='6706'/>
		<gasScore value='984'/>
		<totalScore value='16640'/>
	</player>

	<enemy>
		<race value='Terran'/>
		<unitScore value='7325'/>
		<killScore value='10650'/>
		<buildingScore value='2850'/>
		<razingScore value='5325'/>
		<mineralScore value='8818'/>
		<gasScore value='3088'/>
		<totalScore value='38056'/>
	</enemy>

	<scoreRatio value='0.43725'/>
	<timeFitness value='0.164306'/>
	<unitsAverage value='29'/>
</results>
