<results>
	<result value='loss'/>
	<start value='2015-05-04.08:24:26'/>
	<end value='2015-05-04.08:24:35'/>
	<frames value='14200'/>
	<gameDuration value='887'/>

	<player>
		<unitScore value='3050'/>
		<killScore value='500'/>
		<buildingScore value='1600'/>
		<razingScore value='0'/>
		<mineralScore value='4482'/>
		<gasScore value='568'/>
		<totalScore value='10200'/>
	</player>

	<enemy>
		<race value='Protoss'/>
		<unitScore value='3550'/>
		<unitScore value='3550'/>
		<killScore value='6350'/>
		<buildingScore value='2725'/>
		<razingScore value='4800'/>
		<mineralScore value='7050'/>
		<gasScore value='1416'/>
		<totalScore value='25891'/>
	</enemy>

	<scoreRatio value='0.393959'/>
	<timeFitness value='0.123194'/>
	<unitsAverage value='22'/>
</results>
