<results>
	<result value='loss'/>
	<start value='2015-05-10.14:50:49'/>
	<end value='2015-05-10.14:50:58'/>
	<frames value='15285'/>
	<gameDuration value='955'/>

	<player>
		<unitScore value='3725'/>
		<killScore value='400'/>
		<buildingScore value='1575'/>
		<razingScore value='0'/>
		<mineralScore value='5634'/>
		<gasScore value='864'/>
		<totalScore value='12198'/>
	</player>

	<enemy>
		<race value='Protoss'/>
		<unitScore value='3550'/>
		<unitScore value='3550'/>
		<killScore value='5850'/>
		<buildingScore value='2825'/>
		<razingScore value='4725'/>
		<mineralScore value='8026'/>
		<gasScore value='1200'/>
		<totalScore value='26176'/>
	</enemy>

	<scoreRatio value='0.465999'/>
	<timeFitness value='0.132639'/>
	<unitsAverage value='28'/>
</results>
