<results>
	<result value='loss'/>
	<start value='2015-05-04.08:33:14'/>
	<end value='2015-05-04.08:33:22'/>
	<frames value='14541'/>
	<gameDuration value='908'/>

	<player>
		<unitScore value='1925'/>
		<killScore value='800'/>
		<buildingScore value='950'/>
		<razingScore value='0'/>
		<mineralScore value='2786'/>
		<gasScore value='224'/>
		<totalScore value='6685'/>
	</player>

	<enemy>
		<race value='Protoss'/>
		<unitScore value='3550'/>
		<unitScore value='3550'/>
		<killScore value='3650'/>
		<buildingScore value='2425'/>
		<razingScore value='2850'/>
		<mineralScore value='7442'/>
		<gasScore value='1216'/>
		<totalScore value='21133'/>
	</enemy>

	<scoreRatio value='0.31633'/>
	<timeFitness value='0.126111'/>
	<unitsAverage value='17'/>
</results>
