<results>
	<result value='loss'/>
	<start value='2015-05-10.14:54:32'/>
	<end value='2015-05-10.14:54:41'/>
	<frames value='15657'/>
	<gameDuration value='978'/>

	<player>
		<unitScore value='2575'/>
		<killScore value='600'/>
		<buildingScore value='1775'/>
		<razingScore value='0'/>
		<mineralScore value='4666'/>
		<gasScore value='816'/>
		<totalScore value='10432'/>
	</player>

	<enemy>
		<race value='Protoss'/>
		<unitScore value='3550'/>
		<unitScore value='3550'/>
		<killScore value='5150'/>
		<buildingScore value='3475'/>
		<razingScore value='5325'/>
		<mineralScore value='8314'/>
		<gasScore value='1512'/>
		<totalScore value='27326'/>
	</enemy>

	<scoreRatio value='0.381761'/>
	<timeFitness value='0.135833'/>
	<unitsAverage value='22'/>
</results>
