<results>
	<result value='loss'/>
	<start value='2015-05-04.08:40:29'/>
	<end value='2015-05-04.08:40:39'/>
	<frames value='16494'/>
	<gameDuration value='1030'/>

	<player>
		<unitScore value='3725'/>
		<killScore value='1000'/>
		<buildingScore value='1500'/>
		<razingScore value='0'/>
		<mineralScore value='5498'/>
		<gasScore value='808'/>
		<totalScore value='12531'/>
	</player>

	<enemy>
		<race value='Protoss'/>
		<unitScore value='3650'/>
		<unitScore value='3650'/>
		<killScore value='7450'/>
		<buildingScore value='3775'/>
		<razingScore value='4500'/>
		<mineralScore value='8802'/>
		<gasScore value='1568'/>
		<totalScore value='29745'/>
	</enemy>

	<scoreRatio value='0.421281'/>
	<timeFitness value='0.143056'/>
	<unitsAverage value='24'/>
</results>
