<results>
	<result value='loss'/>
	<start value='2015-05-07.06:04:34'/>
	<end value='2015-05-07.06:04:44'/>
	<frames value='16866'/>
	<gameDuration value='1054'/>

	<player>
		<unitScore value='3850'/>
		<killScore value='1450'/>
		<buildingScore value='1675'/>
		<razingScore value='0'/>
		<mineralScore value='5314'/>
		<gasScore value='584'/>
		<totalScore value='12873'/>
	</player>

	<enemy>
		<race value='Protoss'/>
		<unitScore value='4625'/>
		<unitScore value='4625'/>
		<killScore value='7700'/>
		<buildingScore value='3075'/>
		<razingScore value='5025'/>
		<mineralScore value='8394'/>
		<gasScore value='2000'/>
		<totalScore value='30819'/>
	</enemy>

	<scoreRatio value='0.417697'/>
	<timeFitness value='0.146389'/>
	<unitsAverage value='29'/>
</results>
