<results>
	<result value='win'/>
	<start value='2015-05-07.06:14:59'/>
	<end value='2015-05-07.06:15:31'/>
	<frames value='32056'/>
	<gameDuration value='2003'/>

	<player>
		<unitScore value='19575'/>
		<killScore value='16900'/>
		<buildingScore value='4225'/>
		<razingScore value='13725'/>
		<mineralScore value='26258'/>
		<gasScore value='3616'/>
		<totalScore value='84299'/>
	</player>

	<enemy>
		<race value='Protoss'/>
		<unitScore value='8450'/>
		<unitScore value='8450'/>
		<killScore value='16400'/>
		<buildingScore value='4575'/>
		<razingScore value='150'/>
		<mineralScore value='15538'/>
		<gasScore value='2216'/>
		<totalScore value='47329'/>
	</enemy>

	<scoreRatio value='1.78113'/>
	<timeFitness value='0.721806'/>
	<unitsAverage value='94'/>
</results>
