<results>
	<result value='loss'/>
	<start value='2015-05-07.06:16:13'/>
	<end value='2015-05-07.06:16:24'/>
	<frames value='18633'/>
	<gameDuration value='1164'/>

	<player>
		<unitScore value='5175'/>
		<killScore value='3100'/>
		<buildingScore value='1700'/>
		<razingScore value='0'/>
		<mineralScore value='7010'/>
		<gasScore value='1264'/>
		<totalScore value='18249'/>
	</player>

	<enemy>
		<race value='Protoss'/>
		<unitScore value='4925'/>
		<unitScore value='4925'/>
		<killScore value='10450'/>
		<buildingScore value='3875'/>
		<razingScore value='5100'/>
		<mineralScore value='9586'/>
		<gasScore value='2712'/>
		<totalScore value='36648'/>
	</enemy>

	<scoreRatio value='0.497954'/>
	<timeFitness value='0.161667'/>
	<unitsAverage value='32'/>
</results>
