<results>
	<result value='win'/>
	<start value='2015-05-07.06:22:13'/>
	<end value='2015-05-07.06:22:41'/>
	<frames value='27437'/>
	<gameDuration value='1714'/>

	<player>
		<unitScore value='15050'/>
		<killScore value='13750'/>
		<buildingScore value='3725'/>
		<razingScore value='17925'/>
		<mineralScore value='25298'/>
		<gasScore value='2784'/>
		<totalScore value='78532'/>
	</player>

	<enemy>
		<race value='Protoss'/>
		<unitScore value='7300'/>
		<unitScore value='7300'/>
		<killScore value='9700'/>
		<buildingScore value='5975'/>
		<razingScore value='0'/>
		<mineralScore value='15730'/>
		<gasScore value='2776'/>
		<totalScore value='41481'/>
	</enemy>

	<scoreRatio value='1.8932'/>
	<timeFitness value='0.761944'/>
	<unitsAverage value='94'/>
</results>
