<results>
	<result value='loss'/>
	<start value='2015-05-07.06:21:02'/>
	<end value='2015-05-07.06:21:09'/>
	<frames value='15347'/>
	<gameDuration value='959'/>

	<player>
		<unitScore value='2850'/>
		<killScore value='400'/>
		<buildingScore value='1625'/>
		<razingScore value='0'/>
		<mineralScore value='4722'/>
		<gasScore value='680'/>
		<totalScore value='10277'/>
	</player>

	<enemy>
		<race value='Protoss'/>
		<unitScore value='3550'/>
		<unitScore value='3550'/>
		<killScore value='5700'/>
		<buildingScore value='3075'/>
		<razingScore value='4875'/>
		<mineralScore value='8146'/>
		<gasScore value='1448'/>
		<totalScore value='26794'/>
	</enemy>

	<scoreRatio value='0.383556'/>
	<timeFitness value='0.133194'/>
	<unitsAverage value='22'/>
</results>
