<results>
	<result value='loss'/>
	<start value='2015-05-07.06:23:07'/>
	<end value='2015-05-07.06:23:15'/>
	<frames value='17610'/>
	<gameDuration value='1100'/>

	<player>
		<unitScore value='3250'/>
		<killScore value='1000'/>
		<buildingScore value='1700'/>
		<razingScore value='0'/>
		<mineralScore value='5218'/>
		<gasScore value='648'/>
		<totalScore value='11816'/>
	</player>

	<enemy>
		<race value='Protoss'/>
		<unitScore value='3600'/>
		<unitScore value='3600'/>
		<killScore value='6500'/>
		<buildingScore value='4075'/>
		<razingScore value='5100'/>
		<mineralScore value='9466'/>
		<gasScore value='1736'/>
		<totalScore value='30477'/>
	</enemy>

	<scoreRatio value='0.387702'/>
	<timeFitness value='0.152778'/>
	<unitsAverage value='23'/>
</results>
