<results>
	<result value='loss'/>
	<start value='2015-07-17.12:11:59'/>
	<end value='2015-07-17.12:12:08'/>
	<frames value='18788'/>
	<gameDuration value='1174'/>

	<player>
		<unitScore value='3750'/>
		<killScore value='2450'/>
		<buildingScore value='1325'/>
		<razingScore value='0'/>
		<mineralScore value='4378'/>
		<gasScore value='648'/>
		<totalScore value='12551'/>
	</player>

	<enemy>
		<race value='Terran'/>
		<unitScore value='5650'/>
		<killScore value='7050'/>
		<buildingScore value='2250'/>
		<razingScore value='3975'/>
		<mineralScore value='7378'/>
		<gasScore value='2424'/>
		<totalScore value='28727'/>
	</enemy>

	<scoreRatio value='0.436906'/>
	<timeFitness value='0.163056'/>
	<unitsAverage value='20'/>
</results>
