<results>
	<result value='loss'/>
	<start value='2015-07-17.12:24:33'/>
	<end value='2015-07-17.12:24:50'/>
	<frames value='21919'/>
	<gameDuration value='1369'/>

	<player>
		<unitScore value='11100'/>
		<killScore value='4450'/>
		<buildingScore value='2250'/>
		<razingScore value='0'/>
		<mineralScore value='11298'/>
		<gasScore value='1880'/>
		<totalScore value='30978'/>
	</player>

	<enemy>
		<race value='Terran'/>
		<unitScore value='7950'/>
		<killScore value='20300'/>
		<buildingScore value='3225'/>
		<razingScore value='6750'/>
		<mineralScore value='10322'/>
		<gasScore value='4128'/>
		<totalScore value='52675'/>
	</enemy>

	<scoreRatio value='0.588097'/>
	<timeFitness value='0.190139'/>
	<unitsAverage value='44'/>
</results>
