<results>
	<result value='loss'/>
	<start value='2015-05-05.04:20:58'/>
	<end value='2015-05-05.04:21:32'/>
	<frames value='49881'/>
	<gameDuration value='3117'/>

	<player>
		<unitScore value='22400'/>
		<killScore value='33700'/>
		<buildingScore value='2475'/>
		<razingScore value='600'/>
		<mineralScore value='23946'/>
		<gasScore value='4704'/>
		<totalScore value='87825'/>
	</player>

	<enemy>
		<race value='Protoss'/>
		<unitScore value='40015'/>
		<unitScore value='40015'/>
		<killScore value='44900'/>
		<buildingScore value='8275'/>
		<razingScore value='7425'/>
		<mineralScore value='35230'/>
		<gasScore value='13834'/>
		<totalScore value='149679'/>
	</enemy>

	<scoreRatio value='0.586756'/>
	<timeFitness value='0.432917'/>
	<unitsAverage value='73'/>
</results>
