<results>
	<result value='win'/>
	<start value='2015-05-05.04:23:38'/>
	<end value='2015-05-05.04:24:02'/>
	<frames value='30816'/>
	<gameDuration value='1926'/>

	<player>
		<unitScore value='17525'/>
		<killScore value='20000'/>
		<buildingScore value='3900'/>
		<razingScore value='19125'/>
		<mineralScore value='22938'/>
		<gasScore value='2448'/>
		<totalScore value='85936'/>
	</player>

	<enemy>
		<race value='Protoss'/>
		<unitScore value='10225'/>
		<unitScore value='10225'/>
		<killScore value='14150'/>
		<buildingScore value='6375'/>
		<razingScore value='150'/>
		<mineralScore value='14526'/>
		<gasScore value='3488'/>
		<totalScore value='48914'/>
	</enemy>

	<scoreRatio value='1.75688'/>
	<timeFitness value='0.7325'/>
	<unitsAverage value='87'/>
</results>
