<results>
	<result value='loss'/>
	<start value='2015-05-05.04:26:41'/>
	<end value='2015-05-05.04:26:47'/>
	<frames value='14076'/>
	<gameDuration value='879'/>

	<player>
		<unitScore value='2675'/>
		<killScore value='2600'/>
		<buildingScore value='1500'/>
		<razingScore value='300'/>
		<mineralScore value='4258'/>
		<gasScore value='744'/>
		<totalScore value='12077'/>
	</player>

	<enemy>
		<race value='Protoss'/>
		<unitScore value='4050'/>
		<unitScore value='4050'/>
		<killScore value='5150'/>
		<buildingScore value='2075'/>
		<razingScore value='4500'/>
		<mineralScore value='7034'/>
		<gasScore value='1176'/>
		<totalScore value='23985'/>
	</enemy>

	<scoreRatio value='0.503523'/>
	<timeFitness value='0.122083'/>
	<unitsAverage value='24'/>
</results>
