<results>
	<result value='win'/>
	<start value='2015-05-05.04:34:38'/>
	<end value='2015-05-05.04:35:04'/>
	<frames value='31560'/>
	<gameDuration value='1972'/>

	<player>
		<unitScore value='19975'/>
		<killScore value='18900'/>
		<buildingScore value='5450'/>
		<razingScore value='14325'/>
		<mineralScore value='29570'/>
		<gasScore value='2544'/>
		<totalScore value='90764'/>
	</player>

	<enemy>
		<race value='Protoss'/>
		<unitScore value='9675'/>
		<unitScore value='9675'/>
		<killScore value='19400'/>
		<buildingScore value='4775'/>
		<razingScore value='1350'/>
		<mineralScore value='12030'/>
		<gasScore value='3456'/>
		<totalScore value='50686'/>
	</enemy>

	<scoreRatio value='1.79071'/>
	<timeFitness value='0.726111'/>
	<unitsAverage value='97'/>
</results>
