<results>
	<result value='draw'/>
	<start value='2015-05-05.04:36:05'/>
	<end value='2015-05-05.04:37:21'/>
	<frames value='57601'/>
	<gameDuration value='3600'/>

	<player>
		<unitScore value='29475'/>
		<killScore value='53450'/>
		<buildingScore value='3800'/>
		<razingScore value='2550'/>
		<mineralScore value='31258'/>
		<gasScore value='5594'/>
		<totalScore value='126127'/>
	</player>

	<enemy>
		<race value='Protoss'/>
		<unitScore value='37025'/>
		<unitScore value='37025'/>
		<killScore value='56050'/>
		<buildingScore value='7725'/>
		<razingScore value='4950'/>
		<mineralScore value='31682'/>
		<gasScore value='14664'/>
		<totalScore value='152096'/>
	</enemy>

	<scoreRatio value='0.829259'/>
	<timeFitness value='0.5'/>
	<unitsAverage value='118'/>
</results>
