<results>
	<result value='win'/>
	<start value='2015-04-29.13:59:22'/>
	<end value='2015-04-29.14:00:00'/>
	<frames value='24492'/>
	<gameDuration value='1530'/>

	<player>
		<unitScore value='14400'/>
		<killScore value='20670'/>
		<buildingScore value='4375'/>
		<razingScore value='6180'/>
		<mineralScore value='22902'/>
		<gasScore value='2384'/>
		<totalScore value='70911'/>
	</player>

	<enemy>
		<race value='Zerg'/>
		<unitScore value='9550'/>
		<unitScore value='9550'/>
		<killScore value='8300'/>
		<buildingScore value='2060'/>
		<razingScore value='0'/>
		<mineralScore value='8962'/>
		<gasScore value='2800'/>
		<totalScore value='31672'/>
	</enemy>

	<scoreRatio value='2.23892'/>
	<timeFitness value='0.7875'/>
	<unitsAverage value='87'/>
</results>
