<results>
	<result value='loss'/>
	<start value='2015-07-17.22:06:01'/>
	<end value='2015-07-17.22:06:12'/>
	<frames value='15285'/>
	<gameDuration value='955'/>

	<player>
		<unitScore value='2875'/>
		<killScore value='800'/>
		<buildingScore value='1525'/>
		<razingScore value='0'/>
		<mineralScore value='3810'/>
		<gasScore value='840'/>
		<totalScore value='9850'/>
	</player>

	<enemy>
		<race value='Terran'/>
		<unitScore value='5000'/>
		<killScore value='5750'/>
		<buildingScore value='1450'/>
		<razingScore value='4575'/>
		<mineralScore value='6858'/>
		<gasScore value='2168'/>
		<totalScore value='25801'/>
	</enemy>

	<scoreRatio value='0.381768'/>
	<timeFitness value='0.132639'/>
	<unitsAverage value='18'/>
</results>
