<results>
	<result value='loss'/>
	<start value='2014-07-01.02:49:43'/>
	<end value='2014-07-01.02:49:50'/>
	<frames value='16525'/>
	<gameDuration value='1032'/>

	<player>
		<unitScore value='3275'/>
		<killScore value='900'/>
		<buildingScore value='1550'/>
		<razingScore value='0'/>
		<mineralScore value='5274'/>
		<gasScore value='672'/>
		<totalScore value='11671'/>
	</player>

	<enemy>
		<race value='Protoss'/>
		<unitScore value='3825'/>
		<unitScore value='3825'/>
		<killScore value='5600'/>
		<buildingScore value='2625'/>
		<razingScore value='4650'/>
		<mineralScore value='8266'/>
		<gasScore value='2208'/>
		<totalScore value='27174'/>
	</enemy>

	<scoreRatio value='0.429491'/>
</results>
