<results>
	<result value='win'/>
	<start value='2014-07-01.02:51:55'/>
	<end value='2014-07-01.02:52:15'/>
	<frames value='27189'/>
	<gameDuration value='1699'/>

	<player>
		<unitScore value='13725'/>
		<killScore value='13600'/>
		<buildingScore value='4150'/>
		<razingScore value='10125'/>
		<mineralScore value='20478'/>
		<gasScore value='2280'/>
		<totalScore value='64358'/>
	</player>

	<enemy>
		<race value='Protoss'/>
		<unitScore value='6800'/>
		<unitScore value='6800'/>
		<killScore value='11250'/>
		<buildingScore value='3375'/>
		<razingScore value='375'/>
		<mineralScore value='10762'/>
		<gasScore value='1416'/>
		<totalScore value='33978'/>
	</enemy>

	<scoreRatio value='1.89411'/>
</results>
