<results>
	<result value='draw'/>
	<start value='2015-03-28.19:21:36'/>
	<end value='2015-03-28.19:23:25'/>
	<frames value='57601'/>
	<gameDuration value='3600'/>

	<player>
		<unitScore value='31350'/>
		<killScore value='58050'/>
		<buildingScore value='3050'/>
		<razingScore value='4125'/>
		<mineralScore value='31574'/>
		<gasScore value='7142'/>
		<totalScore value='135291'/>
	</player>

	<enemy>
		<race value='Protoss'/>
		<unitScore value='37075'/>
		<unitScore value='37075'/>
		<killScore value='54150'/>
		<buildingScore value='6500'/>
		<razingScore value='0'/>
		<mineralScore value='31454'/>
		<gasScore value='11216'/>
		<totalScore value='140395'/>
	</enemy>

	<scoreRatio value='0.963645'/>
</results>
