<results>
	<result value='draw'/>
	<start value='2015-03-28.19:26:55'/>
	<end value='2015-03-28.19:28:44'/>
	<frames value='57601'/>
	<gameDuration value='3600'/>

	<player>
		<unitScore value='32975'/>
		<killScore value='43050'/>
		<buildingScore value='3700'/>
		<razingScore value='11700'/>
		<mineralScore value='34498'/>
		<gasScore value='6732'/>
		<totalScore value='132655'/>
	</player>

	<enemy>
		<race value='Protoss'/>
		<unitScore value='24625'/>
		<unitScore value='24625'/>
		<killScore value='40250'/>
		<buildingScore value='6475'/>
		<razingScore value='150'/>
		<mineralScore value='24338'/>
		<gasScore value='8312'/>
		<totalScore value='104150'/>
	</enemy>

	<scoreRatio value='1.27369'/>
</results>
