<results>
	<result value='loss'/>
	<start value='2015-07-19.01:44:19'/>
	<end value='2015-07-19.01:44:54'/>
	<frames value='33234'/>
	<gameDuration value='2077'/>

	<player>
		<unitScore value='14225'/>
		<killScore value='5100'/>
		<buildingScore value='2775'/>
		<razingScore value='300'/>
		<mineralScore value='23162'/>
		<gasScore value='2552'/>
		<totalScore value='48114'/>
	</player>

	<enemy>
		<race value='Protoss'/>
		<unitScore value='16150'/>
		<killScore value='28450'/>
		<buildingScore value='6225'/>
		<razingScore value='8325'/>
		<mineralScore value='22074'/>
		<gasScore value='7296'/>
		<totalScore value='88520'/>
	</enemy>

	<scoreRatio value='0.543538'/>
	<timeFitness value='0.288472'/>
	<unitsAverage value='52'/>
</results>
