<results>
	<result value='loss'/>
	<start value='2015-07-19.02:02:03'/>
	<end value='2015-07-19.02:03:06'/>
	<frames value='47866'/>
	<gameDuration value='2991'/>

	<player>
		<unitScore value='22800'/>
		<killScore value='21650'/>
		<buildingScore value='2475'/>
		<razingScore value='2250'/>
		<mineralScore value='24210'/>
		<gasScore value='4976'/>
		<totalScore value='78361'/>
	</player>

	<enemy>
		<race value='Protoss'/>
		<unitScore value='27625'/>
		<killScore value='45800'/>
		<buildingScore value='7725'/>
		<razingScore value='7425'/>
		<mineralScore value='32142'/>
		<gasScore value='9832'/>
		<totalScore value='130549'/>
	</enemy>

	<scoreRatio value='0.600242'/>
	<timeFitness value='0.415417'/>
	<unitsAverage value='69'/>
</results>
