<results>
	<result value='draw'/>
	<start value='2015-05-10.17:20:06'/>
	<end value='2015-05-10.17:21:19'/>
	<frames value='57601'/>
	<gameDuration value='3600'/>

	<player>
		<unitScore value='29150'/>
		<killScore value='64970'/>
		<buildingScore value='3475'/>
		<razingScore value='2520'/>
		<mineralScore value='31542'/>
		<gasScore value='6876'/>
		<totalScore value='138533'/>
	</player>

	<enemy>
		<race value='Zerg'/>
		<unitScore value='33675'/>
		<unitScore value='33675'/>
		<killScore value='53050'/>
		<buildingScore value='3805'/>
		<razingScore value='0'/>
		<mineralScore value='29562'/>
		<gasScore value='10386'/>
		<totalScore value='130478'/>
	</enemy>

	<scoreRatio value='1.06173'/>
	<timeFitness value='0.5'/>
	<unitsAverage value='111'/>
</results>
