<results>
	<result value='loss'/>
	<start value='2015-07-17.22:12:27'/>
	<end value='2015-07-17.22:12:47'/>
	<frames value='18106'/>
	<gameDuration value='1131'/>

	<player>
		<unitScore value='3775'/>
		<killScore value='300'/>
		<buildingScore value='2850'/>
		<razingScore value='0'/>
		<mineralScore value='7034'/>
		<gasScore value='656'/>
		<totalScore value='14615'/>
	</player>

	<enemy>
		<race value='Terran'/>
		<unitScore value='6500'/>
		<killScore value='7250'/>
		<buildingScore value='2900'/>
		<razingScore value='8550'/>
		<mineralScore value='8402'/>
		<gasScore value='2640'/>
		<totalScore value='36242'/>
	</enemy>

	<scoreRatio value='0.403261'/>
	<timeFitness value='0.157083'/>
	<unitsAverage value='29'/>
</results>
