<results>
	<result value='loss'/>
	<start value='2015-07-19.13:37:50'/>
	<end value='2015-07-19.13:38:39'/>
	<frames value='26910'/>
	<gameDuration value='1681'/>

	<player>
		<unitScore value='14675'/>
		<killScore value='9800'/>
		<buildingScore value='2675'/>
		<razingScore value='0'/>
		<mineralScore value='16082'/>
		<gasScore value='2464'/>
		<totalScore value='45696'/>
	</player>

	<enemy>
		<race value='Zerg'/>
		<unitScore value='12875'/>
		<killScore value='26950'/>
		<buildingScore value='3765'/>
		<razingScore value='8025'/>
		<mineralScore value='15230'/>
		<gasScore value='4584'/>
		<totalScore value='71429'/>
	</enemy>

	<scoreRatio value='0.63974'/>
	<timeFitness value='0.233472'/>
	<unitsAverage value='59'/>
</results>
