<results>
	<result value='win'/>
	<start value='2015-05-07.09:36:36'/>
	<end value='2015-05-07.09:36:59'/>
	<frames value='24616'/>
	<gameDuration value='1538'/>

	<player>
		<unitScore value='13550'/>
		<killScore value='8600'/>
		<buildingScore value='3300'/>
		<razingScore value='13500'/>
		<mineralScore value='19242'/>
		<gasScore value='2488'/>
		<totalScore value='60680'/>
	</player>

	<enemy>
		<race value='Protoss'/>
		<unitScore value='4700'/>
		<unitScore value='4700'/>
		<killScore value='7300'/>
		<buildingScore value='4500'/>
		<razingScore value='0'/>
		<mineralScore value='13122'/>
		<gasScore value='2528'/>
		<totalScore value='32150'/>
	</enemy>

	<scoreRatio value='1.8874'/>
	<timeFitness value='0.786389'/>
	<unitsAverage value='79'/>
</results>
