<results>
	<result value='loss'/>
	<start value='2015-05-07.09:41:59'/>
	<end value='2015-05-07.09:42:11'/>
	<frames value='22353'/>
	<gameDuration value='1397'/>

	<player>
		<unitScore value='7275'/>
		<killScore value='2300'/>
		<buildingScore value='2500'/>
		<razingScore value='0'/>
		<mineralScore value='10026'/>
		<gasScore value='1392'/>
		<totalScore value='23493'/>
	</player>

	<enemy>
		<race value='Protoss'/>
		<unitScore value='6825'/>
		<unitScore value='6825'/>
		<killScore value='14650'/>
		<buildingScore value='5175'/>
		<razingScore value='7500'/>
		<mineralScore value='12194'/>
		<gasScore value='3360'/>
		<totalScore value='49704'/>
	</enemy>

	<scoreRatio value='0.472658'/>
	<timeFitness value='0.194028'/>
	<unitsAverage value='36'/>
</results>
