<results>
	<result value='win'/>
	<start value='2015-05-07.09:52:04'/>
	<end value='2015-05-07.09:52:23'/>
	<frames value='21578'/>
	<gameDuration value='1348'/>

	<player>
		<unitScore value='11150'/>
		<killScore value='9200'/>
		<buildingScore value='3325'/>
		<razingScore value='8775'/>
		<mineralScore value='18334'/>
		<gasScore value='2368'/>
		<totalScore value='53152'/>
	</player>

	<enemy>
		<race value='Protoss'/>
		<unitScore value='4600'/>
		<unitScore value='4600'/>
		<killScore value='4000'/>
		<buildingScore value='2925'/>
		<razingScore value='0'/>
		<mineralScore value='9546'/>
		<gasScore value='1856'/>
		<totalScore value='22927'/>
	</enemy>

	<scoreRatio value='2.31831'/>
	<timeFitness value='0.812778'/>
	<unitsAverage value='77'/>
</results>
