<results>
	<result value='loss'/>
	<start value='2015-05-07.09:52:27'/>
	<end value='2015-05-07.09:52:34'/>
	<frames value='16029'/>
	<gameDuration value='1001'/>

	<player>
		<unitScore value='3525'/>
		<killScore value='1400'/>
		<buildingScore value='1450'/>
		<razingScore value='0'/>
		<mineralScore value='4874'/>
		<gasScore value='440'/>
		<totalScore value='11689'/>
	</player>

	<enemy>
		<race value='Protoss'/>
		<unitScore value='3600'/>
		<unitScore value='3600'/>
		<killScore value='7050'/>
		<buildingScore value='3375'/>
		<razingScore value='4350'/>
		<mineralScore value='8530'/>
		<gasScore value='1424'/>
		<totalScore value='28329'/>
	</enemy>

	<scoreRatio value='0.412616'/>
	<timeFitness value='0.139028'/>
	<unitsAverage value='21'/>
</results>
