<results>
	<result value='loss'/>
	<start value='2015-04-29.10:28:47'/>
	<end value='2015-04-29.10:28:58'/>
	<frames value='26631'/>
	<gameDuration value='1664'/>

	<player>
		<unitScore value='3100'/>
		<killScore value='2400'/>
		<buildingScore value='1600'/>
		<razingScore value='0'/>
		<mineralScore value='4818'/>
		<gasScore value='680'/>
		<totalScore value='12598'/>
	</player>

	<enemy>
		<race value='Protoss'/>
		<unitScore value='10600'/>
		<unitScore value='10600'/>
		<killScore value='6200'/>
		<buildingScore value='6875'/>
		<razingScore value='4800'/>
		<mineralScore value='16454'/>
		<gasScore value='5376'/>
		<totalScore value='50305'/>
	</enemy>

	<scoreRatio value='0.250432'/>
	<timeFitness value='0.231111'/>
	<unitsAverage value='17'/>
</results>
