<results>
	<result value='win'/>
	<start value='2015-04-11.02:59:16'/>
	<end value='2015-04-11.03:00:13'/>
	<frames value='31188'/>
	<gameDuration value='1949'/>

	<player>
		<unitScore value='17325'/>
		<killScore value='18550'/>
		<buildingScore value='4200'/>
		<razingScore value='15225'/>
		<mineralScore value='24390'/>
		<gasScore value='3288'/>
		<totalScore value='82978'/>
	</player>

	<enemy>
		<race value='Protoss'/>
		<unitScore value='9725'/>
		<unitScore value='9725'/>
		<killScore value='19000'/>
		<buildingScore value='5075'/>
		<razingScore value='300'/>
		<mineralScore value='13810'/>
		<gasScore value='3944'/>
		<totalScore value='51854'/>
	</enemy>

	<scoreRatio value='1.60022'/>
</results>
