<results>
	<result value='win'/>
	<start value='2014-07-22.23:15:29'/>
	<end value='2014-07-22.23:15:46'/>
	<frames value='21764'/>
	<gameDuration value='1360'/>

	<player>
		<unitScore value='12500'/>
		<killScore value='12630'/>
		<buildingScore value='3000'/>
		<razingScore value='5655'/>
		<mineralScore value='18014'/>
		<gasScore value='1408'/>
		<totalScore value='53207'/>
	</player>

	<enemy>
		<race value='Zerg'/>
		<unitScore value='6775'/>
		<unitScore value='6775'/>
		<killScore value='7000'/>
		<buildingScore value='1885'/>
		<razingScore value='0'/>
		<mineralScore value='7954'/>
		<gasScore value='2432'/>
		<totalScore value='26046'/>
	</enemy>

	<scoreRatio value='2.04281'/>
</results>
