<results>
	<result value='win'/>
	<start value='2015-05-01.06:09:06'/>
	<end value='2015-05-01.06:09:33'/>
	<frames value='22911'/>
	<gameDuration value='1431'/>

	<player>
		<unitScore value='11275'/>
		<killScore value='14500'/>
		<buildingScore value='3675'/>
		<razingScore value='8325'/>
		<mineralScore value='18634'/>
		<gasScore value='2600'/>
		<totalScore value='59009'/>
	</player>

	<enemy>
		<race value='Protoss'/>
		<unitScore value='7300'/>
		<unitScore value='7300'/>
		<killScore value='6400'/>
		<buildingScore value='2775'/>
		<razingScore value='150'/>
		<mineralScore value='9674'/>
		<gasScore value='2632'/>
		<totalScore value='28931'/>
	</enemy>

	<scoreRatio value='2.03965'/>
</results>
