<results>
	<result value='loss'/>
	<start value='2015-05-01.06:14:21'/>
	<end value='2015-05-01.06:14:30'/>
	<frames value='14541'/>
	<gameDuration value='908'/>

	<player>
		<unitScore value='2050'/>
		<killScore value='200'/>
		<buildingScore value='1375'/>
		<razingScore value='0'/>
		<mineralScore value='3346'/>
		<gasScore value='944'/>
		<totalScore value='7915'/>
	</player>

	<enemy>
		<race value='Protoss'/>
		<unitScore value='4375'/>
		<unitScore value='4375'/>
		<killScore value='3600'/>
		<buildingScore value='2375'/>
		<razingScore value='4125'/>
		<mineralScore value='7458'/>
		<gasScore value='1928'/>
		<totalScore value='23861'/>
	</enemy>

	<scoreRatio value='0.331713'/>
</results>
