<results>
	<result value='win'/>
	<start value='2015-04-27.13:56:34'/>
	<end value='2015-04-27.13:56:44'/>
	<frames value='18044'/>
	<gameDuration value='1127'/>

	<player>
		<unitScore value='7550'/>
		<killScore value='10300'/>
		<buildingScore value='2550'/>
		<razingScore value='4350'/>
		<mineralScore value='11538'/>
		<gasScore value='1864'/>
		<totalScore value='38152'/>
	</player>

	<enemy>
		<race value='Terran'/>
		<unitScore value='5150'/>
		<unitScore value='5150'/>
		<killScore value='2150'/>
		<buildingScore value='1450'/>
		<razingScore value='0'/>
		<mineralScore value='7530'/>
		<gasScore value='1728'/>
		<totalScore value='18008'/>
	</enemy>

	<scoreRatio value='2.11861'/>
</results>
