<results>
	<result value='loss'/>
	<start value='2015-04-07.17:55:00'/>
	<end value='2015-04-07.17:55:07'/>
	<frames value='15347'/>
	<gameDuration value='959'/>

	<player>
		<unitScore value='2675'/>
		<killScore value='1000'/>
		<buildingScore value='1750'/>
		<razingScore value='0'/>
		<mineralScore value='4402'/>
		<gasScore value='728'/>
		<totalScore value='10555'/>
	</player>

	<enemy>
		<race value='Protoss'/>
		<unitScore value='3550'/>
		<unitScore value='3550'/>
		<killScore value='5350'/>
		<buildingScore value='3075'/>
		<razingScore value='5250'/>
		<mineralScore value='8226'/>
		<gasScore value='1432'/>
		<totalScore value='26883'/>
	</enemy>

	<scoreRatio value='0.392627'/>
</results>
