<results>
	<result value='win'/>
	<start value='2014-07-22.21:06:47'/>
	<end value='2014-07-22.21:07:37'/>
	<frames value='36985'/>
	<gameDuration value='2311'/>

	<player>
		<unitScore value='23750'/>
		<killScore value='34420'/>
		<buildingScore value='4325'/>
		<razingScore value='4875'/>
		<mineralScore value='46366'/>
		<gasScore value='3580'/>
		<totalScore value='117316'/>
	</player>

	<enemy>
		<race value='Zerg'/>
		<unitScore value='15825'/>
		<unitScore value='15825'/>
		<killScore value='24950'/>
		<buildingScore value='1625'/>
		<razingScore value='0'/>
		<mineralScore value='13050'/>
		<gasScore value='5314'/>
		<totalScore value='60764'/>
	</enemy>

	<scoreRatio value='1.93068'/>
</results>
