<results>
	<result value='win'/>
	<start value='2015-04-15.03:32:54'/>
	<end value='2015-04-15.03:33:34'/>
	<frames value='25484'/>
	<gameDuration value='1592'/>

	<player>
		<unitScore value='13325'/>
		<killScore value='20600'/>
		<buildingScore value='3525'/>
		<razingScore value='10125'/>
		<mineralScore value='18158'/>
		<gasScore value='2048'/>
		<totalScore value='67781'/>
	</player>

	<enemy>
		<race value='Protoss'/>
		<unitScore value='11700'/>
		<unitScore value='11700'/>
		<killScore value='8900'/>
		<buildingScore value='3375'/>
		<razingScore value='0'/>
		<mineralScore value='10218'/>
		<gasScore value='3048'/>
		<totalScore value='37241'/>
	</enemy>

	<scoreRatio value='1.82006'/>
</results>
