<results>
	<result value='win'/>
	<start value='2015-04-15.03:36:41'/>
	<end value='2015-04-15.03:37:41'/>
	<frames value='38907'/>
	<gameDuration value='2431'/>

	<player>
		<unitScore value='18550'/>
		<killScore value='18200'/>
		<buildingScore value='3975'/>
		<razingScore value='22425'/>
		<mineralScore value='24198'/>
		<gasScore value='2896'/>
		<totalScore value='90244'/>
	</player>

	<enemy>
		<race value='Protoss'/>
		<unitScore value='9100'/>
		<unitScore value='9100'/>
		<killScore value='18850'/>
		<buildingScore value='7475'/>
		<razingScore value='1800'/>
		<mineralScore value='21458'/>
		<gasScore value='4416'/>
		<totalScore value='63099'/>
	</enemy>

	<scoreRatio value='1.4302'/>
</results>
