<results>
	<result value='draw'/>
	<start value='2015-04-14.05:29:37'/>
	<end value='2015-04-14.05:30:21'/>
	<frames value='57601'/>
	<gameDuration value='3600'/>

	<player>
		<unitScore value='27325'/>
		<killScore value='53950'/>
		<buildingScore value='3600'/>
		<razingScore value='4650'/>
		<mineralScore value='30838'/>
		<gasScore value='8182'/>
		<totalScore value='128545'/>
	</player>

	<enemy>
		<race value='Protoss'/>
		<unitScore value='37775'/>
		<unitScore value='37775'/>
		<killScore value='48350'/>
		<buildingScore value='7525'/>
		<razingScore value='1350'/>
		<mineralScore value='32046'/>
		<gasScore value='11658'/>
		<totalScore value='138704'/>
	</enemy>

	<scoreRatio value='0.926758'/>
</results>
