<results>
	<result value='loss'/>
	<start value='2015-05-03.16:29:44'/>
	<end value='2015-05-03.16:29:54'/>
	<frames value='18354'/>
	<gameDuration value='1147'/>

	<player>
		<unitScore value='3225'/>
		<killScore value='1800'/>
		<buildingScore value='1400'/>
		<razingScore value='1200'/>
		<mineralScore value='4354'/>
		<gasScore value='472'/>
		<totalScore value='12451'/>
	</player>

	<enemy>
		<race value='Terran'/>
		<unitScore value='2375'/>
		<unitScore value='2375'/>
		<killScore value='5850'/>
		<buildingScore value='1250'/>
		<razingScore value='4200'/>
		<mineralScore value='8866'/>
		<gasScore value='1664'/>
		<totalScore value='24205'/>
	</enemy>

	<scoreRatio value='0.514398'/>
	<timeFitness value='0.159306'/>
	<unitsAverage value='20'/>
</results>
