<results>
	<result value='loss'/>
	<start value='2015-05-03.16:30:57'/>
	<end value='2015-05-03.16:31:06'/>
	<frames value='15440'/>
	<gameDuration value='965'/>

	<player>
		<unitScore value='2650'/>
		<killScore value='600'/>
		<buildingScore value='1025'/>
		<razingScore value='0'/>
		<mineralScore value='3874'/>
		<gasScore value='648'/>
		<totalScore value='8797'/>
	</player>

	<enemy>
		<race value='Terran'/>
		<unitScore value='5100'/>
		<unitScore value='5100'/>
		<killScore value='5300'/>
		<buildingScore value='1800'/>
		<razingScore value='3075'/>
		<mineralScore value='6954'/>
		<gasScore value='2392'/>
		<totalScore value='24621'/>
	</enemy>

	<scoreRatio value='0.357297'/>
	<timeFitness value='0.134028'/>
	<unitsAverage value='20'/>
</results>
