<results>
	<result value='draw'/>
	<start value='2015-05-02.15:41:13'/>
	<end value='2015-05-02.15:42:16'/>
	<frames value='57601'/>
	<gameDuration value='3600'/>

	<player>
		<unitScore value='18650'/>
		<killScore value='25000'/>
		<buildingScore value='2250'/>
		<razingScore value='300'/>
		<mineralScore value='21982'/>
		<gasScore value='976'/>
		<totalScore value='69158'/>
	</player>

	<enemy>
		<race value='Terran'/>
		<unitScore value='26225'/>
		<unitScore value='26225'/>
		<killScore value='31950'/>
		<buildingScore value='4125'/>
		<razingScore value='1800'/>
		<mineralScore value='19550'/>
		<gasScore value='12410'/>
		<totalScore value='96060'/>
	</enemy>

	<scoreRatio value='0.719946'/>
	<timeFitness value='0.5'/>
	<unitsAverage value='60'/>
</results>
