<results>
	<result value='draw'/>
	<start value='2015-05-03.16:54:03'/>
	<end value='2015-05-03.16:54:57'/>
	<frames value='57601'/>
	<gameDuration value='3600'/>

	<player>
		<unitScore value='20625'/>
		<killScore value='31200'/>
		<buildingScore value='3600'/>
		<razingScore value='4050'/>
		<mineralScore value='33642'/>
		<gasScore value='6720'/>
		<totalScore value='99837'/>
	</player>

	<enemy>
		<race value='Terran'/>
		<unitScore value='23200'/>
		<unitScore value='23200'/>
		<killScore value='30600'/>
		<buildingScore value='4625'/>
		<razingScore value='4800'/>
		<mineralScore value='19550'/>
		<gasScore value='11966'/>
		<totalScore value='94741'/>
	</enemy>

	<scoreRatio value='1.05379'/>
	<timeFitness value='0.5'/>
	<unitsAverage value='72'/>
</results>
