<results>
	<result value='loss'/>
	<start value='2015-05-02.15:48:05'/>
	<end value='2015-05-02.15:49:03'/>
	<frames value='52206'/>
	<gameDuration value='3262'/>

	<player>
		<unitScore value='18975'/>
		<killScore value='19750'/>
		<buildingScore value='3725'/>
		<razingScore value='150'/>
		<mineralScore value='26066'/>
		<gasScore value='4720'/>
		<totalScore value='73386'/>
	</player>

	<enemy>
		<race value='Terran'/>
		<unitScore value='35525'/>
		<unitScore value='35525'/>
		<killScore value='37950'/>
		<buildingScore value='5675'/>
		<razingScore value='11325'/>
		<mineralScore value='25782'/>
		<gasScore value='15614'/>
		<totalScore value='131871'/>
	</enemy>

	<scoreRatio value='0.556498'/>
	<timeFitness value='0.453056'/>
	<unitsAverage value='65'/>
</results>
