<results>
	<result value='draw'/>
	<start value='2015-05-02.17:18:27'/>
	<end value='2015-05-02.17:19:39'/>
	<frames value='57601'/>
	<gameDuration value='3600'/>

	<player>
		<unitScore value='31675'/>
		<killScore value='40850'/>
		<buildingScore value='4600'/>
		<razingScore value='1650'/>
		<mineralScore value='35950'/>
		<gasScore value='7000'/>
		<totalScore value='121725'/>
	</player>

	<enemy>
		<race value='Terran'/>
		<unitScore value='30150'/>
		<unitScore value='30150'/>
		<killScore value='52500'/>
		<buildingScore value='4175'/>
		<razingScore value='4425'/>
		<mineralScore value='19542'/>
		<gasScore value='12282'/>
		<totalScore value='123074'/>
	</enemy>

	<scoreRatio value='0.989039'/>
	<timeFitness value='0.5'/>
	<unitsAverage value='105'/>
</results>
