<results>
	<result value='win'/>
	<start value='2015-05-02.17:22:25'/>
	<end value='2015-05-02.17:22:50'/>
	<frames value='27034'/>
	<gameDuration value='1689'/>

	<player>
		<unitScore value='14800'/>
		<killScore value='19100'/>
		<buildingScore value='3825'/>
		<razingScore value='4800'/>
		<mineralScore value='20746'/>
		<gasScore value='2952'/>
		<totalScore value='66223'/>
	</player>

	<enemy>
		<race value='Terran'/>
		<unitScore value='9550'/>
		<unitScore value='9550'/>
		<killScore value='14300'/>
		<buildingScore value='1600'/>
		<razingScore value='0'/>
		<mineralScore value='12046'/>
		<gasScore value='2888'/>
		<totalScore value='40384'/>
	</enemy>

	<scoreRatio value='1.63983'/>
	<timeFitness value='0.765417'/>
	<unitsAverage value='77'/>
</results>
