<results>
	<result value='win'/>
	<start value='2015-05-02.15:52:07'/>
	<end value='2015-05-02.15:52:33'/>
	<frames value='20896'/>
	<gameDuration value='1306'/>

	<player>
		<unitScore value='9250'/>
		<killScore value='13750'/>
		<buildingScore value='3025'/>
		<razingScore value='6225'/>
		<mineralScore value='15190'/>
		<gasScore value='1752'/>
		<totalScore value='49192'/>
	</player>

	<enemy>
		<race value='Terran'/>
		<unitScore value='6875'/>
		<unitScore value='6875'/>
		<killScore value='6850'/>
		<buildingScore value='2150'/>
		<razingScore value='1725'/>
		<mineralScore value='7346'/>
		<gasScore value='2408'/>
		<totalScore value='27354'/>
	</enemy>

	<scoreRatio value='1.79835'/>
	<timeFitness value='0.818611'/>
	<unitsAverage value='68'/>
</results>
