<results>
	<result value='loss'/>
	<start value='2015-05-03.17:04:32'/>
	<end value='2015-05-03.17:04:50'/>
	<frames value='24430'/>
	<gameDuration value='1526'/>

	<player>
		<unitScore value='9000'/>
		<killScore value='7000'/>
		<buildingScore value='1800'/>
		<razingScore value='0'/>
		<mineralScore value='10642'/>
		<gasScore value='1696'/>
		<totalScore value='30138'/>
	</player>

	<enemy>
		<race value='Terran'/>
		<unitScore value='10375'/>
		<unitScore value='10375'/>
		<killScore value='18000'/>
		<buildingScore value='3900'/>
		<razingScore value='5400'/>
		<mineralScore value='11898'/>
		<gasScore value='5208'/>
		<totalScore value='54781'/>
	</enemy>

	<scoreRatio value='0.550154'/>
	<timeFitness value='0.211944'/>
	<unitsAverage value='39'/>
</results>
