<results>
	<result value='loss'/>
	<start value='2015-05-09.08:40:31'/>
	<end value='2015-05-09.08:40:40'/>
	<frames value='19222'/>
	<gameDuration value='1201'/>

	<player>
		<unitScore value='3950'/>
		<killScore value='3700'/>
		<buildingScore value='1850'/>
		<razingScore value='150'/>
		<mineralScore value='5794'/>
		<gasScore value='936'/>
		<totalScore value='16380'/>
	</player>

	<enemy>
		<race value='Terran'/>
		<unitScore value='7575'/>
		<unitScore value='7575'/>
		<killScore value='7400'/>
		<buildingScore value='2850'/>
		<razingScore value='5550'/>
		<mineralScore value='8834'/>
		<gasScore value='3224'/>
		<totalScore value='35433'/>
	</enemy>

	<scoreRatio value='0.462281'/>
	<timeFitness value='0.166806'/>
	<unitsAverage value='25'/>
</results>
