<results>
	<result value='win'/>
	<start value='2014-07-11.22:08:32'/>
	<end value='2014-07-11.22:08:56'/>
	<frames value='26941'/>
	<gameDuration value='1683'/>

	<player>
		<unitScore value='16150'/>
		<killScore value='20015'/>
		<buildingScore value='3200'/>
		<razingScore value='7830'/>
		<mineralScore value='19906'/>
		<gasScore value='2496'/>
		<totalScore value='69597'/>
	</player>

	<enemy>
		<race value='Zerg'/>
		<unitScore value='9125'/>
		<unitScore value='9125'/>
		<killScore value='10850'/>
		<buildingScore value='2610'/>
		<razingScore value='150'/>
		<mineralScore value='9858'/>
		<gasScore value='3264'/>
		<totalScore value='35857'/>
	</enemy>

	<scoreRatio value='1.94096'/>
</results>
