<results>
	<result value='loss'/>
	<start value='2015-03-31.12:39:20'/>
	<end value='2015-03-31.12:39:28'/>
	<frames value='15254'/>
	<gameDuration value='953'/>

	<player>
		<unitScore value='2775'/>
		<killScore value='400'/>
		<buildingScore value='1625'/>
		<razingScore value='0'/>
		<mineralScore value='4402'/>
		<gasScore value='600'/>
		<totalScore value='9802'/>
	</player>

	<enemy>
		<race value='Protoss'/>
		<unitScore value='3550'/>
		<unitScore value='3550'/>
		<killScore value='5550'/>
		<buildingScore value='3025'/>
		<razingScore value='4875'/>
		<mineralScore value='7978'/>
		<gasScore value='1416'/>
		<totalScore value='26394'/>
	</enemy>

	<scoreRatio value='0.371372'/>
</results>
