<results>
	<result value='draw'/>
	<start value='2015-03-31.12:40:42'/>
	<end value='2015-03-31.12:41:59'/>
	<frames value='57601'/>
	<gameDuration value='3600'/>

	<player>
		<unitScore value='33300'/>
		<killScore value='51550'/>
		<buildingScore value='3175'/>
		<razingScore value='23775'/>
		<mineralScore value='32146'/>
		<gasScore value='4838'/>
		<totalScore value='148784'/>
	</player>

	<enemy>
		<race value='Protoss'/>
		<unitScore value='29100'/>
		<unitScore value='29100'/>
		<killScore value='42350'/>
		<buildingScore value='7975'/>
		<razingScore value='150'/>
		<mineralScore value='28550'/>
		<gasScore value='10776'/>
		<totalScore value='118901'/>
	</enemy>

	<scoreRatio value='1.25133'/>
</results>
