<results>
	<result value='win'/>
	<start value='2015-03-31.12:42:01'/>
	<end value='2015-03-31.12:43:15'/>
	<frames value='45603'/>
	<gameDuration value='2850'/>

	<player>
		<unitScore value='31575'/>
		<killScore value='63740'/>
		<buildingScore value='4500'/>
		<razingScore value='19800'/>
		<mineralScore value='33974'/>
		<gasScore value='6384'/>
		<totalScore value='159973'/>
	</player>

	<enemy>
		<race value='Protoss'/>
		<unitScore value='34330'/>
		<unitScore value='34330'/>
		<killScore value='41050'/>
		<buildingScore value='6600'/>
		<razingScore value='300'/>
		<mineralScore value='27578'/>
		<gasScore value='10470'/>
		<totalScore value='120328'/>
	</enemy>

	<scoreRatio value='1.32947'/>
</results>
