<results>
	<result value='loss'/>
	<start value='2015-03-31.12:47:16'/>
	<end value='2015-03-31.12:47:38'/>
	<frames value='36613'/>
	<gameDuration value='2288'/>

	<player>
		<unitScore value='13425'/>
		<killScore value='9300'/>
		<buildingScore value='3200'/>
		<razingScore value='300'/>
		<mineralScore value='15802'/>
		<gasScore value='2152'/>
		<totalScore value='44179'/>
	</player>

	<enemy>
		<race value='Protoss'/>
		<unitScore value='22350'/>
		<unitScore value='22350'/>
		<killScore value='26700'/>
		<buildingScore value='6925'/>
		<razingScore value='9600'/>
		<mineralScore value='23642'/>
		<gasScore value='9130'/>
		<totalScore value='98347'/>
	</enemy>

	<scoreRatio value='0.449216'/>
</results>
