<results>
	<result value='loss'/>
	<start value='2015-03-31.12:52:37'/>
	<end value='2015-03-31.12:53:22'/>
	<frames value='48114'/>
	<gameDuration value='3007'/>

	<player>
		<unitScore value='24825'/>
		<killScore value='41600'/>
		<buildingScore value='2550'/>
		<razingScore value='450'/>
		<mineralScore value='23922'/>
		<gasScore value='3792'/>
		<totalScore value='97139'/>
	</player>

	<enemy>
		<race value='Protoss'/>
		<unitScore value='40840'/>
		<unitScore value='40840'/>
		<killScore value='49750'/>
		<buildingScore value='7625'/>
		<razingScore value='7650'/>
		<mineralScore value='33838'/>
		<gasScore value='13806'/>
		<totalScore value='153509'/>
	</enemy>

	<scoreRatio value='0.63279'/>
</results>
