<results>
	<result value='loss'/>
	<start value='2014-07-22.22:14:06'/>
	<end value='2014-07-22.22:14:48'/>
	<frames value='46688'/>
	<gameDuration value='2918'/>

	<player>
		<unitScore value='25975'/>
		<killScore value='38450'/>
		<buildingScore value='3850'/>
		<razingScore value='300'/>
		<mineralScore value='27946'/>
		<gasScore value='4352'/>
		<totalScore value='100873'/>
	</player>

	<enemy>
		<race value='Protoss'/>
		<unitScore value='38100'/>
		<unitScore value='38100'/>
		<killScore value='51950'/>
		<buildingScore value='7125'/>
		<razingScore value='11550'/>
		<mineralScore value='32214'/>
		<gasScore value='12306'/>
		<totalScore value='153245'/>
	</enemy>

	<scoreRatio value='0.658247'/>
</results>
