<results>
	<result value='loss'/>
	<start value='2014-07-22.22:14:52'/>
	<end value='2014-07-22.22:15:34'/>
	<frames value='43960'/>
	<gameDuration value='2747'/>

	<player>
		<unitScore value='21725'/>
		<killScore value='28800'/>
		<buildingScore value='2725'/>
		<razingScore value='300'/>
		<mineralScore value='23994'/>
		<gasScore value='4536'/>
		<totalScore value='82080'/>
	</player>

	<enemy>
		<race value='Protoss'/>
		<unitScore value='34525'/>
		<unitScore value='34525'/>
		<killScore value='43550'/>
		<buildingScore value='7625'/>
		<razingScore value='8175'/>
		<mineralScore value='30942'/>
		<gasScore value='11990'/>
		<totalScore value='136807'/>
	</enemy>

	<scoreRatio value='0.599969'/>
</results>
