<results>
	<result value='loss'/>
	<start value='2014-07-22.22:18:02'/>
	<end value='2014-07-22.22:18:09'/>
	<frames value='14851'/>
	<gameDuration value='928'/>

	<player>
		<unitScore value='2425'/>
		<killScore value='700'/>
		<buildingScore value='1675'/>
		<razingScore value='0'/>
		<mineralScore value='4362'/>
		<gasScore value='632'/>
		<totalScore value='9794'/>
	</player>

	<enemy>
		<race value='Protoss'/>
		<unitScore value='3600'/>
		<unitScore value='3600'/>
		<killScore value='4850'/>
		<buildingScore value='2875'/>
		<razingScore value='5025'/>
		<mineralScore value='7746'/>
		<gasScore value='1376'/>
		<totalScore value='25472'/>
	</enemy>

	<scoreRatio value='0.384501'/>
</results>
