<results>
	<result value='win'/>
	<start value='2015-05-08.20:01:37'/>
	<end value='2015-05-08.20:02:54'/>
	<frames value='50873'/>
	<gameDuration value='3179'/>

	<player>
		<unitScore value='34300'/>
		<killScore value='39950'/>
		<buildingScore value='5175'/>
		<razingScore value='12975'/>
		<mineralScore value='35722'/>
		<gasScore value='4360'/>
		<totalScore value='132482'/>
	</player>

	<enemy>
		<race value='Terran'/>
		<unitScore value='23475'/>
		<unitScore value='23475'/>
		<killScore value='42950'/>
		<buildingScore value='4400'/>
		<razingScore value='3000'/>
		<mineralScore value='17994'/>
		<gasScore value='10034'/>
		<totalScore value='101853'/>
	</enemy>

	<scoreRatio value='1.30072'/>
	<timeFitness value='0.558472'/>
	<unitsAverage value='104'/>
</results>
