<results>
	<result value='win'/>
	<start value='2015-05-08.20:15:56'/>
	<end value='2015-05-08.20:16:51'/>
	<frames value='48579'/>
	<gameDuration value='3036'/>

	<player>
		<unitScore value='25825'/>
		<killScore value='49100'/>
		<buildingScore value='4525'/>
		<razingScore value='10275'/>
		<mineralScore value='30014'/>
		<gasScore value='5536'/>
		<totalScore value='125275'/>
	</player>

	<enemy>
		<race value='Terran'/>
		<unitScore value='29150'/>
		<unitScore value='29150'/>
		<killScore value='33600'/>
		<buildingScore value='3425'/>
		<razingScore value='3450'/>
		<mineralScore value='18450'/>
		<gasScore value='9870'/>
		<totalScore value='97945'/>
	</enemy>

	<scoreRatio value='1.27903'/>
	<timeFitness value='0.578333'/>
	<unitsAverage value='78'/>
</results>
