<results>
	<result value='win'/>
	<start value='2015-04-30.21:55:29'/>
	<end value='2015-04-30.21:55:58'/>
	<frames value='23314'/>
	<gameDuration value='1457'/>

	<player>
		<unitScore value='14250'/>
		<killScore value='24930'/>
		<buildingScore value='3325'/>
		<razingScore value='5160'/>
		<mineralScore value='20158'/>
		<gasScore value='2128'/>
		<totalScore value='69951'/>
	</player>

	<enemy>
		<race value='Zerg'/>
		<unitScore value='10950'/>
		<unitScore value='10950'/>
		<killScore value='13450'/>
		<buildingScore value='1720'/>
		<razingScore value='0'/>
		<mineralScore value='10458'/>
		<gasScore value='2896'/>
		<totalScore value='39474'/>
	</enemy>

	<scoreRatio value='1.77208'/>
</results>
