<results>
	<result value='win'/>
	<start value='2015-04-30.21:57:46'/>
	<end value='2015-04-30.21:58:19'/>
	<frames value='23345'/>
	<gameDuration value='1459'/>

	<player>
		<unitScore value='15725'/>
		<killScore value='18325'/>
		<buildingScore value='3975'/>
		<razingScore value='4755'/>
		<mineralScore value='21954'/>
		<gasScore value='1536'/>
		<totalScore value='66270'/>
	</player>

	<enemy>
		<race value='Zerg'/>
		<unitScore value='8625'/>
		<unitScore value='8625'/>
		<killScore value='13400'/>
		<buildingScore value='1585'/>
		<razingScore value='0'/>
		<mineralScore value='9026'/>
		<gasScore value='2888'/>
		<totalScore value='35524'/>
	</enemy>

	<scoreRatio value='1.8655'/>
</results>
