<results>
	<result value='loss'/>
	<start value='2015-03-29.05:18:14'/>
	<end value='2015-03-29.05:19:03'/>
	<frames value='43278'/>
	<gameDuration value='2704'/>

	<player>
		<unitScore value='18175'/>
		<killScore value='18750'/>
		<buildingScore value='2550'/>
		<razingScore value='900'/>
		<mineralScore value='21446'/>
		<gasScore value='4096'/>
		<totalScore value='65917'/>
	</player>

	<enemy>
		<race value='Protoss'/>
		<unitScore value='32260'/>
		<unitScore value='32260'/>
		<killScore value='36350'/>
		<buildingScore value='8275'/>
		<razingScore value='7650'/>
		<mineralScore value='30418'/>
		<gasScore value='12368'/>
		<totalScore value='127321'/>
	</enemy>

	<scoreRatio value='0.517723'/>
</results>
