<results>
	<result value='win'/>
	<start value='2015-05-11.01:46:38'/>
	<end value='2015-05-11.01:47:08'/>
	<frames value='24740'/>
	<gameDuration value='1546'/>

	<player>
		<unitScore value='15475'/>
		<killScore value='17630'/>
		<buildingScore value='4500'/>
		<razingScore value='4560'/>
		<mineralScore value='23954'/>
		<gasScore value='1560'/>
		<totalScore value='67679'/>
	</player>

	<enemy>
		<race value='Zerg'/>
		<unitScore value='8450'/>
		<unitScore value='8450'/>
		<killScore value='8650'/>
		<buildingScore value='1520'/>
		<razingScore value='0'/>
		<mineralScore value='8994'/>
		<gasScore value='2880'/>
		<totalScore value='30494'/>
	</enemy>

	<scoreRatio value='2.21942'/>
	<timeFitness value='0.785278'/>
	<unitsAverage value='95'/>
</results>
