<results>
	<result value='win'/>
	<start value='2015-05-11.01:53:27'/>
	<end value='2015-05-11.01:54:01'/>
	<frames value='29173'/>
	<gameDuration value='1823'/>

	<player>
		<unitScore value='19850'/>
		<killScore value='32335'/>
		<buildingScore value='3850'/>
		<razingScore value='6885'/>
		<mineralScore value='26914'/>
		<gasScore value='2168'/>
		<totalScore value='92002'/>
	</player>

	<enemy>
		<race value='Zerg'/>
		<unitScore value='14625'/>
		<unitScore value='14625'/>
		<killScore value='17250'/>
		<buildingScore value='2295'/>
		<razingScore value='0'/>
		<mineralScore value='14046'/>
		<gasScore value='4560'/>
		<totalScore value='52776'/>
	</enemy>

	<scoreRatio value='1.74325'/>
	<timeFitness value='0.746806'/>
	<unitsAverage value='106'/>
</results>
