<results>
	<result value='loss'/>
	<start value='2014-07-08.04:01:20'/>
	<end value='2014-07-08.04:01:29'/>
	<frames value='20834'/>
	<gameDuration value='1302'/>

	<player>
		<unitScore value='3400'/>
		<killScore value='2800'/>
		<buildingScore value='1700'/>
		<razingScore value='0'/>
		<mineralScore value='5458'/>
		<gasScore value='808'/>
		<totalScore value='14166'/>
	</player>

	<enemy>
		<race value='Protoss'/>
		<unitScore value='5150'/>
		<unitScore value='5150'/>
		<killScore value='6800'/>
		<buildingScore value='5375'/>
		<razingScore value='5100'/>
		<mineralScore value='12634'/>
		<gasScore value='2224'/>
		<totalScore value='37283'/>
	</enemy>

	<scoreRatio value='0.379959'/>
</results>
