<results>
	<result value='loss'/>
	<start value='2014-07-08.04:05:20'/>
	<end value='2014-07-08.04:06:17'/>
	<frames value='48982'/>
	<gameDuration value='3061'/>

	<player>
		<unitScore value='29525'/>
		<killScore value='46800'/>
		<buildingScore value='3700'/>
		<razingScore value='600'/>
		<mineralScore value='31494'/>
		<gasScore value='5106'/>
		<totalScore value='117225'/>
	</player>

	<enemy>
		<race value='Protoss'/>
		<unitScore value='36400'/>
		<unitScore value='36400'/>
		<killScore value='59150'/>
		<buildingScore value='6500'/>
		<razingScore value='11100'/>
		<mineralScore value='31306'/>
		<gasScore value='9950'/>
		<totalScore value='154406'/>
	</enemy>

	<scoreRatio value='0.7592'/>
</results>
