<results>
	<result value='win'/>
	<start value='2014-07-08.04:09:25'/>
	<end value='2014-07-08.04:09:49'/>
	<frames value='27623'/>
	<gameDuration value='1726'/>

	<player>
		<unitScore value='14900'/>
		<killScore value='12900'/>
		<buildingScore value='3625'/>
		<razingScore value='14625'/>
		<mineralScore value='21762'/>
		<gasScore value='2544'/>
		<totalScore value='70356'/>
	</player>

	<enemy>
		<race value='Protoss'/>
		<unitScore value='6800'/>
		<unitScore value='6800'/>
		<killScore value='9450'/>
		<buildingScore value='4875'/>
		<razingScore value='0'/>
		<mineralScore value='11378'/>
		<gasScore value='2344'/>
		<totalScore value='34847'/>
	</enemy>

	<scoreRatio value='2.019'/>
</results>
