<results>
	<result value='loss'/>
	<start value='2015-07-13.09:06:54'/>
	<end value='2015-07-13.09:07:42'/>
	<frames value='39589'/>
	<gameDuration value='2474'/>

	<player>
		<unitScore value='30475'/>
		<killScore value='15300'/>
		<buildingScore value='3400'/>
		<razingScore value='900'/>
		<mineralScore value='28970'/>
		<gasScore value='3480'/>
		<totalScore value='82525'/>
	</player>

	<enemy>
		<race value='Protoss'/>
		<unitScore value='22325'/>
		<killScore value='51650'/>
		<buildingScore value='5825'/>
		<razingScore value='10200'/>
		<mineralScore value='24266'/>
		<gasScore value='8438'/>
		<totalScore value='122704'/>
	</enemy>

	<scoreRatio value='0.672553'/>
	<timeFitness value='0.343611'/>
	<unitsAverage value='109'/>
</results>
