<results>
	<result value='draw'/>
	<start value='2015-07-13.09:22:23'/>
	<end value='2015-07-13.09:24:09'/>
	<frames value='57601'/>
	<gameDuration value='3600'/>

	<player>
		<unitScore value='28050'/>
		<killScore value='22800'/>
		<buildingScore value='4500'/>
		<razingScore value='10575'/>
		<mineralScore value='41058'/>
		<gasScore value='4360'/>
		<totalScore value='111343'/>
	</player>

	<enemy>
		<race value='Protoss'/>
		<unitScore value='11800'/>
		<killScore value='31700'/>
		<buildingScore value='4375'/>
		<razingScore value='525'/>
		<mineralScore value='14094'/>
		<gasScore value='3312'/>
		<totalScore value='65806'/>
	</enemy>

	<scoreRatio value='1.69199'/>
	<timeFitness value='0.5'/>
	<unitsAverage value='161'/>
</results>
