<results>
	<result value='loss'/>
	<start value='2015-05-09.07:22:32'/>
	<end value='2015-05-09.07:22:44'/>
	<frames value='22539'/>
	<gameDuration value='1408'/>

	<player>
		<unitScore value='4250'/>
		<killScore value='7500'/>
		<buildingScore value='2075'/>
		<razingScore value='300'/>
		<mineralScore value='6434'/>
		<gasScore value='864'/>
		<totalScore value='21423'/>
	</player>

	<enemy>
		<race value='Terran'/>
		<unitScore value='7625'/>
		<unitScore value='7625'/>
		<killScore value='8500'/>
		<buildingScore value='2800'/>
		<razingScore value='6225'/>
		<mineralScore value='9530'/>
		<gasScore value='3360'/>
		<totalScore value='38040'/>
	</enemy>

	<scoreRatio value='0.56317'/>
	<timeFitness value='0.195556'/>
	<unitsAverage value='28'/>
</results>
