<results>
	<result value='win'/>
	<start value='2015-05-09.07:22:49'/>
	<end value='2015-05-09.07:23:28'/>
	<frames value='32490'/>
	<gameDuration value='2030'/>

	<player>
		<unitScore value='21350'/>
		<killScore value='35000'/>
		<buildingScore value='5050'/>
		<razingScore value='10575'/>
		<mineralScore value='28570'/>
		<gasScore value='2656'/>
		<totalScore value='103201'/>
	</player>

	<enemy>
		<race value='Terran'/>
		<unitScore value='19100'/>
		<unitScore value='19100'/>
		<killScore value='17750'/>
		<buildingScore value='3525'/>
		<razingScore value='1350'/>
		<mineralScore value='14818'/>
		<gasScore value='7150'/>
		<totalScore value='63693'/>
	</enemy>

	<scoreRatio value='1.62029'/>
	<timeFitness value='0.718056'/>
	<unitsAverage value='113'/>
</results>
