<results>
	<result value='win'/>
	<start value='2015-05-09.07:25:02'/>
	<end value='2015-05-09.07:25:31'/>
	<frames value='28522'/>
	<gameDuration value='1782'/>

	<player>
		<unitScore value='14950'/>
		<killScore value='21100'/>
		<buildingScore value='4750'/>
		<razingScore value='8700'/>
		<mineralScore value='22018'/>
		<gasScore value='2840'/>
		<totalScore value='74358'/>
	</player>

	<enemy>
		<race value='Terran'/>
		<unitScore value='10550'/>
		<unitScore value='10550'/>
		<killScore value='7700'/>
		<buildingScore value='2900'/>
		<razingScore value='1350'/>
		<mineralScore value='11162'/>
		<gasScore value='4504'/>
		<totalScore value='38166'/>
	</enemy>

	<scoreRatio value='1.94828'/>
	<timeFitness value='0.7525'/>
	<unitsAverage value='85'/>
</results>
