<results>
	<result value='loss'/>
	<start value='2015-05-09.07:29:19'/>
	<end value='2015-05-09.07:29:32'/>
	<frames value='22353'/>
	<gameDuration value='1397'/>

	<player>
		<unitScore value='6125'/>
		<killScore value='3050'/>
		<buildingScore value='2175'/>
		<razingScore value='0'/>
		<mineralScore value='10210'/>
		<gasScore value='984'/>
		<totalScore value='22544'/>
	</player>

	<enemy>
		<race value='Terran'/>
		<unitScore value='9675'/>
		<unitScore value='9675'/>
		<killScore value='12250'/>
		<buildingScore value='3375'/>
		<razingScore value='6525'/>
		<mineralScore value='10794'/>
		<gasScore value='4568'/>
		<totalScore value='47187'/>
	</enemy>

	<scoreRatio value='0.477759'/>
	<timeFitness value='0.194028'/>
	<unitsAverage value='34'/>
</results>
