<results>
	<result value='win'/>
	<start value='2015-05-03.03:59:57'/>
	<end value='2015-05-03.04:00:32'/>
	<frames value='32180'/>
	<gameDuration value='2011'/>

	<player>
		<unitScore value='16400'/>
		<killScore value='26950'/>
		<buildingScore value='4375'/>
		<razingScore value='9750'/>
		<mineralScore value='31138'/>
		<gasScore value='3976'/>
		<totalScore value='92589'/>
	</player>

	<enemy>
		<race value='Terran'/>
		<unitScore value='13475'/>
		<unitScore value='13475'/>
		<killScore value='13550'/>
		<buildingScore value='3250'/>
		<razingScore value='2025'/>
		<mineralScore value='12050'/>
		<gasScore value='4966'/>
		<totalScore value='49316'/>
	</enemy>

	<scoreRatio value='1.87746'/>
	<timeFitness value='0.720694'/>
	<unitsAverage value='83'/>
</results>
