<results>
	<result value='loss'/>
	<start value='2015-05-03.04:18:55'/>
	<end value='2015-05-03.04:19:07'/>
	<frames value='19780'/>
	<gameDuration value='1236'/>

	<player>
		<unitScore value='5325'/>
		<killScore value='3550'/>
		<buildingScore value='1525'/>
		<razingScore value='0'/>
		<mineralScore value='7362'/>
		<gasScore value='1648'/>
		<totalScore value='19410'/>
	</player>

	<enemy>
		<race value='Terran'/>
		<unitScore value='7025'/>
		<unitScore value='7025'/>
		<killScore value='10300'/>
		<buildingScore value='2850'/>
		<razingScore value='4575'/>
		<mineralScore value='9410'/>
		<gasScore value='3368'/>
		<totalScore value='37528'/>
	</enemy>

	<scoreRatio value='0.517214'/>
	<timeFitness value='0.171667'/>
	<unitsAverage value='29'/>
</results>
