<results>
	<result value='win'/>
	<start value='2015-05-03.04:19:52'/>
	<end value='2015-05-03.04:20:25'/>
	<frames value='29979'/>
	<gameDuration value='1873'/>

	<player>
		<unitScore value='15650'/>
		<killScore value='23350'/>
		<buildingScore value='4700'/>
		<razingScore value='8100'/>
		<mineralScore value='29730'/>
		<gasScore value='3904'/>
		<totalScore value='85434'/>
	</player>

	<enemy>
		<race value='Terran'/>
		<unitScore value='11675'/>
		<unitScore value='11675'/>
		<killScore value='13150'/>
		<buildingScore value='2800'/>
		<razingScore value='3150'/>
		<mineralScore value='12042'/>
		<gasScore value='4384'/>
		<totalScore value='47201'/>
	</enemy>

	<scoreRatio value='1.81'/>
	<timeFitness value='0.739861'/>
	<unitsAverage value='84'/>
</results>
