<results>
	<result value='loss'/>
	<start value='2015-05-03.04:31:54'/>
	<end value='2015-05-03.04:32:05'/>
	<frames value='18385'/>
	<gameDuration value='1149'/>

	<player>
		<unitScore value='3825'/>
		<killScore value='1500'/>
		<buildingScore value='1250'/>
		<razingScore value='0'/>
		<mineralScore value='5722'/>
		<gasScore value='928'/>
		<totalScore value='13225'/>
	</player>

	<enemy>
		<race value='Terran'/>
		<unitScore value='6925'/>
		<unitScore value='6925'/>
		<killScore value='7650'/>
		<buildingScore value='2850'/>
		<razingScore value='3750'/>
		<mineralScore value='8346'/>
		<gasScore value='3008'/>
		<totalScore value='32529'/>
	</enemy>

	<scoreRatio value='0.40656'/>
	<timeFitness value='0.159583'/>
	<unitsAverage value='26'/>
</results>
