<results>
	<result value='win'/>
	<start value='2015-05-03.04:33:00'/>
	<end value='2015-05-03.04:33:20'/>
	<frames value='22446'/>
	<gameDuration value='1402'/>

	<player>
		<unitScore value='10975'/>
		<killScore value='11450'/>
		<buildingScore value='4375'/>
		<razingScore value='5400'/>
		<mineralScore value='17310'/>
		<gasScore value='2120'/>
		<totalScore value='51630'/>
	</player>

	<enemy>
		<race value='Terran'/>
		<unitScore value='5725'/>
		<unitScore value='5725'/>
		<killScore value='9700'/>
		<buildingScore value='1800'/>
		<razingScore value='3750'/>
		<mineralScore value='7530'/>
		<gasScore value='2328'/>
		<totalScore value='30833'/>
	</enemy>

	<scoreRatio value='1.6745'/>
	<timeFitness value='0.805278'/>
	<unitsAverage value='66'/>
</results>
