<results>
	<result value='loss'/>
	<start value='2015-07-19.06:10:22'/>
	<end value='2015-07-19.06:10:34'/>
	<frames value='16959'/>
	<gameDuration value='1059'/>

	<player>
		<unitScore value='4275'/>
		<killScore value='1000'/>
		<buildingScore value='1900'/>
		<razingScore value='0'/>
		<mineralScore value='5666'/>
		<gasScore value='648'/>
		<totalScore value='13489'/>
	</player>

	<enemy>
		<race value='Protoss'/>
		<unitScore value='3550'/>
		<killScore value='8650'/>
		<buildingScore value='4025'/>
		<razingScore value='5700'/>
		<mineralScore value='8810'/>
		<gasScore value='1768'/>
		<totalScore value='32503'/>
	</enemy>

	<scoreRatio value='0.415008'/>
	<timeFitness value='0.147083'/>
	<unitsAverage value='22'/>
</results>
