<results>
	<result value='win'/>
	<start value='2015-05-04.03:20:32'/>
	<end value='2015-05-04.03:20:58'/>
	<frames value='26879'/>
	<gameDuration value='1679'/>

	<player>
		<unitScore value='16800'/>
		<killScore value='27130'/>
		<buildingScore value='4500'/>
		<razingScore value='5940'/>
		<mineralScore value='25790'/>
		<gasScore value='1984'/>
		<totalScore value='82144'/>
	</player>

	<enemy>
		<race value='Zerg'/>
		<unitScore value='12075'/>
		<unitScore value='12075'/>
		<killScore value='11800'/>
		<buildingScore value='1980'/>
		<razingScore value='1350'/>
		<mineralScore value='11730'/>
		<gasScore value='3704'/>
		<totalScore value='42639'/>
	</enemy>

	<scoreRatio value='1.9265'/>
	<timeFitness value='0.766806'/>
	<unitsAverage value='98'/>
</results>
