<results>
	<result value='win'/>
	<start value='2015-05-04.03:22:04'/>
	<end value='2015-05-04.03:22:28'/>
	<frames value='32397'/>
	<gameDuration value='2024'/>

	<player>
		<unitScore value='16575'/>
		<killScore value='28815'/>
		<buildingScore value='2175'/>
		<razingScore value='6015'/>
		<mineralScore value='23954'/>
		<gasScore value='2736'/>
		<totalScore value='80270'/>
	</player>

	<enemy>
		<race value='Zerg'/>
		<unitScore value='12425'/>
		<unitScore value='12425'/>
		<killScore value='17500'/>
		<buildingScore value='2005'/>
		<razingScore value='0'/>
		<mineralScore value='11946'/>
		<gasScore value='3960'/>
		<totalScore value='47836'/>
	</enemy>

	<scoreRatio value='1.67802'/>
	<timeFitness value='0.718889'/>
	<unitsAverage value='84'/>
</results>
