<results>
	<result value='win'/>
	<start value='2015-05-04.03:30:45'/>
	<end value='2015-05-04.03:31:06'/>
	<frames value='23748'/>
	<gameDuration value='1484'/>

	<player>
		<unitScore value='15025'/>
		<killScore value='19550'/>
		<buildingScore value='3525'/>
		<razingScore value='4920'/>
		<mineralScore value='24202'/>
		<gasScore value='1512'/>
		<totalScore value='68734'/>
	</player>

	<enemy>
		<race value='Zerg'/>
		<unitScore value='9950'/>
		<unitScore value='9950'/>
		<killScore value='9400'/>
		<buildingScore value='1640'/>
		<razingScore value='0'/>
		<mineralScore value='9898'/>
		<gasScore value='3032'/>
		<totalScore value='33920'/>
	</enemy>

	<scoreRatio value='2.02636'/>
	<timeFitness value='0.793889'/>
	<unitsAverage value='94'/>
</results>
