<results>
	<result value='win'/>
	<start value='2015-05-04.03:34:45'/>
	<end value='2015-05-04.03:35:37'/>
	<frames value='39682'/>
	<gameDuration value='2480'/>

	<player>
		<unitScore value='26975'/>
		<killScore value='36650'/>
		<buildingScore value='4375'/>
		<razingScore value='10545'/>
		<mineralScore value='31754'/>
		<gasScore value='3576'/>
		<totalScore value='113875'/>
	</player>

	<enemy>
		<race value='Zerg'/>
		<unitScore value='18075'/>
		<unitScore value='18075'/>
		<killScore value='26600'/>
		<buildingScore value='3515'/>
		<razingScore value='1800'/>
		<mineralScore value='18506'/>
		<gasScore value='6576'/>
		<totalScore value='75072'/>
	</enemy>

	<scoreRatio value='1.51688'/>
	<timeFitness value='0.655556'/>
	<unitsAverage value='133'/>
</results>
