<results>
	<result value='win'/>
	<start value='2015-05-04.03:40:14'/>
	<end value='2015-05-04.03:40:46'/>
	<frames value='28646'/>
	<gameDuration value='1790'/>

	<player>
		<unitScore value='17875'/>
		<killScore value='29870'/>
		<buildingScore value='4225'/>
		<razingScore value='5280'/>
		<mineralScore value='31710'/>
		<gasScore value='2568'/>
		<totalScore value='91528'/>
	</player>

	<enemy>
		<race value='Zerg'/>
		<unitScore value='13200'/>
		<unitScore value='13200'/>
		<killScore value='12000'/>
		<buildingScore value='1760'/>
		<razingScore value='150'/>
		<mineralScore value='11850'/>
		<gasScore value='3520'/>
		<totalScore value='42480'/>
	</enemy>

	<scoreRatio value='2.15461'/>
	<timeFitness value='0.751389'/>
	<unitsAverage value='117'/>
</results>
