<results>
	<result value='loss'/>
	<start value='2015-04-17.04:35:11'/>
	<end value='2015-04-17.04:35:24'/>
	<frames value='15223'/>
	<gameDuration value='951'/>

	<player>
		<unitScore value='4500'/>
		<killScore value='400'/>
		<buildingScore value='1450'/>
		<razingScore value='0'/>
		<mineralScore value='6402'/>
		<gasScore value='0'/>
		<totalScore value='12752'/>
	</player>

	<enemy>
		<race value='Protoss'/>
		<unitScore value='3550'/>
		<unitScore value='3550'/>
		<killScore value='9000'/>
		<buildingScore value='2675'/>
		<razingScore value='4350'/>
		<mineralScore value='7794'/>
		<gasScore value='1360'/>
		<totalScore value='28729'/>
	</enemy>

	<scoreRatio value='0.443872'/>
</results>
