<results>
	<result value='draw'/>
	<start value='2015-04-16.16:40:26'/>
	<end value='2015-04-16.16:43:41'/>
	<frames value='57601'/>
	<gameDuration value='3600'/>

	<player>
		<unitScore value='28350'/>
		<killScore value='30750'/>
		<buildingScore value='4900'/>
		<razingScore value='16875'/>
		<mineralScore value='40046'/>
		<gasScore value='8384'/>
		<totalScore value='129305'/>
	</player>

	<enemy>
		<race value='Protoss'/>
		<unitScore value='16625'/>
		<unitScore value='16625'/>
		<killScore value='32000'/>
		<buildingScore value='5675'/>
		<razingScore value='150'/>
		<mineralScore value='20138'/>
		<gasScore value='5632'/>
		<totalScore value='80220'/>
	</enemy>

	<scoreRatio value='1.61188'/>
</results>
