<results>
	<result value='win'/>
	<start value='2015-05-10.05:17:59'/>
	<end value='2015-05-10.05:18:28'/>
	<frames value='26259'/>
	<gameDuration value='1641'/>

	<player>
		<unitScore value='17475'/>
		<killScore value='24790'/>
		<buildingScore value='4475'/>
		<razingScore value='6180'/>
		<mineralScore value='23394'/>
		<gasScore value='2176'/>
		<totalScore value='78490'/>
	</player>

	<enemy>
		<race value='Zerg'/>
		<unitScore value='11650'/>
		<unitScore value='11650'/>
		<killScore value='14300'/>
		<buildingScore value='2060'/>
		<razingScore value='0'/>
		<mineralScore value='11138'/>
		<gasScore value='3256'/>
		<totalScore value='42404'/>
	</enemy>

	<scoreRatio value='1.851'/>
	<timeFitness value='0.772083'/>
	<unitsAverage value='92'/>
</results>
