<results>
	<result value='win'/>
	<start value='2015-05-10.05:25:07'/>
	<end value='2015-05-10.05:25:42'/>
	<frames value='29080'/>
	<gameDuration value='1817'/>

	<player>
		<unitScore value='18325'/>
		<killScore value='28130'/>
		<buildingScore value='3725'/>
		<razingScore value='6495'/>
		<mineralScore value='28146'/>
		<gasScore value='3640'/>
		<totalScore value='88461'/>
	</player>

	<enemy>
		<race value='Zerg'/>
		<unitScore value='12050'/>
		<unitScore value='12050'/>
		<killScore value='15800'/>
		<buildingScore value='2165'/>
		<razingScore value='0'/>
		<mineralScore value='12198'/>
		<gasScore value='3888'/>
		<totalScore value='46101'/>
	</enemy>

	<scoreRatio value='1.91885'/>
	<timeFitness value='0.747639'/>
	<unitsAverage value='102'/>
</results>
