<results>
	<result value='win'/>
	<start value='2015-04-30.09:23:41'/>
	<end value='2015-04-30.09:23:54'/>
	<frames value='17548'/>
	<gameDuration value='1096'/>

	<player>
		<unitScore value='5675'/>
		<killScore value='11000'/>
		<buildingScore value='2775'/>
		<razingScore value='4350'/>
		<mineralScore value='10266'/>
		<gasScore value='1368'/>
		<totalScore value='35434'/>
	</player>

	<enemy>
		<race value='Terran'/>
		<unitScore value='5500'/>
		<unitScore value='5500'/>
		<killScore value='1900'/>
		<buildingScore value='1450'/>
		<razingScore value='450'/>
		<mineralScore value='7562'/>
		<gasScore value='2024'/>
		<totalScore value='18886'/>
	</enemy>

	<scoreRatio value='1.8762'/>
	<timeFitness value='0.847778'/>
	<unitsAverage value='51'/>
</results>
