<results>
	<result value='win'/>
	<start value='2015-04-07.16:54:41'/>
	<end value='2015-04-07.16:55:49'/>
	<frames value='55027'/>
	<gameDuration value='3439'/>

	<player>
		<unitScore value='33900'/>
		<killScore value='51150'/>
		<buildingScore value='3575'/>
		<razingScore value='23100'/>
		<mineralScore value='35298'/>
		<gasScore value='5984'/>
		<totalScore value='153007'/>
	</player>

	<enemy>
		<race value='Protoss'/>
		<unitScore value='28325'/>
		<unitScore value='28325'/>
		<killScore value='52100'/>
		<buildingScore value='7700'/>
		<razingScore value='150'/>
		<mineralScore value='27558'/>
		<gasScore value='10204'/>
		<totalScore value='126037'/>
	</enemy>

	<scoreRatio value='1.21398'/>
</results>
