<results>
	<result value='loss'/>
	<start value='2015-04-07.16:56:33'/>
	<end value='2015-04-07.16:56:42'/>
	<frames value='16897'/>
	<gameDuration value='1056'/>

	<player>
		<unitScore value='3200'/>
		<killScore value='600'/>
		<buildingScore value='1250'/>
		<razingScore value='0'/>
		<mineralScore value='4682'/>
		<gasScore value='640'/>
		<totalScore value='10372'/>
	</player>

	<enemy>
		<race value='Protoss'/>
		<unitScore value='3600'/>
		<unitScore value='3600'/>
		<killScore value='6400'/>
		<buildingScore value='4125'/>
		<razingScore value='3750'/>
		<mineralScore value='8978'/>
		<gasScore value='1616'/>
		<totalScore value='28469'/>
	</enemy>

	<scoreRatio value='0.364326'/>
</results>
