<results>
	<result value='win'/>
	<start value='2015-04-30.02:18:47'/>
	<end value='2015-04-30.02:20:09'/>
	<frames value='45944'/>
	<gameDuration value='2871'/>

	<player>
		<unitScore value='26325'/>
		<killScore value='38950'/>
		<buildingScore value='4525'/>
		<razingScore value='12375'/>
		<mineralScore value='39458'/>
		<gasScore value='5930'/>
		<totalScore value='127563'/>
	</player>

	<enemy>
		<race value='Terran'/>
		<unitScore value='21075'/>
		<unitScore value='21075'/>
		<killScore value='25900'/>
		<buildingScore value='4200'/>
		<razingScore value='1875'/>
		<mineralScore value='16810'/>
		<gasScore value='8750'/>
		<totalScore value='78610'/>
	</enemy>

	<scoreRatio value='1.62273'/>
	<timeFitness value='0.60125'/>
	<unitsAverage value='129'/>
</results>
