<results>
	<result value='draw'/>
	<start value='2015-04-30.02:21:47'/>
	<end value='2015-04-30.02:22:45'/>
	<frames value='57601'/>
	<gameDuration value='3600'/>

	<player>
		<unitScore value='24825'/>
		<killScore value='27550'/>
		<buildingScore value='3825'/>
		<razingScore value='3675'/>
		<mineralScore value='27266'/>
		<gasScore value='2728'/>
		<totalScore value='89869'/>
	</player>

	<enemy>
		<race value='Terran'/>
		<unitScore value='24925'/>
		<unitScore value='24925'/>
		<killScore value='38900'/>
		<buildingScore value='5150'/>
		<razingScore value='6150'/>
		<mineralScore value='19550'/>
		<gasScore value='12324'/>
		<totalScore value='106999'/>
	</enemy>

	<scoreRatio value='0.839905'/>
	<timeFitness value='0.5'/>
	<unitsAverage value='73'/>
</results>
