<results>
	<result value='win'/>
	<start value='2015-05-01.20:57:09'/>
	<end value='2015-05-01.20:58:10'/>
	<frames value='32521'/>
	<gameDuration value='2032'/>

	<player>
		<unitScore value='21925'/>
		<killScore value='26700'/>
		<buildingScore value='4900'/>
		<razingScore value='17775'/>
		<mineralScore value='32790'/>
		<gasScore value='3104'/>
		<totalScore value='107194'/>
	</player>

	<enemy>
		<race value='Protoss'/>
		<unitScore value='13700'/>
		<unitScore value='13700'/>
		<killScore value='20700'/>
		<buildingScore value='5925'/>
		<razingScore value='0'/>
		<mineralScore value='16938'/>
		<gasScore value='4224'/>
		<totalScore value='61487'/>
	</enemy>

	<scoreRatio value='1.74336'/>
</results>
