<results>
	<result value='win'/>
	<start value='2015-04-27.22:00:22'/>
	<end value='2015-04-27.22:00:52'/>
	<frames value='33172'/>
	<gameDuration value='2073'/>

	<player>
		<unitScore value='18750'/>
		<killScore value='24750'/>
		<buildingScore value='5000'/>
		<razingScore value='9375'/>
		<mineralScore value='34438'/>
		<gasScore value='2864'/>
		<totalScore value='95177'/>
	</player>

	<enemy>
		<race value='Terran'/>
		<unitScore value='12975'/>
		<unitScore value='12975'/>
		<killScore value='16250'/>
		<buildingScore value='3200'/>
		<razingScore value='3750'/>
		<mineralScore value='12050'/>
		<gasScore value='5002'/>
		<totalScore value='53227'/>
	</enemy>

	<scoreRatio value='1.78813'/>
</results>
