<results>
	<result value='win'/>
	<start value='2015-04-27.22:05:48'/>
	<end value='2015-04-27.22:06:09'/>
	<frames value='25050'/>
	<gameDuration value='1565'/>

	<player>
		<unitScore value='14225'/>
		<killScore value='18900'/>
		<buildingScore value='4175'/>
		<razingScore value='8025'/>
		<mineralScore value='21354'/>
		<gasScore value='2760'/>
		<totalScore value='69439'/>
	</player>

	<enemy>
		<race value='Terran'/>
		<unitScore value='9450'/>
		<unitScore value='9450'/>
		<killScore value='9250'/>
		<buildingScore value='2675'/>
		<razingScore value='450'/>
		<mineralScore value='10178'/>
		<gasScore value='3440'/>
		<totalScore value='35443'/>
	</enemy>

	<scoreRatio value='1.95917'/>
</results>
