<results>
	<result value='loss'/>
	<start value='2015-04-27.22:06:23'/>
	<end value='2015-04-27.22:06:32'/>
	<frames value='19935'/>
	<gameDuration value='1245'/>

	<player>
		<unitScore value='3225'/>
		<killScore value='4750'/>
		<buildingScore value='1750'/>
		<razingScore value='300'/>
		<mineralScore value='4666'/>
		<gasScore value='904'/>
		<totalScore value='15595'/>
	</player>

	<enemy>
		<race value='Terran'/>
		<unitScore value='6600'/>
		<unitScore value='6600'/>
		<killScore value='4750'/>
		<buildingScore value='2850'/>
		<razingScore value='5250'/>
		<mineralScore value='9282'/>
		<gasScore value='3576'/>
		<totalScore value='32308'/>
	</enemy>

	<scoreRatio value='0.482698'/>
</results>
