<results>
	<result value='win'/>
	<start value='2015-04-30.05:21:00'/>
	<end value='2015-04-30.05:21:20'/>
	<frames value='22601'/>
	<gameDuration value='1412'/>

	<player>
		<unitScore value='9900'/>
		<killScore value='13600'/>
		<buildingScore value='3675'/>
		<razingScore value='4800'/>
		<mineralScore value='15186'/>
		<gasScore value='2016'/>
		<totalScore value='49177'/>
	</player>

	<enemy>
		<race value='Terran'/>
		<unitScore value='6800'/>
		<unitScore value='6800'/>
		<killScore value='4000'/>
		<buildingScore value='1600'/>
		<razingScore value='1500'/>
		<mineralScore value='9114'/>
		<gasScore value='2608'/>
		<totalScore value='25622'/>
	</enemy>

	<scoreRatio value='1.91933'/>
	<timeFitness value='0.803889'/>
	<unitsAverage value='62'/>
</results>
