<results>
	<result value='win'/>
	<start value='2015-04-30.05:23:37'/>
	<end value='2015-04-30.05:24:09'/>
	<frames value='25825'/>
	<gameDuration value='1614'/>

	<player>
		<unitScore value='16800'/>
		<killScore value='19950'/>
		<buildingScore value='3975'/>
		<razingScore value='6900'/>
		<mineralScore value='24266'/>
		<gasScore value='2576'/>
		<totalScore value='74467'/>
	</player>

	<enemy>
		<race value='Terran'/>
		<unitScore value='10375'/>
		<unitScore value='10375'/>
		<killScore value='11900'/>
		<buildingScore value='2300'/>
		<razingScore value='1800'/>
		<mineralScore value='11482'/>
		<gasScore value='3832'/>
		<totalScore value='41689'/>
	</enemy>

	<scoreRatio value='1.78625'/>
	<timeFitness value='0.775833'/>
	<unitsAverage value='93'/>
</results>
