<results>
	<result value='loss'/>
	<start value='2014-07-23.01:11:31'/>
	<end value='2014-07-23.01:11:47'/>
	<frames value='24523'/>
	<gameDuration value='1532'/>

	<player>
		<unitScore value='7850'/>
		<killScore value='8050'/>
		<buildingScore value='2700'/>
		<razingScore value='0'/>
		<mineralScore value='10162'/>
		<gasScore value='952'/>
		<totalScore value='29714'/>
	</player>

	<enemy>
		<race value='Zerg'/>
		<unitScore value='12075'/>
		<unitScore value='12075'/>
		<killScore value='15800'/>
		<buildingScore value='3255'/>
		<razingScore value='8100'/>
		<mineralScore value='13242'/>
		<gasScore value='4168'/>
		<totalScore value='56640'/>
	</enemy>

	<scoreRatio value='0.524612'/>
</results>
