<results>
	<result value='win'/>
	<start value='2014-07-23.01:14:52'/>
	<end value='2014-07-23.01:15:54'/>
	<frames value='43464'/>
	<gameDuration value='2716'/>

	<player>
		<unitScore value='25325'/>
		<killScore value='52660'/>
		<buildingScore value='4000'/>
		<razingScore value='8730'/>
		<mineralScore value='29458'/>
		<gasScore value='4440'/>
		<totalScore value='124613'/>
	</player>

	<enemy>
		<race value='Zerg'/>
		<unitScore value='23800'/>
		<unitScore value='23800'/>
		<killScore value='22100'/>
		<buildingScore value='2910'/>
		<razingScore value='0'/>
		<mineralScore value='20922'/>
		<gasScore value='7720'/>
		<totalScore value='77452'/>
	</enemy>

	<scoreRatio value='1.60891'/>
</results>
