<results>
	<result value='win'/>
	<start value='2014-07-23.23:17:13'/>
	<end value='2014-07-23.23:17:55'/>
	<frames value='39589'/>
	<gameDuration value='2474'/>

	<player>
		<unitScore value='21400'/>
		<killScore value='34600'/>
		<buildingScore value='3950'/>
		<razingScore value='8145'/>
		<mineralScore value='39102'/>
		<gasScore value='3280'/>
		<totalScore value='110477'/>
	</player>

	<enemy>
		<race value='Zerg'/>
		<unitScore value='17100'/>
		<unitScore value='17100'/>
		<killScore value='20000'/>
		<buildingScore value='2715'/>
		<razingScore value='1575'/>
		<mineralScore value='16246'/>
		<gasScore value='6120'/>
		<totalScore value='63756'/>
	</enemy>

	<scoreRatio value='1.73281'/>
</results>
