<results>
	<result value='loss'/>
	<start value='2015-05-03.22:04:57'/>
	<end value='2015-05-03.22:05:53'/>
	<frames value='46533'/>
	<gameDuration value='2908'/>

	<player>
		<unitScore value='22975'/>
		<killScore value='37200'/>
		<buildingScore value='2625'/>
		<razingScore value='1350'/>
		<mineralScore value='24210'/>
		<gasScore value='4392'/>
		<totalScore value='92752'/>
	</player>

	<enemy>
		<race value='Protoss'/>
		<unitScore value='35825'/>
		<unitScore value='35825'/>
		<killScore value='45950'/>
		<buildingScore value='7275'/>
		<razingScore value='7875'/>
		<mineralScore value='31434'/>
		<gasScore value='11864'/>
		<totalScore value='140223'/>
	</enemy>

	<scoreRatio value='0.661461'/>
	<timeFitness value='0.403889'/>
	<unitsAverage value='86'/>
</results>
