<results>
	<result value='win'/>
	<start value='2015-05-10.02:58:28'/>
	<end value='2015-05-10.02:59:16'/>
	<frames value='34164'/>
	<gameDuration value='2135'/>

	<player>
		<unitScore value='22600'/>
		<killScore value='29500'/>
		<buildingScore value='3650'/>
		<razingScore value='18600'/>
		<mineralScore value='25442'/>
		<gasScore value='2928'/>
		<totalScore value='102720'/>
	</player>

	<enemy>
		<race value='Protoss'/>
		<unitScore value='16450'/>
		<unitScore value='16450'/>
		<killScore value='21350'/>
		<buildingScore value='6200'/>
		<razingScore value='0'/>
		<mineralScore value='18362'/>
		<gasScore value='6624'/>
		<totalScore value='68986'/>
	</enemy>

	<scoreRatio value='1.489'/>
	<timeFitness value='0.703472'/>
	<unitsAverage value='101'/>
</results>
