<results>
	<result value='loss'/>
	<start value='2015-07-13.15:06:07'/>
	<end value='2015-07-13.15:06:46'/>
	<frames value='37078'/>
	<gameDuration value='2317'/>

	<player>
		<unitScore value='22500'/>
		<killScore value='11650'/>
		<buildingScore value='2475'/>
		<razingScore value='150'/>
		<mineralScore value='19690'/>
		<gasScore value='3248'/>
		<totalScore value='59713'/>
	</player>

	<enemy>
		<race value='Protoss'/>
		<unitScore value='23075'/>
		<killScore value='37350'/>
		<buildingScore value='7075'/>
		<razingScore value='7425'/>
		<mineralScore value='24178'/>
		<gasScore value='9448'/>
		<totalScore value='108551'/>
	</enemy>

	<scoreRatio value='0.550092'/>
	<timeFitness value='0.321806'/>
	<unitsAverage value='69'/>
</results>
