<results>
	<result value='loss'/>
	<start value='2015-07-13.15:14:47'/>
	<end value='2015-07-13.15:15:12'/>
	<frames value='32738'/>
	<gameDuration value='2046'/>

	<player>
		<unitScore value='14350'/>
		<killScore value='8650'/>
		<buildingScore value='3175'/>
		<razingScore value='300'/>
		<mineralScore value='21714'/>
		<gasScore value='2992'/>
		<totalScore value='51181'/>
	</player>

	<enemy>
		<race value='Protoss'/>
		<unitScore value='20575'/>
		<killScore value='28900'/>
		<buildingScore value='7300'/>
		<razingScore value='9525'/>
		<mineralScore value='25526'/>
		<gasScore value='8312'/>
		<totalScore value='100138'/>
	</enemy>

	<scoreRatio value='0.511105'/>
	<timeFitness value='0.284167'/>
	<unitsAverage value='51'/>
</results>
