<results>
	<result value='loss'/>
	<start value='2015-04-27.23:56:06'/>
	<end value='2015-04-27.23:56:13'/>
	<frames value='17827'/>
	<gameDuration value='1114'/>

	<player>
		<unitScore value='4075'/>
		<killScore value='800'/>
		<buildingScore value='1950'/>
		<razingScore value='0'/>
		<mineralScore value='5842'/>
		<gasScore value='768'/>
		<totalScore value='13435'/>
	</player>

	<enemy>
		<race value='Terran'/>
		<unitScore value='5250'/>
		<unitScore value='5250'/>
		<killScore value='8150'/>
		<buildingScore value='2525'/>
		<razingScore value='5850'/>
		<mineralScore value='6922'/>
		<gasScore value='2088'/>
		<totalScore value='30785'/>
	</enemy>

	<scoreRatio value='0.436414'/>
</results>
