<results>
	<result value='loss'/>
	<start value='2015-04-07.14:58:44'/>
	<end value='2015-04-07.14:58:54'/>
	<frames value='17951'/>
	<gameDuration value='1121'/>

	<player>
		<unitScore value='4500'/>
		<killScore value='1200'/>
		<buildingScore value='1550'/>
		<razingScore value='0'/>
		<mineralScore value='6914'/>
		<gasScore value='1192'/>
		<totalScore value='15356'/>
	</player>

	<enemy>
		<race value='Protoss'/>
		<unitScore value='4625'/>
		<unitScore value='4625'/>
		<killScore value='9000'/>
		<buildingScore value='3425'/>
		<razingScore value='4650'/>
		<mineralScore value='9186'/>
		<gasScore value='2328'/>
		<totalScore value='33214'/>
	</enemy>

	<scoreRatio value='0.462335'/>
</results>
