<results>
	<result value='loss'/>
	<start value='2014-07-04.06:08:41'/>
	<end value='2014-07-04.06:08:48'/>
	<frames value='14634'/>
	<gameDuration value='914'/>

	<player>
		<unitScore value='3325'/>
		<killScore value='1200'/>
		<buildingScore value='1400'/>
		<razingScore value='0'/>
		<mineralScore value='4754'/>
		<gasScore value='656'/>
		<totalScore value='11335'/>
	</player>

	<enemy>
		<race value='Protoss'/>
		<unitScore value='3550'/>
		<unitScore value='3550'/>
		<killScore value='6750'/>
		<buildingScore value='2275'/>
		<razingScore value='4200'/>
		<mineralScore value='7362'/>
		<gasScore value='1168'/>
		<totalScore value='25305'/>
	</enemy>

	<scoreRatio value='0.447935'/>
</results>
