<results>
	<result value='win'/>
	<start value='2014-07-04.06:09:30'/>
	<end value='2014-07-04.06:09:46'/>
	<frames value='23159'/>
	<gameDuration value='1447'/>

	<player>
		<unitScore value='9450'/>
		<killScore value='9100'/>
		<buildingScore value='2650'/>
		<razingScore value='11925'/>
		<mineralScore value='15478'/>
		<gasScore value='2336'/>
		<totalScore value='50939'/>
	</player>

	<enemy>
		<race value='Protoss'/>
		<unitScore value='4550'/>
		<unitScore value='4550'/>
		<killScore value='6050'/>
		<buildingScore value='3975'/>
		<razingScore value='0'/>
		<mineralScore value='9666'/>
		<gasScore value='2504'/>
		<totalScore value='26745'/>
	</enemy>

	<scoreRatio value='1.90462'/>
</results>
