<results>
	<result value='loss'/>
	<start value='2015-05-02.22:28:10'/>
	<end value='2015-05-02.22:28:19'/>
	<frames value='15130'/>
	<gameDuration value='945'/>

	<player>
		<unitScore value='3100'/>
		<killScore value='100'/>
		<buildingScore value='1575'/>
		<razingScore value='0'/>
		<mineralScore value='4314'/>
		<gasScore value='728'/>
		<totalScore value='9817'/>
	</player>

	<enemy>
		<race value='Terran'/>
		<unitScore value='4900'/>
		<unitScore value='4900'/>
		<killScore value='6200'/>
		<buildingScore value='1500'/>
		<razingScore value='4725'/>
		<mineralScore value='6906'/>
		<gasScore value='2016'/>
		<totalScore value='26247'/>
	</enemy>

	<scoreRatio value='0.374024'/>
	<timeFitness value='0.13125'/>
	<unitsAverage value='22'/>
</results>
