<results>
	<result value='loss'/>
	<start value='2015-05-02.22:32:37'/>
	<end value='2015-05-02.22:32:49'/>
	<frames value='16556'/>
	<gameDuration value='1034'/>

	<player>
		<unitScore value='4250'/>
		<killScore value='650'/>
		<buildingScore value='1500'/>
		<razingScore value='0'/>
		<mineralScore value='6186'/>
		<gasScore value='0'/>
		<totalScore value='12586'/>
	</player>

	<enemy>
		<race value='Terran'/>
		<unitScore value='5025'/>
		<unitScore value='5025'/>
		<killScore value='8500'/>
		<buildingScore value='1600'/>
		<razingScore value='4500'/>
		<mineralScore value='7714'/>
		<gasScore value='2608'/>
		<totalScore value='29947'/>
	</enemy>

	<scoreRatio value='0.420276'/>
	<timeFitness value='0.143611'/>
	<unitsAverage value='28'/>
</results>
