<results>
	<result value='win'/>
	<start value='2015-05-07.16:10:47'/>
	<end value='2015-05-07.16:11:21'/>
	<frames value='38163'/>
	<gameDuration value='2385'/>

	<player>
		<unitScore value='20875'/>
		<killScore value='35900'/>
		<buildingScore value='5225'/>
		<razingScore value='12000'/>
		<mineralScore value='31622'/>
		<gasScore value='4664'/>
		<totalScore value='110286'/>
	</player>

	<enemy>
		<race value='Terran'/>
		<unitScore value='18750'/>
		<unitScore value='18750'/>
		<killScore value='20300'/>
		<buildingScore value='4000'/>
		<razingScore value='3300'/>
		<mineralScore value='14782'/>
		<gasScore value='7158'/>
		<totalScore value='68290'/>
	</enemy>

	<scoreRatio value='1.61497'/>
	<timeFitness value='0.66875'/>
	<unitsAverage value='93'/>
</results>
