<results>
	<result value='win'/>
	<start value='2015-05-02.22:39:14'/>
	<end value='2015-05-02.22:41:24'/>
	<frames value='55213'/>
	<gameDuration value='3450'/>

	<player>
		<unitScore value='33200'/>
		<killScore value='25900'/>
		<buildingScore value='5050'/>
		<razingScore value='10275'/>
		<mineralScore value='37398'/>
		<gasScore value='7516'/>
		<totalScore value='119339'/>
	</player>

	<enemy>
		<race value='Terran'/>
		<unitScore value='13000'/>
		<unitScore value='13000'/>
		<killScore value='35750'/>
		<buildingScore value='3425'/>
		<razingScore value='3675'/>
		<mineralScore value='12050'/>
		<gasScore value='6168'/>
		<totalScore value='74068'/>
	</enemy>

	<scoreRatio value='1.61121'/>
	<timeFitness value='0.520833'/>
	<unitsAverage value='147'/>
</results>
