<results>
	<result value='loss'/>
	<start value='2015-07-20.12:12:54'/>
	<end value='2015-07-20.12:13:34'/>
	<frames value='30196'/>
	<gameDuration value='1887'/>

	<player>
		<unitScore value='17800'/>
		<killScore value='13625'/>
		<buildingScore value='2775'/>
		<razingScore value='240'/>
		<mineralScore value='23658'/>
		<gasScore value='2704'/>
		<totalScore value='60802'/>
	</player>

	<enemy>
		<race value='Zerg'/>
		<unitScore value='18975'/>
		<killScore value='34850'/>
		<buildingScore value='3700'/>
		<razingScore value='8325'/>
		<mineralScore value='18354'/>
		<gasScore value='6648'/>
		<totalScore value='90852'/>
	</enemy>

	<scoreRatio value='0.669242'/>
	<timeFitness value='0.262083'/>
	<unitsAverage value='70'/>
</results>
