<results>
	<result value='win'/>
	<start value='2015-04-26.10:52:31'/>
	<end value='2015-04-26.10:52:54'/>
	<frames value='33234'/>
	<gameDuration value='2077'/>

	<player>
		<unitScore value='10875'/>
		<killScore value='30350'/>
		<buildingScore value='1525'/>
		<razingScore value='10350'/>
		<mineralScore value='12530'/>
		<gasScore value='2408'/>
		<totalScore value='68038'/>
	</player>

	<enemy>
		<race value='Terran'/>
		<unitScore value='16275'/>
		<unitScore value='16275'/>
		<killScore value='14400'/>
		<buildingScore value='3450'/>
		<razingScore value='1275'/>
		<mineralScore value='14918'/>
		<gasScore value='7096'/>
		<totalScore value='57414'/>
	</enemy>

	<scoreRatio value='1.18504'/>
</results>
