<results>
	<result value='loss'/>
	<start value='2015-04-26.10:52:57'/>
	<end value='2015-04-26.10:53:09'/>
	<frames value='19067'/>
	<gameDuration value='1191'/>

	<player>
		<unitScore value='6150'/>
		<killScore value='3200'/>
		<buildingScore value='1750'/>
		<razingScore value='0'/>
		<mineralScore value='8146'/>
		<gasScore value='1208'/>
		<totalScore value='20454'/>
	</player>

	<enemy>
		<race value='Terran'/>
		<unitScore value='7725'/>
		<unitScore value='7725'/>
		<killScore value='12300'/>
		<buildingScore value='2850'/>
		<razingScore value='5250'/>
		<mineralScore value='8850'/>
		<gasScore value='3272'/>
		<totalScore value='40247'/>
	</enemy>

	<scoreRatio value='0.508212'/>
</results>
