<results>
	<result value='win'/>
	<start value='2015-04-26.10:54:05'/>
	<end value='2015-04-26.10:55:14'/>
	<frames value='42596'/>
	<gameDuration value='2662'/>

	<player>
		<unitScore value='29900'/>
		<killScore value='38950'/>
		<buildingScore value='4750'/>
		<razingScore value='12600'/>
		<mineralScore value='36414'/>
		<gasScore value='5530'/>
		<totalScore value='128144'/>
	</player>

	<enemy>
		<race value='Terran'/>
		<unitScore value='23275'/>
		<unitScore value='23275'/>
		<killScore value='33950'/>
		<buildingScore value='4300'/>
		<razingScore value='150'/>
		<mineralScore value='18114'/>
		<gasScore value='9140'/>
		<totalScore value='88929'/>
	</enemy>

	<scoreRatio value='1.44097'/>
</results>
