<results>
	<result value='loss'/>
	<start value='2015-04-26.11:04:26'/>
	<end value='2015-04-26.11:04:38'/>
	<frames value='19749'/>
	<gameDuration value='1234'/>

	<player>
		<unitScore value='4525'/>
		<killScore value='2050'/>
		<buildingScore value='1625'/>
		<razingScore value='0'/>
		<mineralScore value='5818'/>
		<gasScore value='1216'/>
		<totalScore value='15234'/>
	</player>

	<enemy>
		<race value='Terran'/>
		<unitScore value='7450'/>
		<unitScore value='7450'/>
		<killScore value='9050'/>
		<buildingScore value='2850'/>
		<razingScore value='4875'/>
		<mineralScore value='9346'/>
		<gasScore value='3448'/>
		<totalScore value='37019'/>
	</enemy>

	<scoreRatio value='0.411518'/>
</results>
