<results>
	<result value='win'/>
	<start value='2015-07-09.05:19:17'/>
	<end value='2015-07-09.05:21:48'/>
	<frames value='51679'/>
	<gameDuration value='3229'/>

	<player>
		<unitScore value='50375'/>
		<killScore value='27800'/>
		<buildingScore value='5425'/>
		<razingScore value='11775'/>
		<mineralScore value='39018'/>
		<gasScore value='9204'/>
		<totalScore value='143597'/>
	</player>

	<enemy>
		<race value='Terran'/>
		<unitScore value='14200'/>
		<killScore value='72550'/>
		<buildingScore value='3925'/>
		<razingScore value='4275'/>
		<mineralScore value='21274'/>
		<gasScore value='5736'/>
		<totalScore value='121960'/>
	</enemy>

	<scoreRatio value='1.17741'/>
	<timeFitness value='0.551528'/>
	<unitsAverage value='129'/>
</results>
