<results>
	<result value='draw'/>
	<start value='2015-07-09.05:39:09'/>
	<end value='2015-07-09.05:42:07'/>
	<frames value='57601'/>
	<gameDuration value='3600'/>

	<player>
		<unitScore value='46275'/>
		<killScore value='22550'/>
		<buildingScore value='4525'/>
		<razingScore value='0'/>
		<mineralScore value='38946'/>
		<gasScore value='7232'/>
		<totalScore value='119528'/>
	</player>

	<enemy>
		<race value='Terran'/>
		<unitScore value='18375'/>
		<killScore value='79100'/>
		<buildingScore value='3975'/>
		<razingScore value='4650'/>
		<mineralScore value='24042'/>
		<gasScore value='6592'/>
		<totalScore value='136734'/>
	</enemy>

	<scoreRatio value='0.874164'/>
	<timeFitness value='0.5'/>
	<unitsAverage value='127'/>
</results>
