<results>
	<result value='loss'/>
	<start value='2015-07-13.22:18:01'/>
	<end value='2015-07-13.22:18:17'/>
	<frames value='20834'/>
	<gameDuration value='1302'/>

	<player>
		<unitScore value='5475'/>
		<killScore value='1600'/>
		<buildingScore value='2125'/>
		<razingScore value='0'/>
		<mineralScore value='6898'/>
		<gasScore value='1040'/>
		<totalScore value='17138'/>
	</player>

	<enemy>
		<race value='Protoss'/>
		<unitScore value='6125'/>
		<killScore value='11400'/>
		<buildingScore value='4325'/>
		<razingScore value='6375'/>
		<mineralScore value='10882'/>
		<gasScore value='2920'/>
		<totalScore value='42027'/>
	</enemy>

	<scoreRatio value='0.407785'/>
	<timeFitness value='0.180833'/>
	<unitsAverage value='32'/>
</results>
