<results>
	<result value='win'/>
	<start value='2014-07-24.05:07:59'/>
	<end value='2014-07-24.05:08:45'/>
	<frames value='57073'/>
	<gameDuration value='3567'/>

	<player>
		<unitScore value='19525'/>
		<killScore value='29000'/>
		<buildingScore value='5075'/>
		<razingScore value='9900'/>
		<mineralScore value='28586'/>
		<gasScore value='4712'/>
		<totalScore value='96798'/>
	</player>

	<enemy>
		<race value='Terran'/>
		<unitScore value='15300'/>
		<unitScore value='15300'/>
		<killScore value='18600'/>
		<buildingScore value='3300'/>
		<razingScore value='5550'/>
		<mineralScore value='16778'/>
		<gasScore value='6242'/>
		<totalScore value='65770'/>
	</enemy>

	<scoreRatio value='1.47177'/>
</results>
