<results>
	<result value='win'/>
	<start value='2015-05-06.05:06:30'/>
	<end value='2015-05-06.05:07:08'/>
	<frames value='24461'/>
	<gameDuration value='1528'/>

	<player>
		<unitScore value='15300'/>
		<killScore value='15450'/>
		<buildingScore value='3975'/>
		<razingScore value='3975'/>
		<mineralScore value='23566'/>
		<gasScore value='1552'/>
		<totalScore value='63818'/>
	</player>

	<enemy>
		<race value='Terran'/>
		<unitScore value='7725'/>
		<unitScore value='7725'/>
		<killScore value='12450'/>
		<buildingScore value='1400'/>
		<razingScore value='150'/>
		<mineralScore value='11802'/>
		<gasScore value='2200'/>
		<totalScore value='35727'/>
	</enemy>

	<scoreRatio value='1.78627'/>
	<timeFitness value='0.787778'/>
	<unitsAverage value='81'/>
</results>
