<results>
	<result value='win'/>
	<start value='2015-04-30.11:43:00'/>
	<end value='2015-04-30.11:43:57'/>
	<frames value='37264'/>
	<gameDuration value='2329'/>

	<player>
		<unitScore value='30600'/>
		<killScore value='40510'/>
		<buildingScore value='3450'/>
		<razingScore value='5040'/>
		<mineralScore value='41962'/>
		<gasScore value='0'/>
		<totalScore value='121562'/>
	</player>

	<enemy>
		<race value='Zerg'/>
		<unitScore value='18700'/>
		<unitScore value='18700'/>
		<killScore value='47400'/>
		<buildingScore value='1680'/>
		<razingScore value='0'/>
		<mineralScore value='14282'/>
		<gasScore value='4888'/>
		<totalScore value='86950'/>
	</enemy>

	<scoreRatio value='1.39807'/>
</results>
