<results>
	<result value='loss'/>
	<start value='2015-04-13.09:48:02'/>
	<end value='2015-04-13.09:48:23'/>
	<frames value='19470'/>
	<gameDuration value='1216'/>

	<player>
		<unitScore value='4975'/>
		<killScore value='900'/>
		<buildingScore value='2125'/>
		<razingScore value='0'/>
		<mineralScore value='7634'/>
		<gasScore value='848'/>
		<totalScore value='16482'/>
	</player>

	<enemy>
		<race value='Protoss'/>
		<unitScore value='4150'/>
		<unitScore value='4150'/>
		<killScore value='9950'/>
		<buildingScore value='5025'/>
		<razingScore value='6375'/>
		<mineralScore value='10842'/>
		<gasScore value='2184'/>
		<totalScore value='38526'/>
	</enemy>

	<scoreRatio value='0.427815'/>
</results>
