<results>
	<result value='win'/>
	<start value='2015-05-11.06:22:14'/>
	<end value='2015-05-11.06:22:48'/>
	<frames value='27933'/>
	<gameDuration value='1745'/>

	<player>
		<unitScore value='16950'/>
		<killScore value='26535'/>
		<buildingScore value='4450'/>
		<razingScore value='5115'/>
		<mineralScore value='27514'/>
		<gasScore value='1984'/>
		<totalScore value='82548'/>
	</player>

	<enemy>
		<race value='Zerg'/>
		<unitScore value='12350'/>
		<unitScore value='12350'/>
		<killScore value='13450'/>
		<buildingScore value='1705'/>
		<razingScore value='0'/>
		<mineralScore value='11542'/>
		<gasScore value='3976'/>
		<totalScore value='43023'/>
	</enemy>

	<scoreRatio value='1.91869'/>
	<timeFitness value='0.757639'/>
	<unitsAverage value='99'/>
</results>
