<results>
	<result value='win'/>
	<start value='2015-05-11.06:25:05'/>
	<end value='2015-05-11.06:25:51'/>
	<frames value='30475'/>
	<gameDuration value='1904'/>

	<player>
		<unitScore value='19225'/>
		<killScore value='33835'/>
		<buildingScore value='3975'/>
		<razingScore value='7995'/>
		<mineralScore value='27458'/>
		<gasScore value='3224'/>
		<totalScore value='95712'/>
	</player>

	<enemy>
		<race value='Zerg'/>
		<unitScore value='16775'/>
		<unitScore value='16775'/>
		<killScore value='12250'/>
		<buildingScore value='2665'/>
		<razingScore value='150'/>
		<mineralScore value='15014'/>
		<gasScore value='5496'/>
		<totalScore value='52350'/>
	</enemy>

	<scoreRatio value='1.82831'/>
	<timeFitness value='0.735556'/>
	<unitsAverage value='116'/>
</results>
