<results>
	<result value='win'/>
	<start value='2015-05-11.06:30:41'/>
	<end value='2015-05-11.06:31:15'/>
	<frames value='25763'/>
	<gameDuration value='1610'/>

	<player>
		<unitScore value='17900'/>
		<killScore value='21880'/>
		<buildingScore value='4600'/>
		<razingScore value='4560'/>
		<mineralScore value='28966'/>
		<gasScore value='1936'/>
		<totalScore value='79842'/>
	</player>

	<enemy>
		<race value='Zerg'/>
		<unitScore value='10925'/>
		<unitScore value='10925'/>
		<killScore value='11000'/>
		<buildingScore value='1520'/>
		<razingScore value='150'/>
		<mineralScore value='9666'/>
		<gasScore value='3056'/>
		<totalScore value='36317'/>
	</enemy>

	<scoreRatio value='2.19847'/>
	<timeFitness value='0.776389'/>
	<unitsAverage value='106'/>
</results>
