<results>
	<result value='win'/>
	<start value='2015-05-11.06:32:32'/>
	<end value='2015-05-11.06:33:16'/>
	<frames value='31870'/>
	<gameDuration value='1991'/>

	<player>
		<unitScore value='26075'/>
		<killScore value='30895'/>
		<buildingScore value='4225'/>
		<razingScore value='6570'/>
		<mineralScore value='31438'/>
		<gasScore value='2904'/>
		<totalScore value='102107'/>
	</player>

	<enemy>
		<race value='Zerg'/>
		<unitScore value='15925'/>
		<unitScore value='15925'/>
		<killScore value='28500'/>
		<buildingScore value='2190'/>
		<razingScore value='0'/>
		<mineralScore value='14090'/>
		<gasScore value='5080'/>
		<totalScore value='65785'/>
	</enemy>

	<scoreRatio value='1.55213'/>
	<timeFitness value='0.723472'/>
	<unitsAverage value='113'/>
</results>
