<results>
	<result value='win'/>
	<start value='2015-05-11.06:34:50'/>
	<end value='2015-05-11.06:35:29'/>
	<frames value='28026'/>
	<gameDuration value='1751'/>

	<player>
		<unitScore value='19950'/>
		<killScore value='26700'/>
		<buildingScore value='4600'/>
		<razingScore value='5940'/>
		<mineralScore value='27042'/>
		<gasScore value='2776'/>
		<totalScore value='87008'/>
	</player>

	<enemy>
		<race value='Zerg'/>
		<unitScore value='12350'/>
		<unitScore value='12350'/>
		<killScore value='14050'/>
		<buildingScore value='1980'/>
		<razingScore value='0'/>
		<mineralScore value='11382'/>
		<gasScore value='3480'/>
		<totalScore value='43242'/>
	</enemy>

	<scoreRatio value='2.01212'/>
	<timeFitness value='0.756806'/>
	<unitsAverage value='108'/>
</results>
