<results>
	<result value='loss'/>
	<start value='2015-05-03.05:18:05'/>
	<end value='2015-05-03.05:18:13'/>
	<frames value='18819'/>
	<gameDuration value='1176'/>

	<player>
		<unitScore value='5150'/>
		<killScore value='400'/>
		<buildingScore value='1725'/>
		<razingScore value='0'/>
		<mineralScore value='7394'/>
		<gasScore value='0'/>
		<totalScore value='14669'/>
	</player>

	<enemy>
		<race value='Protoss'/>
		<unitScore value='4725'/>
		<unitScore value='4725'/>
		<killScore value='10300'/>
		<buildingScore value='4425'/>
		<razingScore value='5175'/>
		<mineralScore value='10586'/>
		<gasScore value='2112'/>
		<totalScore value='37323'/>
	</enemy>

	<scoreRatio value='0.393028'/>
	<timeFitness value='0.163333'/>
	<unitsAverage value='25'/>
</results>
