<results>
	<result value='win'/>
	<start value='2015-05-03.05:18:26'/>
	<end value='2015-05-03.05:18:44'/>
	<frames value='25236'/>
	<gameDuration value='1577'/>

	<player>
		<unitScore value='17650'/>
		<killScore value='16500'/>
		<buildingScore value='3550'/>
		<razingScore value='11625'/>
		<mineralScore value='23410'/>
		<gasScore value='0'/>
		<totalScore value='72735'/>
	</player>

	<enemy>
		<race value='Protoss'/>
		<unitScore value='8600'/>
		<unitScore value='8600'/>
		<killScore value='19300'/>
		<buildingScore value='3875'/>
		<razingScore value='0'/>
		<mineralScore value='16266'/>
		<gasScore value='2176'/>
		<totalScore value='50217'/>
	</enemy>

	<scoreRatio value='1.44841'/>
	<timeFitness value='0.780972'/>
	<unitsAverage value='84'/>
</results>
