<results>
	<result value='win'/>
	<start value='2015-04-13.07:35:29'/>
	<end value='2015-04-13.07:36:39'/>
	<frames value='32025'/>
	<gameDuration value='2001'/>

	<player>
		<unitScore value='20525'/>
		<killScore value='22950'/>
		<buildingScore value='4525'/>
		<razingScore value='17325'/>
		<mineralScore value='30146'/>
		<gasScore value='2240'/>
		<totalScore value='97711'/>
	</player>

	<enemy>
		<race value='Protoss'/>
		<unitScore value='11825'/>
		<unitScore value='11825'/>
		<killScore value='16550'/>
		<buildingScore value='5775'/>
		<razingScore value='0'/>
		<mineralScore value='16134'/>
		<gasScore value='5480'/>
		<totalScore value='55764'/>
	</enemy>

	<scoreRatio value='1.75222'/>
</results>
