<results>
	<result value='win'/>
	<start value='2015-04-13.07:39:53'/>
	<end value='2015-04-13.07:41:07'/>
	<frames value='33203'/>
	<gameDuration value='2075'/>

	<player>
		<unitScore value='19025'/>
		<killScore value='12700'/>
		<buildingScore value='3825'/>
		<razingScore value='16575'/>
		<mineralScore value='27758'/>
		<gasScore value='2528'/>
		<totalScore value='82411'/>
	</player>

	<enemy>
		<race value='Protoss'/>
		<unitScore value='6350'/>
		<unitScore value='6350'/>
		<killScore value='13100'/>
		<buildingScore value='5525'/>
		<razingScore value='0'/>
		<mineralScore value='15010'/>
		<gasScore value='3592'/>
		<totalScore value='43577'/>
	</enemy>

	<scoreRatio value='1.89116'/>
</results>
