<results>
	<result value='win'/>
	<start value='2014-07-07.02:06:25'/>
	<end value='2014-07-07.02:06:46'/>
	<frames value='27158'/>
	<gameDuration value='1697'/>

	<player>
		<unitScore value='13675'/>
		<killScore value='21150'/>
		<buildingScore value='3775'/>
		<razingScore value='8925'/>
		<mineralScore value='19890'/>
		<gasScore value='2568'/>
		<totalScore value='69983'/>
	</player>

	<enemy>
		<race value='Terran'/>
		<unitScore value='10750'/>
		<unitScore value='10750'/>
		<killScore value='10750'/>
		<buildingScore value='2975'/>
		<razingScore value='1500'/>
		<mineralScore value='10394'/>
		<gasScore value='3992'/>
		<totalScore value='40361'/>
	</enemy>

	<scoreRatio value='1.73393'/>
</results>
