<results>
	<result value='win'/>
	<start value='2014-07-07.02:07:45'/>
	<end value='2014-07-07.02:08:13'/>
	<frames value='34722'/>
	<gameDuration value='2170'/>

	<player>
		<unitScore value='14300'/>
		<killScore value='20950'/>
		<buildingScore value='5050'/>
		<razingScore value='10050'/>
		<mineralScore value='23658'/>
		<gasScore value='3472'/>
		<totalScore value='77480'/>
	</player>

	<enemy>
		<race value='Terran'/>
		<unitScore value='11675'/>
		<unitScore value='11675'/>
		<killScore value='10050'/>
		<buildingScore value='3350'/>
		<razingScore value='3000'/>
		<mineralScore value='13482'/>
		<gasScore value='5592'/>
		<totalScore value='47149'/>
	</enemy>

	<scoreRatio value='1.6433'/>
</results>
