<results>
	<result value='win'/>
	<start value='2014-07-07.02:09:04'/>
	<end value='2014-07-07.02:09:22'/>
	<frames value='25453'/>
	<gameDuration value='1590'/>

	<player>
		<unitScore value='11475'/>
		<killScore value='19300'/>
		<buildingScore value='3800'/>
		<razingScore value='8025'/>
		<mineralScore value='18290'/>
		<gasScore value='1984'/>
		<totalScore value='62874'/>
	</player>

	<enemy>
		<race value='Terran'/>
		<unitScore value='9650'/>
		<unitScore value='9650'/>
		<killScore value='6150'/>
		<buildingScore value='2675'/>
		<razingScore value='1425'/>
		<mineralScore value='10154'/>
		<gasScore value='3848'/>
		<totalScore value='33902'/>
	</enemy>

	<scoreRatio value='1.85458'/>
</results>
