<results>
	<result value='win'/>
	<start value='2014-07-07.02:11:03'/>
	<end value='2014-07-07.02:11:44'/>
	<frames value='38504'/>
	<gameDuration value='2406'/>

	<player>
		<unitScore value='24050'/>
		<killScore value='25600'/>
		<buildingScore value='5450'/>
		<razingScore value='7950'/>
		<mineralScore value='35238'/>
		<gasScore value='3808'/>
		<totalScore value='102096'/>
	</player>

	<enemy>
		<race value='Terran'/>
		<unitScore value='12800'/>
		<unitScore value='12800'/>
		<killScore value='23300'/>
		<buildingScore value='2650'/>
		<razingScore value='3525'/>
		<mineralScore value='12050'/>
		<gasScore value='5338'/>
		<totalScore value='59663'/>
	</enemy>

	<scoreRatio value='1.71121'/>
</results>
