<results>
	<result value='loss'/>
	<start value='2015-04-07.22:39:58'/>
	<end value='2015-04-07.22:40:07'/>
	<frames value='16866'/>
	<gameDuration value='1054'/>

	<player>
		<unitScore value='2975'/>
		<killScore value='1200'/>
		<buildingScore value='1725'/>
		<razingScore value='0'/>
		<mineralScore value='5074'/>
		<gasScore value='712'/>
		<totalScore value='11686'/>
	</player>

	<enemy>
		<race value='Protoss'/>
		<unitScore value='3700'/>
		<unitScore value='3700'/>
		<killScore value='5850'/>
		<buildingScore value='4025'/>
		<razingScore value='5175'/>
		<mineralScore value='8882'/>
		<gasScore value='1816'/>
		<totalScore value='29448'/>
	</enemy>

	<scoreRatio value='0.396835'/>
</results>
