<results>
	<result value='loss'/>
	<start value='2015-07-16.10:10:55'/>
	<end value='2015-07-16.10:11:07'/>
	<frames value='19935'/>
	<gameDuration value='1245'/>

	<player>
		<unitScore value='6950'/>
		<killScore value='3350'/>
		<buildingScore value='1875'/>
		<razingScore value='0'/>
		<mineralScore value='7050'/>
		<gasScore value='1392'/>
		<totalScore value='20617'/>
	</player>

	<enemy>
		<race value='Terran'/>
		<unitScore value='7625'/>
		<killScore value='13900'/>
		<buildingScore value='2975'/>
		<razingScore value='5625'/>
		<mineralScore value='9410'/>
		<gasScore value='3688'/>
		<totalScore value='43223'/>
	</enemy>

	<scoreRatio value='0.476991'/>
	<timeFitness value='0.172917'/>
	<unitsAverage value='29'/>
</results>
