<results>
	<result value='loss'/>
	<start value='2015-07-16.10:18:33'/>
	<end value='2015-07-16.10:18:46'/>
	<frames value='20121'/>
	<gameDuration value='1257'/>

	<player>
		<unitScore value='5550'/>
		<killScore value='3200'/>
		<buildingScore value='1475'/>
		<razingScore value='0'/>
		<mineralScore value='5970'/>
		<gasScore value='1168'/>
		<totalScore value='17363'/>
	</player>

	<enemy>
		<race value='Terran'/>
		<unitScore value='7800'/>
		<killScore value='11100'/>
		<buildingScore value='3100'/>
		<razingScore value='4425'/>
		<mineralScore value='9466'/>
		<gasScore value='3664'/>
		<totalScore value='39555'/>
	</enemy>

	<scoreRatio value='0.438958'/>
	<timeFitness value='0.174583'/>
	<unitsAverage value='25'/>
</results>
