<results>
	<result value='draw'/>
	<start value='2015-07-21.14:49:38'/>
	<end value='2015-07-21.14:52:01'/>
	<frames value='57601'/>
	<gameDuration value='3600'/>

	<player>
		<unitScore value='42750'/>
		<killScore value='42100'/>
		<buildingScore value='4025'/>
		<razingScore value='975'/>
		<mineralScore value='43310'/>
		<gasScore value='8464'/>
		<totalScore value='141624'/>
	</player>

	<enemy>
		<race value='Zerg'/>
		<unitScore value='21975'/>
		<killScore value='60050'/>
		<buildingScore value='2885'/>
		<razingScore value='1950'/>
		<mineralScore value='19542'/>
		<gasScore value='11298'/>
		<totalScore value='117700'/>
	</enemy>

	<scoreRatio value='1.20326'/>
	<timeFitness value='0.5'/>
	<unitsAverage value='139'/>
</results>
