<results>
	<result value='loss'/>
	<start value='2015-07-07.20:08:27'/>
	<end value='2015-07-07.20:09:02'/>
	<frames value='24554'/>
	<gameDuration value='1534'/>

	<player>
		<unitScore value='8625'/>
		<killScore value='2800'/>
		<buildingScore value='2750'/>
		<razingScore value='0'/>
		<mineralScore value='9930'/>
		<gasScore value='1472'/>
		<totalScore value='25577'/>
	</player>

	<enemy>
		<race value='Terran'/>
		<unitScore value='10125'/>
		<killScore value='14850'/>
		<buildingScore value='4000'/>
		<razingScore value='8250'/>
		<mineralScore value='12162'/>
		<gasScore value='5264'/>
		<totalScore value='54651'/>
	</enemy>

	<scoreRatio value='0.468006'/>
	<timeFitness value='0.213056'/>
	<unitsAverage value='39'/>
</results>
