<results>
	<result value='loss'/>
	<start value='2015-04-07.22:53:13'/>
	<end value='2015-04-07.22:54:15'/>
	<frames value='55492'/>
	<gameDuration value='3468'/>

	<player>
		<unitScore value='27950'/>
		<killScore value='43900'/>
		<buildingScore value='3600'/>
		<razingScore value='2925'/>
		<mineralScore value='31590'/>
		<gasScore value='5646'/>
		<totalScore value='115611'/>
	</player>

	<enemy>
		<race value='Protoss'/>
		<unitScore value='32950'/>
		<unitScore value='32950'/>
		<killScore value='55900'/>
		<buildingScore value='7175'/>
		<razingScore value='10800'/>
		<mineralScore value='31502'/>
		<gasScore value='10398'/>
		<totalScore value='148725'/>
	</enemy>

	<scoreRatio value='0.777347'/>
</results>
