<results>
	<result value='win'/>
	<start value='2015-04-27.14:19:17'/>
	<end value='2015-04-27.14:19:38'/>
	<frames value='30847'/>
	<gameDuration value='1927'/>

	<player>
		<unitScore value='13175'/>
		<killScore value='23400'/>
		<buildingScore value='3000'/>
		<razingScore value='9375'/>
		<mineralScore value='16850'/>
		<gasScore value='3288'/>
		<totalScore value='69088'/>
	</player>

	<enemy>
		<race value='Terran'/>
		<unitScore value='12300'/>
		<unitScore value='12300'/>
		<killScore value='15200'/>
		<buildingScore value='3200'/>
		<razingScore value='1875'/>
		<mineralScore value='11170'/>
		<gasScore value='4896'/>
		<totalScore value='48641'/>
	</enemy>

	<scoreRatio value='1.42037'/>
</results>
