<results>
	<result value='win'/>
	<start value='2015-04-26.05:34:42'/>
	<end value='2015-04-26.05:35:05'/>
	<frames value='25360'/>
	<gameDuration value='1585'/>

	<player>
		<unitScore value='14300'/>
		<killScore value='22700'/>
		<buildingScore value='4000'/>
		<razingScore value='8175'/>
		<mineralScore value='21590'/>
		<gasScore value='1688'/>
		<totalScore value='72453'/>
	</player>

	<enemy>
		<race value='Terran'/>
		<unitScore value='11350'/>
		<unitScore value='11350'/>
		<killScore value='7550'/>
		<buildingScore value='2800'/>
		<razingScore value='150'/>
		<mineralScore value='10450'/>
		<gasScore value='4232'/>
		<totalScore value='36532'/>
	</enemy>

	<scoreRatio value='1.98327'/>
</results>
