<results>
	<result value='win'/>
	<start value='2015-04-26.05:44:44'/>
	<end value='2015-04-26.05:44:55'/>
	<frames value='19997'/>
	<gameDuration value='1249'/>

	<player>
		<unitScore value='8300'/>
		<killScore value='11800'/>
		<buildingScore value='1925'/>
		<razingScore value='4350'/>
		<mineralScore value='11682'/>
		<gasScore value='1072'/>
		<totalScore value='39129'/>
	</player>

	<enemy>
		<race value='Terran'/>
		<unitScore value='5900'/>
		<unitScore value='5900'/>
		<killScore value='6100'/>
		<buildingScore value='1450'/>
		<razingScore value='0'/>
		<mineralScore value='9290'/>
		<gasScore value='2384'/>
		<totalScore value='25124'/>
	</enemy>

	<scoreRatio value='1.55744'/>
</results>
