<results>
	<result value='loss'/>
	<start value='2015-04-14.04:03:45'/>
	<end value='2015-04-14.04:04:43'/>
	<frames value='40891'/>
	<gameDuration value='2555'/>

	<player>
		<unitScore value='17375'/>
		<killScore value='15600'/>
		<buildingScore value='2800'/>
		<razingScore value='300'/>
		<mineralScore value='19630'/>
		<gasScore value='4000'/>
		<totalScore value='59705'/>
	</player>

	<enemy>
		<race value='Protoss'/>
		<unitScore value='26350'/>
		<unitScore value='26350'/>
		<killScore value='34750'/>
		<buildingScore value='7175'/>
		<razingScore value='8400'/>
		<mineralScore value='28410'/>
		<gasScore value='9436'/>
		<totalScore value='114521'/>
	</enemy>

	<scoreRatio value='0.521345'/>
</results>
