<results>
	<result value='loss'/>
	<start value='2015-04-15.07:19:36'/>
	<end value='2015-04-15.07:20:17'/>
	<frames value='39868'/>
	<gameDuration value='2491'/>

	<player>
		<unitScore value='11475'/>
		<killScore value='20450'/>
		<buildingScore value='2450'/>
		<razingScore value='600'/>
		<mineralScore value='13242'/>
		<gasScore value='3528'/>
		<totalScore value='51745'/>
	</player>

	<enemy>
		<race value='Protoss'/>
		<unitScore value='28900'/>
		<unitScore value='28900'/>
		<killScore value='22950'/>
		<buildingScore value='7325'/>
		<razingScore value='7350'/>
		<mineralScore value='27030'/>
		<gasScore value='10560'/>
		<totalScore value='104115'/>
	</enemy>

	<scoreRatio value='0.496999'/>
</results>
