<results>
	<result value='win'/>
	<start value='2015-04-15.07:42:23'/>
	<end value='2015-04-15.07:43:29'/>
	<frames value='31467'/>
	<gameDuration value='1966'/>

	<player>
		<unitScore value='22125'/>
		<killScore value='24700'/>
		<buildingScore value='3750'/>
		<razingScore value='15825'/>
		<mineralScore value='31414'/>
		<gasScore value='3712'/>
		<totalScore value='101526'/>
	</player>

	<enemy>
		<race value='Protoss'/>
		<unitScore value='12800'/>
		<unitScore value='12800'/>
		<killScore value='19900'/>
		<buildingScore value='5275'/>
		<razingScore value='150'/>
		<mineralScore value='15658'/>
		<gasScore value='4512'/>
		<totalScore value='58295'/>
	</enemy>

	<scoreRatio value='1.74159'/>
</results>
