<results>
	<result value='win'/>
	<start value='2015-05-02.20:45:44'/>
	<end value='2015-05-02.20:46:47'/>
	<frames value='31498'/>
	<gameDuration value='1968'/>

	<player>
		<unitScore value='18125'/>
		<killScore value='19350'/>
		<buildingScore value='3500'/>
		<razingScore value='17400'/>
		<mineralScore value='28010'/>
		<gasScore value='3272'/>
		<totalScore value='89657'/>
	</player>

	<enemy>
		<race value='Protoss'/>
		<unitScore value='10075'/>
		<unitScore value='10075'/>
		<killScore value='13550'/>
		<buildingScore value='5800'/>
		<razingScore value='0'/>
		<mineralScore value='20106'/>
		<gasScore value='4240'/>
		<totalScore value='53771'/>
	</enemy>

	<scoreRatio value='1.66739'/>
	<timeFitness value='0.726667'/>
	<unitsAverage value='108'/>
</results>
