<results>
	<result value='win'/>
	<start value='2015-04-30.01:54:01'/>
	<end value='2015-04-30.01:54:33'/>
	<frames value='25701'/>
	<gameDuration value='1606'/>

	<player>
		<unitScore value='13825'/>
		<killScore value='23250'/>
		<buildingScore value='3575'/>
		<razingScore value='4635'/>
		<mineralScore value='23846'/>
		<gasScore value='2360'/>
		<totalScore value='71491'/>
	</player>

	<enemy>
		<race value='Zerg'/>
		<unitScore value='10075'/>
		<unitScore value='10075'/>
		<killScore value='11150'/>
		<buildingScore value='1545'/>
		<razingScore value='0'/>
		<mineralScore value='9098'/>
		<gasScore value='2544'/>
		<totalScore value='34412'/>
	</enemy>

	<scoreRatio value='2.0775'/>
	<timeFitness value='0.776944'/>
	<unitsAverage value='90'/>
</results>
