<results>
	<result value='win'/>
	<start value='2015-04-30.02:03:14'/>
	<end value='2015-04-30.02:03:45'/>
	<frames value='25112'/>
	<gameDuration value='1569'/>

	<player>
		<unitScore value='15850'/>
		<killScore value='22865'/>
		<buildingScore value='4000'/>
		<razingScore value='4920'/>
		<mineralScore value='21554'/>
		<gasScore value='2136'/>
		<totalScore value='71325'/>
	</player>

	<enemy>
		<race value='Zerg'/>
		<unitScore value='10525'/>
		<unitScore value='10525'/>
		<killScore value='14150'/>
		<buildingScore value='1640'/>
		<razingScore value='0'/>
		<mineralScore value='10290'/>
		<gasScore value='3008'/>
		<totalScore value='39613'/>
	</enemy>

	<scoreRatio value='1.80055'/>
	<timeFitness value='0.782083'/>
	<unitsAverage value='81'/>
</results>
