<results>
	<result value='draw'/>
	<start value='2015-05-11.03:11:00'/>
	<end value='2015-05-11.03:12:15'/>
	<frames value='57601'/>
	<gameDuration value='3600'/>

	<player>
		<unitScore value='22725'/>
		<killScore value='53200'/>
		<buildingScore value='3450'/>
		<razingScore value='11895'/>
		<mineralScore value='25506'/>
		<gasScore value='5202'/>
		<totalScore value='121978'/>
	</player>

	<enemy>
		<race value='Zerg'/>
		<unitScore value='27350'/>
		<unitScore value='27350'/>
		<killScore value='36900'/>
		<buildingScore value='4710'/>
		<razingScore value='3750'/>
		<mineralScore value='24086'/>
		<gasScore value='10232'/>
		<totalScore value='107028'/>
	</enemy>

	<scoreRatio value='1.13968'/>
	<timeFitness value='0.5'/>
	<unitsAverage value='84'/>
</results>
