<results>
	<result value='win'/>
	<start value='2015-05-04.21:04:28'/>
	<end value='2015-05-04.21:04:49'/>
	<frames value='30351'/>
	<gameDuration value='1896'/>

	<player>
		<unitScore value='12900'/>
		<killScore value='17350'/>
		<buildingScore value='4225'/>
		<razingScore value='8025'/>
		<mineralScore value='18802'/>
		<gasScore value='3352'/>
		<totalScore value='64654'/>
	</player>

	<enemy>
		<race value='Terran'/>
		<unitScore value='9075'/>
		<unitScore value='9075'/>
		<killScore value='10050'/>
		<buildingScore value='2675'/>
		<razingScore value='3525'/>
		<mineralScore value='9554'/>
		<gasScore value='3224'/>
		<totalScore value='38103'/>
	</enemy>

	<scoreRatio value='1.69682'/>
	<timeFitness value='0.736667'/>
	<unitsAverage value='73'/>
</results>
