<results>
	<result value='win'/>
	<start value='2015-05-08.21:25:04'/>
	<end value='2015-05-08.21:25:38'/>
	<frames value='38101'/>
	<gameDuration value='2381'/>

	<player>
		<unitScore value='22475'/>
		<killScore value='26150'/>
		<buildingScore value='4800'/>
		<razingScore value='10275'/>
		<mineralScore value='30078'/>
		<gasScore value='4136'/>
		<totalScore value='97914'/>
	</player>

	<enemy>
		<race value='Terran'/>
		<unitScore value='13075'/>
		<unitScore value='13075'/>
		<killScore value='24350'/>
		<buildingScore value='3425'/>
		<razingScore value='3300'/>
		<mineralScore value='12946'/>
		<gasScore value='5932'/>
		<totalScore value='63028'/>
	</enemy>

	<scoreRatio value='1.5535'/>
	<timeFitness value='0.669306'/>
	<unitsAverage value='92'/>
</results>
