<results>
	<result value='draw'/>
	<start value='2015-05-04.21:11:38'/>
	<end value='2015-05-04.21:12:11'/>
	<frames value='57601'/>
	<gameDuration value='3600'/>

	<player>
		<unitScore value='24250'/>
		<killScore value='28600'/>
		<buildingScore value='2075'/>
		<razingScore value='150'/>
		<mineralScore value='24482'/>
		<gasScore value='4936'/>
		<totalScore value='84493'/>
	</player>

	<enemy>
		<race value='Terran'/>
		<unitScore value='28400'/>
		<unitScore value='28400'/>
		<killScore value='44850'/>
		<buildingScore value='4075'/>
		<razingScore value='675'/>
		<mineralScore value='19550'/>
		<gasScore value='12288'/>
		<totalScore value='109838'/>
	</enemy>

	<scoreRatio value='0.769251'/>
	<timeFitness value='0.5'/>
	<unitsAverage value='65'/>
</results>
