<results>
	<result value='loss'/>
	<start value='2015-05-08.21:33:17'/>
	<end value='2015-05-08.21:33:25'/>
	<frames value='18292'/>
	<gameDuration value='1143'/>

	<player>
		<unitScore value='3675'/>
		<killScore value='2400'/>
		<buildingScore value='2000'/>
		<razingScore value='0'/>
		<mineralScore value='5850'/>
		<gasScore value='848'/>
		<totalScore value='14773'/>
	</player>

	<enemy>
		<race value='Terran'/>
		<unitScore value='6750'/>
		<unitScore value='6750'/>
		<killScore value='7350'/>
		<buildingScore value='2850'/>
		<razingScore value='6000'/>
		<mineralScore value='8218'/>
		<gasScore value='3016'/>
		<totalScore value='34184'/>
	</enemy>

	<scoreRatio value='0.432161'/>
	<timeFitness value='0.15875'/>
	<unitsAverage value='28'/>
</results>
