<results>
	<result value='win'/>
	<start value='2015-05-08.21:35:33'/>
	<end value='2015-05-08.21:35:50'/>
	<frames value='27189'/>
	<gameDuration value='1699'/>

	<player>
		<unitScore value='11025'/>
		<killScore value='17700'/>
		<buildingScore value='4025'/>
		<razingScore value='8325'/>
		<mineralScore value='19098'/>
		<gasScore value='2672'/>
		<totalScore value='62845'/>
	</player>

	<enemy>
		<race value='Terran'/>
		<unitScore value='9950'/>
		<unitScore value='9950'/>
		<killScore value='6350'/>
		<buildingScore value='2850'/>
		<razingScore value='3150'/>
		<mineralScore value='10346'/>
		<gasScore value='3592'/>
		<totalScore value='36238'/>
	</enemy>

	<scoreRatio value='1.73423'/>
	<timeFitness value='0.764028'/>
	<unitsAverage value='67'/>
</results>
