<results>
	<result value='win'/>
	<start value='2015-05-10.16:44:28'/>
	<end value='2015-05-10.16:45:07'/>
	<frames value='31467'/>
	<gameDuration value='1966'/>

	<player>
		<unitScore value='18450'/>
		<killScore value='25050'/>
		<buildingScore value='3925'/>
		<razingScore value='6210'/>
		<mineralScore value='32638'/>
		<gasScore value='2232'/>
		<totalScore value='88505'/>
	</player>

	<enemy>
		<race value='Zerg'/>
		<unitScore value='11075'/>
		<unitScore value='11075'/>
		<killScore value='13850'/>
		<buildingScore value='2070'/>
		<razingScore value='0'/>
		<mineralScore value='11026'/>
		<gasScore value='3824'/>
		<totalScore value='41845'/>
	</enemy>

	<scoreRatio value='2.11507'/>
	<timeFitness value='0.726944'/>
	<unitsAverage value='123'/>
</results>
