<results>
	<result value='win'/>
	<start value='2015-05-10.16:50:13'/>
	<end value='2015-05-10.16:50:28'/>
	<frames value='21051'/>
	<gameDuration value='1315'/>

	<player>
		<unitScore value='11175'/>
		<killScore value='21280'/>
		<buildingScore value='3450'/>
		<razingScore value='4560'/>
		<mineralScore value='16650'/>
		<gasScore value='1384'/>
		<totalScore value='58499'/>
	</player>

	<enemy>
		<race value='Zerg'/>
		<unitScore value='9600'/>
		<unitScore value='9600'/>
		<killScore value='9100'/>
		<buildingScore value='1520'/>
		<razingScore value='0'/>
		<mineralScore value='8450'/>
		<gasScore value='2768'/>
		<totalScore value='31438'/>
	</enemy>

	<scoreRatio value='1.86077'/>
	<timeFitness value='0.817361'/>
	<unitsAverage value='70'/>
</results>
