<results>
	<result value='win'/>
	<start value='2015-05-10.17:07:22'/>
	<end value='2015-05-10.17:07:47'/>
	<frames value='24926'/>
	<gameDuration value='1557'/>

	<player>
		<unitScore value='17825'/>
		<killScore value='24710'/>
		<buildingScore value='4500'/>
		<razingScore value='4680'/>
		<mineralScore value='24970'/>
		<gasScore value='2456'/>
		<totalScore value='79141'/>
	</player>

	<enemy>
		<race value='Zerg'/>
		<unitScore value='10575'/>
		<unitScore value='10575'/>
		<killScore value='12950'/>
		<buildingScore value='1560'/>
		<razingScore value='0'/>
		<mineralScore value='9882'/>
		<gasScore value='2872'/>
		<totalScore value='37839'/>
	</enemy>

	<scoreRatio value='2.09152'/>
	<timeFitness value='0.78375'/>
	<unitsAverage value='98'/>
</results>
