<results>
	<result value='draw'/>
	<start value='2015-04-16.23:37:01'/>
	<end value='2015-04-16.23:40:08'/>
	<frames value='57601'/>
	<gameDuration value='3600'/>

	<player>
		<unitScore value='26850'/>
		<killScore value='41950'/>
		<buildingScore value='4325'/>
		<razingScore value='14325'/>
		<mineralScore value='35470'/>
		<gasScore value='11616'/>
		<totalScore value='134536'/>
	</player>

	<enemy>
		<race value='Protoss'/>
		<unitScore value='22875'/>
		<unitScore value='22875'/>
		<killScore value='30700'/>
		<buildingScore value='6150'/>
		<razingScore value='0'/>
		<mineralScore value='27606'/>
		<gasScore value='8922'/>
		<totalScore value='96253'/>
	</enemy>

	<scoreRatio value='1.39773'/>
</results>
