<results>
	<result value='loss'/>
	<start value='2015-04-17.04:48:23'/>
	<end value='2015-04-17.04:50:30'/>
	<frames value='53911'/>
	<gameDuration value='3369'/>

	<player>
		<unitScore value='24600'/>
		<killScore value='46400'/>
		<buildingScore value='2375'/>
		<razingScore value='5850'/>
		<mineralScore value='24210'/>
		<gasScore value='4688'/>
		<totalScore value='108123'/>
	</player>

	<enemy>
		<race value='Protoss'/>
		<unitScore value='41825'/>
		<unitScore value='41825'/>
		<killScore value='49200'/>
		<buildingScore value='9075'/>
		<razingScore value='7125'/>
		<mineralScore value='36410'/>
		<gasScore value='12746'/>
		<totalScore value='156381'/>
	</enemy>

	<scoreRatio value='0.691408'/>
</results>
