<results>
	<result value='loss'/>
	<start value='2015-04-08.00:57:32'/>
	<end value='2015-04-08.00:58:41'/>
	<frames value='55864'/>
	<gameDuration value='3491'/>

	<player>
		<unitScore value='30400'/>
		<killScore value='54150'/>
		<buildingScore value='3125'/>
		<razingScore value='900'/>
		<mineralScore value='31542'/>
		<gasScore value='8336'/>
		<totalScore value='128453'/>
	</player>

	<enemy>
		<race value='Protoss'/>
		<unitScore value='38175'/>
		<unitScore value='38175'/>
		<killScore value='60800'/>
		<buildingScore value='6650'/>
		<razingScore value='9375'/>
		<mineralScore value='31550'/>
		<gasScore value='11524'/>
		<totalScore value='158074'/>
	</enemy>

	<scoreRatio value='0.812613'/>
</results>
