<results>
	<result value='loss'/>
	<start value='2015-07-18.05:23:08'/>
	<end value='2015-07-18.05:23:32'/>
	<frames value='20772'/>
	<gameDuration value='1298'/>

	<player>
		<unitScore value='8125'/>
		<killScore value='2500'/>
		<buildingScore value='2075'/>
		<razingScore value='0'/>
		<mineralScore value='8762'/>
		<gasScore value='1120'/>
		<totalScore value='22582'/>
	</player>

	<enemy>
		<race value='Terran'/>
		<unitScore value='7375'/>
		<killScore value='13000'/>
		<buildingScore value='2350'/>
		<razingScore value='6225'/>
		<mineralScore value='9682'/>
		<gasScore value='3440'/>
		<totalScore value='42072'/>
	</enemy>

	<scoreRatio value='0.536747'/>
	<timeFitness value='0.180278'/>
	<unitsAverage value='38'/>
</results>
