<results>
	<result value='loss'/>
	<start value='2015-07-18.05:29:48'/>
	<end value='2015-07-18.05:30:12'/>
	<frames value='21981'/>
	<gameDuration value='1373'/>

	<player>
		<unitScore value='7650'/>
		<killScore value='3700'/>
		<buildingScore value='2450'/>
		<razingScore value='0'/>
		<mineralScore value='10386'/>
		<gasScore value='1248'/>
		<totalScore value='25434'/>
	</player>

	<enemy>
		<race value='Terran'/>
		<unitScore value='9425'/>
		<killScore value='14600'/>
		<buildingScore value='3275'/>
		<razingScore value='7350'/>
		<mineralScore value='10762'/>
		<gasScore value='4512'/>
		<totalScore value='49924'/>
	</enemy>

	<scoreRatio value='0.509454'/>
	<timeFitness value='0.190694'/>
	<unitsAverage value='33'/>
</results>
