<results>
	<result value='win'/>
	<start value='2015-05-11.09:30:37'/>
	<end value='2015-05-11.09:31:11'/>
	<frames value='27096'/>
	<gameDuration value='1693'/>

	<player>
		<unitScore value='16525'/>
		<killScore value='23980'/>
		<buildingScore value='4150'/>
		<razingScore value='6120'/>
		<mineralScore value='23602'/>
		<gasScore value='1904'/>
		<totalScore value='76281'/>
	</player>

	<enemy>
		<race value='Zerg'/>
		<unitScore value='10900'/>
		<unitScore value='10900'/>
		<killScore value='9250'/>
		<buildingScore value='2040'/>
		<razingScore value='0'/>
		<mineralScore value='10658'/>
		<gasScore value='3120'/>
		<totalScore value='35968'/>
	</enemy>

	<scoreRatio value='2.1208'/>
	<timeFitness value='0.764861'/>
	<unitsAverage value='98'/>
</results>
