<results>
	<result value='win'/>
	<start value='2015-05-11.09:33:06'/>
	<end value='2015-05-11.09:34:06'/>
	<frames value='38225'/>
	<gameDuration value='2389'/>

	<player>
		<unitScore value='27975'/>
		<killScore value='39710'/>
		<buildingScore value='3950'/>
		<razingScore value='5715'/>
		<mineralScore value='30158'/>
		<gasScore value='3432'/>
		<totalScore value='110940'/>
	</player>

	<enemy>
		<race value='Zerg'/>
		<unitScore value='19275'/>
		<unitScore value='19275'/>
		<killScore value='35000'/>
		<buildingScore value='1905'/>
		<razingScore value='0'/>
		<mineralScore value='15754'/>
		<gasScore value='6716'/>
		<totalScore value='78650'/>
	</enemy>

	<scoreRatio value='1.41055'/>
	<timeFitness value='0.668194'/>
	<unitsAverage value='127'/>
</results>
