<results>
	<result value='loss'/>
	<start value='2015-07-15.05:51:00'/>
	<end value='2015-07-15.05:51:23'/>
	<frames value='23934'/>
	<gameDuration value='1495'/>

	<player>
		<unitScore value='8950'/>
		<killScore value='3850'/>
		<buildingScore value='3125'/>
		<razingScore value='0'/>
		<mineralScore value='11322'/>
		<gasScore value='1512'/>
		<totalScore value='28759'/>
	</player>

	<enemy>
		<race value='Terran'/>
		<unitScore value='10025'/>
		<killScore value='14500'/>
		<buildingScore value='4000'/>
		<razingScore value='9375'/>
		<mineralScore value='11802'/>
		<gasScore value='5288'/>
		<totalScore value='54990'/>
	</enemy>

	<scoreRatio value='0.522986'/>
	<timeFitness value='0.207639'/>
	<unitsAverage value='44'/>
</results>
