<results>
	<result value='win'/>
	<start value='2015-05-06.14:10:18'/>
	<end value='2015-05-06.14:10:58'/>
	<frames value='30847'/>
	<gameDuration value='1927'/>

	<player>
		<unitScore value='16400'/>
		<killScore value='20595'/>
		<buildingScore value='4050'/>
		<razingScore value='6555'/>
		<mineralScore value='21962'/>
		<gasScore value='2056'/>
		<totalScore value='71618'/>
	</player>

	<enemy>
		<race value='Zerg'/>
		<unitScore value='10000'/>
		<unitScore value='10000'/>
		<killScore value='13100'/>
		<buildingScore value='2185'/>
		<razingScore value='0'/>
		<mineralScore value='10566'/>
		<gasScore value='3296'/>
		<totalScore value='39147'/>
	</enemy>

	<scoreRatio value='1.82946'/>
	<timeFitness value='0.732361'/>
	<unitsAverage value='76'/>
</results>
