<results>
	<result value='win'/>
	<start value='2015-05-06.14:13:25'/>
	<end value='2015-05-06.14:14:11'/>
	<frames value='32118'/>
	<gameDuration value='2007'/>

	<player>
		<unitScore value='21725'/>
		<killScore value='26680'/>
		<buildingScore value='3325'/>
		<razingScore value='5775'/>
		<mineralScore value='26962'/>
		<gasScore value='1000'/>
		<totalScore value='85467'/>
	</player>

	<enemy>
		<race value='Zerg'/>
		<unitScore value='11775'/>
		<unitScore value='11775'/>
		<killScore value='23200'/>
		<buildingScore value='1925'/>
		<razingScore value='0'/>
		<mineralScore value='11002'/>
		<gasScore value='3376'/>
		<totalScore value='51278'/>
	</enemy>

	<scoreRatio value='1.66674'/>
	<timeFitness value='0.72125'/>
	<unitsAverage value='95'/>
</results>
