<results>
	<result value='win'/>
	<start value='2015-05-06.14:34:22'/>
	<end value='2015-05-06.14:34:55'/>
	<frames value='24709'/>
	<gameDuration value='1544'/>

	<player>
		<unitScore value='17325'/>
		<killScore value='25680'/>
		<buildingScore value='3225'/>
		<razingScore value='3660'/>
		<mineralScore value='21394'/>
		<gasScore value='944'/>
		<totalScore value='72228'/>
	</player>

	<enemy>
		<race value='Zerg'/>
		<unitScore value='11275'/>
		<unitScore value='11275'/>
		<killScore value='17500'/>
		<buildingScore value='1220'/>
		<razingScore value='0'/>
		<mineralScore value='9722'/>
		<gasScore value='2728'/>
		<totalScore value='42445'/>
	</enemy>

	<scoreRatio value='1.70168'/>
	<timeFitness value='0.785556'/>
	<unitsAverage value='85'/>
</results>
