<results>
	<result value='loss'/>
	<start value='2015-05-04.20:31:26'/>
	<end value='2015-05-04.20:31:47'/>
	<frames value='42813'/>
	<gameDuration value='2675'/>

	<player>
		<unitScore value='11175'/>
		<killScore value='22850'/>
		<buildingScore value='1775'/>
		<razingScore value='1800'/>
		<mineralScore value='12474'/>
		<gasScore value='1888'/>
		<totalScore value='51962'/>
	</player>

	<enemy>
		<race value='Terran'/>
		<unitScore value='29075'/>
		<unitScore value='29075'/>
		<killScore value='22350'/>
		<buildingScore value='5575'/>
		<razingScore value='5325'/>
		<mineralScore value='22262'/>
		<gasScore value='12360'/>
		<totalScore value='96947'/>
	</enemy>

	<scoreRatio value='0.535984'/>
	<timeFitness value='0.371528'/>
	<unitsAverage value='39'/>
</results>
