<results>
	<result value='loss'/>
	<start value='2015-05-04.20:34:04'/>
	<end value='2015-05-04.20:34:11'/>
	<frames value='16711'/>
	<gameDuration value='1044'/>

	<player>
		<unitScore value='3750'/>
		<killScore value='500'/>
		<buildingScore value='1075'/>
		<razingScore value='0'/>
		<mineralScore value='5378'/>
		<gasScore value='704'/>
		<totalScore value='11407'/>
	</player>

	<enemy>
		<race value='Terran'/>
		<unitScore value='5700'/>
		<unitScore value='5700'/>
		<killScore value='7500'/>
		<buildingScore value='1950'/>
		<razingScore value='3225'/>
		<mineralScore value='7570'/>
		<gasScore value='2632'/>
		<totalScore value='28577'/>
	</enemy>

	<scoreRatio value='0.399167'/>
	<timeFitness value='0.145'/>
	<unitsAverage value='24'/>
</results>
