<results>
	<result value='win'/>
	<start value='2015-05-07.06:13:38'/>
	<end value='2015-05-07.06:14:03'/>
	<frames value='33575'/>
	<gameDuration value='2098'/>

	<player>
		<unitScore value='21100'/>
		<killScore value='25565'/>
		<buildingScore value='3100'/>
		<razingScore value='6870'/>
		<mineralScore value='32922'/>
		<gasScore value='0'/>
		<totalScore value='89557'/>
	</player>

	<enemy>
		<race value='Zerg'/>
		<unitScore value='11900'/>
		<unitScore value='11900'/>
		<killScore value='27200'/>
		<buildingScore value='2290'/>
		<razingScore value='225'/>
		<mineralScore value='12110'/>
		<gasScore value='3584'/>
		<totalScore value='57309'/>
	</enemy>

	<scoreRatio value='1.5627'/>
	<timeFitness value='0.708611'/>
	<unitsAverage value='83'/>
</results>
