<results>
	<result value='draw'/>
	<start value='2015-05-07.06:19:04'/>
	<end value='2015-05-07.06:19:58'/>
	<frames value='57601'/>
	<gameDuration value='3600'/>

	<player>
		<unitScore value='39350'/>
		<killScore value='53130'/>
		<buildingScore value='3600'/>
		<razingScore value='4350'/>
		<mineralScore value='44582'/>
		<gasScore value='0'/>
		<totalScore value='145012'/>
	</player>

	<enemy>
		<race value='Zerg'/>
		<unitScore value='22500'/>
		<unitScore value='22500'/>
		<killScore value='60700'/>
		<buildingScore value='1825'/>
		<razingScore value='0'/>
		<mineralScore value='18018'/>
		<gasScore value='6888'/>
		<totalScore value='109931'/>
	</enemy>

	<scoreRatio value='1.31912'/>
	<timeFitness value='0.5'/>
	<unitsAverage value='99'/>
</results>
