<results>
	<result value='loss'/>
	<start value='2015-05-07.06:24:05'/>
	<end value='2015-05-07.06:24:21'/>
	<frames value='21454'/>
	<gameDuration value='1340'/>

	<player>
		<unitScore value='7150'/>
		<killScore value='1250'/>
		<buildingScore value='2750'/>
		<razingScore value='0'/>
		<mineralScore value='10730'/>
		<gasScore value='0'/>
		<totalScore value='21880'/>
	</player>

	<enemy>
		<race value='Zerg'/>
		<unitScore value='8700'/>
		<unitScore value='8700'/>
		<killScore value='9700'/>
		<buildingScore value='2815'/>
		<razingScore value='8250'/>
		<mineralScore value='11026'/>
		<gasScore value='3144'/>
		<totalScore value='43635'/>
	</enemy>

	<scoreRatio value='0.501432'/>
	<timeFitness value='0.186111'/>
	<unitsAverage value='49'/>
</results>
