<results>
	<result value='draw'/>
	<start value='2015-05-07.06:51:06'/>
	<end value='2015-05-07.06:52:38'/>
	<frames value='57601'/>
	<gameDuration value='3600'/>

	<player>
		<unitScore value='27650'/>
		<killScore value='34510'/>
		<buildingScore value='3700'/>
		<razingScore value='3600'/>
		<mineralScore value='50822'/>
		<gasScore value='0'/>
		<totalScore value='120282'/>
	</player>

	<enemy>
		<race value='Zerg'/>
		<unitScore value='15550'/>
		<unitScore value='15550'/>
		<killScore value='35300'/>
		<buildingScore value='1300'/>
		<razingScore value='0'/>
		<mineralScore value='12050'/>
		<gasScore value='4184'/>
		<totalScore value='68384'/>
	</enemy>

	<scoreRatio value='1.75892'/>
	<timeFitness value='0.5'/>
	<unitsAverage value='140'/>
</results>
