<results>
	<result value='win'/>
	<start value='2014-07-23.00:24:58'/>
	<end value='2014-07-23.00:25:19'/>
	<frames value='23066'/>
	<gameDuration value='1441'/>

	<player>
		<unitScore value='12775'/>
		<killScore value='19490'/>
		<buildingScore value='3375'/>
		<razingScore value='4995'/>
		<mineralScore value='23482'/>
		<gasScore value='1784'/>
		<totalScore value='65901'/>
	</player>

	<enemy>
		<race value='Zerg'/>
		<unitScore value='9000'/>
		<unitScore value='9000'/>
		<killScore value='7750'/>
		<buildingScore value='1665'/>
		<razingScore value='0'/>
		<mineralScore value='9122'/>
		<gasScore value='3024'/>
		<totalScore value='30561'/>
	</enemy>

	<scoreRatio value='2.15638'/>
</results>
