<results>
	<result value='win'/>
	<start value='2014-07-23.00:28:28'/>
	<end value='2014-07-23.00:29:12'/>
	<frames value='31746'/>
	<gameDuration value='1984'/>

	<player>
		<unitScore value='18500'/>
		<killScore value='36785'/>
		<buildingScore value='4300'/>
		<razingScore value='8070'/>
		<mineralScore value='35882'/>
		<gasScore value='3712'/>
		<totalScore value='107249'/>
	</player>

	<enemy>
		<race value='Zerg'/>
		<unitScore value='16150'/>
		<unitScore value='16150'/>
		<killScore value='13700'/>
		<buildingScore value='2690'/>
		<razingScore value='375'/>
		<mineralScore value='15874'/>
		<gasScore value='4112'/>
		<totalScore value='52901'/>
	</enemy>

	<scoreRatio value='2.02735'/>
</results>
