<results>
	<result value='win'/>
	<start value='2015-04-29.13:04:54'/>
	<end value='2015-04-29.13:05:39'/>
	<frames value='27871'/>
	<gameDuration value='1741'/>

	<player>
		<unitScore value='16775'/>
		<killScore value='18950'/>
		<buildingScore value='3875'/>
		<razingScore value='15675'/>
		<mineralScore value='22086'/>
		<gasScore value='2184'/>
		<totalScore value='79545'/>
	</player>

	<enemy>
		<race value='Protoss'/>
		<unitScore value='10975'/>
		<unitScore value='10975'/>
		<killScore value='13600'/>
		<buildingScore value='5225'/>
		<razingScore value='150'/>
		<mineralScore value='12354'/>
		<gasScore value='2896'/>
		<totalScore value='45200'/>
	</enemy>

	<scoreRatio value='1.75985'/>
	<timeFitness value='0.758194'/>
	<unitsAverage value='89'/>
</results>
