<results>
	<result value='win'/>
	<start value='2015-04-29.13:05:44'/>
	<end value='2015-04-29.13:06:37'/>
	<frames value='32397'/>
	<gameDuration value='2024'/>

	<player>
		<unitScore value='18825'/>
		<killScore value='14850'/>
		<buildingScore value='4175'/>
		<razingScore value='14325'/>
		<mineralScore value='23426'/>
		<gasScore value='3632'/>
		<totalScore value='79233'/>
	</player>

	<enemy>
		<race value='Protoss'/>
		<unitScore value='8475'/>
		<unitScore value='8475'/>
		<killScore value='15350'/>
		<buildingScore value='4775'/>
		<razingScore value='1350'/>
		<mineralScore value='10994'/>
		<gasScore value='2176'/>
		<totalScore value='43120'/>
	</enemy>

	<scoreRatio value='1.8375'/>
	<timeFitness value='0.718889'/>
	<unitsAverage value='94'/>
</results>
