<results>
	<result value='draw'/>
	<start value='2015-04-29.13:23:54'/>
	<end value='2015-04-29.13:26:06'/>
	<frames value='57601'/>
	<gameDuration value='3600'/>

	<player>
		<unitScore value='32850'/>
		<killScore value='52250'/>
		<buildingScore value='3450'/>
		<razingScore value='4050'/>
		<mineralScore value='32318'/>
		<gasScore value='7584'/>
		<totalScore value='132502'/>
	</player>

	<enemy>
		<race value='Protoss'/>
		<unitScore value='34350'/>
		<unitScore value='34350'/>
		<killScore value='57200'/>
		<buildingScore value='6775'/>
		<razingScore value='150'/>
		<mineralScore value='28470'/>
		<gasScore value='11714'/>
		<totalScore value='138659'/>
	</enemy>

	<scoreRatio value='0.955596'/>
	<timeFitness value='0.5'/>
	<unitsAverage value='124'/>
</results>
