<results>
	<result value='win'/>
	<start value='2015-04-14.03:25:07'/>
	<end value='2015-04-14.03:26:27'/>
	<frames value='39248'/>
	<gameDuration value='2453'/>

	<player>
		<unitScore value='28300'/>
		<killScore value='34900'/>
		<buildingScore value='4300'/>
		<razingScore value='21225'/>
		<mineralScore value='30586'/>
		<gasScore value='3976'/>
		<totalScore value='123287'/>
	</player>

	<enemy>
		<race value='Protoss'/>
		<unitScore value='19750'/>
		<unitScore value='19750'/>
		<killScore value='32250'/>
		<buildingScore value='7075'/>
		<razingScore value='1500'/>
		<mineralScore value='20514'/>
		<gasScore value='7952'/>
		<totalScore value='89041'/>
	</enemy>

	<scoreRatio value='1.38461'/>
</results>
