<results>
	<result value='win'/>
	<start value='2015-05-04.20:08:42'/>
	<end value='2015-05-04.20:10:37'/>
	<frames value='53849'/>
	<gameDuration value='3365'/>

	<player>
		<unitScore value='22000'/>
		<killScore value='39700'/>
		<buildingScore value='4650'/>
		<razingScore value='13800'/>
		<mineralScore value='43374'/>
		<gasScore value='7406'/>
		<totalScore value='130930'/>
	</player>

	<enemy>
		<race value='Terran'/>
		<unitScore value='20825'/>
		<unitScore value='20825'/>
		<killScore value='18300'/>
		<buildingScore value='4675'/>
		<razingScore value='450'/>
		<mineralScore value='19482'/>
		<gasScore value='7168'/>
		<totalScore value='70900'/>
	</enemy>

	<scoreRatio value='1.84669'/>
	<timeFitness value='0.532639'/>
	<unitsAverage value='143'/>
</results>
