<results>
	<result value='win'/>
	<start value='2015-05-08.06:00:07'/>
	<end value='2015-05-08.06:00:20'/>
	<frames value='19470'/>
	<gameDuration value='1216'/>

	<player>
		<unitScore value='7350'/>
		<killScore value='11000'/>
		<buildingScore value='2900'/>
		<razingScore value='4650'/>
		<mineralScore value='12378'/>
		<gasScore value='1976'/>
		<totalScore value='40254'/>
	</player>

	<enemy>
		<race value='Terran'/>
		<unitScore value='5500'/>
		<unitScore value='5500'/>
		<killScore value='3200'/>
		<buildingScore value='1550'/>
		<razingScore value='1350'/>
		<mineralScore value='8514'/>
		<gasScore value='1928'/>
		<totalScore value='22042'/>
	</enemy>

	<scoreRatio value='1.82624'/>
	<timeFitness value='0.831111'/>
	<unitsAverage value='54'/>
</results>
