<results>
	<result value='draw'/>
	<start value='2015-05-04.20:19:55'/>
	<end value='2015-05-04.20:21:11'/>
	<frames value='57601'/>
	<gameDuration value='3600'/>

	<player>
		<unitScore value='34350'/>
		<killScore value='52300'/>
		<buildingScore value='3900'/>
		<razingScore value='5700'/>
		<mineralScore value='36254'/>
		<gasScore value='4088'/>
		<totalScore value='136592'/>
	</player>

	<enemy>
		<race value='Terran'/>
		<unitScore value='36350'/>
		<unitScore value='36350'/>
		<killScore value='53000'/>
		<buildingScore value='5925'/>
		<razingScore value='4125'/>
		<mineralScore value='25010'/>
		<gasScore value='15590'/>
		<totalScore value='140000'/>
	</enemy>

	<scoreRatio value='0.975657'/>
	<timeFitness value='0.5'/>
	<unitsAverage value='87'/>
</results>
