<results>
	<result value='win'/>
	<start value='2015-05-04.20:24:40'/>
	<end value='2015-05-04.20:25:19'/>
	<frames value='30506'/>
	<gameDuration value='1906'/>

	<player>
		<unitScore value='14125'/>
		<killScore value='24950'/>
		<buildingScore value='4225'/>
		<razingScore value='11100'/>
		<mineralScore value='26866'/>
		<gasScore value='2760'/>
		<totalScore value='84026'/>
	</player>

	<enemy>
		<race value='Terran'/>
		<unitScore value='14875'/>
		<unitScore value='14875'/>
		<killScore value='9950'/>
		<buildingScore value='3700'/>
		<razingScore value='3150'/>
		<mineralScore value='13106'/>
		<gasScore value='6152'/>
		<totalScore value='50933'/>
	</enemy>

	<scoreRatio value='1.64974'/>
	<timeFitness value='0.735278'/>
	<unitsAverage value='84'/>
</results>
