<results>
	<result value='loss'/>
	<start value='2015-05-08.06:08:37'/>
	<end value='2015-05-08.06:08:48'/>
	<frames value='20896'/>
	<gameDuration value='1306'/>

	<player>
		<unitScore value='6700'/>
		<killScore value='2450'/>
		<buildingScore value='1625'/>
		<razingScore value='0'/>
		<mineralScore value='8138'/>
		<gasScore value='1536'/>
		<totalScore value='20449'/>
	</player>

	<enemy>
		<race value='Terran'/>
		<unitScore value='8275'/>
		<unitScore value='8275'/>
		<killScore value='13400'/>
		<buildingScore value='2925'/>
		<razingScore value='4875'/>
		<mineralScore value='9962'/>
		<gasScore value='3800'/>
		<totalScore value='43237'/>
	</enemy>

	<scoreRatio value='0.472951'/>
	<timeFitness value='0.181389'/>
	<unitsAverage value='33'/>
</results>
