<results>
	<result value='loss'/>
	<start value='2015-05-04.20:31:36'/>
	<end value='2015-05-04.20:32:30'/>
	<frames value='49788'/>
	<gameDuration value='3111'/>

	<player>
		<unitScore value='18125'/>
		<killScore value='11600'/>
		<buildingScore value='3150'/>
		<razingScore value='0'/>
		<mineralScore value='21730'/>
		<gasScore value='2408'/>
		<totalScore value='57013'/>
	</player>

	<enemy>
		<race value='Terran'/>
		<unitScore value='32400'/>
		<unitScore value='32400'/>
		<killScore value='36250'/>
		<buildingScore value='6075'/>
		<razingScore value='9600'/>
		<mineralScore value='26890'/>
		<gasScore value='15696'/>
		<totalScore value='126911'/>
	</enemy>

	<scoreRatio value='0.449236'/>
	<timeFitness value='0.432083'/>
	<unitsAverage value='56'/>
</results>
