<results>
	<result value='win'/>
	<start value='2015-04-28.18:29:15'/>
	<end value='2015-04-28.18:29:51'/>
	<frames value='26073'/>
	<gameDuration value='1629'/>

	<player>
		<unitScore value='17725'/>
		<killScore value='24435'/>
		<buildingScore value='4400'/>
		<razingScore value='4800'/>
		<mineralScore value='24262'/>
		<gasScore value='2480'/>
		<totalScore value='78102'/>
	</player>

	<enemy>
		<race value='Zerg'/>
		<unitScore value='11000'/>
		<unitScore value='11000'/>
		<killScore value='15000'/>
		<buildingScore value='1600'/>
		<razingScore value='0'/>
		<mineralScore value='9938'/>
		<gasScore value='2816'/>
		<totalScore value='40354'/>
	</enemy>

	<scoreRatio value='1.93542'/>
</results>
