<results>
	<result value='win'/>
	<start value='2015-04-28.18:39:58'/>
	<end value='2015-04-28.18:40:40'/>
	<frames value='30661'/>
	<gameDuration value='1916'/>

	<player>
		<unitScore value='15375'/>
		<killScore value='24200'/>
		<buildingScore value='3475'/>
		<razingScore value='8355'/>
		<mineralScore value='24950'/>
		<gasScore value='1952'/>
		<totalScore value='78307'/>
	</player>

	<enemy>
		<race value='Zerg'/>
		<unitScore value='10950'/>
		<unitScore value='10950'/>
		<killScore value='11250'/>
		<buildingScore value='2785'/>
		<razingScore value='0'/>
		<mineralScore value='12162'/>
		<gasScore value='3592'/>
		<totalScore value='40739'/>
	</enemy>

	<scoreRatio value='1.92216'/>
</results>
