<results>
	<result value='loss'/>
	<start value='2014-07-23.21:45:46'/>
	<end value='2014-07-23.21:45:54'/>
	<frames value='16122'/>
	<gameDuration value='1007'/>

	<player>
		<unitScore value='4175'/>
		<killScore value='1100'/>
		<buildingScore value='1500'/>
		<razingScore value='0'/>
		<mineralScore value='5698'/>
		<gasScore value='696'/>
		<totalScore value='13169'/>
	</player>

	<enemy>
		<race value='Terran'/>
		<unitScore value='5450'/>
		<unitScore value='5450'/>
		<killScore value='8350'/>
		<buildingScore value='1900'/>
		<razingScore value='4500'/>
		<mineralScore value='7338'/>
		<gasScore value='2392'/>
		<totalScore value='29930'/>
	</enemy>

	<scoreRatio value='0.439993'/>
</results>
