<results>
	<result value='loss'/>
	<start value='2015-04-30.06:51:42'/>
	<end value='2015-04-30.06:51:56'/>
	<frames value='21175'/>
	<gameDuration value='1323'/>

	<player>
		<unitScore value='7225'/>
		<killScore value='3650'/>
		<buildingScore value='2175'/>
		<razingScore value='0'/>
		<mineralScore value='9738'/>
		<gasScore value='1208'/>
		<totalScore value='23996'/>
	</player>

	<enemy>
		<race value='Terran'/>
		<unitScore value='8450'/>
		<unitScore value='8450'/>
		<killScore value='14450'/>
		<buildingScore value='3175'/>
		<razingScore value='6525'/>
		<mineralScore value='10098'/>
		<gasScore value='4192'/>
		<totalScore value='46890'/>
	</enemy>

	<scoreRatio value='0.511751'/>
	<timeFitness value='0.18375'/>
	<unitsAverage value='36'/>
</results>
