<results>
	<result value='win'/>
	<start value='2015-05-04.20:47:08'/>
	<end value='2015-05-04.20:47:35'/>
	<frames value='27127'/>
	<gameDuration value='1695'/>

	<player>
		<unitScore value='16650'/>
		<killScore value='14850'/>
		<buildingScore value='3875'/>
		<razingScore value='15075'/>
		<mineralScore value='24274'/>
		<gasScore value='2608'/>
		<totalScore value='77332'/>
	</player>

	<enemy>
		<race value='Protoss'/>
		<unitScore value='8075'/>
		<unitScore value='8075'/>
		<killScore value='12550'/>
		<buildingScore value='5025'/>
		<razingScore value='0'/>
		<mineralScore value='13306'/>
		<gasScore value='2272'/>
		<totalScore value='41228'/>
	</enemy>

	<scoreRatio value='1.87572'/>
	<timeFitness value='0.764583'/>
	<unitsAverage value='96'/>
</results>
