<results>
	<result value='win'/>
	<start value='2015-05-04.20:49:03'/>
	<end value='2015-05-04.20:49:39'/>
	<frames value='33048'/>
	<gameDuration value='2065'/>

	<player>
		<unitScore value='24350'/>
		<killScore value='26350'/>
		<buildingScore value='4550'/>
		<razingScore value='17250'/>
		<mineralScore value='29614'/>
		<gasScore value='3360'/>
		<totalScore value='105474'/>
	</player>

	<enemy>
		<race value='Protoss'/>
		<unitScore value='13525'/>
		<unitScore value='13525'/>
		<killScore value='25750'/>
		<buildingScore value='5750'/>
		<razingScore value='450'/>
		<mineralScore value='16202'/>
		<gasScore value='3912'/>
		<totalScore value='65589'/>
	</enemy>

	<scoreRatio value='1.60811'/>
	<timeFitness value='0.713194'/>
	<unitsAverage value='105'/>
</results>
