<results>
	<result value='loss'/>
	<start value='2015-05-04.20:58:33'/>
	<end value='2015-05-04.20:58:42'/>
	<frames value='17703'/>
	<gameDuration value='1106'/>

	<player>
		<unitScore value='2875'/>
		<killScore value='1800'/>
		<buildingScore value='1475'/>
		<razingScore value='0'/>
		<mineralScore value='4442'/>
		<gasScore value='752'/>
		<totalScore value='11344'/>
	</player>

	<enemy>
		<race value='Protoss'/>
		<unitScore value='3700'/>
		<unitScore value='3700'/>
		<killScore value='5750'/>
		<buildingScore value='4175'/>
		<razingScore value='4425'/>
		<mineralScore value='9690'/>
		<gasScore value='1792'/>
		<totalScore value='29532'/>
	</enemy>

	<scoreRatio value='0.384126'/>
	<timeFitness value='0.153611'/>
	<unitsAverage value='20'/>
</results>
