<results>
	<result value='loss'/>
	<start value='2015-05-04.21:02:23'/>
	<end value='2015-05-04.21:02:30'/>
	<frames value='15316'/>
	<gameDuration value='957'/>

	<player>
		<unitScore value='4500'/>
		<killScore value='1000'/>
		<buildingScore value='1350'/>
		<razingScore value='0'/>
		<mineralScore value='5818'/>
		<gasScore value='0'/>
		<totalScore value='12668'/>
	</player>

	<enemy>
		<race value='Protoss'/>
		<unitScore value='3550'/>
		<unitScore value='3550'/>
		<killScore value='9000'/>
		<buildingScore value='2975'/>
		<razingScore value='4050'/>
		<mineralScore value='7834'/>
		<gasScore value='1416'/>
		<totalScore value='28825'/>
	</enemy>

	<scoreRatio value='0.43948'/>
	<timeFitness value='0.132917'/>
	<unitsAverage value='27'/>
</results>
