<results>
	<result value='loss'/>
	<start value='2015-05-04.21:07:27'/>
	<end value='2015-05-04.21:07:35'/>
	<frames value='16711'/>
	<gameDuration value='1044'/>

	<player>
		<unitScore value='4850'/>
		<killScore value='1000'/>
		<buildingScore value='1475'/>
		<razingScore value='0'/>
		<mineralScore value='6098'/>
		<gasScore value='608'/>
		<totalScore value='14031'/>
	</player>

	<enemy>
		<race value='Protoss'/>
		<unitScore value='3875'/>
		<unitScore value='3875'/>
		<killScore value='9450'/>
		<buildingScore value='3375'/>
		<razingScore value='4425'/>
		<mineralScore value='8722'/>
		<gasScore value='1960'/>
		<totalScore value='31807'/>
	</enemy>

	<scoreRatio value='0.441129'/>
	<timeFitness value='0.145'/>
	<unitsAverage value='27'/>
</results>
