<results>
	<result value='loss'/>
	<start value='2015-05-04.21:09:48'/>
	<end value='2015-05-04.21:10:30'/>
	<frames value='49447'/>
	<gameDuration value='3090'/>

	<player>
		<unitScore value='23050'/>
		<killScore value='46550'/>
		<buildingScore value='2225'/>
		<razingScore value='2325'/>
		<mineralScore value='24034'/>
		<gasScore value='4480'/>
		<totalScore value='102664'/>
	</player>

	<enemy>
		<race value='Protoss'/>
		<unitScore value='41000'/>
		<unitScore value='41000'/>
		<killScore value='46100'/>
		<buildingScore value='7925'/>
		<razingScore value='6675'/>
		<mineralScore value='34930'/>
		<gasScore value='12546'/>
		<totalScore value='149176'/>
	</enemy>

	<scoreRatio value='0.688207'/>
	<timeFitness value='0.429167'/>
	<unitsAverage value='73'/>
</results>
