<results>
	<result value='win'/>
	<start value='2015-05-04.21:13:24'/>
	<end value='2015-05-04.21:14:24'/>
	<frames value='52175'/>
	<gameDuration value='3260'/>

	<player>
		<unitScore value='31875'/>
		<killScore value='55750'/>
		<buildingScore value='3225'/>
		<razingScore value='20250'/>
		<mineralScore value='33526'/>
		<gasScore value='6184'/>
		<totalScore value='150810'/>
	</player>

	<enemy>
		<race value='Protoss'/>
		<unitScore value='30600'/>
		<unitScore value='30600'/>
		<killScore value='58400'/>
		<buildingScore value='6750'/>
		<razingScore value='4425'/>
		<mineralScore value='28986'/>
		<gasScore value='8274'/>
		<totalScore value='137435'/>
	</enemy>

	<scoreRatio value='1.09732'/>
	<timeFitness value='0.547222'/>
	<unitsAverage value='114'/>
</results>
