<results>
	<result value='win'/>
	<start value='2014-07-23.21:39:28'/>
	<end value='2014-07-23.21:39:50'/>
	<frames value='25484'/>
	<gameDuration value='1592'/>

	<player>
		<unitScore value='12925'/>
		<killScore value='22650'/>
		<buildingScore value='3425'/>
		<razingScore value='9000'/>
		<mineralScore value='24434'/>
		<gasScore value='2040'/>
		<totalScore value='74474'/>
	</player>

	<enemy>
		<race value='Terran'/>
		<unitScore value='11325'/>
		<unitScore value='11325'/>
		<killScore value='8750'/>
		<buildingScore value='3000'/>
		<razingScore value='150'/>
		<mineralScore value='10682'/>
		<gasScore value='4360'/>
		<totalScore value='38267'/>
	</enemy>

	<scoreRatio value='1.94617'/>
</results>
