<results>
	<result value='loss'/>
	<start value='2015-04-28.22:38:08'/>
	<end value='2015-04-28.22:38:12'/>
	<frames value='7938'/>
	<gameDuration value='496'/>

	<player>
		<unitScore value='1050'/>
		<killScore value='100'/>
		<buildingScore value='700'/>
		<razingScore value='0'/>
		<mineralScore value='1490'/>
		<gasScore value='48'/>
		<totalScore value='3388'/>
	</player>

	<enemy>
		<race value='Zerg'/>
		<unitScore value='1300'/>
		<unitScore value='1300'/>
		<killScore value='2100'/>
		<buildingScore value='480'/>
		<razingScore value='2100'/>
		<mineralScore value='2058'/>
		<gasScore value='56'/>
		<totalScore value='8094'/>
	</enemy>

	<scoreRatio value='0.418582'/>
</results>
