<results>
	<result value='draw'/>
	<start value='2015-07-18.04:41:55'/>
	<end value='2015-07-18.04:44:13'/>
	<frames value='57601'/>
	<gameDuration value='3600'/>

	<player>
		<unitScore value='28800'/>
		<killScore value='12400'/>
		<buildingScore value='3825'/>
		<razingScore value='0'/>
		<mineralScore value='24898'/>
		<gasScore value='5584'/>
		<totalScore value='75507'/>
	</player>

	<enemy>
		<race value='Terran'/>
		<unitScore value='25650'/>
		<killScore value='48200'/>
		<buildingScore value='4550'/>
		<razingScore value='6975'/>
		<mineralScore value='19550'/>
		<gasScore value='12362'/>
		<totalScore value='117287'/>
	</enemy>

	<scoreRatio value='0.64378'/>
	<timeFitness value='0.5'/>
	<unitsAverage value='87'/>
</results>
