<results>
	<result value='loss'/>
	<start value='2015-07-18.04:50:25'/>
	<end value='2015-07-18.04:50:53'/>
	<frames value='24213'/>
	<gameDuration value='1513'/>

	<player>
		<unitScore value='11550'/>
		<killScore value='4000'/>
		<buildingScore value='2775'/>
		<razingScore value='0'/>
		<mineralScore value='12618'/>
		<gasScore value='2096'/>
		<totalScore value='33039'/>
	</player>

	<enemy>
		<race value='Terran'/>
		<unitScore value='9875'/>
		<killScore value='23100'/>
		<buildingScore value='3900'/>
		<razingScore value='8325'/>
		<mineralScore value='12010'/>
		<gasScore value='5400'/>
		<totalScore value='62610'/>
	</enemy>

	<scoreRatio value='0.527695'/>
	<timeFitness value='0.210139'/>
	<unitsAverage value='39'/>
</results>
