<results>
	<result value='loss'/>
	<start value='2014-07-24.01:12:03'/>
	<end value='2014-07-24.01:12:41'/>
	<frames value='54996'/>
	<gameDuration value='3437'/>

	<player>
		<unitScore value='23450'/>
		<killScore value='24250'/>
		<buildingScore value='4375'/>
		<razingScore value='225'/>
		<mineralScore value='24926'/>
		<gasScore value='3192'/>
		<totalScore value='80418'/>
	</player>

	<enemy>
		<race value='Terran'/>
		<unitScore value='38525'/>
		<unitScore value='38525'/>
		<killScore value='46900'/>
		<buildingScore value='4800'/>
		<razingScore value='13350'/>
		<mineralScore value='24770'/>
		<gasScore value='16516'/>
		<totalScore value='144861'/>
	</enemy>

	<scoreRatio value='0.555139'/>
</results>
