<results>
	<result value='loss'/>
	<start value='2014-07-24.01:13:47'/>
	<end value='2014-07-24.01:14:12'/>
	<frames value='39496'/>
	<gameDuration value='2468'/>

	<player>
		<unitScore value='11400'/>
		<killScore value='9600'/>
		<buildingScore value='3275'/>
		<razingScore value='0'/>
		<mineralScore value='14622'/>
		<gasScore value='2080'/>
		<totalScore value='40977'/>
	</player>

	<enemy>
		<race value='Terran'/>
		<unitScore value='23275'/>
		<unitScore value='23275'/>
		<killScore value='22800'/>
		<buildingScore value='5175'/>
		<razingScore value='9825'/>
		<mineralScore value='21018'/>
		<gasScore value='12500'/>
		<totalScore value='94593'/>
	</enemy>

	<scoreRatio value='0.433193'/>
</results>
