<results>
	<result value='loss'/>
	<start value='2014-07-24.01:15:35'/>
	<end value='2014-07-24.01:16:05'/>
	<frames value='50036'/>
	<gameDuration value='3127'/>

	<player>
		<unitScore value='19050'/>
		<killScore value='18700'/>
		<buildingScore value='3625'/>
		<razingScore value='300'/>
		<mineralScore value='20954'/>
		<gasScore value='4280'/>
		<totalScore value='66909'/>
	</player>

	<enemy>
		<race value='Terran'/>
		<unitScore value='23325'/>
		<unitScore value='23325'/>
		<killScore value='38100'/>
		<buildingScore value='4225'/>
		<razingScore value='10875'/>
		<mineralScore value='19550'/>
		<gasScore value='11576'/>
		<totalScore value='107651'/>
	</enemy>

	<scoreRatio value='0.621536'/>
</results>
