<results>
	<result value='loss'/>
	<start value='2015-04-13.13:58:48'/>
	<end value='2015-04-13.13:58:55'/>
	<frames value='15936'/>
	<gameDuration value='996'/>

	<player>
		<unitScore value='2550'/>
		<killScore value='1600'/>
		<buildingScore value='1025'/>
		<razingScore value='0'/>
		<mineralScore value='3978'/>
		<gasScore value='696'/>
		<totalScore value='9849'/>
	</player>

	<enemy>
		<race value='Protoss'/>
		<unitScore value='3550'/>
		<unitScore value='3550'/>
		<killScore value='5100'/>
		<buildingScore value='3125'/>
		<razingScore value='3075'/>
		<mineralScore value='8002'/>
		<gasScore value='1712'/>
		<totalScore value='24564'/>
	</enemy>

	<scoreRatio value='0.400953'/>
</results>
