<results>
	<result value='loss'/>
	<start value='2015-04-08.02:09:54'/>
	<end value='2015-04-08.02:10:01'/>
	<frames value='15285'/>
	<gameDuration value='955'/>

	<player>
		<unitScore value='3075'/>
		<killScore value='800'/>
		<buildingScore value='1525'/>
		<razingScore value='0'/>
		<mineralScore value='4578'/>
		<gasScore value='328'/>
		<totalScore value='10306'/>
	</player>

	<enemy>
		<race value='Protoss'/>
		<unitScore value='3550'/>
		<unitScore value='3550'/>
		<killScore value='6150'/>
		<buildingScore value='2925'/>
		<razingScore value='4575'/>
		<mineralScore value='7850'/>
		<gasScore value='1416'/>
		<totalScore value='26466'/>
	</enemy>

	<scoreRatio value='0.389405'/>
</results>
