<results>
	<result value='win'/>
	<start value='2015-04-29.08:13:29'/>
	<end value='2015-04-29.08:14:18'/>
	<frames value='45851'/>
	<gameDuration value='2865'/>

	<player>
		<unitScore value='27700'/>
		<killScore value='49550'/>
		<buildingScore value='4400'/>
		<razingScore value='21525'/>
		<mineralScore value='35414'/>
		<gasScore value='4368'/>
		<totalScore value='142957'/>
	</player>

	<enemy>
		<race value='Protoss'/>
		<unitScore value='26050'/>
		<unitScore value='26050'/>
		<killScore value='32200'/>
		<buildingScore value='7175'/>
		<razingScore value='525'/>
		<mineralScore value='25310'/>
		<gasScore value='8016'/>
		<totalScore value='99276'/>
	</enemy>

	<scoreRatio value='1.44'/>
	<timeFitness value='0.602083'/>
	<unitsAverage value='120'/>
</results>
