<results>
	<result value='win'/>
	<start value='2015-04-27.13:33:01'/>
	<end value='2015-04-27.13:33:36'/>
	<frames value='47308'/>
	<gameDuration value='2956'/>

	<player>
		<unitScore value='29950'/>
		<killScore value='24400'/>
		<buildingScore value='5650'/>
		<razingScore value='10950'/>
		<mineralScore value='36382'/>
		<gasScore value='6128'/>
		<totalScore value='113460'/>
	</player>

	<enemy>
		<race value='Terran'/>
		<unitScore value='12200'/>
		<unitScore value='12200'/>
		<killScore value='39900'/>
		<buildingScore value='3650'/>
		<razingScore value='3525'/>
		<mineralScore value='12050'/>
		<gasScore value='5732'/>
		<totalScore value='77057'/>
	</enemy>

	<scoreRatio value='1.47242'/>
</results>
