<results>
	<result value='win'/>
	<start value='2015-05-08.23:59:24'/>
	<end value='2015-05-08.23:59:52'/>
	<frames value='26972'/>
	<gameDuration value='1685'/>

	<player>
		<unitScore value='13725'/>
		<killScore value='20900'/>
		<buildingScore value='4300'/>
		<razingScore value='8550'/>
		<mineralScore value='21690'/>
		<gasScore value='2768'/>
		<totalScore value='71933'/>
	</player>

	<enemy>
		<race value='Terran'/>
		<unitScore value='10750'/>
		<unitScore value='10750'/>
		<killScore value='8350'/>
		<buildingScore value='2850'/>
		<razingScore value='150'/>
		<mineralScore value='10490'/>
		<gasScore value='3824'/>
		<totalScore value='36414'/>
	</enemy>

	<scoreRatio value='1.97542'/>
	<timeFitness value='0.765972'/>
	<unitsAverage value='81'/>
</results>
