<results>
	<result value='loss'/>
	<start value='2015-07-18.01:08:02'/>
	<end value='2015-07-18.01:08:23'/>
	<frames value='21702'/>
	<gameDuration value='1356'/>

	<player>
		<unitScore value='4850'/>
		<killScore value='6750'/>
		<buildingScore value='2525'/>
		<razingScore value='3000'/>
		<mineralScore value='7346'/>
		<gasScore value='776'/>
		<totalScore value='25247'/>
	</player>

	<enemy>
		<race value='Terran'/>
		<unitScore value='3675'/>
		<killScore value='8250'/>
		<buildingScore value='1200'/>
		<razingScore value='7575'/>
		<mineralScore value='4826'/>
		<gasScore value='1312'/>
		<totalScore value='26838'/>
	</enemy>

	<scoreRatio value='0.940718'/>
	<timeFitness value='0.188333'/>
	<unitsAverage value='28'/>
</results>
