<results>
	<result value='loss'/>
	<start value='2015-04-28.01:27:42'/>
	<end value='2015-04-28.01:27:56'/>
	<frames value='18509'/>
	<gameDuration value='1156'/>

	<player>
		<unitScore value='3900'/>
		<killScore value='1000'/>
		<buildingScore value='2075'/>
		<razingScore value='0'/>
		<mineralScore value='6738'/>
		<gasScore value='856'/>
		<totalScore value='14569'/>
	</player>

	<enemy>
		<race value='Protoss'/>
		<unitScore value='5275'/>
		<unitScore value='5275'/>
		<killScore value='7550'/>
		<buildingScore value='4275'/>
		<razingScore value='6225'/>
		<mineralScore value='9722'/>
		<gasScore value='2712'/>
		<totalScore value='35759'/>
	</enemy>

	<scoreRatio value='0.407422'/>
</results>
