<results>
	<result value='win'/>
	<start value='2014-07-24.02:57:28'/>
	<end value='2014-07-24.02:57:50'/>
	<frames value='30630'/>
	<gameDuration value='1914'/>

	<player>
		<unitScore value='15100'/>
		<killScore value='29950'/>
		<buildingScore value='3800'/>
		<razingScore value='11325'/>
		<mineralScore value='18330'/>
		<gasScore value='2256'/>
		<totalScore value='80761'/>
	</player>

	<enemy>
		<race value='Terran'/>
		<unitScore value='15775'/>
		<unitScore value='15775'/>
		<killScore value='11100'/>
		<buildingScore value='3775'/>
		<razingScore value='3300'/>
		<mineralScore value='12946'/>
		<gasScore value='6024'/>
		<totalScore value='52920'/>
	</enemy>

	<scoreRatio value='1.5261'/>
</results>
