<results>
	<result value='loss'/>
	<start value='2015-03-31.10:45:43'/>
	<end value='2015-03-31.10:46:17'/>
	<frames value='41139'/>
	<gameDuration value='2571'/>

	<player>
		<unitScore value='15700'/>
		<killScore value='22200'/>
		<buildingScore value='2000'/>
		<razingScore value='5250'/>
		<mineralScore value='16242'/>
		<gasScore value='4712'/>
		<totalScore value='66104'/>
	</player>

	<enemy>
		<race value='Protoss'/>
		<unitScore value='22100'/>
		<unitScore value='22100'/>
		<killScore value='31300'/>
		<buildingScore value='8625'/>
		<razingScore value='6000'/>
		<mineralScore value='28010'/>
		<gasScore value='7350'/>
		<totalScore value='103385'/>
	</enemy>

	<scoreRatio value='0.639396'/>
</results>
