<results>
	<result value='win'/>
	<start value='2015-05-11.14:53:27'/>
	<end value='2015-05-11.14:53:49'/>
	<frames value='25670'/>
	<gameDuration value='1604'/>

	<player>
		<unitScore value='13650'/>
		<killScore value='23460'/>
		<buildingScore value='3825'/>
		<razingScore value='4635'/>
		<mineralScore value='18578'/>
		<gasScore value='1872'/>
		<totalScore value='66020'/>
	</player>

	<enemy>
		<race value='Zerg'/>
		<unitScore value='10600'/>
		<unitScore value='10600'/>
		<killScore value='10100'/>
		<buildingScore value='1545'/>
		<razingScore value='0'/>
		<mineralScore value='9522'/>
		<gasScore value='2536'/>
		<totalScore value='34303'/>
	</enemy>

	<scoreRatio value='1.92461'/>
	<timeFitness value='0.777222'/>
	<unitsAverage value='80'/>
</results>
