<results>
	<result value='win'/>
	<start value='2015-05-10.06:24:37'/>
	<end value='2015-05-10.06:25:03'/>
	<frames value='27995'/>
	<gameDuration value='1749'/>

	<player>
		<unitScore value='13400'/>
		<killScore value='29830'/>
		<buildingScore value='4450'/>
		<razingScore value='6135'/>
		<mineralScore value='21130'/>
		<gasScore value='2264'/>
		<totalScore value='77209'/>
	</player>

	<enemy>
		<race value='Zerg'/>
		<unitScore value='12800'/>
		<unitScore value='12800'/>
		<killScore value='11000'/>
		<buildingScore value='2045'/>
		<razingScore value='0'/>
		<mineralScore value='11710'/>
		<gasScore value='3616'/>
		<totalScore value='41171'/>
	</enemy>

	<scoreRatio value='1.87532'/>
	<timeFitness value='0.757083'/>
	<unitsAverage value='76'/>
</results>
