<results>
	<result value='loss'/>
	<start value='2014-07-23.19:40:45'/>
	<end value='2014-07-23.19:41:25'/>
	<frames value='48486'/>
	<gameDuration value='3030'/>

	<player>
		<unitScore value='22950'/>
		<killScore value='35200'/>
		<buildingScore value='2775'/>
		<razingScore value='2550'/>
		<mineralScore value='24042'/>
		<gasScore value='3616'/>
		<totalScore value='91133'/>
	</player>

	<enemy>
		<race value='Protoss'/>
		<unitScore value='36950'/>
		<unitScore value='36950'/>
		<killScore value='45900'/>
		<buildingScore value='8025'/>
		<razingScore value='8325'/>
		<mineralScore value='33970'/>
		<gasScore value='11338'/>
		<totalScore value='144508'/>
	</enemy>

	<scoreRatio value='0.630643'/>
</results>
