<results>
	<result value='loss'/>
	<start value='2015-05-04.08:56:16'/>
	<end value='2015-05-04.08:56:34'/>
	<frames value='27685'/>
	<gameDuration value='1730'/>

	<player>
		<unitScore value='5450'/>
		<killScore value='2900'/>
		<buildingScore value='1775'/>
		<razingScore value='0'/>
		<mineralScore value='7938'/>
		<gasScore value='1192'/>
		<totalScore value='19255'/>
	</player>

	<enemy>
		<race value='Protoss'/>
		<unitScore value='13200'/>
		<unitScore value='13200'/>
		<killScore value='10900'/>
		<buildingScore value='5975'/>
		<razingScore value='5325'/>
		<mineralScore value='16734'/>
		<gasScore value='6144'/>
		<totalScore value='58278'/>
	</enemy>

	<scoreRatio value='0.330399'/>
	<timeFitness value='0.240278'/>
	<unitsAverage value='27'/>
</results>
