<results>
	<result value='win'/>
	<start value='2014-07-12.19:41:43'/>
	<end value='2014-07-12.19:42:28'/>
	<frames value='45789'/>
	<gameDuration value='2861'/>

	<player>
		<unitScore value='24075'/>
		<killScore value='40000'/>
		<buildingScore value='5125'/>
		<razingScore value='14100'/>
		<mineralScore value='39194'/>
		<gasScore value='5832'/>
		<totalScore value='128326'/>
	</player>

	<enemy>
		<race value='Terran'/>
		<unitScore value='25450'/>
		<unitScore value='25450'/>
		<killScore value='24450'/>
		<buildingScore value='4700'/>
		<razingScore value='5250'/>
		<mineralScore value='19378'/>
		<gasScore value='10686'/>
		<totalScore value='89914'/>
	</enemy>

	<scoreRatio value='1.42721'/>
</results>
