<results>
	<result value='win'/>
	<start value='2015-04-10.19:44:08'/>
	<end value='2015-04-10.19:44:34'/>
	<frames value='25732'/>
	<gameDuration value='1608'/>

	<player>
		<unitScore value='7700'/>
		<killScore value='11000'/>
		<buildingScore value='2075'/>
		<razingScore value='10125'/>
		<mineralScore value='11418'/>
		<gasScore value='1488'/>
		<totalScore value='43806'/>
	</player>

	<enemy>
		<race value='Protoss'/>
		<unitScore value='5500'/>
		<unitScore value='5500'/>
		<killScore value='6100'/>
		<buildingScore value='3375'/>
		<razingScore value='150'/>
		<mineralScore value='9778'/>
		<gasScore value='1472'/>
		<totalScore value='26375'/>
	</enemy>

	<scoreRatio value='1.66089'/>
</results>
