<results>
	<result value='loss'/>
	<start value='2015-07-19.16:08:35'/>
	<end value='2015-07-19.16:09:21'/>
	<frames value='30010'/>
	<gameDuration value='1875'/>

	<player>
		<unitScore value='13250'/>
		<killScore value='8700'/>
		<buildingScore value='3125'/>
		<razingScore value='0'/>
		<mineralScore value='16642'/>
		<gasScore value='1568'/>
		<totalScore value='43285'/>
	</player>

	<enemy>
		<race value='Zerg'/>
		<unitScore value='16325'/>
		<killScore value='26500'/>
		<buildingScore value='3645'/>
		<razingScore value='9375'/>
		<mineralScore value='17586'/>
		<gasScore value='6288'/>
		<totalScore value='79719'/>
	</enemy>

	<scoreRatio value='0.54297'/>
	<timeFitness value='0.260417'/>
	<unitsAverage value='50'/>
</results>
