<results>
	<result value='loss'/>
	<start value='2015-07-19.16:17:21'/>
	<end value='2015-07-19.16:17:31'/>
	<frames value='17796'/>
	<gameDuration value='1112'/>

	<player>
		<unitScore value='4400'/>
		<killScore value='1150'/>
		<buildingScore value='1675'/>
		<razingScore value='0'/>
		<mineralScore value='4682'/>
		<gasScore value='1576'/>
		<totalScore value='13483'/>
	</player>

	<enemy>
		<race value='Zerg'/>
		<unitScore value='7125'/>
		<killScore value='7200'/>
		<buildingScore value='1775'/>
		<razingScore value='5025'/>
		<mineralScore value='8186'/>
		<gasScore value='2272'/>
		<totalScore value='31583'/>
	</enemy>

	<scoreRatio value='0.426907'/>
	<timeFitness value='0.154444'/>
	<unitsAverage value='26'/>
</results>
