<results>
	<result value='loss'/>
	<start value='2015-07-07.18:08:30'/>
	<end value='2015-07-07.18:08:50'/>
	<frames value='18757'/>
	<gameDuration value='1172'/>

	<player>
		<unitScore value='4200'/>
		<killScore value='1000'/>
		<buildingScore value='1800'/>
		<razingScore value='0'/>
		<mineralScore value='5642'/>
		<gasScore value='672'/>
		<totalScore value='13314'/>
	</player>

	<enemy>
		<race value='Terran'/>
		<unitScore value='7200'/>
		<killScore value='8400'/>
		<buildingScore value='2900'/>
		<razingScore value='5400'/>
		<mineralScore value='8514'/>
		<gasScore value='3136'/>
		<totalScore value='35550'/>
	</enemy>

	<scoreRatio value='0.374515'/>
	<timeFitness value='0.162778'/>
	<unitsAverage value='23'/>
</results>
