<results>
	<result value='draw'/>
	<start value='2015-07-07.18:17:38'/>
	<end value='2015-07-07.18:20:22'/>
	<frames value='57601'/>
	<gameDuration value='3600'/>

	<player>
		<unitScore value='34900'/>
		<killScore value='24100'/>
		<buildingScore value='4250'/>
		<razingScore value='450'/>
		<mineralScore value='31382'/>
		<gasScore value='6192'/>
		<totalScore value='101274'/>
	</player>

	<enemy>
		<race value='Terran'/>
		<unitScore value='25400'/>
		<killScore value='52600'/>
		<buildingScore value='4250'/>
		<razingScore value='6600'/>
		<mineralScore value='19542'/>
		<gasScore value='12078'/>
		<totalScore value='120470'/>
	</enemy>

	<scoreRatio value='0.840657'/>
	<timeFitness value='0.5'/>
	<unitsAverage value='106'/>
</results>
