<results>
	<result value='draw'/>
	<start value='2015-07-07.18:24:09'/>
	<end value='2015-07-07.18:27:12'/>
	<frames value='57601'/>
	<gameDuration value='3600'/>

	<player>
		<unitScore value='39575'/>
		<killScore value='22900'/>
		<buildingScore value='3750'/>
		<razingScore value='0'/>
		<mineralScore value='32734'/>
		<gasScore value='7168'/>
		<totalScore value='106127'/>
	</player>

	<enemy>
		<race value='Terran'/>
		<unitScore value='18200'/>
		<killScore value='63150'/>
		<buildingScore value='3050'/>
		<razingScore value='2175'/>
		<mineralScore value='24018'/>
		<gasScore value='6536'/>
		<totalScore value='117129'/>
	</enemy>

	<scoreRatio value='0.906069'/>
	<timeFitness value='0.5'/>
	<unitsAverage value='122'/>
</results>
