<results>
	<result value='loss'/>
	<start value='2015-05-05.08:22:49'/>
	<end value='2015-05-05.08:23:14'/>
	<frames value='41635'/>
	<gameDuration value='2602'/>

	<player>
		<unitScore value='11100'/>
		<killScore value='16750'/>
		<buildingScore value='2600'/>
		<razingScore value='150'/>
		<mineralScore value='13594'/>
		<gasScore value='3112'/>
		<totalScore value='47306'/>
	</player>

	<enemy>
		<race value='Terran'/>
		<unitScore value='30375'/>
		<unitScore value='30375'/>
		<killScore value='22200'/>
		<buildingScore value='5075'/>
		<razingScore value='7800'/>
		<mineralScore value='21498'/>
		<gasScore value='12966'/>
		<totalScore value='99914'/>
	</enemy>

	<scoreRatio value='0.473467'/>
	<timeFitness value='0.361389'/>
	<unitsAverage value='42'/>
</results>
