<results>
	<result value='win'/>
	<start value='2015-05-05.08:26:22'/>
	<end value='2015-05-05.08:26:43'/>
	<frames value='23376'/>
	<gameDuration value='1461'/>

	<player>
		<unitScore value='12225'/>
		<killScore value='18250'/>
		<buildingScore value='3725'/>
		<razingScore value='7050'/>
		<mineralScore value='20654'/>
		<gasScore value='1536'/>
		<totalScore value='63440'/>
	</player>

	<enemy>
		<race value='Terran'/>
		<unitScore value='9125'/>
		<unitScore value='9125'/>
		<killScore value='5350'/>
		<buildingScore value='2350'/>
		<razingScore value='0'/>
		<mineralScore value='9058'/>
		<gasScore value='2960'/>
		<totalScore value='28843'/>
	</enemy>

	<scoreRatio value='2.19949'/>
	<timeFitness value='0.797083'/>
	<unitsAverage value='84'/>
</results>
