<results>
	<result value='win'/>
	<start value='2015-05-05.08:26:46'/>
	<end value='2015-05-05.08:27:52'/>
	<frames value='52082'/>
	<gameDuration value='3255'/>

	<player>
		<unitScore value='32325'/>
		<killScore value='49200'/>
		<buildingScore value='3550'/>
		<razingScore value='9600'/>
		<mineralScore value='35846'/>
		<gasScore value='3896'/>
		<totalScore value='134417'/>
	</player>

	<enemy>
		<race value='Terran'/>
		<unitScore value='29350'/>
		<unitScore value='29350'/>
		<killScore value='49500'/>
		<buildingScore value='3275'/>
		<razingScore value='2025'/>
		<mineralScore value='19158'/>
		<gasScore value='10612'/>
		<totalScore value='113920'/>
	</enemy>

	<scoreRatio value='1.17992'/>
	<timeFitness value='0.547917'/>
	<unitsAverage value='120'/>
</results>
