<results>
	<result value='draw'/>
	<start value='2015-05-09.10:04:29'/>
	<end value='2015-05-09.10:05:06'/>
	<frames value='57601'/>
	<gameDuration value='3600'/>

	<player>
		<unitScore value='17550'/>
		<killScore value='25950'/>
		<buildingScore value='2975'/>
		<razingScore value='3000'/>
		<mineralScore value='23746'/>
		<gasScore value='704'/>
		<totalScore value='73925'/>
	</player>

	<enemy>
		<race value='Terran'/>
		<unitScore value='21700'/>
		<unitScore value='21700'/>
		<killScore value='27150'/>
		<buildingScore value='3650'/>
		<razingScore value='3000'/>
		<mineralScore value='17186'/>
		<gasScore value='9836'/>
		<totalScore value='82522'/>
	</enemy>

	<scoreRatio value='0.895822'/>
	<timeFitness value='0.5'/>
	<unitsAverage value='58'/>
</results>
