<results>
	<result value='win'/>
	<start value='2015-05-05.08:31:40'/>
	<end value='2015-05-05.08:31:55'/>
	<frames value='22942'/>
	<gameDuration value='1433'/>

	<player>
		<unitScore value='9025'/>
		<killScore value='14200'/>
		<buildingScore value='3050'/>
		<razingScore value='6375'/>
		<mineralScore value='13674'/>
		<gasScore value='1336'/>
		<totalScore value='47660'/>
	</player>

	<enemy>
		<race value='Terran'/>
		<unitScore value='7150'/>
		<unitScore value='7150'/>
		<killScore value='5700'/>
		<buildingScore value='2200'/>
		<razingScore value='1350'/>
		<mineralScore value='9442'/>
		<gasScore value='3104'/>
		<totalScore value='28946'/>
	</enemy>

	<scoreRatio value='1.64651'/>
	<timeFitness value='0.800972'/>
	<unitsAverage value='55'/>
</results>
