<results>
	<result value='loss'/>
	<start value='2015-05-07.16:49:54'/>
	<end value='2015-05-07.16:50:37'/>
	<frames value='50501'/>
	<gameDuration value='3156'/>

	<player>
		<unitScore value='20475'/>
		<killScore value='26050'/>
		<buildingScore value='2725'/>
		<razingScore value='4350'/>
		<mineralScore value='24010'/>
		<gasScore value='2080'/>
		<totalScore value='79690'/>
	</player>

	<enemy>
		<race value='Protoss'/>
		<unitScore value='23775'/>
		<unitScore value='23775'/>
		<killScore value='41050'/>
		<buildingScore value='7725'/>
		<razingScore value='8175'/>
		<mineralScore value='36298'/>
		<gasScore value='9178'/>
		<totalScore value='126201'/>
	</enemy>

	<scoreRatio value='0.631453'/>
	<timeFitness value='0.438333'/>
	<unitsAverage value='76'/>
</results>
