<results>
	<result value='loss'/>
	<start value='2015-04-13.03:36:56'/>
	<end value='2015-04-13.03:38:36'/>
	<frames value='56298'/>
	<gameDuration value='3518'/>

	<player>
		<unitScore value='29475'/>
		<killScore value='47700'/>
		<buildingScore value='3275'/>
		<razingScore value='2100'/>
		<mineralScore value='31518'/>
		<gasScore value='6832'/>
		<totalScore value='120900'/>
	</player>

	<enemy>
		<race value='Protoss'/>
		<unitScore value='34725'/>
		<unitScore value='34725'/>
		<killScore value='58950'/>
		<buildingScore value='6575'/>
		<razingScore value='9825'/>
		<mineralScore value='31374'/>
		<gasScore value='11008'/>
		<totalScore value='152457'/>
	</enemy>

	<scoreRatio value='0.79301'/>
</results>
