<results>
	<result value='loss'/>
	<start value='2015-07-18.07:47:00'/>
	<end value='2015-07-18.07:47:11'/>
	<frames value='15347'/>
	<gameDuration value='959'/>

	<player>
		<unitScore value='3075'/>
		<killScore value='600'/>
		<buildingScore value='1700'/>
		<razingScore value='0'/>
		<mineralScore value='4698'/>
		<gasScore value='568'/>
		<totalScore value='10641'/>
	</player>

	<enemy>
		<race value='Protoss'/>
		<unitScore value='3650'/>
		<killScore value='6150'/>
		<buildingScore value='2475'/>
		<razingScore value='5100'/>
		<mineralScore value='7818'/>
		<gasScore value='1336'/>
		<totalScore value='26529'/>
	</enemy>

	<scoreRatio value='0.401108'/>
	<timeFitness value='0.133194'/>
	<unitsAverage value='20'/>
</results>
