<results>
	<result value='loss'/>
	<start value='2015-07-18.08:01:19'/>
	<end value='2015-07-18.08:01:39'/>
	<frames value='27871'/>
	<gameDuration value='1741'/>

	<player>
		<unitScore value='4050'/>
		<killScore value='2400'/>
		<buildingScore value='1625'/>
		<razingScore value='0'/>
		<mineralScore value='5050'/>
		<gasScore value='872'/>
		<totalScore value='13997'/>
	</player>

	<enemy>
		<race value='Protoss'/>
		<unitScore value='12950'/>
		<killScore value='8100'/>
		<buildingScore value='6875'/>
		<razingScore value='4875'/>
		<mineralScore value='16998'/>
		<gasScore value='6360'/>
		<totalScore value='56158'/>
	</enemy>

	<scoreRatio value='0.249243'/>
	<timeFitness value='0.241806'/>
	<unitsAverage value='16'/>
</results>
