<results>
	<result value='loss'/>
	<start value='2015-04-30.20:26:45'/>
	<end value='2015-04-30.20:26:57'/>
	<frames value='20369'/>
	<gameDuration value='1273'/>

	<player>
		<unitScore value='6875'/>
		<killScore value='4500'/>
		<buildingScore value='2000'/>
		<razingScore value='0'/>
		<mineralScore value='8530'/>
		<gasScore value='1432'/>
		<totalScore value='23337'/>
	</player>

	<enemy>
		<race value='Terran'/>
		<unitScore value='8225'/>
		<unitScore value='8225'/>
		<killScore value='13750'/>
		<buildingScore value='2925'/>
		<razingScore value='6000'/>
		<mineralScore value='9674'/>
		<gasScore value='3848'/>
		<totalScore value='44422'/>
	</enemy>

	<scoreRatio value='0.525348'/>
</results>
