<results>
	<result value='win'/>
	<start value='2015-04-26.13:47:48'/>
	<end value='2015-04-26.13:48:25'/>
	<frames value='37853'/>
	<gameDuration value='2365'/>

	<player>
		<unitScore value='18475'/>
		<killScore value='28850'/>
		<buildingScore value='4525'/>
		<razingScore value='12450'/>
		<mineralScore value='31262'/>
		<gasScore value='4646'/>
		<totalScore value='100208'/>
	</player>

	<enemy>
		<race value='Terran'/>
		<unitScore value='15525'/>
		<unitScore value='15525'/>
		<killScore value='18550'/>
		<buildingScore value='4150'/>
		<razingScore value='3750'/>
		<mineralScore value='14930'/>
		<gasScore value='6836'/>
		<totalScore value='63741'/>
	</enemy>

	<scoreRatio value='1.57211'/>
</results>
