<results>
	<result value='loss'/>
	<start value='2015-07-16.09:36:54'/>
	<end value='2015-07-16.09:37:04'/>
	<frames value='17455'/>
	<gameDuration value='1090'/>

	<player>
		<unitScore value='5025'/>
		<killScore value='200'/>
		<buildingScore value='1975'/>
		<razingScore value='0'/>
		<mineralScore value='5858'/>
		<gasScore value='1168'/>
		<totalScore value='14226'/>
	</player>

	<enemy>
		<race value='Terran'/>
		<unitScore value='6350'/>
		<killScore value='10050'/>
		<buildingScore value='2675'/>
		<razingScore value='5925'/>
		<mineralScore value='8050'/>
		<gasScore value='2608'/>
		<totalScore value='35658'/>
	</enemy>

	<scoreRatio value='0.398957'/>
	<timeFitness value='0.151389'/>
	<unitsAverage value='25'/>
</results>
