<results>
	<result value='loss'/>
	<start value='2015-07-16.09:37:45'/>
	<end value='2015-07-16.09:38:01'/>
	<frames value='18881'/>
	<gameDuration value='1180'/>

	<player>
		<unitScore value='4550'/>
		<killScore value='1050'/>
		<buildingScore value='1750'/>
		<razingScore value='0'/>
		<mineralScore value='5570'/>
		<gasScore value='656'/>
		<totalScore value='13576'/>
	</player>

	<enemy>
		<race value='Terran'/>
		<unitScore value='7025'/>
		<killScore value='9100'/>
		<buildingScore value='2900'/>
		<razingScore value='5250'/>
		<mineralScore value='8722'/>
		<gasScore value='3200'/>
		<totalScore value='36197'/>
	</enemy>

	<scoreRatio value='0.375059'/>
	<timeFitness value='0.163889'/>
	<unitsAverage value='30'/>
</results>
