<results>
	<result value='loss'/>
	<start value='2015-07-16.09:40:15'/>
	<end value='2015-07-16.09:40:39'/>
	<frames value='25608'/>
	<gameDuration value='1600'/>

	<player>
		<unitScore value='9750'/>
		<killScore value='5950'/>
		<buildingScore value='2550'/>
		<razingScore value='300'/>
		<mineralScore value='9722'/>
		<gasScore value='1920'/>
		<totalScore value='30192'/>
	</player>

	<enemy>
		<race value='Terran'/>
		<unitScore value='7750'/>
		<killScore value='19400'/>
		<buildingScore value='2975'/>
		<razingScore value='7650'/>
		<mineralScore value='11506'/>
		<gasScore value='4080'/>
		<totalScore value='53361'/>
	</enemy>

	<scoreRatio value='0.565807'/>
	<timeFitness value='0.222222'/>
	<unitsAverage value='34'/>
</results>
