<results>
	<result value='loss'/>
	<start value='2015-07-16.09:51:21'/>
	<end value='2015-07-16.09:51:38'/>
	<frames value='18664'/>
	<gameDuration value='1166'/>

	<player>
		<unitScore value='5975'/>
		<killScore value='4100'/>
		<buildingScore value='1825'/>
		<razingScore value='150'/>
		<mineralScore value='6530'/>
		<gasScore value='1232'/>
		<totalScore value='19812'/>
	</player>

	<enemy>
		<race value='Terran'/>
		<unitScore value='6900'/>
		<killScore value='11300'/>
		<buildingScore value='2175'/>
		<razingScore value='5475'/>
		<mineralScore value='8778'/>
		<gasScore value='2728'/>
		<totalScore value='37356'/>
	</enemy>

	<scoreRatio value='0.530357'/>
	<timeFitness value='0.161944'/>
	<unitsAverage value='27'/>
</results>
