<results>
	<result value='loss'/>
	<start value='2015-07-16.09:56:13'/>
	<end value='2015-07-16.09:56:24'/>
	<frames value='17982'/>
	<gameDuration value='1123'/>

	<player>
		<unitScore value='4025'/>
		<killScore value='800'/>
		<buildingScore value='1925'/>
		<razingScore value='0'/>
		<mineralScore value='5082'/>
		<gasScore value='952'/>
		<totalScore value='12784'/>
	</player>

	<enemy>
		<race value='Terran'/>
		<unitScore value='6450'/>
		<killScore value='7900'/>
		<buildingScore value='2750'/>
		<razingScore value='5775'/>
		<mineralScore value='8266'/>
		<gasScore value='2592'/>
		<totalScore value='33733'/>
	</enemy>

	<scoreRatio value='0.378976'/>
	<timeFitness value='0.155972'/>
	<unitsAverage value='24'/>
</results>
