<results>
	<result value='win'/>
	<start value='2015-05-02.18:38:44'/>
	<end value='2015-05-02.18:39:15'/>
	<frames value='30475'/>
	<gameDuration value='1904'/>

	<player>
		<unitScore value='23150'/>
		<killScore value='26190'/>
		<buildingScore value='2750'/>
		<razingScore value='6255'/>
		<mineralScore value='27226'/>
		<gasScore value='0'/>
		<totalScore value='85571'/>
	</player>

	<enemy>
		<race value='Zerg'/>
		<unitScore value='12325'/>
		<unitScore value='12325'/>
		<killScore value='33700'/>
		<buildingScore value='2085'/>
		<razingScore value='0'/>
		<mineralScore value='11554'/>
		<gasScore value='3760'/>
		<totalScore value='63424'/>
	</enemy>

	<scoreRatio value='1.34919'/>
	<timeFitness value='0.735556'/>
	<unitsAverage value='85'/>
</results>
