<results>
	<result value='draw'/>
	<start value='2015-05-11.11:00:39'/>
	<end value='2015-05-11.11:01:26'/>
	<frames value='57601'/>
	<gameDuration value='3600'/>

	<player>
		<unitScore value='11200'/>
		<killScore value='19010'/>
		<buildingScore value='4350'/>
		<razingScore value='2475'/>
		<mineralScore value='38866'/>
		<gasScore value='7986'/>
		<totalScore value='83887'/>
	</player>

	<enemy>
		<race value='Zerg'/>
		<unitScore value='15175'/>
		<unitScore value='15175'/>
		<killScore value='11550'/>
		<buildingScore value='3280'/>
		<razingScore value='2475'/>
		<mineralScore value='14874'/>
		<gasScore value='5846'/>
		<totalScore value='53200'/>
	</enemy>

	<scoreRatio value='1.57682'/>
	<timeFitness value='0.5'/>
	<unitsAverage value='87'/>
</results>
