<results>
	<result value='loss'/>
	<start value='2015-05-11.11:02:03'/>
	<end value='2015-05-11.11:02:20'/>
	<frames value='34381'/>
	<gameDuration value='2148'/>

	<player>
		<unitScore value='6150'/>
		<killScore value='11650'/>
		<buildingScore value='2275'/>
		<razingScore value='1380'/>
		<mineralScore value='8650'/>
		<gasScore value='1448'/>
		<totalScore value='31553'/>
	</player>

	<enemy>
		<race value='Zerg'/>
		<unitScore value='17375'/>
		<unitScore value='17375'/>
		<killScore value='12300'/>
		<buildingScore value='4000'/>
		<razingScore value='6825'/>
		<mineralScore value='17534'/>
		<gasScore value='6208'/>
		<totalScore value='64242'/>
	</enemy>

	<scoreRatio value='0.491158'/>
	<timeFitness value='0.298333'/>
	<unitsAverage value='28'/>
</results>
