<results>
	<result value='win'/>
	<start value='2015-05-11.11:12:00'/>
	<end value='2015-05-11.11:12:22'/>
	<frames value='25949'/>
	<gameDuration value='1621'/>

	<player>
		<unitScore value='17375'/>
		<killScore value='20830'/>
		<buildingScore value='3400'/>
		<razingScore value='4560'/>
		<mineralScore value='20322'/>
		<gasScore value='2368'/>
		<totalScore value='68855'/>
	</player>

	<enemy>
		<race value='Zerg'/>
		<unitScore value='9275'/>
		<unitScore value='9275'/>
		<killScore value='14700'/>
		<buildingScore value='1520'/>
		<razingScore value='0'/>
		<mineralScore value='8402'/>
		<gasScore value='2336'/>
		<totalScore value='36233'/>
	</enemy>

	<scoreRatio value='1.90034'/>
	<timeFitness value='0.774861'/>
	<unitsAverage value='89'/>
</results>
