<results>
	<result value='draw'/>
	<start value='2015-05-11.11:14:46'/>
	<end value='2015-05-11.11:16:13'/>
	<frames value='57601'/>
	<gameDuration value='3600'/>

	<player>
		<unitScore value='24175'/>
		<killScore value='32580'/>
		<buildingScore value='5875'/>
		<razingScore value='5895'/>
		<mineralScore value='43790'/>
		<gasScore value='7332'/>
		<totalScore value='119647'/>
	</player>

	<enemy>
		<race value='Zerg'/>
		<unitScore value='18500'/>
		<unitScore value='18500'/>
		<killScore value='23350'/>
		<buildingScore value='3765'/>
		<razingScore value='2700'/>
		<mineralScore value='19002'/>
		<gasScore value='7594'/>
		<totalScore value='74911'/>
	</enemy>

	<scoreRatio value='1.59719'/>
	<timeFitness value='0.5'/>
	<unitsAverage value='151'/>
</results>
