<results>
	<result value='win'/>
	<start value='2015-05-11.11:31:11'/>
	<end value='2015-05-11.11:31:42'/>
	<frames value='31870'/>
	<gameDuration value='1991'/>

	<player>
		<unitScore value='19200'/>
		<killScore value='30985'/>
		<buildingScore value='2725'/>
		<razingScore value='9615'/>
		<mineralScore value='20802'/>
		<gasScore value='3056'/>
		<totalScore value='86383'/>
	</player>

	<enemy>
		<race value='Zerg'/>
		<unitScore value='14550'/>
		<unitScore value='14550'/>
		<killScore value='15550'/>
		<buildingScore value='3205'/>
		<razingScore value='375'/>
		<mineralScore value='16114'/>
		<gasScore value='4816'/>
		<totalScore value='54610'/>
	</enemy>

	<scoreRatio value='1.58182'/>
	<timeFitness value='0.723472'/>
	<unitsAverage value='93'/>
</results>
