<results>
	<result value='win'/>
	<start value='2015-04-08.15:19:05'/>
	<end value='2015-04-08.15:19:32'/>
	<frames value='29483'/>
	<gameDuration value='1842'/>

	<player>
		<unitScore value='15900'/>
		<killScore value='9100'/>
		<buildingScore value='3275'/>
		<razingScore value='15675'/>
		<mineralScore value='19250'/>
		<gasScore value='2600'/>
		<totalScore value='65800'/>
	</player>

	<enemy>
		<race value='Protoss'/>
		<unitScore value='4550'/>
		<unitScore value='4550'/>
		<killScore value='11650'/>
		<buildingScore value='5225'/>
		<razingScore value='0'/>
		<mineralScore value='17066'/>
		<gasScore value='936'/>
		<totalScore value='39427'/>
	</enemy>

	<scoreRatio value='1.66891'/>
</results>
