<results>
	<result value='win'/>
	<start value='2015-04-08.15:27:46'/>
	<end value='2015-04-08.15:28:31'/>
	<frames value='33017'/>
	<gameDuration value='2063'/>

	<player>
		<unitScore value='21925'/>
		<killScore value='20400'/>
		<buildingScore value='4575'/>
		<razingScore value='12000'/>
		<mineralScore value='33054'/>
		<gasScore value='2776'/>
		<totalScore value='94730'/>
	</player>

	<enemy>
		<race value='Protoss'/>
		<unitScore value='10200'/>
		<unitScore value='10200'/>
		<killScore value='17400'/>
		<buildingScore value='4000'/>
		<razingScore value='0'/>
		<mineralScore value='18866'/>
		<gasScore value='1400'/>
		<totalScore value='51866'/>
	</enemy>

	<scoreRatio value='1.82644'/>
</results>
