<results>
	<result value='loss'/>
	<start value='2015-04-16.21:38:43'/>
	<end value='2015-04-16.21:40:08'/>
	<frames value='38411'/>
	<gameDuration value='2400'/>

	<player>
		<unitScore value='15575'/>
		<killScore value='22600'/>
		<buildingScore value='4075'/>
		<razingScore value='525'/>
		<mineralScore value='22438'/>
		<gasScore value='2608'/>
		<totalScore value='67821'/>
	</player>

	<enemy>
		<race value='Protoss'/>
		<unitScore value='27340'/>
		<unitScore value='27340'/>
		<killScore value='25350'/>
		<buildingScore value='9175'/>
		<razingScore value='12225'/>
		<mineralScore value='28494'/>
		<gasScore value='10000'/>
		<totalScore value='112584'/>
	</enemy>

	<scoreRatio value='0.602404'/>
</results>
