<results>
	<result value='loss'/>
	<start value='2015-04-14.05:07:54'/>
	<end value='2015-04-14.05:08:22'/>
	<frames value='29266'/>
	<gameDuration value='1829'/>

	<player>
		<unitScore value='5550'/>
		<killScore value='2800'/>
		<buildingScore value='2075'/>
		<razingScore value='0'/>
		<mineralScore value='8802'/>
		<gasScore value='824'/>
		<totalScore value='20051'/>
	</player>

	<enemy>
		<race value='Protoss'/>
		<unitScore value='13800'/>
		<unitScore value='13800'/>
		<killScore value='11200'/>
		<buildingScore value='6925'/>
		<razingScore value='6225'/>
		<mineralScore value='18158'/>
		<gasScore value='7320'/>
		<totalScore value='63628'/>
	</enemy>

	<scoreRatio value='0.315129'/>
</results>
