<results>
	<result value='draw'/>
	<start value='2014-07-06.03:57:45'/>
	<end value='2014-07-06.03:58:47'/>
	<frames value='57601'/>
	<gameDuration value='3600'/>

	<player>
		<unitScore value='34900'/>
		<killScore value='40550'/>
		<buildingScore value='3400'/>
		<razingScore value='20550'/>
		<mineralScore value='35570'/>
		<gasScore value='3896'/>
		<totalScore value='138866'/>
	</player>

	<enemy>
		<race value='Protoss'/>
		<unitScore value='21150'/>
		<unitScore value='21150'/>
		<killScore value='53900'/>
		<buildingScore value='7300'/>
		<razingScore value='1500'/>
		<mineralScore value='23834'/>
		<gasScore value='8416'/>
		<totalScore value='116100'/>
	</enemy>

	<scoreRatio value='1.19609'/>
</results>
