<results>
	<result value='loss'/>
	<start value='2015-07-19.10:34:32'/>
	<end value='2015-07-19.10:34:59'/>
	<frames value='26383'/>
	<gameDuration value='1648'/>

	<player>
		<unitScore value='12150'/>
		<killScore value='4190'/>
		<buildingScore value='3125'/>
		<razingScore value='1920'/>
		<mineralScore value='15138'/>
		<gasScore value='2168'/>
		<totalScore value='38691'/>
	</player>

	<enemy>
		<race value='Zerg'/>
		<unitScore value='8700'/>
		<killScore value='24300'/>
		<buildingScore value='2940'/>
		<razingScore value='9375'/>
		<mineralScore value='10930'/>
		<gasScore value='3640'/>
		<totalScore value='59885'/>
	</enemy>

	<scoreRatio value='0.646088'/>
	<timeFitness value='0.228889'/>
	<unitsAverage value='44'/>
</results>
