<results>
	<result value='loss'/>
	<start value='2015-07-19.10:52:16'/>
	<end value='2015-07-19.10:52:20'/>
	<frames value='8403'/>
	<gameDuration value='525'/>

	<player>
		<unitScore value='850'/>
		<killScore value='150'/>
		<buildingScore value='700'/>
		<razingScore value='0'/>
		<mineralScore value='1298'/>
		<gasScore value='80'/>
		<totalScore value='3078'/>
	</player>

	<enemy>
		<race value='Zerg'/>
		<unitScore value='1400'/>
		<killScore value='1600'/>
		<buildingScore value='860'/>
		<razingScore value='2100'/>
		<mineralScore value='2450'/>
		<gasScore value='136'/>
		<totalScore value='8546'/>
	</enemy>

	<scoreRatio value='0.360168'/>
	<timeFitness value='0.0729167'/>
	<unitsAverage value='9'/>
</results>
