<results>
	<result value='win'/>
	<start value='2015-05-06.23:12:04'/>
	<end value='2015-05-06.23:12:49'/>
	<frames value='32552'/>
	<gameDuration value='2034'/>

	<player>
		<unitScore value='20375'/>
		<killScore value='47540'/>
		<buildingScore value='3675'/>
		<razingScore value='5940'/>
		<mineralScore value='34962'/>
		<gasScore value='3896'/>
		<totalScore value='116388'/>
	</player>

	<enemy>
		<race value='Zerg'/>
		<unitScore value='19400'/>
		<unitScore value='19400'/>
		<killScore value='17450'/>
		<buildingScore value='1980'/>
		<razingScore value='0'/>
		<mineralScore value='15886'/>
		<gasScore value='4624'/>
		<totalScore value='59340'/>
	</enemy>

	<scoreRatio value='1.96138'/>
	<timeFitness value='0.7175'/>
	<unitsAverage value='121'/>
</results>
