<results>
	<result value='win'/>
	<start value='2015-05-06.23:17:29'/>
	<end value='2015-05-06.23:18:15'/>
	<frames value='33792'/>
	<gameDuration value='2112'/>

	<player>
		<unitScore value='22850'/>
		<killScore value='51210'/>
		<buildingScore value='3600'/>
		<razingScore value='6180'/>
		<mineralScore value='34702'/>
		<gasScore value='3768'/>
		<totalScore value='122310'/>
	</player>

	<enemy>
		<race value='Zerg'/>
		<unitScore value='21100'/>
		<unitScore value='21100'/>
		<killScore value='22650'/>
		<buildingScore value='2060'/>
		<razingScore value='0'/>
		<mineralScore value='17074'/>
		<gasScore value='5060'/>
		<totalScore value='67944'/>
	</enemy>

	<scoreRatio value='1.80016'/>
	<timeFitness value='0.706667'/>
	<unitsAverage value='117'/>
</results>
