<results>
	<result value='win'/>
	<start value='2015-05-06.23:32:38'/>
	<end value='2015-05-06.23:33:23'/>
	<frames value='39124'/>
	<gameDuration value='2445'/>

	<player>
		<unitScore value='23825'/>
		<killScore value='43500'/>
		<buildingScore value='2625'/>
		<razingScore value='7620'/>
		<mineralScore value='25562'/>
		<gasScore value='3464'/>
		<totalScore value='106596'/>
	</player>

	<enemy>
		<race value='Zerg'/>
		<unitScore value='19375'/>
		<unitScore value='19375'/>
		<killScore value='32450'/>
		<buildingScore value='2540'/>
		<razingScore value='0'/>
		<mineralScore value='17234'/>
		<gasScore value='5816'/>
		<totalScore value='77415'/>
	</enemy>

	<scoreRatio value='1.37694'/>
	<timeFitness value='0.660417'/>
	<unitsAverage value='104'/>
</results>
