<results>
	<result value='win'/>
	<start value='2015-05-06.23:38:38'/>
	<end value='2015-05-06.23:39:22'/>
	<frames value='32149'/>
	<gameDuration value='2009'/>

	<player>
		<unitScore value='21300'/>
		<killScore value='31750'/>
		<buildingScore value='4150'/>
		<razingScore value='6600'/>
		<mineralScore value='35870'/>
		<gasScore value='3760'/>
		<totalScore value='103430'/>
	</player>

	<enemy>
		<race value='Zerg'/>
		<unitScore value='13800'/>
		<unitScore value='13800'/>
		<killScore value='19750'/>
		<buildingScore value='2200'/>
		<razingScore value='0'/>
		<mineralScore value='12330'/>
		<gasScore value='4112'/>
		<totalScore value='52192'/>
	</enemy>

	<scoreRatio value='1.98172'/>
	<timeFitness value='0.720972'/>
	<unitsAverage value='116'/>
</results>
