<results>
	<result value='win'/>
	<start value='2015-04-15.03:40:51'/>
	<end value='2015-04-15.03:42:15'/>
	<frames value='37202'/>
	<gameDuration value='2325'/>

	<player>
		<unitScore value='25775'/>
		<killScore value='30050'/>
		<buildingScore value='4000'/>
		<razingScore value='15975'/>
		<mineralScore value='29734'/>
		<gasScore value='3712'/>
		<totalScore value='109246'/>
	</player>

	<enemy>
		<race value='Protoss'/>
		<unitScore value='17475'/>
		<unitScore value='17475'/>
		<killScore value='28100'/>
		<buildingScore value='5325'/>
		<razingScore value='1800'/>
		<mineralScore value='16098'/>
		<gasScore value='6264'/>
		<totalScore value='75062'/>
	</enemy>

	<scoreRatio value='1.45541'/>
</results>
