<results>
	<result value='loss'/>
	<start value='2015-04-12.09:23:45'/>
	<end value='2015-04-12.09:23:58'/>
	<frames value='15719'/>
	<gameDuration value='982'/>

	<player>
		<unitScore value='3325'/>
		<killScore value='800'/>
		<buildingScore value='1200'/>
		<razingScore value='0'/>
		<mineralScore value='4642'/>
		<gasScore value='808'/>
		<totalScore value='10775'/>
	</player>

	<enemy>
		<race value='Protoss'/>
		<unitScore value='3550'/>
		<unitScore value='3550'/>
		<killScore value='6650'/>
		<buildingScore value='3525'/>
		<razingScore value='3600'/>
		<mineralScore value='8282'/>
		<gasScore value='1632'/>
		<totalScore value='27239'/>
	</enemy>

	<scoreRatio value='0.395573'/>
</results>
