<results>
	<result value='loss'/>
	<start value='2015-04-12.09:25:40'/>
	<end value='2015-04-12.09:26:23'/>
	<frames value='36024'/>
	<gameDuration value='2251'/>

	<player>
		<unitScore value='16175'/>
		<killScore value='13500'/>
		<buildingScore value='2350'/>
		<razingScore value='0'/>
		<mineralScore value='17222'/>
		<gasScore value='2360'/>
		<totalScore value='51607'/>
	</player>

	<enemy>
		<race value='Protoss'/>
		<unitScore value='23625'/>
		<unitScore value='23625'/>
		<killScore value='32350'/>
		<buildingScore value='6925'/>
		<razingScore value='7050'/>
		<mineralScore value='24250'/>
		<gasScore value='9632'/>
		<totalScore value='103832'/>
	</enemy>

	<scoreRatio value='0.497024'/>
</results>
