<results>
	<result value='loss'/>
	<start value='2015-07-20.17:52:05'/>
	<end value='2015-07-20.17:52:41'/>
	<frames value='24957'/>
	<gameDuration value='1559'/>

	<player>
		<unitScore value='10100'/>
		<killScore value='2450'/>
		<buildingScore value='2550'/>
		<razingScore value='0'/>
		<mineralScore value='16242'/>
		<gasScore value='1568'/>
		<totalScore value='32910'/>
	</player>

	<enemy>
		<race value='Zerg'/>
		<unitScore value='13275'/>
		<killScore value='17400'/>
		<buildingScore value='3150'/>
		<razingScore value='7650'/>
		<mineralScore value='13746'/>
		<gasScore value='4664'/>
		<totalScore value='59885'/>
	</enemy>

	<scoreRatio value='0.549553'/>
	<timeFitness value='0.216528'/>
	<unitsAverage value='48'/>
</results>
