<results>
	<result value='win'/>
	<start value='2015-04-29.15:02:53'/>
	<end value='2015-04-29.15:03:23'/>
	<frames value='25701'/>
	<gameDuration value='1606'/>

	<player>
		<unitScore value='14325'/>
		<killScore value='22135'/>
		<buildingScore value='3725'/>
		<razingScore value='4755'/>
		<mineralScore value='18698'/>
		<gasScore value='2192'/>
		<totalScore value='65830'/>
	</player>

	<enemy>
		<race value='Zerg'/>
		<unitScore value='9650'/>
		<unitScore value='9650'/>
		<killScore value='11200'/>
		<buildingScore value='1585'/>
		<razingScore value='0'/>
		<mineralScore value='9402'/>
		<gasScore value='2672'/>
		<totalScore value='34509'/>
	</enemy>

	<scoreRatio value='1.90762'/>
</results>
