<results>
	<result value='win'/>
	<start value='2015-04-29.15:13:17'/>
	<end value='2015-04-29.15:13:50'/>
	<frames value='25205'/>
	<gameDuration value='1575'/>

	<player>
		<unitScore value='16575'/>
		<killScore value='22820'/>
		<buildingScore value='3375'/>
		<razingScore value='5820'/>
		<mineralScore value='20882'/>
		<gasScore value='1560'/>
		<totalScore value='71032'/>
	</player>

	<enemy>
		<race value='Zerg'/>
		<unitScore value='10100'/>
		<unitScore value='10100'/>
		<killScore value='15750'/>
		<buildingScore value='1940'/>
		<razingScore value='0'/>
		<mineralScore value='9874'/>
		<gasScore value='3152'/>
		<totalScore value='40816'/>
	</enemy>

	<scoreRatio value='1.7403'/>
</results>
