<results>
	<result value='loss'/>
	<start value='2015-04-03.17:38:54'/>
	<end value='2015-04-03.17:39:37'/>
	<frames value='43774'/>
	<gameDuration value='2735'/>

	<player>
		<unitScore value='17600'/>
		<killScore value='30950'/>
		<buildingScore value='2850'/>
		<razingScore value='0'/>
		<mineralScore value='25886'/>
		<gasScore value='5832'/>
		<totalScore value='83118'/>
	</player>

	<enemy>
		<race value='Protoss'/>
		<unitScore value='32400'/>
		<unitScore value='32400'/>
		<killScore value='35200'/>
		<buildingScore value='7350'/>
		<razingScore value='8700'/>
		<mineralScore value='32826'/>
		<gasScore value='10762'/>
		<totalScore value='127238'/>
	</enemy>

	<scoreRatio value='0.653248'/>
</results>
