<results>
	<result value='loss'/>
	<start value='2015-05-09.04:38:34'/>
	<end value='2015-05-09.04:38:45'/>
	<frames value='23376'/>
	<gameDuration value='1461'/>

	<player>
		<unitScore value='8350'/>
		<killScore value='3100'/>
		<buildingScore value='2775'/>
		<razingScore value='0'/>
		<mineralScore value='12074'/>
		<gasScore value='968'/>
		<totalScore value='27267'/>
	</player>

	<enemy>
		<race value='Terran'/>
		<unitScore value='8350'/>
		<unitScore value='8350'/>
		<killScore value='16700'/>
		<buildingScore value='3250'/>
		<razingScore value='8325'/>
		<mineralScore value='12794'/>
		<gasScore value='4000'/>
		<totalScore value='53419'/>
	</enemy>

	<scoreRatio value='0.510436'/>
	<timeFitness value='0.202917'/>
	<unitsAverage value='37'/>
</results>
