<results>
	<result value='win'/>
	<start value='2015-05-09.04:39:29'/>
	<end value='2015-05-09.04:40:28'/>
	<frames value='46254'/>
	<gameDuration value='2890'/>

	<player>
		<unitScore value='25975'/>
		<killScore value='33400'/>
		<buildingScore value='5175'/>
		<razingScore value='13050'/>
		<mineralScore value='40558'/>
		<gasScore value='5380'/>
		<totalScore value='123538'/>
	</player>

	<enemy>
		<race value='Terran'/>
		<unitScore value='16700'/>
		<unitScore value='16700'/>
		<killScore value='22650'/>
		<buildingScore value='4350'/>
		<razingScore value='3000'/>
		<mineralScore value='14690'/>
		<gasScore value='7014'/>
		<totalScore value='68404'/>
	</enemy>

	<scoreRatio value='1.80601'/>
	<timeFitness value='0.598611'/>
	<unitsAverage value='128'/>
</results>
