<results>
	<result value='loss'/>
	<start value='2015-05-09.04:42:13'/>
	<end value='2015-05-09.04:42:22'/>
	<frames value='19594'/>
	<gameDuration value='1224'/>

	<player>
		<unitScore value='5300'/>
		<killScore value='5150'/>
		<buildingScore value='2625'/>
		<razingScore value='450'/>
		<mineralScore value='8154'/>
		<gasScore value='896'/>
		<totalScore value='22575'/>
	</player>

	<enemy>
		<race value='Terran'/>
		<unitScore value='5900'/>
		<unitScore value='5900'/>
		<killScore value='8800'/>
		<buildingScore value='2400'/>
		<razingScore value='7875'/>
		<mineralScore value='9306'/>
		<gasScore value='2936'/>
		<totalScore value='37217'/>
	</enemy>

	<scoreRatio value='0.606578'/>
	<timeFitness value='0.17'/>
	<unitsAverage value='33'/>
</results>
