<results>
	<result value='win'/>
	<start value='2015-05-10.09:35:57'/>
	<end value='2015-05-10.09:36:23'/>
	<frames value='27933'/>
	<gameDuration value='1745'/>

	<player>
		<unitScore value='16075'/>
		<killScore value='14200'/>
		<buildingScore value='3400'/>
		<razingScore value='16800'/>
		<mineralScore value='23266'/>
		<gasScore value='2664'/>
		<totalScore value='76405'/>
	</player>

	<enemy>
		<race value='Protoss'/>
		<unitScore value='7100'/>
		<unitScore value='7100'/>
		<killScore value='11400'/>
		<buildingScore value='5600'/>
		<razingScore value='0'/>
		<mineralScore value='18082'/>
		<gasScore value='3400'/>
		<totalScore value='45582'/>
	</enemy>

	<scoreRatio value='1.67621'/>
	<timeFitness value='0.757639'/>
	<unitsAverage value='93'/>
</results>
