<results>
	<result value='win'/>
	<start value='2015-05-03.05:12:12'/>
	<end value='2015-05-03.05:12:50'/>
	<frames value='44766'/>
	<gameDuration value='2797'/>

	<player>
		<unitScore value='23500'/>
		<killScore value='30350'/>
		<buildingScore value='4200'/>
		<razingScore value='23625'/>
		<mineralScore value='27954'/>
		<gasScore value='4048'/>
		<totalScore value='113677'/>
	</player>

	<enemy>
		<race value='Protoss'/>
		<unitScore value='16675'/>
		<unitScore value='16675'/>
		<killScore value='27550'/>
		<buildingScore value='7875'/>
		<razingScore value='2175'/>
		<mineralScore value='21098'/>
		<gasScore value='6408'/>
		<totalScore value='81781'/>
	</enemy>

	<scoreRatio value='1.39002'/>
	<timeFitness value='0.611528'/>
	<unitsAverage value='99'/>
</results>
