<results>
	<result value='loss'/>
	<start value='2015-07-12.13:05:43'/>
	<end value='2015-07-12.13:05:55'/>
	<frames value='22849'/>
	<gameDuration value='1428'/>

	<player>
		<unitScore value='7500'/>
		<killScore value='2800'/>
		<buildingScore value='2250'/>
		<razingScore value='0'/>
		<mineralScore value='10122'/>
		<gasScore value='1792'/>
		<totalScore value='24464'/>
	</player>

	<enemy>
		<race value='Terran'/>
		<unitScore value='7150'/>
		<killScore value='15000'/>
		<buildingScore value='2650'/>
		<razingScore value='6750'/>
		<mineralScore value='10826'/>
		<gasScore value='3576'/>
		<totalScore value='45952'/>
	</enemy>

	<scoreRatio value='0.532382'/>
	<timeFitness value='0.198333'/>
	<unitsAverage value='33'/>
</results>
