<results>
	<result value='loss'/>
	<start value='2015-07-10.14:08:01'/>
	<end value='2015-07-10.14:08:31'/>
	<frames value='25391'/>
	<gameDuration value='1586'/>

	<player>
		<unitScore value='10525'/>
		<killScore value='3250'/>
		<buildingScore value='2600'/>
		<razingScore value='0'/>
		<mineralScore value='10030'/>
		<gasScore value='2248'/>
		<totalScore value='28653'/>
	</player>

	<enemy>
		<race value='Terran'/>
		<unitScore value='9200'/>
		<killScore value='21050'/>
		<buildingScore value='3500'/>
		<razingScore value='7800'/>
		<mineralScore value='12518'/>
		<gasScore value='4352'/>
		<totalScore value='58420'/>
	</enemy>

	<scoreRatio value='0.490466'/>
	<timeFitness value='0.220278'/>
	<unitsAverage value='38'/>
</results>
