<results>
	<result value='loss'/>
	<start value='2015-04-16.22:40:01'/>
	<end value='2015-04-16.22:40:33'/>
	<frames value='29979'/>
	<gameDuration value='1873'/>

	<player>
		<unitScore value='8450'/>
		<killScore value='6300'/>
		<buildingScore value='3075'/>
		<razingScore value='450'/>
		<mineralScore value='12334'/>
		<gasScore value='2144'/>
		<totalScore value='32753'/>
	</player>

	<enemy>
		<race value='Protoss'/>
		<unitScore value='15450'/>
		<unitScore value='15450'/>
		<killScore value='16900'/>
		<buildingScore value='6825'/>
		<razingScore value='9225'/>
		<mineralScore value='20250'/>
		<gasScore value='6640'/>
		<totalScore value='75290'/>
	</enemy>

	<scoreRatio value='0.435025'/>
</results>
