<results>
	<result value='loss'/>
	<start value='2015-05-10.00:28:02'/>
	<end value='2015-05-10.00:28:17'/>
	<frames value='16246'/>
	<gameDuration value='1015'/>

	<player>
		<unitScore value='3525'/>
		<killScore value='1000'/>
		<buildingScore value='2025'/>
		<razingScore value='0'/>
		<mineralScore value='5818'/>
		<gasScore value='840'/>
		<totalScore value='13208'/>
	</player>

	<enemy>
		<race value='Protoss'/>
		<unitScore value='3550'/>
		<unitScore value='3550'/>
		<killScore value='7050'/>
		<buildingScore value='3525'/>
		<razingScore value='6075'/>
		<mineralScore value='8338'/>
		<gasScore value='1608'/>
		<totalScore value='30146'/>
	</enemy>

	<scoreRatio value='0.438134'/>
	<timeFitness value='0.140972'/>
	<unitsAverage value='26'/>
</results>
