<results>
	<result value='loss'/>
	<start value='2015-07-19.23:13:04'/>
	<end value='2015-07-19.23:13:31'/>
	<frames value='25050'/>
	<gameDuration value='1565'/>

	<player>
		<unitScore value='8500'/>
		<killScore value='3550'/>
		<buildingScore value='2775'/>
		<razingScore value='0'/>
		<mineralScore value='11594'/>
		<gasScore value='2016'/>
		<totalScore value='28435'/>
	</player>

	<enemy>
		<race value='Zerg'/>
		<unitScore value='8550'/>
		<killScore value='17000'/>
		<buildingScore value='2705'/>
		<razingScore value='8325'/>
		<mineralScore value='11450'/>
		<gasScore value='3184'/>
		<totalScore value='51214'/>
	</enemy>

	<scoreRatio value='0.555219'/>
	<timeFitness value='0.217361'/>
	<unitsAverage value='34'/>
</results>
