<results>
	<result value='draw'/>
	<start value='2015-07-19.23:19:13'/>
	<end value='2015-07-19.23:21:22'/>
	<frames value='57601'/>
	<gameDuration value='3600'/>

	<player>
		<unitScore value='38400'/>
		<killScore value='33000'/>
		<buildingScore value='2975'/>
		<razingScore value='1185'/>
		<mineralScore value='31606'/>
		<gasScore value='6104'/>
		<totalScore value='113270'/>
	</player>

	<enemy>
		<race value='Zerg'/>
		<unitScore value='32150'/>
		<killScore value='76800'/>
		<buildingScore value='4700'/>
		<razingScore value='8625'/>
		<mineralScore value='31398'/>
		<gasScore value='11480'/>
		<totalScore value='165153'/>
	</enemy>

	<scoreRatio value='0.685849'/>
	<timeFitness value='0.5'/>
	<unitsAverage value='101'/>
</results>
