<results>
	<result value='win'/>
	<start value='2015-05-10.06:50:29'/>
	<end value='2015-05-10.06:50:41'/>
	<frames value='18292'/>
	<gameDuration value='1143'/>

	<player>
		<unitScore value='6675'/>
		<killScore value='11250'/>
		<buildingScore value='2525'/>
		<razingScore value='5250'/>
		<mineralScore value='9858'/>
		<gasScore value='1480'/>
		<totalScore value='37038'/>
	</player>

	<enemy>
		<race value='Terran'/>
		<unitScore value='5625'/>
		<unitScore value='5625'/>
		<killScore value='4300'/>
		<buildingScore value='1750'/>
		<razingScore value='600'/>
		<mineralScore value='7386'/>
		<gasScore value='1936'/>
		<totalScore value='21597'/>
	</enemy>

	<scoreRatio value='1.71496'/>
	<timeFitness value='0.84125'/>
	<unitsAverage value='50'/>
</results>
