<results>
	<result value='draw'/>
	<start value='2015-05-09.22:35:31'/>
	<end value='2015-05-09.22:36:48'/>
	<frames value='57601'/>
	<gameDuration value='3600'/>

	<player>
		<unitScore value='36650'/>
		<killScore value='43050'/>
		<buildingScore value='3925'/>
		<razingScore value='18300'/>
		<mineralScore value='36010'/>
		<gasScore value='5696'/>
		<totalScore value='143631'/>
	</player>

	<enemy>
		<race value='Protoss'/>
		<unitScore value='23800'/>
		<unitScore value='23800'/>
		<killScore value='48300'/>
		<buildingScore value='7400'/>
		<razingScore value='450'/>
		<mineralScore value='27042'/>
		<gasScore value='10856'/>
		<totalScore value='117848'/>
	</enemy>

	<scoreRatio value='1.21878'/>
	<timeFitness value='0.5'/>
	<unitsAverage value='136'/>
</results>
