<results>
	<result value='win'/>
	<start value='2015-04-10.21:15:22'/>
	<end value='2015-04-10.21:16:52'/>
	<frames value='40953'/>
	<gameDuration value='2559'/>

	<player>
		<unitScore value='29875'/>
		<killScore value='46170'/>
		<buildingScore value='3200'/>
		<razingScore value='21600'/>
		<mineralScore value='31534'/>
		<gasScore value='3560'/>
		<totalScore value='135939'/>
	</player>

	<enemy>
		<race value='Protoss'/>
		<unitScore value='24010'/>
		<unitScore value='24010'/>
		<killScore value='44550'/>
		<buildingScore value='7200'/>
		<razingScore value='300'/>
		<mineralScore value='24526'/>
		<gasScore value='6736'/>
		<totalScore value='107322'/>
	</enemy>

	<scoreRatio value='1.26665'/>
</results>
