<results>
	<result value='win'/>
	<start value='2015-05-07.18:20:28'/>
	<end value='2015-05-07.18:20:48'/>
	<frames value='25763'/>
	<gameDuration value='1610'/>

	<player>
		<unitScore value='13425'/>
		<killScore value='19290'/>
		<buildingScore value='2950'/>
		<razingScore value='6435'/>
		<mineralScore value='17714'/>
		<gasScore value='1840'/>
		<totalScore value='61654'/>
	</player>

	<enemy>
		<race value='Zerg'/>
		<unitScore value='9625'/>
		<unitScore value='9625'/>
		<killScore value='10400'/>
		<buildingScore value='2145'/>
		<razingScore value='0'/>
		<mineralScore value='9634'/>
		<gasScore value='3200'/>
		<totalScore value='35004'/>
	</enemy>

	<scoreRatio value='1.76134'/>
	<timeFitness value='0.776389'/>
	<unitsAverage value='73'/>
</results>
