<results>
	<result value='win'/>
	<start value='2015-05-07.18:36:50'/>
	<end value='2015-05-07.18:37:13'/>
	<frames value='26042'/>
	<gameDuration value='1627'/>

	<player>
		<unitScore value='16150'/>
		<killScore value='14820'/>
		<buildingScore value='4275'/>
		<razingScore value='6000'/>
		<mineralScore value='24434'/>
		<gasScore value='1872'/>
		<totalScore value='67551'/>
	</player>

	<enemy>
		<race value='Zerg'/>
		<unitScore value='7750'/>
		<unitScore value='7750'/>
		<killScore value='11000'/>
		<buildingScore value='2000'/>
		<razingScore value='0'/>
		<mineralScore value='7706'/>
		<gasScore value='1992'/>
		<totalScore value='30448'/>
	</enemy>

	<scoreRatio value='2.21857'/>
	<timeFitness value='0.774028'/>
	<unitsAverage value='95'/>
</results>
