<results>
	<result value='win'/>
	<start value='2015-05-07.18:42:21'/>
	<end value='2015-05-07.18:42:48'/>
	<frames value='29514'/>
	<gameDuration value='1844'/>

	<player>
		<unitScore value='19050'/>
		<killScore value='27670'/>
		<buildingScore value='4525'/>
		<razingScore value='5040'/>
		<mineralScore value='34258'/>
		<gasScore value='2920'/>
		<totalScore value='93463'/>
	</player>

	<enemy>
		<race value='Zerg'/>
		<unitScore value='12225'/>
		<unitScore value='12225'/>
		<killScore value='15700'/>
		<buildingScore value='1680'/>
		<razingScore value='0'/>
		<mineralScore value='11234'/>
		<gasScore value='3216'/>
		<totalScore value='44055'/>
	</enemy>

	<scoreRatio value='2.12151'/>
	<timeFitness value='0.743889'/>
	<unitsAverage value='120'/>
</results>
