<results>
	<result value='win'/>
	<start value='2015-05-07.18:47:36'/>
	<end value='2015-05-07.18:48:04'/>
	<frames value='24709'/>
	<gameDuration value='1544'/>

	<player>
		<unitScore value='15675'/>
		<killScore value='17170'/>
		<buildingScore value='3475'/>
		<razingScore value='4785'/>
		<mineralScore value='18514'/>
		<gasScore value='1856'/>
		<totalScore value='61475'/>
	</player>

	<enemy>
		<race value='Zerg'/>
		<unitScore value='8425'/>
		<unitScore value='8425'/>
		<killScore value='14200'/>
		<buildingScore value='1595'/>
		<razingScore value='0'/>
		<mineralScore value='8946'/>
		<gasScore value='2848'/>
		<totalScore value='36014'/>
	</enemy>

	<scoreRatio value='1.70698'/>
	<timeFitness value='0.785556'/>
	<unitsAverage value='77'/>
</results>
