<results>
	<result value='win'/>
	<start value='2015-05-07.18:48:59'/>
	<end value='2015-05-07.18:49:15'/>
	<frames value='23996'/>
	<gameDuration value='1499'/>

	<player>
		<unitScore value='13750'/>
		<killScore value='20140'/>
		<buildingScore value='3650'/>
		<razingScore value='5820'/>
		<mineralScore value='22118'/>
		<gasScore value='1808'/>
		<totalScore value='67286'/>
	</player>

	<enemy>
		<race value='Zerg'/>
		<unitScore value='9725'/>
		<unitScore value='9725'/>
		<killScore value='9000'/>
		<buildingScore value='1940'/>
		<razingScore value='0'/>
		<mineralScore value='9826'/>
		<gasScore value='3328'/>
		<totalScore value='33819'/>
	</enemy>

	<scoreRatio value='1.98959'/>
	<timeFitness value='0.791806'/>
	<unitsAverage value='89'/>
</results>
