<results>
	<result value='win'/>
	<start value='2015-04-28.21:51:22'/>
	<end value='2015-04-28.21:51:41'/>
	<frames value='26228'/>
	<gameDuration value='1639'/>

	<player>
		<unitScore value='18325'/>
		<killScore value='22560'/>
		<buildingScore value='3275'/>
		<razingScore value='5895'/>
		<mineralScore value='21406'/>
		<gasScore value='2064'/>
		<totalScore value='73525'/>
	</player>

	<enemy>
		<race value='Zerg'/>
		<unitScore value='10175'/>
		<unitScore value='10175'/>
		<killScore value='15550'/>
		<buildingScore value='1965'/>
		<razingScore value='0'/>
		<mineralScore value='10378'/>
		<gasScore value='3408'/>
		<totalScore value='41476'/>
	</enemy>

	<scoreRatio value='1.77271'/>
	<timeFitness value='0.772361'/>
	<unitsAverage value='86'/>
</results>
