<results>
	<result value='win'/>
	<start value='2015-04-28.21:55:46'/>
	<end value='2015-04-28.21:56:03'/>
	<frames value='24089'/>
	<gameDuration value='1505'/>

	<player>
		<unitScore value='15875'/>
		<killScore value='25590'/>
		<buildingScore value='3100'/>
		<razingScore value='4560'/>
		<mineralScore value='18514'/>
		<gasScore value='2000'/>
		<totalScore value='69639'/>
	</player>

	<enemy>
		<race value='Zerg'/>
		<unitScore value='11400'/>
		<unitScore value='11400'/>
		<killScore value='13350'/>
		<buildingScore value='1520'/>
		<razingScore value='0'/>
		<mineralScore value='9818'/>
		<gasScore value='2984'/>
		<totalScore value='39072'/>
	</enemy>

	<scoreRatio value='1.78232'/>
	<timeFitness value='0.790972'/>
	<unitsAverage value='76'/>
</results>
