<results>
	<result value='win'/>
	<start value='2015-05-10.01:37:39'/>
	<end value='2015-05-10.01:38:09'/>
	<frames value='25205'/>
	<gameDuration value='1575'/>

	<player>
		<unitScore value='12600'/>
		<killScore value='14200'/>
		<buildingScore value='2850'/>
		<razingScore value='10575'/>
		<mineralScore value='16146'/>
		<gasScore value='1936'/>
		<totalScore value='58307'/>
	</player>

	<enemy>
		<race value='Protoss'/>
		<unitScore value='7100'/>
		<unitScore value='7100'/>
		<killScore value='10400'/>
		<buildingScore value='3525'/>
		<razingScore value='0'/>
		<mineralScore value='10170'/>
		<gasScore value='2744'/>
		<totalScore value='33939'/>
	</enemy>

	<scoreRatio value='1.71799'/>
	<timeFitness value='0.78125'/>
	<unitsAverage value='68'/>
</results>
