<results>
	<result value='loss'/>
	<start value='2015-05-10.01:42:05'/>
	<end value='2015-05-10.01:42:19'/>
	<frames value='18509'/>
	<gameDuration value='1156'/>

	<player>
		<unitScore value='5125'/>
		<killScore value='2250'/>
		<buildingScore value='1400'/>
		<razingScore value='0'/>
		<mineralScore value='6602'/>
		<gasScore value='944'/>
		<totalScore value='16321'/>
	</player>

	<enemy>
		<race value='Protoss'/>
		<unitScore value='5750'/>
		<unitScore value='5750'/>
		<killScore value='10250'/>
		<buildingScore value='3225'/>
		<razingScore value='4050'/>
		<mineralScore value='9434'/>
		<gasScore value='2272'/>
		<totalScore value='34981'/>
	</enemy>

	<scoreRatio value='0.466568'/>
	<timeFitness value='0.160556'/>
	<unitsAverage value='28'/>
</results>
