<results>
	<result value='loss'/>
	<start value='2015-05-10.01:49:57'/>
	<end value='2015-05-10.01:50:19'/>
	<frames value='29793'/>
	<gameDuration value='1862'/>

	<player>
		<unitScore value='6950'/>
		<killScore value='3800'/>
		<buildingScore value='1750'/>
		<razingScore value='0'/>
		<mineralScore value='9058'/>
		<gasScore value='1856'/>
		<totalScore value='23414'/>
	</player>

	<enemy>
		<race value='Protoss'/>
		<unitScore value='13950'/>
		<unitScore value='13950'/>
		<killScore value='13900'/>
		<buildingScore value='6975'/>
		<razingScore value='5250'/>
		<mineralScore value='18190'/>
		<gasScore value='6888'/>
		<totalScore value='65153'/>
	</enemy>

	<scoreRatio value='0.359369'/>
	<timeFitness value='0.258611'/>
	<unitsAverage value='28'/>
</results>
