<results>
	<result value='loss'/>
	<start value='2015-07-18.05:38:54'/>
	<end value='2015-07-18.05:39:09'/>
	<frames value='16556'/>
	<gameDuration value='1034'/>

	<player>
		<unitScore value='4400'/>
		<killScore value='0'/>
		<buildingScore value='1700'/>
		<razingScore value='0'/>
		<mineralScore value='6794'/>
		<gasScore value='0'/>
		<totalScore value='12894'/>
	</player>

	<enemy>
		<race value='Protoss'/>
		<unitScore value='3600'/>
		<killScore value='6300'/>
		<buildingScore value='3975'/>
		<razingScore value='5325'/>
		<mineralScore value='8754'/>
		<gasScore value='1496'/>
		<totalScore value='29450'/>
	</enemy>

	<scoreRatio value='0.437827'/>
	<timeFitness value='0.143611'/>
	<unitsAverage value='36'/>
</results>
