<results>
	<result value='loss'/>
	<start value='2015-07-18.05:42:56'/>
	<end value='2015-07-18.05:43:04'/>
	<frames value='14324'/>
	<gameDuration value='895'/>

	<player>
		<unitScore value='3775'/>
		<killScore value='200'/>
		<buildingScore value='1475'/>
		<razingScore value='0'/>
		<mineralScore value='4642'/>
		<gasScore value='688'/>
		<totalScore value='10780'/>
	</player>

	<enemy>
		<race value='Protoss'/>
		<unitScore value='3550'/>
		<killScore value='5600'/>
		<buildingScore value='2475'/>
		<razingScore value='4425'/>
		<mineralScore value='7442'/>
		<gasScore value='1264'/>
		<totalScore value='24756'/>
	</enemy>

	<scoreRatio value='0.43545'/>
	<timeFitness value='0.124306'/>
	<unitsAverage value='25'/>
</results>
