<results>
	<result value='loss'/>
	<start value='2015-07-18.05:50:13'/>
	<end value='2015-07-18.05:50:27'/>
	<frames value='19873'/>
	<gameDuration value='1242'/>

	<player>
		<unitScore value='5775'/>
		<killScore value='600'/>
		<buildingScore value='2625'/>
		<razingScore value='0'/>
		<mineralScore value='8458'/>
		<gasScore value='1008'/>
		<totalScore value='18466'/>
	</player>

	<enemy>
		<race value='Protoss'/>
		<unitScore value='5375'/>
		<killScore value='10000'/>
		<buildingScore value='4325'/>
		<razingScore value='7875'/>
		<mineralScore value='10354'/>
		<gasScore value='2864'/>
		<totalScore value='40793'/>
	</enemy>

	<scoreRatio value='0.452676'/>
	<timeFitness value='0.1725'/>
	<unitsAverage value='34'/>
</results>
