<results>
	<result value='loss'/>
	<start value='2014-07-04.00:11:52'/>
	<end value='2014-07-04.00:12:02'/>
	<frames value='18478'/>
	<gameDuration value='1154'/>

	<player>
		<unitScore value='4150'/>
		<killScore value='1000'/>
		<buildingScore value='2175'/>
		<razingScore value='0'/>
		<mineralScore value='6514'/>
		<gasScore value='584'/>
		<totalScore value='14423'/>
	</player>

	<enemy>
		<race value='Protoss'/>
		<unitScore value='4850'/>
		<unitScore value='4850'/>
		<killScore value='8300'/>
		<buildingScore value='4375'/>
		<razingScore value='6525'/>
		<mineralScore value='10722'/>
		<gasScore value='2384'/>
		<totalScore value='37156'/>
	</enemy>

	<scoreRatio value='0.388174'/>
</results>
