<results>
	<result value='win'/>
	<start value='2014-07-04.00:14:52'/>
	<end value='2014-07-04.00:15:12'/>
	<frames value='26910'/>
	<gameDuration value='1681'/>

	<player>
		<unitScore value='10400'/>
		<killScore value='8400'/>
		<buildingScore value='1600'/>
		<razingScore value='13050'/>
		<mineralScore value='12250'/>
		<gasScore value='2960'/>
		<totalScore value='48660'/>
	</player>

	<enemy>
		<race value='Protoss'/>
		<unitScore value='4200'/>
		<unitScore value='4200'/>
		<killScore value='8650'/>
		<buildingScore value='4350'/>
		<razingScore value='150'/>
		<mineralScore value='10466'/>
		<gasScore value='2944'/>
		<totalScore value='30760'/>
	</enemy>

	<scoreRatio value='1.58192'/>
</results>
