<results>
	<result value='loss'/>
	<start value='2015-07-21.03:10:07'/>
	<end value='2015-07-21.03:10:40'/>
	<frames value='31033'/>
	<gameDuration value='1939'/>

	<player>
		<unitScore value='15050'/>
		<killScore value='15950'/>
		<buildingScore value='3425'/>
		<razingScore value='0'/>
		<mineralScore value='27794'/>
		<gasScore value='2464'/>
		<totalScore value='64683'/>
	</player>

	<enemy>
		<race value='Zerg'/>
		<unitScore value='19700'/>
		<killScore value='30100'/>
		<buildingScore value='3320'/>
		<razingScore value='10275'/>
		<mineralScore value='18294'/>
		<gasScore value='6664'/>
		<totalScore value='88353'/>
	</enemy>

	<scoreRatio value='0.732097'/>
	<timeFitness value='0.269306'/>
	<unitsAverage value='71'/>
</results>
