<results>
	<result value='draw'/>
	<start value='2015-05-07.11:54:49'/>
	<end value='2015-05-07.11:56:39'/>
	<frames value='57601'/>
	<gameDuration value='3600'/>

	<player>
		<unitScore value='27075'/>
		<killScore value='44125'/>
		<buildingScore value='3375'/>
		<razingScore value='630'/>
		<mineralScore value='31958'/>
		<gasScore value='7200'/>
		<totalScore value='114363'/>
	</player>

	<enemy>
		<race value='Zerg'/>
		<unitScore value='30325'/>
		<unitScore value='30325'/>
		<killScore value='32700'/>
		<buildingScore value='4280'/>
		<razingScore value='1875'/>
		<mineralScore value='31070'/>
		<gasScore value='12104'/>
		<totalScore value='112354'/>
	</enemy>

	<scoreRatio value='1.01788'/>
	<timeFitness value='0.5'/>
	<unitsAverage value='129'/>
</results>
