<results>
	<result value='draw'/>
	<start value='2015-05-07.12:19:28'/>
	<end value='2015-05-07.12:21:25'/>
	<frames value='57601'/>
	<gameDuration value='3600'/>

	<player>
		<unitScore value='30725'/>
		<killScore value='59970'/>
		<buildingScore value='3625'/>
		<razingScore value='4200'/>
		<mineralScore value='36590'/>
		<gasScore value='6522'/>
		<totalScore value='141632'/>
	</player>

	<enemy>
		<race value='Zerg'/>
		<unitScore value='33250'/>
		<unitScore value='33250'/>
		<killScore value='31300'/>
		<buildingScore value='4135'/>
		<razingScore value='450'/>
		<mineralScore value='25962'/>
		<gasScore value='11846'/>
		<totalScore value='106943'/>
	</enemy>

	<scoreRatio value='1.32437'/>
	<timeFitness value='0.5'/>
	<unitsAverage value='148'/>
</results>
