<results>
	<result value='draw'/>
	<start value='2015-05-07.12:26:25'/>
	<end value='2015-05-07.12:27:56'/>
	<frames value='57601'/>
	<gameDuration value='3600'/>

	<player>
		<unitScore value='34625'/>
		<killScore value='78650'/>
		<buildingScore value='3100'/>
		<razingScore value='3765'/>
		<mineralScore value='35638'/>
		<gasScore value='4896'/>
		<totalScore value='160674'/>
	</player>

	<enemy>
		<race value='Zerg'/>
		<unitScore value='36350'/>
		<unitScore value='36350'/>
		<killScore value='50600'/>
		<buildingScore value='4155'/>
		<razingScore value='300'/>
		<mineralScore value='27422'/>
		<gasScore value='11380'/>
		<totalScore value='130207'/>
	</enemy>

	<scoreRatio value='1.23399'/>
	<timeFitness value='0.5'/>
	<unitsAverage value='131'/>
</results>
