<results>
	<result value='win'/>
	<start value='2015-05-07.12:33:39'/>
	<end value='2015-05-07.12:34:16'/>
	<frames value='28925'/>
	<gameDuration value='1807'/>

	<player>
		<unitScore value='17200'/>
		<killScore value='31200'/>
		<buildingScore value='4100'/>
		<razingScore value='6390'/>
		<mineralScore value='29114'/>
		<gasScore value='2192'/>
		<totalScore value='90196'/>
	</player>

	<enemy>
		<race value='Zerg'/>
		<unitScore value='14175'/>
		<unitScore value='14175'/>
		<killScore value='15650'/>
		<buildingScore value='2130'/>
		<razingScore value='1575'/>
		<mineralScore value='13042'/>
		<gasScore value='3128'/>
		<totalScore value='49700'/>
	</enemy>

	<scoreRatio value='1.81481'/>
	<timeFitness value='0.749028'/>
	<unitsAverage value='100'/>
</results>
