<results>
	<result value='win'/>
	<start value='2015-04-30.19:31:40'/>
	<end value='2015-04-30.19:32:21'/>
	<frames value='27251'/>
	<gameDuration value='1703'/>

	<player>
		<unitScore value='19525'/>
		<killScore value='23970'/>
		<buildingScore value='4450'/>
		<razingScore value='6255'/>
		<mineralScore value='25378'/>
		<gasScore value='1640'/>
		<totalScore value='81218'/>
	</player>

	<enemy>
		<race value='Zerg'/>
		<unitScore value='10950'/>
		<unitScore value='10950'/>
		<killScore value='14050'/>
		<buildingScore value='2085'/>
		<razingScore value='0'/>
		<mineralScore value='10682'/>
		<gasScore value='3568'/>
		<totalScore value='41335'/>
	</enemy>

	<scoreRatio value='1.96487'/>
	<timeFitness value='0.763472'/>
	<unitsAverage value='105'/>
</results>
