<results>
	<result value='win'/>
	<start value='2015-04-14.01:48:55'/>
	<end value='2015-04-14.01:49:47'/>
	<frames value='29514'/>
	<gameDuration value='1844'/>

	<player>
		<unitScore value='16650'/>
		<killScore value='16750'/>
		<buildingScore value='2825'/>
		<razingScore value='17025'/>
		<mineralScore value='20170'/>
		<gasScore value='3272'/>
		<totalScore value='76692'/>
	</player>

	<enemy>
		<race value='Protoss'/>
		<unitScore value='8375'/>
		<unitScore value='8375'/>
		<killScore value='12950'/>
		<buildingScore value='5675'/>
		<razingScore value='150'/>
		<mineralScore value='14466'/>
		<gasScore value='3848'/>
		<totalScore value='45464'/>
	</enemy>

	<scoreRatio value='1.68687'/>
</results>
