<results>
	<result value='loss'/>
	<start value='2015-04-14.02:01:56'/>
	<end value='2015-04-14.02:03:24'/>
	<frames value='46006'/>
	<gameDuration value='2875'/>

	<player>
		<unitScore value='22150'/>
		<killScore value='36400'/>
		<buildingScore value='3100'/>
		<razingScore value='0'/>
		<mineralScore value='24050'/>
		<gasScore value='5286'/>
		<totalScore value='90986'/>
	</player>

	<enemy>
		<race value='Protoss'/>
		<unitScore value='37775'/>
		<unitScore value='37775'/>
		<killScore value='44300'/>
		<buildingScore value='7975'/>
		<razingScore value='9300'/>
		<mineralScore value='33378'/>
		<gasScore value='13300'/>
		<totalScore value='146028'/>
	</enemy>

	<scoreRatio value='0.623072'/>
</results>
