<results>
	<result value='loss'/>
	<start value='2015-04-14.02:03:27'/>
	<end value='2015-04-14.02:03:42'/>
	<frames value='17052'/>
	<gameDuration value='1065'/>

	<player>
		<unitScore value='2675'/>
		<killScore value='1600'/>
		<buildingScore value='1525'/>
		<razingScore value='0'/>
		<mineralScore value='4402'/>
		<gasScore value='784'/>
		<totalScore value='10986'/>
	</player>

	<enemy>
		<race value='Protoss'/>
		<unitScore value='3600'/>
		<unitScore value='3600'/>
		<killScore value='5350'/>
		<buildingScore value='4025'/>
		<razingScore value='4575'/>
		<mineralScore value='9282'/>
		<gasScore value='1616'/>
		<totalScore value='28448'/>
	</enemy>

	<scoreRatio value='0.386178'/>
</results>
