<results>
	<result value='loss'/>
	<start value='2015-04-14.02:10:37'/>
	<end value='2015-04-14.02:10:51'/>
	<frames value='14665'/>
	<gameDuration value='916'/>

	<player>
		<unitScore value='2950'/>
		<killScore value='600'/>
		<buildingScore value='1325'/>
		<razingScore value='0'/>
		<mineralScore value='4514'/>
		<gasScore value='880'/>
		<totalScore value='10269'/>
	</player>

	<enemy>
		<race value='Protoss'/>
		<unitScore value='3650'/>
		<unitScore value='3650'/>
		<killScore value='5900'/>
		<buildingScore value='2425'/>
		<razingScore value='3975'/>
		<mineralScore value='7482'/>
		<gasScore value='1336'/>
		<totalScore value='24768'/>
	</enemy>

	<scoreRatio value='0.414608'/>
</results>
