<results>
	<result value='win'/>
	<start value='2015-05-10.06:18:43'/>
	<end value='2015-05-10.06:19:03'/>
	<frames value='27716'/>
	<gameDuration value='1732'/>

	<player>
		<unitScore value='10675'/>
		<killScore value='25350'/>
		<buildingScore value='3675'/>
		<razingScore value='9900'/>
		<mineralScore value='14818'/>
		<gasScore value='2560'/>
		<totalScore value='66978'/>
	</player>

	<enemy>
		<race value='Terran'/>
		<unitScore value='12675'/>
		<unitScore value='12675'/>
		<killScore value='9300'/>
		<buildingScore value='3300'/>
		<razingScore value='3450'/>
		<mineralScore value='11378'/>
		<gasScore value='4472'/>
		<totalScore value='44575'/>
	</enemy>

	<scoreRatio value='1.50259'/>
	<timeFitness value='0.759444'/>
	<unitsAverage value='58'/>
</results>
