<results>
	<result value='win'/>
	<start value='2015-05-10.06:20:15'/>
	<end value='2015-05-10.06:20:37'/>
	<frames value='29514'/>
	<gameDuration value='1844'/>

	<player>
		<unitScore value='13200'/>
		<killScore value='27300'/>
		<buildingScore value='3125'/>
		<razingScore value='10125'/>
		<mineralScore value='16714'/>
		<gasScore value='2752'/>
		<totalScore value='73216'/>
	</player>

	<enemy>
		<race value='Terran'/>
		<unitScore value='13650'/>
		<unitScore value='13650'/>
		<killScore value='12850'/>
		<buildingScore value='3375'/>
		<razingScore value='2850'/>
		<mineralScore value='11990'/>
		<gasScore value='5080'/>
		<totalScore value='49795'/>
	</enemy>

	<scoreRatio value='1.47035'/>
	<timeFitness value='0.743889'/>
	<unitsAverage value='63'/>
</results>
