<results>
	<result value='win'/>
	<start value='2015-05-10.06:23:04'/>
	<end value='2015-05-10.06:23:36'/>
	<frames value='32583'/>
	<gameDuration value='2036'/>

	<player>
		<unitScore value='22675'/>
		<killScore value='27600'/>
		<buildingScore value='4425'/>
		<razingScore value='6975'/>
		<mineralScore value='29842'/>
		<gasScore value='2504'/>
		<totalScore value='94021'/>
	</player>

	<enemy>
		<race value='Terran'/>
		<unitScore value='14100'/>
		<unitScore value='14100'/>
		<killScore value='23900'/>
		<buildingScore value='2400'/>
		<razingScore value='150'/>
		<mineralScore value='12050'/>
		<gasScore value='5152'/>
		<totalScore value='57752'/>
	</enemy>

	<scoreRatio value='1.62801'/>
	<timeFitness value='0.717222'/>
	<unitsAverage value='96'/>
</results>
