<results>
	<result value='win'/>
	<start value='2015-05-10.06:23:40'/>
	<end value='2015-05-10.06:23:56'/>
	<frames value='22973'/>
	<gameDuration value='1435'/>

	<player>
		<unitScore value='10800'/>
		<killScore value='17750'/>
		<buildingScore value='3225'/>
		<razingScore value='8550'/>
		<mineralScore value='15070'/>
		<gasScore value='2096'/>
		<totalScore value='57491'/>
	</player>

	<enemy>
		<race value='Terran'/>
		<unitScore value='9175'/>
		<unitScore value='9175'/>
		<killScore value='7850'/>
		<buildingScore value='2850'/>
		<razingScore value='1500'/>
		<mineralScore value='9522'/>
		<gasScore value='3480'/>
		<totalScore value='34377'/>
	</enemy>

	<scoreRatio value='1.67237'/>
	<timeFitness value='0.800694'/>
	<unitsAverage value='59'/>
</results>
