<results>
	<result value='loss'/>
	<start value='2014-07-06.03:22:18'/>
	<end value='2014-07-06.03:22:55'/>
	<frames value='43681'/>
	<gameDuration value='2730'/>

	<player>
		<unitScore value='18025'/>
		<killScore value='20300'/>
		<buildingScore value='2525'/>
		<razingScore value='1050'/>
		<mineralScore value='19558'/>
		<gasScore value='4672'/>
		<totalScore value='66130'/>
	</player>

	<enemy>
		<race value='Protoss'/>
		<unitScore value='28500'/>
		<unitScore value='28500'/>
		<killScore value='36050'/>
		<buildingScore value='7475'/>
		<razingScore value='7575'/>
		<mineralScore value='29970'/>
		<gasScore value='9802'/>
		<totalScore value='119372'/>
	</enemy>

	<scoreRatio value='0.553982'/>
</results>
