<results>
	<result value='loss'/>
	<start value='2014-07-06.03:29:37'/>
	<end value='2014-07-06.03:30:16'/>
	<frames value='45572'/>
	<gameDuration value='2848'/>

	<player>
		<unitScore value='22200'/>
		<killScore value='24900'/>
		<buildingScore value='2825'/>
		<razingScore value='0'/>
		<mineralScore value='23034'/>
		<gasScore value='2952'/>
		<totalScore value='75911'/>
	</player>

	<enemy>
		<race value='Protoss'/>
		<unitScore value='35260'/>
		<unitScore value='35260'/>
		<killScore value='44400'/>
		<buildingScore value='8075'/>
		<razingScore value='8475'/>
		<mineralScore value='31566'/>
		<gasScore value='13364'/>
		<totalScore value='141140'/>
	</enemy>

	<scoreRatio value='0.537842'/>
</results>
