<results>
	<result value='win'/>
	<start value='2015-07-12.00:00:00'/>
	<end value='2015-07-12.00:00:14'/>
	<frames value='16153'/>
	<gameDuration value='1009'/>

	<player>
		<unitScore value='7300'/>
		<killScore value='8000'/>
		<buildingScore value='2375'/>
		<razingScore value='3600'/>
		<mineralScore value='9402'/>
		<gasScore value='1312'/>
		<totalScore value='31989'/>
	</player>

	<enemy>
		<race value='Terran'/>
		<unitScore value='4000'/>
		<killScore value='2200'/>
		<buildingScore value='1275'/>
		<razingScore value='0'/>
		<mineralScore value='5010'/>
		<gasScore value='1352'/>
		<totalScore value='13837'/>
	</enemy>

	<scoreRatio value='2.31185'/>
	<timeFitness value='0.859861'/>
	<unitsAverage value='46'/>
</results>
