<results>
	<result value='win'/>
	<start value='2014-07-22.23:59:21'/>
	<end value='2014-07-22.23:59:58'/>
	<frames value='34722'/>
	<gameDuration value='2170'/>

	<player>
		<unitScore value='21975'/>
		<killScore value='41920'/>
		<buildingScore value='4375'/>
		<razingScore value='8895'/>
		<mineralScore value='27938'/>
		<gasScore value='3008'/>
		<totalScore value='108111'/>
	</player>

	<enemy>
		<race value='Zerg'/>
		<unitScore value='19350'/>
		<unitScore value='19350'/>
		<killScore value='22450'/>
		<buildingScore value='2965'/>
		<razingScore value='3525'/>
		<mineralScore value='17306'/>
		<gasScore value='5124'/>
		<totalScore value='70720'/>
	</enemy>

	<scoreRatio value='1.52872'/>
</results>
