<results>
	<result value='loss'/>
	<start value='2015-05-07.05:01:11'/>
	<end value='2015-05-07.05:01:28'/>
	<frames value='29793'/>
	<gameDuration value='1862'/>

	<player>
		<unitScore value='6625'/>
		<killScore value='3950'/>
		<buildingScore value='2200'/>
		<razingScore value='0'/>
		<mineralScore value='11606'/>
		<gasScore value='712'/>
		<totalScore value='25093'/>
	</player>

	<enemy>
		<race value='Protoss'/>
		<unitScore value='14275'/>
		<unitScore value='14275'/>
		<killScore value='13250'/>
		<buildingScore value='6875'/>
		<razingScore value='6600'/>
		<mineralScore value='17714'/>
		<gasScore value='7048'/>
		<totalScore value='65762'/>
	</enemy>

	<scoreRatio value='0.381573'/>
	<timeFitness value='0.258611'/>
	<unitsAverage value='34'/>
</results>
