<results>
	<result value='loss'/>
	<start value='2015-05-07.05:05:17'/>
	<end value='2015-05-07.05:05:25'/>
	<frames value='14572'/>
	<gameDuration value='910'/>

	<player>
		<unitScore value='2900'/>
		<killScore value='400'/>
		<buildingScore value='1475'/>
		<razingScore value='0'/>
		<mineralScore value='4650'/>
		<gasScore value='776'/>
		<totalScore value='10201'/>
	</player>

	<enemy>
		<race value='Protoss'/>
		<unitScore value='3550'/>
		<unitScore value='3550'/>
		<killScore value='5600'/>
		<buildingScore value='2875'/>
		<razingScore value='4425'/>
		<mineralScore value='7602'/>
		<gasScore value='1376'/>
		<totalScore value='25428'/>
	</enemy>

	<scoreRatio value='0.401172'/>
	<timeFitness value='0.126389'/>
	<unitsAverage value='21'/>
</results>
