<results>
	<result value='loss'/>
	<start value='2015-05-07.05:18:19'/>
	<end value='2015-05-07.05:19:05'/>
	<frames value='51927'/>
	<gameDuration value='3245'/>

	<player>
		<unitScore value='25650'/>
		<killScore value='37100'/>
		<buildingScore value='3275'/>
		<razingScore value='4200'/>
		<mineralScore value='28722'/>
		<gasScore value='2992'/>
		<totalScore value='101939'/>
	</player>

	<enemy>
		<race value='Protoss'/>
		<unitScore value='26775'/>
		<unitScore value='26775'/>
		<killScore value='51300'/>
		<buildingScore value='6775'/>
		<razingScore value='9825'/>
		<mineralScore value='27306'/>
		<gasScore value='9772'/>
		<totalScore value='131753'/>
	</enemy>

	<scoreRatio value='0.773713'/>
	<timeFitness value='0.450694'/>
	<unitsAverage value='80'/>
</results>
