<results>
	<result value='win'/>
	<start value='2015-05-07.05:27:05'/>
	<end value='2015-05-07.05:28:14'/>
	<frames value='46843'/>
	<gameDuration value='2927'/>

	<player>
		<unitScore value='30450'/>
		<killScore value='41450'/>
		<buildingScore value='4700'/>
		<razingScore value='16575'/>
		<mineralScore value='40034'/>
		<gasScore value='5036'/>
		<totalScore value='138245'/>
	</player>

	<enemy>
		<race value='Protoss'/>
		<unitScore value='24300'/>
		<unitScore value='24300'/>
		<killScore value='37700'/>
		<buildingScore value='5525'/>
		<razingScore value='0'/>
		<mineralScore value='19906'/>
		<gasScore value='8080'/>
		<totalScore value='95511'/>
	</enemy>

	<scoreRatio value='1.44742'/>
	<timeFitness value='0.593472'/>
	<unitsAverage value='134'/>
</results>
