<results>
	<result value='win'/>
	<start value='2015-05-01.08:50:51'/>
	<end value='2015-05-01.08:51:33'/>
	<frames value='26662'/>
	<gameDuration value='1666'/>

	<player>
		<unitScore value='16575'/>
		<killScore value='22555'/>
		<buildingScore value='3575'/>
		<razingScore value='5430'/>
		<mineralScore value='27826'/>
		<gasScore value='1952'/>
		<totalScore value='77913'/>
	</player>

	<enemy>
		<race value='Zerg'/>
		<unitScore value='11200'/>
		<unitScore value='11200'/>
		<killScore value='11250'/>
		<buildingScore value='1810'/>
		<razingScore value='0'/>
		<mineralScore value='11834'/>
		<gasScore value='4624'/>
		<totalScore value='40718'/>
	</enemy>

	<scoreRatio value='1.91348'/>
</results>
