<results>
	<result value='loss'/>
	<start value='2015-05-01.09:01:04'/>
	<end value='2015-05-01.09:01:07'/>
	<frames value='6419'/>
	<gameDuration value='401'/>

	<player>
		<unitScore value='900'/>
		<killScore value='0'/>
		<buildingScore value='675'/>
		<razingScore value='0'/>
		<mineralScore value='1258'/>
		<gasScore value='16'/>
		<totalScore value='2849'/>
	</player>

	<enemy>
		<race value='Zerg'/>
		<unitScore value='1100'/>
		<unitScore value='1100'/>
		<killScore value='1700'/>
		<buildingScore value='375'/>
		<razingScore value='2025'/>
		<mineralScore value='1594'/>
		<gasScore value='0'/>
		<totalScore value='6794'/>
	</enemy>

	<scoreRatio value='0.419341'/>
</results>
