<results>
	<result value='win'/>
	<start value='2015-05-01.09:03:22'/>
	<end value='2015-05-01.09:04:28'/>
	<frames value='35900'/>
	<gameDuration value='2243'/>

	<player>
		<unitScore value='26100'/>
		<killScore value='45980'/>
		<buildingScore value='4525'/>
		<razingScore value='6570'/>
		<mineralScore value='33698'/>
		<gasScore value='2864'/>
		<totalScore value='119737'/>
	</player>

	<enemy>
		<race value='Zerg'/>
		<unitScore value='21825'/>
		<unitScore value='21825'/>
		<killScore value='28550'/>
		<buildingScore value='2190'/>
		<razingScore value='0'/>
		<mineralScore value='17154'/>
		<gasScore value='6480'/>
		<totalScore value='76199'/>
	</enemy>

	<scoreRatio value='1.57137'/>
</results>
