<results>
	<result value='win'/>
	<start value='2015-05-08.23:48:51'/>
	<end value='2015-05-08.23:49:44'/>
	<frames value='36737'/>
	<gameDuration value='2296'/>

	<player>
		<unitScore value='22900'/>
		<killScore value='36200'/>
		<buildingScore value='3400'/>
		<razingScore value='13500'/>
		<mineralScore value='30494'/>
		<gasScore value='2992'/>
		<totalScore value='109486'/>
	</player>

	<enemy>
		<race value='Terran'/>
		<unitScore value='18100'/>
		<unitScore value='18100'/>
		<killScore value='21000'/>
		<buildingScore value='4500'/>
		<razingScore value='150'/>
		<mineralScore value='15354'/>
		<gasScore value='6912'/>
		<totalScore value='66016'/>
	</enemy>

	<scoreRatio value='1.65848'/>
	<timeFitness value='0.681111'/>
	<unitsAverage value='122'/>
</results>
