<results>
	<result value='win'/>
	<start value='2015-05-05.20:10:46'/>
	<end value='2015-05-05.20:11:39'/>
	<frames value='39589'/>
	<gameDuration value='2474'/>

	<player>
		<unitScore value='26375'/>
		<killScore value='35250'/>
		<buildingScore value='3300'/>
		<razingScore value='19425'/>
		<mineralScore value='27658'/>
		<gasScore value='3984'/>
		<totalScore value='115992'/>
	</player>

	<enemy>
		<race value='Protoss'/>
		<unitScore value='18575'/>
		<unitScore value='18575'/>
		<killScore value='27150'/>
		<buildingScore value='6475'/>
		<razingScore value='0'/>
		<mineralScore value='22522'/>
		<gasScore value='5304'/>
		<totalScore value='80026'/>
	</enemy>

	<scoreRatio value='1.44943'/>
	<timeFitness value='0.656389'/>
	<unitsAverage value='119'/>
</results>
