<results>
	<result value='loss'/>
	<start value='2015-05-05.20:17:37'/>
	<end value='2015-05-05.20:17:46'/>
	<frames value='17672'/>
	<gameDuration value='1104'/>

	<player>
		<unitScore value='3400'/>
		<killScore value='1000'/>
		<buildingScore value='1575'/>
		<razingScore value='0'/>
		<mineralScore value='4922'/>
		<gasScore value='408'/>
		<totalScore value='11305'/>
	</player>

	<enemy>
		<race value='Protoss'/>
		<unitScore value='3700'/>
		<unitScore value='3700'/>
		<killScore value='6800'/>
		<buildingScore value='3825'/>
		<razingScore value='4725'/>
		<mineralScore value='9658'/>
		<gasScore value='1512'/>
		<totalScore value='30220'/>
	</enemy>

	<scoreRatio value='0.37409'/>
	<timeFitness value='0.153333'/>
	<unitsAverage value='21'/>
</results>
