<results>
	<result value='loss'/>
	<start value='2015-04-17.03:13:12'/>
	<end value='2015-04-17.03:13:57'/>
	<frames value='41294'/>
	<gameDuration value='2580'/>

	<player>
		<unitScore value='13775'/>
		<killScore value='11600'/>
		<buildingScore value='2475'/>
		<razingScore value='0'/>
		<mineralScore value='15834'/>
		<gasScore value='2928'/>
		<totalScore value='46612'/>
	</player>

	<enemy>
		<race value='Protoss'/>
		<unitScore value='23575'/>
		<unitScore value='23575'/>
		<killScore value='27300'/>
		<buildingScore value='7975'/>
		<razingScore value='7425'/>
		<mineralScore value='28954'/>
		<gasScore value='10140'/>
		<totalScore value='105369'/>
	</enemy>

	<scoreRatio value='0.442369'/>
</results>
