<results>
	<result value='loss'/>
	<start value='2015-04-29.22:48:29'/>
	<end value='2015-04-29.22:48:43'/>
	<frames value='19284'/>
	<gameDuration value='1205'/>

	<player>
		<unitScore value='4100'/>
		<killScore value='1600'/>
		<buildingScore value='1600'/>
		<razingScore value='0'/>
		<mineralScore value='5786'/>
		<gasScore value='752'/>
		<totalScore value='13838'/>
	</player>

	<enemy>
		<race value='Protoss'/>
		<unitScore value='4750'/>
		<unitScore value='4750'/>
		<killScore value='8200'/>
		<buildingScore value='4475'/>
		<razingScore value='4800'/>
		<mineralScore value='10906'/>
		<gasScore value='2352'/>
		<totalScore value='35483'/>
	</enemy>

	<scoreRatio value='0.38999'/>
</results>
