<results>
	<result value='loss'/>
	<start value='2015-04-09.15:59:22'/>
	<end value='2015-04-09.15:59:40'/>
	<frames value='29111'/>
	<gameDuration value='1819'/>

	<player>
		<unitScore value='9325'/>
		<killScore value='2600'/>
		<buildingScore value='3625'/>
		<razingScore value='0'/>
		<mineralScore value='13922'/>
		<gasScore value='2072'/>
		<totalScore value='31544'/>
	</player>

	<enemy>
		<race value='Protoss'/>
		<unitScore value='14025'/>
		<unitScore value='14025'/>
		<killScore value='18650'/>
		<buildingScore value='5975'/>
		<razingScore value='10875'/>
		<mineralScore value='17806'/>
		<gasScore value='6848'/>
		<totalScore value='74179'/>
	</enemy>

	<scoreRatio value='0.425242'/>
</results>
