<results>
	<result value='loss'/>
	<start value='2015-04-09.16:06:50'/>
	<end value='2015-04-09.16:06:59'/>
	<frames value='17858'/>
	<gameDuration value='1116'/>

	<player>
		<unitScore value='3975'/>
		<killScore value='3000'/>
		<buildingScore value='1475'/>
		<razingScore value='0'/>
		<mineralScore value='5554'/>
		<gasScore value='1184'/>
		<totalScore value='15188'/>
	</player>

	<enemy>
		<race value='Protoss'/>
		<unitScore value='4150'/>
		<unitScore value='4150'/>
		<killScore value='7950'/>
		<buildingScore value='4325'/>
		<razingScore value='4425'/>
		<mineralScore value='9602'/>
		<gasScore value='2072'/>
		<totalScore value='32524'/>
	</enemy>

	<scoreRatio value='0.466978'/>
</results>
