<results>
	<result value='win'/>
	<start value='2015-05-11.02:35:06'/>
	<end value='2015-05-11.02:35:33'/>
	<frames value='22570'/>
	<gameDuration value='1410'/>

	<player>
		<unitScore value='13225'/>
		<killScore value='19590'/>
		<buildingScore value='3625'/>
		<razingScore value='4560'/>
		<mineralScore value='19126'/>
		<gasScore value='1760'/>
		<totalScore value='61886'/>
	</player>

	<enemy>
		<race value='Zerg'/>
		<unitScore value='9150'/>
		<unitScore value='9150'/>
		<killScore value='8800'/>
		<buildingScore value='1520'/>
		<razingScore value='0'/>
		<mineralScore value='8314'/>
		<gasScore value='2304'/>
		<totalScore value='30088'/>
	</enemy>

	<scoreRatio value='2.05683'/>
	<timeFitness value='0.804167'/>
	<unitsAverage value='78'/>
</results>
