<results>
	<result value='win'/>
	<start value='2015-05-11.02:44:45'/>
	<end value='2015-05-11.02:46:11'/>
	<frames value='37729'/>
	<gameDuration value='2358'/>

	<player>
		<unitScore value='19175'/>
		<killScore value='30730'/>
		<buildingScore value='4775'/>
		<razingScore value='6495'/>
		<mineralScore value='34574'/>
		<gasScore value='2600'/>
		<totalScore value='98349'/>
	</player>

	<enemy>
		<race value='Zerg'/>
		<unitScore value='13900'/>
		<unitScore value='13900'/>
		<killScore value='12050'/>
		<buildingScore value='2165'/>
		<razingScore value='0'/>
		<mineralScore value='13218'/>
		<gasScore value='4240'/>
		<totalScore value='45573'/>
	</enemy>

	<scoreRatio value='2.15805'/>
	<timeFitness value='0.6725'/>
	<unitsAverage value='134'/>
</results>
