<results>
	<result value='win'/>
	<start value='2015-05-11.16:33:50'/>
	<end value='2015-05-11.16:34:13'/>
	<frames value='25763'/>
	<gameDuration value='1610'/>

	<player>
		<unitScore value='15575'/>
		<killScore value='21990'/>
		<buildingScore value='4025'/>
		<razingScore value='5460'/>
		<mineralScore value='24802'/>
		<gasScore value='2664'/>
		<totalScore value='74516'/>
	</player>

	<enemy>
		<race value='Zerg'/>
		<unitScore value='9875'/>
		<unitScore value='9875'/>
		<killScore value='14000'/>
		<buildingScore value='1820'/>
		<razingScore value='0'/>
		<mineralScore value='9362'/>
		<gasScore value='2752'/>
		<totalScore value='37809'/>
	</enemy>

	<scoreRatio value='1.97085'/>
	<timeFitness value='0.776389'/>
	<unitsAverage value='89'/>
</results>
