<results>
	<result value='win'/>
	<start value='2015-05-11.16:34:16'/>
	<end value='2015-05-11.16:34:36'/>
	<frames value='22167'/>
	<gameDuration value='1385'/>

	<player>
		<unitScore value='12625'/>
		<killScore value='16660'/>
		<buildingScore value='3975'/>
		<razingScore value='4635'/>
		<mineralScore value='18778'/>
		<gasScore value='1744'/>
		<totalScore value='58417'/>
	</player>

	<enemy>
		<race value='Zerg'/>
		<unitScore value='8350'/>
		<unitScore value='8350'/>
		<killScore value='6050'/>
		<buildingScore value='1545'/>
		<razingScore value='0'/>
		<mineralScore value='8722'/>
		<gasScore value='2744'/>
		<totalScore value='27411'/>
	</enemy>

	<scoreRatio value='2.13115'/>
	<timeFitness value='0.807639'/>
	<unitsAverage value='81'/>
</results>
