<results>
	<result value='win'/>
	<start value='2015-05-11.16:34:39'/>
	<end value='2015-05-11.16:35:02'/>
	<frames value='24709'/>
	<gameDuration value='1544'/>

	<player>
		<unitScore value='17500'/>
		<killScore value='23030'/>
		<buildingScore value='4475'/>
		<razingScore value='4800'/>
		<mineralScore value='22342'/>
		<gasScore value='1984'/>
		<totalScore value='74131'/>
	</player>

	<enemy>
		<race value='Zerg'/>
		<unitScore value='10750'/>
		<unitScore value='10750'/>
		<killScore value='18550'/>
		<buildingScore value='1600'/>
		<razingScore value='0'/>
		<mineralScore value='10154'/>
		<gasScore value='3152'/>
		<totalScore value='44206'/>
	</enemy>

	<scoreRatio value='1.67694'/>
	<timeFitness value='0.785556'/>
	<unitsAverage value='90'/>
</results>
