<results>
	<result value='win'/>
	<start value='2015-05-11.16:35:05'/>
	<end value='2015-05-11.16:35:20'/>
	<frames value='20493'/>
	<gameDuration value='1280'/>

	<player>
		<unitScore value='10850'/>
		<killScore value='20100'/>
		<buildingScore value='3000'/>
		<razingScore value='3660'/>
		<mineralScore value='14402'/>
		<gasScore value='1840'/>
		<totalScore value='53852'/>
	</player>

	<enemy>
		<race value='Zerg'/>
		<unitScore value='9150'/>
		<unitScore value='9150'/>
		<killScore value='7500'/>
		<buildingScore value='1220'/>
		<razingScore value='0'/>
		<mineralScore value='8058'/>
		<gasScore value='2232'/>
		<totalScore value='28160'/>
	</enemy>

	<scoreRatio value='1.91236'/>
	<timeFitness value='0.822222'/>
	<unitsAverage value='66'/>
</results>
