<results>
	<result value='win'/>
	<start value='2015-05-11.16:37:47'/>
	<end value='2015-05-11.16:38:15'/>
	<frames value='27902'/>
	<gameDuration value='1743'/>

	<player>
		<unitScore value='21550'/>
		<killScore value='21760'/>
		<buildingScore value='4125'/>
		<razingScore value='6840'/>
		<mineralScore value='26210'/>
		<gasScore value='1768'/>
		<totalScore value='82253'/>
	</player>

	<enemy>
		<race value='Zerg'/>
		<unitScore value='10275'/>
		<unitScore value='10275'/>
		<killScore value='23750'/>
		<buildingScore value='2280'/>
		<razingScore value='0'/>
		<mineralScore value='11266'/>
		<gasScore value='3568'/>
		<totalScore value='51139'/>
	</enemy>

	<scoreRatio value='1.60842'/>
	<timeFitness value='0.757917'/>
	<unitsAverage value='100'/>
</results>
