<results>
	<result value='win'/>
	<start value='2015-05-05.16:30:30'/>
	<end value='2015-05-05.16:31:22'/>
	<frames value='41077'/>
	<gameDuration value='2567'/>

	<player>
		<unitScore value='25450'/>
		<killScore value='31920'/>
		<buildingScore value='2825'/>
		<razingScore value='5850'/>
		<mineralScore value='29682'/>
		<gasScore value='0'/>
		<totalScore value='95727'/>
	</player>

	<enemy>
		<race value='Zerg'/>
		<unitScore value='14000'/>
		<unitScore value='14000'/>
		<killScore value='35900'/>
		<buildingScore value='1950'/>
		<razingScore value='0'/>
		<mineralScore value='13126'/>
		<gasScore value='4704'/>
		<totalScore value='69680'/>
	</enemy>

	<scoreRatio value='1.37381'/>
	<timeFitness value='0.643472'/>
	<unitsAverage value='103'/>
</results>
