<results>
	<result value='win'/>
	<start value='2015-05-11.16:46:50'/>
	<end value='2015-05-11.16:47:27'/>
	<frames value='32397'/>
	<gameDuration value='2024'/>

	<player>
		<unitScore value='22000'/>
		<killScore value='40135'/>
		<buildingScore value='4375'/>
		<razingScore value='7095'/>
		<mineralScore value='30810'/>
		<gasScore value='2408'/>
		<totalScore value='106823'/>
	</player>

	<enemy>
		<race value='Zerg'/>
		<unitScore value='17300'/>
		<unitScore value='17300'/>
		<killScore value='20250'/>
		<buildingScore value='2365'/>
		<razingScore value='0'/>
		<mineralScore value='16058'/>
		<gasScore value='4936'/>
		<totalScore value='60909'/>
	</enemy>

	<scoreRatio value='1.75381'/>
	<timeFitness value='0.718889'/>
	<unitsAverage value='109'/>
</results>
