<results>
	<result value='win'/>
	<start value='2015-05-04.23:42:03'/>
	<end value='2015-05-04.23:42:39'/>
	<frames value='36737'/>
	<gameDuration value='2296'/>

	<player>
		<unitScore value='21700'/>
		<killScore value='35970'/>
		<buildingScore value='1850'/>
		<razingScore value='3660'/>
		<mineralScore value='24038'/>
		<gasScore value='0'/>
		<totalScore value='87218'/>
	</player>

	<enemy>
		<race value='Zerg'/>
		<unitScore value='15800'/>
		<unitScore value='15800'/>
		<killScore value='37700'/>
		<buildingScore value='1220'/>
		<razingScore value='0'/>
		<mineralScore value='12050'/>
		<gasScore value='3888'/>
		<totalScore value='70658'/>
	</enemy>

	<scoreRatio value='1.23437'/>
	<timeFitness value='0.681111'/>
	<unitsAverage value='65'/>
</results>
