<results>
	<result value='loss'/>
	<start value='2015-05-04.23:45:58'/>
	<end value='2015-05-04.23:47:01'/>
	<frames value='47618'/>
	<gameDuration value='2976'/>

	<player>
		<unitScore value='28150'/>
		<killScore value='62450'/>
		<buildingScore value='2525'/>
		<razingScore value='240'/>
		<mineralScore value='31550'/>
		<gasScore value='0'/>
		<totalScore value='124915'/>
	</player>

	<enemy>
		<race value='Zerg'/>
		<unitScore value='36425'/>
		<unitScore value='36425'/>
		<killScore value='56300'/>
		<buildingScore value='3490'/>
		<razingScore value='7575'/>
		<mineralScore value='28466'/>
		<gasScore value='10298'/>
		<totalScore value='142554'/>
	</enemy>

	<scoreRatio value='0.876264'/>
	<timeFitness value='0.413333'/>
	<unitsAverage value='84'/>
</results>
