<results>
	<result value='loss'/>
	<start value='2015-05-10.17:58:57'/>
	<end value='2015-05-10.17:59:10'/>
	<frames value='17796'/>
	<gameDuration value='1112'/>

	<player>
		<unitScore value='850'/>
		<killScore value='300'/>
		<buildingScore value='650'/>
		<razingScore value='0'/>
		<mineralScore value='1162'/>
		<gasScore value='264'/>
		<totalScore value='3226'/>
	</player>

	<enemy>
		<race value='Zerg'/>
		<unitScore value='7475'/>
		<unitScore value='7475'/>
		<killScore value='1700'/>
		<buildingScore value='1220'/>
		<razingScore value='1950'/>
		<mineralScore value='7058'/>
		<gasScore value='1864'/>
		<totalScore value='21267'/>
	</enemy>

	<scoreRatio value='0.15169'/>
	<timeFitness value='0.154444'/>
	<unitsAverage value='6'/>
</results>
