<results>
	<result value='win'/>
	<start value='2015-05-10.18:02:48'/>
	<end value='2015-05-10.18:03:42'/>
	<frames value='28894'/>
	<gameDuration value='1805'/>

	<player>
		<unitScore value='18825'/>
		<killScore value='26910'/>
		<buildingScore value='3200'/>
		<razingScore value='6375'/>
		<mineralScore value='25794'/>
		<gasScore value='2160'/>
		<totalScore value='83264'/>
	</player>

	<enemy>
		<race value='Zerg'/>
		<unitScore value='11925'/>
		<unitScore value='11925'/>
		<killScore value='16350'/>
		<buildingScore value='2125'/>
		<razingScore value='0'/>
		<mineralScore value='12126'/>
		<gasScore value='3920'/>
		<totalScore value='46446'/>
	</enemy>

	<scoreRatio value='1.79271'/>
	<timeFitness value='0.749306'/>
	<unitsAverage value='98'/>
</results>
