<results>
	<result value='loss'/>
	<start value='2015-05-04.23:58:47'/>
	<end value='2015-05-04.23:59:51'/>
	<frames value='49757'/>
	<gameDuration value='3109'/>

	<player>
		<unitScore value='33900'/>
		<killScore value='43430'/>
		<buildingScore value='2975'/>
		<razingScore value='1380'/>
		<mineralScore value='38318'/>
		<gasScore value='0'/>
		<totalScore value='120003'/>
	</player>

	<enemy>
		<race value='Zerg'/>
		<unitScore value='26325'/>
		<unitScore value='26325'/>
		<killScore value='67800'/>
		<buildingScore value='2165'/>
		<razingScore value='8925'/>
		<mineralScore value='19838'/>
		<gasScore value='8214'/>
		<totalScore value='133267'/>
	</enemy>

	<scoreRatio value='0.90047'/>
	<timeFitness value='0.431806'/>
	<unitsAverage value='84'/>
</results>
