<results>
	<result value='loss'/>
	<start value='2015-05-22.02:29:56'/>
	<end value='2015-05-22.02:30:27'/>
	<frames value='41263'/>
	<gameDuration value='2578'/>

	<player>
		<unitScore value='14425'/>
		<killScore value='16100'/>
		<buildingScore value='1925'/>
		<razingScore value='600'/>
		<mineralScore value='19442'/>
		<gasScore value='3552'/>
		<totalScore value='56044'/>
	</player>

	<enemy>
		<race value='Protoss'/>
		<unitScore value='26050'/>
		<killScore value='28950'/>
		<buildingScore value='7225'/>
		<razingScore value='5775'/>
		<mineralScore value='28114'/>
		<gasScore value='10186'/>
		<totalScore value='106300'/>
	</enemy>

	<scoreRatio value='0.527225'/>
	<timeFitness value='0.358056'/>
	<unitsAverage value='52'/>
</results>
