<results>
	<result value='win'/>
	<start value='2015-05-04.19:07:37'/>
	<end value='2015-05-04.19:08:16'/>
	<frames value='29483'/>
	<gameDuration value='1842'/>

	<player>
		<unitScore value='19050'/>
		<killScore value='21050'/>
		<buildingScore value='3425'/>
		<razingScore value='15525'/>
		<mineralScore value='23306'/>
		<gasScore value='2800'/>
		<totalScore value='85156'/>
	</player>

	<enemy>
		<race value='Protoss'/>
		<unitScore value='11225'/>
		<unitScore value='11225'/>
		<killScore value='17800'/>
		<buildingScore value='5175'/>
		<razingScore value='450'/>
		<mineralScore value='13202'/>
		<gasScore value='4344'/>
		<totalScore value='52196'/>
	</enemy>

	<scoreRatio value='1.63147'/>
	<timeFitness value='0.744167'/>
	<unitsAverage value='92'/>
</results>
