<results>
	<result value='loss'/>
	<start value='2015-05-04.19:08:20'/>
	<end value='2015-05-04.19:08:35'/>
	<frames value='26321'/>
	<gameDuration value='1645'/>

	<player>
		<unitScore value='3400'/>
		<killScore value='2800'/>
		<buildingScore value='1175'/>
		<razingScore value='0'/>
		<mineralScore value='4698'/>
		<gasScore value='296'/>
		<totalScore value='12369'/>
	</player>

	<enemy>
		<race value='Protoss'/>
		<unitScore value='10350'/>
		<unitScore value='10350'/>
		<killScore value='6800'/>
		<buildingScore value='6525'/>
		<razingScore value='3525'/>
		<mineralScore value='16210'/>
		<gasScore value='5344'/>
		<totalScore value='48754'/>
	</enemy>

	<scoreRatio value='0.253702'/>
	<timeFitness value='0.228472'/>
	<unitsAverage value='18'/>
</results>
