<results>
	<result value='loss'/>
	<start value='2015-04-28.12:15:39'/>
	<end value='2015-04-28.12:15:52'/>
	<frames value='18044'/>
	<gameDuration value='1127'/>

	<player>
		<unitScore value='3700'/>
		<killScore value='700'/>
		<buildingScore value='2075'/>
		<razingScore value='0'/>
		<mineralScore value='6066'/>
		<gasScore value='1168'/>
		<totalScore value='13709'/>
	</player>

	<enemy>
		<race value='Terran'/>
		<unitScore value='6450'/>
		<unitScore value='6450'/>
		<killScore value='7400'/>
		<buildingScore value='2800'/>
		<razingScore value='6225'/>
		<mineralScore value='8386'/>
		<gasScore value='2480'/>
		<totalScore value='33741'/>
	</enemy>

	<scoreRatio value='0.406301'/>
</results>
