<results>
	<result value='draw'/>
	<start value='2015-04-11.13:48:42'/>
	<end value='2015-04-11.13:50:20'/>
	<frames value='57601'/>
	<gameDuration value='3600'/>

	<player>
		<unitScore value='22350'/>
		<killScore value='37500'/>
		<buildingScore value='3150'/>
		<razingScore value='6450'/>
		<mineralScore value='24282'/>
		<gasScore value='4840'/>
		<totalScore value='98572'/>
	</player>

	<enemy>
		<race value='Protoss'/>
		<unitScore value='36150'/>
		<unitScore value='36150'/>
		<killScore value='40800'/>
		<buildingScore value='9425'/>
		<razingScore value='6150'/>
		<mineralScore value='35910'/>
		<gasScore value='12118'/>
		<totalScore value='140553'/>
	</enemy>

	<scoreRatio value='0.701316'/>
</results>
