<results>
	<result value='loss'/>
	<start value='2015-07-11.20:10:00'/>
	<end value='2015-07-11.20:11:03'/>
	<frames value='47463'/>
	<gameDuration value='2966'/>

	<player>
		<unitScore value='34900'/>
		<killScore value='12600'/>
		<buildingScore value='4225'/>
		<razingScore value='0'/>
		<mineralScore value='30114'/>
		<gasScore value='5584'/>
		<totalScore value='87423'/>
	</player>

	<enemy>
		<race value='Protoss'/>
		<unitScore value='28175'/>
		<killScore value='58400'/>
		<buildingScore value='7575'/>
		<razingScore value='12675'/>
		<mineralScore value='29814'/>
		<gasScore value='10926'/>
		<totalScore value='147565'/>
	</enemy>

	<scoreRatio value='0.592437'/>
	<timeFitness value='0.411944'/>
	<unitsAverage value='105'/>
</results>
