<results>
	<result value='win'/>
	<start value='2015-05-08.21:22:33'/>
	<end value='2015-05-08.21:23:24'/>
	<frames value='29762'/>
	<gameDuration value='1860'/>

	<player>
		<unitScore value='20350'/>
		<killScore value='33160'/>
		<buildingScore value='4225'/>
		<razingScore value='4560'/>
		<mineralScore value='33466'/>
		<gasScore value='3240'/>
		<totalScore value='99001'/>
	</player>

	<enemy>
		<race value='Zerg'/>
		<unitScore value='14550'/>
		<unitScore value='14550'/>
		<killScore value='17850'/>
		<buildingScore value='1520'/>
		<razingScore value='0'/>
		<mineralScore value='11670'/>
		<gasScore value='3856'/>
		<totalScore value='49446'/>
	</enemy>

	<scoreRatio value='2.0022'/>
	<timeFitness value='0.741667'/>
	<unitsAverage value='120'/>
</results>
