<results>
	<result value='win'/>
	<start value='2015-05-08.21:19:48'/>
	<end value='2015-05-08.21:20:41'/>
	<frames value='31281'/>
	<gameDuration value='1955'/>

	<player>
		<unitScore value='21225'/>
		<killScore value='31245'/>
		<buildingScore value='3725'/>
		<razingScore value='6495'/>
		<mineralScore value='32154'/>
		<gasScore value='3464'/>
		<totalScore value='98308'/>
	</player>

	<enemy>
		<race value='Zerg'/>
		<unitScore value='14200'/>
		<unitScore value='14200'/>
		<killScore value='19000'/>
		<buildingScore value='2165'/>
		<razingScore value='0'/>
		<mineralScore value='13358'/>
		<gasScore value='4240'/>
		<totalScore value='52963'/>
	</enemy>

	<scoreRatio value='1.85616'/>
	<timeFitness value='0.728472'/>
	<unitsAverage value='114'/>
</results>
