<results>
	<result value='win'/>
	<start value='2015-05-08.21:26:07'/>
	<end value='2015-05-08.21:26:55'/>
	<frames value='29173'/>
	<gameDuration value='1823'/>

	<player>
		<unitScore value='19525'/>
		<killScore value='27600'/>
		<buildingScore value='4225'/>
		<razingScore value='7995'/>
		<mineralScore value='25546'/>
		<gasScore value='2616'/>
		<totalScore value='87507'/>
	</player>

	<enemy>
		<race value='Zerg'/>
		<unitScore value='12875'/>
		<unitScore value='12875'/>
		<killScore value='13950'/>
		<buildingScore value='2665'/>
		<razingScore value='0'/>
		<mineralScore value='12710'/>
		<gasScore value='4160'/>
		<totalScore value='46360'/>
	</enemy>

	<scoreRatio value='1.88755'/>
	<timeFitness value='0.746806'/>
	<unitsAverage value='104'/>
</results>
