<results>
	<result value='loss'/>
	<start value='2015-05-08.21:31:39'/>
	<end value='2015-05-08.21:31:44'/>
	<frames value='8651'/>
	<gameDuration value='540'/>

	<player>
		<unitScore value='950'/>
		<killScore value='150'/>
		<buildingScore value='750'/>
		<razingScore value='0'/>
		<mineralScore value='1418'/>
		<gasScore value='0'/>
		<totalScore value='3268'/>
	</player>

	<enemy>
		<race value='Zerg'/>
		<unitScore value='1550'/>
		<unitScore value='1550'/>
		<killScore value='1800'/>
		<buildingScore value='940'/>
		<razingScore value='2250'/>
		<mineralScore value='2490'/>
		<gasScore value='136'/>
		<totalScore value='9166'/>
	</enemy>

	<scoreRatio value='0.356535'/>
	<timeFitness value='0.075'/>
	<unitsAverage value='9'/>
</results>
