<results>
	<result value='win'/>
	<start value='2015-05-08.21:50:15'/>
	<end value='2015-05-08.21:50:55'/>
	<frames value='29669'/>
	<gameDuration value='1854'/>

	<player>
		<unitScore value='20350'/>
		<killScore value='25770'/>
		<buildingScore value='3925'/>
		<razingScore value='6660'/>
		<mineralScore value='26250'/>
		<gasScore value='2072'/>
		<totalScore value='85027'/>
	</player>

	<enemy>
		<race value='Zerg'/>
		<unitScore value='11700'/>
		<unitScore value='11700'/>
		<killScore value='20800'/>
		<buildingScore value='2220'/>
		<razingScore value='1350'/>
		<mineralScore value='11686'/>
		<gasScore value='3064'/>
		<totalScore value='50820'/>
	</enemy>

	<scoreRatio value='1.6731'/>
	<timeFitness value='0.7425'/>
	<unitsAverage value='90'/>
</results>
