<results>
	<result value='win'/>
	<start value='2015-05-08.21:52:23'/>
	<end value='2015-05-08.21:53:13'/>
	<frames value='29917'/>
	<gameDuration value='1869'/>

	<player>
		<unitScore value='21750'/>
		<killScore value='32690'/>
		<buildingScore value='4175'/>
		<razingScore value='5040'/>
		<mineralScore value='33074'/>
		<gasScore value='1888'/>
		<totalScore value='98617'/>
	</player>

	<enemy>
		<race value='Zerg'/>
		<unitScore value='14825'/>
		<unitScore value='14825'/>
		<killScore value='19350'/>
		<buildingScore value='1680'/>
		<razingScore value='0'/>
		<mineralScore value='12746'/>
		<gasScore value='4312'/>
		<totalScore value='52913'/>
	</enemy>

	<scoreRatio value='1.86376'/>
	<timeFitness value='0.740417'/>
	<unitsAverage value='111'/>
</results>
