<results>
	<result value='win'/>
	<start value='2015-05-08.22:25:09'/>
	<end value='2015-05-08.22:26:06'/>
	<frames value='32397'/>
	<gameDuration value='2024'/>

	<player>
		<unitScore value='20100'/>
		<killScore value='33530'/>
		<buildingScore value='4275'/>
		<razingScore value='6495'/>
		<mineralScore value='32278'/>
		<gasScore value='2112'/>
		<totalScore value='98790'/>
	</player>

	<enemy>
		<race value='Zerg'/>
		<unitScore value='14625'/>
		<unitScore value='14625'/>
		<killScore value='17150'/>
		<buildingScore value='2165'/>
		<razingScore value='0'/>
		<mineralScore value='14038'/>
		<gasScore value='4752'/>
		<totalScore value='52730'/>
	</enemy>

	<scoreRatio value='1.87351'/>
	<timeFitness value='0.718889'/>
	<unitsAverage value='116'/>
</results>
