<results>
	<result value='loss'/>
	<start value='2015-05-08.22:22:53'/>
	<end value='2015-05-08.22:23:52'/>
	<frames value='47711'/>
	<gameDuration value='2981'/>

	<player>
		<unitScore value='23775'/>
		<killScore value='48175'/>
		<buildingScore value='3300'/>
		<razingScore value='0'/>
		<mineralScore value='24898'/>
		<gasScore value='4472'/>
		<totalScore value='104620'/>
	</player>

	<enemy>
		<race value='Zerg'/>
		<unitScore value='41225'/>
		<unitScore value='41225'/>
		<killScore value='47550'/>
		<buildingScore value='4815'/>
		<razingScore value='9900'/>
		<mineralScore value='30510'/>
		<gasScore value='14362'/>
		<totalScore value='148362'/>
	</enemy>

	<scoreRatio value='0.705167'/>
	<timeFitness value='0.414028'/>
	<unitsAverage value='72'/>
</results>
