<results>
	<result value='loss'/>
	<start value='2015-04-07.17:57:43'/>
	<end value='2015-04-07.17:58:19'/>
	<frames value='47835'/>
	<gameDuration value='2989'/>

	<player>
		<unitScore value='20325'/>
		<killScore value='30450'/>
		<buildingScore value='2775'/>
		<razingScore value='750'/>
		<mineralScore value='21858'/>
		<gasScore value='3456'/>
		<totalScore value='79614'/>
	</player>

	<enemy>
		<race value='Protoss'/>
		<unitScore value='33650'/>
		<unitScore value='33650'/>
		<killScore value='40500'/>
		<buildingScore value='7425'/>
		<razingScore value='8325'/>
		<mineralScore value='34078'/>
		<gasScore value='12250'/>
		<totalScore value='136228'/>
	</enemy>

	<scoreRatio value='0.584417'/>
</results>
