<results>
	<result value='loss'/>
	<start value='2015-04-16.19:14:45'/>
	<end value='2015-04-16.19:14:57'/>
	<frames value='16711'/>
	<gameDuration value='1044'/>

	<player>
		<unitScore value='3125'/>
		<killScore value='1600'/>
		<buildingScore value='1475'/>
		<razingScore value='0'/>
		<mineralScore value='4570'/>
		<gasScore value='488'/>
		<totalScore value='11258'/>
	</player>

	<enemy>
		<race value='Protoss'/>
		<unitScore value='3600'/>
		<unitScore value='3600'/>
		<killScore value='6250'/>
		<buildingScore value='4025'/>
		<razingScore value='4425'/>
		<mineralScore value='8714'/>
		<gasScore value='1624'/>
		<totalScore value='28638'/>
	</enemy>

	<scoreRatio value='0.393114'/>
</results>
