<results>
	<result value='win'/>
	<start value='2014-07-24.01:03:42'/>
	<end value='2014-07-24.01:04:04'/>
	<frames value='25825'/>
	<gameDuration value='1614'/>

	<player>
		<unitScore value='14200'/>
		<killScore value='23440'/>
		<buildingScore value='4050'/>
		<razingScore value='4560'/>
		<mineralScore value='25674'/>
		<gasScore value='2592'/>
		<totalScore value='74516'/>
	</player>

	<enemy>
		<race value='Zerg'/>
		<unitScore value='10175'/>
		<unitScore value='10175'/>
		<killScore value='7450'/>
		<buildingScore value='1520'/>
		<razingScore value='0'/>
		<mineralScore value='9466'/>
		<gasScore value='2960'/>
		<totalScore value='31571'/>
	</enemy>

	<scoreRatio value='2.36027'/>
</results>
