<results>
	<result value='win'/>
	<start value='2014-07-24.01:05:50'/>
	<end value='2014-07-24.01:06:13'/>
	<frames value='26693'/>
	<gameDuration value='1668'/>

	<player>
		<unitScore value='16750'/>
		<killScore value='20120'/>
		<buildingScore value='3475'/>
		<razingScore value='4995'/>
		<mineralScore value='24770'/>
		<gasScore value='2128'/>
		<totalScore value='72238'/>
	</player>

	<enemy>
		<race value='Zerg'/>
		<unitScore value='9850'/>
		<unitScore value='9850'/>
		<killScore value='15300'/>
		<buildingScore value='1665'/>
		<razingScore value='0'/>
		<mineralScore value='10234'/>
		<gasScore value='3688'/>
		<totalScore value='40737'/>
	</enemy>

	<scoreRatio value='1.77328'/>
</results>
