<results>
	<result value='loss'/>
	<start value='2015-04-28.10:20:20'/>
	<end value='2015-04-28.10:20:36'/>
	<frames value='19997'/>
	<gameDuration value='1249'/>

	<player>
		<unitScore value='6225'/>
		<killScore value='3200'/>
		<buildingScore value='2050'/>
		<razingScore value='0'/>
		<mineralScore value='8154'/>
		<gasScore value='1384'/>
		<totalScore value='21013'/>
	</player>

	<enemy>
		<race value='Terran'/>
		<unitScore value='7325'/>
		<unitScore value='7325'/>
		<killScore value='12450'/>
		<buildingScore value='2875'/>
		<razingScore value='6150'/>
		<mineralScore value='9538'/>
		<gasScore value='3496'/>
		<totalScore value='41834'/>
	</enemy>

	<scoreRatio value='0.502295'/>
</results>
