<results>
	<result value='win'/>
	<start value='2015-04-28.10:28:10'/>
	<end value='2015-04-28.10:28:43'/>
	<frames value='25732'/>
	<gameDuration value='1608'/>

	<player>
		<unitScore value='12600'/>
		<killScore value='20400'/>
		<buildingScore value='4375'/>
		<razingScore value='8550'/>
		<mineralScore value='21958'/>
		<gasScore value='2584'/>
		<totalScore value='70467'/>
	</player>

	<enemy>
		<race value='Terran'/>
		<unitScore value='10200'/>
		<unitScore value='10200'/>
		<killScore value='6700'/>
		<buildingScore value='2850'/>
		<razingScore value='1800'/>
		<mineralScore value='11210'/>
		<gasScore value='4504'/>
		<totalScore value='37264'/>
	</enemy>

	<scoreRatio value='1.89102'/>
</results>
