<results>
	<result value='loss'/>
	<start value='2015-04-28.10:29:18'/>
	<end value='2015-04-28.10:29:34'/>
	<frames value='20834'/>
	<gameDuration value='1302'/>

	<player>
		<unitScore value='6050'/>
		<killScore value='3700'/>
		<buildingScore value='1975'/>
		<razingScore value='0'/>
		<mineralScore value='8090'/>
		<gasScore value='1504'/>
		<totalScore value='21319'/>
	</player>

	<enemy>
		<race value='Terran'/>
		<unitScore value='8250'/>
		<unitScore value='8250'/>
		<killScore value='12100'/>
		<buildingScore value='2850'/>
		<razingScore value='5925'/>
		<mineralScore value='9882'/>
		<gasScore value='3960'/>
		<totalScore value='42967'/>
	</enemy>

	<scoreRatio value='0.496171'/>
</results>
