<results>
	<result value='loss'/>
	<start value='2015-04-10.18:33:09'/>
	<end value='2015-04-10.18:33:41'/>
	<frames value='32180'/>
	<gameDuration value='2011'/>

	<player>
		<unitScore value='7850'/>
		<killScore value='5200'/>
		<buildingScore value='2700'/>
		<razingScore value='900'/>
		<mineralScore value='11570'/>
		<gasScore value='712'/>
		<totalScore value='28932'/>
	</player>

	<enemy>
		<race value='Protoss'/>
		<unitScore value='15225'/>
		<unitScore value='15225'/>
		<killScore value='15700'/>
		<buildingScore value='7175'/>
		<razingScore value='8100'/>
		<mineralScore value='19538'/>
		<gasScore value='7536'/>
		<totalScore value='73274'/>
	</enemy>

	<scoreRatio value='0.394847'/>
</results>
