<results>
	<result value='draw'/>
	<start value='2015-07-17.20:55:04'/>
	<end value='2015-07-17.20:58:37'/>
	<frames value='57601'/>
	<gameDuration value='3600'/>

	<player>
		<unitScore value='41050'/>
		<killScore value='15750'/>
		<buildingScore value='4900'/>
		<razingScore value='0'/>
		<mineralScore value='35782'/>
		<gasScore value='7652'/>
		<totalScore value='105134'/>
	</player>

	<enemy>
		<race value='Terran'/>
		<unitScore value='14350'/>
		<killScore value='56500'/>
		<buildingScore value='3425'/>
		<razingScore value='600'/>
		<mineralScore value='12050'/>
		<gasScore value='6490'/>
		<totalScore value='93415'/>
	</enemy>

	<scoreRatio value='1.12545'/>
	<timeFitness value='0.5'/>
	<unitsAverage value='154'/>
</results>
