<results>
	<result value='loss'/>
	<start value='2015-04-14.02:37:07'/>
	<end value='2015-04-14.02:37:20'/>
	<frames value='15502'/>
	<gameDuration value='968'/>

	<player>
		<unitScore value='3325'/>
		<killScore value='1000'/>
		<buildingScore value='1475'/>
		<razingScore value='0'/>
		<mineralScore value='4954'/>
		<gasScore value='632'/>
		<totalScore value='11386'/>
	</player>

	<enemy>
		<race value='Protoss'/>
		<unitScore value='3550'/>
		<unitScore value='3550'/>
		<killScore value='6550'/>
		<buildingScore value='3125'/>
		<razingScore value='4425'/>
		<mineralScore value='7946'/>
		<gasScore value='1432'/>
		<totalScore value='27028'/>
	</enemy>

	<scoreRatio value='0.421267'/>
</results>
