<results>
	<result value='win'/>
	<start value='2015-04-07.19:27:05'/>
	<end value='2015-04-07.19:28:23'/>
	<frames value='47959'/>
	<gameDuration value='2997'/>

	<player>
		<unitScore value='33375'/>
		<killScore value='51700'/>
		<buildingScore value='3500'/>
		<razingScore value='18225'/>
		<mineralScore value='34582'/>
		<gasScore value='6422'/>
		<totalScore value='147804'/>
	</player>

	<enemy>
		<race value='Protoss'/>
		<unitScore value='28250'/>
		<unitScore value='28250'/>
		<killScore value='41050'/>
		<buildingScore value='6075'/>
		<razingScore value='0'/>
		<mineralScore value='23458'/>
		<gasScore value='7484'/>
		<totalScore value='106317'/>
	</enemy>

	<scoreRatio value='1.39022'/>
</results>
