<results>
	<result value='win'/>
	<start value='2015-05-08.21:11:37'/>
	<end value='2015-05-08.21:12:08'/>
	<frames value='27933'/>
	<gameDuration value='1745'/>

	<player>
		<unitScore value='15750'/>
		<killScore value='24000'/>
		<buildingScore value='4175'/>
		<razingScore value='9675'/>
		<mineralScore value='24170'/>
		<gasScore value='2976'/>
		<totalScore value='80746'/>
	</player>

	<enemy>
		<race value='Terran'/>
		<unitScore value='12000'/>
		<unitScore value='12000'/>
		<killScore value='12450'/>
		<buildingScore value='3225'/>
		<razingScore value='2025'/>
		<mineralScore value='11154'/>
		<gasScore value='4616'/>
		<totalScore value='45470'/>
	</enemy>

	<scoreRatio value='1.77581'/>
	<timeFitness value='0.757639'/>
	<unitsAverage value='90'/>
</results>
