<results>
	<result value='win'/>
	<start value='2015-05-08.21:13:21'/>
	<end value='2015-05-08.21:13:35'/>
	<frames value='18602'/>
	<gameDuration value='1162'/>

	<player>
		<unitScore value='6550'/>
		<killScore value='11400'/>
		<buildingScore value='2525'/>
		<razingScore value='4350'/>
		<mineralScore value='10810'/>
		<gasScore value='1856'/>
		<totalScore value='37491'/>
	</player>

	<enemy>
		<race value='Terran'/>
		<unitScore value='5700'/>
		<unitScore value='5700'/>
		<killScore value='2500'/>
		<buildingScore value='1450'/>
		<razingScore value='300'/>
		<mineralScore value='8482'/>
		<gasScore value='1976'/>
		<totalScore value='20408'/>
	</enemy>

	<scoreRatio value='1.83707'/>
	<timeFitness value='0.838611'/>
	<unitsAverage value='53'/>
</results>
