<results>
	<result value='loss'/>
	<start value='2014-07-23.22:27:56'/>
	<end value='2014-07-23.22:28:07'/>
	<frames value='21609'/>
	<gameDuration value='1350'/>

	<player>
		<unitScore value='7650'/>
		<killScore value='3100'/>
		<buildingScore value='2100'/>
		<razingScore value='0'/>
		<mineralScore value='9290'/>
		<gasScore value='1288'/>
		<totalScore value='23428'/>
	</player>

	<enemy>
		<race value='Terran'/>
		<unitScore value='8700'/>
		<unitScore value='8700'/>
		<killScore value='15300'/>
		<buildingScore value='3275'/>
		<razingScore value='6300'/>
		<mineralScore value='10378'/>
		<gasScore value='4208'/>
		<totalScore value='48161'/>
	</enemy>

	<scoreRatio value='0.486452'/>
</results>
