<results>
	<result value='win'/>
	<start value='2014-07-23.22:28:51'/>
	<end value='2014-07-23.22:29:19'/>
	<frames value='34629'/>
	<gameDuration value='2164'/>

	<player>
		<unitScore value='21325'/>
		<killScore value='27450'/>
		<buildingScore value='3975'/>
		<razingScore value='12675'/>
		<mineralScore value='24186'/>
		<gasScore value='4272'/>
		<totalScore value='93883'/>
	</player>

	<enemy>
		<race value='Terran'/>
		<unitScore value='14825'/>
		<unitScore value='14825'/>
		<killScore value='22100'/>
		<buildingScore value='4300'/>
		<razingScore value='3150'/>
		<mineralScore value='14682'/>
		<gasScore value='6008'/>
		<totalScore value='65065'/>
	</enemy>

	<scoreRatio value='1.44291'/>
</results>
