<results>
	<result value='draw'/>
	<start value='2015-05-07.12:54:36'/>
	<end value='2015-05-07.12:55:53'/>
	<frames value='57601'/>
	<gameDuration value='3600'/>

	<player>
		<unitScore value='30600'/>
		<killScore value='48750'/>
		<buildingScore value='4200'/>
		<razingScore value='19275'/>
		<mineralScore value='31878'/>
		<gasScore value='5660'/>
		<totalScore value='140363'/>
	</player>

	<enemy>
		<race value='Protoss'/>
		<unitScore value='25975'/>
		<unitScore value='25975'/>
		<killScore value='34850'/>
		<buildingScore value='6475'/>
		<razingScore value='1650'/>
		<mineralScore value='24606'/>
		<gasScore value='7410'/>
		<totalScore value='100966'/>
	</enemy>

	<scoreRatio value='1.3902'/>
	<timeFitness value='0.5'/>
	<unitsAverage value='107'/>
</results>
