<results>
	<result value='win'/>
	<start value='2015-05-09.04:35:47'/>
	<end value='2015-05-09.04:35:57'/>
	<frames value='13735'/>
	<gameDuration value='858'/>

	<player>
		<unitScore value='3725'/>
		<killScore value='1820'/>
		<buildingScore value='1525'/>
		<razingScore value='2100'/>
		<mineralScore value='5762'/>
		<gasScore value='992'/>
		<totalScore value='15924'/>
	</player>

	<enemy>
		<race value='Zerg'/>
		<unitScore value='1150'/>
		<unitScore value='1150'/>
		<killScore value='1100'/>
		<buildingScore value='700'/>
		<razingScore value='0'/>
		<mineralScore value='3530'/>
		<gasScore value='432'/>
		<totalScore value='6912'/>
	</enemy>

	<scoreRatio value='2.30382'/>
	<timeFitness value='0.880833'/>
	<unitsAverage value='31'/>
</results>
