<results>
	<result value='win'/>
	<start value='2015-04-11.08:59:34'/>
	<end value='2015-04-11.09:00:50'/>
	<frames value='38132'/>
	<gameDuration value='2383'/>

	<player>
		<unitScore value='25975'/>
		<killScore value='40500'/>
		<buildingScore value='4025'/>
		<razingScore value='19125'/>
		<mineralScore value='31370'/>
		<gasScore value='3584'/>
		<totalScore value='124579'/>
	</player>

	<enemy>
		<race value='Protoss'/>
		<unitScore value='20250'/>
		<unitScore value='20250'/>
		<killScore value='29200'/>
		<buildingScore value='6375'/>
		<razingScore value='150'/>
		<mineralScore value='22778'/>
		<gasScore value='6672'/>
		<totalScore value='85425'/>
	</enemy>

	<scoreRatio value='1.45834'/>
</results>
