<results>
	<result value='loss'/>
	<start value='2014-07-22.22:08:55'/>
	<end value='2014-07-22.22:09:02'/>
	<frames value='16711'/>
	<gameDuration value='1044'/>

	<player>
		<unitScore value='1050'/>
		<killScore value='0'/>
		<buildingScore value='850'/>
		<razingScore value='0'/>
		<mineralScore value='7690'/>
		<gasScore value='0'/>
		<totalScore value='9590'/>
	</player>

	<enemy>
		<race value='Zerg'/>
		<unitScore value='6300'/>
		<unitScore value='6300'/>
		<killScore value='2100'/>
		<buildingScore value='2035'/>
		<razingScore value='2550'/>
		<mineralScore value='7066'/>
		<gasScore value='2272'/>
		<totalScore value='22323'/>
	</enemy>

	<scoreRatio value='0.429602'/>
</results>
