<results>
	<result value='win'/>
	<start value='2014-07-04.02:47:13'/>
	<end value='2014-07-04.02:47:57'/>
	<frames value='39651'/>
	<gameDuration value='2478'/>

	<player>
		<unitScore value='16825'/>
		<killScore value='32300'/>
		<buildingScore value='4725'/>
		<razingScore value='12450'/>
		<mineralScore value='32914'/>
		<gasScore value='3176'/>
		<totalScore value='102390'/>
	</player>

	<enemy>
		<race value='Terran'/>
		<unitScore value='19250'/>
		<unitScore value='19250'/>
		<killScore value='10050'/>
		<buildingScore value='4150'/>
		<razingScore value='2025'/>
		<mineralScore value='16554'/>
		<gasScore value='7854'/>
		<totalScore value='59883'/>
	</enemy>

	<scoreRatio value='1.70983'/>
</results>
