<results>
	<result value='loss'/>
	<start value='2014-07-04.02:48:43'/>
	<end value='2014-07-04.02:48:52'/>
	<frames value='17517'/>
	<gameDuration value='1094'/>

	<player>
		<unitScore value='3525'/>
		<killScore value='700'/>
		<buildingScore value='1500'/>
		<razingScore value='0'/>
		<mineralScore value='5282'/>
		<gasScore value='856'/>
		<totalScore value='11863'/>
	</player>

	<enemy>
		<race value='Terran'/>
		<unitScore value='5700'/>
		<unitScore value='5700'/>
		<killScore value='7050'/>
		<buildingScore value='2700'/>
		<razingScore value='4500'/>
		<mineralScore value='8090'/>
		<gasScore value='2816'/>
		<totalScore value='30856'/>
	</enemy>

	<scoreRatio value='0.384463'/>
</results>
