<results>
	<result value='win'/>
	<start value='2015-05-03.15:45:59'/>
	<end value='2015-05-03.15:46:26'/>
	<frames value='30723'/>
	<gameDuration value='1920'/>

	<player>
		<unitScore value='17050'/>
		<killScore value='12350'/>
		<buildingScore value='4150'/>
		<razingScore value='19950'/>
		<mineralScore value='24490'/>
		<gasScore value='2872'/>
		<totalScore value='80862'/>
	</player>

	<enemy>
		<race value='Protoss'/>
		<unitScore value='6175'/>
		<unitScore value='6175'/>
		<killScore value='11100'/>
		<buildingScore value='6650'/>
		<razingScore value='150'/>
		<mineralScore value='14594'/>
		<gasScore value='2712'/>
		<totalScore value='41381'/>
	</enemy>

	<scoreRatio value='1.95409'/>
	<timeFitness value='0.733333'/>
	<unitsAverage value='100'/>
</results>
