<results>
	<result value='win'/>
	<start value='2015-04-12.06:25:19'/>
	<end value='2015-04-12.06:26:32'/>
	<frames value='34164'/>
	<gameDuration value='2135'/>

	<player>
		<unitScore value='26625'/>
		<killScore value='32250'/>
		<buildingScore value='4425'/>
		<razingScore value='16875'/>
		<mineralScore value='32262'/>
		<gasScore value='4544'/>
		<totalScore value='116981'/>
	</player>

	<enemy>
		<race value='Protoss'/>
		<unitScore value='18450'/>
		<unitScore value='18450'/>
		<killScore value='28900'/>
		<buildingScore value='5625'/>
		<razingScore value='150'/>
		<mineralScore value='15490'/>
		<gasScore value='5752'/>
		<totalScore value='74367'/>
	</enemy>

	<scoreRatio value='1.57302'/>
</results>
