<results>
	<result value='win'/>
	<start value='2015-05-10.18:16:01'/>
	<end value='2015-05-10.18:16:55'/>
	<frames value='29979'/>
	<gameDuration value='1873'/>

	<player>
		<unitScore value='18225'/>
		<killScore value='24460'/>
		<buildingScore value='4275'/>
		<razingScore value='7725'/>
		<mineralScore value='30866'/>
		<gasScore value='3064'/>
		<totalScore value='88615'/>
	</player>

	<enemy>
		<race value='Zerg'/>
		<unitScore value='11450'/>
		<unitScore value='11450'/>
		<killScore value='12300'/>
		<buildingScore value='2575'/>
		<razingScore value='0'/>
		<mineralScore value='11966'/>
		<gasScore value='3800'/>
		<totalScore value='42091'/>
	</enemy>

	<scoreRatio value='2.10532'/>
	<timeFitness value='0.739861'/>
	<unitsAverage value='114'/>
</results>
