<results>
	<result value='win'/>
	<start value='2015-05-10.18:25:12'/>
	<end value='2015-05-10.18:26:48'/>
	<frames value='39992'/>
	<gameDuration value='2499'/>

	<player>
		<unitScore value='23975'/>
		<killScore value='29475'/>
		<buildingScore value='4550'/>
		<razingScore value='8190'/>
		<mineralScore value='31838'/>
		<gasScore value='2152'/>
		<totalScore value='100180'/>
	</player>

	<enemy>
		<race value='Zerg'/>
		<unitScore value='14425'/>
		<unitScore value='14425'/>
		<killScore value='21600'/>
		<buildingScore value='2730'/>
		<razingScore value='0'/>
		<mineralScore value='14878'/>
		<gasScore value='5424'/>
		<totalScore value='59057'/>
	</enemy>

	<scoreRatio value='1.69633'/>
	<timeFitness value='0.652917'/>
	<unitsAverage value='140'/>
</results>
