<results>
	<result value='draw'/>
	<start value='2015-05-03.14:16:01'/>
	<end value='2015-05-03.14:17:13'/>
	<frames value='57601'/>
	<gameDuration value='3600'/>

	<player>
		<unitScore value='33500'/>
		<killScore value='23250'/>
		<buildingScore value='5600'/>
		<razingScore value='2925'/>
		<mineralScore value='43074'/>
		<gasScore value='4080'/>
		<totalScore value='112429'/>
	</player>

	<enemy>
		<race value='Terran'/>
		<unitScore value='24750'/>
		<unitScore value='24750'/>
		<killScore value='46950'/>
		<buildingScore value='5025'/>
		<razingScore value='7125'/>
		<mineralScore value='19550'/>
		<gasScore value='12350'/>
		<totalScore value='115750'/>
	</enemy>

	<scoreRatio value='0.971309'/>
	<timeFitness value='0.5'/>
	<unitsAverage value='106'/>
</results>
