<results>
	<result value='win'/>
	<start value='2015-05-08.18:30:39'/>
	<end value='2015-05-08.18:31:00'/>
	<frames value='22012'/>
	<gameDuration value='1375'/>

	<player>
		<unitScore value='8675'/>
		<killScore value='13000'/>
		<buildingScore value='3400'/>
		<razingScore value='4350'/>
		<mineralScore value='16110'/>
		<gasScore value='2344'/>
		<totalScore value='47879'/>
	</player>

	<enemy>
		<race value='Terran'/>
		<unitScore value='6500'/>
		<unitScore value='6500'/>
		<killScore value='3700'/>
		<buildingScore value='1450'/>
		<razingScore value='1575'/>
		<mineralScore value='8666'/>
		<gasScore value='2288'/>
		<totalScore value='24179'/>
	</enemy>

	<scoreRatio value='1.98019'/>
	<timeFitness value='0.809028'/>
	<unitsAverage value='59'/>
</results>
