<results>
	<result value='win'/>
	<start value='2015-05-08.18:31:41'/>
	<end value='2015-05-08.18:32:28'/>
	<frames value='33141'/>
	<gameDuration value='2071'/>

	<player>
		<unitScore value='19850'/>
		<killScore value='28150'/>
		<buildingScore value='4600'/>
		<razingScore value='10200'/>
		<mineralScore value='27594'/>
		<gasScore value='4504'/>
		<totalScore value='94898'/>
	</player>

	<enemy>
		<race value='Terran'/>
		<unitScore value='14075'/>
		<unitScore value='14075'/>
		<killScore value='18300'/>
		<buildingScore value='3400'/>
		<razingScore value='1725'/>
		<mineralScore value='12598'/>
		<gasScore value='5468'/>
		<totalScore value='55566'/>
	</enemy>

	<scoreRatio value='1.70784'/>
	<timeFitness value='0.712361'/>
	<unitsAverage value='108'/>
</results>
