<results>
	<result value='loss'/>
	<start value='2015-05-08.18:31:06'/>
	<end value='2015-05-08.18:32:14'/>
	<frames value='51834'/>
	<gameDuration value='3239'/>

	<player>
		<unitScore value='20450'/>
		<killScore value='29600'/>
		<buildingScore value='3825'/>
		<razingScore value='150'/>
		<mineralScore value='24466'/>
		<gasScore value='5038'/>
		<totalScore value='83529'/>
	</player>

	<enemy>
		<race value='Terran'/>
		<unitScore value='37700'/>
		<unitScore value='37700'/>
		<killScore value='40900'/>
		<buildingScore value='5525'/>
		<razingScore value='11475'/>
		<mineralScore value='26778'/>
		<gasScore value='16286'/>
		<totalScore value='138664'/>
	</enemy>

	<scoreRatio value='0.602384'/>
	<timeFitness value='0.449861'/>
	<unitsAverage value='67'/>
</results>
