<results>
	<result value='loss'/>
	<start value='2015-05-03.14:25:26'/>
	<end value='2015-05-03.14:25:40'/>
	<frames value='22818'/>
	<gameDuration value='1426'/>

	<player>
		<unitScore value='7925'/>
		<killScore value='4500'/>
		<buildingScore value='2875'/>
		<razingScore value='0'/>
		<mineralScore value='12266'/>
		<gasScore value='1320'/>
		<totalScore value='28886'/>
	</player>

	<enemy>
		<race value='Terran'/>
		<unitScore value='7475'/>
		<unitScore value='7475'/>
		<killScore value='15850'/>
		<buildingScore value='2650'/>
		<razingScore value='8625'/>
		<mineralScore value='10914'/>
		<gasScore value='3664'/>
		<totalScore value='49178'/>
	</enemy>

	<scoreRatio value='0.587376'/>
	<timeFitness value='0.198056'/>
	<unitsAverage value='40'/>
</results>
