<results>
	<result value='win'/>
	<start value='2015-05-06.08:21:45'/>
	<end value='2015-05-06.08:22:00'/>
	<frames value='20338'/>
	<gameDuration value='1271'/>

	<player>
		<unitScore value='9200'/>
		<killScore value='11100'/>
		<buildingScore value='3225'/>
		<razingScore value='4350'/>
		<mineralScore value='14802'/>
		<gasScore value='1344'/>
		<totalScore value='44021'/>
	</player>

	<enemy>
		<race value='Terran'/>
		<unitScore value='5550'/>
		<unitScore value='5550'/>
		<killScore value='3650'/>
		<buildingScore value='1450'/>
		<razingScore value='150'/>
		<mineralScore value='9914'/>
		<gasScore value='1824'/>
		<totalScore value='22538'/>
	</enemy>

	<scoreRatio value='1.95319'/>
	<timeFitness value='0.823472'/>
	<unitsAverage value='64'/>
</results>
