<results>
	<result value='win'/>
	<start value='2015-05-06.08:24:49'/>
	<end value='2015-05-06.08:25:15'/>
	<frames value='24926'/>
	<gameDuration value='1557'/>

	<player>
		<unitScore value='16900'/>
		<killScore value='18950'/>
		<buildingScore value='4075'/>
		<razingScore value='6300'/>
		<mineralScore value='25070'/>
		<gasScore value='1816'/>
		<totalScore value='73111'/>
	</player>

	<enemy>
		<race value='Terran'/>
		<unitScore value='9475'/>
		<unitScore value='9475'/>
		<killScore value='12500'/>
		<buildingScore value='2175'/>
		<razingScore value='0'/>
		<mineralScore value='11354'/>
		<gasScore value='4160'/>
		<totalScore value='39664'/>
	</enemy>

	<scoreRatio value='1.84326'/>
	<timeFitness value='0.78375'/>
	<unitsAverage value='97'/>
</results>
