<results>
	<result value='loss'/>
	<start value='2015-05-06.08:31:07'/>
	<end value='2015-05-06.08:31:16'/>
	<frames value='18540'/>
	<gameDuration value='1158'/>

	<player>
		<unitScore value='3550'/>
		<killScore value='1450'/>
		<buildingScore value='1525'/>
		<razingScore value='0'/>
		<mineralScore value='5154'/>
		<gasScore value='432'/>
		<totalScore value='12111'/>
	</player>

	<enemy>
		<race value='Terran'/>
		<unitScore value='6875'/>
		<unitScore value='6875'/>
		<killScore value='7100'/>
		<buildingScore value='2700'/>
		<razingScore value='4575'/>
		<mineralScore value='8426'/>
		<gasScore value='3040'/>
		<totalScore value='32716'/>
	</enemy>

	<scoreRatio value='0.370186'/>
	<timeFitness value='0.160833'/>
	<unitsAverage value='22'/>
</results>
