<results>
	<result value='win'/>
	<start value='2015-05-06.08:36:10'/>
	<end value='2015-05-06.08:36:24'/>
	<frames value='21733'/>
	<gameDuration value='1358'/>

	<player>
		<unitScore value='8850'/>
		<killScore value='13100'/>
		<buildingScore value='2450'/>
		<razingScore value='5250'/>
		<mineralScore value='11914'/>
		<gasScore value='1696'/>
		<totalScore value='43260'/>
	</player>

	<enemy>
		<race value='Terran'/>
		<unitScore value='6550'/>
		<unitScore value='6550'/>
		<killScore value='7600'/>
		<buildingScore value='1750'/>
		<razingScore value='450'/>
		<mineralScore value='9274'/>
		<gasScore value='2960'/>
		<totalScore value='28584'/>
	</enemy>

	<scoreRatio value='1.51343'/>
	<timeFitness value='0.811389'/>
	<unitsAverage value='52'/>
</results>
