<results>
	<result value='loss'/>
	<start value='2015-07-11.19:35:26'/>
	<end value='2015-07-11.19:35:54'/>
	<frames value='32025'/>
	<gameDuration value='2001'/>

	<player>
		<unitScore value='9425'/>
		<killScore value='4400'/>
		<buildingScore value='2250'/>
		<razingScore value='0'/>
		<mineralScore value='16770'/>
		<gasScore value='704'/>
		<totalScore value='33549'/>
	</player>

	<enemy>
		<race value='Protoss'/>
		<unitScore value='15900'/>
		<killScore value='15000'/>
		<buildingScore value='6875'/>
		<razingScore value='6750'/>
		<mineralScore value='19846'/>
		<gasScore value='8200'/>
		<totalScore value='72571'/>
	</enemy>

	<scoreRatio value='0.462292'/>
	<timeFitness value='0.277917'/>
	<unitsAverage value='66'/>
</results>
