<results>
	<result value='loss'/>
	<start value='2015-07-11.19:38:46'/>
	<end value='2015-07-11.19:38:55'/>
	<frames value='19935'/>
	<gameDuration value='1245'/>

	<player>
		<unitScore value='5575'/>
		<killScore value='3000'/>
		<buildingScore value='1875'/>
		<razingScore value='0'/>
		<mineralScore value='6802'/>
		<gasScore value='944'/>
		<totalScore value='18196'/>
	</player>

	<enemy>
		<race value='Protoss'/>
		<unitScore value='5875'/>
		<killScore value='11150'/>
		<buildingScore value='3725'/>
		<razingScore value='5625'/>
		<mineralScore value='10578'/>
		<gasScore value='2424'/>
		<totalScore value='39377'/>
	</enemy>

	<scoreRatio value='0.462097'/>
	<timeFitness value='0.172917'/>
	<unitsAverage value='32'/>
</results>
