<results>
	<result value='draw'/>
	<start value='2014-07-23.23:39:32'/>
	<end value='2014-07-23.23:41:36'/>
	<frames value='57601'/>
	<gameDuration value='3600'/>

	<player>
		<unitScore value='18925'/>
		<killScore value='22390'/>
		<buildingScore value='4275'/>
		<razingScore value='3795'/>
		<mineralScore value='51106'/>
		<gasScore value='7896'/>
		<totalScore value='108387'/>
	</player>

	<enemy>
		<race value='Zerg'/>
		<unitScore value='9925'/>
		<unitScore value='9925'/>
		<killScore value='14250'/>
		<buildingScore value='1600'/>
		<razingScore value='0'/>
		<mineralScore value='9714'/>
		<gasScore value='2792'/>
		<totalScore value='38281'/>
	</enemy>

	<scoreRatio value='2.83135'/>
</results>
