<results>
	<result value='loss'/>
	<start value='2015-05-10.01:27:58'/>
	<end value='2015-05-10.01:28:06'/>
	<frames value='14696'/>
	<gameDuration value='918'/>

	<player>
		<unitScore value='2450'/>
		<killScore value='0'/>
		<buildingScore value='1675'/>
		<razingScore value='0'/>
		<mineralScore value='5346'/>
		<gasScore value='0'/>
		<totalScore value='9471'/>
	</player>

	<enemy>
		<race value='Protoss'/>
		<unitScore value='3550'/>
		<unitScore value='3550'/>
		<killScore value='4900'/>
		<buildingScore value='2575'/>
		<razingScore value='5025'/>
		<mineralScore value='7538'/>
		<gasScore value='1248'/>
		<totalScore value='24836'/>
	</enemy>

	<scoreRatio value='0.381342'/>
	<timeFitness value='0.1275'/>
	<unitsAverage value='20'/>
</results>
