<results>
	<result value='win'/>
	<start value='2015-05-05.17:52:44'/>
	<end value='2015-05-05.17:53:15'/>
	<frames value='26290'/>
	<gameDuration value='1643'/>

	<player>
		<unitScore value='10225'/>
		<killScore value='21200'/>
		<buildingScore value='2975'/>
		<razingScore value='9075'/>
		<mineralScore value='14450'/>
		<gasScore value='1920'/>
		<totalScore value='59845'/>
	</player>

	<enemy>
		<race value='Terran'/>
		<unitScore value='12000'/>
		<unitScore value='12000'/>
		<killScore value='9100'/>
		<buildingScore value='3025'/>
		<razingScore value='1350'/>
		<mineralScore value='11370'/>
		<gasScore value='4792'/>
		<totalScore value='41637'/>
	</enemy>

	<scoreRatio value='1.4373'/>
	<timeFitness value='0.771806'/>
	<unitsAverage value='55'/>
</results>
