<results>
	<result value='loss'/>
	<start value='2015-05-05.18:07:25'/>
	<end value='2015-05-05.18:07:41'/>
	<frames value='17269'/>
	<gameDuration value='1079'/>

	<player>
		<unitScore value='4175'/>
		<killScore value='600'/>
		<buildingScore value='1475'/>
		<razingScore value='0'/>
		<mineralScore value='5538'/>
		<gasScore value='832'/>
		<totalScore value='12620'/>
	</player>

	<enemy>
		<race value='Terran'/>
		<unitScore value='6050'/>
		<unitScore value='6050'/>
		<killScore value='8350'/>
		<buildingScore value='2225'/>
		<razingScore value='4425'/>
		<mineralScore value='7938'/>
		<gasScore value='2480'/>
		<totalScore value='31468'/>
	</enemy>

	<scoreRatio value='0.401042'/>
	<timeFitness value='0.149861'/>
	<unitsAverage value='24'/>
</results>
