<results>
	<result value='loss'/>
	<start value='2015-05-05.18:10:58'/>
	<end value='2015-05-05.18:11:22'/>
	<frames value='21888'/>
	<gameDuration value='1368'/>

	<player>
		<unitScore value='7000'/>
		<killScore value='6650'/>
		<buildingScore value='2625'/>
		<razingScore value='2475'/>
		<mineralScore value='9674'/>
		<gasScore value='1752'/>
		<totalScore value='30176'/>
	</player>

	<enemy>
		<race value='Terran'/>
		<unitScore value='6675'/>
		<unitScore value='6675'/>
		<killScore value='12400'/>
		<buildingScore value='2275'/>
		<razingScore value='7875'/>
		<mineralScore value='9450'/>
		<gasScore value='2896'/>
		<totalScore value='41571'/>
	</enemy>

	<scoreRatio value='0.725891'/>
	<timeFitness value='0.19'/>
	<unitsAverage value='39'/>
</results>
