<results>
	<result value='win'/>
	<start value='2015-05-05.18:14:12'/>
	<end value='2015-05-05.18:14:56'/>
	<frames value='27871'/>
	<gameDuration value='1741'/>

	<player>
		<unitScore value='14500'/>
		<killScore value='22400'/>
		<buildingScore value='4775'/>
		<razingScore value='9225'/>
		<mineralScore value='22842'/>
		<gasScore value='3016'/>
		<totalScore value='76758'/>
	</player>

	<enemy>
		<race value='Terran'/>
		<unitScore value='12000'/>
		<unitScore value='12000'/>
		<killScore value='8200'/>
		<buildingScore value='3075'/>
		<razingScore value='1575'/>
		<mineralScore value='11482'/>
		<gasScore value='4672'/>
		<totalScore value='41004'/>
	</enemy>

	<scoreRatio value='1.87196'/>
	<timeFitness value='0.758194'/>
	<unitsAverage value='83'/>
</results>
