<results>
	<result value='win'/>
	<start value='2015-05-05.18:24:27'/>
	<end value='2015-05-05.18:24:46'/>
	<frames value='17362'/>
	<gameDuration value='1085'/>

	<player>
		<unitScore value='5725'/>
		<killScore value='9500'/>
		<buildingScore value='1975'/>
		<razingScore value='4350'/>
		<mineralScore value='8602'/>
		<gasScore value='1240'/>
		<totalScore value='31392'/>
	</player>

	<enemy>
		<race value='Terran'/>
		<unitScore value='4750'/>
		<unitScore value='4750'/>
		<killScore value='3450'/>
		<buildingScore value='1450'/>
		<razingScore value='300'/>
		<mineralScore value='7442'/>
		<gasScore value='1848'/>
		<totalScore value='19240'/>
	</enemy>

	<scoreRatio value='1.6316'/>
	<timeFitness value='0.849306'/>
	<unitsAverage value='45'/>
</results>
