<results>
	<result value='loss'/>
	<start value='2015-05-05.18:38:25'/>
	<end value='2015-05-05.18:38:48'/>
	<frames value='22973'/>
	<gameDuration value='1435'/>

	<player>
		<unitScore value='7300'/>
		<killScore value='5100'/>
		<buildingScore value='2475'/>
		<razingScore value='0'/>
		<mineralScore value='10050'/>
		<gasScore value='1520'/>
		<totalScore value='26445'/>
	</player>

	<enemy>
		<race value='Terran'/>
		<unitScore value='9550'/>
		<unitScore value='9550'/>
		<killScore value='14600'/>
		<buildingScore value='3850'/>
		<razingScore value='7425'/>
		<mineralScore value='11298'/>
		<gasScore value='4808'/>
		<totalScore value='51531'/>
	</enemy>

	<scoreRatio value='0.513186'/>
	<timeFitness value='0.199306'/>
	<unitsAverage value='32'/>
</results>
