<results>
	<result value='draw'/>
	<start value='2015-04-26.10:43:21'/>
	<end value='2015-04-26.10:44:56'/>
	<frames value='57601'/>
	<gameDuration value='3600'/>

	<player>
		<unitScore value='32800'/>
		<killScore value='32700'/>
		<buildingScore value='4925'/>
		<razingScore value='0'/>
		<mineralScore value='33502'/>
		<gasScore value='4944'/>
		<totalScore value='108871'/>
	</player>

	<enemy>
		<race value='Terran'/>
		<unitScore value='27175'/>
		<unitScore value='27175'/>
		<killScore value='45500'/>
		<buildingScore value='4125'/>
		<razingScore value='5250'/>
		<mineralScore value='19542'/>
		<gasScore value='12318'/>
		<totalScore value='113910'/>
	</enemy>

	<scoreRatio value='0.955763'/>
</results>
