<results>
	<result value='loss'/>
	<start value='2015-04-26.10:48:28'/>
	<end value='2015-04-26.10:48:40'/>
	<frames value='20710'/>
	<gameDuration value='1294'/>

	<player>
		<unitScore value='6550'/>
		<killScore value='3750'/>
		<buildingScore value='1800'/>
		<razingScore value='0'/>
		<mineralScore value='8866'/>
		<gasScore value='1160'/>
		<totalScore value='22126'/>
	</player>

	<enemy>
		<race value='Terran'/>
		<unitScore value='8275'/>
		<unitScore value='8275'/>
		<killScore value='13100'/>
		<buildingScore value='3225'/>
		<razingScore value='5400'/>
		<mineralScore value='9730'/>
		<gasScore value='3984'/>
		<totalScore value='43714'/>
	</enemy>

	<scoreRatio value='0.506154'/>
</results>
