<results>
	<result value='loss'/>
	<start value='2015-04-10.18:22:42'/>
	<end value='2015-04-10.18:22:57'/>
	<frames value='27995'/>
	<gameDuration value='1749'/>

	<player>
		<unitScore value='7800'/>
		<killScore value='2800'/>
		<buildingScore value='1850'/>
		<razingScore value='0'/>
		<mineralScore value='10602'/>
		<gasScore value='560'/>
		<totalScore value='23612'/>
	</player>

	<enemy>
		<race value='Protoss'/>
		<unitScore value='12750'/>
		<unitScore value='12750'/>
		<killScore value='15600'/>
		<buildingScore value='6875'/>
		<razingScore value='5550'/>
		<mineralScore value='17630'/>
		<gasScore value='6272'/>
		<totalScore value='64677'/>
	</enemy>

	<scoreRatio value='0.365076'/>
</results>
