<results>
	<result value='win'/>
	<start value='2015-05-09.20:22:57'/>
	<end value='2015-05-09.20:23:33'/>
	<frames value='35559'/>
	<gameDuration value='2222'/>

	<player>
		<unitScore value='20050'/>
		<killScore value='25700'/>
		<buildingScore value='2575'/>
		<razingScore value='19950'/>
		<mineralScore value='22346'/>
		<gasScore value='3816'/>
		<totalScore value='94437'/>
	</player>

	<enemy>
		<race value='Protoss'/>
		<unitScore value='13200'/>
		<unitScore value='13200'/>
		<killScore value='19900'/>
		<buildingScore value='6650'/>
		<razingScore value='150'/>
		<mineralScore value='18970'/>
		<gasScore value='4232'/>
		<totalScore value='63102'/>
	</enemy>

	<scoreRatio value='1.49658'/>
	<timeFitness value='0.691389'/>
	<unitsAverage value='97'/>
</results>
