<results>
	<result value='win'/>
	<start value='2015-05-02.18:41:03'/>
	<end value='2015-05-02.18:41:39'/>
	<frames value='43650'/>
	<gameDuration value='2728'/>

	<player>
		<unitScore value='22775'/>
		<killScore value='33500'/>
		<buildingScore value='2875'/>
		<razingScore value='28125'/>
		<mineralScore value='25122'/>
		<gasScore value='3776'/>
		<totalScore value='116173'/>
	</player>

	<enemy>
		<race value='Protoss'/>
		<unitScore value='17500'/>
		<unitScore value='17500'/>
		<killScore value='33250'/>
		<buildingScore value='9375'/>
		<razingScore value='150'/>
		<mineralScore value='25114'/>
		<gasScore value='5864'/>
		<totalScore value='91253'/>
	</enemy>

	<scoreRatio value='1.27309'/>
	<timeFitness value='0.621111'/>
	<unitsAverage value='97'/>
</results>
