<results>
	<result value='loss'/>
	<start value='2015-05-09.20:29:33'/>
	<end value='2015-05-09.20:29:42'/>
	<frames value='18695'/>
	<gameDuration value='1168'/>

	<player>
		<unitScore value='3550'/>
		<killScore value='2000'/>
		<buildingScore value='1550'/>
		<razingScore value='0'/>
		<mineralScore value='5322'/>
		<gasScore value='744'/>
		<totalScore value='13166'/>
	</player>

	<enemy>
		<race value='Protoss'/>
		<unitScore value='3800'/>
		<unitScore value='3800'/>
		<killScore value='6750'/>
		<buildingScore value='4525'/>
		<razingScore value='4650'/>
		<mineralScore value='10306'/>
		<gasScore value='1832'/>
		<totalScore value='31863'/>
	</enemy>

	<scoreRatio value='0.413207'/>
	<timeFitness value='0.162222'/>
	<unitsAverage value='22'/>
</results>
