<results>
	<result value='loss'/>
	<start value='2015-05-02.18:48:41'/>
	<end value='2015-05-02.18:48:48'/>
	<frames value='16556'/>
	<gameDuration value='1034'/>

	<player>
		<unitScore value='3100'/>
		<killScore value='1200'/>
		<buildingScore value='1500'/>
		<razingScore value='0'/>
		<mineralScore value='4794'/>
		<gasScore value='640'/>
		<totalScore value='11234'/>
	</player>

	<enemy>
		<race value='Protoss'/>
		<unitScore value='3700'/>
		<unitScore value='3700'/>
		<killScore value='5900'/>
		<buildingScore value='3925'/>
		<razingScore value='4500'/>
		<mineralScore value='8618'/>
		<gasScore value='1664'/>
		<totalScore value='28307'/>
	</enemy>

	<scoreRatio value='0.396863'/>
	<timeFitness value='0.143611'/>
	<unitsAverage value='21'/>
</results>
