<results>
	<result value='win'/>
	<start value='2015-05-02.18:49:02'/>
	<end value='2015-05-02.18:49:24'/>
	<frames value='29917'/>
	<gameDuration value='1869'/>

	<player>
		<unitScore value='16575'/>
		<killScore value='16750'/>
		<buildingScore value='4575'/>
		<razingScore value='17175'/>
		<mineralScore value='24834'/>
		<gasScore value='2608'/>
		<totalScore value='82517'/>
	</player>

	<enemy>
		<race value='Protoss'/>
		<unitScore value='8650'/>
		<unitScore value='8650'/>
		<killScore value='12500'/>
		<buildingScore value='5725'/>
		<razingScore value='450'/>
		<mineralScore value='14434'/>
		<gasScore value='2808'/>
		<totalScore value='44567'/>
	</enemy>

	<scoreRatio value='1.85153'/>
	<timeFitness value='0.740417'/>
	<unitsAverage value='87'/>
</results>
