<results>
	<result value='loss'/>
	<start value='2015-07-20.10:37:23'/>
	<end value='2015-07-20.10:37:50'/>
	<frames value='25050'/>
	<gameDuration value='1565'/>

	<player>
		<unitScore value='10950'/>
		<killScore value='4800'/>
		<buildingScore value='3325'/>
		<razingScore value='0'/>
		<mineralScore value='15322'/>
		<gasScore value='1256'/>
		<totalScore value='35653'/>
	</player>

	<enemy>
		<race value='Zerg'/>
		<unitScore value='11525'/>
		<killScore value='19900'/>
		<buildingScore value='3225'/>
		<razingScore value='9975'/>
		<mineralScore value='14598'/>
		<gasScore value='4832'/>
		<totalScore value='64055'/>
	</enemy>

	<scoreRatio value='0.5566'/>
	<timeFitness value='0.217361'/>
	<unitsAverage value='53'/>
</results>
