<results>
	<result value='win'/>
	<start value='2015-04-10.20:40:05'/>
	<end value='2015-04-10.20:40:52'/>
	<frames value='26476'/>
	<gameDuration value='1654'/>

	<player>
		<unitScore value='15450'/>
		<killScore value='15200'/>
		<buildingScore value='4325'/>
		<razingScore value='12825'/>
		<mineralScore value='22362'/>
		<gasScore value='2248'/>
		<totalScore value='72410'/>
	</player>

	<enemy>
		<race value='Protoss'/>
		<unitScore value='7950'/>
		<unitScore value='7950'/>
		<killScore value='8800'/>
		<buildingScore value='4275'/>
		<razingScore value='0'/>
		<mineralScore value='11434'/>
		<gasScore value='3032'/>
		<totalScore value='35491'/>
	</enemy>

	<scoreRatio value='2.04024'/>
</results>
