<results>
	<result value='loss'/>
	<start value='2015-07-20.15:02:05'/>
	<end value='2015-07-20.15:02:44'/>
	<frames value='33668'/>
	<gameDuration value='2104'/>

	<player>
		<unitScore value='20850'/>
		<killScore value='19650'/>
		<buildingScore value='2500'/>
		<razingScore value='0'/>
		<mineralScore value='20210'/>
		<gasScore value='2872'/>
		<totalScore value='66082'/>
	</player>

	<enemy>
		<race value='Zerg'/>
		<unitScore value='19025'/>
		<killScore value='41700'/>
		<buildingScore value='4060'/>
		<razingScore value='7500'/>
		<mineralScore value='21106'/>
		<gasScore value='7576'/>
		<totalScore value='100967'/>
	</enemy>

	<scoreRatio value='0.654491'/>
	<timeFitness value='0.292222'/>
	<unitsAverage value='68'/>
</results>
