<results>
	<result value='win'/>
	<start value='2015-05-09.00:14:13'/>
	<end value='2015-05-09.00:14:33'/>
	<frames value='22756'/>
	<gameDuration value='1422'/>

	<player>
		<unitScore value='9350'/>
		<killScore value='11350'/>
		<buildingScore value='3150'/>
		<razingScore value='6600'/>
		<mineralScore value='14794'/>
		<gasScore value='1712'/>
		<totalScore value='46956'/>
	</player>

	<enemy>
		<race value='Terran'/>
		<unitScore value='5675'/>
		<unitScore value='5675'/>
		<killScore value='4450'/>
		<buildingScore value='2200'/>
		<razingScore value='525'/>
		<mineralScore value='9066'/>
		<gasScore value='2736'/>
		<totalScore value='24652'/>
	</enemy>

	<scoreRatio value='1.90475'/>
	<timeFitness value='0.8025'/>
	<unitsAverage value='67'/>
</results>
