<results>
	<result value='win'/>
	<start value='2015-05-09.00:14:36'/>
	<end value='2015-05-09.00:15:02'/>
	<frames value='25050'/>
	<gameDuration value='1565'/>

	<player>
		<unitScore value='12350'/>
		<killScore value='19400'/>
		<buildingScore value='3775'/>
		<razingScore value='8025'/>
		<mineralScore value='20946'/>
		<gasScore value='2728'/>
		<totalScore value='67224'/>
	</player>

	<enemy>
		<race value='Terran'/>
		<unitScore value='9700'/>
		<unitScore value='9700'/>
		<killScore value='5800'/>
		<buildingScore value='2675'/>
		<razingScore value='0'/>
		<mineralScore value='11146'/>
		<gasScore value='3480'/>
		<totalScore value='32801'/>
	</enemy>

	<scoreRatio value='2.04945'/>
	<timeFitness value='0.782639'/>
	<unitsAverage value='86'/>
</results>
