<results>
	<result value='win'/>
	<start value='2015-05-09.00:21:21'/>
	<end value='2015-05-09.00:21:48'/>
	<frames value='25701'/>
	<gameDuration value='1606'/>

	<player>
		<unitScore value='14375'/>
		<killScore value='20450'/>
		<buildingScore value='4375'/>
		<razingScore value='6750'/>
		<mineralScore value='22426'/>
		<gasScore value='2416'/>
		<totalScore value='70792'/>
	</player>

	<enemy>
		<race value='Terran'/>
		<unitScore value='10225'/>
		<unitScore value='10225'/>
		<killScore value='7050'/>
		<buildingScore value='2250'/>
		<razingScore value='150'/>
		<mineralScore value='10218'/>
		<gasScore value='3288'/>
		<totalScore value='33181'/>
	</enemy>

	<scoreRatio value='2.13351'/>
	<timeFitness value='0.776944'/>
	<unitsAverage value='86'/>
</results>
