<results>
	<result value='loss'/>
	<start value='2015-04-13.09:55:51'/>
	<end value='2015-04-13.09:56:18'/>
	<frames value='28522'/>
	<gameDuration value='1782'/>

	<player>
		<unitScore value='2925'/>
		<killScore value='2400'/>
		<buildingScore value='1475'/>
		<razingScore value='0'/>
		<mineralScore value='4186'/>
		<gasScore value='624'/>
		<totalScore value='11610'/>
	</player>

	<enemy>
		<race value='Protoss'/>
		<unitScore value='13600'/>
		<unitScore value='13600'/>
		<killScore value='5950'/>
		<buildingScore value='6875'/>
		<razingScore value='4425'/>
		<mineralScore value='17454'/>
		<gasScore value='6944'/>
		<totalScore value='55248'/>
	</enemy>

	<scoreRatio value='0.210143'/>
</results>
