<results>
	<result value='draw'/>
	<start value='2015-04-13.10:04:21'/>
	<end value='2015-04-13.10:06:14'/>
	<frames value='57601'/>
	<gameDuration value='3600'/>

	<player>
		<unitScore value='30225'/>
		<killScore value='28050'/>
		<buildingScore value='3375'/>
		<razingScore value='9600'/>
		<mineralScore value='32182'/>
		<gasScore value='5952'/>
		<totalScore value='109384'/>
	</player>

	<enemy>
		<race value='Protoss'/>
		<unitScore value='18425'/>
		<unitScore value='18425'/>
		<killScore value='52450'/>
		<buildingScore value='6825'/>
		<razingScore value='3525'/>
		<mineralScore value='22790'/>
		<gasScore value='10840'/>
		<totalScore value='114855'/>
	</enemy>

	<scoreRatio value='0.952366'/>
</results>
