<results>
	<result value='win'/>
	<start value='2014-07-23.13:21:36'/>
	<end value='2014-07-23.13:22:06'/>
	<frames value='29297'/>
	<gameDuration value='1831'/>

	<player>
		<unitScore value='22150'/>
		<killScore value='36760'/>
		<buildingScore value='4000'/>
		<razingScore value='5160'/>
		<mineralScore value='28010'/>
		<gasScore value='3088'/>
		<totalScore value='99168'/>
	</player>

	<enemy>
		<race value='Zerg'/>
		<unitScore value='16450'/>
		<unitScore value='16450'/>
		<killScore value='22350'/>
		<buildingScore value='1720'/>
		<razingScore value='0'/>
		<mineralScore value='13702'/>
		<gasScore value='4024'/>
		<totalScore value='58246'/>
	</enemy>

	<scoreRatio value='1.70257'/>
</results>
