<results>
	<result value='loss'/>
	<start value='2014-07-23.13:31:15'/>
	<end value='2014-07-23.13:31:39'/>
	<frames value='33637'/>
	<gameDuration value='2102'/>

	<player>
		<unitScore value='13275'/>
		<killScore value='17055'/>
		<buildingScore value='3625'/>
		<razingScore value='900'/>
		<mineralScore value='16442'/>
		<gasScore value='2096'/>
		<totalScore value='53393'/>
	</player>

	<enemy>
		<race value='Zerg'/>
		<unitScore value='16500'/>
		<unitScore value='16500'/>
		<killScore value='26550'/>
		<buildingScore value='4170'/>
		<razingScore value='10875'/>
		<mineralScore value='21434'/>
		<gasScore value='5288'/>
		<totalScore value='84817'/>
	</enemy>

	<scoreRatio value='0.629508'/>
</results>
