<results>
	<result value='loss'/>
	<start value='2014-07-23.13:39:07'/>
	<end value='2014-07-23.13:39:10'/>
	<frames value='7628'/>
	<gameDuration value='476'/>

	<player>
		<unitScore value='900'/>
		<killScore value='150'/>
		<buildingScore value='625'/>
		<razingScore value='0'/>
		<mineralScore value='1194'/>
		<gasScore value='0'/>
		<totalScore value='2869'/>
	</player>

	<enemy>
		<race value='Zerg'/>
		<unitScore value='1250'/>
		<unitScore value='1250'/>
		<killScore value='1700'/>
		<buildingScore value='480'/>
		<razingScore value='1875'/>
		<mineralScore value='2114'/>
		<gasScore value='40'/>
		<totalScore value='7459'/>
	</enemy>

	<scoreRatio value='0.384636'/>
</results>
