<results>
	<result value='win'/>
	<start value='2014-07-23.13:41:30'/>
	<end value='2014-07-23.13:42:11'/>
	<frames value='31529'/>
	<gameDuration value='1970'/>

	<player>
		<unitScore value='17200'/>
		<killScore value='24610'/>
		<buildingScore value='4300'/>
		<razingScore value='6195'/>
		<mineralScore value='30298'/>
		<gasScore value='2264'/>
		<totalScore value='84867'/>
	</player>

	<enemy>
		<race value='Zerg'/>
		<unitScore value='11750'/>
		<unitScore value='11750'/>
		<killScore value='9450'/>
		<buildingScore value='2065'/>
		<razingScore value='0'/>
		<mineralScore value='11566'/>
		<gasScore value='4160'/>
		<totalScore value='38991'/>
	</enemy>

	<scoreRatio value='2.17658'/>
</results>
