<results>
	<result value='loss'/>
	<start value='2015-05-06.05:57:59'/>
	<end value='2015-05-06.05:58:10'/>
	<frames value='19811'/>
	<gameDuration value='1238'/>

	<player>
		<unitScore value='4375'/>
		<killScore value='2350'/>
		<buildingScore value='1925'/>
		<razingScore value='0'/>
		<mineralScore value='6154'/>
		<gasScore value='776'/>
		<totalScore value='15580'/>
	</player>

	<enemy>
		<race value='Terran'/>
		<unitScore value='7575'/>
		<unitScore value='7575'/>
		<killScore value='8750'/>
		<buildingScore value='2850'/>
		<razingScore value='5775'/>
		<mineralScore value='9202'/>
		<gasScore value='3536'/>
		<totalScore value='37688'/>
	</enemy>

	<scoreRatio value='0.413394'/>
	<timeFitness value='0.171944'/>
	<unitsAverage value='30'/>
</results>
