<results>
	<result value='loss'/>
	<start value='2015-05-06.05:58:26'/>
	<end value='2015-05-06.05:58:55'/>
	<frames value='47835'/>
	<gameDuration value='2989'/>

	<player>
		<unitScore value='13325'/>
		<killScore value='21200'/>
		<buildingScore value='2350'/>
		<razingScore value='3375'/>
		<mineralScore value='15770'/>
		<gasScore value='2480'/>
		<totalScore value='58500'/>
	</player>

	<enemy>
		<race value='Terran'/>
		<unitScore value='23675'/>
		<unitScore value='23675'/>
		<killScore value='26650'/>
		<buildingScore value='5100'/>
		<razingScore value='7050'/>
		<mineralScore value='22810'/>
		<gasScore value='11256'/>
		<totalScore value='96541'/>
	</enemy>

	<scoreRatio value='0.60596'/>
	<timeFitness value='0.415139'/>
	<unitsAverage value='40'/>
</results>
