<results>
	<result value='win'/>
	<start value='2015-05-06.06:05:21'/>
	<end value='2015-05-06.06:05:42'/>
	<frames value='31188'/>
	<gameDuration value='1949'/>

	<player>
		<unitScore value='11350'/>
		<killScore value='28700'/>
		<buildingScore value='3000'/>
		<razingScore value='8775'/>
		<mineralScore value='14978'/>
		<gasScore value='1872'/>
		<totalScore value='68675'/>
	</player>

	<enemy>
		<race value='Terran'/>
		<unitScore value='15150'/>
		<unitScore value='15150'/>
		<killScore value='9900'/>
		<buildingScore value='2925'/>
		<razingScore value='1200'/>
		<mineralScore value='13414'/>
		<gasScore value='6520'/>
		<totalScore value='49109'/>
	</enemy>

	<scoreRatio value='1.39842'/>
	<timeFitness value='0.729306'/>
	<unitsAverage value='53'/>
</results>
