<results>
	<result value='win'/>
	<start value='2015-05-06.06:19:51'/>
	<end value='2015-05-06.06:20:08'/>
	<frames value='25050'/>
	<gameDuration value='1565'/>

	<player>
		<unitScore value='10875'/>
		<killScore value='19700'/>
		<buildingScore value='1625'/>
		<razingScore value='6675'/>
		<mineralScore value='12154'/>
		<gasScore value='2488'/>
		<totalScore value='53517'/>
	</player>

	<enemy>
		<race value='Terran'/>
		<unitScore value='9850'/>
		<unitScore value='9850'/>
		<killScore value='11200'/>
		<buildingScore value='2225'/>
		<razingScore value='450'/>
		<mineralScore value='10982'/>
		<gasScore value='3280'/>
		<totalScore value='37987'/>
	</enemy>

	<scoreRatio value='1.40882'/>
	<timeFitness value='0.782639'/>
	<unitsAverage value='55'/>
</results>
