<results>
	<result value='loss'/>
	<start value='2015-05-06.06:25:32'/>
	<end value='2015-05-06.06:25:41'/>
	<frames value='16866'/>
	<gameDuration value='1054'/>

	<player>
		<unitScore value='3325'/>
		<killScore value='500'/>
		<buildingScore value='2100'/>
		<razingScore value='0'/>
		<mineralScore value='5714'/>
		<gasScore value='960'/>
		<totalScore value='12599'/>
	</player>

	<enemy>
		<race value='Terran'/>
		<unitScore value='6350'/>
		<unitScore value='6350'/>
		<killScore value='6650'/>
		<buildingScore value='2675'/>
		<razingScore value='6300'/>
		<mineralScore value='7690'/>
		<gasScore value='2480'/>
		<totalScore value='32145'/>
	</enemy>

	<scoreRatio value='0.391943'/>
	<timeFitness value='0.146389'/>
	<unitsAverage value='27'/>
</results>
