<results>
	<result value='loss'/>
	<start value='2015-04-10.19:56:44'/>
	<end value='2015-04-10.19:57:00'/>
	<frames value='20028'/>
	<gameDuration value='1251'/>

	<player>
		<unitScore value='3300'/>
		<killScore value='1800'/>
		<buildingScore value='1525'/>
		<razingScore value='0'/>
		<mineralScore value='4994'/>
		<gasScore value='592'/>
		<totalScore value='12211'/>
	</player>

	<enemy>
		<race value='Protoss'/>
		<unitScore value='5200'/>
		<unitScore value='5200'/>
		<killScore value='6100'/>
		<buildingScore value='5175'/>
		<razingScore value='4575'/>
		<mineralScore value='11578'/>
		<gasScore value='2704'/>
		<totalScore value='35332'/>
	</enemy>

	<scoreRatio value='0.345607'/>
</results>
