<results>
	<result value='loss'/>
	<start value='2014-07-04.04:57:41'/>
	<end value='2014-07-04.04:58:17'/>
	<frames value='46223'/>
	<gameDuration value='2888'/>

	<player>
		<unitScore value='24025'/>
		<killScore value='33700'/>
		<buildingScore value='2775'/>
		<razingScore value='750'/>
		<mineralScore value='24002'/>
		<gasScore value='3936'/>
		<totalScore value='89188'/>
	</player>

	<enemy>
		<race value='Protoss'/>
		<unitScore value='36550'/>
		<unitScore value='36550'/>
		<killScore value='48050'/>
		<buildingScore value='7425'/>
		<razingScore value='8325'/>
		<mineralScore value='32290'/>
		<gasScore value='12134'/>
		<totalScore value='144774'/>
	</enemy>

	<scoreRatio value='0.61605'/>
</results>
