<results>
	<result value='loss'/>
	<start value='2014-07-04.05:02:31'/>
	<end value='2014-07-04.05:02:53'/>
	<frames value='38132'/>
	<gameDuration value='2383'/>

	<player>
		<unitScore value='12250'/>
		<killScore value='11000'/>
		<buildingScore value='2250'/>
		<razingScore value='0'/>
		<mineralScore value='13362'/>
		<gasScore value='3184'/>
		<totalScore value='42046'/>
	</player>

	<enemy>
		<race value='Protoss'/>
		<unitScore value='25200'/>
		<unitScore value='25200'/>
		<killScore value='24900'/>
		<buildingScore value='7125'/>
		<razingScore value='6750'/>
		<mineralScore value='26042'/>
		<gasScore value='9840'/>
		<totalScore value='99857'/>
	</enemy>

	<scoreRatio value='0.421062'/>
</results>
