<results>
	<result value='loss'/>
	<start value='2015-04-08.17:48:16'/>
	<end value='2015-04-08.17:48:28'/>
	<frames value='21857'/>
	<gameDuration value='1366'/>

	<player>
		<unitScore value='5700'/>
		<killScore value='3500'/>
		<buildingScore value='2000'/>
		<razingScore value='0'/>
		<mineralScore value='8394'/>
		<gasScore value='848'/>
		<totalScore value='20442'/>
	</player>

	<enemy>
		<race value='Protoss'/>
		<unitScore value='6525'/>
		<unitScore value='6525'/>
		<killScore value='11400'/>
		<buildingScore value='4625'/>
		<razingScore value='6000'/>
		<mineralScore value='11786'/>
		<gasScore value='3040'/>
		<totalScore value='43376'/>
	</enemy>

	<scoreRatio value='0.471274'/>
</results>
