<results>
	<result value='loss'/>
	<start value='2015-07-18.02:20:26'/>
	<end value='2015-07-18.02:20:51'/>
	<frames value='27499'/>
	<gameDuration value='1718'/>

	<player>
		<unitScore value='11300'/>
		<killScore value='6100'/>
		<buildingScore value='2225'/>
		<razingScore value='0'/>
		<mineralScore value='10914'/>
		<gasScore value='1912'/>
		<totalScore value='32451'/>
	</player>

	<enemy>
		<race value='Terran'/>
		<unitScore value='12750'/>
		<killScore value='22600'/>
		<buildingScore value='4550'/>
		<razingScore value='6675'/>
		<mineralScore value='13730'/>
		<gasScore value='6624'/>
		<totalScore value='66929'/>
	</enemy>

	<scoreRatio value='0.484857'/>
	<timeFitness value='0.238611'/>
	<unitsAverage value='35'/>
</results>
