<results>
	<result value='draw'/>
	<start value='2015-07-18.02:23:56'/>
	<end value='2015-07-18.02:26:12'/>
	<frames value='57601'/>
	<gameDuration value='3600'/>

	<player>
		<unitScore value='35850'/>
		<killScore value='14000'/>
		<buildingScore value='4425'/>
		<razingScore value='0'/>
		<mineralScore value='31410'/>
		<gasScore value='6046'/>
		<totalScore value='91731'/>
	</player>

	<enemy>
		<race value='Terran'/>
		<unitScore value='27425'/>
		<killScore value='61700'/>
		<buildingScore value='4975'/>
		<razingScore value='6075'/>
		<mineralScore value='31218'/>
		<gasScore value='12416'/>
		<totalScore value='143809'/>
	</enemy>

	<scoreRatio value='0.637867'/>
	<timeFitness value='0.5'/>
	<unitsAverage value='98'/>
</results>
