<results>
	<result value='win'/>
	<start value='2015-04-09.19:15:30'/>
	<end value='2015-04-09.19:15:54'/>
	<frames value='27406'/>
	<gameDuration value='1712'/>

	<player>
		<unitScore value='16450'/>
		<killScore value='18500'/>
		<buildingScore value='3500'/>
		<razingScore value='15075'/>
		<mineralScore value='20938'/>
		<gasScore value='2792'/>
		<totalScore value='77255'/>
	</player>

	<enemy>
		<race value='Protoss'/>
		<unitScore value='9950'/>
		<unitScore value='9950'/>
		<killScore value='16450'/>
		<buildingScore value='5025'/>
		<razingScore value='150'/>
		<mineralScore value='12246'/>
		<gasScore value='3232'/>
		<totalScore value='47053'/>
	</enemy>

	<scoreRatio value='1.64187'/>
</results>
