<results>
	<result value='win'/>
	<start value='2015-04-09.19:16:54'/>
	<end value='2015-04-09.19:17:07'/>
	<frames value='18385'/>
	<gameDuration value='1149'/>

	<player>
		<unitScore value='7675'/>
		<killScore value='4300'/>
		<buildingScore value='1925'/>
		<razingScore value='8025'/>
		<mineralScore value='13362'/>
		<gasScore value='1536'/>
		<totalScore value='36823'/>
	</player>

	<enemy>
		<race value='Protoss'/>
		<unitScore value='2150'/>
		<unitScore value='2150'/>
		<killScore value='3800'/>
		<buildingScore value='2675'/>
		<razingScore value='0'/>
		<mineralScore value='10658'/>
		<gasScore value='824'/>
		<totalScore value='20107'/>
	</enemy>

	<scoreRatio value='1.83135'/>
</results>
