<results>
	<result value='win'/>
	<start value='2015-04-12.10:12:39'/>
	<end value='2015-04-12.10:14:21'/>
	<frames value='40364'/>
	<gameDuration value='2522'/>

	<player>
		<unitScore value='20600'/>
		<killScore value='25700'/>
		<buildingScore value='4625'/>
		<razingScore value='17175'/>
		<mineralScore value='36490'/>
		<gasScore value='3472'/>
		<totalScore value='108062'/>
	</player>

	<enemy>
		<race value='Protoss'/>
		<unitScore value='14350'/>
		<unitScore value='14350'/>
		<killScore value='15200'/>
		<buildingScore value='5725'/>
		<razingScore value='1350'/>
		<mineralScore value='14906'/>
		<gasScore value='5952'/>
		<totalScore value='57483'/>
	</enemy>

	<scoreRatio value='1.87989'/>
</results>
