<results>
	<result value='loss'/>
	<start value='2015-04-15.01:39:18'/>
	<end value='2015-04-15.01:40:04'/>
	<frames value='34815'/>
	<gameDuration value='2175'/>

	<player>
		<unitScore value='14125'/>
		<killScore value='13200'/>
		<buildingScore value='2975'/>
		<razingScore value='600'/>
		<mineralScore value='17250'/>
		<gasScore value='2984'/>
		<totalScore value='51134'/>
	</player>

	<enemy>
		<race value='Protoss'/>
		<unitScore value='22200'/>
		<unitScore value='22200'/>
		<killScore value='28250'/>
		<buildingScore value='7075'/>
		<razingScore value='8925'/>
		<mineralScore value='24978'/>
		<gasScore value='7824'/>
		<totalScore value='99252'/>
	</enemy>

	<scoreRatio value='0.515194'/>
</results>
