<results>
	<result value='loss'/>
	<start value='2015-07-18.06:59:03'/>
	<end value='2015-07-18.07:00:16'/>
	<frames value='49850'/>
	<gameDuration value='3115'/>

	<player>
		<unitScore value='24725'/>
		<killScore value='10700'/>
		<buildingScore value='4300'/>
		<razingScore value='0'/>
		<mineralScore value='31406'/>
		<gasScore value='5952'/>
		<totalScore value='77083'/>
	</player>

	<enemy>
		<race value='Protoss'/>
		<unitScore value='28985'/>
		<killScore value='49650'/>
		<buildingScore value='8150'/>
		<razingScore value='12900'/>
		<mineralScore value='31062'/>
		<gasScore value='11292'/>
		<totalScore value='142039'/>
	</enemy>

	<scoreRatio value='0.542689'/>
	<timeFitness value='0.432639'/>
	<unitsAverage value='95'/>
</results>
