<results>
	<result value='loss'/>
	<start value='2015-07-19.10:56:20'/>
	<end value='2015-07-19.10:56:50'/>
	<frames value='32614'/>
	<gameDuration value='2038'/>

	<player>
		<unitScore value='15275'/>
		<killScore value='4200'/>
		<buildingScore value='2125'/>
		<razingScore value='300'/>
		<mineralScore value='13550'/>
		<gasScore value='2488'/>
		<totalScore value='37938'/>
	</player>

	<enemy>
		<race value='Protoss'/>
		<unitScore value='17175'/>
		<killScore value='30800'/>
		<buildingScore value='7025'/>
		<razingScore value='6375'/>
		<mineralScore value='20822'/>
		<gasScore value='8400'/>
		<totalScore value='90597'/>
	</enemy>

	<scoreRatio value='0.418756'/>
	<timeFitness value='0.283056'/>
	<unitsAverage value='40'/>
</results>
