<results>
	<result value='loss'/>
	<start value='2015-07-19.11:09:27'/>
	<end value='2015-07-19.11:11:36'/>
	<frames value='49943'/>
	<gameDuration value='3121'/>

	<player>
		<unitScore value='35200'/>
		<killScore value='27450'/>
		<buildingScore value='3775'/>
		<razingScore value='1800'/>
		<mineralScore value='31530'/>
		<gasScore value='7184'/>
		<totalScore value='106939'/>
	</player>

	<enemy>
		<race value='Protoss'/>
		<unitScore value='31050'/>
		<killScore value='69650'/>
		<buildingScore value='7675'/>
		<razingScore value='11325'/>
		<mineralScore value='30878'/>
		<gasScore value='10750'/>
		<totalScore value='161328'/>
	</enemy>

	<scoreRatio value='0.662867'/>
	<timeFitness value='0.433472'/>
	<unitsAverage value='122'/>
</results>
