<results>
	<result value='loss'/>
	<start value='2015-07-19.11:11:46'/>
	<end value='2015-07-19.11:11:59'/>
	<frames value='15471'/>
	<gameDuration value='966'/>

	<player>
		<unitScore value='4275'/>
		<killScore value='1400'/>
		<buildingScore value='1500'/>
		<razingScore value='0'/>
		<mineralScore value='4770'/>
		<gasScore value='688'/>
		<totalScore value='12633'/>
	</player>

	<enemy>
		<race value='Protoss'/>
		<unitScore value='3550'/>
		<killScore value='8350'/>
		<buildingScore value='2925'/>
		<razingScore value='4500'/>
		<mineralScore value='7962'/>
		<gasScore value='1440'/>
		<totalScore value='28727'/>
	</enemy>

	<scoreRatio value='0.439761'/>
	<timeFitness value='0.134167'/>
	<unitsAverage value='22'/>
</results>
