<results>
	<result value='loss'/>
	<start value='2015-05-06.13:21:47'/>
	<end value='2015-05-06.13:21:53'/>
	<frames value='14076'/>
	<gameDuration value='879'/>

	<player>
		<unitScore value='2825'/>
		<killScore value='600'/>
		<buildingScore value='1425'/>
		<razingScore value='0'/>
		<mineralScore value='4298'/>
		<gasScore value='528'/>
		<totalScore value='9676'/>
	</player>

	<enemy>
		<race value='Protoss'/>
		<unitScore value='3500'/>
		<unitScore value='3500'/>
		<killScore value='5450'/>
		<buildingScore value='2175'/>
		<razingScore value='4275'/>
		<mineralScore value='6946'/>
		<gasScore value='1136'/>
		<totalScore value='23482'/>
	</enemy>

	<scoreRatio value='0.41206'/>
	<timeFitness value='0.122083'/>
	<unitsAverage value='21'/>
</results>
