<results>
	<result value='draw'/>
	<start value='2015-05-06.13:46:47'/>
	<end value='2015-05-06.13:47:41'/>
	<frames value='57601'/>
	<gameDuration value='3600'/>

	<player>
		<unitScore value='33850'/>
		<killScore value='63250'/>
		<buildingScore value='2825'/>
		<razingScore value='6825'/>
		<mineralScore value='32286'/>
		<gasScore value='6456'/>
		<totalScore value='145492'/>
	</player>

	<enemy>
		<race value='Protoss'/>
		<unitScore value='37625'/>
		<unitScore value='37625'/>
		<killScore value='62350'/>
		<buildingScore value='7175'/>
		<razingScore value='0'/>
		<mineralScore value='29990'/>
		<gasScore value='11344'/>
		<totalScore value='148484'/>
	</enemy>

	<scoreRatio value='0.97985'/>
	<timeFitness value='0.5'/>
	<unitsAverage value='100'/>
</results>
