<results>
	<result value='win'/>
	<start value='2015-05-06.13:47:43'/>
	<end value='2015-05-06.13:48:39'/>
	<frames value='52516'/>
	<gameDuration value='3282'/>

	<player>
		<unitScore value='21700'/>
		<killScore value='50750'/>
		<buildingScore value='3325'/>
		<razingScore value='26325'/>
		<mineralScore value='24566'/>
		<gasScore value='3624'/>
		<totalScore value='130290'/>
	</player>

	<enemy>
		<race value='Protoss'/>
		<unitScore value='26325'/>
		<unitScore value='26325'/>
		<killScore value='33200'/>
		<buildingScore value='8775'/>
		<razingScore value='900'/>
		<mineralScore value='31782'/>
		<gasScore value='9056'/>
		<totalScore value='110038'/>
	</enemy>

	<scoreRatio value='1.18405'/>
	<timeFitness value='0.544167'/>
	<unitsAverage value='98'/>
</results>
