<results>
	<result value='win'/>
	<start value='2015-05-05.13:40:09'/>
	<end value='2015-05-05.13:40:51'/>
	<frames value='33730'/>
	<gameDuration value='2108'/>

	<player>
		<unitScore value='17275'/>
		<killScore value='33050'/>
		<buildingScore value='4725'/>
		<razingScore value='12000'/>
		<mineralScore value='24154'/>
		<gasScore value='2848'/>
		<totalScore value='94052'/>
	</player>

	<enemy>
		<race value='Terran'/>
		<unitScore value='20125'/>
		<unitScore value='20125'/>
		<killScore value='13050'/>
		<buildingScore value='4000'/>
		<razingScore value='3450'/>
		<mineralScore value='15558'/>
		<gasScore value='8142'/>
		<totalScore value='64325'/>
	</enemy>

	<scoreRatio value='1.46214'/>
	<timeFitness value='0.707222'/>
	<unitsAverage value='83'/>
</results>
