<results>
	<result value='win'/>
	<start value='2015-05-09.08:30:06'/>
	<end value='2015-05-09.08:30:28'/>
	<frames value='26600'/>
	<gameDuration value='1662'/>

	<player>
		<unitScore value='11725'/>
		<killScore value='19550'/>
		<buildingScore value='4175'/>
		<razingScore value='7575'/>
		<mineralScore value='19850'/>
		<gasScore value='2976'/>
		<totalScore value='65851'/>
	</player>

	<enemy>
		<race value='Terran'/>
		<unitScore value='10775'/>
		<unitScore value='10775'/>
		<killScore value='7300'/>
		<buildingScore value='2525'/>
		<razingScore value='2550'/>
		<mineralScore value='10554'/>
		<gasScore value='4160'/>
		<totalScore value='37864'/>
	</enemy>

	<scoreRatio value='1.73915'/>
	<timeFitness value='0.769167'/>
	<unitsAverage value='71'/>
</results>
