<results>
	<result value='loss'/>
	<start value='2015-05-09.08:30:31'/>
	<end value='2015-05-09.08:30:44'/>
	<frames value='22322'/>
	<gameDuration value='1395'/>

	<player>
		<unitScore value='6575'/>
		<killScore value='2400'/>
		<buildingScore value='2975'/>
		<razingScore value='0'/>
		<mineralScore value='11258'/>
		<gasScore value='1264'/>
		<totalScore value='24472'/>
	</player>

	<enemy>
		<race value='Terran'/>
		<unitScore value='9325'/>
		<unitScore value='9325'/>
		<killScore value='13150'/>
		<buildingScore value='3400'/>
		<razingScore value='8925'/>
		<mineralScore value='10762'/>
		<gasScore value='4496'/>
		<totalScore value='50058'/>
	</enemy>

	<scoreRatio value='0.488873'/>
	<timeFitness value='0.19375'/>
	<unitsAverage value='34'/>
</results>
