<results>
	<result value='win'/>
	<start value='2015-05-10.15:50:05'/>
	<end value='2015-05-10.15:50:47'/>
	<frames value='30072'/>
	<gameDuration value='1879'/>

	<player>
		<unitScore value='16725'/>
		<killScore value='12800'/>
		<buildingScore value='4350'/>
		<razingScore value='11925'/>
		<mineralScore value='23746'/>
		<gasScore value='3328'/>
		<totalScore value='72874'/>
	</player>

	<enemy>
		<race value='Protoss'/>
		<unitScore value='6400'/>
		<unitScore value='6400'/>
		<killScore value='8850'/>
		<buildingScore value='3975'/>
		<razingScore value='0'/>
		<mineralScore value='11298'/>
		<gasScore value='2328'/>
		<totalScore value='32851'/>
	</enemy>

	<scoreRatio value='2.21832'/>
	<timeFitness value='0.739028'/>
	<unitsAverage value='94'/>
</results>
