<results>
	<result value='loss'/>
	<start value='2015-07-21.11:38:37'/>
	<end value='2015-07-21.11:39:25'/>
	<frames value='35497'/>
	<gameDuration value='2218'/>

	<player>
		<unitScore value='19800'/>
		<killScore value='24350'/>
		<buildingScore value='3575'/>
		<razingScore value='0'/>
		<mineralScore value='31842'/>
		<gasScore value='2160'/>
		<totalScore value='81727'/>
	</player>

	<enemy>
		<race value='Zerg'/>
		<unitScore value='20400'/>
		<killScore value='39700'/>
		<buildingScore value='3470'/>
		<razingScore value='10725'/>
		<mineralScore value='18082'/>
		<gasScore value='7504'/>
		<totalScore value='99881'/>
	</enemy>

	<scoreRatio value='0.818244'/>
	<timeFitness value='0.308056'/>
	<unitsAverage value='76'/>
</results>
