<results>
	<result value='draw'/>
	<start value='2015-07-21.11:40:52'/>
	<end value='2015-07-21.11:42:41'/>
	<frames value='57601'/>
	<gameDuration value='3600'/>

	<player>
		<unitScore value='43100'/>
		<killScore value='22600'/>
		<buildingScore value='4625'/>
		<razingScore value='0'/>
		<mineralScore value='38914'/>
		<gasScore value='13112'/>
		<totalScore value='122351'/>
	</player>

	<enemy>
		<race value='Zerg'/>
		<unitScore value='18000'/>
		<killScore value='68300'/>
		<buildingScore value='3455'/>
		<razingScore value='3750'/>
		<mineralScore value='24050'/>
		<gasScore value='6440'/>
		<totalScore value='123995'/>
	</enemy>

	<scoreRatio value='0.986741'/>
	<timeFitness value='0.5'/>
	<unitsAverage value='121'/>
</results>
