<results>
	<result value='win'/>
	<start value='2015-05-10.20:22:58'/>
	<end value='2015-05-10.20:23:33'/>
	<frames value='30630'/>
	<gameDuration value='1914'/>

	<player>
		<unitScore value='23525'/>
		<killScore value='33625'/>
		<buildingScore value='4800'/>
		<razingScore value='7605'/>
		<mineralScore value='30234'/>
		<gasScore value='3360'/>
		<totalScore value='103149'/>
	</player>

	<enemy>
		<race value='Zerg'/>
		<unitScore value='15125'/>
		<unitScore value='15125'/>
		<killScore value='26900'/>
		<buildingScore value='2535'/>
		<razingScore value='1950'/>
		<mineralScore value='15298'/>
		<gasScore value='4016'/>
		<totalScore value='65824'/>
	</enemy>

	<scoreRatio value='1.56704'/>
	<timeFitness value='0.734167'/>
	<unitsAverage value='98'/>
</results>
