<results>
	<result value='win'/>
	<start value='2015-05-04.09:01:12'/>
	<end value='2015-05-04.09:01:48'/>
	<frames value='30971'/>
	<gameDuration value='1935'/>

	<player>
		<unitScore value='23675'/>
		<killScore value='23680'/>
		<buildingScore value='4125'/>
		<razingScore value='4995'/>
		<mineralScore value='36582'/>
		<gasScore value='1400'/>
		<totalScore value='94457'/>
	</player>

	<enemy>
		<race value='Zerg'/>
		<unitScore value='11250'/>
		<unitScore value='11250'/>
		<killScore value='21900'/>
		<buildingScore value='1665'/>
		<razingScore value='0'/>
		<mineralScore value='10474'/>
		<gasScore value='3264'/>
		<totalScore value='48553'/>
	</enemy>

	<scoreRatio value='1.94544'/>
	<timeFitness value='0.73125'/>
	<unitsAverage value='103'/>
</results>
