<results>
	<result value='win'/>
	<start value='2015-05-10.20:30:42'/>
	<end value='2015-05-10.20:31:09'/>
	<frames value='26786'/>
	<gameDuration value='1674'/>

	<player>
		<unitScore value='16550'/>
		<killScore value='27250'/>
		<buildingScore value='4175'/>
		<razingScore value='6945'/>
		<mineralScore value='24602'/>
		<gasScore value='3000'/>
		<totalScore value='82522'/>
	</player>

	<enemy>
		<race value='Zerg'/>
		<unitScore value='12450'/>
		<unitScore value='12450'/>
		<killScore value='15100'/>
		<buildingScore value='2315'/>
		<razingScore value='1950'/>
		<mineralScore value='12130'/>
		<gasScore value='3416'/>
		<totalScore value='47361'/>
	</enemy>

	<scoreRatio value='1.7424'/>
	<timeFitness value='0.7675'/>
	<unitsAverage value='88'/>
</results>
