<results>
	<result value='loss'/>
	<start value='2015-04-29.13:26:24'/>
	<end value='2015-04-29.13:26:35'/>
	<frames value='18571'/>
	<gameDuration value='1160'/>

	<player>
		<unitScore value='4500'/>
		<killScore value='2150'/>
		<buildingScore value='1250'/>
		<razingScore value='0'/>
		<mineralScore value='6042'/>
		<gasScore value='1176'/>
		<totalScore value='15118'/>
	</player>

	<enemy>
		<race value='Terran'/>
		<unitScore value='6575'/>
		<unitScore value='6575'/>
		<killScore value='9000'/>
		<buildingScore value='2750'/>
		<razingScore value='3750'/>
		<mineralScore value='8610'/>
		<gasScore value='2768'/>
		<totalScore value='33453'/>
	</enemy>

	<scoreRatio value='0.451918'/>
	<timeFitness value='0.161111'/>
	<unitsAverage value='29'/>
</results>
