<results>
	<result value='win'/>
	<start value='2015-04-29.13:55:41'/>
	<end value='2015-04-29.13:56:03'/>
	<frames value='22229'/>
	<gameDuration value='1389'/>

	<player>
		<unitScore value='8475'/>
		<killScore value='12700'/>
		<buildingScore value='2575'/>
		<razingScore value='4200'/>
		<mineralScore value='12330'/>
		<gasScore value='1760'/>
		<totalScore value='42040'/>
	</player>

	<enemy>
		<race value='Terran'/>
		<unitScore value='6350'/>
		<unitScore value='6350'/>
		<killScore value='7350'/>
		<buildingScore value='1400'/>
		<razingScore value='1350'/>
		<mineralScore value='8002'/>
		<gasScore value='1976'/>
		<totalScore value='26428'/>
	</enemy>

	<scoreRatio value='1.59074'/>
	<timeFitness value='0.807083'/>
	<unitsAverage value='48'/>
</results>
