<results>
	<result value='draw'/>
	<start value='2015-07-10.10:49:00'/>
	<end value='2015-07-10.10:52:05'/>
	<frames value='57601'/>
	<gameDuration value='3600'/>

	<player>
		<unitScore value='22325'/>
		<killScore value='7700'/>
		<buildingScore value='6300'/>
		<razingScore value='0'/>
		<mineralScore value='31470'/>
		<gasScore value='6970'/>
		<totalScore value='74765'/>
	</player>

	<enemy>
		<race value='Terran'/>
		<unitScore value='21175'/>
		<killScore value='26650'/>
		<buildingScore value='4725'/>
		<razingScore value='4500'/>
		<mineralScore value='28458'/>
		<gasScore value='9892'/>
		<totalScore value='95400'/>
	</enemy>

	<scoreRatio value='0.7837'/>
	<timeFitness value='0.5'/>
	<unitsAverage value='113'/>
</results>
