<results>
	<result value='loss'/>
	<start value='2015-07-10.11:09:54'/>
	<end value='2015-07-10.11:10:24'/>
	<frames value='22105'/>
	<gameDuration value='1381'/>

	<player>
		<unitScore value='9475'/>
		<killScore value='3950'/>
		<buildingScore value='1625'/>
		<razingScore value='0'/>
		<mineralScore value='9266'/>
		<gasScore value='1552'/>
		<totalScore value='25868'/>
	</player>

	<enemy>
		<race value='Terran'/>
		<unitScore value='9725'/>
		<killScore value='17400'/>
		<buildingScore value='3325'/>
		<razingScore value='4875'/>
		<mineralScore value='10802'/>
		<gasScore value='4472'/>
		<totalScore value='50599'/>
	</enemy>

	<scoreRatio value='0.511235'/>
	<timeFitness value='0.191806'/>
	<unitsAverage value='38'/>
</results>
