<results>
	<result value='loss'/>
	<start value='2015-05-04.03:40:04'/>
	<end value='2015-05-04.03:40:14'/>
	<frames value='19036'/>
	<gameDuration value='1189'/>

	<player>
		<unitScore value='3400'/>
		<killScore value='2550'/>
		<buildingScore value='1975'/>
		<razingScore value='0'/>
		<mineralScore value='5154'/>
		<gasScore value='624'/>
		<totalScore value='13703'/>
	</player>

	<enemy>
		<race value='Terran'/>
		<unitScore value='7400'/>
		<unitScore value='7400'/>
		<killScore value='6800'/>
		<buildingScore value='2850'/>
		<razingScore value='5925'/>
		<mineralScore value='8954'/>
		<gasScore value='3200'/>
		<totalScore value='35129'/>
	</enemy>

	<scoreRatio value='0.390077'/>
	<timeFitness value='0.165139'/>
	<unitsAverage value='25'/>
</results>
