<results>
	<result value='win'/>
	<start value='2015-05-08.17:31:05'/>
	<end value='2015-05-08.17:31:28'/>
	<frames value='25236'/>
	<gameDuration value='1577'/>

	<player>
		<unitScore value='12925'/>
		<killScore value='18750'/>
		<buildingScore value='4200'/>
		<razingScore value='5400'/>
		<mineralScore value='20906'/>
		<gasScore value='2344'/>
		<totalScore value='64525'/>
	</player>

	<enemy>
		<race value='Terran'/>
		<unitScore value='9375'/>
		<unitScore value='9375'/>
		<killScore value='7250'/>
		<buildingScore value='1800'/>
		<razingScore value='150'/>
		<mineralScore value='10730'/>
		<gasScore value='3112'/>
		<totalScore value='32417'/>
	</enemy>

	<scoreRatio value='1.99047'/>
	<timeFitness value='0.780972'/>
	<unitsAverage value='80'/>
</results>
