<results>
	<result value='loss'/>
	<start value='2015-07-20.22:14:34'/>
	<end value='2015-07-20.22:15:08'/>
	<frames value='26972'/>
	<gameDuration value='1685'/>

	<player>
		<unitScore value='11425'/>
		<killScore value='6200'/>
		<buildingScore value='3850'/>
		<razingScore value='0'/>
		<mineralScore value='13662'/>
		<gasScore value='2232'/>
		<totalScore value='37369'/>
	</player>

	<enemy>
		<race value='Zerg'/>
		<unitScore value='13500'/>
		<killScore value='21950'/>
		<buildingScore value='3280'/>
		<razingScore value='11550'/>
		<mineralScore value='15538'/>
		<gasScore value='4752'/>
		<totalScore value='70570'/>
	</enemy>

	<scoreRatio value='0.529531'/>
	<timeFitness value='0.234028'/>
	<unitsAverage value='51'/>
</results>
