<results>
	<result value='loss'/>
	<start value='2015-07-20.22:21:30'/>
	<end value='2015-07-20.22:22:14'/>
	<frames value='37233'/>
	<gameDuration value='2327'/>

	<player>
		<unitScore value='23775'/>
		<killScore value='25350'/>
		<buildingScore value='3700'/>
		<razingScore value='0'/>
		<mineralScore value='32526'/>
		<gasScore value='5064'/>
		<totalScore value='90415'/>
	</player>

	<enemy>
		<race value='Zerg'/>
		<unitScore value='18800'/>
		<killScore value='47550'/>
		<buildingScore value='3685'/>
		<razingScore value='11100'/>
		<mineralScore value='24622'/>
		<gasScore value='5338'/>
		<totalScore value='111095'/>
	</enemy>

	<scoreRatio value='0.813853'/>
	<timeFitness value='0.323194'/>
	<unitsAverage value='69'/>
</results>
