<results>
	<result value='loss'/>
	<start value='2015-07-20.22:23:29'/>
	<end value='2015-07-20.22:24:02'/>
	<frames value='30320'/>
	<gameDuration value='1895'/>

	<player>
		<unitScore value='15050'/>
		<killScore value='11025'/>
		<buildingScore value='3725'/>
		<razingScore value='0'/>
		<mineralScore value='23986'/>
		<gasScore value='2192'/>
		<totalScore value='55978'/>
	</player>

	<enemy>
		<race value='Zerg'/>
		<unitScore value='15825'/>
		<killScore value='30100'/>
		<buildingScore value='3230'/>
		<razingScore value='11175'/>
		<mineralScore value='20066'/>
		<gasScore value='5010'/>
		<totalScore value='85406'/>
	</enemy>

	<scoreRatio value='0.655434'/>
	<timeFitness value='0.263194'/>
	<unitsAverage value='56'/>
</results>
