<results>
	<result value='win'/>
	<start value='2015-05-07.22:29:19'/>
	<end value='2015-05-07.22:29:58'/>
	<frames value='33699'/>
	<gameDuration value='2106'/>

	<player>
		<unitScore value='19100'/>
		<killScore value='28680'/>
		<buildingScore value='2775'/>
		<razingScore value='6015'/>
		<mineralScore value='23818'/>
		<gasScore value='3840'/>
		<totalScore value='84228'/>
	</player>

	<enemy>
		<race value='Zerg'/>
		<unitScore value='13025'/>
		<unitScore value='13025'/>
		<killScore value='19100'/>
		<buildingScore value='2005'/>
		<razingScore value='0'/>
		<mineralScore value='12694'/>
		<gasScore value='4472'/>
		<totalScore value='51296'/>
	</enemy>

	<scoreRatio value='1.642'/>
	<timeFitness value='0.7075'/>
	<unitsAverage value='88'/>
</results>
