<results>
	<result value='win'/>
	<start value='2015-05-07.22:33:03'/>
	<end value='2015-05-07.22:33:43'/>
	<frames value='28429'/>
	<gameDuration value='1776'/>

	<player>
		<unitScore value='19725'/>
		<killScore value='33290'/>
		<buildingScore value='4125'/>
		<razingScore value='5280'/>
		<mineralScore value='32274'/>
		<gasScore value='2176'/>
		<totalScore value='96870'/>
	</player>

	<enemy>
		<race value='Zerg'/>
		<unitScore value='14175'/>
		<unitScore value='14175'/>
		<killScore value='18950'/>
		<buildingScore value='1760'/>
		<razingScore value='0'/>
		<mineralScore value='12806'/>
		<gasScore value='4016'/>
		<totalScore value='51707'/>
	</enemy>

	<scoreRatio value='1.87344'/>
	<timeFitness value='0.753333'/>
	<unitsAverage value='107'/>
</results>
