<results>
	<result value='win'/>
	<start value='2015-05-07.22:48:53'/>
	<end value='2015-05-07.22:49:29'/>
	<frames value='28150'/>
	<gameDuration value='1759'/>

	<player>
		<unitScore value='17375'/>
		<killScore value='26470'/>
		<buildingScore value='3475'/>
		<razingScore value='6135'/>
		<mineralScore value='27490'/>
		<gasScore value='2136'/>
		<totalScore value='83081'/>
	</player>

	<enemy>
		<race value='Zerg'/>
		<unitScore value='12275'/>
		<unitScore value='12275'/>
		<killScore value='16800'/>
		<buildingScore value='2045'/>
		<razingScore value='0'/>
		<mineralScore value='12258'/>
		<gasScore value='3800'/>
		<totalScore value='47178'/>
	</enemy>

	<scoreRatio value='1.76101'/>
	<timeFitness value='0.755694'/>
	<unitsAverage value='98'/>
</results>
