<results>
	<result value='win'/>
	<start value='2015-04-30.15:02:48'/>
	<end value='2015-04-30.15:03:32'/>
	<frames value='28553'/>
	<gameDuration value='1784'/>

	<player>
		<unitScore value='20400'/>
		<killScore value='28880'/>
		<buildingScore value='3200'/>
		<razingScore value='4995'/>
		<mineralScore value='24118'/>
		<gasScore value='1480'/>
		<totalScore value='83073'/>
	</player>

	<enemy>
		<race value='Zerg'/>
		<unitScore value='13475'/>
		<unitScore value='13475'/>
		<killScore value='22950'/>
		<buildingScore value='1665'/>
		<razingScore value='0'/>
		<mineralScore value='12050'/>
		<gasScore value='4264'/>
		<totalScore value='54404'/>
	</enemy>

	<scoreRatio value='1.52696'/>
	<timeFitness value='0.752222'/>
	<unitsAverage value='90'/>
</results>
