<results>
	<result value='win'/>
	<start value='2015-04-30.15:16:49'/>
	<end value='2015-04-30.15:17:31'/>
	<frames value='26259'/>
	<gameDuration value='1641'/>

	<player>
		<unitScore value='16900'/>
		<killScore value='26680'/>
		<buildingScore value='4025'/>
		<razingScore value='5955'/>
		<mineralScore value='22842'/>
		<gasScore value='2200'/>
		<totalScore value='78602'/>
	</player>

	<enemy>
		<race value='Zerg'/>
		<unitScore value='11675'/>
		<unitScore value='11675'/>
		<killScore value='17050'/>
		<buildingScore value='1985'/>
		<razingScore value='1575'/>
		<mineralScore value='11218'/>
		<gasScore value='3384'/>
		<totalScore value='46887'/>
	</enemy>

	<scoreRatio value='1.67641'/>
	<timeFitness value='0.772083'/>
	<unitsAverage value='87'/>
</results>
