<results>
	<result value='win'/>
	<start value='2015-05-04.15:43:38'/>
	<end value='2015-05-04.15:44:21'/>
	<frames value='28987'/>
	<gameDuration value='1811'/>

	<player>
		<unitScore value='16500'/>
		<killScore value='15850'/>
		<buildingScore value='4925'/>
		<razingScore value='7560'/>
		<mineralScore value='31738'/>
		<gasScore value='2416'/>
		<totalScore value='78989'/>
	</player>

	<enemy>
		<race value='Zerg'/>
		<unitScore value='7975'/>
		<unitScore value='7975'/>
		<killScore value='9850'/>
		<buildingScore value='2520'/>
		<razingScore value='1200'/>
		<mineralScore value='9914'/>
		<gasScore value='3152'/>
		<totalScore value='34611'/>
	</enemy>

	<scoreRatio value='2.28219'/>
	<timeFitness value='0.748472'/>
	<unitsAverage value='115'/>
</results>
