<results>
	<result value='win'/>
	<start value='2015-05-11.18:17:57'/>
	<end value='2015-05-11.18:18:34'/>
	<frames value='28925'/>
	<gameDuration value='1807'/>

	<player>
		<unitScore value='20000'/>
		<killScore value='34000'/>
		<buildingScore value='3575'/>
		<razingScore value='6180'/>
		<mineralScore value='32250'/>
		<gasScore value='3336'/>
		<totalScore value='99341'/>
	</player>

	<enemy>
		<race value='Zerg'/>
		<unitScore value='14250'/>
		<unitScore value='14250'/>
		<killScore value='18150'/>
		<buildingScore value='2060'/>
		<razingScore value='0'/>
		<mineralScore value='12938'/>
		<gasScore value='3816'/>
		<totalScore value='51214'/>
	</enemy>

	<scoreRatio value='1.93972'/>
	<timeFitness value='0.749028'/>
	<unitsAverage value='108'/>
</results>
