<results>
	<result value='win'/>
	<start value='2015-05-11.00:27:39'/>
	<end value='2015-05-11.00:28:14'/>
	<frames value='36055'/>
	<gameDuration value='2253'/>

	<player>
		<unitScore value='16675'/>
		<killScore value='43660'/>
		<buildingScore value='3500'/>
		<razingScore value='6135'/>
		<mineralScore value='26450'/>
		<gasScore value='2280'/>
		<totalScore value='98700'/>
	</player>

	<enemy>
		<race value='Zerg'/>
		<unitScore value='18725'/>
		<unitScore value='18725'/>
		<killScore value='15800'/>
		<buildingScore value='2045'/>
		<razingScore value='150'/>
		<mineralScore value='15538'/>
		<gasScore value='4904'/>
		<totalScore value='57162'/>
	</enemy>

	<scoreRatio value='1.72667'/>
	<timeFitness value='0.687083'/>
	<unitsAverage value='81'/>
</results>
