<results>
	<result value='win'/>
	<start value='2015-05-11.00:30:54'/>
	<end value='2015-05-11.00:31:49'/>
	<frames value='34226'/>
	<gameDuration value='2139'/>

	<player>
		<unitScore value='20375'/>
		<killScore value='29880'/>
		<buildingScore value='4325'/>
		<razingScore value='9720'/>
		<mineralScore value='31990'/>
		<gasScore value='2416'/>
		<totalScore value='98706'/>
	</player>

	<enemy>
		<race value='Zerg'/>
		<unitScore value='15550'/>
		<unitScore value='15550'/>
		<killScore value='14150'/>
		<buildingScore value='3240'/>
		<razingScore value='0'/>
		<mineralScore value='16798'/>
		<gasScore value='5560'/>
		<totalScore value='55298'/>
	</enemy>

	<scoreRatio value='1.78498'/>
	<timeFitness value='0.702917'/>
	<unitsAverage value='128'/>
</results>
