<results>
	<result value='win'/>
	<start value='2015-05-11.00:44:32'/>
	<end value='2015-05-11.00:45:09'/>
	<frames value='29483'/>
	<gameDuration value='1842'/>

	<player>
		<unitScore value='19525'/>
		<killScore value='30365'/>
		<buildingScore value='4300'/>
		<razingScore value='8070'/>
		<mineralScore value='24314'/>
		<gasScore value='3008'/>
		<totalScore value='89582'/>
	</player>

	<enemy>
		<race value='Zerg'/>
		<unitScore value='12850'/>
		<unitScore value='12850'/>
		<killScore value='12650'/>
		<buildingScore value='2690'/>
		<razingScore value='1800'/>
		<mineralScore value='13066'/>
		<gasScore value='3936'/>
		<totalScore value='46992'/>
	</enemy>

	<scoreRatio value='1.90632'/>
	<timeFitness value='0.744167'/>
	<unitsAverage value='100'/>
</results>
