<results>
	<result value='win'/>
	<start value='2015-05-11.00:49:46'/>
	<end value='2015-05-11.00:51:21'/>
	<frames value='45293'/>
	<gameDuration value='2830'/>

	<player>
		<unitScore value='28350'/>
		<killScore value='43600'/>
		<buildingScore value='4425'/>
		<razingScore value='12225'/>
		<mineralScore value='33670'/>
		<gasScore value='4340'/>
		<totalScore value='126610'/>
	</player>

	<enemy>
		<race value='Zerg'/>
		<unitScore value='20750'/>
		<unitScore value='20750'/>
		<killScore value='26100'/>
		<buildingScore value='4075'/>
		<razingScore value='900'/>
		<mineralScore value='20874'/>
		<gasScore value='6360'/>
		<totalScore value='79059'/>
	</enemy>

	<scoreRatio value='1.60146'/>
	<timeFitness value='0.606944'/>
	<unitsAverage value='150'/>
</results>
