<results>
	<result value='loss'/>
	<start value='2015-05-11.00:52:44'/>
	<end value='2015-05-11.00:53:16'/>
	<frames value='35125'/>
	<gameDuration value='2195'/>

	<player>
		<unitScore value='11475'/>
		<killScore value='23750'/>
		<buildingScore value='3375'/>
		<razingScore value='480'/>
		<mineralScore value='24554'/>
		<gasScore value='1264'/>
		<totalScore value='64898'/>
	</player>

	<enemy>
		<race value='Zerg'/>
		<unitScore value='23600'/>
		<unitScore value='23600'/>
		<killScore value='22950'/>
		<buildingScore value='3570'/>
		<razingScore value='10125'/>
		<mineralScore value='21266'/>
		<gasScore value='7142'/>
		<totalScore value='88653'/>
	</enemy>

	<scoreRatio value='0.732045'/>
	<timeFitness value='0.304861'/>
	<unitsAverage value='68'/>
</results>
