<results>
	<result value='win'/>
	<start value='2015-04-27.14:23:31'/>
	<end value='2015-04-27.14:23:49'/>
	<frames value='26414'/>
	<gameDuration value='1650'/>

	<player>
		<unitScore value='11925'/>
		<killScore value='22150'/>
		<buildingScore value='3300'/>
		<razingScore value='8400'/>
		<mineralScore value='16418'/>
		<gasScore value='2384'/>
		<totalScore value='64577'/>
	</player>

	<enemy>
		<race value='Terran'/>
		<unitScore value='11075'/>
		<unitScore value='11075'/>
		<killScore value='8550'/>
		<buildingScore value='2800'/>
		<razingScore value='1875'/>
		<mineralScore value='10342'/>
		<gasScore value='4048'/>
		<totalScore value='38690'/>
	</enemy>

	<scoreRatio value='1.66909'/>
</results>
