<results>
	<result value='win'/>
	<start value='2015-04-27.14:26:15'/>
	<end value='2015-04-27.14:26:25'/>
	<frames value='19656'/>
	<gameDuration value='1228'/>

	<player>
		<unitScore value='8950'/>
		<killScore value='10800'/>
		<buildingScore value='2625'/>
		<razingScore value='4350'/>
		<mineralScore value='13114'/>
		<gasScore value='1368'/>
		<totalScore value='41207'/>
	</player>

	<enemy>
		<race value='Terran'/>
		<unitScore value='5400'/>
		<unitScore value='5400'/>
		<killScore value='6350'/>
		<buildingScore value='1450'/>
		<razingScore value='0'/>
		<mineralScore value='9354'/>
		<gasScore value='2320'/>
		<totalScore value='24874'/>
	</enemy>

	<scoreRatio value='1.65663'/>
</results>
