<results>
	<result value='win'/>
	<start value='2015-04-27.14:27:52'/>
	<end value='2015-04-27.14:28:10'/>
	<frames value='29297'/>
	<gameDuration value='1831'/>

	<player>
		<unitScore value='14200'/>
		<killScore value='26000'/>
		<buildingScore value='3675'/>
		<razingScore value='6825'/>
		<mineralScore value='18218'/>
		<gasScore value='2360'/>
		<totalScore value='71278'/>
	</player>

	<enemy>
		<race value='Terran'/>
		<unitScore value='13000'/>
		<unitScore value='13000'/>
		<killScore value='13850'/>
		<buildingScore value='2350'/>
		<razingScore value='1500'/>
		<mineralScore value='11962'/>
		<gasScore value='4384'/>
		<totalScore value='47046'/>
	</enemy>

	<scoreRatio value='1.51507'/>
</results>
