<results>
	<result value='win'/>
	<start value='2015-04-27.14:29:39'/>
	<end value='2015-04-27.14:30:06'/>
	<frames value='31498'/>
	<gameDuration value='1968'/>

	<player>
		<unitScore value='18900'/>
		<killScore value='31500'/>
		<buildingScore value='3925'/>
		<razingScore value='11100'/>
		<mineralScore value='27698'/>
		<gasScore value='4384'/>
		<totalScore value='97507'/>
	</player>

	<enemy>
		<race value='Terran'/>
		<unitScore value='17350'/>
		<unitScore value='17350'/>
		<killScore value='15350'/>
		<buildingScore value='3700'/>
		<razingScore value='825'/>
		<mineralScore value='14878'/>
		<gasScore value='7048'/>
		<totalScore value='59151'/>
	</enemy>

	<scoreRatio value='1.64844'/>
</results>
