<results>
	<result value='loss'/>
	<start value='2015-04-09.11:13:15'/>
	<end value='2015-04-09.11:13:56'/>
	<frames value='47866'/>
	<gameDuration value='2991'/>

	<player>
		<unitScore value='27225'/>
		<killScore value='37050'/>
		<buildingScore value='3175'/>
		<razingScore value='900'/>
		<mineralScore value='28506'/>
		<gasScore value='3672'/>
		<totalScore value='100528'/>
	</player>

	<enemy>
		<race value='Protoss'/>
		<unitScore value='37275'/>
		<unitScore value='37275'/>
		<killScore value='54200'/>
		<buildingScore value='7375'/>
		<razingScore value='9525'/>
		<mineralScore value='32362'/>
		<gasScore value='12426'/>
		<totalScore value='153163'/>
	</enemy>

	<scoreRatio value='0.656346'/>
</results>
