<results>
	<result value='win'/>
	<start value='2015-05-10.06:10:07'/>
	<end value='2015-05-10.06:10:57'/>
	<frames value='34939'/>
	<gameDuration value='2183'/>

	<player>
		<unitScore value='25550'/>
		<killScore value='29650'/>
		<buildingScore value='4275'/>
		<razingScore value='14325'/>
		<mineralScore value='34622'/>
		<gasScore value='2800'/>
		<totalScore value='111222'/>
	</player>

	<enemy>
		<race value='Protoss'/>
		<unitScore value='15875'/>
		<unitScore value='15875'/>
		<killScore value='24750'/>
		<buildingScore value='4775'/>
		<razingScore value='300'/>
		<mineralScore value='14850'/>
		<gasScore value='4264'/>
		<totalScore value='64814'/>
	</enemy>

	<scoreRatio value='1.71602'/>
	<timeFitness value='0.696806'/>
	<unitsAverage value='116'/>
</results>
