<results>
	<result value='loss'/>
	<start value='2014-07-23.01:00:09'/>
	<end value='2014-07-23.01:00:21'/>
	<frames value='21733'/>
	<gameDuration value='1358'/>

	<player>
		<unitScore value='6300'/>
		<killScore value='5100'/>
		<buildingScore value='1675'/>
		<razingScore value='0'/>
		<mineralScore value='7618'/>
		<gasScore value='864'/>
		<totalScore value='21557'/>
	</player>

	<enemy>
		<race value='Zerg'/>
		<unitScore value='8275'/>
		<unitScore value='8275'/>
		<killScore value='12600'/>
		<buildingScore value='2075'/>
		<razingScore value='5025'/>
		<mineralScore value='9122'/>
		<gasScore value='2608'/>
		<totalScore value='39705'/>
	</enemy>

	<scoreRatio value='0.542929'/>
</results>
