<results>
	<result value='loss'/>
	<start value='2015-05-05.04:40:48'/>
	<end value='2015-05-05.04:41:20'/>
	<frames value='45789'/>
	<gameDuration value='2861'/>

	<player>
		<unitScore value='21050'/>
		<killScore value='48350'/>
		<buildingScore value='2675'/>
		<razingScore value='3375'/>
		<mineralScore value='24050'/>
		<gasScore value='2080'/>
		<totalScore value='101580'/>
	</player>

	<enemy>
		<race value='Protoss'/>
		<unitScore value='37350'/>
		<unitScore value='37350'/>
		<killScore value='42100'/>
		<buildingScore value='8550'/>
		<razingScore value='8025'/>
		<mineralScore value='36006'/>
		<gasScore value='9020'/>
		<totalScore value='141051'/>
	</enemy>

	<scoreRatio value='0.720165'/>
	<timeFitness value='0.397361'/>
	<unitsAverage value='73'/>
</results>
