<results>
	<result value='loss'/>
	<start value='2015-05-05.04:42:36'/>
	<end value='2015-05-05.04:42:45'/>
	<frames value='16959'/>
	<gameDuration value='1059'/>

	<player>
		<unitScore value='3875'/>
		<killScore value='1000'/>
		<buildingScore value='1175'/>
		<razingScore value='0'/>
		<mineralScore value='5618'/>
		<gasScore value='536'/>
		<totalScore value='12204'/>
	</player>

	<enemy>
		<race value='Protoss'/>
		<unitScore value='4575'/>
		<unitScore value='4575'/>
		<killScore value='7300'/>
		<buildingScore value='3075'/>
		<razingScore value='3525'/>
		<mineralScore value='8650'/>
		<gasScore value='2032'/>
		<totalScore value='29157'/>
	</enemy>

	<scoreRatio value='0.418562'/>
	<timeFitness value='0.147083'/>
	<unitsAverage value='26'/>
</results>
