<results>
	<result value='loss'/>
	<start value='2015-05-05.04:46:37'/>
	<end value='2015-05-05.04:46:42'/>
	<frames value='15161'/>
	<gameDuration value='947'/>

	<player>
		<unitScore value='2000'/>
		<killScore value='800'/>
		<buildingScore value='1200'/>
		<razingScore value='0'/>
		<mineralScore value='3650'/>
		<gasScore value='608'/>
		<totalScore value='8258'/>
	</player>

	<enemy>
		<race value='Protoss'/>
		<unitScore value='3550'/>
		<unitScore value='3550'/>
		<killScore value='4000'/>
		<buildingScore value='2975'/>
		<razingScore value='3600'/>
		<mineralScore value='7850'/>
		<gasScore value='1392'/>
		<totalScore value='23367'/>
	</enemy>

	<scoreRatio value='0.353404'/>
	<timeFitness value='0.131528'/>
	<unitsAverage value='19'/>
</results>
