<results>
	<result value='loss'/>
	<start value='2015-05-05.04:50:46'/>
	<end value='2015-05-05.04:50:54'/>
	<frames value='17703'/>
	<gameDuration value='1106'/>

	<player>
		<unitScore value='3375'/>
		<killScore value='1600'/>
		<buildingScore value='1575'/>
		<razingScore value='0'/>
		<mineralScore value='5066'/>
		<gasScore value='424'/>
		<totalScore value='12040'/>
	</player>

	<enemy>
		<race value='Protoss'/>
		<unitScore value='3750'/>
		<unitScore value='3750'/>
		<killScore value='6750'/>
		<buildingScore value='4075'/>
		<razingScore value='4725'/>
		<mineralScore value='9530'/>
		<gasScore value='1616'/>
		<totalScore value='30446'/>
	</enemy>

	<scoreRatio value='0.395454'/>
	<timeFitness value='0.153611'/>
	<unitsAverage value='21'/>
</results>
