<results>
	<result value='loss'/>
	<start value='2015-05-05.04:51:16'/>
	<end value='2015-05-05.04:51:34'/>
	<frames value='37264'/>
	<gameDuration value='2329'/>

	<player>
		<unitScore value='12850'/>
		<killScore value='13850'/>
		<buildingScore value='2325'/>
		<razingScore value='300'/>
		<mineralScore value='15210'/>
		<gasScore value='3080'/>
		<totalScore value='47615'/>
	</player>

	<enemy>
		<race value='Protoss'/>
		<unitScore value='25600'/>
		<unitScore value='25600'/>
		<killScore value='25200'/>
		<buildingScore value='7275'/>
		<razingScore value='6975'/>
		<mineralScore value='25738'/>
		<gasScore value='10360'/>
		<totalScore value='101148'/>
	</enemy>

	<scoreRatio value='0.470746'/>
	<timeFitness value='0.323472'/>
	<unitsAverage value='38'/>
</results>
