<results>
	<result value='loss'/>
	<start value='2015-05-05.04:58:44'/>
	<end value='2015-05-05.04:58:51'/>
	<frames value='16556'/>
	<gameDuration value='1034'/>

	<player>
		<unitScore value='3200'/>
		<killScore value='800'/>
		<buildingScore value='1700'/>
		<razingScore value='0'/>
		<mineralScore value='5066'/>
		<gasScore value='552'/>
		<totalScore value='11318'/>
	</player>

	<enemy>
		<race value='Protoss'/>
		<unitScore value='3600'/>
		<unitScore value='3600'/>
		<killScore value='6400'/>
		<buildingScore value='3975'/>
		<razingScore value='5100'/>
		<mineralScore value='8650'/>
		<gasScore value='1584'/>
		<totalScore value='29309'/>
	</enemy>

	<scoreRatio value='0.386161'/>
	<timeFitness value='0.143611'/>
	<unitsAverage value='24'/>
</results>
