<results>
	<result value='loss'/>
	<start value='2015-05-05.00:53:46'/>
	<end value='2015-05-05.00:54:29'/>
	<frames value='41077'/>
	<gameDuration value='2567'/>

	<player>
		<unitScore value='18850'/>
		<killScore value='25850'/>
		<buildingScore value='2425'/>
		<razingScore value='300'/>
		<mineralScore value='19486'/>
		<gasScore value='2656'/>
		<totalScore value='69567'/>
	</player>

	<enemy>
		<race value='Protoss'/>
		<unitScore value='31675'/>
		<unitScore value='31675'/>
		<killScore value='37650'/>
		<buildingScore value='7275'/>
		<razingScore value='7275'/>
		<mineralScore value='28274'/>
		<gasScore value='11528'/>
		<totalScore value='123677'/>
	</enemy>

	<scoreRatio value='0.562489'/>
	<timeFitness value='0.356528'/>
	<unitsAverage value='43'/>
</results>
