<results>
	<result value='win'/>
	<start value='2015-05-05.00:57:56'/>
	<end value='2015-05-05.00:59:05'/>
	<frames value='45851'/>
	<gameDuration value='2865'/>

	<player>
		<unitScore value='28275'/>
		<killScore value='40450'/>
		<buildingScore value='2825'/>
		<razingScore value='22575'/>
		<mineralScore value='30082'/>
		<gasScore value='4040'/>
		<totalScore value='128247'/>
	</player>

	<enemy>
		<race value='Protoss'/>
		<unitScore value='21025'/>
		<unitScore value='21025'/>
		<killScore value='44050'/>
		<buildingScore value='7525'/>
		<razingScore value='450'/>
		<mineralScore value='24702'/>
		<gasScore value='7232'/>
		<totalScore value='104984'/>
	</enemy>

	<scoreRatio value='1.22159'/>
	<timeFitness value='0.602083'/>
	<unitsAverage value='80'/>
</results>
