<results>
	<result value='loss'/>
	<start value='2015-05-05.01:03:26'/>
	<end value='2015-05-05.01:03:51'/>
	<frames value='29018'/>
	<gameDuration value='1813'/>

	<player>
		<unitScore value='3575'/>
		<killScore value='3400'/>
		<buildingScore value='1650'/>
		<razingScore value='0'/>
		<mineralScore value='5506'/>
		<gasScore value='880'/>
		<totalScore value='15011'/>
	</player>

	<enemy>
		<race value='Protoss'/>
		<unitScore value='13400'/>
		<unitScore value='13400'/>
		<killScore value='7150'/>
		<buildingScore value='6925'/>
		<razingScore value='4950'/>
		<mineralScore value='18146'/>
		<gasScore value='6536'/>
		<totalScore value='57107'/>
	</enemy>

	<scoreRatio value='0.262857'/>
	<timeFitness value='0.251806'/>
	<unitsAverage value='18'/>
</results>
