<results>
	<result value='loss'/>
	<start value='2015-07-19.05:16:42'/>
	<end value='2015-07-19.05:17:25'/>
	<frames value='31777'/>
	<gameDuration value='1986'/>

	<player>
		<unitScore value='18400'/>
		<killScore value='4100'/>
		<buildingScore value='3625'/>
		<razingScore value='0'/>
		<mineralScore value='18378'/>
		<gasScore value='2840'/>
		<totalScore value='47343'/>
	</player>

	<enemy>
		<race value='Protoss'/>
		<unitScore value='13675'/>
		<killScore value='33050'/>
		<buildingScore value='6675'/>
		<razingScore value='10875'/>
		<mineralScore value='21378'/>
		<gasScore value='6968'/>
		<totalScore value='92621'/>
	</enemy>

	<scoreRatio value='0.511148'/>
	<timeFitness value='0.275833'/>
	<unitsAverage value='66'/>
</results>
