<results>
	<result value='loss'/>
	<start value='2015-05-07.08:00:49'/>
	<end value='2015-05-07.08:01:05'/>
	<frames value='30196'/>
	<gameDuration value='1887'/>

	<player>
		<unitScore value='7600'/>
		<killScore value='3400'/>
		<buildingScore value='2100'/>
		<razingScore value='0'/>
		<mineralScore value='9698'/>
		<gasScore value='1728'/>
		<totalScore value='24526'/>
	</player>

	<enemy>
		<race value='Protoss'/>
		<unitScore value='15075'/>
		<unitScore value='15075'/>
		<killScore value='15200'/>
		<buildingScore value='6875'/>
		<razingScore value='6300'/>
		<mineralScore value='18750'/>
		<gasScore value='7632'/>
		<totalScore value='69832'/>
	</enemy>

	<scoreRatio value='0.351214'/>
	<timeFitness value='0.262083'/>
	<unitsAverage value='28'/>
</results>
