<results>
	<result value='win'/>
	<start value='2015-05-07.08:32:52'/>
	<end value='2015-05-07.08:33:30'/>
	<frames value='45727'/>
	<gameDuration value='2857'/>

	<player>
		<unitScore value='22800'/>
		<killScore value='36100'/>
		<buildingScore value='3225'/>
		<razingScore value='23025'/>
		<mineralScore value='24946'/>
		<gasScore value='3928'/>
		<totalScore value='114024'/>
	</player>

	<enemy>
		<race value='Protoss'/>
		<unitScore value='18050'/>
		<unitScore value='18050'/>
		<killScore value='29450'/>
		<buildingScore value='7675'/>
		<razingScore value='1875'/>
		<mineralScore value='22890'/>
		<gasScore value='6832'/>
		<totalScore value='86772'/>
	</enemy>

	<scoreRatio value='1.31406'/>
	<timeFitness value='0.603194'/>
	<unitsAverage value='76'/>
</results>
