<results>
	<result value='win'/>
	<start value='2015-04-29.22:20:29'/>
	<end value='2015-04-29.22:20:56'/>
	<frames value='25825'/>
	<gameDuration value='1614'/>

	<player>
		<unitScore value='16250'/>
		<killScore value='21180'/>
		<buildingScore value='3525'/>
		<razingScore value='5940'/>
		<mineralScore value='21662'/>
		<gasScore value='1728'/>
		<totalScore value='70285'/>
	</player>

	<enemy>
		<race value='Zerg'/>
		<unitScore value='10150'/>
		<unitScore value='10150'/>
		<killScore value='13550'/>
		<buildingScore value='1980'/>
		<razingScore value='0'/>
		<mineralScore value='10154'/>
		<gasScore value='3112'/>
		<totalScore value='38946'/>
	</enemy>

	<scoreRatio value='1.80468'/>
	<timeFitness value='0.775833'/>
	<unitsAverage value='83'/>
</results>
