<results>
	<result value='win'/>
	<start value='2015-04-13.00:01:50'/>
	<end value='2015-04-13.00:02:32'/>
	<frames value='41046'/>
	<gameDuration value='2565'/>

	<player>
		<unitScore value='28825'/>
		<killScore value='46250'/>
		<buildingScore value='3700'/>
		<razingScore value='18675'/>
		<mineralScore value='31514'/>
		<gasScore value='5088'/>
		<totalScore value='134052'/>
	</player>

	<enemy>
		<race value='Protoss'/>
		<unitScore value='26775'/>
		<unitScore value='26775'/>
		<killScore value='36550'/>
		<buildingScore value='6225'/>
		<razingScore value='450'/>
		<mineralScore value='22474'/>
		<gasScore value='8512'/>
		<totalScore value='100986'/>
	</enemy>

	<scoreRatio value='1.32743'/>
</results>
