<results>
	<result value='loss'/>
	<start value='2015-04-13.00:10:30'/>
	<end value='2015-04-13.00:10:38'/>
	<frames value='16711'/>
	<gameDuration value='1044'/>

	<player>
		<unitScore value='3750'/>
		<killScore value='1000'/>
		<buildingScore value='1775'/>
		<razingScore value='0'/>
		<mineralScore value='5898'/>
		<gasScore value='976'/>
		<totalScore value='13399'/>
	</player>

	<enemy>
		<race value='Protoss'/>
		<unitScore value='3825'/>
		<unitScore value='3825'/>
		<killScore value='7500'/>
		<buildingScore value='3225'/>
		<razingScore value='5325'/>
		<mineralScore value='8306'/>
		<gasScore value='2024'/>
		<totalScore value='30205'/>
	</enemy>

	<scoreRatio value='0.443602'/>
</results>
