<results>
	<result value='win'/>
	<start value='2015-05-06.13:16:09'/>
	<end value='2015-05-06.13:16:34'/>
	<frames value='26135'/>
	<gameDuration value='1633'/>

	<player>
		<unitScore value='14825'/>
		<killScore value='17000'/>
		<buildingScore value='3625'/>
		<razingScore value='10725'/>
		<mineralScore value='20354'/>
		<gasScore value='2880'/>
		<totalScore value='69409'/>
	</player>

	<enemy>
		<race value='Protoss'/>
		<unitScore value='8500'/>
		<unitScore value='8500'/>
		<killScore value='9100'/>
		<buildingScore value='3575'/>
		<razingScore value='0'/>
		<mineralScore value='11138'/>
		<gasScore value='2776'/>
		<totalScore value='35089'/>
	</enemy>

	<scoreRatio value='1.97808'/>
	<timeFitness value='0.773194'/>
	<unitsAverage value='87'/>
</results>
