<results>
	<result value='win'/>
	<start value='2015-05-04.19:15:51'/>
	<end value='2015-05-04.19:16:26'/>
	<frames value='33203'/>
	<gameDuration value='2075'/>

	<player>
		<unitScore value='18975'/>
		<killScore value='29200'/>
		<buildingScore value='4550'/>
		<razingScore value='10950'/>
		<mineralScore value='37038'/>
		<gasScore value='2984'/>
		<totalScore value='103697'/>
	</player>

	<enemy>
		<race value='Terran'/>
		<unitScore value='14600'/>
		<unitScore value='14600'/>
		<killScore value='14350'/>
		<buildingScore value='3650'/>
		<razingScore value='0'/>
		<mineralScore value='12554'/>
		<gasScore value='5456'/>
		<totalScore value='50610'/>
	</enemy>

	<scoreRatio value='2.04894'/>
	<timeFitness value='0.711806'/>
	<unitsAverage value='112'/>
</results>
