<results>
	<result value='loss'/>
	<start value='2015-05-04.19:16:42'/>
	<end value='2015-05-04.19:16:52'/>
	<frames value='19811'/>
	<gameDuration value='1238'/>

	<player>
		<unitScore value='5575'/>
		<killScore value='3950'/>
		<buildingScore value='1650'/>
		<razingScore value='0'/>
		<mineralScore value='6946'/>
		<gasScore value='1168'/>
		<totalScore value='19289'/>
	</player>

	<enemy>
		<race value='Terran'/>
		<unitScore value='8100'/>
		<unitScore value='8100'/>
		<killScore value='11150'/>
		<buildingScore value='2850'/>
		<razingScore value='4950'/>
		<mineralScore value='9194'/>
		<gasScore value='3400'/>
		<totalScore value='39644'/>
	</enemy>

	<scoreRatio value='0.486555'/>
	<timeFitness value='0.171944'/>
	<unitsAverage value='31'/>
</results>
