<results>
	<result value='loss'/>
	<start value='2015-05-08.18:31:52'/>
	<end value='2015-05-08.18:32:02'/>
	<frames value='20369'/>
	<gameDuration value='1273'/>

	<player>
		<unitScore value='5575'/>
		<killScore value='2250'/>
		<buildingScore value='2100'/>
		<razingScore value='0'/>
		<mineralScore value='7794'/>
		<gasScore value='1088'/>
		<totalScore value='18807'/>
	</player>

	<enemy>
		<race value='Terran'/>
		<unitScore value='8025'/>
		<unitScore value='8025'/>
		<killScore value='11150'/>
		<buildingScore value='3125'/>
		<razingScore value='6300'/>
		<mineralScore value='9618'/>
		<gasScore value='3832'/>
		<totalScore value='42050'/>
	</enemy>

	<scoreRatio value='0.447253'/>
	<timeFitness value='0.176806'/>
	<unitsAverage value='32'/>
</results>
