<results>
	<result value='win'/>
	<start value='2015-05-04.19:18:38'/>
	<end value='2015-05-04.19:19:10'/>
	<frames value='30630'/>
	<gameDuration value='1914'/>

	<player>
		<unitScore value='20750'/>
		<killScore value='25300'/>
		<buildingScore value='4575'/>
		<razingScore value='8325'/>
		<mineralScore value='29102'/>
		<gasScore value='3952'/>
		<totalScore value='92004'/>
	</player>

	<enemy>
		<race value='Terran'/>
		<unitScore value='12650'/>
		<unitScore value='12650'/>
		<killScore value='20200'/>
		<buildingScore value='2775'/>
		<razingScore value='525'/>
		<mineralScore value='12418'/>
		<gasScore value='4128'/>
		<totalScore value='52696'/>
	</enemy>

	<scoreRatio value='1.74594'/>
	<timeFitness value='0.734167'/>
	<unitsAverage value='107'/>
</results>
