<results>
	<result value='win'/>
	<start value='2015-05-08.18:36:31'/>
	<end value='2015-05-08.18:37:07'/>
	<frames value='39961'/>
	<gameDuration value='2497'/>

	<player>
		<unitScore value='21325'/>
		<killScore value='39450'/>
		<buildingScore value='4450'/>
		<razingScore value='14250'/>
		<mineralScore value='33930'/>
		<gasScore value='3424'/>
		<totalScore value='116829'/>
	</player>

	<enemy>
		<race value='Terran'/>
		<unitScore value='22525'/>
		<unitScore value='22525'/>
		<killScore value='22150'/>
		<buildingScore value='4750'/>
		<razingScore value='3450'/>
		<mineralScore value='18142'/>
		<gasScore value='10194'/>
		<totalScore value='81211'/>
	</enemy>

	<scoreRatio value='1.43859'/>
	<timeFitness value='0.653194'/>
	<unitsAverage value='95'/>
</results>
