<results>
	<result value='loss'/>
	<start value='2015-04-10.09:37:49'/>
	<end value='2015-04-10.09:38:35'/>
	<frames value='52113'/>
	<gameDuration value='3257'/>

	<player>
		<unitScore value='23625'/>
		<killScore value='32550'/>
		<buildingScore value='2250'/>
		<razingScore value='5250'/>
		<mineralScore value='24034'/>
		<gasScore value='4432'/>
		<totalScore value='92141'/>
	</player>

	<enemy>
		<race value='Protoss'/>
		<unitScore value='22725'/>
		<unitScore value='22725'/>
		<killScore value='47350'/>
		<buildingScore value='8225'/>
		<razingScore value='6750'/>
		<mineralScore value='33178'/>
		<gasScore value='11320'/>
		<totalScore value='129548'/>
	</enemy>

	<scoreRatio value='0.71125'/>
</results>
