<results>
	<result value='win'/>
	<start value='2015-05-07.07:09:05'/>
	<end value='2015-05-07.07:09:37'/>
	<frames value='37729'/>
	<gameDuration value='2358'/>

	<player>
		<unitScore value='29100'/>
		<killScore value='33855'/>
		<buildingScore value='3050'/>
		<razingScore value='6225'/>
		<mineralScore value='42034'/>
		<gasScore value='488'/>
		<totalScore value='114752'/>
	</player>

	<enemy>
		<race value='Zerg'/>
		<unitScore value='15475'/>
		<unitScore value='15475'/>
		<killScore value='43900'/>
		<buildingScore value='2075'/>
		<razingScore value='0'/>
		<mineralScore value='14618'/>
		<gasScore value='5176'/>
		<totalScore value='81244'/>
	</enemy>

	<scoreRatio value='1.41244'/>
	<timeFitness value='0.6725'/>
	<unitsAverage value='110'/>
</results>
