<results>
	<result value='draw'/>
	<start value='2014-07-23.21:18:42'/>
	<end value='2014-07-23.21:19:24'/>
	<frames value='57601'/>
	<gameDuration value='3600'/>

	<player>
		<unitScore value='22125'/>
		<killScore value='30900'/>
		<buildingScore value='3400'/>
		<razingScore value='4725'/>
		<mineralScore value='25246'/>
		<gasScore value='4904'/>
		<totalScore value='91300'/>
	</player>

	<enemy>
		<race value='Terran'/>
		<unitScore value='25700'/>
		<unitScore value='25700'/>
		<killScore value='38250'/>
		<buildingScore value='5450'/>
		<razingScore value='5925'/>
		<mineralScore value='19918'/>
		<gasScore value='12362'/>
		<totalScore value='107605'/>
	</enemy>

	<scoreRatio value='0.848474'/>
</results>
