<results>
	<result value='loss'/>
	<start value='2014-07-23.21:21:55'/>
	<end value='2014-07-23.21:22:07'/>
	<frames value='20121'/>
	<gameDuration value='1257'/>

	<player>
		<unitScore value='5175'/>
		<killScore value='2500'/>
		<buildingScore value='1575'/>
		<razingScore value='0'/>
		<mineralScore value='6802'/>
		<gasScore value='624'/>
		<totalScore value='16676'/>
	</player>

	<enemy>
		<race value='Terran'/>
		<unitScore value='7850'/>
		<unitScore value='7850'/>
		<killScore value='10350'/>
		<buildingScore value='2850'/>
		<razingScore value='4725'/>
		<mineralScore value='9402'/>
		<gasScore value='3704'/>
		<totalScore value='38881'/>
	</enemy>

	<scoreRatio value='0.428898'/>
</results>
