<results>
	<result value='loss'/>
	<start value='2015-05-06.12:26:02'/>
	<end value='2015-05-06.12:26:09'/>
	<frames value='17300'/>
	<gameDuration value='1081'/>

	<player>
		<unitScore value='3400'/>
		<killScore value='1800'/>
		<buildingScore value='1600'/>
		<razingScore value='0'/>
		<mineralScore value='5226'/>
		<gasScore value='688'/>
		<totalScore value='12714'/>
	</player>

	<enemy>
		<race value='Protoss'/>
		<unitScore value='3600'/>
		<unitScore value='3600'/>
		<killScore value='6800'/>
		<buildingScore value='4125'/>
		<razingScore value='4800'/>
		<mineralScore value='9226'/>
		<gasScore value='1584'/>
		<totalScore value='30135'/>
	</enemy>

	<scoreRatio value='0.421901'/>
	<timeFitness value='0.150139'/>
	<unitsAverage value='23'/>
</results>
