<results>
	<result value='loss'/>
	<start value='2015-05-06.12:42:39'/>
	<end value='2015-05-06.12:42:56'/>
	<frames value='34009'/>
	<gameDuration value='2125'/>

	<player>
		<unitScore value='9500'/>
		<killScore value='6700'/>
		<buildingScore value='2075'/>
		<razingScore value='0'/>
		<mineralScore value='13506'/>
		<gasScore value='1552'/>
		<totalScore value='33333'/>
	</player>

	<enemy>
		<race value='Protoss'/>
		<unitScore value='17150'/>
		<unitScore value='17150'/>
		<killScore value='19000'/>
		<buildingScore value='6975'/>
		<razingScore value='6225'/>
		<mineralScore value='21426'/>
		<gasScore value='8056'/>
		<totalScore value='78832'/>
	</enemy>

	<scoreRatio value='0.422836'/>
	<timeFitness value='0.295139'/>
	<unitsAverage value='48'/>
</results>
