<results>
	<result value='win'/>
	<start value='2015-05-06.12:42:08'/>
	<end value='2015-05-06.12:42:35'/>
	<frames value='32986'/>
	<gameDuration value='2061'/>

	<player>
		<unitScore value='17000'/>
		<killScore value='13000'/>
		<buildingScore value='4800'/>
		<razingScore value='13275'/>
		<mineralScore value='24306'/>
		<gasScore value='2704'/>
		<totalScore value='75085'/>
	</player>

	<enemy>
		<race value='Protoss'/>
		<unitScore value='6500'/>
		<unitScore value='6500'/>
		<killScore value='13950'/>
		<buildingScore value='4425'/>
		<razingScore value='1650'/>
		<mineralScore value='12210'/>
		<gasScore value='2816'/>
		<totalScore value='41551'/>
	</enemy>

	<scoreRatio value='1.80706'/>
	<timeFitness value='0.71375'/>
	<unitsAverage value='83'/>
</results>
