<results>
	<result value='win'/>
	<start value='2015-05-06.12:47:01'/>
	<end value='2015-05-06.12:47:38'/>
	<frames value='33668'/>
	<gameDuration value='2104'/>

	<player>
		<unitScore value='22075'/>
		<killScore value='29150'/>
		<buildingScore value='4975'/>
		<razingScore value='17775'/>
		<mineralScore value='35930'/>
		<gasScore value='2688'/>
		<totalScore value='112593'/>
	</player>

	<enemy>
		<race value='Protoss'/>
		<unitScore value='17650'/>
		<unitScore value='17650'/>
		<killScore value='20400'/>
		<buildingScore value='5925'/>
		<razingScore value='450'/>
		<mineralScore value='15366'/>
		<gasScore value='4696'/>
		<totalScore value='64487'/>
	</enemy>

	<scoreRatio value='1.74598'/>
	<timeFitness value='0.707778'/>
	<unitsAverage value='124'/>
</results>
