<results>
	<result value='loss'/>
	<start value='2015-05-06.12:52:25'/>
	<end value='2015-05-06.12:52:36'/>
	<frames value='25608'/>
	<gameDuration value='1600'/>

	<player>
		<unitScore value='2975'/>
		<killScore value='2600'/>
		<buildingScore value='1675'/>
		<razingScore value='0'/>
		<mineralScore value='5026'/>
		<gasScore value='952'/>
		<totalScore value='13228'/>
	</player>

	<enemy>
		<race value='Protoss'/>
		<unitScore value='10550'/>
		<unitScore value='10550'/>
		<killScore value='5950'/>
		<buildingScore value='5975'/>
		<razingScore value='5025'/>
		<mineralScore value='16610'/>
		<gasScore value='5264'/>
		<totalScore value='49374'/>
	</enemy>

	<scoreRatio value='0.267914'/>
	<timeFitness value='0.222222'/>
	<unitsAverage value='23'/>
</results>
