<results>
	<result value='loss'/>
	<start value='2015-07-18.06:42:50'/>
	<end value='2015-07-18.06:43:19'/>
	<frames value='22508'/>
	<gameDuration value='1406'/>

	<player>
		<unitScore value='11600'/>
		<killScore value='3250'/>
		<buildingScore value='2125'/>
		<razingScore value='0'/>
		<mineralScore value='11410'/>
		<gasScore value='1720'/>
		<totalScore value='30105'/>
	</player>

	<enemy>
		<race value='Terran'/>
		<unitScore value='7300'/>
		<killScore value='20500'/>
		<buildingScore value='2650'/>
		<razingScore value='6375'/>
		<mineralScore value='10682'/>
		<gasScore value='3528'/>
		<totalScore value='51035'/>
	</enemy>

	<scoreRatio value='0.589889'/>
	<timeFitness value='0.195278'/>
	<unitsAverage value='45'/>
</results>
