<results>
	<result value='loss'/>
	<start value='2015-07-18.06:43:28'/>
	<end value='2015-07-18.06:43:53'/>
	<frames value='21733'/>
	<gameDuration value='1358'/>

	<player>
		<unitScore value='9500'/>
		<killScore value='3650'/>
		<buildingScore value='2250'/>
		<razingScore value='0'/>
		<mineralScore value='9618'/>
		<gasScore value='1816'/>
		<totalScore value='26834'/>
	</player>

	<enemy>
		<race value='Terran'/>
		<unitScore value='8550'/>
		<killScore value='18250'/>
		<buildingScore value='2925'/>
		<razingScore value='6750'/>
		<mineralScore value='10482'/>
		<gasScore value='4040'/>
		<totalScore value='50997'/>
	</enemy>

	<scoreRatio value='0.526188'/>
	<timeFitness value='0.188611'/>
	<unitsAverage value='39'/>
</results>
