<results>
	<result value='loss'/>
	<start value='2015-07-18.06:49:23'/>
	<end value='2015-07-18.06:49:56'/>
	<frames value='26166'/>
	<gameDuration value='1635'/>

	<player>
		<unitScore value='11350'/>
		<killScore value='3550'/>
		<buildingScore value='2900'/>
		<razingScore value='0'/>
		<mineralScore value='10526'/>
		<gasScore value='2424'/>
		<totalScore value='30750'/>
	</player>

	<enemy>
		<race value='Terran'/>
		<unitScore value='10300'/>
		<killScore value='20100'/>
		<buildingScore value='4000'/>
		<razingScore value='8700'/>
		<mineralScore value='12958'/>
		<gasScore value='5352'/>
		<totalScore value='61410'/>
	</enemy>

	<scoreRatio value='0.500733'/>
	<timeFitness value='0.227083'/>
	<unitsAverage value='45'/>
</results>
