<results>
	<result value='draw'/>
	<start value='2015-04-15.03:53:32'/>
	<end value='2015-04-15.03:55:37'/>
	<frames value='57601'/>
	<gameDuration value='3600'/>

	<player>
		<unitScore value='32925'/>
		<killScore value='36900'/>
		<buildingScore value='3400'/>
		<razingScore value='19275'/>
		<mineralScore value='33950'/>
		<gasScore value='7416'/>
		<totalScore value='133866'/>
	</player>

	<enemy>
		<race value='Protoss'/>
		<unitScore value='20100'/>
		<unitScore value='20100'/>
		<killScore value='44900'/>
		<buildingScore value='7425'/>
		<razingScore value='525'/>
		<mineralScore value='23254'/>
		<gasScore value='10054'/>
		<totalScore value='106258'/>
	</enemy>

	<scoreRatio value='1.25982'/>
</results>
