<results>
	<result value='loss'/>
	<start value='2015-04-15.04:18:47'/>
	<end value='2015-04-15.04:19:02'/>
	<frames value='17362'/>
	<gameDuration value='1085'/>

	<player>
		<unitScore value='3900'/>
		<killScore value='1200'/>
		<buildingScore value='1675'/>
		<razingScore value='0'/>
		<mineralScore value='5922'/>
		<gasScore value='552'/>
		<totalScore value='13249'/>
	</player>

	<enemy>
		<race value='Protoss'/>
		<unitScore value='3600'/>
		<unitScore value='3600'/>
		<killScore value='7800'/>
		<buildingScore value='3775'/>
		<razingScore value='5025'/>
		<mineralScore value='9506'/>
		<gasScore value='1568'/>
		<totalScore value='31274'/>
	</enemy>

	<scoreRatio value='0.423643'/>
</results>
