<results>
	<result value='win'/>
	<start value='2015-05-09.21:51:53'/>
	<end value='2015-05-09.21:52:25'/>
	<frames value='32800'/>
	<gameDuration value='2050'/>

	<player>
		<unitScore value='19325'/>
		<killScore value='16750'/>
		<buildingScore value='4075'/>
		<razingScore value='20175'/>
		<mineralScore value='26650'/>
		<gasScore value='2216'/>
		<totalScore value='89191'/>
	</player>

	<enemy>
		<race value='Protoss'/>
		<unitScore value='8375'/>
		<unitScore value='8375'/>
		<killScore value='14550'/>
		<buildingScore value='6725'/>
		<razingScore value='1350'/>
		<mineralScore value='15710'/>
		<gasScore value='4552'/>
		<totalScore value='51262'/>
	</enemy>

	<scoreRatio value='1.7399'/>
	<timeFitness value='0.715278'/>
	<unitsAverage value='102'/>
</results>
