<results>
	<result value='win'/>
	<start value='2015-05-09.21:58:13'/>
	<end value='2015-05-09.21:58:41'/>
	<frames value='31312'/>
	<gameDuration value='1957'/>

	<player>
		<unitScore value='17900'/>
		<killScore value='24000'/>
		<buildingScore value='4100'/>
		<razingScore value='16200'/>
		<mineralScore value='23370'/>
		<gasScore value='2744'/>
		<totalScore value='88314'/>
	</player>

	<enemy>
		<race value='Protoss'/>
		<unitScore value='12350'/>
		<unitScore value='12350'/>
		<killScore value='14800'/>
		<buildingScore value='5400'/>
		<razingScore value='1350'/>
		<mineralScore value='14782'/>
		<gasScore value='3952'/>
		<totalScore value='52634'/>
	</enemy>

	<scoreRatio value='1.67789'/>
	<timeFitness value='0.728194'/>
	<unitsAverage value='92'/>
</results>
