<results>
	<result value='win'/>
	<start value='2015-05-10.21:51:56'/>
	<end value='2015-05-10.21:52:18'/>
	<frames value='25050'/>
	<gameDuration value='1565'/>

	<player>
		<unitScore value='12575'/>
		<killScore value='14740'/>
		<buildingScore value='2950'/>
		<razingScore value='5535'/>
		<mineralScore value='16938'/>
		<gasScore value='1784'/>
		<totalScore value='54522'/>
	</player>

	<enemy>
		<race value='Zerg'/>
		<unitScore value='7250'/>
		<unitScore value='7250'/>
		<killScore value='9800'/>
		<buildingScore value='1845'/>
		<razingScore value='0'/>
		<mineralScore value='8058'/>
		<gasScore value='2304'/>
		<totalScore value='29257'/>
	</enemy>

	<scoreRatio value='1.86355'/>
	<timeFitness value='0.782639'/>
	<unitsAverage value='76'/>
</results>
