<results>
	<result value='win'/>
	<start value='2015-05-04.11:13:40'/>
	<end value='2015-05-04.11:14:06'/>
	<frames value='24523'/>
	<gameDuration value='1532'/>

	<player>
		<unitScore value='15925'/>
		<killScore value='25200'/>
		<buildingScore value='3325'/>
		<razingScore value='5040'/>
		<mineralScore value='24622'/>
		<gasScore value='1256'/>
		<totalScore value='75368'/>
	</player>

	<enemy>
		<race value='Zerg'/>
		<unitScore value='11825'/>
		<unitScore value='11825'/>
		<killScore value='12750'/>
		<buildingScore value='1680'/>
		<razingScore value='0'/>
		<mineralScore value='10794'/>
		<gasScore value='3376'/>
		<totalScore value='40425'/>
	</enemy>

	<scoreRatio value='1.86439'/>
	<timeFitness value='0.787222'/>
	<unitsAverage value='95'/>
</results>
