<results>
	<result value='loss'/>
	<start value='2015-05-04.15:10:49'/>
	<end value='2015-05-04.15:11:00'/>
	<frames value='20338'/>
	<gameDuration value='1271'/>

	<player>
		<unitScore value='5175'/>
		<killScore value='2800'/>
		<buildingScore value='1950'/>
		<razingScore value='0'/>
		<mineralScore value='6946'/>
		<gasScore value='960'/>
		<totalScore value='17831'/>
	</player>

	<enemy>
		<race value='Terran'/>
		<unitScore value='7600'/>
		<unitScore value='7600'/>
		<killScore value='10250'/>
		<buildingScore value='2400'/>
		<razingScore value='5850'/>
		<mineralScore value='9602'/>
		<gasScore value='3408'/>
		<totalScore value='39110'/>
	</enemy>

	<scoreRatio value='0.455919'/>
	<timeFitness value='0.176528'/>
	<unitsAverage value='29'/>
</results>
