<results>
	<result value='loss'/>
	<start value='2015-05-04.15:18:12'/>
	<end value='2015-05-04.15:18:38'/>
	<frames value='39620'/>
	<gameDuration value='2476'/>

	<player>
		<unitScore value='9600'/>
		<killScore value='11700'/>
		<buildingScore value='2300'/>
		<razingScore value='0'/>
		<mineralScore value='14010'/>
		<gasScore value='3480'/>
		<totalScore value='41090'/>
	</player>

	<enemy>
		<race value='Terran'/>
		<unitScore value='24600'/>
		<unitScore value='24600'/>
		<killScore value='19100'/>
		<buildingScore value='4875'/>
		<razingScore value='6750'/>
		<mineralScore value='19930'/>
		<gasScore value='12000'/>
		<totalScore value='87255'/>
	</enemy>

	<scoreRatio value='0.470919'/>
	<timeFitness value='0.343889'/>
	<unitsAverage value='34'/>
</results>
