<results>
	<result value='loss'/>
	<start value='2015-05-04.15:36:26'/>
	<end value='2015-05-04.15:36:34'/>
	<frames value='19160'/>
	<gameDuration value='1197'/>

	<player>
		<unitScore value='3325'/>
		<killScore value='2950'/>
		<buildingScore value='1200'/>
		<razingScore value='150'/>
		<mineralScore value='4274'/>
		<gasScore value='704'/>
		<totalScore value='12603'/>
	</player>

	<enemy>
		<race value='Terran'/>
		<unitScore value='7125'/>
		<unitScore value='7125'/>
		<killScore value='6650'/>
		<buildingScore value='2850'/>
		<razingScore value='3600'/>
		<mineralScore value='8930'/>
		<gasScore value='2840'/>
		<totalScore value='31995'/>
	</enemy>

	<scoreRatio value='0.393905'/>
	<timeFitness value='0.16625'/>
	<unitsAverage value='21'/>
</results>
