<results>
	<result value='loss'/>
	<start value='2015-04-27.02:33:29'/>
	<end value='2015-04-27.02:33:39'/>
	<frames value='18168'/>
	<gameDuration value='1135'/>

	<player>
		<unitScore value='4225'/>
		<killScore value='800'/>
		<buildingScore value='1950'/>
		<razingScore value='0'/>
		<mineralScore value='6162'/>
		<gasScore value='704'/>
		<totalScore value='13841'/>
	</player>

	<enemy>
		<race value='Terran'/>
		<unitScore value='6750'/>
		<unitScore value='6750'/>
		<killScore value='8450'/>
		<buildingScore value='2850'/>
		<razingScore value='5850'/>
		<mineralScore value='8202'/>
		<gasScore value='2968'/>
		<totalScore value='35070'/>
	</enemy>

	<scoreRatio value='0.394668'/>
</results>
