<results>
	<result value='draw'/>
	<start value='2015-05-04.02:32:41'/>
	<end value='2015-05-04.02:33:46'/>
	<frames value='57601'/>
	<gameDuration value='3600'/>

	<player>
		<unitScore value='29600'/>
		<killScore value='33350'/>
		<buildingScore value='3500'/>
		<razingScore value='1800'/>
		<mineralScore value='31798'/>
		<gasScore value='5656'/>
		<totalScore value='105704'/>
	</player>

	<enemy>
		<race value='Terran'/>
		<unitScore value='28600'/>
		<unitScore value='28600'/>
		<killScore value='49950'/>
		<buildingScore value='4675'/>
		<razingScore value='1500'/>
		<mineralScore value='19550'/>
		<gasScore value='11452'/>
		<totalScore value='115727'/>
	</enemy>

	<scoreRatio value='0.913391'/>
	<timeFitness value='0.5'/>
	<unitsAverage value='108'/>
</results>
