<results>
	<result value='win'/>
	<start value='2015-05-04.02:46:06'/>
	<end value='2015-05-04.02:46:28'/>
	<frames value='29669'/>
	<gameDuration value='1854'/>

	<player>
		<unitScore value='10675'/>
		<killScore value='26050'/>
		<buildingScore value='3650'/>
		<razingScore value='9675'/>
		<mineralScore value='16290'/>
		<gasScore value='2080'/>
		<totalScore value='68420'/>
	</player>

	<enemy>
		<race value='Terran'/>
		<unitScore value='14925'/>
		<unitScore value='14925'/>
		<killScore value='7800'/>
		<buildingScore value='3300'/>
		<razingScore value='2775'/>
		<mineralScore value='12274'/>
		<gasScore value='6088'/>
		<totalScore value='47162'/>
	</enemy>

	<scoreRatio value='1.45074'/>
	<timeFitness value='0.7425'/>
	<unitsAverage value='58'/>
</results>
