<results>
	<result value='win'/>
	<start value='2015-05-04.02:51:50'/>
	<end value='2015-05-04.02:52:19'/>
	<frames value='33885'/>
	<gameDuration value='2117'/>

	<player>
		<unitScore value='15075'/>
		<killScore value='27350'/>
		<buildingScore value='3100'/>
		<razingScore value='9075'/>
		<mineralScore value='18250'/>
		<gasScore value='3320'/>
		<totalScore value='76170'/>
	</player>

	<enemy>
		<race value='Terran'/>
		<unitScore value='13675'/>
		<unitScore value='13675'/>
		<killScore value='13950'/>
		<buildingScore value='3025'/>
		<razingScore value='2475'/>
		<mineralScore value='12050'/>
		<gasScore value='4816'/>
		<totalScore value='49991'/>
	</enemy>

	<scoreRatio value='1.52367'/>
	<timeFitness value='0.705972'/>
	<unitsAverage value='73'/>
</results>
