<results>
	<result value='win'/>
	<start value='2015-05-05.07:07:20'/>
	<end value='2015-05-05.07:08:26'/>
	<frames value='48486'/>
	<gameDuration value='3030'/>

	<player>
		<unitScore value='32425'/>
		<killScore value='47750'/>
		<buildingScore value='4850'/>
		<razingScore value='12375'/>
		<mineralScore value='39374'/>
		<gasScore value='5284'/>
		<totalScore value='142058'/>
	</player>

	<enemy>
		<race value='Terran'/>
		<unitScore value='29150'/>
		<unitScore value='29150'/>
		<killScore value='36950'/>
		<buildingScore value='4200'/>
		<razingScore value='2025'/>
		<mineralScore value='19550'/>
		<gasScore value='10704'/>
		<totalScore value='102579'/>
	</enemy>

	<scoreRatio value='1.38486'/>
	<timeFitness value='0.579167'/>
	<unitsAverage value='143'/>
</results>
