<results>
	<result value='win'/>
	<start value='2015-05-05.07:08:43'/>
	<end value='2015-05-05.07:09:04'/>
	<frames value='26507'/>
	<gameDuration value='1656'/>

	<player>
		<unitScore value='16225'/>
		<killScore value='20600'/>
		<buildingScore value='4725'/>
		<razingScore value='8250'/>
		<mineralScore value='23242'/>
		<gasScore value='2368'/>
		<totalScore value='75410'/>
	</player>

	<enemy>
		<race value='Terran'/>
		<unitScore value='10300'/>
		<unitScore value='10300'/>
		<killScore value='11250'/>
		<buildingScore value='2750'/>
		<razingScore value='2250'/>
		<mineralScore value='11638'/>
		<gasScore value='3880'/>
		<totalScore value='42068'/>
	</enemy>

	<scoreRatio value='1.79257'/>
	<timeFitness value='0.77'/>
	<unitsAverage value='89'/>
</results>
