<results>
	<result value='loss'/>
	<start value='2015-05-09.09:02:05'/>
	<end value='2015-05-09.09:02:14'/>
	<frames value='19997'/>
	<gameDuration value='1249'/>

	<player>
		<unitScore value='4500'/>
		<killScore value='2650'/>
		<buildingScore value='2025'/>
		<razingScore value='0'/>
		<mineralScore value='6338'/>
		<gasScore value='1120'/>
		<totalScore value='16633'/>
	</player>

	<enemy>
		<race value='Terran'/>
		<unitScore value='7925'/>
		<unitScore value='7925'/>
		<killScore value='9000'/>
		<buildingScore value='2900'/>
		<razingScore value='6075'/>
		<mineralScore value='9362'/>
		<gasScore value='3624'/>
		<totalScore value='38886'/>
	</enemy>

	<scoreRatio value='0.427737'/>
	<timeFitness value='0.173472'/>
	<unitsAverage value='33'/>
</results>
