<results>
	<result value='win'/>
	<start value='2015-05-09.09:03:35'/>
	<end value='2015-05-09.09:04:10'/>
	<frames value='32583'/>
	<gameDuration value='2036'/>

	<player>
		<unitScore value='19925'/>
		<killScore value='24400'/>
		<buildingScore value='4275'/>
		<razingScore value='9975'/>
		<mineralScore value='33262'/>
		<gasScore value='2944'/>
		<totalScore value='94781'/>
	</player>

	<enemy>
		<race value='Terran'/>
		<unitScore value='12500'/>
		<unitScore value='12500'/>
		<killScore value='14450'/>
		<buildingScore value='3325'/>
		<razingScore value='150'/>
		<mineralScore value='12050'/>
		<gasScore value='5160'/>
		<totalScore value='47635'/>
	</enemy>

	<scoreRatio value='1.98973'/>
	<timeFitness value='0.717222'/>
	<unitsAverage value='122'/>
</results>
