<results>
	<result value='loss'/>
	<start value='2015-04-08.15:38:18'/>
	<end value='2015-04-08.15:39:01'/>
	<frames value='42503'/>
	<gameDuration value='2656'/>

	<player>
		<unitScore value='23475'/>
		<killScore value='23250'/>
		<buildingScore value='3550'/>
		<razingScore value='600'/>
		<mineralScore value='27158'/>
		<gasScore value='3360'/>
		<totalScore value='81393'/>
	</player>

	<enemy>
		<race value='Protoss'/>
		<unitScore value='30275'/>
		<unitScore value='30275'/>
		<killScore value='47050'/>
		<buildingScore value='7100'/>
		<razingScore value='10650'/>
		<mineralScore value='28970'/>
		<gasScore value='10524'/>
		<totalScore value='134569'/>
	</enemy>

	<scoreRatio value='0.604842'/>
</results>
