<results>
	<result value='win'/>
	<start value='2015-04-27.00:45:23'/>
	<end value='2015-04-27.00:46:09'/>
	<frames value='45169'/>
	<gameDuration value='2823'/>

	<player>
		<unitScore value='18825'/>
		<killScore value='28900'/>
		<buildingScore value='4400'/>
		<razingScore value='12375'/>
		<mineralScore value='23518'/>
		<gasScore value='6224'/>
		<totalScore value='94242'/>
	</player>

	<enemy>
		<race value='Terran'/>
		<unitScore value='16250'/>
		<unitScore value='16250'/>
		<killScore value='18300'/>
		<buildingScore value='4125'/>
		<razingScore value='4425'/>
		<mineralScore value='17466'/>
		<gasScore value='7968'/>
		<totalScore value='68534'/>
	</enemy>

	<scoreRatio value='1.37511'/>
</results>
