<results>
	<result value='loss'/>
	<start value='2015-04-27.00:46:27'/>
	<end value='2015-04-27.00:46:38'/>
	<frames value='20989'/>
	<gameDuration value='1311'/>

	<player>
		<unitScore value='5725'/>
		<killScore value='3050'/>
		<buildingScore value='2525'/>
		<razingScore value='0'/>
		<mineralScore value='8226'/>
		<gasScore value='1760'/>
		<totalScore value='21286'/>
	</player>

	<enemy>
		<race value='Terran'/>
		<unitScore value='7450'/>
		<unitScore value='7450'/>
		<killScore value='11450'/>
		<buildingScore value='2400'/>
		<razingScore value='7575'/>
		<mineralScore value='9882'/>
		<gasScore value='3224'/>
		<totalScore value='41981'/>
	</enemy>

	<scoreRatio value='0.507039'/>
</results>
