<results>
	<result value='loss'/>
	<start value='2014-07-23.17:52:08'/>
	<end value='2014-07-23.17:52:19'/>
	<frames value='18571'/>
	<gameDuration value='1160'/>

	<player>
		<unitScore value='7350'/>
		<killScore value='1400'/>
		<buildingScore value='1975'/>
		<razingScore value='0'/>
		<mineralScore value='8418'/>
		<gasScore value='1152'/>
		<totalScore value='20295'/>
	</player>

	<enemy>
		<race value='Protoss'/>
		<unitScore value='4575'/>
		<unitScore value='4575'/>
		<killScore value='14250'/>
		<buildingScore value='4275'/>
		<razingScore value='5925'/>
		<mineralScore value='9418'/>
		<gasScore value='2376'/>
		<totalScore value='40819'/>
	</enemy>

	<scoreRatio value='0.497195'/>
</results>
