<results>
	<result value='loss'/>
	<start value='2015-05-07.07:20:02'/>
	<end value='2015-05-07.07:20:10'/>
	<frames value='17269'/>
	<gameDuration value='1079'/>

	<player>
		<unitScore value='3750'/>
		<killScore value='1200'/>
		<buildingScore value='1775'/>
		<razingScore value='0'/>
		<mineralScore value='5698'/>
		<gasScore value='432'/>
		<totalScore value='12855'/>
	</player>

	<enemy>
		<race value='Protoss'/>
		<unitScore value='3800'/>
		<unitScore value='3800'/>
		<killScore value='7250'/>
		<buildingScore value='4125'/>
		<razingScore value='5325'/>
		<mineralScore value='9154'/>
		<gasScore value='1904'/>
		<totalScore value='31558'/>
	</enemy>

	<scoreRatio value='0.407345'/>
	<timeFitness value='0.149861'/>
	<unitsAverage value='22'/>
</results>
