<results>
	<result value='win'/>
	<start value='2015-05-07.07:22:36'/>
	<end value='2015-05-07.07:23:03'/>
	<frames value='29855'/>
	<gameDuration value='1865'/>

	<player>
		<unitScore value='15375'/>
		<killScore value='13250'/>
		<buildingScore value='2925'/>
		<razingScore value='16425'/>
		<mineralScore value='20314'/>
		<gasScore value='2696'/>
		<totalScore value='70985'/>
	</player>

	<enemy>
		<race value='Protoss'/>
		<unitScore value='6625'/>
		<unitScore value='6625'/>
		<killScore value='12250'/>
		<buildingScore value='5475'/>
		<razingScore value='1350'/>
		<mineralScore value='12986'/>
		<gasScore value='3272'/>
		<totalScore value='41958'/>
	</enemy>

	<scoreRatio value='1.69181'/>
	<timeFitness value='0.740972'/>
	<unitsAverage value='83'/>
</results>
