<results>
	<result value='loss'/>
	<start value='2015-05-07.07:25:19'/>
	<end value='2015-05-07.07:25:25'/>
	<frames value='13642'/>
	<gameDuration value='852'/>

	<player>
		<unitScore value='2475'/>
		<killScore value='1200'/>
		<buildingScore value='1075'/>
		<razingScore value='0'/>
		<mineralScore value='3794'/>
		<gasScore value='448'/>
		<totalScore value='8992'/>
	</player>

	<enemy>
		<race value='Protoss'/>
		<unitScore value='3500'/>
		<unitScore value='3500'/>
		<killScore value='4950'/>
		<buildingScore value='2275'/>
		<razingScore value='3225'/>
		<mineralScore value='6890'/>
		<gasScore value='1192'/>
		<totalScore value='22032'/>
	</enemy>

	<scoreRatio value='0.408134'/>
	<timeFitness value='0.118333'/>
	<unitsAverage value='20'/>
</results>
