<results>
	<result value='win'/>
	<start value='2015-05-07.07:28:32'/>
	<end value='2015-05-07.07:29:02'/>
	<frames value='33978'/>
	<gameDuration value='2123'/>

	<player>
		<unitScore value='16875'/>
		<killScore value='26750'/>
		<buildingScore value='3925'/>
		<razingScore value='20775'/>
		<mineralScore value='23938'/>
		<gasScore value='3128'/>
		<totalScore value='95391'/>
	</player>

	<enemy>
		<race value='Protoss'/>
		<unitScore value='14300'/>
		<unitScore value='14300'/>
		<killScore value='19500'/>
		<buildingScore value='6925'/>
		<razingScore value='1350'/>
		<mineralScore value='18262'/>
		<gasScore value='4904'/>
		<totalScore value='65241'/>
	</enemy>

	<scoreRatio value='1.46213'/>
	<timeFitness value='0.705139'/>
	<unitsAverage value='80'/>
</results>
