<results>
	<result value='draw'/>
	<start value='2015-05-05.01:57:01'/>
	<end value='2015-05-05.01:58:59'/>
	<frames value='57601'/>
	<gameDuration value='3600'/>

	<player>
		<unitScore value='29825'/>
		<killScore value='48300'/>
		<buildingScore value='3375'/>
		<razingScore value='1230'/>
		<mineralScore value='31526'/>
		<gasScore value='5346'/>
		<totalScore value='119602'/>
	</player>

	<enemy>
		<race value='Zerg'/>
		<unitScore value='39600'/>
		<unitScore value='39600'/>
		<killScore value='47350'/>
		<buildingScore value='4545'/>
		<razingScore value='750'/>
		<mineralScore value='31426'/>
		<gasScore value='11664'/>
		<totalScore value='135335'/>
	</enemy>

	<scoreRatio value='0.883748'/>
	<timeFitness value='0.5'/>
	<unitsAverage value='140'/>
</results>
