<results>
	<result value='win'/>
	<start value='2015-05-05.02:07:27'/>
	<end value='2015-05-05.02:08:29'/>
	<frames value='40333'/>
	<gameDuration value='2520'/>

	<player>
		<unitScore value='36450'/>
		<killScore value='34805'/>
		<buildingScore value='4025'/>
		<razingScore value='4560'/>
		<mineralScore value='43102'/>
		<gasScore value='0'/>
		<totalScore value='122942'/>
	</player>

	<enemy>
		<race value='Zerg'/>
		<unitScore value='15275'/>
		<unitScore value='15275'/>
		<killScore value='53600'/>
		<buildingScore value='1520'/>
		<razingScore value='0'/>
		<mineralScore value='12210'/>
		<gasScore value='4768'/>
		<totalScore value='87373'/>
	</enemy>

	<scoreRatio value='1.40709'/>
	<timeFitness value='0.65'/>
	<unitsAverage value='120'/>
</results>
