<results>
	<result value='win'/>
	<start value='2015-05-05.02:08:32'/>
	<end value='2015-05-05.02:09:56'/>
	<frames value='42348'/>
	<gameDuration value='2646'/>

	<player>
		<unitScore value='26000'/>
		<killScore value='34700'/>
		<buildingScore value='4650'/>
		<razingScore value='6210'/>
		<mineralScore value='35310'/>
		<gasScore value='0'/>
		<totalScore value='106870'/>
	</player>

	<enemy>
		<race value='Zerg'/>
		<unitScore value='15000'/>
		<unitScore value='15000'/>
		<killScore value='32400'/>
		<buildingScore value='2070'/>
		<razingScore value='0'/>
		<mineralScore value='14086'/>
		<gasScore value='3840'/>
		<totalScore value='67396'/>
	</enemy>

	<scoreRatio value='1.5857'/>
	<timeFitness value='0.6325'/>
	<unitsAverage value='128'/>
</results>
