<results>
	<result value='draw'/>
	<start value='2015-05-11.01:56:09'/>
	<end value='2015-05-11.01:57:35'/>
	<frames value='57601'/>
	<gameDuration value='3600'/>

	<player>
		<unitScore value='27675'/>
		<killScore value='49320'/>
		<buildingScore value='3800'/>
		<razingScore value='4830'/>
		<mineralScore value='31430'/>
		<gasScore value='3824'/>
		<totalScore value='120879'/>
	</player>

	<enemy>
		<race value='Zerg'/>
		<unitScore value='32750'/>
		<unitScore value='32750'/>
		<killScore value='51750'/>
		<buildingScore value='5235'/>
		<razingScore value='2100'/>
		<mineralScore value='28610'/>
		<gasScore value='9656'/>
		<totalScore value='130101'/>
	</enemy>

	<scoreRatio value='0.929117'/>
	<timeFitness value='0.5'/>
	<unitsAverage value='101'/>
</results>
