<results>
	<result value='win'/>
	<start value='2015-05-11.01:57:38'/>
	<end value='2015-05-11.01:58:52'/>
	<frames value='34071'/>
	<gameDuration value='2129'/>

	<player>
		<unitScore value='17075'/>
		<killScore value='23665'/>
		<buildingScore value='4450'/>
		<razingScore value='6495'/>
		<mineralScore value='32086'/>
		<gasScore value='2368'/>
		<totalScore value='86139'/>
	</player>

	<enemy>
		<race value='Zerg'/>
		<unitScore value='11350'/>
		<unitScore value='11350'/>
		<killScore value='10550'/>
		<buildingScore value='2165'/>
		<razingScore value='0'/>
		<mineralScore value='11582'/>
		<gasScore value='3712'/>
		<totalScore value='39359'/>
	</enemy>

	<scoreRatio value='2.18855'/>
	<timeFitness value='0.704306'/>
	<unitsAverage value='128'/>
</results>
