<results>
	<result value='win'/>
	<start value='2015-05-11.01:58:55'/>
	<end value='2015-05-11.01:59:36'/>
	<frames value='26197'/>
	<gameDuration value='1637'/>

	<player>
		<unitScore value='15925'/>
		<killScore value='19790'/>
		<buildingScore value='3875'/>
		<razingScore value='6855'/>
		<mineralScore value='23358'/>
		<gasScore value='1736'/>
		<totalScore value='71539'/>
	</player>

	<enemy>
		<race value='Zerg'/>
		<unitScore value='10100'/>
		<unitScore value='10100'/>
		<killScore value='10350'/>
		<buildingScore value='2285'/>
		<razingScore value='0'/>
		<mineralScore value='10218'/>
		<gasScore value='3288'/>
		<totalScore value='36241'/>
	</enemy>

	<scoreRatio value='1.97398'/>
	<timeFitness value='0.772639'/>
	<unitsAverage value='99'/>
</results>
