<results>
	<result value='loss'/>
	<start value='2015-05-10.17:31:06'/>
	<end value='2015-05-10.17:31:14'/>
	<frames value='20090'/>
	<gameDuration value='1255'/>

	<player>
		<unitScore value='950'/>
		<killScore value='300'/>
		<buildingScore value='675'/>
		<razingScore value='0'/>
		<mineralScore value='1346'/>
		<gasScore value='96'/>
		<totalScore value='3367'/>
	</player>

	<enemy>
		<race value='Zerg'/>
		<unitScore value='6950'/>
		<unitScore value='6950'/>
		<killScore value='1900'/>
		<buildingScore value='1695'/>
		<razingScore value='2025'/>
		<mineralScore value='7842'/>
		<gasScore value='2392'/>
		<totalScore value='22804'/>
	</enemy>

	<scoreRatio value='0.14765'/>
	<timeFitness value='0.174306'/>
	<unitsAverage value='10'/>
</results>
