<results>
	<result value='win'/>
	<start value='2015-05-10.17:33:26'/>
	<end value='2015-05-10.17:33:56'/>
	<frames value='27437'/>
	<gameDuration value='1714'/>

	<player>
		<unitScore value='16250'/>
		<killScore value='31260'/>
		<buildingScore value='4075'/>
		<razingScore value='4920'/>
		<mineralScore value='30482'/>
		<gasScore value='2952'/>
		<totalScore value='89939'/>
	</player>

	<enemy>
		<race value='Zerg'/>
		<unitScore value='13425'/>
		<unitScore value='13425'/>
		<killScore value='12150'/>
		<buildingScore value='1640'/>
		<razingScore value='0'/>
		<mineralScore value='11850'/>
		<gasScore value='3424'/>
		<totalScore value='42489'/>
	</enemy>

	<scoreRatio value='2.11676'/>
	<timeFitness value='0.761944'/>
	<unitsAverage value='98'/>
</results>
