<results>
	<result value='win'/>
	<start value='2015-05-03.14:04:15'/>
	<end value='2015-05-03.14:05:48'/>
	<frames value='37760'/>
	<gameDuration value='2360'/>

	<player>
		<unitScore value='20225'/>
		<killScore value='35300'/>
		<buildingScore value='4375'/>
		<razingScore value='12975'/>
		<mineralScore value='31450'/>
		<gasScore value='3488'/>
		<totalScore value='107813'/>
	</player>

	<enemy>
		<race value='Terran'/>
		<unitScore value='20375'/>
		<unitScore value='20375'/>
		<killScore value='11600'/>
		<buildingScore value='4425'/>
		<razingScore value='1575'/>
		<mineralScore value='15986'/>
		<gasScore value='7538'/>
		<totalScore value='61499'/>
	</enemy>

	<scoreRatio value='1.75309'/>
	<timeFitness value='0.672222'/>
	<unitsAverage value='102'/>
</results>
