<results>
	<result value='win'/>
	<start value='2015-05-03.14:39:48'/>
	<end value='2015-05-03.14:40:09'/>
	<frames value='15719'/>
	<gameDuration value='982'/>

	<player>
		<unitScore value='5875'/>
		<killScore value='8400'/>
		<buildingScore value='2050'/>
		<razingScore value='4350'/>
		<mineralScore value='7882'/>
		<gasScore value='1040'/>
		<totalScore value='29597'/>
	</player>

	<enemy>
		<race value='Terran'/>
		<unitScore value='4200'/>
		<unitScore value='4200'/>
		<killScore value='2200'/>
		<buildingScore value='1450'/>
		<razingScore value='1200'/>
		<mineralScore value='6698'/>
		<gasScore value='1520'/>
		<totalScore value='17268'/>
	</enemy>

	<scoreRatio value='1.71398'/>
	<timeFitness value='0.863611'/>
	<unitsAverage value='43'/>
</results>
