<results>
	<result value='loss'/>
	<start value='2015-05-03.14:52:20'/>
	<end value='2015-05-03.14:52:37'/>
	<frames value='21423'/>
	<gameDuration value='1338'/>

	<player>
		<unitScore value='8600'/>
		<killScore value='3300'/>
		<buildingScore value='1900'/>
		<razingScore value='0'/>
		<mineralScore value='11410'/>
		<gasScore value='0'/>
		<totalScore value='25210'/>
	</player>

	<enemy>
		<race value='Terran'/>
		<unitScore value='8225'/>
		<unitScore value='8225'/>
		<killScore value='17200'/>
		<buildingScore value='3175'/>
		<razingScore value='5700'/>
		<mineralScore value='10178'/>
		<gasScore value='3992'/>
		<totalScore value='48470'/>
	</enemy>

	<scoreRatio value='0.520116'/>
	<timeFitness value='0.185833'/>
	<unitsAverage value='37'/>
</results>
