<results>
	<result value='draw'/>
	<start value='2015-07-19.19:35:49'/>
	<end value='2015-07-19.19:38:50'/>
	<frames value='57601'/>
	<gameDuration value='3600'/>

	<player>
		<unitScore value='38225'/>
		<killScore value='23950'/>
		<buildingScore value='4300'/>
		<razingScore value='585'/>
		<mineralScore value='31438'/>
		<gasScore value='9214'/>
		<totalScore value='107712'/>
	</player>

	<enemy>
		<race value='Zerg'/>
		<unitScore value='34050'/>
		<killScore value='59400'/>
		<buildingScore value='4330'/>
		<razingScore value='3075'/>
		<mineralScore value='31542'/>
		<gasScore value='11770'/>
		<totalScore value='144167'/>
	</enemy>

	<scoreRatio value='0.747134'/>
	<timeFitness value='0.5'/>
	<unitsAverage value='125'/>
</results>
