<results>
	<result value='loss'/>
	<start value='2015-05-08.15:33:07'/>
	<end value='2015-05-08.15:33:13'/>
	<frames value='15254'/>
	<gameDuration value='953'/>

	<player>
		<unitScore value='1500'/>
		<killScore value='100'/>
		<buildingScore value='1425'/>
		<razingScore value='0'/>
		<mineralScore value='2938'/>
		<gasScore value='704'/>
		<totalScore value='6667'/>
	</player>

	<enemy>
		<race value='Terran'/>
		<unitScore value='4900'/>
		<unitScore value='4900'/>
		<killScore value='3000'/>
		<buildingScore value='1500'/>
		<razingScore value='4275'/>
		<mineralScore value='6938'/>
		<gasScore value='2168'/>
		<totalScore value='22781'/>
	</enemy>

	<scoreRatio value='0.292656'/>
	<timeFitness value='0.132361'/>
	<unitsAverage value='15'/>
</results>
