<results>
	<result value='loss'/>
	<start value='2014-07-22.19:43:00'/>
	<end value='2014-07-22.19:43:08'/>
	<frames value='16835'/>
	<gameDuration value='1052'/>

	<player>
		<unitScore value='975'/>
		<killScore value='800'/>
		<buildingScore value='1475'/>
		<razingScore value='0'/>
		<mineralScore value='2618'/>
		<gasScore value='400'/>
		<totalScore value='6268'/>
	</player>

	<enemy>
		<race value='Terran'/>
		<unitScore value='6350'/>
		<unitScore value='6350'/>
		<killScore value='1950'/>
		<buildingScore value='2625'/>
		<razingScore value='4425'/>
		<mineralScore value='7682'/>
		<gasScore value='2616'/>
		<totalScore value='25648'/>
	</enemy>

	<scoreRatio value='0.244386'/>
</results>
