<results>
	<result value='draw'/>
	<start value='2015-04-09.04:49:11'/>
	<end value='2015-04-09.04:50:12'/>
	<frames value='57601'/>
	<gameDuration value='3600'/>

	<player>
		<unitScore value='31200'/>
		<killScore value='62250'/>
		<buildingScore value='2925'/>
		<razingScore value='600'/>
		<mineralScore value='31534'/>
		<gasScore value='6226'/>
		<totalScore value='134735'/>
	</player>

	<enemy>
		<race value='Protoss'/>
		<unitScore value='38400'/>
		<unitScore value='38400'/>
		<killScore value='58000'/>
		<buildingScore value='6550'/>
		<razingScore value='2850'/>
		<mineralScore value='31514'/>
		<gasScore value='11806'/>
		<totalScore value='149120'/>
	</enemy>

	<scoreRatio value='0.903534'/>
</results>
