<results>
	<result value='loss'/>
	<start value='2015-05-03.03:08:35'/>
	<end value='2015-05-03.03:08:43'/>
	<frames value='15068'/>
	<gameDuration value='941'/>

	<player>
		<unitScore value='3300'/>
		<killScore value='1200'/>
		<buildingScore value='1475'/>
		<razingScore value='0'/>
		<mineralScore value='4682'/>
		<gasScore value='512'/>
		<totalScore value='11169'/>
	</player>

	<enemy>
		<race value='Protoss'/>
		<unitScore value='3550'/>
		<unitScore value='3550'/>
		<killScore value='6700'/>
		<buildingScore value='2725'/>
		<razingScore value='4425'/>
		<mineralScore value='7706'/>
		<gasScore value='1368'/>
		<totalScore value='26474'/>
	</enemy>

	<scoreRatio value='0.421886'/>
	<timeFitness value='0.130694'/>
	<unitsAverage value='24'/>
</results>
