<results>
	<result value='win'/>
	<start value='2015-05-03.03:11:16'/>
	<end value='2015-05-03.03:12:14'/>
	<frames value='37822'/>
	<gameDuration value='2363'/>

	<player>
		<unitScore value='22300'/>
		<killScore value='24750'/>
		<buildingScore value='4450'/>
		<razingScore value='24750'/>
		<mineralScore value='33830'/>
		<gasScore value='3552'/>
		<totalScore value='113632'/>
	</player>

	<enemy>
		<race value='Protoss'/>
		<unitScore value='13075'/>
		<unitScore value='13075'/>
		<killScore value='21750'/>
		<buildingScore value='8250'/>
		<razingScore value='225'/>
		<mineralScore value='18698'/>
		<gasScore value='4680'/>
		<totalScore value='66678'/>
	</enemy>

	<scoreRatio value='1.70419'/>
	<timeFitness value='0.671806'/>
	<unitsAverage value='120'/>
</results>
