<results>
	<result value='win'/>
	<start value='2015-05-04.15:19:18'/>
	<end value='2015-05-04.15:19:44'/>
	<frames value='23438'/>
	<gameDuration value='1464'/>

	<player>
		<unitScore value='14000'/>
		<killScore value='20680'/>
		<buildingScore value='4075'/>
		<razingScore value='4560'/>
		<mineralScore value='19338'/>
		<gasScore value='2680'/>
		<totalScore value='65333'/>
	</player>

	<enemy>
		<race value='Zerg'/>
		<unitScore value='9000'/>
		<unitScore value='9000'/>
		<killScore value='9700'/>
		<buildingScore value='1520'/>
		<razingScore value='1725'/>
		<mineralScore value='8778'/>
		<gasScore value='2640'/>
		<totalScore value='33363'/>
	</enemy>

	<scoreRatio value='1.95825'/>
	<timeFitness value='0.796667'/>
	<unitsAverage value='79'/>
</results>
