<results>
	<result value='win'/>
	<start value='2015-05-11.17:44:54'/>
	<end value='2015-05-11.17:45:31'/>
	<frames value='30010'/>
	<gameDuration value='1875'/>

	<player>
		<unitScore value='18300'/>
		<killScore value='28785'/>
		<buildingScore value='4925'/>
		<razingScore value='4560'/>
		<mineralScore value='27330'/>
		<gasScore value='3560'/>
		<totalScore value='87460'/>
	</player>

	<enemy>
		<race value='Zerg'/>
		<unitScore value='12125'/>
		<unitScore value='12125'/>
		<killScore value='13450'/>
		<buildingScore value='1520'/>
		<razingScore value='0'/>
		<mineralScore value='11262'/>
		<gasScore value='3232'/>
		<totalScore value='41589'/>
	</enemy>

	<scoreRatio value='2.10296'/>
	<timeFitness value='0.739583'/>
	<unitsAverage value='99'/>
</results>
