<results>
	<result value='loss'/>
	<start value='2015-05-09.19:02:25'/>
	<end value='2015-05-09.19:02:32'/>
	<frames value='14169'/>
	<gameDuration value='885'/>

	<player>
		<unitScore value='3500'/>
		<killScore value='600'/>
		<buildingScore value='1750'/>
		<razingScore value='0'/>
		<mineralScore value='5042'/>
		<gasScore value='632'/>
		<totalScore value='11524'/>
	</player>

	<enemy>
		<race value='Protoss'/>
		<unitScore value='3550'/>
		<unitScore value='3550'/>
		<killScore value='7000'/>
		<buildingScore value='2375'/>
		<razingScore value='5250'/>
		<mineralScore value='7290'/>
		<gasScore value='1224'/>
		<totalScore value='26689'/>
	</enemy>

	<scoreRatio value='0.431788'/>
	<timeFitness value='0.122917'/>
	<unitsAverage value='22'/>
</results>
