<results>
	<result value='win'/>
	<start value='2015-05-11.08:26:28'/>
	<end value='2015-05-11.08:27:40'/>
	<frames value='31746'/>
	<gameDuration value='1984'/>

	<player>
		<unitScore value='23375'/>
		<killScore value='35510'/>
		<buildingScore value='4300'/>
		<razingScore value='6255'/>
		<mineralScore value='30958'/>
		<gasScore value='2864'/>
		<totalScore value='103262'/>
	</player>

	<enemy>
		<race value='Zerg'/>
		<unitScore value='15350'/>
		<unitScore value='15350'/>
		<killScore value='23100'/>
		<buildingScore value='2085'/>
		<razingScore value='0'/>
		<mineralScore value='14098'/>
		<gasScore value='3928'/>
		<totalScore value='58561'/>
	</enemy>

	<scoreRatio value='1.76332'/>
	<timeFitness value='0.724444'/>
	<unitsAverage value='119'/>
</results>
