<results>
	<result value='win'/>
	<start value='2015-04-27.12:13:16'/>
	<end value='2015-04-27.12:13:49'/>
	<frames value='28522'/>
	<gameDuration value='1782'/>

	<player>
		<unitScore value='17375'/>
		<killScore value='27450'/>
		<buildingScore value='4650'/>
		<razingScore value='6975'/>
		<mineralScore value='28730'/>
		<gasScore value='2344'/>
		<totalScore value='87524'/>
	</player>

	<enemy>
		<race value='Terran'/>
		<unitScore value='14125'/>
		<unitScore value='14125'/>
		<killScore value='12700'/>
		<buildingScore value='2400'/>
		<razingScore value='1725'/>
		<mineralScore value='12042'/>
		<gasScore value='4616'/>
		<totalScore value='47608'/>
	</enemy>

	<scoreRatio value='1.83843'/>
</results>
