<results>
	<result value='loss'/>
	<start value='2015-04-27.12:22:00'/>
	<end value='2015-04-27.12:22:42'/>
	<frames value='57259'/>
	<gameDuration value='3578'/>

	<player>
		<unitScore value='18250'/>
		<killScore value='21100'/>
		<buildingScore value='3625'/>
		<razingScore value='1950'/>
		<mineralScore value='19914'/>
		<gasScore value='4304'/>
		<totalScore value='69143'/>
	</player>

	<enemy>
		<race value='Terran'/>
		<unitScore value='23400'/>
		<unitScore value='23400'/>
		<killScore value='36500'/>
		<buildingScore value='4850'/>
		<razingScore value='11025'/>
		<mineralScore value='19550'/>
		<gasScore value='12328'/>
		<totalScore value='107653'/>
	</enemy>

	<scoreRatio value='0.642277'/>
</results>
