<results>
	<result value='win'/>
	<start value='2015-04-27.12:23:10'/>
	<end value='2015-04-27.12:23:34'/>
	<frames value='33172'/>
	<gameDuration value='2073'/>

	<player>
		<unitScore value='11325'/>
		<killScore value='17650'/>
		<buildingScore value='5100'/>
		<razingScore value='8625'/>
		<mineralScore value='19402'/>
		<gasScore value='1224'/>
		<totalScore value='63326'/>
	</player>

	<enemy>
		<race value='Terran'/>
		<unitScore value='8825'/>
		<unitScore value='8825'/>
		<killScore value='11250'/>
		<buildingScore value='2950'/>
		<razingScore value='7875'/>
		<mineralScore value='12458'/>
		<gasScore value='5472'/>
		<totalScore value='48830'/>
	</enemy>

	<scoreRatio value='1.29687'/>
</results>
