<results>
	<result value='loss'/>
	<start value='2015-07-19.02:38:33'/>
	<end value='2015-07-19.02:39:29'/>
	<frames value='39589'/>
	<gameDuration value='2474'/>

	<player>
		<unitScore value='26850'/>
		<killScore value='16400'/>
		<buildingScore value='3675'/>
		<razingScore value='300'/>
		<mineralScore value='25306'/>
		<gasScore value='3648'/>
		<totalScore value='76179'/>
	</player>

	<enemy>
		<race value='Protoss'/>
		<unitScore value='27775'/>
		<killScore value='46350'/>
		<buildingScore value='7575'/>
		<razingScore value='11025'/>
		<mineralScore value='27650'/>
		<gasScore value='9540'/>
		<totalScore value='129915'/>
	</enemy>

	<scoreRatio value='0.586376'/>
	<timeFitness value='0.343611'/>
	<unitsAverage value='82'/>
</results>
