<results>
	<result value='win'/>
	<start value='2015-05-10.18:45:38'/>
	<end value='2015-05-10.18:46:08'/>
	<frames value='25701'/>
	<gameDuration value='1606'/>

	<player>
		<unitScore value='16025'/>
		<killScore value='21250'/>
		<buildingScore value='4250'/>
		<razingScore value='6090'/>
		<mineralScore value='23906'/>
		<gasScore value='1648'/>
		<totalScore value='73169'/>
	</player>

	<enemy>
		<race value='Zerg'/>
		<unitScore value='10400'/>
		<unitScore value='10400'/>
		<killScore value='10650'/>
		<buildingScore value='2030'/>
		<razingScore value='150'/>
		<mineralScore value='10366'/>
		<gasScore value='3352'/>
		<totalScore value='36948'/>
	</enemy>

	<scoreRatio value='1.98032'/>
	<timeFitness value='0.776944'/>
	<unitsAverage value='98'/>
</results>
