<results>
	<result value='draw'/>
	<start value='2015-05-10.18:59:38'/>
	<end value='2015-05-10.19:01:58'/>
	<frames value='57601'/>
	<gameDuration value='3600'/>

	<player>
		<unitScore value='22925'/>
		<killScore value='53850'/>
		<buildingScore value='4050'/>
		<razingScore value='7350'/>
		<mineralScore value='37042'/>
		<gasScore value='5298'/>
		<totalScore value='130515'/>
	</player>

	<enemy>
		<race value='Zerg'/>
		<unitScore value='25325'/>
		<unitScore value='25325'/>
		<killScore value='20300'/>
		<buildingScore value='3105'/>
		<razingScore value='150'/>
		<mineralScore value='22314'/>
		<gasScore value='7280'/>
		<totalScore value='78474'/>
	</enemy>

	<scoreRatio value='1.66316'/>
	<timeFitness value='0.5'/>
	<unitsAverage value='167'/>
</results>
