<results>
	<result value='win'/>
	<start value='2015-05-03.02:38:25'/>
	<end value='2015-05-03.02:38:49'/>
	<frames value='23221'/>
	<gameDuration value='1451'/>

	<player>
		<unitScore value='14925'/>
		<killScore value='18780'/>
		<buildingScore value='4225'/>
		<razingScore value='4755'/>
		<mineralScore value='21414'/>
		<gasScore value='1480'/>
		<totalScore value='65579'/>
	</player>

	<enemy>
		<race value='Zerg'/>
		<unitScore value='8950'/>
		<unitScore value='8950'/>
		<killScore value='11500'/>
		<buildingScore value='1585'/>
		<razingScore value='0'/>
		<mineralScore value='8474'/>
		<gasScore value='2608'/>
		<totalScore value='33117'/>
	</enemy>

	<scoreRatio value='1.98022'/>
	<timeFitness value='0.798472'/>
	<unitsAverage value='80'/>
</results>
