<results>
	<result value='win'/>
	<start value='2015-05-03.02:42:20'/>
	<end value='2015-05-03.02:42:41'/>
	<frames value='22849'/>
	<gameDuration value='1428'/>

	<player>
		<unitScore value='12675'/>
		<killScore value='20810'/>
		<buildingScore value='3375'/>
		<razingScore value='4560'/>
		<mineralScore value='17126'/>
		<gasScore value='1904'/>
		<totalScore value='60450'/>
	</player>

	<enemy>
		<race value='Zerg'/>
		<unitScore value='9050'/>
		<unitScore value='9050'/>
		<killScore value='9750'/>
		<buildingScore value='1520'/>
		<razingScore value='0'/>
		<mineralScore value='8762'/>
		<gasScore value='2560'/>
		<totalScore value='31642'/>
	</enemy>

	<scoreRatio value='1.91044'/>
	<timeFitness value='0.801667'/>
	<unitsAverage value='68'/>
</results>
