<results>
	<result value='win'/>
	<start value='2015-05-03.02:46:24'/>
	<end value='2015-05-03.02:46:51'/>
	<frames value='27747'/>
	<gameDuration value='1734'/>

	<player>
		<unitScore value='17375'/>
		<killScore value='20915'/>
		<buildingScore value='2950'/>
		<razingScore value='5460'/>
		<mineralScore value='20370'/>
		<gasScore value='1616'/>
		<totalScore value='68686'/>
	</player>

	<enemy>
		<race value='Zerg'/>
		<unitScore value='9825'/>
		<unitScore value='9825'/>
		<killScore value='19100'/>
		<buildingScore value='1820'/>
		<razingScore value='0'/>
		<mineralScore value='9074'/>
		<gasScore value='2744'/>
		<totalScore value='42563'/>
	</enemy>

	<scoreRatio value='1.61375'/>
	<timeFitness value='0.759167'/>
	<unitsAverage value='75'/>
</results>
