<results>
	<result value='loss'/>
	<start value='2015-05-08.21:38:01'/>
	<end value='2015-05-08.21:38:14'/>
	<frames value='19997'/>
	<gameDuration value='1249'/>

	<player>
		<unitScore value='7675'/>
		<killScore value='3350'/>
		<buildingScore value='1700'/>
		<razingScore value='0'/>
		<mineralScore value='8874'/>
		<gasScore value='1200'/>
		<totalScore value='22799'/>
	</player>

	<enemy>
		<race value='Terran'/>
		<unitScore value='7550'/>
		<unitScore value='7550'/>
		<killScore value='15350'/>
		<buildingScore value='2900'/>
		<razingScore value='5100'/>
		<mineralScore value='9202'/>
		<gasScore value='3608'/>
		<totalScore value='43710'/>
	</enemy>

	<scoreRatio value='0.521597'/>
	<timeFitness value='0.173472'/>
	<unitsAverage value='38'/>
</results>
