<results>
	<result value='win'/>
	<start value='2015-05-08.21:46:20'/>
	<end value='2015-05-08.21:46:50'/>
	<frames value='27313'/>
	<gameDuration value='1707'/>

	<player>
		<unitScore value='16250'/>
		<killScore value='21200'/>
		<buildingScore value='4150'/>
		<razingScore value='8400'/>
		<mineralScore value='22362'/>
		<gasScore value='2896'/>
		<totalScore value='75258'/>
	</player>

	<enemy>
		<race value='Terran'/>
		<unitScore value='10600'/>
		<unitScore value='10600'/>
		<killScore value='9650'/>
		<buildingScore value='2800'/>
		<razingScore value='1725'/>
		<mineralScore value='10922'/>
		<gasScore value='4264'/>
		<totalScore value='39961'/>
	</enemy>

	<scoreRatio value='1.88329'/>
	<timeFitness value='0.762917'/>
	<unitsAverage value='89'/>
</results>
