<results>
	<result value='win'/>
	<start value='2015-05-08.21:49:08'/>
	<end value='2015-05-08.21:49:29'/>
	<frames value='23531'/>
	<gameDuration value='1470'/>

	<player>
		<unitScore value='10550'/>
		<killScore value='14900'/>
		<buildingScore value='3325'/>
		<razingScore value='6225'/>
		<mineralScore value='16562'/>
		<gasScore value='1752'/>
		<totalScore value='53314'/>
	</player>

	<enemy>
		<race value='Terran'/>
		<unitScore value='7450'/>
		<unitScore value='7450'/>
		<killScore value='4700'/>
		<buildingScore value='2150'/>
		<razingScore value='300'/>
		<mineralScore value='7802'/>
		<gasScore value='2504'/>
		<totalScore value='24906'/>
	</enemy>

	<scoreRatio value='2.14061'/>
	<timeFitness value='0.795833'/>
	<unitsAverage value='69'/>
</results>
