<results>
	<result value='loss'/>
	<start value='2015-07-14.01:56:12'/>
	<end value='2015-07-14.01:56:22'/>
	<frames value='17796'/>
	<gameDuration value='1112'/>

	<player>
		<unitScore value='4500'/>
		<killScore value='1300'/>
		<buildingScore value='2300'/>
		<razingScore value='0'/>
		<mineralScore value='6186'/>
		<gasScore value='960'/>
		<totalScore value='15246'/>
	</player>

	<enemy>
		<race value='Protoss'/>
		<unitScore value='3650'/>
		<killScore value='8750'/>
		<buildingScore value='4225'/>
		<razingScore value='6900'/>
		<mineralScore value='9338'/>
		<gasScore value='1624'/>
		<totalScore value='34487'/>
	</enemy>

	<scoreRatio value='0.44208'/>
	<timeFitness value='0.154444'/>
	<unitsAverage value='24'/>
</results>
