<results>
	<result value='loss'/>
	<start value='2015-07-14.01:58:49'/>
	<end value='2015-07-14.01:58:58'/>
	<frames value='16866'/>
	<gameDuration value='1054'/>

	<player>
		<unitScore value='3925'/>
		<killScore value='1000'/>
		<buildingScore value='1875'/>
		<razingScore value='0'/>
		<mineralScore value='5162'/>
		<gasScore value='712'/>
		<totalScore value='12674'/>
	</player>

	<enemy>
		<race value='Protoss'/>
		<unitScore value='3550'/>
		<killScore value='7600'/>
		<buildingScore value='3775'/>
		<razingScore value='5625'/>
		<mineralScore value='8754'/>
		<gasScore value='1736'/>
		<totalScore value='31040'/>
	</enemy>

	<scoreRatio value='0.408312'/>
	<timeFitness value='0.146389'/>
	<unitsAverage value='26'/>
</results>
