<results>
	<result value='win'/>
	<start value='2015-05-03.19:45:24'/>
	<end value='2015-05-03.19:45:42'/>
	<frames value='21330'/>
	<gameDuration value='1333'/>

	<player>
		<unitScore value='10350'/>
		<killScore value='15000'/>
		<buildingScore value='3025'/>
		<razingScore value='6225'/>
		<mineralScore value='19178'/>
		<gasScore value='1456'/>
		<totalScore value='55234'/>
	</player>

	<enemy>
		<race value='Terran'/>
		<unitScore value='7500'/>
		<unitScore value='7500'/>
		<killScore value='4550'/>
		<buildingScore value='2150'/>
		<razingScore value='150'/>
		<mineralScore value='7282'/>
		<gasScore value='2328'/>
		<totalScore value='23960'/>
	</enemy>

	<scoreRatio value='2.30526'/>
	<timeFitness value='0.814861'/>
	<unitsAverage value='71'/>
</results>
