<results>
	<result value='win'/>
	<start value='2015-05-08.20:17:27'/>
	<end value='2015-05-08.20:17:58'/>
	<frames value='23779'/>
	<gameDuration value='1486'/>

	<player>
		<unitScore value='10475'/>
		<killScore value='14500'/>
		<buildingScore value='3250'/>
		<razingScore value='6600'/>
		<mineralScore value='14754'/>
		<gasScore value='1280'/>
		<totalScore value='50859'/>
	</player>

	<enemy>
		<race value='Terran'/>
		<unitScore value='7350'/>
		<unitScore value='7350'/>
		<killScore value='5800'/>
		<buildingScore value='2200'/>
		<razingScore value='1200'/>
		<mineralScore value='8890'/>
		<gasScore value='2880'/>
		<totalScore value='28320'/>
	</enemy>

	<scoreRatio value='1.79587'/>
	<timeFitness value='0.793611'/>
	<unitsAverage value='61'/>
</results>
