<results>
	<result value='loss'/>
	<start value='2015-05-08.20:18:02'/>
	<end value='2015-05-08.20:19:05'/>
	<frames value='53384'/>
	<gameDuration value='3336'/>

	<player>
		<unitScore value='17150'/>
		<killScore value='21900'/>
		<buildingScore value='5050'/>
		<razingScore value='5325'/>
		<mineralScore value='22758'/>
		<gasScore value='2568'/>
		<totalScore value='74751'/>
	</player>

	<enemy>
		<race value='Terran'/>
		<unitScore value='27400'/>
		<unitScore value='27400'/>
		<killScore value='34300'/>
		<buildingScore value='7450'/>
		<razingScore value='15150'/>
		<mineralScore value='23214'/>
		<gasScore value='14744'/>
		<totalScore value='122258'/>
	</enemy>

	<scoreRatio value='0.61142'/>
	<timeFitness value='0.463333'/>
	<unitsAverage value='44'/>
</results>
