<results>
	<result value='loss'/>
	<start value='2015-05-03.19:45:45'/>
	<end value='2015-05-03.19:45:59'/>
	<frames value='22477'/>
	<gameDuration value='1404'/>

	<player>
		<unitScore value='5700'/>
		<killScore value='3600'/>
		<buildingScore value='2525'/>
		<razingScore value='0'/>
		<mineralScore value='8642'/>
		<gasScore value='720'/>
		<totalScore value='21187'/>
	</player>

	<enemy>
		<race value='Terran'/>
		<unitScore value='9025'/>
		<unitScore value='9025'/>
		<killScore value='11400'/>
		<buildingScore value='3300'/>
		<razingScore value='7575'/>
		<mineralScore value='10946'/>
		<gasScore value='4448'/>
		<totalScore value='46694'/>
	</enemy>

	<scoreRatio value='0.453741'/>
	<timeFitness value='0.195'/>
	<unitsAverage value='31'/>
</results>
