<results>
	<result value='draw'/>
	<start value='2015-05-09.06:45:25'/>
	<end value='2015-05-09.06:45:59'/>
	<frames value='57601'/>
	<gameDuration value='3600'/>

	<player>
		<unitScore value='28975'/>
		<killScore value='24450'/>
		<buildingScore value='3250'/>
		<razingScore value='0'/>
		<mineralScore value='31430'/>
		<gasScore value='3720'/>
		<totalScore value='91825'/>
	</player>

	<enemy>
		<race value='Terran'/>
		<unitScore value='29750'/>
		<unitScore value='29750'/>
		<killScore value='51200'/>
		<buildingScore value='4725'/>
		<razingScore value='4425'/>
		<mineralScore value='31434'/>
		<gasScore value='12416'/>
		<totalScore value='133950'/>
	</enemy>

	<scoreRatio value='0.685517'/>
	<timeFitness value='0.5'/>
	<unitsAverage value='84'/>
</results>
