<results>
	<result value='draw'/>
	<start value='2015-05-09.06:49:40'/>
	<end value='2015-05-09.06:50:13'/>
	<frames value='57601'/>
	<gameDuration value='3600'/>

	<player>
		<unitScore value='17550'/>
		<killScore value='31050'/>
		<buildingScore value='3250'/>
		<razingScore value='675'/>
		<mineralScore value='19934'/>
		<gasScore value='3408'/>
		<totalScore value='75867'/>
	</player>

	<enemy>
		<race value='Terran'/>
		<unitScore value='29500'/>
		<unitScore value='29500'/>
		<killScore value='33150'/>
		<buildingScore value='4750'/>
		<razingScore value='6075'/>
		<mineralScore value='31146'/>
		<gasScore value='12200'/>
		<totalScore value='116821'/>
	</enemy>

	<scoreRatio value='0.649429'/>
	<timeFitness value='0.5'/>
	<unitsAverage value='56'/>
</results>
