<results>
	<result value='win'/>
	<start value='2015-05-04.20:29:41'/>
	<end value='2015-05-04.20:31:55'/>
	<frames value='54531'/>
	<gameDuration value='3408'/>

	<player>
		<unitScore value='29750'/>
		<killScore value='29785'/>
		<buildingScore value='4250'/>
		<razingScore value='5940'/>
		<mineralScore value='50842'/>
		<gasScore value='0'/>
		<totalScore value='120567'/>
	</player>

	<enemy>
		<race value='Zerg'/>
		<unitScore value='13525'/>
		<unitScore value='13525'/>
		<killScore value='39800'/>
		<buildingScore value='1980'/>
		<razingScore value='0'/>
		<mineralScore value='12166'/>
		<gasScore value='3728'/>
		<totalScore value='71199'/>
	</enemy>

	<scoreRatio value='1.69338'/>
	<timeFitness value='0.526667'/>
	<unitsAverage value='154'/>
</results>
