<results>
	<result value='win'/>
	<start value='2015-05-11.04:27:54'/>
	<end value='2015-05-11.04:29:10'/>
	<frames value='35807'/>
	<gameDuration value='2237'/>

	<player>
		<unitScore value='19650'/>
		<killScore value='25240'/>
		<buildingScore value='4325'/>
		<razingScore value='7290'/>
		<mineralScore value='30530'/>
		<gasScore value='3328'/>
		<totalScore value='90363'/>
	</player>

	<enemy>
		<race value='Zerg'/>
		<unitScore value='12025'/>
		<unitScore value='12025'/>
		<killScore value='15550'/>
		<buildingScore value='2430'/>
		<razingScore value='0'/>
		<mineralScore value='11994'/>
		<gasScore value='3352'/>
		<totalScore value='45351'/>
	</enemy>

	<scoreRatio value='1.99252'/>
	<timeFitness value='0.689306'/>
	<unitsAverage value='124'/>
</results>
