<results>
	<result value='win'/>
	<start value='2015-05-11.04:35:08'/>
	<end value='2015-05-11.04:35:51'/>
	<frames value='27158'/>
	<gameDuration value='1697'/>

	<player>
		<unitScore value='17525'/>
		<killScore value='25695'/>
		<buildingScore value='3825'/>
		<razingScore value='6015'/>
		<mineralScore value='23562'/>
		<gasScore value='1944'/>
		<totalScore value='78566'/>
	</player>

	<enemy>
		<race value='Zerg'/>
		<unitScore value='11725'/>
		<unitScore value='11725'/>
		<killScore value='13350'/>
		<buildingScore value='2005'/>
		<razingScore value='0'/>
		<mineralScore value='11426'/>
		<gasScore value='4056'/>
		<totalScore value='42562'/>
	</enemy>

	<scoreRatio value='1.84592'/>
	<timeFitness value='0.764306'/>
	<unitsAverage value='96'/>
</results>
