<results>
	<result value='win'/>
	<start value='2015-04-15.00:53:05'/>
	<end value='2015-04-15.00:53:32'/>
	<frames value='31808'/>
	<gameDuration value='1988'/>

	<player>
		<unitScore value='16350'/>
		<killScore value='13000'/>
		<buildingScore value='4225'/>
		<razingScore value='14175'/>
		<mineralScore value='27194'/>
		<gasScore value='2736'/>
		<totalScore value='77680'/>
	</player>

	<enemy>
		<race value='Protoss'/>
		<unitScore value='6850'/>
		<unitScore value='6850'/>
		<killScore value='12200'/>
		<buildingScore value='4725'/>
		<razingScore value='1200'/>
		<mineralScore value='10554'/>
		<gasScore value='1848'/>
		<totalScore value='37377'/>
	</enemy>

	<scoreRatio value='2.07828'/>
</results>
