<results>
	<result value='draw'/>
	<start value='2015-04-15.00:53:36'/>
	<end value='2015-04-15.00:54:47'/>
	<frames value='57601'/>
	<gameDuration value='3600'/>

	<player>
		<unitScore value='31050'/>
		<killScore value='45670'/>
		<buildingScore value='3300'/>
		<razingScore value='10425'/>
		<mineralScore value='31534'/>
		<gasScore value='5520'/>
		<totalScore value='127499'/>
	</player>

	<enemy>
		<race value='Protoss'/>
		<unitScore value='32275'/>
		<unitScore value='32275'/>
		<killScore value='49950'/>
		<buildingScore value='9675'/>
		<razingScore value='2250'/>
		<mineralScore value='31542'/>
		<gasScore value='11864'/>
		<totalScore value='137556'/>
	</enemy>

	<scoreRatio value='0.926888'/>
</results>
