<results>
	<result value='win'/>
	<start value='2015-04-15.00:58:37'/>
	<end value='2015-04-15.00:59:06'/>
	<frames value='33575'/>
	<gameDuration value='2098'/>

	<player>
		<unitScore value='19650'/>
		<killScore value='21200'/>
		<buildingScore value='4025'/>
		<razingScore value='17025'/>
		<mineralScore value='29398'/>
		<gasScore value='3952'/>
		<totalScore value='95250'/>
	</player>

	<enemy>
		<race value='Protoss'/>
		<unitScore value='10950'/>
		<unitScore value='10950'/>
		<killScore value='17700'/>
		<buildingScore value='5675'/>
		<razingScore value='300'/>
		<mineralScore value='14794'/>
		<gasScore value='4296'/>
		<totalScore value='53715'/>
	</enemy>

	<scoreRatio value='1.77325'/>
</results>
