<results>
	<result value='win'/>
	<start value='2014-07-22.23:50:35'/>
	<end value='2014-07-22.23:51:16'/>
	<frames value='34040'/>
	<gameDuration value='2127'/>

	<player>
		<unitScore value='21250'/>
		<killScore value='30500'/>
		<buildingScore value='4975'/>
		<razingScore value='6135'/>
		<mineralScore value='33314'/>
		<gasScore value='2544'/>
		<totalScore value='98718'/>
	</player>

	<enemy>
		<race value='Zerg'/>
		<unitScore value='15000'/>
		<unitScore value='15000'/>
		<killScore value='19150'/>
		<buildingScore value='2045'/>
		<razingScore value='0'/>
		<mineralScore value='13410'/>
		<gasScore value='5184'/>
		<totalScore value='54789'/>
	</enemy>

	<scoreRatio value='1.80178'/>
</results>
