<results>
	<result value='loss'/>
	<start value='2015-07-21.14:55:06'/>
	<end value='2015-07-21.14:55:35'/>
	<frames value='27747'/>
	<gameDuration value='1734'/>

	<player>
		<unitScore value='11650'/>
		<killScore value='6600'/>
		<buildingScore value='3600'/>
		<razingScore value='0'/>
		<mineralScore value='19198'/>
		<gasScore value='1824'/>
		<totalScore value='42872'/>
	</player>

	<enemy>
		<race value='Zerg'/>
		<unitScore value='13100'/>
		<killScore value='23300'/>
		<buildingScore value='3175'/>
		<razingScore value='10800'/>
		<mineralScore value='16550'/>
		<gasScore value='4496'/>
		<totalScore value='71421'/>
	</enemy>

	<scoreRatio value='0.600272'/>
	<timeFitness value='0.240833'/>
	<unitsAverage value='50'/>
</results>
