<results>
	<result value='draw'/>
	<start value='2015-07-21.15:02:17'/>
	<end value='2015-07-21.15:05:53'/>
	<frames value='57601'/>
	<gameDuration value='3600'/>

	<player>
		<unitScore value='36475'/>
		<killScore value='23675'/>
		<buildingScore value='4700'/>
		<razingScore value='0'/>
		<mineralScore value='31494'/>
		<gasScore value='8738'/>
		<totalScore value='105082'/>
	</player>

	<enemy>
		<race value='Zerg'/>
		<unitScore value='28025'/>
		<killScore value='51500'/>
		<buildingScore value='4135'/>
		<razingScore value='2775'/>
		<mineralScore value='31066'/>
		<gasScore value='11852'/>
		<totalScore value='129353'/>
	</enemy>

	<scoreRatio value='0.812366'/>
	<timeFitness value='0.5'/>
	<unitsAverage value='161'/>
</results>
