<results>
	<result value='loss'/>
	<start value='2015-04-12.18:47:05'/>
	<end value='2015-04-12.18:47:13'/>
	<frames value='17641'/>
	<gameDuration value='1102'/>

	<player>
		<unitScore value='4050'/>
		<killScore value='1000'/>
		<buildingScore value='2100'/>
		<razingScore value='0'/>
		<mineralScore value='6226'/>
		<gasScore value='376'/>
		<totalScore value='13752'/>
	</player>

	<enemy>
		<race value='Protoss'/>
		<unitScore value='3600'/>
		<unitScore value='3600'/>
		<killScore value='8100'/>
		<buildingScore value='4075'/>
		<razingScore value='6300'/>
		<mineralScore value='9274'/>
		<gasScore value='1744'/>
		<totalScore value='33093'/>
	</enemy>

	<scoreRatio value='0.415556'/>
</results>
