<results>
	<result value='win'/>
	<start value='2015-05-09.08:18:12'/>
	<end value='2015-05-09.08:18:40'/>
	<frames value='26135'/>
	<gameDuration value='1633'/>

	<player>
		<unitScore value='12350'/>
		<killScore value='24200'/>
		<buildingScore value='4100'/>
		<razingScore value='9975'/>
		<mineralScore value='17374'/>
		<gasScore value='2272'/>
		<totalScore value='70271'/>
	</player>

	<enemy>
		<race value='Terran'/>
		<unitScore value='12900'/>
		<unitScore value='12900'/>
		<killScore value='9100'/>
		<buildingScore value='3325'/>
		<razingScore value='1575'/>
		<mineralScore value='11034'/>
		<gasScore value='4752'/>
		<totalScore value='42686'/>
	</enemy>

	<scoreRatio value='1.64623'/>
	<timeFitness value='0.773194'/>
	<unitsAverage value='74'/>
</results>
