<results>
	<result value='loss'/>
	<start value='2015-07-17.21:49:42'/>
	<end value='2015-07-17.21:49:48'/>
	<frames value='14324'/>
	<gameDuration value='895'/>

	<player>
		<unitScore value='2700'/>
		<killScore value='100'/>
		<buildingScore value='1275'/>
		<razingScore value='0'/>
		<mineralScore value='3042'/>
		<gasScore value='552'/>
		<totalScore value='7669'/>
	</player>

	<enemy>
		<race value='Terran'/>
		<unitScore value='4050'/>
		<killScore value='5400'/>
		<buildingScore value='1450'/>
		<razingScore value='3825'/>
		<mineralScore value='6394'/>
		<gasScore value='2168'/>
		<totalScore value='23287'/>
	</enemy>

	<scoreRatio value='0.329325'/>
	<timeFitness value='0.124306'/>
	<unitsAverage value='16'/>
</results>
