<results>
	<result value='loss'/>
	<start value='2015-04-08.02:00:48'/>
	<end value='2015-04-08.02:01:25'/>
	<frames value='52733'/>
	<gameDuration value='3295'/>

	<player>
		<unitScore value='12925'/>
		<killScore value='26900'/>
		<buildingScore value='1525'/>
		<razingScore value='7650'/>
		<mineralScore value='13562'/>
		<gasScore value='4560'/>
		<totalScore value='67122'/>
	</player>

	<enemy>
		<race value='Protoss'/>
		<unitScore value='21700'/>
		<unitScore value='21700'/>
		<killScore value='25950'/>
		<buildingScore value='9250'/>
		<razingScore value='4575'/>
		<mineralScore value='30638'/>
		<gasScore value='8078'/>
		<totalScore value='100191'/>
	</enemy>

	<scoreRatio value='0.66994'/>
</results>
