<results>
	<result value='draw'/>
	<start value='2015-04-08.02:03:41'/>
	<end value='2015-04-08.02:05:16'/>
	<frames value='57601'/>
	<gameDuration value='3600'/>

	<player>
		<unitScore value='28775'/>
		<killScore value='36600'/>
		<buildingScore value='3675'/>
		<razingScore value='19575'/>
		<mineralScore value='32262'/>
		<gasScore value='5966'/>
		<totalScore value='126853'/>
	</player>

	<enemy>
		<race value='Protoss'/>
		<unitScore value='19450'/>
		<unitScore value='19450'/>
		<killScore value='31950'/>
		<buildingScore value='7300'/>
		<razingScore value='150'/>
		<mineralScore value='21690'/>
		<gasScore value='4320'/>
		<totalScore value='84860'/>
	</enemy>

	<scoreRatio value='1.49485'/>
</results>
