<results>
	<result value='loss'/>
	<start value='2015-04-11.14:08:03'/>
	<end value='2015-04-11.14:08:30'/>
	<frames value='28398'/>
	<gameDuration value='1774'/>

	<player>
		<unitScore value='6200'/>
		<killScore value='4500'/>
		<buildingScore value='1175'/>
		<razingScore value='0'/>
		<mineralScore value='6946'/>
		<gasScore value='1400'/>
		<totalScore value='20221'/>
	</player>

	<enemy>
		<race value='Protoss'/>
		<unitScore value='12025'/>
		<unitScore value='12025'/>
		<killScore value='12500'/>
		<buildingScore value='6875'/>
		<razingScore value='3525'/>
		<mineralScore value='17662'/>
		<gasScore value='6296'/>
		<totalScore value='58883'/>
	</enemy>

	<scoreRatio value='0.34341'/>
</results>
