<results>
	<result value='win'/>
	<start value='2015-04-29.13:26:00'/>
	<end value='2015-04-29.13:26:54'/>
	<frames value='32645'/>
	<gameDuration value='2040'/>

	<player>
		<unitScore value='16475'/>
		<killScore value='12600'/>
		<buildingScore value='3200'/>
		<razingScore value='14625'/>
		<mineralScore value='22986'/>
		<gasScore value='3504'/>
		<totalScore value='73390'/>
	</player>

	<enemy>
		<race value='Protoss'/>
		<unitScore value='6350'/>
		<unitScore value='6350'/>
		<killScore value='11550'/>
		<buildingScore value='4875'/>
		<razingScore value='150'/>
		<mineralScore value='16578'/>
		<gasScore value='2288'/>
		<totalScore value='41791'/>
	</enemy>

	<scoreRatio value='1.75612'/>
	<timeFitness value='0.716667'/>
	<unitsAverage value='89'/>
</results>
