<results>
	<result value='loss'/>
	<start value='2015-05-09.22:19:15'/>
	<end value='2015-05-09.22:19:23'/>
	<frames value='13022'/>
	<gameDuration value='813'/>

	<player>
		<unitScore value='1575'/>
		<killScore value='200'/>
		<buildingScore value='1075'/>
		<razingScore value='0'/>
		<mineralScore value='2578'/>
		<gasScore value='600'/>
		<totalScore value='6028'/>
	</player>

	<enemy>
		<race value='Protoss'/>
		<unitScore value='3500'/>
		<unitScore value='3500'/>
		<killScore value='3150'/>
		<buildingScore value='2275'/>
		<razingScore value='3225'/>
		<mineralScore value='6554'/>
		<gasScore value='1176'/>
		<totalScore value='19880'/>
	</enemy>

	<scoreRatio value='0.303219'/>
	<timeFitness value='0.112917'/>
	<unitsAverage value='14'/>
</results>
