<results>
	<result value='loss'/>
	<start value='2015-05-09.22:19:38'/>
	<end value='2015-05-09.22:19:50'/>
	<frames value='16463'/>
	<gameDuration value='1028'/>

	<player>
		<unitScore value='3000'/>
		<killScore value='1600'/>
		<buildingScore value='1525'/>
		<razingScore value='0'/>
		<mineralScore value='3882'/>
		<gasScore value='896'/>
		<totalScore value='10903'/>
	</player>

	<enemy>
		<race value='Protoss'/>
		<unitScore value='3975'/>
		<unitScore value='3975'/>
		<killScore value='6000'/>
		<buildingScore value='3325'/>
		<razingScore value='4575'/>
		<mineralScore value='8594'/>
		<gasScore value='1896'/>
		<totalScore value='28365'/>
	</enemy>

	<scoreRatio value='0.384382'/>
	<timeFitness value='0.142778'/>
	<unitsAverage value='24'/>
</results>
