<results>
	<result value='loss'/>
	<start value='2015-04-11.01:39:45'/>
	<end value='2015-04-11.01:39:57'/>
	<frames value='14138'/>
	<gameDuration value='883'/>

	<player>
		<unitScore value='2725'/>
		<killScore value='0'/>
		<buildingScore value='1425'/>
		<razingScore value='0'/>
		<mineralScore value='4026'/>
		<gasScore value='632'/>
		<totalScore value='8808'/>
	</player>

	<enemy>
		<race value='Protoss'/>
		<unitScore value='3550'/>
		<unitScore value='3550'/>
		<killScore value='3600'/>
		<buildingScore value='2375'/>
		<razingScore value='4275'/>
		<mineralScore value='7298'/>
		<gasScore value='1200'/>
		<totalScore value='22298'/>
	</enemy>

	<scoreRatio value='0.395013'/>
</results>
