<results>
	<result value='loss'/>
	<start value='2015-04-11.01:50:28'/>
	<end value='2015-04-11.01:50:44'/>
	<frames value='17827'/>
	<gameDuration value='1114'/>

	<player>
		<unitScore value='5100'/>
		<killScore value='1000'/>
		<buildingScore value='2100'/>
		<razingScore value='0'/>
		<mineralScore value='8074'/>
		<gasScore value='0'/>
		<totalScore value='16274'/>
	</player>

	<enemy>
		<race value='Protoss'/>
		<unitScore value='3600'/>
		<unitScore value='3600'/>
		<killScore value='10200'/>
		<buildingScore value='3875'/>
		<razingScore value='6300'/>
		<mineralScore value='9666'/>
		<gasScore value='1760'/>
		<totalScore value='35401'/>
	</enemy>

	<scoreRatio value='0.459705'/>
</results>
