<results>
	<result value='loss'/>
	<start value='2015-04-11.01:51:14'/>
	<end value='2015-04-11.01:51:28'/>
	<frames value='15657'/>
	<gameDuration value='978'/>

	<player>
		<unitScore value='4125'/>
		<killScore value='800'/>
		<buildingScore value='1600'/>
		<razingScore value='0'/>
		<mineralScore value='5746'/>
		<gasScore value='888'/>
		<totalScore value='13159'/>
	</player>

	<enemy>
		<race value='Protoss'/>
		<unitScore value='5025'/>
		<unitScore value='5025'/>
		<killScore value='8000'/>
		<buildingScore value='3075'/>
		<razingScore value='4800'/>
		<mineralScore value='7954'/>
		<gasScore value='2128'/>
		<totalScore value='30982'/>
	</enemy>

	<scoreRatio value='0.42473'/>
</results>
