<results>
	<result value='draw'/>
	<start value='2015-07-18.06:44:14'/>
	<end value='2015-07-18.06:46:31'/>
	<frames value='57601'/>
	<gameDuration value='3600'/>

	<player>
		<unitScore value='41900'/>
		<killScore value='17450'/>
		<buildingScore value='3375'/>
		<razingScore value='0'/>
		<mineralScore value='31430'/>
		<gasScore value='9156'/>
		<totalScore value='103311'/>
	</player>

	<enemy>
		<race value='Terran'/>
		<unitScore value='30750'/>
		<killScore value='74750'/>
		<buildingScore value='4725'/>
		<razingScore value='5625'/>
		<mineralScore value='31550'/>
		<gasScore value='12370'/>
		<totalScore value='159770'/>
	</enemy>

	<scoreRatio value='0.646623'/>
	<timeFitness value='0.5'/>
	<unitsAverage value='101'/>
</results>
