<results>
	<result value='loss'/>
	<start value='2015-07-18.06:52:02'/>
	<end value='2015-07-18.06:52:21'/>
	<frames value='19129'/>
	<gameDuration value='1195'/>

	<player>
		<unitScore value='5425'/>
		<killScore value='1500'/>
		<buildingScore value='2100'/>
		<razingScore value='0'/>
		<mineralScore value='6802'/>
		<gasScore value='1184'/>
		<totalScore value='17011'/>
	</player>

	<enemy>
		<race value='Terran'/>
		<unitScore value='7100'/>
		<killScore value='10850'/>
		<buildingScore value='2850'/>
		<razingScore value='6300'/>
		<mineralScore value='8954'/>
		<gasScore value='3168'/>
		<totalScore value='39222'/>
	</enemy>

	<scoreRatio value='0.433711'/>
	<timeFitness value='0.165972'/>
	<unitsAverage value='28'/>
</results>
