<results>
	<result value='win'/>
	<start value='2015-07-18.06:52:30'/>
	<end value='2015-07-18.06:54:28'/>
	<frames value='40271'/>
	<gameDuration value='2516'/>

	<player>
		<unitScore value='24225'/>
		<killScore value='23150'/>
		<buildingScore value='3900'/>
		<razingScore value='6750'/>
		<mineralScore value='49838'/>
		<gasScore value='5248'/>
		<totalScore value='113111'/>
	</player>

	<enemy>
		<race value='Terran'/>
		<unitScore value='13775'/>
		<killScore value='23000'/>
		<buildingScore value='2250'/>
		<razingScore value='150'/>
		<mineralScore value='11966'/>
		<gasScore value='4184'/>
		<totalScore value='55325'/>
	</enemy>

	<scoreRatio value='2.04448'/>
	<timeFitness value='0.650556'/>
	<unitsAverage value='134'/>
</results>
