<results>
	<result value='loss'/>
	<start value='2015-05-22.06:32:58'/>
	<end value='2015-05-22.06:33:08'/>
	<frames value='17362'/>
	<gameDuration value='1085'/>

	<player>
		<unitScore value='3150'/>
		<killScore value='1200'/>
		<buildingScore value='1550'/>
		<razingScore value='0'/>
		<mineralScore value='4794'/>
		<gasScore value='800'/>
		<totalScore value='11494'/>
	</player>

	<enemy>
		<race value='Protoss'/>
		<unitScore value='4400'/>
		<killScore value='6300'/>
		<buildingScore value='4175'/>
		<razingScore value='4650'/>
		<mineralScore value='9354'/>
		<gasScore value='1800'/>
		<totalScore value='30679'/>
	</enemy>

	<scoreRatio value='0.374654'/>
	<timeFitness value='0.150694'/>
	<unitsAverage value='21'/>
</results>
