<results>
	<result value='draw'/>
	<start value='2015-05-03.19:14:18'/>
	<end value='2015-05-03.19:15:42'/>
	<frames value='57601'/>
	<gameDuration value='3600'/>

	<player>
		<unitScore value='19425'/>
		<killScore value='18150'/>
		<buildingScore value='4375'/>
		<razingScore value='975'/>
		<mineralScore value='31518'/>
		<gasScore value='6678'/>
		<totalScore value='81121'/>
	</player>

	<enemy>
		<race value='Terran'/>
		<unitScore value='24400'/>
		<unitScore value='24400'/>
		<killScore value='25250'/>
		<buildingScore value='4400'/>
		<razingScore value='5625'/>
		<mineralScore value='19550'/>
		<gasScore value='12332'/>
		<totalScore value='91557'/>
	</enemy>

	<scoreRatio value='0.886016'/>
	<timeFitness value='0.5'/>
	<unitsAverage value='92'/>
</results>
