<results>
	<result value='loss'/>
	<start value='2015-07-19.14:51:05'/>
	<end value='2015-07-19.14:51:56'/>
	<frames value='28398'/>
	<gameDuration value='1774'/>

	<player>
		<unitScore value='16750'/>
		<killScore value='9350'/>
		<buildingScore value='3275'/>
		<razingScore value='0'/>
		<mineralScore value='21442'/>
		<gasScore value='2232'/>
		<totalScore value='53049'/>
	</player>

	<enemy>
		<race value='Zerg'/>
		<unitScore value='16925'/>
		<killScore value='30450'/>
		<buildingScore value='3385'/>
		<razingScore value='9825'/>
		<mineralScore value='17614'/>
		<gasScore value='5464'/>
		<totalScore value='83663'/>
	</enemy>

	<scoreRatio value='0.63408'/>
	<timeFitness value='0.246389'/>
	<unitsAverage value='68'/>
</results>
