<results>
	<result value='loss'/>
	<start value='2015-07-19.15:11:41'/>
	<end value='2015-07-19.15:12:32'/>
	<frames value='27251'/>
	<gameDuration value='1703'/>

	<player>
		<unitScore value='14375'/>
		<killScore value='9300'/>
		<buildingScore value='3200'/>
		<razingScore value='0'/>
		<mineralScore value='27298'/>
		<gasScore value='2088'/>
		<totalScore value='56261'/>
	</player>

	<enemy>
		<race value='Zerg'/>
		<unitScore value='14325'/>
		<killScore value='28750'/>
		<buildingScore value='3005'/>
		<razingScore value='9600'/>
		<mineralScore value='16594'/>
		<gasScore value='4400'/>
		<totalScore value='76674'/>
	</enemy>

	<scoreRatio value='0.733769'/>
	<timeFitness value='0.236528'/>
	<unitsAverage value='73'/>
</results>
