<results>
	<result value='win'/>
	<start value='2015-04-25.02:29:46'/>
	<end value='2015-04-25.02:30:12'/>
	<frames value='35311'/>
	<gameDuration value='2206'/>

	<player>
		<unitScore value='16425'/>
		<killScore value='27900'/>
		<buildingScore value='3250'/>
		<razingScore value='10500'/>
		<mineralScore value='19418'/>
		<gasScore value='2896'/>
		<totalScore value='80389'/>
	</player>

	<enemy>
		<race value='Terran'/>
		<unitScore value='14750'/>
		<unitScore value='14750'/>
		<killScore value='17100'/>
		<buildingScore value='3500'/>
		<razingScore value='1650'/>
		<mineralScore value='12526'/>
		<gasScore value='5598'/>
		<totalScore value='55124'/>
	</enemy>

	<scoreRatio value='1.45833'/>
</results>
