<results>
	<result value='loss'/>
	<start value='2015-04-25.02:47:57'/>
	<end value='2015-04-25.02:48:32'/>
	<frames value='51214'/>
	<gameDuration value='3200'/>

	<player>
		<unitScore value='18875'/>
		<killScore value='25900'/>
		<buildingScore value='2550'/>
		<razingScore value='300'/>
		<mineralScore value='20594'/>
		<gasScore value='2528'/>
		<totalScore value='70747'/>
	</player>

	<enemy>
		<race value='Terran'/>
		<unitScore value='27450'/>
		<unitScore value='27450'/>
		<killScore value='37750'/>
		<buildingScore value='4725'/>
		<razingScore value='7650'/>
		<mineralScore value='30030'/>
		<gasScore value='11714'/>
		<totalScore value='119319'/>
	</enemy>

	<scoreRatio value='0.592923'/>
</results>
