<results>
	<result value='win'/>
	<start value='2015-04-28.03:32:50'/>
	<end value='2015-04-28.03:33:44'/>
	<frames value='29514'/>
	<gameDuration value='1844'/>

	<player>
		<unitScore value='20050'/>
		<killScore value='28500'/>
		<buildingScore value='4050'/>
		<razingScore value='16275'/>
		<mineralScore value='26314'/>
		<gasScore value='2104'/>
		<totalScore value='97293'/>
	</player>

	<enemy>
		<race value='Protoss'/>
		<unitScore value='14475'/>
		<unitScore value='14475'/>
		<killScore value='14850'/>
		<buildingScore value='5425'/>
		<razingScore value='0'/>
		<mineralScore value='17650'/>
		<gasScore value='3952'/>
		<totalScore value='56352'/>
	</enemy>

	<scoreRatio value='1.72652'/>
</results>
