<results>
	<result value='win'/>
	<start value='2015-05-01.16:58:16'/>
	<end value='2015-05-01.16:58:41'/>
	<frames value='23717'/>
	<gameDuration value='1482'/>

	<player>
		<unitScore value='13325'/>
		<killScore value='23480'/>
		<buildingScore value='3825'/>
		<razingScore value='4905'/>
		<mineralScore value='20002'/>
		<gasScore value='1560'/>
		<totalScore value='67097'/>
	</player>

	<enemy>
		<race value='Zerg'/>
		<unitScore value='10350'/>
		<unitScore value='10350'/>
		<killScore value='8100'/>
		<buildingScore value='1635'/>
		<razingScore value='0'/>
		<mineralScore value='8866'/>
		<gasScore value='2744'/>
		<totalScore value='31695'/>
	</enemy>

	<scoreRatio value='2.11696'/>
	<timeFitness value='0.794167'/>
	<unitsAverage value='82'/>
</results>
