<results>
	<result value='win'/>
	<start value='2015-04-07.15:20:30'/>
	<end value='2015-04-07.15:20:42'/>
	<frames value='19532'/>
	<gameDuration value='1220'/>

	<player>
		<unitScore value='7500'/>
		<killScore value='9100'/>
		<buildingScore value='2500'/>
		<razingScore value='7500'/>
		<mineralScore value='11514'/>
		<gasScore value='1288'/>
		<totalScore value='39402'/>
	</player>

	<enemy>
		<race value='Protoss'/>
		<unitScore value='4550'/>
		<unitScore value='4550'/>
		<killScore value='4300'/>
		<buildingScore value='2500'/>
		<razingScore value='300'/>
		<mineralScore value='8762'/>
		<gasScore value='1312'/>
		<totalScore value='21724'/>
	</enemy>

	<scoreRatio value='1.81375'/>
</results>
