<results>
	<result value='loss'/>
	<start value='2015-07-21.09:01:45'/>
	<end value='2015-07-21.09:02:22'/>
	<frames value='30444'/>
	<gameDuration value='1902'/>

	<player>
		<unitScore value='15025'/>
		<killScore value='10975'/>
		<buildingScore value='3525'/>
		<razingScore value='240'/>
		<mineralScore value='16502'/>
		<gasScore value='2176'/>
		<totalScore value='48443'/>
	</player>

	<enemy>
		<race value='Zerg'/>
		<unitScore value='19550'/>
		<killScore value='30050'/>
		<buildingScore value='3830'/>
		<razingScore value='10725'/>
		<mineralScore value='19706'/>
		<gasScore value='6208'/>
		<totalScore value='90069'/>
	</enemy>

	<scoreRatio value='0.537843'/>
	<timeFitness value='0.264167'/>
	<unitsAverage value='60'/>
</results>
