<results>
	<result value='win'/>
	<start value='2015-05-10.08:24:15'/>
	<end value='2015-05-10.08:27:03'/>
	<frames value='56205'/>
	<gameDuration value='3512'/>

	<player>
		<unitScore value='31000'/>
		<killScore value='44700'/>
		<buildingScore value='4950'/>
		<razingScore value='24150'/>
		<mineralScore value='38778'/>
		<gasScore value='5456'/>
		<totalScore value='149034'/>
	</player>

	<enemy>
		<race value='Protoss'/>
		<unitScore value='22700'/>
		<unitScore value='22700'/>
		<killScore value='32200'/>
		<buildingScore value='8050'/>
		<razingScore value='375'/>
		<mineralScore value='24186'/>
		<gasScore value='10258'/>
		<totalScore value='97769'/>
	</enemy>

	<scoreRatio value='1.52435'/>
	<timeFitness value='0.512222'/>
	<unitsAverage value='155'/>
</results>
