<results>
	<result value='loss'/>
	<start value='2015-05-10.08:32:45'/>
	<end value='2015-05-10.08:33:50'/>
	<frames value='45727'/>
	<gameDuration value='2857'/>

	<player>
		<unitScore value='23150'/>
		<killScore value='31300'/>
		<buildingScore value='2800'/>
		<razingScore value='3300'/>
		<mineralScore value='23978'/>
		<gasScore value='4896'/>
		<totalScore value='89424'/>
	</player>

	<enemy>
		<race value='Protoss'/>
		<unitScore value='35400'/>
		<unitScore value='35400'/>
		<killScore value='46300'/>
		<buildingScore value='8575'/>
		<razingScore value='8400'/>
		<mineralScore value='32414'/>
		<gasScore value='11594'/>
		<totalScore value='142683'/>
	</enemy>

	<scoreRatio value='0.626732'/>
	<timeFitness value='0.396806'/>
	<unitsAverage value='79'/>
</results>
