<results>
	<result value='win'/>
	<start value='2015-05-10.08:36:30'/>
	<end value='2015-05-10.08:38:24'/>
	<frames value='47308'/>
	<gameDuration value='2956'/>

	<player>
		<unitScore value='35050'/>
		<killScore value='52300'/>
		<buildingScore value='4075'/>
		<razingScore value='20025'/>
		<mineralScore value='35446'/>
		<gasScore value='3600'/>
		<totalScore value='150496'/>
	</player>

	<enemy>
		<race value='Protoss'/>
		<unitScore value='27175'/>
		<unitScore value='27175'/>
		<killScore value='46750'/>
		<buildingScore value='6675'/>
		<razingScore value='150'/>
		<mineralScore value='26610'/>
		<gasScore value='9874'/>
		<totalScore value='117234'/>
	</enemy>

	<scoreRatio value='1.28372'/>
	<timeFitness value='0.589444'/>
	<unitsAverage value='148'/>
</results>
