<results>
	<result value='loss'/>
	<start value='2015-04-12.06:02:33'/>
	<end value='2015-04-12.06:03:32'/>
	<frames value='39651'/>
	<gameDuration value='2478'/>

	<player>
		<unitScore value='14250'/>
		<killScore value='25250'/>
		<buildingScore value='2400'/>
		<razingScore value='300'/>
		<mineralScore value='27318'/>
		<gasScore value='2576'/>
		<totalScore value='72094'/>
	</player>

	<enemy>
		<race value='Protoss'/>
		<unitScore value='29575'/>
		<unitScore value='29575'/>
		<killScore value='28500'/>
		<buildingScore value='7550'/>
		<razingScore value='7350'/>
		<mineralScore value='29538'/>
		<gasScore value='10190'/>
		<totalScore value='112703'/>
	</enemy>

	<scoreRatio value='0.639681'/>
</results>
