<results>
	<result value='loss'/>
	<start value='2015-05-10.01:05:25'/>
	<end value='2015-05-10.01:06:45'/>
	<frames value='50439'/>
	<gameDuration value='3152'/>

	<player>
		<unitScore value='22125'/>
		<killScore value='48850'/>
		<buildingScore value='2200'/>
		<razingScore value='450'/>
		<mineralScore value='23994'/>
		<gasScore value='4240'/>
		<totalScore value='101859'/>
	</player>

	<enemy>
		<race value='Protoss'/>
		<unitScore value='44125'/>
		<unitScore value='44125'/>
		<killScore value='44250'/>
		<buildingScore value='7525'/>
		<razingScore value='6600'/>
		<mineralScore value='35506'/>
		<gasScore value='14046'/>
		<totalScore value='152052'/>
	</enemy>

	<scoreRatio value='0.669896'/>
	<timeFitness value='0.437778'/>
	<unitsAverage value='79'/>
</results>
