<results>
	<result value='draw'/>
	<start value='2015-07-21.07:39:43'/>
	<end value='2015-07-21.07:44:08'/>
	<frames value='57601'/>
	<gameDuration value='3600'/>

	<player>
		<unitScore value='39925'/>
		<killScore value='29830'/>
		<buildingScore value='4375'/>
		<razingScore value='1455'/>
		<mineralScore value='51010'/>
		<gasScore value='13906'/>
		<totalScore value='140501'/>
	</player>

	<enemy>
		<race value='Zerg'/>
		<unitScore value='15975'/>
		<killScore value='56450'/>
		<buildingScore value='1520'/>
		<razingScore value='0'/>
		<mineralScore value='12050'/>
		<gasScore value='5574'/>
		<totalScore value='91569'/>
	</enemy>

	<scoreRatio value='1.53437'/>
	<timeFitness value='0.5'/>
	<unitsAverage value='177'/>
</results>
