<results>
	<result value='loss'/>
	<start value='2015-07-21.07:55:40'/>
	<end value='2015-07-21.07:56:18'/>
	<frames value='23500'/>
	<gameDuration value='1468'/>

	<player>
		<unitScore value='10300'/>
		<killScore value='5000'/>
		<buildingScore value='2875'/>
		<razingScore value='0'/>
		<mineralScore value='19046'/>
		<gasScore value='2192'/>
		<totalScore value='39413'/>
	</player>

	<enemy>
		<race value='Zerg'/>
		<unitScore value='10750'/>
		<killScore value='18950'/>
		<buildingScore value='2875'/>
		<razingScore value='8625'/>
		<mineralScore value='12186'/>
		<gasScore value='3568'/>
		<totalScore value='56954'/>
	</enemy>

	<scoreRatio value='0.692015'/>
	<timeFitness value='0.203889'/>
	<unitsAverage value='56'/>
</results>
