<results>
	<result value='draw'/>
	<start value='2015-07-21.08:14:01'/>
	<end value='2015-07-21.08:16:25'/>
	<frames value='57601'/>
	<gameDuration value='3600'/>

	<player>
		<unitScore value='40850'/>
		<killScore value='33070'/>
		<buildingScore value='5525'/>
		<razingScore value='1140'/>
		<mineralScore value='50150'/>
		<gasScore value='6456'/>
		<totalScore value='137191'/>
	</player>

	<enemy>
		<race value='Zerg'/>
		<unitScore value='15250'/>
		<killScore value='68850'/>
		<buildingScore value='1600'/>
		<razingScore value='8325'/>
		<mineralScore value='12618'/>
		<gasScore value='6178'/>
		<totalScore value='112821'/>
	</enemy>

	<scoreRatio value='1.21601'/>
	<timeFitness value='0.5'/>
	<unitsAverage value='119'/>
</results>
