<results>
	<result value='loss'/>
	<start value='2015-07-21.08:17:53'/>
	<end value='2015-07-21.08:18:48'/>
	<frames value='31188'/>
	<gameDuration value='1949'/>

	<player>
		<unitScore value='15900'/>
		<killScore value='10350'/>
		<buildingScore value='3875'/>
		<razingScore value='0'/>
		<mineralScore value='25850'/>
		<gasScore value='1808'/>
		<totalScore value='57783'/>
	</player>

	<enemy>
		<race value='Zerg'/>
		<unitScore value='16550'/>
		<killScore value='31300'/>
		<buildingScore value='3660'/>
		<razingScore value='11625'/>
		<mineralScore value='19342'/>
		<gasScore value='6228'/>
		<totalScore value='88705'/>
	</enemy>

	<scoreRatio value='0.651406'/>
	<timeFitness value='0.270694'/>
	<unitsAverage value='64'/>
</results>
