<results>
	<result value='loss'/>
	<start value='2015-07-12.11:29:33'/>
	<end value='2015-07-12.11:29:43'/>
	<frames value='19656'/>
	<gameDuration value='1228'/>

	<player>
		<unitScore value='5300'/>
		<killScore value='2300'/>
		<buildingScore value='1775'/>
		<razingScore value='0'/>
		<mineralScore value='6682'/>
		<gasScore value='1016'/>
		<totalScore value='17073'/>
	</player>

	<enemy>
		<race value='Terran'/>
		<unitScore value='7325'/>
		<killScore value='10300'/>
		<buildingScore value='2850'/>
		<razingScore value='5325'/>
		<mineralScore value='9122'/>
		<gasScore value='3312'/>
		<totalScore value='38234'/>
	</enemy>

	<scoreRatio value='0.44654'/>
	<timeFitness value='0.170556'/>
	<unitsAverage value='27'/>
</results>
