<results>
	<result value='loss'/>
	<start value='2015-07-20.18:22:33'/>
	<end value='2015-07-20.18:23:19'/>
	<frames value='35435'/>
	<gameDuration value='2214'/>

	<player>
		<unitScore value='20425'/>
		<killScore value='13200'/>
		<buildingScore value='2875'/>
		<razingScore value='0'/>
		<mineralScore value='25946'/>
		<gasScore value='2488'/>
		<totalScore value='64934'/>
	</player>

	<enemy>
		<race value='Zerg'/>
		<unitScore value='21725'/>
		<killScore value='40850'/>
		<buildingScore value='4435'/>
		<razingScore value='8625'/>
		<mineralScore value='21874'/>
		<gasScore value='7766'/>
		<totalScore value='105275'/>
	</enemy>

	<scoreRatio value='0.616804'/>
	<timeFitness value='0.3075'/>
	<unitsAverage value='70'/>
</results>
