<results>
	<result value='loss'/>
	<start value='2015-07-20.18:23:44'/>
	<end value='2015-07-20.18:24:12'/>
	<frames value='25112'/>
	<gameDuration value='1569'/>

	<player>
		<unitScore value='11725'/>
		<killScore value='5000'/>
		<buildingScore value='3300'/>
		<razingScore value='0'/>
		<mineralScore value='18298'/>
		<gasScore value='1664'/>
		<totalScore value='39987'/>
	</player>

	<enemy>
		<race value='Zerg'/>
		<unitScore value='8775'/>
		<killScore value='23100'/>
		<buildingScore value='3215'/>
		<razingScore value='9900'/>
		<mineralScore value='14034'/>
		<gasScore value='3568'/>
		<totalScore value='62592'/>
	</enemy>

	<scoreRatio value='0.638852'/>
	<timeFitness value='0.217917'/>
	<unitsAverage value='50'/>
</results>
