<results>
	<result value='loss'/>
	<start value='2015-07-20.18:33:01'/>
	<end value='2015-07-20.18:33:27'/>
	<frames value='25298'/>
	<gameDuration value='1581'/>

	<player>
		<unitScore value='10750'/>
		<killScore value='5450'/>
		<buildingScore value='3350'/>
		<razingScore value='0'/>
		<mineralScore value='16770'/>
		<gasScore value='1496'/>
		<totalScore value='37816'/>
	</player>

	<enemy>
		<race value='Zerg'/>
		<unitScore value='12775'/>
		<killScore value='21500'/>
		<buildingScore value='3255'/>
		<razingScore value='10050'/>
		<mineralScore value='14466'/>
		<gasScore value='4784'/>
		<totalScore value='66830'/>
	</enemy>

	<scoreRatio value='0.565854'/>
	<timeFitness value='0.219583'/>
	<unitsAverage value='47'/>
</results>
