<results>
	<result value='win'/>
	<start value='2015-05-10.01:39:58'/>
	<end value='2015-05-10.01:40:58'/>
	<frames value='41790'/>
	<gameDuration value='2611'/>

	<player>
		<unitScore value='23225'/>
		<killScore value='27650'/>
		<buildingScore value='4675'/>
		<razingScore value='21225'/>
		<mineralScore value='28434'/>
		<gasScore value='3488'/>
		<totalScore value='108697'/>
	</player>

	<enemy>
		<race value='Protoss'/>
		<unitScore value='14050'/>
		<unitScore value='14050'/>
		<killScore value='24150'/>
		<buildingScore value='7075'/>
		<razingScore value='1650'/>
		<mineralScore value='20722'/>
		<gasScore value='5736'/>
		<totalScore value='73383'/>
	</enemy>

	<scoreRatio value='1.48123'/>
	<timeFitness value='0.637361'/>
	<unitsAverage value='86'/>
</results>
