<results>
	<result value='loss'/>
	<start value='2015-05-10.01:41:56'/>
	<end value='2015-05-10.01:42:11'/>
	<frames value='18416'/>
	<gameDuration value='1151'/>

	<player>
		<unitScore value='5175'/>
		<killScore value='900'/>
		<buildingScore value='2325'/>
		<razingScore value='0'/>
		<mineralScore value='7954'/>
		<gasScore value='1072'/>
		<totalScore value='17426'/>
	</player>

	<enemy>
		<race value='Protoss'/>
		<unitScore value='4625'/>
		<unitScore value='4625'/>
		<killScore value='10450'/>
		<buildingScore value='3625'/>
		<razingScore value='6975'/>
		<mineralScore value='9234'/>
		<gasScore value='2432'/>
		<totalScore value='37341'/>
	</enemy>

	<scoreRatio value='0.466672'/>
	<timeFitness value='0.159861'/>
	<unitsAverage value='34'/>
</results>
