<results>
	<result value='loss'/>
	<start value='2015-05-06.01:31:01'/>
	<end value='2015-05-06.01:31:20'/>
	<frames value='26786'/>
	<gameDuration value='1674'/>

	<player>
		<unitScore value='5550'/>
		<killScore value='7100'/>
		<buildingScore value='2150'/>
		<razingScore value='0'/>
		<mineralScore value='14314'/>
		<gasScore value='1224'/>
		<totalScore value='30338'/>
	</player>

	<enemy>
		<race value='Zerg'/>
		<unitScore value='14150'/>
		<unitScore value='14150'/>
		<killScore value='10150'/>
		<buildingScore value='3385'/>
		<razingScore value='6450'/>
		<mineralScore value='16194'/>
		<gasScore value='5448'/>
		<totalScore value='55777'/>
	</enemy>

	<scoreRatio value='0.543916'/>
	<timeFitness value='0.2325'/>
	<unitsAverage value='38'/>
</results>
