<results>
	<result value='loss'/>
	<start value='2015-05-06.01:47:56'/>
	<end value='2015-05-06.01:48:19'/>
	<frames value='22415'/>
	<gameDuration value='1400'/>

	<player>
		<unitScore value='7325'/>
		<killScore value='1900'/>
		<buildingScore value='2750'/>
		<razingScore value='0'/>
		<mineralScore value='10634'/>
		<gasScore value='1752'/>
		<totalScore value='24361'/>
	</player>

	<enemy>
		<race value='Zerg'/>
		<unitScore value='9875'/>
		<unitScore value='9875'/>
		<killScore value='9350'/>
		<buildingScore value='2930'/>
		<razingScore value='8250'/>
		<mineralScore value='11922'/>
		<gasScore value='3584'/>
		<totalScore value='45911'/>
	</enemy>

	<scoreRatio value='0.530614'/>
	<timeFitness value='0.194444'/>
	<unitsAverage value='53'/>
</results>
