<results>
	<result value='win'/>
	<start value='2015-05-06.01:52:06'/>
	<end value='2015-05-06.01:52:28'/>
	<frames value='24616'/>
	<gameDuration value='1538'/>

	<player>
		<unitScore value='12975'/>
		<killScore value='18730'/>
		<buildingScore value='2900'/>
		<razingScore value='5460'/>
		<mineralScore value='16318'/>
		<gasScore value='1696'/>
		<totalScore value='58079'/>
	</player>

	<enemy>
		<race value='Zerg'/>
		<unitScore value='8600'/>
		<unitScore value='8600'/>
		<killScore value='12300'/>
		<buildingScore value='1820'/>
		<razingScore value='0'/>
		<mineralScore value='9090'/>
		<gasScore value='2872'/>
		<totalScore value='34682'/>
	</enemy>

	<scoreRatio value='1.67462'/>
	<timeFitness value='0.786389'/>
	<unitsAverage value='67'/>
</results>
