<results>
	<result value='draw'/>
	<start value='2015-05-10.02:22:41'/>
	<end value='2015-05-10.02:23:23'/>
	<frames value='57601'/>
	<gameDuration value='3600'/>

	<player>
		<unitScore value='15750'/>
		<killScore value='17450'/>
		<buildingScore value='1875'/>
		<razingScore value='1200'/>
		<mineralScore value='23898'/>
		<gasScore value='856'/>
		<totalScore value='61029'/>
	</player>

	<enemy>
		<race value='Terran'/>
		<unitScore value='13550'/>
		<unitScore value='13550'/>
		<killScore value='24600'/>
		<buildingScore value='2700'/>
		<razingScore value='600'/>
		<mineralScore value='12050'/>
		<gasScore value='6484'/>
		<totalScore value='59984'/>
	</enemy>

	<scoreRatio value='1.01742'/>
	<timeFitness value='0.5'/>
	<unitsAverage value='69'/>
</results>
