<results>
	<result value='loss'/>
	<start value='2015-05-10.02:24:02'/>
	<end value='2015-05-10.02:24:11'/>
	<frames value='17238'/>
	<gameDuration value='1077'/>

	<player>
		<unitScore value='3475'/>
		<killScore value='1200'/>
		<buildingScore value='1650'/>
		<razingScore value='0'/>
		<mineralScore value='5562'/>
		<gasScore value='752'/>
		<totalScore value='12639'/>
	</player>

	<enemy>
		<race value='Terran'/>
		<unitScore value='6050'/>
		<unitScore value='6050'/>
		<killScore value='5350'/>
		<buildingScore value='1950'/>
		<razingScore value='4950'/>
		<mineralScore value='8066'/>
		<gasScore value='2496'/>
		<totalScore value='28862'/>
	</enemy>

	<scoreRatio value='0.437911'/>
	<timeFitness value='0.149583'/>
	<unitsAverage value='30'/>
</results>
