<results>
	<result value='loss'/>
	<start value='2015-05-10.02:29:30'/>
	<end value='2015-05-10.02:29:42'/>
	<frames value='19780'/>
	<gameDuration value='1236'/>

	<player>
		<unitScore value='5100'/>
		<killScore value='6050'/>
		<buildingScore value='1700'/>
		<razingScore value='750'/>
		<mineralScore value='6490'/>
		<gasScore value='944'/>
		<totalScore value='21034'/>
	</player>

	<enemy>
		<race value='Terran'/>
		<unitScore value='5575'/>
		<unitScore value='5575'/>
		<killScore value='8850'/>
		<buildingScore value='2300'/>
		<razingScore value='5100'/>
		<mineralScore value='9074'/>
		<gasScore value='2776'/>
		<totalScore value='33675'/>
	</enemy>

	<scoreRatio value='0.624618'/>
	<timeFitness value='0.171667'/>
	<unitsAverage value='29'/>
</results>
