<results>
	<result value='loss'/>
	<start value='2015-04-26.15:40:39'/>
	<end value='2015-04-26.15:40:50'/>
	<frames value='19997'/>
	<gameDuration value='1249'/>

	<player>
		<unitScore value='4300'/>
		<killScore value='4500'/>
		<buildingScore value='1900'/>
		<razingScore value='0'/>
		<mineralScore value='6122'/>
		<gasScore value='744'/>
		<totalScore value='17566'/>
	</player>

	<enemy>
		<race value='Terran'/>
		<unitScore value='7700'/>
		<unitScore value='7700'/>
		<killScore value='8600'/>
		<buildingScore value='2800'/>
		<razingScore value='5700'/>
		<mineralScore value='9346'/>
		<gasScore value='3312'/>
		<totalScore value='37458'/>
	</enemy>

	<scoreRatio value='0.468952'/>
</results>
