<results>
	<result value='loss'/>
	<start value='2015-04-26.03:03:29'/>
	<end value='2015-04-26.03:04:11'/>
	<frames value='53260'/>
	<gameDuration value='3328'/>

	<player>
		<unitScore value='14600'/>
		<killScore value='16550'/>
		<buildingScore value='4100'/>
		<razingScore value='0'/>
		<mineralScore value='34318'/>
		<gasScore value='4744'/>
		<totalScore value='74312'/>
	</player>

	<enemy>
		<race value='Terran'/>
		<unitScore value='25225'/>
		<unitScore value='25225'/>
		<killScore value='29200'/>
		<buildingScore value='4025'/>
		<razingScore value='12300'/>
		<mineralScore value='19550'/>
		<gasScore value='11910'/>
		<totalScore value='102210'/>
	</enemy>

	<scoreRatio value='0.727052'/>
</results>
