<results>
	<result value='win'/>
	<start value='2015-04-26.03:08:46'/>
	<end value='2015-04-26.03:09:03'/>
	<frames value='24647'/>
	<gameDuration value='1540'/>

	<player>
		<unitScore value='10050'/>
		<killScore value='19050'/>
		<buildingScore value='3375'/>
		<razingScore value='9075'/>
		<mineralScore value='14998'/>
		<gasScore value='2624'/>
		<totalScore value='59172'/>
	</player>

	<enemy>
		<race value='Terran'/>
		<unitScore value='10725'/>
		<unitScore value='10725'/>
		<killScore value='7600'/>
		<buildingScore value='3025'/>
		<razingScore value='1650'/>
		<mineralScore value='11154'/>
		<gasScore value='4272'/>
		<totalScore value='38426'/>
	</enemy>

	<scoreRatio value='1.53989'/>
</results>
