<results>
	<result value='win'/>
	<start value='2015-04-26.03:11:49'/>
	<end value='2015-04-26.03:12:17'/>
	<frames value='26042'/>
	<gameDuration value='1627'/>

	<player>
		<unitScore value='15150'/>
		<killScore value='24750'/>
		<buildingScore value='3625'/>
		<razingScore value='8400'/>
		<mineralScore value='28554'/>
		<gasScore value='2976'/>
		<totalScore value='83455'/>
	</player>

	<enemy>
		<race value='Terran'/>
		<unitScore value='12375'/>
		<unitScore value='12375'/>
		<killScore value='9800'/>
		<buildingScore value='2800'/>
		<razingScore value='0'/>
		<mineralScore value='11550'/>
		<gasScore value='3640'/>
		<totalScore value='40165'/>
	</enemy>

	<scoreRatio value='2.0778'/>
</results>
