<results>
	<result value='win'/>
	<start value='2015-04-26.03:21:20'/>
	<end value='2015-04-26.03:21:33'/>
	<frames value='18881'/>
	<gameDuration value='1180'/>

	<player>
		<unitScore value='7250'/>
		<killScore value='11100'/>
		<buildingScore value='2525'/>
		<razingScore value='4350'/>
		<mineralScore value='13034'/>
		<gasScore value='1696'/>
		<totalScore value='39955'/>
	</player>

	<enemy>
		<race value='Terran'/>
		<unitScore value='5550'/>
		<unitScore value='5550'/>
		<killScore value='3100'/>
		<buildingScore value='1450'/>
		<razingScore value='150'/>
		<mineralScore value='7930'/>
		<gasScore value='1936'/>
		<totalScore value='20116'/>
	</enemy>

	<scoreRatio value='1.98623'/>
</results>
