<results>
	<result value='win'/>
	<start value='2015-04-26.03:26:35'/>
	<end value='2015-04-26.03:27:25'/>
	<frames value='40488'/>
	<gameDuration value='2530'/>

	<player>
		<unitScore value='25925'/>
		<killScore value='38600'/>
		<buildingScore value='4800'/>
		<razingScore value='12825'/>
		<mineralScore value='38010'/>
		<gasScore value='3688'/>
		<totalScore value='123848'/>
	</player>

	<enemy>
		<race value='Terran'/>
		<unitScore value='23300'/>
		<unitScore value='23300'/>
		<killScore value='29000'/>
		<buildingScore value='4275'/>
		<razingScore value='3525'/>
		<mineralScore value='19398'/>
		<gasScore value='9856'/>
		<totalScore value='89354'/>
	</enemy>

	<scoreRatio value='1.38604'/>
</results>
