<results>
	<result value='win'/>
	<start value='2015-04-26.03:32:50'/>
	<end value='2015-04-26.03:33:12'/>
	<frames value='25236'/>
	<gameDuration value='1577'/>

	<player>
		<unitScore value='12275'/>
		<killScore value='21500'/>
		<buildingScore value='3775'/>
		<razingScore value='8775'/>
		<mineralScore value='20302'/>
		<gasScore value='2568'/>
		<totalScore value='69195'/>
	</player>

	<enemy>
		<race value='Terran'/>
		<unitScore value='11050'/>
		<unitScore value='11050'/>
		<killScore value='7400'/>
		<buildingScore value='2925'/>
		<razingScore value='1350'/>
		<mineralScore value='10522'/>
		<gasScore value='4128'/>
		<totalScore value='37375'/>
	</enemy>

	<scoreRatio value='1.85137'/>
</results>
