<results>
	<result value='win'/>
	<start value='2015-04-26.03:35:30'/>
	<end value='2015-04-26.03:35:46'/>
	<frames value='23128'/>
	<gameDuration value='1445'/>

	<player>
		<unitScore value='9350'/>
		<killScore value='18650'/>
		<buildingScore value='3425'/>
		<razingScore value='8025'/>
		<mineralScore value='15942'/>
		<gasScore value='2144'/>
		<totalScore value='57536'/>
	</player>

	<enemy>
		<race value='Terran'/>
		<unitScore value='9325'/>
		<unitScore value='9325'/>
		<killScore value='6050'/>
		<buildingScore value='2675'/>
		<razingScore value='1200'/>
		<mineralScore value='9402'/>
		<gasScore value='3384'/>
		<totalScore value='32036'/>
	</enemy>

	<scoreRatio value='1.79598'/>
</results>
