<results>
	<result value='win'/>
	<start value='2015-04-26.03:35:11'/>
	<end value='2015-04-26.03:35:26'/>
	<frames value='21299'/>
	<gameDuration value='1331'/>

	<player>
		<unitScore value='8375'/>
		<killScore value='11600'/>
		<buildingScore value='2625'/>
		<razingScore value='6600'/>
		<mineralScore value='12466'/>
		<gasScore value='1224'/>
		<totalScore value='42890'/>
	</player>

	<enemy>
		<race value='Terran'/>
		<unitScore value='5800'/>
		<unitScore value='5800'/>
		<killScore value='6000'/>
		<buildingScore value='2200'/>
		<razingScore value='750'/>
		<mineralScore value='8010'/>
		<gasScore value='2584'/>
		<totalScore value='25344'/>
	</enemy>

	<scoreRatio value='1.69231'/>
</results>
