<results>
	<result value='win'/>
	<start value='2015-04-26.03:39:40'/>
	<end value='2015-04-26.03:39:55'/>
	<frames value='20710'/>
	<gameDuration value='1294'/>

	<player>
		<unitScore value='9250'/>
		<killScore value='12050'/>
		<buildingScore value='3075'/>
		<razingScore value='4500'/>
		<mineralScore value='14974'/>
		<gasScore value='1792'/>
		<totalScore value='45641'/>
	</player>

	<enemy>
		<race value='Terran'/>
		<unitScore value='6025'/>
		<unitScore value='6025'/>
		<killScore value='5200'/>
		<buildingScore value='1500'/>
		<razingScore value='1200'/>
		<mineralScore value='9066'/>
		<gasScore value='2184'/>
		<totalScore value='25175'/>
	</enemy>

	<scoreRatio value='1.81295'/>
</results>
