<results>
	<result value='loss'/>
	<start value='2015-04-26.03:42:28'/>
	<end value='2015-04-26.03:42:37'/>
	<frames value='18323'/>
	<gameDuration value='1145'/>

	<player>
		<unitScore value='3800'/>
		<killScore value='1500'/>
		<buildingScore value='2000'/>
		<razingScore value='0'/>
		<mineralScore value='6066'/>
		<gasScore value='824'/>
		<totalScore value='14190'/>
	</player>

	<enemy>
		<race value='Terran'/>
		<unitScore value='6750'/>
		<unitScore value='6750'/>
		<killScore value='7600'/>
		<buildingScore value='2850'/>
		<razingScore value='6000'/>
		<mineralScore value='8346'/>
		<gasScore value='2872'/>
		<totalScore value='34418'/>
	</enemy>

	<scoreRatio value='0.412284'/>
</results>
