<results>
	<result value='loss'/>
	<start value='2015-04-30.04:25:00'/>
	<end value='2015-04-30.04:25:11'/>
	<frames value='18385'/>
	<gameDuration value='1149'/>

	<player>
		<unitScore value='3125'/>
		<killScore value='800'/>
		<buildingScore value='1775'/>
		<razingScore value='0'/>
		<mineralScore value='5442'/>
		<gasScore value='816'/>
		<totalScore value='11958'/>
	</player>

	<enemy>
		<race value='Terran'/>
		<unitScore value='7150'/>
		<unitScore value='7150'/>
		<killScore value='6250'/>
		<buildingScore value='2800'/>
		<razingScore value='5325'/>
		<mineralScore value='8466'/>
		<gasScore value='2976'/>
		<totalScore value='32967'/>
	</enemy>

	<scoreRatio value='0.362726'/>
	<timeFitness value='0.159583'/>
	<unitsAverage value='26'/>
</results>
