<results>
	<result value='win'/>
	<start value='2015-04-25.04:48:35'/>
	<end value='2015-04-25.04:49:27'/>
	<frames value='41821'/>
	<gameDuration value='2613'/>

	<player>
		<unitScore value='21600'/>
		<killScore value='40250'/>
		<buildingScore value='5750'/>
		<razingScore value='11175'/>
		<mineralScore value='35702'/>
		<gasScore value='5856'/>
		<totalScore value='120333'/>
	</player>

	<enemy>
		<race value='Terran'/>
		<unitScore value='22700'/>
		<unitScore value='22700'/>
		<killScore value='18100'/>
		<buildingScore value='3725'/>
		<razingScore value='2775'/>
		<mineralScore value='17414'/>
		<gasScore value='8862'/>
		<totalScore value='73576'/>
	</enemy>

	<scoreRatio value='1.63549'/>
</results>
