<results>
	<result value='win'/>
	<start value='2015-04-25.04:50:17'/>
	<end value='2015-04-25.04:50:40'/>
	<frames value='28367'/>
	<gameDuration value='1772'/>

	<player>
		<unitScore value='12550'/>
		<killScore value='21750'/>
		<buildingScore value='3850'/>
		<razingScore value='7800'/>
		<mineralScore value='20794'/>
		<gasScore value='3184'/>
		<totalScore value='69928'/>
	</player>

	<enemy>
		<race value='Terran'/>
		<unitScore value='10875'/>
		<unitScore value='10875'/>
		<killScore value='8500'/>
		<buildingScore value='2600'/>
		<razingScore value='1500'/>
		<mineralScore value='11334'/>
		<gasScore value='3864'/>
		<totalScore value='38673'/>
	</enemy>

	<scoreRatio value='1.80819'/>
</results>
