<results>
	<result value='loss'/>
	<start value='2015-04-25.04:56:05'/>
	<end value='2015-04-25.04:56:17'/>
	<frames value='20834'/>
	<gameDuration value='1302'/>

	<player>
		<unitScore value='4625'/>
		<killScore value='6900'/>
		<buildingScore value='2125'/>
		<razingScore value='900'/>
		<mineralScore value='6962'/>
		<gasScore value='920'/>
		<totalScore value='22432'/>
	</player>

	<enemy>
		<race value='Terran'/>
		<unitScore value='6950'/>
		<unitScore value='6950'/>
		<killScore value='7800'/>
		<buildingScore value='2450'/>
		<razingScore value='6375'/>
		<mineralScore value='9274'/>
		<gasScore value='3368'/>
		<totalScore value='36217'/>
	</enemy>

	<scoreRatio value='0.619378'/>
</results>
