<results>
	<result value='win'/>
	<start value='2015-05-11.09:13:01'/>
	<end value='2015-05-11.09:13:42'/>
	<frames value='27840'/>
	<gameDuration value='1740'/>

	<player>
		<unitScore value='18375'/>
		<killScore value='26520'/>
		<buildingScore value='3875'/>
		<razingScore value='6675'/>
		<mineralScore value='23854'/>
		<gasScore value='2416'/>
		<totalScore value='81715'/>
	</player>

	<enemy>
		<race value='Zerg'/>
		<unitScore value='12375'/>
		<unitScore value='12375'/>
		<killScore value='17100'/>
		<buildingScore value='2225'/>
		<razingScore value='0'/>
		<mineralScore value='12130'/>
		<gasScore value='3752'/>
		<totalScore value='47582'/>
	</enemy>

	<scoreRatio value='1.71735'/>
	<timeFitness value='0.758333'/>
	<unitsAverage value='90'/>
</results>
