<results>
	<result value='win'/>
	<start value='2015-05-11.09:25:42'/>
	<end value='2015-05-11.09:26:29'/>
	<frames value='27468'/>
	<gameDuration value='1716'/>

	<player>
		<unitScore value='20325'/>
		<killScore value='17220'/>
		<buildingScore value='5050'/>
		<razingScore value='4560'/>
		<mineralScore value='28586'/>
		<gasScore value='2008'/>
		<totalScore value='77749'/>
	</player>

	<enemy>
		<race value='Zerg'/>
		<unitScore value='8350'/>
		<unitScore value='8350'/>
		<killScore value='20250'/>
		<buildingScore value='1520'/>
		<razingScore value='0'/>
		<mineralScore value='8394'/>
		<gasScore value='2592'/>
		<totalScore value='41106'/>
	</enemy>

	<scoreRatio value='1.89143'/>
	<timeFitness value='0.761667'/>
	<unitsAverage value='104'/>
</results>
