<results>
	<result value='loss'/>
	<start value='2015-04-30.21:24:51'/>
	<end value='2015-04-30.21:26:16'/>
	<frames value='52826'/>
	<gameDuration value='3301'/>

	<player>
		<unitScore value='29700'/>
		<killScore value='37100'/>
		<buildingScore value='3125'/>
		<razingScore value='1500'/>
		<mineralScore value='31538'/>
		<gasScore value='7352'/>
		<totalScore value='110315'/>
	</player>

	<enemy>
		<race value='Protoss'/>
		<unitScore value='33225'/>
		<unitScore value='33225'/>
		<killScore value='59500'/>
		<buildingScore value='6700'/>
		<razingScore value='9375'/>
		<mineralScore value='31478'/>
		<gasScore value='9936'/>
		<totalScore value='150214'/>
	</enemy>

	<scoreRatio value='0.734386'/>
</results>
