<results>
	<result value='win'/>
	<start value='2015-05-03.03:02:17'/>
	<end value='2015-05-03.03:02:45'/>
	<frames value='25329'/>
	<gameDuration value='1583'/>

	<player>
		<unitScore value='15100'/>
		<killScore value='23940'/>
		<buildingScore value='3675'/>
		<razingScore value='6015'/>
		<mineralScore value='22270'/>
		<gasScore value='1680'/>
		<totalScore value='72680'/>
	</player>

	<enemy>
		<race value='Zerg'/>
		<unitScore value='10900'/>
		<unitScore value='10900'/>
		<killScore value='12100'/>
		<buildingScore value='2005'/>
		<razingScore value='0'/>
		<mineralScore value='10962'/>
		<gasScore value='3712'/>
		<totalScore value='39679'/>
	</enemy>

	<scoreRatio value='1.8317'/>
	<timeFitness value='0.780139'/>
	<unitsAverage value='85'/>
</results>
