<results>
	<result value='win'/>
	<start value='2014-07-24.03:45:40'/>
	<end value='2014-07-24.03:46:04'/>
	<frames value='30971'/>
	<gameDuration value='1935'/>

	<player>
		<unitScore value='15350'/>
		<killScore value='25600'/>
		<buildingScore value='3900'/>
		<razingScore value='7350'/>
		<mineralScore value='22410'/>
		<gasScore value='2952'/>
		<totalScore value='77562'/>
	</player>

	<enemy>
		<race value='Terran'/>
		<unitScore value='13200'/>
		<unitScore value='13200'/>
		<killScore value='9950'/>
		<buildingScore value='2550'/>
		<razingScore value='1725'/>
		<mineralScore value='12050'/>
		<gasScore value='4760'/>
		<totalScore value='44235'/>
	</enemy>

	<scoreRatio value='1.75341'/>
</results>
