<results>
	<result value='loss'/>
	<start value='2015-04-08.21:37:23'/>
	<end value='2015-04-08.21:37:28'/>
	<frames value='11813'/>
	<gameDuration value='738'/>

	<player>
		<unitScore value='950'/>
		<killScore value='200'/>
		<buildingScore value='1325'/>
		<razingScore value='0'/>
		<mineralScore value='2250'/>
		<gasScore value='552'/>
		<totalScore value='5277'/>
	</player>

	<enemy>
		<race value='Protoss'/>
		<unitScore value='3250'/>
		<unitScore value='3250'/>
		<killScore value='1900'/>
		<buildingScore value='1575'/>
		<razingScore value='3975'/>
		<mineralScore value='5906'/>
		<gasScore value='1040'/>
		<totalScore value='17646'/>
	</enemy>

	<scoreRatio value='0.299048'/>
</results>
