<results>
	<result value='draw'/>
	<start value='2015-07-18.09:40:00'/>
	<end value='2015-07-18.09:42:18'/>
	<frames value='57601'/>
	<gameDuration value='3600'/>

	<player>
		<unitScore value='41150'/>
		<killScore value='34700'/>
		<buildingScore value='3375'/>
		<razingScore value='3150'/>
		<mineralScore value='31558'/>
		<gasScore value='7222'/>
		<totalScore value='121155'/>
	</player>

	<enemy>
		<race value='Protoss'/>
		<unitScore value='36150'/>
		<killScore value='64950'/>
		<buildingScore value='8225'/>
		<razingScore value='2850'/>
		<mineralScore value='31542'/>
		<gasScore value='13208'/>
		<totalScore value='156925'/>
	</enemy>

	<scoreRatio value='0.772057'/>
	<timeFitness value='0.5'/>
	<unitsAverage value='133'/>
</results>
