<results>
	<result value='loss'/>
	<start value='2015-05-03.13:32:22'/>
	<end value='2015-05-03.13:32:30'/>
	<frames value='15719'/>
	<gameDuration value='982'/>

	<player>
		<unitScore value='3550'/>
		<killScore value='1400'/>
		<buildingScore value='1350'/>
		<razingScore value='0'/>
		<mineralScore value='4890'/>
		<gasScore value='0'/>
		<totalScore value='11190'/>
	</player>

	<enemy>
		<race value='Protoss'/>
		<unitScore value='3600'/>
		<unitScore value='3600'/>
		<killScore value='7100'/>
		<buildingScore value='3525'/>
		<razingScore value='4050'/>
		<mineralScore value='8242'/>
		<gasScore value='1624'/>
		<totalScore value='28141'/>
	</enemy>

	<scoreRatio value='0.39764'/>
	<timeFitness value='0.136389'/>
	<unitsAverage value='24'/>
</results>
