<results>
	<result value='loss'/>
	<start value='2015-05-09.18:32:35'/>
	<end value='2015-05-09.18:32:42'/>
	<frames value='13518'/>
	<gameDuration value='844'/>

	<player>
		<unitScore value='2650'/>
		<killScore value='800'/>
		<buildingScore value='1050'/>
		<razingScore value='0'/>
		<mineralScore value='3690'/>
		<gasScore value='800'/>
		<totalScore value='8990'/>
	</player>

	<enemy>
		<race value='Protoss'/>
		<unitScore value='3550'/>
		<unitScore value='3550'/>
		<killScore value='5200'/>
		<buildingScore value='2375'/>
		<razingScore value='3150'/>
		<mineralScore value='6842'/>
		<gasScore value='1176'/>
		<totalScore value='22293'/>
	</enemy>

	<scoreRatio value='0.403266'/>
	<timeFitness value='0.117222'/>
	<unitsAverage value='20'/>
</results>
