<results>
	<result value='draw'/>
	<start value='2015-07-18.03:44:11'/>
	<end value='2015-07-18.03:46:27'/>
	<frames value='57601'/>
	<gameDuration value='3600'/>

	<player>
		<unitScore value='22900'/>
		<killScore value='7800'/>
		<buildingScore value='3325'/>
		<razingScore value='150'/>
		<mineralScore value='31510'/>
		<gasScore value='10488'/>
		<totalScore value='76173'/>
	</player>

	<enemy>
		<race value='Protoss'/>
		<unitScore value='31710'/>
		<killScore value='12200'/>
		<buildingScore value='6525'/>
		<razingScore value='450'/>
		<mineralScore value='31550'/>
		<gasScore value='12148'/>
		<totalScore value='94583'/>
	</enemy>

	<scoreRatio value='0.805356'/>
	<timeFitness value='0.5'/>
	<unitsAverage value='157'/>
</results>
