<results>
	<result value='loss'/>
	<start value='2015-07-18.03:57:12'/>
	<end value='2015-07-18.03:57:29'/>
	<frames value='24027'/>
	<gameDuration value='1501'/>

	<player>
		<unitScore value='6325'/>
		<killScore value='1200'/>
		<buildingScore value='2925'/>
		<razingScore value='0'/>
		<mineralScore value='9162'/>
		<gasScore value='1376'/>
		<totalScore value='20988'/>
	</player>

	<enemy>
		<race value='Protoss'/>
		<unitScore value='9300'/>
		<killScore value='12050'/>
		<buildingScore value='6225'/>
		<razingScore value='8775'/>
		<mineralScore value='14874'/>
		<gasScore value='5080'/>
		<totalScore value='56304'/>
	</enemy>

	<scoreRatio value='0.372762'/>
	<timeFitness value='0.208472'/>
	<unitsAverage value='29'/>
</results>
