<results>
	<result value='win'/>
	<start value='2015-04-27.13:15:41'/>
	<end value='2015-04-27.13:16:08'/>
	<frames value='26197'/>
	<gameDuration value='1637'/>

	<player>
		<unitScore value='15475'/>
		<killScore value='18450'/>
		<buildingScore value='4350'/>
		<razingScore value='6675'/>
		<mineralScore value='22330'/>
		<gasScore value='3048'/>
		<totalScore value='70328'/>
	</player>

	<enemy>
		<race value='Terran'/>
		<unitScore value='9225'/>
		<unitScore value='9225'/>
		<killScore value='10800'/>
		<buildingScore value='2225'/>
		<razingScore value='300'/>
		<mineralScore value='10510'/>
		<gasScore value='2856'/>
		<totalScore value='35916'/>
	</enemy>

	<scoreRatio value='1.95812'/>
</results>
