<results>
	<result value='win'/>
	<start value='2015-04-27.13:23:14'/>
	<end value='2015-04-27.13:23:50'/>
	<frames value='39062'/>
	<gameDuration value='2441'/>

	<player>
		<unitScore value='20825'/>
		<killScore value='31700'/>
		<buildingScore value='4475'/>
		<razingScore value='13725'/>
		<mineralScore value='27778'/>
		<gasScore value='3000'/>
		<totalScore value='101503'/>
	</player>

	<enemy>
		<race value='Terran'/>
		<unitScore value='19475'/>
		<unitScore value='19475'/>
		<killScore value='22450'/>
		<buildingScore value='4575'/>
		<razingScore value='1425'/>
		<mineralScore value='16494'/>
		<gasScore value='8288'/>
		<totalScore value='72707'/>
	</enemy>

	<scoreRatio value='1.39606'/>
</results>
