<results>
	<result value='loss'/>
	<start value='2015-04-27.13:33:26'/>
	<end value='2015-04-27.13:33:34'/>
	<frames value='17362'/>
	<gameDuration value='1085'/>

	<player>
		<unitScore value='2300'/>
		<killScore value='1250'/>
		<buildingScore value='875'/>
		<razingScore value='0'/>
		<mineralScore value='3074'/>
		<gasScore value='832'/>
		<totalScore value='8331'/>
	</player>

	<enemy>
		<race value='Terran'/>
		<unitScore value='5825'/>
		<unitScore value='5825'/>
		<killScore value='4600'/>
		<buildingScore value='2175'/>
		<razingScore value='2625'/>
		<mineralScore value='8122'/>
		<gasScore value='2536'/>
		<totalScore value='25883'/>
	</enemy>

	<scoreRatio value='0.321871'/>
</results>
