<results>
	<result value='loss'/>
	<start value='2015-04-27.13:34:02'/>
	<end value='2015-04-27.13:34:09'/>
	<frames value='15223'/>
	<gameDuration value='951'/>

	<player>
		<unitScore value='1750'/>
		<killScore value='400'/>
		<buildingScore value='1200'/>
		<razingScore value='0'/>
		<mineralScore value='3090'/>
		<gasScore value='480'/>
		<totalScore value='6920'/>
	</player>

	<enemy>
		<race value='Terran'/>
		<unitScore value='4900'/>
		<unitScore value='4900'/>
		<killScore value='3500'/>
		<buildingScore value='1450'/>
		<razingScore value='3600'/>
		<mineralScore value='6794'/>
		<gasScore value='2248'/>
		<totalScore value='22492'/>
	</enemy>

	<scoreRatio value='0.307665'/>
</results>
