<results>
	<result value='win'/>
	<start value='2015-04-27.13:35:35'/>
	<end value='2015-04-27.13:35:52'/>
	<frames value='24864'/>
	<gameDuration value='1554'/>

	<player>
		<unitScore value='9025'/>
		<killScore value='18950'/>
		<buildingScore value='3200'/>
		<razingScore value='8850'/>
		<mineralScore value='13690'/>
		<gasScore value='1568'/>
		<totalScore value='55283'/>
	</player>

	<enemy>
		<race value='Terran'/>
		<unitScore value='9875'/>
		<unitScore value='9875'/>
		<killScore value='6550'/>
		<buildingScore value='2950'/>
		<razingScore value='2625'/>
		<mineralScore value='10234'/>
		<gasScore value='3816'/>
		<totalScore value='36050'/>
	</enemy>

	<scoreRatio value='1.53351'/>
</results>
