<results>
	<result value='loss'/>
	<start value='2015-04-27.13:44:53'/>
	<end value='2015-04-27.13:45:03'/>
	<frames value='19718'/>
	<gameDuration value='1232'/>

	<player>
		<unitScore value='4525'/>
		<killScore value='3150'/>
		<buildingScore value='1925'/>
		<razingScore value='0'/>
		<mineralScore value='6370'/>
		<gasScore value='904'/>
		<totalScore value='16874'/>
	</player>

	<enemy>
		<race value='Terran'/>
		<unitScore value='7875'/>
		<unitScore value='7875'/>
		<killScore value='9050'/>
		<buildingScore value='2850'/>
		<razingScore value='5775'/>
		<mineralScore value='9242'/>
		<gasScore value='3528'/>
		<totalScore value='38320'/>
	</enemy>

	<scoreRatio value='0.440344'/>
</results>
