<results>
	<result value='win'/>
	<start value='2015-04-27.13:52:34'/>
	<end value='2015-04-27.13:53:00'/>
	<frames value='32397'/>
	<gameDuration value='2024'/>

	<player>
		<unitScore value='14400'/>
		<killScore value='30350'/>
		<buildingScore value='4025'/>
		<razingScore value='10800'/>
		<mineralScore value='19274'/>
		<gasScore value='2824'/>
		<totalScore value='81673'/>
	</player>

	<enemy>
		<race value='Terran'/>
		<unitScore value='16775'/>
		<unitScore value='16775'/>
		<killScore value='12000'/>
		<buildingScore value='3600'/>
		<razingScore value='2100'/>
		<mineralScore value='14914'/>
		<gasScore value='7304'/>
		<totalScore value='56693'/>
	</enemy>

	<scoreRatio value='1.44062'/>
</results>
