<results>
	<result value='win'/>
	<start value='2015-04-27.13:53:58'/>
	<end value='2015-04-27.13:54:29'/>
	<frames value='29142'/>
	<gameDuration value='1821'/>

	<player>
		<unitScore value='15450'/>
		<killScore value='11050'/>
		<buildingScore value='5125'/>
		<razingScore value='3750'/>
		<mineralScore value='24378'/>
		<gasScore value='3136'/>
		<totalScore value='62889'/>
	</player>

	<enemy>
		<race value='Terran'/>
		<unitScore value='5525'/>
		<unitScore value='5525'/>
		<killScore value='9950'/>
		<buildingScore value='1250'/>
		<razingScore value='0'/>
		<mineralScore value='12050'/>
		<gasScore value='3480'/>
		<totalScore value='32255'/>
	</enemy>

	<scoreRatio value='1.94974'/>
</results>
