<results>
	<result value='win'/>
	<start value='2015-04-27.13:55:55'/>
	<end value='2015-04-27.13:56:09'/>
	<frames value='21020'/>
	<gameDuration value='1313'/>

	<player>
		<unitScore value='8750'/>
		<killScore value='13100'/>
		<buildingScore value='2975'/>
		<razingScore value='4650'/>
		<mineralScore value='12922'/>
		<gasScore value='1472'/>
		<totalScore value='43869'/>
	</player>

	<enemy>
		<race value='Terran'/>
		<unitScore value='6550'/>
		<unitScore value='6550'/>
		<killScore value='5950'/>
		<buildingScore value='1550'/>
		<razingScore value='1575'/>
		<mineralScore value='8706'/>
		<gasScore value='2392'/>
		<totalScore value='26723'/>
	</enemy>

	<scoreRatio value='1.64162'/>
</results>
