<results>
	<result value='win'/>
	<start value='2015-07-18.04:00:44'/>
	<end value='2015-07-18.04:02:15'/>
	<frames value='52547'/>
	<gameDuration value='3284'/>

	<player>
		<unitScore value='39150'/>
		<killScore value='27450'/>
		<buildingScore value='5700'/>
		<razingScore value='10275'/>
		<mineralScore value='36050'/>
		<gasScore value='7736'/>
		<totalScore value='126361'/>
	</player>

	<enemy>
		<race value='Terran'/>
		<unitScore value='15825'/>
		<killScore value='52600'/>
		<buildingScore value='3500'/>
		<razingScore value='6000'/>
		<mineralScore value='14138'/>
		<gasScore value='7240'/>
		<totalScore value='99303'/>
	</enemy>

	<scoreRatio value='1.27248'/>
	<timeFitness value='0.543889'/>
	<unitsAverage value='80'/>
</results>
