<results>
	<result value='draw'/>
	<start value='2015-07-18.04:06:38'/>
	<end value='2015-07-18.04:09:01'/>
	<frames value='57601'/>
	<gameDuration value='3600'/>

	<player>
		<unitScore value='45250'/>
		<killScore value='25000'/>
		<buildingScore value='3850'/>
		<razingScore value='1050'/>
		<mineralScore value='43406'/>
		<gasScore value='8714'/>
		<totalScore value='127270'/>
	</player>

	<enemy>
		<race value='Terran'/>
		<unitScore value='25375'/>
		<killScore value='79700'/>
		<buildingScore value='4475'/>
		<razingScore value='3675'/>
		<mineralScore value='19534'/>
		<gasScore value='12196'/>
		<totalScore value='144955'/>
	</enemy>

	<scoreRatio value='0.877997'/>
	<timeFitness value='0.5'/>
	<unitsAverage value='105'/>
</results>
