<results>
	<result value='loss'/>
	<start value='2015-05-09.00:11:01'/>
	<end value='2015-05-09.00:11:09'/>
	<frames value='16742'/>
	<gameDuration value='1046'/>

	<player>
		<unitScore value='3425'/>
		<killScore value='100'/>
		<buildingScore value='1425'/>
		<razingScore value='0'/>
		<mineralScore value='4674'/>
		<gasScore value='552'/>
		<totalScore value='10176'/>
	</player>

	<enemy>
		<race value='Terran'/>
		<unitScore value='5700'/>
		<unitScore value='5700'/>
		<killScore value='6850'/>
		<buildingScore value='1950'/>
		<razingScore value='4275'/>
		<mineralScore value='7642'/>
		<gasScore value='2608'/>
		<totalScore value='29025'/>
	</enemy>

	<scoreRatio value='0.350594'/>
	<timeFitness value='0.145278'/>
	<unitsAverage value='21'/>
</results>
