<results>
	<result value='loss'/>
	<start value='2015-05-04.05:56:39'/>
	<end value='2015-05-04.05:57:10'/>
	<frames value='47649'/>
	<gameDuration value='2978'/>

	<player>
		<unitScore value='23025'/>
		<killScore value='45150'/>
		<buildingScore value='2775'/>
		<razingScore value='1200'/>
		<mineralScore value='23978'/>
		<gasScore value='4384'/>
		<totalScore value='100512'/>
	</player>

	<enemy>
		<race value='Protoss'/>
		<unitScore value='41200'/>
		<unitScore value='41200'/>
		<killScore value='46050'/>
		<buildingScore value='7575'/>
		<razingScore value='8325'/>
		<mineralScore value='33942'/>
		<gasScore value='12778'/>
		<totalScore value='149870'/>
	</enemy>

	<scoreRatio value='0.670661'/>
	<timeFitness value='0.413611'/>
	<unitsAverage value='64'/>
</results>
