<results>
	<result value='win'/>
	<start value='2015-05-04.05:57:13'/>
	<end value='2015-05-04.05:58:29'/>
	<frames value='54407'/>
	<gameDuration value='3400'/>

	<player>
		<unitScore value='32275'/>
		<killScore value='43350'/>
		<buildingScore value='3850'/>
		<razingScore value='19575'/>
		<mineralScore value='34598'/>
		<gasScore value='6072'/>
		<totalScore value='139720'/>
	</player>

	<enemy>
		<race value='Protoss'/>
		<unitScore value='22250'/>
		<unitScore value='22250'/>
		<killScore value='41350'/>
		<buildingScore value='6525'/>
		<razingScore value='675'/>
		<mineralScore value='21842'/>
		<gasScore value='7558'/>
		<totalScore value='100200'/>
	</enemy>

	<scoreRatio value='1.39441'/>
	<timeFitness value='0.527778'/>
	<unitsAverage value='130'/>
</results>
