<results>
	<result value='win'/>
	<start value='2015-05-04.05:58:32'/>
	<end value='2015-05-04.05:59:28'/>
	<frames value='48176'/>
	<gameDuration value='3011'/>

	<player>
		<unitScore value='34175'/>
		<killScore value='40250'/>
		<buildingScore value='4450'/>
		<razingScore value='21825'/>
		<mineralScore value='38506'/>
		<gasScore value='3496'/>
		<totalScore value='142702'/>
	</player>

	<enemy>
		<race value='Protoss'/>
		<unitScore value='20350'/>
		<unitScore value='20350'/>
		<killScore value='44850'/>
		<buildingScore value='7275'/>
		<razingScore value='1425'/>
		<mineralScore value='22538'/>
		<gasScore value='9908'/>
		<totalScore value='106346'/>
	</enemy>

	<scoreRatio value='1.34187'/>
	<timeFitness value='0.581806'/>
	<unitsAverage value='119'/>
</results>
