<results>
	<result value='win'/>
	<start value='2015-05-04.06:02:16'/>
	<end value='2015-05-04.06:02:36'/>
	<frames value='30289'/>
	<gameDuration value='1893'/>

	<player>
		<unitScore value='13775'/>
		<killScore value='10700'/>
		<buildingScore value='3025'/>
		<razingScore value='12000'/>
		<mineralScore value='18166'/>
		<gasScore value='2640'/>
		<totalScore value='60306'/>
	</player>

	<enemy>
		<race value='Protoss'/>
		<unitScore value='5350'/>
		<unitScore value='5350'/>
		<killScore value='12850'/>
		<buildingScore value='4000'/>
		<razingScore value='0'/>
		<mineralScore value='14218'/>
		<gasScore value='1664'/>
		<totalScore value='38082'/>
	</enemy>

	<scoreRatio value='1.58358'/>
	<timeFitness value='0.737083'/>
	<unitsAverage value='65'/>
</results>
