<results>
	<result value='loss'/>
	<start value='2015-05-04.06:03:40'/>
	<end value='2015-05-04.06:03:48'/>
	<frames value='18323'/>
	<gameDuration value='1145'/>

	<player>
		<unitScore value='4400'/>
		<killScore value='1200'/>
		<buildingScore value='1875'/>
		<razingScore value='0'/>
		<mineralScore value='6754'/>
		<gasScore value='808'/>
		<totalScore value='15037'/>
	</player>

	<enemy>
		<race value='Protoss'/>
		<unitScore value='4075'/>
		<unitScore value='4075'/>
		<killScore value='8900'/>
		<buildingScore value='3825'/>
		<razingScore value='5625'/>
		<mineralScore value='9474'/>
		<gasScore value='2168'/>
		<totalScore value='34067'/>
	</enemy>

	<scoreRatio value='0.441395'/>
	<timeFitness value='0.159028'/>
	<unitsAverage value='29'/>
</results>
