<results>
	<result value='loss'/>
	<start value='2015-05-05.22:18:08'/>
	<end value='2015-05-05.22:18:42'/>
	<frames value='48579'/>
	<gameDuration value='3036'/>

	<player>
		<unitScore value='18950'/>
		<killScore value='29350'/>
		<buildingScore value='2400'/>
		<razingScore value='0'/>
		<mineralScore value='20794'/>
		<gasScore value='4032'/>
		<totalScore value='75526'/>
	</player>

	<enemy>
		<race value='Protoss'/>
		<unitScore value='37675'/>
		<unitScore value='37675'/>
		<killScore value='38000'/>
		<buildingScore value='8075'/>
		<razingScore value='7200'/>
		<mineralScore value='33810'/>
		<gasScore value='14236'/>
		<totalScore value='138996'/>
	</enemy>

	<scoreRatio value='0.543368'/>
	<timeFitness value='0.421667'/>
	<unitsAverage value='48'/>
</results>
