<results>
	<result value='win'/>
	<start value='2015-05-05.22:26:04'/>
	<end value='2015-05-05.22:26:20'/>
	<frames value='20958'/>
	<gameDuration value='1309'/>

	<player>
		<unitScore value='7925'/>
		<killScore value='8900'/>
		<buildingScore value='2700'/>
		<razingScore value='7500'/>
		<mineralScore value='12234'/>
		<gasScore value='2064'/>
		<totalScore value='41323'/>
	</player>

	<enemy>
		<race value='Protoss'/>
		<unitScore value='4450'/>
		<unitScore value='4450'/>
		<killScore value='4450'/>
		<buildingScore value='2500'/>
		<razingScore value='0'/>
		<mineralScore value='8578'/>
		<gasScore value='1624'/>
		<totalScore value='21602'/>
	</enemy>

	<scoreRatio value='1.91292'/>
	<timeFitness value='0.818194'/>
	<unitsAverage value='57'/>
</results>
