<results>
	<result value='loss'/>
	<start value='2015-05-02.14:49:08'/>
	<end value='2015-05-02.14:50:03'/>
	<frames value='56453'/>
	<gameDuration value='3528'/>

	<player>
		<unitScore value='20550'/>
		<killScore value='17300'/>
		<buildingScore value='3550'/>
		<razingScore value='1575'/>
		<mineralScore value='28130'/>
		<gasScore value='3808'/>
		<totalScore value='74913'/>
	</player>

	<enemy>
		<race value='Terran'/>
		<unitScore value='25575'/>
		<unitScore value='25575'/>
		<killScore value='39350'/>
		<buildingScore value='5250'/>
		<razingScore value='10650'/>
		<mineralScore value='30958'/>
		<gasScore value='12104'/>
		<totalScore value='123887'/>
	</enemy>

	<scoreRatio value='0.604688'/>
	<timeFitness value='0.49'/>
	<unitsAverage value='53'/>
</results>
