<results>
	<result value='draw'/>
	<start value='2015-05-02.14:50:50'/>
	<end value='2015-05-02.14:52:24'/>
	<frames value='57601'/>
	<gameDuration value='3600'/>

	<player>
		<unitScore value='28325'/>
		<killScore value='31150'/>
		<buildingScore value='4300'/>
		<razingScore value='0'/>
		<mineralScore value='32030'/>
		<gasScore value='6238'/>
		<totalScore value='102043'/>
	</player>

	<enemy>
		<race value='Terran'/>
		<unitScore value='26425'/>
		<unitScore value='26425'/>
		<killScore value='47900'/>
		<buildingScore value='3650'/>
		<razingScore value='5775'/>
		<mineralScore value='19550'/>
		<gasScore value='12138'/>
		<totalScore value='115438'/>
	</enemy>

	<scoreRatio value='0.883964'/>
	<timeFitness value='0.5'/>
	<unitsAverage value='105'/>
</results>
