<results>
	<result value='loss'/>
	<start value='2015-05-02.14:54:48'/>
	<end value='2015-05-02.14:55:10'/>
	<frames value='32955'/>
	<gameDuration value='2059'/>

	<player>
		<unitScore value='3975'/>
		<killScore value='2450'/>
		<buildingScore value='1775'/>
		<razingScore value='0'/>
		<mineralScore value='6002'/>
		<gasScore value='800'/>
		<totalScore value='15002'/>
	</player>

	<enemy>
		<race value='Terran'/>
		<unitScore value='17775'/>
		<unitScore value='17775'/>
		<killScore value='7950'/>
		<buildingScore value='4875'/>
		<razingScore value='5325'/>
		<mineralScore value='17286'/>
		<gasScore value='9826'/>
		<totalScore value='63037'/>
	</enemy>

	<scoreRatio value='0.237987'/>
	<timeFitness value='0.285972'/>
	<unitsAverage value='22'/>
</results>
