<results>
	<result value='loss'/>
	<start value='2015-05-02.14:56:20'/>
	<end value='2015-05-02.14:56:34'/>
	<frames value='20338'/>
	<gameDuration value='1271'/>

	<player>
		<unitScore value='6600'/>
		<killScore value='3500'/>
		<buildingScore value='1900'/>
		<razingScore value='0'/>
		<mineralScore value='9130'/>
		<gasScore value='0'/>
		<totalScore value='21130'/>
	</player>

	<enemy>
		<race value='Terran'/>
		<unitScore value='6725'/>
		<unitScore value='6725'/>
		<killScore value='13200'/>
		<buildingScore value='2350'/>
		<razingScore value='5700'/>
		<mineralScore value='9586'/>
		<gasScore value='3120'/>
		<totalScore value='40681'/>
	</enemy>

	<scoreRatio value='0.519407'/>
	<timeFitness value='0.176528'/>
	<unitsAverage value='35'/>
</results>
