<results>
	<result value='loss'/>
	<start value='2015-05-08.13:05:46'/>
	<end value='2015-05-08.13:05:56'/>
	<frames value='17238'/>
	<gameDuration value='1077'/>

	<player>
		<unitScore value='4900'/>
		<killScore value='1000'/>
		<buildingScore value='1500'/>
		<razingScore value='0'/>
		<mineralScore value='6714'/>
		<gasScore value='0'/>
		<totalScore value='14114'/>
	</player>

	<enemy>
		<race value='Terran'/>
		<unitScore value='6000'/>
		<unitScore value='6000'/>
		<killScore value='9800'/>
		<buildingScore value='2650'/>
		<razingScore value='4500'/>
		<mineralScore value='7946'/>
		<gasScore value='2584'/>
		<totalScore value='33480'/>
	</enemy>

	<scoreRatio value='0.421565'/>
	<timeFitness value='0.149583'/>
	<unitsAverage value='27'/>
</results>
