<results>
	<result value='loss'/>
	<start value='2015-05-08.13:06:46'/>
	<end value='2015-05-08.13:06:53'/>
	<frames value='16587'/>
	<gameDuration value='1036'/>

	<player>
		<unitScore value='2900'/>
		<killScore value='800'/>
		<buildingScore value='950'/>
		<razingScore value='0'/>
		<mineralScore value='4746'/>
		<gasScore value='112'/>
		<totalScore value='9508'/>
	</player>

	<enemy>
		<race value='Terran'/>
		<unitScore value='5300'/>
		<unitScore value='5300'/>
		<killScore value='5800'/>
		<buildingScore value='1900'/>
		<razingScore value='2850'/>
		<mineralScore value='7618'/>
		<gasScore value='2560'/>
		<totalScore value='26028'/>
	</enemy>

	<scoreRatio value='0.365299'/>
	<timeFitness value='0.143889'/>
	<unitsAverage value='18'/>
</results>
