<results>
	<result value='win'/>
	<start value='2015-05-11.21:52:38'/>
	<end value='2015-05-11.21:53:31'/>
	<frames value='46719'/>
	<gameDuration value='2919'/>

	<player>
		<unitScore value='29375'/>
		<killScore value='37550'/>
		<buildingScore value='3325'/>
		<razingScore value='26700'/>
		<mineralScore value='31106'/>
		<gasScore value='4966'/>
		<totalScore value='133022'/>
	</player>

	<enemy>
		<race value='Protoss'/>
		<unitScore value='19475'/>
		<unitScore value='19475'/>
		<killScore value='42350'/>
		<buildingScore value='8900'/>
		<razingScore value='1725'/>
		<mineralScore value='24110'/>
		<gasScore value='6432'/>
		<totalScore value='102992'/>
	</enemy>

	<scoreRatio value='1.29158'/>
	<timeFitness value='0.594583'/>
	<unitsAverage value='96'/>
</results>
