<results>
	<result value='loss'/>
	<start value='2015-05-03.03:49:19'/>
	<end value='2015-05-03.03:49:31'/>
	<frames value='27468'/>
	<gameDuration value='1716'/>

	<player>
		<unitScore value='3975'/>
		<killScore value='3000'/>
		<buildingScore value='2000'/>
		<razingScore value='0'/>
		<mineralScore value='6378'/>
		<gasScore value='664'/>
		<totalScore value='16017'/>
	</player>

	<enemy>
		<race value='Protoss'/>
		<unitScore value='12075'/>
		<unitScore value='12075'/>
		<killScore value='7950'/>
		<buildingScore value='6875'/>
		<razingScore value='6000'/>
		<mineralScore value='17126'/>
		<gasScore value='5664'/>
		<totalScore value='55690'/>
	</enemy>

	<scoreRatio value='0.28761'/>
	<timeFitness value='0.238333'/>
	<unitsAverage value='21'/>
</results>
