<results>
	<result value='win'/>
	<start value='2015-05-11.21:59:06'/>
	<end value='2015-05-11.21:59:40'/>
	<frames value='30227'/>
	<gameDuration value='1889'/>

	<player>
		<unitScore value='19425'/>
		<killScore value='24250'/>
		<buildingScore value='4225'/>
		<razingScore value='16800'/>
		<mineralScore value='27994'/>
		<gasScore value='3152'/>
		<totalScore value='95846'/>
	</player>

	<enemy>
		<race value='Protoss'/>
		<unitScore value='13050'/>
		<unitScore value='13050'/>
		<killScore value='17550'/>
		<buildingScore value='5600'/>
		<razingScore value='0'/>
		<mineralScore value='15446'/>
		<gasScore value='4760'/>
		<totalScore value='56406'/>
	</enemy>

	<scoreRatio value='1.69922'/>
	<timeFitness value='0.737639'/>
	<unitsAverage value='94'/>
</results>
