<results>
	<result value='loss'/>
	<start value='2015-05-03.03:51:26'/>
	<end value='2015-05-03.03:51:32'/>
	<frames value='15595'/>
	<gameDuration value='974'/>

	<player>
		<unitScore value='2975'/>
		<killScore value='1000'/>
		<buildingScore value='1525'/>
		<razingScore value='0'/>
		<mineralScore value='4762'/>
		<gasScore value='736'/>
		<totalScore value='10998'/>
	</player>

	<enemy>
		<race value='Protoss'/>
		<unitScore value='3550'/>
		<unitScore value='3550'/>
		<killScore value='5950'/>
		<buildingScore value='3525'/>
		<razingScore value='4575'/>
		<mineralScore value='8194'/>
		<gasScore value='1648'/>
		<totalScore value='27442'/>
	</enemy>

	<scoreRatio value='0.400773'/>
	<timeFitness value='0.135278'/>
	<unitsAverage value='24'/>
</results>
