<results>
	<result value='loss'/>
	<start value='2015-05-04.08:39:02'/>
	<end value='2015-05-04.08:39:14'/>
	<frames value='22043'/>
	<gameDuration value='1377'/>

	<player>
		<unitScore value='2950'/>
		<killScore value='5050'/>
		<buildingScore value='1825'/>
		<razingScore value='0'/>
		<mineralScore value='4850'/>
		<gasScore value='1160'/>
		<totalScore value='15835'/>
	</player>

	<enemy>
		<race value='Terran'/>
		<unitScore value='8675'/>
		<unitScore value='8675'/>
		<killScore value='5900'/>
		<buildingScore value='3300'/>
		<razingScore value='5475'/>
		<mineralScore value='10714'/>
		<gasScore value='4320'/>
		<totalScore value='38384'/>
	</enemy>

	<scoreRatio value='0.412542'/>
	<timeFitness value='0.19125'/>
	<unitsAverage value='20'/>
</results>
