<results>
	<result value='loss'/>
	<start value='2015-05-04.08:44:39'/>
	<end value='2015-05-04.08:44:47'/>
	<frames value='15440'/>
	<gameDuration value='965'/>

	<player>
		<unitScore value='1175'/>
		<killScore value='400'/>
		<buildingScore value='1475'/>
		<razingScore value='0'/>
		<mineralScore value='2610'/>
		<gasScore value='120'/>
		<totalScore value='5780'/>
	</player>

	<enemy>
		<race value='Terran'/>
		<unitScore value='5000'/>
		<unitScore value='5000'/>
		<killScore value='2350'/>
		<buildingScore value='1600'/>
		<razingScore value='4425'/>
		<mineralScore value='7066'/>
		<gasScore value='2160'/>
		<totalScore value='22601'/>
	</enemy>

	<scoreRatio value='0.255741'/>
	<timeFitness value='0.134028'/>
	<unitsAverage value='13'/>
</results>
