<results>
	<result value='draw'/>
	<start value='2015-05-04.08:49:19'/>
	<end value='2015-05-04.08:51:12'/>
	<frames value='57601'/>
	<gameDuration value='3600'/>

	<player>
		<unitScore value='36725'/>
		<killScore value='36100'/>
		<buildingScore value='4050'/>
		<razingScore value='2325'/>
		<mineralScore value='35846'/>
		<gasScore value='6744'/>
		<totalScore value='121790'/>
	</player>

	<enemy>
		<race value='Terran'/>
		<unitScore value='27600'/>
		<unitScore value='27600'/>
		<killScore value='46800'/>
		<buildingScore value='4025'/>
		<razingScore value='3675'/>
		<mineralScore value='19542'/>
		<gasScore value='12100'/>
		<totalScore value='113742'/>
	</enemy>

	<scoreRatio value='1.07076'/>
	<timeFitness value='0.5'/>
	<unitsAverage value='131'/>
</results>
