<results>
	<result value='loss'/>
	<start value='2015-05-04.08:52:08'/>
	<end value='2015-05-04.08:52:26'/>
	<frames value='31932'/>
	<gameDuration value='1995'/>

	<player>
		<unitScore value='2575'/>
		<killScore value='2650'/>
		<buildingScore value='1500'/>
		<razingScore value='0'/>
		<mineralScore value='3866'/>
		<gasScore value='624'/>
		<totalScore value='11215'/>
	</player>

	<enemy>
		<race value='Terran'/>
		<unitScore value='16450'/>
		<unitScore value='16450'/>
		<killScore value='5150'/>
		<buildingScore value='4875'/>
		<razingScore value='4500'/>
		<mineralScore value='16666'/>
		<gasScore value='9020'/>
		<totalScore value='56661'/>
	</enemy>

	<scoreRatio value='0.197932'/>
	<timeFitness value='0.277083'/>
	<unitsAverage value='14'/>
</results>
