<results>
	<result value='loss'/>
	<start value='2015-05-04.08:53:41'/>
	<end value='2015-05-04.08:53:57'/>
	<frames value='24492'/>
	<gameDuration value='1530'/>

	<player>
		<unitScore value='7150'/>
		<killScore value='6750'/>
		<buildingScore value='1750'/>
		<razingScore value='0'/>
		<mineralScore value='8506'/>
		<gasScore value='1512'/>
		<totalScore value='25668'/>
	</player>

	<enemy>
		<race value='Terran'/>
		<unitScore value='7625'/>
		<unitScore value='7625'/>
		<killScore value='14300'/>
		<buildingScore value='3150'/>
		<razingScore value='5250'/>
		<mineralScore value='11382'/>
		<gasScore value='4208'/>
		<totalScore value='45915'/>
	</enemy>

	<scoreRatio value='0.559033'/>
	<timeFitness value='0.2125'/>
	<unitsAverage value='31'/>
</results>
