<results>
	<result value='win'/>
	<start value='2015-05-04.08:55:18'/>
	<end value='2015-05-04.08:56:37'/>
	<frames value='43619'/>
	<gameDuration value='2726'/>

	<player>
		<unitScore value='19800'/>
		<killScore value='31100'/>
		<buildingScore value='4400'/>
		<razingScore value='11250'/>
		<mineralScore value='39758'/>
		<gasScore value='4920'/>
		<totalScore value='111228'/>
	</player>

	<enemy>
		<race value='Terran'/>
		<unitScore value='18725'/>
		<unitScore value='18725'/>
		<killScore value='13900'/>
		<buildingScore value='3750'/>
		<razingScore value='150'/>
		<mineralScore value='15078'/>
		<gasScore value='7570'/>
		<totalScore value='59173'/>
	</enemy>

	<scoreRatio value='1.87971'/>
	<timeFitness value='0.621389'/>
	<unitsAverage value='137'/>
</results>
