<results>
	<result value='win'/>
	<start value='2015-05-04.08:58:12'/>
	<end value='2015-05-04.08:58:46'/>
	<frames value='33513'/>
	<gameDuration value='2094'/>

	<player>
		<unitScore value='13950'/>
		<killScore value='26200'/>
		<buildingScore value='3825'/>
		<razingScore value='12075'/>
		<mineralScore value='20978'/>
		<gasScore value='3632'/>
		<totalScore value='80660'/>
	</player>

	<enemy>
		<race value='Terran'/>
		<unitScore value='14400'/>
		<unitScore value='14400'/>
		<killScore value='11800'/>
		<buildingScore value='4025'/>
		<razingScore value='3000'/>
		<mineralScore value='13446'/>
		<gasScore value='5940'/>
		<totalScore value='52611'/>
	</enemy>

	<scoreRatio value='1.53314'/>
	<timeFitness value='0.709167'/>
	<unitsAverage value='72'/>
</results>
