<results>
	<result value='loss'/>
	<start value='2015-05-04.09:00:06'/>
	<end value='2015-05-04.09:00:20'/>
	<frames value='21392'/>
	<gameDuration value='1337'/>

	<player>
		<unitScore value='4825'/>
		<killScore value='4350'/>
		<buildingScore value='1575'/>
		<razingScore value='0'/>
		<mineralScore value='6746'/>
		<gasScore value='1144'/>
		<totalScore value='18640'/>
	</player>

	<enemy>
		<race value='Terran'/>
		<unitScore value='8400'/>
		<unitScore value='8400'/>
		<killScore value='9650'/>
		<buildingScore value='3125'/>
		<razingScore value='4725'/>
		<mineralScore value='10290'/>
		<gasScore value='4208'/>
		<totalScore value='40398'/>
	</enemy>

	<scoreRatio value='0.461409'/>
	<timeFitness value='0.185694'/>
	<unitsAverage value='29'/>
</results>
