<results>
	<result value='win'/>
	<start value='2015-05-08.16:33:23'/>
	<end value='2015-05-08.16:34:04'/>
	<frames value='26569'/>
	<gameDuration value='1660'/>

	<player>
		<unitScore value='11625'/>
		<killScore value='16450'/>
		<buildingScore value='4025'/>
		<razingScore value='8250'/>
		<mineralScore value='20690'/>
		<gasScore value='2736'/>
		<totalScore value='63776'/>
	</player>

	<enemy>
		<race value='Terran'/>
		<unitScore value='8225'/>
		<unitScore value='8225'/>
		<killScore value='5200'/>
		<buildingScore value='2750'/>
		<razingScore value='1950'/>
		<mineralScore value='8714'/>
		<gasScore value='2840'/>
		<totalScore value='29679'/>
	</enemy>

	<scoreRatio value='2.14886'/>
	<timeFitness value='0.769444'/>
	<unitsAverage value='79'/>
</results>
