<results>
	<result value='win'/>
	<start value='2015-05-10.09:48:39'/>
	<end value='2015-05-10.09:49:21'/>
	<frames value='47029'/>
	<gameDuration value='2939'/>

	<player>
		<unitScore value='17700'/>
		<killScore value='27295'/>
		<buildingScore value='3400'/>
		<razingScore value='9795'/>
		<mineralScore value='40998'/>
		<gasScore value='4968'/>
		<totalScore value='104156'/>
	</player>

	<enemy>
		<race value='Zerg'/>
		<unitScore value='13775'/>
		<unitScore value='13775'/>
		<killScore value='20450'/>
		<buildingScore value='3265'/>
		<razingScore value='1725'/>
		<mineralScore value='13994'/>
		<gasScore value='6076'/>
		<totalScore value='59285'/>
	</enemy>

	<scoreRatio value='1.75687'/>
	<timeFitness value='0.591806'/>
	<unitsAverage value='92'/>
</results>
