<results>
	<result value='loss'/>
	<start value='2015-05-10.09:50:13'/>
	<end value='2015-05-10.09:50:16'/>
	<frames value='7535'/>
	<gameDuration value='470'/>

	<player>
		<unitScore value='850'/>
		<killScore value='150'/>
		<buildingScore value='625'/>
		<razingScore value='0'/>
		<mineralScore value='1146'/>
		<gasScore value='32'/>
		<totalScore value='2803'/>
	</player>

	<enemy>
		<race value='Zerg'/>
		<unitScore value='1250'/>
		<unitScore value='1250'/>
		<killScore value='1700'/>
		<buildingScore value='480'/>
		<razingScore value='1875'/>
		<mineralScore value='2042'/>
		<gasScore value='16'/>
		<totalScore value='7363'/>
	</enemy>

	<scoreRatio value='0.380687'/>
	<timeFitness value='0.0652778'/>
	<unitsAverage value='8'/>
</results>
