<results>
	<result value='loss'/>
	<start value='2015-05-10.10:17:59'/>
	<end value='2015-05-10.10:18:15'/>
	<frames value='33544'/>
	<gameDuration value='2096'/>

	<player>
		<unitScore value='4850'/>
		<killScore value='8750'/>
		<buildingScore value='2125'/>
		<razingScore value='0'/>
		<mineralScore value='6546'/>
		<gasScore value='1632'/>
		<totalScore value='23903'/>
	</player>

	<enemy>
		<race value='Zerg'/>
		<unitScore value='18825'/>
		<unitScore value='18825'/>
		<killScore value='9700'/>
		<buildingScore value='3935'/>
		<razingScore value='6375'/>
		<mineralScore value='20694'/>
		<gasScore value='6896'/>
		<totalScore value='66425'/>
	</enemy>

	<scoreRatio value='0.359849'/>
	<timeFitness value='0.291111'/>
	<unitsAverage value='24'/>
</results>
