<results>
	<result value='loss'/>
	<start value='2015-05-10.10:24:15'/>
	<end value='2015-05-10.10:24:18'/>
	<frames value='6946'/>
	<gameDuration value='434'/>

	<player>
		<unitScore value='950'/>
		<killScore value='50'/>
		<buildingScore value='650'/>
		<razingScore value='0'/>
		<mineralScore value='1378'/>
		<gasScore value='0'/>
		<totalScore value='3028'/>
	</player>

	<enemy>
		<race value='Zerg'/>
		<unitScore value='1150'/>
		<unitScore value='1150'/>
		<killScore value='1800'/>
		<buildingScore value='415'/>
		<razingScore value='1950'/>
		<mineralScore value='1770'/>
		<gasScore value='0'/>
		<totalScore value='7085'/>
	</enemy>

	<scoreRatio value='0.427382'/>
	<timeFitness value='0.0602778'/>
	<unitsAverage value='9'/>
</results>
