<results>
	<result value='loss'/>
	<start value='2015-05-10.10:24:01'/>
	<end value='2015-05-10.10:24:11'/>
	<frames value='20927'/>
	<gameDuration value='1307'/>

	<player>
		<unitScore value='3700'/>
		<killScore value='600'/>
		<buildingScore value='1950'/>
		<razingScore value='0'/>
		<mineralScore value='11538'/>
		<gasScore value='872'/>
		<totalScore value='18660'/>
	</player>

	<enemy>
		<race value='Zerg'/>
		<unitScore value='7275'/>
		<unitScore value='7275'/>
		<killScore value='7400'/>
		<buildingScore value='2035'/>
		<razingScore value='5850'/>
		<mineralScore value='8434'/>
		<gasScore value='2536'/>
		<totalScore value='33530'/>
	</enemy>

	<scoreRatio value='0.556517'/>
	<timeFitness value='0.181528'/>
	<unitsAverage value='30'/>
</results>
