<results>
	<result value='win'/>
	<start value='2015-05-05.14:21:30'/>
	<end value='2015-05-05.14:22:26'/>
	<frames value='37171'/>
	<gameDuration value='2323'/>

	<player>
		<unitScore value='35300'/>
		<killScore value='32290'/>
		<buildingScore value='4075'/>
		<razingScore value='5520'/>
		<mineralScore value='41754'/>
		<gasScore value='0'/>
		<totalScore value='118939'/>
	</player>

	<enemy>
		<race value='Zerg'/>
		<unitScore value='16300'/>
		<unitScore value='16300'/>
		<killScore value='53700'/>
		<buildingScore value='1840'/>
		<razingScore value='0'/>
		<mineralScore value='13106'/>
		<gasScore value='5046'/>
		<totalScore value='89992'/>
	</enemy>

	<scoreRatio value='1.32166'/>
	<timeFitness value='0.677361'/>
	<unitsAverage value='123'/>
</results>
