<results>
	<result value='win'/>
	<start value='2015-05-05.14:26:17'/>
	<end value='2015-05-05.14:26:59'/>
	<frames value='32800'/>
	<gameDuration value='2050'/>

	<player>
		<unitScore value='24650'/>
		<killScore value='18015'/>
		<buildingScore value='3525'/>
		<razingScore value='6360'/>
		<mineralScore value='31022'/>
		<gasScore value='0'/>
		<totalScore value='83572'/>
	</player>

	<enemy>
		<race value='Zerg'/>
		<unitScore value='8575'/>
		<unitScore value='8575'/>
		<killScore value='30900'/>
		<buildingScore value='2120'/>
		<razingScore value='0'/>
		<mineralScore value='8978'/>
		<gasScore value='2688'/>
		<totalScore value='53261'/>
	</enemy>

	<scoreRatio value='1.5691'/>
	<timeFitness value='0.715278'/>
	<unitsAverage value='106'/>
</results>
