<results>
	<result value='loss'/>
	<start value='2015-07-18.03:13:18'/>
	<end value='2015-07-18.03:13:41'/>
	<frames value='19997'/>
	<gameDuration value='1249'/>

	<player>
		<unitScore value='7275'/>
		<killScore value='500'/>
		<buildingScore value='1600'/>
		<razingScore value='0'/>
		<mineralScore value='7826'/>
		<gasScore value='1688'/>
		<totalScore value='18889'/>
	</player>

	<enemy>
		<race value='Terran'/>
		<unitScore value='6850'/>
		<killScore value='12300'/>
		<buildingScore value='2950'/>
		<razingScore value='4800'/>
		<mineralScore value='9170'/>
		<gasScore value='3400'/>
		<totalScore value='39470'/>
	</enemy>

	<scoreRatio value='0.478566'/>
	<timeFitness value='0.173472'/>
	<unitsAverage value='36'/>
</results>
