<results>
	<result value='loss'/>
	<start value='2015-07-18.03:28:34'/>
	<end value='2015-07-18.03:30:13'/>
	<frames value='47680'/>
	<gameDuration value='2980'/>

	<player>
		<unitScore value='15625'/>
		<killScore value='9750'/>
		<buildingScore value='3375'/>
		<razingScore value='0'/>
		<mineralScore value='16290'/>
		<gasScore value='2136'/>
		<totalScore value='47176'/>
	</player>

	<enemy>
		<race value='Terran'/>
		<unitScore value='28500'/>
		<killScore value='31250'/>
		<buildingScore value='6225'/>
		<razingScore value='10575'/>
		<mineralScore value='24482'/>
		<gasScore value='14778'/>
		<totalScore value='115810'/>
	</enemy>

	<scoreRatio value='0.407357'/>
	<timeFitness value='0.413889'/>
	<unitsAverage value='45'/>
</results>
