<results>
	<result value='loss'/>
	<start value='2015-07-18.07:12:19'/>
	<end value='2015-07-18.07:13:07'/>
	<frames value='34381'/>
	<gameDuration value='2148'/>

	<player>
		<unitScore value='18425'/>
		<killScore value='7100'/>
		<buildingScore value='2575'/>
		<razingScore value='1200'/>
		<mineralScore value='18362'/>
		<gasScore value='3048'/>
		<totalScore value='50710'/>
	</player>

	<enemy>
		<race value='Protoss'/>
		<unitScore value='19250'/>
		<killScore value='33450'/>
		<buildingScore value='7325'/>
		<razingScore value='7725'/>
		<mineralScore value='22342'/>
		<gasScore value='8664'/>
		<totalScore value='98756'/>
	</enemy>

	<scoreRatio value='0.513488'/>
	<timeFitness value='0.298333'/>
	<unitsAverage value='62'/>
</results>
