<results>
	<result value='loss'/>
	<start value='2015-07-18.07:15:33'/>
	<end value='2015-07-18.07:16:33'/>
	<frames value='33637'/>
	<gameDuration value='2102'/>

	<player>
		<unitScore value='20500'/>
		<killScore value='14700'/>
		<buildingScore value='3225'/>
		<razingScore value='0'/>
		<mineralScore value='21978'/>
		<gasScore value='2232'/>
		<totalScore value='62635'/>
	</player>

	<enemy>
		<race value='Protoss'/>
		<unitScore value='19350'/>
		<killScore value='34000'/>
		<buildingScore value='7450'/>
		<razingScore value='9675'/>
		<mineralScore value='25486'/>
		<gasScore value='8200'/>
		<totalScore value='104161'/>
	</enemy>

	<scoreRatio value='0.601329'/>
	<timeFitness value='0.291944'/>
	<unitsAverage value='80'/>
</results>
