<results>
	<result value='draw'/>
	<start value='2015-07-19.18:11:24'/>
	<end value='2015-07-19.18:15:43'/>
	<frames value='57601'/>
	<gameDuration value='3600'/>

	<player>
		<unitScore value='35000'/>
		<killScore value='62750'/>
		<buildingScore value='3600'/>
		<razingScore value='0'/>
		<mineralScore value='35930'/>
		<gasScore value='5542'/>
		<totalScore value='142822'/>
	</player>

	<enemy>
		<race value='Zerg'/>
		<unitScore value='36475'/>
		<killScore value='40800'/>
		<buildingScore value='3535'/>
		<razingScore value='1275'/>
		<mineralScore value='27050'/>
		<gasScore value='14888'/>
		<totalScore value='124023'/>
	</enemy>

	<scoreRatio value='1.15158'/>
	<timeFitness value='0.5'/>
	<unitsAverage value='158'/>
</results>
