<results>
	<result value='win'/>
	<start value='2015-04-27.14:11:04'/>
	<end value='2015-04-27.14:11:27'/>
	<frames value='24306'/>
	<gameDuration value='1519'/>

	<player>
		<unitScore value='9850'/>
		<killScore value='17700'/>
		<buildingScore value='3650'/>
		<razingScore value='7725'/>
		<mineralScore value='18074'/>
		<gasScore value='2480'/>
		<totalScore value='59479'/>
	</player>

	<enemy>
		<race value='Terran'/>
		<unitScore value='9250'/>
		<unitScore value='9250'/>
		<killScore value='5300'/>
		<buildingScore value='2575'/>
		<razingScore value='1350'/>
		<mineralScore value='9338'/>
		<gasScore value='3000'/>
		<totalScore value='30813'/>
	</enemy>

	<scoreRatio value='1.93032'/>
</results>
