<results>
	<result value='loss'/>
	<start value='2015-07-21.16:02:23'/>
	<end value='2015-07-21.16:02:48'/>
	<frames value='24740'/>
	<gameDuration value='1546'/>

	<player>
		<unitScore value='11250'/>
		<killScore value='7300'/>
		<buildingScore value='2725'/>
		<razingScore value='0'/>
		<mineralScore value='17034'/>
		<gasScore value='2200'/>
		<totalScore value='40509'/>
	</player>

	<enemy>
		<race value='Zerg'/>
		<unitScore value='12700'/>
		<killScore value='22150'/>
		<buildingScore value='2900'/>
		<razingScore value='8175'/>
		<mineralScore value='14530'/>
		<gasScore value='3792'/>
		<totalScore value='64247'/>
	</enemy>

	<scoreRatio value='0.63052'/>
	<timeFitness value='0.214722'/>
	<unitsAverage value='41'/>
</results>
