<results>
	<result value='loss'/>
	<start value='2015-07-21.16:14:51'/>
	<end value='2015-07-21.16:15:47'/>
	<frames value='33296'/>
	<gameDuration value='2081'/>

	<player>
		<unitScore value='22550'/>
		<killScore value='12900'/>
		<buildingScore value='4325'/>
		<razingScore value='0'/>
		<mineralScore value='22090'/>
		<gasScore value='3304'/>
		<totalScore value='65169'/>
	</player>

	<enemy>
		<race value='Zerg'/>
		<unitScore value='19500'/>
		<killScore value='37200'/>
		<buildingScore value='4135'/>
		<razingScore value='12975'/>
		<mineralScore value='20962'/>
		<gasScore value='7292'/>
		<totalScore value='102064'/>
	</enemy>

	<scoreRatio value='0.638511'/>
	<timeFitness value='0.289028'/>
	<unitsAverage value='78'/>
</results>
