<results>
	<result value='win'/>
	<start value='2015-05-08.21:41:51'/>
	<end value='2015-05-08.21:42:06'/>
	<frames value='18602'/>
	<gameDuration value='1162'/>

	<player>
		<unitScore value='6100'/>
		<killScore value='7800'/>
		<buildingScore value='2425'/>
		<razingScore value='4050'/>
		<mineralScore value='10258'/>
		<gasScore value='1792'/>
		<totalScore value='32425'/>
	</player>

	<enemy>
		<race value='Terran'/>
		<unitScore value='3900'/>
		<unitScore value='3900'/>
		<killScore value='3600'/>
		<buildingScore value='1350'/>
		<razingScore value='1875'/>
		<mineralScore value='5418'/>
		<gasScore value='1368'/>
		<totalScore value='17511'/>
	</enemy>

	<scoreRatio value='1.85169'/>
	<timeFitness value='0.838611'/>
	<unitsAverage value='46'/>
</results>
