<results>
	<result value='loss'/>
	<start value='2015-05-04.05:08:19'/>
	<end value='2015-05-04.05:09:27'/>
	<frames value='49230'/>
	<gameDuration value='3076'/>

	<player>
		<unitScore value='22400'/>
		<killScore value='26050'/>
		<buildingScore value='2550'/>
		<razingScore value='9150'/>
		<mineralScore value='23970'/>
		<gasScore value='4056'/>
		<totalScore value='88176'/>
	</player>

	<enemy>
		<race value='Protoss'/>
		<unitScore value='25575'/>
		<unitScore value='25575'/>
		<killScore value='44800'/>
		<buildingScore value='10525'/>
		<razingScore value='7875'/>
		<mineralScore value='32410'/>
		<gasScore value='9980'/>
		<totalScore value='131165'/>
	</enemy>

	<scoreRatio value='0.672253'/>
	<timeFitness value='0.427222'/>
	<unitsAverage value='74'/>
</results>
