<results>
	<result value='draw'/>
	<start value='2015-05-04.05:24:18'/>
	<end value='2015-05-04.05:25:59'/>
	<frames value='57601'/>
	<gameDuration value='3600'/>

	<player>
		<unitScore value='28500'/>
		<killScore value='58850'/>
		<buildingScore value='3075'/>
		<razingScore value='12750'/>
		<mineralScore value='31494'/>
		<gasScore value='7442'/>
		<totalScore value='142111'/>
	</player>

	<enemy>
		<race value='Protoss'/>
		<unitScore value='32350'/>
		<unitScore value='32350'/>
		<killScore value='48750'/>
		<buildingScore value='7700'/>
		<razingScore value='150'/>
		<mineralScore value='31502'/>
		<gasScore value='10416'/>
		<totalScore value='130868'/>
	</enemy>

	<scoreRatio value='1.08591'/>
	<timeFitness value='0.5'/>
	<unitsAverage value='103'/>
</results>
