<results>
	<result value='loss'/>
	<start value='2015-07-20.13:00:38'/>
	<end value='2015-07-20.13:01:10'/>
	<frames value='33017'/>
	<gameDuration value='2063'/>

	<player>
		<unitScore value='15575'/>
		<killScore value='12930'/>
		<buildingScore value='3150'/>
		<razingScore value='975'/>
		<mineralScore value='17134'/>
		<gasScore value='2016'/>
		<totalScore value='51780'/>
	</player>

	<enemy>
		<race value='Zerg'/>
		<unitScore value='17950'/>
		<killScore value='31150'/>
		<buildingScore value='4075'/>
		<razingScore value='9450'/>
		<mineralScore value='18466'/>
		<gasScore value='6152'/>
		<totalScore value='87243'/>
	</enemy>

	<scoreRatio value='0.593515'/>
	<timeFitness value='0.286528'/>
	<unitsAverage value='54'/>
</results>
