<results>
	<result value='win'/>
	<start value='2015-04-07.22:53:50'/>
	<end value='2015-04-07.22:54:17'/>
	<frames value='29483'/>
	<gameDuration value='1842'/>

	<player>
		<unitScore value='15400'/>
		<killScore value='13900'/>
		<buildingScore value='3900'/>
		<razingScore value='14325'/>
		<mineralScore value='22986'/>
		<gasScore value='2088'/>
		<totalScore value='72599'/>
	</player>

	<enemy>
		<race value='Protoss'/>
		<unitScore value='6950'/>
		<unitScore value='6950'/>
		<killScore value='10650'/>
		<buildingScore value='4775'/>
		<razingScore value='1350'/>
		<mineralScore value='13922'/>
		<gasScore value='1088'/>
		<totalScore value='38735'/>
	</enemy>

	<scoreRatio value='1.87425'/>
</results>
