<results>
	<result value='win'/>
	<start value='2015-05-08.09:17:02'/>
	<end value='2015-05-08.09:17:39'/>
	<frames value='29855'/>
	<gameDuration value='1865'/>

	<player>
		<unitScore value='20750'/>
		<killScore value='23370'/>
		<buildingScore value='3350'/>
		<razingScore value='5460'/>
		<mineralScore value='22826'/>
		<gasScore value='1488'/>
		<totalScore value='77244'/>
	</player>

	<enemy>
		<race value='Zerg'/>
		<unitScore value='10800'/>
		<unitScore value='10800'/>
		<killScore value='21700'/>
		<buildingScore value='1820'/>
		<razingScore value='0'/>
		<mineralScore value='9722'/>
		<gasScore value='2760'/>
		<totalScore value='46802'/>
	</enemy>

	<scoreRatio value='1.65044'/>
	<timeFitness value='0.740972'/>
	<unitsAverage value='89'/>
</results>
