<results>
	<result value='loss'/>
	<start value='2015-05-08.09:19:25'/>
	<end value='2015-05-08.09:21:27'/>
	<frames value='56887'/>
	<gameDuration value='3555'/>

	<player>
		<unitScore value='23850'/>
		<killScore value='55025'/>
		<buildingScore value='3975'/>
		<razingScore value='675'/>
		<mineralScore value='25658'/>
		<gasScore value='4432'/>
		<totalScore value='113615'/>
	</player>

	<enemy>
		<race value='Zerg'/>
		<unitScore value='50650'/>
		<unitScore value='50650'/>
		<killScore value='47700'/>
		<buildingScore value='4895'/>
		<razingScore value='11925'/>
		<mineralScore value='36222'/>
		<gasScore value='16748'/>
		<totalScore value='168140'/>
	</enemy>

	<scoreRatio value='0.675717'/>
	<timeFitness value='0.49375'/>
	<unitsAverage value='115'/>
</results>
