<results>
	<result value='draw'/>
	<start value='2015-05-08.09:39:42'/>
	<end value='2015-05-08.09:41:22'/>
	<frames value='57601'/>
	<gameDuration value='3600'/>

	<player>
		<unitScore value='33125'/>
		<killScore value='42710'/>
		<buildingScore value='4500'/>
		<razingScore value='6585'/>
		<mineralScore value='41750'/>
		<gasScore value='8186'/>
		<totalScore value='136856'/>
	</player>

	<enemy>
		<race value='Zerg'/>
		<unitScore value='22875'/>
		<unitScore value='22875'/>
		<killScore value='46050'/>
		<buildingScore value='3815'/>
		<razingScore value='3675'/>
		<mineralScore value='21142'/>
		<gasScore value='10524'/>
		<totalScore value='108081'/>
	</enemy>

	<scoreRatio value='1.26624'/>
	<timeFitness value='0.5'/>
	<unitsAverage value='130'/>
</results>
