<results>
	<result value='win'/>
	<start value='2015-05-08.09:48:51'/>
	<end value='2015-05-08.09:49:54'/>
	<frames value='34784'/>
	<gameDuration value='2174'/>

	<player>
		<unitScore value='23200'/>
		<killScore value='32980'/>
		<buildingScore value='3750'/>
		<razingScore value='10005'/>
		<mineralScore value='31838'/>
		<gasScore value='3496'/>
		<totalScore value='105269'/>
	</player>

	<enemy>
		<race value='Zerg'/>
		<unitScore value='15700'/>
		<unitScore value='15700'/>
		<killScore value='21750'/>
		<buildingScore value='3335'/>
		<razingScore value='150'/>
		<mineralScore value='16334'/>
		<gasScore value='5216'/>
		<totalScore value='62485'/>
	</enemy>

	<scoreRatio value='1.68471'/>
	<timeFitness value='0.698056'/>
	<unitsAverage value='126'/>
</results>
