<results>
	<result value='loss'/>
	<start value='2015-05-08.09:52:14'/>
	<end value='2015-05-08.09:52:44'/>
	<frames value='24926'/>
	<gameDuration value='1557'/>

	<player>
		<unitScore value='9275'/>
		<killScore value='3700'/>
		<buildingScore value='3250'/>
		<razingScore value='0'/>
		<mineralScore value='13086'/>
		<gasScore value='1992'/>
		<totalScore value='31303'/>
	</player>

	<enemy>
		<race value='Zerg'/>
		<unitScore value='12750'/>
		<unitScore value='12750'/>
		<killScore value='12300'/>
		<buildingScore value='3255'/>
		<razingScore value='9525'/>
		<mineralScore value='14126'/>
		<gasScore value='4984'/>
		<totalScore value='56940'/>
	</enemy>

	<scoreRatio value='0.549754'/>
	<timeFitness value='0.21625'/>
	<unitsAverage value='62'/>
</results>
