<results>
	<result value='win'/>
	<start value='2015-04-26.12:53:16'/>
	<end value='2015-04-26.12:53:32'/>
	<frames value='21857'/>
	<gameDuration value='1366'/>

	<player>
		<unitScore value='9400'/>
		<killScore value='13800'/>
		<buildingScore value='2625'/>
		<razingScore value='4275'/>
		<mineralScore value='14394'/>
		<gasScore value='1456'/>
		<totalScore value='45950'/>
	</player>

	<enemy>
		<race value='Terran'/>
		<unitScore value='6900'/>
		<unitScore value='6900'/>
		<killScore value='6950'/>
		<buildingScore value='1500'/>
		<razingScore value='0'/>
		<mineralScore value='10234'/>
		<gasScore value='2864'/>
		<totalScore value='28448'/>
	</enemy>

	<scoreRatio value='1.61523'/>
</results>
