<results>
	<result value='loss'/>
	<start value='2015-04-26.12:59:51'/>
	<end value='2015-04-26.13:00:00'/>
	<frames value='17703'/>
	<gameDuration value='1106'/>

	<player>
		<unitScore value='3475'/>
		<killScore value='1400'/>
		<buildingScore value='1625'/>
		<razingScore value='0'/>
		<mineralScore value='5434'/>
		<gasScore value='720'/>
		<totalScore value='12654'/>
	</player>

	<enemy>
		<race value='Terran'/>
		<unitScore value='6525'/>
		<unitScore value='6525'/>
		<killScore value='6950'/>
		<buildingScore value='2750'/>
		<razingScore value='4875'/>
		<mineralScore value='8074'/>
		<gasScore value='2688'/>
		<totalScore value='31862'/>
	</enemy>

	<scoreRatio value='0.39715'/>
</results>
