<results>
	<result value='loss'/>
	<start value='2015-05-02.17:06:22'/>
	<end value='2015-05-02.17:06:32'/>
	<frames value='19129'/>
	<gameDuration value='1195'/>

	<player>
		<unitScore value='5550'/>
		<killScore value='1600'/>
		<buildingScore value='1950'/>
		<razingScore value='0'/>
		<mineralScore value='8026'/>
		<gasScore value='0'/>
		<totalScore value='17126'/>
	</player>

	<enemy>
		<race value='Protoss'/>
		<unitScore value='5325'/>
		<unitScore value='5325'/>
		<killScore value='11000'/>
		<buildingScore value='4275'/>
		<razingScore value='5850'/>
		<mineralScore value='9794'/>
		<gasScore value='2520'/>
		<totalScore value='38764'/>
	</enemy>

	<scoreRatio value='0.441802'/>
	<timeFitness value='0.165972'/>
	<unitsAverage value='32'/>
</results>
