<results>
	<result value='win'/>
	<start value='2015-05-11.19:00:30'/>
	<end value='2015-05-11.19:00:54'/>
	<frames value='26073'/>
	<gameDuration value='1629'/>

	<player>
		<unitScore value='12975'/>
		<killScore value='13100'/>
		<buildingScore value='3725'/>
		<razingScore value='15075'/>
		<mineralScore value='20790'/>
		<gasScore value='2896'/>
		<totalScore value='68561'/>
	</player>

	<enemy>
		<race value='Protoss'/>
		<unitScore value='6550'/>
		<unitScore value='6550'/>
		<killScore value='9350'/>
		<buildingScore value='5025'/>
		<razingScore value='150'/>
		<mineralScore value='11818'/>
		<gasScore value='2712'/>
		<totalScore value='35605'/>
	</enemy>

	<scoreRatio value='1.9256'/>
	<timeFitness value='0.77375'/>
	<unitsAverage value='77'/>
</results>
