<results>
	<result value='loss'/>
	<start value='2015-05-11.19:07:27'/>
	<end value='2015-05-11.19:07:33'/>
	<frames value='14138'/>
	<gameDuration value='883'/>

	<player>
		<unitScore value='3450'/>
		<killScore value='200'/>
		<buildingScore value='1100'/>
		<razingScore value='0'/>
		<mineralScore value='4434'/>
		<gasScore value='328'/>
		<totalScore value='9512'/>
	</player>

	<enemy>
		<race value='Protoss'/>
		<unitScore value='3550'/>
		<unitScore value='3550'/>
		<killScore value='6900'/>
		<buildingScore value='2375'/>
		<razingScore value='3300'/>
		<mineralScore value='7210'/>
		<gasScore value='1184'/>
		<totalScore value='24519'/>
	</enemy>

	<scoreRatio value='0.387944'/>
	<timeFitness value='0.122639'/>
	<unitsAverage value='24'/>
</results>
