<results>
	<result value='loss'/>
	<start value='2015-05-11.19:07:52'/>
	<end value='2015-05-11.19:08:22'/>
	<frames value='37605'/>
	<gameDuration value='2350'/>

	<player>
		<unitScore value='11975'/>
		<killScore value='20250'/>
		<buildingScore value='2525'/>
		<razingScore value='600'/>
		<mineralScore value='22662'/>
		<gasScore value='2120'/>
		<totalScore value='60132'/>
	</player>

	<enemy>
		<race value='Protoss'/>
		<unitScore value='27200'/>
		<unitScore value='27200'/>
		<killScore value='23950'/>
		<buildingScore value='8200'/>
		<razingScore value='7575'/>
		<mineralScore value='28590'/>
		<gasScore value='9394'/>
		<totalScore value='104909'/>
	</enemy>

	<scoreRatio value='0.573182'/>
	<timeFitness value='0.326389'/>
	<unitsAverage value='57'/>
</results>
