<results>
	<result value='win'/>
	<start value='2014-07-06.04:38:42'/>
	<end value='2014-07-06.04:39:03'/>
	<frames value='22694'/>
	<gameDuration value='1418'/>

	<player>
		<unitScore value='12950'/>
		<killScore value='9500'/>
		<buildingScore value='4225'/>
		<razingScore value='11400'/>
		<mineralScore value='19726'/>
		<gasScore value='1696'/>
		<totalScore value='59497'/>
	</player>

	<enemy>
		<race value='Protoss'/>
		<unitScore value='4750'/>
		<unitScore value='4750'/>
		<killScore value='6100'/>
		<buildingScore value='3800'/>
		<razingScore value='0'/>
		<mineralScore value='11906'/>
		<gasScore value='928'/>
		<totalScore value='27484'/>
	</enemy>

	<scoreRatio value='2.16479'/>
</results>
