<results>
	<result value='loss'/>
	<start value='2014-07-06.04:43:51'/>
	<end value='2014-07-06.04:44:04'/>
	<frames value='23686'/>
	<gameDuration value='1480'/>

	<player>
		<unitScore value='4100'/>
		<killScore value='2700'/>
		<buildingScore value='2450'/>
		<razingScore value='0'/>
		<mineralScore value='6994'/>
		<gasScore value='1296'/>
		<totalScore value='17540'/>
	</player>

	<enemy>
		<race value='Protoss'/>
		<unitScore value='7550'/>
		<unitScore value='7550'/>
		<killScore value='8200'/>
		<buildingScore value='5925'/>
		<razingScore value='7350'/>
		<mineralScore value='13234'/>
		<gasScore value='4152'/>
		<totalScore value='46411'/>
	</enemy>

	<scoreRatio value='0.377928'/>
</results>
