<results>
	<result value='win'/>
	<start value='2014-07-06.04:48:44'/>
	<end value='2014-07-06.04:49:20'/>
	<frames value='31529'/>
	<gameDuration value='1970'/>

	<player>
		<unitScore value='19350'/>
		<killScore value='21950'/>
		<buildingScore value='4750'/>
		<razingScore value='14175'/>
		<mineralScore value='30430'/>
		<gasScore value='3656'/>
		<totalScore value='94311'/>
	</player>

	<enemy>
		<race value='Protoss'/>
		<unitScore value='12675'/>
		<unitScore value='12675'/>
		<killScore value='14950'/>
		<buildingScore value='4725'/>
		<razingScore value='0'/>
		<mineralScore value='12846'/>
		<gasScore value='3944'/>
		<totalScore value='49140'/>
	</enemy>

	<scoreRatio value='1.91923'/>
</results>
