<results>
	<result value='win'/>
	<start value='2014-07-01.03:19:02'/>
	<end value='2014-07-01.03:19:28'/>
	<frames value='28832'/>
	<gameDuration value='1802'/>

	<player>
		<unitScore value='14850'/>
		<killScore value='21300'/>
		<buildingScore value='3025'/>
		<razingScore value='16050'/>
		<mineralScore value='23146'/>
		<gasScore value='1952'/>
		<totalScore value='80323'/>
	</player>

	<enemy>
		<race value='Protoss'/>
		<unitScore value='11700'/>
		<unitScore value='11700'/>
		<killScore value='7700'/>
		<buildingScore value='5350'/>
		<razingScore value='0'/>
		<mineralScore value='14322'/>
		<gasScore value='5056'/>
		<totalScore value='44128'/>
	</enemy>

	<scoreRatio value='1.82023'/>
</results>
