<results>
	<result value='loss'/>
	<start value='2014-07-01.03:20:08'/>
	<end value='2014-07-01.03:20:16'/>
	<frames value='17486'/>
	<gameDuration value='1092'/>

	<player>
		<unitScore value='4050'/>
		<killScore value='1800'/>
		<buildingScore value='1650'/>
		<razingScore value='0'/>
		<mineralScore value='5786'/>
		<gasScore value='928'/>
		<totalScore value='14214'/>
	</player>

	<enemy>
		<race value='Protoss'/>
		<unitScore value='4475'/>
		<unitScore value='4475'/>
		<killScore value='8100'/>
		<buildingScore value='3425'/>
		<razingScore value='4950'/>
		<mineralScore value='9050'/>
		<gasScore value='2288'/>
		<totalScore value='32288'/>
	</enemy>

	<scoreRatio value='0.440225'/>
</results>
