<results>
	<result value='win'/>
	<start value='2015-05-08.15:29:13'/>
	<end value='2015-05-08.15:30:01'/>
	<frames value='37171'/>
	<gameDuration value='2323'/>

	<player>
		<unitScore value='18550'/>
		<killScore value='23100'/>
		<buildingScore value='4700'/>
		<razingScore value='9000'/>
		<mineralScore value='35834'/>
		<gasScore value='3768'/>
		<totalScore value='94952'/>
	</player>

	<enemy>
		<race value='Terran'/>
		<unitScore value='13950'/>
		<unitScore value='13950'/>
		<killScore value='13050'/>
		<buildingScore value='3000'/>
		<razingScore value='2475'/>
		<mineralScore value='20218'/>
		<gasScore value='5254'/>
		<totalScore value='57947'/>
	</enemy>

	<scoreRatio value='1.6386'/>
	<timeFitness value='0.677361'/>
	<unitsAverage value='114'/>
</results>
