<results>
	<result value='loss'/>
	<start value='2015-05-04.15:08:35'/>
	<end value='2015-05-04.15:08:48'/>
	<frames value='20617'/>
	<gameDuration value='1288'/>

	<player>
		<unitScore value='6150'/>
		<killScore value='2100'/>
		<buildingScore value='3075'/>
		<razingScore value='0'/>
		<mineralScore value='9722'/>
		<gasScore value='1464'/>
		<totalScore value='22511'/>
	</player>

	<enemy>
		<race value='Terran'/>
		<unitScore value='7775'/>
		<unitScore value='7775'/>
		<killScore value='12300'/>
		<buildingScore value='3225'/>
		<razingScore value='9225'/>
		<mineralScore value='9874'/>
		<gasScore value='3760'/>
		<totalScore value='46159'/>
	</enemy>

	<scoreRatio value='0.487684'/>
	<timeFitness value='0.178889'/>
	<unitsAverage value='36'/>
</results>
