<results>
	<result value='loss'/>
	<start value='2015-04-11.08:08:52'/>
	<end value='2015-04-11.08:09:30'/>
	<frames value='33730'/>
	<gameDuration value='2108'/>

	<player>
		<unitScore value='13575'/>
		<killScore value='7350'/>
		<buildingScore value='2575'/>
		<razingScore value='0'/>
		<mineralScore value='15062'/>
		<gasScore value='2480'/>
		<totalScore value='41042'/>
	</player>

	<enemy>
		<race value='Protoss'/>
		<unitScore value='20350'/>
		<unitScore value='20350'/>
		<killScore value='27150'/>
		<buildingScore value='7025'/>
		<razingScore value='7725'/>
		<mineralScore value='22718'/>
		<gasScore value='8656'/>
		<totalScore value='93624'/>
	</enemy>

	<scoreRatio value='0.43837'/>
</results>
