<results>
	<result value='win'/>
	<start value='2015-04-11.08:16:12'/>
	<end value='2015-04-11.08:17:34'/>
	<frames value='36644'/>
	<gameDuration value='2290'/>

	<player>
		<unitScore value='25325'/>
		<killScore value='32150'/>
		<buildingScore value='3775'/>
		<razingScore value='16725'/>
		<mineralScore value='36230'/>
		<gasScore value='4560'/>
		<totalScore value='118765'/>
	</player>

	<enemy>
		<race value='Protoss'/>
		<unitScore value='18400'/>
		<unitScore value='18400'/>
		<killScore value='26750'/>
		<buildingScore value='5575'/>
		<razingScore value='300'/>
		<mineralScore value='16346'/>
		<gasScore value='6504'/>
		<totalScore value='73875'/>
	</enemy>

	<scoreRatio value='1.60765'/>
</results>
