<results>
	<result value='loss'/>
	<start value='2015-04-12.19:56:17'/>
	<end value='2015-04-12.19:56:28'/>
	<frames value='26724'/>
	<gameDuration value='1670'/>

	<player>
		<unitScore value='3475'/>
		<killScore value='2400'/>
		<buildingScore value='1525'/>
		<razingScore value='300'/>
		<mineralScore value='5122'/>
		<gasScore value='928'/>
		<totalScore value='13750'/>
	</player>

	<enemy>
		<race value='Protoss'/>
		<unitScore value='11550'/>
		<unitScore value='11550'/>
		<killScore value='6950'/>
		<buildingScore value='6575'/>
		<razingScore value='4575'/>
		<mineralScore value='16062'/>
		<gasScore value='5792'/>
		<totalScore value='51504'/>
	</enemy>

	<scoreRatio value='0.26697'/>
</results>
