<results>
	<result value='win'/>
	<start value='2015-04-29.10:26:16'/>
	<end value='2015-04-29.10:27:18'/>
	<frames value='38752'/>
	<gameDuration value='2422'/>

	<player>
		<unitScore value='28625'/>
		<killScore value='45485'/>
		<buildingScore value='4925'/>
		<razingScore value='9720'/>
		<mineralScore value='35766'/>
		<gasScore value='3304'/>
		<totalScore value='127825'/>
	</player>

	<enemy>
		<race value='Zerg'/>
		<unitScore value='21050'/>
		<unitScore value='21050'/>
		<killScore value='33800'/>
		<buildingScore value='3240'/>
		<razingScore value='150'/>
		<mineralScore value='20154'/>
		<gasScore value='7192'/>
		<totalScore value='85586'/>
	</enemy>

	<scoreRatio value='1.49353'/>
</results>
