<results>
	<result value='loss'/>
	<start value='2015-04-29.10:37:37'/>
	<end value='2015-04-29.10:37:47'/>
	<frames value='18013'/>
	<gameDuration value='1125'/>

	<player>
		<unitScore value='2100'/>
		<killScore value='50'/>
		<buildingScore value='1125'/>
		<razingScore value='0'/>
		<mineralScore value='8482'/>
		<gasScore value='0'/>
		<totalScore value='11757'/>
	</player>

	<enemy>
		<race value='Zerg'/>
		<unitScore value='6925'/>
		<unitScore value='6925'/>
		<killScore value='4200'/>
		<buildingScore value='2075'/>
		<razingScore value='3375'/>
		<mineralScore value='8202'/>
		<gasScore value='2376'/>
		<totalScore value='27153'/>
	</enemy>

	<scoreRatio value='0.432991'/>
</results>
