<results>
	<result value='loss'/>
	<start value='2015-07-19.08:37:23'/>
	<end value='2015-07-19.08:38:22'/>
	<frames value='33637'/>
	<gameDuration value='2102'/>

	<player>
		<unitScore value='19700'/>
		<killScore value='15300'/>
		<buildingScore value='4225'/>
		<razingScore value='0'/>
		<mineralScore value='27762'/>
		<gasScore value='2888'/>
		<totalScore value='69875'/>
	</player>

	<enemy>
		<race value='Zerg'/>
		<unitScore value='17025'/>
		<killScore value='39400'/>
		<buildingScore value='4105'/>
		<razingScore value='12675'/>
		<mineralScore value='21138'/>
		<gasScore value='6140'/>
		<totalScore value='100483'/>
	</enemy>

	<scoreRatio value='0.695391'/>
	<timeFitness value='0.291944'/>
	<unitsAverage value='68'/>
</results>
