<results>
	<result value='loss'/>
	<start value='2015-07-19.08:42:41'/>
	<end value='2015-07-19.08:43:22'/>
	<frames value='25732'/>
	<gameDuration value='1608'/>

	<player>
		<unitScore value='12975'/>
		<killScore value='7050'/>
		<buildingScore value='3250'/>
		<razingScore value='0'/>
		<mineralScore value='20694'/>
		<gasScore value='2560'/>
		<totalScore value='46529'/>
	</player>

	<enemy>
		<race value='Zerg'/>
		<unitScore value='10925'/>
		<killScore value='23450'/>
		<buildingScore value='2995'/>
		<razingScore value='9750'/>
		<mineralScore value='14386'/>
		<gasScore value='4288'/>
		<totalScore value='65794'/>
	</enemy>

	<scoreRatio value='0.707192'/>
	<timeFitness value='0.223333'/>
	<unitsAverage value='60'/>
</results>
