<results>
	<result value='loss'/>
	<start value='2015-07-14.02:01:33'/>
	<end value='2015-07-14.02:01:41'/>
	<frames value='17238'/>
	<gameDuration value='1077'/>

	<player>
		<unitScore value='3700'/>
		<killScore value='1000'/>
		<buildingScore value='1900'/>
		<razingScore value='0'/>
		<mineralScore value='5242'/>
		<gasScore value='1088'/>
		<totalScore value='12930'/>
	</player>

	<enemy>
		<race value='Protoss'/>
		<unitScore value='4150'/>
		<killScore value='7400'/>
		<buildingScore value='3875'/>
		<razingScore value='5700'/>
		<mineralScore value='8922'/>
		<gasScore value='1856'/>
		<totalScore value='31903'/>
	</enemy>

	<scoreRatio value='0.405291'/>
	<timeFitness value='0.149583'/>
	<unitsAverage value='23'/>
</results>
