<results>
	<result value='win'/>
	<start value='2015-07-14.02:03:56'/>
	<end value='2015-07-14.02:04:28'/>
	<frames value='29514'/>
	<gameDuration value='1844'/>

	<player>
		<unitScore value='17450'/>
		<killScore value='15900'/>
		<buildingScore value='5200'/>
		<razingScore value='8925'/>
		<mineralScore value='28698'/>
		<gasScore value='2736'/>
		<totalScore value='78909'/>
	</player>

	<enemy>
		<race value='Protoss'/>
		<unitScore value='7950'/>
		<killScore value='13200'/>
		<buildingScore value='2975'/>
		<razingScore value='0'/>
		<mineralScore value='11402'/>
		<gasScore value='888'/>
		<totalScore value='36415'/>
	</enemy>

	<scoreRatio value='2.16694'/>
	<timeFitness value='0.743889'/>
	<unitsAverage value='96'/>
</results>
