<results>
	<result value='loss'/>
	<start value='2015-07-14.02:10:10'/>
	<end value='2015-07-14.02:11:25'/>
	<frames value='56422'/>
	<gameDuration value='3526'/>

	<player>
		<unitScore value='29350'/>
		<killScore value='31600'/>
		<buildingScore value='4050'/>
		<razingScore value='0'/>
		<mineralScore value='30298'/>
		<gasScore value='3592'/>
		<totalScore value='98890'/>
	</player>

	<enemy>
		<race value='Protoss'/>
		<unitScore value='33040'/>
		<killScore value='58700'/>
		<buildingScore value='7425'/>
		<razingScore value='12150'/>
		<mineralScore value='31510'/>
		<gasScore value='14804'/>
		<totalScore value='157629'/>
	</enemy>

	<scoreRatio value='0.627359'/>
	<timeFitness value='0.489722'/>
	<unitsAverage value='96'/>
</results>
