<results>
	<result value='loss'/>
	<start value='2015-07-14.02:11:35'/>
	<end value='2015-07-14.02:12:34'/>
	<frames value='49695'/>
	<gameDuration value='3105'/>

	<player>
		<unitScore value='21575'/>
		<killScore value='7800'/>
		<buildingScore value='3800'/>
		<razingScore value='0'/>
		<mineralScore value='31338'/>
		<gasScore value='4296'/>
		<totalScore value='68809'/>
	</player>

	<enemy>
		<race value='Protoss'/>
		<unitScore value='26250'/>
		<killScore value='43150'/>
		<buildingScore value='8300'/>
		<razingScore value='11400'/>
		<mineralScore value='30606'/>
		<gasScore value='11360'/>
		<totalScore value='131066'/>
	</enemy>

	<scoreRatio value='0.524995'/>
	<timeFitness value='0.43125'/>
	<unitsAverage value='99'/>
</results>
