<results>
	<result value='loss'/>
	<start value='2015-07-07.18:43:01'/>
	<end value='2015-07-07.18:43:29'/>
	<frames value='25515'/>
	<gameDuration value='1594'/>

	<player>
		<unitScore value='9750'/>
		<killScore value='4150'/>
		<buildingScore value='1950'/>
		<razingScore value='0'/>
		<mineralScore value='9514'/>
		<gasScore value='1720'/>
		<totalScore value='27084'/>
	</player>

	<enemy>
		<race value='Terran'/>
		<unitScore value='11100'/>
		<killScore value='19500'/>
		<buildingScore value='3900'/>
		<razingScore value='5850'/>
		<mineralScore value='12678'/>
		<gasScore value='5872'/>
		<totalScore value='58900'/>
	</enemy>

	<scoreRatio value='0.45983'/>
	<timeFitness value='0.221389'/>
	<unitsAverage value='32'/>
</results>
