<results>
	<result value='draw'/>
	<start value='2015-05-08.19:37:10'/>
	<end value='2015-05-08.19:37:56'/>
	<frames value='57601'/>
	<gameDuration value='3600'/>

	<player>
		<unitScore value='21200'/>
		<killScore value='43600'/>
		<buildingScore value='3975'/>
		<razingScore value='4800'/>
		<mineralScore value='31446'/>
		<gasScore value='5316'/>
		<totalScore value='110337'/>
	</player>

	<enemy>
		<race value='Terran'/>
		<unitScore value='28425'/>
		<unitScore value='28425'/>
		<killScore value='30650'/>
		<buildingScore value='4900'/>
		<razingScore value='3600'/>
		<mineralScore value='21062'/>
		<gasScore value='11618'/>
		<totalScore value='100255'/>
	</enemy>

	<scoreRatio value='1.10056'/>
	<timeFitness value='0.5'/>
	<unitsAverage value='81'/>
</results>
