<results>
	<result value='win'/>
	<start value='2015-05-04.20:01:41'/>
	<end value='2015-05-04.20:02:10'/>
	<frames value='33854'/>
	<gameDuration value='2115'/>

	<player>
		<unitScore value='16525'/>
		<killScore value='27400'/>
		<buildingScore value='4900'/>
		<razingScore value='12000'/>
		<mineralScore value='23606'/>
		<gasScore value='3192'/>
		<totalScore value='87623'/>
	</player>

	<enemy>
		<race value='Terran'/>
		<unitScore value='16050'/>
		<unitScore value='16050'/>
		<killScore value='12000'/>
		<buildingScore value='4075'/>
		<razingScore value='1800'/>
		<mineralScore value='15290'/>
		<gasScore value='7160'/>
		<totalScore value='56375'/>
	</enemy>

	<scoreRatio value='1.55429'/>
	<timeFitness value='0.70625'/>
	<unitsAverage value='82'/>
</results>
