<results>
	<result value='win'/>
	<start value='2015-05-04.20:07:19'/>
	<end value='2015-05-04.20:07:26'/>
	<frames value='13952'/>
	<gameDuration value='872'/>

	<player>
		<unitScore value='4250'/>
		<killScore value='5950'/>
		<buildingScore value='1575'/>
		<razingScore value='3600'/>
		<mineralScore value='6538'/>
		<gasScore value='1000'/>
		<totalScore value='22913'/>
	</player>

	<enemy>
		<race value='Terran'/>
		<unitScore value='2975'/>
		<unitScore value='2975'/>
		<killScore value='1450'/>
		<buildingScore value='1275'/>
		<razingScore value='0'/>
		<mineralScore value='5250'/>
		<gasScore value='1360'/>
		<totalScore value='12310'/>
	</enemy>

	<scoreRatio value='1.86133'/>
	<timeFitness value='0.878889'/>
	<unitsAverage value='39'/>
</results>
