<results>
	<result value='win'/>
	<start value='2015-05-09.11:34:10'/>
	<end value='2015-05-09.11:34:32'/>
	<frames value='26910'/>
	<gameDuration value='1681'/>

	<player>
		<unitScore value='15300'/>
		<killScore value='28100'/>
		<buildingScore value='3900'/>
		<razingScore value='7050'/>
		<mineralScore value='20434'/>
		<gasScore value='2744'/>
		<totalScore value='77528'/>
	</player>

	<enemy>
		<race value='Terran'/>
		<unitScore value='14050'/>
		<unitScore value='14050'/>
		<killScore value='10550'/>
		<buildingScore value='2350'/>
		<razingScore value='450'/>
		<mineralScore value='11818'/>
		<gasScore value='4048'/>
		<totalScore value='43266'/>
	</enemy>

	<scoreRatio value='1.79189'/>
	<timeFitness value='0.766528'/>
	<unitsAverage value='84'/>
</results>
