<results>
	<result value='loss'/>
	<start value='2015-03-29.02:19:08'/>
	<end value='2015-03-29.02:19:22'/>
	<frames value='18509'/>
	<gameDuration value='1156'/>

	<player>
		<unitScore value='4875'/>
		<killScore value='800'/>
		<buildingScore value='2425'/>
		<razingScore value='0'/>
		<mineralScore value='7666'/>
		<gasScore value='1016'/>
		<totalScore value='16782'/>
	</player>

	<enemy>
		<race value='Protoss'/>
		<unitScore value='4225'/>
		<unitScore value='4225'/>
		<killScore value='8550'/>
		<buildingScore value='3825'/>
		<razingScore value='7275'/>
		<mineralScore value='9394'/>
		<gasScore value='2600'/>
		<totalScore value='35869'/>
	</enemy>

	<scoreRatio value='0.467869'/>
</results>
