<results>
	<result value='win'/>
	<start value='2015-05-05.03:28:15'/>
	<end value='2015-05-05.03:29:46'/>
	<frames value='45231'/>
	<gameDuration value='2826'/>

	<player>
		<unitScore value='30100'/>
		<killScore value='45700'/>
		<buildingScore value='3825'/>
		<razingScore value='19125'/>
		<mineralScore value='32662'/>
		<gasScore value='3192'/>
		<totalScore value='134604'/>
	</player>

	<enemy>
		<race value='Protoss'/>
		<unitScore value='25925'/>
		<unitScore value='25925'/>
		<killScore value='36850'/>
		<buildingScore value='6375'/>
		<razingScore value='600'/>
		<mineralScore value='23542'/>
		<gasScore value='10060'/>
		<totalScore value='103352'/>
	</enemy>

	<scoreRatio value='1.30238'/>
	<timeFitness value='0.6075'/>
	<unitsAverage value='104'/>
</results>
