<results>
	<result value='win'/>
	<start value='2015-05-10.18:56:09'/>
	<end value='2015-05-10.18:57:07'/>
	<frames value='45975'/>
	<gameDuration value='2873'/>

	<player>
		<unitScore value='26075'/>
		<killScore value='41090'/>
		<buildingScore value='5175'/>
		<razingScore value='11445'/>
		<mineralScore value='39742'/>
		<gasScore value='6896'/>
		<totalScore value='130423'/>
	</player>

	<enemy>
		<race value='Zerg'/>
		<unitScore value='20175'/>
		<unitScore value='20175'/>
		<killScore value='29000'/>
		<buildingScore value='3815'/>
		<razingScore value='3825'/>
		<mineralScore value='19474'/>
		<gasScore value='6164'/>
		<totalScore value='82453'/>
	</enemy>

	<scoreRatio value='1.58179'/>
	<timeFitness value='0.600972'/>
	<unitsAverage value='112'/>
</results>
