<results>
	<result value='loss'/>
	<start value='2015-04-11.21:20:10'/>
	<end value='2015-04-11.21:20:30'/>
	<frames value='24027'/>
	<gameDuration value='1501'/>

	<player>
		<unitScore value='3675'/>
		<killScore value='4100'/>
		<buildingScore value='1650'/>
		<razingScore value='0'/>
		<mineralScore value='5450'/>
		<gasScore value='664'/>
		<totalScore value='15539'/>
	</player>

	<enemy>
		<race value='Protoss'/>
		<unitScore value='10025'/>
		<unitScore value='10025'/>
		<killScore value='7350'/>
		<buildingScore value='5325'/>
		<razingScore value='4950'/>
		<mineralScore value='14842'/>
		<gasScore value='4680'/>
		<totalScore value='47172'/>
	</enemy>

	<scoreRatio value='0.329412'/>
</results>
