<results>
	<result value='loss'/>
	<start value='2015-04-29.10:46:04'/>
	<end value='2015-04-29.10:46:28'/>
	<frames value='40705'/>
	<gameDuration value='2544'/>

	<player>
		<unitScore value='17350'/>
		<killScore value='22000'/>
		<buildingScore value='2225'/>
		<razingScore value='1650'/>
		<mineralScore value='18858'/>
		<gasScore value='2992'/>
		<totalScore value='65075'/>
	</player>

	<enemy>
		<race value='Protoss'/>
		<unitScore value='26000'/>
		<unitScore value='26000'/>
		<killScore value='34800'/>
		<buildingScore value='8275'/>
		<razingScore value='6675'/>
		<mineralScore value='29250'/>
		<gasScore value='8812'/>
		<totalScore value='113812'/>
	</enemy>

	<scoreRatio value='0.571776'/>
	<timeFitness value='0.353333'/>
	<unitsAverage value='56'/>
</results>
