<results>
	<result value='draw'/>
	<start value='2015-04-29.10:47:13'/>
	<end value='2015-04-29.10:47:55'/>
	<frames value='57601'/>
	<gameDuration value='3600'/>

	<player>
		<unitScore value='25750'/>
		<killScore value='38350'/>
		<buildingScore value='2750'/>
		<razingScore value='18750'/>
		<mineralScore value='26982'/>
		<gasScore value='5286'/>
		<totalScore value='117868'/>
	</player>

	<enemy>
		<race value='Protoss'/>
		<unitScore value='19950'/>
		<unitScore value='19950'/>
		<killScore value='42300'/>
		<buildingScore value='7825'/>
		<razingScore value='1725'/>
		<mineralScore value='25278'/>
		<gasScore value='10526'/>
		<totalScore value='107604'/>
	</enemy>

	<scoreRatio value='1.09539'/>
	<timeFitness value='0.5'/>
	<unitsAverage value='85'/>
</results>
