<results>
	<result value='win'/>
	<start value='2015-05-06.06:01:07'/>
	<end value='2015-05-06.06:01:44'/>
	<frames value='24616'/>
	<gameDuration value='1538'/>

	<player>
		<unitScore value='14200'/>
		<killScore value='20300'/>
		<buildingScore value='3150'/>
		<razingScore value='8550'/>
		<mineralScore value='18554'/>
		<gasScore value='1496'/>
		<totalScore value='66250'/>
	</player>

	<enemy>
		<race value='Terran'/>
		<unitScore value='10150'/>
		<unitScore value='10150'/>
		<killScore value='12050'/>
		<buildingScore value='2850'/>
		<razingScore value='0'/>
		<mineralScore value='9762'/>
		<gasScore value='3720'/>
		<totalScore value='38532'/>
	</enemy>

	<scoreRatio value='1.71935'/>
	<timeFitness value='0.786389'/>
	<unitsAverage value='78'/>
</results>
