<results>
	<result value='win'/>
	<start value='2015-04-30.09:06:07'/>
	<end value='2015-04-30.09:06:32'/>
	<frames value='23531'/>
	<gameDuration value='1470'/>

	<player>
		<unitScore value='10500'/>
		<killScore value='20440'/>
		<buildingScore value='3225'/>
		<razingScore value='4560'/>
		<mineralScore value='16114'/>
		<gasScore value='2504'/>
		<totalScore value='57343'/>
	</player>

	<enemy>
		<race value='Zerg'/>
		<unitScore value='9325'/>
		<unitScore value='9325'/>
		<killScore value='6400'/>
		<buildingScore value='1520'/>
		<razingScore value='0'/>
		<mineralScore value='8602'/>
		<gasScore value='2256'/>
		<totalScore value='28103'/>
	</enemy>

	<scoreRatio value='2.04046'/>
</results>
