<results>
	<result value='loss'/>
	<start value='2015-04-30.09:09:10'/>
	<end value='2015-04-30.09:09:15'/>
	<frames value='8651'/>
	<gameDuration value='540'/>

	<player>
		<unitScore value='1000'/>
		<killScore value='150'/>
		<buildingScore value='700'/>
		<razingScore value='0'/>
		<mineralScore value='1594'/>
		<gasScore value='120'/>
		<totalScore value='3564'/>
	</player>

	<enemy>
		<race value='Zerg'/>
		<unitScore value='1450'/>
		<unitScore value='1450'/>
		<killScore value='1900'/>
		<buildingScore value='900'/>
		<razingScore value='2100'/>
		<mineralScore value='2546'/>
		<gasScore value='112'/>
		<totalScore value='9008'/>
	</enemy>

	<scoreRatio value='0.395648'/>
</results>
