<results>
	<result value='win'/>
	<start value='2015-04-08.04:36:57'/>
	<end value='2015-04-08.04:37:22'/>
	<frames value='30847'/>
	<gameDuration value='1927'/>

	<player>
		<unitScore value='15825'/>
		<killScore value='17550'/>
		<buildingScore value='2525'/>
		<razingScore value='18450'/>
		<mineralScore value='19146'/>
		<gasScore value='2680'/>
		<totalScore value='76176'/>
	</player>

	<enemy>
		<race value='Protoss'/>
		<unitScore value='9125'/>
		<unitScore value='9125'/>
		<killScore value='13750'/>
		<buildingScore value='6150'/>
		<razingScore value='450'/>
		<mineralScore value='14214'/>
		<gasScore value='3488'/>
		<totalScore value='47177'/>
	</enemy>

	<scoreRatio value='1.61469'/>
</results>
