<results>
	<result value='win'/>
	<start value='2015-04-29.17:03:17'/>
	<end value='2015-04-29.17:03:54'/>
	<frames value='31095'/>
	<gameDuration value='1943'/>

	<player>
		<unitScore value='17550'/>
		<killScore value='29950'/>
		<buildingScore value='4175'/>
		<razingScore value='9750'/>
		<mineralScore value='20770'/>
		<gasScore value='2688'/>
		<totalScore value='84883'/>
	</player>

	<enemy>
		<race value='Terran'/>
		<unitScore value='16375'/>
		<unitScore value='16375'/>
		<killScore value='11300'/>
		<buildingScore value='3425'/>
		<razingScore value='1500'/>
		<mineralScore value='13650'/>
		<gasScore value='6616'/>
		<totalScore value='52866'/>
	</enemy>

	<scoreRatio value='1.60563'/>
	<timeFitness value='0.730139'/>
	<unitsAverage value='81'/>
</results>
