<results>
	<result value='loss'/>
	<start value='2015-04-29.17:09:59'/>
	<end value='2015-04-29.17:10:43'/>
	<frames value='50687'/>
	<gameDuration value='3167'/>

	<player>
		<unitScore value='18375'/>
		<killScore value='17600'/>
		<buildingScore value='2775'/>
		<razingScore value='1950'/>
		<mineralScore value='19802'/>
		<gasScore value='3504'/>
		<totalScore value='64006'/>
	</player>

	<enemy>
		<race value='Terran'/>
		<unitScore value='23575'/>
		<unitScore value='23575'/>
		<killScore value='36750'/>
		<buildingScore value='4950'/>
		<razingScore value='8325'/>
		<mineralScore value='19542'/>
		<gasScore value='11708'/>
		<totalScore value='104850'/>
	</enemy>

	<scoreRatio value='0.610453'/>
	<timeFitness value='0.439861'/>
	<unitsAverage value='51'/>
</results>
