<results>
	<result value='win'/>
	<start value='2015-04-29.17:13:08'/>
	<end value='2015-04-29.17:13:35'/>
	<frames value='26259'/>
	<gameDuration value='1641'/>

	<player>
		<unitScore value='11800'/>
		<killScore value='17750'/>
		<buildingScore value='3700'/>
		<razingScore value='8700'/>
		<mineralScore value='16746'/>
		<gasScore value='1688'/>
		<totalScore value='60384'/>
	</player>

	<enemy>
		<race value='Terran'/>
		<unitScore value='9175'/>
		<unitScore value='9175'/>
		<killScore value='6800'/>
		<buildingScore value='2900'/>
		<razingScore value='1500'/>
		<mineralScore value='9522'/>
		<gasScore value='3792'/>
		<totalScore value='33689'/>
	</enemy>

	<scoreRatio value='1.7924'/>
	<timeFitness value='0.772083'/>
	<unitsAverage value='70'/>
</results>
