<results>
	<result value='win'/>
	<start value='2015-04-29.17:13:39'/>
	<end value='2015-04-29.17:14:19'/>
	<frames value='30754'/>
	<gameDuration value='1922'/>

	<player>
		<unitScore value='16875'/>
		<killScore value='19300'/>
		<buildingScore value='4075'/>
		<razingScore value='10575'/>
		<mineralScore value='29138'/>
		<gasScore value='3592'/>
		<totalScore value='83555'/>
	</player>

	<enemy>
		<race value='Terran'/>
		<unitScore value='10750'/>
		<unitScore value='10750'/>
		<killScore value='11050'/>
		<buildingScore value='3525'/>
		<razingScore value='750'/>
		<mineralScore value='13066'/>
		<gasScore value='5440'/>
		<totalScore value='44581'/>
	</enemy>

	<scoreRatio value='1.87423'/>
	<timeFitness value='0.733056'/>
	<unitsAverage value='99'/>
</results>
