<results>
	<result value='win'/>
	<start value='2014-07-23.00:25:02'/>
	<end value='2014-07-23.00:25:15'/>
	<frames value='19873'/>
	<gameDuration value='1242'/>

	<player>
		<unitScore value='7025'/>
		<killScore value='8500'/>
		<buildingScore value='1900'/>
		<razingScore value='7200'/>
		<mineralScore value='8786'/>
		<gasScore value='1440'/>
		<totalScore value='34851'/>
	</player>

	<enemy>
		<race value='Protoss'/>
		<unitScore value='4250'/>
		<unitScore value='4250'/>
		<killScore value='5800'/>
		<buildingScore value='2400'/>
		<razingScore value='0'/>
		<mineralScore value='8818'/>
		<gasScore value='1088'/>
		<totalScore value='22356'/>
	</enemy>

	<scoreRatio value='1.55891'/>
</results>
