<results>
	<result value='loss'/>
	<start value='2015-04-15.01:06:19'/>
	<end value='2015-04-15.01:07:12'/>
	<frames value='39992'/>
	<gameDuration value='2499'/>

	<player>
		<unitScore value='17125'/>
		<killScore value='19750'/>
		<buildingScore value='3300'/>
		<razingScore value='2550'/>
		<mineralScore value='19634'/>
		<gasScore value='3192'/>
		<totalScore value='65551'/>
	</player>

	<enemy>
		<race value='Protoss'/>
		<unitScore value='22425'/>
		<unitScore value='22425'/>
		<killScore value='34250'/>
		<buildingScore value='8325'/>
		<razingScore value='9900'/>
		<mineralScore value='26914'/>
		<gasScore value='7900'/>
		<totalScore value='109714'/>
	</enemy>

	<scoreRatio value='0.597472'/>
</results>
