<results>
	<result value='draw'/>
	<start value='2015-07-07.17:08:04'/>
	<end value='2015-07-07.17:10:35'/>
	<frames value='57601'/>
	<gameDuration value='3600'/>

	<player>
		<unitScore value='24150'/>
		<killScore value='10950'/>
		<buildingScore value='6625'/>
		<razingScore value='0'/>
		<mineralScore value='44350'/>
		<gasScore value='2312'/>
		<totalScore value='88387'/>
	</player>

	<enemy>
		<race value='Terran'/>
		<unitScore value='12075'/>
		<killScore value='39100'/>
		<buildingScore value='4000'/>
		<razingScore value='11175'/>
		<mineralScore value='12598'/>
		<gasScore value='9792'/>
		<totalScore value='88740'/>
	</enemy>

	<scoreRatio value='0.996022'/>
	<timeFitness value='0.5'/>
	<unitsAverage value='82'/>
</results>
