<results>
	<result value='loss'/>
	<start value='2015-07-07.17:20:09'/>
	<end value='2015-07-07.17:21:01'/>
	<frames value='29731'/>
	<gameDuration value='1858'/>

	<player>
		<unitScore value='11600'/>
		<killScore value='4700'/>
		<buildingScore value='3625'/>
		<razingScore value='0'/>
		<mineralScore value='14186'/>
		<gasScore value='1432'/>
		<totalScore value='35543'/>
	</player>

	<enemy>
		<race value='Terran'/>
		<unitScore value='9650'/>
		<killScore value='20600'/>
		<buildingScore value='3250'/>
		<razingScore value='10875'/>
		<mineralScore value='12050'/>
		<gasScore value='5088'/>
		<totalScore value='61513'/>
	</enemy>

	<scoreRatio value='0.577813'/>
	<timeFitness value='0.258056'/>
	<unitsAverage value='44'/>
</results>
