<results>
	<result value='draw'/>
	<start value='2015-07-11.19:06:54'/>
	<end value='2015-07-11.19:07:44'/>
	<frames value='57601'/>
	<gameDuration value='3600'/>

	<player>
		<unitScore value='40100'/>
		<killScore value='24300'/>
		<buildingScore value='4975'/>
		<razingScore value='6375'/>
		<mineralScore value='39782'/>
		<gasScore value='4376'/>
		<totalScore value='119908'/>
	</player>

	<enemy>
		<race value='Terran'/>
		<unitScore value='13250'/>
		<killScore value='67200'/>
		<buildingScore value='2975'/>
		<razingScore value='7425'/>
		<mineralScore value='12050'/>
		<gasScore value='6188'/>
		<totalScore value='109088'/>
	</enemy>

	<scoreRatio value='1.09919'/>
	<timeFitness value='0.5'/>
	<unitsAverage value='88'/>
</results>
