<results>
	<result value='loss'/>
	<start value='2015-07-11.19:08:12'/>
	<end value='2015-07-11.19:08:27'/>
	<frames value='28181'/>
	<gameDuration value='1761'/>

	<player>
		<unitScore value='10250'/>
		<killScore value='6900'/>
		<buildingScore value='2575'/>
		<razingScore value='0'/>
		<mineralScore value='10290'/>
		<gasScore value='1800'/>
		<totalScore value='31815'/>
	</player>

	<enemy>
		<race value='Terran'/>
		<unitScore value='13600'/>
		<killScore value='19800'/>
		<buildingScore value='4600'/>
		<razingScore value='7725'/>
		<mineralScore value='14422'/>
		<gasScore value='7380'/>
		<totalScore value='67527'/>
	</enemy>

	<scoreRatio value='0.471145'/>
	<timeFitness value='0.244583'/>
	<unitsAverage value='32'/>
</results>
