<results>
	<result value='loss'/>
	<start value='2015-07-11.19:14:53'/>
	<end value='2015-07-11.19:15:29'/>
	<frames value='54469'/>
	<gameDuration value='3404'/>

	<player>
		<unitScore value='25700'/>
		<killScore value='14150'/>
		<buildingScore value='3200'/>
		<razingScore value='150'/>
		<mineralScore value='21258'/>
		<gasScore value='6746'/>
		<totalScore value='71204'/>
	</player>

	<enemy>
		<race value='Terran'/>
		<unitScore value='22000'/>
		<killScore value='49650'/>
		<buildingScore value='4175'/>
		<razingScore value='9600'/>
		<mineralScore value='18494'/>
		<gasScore value='11368'/>
		<totalScore value='115287'/>
	</enemy>

	<scoreRatio value='0.617624'/>
	<timeFitness value='0.472778'/>
	<unitsAverage value='59'/>
</results>
