<results>
	<result value='loss'/>
	<start value='2015-04-09.03:43:23'/>
	<end value='2015-04-09.03:43:33'/>
	<frames value='20338'/>
	<gameDuration value='1271'/>

	<player>
		<unitScore value='3675'/>
		<killScore value='2200'/>
		<buildingScore value='1800'/>
		<razingScore value='0'/>
		<mineralScore value='5978'/>
		<gasScore value='904'/>
		<totalScore value='14557'/>
	</player>

	<enemy>
		<race value='Protoss'/>
		<unitScore value='5075'/>
		<unitScore value='5075'/>
		<killScore value='7350'/>
		<buildingScore value='5925'/>
		<razingScore value='5400'/>
		<mineralScore value='12218'/>
		<gasScore value='2264'/>
		<totalScore value='38232'/>
	</enemy>

	<scoreRatio value='0.380754'/>
</results>
