<results>
	<result value='loss'/>
	<start value='2015-04-07.21:31:38'/>
	<end value='2015-04-07.21:31:46'/>
	<frames value='15192'/>
	<gameDuration value='949'/>

	<player>
		<unitScore value='3000'/>
		<killScore value='400'/>
		<buildingScore value='1525'/>
		<razingScore value='0'/>
		<mineralScore value='4914'/>
		<gasScore value='672'/>
		<totalScore value='10511'/>
	</player>

	<enemy>
		<race value='Protoss'/>
		<unitScore value='3550'/>
		<unitScore value='3550'/>
		<killScore value='6000'/>
		<buildingScore value='3475'/>
		<razingScore value='4575'/>
		<mineralScore value='8130'/>
		<gasScore value='1432'/>
		<totalScore value='27162'/>
	</enemy>

	<scoreRatio value='0.386974'/>
</results>
