<results>
	<result value='draw'/>
	<start value='2015-05-10.16:12:44'/>
	<end value='2015-05-10.16:14:49'/>
	<frames value='57601'/>
	<gameDuration value='3600'/>

	<player>
		<unitScore value='16425'/>
		<killScore value='22920'/>
		<buildingScore value='5325'/>
		<razingScore value='3675'/>
		<mineralScore value='48386'/>
		<gasScore value='5664'/>
		<totalScore value='102395'/>
	</player>

	<enemy>
		<race value='Zerg'/>
		<unitScore value='13500'/>
		<unitScore value='13500'/>
		<killScore value='7450'/>
		<buildingScore value='2790'/>
		<razingScore value='225'/>
		<mineralScore value='13390'/>
		<gasScore value='3808'/>
		<totalScore value='41163'/>
	</enemy>

	<scoreRatio value='2.48755'/>
	<timeFitness value='0.5'/>
	<unitsAverage value='179'/>
</results>
