<results>
	<result value='win'/>
	<start value='2014-07-12.22:20:47'/>
	<end value='2014-07-12.22:21:09'/>
	<frames value='26972'/>
	<gameDuration value='1685'/>

	<player>
		<unitScore value='16175'/>
		<killScore value='23260'/>
		<buildingScore value='4125'/>
		<razingScore value='5940'/>
		<mineralScore value='21978'/>
		<gasScore value='1728'/>
		<totalScore value='73206'/>
	</player>

	<enemy>
		<race value='Zerg'/>
		<unitScore value='10725'/>
		<unitScore value='10725'/>
		<killScore value='12750'/>
		<buildingScore value='1980'/>
		<razingScore value='0'/>
		<mineralScore value='10378'/>
		<gasScore value='3464'/>
		<totalScore value='39297'/>
	</enemy>

	<scoreRatio value='1.86289'/>
</results>
