<results>
	<result value='win'/>
	<start value='2015-05-11.04:46:27'/>
	<end value='2015-05-11.04:47:24'/>
	<frames value='30940'/>
	<gameDuration value='1933'/>

	<player>
		<unitScore value='23725'/>
		<killScore value='25625'/>
		<buildingScore value='4550'/>
		<razingScore value='4755'/>
		<mineralScore value='31106'/>
		<gasScore value='2376'/>
		<totalScore value='92137'/>
	</player>

	<enemy>
		<race value='Zerg'/>
		<unitScore value='11850'/>
		<unitScore value='11850'/>
		<killScore value='24300'/>
		<buildingScore value='1585'/>
		<razingScore value='0'/>
		<mineralScore value='11122'/>
		<gasScore value='3528'/>
		<totalScore value='52385'/>
	</enemy>

	<scoreRatio value='1.75884'/>
	<timeFitness value='0.731528'/>
	<unitsAverage value='110'/>
</results>
