<results>
	<result value='win'/>
	<start value='2015-04-13.21:21:47'/>
	<end value='2015-04-13.21:22:28'/>
	<frames value='26848'/>
	<gameDuration value='1678'/>

	<player>
		<unitScore value='14275'/>
		<killScore value='14300'/>
		<buildingScore value='2900'/>
		<razingScore value='15075'/>
		<mineralScore value='17482'/>
		<gasScore value='2584'/>
		<totalScore value='66616'/>
	</player>

	<enemy>
		<race value='Protoss'/>
		<unitScore value='7150'/>
		<unitScore value='7150'/>
		<killScore value='12600'/>
		<buildingScore value='5025'/>
		<razingScore value='300'/>
		<mineralScore value='14674'/>
		<gasScore value='2216'/>
		<totalScore value='41965'/>
	</enemy>

	<scoreRatio value='1.58742'/>
</results>
