<results>
	<result value='loss'/>
	<start value='2015-07-20.00:31:47'/>
	<end value='2015-07-20.00:32:45'/>
	<frames value='46099'/>
	<gameDuration value='2881'/>

	<player>
		<unitScore value='26100'/>
		<killScore value='32400'/>
		<buildingScore value='3325'/>
		<razingScore value='120'/>
		<mineralScore value='38190'/>
		<gasScore value='3440'/>
		<totalScore value='103575'/>
	</player>

	<enemy>
		<race value='Zerg'/>
		<unitScore value='23525'/>
		<killScore value='48950'/>
		<buildingScore value='4720'/>
		<razingScore value='9975'/>
		<mineralScore value='23366'/>
		<gasScore value='7448'/>
		<totalScore value='117984'/>
	</enemy>

	<scoreRatio value='0.877873'/>
	<timeFitness value='0.400139'/>
	<unitsAverage value='82'/>
</results>
