<results>
	<result value='loss'/>
	<start value='2015-07-20.00:59:46'/>
	<end value='2015-07-20.01:00:31'/>
	<frames value='28057'/>
	<gameDuration value='1753'/>

	<player>
		<unitScore value='14875'/>
		<killScore value='13000'/>
		<buildingScore value='2975'/>
		<razingScore value='0'/>
		<mineralScore value='28098'/>
		<gasScore value='2400'/>
		<totalScore value='61348'/>
	</player>

	<enemy>
		<race value='Zerg'/>
		<unitScore value='15400'/>
		<killScore value='29150'/>
		<buildingScore value='3110'/>
		<razingScore value='8925'/>
		<mineralScore value='15942'/>
		<gasScore value='4696'/>
		<totalScore value='77223'/>
	</enemy>

	<scoreRatio value='0.794427'/>
	<timeFitness value='0.243472'/>
	<unitsAverage value='69'/>
</results>
