<results>
	<result value='win'/>
	<start value='2015-04-30.17:29:14'/>
	<end value='2015-04-30.17:30:08'/>
	<frames value='30258'/>
	<gameDuration value='1891'/>

	<player>
		<unitScore value='16450'/>
		<killScore value='17150'/>
		<buildingScore value='3475'/>
		<razingScore value='17175'/>
		<mineralScore value='26314'/>
		<gasScore value='3200'/>
		<totalScore value='83764'/>
	</player>

	<enemy>
		<race value='Protoss'/>
		<unitScore value='8575'/>
		<unitScore value='8575'/>
		<killScore value='11400'/>
		<buildingScore value='5725'/>
		<razingScore value='150'/>
		<mineralScore value='14034'/>
		<gasScore value='3656'/>
		<totalScore value='43540'/>
	</enemy>

	<scoreRatio value='1.92384'/>
	<timeFitness value='0.737361'/>
	<unitsAverage value='101'/>
</results>
