<results>
	<result value='loss'/>
	<start value='2015-04-30.17:36:46'/>
	<end value='2015-04-30.17:36:59'/>
	<frames value='16463'/>
	<gameDuration value='1028'/>

	<player>
		<unitScore value='3075'/>
		<killScore value='1600'/>
		<buildingScore value='1450'/>
		<razingScore value='0'/>
		<mineralScore value='4906'/>
		<gasScore value='704'/>
		<totalScore value='11735'/>
	</player>

	<enemy>
		<race value='Protoss'/>
		<unitScore value='3550'/>
		<unitScore value='3550'/>
		<killScore value='6150'/>
		<buildingScore value='4125'/>
		<razingScore value='4350'/>
		<mineralScore value='8874'/>
		<gasScore value='1608'/>
		<totalScore value='28657'/>
	</enemy>

	<scoreRatio value='0.409499'/>
	<timeFitness value='0.142778'/>
	<unitsAverage value='20'/>
</results>
