<results>
	<result value='win'/>
	<start value='2015-04-28.20:25:12'/>
	<end value='2015-04-28.20:25:36'/>
	<frames value='25484'/>
	<gameDuration value='1592'/>

	<player>
		<unitScore value='15250'/>
		<killScore value='18510'/>
		<buildingScore value='4700'/>
		<razingScore value='5580'/>
		<mineralScore value='25186'/>
		<gasScore value='2176'/>
		<totalScore value='71402'/>
	</player>

	<enemy>
		<race value='Zerg'/>
		<unitScore value='8150'/>
		<unitScore value='8150'/>
		<killScore value='10950'/>
		<buildingScore value='1860'/>
		<razingScore value='0'/>
		<mineralScore value='8786'/>
		<gasScore value='2816'/>
		<totalScore value='32562'/>
	</enemy>

	<scoreRatio value='2.1928'/>
</results>
