<results>
	<result value='loss'/>
	<start value='2014-07-23.19:21:12'/>
	<end value='2014-07-23.19:21:19'/>
	<frames value='16990'/>
	<gameDuration value='1061'/>

	<player>
		<unitScore value='4500'/>
		<killScore value='800'/>
		<buildingScore value='1600'/>
		<razingScore value='0'/>
		<mineralScore value='6058'/>
		<gasScore value='1024'/>
		<totalScore value='13982'/>
	</player>

	<enemy>
		<race value='Protoss'/>
		<unitScore value='5275'/>
		<unitScore value='5275'/>
		<killScore value='9000'/>
		<buildingScore value='3075'/>
		<razingScore value='4800'/>
		<mineralScore value='8666'/>
		<gasScore value='2320'/>
		<totalScore value='33136'/>
	</enemy>

	<scoreRatio value='0.421958'/>
</results>
