<results>
	<result value='win'/>
	<start value='2015-05-04.04:52:28'/>
	<end value='2015-05-04.04:53:06'/>
	<frames value='28894'/>
	<gameDuration value='1805'/>

	<player>
		<unitScore value='19500'/>
		<killScore value='32450'/>
		<buildingScore value='4875'/>
		<razingScore value='6375'/>
		<mineralScore value='25826'/>
		<gasScore value='1968'/>
		<totalScore value='90994'/>
	</player>

	<enemy>
		<race value='Zerg'/>
		<unitScore value='14200'/>
		<unitScore value='14200'/>
		<killScore value='20850'/>
		<buildingScore value='2125'/>
		<razingScore value='225'/>
		<mineralScore value='13082'/>
		<gasScore value='4096'/>
		<totalScore value='54578'/>
	</enemy>

	<scoreRatio value='1.66723'/>
	<timeFitness value='0.749306'/>
	<unitsAverage value='100'/>
</results>
