<results>
	<result value='win'/>
	<start value='2015-05-04.05:07:53'/>
	<end value='2015-05-04.05:08:45'/>
	<frames value='31250'/>
	<gameDuration value='1953'/>

	<player>
		<unitScore value='20000'/>
		<killScore value='25395'/>
		<buildingScore value='4300'/>
		<razingScore value='8265'/>
		<mineralScore value='29298'/>
		<gasScore value='1888'/>
		<totalScore value='89146'/>
	</player>

	<enemy>
		<race value='Zerg'/>
		<unitScore value='11825'/>
		<unitScore value='11825'/>
		<killScore value='16550'/>
		<buildingScore value='2755'/>
		<razingScore value='0'/>
		<mineralScore value='13106'/>
		<gasScore value='4576'/>
		<totalScore value='48812'/>
	</enemy>

	<scoreRatio value='1.82631'/>
	<timeFitness value='0.72875'/>
	<unitsAverage value='125'/>
</results>
