<results>
	<result value='loss'/>
	<start value='2015-05-04.05:12:02'/>
	<end value='2015-05-04.05:12:06'/>
	<frames value='7721'/>
	<gameDuration value='482'/>

	<player>
		<unitScore value='1000'/>
		<killScore value='150'/>
		<buildingScore value='600'/>
		<razingScore value='0'/>
		<mineralScore value='1266'/>
		<gasScore value='0'/>
		<totalScore value='3016'/>
	</player>

	<enemy>
		<race value='Zerg'/>
		<unitScore value='1300'/>
		<unitScore value='1300'/>
		<killScore value='2000'/>
		<buildingScore value='780'/>
		<razingScore value='1800'/>
		<mineralScore value='2162'/>
		<gasScore value='56'/>
		<totalScore value='8098'/>
	</enemy>

	<scoreRatio value='0.372438'/>
	<timeFitness value='0.0669444'/>
	<unitsAverage value='8'/>
</results>
