<results>
	<result value='win'/>
	<start value='2015-05-04.05:14:17'/>
	<end value='2015-05-04.05:14:42'/>
	<frames value='23500'/>
	<gameDuration value='1468'/>

	<player>
		<unitScore value='13075'/>
		<killScore value='15490'/>
		<buildingScore value='3225'/>
		<razingScore value='5460'/>
		<mineralScore value='19702'/>
		<gasScore value='1296'/>
		<totalScore value='58248'/>
	</player>

	<enemy>
		<race value='Zerg'/>
		<unitScore value='7775'/>
		<unitScore value='7775'/>
		<killScore value='9800'/>
		<buildingScore value='1820'/>
		<razingScore value='0'/>
		<mineralScore value='8450'/>
		<gasScore value='2624'/>
		<totalScore value='30469'/>
	</enemy>

	<scoreRatio value='1.91171'/>
	<timeFitness value='0.796111'/>
	<unitsAverage value='79'/>
</results>
