<results>
	<result value='loss'/>
	<start value='2015-04-10.16:30:47'/>
	<end value='2015-04-10.16:31:04'/>
	<frames value='18261'/>
	<gameDuration value='1141'/>

	<player>
		<unitScore value='5000'/>
		<killScore value='1400'/>
		<buildingScore value='1750'/>
		<razingScore value='0'/>
		<mineralScore value='7058'/>
		<gasScore value='496'/>
		<totalScore value='15704'/>
	</player>

	<enemy>
		<race value='Protoss'/>
		<unitScore value='4550'/>
		<unitScore value='4550'/>
		<killScore value='10000'/>
		<buildingScore value='4125'/>
		<razingScore value='5250'/>
		<mineralScore value='9570'/>
		<gasScore value='2320'/>
		<totalScore value='35815'/>
	</enemy>

	<scoreRatio value='0.438475'/>
</results>
