<results>
	<result value='loss'/>
	<start value='2015-04-11.16:14:10'/>
	<end value='2015-04-11.16:14:34'/>
	<frames value='29049'/>
	<gameDuration value='1815'/>

	<player>
		<unitScore value='3000'/>
		<killScore value='2400'/>
		<buildingScore value='1225'/>
		<razingScore value='0'/>
		<mineralScore value='4090'/>
		<gasScore value='1544'/>
		<totalScore value='12259'/>
	</player>

	<enemy>
		<race value='Protoss'/>
		<unitScore value='14250'/>
		<unitScore value='14250'/>
		<killScore value='6000'/>
		<buildingScore value='6875'/>
		<razingScore value='3675'/>
		<mineralScore value='17886'/>
		<gasScore value='7056'/>
		<totalScore value='55742'/>
	</enemy>

	<scoreRatio value='0.219924'/>
</results>
