<results>
	<result value='loss'/>
	<start value='2015-04-11.16:19:43'/>
	<end value='2015-04-11.16:19:56'/>
	<frames value='16215'/>
	<gameDuration value='1013'/>

	<player>
		<unitScore value='2525'/>
		<killScore value='1200'/>
		<buildingScore value='1400'/>
		<razingScore value='0'/>
		<mineralScore value='4162'/>
		<gasScore value='680'/>
		<totalScore value='9967'/>
	</player>

	<enemy>
		<race value='Protoss'/>
		<unitScore value='3600'/>
		<unitScore value='3600'/>
		<killScore value='5050'/>
		<buildingScore value='3975'/>
		<razingScore value='4200'/>
		<mineralScore value='8634'/>
		<gasScore value='1640'/>
		<totalScore value='27099'/>
	</enemy>

	<scoreRatio value='0.3678'/>
</results>
