<results>
	<result value='loss'/>
	<start value='2015-05-04.13:52:37'/>
	<end value='2015-05-04.13:52:54'/>
	<frames value='21671'/>
	<gameDuration value='1354'/>

	<player>
		<unitScore value='4250'/>
		<killScore value='50'/>
		<buildingScore value='2700'/>
		<razingScore value='0'/>
		<mineralScore value='12650'/>
		<gasScore value='1408'/>
		<totalScore value='21058'/>
	</player>

	<enemy>
		<race value='Zerg'/>
		<unitScore value='7325'/>
		<unitScore value='7325'/>
		<killScore value='8500'/>
		<buildingScore value='2785'/>
		<razingScore value='8100'/>
		<mineralScore value='9978'/>
		<gasScore value='3472'/>
		<totalScore value='40160'/>
	</enemy>

	<scoreRatio value='0.524353'/>
	<timeFitness value='0.188056'/>
	<unitsAverage value='32'/>
</results>
