<results>
	<result value='win'/>
	<start value='2015-05-04.13:55:02'/>
	<end value='2015-05-04.13:55:41'/>
	<frames value='33699'/>
	<gameDuration value='2106'/>

	<player>
		<unitScore value='19100'/>
		<killScore value='42115'/>
		<buildingScore value='2775'/>
		<razingScore value='7275'/>
		<mineralScore value='20170'/>
		<gasScore value='1848'/>
		<totalScore value='93283'/>
	</player>

	<enemy>
		<race value='Zerg'/>
		<unitScore value='18300'/>
		<unitScore value='18300'/>
		<killScore value='23500'/>
		<buildingScore value='2425'/>
		<razingScore value='0'/>
		<mineralScore value='17330'/>
		<gasScore value='5368'/>
		<totalScore value='66923'/>
	</enemy>

	<scoreRatio value='1.39389'/>
	<timeFitness value='0.7075'/>
	<unitsAverage value='73'/>
</results>
