<results>
	<result value='loss'/>
	<start value='2015-05-10.11:30:51'/>
	<end value='2015-05-10.11:31:23'/>
	<frames value='29545'/>
	<gameDuration value='1846'/>

	<player>
		<unitScore value='6050'/>
		<killScore value='10550'/>
		<buildingScore value='2050'/>
		<razingScore value='0'/>
		<mineralScore value='7570'/>
		<gasScore value='1544'/>
		<totalScore value='27764'/>
	</player>

	<enemy>
		<race value='Zerg'/>
		<unitScore value='18450'/>
		<unitScore value='18450'/>
		<killScore value='12300'/>
		<buildingScore value='3410'/>
		<razingScore value='6150'/>
		<mineralScore value='18842'/>
		<gasScore value='6264'/>
		<totalScore value='65416'/>
	</enemy>

	<scoreRatio value='0.424422'/>
	<timeFitness value='0.256389'/>
	<unitsAverage value='30'/>
</results>
