<results>
	<result value='win'/>
	<start value='2015-05-10.11:31:27'/>
	<end value='2015-05-10.11:32:59'/>
	<frames value='43061'/>
	<gameDuration value='2691'/>

	<player>
		<unitScore value='26725'/>
		<killScore value='40895'/>
		<buildingScore value='5150'/>
		<razingScore value='13215'/>
		<mineralScore value='31246'/>
		<gasScore value='4280'/>
		<totalScore value='121511'/>
	</player>

	<enemy>
		<race value='Zerg'/>
		<unitScore value='19000'/>
		<unitScore value='19000'/>
		<killScore value='26100'/>
		<buildingScore value='4405'/>
		<razingScore value='2700'/>
		<mineralScore value='19622'/>
		<gasScore value='6064'/>
		<totalScore value='77891'/>
	</enemy>

	<scoreRatio value='1.56001'/>
	<timeFitness value='0.62625'/>
	<unitsAverage value='109'/>
</results>
