<results>
	<result value='win'/>
	<start value='2015-05-04.14:13:43'/>
	<end value='2015-05-04.14:15:10'/>
	<frames value='38566'/>
	<gameDuration value='2410'/>

	<player>
		<unitScore value='31925'/>
		<killScore value='55100'/>
		<buildingScore value='3625'/>
		<razingScore value='7755'/>
		<mineralScore value='31250'/>
		<gasScore value='2944'/>
		<totalScore value='132599'/>
	</player>

	<enemy>
		<race value='Zerg'/>
		<unitScore value='26425'/>
		<unitScore value='26425'/>
		<killScore value='38750'/>
		<buildingScore value='2585'/>
		<razingScore value='0'/>
		<mineralScore value='21210'/>
		<gasScore value='7428'/>
		<totalScore value='96398'/>
	</enemy>

	<scoreRatio value='1.37554'/>
	<timeFitness value='0.665278'/>
	<unitsAverage value='134'/>
</results>
