<results>
	<result value='win'/>
	<start value='2015-05-10.01:04:05'/>
	<end value='2015-05-10.01:05:19'/>
	<frames value='47866'/>
	<gameDuration value='2991'/>

	<player>
		<unitScore value='33375'/>
		<killScore value='67470'/>
		<buildingScore value='3350'/>
		<razingScore value='20700'/>
		<mineralScore value='32118'/>
		<gasScore value='3736'/>
		<totalScore value='160749'/>
	</player>

	<enemy>
		<race value='Protoss'/>
		<unitScore value='35465'/>
		<unitScore value='35465'/>
		<killScore value='42350'/>
		<buildingScore value='6900'/>
		<razingScore value='0'/>
		<mineralScore value='29202'/>
		<gasScore value='10380'/>
		<totalScore value='124297'/>
	</enemy>

	<scoreRatio value='1.29327'/>
	<timeFitness value='0.584583'/>
	<unitsAverage value='143'/>
</results>
