<results>
	<result value='win'/>
	<start value='2015-05-09.20:20:56'/>
	<end value='2015-05-09.20:21:27'/>
	<frames value='31746'/>
	<gameDuration value='1984'/>

	<player>
		<unitScore value='17375'/>
		<killScore value='21100'/>
		<buildingScore value='3975'/>
		<razingScore value='6975'/>
		<mineralScore value='22826'/>
		<gasScore value='4064'/>
		<totalScore value='76315'/>
	</player>

	<enemy>
		<race value='Terran'/>
		<unitScore value='11350'/>
		<unitScore value='11350'/>
		<killScore value='18650'/>
		<buildingScore value='2325'/>
		<razingScore value='1350'/>
		<mineralScore value='11862'/>
		<gasScore value='4832'/>
		<totalScore value='50369'/>
	</enemy>

	<scoreRatio value='1.51512'/>
	<timeFitness value='0.724444'/>
	<unitsAverage value='79'/>
</results>
