<results>
	<result value='loss'/>
	<start value='2015-04-14.23:30:55'/>
	<end value='2015-04-14.23:31:13'/>
	<frames value='19377'/>
	<gameDuration value='1211'/>

	<player>
		<unitScore value='3725'/>
		<killScore value='1200'/>
		<buildingScore value='1975'/>
		<razingScore value='0'/>
		<mineralScore value='5802'/>
		<gasScore value='664'/>
		<totalScore value='13366'/>
	</player>

	<enemy>
		<race value='Protoss'/>
		<unitScore value='5350'/>
		<unitScore value='5350'/>
		<killScore value='7450'/>
		<buildingScore value='4625'/>
		<razingScore value='5925'/>
		<mineralScore value='11026'/>
		<gasScore value='2472'/>
		<totalScore value='36848'/>
	</enemy>

	<scoreRatio value='0.362733'/>
</results>
