<results>
	<result value='loss'/>
	<start value='2015-04-14.23:31:16'/>
	<end value='2015-04-14.23:32:22'/>
	<frames value='48672'/>
	<gameDuration value='3042'/>

	<player>
		<unitScore value='23500'/>
		<killScore value='52050'/>
		<buildingScore value='2575'/>
		<razingScore value='1950'/>
		<mineralScore value='23970'/>
		<gasScore value='4544'/>
		<totalScore value='108589'/>
	</player>

	<enemy>
		<race value='Protoss'/>
		<unitScore value='41600'/>
		<unitScore value='41600'/>
		<killScore value='47100'/>
		<buildingScore value='7625'/>
		<razingScore value='7725'/>
		<mineralScore value='33834'/>
		<gasScore value='12876'/>
		<totalScore value='150760'/>
	</enemy>

	<scoreRatio value='0.720277'/>
</results>
