<results>
	<result value='loss'/>
	<start value='2015-07-19.22:57:13'/>
	<end value='2015-07-19.22:57:43'/>
	<frames value='26600'/>
	<gameDuration value='1662'/>

	<player>
		<unitScore value='13650'/>
		<killScore value='6850'/>
		<buildingScore value='3500'/>
		<razingScore value='0'/>
		<mineralScore value='19886'/>
		<gasScore value='2088'/>
		<totalScore value='45974'/>
	</player>

	<enemy>
		<race value='Zerg'/>
		<unitScore value='13075'/>
		<killScore value='25900'/>
		<buildingScore value='3255'/>
		<razingScore value='10500'/>
		<mineralScore value='16154'/>
		<gasScore value='4256'/>
		<totalScore value='73140'/>
	</enemy>

	<scoreRatio value='0.628575'/>
	<timeFitness value='0.230833'/>
	<unitsAverage value='56'/>
</results>
