<results>
	<result value='loss'/>
	<start value='2014-07-06.03:28:52'/>
	<end value='2014-07-06.03:29:29'/>
	<frames value='48393'/>
	<gameDuration value='3024'/>

	<player>
		<unitScore value='23750'/>
		<killScore value='34350'/>
		<buildingScore value='2525'/>
		<razingScore value='5550'/>
		<mineralScore value='23898'/>
		<gasScore value='3960'/>
		<totalScore value='94033'/>
	</player>

	<enemy>
		<race value='Protoss'/>
		<unitScore value='34825'/>
		<unitScore value='34825'/>
		<killScore value='47950'/>
		<buildingScore value='8975'/>
		<razingScore value='7575'/>
		<mineralScore value='33886'/>
		<gasScore value='11580'/>
		<totalScore value='144791'/>
	</enemy>

	<scoreRatio value='0.64944'/>
</results>
