<results>
	<result value='loss'/>
	<start value='2014-07-06.03:32:05'/>
	<end value='2014-07-06.03:32:17'/>
	<frames value='25391'/>
	<gameDuration value='1586'/>

	<player>
		<unitScore value='3100'/>
		<killScore value='2400'/>
		<buildingScore value='1525'/>
		<razingScore value='0'/>
		<mineralScore value='4826'/>
		<gasScore value='640'/>
		<totalScore value='12491'/>
	</player>

	<enemy>
		<race value='Protoss'/>
		<unitScore value='9450'/>
		<unitScore value='9450'/>
		<killScore value='6300'/>
		<buildingScore value='6875'/>
		<razingScore value='4575'/>
		<mineralScore value='15930'/>
		<gasScore value='4592'/>
		<totalScore value='47722'/>
	</enemy>

	<scoreRatio value='0.261745'/>
</results>
