<results>
	<result value='win'/>
	<start value='2015-05-04.17:50:54'/>
	<end value='2015-05-04.17:51:38'/>
	<frames value='31684'/>
	<gameDuration value='1980'/>

	<player>
		<unitScore value='23075'/>
		<killScore value='31180'/>
		<buildingScore value='4525'/>
		<razingScore value='5160'/>
		<mineralScore value='30906'/>
		<gasScore value='3216'/>
		<totalScore value='98062'/>
	</player>

	<enemy>
		<race value='Zerg'/>
		<unitScore value='14800'/>
		<unitScore value='14800'/>
		<killScore value='22150'/>
		<buildingScore value='1720'/>
		<razingScore value='150'/>
		<mineralScore value='13282'/>
		<gasScore value='3392'/>
		<totalScore value='55494'/>
	</enemy>

	<scoreRatio value='1.76707'/>
	<timeFitness value='0.725'/>
	<unitsAverage value='104'/>
</results>
