<results>
	<result value='win'/>
	<start value='2015-05-04.18:02:04'/>
	<end value='2015-05-04.18:02:54'/>
	<frames value='31002'/>
	<gameDuration value='1937'/>

	<player>
		<unitScore value='25200'/>
		<killScore value='34690'/>
		<buildingScore value='4750'/>
		<razingScore value='4755'/>
		<mineralScore value='37178'/>
		<gasScore value='2480'/>
		<totalScore value='109053'/>
	</player>

	<enemy>
		<race value='Zerg'/>
		<unitScore value='15575'/>
		<unitScore value='15575'/>
		<killScore value='26150'/>
		<buildingScore value='1585'/>
		<razingScore value='375'/>
		<mineralScore value='12274'/>
		<gasScore value='4224'/>
		<totalScore value='60183'/>
	</enemy>

	<scoreRatio value='1.81202'/>
	<timeFitness value='0.730972'/>
	<unitsAverage value='120'/>
</results>
