<results>
	<result value='win'/>
	<start value='2015-05-11.20:30:01'/>
	<end value='2015-05-11.20:30:31'/>
	<frames value='26228'/>
	<gameDuration value='1639'/>

	<player>
		<unitScore value='15650'/>
		<killScore value='17440'/>
		<buildingScore value='3875'/>
		<razingScore value='7530'/>
		<mineralScore value='25670'/>
		<gasScore value='1992'/>
		<totalScore value='72157'/>
	</player>

	<enemy>
		<race value='Zerg'/>
		<unitScore value='8625'/>
		<unitScore value='8625'/>
		<killScore value='11800'/>
		<buildingScore value='2510'/>
		<razingScore value='1575'/>
		<mineralScore value='10002'/>
		<gasScore value='3008'/>
		<totalScore value='37520'/>
	</enemy>

	<scoreRatio value='1.92316'/>
	<timeFitness value='0.772361'/>
	<unitsAverage value='93'/>
</results>
