<results>
	<result value='win'/>
	<start value='2015-05-04.18:04:27'/>
	<end value='2015-05-04.18:05:00'/>
	<frames value='26042'/>
	<gameDuration value='1627'/>

	<player>
		<unitScore value='16100'/>
		<killScore value='18900'/>
		<buildingScore value='4400'/>
		<razingScore value='7170'/>
		<mineralScore value='22410'/>
		<gasScore value='2720'/>
		<totalScore value='71700'/>
	</player>

	<enemy>
		<race value='Zerg'/>
		<unitScore value='8600'/>
		<unitScore value='8600'/>
		<killScore value='10800'/>
		<buildingScore value='2390'/>
		<razingScore value='1875'/>
		<mineralScore value='9586'/>
		<gasScore value='3128'/>
		<totalScore value='36379'/>
	</enemy>

	<scoreRatio value='1.97092'/>
	<timeFitness value='0.774028'/>
	<unitsAverage value='89'/>
</results>
