<results>
	<result value='loss'/>
	<start value='2015-05-04.10:53:05'/>
	<end value='2015-05-04.10:53:14'/>
	<frames value='17765'/>
	<gameDuration value='1110'/>

	<player>
		<unitScore value='3650'/>
		<killScore value='1300'/>
		<buildingScore value='2100'/>
		<razingScore value='0'/>
		<mineralScore value='5922'/>
		<gasScore value='880'/>
		<totalScore value='13852'/>
	</player>

	<enemy>
		<race value='Terran'/>
		<unitScore value='6400'/>
		<unitScore value='6400'/>
		<killScore value='7300'/>
		<buildingScore value='2625'/>
		<razingScore value='6300'/>
		<mineralScore value='8338'/>
		<gasScore value='2440'/>
		<totalScore value='33403'/>
	</enemy>

	<scoreRatio value='0.414693'/>
	<timeFitness value='0.154167'/>
	<unitsAverage value='25'/>
</results>
