<results>
	<result value='win'/>
	<start value='2015-05-04.10:56:55'/>
	<end value='2015-05-04.10:57:17'/>
	<frames value='24957'/>
	<gameDuration value='1559'/>

	<player>
		<unitScore value='12125'/>
		<killScore value='23900'/>
		<buildingScore value='4350'/>
		<razingScore value='6975'/>
		<mineralScore value='19146'/>
		<gasScore value='1784'/>
		<totalScore value='68280'/>
	</player>

	<enemy>
		<race value='Terran'/>
		<unitScore value='11950'/>
		<unitScore value='11950'/>
		<killScore value='4700'/>
		<buildingScore value='2400'/>
		<razingScore value='1350'/>
		<mineralScore value='10074'/>
		<gasScore value='3504'/>
		<totalScore value='33978'/>
	</enemy>

	<scoreRatio value='2.00954'/>
	<timeFitness value='0.783472'/>
	<unitsAverage value='75'/>
</results>
