<results>
	<result value='loss'/>
	<start value='2015-05-10.00:11:37'/>
	<end value='2015-05-10.00:11:56'/>
	<frames value='19873'/>
	<gameDuration value='1242'/>

	<player>
		<unitScore value='3225'/>
		<killScore value='2850'/>
		<buildingScore value='2025'/>
		<razingScore value='0'/>
		<mineralScore value='5346'/>
		<gasScore value='808'/>
		<totalScore value='14254'/>
	</player>

	<enemy>
		<race value='Terran'/>
		<unitScore value='7425'/>
		<unitScore value='7425'/>
		<killScore value='6450'/>
		<buildingScore value='2850'/>
		<razingScore value='6075'/>
		<mineralScore value='9370'/>
		<gasScore value='3544'/>
		<totalScore value='35714'/>
	</enemy>

	<scoreRatio value='0.399115'/>
	<timeFitness value='0.1725'/>
	<unitsAverage value='26'/>
</results>
