<results>
	<result value='draw'/>
	<start value='2015-03-31.10:24:23'/>
	<end value='2015-03-31.10:25:49'/>
	<frames value='57601'/>
	<gameDuration value='3600'/>

	<player>
		<unitScore value='29275'/>
		<killScore value='57200'/>
		<buildingScore value='4850'/>
		<razingScore value='18150'/>
		<mineralScore value='34006'/>
		<gasScore value='8286'/>
		<totalScore value='151767'/>
	</player>

	<enemy>
		<race value='Protoss'/>
		<unitScore value='29625'/>
		<unitScore value='29625'/>
		<killScore value='45500'/>
		<buildingScore value='6300'/>
		<razingScore value='150'/>
		<mineralScore value='27538'/>
		<gasScore value='10020'/>
		<totalScore value='119133'/>
	</enemy>

	<scoreRatio value='1.27393'/>
</results>
