<results>
	<result value='loss'/>
	<start value='2015-07-18.03:56:19'/>
	<end value='2015-07-18.03:56:34'/>
	<frames value='20617'/>
	<gameDuration value='1288'/>

	<player>
		<unitScore value='6850'/>
		<killScore value='2400'/>
		<buildingScore value='2050'/>
		<razingScore value='0'/>
		<mineralScore value='7794'/>
		<gasScore value='1520'/>
		<totalScore value='20614'/>
	</player>

	<enemy>
		<race value='Terran'/>
		<unitScore value='7800'/>
		<killScore value='13100'/>
		<buildingScore value='2975'/>
		<razingScore value='6150'/>
		<mineralScore value='9866'/>
		<gasScore value='3528'/>
		<totalScore value='43419'/>
	</enemy>

	<scoreRatio value='0.474769'/>
	<timeFitness value='0.178889'/>
	<unitsAverage value='29'/>
</results>
