<results>
	<result value='win'/>
	<start value='2015-07-19.04:45:02'/>
	<end value='2015-07-19.04:46:29'/>
	<frames value='38845'/>
	<gameDuration value='2427'/>

	<player>
		<unitScore value='28600'/>
		<killScore value='24000'/>
		<buildingScore value='5250'/>
		<razingScore value='14625'/>
		<mineralScore value='32434'/>
		<gasScore value='5856'/>
		<totalScore value='110765'/>
	</player>

	<enemy>
		<race value='Protoss'/>
		<unitScore value='13050'/>
		<killScore value='30800'/>
		<buildingScore value='4875'/>
		<razingScore value='1350'/>
		<mineralScore value='14962'/>
		<gasScore value='3608'/>
		<totalScore value='68645'/>
	</enemy>

	<scoreRatio value='1.61359'/>
	<timeFitness value='0.662917'/>
	<unitsAverage value='128'/>
</results>
