<results>
	<result value='loss'/>
	<start value='2015-04-14.03:16:33'/>
	<end value='2015-04-14.03:16:40'/>
	<frames value='15502'/>
	<gameDuration value='968'/>

	<player>
		<unitScore value='3675'/>
		<killScore value='200'/>
		<buildingScore value='1625'/>
		<razingScore value='0'/>
		<mineralScore value='5466'/>
		<gasScore value='496'/>
		<totalScore value='11462'/>
	</player>

	<enemy>
		<race value='Protoss'/>
		<unitScore value='3550'/>
		<unitScore value='3550'/>
		<killScore value='7350'/>
		<buildingScore value='2825'/>
		<razingScore value='4875'/>
		<mineralScore value='8018'/>
		<gasScore value='1200'/>
		<totalScore value='27818'/>
	</enemy>

	<scoreRatio value='0.412035'/>
</results>
