<results>
	<result value='loss'/>
	<start value='2015-04-14.03:18:23'/>
	<end value='2015-04-14.03:18:31'/>
	<frames value='16153'/>
	<gameDuration value='1009'/>

	<player>
		<unitScore value='3100'/>
		<killScore value='1000'/>
		<buildingScore value='1575'/>
		<razingScore value='0'/>
		<mineralScore value='4866'/>
		<gasScore value='592'/>
		<totalScore value='11133'/>
	</player>

	<enemy>
		<race value='Protoss'/>
		<unitScore value='3600'/>
		<unitScore value='3600'/>
		<killScore value='6200'/>
		<buildingScore value='3575'/>
		<razingScore value='4725'/>
		<mineralScore value='8410'/>
		<gasScore value='1544'/>
		<totalScore value='28054'/>
	</enemy>

	<scoreRatio value='0.396842'/>
</results>
