<results>
	<result value='loss'/>
	<start value='2015-04-14.03:20:27'/>
	<end value='2015-04-14.03:20:34'/>
	<frames value='14479'/>
	<gameDuration value='904'/>

	<player>
		<unitScore value='2650'/>
		<killScore value='200'/>
		<buildingScore value='1125'/>
		<razingScore value='0'/>
		<mineralScore value='5002'/>
		<gasScore value='392'/>
		<totalScore value='9369'/>
	</player>

	<enemy>
		<race value='Protoss'/>
		<unitScore value='3500'/>
		<unitScore value='3500'/>
		<killScore value='5300'/>
		<buildingScore value='1425'/>
		<razingScore value='3375'/>
		<mineralScore value='7434'/>
		<gasScore value='1352'/>
		<totalScore value='22386'/>
	</enemy>

	<scoreRatio value='0.418521'/>
</results>
