<results>
	<result value='loss'/>
	<start value='2015-04-30.19:03:58'/>
	<end value='2015-04-30.19:04:20'/>
	<frames value='38380'/>
	<gameDuration value='2398'/>

	<player>
		<unitScore value='8075'/>
		<killScore value='6050'/>
		<buildingScore value='2425'/>
		<razingScore value='0'/>
		<mineralScore value='10638'/>
		<gasScore value='1816'/>
		<totalScore value='29004'/>
	</player>

	<enemy>
		<race value='Terran'/>
		<unitScore value='19525'/>
		<unitScore value='19525'/>
		<killScore value='16150'/>
		<buildingScore value='5525'/>
		<razingScore value='7275'/>
		<mineralScore value='20538'/>
		<gasScore value='11696'/>
		<totalScore value='80709'/>
	</enemy>

	<scoreRatio value='0.359365'/>
</results>
