<results>
	<result value='loss'/>
	<start value='2015-04-30.19:21:56'/>
	<end value='2015-04-30.19:22:08'/>
	<frames value='19284'/>
	<gameDuration value='1205'/>

	<player>
		<unitScore value='4950'/>
		<killScore value='1650'/>
		<buildingScore value='2175'/>
		<razingScore value='0'/>
		<mineralScore value='7330'/>
		<gasScore value='968'/>
		<totalScore value='17073'/>
	</player>

	<enemy>
		<race value='Terran'/>
		<unitScore value='7675'/>
		<unitScore value='7675'/>
		<killScore value='9900'/>
		<buildingScore value='2900'/>
		<razingScore value='6525'/>
		<mineralScore value='8914'/>
		<gasScore value='3328'/>
		<totalScore value='39242'/>
	</enemy>

	<scoreRatio value='0.43507'/>
</results>
