<results>
	<result value='win'/>
	<start value='2015-04-30.19:28:17'/>
	<end value='2015-04-30.19:28:25'/>
	<frames value='14324'/>
	<gameDuration value='895'/>

	<player>
		<unitScore value='4350'/>
		<killScore value='6200'/>
		<buildingScore value='2075'/>
		<razingScore value='3600'/>
		<mineralScore value='6922'/>
		<gasScore value='912'/>
		<totalScore value='24059'/>
	</player>

	<enemy>
		<race value='Terran'/>
		<unitScore value='3100'/>
		<unitScore value='3100'/>
		<killScore value='1000'/>
		<buildingScore value='1200'/>
		<razingScore value='1350'/>
		<mineralScore value='4698'/>
		<gasScore value='1336'/>
		<totalScore value='12684'/>
	</enemy>

	<scoreRatio value='1.8968'/>
</results>
