<results>
	<result value='loss'/>
	<start value='2015-04-30.19:33:45'/>
	<end value='2015-04-30.19:34:16'/>
	<frames value='42007'/>
	<gameDuration value='2625'/>

	<player>
		<unitScore value='9200'/>
		<killScore value='8900'/>
		<buildingScore value='3675'/>
		<razingScore value='0'/>
		<mineralScore value='13898'/>
		<gasScore value='2832'/>
		<totalScore value='38505'/>
	</player>

	<enemy>
		<race value='Terran'/>
		<unitScore value='23075'/>
		<unitScore value='23075'/>
		<killScore value='18400'/>
		<buildingScore value='5425'/>
		<razingScore value='11025'/>
		<mineralScore value='20626'/>
		<gasScore value='13072'/>
		<totalScore value='91623'/>
	</enemy>

	<scoreRatio value='0.420255'/>
</results>
