<results>
	<result value='win'/>
	<start value='2015-04-30.19:42:02'/>
	<end value='2015-04-30.19:42:18'/>
	<frames value='21733'/>
	<gameDuration value='1358'/>

	<player>
		<unitScore value='8700'/>
		<killScore value='15350'/>
		<buildingScore value='2850'/>
		<razingScore value='6375'/>
		<mineralScore value='14502'/>
		<gasScore value='2392'/>
		<totalScore value='50169'/>
	</player>

	<enemy>
		<race value='Terran'/>
		<unitScore value='7675'/>
		<unitScore value='7675'/>
		<killScore value='4100'/>
		<buildingScore value='2125'/>
		<razingScore value='0'/>
		<mineralScore value='8834'/>
		<gasScore value='2712'/>
		<totalScore value='25446'/>
	</enemy>

	<scoreRatio value='1.97159'/>
</results>
