<results>
	<result value='loss'/>
	<start value='2015-04-30.19:53:32'/>
	<end value='2015-04-30.19:53:45'/>
	<frames value='21082'/>
	<gameDuration value='1317'/>

	<player>
		<unitScore value='5325'/>
		<killScore value='3500'/>
		<buildingScore value='2150'/>
		<razingScore value='0'/>
		<mineralScore value='7922'/>
		<gasScore value='1144'/>
		<totalScore value='20041'/>
	</player>

	<enemy>
		<race value='Terran'/>
		<unitScore value='8250'/>
		<unitScore value='8250'/>
		<killScore value='10650'/>
		<buildingScore value='3125'/>
		<razingScore value='6450'/>
		<mineralScore value='10122'/>
		<gasScore value='4048'/>
		<totalScore value='42645'/>
	</enemy>

	<scoreRatio value='0.46995'/>
</results>
