<results>
	<result value='loss'/>
	<start value='2015-04-30.19:53:49'/>
	<end value='2015-04-30.19:54:33'/>
	<frames value='54810'/>
	<gameDuration value='3425'/>

	<player>
		<unitScore value='22575'/>
		<killScore value='31450'/>
		<buildingScore value='3200'/>
		<razingScore value='2025'/>
		<mineralScore value='24482'/>
		<gasScore value='4016'/>
		<totalScore value='87748'/>
	</player>

	<enemy>
		<race value='Terran'/>
		<unitScore value='39075'/>
		<unitScore value='39075'/>
		<killScore value='45150'/>
		<buildingScore value='5550'/>
		<razingScore value='9600'/>
		<mineralScore value='26722'/>
		<gasScore value='16852'/>
		<totalScore value='142949'/>
	</enemy>

	<scoreRatio value='0.613841'/>
</results>
