<results>
	<result value='win'/>
	<start value='2015-04-30.19:58:29'/>
	<end value='2015-04-30.19:59:37'/>
	<frames value='46502'/>
	<gameDuration value='2906'/>

	<player>
		<unitScore value='24025'/>
		<killScore value='40700'/>
		<buildingScore value='5300'/>
		<razingScore value='14100'/>
		<mineralScore value='33558'/>
		<gasScore value='4348'/>
		<totalScore value='122031'/>
	</player>

	<enemy>
		<race value='Terran'/>
		<unitScore value='22250'/>
		<unitScore value='22250'/>
		<killScore value='24300'/>
		<buildingScore value='4700'/>
		<razingScore value='1500'/>
		<mineralScore value='18794'/>
		<gasScore value='10262'/>
		<totalScore value='81806'/>
	</enemy>

	<scoreRatio value='1.49171'/>
</results>
