<results>
	<result value='win'/>
	<start value='2015-04-30.20:02:38'/>
	<end value='2015-04-30.20:03:09'/>
	<frames value='31746'/>
	<gameDuration value='1984'/>

	<player>
		<unitScore value='17075'/>
		<killScore value='29750'/>
		<buildingScore value='3100'/>
		<razingScore value='10650'/>
		<mineralScore value='20906'/>
		<gasScore value='2144'/>
		<totalScore value='83625'/>
	</player>

	<enemy>
		<race value='Terran'/>
		<unitScore value='15975'/>
		<unitScore value='15975'/>
		<killScore value='16000'/>
		<buildingScore value='3550'/>
		<razingScore value='150'/>
		<mineralScore value='14478'/>
		<gasScore value='6848'/>
		<totalScore value='57001'/>
	</enemy>

	<scoreRatio value='1.46708'/>
</results>
