<results>
	<result value='win'/>
	<start value='2015-04-30.20:04:27'/>
	<end value='2015-04-30.20:05:00'/>
	<frames value='28584'/>
	<gameDuration value='1786'/>

	<player>
		<unitScore value='15625'/>
		<killScore value='25150'/>
		<buildingScore value='4025'/>
		<razingScore value='10950'/>
		<mineralScore value='28706'/>
		<gasScore value='2688'/>
		<totalScore value='87144'/>
	</player>

	<enemy>
		<race value='Terran'/>
		<unitScore value='13375'/>
		<unitScore value='13375'/>
		<killScore value='7400'/>
		<buildingScore value='3650'/>
		<razingScore value='150'/>
		<mineralScore value='13218'/>
		<gasScore value='5920'/>
		<totalScore value='43713'/>
	</enemy>

	<scoreRatio value='1.99355'/>
</results>
