<results>
	<result value='win'/>
	<start value='2015-04-30.20:08:16'/>
	<end value='2015-04-30.20:08:51'/>
	<frames value='36179'/>
	<gameDuration value='2261'/>

	<player>
		<unitScore value='17750'/>
		<killScore value='32400'/>
		<buildingScore value='4500'/>
		<razingScore value='10800'/>
		<mineralScore value='24514'/>
		<gasScore value='4264'/>
		<totalScore value='94228'/>
	</player>

	<enemy>
		<race value='Terran'/>
		<unitScore value='17300'/>
		<unitScore value='17300'/>
		<killScore value='18250'/>
		<buildingScore value='3600'/>
		<razingScore value='2700'/>
		<mineralScore value='16030'/>
		<gasScore value='7368'/>
		<totalScore value='65248'/>
	</enemy>

	<scoreRatio value='1.44415'/>
</results>
