<results>
	<result value='win'/>
	<start value='2015-04-30.20:17:35'/>
	<end value='2015-04-30.20:18:10'/>
	<frames value='32304'/>
	<gameDuration value='2019'/>

	<player>
		<unitScore value='14575'/>
		<killScore value='27850'/>
		<buildingScore value='4025'/>
		<razingScore value='10275'/>
		<mineralScore value='28874'/>
		<gasScore value='2896'/>
		<totalScore value='88495'/>
	</player>

	<enemy>
		<race value='Terran'/>
		<unitScore value='15525'/>
		<unitScore value='15525'/>
		<killScore value='7700'/>
		<buildingScore value='3425'/>
		<razingScore value='600'/>
		<mineralScore value='14338'/>
		<gasScore value='6952'/>
		<totalScore value='48540'/>
	</enemy>

	<scoreRatio value='1.82314'/>
</results>
