<results>
	<result value='win'/>
	<start value='2015-05-06.01:24:04'/>
	<end value='2015-05-06.01:24:56'/>
	<frames value='32614'/>
	<gameDuration value='2038'/>

	<player>
		<unitScore value='20875'/>
		<killScore value='35970'/>
		<buildingScore value='4400'/>
		<razingScore value='6495'/>
		<mineralScore value='30282'/>
		<gasScore value='2944'/>
		<totalScore value='100966'/>
	</player>

	<enemy>
		<race value='Zerg'/>
		<unitScore value='15775'/>
		<unitScore value='15775'/>
		<killScore value='19300'/>
		<buildingScore value='2165'/>
		<razingScore value='0'/>
		<mineralScore value='15030'/>
		<gasScore value='4560'/>
		<totalScore value='56830'/>
	</enemy>

	<scoreRatio value='1.77663'/>
	<timeFitness value='0.716944'/>
	<unitsAverage value='109'/>
</results>
