<results>
	<result value='win'/>
	<start value='2015-05-06.02:13:04'/>
	<end value='2015-05-06.02:13:35'/>
	<frames value='24833'/>
	<gameDuration value='1552'/>

	<player>
		<unitScore value='14650'/>
		<killScore value='17545'/>
		<buildingScore value='3975'/>
		<razingScore value='5460'/>
		<mineralScore value='20786'/>
		<gasScore value='2160'/>
		<totalScore value='64576'/>
	</player>

	<enemy>
		<race value='Zerg'/>
		<unitScore value='8500'/>
		<unitScore value='8500'/>
		<killScore value='10600'/>
		<buildingScore value='1820'/>
		<razingScore value='0'/>
		<mineralScore value='8314'/>
		<gasScore value='2496'/>
		<totalScore value='31730'/>
	</enemy>

	<scoreRatio value='2.03517'/>
	<timeFitness value='0.784444'/>
	<unitsAverage value='82'/>
</results>
