<results>
	<result value='win'/>
	<start value='2015-05-05.19:16:53'/>
	<end value='2015-05-05.19:17:42'/>
	<frames value='51338'/>
	<gameDuration value='3208'/>

	<player>
		<unitScore value='21825'/>
		<killScore value='28550'/>
		<buildingScore value='4825'/>
		<razingScore value='11775'/>
		<mineralScore value='37674'/>
		<gasScore value='5148'/>
		<totalScore value='109797'/>
	</player>

	<enemy>
		<race value='Terran'/>
		<unitScore value='16475'/>
		<unitScore value='16475'/>
		<killScore value='26000'/>
		<buildingScore value='3925'/>
		<razingScore value='2325'/>
		<mineralScore value='14714'/>
		<gasScore value='7628'/>
		<totalScore value='71067'/>
	</enemy>

	<scoreRatio value='1.54498'/>
	<timeFitness value='0.554444'/>
	<unitsAverage value='91'/>
</results>
