<results>
	<result value='win'/>
	<start value='2015-05-05.19:21:13'/>
	<end value='2015-05-05.19:21:34'/>
	<frames value='24182'/>
	<gameDuration value='1511'/>

	<player>
		<unitScore value='12775'/>
		<killScore value='14000'/>
		<buildingScore value='3725'/>
		<razingScore value='5475'/>
		<mineralScore value='19574'/>
		<gasScore value='2096'/>
		<totalScore value='57645'/>
	</player>

	<enemy>
		<race value='Terran'/>
		<unitScore value='7000'/>
		<unitScore value='7000'/>
		<killScore value='11750'/>
		<buildingScore value='1900'/>
		<razingScore value='1650'/>
		<mineralScore value='9818'/>
		<gasScore value='3016'/>
		<totalScore value='35134'/>
	</enemy>

	<scoreRatio value='1.64072'/>
	<timeFitness value='0.790139'/>
	<unitsAverage value='68'/>
</results>
