<results>
	<result value='win'/>
	<start value='2015-05-05.19:25:32'/>
	<end value='2015-05-05.19:25:50'/>
	<frames value='20989'/>
	<gameDuration value='1311'/>

	<player>
		<unitScore value='11625'/>
		<killScore value='15900'/>
		<buildingScore value='3500'/>
		<razingScore value='5250'/>
		<mineralScore value='18550'/>
		<gasScore value='1704'/>
		<totalScore value='56529'/>
	</player>

	<enemy>
		<race value='Terran'/>
		<unitScore value='7950'/>
		<unitScore value='7950'/>
		<killScore value='7100'/>
		<buildingScore value='1750'/>
		<razingScore value='300'/>
		<mineralScore value='9082'/>
		<gasScore value='2912'/>
		<totalScore value='29094'/>
	</enemy>

	<scoreRatio value='1.94298'/>
	<timeFitness value='0.817917'/>
	<unitsAverage value='74'/>
</results>
