<results>
	<result value='win'/>
	<start value='2015-05-05.19:27:46'/>
	<end value='2015-05-05.19:28:00'/>
	<frames value='20679'/>
	<gameDuration value='1292'/>

	<player>
		<unitScore value='8175'/>
		<killScore value='13200'/>
		<buildingScore value='2425'/>
		<razingScore value='4275'/>
		<mineralScore value='10866'/>
		<gasScore value='1080'/>
		<totalScore value='40021'/>
	</player>

	<enemy>
		<race value='Terran'/>
		<unitScore value='6600'/>
		<unitScore value='6600'/>
		<killScore value='5050'/>
		<buildingScore value='1500'/>
		<razingScore value='0'/>
		<mineralScore value='8970'/>
		<gasScore value='2576'/>
		<totalScore value='24696'/>
	</enemy>

	<scoreRatio value='1.62055'/>
	<timeFitness value='0.820556'/>
	<unitsAverage value='48'/>
</results>
