<results>
	<result value='win'/>
	<start value='2015-05-05.19:30:20'/>
	<end value='2015-05-05.19:30:52'/>
	<frames value='30475'/>
	<gameDuration value='1904'/>

	<player>
		<unitScore value='20375'/>
		<killScore value='28500'/>
		<buildingScore value='4225'/>
		<razingScore value='6825'/>
		<mineralScore value='28170'/>
		<gasScore value='2192'/>
		<totalScore value='90287'/>
	</player>

	<enemy>
		<race value='Terran'/>
		<unitScore value='14250'/>
		<unitScore value='14250'/>
		<killScore value='18150'/>
		<buildingScore value='2350'/>
		<razingScore value='300'/>
		<mineralScore value='12050'/>
		<gasScore value='4608'/>
		<totalScore value='51708'/>
	</enemy>

	<scoreRatio value='1.74609'/>
	<timeFitness value='0.735556'/>
	<unitsAverage value='93'/>
</results>
