<results>
	<result value='win'/>
	<start value='2015-05-05.19:32:02'/>
	<end value='2015-05-05.19:32:21'/>
	<frames value='30444'/>
	<gameDuration value='1902'/>

	<player>
		<unitScore value='12800'/>
		<killScore value='26250'/>
		<buildingScore value='2625'/>
		<razingScore value='10350'/>
		<mineralScore value='15678'/>
		<gasScore value='2048'/>
		<totalScore value='69751'/>
	</player>

	<enemy>
		<race value='Terran'/>
		<unitScore value='15125'/>
		<unitScore value='15125'/>
		<killScore value='14300'/>
		<buildingScore value='3450'/>
		<razingScore value='1950'/>
		<mineralScore value='13638'/>
		<gasScore value='5920'/>
		<totalScore value='54383'/>
	</enemy>

	<scoreRatio value='1.28259'/>
	<timeFitness value='0.735833'/>
	<unitsAverage value='52'/>
</results>
