<results>
	<result value='win'/>
	<start value='2015-05-05.19:38:44'/>
	<end value='2015-05-05.19:39:35'/>
	<frames value='35590'/>
	<gameDuration value='2224'/>

	<player>
		<unitScore value='22150'/>
		<killScore value='34050'/>
		<buildingScore value='3850'/>
		<razingScore value='9375'/>
		<mineralScore value='35962'/>
		<gasScore value='3688'/>
		<totalScore value='109075'/>
	</player>

	<enemy>
		<race value='Terran'/>
		<unitScore value='19725'/>
		<unitScore value='19725'/>
		<killScore value='20100'/>
		<buildingScore value='3200'/>
		<razingScore value='525'/>
		<mineralScore value='16770'/>
		<gasScore value='8310'/>
		<totalScore value='68630'/>
	</enemy>

	<scoreRatio value='1.58932'/>
	<timeFitness value='0.691111'/>
	<unitsAverage value='126'/>
</results>
