<results>
	<result value='loss'/>
	<start value='2015-05-04.13:08:04'/>
	<end value='2015-05-04.13:08:22'/>
	<frames value='22725'/>
	<gameDuration value='1420'/>

	<player>
		<unitScore value='4250'/>
		<killScore value='8700'/>
		<buildingScore value='1850'/>
		<razingScore value='0'/>
		<mineralScore value='5930'/>
		<gasScore value='1448'/>
		<totalScore value='22178'/>
	</player>

	<enemy>
		<race value='Zerg'/>
		<unitScore value='10075'/>
		<unitScore value='10075'/>
		<killScore value='8500'/>
		<buildingScore value='2955'/>
		<razingScore value='5550'/>
		<mineralScore value='12386'/>
		<gasScore value='3800'/>
		<totalScore value='43266'/>
	</enemy>

	<scoreRatio value='0.512596'/>
	<timeFitness value='0.197222'/>
	<unitsAverage value='28'/>
</results>
