<results>
	<result value='loss'/>
	<start value='2015-05-04.13:08:25'/>
	<end value='2015-05-04.13:08:40'/>
	<frames value='18974'/>
	<gameDuration value='1185'/>

	<player>
		<unitScore value='2700'/>
		<killScore value='50'/>
		<buildingScore value='2250'/>
		<razingScore value='0'/>
		<mineralScore value='9882'/>
		<gasScore value='0'/>
		<totalScore value='14882'/>
	</player>

	<enemy>
		<race value='Zerg'/>
		<unitScore value='8075'/>
		<unitScore value='8075'/>
		<killScore value='5400'/>
		<buildingScore value='2035'/>
		<razingScore value='6750'/>
		<mineralScore value='8642'/>
		<gasScore value='2624'/>
		<totalScore value='33526'/>
	</enemy>

	<scoreRatio value='0.443894'/>
	<timeFitness value='0.164583'/>
	<unitsAverage value='27'/>
</results>
