<results>
	<result value='loss'/>
	<start value='2015-04-08.04:28:47'/>
	<end value='2015-04-08.04:29:27'/>
	<frames value='53694'/>
	<gameDuration value='3355'/>

	<player>
		<unitScore value='24225'/>
		<killScore value='43000'/>
		<buildingScore value='2775'/>
		<razingScore value='1050'/>
		<mineralScore value='24010'/>
		<gasScore value='3408'/>
		<totalScore value='98468'/>
	</player>

	<enemy>
		<race value='Protoss'/>
		<unitScore value='44610'/>
		<unitScore value='44610'/>
		<killScore value='48450'/>
		<buildingScore value='8325'/>
		<razingScore value='8325'/>
		<mineralScore value='37250'/>
		<gasScore value='14336'/>
		<totalScore value='161296'/>
	</enemy>

	<scoreRatio value='0.61048'/>
</results>
