<results>
	<result value='loss'/>
	<start value='2015-07-08.14:56:15'/>
	<end value='2015-07-08.14:56:46'/>
	<frames value='23190'/>
	<gameDuration value='1449'/>

	<player>
		<unitScore value='7675'/>
		<killScore value='6450'/>
		<buildingScore value='1575'/>
		<razingScore value='0'/>
		<mineralScore value='7754'/>
		<gasScore value='1016'/>
		<totalScore value='24470'/>
	</player>

	<enemy>
		<race value='Terran'/>
		<unitScore value='9625'/>
		<killScore value='11450'/>
		<buildingScore value='3300'/>
		<razingScore value='4725'/>
		<mineralScore value='11346'/>
		<gasScore value='4352'/>
		<totalScore value='44798'/>
	</enemy>

	<scoreRatio value='0.54623'/>
	<timeFitness value='0.20125'/>
	<unitsAverage value='36'/>
</results>
