<results>
	<result value='loss'/>
	<start value='2015-07-08.14:57:26'/>
	<end value='2015-07-08.14:57:49'/>
	<frames value='19501'/>
	<gameDuration value='1218'/>

	<player>
		<unitScore value='6000'/>
		<killScore value='2650'/>
		<buildingScore value='1850'/>
		<razingScore value='0'/>
		<mineralScore value='8386'/>
		<gasScore value='1120'/>
		<totalScore value='20006'/>
	</player>

	<enemy>
		<race value='Terran'/>
		<unitScore value='7675'/>
		<killScore value='12000'/>
		<buildingScore value='2850'/>
		<razingScore value='5550'/>
		<mineralScore value='9130'/>
		<gasScore value='3400'/>
		<totalScore value='40605'/>
	</enemy>

	<scoreRatio value='0.492698'/>
	<timeFitness value='0.169167'/>
	<unitsAverage value='29'/>
</results>
