<results>
	<result value='loss'/>
	<start value='2015-07-19.23:37:31'/>
	<end value='2015-07-19.23:37:56'/>
	<frames value='24616'/>
	<gameDuration value='1538'/>

	<player>
		<unitScore value='11250'/>
		<killScore value='9850'/>
		<buildingScore value='2800'/>
		<razingScore value='0'/>
		<mineralScore value='19598'/>
		<gasScore value='1368'/>
		<totalScore value='44866'/>
	</player>

	<enemy>
		<race value='Zerg'/>
		<unitScore value='13550'/>
		<killScore value='21600'/>
		<buildingScore value='2955'/>
		<razingScore value='8400'/>
		<mineralScore value='13642'/>
		<gasScore value='4168'/>
		<totalScore value='64315'/>
	</enemy>

	<scoreRatio value='0.697598'/>
	<timeFitness value='0.213611'/>
	<unitsAverage value='57'/>
</results>
