<results>
	<result value='loss'/>
	<start value='2015-07-19.23:41:36'/>
	<end value='2015-07-19.23:42:09'/>
	<frames value='29111'/>
	<gameDuration value='1819'/>

	<player>
		<unitScore value='15600'/>
		<killScore value='10750'/>
		<buildingScore value='3625'/>
		<razingScore value='0'/>
		<mineralScore value='21486'/>
		<gasScore value='2320'/>
		<totalScore value='53781'/>
	</player>

	<enemy>
		<race value='Zerg'/>
		<unitScore value='13950'/>
		<killScore value='31200'/>
		<buildingScore value='3555'/>
		<razingScore value='10875'/>
		<mineralScore value='18150'/>
		<gasScore value='4576'/>
		<totalScore value='82306'/>
	</enemy>

	<scoreRatio value='0.653427'/>
	<timeFitness value='0.252639'/>
	<unitsAverage value='58'/>
</results>
