<results>
	<result value='loss'/>
	<start value='2015-07-19.23:45:44'/>
	<end value='2015-07-19.23:46:17'/>
	<frames value='31126'/>
	<gameDuration value='1945'/>

	<player>
		<unitScore value='13375'/>
		<killScore value='9850'/>
		<buildingScore value='3575'/>
		<razingScore value='0'/>
		<mineralScore value='21854'/>
		<gasScore value='1376'/>
		<totalScore value='50030'/>
	</player>

	<enemy>
		<race value='Zerg'/>
		<unitScore value='15150'/>
		<killScore value='26750'/>
		<buildingScore value='3895'/>
		<razingScore value='10725'/>
		<mineralScore value='16522'/>
		<gasScore value='6144'/>
		<totalScore value='79186'/>
	</enemy>

	<scoreRatio value='0.631804'/>
	<timeFitness value='0.270139'/>
	<unitsAverage value='52'/>
</results>
