<results>
	<result value='loss'/>
	<start value='2014-07-06.04:18:24'/>
	<end value='2014-07-06.04:18:56'/>
	<frames value='44890'/>
	<gameDuration value='2805'/>

	<player>
		<unitScore value='22350'/>
		<killScore value='24750'/>
		<buildingScore value='2475'/>
		<razingScore value='600'/>
		<mineralScore value='22974'/>
		<gasScore value='2592'/>
		<totalScore value='75741'/>
	</player>

	<enemy>
		<race value='Protoss'/>
		<unitScore value='32875'/>
		<unitScore value='32875'/>
		<killScore value='44700'/>
		<buildingScore value='7625'/>
		<razingScore value='7425'/>
		<mineralScore value='31666'/>
		<gasScore value='11692'/>
		<totalScore value='135983'/>
	</enemy>

	<scoreRatio value='0.556989'/>
</results>
