<results>
	<result value='loss'/>
	<start value='2015-05-09.21:32:13'/>
	<end value='2015-05-09.21:32:27'/>
	<frames value='18912'/>
	<gameDuration value='1182'/>

	<player>
		<unitScore value='4425'/>
		<killScore value='2550'/>
		<buildingScore value='1750'/>
		<razingScore value='0'/>
		<mineralScore value='6322'/>
		<gasScore value='1192'/>
		<totalScore value='16239'/>
	</player>

	<enemy>
		<race value='Protoss'/>
		<unitScore value='6675'/>
		<unitScore value='6675'/>
		<killScore value='8750'/>
		<buildingScore value='3475'/>
		<razingScore value='5250'/>
		<mineralScore value='9258'/>
		<gasScore value='2936'/>
		<totalScore value='36344'/>
	</enemy>

	<scoreRatio value='0.446814'/>
	<timeFitness value='0.164167'/>
	<unitsAverage value='28'/>
</results>
