<results>
	<result value='win'/>
	<start value='2015-05-09.21:33:31'/>
	<end value='2015-05-09.21:34:17'/>
	<frames value='27065'/>
	<gameDuration value='1691'/>

	<player>
		<unitScore value='15825'/>
		<killScore value='20400'/>
		<buildingScore value='4450'/>
		<razingScore value='12975'/>
		<mineralScore value='29106'/>
		<gasScore value='2584'/>
		<totalScore value='85340'/>
	</player>

	<enemy>
		<race value='Protoss'/>
		<unitScore value='10425'/>
		<unitScore value='10425'/>
		<killScore value='9100'/>
		<buildingScore value='4325'/>
		<razingScore value='0'/>
		<mineralScore value='17466'/>
		<gasScore value='2536'/>
		<totalScore value='43852'/>
	</enemy>

	<scoreRatio value='1.94609'/>
	<timeFitness value='0.765139'/>
	<unitsAverage value='108'/>
</results>
