<results>
	<result value='win'/>
	<start value='2015-05-09.21:42:49'/>
	<end value='2015-05-09.21:43:55'/>
	<frames value='33451'/>
	<gameDuration value='2090'/>

	<player>
		<unitScore value='25250'/>
		<killScore value='40950'/>
		<buildingScore value='3950'/>
		<razingScore value='18600'/>
		<mineralScore value='29238'/>
		<gasScore value='3408'/>
		<totalScore value='121396'/>
	</player>

	<enemy>
		<race value='Protoss'/>
		<unitScore value='21025'/>
		<unitScore value='21025'/>
		<killScore value='27250'/>
		<buildingScore value='6200'/>
		<razingScore value='375'/>
		<mineralScore value='22634'/>
		<gasScore value='7408'/>
		<totalScore value='84892'/>
	</enemy>

	<scoreRatio value='1.43001'/>
	<timeFitness value='0.709722'/>
	<unitsAverage value='122'/>
</results>
