<results>
	<result value='loss'/>
	<start value='2015-05-03.16:57:34'/>
	<end value='2015-05-03.16:57:51'/>
	<frames value='31994'/>
	<gameDuration value='1999'/>

	<player>
		<unitScore value='9675'/>
		<killScore value='7800'/>
		<buildingScore value='2250'/>
		<razingScore value='0'/>
		<mineralScore value='14754'/>
		<gasScore value='592'/>
		<totalScore value='35071'/>
	</player>

	<enemy>
		<race value='Protoss'/>
		<unitScore value='19000'/>
		<unitScore value='19000'/>
		<killScore value='19350'/>
		<buildingScore value='6875'/>
		<razingScore value='6750'/>
		<mineralScore value='22426'/>
		<gasScore value='8064'/>
		<totalScore value='82465'/>
	</enemy>

	<scoreRatio value='0.425283'/>
	<timeFitness value='0.277639'/>
	<unitsAverage value='43'/>
</results>
