<results>
	<result value='win'/>
	<start value='2015-05-09.21:55:25'/>
	<end value='2015-05-09.21:56:03'/>
	<frames value='27530'/>
	<gameDuration value='1720'/>

	<player>
		<unitScore value='14000'/>
		<killScore value='10200'/>
		<buildingScore value='3500'/>
		<razingScore value='13275'/>
		<mineralScore value='20978'/>
		<gasScore value='3144'/>
		<totalScore value='65097'/>
	</player>

	<enemy>
		<race value='Protoss'/>
		<unitScore value='5100'/>
		<unitScore value='5100'/>
		<killScore value='9850'/>
		<buildingScore value='4425'/>
		<razingScore value='0'/>
		<mineralScore value='14242'/>
		<gasScore value='1552'/>
		<totalScore value='35169'/>
	</enemy>

	<scoreRatio value='1.85098'/>
	<timeFitness value='0.761111'/>
	<unitsAverage value='82'/>
</results>
