<results>
	<result value='win'/>
	<start value='2015-05-09.21:56:22'/>
	<end value='2015-05-09.21:57:22'/>
	<frames value='35900'/>
	<gameDuration value='2243'/>

	<player>
		<unitScore value='24250'/>
		<killScore value='29550'/>
		<buildingScore value='4075'/>
		<razingScore value='19275'/>
		<mineralScore value='29726'/>
		<gasScore value='2456'/>
		<totalScore value='109332'/>
	</player>

	<enemy>
		<race value='Protoss'/>
		<unitScore value='14775'/>
		<unitScore value='14775'/>
		<killScore value='24700'/>
		<buildingScore value='6425'/>
		<razingScore value='450'/>
		<mineralScore value='17846'/>
		<gasScore value='5440'/>
		<totalScore value='69636'/>
	</enemy>

	<scoreRatio value='1.57005'/>
	<timeFitness value='0.688472'/>
	<unitsAverage value='102'/>
</results>
