<results>
	<result value='win'/>
	<start value='2015-05-09.21:57:25'/>
	<end value='2015-05-09.21:57:47'/>
	<frames value='20927'/>
	<gameDuration value='1307'/>

	<player>
		<unitScore value='8575'/>
		<killScore value='9300'/>
		<buildingScore value='2275'/>
		<razingScore value='9675'/>
		<mineralScore value='14786'/>
		<gasScore value='2200'/>
		<totalScore value='46811'/>
	</player>

	<enemy>
		<race value='Protoss'/>
		<unitScore value='4975'/>
		<unitScore value='4975'/>
		<killScore value='7700'/>
		<buildingScore value='3225'/>
		<razingScore value='675'/>
		<mineralScore value='8170'/>
		<gasScore value='2056'/>
		<totalScore value='26801'/>
	</enemy>

	<scoreRatio value='1.74661'/>
	<timeFitness value='0.818472'/>
	<unitsAverage value='60'/>
</results>
