<results>
	<result value='loss'/>
	<start value='2015-04-15.04:24:10'/>
	<end value='2015-04-15.04:24:24'/>
	<frames value='16184'/>
	<gameDuration value='1011'/>

	<player>
		<unitScore value='4975'/>
		<killScore value='3600'/>
		<buildingScore value='1475'/>
		<razingScore value='0'/>
		<mineralScore value='6250'/>
		<gasScore value='968'/>
		<totalScore value='17268'/>
	</player>

	<enemy>
		<race value='Protoss'/>
		<unitScore value='3550'/>
		<unitScore value='3550'/>
		<killScore value='9950'/>
		<buildingScore value='3525'/>
		<razingScore value='4425'/>
		<mineralScore value='8386'/>
		<gasScore value='1624'/>
		<totalScore value='31460'/>
	</enemy>

	<scoreRatio value='0.548887'/>
</results>
