<results>
	<result value='loss'/>
	<start value='2015-04-15.04:31:05'/>
	<end value='2015-04-15.04:31:45'/>
	<frames value='35590'/>
	<gameDuration value='2224'/>

	<player>
		<unitScore value='12125'/>
		<killScore value='9250'/>
		<buildingScore value='2725'/>
		<razingScore value='150'/>
		<mineralScore value='16146'/>
		<gasScore value='1496'/>
		<totalScore value='41892'/>
	</player>

	<enemy>
		<race value='Protoss'/>
		<unitScore value='20675'/>
		<unitScore value='20675'/>
		<killScore value='24250'/>
		<buildingScore value='7375'/>
		<razingScore value='8175'/>
		<mineralScore value='22978'/>
		<gasScore value='9064'/>
		<totalScore value='92517'/>
	</enemy>

	<scoreRatio value='0.452803'/>
</results>
