<results>
	<result value='win'/>
	<start value='2015-04-15.04:50:08'/>
	<end value='2015-04-15.04:51:23'/>
	<frames value='37791'/>
	<gameDuration value='2361'/>

	<player>
		<unitScore value='21800'/>
		<killScore value='25350'/>
		<buildingScore value='4925'/>
		<razingScore value='18900'/>
		<mineralScore value='28770'/>
		<gasScore value='4888'/>
		<totalScore value='104633'/>
	</player>

	<enemy>
		<race value='Protoss'/>
		<unitScore value='13100'/>
		<unitScore value='13100'/>
		<killScore value='18550'/>
		<buildingScore value='6300'/>
		<razingScore value='2175'/>
		<mineralScore value='17114'/>
		<gasScore value='6408'/>
		<totalScore value='63647'/>
	</enemy>

	<scoreRatio value='1.64396'/>
</results>
