<results>
	<result value='loss'/>
	<start value='2015-04-15.00:42:50'/>
	<end value='2015-04-15.00:43:22'/>
	<frames value='33110'/>
	<gameDuration value='2069'/>

	<player>
		<unitScore value='6750'/>
		<killScore value='5600'/>
		<buildingScore value='2375'/>
		<razingScore value='0'/>
		<mineralScore value='9642'/>
		<gasScore value='1232'/>
		<totalScore value='25599'/>
	</player>

	<enemy>
		<race value='Protoss'/>
		<unitScore value='16950'/>
		<unitScore value='16950'/>
		<killScore value='13600'/>
		<buildingScore value='6925'/>
		<razingScore value='7125'/>
		<mineralScore value='21658'/>
		<gasScore value='7952'/>
		<totalScore value='74210'/>
	</enemy>

	<scoreRatio value='0.344954'/>
</results>
