<results>
	<result value='win'/>
	<start value='2015-04-15.00:47:10'/>
	<end value='2015-04-15.00:48:34'/>
	<frames value='36737'/>
	<gameDuration value='2296'/>

	<player>
		<unitScore value='24500'/>
		<killScore value='28450'/>
		<buildingScore value='3850'/>
		<razingScore value='17475'/>
		<mineralScore value='29150'/>
		<gasScore value='5008'/>
		<totalScore value='108433'/>
	</player>

	<enemy>
		<race value='Protoss'/>
		<unitScore value='15975'/>
		<unitScore value='15975'/>
		<killScore value='25250'/>
		<buildingScore value='5825'/>
		<razingScore value='0'/>
		<mineralScore value='17058'/>
		<gasScore value='5928'/>
		<totalScore value='70036'/>
	</enemy>

	<scoreRatio value='1.54825'/>
</results>
