<results>
	<result value='loss'/>
	<start value='2014-07-05.11:03:17'/>
	<end value='2014-07-05.11:03:27'/>
	<frames value='22074'/>
	<gameDuration value='1379'/>

	<player>
		<unitScore value='7525'/>
		<killScore value='4800'/>
		<buildingScore value='2000'/>
		<razingScore value='1050'/>
		<mineralScore value='9058'/>
		<gasScore value='1144'/>
		<totalScore value='25577'/>
	</player>

	<enemy>
		<race value='Terran'/>
		<unitScore value='7300'/>
		<unitScore value='7300'/>
		<killScore value='14700'/>
		<buildingScore value='3300'/>
		<razingScore value='5850'/>
		<mineralScore value='10610'/>
		<gasScore value='4504'/>
		<totalScore value='46264'/>
	</enemy>

	<scoreRatio value='0.552849'/>
</results>
