<results>
	<result value='loss'/>
	<start value='2015-05-04.03:34:23'/>
	<end value='2015-05-04.03:34:37'/>
	<frames value='16184'/>
	<gameDuration value='1011'/>

	<player>
		<unitScore value='3400'/>
		<killScore value='500'/>
		<buildingScore value='1575'/>
		<razingScore value='0'/>
		<mineralScore value='4858'/>
		<gasScore value='824'/>
		<totalScore value='11157'/>
	</player>

	<enemy>
		<race value='Terran'/>
		<unitScore value='5350'/>
		<unitScore value='5350'/>
		<killScore value='6800'/>
		<buildingScore value='1900'/>
		<razingScore value='4725'/>
		<mineralScore value='7514'/>
		<gasScore value='2248'/>
		<totalScore value='28537'/>
	</enemy>

	<scoreRatio value='0.390966'/>
	<timeFitness value='0.140417'/>
	<unitsAverage value='23'/>
</results>
