<results>
	<result value='win'/>
	<start value='2015-05-04.03:56:22'/>
	<end value='2015-05-04.03:57:08'/>
	<frames value='32428'/>
	<gameDuration value='2026'/>

	<player>
		<unitScore value='15300'/>
		<killScore value='25250'/>
		<buildingScore value='3275'/>
		<razingScore value='9600'/>
		<mineralScore value='18642'/>
		<gasScore value='3128'/>
		<totalScore value='75195'/>
	</player>

	<enemy>
		<race value='Terran'/>
		<unitScore value='12625'/>
		<unitScore value='12625'/>
		<killScore value='16200'/>
		<buildingScore value='3200'/>
		<razingScore value='3150'/>
		<mineralScore value='12050'/>
		<gasScore value='5100'/>
		<totalScore value='52325'/>
	</enemy>

	<scoreRatio value='1.43708'/>
	<timeFitness value='0.718611'/>
	<unitsAverage value='68'/>
</results>
