<results>
	<result value='loss'/>
	<start value='2015-04-11.02:15:56'/>
	<end value='2015-04-11.02:16:42'/>
	<frames value='47835'/>
	<gameDuration value='2989'/>

	<player>
		<unitScore value='23275'/>
		<killScore value='46550'/>
		<buildingScore value='2375'/>
		<razingScore value='600'/>
		<mineralScore value='23986'/>
		<gasScore value='4880'/>
		<totalScore value='101666'/>
	</player>

	<enemy>
		<race value='Protoss'/>
		<unitScore value='41100'/>
		<unitScore value='41100'/>
		<killScore value='46550'/>
		<buildingScore value='7375'/>
		<razingScore value='7125'/>
		<mineralScore value='34290'/>
		<gasScore value='13220'/>
		<totalScore value='149660'/>
	</enemy>

	<scoreRatio value='0.679313'/>
</results>
