<results>
	<result value='win'/>
	<start value='2015-04-11.02:22:34'/>
	<end value='2015-04-11.02:22:54'/>
	<frames value='23996'/>
	<gameDuration value='1499'/>

	<player>
		<unitScore value='14300'/>
		<killScore value='12500'/>
		<buildingScore value='3050'/>
		<razingScore value='9825'/>
		<mineralScore value='17798'/>
		<gasScore value='2224'/>
		<totalScore value='59697'/>
	</player>

	<enemy>
		<race value='Protoss'/>
		<unitScore value='6250'/>
		<unitScore value='6250'/>
		<killScore value='10050'/>
		<buildingScore value='3275'/>
		<razingScore value='150'/>
		<mineralScore value='10314'/>
		<gasScore value='1896'/>
		<totalScore value='31935'/>
	</enemy>

	<scoreRatio value='1.86933'/>
</results>
