<results>
	<result value='draw'/>
	<start value='2015-04-11.02:22:56'/>
	<end value='2015-04-11.02:24:26'/>
	<frames value='57601'/>
	<gameDuration value='3600'/>

	<player>
		<unitScore value='30375'/>
		<killScore value='60050'/>
		<buildingScore value='4025'/>
		<razingScore value='16200'/>
		<mineralScore value='34594'/>
		<gasScore value='7184'/>
		<totalScore value='152428'/>
	</player>

	<enemy>
		<race value='Protoss'/>
		<unitScore value='31925'/>
		<unitScore value='31925'/>
		<killScore value='31600'/>
		<buildingScore value='6400'/>
		<razingScore value='300'/>
		<mineralScore value='28394'/>
		<gasScore value='9112'/>
		<totalScore value='107731'/>
	</enemy>

	<scoreRatio value='1.41489'/>
</results>
