<results>
	<result value='win'/>
	<start value='2015-05-09.13:01:44'/>
	<end value='2015-05-09.13:02:30'/>
	<frames value='41077'/>
	<gameDuration value='2567'/>

	<player>
		<unitScore value='17350'/>
		<killScore value='28050'/>
		<buildingScore value='4625'/>
		<razingScore value='12375'/>
		<mineralScore value='29346'/>
		<gasScore value='3400'/>
		<totalScore value='95146'/>
	</player>

	<enemy>
		<race value='Terran'/>
		<unitScore value='17050'/>
		<unitScore value='17050'/>
		<killScore value='12400'/>
		<buildingScore value='4125'/>
		<razingScore value='1875'/>
		<mineralScore value='15498'/>
		<gasScore value='7832'/>
		<totalScore value='58780'/>
	</enemy>

	<scoreRatio value='1.61868'/>
	<timeFitness value='0.643472'/>
	<unitsAverage value='80'/>
</results>
