<results>
	<result value='loss'/>
	<start value='2015-07-18.09:40:19'/>
	<end value='2015-07-18.09:40:36'/>
	<frames value='17300'/>
	<gameDuration value='1081'/>

	<player>
		<unitScore value='5475'/>
		<killScore value='2100'/>
		<buildingScore value='2025'/>
		<razingScore value='0'/>
		<mineralScore value='6914'/>
		<gasScore value='768'/>
		<totalScore value='17282'/>
	</player>

	<enemy>
		<race value='Terran'/>
		<unitScore value='5800'/>
		<killScore value='10950'/>
		<buildingScore value='1800'/>
		<razingScore value='6075'/>
		<mineralScore value='7994'/>
		<gasScore value='2720'/>
		<totalScore value='35339'/>
	</enemy>

	<scoreRatio value='0.489035'/>
	<timeFitness value='0.150139'/>
	<unitsAverage value='27'/>
</results>
