<results>
	<result value='win'/>
	<start value='2015-07-18.09:40:46'/>
	<end value='2015-07-18.09:43:15'/>
	<frames value='53167'/>
	<gameDuration value='3322'/>

	<player>
		<unitScore value='37250'/>
		<killScore value='21150'/>
		<buildingScore value='4475'/>
		<razingScore value='11175'/>
		<mineralScore value='44090'/>
		<gasScore value='8176'/>
		<totalScore value='126316'/>
	</player>

	<enemy>
		<race value='Terran'/>
		<unitScore value='13075'/>
		<killScore value='42250'/>
		<buildingScore value='3725'/>
		<razingScore value='1575'/>
		<mineralScore value='12074'/>
		<gasScore value='6048'/>
		<totalScore value='78747'/>
	</enemy>

	<scoreRatio value='1.60407'/>
	<timeFitness value='0.538611'/>
	<unitsAverage value='123'/>
</results>
