<results>
	<result value='loss'/>
	<start value='2015-07-18.09:44:55'/>
	<end value='2015-07-18.09:45:23'/>
	<frames value='23810'/>
	<gameDuration value='1488'/>

	<player>
		<unitScore value='10400'/>
		<killScore value='2700'/>
		<buildingScore value='3625'/>
		<razingScore value='0'/>
		<mineralScore value='12866'/>
		<gasScore value='1616'/>
		<totalScore value='31207'/>
	</player>

	<enemy>
		<race value='Terran'/>
		<unitScore value='10125'/>
		<killScore value='20800'/>
		<buildingScore value='4000'/>
		<razingScore value='11025'/>
		<mineralScore value='11666'/>
		<gasScore value='5160'/>
		<totalScore value='62776'/>
	</enemy>

	<scoreRatio value='0.497117'/>
	<timeFitness value='0.206667'/>
	<unitsAverage value='37'/>
</results>
