<results>
	<result value='loss'/>
	<start value='2015-04-11.01:18:17'/>
	<end value='2015-04-11.01:18:31'/>
	<frames value='16308'/>
	<gameDuration value='1019'/>

	<player>
		<unitScore value='4350'/>
		<killScore value='1000'/>
		<buildingScore value='1075'/>
		<razingScore value='0'/>
		<mineralScore value='5970'/>
		<gasScore value='936'/>
		<totalScore value='13331'/>
	</player>

	<enemy>
		<race value='Protoss'/>
		<unitScore value='4875'/>
		<unitScore value='4875'/>
		<killScore value='8700'/>
		<buildingScore value='3175'/>
		<razingScore value='3000'/>
		<mineralScore value='8098'/>
		<gasScore value='2440'/>
		<totalScore value='30288'/>
	</enemy>

	<scoreRatio value='0.440141'/>
</results>
