<results>
	<result value='loss'/>
	<start value='2015-05-10.06:58:43'/>
	<end value='2015-05-10.06:58:55'/>
	<frames value='16277'/>
	<gameDuration value='1017'/>

	<player>
		<unitScore value='3775'/>
		<killScore value='1200'/>
		<buildingScore value='1150'/>
		<razingScore value='0'/>
		<mineralScore value='4730'/>
		<gasScore value='800'/>
		<totalScore value='11655'/>
	</player>

	<enemy>
		<race value='Protoss'/>
		<unitScore value='3550'/>
		<unitScore value='3550'/>
		<killScore value='7550'/>
		<buildingScore value='3375'/>
		<razingScore value='3450'/>
		<mineralScore value='8426'/>
		<gasScore value='1400'/>
		<totalScore value='27751'/>
	</enemy>

	<scoreRatio value='0.419985'/>
	<timeFitness value='0.14125'/>
	<unitsAverage value='23'/>
</results>
