<results>
	<result value='loss'/>
	<start value='2015-05-10.06:58:58'/>
	<end value='2015-05-10.06:59:09'/>
	<frames value='15471'/>
	<gameDuration value='966'/>

	<player>
		<unitScore value='3375'/>
		<killScore value='0'/>
		<buildingScore value='1950'/>
		<razingScore value='0'/>
		<mineralScore value='5722'/>
		<gasScore value='424'/>
		<totalScore value='11471'/>
	</player>

	<enemy>
		<race value='Protoss'/>
		<unitScore value='3550'/>
		<unitScore value='3550'/>
		<killScore value='6750'/>
		<buildingScore value='2925'/>
		<razingScore value='5850'/>
		<mineralScore value='7722'/>
		<gasScore value='1632'/>
		<totalScore value='28429'/>
	</enemy>

	<scoreRatio value='0.403496'/>
	<timeFitness value='0.134167'/>
	<unitsAverage value='24'/>
</results>
