<results>
	<result value='loss'/>
	<start value='2014-07-10.17:10:15'/>
	<end value='2014-07-10.17:10:47'/>
	<frames value='46533'/>
	<gameDuration value='2908'/>

	<player>
		<unitScore value='22300'/>
		<killScore value='36850'/>
		<buildingScore value='2875'/>
		<razingScore value='600'/>
		<mineralScore value='24018'/>
		<gasScore value='4296'/>
		<totalScore value='90939'/>
	</player>

	<enemy>
		<race value='Protoss'/>
		<unitScore value='38475'/>
		<unitScore value='38475'/>
		<killScore value='44700'/>
		<buildingScore value='7625'/>
		<razingScore value='8625'/>
		<mineralScore value='32654'/>
		<gasScore value='12520'/>
		<totalScore value='144599'/>
	</enemy>

	<scoreRatio value='0.628905'/>
</results>
