<results>
	<result value='loss'/>
	<start value='2015-07-21.01:47:18'/>
	<end value='2015-07-21.01:47:56'/>
	<frames value='28212'/>
	<gameDuration value='1763'/>

	<player>
		<unitScore value='13050'/>
		<killScore value='6900'/>
		<buildingScore value='3825'/>
		<razingScore value='0'/>
		<mineralScore value='14914'/>
		<gasScore value='1976'/>
		<totalScore value='40665'/>
	</player>

	<enemy>
		<race value='Zerg'/>
		<unitScore value='15150'/>
		<killScore value='21400'/>
		<buildingScore value='3255'/>
		<razingScore value='11475'/>
		<mineralScore value='16654'/>
		<gasScore value='5904'/>
		<totalScore value='73838'/>
	</enemy>

	<scoreRatio value='0.550733'/>
	<timeFitness value='0.244861'/>
	<unitsAverage value='61'/>
</results>
