<results>
	<result value='win'/>
	<start value='2015-05-02.21:35:07'/>
	<end value='2015-05-02.21:35:48'/>
	<frames value='27003'/>
	<gameDuration value='1687'/>

	<player>
		<unitScore value='16675'/>
		<killScore value='23670'/>
		<buildingScore value='3675'/>
		<razingScore value='6375'/>
		<mineralScore value='22826'/>
		<gasScore value='2128'/>
		<totalScore value='75349'/>
	</player>

	<enemy>
		<race value='Zerg'/>
		<unitScore value='11125'/>
		<unitScore value='11125'/>
		<killScore value='15000'/>
		<buildingScore value='2125'/>
		<razingScore value='0'/>
		<mineralScore value='10658'/>
		<gasScore value='3400'/>
		<totalScore value='42308'/>
	</enemy>

	<scoreRatio value='1.78096'/>
	<timeFitness value='0.765694'/>
	<unitsAverage value='82'/>
</results>
