<results>
	<result value='win'/>
	<start value='2015-05-02.21:44:43'/>
	<end value='2015-05-02.21:45:09'/>
	<frames value='21175'/>
	<gameDuration value='1323'/>

	<player>
		<unitScore value='9000'/>
		<killScore value='19960'/>
		<buildingScore value='2225'/>
		<razingScore value='4635'/>
		<mineralScore value='12610'/>
		<gasScore value='1376'/>
		<totalScore value='49806'/>
	</player>

	<enemy>
		<race value='Zerg'/>
		<unitScore value='8850'/>
		<unitScore value='8850'/>
		<killScore value='7150'/>
		<buildingScore value='1545'/>
		<razingScore value='0'/>
		<mineralScore value='7738'/>
		<gasScore value='2264'/>
		<totalScore value='27547'/>
	</enemy>

	<scoreRatio value='1.80804'/>
	<timeFitness value='0.81625'/>
	<unitsAverage value='57'/>
</results>
