<results>
	<result value='loss'/>
	<start value='2015-05-10.23:29:55'/>
	<end value='2015-05-10.23:30:06'/>
	<frames value='14882'/>
	<gameDuration value='930'/>

	<player>
		<unitScore value='2900'/>
		<killScore value='100'/>
		<buildingScore value='2225'/>
		<razingScore value='0'/>
		<mineralScore value='5458'/>
		<gasScore value='464'/>
		<totalScore value='11147'/>
	</player>

	<enemy>
		<race value='Protoss'/>
		<unitScore value='4000'/>
		<unitScore value='4000'/>
		<killScore value='5800'/>
		<buildingScore value='2525'/>
		<razingScore value='6675'/>
		<mineralScore value='7442'/>
		<gasScore value='1624'/>
		<totalScore value='28066'/>
	</enemy>

	<scoreRatio value='0.397171'/>
	<timeFitness value='0.129167'/>
	<unitsAverage value='22'/>
</results>
