<results>
	<result value='loss'/>
	<start value='2015-05-10.23:34:19'/>
	<end value='2015-05-10.23:35:16'/>
	<frames value='45541'/>
	<gameDuration value='2846'/>

	<player>
		<unitScore value='23700'/>
		<killScore value='24850'/>
		<buildingScore value='2625'/>
		<razingScore value='1200'/>
		<mineralScore value='23998'/>
		<gasScore value='2768'/>
		<totalScore value='79141'/>
	</player>

	<enemy>
		<race value='Protoss'/>
		<unitScore value='32650'/>
		<unitScore value='32650'/>
		<killScore value='47500'/>
		<buildingScore value='7525'/>
		<razingScore value='7875'/>
		<mineralScore value='32446'/>
		<gasScore value='11432'/>
		<totalScore value='139428'/>
	</enemy>

	<scoreRatio value='0.567612'/>
	<timeFitness value='0.395278'/>
	<unitsAverage value='69'/>
</results>
