<results>
	<result value='draw'/>
	<start value='2015-05-10.23:38:34'/>
	<end value='2015-05-10.23:40:15'/>
	<frames value='57601'/>
	<gameDuration value='3600'/>

	<player>
		<unitScore value='33300'/>
		<killScore value='65050'/>
		<buildingScore value='3750'/>
		<razingScore value='18075'/>
		<mineralScore value='33222'/>
		<gasScore value='8768'/>
		<totalScore value='162165'/>
	</player>

	<enemy>
		<race value='Protoss'/>
		<unitScore value='33225'/>
		<unitScore value='33225'/>
		<killScore value='50150'/>
		<buildingScore value='6425'/>
		<razingScore value='1350'/>
		<mineralScore value='29822'/>
		<gasScore value='8736'/>
		<totalScore value='129708'/>
	</enemy>

	<scoreRatio value='1.25023'/>
	<timeFitness value='0.5'/>
	<unitsAverage value='108'/>
</results>
