<results>
	<result value='loss'/>
	<start value='2015-04-07.21:44:11'/>
	<end value='2015-04-07.21:44:24'/>
	<frames value='26197'/>
	<gameDuration value='1637'/>

	<player>
		<unitScore value='4200'/>
		<killScore value='2600'/>
		<buildingScore value='2200'/>
		<razingScore value='0'/>
		<mineralScore value='7378'/>
		<gasScore value='928'/>
		<totalScore value='17306'/>
	</player>

	<enemy>
		<race value='Protoss'/>
		<unitScore value='11275'/>
		<unitScore value='11275'/>
		<killScore value='8200'/>
		<buildingScore value='6875'/>
		<razingScore value='6600'/>
		<mineralScore value='16794'/>
		<gasScore value='5392'/>
		<totalScore value='55136'/>
	</enemy>

	<scoreRatio value='0.313878'/>
</results>
