<results>
	<result value='win'/>
	<start value='2015-05-04.18:54:13'/>
	<end value='2015-05-04.18:54:40'/>
	<frames value='35497'/>
	<gameDuration value='2218'/>

	<player>
		<unitScore value='14600'/>
		<killScore value='27200'/>
		<buildingScore value='3925'/>
		<razingScore value='12600'/>
		<mineralScore value='19210'/>
		<gasScore value='2584'/>
		<totalScore value='80119'/>
	</player>

	<enemy>
		<race value='Terran'/>
		<unitScore value='13900'/>
		<unitScore value='13900'/>
		<killScore value='13400'/>
		<buildingScore value='4200'/>
		<razingScore value='2100'/>
		<mineralScore value='14414'/>
		<gasScore value='6540'/>
		<totalScore value='54554'/>
	</enemy>

	<scoreRatio value='1.46862'/>
	<timeFitness value='0.691944'/>
	<unitsAverage value='58'/>
</results>
