<results>
	<result value='win'/>
	<start value='2015-04-11.18:04:25'/>
	<end value='2015-04-11.18:05:06'/>
	<frames value='28336'/>
	<gameDuration value='1771'/>

	<player>
		<unitScore value='15425'/>
		<killScore value='16650'/>
		<buildingScore value='3300'/>
		<razingScore value='15225'/>
		<mineralScore value='19674'/>
		<gasScore value='2584'/>
		<totalScore value='72858'/>
	</player>

	<enemy>
		<race value='Protoss'/>
		<unitScore value='8675'/>
		<unitScore value='8675'/>
		<killScore value='15850'/>
		<buildingScore value='5075'/>
		<razingScore value='300'/>
		<mineralScore value='12594'/>
		<gasScore value='2960'/>
		<totalScore value='45454'/>
	</enemy>

	<scoreRatio value='1.6029'/>
</results>
