<results>
	<result value='win'/>
	<start value='2015-04-11.18:08:38'/>
	<end value='2015-04-11.18:09:07'/>
	<frames value='21950'/>
	<gameDuration value='1371'/>

	<player>
		<unitScore value='8950'/>
		<killScore value='10400'/>
		<buildingScore value='3025'/>
		<razingScore value='8925'/>
		<mineralScore value='14938'/>
		<gasScore value='1864'/>
		<totalScore value='48102'/>
	</player>

	<enemy>
		<race value='Protoss'/>
		<unitScore value='5200'/>
		<unitScore value='5200'/>
		<killScore value='5250'/>
		<buildingScore value='2975'/>
		<razingScore value='0'/>
		<mineralScore value='9386'/>
		<gasScore value='2160'/>
		<totalScore value='24971'/>
	</enemy>

	<scoreRatio value='1.92631'/>
</results>
