<results>
	<result value='win'/>
	<start value='2015-05-08.15:29:31'/>
	<end value='2015-05-08.15:29:45'/>
	<frames value='20152'/>
	<gameDuration value='1259'/>

	<player>
		<unitScore value='8025'/>
		<killScore value='12200'/>
		<buildingScore value='2750'/>
		<razingScore value='4650'/>
		<mineralScore value='12058'/>
		<gasScore value='1616'/>
		<totalScore value='41299'/>
	</player>

	<enemy>
		<race value='Terran'/>
		<unitScore value='6100'/>
		<unitScore value='6100'/>
		<killScore value='3300'/>
		<buildingScore value='1550'/>
		<razingScore value='300'/>
		<mineralScore value='8402'/>
		<gasScore value='1928'/>
		<totalScore value='21580'/>
	</enemy>

	<scoreRatio value='1.91376'/>
	<timeFitness value='0.825139'/>
	<unitsAverage value='57'/>
</results>
