<results>
	<result value='win'/>
	<start value='2015-05-08.15:41:36'/>
	<end value='2015-05-08.15:42:05'/>
	<frames value='27251'/>
	<gameDuration value='1703'/>

	<player>
		<unitScore value='19825'/>
		<killScore value='24700'/>
		<buildingScore value='4550'/>
		<razingScore value='8550'/>
		<mineralScore value='26910'/>
		<gasScore value='2144'/>
		<totalScore value='86679'/>
	</player>

	<enemy>
		<race value='Terran'/>
		<unitScore value='12750'/>
		<unitScore value='12750'/>
		<killScore value='16500'/>
		<buildingScore value='2850'/>
		<razingScore value='375'/>
		<mineralScore value='11574'/>
		<gasScore value='5080'/>
		<totalScore value='49129'/>
	</enemy>

	<scoreRatio value='1.76431'/>
	<timeFitness value='0.763472'/>
	<unitsAverage value='101'/>
</results>
