<results>
	<result value='win'/>
	<start value='2015-05-04.18:37:28'/>
	<end value='2015-05-04.18:38:04'/>
	<frames value='28832'/>
	<gameDuration value='1802'/>

	<player>
		<unitScore value='15875'/>
		<killScore value='27550'/>
		<buildingScore value='4100'/>
		<razingScore value='6900'/>
		<mineralScore value='26458'/>
		<gasScore value='2224'/>
		<totalScore value='83107'/>
	</player>

	<enemy>
		<race value='Terran'/>
		<unitScore value='14175'/>
		<unitScore value='14175'/>
		<killScore value='11000'/>
		<buildingScore value='2300'/>
		<razingScore value='150'/>
		<mineralScore value='12050'/>
		<gasScore value='4744'/>
		<totalScore value='44419'/>
	</enemy>

	<scoreRatio value='1.87098'/>
	<timeFitness value='0.749722'/>
	<unitsAverage value='87'/>
</results>
