<results>
	<result value='win'/>
	<start value='2015-05-04.18:38:59'/>
	<end value='2015-05-04.18:39:23'/>
	<frames value='26383'/>
	<gameDuration value='1648'/>

	<player>
		<unitScore value='11150'/>
		<killScore value='19150'/>
		<buildingScore value='2425'/>
		<razingScore value='9675'/>
		<mineralScore value='12910'/>
		<gasScore value='1992'/>
		<totalScore value='57302'/>
	</player>

	<enemy>
		<race value='Terran'/>
		<unitScore value='9575'/>
		<unitScore value='9575'/>
		<killScore value='10850'/>
		<buildingScore value='3225'/>
		<razingScore value='1350'/>
		<mineralScore value='10610'/>
		<gasScore value='4360'/>
		<totalScore value='39970'/>
	</enemy>

	<scoreRatio value='1.43363'/>
	<timeFitness value='0.771111'/>
	<unitsAverage value='54'/>
</results>
