<results>
	<result value='win'/>
	<start value='2015-05-10.15:21:34'/>
	<end value='2015-05-10.15:22:13'/>
	<frames value='38907'/>
	<gameDuration value='2431'/>

	<player>
		<unitScore value='18350'/>
		<killScore value='19000'/>
		<buildingScore value='4700'/>
		<razingScore value='22200'/>
		<mineralScore value='25706'/>
		<gasScore value='4720'/>
		<totalScore value='94676'/>
	</player>

	<enemy>
		<race value='Protoss'/>
		<unitScore value='9500'/>
		<unitScore value='9500'/>
		<killScore value='18000'/>
		<buildingScore value='7400'/>
		<razingScore value='3525'/>
		<mineralScore value='19726'/>
		<gasScore value='3584'/>
		<totalScore value='61735'/>
	</enemy>

	<scoreRatio value='1.53359'/>
	<timeFitness value='0.662361'/>
	<unitsAverage value='85'/>
</results>
