<results>
	<result value='draw'/>
	<start value='2015-04-08.11:26:57'/>
	<end value='2015-04-08.11:27:58'/>
	<frames value='57601'/>
	<gameDuration value='3600'/>

	<player>
		<unitScore value='30300'/>
		<killScore value='54900'/>
		<buildingScore value='2825'/>
		<razingScore value='6600'/>
		<mineralScore value='31542'/>
		<gasScore value='8782'/>
		<totalScore value='134949'/>
	</player>

	<enemy>
		<race value='Protoss'/>
		<unitScore value='31700'/>
		<unitScore value='31700'/>
		<killScore value='54750'/>
		<buildingScore value='7225'/>
		<razingScore value='0'/>
		<mineralScore value='31526'/>
		<gasScore value='10932'/>
		<totalScore value='136133'/>
	</enemy>

	<scoreRatio value='0.991303'/>
</results>
