<results>
	<result value='win'/>
	<start value='2015-04-08.11:32:12'/>
	<end value='2015-04-08.11:32:45'/>
	<frames value='33172'/>
	<gameDuration value='2073'/>

	<player>
		<unitScore value='16875'/>
		<killScore value='18000'/>
		<buildingScore value='3450'/>
		<razingScore value='20850'/>
		<mineralScore value='24726'/>
		<gasScore value='3728'/>
		<totalScore value='87629'/>
	</player>

	<enemy>
		<race value='Protoss'/>
		<unitScore value='9000'/>
		<unitScore value='9000'/>
		<killScore value='15150'/>
		<buildingScore value='6950'/>
		<razingScore value='150'/>
		<mineralScore value='18902'/>
		<gasScore value='4496'/>
		<totalScore value='54648'/>
	</enemy>

	<scoreRatio value='1.60352'/>
</results>
