<results>
	<result value='win'/>
	<start value='2015-04-14.01:57:03'/>
	<end value='2015-04-14.01:58:02'/>
	<frames value='31808'/>
	<gameDuration value='1988'/>

	<player>
		<unitScore value='19525'/>
		<killScore value='25950'/>
		<buildingScore value='4075'/>
		<razingScore value='15600'/>
		<mineralScore value='26202'/>
		<gasScore value='2720'/>
		<totalScore value='94072'/>
	</player>

	<enemy>
		<race value='Protoss'/>
		<unitScore value='14250'/>
		<unitScore value='14250'/>
		<killScore value='16600'/>
		<buildingScore value='5200'/>
		<razingScore value='150'/>
		<mineralScore value='14658'/>
		<gasScore value='5808'/>
		<totalScore value='56666'/>
	</enemy>

	<scoreRatio value='1.66011'/>
</results>
