<results>
	<result value='win'/>
	<start value='2015-04-14.02:02:02'/>
	<end value='2015-04-14.02:02:55'/>
	<frames value='29607'/>
	<gameDuration value='1850'/>

	<player>
		<unitScore value='17275'/>
		<killScore value='14000'/>
		<buildingScore value='3900'/>
		<razingScore value='17775'/>
		<mineralScore value='24282'/>
		<gasScore value='2080'/>
		<totalScore value='79312'/>
	</player>

	<enemy>
		<race value='Protoss'/>
		<unitScore value='7000'/>
		<unitScore value='7000'/>
		<killScore value='11300'/>
		<buildingScore value='5925'/>
		<razingScore value='1200'/>
		<mineralScore value='14698'/>
		<gasScore value='3688'/>
		<totalScore value='43811'/>
	</enemy>

	<scoreRatio value='1.81032'/>
</results>
