<results>
	<result value='loss'/>
	<start value='2015-04-14.02:19:51'/>
	<end value='2015-04-14.02:20:06'/>
	<frames value='17331'/>
	<gameDuration value='1083'/>

	<player>
		<unitScore value='3225'/>
		<killScore value='1400'/>
		<buildingScore value='1975'/>
		<razingScore value='0'/>
		<mineralScore value='5250'/>
		<gasScore value='608'/>
		<totalScore value='12458'/>
	</player>

	<enemy>
		<race value='Protoss'/>
		<unitScore value='4125'/>
		<unitScore value='4125'/>
		<killScore value='6450'/>
		<buildingScore value='4025'/>
		<razingScore value='5925'/>
		<mineralScore value='9258'/>
		<gasScore value='1904'/>
		<totalScore value='31687'/>
	</enemy>

	<scoreRatio value='0.393158'/>
</results>
