<results>
	<result value='draw'/>
	<start value='2015-07-11.23:25:52'/>
	<end value='2015-07-11.23:27:33'/>
	<frames value='57601'/>
	<gameDuration value='3600'/>

	<player>
		<unitScore value='39600'/>
		<killScore value='27650'/>
		<buildingScore value='3650'/>
		<razingScore value='675'/>
		<mineralScore value='31470'/>
		<gasScore value='8652'/>
		<totalScore value='111697'/>
	</player>

	<enemy>
		<race value='Terran'/>
		<unitScore value='30150'/>
		<killScore value='68150'/>
		<buildingScore value='5100'/>
		<razingScore value='3075'/>
		<mineralScore value='31410'/>
		<gasScore value='12280'/>
		<totalScore value='150165'/>
	</enemy>

	<scoreRatio value='0.743828'/>
	<timeFitness value='0.5'/>
	<unitsAverage value='109'/>
</results>
