<results>
	<result value='win'/>
	<start value='2015-04-07.23:32:04'/>
	<end value='2015-04-07.23:32:27'/>
	<frames value='25856'/>
	<gameDuration value='1616'/>

	<player>
		<unitScore value='13050'/>
		<killScore value='11300'/>
		<buildingScore value='3475'/>
		<razingScore value='8925'/>
		<mineralScore value='21262'/>
		<gasScore value='1624'/>
		<totalScore value='59636'/>
	</player>

	<enemy>
		<race value='Protoss'/>
		<unitScore value='5650'/>
		<unitScore value='5650'/>
		<killScore value='7300'/>
		<buildingScore value='2975'/>
		<razingScore value='300'/>
		<mineralScore value='8762'/>
		<gasScore value='1888'/>
		<totalScore value='26875'/>
	</enemy>

	<scoreRatio value='2.21901'/>
</results>
