<results>
	<result value='loss'/>
	<start value='2015-07-20.01:49:43'/>
	<end value='2015-07-20.01:50:30'/>
	<frames value='29948'/>
	<gameDuration value='1871'/>

	<player>
		<unitScore value='15925'/>
		<killScore value='10700'/>
		<buildingScore value='3000'/>
		<razingScore value='0'/>
		<mineralScore value='20974'/>
		<gasScore value='2688'/>
		<totalScore value='53287'/>
	</player>

	<enemy>
		<race value='Zerg'/>
		<unitScore value='16425'/>
		<killScore value='30050'/>
		<buildingScore value='3345'/>
		<razingScore value='9000'/>
		<mineralScore value='16586'/>
		<gasScore value='5480'/>
		<totalScore value='80886'/>
	</enemy>

	<scoreRatio value='0.658791'/>
	<timeFitness value='0.259861'/>
	<unitsAverage value='63'/>
</results>
