<results>
	<result value='loss'/>
	<start value='2015-04-11.05:48:45'/>
	<end value='2015-04-11.05:49:41'/>
	<frames value='44239'/>
	<gameDuration value='2764'/>

	<player>
		<unitScore value='15875'/>
		<killScore value='21250'/>
		<buildingScore value='2725'/>
		<razingScore value='2850'/>
		<mineralScore value='17846'/>
		<gasScore value='3832'/>
		<totalScore value='64378'/>
	</player>

	<enemy>
		<race value='Protoss'/>
		<unitScore value='27575'/>
		<unitScore value='27575'/>
		<killScore value='31750'/>
		<buildingScore value='8675'/>
		<razingScore value='8175'/>
		<mineralScore value='31482'/>
		<gasScore value='8616'/>
		<totalScore value='116273'/>
	</enemy>

	<scoreRatio value='0.55368'/>
</results>
