<results>
	<result value='loss'/>
	<start value='2015-07-14.05:56:44'/>
	<end value='2015-07-14.05:57:37'/>
	<frames value='47773'/>
	<gameDuration value='2985'/>

	<player>
		<unitScore value='26025'/>
		<killScore value='21150'/>
		<buildingScore value='4500'/>
		<razingScore value='1650'/>
		<mineralScore value='24034'/>
		<gasScore value='5008'/>
		<totalScore value='82367'/>
	</player>

	<enemy>
		<race value='Protoss'/>
		<unitScore value='35320'/>
		<killScore value='51550'/>
		<buildingScore value='8625'/>
		<razingScore value='13500'/>
		<mineralScore value='32490'/>
		<gasScore value='13450'/>
		<totalScore value='154935'/>
	</enemy>

	<scoreRatio value='0.531623'/>
	<timeFitness value='0.414583'/>
	<unitsAverage value='82'/>
</results>
