<results>
	<result value='loss'/>
	<start value='2015-04-29.05:24:48'/>
	<end value='2015-04-29.05:24:55'/>
	<frames value='16711'/>
	<gameDuration value='1044'/>

	<player>
		<unitScore value='4400'/>
		<killScore value='400'/>
		<buildingScore value='1675'/>
		<razingScore value='0'/>
		<mineralScore value='6026'/>
		<gasScore value='160'/>
		<totalScore value='12661'/>
	</player>

	<enemy>
		<race value='Protoss'/>
		<unitScore value='3600'/>
		<unitScore value='3600'/>
		<killScore value='8800'/>
		<buildingScore value='3925'/>
		<razingScore value='5025'/>
		<mineralScore value='8730'/>
		<gasScore value='1632'/>
		<totalScore value='31712'/>
	</enemy>

	<scoreRatio value='0.399249'/>
	<timeFitness value='0.145'/>
	<unitsAverage value='24'/>
</results>
