<results>
	<result value='win'/>
	<start value='2015-05-08.22:59:10'/>
	<end value='2015-05-08.22:59:33'/>
	<frames value='27344'/>
	<gameDuration value='1709'/>

	<player>
		<unitScore value='17675'/>
		<killScore value='29085'/>
		<buildingScore value='4075'/>
		<razingScore value='5400'/>
		<mineralScore value='28666'/>
		<gasScore value='2752'/>
		<totalScore value='87653'/>
	</player>

	<enemy>
		<race value='Zerg'/>
		<unitScore value='12425'/>
		<unitScore value='12425'/>
		<killScore value='15000'/>
		<buildingScore value='1800'/>
		<razingScore value='0'/>
		<mineralScore value='11362'/>
		<gasScore value='3288'/>
		<totalScore value='43875'/>
	</enemy>

	<scoreRatio value='1.99779'/>
	<timeFitness value='0.762639'/>
	<unitsAverage value='98'/>
</results>
