<results>
	<result value='win'/>
	<start value='2015-05-08.23:14:16'/>
	<end value='2015-05-08.23:14:40'/>
	<frames value='25484'/>
	<gameDuration value='1592'/>

	<player>
		<unitScore value='15550'/>
		<killScore value='19580'/>
		<buildingScore value='3925'/>
		<razingScore value='6270'/>
		<mineralScore value='21542'/>
		<gasScore value='2088'/>
		<totalScore value='68955'/>
	</player>

	<enemy>
		<race value='Zerg'/>
		<unitScore value='9025'/>
		<unitScore value='9025'/>
		<killScore value='16100'/>
		<buildingScore value='2090'/>
		<razingScore value='2100'/>
		<mineralScore value='10162'/>
		<gasScore value='3320'/>
		<totalScore value='42797'/>
	</enemy>

	<scoreRatio value='1.61121'/>
	<timeFitness value='0.778889'/>
	<unitsAverage value='84'/>
</results>
