<results>
	<result value='loss'/>
	<start value='2015-07-19.09:55:08'/>
	<end value='2015-07-19.09:55:32'/>
	<frames value='21671'/>
	<gameDuration value='1354'/>

	<player>
		<unitScore value='10050'/>
		<killScore value='4150'/>
		<buildingScore value='2850'/>
		<razingScore value='0'/>
		<mineralScore value='12994'/>
		<gasScore value='1704'/>
		<totalScore value='31748'/>
	</player>

	<enemy>
		<race value='Zerg'/>
		<unitScore value='8625'/>
		<killScore value='17550'/>
		<buildingScore value='2550'/>
		<razingScore value='8550'/>
		<mineralScore value='10186'/>
		<gasScore value='3040'/>
		<totalScore value='50501'/>
	</enemy>

	<scoreRatio value='0.628661'/>
	<timeFitness value='0.188056'/>
	<unitsAverage value='46'/>
</results>
