<results>
	<result value='loss'/>
	<start value='2015-07-19.10:14:41'/>
	<end value='2015-07-19.10:15:15'/>
	<frames value='26104'/>
	<gameDuration value='1631'/>

	<player>
		<unitScore value='12275'/>
		<killScore value='4600'/>
		<buildingScore value='3750'/>
		<razingScore value='0'/>
		<mineralScore value='17250'/>
		<gasScore value='2016'/>
		<totalScore value='39891'/>
	</player>

	<enemy>
		<race value='Zerg'/>
		<unitScore value='13550'/>
		<killScore value='22750'/>
		<buildingScore value='3280'/>
		<razingScore value='11250'/>
		<mineralScore value='14898'/>
		<gasScore value='4896'/>
		<totalScore value='70624'/>
	</enemy>

	<scoreRatio value='0.564836'/>
	<timeFitness value='0.226528'/>
	<unitsAverage value='55'/>
</results>
