<results>
	<result value='win'/>
	<start value='2015-05-10.01:36:02'/>
	<end value='2015-05-10.01:36:29'/>
	<frames value='27065'/>
	<gameDuration value='1691'/>

	<player>
		<unitScore value='12950'/>
		<killScore value='15550'/>
		<buildingScore value='3450'/>
		<razingScore value='13875'/>
		<mineralScore value='17330'/>
		<gasScore value='2056'/>
		<totalScore value='65211'/>
	</player>

	<enemy>
		<race value='Protoss'/>
		<unitScore value='7775'/>
		<unitScore value='7775'/>
		<killScore value='8900'/>
		<buildingScore value='4625'/>
		<razingScore value='225'/>
		<mineralScore value='12042'/>
		<gasScore value='2608'/>
		<totalScore value='36175'/>
	</enemy>

	<scoreRatio value='1.80265'/>
	<timeFitness value='0.765139'/>
	<unitsAverage value='74'/>
</results>
