<results>
	<result value='win'/>
	<start value='2015-05-10.01:52:14'/>
	<end value='2015-05-10.01:52:29'/>
	<frames value='19315'/>
	<gameDuration value='1207'/>

	<player>
		<unitScore value='7650'/>
		<killScore value='9100'/>
		<buildingScore value='2125'/>
		<razingScore value='8175'/>
		<mineralScore value='11418'/>
		<gasScore value='1752'/>
		<totalScore value='40220'/>
	</player>

	<enemy>
		<race value='Protoss'/>
		<unitScore value='4600'/>
		<unitScore value='4600'/>
		<killScore value='4000'/>
		<buildingScore value='2725'/>
		<razingScore value='150'/>
		<mineralScore value='9546'/>
		<gasScore value='1104'/>
		<totalScore value='22125'/>
	</enemy>

	<scoreRatio value='1.81785'/>
	<timeFitness value='0.832361'/>
	<unitsAverage value='51'/>
</results>
