<results>
	<result value='loss'/>
	<start value='2015-04-11.14:37:16'/>
	<end value='2015-04-11.14:37:45'/>
	<frames value='28243'/>
	<gameDuration value='1765'/>

	<player>
		<unitScore value='7200'/>
		<killScore value='4900'/>
		<buildingScore value='1925'/>
		<razingScore value='0'/>
		<mineralScore value='9246'/>
		<gasScore value='1560'/>
		<totalScore value='24831'/>
	</player>

	<enemy>
		<race value='Protoss'/>
		<unitScore value='13825'/>
		<unitScore value='13825'/>
		<killScore value='14400'/>
		<buildingScore value='6875'/>
		<razingScore value='5775'/>
		<mineralScore value='17822'/>
		<gasScore value='6536'/>
		<totalScore value='65233'/>
	</enemy>

	<scoreRatio value='0.380651'/>
</results>
