<results>
	<result value='loss'/>
	<start value='2015-07-11.15:16:24'/>
	<end value='2015-07-11.15:16:43'/>
	<frames value='18726'/>
	<gameDuration value='1170'/>

	<player>
		<unitScore value='5125'/>
		<killScore value='500'/>
		<buildingScore value='2875'/>
		<razingScore value='0'/>
		<mineralScore value='8458'/>
		<gasScore value='880'/>
		<totalScore value='17838'/>
	</player>

	<enemy>
		<race value='Terran'/>
		<unitScore value='6450'/>
		<killScore value='7250'/>
		<buildingScore value='2750'/>
		<razingScore value='8625'/>
		<mineralScore value='8522'/>
		<gasScore value='2920'/>
		<totalScore value='36517'/>
	</enemy>

	<scoreRatio value='0.488485'/>
	<timeFitness value='0.1625'/>
	<unitsAverage value='38'/>
</results>
