<results>
	<result value='draw'/>
	<start value='2015-07-11.15:22:12'/>
	<end value='2015-07-11.15:25:55'/>
	<frames value='57601'/>
	<gameDuration value='3600'/>

	<player>
		<unitScore value='29675'/>
		<killScore value='18950'/>
		<buildingScore value='8625'/>
		<razingScore value='9075'/>
		<mineralScore value='50858'/>
		<gasScore value='6020'/>
		<totalScore value='123203'/>
	</player>

	<enemy>
		<race value='Terran'/>
		<unitScore value='12175'/>
		<killScore value='39150'/>
		<buildingScore value='3300'/>
		<razingScore value='2175'/>
		<mineralScore value='12050'/>
		<gasScore value='5626'/>
		<totalScore value='74476'/>
	</enemy>

	<scoreRatio value='1.65426'/>
	<timeFitness value='0.5'/>
	<unitsAverage value='136'/>
</results>
