<results>
	<result value='draw'/>
	<start value='2015-07-11.15:29:51'/>
	<end value='2015-07-11.15:30:54'/>
	<frames value='57601'/>
	<gameDuration value='3600'/>

	<player>
		<unitScore value='26200'/>
		<killScore value='13000'/>
		<buildingScore value='6025'/>
		<razingScore value='0'/>
		<mineralScore value='32442'/>
		<gasScore value='1984'/>
		<totalScore value='79651'/>
	</player>

	<enemy>
		<race value='Terran'/>
		<unitScore value='13025'/>
		<killScore value='42400'/>
		<buildingScore value='2450'/>
		<razingScore value='10350'/>
		<mineralScore value='12050'/>
		<gasScore value='6410'/>
		<totalScore value='86685'/>
	</enemy>

	<scoreRatio value='0.918856'/>
	<timeFitness value='0.5'/>
	<unitsAverage value='74'/>
</results>
