<results>
	<result value='win'/>
	<start value='2015-04-11.09:20:00'/>
	<end value='2015-04-11.09:21:33'/>
	<frames value='40147'/>
	<gameDuration value='2509'/>

	<player>
		<unitScore value='23025'/>
		<killScore value='31500'/>
		<buildingScore value='4025'/>
		<razingScore value='26625'/>
		<mineralScore value='33302'/>
		<gasScore value='4096'/>
		<totalScore value='122573'/>
	</player>

	<enemy>
		<race value='Protoss'/>
		<unitScore value='16200'/>
		<unitScore value='16200'/>
		<killScore value='23350'/>
		<buildingScore value='8875'/>
		<razingScore value='0'/>
		<mineralScore value='22110'/>
		<gasScore value='7136'/>
		<totalScore value='77671'/>
	</enemy>

	<scoreRatio value='1.57811'/>
</results>
