<results>
	<result value='win'/>
	<start value='2015-04-10.00:33:04'/>
	<end value='2015-04-10.00:34:23'/>
	<frames value='48207'/>
	<gameDuration value='3012'/>

	<player>
		<unitScore value='30375'/>
		<killScore value='64290'/>
		<buildingScore value='3525'/>
		<razingScore value='19200'/>
		<mineralScore value='32198'/>
		<gasScore value='3584'/>
		<totalScore value='153172'/>
	</player>

	<enemy>
		<race value='Protoss'/>
		<unitScore value='33935'/>
		<unitScore value='33935'/>
		<killScore value='36550'/>
		<buildingScore value='6400'/>
		<razingScore value='225'/>
		<mineralScore value='27198'/>
		<gasScore value='10298'/>
		<totalScore value='114606'/>
	</enemy>

	<scoreRatio value='1.33651'/>
</results>
