<results>
	<result value='win'/>
	<start value='2015-05-05.00:36:40'/>
	<end value='2015-05-05.00:37:16'/>
	<frames value='34040'/>
	<gameDuration value='2127'/>

	<player>
		<unitScore value='25700'/>
		<killScore value='24430'/>
		<buildingScore value='3250'/>
		<razingScore value='5700'/>
		<mineralScore value='30774'/>
		<gasScore value='0'/>
		<totalScore value='89854'/>
	</player>

	<enemy>
		<race value='Zerg'/>
		<unitScore value='11725'/>
		<unitScore value='11725'/>
		<killScore value='39100'/>
		<buildingScore value='1900'/>
		<razingScore value='150'/>
		<mineralScore value='11150'/>
		<gasScore value='3528'/>
		<totalScore value='67553'/>
	</enemy>

	<scoreRatio value='1.33013'/>
	<timeFitness value='0.704583'/>
	<unitsAverage value='79'/>
</results>
