<results>
	<result value='loss'/>
	<start value='2015-04-08.05:14:37'/>
	<end value='2015-04-08.05:14:46'/>
	<frames value='18013'/>
	<gameDuration value='1125'/>

	<player>
		<unitScore value='3750'/>
		<killScore value='1400'/>
		<buildingScore value='1725'/>
		<razingScore value='0'/>
		<mineralScore value='5666'/>
		<gasScore value='520'/>
		<totalScore value='13061'/>
	</player>

	<enemy>
		<race value='Protoss'/>
		<unitScore value='3550'/>
		<unitScore value='3550'/>
		<killScore value='7500'/>
		<buildingScore value='4125'/>
		<razingScore value='5175'/>
		<mineralScore value='9682'/>
		<gasScore value='1640'/>
		<totalScore value='31672'/>
	</enemy>

	<scoreRatio value='0.412383'/>
</results>
