<results>
	<result value='loss'/>
	<start value='2015-04-27.21:07:49'/>
	<end value='2015-04-27.21:08:17'/>
	<frames value='35528'/>
	<gameDuration value='2220'/>

	<player>
		<unitScore value='13950'/>
		<killScore value='28410'/>
		<buildingScore value='1850'/>
		<razingScore value='2040'/>
		<mineralScore value='22646'/>
		<gasScore value='0'/>
		<totalScore value='68896'/>
	</player>

	<enemy>
		<race value='Zerg'/>
		<unitScore value='19925'/>
		<unitScore value='19925'/>
		<killScore value='27900'/>
		<buildingScore value='3715'/>
		<razingScore value='5550'/>
		<mineralScore value='18810'/>
		<gasScore value='5864'/>
		<totalScore value='81764'/>
	</enemy>

	<scoreRatio value='0.84262'/>
</results>
