<results>
	<result value='win'/>
	<start value='2015-04-27.21:13:12'/>
	<end value='2015-04-27.21:14:25'/>
	<frames value='35125'/>
	<gameDuration value='2195'/>

	<player>
		<unitScore value='26125'/>
		<killScore value='52175'/>
		<buildingScore value='4250'/>
		<razingScore value='6795'/>
		<mineralScore value='31886'/>
		<gasScore value='2504'/>
		<totalScore value='123735'/>
	</player>

	<enemy>
		<race value='Zerg'/>
		<unitScore value='22300'/>
		<unitScore value='22300'/>
		<killScore value='27100'/>
		<buildingScore value='2265'/>
		<razingScore value='0'/>
		<mineralScore value='18674'/>
		<gasScore value='6952'/>
		<totalScore value='77291'/>
	</enemy>

	<scoreRatio value='1.6009'/>
</results>
