<results>
	<result value='win'/>
	<start value='2015-05-10.05:58:46'/>
	<end value='2015-05-10.05:59:03'/>
	<frames value='23872'/>
	<gameDuration value='1492'/>

	<player>
		<unitScore value='10200'/>
		<killScore value='15700'/>
		<buildingScore value='2900'/>
		<razingScore value='6900'/>
		<mineralScore value='15778'/>
		<gasScore value='2296'/>
		<totalScore value='53774'/>
	</player>

	<enemy>
		<race value='Terran'/>
		<unitScore value='7900'/>
		<unitScore value='7900'/>
		<killScore value='7250'/>
		<buildingScore value='2300'/>
		<razingScore value='150'/>
		<mineralScore value='8962'/>
		<gasScore value='2792'/>
		<totalScore value='29354'/>
	</enemy>

	<scoreRatio value='1.83191'/>
	<timeFitness value='0.792778'/>
	<unitsAverage value='66'/>
</results>
