<results>
	<result value='loss'/>
	<start value='2015-05-10.06:00:53'/>
	<end value='2015-05-10.06:01:02'/>
	<frames value='19191'/>
	<gameDuration value='1199'/>

	<player>
		<unitScore value='3650'/>
		<killScore value='1950'/>
		<buildingScore value='1575'/>
		<razingScore value='0'/>
		<mineralScore value='5482'/>
		<gasScore value='616'/>
		<totalScore value='13273'/>
	</player>

	<enemy>
		<race value='Terran'/>
		<unitScore value='7200'/>
		<unitScore value='7200'/>
		<killScore value='7300'/>
		<buildingScore value='2850'/>
		<razingScore value='4725'/>
		<mineralScore value='8930'/>
		<gasScore value='3352'/>
		<totalScore value='34357'/>
	</enemy>

	<scoreRatio value='0.386326'/>
	<timeFitness value='0.166528'/>
	<unitsAverage value='27'/>
</results>
