<results>
	<result value='win'/>
	<start value='2015-05-10.06:11:31'/>
	<end value='2015-05-10.06:11:57'/>
	<frames value='26073'/>
	<gameDuration value='1629'/>

	<player>
		<unitScore value='15550'/>
		<killScore value='21650'/>
		<buildingScore value='3875'/>
		<razingScore value='7950'/>
		<mineralScore value='22354'/>
		<gasScore value='2296'/>
		<totalScore value='73675'/>
	</player>

	<enemy>
		<race value='Terran'/>
		<unitScore value='10825'/>
		<unitScore value='10825'/>
		<killScore value='11100'/>
		<buildingScore value='2800'/>
		<razingScore value='0'/>
		<mineralScore value='10298'/>
		<gasScore value='4240'/>
		<totalScore value='39263'/>
	</enemy>

	<scoreRatio value='1.87645'/>
	<timeFitness value='0.77375'/>
	<unitsAverage value='96'/>
</results>
