<results>
	<result value='win'/>
	<start value='2015-05-01.16:51:01'/>
	<end value='2015-05-01.16:52:17'/>
	<frames value='41387'/>
	<gameDuration value='2586'/>

	<player>
		<unitScore value='23500'/>
		<killScore value='29650'/>
		<buildingScore value='2575'/>
		<razingScore value='25275'/>
		<mineralScore value='24426'/>
		<gasScore value='3624'/>
		<totalScore value='109050'/>
	</player>

	<enemy>
		<race value='Protoss'/>
		<unitScore value='15325'/>
		<unitScore value='15325'/>
		<killScore value='29050'/>
		<buildingScore value='8425'/>
		<razingScore value='300'/>
		<mineralScore value='24678'/>
		<gasScore value='6224'/>
		<totalScore value='84002'/>
	</enemy>

	<scoreRatio value='1.29818'/>
	<timeFitness value='0.640833'/>
	<unitsAverage value='91'/>
</results>
