<results>
	<result value='loss'/>
	<start value='2015-05-01.16:58:54'/>
	<end value='2015-05-01.16:59:06'/>
	<frames value='14014'/>
	<gameDuration value='875'/>

	<player>
		<unitScore value='2625'/>
		<killScore value='800'/>
		<buildingScore value='1400'/>
		<razingScore value='0'/>
		<mineralScore value='4186'/>
		<gasScore value='584'/>
		<totalScore value='9595'/>
	</player>

	<enemy>
		<race value='Protoss'/>
		<unitScore value='3550'/>
		<unitScore value='3550'/>
		<killScore value='5250'/>
		<buildingScore value='2375'/>
		<razingScore value='4200'/>
		<mineralScore value='7210'/>
		<gasScore value='1192'/>
		<totalScore value='23777'/>
	</enemy>

	<scoreRatio value='0.403541'/>
	<timeFitness value='0.121528'/>
	<unitsAverage value='21'/>
</results>
