<results>
	<result value='win'/>
	<start value='2015-04-16.18:49:19'/>
	<end value='2015-04-16.18:50:20'/>
	<frames value='30692'/>
	<gameDuration value='1918'/>

	<player>
		<unitScore value='21175'/>
		<killScore value='24000'/>
		<buildingScore value='4275'/>
		<razingScore value='15375'/>
		<mineralScore value='30362'/>
		<gasScore value='3056'/>
		<totalScore value='98243'/>
	</player>

	<enemy>
		<race value='Protoss'/>
		<unitScore value='13300'/>
		<unitScore value='13300'/>
		<killScore value='19050'/>
		<buildingScore value='5125'/>
		<razingScore value='450'/>
		<mineralScore value='13850'/>
		<gasScore value='4184'/>
		<totalScore value='55959'/>
	</enemy>

	<scoreRatio value='1.75562'/>
</results>
