<results>
	<result value='loss'/>
	<start value='2015-04-16.18:54:44'/>
	<end value='2015-04-16.18:55:09'/>
	<frames value='25081'/>
	<gameDuration value='1567'/>

	<player>
		<unitScore value='4325'/>
		<killScore value='3000'/>
		<buildingScore value='2000'/>
		<razingScore value='0'/>
		<mineralScore value='7186'/>
		<gasScore value='736'/>
		<totalScore value='17247'/>
	</player>

	<enemy>
		<race value='Protoss'/>
		<unitScore value='9200'/>
		<unitScore value='9200'/>
		<killScore value='8750'/>
		<buildingScore value='6525'/>
		<razingScore value='5850'/>
		<mineralScore value='15326'/>
		<gasScore value='4456'/>
		<totalScore value='50107'/>
	</enemy>

	<scoreRatio value='0.344203'/>
</results>
