<results>
	<result value='win'/>
	<start value='2015-04-08.07:20:55'/>
	<end value='2015-04-08.07:21:26'/>
	<frames value='28677'/>
	<gameDuration value='1792'/>

	<player>
		<unitScore value='18125'/>
		<killScore value='17800'/>
		<buildingScore value='4625'/>
		<razingScore value='11625'/>
		<mineralScore value='28018'/>
		<gasScore value='3008'/>
		<totalScore value='83201'/>
	</player>

	<enemy>
		<race value='Protoss'/>
		<unitScore value='8900'/>
		<unitScore value='8900'/>
		<killScore value='13550'/>
		<buildingScore value='3875'/>
		<razingScore value='0'/>
		<mineralScore value='19318'/>
		<gasScore value='944'/>
		<totalScore value='46587'/>
	</enemy>

	<scoreRatio value='1.78593'/>
</results>
