<results>
	<result value='loss'/>
	<start value='2015-04-08.07:22:29'/>
	<end value='2015-04-08.07:22:37'/>
	<frames value='17455'/>
	<gameDuration value='1090'/>

	<player>
		<unitScore value='3025'/>
		<killScore value='1800'/>
		<buildingScore value='1500'/>
		<razingScore value='0'/>
		<mineralScore value='4474'/>
		<gasScore value='608'/>
		<totalScore value='11407'/>
	</player>

	<enemy>
		<race value='Protoss'/>
		<unitScore value='3700'/>
		<unitScore value='3700'/>
		<killScore value='6050'/>
		<buildingScore value='4075'/>
		<razingScore value='4500'/>
		<mineralScore value='9650'/>
		<gasScore value='1656'/>
		<totalScore value='29631'/>
	</enemy>

	<scoreRatio value='0.384968'/>
</results>
