<results>
	<result value='win'/>
	<start value='2015-05-08.22:19:55'/>
	<end value='2015-05-08.22:20:22'/>
	<frames value='27840'/>
	<gameDuration value='1740'/>

	<player>
		<unitScore value='13575'/>
		<killScore value='23500'/>
		<buildingScore value='3925'/>
		<razingScore value='9150'/>
		<mineralScore value='23650'/>
		<gasScore value='3000'/>
		<totalScore value='76800'/>
	</player>

	<enemy>
		<race value='Terran'/>
		<unitScore value='12700'/>
		<unitScore value='12700'/>
		<killScore value='9000'/>
		<buildingScore value='3125'/>
		<razingScore value='1650'/>
		<mineralScore value='12466'/>
		<gasScore value='5360'/>
		<totalScore value='44301'/>
	</enemy>

	<scoreRatio value='1.7336'/>
	<timeFitness value='0.758333'/>
	<unitsAverage value='78'/>
</results>
