<results>
	<result value='win'/>
	<start value='2015-05-08.22:22:22'/>
	<end value='2015-05-08.22:22:47'/>
	<frames value='41263'/>
	<gameDuration value='2578'/>

	<player>
		<unitScore value='11275'/>
		<killScore value='21000'/>
		<buildingScore value='3925'/>
		<razingScore value='10425'/>
		<mineralScore value='16366'/>
		<gasScore value='3416'/>
		<totalScore value='66407'/>
	</player>

	<enemy>
		<race value='Terran'/>
		<unitScore value='10500'/>
		<unitScore value='10500'/>
		<killScore value='15650'/>
		<buildingScore value='3475'/>
		<razingScore value='7275'/>
		<mineralScore value='15346'/>
		<gasScore value='4344'/>
		<totalScore value='56590'/>
	</enemy>

	<scoreRatio value='1.17348'/>
	<timeFitness value='0.641944'/>
	<unitsAverage value='40'/>
</results>
