<results>
	<result value='loss'/>
	<start value='2015-07-17.21:39:05'/>
	<end value='2015-07-17.21:39:24'/>
	<frames value='18261'/>
	<gameDuration value='1141'/>

	<player>
		<unitScore value='5350'/>
		<killScore value='500'/>
		<buildingScore value='2750'/>
		<razingScore value='0'/>
		<mineralScore value='9186'/>
		<gasScore value='976'/>
		<totalScore value='18762'/>
	</player>

	<enemy>
		<race value='Terran'/>
		<unitScore value='6750'/>
		<killScore value='10000'/>
		<buildingScore value='2800'/>
		<razingScore value='8250'/>
		<mineralScore value='8218'/>
		<gasScore value='2864'/>
		<totalScore value='38882'/>
	</enemy>

	<scoreRatio value='0.482537'/>
	<timeFitness value='0.158472'/>
	<unitsAverage value='31'/>
</results>
