<results>
	<result value='loss'/>
	<start value='2015-07-17.21:41:19'/>
	<end value='2015-07-17.21:41:30'/>
	<frames value='14200'/>
	<gameDuration value='887'/>

	<player>
		<unitScore value='1950'/>
		<killScore value='250'/>
		<buildingScore value='1375'/>
		<razingScore value='0'/>
		<mineralScore value='2970'/>
		<gasScore value='536'/>
		<totalScore value='7081'/>
	</player>

	<enemy>
		<race value='Terran'/>
		<unitScore value='4350'/>
		<killScore value='3900'/>
		<buildingScore value='1500'/>
		<razingScore value='4125'/>
		<mineralScore value='6386'/>
		<gasScore value='2096'/>
		<totalScore value='22357'/>
	</enemy>

	<scoreRatio value='0.316724'/>
	<timeFitness value='0.123194'/>
	<unitsAverage value='16'/>
</results>
