<results>
	<result value='loss'/>
	<start value='2015-07-17.21:46:38'/>
	<end value='2015-07-17.21:46:50'/>
	<frames value='13890'/>
	<gameDuration value='868'/>

	<player>
		<unitScore value='1925'/>
		<killScore value='100'/>
		<buildingScore value='1200'/>
		<razingScore value='0'/>
		<mineralScore value='2730'/>
		<gasScore value='552'/>
		<totalScore value='6507'/>
	</player>

	<enemy>
		<race value='Terran'/>
		<unitScore value='3875'/>
		<killScore value='3600'/>
		<buildingScore value='1450'/>
		<razingScore value='3600'/>
		<mineralScore value='6274'/>
		<gasScore value='1936'/>
		<totalScore value='20735'/>
	</enemy>

	<scoreRatio value='0.313817'/>
	<timeFitness value='0.120556'/>
	<unitsAverage value='15'/>
</results>
