<results>
	<result value='loss'/>
	<start value='2015-07-17.21:49:18'/>
	<end value='2015-07-17.21:49:39'/>
	<frames value='18416'/>
	<gameDuration value='1151'/>

	<player>
		<unitScore value='5550'/>
		<killScore value='600'/>
		<buildingScore value='1900'/>
		<razingScore value='0'/>
		<mineralScore value='6386'/>
		<gasScore value='936'/>
		<totalScore value='15372'/>
	</player>

	<enemy>
		<race value='Terran'/>
		<unitScore value='7100'/>
		<killScore value='11100'/>
		<buildingScore value='2850'/>
		<razingScore value='5700'/>
		<mineralScore value='8362'/>
		<gasScore value='3080'/>
		<totalScore value='38192'/>
	</enemy>

	<scoreRatio value='0.402493'/>
	<timeFitness value='0.159861'/>
	<unitsAverage value='27'/>
</results>
