<results>
	<result value='draw'/>
	<start value='2015-07-08.22:19:24'/>
	<end value='2015-07-08.22:21:44'/>
	<frames value='57601'/>
	<gameDuration value='3600'/>

	<player>
		<unitScore value='26250'/>
		<killScore value='22750'/>
		<buildingScore value='3750'/>
		<razingScore value='300'/>
		<mineralScore value='25202'/>
		<gasScore value='4584'/>
		<totalScore value='82836'/>
	</player>

	<enemy>
		<race value='Terran'/>
		<unitScore value='24450'/>
		<killScore value='43500'/>
		<buildingScore value='4200'/>
		<razingScore value='3825'/>
		<mineralScore value='19550'/>
		<gasScore value='11718'/>
		<totalScore value='107243'/>
	</enemy>

	<scoreRatio value='0.772414'/>
	<timeFitness value='0.5'/>
	<unitsAverage value='99'/>
</results>
