<results>
	<result value='loss'/>
	<start value='2015-07-08.22:30:23'/>
	<end value='2015-07-08.22:30:40'/>
	<frames value='18044'/>
	<gameDuration value='1127'/>

	<player>
		<unitScore value='4125'/>
		<killScore value='950'/>
		<buildingScore value='1800'/>
		<razingScore value='0'/>
		<mineralScore value='5346'/>
		<gasScore value='920'/>
		<totalScore value='13141'/>
	</player>

	<enemy>
		<race value='Terran'/>
		<unitScore value='6750'/>
		<killScore value='8250'/>
		<buildingScore value='2750'/>
		<razingScore value='5400'/>
		<mineralScore value='8194'/>
		<gasScore value='2832'/>
		<totalScore value='34176'/>
	</enemy>

	<scoreRatio value='0.38451'/>
	<timeFitness value='0.156528'/>
	<unitsAverage value='23'/>
</results>
