<results>
	<result value='draw'/>
	<start value='2015-07-08.22:34:00'/>
	<end value='2015-07-08.22:37:41'/>
	<frames value='57601'/>
	<gameDuration value='3600'/>

	<player>
		<unitScore value='41550'/>
		<killScore value='29900'/>
		<buildingScore value='4725'/>
		<razingScore value='300'/>
		<mineralScore value='36710'/>
		<gasScore value='6890'/>
		<totalScore value='120075'/>
	</player>

	<enemy>
		<race value='Terran'/>
		<unitScore value='21475'/>
		<killScore value='61850'/>
		<buildingScore value='4050'/>
		<razingScore value='2625'/>
		<mineralScore value='19494'/>
		<gasScore value='9368'/>
		<totalScore value='118862'/>
	</enemy>

	<scoreRatio value='1.01021'/>
	<timeFitness value='0.5'/>
	<unitsAverage value='141'/>
</results>
