<results>
	<result value='loss'/>
	<start value='2015-07-08.22:51:25'/>
	<end value='2015-07-08.22:52:10'/>
	<frames value='40333'/>
	<gameDuration value='2520'/>

	<player>
		<unitScore value='10325'/>
		<killScore value='7650'/>
		<buildingScore value='2500'/>
		<razingScore value='0'/>
		<mineralScore value='10838'/>
		<gasScore value='1768'/>
		<totalScore value='33081'/>
	</player>

	<enemy>
		<race value='Terran'/>
		<unitScore value='19325'/>
		<killScore value='20650'/>
		<buildingScore value='5525'/>
		<razingScore value='7500'/>
		<mineralScore value='21234'/>
		<gasScore value='12418'/>
		<totalScore value='86652'/>
	</enemy>

	<scoreRatio value='0.381768'/>
	<timeFitness value='0.35'/>
	<unitsAverage value='31'/>
</results>
