<results>
	<result value='loss'/>
	<start value='2015-04-08.01:15:53'/>
	<end value='2015-04-08.01:16:24'/>
	<frames value='43402'/>
	<gameDuration value='2712'/>

	<player>
		<unitScore value='18750'/>
		<killScore value='23950'/>
		<buildingScore value='2475'/>
		<razingScore value='0'/>
		<mineralScore value='20994'/>
		<gasScore value='3504'/>
		<totalScore value='69673'/>
	</player>

	<enemy>
		<race value='Protoss'/>
		<unitScore value='32700'/>
		<unitScore value='32700'/>
		<killScore value='37500'/>
		<buildingScore value='7475'/>
		<razingScore value='7425'/>
		<mineralScore value='29738'/>
		<gasScore value='12036'/>
		<totalScore value='126874'/>
	</enemy>

	<scoreRatio value='0.549151'/>
</results>
