<results>
	<result value='win'/>
	<start value='2015-05-03.15:46:41'/>
	<end value='2015-05-03.15:47:01'/>
	<frames value='22942'/>
	<gameDuration value='1433'/>

	<player>
		<unitScore value='14825'/>
		<killScore value='16565'/>
		<buildingScore value='4400'/>
		<razingScore value='4680'/>
		<mineralScore value='21810'/>
		<gasScore value='1376'/>
		<totalScore value='63656'/>
	</player>

	<enemy>
		<race value='Zerg'/>
		<unitScore value='8300'/>
		<unitScore value='8300'/>
		<killScore value='10200'/>
		<buildingScore value='1560'/>
		<razingScore value='0'/>
		<mineralScore value='8722'/>
		<gasScore value='2904'/>
		<totalScore value='31686'/>
	</enemy>

	<scoreRatio value='2.00896'/>
	<timeFitness value='0.800972'/>
	<unitsAverage value='86'/>
</results>
