<results>
	<result value='win'/>
	<start value='2015-05-10.17:50:15'/>
	<end value='2015-05-10.17:50:42'/>
	<frames value='22260'/>
	<gameDuration value='1391'/>

	<player>
		<unitScore value='13300'/>
		<killScore value='16490'/>
		<buildingScore value='3950'/>
		<razingScore value='4875'/>
		<mineralScore value='21430'/>
		<gasScore value='1704'/>
		<totalScore value='61749'/>
	</player>

	<enemy>
		<race value='Zerg'/>
		<unitScore value='8000'/>
		<unitScore value='8000'/>
		<killScore value='9400'/>
		<buildingScore value='1625'/>
		<razingScore value='0'/>
		<mineralScore value='9010'/>
		<gasScore value='2608'/>
		<totalScore value='30643'/>
	</enemy>

	<scoreRatio value='2.01511'/>
	<timeFitness value='0.806806'/>
	<unitsAverage value='82'/>
</results>
