<results>
	<result value='win'/>
	<start value='2015-05-10.17:53:50'/>
	<end value='2015-05-10.17:54:14'/>
	<frames value='22229'/>
	<gameDuration value='1389'/>

	<player>
		<unitScore value='12350'/>
		<killScore value='19360'/>
		<buildingScore value='3375'/>
		<razingScore value='5040'/>
		<mineralScore value='20818'/>
		<gasScore value='1808'/>
		<totalScore value='62751'/>
	</player>

	<enemy>
		<race value='Zerg'/>
		<unitScore value='9775'/>
		<unitScore value='9775'/>
		<killScore value='7600'/>
		<buildingScore value='1680'/>
		<razingScore value='150'/>
		<mineralScore value='9642'/>
		<gasScore value='2888'/>
		<totalScore value='31735'/>
	</enemy>

	<scoreRatio value='1.97734'/>
	<timeFitness value='0.807083'/>
	<unitsAverage value='83'/>
</results>
