<results>
	<result value='win'/>
	<start value='2015-05-04.02:38:34'/>
	<end value='2015-05-04.02:39:27'/>
	<frames value='38938'/>
	<gameDuration value='2433'/>

	<player>
		<unitScore value='26525'/>
		<killScore value='33150'/>
		<buildingScore value='3800'/>
		<razingScore value='20925'/>
		<mineralScore value='29802'/>
		<gasScore value='3280'/>
		<totalScore value='117482'/>
	</player>

	<enemy>
		<race value='Protoss'/>
		<unitScore value='18200'/>
		<unitScore value='18200'/>
		<killScore value='29750'/>
		<buildingScore value='6975'/>
		<razingScore value='300'/>
		<mineralScore value='20554'/>
		<gasScore value='6944'/>
		<totalScore value='82723'/>
	</enemy>

	<scoreRatio value='1.42019'/>
	<timeFitness value='0.662083'/>
	<unitsAverage value='100'/>
</results>
