<results>
	<result value='win'/>
	<start value='2015-05-04.02:39:31'/>
	<end value='2015-05-04.02:40:04'/>
	<frames value='30351'/>
	<gameDuration value='1896'/>

	<player>
		<unitScore value='17150'/>
		<killScore value='19300'/>
		<buildingScore value='3200'/>
		<razingScore value='18750'/>
		<mineralScore value='21010'/>
		<gasScore value='2408'/>
		<totalScore value='81818'/>
	</player>

	<enemy>
		<race value='Protoss'/>
		<unitScore value='9650'/>
		<unitScore value='9650'/>
		<killScore value='15050'/>
		<buildingScore value='6250'/>
		<razingScore value='150'/>
		<mineralScore value='16890'/>
		<gasScore value='4208'/>
		<totalScore value='52198'/>
	</enemy>

	<scoreRatio value='1.56745'/>
	<timeFitness value='0.736667'/>
	<unitsAverage value='82'/>
</results>
