<results>
	<result value='win'/>
	<start value='2015-05-04.02:50:42'/>
	<end value='2015-05-04.02:51:27'/>
	<frames value='30661'/>
	<gameDuration value='1916'/>

	<player>
		<unitScore value='23950'/>
		<killScore value='26350'/>
		<buildingScore value='4550'/>
		<razingScore value='11175'/>
		<mineralScore value='30786'/>
		<gasScore value='1952'/>
		<totalScore value='98763'/>
	</player>

	<enemy>
		<race value='Protoss'/>
		<unitScore value='14225'/>
		<unitScore value='14225'/>
		<killScore value='23350'/>
		<buildingScore value='3725'/>
		<razingScore value='0'/>
		<mineralScore value='12966'/>
		<gasScore value='3624'/>
		<totalScore value='57890'/>
	</enemy>

	<scoreRatio value='1.70605'/>
	<timeFitness value='0.733889'/>
	<unitsAverage value='110'/>
</results>
