<results>
	<result value='win'/>
	<start value='2015-05-04.02:51:31'/>
	<end value='2015-05-04.02:52:04'/>
	<frames value='24988'/>
	<gameDuration value='1561'/>

	<player>
		<unitScore value='16250'/>
		<killScore value='18950'/>
		<buildingScore value='4325'/>
		<razingScore value='14175'/>
		<mineralScore value='24262'/>
		<gasScore value='2192'/>
		<totalScore value='80154'/>
	</player>

	<enemy>
		<race value='Protoss'/>
		<unitScore value='9700'/>
		<unitScore value='9700'/>
		<killScore value='7300'/>
		<buildingScore value='4725'/>
		<razingScore value='0'/>
		<mineralScore value='15842'/>
		<gasScore value='2776'/>
		<totalScore value='40343'/>
	</enemy>

	<scoreRatio value='1.98681'/>
	<timeFitness value='0.783194'/>
	<unitsAverage value='99'/>
</results>
