<results>
	<result value='loss'/>
	<start value='2015-04-16.13:49:03'/>
	<end value='2015-04-16.13:49:15'/>
	<frames value='13518'/>
	<gameDuration value='844'/>

	<player>
		<unitScore value='2375'/>
		<killScore value='200'/>
		<buildingScore value='1550'/>
		<razingScore value='0'/>
		<mineralScore value='3874'/>
		<gasScore value='512'/>
		<totalScore value='8511'/>
	</player>

	<enemy>
		<race value='Protoss'/>
		<unitScore value='3550'/>
		<unitScore value='3550'/>
		<killScore value='4250'/>
		<buildingScore value='2375'/>
		<razingScore value='4650'/>
		<mineralScore value='6906'/>
		<gasScore value='1176'/>
		<totalScore value='22907'/>
	</enemy>

	<scoreRatio value='0.371546'/>
</results>
