<results>
	<result value='win'/>
	<start value='2015-05-04.03:57:32'/>
	<end value='2015-05-04.03:58:12'/>
	<frames value='34164'/>
	<gameDuration value='2135'/>

	<player>
		<unitScore value='19900'/>
		<killScore value='26400'/>
		<buildingScore value='4325'/>
		<razingScore value='15375'/>
		<mineralScore value='25114'/>
		<gasScore value='3584'/>
		<totalScore value='94698'/>
	</player>

	<enemy>
		<race value='Protoss'/>
		<unitScore value='13200'/>
		<unitScore value='13200'/>
		<killScore value='19400'/>
		<buildingScore value='5125'/>
		<razingScore value='1350'/>
		<mineralScore value='14946'/>
		<gasScore value='2848'/>
		<totalScore value='56869'/>
	</enemy>

	<scoreRatio value='1.6652'/>
	<timeFitness value='0.703472'/>
	<unitsAverage value='90'/>
</results>
