<results>
	<result value='loss'/>
	<start value='2015-05-04.04:35:45'/>
	<end value='2015-05-04.04:36:05'/>
	<frames value='30599'/>
	<gameDuration value='1912'/>

	<player>
		<unitScore value='8525'/>
		<killScore value='4000'/>
		<buildingScore value='2625'/>
		<razingScore value='0'/>
		<mineralScore value='12254'/>
		<gasScore value='2344'/>
		<totalScore value='29748'/>
	</player>

	<enemy>
		<race value='Protoss'/>
		<unitScore value='14850'/>
		<unitScore value='14850'/>
		<killScore value='17150'/>
		<buildingScore value='6875'/>
		<razingScore value='7875'/>
		<mineralScore value='18718'/>
		<gasScore value='7280'/>
		<totalScore value='72748'/>
	</enemy>

	<scoreRatio value='0.408918'/>
	<timeFitness value='0.265556'/>
	<unitsAverage value='35'/>
</results>
