<results>
	<result value='win'/>
	<start value='2015-04-28.01:42:49'/>
	<end value='2015-04-28.01:43:33'/>
	<frames value='26817'/>
	<gameDuration value='1676'/>

	<player>
		<unitScore value='16525'/>
		<killScore value='18390'/>
		<buildingScore value='4175'/>
		<razingScore value='6840'/>
		<mineralScore value='24506'/>
		<gasScore value='2128'/>
		<totalScore value='72564'/>
	</player>

	<enemy>
		<race value='Zerg'/>
		<unitScore value='8500'/>
		<unitScore value='8500'/>
		<killScore value='12500'/>
		<buildingScore value='2280'/>
		<razingScore value='0'/>
		<mineralScore value='9298'/>
		<gasScore value='2936'/>
		<totalScore value='35514'/>
	</enemy>

	<scoreRatio value='2.04325'/>
</results>
