<results>
	<result value='win'/>
	<start value='2015-04-28.01:51:26'/>
	<end value='2015-04-28.01:51:51'/>
	<frames value='21268'/>
	<gameDuration value='1329'/>

	<player>
		<unitScore value='11100'/>
		<killScore value='18880'/>
		<buildingScore value='3325'/>
		<razingScore value='4560'/>
		<mineralScore value='16546'/>
		<gasScore value='1992'/>
		<totalScore value='56403'/>
	</player>

	<enemy>
		<race value='Zerg'/>
		<unitScore value='8575'/>
		<unitScore value='8575'/>
		<killScore value='7150'/>
		<buildingScore value='1520'/>
		<razingScore value='0'/>
		<mineralScore value='8354'/>
		<gasScore value='2400'/>
		<totalScore value='27999'/>
	</enemy>

	<scoreRatio value='2.01446'/>
</results>
