<results>
	<result value='loss'/>
	<start value='2015-04-28.01:53:42'/>
	<end value='2015-04-28.01:54:11'/>
	<frames value='23531'/>
	<gameDuration value='1470'/>

	<player>
		<unitScore value='7550'/>
		<killScore value='3150'/>
		<buildingScore value='2850'/>
		<razingScore value='0'/>
		<mineralScore value='10386'/>
		<gasScore value='1328'/>
		<totalScore value='25264'/>
	</player>

	<enemy>
		<race value='Zerg'/>
		<unitScore value='10075'/>
		<unitScore value='10075'/>
		<killScore value='10250'/>
		<buildingScore value='3060'/>
		<razingScore value='8550'/>
		<mineralScore value='12770'/>
		<gasScore value='4152'/>
		<totalScore value='48857'/>
	</enemy>

	<scoreRatio value='0.517101'/>
</results>
