<results>
	<result value='win'/>
	<start value='2015-05-09.21:45:04'/>
	<end value='2015-05-09.21:46:15'/>
	<frames value='42193'/>
	<gameDuration value='2637'/>

	<player>
		<unitScore value='26925'/>
		<killScore value='30150'/>
		<buildingScore value='3700'/>
		<razingScore value='19725'/>
		<mineralScore value='30842'/>
		<gasScore value='1392'/>
		<totalScore value='112734'/>
	</player>

	<enemy>
		<race value='Protoss'/>
		<unitScore value='15425'/>
		<unitScore value='15425'/>
		<killScore value='37600'/>
		<buildingScore value='6575'/>
		<razingScore value='2925'/>
		<mineralScore value='17962'/>
		<gasScore value='5912'/>
		<totalScore value='86399'/>
	</enemy>

	<scoreRatio value='1.30481'/>
	<timeFitness value='0.63375'/>
	<unitsAverage value='91'/>
</results>
