<results>
	<result value='draw'/>
	<start value='2015-05-09.22:07:21'/>
	<end value='2015-05-09.22:09:00'/>
	<frames value='57601'/>
	<gameDuration value='3600'/>

	<player>
		<unitScore value='23225'/>
		<killScore value='41150'/>
		<buildingScore value='2225'/>
		<razingScore value='8700'/>
		<mineralScore value='24594'/>
		<gasScore value='5032'/>
		<totalScore value='104926'/>
	</player>

	<enemy>
		<race value='Protoss'/>
		<unitScore value='24725'/>
		<unitScore value='24725'/>
		<killScore value='43600'/>
		<buildingScore value='8925'/>
		<razingScore value='6375'/>
		<mineralScore value='31050'/>
		<gasScore value='10640'/>
		<totalScore value='125315'/>
	</enemy>

	<scoreRatio value='0.837298'/>
	<timeFitness value='0.5'/>
	<unitsAverage value='78'/>
</results>
