<results>
	<result value='win'/>
	<start value='2015-04-28.21:41:48'/>
	<end value='2015-04-28.21:42:25'/>
	<frames value='27034'/>
	<gameDuration value='1689'/>

	<player>
		<unitScore value='17275'/>
		<killScore value='20570'/>
		<buildingScore value='4100'/>
		<razingScore value='7365'/>
		<mineralScore value='22998'/>
		<gasScore value='2264'/>
		<totalScore value='74572'/>
	</player>

	<enemy>
		<race value='Zerg'/>
		<unitScore value='9225'/>
		<unitScore value='9225'/>
		<killScore value='15800'/>
		<buildingScore value='2455'/>
		<razingScore value='1350'/>
		<mineralScore value='10326'/>
		<gasScore value='3184'/>
		<totalScore value='42340'/>
	</enemy>

	<scoreRatio value='1.76127'/>
</results>
