<results>
	<result value='win'/>
	<start value='2015-04-28.21:43:05'/>
	<end value='2015-04-28.21:43:50'/>
	<frames value='35156'/>
	<gameDuration value='2197'/>

	<player>
		<unitScore value='17800'/>
		<killScore value='27430'/>
		<buildingScore value='3700'/>
		<razingScore value='9495'/>
		<mineralScore value='22334'/>
		<gasScore value='1960'/>
		<totalScore value='82719'/>
	</player>

	<enemy>
		<race value='Zerg'/>
		<unitScore value='12975'/>
		<unitScore value='12975'/>
		<killScore value='17100'/>
		<buildingScore value='3165'/>
		<razingScore value='150'/>
		<mineralScore value='14006'/>
		<gasScore value='4408'/>
		<totalScore value='51804'/>
	</enemy>

	<scoreRatio value='1.59677'/>
</results>
