<results>
	<result value='win'/>
	<start value='2015-04-30.02:21:13'/>
	<end value='2015-04-30.02:21:38'/>
	<frames value='22105'/>
	<gameDuration value='1381'/>

	<player>
		<unitScore value='12400'/>
		<killScore value='18780'/>
		<buildingScore value='3125'/>
		<razingScore value='4560'/>
		<mineralScore value='17254'/>
		<gasScore value='1400'/>
		<totalScore value='57519'/>
	</player>

	<enemy>
		<race value='Zerg'/>
		<unitScore value='8675'/>
		<unitScore value='8675'/>
		<killScore value='10400'/>
		<buildingScore value='1520'/>
		<razingScore value='0'/>
		<mineralScore value='8282'/>
		<gasScore value='2352'/>
		<totalScore value='31229'/>
	</enemy>

	<scoreRatio value='1.84185'/>
	<timeFitness value='0.808194'/>
	<unitsAverage value='72'/>
</results>
