<results>
	<result value='draw'/>
	<start value='2015-03-29.12:37:37'/>
	<end value='2015-03-29.12:40:05'/>
	<frames value='57601'/>
	<gameDuration value='3600'/>

	<player>
		<unitScore value='25500'/>
		<killScore value='34300'/>
		<buildingScore value='4325'/>
		<razingScore value='7200'/>
		<mineralScore value='45330'/>
		<gasScore value='9614'/>
		<totalScore value='126269'/>
	</player>

	<enemy>
		<race value='Protoss'/>
		<unitScore value='21275'/>
		<unitScore value='21275'/>
		<killScore value='27850'/>
		<buildingScore value='5725'/>
		<razingScore value='0'/>
		<mineralScore value='17586'/>
		<gasScore value='8292'/>
		<totalScore value='80728'/>
	</enemy>

	<scoreRatio value='1.56413'/>
</results>
