<results>
	<result value='loss'/>
	<start value='2015-03-29.12:42:47'/>
	<end value='2015-03-29.12:43:01'/>
	<frames value='18974'/>
	<gameDuration value='1185'/>

	<player>
		<unitScore value='4950'/>
		<killScore value='2200'/>
		<buildingScore value='1875'/>
		<razingScore value='0'/>
		<mineralScore value='6962'/>
		<gasScore value='896'/>
		<totalScore value='16883'/>
	</player>

	<enemy>
		<race value='Protoss'/>
		<unitScore value='6075'/>
		<unitScore value='6075'/>
		<killScore value='9900'/>
		<buildingScore value='3775'/>
		<razingScore value='5625'/>
		<mineralScore value='9818'/>
		<gasScore value='2840'/>
		<totalScore value='38033'/>
	</enemy>

	<scoreRatio value='0.443904'/>
</results>
