<results>
	<result value='win'/>
	<start value='2015-03-29.12:45:42'/>
	<end value='2015-03-29.12:47:12'/>
	<frames value='46285'/>
	<gameDuration value='2892'/>

	<player>
		<unitScore value='28850'/>
		<killScore value='44800'/>
		<buildingScore value='4825'/>
		<razingScore value='18900'/>
		<mineralScore value='36294'/>
		<gasScore value='7480'/>
		<totalScore value='141149'/>
	</player>

	<enemy>
		<race value='Protoss'/>
		<unitScore value='23800'/>
		<unitScore value='23800'/>
		<killScore value='32600'/>
		<buildingScore value='6300'/>
		<razingScore value='1500'/>
		<mineralScore value='22962'/>
		<gasScore value='6120'/>
		<totalScore value='93282'/>
	</enemy>

	<scoreRatio value='1.51314'/>
</results>
