<results>
	<result value='win'/>
	<start value='2015-04-13.06:18:44'/>
	<end value='2015-04-13.06:19:15'/>
	<frames value='31064'/>
	<gameDuration value='1941'/>

	<player>
		<unitScore value='21625'/>
		<killScore value='17500'/>
		<buildingScore value='3425'/>
		<razingScore value='15525'/>
		<mineralScore value='29514'/>
		<gasScore value='3144'/>
		<totalScore value='90733'/>
	</player>

	<enemy>
		<race value='Protoss'/>
		<unitScore value='9100'/>
		<unitScore value='9100'/>
		<killScore value='22400'/>
		<buildingScore value='5175'/>
		<razingScore value='0'/>
		<mineralScore value='20754'/>
		<gasScore value='2408'/>
		<totalScore value='59837'/>
	</enemy>

	<scoreRatio value='1.51634'/>
</results>
