<results>
	<result value='win'/>
	<start value='2015-05-08.18:17:38'/>
	<end value='2015-05-08.18:18:26'/>
	<frames value='27716'/>
	<gameDuration value='1732'/>

	<player>
		<unitScore value='14375'/>
		<killScore value='25550'/>
		<buildingScore value='4225'/>
		<razingScore value='6375'/>
		<mineralScore value='30690'/>
		<gasScore value='1816'/>
		<totalScore value='83031'/>
	</player>

	<enemy>
		<race value='Terran'/>
		<unitScore value='13475'/>
		<unitScore value='13475'/>
		<killScore value='10050'/>
		<buildingScore value='2200'/>
		<razingScore value='1875'/>
		<mineralScore value='11318'/>
		<gasScore value='4048'/>
		<totalScore value='42966'/>
	</enemy>

	<scoreRatio value='1.93248'/>
	<timeFitness value='0.759444'/>
	<unitsAverage value='92'/>
</results>
