<results>
	<result value='draw'/>
	<start value='2015-05-01.16:25:07'/>
	<end value='2015-05-01.16:26:44'/>
	<frames value='57601'/>
	<gameDuration value='3600'/>

	<player>
		<unitScore value='31050'/>
		<killScore value='31600'/>
		<buildingScore value='3325'/>
		<razingScore value='7425'/>
		<mineralScore value='31574'/>
		<gasScore value='4864'/>
		<totalScore value='109838'/>
	</player>

	<enemy>
		<race value='Protoss'/>
		<unitScore value='22600'/>
		<unitScore value='22600'/>
		<killScore value='59850'/>
		<buildingScore value='8575'/>
		<razingScore value='2925'/>
		<mineralScore value='27270'/>
		<gasScore value='11672'/>
		<totalScore value='132892'/>
	</enemy>

	<scoreRatio value='0.826521'/>
	<timeFitness value='0.5'/>
	<unitsAverage value='95'/>
</results>
