<results>
	<result value='draw'/>
	<start value='2015-05-03.21:23:25'/>
	<end value='2015-05-03.21:24:55'/>
	<frames value='57601'/>
	<gameDuration value='3600'/>

	<player>
		<unitScore value='28800'/>
		<killScore value='36100'/>
		<buildingScore value='3725'/>
		<razingScore value='525'/>
		<mineralScore value='31734'/>
		<gasScore value='4072'/>
		<totalScore value='104956'/>
	</player>

	<enemy>
		<race value='Terran'/>
		<unitScore value='31950'/>
		<unitScore value='31950'/>
		<killScore value='52300'/>
		<buildingScore value='3450'/>
		<razingScore value='5175'/>
		<mineralScore value='19550'/>
		<gasScore value='11708'/>
		<totalScore value='124133'/>
	</enemy>

	<scoreRatio value='0.845512'/>
	<timeFitness value='0.5'/>
	<unitsAverage value='98'/>
</results>
