<results>
	<result value='draw'/>
	<start value='2015-05-03.21:38:23'/>
	<end value='2015-05-03.21:39:38'/>
	<frames value='57601'/>
	<gameDuration value='3600'/>

	<player>
		<unitScore value='26000'/>
		<killScore value='19600'/>
		<buildingScore value='3325'/>
		<razingScore value='0'/>
		<mineralScore value='32302'/>
		<gasScore value='6790'/>
		<totalScore value='88017'/>
	</player>

	<enemy>
		<race value='Terran'/>
		<unitScore value='23575'/>
		<unitScore value='23575'/>
		<killScore value='50600'/>
		<buildingScore value='4100'/>
		<razingScore value='8100'/>
		<mineralScore value='18630'/>
		<gasScore value='12206'/>
		<totalScore value='117211'/>
	</enemy>

	<scoreRatio value='0.750928'/>
	<timeFitness value='0.5'/>
	<unitsAverage value='89'/>
</results>
