<results>
	<result value='loss'/>
	<start value='2015-04-07.20:19:19'/>
	<end value='2015-04-07.20:19:53'/>
	<frames value='42565'/>
	<gameDuration value='2660'/>

	<player>
		<unitScore value='16350'/>
		<killScore value='18400'/>
		<buildingScore value='2800'/>
		<razingScore value='0'/>
		<mineralScore value='17286'/>
		<gasScore value='2480'/>
		<totalScore value='57316'/>
	</player>

	<enemy>
		<race value='Protoss'/>
		<unitScore value='28050'/>
		<unitScore value='28050'/>
		<killScore value='32800'/>
		<buildingScore value='7375'/>
		<razingScore value='8400'/>
		<mineralScore value='30582'/>
		<gasScore value='10562'/>
		<totalScore value='117769'/>
	</enemy>

	<scoreRatio value='0.486682'/>
</results>
