<results>
	<result value='loss'/>
	<start value='2015-05-05.00:31:08'/>
	<end value='2015-05-05.00:31:19'/>
	<frames value='25701'/>
	<gameDuration value='1606'/>

	<player>
		<unitScore value='6225'/>
		<killScore value='5150'/>
		<buildingScore value='3125'/>
		<razingScore value='0'/>
		<mineralScore value='9626'/>
		<gasScore value='1432'/>
		<totalScore value='25558'/>
	</player>

	<enemy>
		<race value='Terran'/>
		<unitScore value='7875'/>
		<unitScore value='7875'/>
		<killScore value='12450'/>
		<buildingScore value='3525'/>
		<razingScore value='9375'/>
		<mineralScore value='14862'/>
		<gasScore value='4176'/>
		<totalScore value='52263'/>
	</enemy>

	<scoreRatio value='0.489027'/>
	<timeFitness value='0.223056'/>
	<unitsAverage value='31'/>
</results>
