<results>
	<result value='win'/>
	<start value='2015-05-05.00:35:11'/>
	<end value='2015-05-05.00:36:07'/>
	<frames value='43712'/>
	<gameDuration value='2732'/>

	<player>
		<unitScore value='19800'/>
		<killScore value='27600'/>
		<buildingScore value='4275'/>
		<razingScore value='9075'/>
		<mineralScore value='32898'/>
		<gasScore value='3640'/>
		<totalScore value='97288'/>
	</player>

	<enemy>
		<race value='Terran'/>
		<unitScore value='13800'/>
		<unitScore value='13800'/>
		<killScore value='20100'/>
		<buildingScore value='3025'/>
		<razingScore value='1725'/>
		<mineralScore value='12050'/>
		<gasScore value='5762'/>
		<totalScore value='56462'/>
	</enemy>

	<scoreRatio value='1.72307'/>
	<timeFitness value='0.620556'/>
	<unitsAverage value='98'/>
</results>
