<results>
	<result value='loss'/>
	<start value='2015-05-05.00:42:49'/>
	<end value='2015-05-05.00:42:58'/>
	<frames value='17734'/>
	<gameDuration value='1108'/>

	<player>
		<unitScore value='3575'/>
		<killScore value='950'/>
		<buildingScore value='1950'/>
		<razingScore value='0'/>
		<mineralScore value='5754'/>
		<gasScore value='736'/>
		<totalScore value='12965'/>
	</player>

	<enemy>
		<race value='Terran'/>
		<unitScore value='6350'/>
		<unitScore value='6350'/>
		<killScore value='7150'/>
		<buildingScore value='2625'/>
		<razingScore value='5850'/>
		<mineralScore value='8074'/>
		<gasScore value='2792'/>
		<totalScore value='32841'/>
	</enemy>

	<scoreRatio value='0.394781'/>
	<timeFitness value='0.153889'/>
	<unitsAverage value='24'/>
</results>
