<results>
	<result value='loss'/>
	<start value='2015-05-05.00:53:37'/>
	<end value='2015-05-05.00:53:51'/>
	<frames value='24740'/>
	<gameDuration value='1546'/>

	<player>
		<unitScore value='5450'/>
		<killScore value='4150'/>
		<buildingScore value='2625'/>
		<razingScore value='0'/>
		<mineralScore value='8570'/>
		<gasScore value='1360'/>
		<totalScore value='22155'/>
	</player>

	<enemy>
		<race value='Terran'/>
		<unitScore value='9825'/>
		<unitScore value='9825'/>
		<killScore value='10900'/>
		<buildingScore value='3400'/>
		<razingScore value='7875'/>
		<mineralScore value='12234'/>
		<gasScore value='5264'/>
		<totalScore value='49498'/>
	</enemy>

	<scoreRatio value='0.447594'/>
	<timeFitness value='0.214722'/>
	<unitsAverage value='27'/>
</results>
