<results>
	<result value='win'/>
	<start value='2015-05-05.01:02:16'/>
	<end value='2015-05-05.01:02:43'/>
	<frames value='34288'/>
	<gameDuration value='2143'/>

	<player>
		<unitScore value='10750'/>
		<killScore value='33300'/>
		<buildingScore value='2625'/>
		<razingScore value='9525'/>
		<mineralScore value='18450'/>
		<gasScore value='608'/>
		<totalScore value='75258'/>
	</player>

	<enemy>
		<race value='Terran'/>
		<unitScore value='17850'/>
		<unitScore value='17850'/>
		<killScore value='8950'/>
		<buildingScore value='3175'/>
		<razingScore value='2025'/>
		<mineralScore value='15278'/>
		<gasScore value='7462'/>
		<totalScore value='54740'/>
	</enemy>

	<scoreRatio value='1.37483'/>
	<timeFitness value='0.702361'/>
	<unitsAverage value='68'/>
</results>
