<results>
	<result value='loss'/>
	<start value='2015-05-05.01:03:49'/>
	<end value='2015-05-05.01:04:00'/>
	<frames value='18261'/>
	<gameDuration value='1141'/>

	<player>
		<unitScore value='4550'/>
		<killScore value='1600'/>
		<buildingScore value='1750'/>
		<razingScore value='0'/>
		<mineralScore value='6682'/>
		<gasScore value='864'/>
		<totalScore value='15446'/>
	</player>

	<enemy>
		<race value='Terran'/>
		<unitScore value='6800'/>
		<unitScore value='6800'/>
		<killScore value='9100'/>
		<buildingScore value='2900'/>
		<razingScore value='5250'/>
		<mineralScore value='8362'/>
		<gasScore value='2864'/>
		<totalScore value='35276'/>
	</enemy>

	<scoreRatio value='0.437861'/>
	<timeFitness value='0.158472'/>
	<unitsAverage value='32'/>
</results>
