<results>
	<result value='win'/>
	<start value='2015-05-10.21:22:54'/>
	<end value='2015-05-10.21:23:16'/>
	<frames value='23066'/>
	<gameDuration value='1441'/>

	<player>
		<unitScore value='14325'/>
		<killScore value='22240'/>
		<buildingScore value='4175'/>
		<razingScore value='4800'/>
		<mineralScore value='21398'/>
		<gasScore value='1728'/>
		<totalScore value='68666'/>
	</player>

	<enemy>
		<race value='Zerg'/>
		<unitScore value='10325'/>
		<unitScore value='10325'/>
		<killScore value='10200'/>
		<buildingScore value='1600'/>
		<razingScore value='0'/>
		<mineralScore value='9722'/>
		<gasScore value='3160'/>
		<totalScore value='35007'/>
	</enemy>

	<scoreRatio value='1.96149'/>
	<timeFitness value='0.799861'/>
	<unitsAverage value='83'/>
</results>
