<results>
	<result value='win'/>
	<start value='2015-05-10.21:24:01'/>
	<end value='2015-05-10.21:24:54'/>
	<frames value='48331'/>
	<gameDuration value='3020'/>

	<player>
		<unitScore value='24075'/>
		<killScore value='44525'/>
		<buildingScore value='5100'/>
		<razingScore value='11340'/>
		<mineralScore value='39386'/>
		<gasScore value='6130'/>
		<totalScore value='130556'/>
	</player>

	<enemy>
		<race value='Zerg'/>
		<unitScore value='20475'/>
		<unitScore value='20475'/>
		<killScore value='30250'/>
		<buildingScore value='3780'/>
		<razingScore value='1575'/>
		<mineralScore value='21370'/>
		<gasScore value='5594'/>
		<totalScore value='83044'/>
	</enemy>

	<scoreRatio value='1.57213'/>
	<timeFitness value='0.580556'/>
	<unitsAverage value='108'/>
</results>
