<results>
	<result value='loss'/>
	<start value='2015-07-21.14:41:07'/>
	<end value='2015-07-21.14:41:42'/>
	<frames value='27127'/>
	<gameDuration value='1695'/>

	<player>
		<unitScore value='11550'/>
		<killScore value='9600'/>
		<buildingScore value='2875'/>
		<razingScore value='0'/>
		<mineralScore value='27126'/>
		<gasScore value='1872'/>
		<totalScore value='53023'/>
	</player>

	<enemy>
		<race value='Zerg'/>
		<unitScore value='13525'/>
		<killScore value='23100'/>
		<buildingScore value='2965'/>
		<razingScore value='8625'/>
		<mineralScore value='15710'/>
		<gasScore value='4280'/>
		<totalScore value='68205'/>
	</enemy>

	<scoreRatio value='0.777406'/>
	<timeFitness value='0.235417'/>
	<unitsAverage value='59'/>
</results>
