<results>
	<result value='loss'/>
	<start value='2015-07-21.14:41:52'/>
	<end value='2015-07-21.14:42:10'/>
	<frames value='21051'/>
	<gameDuration value='1315'/>

	<player>
		<unitScore value='7775'/>
		<killScore value='2800'/>
		<buildingScore value='1775'/>
		<razingScore value='0'/>
		<mineralScore value='8154'/>
		<gasScore value='1552'/>
		<totalScore value='22056'/>
	</player>

	<enemy>
		<race value='Zerg'/>
		<unitScore value='8175'/>
		<killScore value='15550'/>
		<buildingScore value='1735'/>
		<razingScore value='5325'/>
		<mineralScore value='8554'/>
		<gasScore value='2384'/>
		<totalScore value='41723'/>
	</enemy>

	<scoreRatio value='0.528629'/>
	<timeFitness value='0.182639'/>
	<unitsAverage value='29'/>
</results>
