<results>
	<result value='loss'/>
	<start value='2015-07-21.14:45:01'/>
	<end value='2015-07-21.14:45:25'/>
	<frames value='20555'/>
	<gameDuration value='1284'/>

	<player>
		<unitScore value='9525'/>
		<killScore value='2500'/>
		<buildingScore value='2400'/>
		<razingScore value='0'/>
		<mineralScore value='10322'/>
		<gasScore value='1736'/>
		<totalScore value='26483'/>
	</player>

	<enemy>
		<race value='Zerg'/>
		<unitScore value='8050'/>
		<killScore value='13550'/>
		<buildingScore value='2430'/>
		<razingScore value='7200'/>
		<mineralScore value='9642'/>
		<gasScore value='3168'/>
		<totalScore value='44040'/>
	</enemy>

	<scoreRatio value='0.60134'/>
	<timeFitness value='0.178333'/>
	<unitsAverage value='50'/>
</results>
