<results>
	<result value='loss'/>
	<start value='2015-04-11.04:36:47'/>
	<end value='2015-04-11.04:37:03'/>
	<frames value='17982'/>
	<gameDuration value='1123'/>

	<player>
		<unitScore value='5650'/>
		<killScore value='400'/>
		<buildingScore value='1750'/>
		<razingScore value='0'/>
		<mineralScore value='7506'/>
		<gasScore value='1040'/>
		<totalScore value='16346'/>
	</player>

	<enemy>
		<race value='Protoss'/>
		<unitScore value='3800'/>
		<unitScore value='3800'/>
		<killScore value='11300'/>
		<buildingScore value='4325'/>
		<razingScore value='5250'/>
		<mineralScore value='10106'/>
		<gasScore value='1824'/>
		<totalScore value='36605'/>
	</enemy>

	<scoreRatio value='0.446551'/>
</results>
