<results>
	<result value='win'/>
	<start value='2015-04-11.04:43:19'/>
	<end value='2015-04-11.04:44:46'/>
	<frames value='39992'/>
	<gameDuration value='2499'/>

	<player>
		<unitScore value='27375'/>
		<killScore value='37150'/>
		<buildingScore value='3350'/>
		<razingScore value='19275'/>
		<mineralScore value='30218'/>
		<gasScore value='5432'/>
		<totalScore value='122800'/>
	</player>

	<enemy>
		<race value='Protoss'/>
		<unitScore value='20775'/>
		<unitScore value='20775'/>
		<killScore value='32550'/>
		<buildingScore value='6425'/>
		<razingScore value='150'/>
		<mineralScore value='20394'/>
		<gasScore value='7420'/>
		<totalScore value='87714'/>
	</enemy>

	<scoreRatio value='1.4'/>
</results>
