<results>
	<result value='win'/>
	<start value='2015-05-06.14:32:35'/>
	<end value='2015-05-06.14:32:53'/>
	<frames value='22136'/>
	<gameDuration value='1383'/>

	<player>
		<unitScore value='13325'/>
		<killScore value='11200'/>
		<buildingScore value='3475'/>
		<razingScore value='9075'/>
		<mineralScore value='17834'/>
		<gasScore value='1272'/>
		<totalScore value='56181'/>
	</player>

	<enemy>
		<race value='Protoss'/>
		<unitScore value='5600'/>
		<unitScore value='5600'/>
		<killScore value='8700'/>
		<buildingScore value='3025'/>
		<razingScore value='0'/>
		<mineralScore value='14402'/>
		<gasScore value='936'/>
		<totalScore value='32663'/>
	</enemy>

	<scoreRatio value='1.72002'/>
	<timeFitness value='0.807917'/>
	<unitsAverage value='79'/>
</results>
