<results>
	<result value='win'/>
	<start value='2015-05-06.14:37:57'/>
	<end value='2015-05-06.14:38:42'/>
	<frames value='35187'/>
	<gameDuration value='2199'/>

	<player>
		<unitScore value='24150'/>
		<killScore value='32200'/>
		<buildingScore value='3350'/>
		<razingScore value='16725'/>
		<mineralScore value='29866'/>
		<gasScore value='3064'/>
		<totalScore value='109355'/>
	</player>

	<enemy>
		<race value='Protoss'/>
		<unitScore value='17000'/>
		<unitScore value='17000'/>
		<killScore value='26200'/>
		<buildingScore value='5575'/>
		<razingScore value='150'/>
		<mineralScore value='19386'/>
		<gasScore value='5808'/>
		<totalScore value='74119'/>
	</enemy>

	<scoreRatio value='1.4754'/>
	<timeFitness value='0.694583'/>
	<unitsAverage value='110'/>
</results>
