<results>
	<result value='loss'/>
	<start value='2015-05-06.14:46:52'/>
	<end value='2015-05-06.14:46:59'/>
	<frames value='15471'/>
	<gameDuration value='966'/>

	<player>
		<unitScore value='3025'/>
		<killScore value='800'/>
		<buildingScore value='1575'/>
		<razingScore value='0'/>
		<mineralScore value='4858'/>
		<gasScore value='712'/>
		<totalScore value='10970'/>
	</player>

	<enemy>
		<race value='Protoss'/>
		<unitScore value='3550'/>
		<unitScore value='3550'/>
		<killScore value='5550'/>
		<buildingScore value='2725'/>
		<razingScore value='4725'/>
		<mineralScore value='7898'/>
		<gasScore value='1184'/>
		<totalScore value='25632'/>
	</enemy>

	<scoreRatio value='0.427981'/>
	<timeFitness value='0.134167'/>
	<unitsAverage value='25'/>
</results>
