<results>
	<result value='loss'/>
	<start value='2015-07-18.02:53:14'/>
	<end value='2015-07-18.02:54:02'/>
	<frames value='46068'/>
	<gameDuration value='2879'/>

	<player>
		<unitScore value='12350'/>
		<killScore value='8850'/>
		<buildingScore value='1275'/>
		<razingScore value='825'/>
		<mineralScore value='12250'/>
		<gasScore value='2224'/>
		<totalScore value='37774'/>
	</player>

	<enemy>
		<race value='Terran'/>
		<unitScore value='20425'/>
		<killScore value='24700'/>
		<buildingScore value='5025'/>
		<razingScore value='3825'/>
		<mineralScore value='19550'/>
		<gasScore value='10810'/>
		<totalScore value='84335'/>
	</enemy>

	<scoreRatio value='0.447904'/>
	<timeFitness value='0.399861'/>
	<unitsAverage value='32'/>
</results>
