<results>
	<result value='loss'/>
	<start value='2015-04-28.15:23:03'/>
	<end value='2015-04-28.15:23:17'/>
	<frames value='23810'/>
	<gameDuration value='1488'/>

	<player>
		<unitScore value='4325'/>
		<killScore value='7650'/>
		<buildingScore value='1000'/>
		<razingScore value='0'/>
		<mineralScore value='11854'/>
		<gasScore value='2352'/>
		<totalScore value='27181'/>
	</player>

	<enemy>
		<race value='Zerg'/>
		<unitScore value='12200'/>
		<unitScore value='12200'/>
		<killScore value='8650'/>
		<buildingScore value='2485'/>
		<razingScore value='3000'/>
		<mineralScore value='12482'/>
		<gasScore value='3880'/>
		<totalScore value='42697'/>
	</enemy>

	<scoreRatio value='0.636602'/>
</results>
