<results>
	<result value='loss'/>
	<start value='2015-04-28.15:38:58'/>
	<end value='2015-04-28.15:39:08'/>
	<frames value='19067'/>
	<gameDuration value='1191'/>

	<player>
		<unitScore value='1250'/>
		<killScore value='800'/>
		<buildingScore value='725'/>
		<razingScore value='0'/>
		<mineralScore value='1762'/>
		<gasScore value='104'/>
		<totalScore value='4641'/>
	</player>

	<enemy>
		<race value='Zerg'/>
		<unitScore value='7575'/>
		<unitScore value='7575'/>
		<killScore value='2500'/>
		<buildingScore value='1520'/>
		<razingScore value='2175'/>
		<mineralScore value='7586'/>
		<gasScore value='2064'/>
		<totalScore value='23420'/>
	</enemy>

	<scoreRatio value='0.198164'/>
</results>
