<results>
	<result value='draw'/>
	<start value='2015-07-18.06:31:02'/>
	<end value='2015-07-18.06:34:07'/>
	<frames value='57601'/>
	<gameDuration value='3600'/>

	<player>
		<unitScore value='38275'/>
		<killScore value='19500'/>
		<buildingScore value='3025'/>
		<razingScore value='0'/>
		<mineralScore value='31486'/>
		<gasScore value='6200'/>
		<totalScore value='98486'/>
	</player>

	<enemy>
		<race value='Terran'/>
		<unitScore value='32400'/>
		<killScore value='63050'/>
		<buildingScore value='4875'/>
		<razingScore value='825'/>
		<mineralScore value='29502'/>
		<gasScore value='12272'/>
		<totalScore value='142924'/>
	</enemy>

	<scoreRatio value='0.68908'/>
	<timeFitness value='0.5'/>
	<unitsAverage value='123'/>
</results>
