<results>
	<result value='win'/>
	<start value='2015-07-18.06:42:45'/>
	<end value='2015-07-18.06:44:41'/>
	<frames value='57042'/>
	<gameDuration value='3565'/>

	<player>
		<unitScore value='33875'/>
		<killScore value='21450'/>
		<buildingScore value='6250'/>
		<razingScore value='9975'/>
		<mineralScore value='49690'/>
		<gasScore value='5116'/>
		<totalScore value='126356'/>
	</player>

	<enemy>
		<race value='Terran'/>
		<unitScore value='11625'/>
		<killScore value='48450'/>
		<buildingScore value='3325'/>
		<razingScore value='5250'/>
		<mineralScore value='12050'/>
		<gasScore value='6230'/>
		<totalScore value='86930'/>
	</enemy>

	<scoreRatio value='1.45354'/>
	<timeFitness value='0.504861'/>
	<unitsAverage value='95'/>
</results>
