<results>
	<result value='win'/>
	<start value='2015-05-03.17:02:06'/>
	<end value='2015-05-03.17:02:52'/>
	<frames value='30754'/>
	<gameDuration value='1922'/>

	<player>
		<unitScore value='18000'/>
		<killScore value='26585'/>
		<buildingScore value='4325'/>
		<razingScore value='10620'/>
		<mineralScore value='30342'/>
		<gasScore value='3360'/>
		<totalScore value='93232'/>
	</player>

	<enemy>
		<race value='Zerg'/>
		<unitScore value='12425'/>
		<unitScore value='12425'/>
		<killScore value='13000'/>
		<buildingScore value='3540'/>
		<razingScore value='0'/>
		<mineralScore value='14754'/>
		<gasScore value='4424'/>
		<totalScore value='48143'/>
	</enemy>

	<scoreRatio value='1.93656'/>
	<timeFitness value='0.733056'/>
	<unitsAverage value='113'/>
</results>
