<results>
	<result value='win'/>
	<start value='2015-05-03.17:05:18'/>
	<end value='2015-05-03.17:05:40'/>
	<frames value='22043'/>
	<gameDuration value='1377'/>

	<player>
		<unitScore value='12575'/>
		<killScore value='23330'/>
		<buildingScore value='2625'/>
		<razingScore value='3660'/>
		<mineralScore value='16446'/>
		<gasScore value='2160'/>
		<totalScore value='60796'/>
	</player>

	<enemy>
		<race value='Zerg'/>
		<unitScore value='10050'/>
		<unitScore value='10050'/>
		<killScore value='10150'/>
		<buildingScore value='1220'/>
		<razingScore value='0'/>
		<mineralScore value='8706'/>
		<gasScore value='2472'/>
		<totalScore value='32598'/>
	</enemy>

	<scoreRatio value='1.86502'/>
	<timeFitness value='0.80875'/>
	<unitsAverage value='72'/>
</results>
