<results>
	<result value='loss'/>
	<start value='2015-05-03.17:06:54'/>
	<end value='2015-05-03.17:06:57'/>
	<frames value='6481'/>
	<gameDuration value='405'/>

	<player>
		<unitScore value='500'/>
		<killScore value='50'/>
		<buildingScore value='625'/>
		<razingScore value='0'/>
		<mineralScore value='954'/>
		<gasScore value='0'/>
		<totalScore value='2129'/>
	</player>

	<enemy>
		<race value='Zerg'/>
		<unitScore value='1100'/>
		<unitScore value='1100'/>
		<killScore value='900'/>
		<buildingScore value='375'/>
		<razingScore value='1875'/>
		<mineralScore value='1618'/>
		<gasScore value='0'/>
		<totalScore value='5868'/>
	</enemy>

	<scoreRatio value='0.362815'/>
	<timeFitness value='0.05625'/>
	<unitsAverage value='8'/>
</results>
