<results>
	<result value='loss'/>
	<start value='2015-03-29.22:08:05'/>
	<end value='2015-03-29.22:08:45'/>
	<frames value='41511'/>
	<gameDuration value='2594'/>

	<player>
		<unitScore value='15075'/>
		<killScore value='18950'/>
		<buildingScore value='2575'/>
		<razingScore value='600'/>
		<mineralScore value='17162'/>
		<gasScore value='2272'/>
		<totalScore value='56634'/>
	</player>

	<enemy>
		<race value='Protoss'/>
		<unitScore value='28100'/>
		<unitScore value='28100'/>
		<killScore value='30350'/>
		<buildingScore value='8275'/>
		<razingScore value='7725'/>
		<mineralScore value='28866'/>
		<gasScore value='10286'/>
		<totalScore value='113602'/>
	</enemy>

	<scoreRatio value='0.49853'/>
</results>
