<results>
	<result value='draw'/>
	<start value='2015-03-29.22:08:49'/>
	<end value='2015-03-29.22:11:26'/>
	<frames value='57601'/>
	<gameDuration value='3600'/>

	<player>
		<unitScore value='22800'/>
		<killScore value='26050'/>
		<buildingScore value='5500'/>
		<razingScore value='15375'/>
		<mineralScore value='48206'/>
		<gasScore value='7360'/>
		<totalScore value='125291'/>
	</player>

	<enemy>
		<race value='Protoss'/>
		<unitScore value='14300'/>
		<unitScore value='14300'/>
		<killScore value='17800'/>
		<buildingScore value='5175'/>
		<razingScore value='1875'/>
		<mineralScore value='14738'/>
		<gasScore value='4936'/>
		<totalScore value='58824'/>
	</enemy>

	<scoreRatio value='2.12993'/>
</results>
