<results>
	<result value='loss'/>
	<start value='2015-04-14.02:58:33'/>
	<end value='2015-04-14.02:58:49'/>
	<frames value='17486'/>
	<gameDuration value='1092'/>

	<player>
		<unitScore value='4100'/>
		<killScore value='800'/>
		<buildingScore value='2025'/>
		<razingScore value='0'/>
		<mineralScore value='6002'/>
		<gasScore value='992'/>
		<totalScore value='13919'/>
	</player>

	<enemy>
		<race value='Protoss'/>
		<unitScore value='3950'/>
		<unitScore value='3950'/>
		<killScore value='8200'/>
		<buildingScore value='4075'/>
		<razingScore value='6075'/>
		<mineralScore value='9426'/>
		<gasScore value='1848'/>
		<totalScore value='33574'/>
	</enemy>

	<scoreRatio value='0.414577'/>
</results>
