<results>
	<result value='win'/>
	<start value='2015-07-18.06:04:54'/>
	<end value='2015-07-18.06:06:52'/>
	<frames value='52516'/>
	<gameDuration value='3282'/>

	<player>
		<unitScore value='39300'/>
		<killScore value='21800'/>
		<buildingScore value='6075'/>
		<razingScore value='9975'/>
		<mineralScore value='46418'/>
		<gasScore value='6712'/>
		<totalScore value='130280'/>
	</player>

	<enemy>
		<race value='Terran'/>
		<unitScore value='10900'/>
		<killScore value='50600'/>
		<buildingScore value='3325'/>
		<razingScore value='5550'/>
		<mineralScore value='12050'/>
		<gasScore value='6034'/>
		<totalScore value='88459'/>
	</enemy>

	<scoreRatio value='1.47277'/>
	<timeFitness value='0.544167'/>
	<unitsAverage value='110'/>
</results>
