<results>
	<result value='loss'/>
	<start value='2015-07-18.06:22:55'/>
	<end value='2015-07-18.06:23:59'/>
	<frames value='46719'/>
	<gameDuration value='2919'/>

	<player>
		<unitScore value='14175'/>
		<killScore value='7500'/>
		<buildingScore value='3200'/>
		<razingScore value='225'/>
		<mineralScore value='15462'/>
		<gasScore value='1920'/>
		<totalScore value='42482'/>
	</player>

	<enemy>
		<race value='Terran'/>
		<unitScore value='22400'/>
		<killScore value='26350'/>
		<buildingScore value='5450'/>
		<razingScore value='9600'/>
		<mineralScore value='28714'/>
		<gasScore value='11114'/>
		<totalScore value='103628'/>
	</enemy>

	<scoreRatio value='0.409947'/>
	<timeFitness value='0.405417'/>
	<unitsAverage value='49'/>
</results>
