<results>
	<result value='loss'/>
	<start value='2014-07-11.16:32:36'/>
	<end value='2014-07-11.16:32:44'/>
	<frames value='19439'/>
	<gameDuration value='1214'/>

	<player>
		<unitScore value='900'/>
		<killScore value='500'/>
		<buildingScore value='675'/>
		<razingScore value='0'/>
		<mineralScore value='1258'/>
		<gasScore value='40'/>
		<totalScore value='3373'/>
	</player>

	<enemy>
		<race value='Zerg'/>
		<unitScore value='7050'/>
		<unitScore value='7050'/>
		<killScore value='1800'/>
		<buildingScore value='1520'/>
		<razingScore value='2025'/>
		<mineralScore value='7618'/>
		<gasScore value='2168'/>
		<totalScore value='22181'/>
	</enemy>

	<scoreRatio value='0.152067'/>
</results>
