<results>
	<result value='win'/>
	<start value='2015-05-05.04:06:19'/>
	<end value='2015-05-05.04:06:27'/>
	<frames value='14386'/>
	<gameDuration value='899'/>

	<player>
		<unitScore value='4475'/>
		<killScore value='5850'/>
		<buildingScore value='1600'/>
		<razingScore value='3600'/>
		<mineralScore value='6554'/>
		<gasScore value='1000'/>
		<totalScore value='23079'/>
	</player>

	<enemy>
		<race value='Terran'/>
		<unitScore value='2925'/>
		<unitScore value='2925'/>
		<killScore value='4200'/>
		<buildingScore value='1200'/>
		<razingScore value='1800'/>
		<mineralScore value='4690'/>
		<gasScore value='1248'/>
		<totalScore value='16063'/>
	</enemy>

	<scoreRatio value='1.43678'/>
	<timeFitness value='0.875139'/>
	<unitsAverage value='37'/>
</results>
