<results>
	<result value='win'/>
	<start value='2015-05-05.04:19:56'/>
	<end value='2015-05-05.04:20:26'/>
	<frames value='37760'/>
	<gameDuration value='2360'/>

	<player>
		<unitScore value='21425'/>
		<killScore value='27550'/>
		<buildingScore value='4475'/>
		<razingScore value='9600'/>
		<mineralScore value='25498'/>
		<gasScore value='4672'/>
		<totalScore value='93220'/>
	</player>

	<enemy>
		<race value='Terran'/>
		<unitScore value='13775'/>
		<unitScore value='13775'/>
		<killScore value='23550'/>
		<buildingScore value='3200'/>
		<razingScore value='3300'/>
		<mineralScore value='12050'/>
		<gasScore value='5276'/>
		<totalScore value='61151'/>
	</enemy>

	<scoreRatio value='1.52442'/>
	<timeFitness value='0.672222'/>
	<unitsAverage value='74'/>
</results>
