<results>
	<result value='win'/>
	<start value='2015-05-05.04:25:08'/>
	<end value='2015-05-05.04:25:43'/>
	<frames value='34071'/>
	<gameDuration value='2129'/>

	<player>
		<unitScore value='25250'/>
		<killScore value='32950'/>
		<buildingScore value='4800'/>
		<razingScore value='10500'/>
		<mineralScore value='29994'/>
		<gasScore value='2944'/>
		<totalScore value='106438'/>
	</player>

	<enemy>
		<race value='Terran'/>
		<unitScore value='17900'/>
		<unitScore value='17900'/>
		<killScore value='26550'/>
		<buildingScore value='3500'/>
		<razingScore value='1350'/>
		<mineralScore value='14414'/>
		<gasScore value='6650'/>
		<totalScore value='70364'/>
	</enemy>

	<scoreRatio value='1.51268'/>
	<timeFitness value='0.704306'/>
	<unitsAverage value='98'/>
</results>
