<results>
	<result value='win'/>
	<start value='2015-05-01.23:05:37'/>
	<end value='2015-05-01.23:06:41'/>
	<frames value='36551'/>
	<gameDuration value='2284'/>

	<player>
		<unitScore value='28625'/>
		<killScore value='34700'/>
		<buildingScore value='3525'/>
		<razingScore value='18825'/>
		<mineralScore value='31542'/>
		<gasScore value='3200'/>
		<totalScore value='120417'/>
	</player>

	<enemy>
		<race value='Protoss'/>
		<unitScore value='17800'/>
		<unitScore value='17800'/>
		<killScore value='37250'/>
		<buildingScore value='6275'/>
		<razingScore value='0'/>
		<mineralScore value='26410'/>
		<gasScore value='5824'/>
		<totalScore value='93559'/>
	</enemy>

	<scoreRatio value='1.28707'/>
</results>
