<results>
	<result value='loss'/>
	<start value='2015-07-20.11:20:57'/>
	<end value='2015-07-20.11:21:00'/>
	<frames value='7504'/>
	<gameDuration value='469'/>

	<player>
		<unitScore value='1100'/>
		<killScore value='0'/>
		<buildingScore value='575'/>
		<razingScore value='0'/>
		<mineralScore value='1418'/>
		<gasScore value='0'/>
		<totalScore value='3093'/>
	</player>

	<enemy>
		<race value='Zerg'/>
		<unitScore value='1300'/>
		<killScore value='2200'/>
		<buildingScore value='400'/>
		<razingScore value='1725'/>
		<mineralScore value='2050'/>
		<gasScore value='0'/>
		<totalScore value='7675'/>
	</enemy>

	<scoreRatio value='0.402997'/>
	<timeFitness value='0.0651389'/>
	<unitsAverage value='10'/>
</results>
