<results>
	<result value='draw'/>
	<start value='2015-07-17.23:37:20'/>
	<end value='2015-07-17.23:38:47'/>
	<frames value='57601'/>
	<gameDuration value='3600'/>

	<player>
		<unitScore value='25300'/>
		<killScore value='15250'/>
		<buildingScore value='3275'/>
		<razingScore value='0'/>
		<mineralScore value='28294'/>
		<gasScore value='4696'/>
		<totalScore value='76815'/>
	</player>

	<enemy>
		<race value='Protoss'/>
		<unitScore value='31240'/>
		<killScore value='28650'/>
		<buildingScore value='7325'/>
		<razingScore value='4200'/>
		<mineralScore value='33782'/>
		<gasScore value='12304'/>
		<totalScore value='117501'/>
	</enemy>

	<scoreRatio value='0.653739'/>
	<timeFitness value='0.5'/>
	<unitsAverage value='105'/>
</results>
