<results>
	<result value='loss'/>
	<start value='2015-07-17.23:46:55'/>
	<end value='2015-07-17.23:47:05'/>
	<frames value='14200'/>
	<gameDuration value='887'/>

	<player>
		<unitScore value='3100'/>
		<killScore value='300'/>
		<buildingScore value='2050'/>
		<razingScore value='0'/>
		<mineralScore value='5602'/>
		<gasScore value='456'/>
		<totalScore value='11508'/>
	</player>

	<enemy>
		<race value='Protoss'/>
		<unitScore value='3500'/>
		<killScore value='6000'/>
		<buildingScore value='2775'/>
		<razingScore value='6150'/>
		<mineralScore value='7082'/>
		<gasScore value='1384'/>
		<totalScore value='26891'/>
	</enemy>

	<scoreRatio value='0.42795'/>
	<timeFitness value='0.123194'/>
	<unitsAverage value='29'/>
</results>
