<results>
	<result value='win'/>
	<start value='2015-04-12.14:29:35'/>
	<end value='2015-04-12.14:30:33'/>
	<frames value='34412'/>
	<gameDuration value='2150'/>

	<player>
		<unitScore value='19400'/>
		<killScore value='22200'/>
		<buildingScore value='3475'/>
		<razingScore value='21525'/>
		<mineralScore value='23846'/>
		<gasScore value='3528'/>
		<totalScore value='93974'/>
	</player>

	<enemy>
		<race value='Protoss'/>
		<unitScore value='11100'/>
		<unitScore value='11100'/>
		<killScore value='19750'/>
		<buildingScore value='7175'/>
		<razingScore value='600'/>
		<mineralScore value='19170'/>
		<gasScore value='5216'/>
		<totalScore value='63011'/>
	</enemy>

	<scoreRatio value='1.49139'/>
</results>
