<results>
	<result value='loss'/>
	<start value='2015-04-12.14:35:50'/>
	<end value='2015-04-12.14:37:07'/>
	<frames value='48083'/>
	<gameDuration value='3005'/>

	<player>
		<unitScore value='21450'/>
		<killScore value='37500'/>
		<buildingScore value='2525'/>
		<razingScore value='0'/>
		<mineralScore value='23994'/>
		<gasScore value='4704'/>
		<totalScore value='90173'/>
	</player>

	<enemy>
		<race value='Protoss'/>
		<unitScore value='38800'/>
		<unitScore value='38800'/>
		<killScore value='42900'/>
		<buildingScore value='7475'/>
		<razingScore value='7575'/>
		<mineralScore value='33610'/>
		<gasScore value='14050'/>
		<totalScore value='144410'/>
	</enemy>

	<scoreRatio value='0.624424'/>
</results>
