<results>
	<result value='draw'/>
	<start value='2015-04-12.14:39:55'/>
	<end value='2015-04-12.14:41:30'/>
	<frames value='57601'/>
	<gameDuration value='3600'/>

	<player>
		<unitScore value='29000'/>
		<killScore value='41610'/>
		<buildingScore value='3650'/>
		<razingScore value='17250'/>
		<mineralScore value='32542'/>
		<gasScore value='4344'/>
		<totalScore value='128396'/>
	</player>

	<enemy>
		<race value='Protoss'/>
		<unitScore value='23475'/>
		<unitScore value='23475'/>
		<killScore value='51950'/>
		<buildingScore value='7875'/>
		<razingScore value='4875'/>
		<mineralScore value='26250'/>
		<gasScore value='6732'/>
		<totalScore value='121157'/>
	</enemy>

	<scoreRatio value='1.05975'/>
</results>
