<results>
	<result value='loss'/>
	<start value='2015-05-06.01:52:34'/>
	<end value='2015-05-06.01:52:52'/>
	<frames value='19222'/>
	<gameDuration value='1201'/>

	<player>
		<unitScore value='4100'/>
		<killScore value='2650'/>
		<buildingScore value='2200'/>
		<razingScore value='0'/>
		<mineralScore value='6474'/>
		<gasScore value='936'/>
		<totalScore value='16360'/>
	</player>

	<enemy>
		<race value='Terran'/>
		<unitScore value='7375'/>
		<unitScore value='7375'/>
		<killScore value='8200'/>
		<buildingScore value='2850'/>
		<razingScore value='6600'/>
		<mineralScore value='8850'/>
		<gasScore value='3400'/>
		<totalScore value='37275'/>
	</enemy>

	<scoreRatio value='0.4389'/>
	<timeFitness value='0.166806'/>
	<unitsAverage value='30'/>
</results>
