<results>
	<result value='win'/>
	<start value='2015-05-06.02:22:15'/>
	<end value='2015-05-06.02:23:04'/>
	<frames value='26786'/>
	<gameDuration value='1674'/>

	<player>
		<unitScore value='15500'/>
		<killScore value='19650'/>
		<buildingScore value='4275'/>
		<razingScore value='7875'/>
		<mineralScore value='27010'/>
		<gasScore value='2368'/>
		<totalScore value='76678'/>
	</player>

	<enemy>
		<race value='Terran'/>
		<unitScore value='9825'/>
		<unitScore value='9825'/>
		<killScore value='9500'/>
		<buildingScore value='2625'/>
		<razingScore value='375'/>
		<mineralScore value='11794'/>
		<gasScore value='3736'/>
		<totalScore value='37855'/>
	</enemy>

	<scoreRatio value='2.02557'/>
	<timeFitness value='0.7675'/>
	<unitsAverage value='97'/>
</results>
