<results>
	<result value='win'/>
	<start value='2015-05-02.20:18:09'/>
	<end value='2015-05-02.20:18:25'/>
	<frames value='18633'/>
	<gameDuration value='1164'/>

	<player>
		<unitScore value='7850'/>
		<killScore value='11000'/>
		<buildingScore value='2575'/>
		<razingScore value='4125'/>
		<mineralScore value='12466'/>
		<gasScore value='1488'/>
		<totalScore value='39504'/>
	</player>

	<enemy>
		<race value='Terran'/>
		<unitScore value='5500'/>
		<unitScore value='5500'/>
		<killScore value='4400'/>
		<buildingScore value='1450'/>
		<razingScore value='150'/>
		<mineralScore value='8258'/>
		<gasScore value='1944'/>
		<totalScore value='21702'/>
	</enemy>

	<scoreRatio value='1.82029'/>
	<timeFitness value='0.838333'/>
	<unitsAverage value='57'/>
</results>
