<results>
	<result value='win'/>
	<start value='2015-05-02.20:32:07'/>
	<end value='2015-05-02.20:32:34'/>
	<frames value='23376'/>
	<gameDuration value='1461'/>

	<player>
		<unitScore value='10050'/>
		<killScore value='16800'/>
		<buildingScore value='3725'/>
		<razingScore value='7725'/>
		<mineralScore value='16310'/>
		<gasScore value='2296'/>
		<totalScore value='56906'/>
	</player>

	<enemy>
		<race value='Terran'/>
		<unitScore value='8400'/>
		<unitScore value='8400'/>
		<killScore value='4100'/>
		<buildingScore value='2575'/>
		<razingScore value='1350'/>
		<mineralScore value='9370'/>
		<gasScore value='2896'/>
		<totalScore value='28691'/>
	</enemy>

	<scoreRatio value='1.98341'/>
	<timeFitness value='0.797083'/>
	<unitsAverage value='69'/>
</results>
