<results>
	<result value='loss'/>
	<start value='2015-04-26.05:31:17'/>
	<end value='2015-04-26.05:31:27'/>
	<frames value='19470'/>
	<gameDuration value='1216'/>

	<player>
		<unitScore value='4775'/>
		<killScore value='2250'/>
		<buildingScore value='1525'/>
		<razingScore value='0'/>
		<mineralScore value='6146'/>
		<gasScore value='800'/>
		<totalScore value='15496'/>
	</player>

	<enemy>
		<race value='Terran'/>
		<unitScore value='7625'/>
		<unitScore value='7625'/>
		<killScore value='9550'/>
		<buildingScore value='2850'/>
		<razingScore value='4575'/>
		<mineralScore value='9074'/>
		<gasScore value='3568'/>
		<totalScore value='37242'/>
	</enemy>

	<scoreRatio value='0.416089'/>
</results>
