<results>
	<result value='loss'/>
	<start value='2015-04-26.05:33:04'/>
	<end value='2015-04-26.05:33:13'/>
	<frames value='17455'/>
	<gameDuration value='1090'/>

	<player>
		<unitScore value='3450'/>
		<killScore value='750'/>
		<buildingScore value='1775'/>
		<razingScore value='0'/>
		<mineralScore value='5450'/>
		<gasScore value='552'/>
		<totalScore value='11977'/>
	</player>

	<enemy>
		<race value='Terran'/>
		<unitScore value='6200'/>
		<unitScore value='6200'/>
		<killScore value='6900'/>
		<buildingScore value='2700'/>
		<razingScore value='5325'/>
		<mineralScore value='7906'/>
		<gasScore value='2760'/>
		<totalScore value='31791'/>
	</enemy>

	<scoreRatio value='0.376742'/>
</results>
