<results>
	<result value='loss'/>
	<start value='2015-04-26.05:33:16'/>
	<end value='2015-04-26.05:33:26'/>
	<frames value='19997'/>
	<gameDuration value='1249'/>

	<player>
		<unitScore value='4325'/>
		<killScore value='2450'/>
		<buildingScore value='1950'/>
		<razingScore value='0'/>
		<mineralScore value='6218'/>
		<gasScore value='1136'/>
		<totalScore value='16079'/>
	</player>

	<enemy>
		<race value='Terran'/>
		<unitScore value='7800'/>
		<unitScore value='7800'/>
		<killScore value='8650'/>
		<buildingScore value='2850'/>
		<razingScore value='5850'/>
		<mineralScore value='9506'/>
		<gasScore value='3600'/>
		<totalScore value='38256'/>
	</enemy>

	<scoreRatio value='0.4203'/>
</results>
