<results>
	<result value='loss'/>
	<start value='2015-05-10.07:57:00'/>
	<end value='2015-05-10.07:57:30'/>
	<frames value='42906'/>
	<gameDuration value='2681'/>

	<player>
		<unitScore value='18075'/>
		<killScore value='16900'/>
		<buildingScore value='3225'/>
		<razingScore value='600'/>
		<mineralScore value='19782'/>
		<gasScore value='3144'/>
		<totalScore value='61726'/>
	</player>

	<enemy>
		<race value='Protoss'/>
		<unitScore value='28875'/>
		<unitScore value='28875'/>
		<killScore value='36150'/>
		<buildingScore value='8525'/>
		<razingScore value='9675'/>
		<mineralScore value='29950'/>
		<gasScore value='11646'/>
		<totalScore value='124821'/>
	</enemy>

	<scoreRatio value='0.494516'/>
	<timeFitness value='0.372361'/>
	<unitsAverage value='57'/>
</results>
