<results>
	<result value='win'/>
	<start value='2015-04-29.01:49:15'/>
	<end value='2015-04-29.01:50:23'/>
	<frames value='35652'/>
	<gameDuration value='2228'/>

	<player>
		<unitScore value='31850'/>
		<killScore value='42650'/>
		<buildingScore value='3925'/>
		<razingScore value='17400'/>
		<mineralScore value='34746'/>
		<gasScore value='4304'/>
		<totalScore value='134875'/>
	</player>

	<enemy>
		<race value='Protoss'/>
		<unitScore value='22025'/>
		<unitScore value='22025'/>
		<killScore value='38600'/>
		<buildingScore value='5800'/>
		<razingScore value='0'/>
		<mineralScore value='20666'/>
		<gasScore value='5292'/>
		<totalScore value='92383'/>
	</enemy>

	<scoreRatio value='1.45995'/>
</results>
