<results>
	<result value='win'/>
	<start value='2015-04-29.01:58:52'/>
	<end value='2015-04-29.01:59:20'/>
	<frames value='22601'/>
	<gameDuration value='1412'/>

	<player>
		<unitScore value='10775'/>
		<killScore value='13500'/>
		<buildingScore value='3050'/>
		<razingScore value='8775'/>
		<mineralScore value='16054'/>
		<gasScore value='1752'/>
		<totalScore value='53906'/>
	</player>

	<enemy>
		<race value='Protoss'/>
		<unitScore value='6750'/>
		<unitScore value='6750'/>
		<killScore value='6100'/>
		<buildingScore value='2925'/>
		<razingScore value='0'/>
		<mineralScore value='9402'/>
		<gasScore value='2480'/>
		<totalScore value='27657'/>
	</enemy>

	<scoreRatio value='1.94909'/>
</results>
