<results>
	<result value='draw'/>
	<start value='2015-07-11.20:07:37'/>
	<end value='2015-07-11.20:09:05'/>
	<frames value='57601'/>
	<gameDuration value='3600'/>

	<player>
		<unitScore value='27700'/>
		<killScore value='22300'/>
		<buildingScore value='5475'/>
		<razingScore value='8925'/>
		<mineralScore value='33322'/>
		<gasScore value='3816'/>
		<totalScore value='101538'/>
	</player>

	<enemy>
		<race value='Terran'/>
		<unitScore value='12450'/>
		<killScore value='33600'/>
		<buildingScore value='3375'/>
		<razingScore value='7275'/>
		<mineralScore value='12482'/>
		<gasScore value='6142'/>
		<totalScore value='75324'/>
	</enemy>

	<scoreRatio value='1.34802'/>
	<timeFitness value='0.5'/>
	<unitsAverage value='93'/>
</results>
