<results>
	<result value='loss'/>
	<start value='2015-07-14.07:50:09'/>
	<end value='2015-07-14.07:50:19'/>
	<frames value='15068'/>
	<gameDuration value='941'/>

	<player>
		<unitScore value='2775'/>
		<killScore value='800'/>
		<buildingScore value='1625'/>
		<razingScore value='0'/>
		<mineralScore value='4202'/>
		<gasScore value='712'/>
		<totalScore value='10114'/>
	</player>

	<enemy>
		<race value='Protoss'/>
		<unitScore value='3550'/>
		<killScore value='5650'/>
		<buildingScore value='2675'/>
		<razingScore value='4875'/>
		<mineralScore value='7746'/>
		<gasScore value='1344'/>
		<totalScore value='25840'/>
	</enemy>

	<scoreRatio value='0.391409'/>
	<timeFitness value='0.130694'/>
	<unitsAverage value='19'/>
</results>
