<results>
	<result value='loss'/>
	<start value='2015-04-11.08:46:17'/>
	<end value='2015-04-11.08:46:36'/>
	<frames value='19625'/>
	<gameDuration value='1226'/>

	<player>
		<unitScore value='4575'/>
		<killScore value='2000'/>
		<buildingScore value='1675'/>
		<razingScore value='0'/>
		<mineralScore value='6546'/>
		<gasScore value='840'/>
		<totalScore value='15636'/>
	</player>

	<enemy>
		<race value='Protoss'/>
		<unitScore value='4825'/>
		<unitScore value='4825'/>
		<killScore value='8650'/>
		<buildingScore value='4425'/>
		<razingScore value='5025'/>
		<mineralScore value='10154'/>
		<gasScore value='2576'/>
		<totalScore value='35655'/>
	</enemy>

	<scoreRatio value='0.438536'/>
</results>
