<results>
	<result value='win'/>
	<start value='2015-05-06.01:21:58'/>
	<end value='2015-05-06.01:22:49'/>
	<frames value='28801'/>
	<gameDuration value='1800'/>

	<player>
		<unitScore value='19950'/>
		<killScore value='34800'/>
		<buildingScore value='4175'/>
		<razingScore value='7635'/>
		<mineralScore value='26362'/>
		<gasScore value='1872'/>
		<totalScore value='94794'/>
	</player>

	<enemy>
		<race value='Zerg'/>
		<unitScore value='16025'/>
		<unitScore value='16025'/>
		<killScore value='17350'/>
		<buildingScore value='2545'/>
		<razingScore value='0'/>
		<mineralScore value='14286'/>
		<gasScore value='4480'/>
		<totalScore value='54686'/>
	</enemy>

	<scoreRatio value='1.73342'/>
	<timeFitness value='0.75'/>
	<unitsAverage value='113'/>
</results>
