<results>
	<result value='loss'/>
	<start value='2015-07-09.03:17:29'/>
	<end value='2015-07-09.03:17:49'/>
	<frames value='19625'/>
	<gameDuration value='1226'/>

	<player>
		<unitScore value='5675'/>
		<killScore value='2150'/>
		<buildingScore value='2250'/>
		<razingScore value='0'/>
		<mineralScore value='7090'/>
		<gasScore value='848'/>
		<totalScore value='18013'/>
	</player>

	<enemy>
		<race value='Terran'/>
		<unitScore value='7300'/>
		<killScore value='10200'/>
		<buildingScore value='2850'/>
		<razingScore value='6750'/>
		<mineralScore value='9106'/>
		<gasScore value='3376'/>
		<totalScore value='39582'/>
	</enemy>

	<scoreRatio value='0.455081'/>
	<timeFitness value='0.170278'/>
	<unitsAverage value='29'/>
</results>
