<results>
	<result value='loss'/>
	<start value='2015-07-09.03:22:51'/>
	<end value='2015-07-09.03:23:09'/>
	<frames value='18385'/>
	<gameDuration value='1149'/>

	<player>
		<unitScore value='4925'/>
		<killScore value='700'/>
		<buildingScore value='1825'/>
		<razingScore value='0'/>
		<mineralScore value='5866'/>
		<gasScore value='784'/>
		<totalScore value='14100'/>
	</player>

	<enemy>
		<race value='Terran'/>
		<unitScore value='6850'/>
		<killScore value='9850'/>
		<buildingScore value='2900'/>
		<razingScore value='5475'/>
		<mineralScore value='8466'/>
		<gasScore value='2880'/>
		<totalScore value='36421'/>
	</enemy>

	<scoreRatio value='0.387139'/>
	<timeFitness value='0.159583'/>
	<unitsAverage value='25'/>
</results>
