<results>
	<result value='win'/>
	<start value='2015-05-02.21:34:54'/>
	<end value='2015-05-02.21:35:23'/>
	<frames value='25825'/>
	<gameDuration value='1614'/>

	<player>
		<unitScore value='16750'/>
		<killScore value='28680'/>
		<buildingScore value='3775'/>
		<razingScore value='5040'/>
		<mineralScore value='22170'/>
		<gasScore value='2400'/>
		<totalScore value='78815'/>
	</player>

	<enemy>
		<race value='Zerg'/>
		<unitScore value='11925'/>
		<unitScore value='11925'/>
		<killScore value='15200'/>
		<buildingScore value='1680'/>
		<razingScore value='0'/>
		<mineralScore value='11274'/>
		<gasScore value='3176'/>
		<totalScore value='43255'/>
	</enemy>

	<scoreRatio value='1.8221'/>
	<timeFitness value='0.775833'/>
	<unitsAverage value='88'/>
</results>
