<results>
	<result value='win'/>
	<start value='2015-05-02.21:36:48'/>
	<end value='2015-05-02.21:37:27'/>
	<frames value='27840'/>
	<gameDuration value='1740'/>

	<player>
		<unitScore value='15250'/>
		<killScore value='19570'/>
		<buildingScore value='4950'/>
		<razingScore value='4635'/>
		<mineralScore value='28842'/>
		<gasScore value='2888'/>
		<totalScore value='76135'/>
	</player>

	<enemy>
		<race value='Zerg'/>
		<unitScore value='8875'/>
		<unitScore value='8875'/>
		<killScore value='8400'/>
		<buildingScore value='1545'/>
		<razingScore value='0'/>
		<mineralScore value='8490'/>
		<gasScore value='2248'/>
		<totalScore value='29558'/>
	</enemy>

	<scoreRatio value='2.57578'/>
	<timeFitness value='0.758333'/>
	<unitsAverage value='106'/>
</results>
