<results>
	<result value='win'/>
	<start value='2014-07-09.18:03:52'/>
	<end value='2014-07-09.18:04:57'/>
	<frames value='55492'/>
	<gameDuration value='3468'/>

	<player>
		<unitScore value='36050'/>
		<killScore value='54950'/>
		<buildingScore value='3775'/>
		<razingScore value='19200'/>
		<mineralScore value='35634'/>
		<gasScore value='4096'/>
		<totalScore value='153705'/>
	</player>

	<enemy>
		<race value='Protoss'/>
		<unitScore value='29025'/>
		<unitScore value='29025'/>
		<killScore value='46900'/>
		<buildingScore value='6400'/>
		<razingScore value='675'/>
		<mineralScore value='26286'/>
		<gasScore value='10816'/>
		<totalScore value='120102'/>
	</enemy>

	<scoreRatio value='1.27979'/>
</results>
