<results>
	<result value='win'/>
	<start value='2015-05-11.10:07:54'/>
	<end value='2015-05-11.10:08:29'/>
	<frames value='24864'/>
	<gameDuration value='1554'/>

	<player>
		<unitScore value='14650'/>
		<killScore value='19090'/>
		<buildingScore value='3925'/>
		<razingScore value='5805'/>
		<mineralScore value='21622'/>
		<gasScore value='1568'/>
		<totalScore value='66660'/>
	</player>

	<enemy>
		<race value='Zerg'/>
		<unitScore value='9675'/>
		<unitScore value='9675'/>
		<killScore value='10100'/>
		<buildingScore value='1935'/>
		<razingScore value='0'/>
		<mineralScore value='9122'/>
		<gasScore value='2520'/>
		<totalScore value='33352'/>
	</enemy>

	<scoreRatio value='1.99868'/>
	<timeFitness value='0.784167'/>
	<unitsAverage value='91'/>
</results>
