<results>
	<result value='win'/>
	<start value='2015-05-11.10:08:33'/>
	<end value='2015-05-11.10:09:20'/>
	<frames value='28274'/>
	<gameDuration value='1767'/>

	<player>
		<unitScore value='18825'/>
		<killScore value='26275'/>
		<buildingScore value='5125'/>
		<razingScore value='5700'/>
		<mineralScore value='26714'/>
		<gasScore value='2784'/>
		<totalScore value='85423'/>
	</player>

	<enemy>
		<race value='Zerg'/>
		<unitScore value='12100'/>
		<unitScore value='12100'/>
		<killScore value='14900'/>
		<buildingScore value='1900'/>
		<razingScore value='0'/>
		<mineralScore value='11230'/>
		<gasScore value='3528'/>
		<totalScore value='43658'/>
	</enemy>

	<scoreRatio value='1.95664'/>
	<timeFitness value='0.754583'/>
	<unitsAverage value='108'/>
</results>
