<results>
	<result value='win'/>
	<start value='2015-05-11.10:19:21'/>
	<end value='2015-05-11.10:20:00'/>
	<frames value='31281'/>
	<gameDuration value='1955'/>

	<player>
		<unitScore value='16950'/>
		<killScore value='32495'/>
		<buildingScore value='2375'/>
		<razingScore value='6720'/>
		<mineralScore value='19386'/>
		<gasScore value='1808'/>
		<totalScore value='79734'/>
	</player>

	<enemy>
		<race value='Zerg'/>
		<unitScore value='14875'/>
		<unitScore value='14875'/>
		<killScore value='19100'/>
		<buildingScore value='2240'/>
		<razingScore value='0'/>
		<mineralScore value='14690'/>
		<gasScore value='5160'/>
		<totalScore value='56065'/>
	</enemy>

	<scoreRatio value='1.42217'/>
	<timeFitness value='0.728472'/>
	<unitsAverage value='78'/>
</results>
