<results>
	<result value='win'/>
	<start value='2015-05-11.10:27:22'/>
	<end value='2015-05-11.10:28:23'/>
	<frames value='32645'/>
	<gameDuration value='2040'/>

	<player>
		<unitScore value='18475'/>
		<killScore value='24195'/>
		<buildingScore value='5725'/>
		<razingScore value='7440'/>
		<mineralScore value='32722'/>
		<gasScore value='2304'/>
		<totalScore value='90861'/>
	</player>

	<enemy>
		<race value='Zerg'/>
		<unitScore value='11575'/>
		<unitScore value='11575'/>
		<killScore value='14100'/>
		<buildingScore value='2480'/>
		<razingScore value='375'/>
		<mineralScore value='11666'/>
		<gasScore value='3968'/>
		<totalScore value='44164'/>
	</enemy>

	<scoreRatio value='2.05735'/>
	<timeFitness value='0.716667'/>
	<unitsAverage value='118'/>
</results>
