<results>
	<result value='win'/>
	<start value='2015-04-11.10:22:04'/>
	<end value='2015-04-11.10:22:47'/>
	<frames value='26135'/>
	<gameDuration value='1633'/>

	<player>
		<unitScore value='15225'/>
		<killScore value='14350'/>
		<buildingScore value='3575'/>
		<razingScore value='15375'/>
		<mineralScore value='23658'/>
		<gasScore value='2832'/>
		<totalScore value='75015'/>
	</player>

	<enemy>
		<race value='Protoss'/>
		<unitScore value='7450'/>
		<unitScore value='7450'/>
		<killScore value='12000'/>
		<buildingScore value='5125'/>
		<razingScore value='450'/>
		<mineralScore value='12786'/>
		<gasScore value='3552'/>
		<totalScore value='41363'/>
	</enemy>

	<scoreRatio value='1.81358'/>
</results>
