<results>
	<result value='loss'/>
	<start value='2014-07-04.00:02:44'/>
	<end value='2014-07-04.00:02:52'/>
	<frames value='16525'/>
	<gameDuration value='1032'/>

	<player>
		<unitScore value='2600'/>
		<killScore value='1000'/>
		<buildingScore value='1400'/>
		<razingScore value='0'/>
		<mineralScore value='4442'/>
		<gasScore value='576'/>
		<totalScore value='10018'/>
	</player>

	<enemy>
		<race value='Protoss'/>
		<unitScore value='3600'/>
		<unitScore value='3600'/>
		<killScore value='5200'/>
		<buildingScore value='3975'/>
		<razingScore value='4200'/>
		<mineralScore value='8514'/>
		<gasScore value='1584'/>
		<totalScore value='27073'/>
	</enemy>

	<scoreRatio value='0.370037'/>
</results>
