<results>
	<result value='loss'/>
	<start value='2014-07-04.00:03:37'/>
	<end value='2014-07-04.00:04:31'/>
	<frames value='57569'/>
	<gameDuration value='3598'/>

	<player>
		<unitScore value='22550'/>
		<killScore value='38800'/>
		<buildingScore value='4000'/>
		<razingScore value='300'/>
		<mineralScore value='31070'/>
		<gasScore value='1512'/>
		<totalScore value='98232'/>
	</player>

	<enemy>
		<race value='Protoss'/>
		<unitScore value='34400'/>
		<unitScore value='34400'/>
		<killScore value='44850'/>
		<buildingScore value='6325'/>
		<razingScore value='12000'/>
		<mineralScore value='31346'/>
		<gasScore value='12284'/>
		<totalScore value='141205'/>
	</enemy>

	<scoreRatio value='0.695669'/>
</results>
