<results>
	<result value='win'/>
	<start value='2015-04-27.00:12:30'/>
	<end value='2015-04-27.00:12:46'/>
	<frames value='22012'/>
	<gameDuration value='1375'/>

	<player>
		<unitScore value='7925'/>
		<killScore value='19700'/>
		<buildingScore value='2600'/>
		<razingScore value='6375'/>
		<mineralScore value='12130'/>
		<gasScore value='1528'/>
		<totalScore value='50258'/>
	</player>

	<enemy>
		<race value='Terran'/>
		<unitScore value='9850'/>
		<unitScore value='9850'/>
		<killScore value='5800'/>
		<buildingScore value='2125'/>
		<razingScore value='1875'/>
		<mineralScore value='9658'/>
		<gasScore value='3480'/>
		<totalScore value='32788'/>
	</enemy>

	<scoreRatio value='1.53282'/>
</results>
