<results>
	<result value='win'/>
	<start value='2015-04-27.00:17:26'/>
	<end value='2015-04-27.00:17:58'/>
	<frames value='32304'/>
	<gameDuration value='2019'/>

	<player>
		<unitScore value='18900'/>
		<killScore value='30650'/>
		<buildingScore value='4675'/>
		<razingScore value='11550'/>
		<mineralScore value='25850'/>
		<gasScore value='2480'/>
		<totalScore value='94105'/>
	</player>

	<enemy>
		<race value='Terran'/>
		<unitScore value='15325'/>
		<unitScore value='15325'/>
		<killScore value='18200'/>
		<buildingScore value='3850'/>
		<razingScore value='525'/>
		<mineralScore value='13146'/>
		<gasScore value='5728'/>
		<totalScore value='56774'/>
	</enemy>

	<scoreRatio value='1.65754'/>
</results>
