<results>
	<result value='loss'/>
	<start value='2015-04-29.10:38:47'/>
	<end value='2015-04-29.10:39:02'/>
	<frames value='32707'/>
	<gameDuration value='2044'/>

	<player>
		<unitScore value='10025'/>
		<killScore value='8900'/>
		<buildingScore value='3100'/>
		<razingScore value='0'/>
		<mineralScore value='13106'/>
		<gasScore value='2224'/>
		<totalScore value='37355'/>
	</player>

	<enemy>
		<race value='Protoss'/>
		<unitScore value='16950'/>
		<unitScore value='16950'/>
		<killScore value='20250'/>
		<buildingScore value='6125'/>
		<razingScore value='9300'/>
		<mineralScore value='20990'/>
		<gasScore value='7216'/>
		<totalScore value='80831'/>
	</enemy>

	<scoreRatio value='0.462137'/>
	<timeFitness value='0.283889'/>
	<unitsAverage value='38'/>
</results>
