<results>
	<result value='win'/>
	<start value='2015-05-10.20:34:56'/>
	<end value='2015-05-10.20:35:55'/>
	<frames value='39124'/>
	<gameDuration value='2445'/>

	<player>
		<unitScore value='18900'/>
		<killScore value='16700'/>
		<buildingScore value='4400'/>
		<razingScore value='22725'/>
		<mineralScore value='27210'/>
		<gasScore value='4856'/>
		<totalScore value='94791'/>
	</player>

	<enemy>
		<race value='Protoss'/>
		<unitScore value='8625'/>
		<unitScore value='8625'/>
		<killScore value='15000'/>
		<buildingScore value='7575'/>
		<razingScore value='1500'/>
		<mineralScore value='20550'/>
		<gasScore value='5768'/>
		<totalScore value='59018'/>
	</enemy>

	<scoreRatio value='1.60614'/>
	<timeFitness value='0.660417'/>
	<unitsAverage value='117'/>
</results>
