<results>
	<result value='loss'/>
	<start value='2015-05-10.20:43:18'/>
	<end value='2015-05-10.20:43:29'/>
	<frames value='17951'/>
	<gameDuration value='1121'/>

	<player>
		<unitScore value='3125'/>
		<killScore value='1200'/>
		<buildingScore value='1125'/>
		<razingScore value='0'/>
		<mineralScore value='5058'/>
		<gasScore value='944'/>
		<totalScore value='11452'/>
	</player>

	<enemy>
		<race value='Protoss'/>
		<unitScore value='3650'/>
		<unitScore value='3650'/>
		<killScore value='6250'/>
		<buildingScore value='4175'/>
		<razingScore value='3375'/>
		<mineralScore value='9946'/>
		<gasScore value='1840'/>
		<totalScore value='29236'/>
	</enemy>

	<scoreRatio value='0.391709'/>
	<timeFitness value='0.155694'/>
	<unitsAverage value='20'/>
</results>
