<results>
	<result value='win'/>
	<start value='2015-05-10.20:43:33'/>
	<end value='2015-05-10.20:44:18'/>
	<frames value='41418'/>
	<gameDuration value='2588'/>

	<player>
		<unitScore value='21425'/>
		<killScore value='33250'/>
		<buildingScore value='3450'/>
		<razingScore value='19875'/>
		<mineralScore value='24830'/>
		<gasScore value='4896'/>
		<totalScore value='107726'/>
	</player>

	<enemy>
		<race value='Protoss'/>
		<unitScore value='17400'/>
		<unitScore value='17400'/>
		<killScore value='26550'/>
		<buildingScore value='6625'/>
		<razingScore value='1500'/>
		<mineralScore value='20398'/>
		<gasScore value='7408'/>
		<totalScore value='79881'/>
	</enemy>

	<scoreRatio value='1.34858'/>
	<timeFitness value='0.640556'/>
	<unitsAverage value='94'/>
</results>
