<results>
	<result value='win'/>
	<start value='2015-04-15.00:00:43'/>
	<end value='2015-04-15.00:01:25'/>
	<frames value='27344'/>
	<gameDuration value='1709'/>

	<player>
		<unitScore value='15025'/>
		<killScore value='14300'/>
		<buildingScore value='3800'/>
		<razingScore value='14775'/>
		<mineralScore value='20666'/>
		<gasScore value='1800'/>
		<totalScore value='70366'/>
	</player>

	<enemy>
		<race value='Protoss'/>
		<unitScore value='7150'/>
		<unitScore value='7150'/>
		<killScore value='13650'/>
		<buildingScore value='4925'/>
		<razingScore value='750'/>
		<mineralScore value='11690'/>
		<gasScore value='2664'/>
		<totalScore value='40829'/>
	</enemy>

	<scoreRatio value='1.72343'/>
</results>
