<results>
	<result value='win'/>
	<start value='2015-04-15.00:06:36'/>
	<end value='2015-04-15.00:07:53'/>
	<frames value='34722'/>
	<gameDuration value='2170'/>

	<player>
		<unitScore value='26425'/>
		<killScore value='33950'/>
		<buildingScore value='4425'/>
		<razingScore value='15675'/>
		<mineralScore value='34674'/>
		<gasScore value='3520'/>
		<totalScore value='118669'/>
	</player>

	<enemy>
		<race value='Protoss'/>
		<unitScore value='20125'/>
		<unitScore value='20125'/>
		<killScore value='28200'/>
		<buildingScore value='5225'/>
		<razingScore value='525'/>
		<mineralScore value='15178'/>
		<gasScore value='6064'/>
		<totalScore value='75317'/>
	</enemy>

	<scoreRatio value='1.57559'/>
</results>
