<results>
	<result value='loss'/>
	<start value='2015-04-29.06:41:46'/>
	<end value='2015-04-29.06:43:02'/>
	<frames value='53074'/>
	<gameDuration value='3317'/>

	<player>
		<unitScore value='24125'/>
		<killScore value='28200'/>
		<buildingScore value='2500'/>
		<razingScore value='6000'/>
		<mineralScore value='24026'/>
		<gasScore value='3968'/>
		<totalScore value='88819'/>
	</player>

	<enemy>
		<race value='Protoss'/>
		<unitScore value='30500'/>
		<unitScore value='30500'/>
		<killScore value='48250'/>
		<buildingScore value='8975'/>
		<razingScore value='7500'/>
		<mineralScore value='34390'/>
		<gasScore value='10962'/>
		<totalScore value='140577'/>
	</enemy>

	<scoreRatio value='0.631817'/>
</results>
