<results>
	<result value='win'/>
	<start value='2015-05-09.04:02:37'/>
	<end value='2015-05-09.04:02:55'/>
	<frames value='23190'/>
	<gameDuration value='1449'/>

	<player>
		<unitScore value='13500'/>
		<killScore value='21980'/>
		<buildingScore value='2925'/>
		<razingScore value='4560'/>
		<mineralScore value='17098'/>
		<gasScore value='1200'/>
		<totalScore value='61263'/>
	</player>

	<enemy>
		<race value='Zerg'/>
		<unitScore value='9775'/>
		<unitScore value='9775'/>
		<killScore value='11300'/>
		<buildingScore value='1520'/>
		<razingScore value='0'/>
		<mineralScore value='8906'/>
		<gasScore value='2784'/>
		<totalScore value='34285'/>
	</enemy>

	<scoreRatio value='1.78687'/>
	<timeFitness value='0.79875'/>
	<unitsAverage value='69'/>
</results>
