<results>
	<result value='loss'/>
	<start value='2015-05-09.04:11:27'/>
	<end value='2015-05-09.04:11:41'/>
	<frames value='25267'/>
	<gameDuration value='1579'/>

	<player>
		<unitScore value='5225'/>
		<killScore value='11750'/>
		<buildingScore value='1975'/>
		<razingScore value='0'/>
		<mineralScore value='7626'/>
		<gasScore value='1368'/>
		<totalScore value='27944'/>
	</player>

	<enemy>
		<race value='Zerg'/>
		<unitScore value='10700'/>
		<unitScore value='10700'/>
		<killScore value='10450'/>
		<buildingScore value='2760'/>
		<razingScore value='5925'/>
		<mineralScore value='11754'/>
		<gasScore value='3640'/>
		<totalScore value='45229'/>
	</enemy>

	<scoreRatio value='0.617834'/>
	<timeFitness value='0.219306'/>
	<unitsAverage value='26'/>
</results>
