<results>
	<result value='win'/>
	<start value='2015-05-09.04:26:38'/>
	<end value='2015-05-09.04:27:11'/>
	<frames value='29793'/>
	<gameDuration value='1862'/>

	<player>
		<unitScore value='16875'/>
		<killScore value='23360'/>
		<buildingScore value='5100'/>
		<razingScore value='7365'/>
		<mineralScore value='26394'/>
		<gasScore value='1792'/>
		<totalScore value='80886'/>
	</player>

	<enemy>
		<race value='Zerg'/>
		<unitScore value='10475'/>
		<unitScore value='10475'/>
		<killScore value='11450'/>
		<buildingScore value='2455'/>
		<razingScore value='300'/>
		<mineralScore value='11322'/>
		<gasScore value='3584'/>
		<totalScore value='39586'/>
	</enemy>

	<scoreRatio value='2.0433'/>
	<timeFitness value='0.741389'/>
	<unitsAverage value='104'/>
</results>
