<results>
	<result value='win'/>
	<start value='2015-05-06.01:50:24'/>
	<end value='2015-05-06.01:50:50'/>
	<frames value='23159'/>
	<gameDuration value='1447'/>

	<player>
		<unitScore value='12500'/>
		<killScore value='15810'/>
		<buildingScore value='2900'/>
		<razingScore value='5685'/>
		<mineralScore value='17130'/>
		<gasScore value='1344'/>
		<totalScore value='55369'/>
	</player>

	<enemy>
		<race value='Zerg'/>
		<unitScore value='8800'/>
		<unitScore value='8800'/>
		<killScore value='9200'/>
		<buildingScore value='1895'/>
		<razingScore value='0'/>
		<mineralScore value='8986'/>
		<gasScore value='2272'/>
		<totalScore value='31153'/>
	</enemy>

	<scoreRatio value='1.77732'/>
	<timeFitness value='0.799028'/>
	<unitsAverage value='72'/>
</results>
