<results>
	<result value='win'/>
	<start value='2015-05-06.02:15:07'/>
	<end value='2015-05-06.02:15:40'/>
	<frames value='27003'/>
	<gameDuration value='1687'/>

	<player>
		<unitScore value='15650'/>
		<killScore value='21955'/>
		<buildingScore value='3675'/>
		<razingScore value='6555'/>
		<mineralScore value='20482'/>
		<gasScore value='2600'/>
		<totalScore value='70917'/>
	</player>

	<enemy>
		<race value='Zerg'/>
		<unitScore value='9775'/>
		<unitScore value='9775'/>
		<killScore value='14700'/>
		<buildingScore value='2185'/>
		<razingScore value='525'/>
		<mineralScore value='11322'/>
		<gasScore value='2792'/>
		<totalScore value='41299'/>
	</enemy>

	<scoreRatio value='1.71716'/>
	<timeFitness value='0.765694'/>
	<unitsAverage value='80'/>
</results>
