<results>
	<result value='win'/>
	<start value='2015-05-06.02:17:38'/>
	<end value='2015-05-06.02:18:09'/>
	<frames value='24399'/>
	<gameDuration value='1524'/>

	<player>
		<unitScore value='14650'/>
		<killScore value='15200'/>
		<buildingScore value='3775'/>
		<razingScore value='5775'/>
		<mineralScore value='19502'/>
		<gasScore value='1504'/>
		<totalScore value='60406'/>
	</player>

	<enemy>
		<race value='Zerg'/>
		<unitScore value='8300'/>
		<unitScore value='8300'/>
		<killScore value='13100'/>
		<buildingScore value='1925'/>
		<razingScore value='0'/>
		<mineralScore value='8234'/>
		<gasScore value='2608'/>
		<totalScore value='34167'/>
	</enemy>

	<scoreRatio value='1.76796'/>
	<timeFitness value='0.788333'/>
	<unitsAverage value='81'/>
</results>
