<results>
	<result value='win'/>
	<start value='2015-05-06.02:32:46'/>
	<end value='2015-05-06.02:33:31'/>
	<frames value='28553'/>
	<gameDuration value='1784'/>

	<player>
		<unitScore value='19750'/>
		<killScore value='29480'/>
		<buildingScore value='4400'/>
		<razingScore value='4680'/>
		<mineralScore value='25550'/>
		<gasScore value='2856'/>
		<totalScore value='86716'/>
	</player>

	<enemy>
		<race value='Zerg'/>
		<unitScore value='13575'/>
		<unitScore value='13575'/>
		<killScore value='16150'/>
		<buildingScore value='1560'/>
		<razingScore value='0'/>
		<mineralScore value='11314'/>
		<gasScore value='3472'/>
		<totalScore value='46071'/>
	</enemy>

	<scoreRatio value='1.88223'/>
	<timeFitness value='0.752222'/>
	<unitsAverage value='99'/>
</results>
