<results>
	<result value='loss'/>
	<start value='2015-05-06.02:31:26'/>
	<end value='2015-05-06.02:31:37'/>
	<frames value='19532'/>
	<gameDuration value='1220'/>

	<player>
		<unitScore value='1000'/>
		<killScore value='300'/>
		<buildingScore value='700'/>
		<razingScore value='0'/>
		<mineralScore value='1410'/>
		<gasScore value='608'/>
		<totalScore value='4018'/>
	</player>

	<enemy>
		<race value='Zerg'/>
		<unitScore value='6900'/>
		<unitScore value='6900'/>
		<killScore value='2000'/>
		<buildingScore value='1520'/>
		<razingScore value='2100'/>
		<mineralScore value='7634'/>
		<gasScore value='2208'/>
		<totalScore value='22362'/>
	</enemy>

	<scoreRatio value='0.17968'/>
	<timeFitness value='0.169444'/>
	<unitsAverage value='8'/>
</results>
