<results>
	<result value='win'/>
	<start value='2015-05-06.02:43:19'/>
	<end value='2015-05-06.02:44:05'/>
	<frames value='28522'/>
	<gameDuration value='1782'/>

	<player>
		<unitScore value='15400'/>
		<killScore value='22020'/>
		<buildingScore value='4950'/>
		<razingScore value='4560'/>
		<mineralScore value='23262'/>
		<gasScore value='2616'/>
		<totalScore value='72808'/>
	</player>

	<enemy>
		<race value='Zerg'/>
		<unitScore value='9550'/>
		<unitScore value='9550'/>
		<killScore value='8600'/>
		<buildingScore value='1520'/>
		<razingScore value='1800'/>
		<mineralScore value='8666'/>
		<gasScore value='2760'/>
		<totalScore value='32896'/>
	</enemy>

	<scoreRatio value='2.21328'/>
	<timeFitness value='0.7525'/>
	<unitsAverage value='99'/>
</results>
