<results>
	<result value='loss'/>
	<start value='2015-04-16.19:39:08'/>
	<end value='2015-04-16.19:39:30'/>
	<frames value='22415'/>
	<gameDuration value='1400'/>

	<player>
		<unitScore value='5575'/>
		<killScore value='2600'/>
		<buildingScore value='1600'/>
		<razingScore value='0'/>
		<mineralScore value='7482'/>
		<gasScore value='728'/>
		<totalScore value='17985'/>
	</player>

	<enemy>
		<race value='Protoss'/>
		<unitScore value='6325'/>
		<unitScore value='6325'/>
		<killScore value='11150'/>
		<buildingScore value='5300'/>
		<razingScore value='4800'/>
		<mineralScore value='12602'/>
		<gasScore value='3392'/>
		<totalScore value='43569'/>
	</enemy>

	<scoreRatio value='0.412793'/>
</results>
