<results>
	<result value='win'/>
	<start value='2014-07-11.19:11:46'/>
	<end value='2014-07-11.19:11:59'/>
	<frames value='19904'/>
	<gameDuration value='1244'/>

	<player>
		<unitScore value='7250'/>
		<killScore value='10350'/>
		<buildingScore value='2400'/>
		<razingScore value='4125'/>
		<mineralScore value='10722'/>
		<gasScore value='1440'/>
		<totalScore value='36287'/>
	</player>

	<enemy>
		<race value='Terran'/>
		<unitScore value='5175'/>
		<unitScore value='5175'/>
		<killScore value='4000'/>
		<buildingScore value='1450'/>
		<razingScore value='0'/>
		<mineralScore value='7906'/>
		<gasScore value='1864'/>
		<totalScore value='20395'/>
	</enemy>

	<scoreRatio value='1.77921'/>
</results>
