<results>
	<result value='win'/>
	<start value='2014-07-23.18:47:53'/>
	<end value='2014-07-23.18:48:28'/>
	<frames value='34288'/>
	<gameDuration value='2143'/>

	<player>
		<unitScore value='22200'/>
		<killScore value='24300'/>
		<buildingScore value='4350'/>
		<razingScore value='17700'/>
		<mineralScore value='32406'/>
		<gasScore value='3168'/>
		<totalScore value='104124'/>
	</player>

	<enemy>
		<race value='Protoss'/>
		<unitScore value='13200'/>
		<unitScore value='13200'/>
		<killScore value='21100'/>
		<buildingScore value='5900'/>
		<razingScore value='375'/>
		<mineralScore value='15206'/>
		<gasScore value='3832'/>
		<totalScore value='59613'/>
	</enemy>

	<scoreRatio value='1.74667'/>
</results>
