<results>
	<result value='win'/>
	<start value='2015-04-27.14:14:51'/>
	<end value='2015-04-27.14:15:16'/>
	<frames value='24957'/>
	<gameDuration value='1559'/>

	<player>
		<unitScore value='13575'/>
		<killScore value='22200'/>
		<buildingScore value='3525'/>
		<razingScore value='8550'/>
		<mineralScore value='22182'/>
		<gasScore value='2072'/>
		<totalScore value='72104'/>
	</player>

	<enemy>
		<race value='Terran'/>
		<unitScore value='11100'/>
		<unitScore value='11100'/>
		<killScore value='6400'/>
		<buildingScore value='2850'/>
		<razingScore value='150'/>
		<mineralScore value='10554'/>
		<gasScore value='4320'/>
		<totalScore value='35374'/>
	</enemy>

	<scoreRatio value='2.03833'/>
</results>
