<results>
	<result value='win'/>
	<start value='2015-04-27.14:17:41'/>
	<end value='2015-04-27.14:17:57'/>
	<frames value='23934'/>
	<gameDuration value='1495'/>

	<player>
		<unitScore value='8775'/>
		<killScore value='15200'/>
		<buildingScore value='3675'/>
		<razingScore value='7575'/>
		<mineralScore value='15198'/>
		<gasScore value='2392'/>
		<totalScore value='52815'/>
	</player>

	<enemy>
		<race value='Terran'/>
		<unitScore value='7600'/>
		<unitScore value='7600'/>
		<killScore value='6000'/>
		<buildingScore value='2525'/>
		<razingScore value='3450'/>
		<mineralScore value='7954'/>
		<gasScore value='2416'/>
		<totalScore value='29945'/>
	</enemy>

	<scoreRatio value='1.76373'/>
</results>
