<results>
	<result value='draw'/>
	<start value='2015-03-28.19:29:40'/>
	<end value='2015-03-28.19:31:00'/>
	<frames value='57601'/>
	<gameDuration value='3600'/>

	<player>
		<unitScore value='29750'/>
		<killScore value='36650'/>
		<buildingScore value='3400'/>
		<razingScore value='8100'/>
		<mineralScore value='31662'/>
		<gasScore value='3688'/>
		<totalScore value='113250'/>
	</player>

	<enemy>
		<race value='Protoss'/>
		<unitScore value='22775'/>
		<unitScore value='22775'/>
		<killScore value='59500'/>
		<buildingScore value='8125'/>
		<razingScore value='6525'/>
		<mineralScore value='26654'/>
		<gasScore value='10532'/>
		<totalScore value='134111'/>
	</enemy>

	<scoreRatio value='0.84445'/>
</results>
