<results>
	<result value='loss'/>
	<start value='2015-03-28.19:31:03'/>
	<end value='2015-03-28.19:31:14'/>
	<frames value='18261'/>
	<gameDuration value='1141'/>

	<player>
		<unitScore value='3625'/>
		<killScore value='1800'/>
		<buildingScore value='1550'/>
		<razingScore value='0'/>
		<mineralScore value='5434'/>
		<gasScore value='488'/>
		<totalScore value='12897'/>
	</player>

	<enemy>
		<race value='Protoss'/>
		<unitScore value='3700'/>
		<unitScore value='3700'/>
		<killScore value='7250'/>
		<buildingScore value='4225'/>
		<razingScore value='4650'/>
		<mineralScore value='9818'/>
		<gasScore value='1872'/>
		<totalScore value='31515'/>
	</enemy>

	<scoreRatio value='0.409234'/>
</results>
