<results>
	<result value='loss'/>
	<start value='2015-03-28.19:31:40'/>
	<end value='2015-03-28.19:31:48'/>
	<frames value='13735'/>
	<gameDuration value='858'/>

	<player>
		<unitScore value='3000'/>
		<killScore value='600'/>
		<buildingScore value='1350'/>
		<razingScore value='0'/>
		<mineralScore value='4058'/>
		<gasScore value='752'/>
		<totalScore value='9760'/>
	</player>

	<enemy>
		<race value='Protoss'/>
		<unitScore value='3550'/>
		<unitScore value='3550'/>
		<killScore value='6000'/>
		<buildingScore value='2375'/>
		<razingScore value='4050'/>
		<mineralScore value='7050'/>
		<gasScore value='1192'/>
		<totalScore value='24217'/>
	</enemy>

	<scoreRatio value='0.403023'/>
</results>
