<results>
	<result value='win'/>
	<start value='2015-05-08.17:55:35'/>
	<end value='2015-05-08.17:56:23'/>
	<frames value='34071'/>
	<gameDuration value='2129'/>

	<player>
		<unitScore value='23575'/>
		<killScore value='35400'/>
		<buildingScore value='4075'/>
		<razingScore value='11475'/>
		<mineralScore value='32666'/>
		<gasScore value='3304'/>
		<totalScore value='110495'/>
	</player>

	<enemy>
		<race value='Terran'/>
		<unitScore value='18675'/>
		<unitScore value='18675'/>
		<killScore value='23700'/>
		<buildingScore value='3825'/>
		<razingScore value='450'/>
		<mineralScore value='15538'/>
		<gasScore value='7414'/>
		<totalScore value='69602'/>
	</enemy>

	<scoreRatio value='1.58753'/>
	<timeFitness value='0.704306'/>
	<unitsAverage value='115'/>
</results>
