<results>
	<result value='draw'/>
	<start value='2015-05-03.14:29:54'/>
	<end value='2015-05-03.14:32:00'/>
	<frames value='57601'/>
	<gameDuration value='3600'/>

	<player>
		<unitScore value='18450'/>
		<killScore value='25580'/>
		<buildingScore value='4650'/>
		<razingScore value='3600'/>
		<mineralScore value='49682'/>
		<gasScore value='5080'/>
		<totalScore value='107042'/>
	</player>

	<enemy>
		<race value='Zerg'/>
		<unitScore value='12000'/>
		<unitScore value='12000'/>
		<killScore value='12100'/>
		<buildingScore value='2045'/>
		<razingScore value='0'/>
		<mineralScore value='13378'/>
		<gasScore value='6840'/>
		<totalScore value='46363'/>
	</enemy>

	<scoreRatio value='2.30878'/>
	<timeFitness value='0.5'/>
	<unitsAverage value='171'/>
</results>
