<results>
	<result value='win'/>
	<start value='2015-05-03.14:36:02'/>
	<end value='2015-05-03.14:36:35'/>
	<frames value='28460'/>
	<gameDuration value='1778'/>

	<player>
		<unitScore value='19775'/>
		<killScore value='24755'/>
		<buildingScore value='3925'/>
		<razingScore value='6450'/>
		<mineralScore value='26702'/>
		<gasScore value='1928'/>
		<totalScore value='83535'/>
	</player>

	<enemy>
		<race value='Zerg'/>
		<unitScore value='11725'/>
		<unitScore value='11725'/>
		<killScore value='15800'/>
		<buildingScore value='2150'/>
		<razingScore value='0'/>
		<mineralScore value='12754'/>
		<gasScore value='4544'/>
		<totalScore value='46973'/>
	</enemy>

	<scoreRatio value='1.77836'/>
	<timeFitness value='0.753056'/>
	<unitsAverage value='106'/>
</results>
