<results>
	<result value='win'/>
	<start value='2015-05-16.23:06:42'/>
	<end value='2015-05-16.23:07:47'/>
	<frames value='33079'/>
	<gameDuration value='2067'/>

	<player>
		<unitScore value='22575'/>
		<killScore value='43810'/>
		<buildingScore value='3625'/>
		<razingScore value='6735'/>
		<mineralScore value='32190'/>
		<gasScore value='2368'/>
		<totalScore value='111303'/>
	</player>

	<enemy>
		<race value='Zerg'/>
		<unitScore value='18650'/>
		<unitScore value='18650'/>
		<killScore value='21650'/>
		<buildingScore value='2245'/>
		<razingScore value='0'/>
		<mineralScore value='16470'/>
		<gasScore value='5080'/>
		<totalScore value='64095'/>
	</enemy>

	<scoreRatio value='1.73653'/>
	<timeFitness value='0.712917'/>
	<unitsAverage value='123'/>
</results>
