<results>
	<result value='win'/>
	<start value='2015-05-03.14:38:01'/>
	<end value='2015-05-03.14:38:31'/>
	<frames value='26910'/>
	<gameDuration value='1681'/>

	<player>
		<unitScore value='19650'/>
		<killScore value='25805'/>
		<buildingScore value='3875'/>
		<razingScore value='6495'/>
		<mineralScore value='24166'/>
		<gasScore value='1744'/>
		<totalScore value='81735'/>
	</player>

	<enemy>
		<race value='Zerg'/>
		<unitScore value='11875'/>
		<unitScore value='11875'/>
		<killScore value='15700'/>
		<buildingScore value='2165'/>
		<razingScore value='0'/>
		<mineralScore value='12266'/>
		<gasScore value='4112'/>
		<totalScore value='46118'/>
	</enemy>

	<scoreRatio value='1.7723'/>
	<timeFitness value='0.766528'/>
	<unitsAverage value='98'/>
</results>
