<results>
	<result value='draw'/>
	<start value='2015-05-03.14:43:13'/>
	<end value='2015-05-03.14:45:12'/>
	<frames value='57601'/>
	<gameDuration value='3600'/>

	<player>
		<unitScore value='21175'/>
		<killScore value='23880'/>
		<buildingScore value='4125'/>
		<razingScore value='9135'/>
		<mineralScore value='32606'/>
		<gasScore value='5282'/>
		<totalScore value='96203'/>
	</player>

	<enemy>
		<race value='Zerg'/>
		<unitScore value='11650'/>
		<unitScore value='11650'/>
		<killScore value='17100'/>
		<buildingScore value='3370'/>
		<razingScore value='375'/>
		<mineralScore value='13438'/>
		<gasScore value='4000'/>
		<totalScore value='49933'/>
	</enemy>

	<scoreRatio value='1.92664'/>
	<timeFitness value='0.5'/>
	<unitsAverage value='159'/>
</results>
