<results>
	<result value='loss'/>
	<start value='2015-07-14.05:31:55'/>
	<end value='2015-07-14.05:32:44'/>
	<frames value='35590'/>
	<gameDuration value='2224'/>

	<player>
		<unitScore value='16925'/>
		<killScore value='4700'/>
		<buildingScore value='4425'/>
		<razingScore value='0'/>
		<mineralScore value='22090'/>
		<gasScore value='2848'/>
		<totalScore value='50988'/>
	</player>

	<enemy>
		<race value='Protoss'/>
		<unitScore value='19350'/>
		<killScore value='32050'/>
		<buildingScore value='6875'/>
		<razingScore value='13275'/>
		<mineralScore value='22626'/>
		<gasScore value='8440'/>
		<totalScore value='102616'/>
	</enemy>

	<scoreRatio value='0.496882'/>
	<timeFitness value='0.308889'/>
	<unitsAverage value='61'/>
</results>
