<results>
	<result value='loss'/>
	<start value='2015-07-14.05:43:12'/>
	<end value='2015-07-14.05:44:11'/>
	<frames value='38783'/>
	<gameDuration value='2423'/>

	<player>
		<unitScore value='20400'/>
		<killScore value='10400'/>
		<buildingScore value='2775'/>
		<razingScore value='750'/>
		<mineralScore value='23898'/>
		<gasScore value='3288'/>
		<totalScore value='61511'/>
	</player>

	<enemy>
		<race value='Protoss'/>
		<unitScore value='16550'/>
		<killScore value='34700'/>
		<buildingScore value='6575'/>
		<razingScore value='8475'/>
		<mineralScore value='26274'/>
		<gasScore value='7000'/>
		<totalScore value='99574'/>
	</enemy>

	<scoreRatio value='0.617742'/>
	<timeFitness value='0.336528'/>
	<unitsAverage value='73'/>
</results>
