<results>
	<result value='loss'/>
	<start value='2015-07-14.05:48:58'/>
	<end value='2015-07-14.05:49:45'/>
	<frames value='33358'/>
	<gameDuration value='2084'/>

	<player>
		<unitScore value='12275'/>
		<killScore value='4100'/>
		<buildingScore value='3300'/>
		<razingScore value='0'/>
		<mineralScore value='18586'/>
		<gasScore value='1400'/>
		<totalScore value='39661'/>
	</player>

	<enemy>
		<race value='Protoss'/>
		<unitScore value='17400'/>
		<killScore value='19700'/>
		<buildingScore value='6225'/>
		<razingScore value='9900'/>
		<mineralScore value='21082'/>
		<gasScore value='8052'/>
		<totalScore value='82359'/>
	</enemy>

	<scoreRatio value='0.481562'/>
	<timeFitness value='0.289444'/>
	<unitsAverage value='64'/>
</results>
