<results>
	<result value='loss'/>
	<start value='2015-04-07.14:50:20'/>
	<end value='2015-04-07.14:51:20'/>
	<frames value='48548'/>
	<gameDuration value='3034'/>

	<player>
		<unitScore value='24125'/>
		<killScore value='40200'/>
		<buildingScore value='2575'/>
		<razingScore value='1350'/>
		<mineralScore value='24026'/>
		<gasScore value='4440'/>
		<totalScore value='96716'/>
	</player>

	<enemy>
		<race value='Protoss'/>
		<unitScore value='40025'/>
		<unitScore value='40025'/>
		<killScore value='48250'/>
		<buildingScore value='7575'/>
		<razingScore value='7725'/>
		<mineralScore value='34638'/>
		<gasScore value='12724'/>
		<totalScore value='150937'/>
	</enemy>

	<scoreRatio value='0.640771'/>
</results>
