<results>
	<result value='loss'/>
	<start value='2015-05-05.08:59:35'/>
	<end value='2015-05-05.08:59:47'/>
	<frames value='19005'/>
	<gameDuration value='1187'/>

	<player>
		<unitScore value='4300'/>
		<killScore value='1150'/>
		<buildingScore value='2100'/>
		<razingScore value='0'/>
		<mineralScore value='6050'/>
		<gasScore value='672'/>
		<totalScore value='14272'/>
	</player>

	<enemy>
		<race value='Terran'/>
		<unitScore value='7150'/>
		<unitScore value='7150'/>
		<killScore value='8600'/>
		<buildingScore value='2850'/>
		<razingScore value='6300'/>
		<mineralScore value='8690'/>
		<gasScore value='3184'/>
		<totalScore value='36774'/>
	</enemy>

	<scoreRatio value='0.3881'/>
	<timeFitness value='0.164861'/>
	<unitsAverage value='27'/>
</results>
