<results>
	<result value='win'/>
	<start value='2015-05-05.09:02:04'/>
	<end value='2015-05-05.09:02:19'/>
	<frames value='17610'/>
	<gameDuration value='1100'/>

	<player>
		<unitScore value='6675'/>
		<killScore value='10300'/>
		<buildingScore value='2525'/>
		<razingScore value='4500'/>
		<mineralScore value='10874'/>
		<gasScore value='1480'/>
		<totalScore value='36354'/>
	</player>

	<enemy>
		<race value='Terran'/>
		<unitScore value='5150'/>
		<unitScore value='5150'/>
		<killScore value='1700'/>
		<buildingScore value='1500'/>
		<razingScore value='150'/>
		<mineralScore value='6986'/>
		<gasScore value='1824'/>
		<totalScore value='17310'/>
	</enemy>

	<scoreRatio value='2.10017'/>
	<timeFitness value='0.847222'/>
	<unitsAverage value='55'/>
</results>
