<results>
	<result value='win'/>
	<start value='2015-05-09.05:05:46'/>
	<end value='2015-05-09.05:06:05'/>
	<frames value='22973'/>
	<gameDuration value='1435'/>

	<player>
		<unitScore value='10675'/>
		<killScore value='16250'/>
		<buildingScore value='2950'/>
		<razingScore value='8250'/>
		<mineralScore value='15858'/>
		<gasScore value='1952'/>
		<totalScore value='55935'/>
	</player>

	<enemy>
		<race value='Terran'/>
		<unitScore value='8425'/>
		<unitScore value='8425'/>
		<killScore value='6200'/>
		<buildingScore value='2900'/>
		<razingScore value='300'/>
		<mineralScore value='9370'/>
		<gasScore value='3648'/>
		<totalScore value='30843'/>
	</enemy>

	<scoreRatio value='1.81354'/>
	<timeFitness value='0.800694'/>
	<unitsAverage value='68'/>
</results>
