<results>
	<result value='win'/>
	<start value='2015-05-05.09:08:37'/>
	<end value='2015-05-05.09:09:31'/>
	<frames value='42844'/>
	<gameDuration value='2677'/>

	<player>
		<unitScore value='26750'/>
		<killScore value='37350'/>
		<buildingScore value='4675'/>
		<razingScore value='12450'/>
		<mineralScore value='28750'/>
		<gasScore value='4510'/>
		<totalScore value='114485'/>
	</player>

	<enemy>
		<race value='Terran'/>
		<unitScore value='22275'/>
		<unitScore value='22275'/>
		<killScore value='28200'/>
		<buildingScore value='4150'/>
		<razingScore value='3450'/>
		<mineralScore value='17694'/>
		<gasScore value='9596'/>
		<totalScore value='85365'/>
	</enemy>

	<scoreRatio value='1.34112'/>
	<timeFitness value='0.628194'/>
	<unitsAverage value='92'/>
</results>
