<results>
	<result value='win'/>
	<start value='2015-05-05.09:09:36'/>
	<end value='2015-05-05.09:10:01'/>
	<frames value='24678'/>
	<gameDuration value='1542'/>

	<player>
		<unitScore value='10250'/>
		<killScore value='21750'/>
		<buildingScore value='3400'/>
		<razingScore value='8550'/>
		<mineralScore value='14570'/>
		<gasScore value='1416'/>
		<totalScore value='59936'/>
	</player>

	<enemy>
		<race value='Terran'/>
		<unitScore value='11275'/>
		<unitScore value='11275'/>
		<killScore value='5650'/>
		<buildingScore value='2850'/>
		<razingScore value='450'/>
		<mineralScore value='11194'/>
		<gasScore value='4608'/>
		<totalScore value='36027'/>
	</enemy>

	<scoreRatio value='1.66364'/>
	<timeFitness value='0.785833'/>
	<unitsAverage value='62'/>
</results>
