<results>
	<result value='win'/>
	<start value='2015-05-05.09:10:23'/>
	<end value='2015-05-05.09:10:50'/>
	<frames value='28305'/>
	<gameDuration value='1769'/>

	<player>
		<unitScore value='10875'/>
		<killScore value='21800'/>
		<buildingScore value='3250'/>
		<razingScore value='10500'/>
		<mineralScore value='15202'/>
		<gasScore value='2400'/>
		<totalScore value='64027'/>
	</player>

	<enemy>
		<race value='Terran'/>
		<unitScore value='13200'/>
		<unitScore value='13200'/>
		<killScore value='9100'/>
		<buildingScore value='3500'/>
		<razingScore value='1950'/>
		<mineralScore value='12658'/>
		<gasScore value='5560'/>
		<totalScore value='45968'/>
	</enemy>

	<scoreRatio value='1.39286'/>
	<timeFitness value='0.754306'/>
	<unitsAverage value='54'/>
</results>
