<results>
	<result value='win'/>
	<start value='2015-05-09.05:12:06'/>
	<end value='2015-05-09.05:12:49'/>
	<frames value='31064'/>
	<gameDuration value='1941'/>

	<player>
		<unitScore value='21925'/>
		<killScore value='31100'/>
		<buildingScore value='4350'/>
		<razingScore value='8850'/>
		<mineralScore value='34494'/>
		<gasScore value='2440'/>
		<totalScore value='103159'/>
	</player>

	<enemy>
		<race value='Terran'/>
		<unitScore value='15550'/>
		<unitScore value='15550'/>
		<killScore value='19950'/>
		<buildingScore value='2950'/>
		<razingScore value='375'/>
		<mineralScore value='12714'/>
		<gasScore value='5770'/>
		<totalScore value='57309'/>
	</enemy>

	<scoreRatio value='1.80005'/>
	<timeFitness value='0.730417'/>
	<unitsAverage value='126'/>
</results>
