<results>
	<result value='draw'/>
	<start value='2015-04-16.16:08:02'/>
	<end value='2015-04-16.16:10:53'/>
	<frames value='57601'/>
	<gameDuration value='3600'/>

	<player>
		<unitScore value='21975'/>
		<killScore value='24800'/>
		<buildingScore value='5125'/>
		<razingScore value='20925'/>
		<mineralScore value='45610'/>
		<gasScore value='5332'/>
		<totalScore value='123767'/>
	</player>

	<enemy>
		<race value='Protoss'/>
		<unitScore value='13250'/>
		<unitScore value='13250'/>
		<killScore value='20650'/>
		<buildingScore value='7475'/>
		<razingScore value='1350'/>
		<mineralScore value='17370'/>
		<gasScore value='8004'/>
		<totalScore value='68099'/>
	</enemy>

	<scoreRatio value='1.81746'/>
</results>
