<results>
	<result value='loss'/>
	<start value='2015-03-29.01:21:35'/>
	<end value='2015-03-29.01:21:45'/>
	<frames value='16432'/>
	<gameDuration value='1027'/>

	<player>
		<unitScore value='2950'/>
		<killScore value='1600'/>
		<buildingScore value='1100'/>
		<razingScore value='0'/>
		<mineralScore value='4170'/>
		<gasScore value='736'/>
		<totalScore value='10556'/>
	</player>

	<enemy>
		<race value='Protoss'/>
		<unitScore value='3550'/>
		<unitScore value='3550'/>
		<killScore value='5900'/>
		<buildingScore value='4025'/>
		<razingScore value='3300'/>
		<mineralScore value='8762'/>
		<gasScore value='1632'/>
		<totalScore value='27169'/>
	</enemy>

	<scoreRatio value='0.388531'/>
</results>
