<results>
	<result value='win'/>
	<start value='2015-04-28.01:35:06'/>
	<end value='2015-04-28.01:35:27'/>
	<frames value='33606'/>
	<gameDuration value='2100'/>

	<player>
		<unitScore value='13750'/>
		<killScore value='25900'/>
		<buildingScore value='4375'/>
		<razingScore value='11550'/>
		<mineralScore value='20186'/>
		<gasScore value='3376'/>
		<totalScore value='79137'/>
	</player>

	<enemy>
		<race value='Terran'/>
		<unitScore value='14750'/>
		<unitScore value='14750'/>
		<killScore value='12000'/>
		<buildingScore value='3850'/>
		<razingScore value='3150'/>
		<mineralScore value='12878'/>
		<gasScore value='5726'/>
		<totalScore value='52354'/>
	</enemy>

	<scoreRatio value='1.51158'/>
</results>
