<results>
	<result value='win'/>
	<start value='2015-04-28.01:38:26'/>
	<end value='2015-04-28.01:38:38'/>
	<frames value='20369'/>
	<gameDuration value='1273'/>

	<player>
		<unitScore value='7700'/>
		<killScore value='15350'/>
		<buildingScore value='2975'/>
		<razingScore value='5550'/>
		<mineralScore value='12218'/>
		<gasScore value='1728'/>
		<totalScore value='45521'/>
	</player>

	<enemy>
		<race value='Terran'/>
		<unitScore value='7675'/>
		<unitScore value='7675'/>
		<killScore value='3400'/>
		<buildingScore value='1850'/>
		<razingScore value='1350'/>
		<mineralScore value='7642'/>
		<gasScore value='2352'/>
		<totalScore value='24269'/>
	</enemy>

	<scoreRatio value='1.87568'/>
</results>
