<results>
	<result value='win'/>
	<start value='2015-05-01.10:24:32'/>
	<end value='2015-05-01.10:25:01'/>
	<frames value='27282'/>
	<gameDuration value='1705'/>

	<player>
		<unitScore value='14600'/>
		<killScore value='15500'/>
		<buildingScore value='3800'/>
		<razingScore value='17625'/>
		<mineralScore value='20178'/>
		<gasScore value='2792'/>
		<totalScore value='74495'/>
	</player>

	<enemy>
		<race value='Protoss'/>
		<unitScore value='8550'/>
		<unitScore value='8550'/>
		<killScore value='11500'/>
		<buildingScore value='5875'/>
		<razingScore value='300'/>
		<mineralScore value='14362'/>
		<gasScore value='3760'/>
		<totalScore value='44347'/>
	</enemy>

	<scoreRatio value='1.67982'/>
</results>
