<results>
	<result value='loss'/>
	<start value='2015-05-01.10:26:54'/>
	<end value='2015-05-01.10:27:06'/>
	<frames value='18230'/>
	<gameDuration value='1139'/>

	<player>
		<unitScore value='4225'/>
		<killScore value='1700'/>
		<buildingScore value='1575'/>
		<razingScore value='0'/>
		<mineralScore value='6282'/>
		<gasScore value='1056'/>
		<totalScore value='14838'/>
	</player>

	<enemy>
		<race value='Protoss'/>
		<unitScore value='4625'/>
		<unitScore value='4625'/>
		<killScore value='8450'/>
		<buildingScore value='3475'/>
		<razingScore value='4725'/>
		<mineralScore value='9114'/>
		<gasScore value='2472'/>
		<totalScore value='32861'/>
	</enemy>

	<scoreRatio value='0.451538'/>
</results>
