<results>
	<result value='loss'/>
	<start value='2015-05-01.10:27:52'/>
	<end value='2015-05-01.10:28:01'/>
	<frames value='16091'/>
	<gameDuration value='1005'/>

	<player>
		<unitScore value='3850'/>
		<killScore value='0'/>
		<buildingScore value='1300'/>
		<razingScore value='0'/>
		<mineralScore value='5306'/>
		<gasScore value='1184'/>
		<totalScore value='11640'/>
	</player>

	<enemy>
		<race value='Protoss'/>
		<unitScore value='4575'/>
		<unitScore value='4575'/>
		<killScore value='7950'/>
		<buildingScore value='3375'/>
		<razingScore value='3900'/>
		<mineralScore value='8178'/>
		<gasScore value='2168'/>
		<totalScore value='30146'/>
	</enemy>

	<scoreRatio value='0.386121'/>
</results>
