<results>
	<result value='win'/>
	<start value='2015-05-01.08:00:32'/>
	<end value='2015-05-01.08:01:38'/>
	<frames value='39279'/>
	<gameDuration value='2454'/>

	<player>
		<unitScore value='24800'/>
		<killScore value='48845'/>
		<buildingScore value='3400'/>
		<razingScore value='7635'/>
		<mineralScore value='27422'/>
		<gasScore value='2568'/>
		<totalScore value='114670'/>
	</player>

	<enemy>
		<race value='Zerg'/>
		<unitScore value='22325'/>
		<unitScore value='22325'/>
		<killScore value='32250'/>
		<buildingScore value='2545'/>
		<razingScore value='0'/>
		<mineralScore value='19266'/>
		<gasScore value='7064'/>
		<totalScore value='83450'/>
	</enemy>

	<scoreRatio value='1.37412'/>
</results>
