<results>
	<result value='win'/>
	<start value='2015-05-01.08:04:26'/>
	<end value='2015-05-01.08:05:22'/>
	<frames value='37295'/>
	<gameDuration value='2330'/>

	<player>
		<unitScore value='21350'/>
		<killScore value='43520'/>
		<buildingScore value='2675'/>
		<razingScore value='10635'/>
		<mineralScore value='24038'/>
		<gasScore value='4328'/>
		<totalScore value='106546'/>
	</player>

	<enemy>
		<race value='Zerg'/>
		<unitScore value='19700'/>
		<unitScore value='19700'/>
		<killScore value='26150'/>
		<buildingScore value='3545'/>
		<razingScore value='150'/>
		<mineralScore value='18914'/>
		<gasScore value='5832'/>
		<totalScore value='74291'/>
	</enemy>

	<scoreRatio value='1.43417'/>
</results>
