<results>
	<result value='loss'/>
	<start value='2015-05-06.02:20:58'/>
	<end value='2015-05-06.02:21:23'/>
	<frames value='36582'/>
	<gameDuration value='2286'/>

	<player>
		<unitScore value='10425'/>
		<killScore value='10200'/>
		<buildingScore value='1700'/>
		<razingScore value='5700'/>
		<mineralScore value='12154'/>
		<gasScore value='2632'/>
		<totalScore value='42811'/>
	</player>

	<enemy>
		<race value='Protoss'/>
		<unitScore value='17500'/>
		<unitScore value='17500'/>
		<killScore value='20950'/>
		<buildingScore value='8775'/>
		<razingScore value='5100'/>
		<mineralScore value='22670'/>
		<gasScore value='7144'/>
		<totalScore value='82139'/>
	</enemy>

	<scoreRatio value='0.521202'/>
	<timeFitness value='0.3175'/>
	<unitsAverage value='42'/>
</results>
