<results>
	<result value='loss'/>
	<start value='2015-04-29.10:53:28'/>
	<end value='2015-04-29.10:54:26'/>
	<frames value='48579'/>
	<gameDuration value='3036'/>

	<player>
		<unitScore value='22575'/>
		<killScore value='35400'/>
		<buildingScore value='2175'/>
		<razingScore value='2850'/>
		<mineralScore value='23742'/>
		<gasScore value='3624'/>
		<totalScore value='90366'/>
	</player>

	<enemy>
		<race value='Protoss'/>
		<unitScore value='34950'/>
		<unitScore value='34950'/>
		<killScore value='45150'/>
		<buildingScore value='8425'/>
		<razingScore value='6525'/>
		<mineralScore value='34262'/>
		<gasScore value='11308'/>
		<totalScore value='140620'/>
	</enemy>

	<scoreRatio value='0.642626'/>
</results>
