<results>
	<result value='win'/>
	<start value='2015-05-08.22:03:44'/>
	<end value='2015-05-08.22:04:00'/>
	<frames value='20958'/>
	<gameDuration value='1309'/>

	<player>
		<unitScore value='10075'/>
		<killScore value='14700'/>
		<buildingScore value='3150'/>
		<razingScore value='6675'/>
		<mineralScore value='15514'/>
		<gasScore value='2392'/>
		<totalScore value='52506'/>
	</player>

	<enemy>
		<race value='Terran'/>
		<unitScore value='7350'/>
		<unitScore value='7350'/>
		<killScore value='3850'/>
		<buildingScore value='2225'/>
		<razingScore value='0'/>
		<mineralScore value='8338'/>
		<gasScore value='2536'/>
		<totalScore value='24299'/>
	</enemy>

	<scoreRatio value='2.16083'/>
	<timeFitness value='0.818194'/>
	<unitsAverage value='71'/>
</results>
