<results>
	<result value='loss'/>
	<start value='2015-07-17.11:59:17'/>
	<end value='2015-07-17.11:59:40'/>
	<frames value='22508'/>
	<gameDuration value='1406'/>

	<player>
		<unitScore value='9350'/>
		<killScore value='2950'/>
		<buildingScore value='2450'/>
		<razingScore value='0'/>
		<mineralScore value='9994'/>
		<gasScore value='1544'/>
		<totalScore value='26288'/>
	</player>

	<enemy>
		<race value='Terran'/>
		<unitScore value='9675'/>
		<killScore value='17600'/>
		<buildingScore value='3350'/>
		<razingScore value='7350'/>
		<mineralScore value='10882'/>
		<gasScore value='4720'/>
		<totalScore value='53577'/>
	</enemy>

	<scoreRatio value='0.490658'/>
	<timeFitness value='0.195278'/>
	<unitsAverage value='36'/>
</results>
