<results>
	<result value='loss'/>
	<start value='2015-07-14.09:56:49'/>
	<end value='2015-07-14.09:57:27'/>
	<frames value='34691'/>
	<gameDuration value='2168'/>

	<player>
		<unitScore value='17525'/>
		<killScore value='8200'/>
		<buildingScore value='2800'/>
		<razingScore value='150'/>
		<mineralScore value='17306'/>
		<gasScore value='2768'/>
		<totalScore value='48749'/>
	</player>

	<enemy>
		<race value='Protoss'/>
		<unitScore value='19450'/>
		<killScore value='31300'/>
		<buildingScore value='6975'/>
		<razingScore value='8400'/>
		<mineralScore value='21742'/>
		<gasScore value='7936'/>
		<totalScore value='95803'/>
	</enemy>

	<scoreRatio value='0.508846'/>
	<timeFitness value='0.301111'/>
	<unitsAverage value='58'/>
</results>
