<results>
	<result value='win'/>
	<start value='2014-07-23.02:02:34'/>
	<end value='2014-07-23.02:03:23'/>
	<frames value='36923'/>
	<gameDuration value='2307'/>

	<player>
		<unitScore value='29175'/>
		<killScore value='50225'/>
		<buildingScore value='4300'/>
		<razingScore value='8280'/>
		<mineralScore value='31854'/>
		<gasScore value='3072'/>
		<totalScore value='126906'/>
	</player>

	<enemy>
		<race value='Zerg'/>
		<unitScore value='23000'/>
		<unitScore value='23000'/>
		<killScore value='33450'/>
		<buildingScore value='2760'/>
		<razingScore value='0'/>
		<mineralScore value='19642'/>
		<gasScore value='6392'/>
		<totalScore value='85244'/>
	</enemy>

	<scoreRatio value='1.48874'/>
</results>
