<results>
	<result value='win'/>
	<start value='2015-05-08.18:05:58'/>
	<end value='2015-05-08.18:06:20'/>
	<frames value='27375'/>
	<gameDuration value='1710'/>

	<player>
		<unitScore value='8900'/>
		<killScore value='23800'/>
		<buildingScore value='2425'/>
		<razingScore value='9075'/>
		<mineralScore value='15478'/>
		<gasScore value='2328'/>
		<totalScore value='62006'/>
	</player>

	<enemy>
		<race value='Terran'/>
		<unitScore value='12700'/>
		<unitScore value='12700'/>
		<killScore value='5300'/>
		<buildingScore value='3025'/>
		<razingScore value='450'/>
		<mineralScore value='12570'/>
		<gasScore value='5368'/>
		<totalScore value='39413'/>
	</enemy>

	<scoreRatio value='1.57324'/>
	<timeFitness value='0.7625'/>
	<unitsAverage value='56'/>
</results>
