<results>
	<result value='win'/>
	<start value='2015-05-08.18:17:51'/>
	<end value='2015-05-08.18:18:15'/>
	<frames value='25670'/>
	<gameDuration value='1604'/>

	<player>
		<unitScore value='13975'/>
		<killScore value='22250'/>
		<buildingScore value='3375'/>
		<razingScore value='9000'/>
		<mineralScore value='20126'/>
		<gasScore value='1784'/>
		<totalScore value='70510'/>
	</player>

	<enemy>
		<race value='Terran'/>
		<unitScore value='11125'/>
		<unitScore value='11125'/>
		<killScore value='10950'/>
		<buildingScore value='3000'/>
		<razingScore value='150'/>
		<mineralScore value='10410'/>
		<gasScore value='4152'/>
		<totalScore value='39787'/>
	</enemy>

	<scoreRatio value='1.77219'/>
	<timeFitness value='0.777222'/>
	<unitsAverage value='78'/>
</results>
