<results>
	<result value='win'/>
	<start value='2015-04-27.00:32:57'/>
	<end value='2015-04-27.00:33:18'/>
	<frames value='26693'/>
	<gameDuration value='1668'/>

	<player>
		<unitScore value='13400'/>
		<killScore value='17600'/>
		<buildingScore value='3325'/>
		<razingScore value='9225'/>
		<mineralScore value='17818'/>
		<gasScore value='2576'/>
		<totalScore value='63944'/>
	</player>

	<enemy>
		<race value='Terran'/>
		<unitScore value='10400'/>
		<unitScore value='10400'/>
		<killScore value='11350'/>
		<buildingScore value='3150'/>
		<razingScore value='1500'/>
		<mineralScore value='11522'/>
		<gasScore value='4720'/>
		<totalScore value='42642'/>
	</enemy>

	<scoreRatio value='1.49955'/>
</results>
