<results>
	<result value='loss'/>
	<start value='2015-04-27.00:36:10'/>
	<end value='2015-04-27.00:36:20'/>
	<frames value='18788'/>
	<gameDuration value='1174'/>

	<player>
		<unitScore value='4025'/>
		<killScore value='3000'/>
		<buildingScore value='1650'/>
		<razingScore value='0'/>
		<mineralScore value='5882'/>
		<gasScore value='816'/>
		<totalScore value='15373'/>
	</player>

	<enemy>
		<race value='Terran'/>
		<unitScore value='7250'/>
		<unitScore value='7250'/>
		<killScore value='8050'/>
		<buildingScore value='2800'/>
		<razingScore value='4950'/>
		<mineralScore value='8786'/>
		<gasScore value='3072'/>
		<totalScore value='34908'/>
	</enemy>

	<scoreRatio value='0.440386'/>
</results>
