<results>
	<result value='win'/>
	<start value='2015-04-27.00:39:55'/>
	<end value='2015-04-27.00:40:15'/>
	<frames value='23345'/>
	<gameDuration value='1459'/>

	<player>
		<unitScore value='13550'/>
		<killScore value='18450'/>
		<buildingScore value='3475'/>
		<razingScore value='6900'/>
		<mineralScore value='18134'/>
		<gasScore value='1848'/>
		<totalScore value='62357'/>
	</player>

	<enemy>
		<race value='Terran'/>
		<unitScore value='9625'/>
		<unitScore value='9625'/>
		<killScore value='9800'/>
		<buildingScore value='2300'/>
		<razingScore value='0'/>
		<mineralScore value='10218'/>
		<gasScore value='3376'/>
		<totalScore value='35319'/>
	</enemy>

	<scoreRatio value='1.76554'/>
</results>
