<results>
	<result value='loss'/>
	<start value='2015-04-03.17:34:26'/>
	<end value='2015-04-03.17:34:37'/>
	<frames value='23872'/>
	<gameDuration value='1492'/>

	<player>
		<unitScore value='3375'/>
		<killScore value='2600'/>
		<buildingScore value='1125'/>
		<razingScore value='0'/>
		<mineralScore value='4282'/>
		<gasScore value='512'/>
		<totalScore value='11894'/>
	</player>

	<enemy>
		<race value='Protoss'/>
		<unitScore value='7450'/>
		<unitScore value='7450'/>
		<killScore value='6750'/>
		<buildingScore value='6225'/>
		<razingScore value='3375'/>
		<mineralScore value='14522'/>
		<gasScore value='4064'/>
		<totalScore value='42386'/>
	</enemy>

	<scoreRatio value='0.280612'/>
</results>
