<results>
	<result value='win'/>
	<start value='2015-07-18.03:09:14'/>
	<end value='2015-07-18.03:09:33'/>
	<frames value='18633'/>
	<gameDuration value='1164'/>

	<player>
		<unitScore value='8700'/>
		<killScore value='8450'/>
		<buildingScore value='2425'/>
		<razingScore value='3975'/>
		<mineralScore value='10610'/>
		<gasScore value='1712'/>
		<totalScore value='35872'/>
	</player>

	<enemy>
		<race value='Terran'/>
		<unitScore value='4225'/>
		<killScore value='4750'/>
		<buildingScore value='1325'/>
		<razingScore value='1500'/>
		<mineralScore value='7162'/>
		<gasScore value='1360'/>
		<totalScore value='20322'/>
	</enemy>

	<scoreRatio value='1.76518'/>
	<timeFitness value='0.838333'/>
	<unitsAverage value='46'/>
</results>
