<results>
	<result value='loss'/>
	<start value='2015-07-18.03:22:01'/>
	<end value='2015-07-18.03:22:21'/>
	<frames value='25205'/>
	<gameDuration value='1575'/>

	<player>
		<unitScore value='10800'/>
		<killScore value='5400'/>
		<buildingScore value='2650'/>
		<razingScore value='0'/>
		<mineralScore value='10658'/>
		<gasScore value='1656'/>
		<totalScore value='31164'/>
	</player>

	<enemy>
		<race value='Terran'/>
		<unitScore value='8700'/>
		<killScore value='21600'/>
		<buildingScore value='3675'/>
		<razingScore value='7950'/>
		<mineralScore value='11778'/>
		<gasScore value='4336'/>
		<totalScore value='58039'/>
	</enemy>

	<scoreRatio value='0.536949'/>
	<timeFitness value='0.21875'/>
	<unitsAverage value='34'/>
</results>
