<results>
	<result value='loss'/>
	<start value='2015-07-17.22:13:08'/>
	<end value='2015-07-17.22:13:59'/>
	<frames value='26879'/>
	<gameDuration value='1679'/>

	<player>
		<unitScore value='12125'/>
		<killScore value='4300'/>
		<buildingScore value='2925'/>
		<razingScore value='0'/>
		<mineralScore value='14082'/>
		<gasScore value='1184'/>
		<totalScore value='34616'/>
	</player>

	<enemy>
		<race value='Terran'/>
		<unitScore value='11200'/>
		<killScore value='22850'/>
		<buildingScore value='4375'/>
		<razingScore value='8775'/>
		<mineralScore value='13274'/>
		<gasScore value='6112'/>
		<totalScore value='66586'/>
	</enemy>

	<scoreRatio value='0.519869'/>
	<timeFitness value='0.233194'/>
	<unitsAverage value='48'/>
</results>
