<results>
	<result value='win'/>
	<start value='2015-05-06.11:11:37'/>
	<end value='2015-05-06.11:12:08'/>
	<frames value='24554'/>
	<gameDuration value='1534'/>

	<player>
		<unitScore value='14825'/>
		<killScore value='21980'/>
		<buildingScore value='3700'/>
		<razingScore value='4920'/>
		<mineralScore value='19834'/>
		<gasScore value='2496'/>
		<totalScore value='67755'/>
	</player>

	<enemy>
		<race value='Zerg'/>
		<unitScore value='9900'/>
		<unitScore value='9900'/>
		<killScore value='12700'/>
		<buildingScore value='1640'/>
		<razingScore value='0'/>
		<mineralScore value='9834'/>
		<gasScore value='2736'/>
		<totalScore value='36810'/>
	</enemy>

	<scoreRatio value='1.84067'/>
	<timeFitness value='0.786944'/>
	<unitsAverage value='77'/>
</results>
