<results>
	<result value='win'/>
	<start value='2015-05-06.11:14:08'/>
	<end value='2015-05-06.11:14:38'/>
	<frames value='24151'/>
	<gameDuration value='1509'/>

	<player>
		<unitScore value='15550'/>
		<killScore value='28020'/>
		<buildingScore value='3625'/>
		<razingScore value='4800'/>
		<mineralScore value='19390'/>
		<gasScore value='2264'/>
		<totalScore value='73649'/>
	</player>

	<enemy>
		<race value='Zerg'/>
		<unitScore value='11775'/>
		<unitScore value='11775'/>
		<killScore value='14000'/>
		<buildingScore value='1600'/>
		<razingScore value='0'/>
		<mineralScore value='10434'/>
		<gasScore value='2904'/>
		<totalScore value='40713'/>
	</enemy>

	<scoreRatio value='1.80898'/>
	<timeFitness value='0.790417'/>
	<unitsAverage value='75'/>
</results>
