<results>
	<result value='win'/>
	<start value='2015-05-06.11:27:19'/>
	<end value='2015-05-06.11:27:41'/>
	<frames value='19780'/>
	<gameDuration value='1236'/>

	<player>
		<unitScore value='9875'/>
		<killScore value='17600'/>
		<buildingScore value='3050'/>
		<razingScore value='4560'/>
		<mineralScore value='15122'/>
		<gasScore value='1736'/>
		<totalScore value='51943'/>
	</player>

	<enemy>
		<race value='Zerg'/>
		<unitScore value='8125'/>
		<unitScore value='8125'/>
		<killScore value='5350'/>
		<buildingScore value='1520'/>
		<razingScore value='0'/>
		<mineralScore value='8098'/>
		<gasScore value='2200'/>
		<totalScore value='25293'/>
	</enemy>

	<scoreRatio value='2.05365'/>
	<timeFitness value='0.828333'/>
	<unitsAverage value='68'/>
</results>
