<results>
	<result value='win'/>
	<start value='2015-05-06.11:49:12'/>
	<end value='2015-05-06.11:49:45'/>
	<frames value='21981'/>
	<gameDuration value='1373'/>

	<player>
		<unitScore value='12750'/>
		<killScore value='18440'/>
		<buildingScore value='3725'/>
		<razingScore value='5535'/>
		<mineralScore value='21450'/>
		<gasScore value='2304'/>
		<totalScore value='64204'/>
	</player>

	<enemy>
		<race value='Zerg'/>
		<unitScore value='8650'/>
		<unitScore value='8650'/>
		<killScore value='7400'/>
		<buildingScore value='1845'/>
		<razingScore value='0'/>
		<mineralScore value='8594'/>
		<gasScore value='2200'/>
		<totalScore value='28689'/>
	</enemy>

	<scoreRatio value='2.23793'/>
	<timeFitness value='0.809306'/>
	<unitsAverage value='86'/>
</results>
