<results>
	<result value='win'/>
	<start value='2015-05-06.11:55:30'/>
	<end value='2015-05-06.11:55:55'/>
	<frames value='21299'/>
	<gameDuration value='1331'/>

	<player>
		<unitScore value='11200'/>
		<killScore value='21605'/>
		<buildingScore value='3150'/>
		<razingScore value='4560'/>
		<mineralScore value='16078'/>
		<gasScore value='1968'/>
		<totalScore value='58561'/>
	</player>

	<enemy>
		<race value='Zerg'/>
		<unitScore value='9575'/>
		<unitScore value='9575'/>
		<killScore value='7750'/>
		<buildingScore value='1520'/>
		<razingScore value='0'/>
		<mineralScore value='8562'/>
		<gasScore value='2496'/>
		<totalScore value='29903'/>
	</enemy>

	<scoreRatio value='1.95837'/>
	<timeFitness value='0.815139'/>
	<unitsAverage value='72'/>
</results>
