<results>
	<result value='win'/>
	<start value='2015-05-06.11:55:00'/>
	<end value='2015-05-06.11:55:27'/>
	<frames value='20617'/>
	<gameDuration value='1288'/>

	<player>
		<unitScore value='12025'/>
		<killScore value='16600'/>
		<buildingScore value='3700'/>
		<razingScore value='4560'/>
		<mineralScore value='17074'/>
		<gasScore value='1384'/>
		<totalScore value='55343'/>
	</player>

	<enemy>
		<race value='Zerg'/>
		<unitScore value='7875'/>
		<unitScore value='7875'/>
		<killScore value='7750'/>
		<buildingScore value='1520'/>
		<razingScore value='0'/>
		<mineralScore value='7994'/>
		<gasScore value='2568'/>
		<totalScore value='27707'/>
	</enemy>

	<scoreRatio value='1.99744'/>
	<timeFitness value='0.821111'/>
	<unitsAverage value='74'/>
</results>
