<results>
	<result value='loss'/>
	<start value='2015-04-11.01:56:47'/>
	<end value='2015-04-11.01:56:56'/>
	<frames value='16556'/>
	<gameDuration value='1034'/>

	<player>
		<unitScore value='3950'/>
		<killScore value='200'/>
		<buildingScore value='1575'/>
		<razingScore value='0'/>
		<mineralScore value='5554'/>
		<gasScore value='704'/>
		<totalScore value='11983'/>
	</player>

	<enemy>
		<race value='Protoss'/>
		<unitScore value='3600'/>
		<unitScore value='3600'/>
		<killScore value='7800'/>
		<buildingScore value='3725'/>
		<razingScore value='4725'/>
		<mineralScore value='8626'/>
		<gasScore value='1632'/>
		<totalScore value='30108'/>
	</enemy>

	<scoreRatio value='0.398001'/>
</results>
