<results>
	<result value='win'/>
	<start value='2015-04-11.02:01:41'/>
	<end value='2015-04-11.02:02:28'/>
	<frames value='33544'/>
	<gameDuration value='2096'/>

	<player>
		<unitScore value='24950'/>
		<killScore value='28150'/>
		<buildingScore value='3700'/>
		<razingScore value='16650'/>
		<mineralScore value='30926'/>
		<gasScore value='2472'/>
		<totalScore value='106848'/>
	</player>

	<enemy>
		<race value='Protoss'/>
		<unitScore value='14300'/>
		<unitScore value='14300'/>
		<killScore value='24450'/>
		<buildingScore value='5550'/>
		<razingScore value='0'/>
		<mineralScore value='20658'/>
		<gasScore value='3544'/>
		<totalScore value='68502'/>
	</enemy>

	<scoreRatio value='1.55978'/>
</results>
