<results>
	<result value='loss'/>
	<start value='2015-04-11.02:02:55'/>
	<end value='2015-04-11.02:03:29'/>
	<frames value='42441'/>
	<gameDuration value='2652'/>

	<player>
		<unitScore value='22900'/>
		<killScore value='20950'/>
		<buildingScore value='2950'/>
		<razingScore value='300'/>
		<mineralScore value='23882'/>
		<gasScore value='2984'/>
		<totalScore value='73966'/>
	</player>

	<enemy>
		<race value='Protoss'/>
		<unitScore value='29850'/>
		<unitScore value='29850'/>
		<killScore value='45650'/>
		<buildingScore value='7525'/>
		<razingScore value='8850'/>
		<mineralScore value='29274'/>
		<gasScore value='11270'/>
		<totalScore value='132419'/>
	</enemy>

	<scoreRatio value='0.558575'/>
</results>
