<results>
	<result value='loss'/>
	<start value='2015-05-05.02:39:46'/>
	<end value='2015-05-05.02:39:59'/>
	<frames value='29049'/>
	<gameDuration value='1815'/>

	<player>
		<unitScore value='6825'/>
		<killScore value='3000'/>
		<buildingScore value='2250'/>
		<razingScore value='0'/>
		<mineralScore value='9690'/>
		<gasScore value='1400'/>
		<totalScore value='23165'/>
	</player>

	<enemy>
		<race value='Protoss'/>
		<unitScore value='13250'/>
		<unitScore value='13250'/>
		<killScore value='13050'/>
		<buildingScore value='5975'/>
		<razingScore value='6750'/>
		<mineralScore value='18026'/>
		<gasScore value='6408'/>
		<totalScore value='63459'/>
	</enemy>

	<scoreRatio value='0.365039'/>
	<timeFitness value='0.252083'/>
	<unitsAverage value='32'/>
</results>
