<results>
	<result value='loss'/>
	<start value='2015-05-05.02:42:03'/>
	<end value='2015-05-05.02:42:14'/>
	<frames value='27003'/>
	<gameDuration value='1687'/>

	<player>
		<unitScore value='2750'/>
		<killScore value='2900'/>
		<buildingScore value='1600'/>
		<razingScore value='0'/>
		<mineralScore value='4450'/>
		<gasScore value='728'/>
		<totalScore value='12428'/>
	</player>

	<enemy>
		<race value='Protoss'/>
		<unitScore value='11250'/>
		<unitScore value='11250'/>
		<killScore value='5500'/>
		<buildingScore value='6925'/>
		<razingScore value='4800'/>
		<mineralScore value='16530'/>
		<gasScore value='6144'/>
		<totalScore value='51149'/>
	</enemy>

	<scoreRatio value='0.242976'/>
	<timeFitness value='0.234306'/>
	<unitsAverage value='19'/>
</results>
