<results>
	<result value='loss'/>
	<start value='2015-05-05.02:44:26'/>
	<end value='2015-05-05.02:45:04'/>
	<frames value='52330'/>
	<gameDuration value='3270'/>

	<player>
		<unitScore value='30775'/>
		<killScore value='45350'/>
		<buildingScore value='3625'/>
		<razingScore value='600'/>
		<mineralScore value='31494'/>
		<gasScore value='5408'/>
		<totalScore value='117252'/>
	</player>

	<enemy>
		<race value='Protoss'/>
		<unitScore value='36500'/>
		<unitScore value='36500'/>
		<killScore value='61550'/>
		<buildingScore value='6225'/>
		<razingScore value='10875'/>
		<mineralScore value='30914'/>
		<gasScore value='11262'/>
		<totalScore value='157326'/>
	</enemy>

	<scoreRatio value='0.745281'/>
	<timeFitness value='0.454167'/>
	<unitsAverage value='82'/>
</results>
