<results>
	<result value='draw'/>
	<start value='2015-05-05.02:51:26'/>
	<end value='2015-05-05.02:52:10'/>
	<frames value='57601'/>
	<gameDuration value='3600'/>

	<player>
		<unitScore value='31000'/>
		<killScore value='41250'/>
		<buildingScore value='2725'/>
		<razingScore value='12150'/>
		<mineralScore value='32070'/>
		<gasScore value='5140'/>
		<totalScore value='124335'/>
	</player>

	<enemy>
		<race value='Protoss'/>
		<unitScore value='23700'/>
		<unitScore value='23700'/>
		<killScore value='54450'/>
		<buildingScore value='8650'/>
		<razingScore value='300'/>
		<mineralScore value='28838'/>
		<gasScore value='10176'/>
		<totalScore value='126114'/>
	</enemy>

	<scoreRatio value='0.985894'/>
	<timeFitness value='0.5'/>
	<unitsAverage value='92'/>
</results>
