<results>
	<result value='loss'/>
	<start value='2015-04-29.07:56:26'/>
	<end value='2015-04-29.07:56:38'/>
	<frames value='15533'/>
	<gameDuration value='970'/>

	<player>
		<unitScore value='3050'/>
		<killScore value='200'/>
		<buildingScore value='1625'/>
		<razingScore value='0'/>
		<mineralScore value='6338'/>
		<gasScore value='0'/>
		<totalScore value='11213'/>
	</player>

	<enemy>
		<race value='Protoss'/>
		<unitScore value='4000'/>
		<unitScore value='4000'/>
		<killScore value='6100'/>
		<buildingScore value='3075'/>
		<razingScore value='4875'/>
		<mineralScore value='7658'/>
		<gasScore value='1784'/>
		<totalScore value='27492'/>
	</enemy>

	<scoreRatio value='0.407864'/>
	<timeFitness value='0.134722'/>
	<unitsAverage value='23'/>
</results>
