<results>
	<result value='loss'/>
	<start value='2015-04-29.08:17:43'/>
	<end value='2015-04-29.08:19:41'/>
	<frames value='49571'/>
	<gameDuration value='3098'/>

	<player>
		<unitScore value='26025'/>
		<killScore value='38150'/>
		<buildingScore value='2700'/>
		<razingScore value='900'/>
		<mineralScore value='24010'/>
		<gasScore value='3984'/>
		<totalScore value='95769'/>
	</player>

	<enemy>
		<race value='Protoss'/>
		<unitScore value='43715'/>
		<unitScore value='43715'/>
		<killScore value='52050'/>
		<buildingScore value='7775'/>
		<razingScore value='8100'/>
		<mineralScore value='34582'/>
		<gasScore value='14500'/>
		<totalScore value='160722'/>
	</enemy>

	<scoreRatio value='0.595867'/>
	<timeFitness value='0.430278'/>
	<unitsAverage value='100'/>
</results>
