<results>
	<result value='loss'/>
	<start value='2015-04-28.07:52:55'/>
	<end value='2015-04-28.07:53:14'/>
	<frames value='23407'/>
	<gameDuration value='1462'/>

	<player>
		<unitScore value='8225'/>
		<killScore value='5400'/>
		<buildingScore value='2425'/>
		<razingScore value='0'/>
		<mineralScore value='9746'/>
		<gasScore value='1016'/>
		<totalScore value='26812'/>
	</player>

	<enemy>
		<race value='Terran'/>
		<unitScore value='9875'/>
		<unitScore value='9875'/>
		<killScore value='16450'/>
		<buildingScore value='3600'/>
		<razingScore value='7275'/>
		<mineralScore value='11346'/>
		<gasScore value='4768'/>
		<totalScore value='53314'/>
	</enemy>

	<scoreRatio value='0.502907'/>
</results>
