<results>
	<result value='loss'/>
	<start value='2015-05-10.05:05:32'/>
	<end value='2015-05-10.05:05:44'/>
	<frames value='22911'/>
	<gameDuration value='1431'/>

	<player>
		<unitScore value='5200'/>
		<killScore value='6650'/>
		<buildingScore value='1950'/>
		<razingScore value='300'/>
		<mineralScore value='7282'/>
		<gasScore value='1336'/>
		<totalScore value='22718'/>
	</player>

	<enemy>
		<race value='Terran'/>
		<unitScore value='7700'/>
		<unitScore value='7700'/>
		<killScore value='10300'/>
		<buildingScore value='2850'/>
		<razingScore value='5850'/>
		<mineralScore value='10130'/>
		<gasScore value='4040'/>
		<totalScore value='40870'/>
	</enemy>

	<scoreRatio value='0.55586'/>
	<timeFitness value='0.19875'/>
	<unitsAverage value='29'/>
</results>
