<results>
	<result value='win'/>
	<start value='2015-05-10.05:10:37'/>
	<end value='2015-05-10.05:10:53'/>
	<frames value='22725'/>
	<gameDuration value='1420'/>

	<player>
		<unitScore value='9900'/>
		<killScore value='16200'/>
		<buildingScore value='3400'/>
		<razingScore value='7200'/>
		<mineralScore value='14890'/>
		<gasScore value='1912'/>
		<totalScore value='53502'/>
	</player>

	<enemy>
		<race value='Terran'/>
		<unitScore value='8100'/>
		<unitScore value='8100'/>
		<killScore value='4800'/>
		<buildingScore value='2400'/>
		<razingScore value='1500'/>
		<mineralScore value='9378'/>
		<gasScore value='3152'/>
		<totalScore value='29330'/>
	</enemy>

	<scoreRatio value='1.82414'/>
	<timeFitness value='0.802778'/>
	<unitsAverage value='65'/>
</results>
