<results>
	<result value='draw'/>
	<start value='2015-05-10.05:11:14'/>
	<end value='2015-05-10.05:12:22'/>
	<frames value='57601'/>
	<gameDuration value='3600'/>

	<player>
		<unitScore value='29475'/>
		<killScore value='50300'/>
		<buildingScore value='3150'/>
		<razingScore value='2700'/>
		<mineralScore value='31634'/>
		<gasScore value='7226'/>
		<totalScore value='124485'/>
	</player>

	<enemy>
		<race value='Terran'/>
		<unitScore value='33375'/>
		<unitScore value='33375'/>
		<killScore value='46800'/>
		<buildingScore value='4875'/>
		<razingScore value='300'/>
		<mineralScore value='30902'/>
		<gasScore value='11802'/>
		<totalScore value='128054'/>
	</enemy>

	<scoreRatio value='0.972129'/>
	<timeFitness value='0.5'/>
	<unitsAverage value='110'/>
</results>
