<results>
	<result value='loss'/>
	<start value='2014-07-03.01:19:49'/>
	<end value='2014-07-03.01:19:54'/>
	<frames value='12960'/>
	<gameDuration value='810'/>

	<player>
		<unitScore value='3000'/>
		<killScore value='400'/>
		<buildingScore value='1075'/>
		<razingScore value='0'/>
		<mineralScore value='3906'/>
		<gasScore value='472'/>
		<totalScore value='8853'/>
	</player>

	<enemy>
		<race value='Protoss'/>
		<unitScore value='3500'/>
		<unitScore value='3500'/>
		<killScore value='6000'/>
		<buildingScore value='2175'/>
		<razingScore value='3225'/>
		<mineralScore value='6570'/>
		<gasScore value='1176'/>
		<totalScore value='22646'/>
	</enemy>

	<scoreRatio value='0.39093'/>
</results>
