<results>
	<result value='win'/>
	<start value='2015-04-30.10:54:43'/>
	<end value='2015-04-30.10:55:05'/>
	<frames value='23841'/>
	<gameDuration value='1490'/>

	<player>
		<unitScore value='14675'/>
		<killScore value='20415'/>
		<buildingScore value='3375'/>
		<razingScore value='4560'/>
		<mineralScore value='19610'/>
		<gasScore value='2016'/>
		<totalScore value='64651'/>
	</player>

	<enemy>
		<race value='Zerg'/>
		<unitScore value='9150'/>
		<unitScore value='9150'/>
		<killScore value='13200'/>
		<buildingScore value='1520'/>
		<razingScore value='0'/>
		<mineralScore value='8362'/>
		<gasScore value='2184'/>
		<totalScore value='34416'/>
	</enemy>

	<scoreRatio value='1.87852'/>
	<timeFitness value='0.793056'/>
	<unitsAverage value='77'/>
</results>
