<results>
	<result value='loss'/>
	<start value='2015-07-16.10:20:17'/>
	<end value='2015-07-16.10:20:27'/>
	<frames value='16866'/>
	<gameDuration value='1054'/>

	<player>
		<unitScore value='3300'/>
		<killScore value='0'/>
		<buildingScore value='2500'/>
		<razingScore value='0'/>
		<mineralScore value='7882'/>
		<gasScore value='0'/>
		<totalScore value='13682'/>
	</player>

	<enemy>
		<race value='Terran'/>
		<unitScore value='6250'/>
		<killScore value='6600'/>
		<buildingScore value='2675'/>
		<razingScore value='7500'/>
		<mineralScore value='7714'/>
		<gasScore value='2648'/>
		<totalScore value='33387'/>
	</enemy>

	<scoreRatio value='0.4098'/>
	<timeFitness value='0.146389'/>
	<unitsAverage value='25'/>
</results>
