<results>
	<result value='win'/>
	<start value='2015-04-16.22:33:03'/>
	<end value='2015-04-16.22:33:29'/>
	<frames value='22074'/>
	<gameDuration value='1379'/>

	<player>
		<unitScore value='8925'/>
		<killScore value='9800'/>
		<buildingScore value='1850'/>
		<razingScore value='8925'/>
		<mineralScore value='10350'/>
		<gasScore value='1744'/>
		<totalScore value='41594'/>
	</player>

	<enemy>
		<race value='Protoss'/>
		<unitScore value='4900'/>
		<unitScore value='4900'/>
		<killScore value='6200'/>
		<buildingScore value='2975'/>
		<razingScore value='150'/>
		<mineralScore value='9482'/>
		<gasScore value='2216'/>
		<totalScore value='25923'/>
	</enemy>

	<scoreRatio value='1.60452'/>
</results>
