<results>
	<result value='loss'/>
	<start value='2015-05-02.18:29:51'/>
	<end value='2015-05-02.18:30:02'/>
	<frames value='26910'/>
	<gameDuration value='1681'/>

	<player>
		<unitScore value='2700'/>
		<killScore value='2400'/>
		<buildingScore value='1150'/>
		<razingScore value='0'/>
		<mineralScore value='3930'/>
		<gasScore value='416'/>
		<totalScore value='10596'/>
	</player>

	<enemy>
		<race value='Protoss'/>
		<unitScore value='11250'/>
		<unitScore value='11250'/>
		<killScore value='5400'/>
		<buildingScore value='6875'/>
		<razingScore value='3450'/>
		<mineralScore value='16530'/>
		<gasScore value='5864'/>
		<totalScore value='49369'/>
	</enemy>

	<scoreRatio value='0.214629'/>
	<timeFitness value='0.233472'/>
	<unitsAverage value='16'/>
</results>
