<results>
	<result value='win'/>
	<start value='2015-05-02.22:02:17'/>
	<end value='2015-05-02.22:02:27'/>
	<frames value='14634'/>
	<gameDuration value='914'/>

	<player>
		<unitScore value='4275'/>
		<killScore value='1610'/>
		<buildingScore value='1650'/>
		<razingScore value='2340'/>
		<mineralScore value='7058'/>
		<gasScore value='1160'/>
		<totalScore value='18093'/>
	</player>

	<enemy>
		<race value='Zerg'/>
		<unitScore value='1250'/>
		<unitScore value='1250'/>
		<killScore value='700'/>
		<buildingScore value='780'/>
		<razingScore value='0'/>
		<mineralScore value='3562'/>
		<gasScore value='352'/>
		<totalScore value='6644'/>
	</enemy>

	<scoreRatio value='2.72321'/>
	<timeFitness value='0.873056'/>
	<unitsAverage value='38'/>
</results>
