<results>
	<result value='win'/>
	<start value='2015-05-02.22:16:45'/>
	<end value='2015-05-02.22:17:16'/>
	<frames value='27003'/>
	<gameDuration value='1687'/>

	<player>
		<unitScore value='16175'/>
		<killScore value='21550'/>
		<buildingScore value='3900'/>
		<razingScore value='6300'/>
		<mineralScore value='21082'/>
		<gasScore value='2240'/>
		<totalScore value='71247'/>
	</player>

	<enemy>
		<race value='Zerg'/>
		<unitScore value='10200'/>
		<unitScore value='10200'/>
		<killScore value='13850'/>
		<buildingScore value='2100'/>
		<razingScore value='0'/>
		<mineralScore value='10050'/>
		<gasScore value='2928'/>
		<totalScore value='39128'/>
	</enemy>

	<scoreRatio value='1.82087'/>
	<timeFitness value='0.765694'/>
	<unitsAverage value='84'/>
</results>
