<results>
	<result value='win'/>
	<start value='2015-05-09.05:45:33'/>
	<end value='2015-05-09.05:46:01'/>
	<frames value='36117'/>
	<gameDuration value='2257'/>

	<player>
		<unitScore value='15875'/>
		<killScore value='24950'/>
		<buildingScore value='3150'/>
		<razingScore value='7650'/>
		<mineralScore value='18314'/>
		<gasScore value='4576'/>
		<totalScore value='74515'/>
	</player>

	<enemy>
		<race value='Terran'/>
		<unitScore value='12775'/>
		<unitScore value='12775'/>
		<killScore value='20450'/>
		<buildingScore value='2550'/>
		<razingScore value='2700'/>
		<mineralScore value='12050'/>
		<gasScore value='5272'/>
		<totalScore value='55797'/>
	</enemy>

	<scoreRatio value='1.33547'/>
	<timeFitness value='0.686528'/>
	<unitsAverage value='65'/>
</results>
