<results>
	<result value='loss'/>
	<start value='2015-05-09.05:49:49'/>
	<end value='2015-05-09.05:50:00'/>
	<frames value='19842'/>
	<gameDuration value='1240'/>

	<player>
		<unitScore value='3400'/>
		<killScore value='2550'/>
		<buildingScore value='1950'/>
		<razingScore value='0'/>
		<mineralScore value='5394'/>
		<gasScore value='992'/>
		<totalScore value='14286'/>
	</player>

	<enemy>
		<race value='Terran'/>
		<unitScore value='7575'/>
		<unitScore value='7575'/>
		<killScore value='6800'/>
		<buildingScore value='2850'/>
		<razingScore value='5850'/>
		<mineralScore value='9418'/>
		<gasScore value='3488'/>
		<totalScore value='35981'/>
	</enemy>

	<scoreRatio value='0.397043'/>
	<timeFitness value='0.172222'/>
	<unitsAverage value='26'/>
</results>
