<results>
	<result value='loss'/>
	<start value='2015-05-08.00:54:01'/>
	<end value='2015-05-08.00:54:20'/>
	<frames value='19935'/>
	<gameDuration value='1245'/>

	<player>
		<unitScore value='4500'/>
		<killScore value='2150'/>
		<buildingScore value='2450'/>
		<razingScore value='0'/>
		<mineralScore value='6802'/>
		<gasScore value='664'/>
		<totalScore value='16566'/>
	</player>

	<enemy>
		<race value='Terran'/>
		<unitScore value='7650'/>
		<unitScore value='7650'/>
		<killScore value='9000'/>
		<buildingScore value='2900'/>
		<razingScore value='7350'/>
		<mineralScore value='9370'/>
		<gasScore value='3192'/>
		<totalScore value='39462'/>
	</enemy>

	<scoreRatio value='0.419796'/>
	<timeFitness value='0.172917'/>
	<unitsAverage value='33'/>
</results>
