<results>
	<result value='loss'/>
	<start value='2015-05-08.00:53:15'/>
	<end value='2015-05-08.00:53:57'/>
	<frames value='31529'/>
	<gameDuration value='1970'/>

	<player>
		<unitScore value='13375'/>
		<killScore value='3250'/>
		<buildingScore value='3425'/>
		<razingScore value='0'/>
		<mineralScore value='16230'/>
		<gasScore value='1184'/>
		<totalScore value='37464'/>
	</player>

	<enemy>
		<race value='Terran'/>
		<unitScore value='16700'/>
		<unitScore value='16700'/>
		<killScore value='26750'/>
		<buildingScore value='4825'/>
		<razingScore value='10725'/>
		<mineralScore value='16106'/>
		<gasScore value='8986'/>
		<totalScore value='84092'/>
	</enemy>

	<scoreRatio value='0.445512'/>
	<timeFitness value='0.273611'/>
	<unitsAverage value='54'/>
</results>
