<results>
	<result value='loss'/>
	<start value='2015-05-08.01:17:59'/>
	<end value='2015-05-08.01:18:18'/>
	<frames value='20214'/>
	<gameDuration value='1263'/>

	<player>
		<unitScore value='6500'/>
		<killScore value='2000'/>
		<buildingScore value='2175'/>
		<razingScore value='0'/>
		<mineralScore value='9650'/>
		<gasScore value='8'/>
		<totalScore value='20333'/>
	</player>

	<enemy>
		<race value='Terran'/>
		<unitScore value='7350'/>
		<unitScore value='7350'/>
		<killScore value='13000'/>
		<buildingScore value='2825'/>
		<razingScore value='6525'/>
		<mineralScore value='9466'/>
		<gasScore value='3536'/>
		<totalScore value='42702'/>
	</enemy>

	<scoreRatio value='0.47616'/>
	<timeFitness value='0.175417'/>
	<unitsAverage value='33'/>
</results>
