<results>
	<result value='draw'/>
	<start value='2015-07-11.20:46:53'/>
	<end value='2015-07-11.20:49:09'/>
	<frames value='57601'/>
	<gameDuration value='3600'/>

	<player>
		<unitScore value='52625'/>
		<killScore value='37750'/>
		<buildingScore value='3900'/>
		<razingScore value='375'/>
		<mineralScore value='39058'/>
		<gasScore value='11000'/>
		<totalScore value='144708'/>
	</player>

	<enemy>
		<race value='Terran'/>
		<unitScore value='24900'/>
		<killScore value='89850'/>
		<buildingScore value='3225'/>
		<razingScore value='525'/>
		<mineralScore value='23858'/>
		<gasScore value='6588'/>
		<totalScore value='148946'/>
	</enemy>

	<scoreRatio value='0.971547'/>
	<timeFitness value='0.5'/>
	<unitsAverage value='140'/>
</results>
