<results>
	<result value='loss'/>
	<start value='2015-07-18.00:20:15'/>
	<end value='2015-07-18.00:20:39'/>
	<frames value='27096'/>
	<gameDuration value='1693'/>

	<player>
		<unitScore value='11575'/>
		<killScore value='5900'/>
		<buildingScore value='2150'/>
		<razingScore value='0'/>
		<mineralScore value='10794'/>
		<gasScore value='2184'/>
		<totalScore value='32603'/>
	</player>

	<enemy>
		<race value='Terran'/>
		<unitScore value='10775'/>
		<killScore value='18850'/>
		<buildingScore value='4075'/>
		<razingScore value='6450'/>
		<mineralScore value='13726'/>
		<gasScore value='5576'/>
		<totalScore value='59452'/>
	</enemy>

	<scoreRatio value='0.548392'/>
	<timeFitness value='0.235139'/>
	<unitsAverage value='46'/>
</results>
