<results>
	<result value='win'/>
	<start value='2015-05-08.20:11:30'/>
	<end value='2015-05-08.20:12:16'/>
	<frames value='47525'/>
	<gameDuration value='2970'/>

	<player>
		<unitScore value='23275'/>
		<killScore value='39850'/>
		<buildingScore value='4775'/>
		<razingScore value='13650'/>
		<mineralScore value='39862'/>
		<gasScore value='7272'/>
		<totalScore value='128684'/>
	</player>

	<enemy>
		<race value='Terran'/>
		<unitScore value='24900'/>
		<unitScore value='24900'/>
		<killScore value='23950'/>
		<buildingScore value='4550'/>
		<razingScore value='4425'/>
		<mineralScore value='18950'/>
		<gasScore value='10232'/>
		<totalScore value='87007'/>
	</enemy>

	<scoreRatio value='1.47901'/>
	<timeFitness value='0.5875'/>
	<unitsAverage value='103'/>
</results>
