<results>
	<result value='win'/>
	<start value='2015-05-08.20:20:06'/>
	<end value='2015-05-08.20:20:44'/>
	<frames value='36520'/>
	<gameDuration value='2282'/>

	<player>
		<unitScore value='20875'/>
		<killScore value='27550'/>
		<buildingScore value='4925'/>
		<razingScore value='11325'/>
		<mineralScore value='37110'/>
		<gasScore value='4654'/>
		<totalScore value='106439'/>
	</player>

	<enemy>
		<race value='Terran'/>
		<unitScore value='14375'/>
		<unitScore value='14375'/>
		<killScore value='18600'/>
		<buildingScore value='3850'/>
		<razingScore value='3225'/>
		<mineralScore value='12950'/>
		<gasScore value='5472'/>
		<totalScore value='58472'/>
	</enemy>

	<scoreRatio value='1.82034'/>
	<timeFitness value='0.683056'/>
	<unitsAverage value='108'/>
</results>
