<results>
	<result value='loss'/>
	<start value='2015-07-19.07:15:49'/>
	<end value='2015-07-19.07:16:07'/>
	<frames value='21516'/>
	<gameDuration value='1344'/>

	<player>
		<unitScore value='5700'/>
		<killScore value='450'/>
		<buildingScore value='3250'/>
		<razingScore value='0'/>
		<mineralScore value='13690'/>
		<gasScore value='24'/>
		<totalScore value='23114'/>
	</player>

	<enemy>
		<race value='Zerg'/>
		<unitScore value='7600'/>
		<killScore value='11400'/>
		<buildingScore value='2010'/>
		<razingScore value='9750'/>
		<mineralScore value='8506'/>
		<gasScore value='2592'/>
		<totalScore value='41858'/>
	</enemy>

	<scoreRatio value='0.5522'/>
	<timeFitness value='0.186667'/>
	<unitsAverage value='36'/>
</results>
