<results>
	<result value='loss'/>
	<start value='2015-07-19.07:16:16'/>
	<end value='2015-07-19.07:17:06'/>
	<frames value='39837'/>
	<gameDuration value='2489'/>

	<player>
		<unitScore value='20025'/>
		<killScore value='24085'/>
		<buildingScore value='4300'/>
		<razingScore value='1020'/>
		<mineralScore value='39214'/>
		<gasScore value='4344'/>
		<totalScore value='92988'/>
	</player>

	<enemy>
		<race value='Zerg'/>
		<unitScore value='19525'/>
		<killScore value='40050'/>
		<buildingScore value='3515'/>
		<razingScore value='12900'/>
		<mineralScore value='19602'/>
		<gasScore value='5454'/>
		<totalScore value='101046'/>
	</enemy>

	<scoreRatio value='0.920254'/>
	<timeFitness value='0.345694'/>
	<unitsAverage value='82'/>
</results>
