<results>
	<result value='loss'/>
	<start value='2015-07-19.07:22:44'/>
	<end value='2015-07-19.07:23:12'/>
	<frames value='26290'/>
	<gameDuration value='1643'/>

	<player>
		<unitScore value='13200'/>
		<killScore value='8050'/>
		<buildingScore value='2775'/>
		<razingScore value='0'/>
		<mineralScore value='26010'/>
		<gasScore value='2024'/>
		<totalScore value='52059'/>
	</player>

	<enemy>
		<race value='Zerg'/>
		<unitScore value='12925'/>
		<killScore value='26300'/>
		<buildingScore value='3045'/>
		<razingScore value='8325'/>
		<mineralScore value='15038'/>
		<gasScore value='4032'/>
		<totalScore value='69665'/>
	</enemy>

	<scoreRatio value='0.747276'/>
	<timeFitness value='0.228194'/>
	<unitsAverage value='63'/>
</results>
