<results>
	<result value='win'/>
	<start value='2015-05-03.05:16:06'/>
	<end value='2015-05-03.05:16:35'/>
	<frames value='24616'/>
	<gameDuration value='1538'/>

	<player>
		<unitScore value='16050'/>
		<killScore value='15000'/>
		<buildingScore value='4025'/>
		<razingScore value='4500'/>
		<mineralScore value='28610'/>
		<gasScore value='2136'/>
		<totalScore value='70321'/>
	</player>

	<enemy>
		<race value='Terran'/>
		<unitScore value='7500'/>
		<unitScore value='7500'/>
		<killScore value='12200'/>
		<buildingScore value='1500'/>
		<razingScore value='0'/>
		<mineralScore value='11794'/>
		<gasScore value='2040'/>
		<totalScore value='35034'/>
	</enemy>

	<scoreRatio value='2.00722'/>
	<timeFitness value='0.786389'/>
	<unitsAverage value='98'/>
</results>
