<results>
	<result value='win'/>
	<start value='2015-05-03.05:29:11'/>
	<end value='2015-05-03.05:29:36'/>
	<frames value='27034'/>
	<gameDuration value='1689'/>

	<player>
		<unitScore value='13550'/>
		<killScore value='22100'/>
		<buildingScore value='4275'/>
		<razingScore value='7425'/>
		<mineralScore value='20474'/>
		<gasScore value='2480'/>
		<totalScore value='70304'/>
	</player>

	<enemy>
		<race value='Terran'/>
		<unitScore value='11050'/>
		<unitScore value='11050'/>
		<killScore value='10550'/>
		<buildingScore value='2650'/>
		<razingScore value='1575'/>
		<mineralScore value='11546'/>
		<gasScore value='4136'/>
		<totalScore value='41507'/>
	</enemy>

	<scoreRatio value='1.69379'/>
	<timeFitness value='0.765417'/>
	<unitsAverage value='69'/>
</results>
