<results>
	<result value='draw'/>
	<start value='2015-03-28.16:22:16'/>
	<end value='2015-03-28.16:23:30'/>
	<frames value='57601'/>
	<gameDuration value='3600'/>

	<player>
		<unitScore value='22000'/>
		<killScore value='39500'/>
		<buildingScore value='2525'/>
		<razingScore value='20025'/>
		<mineralScore value='24458'/>
		<gasScore value='5530'/>
		<totalScore value='114038'/>
	</player>

	<enemy>
		<race value='Protoss'/>
		<unitScore value='23025'/>
		<unitScore value='23025'/>
		<killScore value='37950'/>
		<buildingScore value='8025'/>
		<razingScore value='0'/>
		<mineralScore value='24198'/>
		<gasScore value='7344'/>
		<totalScore value='100542'/>
	</enemy>

	<scoreRatio value='1.13423'/>
</results>
