<results>
	<result value='loss'/>
	<start value='2015-07-09.00:33:06'/>
	<end value='2015-07-09.00:33:30'/>
	<frames value='21981'/>
	<gameDuration value='1373'/>

	<player>
		<unitScore value='9350'/>
		<killScore value='6050'/>
		<buildingScore value='2225'/>
		<razingScore value='1575'/>
		<mineralScore value='8930'/>
		<gasScore value='1608'/>
		<totalScore value='29738'/>
	</player>

	<enemy>
		<race value='Terran'/>
		<unitScore value='7125'/>
		<killScore value='17600'/>
		<buildingScore value='2825'/>
		<razingScore value='6675'/>
		<mineralScore value='9322'/>
		<gasScore value='3576'/>
		<totalScore value='47123'/>
	</enemy>

	<scoreRatio value='0.631072'/>
	<timeFitness value='0.190694'/>
	<unitsAverage value='32'/>
</results>
