<results>
	<result value='loss'/>
	<start value='2015-04-14.02:14:37'/>
	<end value='2015-04-14.02:16:31'/>
	<frames value='54252'/>
	<gameDuration value='3390'/>

	<player>
		<unitScore value='30575'/>
		<killScore value='45150'/>
		<buildingScore value='3950'/>
		<razingScore value='4575'/>
		<mineralScore value='32894'/>
		<gasScore value='3584'/>
		<totalScore value='120728'/>
	</player>

	<enemy>
		<race value='Protoss'/>
		<unitScore value='31025'/>
		<unitScore value='31025'/>
		<killScore value='61350'/>
		<buildingScore value='7775'/>
		<razingScore value='11850'/>
		<mineralScore value='29578'/>
		<gasScore value='10866'/>
		<totalScore value='152444'/>
	</enemy>

	<scoreRatio value='0.79195'/>
</results>
