<results>
	<result value='loss'/>
	<start value='2015-05-10.07:51:17'/>
	<end value='2015-05-10.07:52:12'/>
	<frames value='49447'/>
	<gameDuration value='3090'/>

	<player>
		<unitScore value='19650'/>
		<killScore value='24850'/>
		<buildingScore value='2575'/>
		<razingScore value='7500'/>
		<mineralScore value='22050'/>
		<gasScore value='3152'/>
		<totalScore value='79777'/>
	</player>

	<enemy>
		<race value='Protoss'/>
		<unitScore value='18075'/>
		<unitScore value='18075'/>
		<killScore value='39400'/>
		<buildingScore value='8900'/>
		<razingScore value='7725'/>
		<mineralScore value='27322'/>
		<gasScore value='8186'/>
		<totalScore value='109608'/>
	</enemy>

	<scoreRatio value='0.727839'/>
	<timeFitness value='0.429167'/>
	<unitsAverage value='65'/>
</results>
