<results>
	<result value='draw'/>
	<start value='2015-05-10.08:15:14'/>
	<end value='2015-05-10.08:16:44'/>
	<frames value='57601'/>
	<gameDuration value='3600'/>

	<player>
		<unitScore value='32825'/>
		<killScore value='43600'/>
		<buildingScore value='3175'/>
		<razingScore value='21225'/>
		<mineralScore value='34098'/>
		<gasScore value='7564'/>
		<totalScore value='142487'/>
	</player>

	<enemy>
		<race value='Protoss'/>
		<unitScore value='24325'/>
		<unitScore value='24325'/>
		<killScore value='52750'/>
		<buildingScore value='7525'/>
		<razingScore value='450'/>
		<mineralScore value='27458'/>
		<gasScore value='7612'/>
		<totalScore value='120120'/>
	</enemy>

	<scoreRatio value='1.18621'/>
	<timeFitness value='0.5'/>
	<unitsAverage value='111'/>
</results>
