<results>
	<result value='win'/>
	<start value='2015-04-29.13:26:36'/>
	<end value='2015-04-29.13:27:01'/>
	<frames value='22136'/>
	<gameDuration value='1383'/>

	<player>
		<unitScore value='13500'/>
		<killScore value='24795'/>
		<buildingScore value='2975'/>
		<razingScore value='3660'/>
		<mineralScore value='16766'/>
		<gasScore value='1896'/>
		<totalScore value='63592'/>
	</player>

	<enemy>
		<race value='Zerg'/>
		<unitScore value='10450'/>
		<unitScore value='10450'/>
		<killScore value='11650'/>
		<buildingScore value='1220'/>
		<razingScore value='0'/>
		<mineralScore value='8706'/>
		<gasScore value='2304'/>
		<totalScore value='34330'/>
	</enemy>

	<scoreRatio value='1.85237'/>
</results>
