<results>
	<result value='win'/>
	<start value='2014-07-01.04:39:31'/>
	<end value='2014-07-01.04:40:15'/>
	<frames value='40581'/>
	<gameDuration value='2536'/>

	<player>
		<unitScore value='24875'/>
		<killScore value='33850'/>
		<buildingScore value='4650'/>
		<razingScore value='20625'/>
		<mineralScore value='32962'/>
		<gasScore value='3440'/>
		<totalScore value='120402'/>
	</player>

	<enemy>
		<race value='Protoss'/>
		<unitScore value='17850'/>
		<unitScore value='17850'/>
		<killScore value='26750'/>
		<buildingScore value='6875'/>
		<razingScore value='1350'/>
		<mineralScore value='20522'/>
		<gasScore value='6088'/>
		<totalScore value='79435'/>
	</enemy>

	<scoreRatio value='1.51573'/>
</results>
