<results>
	<result value='win'/>
	<start value='2015-04-29.13:09:32'/>
	<end value='2015-04-29.13:10:01'/>
	<frames value='34412'/>
	<gameDuration value='2150'/>

	<player>
		<unitScore value='18300'/>
		<killScore value='25250'/>
		<buildingScore value='2925'/>
		<razingScore value='8250'/>
		<mineralScore value='22810'/>
		<gasScore value='0'/>
		<totalScore value='77535'/>
	</player>

	<enemy>
		<race value='Terran'/>
		<unitScore value='12625'/>
		<unitScore value='12625'/>
		<killScore value='25000'/>
		<buildingScore value='2750'/>
		<razingScore value='1875'/>
		<mineralScore value='14638'/>
		<gasScore value='4232'/>
		<totalScore value='61120'/>
	</enemy>

	<scoreRatio value='1.26857'/>
	<timeFitness value='0.701389'/>
	<unitsAverage value='73'/>
</results>
