<results>
	<result value='win'/>
	<start value='2015-04-29.13:12:17'/>
	<end value='2015-04-29.13:13:18'/>
	<frames value='37047'/>
	<gameDuration value='2315'/>

	<player>
		<unitScore value='20125'/>
		<killScore value='27450'/>
		<buildingScore value='5175'/>
		<razingScore value='9375'/>
		<mineralScore value='34438'/>
		<gasScore value='4328'/>
		<totalScore value='100891'/>
	</player>

	<enemy>
		<race value='Terran'/>
		<unitScore value='13725'/>
		<unitScore value='13725'/>
		<killScore value='13800'/>
		<buildingScore value='3200'/>
		<razingScore value='600'/>
		<mineralScore value='12530'/>
		<gasScore value='5404'/>
		<totalScore value='49259'/>
	</enemy>

	<scoreRatio value='2.04817'/>
	<timeFitness value='0.678472'/>
	<unitsAverage value='122'/>
</results>
