<results>
	<result value='loss'/>
	<start value='2015-04-29.13:23:45'/>
	<end value='2015-04-29.13:23:55'/>
	<frames value='18137'/>
	<gameDuration value='1133'/>

	<player>
		<unitScore value='2375'/>
		<killScore value='2150'/>
		<buildingScore value='1100'/>
		<razingScore value='0'/>
		<mineralScore value='4074'/>
		<gasScore value='552'/>
		<totalScore value='10251'/>
	</player>

	<enemy>
		<race value='Terran'/>
		<unitScore value='6450'/>
		<unitScore value='6450'/>
		<killScore value='4750'/>
		<buildingScore value='2850'/>
		<razingScore value='3300'/>
		<mineralScore value='8306'/>
		<gasScore value='2712'/>
		<totalScore value='28368'/>
	</enemy>

	<scoreRatio value='0.361358'/>
	<timeFitness value='0.157361'/>
	<unitsAverage value='20'/>
</results>
