<results>
	<result value='loss'/>
	<start value='2015-05-01.16:05:38'/>
	<end value='2015-05-01.16:06:39'/>
	<frames value='48331'/>
	<gameDuration value='3020'/>

	<player>
		<unitScore value='19125'/>
		<killScore value='26400'/>
		<buildingScore value='2575'/>
		<razingScore value='2550'/>
		<mineralScore value='19534'/>
		<gasScore value='6628'/>
		<totalScore value='76812'/>
	</player>

	<enemy>
		<race value='Protoss'/>
		<unitScore value='32325'/>
		<unitScore value='32325'/>
		<killScore value='38250'/>
		<buildingScore value='8775'/>
		<razingScore value='7725'/>
		<mineralScore value='33698'/>
		<gasScore value='10514'/>
		<totalScore value='131287'/>
	</enemy>

	<scoreRatio value='0.585069'/>
	<timeFitness value='0.419444'/>
	<unitsAverage value='87'/>
</results>
