<results>
	<result value='loss'/>
	<start value='2015-05-01.16:06:43'/>
	<end value='2015-05-01.16:06:50'/>
	<frames value='13983'/>
	<gameDuration value='873'/>

	<player>
		<unitScore value='2800'/>
		<killScore value='1000'/>
		<buildingScore value='1125'/>
		<razingScore value='0'/>
		<mineralScore value='4082'/>
		<gasScore value='392'/>
		<totalScore value='9399'/>
	</player>

	<enemy>
		<race value='Protoss'/>
		<unitScore value='3550'/>
		<unitScore value='3550'/>
		<killScore value='5600'/>
		<buildingScore value='2225'/>
		<razingScore value='3375'/>
		<mineralScore value='7250'/>
		<gasScore value='1152'/>
		<totalScore value='23152'/>
	</enemy>

	<scoreRatio value='0.405969'/>
	<timeFitness value='0.12125'/>
	<unitsAverage value='21'/>
</results>
