<results>
	<result value='win'/>
	<start value='2015-04-30.23:07:45'/>
	<end value='2015-04-30.23:08:17'/>
	<frames value='24616'/>
	<gameDuration value='1538'/>

	<player>
		<unitScore value='14525'/>
		<killScore value='27450'/>
		<buildingScore value='3925'/>
		<razingScore value='3660'/>
		<mineralScore value='23690'/>
		<gasScore value='1600'/>
		<totalScore value='74850'/>
	</player>

	<enemy>
		<race value='Zerg'/>
		<unitScore value='11950'/>
		<unitScore value='11950'/>
		<killScore value='11400'/>
		<buildingScore value='1220'/>
		<razingScore value='0'/>
		<mineralScore value='10154'/>
		<gasScore value='3256'/>
		<totalScore value='37980'/>
	</enemy>

	<scoreRatio value='1.97077'/>
</results>
