<results>
	<result value='win'/>
	<start value='2015-04-30.23:19:47'/>
	<end value='2015-04-30.23:20:14'/>
	<frames value='23717'/>
	<gameDuration value='1482'/>

	<player>
		<unitScore value='11200'/>
		<killScore value='16240'/>
		<buildingScore value='3025'/>
		<razingScore value='5580'/>
		<mineralScore value='15170'/>
		<gasScore value='1464'/>
		<totalScore value='52679'/>
	</player>

	<enemy>
		<race value='Zerg'/>
		<unitScore value='7775'/>
		<unitScore value='7775'/>
		<killScore value='8500'/>
		<buildingScore value='1860'/>
		<razingScore value='0'/>
		<mineralScore value='8402'/>
		<gasScore value='2632'/>
		<totalScore value='29169'/>
	</enemy>

	<scoreRatio value='1.80599'/>
</results>
