<results>
	<result value='win'/>
	<start value='2015-04-26.07:11:40'/>
	<end value='2015-04-26.07:11:53'/>
	<frames value='19904'/>
	<gameDuration value='1244'/>

	<player>
		<unitScore value='9150'/>
		<killScore value='12200'/>
		<buildingScore value='2650'/>
		<razingScore value='5250'/>
		<mineralScore value='12482'/>
		<gasScore value='2232'/>
		<totalScore value='43964'/>
	</player>

	<enemy>
		<race value='Terran'/>
		<unitScore value='6100'/>
		<unitScore value='6100'/>
		<killScore value='8050'/>
		<buildingScore value='1750'/>
		<razingScore value='675'/>
		<mineralScore value='8322'/>
		<gasScore value='2440'/>
		<totalScore value='27337'/>
	</enemy>

	<scoreRatio value='1.60822'/>
</results>
