<results>
	<result value='win'/>
	<start value='2015-04-26.07:13:14'/>
	<end value='2015-04-26.07:13:50'/>
	<frames value='39713'/>
	<gameDuration value='2482'/>

	<player>
		<unitScore value='20525'/>
		<killScore value='25250'/>
		<buildingScore value='4750'/>
		<razingScore value='8100'/>
		<mineralScore value='36978'/>
		<gasScore value='4088'/>
		<totalScore value='99691'/>
	</player>

	<enemy>
		<race value='Terran'/>
		<unitScore value='12925'/>
		<unitScore value='12925'/>
		<killScore value='23900'/>
		<buildingScore value='2700'/>
		<razingScore value='3900'/>
		<mineralScore value='12058'/>
		<gasScore value='5462'/>
		<totalScore value='60945'/>
	</enemy>

	<scoreRatio value='1.63575'/>
</results>
