<results>
	<result value='loss'/>
	<start value='2015-04-26.07:29:02'/>
	<end value='2015-04-26.07:29:13'/>
	<frames value='20896'/>
	<gameDuration value='1306'/>

	<player>
		<unitScore value='5450'/>
		<killScore value='3700'/>
		<buildingScore value='2550'/>
		<razingScore value='0'/>
		<mineralScore value='8058'/>
		<gasScore value='1512'/>
		<totalScore value='21270'/>
	</player>

	<enemy>
		<race value='Terran'/>
		<unitScore value='8325'/>
		<unitScore value='8325'/>
		<killScore value='10900'/>
		<buildingScore value='2975'/>
		<razingScore value='7650'/>
		<mineralScore value='9898'/>
		<gasScore value='3720'/>
		<totalScore value='43468'/>
	</enemy>

	<scoreRatio value='0.489325'/>
</results>
