<results>
	<result value='win'/>
	<start value='2015-04-26.07:42:00'/>
	<end value='2015-04-26.07:42:41'/>
	<frames value='44673'/>
	<gameDuration value='2792'/>

	<player>
		<unitScore value='20175'/>
		<killScore value='38650'/>
		<buildingScore value='5225'/>
		<razingScore value='13950'/>
		<mineralScore value='29050'/>
		<gasScore value='4712'/>
		<totalScore value='111762'/>
	</player>

	<enemy>
		<race value='Terran'/>
		<unitScore value='22175'/>
		<unitScore value='22175'/>
		<killScore value='19700'/>
		<buildingScore value='4725'/>
		<razingScore value='3675'/>
		<mineralScore value='18642'/>
		<gasScore value='9840'/>
		<totalScore value='78757'/>
	</enemy>

	<scoreRatio value='1.41907'/>
</results>
