<results>
	<result value='win'/>
	<start value='2015-04-26.07:51:30'/>
	<end value='2015-04-26.07:52:01'/>
	<frames value='31126'/>
	<gameDuration value='1945'/>

	<player>
		<unitScore value='17625'/>
		<killScore value='26550'/>
		<buildingScore value='4925'/>
		<razingScore value='8925'/>
		<mineralScore value='28258'/>
		<gasScore value='3264'/>
		<totalScore value='89547'/>
	</player>

	<enemy>
		<race value='Terran'/>
		<unitScore value='13275'/>
		<unitScore value='13275'/>
		<killScore value='14550'/>
		<buildingScore value='2975'/>
		<razingScore value='2250'/>
		<mineralScore value='11910'/>
		<gasScore value='4728'/>
		<totalScore value='49688'/>
	</enemy>

	<scoreRatio value='1.80219'/>
</results>
