<results>
	<result value='win'/>
	<start value='2015-04-26.07:49:46'/>
	<end value='2015-04-26.07:50:18'/>
	<frames value='35900'/>
	<gameDuration value='2243'/>

	<player>
		<unitScore value='17900'/>
		<killScore value='35900'/>
		<buildingScore value='3700'/>
		<razingScore value='12300'/>
		<mineralScore value='23626'/>
		<gasScore value='3568'/>
		<totalScore value='96994'/>
	</player>

	<enemy>
		<race value='Terran'/>
		<unitScore value='20350'/>
		<unitScore value='20350'/>
		<killScore value='16300'/>
		<buildingScore value='4100'/>
		<razingScore value='675'/>
		<mineralScore value='16134'/>
		<gasScore value='8646'/>
		<totalScore value='66205'/>
	</enemy>

	<scoreRatio value='1.46506'/>
</results>
