<results>
	<result value='loss'/>
	<start value='2015-07-18.09:36:56'/>
	<end value='2015-07-18.09:38:50'/>
	<frames value='53353'/>
	<gameDuration value='3334'/>

	<player>
		<unitScore value='25575'/>
		<killScore value='19400'/>
		<buildingScore value='3550'/>
		<razingScore value='0'/>
		<mineralScore value='28434'/>
		<gasScore value='5564'/>
		<totalScore value='82523'/>
	</player>

	<enemy>
		<race value='Protoss'/>
		<unitScore value='38775'/>
		<killScore value='51150'/>
		<buildingScore value='8225'/>
		<razingScore value='10650'/>
		<mineralScore value='34610'/>
		<gasScore value='16060'/>
		<totalScore value='159470'/>
	</enemy>

	<scoreRatio value='0.517483'/>
	<timeFitness value='0.463056'/>
	<unitsAverage value='129'/>
</results>
