<results>
	<result value='loss'/>
	<start value='2015-07-18.09:38:59'/>
	<end value='2015-07-18.09:39:39'/>
	<frames value='41759'/>
	<gameDuration value='2609'/>

	<player>
		<unitScore value='15125'/>
		<killScore value='12100'/>
		<buildingScore value='3600'/>
		<razingScore value='0'/>
		<mineralScore value='20466'/>
		<gasScore value='2680'/>
		<totalScore value='53971'/>
	</player>

	<enemy>
		<race value='Protoss'/>
		<unitScore value='27450'/>
		<killScore value='30150'/>
		<buildingScore value='8425'/>
		<razingScore value='10800'/>
		<mineralScore value='28626'/>
		<gasScore value='11540'/>
		<totalScore value='116991'/>
	</enemy>

	<scoreRatio value='0.461326'/>
	<timeFitness value='0.362361'/>
	<unitsAverage value='61'/>
</results>
