<results>
	<result value='draw'/>
	<start value='2015-07-18.09:45:55'/>
	<end value='2015-07-18.09:48:18'/>
	<frames value='57601'/>
	<gameDuration value='3600'/>

	<player>
		<unitScore value='28175'/>
		<killScore value='9500'/>
		<buildingScore value='3100'/>
		<razingScore value='0'/>
		<mineralScore value='31510'/>
		<gasScore value='8628'/>
		<totalScore value='80913'/>
	</player>

	<enemy>
		<race value='Protoss'/>
		<unitScore value='31400'/>
		<killScore value='15600'/>
		<buildingScore value='6425'/>
		<razingScore value='450'/>
		<mineralScore value='31510'/>
		<gasScore value='12308'/>
		<totalScore value='97693'/>
	</enemy>

	<scoreRatio value='0.828237'/>
	<timeFitness value='0.5'/>
	<unitsAverage value='150'/>
</results>
