<results>
	<result value='loss'/>
	<start value='2015-07-18.09:51:54'/>
	<end value='2015-07-18.09:52:45'/>
	<frames value='45758'/>
	<gameDuration value='2859'/>

	<player>
		<unitScore value='16925'/>
		<killScore value='11100'/>
		<buildingScore value='2300'/>
		<razingScore value='0'/>
		<mineralScore value='18298'/>
		<gasScore value='4784'/>
		<totalScore value='53407'/>
	</player>

	<enemy>
		<race value='Protoss'/>
		<unitScore value='29020'/>
		<killScore value='33600'/>
		<buildingScore value='8775'/>
		<razingScore value='7050'/>
		<mineralScore value='29550'/>
		<gasScore value='11832'/>
		<totalScore value='119827'/>
	</enemy>

	<scoreRatio value='0.445701'/>
	<timeFitness value='0.397083'/>
	<unitsAverage value='70'/>
</results>
