<results>
	<result value='loss'/>
	<start value='2015-04-10.01:02:19'/>
	<end value='2015-04-10.01:02:59'/>
	<frames value='47587'/>
	<gameDuration value='2974'/>

	<player>
		<unitScore value='19650'/>
		<killScore value='31000'/>
		<buildingScore value='3000'/>
		<razingScore value='750'/>
		<mineralScore value='25246'/>
		<gasScore value='5448'/>
		<totalScore value='85094'/>
	</player>

	<enemy>
		<race value='Protoss'/>
		<unitScore value='34075'/>
		<unitScore value='34075'/>
		<killScore value='39300'/>
		<buildingScore value='6375'/>
		<razingScore value='9000'/>
		<mineralScore value='31026'/>
		<gasScore value='10794'/>
		<totalScore value='130570'/>
	</enemy>

	<scoreRatio value='0.651712'/>
</results>
