<results>
	<result value='win'/>
	<start value='2015-04-09.03:54:15'/>
	<end value='2015-04-09.03:55:06'/>
	<frames value='38163'/>
	<gameDuration value='2385'/>

	<player>
		<unitScore value='30375'/>
		<killScore value='34550'/>
		<buildingScore value='4000'/>
		<razingScore value='21300'/>
		<mineralScore value='33214'/>
		<gasScore value='5200'/>
		<totalScore value='128639'/>
	</player>

	<enemy>
		<race value='Protoss'/>
		<unitScore value='17850'/>
		<unitScore value='17850'/>
		<killScore value='37800'/>
		<buildingScore value='7100'/>
		<razingScore value='0'/>
		<mineralScore value='23306'/>
		<gasScore value='7008'/>
		<totalScore value='93064'/>
	</enemy>

	<scoreRatio value='1.38226'/>
</results>
