<results>
	<result value='win'/>
	<start value='2015-04-09.15:38:17'/>
	<end value='2015-04-09.15:39:01'/>
	<frames value='38101'/>
	<gameDuration value='2381'/>

	<player>
		<unitScore value='27200'/>
		<killScore value='26650'/>
		<buildingScore value='4200'/>
		<razingScore value='18375'/>
		<mineralScore value='35426'/>
		<gasScore value='2920'/>
		<totalScore value='114771'/>
	</player>

	<enemy>
		<race value='Protoss'/>
		<unitScore value='14600'/>
		<unitScore value='14600'/>
		<killScore value='31000'/>
		<buildingScore value='6125'/>
		<razingScore value='300'/>
		<mineralScore value='16538'/>
		<gasScore value='4912'/>
		<totalScore value='73475'/>
	</enemy>

	<scoreRatio value='1.56204'/>
</results>
