<results>
	<result value='loss'/>
	<start value='2015-05-10.02:32:11'/>
	<end value='2015-05-10.02:33:24'/>
	<frames value='48672'/>
	<gameDuration value='3042'/>

	<player>
		<unitScore value='25675'/>
		<killScore value='43650'/>
		<buildingScore value='2975'/>
		<razingScore value='2250'/>
		<mineralScore value='26142'/>
		<gasScore value='3992'/>
		<totalScore value='104684'/>
	</player>

	<enemy>
		<race value='Protoss'/>
		<unitScore value='40200'/>
		<unitScore value='40200'/>
		<killScore value='51550'/>
		<buildingScore value='7775'/>
		<razingScore value='8925'/>
		<mineralScore value='34234'/>
		<gasScore value='12304'/>
		<totalScore value='154988'/>
	</enemy>

	<scoreRatio value='0.675433'/>
	<timeFitness value='0.4225'/>
	<unitsAverage value='71'/>
</results>
