<results>
	<result value='draw'/>
	<start value='2015-05-10.02:50:20'/>
	<end value='2015-05-10.02:52:54'/>
	<frames value='57601'/>
	<gameDuration value='3600'/>

	<player>
		<unitScore value='33825'/>
		<killScore value='52950'/>
		<buildingScore value='3450'/>
		<razingScore value='3075'/>
		<mineralScore value='31514'/>
		<gasScore value='6386'/>
		<totalScore value='131200'/>
	</player>

	<enemy>
		<race value='Protoss'/>
		<unitScore value='38400'/>
		<unitScore value='38400'/>
		<killScore value='53100'/>
		<buildingScore value='7050'/>
		<razingScore value='150'/>
		<mineralScore value='31146'/>
		<gasScore value='12084'/>
		<totalScore value='141930'/>
	</enemy>

	<scoreRatio value='0.924399'/>
	<timeFitness value='0.5'/>
	<unitsAverage value='142'/>
</results>
