<results>
	<result value='loss'/>
	<start value='2015-05-22.05:32:06'/>
	<end value='2015-05-22.05:32:16'/>
	<frames value='18385'/>
	<gameDuration value='1149'/>

	<player>
		<unitScore value='3225'/>
		<killScore value='1400'/>
		<buildingScore value='1875'/>
		<razingScore value='0'/>
		<mineralScore value='5042'/>
		<gasScore value='696'/>
		<totalScore value='12238'/>
	</player>

	<enemy>
		<race value='Protoss'/>
		<unitScore value='4050'/>
		<killScore value='6450'/>
		<buildingScore value='4275'/>
		<razingScore value='5625'/>
		<mineralScore value='9858'/>
		<gasScore value='1968'/>
		<totalScore value='32226'/>
	</enemy>

	<scoreRatio value='0.379755'/>
	<timeFitness value='0.159583'/>
	<unitsAverage value='22'/>
</results>
