<results>
	<result value='draw'/>
	<start value='2015-04-07.15:17:09'/>
	<end value='2015-04-07.15:18:39'/>
	<frames value='57601'/>
	<gameDuration value='3600'/>

	<player>
		<unitScore value='29550'/>
		<killScore value='36150'/>
		<buildingScore value='4825'/>
		<razingScore value='16125'/>
		<mineralScore value='41050'/>
		<gasScore value='9032'/>
		<totalScore value='136732'/>
	</player>

	<enemy>
		<race value='Protoss'/>
		<unitScore value='20550'/>
		<unitScore value='20550'/>
		<killScore value='34700'/>
		<buildingScore value='6425'/>
		<razingScore value='1500'/>
		<mineralScore value='21978'/>
		<gasScore value='5830'/>
		<totalScore value='90983'/>
	</enemy>

	<scoreRatio value='1.50283'/>
</results>
