<results>
	<result value='loss'/>
	<start value='2015-07-21.13:17:40'/>
	<end value='2015-07-21.13:18:19'/>
	<frames value='31467'/>
	<gameDuration value='1966'/>

	<player>
		<unitScore value='16625'/>
		<killScore value='12275'/>
		<buildingScore value='4075'/>
		<razingScore value='0'/>
		<mineralScore value='26346'/>
		<gasScore value='2288'/>
		<totalScore value='61609'/>
	</player>

	<enemy>
		<race value='Zerg'/>
		<unitScore value='16150'/>
		<killScore value='30550'/>
		<buildingScore value='3445'/>
		<razingScore value='12225'/>
		<mineralScore value='20246'/>
		<gasScore value='5928'/>
		<totalScore value='88544'/>
	</enemy>

	<scoreRatio value='0.695801'/>
	<timeFitness value='0.273056'/>
	<unitsAverage value='73'/>
</results>
