<results>
	<result value='loss'/>
	<start value='2015-07-14.03:09:58'/>
	<end value='2015-07-14.03:10:43'/>
	<frames value='47773'/>
	<gameDuration value='2985'/>

	<player>
		<unitScore value='31500'/>
		<killScore value='24500'/>
		<buildingScore value='3475'/>
		<razingScore value='1800'/>
		<mineralScore value='31614'/>
		<gasScore value='3816'/>
		<totalScore value='96705'/>
	</player>

	<enemy>
		<race value='Protoss'/>
		<unitScore value='26450'/>
		<killScore value='63000'/>
		<buildingScore value='7675'/>
		<razingScore value='10425'/>
		<mineralScore value='28438'/>
		<gasScore value='9626'/>
		<totalScore value='145614'/>
	</enemy>

	<scoreRatio value='0.664119'/>
	<timeFitness value='0.414583'/>
	<unitsAverage value='73'/>
</results>
