<results>
	<result value='win'/>
	<start value='2015-07-14.03:13:39'/>
	<end value='2015-07-14.03:15:12'/>
	<frames value='49354'/>
	<gameDuration value='3084'/>

	<player>
		<unitScore value='36875'/>
		<killScore value='28150'/>
		<buildingScore value='5000'/>
		<razingScore value='12300'/>
		<mineralScore value='48542'/>
		<gasScore value='7048'/>
		<totalScore value='137915'/>
	</player>

	<enemy>
		<race value='Protoss'/>
		<unitScore value='15125'/>
		<killScore value='48100'/>
		<buildingScore value='4100'/>
		<razingScore value='1875'/>
		<mineralScore value='14258'/>
		<gasScore value='6986'/>
		<totalScore value='90444'/>
	</enemy>

	<scoreRatio value='1.52487'/>
	<timeFitness value='0.571667'/>
	<unitsAverage value='160'/>
</results>
