<results>
	<result value='draw'/>
	<start value='2015-03-30.08:23:47'/>
	<end value='2015-03-30.08:25:23'/>
	<frames value='57601'/>
	<gameDuration value='3600'/>

	<player>
		<unitScore value='34850'/>
		<killScore value='61650'/>
		<buildingScore value='3125'/>
		<razingScore value='11025'/>
		<mineralScore value='31978'/>
		<gasScore value='6472'/>
		<totalScore value='149100'/>
	</player>

	<enemy>
		<race value='Protoss'/>
		<unitScore value='35975'/>
		<unitScore value='35975'/>
		<killScore value='53800'/>
		<buildingScore value='6725'/>
		<razingScore value='300'/>
		<mineralScore value='31066'/>
		<gasScore value='11138'/>
		<totalScore value='139004'/>
	</enemy>

	<scoreRatio value='1.07263'/>
</results>
