<results>
	<result value='win'/>
	<start value='2014-07-24.01:12:30'/>
	<end value='2014-07-24.01:13:03'/>
	<frames value='30785'/>
	<gameDuration value='1924'/>

	<player>
		<unitScore value='18550'/>
		<killScore value='27350'/>
		<buildingScore value='4300'/>
		<razingScore value='8550'/>
		<mineralScore value='30410'/>
		<gasScore value='3160'/>
		<totalScore value='92320'/>
	</player>

	<enemy>
		<race value='Terran'/>
		<unitScore value='13675'/>
		<unitScore value='13675'/>
		<killScore value='13950'/>
		<buildingScore value='2850'/>
		<razingScore value='375'/>
		<mineralScore value='12050'/>
		<gasScore value='4960'/>
		<totalScore value='47860'/>
	</enemy>

	<scoreRatio value='1.92896'/>
</results>
