<results>
	<result value='loss'/>
	<start value='2015-07-12.17:14:21'/>
	<end value='2015-07-12.17:14:34'/>
	<frames value='22973'/>
	<gameDuration value='1435'/>

	<player>
		<unitScore value='10150'/>
		<killScore value='2600'/>
		<buildingScore value='2750'/>
		<razingScore value='0'/>
		<mineralScore value='11798'/>
		<gasScore value='1568'/>
		<totalScore value='28866'/>
	</player>

	<enemy>
		<race value='Terran'/>
		<unitScore value='9550'/>
		<killScore value='18750'/>
		<buildingScore value='3650'/>
		<razingScore value='8250'/>
		<mineralScore value='11226'/>
		<gasScore value='4800'/>
		<totalScore value='56226'/>
	</enemy>

	<scoreRatio value='0.513392'/>
	<timeFitness value='0.199306'/>
	<unitsAverage value='41'/>
</results>
