<results>
	<result value='draw'/>
	<start value='2015-07-12.17:34:32'/>
	<end value='2015-07-12.17:35:47'/>
	<frames value='57601'/>
	<gameDuration value='3600'/>

	<player>
		<unitScore value='54275'/>
		<killScore value='24500'/>
		<buildingScore value='4325'/>
		<razingScore value='150'/>
		<mineralScore value='43038'/>
		<gasScore value='8728'/>
		<totalScore value='135016'/>
	</player>

	<enemy>
		<race value='Terran'/>
		<unitScore value='26150'/>
		<killScore value='94400'/>
		<buildingScore value='4075'/>
		<razingScore value='2550'/>
		<mineralScore value='19542'/>
		<gasScore value='12304'/>
		<totalScore value='159021'/>
	</enemy>

	<scoreRatio value='0.849045'/>
	<timeFitness value='0.5'/>
	<unitsAverage value='120'/>
</results>
