<results>
	<result value='win'/>
	<start value='2015-07-13.23:50:48'/>
	<end value='2015-07-13.23:51:56'/>
	<frames value='34412'/>
	<gameDuration value='2150'/>

	<player>
		<unitScore value='22575'/>
		<killScore value='17300'/>
		<buildingScore value='4875'/>
		<razingScore value='10875'/>
		<mineralScore value='39142'/>
		<gasScore value='4472'/>
		<totalScore value='99239'/>
	</player>

	<enemy>
		<race value='Protoss'/>
		<unitScore value='8650'/>
		<killScore value='21400'/>
		<buildingScore value='3625'/>
		<razingScore value='0'/>
		<mineralScore value='12802'/>
		<gasScore value='4176'/>
		<totalScore value='50653'/>
	</enemy>

	<scoreRatio value='1.95919'/>
	<timeFitness value='0.701389'/>
	<unitsAverage value='110'/>
</results>
