<results>
	<result value='loss'/>
	<start value='2015-07-13.23:52:02'/>
	<end value='2015-07-13.23:52:12'/>
	<frames value='16463'/>
	<gameDuration value='1028'/>

	<player>
		<unitScore value='3500'/>
		<killScore value='1400'/>
		<buildingScore value='1650'/>
		<razingScore value='0'/>
		<mineralScore value='4666'/>
		<gasScore value='976'/>
		<totalScore value='12192'/>
	</player>

	<enemy>
		<race value='Protoss'/>
		<unitScore value='3600'/>
		<killScore value='7000'/>
		<buildingScore value='3925'/>
		<razingScore value='4950'/>
		<mineralScore value='8802'/>
		<gasScore value='1816'/>
		<totalScore value='30093'/>
	</enemy>

	<scoreRatio value='0.405144'/>
	<timeFitness value='0.142778'/>
	<unitsAverage value='20'/>
</results>
