<results>
	<result value='win'/>
	<start value='2014-07-07.19:50:57'/>
	<end value='2014-07-07.19:51:48'/>
	<frames value='36985'/>
	<gameDuration value='2311'/>

	<player>
		<unitScore value='29850'/>
		<killScore value='46390'/>
		<buildingScore value='4650'/>
		<razingScore value='6060'/>
		<mineralScore value='38390'/>
		<gasScore value='4536'/>
		<totalScore value='129876'/>
	</player>

	<enemy>
		<race value='Zerg'/>
		<unitScore value='19325'/>
		<unitScore value='19325'/>
		<killScore value='35200'/>
		<buildingScore value='2020'/>
		<razingScore value='0'/>
		<mineralScore value='15858'/>
		<gasScore value='4936'/>
		<totalScore value='77339'/>
	</enemy>

	<scoreRatio value='1.67931'/>
</results>
