<results>
	<result value='win'/>
	<start value='2014-07-07.19:53:09'/>
	<end value='2014-07-07.19:53:43'/>
	<frames value='30568'/>
	<gameDuration value='1910'/>

	<player>
		<unitScore value='22325'/>
		<killScore value='43595'/>
		<buildingScore value='3675'/>
		<razingScore value='6735'/>
		<mineralScore value='28070'/>
		<gasScore value='2568'/>
		<totalScore value='106968'/>
	</player>

	<enemy>
		<race value='Zerg'/>
		<unitScore value='19175'/>
		<unitScore value='19175'/>
		<killScore value='22200'/>
		<buildingScore value='2245'/>
		<razingScore value='0'/>
		<mineralScore value='16858'/>
		<gasScore value='5656'/>
		<totalScore value='66134'/>
	</enemy>

	<scoreRatio value='1.61744'/>
</results>
