<results>
	<result value='win'/>
	<start value='2014-07-07.19:55:09'/>
	<end value='2014-07-07.19:55:44'/>
	<frames value='41170'/>
	<gameDuration value='2573'/>

	<player>
		<unitScore value='19850'/>
		<killScore value='56280'/>
		<buildingScore value='3575'/>
		<razingScore value='12840'/>
		<mineralScore value='22454'/>
		<gasScore value='4744'/>
		<totalScore value='119743'/>
	</player>

	<enemy>
		<race value='Zerg'/>
		<unitScore value='25925'/>
		<unitScore value='25925'/>
		<killScore value='27400'/>
		<buildingScore value='4280'/>
		<razingScore value='3750'/>
		<mineralScore value='22050'/>
		<gasScore value='8506'/>
		<totalScore value='91911'/>
	</enemy>

	<scoreRatio value='1.30281'/>
</results>
