<results>
	<result value='win'/>
	<start value='2015-05-03.13:21:29'/>
	<end value='2015-05-03.13:22:32'/>
	<frames value='50501'/>
	<gameDuration value='3156'/>

	<player>
		<unitScore value='22075'/>
		<killScore value='28550'/>
		<buildingScore value='4600'/>
		<razingScore value='11700'/>
		<mineralScore value='31478'/>
		<gasScore value='4240'/>
		<totalScore value='102643'/>
	</player>

	<enemy>
		<race value='Terran'/>
		<unitScore value='18600'/>
		<unitScore value='18600'/>
		<killScore value='20100'/>
		<buildingScore value='3975'/>
		<razingScore value='5025'/>
		<mineralScore value='15530'/>
		<gasScore value='7844'/>
		<totalScore value='71074'/>
	</enemy>

	<scoreRatio value='1.44417'/>
	<timeFitness value='0.561667'/>
	<unitsAverage value='101'/>
</results>
