<results>
	<result value='win'/>
	<start value='2015-05-08.17:24:58'/>
	<end value='2015-05-08.17:25:16'/>
	<frames value='22353'/>
	<gameDuration value='1397'/>

	<player>
		<unitScore value='7350'/>
		<killScore value='13500'/>
		<buildingScore value='2900'/>
		<razingScore value='4650'/>
		<mineralScore value='11410'/>
		<gasScore value='2256'/>
		<totalScore value='42066'/>
	</player>

	<enemy>
		<race value='Terran'/>
		<unitScore value='6750'/>
		<unitScore value='6750'/>
		<killScore value='6800'/>
		<buildingScore value='1550'/>
		<razingScore value='3150'/>
		<mineralScore value='7690'/>
		<gasScore value='2224'/>
		<totalScore value='28164'/>
	</enemy>

	<scoreRatio value='1.49361'/>
	<timeFitness value='0.805972'/>
	<unitsAverage value='52'/>
</results>
