<results>
	<result value='loss'/>
	<start value='2015-05-04.02:43:05'/>
	<end value='2015-05-04.02:43:12'/>
	<frames value='16773'/>
	<gameDuration value='1048'/>

	<player>
		<unitScore value='3650'/>
		<killScore value='1600'/>
		<buildingScore value='1300'/>
		<razingScore value='0'/>
		<mineralScore value='5402'/>
		<gasScore value='784'/>
		<totalScore value='12736'/>
	</player>

	<enemy>
		<race value='Protoss'/>
		<unitScore value='3600'/>
		<unitScore value='3600'/>
		<killScore value='7100'/>
		<buildingScore value='4025'/>
		<razingScore value='3900'/>
		<mineralScore value='8730'/>
		<gasScore value='1632'/>
		<totalScore value='28987'/>
	</enemy>

	<scoreRatio value='0.439369'/>
	<timeFitness value='0.145556'/>
	<unitsAverage value='25'/>
</results>
