<results>
	<result value='win'/>
	<start value='2015-05-04.02:48:19'/>
	<end value='2015-05-04.02:48:50'/>
	<frames value='33203'/>
	<gameDuration value='2075'/>

	<player>
		<unitScore value='21050'/>
		<killScore value='21300'/>
		<buildingScore value='4300'/>
		<razingScore value='19800'/>
		<mineralScore value='26986'/>
		<gasScore value='3400'/>
		<totalScore value='96836'/>
	</player>

	<enemy>
		<race value='Protoss'/>
		<unitScore value='11500'/>
		<unitScore value='11500'/>
		<killScore value='18950'/>
		<buildingScore value='6600'/>
		<razingScore value='1200'/>
		<mineralScore value='19570'/>
		<gasScore value='4032'/>
		<totalScore value='61852'/>
	</enemy>

	<scoreRatio value='1.56561'/>
	<timeFitness value='0.711806'/>
	<unitsAverage value='99'/>
</results>
