<results>
	<result value='win'/>
	<start value='2015-05-04.02:49:06'/>
	<end value='2015-05-04.02:49:50'/>
	<frames value='53322'/>
	<gameDuration value='3332'/>

	<player>
		<unitScore value='32325'/>
		<killScore value='51000'/>
		<buildingScore value='3050'/>
		<razingScore value='20025'/>
		<mineralScore value='32990'/>
		<gasScore value='7208'/>
		<totalScore value='146598'/>
	</player>

	<enemy>
		<race value='Protoss'/>
		<unitScore value='28700'/>
		<unitScore value='28700'/>
		<killScore value='53550'/>
		<buildingScore value='6675'/>
		<razingScore value='0'/>
		<mineralScore value='25546'/>
		<gasScore value='10374'/>
		<totalScore value='124845'/>
	</enemy>

	<scoreRatio value='1.17424'/>
	<timeFitness value='0.537222'/>
	<unitsAverage value='101'/>
</results>
