<results>
	<result value='loss'/>
	<start value='2015-05-04.02:54:36'/>
	<end value='2015-05-04.02:54:42'/>
	<frames value='15409'/>
	<gameDuration value='963'/>

	<player>
		<unitScore value='2425'/>
		<killScore value='600'/>
		<buildingScore value='1575'/>
		<razingScore value='0'/>
		<mineralScore value='4138'/>
		<gasScore value='536'/>
		<totalScore value='9274'/>
	</player>

	<enemy>
		<race value='Protoss'/>
		<unitScore value='3550'/>
		<unitScore value='3550'/>
		<killScore value='4850'/>
		<buildingScore value='3125'/>
		<razingScore value='4725'/>
		<mineralScore value='8122'/>
		<gasScore value='1616'/>
		<totalScore value='25988'/>
	</enemy>

	<scoreRatio value='0.356857'/>
	<timeFitness value='0.13375'/>
	<unitsAverage value='18'/>
</results>
