<results>
	<result value='win'/>
	<start value='2015-04-30.10:30:00'/>
	<end value='2015-04-30.10:30:32'/>
	<frames value='22167'/>
	<gameDuration value='1385'/>

	<player>
		<unitScore value='12800'/>
		<killScore value='20070'/>
		<buildingScore value='3850'/>
		<razingScore value='4995'/>
		<mineralScore value='20854'/>
		<gasScore value='1400'/>
		<totalScore value='63969'/>
	</player>

	<enemy>
		<race value='Zerg'/>
		<unitScore value='9450'/>
		<unitScore value='9450'/>
		<killScore value='7300'/>
		<buildingScore value='1665'/>
		<razingScore value='0'/>
		<mineralScore value='9026'/>
		<gasScore value='2856'/>
		<totalScore value='30297'/>
	</enemy>

	<scoreRatio value='2.1114'/>
	<timeFitness value='0.807639'/>
	<unitsAverage value='82'/>
</results>
