<results>
	<result value='win'/>
	<start value='2015-04-30.10:44:19'/>
	<end value='2015-04-30.10:45:21'/>
	<frames value='31126'/>
	<gameDuration value='1945'/>

	<player>
		<unitScore value='22500'/>
		<killScore value='27905'/>
		<buildingScore value='4275'/>
		<razingScore value='7050'/>
		<mineralScore value='30486'/>
		<gasScore value='2008'/>
		<totalScore value='94224'/>
	</player>

	<enemy>
		<race value='Zerg'/>
		<unitScore value='13925'/>
		<unitScore value='13925'/>
		<killScore value='21550'/>
		<buildingScore value='2350'/>
		<razingScore value='0'/>
		<mineralScore value='12906'/>
		<gasScore value='4192'/>
		<totalScore value='54923'/>
	</enemy>

	<scoreRatio value='1.71557'/>
	<timeFitness value='0.729861'/>
	<unitsAverage value='113'/>
</results>
