<results>
	<result value='loss'/>
	<start value='2015-07-19.06:48:35'/>
	<end value='2015-07-19.06:49:15'/>
	<frames value='26662'/>
	<gameDuration value='1666'/>

	<player>
		<unitScore value='12700'/>
		<killScore value='9750'/>
		<buildingScore value='3875'/>
		<razingScore value='0'/>
		<mineralScore value='19878'/>
		<gasScore value='1400'/>
		<totalScore value='47603'/>
	</player>

	<enemy>
		<race value='Zerg'/>
		<unitScore value='14000'/>
		<killScore value='25400'/>
		<buildingScore value='3190'/>
		<razingScore value='11625'/>
		<mineralScore value='15622'/>
		<gasScore value='4496'/>
		<totalScore value='74333'/>
	</enemy>

	<scoreRatio value='0.640402'/>
	<timeFitness value='0.231389'/>
	<unitsAverage value='64'/>
</results>
