<results>
	<result value='draw'/>
	<start value='2015-04-10.19:18:38'/>
	<end value='2015-04-10.19:20:47'/>
	<frames value='57601'/>
	<gameDuration value='3600'/>

	<player>
		<unitScore value='32500'/>
		<killScore value='46800'/>
		<buildingScore value='3250'/>
		<razingScore value='18600'/>
		<mineralScore value='34194'/>
		<gasScore value='5308'/>
		<totalScore value='140652'/>
	</player>

	<enemy>
		<race value='Protoss'/>
		<unitScore value='24450'/>
		<unitScore value='24450'/>
		<killScore value='51650'/>
		<buildingScore value='6300'/>
		<razingScore value='150'/>
		<mineralScore value='22222'/>
		<gasScore value='8348'/>
		<totalScore value='113120'/>
	</enemy>

	<scoreRatio value='1.24339'/>
</results>
