<results>
	<result value='loss'/>
	<start value='2015-03-28.13:36:45'/>
	<end value='2015-03-28.13:36:52'/>
	<frames value='12123'/>
	<gameDuration value='757'/>

	<player>
		<unitScore value='2425'/>
		<killScore value='600'/>
		<buildingScore value='925'/>
		<razingScore value='0'/>
		<mineralScore value='4106'/>
		<gasScore value='504'/>
		<totalScore value='8560'/>
	</player>

	<enemy>
		<race value='Protoss'/>
		<unitScore value='3250'/>
		<unitScore value='3250'/>
		<killScore value='4600'/>
		<buildingScore value='1975'/>
		<razingScore value='2775'/>
		<mineralScore value='6090'/>
		<gasScore value='1088'/>
		<totalScore value='19778'/>
	</enemy>

	<scoreRatio value='0.432804'/>
</results>
