<results>
	<result value='win'/>
	<start value='2015-05-06.17:01:35'/>
	<end value='2015-05-06.17:02:18'/>
	<frames value='35652'/>
	<gameDuration value='2228'/>

	<player>
		<unitScore value='22450'/>
		<killScore value='28600'/>
		<buildingScore value='4200'/>
		<razingScore value='8550'/>
		<mineralScore value='30126'/>
		<gasScore value='3752'/>
		<totalScore value='97678'/>
	</player>

	<enemy>
		<race value='Terran'/>
		<unitScore value='15100'/>
		<unitScore value='15100'/>
		<killScore value='21000'/>
		<buildingScore value='2850'/>
		<razingScore value='1725'/>
		<mineralScore value='12606'/>
		<gasScore value='5422'/>
		<totalScore value='58703'/>
	</enemy>

	<scoreRatio value='1.66394'/>
	<timeFitness value='0.690556'/>
	<unitsAverage value='112'/>
</results>
