<results>
	<result value='loss'/>
	<start value='2015-05-06.17:08:33'/>
	<end value='2015-05-06.17:08:41'/>
	<frames value='15874'/>
	<gameDuration value='992'/>

	<player>
		<unitScore value='3625'/>
		<killScore value='600'/>
		<buildingScore value='1400'/>
		<razingScore value='0'/>
		<mineralScore value='4906'/>
		<gasScore value='704'/>
		<totalScore value='11235'/>
	</player>

	<enemy>
		<race value='Terran'/>
		<unitScore value='5100'/>
		<unitScore value='5100'/>
		<killScore value='7250'/>
		<buildingScore value='1800'/>
		<razingScore value='4200'/>
		<mineralScore value='7346'/>
		<gasScore value='2344'/>
		<totalScore value='28040'/>
	</enemy>

	<scoreRatio value='0.400678'/>
	<timeFitness value='0.137778'/>
	<unitsAverage value='22'/>
</results>
