<results>
	<result value='win'/>
	<start value='2015-05-06.17:18:01'/>
	<end value='2015-05-06.17:18:25'/>
	<frames value='28057'/>
	<gameDuration value='1753'/>

	<player>
		<unitScore value='14925'/>
		<killScore value='26150'/>
		<buildingScore value='3300'/>
		<razingScore value='9525'/>
		<mineralScore value='19514'/>
		<gasScore value='2352'/>
		<totalScore value='75766'/>
	</player>

	<enemy>
		<race value='Terran'/>
		<unitScore value='13075'/>
		<unitScore value='13075'/>
		<killScore value='13150'/>
		<buildingScore value='3175'/>
		<razingScore value='300'/>
		<mineralScore value='11850'/>
		<gasScore value='5224'/>
		<totalScore value='46774'/>
	</enemy>

	<scoreRatio value='1.61983'/>
	<timeFitness value='0.756528'/>
	<unitsAverage value='77'/>
</results>
