<results>
	<result value='loss'/>
	<start value='2015-05-06.17:29:15'/>
	<end value='2015-05-06.17:29:24'/>
	<frames value='17579'/>
	<gameDuration value='1098'/>

	<player>
		<unitScore value='2525'/>
		<killScore value='2250'/>
		<buildingScore value='1350'/>
		<razingScore value='0'/>
		<mineralScore value='3554'/>
		<gasScore value='448'/>
		<totalScore value='10127'/>
	</player>

	<enemy>
		<race value='Terran'/>
		<unitScore value='6100'/>
		<unitScore value='6100'/>
		<killScore value='5050'/>
		<buildingScore value='2650'/>
		<razingScore value='4050'/>
		<mineralScore value='7986'/>
		<gasScore value='2816'/>
		<totalScore value='28652'/>
	</enemy>

	<scoreRatio value='0.353448'/>
	<timeFitness value='0.1525'/>
	<unitsAverage value='19'/>
</results>
