<results>
	<result value='loss'/>
	<start value='2015-04-08.04:26:30'/>
	<end value='2015-04-08.04:27:28'/>
	<frames value='54686'/>
	<gameDuration value='3417'/>

	<player>
		<unitScore value='23750'/>
		<killScore value='37000'/>
		<buildingScore value='2525'/>
		<razingScore value='6300'/>
		<mineralScore value='24070'/>
		<gasScore value='5390'/>
		<totalScore value='99035'/>
	</player>

	<enemy>
		<race value='Protoss'/>
		<unitScore value='38525'/>
		<unitScore value='38525'/>
		<killScore value='47500'/>
		<buildingScore value='9675'/>
		<razingScore value='7575'/>
		<mineralScore value='36694'/>
		<gasScore value='12708'/>
		<totalScore value='152677'/>
	</enemy>

	<scoreRatio value='0.648657'/>
</results>
