<results>
	<result value='loss'/>
	<start value='2015-04-11.17:26:33'/>
	<end value='2015-04-11.17:27:28'/>
	<frames value='45355'/>
	<gameDuration value='2834'/>

	<player>
		<unitScore value='16750'/>
		<killScore value='24350'/>
		<buildingScore value='3150'/>
		<razingScore value='600'/>
		<mineralScore value='20158'/>
		<gasScore value='3128'/>
		<totalScore value='68136'/>
	</player>

	<enemy>
		<race value='Protoss'/>
		<unitScore value='30525'/>
		<unitScore value='30525'/>
		<killScore value='33250'/>
		<buildingScore value='8025'/>
		<razingScore value='9450'/>
		<mineralScore value='31790'/>
		<gasScore value='10588'/>
		<totalScore value='123628'/>
	</enemy>

	<scoreRatio value='0.551137'/>
</results>
