<results>
	<result value='loss'/>
	<start value='2015-04-11.17:27:53'/>
	<end value='2015-04-11.17:28:06'/>
	<frames value='15440'/>
	<gameDuration value='965'/>

	<player>
		<unitScore value='2700'/>
		<killScore value='1200'/>
		<buildingScore value='1425'/>
		<razingScore value='0'/>
		<mineralScore value='4410'/>
		<gasScore value='952'/>
		<totalScore value='10687'/>
	</player>

	<enemy>
		<race value='Protoss'/>
		<unitScore value='3550'/>
		<unitScore value='3550'/>
		<killScore value='4700'/>
		<buildingScore value='3025'/>
		<razingScore value='4275'/>
		<mineralScore value='8066'/>
		<gasScore value='1560'/>
		<totalScore value='25176'/>
	</enemy>

	<scoreRatio value='0.424492'/>
</results>
