<results>
	<result value='win'/>
	<start value='2015-05-08.23:42:35'/>
	<end value='2015-05-08.23:43:22'/>
	<frames value='54624'/>
	<gameDuration value='3414'/>

	<player>
		<unitScore value='21675'/>
		<killScore value='45150'/>
		<buildingScore value='3075'/>
		<razingScore value='15675'/>
		<mineralScore value='23214'/>
		<gasScore value='5760'/>
		<totalScore value='114549'/>
	</player>

	<enemy>
		<race value='Terran'/>
		<unitScore value='28025'/>
		<unitScore value='28025'/>
		<killScore value='31300'/>
		<buildingScore value='5225'/>
		<razingScore value='3075'/>
		<mineralScore value='23058'/>
		<gasScore value='11330'/>
		<totalScore value='102013'/>
	</enemy>

	<scoreRatio value='1.12289'/>
	<timeFitness value='0.525833'/>
	<unitsAverage value='70'/>
</results>
