<results>
	<result value='loss'/>
	<start value='2014-07-24.04:44:47'/>
	<end value='2014-07-24.04:44:55'/>
	<frames value='19129'/>
	<gameDuration value='1195'/>

	<player>
		<unitScore value='3775'/>
		<killScore value='1900'/>
		<buildingScore value='2025'/>
		<razingScore value='0'/>
		<mineralScore value='5618'/>
		<gasScore value='568'/>
		<totalScore value='13886'/>
	</player>

	<enemy>
		<race value='Terran'/>
		<unitScore value='7425'/>
		<unitScore value='7425'/>
		<killScore value='7550'/>
		<buildingScore value='2850'/>
		<razingScore value='6075'/>
		<mineralScore value='8946'/>
		<gasScore value='3336'/>
		<totalScore value='36182'/>
	</enemy>

	<scoreRatio value='0.383782'/>
</results>
