<results>
	<result value='loss'/>
	<start value='2015-04-27.07:14:20'/>
	<end value='2015-04-27.07:14:35'/>
	<frames value='22973'/>
	<gameDuration value='1435'/>

	<player>
		<unitScore value='5300'/>
		<killScore value='5550'/>
		<buildingScore value='1800'/>
		<razingScore value='0'/>
		<mineralScore value='7970'/>
		<gasScore value='1064'/>
		<totalScore value='21684'/>
	</player>

	<enemy>
		<race value='Terran'/>
		<unitScore value='9125'/>
		<unitScore value='9125'/>
		<killScore value='10600'/>
		<buildingScore value='3300'/>
		<razingScore value='5400'/>
		<mineralScore value='11322'/>
		<gasScore value='4600'/>
		<totalScore value='44347'/>
	</enemy>

	<scoreRatio value='0.488962'/>
</results>
