<results>
	<result value='win'/>
	<start value='2014-07-11.21:17:15'/>
	<end value='2014-07-11.21:17:38'/>
	<frames value='25949'/>
	<gameDuration value='1621'/>

	<player>
		<unitScore value='14775'/>
		<killScore value='19735'/>
		<buildingScore value='4025'/>
		<razingScore value='4680'/>
		<mineralScore value='27718'/>
		<gasScore value='2032'/>
		<totalScore value='72965'/>
	</player>

	<enemy>
		<race value='Zerg'/>
		<unitScore value='9075'/>
		<unitScore value='9075'/>
		<killScore value='8750'/>
		<buildingScore value='1560'/>
		<razingScore value='0'/>
		<mineralScore value='8906'/>
		<gasScore value='2952'/>
		<totalScore value='31243'/>
	</enemy>

	<scoreRatio value='2.3354'/>
</results>
