<results>
	<result value='loss'/>
	<start value='2014-07-11.21:18:04'/>
	<end value='2014-07-11.21:18:12'/>
	<frames value='18540'/>
	<gameDuration value='1158'/>

	<player>
		<unitScore value='900'/>
		<killScore value='300'/>
		<buildingScore value='750'/>
		<razingScore value='0'/>
		<mineralScore value='1418'/>
		<gasScore value='96'/>
		<totalScore value='3464'/>
	</player>

	<enemy>
		<race value='Zerg'/>
		<unitScore value='6950'/>
		<unitScore value='6950'/>
		<killScore value='1800'/>
		<buildingScore value='1520'/>
		<razingScore value='2250'/>
		<mineralScore value='7290'/>
		<gasScore value='2048'/>
		<totalScore value='21858'/>
	</enemy>

	<scoreRatio value='0.158477'/>
</results>
