<results>
	<result value='win'/>
	<start value='2014-07-11.21:18:20'/>
	<end value='2014-07-11.21:18:44'/>
	<frames value='26259'/>
	<gameDuration value='1641'/>

	<player>
		<unitScore value='15650'/>
		<killScore value='21330'/>
		<buildingScore value='4075'/>
		<razingScore value='5040'/>
		<mineralScore value='26190'/>
		<gasScore value='2904'/>
		<totalScore value='75189'/>
	</player>

	<enemy>
		<race value='Zerg'/>
		<unitScore value='9525'/>
		<unitScore value='9525'/>
		<killScore value='10800'/>
		<buildingScore value='1680'/>
		<razingScore value='150'/>
		<mineralScore value='9290'/>
		<gasScore value='2512'/>
		<totalScore value='33957'/>
	</enemy>

	<scoreRatio value='2.21424'/>
</results>
