<results>
	<result value='win'/>
	<start value='2014-07-11.21:19:56'/>
	<end value='2014-07-11.21:20:23'/>
	<frames value='27685'/>
	<gameDuration value='1730'/>

	<player>
		<unitScore value='17875'/>
		<killScore value='20840'/>
		<buildingScore value='4075'/>
		<razingScore value='7245'/>
		<mineralScore value='26754'/>
		<gasScore value='3192'/>
		<totalScore value='79981'/>
	</player>

	<enemy>
		<race value='Zerg'/>
		<unitScore value='9850'/>
		<unitScore value='9850'/>
		<killScore value='13950'/>
		<buildingScore value='2415'/>
		<razingScore value='0'/>
		<mineralScore value='10814'/>
		<gasScore value='3568'/>
		<totalScore value='40597'/>
	</enemy>

	<scoreRatio value='1.97012'/>
</results>
