<results>
	<result value='loss'/>
	<start value='2015-04-09.04:56:40'/>
	<end value='2015-04-09.04:57:16'/>
	<frames value='44518'/>
	<gameDuration value='2782'/>

	<player>
		<unitScore value='22075'/>
		<killScore value='36750'/>
		<buildingScore value='2225'/>
		<razingScore value='1650'/>
		<mineralScore value='23730'/>
		<gasScore value='2760'/>
		<totalScore value='89190'/>
	</player>

	<enemy>
		<race value='Protoss'/>
		<unitScore value='34725'/>
		<unitScore value='34725'/>
		<killScore value='44350'/>
		<buildingScore value='7950'/>
		<razingScore value='6675'/>
		<mineralScore value='32962'/>
		<gasScore value='11206'/>
		<totalScore value='137868'/>
	</enemy>

	<scoreRatio value='0.646923'/>
</results>
