<results>
	<result value='loss'/>
	<start value='2015-04-09.04:59:03'/>
	<end value='2015-04-09.04:59:20'/>
	<frames value='29173'/>
	<gameDuration value='1823'/>

	<player>
		<unitScore value='7925'/>
		<killScore value='4650'/>
		<buildingScore value='1875'/>
		<razingScore value='0'/>
		<mineralScore value='12318'/>
		<gasScore value='1304'/>
		<totalScore value='28072'/>
	</player>

	<enemy>
		<race value='Protoss'/>
		<unitScore value='13075'/>
		<unitScore value='13075'/>
		<killScore value='15600'/>
		<buildingScore value='6025'/>
		<razingScore value='5625'/>
		<mineralScore value='18006'/>
		<gasScore value='6216'/>
		<totalScore value='64547'/>
	</enemy>

	<scoreRatio value='0.434908'/>
</results>
