<results>
	<result value='win'/>
	<start value='2015-05-10.02:52:45'/>
	<end value='2015-05-10.02:53:42'/>
	<frames value='32490'/>
	<gameDuration value='2030'/>

	<player>
		<unitScore value='23750'/>
		<killScore value='27300'/>
		<buildingScore value='3800'/>
		<razingScore value='18675'/>
		<mineralScore value='28674'/>
		<gasScore value='2832'/>
		<totalScore value='105031'/>
	</player>

	<enemy>
		<race value='Protoss'/>
		<unitScore value='14350'/>
		<unitScore value='14350'/>
		<killScore value='24050'/>
		<buildingScore value='6225'/>
		<razingScore value='0'/>
		<mineralScore value='22518'/>
		<gasScore value='3712'/>
		<totalScore value='70855'/>
	</enemy>

	<scoreRatio value='1.48234'/>
	<timeFitness value='0.718056'/>
	<unitsAverage value='106'/>
</results>
