<results>
	<result value='loss'/>
	<start value='2015-07-12.15:10:02'/>
	<end value='2015-07-12.15:10:17'/>
	<frames value='26507'/>
	<gameDuration value='1656'/>

	<player>
		<unitScore value='11600'/>
		<killScore value='2800'/>
		<buildingScore value='2775'/>
		<razingScore value='0'/>
		<mineralScore value='15046'/>
		<gasScore value='1944'/>
		<totalScore value='34165'/>
	</player>

	<enemy>
		<race value='Terran'/>
		<unitScore value='7125'/>
		<killScore value='23200'/>
		<buildingScore value='2600'/>
		<razingScore value='8325'/>
		<mineralScore value='11894'/>
		<gasScore value='4376'/>
		<totalScore value='57520'/>
	</enemy>

	<scoreRatio value='0.593967'/>
	<timeFitness value='0.23'/>
	<unitsAverage value='42'/>
</results>
