<results>
	<result value='loss'/>
	<start value='2015-07-12.15:18:28'/>
	<end value='2015-07-12.15:18:44'/>
	<frames value='24709'/>
	<gameDuration value='1544'/>

	<player>
		<unitScore value='10400'/>
		<killScore value='3700'/>
		<buildingScore value='3050'/>
		<razingScore value='0'/>
		<mineralScore value='11790'/>
		<gasScore value='2120'/>
		<totalScore value='31060'/>
	</player>

	<enemy>
		<race value='Terran'/>
		<unitScore value='10250'/>
		<killScore value='19050'/>
		<buildingScore value='3600'/>
		<razingScore value='9150'/>
		<mineralScore value='12190'/>
		<gasScore value='4976'/>
		<totalScore value='59216'/>
	</enemy>

	<scoreRatio value='0.52452'/>
	<timeFitness value='0.214444'/>
	<unitsAverage value='45'/>
</results>
