<results>
	<result value='loss'/>
	<start value='2014-07-22.23:33:32'/>
	<end value='2014-07-22.23:33:38'/>
	<frames value='13983'/>
	<gameDuration value='873'/>

	<player>
		<unitScore value='3075'/>
		<killScore value='800'/>
		<buildingScore value='1150'/>
		<razingScore value='0'/>
		<mineralScore value='4234'/>
		<gasScore value='744'/>
		<totalScore value='10003'/>
	</player>

	<enemy>
		<race value='Protoss'/>
		<unitScore value='3550'/>
		<unitScore value='3550'/>
		<killScore value='6150'/>
		<buildingScore value='2375'/>
		<razingScore value='3450'/>
		<mineralScore value='7250'/>
		<gasScore value='1208'/>
		<totalScore value='23983'/>
	</enemy>

	<scoreRatio value='0.417087'/>
</results>
