<results>
	<result value='win'/>
	<start value='2015-04-11.18:31:20'/>
	<end value='2015-04-11.18:33:04'/>
	<frames value='42596'/>
	<gameDuration value='2662'/>

	<player>
		<unitScore value='25625'/>
		<killScore value='17800'/>
		<buildingScore value='3575'/>
		<razingScore value='17625'/>
		<mineralScore value='29050'/>
		<gasScore value='2720'/>
		<totalScore value='96395'/>
	</player>

	<enemy>
		<race value='Protoss'/>
		<unitScore value='8900'/>
		<unitScore value='8900'/>
		<killScore value='27200'/>
		<buildingScore value='5875'/>
		<razingScore value='0'/>
		<mineralScore value='14102'/>
		<gasScore value='2752'/>
		<totalScore value='58829'/>
	</enemy>

	<scoreRatio value='1.63856'/>
</results>
