<results>
	<result value='win'/>
	<start value='2015-04-11.18:41:47'/>
	<end value='2015-04-11.18:42:52'/>
	<frames value='34877'/>
	<gameDuration value='2179'/>

	<player>
		<unitScore value='18000'/>
		<killScore value='17900'/>
		<buildingScore value='3625'/>
		<razingScore value='23175'/>
		<mineralScore value='25950'/>
		<gasScore value='3192'/>
		<totalScore value='91842'/>
	</player>

	<enemy>
		<race value='Protoss'/>
		<unitScore value='8950'/>
		<unitScore value='8950'/>
		<killScore value='13200'/>
		<buildingScore value='7725'/>
		<razingScore value='150'/>
		<mineralScore value='18342'/>
		<gasScore value='2760'/>
		<totalScore value='51127'/>
	</enemy>

	<scoreRatio value='1.79635'/>
</results>
