<results>
	<result value='win'/>
	<start value='2015-05-06.01:43:52'/>
	<end value='2015-05-06.01:44:17'/>
	<frames value='21671'/>
	<gameDuration value='1354'/>

	<player>
		<unitScore value='6900'/>
		<killScore value='14350'/>
		<buildingScore value='2350'/>
		<razingScore value='5250'/>
		<mineralScore value='10986'/>
		<gasScore value='1856'/>
		<totalScore value='41692'/>
	</player>

	<enemy>
		<race value='Terran'/>
		<unitScore value='7175'/>
		<unitScore value='7175'/>
		<killScore value='3900'/>
		<buildingScore value='1750'/>
		<razingScore value='525'/>
		<mineralScore value='8426'/>
		<gasScore value='2656'/>
		<totalScore value='24432'/>
	</enemy>

	<scoreRatio value='1.70645'/>
	<timeFitness value='0.811944'/>
	<unitsAverage value='50'/>
</results>
