<results>
	<result value='loss'/>
	<start value='2015-05-06.02:12:39'/>
	<end value='2015-05-06.02:12:53'/>
	<frames value='16897'/>
	<gameDuration value='1056'/>

	<player>
		<unitScore value='3975'/>
		<killScore value='400'/>
		<buildingScore value='1675'/>
		<razingScore value='0'/>
		<mineralScore value='6098'/>
		<gasScore value='800'/>
		<totalScore value='12948'/>
	</player>

	<enemy>
		<race value='Terran'/>
		<unitScore value='4900'/>
		<unitScore value='4900'/>
		<killScore value='7950'/>
		<buildingScore value='1600'/>
		<razingScore value='5025'/>
		<mineralScore value='7746'/>
		<gasScore value='2648'/>
		<totalScore value='29869'/>
	</enemy>

	<scoreRatio value='0.433493'/>
	<timeFitness value='0.146667'/>
	<unitsAverage value='26'/>
</results>
