<results>
	<result value='loss'/>
	<start value='2015-05-06.02:18:06'/>
	<end value='2015-05-06.02:18:22'/>
	<frames value='19222'/>
	<gameDuration value='1201'/>

	<player>
		<unitScore value='3225'/>
		<killScore value='2200'/>
		<buildingScore value='1575'/>
		<razingScore value='0'/>
		<mineralScore value='4770'/>
		<gasScore value='984'/>
		<totalScore value='12754'/>
	</player>

	<enemy>
		<race value='Terran'/>
		<unitScore value='7150'/>
		<unitScore value='7150'/>
		<killScore value='6450'/>
		<buildingScore value='2850'/>
		<razingScore value='4725'/>
		<mineralScore value='9026'/>
		<gasScore value='3152'/>
		<totalScore value='33353'/>
	</enemy>

	<scoreRatio value='0.382394'/>
	<timeFitness value='0.166806'/>
	<unitsAverage value='23'/>
</results>
