<results>
	<result value='loss'/>
	<start value='2015-07-15.01:03:34'/>
	<end value='2015-07-15.01:04:07'/>
	<frames value='34691'/>
	<gameDuration value='2168'/>

	<player>
		<unitScore value='20575'/>
		<killScore value='12500'/>
		<buildingScore value='3050'/>
		<razingScore value='0'/>
		<mineralScore value='25146'/>
		<gasScore value='2256'/>
		<totalScore value='63527'/>
	</player>

	<enemy>
		<race value='Protoss'/>
		<unitScore value='18575'/>
		<killScore value='37900'/>
		<buildingScore value='6925'/>
		<razingScore value='9150'/>
		<mineralScore value='26358'/>
		<gasScore value='7368'/>
		<totalScore value='106276'/>
	</enemy>

	<scoreRatio value='0.597755'/>
	<timeFitness value='0.301111'/>
	<unitsAverage value='81'/>
</results>
