<results>
	<result value='loss'/>
	<start value='2015-07-15.01:08:05'/>
	<end value='2015-07-15.01:08:43'/>
	<frames value='40023'/>
	<gameDuration value='2501'/>

	<player>
		<unitScore value='28850'/>
		<killScore value='15100'/>
		<buildingScore value='3075'/>
		<razingScore value='0'/>
		<mineralScore value='28266'/>
		<gasScore value='4320'/>
		<totalScore value='79611'/>
	</player>

	<enemy>
		<race value='Protoss'/>
		<unitScore value='27400'/>
		<killScore value='57700'/>
		<buildingScore value='7525'/>
		<razingScore value='9225'/>
		<mineralScore value='27742'/>
		<gasScore value='9936'/>
		<totalScore value='139528'/>
	</enemy>

	<scoreRatio value='0.570574'/>
	<timeFitness value='0.347361'/>
	<unitsAverage value='88'/>
</results>
