<results>
	<result value='win'/>
	<start value='2015-04-30.19:09:40'/>
	<end value='2015-04-30.19:10:12'/>
	<frames value='25484'/>
	<gameDuration value='1592'/>

	<player>
		<unitScore value='16625'/>
		<killScore value='23940'/>
		<buildingScore value='3825'/>
		<razingScore value='5820'/>
		<mineralScore value='23538'/>
		<gasScore value='1744'/>
		<totalScore value='75492'/>
	</player>

	<enemy>
		<race value='Zerg'/>
		<unitScore value='10850'/>
		<unitScore value='10850'/>
		<killScore value='13200'/>
		<buildingScore value='1940'/>
		<razingScore value='0'/>
		<mineralScore value='10314'/>
		<gasScore value='3368'/>
		<totalScore value='39672'/>
	</enemy>

	<scoreRatio value='1.9029'/>
	<timeFitness value='0.778889'/>
	<unitsAverage value='95'/>
</results>
