<results>
	<result value='win'/>
	<start value='2015-04-30.19:19:12'/>
	<end value='2015-04-30.19:19:38'/>
	<frames value='23283'/>
	<gameDuration value='1455'/>

	<player>
		<unitScore value='12225'/>
		<killScore value='15470'/>
		<buildingScore value='3625'/>
		<razingScore value='4560'/>
		<mineralScore value='19918'/>
		<gasScore value='1888'/>
		<totalScore value='57686'/>
	</player>

	<enemy>
		<race value='Zerg'/>
		<unitScore value='7525'/>
		<unitScore value='7525'/>
		<killScore value='8600'/>
		<buildingScore value='1520'/>
		<razingScore value='0'/>
		<mineralScore value='7594'/>
		<gasScore value='1992'/>
		<totalScore value='27231'/>
	</enemy>

	<scoreRatio value='2.11839'/>
	<timeFitness value='0.797917'/>
	<unitsAverage value='72'/>
</results>
