<results>
	<result value='win'/>
	<start value='2015-04-30.19:20:09'/>
	<end value='2015-04-30.19:21:00'/>
	<frames value='30878'/>
	<gameDuration value='1929'/>

	<player>
		<unitScore value='28025'/>
		<killScore value='36250'/>
		<buildingScore value='4625'/>
		<razingScore value='5160'/>
		<mineralScore value='34570'/>
		<gasScore value='2344'/>
		<totalScore value='110974'/>
	</player>

	<enemy>
		<race value='Zerg'/>
		<unitScore value='16775'/>
		<unitScore value='16775'/>
		<killScore value='33200'/>
		<buildingScore value='1720'/>
		<razingScore value='0'/>
		<mineralScore value='13626'/>
		<gasScore value='4544'/>
		<totalScore value='69865'/>
	</enemy>

	<scoreRatio value='1.58841'/>
	<timeFitness value='0.732083'/>
	<unitsAverage value='119'/>
</results>
