<results>
	<result value='loss'/>
	<start value='2015-07-19.08:51:57'/>
	<end value='2015-07-19.08:52:58'/>
	<frames value='40922'/>
	<gameDuration value='2557'/>

	<player>
		<unitScore value='25775'/>
		<killScore value='17500'/>
		<buildingScore value='3200'/>
		<razingScore value='3150'/>
		<mineralScore value='23258'/>
		<gasScore value='3880'/>
		<totalScore value='76763'/>
	</player>

	<enemy>
		<race value='Protoss'/>
		<unitScore value='24050'/>
		<killScore value='49100'/>
		<buildingScore value='8825'/>
		<razingScore value='9600'/>
		<mineralScore value='28114'/>
		<gasScore value='8662'/>
		<totalScore value='128351'/>
	</enemy>

	<scoreRatio value='0.598071'/>
	<timeFitness value='0.355139'/>
	<unitsAverage value='79'/>
</results>
