<results>
	<result value='loss'/>
	<start value='2015-07-19.08:56:03'/>
	<end value='2015-07-19.08:57:07'/>
	<frames value='44797'/>
	<gameDuration value='2799'/>

	<player>
		<unitScore value='27050'/>
		<killScore value='24700'/>
		<buildingScore value='2450'/>
		<razingScore value='0'/>
		<mineralScore value='23946'/>
		<gasScore value='4088'/>
		<totalScore value='82234'/>
	</player>

	<enemy>
		<race value='Protoss'/>
		<unitScore value='33520'/>
		<killScore value='53600'/>
		<buildingScore value='7925'/>
		<razingScore value='7350'/>
		<mineralScore value='30414'/>
		<gasScore value='12708'/>
		<totalScore value='145517'/>
	</enemy>

	<scoreRatio value='0.565116'/>
	<timeFitness value='0.38875'/>
	<unitsAverage value='69'/>
</results>
