<results>
	<result value='loss'/>
	<start value='2015-04-12.15:45:39'/>
	<end value='2015-04-12.15:45:45'/>
	<frames value='15409'/>
	<gameDuration value='963'/>

	<player>
		<unitScore value='2750'/>
		<killScore value='0'/>
		<buildingScore value='1875'/>
		<razingScore value='0'/>
		<mineralScore value='4730'/>
		<gasScore value='0'/>
		<totalScore value='9355'/>
	</player>

	<enemy>
		<race value='Protoss'/>
		<unitScore value='3550'/>
		<unitScore value='3550'/>
		<killScore value='5500'/>
		<buildingScore value='2975'/>
		<razingScore value='5625'/>
		<mineralScore value='7858'/>
		<gasScore value='1368'/>
		<totalScore value='26876'/>
	</enemy>

	<scoreRatio value='0.34808'/>
</results>
