<results>
	<result value='loss'/>
	<start value='2015-04-13.21:41:20'/>
	<end value='2015-04-13.21:41:50'/>
	<frames value='42751'/>
	<gameDuration value='2671'/>

	<player>
		<unitScore value='19875'/>
		<killScore value='28500'/>
		<buildingScore value='2225'/>
		<razingScore value='1650'/>
		<mineralScore value='21042'/>
		<gasScore value='4336'/>
		<totalScore value='77628'/>
	</player>

	<enemy>
		<race value='Protoss'/>
		<unitScore value='34175'/>
		<unitScore value='34175'/>
		<killScore value='39750'/>
		<buildingScore value='7725'/>
		<razingScore value='6675'/>
		<mineralScore value='30486'/>
		<gasScore value='11150'/>
		<totalScore value='129961'/>
	</enemy>

	<scoreRatio value='0.597318'/>
</results>
