<results>
	<result value='win'/>
	<start value='2015-04-13.05:33:59'/>
	<end value='2015-04-13.05:34:30'/>
	<frames value='31560'/>
	<gameDuration value='1972'/>

	<player>
		<unitScore value='21175'/>
		<killScore value='20800'/>
		<buildingScore value='4300'/>
		<razingScore value='21225'/>
		<mineralScore value='28998'/>
		<gasScore value='2792'/>
		<totalScore value='99290'/>
	</player>

	<enemy>
		<race value='Protoss'/>
		<unitScore value='10750'/>
		<unitScore value='10750'/>
		<killScore value='20250'/>
		<buildingScore value='7075'/>
		<razingScore value='0'/>
		<mineralScore value='16110'/>
		<gasScore value='4216'/>
		<totalScore value='58401'/>
	</enemy>

	<scoreRatio value='1.70014'/>
</results>
