<results>
	<result value='loss'/>
	<start value='2015-07-12.16:53:59'/>
	<end value='2015-07-12.16:54:40'/>
	<frames value='49726'/>
	<gameDuration value='3107'/>

	<player>
		<unitScore value='27700'/>
		<killScore value='17300'/>
		<buildingScore value='3475'/>
		<razingScore value='150'/>
		<mineralScore value='24346'/>
		<gasScore value='4512'/>
		<totalScore value='77483'/>
	</player>

	<enemy>
		<race value='Terran'/>
		<unitScore value='37225'/>
		<killScore value='49650'/>
		<buildingScore value='5075'/>
		<razingScore value='10425'/>
		<mineralScore value='25486'/>
		<gasScore value='15706'/>
		<totalScore value='143567'/>
	</enemy>

	<scoreRatio value='0.539699'/>
	<timeFitness value='0.431528'/>
	<unitsAverage value='66'/>
</results>
