<results>
	<result value='win'/>
	<start value='2015-04-30.01:37:47'/>
	<end value='2015-04-30.01:38:23'/>
	<frames value='26414'/>
	<gameDuration value='1650'/>

	<player>
		<unitScore value='18675'/>
		<killScore value='17170'/>
		<buildingScore value='3775'/>
		<razingScore value='5700'/>
		<mineralScore value='22442'/>
		<gasScore value='1768'/>
		<totalScore value='69530'/>
	</player>

	<enemy>
		<race value='Zerg'/>
		<unitScore value='8800'/>
		<unitScore value='8800'/>
		<killScore value='16000'/>
		<buildingScore value='1900'/>
		<razingScore value='0'/>
		<mineralScore value='9210'/>
		<gasScore value='2760'/>
		<totalScore value='38670'/>
	</enemy>

	<scoreRatio value='1.79803'/>
	<timeFitness value='0.770833'/>
	<unitsAverage value='91'/>
</results>
