<results>
	<result value='draw'/>
	<start value='2015-04-30.01:54:04'/>
	<end value='2015-04-30.01:55:12'/>
	<frames value='57601'/>
	<gameDuration value='3600'/>

	<player>
		<unitScore value='22825'/>
		<killScore value='44445'/>
		<buildingScore value='2675'/>
		<razingScore value='5565'/>
		<mineralScore value='25026'/>
		<gasScore value='5138'/>
		<totalScore value='105674'/>
	</player>

	<enemy>
		<race value='Zerg'/>
		<unitScore value='25750'/>
		<unitScore value='25750'/>
		<killScore value='39850'/>
		<buildingScore value='6265'/>
		<razingScore value='1725'/>
		<mineralScore value='33922'/>
		<gasScore value='10238'/>
		<totalScore value='117750'/>
	</enemy>

	<scoreRatio value='0.897444'/>
	<timeFitness value='0.5'/>
	<unitsAverage value='77'/>
</results>
