<results>
	<result value='loss'/>
	<start value='2014-07-23.17:39:13'/>
	<end value='2014-07-23.17:39:45'/>
	<frames value='49571'/>
	<gameDuration value='3098'/>

	<player>
		<unitScore value='21975'/>
		<killScore value='46750'/>
		<buildingScore value='3250'/>
		<razingScore value='300'/>
		<mineralScore value='23742'/>
		<gasScore value='2720'/>
		<totalScore value='98737'/>
	</player>

	<enemy>
		<race value='Protoss'/>
		<unitScore value='41700'/>
		<unitScore value='41700'/>
		<killScore value='43950'/>
		<buildingScore value='7125'/>
		<razingScore value='9750'/>
		<mineralScore value='33698'/>
		<gasScore value='12492'/>
		<totalScore value='148715'/>
	</enemy>

	<scoreRatio value='0.663934'/>
</results>
