<results>
	<result value='win'/>
	<start value='2015-05-03.18:34:29'/>
	<end value='2015-05-03.18:35:23'/>
	<frames value='42534'/>
	<gameDuration value='2658'/>

	<player>
		<unitScore value='26200'/>
		<killScore value='34100'/>
		<buildingScore value='4525'/>
		<razingScore value='18375'/>
		<mineralScore value='35906'/>
		<gasScore value='3160'/>
		<totalScore value='122266'/>
	</player>

	<enemy>
		<race value='Protoss'/>
		<unitScore value='17275'/>
		<unitScore value='17275'/>
		<killScore value='28050'/>
		<buildingScore value='6125'/>
		<razingScore value='150'/>
		<mineralScore value='19302'/>
		<gasScore value='5744'/>
		<totalScore value='76646'/>
	</enemy>

	<scoreRatio value='1.5952'/>
	<timeFitness value='0.630833'/>
	<unitsAverage value='131'/>
</results>
