<results>
	<result value='win'/>
	<start value='2015-04-30.07:23:16'/>
	<end value='2015-04-30.07:23:35'/>
	<frames value='22074'/>
	<gameDuration value='1379'/>

	<player>
		<unitScore value='9525'/>
		<killScore value='16400'/>
		<buildingScore value='3025'/>
		<razingScore value='5175'/>
		<mineralScore value='14554'/>
		<gasScore value='1864'/>
		<totalScore value='50543'/>
	</player>

	<enemy>
		<race value='Terran'/>
		<unitScore value='8200'/>
		<unitScore value='8200'/>
		<killScore value='5850'/>
		<buildingScore value='1800'/>
		<razingScore value='1800'/>
		<mineralScore value='9498'/>
		<gasScore value='3056'/>
		<totalScore value='30204'/>
	</enemy>

	<scoreRatio value='1.67339'/>
	<timeFitness value='0.808472'/>
	<unitsAverage value='57'/>
</results>
