<results>
	<result value='loss'/>
	<start value='2014-07-08.06:48:53'/>
	<end value='2014-07-08.06:49:05'/>
	<frames value='27747'/>
	<gameDuration value='1734'/>

	<player>
		<unitScore value='3200'/>
		<killScore value='2600'/>
		<buildingScore value='1275'/>
		<razingScore value='0'/>
		<mineralScore value='4890'/>
		<gasScore value='696'/>
		<totalScore value='12661'/>
	</player>

	<enemy>
		<race value='Protoss'/>
		<unitScore value='11900'/>
		<unitScore value='11900'/>
		<killScore value='6400'/>
		<buildingScore value='6525'/>
		<razingScore value='3825'/>
		<mineralScore value='16310'/>
		<gasScore value='6064'/>
		<totalScore value='51024'/>
	</enemy>

	<scoreRatio value='0.248138'/>
</results>
