<results>
	<result value='loss'/>
	<start value='2014-07-08.07:03:01'/>
	<end value='2014-07-08.07:03:11'/>
	<frames value='20090'/>
	<gameDuration value='1255'/>

	<player>
		<unitScore value='5775'/>
		<killScore value='2600'/>
		<buildingScore value='2100'/>
		<razingScore value='0'/>
		<mineralScore value='8474'/>
		<gasScore value='1456'/>
		<totalScore value='20405'/>
	</player>

	<enemy>
		<race value='Protoss'/>
		<unitScore value='5175'/>
		<unitScore value='5175'/>
		<killScore value='11550'/>
		<buildingScore value='4325'/>
		<razingScore value='6300'/>
		<mineralScore value='10386'/>
		<gasScore value='2568'/>
		<totalScore value='40304'/>
	</enemy>

	<scoreRatio value='0.506277'/>
</results>
