<results>
	<result value='win'/>
	<start value='2015-03-27.14:52:04'/>
	<end value='2015-03-27.14:52:53'/>
	<frames value='38938'/>
	<gameDuration value='2433'/>

	<player>
		<unitScore value='24875'/>
		<killScore value='37550'/>
		<buildingScore value='4125'/>
		<razingScore value='18300'/>
		<mineralScore value='29322'/>
		<gasScore value='3256'/>
		<totalScore value='117428'/>
	</player>

	<enemy>
		<race value='Protoss'/>
		<unitScore value='19575'/>
		<unitScore value='19575'/>
		<killScore value='23150'/>
		<buildingScore value='6100'/>
		<razingScore value='1350'/>
		<mineralScore value='20370'/>
		<gasScore value='6408'/>
		<totalScore value='76953'/>
	</enemy>

	<scoreRatio value='1.52597'/>
</results>
