<results>
	<result value='win'/>
	<start value='2015-04-12.18:31:31'/>
	<end value='2015-04-12.18:32:04'/>
	<frames value='38349'/>
	<gameDuration value='2396'/>

	<player>
		<unitScore value='23375'/>
		<killScore value='34350'/>
		<buildingScore value='3275'/>
		<razingScore value='19650'/>
		<mineralScore value='26502'/>
		<gasScore value='4976'/>
		<totalScore value='112128'/>
	</player>

	<enemy>
		<race value='Protoss'/>
		<unitScore value='17175'/>
		<unitScore value='17175'/>
		<killScore value='30650'/>
		<buildingScore value='6550'/>
		<razingScore value='675'/>
		<mineralScore value='19838'/>
		<gasScore value='6312'/>
		<totalScore value='81200'/>
	</enemy>

	<scoreRatio value='1.38089'/>
</results>
