<results>
	<result value='loss'/>
	<start value='2015-04-12.18:32:35'/>
	<end value='2015-04-12.18:32:41'/>
	<frames value='13084'/>
	<gameDuration value='817'/>

	<player>
		<unitScore value='2850'/>
		<killScore value='600'/>
		<buildingScore value='875'/>
		<razingScore value='0'/>
		<mineralScore value='4154'/>
		<gasScore value='816'/>
		<totalScore value='9295'/>
	</player>

	<enemy>
		<race value='Protoss'/>
		<unitScore value='3500'/>
		<unitScore value='3500'/>
		<killScore value='5600'/>
		<buildingScore value='1375'/>
		<razingScore value='2625'/>
		<mineralScore value='6514'/>
		<gasScore value='1304'/>
		<totalScore value='20918'/>
	</enemy>

	<scoreRatio value='0.444354'/>
</results>
