<results>
	<result value='win'/>
	<start value='2015-04-13.20:43:48'/>
	<end value='2015-04-13.20:44:28'/>
	<frames value='38659'/>
	<gameDuration value='2416'/>

	<player>
		<unitScore value='23650'/>
		<killScore value='31100'/>
		<buildingScore value='4425'/>
		<razingScore value='21300'/>
		<mineralScore value='29186'/>
		<gasScore value='2928'/>
		<totalScore value='112589'/>
	</player>

	<enemy>
		<race value='Protoss'/>
		<unitScore value='16900'/>
		<unitScore value='16900'/>
		<killScore value='24500'/>
		<buildingScore value='7100'/>
		<razingScore value='1650'/>
		<mineralScore value='17982'/>
		<gasScore value='5840'/>
		<totalScore value='73972'/>
	</enemy>

	<scoreRatio value='1.52205'/>
</results>
