<results>
	<result value='loss'/>
	<start value='2015-05-08.19:55:33'/>
	<end value='2015-05-08.19:55:47'/>
	<frames value='19687'/>
	<gameDuration value='1230'/>

	<player>
		<unitScore value='4450'/>
		<killScore value='2550'/>
		<buildingScore value='1550'/>
		<razingScore value='0'/>
		<mineralScore value='6274'/>
		<gasScore value='728'/>
		<totalScore value='15552'/>
	</player>

	<enemy>
		<race value='Terran'/>
		<unitScore value='7700'/>
		<unitScore value='7700'/>
		<killScore value='8900'/>
		<buildingScore value='2850'/>
		<razingScore value='4650'/>
		<mineralScore value='9226'/>
		<gasScore value='3616'/>
		<totalScore value='36942'/>
	</enemy>

	<scoreRatio value='0.420984'/>
	<timeFitness value='0.170833'/>
	<unitsAverage value='29'/>
</results>
