<results>
	<result value='win'/>
	<start value='2015-04-28.22:28:46'/>
	<end value='2015-04-28.22:29:20'/>
	<frames value='25391'/>
	<gameDuration value='1586'/>

	<player>
		<unitScore value='16400'/>
		<killScore value='18840'/>
		<buildingScore value='3725'/>
		<razingScore value='6510'/>
		<mineralScore value='22626'/>
		<gasScore value='1712'/>
		<totalScore value='69813'/>
	</player>

	<enemy>
		<race value='Zerg'/>
		<unitScore value='9850'/>
		<unitScore value='9850'/>
		<killScore value='14550'/>
		<buildingScore value='2170'/>
		<razingScore value='0'/>
		<mineralScore value='9962'/>
		<gasScore value='2632'/>
		<totalScore value='39164'/>
	</enemy>

	<scoreRatio value='1.78258'/>
</results>
