<results>
	<result value='win'/>
	<start value='2015-04-28.22:30:27'/>
	<end value='2015-04-28.22:31:02'/>
	<frames value='25825'/>
	<gameDuration value='1614'/>

	<player>
		<unitScore value='15325'/>
		<killScore value='23695'/>
		<buildingScore value='3775'/>
		<razingScore value='5160'/>
		<mineralScore value='22750'/>
		<gasScore value='2680'/>
		<totalScore value='73385'/>
	</player>

	<enemy>
		<race value='Zerg'/>
		<unitScore value='10725'/>
		<unitScore value='10725'/>
		<killScore value='11300'/>
		<buildingScore value='1720'/>
		<razingScore value='0'/>
		<mineralScore value='10122'/>
		<gasScore value='2840'/>
		<totalScore value='36707'/>
	</enemy>

	<scoreRatio value='1.99921'/>
</results>
