<results>
	<result value='loss'/>
	<start value='2015-07-20.02:12:41'/>
	<end value='2015-07-20.02:12:46'/>
	<frames value='8093'/>
	<gameDuration value='505'/>

	<player>
		<unitScore value='1050'/>
		<killScore value='200'/>
		<buildingScore value='650'/>
		<razingScore value='120'/>
		<mineralScore value='1402'/>
		<gasScore value='96'/>
		<totalScore value='3518'/>
	</player>

	<enemy>
		<race value='Zerg'/>
		<unitScore value='1300'/>
		<killScore value='1700'/>
		<buildingScore value='780'/>
		<razingScore value='1950'/>
		<mineralScore value='2250'/>
		<gasScore value='88'/>
		<totalScore value='8068'/>
	</enemy>

	<scoreRatio value='0.436044'/>
	<timeFitness value='0.0701389'/>
	<unitsAverage value='11'/>
</results>
