<results>
	<result value='loss'/>
	<start value='2015-05-01.03:30:40'/>
	<end value='2015-05-01.03:30:52'/>
	<frames value='17517'/>
	<gameDuration value='1094'/>

	<player>
		<unitScore value='4000'/>
		<killScore value='1800'/>
		<buildingScore value='1425'/>
		<razingScore value='0'/>
		<mineralScore value='5794'/>
		<gasScore value='544'/>
		<totalScore value='13563'/>
	</player>

	<enemy>
		<race value='Protoss'/>
		<unitScore value='3650'/>
		<unitScore value='3650'/>
		<killScore value='8000'/>
		<buildingScore value='4025'/>
		<razingScore value='4275'/>
		<mineralScore value='9266'/>
		<gasScore value='1640'/>
		<totalScore value='30856'/>
	</enemy>

	<scoreRatio value='0.439558'/>
</results>
