<results>
	<result value='draw'/>
	<start value='2015-05-01.03:31:21'/>
	<end value='2015-05-01.03:32:36'/>
	<frames value='57601'/>
	<gameDuration value='3600'/>

	<player>
		<unitScore value='22700'/>
		<killScore value='41600'/>
		<buildingScore value='2275'/>
		<razingScore value='3900'/>
		<mineralScore value='24002'/>
		<gasScore value='5040'/>
		<totalScore value='99517'/>
	</player>

	<enemy>
		<race value='Protoss'/>
		<unitScore value='26750'/>
		<unitScore value='26750'/>
		<killScore value='45400'/>
		<buildingScore value='6125'/>
		<razingScore value='5100'/>
		<mineralScore value='37950'/>
		<gasScore value='13186'/>
		<totalScore value='134511'/>
	</enemy>

	<scoreRatio value='0.739843'/>
</results>
