<results>
	<result value='loss'/>
	<start value='2015-05-01.03:36:01'/>
	<end value='2015-05-01.03:36:57'/>
	<frames value='41201'/>
	<gameDuration value='2575'/>

	<player>
		<unitScore value='22150'/>
		<killScore value='19350'/>
		<buildingScore value='3050'/>
		<razingScore value='0'/>
		<mineralScore value='26578'/>
		<gasScore value='3184'/>
		<totalScore value='74312'/>
	</player>

	<enemy>
		<race value='Protoss'/>
		<unitScore value='29875'/>
		<unitScore value='29875'/>
		<killScore value='44400'/>
		<buildingScore value='7525'/>
		<razingScore value='9150'/>
		<mineralScore value='28446'/>
		<gasScore value='11916'/>
		<totalScore value='131312'/>
	</enemy>

	<scoreRatio value='0.565919'/>
</results>
