<results>
	<result value='loss'/>
	<start value='2015-05-01.03:45:34'/>
	<end value='2015-05-01.03:46:16'/>
	<frames value='37202'/>
	<gameDuration value='2325'/>

	<player>
		<unitScore value='12125'/>
		<killScore value='10400'/>
		<buildingScore value='1600'/>
		<razingScore value='900'/>
		<mineralScore value='12030'/>
		<gasScore value='3168'/>
		<totalScore value='40223'/>
	</player>

	<enemy>
		<race value='Protoss'/>
		<unitScore value='23200'/>
		<unitScore value='23200'/>
		<killScore value='24250'/>
		<buildingScore value='7625'/>
		<razingScore value='4800'/>
		<mineralScore value='25490'/>
		<gasScore value='9704'/>
		<totalScore value='95069'/>
	</enemy>

	<scoreRatio value='0.423093'/>
</results>
