<results>
	<result value='loss'/>
	<start value='2015-05-05.08:15:52'/>
	<end value='2015-05-05.08:16:01'/>
	<frames value='20028'/>
	<gameDuration value='1251'/>

	<player>
		<unitScore value='4900'/>
		<killScore value='3200'/>
		<buildingScore value='1750'/>
		<razingScore value='0'/>
		<mineralScore value='6810'/>
		<gasScore value='688'/>
		<totalScore value='17348'/>
	</player>

	<enemy>
		<race value='Terran'/>
		<unitScore value='7950'/>
		<unitScore value='7950'/>
		<killScore value='9800'/>
		<buildingScore value='2900'/>
		<razingScore value='5250'/>
		<mineralScore value='9418'/>
		<gasScore value='3608'/>
		<totalScore value='38926'/>
	</enemy>

	<scoreRatio value='0.445666'/>
	<timeFitness value='0.17375'/>
	<unitsAverage value='32'/>
</results>
