<results>
	<result value='loss'/>
	<start value='2015-05-09.09:52:45'/>
	<end value='2015-05-09.09:52:55'/>
	<frames value='21578'/>
	<gameDuration value='1348'/>

	<player>
		<unitScore value='6675'/>
		<killScore value='5000'/>
		<buildingScore value='2125'/>
		<razingScore value='0'/>
		<mineralScore value='8762'/>
		<gasScore value='1272'/>
		<totalScore value='23834'/>
	</player>

	<enemy>
		<race value='Terran'/>
		<unitScore value='8625'/>
		<unitScore value='8625'/>
		<killScore value='13350'/>
		<buildingScore value='3275'/>
		<razingScore value='6375'/>
		<mineralScore value='10458'/>
		<gasScore value='4272'/>
		<totalScore value='46355'/>
	</enemy>

	<scoreRatio value='0.514162'/>
	<timeFitness value='0.187222'/>
	<unitsAverage value='35'/>
</results>
