<results>
	<result value='win'/>
	<start value='2015-04-28.02:32:13'/>
	<end value='2015-04-28.02:33:41'/>
	<frames value='41325'/>
	<gameDuration value='2582'/>

	<player>
		<unitScore value='26975'/>
		<killScore value='45340'/>
		<buildingScore value='4075'/>
		<razingScore value='18900'/>
		<mineralScore value='30930'/>
		<gasScore value='3976'/>
		<totalScore value='130196'/>
	</player>

	<enemy>
		<race value='Protoss'/>
		<unitScore value='24495'/>
		<unitScore value='24495'/>
		<killScore value='28700'/>
		<buildingScore value='6300'/>
		<razingScore value='375'/>
		<mineralScore value='22970'/>
		<gasScore value='8472'/>
		<totalScore value='91312'/>
	</enemy>

	<scoreRatio value='1.42584'/>
</results>
