<results>
	<result value='win'/>
	<start value='2015-04-28.02:55:58'/>
	<end value='2015-04-28.02:56:59'/>
	<frames value='35125'/>
	<gameDuration value='2195'/>

	<player>
		<unitScore value='21500'/>
		<killScore value='24900'/>
		<buildingScore value='3675'/>
		<razingScore value='18150'/>
		<mineralScore value='25186'/>
		<gasScore value='4680'/>
		<totalScore value='98091'/>
	</player>

	<enemy>
		<race value='Protoss'/>
		<unitScore value='13150'/>
		<unitScore value='13150'/>
		<killScore value='21800'/>
		<buildingScore value='6050'/>
		<razingScore value='0'/>
		<mineralScore value='18802'/>
		<gasScore value='4856'/>
		<totalScore value='64658'/>
	</enemy>

	<scoreRatio value='1.51707'/>
</results>
