<results>
	<result value='draw'/>
	<start value='2014-07-06.02:44:39'/>
	<end value='2014-07-06.02:46:01'/>
	<frames value='57601'/>
	<gameDuration value='3600'/>

	<player>
		<unitScore value='34050'/>
		<killScore value='62050'/>
		<buildingScore value='3725'/>
		<razingScore value='20475'/>
		<mineralScore value='36142'/>
		<gasScore value='5736'/>
		<totalScore value='162178'/>
	</player>

	<enemy>
		<race value='Protoss'/>
		<unitScore value='32650'/>
		<unitScore value='32650'/>
		<killScore value='47800'/>
		<buildingScore value='6925'/>
		<razingScore value='300'/>
		<mineralScore value='26826'/>
		<gasScore value='12382'/>
		<totalScore value='126883'/>
	</enemy>

	<scoreRatio value='1.27817'/>
</results>
