<results>
	<result value='win'/>
	<start value='2015-07-12.00:28:53'/>
	<end value='2015-07-12.00:30:15'/>
	<frames value='52516'/>
	<gameDuration value='3282'/>

	<player>
		<unitScore value='35975'/>
		<killScore value='22050'/>
		<buildingScore value='6500'/>
		<razingScore value='11925'/>
		<mineralScore value='47494'/>
		<gasScore value='4230'/>
		<totalScore value='128174'/>
	</player>

	<enemy>
		<race value='Terran'/>
		<unitScore value='12175'/>
		<killScore value='44500'/>
		<buildingScore value='3975'/>
		<razingScore value='7425'/>
		<mineralScore value='12990'/>
		<gasScore value='7578'/>
		<totalScore value='88643'/>
	</enemy>

	<scoreRatio value='1.44596'/>
	<timeFitness value='0.544167'/>
	<unitsAverage value='100'/>
</results>
