<results>
	<result value='loss'/>
	<start value='2014-07-10.15:41:48'/>
	<end value='2014-07-10.15:42:03'/>
	<frames value='30165'/>
	<gameDuration value='1885'/>

	<player>
		<unitScore value='8325'/>
		<killScore value='9750'/>
		<buildingScore value='2650'/>
		<razingScore value='0'/>
		<mineralScore value='11018'/>
		<gasScore value='696'/>
		<totalScore value='32439'/>
	</player>

	<enemy>
		<race value='Protoss'/>
		<unitScore value='14900'/>
		<unitScore value='14900'/>
		<killScore value='16650'/>
		<buildingScore value='6975'/>
		<razingScore value='7950'/>
		<mineralScore value='19158'/>
		<gasScore value='6336'/>
		<totalScore value='71969'/>
	</enemy>

	<scoreRatio value='0.450736'/>
</results>
