<results>
	<result value='win'/>
	<start value='2014-07-10.15:44:50'/>
	<end value='2014-07-10.15:45:22'/>
	<frames value='34257'/>
	<gameDuration value='2141'/>

	<player>
		<unitScore value='22525'/>
		<killScore value='17550'/>
		<buildingScore value='3925'/>
		<razingScore value='22125'/>
		<mineralScore value='26522'/>
		<gasScore value='3584'/>
		<totalScore value='96231'/>
	</player>

	<enemy>
		<race value='Protoss'/>
		<unitScore value='9225'/>
		<unitScore value='9225'/>
		<killScore value='23200'/>
		<buildingScore value='7375'/>
		<razingScore value='450'/>
		<mineralScore value='19386'/>
		<gasScore value='6472'/>
		<totalScore value='66108'/>
	</enemy>

	<scoreRatio value='1.45566'/>
</results>
