<results>
	<result value='win'/>
	<start value='2014-07-10.15:48:44'/>
	<end value='2014-07-10.15:49:24'/>
	<frames value='33978'/>
	<gameDuration value='2123'/>

	<player>
		<unitScore value='24625'/>
		<killScore value='31700'/>
		<buildingScore value='4100'/>
		<razingScore value='16800'/>
		<mineralScore value='35914'/>
		<gasScore value='4456'/>
		<totalScore value='117595'/>
	</player>

	<enemy>
		<race value='Protoss'/>
		<unitScore value='15900'/>
		<unitScore value='15900'/>
		<killScore value='27050'/>
		<buildingScore value='5600'/>
		<razingScore value='150'/>
		<mineralScore value='20270'/>
		<gasScore value='3480'/>
		<totalScore value='72450'/>
	</enemy>

	<scoreRatio value='1.62312'/>
</results>
