<results>
	<result value='loss'/>
	<start value='2015-07-21.20:51:30'/>
	<end value='2015-07-21.20:52:03'/>
	<frames value='30785'/>
	<gameDuration value='1924'/>

	<player>
		<unitScore value='15575'/>
		<killScore value='14800'/>
		<buildingScore value='3900'/>
		<razingScore value='0'/>
		<mineralScore value='26658'/>
		<gasScore value='2336'/>
		<totalScore value='63269'/>
	</player>

	<enemy>
		<race value='Zerg'/>
		<unitScore value='16225'/>
		<killScore value='31150'/>
		<buildingScore value='3355'/>
		<razingScore value='11700'/>
		<mineralScore value='18998'/>
		<gasScore value='5804'/>
		<totalScore value='87232'/>
	</enemy>

	<scoreRatio value='0.725296'/>
	<timeFitness value='0.267222'/>
	<unitsAverage value='66'/>
</results>
