<results>
	<result value='loss'/>
	<start value='2015-05-10.19:38:14'/>
	<end value='2015-05-10.19:39:12'/>
	<frames value='45200'/>
	<gameDuration value='2825'/>

	<player>
		<unitScore value='22750'/>
		<killScore value='27500'/>
		<buildingScore value='2425'/>
		<razingScore value='0'/>
		<mineralScore value='23978'/>
		<gasScore value='4984'/>
		<totalScore value='81637'/>
	</player>

	<enemy>
		<race value='Protoss'/>
		<unitScore value='35735'/>
		<unitScore value='35735'/>
		<killScore value='45500'/>
		<buildingScore value='7475'/>
		<razingScore value='7275'/>
		<mineralScore value='30886'/>
		<gasScore value='13476'/>
		<totalScore value='140347'/>
	</enemy>

	<scoreRatio value='0.58168'/>
	<timeFitness value='0.392361'/>
	<unitsAverage value='88'/>
</results>
