<results>
	<result value='win'/>
	<start value='2015-04-08.06:54:47'/>
	<end value='2015-04-08.06:55:33'/>
	<frames value='38938'/>
	<gameDuration value='2433'/>

	<player>
		<unitScore value='29425'/>
		<killScore value='37700'/>
		<buildingScore value='3775'/>
		<razingScore value='22125'/>
		<mineralScore value='35494'/>
		<gasScore value='3400'/>
		<totalScore value='131919'/>
	</player>

	<enemy>
		<race value='Protoss'/>
		<unitScore value='20000'/>
		<unitScore value='20000'/>
		<killScore value='35850'/>
		<buildingScore value='7375'/>
		<razingScore value='150'/>
		<mineralScore value='23118'/>
		<gasScore value='6632'/>
		<totalScore value='93125'/>
	</enemy>

	<scoreRatio value='1.41658'/>
</results>
