<results>
	<result value='win'/>
	<start value='2014-07-22.20:33:20'/>
	<end value='2014-07-22.20:33:48'/>
	<frames value='27964'/>
	<gameDuration value='1747'/>

	<player>
		<unitScore value='21225'/>
		<killScore value='23940'/>
		<buildingScore value='5150'/>
		<razingScore value='5160'/>
		<mineralScore value='28894'/>
		<gasScore value='1896'/>
		<totalScore value='86265'/>
	</player>

	<enemy>
		<race value='Zerg'/>
		<unitScore value='11300'/>
		<unitScore value='11300'/>
		<killScore value='19550'/>
		<buildingScore value='1720'/>
		<razingScore value='0'/>
		<mineralScore value='10282'/>
		<gasScore value='3728'/>
		<totalScore value='46580'/>
	</enemy>

	<scoreRatio value='1.85198'/>
</results>
