<results>
	<result value='draw'/>
	<start value='2015-05-03.07:11:29'/>
	<end value='2015-05-03.07:13:06'/>
	<frames value='57601'/>
	<gameDuration value='3600'/>

	<player>
		<unitScore value='28575'/>
		<killScore value='66250'/>
		<buildingScore value='3725'/>
		<razingScore value='16125'/>
		<mineralScore value='31686'/>
		<gasScore value='10004'/>
		<totalScore value='156365'/>
	</player>

	<enemy>
		<race value='Protoss'/>
		<unitScore value='37700'/>
		<unitScore value='37700'/>
		<killScore value='47000'/>
		<buildingScore value='7000'/>
		<razingScore value='2325'/>
		<mineralScore value='31374'/>
		<gasScore value='11396'/>
		<totalScore value='136795'/>
	</enemy>

	<scoreRatio value='1.14306'/>
	<timeFitness value='0.5'/>
	<unitsAverage value='130'/>
</results>
