<results>
	<result value='loss'/>
	<start value='2015-05-03.07:27:57'/>
	<end value='2015-05-03.07:28:05'/>
	<frames value='16184'/>
	<gameDuration value='1011'/>

	<player>
		<unitScore value='3300'/>
		<killScore value='800'/>
		<buildingScore value='1625'/>
		<razingScore value='0'/>
		<mineralScore value='5098'/>
		<gasScore value='712'/>
		<totalScore value='11535'/>
	</player>

	<enemy>
		<race value='Protoss'/>
		<unitScore value='3600'/>
		<unitScore value='3600'/>
		<killScore value='6600'/>
		<buildingScore value='4025'/>
		<razingScore value='4875'/>
		<mineralScore value='8722'/>
		<gasScore value='1616'/>
		<totalScore value='29438'/>
	</enemy>

	<scoreRatio value='0.39184'/>
	<timeFitness value='0.140417'/>
	<unitsAverage value='25'/>
</results>
