<results>
	<result value='loss'/>
	<start value='2015-05-03.07:33:13'/>
	<end value='2015-05-03.07:33:24'/>
	<frames value='19563'/>
	<gameDuration value='1222'/>

	<player>
		<unitScore value='4925'/>
		<killScore value='800'/>
		<buildingScore value='2425'/>
		<razingScore value='0'/>
		<mineralScore value='8042'/>
		<gasScore value='1008'/>
		<totalScore value='17200'/>
	</player>

	<enemy>
		<race value='Protoss'/>
		<unitScore value='4925'/>
		<unitScore value='4925'/>
		<killScore value='9850'/>
		<buildingScore value='4275'/>
		<razingScore value='7275'/>
		<mineralScore value='10154'/>
		<gasScore value='2536'/>
		<totalScore value='39015'/>
	</enemy>

	<scoreRatio value='0.440856'/>
	<timeFitness value='0.169722'/>
	<unitsAverage value='32'/>
</results>
