<results>
	<result value='win'/>
	<start value='2015-05-03.07:53:41'/>
	<end value='2015-05-03.07:55:46'/>
	<frames value='49974'/>
	<gameDuration value='3123'/>

	<player>
		<unitScore value='32750'/>
		<killScore value='50700'/>
		<buildingScore value='3725'/>
		<razingScore value='21000'/>
		<mineralScore value='35918'/>
		<gasScore value='4408'/>
		<totalScore value='148501'/>
	</player>

	<enemy>
		<race value='Protoss'/>
		<unitScore value='27175'/>
		<unitScore value='27175'/>
		<killScore value='48300'/>
		<buildingScore value='7000'/>
		<razingScore value='300'/>
		<mineralScore value='26626'/>
		<gasScore value='10752'/>
		<totalScore value='120153'/>
	</enemy>

	<scoreRatio value='1.23593'/>
	<timeFitness value='0.56625'/>
	<unitsAverage value='141'/>
</results>
