<results>
	<result value='win'/>
	<start value='2014-07-01.04:48:55'/>
	<end value='2014-07-01.04:49:20'/>
	<frames value='29917'/>
	<gameDuration value='1869'/>

	<player>
		<unitScore value='15925'/>
		<killScore value='15950'/>
		<buildingScore value='3825'/>
		<razingScore value='14175'/>
		<mineralScore value='20546'/>
		<gasScore value='2520'/>
		<totalScore value='72941'/>
	</player>

	<enemy>
		<race value='Protoss'/>
		<unitScore value='7975'/>
		<unitScore value='7975'/>
		<killScore value='11350'/>
		<buildingScore value='4725'/>
		<razingScore value='300'/>
		<mineralScore value='12818'/>
		<gasScore value='3600'/>
		<totalScore value='40768'/>
	</enemy>

	<scoreRatio value='1.78917'/>
</results>
