<results>
	<result value='loss'/>
	<start value='2014-07-01.04:49:23'/>
	<end value='2014-07-01.04:50:01'/>
	<frames value='52888'/>
	<gameDuration value='3305'/>

	<player>
		<unitScore value='23650'/>
		<killScore value='37800'/>
		<buildingScore value='2325'/>
		<razingScore value='6900'/>
		<mineralScore value='24354'/>
		<gasScore value='4824'/>
		<totalScore value='99853'/>
	</player>

	<enemy>
		<race value='Protoss'/>
		<unitScore value='24625'/>
		<unitScore value='24625'/>
		<killScore value='47300'/>
		<buildingScore value='9100'/>
		<razingScore value='6975'/>
		<mineralScore value='35510'/>
		<gasScore value='8372'/>
		<totalScore value='131882'/>
	</enemy>

	<scoreRatio value='0.757139'/>
</results>
