<results>
	<result value='loss'/>
	<start value='2014-07-01.04:56:56'/>
	<end value='2014-07-01.04:57:05'/>
	<frames value='17827'/>
	<gameDuration value='1114'/>

	<player>
		<unitScore value='3500'/>
		<killScore value='2000'/>
		<buildingScore value='2200'/>
		<razingScore value='0'/>
		<mineralScore value='6290'/>
		<gasScore value='760'/>
		<totalScore value='14750'/>
	</player>

	<enemy>
		<race value='Protoss'/>
		<unitScore value='3600'/>
		<unitScore value='3600'/>
		<killScore value='7000'/>
		<buildingScore value='4075'/>
		<razingScore value='6600'/>
		<mineralScore value='9410'/>
		<gasScore value='1736'/>
		<totalScore value='32421'/>
	</enemy>

	<scoreRatio value='0.454952'/>
</results>
