<results>
	<result value='loss'/>
	<start value='2014-07-01.05:02:40'/>
	<end value='2014-07-01.05:02:53'/>
	<frames value='26507'/>
	<gameDuration value='1656'/>

	<player>
		<unitScore value='4375'/>
		<killScore value='2600'/>
		<buildingScore value='2175'/>
		<razingScore value='0'/>
		<mineralScore value='7378'/>
		<gasScore value='1480'/>
		<totalScore value='18008'/>
	</player>

	<enemy>
		<race value='Protoss'/>
		<unitScore value='11625'/>
		<unitScore value='11625'/>
		<killScore value='8650'/>
		<buildingScore value='5975'/>
		<razingScore value='6525'/>
		<mineralScore value='17582'/>
		<gasScore value='5488'/>
		<totalScore value='55845'/>
	</enemy>

	<scoreRatio value='0.322464'/>
</results>
