<results>
	<result value='loss'/>
	<start value='2014-07-01.05:02:56'/>
	<end value='2014-07-01.05:03:09'/>
	<frames value='27871'/>
	<gameDuration value='1741'/>

	<player>
		<unitScore value='3850'/>
		<killScore value='2400'/>
		<buildingScore value='1725'/>
		<razingScore value='0'/>
		<mineralScore value='5914'/>
		<gasScore value='1168'/>
		<totalScore value='15057'/>
	</player>

	<enemy>
		<race value='Protoss'/>
		<unitScore value='11275'/>
		<unitScore value='11275'/>
		<killScore value='7700'/>
		<buildingScore value='6875'/>
		<razingScore value='5175'/>
		<mineralScore value='17134'/>
		<gasScore value='6352'/>
		<totalScore value='54511'/>
	</enemy>

	<scoreRatio value='0.276219'/>
</results>
