<results>
	<result value='loss'/>
	<start value='2015-05-03.06:22:12'/>
	<end value='2015-05-03.06:22:41'/>
	<frames value='45882'/>
	<gameDuration value='2867'/>

	<player>
		<unitScore value='21000'/>
		<killScore value='23900'/>
		<buildingScore value='3300'/>
		<razingScore value='4200'/>
		<mineralScore value='24106'/>
		<gasScore value='3968'/>
		<totalScore value='80474'/>
	</player>

	<enemy>
		<race value='Protoss'/>
		<unitScore value='21300'/>
		<unitScore value='21300'/>
		<killScore value='42000'/>
		<buildingScore value='8425'/>
		<razingScore value='9900'/>
		<mineralScore value='27614'/>
		<gasScore value='7346'/>
		<totalScore value='116585'/>
	</enemy>

	<scoreRatio value='0.69026'/>
	<timeFitness value='0.398194'/>
	<unitsAverage value='75'/>
</results>
