<results>
	<result value='loss'/>
	<start value='2015-07-18.09:57:27'/>
	<end value='2015-07-18.09:57:54'/>
	<frames value='23531'/>
	<gameDuration value='1470'/>

	<player>
		<unitScore value='9675'/>
		<killScore value='5850'/>
		<buildingScore value='2775'/>
		<razingScore value='300'/>
		<mineralScore value='10274'/>
		<gasScore value='1824'/>
		<totalScore value='30698'/>
	</player>

	<enemy>
		<race value='Terran'/>
		<unitScore value='10225'/>
		<killScore value='18000'/>
		<buildingScore value='3275'/>
		<razingScore value='8325'/>
		<mineralScore value='11282'/>
		<gasScore value='4664'/>
		<totalScore value='55771'/>
	</enemy>

	<scoreRatio value='0.550429'/>
	<timeFitness value='0.204167'/>
	<unitsAverage value='37'/>
</results>
