<results>
	<result value='loss'/>
	<start value='2015-04-28.22:32:13'/>
	<end value='2015-04-28.22:33:16'/>
	<frames value='51152'/>
	<gameDuration value='3197'/>

	<player>
		<unitScore value='23925'/>
		<killScore value='29950'/>
		<buildingScore value='3250'/>
		<razingScore value='6450'/>
		<mineralScore value='24034'/>
		<gasScore value='5394'/>
		<totalScore value='93003'/>
	</player>

	<enemy>
		<race value='Protoss'/>
		<unitScore value='31600'/>
		<unitScore value='31600'/>
		<killScore value='47850'/>
		<buildingScore value='9125'/>
		<razingScore value='9750'/>
		<mineralScore value='32342'/>
		<gasScore value='9950'/>
		<totalScore value='140617'/>
	</enemy>

	<scoreRatio value='0.661392'/>
</results>
