<results>
	<result value='loss'/>
	<start value='2015-04-28.22:33:20'/>
	<end value='2015-04-28.22:33:30'/>
	<frames value='15657'/>
	<gameDuration value='978'/>

	<player>
		<unitScore value='3075'/>
		<killScore value='800'/>
		<buildingScore value='1825'/>
		<razingScore value='0'/>
		<mineralScore value='4426'/>
		<gasScore value='680'/>
		<totalScore value='10806'/>
	</player>

	<enemy>
		<race value='Protoss'/>
		<unitScore value='3550'/>
		<unitScore value='3550'/>
		<killScore value='6150'/>
		<buildingScore value='3125'/>
		<razingScore value='5475'/>
		<mineralScore value='7954'/>
		<gasScore value='1440'/>
		<totalScore value='27694'/>
	</enemy>

	<scoreRatio value='0.390193'/>
</results>
