<results>
	<result value='win'/>
	<start value='2015-05-06.02:25:45'/>
	<end value='2015-05-06.02:26:29'/>
	<frames value='33451'/>
	<gameDuration value='2090'/>

	<player>
		<unitScore value='21200'/>
		<killScore value='20700'/>
		<buildingScore value='3825'/>
		<razingScore value='17025'/>
		<mineralScore value='26218'/>
		<gasScore value='2272'/>
		<totalScore value='91240'/>
	</player>

	<enemy>
		<race value='Protoss'/>
		<unitScore value='11400'/>
		<unitScore value='11400'/>
		<killScore value='21050'/>
		<buildingScore value='5675'/>
		<razingScore value='150'/>
		<mineralScore value='13874'/>
		<gasScore value='3368'/>
		<totalScore value='55517'/>
	</enemy>

	<scoreRatio value='1.64346'/>
	<timeFitness value='0.709722'/>
	<unitsAverage value='91'/>
</results>
