<results>
	<result value='win'/>
	<start value='2015-05-06.02:34:49'/>
	<end value='2015-05-06.02:35:33'/>
	<frames value='34598'/>
	<gameDuration value='2162'/>

	<player>
		<unitScore value='18825'/>
		<killScore value='16050'/>
		<buildingScore value='3600'/>
		<razingScore value='19575'/>
		<mineralScore value='23122'/>
		<gasScore value='2712'/>
		<totalScore value='83884'/>
	</player>

	<enemy>
		<race value='Protoss'/>
		<unitScore value='8025'/>
		<unitScore value='8025'/>
		<killScore value='17350'/>
		<buildingScore value='6525'/>
		<razingScore value='1350'/>
		<mineralScore value='14946'/>
		<gasScore value='3600'/>
		<totalScore value='51796'/>
	</enemy>

	<scoreRatio value='1.61951'/>
	<timeFitness value='0.699722'/>
	<unitsAverage value='92'/>
</results>
