<results>
	<result value='loss'/>
	<start value='2015-05-06.02:37:49'/>
	<end value='2015-05-06.02:38:52'/>
	<frames value='45944'/>
	<gameDuration value='2871'/>

	<player>
		<unitScore value='26850'/>
		<killScore value='34650'/>
		<buildingScore value='2425'/>
		<razingScore value='300'/>
		<mineralScore value='23978'/>
		<gasScore value='3776'/>
		<totalScore value='91979'/>
	</player>

	<enemy>
		<race value='Protoss'/>
		<unitScore value='36600'/>
		<unitScore value='36600'/>
		<killScore value='53700'/>
		<buildingScore value='7275'/>
		<razingScore value='7275'/>
		<mineralScore value='32298'/>
		<gasScore value='12664'/>
		<totalScore value='149812'/>
	</enemy>

	<scoreRatio value='0.613963'/>
	<timeFitness value='0.39875'/>
	<unitsAverage value='80'/>
</results>
