<results>
	<result value='loss'/>
	<start value='2015-05-06.02:52:38'/>
	<end value='2015-05-06.02:52:48'/>
	<frames value='14975'/>
	<gameDuration value='935'/>

	<player>
		<unitScore value='3050'/>
		<killScore value='1000'/>
		<buildingScore value='1475'/>
		<razingScore value='0'/>
		<mineralScore value='4394'/>
		<gasScore value='816'/>
		<totalScore value='10735'/>
	</player>

	<enemy>
		<race value='Protoss'/>
		<unitScore value='3550'/>
		<unitScore value='3550'/>
		<killScore value='6000'/>
		<buildingScore value='2525'/>
		<razingScore value='4425'/>
		<mineralScore value='7770'/>
		<gasScore value='1312'/>
		<totalScore value='25582'/>
	</enemy>

	<scoreRatio value='0.419631'/>
	<timeFitness value='0.129861'/>
	<unitsAverage value='22'/>
</results>
