<results>
	<result value='win'/>
	<start value='2015-04-27.13:42:12'/>
	<end value='2015-04-27.13:42:56'/>
	<frames value='34660'/>
	<gameDuration value='2166'/>

	<player>
		<unitScore value='16125'/>
		<killScore value='19600'/>
		<buildingScore value='6250'/>
		<razingScore value='8475'/>
		<mineralScore value='36410'/>
		<gasScore value='3216'/>
		<totalScore value='90076'/>
	</player>

	<enemy>
		<race value='Terran'/>
		<unitScore value='9800'/>
		<unitScore value='9800'/>
		<killScore value='8650'/>
		<buildingScore value='2825'/>
		<razingScore value='750'/>
		<mineralScore value='11042'/>
		<gasScore value='4136'/>
		<totalScore value='37203'/>
	</enemy>

	<scoreRatio value='2.4212'/>
</results>
