<results>
	<result value='loss'/>
	<start value='2015-05-07.05:02:57'/>
	<end value='2015-05-07.05:03:10'/>
	<frames value='21857'/>
	<gameDuration value='1366'/>

	<player>
		<unitScore value='5375'/>
		<killScore value='3700'/>
		<buildingScore value='2075'/>
		<razingScore value='0'/>
		<mineralScore value='7170'/>
		<gasScore value='1144'/>
		<totalScore value='19464'/>
	</player>

	<enemy>
		<race value='Terran'/>
		<unitScore value='9325'/>
		<unitScore value='9325'/>
		<killScore value='10750'/>
		<buildingScore value='3325'/>
		<razingScore value='6225'/>
		<mineralScore value='10650'/>
		<gasScore value='4384'/>
		<totalScore value='44659'/>
	</enemy>

	<scoreRatio value='0.435836'/>
	<timeFitness value='0.189722'/>
	<unitsAverage value='32'/>
</results>
