<results>
	<result value='win'/>
	<start value='2015-05-07.05:09:27'/>
	<end value='2015-05-07.05:09:42'/>
	<frames value='20710'/>
	<gameDuration value='1294'/>

	<player>
		<unitScore value='8550'/>
		<killScore value='14700'/>
		<buildingScore value='2525'/>
		<razingScore value='4350'/>
		<mineralScore value='12442'/>
		<gasScore value='1216'/>
		<totalScore value='43783'/>
	</player>

	<enemy>
		<race value='Terran'/>
		<unitScore value='7350'/>
		<unitScore value='7350'/>
		<killScore value='4950'/>
		<buildingScore value='1450'/>
		<razingScore value='0'/>
		<mineralScore value='9146'/>
		<gasScore value='2520'/>
		<totalScore value='25416'/>
	</enemy>

	<scoreRatio value='1.72266'/>
	<timeFitness value='0.820278'/>
	<unitsAverage value='52'/>
</results>
