<results>
	<result value='loss'/>
	<start value='2015-05-07.05:14:10'/>
	<end value='2015-05-07.05:14:19'/>
	<frames value='15905'/>
	<gameDuration value='994'/>

	<player>
		<unitScore value='2750'/>
		<killScore value='850'/>
		<buildingScore value='1475'/>
		<razingScore value='0'/>
		<mineralScore value='4066'/>
		<gasScore value='720'/>
		<totalScore value='9861'/>
	</player>

	<enemy>
		<race value='Terran'/>
		<unitScore value='5450'/>
		<unitScore value='5450'/>
		<killScore value='5500'/>
		<buildingScore value='1800'/>
		<razingScore value='4425'/>
		<mineralScore value='7234'/>
		<gasScore value='2432'/>
		<totalScore value='26841'/>
	</enemy>

	<scoreRatio value='0.367386'/>
	<timeFitness value='0.138056'/>
	<unitsAverage value='20'/>
</results>
