<results>
	<result value='win'/>
	<start value='2015-05-07.05:17:29'/>
	<end value='2015-05-07.05:17:48'/>
	<frames value='25298'/>
	<gameDuration value='1581'/>

	<player>
		<unitScore value='10275'/>
		<killScore value='18600'/>
		<buildingScore value='3500'/>
		<razingScore value='7050'/>
		<mineralScore value='14094'/>
		<gasScore value='1904'/>
		<totalScore value='55423'/>
	</player>

	<enemy>
		<race value='Terran'/>
		<unitScore value='10500'/>
		<unitScore value='10500'/>
		<killScore value='8450'/>
		<buildingScore value='2350'/>
		<razingScore value='1500'/>
		<mineralScore value='10066'/>
		<gasScore value='3440'/>
		<totalScore value='36306'/>
	</enemy>

	<scoreRatio value='1.52655'/>
	<timeFitness value='0.780417'/>
	<unitsAverage value='51'/>
</results>
