<results>
	<result value='win'/>
	<start value='2015-05-07.05:18:23'/>
	<end value='2015-05-07.05:19:02'/>
	<frames value='33203'/>
	<gameDuration value='2075'/>

	<player>
		<unitScore value='18825'/>
		<killScore value='31950'/>
		<buildingScore value='4475'/>
		<razingScore value='11100'/>
		<mineralScore value='26694'/>
		<gasScore value='2144'/>
		<totalScore value='95188'/>
	</player>

	<enemy>
		<race value='Terran'/>
		<unitScore value='17875'/>
		<unitScore value='17875'/>
		<killScore value='15750'/>
		<buildingScore value='3700'/>
		<razingScore value='1425'/>
		<mineralScore value='15582'/>
		<gasScore value='7324'/>
		<totalScore value='61656'/>
	</enemy>

	<scoreRatio value='1.54386'/>
	<timeFitness value='0.711806'/>
	<unitsAverage value='87'/>
</results>
