<results>
	<result value='loss'/>
	<start value='2015-04-08.04:44:36'/>
	<end value='2015-04-08.04:44:45'/>
	<frames value='18106'/>
	<gameDuration value='1131'/>

	<player>
		<unitScore value='5000'/>
		<killScore value='2450'/>
		<buildingScore value='1650'/>
		<razingScore value='0'/>
		<mineralScore value='6402'/>
		<gasScore value='688'/>
		<totalScore value='16190'/>
	</player>

	<enemy>
		<race value='Protoss'/>
		<unitScore value='4525'/>
		<unitScore value='4525'/>
		<killScore value='10100'/>
		<buildingScore value='3275'/>
		<razingScore value='4950'/>
		<mineralScore value='9250'/>
		<gasScore value='2080'/>
		<totalScore value='34180'/>
	</enemy>

	<scoreRatio value='0.473669'/>
</results>
