<results>
	<result value='win'/>
	<start value='2015-05-11.10:00:03'/>
	<end value='2015-05-11.10:00:47'/>
	<frames value='27313'/>
	<gameDuration value='1707'/>

	<player>
		<unitScore value='17025'/>
		<killScore value='26905'/>
		<buildingScore value='4125'/>
		<razingScore value='5040'/>
		<mineralScore value='26910'/>
		<gasScore value='1936'/>
		<totalScore value='81941'/>
	</player>

	<enemy>
		<race value='Zerg'/>
		<unitScore value='12375'/>
		<unitScore value='12375'/>
		<killScore value='9750'/>
		<buildingScore value='1680'/>
		<razingScore value='150'/>
		<mineralScore value='11258'/>
		<gasScore value='3528'/>
		<totalScore value='38741'/>
	</enemy>

	<scoreRatio value='2.1151'/>
	<timeFitness value='0.762917'/>
	<unitsAverage value='95'/>
</results>
