<results>
	<result value='win'/>
	<start value='2015-05-05.21:29:29'/>
	<end value='2015-05-05.21:29:48'/>
	<frames value='23903'/>
	<gameDuration value='1493'/>

	<player>
		<unitScore value='10475'/>
		<killScore value='14100'/>
		<buildingScore value='3050'/>
		<razingScore value='5175'/>
		<mineralScore value='15014'/>
		<gasScore value='1992'/>
		<totalScore value='49806'/>
	</player>

	<enemy>
		<race value='Terran'/>
		<unitScore value='7050'/>
		<unitScore value='7050'/>
		<killScore value='8400'/>
		<buildingScore value='1725'/>
		<razingScore value='150'/>
		<mineralScore value='10130'/>
		<gasScore value='2200'/>
		<totalScore value='29655'/>
	</enemy>

	<scoreRatio value='1.67951'/>
	<timeFitness value='0.792639'/>
	<unitsAverage value='55'/>
</results>
