<results>
	<result value='win'/>
	<start value='2015-05-05.21:45:02'/>
	<end value='2015-05-05.21:45:26'/>
	<frames value='24864'/>
	<gameDuration value='1554'/>

	<player>
		<unitScore value='11700'/>
		<killScore value='20000'/>
		<buildingScore value='3250'/>
		<razingScore value='8250'/>
		<mineralScore value='16930'/>
		<gasScore value='2080'/>
		<totalScore value='62210'/>
	</player>

	<enemy>
		<race value='Terran'/>
		<unitScore value='10400'/>
		<unitScore value='10400'/>
		<killScore value='9800'/>
		<buildingScore value='2750'/>
		<razingScore value='2025'/>
		<mineralScore value='9818'/>
		<gasScore value='4064'/>
		<totalScore value='38857'/>
	</enemy>

	<scoreRatio value='1.601'/>
	<timeFitness value='0.784167'/>
	<unitsAverage value='67'/>
</results>
