<results>
	<result value='win'/>
	<start value='2015-05-05.21:54:46'/>
	<end value='2015-05-05.21:55:06'/>
	<frames value='21981'/>
	<gameDuration value='1373'/>

	<player>
		<unitScore value='10550'/>
		<killScore value='15400'/>
		<buildingScore value='3225'/>
		<razingScore value='5100'/>
		<mineralScore value='17402'/>
		<gasScore value='2216'/>
		<totalScore value='53893'/>
	</player>

	<enemy>
		<race value='Terran'/>
		<unitScore value='7700'/>
		<unitScore value='7700'/>
		<killScore value='6350'/>
		<buildingScore value='1700'/>
		<razingScore value='150'/>
		<mineralScore value='9818'/>
		<gasScore value='2800'/>
		<totalScore value='28518'/>
	</enemy>

	<scoreRatio value='1.88979'/>
	<timeFitness value='0.809306'/>
	<unitsAverage value='68'/>
</results>
