<results>
	<result value='win'/>
	<start value='2015-05-05.21:57:09'/>
	<end value='2015-05-05.21:57:27'/>
	<frames value='23562'/>
	<gameDuration value='1472'/>

	<player>
		<unitScore value='9625'/>
		<killScore value='15350'/>
		<buildingScore value='2625'/>
		<razingScore value='6600'/>
		<mineralScore value='13722'/>
		<gasScore value='1912'/>
		<totalScore value='49834'/>
	</player>

	<enemy>
		<race value='Terran'/>
		<unitScore value='7675'/>
		<unitScore value='7675'/>
		<killScore value='6750'/>
		<buildingScore value='2200'/>
		<razingScore value='150'/>
		<mineralScore value='8762'/>
		<gasScore value='2728'/>
		<totalScore value='28265'/>
	</enemy>

	<scoreRatio value='1.7631'/>
	<timeFitness value='0.795556'/>
	<unitsAverage value='55'/>
</results>
