<results>
	<result value='loss'/>
	<start value='2015-05-05.21:58:58'/>
	<end value='2015-05-05.21:59:37'/>
	<frames value='52888'/>
	<gameDuration value='3305'/>

	<player>
		<unitScore value='19500'/>
		<killScore value='26950'/>
		<buildingScore value='2600'/>
		<razingScore value='1500'/>
		<mineralScore value='22078'/>
		<gasScore value='3032'/>
		<totalScore value='75660'/>
	</player>

	<enemy>
		<race value='Terran'/>
		<unitScore value='32525'/>
		<unitScore value='32525'/>
		<killScore value='39000'/>
		<buildingScore value='5775'/>
		<razingScore value='7800'/>
		<mineralScore value='25494'/>
		<gasScore value='14186'/>
		<totalScore value='124780'/>
	</enemy>

	<scoreRatio value='0.606347'/>
	<timeFitness value='0.459028'/>
	<unitsAverage value='51'/>
</results>
