<results>
	<result value='win'/>
	<start value='2015-05-11.08:36:22'/>
	<end value='2015-05-11.08:37:07'/>
	<frames value='28026'/>
	<gameDuration value='1751'/>

	<player>
		<unitScore value='20175'/>
		<killScore value='32775'/>
		<buildingScore value='3525'/>
		<razingScore value='5040'/>
		<mineralScore value='29466'/>
		<gasScore value='2256'/>
		<totalScore value='93237'/>
	</player>

	<enemy>
		<race value='Zerg'/>
		<unitScore value='14850'/>
		<unitScore value='14850'/>
		<killScore value='19750'/>
		<buildingScore value='1680'/>
		<razingScore value='0'/>
		<mineralScore value='12282'/>
		<gasScore value='3952'/>
		<totalScore value='52514'/>
	</enemy>

	<scoreRatio value='1.77547'/>
	<timeFitness value='0.756806'/>
	<unitsAverage value='104'/>
</results>
