<results>
	<result value='loss'/>
	<start value='2015-05-04.23:06:31'/>
	<end value='2015-05-04.23:06:43'/>
	<frames value='14603'/>
	<gameDuration value='912'/>

	<player>
		<unitScore value='2825'/>
		<killScore value='800'/>
		<buildingScore value='1200'/>
		<razingScore value='0'/>
		<mineralScore value='4146'/>
		<gasScore value='504'/>
		<totalScore value='9475'/>
	</player>

	<enemy>
		<race value='Protoss'/>
		<unitScore value='3550'/>
		<unitScore value='3550'/>
		<killScore value='5650'/>
		<buildingScore value='2325'/>
		<razingScore value='3600'/>
		<mineralScore value='7162'/>
		<gasScore value='1288'/>
		<totalScore value='23575'/>
	</enemy>

	<scoreRatio value='0.401909'/>
	<timeFitness value='0.126667'/>
	<unitsAverage value='22'/>
</results>
