<results>
	<result value='win'/>
	<start value='2015-05-04.23:07:52'/>
	<end value='2015-05-04.23:09:00'/>
	<frames value='36427'/>
	<gameDuration value='2276'/>

	<player>
		<unitScore value='25875'/>
		<killScore value='36000'/>
		<buildingScore value='4325'/>
		<razingScore value='17025'/>
		<mineralScore value='31118'/>
		<gasScore value='3576'/>
		<totalScore value='117919'/>
	</player>

	<enemy>
		<race value='Protoss'/>
		<unitScore value='19700'/>
		<unitScore value='19700'/>
		<killScore value='29250'/>
		<buildingScore value='5675'/>
		<razingScore value='0'/>
		<mineralScore value='19202'/>
		<gasScore value='4952'/>
		<totalScore value='78779'/>
	</enemy>

	<scoreRatio value='1.49683'/>
	<timeFitness value='0.683889'/>
	<unitsAverage value='98'/>
</results>
