<results>
	<result value='win'/>
	<start value='2015-05-04.23:10:40'/>
	<end value='2015-05-04.23:11:21'/>
	<frames value='27933'/>
	<gameDuration value='1745'/>

	<player>
		<unitScore value='16150'/>
		<killScore value='22300'/>
		<buildingScore value='3425'/>
		<razingScore value='12675'/>
		<mineralScore value='21646'/>
		<gasScore value='2280'/>
		<totalScore value='78476'/>
	</player>

	<enemy>
		<race value='Protoss'/>
		<unitScore value='12900'/>
		<unitScore value='12900'/>
		<killScore value='13750'/>
		<buildingScore value='4225'/>
		<razingScore value='150'/>
		<mineralScore value='12398'/>
		<gasScore value='3536'/>
		<totalScore value='46959'/>
	</enemy>

	<scoreRatio value='1.67116'/>
	<timeFitness value='0.757639'/>
	<unitsAverage value='75'/>
</results>
