<results>
	<result value='win'/>
	<start value='2015-07-11.20:21:30'/>
	<end value='2015-07-11.20:24:18'/>
	<frames value='56763'/>
	<gameDuration value='3547'/>

	<player>
		<unitScore value='47300'/>
		<killScore value='22550'/>
		<buildingScore value='4675'/>
		<razingScore value='8775'/>
		<mineralScore value='47382'/>
		<gasScore value='9414'/>
		<totalScore value='140096'/>
	</player>

	<enemy>
		<race value='Terran'/>
		<unitScore value='12575'/>
		<killScore value='70250'/>
		<buildingScore value='2925'/>
		<razingScore value='1050'/>
		<mineralScore value='12010'/>
		<gasScore value='5348'/>
		<totalScore value='104158'/>
	</enemy>

	<scoreRatio value='1.34503'/>
	<timeFitness value='0.507361'/>
	<unitsAverage value='157'/>
</results>
