<results>
	<result value='loss'/>
	<start value='2015-07-11.20:36:18'/>
	<end value='2015-07-11.20:36:36'/>
	<frames value='20617'/>
	<gameDuration value='1288'/>

	<player>
		<unitScore value='8025'/>
		<killScore value='2600'/>
		<buildingScore value='1900'/>
		<razingScore value='0'/>
		<mineralScore value='8762'/>
		<gasScore value='1152'/>
		<totalScore value='22439'/>
	</player>

	<enemy>
		<race value='Terran'/>
		<unitScore value='8300'/>
		<killScore value='15750'/>
		<buildingScore value='2850'/>
		<razingScore value='5700'/>
		<mineralScore value='9738'/>
		<gasScore value='3832'/>
		<totalScore value='46170'/>
	</enemy>

	<scoreRatio value='0.486008'/>
	<timeFitness value='0.178889'/>
	<unitsAverage value='36'/>
</results>
