<results>
	<result value='draw'/>
	<start value='2015-07-11.20:39:23'/>
	<end value='2015-07-11.20:41:01'/>
	<frames value='57601'/>
	<gameDuration value='3600'/>

	<player>
		<unitScore value='37925'/>
		<killScore value='24900'/>
		<buildingScore value='3725'/>
		<razingScore value='0'/>
		<mineralScore value='31550'/>
		<gasScore value='6942'/>
		<totalScore value='105042'/>
	</player>

	<enemy>
		<race value='Terran'/>
		<unitScore value='26200'/>
		<killScore value='66750'/>
		<buildingScore value='4125'/>
		<razingScore value='2550'/>
		<mineralScore value='19550'/>
		<gasScore value='11958'/>
		<totalScore value='131133'/>
	</enemy>

	<scoreRatio value='0.801034'/>
	<timeFitness value='0.5'/>
	<unitsAverage value='96'/>
</results>
