<results>
	<result value='win'/>
	<start value='2015-04-28.01:10:32'/>
	<end value='2015-04-28.01:11:08'/>
	<frames value='37388'/>
	<gameDuration value='2336'/>

	<player>
		<unitScore value='22475'/>
		<killScore value='26150'/>
		<buildingScore value='5400'/>
		<razingScore value='9600'/>
		<mineralScore value='31262'/>
		<gasScore value='4400'/>
		<totalScore value='99287'/>
	</player>

	<enemy>
		<race value='Terran'/>
		<unitScore value='13075'/>
		<unitScore value='13075'/>
		<killScore value='20450'/>
		<buildingScore value='3200'/>
		<razingScore value='3525'/>
		<mineralScore value='12050'/>
		<gasScore value='5254'/>
		<totalScore value='57554'/>
	</enemy>

	<scoreRatio value='1.72511'/>
</results>
