<results>
	<result value='loss'/>
	<start value='2015-04-28.01:11:10'/>
	<end value='2015-04-28.01:11:22'/>
	<frames value='24585'/>
	<gameDuration value='1536'/>

	<player>
		<unitScore value='8050'/>
		<killScore value='4600'/>
		<buildingScore value='2500'/>
		<razingScore value='0'/>
		<mineralScore value='11010'/>
		<gasScore value='1016'/>
		<totalScore value='27176'/>
	</player>

	<enemy>
		<race value='Terran'/>
		<unitScore value='9600'/>
		<unitScore value='9600'/>
		<killScore value='16100'/>
		<buildingScore value='4025'/>
		<razingScore value='7500'/>
		<mineralScore value='12282'/>
		<gasScore value='5480'/>
		<totalScore value='54987'/>
	</enemy>

	<scoreRatio value='0.494226'/>
</results>
