<results>
	<result value='win'/>
	<start value='2015-04-28.01:13:47'/>
	<end value='2015-04-28.01:14:06'/>
	<frames value='25515'/>
	<gameDuration value='1594'/>

	<player>
		<unitScore value='11075'/>
		<killScore value='20650'/>
		<buildingScore value='3500'/>
		<razingScore value='9225'/>
		<mineralScore value='17766'/>
		<gasScore value='2320'/>
		<totalScore value='64536'/>
	</player>

	<enemy>
		<race value='Terran'/>
		<unitScore value='12625'/>
		<unitScore value='12625'/>
		<killScore value='5200'/>
		<buildingScore value='3075'/>
		<razingScore value='825'/>
		<mineralScore value='11618'/>
		<gasScore value='4824'/>
		<totalScore value='38167'/>
	</enemy>

	<scoreRatio value='1.69088'/>
</results>
