<results>
	<result value='loss'/>
	<start value='2015-04-28.01:14:57'/>
	<end value='2015-04-28.01:15:04'/>
	<frames value='16866'/>
	<gameDuration value='1054'/>

	<player>
		<unitScore value='3850'/>
		<killScore value='1200'/>
		<buildingScore value='1775'/>
		<razingScore value='0'/>
		<mineralScore value='5682'/>
		<gasScore value='1048'/>
		<totalScore value='13555'/>
	</player>

	<enemy>
		<race value='Terran'/>
		<unitScore value='6000'/>
		<unitScore value='6000'/>
		<killScore value='7700'/>
		<buildingScore value='2625'/>
		<razingScore value='5325'/>
		<mineralScore value='7874'/>
		<gasScore value='2320'/>
		<totalScore value='31844'/>
	</enemy>

	<scoreRatio value='0.425669'/>
</results>
