<results>
	<result value='loss'/>
	<start value='2015-07-07.17:46:45'/>
	<end value='2015-07-07.17:47:06'/>
	<frames value='19873'/>
	<gameDuration value='1242'/>

	<player>
		<unitScore value='5800'/>
		<killScore value='1650'/>
		<buildingScore value='1975'/>
		<razingScore value='0'/>
		<mineralScore value='7194'/>
		<gasScore value='1048'/>
		<totalScore value='17667'/>
	</player>

	<enemy>
		<race value='Terran'/>
		<unitScore value='7775'/>
		<killScore value='11600'/>
		<buildingScore value='2850'/>
		<razingScore value='5925'/>
		<mineralScore value='9242'/>
		<gasScore value='3624'/>
		<totalScore value='41016'/>
	</enemy>

	<scoreRatio value='0.430734'/>
	<timeFitness value='0.1725'/>
	<unitsAverage value='31'/>
</results>
