<results>
	<result value='loss'/>
	<start value='2015-07-07.18:17:20'/>
	<end value='2015-07-07.18:17:44'/>
	<frames value='22322'/>
	<gameDuration value='1395'/>

	<player>
		<unitScore value='9525'/>
		<killScore value='3750'/>
		<buildingScore value='2775'/>
		<razingScore value='0'/>
		<mineralScore value='9978'/>
		<gasScore value='1816'/>
		<totalScore value='27844'/>
	</player>

	<enemy>
		<race value='Terran'/>
		<unitScore value='7250'/>
		<killScore value='19050'/>
		<buildingScore value='2650'/>
		<razingScore value='8325'/>
		<mineralScore value='10690'/>
		<gasScore value='3576'/>
		<totalScore value='51541'/>
	</enemy>

	<scoreRatio value='0.54023'/>
	<timeFitness value='0.19375'/>
	<unitsAverage value='31'/>
</results>
