<results>
	<result value='loss'/>
	<start value='2015-05-05.19:58:00'/>
	<end value='2015-05-05.19:58:12'/>
	<frames value='15006'/>
	<gameDuration value='937'/>

	<player>
		<unitScore value='2250'/>
		<killScore value='300'/>
		<buildingScore value='1350'/>
		<razingScore value='0'/>
		<mineralScore value='3386'/>
		<gasScore value='592'/>
		<totalScore value='7878'/>
	</player>

	<enemy>
		<race value='Terran'/>
		<unitScore value='4850'/>
		<unitScore value='4850'/>
		<killScore value='4500'/>
		<buildingScore value='1450'/>
		<razingScore value='4050'/>
		<mineralScore value='7002'/>
		<gasScore value='2008'/>
		<totalScore value='23860'/>
	</enemy>

	<scoreRatio value='0.330176'/>
	<timeFitness value='0.130139'/>
	<unitsAverage value='18'/>
</results>
