<results>
	<result value='loss'/>
	<start value='2015-05-05.20:00:05'/>
	<end value='2015-05-05.20:00:22'/>
	<frames value='19005'/>
	<gameDuration value='1187'/>

	<player>
		<unitScore value='3200'/>
		<killScore value='2350'/>
		<buildingScore value='1800'/>
		<razingScore value='0'/>
		<mineralScore value='4578'/>
		<gasScore value='1408'/>
		<totalScore value='13336'/>
	</player>

	<enemy>
		<race value='Terran'/>
		<unitScore value='7250'/>
		<unitScore value='7250'/>
		<killScore value='6400'/>
		<buildingScore value='2850'/>
		<razingScore value='5400'/>
		<mineralScore value='8842'/>
		<gasScore value='3160'/>
		<totalScore value='33902'/>
	</enemy>

	<scoreRatio value='0.393369'/>
	<timeFitness value='0.164861'/>
	<unitsAverage value='22'/>
</results>
