<results>
	<result value='loss'/>
	<start value='2015-05-05.20:02:54'/>
	<end value='2015-05-05.20:03:13'/>
	<frames value='20896'/>
	<gameDuration value='1306'/>

	<player>
		<unitScore value='5200'/>
		<killScore value='3050'/>
		<buildingScore value='2000'/>
		<razingScore value='0'/>
		<mineralScore value='6738'/>
		<gasScore value='1120'/>
		<totalScore value='18108'/>
	</player>

	<enemy>
		<race value='Terran'/>
		<unitScore value='8150'/>
		<unitScore value='8150'/>
		<killScore value='10400'/>
		<buildingScore value='2925'/>
		<razingScore value='6000'/>
		<mineralScore value='9946'/>
		<gasScore value='3776'/>
		<totalScore value='41197'/>
	</enemy>

	<scoreRatio value='0.439547'/>
	<timeFitness value='0.181389'/>
	<unitsAverage value='29'/>
</results>
