<results>
	<result value='loss'/>
	<start value='2015-04-14.16:10:24'/>
	<end value='2015-04-14.16:10:32'/>
	<frames value='14014'/>
	<gameDuration value='875'/>

	<player>
		<unitScore value='2175'/>
		<killScore value='200'/>
		<buildingScore value='1525'/>
		<razingScore value='0'/>
		<mineralScore value='4002'/>
		<gasScore value='856'/>
		<totalScore value='8758'/>
	</player>

	<enemy>
		<race value='Protoss'/>
		<unitScore value='3500'/>
		<unitScore value='3500'/>
		<killScore value='4350'/>
		<buildingScore value='2375'/>
		<razingScore value='4575'/>
		<mineralScore value='7146'/>
		<gasScore value='1224'/>
		<totalScore value='23170'/>
	</enemy>

	<scoreRatio value='0.377989'/>
</results>
