<results>
	<result value='draw'/>
	<start value='2015-04-14.16:10:34'/>
	<end value='2015-04-14.16:11:46'/>
	<frames value='57601'/>
	<gameDuration value='3600'/>

	<player>
		<unitScore value='33025'/>
		<killScore value='32650'/>
		<buildingScore value='3425'/>
		<razingScore value='17325'/>
		<mineralScore value='35230'/>
		<gasScore value='8824'/>
		<totalScore value='130479'/>
	</player>

	<enemy>
		<race value='Protoss'/>
		<unitScore value='16925'/>
		<unitScore value='16925'/>
		<killScore value='43700'/>
		<buildingScore value='6525'/>
		<razingScore value='375'/>
		<mineralScore value='21578'/>
		<gasScore value='6064'/>
		<totalScore value='95167'/>
	</enemy>

	<scoreRatio value='1.37105'/>
</results>
