<results>
	<result value='win'/>
	<start value='2015-05-10.08:00:05'/>
	<end value='2015-05-10.08:00:37'/>
	<frames value='26817'/>
	<gameDuration value='1676'/>

	<player>
		<unitScore value='18925'/>
		<killScore value='30760'/>
		<buildingScore value='3875'/>
		<razingScore value='5520'/>
		<mineralScore value='26850'/>
		<gasScore value='2840'/>
		<totalScore value='88770'/>
	</player>

	<enemy>
		<race value='Zerg'/>
		<unitScore value='13375'/>
		<unitScore value='13375'/>
		<killScore value='17100'/>
		<buildingScore value='1840'/>
		<razingScore value='0'/>
		<mineralScore value='12202'/>
		<gasScore value='3576'/>
		<totalScore value='48093'/>
	</enemy>

	<scoreRatio value='1.8458'/>
	<timeFitness value='0.767222'/>
	<unitsAverage value='100'/>
</results>
