<results>
	<result value='loss'/>
	<start value='2015-07-17.21:48:50'/>
	<end value='2015-07-17.21:49:05'/>
	<frames value='17114'/>
	<gameDuration value='1069'/>

	<player>
		<unitScore value='3375'/>
		<killScore value='1200'/>
		<buildingScore value='1450'/>
		<razingScore value='0'/>
		<mineralScore value='4538'/>
		<gasScore value='1192'/>
		<totalScore value='11755'/>
	</player>

	<enemy>
		<race value='Terran'/>
		<unitScore value='6175'/>
		<killScore value='6750'/>
		<buildingScore value='2625'/>
		<razingScore value='4350'/>
		<mineralScore value='7962'/>
		<gasScore value='2400'/>
		<totalScore value='30262'/>
	</enemy>

	<scoreRatio value='0.388441'/>
	<timeFitness value='0.148472'/>
	<unitsAverage value='20'/>
</results>
