<results>
	<result value='loss'/>
	<start value='2015-07-17.21:58:04'/>
	<end value='2015-07-17.21:58:18'/>
	<frames value='16339'/>
	<gameDuration value='1021'/>

	<player>
		<unitScore value='1350'/>
		<killScore value='200'/>
		<buildingScore value='1725'/>
		<razingScore value='0'/>
		<mineralScore value='3034'/>
		<gasScore value='784'/>
		<totalScore value='7093'/>
	</player>

	<enemy>
		<race value='Terran'/>
		<unitScore value='5175'/>
		<killScore value='2600'/>
		<buildingScore value='1950'/>
		<razingScore value='5175'/>
		<mineralScore value='7450'/>
		<gasScore value='2296'/>
		<totalScore value='24646'/>
	</enemy>

	<scoreRatio value='0.287795'/>
	<timeFitness value='0.141806'/>
	<unitsAverage value='16'/>
</results>
