<results>
	<result value='loss'/>
	<start value='2015-05-06.01:29:56'/>
	<end value='2015-05-06.01:30:21'/>
	<frames value='25050'/>
	<gameDuration value='1565'/>

	<player>
		<unitScore value='5125'/>
		<killScore value='9150'/>
		<buildingScore value='1775'/>
		<razingScore value='0'/>
		<mineralScore value='6282'/>
		<gasScore value='680'/>
		<totalScore value='23012'/>
	</player>

	<enemy>
		<race value='Zerg'/>
		<unitScore value='14025'/>
		<unitScore value='14025'/>
		<killScore value='10250'/>
		<buildingScore value='2865'/>
		<razingScore value='5325'/>
		<mineralScore value='13450'/>
		<gasScore value='4960'/>
		<totalScore value='50875'/>
	</enemy>

	<scoreRatio value='0.452324'/>
	<timeFitness value='0.217361'/>
	<unitsAverage value='32'/>
</results>
