<results>
	<result value='win'/>
	<start value='2015-05-06.01:47:37'/>
	<end value='2015-05-06.01:48:32'/>
	<frames value='32149'/>
	<gameDuration value='2009'/>

	<player>
		<unitScore value='16300'/>
		<killScore value='14390'/>
		<buildingScore value='4525'/>
		<razingScore value='10065'/>
		<mineralScore value='20218'/>
		<gasScore value='2360'/>
		<totalScore value='67858'/>
	</player>

	<enemy>
		<race value='Zerg'/>
		<unitScore value='7050'/>
		<unitScore value='7050'/>
		<killScore value='12000'/>
		<buildingScore value='3355'/>
		<razingScore value='2850'/>
		<mineralScore value='9566'/>
		<gasScore value='3392'/>
		<totalScore value='38213'/>
	</enemy>

	<scoreRatio value='1.77578'/>
	<timeFitness value='0.720972'/>
	<unitsAverage value='84'/>
</results>
