<results>
	<result value='loss'/>
	<start value='2015-07-12.20:42:01'/>
	<end value='2015-07-12.20:42:11'/>
	<frames value='14975'/>
	<gameDuration value='935'/>

	<player>
		<unitScore value='3700'/>
		<killScore value='1000'/>
		<buildingScore value='1450'/>
		<razingScore value='0'/>
		<mineralScore value='4418'/>
		<gasScore value='832'/>
		<totalScore value='11400'/>
	</player>

	<enemy>
		<race value='Protoss'/>
		<unitScore value='3550'/>
		<killScore value='7300'/>
		<buildingScore value='2475'/>
		<razingScore value='4350'/>
		<mineralScore value='7626'/>
		<gasScore value='1264'/>
		<totalScore value='26565'/>
	</enemy>

	<scoreRatio value='0.429136'/>
	<timeFitness value='0.129861'/>
	<unitsAverage value='23'/>
</results>
