<results>
	<result value='loss'/>
	<start value='2015-07-12.20:45:41'/>
	<end value='2015-07-12.20:45:55'/>
	<frames value='20090'/>
	<gameDuration value='1255'/>

	<player>
		<unitScore value='5975'/>
		<killScore value='600'/>
		<buildingScore value='2450'/>
		<razingScore value='0'/>
		<mineralScore value='7666'/>
		<gasScore value='1160'/>
		<totalScore value='17851'/>
	</player>

	<enemy>
		<race value='Protoss'/>
		<unitScore value='4650'/>
		<killScore value='11650'/>
		<buildingScore value='5175'/>
		<razingScore value='7350'/>
		<mineralScore value='11610'/>
		<gasScore value='2112'/>
		<totalScore value='42547'/>
	</enemy>

	<scoreRatio value='0.41956'/>
	<timeFitness value='0.174306'/>
	<unitsAverage value='29'/>
</results>
