<results>
	<result value='loss'/>
	<start value='2015-07-12.20:50:31'/>
	<end value='2015-07-12.20:50:47'/>
	<frames value='19749'/>
	<gameDuration value='1234'/>

	<player>
		<unitScore value='4425'/>
		<killScore value='1000'/>
		<buildingScore value='2400'/>
		<razingScore value='0'/>
		<mineralScore value='7122'/>
		<gasScore value='880'/>
		<totalScore value='15827'/>
	</player>

	<enemy>
		<race value='Protoss'/>
		<unitScore value='4400'/>
		<killScore value='8600'/>
		<buildingScore value='4475'/>
		<razingScore value='7200'/>
		<mineralScore value='10778'/>
		<gasScore value='2056'/>
		<totalScore value='37509'/>
	</enemy>

	<scoreRatio value='0.421952'/>
	<timeFitness value='0.171389'/>
	<unitsAverage value='31'/>
</results>
