<results>
	<result value='loss'/>
	<start value='2015-05-01.21:34:10'/>
	<end value='2015-05-01.21:34:26'/>
	<frames value='27716'/>
	<gameDuration value='1732'/>

	<player>
		<unitScore value='4925'/>
		<killScore value='3500'/>
		<buildingScore value='1550'/>
		<razingScore value='0'/>
		<mineralScore value='6690'/>
		<gasScore value='832'/>
		<totalScore value='17497'/>
	</player>

	<enemy>
		<race value='Protoss'/>
		<unitScore value='12800'/>
		<unitScore value='12800'/>
		<killScore value='9850'/>
		<buildingScore value='6825'/>
		<razingScore value='4650'/>
		<mineralScore value='17118'/>
		<gasScore value='6512'/>
		<totalScore value='57755'/>
	</enemy>

	<scoreRatio value='0.302952'/>
	<timeFitness value='0.240556'/>
	<unitsAverage value='23'/>
</results>
