<results>
	<result value='win'/>
	<start value='2015-05-16.20:37:08'/>
	<end value='2015-05-16.20:37:38'/>
	<frames value='29483'/>
	<gameDuration value='1842'/>

	<player>
		<unitScore value='15300'/>
		<killScore value='27410'/>
		<buildingScore value='4050'/>
		<razingScore value='7950'/>
		<mineralScore value='19066'/>
		<gasScore value='3240'/>
		<totalScore value='77016'/>
	</player>

	<enemy>
		<race value='Zerg'/>
		<unitScore value='11900'/>
		<unitScore value='11900'/>
		<killScore value='12550'/>
		<buildingScore value='2650'/>
		<razingScore value='4125'/>
		<mineralScore value='11866'/>
		<gasScore value='3616'/>
		<totalScore value='46707'/>
	</enemy>

	<scoreRatio value='1.64892'/>
	<timeFitness value='0.744167'/>
	<unitsAverage value='78'/>
</results>
