<results>
	<result value='win'/>
	<start value='2015-05-16.20:46:38'/>
	<end value='2015-05-16.20:47:52'/>
	<frames value='40240'/>
	<gameDuration value='2515'/>

	<player>
		<unitScore value='20675'/>
		<killScore value='23530'/>
		<buildingScore value='4375'/>
		<razingScore value='6930'/>
		<mineralScore value='39070'/>
		<gasScore value='4624'/>
		<totalScore value='99204'/>
	</player>

	<enemy>
		<race value='Zerg'/>
		<unitScore value='10600'/>
		<unitScore value='10600'/>
		<killScore value='13100'/>
		<buildingScore value='2310'/>
		<razingScore value='150'/>
		<mineralScore value='10854'/>
		<gasScore value='3344'/>
		<totalScore value='40358'/>
	</enemy>

	<scoreRatio value='2.4581'/>
	<timeFitness value='0.650694'/>
	<unitsAverage value='146'/>
</results>
