<results>
	<result value='loss'/>
	<start value='2015-04-10.17:26:00'/>
	<end value='2015-04-10.17:26:11'/>
	<frames value='19625'/>
	<gameDuration value='1226'/>

	<player>
		<unitScore value='5425'/>
		<killScore value='2000'/>
		<buildingScore value='2125'/>
		<razingScore value='0'/>
		<mineralScore value='7698'/>
		<gasScore value='1152'/>
		<totalScore value='18400'/>
	</player>

	<enemy>
		<race value='Protoss'/>
		<unitScore value='5425'/>
		<unitScore value='5425'/>
		<killScore value='10950'/>
		<buildingScore value='4475'/>
		<razingScore value='6375'/>
		<mineralScore value='10074'/>
		<gasScore value='2680'/>
		<totalScore value='39979'/>
	</enemy>

	<scoreRatio value='0.460242'/>
</results>
