<results>
	<result value='loss'/>
	<start value='2015-05-04.00:44:11'/>
	<end value='2015-05-04.00:44:59'/>
	<frames value='46595'/>
	<gameDuration value='2912'/>

	<player>
		<unitScore value='9100'/>
		<killScore value='9900'/>
		<buildingScore value='2450'/>
		<razingScore value='0'/>
		<mineralScore value='13306'/>
		<gasScore value='1760'/>
		<totalScore value='36516'/>
	</player>

	<enemy>
		<race value='Terran'/>
		<unitScore value='22150'/>
		<unitScore value='22150'/>
		<killScore value='18200'/>
		<buildingScore value='5425'/>
		<razingScore value='7350'/>
		<mineralScore value='28274'/>
		<gasScore value='11178'/>
		<totalScore value='92577'/>
	</enemy>

	<scoreRatio value='0.394439'/>
	<timeFitness value='0.404444'/>
	<unitsAverage value='31'/>
</results>
