<results>
	<result value='win'/>
	<start value='2015-05-04.01:06:21'/>
	<end value='2015-05-04.01:06:57'/>
	<frames value='23624'/>
	<gameDuration value='1476'/>

	<player>
		<unitScore value='11600'/>
		<killScore value='17300'/>
		<buildingScore value='3825'/>
		<razingScore value='6225'/>
		<mineralScore value='18066'/>
		<gasScore value='2104'/>
		<totalScore value='59120'/>
	</player>

	<enemy>
		<race value='Terran'/>
		<unitScore value='8650'/>
		<unitScore value='8650'/>
		<killScore value='5750'/>
		<buildingScore value='2175'/>
		<razingScore value='1575'/>
		<mineralScore value='9842'/>
		<gasScore value='3032'/>
		<totalScore value='31024'/>
	</enemy>

	<scoreRatio value='1.90562'/>
	<timeFitness value='0.795'/>
	<unitsAverage value='75'/>
</results>
