<results>
	<result value='win'/>
	<start value='2015-04-03.19:53:44'/>
	<end value='2015-04-03.19:54:13'/>
	<frames value='30506'/>
	<gameDuration value='1906'/>

	<player>
		<unitScore value='16175'/>
		<killScore value='18150'/>
		<buildingScore value='3625'/>
		<razingScore value='14175'/>
		<mineralScore value='24314'/>
		<gasScore value='2488'/>
		<totalScore value='78927'/>
	</player>

	<enemy>
		<race value='Protoss'/>
		<unitScore value='9425'/>
		<unitScore value='9425'/>
		<killScore value='10100'/>
		<buildingScore value='4725'/>
		<razingScore value='300'/>
		<mineralScore value='11946'/>
		<gasScore value='1872'/>
		<totalScore value='38368'/>
	</enemy>

	<scoreRatio value='2.0571'/>
</results>
