<results>
	<result value='win'/>
	<start value='2014-07-22.17:58:40'/>
	<end value='2014-07-22.17:59:20'/>
	<frames value='37853'/>
	<gameDuration value='2365'/>

	<player>
		<unitScore value='25400'/>
		<killScore value='34360'/>
		<buildingScore value='3350'/>
		<razingScore value='7035'/>
		<mineralScore value='28350'/>
		<gasScore value='2768'/>
		<totalScore value='101263'/>
	</player>

	<enemy>
		<race value='Zerg'/>
		<unitScore value='16925'/>
		<unitScore value='16925'/>
		<killScore value='37100'/>
		<buildingScore value='2345'/>
		<razingScore value='0'/>
		<mineralScore value='13946'/>
		<gasScore value='5440'/>
		<totalScore value='75756'/>
	</enemy>

	<scoreRatio value='1.3367'/>
</results>
