<results>
	<result value='win'/>
	<start value='2015-04-17.00:15:13'/>
	<end value='2015-04-17.00:15:37'/>
	<frames value='20059'/>
	<gameDuration value='1253'/>

	<player>
		<unitScore value='8350'/>
		<killScore value='13100'/>
		<buildingScore value='2600'/>
		<razingScore value='9375'/>
		<mineralScore value='12026'/>
		<gasScore value='2000'/>
		<totalScore value='47451'/>
	</player>

	<enemy>
		<race value='Protoss'/>
		<unitScore value='6900'/>
		<unitScore value='6900'/>
		<killScore value='4400'/>
		<buildingScore value='3125'/>
		<razingScore value='0'/>
		<mineralScore value='8618'/>
		<gasScore value='2000'/>
		<totalScore value='25043'/>
	</enemy>

	<scoreRatio value='1.89478'/>
</results>
