<results>
	<result value='draw'/>
	<start value='2015-07-07.23:54:25'/>
	<end value='2015-07-07.23:55:47'/>
	<frames value='57601'/>
	<gameDuration value='3600'/>

	<player>
		<unitScore value='27525'/>
		<killScore value='16500'/>
		<buildingScore value='4825'/>
		<razingScore value='750'/>
		<mineralScore value='28914'/>
		<gasScore value='4232'/>
		<totalScore value='82746'/>
	</player>

	<enemy>
		<race value='Terran'/>
		<unitScore value='15450'/>
		<killScore value='45300'/>
		<buildingScore value='3250'/>
		<razingScore value='7875'/>
		<mineralScore value='24042'/>
		<gasScore value='6586'/>
		<totalScore value='102503'/>
	</enemy>

	<scoreRatio value='0.807254'/>
	<timeFitness value='0.5'/>
	<unitsAverage value='59'/>
</results>
