<results>
	<result value='win'/>
	<start value='2015-05-10.06:15:17'/>
	<end value='2015-05-10.06:15:49'/>
	<frames value='30010'/>
	<gameDuration value='1875'/>

	<player>
		<unitScore value='19750'/>
		<killScore value='28500'/>
		<buildingScore value='4175'/>
		<razingScore value='14925'/>
		<mineralScore value='30354'/>
		<gasScore value='1968'/>
		<totalScore value='99672'/>
	</player>

	<enemy>
		<race value='Protoss'/>
		<unitScore value='14475'/>
		<unitScore value='14475'/>
		<killScore value='16150'/>
		<buildingScore value='4975'/>
		<razingScore value='0'/>
		<mineralScore value='16110'/>
		<gasScore value='3704'/>
		<totalScore value='55414'/>
	</enemy>

	<scoreRatio value='1.79868'/>
	<timeFitness value='0.739583'/>
	<unitsAverage value='113'/>
</results>
