<results>
	<result value='loss'/>
	<start value='2015-05-10.06:16:41'/>
	<end value='2015-05-10.06:16:49'/>
	<frames value='16959'/>
	<gameDuration value='1059'/>

	<player>
		<unitScore value='3800'/>
		<killScore value='1400'/>
		<buildingScore value='1950'/>
		<razingScore value='0'/>
		<mineralScore value='6018'/>
		<gasScore value='776'/>
		<totalScore value='13944'/>
	</player>

	<enemy>
		<race value='Protoss'/>
		<unitScore value='4225'/>
		<unitScore value='4225'/>
		<killScore value='7600'/>
		<buildingScore value='3425'/>
		<razingScore value='5850'/>
		<mineralScore value='8634'/>
		<gasScore value='2024'/>
		<totalScore value='31758'/>
	</enemy>

	<scoreRatio value='0.43907'/>
	<timeFitness value='0.147083'/>
	<unitsAverage value='29'/>
</results>
