<results>
	<result value='loss'/>
	<start value='2015-05-10.06:16:51'/>
	<end value='2015-05-10.06:17:10'/>
	<frames value='33482'/>
	<gameDuration value='2092'/>

	<player>
		<unitScore value='9900'/>
		<killScore value='9400'/>
		<buildingScore value='1950'/>
		<razingScore value='300'/>
		<mineralScore value='11538'/>
		<gasScore value='2128'/>
		<totalScore value='35216'/>
	</player>

	<enemy>
		<race value='Protoss'/>
		<unitScore value='18550'/>
		<unitScore value='18550'/>
		<killScore value='19550'/>
		<buildingScore value='7025'/>
		<razingScore value='5850'/>
		<mineralScore value='22066'/>
		<gasScore value='8256'/>
		<totalScore value='81297'/>
	</enemy>

	<scoreRatio value='0.433177'/>
	<timeFitness value='0.290556'/>
	<unitsAverage value='37'/>
</results>
