<results>
	<result value='loss'/>
	<start value='2014-07-24.15:01:01'/>
	<end value='2014-07-24.15:01:26'/>
	<frames value='46936'/>
	<gameDuration value='2933'/>

	<player>
		<unitScore value='9675'/>
		<killScore value='10300'/>
		<buildingScore value='4100'/>
		<razingScore value='225'/>
		<mineralScore value='17326'/>
		<gasScore value='1904'/>
		<totalScore value='43530'/>
	</player>

	<enemy>
		<race value='Terran'/>
		<unitScore value='22450'/>
		<unitScore value='22450'/>
		<killScore value='19350'/>
		<buildingScore value='5400'/>
		<razingScore value='12525'/>
		<mineralScore value='28914'/>
		<gasScore value='11248'/>
		<totalScore value='99887'/>
	</enemy>

	<scoreRatio value='0.435792'/>
</results>
