<results>
	<result value='win'/>
	<start value='2014-07-24.15:03:45'/>
	<end value='2014-07-24.15:04:03'/>
	<frames value='24988'/>
	<gameDuration value='1561'/>

	<player>
		<unitScore value='11200'/>
		<killScore value='15700'/>
		<buildingScore value='3975'/>
		<razingScore value='9075'/>
		<mineralScore value='19522'/>
		<gasScore value='2424'/>
		<totalScore value='61896'/>
	</player>

	<enemy>
		<race value='Terran'/>
		<unitScore value='8150'/>
		<unitScore value='8150'/>
		<killScore value='6200'/>
		<buildingScore value='3025'/>
		<razingScore value='1950'/>
		<mineralScore value='9802'/>
		<gasScore value='3512'/>
		<totalScore value='32639'/>
	</enemy>

	<scoreRatio value='1.89638'/>
</results>
