<results>
	<result value='win'/>
	<start value='2015-05-05.03:58:17'/>
	<end value='2015-05-05.03:58:39'/>
	<frames value='24895'/>
	<gameDuration value='1555'/>

	<player>
		<unitScore value='12700'/>
		<killScore value='19800'/>
		<buildingScore value='3900'/>
		<razingScore value='6675'/>
		<mineralScore value='21794'/>
		<gasScore value='1576'/>
		<totalScore value='66445'/>
	</player>

	<enemy>
		<race value='Terran'/>
		<unitScore value='10200'/>
		<unitScore value='10200'/>
		<killScore value='6050'/>
		<buildingScore value='2225'/>
		<razingScore value='375'/>
		<mineralScore value='11214'/>
		<gasScore value='3848'/>
		<totalScore value='33912'/>
	</enemy>

	<scoreRatio value='1.95934'/>
	<timeFitness value='0.784028'/>
	<unitsAverage value='88'/>
</results>
