<results>
	<result value='loss'/>
	<start value='2015-05-05.04:15:57'/>
	<end value='2015-05-05.04:16:30'/>
	<frames value='49075'/>
	<gameDuration value='3067'/>

	<player>
		<unitScore value='21625'/>
		<killScore value='30650'/>
		<buildingScore value='2925'/>
		<razingScore value='900'/>
		<mineralScore value='23482'/>
		<gasScore value='2968'/>
		<totalScore value='82550'/>
	</player>

	<enemy>
		<race value='Terran'/>
		<unitScore value='33675'/>
		<unitScore value='33675'/>
		<killScore value='43250'/>
		<buildingScore value='5175'/>
		<razingScore value='8775'/>
		<mineralScore value='24890'/>
		<gasScore value='15256'/>
		<totalScore value='131021'/>
	</enemy>

	<scoreRatio value='0.630052'/>
	<timeFitness value='0.425972'/>
	<unitsAverage value='60'/>
</results>
