<results>
	<result value='loss'/>
	<start value='2015-07-16.12:53:30'/>
	<end value='2015-07-16.12:53:40'/>
	<frames value='16711'/>
	<gameDuration value='1044'/>

	<player>
		<unitScore value='3625'/>
		<killScore value='600'/>
		<buildingScore value='1875'/>
		<razingScore value='0'/>
		<mineralScore value='4442'/>
		<gasScore value='864'/>
		<totalScore value='11406'/>
	</player>

	<enemy>
		<race value='Terran'/>
		<unitScore value='5750'/>
		<killScore value='7250'/>
		<buildingScore value='1950'/>
		<razingScore value='5625'/>
		<mineralScore value='7586'/>
		<gasScore value='2680'/>
		<totalScore value='30841'/>
	</enemy>

	<scoreRatio value='0.369832'/>
	<timeFitness value='0.145'/>
	<unitsAverage value='20'/>
</results>
