<results>
	<result value='loss'/>
	<start value='2015-05-06.14:00:43'/>
	<end value='2015-05-06.14:01:02'/>
	<frames value='37450'/>
	<gameDuration value='2340'/>

	<player>
		<unitScore value='10475'/>
		<killScore value='10700'/>
		<buildingScore value='2375'/>
		<razingScore value='0'/>
		<mineralScore value='12462'/>
		<gasScore value='2616'/>
		<totalScore value='38628'/>
	</player>

	<enemy>
		<race value='Protoss'/>
		<unitScore value='22350'/>
		<unitScore value='22350'/>
		<killScore value='20950'/>
		<buildingScore value='7075'/>
		<razingScore value='7125'/>
		<mineralScore value='24690'/>
		<gasScore value='9528'/>
		<totalScore value='91718'/>
	</enemy>

	<scoreRatio value='0.421161'/>
	<timeFitness value='0.325'/>
	<unitsAverage value='33'/>
</results>
