<results>
	<result value='loss'/>
	<start value='2015-05-06.13:59:24'/>
	<end value='2015-05-06.13:59:54'/>
	<frames value='42565'/>
	<gameDuration value='2660'/>

	<player>
		<unitScore value='17300'/>
		<killScore value='18450'/>
		<buildingScore value='2525'/>
		<razingScore value='0'/>
		<mineralScore value='21114'/>
		<gasScore value='1504'/>
		<totalScore value='60893'/>
	</player>

	<enemy>
		<race value='Protoss'/>
		<unitScore value='28275'/>
		<unitScore value='28275'/>
		<killScore value='34600'/>
		<buildingScore value='7075'/>
		<razingScore value='7575'/>
		<mineralScore value='27994'/>
		<gasScore value='10814'/>
		<totalScore value='116333'/>
	</enemy>

	<scoreRatio value='0.523437'/>
	<timeFitness value='0.369444'/>
	<unitsAverage value='56'/>
</results>
