<results>
	<result value='loss'/>
	<start value='2015-05-06.14:11:52'/>
	<end value='2015-05-06.14:11:59'/>
	<frames value='15068'/>
	<gameDuration value='941'/>

	<player>
		<unitScore value='2500'/>
		<killScore value='400'/>
		<buildingScore value='1600'/>
		<razingScore value='0'/>
		<mineralScore value='4154'/>
		<gasScore value='704'/>
		<totalScore value='9358'/>
	</player>

	<enemy>
		<race value='Protoss'/>
		<unitScore value='3550'/>
		<unitScore value='3550'/>
		<killScore value='5000'/>
		<buildingScore value='2575'/>
		<razingScore value='4800'/>
		<mineralScore value='7626'/>
		<gasScore value='1368'/>
		<totalScore value='24919'/>
	</enemy>

	<scoreRatio value='0.375537'/>
	<timeFitness value='0.130694'/>
	<unitsAverage value='22'/>
</results>
