<results>
	<result value='win'/>
	<start value='2015-05-06.14:21:17'/>
	<end value='2015-05-06.14:21:34'/>
	<frames value='25701'/>
	<gameDuration value='1606'/>

	<player>
		<unitScore value='10150'/>
		<killScore value='8200'/>
		<buildingScore value='2075'/>
		<razingScore value='14775'/>
		<mineralScore value='14406'/>
		<gasScore value='2216'/>
		<totalScore value='51822'/>
	</player>

	<enemy>
		<race value='Protoss'/>
		<unitScore value='4100'/>
		<unitScore value='4100'/>
		<killScore value='9100'/>
		<buildingScore value='4925'/>
		<razingScore value='150'/>
		<mineralScore value='10362'/>
		<gasScore value='1824'/>
		<totalScore value='30461'/>
	</enemy>

	<scoreRatio value='1.70126'/>
	<timeFitness value='0.776944'/>
	<unitsAverage value='56'/>
</results>
