<results>
	<result value='loss'/>
	<start value='2015-05-06.14:23:04'/>
	<end value='2015-05-06.14:23:20'/>
	<frames value='31653'/>
	<gameDuration value='1978'/>

	<player>
		<unitScore value='6150'/>
		<killScore value='5800'/>
		<buildingScore value='1825'/>
		<razingScore value='0'/>
		<mineralScore value='8770'/>
		<gasScore value='752'/>
		<totalScore value='23297'/>
	</player>

	<enemy>
		<race value='Protoss'/>
		<unitScore value='16150'/>
		<unitScore value='16150'/>
		<killScore value='12300'/>
		<buildingScore value='6925'/>
		<razingScore value='5475'/>
		<mineralScore value='19966'/>
		<gasScore value='7912'/>
		<totalScore value='68728'/>
	</enemy>

	<scoreRatio value='0.338974'/>
	<timeFitness value='0.274722'/>
	<unitsAverage value='27'/>
</results>
