<results>
	<result value='draw'/>
	<start value='2015-05-06.14:23:22'/>
	<end value='2015-05-06.14:24:24'/>
	<frames value='57601'/>
	<gameDuration value='3600'/>

	<player>
		<unitScore value='27225'/>
		<killScore value='34950'/>
		<buildingScore value='2625'/>
		<razingScore value='21525'/>
		<mineralScore value='28942'/>
		<gasScore value='5458'/>
		<totalScore value='120725'/>
	</player>

	<enemy>
		<race value='Protoss'/>
		<unitScore value='20625'/>
		<unitScore value='20625'/>
		<killScore value='37550'/>
		<buildingScore value='8625'/>
		<razingScore value='300'/>
		<mineralScore value='22110'/>
		<gasScore value='5432'/>
		<totalScore value='94642'/>
	</enemy>

	<scoreRatio value='1.2756'/>
	<timeFitness value='0.5'/>
	<unitsAverage value='112'/>
</results>
