<results>
	<result value='loss'/>
	<start value='2015-07-21.06:50:58'/>
	<end value='2015-07-21.06:51:43'/>
	<frames value='29917'/>
	<gameDuration value='1869'/>

	<player>
		<unitScore value='17475'/>
		<killScore value='10450'/>
		<buildingScore value='3675'/>
		<razingScore value='240'/>
		<mineralScore value='18402'/>
		<gasScore value='2056'/>
		<totalScore value='52298'/>
	</player>

	<enemy>
		<race value='Zerg'/>
		<unitScore value='17050'/>
		<killScore value='31250'/>
		<buildingScore value='3865'/>
		<razingScore value='11025'/>
		<mineralScore value='19418'/>
		<gasScore value='6448'/>
		<totalScore value='89056'/>
	</enemy>

	<scoreRatio value='0.587248'/>
	<timeFitness value='0.259583'/>
	<unitsAverage value='70'/>
</results>
