<results>
	<result value='loss'/>
	<start value='2015-07-21.06:51:51'/>
	<end value='2015-07-21.06:52:14'/>
	<frames value='26011'/>
	<gameDuration value='1625'/>

	<player>
		<unitScore value='11475'/>
		<killScore value='10400'/>
		<buildingScore value='2125'/>
		<razingScore value='0'/>
		<mineralScore value='11090'/>
		<gasScore value='2096'/>
		<totalScore value='37186'/>
	</player>

	<enemy>
		<race value='Zerg'/>
		<unitScore value='9400'/>
		<killScore value='22950'/>
		<buildingScore value='3650'/>
		<razingScore value='6375'/>
		<mineralScore value='14450'/>
		<gasScore value='4152'/>
		<totalScore value='60977'/>
	</enemy>

	<scoreRatio value='0.609837'/>
	<timeFitness value='0.225694'/>
	<unitsAverage value='37'/>
</results>
