<results>
	<result value='loss'/>
	<start value='2015-07-21.06:53:01'/>
	<end value='2015-07-21.06:53:29'/>
	<frames value='24182'/>
	<gameDuration value='1511'/>

	<player>
		<unitScore value='9950'/>
		<killScore value='1650'/>
		<buildingScore value='2925'/>
		<razingScore value='0'/>
		<mineralScore value='19574'/>
		<gasScore value='1264'/>
		<totalScore value='35363'/>
	</player>

	<enemy>
		<race value='Zerg'/>
		<unitScore value='11625'/>
		<killScore value='19900'/>
		<buildingScore value='3085'/>
		<razingScore value='8775'/>
		<mineralScore value='13634'/>
		<gasScore value='4336'/>
		<totalScore value='61355'/>
	</enemy>

	<scoreRatio value='0.576367'/>
	<timeFitness value='0.209861'/>
	<unitsAverage value='56'/>
</results>
