<results>
	<result value='loss'/>
	<start value='2015-07-21.06:56:13'/>
	<end value='2015-07-21.06:56:17'/>
	<frames value='7225'/>
	<gameDuration value='451'/>

	<player>
		<unitScore value='1100'/>
		<killScore value='0'/>
		<buildingScore value='650'/>
		<razingScore value='0'/>
		<mineralScore value='1690'/>
		<gasScore value='0'/>
		<totalScore value='3440'/>
	</player>

	<enemy>
		<race value='Zerg'/>
		<unitScore value='1150'/>
		<killScore value='2100'/>
		<buildingScore value='415'/>
		<razingScore value='1950'/>
		<mineralScore value='1890'/>
		<gasScore value='0'/>
		<totalScore value='7505'/>
	</enemy>

	<scoreRatio value='0.458361'/>
	<timeFitness value='0.0626389'/>
	<unitsAverage value='10'/>
</results>
