<results>
	<result value='loss'/>
	<start value='2015-07-21.07:13:06'/>
	<end value='2015-07-21.07:13:11'/>
	<frames value='8031'/>
	<gameDuration value='501'/>

	<player>
		<unitScore value='800'/>
		<killScore value='0'/>
		<buildingScore value='775'/>
		<razingScore value='0'/>
		<mineralScore value='1434'/>
		<gasScore value='64'/>
		<totalScore value='3073'/>
	</player>

	<enemy>
		<race value='Zerg'/>
		<unitScore value='1450'/>
		<killScore value='1600'/>
		<buildingScore value='780'/>
		<razingScore value='2325'/>
		<mineralScore value='2234'/>
		<gasScore value='32'/>
		<totalScore value='8421'/>
	</enemy>

	<scoreRatio value='0.364921'/>
	<timeFitness value='0.0695833'/>
	<unitsAverage value='10'/>
</results>
