<results>
	<result value='win'/>
	<start value='2015-04-29.20:26:20'/>
	<end value='2015-04-29.20:26:45'/>
	<frames value='25701'/>
	<gameDuration value='1606'/>

	<player>
		<unitScore value='11675'/>
		<killScore value='20700'/>
		<buildingScore value='4400'/>
		<razingScore value='6900'/>
		<mineralScore value='19966'/>
		<gasScore value='2288'/>
		<totalScore value='65929'/>
	</player>

	<enemy>
		<race value='Terran'/>
		<unitScore value='10350'/>
		<unitScore value='10350'/>
		<killScore value='7600'/>
		<buildingScore value='2300'/>
		<razingScore value='1725'/>
		<mineralScore value='10018'/>
		<gasScore value='3264'/>
		<totalScore value='35257'/>
	</enemy>

	<scoreRatio value='1.86995'/>
	<timeFitness value='0.776944'/>
	<unitsAverage value='70'/>
</results>
