<results>
	<result value='loss'/>
	<start value='2015-04-29.20:31:51'/>
	<end value='2015-04-29.20:32:04'/>
	<frames value='20090'/>
	<gameDuration value='1255'/>

	<player>
		<unitScore value='5600'/>
		<killScore value='3850'/>
		<buildingScore value='1650'/>
		<razingScore value='0'/>
		<mineralScore value='7322'/>
		<gasScore value='1184'/>
		<totalScore value='19606'/>
	</player>

	<enemy>
		<race value='Terran'/>
		<unitScore value='7725'/>
		<unitScore value='7725'/>
		<killScore value='11200'/>
		<buildingScore value='2925'/>
		<razingScore value='4950'/>
		<mineralScore value='9282'/>
		<gasScore value='3744'/>
		<totalScore value='39826'/>
	</enemy>

	<scoreRatio value='0.492291'/>
	<timeFitness value='0.174306'/>
	<unitsAverage value='31'/>
</results>
