<results>
	<result value='loss'/>
	<start value='2015-04-29.20:33:37'/>
	<end value='2015-04-29.20:34:04'/>
	<frames value='36954'/>
	<gameDuration value='2309'/>

	<player>
		<unitScore value='6725'/>
		<killScore value='16500'/>
		<buildingScore value='1675'/>
		<razingScore value='300'/>
		<mineralScore value='12434'/>
		<gasScore value='976'/>
		<totalScore value='38610'/>
	</player>

	<enemy>
		<race value='Terran'/>
		<unitScore value='24475'/>
		<unitScore value='24475'/>
		<killScore value='13450'/>
		<buildingScore value='5025'/>
		<razingScore value='5025'/>
		<mineralScore value='19478'/>
		<gasScore value='10622'/>
		<totalScore value='78075'/>
	</enemy>

	<scoreRatio value='0.494525'/>
	<timeFitness value='0.320694'/>
	<unitsAverage value='37'/>
</results>
