<results>
	<result value='loss'/>
	<start value='2015-04-09.03:12:11'/>
	<end value='2015-04-09.03:12:43'/>
	<frames value='42565'/>
	<gameDuration value='2660'/>

	<player>
		<unitScore value='17550'/>
		<killScore value='27750'/>
		<buildingScore value='2325'/>
		<razingScore value='0'/>
		<mineralScore value='19446'/>
		<gasScore value='4576'/>
		<totalScore value='71647'/>
	</player>

	<enemy>
		<race value='Protoss'/>
		<unitScore value='31625'/>
		<unitScore value='31625'/>
		<killScore value='34850'/>
		<buildingScore value='7125'/>
		<razingScore value='6975'/>
		<mineralScore value='30526'/>
		<gasScore value='10462'/>
		<totalScore value='121563'/>
	</enemy>

	<scoreRatio value='0.589382'/>
</results>
