<results>
	<result value='loss'/>
	<start value='2015-07-17.21:12:30'/>
	<end value='2015-07-17.21:13:00'/>
	<frames value='19284'/>
	<gameDuration value='1205'/>

	<player>
		<unitScore value='5500'/>
		<killScore value='1100'/>
		<buildingScore value='2750'/>
		<razingScore value='0'/>
		<mineralScore value='8906'/>
		<gasScore value='0'/>
		<totalScore value='18256'/>
	</player>

	<enemy>
		<race value='Terran'/>
		<unitScore value='6500'/>
		<killScore value='9600'/>
		<buildingScore value='2400'/>
		<razingScore value='8250'/>
		<mineralScore value='8874'/>
		<gasScore value='2896'/>
		<totalScore value='38520'/>
	</enemy>

	<scoreRatio value='0.473936'/>
	<timeFitness value='0.167361'/>
	<unitsAverage value='35'/>
</results>
