<results>
	<result value='draw'/>
	<start value='2015-07-17.21:20:22'/>
	<end value='2015-07-17.21:21:48'/>
	<frames value='57601'/>
	<gameDuration value='3600'/>

	<player>
		<unitScore value='43200'/>
		<killScore value='16000'/>
		<buildingScore value='4775'/>
		<razingScore value='0'/>
		<mineralScore value='40402'/>
		<gasScore value='8608'/>
		<totalScore value='112985'/>
	</player>

	<enemy>
		<race value='Terran'/>
		<unitScore value='12425'/>
		<killScore value='74550'/>
		<buildingScore value='3275'/>
		<razingScore value='3825'/>
		<mineralScore value='12050'/>
		<gasScore value='6472'/>
		<totalScore value='112597'/>
	</enemy>

	<scoreRatio value='1.00345'/>
	<timeFitness value='0.5'/>
	<unitsAverage value='102'/>
</results>
