<results>
	<result value='win'/>
	<start value='2015-05-10.00:06:46'/>
	<end value='2015-05-10.00:07:19'/>
	<frames value='31963'/>
	<gameDuration value='1997'/>

	<player>
		<unitScore value='20175'/>
		<killScore value='22300'/>
		<buildingScore value='3850'/>
		<razingScore value='16875'/>
		<mineralScore value='26138'/>
		<gasScore value='3072'/>
		<totalScore value='92410'/>
	</player>

	<enemy>
		<race value='Protoss'/>
		<unitScore value='11850'/>
		<unitScore value='11850'/>
		<killScore value='17100'/>
		<buildingScore value='5625'/>
		<razingScore value='150'/>
		<mineralScore value='15186'/>
		<gasScore value='4600'/>
		<totalScore value='54511'/>
	</enemy>

	<scoreRatio value='1.69525'/>
	<timeFitness value='0.722639'/>
	<unitsAverage value='103'/>
</results>
