<results>
	<result value='win'/>
	<start value='2015-05-01.17:26:52'/>
	<end value='2015-05-01.17:27:29'/>
	<frames value='27654'/>
	<gameDuration value='1728'/>

	<player>
		<unitScore value='19450'/>
		<killScore value='24410'/>
		<buildingScore value='4275'/>
		<razingScore value='6570'/>
		<mineralScore value='26378'/>
		<gasScore value='2296'/>
		<totalScore value='83379'/>
	</player>

	<enemy>
		<race value='Zerg'/>
		<unitScore value='11575'/>
		<unitScore value='11575'/>
		<killScore value='18250'/>
		<buildingScore value='2190'/>
		<razingScore value='0'/>
		<mineralScore value='11738'/>
		<gasScore value='3976'/>
		<totalScore value='47729'/>
	</enemy>

	<scoreRatio value='1.74693'/>
	<timeFitness value='0.76'/>
	<unitsAverage value='102'/>
</results>
