<results>
	<result value='win'/>
	<start value='2015-05-01.17:31:01'/>
	<end value='2015-05-01.17:31:44'/>
	<frames value='29669'/>
	<gameDuration value='1854'/>

	<player>
		<unitScore value='19125'/>
		<killScore value='26640'/>
		<buildingScore value='5050'/>
		<razingScore value='5895'/>
		<mineralScore value='30602'/>
		<gasScore value='3392'/>
		<totalScore value='90704'/>
	</player>

	<enemy>
		<race value='Zerg'/>
		<unitScore value='11525'/>
		<unitScore value='11525'/>
		<killScore value='15700'/>
		<buildingScore value='1965'/>
		<razingScore value='0'/>
		<mineralScore value='11314'/>
		<gasScore value='3464'/>
		<totalScore value='43968'/>
	</enemy>

	<scoreRatio value='2.06295'/>
	<timeFitness value='0.7425'/>
	<unitsAverage value='114'/>
</results>
