<results>
	<result value='win'/>
	<start value='2015-05-03.14:46:01'/>
	<end value='2015-05-03.14:46:24'/>
	<frames value='24213'/>
	<gameDuration value='1513'/>

	<player>
		<unitScore value='14725'/>
		<killScore value='21390'/>
		<buildingScore value='4050'/>
		<razingScore value='5820'/>
		<mineralScore value='20966'/>
		<gasScore value='2048'/>
		<totalScore value='68999'/>
	</player>

	<enemy>
		<race value='Zerg'/>
		<unitScore value='9525'/>
		<unitScore value='9525'/>
		<killScore value='9400'/>
		<buildingScore value='1940'/>
		<razingScore value='0'/>
		<mineralScore value='9826'/>
		<gasScore value='2896'/>
		<totalScore value='33587'/>
	</enemy>

	<scoreRatio value='2.05434'/>
	<timeFitness value='0.789861'/>
	<unitsAverage value='90'/>
</results>
