<results>
	<result value='win'/>
	<start value='2015-05-10.16:49:26'/>
	<end value='2015-05-10.16:49:54'/>
	<frames value='29452'/>
	<gameDuration value='1840'/>

	<player>
		<unitScore value='20650'/>
		<killScore value='28950'/>
		<buildingScore value='4400'/>
		<razingScore value='5460'/>
		<mineralScore value='29778'/>
		<gasScore value='3464'/>
		<totalScore value='92702'/>
	</player>

	<enemy>
		<race value='Zerg'/>
		<unitScore value='12675'/>
		<unitScore value='12675'/>
		<killScore value='18450'/>
		<buildingScore value='1820'/>
		<razingScore value='0'/>
		<mineralScore value='11598'/>
		<gasScore value='3632'/>
		<totalScore value='48175'/>
	</enemy>

	<scoreRatio value='1.92428'/>
	<timeFitness value='0.744444'/>
	<unitsAverage value='102'/>
</results>
