<results>
	<result value='loss'/>
	<start value='2015-04-10.22:37:57'/>
	<end value='2015-04-10.22:38:10'/>
	<frames value='27406'/>
	<gameDuration value='1712'/>

	<player>
		<unitScore value='3425'/>
		<killScore value='2400'/>
		<buildingScore value='1525'/>
		<razingScore value='0'/>
		<mineralScore value='5026'/>
		<gasScore value='640'/>
		<totalScore value='13016'/>
	</player>

	<enemy>
		<race value='Protoss'/>
		<unitScore value='12250'/>
		<unitScore value='12250'/>
		<killScore value='6850'/>
		<buildingScore value='6925'/>
		<razingScore value='4575'/>
		<mineralScore value='16882'/>
		<gasScore value='6312'/>
		<totalScore value='53794'/>
	</enemy>

	<scoreRatio value='0.24196'/>
</results>
