<results>
	<result value='loss'/>
	<start value='2015-04-10.22:42:37'/>
	<end value='2015-04-10.22:42:47'/>
	<frames value='19098'/>
	<gameDuration value='1193'/>

	<player>
		<unitScore value='3025'/>
		<killScore value='1400'/>
		<buildingScore value='1325'/>
		<razingScore value='0'/>
		<mineralScore value='4658'/>
		<gasScore value='824'/>
		<totalScore value='11232'/>
	</player>

	<enemy>
		<race value='Protoss'/>
		<unitScore value='4050'/>
		<unitScore value='4050'/>
		<killScore value='6050'/>
		<buildingScore value='4925'/>
		<razingScore value='3975'/>
		<mineralScore value='10482'/>
		<gasScore value='1888'/>
		<totalScore value='31370'/>
	</enemy>

	<scoreRatio value='0.358049'/>
</results>
