<results>
	<result value='loss'/>
	<start value='2014-07-04.02:59:51'/>
	<end value='2014-07-04.03:00:09'/>
	<frames value='32211'/>
	<gameDuration value='2013'/>

	<player>
		<unitScore value='4225'/>
		<killScore value='6700'/>
		<buildingScore value='2150'/>
		<razingScore value='1650'/>
		<mineralScore value='6434'/>
		<gasScore value='888'/>
		<totalScore value='22047'/>
	</player>

	<enemy>
		<race value='Protoss'/>
		<unitScore value='13000'/>
		<unitScore value='13000'/>
		<killScore value='8450'/>
		<buildingScore value='6525'/>
		<razingScore value='6450'/>
		<mineralScore value='21074'/>
		<gasScore value='5968'/>
		<totalScore value='61467'/>
	</enemy>

	<scoreRatio value='0.35868'/>
</results>
