<results>
	<result value='draw'/>
	<start value='2014-07-04.03:01:37'/>
	<end value='2014-07-04.03:02:45'/>
	<frames value='57601'/>
	<gameDuration value='3600'/>

	<player>
		<unitScore value='30050'/>
		<killScore value='44630'/>
		<buildingScore value='3875'/>
		<razingScore value='0'/>
		<mineralScore value='31406'/>
		<gasScore value='6910'/>
		<totalScore value='116871'/>
	</player>

	<enemy>
		<race value='Protoss'/>
		<unitScore value='37635'/>
		<unitScore value='37635'/>
		<killScore value='60100'/>
		<buildingScore value='6475'/>
		<razingScore value='9900'/>
		<mineralScore value='31550'/>
		<gasScore value='12210'/>
		<totalScore value='157870'/>
	</enemy>

	<scoreRatio value='0.740299'/>
</results>
