<results>
	<result value='win'/>
	<start value='2015-05-09.17:05:50'/>
	<end value='2015-05-09.17:06:35'/>
	<frames value='26538'/>
	<gameDuration value='1658'/>

	<player>
		<unitScore value='18100'/>
		<killScore value='24110'/>
		<buildingScore value='3875'/>
		<razingScore value='5355'/>
		<mineralScore value='23994'/>
		<gasScore value='2272'/>
		<totalScore value='77706'/>
	</player>

	<enemy>
		<race value='Zerg'/>
		<unitScore value='10775'/>
		<unitScore value='10775'/>
		<killScore value='17000'/>
		<buildingScore value='1785'/>
		<razingScore value='0'/>
		<mineralScore value='10458'/>
		<gasScore value='2824'/>
		<totalScore value='42842'/>
	</enemy>

	<scoreRatio value='1.81378'/>
	<timeFitness value='0.769722'/>
	<unitsAverage value='86'/>
</results>
