<results>
	<result value='win'/>
	<start value='2015-04-14.04:05:23'/>
	<end value='2015-04-14.04:06:31'/>
	<frames value='32986'/>
	<gameDuration value='2061'/>

	<player>
		<unitScore value='18325'/>
		<killScore value='21600'/>
		<buildingScore value='5125'/>
		<razingScore value='12675'/>
		<mineralScore value='28018'/>
		<gasScore value='3608'/>
		<totalScore value='89351'/>
	</player>

	<enemy>
		<race value='Protoss'/>
		<unitScore value='11850'/>
		<unitScore value='11850'/>
		<killScore value='11900'/>
		<buildingScore value='4225'/>
		<razingScore value='1575'/>
		<mineralScore value='12654'/>
		<gasScore value='2832'/>
		<totalScore value='45036'/>
	</enemy>

	<scoreRatio value='1.98399'/>
</results>
