<results>
	<result value='loss'/>
	<start value='2014-07-01.02:20:42'/>
	<end value='2014-07-01.02:20:48'/>
	<frames value='14324'/>
	<gameDuration value='895'/>

	<player>
		<unitScore value='2650'/>
		<killScore value='600'/>
		<buildingScore value='1550'/>
		<razingScore value='0'/>
		<mineralScore value='4282'/>
		<gasScore value='544'/>
		<totalScore value='9626'/>
	</player>

	<enemy>
		<race value='Protoss'/>
		<unitScore value='3550'/>
		<unitScore value='3550'/>
		<killScore value='5200'/>
		<buildingScore value='2175'/>
		<razingScore value='4650'/>
		<mineralScore value='7274'/>
		<gasScore value='1136'/>
		<totalScore value='23985'/>
	</enemy>

	<scoreRatio value='0.401334'/>
</results>
