<results>
	<result value='loss'/>
	<start value='2014-07-01.02:22:38'/>
	<end value='2014-07-01.02:22:45'/>
	<frames value='15409'/>
	<gameDuration value='963'/>

	<player>
		<unitScore value='3700'/>
		<killScore value='600'/>
		<buildingScore value='1525'/>
		<razingScore value='0'/>
		<mineralScore value='5418'/>
		<gasScore value='536'/>
		<totalScore value='11779'/>
	</player>

	<enemy>
		<race value='Protoss'/>
		<unitScore value='3550'/>
		<unitScore value='3550'/>
		<killScore value='7400'/>
		<buildingScore value='2925'/>
		<razingScore value='4575'/>
		<mineralScore value='7810'/>
		<gasScore value='1392'/>
		<totalScore value='27652'/>
	</enemy>

	<scoreRatio value='0.425973'/>
</results>
