<results>
	<result value='win'/>
	<start value='2014-07-01.02:28:10'/>
	<end value='2014-07-01.02:28:28'/>
	<frames value='28646'/>
	<gameDuration value='1790'/>

	<player>
		<unitScore value='12975'/>
		<killScore value='18600'/>
		<buildingScore value='3000'/>
		<razingScore value='12375'/>
		<mineralScore value='17138'/>
		<gasScore value='1936'/>
		<totalScore value='66024'/>
	</player>

	<enemy>
		<race value='Protoss'/>
		<unitScore value='10350'/>
		<unitScore value='10350'/>
		<killScore value='12350'/>
		<buildingScore value='4125'/>
		<razingScore value='0'/>
		<mineralScore value='10662'/>
		<gasScore value='2648'/>
		<totalScore value='40135'/>
	</enemy>

	<scoreRatio value='1.64505'/>
</results>
