<results>
	<result value='win'/>
	<start value='2014-07-04.09:00:10'/>
	<end value='2014-07-04.09:00:51'/>
	<frames value='35156'/>
	<gameDuration value='2197'/>

	<player>
		<unitScore value='22575'/>
		<killScore value='31550'/>
		<buildingScore value='4325'/>
		<razingScore value='16050'/>
		<mineralScore value='31998'/>
		<gasScore value='3992'/>
		<totalScore value='110490'/>
	</player>

	<enemy>
		<race value='Protoss'/>
		<unitScore value='16675'/>
		<unitScore value='16675'/>
		<killScore value='20650'/>
		<buildingScore value='5350'/>
		<razingScore value='0'/>
		<mineralScore value='18474'/>
		<gasScore value='5672'/>
		<totalScore value='66821'/>
	</enemy>

	<scoreRatio value='1.65352'/>
</results>
