<results>
	<result value='win'/>
	<start value='2015-05-10.03:21:04'/>
	<end value='2015-05-10.03:21:54'/>
	<frames value='35404'/>
	<gameDuration value='2212'/>

	<player>
		<unitScore value='17700'/>
		<killScore value='29100'/>
		<buildingScore value='4800'/>
		<razingScore value='17325'/>
		<mineralScore value='25466'/>
		<gasScore value='3320'/>
		<totalScore value='97711'/>
	</player>

	<enemy>
		<race value='Protoss'/>
		<unitScore value='16325'/>
		<unitScore value='16325'/>
		<killScore value='19150'/>
		<buildingScore value='5775'/>
		<razingScore value='5025'/>
		<mineralScore value='18266'/>
		<gasScore value='5504'/>
		<totalScore value='70045'/>
	</enemy>

	<scoreRatio value='1.39497'/>
	<timeFitness value='0.692778'/>
	<unitsAverage value='85'/>
</results>
