<results>
	<result value='draw'/>
	<start value='2015-05-10.03:21:57'/>
	<end value='2015-05-10.03:23:40'/>
	<frames value='57601'/>
	<gameDuration value='3600'/>

	<player>
		<unitScore value='30375'/>
		<killScore value='54700'/>
		<buildingScore value='3000'/>
		<razingScore value='9750'/>
		<mineralScore value='31830'/>
		<gasScore value='7278'/>
		<totalScore value='136933'/>
	</player>

	<enemy>
		<race value='Protoss'/>
		<unitScore value='33325'/>
		<unitScore value='33325'/>
		<killScore value='55800'/>
		<buildingScore value='7475'/>
		<razingScore value='375'/>
		<mineralScore value='26814'/>
		<gasScore value='11312'/>
		<totalScore value='135101'/>
	</enemy>

	<scoreRatio value='1.01356'/>
	<timeFitness value='0.5'/>
	<unitsAverage value='115'/>
</results>
