<results>
	<result value='win'/>
	<start value='2015-05-10.03:23:58'/>
	<end value='2015-05-10.03:25:16'/>
	<frames value='53911'/>
	<gameDuration value='3369'/>

	<player>
		<unitScore value='29075'/>
		<killScore value='34900'/>
		<buildingScore value='2975'/>
		<razingScore value='25125'/>
		<mineralScore value='30526'/>
		<gasScore value='5304'/>
		<totalScore value='127905'/>
	</player>

	<enemy>
		<race value='Protoss'/>
		<unitScore value='17900'/>
		<unitScore value='17900'/>
		<killScore value='38350'/>
		<buildingScore value='8375'/>
		<razingScore value='0'/>
		<mineralScore value='31266'/>
		<gasScore value='8332'/>
		<totalScore value='104223'/>
	</enemy>

	<scoreRatio value='1.22722'/>
	<timeFitness value='0.532083'/>
	<unitsAverage value='97'/>
</results>
