<results>
	<result value='draw'/>
	<start value='2015-05-10.03:25:35'/>
	<end value='2015-05-10.03:26:26'/>
	<frames value='57601'/>
	<gameDuration value='3600'/>

	<player>
		<unitScore value='11625'/>
		<killScore value='17400'/>
		<buildingScore value='1375'/>
		<razingScore value='8325'/>
		<mineralScore value='12546'/>
		<gasScore value='5142'/>
		<totalScore value='56413'/>
	</player>

	<enemy>
		<race value='Protoss'/>
		<unitScore value='14400'/>
		<unitScore value='14400'/>
		<killScore value='20000'/>
		<buildingScore value='9350'/>
		<razingScore value='300'/>
		<mineralScore value='29946'/>
		<gasScore value='4928'/>
		<totalScore value='78924'/>
	</enemy>

	<scoreRatio value='0.714776'/>
	<timeFitness value='0.5'/>
	<unitsAverage value='50'/>
</results>
