<results>
	<result value='loss'/>
	<start value='2015-04-27.22:31:52'/>
	<end value='2015-04-27.22:32:01'/>
	<frames value='20586'/>
	<gameDuration value='1286'/>

	<player>
		<unitScore value='4050'/>
		<killScore value='1350'/>
		<buildingScore value='2050'/>
		<razingScore value='0'/>
		<mineralScore value='7122'/>
		<gasScore value='992'/>
		<totalScore value='15564'/>
	</player>

	<enemy>
		<race value='Terran'/>
		<unitScore value='7975'/>
		<unitScore value='7975'/>
		<killScore value='8000'/>
		<buildingScore value='3025'/>
		<razingScore value='6150'/>
		<mineralScore value='9786'/>
		<gasScore value='3880'/>
		<totalScore value='38816'/>
	</enemy>

	<scoreRatio value='0.400969'/>
</results>
