<results>
	<result value='win'/>
	<start value='2015-04-27.22:34:14'/>
	<end value='2015-04-27.22:34:54'/>
	<frames value='37946'/>
	<gameDuration value='2371'/>

	<player>
		<unitScore value='24950'/>
		<killScore value='30500'/>
		<buildingScore value='4750'/>
		<razingScore value='10275'/>
		<mineralScore value='39242'/>
		<gasScore value='3760'/>
		<totalScore value='113477'/>
	</player>

	<enemy>
		<race value='Terran'/>
		<unitScore value='15850'/>
		<unitScore value='15850'/>
		<killScore value='26600'/>
		<buildingScore value='3425'/>
		<razingScore value='1725'/>
		<mineralScore value='12946'/>
		<gasScore value='6104'/>
		<totalScore value='66650'/>
	</enemy>

	<scoreRatio value='1.70258'/>
</results>
