<results>
	<result value='draw'/>
	<start value='2015-04-27.22:43:32'/>
	<end value='2015-04-27.22:44:18'/>
	<frames value='57601'/>
	<gameDuration value='3600'/>

	<player>
		<unitScore value='22350'/>
		<killScore value='24400'/>
		<buildingScore value='3075'/>
		<razingScore value='2025'/>
		<mineralScore value='25194'/>
		<gasScore value='5630'/>
		<totalScore value='82674'/>
	</player>

	<enemy>
		<race value='Terran'/>
		<unitScore value='26625'/>
		<unitScore value='26625'/>
		<killScore value='39300'/>
		<buildingScore value='4700'/>
		<razingScore value='4650'/>
		<mineralScore value='20318'/>
		<gasScore value='12570'/>
		<totalScore value='108163'/>
	</enemy>

	<scoreRatio value='0.764346'/>
</results>
