<results>
	<result value='loss'/>
	<start value='2015-05-04.03:43:20'/>
	<end value='2015-05-04.03:43:34'/>
	<frames value='18013'/>
	<gameDuration value='1125'/>

	<player>
		<unitScore value='4025'/>
		<killScore value='950'/>
		<buildingScore value='1950'/>
		<razingScore value='0'/>
		<mineralScore value='6130'/>
		<gasScore value='760'/>
		<totalScore value='13815'/>
	</player>

	<enemy>
		<race value='Terran'/>
		<unitScore value='6750'/>
		<unitScore value='6750'/>
		<killScore value='8050'/>
		<buildingScore value='2700'/>
		<razingScore value='5850'/>
		<mineralScore value='8186'/>
		<gasScore value='2856'/>
		<totalScore value='34392'/>
	</enemy>

	<scoreRatio value='0.401692'/>
	<timeFitness value='0.15625'/>
	<unitsAverage value='25'/>
</results>
