<results>
	<result value='win'/>
	<start value='2015-05-04.04:02:06'/>
	<end value='2015-05-04.04:02:41'/>
	<frames value='29111'/>
	<gameDuration value='1819'/>

	<player>
		<unitScore value='11425'/>
		<killScore value='21400'/>
		<buildingScore value='3750'/>
		<razingScore value='10050'/>
		<mineralScore value='15874'/>
		<gasScore value='1976'/>
		<totalScore value='64475'/>
	</player>

	<enemy>
		<race value='Terran'/>
		<unitScore value='11400'/>
		<unitScore value='11400'/>
		<killScore value='7850'/>
		<buildingScore value='3350'/>
		<razingScore value='2700'/>
		<mineralScore value='10530'/>
		<gasScore value='4360'/>
		<totalScore value='40190'/>
	</enemy>

	<scoreRatio value='1.60425'/>
	<timeFitness value='0.747361'/>
	<unitsAverage value='59'/>
</results>
