<results>
	<result value='win'/>
	<start value='2015-04-15.03:06:55'/>
	<end value='2015-04-15.03:07:26'/>
	<frames value='35869'/>
	<gameDuration value='2241'/>

	<player>
		<unitScore value='21775'/>
		<killScore value='24250'/>
		<buildingScore value='4250'/>
		<razingScore value='17475'/>
		<mineralScore value='30502'/>
		<gasScore value='3160'/>
		<totalScore value='101412'/>
	</player>

	<enemy>
		<race value='Protoss'/>
		<unitScore value='13050'/>
		<unitScore value='13050'/>
		<killScore value='20650'/>
		<buildingScore value='5825'/>
		<razingScore value='525'/>
		<mineralScore value='15658'/>
		<gasScore value='4216'/>
		<totalScore value='59924'/>
	</enemy>

	<scoreRatio value='1.69234'/>
</results>
