<results>
	<result value='win'/>
	<start value='2015-04-15.03:14:45'/>
	<end value='2015-04-15.03:15:16'/>
	<frames value='31715'/>
	<gameDuration value='1982'/>

	<player>
		<unitScore value='23050'/>
		<killScore value='31150'/>
		<buildingScore value='3925'/>
		<razingScore value='18525'/>
		<mineralScore value='30310'/>
		<gasScore value='2800'/>
		<totalScore value='109760'/>
	</player>

	<enemy>
		<race value='Protoss'/>
		<unitScore value='16225'/>
		<unitScore value='16225'/>
		<killScore value='22300'/>
		<buildingScore value='6175'/>
		<razingScore value='0'/>
		<mineralScore value='21198'/>
		<gasScore value='4088'/>
		<totalScore value='69986'/>
	</enemy>

	<scoreRatio value='1.56831'/>
</results>
