<results>
	<result value='win'/>
	<start value='2015-04-11.04:44:46'/>
	<end value='2015-04-11.04:45:52'/>
	<frames value='33172'/>
	<gameDuration value='2073'/>

	<player>
		<unitScore value='21525'/>
		<killScore value='31350'/>
		<buildingScore value='3925'/>
		<razingScore value='17925'/>
		<mineralScore value='27890'/>
		<gasScore value='3000'/>
		<totalScore value='105615'/>
	</player>

	<enemy>
		<race value='Protoss'/>
		<unitScore value='17300'/>
		<unitScore value='17300'/>
		<killScore value='19900'/>
		<buildingScore value='5975'/>
		<razingScore value='0'/>
		<mineralScore value='15594'/>
		<gasScore value='5072'/>
		<totalScore value='63841'/>
	</enemy>

	<scoreRatio value='1.65434'/>
</results>
