<results>
	<result value='loss'/>
	<start value='2015-04-11.04:52:04'/>
	<end value='2015-04-11.04:52:19'/>
	<frames value='16649'/>
	<gameDuration value='1040'/>

	<player>
		<unitScore value='3500'/>
		<killScore value='400'/>
		<buildingScore value='1650'/>
		<razingScore value='0'/>
		<mineralScore value='5506'/>
		<gasScore value='960'/>
		<totalScore value='12016'/>
	</player>

	<enemy>
		<race value='Protoss'/>
		<unitScore value='4575'/>
		<unitScore value='4575'/>
		<killScore value='6150'/>
		<buildingScore value='3375'/>
		<razingScore value='4950'/>
		<mineralScore value='8530'/>
		<gasScore value='2216'/>
		<totalScore value='29796'/>
	</enemy>

	<scoreRatio value='0.403276'/>
</results>
