<results>
	<result value='loss'/>
	<start value='2015-04-16.15:59:18'/>
	<end value='2015-04-16.15:59:39'/>
	<frames value='26693'/>
	<gameDuration value='1668'/>

	<player>
		<unitScore value='3000'/>
		<killScore value='2400'/>
		<buildingScore value='1575'/>
		<razingScore value='150'/>
		<mineralScore value='4834'/>
		<gasScore value='664'/>
		<totalScore value='12623'/>
	</player>

	<enemy>
		<race value='Protoss'/>
		<unitScore value='11575'/>
		<unitScore value='11575'/>
		<killScore value='6000'/>
		<buildingScore value='6925'/>
		<razingScore value='4725'/>
		<mineralScore value='16470'/>
		<gasScore value='5624'/>
		<totalScore value='51319'/>
	</enemy>

	<scoreRatio value='0.245971'/>
</results>
