<results>
	<result value='loss'/>
	<start value='2015-04-16.16:02:10'/>
	<end value='2015-04-16.16:02:49'/>
	<frames value='37946'/>
	<gameDuration value='2371'/>

	<player>
		<unitScore value='10825'/>
		<killScore value='13250'/>
		<buildingScore value='1725'/>
		<razingScore value='1350'/>
		<mineralScore value='12162'/>
		<gasScore value='2928'/>
		<totalScore value='42240'/>
	</player>

	<enemy>
		<race value='Protoss'/>
		<unitScore value='18925'/>
		<unitScore value='18925'/>
		<killScore value='21650'/>
		<buildingScore value='7525'/>
		<razingScore value='5175'/>
		<mineralScore value='24890'/>
		<gasScore value='7728'/>
		<totalScore value='85893'/>
	</enemy>

	<scoreRatio value='0.491775'/>
</results>
