<results>
	<result value='loss'/>
	<start value='2015-04-16.16:06:40'/>
	<end value='2015-04-16.16:07:33'/>
	<frames value='46688'/>
	<gameDuration value='2918'/>

	<player>
		<unitScore value='11325'/>
		<killScore value='5900'/>
		<buildingScore value='2350'/>
		<razingScore value='0'/>
		<mineralScore value='13442'/>
		<gasScore value='3112'/>
		<totalScore value='36129'/>
	</player>

	<enemy>
		<race value='Protoss'/>
		<unitScore value='7400'/>
		<unitScore value='7400'/>
		<killScore value='22650'/>
		<buildingScore value='5525'/>
		<razingScore value='7050'/>
		<mineralScore value='33246'/>
		<gasScore value='11430'/>
		<totalScore value='87301'/>
	</enemy>

	<scoreRatio value='0.413844'/>
</results>
