<results>
	<result value='win'/>
	<start value='2015-03-31.13:48:39'/>
	<end value='2015-03-31.13:48:57'/>
	<frames value='22384'/>
	<gameDuration value='1399'/>

	<player>
		<unitScore value='10850'/>
		<killScore value='9300'/>
		<buildingScore value='2900'/>
		<razingScore value='8475'/>
		<mineralScore value='14886'/>
		<gasScore value='2208'/>
		<totalScore value='48619'/>
	</player>

	<enemy>
		<race value='Protoss'/>
		<unitScore value='4650'/>
		<unitScore value='4650'/>
		<killScore value='6300'/>
		<buildingScore value='2825'/>
		<razingScore value='0'/>
		<mineralScore value='7986'/>
		<gasScore value='1552'/>
		<totalScore value='23313'/>
	</enemy>

	<scoreRatio value='2.08549'/>
</results>
