<results>
	<result value='loss'/>
	<start value='2015-04-09.14:50:26'/>
	<end value='2015-04-09.14:50:34'/>
	<frames value='17114'/>
	<gameDuration value='1069'/>

	<player>
		<unitScore value='2350'/>
		<killScore value='2400'/>
		<buildingScore value='1550'/>
		<razingScore value='0'/>
		<mineralScore value='3858'/>
		<gasScore value='624'/>
		<totalScore value='10782'/>
	</player>

	<enemy>
		<race value='Protoss'/>
		<unitScore value='3800'/>
		<unitScore value='3800'/>
		<killScore value='4700'/>
		<buildingScore value='4125'/>
		<razingScore value='4650'/>
		<mineralScore value='9290'/>
		<gasScore value='1632'/>
		<totalScore value='28197'/>
	</enemy>

	<scoreRatio value='0.382381'/>
</results>
