<results>
	<result value='loss'/>
	<start value='2015-05-05.11:32:35'/>
	<end value='2015-05-05.11:32:43'/>
	<frames value='17021'/>
	<gameDuration value='1063'/>

	<player>
		<unitScore value='2225'/>
		<killScore value='700'/>
		<buildingScore value='1375'/>
		<razingScore value='0'/>
		<mineralScore value='3282'/>
		<gasScore value='416'/>
		<totalScore value='7998'/>
	</player>

	<enemy>
		<race value='Terran'/>
		<unitScore value='6350'/>
		<unitScore value='6350'/>
		<killScore value='4450'/>
		<buildingScore value='2625'/>
		<razingScore value='4125'/>
		<mineralScore value='7786'/>
		<gasScore value='2600'/>
		<totalScore value='27936'/>
	</enemy>

	<scoreRatio value='0.286297'/>
	<timeFitness value='0.147639'/>
	<unitsAverage value='16'/>
</results>
