<results>
	<result value='loss'/>
	<start value='2015-05-05.11:32:06'/>
	<end value='2015-05-05.11:32:12'/>
	<frames value='13115'/>
	<gameDuration value='819'/>

	<player>
		<unitScore value='2025'/>
		<killScore value='300'/>
		<buildingScore value='1025'/>
		<razingScore value='0'/>
		<mineralScore value='2714'/>
		<gasScore value='720'/>
		<totalScore value='6784'/>
	</player>

	<enemy>
		<race value='Terran'/>
		<unitScore value='3650'/>
		<unitScore value='3650'/>
		<killScore value='4050'/>
		<buildingScore value='1450'/>
		<razingScore value='3075'/>
		<mineralScore value='5906'/>
		<gasScore value='1736'/>
		<totalScore value='19867'/>
	</enemy>

	<scoreRatio value='0.341471'/>
	<timeFitness value='0.11375'/>
	<unitsAverage value='16'/>
</results>
