<results>
	<result value='loss'/>
	<start value='2015-05-05.11:37:33'/>
	<end value='2015-05-05.11:37:43'/>
	<frames value='19160'/>
	<gameDuration value='1197'/>

	<player>
		<unitScore value='2025'/>
		<killScore value='1950'/>
		<buildingScore value='1500'/>
		<razingScore value='0'/>
		<mineralScore value='3426'/>
		<gasScore value='656'/>
		<totalScore value='9557'/>
	</player>

	<enemy>
		<race value='Terran'/>
		<unitScore value='7550'/>
		<unitScore value='7550'/>
		<killScore value='4050'/>
		<buildingScore value='2850'/>
		<razingScore value='4500'/>
		<mineralScore value='8834'/>
		<gasScore value='3288'/>
		<totalScore value='31072'/>
	</enemy>

	<scoreRatio value='0.307576'/>
	<timeFitness value='0.16625'/>
	<unitsAverage value='18'/>
</results>
