<results>
	<result value='draw'/>
	<start value='2015-05-05.11:39:31'/>
	<end value='2015-05-05.11:40:17'/>
	<frames value='57601'/>
	<gameDuration value='3600'/>

	<player>
		<unitScore value='17700'/>
		<killScore value='42650'/>
		<buildingScore value='2925'/>
		<razingScore value='2250'/>
		<mineralScore value='18354'/>
		<gasScore value='4168'/>
		<totalScore value='88047'/>
	</player>

	<enemy>
		<race value='Terran'/>
		<unitScore value='32600'/>
		<unitScore value='32600'/>
		<killScore value='35100'/>
		<buildingScore value='5325'/>
		<razingScore value='8100'/>
		<mineralScore value='29694'/>
		<gasScore value='12028'/>
		<totalScore value='122847'/>
	</enemy>

	<scoreRatio value='0.716721'/>
	<timeFitness value='0.5'/>
	<unitsAverage value='48'/>
</results>
