<results>
	<result value='win'/>
	<start value='2015-04-26.23:47:11'/>
	<end value='2015-04-26.23:47:33'/>
	<frames value='29452'/>
	<gameDuration value='1840'/>

	<player>
		<unitScore value='13400'/>
		<killScore value='19950'/>
		<buildingScore value='3700'/>
		<razingScore value='8550'/>
		<mineralScore value='16438'/>
		<gasScore value='2696'/>
		<totalScore value='64734'/>
	</player>

	<enemy>
		<race value='Terran'/>
		<unitScore value='10575'/>
		<unitScore value='10575'/>
		<killScore value='11250'/>
		<buildingScore value='2850'/>
		<razingScore value='2925'/>
		<mineralScore value='10446'/>
		<gasScore value='4128'/>
		<totalScore value='42174'/>
	</enemy>

	<scoreRatio value='1.53493'/>
</results>
