<results>
	<result value='draw'/>
	<start value='2015-04-26.23:59:21'/>
	<end value='2015-04-27.00:00:12'/>
	<frames value='57601'/>
	<gameDuration value='3600'/>

	<player>
		<unitScore value='17975'/>
		<killScore value='30850'/>
		<buildingScore value='3175'/>
		<razingScore value='825'/>
		<mineralScore value='19986'/>
		<gasScore value='4760'/>
		<totalScore value='77571'/>
	</player>

	<enemy>
		<race value='Terran'/>
		<unitScore value='28625'/>
		<unitScore value='28625'/>
		<killScore value='35100'/>
		<buildingScore value='3375'/>
		<razingScore value='5625'/>
		<mineralScore value='19550'/>
		<gasScore value='11884'/>
		<totalScore value='104159'/>
	</enemy>

	<scoreRatio value='0.744736'/>
</results>
