<results>
	<result value='draw'/>
	<start value='2015-04-28.18:46:17'/>
	<end value='2015-04-28.18:47:47'/>
	<frames value='57601'/>
	<gameDuration value='3600'/>

	<player>
		<unitScore value='24625'/>
		<killScore value='31900'/>
		<buildingScore value='5250'/>
		<razingScore value='15825'/>
		<mineralScore value='38438'/>
		<gasScore value='5948'/>
		<totalScore value='121986'/>
	</player>

	<enemy>
		<race value='Protoss'/>
		<unitScore value='16975'/>
		<unitScore value='16975'/>
		<killScore value='22200'/>
		<buildingScore value='6275'/>
		<razingScore value='1350'/>
		<mineralScore value='24582'/>
		<gasScore value='10176'/>
		<totalScore value='81558'/>
	</enemy>

	<scoreRatio value='1.4957'/>
	<timeFitness value='0.5'/>
	<unitsAverage value='163'/>
</results>
