<results>
	<result value='loss'/>
	<start value='2015-04-10.14:49:05'/>
	<end value='2015-04-10.14:49:12'/>
	<frames value='15099'/>
	<gameDuration value='943'/>

	<player>
		<unitScore value='2375'/>
		<killScore value='400'/>
		<buildingScore value='1575'/>
		<razingScore value='0'/>
		<mineralScore value='4370'/>
		<gasScore value='968'/>
		<totalScore value='9688'/>
	</player>

	<enemy>
		<race value='Protoss'/>
		<unitScore value='3550'/>
		<unitScore value='3550'/>
		<killScore value='4650'/>
		<buildingScore value='2975'/>
		<razingScore value='4725'/>
		<mineralScore value='7802'/>
		<gasScore value='1424'/>
		<totalScore value='25126'/>
	</enemy>

	<scoreRatio value='0.385577'/>
</results>
