<results>
	<result value='loss'/>
	<start value='2015-07-09.03:54:33'/>
	<end value='2015-07-09.03:54:52'/>
	<frames value='19098'/>
	<gameDuration value='1193'/>

	<player>
		<unitScore value='4850'/>
		<killScore value='1700'/>
		<buildingScore value='1800'/>
		<razingScore value='150'/>
		<mineralScore value='6090'/>
		<gasScore value='1096'/>
		<totalScore value='15686'/>
	</player>

	<enemy>
		<race value='Terran'/>
		<unitScore value='7150'/>
		<killScore value='9700'/>
		<buildingScore value='2800'/>
		<razingScore value='5400'/>
		<mineralScore value='8626'/>
		<gasScore value='2944'/>
		<totalScore value='36620'/>
	</enemy>

	<scoreRatio value='0.428345'/>
	<timeFitness value='0.165694'/>
	<unitsAverage value='27'/>
</results>
