<results>
	<result value='draw'/>
	<start value='2015-07-09.04:21:50'/>
	<end value='2015-07-09.04:24:42'/>
	<frames value='57601'/>
	<gameDuration value='3600'/>

	<player>
		<unitScore value='42325'/>
		<killScore value='23650'/>
		<buildingScore value='4900'/>
		<razingScore value='0'/>
		<mineralScore value='39366'/>
		<gasScore value='5352'/>
		<totalScore value='115593'/>
	</player>

	<enemy>
		<race value='Terran'/>
		<unitScore value='24375'/>
		<killScore value='69500'/>
		<buildingScore value='4125'/>
		<razingScore value='4800'/>
		<mineralScore value='19550'/>
		<gasScore value='12334'/>
		<totalScore value='134684'/>
	</enemy>

	<scoreRatio value='0.858253'/>
	<timeFitness value='0.5'/>
	<unitsAverage value='132'/>
</results>
