<results>
	<result value='win'/>
	<start value='2015-05-05.19:17:13'/>
	<end value='2015-05-05.19:17:52'/>
	<frames value='39558'/>
	<gameDuration value='2472'/>

	<player>
		<unitScore value='25900'/>
		<killScore value='42025'/>
		<buildingScore value='5125'/>
		<razingScore value='8910'/>
		<mineralScore value='32630'/>
		<gasScore value='5280'/>
		<totalScore value='119870'/>
	</player>

	<enemy>
		<race value='Zerg'/>
		<unitScore value='18600'/>
		<unitScore value='18600'/>
		<killScore value='27500'/>
		<buildingScore value='2970'/>
		<razingScore value='4200'/>
		<mineralScore value='17974'/>
		<gasScore value='5904'/>
		<totalScore value='77148'/>
	</enemy>

	<scoreRatio value='1.55377'/>
	<timeFitness value='0.656667'/>
	<unitsAverage value='106'/>
</results>
