<results>
	<result value='win'/>
	<start value='2015-05-05.19:34:11'/>
	<end value='2015-05-05.19:34:41'/>
	<frames value='33389'/>
	<gameDuration value='2086'/>

	<player>
		<unitScore value='22700'/>
		<killScore value='40870'/>
		<buildingScore value='3950'/>
		<razingScore value='8055'/>
		<mineralScore value='29762'/>
		<gasScore value='3328'/>
		<totalScore value='108665'/>
	</player>

	<enemy>
		<race value='Zerg'/>
		<unitScore value='17650'/>
		<unitScore value='17650'/>
		<killScore value='25000'/>
		<buildingScore value='2685'/>
		<razingScore value='1575'/>
		<mineralScore value='16686'/>
		<gasScore value='4888'/>
		<totalScore value='68484'/>
	</enemy>

	<scoreRatio value='1.58672'/>
	<timeFitness value='0.710278'/>
	<unitsAverage value='101'/>
</results>
