<results>
	<result value='loss'/>
	<start value='2015-04-09.18:17:42'/>
	<end value='2015-04-09.18:17:52'/>
	<frames value='21981'/>
	<gameDuration value='1373'/>

	<player>
		<unitScore value='4625'/>
		<killScore value='1800'/>
		<buildingScore value='2150'/>
		<razingScore value='0'/>
		<mineralScore value='6802'/>
		<gasScore value='600'/>
		<totalScore value='15977'/>
	</player>

	<enemy>
		<race value='Protoss'/>
		<unitScore value='5175'/>
		<unitScore value='5175'/>
		<killScore value='9250'/>
		<buildingScore value='6025'/>
		<razingScore value='6450'/>
		<mineralScore value='13154'/>
		<gasScore value='2816'/>
		<totalScore value='42870'/>
	</enemy>

	<scoreRatio value='0.372685'/>
</results>
