<results>
	<result value='loss'/>
	<start value='2015-05-06.10:08:20'/>
	<end value='2015-05-06.10:08:49'/>
	<frames value='37419'/>
	<gameDuration value='2338'/>

	<player>
		<unitScore value='16050'/>
		<killScore value='14300'/>
		<buildingScore value='2875'/>
		<razingScore value='1500'/>
		<mineralScore value='19218'/>
		<gasScore value='3424'/>
		<totalScore value='57367'/>
	</player>

	<enemy>
		<race value='Protoss'/>
		<unitScore value='18000'/>
		<unitScore value='18000'/>
		<killScore value='32100'/>
		<buildingScore value='7725'/>
		<razingScore value='8625'/>
		<mineralScore value='24698'/>
		<gasScore value='7944'/>
		<totalScore value='99092'/>
	</enemy>

	<scoreRatio value='0.578927'/>
	<timeFitness value='0.324722'/>
	<unitsAverage value='63'/>
</results>
