<results>
	<result value='draw'/>
	<start value='2015-05-06.10:23:27'/>
	<end value='2015-05-06.10:24:56'/>
	<frames value='57601'/>
	<gameDuration value='3600'/>

	<player>
		<unitScore value='31050'/>
		<killScore value='54850'/>
		<buildingScore value='3800'/>
		<razingScore value='10575'/>
		<mineralScore value='32990'/>
		<gasScore value='9044'/>
		<totalScore value='142309'/>
	</player>

	<enemy>
		<race value='Protoss'/>
		<unitScore value='32950'/>
		<unitScore value='32950'/>
		<killScore value='54300'/>
		<buildingScore value='6850'/>
		<razingScore value='4500'/>
		<mineralScore value='30054'/>
		<gasScore value='11232'/>
		<totalScore value='139886'/>
	</enemy>

	<scoreRatio value='1.01732'/>
	<timeFitness value='0.5'/>
	<unitsAverage value='136'/>
</results>
