<results>
	<result value='loss'/>
	<start value='2015-07-12.00:11:46'/>
	<end value='2015-07-12.00:12:05'/>
	<frames value='26507'/>
	<gameDuration value='1656'/>

	<player>
		<unitScore value='10175'/>
		<killScore value='4650'/>
		<buildingScore value='3375'/>
		<razingScore value='0'/>
		<mineralScore value='12902'/>
		<gasScore value='1776'/>
		<totalScore value='32878'/>
	</player>

	<enemy>
		<race value='Terran'/>
		<unitScore value='8300'/>
		<killScore value='18900'/>
		<buildingScore value='3400'/>
		<razingScore value='10125'/>
		<mineralScore value='15546'/>
		<gasScore value='4344'/>
		<totalScore value='60615'/>
	</enemy>

	<scoreRatio value='0.542407'/>
	<timeFitness value='0.23'/>
	<unitsAverage value='38'/>
</results>
