<results>
	<result value='loss'/>
	<start value='2014-07-23.01:08:42'/>
	<end value='2014-07-23.01:09:11'/>
	<frames value='46006'/>
	<gameDuration value='2875'/>

	<player>
		<unitScore value='12025'/>
		<killScore value='17000'/>
		<buildingScore value='1625'/>
		<razingScore value='7350'/>
		<mineralScore value='12774'/>
		<gasScore value='3368'/>
		<totalScore value='54142'/>
	</player>

	<enemy>
		<race value='Protoss'/>
		<unitScore value='24200'/>
		<unitScore value='24200'/>
		<killScore value='24150'/>
		<buildingScore value='9475'/>
		<razingScore value='4875'/>
		<mineralScore value='29186'/>
		<gasScore value='9498'/>
		<totalScore value='101384'/>
	</enemy>

	<scoreRatio value='0.534029'/>
</results>
