<results>
	<result value='loss'/>
	<start value='2015-07-13.21:08:14'/>
	<end value='2015-07-13.21:08:25'/>
	<frames value='17455'/>
	<gameDuration value='1090'/>

	<player>
		<unitScore value='3350'/>
		<killScore value='400'/>
		<buildingScore value='2250'/>
		<razingScore value='0'/>
		<mineralScore value='5842'/>
		<gasScore value='768'/>
		<totalScore value='12610'/>
	</player>

	<enemy>
		<race value='Protoss'/>
		<unitScore value='4550'/>
		<killScore value='6700'/>
		<buildingScore value='3575'/>
		<razingScore value='6750'/>
		<mineralScore value='9114'/>
		<gasScore value='2256'/>
		<totalScore value='32945'/>
	</enemy>

	<scoreRatio value='0.382759'/>
	<timeFitness value='0.151389'/>
	<unitsAverage value='25'/>
</results>
