<results>
	<result value='loss'/>
	<start value='2015-07-13.21:08:48'/>
	<end value='2015-07-13.21:09:19'/>
	<frames value='30816'/>
	<gameDuration value='1926'/>

	<player>
		<unitScore value='9600'/>
		<killScore value='2900'/>
		<buildingScore value='2175'/>
		<razingScore value='0'/>
		<mineralScore value='10986'/>
		<gasScore value='1608'/>
		<totalScore value='27269'/>
	</player>

	<enemy>
		<race value='Protoss'/>
		<unitScore value='16100'/>
		<killScore value='13950'/>
		<buildingScore value='6925'/>
		<razingScore value='6525'/>
		<mineralScore value='19522'/>
		<gasScore value='7488'/>
		<totalScore value='70510'/>
	</enemy>

	<scoreRatio value='0.386739'/>
	<timeFitness value='0.2675'/>
	<unitsAverage value='46'/>
</results>
