<results>
	<result value='win'/>
	<start value='2015-05-04.23:19:25'/>
	<end value='2015-05-04.23:20:05'/>
	<frames value='31746'/>
	<gameDuration value='1984'/>

	<player>
		<unitScore value='22325'/>
		<killScore value='22750'/>
		<buildingScore value='3900'/>
		<razingScore value='17775'/>
		<mineralScore value='31478'/>
		<gasScore value='2768'/>
		<totalScore value='100996'/>
	</player>

	<enemy>
		<race value='Protoss'/>
		<unitScore value='11875'/>
		<unitScore value='11875'/>
		<killScore value='22000'/>
		<buildingScore value='5925'/>
		<razingScore value='0'/>
		<mineralScore value='21678'/>
		<gasScore value='3640'/>
		<totalScore value='65118'/>
	</enemy>

	<scoreRatio value='1.55097'/>
	<timeFitness value='0.724444'/>
	<unitsAverage value='119'/>
</results>
