<results>
	<result value='win'/>
	<start value='2015-05-04.23:26:12'/>
	<end value='2015-05-04.23:26:44'/>
	<frames value='30320'/>
	<gameDuration value='1895'/>

	<player>
		<unitScore value='18200'/>
		<killScore value='14800'/>
		<buildingScore value='3675'/>
		<razingScore value='18075'/>
		<mineralScore value='22898'/>
		<gasScore value='3368'/>
		<totalScore value='81016'/>
	</player>

	<enemy>
		<race value='Protoss'/>
		<unitScore value='7400'/>
		<unitScore value='7400'/>
		<killScore value='16450'/>
		<buildingScore value='6025'/>
		<razingScore value='0'/>
		<mineralScore value='15362'/>
		<gasScore value='3240'/>
		<totalScore value='48477'/>
	</enemy>

	<scoreRatio value='1.67123'/>
	<timeFitness value='0.736806'/>
	<unitsAverage value='93'/>
</results>
