<results>
	<result value='loss'/>
	<start value='2015-05-04.23:25:49'/>
	<end value='2015-05-04.23:25:58'/>
	<frames value='17672'/>
	<gameDuration value='1104'/>

	<player>
		<unitScore value='3600'/>
		<killScore value='1600'/>
		<buildingScore value='1650'/>
		<razingScore value='0'/>
		<mineralScore value='5426'/>
		<gasScore value='680'/>
		<totalScore value='12956'/>
	</player>

	<enemy>
		<race value='Protoss'/>
		<unitScore value='3750'/>
		<unitScore value='3750'/>
		<killScore value='7200'/>
		<buildingScore value='4175'/>
		<razingScore value='4950'/>
		<mineralScore value='9698'/>
		<gasScore value='1648'/>
		<totalScore value='31421'/>
	</enemy>

	<scoreRatio value='0.412336'/>
	<timeFitness value='0.153333'/>
	<unitsAverage value='21'/>
</results>
