<results>
	<result value='loss'/>
	<start value='2015-05-04.23:30:08'/>
	<end value='2015-05-04.23:31:01'/>
	<frames value='56391'/>
	<gameDuration value='3524'/>

	<player>
		<unitScore value='29750'/>
		<killScore value='56050'/>
		<buildingScore value='3000'/>
		<razingScore value='0'/>
		<mineralScore value='31470'/>
		<gasScore value='6616'/>
		<totalScore value='126886'/>
	</player>

	<enemy>
		<race value='Protoss'/>
		<unitScore value='38900'/>
		<unitScore value='38900'/>
		<killScore value='59500'/>
		<buildingScore value='5975'/>
		<razingScore value='9000'/>
		<mineralScore value='31550'/>
		<gasScore value='11546'/>
		<totalScore value='156471'/>
	</enemy>

	<scoreRatio value='0.810923'/>
	<timeFitness value='0.489444'/>
	<unitsAverage value='85'/>
</results>
