<results>
	<result value='loss'/>
	<start value='2015-05-04.23:36:37'/>
	<end value='2015-05-04.23:37:15'/>
	<frames value='47246'/>
	<gameDuration value='2952'/>

	<player>
		<unitScore value='27125'/>
		<killScore value='26150'/>
		<buildingScore value='3575'/>
		<razingScore value='300'/>
		<mineralScore value='29062'/>
		<gasScore value='3416'/>
		<totalScore value='89628'/>
	</player>

	<enemy>
		<race value='Protoss'/>
		<unitScore value='34675'/>
		<unitScore value='34675'/>
		<killScore value='54250'/>
		<buildingScore value='8025'/>
		<razingScore value='10725'/>
		<mineralScore value='32090'/>
		<gasScore value='11758'/>
		<totalScore value='151523'/>
	</enemy>

	<scoreRatio value='0.591514'/>
	<timeFitness value='0.41'/>
	<unitsAverage value='65'/>
</results>
