<results>
	<result value='win'/>
	<start value='2015-05-04.23:40:03'/>
	<end value='2015-05-04.23:40:58'/>
	<frames value='38256'/>
	<gameDuration value='2391'/>

	<player>
		<unitScore value='31300'/>
		<killScore value='33700'/>
		<buildingScore value='4700'/>
		<razingScore value='17850'/>
		<mineralScore value='36038'/>
		<gasScore value='4272'/>
		<totalScore value='127860'/>
	</player>

	<enemy>
		<race value='Protoss'/>
		<unitScore value='17425'/>
		<unitScore value='17425'/>
		<killScore value='39900'/>
		<buildingScore value='5950'/>
		<razingScore value='0'/>
		<mineralScore value='22994'/>
		<gasScore value='4392'/>
		<totalScore value='90661'/>
	</enemy>

	<scoreRatio value='1.41031'/>
	<timeFitness value='0.667917'/>
	<unitsAverage value='137'/>
</results>
