<results>
	<result value='loss'/>
	<start value='2015-05-04.23:55:23'/>
	<end value='2015-05-04.23:55:55'/>
	<frames value='42968'/>
	<gameDuration value='2685'/>

	<player>
		<unitScore value='21425'/>
		<killScore value='27000'/>
		<buildingScore value='3225'/>
		<razingScore value='600'/>
		<mineralScore value='23982'/>
		<gasScore value='1976'/>
		<totalScore value='78208'/>
	</player>

	<enemy>
		<race value='Protoss'/>
		<unitScore value='33250'/>
		<unitScore value='33250'/>
		<killScore value='42850'/>
		<buildingScore value='7375'/>
		<razingScore value='9675'/>
		<mineralScore value='28930'/>
		<gasScore value='11784'/>
		<totalScore value='133864'/>
	</enemy>

	<scoreRatio value='0.584235'/>
	<timeFitness value='0.372917'/>
	<unitsAverage value='60'/>
</results>
