<results>
	<result value='win'/>
	<start value='2015-05-08.22:12:03'/>
	<end value='2015-05-08.22:13:57'/>
	<frames value='52082'/>
	<gameDuration value='3255'/>

	<player>
		<unitScore value='16225'/>
		<killScore value='24710'/>
		<buildingScore value='3675'/>
		<razingScore value='7485'/>
		<mineralScore value='38106'/>
		<gasScore value='7610'/>
		<totalScore value='97811'/>
	</player>

	<enemy>
		<race value='Zerg'/>
		<unitScore value='11400'/>
		<unitScore value='11400'/>
		<killScore value='8850'/>
		<buildingScore value='2495'/>
		<razingScore value='0'/>
		<mineralScore value='11954'/>
		<gasScore value='3456'/>
		<totalScore value='38155'/>
	</enemy>

	<scoreRatio value='2.56352'/>
	<timeFitness value='0.547917'/>
	<unitsAverage value='141'/>
</results>
