<results>
	<result value='win'/>
	<start value='2015-05-08.22:31:16'/>
	<end value='2015-05-08.22:31:51'/>
	<frames value='27530'/>
	<gameDuration value='1720'/>

	<player>
		<unitScore value='17700'/>
		<killScore value='26690'/>
		<buildingScore value='4125'/>
		<razingScore value='6015'/>
		<mineralScore value='27730'/>
		<gasScore value='2104'/>
		<totalScore value='84364'/>
	</player>

	<enemy>
		<race value='Zerg'/>
		<unitScore value='12575'/>
		<unitScore value='12575'/>
		<killScore value='14500'/>
		<buildingScore value='2005'/>
		<razingScore value='0'/>
		<mineralScore value='11370'/>
		<gasScore value='3544'/>
		<totalScore value='43994'/>
	</enemy>

	<scoreRatio value='1.91763'/>
	<timeFitness value='0.761111'/>
	<unitsAverage value='102'/>
</results>
