<results>
	<result value='win'/>
	<start value='2015-05-08.22:36:27'/>
	<end value='2015-05-08.22:37:03'/>
	<frames value='25670'/>
	<gameDuration value='1604'/>

	<player>
		<unitScore value='14475'/>
		<killScore value='20250'/>
		<buildingScore value='3425'/>
		<razingScore value='6840'/>
		<mineralScore value='22362'/>
		<gasScore value='1784'/>
		<totalScore value='69136'/>
	</player>

	<enemy>
		<race value='Zerg'/>
		<unitScore value='9100'/>
		<unitScore value='9100'/>
		<killScore value='10100'/>
		<buildingScore value='2280'/>
		<razingScore value='0'/>
		<mineralScore value='9786'/>
		<gasScore value='3040'/>
		<totalScore value='34306'/>
	</enemy>

	<scoreRatio value='2.01527'/>
	<timeFitness value='0.777222'/>
	<unitsAverage value='88'/>
</results>
