<results>
	<result value='win'/>
	<start value='2015-05-08.22:46:00'/>
	<end value='2015-05-08.22:46:34'/>
	<frames value='29638'/>
	<gameDuration value='1852'/>

	<player>
		<unitScore value='18350'/>
		<killScore value='24410'/>
		<buildingScore value='4125'/>
		<razingScore value='6330'/>
		<mineralScore value='29242'/>
		<gasScore value='2104'/>
		<totalScore value='84561'/>
	</player>

	<enemy>
		<race value='Zerg'/>
		<unitScore value='11200'/>
		<unitScore value='11200'/>
		<killScore value='15400'/>
		<buildingScore value='2110'/>
		<razingScore value='0'/>
		<mineralScore value='11254'/>
		<gasScore value='3608'/>
		<totalScore value='43572'/>
	</enemy>

	<scoreRatio value='1.94072'/>
	<timeFitness value='0.742778'/>
	<unitsAverage value='101'/>
</results>
