<results>
	<result value='loss'/>
	<start value='2015-04-16.14:33:23'/>
	<end value='2015-04-16.14:33:41'/>
	<frames value='17114'/>
	<gameDuration value='1069'/>

	<player>
		<unitScore value='5150'/>
		<killScore value='1000'/>
		<buildingScore value='1725'/>
		<razingScore value='0'/>
		<mineralScore value='6738'/>
		<gasScore value='1448'/>
		<totalScore value='16061'/>
	</player>

	<enemy>
		<race value='Protoss'/>
		<unitScore value='3975'/>
		<unitScore value='3975'/>
		<killScore value='10300'/>
		<buildingScore value='3425'/>
		<razingScore value='5175'/>
		<mineralScore value='9114'/>
		<gasScore value='2104'/>
		<totalScore value='34093'/>
	</enemy>

	<scoreRatio value='0.471094'/>
</results>
