<results>
	<result value='loss'/>
	<start value='2015-04-16.14:35:25'/>
	<end value='2015-04-16.14:35:49'/>
	<frames value='21454'/>
	<gameDuration value='1340'/>

	<player>
		<unitScore value='5700'/>
		<killScore value='2800'/>
		<buildingScore value='2675'/>
		<razingScore value='0'/>
		<mineralScore value='8290'/>
		<gasScore value='1256'/>
		<totalScore value='20721'/>
	</player>

	<enemy>
		<race value='Protoss'/>
		<unitScore value='7175'/>
		<unitScore value='7175'/>
		<killScore value='11300'/>
		<buildingScore value='4575'/>
		<razingScore value='8025'/>
		<mineralScore value='11818'/>
		<gasScore value='3528'/>
		<totalScore value='46421'/>
	</enemy>

	<scoreRatio value='0.446371'/>
</results>
