<results>
	<result value='draw'/>
	<start value='2015-04-07.16:09:40'/>
	<end value='2015-04-07.16:10:53'/>
	<frames value='57601'/>
	<gameDuration value='3600'/>

	<player>
		<unitScore value='25950'/>
		<killScore value='54980'/>
		<buildingScore value='2975'/>
		<razingScore value='15975'/>
		<mineralScore value='26914'/>
		<gasScore value='5144'/>
		<totalScore value='131938'/>
	</player>

	<enemy>
		<race value='Protoss'/>
		<unitScore value='32255'/>
		<unitScore value='32255'/>
		<killScore value='39600'/>
		<buildingScore value='8350'/>
		<razingScore value='0'/>
		<mineralScore value='32466'/>
		<gasScore value='10552'/>
		<totalScore value='123223'/>
	</enemy>

	<scoreRatio value='1.07073'/>
</results>
