<results>
	<result value='loss'/>
	<start value='2015-07-21.19:56:59'/>
	<end value='2015-07-21.19:57:24'/>
	<frames value='28770'/>
	<gameDuration value='1798'/>

	<player>
		<unitScore value='12600'/>
		<killScore value='6800'/>
		<buildingScore value='3575'/>
		<razingScore value='0'/>
		<mineralScore value='19230'/>
		<gasScore value='1296'/>
		<totalScore value='43501'/>
	</player>

	<enemy>
		<race value='Zerg'/>
		<unitScore value='14050'/>
		<killScore value='24150'/>
		<buildingScore value='3410'/>
		<razingScore value='10725'/>
		<mineralScore value='16802'/>
		<gasScore value='5160'/>
		<totalScore value='74297'/>
	</enemy>

	<scoreRatio value='0.585501'/>
	<timeFitness value='0.249722'/>
	<unitsAverage value='51'/>
</results>
