<results>
	<result value='win'/>
	<start value='2015-04-27.16:09:42'/>
	<end value='2015-04-27.16:09:54'/>
	<frames value='20927'/>
	<gameDuration value='1307'/>

	<player>
		<unitScore value='8275'/>
		<killScore value='12950'/>
		<buildingScore value='2925'/>
		<razingScore value='4350'/>
		<mineralScore value='11618'/>
		<gasScore value='1992'/>
		<totalScore value='42110'/>
	</player>

	<enemy>
		<race value='Terran'/>
		<unitScore value='6475'/>
		<unitScore value='6475'/>
		<killScore value='4000'/>
		<buildingScore value='1450'/>
		<razingScore value='1350'/>
		<mineralScore value='7682'/>
		<gasScore value='2184'/>
		<totalScore value='23141'/>
	</enemy>

	<scoreRatio value='1.81971'/>
</results>
