<results>
	<result value='loss'/>
	<start value='2015-04-27.16:13:33'/>
	<end value='2015-04-27.16:13:42'/>
	<frames value='19191'/>
	<gameDuration value='1199'/>

	<player>
		<unitScore value='4000'/>
		<killScore value='4100'/>
		<buildingScore value='1900'/>
		<razingScore value='0'/>
		<mineralScore value='5842'/>
		<gasScore value='800'/>
		<totalScore value='16642'/>
	</player>

	<enemy>
		<race value='Terran'/>
		<unitScore value='7325'/>
		<unitScore value='7325'/>
		<killScore value='8000'/>
		<buildingScore value='2850'/>
		<razingScore value='5700'/>
		<mineralScore value='8826'/>
		<gasScore value='3200'/>
		<totalScore value='35901'/>
	</enemy>

	<scoreRatio value='0.463553'/>
</results>
