<results>
	<result value='loss'/>
	<start value='2015-04-27.16:16:33'/>
	<end value='2015-04-27.16:16:41'/>
	<frames value='17858'/>
	<gameDuration value='1116'/>

	<player>
		<unitScore value='4525'/>
		<killScore value='2150'/>
		<buildingScore value='1525'/>
		<razingScore value='0'/>
		<mineralScore value='5570'/>
		<gasScore value='584'/>
		<totalScore value='14354'/>
	</player>

	<enemy>
		<race value='Terran'/>
		<unitScore value='6750'/>
		<unitScore value='6750'/>
		<killScore value='9050'/>
		<buildingScore value='2650'/>
		<razingScore value='4575'/>
		<mineralScore value='8218'/>
		<gasScore value='2856'/>
		<totalScore value='34099'/>
	</enemy>

	<scoreRatio value='0.420951'/>
</results>
