<results>
	<result value='loss'/>
	<start value='2015-04-27.16:16:58'/>
	<end value='2015-04-27.16:17:16'/>
	<frames value='27561'/>
	<gameDuration value='1722'/>

	<player>
		<unitScore value='9675'/>
		<killScore value='4250'/>
		<buildingScore value='3675'/>
		<razingScore value='0'/>
		<mineralScore value='13114'/>
		<gasScore value='1912'/>
		<totalScore value='32626'/>
	</player>

	<enemy>
		<race value='Terran'/>
		<unitScore value='8825'/>
		<unitScore value='8825'/>
		<killScore value='13050'/>
		<buildingScore value='2450'/>
		<razingScore value='11025'/>
		<mineralScore value='12050'/>
		<gasScore value='4600'/>
		<totalScore value='52000'/>
	</enemy>

	<scoreRatio value='0.627423'/>
</results>
