<results>
	<result value='win'/>
	<start value='2014-07-11.19:59:43'/>
	<end value='2014-07-11.20:00:18'/>
	<frames value='35900'/>
	<gameDuration value='2243'/>

	<player>
		<unitScore value='19800'/>
		<killScore value='27250'/>
		<buildingScore value='4225'/>
		<razingScore value='10650'/>
		<mineralScore value='31718'/>
		<gasScore value='3656'/>
		<totalScore value='97299'/>
	</player>

	<enemy>
		<race value='Terran'/>
		<unitScore value='13625'/>
		<unitScore value='13625'/>
		<killScore value='18050'/>
		<buildingScore value='3550'/>
		<razingScore value='1575'/>
		<mineralScore value='12270'/>
		<gasScore value='5426'/>
		<totalScore value='54496'/>
	</enemy>

	<scoreRatio value='1.78543'/>
</results>
