<results>
	<result value='win'/>
	<start value='2014-07-11.20:01:23'/>
	<end value='2014-07-11.20:01:48'/>
	<frames value='30196'/>
	<gameDuration value='1887'/>

	<player>
		<unitScore value='14250'/>
		<killScore value='24650'/>
		<buildingScore value='3725'/>
		<razingScore value='10050'/>
		<mineralScore value='17114'/>
		<gasScore value='3000'/>
		<totalScore value='72789'/>
	</player>

	<enemy>
		<race value='Terran'/>
		<unitScore value='12625'/>
		<unitScore value='12625'/>
		<killScore value='12550'/>
		<buildingScore value='3350'/>
		<razingScore value='3300'/>
		<mineralScore value='12170'/>
		<gasScore value='5192'/>
		<totalScore value='49187'/>
	</enemy>

	<scoreRatio value='1.47984'/>
</results>
