<results>
	<result value='loss'/>
	<start value='2015-05-09.19:36:59'/>
	<end value='2015-05-09.19:37:36'/>
	<frames value='48610'/>
	<gameDuration value='3038'/>

	<player>
		<unitScore value='23275'/>
		<killScore value='33700'/>
		<buildingScore value='2275'/>
		<razingScore value='5625'/>
		<mineralScore value='23994'/>
		<gasScore value='3432'/>
		<totalScore value='92301'/>
	</player>

	<enemy>
		<race value='Protoss'/>
		<unitScore value='30725'/>
		<unitScore value='30725'/>
		<killScore value='46550'/>
		<buildingScore value='9075'/>
		<razingScore value='6825'/>
		<mineralScore value='32338'/>
		<gasScore value='8968'/>
		<totalScore value='134481'/>
	</enemy>

	<scoreRatio value='0.68635'/>
	<timeFitness value='0.421944'/>
	<unitsAverage value='73'/>
</results>
