<results>
	<result value='loss'/>
	<start value='2015-05-03.14:14:55'/>
	<end value='2015-05-03.14:15:22'/>
	<frames value='41666'/>
	<gameDuration value='2604'/>

	<player>
		<unitScore value='16675'/>
		<killScore value='20850'/>
		<buildingScore value='1975'/>
		<razingScore value='1500'/>
		<mineralScore value='18850'/>
		<gasScore value='3352'/>
		<totalScore value='63202'/>
	</player>

	<enemy>
		<race value='Protoss'/>
		<unitScore value='28525'/>
		<unitScore value='28525'/>
		<killScore value='33100'/>
		<buildingScore value='8375'/>
		<razingScore value='5925'/>
		<mineralScore value='29650'/>
		<gasScore value='10364'/>
		<totalScore value='115939'/>
	</enemy>

	<scoreRatio value='0.545132'/>
	<timeFitness value='0.361667'/>
	<unitsAverage value='54'/>
</results>
