<results>
	<result value='loss'/>
	<start value='2015-05-03.14:15:26'/>
	<end value='2015-05-03.14:15:59'/>
	<frames value='50656'/>
	<gameDuration value='3166'/>

	<player>
		<unitScore value='23850'/>
		<killScore value='55500'/>
		<buildingScore value='2050'/>
		<razingScore value='300'/>
		<mineralScore value='24018'/>
		<gasScore value='3720'/>
		<totalScore value='109438'/>
	</player>

	<enemy>
		<race value='Protoss'/>
		<unitScore value='45375'/>
		<unitScore value='45375'/>
		<killScore value='47450'/>
		<buildingScore value='7225'/>
		<razingScore value='6150'/>
		<mineralScore value='35650'/>
		<gasScore value='14214'/>
		<totalScore value='156064'/>
	</enemy>

	<scoreRatio value='0.701238'/>
	<timeFitness value='0.439722'/>
	<unitsAverage value='65'/>
</results>
