<results>
	<result value='loss'/>
	<start value='2015-05-03.14:16:02'/>
	<end value='2015-05-03.14:16:09'/>
	<frames value='14138'/>
	<gameDuration value='883'/>

	<player>
		<unitScore value='2725'/>
		<killScore value='900'/>
		<buildingScore value='1400'/>
		<razingScore value='0'/>
		<mineralScore value='4154'/>
		<gasScore value='816'/>
		<totalScore value='9995'/>
	</player>

	<enemy>
		<race value='Protoss'/>
		<unitScore value='3550'/>
		<unitScore value='3550'/>
		<killScore value='5550'/>
		<buildingScore value='2725'/>
		<razingScore value='4200'/>
		<mineralScore value='7098'/>
		<gasScore value='1376'/>
		<totalScore value='24499'/>
	</enemy>

	<scoreRatio value='0.407976'/>
	<timeFitness value='0.122639'/>
	<unitsAverage value='22'/>
</results>
