<results>
	<result value='loss'/>
	<start value='2015-07-11.22:03:21'/>
	<end value='2015-07-11.22:03:36'/>
	<frames value='19346'/>
	<gameDuration value='1209'/>

	<player>
		<unitScore value='4825'/>
		<killScore value='1600'/>
		<buildingScore value='2000'/>
		<razingScore value='0'/>
		<mineralScore value='6442'/>
		<gasScore value='792'/>
		<totalScore value='15659'/>
	</player>

	<enemy>
		<race value='Terran'/>
		<unitScore value='7925'/>
		<killScore value='9650'/>
		<buildingScore value='2900'/>
		<razingScore value='6000'/>
		<mineralScore value='9010'/>
		<gasScore value='3464'/>
		<totalScore value='38949'/>
	</enemy>

	<scoreRatio value='0.402039'/>
	<timeFitness value='0.167917'/>
	<unitsAverage value='28'/>
</results>
