<results>
	<result value='loss'/>
	<start value='2015-07-11.22:04:19'/>
	<end value='2015-07-11.22:04:37'/>
	<frames value='21423'/>
	<gameDuration value='1338'/>

	<player>
		<unitScore value='8200'/>
		<killScore value='3150'/>
		<buildingScore value='1800'/>
		<razingScore value='0'/>
		<mineralScore value='8786'/>
		<gasScore value='1256'/>
		<totalScore value='23192'/>
	</player>

	<enemy>
		<race value='Terran'/>
		<unitScore value='8575'/>
		<killScore value='16400'/>
		<buildingScore value='3225'/>
		<razingScore value='5400'/>
		<mineralScore value='10234'/>
		<gasScore value='4272'/>
		<totalScore value='48106'/>
	</enemy>

	<scoreRatio value='0.482102'/>
	<timeFitness value='0.185833'/>
	<unitsAverage value='33'/>
</results>
