<results>
	<result value='loss'/>
	<start value='2015-05-06.11:53:27'/>
	<end value='2015-05-06.11:54:20'/>
	<frames value='43712'/>
	<gameDuration value='2732'/>

	<player>
		<unitScore value='21350'/>
		<killScore value='32135'/>
		<buildingScore value='3475'/>
		<razingScore value='1380'/>
		<mineralScore value='31574'/>
		<gasScore value='4112'/>
		<totalScore value='94026'/>
	</player>

	<enemy>
		<race value='Zerg'/>
		<unitScore value='30250'/>
		<unitScore value='30250'/>
		<killScore value='42700'/>
		<buildingScore value='5000'/>
		<razingScore value='10425'/>
		<mineralScore value='25738'/>
		<gasScore value='9900'/>
		<totalScore value='124013'/>
	</enemy>

	<scoreRatio value='0.758195'/>
	<timeFitness value='0.379444'/>
	<unitsAverage value='98'/>
</results>
