<results>
	<result value='loss'/>
	<start value='2015-05-06.11:55:12'/>
	<end value='2015-05-06.11:55:34'/>
	<frames value='37047'/>
	<gameDuration value='2315'/>

	<player>
		<unitScore value='4450'/>
		<killScore value='11550'/>
		<buildingScore value='1750'/>
		<razingScore value='75'/>
		<mineralScore value='6554'/>
		<gasScore value='1488'/>
		<totalScore value='25867'/>
	</player>

	<enemy>
		<race value='Zerg'/>
		<unitScore value='24275'/>
		<unitScore value='24275'/>
		<killScore value='8900'/>
		<buildingScore value='5090'/>
		<razingScore value='5250'/>
		<mineralScore value='26802'/>
		<gasScore value='9988'/>
		<totalScore value='80305'/>
	</enemy>

	<scoreRatio value='0.322109'/>
	<timeFitness value='0.321528'/>
	<unitsAverage value='23'/>
</results>
