<results>
	<result value='win'/>
	<start value='2015-05-06.12:02:00'/>
	<end value='2015-05-06.12:02:41'/>
	<frames value='31777'/>
	<gameDuration value='1986'/>

	<player>
		<unitScore value='16650'/>
		<killScore value='28865'/>
		<buildingScore value='4850'/>
		<razingScore value='5655'/>
		<mineralScore value='23922'/>
		<gasScore value='2880'/>
		<totalScore value='82822'/>
	</player>

	<enemy>
		<race value='Zerg'/>
		<unitScore value='12550'/>
		<unitScore value='12550'/>
		<killScore value='11100'/>
		<buildingScore value='1885'/>
		<razingScore value='1350'/>
		<mineralScore value='11770'/>
		<gasScore value='3824'/>
		<totalScore value='42479'/>
	</enemy>

	<scoreRatio value='1.94972'/>
	<timeFitness value='0.724167'/>
	<unitsAverage value='106'/>
</results>
