<results>
	<result value='win'/>
	<start value='2015-05-06.12:29:26'/>
	<end value='2015-05-06.12:30:42'/>
	<frames value='44146'/>
	<gameDuration value='2759'/>

	<player>
		<unitScore value='26925'/>
		<killScore value='48130'/>
		<buildingScore value='4275'/>
		<razingScore value='10260'/>
		<mineralScore value='35038'/>
		<gasScore value='3160'/>
		<totalScore value='127788'/>
	</player>

	<enemy>
		<race value='Zerg'/>
		<unitScore value='23075'/>
		<unitScore value='23075'/>
		<killScore value='29650'/>
		<buildingScore value='3420'/>
		<razingScore value='0'/>
		<mineralScore value='20410'/>
		<gasScore value='7328'/>
		<totalScore value='83883'/>
	</enemy>

	<scoreRatio value='1.52341'/>
	<timeFitness value='0.616806'/>
	<unitsAverage value='130'/>
</results>
