<results>
	<result value='loss'/>
	<start value='2015-04-10.07:39:24'/>
	<end value='2015-04-10.07:40:04'/>
	<frames value='51214'/>
	<gameDuration value='3200'/>

	<player>
		<unitScore value='26300'/>
		<killScore value='56600'/>
		<buildingScore value='3075'/>
		<razingScore value='600'/>
		<mineralScore value='27218'/>
		<gasScore value='6128'/>
		<totalScore value='119921'/>
	</player>

	<enemy>
		<race value='Protoss'/>
		<unitScore value='38525'/>
		<unitScore value='38525'/>
		<killScore value='52350'/>
		<buildingScore value='6775'/>
		<razingScore value='9225'/>
		<mineralScore value='31074'/>
		<gasScore value='11402'/>
		<totalScore value='149351'/>
	</enemy>

	<scoreRatio value='0.802947'/>
</results>
