<results>
	<result value='loss'/>
	<start value='2015-04-10.07:47:23'/>
	<end value='2015-04-10.07:48:11'/>
	<frames value='51276'/>
	<gameDuration value='3204'/>

	<player>
		<unitScore value='18575'/>
		<killScore value='31650'/>
		<buildingScore value='2325'/>
		<razingScore value='3900'/>
		<mineralScore value='19538'/>
		<gasScore value='4352'/>
		<totalScore value='80340'/>
	</player>

	<enemy>
		<race value='Protoss'/>
		<unitScore value='31075'/>
		<unitScore value='31075'/>
		<killScore value='37250'/>
		<buildingScore value='8425'/>
		<razingScore value='6975'/>
		<mineralScore value='37070'/>
		<gasScore value='10884'/>
		<totalScore value='131679'/>
	</enemy>

	<scoreRatio value='0.61012'/>
</results>
