<results>
	<result value='win'/>
	<start value='2015-05-06.11:42:07'/>
	<end value='2015-05-06.11:42:44'/>
	<frames value='33637'/>
	<gameDuration value='2102'/>

	<player>
		<unitScore value='20675'/>
		<killScore value='27500'/>
		<buildingScore value='4100'/>
		<razingScore value='19650'/>
		<mineralScore value='27162'/>
		<gasScore value='2792'/>
		<totalScore value='101879'/>
	</player>

	<enemy>
		<race value='Protoss'/>
		<unitScore value='14600'/>
		<unitScore value='14600'/>
		<killScore value='16100'/>
		<buildingScore value='6550'/>
		<razingScore value='150'/>
		<mineralScore value='18130'/>
		<gasScore value='5232'/>
		<totalScore value='60762'/>
	</enemy>

	<scoreRatio value='1.67669'/>
	<timeFitness value='0.708056'/>
	<unitsAverage value='95'/>
</results>
