<results>
	<result value='loss'/>
	<start value='2014-07-05.23:26:19'/>
	<end value='2014-07-05.23:26:27'/>
	<frames value='16773'/>
	<gameDuration value='1048'/>

	<player>
		<unitScore value='4750'/>
		<killScore value='400'/>
		<buildingScore value='1350'/>
		<razingScore value='0'/>
		<mineralScore value='6634'/>
		<gasScore value='840'/>
		<totalScore value='13974'/>
	</player>

	<enemy>
		<race value='Protoss'/>
		<unitScore value='4325'/>
		<unitScore value='4325'/>
		<killScore value='8400'/>
		<buildingScore value='3275'/>
		<razingScore value='4050'/>
		<mineralScore value='8410'/>
		<gasScore value='2040'/>
		<totalScore value='30500'/>
	</enemy>

	<scoreRatio value='0.458164'/>
</results>
