<results>
	<result value='loss'/>
	<start value='2014-07-05.23:37:36'/>
	<end value='2014-07-05.23:37:48'/>
	<frames value='24492'/>
	<gameDuration value='1530'/>

	<player>
		<unitScore value='4125'/>
		<killScore value='6400'/>
		<buildingScore value='2125'/>
		<razingScore value='1200'/>
		<mineralScore value='6242'/>
		<gasScore value='872'/>
		<totalScore value='20964'/>
	</player>

	<enemy>
		<race value='Protoss'/>
		<unitScore value='5700'/>
		<unitScore value='5700'/>
		<killScore value='8250'/>
		<buildingScore value='4975'/>
		<razingScore value='6375'/>
		<mineralScore value='12322'/>
		<gasScore value='2864'/>
		<totalScore value='40486'/>
	</enemy>

	<scoreRatio value='0.517809'/>
</results>
