<results>
	<result value='win'/>
	<start value='2015-05-06.06:35:06'/>
	<end value='2015-05-06.06:35:33'/>
	<frames value='28863'/>
	<gameDuration value='1803'/>

	<player>
		<unitScore value='16525'/>
		<killScore value='27550'/>
		<buildingScore value='3675'/>
		<razingScore value='10950'/>
		<mineralScore value='23006'/>
		<gasScore value='3040'/>
		<totalScore value='84746'/>
	</player>

	<enemy>
		<race value='Terran'/>
		<unitScore value='14575'/>
		<unitScore value='14575'/>
		<killScore value='13200'/>
		<buildingScore value='3650'/>
		<razingScore value='450'/>
		<mineralScore value='12754'/>
		<gasScore value='5120'/>
		<totalScore value='49749'/>
	</enemy>

	<scoreRatio value='1.70347'/>
	<timeFitness value='0.749583'/>
	<unitsAverage value='83'/>
</results>
