<results>
	<result value='loss'/>
	<start value='2015-05-06.06:36:13'/>
	<end value='2015-05-06.06:36:23'/>
	<frames value='18416'/>
	<gameDuration value='1151'/>

	<player>
		<unitScore value='4725'/>
		<killScore value='1600'/>
		<buildingScore value='1725'/>
		<razingScore value='0'/>
		<mineralScore value='6658'/>
		<gasScore value='712'/>
		<totalScore value='15420'/>
	</player>

	<enemy>
		<race value='Terran'/>
		<unitScore value='7200'/>
		<unitScore value='7200'/>
		<killScore value='9450'/>
		<buildingScore value='2900'/>
		<razingScore value='5175'/>
		<mineralScore value='8458'/>
		<gasScore value='3024'/>
		<totalScore value='36207'/>
	</enemy>

	<scoreRatio value='0.425884'/>
	<timeFitness value='0.159861'/>
	<unitsAverage value='28'/>
</results>
