<results>
	<result value='loss'/>
	<start value='2015-05-06.06:51:55'/>
	<end value='2015-05-06.06:52:22'/>
	<frames value='45944'/>
	<gameDuration value='2871'/>

	<player>
		<unitScore value='11975'/>
		<killScore value='8700'/>
		<buildingScore value='2600'/>
		<razingScore value='0'/>
		<mineralScore value='14242'/>
		<gasScore value='1608'/>
		<totalScore value='39125'/>
	</player>

	<enemy>
		<race value='Terran'/>
		<unitScore value='22125'/>
		<unitScore value='22125'/>
		<killScore value='23950'/>
		<buildingScore value='5375'/>
		<razingScore value='7800'/>
		<mineralScore value='28130'/>
		<gasScore value='11208'/>
		<totalScore value='98588'/>
	</enemy>

	<scoreRatio value='0.396854'/>
	<timeFitness value='0.39875'/>
	<unitsAverage value='35'/>
</results>
