<results>
	<result value='win'/>
	<start value='2014-07-22.19:15:10'/>
	<end value='2014-07-22.19:15:35'/>
	<frames value='25639'/>
	<gameDuration value='1602'/>

	<player>
		<unitScore value='15625'/>
		<killScore value='24430'/>
		<buildingScore value='3850'/>
		<razingScore value='4755'/>
		<mineralScore value='24342'/>
		<gasScore value='2352'/>
		<totalScore value='75354'/>
	</player>

	<enemy>
		<race value='Zerg'/>
		<unitScore value='11050'/>
		<unitScore value='11050'/>
		<killScore value='13350'/>
		<buildingScore value='1585'/>
		<razingScore value='0'/>
		<mineralScore value='10378'/>
		<gasScore value='3344'/>
		<totalScore value='39707'/>
	</enemy>

	<scoreRatio value='1.89775'/>
</results>
