<results>
	<result value='win'/>
	<start value='2015-05-02.16:49:29'/>
	<end value='2015-05-02.16:50:00'/>
	<frames value='29235'/>
	<gameDuration value='1827'/>

	<player>
		<unitScore value='18100'/>
		<killScore value='22500'/>
		<buildingScore value='4875'/>
		<razingScore value='16125'/>
		<mineralScore value='25602'/>
		<gasScore value='3104'/>
		<totalScore value='90306'/>
	</player>

	<enemy>
		<race value='Protoss'/>
		<unitScore value='13350'/>
		<unitScore value='13350'/>
		<killScore value='13500'/>
		<buildingScore value='5375'/>
		<razingScore value='225'/>
		<mineralScore value='13150'/>
		<gasScore value='4120'/>
		<totalScore value='49720'/>
	</enemy>

	<scoreRatio value='1.81629'/>
	<timeFitness value='0.74625'/>
	<unitsAverage value='99'/>
</results>
