<results>
	<result value='loss'/>
	<start value='2015-05-11.18:41:14'/>
	<end value='2015-05-11.18:41:21'/>
	<frames value='13704'/>
	<gameDuration value='856'/>

	<player>
		<unitScore value='3275'/>
		<killScore value='600'/>
		<buildingScore value='1125'/>
		<razingScore value='0'/>
		<mineralScore value='4202'/>
		<gasScore value='792'/>
		<totalScore value='9994'/>
	</player>

	<enemy>
		<race value='Protoss'/>
		<unitScore value='3500'/>
		<unitScore value='3500'/>
		<killScore value='5450'/>
		<buildingScore value='2475'/>
		<razingScore value='3375'/>
		<mineralScore value='6954'/>
		<gasScore value='1192'/>
		<totalScore value='22946'/>
	</enemy>

	<scoreRatio value='0.435544'/>
	<timeFitness value='0.118889'/>
	<unitsAverage value='24'/>
</results>
