<results>
	<result value='loss'/>
	<start value='2015-05-02.16:57:46'/>
	<end value='2015-05-02.16:57:53'/>
	<frames value='15285'/>
	<gameDuration value='955'/>

	<player>
		<unitScore value='3900'/>
		<killScore value='600'/>
		<buildingScore value='1225'/>
		<razingScore value='0'/>
		<mineralScore value='5274'/>
		<gasScore value='840'/>
		<totalScore value='11839'/>
	</player>

	<enemy>
		<race value='Protoss'/>
		<unitScore value='3550'/>
		<unitScore value='3550'/>
		<killScore value='7800'/>
		<buildingScore value='2725'/>
		<razingScore value='3675'/>
		<mineralScore value='7826'/>
		<gasScore value='1184'/>
		<totalScore value='26760'/>
	</enemy>

	<scoreRatio value='0.442414'/>
	<timeFitness value='0.132639'/>
	<unitsAverage value='26'/>
</results>
