<results>
	<result value='loss'/>
	<start value='2015-05-02.16:58:48'/>
	<end value='2015-05-02.16:58:54'/>
	<frames value='15967'/>
	<gameDuration value='997'/>

	<player>
		<unitScore value='3450'/>
		<killScore value='1300'/>
		<buildingScore value='1175'/>
		<razingScore value='0'/>
		<mineralScore value='4794'/>
		<gasScore value='888'/>
		<totalScore value='11607'/>
	</player>

	<enemy>
		<race value='Protoss'/>
		<unitScore value='3600'/>
		<unitScore value='3600'/>
		<killScore value='6900'/>
		<buildingScore value='3325'/>
		<razingScore value='3525'/>
		<mineralScore value='8154'/>
		<gasScore value='1720'/>
		<totalScore value='27224'/>
	</enemy>

	<scoreRatio value='0.426352'/>
	<timeFitness value='0.138472'/>
	<unitsAverage value='23'/>
</results>
