<results>
	<result value='win'/>
	<start value='2015-05-11.18:50:11'/>
	<end value='2015-05-11.18:50:54'/>
	<frames value='36365'/>
	<gameDuration value='2272'/>

	<player>
		<unitScore value='21050'/>
		<killScore value='17650'/>
		<buildingScore value='4050'/>
		<razingScore value='22725'/>
		<mineralScore value='25354'/>
		<gasScore value='2832'/>
		<totalScore value='93661'/>
	</player>

	<enemy>
		<race value='Protoss'/>
		<unitScore value='9475'/>
		<unitScore value='9475'/>
		<killScore value='19550'/>
		<buildingScore value='7575'/>
		<razingScore value='0'/>
		<mineralScore value='19730'/>
		<gasScore value='4648'/>
		<totalScore value='60978'/>
	</enemy>

	<scoreRatio value='1.53598'/>
	<timeFitness value='0.684444'/>
	<unitsAverage value='102'/>
</results>
