<results>
	<result value='loss'/>
	<start value='2015-05-06.12:17:33'/>
	<end value='2015-05-06.12:17:52'/>
	<frames value='31343'/>
	<gameDuration value='1958'/>

	<player>
		<unitScore value='10350'/>
		<killScore value='5800'/>
		<buildingScore value='2775'/>
		<razingScore value='300'/>
		<mineralScore value='12338'/>
		<gasScore value='2472'/>
		<totalScore value='34035'/>
	</player>

	<enemy>
		<race value='Protoss'/>
		<unitScore value='16700'/>
		<unitScore value='16700'/>
		<killScore value='20800'/>
		<buildingScore value='7025'/>
		<razingScore value='8325'/>
		<mineralScore value='20278'/>
		<gasScore value='7816'/>
		<totalScore value='80944'/>
	</enemy>

	<scoreRatio value='0.420476'/>
	<timeFitness value='0.271944'/>
	<unitsAverage value='39'/>
</results>
