<results>
	<result value='loss'/>
	<start value='2015-04-08.03:50:47'/>
	<end value='2015-04-08.03:50:54'/>
	<frames value='14634'/>
	<gameDuration value='914'/>

	<player>
		<unitScore value='2950'/>
		<killScore value='400'/>
		<buildingScore value='1425'/>
		<razingScore value='0'/>
		<mineralScore value='4186'/>
		<gasScore value='360'/>
		<totalScore value='9321'/>
	</player>

	<enemy>
		<race value='Protoss'/>
		<unitScore value='3550'/>
		<unitScore value='3550'/>
		<killScore value='5900'/>
		<buildingScore value='2425'/>
		<razingScore value='4275'/>
		<mineralScore value='7386'/>
		<gasScore value='1200'/>
		<totalScore value='24736'/>
	</enemy>

	<scoreRatio value='0.376819'/>
</results>
