<results>
	<result value='win'/>
	<start value='2015-05-05.03:00:13'/>
	<end value='2015-05-05.03:01:17'/>
	<frames value='33482'/>
	<gameDuration value='2092'/>

	<player>
		<unitScore value='24550'/>
		<killScore value='27400'/>
		<buildingScore value='4050'/>
		<razingScore value='21075'/>
		<mineralScore value='28810'/>
		<gasScore value='2336'/>
		<totalScore value='108221'/>
	</player>

	<enemy>
		<race value='Protoss'/>
		<unitScore value='13700'/>
		<unitScore value='13700'/>
		<killScore value='25050'/>
		<buildingScore value='7025'/>
		<razingScore value='225'/>
		<mineralScore value='18042'/>
		<gasScore value='5944'/>
		<totalScore value='69986'/>
	</enemy>

	<scoreRatio value='1.54632'/>
	<timeFitness value='0.709444'/>
	<unitsAverage value='102'/>
</results>
