<results>
	<result value='draw'/>
	<start value='2015-05-04.10:26:25'/>
	<end value='2015-05-04.10:28:46'/>
	<frames value='57601'/>
	<gameDuration value='3600'/>

	<player>
		<unitScore value='34250'/>
		<killScore value='51400'/>
		<buildingScore value='3825'/>
		<razingScore value='18075'/>
		<mineralScore value='35758'/>
		<gasScore value='7078'/>
		<totalScore value='150386'/>
	</player>

	<enemy>
		<race value='Protoss'/>
		<unitScore value='26925'/>
		<unitScore value='26925'/>
		<killScore value='48750'/>
		<buildingScore value='6225'/>
		<razingScore value='450'/>
		<mineralScore value='27198'/>
		<gasScore value='8742'/>
		<totalScore value='118290'/>
	</enemy>

	<scoreRatio value='1.27133'/>
	<timeFitness value='0.5'/>
	<unitsAverage value='129'/>
</results>
