<results>
	<result value='win'/>
	<start value='2015-04-26.15:17:19'/>
	<end value='2015-04-26.15:18:30'/>
	<frames value='53384'/>
	<gameDuration value='3336'/>

	<player>
		<unitScore value='30200'/>
		<killScore value='45000'/>
		<buildingScore value='4850'/>
		<razingScore value='12375'/>
		<mineralScore value='39426'/>
		<gasScore value='5994'/>
		<totalScore value='137845'/>
	</player>

	<enemy>
		<race value='Terran'/>
		<unitScore value='27700'/>
		<unitScore value='27700'/>
		<killScore value='38800'/>
		<buildingScore value='4125'/>
		<razingScore value='4575'/>
		<mineralScore value='19550'/>
		<gasScore value='11410'/>
		<totalScore value='106160'/>
	</enemy>

	<scoreRatio value='1.29846'/>
</results>
