<results>
	<result value='win'/>
	<start value='2015-04-26.15:26:22'/>
	<end value='2015-04-26.15:26:45'/>
	<frames value='24306'/>
	<gameDuration value='1519'/>

	<player>
		<unitScore value='10750'/>
		<killScore value='14800'/>
		<buildingScore value='3500'/>
		<razingScore value='6750'/>
		<mineralScore value='19718'/>
		<gasScore value='1848'/>
		<totalScore value='57366'/>
	</player>

	<enemy>
		<race value='Terran'/>
		<unitScore value='7400'/>
		<unitScore value='7400'/>
		<killScore value='5650'/>
		<buildingScore value='2250'/>
		<razingScore value='1725'/>
		<mineralScore value='8850'/>
		<gasScore value='2632'/>
		<totalScore value='28507'/>
	</enemy>

	<scoreRatio value='2.01235'/>
</results>
