<results>
	<result value='win'/>
	<start value='2015-04-28.20:06:12'/>
	<end value='2015-04-28.20:06:40'/>
	<frames value='23407'/>
	<gameDuration value='1462'/>

	<player>
		<unitScore value='14700'/>
		<killScore value='12500'/>
		<buildingScore value='4225'/>
		<razingScore value='10275'/>
		<mineralScore value='20974'/>
		<gasScore value='1680'/>
		<totalScore value='64354'/>
	</player>

	<enemy>
		<race value='Protoss'/>
		<unitScore value='6250'/>
		<unitScore value='6250'/>
		<killScore value='11100'/>
		<buildingScore value='3425'/>
		<razingScore value='0'/>
		<mineralScore value='16254'/>
		<gasScore value='968'/>
		<totalScore value='37997'/>
	</enemy>

	<scoreRatio value='1.69366'/>
</results>
