<results>
	<result value='loss'/>
	<start value='2015-04-28.20:08:52'/>
	<end value='2015-04-28.20:09:01'/>
	<frames value='14727'/>
	<gameDuration value='920'/>

	<player>
		<unitScore value='2350'/>
		<killScore value='1200'/>
		<buildingScore value='1475'/>
		<razingScore value='0'/>
		<mineralScore value='3802'/>
		<gasScore value='680'/>
		<totalScore value='9507'/>
	</player>

	<enemy>
		<race value='Protoss'/>
		<unitScore value='3550'/>
		<unitScore value='3550'/>
		<killScore value='4700'/>
		<buildingScore value='2625'/>
		<razingScore value='4425'/>
		<mineralScore value='7754'/>
		<gasScore value='1320'/>
		<totalScore value='24374'/>
	</enemy>

	<scoreRatio value='0.390047'/>
</results>
