<results>
	<result value='draw'/>
	<start value='2015-04-28.20:12:35'/>
	<end value='2015-04-28.20:13:35'/>
	<frames value='57601'/>
	<gameDuration value='3600'/>

	<player>
		<unitScore value='25225'/>
		<killScore value='40100'/>
		<buildingScore value='2475'/>
		<razingScore value='25950'/>
		<mineralScore value='26546'/>
		<gasScore value='4954'/>
		<totalScore value='125250'/>
	</player>

	<enemy>
		<race value='Protoss'/>
		<unitScore value='23150'/>
		<unitScore value='23150'/>
		<killScore value='42900'/>
		<buildingScore value='9675'/>
		<razingScore value='750'/>
		<mineralScore value='27686'/>
		<gasScore value='8694'/>
		<totalScore value='112855'/>
	</enemy>

	<scoreRatio value='1.10983'/>
</results>
