<results>
	<result value='loss'/>
	<start value='2015-04-28.20:22:57'/>
	<end value='2015-04-28.20:23:06'/>
	<frames value='15285'/>
	<gameDuration value='955'/>

	<player>
		<unitScore value='2600'/>
		<killScore value='1100'/>
		<buildingScore value='1600'/>
		<razingScore value='0'/>
		<mineralScore value='4298'/>
		<gasScore value='728'/>
		<totalScore value='10326'/>
	</player>

	<enemy>
		<race value='Protoss'/>
		<unitScore value='3600'/>
		<unitScore value='3600'/>
		<killScore value='5100'/>
		<buildingScore value='2725'/>
		<razingScore value='4800'/>
		<mineralScore value='7898'/>
		<gasScore value='1248'/>
		<totalScore value='25371'/>
	</enemy>

	<scoreRatio value='0.407'/>
</results>
