<results>
	<result value='draw'/>
	<start value='2015-03-30.00:43:01'/>
	<end value='2015-03-30.00:45:06'/>
	<frames value='57601'/>
	<gameDuration value='3600'/>

	<player>
		<unitScore value='32350'/>
		<killScore value='62150'/>
		<buildingScore value='3725'/>
		<razingScore value='300'/>
		<mineralScore value='31502'/>
		<gasScore value='6736'/>
		<totalScore value='136763'/>
	</player>

	<enemy>
		<race value='Protoss'/>
		<unitScore value='37450'/>
		<unitScore value='37450'/>
		<killScore value='50350'/>
		<buildingScore value='6400'/>
		<razingScore value='1800'/>
		<mineralScore value='31550'/>
		<gasScore value='11446'/>
		<totalScore value='138996'/>
	</enemy>

	<scoreRatio value='0.983935'/>
</results>
