<results>
	<result value='draw'/>
	<start value='2015-04-28.07:09:02'/>
	<end value='2015-04-28.07:10:30'/>
	<frames value='57601'/>
	<gameDuration value='3600'/>

	<player>
		<unitScore value='28875'/>
		<killScore value='46500'/>
		<buildingScore value='3050'/>
		<razingScore value='600'/>
		<mineralScore value='30486'/>
		<gasScore value='3880'/>
		<totalScore value='113391'/>
	</player>

	<enemy>
		<race value='Protoss'/>
		<unitScore value='33100'/>
		<unitScore value='33100'/>
		<killScore value='55150'/>
		<buildingScore value='6225'/>
		<razingScore value='2625'/>
		<mineralScore value='27050'/>
		<gasScore value='15558'/>
		<totalScore value='139708'/>
	</enemy>

	<scoreRatio value='0.811629'/>
</results>
