<results>
	<result value='loss'/>
	<start value='2015-04-28.07:28:11'/>
	<end value='2015-04-28.07:28:42'/>
	<frames value='37419'/>
	<gameDuration value='2338'/>

	<player>
		<unitScore value='11600'/>
		<killScore value='15000'/>
		<buildingScore value='2725'/>
		<razingScore value='4050'/>
		<mineralScore value='15254'/>
		<gasScore value='1568'/>
		<totalScore value='50197'/>
	</player>

	<enemy>
		<race value='Protoss'/>
		<unitScore value='15100'/>
		<unitScore value='15100'/>
		<killScore value='23300'/>
		<buildingScore value='6725'/>
		<razingScore value='8175'/>
		<mineralScore value='20474'/>
		<gasScore value='6160'/>
		<totalScore value='79934'/>
	</enemy>

	<scoreRatio value='0.627981'/>
</results>
