<results>
	<result value='win'/>
	<start value='2015-04-08.17:24:33'/>
	<end value='2015-04-08.17:25:18'/>
	<frames value='33606'/>
	<gameDuration value='2100'/>

	<player>
		<unitScore value='28575'/>
		<killScore value='33300'/>
		<buildingScore value='4250'/>
		<razingScore value='20325'/>
		<mineralScore value='34222'/>
		<gasScore value='3456'/>
		<totalScore value='124128'/>
	</player>

	<enemy>
		<race value='Protoss'/>
		<unitScore value='17550'/>
		<unitScore value='17550'/>
		<killScore value='33050'/>
		<buildingScore value='6775'/>
		<razingScore value='675'/>
		<mineralScore value='20958'/>
		<gasScore value='4272'/>
		<totalScore value='83280'/>
	</enemy>

	<scoreRatio value='1.49049'/>
</results>
