<results>
	<result value='loss'/>
	<start value='2015-07-12.17:06:28'/>
	<end value='2015-07-12.17:06:51'/>
	<frames value='22601'/>
	<gameDuration value='1412'/>

	<player>
		<unitScore value='7600'/>
		<killScore value='3400'/>
		<buildingScore value='2500'/>
		<razingScore value='0'/>
		<mineralScore value='8674'/>
		<gasScore value='1328'/>
		<totalScore value='23502'/>
	</player>

	<enemy>
		<race value='Terran'/>
		<unitScore value='7100'/>
		<killScore value='13650'/>
		<buildingScore value='2350'/>
		<razingScore value='7500'/>
		<mineralScore value='10618'/>
		<gasScore value='3800'/>
		<totalScore value='45018'/>
	</enemy>

	<scoreRatio value='0.522058'/>
	<timeFitness value='0.196111'/>
	<unitsAverage value='36'/>
</results>
