<results>
	<result value='loss'/>
	<start value='2015-04-12.07:54:28'/>
	<end value='2015-04-12.07:54:47'/>
	<frames value='18819'/>
	<gameDuration value='1176'/>

	<player>
		<unitScore value='4900'/>
		<killScore value='2100'/>
		<buildingScore value='1750'/>
		<razingScore value='0'/>
		<mineralScore value='6978'/>
		<gasScore value='1056'/>
		<totalScore value='16784'/>
	</player>

	<enemy>
		<race value='Protoss'/>
		<unitScore value='5075'/>
		<unitScore value='5075'/>
		<killScore value='9450'/>
		<buildingScore value='3775'/>
		<razingScore value='5250'/>
		<mineralScore value='9618'/>
		<gasScore value='2616'/>
		<totalScore value='35784'/>
	</enemy>

	<scoreRatio value='0.469036'/>
</results>
