<results>
	<result value='draw'/>
	<start value='2015-04-12.07:55:58'/>
	<end value='2015-04-12.07:58:07'/>
	<frames value='57601'/>
	<gameDuration value='3600'/>

	<player>
		<unitScore value='32225'/>
		<killScore value='58100'/>
		<buildingScore value='3725'/>
		<razingScore value='13275'/>
		<mineralScore value='33682'/>
		<gasScore value='9920'/>
		<totalScore value='150927'/>
	</player>

	<enemy>
		<race value='Protoss'/>
		<unitScore value='33150'/>
		<unitScore value='33150'/>
		<killScore value='48750'/>
		<buildingScore value='6900'/>
		<razingScore value='300'/>
		<mineralScore value='29362'/>
		<gasScore value='9762'/>
		<totalScore value='128224'/>
	</enemy>

	<scoreRatio value='1.17706'/>
</results>
