<results>
	<result value='win'/>
	<start value='2015-05-17.00:19:26'/>
	<end value='2015-05-17.00:20:01'/>
	<frames value='26228'/>
	<gameDuration value='1639'/>

	<player>
		<unitScore value='15725'/>
		<killScore value='22000'/>
		<buildingScore value='3975'/>
		<razingScore value='6750'/>
		<mineralScore value='22554'/>
		<gasScore value='2480'/>
		<totalScore value='73484'/>
	</player>

	<enemy>
		<race value='Zerg'/>
		<unitScore value='10450'/>
		<unitScore value='10450'/>
		<killScore value='15300'/>
		<buildingScore value='2250'/>
		<razingScore value='2250'/>
		<mineralScore value='13706'/>
		<gasScore value='3192'/>
		<totalScore value='47148'/>
	</enemy>

	<scoreRatio value='1.55858'/>
	<timeFitness value='0.772361'/>
	<unitsAverage value='80'/>
</results>
