<results>
	<result value='draw'/>
	<start value='2015-05-02.23:43:43'/>
	<end value='2015-05-02.23:46:05'/>
	<frames value='57601'/>
	<gameDuration value='3600'/>

	<player>
		<unitScore value='32450'/>
		<killScore value='44550'/>
		<buildingScore value='5550'/>
		<razingScore value='19875'/>
		<mineralScore value='38506'/>
		<gasScore value='11856'/>
		<totalScore value='152787'/>
	</player>

	<enemy>
		<race value='Protoss'/>
		<unitScore value='22500'/>
		<unitScore value='22500'/>
		<killScore value='41100'/>
		<buildingScore value='6775'/>
		<razingScore value='375'/>
		<mineralScore value='24434'/>
		<gasScore value='6240'/>
		<totalScore value='101424'/>
	</enemy>

	<scoreRatio value='1.50642'/>
	<timeFitness value='0.5'/>
	<unitsAverage value='176'/>
</results>
