<results>
	<result value='loss'/>
	<start value='2015-05-02.23:52:48'/>
	<end value='2015-05-02.23:52:55'/>
	<frames value='14417'/>
	<gameDuration value='901'/>

	<player>
		<unitScore value='2525'/>
		<killScore value='800'/>
		<buildingScore value='1450'/>
		<razingScore value='0'/>
		<mineralScore value='3914'/>
		<gasScore value='304'/>
		<totalScore value='8993'/>
	</player>

	<enemy>
		<race value='Protoss'/>
		<unitScore value='3550'/>
		<unitScore value='3550'/>
		<killScore value='5050'/>
		<buildingScore value='2275'/>
		<razingScore value='4350'/>
		<mineralScore value='7410'/>
		<gasScore value='1128'/>
		<totalScore value='23763'/>
	</enemy>

	<scoreRatio value='0.378445'/>
	<timeFitness value='0.125139'/>
	<unitsAverage value='19'/>
</results>
