<results>
	<result value='loss'/>
	<start value='2015-03-28.18:03:43'/>
	<end value='2015-03-28.18:03:50'/>
	<frames value='12216'/>
	<gameDuration value='763'/>

	<player>
		<unitScore value='1750'/>
		<killScore value='0'/>
		<buildingScore value='1000'/>
		<razingScore value='0'/>
		<mineralScore value='2282'/>
		<gasScore value='760'/>
		<totalScore value='5792'/>
	</player>

	<enemy>
		<race value='Protoss'/>
		<unitScore value='3500'/>
		<unitScore value='3500'/>
		<killScore value='2250'/>
		<buildingScore value='1575'/>
		<razingScore value='3000'/>
		<mineralScore value='6146'/>
		<gasScore value='1160'/>
		<totalScore value='17631'/>
	</enemy>

	<scoreRatio value='0.328512'/>
</results>
