<results>
	<result value='loss'/>
	<start value='2015-07-14.07:19:35'/>
	<end value='2015-07-14.07:21:13'/>
	<frames value='48455'/>
	<gameDuration value='3028'/>

	<player>
		<unitScore value='34325'/>
		<killScore value='17300'/>
		<buildingScore value='3025'/>
		<razingScore value='2850'/>
		<mineralScore value='31558'/>
		<gasScore value='5584'/>
		<totalScore value='94642'/>
	</player>

	<enemy>
		<race value='Protoss'/>
		<unitScore value='24900'/>
		<killScore value='59100'/>
		<buildingScore value='7375'/>
		<razingScore value='9075'/>
		<mineralScore value='28782'/>
		<gasScore value='8152'/>
		<totalScore value='137384'/>
	</enemy>

	<scoreRatio value='0.688887'/>
	<timeFitness value='0.420556'/>
	<unitsAverage value='109'/>
</results>
