<results>
	<result value='draw'/>
	<start value='2015-07-14.07:43:24'/>
	<end value='2015-07-14.07:45:19'/>
	<frames value='57601'/>
	<gameDuration value='3600'/>

	<player>
		<unitScore value='44925'/>
		<killScore value='27550'/>
		<buildingScore value='3125'/>
		<razingScore value='2550'/>
		<mineralScore value='31526'/>
		<gasScore value='10840'/>
		<totalScore value='120516'/>
	</player>

	<enemy>
		<race value='Protoss'/>
		<unitScore value='33580'/>
		<killScore value='81150'/>
		<buildingScore value='7650'/>
		<razingScore value='2550'/>
		<mineralScore value='31550'/>
		<gasScore value='11054'/>
		<totalScore value='167534'/>
	</enemy>

	<scoreRatio value='0.719352'/>
	<timeFitness value='0.5'/>
	<unitsAverage value='118'/>
</results>
