<results>
	<result value='loss'/>
	<start value='2015-07-14.07:55:18'/>
	<end value='2015-07-14.07:55:54'/>
	<frames value='31188'/>
	<gameDuration value='1949'/>

	<player>
		<unitScore value='14800'/>
		<killScore value='3600'/>
		<buildingScore value='2975'/>
		<razingScore value='0'/>
		<mineralScore value='15458'/>
		<gasScore value='2584'/>
		<totalScore value='39417'/>
	</player>

	<enemy>
		<race value='Protoss'/>
		<unitScore value='15100'/>
		<killScore value='28400'/>
		<buildingScore value='6525'/>
		<razingScore value='8925'/>
		<mineralScore value='21230'/>
		<gasScore value='6616'/>
		<totalScore value='86796'/>
	</enemy>

	<scoreRatio value='0.454134'/>
	<timeFitness value='0.270694'/>
	<unitsAverage value='52'/>
</results>
