<results>
	<result value='loss'/>
	<start value='2014-07-22.22:30:32'/>
	<end value='2014-07-22.22:30:51'/>
	<frames value='31684'/>
	<gameDuration value='1980'/>

	<player>
		<unitScore value='5875'/>
		<killScore value='5850'/>
		<buildingScore value='2275'/>
		<razingScore value='0'/>
		<mineralScore value='11122'/>
		<gasScore value='760'/>
		<totalScore value='25882'/>
	</player>

	<enemy>
		<race value='Protoss'/>
		<unitScore value='15975'/>
		<unitScore value='15975'/>
		<killScore value='11750'/>
		<buildingScore value='6975'/>
		<razingScore value='6825'/>
		<mineralScore value='19898'/>
		<gasScore value='7712'/>
		<totalScore value='69135'/>
	</enemy>

	<scoreRatio value='0.374369'/>
</results>
