<results>
	<result value='loss'/>
	<start value='2015-04-30.18:00:39'/>
	<end value='2015-04-30.18:00:43'/>
	<frames value='7225'/>
	<gameDuration value='451'/>

	<player>
		<unitScore value='700'/>
		<killScore value='50'/>
		<buildingScore value='650'/>
		<razingScore value='0'/>
		<mineralScore value='1178'/>
		<gasScore value='0'/>
		<totalScore value='2578'/>
	</player>

	<enemy>
		<race value='Zerg'/>
		<unitScore value='1200'/>
		<unitScore value='1200'/>
		<killScore value='1400'/>
		<buildingScore value='440'/>
		<razingScore value='1950'/>
		<mineralScore value='1962'/>
		<gasScore value='0'/>
		<totalScore value='6952'/>
	</enemy>

	<scoreRatio value='0.370829'/>
</results>
