<results>
	<result value='win'/>
	<start value='2015-05-02.18:06:41'/>
	<end value='2015-05-02.18:07:58'/>
	<frames value='41697'/>
	<gameDuration value='2606'/>

	<player>
		<unitScore value='16375'/>
		<killScore value='11900'/>
		<buildingScore value='5200'/>
		<razingScore value='9375'/>
		<mineralScore value='23194'/>
		<gasScore value='4456'/>
		<totalScore value='70500'/>
	</player>

	<enemy>
		<race value='Protoss'/>
		<unitScore value='6000'/>
		<unitScore value='6000'/>
		<killScore value='4350'/>
		<buildingScore value='3125'/>
		<razingScore value='0'/>
		<mineralScore value='13614'/>
		<gasScore value='1088'/>
		<totalScore value='28177'/>
	</enemy>

	<scoreRatio value='2.50204'/>
	<timeFitness value='0.638056'/>
	<unitsAverage value='130'/>
</results>
