<results>
	<result value='win'/>
	<start value='2015-04-26.15:10:52'/>
	<end value='2015-04-26.15:11:10'/>
	<frames value='24275'/>
	<gameDuration value='1517'/>

	<player>
		<unitScore value='10750'/>
		<killScore value='18500'/>
		<buildingScore value='3575'/>
		<razingScore value='7725'/>
		<mineralScore value='17966'/>
		<gasScore value='2400'/>
		<totalScore value='60916'/>
	</player>

	<enemy>
		<race value='Terran'/>
		<unitScore value='9600'/>
		<unitScore value='9600'/>
		<killScore value='5800'/>
		<buildingScore value='2575'/>
		<razingScore value='375'/>
		<mineralScore value='9770'/>
		<gasScore value='2816'/>
		<totalScore value='30936'/>
	</enemy>

	<scoreRatio value='1.9691'/>
</results>
