<results>
	<result value='loss'/>
	<start value='2015-04-11.07:20:07'/>
	<end value='2015-04-11.07:21:21'/>
	<frames value='47029'/>
	<gameDuration value='2939'/>

	<player>
		<unitScore value='28125'/>
		<killScore value='37700'/>
		<buildingScore value='2975'/>
		<razingScore value='150'/>
		<mineralScore value='28538'/>
		<gasScore value='3048'/>
		<totalScore value='100536'/>
	</player>

	<enemy>
		<race value='Protoss'/>
		<unitScore value='34575'/>
		<unitScore value='34575'/>
		<killScore value='56250'/>
		<buildingScore value='7175'/>
		<razingScore value='8925'/>
		<mineralScore value='30830'/>
		<gasScore value='10732'/>
		<totalScore value='148487'/>
	</enemy>

	<scoreRatio value='0.677069'/>
</results>
