<results>
	<result value='win'/>
	<start value='2014-07-11.19:18:06'/>
	<end value='2014-07-11.19:18:42'/>
	<frames value='31932'/>
	<gameDuration value='1995'/>

	<player>
		<unitScore value='23350'/>
		<killScore value='37675'/>
		<buildingScore value='4175'/>
		<razingScore value='7605'/>
		<mineralScore value='38194'/>
		<gasScore value='2808'/>
		<totalScore value='113807'/>
	</player>

	<enemy>
		<race value='Zerg'/>
		<unitScore value='16350'/>
		<unitScore value='16350'/>
		<killScore value='24000'/>
		<buildingScore value='2535'/>
		<razingScore value='0'/>
		<mineralScore value='15630'/>
		<gasScore value='4272'/>
		<totalScore value='62787'/>
	</enemy>

	<scoreRatio value='1.81259'/>
</results>
