<results>
	<result value='win'/>
	<start value='2014-07-11.19:19:30'/>
	<end value='2014-07-11.19:19:59'/>
	<frames value='30134'/>
	<gameDuration value='1883'/>

	<player>
		<unitScore value='19450'/>
		<killScore value='24400'/>
		<buildingScore value='3975'/>
		<razingScore value='4950'/>
		<mineralScore value='28542'/>
		<gasScore value='2280'/>
		<totalScore value='83597'/>
	</player>

	<enemy>
		<race value='Zerg'/>
		<unitScore value='12125'/>
		<unitScore value='12125'/>
		<killScore value='18150'/>
		<buildingScore value='1650'/>
		<razingScore value='0'/>
		<mineralScore value='11086'/>
		<gasScore value='3856'/>
		<totalScore value='46867'/>
	</enemy>

	<scoreRatio value='1.78371'/>
</results>
