<results>
	<result value='win'/>
	<start value='2014-07-11.19:26:58'/>
	<end value='2014-07-11.19:27:35'/>
	<frames value='30289'/>
	<gameDuration value='1893'/>

	<player>
		<unitScore value='23950'/>
		<killScore value='33550'/>
		<buildingScore value='4675'/>
		<razingScore value='5940'/>
		<mineralScore value='32366'/>
		<gasScore value='2840'/>
		<totalScore value='103321'/>
	</player>

	<enemy>
		<race value='Zerg'/>
		<unitScore value='15100'/>
		<unitScore value='15100'/>
		<killScore value='21600'/>
		<buildingScore value='1980'/>
		<razingScore value='1350'/>
		<mineralScore value='13046'/>
		<gasScore value='3864'/>
		<totalScore value='56940'/>
	</enemy>

	<scoreRatio value='1.81456'/>
</results>
