<results>
	<result value='loss'/>
	<start value='2014-07-11.19:33:32'/>
	<end value='2014-07-11.19:33:44'/>
	<frames value='22663'/>
	<gameDuration value='1416'/>

	<player>
		<unitScore value='4700'/>
		<killScore value='5600'/>
		<buildingScore value='2000'/>
		<razingScore value='0'/>
		<mineralScore value='6786'/>
		<gasScore value='1472'/>
		<totalScore value='20558'/>
	</player>

	<enemy>
		<race value='Zerg'/>
		<unitScore value='8850'/>
		<unitScore value='8850'/>
		<killScore value='9400'/>
		<buildingScore value='2060'/>
		<razingScore value='6000'/>
		<mineralScore value='9546'/>
		<gasScore value='2832'/>
		<totalScore value='38688'/>
	</enemy>

	<scoreRatio value='0.531379'/>
</results>
