<results>
	<result value='loss'/>
	<start value='2014-07-22.19:41:00'/>
	<end value='2014-07-22.19:41:08'/>
	<frames value='17083'/>
	<gameDuration value='1067'/>

	<player>
		<unitScore value='2300'/>
		<killScore value='800'/>
		<buildingScore value='975'/>
		<razingScore value='0'/>
		<mineralScore value='3122'/>
		<gasScore value='480'/>
		<totalScore value='7677'/>
	</player>

	<enemy>
		<race value='Terran'/>
		<unitScore value='5700'/>
		<unitScore value='5700'/>
		<killScore value='4600'/>
		<buildingScore value='2175'/>
		<razingScore value='2925'/>
		<mineralScore value='7826'/>
		<gasScore value='2672'/>
		<totalScore value='25898'/>
	</enemy>

	<scoreRatio value='0.296432'/>
</results>
