<results>
	<result value='loss'/>
	<start value='2014-07-22.19:41:33'/>
	<end value='2014-07-22.19:41:41'/>
	<frames value='14882'/>
	<gameDuration value='930'/>

	<player>
		<unitScore value='1350'/>
		<killScore value='400'/>
		<buildingScore value='1325'/>
		<razingScore value='0'/>
		<mineralScore value='2514'/>
		<gasScore value='880'/>
		<totalScore value='6469'/>
	</player>

	<enemy>
		<race value='Terran'/>
		<unitScore value='4800'/>
		<unitScore value='4800'/>
		<killScore value='2700'/>
		<buildingScore value='1450'/>
		<razingScore value='3975'/>
		<mineralScore value='6866'/>
		<gasScore value='2112'/>
		<totalScore value='21903'/>
	</enemy>

	<scoreRatio value='0.295348'/>
</results>
