<results>
	<result value='loss'/>
	<start value='2014-07-22.19:41:58'/>
	<end value='2014-07-22.19:42:08'/>
	<frames value='17455'/>
	<gameDuration value='1090'/>

	<player>
		<unitScore value='1800'/>
		<killScore value='1200'/>
		<buildingScore value='1275'/>
		<razingScore value='0'/>
		<mineralScore value='3042'/>
		<gasScore value='720'/>
		<totalScore value='8037'/>
	</player>

	<enemy>
		<race value='Terran'/>
		<unitScore value='7050'/>
		<unitScore value='7050'/>
		<killScore value='3600'/>
		<buildingScore value='2675'/>
		<razingScore value='3825'/>
		<mineralScore value='8098'/>
		<gasScore value='2472'/>
		<totalScore value='27720'/>
	</enemy>

	<scoreRatio value='0.289935'/>
</results>
