<results>
	<result value='win'/>
	<start value='2015-04-29.09:19:06'/>
	<end value='2015-04-29.09:19:30'/>
	<frames value='32149'/>
	<gameDuration value='2009'/>

	<player>
		<unitScore value='16475'/>
		<killScore value='19600'/>
		<buildingScore value='4100'/>
		<razingScore value='19350'/>
		<mineralScore value='27018'/>
		<gasScore value='3392'/>
		<totalScore value='89935'/>
	</player>

	<enemy>
		<race value='Protoss'/>
		<unitScore value='10075'/>
		<unitScore value='10075'/>
		<killScore value='13650'/>
		<buildingScore value='6450'/>
		<razingScore value='1800'/>
		<mineralScore value='17138'/>
		<gasScore value='5680'/>
		<totalScore value='54793'/>
	</enemy>

	<scoreRatio value='1.64136'/>
	<timeFitness value='0.720972'/>
	<unitsAverage value='91'/>
</results>
