<results>
	<result value='loss'/>
	<start value='2015-04-11.19:08:11'/>
	<end value='2015-04-11.19:08:26'/>
	<frames value='16618'/>
	<gameDuration value='1038'/>

	<player>
		<unitScore value='3400'/>
		<killScore value='800'/>
		<buildingScore value='1625'/>
		<razingScore value='0'/>
		<mineralScore value='5082'/>
		<gasScore value='472'/>
		<totalScore value='11379'/>
	</player>

	<enemy>
		<race value='Protoss'/>
		<unitScore value='3550'/>
		<unitScore value='3550'/>
		<killScore value='6800'/>
		<buildingScore value='3625'/>
		<razingScore value='4875'/>
		<mineralScore value='8642'/>
		<gasScore value='1640'/>
		<totalScore value='29132'/>
	</enemy>

	<scoreRatio value='0.390601'/>
</results>
