<results>
	<result value='loss'/>
	<start value='2015-04-27.14:52:54'/>
	<end value='2015-04-27.14:53:02'/>
	<frames value='18695'/>
	<gameDuration value='1168'/>

	<player>
		<unitScore value='3025'/>
		<killScore value='2600'/>
		<buildingScore value='1500'/>
		<razingScore value='0'/>
		<mineralScore value='4466'/>
		<gasScore value='656'/>
		<totalScore value='12247'/>
	</player>

	<enemy>
		<race value='Terran'/>
		<unitScore value='7275'/>
		<unitScore value='7275'/>
		<killScore value='6050'/>
		<buildingScore value='2900'/>
		<razingScore value='4500'/>
		<mineralScore value='8650'/>
		<gasScore value='3000'/>
		<totalScore value='32375'/>
	</enemy>

	<scoreRatio value='0.378286'/>
</results>
