<results>
	<result value='loss'/>
	<start value='2015-04-30.05:11:28'/>
	<end value='2015-04-30.05:12:08'/>
	<frames value='30537'/>
	<gameDuration value='1908'/>

	<player>
		<unitScore value='9000'/>
		<killScore value='12250'/>
		<buildingScore value='4025'/>
		<razingScore value='0'/>
		<mineralScore value='19042'/>
		<gasScore value='1544'/>
		<totalScore value='45861'/>
	</player>

	<enemy>
		<race value='Zerg'/>
		<unitScore value='16525'/>
		<unitScore value='16525'/>
		<killScore value='18100'/>
		<buildingScore value='4435'/>
		<razingScore value='12075'/>
		<mineralScore value='18386'/>
		<gasScore value='7038'/>
		<totalScore value='76559'/>
	</enemy>

	<scoreRatio value='0.599028'/>
	<timeFitness value='0.265'/>
	<unitsAverage value='57'/>
</results>
