<results>
	<result value='draw'/>
	<start value='2015-04-30.05:19:33'/>
	<end value='2015-04-30.05:22:25'/>
	<frames value='57601'/>
	<gameDuration value='3600'/>

	<player>
		<unitScore value='33200'/>
		<killScore value='54375'/>
		<buildingScore value='3675'/>
		<razingScore value='480'/>
		<mineralScore value='31430'/>
		<gasScore value='5118'/>
		<totalScore value='128278'/>
	</player>

	<enemy>
		<race value='Zerg'/>
		<unitScore value='34225'/>
		<unitScore value='34225'/>
		<killScore value='44500'/>
		<buildingScore value='4295'/>
		<razingScore value='2475'/>
		<mineralScore value='30198'/>
		<gasScore value='12116'/>
		<totalScore value='127809'/>
	</enemy>

	<scoreRatio value='1.00367'/>
	<timeFitness value='0.5'/>
	<unitsAverage value='141'/>
</results>
