<results>
	<result value='loss'/>
	<start value='2015-04-13.19:44:28'/>
	<end value='2015-04-13.19:44:39'/>
	<frames value='17145'/>
	<gameDuration value='1071'/>

	<player>
		<unitScore value='2950'/>
		<killScore value='1400'/>
		<buildingScore value='1525'/>
		<razingScore value='0'/>
		<mineralScore value='4754'/>
		<gasScore value='672'/>
		<totalScore value='11301'/>
	</player>

	<enemy>
		<race value='Protoss'/>
		<unitScore value='4800'/>
		<unitScore value='4800'/>
		<killScore value='5900'/>
		<buildingScore value='4225'/>
		<razingScore value='4575'/>
		<mineralScore value='9394'/>
		<gasScore value='1920'/>
		<totalScore value='30814'/>
	</enemy>

	<scoreRatio value='0.366749'/>
</results>
