<results>
	<result value='win'/>
	<start value='2015-04-13.19:48:30'/>
	<end value='2015-04-13.19:49:00'/>
	<frames value='28119'/>
	<gameDuration value='1757'/>

	<player>
		<unitScore value='19000'/>
		<killScore value='25050'/>
		<buildingScore value='4500'/>
		<razingScore value='13950'/>
		<mineralScore value='30802'/>
		<gasScore value='2248'/>
		<totalScore value='95550'/>
	</player>

	<enemy>
		<race value='Protoss'/>
		<unitScore value='12725'/>
		<unitScore value='12725'/>
		<killScore value='15300'/>
		<buildingScore value='4650'/>
		<razingScore value='0'/>
		<mineralScore value='18002'/>
		<gasScore value='3104'/>
		<totalScore value='53781'/>
	</enemy>

	<scoreRatio value='1.77665'/>
</results>
