<results>
	<result value='draw'/>
	<start value='2015-07-13.00:19:32'/>
	<end value='2015-07-13.00:21:10'/>
	<frames value='57601'/>
	<gameDuration value='3600'/>

	<player>
		<unitScore value='36175'/>
		<killScore value='20150'/>
		<buildingScore value='5150'/>
		<razingScore value='300'/>
		<mineralScore value='38174'/>
		<gasScore value='5088'/>
		<totalScore value='105037'/>
	</player>

	<enemy>
		<race value='Protoss'/>
		<unitScore value='23325'/>
		<killScore value='63300'/>
		<buildingScore value='6875'/>
		<razingScore value='12075'/>
		<mineralScore value='24782'/>
		<gasScore value='9902'/>
		<totalScore value='140259'/>
	</enemy>

	<scoreRatio value='0.748879'/>
	<timeFitness value='0.5'/>
	<unitsAverage value='114'/>
</results>
