<results>
	<result value='win'/>
	<start value='2014-07-04.05:50:31'/>
	<end value='2014-07-04.05:51:14'/>
	<frames value='33017'/>
	<gameDuration value='2063'/>

	<player>
		<unitScore value='23600'/>
		<killScore value='33000'/>
		<buildingScore value='3625'/>
		<razingScore value='18900'/>
		<mineralScore value='31906'/>
		<gasScore value='3776'/>
		<totalScore value='114807'/>
	</player>

	<enemy>
		<race value='Protoss'/>
		<unitScore value='17425'/>
		<unitScore value='17425'/>
		<killScore value='22400'/>
		<buildingScore value='6300'/>
		<razingScore value='0'/>
		<mineralScore value='18114'/>
		<gasScore value='5696'/>
		<totalScore value='69935'/>
	</enemy>

	<scoreRatio value='1.64162'/>
</results>
