<results>
	<result value='win'/>
	<start value='2014-07-04.05:56:45'/>
	<end value='2014-07-04.05:57:05'/>
	<frames value='24988'/>
	<gameDuration value='1561'/>

	<player>
		<unitScore value='11500'/>
		<killScore value='15500'/>
		<buildingScore value='3375'/>
		<razingScore value='10275'/>
		<mineralScore value='20238'/>
		<gasScore value='2328'/>
		<totalScore value='63216'/>
	</player>

	<enemy>
		<race value='Protoss'/>
		<unitScore value='8100'/>
		<unitScore value='8100'/>
		<killScore value='6050'/>
		<buildingScore value='3425'/>
		<razingScore value='300'/>
		<mineralScore value='9922'/>
		<gasScore value='1992'/>
		<totalScore value='29789'/>
	</enemy>

	<scoreRatio value='2.12213'/>
</results>
