<results>
	<result value='win'/>
	<start value='2015-04-28.21:54:38'/>
	<end value='2015-04-28.21:55:10'/>
	<frames value='22880'/>
	<gameDuration value='1430'/>

	<player>
		<unitScore value='12800'/>
		<killScore value='21240'/>
		<buildingScore value='4300'/>
		<razingScore value='4710'/>
		<mineralScore value='23906'/>
		<gasScore value='2040'/>
		<totalScore value='68996'/>
	</player>

	<enemy>
		<race value='Zerg'/>
		<unitScore value='9350'/>
		<unitScore value='9350'/>
		<killScore value='7400'/>
		<buildingScore value='1570'/>
		<razingScore value='0'/>
		<mineralScore value='8642'/>
		<gasScore value='2392'/>
		<totalScore value='29354'/>
	</enemy>

	<scoreRatio value='2.35048'/>
</results>
