<results>
	<result value='loss'/>
	<start value='2015-07-19.19:52:12'/>
	<end value='2015-07-19.19:53:20'/>
	<frames value='24585'/>
	<gameDuration value='1536'/>

	<player>
		<unitScore value='8775'/>
		<killScore value='3800'/>
		<buildingScore value='2550'/>
		<razingScore value='0'/>
		<mineralScore value='23934'/>
		<gasScore value='1320'/>
		<totalScore value='40379'/>
	</player>

	<enemy>
		<race value='Zerg'/>
		<unitScore value='12000'/>
		<killScore value='17550'/>
		<buildingScore value='2770'/>
		<razingScore value='7650'/>
		<mineralScore value='13426'/>
		<gasScore value='3840'/>
		<totalScore value='57236'/>
	</enemy>

	<scoreRatio value='0.705483'/>
	<timeFitness value='0.213333'/>
	<unitsAverage value='52'/>
</results>
