<results>
	<result value='loss'/>
	<start value='2015-07-19.20:13:57'/>
	<end value='2015-07-19.20:14:21'/>
	<frames value='20772'/>
	<gameDuration value='1298'/>

	<player>
		<unitScore value='8600'/>
		<killScore value='3050'/>
		<buildingScore value='2275'/>
		<razingScore value='0'/>
		<mineralScore value='8874'/>
		<gasScore value='1880'/>
		<totalScore value='24679'/>
	</player>

	<enemy>
		<race value='Zerg'/>
		<unitScore value='7000'/>
		<killScore value='16400'/>
		<buildingScore value='2535'/>
		<razingScore value='6825'/>
		<mineralScore value='8922'/>
		<gasScore value='3240'/>
		<totalScore value='44922'/>
	</enemy>

	<scoreRatio value='0.549374'/>
	<timeFitness value='0.180278'/>
	<unitsAverage value='43'/>
</results>
