<results>
	<result value='win'/>
	<start value='2015-05-11.00:05:38'/>
	<end value='2015-05-11.00:06:01'/>
	<frames value='23562'/>
	<gameDuration value='1472'/>

	<player>
		<unitScore value='15400'/>
		<killScore value='22320'/>
		<buildingScore value='3150'/>
		<razingScore value='5655'/>
		<mineralScore value='20306'/>
		<gasScore value='1536'/>
		<totalScore value='68367'/>
	</player>

	<enemy>
		<race value='Zerg'/>
		<unitScore value='9875'/>
		<unitScore value='9875'/>
		<killScore value='12000'/>
		<buildingScore value='1885'/>
		<razingScore value='0'/>
		<mineralScore value='9074'/>
		<gasScore value='2776'/>
		<totalScore value='35610'/>
	</enemy>

	<scoreRatio value='1.91988'/>
	<timeFitness value='0.795556'/>
	<unitsAverage value='83'/>
</results>
