<results>
	<result value='win'/>
	<start value='2015-05-11.00:14:57'/>
	<end value='2015-05-11.00:15:29'/>
	<frames value='27747'/>
	<gameDuration value='1734'/>

	<player>
		<unitScore value='18425'/>
		<killScore value='24370'/>
		<buildingScore value='4075'/>
		<razingScore value='6375'/>
		<mineralScore value='28374'/>
		<gasScore value='1328'/>
		<totalScore value='82947'/>
	</player>

	<enemy>
		<race value='Zerg'/>
		<unitScore value='11525'/>
		<unitScore value='11525'/>
		<killScore value='13450'/>
		<buildingScore value='2125'/>
		<razingScore value='0'/>
		<mineralScore value='11378'/>
		<gasScore value='3656'/>
		<totalScore value='42134'/>
	</enemy>

	<scoreRatio value='1.96865'/>
	<timeFitness value='0.759167'/>
	<unitsAverage value='109'/>
</results>
