<results>
	<result value='win'/>
	<start value='2015-05-09.18:31:42'/>
	<end value='2015-05-09.18:31:59'/>
	<frames value='22229'/>
	<gameDuration value='1389'/>

	<player>
		<unitScore value='9525'/>
		<killScore value='13200'/>
		<buildingScore value='3025'/>
		<razingScore value='6600'/>
		<mineralScore value='13910'/>
		<gasScore value='1384'/>
		<totalScore value='47644'/>
	</player>

	<enemy>
		<race value='Terran'/>
		<unitScore value='6600'/>
		<unitScore value='6600'/>
		<killScore value='4700'/>
		<buildingScore value='2200'/>
		<razingScore value='1350'/>
		<mineralScore value='8362'/>
		<gasScore value='2696'/>
		<totalScore value='25908'/>
	</enemy>

	<scoreRatio value='1.83897'/>
	<timeFitness value='0.807083'/>
	<unitsAverage value='57'/>
</results>
