<results>
	<result value='win'/>
	<start value='2015-05-09.18:41:05'/>
	<end value='2015-05-09.18:41:26'/>
	<frames value='25577'/>
	<gameDuration value='1598'/>

	<player>
		<unitScore value='11325'/>
		<killScore value='20850'/>
		<buildingScore value='3325'/>
		<razingScore value='9450'/>
		<mineralScore value='18262'/>
		<gasScore value='1712'/>
		<totalScore value='64924'/>
	</player>

	<enemy>
		<race value='Terran'/>
		<unitScore value='11525'/>
		<unitScore value='11525'/>
		<killScore value='8050'/>
		<buildingScore value='3150'/>
		<razingScore value='300'/>
		<mineralScore value='11538'/>
		<gasScore value='5040'/>
		<totalScore value='39603'/>
	</enemy>

	<scoreRatio value='1.63937'/>
	<timeFitness value='0.778056'/>
	<unitsAverage value='66'/>
</results>
