<results>
	<result value='win'/>
	<start value='2015-05-09.18:41:29'/>
	<end value='2015-05-09.18:42:37'/>
	<frames value='39713'/>
	<gameDuration value='2482'/>

	<player>
		<unitScore value='19075'/>
		<killScore value='28050'/>
		<buildingScore value='5025'/>
		<razingScore value='8550'/>
		<mineralScore value='43030'/>
		<gasScore value='4184'/>
		<totalScore value='107914'/>
	</player>

	<enemy>
		<race value='Terran'/>
		<unitScore value='14025'/>
		<unitScore value='14025'/>
		<killScore value='15150'/>
		<buildingScore value='2850'/>
		<razingScore value='675'/>
		<mineralScore value='12050'/>
		<gasScore value='5106'/>
		<totalScore value='49856'/>
	</enemy>

	<scoreRatio value='2.16451'/>
	<timeFitness value='0.655278'/>
	<unitsAverage value='144'/>
</results>
