<results>
	<result value='win'/>
	<start value='2015-05-09.18:47:33'/>
	<end value='2015-05-09.18:47:44'/>
	<frames value='16153'/>
	<gameDuration value='1009'/>

	<player>
		<unitScore value='6325'/>
		<killScore value='8300'/>
		<buildingScore value='2350'/>
		<razingScore value='4200'/>
		<mineralScore value='9674'/>
		<gasScore value='1032'/>
		<totalScore value='31881'/>
	</player>

	<enemy>
		<race value='Terran'/>
		<unitScore value='4150'/>
		<unitScore value='4150'/>
		<killScore value='2300'/>
		<buildingScore value='1400'/>
		<razingScore value='0'/>
		<mineralScore value='7106'/>
		<gasScore value='1808'/>
		<totalScore value='16764'/>
	</enemy>

	<scoreRatio value='1.90175'/>
	<timeFitness value='0.859861'/>
	<unitsAverage value='47'/>
</results>
