<results>
	<result value='loss'/>
	<start value='2014-07-23.22:00:24'/>
	<end value='2014-07-23.22:00:40'/>
	<frames value='28925'/>
	<gameDuration value='1807'/>

	<player>
		<unitScore value='5075'/>
		<killScore value='9500'/>
		<buildingScore value='2375'/>
		<razingScore value='0'/>
		<mineralScore value='7842'/>
		<gasScore value='1240'/>
		<totalScore value='26032'/>
	</player>

	<enemy>
		<race value='Zerg'/>
		<unitScore value='18775'/>
		<unitScore value='18775'/>
		<killScore value='10150'/>
		<buildingScore value='3410'/>
		<razingScore value='7275'/>
		<mineralScore value='18246'/>
		<gasScore value='6728'/>
		<totalScore value='64584'/>
	</enemy>

	<scoreRatio value='0.403072'/>
</results>
