<results>
	<result value='loss'/>
	<start value='2015-07-13.21:13:42'/>
	<end value='2015-07-13.21:13:57'/>
	<frames value='23841'/>
	<gameDuration value='1490'/>

	<player>
		<unitScore value='10525'/>
		<killScore value='5300'/>
		<buildingScore value='2825'/>
		<razingScore value='0'/>
		<mineralScore value='12162'/>
		<gasScore value='2040'/>
		<totalScore value='32852'/>
	</player>

	<enemy>
		<race value='Protoss'/>
		<unitScore value='7475'/>
		<killScore value='19700'/>
		<buildingScore value='4675'/>
		<razingScore value='8475'/>
		<mineralScore value='13214'/>
		<gasScore value='2688'/>
		<totalScore value='56227'/>
	</enemy>

	<scoreRatio value='0.584274'/>
	<timeFitness value='0.206944'/>
	<unitsAverage value='45'/>
</results>
