<results>
	<result value='loss'/>
	<start value='2015-07-13.21:26:48'/>
	<end value='2015-07-13.21:26:58'/>
	<frames value='18695'/>
	<gameDuration value='1168'/>

	<player>
		<unitScore value='4100'/>
		<killScore value='300'/>
		<buildingScore value='1750'/>
		<razingScore value='0'/>
		<mineralScore value='5162'/>
		<gasScore value='1384'/>
		<totalScore value='12696'/>
	</player>

	<enemy>
		<race value='Protoss'/>
		<unitScore value='5025'/>
		<killScore value='8100'/>
		<buildingScore value='4325'/>
		<razingScore value='5250'/>
		<mineralScore value='9922'/>
		<gasScore value='2544'/>
		<totalScore value='35166'/>
	</enemy>

	<scoreRatio value='0.361031'/>
	<timeFitness value='0.162222'/>
	<unitsAverage value='23'/>
</results>
