<results>
	<result value='loss'/>
	<start value='2015-05-05.18:16:32'/>
	<end value='2015-05-05.18:16:51'/>
	<frames value='31157'/>
	<gameDuration value='1947'/>

	<player>
		<unitScore value='10325'/>
		<killScore value='6000'/>
		<buildingScore value='2325'/>
		<razingScore value='0'/>
		<mineralScore value='12566'/>
		<gasScore value='2176'/>
		<totalScore value='33392'/>
	</player>

	<enemy>
		<race value='Protoss'/>
		<unitScore value='15475'/>
		<unitScore value='15475'/>
		<killScore value='20650'/>
		<buildingScore value='6925'/>
		<razingScore value='6975'/>
		<mineralScore value='18882'/>
		<gasScore value='7584'/>
		<totalScore value='76491'/>
	</enemy>

	<scoreRatio value='0.436548'/>
	<timeFitness value='0.270417'/>
	<unitsAverage value='40'/>
</results>
