<results>
	<result value='win'/>
	<start value='2014-07-22.23:26:45'/>
	<end value='2014-07-22.23:27:18'/>
	<frames value='32459'/>
	<gameDuration value='2028'/>

	<player>
		<unitScore value='22300'/>
		<killScore value='29965'/>
		<buildingScore value='4550'/>
		<razingScore value='10665'/>
		<mineralScore value='27994'/>
		<gasScore value='2424'/>
		<totalScore value='97898'/>
	</player>

	<enemy>
		<race value='Zerg'/>
		<unitScore value='14125'/>
		<unitScore value='14125'/>
		<killScore value='20050'/>
		<buildingScore value='3555'/>
		<razingScore value='1350'/>
		<mineralScore value='16134'/>
		<gasScore value='4808'/>
		<totalScore value='60022'/>
	</enemy>

	<scoreRatio value='1.63104'/>
</results>
