<results>
	<result value='loss'/>
	<start value='2015-05-02.16:49:55'/>
	<end value='2015-05-02.16:50:24'/>
	<frames value='36272'/>
	<gameDuration value='2267'/>

	<player>
		<unitScore value='11675'/>
		<killScore value='14850'/>
		<buildingScore value='1550'/>
		<razingScore value='900'/>
		<mineralScore value='12026'/>
		<gasScore value='3008'/>
		<totalScore value='44009'/>
	</player>

	<enemy>
		<race value='Protoss'/>
		<unitScore value='19850'/>
		<unitScore value='19850'/>
		<killScore value='23450'/>
		<buildingScore value='7175'/>
		<razingScore value='4650'/>
		<mineralScore value='24658'/>
		<gasScore value='7816'/>
		<totalScore value='87599'/>
	</enemy>

	<scoreRatio value='0.502392'/>
	<timeFitness value='0.314861'/>
	<unitsAverage value='48'/>
</results>
