<results>
	<result value='draw'/>
	<start value='2014-07-23.02:25:00'/>
	<end value='2014-07-23.02:26:03'/>
	<frames value='57601'/>
	<gameDuration value='3600'/>

	<player>
		<unitScore value='29800'/>
		<killScore value='43700'/>
		<buildingScore value='3450'/>
		<razingScore value='8175'/>
		<mineralScore value='32542'/>
		<gasScore value='4008'/>
		<totalScore value='121675'/>
	</player>

	<enemy>
		<race value='Protoss'/>
		<unitScore value='27250'/>
		<unitScore value='27250'/>
		<killScore value='55350'/>
		<buildingScore value='7900'/>
		<razingScore value='225'/>
		<mineralScore value='28318'/>
		<gasScore value='10600'/>
		<totalScore value='129643'/>
	</enemy>

	<scoreRatio value='0.938539'/>
</results>
