<results>
	<result value='loss'/>
	<start value='2015-07-21.18:19:39'/>
	<end value='2015-07-21.18:20:12'/>
	<frames value='28770'/>
	<gameDuration value='1798'/>

	<player>
		<unitScore value='14775'/>
		<killScore value='10560'/>
		<buildingScore value='3850'/>
		<razingScore value='195'/>
		<mineralScore value='19478'/>
		<gasScore value='1752'/>
		<totalScore value='50610'/>
	</player>

	<enemy>
		<race value='Zerg'/>
		<unitScore value='11500'/>
		<killScore value='29750'/>
		<buildingScore value='3530'/>
		<razingScore value='11550'/>
		<mineralScore value='15806'/>
		<gasScore value='4416'/>
		<totalScore value='76552'/>
	</enemy>

	<scoreRatio value='0.661119'/>
	<timeFitness value='0.249722'/>
	<unitsAverage value='49'/>
</results>
