<results>
	<result value='loss'/>
	<start value='2015-07-21.18:20:22'/>
	<end value='2015-07-21.18:21:02'/>
	<frames value='30506'/>
	<gameDuration value='1906'/>

	<player>
		<unitScore value='16925'/>
		<killScore value='15350'/>
		<buildingScore value='3150'/>
		<razingScore value='240'/>
		<mineralScore value='22674'/>
		<gasScore value='2336'/>
		<totalScore value='60675'/>
	</player>

	<enemy>
		<race value='Zerg'/>
		<unitScore value='15475'/>
		<killScore value='30300'/>
		<buildingScore value='3565'/>
		<razingScore value='9450'/>
		<mineralScore value='17858'/>
		<gasScore value='6080'/>
		<totalScore value='82728'/>
	</enemy>

	<scoreRatio value='0.733428'/>
	<timeFitness value='0.264722'/>
	<unitsAverage value='67'/>
</results>
