<results>
	<result value='loss'/>
	<start value='2015-05-01.21:00:37'/>
	<end value='2015-05-01.21:00:51'/>
	<frames value='20679'/>
	<gameDuration value='1292'/>

	<player>
		<unitScore value='5225'/>
		<killScore value='2000'/>
		<buildingScore value='2450'/>
		<razingScore value='0'/>
		<mineralScore value='8186'/>
		<gasScore value='1192'/>
		<totalScore value='19053'/>
	</player>

	<enemy>
		<race value='Protoss'/>
		<unitScore value='5675'/>
		<unitScore value='5675'/>
		<killScore value='10450'/>
		<buildingScore value='4475'/>
		<razingScore value='7350'/>
		<mineralScore value='11122'/>
		<gasScore value='2976'/>
		<totalScore value='42048'/>
	</enemy>

	<scoreRatio value='0.453125'/>
	<timeFitness value='0.179444'/>
	<unitsAverage value='33'/>
</results>
