<results>
	<result value='win'/>
	<start value='2015-05-05.03:00:49'/>
	<end value='2015-05-05.03:01:23'/>
	<frames value='31002'/>
	<gameDuration value='1937'/>

	<player>
		<unitScore value='19950'/>
		<killScore value='28300'/>
		<buildingScore value='4825'/>
		<razingScore value='12975'/>
		<mineralScore value='33746'/>
		<gasScore value='3016'/>
		<totalScore value='102812'/>
	</player>

	<enemy>
		<race value='Protoss'/>
		<unitScore value='14725'/>
		<unitScore value='14725'/>
		<killScore value='16300'/>
		<buildingScore value='4325'/>
		<razingScore value='0'/>
		<mineralScore value='19698'/>
		<gasScore value='3592'/>
		<totalScore value='58640'/>
	</enemy>

	<scoreRatio value='1.75327'/>
	<timeFitness value='0.730972'/>
	<unitsAverage value='119'/>
</results>
