<results>
	<result value='win'/>
	<start value='2015-05-05.03:02:52'/>
	<end value='2015-05-05.03:03:05'/>
	<frames value='23314'/>
	<gameDuration value='1457'/>

	<player>
		<unitScore value='9275'/>
		<killScore value='15900'/>
		<buildingScore value='2150'/>
		<razingScore value='9825'/>
		<mineralScore value='12230'/>
		<gasScore value='2208'/>
		<totalScore value='51588'/>
	</player>

	<enemy>
		<race value='Protoss'/>
		<unitScore value='8650'/>
		<unitScore value='8650'/>
		<killScore value='8100'/>
		<buildingScore value='3275'/>
		<razingScore value='150'/>
		<mineralScore value='9714'/>
		<gasScore value='2280'/>
		<totalScore value='32169'/>
	</enemy>

	<scoreRatio value='1.60366'/>
	<timeFitness value='0.797639'/>
	<unitsAverage value='56'/>
</results>
