<results>
	<result value='loss'/>
	<start value='2015-05-05.03:05:24'/>
	<end value='2015-05-05.03:05:47'/>
	<frames value='46874'/>
	<gameDuration value='2929'/>

	<player>
		<unitScore value='11550'/>
		<killScore value='17200'/>
		<buildingScore value='1375'/>
		<razingScore value='3150'/>
		<mineralScore value='12098'/>
		<gasScore value='3168'/>
		<totalScore value='48541'/>
	</player>

	<enemy>
		<race value='Protoss'/>
		<unitScore value='13050'/>
		<unitScore value='13050'/>
		<killScore value='23350'/>
		<buildingScore value='7325'/>
		<razingScore value='4125'/>
		<mineralScore value='33526'/>
		<gasScore value='10784'/>
		<totalScore value='92160'/>
	</enemy>

	<scoreRatio value='0.526704'/>
	<timeFitness value='0.406806'/>
	<unitsAverage value='39'/>
</results>
