<results>
	<result value='win'/>
	<start value='2015-05-05.00:14:52'/>
	<end value='2015-05-05.00:16:09'/>
	<frames value='38690'/>
	<gameDuration value='2418'/>

	<player>
		<unitScore value='25875'/>
		<killScore value='29150'/>
		<buildingScore value='3525'/>
		<razingScore value='24000'/>
		<mineralScore value='31062'/>
		<gasScore value='3992'/>
		<totalScore value='117604'/>
	</player>

	<enemy>
		<race value='Protoss'/>
		<unitScore value='15550'/>
		<unitScore value='15550'/>
		<killScore value='30450'/>
		<buildingScore value='8000'/>
		<razingScore value='0'/>
		<mineralScore value='24402'/>
		<gasScore value='5512'/>
		<totalScore value='83914'/>
	</enemy>

	<scoreRatio value='1.40148'/>
	<timeFitness value='0.664167'/>
	<unitsAverage value='109'/>
</results>
