<results>
	<result value='loss'/>
	<start value='2015-05-08.17:56:49'/>
	<end value='2015-05-08.17:57:31'/>
	<frames value='52485'/>
	<gameDuration value='3280'/>

	<player>
		<unitScore value='19100'/>
		<killScore value='19950'/>
		<buildingScore value='3650'/>
		<razingScore value='0'/>
		<mineralScore value='22714'/>
		<gasScore value='3240'/>
		<totalScore value='68654'/>
	</player>

	<enemy>
		<race value='Terran'/>
		<unitScore value='25175'/>
		<unitScore value='25175'/>
		<killScore value='38200'/>
		<buildingScore value='4025'/>
		<razingScore value='10950'/>
		<mineralScore value='19550'/>
		<gasScore value='11912'/>
		<totalScore value='109812'/>
	</enemy>

	<scoreRatio value='0.625196'/>
	<timeFitness value='0.455556'/>
	<unitsAverage value='60'/>
</results>
