<results>
	<result value='win'/>
	<start value='2015-05-08.17:59:20'/>
	<end value='2015-05-08.18:00:17'/>
	<frames value='39992'/>
	<gameDuration value='2499'/>

	<player>
		<unitScore value='24425'/>
		<killScore value='32300'/>
		<buildingScore value='4275'/>
		<razingScore value='12900'/>
		<mineralScore value='34902'/>
		<gasScore value='4872'/>
		<totalScore value='113674'/>
	</player>

	<enemy>
		<race value='Terran'/>
		<unitScore value='21875'/>
		<unitScore value='21875'/>
		<killScore value='25800'/>
		<buildingScore value='4375'/>
		<razingScore value='1950'/>
		<mineralScore value='17266'/>
		<gasScore value='8516'/>
		<totalScore value='79782'/>
	</enemy>

	<scoreRatio value='1.42481'/>
	<timeFitness value='0.652917'/>
	<unitsAverage value='117'/>
</results>
