<results>
	<result value='loss'/>
	<start value='2015-05-03.14:02:52'/>
	<end value='2015-05-03.14:03:04'/>
	<frames value='22043'/>
	<gameDuration value='1377'/>

	<player>
		<unitScore value='6775'/>
		<killScore value='3800'/>
		<buildingScore value='2750'/>
		<razingScore value='0'/>
		<mineralScore value='10394'/>
		<gasScore value='984'/>
		<totalScore value='24703'/>
	</player>

	<enemy>
		<race value='Terran'/>
		<unitScore value='7950'/>
		<unitScore value='7950'/>
		<killScore value='13550'/>
		<buildingScore value='3175'/>
		<razingScore value='8250'/>
		<mineralScore value='11354'/>
		<gasScore value='3760'/>
		<totalScore value='48039'/>
	</enemy>

	<scoreRatio value='0.514228'/>
	<timeFitness value='0.19125'/>
	<unitsAverage value='34'/>
</results>
