<results>
	<result value='win'/>
	<start value='2015-05-03.14:03:41'/>
	<end value='2015-05-03.14:04:16'/>
	<frames value='33854'/>
	<gameDuration value='2115'/>

	<player>
		<unitScore value='16675'/>
		<killScore value='28600'/>
		<buildingScore value='3850'/>
		<razingScore value='10950'/>
		<mineralScore value='32574'/>
		<gasScore value='4040'/>
		<totalScore value='96689'/>
	</player>

	<enemy>
		<race value='Terran'/>
		<unitScore value='16200'/>
		<unitScore value='16200'/>
		<killScore value='13150'/>
		<buildingScore value='3650'/>
		<razingScore value='2025'/>
		<mineralScore value='15102'/>
		<gasScore value='7336'/>
		<totalScore value='57463'/>
	</enemy>

	<scoreRatio value='1.68263'/>
	<timeFitness value='0.70625'/>
	<unitsAverage value='88'/>
</results>
