<results>
	<result value='win'/>
	<start value='2014-07-24.04:47:14'/>
	<end value='2014-07-24.04:47:46'/>
	<frames value='32831'/>
	<gameDuration value='2051'/>

	<player>
		<unitScore value='18750'/>
		<killScore value='26250'/>
		<buildingScore value='5275'/>
		<razingScore value='10050'/>
		<mineralScore value='31290'/>
		<gasScore value='4008'/>
		<totalScore value='95623'/>
	</player>

	<enemy>
		<race value='Terran'/>
		<unitScore value='13125'/>
		<unitScore value='13125'/>
		<killScore value='14500'/>
		<buildingScore value='3350'/>
		<razingScore value='3300'/>
		<mineralScore value='11570'/>
		<gasScore value='5160'/>
		<totalScore value='51005'/>
	</enemy>

	<scoreRatio value='1.87478'/>
</results>
