<results>
	<result value='win'/>
	<start value='2014-07-11.19:24:01'/>
	<end value='2014-07-11.19:24:33'/>
	<frames value='32242'/>
	<gameDuration value='2015'/>

	<player>
		<unitScore value='15975'/>
		<killScore value='28300'/>
		<buildingScore value='4500'/>
		<razingScore value='9375'/>
		<mineralScore value='26098'/>
		<gasScore value='3072'/>
		<totalScore value='87320'/>
	</player>

	<enemy>
		<race value='Terran'/>
		<unitScore value='14950'/>
		<unitScore value='14950'/>
		<killScore value='9700'/>
		<buildingScore value='3125'/>
		<razingScore value='1425'/>
		<mineralScore value='12970'/>
		<gasScore value='6168'/>
		<totalScore value='48338'/>
	</enemy>

	<scoreRatio value='1.80645'/>
</results>
