<results>
	<result value='loss'/>
	<start value='2015-04-08.11:48:31'/>
	<end value='2015-04-08.11:48:41'/>
	<frames value='19563'/>
	<gameDuration value='1222'/>

	<player>
		<unitScore value='5000'/>
		<killScore value='1200'/>
		<buildingScore value='2225'/>
		<razingScore value='0'/>
		<mineralScore value='7538'/>
		<gasScore value='952'/>
		<totalScore value='16915'/>
	</player>

	<enemy>
		<race value='Protoss'/>
		<unitScore value='5700'/>
		<unitScore value='5700'/>
		<killScore value='10000'/>
		<buildingScore value='4625'/>
		<razingScore value='6675'/>
		<mineralScore value='11210'/>
		<gasScore value='2808'/>
		<totalScore value='41018'/>
	</enemy>

	<scoreRatio value='0.41238'/>
</results>
