<results>
	<result value='loss'/>
	<start value='2015-05-02.15:04:21'/>
	<end value='2015-05-02.15:04:39'/>
	<frames value='31002'/>
	<gameDuration value='1937'/>

	<player>
		<unitScore value='7550'/>
		<killScore value='2400'/>
		<buildingScore value='3200'/>
		<razingScore value='0'/>
		<mineralScore value='11738'/>
		<gasScore value='1344'/>
		<totalScore value='26232'/>
	</player>

	<enemy>
		<race value='Protoss'/>
		<unitScore value='14250'/>
		<unitScore value='14250'/>
		<killScore value='15200'/>
		<buildingScore value='6975'/>
		<razingScore value='9600'/>
		<mineralScore value='18658'/>
		<gasScore value='7496'/>
		<totalScore value='72179'/>
	</enemy>

	<scoreRatio value='0.36343'/>
	<timeFitness value='0.269028'/>
	<unitsAverage value='31'/>
</results>
