<results>
	<result value='win'/>
	<start value='2015-05-11.13:20:16'/>
	<end value='2015-05-11.13:20:47'/>
	<frames value='21640'/>
	<gameDuration value='1352'/>

	<player>
		<unitScore value='11525'/>
		<killScore value='17560'/>
		<buildingScore value='3125'/>
		<razingScore value='5460'/>
		<mineralScore value='17250'/>
		<gasScore value='1672'/>
		<totalScore value='56592'/>
	</player>

	<enemy>
		<race value='Zerg'/>
		<unitScore value='8975'/>
		<unitScore value='8975'/>
		<killScore value='10300'/>
		<buildingScore value='1820'/>
		<razingScore value='0'/>
		<mineralScore value='8986'/>
		<gasScore value='2928'/>
		<totalScore value='33009'/>
	</enemy>

	<scoreRatio value='1.71444'/>
	<timeFitness value='0.812222'/>
	<unitsAverage value='71'/>
</results>
