<results>
	<result value='win'/>
	<start value='2015-05-11.13:35:44'/>
	<end value='2015-05-11.13:36:32'/>
	<frames value='29514'/>
	<gameDuration value='1844'/>

	<player>
		<unitScore value='17900'/>
		<killScore value='25540'/>
		<buildingScore value='3625'/>
		<razingScore value='4920'/>
		<mineralScore value='27170'/>
		<gasScore value='2808'/>
		<totalScore value='81963'/>
	</player>

	<enemy>
		<race value='Zerg'/>
		<unitScore value='11250'/>
		<unitScore value='11250'/>
		<killScore value='17100'/>
		<buildingScore value='1640'/>
		<razingScore value='0'/>
		<mineralScore value='10782'/>
		<gasScore value='3120'/>
		<totalScore value='43892'/>
	</enemy>

	<scoreRatio value='1.86738'/>
	<timeFitness value='0.743889'/>
	<unitsAverage value='85'/>
</results>
