<results>
	<result value='loss'/>
	<start value='2015-05-06.01:04:25'/>
	<end value='2015-05-06.01:04:32'/>
	<frames value='14324'/>
	<gameDuration value='895'/>

	<player>
		<unitScore value='2700'/>
		<killScore value='600'/>
		<buildingScore value='1500'/>
		<razingScore value='0'/>
		<mineralScore value='4306'/>
		<gasScore value='432'/>
		<totalScore value='9538'/>
	</player>

	<enemy>
		<race value='Protoss'/>
		<unitScore value='3500'/>
		<unitScore value='3500'/>
		<killScore value='5400'/>
		<buildingScore value='2375'/>
		<razingScore value='4500'/>
		<mineralScore value='7346'/>
		<gasScore value='1248'/>
		<totalScore value='24369'/>
	</enemy>

	<scoreRatio value='0.391399'/>
	<timeFitness value='0.124306'/>
	<unitsAverage value='20'/>
</results>
