<results>
	<result value='win'/>
	<start value='2015-05-06.01:39:00'/>
	<end value='2015-05-06.01:40:14'/>
	<frames value='48052'/>
	<gameDuration value='3003'/>

	<player>
		<unitScore value='27075'/>
		<killScore value='33800'/>
		<buildingScore value='3950'/>
		<razingScore value='31725'/>
		<mineralScore value='30634'/>
		<gasScore value='5384'/>
		<totalScore value='132568'/>
	</player>

	<enemy>
		<race value='Protoss'/>
		<unitScore value='17100'/>
		<unitScore value='17100'/>
		<killScore value='36300'/>
		<buildingScore value='10575'/>
		<razingScore value='1650'/>
		<mineralScore value='27306'/>
		<gasScore value='6664'/>
		<totalScore value='99595'/>
	</enemy>

	<scoreRatio value='1.33107'/>
	<timeFitness value='0.582917'/>
	<unitsAverage value='92'/>
</results>
