<results>
	<result value='loss'/>
	<start value='2015-05-06.01:38:29'/>
	<end value='2015-05-06.01:38:43'/>
	<frames value='16246'/>
	<gameDuration value='1015'/>

	<player>
		<unitScore value='4200'/>
		<killScore value='400'/>
		<buildingScore value='1450'/>
		<razingScore value='0'/>
		<mineralScore value='5850'/>
		<gasScore value='840'/>
		<totalScore value='12740'/>
	</player>

	<enemy>
		<race value='Protoss'/>
		<unitScore value='4225'/>
		<unitScore value='4225'/>
		<killScore value='8400'/>
		<buildingScore value='3275'/>
		<razingScore value='4350'/>
		<mineralScore value='8186'/>
		<gasScore value='2048'/>
		<totalScore value='30484'/>
	</enemy>

	<scoreRatio value='0.417924'/>
	<timeFitness value='0.140972'/>
	<unitsAverage value='26'/>
</results>
