<results>
	<result value='loss'/>
	<start value='2015-05-06.01:38:48'/>
	<end value='2015-05-06.01:38:56'/>
	<frames value='14603'/>
	<gameDuration value='912'/>

	<player>
		<unitScore value='3875'/>
		<killScore value='1200'/>
		<buildingScore value='1450'/>
		<razingScore value='0'/>
		<mineralScore value='5658'/>
		<gasScore value='912'/>
		<totalScore value='13095'/>
	</player>

	<enemy>
		<race value='Protoss'/>
		<unitScore value='3550'/>
		<unitScore value='3550'/>
		<killScore value='7000'/>
		<buildingScore value='2475'/>
		<razingScore value='4350'/>
		<mineralScore value='7490'/>
		<gasScore value='1384'/>
		<totalScore value='26249'/>
	</enemy>

	<scoreRatio value='0.498876'/>
	<timeFitness value='0.126667'/>
	<unitsAverage value='29'/>
</results>
