<results>
	<result value='loss'/>
	<start value='2015-04-16.15:17:13'/>
	<end value='2015-04-16.15:18:17'/>
	<frames value='35590'/>
	<gameDuration value='2224'/>

	<player>
		<unitScore value='17325'/>
		<killScore value='9350'/>
		<buildingScore value='3000'/>
		<razingScore value='0'/>
		<mineralScore value='27486'/>
		<gasScore value='3376'/>
		<totalScore value='60537'/>
	</player>

	<enemy>
		<race value='Protoss'/>
		<unitScore value='22575'/>
		<unitScore value='22575'/>
		<killScore value='34900'/>
		<buildingScore value='7400'/>
		<razingScore value='9000'/>
		<mineralScore value='26038'/>
		<gasScore value='8790'/>
		<totalScore value='108703'/>
	</enemy>

	<scoreRatio value='0.556903'/>
</results>
