<results>
	<result value='win'/>
	<start value='2015-05-08.02:53:53'/>
	<end value='2015-05-08.02:55:13'/>
	<frames value='53694'/>
	<gameDuration value='3355'/>

	<player>
		<unitScore value='27550'/>
		<killScore value='36750'/>
		<buildingScore value='5875'/>
		<razingScore value='13725'/>
		<mineralScore value='37914'/>
		<gasScore value='4848'/>
		<totalScore value='126662'/>
	</player>

	<enemy>
		<race value='Terran'/>
		<unitScore value='22500'/>
		<unitScore value='22500'/>
		<killScore value='30900'/>
		<buildingScore value='4575'/>
		<razingScore value='1875'/>
		<mineralScore value='18746'/>
		<gasScore value='9062'/>
		<totalScore value='87658'/>
	</enemy>

	<scoreRatio value='1.44496'/>
	<timeFitness value='0.534028'/>
	<unitsAverage value='119'/>
</results>
