<results>
	<result value='draw'/>
	<start value='2015-05-04.14:50:05'/>
	<end value='2015-05-04.14:51:47'/>
	<frames value='57601'/>
	<gameDuration value='3600'/>

	<player>
		<unitScore value='28325'/>
		<killScore value='44050'/>
		<buildingScore value='5600'/>
		<razingScore value='12675'/>
		<mineralScore value='38562'/>
		<gasScore value='8472'/>
		<totalScore value='137684'/>
	</player>

	<enemy>
		<race value='Terran'/>
		<unitScore value='24700'/>
		<unitScore value='24700'/>
		<killScore value='29300'/>
		<buildingScore value='4825'/>
		<razingScore value='5100'/>
		<mineralScore value='23578'/>
		<gasScore value='8790'/>
		<totalScore value='96293'/>
	</enemy>

	<scoreRatio value='1.42984'/>
	<timeFitness value='0.5'/>
	<unitsAverage value='124'/>
</results>
