<results>
	<result value='loss'/>
	<start value='2015-05-04.14:53:34'/>
	<end value='2015-05-04.14:53:47'/>
	<frames value='19842'/>
	<gameDuration value='1240'/>

	<player>
		<unitScore value='5350'/>
		<killScore value='2750'/>
		<buildingScore value='1925'/>
		<razingScore value='0'/>
		<mineralScore value='7154'/>
		<gasScore value='1376'/>
		<totalScore value='18555'/>
	</player>

	<enemy>
		<race value='Terran'/>
		<unitScore value='7325'/>
		<unitScore value='7325'/>
		<killScore value='10700'/>
		<buildingScore value='2925'/>
		<razingScore value='5775'/>
		<mineralScore value='9418'/>
		<gasScore value='3560'/>
		<totalScore value='39703'/>
	</enemy>

	<scoreRatio value='0.467345'/>
	<timeFitness value='0.172222'/>
	<unitsAverage value='30'/>
</results>
