<results>
	<result value='win'/>
	<start value='2015-05-04.14:59:04'/>
	<end value='2015-05-04.14:59:52'/>
	<frames value='38287'/>
	<gameDuration value='2392'/>

	<player>
		<unitScore value='19225'/>
		<killScore value='23250'/>
		<buildingScore value='2975'/>
		<razingScore value='7200'/>
		<mineralScore value='19194'/>
		<gasScore value='3920'/>
		<totalScore value='75764'/>
	</player>

	<enemy>
		<race value='Terran'/>
		<unitScore value='13225'/>
		<unitScore value='13225'/>
		<killScore value='15900'/>
		<buildingScore value='2400'/>
		<razingScore value='1800'/>
		<mineralScore value='12050'/>
		<gasScore value='5176'/>
		<totalScore value='50551'/>
	</enemy>

	<scoreRatio value='1.49876'/>
	<timeFitness value='0.667778'/>
	<unitsAverage value='76'/>
</results>
