<results>
	<result value='win'/>
	<start value='2015-05-08.03:05:52'/>
	<end value='2015-05-08.03:06:42'/>
	<frames value='43495'/>
	<gameDuration value='2718'/>

	<player>
		<unitScore value='24675'/>
		<killScore value='39050'/>
		<buildingScore value='4225'/>
		<razingScore value='15825'/>
		<mineralScore value='30770'/>
		<gasScore value='3652'/>
		<totalScore value='118197'/>
	</player>

	<enemy>
		<race value='Terran'/>
		<unitScore value='24825'/>
		<unitScore value='24825'/>
		<killScore value='28750'/>
		<buildingScore value='5275'/>
		<razingScore value='1950'/>
		<mineralScore value='20282'/>
		<gasScore value='10286'/>
		<totalScore value='91368'/>
	</enemy>

	<scoreRatio value='1.29364'/>
	<timeFitness value='0.6225'/>
	<unitsAverage value='100'/>
</results>
