<results>
	<result value='loss'/>
	<start value='2015-05-08.03:07:53'/>
	<end value='2015-05-08.03:08:04'/>
	<frames value='19439'/>
	<gameDuration value='1214'/>

	<player>
		<unitScore value='4925'/>
		<killScore value='1100'/>
		<buildingScore value='2250'/>
		<razingScore value='0'/>
		<mineralScore value='7274'/>
		<gasScore value='952'/>
		<totalScore value='16501'/>
	</player>

	<enemy>
		<race value='Terran'/>
		<unitScore value='7725'/>
		<unitScore value='7725'/>
		<killScore value='9850'/>
		<buildingScore value='2900'/>
		<razingScore value='6750'/>
		<mineralScore value='9146'/>
		<gasScore value='3248'/>
		<totalScore value='39619'/>
	</enemy>

	<scoreRatio value='0.416492'/>
	<timeFitness value='0.168611'/>
	<unitsAverage value='31'/>
</results>
