<results>
	<result value='win'/>
	<start value='2015-05-09.02:47:59'/>
	<end value='2015-05-09.02:48:21'/>
	<frames value='22136'/>
	<gameDuration value='1383'/>

	<player>
		<unitScore value='13075'/>
		<killScore value='21775'/>
		<buildingScore value='3775'/>
		<razingScore value='4560'/>
		<mineralScore value='18694'/>
		<gasScore value='1728'/>
		<totalScore value='63607'/>
	</player>

	<enemy>
		<race value='Zerg'/>
		<unitScore value='9725'/>
		<unitScore value='9725'/>
		<killScore value='8050'/>
		<buildingScore value='1520'/>
		<razingScore value='0'/>
		<mineralScore value='8994'/>
		<gasScore value='2576'/>
		<totalScore value='30865'/>
	</enemy>

	<scoreRatio value='2.06081'/>
	<timeFitness value='0.807917'/>
	<unitsAverage value='79'/>
</results>
