<results>
	<result value='win'/>
	<start value='2015-05-09.02:55:42'/>
	<end value='2015-05-09.02:56:09'/>
	<frames value='31684'/>
	<gameDuration value='1980'/>

	<player>
		<unitScore value='19325'/>
		<killScore value='27165'/>
		<buildingScore value='2725'/>
		<razingScore value='5460'/>
		<mineralScore value='21802'/>
		<gasScore value='1792'/>
		<totalScore value='78269'/>
	</player>

	<enemy>
		<race value='Zerg'/>
		<unitScore value='12100'/>
		<unitScore value='12100'/>
		<killScore value='17400'/>
		<buildingScore value='1820'/>
		<razingScore value='0'/>
		<mineralScore value='10634'/>
		<gasScore value='2952'/>
		<totalScore value='44906'/>
	</enemy>

	<scoreRatio value='1.74295'/>
	<timeFitness value='0.725'/>
	<unitsAverage value='95'/>
</results>
