<results>
	<result value='draw'/>
	<start value='2015-05-09.03:07:01'/>
	<end value='2015-05-09.03:07:51'/>
	<frames value='57601'/>
	<gameDuration value='3600'/>

	<player>
		<unitScore value='23325'/>
		<killScore value='68850'/>
		<buildingScore value='3075'/>
		<razingScore value='4200'/>
		<mineralScore value='26830'/>
		<gasScore value='4720'/>
		<totalScore value='131000'/>
	</player>

	<enemy>
		<race value='Zerg'/>
		<unitScore value='36025'/>
		<unitScore value='36025'/>
		<killScore value='42550'/>
		<buildingScore value='5195'/>
		<razingScore value='2700'/>
		<mineralScore value='29778'/>
		<gasScore value='11438'/>
		<totalScore value='127686'/>
	</enemy>

	<scoreRatio value='1.02595'/>
	<timeFitness value='0.5'/>
	<unitsAverage value='86'/>
</results>
