<results>
	<result value='win'/>
	<start value='2015-05-09.03:15:25'/>
	<end value='2015-05-09.03:15:49'/>
	<frames value='27034'/>
	<gameDuration value='1689'/>

	<player>
		<unitScore value='16525'/>
		<killScore value='22510'/>
		<buildingScore value='2825'/>
		<razingScore value='6135'/>
		<mineralScore value='20146'/>
		<gasScore value='1616'/>
		<totalScore value='69757'/>
	</player>

	<enemy>
		<race value='Zerg'/>
		<unitScore value='10275'/>
		<unitScore value='10275'/>
		<killScore value='16450'/>
		<buildingScore value='2045'/>
		<razingScore value='0'/>
		<mineralScore value='10162'/>
		<gasScore value='3064'/>
		<totalScore value='41996'/>
	</enemy>

	<scoreRatio value='1.66104'/>
	<timeFitness value='0.765417'/>
	<unitsAverage value='80'/>
</results>
