<results>
	<result value='win'/>
	<start value='2015-05-09.03:16:26'/>
	<end value='2015-05-09.03:16:42'/>
	<frames value='21516'/>
	<gameDuration value='1344'/>

	<player>
		<unitScore value='11000'/>
		<killScore value='21820'/>
		<buildingScore value='2850'/>
		<razingScore value='4560'/>
		<mineralScore value='14882'/>
		<gasScore value='1448'/>
		<totalScore value='56560'/>
	</player>

	<enemy>
		<race value='Zerg'/>
		<unitScore value='9475'/>
		<unitScore value='9475'/>
		<killScore value='8250'/>
		<buildingScore value='1520'/>
		<razingScore value='0'/>
		<mineralScore value='8586'/>
		<gasScore value='2536'/>
		<totalScore value='30367'/>
	</enemy>

	<scoreRatio value='1.86255'/>
	<timeFitness value='0.813333'/>
	<unitsAverage value='64'/>
</results>
