<results>
	<result value='draw'/>
	<start value='2015-05-09.03:18:11'/>
	<end value='2015-05-09.03:19:01'/>
	<frames value='57601'/>
	<gameDuration value='3600'/>

	<player>
		<unitScore value='28800'/>
		<killScore value='49110'/>
		<buildingScore value='2625'/>
		<razingScore value='2400'/>
		<mineralScore value='32254'/>
		<gasScore value='3248'/>
		<totalScore value='118437'/>
	</player>

	<enemy>
		<race value='Zerg'/>
		<unitScore value='28150'/>
		<unitScore value='28150'/>
		<killScore value='54900'/>
		<buildingScore value='2805'/>
		<razingScore value='0'/>
		<mineralScore value='23518'/>
		<gasScore value='8698'/>
		<totalScore value='118071'/>
	</enemy>

	<scoreRatio value='1.0031'/>
	<timeFitness value='0.5'/>
	<unitsAverage value='90'/>
</results>
