<results>
	<result value='draw'/>
	<start value='2015-05-09.03:20:01'/>
	<end value='2015-05-09.03:21:48'/>
	<frames value='57601'/>
	<gameDuration value='3600'/>

	<player>
		<unitScore value='26850'/>
		<killScore value='26740'/>
		<buildingScore value='5875'/>
		<razingScore value='5730'/>
		<mineralScore value='50594'/>
		<gasScore value='5936'/>
		<totalScore value='121725'/>
	</player>

	<enemy>
		<race value='Zerg'/>
		<unitScore value='13325'/>
		<unitScore value='13325'/>
		<killScore value='30950'/>
		<buildingScore value='2070'/>
		<razingScore value='0'/>
		<mineralScore value='12442'/>
		<gasScore value='5098'/>
		<totalScore value='63885'/>
	</enemy>

	<scoreRatio value='1.90538'/>
	<timeFitness value='0.5'/>
	<unitsAverage value='188'/>
</results>
