<results>
	<result value='win'/>
	<start value='2015-05-09.03:22:41'/>
	<end value='2015-05-09.03:24:27'/>
	<frames value='54252'/>
	<gameDuration value='3390'/>

	<player>
		<unitScore value='29525'/>
		<killScore value='47010'/>
		<buildingScore value='5225'/>
		<razingScore value='8640'/>
		<mineralScore value='41818'/>
		<gasScore value='6608'/>
		<totalScore value='138826'/>
	</player>

	<enemy>
		<race value='Zerg'/>
		<unitScore value='22450'/>
		<unitScore value='22450'/>
		<killScore value='35450'/>
		<buildingScore value='2880'/>
		<razingScore value='0'/>
		<mineralScore value='21202'/>
		<gasScore value='7128'/>
		<totalScore value='89110'/>
	</enemy>

	<scoreRatio value='1.55792'/>
	<timeFitness value='0.529167'/>
	<unitsAverage value='177'/>
</results>
