<results>
	<result value='loss'/>
	<start value='2015-04-12.17:28:02'/>
	<end value='2015-04-12.17:28:33'/>
	<frames value='40085'/>
	<gameDuration value='2505'/>

	<player>
		<unitScore value='16100'/>
		<killScore value='21950'/>
		<buildingScore value='2775'/>
		<razingScore value='900'/>
		<mineralScore value='19786'/>
		<gasScore value='1072'/>
		<totalScore value='62583'/>
	</player>

	<enemy>
		<race value='Protoss'/>
		<unitScore value='27975'/>
		<unitScore value='27975'/>
		<killScore value='32200'/>
		<buildingScore value='7325'/>
		<razingScore value='8325'/>
		<mineralScore value='27754'/>
		<gasScore value='10302'/>
		<totalScore value='113881'/>
	</enemy>

	<scoreRatio value='0.549547'/>
</results>
