<results>
	<result value='draw'/>
	<start value='2015-07-18.07:22:54'/>
	<end value='2015-07-18.07:24:24'/>
	<frames value='57601'/>
	<gameDuration value='3600'/>

	<player>
		<unitScore value='32150'/>
		<killScore value='14850'/>
		<buildingScore value='3825'/>
		<razingScore value='0'/>
		<mineralScore value='31406'/>
		<gasScore value='5614'/>
		<totalScore value='87845'/>
	</player>

	<enemy>
		<race value='Terran'/>
		<unitScore value='25575'/>
		<killScore value='53700'/>
		<buildingScore value='5150'/>
		<razingScore value='3750'/>
		<mineralScore value='31550'/>
		<gasScore value='12272'/>
		<totalScore value='131997'/>
	</enemy>

	<scoreRatio value='0.665508'/>
	<timeFitness value='0.5'/>
	<unitsAverage value='89'/>
</results>
