<results>
	<result value='win'/>
	<start value='2015-07-18.07:29:14'/>
	<end value='2015-07-18.07:29:33'/>
	<frames value='19749'/>
	<gameDuration value='1234'/>

	<player>
		<unitScore value='8625'/>
		<killScore value='8300'/>
		<buildingScore value='2875'/>
		<razingScore value='4200'/>
		<mineralScore value='11026'/>
		<gasScore value='1752'/>
		<totalScore value='36778'/>
	</player>

	<enemy>
		<race value='Terran'/>
		<unitScore value='4150'/>
		<killScore value='5850'/>
		<buildingScore value='1400'/>
		<razingScore value='1650'/>
		<mineralScore value='6514'/>
		<gasScore value='1640'/>
		<totalScore value='21204'/>
	</enemy>

	<scoreRatio value='1.73448'/>
	<timeFitness value='0.828611'/>
	<unitsAverage value='46'/>
</results>
