<results>
	<result value='loss'/>
	<start value='2015-07-18.07:31:50'/>
	<end value='2015-07-18.07:32:08'/>
	<frames value='21144'/>
	<gameDuration value='1321'/>

	<player>
		<unitScore value='8550'/>
		<killScore value='5700'/>
		<buildingScore value='2125'/>
		<razingScore value='2250'/>
		<mineralScore value='8754'/>
		<gasScore value='1728'/>
		<totalScore value='29107'/>
	</player>

	<enemy>
		<race value='Terran'/>
		<unitScore value='5975'/>
		<killScore value='15500'/>
		<buildingScore value='2600'/>
		<razingScore value='6375'/>
		<mineralScore value='9426'/>
		<gasScore value='3184'/>
		<totalScore value='43060'/>
	</enemy>

	<scoreRatio value='0.675964'/>
	<timeFitness value='0.183472'/>
	<unitsAverage value='32'/>
</results>
