<results>
	<result value='loss'/>
	<start value='2015-04-07.23:24:59'/>
	<end value='2015-04-07.23:25:08'/>
	<frames value='17703'/>
	<gameDuration value='1106'/>

	<player>
		<unitScore value='2950'/>
		<killScore value='1600'/>
		<buildingScore value='1575'/>
		<razingScore value='0'/>
		<mineralScore value='4642'/>
		<gasScore value='864'/>
		<totalScore value='11631'/>
	</player>

	<enemy>
		<race value='Protoss'/>
		<unitScore value='3750'/>
		<unitScore value='3750'/>
		<killScore value='5750'/>
		<buildingScore value='4175'/>
		<razingScore value='4725'/>
		<mineralScore value='9778'/>
		<gasScore value='1888'/>
		<totalScore value='30066'/>
	</enemy>

	<scoreRatio value='0.386849'/>
</results>
