<results>
	<result value='loss'/>
	<start value='2015-03-29.12:15:43'/>
	<end value='2015-03-29.12:15:59'/>
	<frames value='21888'/>
	<gameDuration value='1368'/>

	<player>
		<unitScore value='5475'/>
		<killScore value='3500'/>
		<buildingScore value='2100'/>
		<razingScore value='0'/>
		<mineralScore value='7210'/>
		<gasScore value='1144'/>
		<totalScore value='19429'/>
	</player>

	<enemy>
		<race value='Protoss'/>
		<unitScore value='7575'/>
		<unitScore value='7575'/>
		<killScore value='10950'/>
		<buildingScore value='5325'/>
		<razingScore value='6300'/>
		<mineralScore value='12994'/>
		<gasScore value='3680'/>
		<totalScore value='46824'/>
	</enemy>

	<scoreRatio value='0.414937'/>
</results>
