<results>
	<result value='win'/>
	<start value='2015-05-07.11:36:49'/>
	<end value='2015-05-07.11:37:15'/>
	<frames value='28522'/>
	<gameDuration value='1782'/>

	<player>
		<unitScore value='18975'/>
		<killScore value='26760'/>
		<buildingScore value='3425'/>
		<razingScore value='6330'/>
		<mineralScore value='27106'/>
		<gasScore value='2432'/>
		<totalScore value='85028'/>
	</player>

	<enemy>
		<race value='Zerg'/>
		<unitScore value='12800'/>
		<unitScore value='12800'/>
		<killScore value='21050'/>
		<buildingScore value='2110'/>
		<razingScore value='0'/>
		<mineralScore value='12826'/>
		<gasScore value='4336'/>
		<totalScore value='53122'/>
	</enemy>

	<scoreRatio value='1.60062'/>
	<timeFitness value='0.7525'/>
	<unitsAverage value='89'/>
</results>
