<results>
	<result value='win'/>
	<start value='2015-05-07.11:35:17'/>
	<end value='2015-05-07.11:35:35'/>
	<frames value='23221'/>
	<gameDuration value='1451'/>

	<player>
		<unitScore value='12425'/>
		<killScore value='22070'/>
		<buildingScore value='3775'/>
		<razingScore value='5040'/>
		<mineralScore value='20330'/>
		<gasScore value='1776'/>
		<totalScore value='65416'/>
	</player>

	<enemy>
		<race value='Zerg'/>
		<unitScore value='10400'/>
		<unitScore value='10400'/>
		<killScore value='9750'/>
		<buildingScore value='1680'/>
		<razingScore value='0'/>
		<mineralScore value='9466'/>
		<gasScore value='3072'/>
		<totalScore value='34368'/>
	</enemy>

	<scoreRatio value='1.9034'/>
	<timeFitness value='0.798472'/>
	<unitsAverage value='73'/>
</results>
