<results>
	<result value='win'/>
	<start value='2015-04-08.16:35:52'/>
	<end value='2015-04-08.16:36:17'/>
	<frames value='29266'/>
	<gameDuration value='1829'/>

	<player>
		<unitScore value='15475'/>
		<killScore value='12500'/>
		<buildingScore value='3050'/>
		<razingScore value='17625'/>
		<mineralScore value='18570'/>
		<gasScore value='2208'/>
		<totalScore value='69428'/>
	</player>

	<enemy>
		<race value='Protoss'/>
		<unitScore value='6250'/>
		<unitScore value='6250'/>
		<killScore value='11400'/>
		<buildingScore value='5875'/>
		<razingScore value='0'/>
		<mineralScore value='14114'/>
		<gasScore value='3272'/>
		<totalScore value='40911'/>
	</enemy>

	<scoreRatio value='1.69705'/>
</results>
