<results>
	<result value='win'/>
	<start value='2015-05-02.23:37:20'/>
	<end value='2015-05-02.23:37:51'/>
	<frames value='23655'/>
	<gameDuration value='1478'/>

	<player>
		<unitScore value='13200'/>
		<killScore value='20290'/>
		<buildingScore value='2825'/>
		<razingScore value='5460'/>
		<mineralScore value='16314'/>
		<gasScore value='2008'/>
		<totalScore value='60097'/>
	</player>

	<enemy>
		<race value='Zerg'/>
		<unitScore value='8950'/>
		<unitScore value='8950'/>
		<killScore value='12450'/>
		<buildingScore value='1820'/>
		<razingScore value='0'/>
		<mineralScore value='8898'/>
		<gasScore value='2552'/>
		<totalScore value='34670'/>
	</enemy>

	<scoreRatio value='1.7334'/>
	<timeFitness value='0.794722'/>
	<unitsAverage value='66'/>
</results>
