<results>
	<result value='win'/>
	<start value='2015-05-02.23:40:41'/>
	<end value='2015-05-02.23:41:23'/>
	<frames value='25794'/>
	<gameDuration value='1612'/>

	<player>
		<unitScore value='13425'/>
		<killScore value='25725'/>
		<buildingScore value='4300'/>
		<razingScore value='4560'/>
		<mineralScore value='23150'/>
		<gasScore value='2776'/>
		<totalScore value='73936'/>
	</player>

	<enemy>
		<race value='Zerg'/>
		<unitScore value='11325'/>
		<unitScore value='11325'/>
		<killScore value='8000'/>
		<buildingScore value='1520'/>
		<razingScore value='0'/>
		<mineralScore value='9978'/>
		<gasScore value='2960'/>
		<totalScore value='33783'/>
	</enemy>

	<scoreRatio value='2.18856'/>
	<timeFitness value='0.776111'/>
	<unitsAverage value='86'/>
</results>
