<results>
	<result value='draw'/>
	<start value='2015-07-13.14:05:56'/>
	<end value='2015-07-13.14:07:42'/>
	<frames value='57601'/>
	<gameDuration value='3600'/>

	<player>
		<unitScore value='35250'/>
		<killScore value='21350'/>
		<buildingScore value='4650'/>
		<razingScore value='2025'/>
		<mineralScore value='31374'/>
		<gasScore value='8370'/>
		<totalScore value='103019'/>
	</player>

	<enemy>
		<race value='Protoss'/>
		<unitScore value='22525'/>
		<killScore value='58100'/>
		<buildingScore value='5800'/>
		<razingScore value='5850'/>
		<mineralScore value='31526'/>
		<gasScore value='9744'/>
		<totalScore value='133545'/>
	</enemy>

	<scoreRatio value='0.771418'/>
	<timeFitness value='0.5'/>
	<unitsAverage value='120'/>
</results>
