<results>
	<result value='win'/>
	<start value='2014-07-05.14:50:00'/>
	<end value='2014-07-05.14:50:19'/>
	<frames value='25143'/>
	<gameDuration value='1571'/>

	<player>
		<unitScore value='13650'/>
		<killScore value='21070'/>
		<buildingScore value='3625'/>
		<razingScore value='6930'/>
		<mineralScore value='20994'/>
		<gasScore value='2496'/>
		<totalScore value='68765'/>
	</player>

	<enemy>
		<race value='Zerg'/>
		<unitScore value='9875'/>
		<unitScore value='9875'/>
		<killScore value='6850'/>
		<buildingScore value='2310'/>
		<razingScore value='0'/>
		<mineralScore value='10354'/>
		<gasScore value='3008'/>
		<totalScore value='32397'/>
	</enemy>

	<scoreRatio value='2.12257'/>
</results>
