<results>
	<result value='win'/>
	<start value='2014-07-05.14:53:11'/>
	<end value='2014-07-05.14:53:38'/>
	<frames value='30599'/>
	<gameDuration value='1912'/>

	<player>
		<unitScore value='20575'/>
		<killScore value='26270'/>
		<buildingScore value='3975'/>
		<razingScore value='6720'/>
		<mineralScore value='30582'/>
		<gasScore value='3776'/>
		<totalScore value='91898'/>
	</player>

	<enemy>
		<race value='Zerg'/>
		<unitScore value='12200'/>
		<unitScore value='12200'/>
		<killScore value='16350'/>
		<buildingScore value='2240'/>
		<razingScore value='0'/>
		<mineralScore value='12390'/>
		<gasScore value='3720'/>
		<totalScore value='46900'/>
	</enemy>

	<scoreRatio value='1.95945'/>
</results>
