<results>
	<result value='loss'/>
	<start value='2015-07-20.12:43:37'/>
	<end value='2015-07-20.12:44:28'/>
	<frames value='32149'/>
	<gameDuration value='2009'/>

	<player>
		<unitScore value='20475'/>
		<killScore value='17350'/>
		<buildingScore value='2850'/>
		<razingScore value='0'/>
		<mineralScore value='26530'/>
		<gasScore value='2848'/>
		<totalScore value='70053'/>
	</player>

	<enemy>
		<race value='Zerg'/>
		<unitScore value='21200'/>
		<killScore value='38700'/>
		<buildingScore value='3385'/>
		<razingScore value='8550'/>
		<mineralScore value='20390'/>
		<gasScore value='6256'/>
		<totalScore value='98481'/>
	</enemy>

	<scoreRatio value='0.711335'/>
	<timeFitness value='0.279028'/>
	<unitsAverage value='89'/>
</results>
