<results>
	<result value='loss'/>
	<start value='2015-05-05.20:55:46'/>
	<end value='2015-05-05.20:56:37'/>
	<frames value='44704'/>
	<gameDuration value='2794'/>

	<player>
		<unitScore value='18650'/>
		<killScore value='31550'/>
		<buildingScore value='2375'/>
		<razingScore value='150'/>
		<mineralScore value='19306'/>
		<gasScore value='3472'/>
		<totalScore value='75503'/>
	</player>

	<enemy>
		<race value='Protoss'/>
		<unitScore value='35025'/>
		<unitScore value='35025'/>
		<killScore value='37400'/>
		<buildingScore value='7175'/>
		<razingScore value='7125'/>
		<mineralScore value='31054'/>
		<gasScore value='11702'/>
		<totalScore value='129481'/>
	</enemy>

	<scoreRatio value='0.58312'/>
	<timeFitness value='0.388056'/>
	<unitsAverage value='48'/>
</results>
