<results>
	<result value='loss'/>
	<start value='2015-05-04.14:56:50'/>
	<end value='2015-05-04.14:56:56'/>
	<frames value='13952'/>
	<gameDuration value='872'/>

	<player>
		<unitScore value='1250'/>
		<killScore value='200'/>
		<buildingScore value='1200'/>
		<razingScore value='0'/>
		<mineralScore value='2682'/>
		<gasScore value='672'/>
		<totalScore value='6004'/>
	</player>

	<enemy>
		<race value='Protoss'/>
		<unitScore value='3675'/>
		<unitScore value='3675'/>
		<killScore value='2500'/>
		<buildingScore value='2275'/>
		<razingScore value='3600'/>
		<mineralScore value='7058'/>
		<gasScore value='1624'/>
		<totalScore value='20732'/>
	</enemy>

	<scoreRatio value='0.289601'/>
	<timeFitness value='0.121111'/>
	<unitsAverage value='16'/>
</results>
