<results>
	<result value='draw'/>
	<start value='2015-05-04.15:13:18'/>
	<end value='2015-05-04.15:14:33'/>
	<frames value='57601'/>
	<gameDuration value='3600'/>

	<player>
		<unitScore value='28400'/>
		<killScore value='30900'/>
		<buildingScore value='2925'/>
		<razingScore value='21525'/>
		<mineralScore value='28034'/>
		<gasScore value='5508'/>
		<totalScore value='117292'/>
	</player>

	<enemy>
		<race value='Protoss'/>
		<unitScore value='16400'/>
		<unitScore value='16400'/>
		<killScore value='37600'/>
		<buildingScore value='7675'/>
		<razingScore value='1650'/>
		<mineralScore value='28142'/>
		<gasScore value='11550'/>
		<totalScore value='103017'/>
	</enemy>

	<scoreRatio value='1.13857'/>
	<timeFitness value='0.5'/>
	<unitsAverage value='115'/>
</results>
