<results>
	<result value='loss'/>
	<start value='2015-05-04.15:25:13'/>
	<end value='2015-05-04.15:25:17'/>
	<frames value='10294'/>
	<gameDuration value='643'/>

	<player>
		<unitScore value='450'/>
		<killScore value='0'/>
		<buildingScore value='525'/>
		<razingScore value='0'/>
		<mineralScore value='3002'/>
		<gasScore value='0'/>
		<totalScore value='3977'/>
	</player>

	<enemy>
		<race value='Protoss'/>
		<unitScore value='2750'/>
		<unitScore value='2750'/>
		<killScore value='900'/>
		<buildingScore value='1275'/>
		<razingScore value='1575'/>
		<mineralScore value='5146'/>
		<gasScore value='736'/>
		<totalScore value='12382'/>
	</enemy>

	<scoreRatio value='0.321192'/>
	<timeFitness value='0.0893056'/>
	<unitsAverage value='9'/>
</results>
