<results>
	<result value='draw'/>
	<start value='2015-07-11.23:25:56'/>
	<end value='2015-07-11.23:28:10'/>
	<frames value='57601'/>
	<gameDuration value='3600'/>

	<player>
		<unitScore value='47250'/>
		<killScore value='21400'/>
		<buildingScore value='5975'/>
		<razingScore value='1050'/>
		<mineralScore value='44842'/>
		<gasScore value='9072'/>
		<totalScore value='129589'/>
	</player>

	<enemy>
		<race value='Terran'/>
		<unitScore value='13800'/>
		<killScore value='66900'/>
		<buildingScore value='2900'/>
		<razingScore value='4950'/>
		<mineralScore value='12050'/>
		<gasScore value='6520'/>
		<totalScore value='107120'/>
	</enemy>

	<scoreRatio value='1.20976'/>
	<timeFitness value='0.5'/>
	<unitsAverage value='136'/>
</results>
