<results>
	<result value='loss'/>
	<start value='2015-03-31.11:06:43'/>
	<end value='2015-03-31.11:07:09'/>
	<frames value='37078'/>
	<gameDuration value='2317'/>

	<player>
		<unitScore value='10700'/>
		<killScore value='11400'/>
		<buildingScore value='2450'/>
		<razingScore value='0'/>
		<mineralScore value='12682'/>
		<gasScore value='3024'/>
		<totalScore value='40256'/>
	</player>

	<enemy>
		<race value='Protoss'/>
		<unitScore value='23675'/>
		<unitScore value='23675'/>
		<killScore value='21400'/>
		<buildingScore value='6975'/>
		<razingScore value='7350'/>
		<mineralScore value='25114'/>
		<gasScore value='9608'/>
		<totalScore value='94122'/>
	</enemy>

	<scoreRatio value='0.4277'/>
</results>
