<results>
	<result value='loss'/>
	<start value='2015-03-31.11:13:49'/>
	<end value='2015-03-31.11:13:57'/>
	<frames value='14758'/>
	<gameDuration value='922'/>

	<player>
		<unitScore value='3800'/>
		<killScore value='1200'/>
		<buildingScore value='1475'/>
		<razingScore value='150'/>
		<mineralScore value='5194'/>
		<gasScore value='920'/>
		<totalScore value='12739'/>
	</player>

	<enemy>
		<race value='Protoss'/>
		<unitScore value='3550'/>
		<unitScore value='3550'/>
		<killScore value='7600'/>
		<buildingScore value='2525'/>
		<razingScore value='4425'/>
		<mineralScore value='7674'/>
		<gasScore value='1240'/>
		<totalScore value='27014'/>
	</enemy>

	<scoreRatio value='0.47157'/>
</results>
