<results>
	<result value='win'/>
	<start value='2015-04-30.01:22:20'/>
	<end value='2015-04-30.01:22:48'/>
	<frames value='23748'/>
	<gameDuration value='1484'/>

	<player>
		<unitScore value='14150'/>
		<killScore value='18170'/>
		<buildingScore value='3700'/>
		<razingScore value='5700'/>
		<mineralScore value='19054'/>
		<gasScore value='2200'/>
		<totalScore value='62974'/>
	</player>

	<enemy>
		<race value='Zerg'/>
		<unitScore value='8425'/>
		<unitScore value='8425'/>
		<killScore value='11800'/>
		<buildingScore value='1900'/>
		<razingScore value='0'/>
		<mineralScore value='8970'/>
		<gasScore value='2560'/>
		<totalScore value='33655'/>
	</enemy>

	<scoreRatio value='1.87116'/>
	<timeFitness value='0.793889'/>
	<unitsAverage value='76'/>
</results>
