<results>
	<result value='win'/>
	<start value='2015-04-30.18:53:15'/>
	<end value='2015-04-30.18:53:47'/>
	<frames value='24306'/>
	<gameDuration value='1519'/>

	<player>
		<unitScore value='15925'/>
		<killScore value='23000'/>
		<buildingScore value='4025'/>
		<razingScore value='5040'/>
		<mineralScore value='24954'/>
		<gasScore value='1456'/>
		<totalScore value='74400'/>
	</player>

	<enemy>
		<race value='Zerg'/>
		<unitScore value='11325'/>
		<unitScore value='11325'/>
		<killScore value='11050'/>
		<buildingScore value='1680'/>
		<razingScore value='0'/>
		<mineralScore value='10122'/>
		<gasScore value='3224'/>
		<totalScore value='37401'/>
	</enemy>

	<scoreRatio value='1.98925'/>
	<timeFitness value='0.789028'/>
	<unitsAverage value='91'/>
</results>
