<results>
	<result value='win'/>
	<start value='2015-04-30.18:56:54'/>
	<end value='2015-04-30.18:57:19'/>
	<frames value='22694'/>
	<gameDuration value='1418'/>

	<player>
		<unitScore value='12900'/>
		<killScore value='16330'/>
		<buildingScore value='3125'/>
		<razingScore value='5700'/>
		<mineralScore value='17122'/>
		<gasScore value='1344'/>
		<totalScore value='56521'/>
	</player>

	<enemy>
		<race value='Zerg'/>
		<unitScore value='7700'/>
		<unitScore value='7700'/>
		<killScore value='9400'/>
		<buildingScore value='1900'/>
		<razingScore value='0'/>
		<mineralScore value='8394'/>
		<gasScore value='2656'/>
		<totalScore value='30050'/>
	</enemy>

	<scoreRatio value='1.8809'/>
	<timeFitness value='0.803056'/>
	<unitsAverage value='74'/>
</results>
