<results>
	<result value='win'/>
	<start value='2015-04-30.19:11:03'/>
	<end value='2015-04-30.19:11:31'/>
	<frames value='23531'/>
	<gameDuration value='1470'/>

	<player>
		<unitScore value='12950'/>
		<killScore value='13920'/>
		<buildingScore value='3800'/>
		<razingScore value='5775'/>
		<mineralScore value='19202'/>
		<gasScore value='1976'/>
		<totalScore value='57623'/>
	</player>

	<enemy>
		<race value='Zerg'/>
		<unitScore value='7525'/>
		<unitScore value='7525'/>
		<killScore value='8450'/>
		<buildingScore value='1925'/>
		<razingScore value='0'/>
		<mineralScore value='8130'/>
		<gasScore value='2152'/>
		<totalScore value='28182'/>
	</enemy>

	<scoreRatio value='2.04467'/>
	<timeFitness value='0.795833'/>
	<unitsAverage value='78'/>
</results>
