<results>
	<result value='win'/>
	<start value='2015-04-30.19:11:34'/>
	<end value='2015-04-30.19:12:14'/>
	<frames value='31405'/>
	<gameDuration value='1962'/>

	<player>
		<unitScore value='19375'/>
		<killScore value='35350'/>
		<buildingScore value='3525'/>
		<razingScore value='6090'/>
		<mineralScore value='24066'/>
		<gasScore value='3040'/>
		<totalScore value='91446'/>
	</player>

	<enemy>
		<race value='Zerg'/>
		<unitScore value='15525'/>
		<unitScore value='15525'/>
		<killScore value='17900'/>
		<buildingScore value='2030'/>
		<razingScore value='0'/>
		<mineralScore value='14058'/>
		<gasScore value='4808'/>
		<totalScore value='54321'/>
	</enemy>

	<scoreRatio value='1.68344'/>
	<timeFitness value='0.7275'/>
	<unitsAverage value='86'/>
</results>
