<results>
	<result value='loss'/>
	<start value='2015-05-03.16:46:05'/>
	<end value='2015-05-03.16:46:11'/>
	<frames value='3460'/>
	<gameDuration value='216'/>

	<player>
		<unitScore value='600'/>
		<killScore value='0'/>
		<buildingScore value='450'/>
		<razingScore value='0'/>
		<mineralScore value='962'/>
		<gasScore value='0'/>
		<totalScore value='2012'/>
	</player>

	<enemy>
		<race value='Terran'/>
		<unitScore value='650'/>
		<unitScore value='650'/>
		<killScore value='0'/>
		<buildingScore value='525'/>
		<razingScore value='0'/>
		<mineralScore value='1026'/>
		<gasScore value='0'/>
		<totalScore value='2201'/>
	</enemy>

	<scoreRatio value='0.91413'/>
	<timeFitness value='0.03'/>
	<unitsAverage value='10'/>
</results>
