<results>
	<result value='win'/>
	<start value='2015-05-03.17:12:37'/>
	<end value='2015-05-03.17:13:41'/>
	<frames value='37884'/>
	<gameDuration value='2367'/>

	<player>
		<unitScore value='22575'/>
		<killScore value='23650'/>
		<buildingScore value='4200'/>
		<razingScore value='11700'/>
		<mineralScore value='26178'/>
		<gasScore value='3160'/>
		<totalScore value='91463'/>
	</player>

	<enemy>
		<race value='Terran'/>
		<unitScore value='12725'/>
		<unitScore value='12725'/>
		<killScore value='22550'/>
		<buildingScore value='3900'/>
		<razingScore value='1350'/>
		<mineralScore value='12170'/>
		<gasScore value='5308'/>
		<totalScore value='58003'/>
	</enemy>

	<scoreRatio value='1.57687'/>
	<timeFitness value='0.67125'/>
	<unitsAverage value='91'/>
</results>
