<results>
	<result value='loss'/>
	<start value='2015-05-03.17:25:55'/>
	<end value='2015-05-03.17:26:17'/>
	<frames value='21764'/>
	<gameDuration value='1360'/>

	<player>
		<unitScore value='7200'/>
		<killScore value='5700'/>
		<buildingScore value='2625'/>
		<razingScore value='600'/>
		<mineralScore value='10130'/>
		<gasScore value='1552'/>
		<totalScore value='27807'/>
	</player>

	<enemy>
		<race value='Terran'/>
		<unitScore value='7000'/>
		<unitScore value='7000'/>
		<killScore value='13650'/>
		<buildingScore value='2875'/>
		<razingScore value='7875'/>
		<mineralScore value='9938'/>
		<gasScore value='4080'/>
		<totalScore value='45418'/>
	</enemy>

	<scoreRatio value='0.612246'/>
	<timeFitness value='0.188889'/>
	<unitsAverage value='36'/>
</results>
