<results>
	<result value='loss'/>
	<start value='2015-07-19.11:33:59'/>
	<end value='2015-07-19.11:34:51'/>
	<frames value='29948'/>
	<gameDuration value='1871'/>

	<player>
		<unitScore value='16850'/>
		<killScore value='14150'/>
		<buildingScore value='3200'/>
		<razingScore value='0'/>
		<mineralScore value='25802'/>
		<gasScore value='2736'/>
		<totalScore value='62738'/>
	</player>

	<enemy>
		<race value='Zerg'/>
		<unitScore value='15975'/>
		<killScore value='33500'/>
		<buildingScore value='3125'/>
		<razingScore value='9600'/>
		<mineralScore value='16502'/>
		<gasScore value='4616'/>
		<totalScore value='83318'/>
	</enemy>

	<scoreRatio value='0.752995'/>
	<timeFitness value='0.259861'/>
	<unitsAverage value='65'/>
</results>
