<results>
	<result value='draw'/>
	<start value='2015-07-07.19:34:46'/>
	<end value='2015-07-07.19:36:55'/>
	<frames value='57601'/>
	<gameDuration value='3600'/>

	<player>
		<unitScore value='21300'/>
		<killScore value='12050'/>
		<buildingScore value='4125'/>
		<razingScore value='150'/>
		<mineralScore value='24242'/>
		<gasScore value='2752'/>
		<totalScore value='64619'/>
	</player>

	<enemy>
		<race value='Terran'/>
		<unitScore value='33375'/>
		<killScore value='35150'/>
		<buildingScore value='5225'/>
		<razingScore value='12075'/>
		<mineralScore value='25830'/>
		<gasScore value='15112'/>
		<totalScore value='126767'/>
	</enemy>

	<scoreRatio value='0.509746'/>
	<timeFitness value='0.5'/>
	<unitsAverage value='85'/>
</results>
