<results>
	<result value='loss'/>
	<start value='2015-07-14.14:39:35'/>
	<end value='2015-07-14.14:40:02'/>
	<frames value='33172'/>
	<gameDuration value='2073'/>

	<player>
		<unitScore value='13525'/>
		<killScore value='4900'/>
		<buildingScore value='3625'/>
		<razingScore value='450'/>
		<mineralScore value='20198'/>
		<gasScore value='2168'/>
		<totalScore value='44866'/>
	</player>

	<enemy>
		<race value='Protoss'/>
		<unitScore value='17100'/>
		<killScore value='27050'/>
		<buildingScore value='6975'/>
		<razingScore value='10875'/>
		<mineralScore value='22654'/>
		<gasScore value='7988'/>
		<totalScore value='92642'/>
	</enemy>

	<scoreRatio value='0.484294'/>
	<timeFitness value='0.287917'/>
	<unitsAverage value='51'/>
</results>
