<results>
	<result value='loss'/>
	<start value='2015-07-14.14:44:55'/>
	<end value='2015-07-14.14:45:18'/>
	<frames value='33110'/>
	<gameDuration value='2069'/>

	<player>
		<unitScore value='11400'/>
		<killScore value='4400'/>
		<buildingScore value='2175'/>
		<razingScore value='0'/>
		<mineralScore value='17306'/>
		<gasScore value='1688'/>
		<totalScore value='36969'/>
	</player>

	<enemy>
		<race value='Protoss'/>
		<unitScore value='16125'/>
		<killScore value='22400'/>
		<buildingScore value='6975'/>
		<razingScore value='6525'/>
		<mineralScore value='20246'/>
		<gasScore value='8080'/>
		<totalScore value='80351'/>
	</enemy>

	<scoreRatio value='0.460094'/>
	<timeFitness value='0.287361'/>
	<unitsAverage value='46'/>
</results>
