<results>
	<result value='draw'/>
	<start value='2015-05-03.20:56:44'/>
	<end value='2015-05-03.20:58:07'/>
	<frames value='57601'/>
	<gameDuration value='3600'/>

	<player>
		<unitScore value='26775'/>
		<killScore value='26150'/>
		<buildingScore value='4325'/>
		<razingScore value='0'/>
		<mineralScore value='33766'/>
		<gasScore value='6004'/>
		<totalScore value='97020'/>
	</player>

	<enemy>
		<race value='Terran'/>
		<unitScore value='26225'/>
		<unitScore value='26225'/>
		<killScore value='46000'/>
		<buildingScore value='4125'/>
		<razingScore value='5850'/>
		<mineralScore value='19518'/>
		<gasScore value='12378'/>
		<totalScore value='114096'/>
	</enemy>

	<scoreRatio value='0.850337'/>
	<timeFitness value='0.5'/>
	<unitsAverage value='97'/>
</results>
