<results>
	<result value='loss'/>
	<start value='2015-05-03.21:07:05'/>
	<end value='2015-05-03.21:07:26'/>
	<frames value='24740'/>
	<gameDuration value='1546'/>

	<player>
		<unitScore value='8425'/>
		<killScore value='4400'/>
		<buildingScore value='3200'/>
		<razingScore value='0'/>
		<mineralScore value='11778'/>
		<gasScore value='1480'/>
		<totalScore value='29283'/>
	</player>

	<enemy>
		<race value='Terran'/>
		<unitScore value='11225'/>
		<unitScore value='11225'/>
		<killScore value='16850'/>
		<buildingScore value='4425'/>
		<razingScore value='9600'/>
		<mineralScore value='12170'/>
		<gasScore value='5736'/>
		<totalScore value='60006'/>
	</enemy>

	<scoreRatio value='0.488001'/>
	<timeFitness value='0.214722'/>
	<unitsAverage value='39'/>
</results>
