<results>
	<result value='win'/>
	<start value='2015-05-10.15:11:02'/>
	<end value='2015-05-10.15:11:58'/>
	<frames value='39248'/>
	<gameDuration value='2453'/>

	<player>
		<unitScore value='23650'/>
		<killScore value='35355'/>
		<buildingScore value='3475'/>
		<razingScore value='8805'/>
		<mineralScore value='40054'/>
		<gasScore value='2864'/>
		<totalScore value='114203'/>
	</player>

	<enemy>
		<race value='Zerg'/>
		<unitScore value='17625'/>
		<unitScore value='17625'/>
		<killScore value='22500'/>
		<buildingScore value='2935'/>
		<razingScore value='300'/>
		<mineralScore value='17290'/>
		<gasScore value='6912'/>
		<totalScore value='67562'/>
	</enemy>

	<scoreRatio value='1.69034'/>
	<timeFitness value='0.659306'/>
	<unitsAverage value='124'/>
</results>
