<results>
	<result value='win'/>
	<start value='2015-04-30.11:07:31'/>
	<end value='2015-04-30.11:07:56'/>
	<frames value='25236'/>
	<gameDuration value='1577'/>

	<player>
		<unitScore value='17275'/>
		<killScore value='27640'/>
		<buildingScore value='3550'/>
		<razingScore value='3660'/>
		<mineralScore value='21262'/>
		<gasScore value='2032'/>
		<totalScore value='75419'/>
	</player>

	<enemy>
		<race value='Zerg'/>
		<unitScore value='11500'/>
		<unitScore value='11500'/>
		<killScore value='15500'/>
		<buildingScore value='1220'/>
		<razingScore value='0'/>
		<mineralScore value='9730'/>
		<gasScore value='2872'/>
		<totalScore value='40822'/>
	</enemy>

	<scoreRatio value='1.84751'/>
	<timeFitness value='0.780972'/>
	<unitsAverage value='82'/>
</results>
