<results>
	<result value='win'/>
	<start value='2015-05-11.07:24:09'/>
	<end value='2015-05-11.07:24:39'/>
	<frames value='24647'/>
	<gameDuration value='1540'/>

	<player>
		<unitScore value='17225'/>
		<killScore value='24225'/>
		<buildingScore value='4050'/>
		<razingScore value='5040'/>
		<mineralScore value='25994'/>
		<gasScore value='1912'/>
		<totalScore value='78446'/>
	</player>

	<enemy>
		<race value='Zerg'/>
		<unitScore value='10825'/>
		<unitScore value='10825'/>
		<killScore value='10150'/>
		<buildingScore value='1680'/>
		<razingScore value='0'/>
		<mineralScore value='10370'/>
		<gasScore value='3208'/>
		<totalScore value='36233'/>
	</enemy>

	<scoreRatio value='2.16504'/>
	<timeFitness value='0.786111'/>
	<unitsAverage value='98'/>
</results>
