<results>
	<result value='loss'/>
	<start value='2015-04-25.04:43:33'/>
	<end value='2015-04-25.04:43:43'/>
	<frames value='17300'/>
	<gameDuration value='1081'/>

	<player>
		<unitScore value='4225'/>
		<killScore value='1150'/>
		<buildingScore value='1625'/>
		<razingScore value='0'/>
		<mineralScore value='6266'/>
		<gasScore value='776'/>
		<totalScore value='14042'/>
	</player>

	<enemy>
		<race value='Terran'/>
		<unitScore value='6050'/>
		<unitScore value='6050'/>
		<killScore value='8450'/>
		<buildingScore value='2700'/>
		<razingScore value='4875'/>
		<mineralScore value='7978'/>
		<gasScore value='2416'/>
		<totalScore value='32469'/>
	</enemy>

	<scoreRatio value='0.432474'/>
</results>
