<results>
	<result value='loss'/>
	<start value='2015-04-25.04:48:55'/>
	<end value='2015-04-25.04:49:06'/>
	<frames value='21330'/>
	<gameDuration value='1333'/>

	<player>
		<unitScore value='5350'/>
		<killScore value='4250'/>
		<buildingScore value='1575'/>
		<razingScore value='0'/>
		<mineralScore value='7018'/>
		<gasScore value='1136'/>
		<totalScore value='19329'/>
	</player>

	<enemy>
		<race value='Terran'/>
		<unitScore value='8125'/>
		<unitScore value='8125'/>
		<killScore value='10300'/>
		<buildingScore value='3125'/>
		<razingScore value='4725'/>
		<mineralScore value='10274'/>
		<gasScore value='4104'/>
		<totalScore value='40653'/>
	</enemy>

	<scoreRatio value='0.475463'/>
</results>
