<results>
	<result value='win'/>
	<start value='2015-04-25.04:55:49'/>
	<end value='2015-04-25.04:56:08'/>
	<frames value='22601'/>
	<gameDuration value='1412'/>

	<player>
		<unitScore value='10500'/>
		<killScore value='17400'/>
		<buildingScore value='3375'/>
		<razingScore value='6450'/>
		<mineralScore value='17018'/>
		<gasScore value='1752'/>
		<totalScore value='56495'/>
	</player>

	<enemy>
		<race value='Terran'/>
		<unitScore value='8700'/>
		<unitScore value='8700'/>
		<killScore value='3700'/>
		<buildingScore value='2150'/>
		<razingScore value='150'/>
		<mineralScore value='8410'/>
		<gasScore value='2696'/>
		<totalScore value='25806'/>
	</enemy>

	<scoreRatio value='2.18922'/>
</results>
