<results>
	<result value='win'/>
	<start value='2015-04-25.05:00:35'/>
	<end value='2015-04-25.05:01:13'/>
	<frames value='37140'/>
	<gameDuration value='2321'/>

	<player>
		<unitScore value='20250'/>
		<killScore value='27300'/>
		<buildingScore value='4675'/>
		<razingScore value='11850'/>
		<mineralScore value='26946'/>
		<gasScore value='3808'/>
		<totalScore value='94829'/>
	</player>

	<enemy>
		<race value='Terran'/>
		<unitScore value='13650'/>
		<unitScore value='13650'/>
		<killScore value='17800'/>
		<buildingScore value='4025'/>
		<razingScore value='1500'/>
		<mineralScore value='12730'/>
		<gasScore value='5586'/>
		<totalScore value='55291'/>
	</enemy>

	<scoreRatio value='1.71509'/>
</results>
