<results>
	<result value='loss'/>
	<start value='2015-04-26.05:37:36'/>
	<end value='2015-04-26.05:37:47'/>
	<frames value='20617'/>
	<gameDuration value='1288'/>

	<player>
		<unitScore value='5075'/>
		<killScore value='3750'/>
		<buildingScore value='2050'/>
		<razingScore value='0'/>
		<mineralScore value='7218'/>
		<gasScore value='1144'/>
		<totalScore value='19237'/>
	</player>

	<enemy>
		<race value='Terran'/>
		<unitScore value='8225'/>
		<unitScore value='8225'/>
		<killScore value='10150'/>
		<buildingScore value='2925'/>
		<razingScore value='6150'/>
		<mineralScore value='9850'/>
		<gasScore value='3920'/>
		<totalScore value='41220'/>
	</enemy>

	<scoreRatio value='0.466691'/>
</results>
