<results>
	<result value='draw'/>
	<start value='2015-04-26.06:04:32'/>
	<end value='2015-04-26.06:05:17'/>
	<frames value='57601'/>
	<gameDuration value='3600'/>

	<player>
		<unitScore value='29675'/>
		<killScore value='32000'/>
		<buildingScore value='4550'/>
		<razingScore value='2850'/>
		<mineralScore value='33802'/>
		<gasScore value='5344'/>
		<totalScore value='108221'/>
	</player>

	<enemy>
		<race value='Terran'/>
		<unitScore value='25475'/>
		<unitScore value='25475'/>
		<killScore value='48150'/>
		<buildingScore value='4300'/>
		<razingScore value='5325'/>
		<mineralScore value='19550'/>
		<gasScore value='11904'/>
		<totalScore value='114704'/>
	</enemy>

	<scoreRatio value='0.943481'/>
</results>
