<results>
	<result value='win'/>
	<start value='2015-05-11.04:13:03'/>
	<end value='2015-05-11.04:14:26'/>
	<frames value='37636'/>
	<gameDuration value='2352'/>

	<player>
		<unitScore value='21675'/>
		<killScore value='32810'/>
		<buildingScore value='4650'/>
		<razingScore value='7875'/>
		<mineralScore value='39958'/>
		<gasScore value='3400'/>
		<totalScore value='110368'/>
	</player>

	<enemy>
		<race value='Zerg'/>
		<unitScore value='15375'/>
		<unitScore value='15375'/>
		<killScore value='19100'/>
		<buildingScore value='2625'/>
		<razingScore value='0'/>
		<mineralScore value='14658'/>
		<gasScore value='4752'/>
		<totalScore value='56510'/>
	</enemy>

	<scoreRatio value='1.95307'/>
	<timeFitness value='0.673333'/>
	<unitsAverage value='142'/>
</results>
