<results>
	<result value='draw'/>
	<start value='2015-04-12.18:08:51'/>
	<end value='2015-04-12.18:09:49'/>
	<frames value='57601'/>
	<gameDuration value='3600'/>

	<player>
		<unitScore value='32375'/>
		<killScore value='48650'/>
		<buildingScore value='3000'/>
		<razingScore value='14475'/>
		<mineralScore value='31658'/>
		<gasScore value='7996'/>
		<totalScore value='138154'/>
	</player>

	<enemy>
		<race value='Protoss'/>
		<unitScore value='30325'/>
		<unitScore value='30325'/>
		<killScore value='52800'/>
		<buildingScore value='8025'/>
		<razingScore value='0'/>
		<mineralScore value='29454'/>
		<gasScore value='10068'/>
		<totalScore value='130672'/>
	</enemy>

	<scoreRatio value='1.05726'/>
</results>
