<results>
	<result value='win'/>
	<start value='2015-04-28.00:55:26'/>
	<end value='2015-04-28.00:56:08'/>
	<frames value='49602'/>
	<gameDuration value='3100'/>

	<player>
		<unitScore value='29075'/>
		<killScore value='36750'/>
		<buildingScore value='4575'/>
		<razingScore value='12225'/>
		<mineralScore value='33450'/>
		<gasScore value='3200'/>
		<totalScore value='119275'/>
	</player>

	<enemy>
		<race value='Terran'/>
		<unitScore value='22375'/>
		<unitScore value='22375'/>
		<killScore value='42500'/>
		<buildingScore value='4075'/>
		<razingScore value='3825'/>
		<mineralScore value='17770'/>
		<gasScore value='9846'/>
		<totalScore value='100391'/>
	</enemy>

	<scoreRatio value='1.1881'/>
</results>
