<results>
	<result value='win'/>
	<start value='2015-04-28.01:05:53'/>
	<end value='2015-04-28.01:06:15'/>
	<frames value='34319'/>
	<gameDuration value='2144'/>

	<player>
		<unitScore value='13725'/>
		<killScore value='24250'/>
		<buildingScore value='3600'/>
		<razingScore value='7725'/>
		<mineralScore value='17042'/>
		<gasScore value='3960'/>
		<totalScore value='70302'/>
	</player>

	<enemy>
		<race value='Terran'/>
		<unitScore value='12125'/>
		<unitScore value='12125'/>
		<killScore value='13350'/>
		<buildingScore value='2575'/>
		<razingScore value='3675'/>
		<mineralScore value='12034'/>
		<gasScore value='5016'/>
		<totalScore value='48775'/>
	</enemy>

	<scoreRatio value='1.44135'/>
</results>
