<results>
	<result value='loss'/>
	<start value='2015-07-18.09:00:05'/>
	<end value='2015-07-18.09:00:21'/>
	<frames value='17486'/>
	<gameDuration value='1092'/>

	<player>
		<unitScore value='3800'/>
		<killScore value='600'/>
		<buildingScore value='1900'/>
		<razingScore value='0'/>
		<mineralScore value='4882'/>
		<gasScore value='752'/>
		<totalScore value='11934'/>
	</player>

	<enemy>
		<race value='Terran'/>
		<unitScore value='5350'/>
		<killScore value='7600'/>
		<buildingScore value='1800'/>
		<razingScore value='5700'/>
		<mineralScore value='8322'/>
		<gasScore value='2456'/>
		<totalScore value='31228'/>
	</enemy>

	<scoreRatio value='0.382157'/>
	<timeFitness value='0.151667'/>
	<unitsAverage value='23'/>
</results>
