<results>
	<result value='win'/>
	<start value='2015-07-18.04:40:48'/>
	<end value='2015-07-18.04:41:57'/>
	<frames value='39031'/>
	<gameDuration value='2439'/>

	<player>
		<unitScore value='27075'/>
		<killScore value='26050'/>
		<buildingScore value='5075'/>
		<razingScore value='8625'/>
		<mineralScore value='40982'/>
		<gasScore value='3810'/>
		<totalScore value='111617'/>
	</player>

	<enemy>
		<race value='Terran'/>
		<unitScore value='13325'/>
		<killScore value='29200'/>
		<buildingScore value='2875'/>
		<razingScore value='2400'/>
		<mineralScore value='12050'/>
		<gasScore value='5302'/>
		<totalScore value='65152'/>
	</enemy>

	<scoreRatio value='1.71318'/>
	<timeFitness value='0.66125'/>
	<unitsAverage value='127'/>
</results>
