<results>
	<result value='draw'/>
	<start value='2015-07-18.04:45:03'/>
	<end value='2015-07-18.04:47:23'/>
	<frames value='57601'/>
	<gameDuration value='3600'/>

	<player>
		<unitScore value='40400'/>
		<killScore value='23550'/>
		<buildingScore value='4775'/>
		<razingScore value='4425'/>
		<mineralScore value='50906'/>
		<gasScore value='9218'/>
		<totalScore value='133274'/>
	</player>

	<enemy>
		<race value='Terran'/>
		<unitScore value='12675'/>
		<killScore value='55550'/>
		<buildingScore value='3475'/>
		<razingScore value='1500'/>
		<mineralScore value='12050'/>
		<gasScore value='6172'/>
		<totalScore value='91422'/>
	</enemy>

	<scoreRatio value='1.45779'/>
	<timeFitness value='0.5'/>
	<unitsAverage value='164'/>
</results>
