<results>
	<result value='win'/>
	<start value='2015-04-28.20:37:45'/>
	<end value='2015-04-28.20:38:07'/>
	<frames value='20865'/>
	<gameDuration value='1304'/>

	<player>
		<unitScore value='11425'/>
		<killScore value='18350'/>
		<buildingScore value='3525'/>
		<razingScore value='4560'/>
		<mineralScore value='16018'/>
		<gasScore value='1336'/>
		<totalScore value='55214'/>
	</player>

	<enemy>
		<race value='Zerg'/>
		<unitScore value='8775'/>
		<unitScore value='8775'/>
		<killScore value='7650'/>
		<buildingScore value='1520'/>
		<razingScore value='0'/>
		<mineralScore value='8698'/>
		<gasScore value='2632'/>
		<totalScore value='29275'/>
	</enemy>

	<scoreRatio value='1.88605'/>
</results>
