<results>
	<result value='win'/>
	<start value='2015-04-28.20:38:48'/>
	<end value='2015-04-28.20:39:24'/>
	<frames value='26755'/>
	<gameDuration value='1672'/>

	<player>
		<unitScore value='17450'/>
		<killScore value='25975'/>
		<buildingScore value='3725'/>
		<razingScore value='5535'/>
		<mineralScore value='22170'/>
		<gasScore value='2240'/>
		<totalScore value='77095'/>
	</player>

	<enemy>
		<race value='Zerg'/>
		<unitScore value='12325'/>
		<unitScore value='12325'/>
		<killScore value='15250'/>
		<buildingScore value='1845'/>
		<razingScore value='0'/>
		<mineralScore value='11298'/>
		<gasScore value='3688'/>
		<totalScore value='44406'/>
	</enemy>

	<scoreRatio value='1.73614'/>
</results>
