<results>
	<result value='win'/>
	<start value='2015-04-28.20:51:13'/>
	<end value='2015-04-28.20:51:35'/>
	<frames value='21516'/>
	<gameDuration value='1344'/>

	<player>
		<unitScore value='12025'/>
		<killScore value='18770'/>
		<buildingScore value='2800'/>
		<razingScore value='4560'/>
		<mineralScore value='15314'/>
		<gasScore value='1824'/>
		<totalScore value='55293'/>
	</player>

	<enemy>
		<race value='Zerg'/>
		<unitScore value='8525'/>
		<unitScore value='8525'/>
		<killScore value='11750'/>
		<buildingScore value='1520'/>
		<razingScore value='0'/>
		<mineralScore value='8474'/>
		<gasScore value='2424'/>
		<totalScore value='32693'/>
	</enemy>

	<scoreRatio value='1.69128'/>
</results>
