<results>
	<result value='win'/>
	<start value='2015-04-28.20:52:40'/>
	<end value='2015-04-28.20:53:03'/>
	<frames value='20772'/>
	<gameDuration value='1298'/>

	<player>
		<unitScore value='10325'/>
		<killScore value='18460'/>
		<buildingScore value='3300'/>
		<razingScore value='4680'/>
		<mineralScore value='15234'/>
		<gasScore value='1952'/>
		<totalScore value='53951'/>
	</player>

	<enemy>
		<race value='Zerg'/>
		<unitScore value='8475'/>
		<unitScore value='8475'/>
		<killScore value='6500'/>
		<buildingScore value='1560'/>
		<razingScore value='0'/>
		<mineralScore value='7794'/>
		<gasScore value='2104'/>
		<totalScore value='26433'/>
	</enemy>

	<scoreRatio value='2.04105'/>
</results>
