<results>
	<result value='win'/>
	<start value='2015-04-28.20:54:43'/>
	<end value='2015-04-28.20:55:12'/>
	<frames value='22539'/>
	<gameDuration value='1408'/>

	<player>
		<unitScore value='12050'/>
		<killScore value='18930'/>
		<buildingScore value='3550'/>
		<razingScore value='5460'/>
		<mineralScore value='19086'/>
		<gasScore value='1984'/>
		<totalScore value='61060'/>
	</player>

	<enemy>
		<race value='Zerg'/>
		<unitScore value='8825'/>
		<unitScore value='8825'/>
		<killScore value='7850'/>
		<buildingScore value='1820'/>
		<razingScore value='0'/>
		<mineralScore value='8994'/>
		<gasScore value='2632'/>
		<totalScore value='30121'/>
	</enemy>

	<scoreRatio value='2.02716'/>
</results>
