<results>
	<result value='draw'/>
	<start value='2015-07-11.21:32:04'/>
	<end value='2015-07-11.21:34:38'/>
	<frames value='57601'/>
	<gameDuration value='3600'/>

	<player>
		<unitScore value='33325'/>
		<killScore value='23500'/>
		<buildingScore value='5225'/>
		<razingScore value='8625'/>
		<mineralScore value='48798'/>
		<gasScore value='7202'/>
		<totalScore value='126675'/>
	</player>

	<enemy>
		<race value='Terran'/>
		<unitScore value='12650'/>
		<killScore value='42950'/>
		<buildingScore value='3325'/>
		<razingScore value='2700'/>
		<mineralScore value='12090'/>
		<gasScore value='6030'/>
		<totalScore value='79745'/>
	</enemy>

	<scoreRatio value='1.5885'/>
	<timeFitness value='0.5'/>
	<unitsAverage value='142'/>
</results>
