<results>
	<result value='win'/>
	<start value='2015-04-27.01:52:51'/>
	<end value='2015-04-27.01:53:08'/>
	<frames value='21051'/>
	<gameDuration value='1315'/>

	<player>
		<unitScore value='11450'/>
		<killScore value='14400'/>
		<buildingScore value='3375'/>
		<razingScore value='4350'/>
		<mineralScore value='16302'/>
		<gasScore value='2160'/>
		<totalScore value='52037'/>
	</player>

	<enemy>
		<race value='Terran'/>
		<unitScore value='7200'/>
		<unitScore value='7200'/>
		<killScore value='7750'/>
		<buildingScore value='1450'/>
		<razingScore value='0'/>
		<mineralScore value='9834'/>
		<gasScore value='2672'/>
		<totalScore value='28906'/>
	</enemy>

	<scoreRatio value='1.80021'/>
</results>
