<results>
	<result value='loss'/>
	<start value='2015-05-10.21:55:27'/>
	<end value='2015-05-10.21:55:52'/>
	<frames value='38566'/>
	<gameDuration value='2410'/>

	<player>
		<unitScore value='11850'/>
		<killScore value='14350'/>
		<buildingScore value='2525'/>
		<razingScore value='2400'/>
		<mineralScore value='14050'/>
		<gasScore value='3376'/>
		<totalScore value='48551'/>
	</player>

	<enemy>
		<race value='Protoss'/>
		<unitScore value='20675'/>
		<unitScore value='20675'/>
		<killScore value='23700'/>
		<buildingScore value='7825'/>
		<razingScore value='7575'/>
		<mineralScore value='26034'/>
		<gasScore value='8896'/>
		<totalScore value='94705'/>
	</enemy>

	<scoreRatio value='0.512655'/>
	<timeFitness value='0.334722'/>
	<unitsAverage value='39'/>
</results>
