<results>
	<result value='loss'/>
	<start value='2015-05-04.18:13:19'/>
	<end value='2015-05-04.18:13:29'/>
	<frames value='15874'/>
	<gameDuration value='992'/>

	<player>
		<unitScore value='2925'/>
		<killScore value='1200'/>
		<buildingScore value='1600'/>
		<razingScore value='0'/>
		<mineralScore value='4738'/>
		<gasScore value='416'/>
		<totalScore value='10879'/>
	</player>

	<enemy>
		<race value='Protoss'/>
		<unitScore value='3550'/>
		<unitScore value='3550'/>
		<killScore value='5850'/>
		<buildingScore value='2975'/>
		<razingScore value='4800'/>
		<mineralScore value='7970'/>
		<gasScore value='1696'/>
		<totalScore value='26841'/>
	</enemy>

	<scoreRatio value='0.405313'/>
	<timeFitness value='0.137778'/>
	<unitsAverage value='23'/>
</results>
