<results>
	<result value='draw'/>
	<start value='2014-07-24.04:02:53'/>
	<end value='2014-07-24.04:03:47'/>
	<frames value='57601'/>
	<gameDuration value='3600'/>

	<player>
		<unitScore value='30250'/>
		<killScore value='29200'/>
		<buildingScore value='4150'/>
		<razingScore value='300'/>
		<mineralScore value='34038'/>
		<gasScore value='8794'/>
		<totalScore value='106732'/>
	</player>

	<enemy>
		<race value='Terran'/>
		<unitScore value='28325'/>
		<unitScore value='28325'/>
		<killScore value='52500'/>
		<buildingScore value='4050'/>
		<razingScore value='3150'/>
		<mineralScore value='19510'/>
		<gasScore value='12318'/>
		<totalScore value='119853'/>
	</enemy>

	<scoreRatio value='0.890524'/>
</results>
