<results>
	<result value='draw'/>
	<start value='2015-07-11.18:54:11'/>
	<end value='2015-07-11.18:56:21'/>
	<frames value='57601'/>
	<gameDuration value='3600'/>

	<player>
		<unitScore value='39800'/>
		<killScore value='23000'/>
		<buildingScore value='5025'/>
		<razingScore value='0'/>
		<mineralScore value='37858'/>
		<gasScore value='5160'/>
		<totalScore value='110843'/>
	</player>

	<enemy>
		<race value='Terran'/>
		<unitScore value='25275'/>
		<killScore value='66200'/>
		<buildingScore value='4225'/>
		<razingScore value='3900'/>
		<mineralScore value='19542'/>
		<gasScore value='12008'/>
		<totalScore value='131150'/>
	</enemy>

	<scoreRatio value='0.845162'/>
	<timeFitness value='0.5'/>
	<unitsAverage value='106'/>
</results>
