<results>
	<result value='loss'/>
	<start value='2015-07-11.18:59:21'/>
	<end value='2015-07-11.19:00:10'/>
	<frames value='45913'/>
	<gameDuration value='2869'/>

	<player>
		<unitScore value='14825'/>
		<killScore value='10650'/>
		<buildingScore value='2525'/>
		<razingScore value='0'/>
		<mineralScore value='14194'/>
		<gasScore value='2336'/>
		<totalScore value='44530'/>
	</player>

	<enemy>
		<race value='Terran'/>
		<unitScore value='22625'/>
		<killScore value='27250'/>
		<buildingScore value='4450'/>
		<razingScore value='7575'/>
		<mineralScore value='19550'/>
		<gasScore value='11094'/>
		<totalScore value='92544'/>
	</enemy>

	<scoreRatio value='0.481177'/>
	<timeFitness value='0.398472'/>
	<unitsAverage value='42'/>
</results>
