<results>
	<result value='draw'/>
	<start value='2015-05-10.08:05:35'/>
	<end value='2015-05-10.08:08:13'/>
	<frames value='57601'/>
	<gameDuration value='3600'/>

	<player>
		<unitScore value='33575'/>
		<killScore value='59800'/>
		<buildingScore value='3700'/>
		<razingScore value='750'/>
		<mineralScore value='31998'/>
		<gasScore value='4368'/>
		<totalScore value='134191'/>
	</player>

	<enemy>
		<race value='Protoss'/>
		<unitScore value='39725'/>
		<unitScore value='39725'/>
		<killScore value='50600'/>
		<buildingScore value='5775'/>
		<razingScore value='3375'/>
		<mineralScore value='28790'/>
		<gasScore value='16632'/>
		<totalScore value='144897'/>
	</enemy>

	<scoreRatio value='0.926113'/>
	<timeFitness value='0.5'/>
	<unitsAverage value='126'/>
</results>
