<results>
	<result value='win'/>
	<start value='2015-05-09.20:38:32'/>
	<end value='2015-05-09.20:39:40'/>
	<frames value='35621'/>
	<gameDuration value='2226'/>

	<player>
		<unitScore value='23725'/>
		<killScore value='38300'/>
		<buildingScore value='4325'/>
		<razingScore value='15675'/>
		<mineralScore value='31566'/>
		<gasScore value='2904'/>
		<totalScore value='116495'/>
	</player>

	<enemy>
		<race value='Protoss'/>
		<unitScore value='24400'/>
		<unitScore value='24400'/>
		<killScore value='23950'/>
		<buildingScore value='5225'/>
		<razingScore value='300'/>
		<mineralScore value='15474'/>
		<gasScore value='6880'/>
		<totalScore value='76229'/>
	</enemy>

	<scoreRatio value='1.52822'/>
	<timeFitness value='0.690833'/>
	<unitsAverage value='118'/>
</results>
