<results>
	<result value='loss'/>
	<start value='2015-05-09.20:43:19'/>
	<end value='2015-05-09.20:43:32'/>
	<frames value='17083'/>
	<gameDuration value='1067'/>

	<player>
		<unitScore value='3400'/>
		<killScore value='1400'/>
		<buildingScore value='2075'/>
		<razingScore value='0'/>
		<mineralScore value='5730'/>
		<gasScore value='896'/>
		<totalScore value='13501'/>
	</player>

	<enemy>
		<race value='Protoss'/>
		<unitScore value='3600'/>
		<unitScore value='3600'/>
		<killScore value='6800'/>
		<buildingScore value='4175'/>
		<razingScore value='6225'/>
		<mineralScore value='9538'/>
		<gasScore value='1624'/>
		<totalScore value='31962'/>
	</enemy>

	<scoreRatio value='0.422408'/>
	<timeFitness value='0.148194'/>
	<unitsAverage value='25'/>
</results>
