<results>
	<result value='loss'/>
	<start value='2015-05-05.21:30:49'/>
	<end value='2015-05-05.21:32:02'/>
	<frames value='45293'/>
	<gameDuration value='2830'/>

	<player>
		<unitScore value='27900'/>
		<killScore value='24900'/>
		<buildingScore value='3025'/>
		<razingScore value='0'/>
		<mineralScore value='31306'/>
		<gasScore value='6096'/>
		<totalScore value='93227'/>
	</player>

	<enemy>
		<race value='Protoss'/>
		<unitScore value='32175'/>
		<unitScore value='32175'/>
		<killScore value='55550'/>
		<buildingScore value='7225'/>
		<razingScore value='9075'/>
		<mineralScore value='30346'/>
		<gasScore value='10658'/>
		<totalScore value='145029'/>
	</enemy>

	<scoreRatio value='0.642816'/>
	<timeFitness value='0.393056'/>
	<unitsAverage value='83'/>
</results>
