<results>
	<result value='loss'/>
	<start value='2015-05-05.21:42:49'/>
	<end value='2015-05-05.21:43:48'/>
	<frames value='49385'/>
	<gameDuration value='3086'/>

	<player>
		<unitScore value='18700'/>
		<killScore value='27050'/>
		<buildingScore value='3075'/>
		<razingScore value='8025'/>
		<mineralScore value='21638'/>
		<gasScore value='5392'/>
		<totalScore value='83880'/>
	</player>

	<enemy>
		<race value='Protoss'/>
		<unitScore value='19400'/>
		<unitScore value='19400'/>
		<killScore value='37400'/>
		<buildingScore value='9050'/>
		<razingScore value='9225'/>
		<mineralScore value='25502'/>
		<gasScore value='6662'/>
		<totalScore value='107239'/>
	</enemy>

	<scoreRatio value='0.782178'/>
	<timeFitness value='0.428611'/>
	<unitsAverage value='63'/>
</results>
