<results>
	<result value='win'/>
	<start value='2015-05-05.21:53:37'/>
	<end value='2015-05-05.21:54:18'/>
	<frames value='25143'/>
	<gameDuration value='1571'/>

	<player>
		<unitScore value='13625'/>
		<killScore value='10700'/>
		<buildingScore value='3275'/>
		<razingScore value='11175'/>
		<mineralScore value='22650'/>
		<gasScore value='2648'/>
		<totalScore value='64073'/>
	</player>

	<enemy>
		<race value='Protoss'/>
		<unitScore value='5350'/>
		<unitScore value='5350'/>
		<killScore value='10500'/>
		<buildingScore value='3725'/>
		<razingScore value='0'/>
		<mineralScore value='14594'/>
		<gasScore value='936'/>
		<totalScore value='35105'/>
	</enemy>

	<scoreRatio value='1.82518'/>
	<timeFitness value='0.781806'/>
	<unitsAverage value='87'/>
</results>
