<results>
	<result value='win'/>
	<start value='2015-05-05.21:55:22'/>
	<end value='2015-05-05.21:56:41'/>
	<frames value='47990'/>
	<gameDuration value='2999'/>

	<player>
		<unitScore value='33550'/>
		<killScore value='53050'/>
		<buildingScore value='4300'/>
		<razingScore value='18900'/>
		<mineralScore value='35598'/>
		<gasScore value='5520'/>
		<totalScore value='150918'/>
	</player>

	<enemy>
		<race value='Protoss'/>
		<unitScore value='28925'/>
		<unitScore value='28925'/>
		<killScore value='47050'/>
		<buildingScore value='6300'/>
		<razingScore value='2025'/>
		<mineralScore value='25982'/>
		<gasScore value='9224'/>
		<totalScore value='119506'/>
	</enemy>

	<scoreRatio value='1.26285'/>
	<timeFitness value='0.583472'/>
	<unitsAverage value='106'/>
</results>
