<results>
	<result value='loss'/>
	<start value='2015-07-20.06:10:17'/>
	<end value='2015-07-20.06:11:04'/>
	<frames value='32335'/>
	<gameDuration value='2020'/>

	<player>
		<unitScore value='20425'/>
		<killScore value='17075'/>
		<buildingScore value='3525'/>
		<razingScore value='0'/>
		<mineralScore value='24106'/>
		<gasScore value='3248'/>
		<totalScore value='68379'/>
	</player>

	<enemy>
		<race value='Zerg'/>
		<unitScore value='19925'/>
		<killScore value='39850'/>
		<buildingScore value='3445'/>
		<razingScore value='10575'/>
		<mineralScore value='19750'/>
		<gasScore value='6960'/>
		<totalScore value='100505'/>
	</enemy>

	<scoreRatio value='0.680354'/>
	<timeFitness value='0.280556'/>
	<unitsAverage value='76'/>
</results>
