<results>
	<result value='loss'/>
	<start value='2015-07-20.06:19:27'/>
	<end value='2015-07-20.06:20:19'/>
	<frames value='40953'/>
	<gameDuration value='2559'/>

	<player>
		<unitScore value='23450'/>
		<killScore value='26825'/>
		<buildingScore value='4250'/>
		<razingScore value='315'/>
		<mineralScore value='31942'/>
		<gasScore value='4688'/>
		<totalScore value='91470'/>
	</player>

	<enemy>
		<race value='Zerg'/>
		<unitScore value='18500'/>
		<killScore value='45100'/>
		<buildingScore value='4565'/>
		<razingScore value='12750'/>
		<mineralScore value='27606'/>
		<gasScore value='6756'/>
		<totalScore value='115277'/>
	</enemy>

	<scoreRatio value='0.79348'/>
	<timeFitness value='0.355417'/>
	<unitsAverage value='64'/>
</results>
