<results>
	<result value='draw'/>
	<start value='2015-07-20.06:39:33'/>
	<end value='2015-07-20.06:42:55'/>
	<frames value='57601'/>
	<gameDuration value='3600'/>

	<player>
		<unitScore value='40975'/>
		<killScore value='50350'/>
		<buildingScore value='4000'/>
		<razingScore value='240'/>
		<mineralScore value='31494'/>
		<gasScore value='10950'/>
		<totalScore value='138009'/>
	</player>

	<enemy>
		<race value='Zerg'/>
		<unitScore value='37450'/>
		<killScore value='58000'/>
		<buildingScore value='3740'/>
		<razingScore value='2475'/>
		<mineralScore value='30974'/>
		<gasScore value='10708'/>
		<totalScore value='143347'/>
	</enemy>

	<scoreRatio value='0.962762'/>
	<timeFitness value='0.5'/>
	<unitsAverage value='159'/>
</results>
