<results>
	<result value='loss'/>
	<start value='2015-07-20.06:46:18'/>
	<end value='2015-07-20.06:47:04'/>
	<frames value='34970'/>
	<gameDuration value='2185'/>

	<player>
		<unitScore value='19500'/>
		<killScore value='23125'/>
		<buildingScore value='4075'/>
		<razingScore value='0'/>
		<mineralScore value='28554'/>
		<gasScore value='3656'/>
		<totalScore value='78910'/>
	</player>

	<enemy>
		<race value='Zerg'/>
		<unitScore value='20225'/>
		<killScore value='39000'/>
		<buildingScore value='3915'/>
		<razingScore value='12225'/>
		<mineralScore value='21202'/>
		<gasScore value='6394'/>
		<totalScore value='102961'/>
	</enemy>

	<scoreRatio value='0.766407'/>
	<timeFitness value='0.303472'/>
	<unitsAverage value='66'/>
</results>
