<results>
	<result value='win'/>
	<start value='2015-04-08.11:03:17'/>
	<end value='2015-04-08.11:03:53'/>
	<frames value='29824'/>
	<gameDuration value='1864'/>

	<player>
		<unitScore value='18025'/>
		<killScore value='25100'/>
		<buildingScore value='4150'/>
		<razingScore value='16875'/>
		<mineralScore value='31682'/>
		<gasScore value='3200'/>
		<totalScore value='99032'/>
	</player>

	<enemy>
		<race value='Protoss'/>
		<unitScore value='12750'/>
		<unitScore value='12750'/>
		<killScore value='12750'/>
		<buildingScore value='5625'/>
		<razingScore value='0'/>
		<mineralScore value='17010'/>
		<gasScore value='2312'/>
		<totalScore value='50447'/>
	</enemy>

	<scoreRatio value='1.96309'/>
</results>
