<results>
	<result value='loss'/>
	<start value='2015-05-08.21:56:17'/>
	<end value='2015-05-08.21:56:23'/>
	<frames value='14479'/>
	<gameDuration value='904'/>

	<player>
		<unitScore value='3450'/>
		<killScore value='400'/>
		<buildingScore value='1425'/>
		<razingScore value='0'/>
		<mineralScore value='4682'/>
		<gasScore value='816'/>
		<totalScore value='10773'/>
	</player>

	<enemy>
		<race value='Protoss'/>
		<unitScore value='3550'/>
		<unitScore value='3550'/>
		<killScore value='6900'/>
		<buildingScore value='2425'/>
		<razingScore value='4275'/>
		<mineralScore value='7530'/>
		<gasScore value='1256'/>
		<totalScore value='25936'/>
	</enemy>

	<scoreRatio value='0.415369'/>
	<timeFitness value='0.125556'/>
	<unitsAverage value='24'/>
</results>
