<results>
	<result value='win'/>
	<start value='2015-05-11.01:02:23'/>
	<end value='2015-05-11.01:02:56'/>
	<frames value='27189'/>
	<gameDuration value='1699'/>

	<player>
		<unitScore value='16000'/>
		<killScore value='20825'/>
		<buildingScore value='3850'/>
		<razingScore value='8655'/>
		<mineralScore value='22778'/>
		<gasScore value='1752'/>
		<totalScore value='73860'/>
	</player>

	<enemy>
		<race value='Zerg'/>
		<unitScore value='10250'/>
		<unitScore value='10250'/>
		<killScore value='11750'/>
		<buildingScore value='2885'/>
		<razingScore value='1425'/>
		<mineralScore value='11178'/>
		<gasScore value='3672'/>
		<totalScore value='41160'/>
	</enemy>

	<scoreRatio value='1.79446'/>
	<timeFitness value='0.764028'/>
	<unitsAverage value='100'/>
</results>
