<results>
	<result value='win'/>
	<start value='2015-05-11.01:03:26'/>
	<end value='2015-05-11.01:03:59'/>
	<frames value='27437'/>
	<gameDuration value='1714'/>

	<player>
		<unitScore value='17150'/>
		<killScore value='22165'/>
		<buildingScore value='4400'/>
		<razingScore value='6930'/>
		<mineralScore value='23234'/>
		<gasScore value='2816'/>
		<totalScore value='76695'/>
	</player>

	<enemy>
		<race value='Zerg'/>
		<unitScore value='9825'/>
		<unitScore value='9825'/>
		<killScore value='15400'/>
		<buildingScore value='2310'/>
		<razingScore value='1500'/>
		<mineralScore value='10338'/>
		<gasScore value='3160'/>
		<totalScore value='42533'/>
	</enemy>

	<scoreRatio value='1.80319'/>
	<timeFitness value='0.761944'/>
	<unitsAverage value='96'/>
</results>
