<results>
	<result value='loss'/>
	<start value='2015-04-17.06:25:29'/>
	<end value='2015-04-17.06:26:30'/>
	<frames value='46905'/>
	<gameDuration value='2931'/>

	<player>
		<unitScore value='19650'/>
		<killScore value='38850'/>
		<buildingScore value='2650'/>
		<razingScore value='900'/>
		<mineralScore value='19550'/>
		<gasScore value='3160'/>
		<totalScore value='84760'/>
	</player>

	<enemy>
		<race value='Protoss'/>
		<unitScore value='36275'/>
		<unitScore value='36275'/>
		<killScore value='39400'/>
		<buildingScore value='7225'/>
		<razingScore value='7950'/>
		<mineralScore value='35062'/>
		<gasScore value='10782'/>
		<totalScore value='136694'/>
	</enemy>

	<scoreRatio value='0.620071'/>
</results>
