<results>
	<result value='loss'/>
	<start value='2015-04-17.06:28:55'/>
	<end value='2015-04-17.06:29:10'/>
	<frames value='16153'/>
	<gameDuration value='1009'/>

	<player>
		<unitScore value='4275'/>
		<killScore value='1200'/>
		<buildingScore value='1575'/>
		<razingScore value='0'/>
		<mineralScore value='5842'/>
		<gasScore value='752'/>
		<totalScore value='13644'/>
	</player>

	<enemy>
		<race value='Protoss'/>
		<unitScore value='4225'/>
		<unitScore value='4225'/>
		<killScore value='7200'/>
		<buildingScore value='3075'/>
		<razingScore value='4725'/>
		<mineralScore value='8258'/>
		<gasScore value='1816'/>
		<totalScore value='29299'/>
	</enemy>

	<scoreRatio value='0.465681'/>
</results>
