<results>
	<result value='win'/>
	<start value='2014-07-16.17:36:42'/>
	<end value='2014-07-16.17:37:01'/>
	<frames value='28956'/>
	<gameDuration value='1809'/>

	<player>
		<unitScore value='16000'/>
		<killScore value='16560'/>
		<buildingScore value='2625'/>
		<razingScore value='8340'/>
		<mineralScore value='19394'/>
		<gasScore value='2768'/>
		<totalScore value='65687'/>
	</player>

	<enemy>
		<race value='Zerg'/>
		<unitScore value='8400'/>
		<unitScore value='8400'/>
		<killScore value='16550'/>
		<buildingScore value='2780'/>
		<razingScore value='375'/>
		<mineralScore value='10426'/>
		<gasScore value='3240'/>
		<totalScore value='41771'/>
	</enemy>

	<scoreRatio value='1.57255'/>
</results>
