<results>
	<result value='win'/>
	<start value='2014-07-16.17:44:51'/>
	<end value='2014-07-16.17:45:13'/>
	<frames value='33420'/>
	<gameDuration value='2088'/>

	<player>
		<unitScore value='18050'/>
		<killScore value='26570'/>
		<buildingScore value='3975'/>
		<razingScore value='8145'/>
		<mineralScore value='23586'/>
		<gasScore value='2824'/>
		<totalScore value='83150'/>
	</player>

	<enemy>
		<race value='Zerg'/>
		<unitScore value='12325'/>
		<unitScore value='12325'/>
		<killScore value='21450'/>
		<buildingScore value='2715'/>
		<razingScore value='3900'/>
		<mineralScore value='12022'/>
		<gasScore value='4336'/>
		<totalScore value='56748'/>
	</enemy>

	<scoreRatio value='1.46525'/>
</results>
