<results>
	<result value='loss'/>
	<start value='2015-05-04.18:59:53'/>
	<end value='2015-05-04.19:00:03'/>
	<frames value='14913'/>
	<gameDuration value='932'/>

	<player>
		<unitScore value='4025'/>
		<killScore value='5200'/>
		<buildingScore value='1425'/>
		<razingScore value='2775'/>
		<mineralScore value='5650'/>
		<gasScore value='696'/>
		<totalScore value='19771'/>
	</player>

	<enemy>
		<race value='Terran'/>
		<unitScore value='3150'/>
		<unitScore value='3150'/>
		<killScore value='7350'/>
		<buildingScore value='1200'/>
		<razingScore value='4275'/>
		<mineralScore value='4698'/>
		<gasScore value='1328'/>
		<totalScore value='22001'/>
	</enemy>

	<scoreRatio value='0.898641'/>
	<timeFitness value='0.129444'/>
	<unitsAverage value='31'/>
</results>
