<results>
	<result value='win'/>
	<start value='2015-05-04.19:00:06'/>
	<end value='2015-05-04.19:00:22'/>
	<frames value='18106'/>
	<gameDuration value='1131'/>

	<player>
		<unitScore value='6700'/>
		<killScore value='11600'/>
		<buildingScore value='1925'/>
		<razingScore value='4350'/>
		<mineralScore value='9442'/>
		<gasScore value='1704'/>
		<totalScore value='35721'/>
	</player>

	<enemy>
		<race value='Terran'/>
		<unitScore value='5800'/>
		<unitScore value='5800'/>
		<killScore value='2100'/>
		<buildingScore value='1450'/>
		<razingScore value='150'/>
		<mineralScore value='7938'/>
		<gasScore value='2088'/>
		<totalScore value='19526'/>
	</enemy>

	<scoreRatio value='1.82941'/>
	<timeFitness value='0.842917'/>
	<unitsAverage value='51'/>
</results>
