<results>
	<result value='win'/>
	<start value='2015-05-04.19:03:25'/>
	<end value='2015-05-04.19:03:37'/>
	<frames value='15905'/>
	<gameDuration value='994'/>

	<player>
		<unitScore value='5325'/>
		<killScore value='8300'/>
		<buildingScore value='1825'/>
		<razingScore value='3825'/>
		<mineralScore value='7794'/>
		<gasScore value='1496'/>
		<totalScore value='28565'/>
	</player>

	<enemy>
		<race value='Terran'/>
		<unitScore value='4150'/>
		<unitScore value='4150'/>
		<killScore value='1400'/>
		<buildingScore value='1275'/>
		<razingScore value='0'/>
		<mineralScore value='4962'/>
		<gasScore value='1248'/>
		<totalScore value='13035'/>
	</enemy>

	<scoreRatio value='2.19141'/>
	<timeFitness value='0.861944'/>
	<unitsAverage value='45'/>
</results>
