<results>
	<result value='loss'/>
	<start value='2015-05-05.18:52:28'/>
	<end value='2015-05-05.18:53:19'/>
	<frames value='54438'/>
	<gameDuration value='3402'/>

	<player>
		<unitScore value='29875'/>
		<killScore value='59000'/>
		<buildingScore value='2900'/>
		<razingScore value='600'/>
		<mineralScore value='31470'/>
		<gasScore value='5832'/>
		<totalScore value='129677'/>
	</player>

	<enemy>
		<race value='Protoss'/>
		<unitScore value='40025'/>
		<unitScore value='40025'/>
		<killScore value='59950'/>
		<buildingScore value='6175'/>
		<razingScore value='8700'/>
		<mineralScore value='31370'/>
		<gasScore value='11852'/>
		<totalScore value='158072'/>
	</enemy>

	<scoreRatio value='0.820367'/>
	<timeFitness value='0.4725'/>
	<unitsAverage value='82'/>
</results>
