<results>
	<result value='loss'/>
	<start value='2015-05-05.18:57:22'/>
	<end value='2015-05-05.18:58:15'/>
	<frames value='50563'/>
	<gameDuration value='3160'/>

	<player>
		<unitScore value='30375'/>
		<killScore value='40500'/>
		<buildingScore value='3600'/>
		<razingScore value='1125'/>
		<mineralScore value='30830'/>
		<gasScore value='3584'/>
		<totalScore value='110014'/>
	</player>

	<enemy>
		<race value='Protoss'/>
		<unitScore value='35900'/>
		<unitScore value='35900'/>
		<killScore value='60850'/>
		<buildingScore value='7025'/>
		<razingScore value='10800'/>
		<mineralScore value='30850'/>
		<gasScore value='11450'/>
		<totalScore value='156875'/>
	</enemy>

	<scoreRatio value='0.701284'/>
	<timeFitness value='0.438889'/>
	<unitsAverage value='90'/>
</results>
