<results>
	<result value='loss'/>
	<start value='2015-05-07.12:31:59'/>
	<end value='2015-05-07.12:32:15'/>
	<frames value='30661'/>
	<gameDuration value='1916'/>

	<player>
		<unitScore value='10925'/>
		<killScore value='5300'/>
		<buildingScore value='1825'/>
		<razingScore value='0'/>
		<mineralScore value='12626'/>
		<gasScore value='2640'/>
		<totalScore value='33316'/>
	</player>

	<enemy>
		<race value='Protoss'/>
		<unitScore value='16000'/>
		<unitScore value='16000'/>
		<killScore value='22050'/>
		<buildingScore value='6875'/>
		<razingScore value='5475'/>
		<mineralScore value='19538'/>
		<gasScore value='7600'/>
		<totalScore value='77538'/>
	</enemy>

	<scoreRatio value='0.429673'/>
	<timeFitness value='0.266111'/>
	<unitsAverage value='38'/>
</results>
