<results>
	<result value='loss'/>
	<start value='2015-05-07.12:42:24'/>
	<end value='2015-05-07.12:42:30'/>
	<frames value='14665'/>
	<gameDuration value='916'/>

	<player>
		<unitScore value='3050'/>
		<killScore value='600'/>
		<buildingScore value='1750'/>
		<razingScore value='0'/>
		<mineralScore value='4738'/>
		<gasScore value='256'/>
		<totalScore value='10394'/>
	</player>

	<enemy>
		<race value='Protoss'/>
		<unitScore value='3550'/>
		<unitScore value='3550'/>
		<killScore value='6100'/>
		<buildingScore value='2525'/>
		<razingScore value='5250'/>
		<mineralScore value='7746'/>
		<gasScore value='1216'/>
		<totalScore value='26387'/>
	</enemy>

	<scoreRatio value='0.393906'/>
	<timeFitness value='0.127222'/>
	<unitsAverage value='20'/>
</results>
