<results>
	<result value='loss'/>
	<start value='2015-05-07.12:41:27'/>
	<end value='2015-05-07.12:41:43'/>
	<frames value='33482'/>
	<gameDuration value='2092'/>

	<player>
		<unitScore value='12050'/>
		<killScore value='7400'/>
		<buildingScore value='2625'/>
		<razingScore value='0'/>
		<mineralScore value='15830'/>
		<gasScore value='1672'/>
		<totalScore value='39577'/>
	</player>

	<enemy>
		<race value='Protoss'/>
		<unitScore value='15675'/>
		<unitScore value='15675'/>
		<killScore value='24100'/>
		<buildingScore value='6975'/>
		<razingScore value='7875'/>
		<mineralScore value='20546'/>
		<gasScore value='7312'/>
		<totalScore value='82483'/>
	</enemy>

	<scoreRatio value='0.47982'/>
	<timeFitness value='0.290556'/>
	<unitsAverage value='38'/>
</results>
