<results>
	<result value='loss'/>
	<start value='2015-05-07.13:03:59'/>
	<end value='2015-05-07.13:04:36'/>
	<frames value='49106'/>
	<gameDuration value='3069'/>

	<player>
		<unitScore value='22950'/>
		<killScore value='39850'/>
		<buildingScore value='2475'/>
		<razingScore value='300'/>
		<mineralScore value='23986'/>
		<gasScore value='3152'/>
		<totalScore value='92713'/>
	</player>

	<enemy>
		<race value='Protoss'/>
		<unitScore value='39325'/>
		<unitScore value='39325'/>
		<killScore value='45900'/>
		<buildingScore value='7475'/>
		<razingScore value='7425'/>
		<mineralScore value='33746'/>
		<gasScore value='13274'/>
		<totalScore value='147145'/>
	</enemy>

	<scoreRatio value='0.630079'/>
	<timeFitness value='0.42625'/>
	<unitsAverage value='69'/>
</results>
