<results>
	<result value='win'/>
	<start value='2015-05-06.12:54:39'/>
	<end value='2015-05-06.12:55:23'/>
	<frames value='28181'/>
	<gameDuration value='1761'/>

	<player>
		<unitScore value='17925'/>
		<killScore value='21590'/>
		<buildingScore value='4400'/>
		<razingScore value='6915'/>
		<mineralScore value='24938'/>
		<gasScore value='2208'/>
		<totalScore value='77976'/>
	</player>

	<enemy>
		<race value='Zerg'/>
		<unitScore value='9850'/>
		<unitScore value='9850'/>
		<killScore value='13200'/>
		<buildingScore value='2305'/>
		<razingScore value='0'/>
		<mineralScore value='10794'/>
		<gasScore value='3632'/>
		<totalScore value='39781'/>
	</enemy>

	<scoreRatio value='1.96013'/>
	<timeFitness value='0.755417'/>
	<unitsAverage value='101'/>
</results>
