<results>
	<result value='win'/>
	<start value='2015-05-06.13:43:38'/>
	<end value='2015-05-06.13:44:30'/>
	<frames value='29080'/>
	<gameDuration value='1817'/>

	<player>
		<unitScore value='23075'/>
		<killScore value='38935'/>
		<buildingScore value='4225'/>
		<razingScore value='6180'/>
		<mineralScore value='30470'/>
		<gasScore value='1656'/>
		<totalScore value='104541'/>
	</player>

	<enemy>
		<race value='Zerg'/>
		<unitScore value='17625'/>
		<unitScore value='17625'/>
		<killScore value='23800'/>
		<buildingScore value='2060'/>
		<razingScore value='0'/>
		<mineralScore value='14686'/>
		<gasScore value='4496'/>
		<totalScore value='62667'/>
	</enemy>

	<scoreRatio value='1.6682'/>
	<timeFitness value='0.747639'/>
	<unitsAverage value='114'/>
</results>
