<results>
	<result value='loss'/>
	<start value='2015-04-09.17:18:14'/>
	<end value='2015-04-09.17:18:34'/>
	<frames value='34505'/>
	<gameDuration value='2156'/>

	<player>
		<unitScore value='9875'/>
		<killScore value='6550'/>
		<buildingScore value='1925'/>
		<razingScore value='0'/>
		<mineralScore value='12078'/>
		<gasScore value='2880'/>
		<totalScore value='33308'/>
	</player>

	<enemy>
		<race value='Protoss'/>
		<unitScore value='21300'/>
		<unitScore value='21300'/>
		<killScore value='19500'/>
		<buildingScore value='6975'/>
		<razingScore value='5775'/>
		<mineralScore value='22282'/>
		<gasScore value='9240'/>
		<totalScore value='85072'/>
	</enemy>

	<scoreRatio value='0.391527'/>
</results>
