<results>
	<result value='win'/>
	<start value='2015-05-05.14:51:33'/>
	<end value='2015-05-05.14:52:36'/>
	<frames value='35466'/>
	<gameDuration value='2216'/>

	<player>
		<unitScore value='29400'/>
		<killScore value='30160'/>
		<buildingScore value='4750'/>
		<razingScore value='6255'/>
		<mineralScore value='40118'/>
		<gasScore value='0'/>
		<totalScore value='110683'/>
	</player>

	<enemy>
		<race value='Zerg'/>
		<unitScore value='14050'/>
		<unitScore value='14050'/>
		<killScore value='39700'/>
		<buildingScore value='2085'/>
		<razingScore value='0'/>
		<mineralScore value='12770'/>
		<gasScore value='4456'/>
		<totalScore value='73061'/>
	</enemy>

	<scoreRatio value='1.51494'/>
	<timeFitness value='0.692222'/>
	<unitsAverage value='133'/>
</results>
