<results>
	<result value='win'/>
	<start value='2015-05-11.15:53:58'/>
	<end value='2015-05-11.15:54:14'/>
	<frames value='21888'/>
	<gameDuration value='1368'/>

	<player>
		<unitScore value='10650'/>
		<killScore value='15780'/>
		<buildingScore value='2375'/>
		<razingScore value='6855'/>
		<mineralScore value='15278'/>
		<gasScore value='2040'/>
		<totalScore value='52978'/>
	</player>

	<enemy>
		<race value='Zerg'/>
		<unitScore value='7600'/>
		<unitScore value='7600'/>
		<killScore value='8250'/>
		<buildingScore value='2285'/>
		<razingScore value='150'/>
		<mineralScore value='8202'/>
		<gasScore value='2512'/>
		<totalScore value='28999'/>
	</enemy>

	<scoreRatio value='1.82689'/>
	<timeFitness value='0.81'/>
	<unitsAverage value='65'/>
</results>
