<results>
	<result value='loss'/>
	<start value='2015-07-18.03:31:33'/>
	<end value='2015-07-18.03:31:46'/>
	<frames value='18819'/>
	<gameDuration value='1176'/>

	<player>
		<unitScore value='4925'/>
		<killScore value='1000'/>
		<buildingScore value='1625'/>
		<razingScore value='0'/>
		<mineralScore value='5850'/>
		<gasScore value='816'/>
		<totalScore value='14216'/>
	</player>

	<enemy>
		<race value='Terran'/>
		<unitScore value='7200'/>
		<killScore value='9850'/>
		<buildingScore value='2900'/>
		<razingScore value='4875'/>
		<mineralScore value='8658'/>
		<gasScore value='3040'/>
		<totalScore value='36523'/>
	</enemy>

	<scoreRatio value='0.389234'/>
	<timeFitness value='0.163333'/>
	<unitsAverage value='26'/>
</results>
