<results>
	<result value='win'/>
	<start value='2015-04-28.20:01:03'/>
	<end value='2015-04-28.20:01:23'/>
	<frames value='25360'/>
	<gameDuration value='1585'/>

	<player>
		<unitScore value='16125'/>
		<killScore value='25185'/>
		<buildingScore value='4125'/>
		<razingScore value='4560'/>
		<mineralScore value='20762'/>
		<gasScore value='2536'/>
		<totalScore value='73293'/>
	</player>

	<enemy>
		<race value='Zerg'/>
		<unitScore value='11375'/>
		<unitScore value='11375'/>
		<killScore value='11750'/>
		<buildingScore value='1520'/>
		<razingScore value='0'/>
		<mineralScore value='10098'/>
		<gasScore value='2744'/>
		<totalScore value='37487'/>
	</enemy>

	<scoreRatio value='1.95516'/>
	<timeFitness value='0.779861'/>
	<unitsAverage value='86'/>
</results>
