<results>
	<result value='loss'/>
	<start value='2015-07-11.15:53:03'/>
	<end value='2015-07-11.15:53:12'/>
	<frames value='17827'/>
	<gameDuration value='1114'/>

	<player>
		<unitScore value='2475'/>
		<killScore value='0'/>
		<buildingScore value='2450'/>
		<razingScore value='0'/>
		<mineralScore value='5322'/>
		<gasScore value='808'/>
		<totalScore value='11055'/>
	</player>

	<enemy>
		<race value='Terran'/>
		<unitScore value='5450'/>
		<killScore value='4350'/>
		<buildingScore value='2700'/>
		<razingScore value='7350'/>
		<mineralScore value='8026'/>
		<gasScore value='2672'/>
		<totalScore value='30548'/>
	</enemy>

	<scoreRatio value='0.361889'/>
	<timeFitness value='0.154722'/>
	<unitsAverage value='23'/>
</results>
