<results>
	<result value='win'/>
	<start value='2015-05-01.23:41:56'/>
	<end value='2015-05-01.23:42:34'/>
	<frames value='30165'/>
	<gameDuration value='1885'/>

	<player>
		<unitScore value='17050'/>
		<killScore value='21550'/>
		<buildingScore value='4225'/>
		<razingScore value='15000'/>
		<mineralScore value='27362'/>
		<gasScore value='3440'/>
		<totalScore value='88627'/>
	</player>

	<enemy>
		<race value='Protoss'/>
		<unitScore value='11350'/>
		<unitScore value='11350'/>
		<killScore value='12850'/>
		<buildingScore value='5000'/>
		<razingScore value='300'/>
		<mineralScore value='13046'/>
		<gasScore value='3136'/>
		<totalScore value='45682'/>
	</enemy>

	<scoreRatio value='1.94009'/>
	<timeFitness value='0.738194'/>
	<unitsAverage value='96'/>
</results>
