<results>
	<result value='draw'/>
	<start value='2015-05-10.07:29:23'/>
	<end value='2015-05-10.07:31:27'/>
	<frames value='57601'/>
	<gameDuration value='3600'/>

	<player>
		<unitScore value='30775'/>
		<killScore value='45950'/>
		<buildingScore value='3675'/>
		<razingScore value='150'/>
		<mineralScore value='31462'/>
		<gasScore value='9346'/>
		<totalScore value='121358'/>
	</player>

	<enemy>
		<race value='Protoss'/>
		<unitScore value='37050'/>
		<unitScore value='37050'/>
		<killScore value='44350'/>
		<buildingScore value='6400'/>
		<razingScore value='1950'/>
		<mineralScore value='31550'/>
		<gasScore value='12154'/>
		<totalScore value='133454'/>
	</enemy>

	<scoreRatio value='0.909362'/>
	<timeFitness value='0.5'/>
	<unitsAverage value='137'/>
</results>
