<results>
	<result value='win'/>
	<start value='2015-05-10.07:34:45'/>
	<end value='2015-05-10.07:35:27'/>
	<frames value='26042'/>
	<gameDuration value='1627'/>

	<player>
		<unitScore value='18425'/>
		<killScore value='18150'/>
		<buildingScore value='4025'/>
		<razingScore value='12675'/>
		<mineralScore value='22946'/>
		<gasScore value='2528'/>
		<totalScore value='78749'/>
	</player>

	<enemy>
		<race value='Protoss'/>
		<unitScore value='9525'/>
		<unitScore value='9525'/>
		<killScore value='12900'/>
		<buildingScore value='4225'/>
		<razingScore value='450'/>
		<mineralScore value='11618'/>
		<gasScore value='2656'/>
		<totalScore value='41374'/>
	</enemy>

	<scoreRatio value='1.90335'/>
	<timeFitness value='0.774028'/>
	<unitsAverage value='98'/>
</results>
