<results>
	<result value='draw'/>
	<start value='2015-05-10.07:42:13'/>
	<end value='2015-05-10.07:44:20'/>
	<frames value='57601'/>
	<gameDuration value='3600'/>

	<player>
		<unitScore value='30275'/>
		<killScore value='47600'/>
		<buildingScore value='3600'/>
		<razingScore value='18075'/>
		<mineralScore value='32966'/>
		<gasScore value='6366'/>
		<totalScore value='138882'/>
	</player>

	<enemy>
		<race value='Protoss'/>
		<unitScore value='25050'/>
		<unitScore value='25050'/>
		<killScore value='42450'/>
		<buildingScore value='7150'/>
		<razingScore value='1350'/>
		<mineralScore value='25726'/>
		<gasScore value='10558'/>
		<totalScore value='112284'/>
	</enemy>

	<scoreRatio value='1.23688'/>
	<timeFitness value='0.5'/>
	<unitsAverage value='134'/>
</results>
