<results>
	<result value='loss'/>
	<start value='2014-07-23.02:53:46'/>
	<end value='2014-07-23.02:53:50'/>
	<frames value='12588'/>
	<gameDuration value='786'/>

	<player>
		<unitScore value='1575'/>
		<killScore value='600'/>
		<buildingScore value='1000'/>
		<razingScore value='0'/>
		<mineralScore value='2402'/>
		<gasScore value='664'/>
		<totalScore value='6241'/>
	</player>

	<enemy>
		<race value='Protoss'/>
		<unitScore value='3500'/>
		<unitScore value='3500'/>
		<killScore value='3150'/>
		<buildingScore value='2075'/>
		<razingScore value='3000'/>
		<mineralScore value='6258'/>
		<gasScore value='1088'/>
		<totalScore value='19071'/>
	</enemy>

	<scoreRatio value='0.327251'/>
</results>
