<results>
	<result value='loss'/>
	<start value='2014-07-23.02:54:02'/>
	<end value='2014-07-23.02:54:43'/>
	<frames value='45851'/>
	<gameDuration value='2865'/>

	<player>
		<unitScore value='23075'/>
		<killScore value='28600'/>
		<buildingScore value='3275'/>
		<razingScore value='3600'/>
		<mineralScore value='24882'/>
		<gasScore value='4576'/>
		<totalScore value='88008'/>
	</player>

	<enemy>
		<race value='Protoss'/>
		<unitScore value='29400'/>
		<unitScore value='29400'/>
		<killScore value='46150'/>
		<buildingScore value='8125'/>
		<razingScore value='9825'/>
		<mineralScore value='30178'/>
		<gasScore value='10244'/>
		<totalScore value='133922'/>
	</enemy>

	<scoreRatio value='0.657159'/>
</results>
