<results>
	<result value='win'/>
	<start value='2015-05-10.05:58:21'/>
	<end value='2015-05-10.05:59:00'/>
	<frames value='25794'/>
	<gameDuration value='1612'/>

	<player>
		<unitScore value='15450'/>
		<killScore value='14500'/>
		<buildingScore value='4075'/>
		<razingScore value='9825'/>
		<mineralScore value='26178'/>
		<gasScore value='2704'/>
		<totalScore value='72732'/>
	</player>

	<enemy>
		<race value='Protoss'/>
		<unitScore value='7250'/>
		<unitScore value='7250'/>
		<killScore value='9200'/>
		<buildingScore value='3275'/>
		<razingScore value='0'/>
		<mineralScore value='16474'/>
		<gasScore value='1256'/>
		<totalScore value='37455'/>
	</enemy>

	<scoreRatio value='1.94185'/>
	<timeFitness value='0.776111'/>
	<unitsAverage value='97'/>
</results>
