<results>
	<result value='win'/>
	<start value='2015-05-10.06:01:11'/>
	<end value='2015-05-10.06:01:54'/>
	<frames value='29421'/>
	<gameDuration value='1838'/>

	<player>
		<unitScore value='17850'/>
		<killScore value='20000'/>
		<buildingScore value='4125'/>
		<razingScore value='19125'/>
		<mineralScore value='25074'/>
		<gasScore value='2832'/>
		<totalScore value='89006'/>
	</player>

	<enemy>
		<race value='Protoss'/>
		<unitScore value='11050'/>
		<unitScore value='11050'/>
		<killScore value='13950'/>
		<buildingScore value='6375'/>
		<razingScore value='150'/>
		<mineralScore value='13846'/>
		<gasScore value='3520'/>
		<totalScore value='48891'/>
	</enemy>

	<scoreRatio value='1.8205'/>
	<timeFitness value='0.744722'/>
	<unitsAverage value='92'/>
</results>
