<results>
	<result value='loss'/>
	<start value='2015-05-10.06:05:41'/>
	<end value='2015-05-10.06:06:38'/>
	<frames value='46595'/>
	<gameDuration value='2912'/>

	<player>
		<unitScore value='23450'/>
		<killScore value='29650'/>
		<buildingScore value='3250'/>
		<razingScore value='300'/>
		<mineralScore value='27702'/>
		<gasScore value='1456'/>
		<totalScore value='85808'/>
	</player>

	<enemy>
		<race value='Protoss'/>
		<unitScore value='33025'/>
		<unitScore value='33025'/>
		<killScore value='47100'/>
		<buildingScore value='7225'/>
		<razingScore value='9750'/>
		<mineralScore value='30458'/>
		<gasScore value='10866'/>
		<totalScore value='138424'/>
	</enemy>

	<scoreRatio value='0.619892'/>
	<timeFitness value='0.404444'/>
	<unitsAverage value='72'/>
</results>
