<results>
	<result value='win'/>
	<start value='2015-05-10.06:13:50'/>
	<end value='2015-05-10.06:14:26'/>
	<frames value='27995'/>
	<gameDuration value='1749'/>

	<player>
		<unitScore value='15875'/>
		<killScore value='14600'/>
		<buildingScore value='3925'/>
		<razingScore value='11475'/>
		<mineralScore value='22214'/>
		<gasScore value='2960'/>
		<totalScore value='71049'/>
	</player>

	<enemy>
		<race value='Protoss'/>
		<unitScore value='7300'/>
		<unitScore value='7300'/>
		<killScore value='13750'/>
		<buildingScore value='3825'/>
		<razingScore value='0'/>
		<mineralScore value='11802'/>
		<gasScore value='2160'/>
		<totalScore value='38837'/>
	</enemy>

	<scoreRatio value='1.82942'/>
	<timeFitness value='0.757083'/>
	<unitsAverage value='78'/>
</results>
