<results>
	<result value='win'/>
	<start value='2015-05-10.22:45:31'/>
	<end value='2015-05-10.22:45:55'/>
	<frames value='24058'/>
	<gameDuration value='1503'/>

	<player>
		<unitScore value='14325'/>
		<killScore value='18120'/>
		<buildingScore value='4500'/>
		<razingScore value='5940'/>
		<mineralScore value='21842'/>
		<gasScore value='1816'/>
		<totalScore value='66543'/>
	</player>

	<enemy>
		<race value='Zerg'/>
		<unitScore value='8250'/>
		<unitScore value='8250'/>
		<killScore value='11050'/>
		<buildingScore value='1980'/>
		<razingScore value='0'/>
		<mineralScore value='9154'/>
		<gasScore value='2848'/>
		<totalScore value='33282'/>
	</enemy>

	<scoreRatio value='1.99937'/>
	<timeFitness value='0.79125'/>
	<unitsAverage value='87'/>
</results>
