<results>
	<result value='loss'/>
	<start value='2015-05-10.00:54:44'/>
	<end value='2015-05-10.00:54:55'/>
	<frames value='16804'/>
	<gameDuration value='1050'/>

	<player>
		<unitScore value='3000'/>
		<killScore value='1400'/>
		<buildingScore value='1825'/>
		<razingScore value='0'/>
		<mineralScore value='4970'/>
		<gasScore value='832'/>
		<totalScore value='12027'/>
	</player>

	<enemy>
		<race value='Protoss'/>
		<unitScore value='4050'/>
		<unitScore value='4050'/>
		<killScore value='6000'/>
		<buildingScore value='4125'/>
		<razingScore value='5475'/>
		<mineralScore value='8866'/>
		<gasScore value='1696'/>
		<totalScore value='30212'/>
	</enemy>

	<scoreRatio value='0.398087'/>
	<timeFitness value='0.145833'/>
	<unitsAverage value='20'/>
</results>
