<results>
	<result value='loss'/>
	<start value='2015-05-10.01:03:59'/>
	<end value='2015-05-10.01:04:58'/>
	<frames value='49354'/>
	<gameDuration value='3084'/>

	<player>
		<unitScore value='24950'/>
		<killScore value='33850'/>
		<buildingScore value='2500'/>
		<razingScore value='2850'/>
		<mineralScore value='23962'/>
		<gasScore value='4056'/>
		<totalScore value='92168'/>
	</player>

	<enemy>
		<race value='Protoss'/>
		<unitScore value='37650'/>
		<unitScore value='37650'/>
		<killScore value='49900'/>
		<buildingScore value='8425'/>
		<razingScore value='7500'/>
		<mineralScore value='33850'/>
		<gasScore value='12318'/>
		<totalScore value='149643'/>
	</enemy>

	<scoreRatio value='0.615919'/>
	<timeFitness value='0.428333'/>
	<unitsAverage value='68'/>
</results>
