<results>
	<result value='loss'/>
	<start value='2015-05-10.01:14:38'/>
	<end value='2015-05-10.01:15:28'/>
	<frames value='41387'/>
	<gameDuration value='2586'/>

	<player>
		<unitScore value='19200'/>
		<killScore value='19550'/>
		<buildingScore value='2900'/>
		<razingScore value='300'/>
		<mineralScore value='20918'/>
		<gasScore value='3560'/>
		<totalScore value='66428'/>
	</player>

	<enemy>
		<race value='Protoss'/>
		<unitScore value='27250'/>
		<unitScore value='27250'/>
		<killScore value='38500'/>
		<buildingScore value='6325'/>
		<razingScore value='8700'/>
		<mineralScore value='27706'/>
		<gasScore value='9564'/>
		<totalScore value='118045'/>
	</enemy>

	<scoreRatio value='0.562735'/>
	<timeFitness value='0.359167'/>
	<unitsAverage value='66'/>
</results>
