<results>
	<result value='loss'/>
	<start value='2015-07-19.18:28:38'/>
	<end value='2015-07-19.18:29:12'/>
	<frames value='28491'/>
	<gameDuration value='1780'/>

	<player>
		<unitScore value='15325'/>
		<killScore value='11400'/>
		<buildingScore value='3400'/>
		<razingScore value='0'/>
		<mineralScore value='22258'/>
		<gasScore value='1816'/>
		<totalScore value='54199'/>
	</player>

	<enemy>
		<race value='Zerg'/>
		<unitScore value='15450'/>
		<killScore value='29350'/>
		<buildingScore value='3215'/>
		<razingScore value='10200'/>
		<mineralScore value='15502'/>
		<gasScore value='5472'/>
		<totalScore value='79189'/>
	</enemy>

	<scoreRatio value='0.684426'/>
	<timeFitness value='0.247222'/>
	<unitsAverage value='65'/>
</results>
