<results>
	<result value='win'/>
	<start value='2014-07-22.19:56:02'/>
	<end value='2014-07-22.19:56:27'/>
	<frames value='27003'/>
	<gameDuration value='1687'/>

	<player>
		<unitScore value='17050'/>
		<killScore value='18345'/>
		<buildingScore value='2700'/>
		<razingScore value='6720'/>
		<mineralScore value='20482'/>
		<gasScore value='2640'/>
		<totalScore value='67937'/>
	</player>

	<enemy>
		<race value='Zerg'/>
		<unitScore value='9150'/>
		<unitScore value='9150'/>
		<killScore value='15200'/>
		<buildingScore value='2240'/>
		<razingScore value='0'/>
		<mineralScore value='9474'/>
		<gasScore value='2624'/>
		<totalScore value='38688'/>
	</enemy>

	<scoreRatio value='1.75602'/>
</results>
