<results>
	<result value='win'/>
	<start value='2014-07-22.19:56:31'/>
	<end value='2014-07-22.19:56:52'/>
	<frames value='23779'/>
	<gameDuration value='1486'/>

	<player>
		<unitScore value='13950'/>
		<killScore value='18560'/>
		<buildingScore value='3275'/>
		<razingScore value='6435'/>
		<mineralScore value='20034'/>
		<gasScore value='1528'/>
		<totalScore value='63782'/>
	</player>

	<enemy>
		<race value='Zerg'/>
		<unitScore value='9700'/>
		<unitScore value='9700'/>
		<killScore value='10000'/>
		<buildingScore value='2145'/>
		<razingScore value='0'/>
		<mineralScore value='10386'/>
		<gasScore value='3000'/>
		<totalScore value='35231'/>
	</enemy>

	<scoreRatio value='1.81039'/>
</results>
