<results>
	<result value='win'/>
	<start value='2015-04-16.22:41:09'/>
	<end value='2015-04-16.22:42:27'/>
	<frames value='40922'/>
	<gameDuration value='2557'/>

	<player>
		<unitScore value='20375'/>
		<killScore value='13100'/>
		<buildingScore value='3900'/>
		<razingScore value='19575'/>
		<mineralScore value='23914'/>
		<gasScore value='3592'/>
		<totalScore value='84456'/>
	</player>

	<enemy>
		<race value='Protoss'/>
		<unitScore value='6750'/>
		<unitScore value='6750'/>
		<killScore value='12650'/>
		<buildingScore value='6525'/>
		<razingScore value='150'/>
		<mineralScore value='16694'/>
		<gasScore value='3752'/>
		<totalScore value='46521'/>
	</enemy>

	<scoreRatio value='1.81544'/>
</results>
