<results>
	<result value='loss'/>
	<start value='2015-04-16.21:09:06'/>
	<end value='2015-04-16.21:10:21'/>
	<frames value='52175'/>
	<gameDuration value='3260'/>

	<player>
		<unitScore value='23650'/>
		<killScore value='43950'/>
		<buildingScore value='2475'/>
		<razingScore value='3000'/>
		<mineralScore value='23978'/>
		<gasScore value='5208'/>
		<totalScore value='102261'/>
	</player>

	<enemy>
		<race value='Protoss'/>
		<unitScore value='41575'/>
		<unitScore value='41575'/>
		<killScore value='47200'/>
		<buildingScore value='8125'/>
		<razingScore value='7425'/>
		<mineralScore value='35850'/>
		<gasScore value='13354'/>
		<totalScore value='153529'/>
	</enemy>

	<scoreRatio value='0.66607'/>
</results>
