<results>
	<result value='win'/>
	<start value='2015-05-09.09:31:02'/>
	<end value='2015-05-09.09:31:42'/>
	<frames value='38721'/>
	<gameDuration value='2420'/>

	<player>
		<unitScore value='25200'/>
		<killScore value='39250'/>
		<buildingScore value='4825'/>
		<razingScore value='13725'/>
		<mineralScore value='32286'/>
		<gasScore value='3688'/>
		<totalScore value='118974'/>
	</player>

	<enemy>
		<race value='Terran'/>
		<unitScore value='22075'/>
		<unitScore value='22075'/>
		<killScore value='28200'/>
		<buildingScore value='4575'/>
		<razingScore value='1500'/>
		<mineralScore value='16554'/>
		<gasScore value='8268'/>
		<totalScore value='81172'/>
	</enemy>

	<scoreRatio value='1.4657'/>
	<timeFitness value='0.663889'/>
	<unitsAverage value='109'/>
</results>
