<results>
	<result value='loss'/>
	<start value='2015-05-09.09:32:28'/>
	<end value='2015-05-09.09:32:48'/>
	<frames value='41635'/>
	<gameDuration value='2602'/>

	<player>
		<unitScore value='7075'/>
		<killScore value='8050'/>
		<buildingScore value='2350'/>
		<razingScore value='0'/>
		<mineralScore value='9082'/>
		<gasScore value='1368'/>
		<totalScore value='27925'/>
	</player>

	<enemy>
		<race value='Terran'/>
		<unitScore value='24600'/>
		<unitScore value='24600'/>
		<killScore value='14150'/>
		<buildingScore value='5525'/>
		<razingScore value='7050'/>
		<mineralScore value='22362'/>
		<gasScore value='13158'/>
		<totalScore value='86845'/>
	</enemy>

	<scoreRatio value='0.32155'/>
	<timeFitness value='0.361389'/>
	<unitsAverage value='25'/>
</results>
