<results>
	<result value='loss'/>
	<start value='2015-05-04.07:00:14'/>
	<end value='2015-05-04.07:00:53'/>
	<frames value='53818'/>
	<gameDuration value='3363'/>

	<player>
		<unitScore value='19475'/>
		<killScore value='24050'/>
		<buildingScore value='3000'/>
		<razingScore value='3300'/>
		<mineralScore value='23986'/>
		<gasScore value='3776'/>
		<totalScore value='77587'/>
	</player>

	<enemy>
		<race value='Terran'/>
		<unitScore value='36550'/>
		<unitScore value='36550'/>
		<killScore value='38950'/>
		<buildingScore value='6550'/>
		<razingScore value='9000'/>
		<mineralScore value='25346'/>
		<gasScore value='16206'/>
		<totalScore value='132602'/>
	</enemy>

	<scoreRatio value='0.585112'/>
	<timeFitness value='0.467083'/>
	<unitsAverage value='65'/>
</results>
