<results>
	<result value='win'/>
	<start value='2015-04-13.12:15:08'/>
	<end value='2015-04-13.12:15:50'/>
	<frames value='44022'/>
	<gameDuration value='2751'/>

	<player>
		<unitScore value='25550'/>
		<killScore value='34400'/>
		<buildingScore value='3575'/>
		<razingScore value='26025'/>
		<mineralScore value='28862'/>
		<gasScore value='4808'/>
		<totalScore value='123220'/>
	</player>

	<enemy>
		<race value='Protoss'/>
		<unitScore value='17650'/>
		<unitScore value='17650'/>
		<killScore value='35300'/>
		<buildingScore value='8675'/>
		<razingScore value='1650'/>
		<mineralScore value='23346'/>
		<gasScore value='7080'/>
		<totalScore value='93701'/>
	</enemy>

	<scoreRatio value='1.31503'/>
</results>
