<results>
	<result value='win'/>
	<start value='2015-04-13.12:19:50'/>
	<end value='2015-04-13.12:21:16'/>
	<frames value='52671'/>
	<gameDuration value='3291'/>

	<player>
		<unitScore value='24025'/>
		<killScore value='34600'/>
		<buildingScore value='5675'/>
		<razingScore value='17025'/>
		<mineralScore value='46734'/>
		<gasScore value='10054'/>
		<totalScore value='138113'/>
	</player>

	<enemy>
		<race value='Protoss'/>
		<unitScore value='19400'/>
		<unitScore value='19400'/>
		<killScore value='24300'/>
		<buildingScore value='5675'/>
		<razingScore value='300'/>
		<mineralScore value='16262'/>
		<gasScore value='6912'/>
		<totalScore value='72849'/>
	</enemy>

	<scoreRatio value='1.89588'/>
</results>
