<results>
	<result value='win'/>
	<start value='2015-05-10.20:12:14'/>
	<end value='2015-05-10.20:13:02'/>
	<frames value='32614'/>
	<gameDuration value='2038'/>

	<player>
		<unitScore value='23800'/>
		<killScore value='40875'/>
		<buildingScore value='3950'/>
		<razingScore value='6495'/>
		<mineralScore value='30554'/>
		<gasScore value='2408'/>
		<totalScore value='108082'/>
	</player>

	<enemy>
		<race value='Zerg'/>
		<unitScore value='18200'/>
		<unitScore value='18200'/>
		<killScore value='25800'/>
		<buildingScore value='2165'/>
		<razingScore value='0'/>
		<mineralScore value='15982'/>
		<gasScore value='5328'/>
		<totalScore value='67475'/>
	</enemy>

	<scoreRatio value='1.60181'/>
	<timeFitness value='0.716944'/>
	<unitsAverage value='124'/>
</results>
