<results>
	<result value='loss'/>
	<start value='2015-04-03.18:40:02'/>
	<end value='2015-04-03.18:40:09'/>
	<frames value='15192'/>
	<gameDuration value='949'/>

	<player>
		<unitScore value='2825'/>
		<killScore value='1000'/>
		<buildingScore value='1450'/>
		<razingScore value='0'/>
		<mineralScore value='4274'/>
		<gasScore value='608'/>
		<totalScore value='10157'/>
	</player>

	<enemy>
		<race value='Protoss'/>
		<unitScore value='3550'/>
		<unitScore value='3550'/>
		<killScore value='5650'/>
		<buildingScore value='3125'/>
		<razingScore value='4350'/>
		<mineralScore value='8018'/>
		<gasScore value='1440'/>
		<totalScore value='26133'/>
	</enemy>

	<scoreRatio value='0.388666'/>
</results>
