<results>
	<result value='win'/>
	<start value='2015-04-03.18:40:13'/>
	<end value='2015-04-03.18:41:35'/>
	<frames value='48734'/>
	<gameDuration value='3045'/>

	<player>
		<unitScore value='31675'/>
		<killScore value='39600'/>
		<buildingScore value='4475'/>
		<razingScore value='17925'/>
		<mineralScore value='42530'/>
		<gasScore value='5082'/>
		<totalScore value='141287'/>
	</player>

	<enemy>
		<race value='Protoss'/>
		<unitScore value='21425'/>
		<unitScore value='21425'/>
		<killScore value='35700'/>
		<buildingScore value='5975'/>
		<razingScore value='300'/>
		<mineralScore value='19426'/>
		<gasScore value='7604'/>
		<totalScore value='90430'/>
	</enemy>

	<scoreRatio value='1.56239'/>
</results>
