<results>
	<result value='draw'/>
	<start value='2015-05-01.11:52:33'/>
	<end value='2015-05-01.11:54:06'/>
	<frames value='57601'/>
	<gameDuration value='3600'/>

	<player>
		<unitScore value='29650'/>
		<killScore value='57300'/>
		<buildingScore value='3300'/>
		<razingScore value='3975'/>
		<mineralScore value='31646'/>
		<gasScore value='3984'/>
		<totalScore value='129855'/>
	</player>

	<enemy>
		<race value='Protoss'/>
		<unitScore value='36100'/>
		<unitScore value='36100'/>
		<killScore value='52250'/>
		<buildingScore value='7200'/>
		<razingScore value='1125'/>
		<mineralScore value='31294'/>
		<gasScore value='11360'/>
		<totalScore value='139329'/>
	</enemy>

	<scoreRatio value='0.932003'/>
</results>
