<results>
	<result value='loss'/>
	<start value='2015-05-10.07:18:43'/>
	<end value='2015-05-10.07:18:54'/>
	<frames value='20896'/>
	<gameDuration value='1306'/>

	<player>
		<unitScore value='6575'/>
		<killScore value='3850'/>
		<buildingScore value='2050'/>
		<razingScore value='0'/>
		<mineralScore value='8354'/>
		<gasScore value='1544'/>
		<totalScore value='22373'/>
	</player>

	<enemy>
		<race value='Terran'/>
		<unitScore value='8150'/>
		<unitScore value='8150'/>
		<killScore value='13150'/>
		<buildingScore value='3125'/>
		<razingScore value='6150'/>
		<mineralScore value='10058'/>
		<gasScore value='3864'/>
		<totalScore value='44497'/>
	</enemy>

	<scoreRatio value='0.502798'/>
	<timeFitness value='0.181389'/>
	<unitsAverage value='36'/>
</results>
