<results>
	<result value='loss'/>
	<start value='2015-04-11.08:18:18'/>
	<end value='2015-04-11.08:18:49'/>
	<frames value='30196'/>
	<gameDuration value='1887'/>

	<player>
		<unitScore value='9350'/>
		<killScore value='4700'/>
		<buildingScore value='2250'/>
		<razingScore value='0'/>
		<mineralScore value='11310'/>
		<gasScore value='2400'/>
		<totalScore value='30010'/>
	</player>

	<enemy>
		<race value='Protoss'/>
		<unitScore value='15650'/>
		<unitScore value='15650'/>
		<killScore value='18700'/>
		<buildingScore value='6675'/>
		<razingScore value='6750'/>
		<mineralScore value='20566'/>
		<gasScore value='6760'/>
		<totalScore value='75101'/>
	</enemy>

	<scoreRatio value='0.399595'/>
</results>
