<results>
	<result value='win'/>
	<start value='2014-07-22.17:42:29'/>
	<end value='2014-07-22.17:43:31'/>
	<frames value='49540'/>
	<gameDuration value='3096'/>

	<player>
		<unitScore value='26275'/>
		<killScore value='83890'/>
		<buildingScore value='2225'/>
		<razingScore value='9300'/>
		<mineralScore value='23414'/>
		<gasScore value='3424'/>
		<totalScore value='148528'/>
	</player>

	<enemy>
		<race value='Zerg'/>
		<unitScore value='35475'/>
		<unitScore value='35475'/>
		<killScore value='29900'/>
		<buildingScore value='3100'/>
		<razingScore value='0'/>
		<mineralScore value='27810'/>
		<gasScore value='8990'/>
		<totalScore value='105275'/>
	</enemy>

	<scoreRatio value='1.41086'/>
</results>
