<results>
	<result value='win'/>
	<start value='2014-07-22.17:45:58'/>
	<end value='2014-07-22.17:46:53'/>
	<frames value='54810'/>
	<gameDuration value='3425'/>

	<player>
		<unitScore value='39250'/>
		<killScore value='55820'/>
		<buildingScore value='2750'/>
		<razingScore value='5475'/>
		<mineralScore value='42766'/>
		<gasScore value='0'/>
		<totalScore value='146061'/>
	</player>

	<enemy>
		<race value='Zerg'/>
		<unitScore value='26500'/>
		<unitScore value='26500'/>
		<killScore value='71500'/>
		<buildingScore value='1825'/>
		<razingScore value='0'/>
		<mineralScore value='19550'/>
		<gasScore value='10496'/>
		<totalScore value='129871'/>
	</enemy>

	<scoreRatio value='1.12466'/>
</results>
