<results>
	<result value='loss'/>
	<start value='2014-07-22.17:53:16'/>
	<end value='2014-07-22.17:53:27'/>
	<frames value='17889'/>
	<gameDuration value='1118'/>

	<player>
		<unitScore value='2700'/>
		<killScore value='250'/>
		<buildingScore value='1650'/>
		<razingScore value='0'/>
		<mineralScore value='9554'/>
		<gasScore value='0'/>
		<totalScore value='14154'/>
	</player>

	<enemy>
		<race value='Zerg'/>
		<unitScore value='7075'/>
		<unitScore value='7075'/>
		<killScore value='5400'/>
		<buildingScore value='2035'/>
		<razingScore value='4950'/>
		<mineralScore value='8298'/>
		<gasScore value='2376'/>
		<totalScore value='30134'/>
	</enemy>

	<scoreRatio value='0.469702'/>
</results>
