<results>
	<result value='win'/>
	<start value='2015-05-08.01:13:05'/>
	<end value='2015-05-08.01:13:54'/>
	<frames value='34040'/>
	<gameDuration value='2127'/>

	<player>
		<unitScore value='22450'/>
		<killScore value='35635'/>
		<buildingScore value='4575'/>
		<razingScore value='6450'/>
		<mineralScore value='28086'/>
		<gasScore value='3864'/>
		<totalScore value='101060'/>
	</player>

	<enemy>
		<race value='Zerg'/>
		<unitScore value='15650'/>
		<unitScore value='15650'/>
		<killScore value='21600'/>
		<buildingScore value='2150'/>
		<razingScore value='150'/>
		<mineralScore value='15062'/>
		<gasScore value='5040'/>
		<totalScore value='59652'/>
	</enemy>

	<scoreRatio value='1.69416'/>
	<timeFitness value='0.704583'/>
	<unitsAverage value='110'/>
</results>
