<results>
	<result value='draw'/>
	<start value='2015-04-30.19:50:07'/>
	<end value='2015-04-30.19:51:32'/>
	<frames value='57601'/>
	<gameDuration value='3600'/>

	<player>
		<unitScore value='24350'/>
		<killScore value='40800'/>
		<buildingScore value='2225'/>
		<razingScore value='17775'/>
		<mineralScore value='26506'/>
		<gasScore value='4728'/>
		<totalScore value='116384'/>
	</player>

	<enemy>
		<race value='Protoss'/>
		<unitScore value='22700'/>
		<unitScore value='22700'/>
		<killScore value='38650'/>
		<buildingScore value='8975'/>
		<razingScore value='525'/>
		<mineralScore value='28130'/>
		<gasScore value='14242'/>
		<totalScore value='113222'/>
	</enemy>

	<scoreRatio value='1.02793'/>
</results>
