<results>
	<result value='win'/>
	<start value='2015-05-04.19:27:09'/>
	<end value='2015-05-04.19:27:27'/>
	<frames value='27437'/>
	<gameDuration value='1714'/>

	<player>
		<unitScore value='13250'/>
		<killScore value='24000'/>
		<buildingScore value='3300'/>
		<razingScore value='6900'/>
		<mineralScore value='17418'/>
		<gasScore value='2864'/>
		<totalScore value='67732'/>
	</player>

	<enemy>
		<race value='Terran'/>
		<unitScore value='12000'/>
		<unitScore value='12000'/>
		<killScore value='13050'/>
		<buildingScore value='2300'/>
		<razingScore value='1500'/>
		<mineralScore value='11846'/>
		<gasScore value='4104'/>
		<totalScore value='44800'/>
	</enemy>

	<scoreRatio value='1.51188'/>
	<timeFitness value='0.761944'/>
	<unitsAverage value='63'/>
</results>
