<results>
	<result value='win'/>
	<start value='2015-04-13.00:42:09'/>
	<end value='2015-04-13.00:42:43'/>
	<frames value='36365'/>
	<gameDuration value='2272'/>

	<player>
		<unitScore value='22325'/>
		<killScore value='27750'/>
		<buildingScore value='5150'/>
		<razingScore value='18825'/>
		<mineralScore value='31026'/>
		<gasScore value='2936'/>
		<totalScore value='108012'/>
	</player>

	<enemy>
		<race value='Protoss'/>
		<unitScore value='15150'/>
		<unitScore value='15150'/>
		<killScore value='21500'/>
		<buildingScore value='6275'/>
		<razingScore value='1575'/>
		<mineralScore value='17314'/>
		<gasScore value='4192'/>
		<totalScore value='66006'/>
	</enemy>

	<scoreRatio value='1.6364'/>
</results>
