<results>
	<result value='win'/>
	<start value='2015-04-13.00:46:11'/>
	<end value='2015-04-13.00:46:39'/>
	<frames value='31560'/>
	<gameDuration value='1972'/>

	<player>
		<unitScore value='16800'/>
		<killScore value='21250'/>
		<buildingScore value='3650'/>
		<razingScore value='19650'/>
		<mineralScore value='24762'/>
		<gasScore value='3024'/>
		<totalScore value='89136'/>
	</player>

	<enemy>
		<race value='Protoss'/>
		<unitScore value='11225'/>
		<unitScore value='11225'/>
		<killScore value='15350'/>
		<buildingScore value='6550'/>
		<razingScore value='0'/>
		<mineralScore value='16958'/>
		<gasScore value='4216'/>
		<totalScore value='54299'/>
	</enemy>

	<scoreRatio value='1.64158'/>
</results>
