<results>
	<result value='loss'/>
	<start value='2015-04-28.01:39:24'/>
	<end value='2015-04-28.01:39:41'/>
	<frames value='24678'/>
	<gameDuration value='1542'/>

	<player>
		<unitScore value='7950'/>
		<killScore value='5750'/>
		<buildingScore value='2700'/>
		<razingScore value='0'/>
		<mineralScore value='10018'/>
		<gasScore value='1728'/>
		<totalScore value='28146'/>
	</player>

	<enemy>
		<race value='Terran'/>
		<unitScore value='10475'/>
		<unitScore value='10475'/>
		<killScore value='15900'/>
		<buildingScore value='4425'/>
		<razingScore value='8100'/>
		<mineralScore value='12154'/>
		<gasScore value='5648'/>
		<totalScore value='56702'/>
	</enemy>

	<scoreRatio value='0.496385'/>
</results>
