<results>
	<result value='win'/>
	<start value='2015-04-28.01:43:39'/>
	<end value='2015-04-28.01:44:01'/>
	<frames value='22446'/>
	<gameDuration value='1402'/>

	<player>
		<unitScore value='11850'/>
		<killScore value='15000'/>
		<buildingScore value='4475'/>
		<razingScore value='5700'/>
		<mineralScore value='20538'/>
		<gasScore value='2416'/>
		<totalScore value='59979'/>
	</player>

	<enemy>
		<race value='Terran'/>
		<unitScore value='7500'/>
		<unitScore value='7500'/>
		<killScore value='7950'/>
		<buildingScore value='1900'/>
		<razingScore value='1950'/>
		<mineralScore value='7562'/>
		<gasScore value='2448'/>
		<totalScore value='29310'/>
	</enemy>

	<scoreRatio value='2.04637'/>
</results>
