<results>
	<result value='loss'/>
	<start value='2015-04-28.01:46:28'/>
	<end value='2015-04-28.01:46:38'/>
	<frames value='16990'/>
	<gameDuration value='1061'/>

	<player>
		<unitScore value='3675'/>
		<killScore value='600'/>
		<buildingScore value='1700'/>
		<razingScore value='0'/>
		<mineralScore value='5354'/>
		<gasScore value='912'/>
		<totalScore value='12241'/>
	</player>

	<enemy>
		<race value='Terran'/>
		<unitScore value='5950'/>
		<unitScore value='5950'/>
		<killScore value='7350'/>
		<buildingScore value='2175'/>
		<razingScore value='5100'/>
		<mineralScore value='7850'/>
		<gasScore value='2560'/>
		<totalScore value='30985'/>
	</enemy>

	<scoreRatio value='0.395062'/>
</results>
