<results>
	<result value='loss'/>
	<start value='2015-04-27.14:16:55'/>
	<end value='2015-04-27.14:17:03'/>
	<frames value='17982'/>
	<gameDuration value='1123'/>

	<player>
		<unitScore value='3600'/>
		<killScore value='1250'/>
		<buildingScore value='1525'/>
		<razingScore value='0'/>
		<mineralScore value='5250'/>
		<gasScore value='792'/>
		<totalScore value='12417'/>
	</player>

	<enemy>
		<race value='Terran'/>
		<unitScore value='6575'/>
		<unitScore value='6575'/>
		<killScore value='7200'/>
		<buildingScore value='2700'/>
		<razingScore value='4575'/>
		<mineralScore value='8226'/>
		<gasScore value='2888'/>
		<totalScore value='32164'/>
	</enemy>

	<scoreRatio value='0.386053'/>
</results>
