<results>
	<result value='loss'/>
	<start value='2015-04-13.21:31:56'/>
	<end value='2015-04-13.21:32:03'/>
	<frames value='15719'/>
	<gameDuration value='982'/>

	<player>
		<unitScore value='3725'/>
		<killScore value='600'/>
		<buildingScore value='1725'/>
		<razingScore value='0'/>
		<mineralScore value='5858'/>
		<gasScore value='824'/>
		<totalScore value='12732'/>
	</player>

	<enemy>
		<race value='Protoss'/>
		<unitScore value='3550'/>
		<unitScore value='3550'/>
		<killScore value='6800'/>
		<buildingScore value='3075'/>
		<razingScore value='5175'/>
		<mineralScore value='8282'/>
		<gasScore value='1496'/>
		<totalScore value='28378'/>
	</enemy>

	<scoreRatio value='0.448657'/>
</results>
