<results>
	<result value='win'/>
	<start value='2015-05-04.07:45:37'/>
	<end value='2015-05-04.07:46:19'/>
	<frames value='40829'/>
	<gameDuration value='2551'/>

	<player>
		<unitScore value='27975'/>
		<killScore value='39600'/>
		<buildingScore value='3675'/>
		<razingScore value='18075'/>
		<mineralScore value='30954'/>
		<gasScore value='2840'/>
		<totalScore value='123119'/>
	</player>

	<enemy>
		<race value='Protoss'/>
		<unitScore value='20700'/>
		<unitScore value='20700'/>
		<killScore value='32900'/>
		<buildingScore value='6025'/>
		<razingScore value='600'/>
		<mineralScore value='21906'/>
		<gasScore value='7104'/>
		<totalScore value='89235'/>
	</enemy>

	<scoreRatio value='1.37972'/>
	<timeFitness value='0.645694'/>
	<unitsAverage value='113'/>
</results>
