<results>
	<result value='loss'/>
	<start value='2015-05-11.02:14:04'/>
	<end value='2015-05-11.02:15:03'/>
	<frames value='47091'/>
	<gameDuration value='2943'/>

	<player>
		<unitScore value='24550'/>
		<killScore value='37150'/>
		<buildingScore value='2525'/>
		<razingScore value='3000'/>
		<mineralScore value='23182'/>
		<gasScore value='5066'/>
		<totalScore value='95473'/>
	</player>

	<enemy>
		<race value='Protoss'/>
		<unitScore value='38400'/>
		<unitScore value='38400'/>
		<killScore value='48950'/>
		<buildingScore value='8175'/>
		<razingScore value='7575'/>
		<mineralScore value='34010'/>
		<gasScore value='12514'/>
		<totalScore value='149624'/>
	</enemy>

	<scoreRatio value='0.638086'/>
	<timeFitness value='0.40875'/>
	<unitsAverage value='58'/>
</results>
