<results>
	<result value='win'/>
	<start value='2015-05-04.07:46:51'/>
	<end value='2015-05-04.07:47:32'/>
	<frames value='45386'/>
	<gameDuration value='2836'/>

	<player>
		<unitScore value='24150'/>
		<killScore value='40200'/>
		<buildingScore value='3850'/>
		<razingScore value='18675'/>
		<mineralScore value='27866'/>
		<gasScore value='5432'/>
		<totalScore value='120173'/>
	</player>

	<enemy>
		<race value='Protoss'/>
		<unitScore value='20750'/>
		<unitScore value='20750'/>
		<killScore value='33100'/>
		<buildingScore value='6225'/>
		<razingScore value='3900'/>
		<mineralScore value='21802'/>
		<gasScore value='8500'/>
		<totalScore value='94277'/>
	</enemy>

	<scoreRatio value='1.27468'/>
	<timeFitness value='0.606111'/>
	<unitsAverage value='99'/>
</results>
