<results>
	<result value='loss'/>
	<start value='2015-05-11.02:24:50'/>
	<end value='2015-05-11.02:25:24'/>
	<frames value='34815'/>
	<gameDuration value='2175'/>

	<player>
		<unitScore value='10350'/>
		<killScore value='12900'/>
		<buildingScore value='1950'/>
		<razingScore value='1200'/>
		<mineralScore value='15630'/>
		<gasScore value='672'/>
		<totalScore value='42702'/>
	</player>

	<enemy>
		<race value='Protoss'/>
		<unitScore value='19950'/>
		<unitScore value='19950'/>
		<killScore value='20700'/>
		<buildingScore value='7975'/>
		<razingScore value='5850'/>
		<mineralScore value='23222'/>
		<gasScore value='8608'/>
		<totalScore value='86305'/>
	</enemy>

	<scoreRatio value='0.49478'/>
	<timeFitness value='0.302083'/>
	<unitsAverage value='41'/>
</results>
