<results>
	<result value='loss'/>
	<start value='2015-05-09.21:28:05'/>
	<end value='2015-05-09.21:28:16'/>
	<frames value='13921'/>
	<gameDuration value='870'/>

	<player>
		<unitScore value='2000'/>
		<killScore value='1200'/>
		<buildingScore value='900'/>
		<razingScore value='0'/>
		<mineralScore value='2866'/>
		<gasScore value='472'/>
		<totalScore value='7438'/>
	</player>

	<enemy>
		<race value='Protoss'/>
		<unitScore value='3550'/>
		<unitScore value='3550'/>
		<killScore value='3750'/>
		<buildingScore value='2175'/>
		<razingScore value='2700'/>
		<mineralScore value='6890'/>
		<gasScore value='1112'/>
		<totalScore value='20177'/>
	</enemy>

	<scoreRatio value='0.368638'/>
	<timeFitness value='0.120833'/>
	<unitsAverage value='17'/>
</results>
