<results>
	<result value='loss'/>
	<start value='2015-05-09.21:28:39'/>
	<end value='2015-05-09.21:29:43'/>
	<frames value='49881'/>
	<gameDuration value='3117'/>

	<player>
		<unitScore value='18475'/>
		<killScore value='31750'/>
		<buildingScore value='2450'/>
		<razingScore value='5925'/>
		<mineralScore value='19750'/>
		<gasScore value='4176'/>
		<totalScore value='82526'/>
	</player>

	<enemy>
		<race value='Protoss'/>
		<unitScore value='31625'/>
		<unitScore value='31625'/>
		<killScore value='36950'/>
		<buildingScore value='8950'/>
		<razingScore value='7350'/>
		<mineralScore value='29418'/>
		<gasScore value='10370'/>
		<totalScore value='124663'/>
	</enemy>

	<scoreRatio value='0.661993'/>
	<timeFitness value='0.432917'/>
	<unitsAverage value='75'/>
</results>
