<results>
	<result value='win'/>
	<start value='2015-05-03.16:43:25'/>
	<end value='2015-05-03.16:43:53'/>
	<frames value='26414'/>
	<gameDuration value='1650'/>

	<player>
		<unitScore value='17075'/>
		<killScore value='14500'/>
		<buildingScore value='4775'/>
		<razingScore value='9375'/>
		<mineralScore value='24770'/>
		<gasScore value='2040'/>
		<totalScore value='72535'/>
	</player>

	<enemy>
		<race value='Protoss'/>
		<unitScore value='7250'/>
		<unitScore value='7250'/>
		<killScore value='11500'/>
		<buildingScore value='3125'/>
		<razingScore value='0'/>
		<mineralScore value='18018'/>
		<gasScore value='936'/>
		<totalScore value='40829'/>
	</enemy>

	<scoreRatio value='1.77656'/>
	<timeFitness value='0.770833'/>
	<unitsAverage value='101'/>
</results>
