<results>
	<result value='win'/>
	<start value='2015-05-03.16:47:52'/>
	<end value='2015-05-03.16:48:36'/>
	<frames value='37233'/>
	<gameDuration value='2327'/>

	<player>
		<unitScore value='21025'/>
		<killScore value='24000'/>
		<buildingScore value='4200'/>
		<razingScore value='15225'/>
		<mineralScore value='38718'/>
		<gasScore value='4232'/>
		<totalScore value='107400'/>
	</player>

	<enemy>
		<race value='Protoss'/>
		<unitScore value='13275'/>
		<unitScore value='13275'/>
		<killScore value='22400'/>
		<buildingScore value='5075'/>
		<razingScore value='150'/>
		<mineralScore value='13578'/>
		<gasScore value='4864'/>
		<totalScore value='59342'/>
	</enemy>

	<scoreRatio value='1.80985'/>
	<timeFitness value='0.676806'/>
	<unitsAverage value='115'/>
</results>
