<results>
	<result value='win'/>
	<start value='2015-05-03.16:48:51'/>
	<end value='2015-05-03.16:49:31'/>
	<frames value='34009'/>
	<gameDuration value='2125'/>

	<player>
		<unitScore value='23425'/>
		<killScore value='28550'/>
		<buildingScore value='3825'/>
		<razingScore value='18000'/>
		<mineralScore value='28054'/>
		<gasScore value='2424'/>
		<totalScore value='104278'/>
	</player>

	<enemy>
		<race value='Protoss'/>
		<unitScore value='14725'/>
		<unitScore value='14725'/>
		<killScore value='25700'/>
		<buildingScore value='6000'/>
		<razingScore value='0'/>
		<mineralScore value='21402'/>
		<gasScore value='3864'/>
		<totalScore value='71691'/>
	</enemy>

	<scoreRatio value='1.45455'/>
	<timeFitness value='0.704861'/>
	<unitsAverage value='108'/>
</results>
