<results>
	<result value='win'/>
	<start value='2015-04-11.05:58:28'/>
	<end value='2015-04-11.05:59:41'/>
	<frames value='34319'/>
	<gameDuration value='2144'/>

	<player>
		<unitScore value='18450'/>
		<killScore value='19750'/>
		<buildingScore value='3675'/>
		<razingScore value='20250'/>
		<mineralScore value='30810'/>
		<gasScore value='3552'/>
		<totalScore value='96487'/>
	</player>

	<enemy>
		<race value='Protoss'/>
		<unitScore value='9925'/>
		<unitScore value='9925'/>
		<killScore value='14400'/>
		<buildingScore value='6750'/>
		<razingScore value='0'/>
		<mineralScore value='17834'/>
		<gasScore value='5392'/>
		<totalScore value='54301'/>
	</enemy>

	<scoreRatio value='1.77689'/>
</results>
